warning, model type mismatch in line
    q121a nmiri nmiri nme1 ls350
warning, model type mismatch in line
    q121b nhi nmiri nme2 ls350

Note: No compatibility mode selected!


Circuit: tb_loop__g15_cf100p_cm560p_r1.69k.cir - l40 esplorazione da tb_loop.cir, rg0l40 fb 0 7.87k; alter r138 = 6.49k; alter c137 = 100p; alter c124 = 560p; alter r128 = 1.69k

Warning: Model issue on line 122 :
  .model lsk489a njf(beta=2.2m betatce=-.5 rd=11 rs=30 lambda=4.3m vto=-1. ...
unrecognized parameter (isr) - ignored
unrecognized parameter (alpha) - ignored
unrecognized parameter (vk) - ignored
unrecognized parameter (mj) - ignored

 Resistor: Simple linear resistor
     device                  r138
      model                     R
 resistance                  6490

 Capacitor: Fixed capacitor
     device                  c137
      model                     C
capacitance                 1e-10

 Capacitor: Fixed capacitor
     device                  c124
      model                     C
capacitance               5.6e-10

 Resistor: Simple linear resistor
     device                  r128
      model                     R
 resistance                  1690

 Resistor: Simple linear resistor
     device                rg0l40
      model                     R
 resistance                  7870

Doing analysis at TEMP = 27.000000 and TNOM = 27.000000

Using SPARSE 1.3 as Direct Linear Solver

No. of Data Rows : 801
fcross              =  6.44174e+05
pmarg               =  7.01831e+01
tdc                 =  7.96305e+01
mode=0db  rload=100k  rsrc=1m  pos=1  C=1f
fcross = 6.441736e+05
pmarg = 7.018306e+01
tdc = 7.963046e+01
Doing analysis at TEMP = 27.000000 and TNOM = 27.000000

Using SPARSE 1.3 as Direct Linear Solver

No. of Data Rows : 801
fcross              =  6.44833e+05
pmarg               =  7.00175e+01
tdc                 =  7.96305e+01
mode=0db  rload=100k  rsrc=1m  pos=1  C=47p
fcross = 6.448328e+05
pmarg = 7.001751e+01
tdc = 7.963046e+01
Doing analysis at TEMP = 27.000000 and TNOM = 27.000000

Using SPARSE 1.3 as Direct Linear Solver

No. of Data Rows : 801
fcross              =  6.45540e+05
pmarg               =  6.98298e+01
tdc                 =  7.96305e+01
mode=0db  rload=100k  rsrc=1m  pos=1  C=100p
fcross = 6.455397e+05
pmarg = 6.982980e+01
tdc = 7.963046e+01
Doing analysis at TEMP = 27.000000 and TNOM = 27.000000

Using SPARSE 1.3 as Direct Linear Solver

No. of Data Rows : 801
fcross              =  6.47025e+05
pmarg               =  6.94010e+01
tdc                 =  7.96305e+01
mode=0db  rload=100k  rsrc=1m  pos=1  C=220p
fcross = 6.470249e+05
pmarg = 6.940101e+01
tdc = 7.963046e+01
Doing analysis at TEMP = 27.000000 and TNOM = 27.000000

Using SPARSE 1.3 as Direct Linear Solver

No. of Data Rows : 801
fcross              =  6.49399e+05
pmarg               =  6.85026e+01
tdc                 =  7.96305e+01
mode=0db  rload=100k  rsrc=1m  pos=1  C=470p
fcross = 6.493994e+05
pmarg = 6.850256e+01
tdc = 7.963046e+01
Doing analysis at TEMP = 27.000000 and TNOM = 27.000000

Using SPARSE 1.3 as Direct Linear Solver

No. of Data Rows : 801
fcross              =  6.50966e+05
pmarg               =  6.66600e+01
tdc                 =  7.96305e+01
mode=0db  rload=100k  rsrc=1m  pos=1  C=1n
fcross = 6.509655e+05
pmarg = 6.665998e+01
tdc = 7.963046e+01
Doing analysis at TEMP = 27.000000 and TNOM = 27.000000

Using SPARSE 1.3 as Direct Linear Solver

No. of Data Rows : 801
fcross              =  6.48306e+05
pmarg               =  6.51299e+01
tdc                 =  7.96305e+01
mode=0db  rload=100k  rsrc=1m  pos=1  C=1.5n
fcross = 6.483064e+05
pmarg = 6.512991e+01
tdc = 7.963045e+01
Doing analysis at TEMP = 27.000000 and TNOM = 27.000000

Using SPARSE 1.3 as Direct Linear Solver

No. of Data Rows : 801
fcross              =  6.39709e+05
pmarg               =  6.34811e+01
tdc                 =  7.96305e+01
mode=0db  rload=100k  rsrc=1m  pos=1  C=2.2n
fcross = 6.397087e+05
pmarg = 6.348114e+01
tdc = 7.963045e+01
Doing analysis at TEMP = 27.000000 and TNOM = 27.000000

Using SPARSE 1.3 as Direct Linear Solver

No. of Data Rows : 801
fcross              =  6.31593e+05
pmarg               =  6.26627e+01
tdc                 =  7.96304e+01
mode=0db  rload=100k  rsrc=1m  pos=1  C=2.7n
fcross = 6.315931e+05
pmarg = 6.266266e+01
tdc = 7.963045e+01
Doing analysis at TEMP = 27.000000 and TNOM = 27.000000

Using SPARSE 1.3 as Direct Linear Solver

No. of Data Rows : 801
fcross              =  6.21252e+05
pmarg               =  6.20086e+01
tdc                 =  7.96304e+01
mode=0db  rload=100k  rsrc=1m  pos=1  C=3.3n
fcross = 6.212522e+05
pmarg = 6.200855e+01
tdc = 7.963044e+01
Doing analysis at TEMP = 27.000000 and TNOM = 27.000000

Using SPARSE 1.3 as Direct Linear Solver

No. of Data Rows : 801
fcross              =  5.98497e+05
pmarg               =  6.14309e+01
tdc                 =  7.96304e+01
mode=0db  rload=100k  rsrc=1m  pos=1  C=4.7n
fcross = 5.984970e+05
pmarg = 6.143090e+01
tdc = 7.963044e+01
Doing analysis at TEMP = 27.000000 and TNOM = 27.000000

Using SPARSE 1.3 as Direct Linear Solver

No. of Data Rows : 801
fcross              =  6.44174e+05
pmarg               =  7.01831e+01
tdc                 =  7.96305e+01
mode=0db  rload=100k  rsrc=1m  pos=2  C=1f
fcross = 6.441736e+05
pmarg = 7.018306e+01
tdc = 7.963046e+01
Doing analysis at TEMP = 27.000000 and TNOM = 27.000000

Using SPARSE 1.3 as Direct Linear Solver

No. of Data Rows : 801
fcross              =  6.44848e+05
pmarg               =  7.00174e+01
tdc                 =  7.96305e+01
mode=0db  rload=100k  rsrc=1m  pos=2  C=47p
fcross = 6.448484e+05
pmarg = 7.001744e+01
tdc = 7.963046e+01
Doing analysis at TEMP = 27.000000 and TNOM = 27.000000

Using SPARSE 1.3 as Direct Linear Solver

No. of Data Rows : 801
fcross              =  6.45609e+05
pmarg               =  6.98299e+01
tdc                 =  7.96305e+01
mode=0db  rload=100k  rsrc=1m  pos=2  C=100p
fcross = 6.456085e+05
pmarg = 6.982990e+01
tdc = 7.963046e+01
Doing analysis at TEMP = 27.000000 and TNOM = 27.000000

Using SPARSE 1.3 as Direct Linear Solver

No. of Data Rows : 801
fcross              =  6.47369e+05
pmarg               =  6.94014e+01
tdc                 =  7.96305e+01
mode=0db  rload=100k  rsrc=1m  pos=2  C=220p
fcross = 6.473687e+05
pmarg = 6.940138e+01
tdc = 7.963046e+01
Doing analysis at TEMP = 27.000000 and TNOM = 27.000000

Using SPARSE 1.3 as Direct Linear Solver

No. of Data Rows : 801
fcross              =  6.51022e+05
pmarg               =  6.84948e+01
tdc                 =  7.96305e+01
mode=0db  rload=100k  rsrc=1m  pos=2  C=470p
fcross = 6.510223e+05
pmarg = 6.849480e+01
tdc = 7.963045e+01
Doing analysis at TEMP = 27.000000 and TNOM = 27.000000

Using SPARSE 1.3 as Direct Linear Solver

No. of Data Rows : 801
fcross              =  6.58663e+05
pmarg               =  6.65114e+01
tdc                 =  7.96304e+01
mode=0db  rload=100k  rsrc=1m  pos=2  C=1n
fcross = 6.586628e+05
pmarg = 6.651136e+01
tdc = 7.963044e+01
Doing analysis at TEMP = 27.000000 and TNOM = 27.000000

Using SPARSE 1.3 as Direct Linear Solver

No. of Data Rows : 801
fcross              =  6.65814e+05
pmarg               =  6.45606e+01
tdc                 =  7.96304e+01
mode=0db  rload=100k  rsrc=1m  pos=2  C=1.5n
fcross = 6.658135e+05
pmarg = 6.456065e+01
tdc = 7.963043e+01
Doing analysis at TEMP = 27.000000 and TNOM = 27.000000

Using SPARSE 1.3 as Direct Linear Solver

No. of Data Rows : 801
fcross              =  6.75417e+05
pmarg               =  6.17088e+01
tdc                 =  7.96304e+01
mode=0db  rload=100k  rsrc=1m  pos=2  C=2.2n
fcross = 6.754174e+05
pmarg = 6.170882e+01
tdc = 7.963042e+01
Doing analysis at TEMP = 27.000000 and TNOM = 27.000000

Using SPARSE 1.3 as Direct Linear Solver

No. of Data Rows : 801
fcross              =  6.81968e+05
pmarg               =  5.95878e+01
tdc                 =  7.96304e+01
mode=0db  rload=100k  rsrc=1m  pos=2  C=2.7n
fcross = 6.819677e+05
pmarg = 5.958779e+01
tdc = 7.963041e+01
Doing analysis at TEMP = 27.000000 and TNOM = 27.000000

Using SPARSE 1.3 as Direct Linear Solver

No. of Data Rows : 801
fcross              =  6.89129e+05
pmarg               =  5.69710e+01
tdc                 =  7.96304e+01
mode=0db  rload=100k  rsrc=1m  pos=2  C=3.3n
fcross = 6.891290e+05
pmarg = 5.697100e+01
tdc = 7.963040e+01
Doing analysis at TEMP = 27.000000 and TNOM = 27.000000

Using SPARSE 1.3 as Direct Linear Solver

No. of Data Rows : 801
fcross              =  7.01987e+05
pmarg               =  5.06814e+01
tdc                 =  7.96304e+01
mode=0db  rload=100k  rsrc=1m  pos=2  C=4.7n
fcross = 7.019875e+05
pmarg = 5.068141e+01
tdc = 7.963037e+01
Doing analysis at TEMP = 27.000000 and TNOM = 27.000000

Using SPARSE 1.3 as Direct Linear Solver

No. of Data Rows : 801
fcross              =  6.44152e+05
pmarg               =  6.99805e+01
tdc                 =  7.96305e+01
mode=0db  rload=100k  rsrc=1k  pos=1  C=1f
fcross = 6.441519e+05
pmarg = 6.998054e+01
tdc = 7.963046e+01
Doing analysis at TEMP = 27.000000 and TNOM = 27.000000

Using SPARSE 1.3 as Direct Linear Solver

No. of Data Rows : 801
fcross              =  6.44811e+05
pmarg               =  6.98148e+01
tdc                 =  7.96305e+01
mode=0db  rload=100k  rsrc=1k  pos=1  C=47p
fcross = 6.448111e+05
pmarg = 6.981479e+01
tdc = 7.963046e+01
Doing analysis at TEMP = 27.000000 and TNOM = 27.000000

Using SPARSE 1.3 as Direct Linear Solver

No. of Data Rows : 801
fcross              =  6.45518e+05
pmarg               =  6.96269e+01
tdc                 =  7.96305e+01
mode=0db  rload=100k  rsrc=1k  pos=1  C=100p
fcross = 6.455179e+05
pmarg = 6.962686e+01
tdc = 7.963046e+01
Doing analysis at TEMP = 27.000000 and TNOM = 27.000000

Using SPARSE 1.3 as Direct Linear Solver

No. of Data Rows : 801
fcross              =  6.47002e+05
pmarg               =  6.91976e+01
tdc                 =  7.96305e+01
mode=0db  rload=100k  rsrc=1k  pos=1  C=220p
fcross = 6.470023e+05
pmarg = 6.919764e+01
tdc = 7.963046e+01
Doing analysis at TEMP = 27.000000 and TNOM = 27.000000

Using SPARSE 1.3 as Direct Linear Solver

No. of Data Rows : 801
fcross              =  6.49377e+05
pmarg               =  6.82985e+01
tdc                 =  7.96305e+01
mode=0db  rload=100k  rsrc=1k  pos=1  C=470p
fcross = 6.493767e+05
pmarg = 6.829847e+01
tdc = 7.963046e+01
Doing analysis at TEMP = 27.000000 and TNOM = 27.000000

Using SPARSE 1.3 as Direct Linear Solver

No. of Data Rows : 801
fcross              =  6.50943e+05
pmarg               =  6.64555e+01
tdc                 =  7.96305e+01
mode=0db  rload=100k  rsrc=1k  pos=1  C=1n
fcross = 6.509429e+05
pmarg = 6.645547e+01
tdc = 7.963046e+01
Doing analysis at TEMP = 27.000000 and TNOM = 27.000000

Using SPARSE 1.3 as Direct Linear Solver

No. of Data Rows : 801
fcross              =  6.48284e+05
pmarg               =  6.49263e+01
tdc                 =  7.96305e+01
mode=0db  rload=100k  rsrc=1k  pos=1  C=1.5n
fcross = 6.482845e+05
pmarg = 6.492627e+01
tdc = 7.963045e+01
Doing analysis at TEMP = 27.000000 and TNOM = 27.000000

Using SPARSE 1.3 as Direct Linear Solver

No. of Data Rows : 801
fcross              =  6.39689e+05
pmarg               =  6.32802e+01
tdc                 =  7.96305e+01
mode=0db  rload=100k  rsrc=1k  pos=1  C=2.2n
fcross = 6.396887e+05
pmarg = 6.328020e+01
tdc = 7.963045e+01
Doing analysis at TEMP = 27.000000 and TNOM = 27.000000

Using SPARSE 1.3 as Direct Linear Solver

No. of Data Rows : 801
fcross              =  6.31574e+05
pmarg               =  6.24643e+01
tdc                 =  7.96304e+01
mode=0db  rload=100k  rsrc=1k  pos=1  C=2.7n
fcross = 6.315741e+05
pmarg = 6.246426e+01
tdc = 7.963045e+01
Doing analysis at TEMP = 27.000000 and TNOM = 27.000000

Using SPARSE 1.3 as Direct Linear Solver

No. of Data Rows : 801
fcross              =  6.21235e+05
pmarg               =  6.18134e+01
tdc                 =  7.96304e+01
mode=0db  rload=100k  rsrc=1k  pos=1  C=3.3n
fcross = 6.212349e+05
pmarg = 6.181337e+01
tdc = 7.963044e+01
Doing analysis at TEMP = 27.000000 and TNOM = 27.000000

Using SPARSE 1.3 as Direct Linear Solver

No. of Data Rows : 801
fcross              =  5.98482e+05
pmarg               =  6.12428e+01
tdc                 =  7.96304e+01
mode=0db  rload=100k  rsrc=1k  pos=1  C=4.7n
fcross = 5.984822e+05
pmarg = 6.124279e+01
tdc = 7.963044e+01
Doing analysis at TEMP = 27.000000 and TNOM = 27.000000

Using SPARSE 1.3 as Direct Linear Solver

No. of Data Rows : 801
fcross              =  6.44152e+05
pmarg               =  6.99805e+01
tdc                 =  7.96305e+01
mode=0db  rload=100k  rsrc=1k  pos=2  C=1f
fcross = 6.441519e+05
pmarg = 6.998054e+01
tdc = 7.963046e+01
Doing analysis at TEMP = 27.000000 and TNOM = 27.000000

Using SPARSE 1.3 as Direct Linear Solver

No. of Data Rows : 801
fcross              =  6.44827e+05
pmarg               =  6.98147e+01
tdc                 =  7.96305e+01
mode=0db  rload=100k  rsrc=1k  pos=2  C=47p
fcross = 6.448266e+05
pmarg = 6.981471e+01
tdc = 7.963046e+01
Doing analysis at TEMP = 27.000000 and TNOM = 27.000000

Using SPARSE 1.3 as Direct Linear Solver

No. of Data Rows : 801
fcross              =  6.45587e+05
pmarg               =  6.96269e+01
tdc                 =  7.96305e+01
mode=0db  rload=100k  rsrc=1k  pos=2  C=100p
fcross = 6.455867e+05
pmarg = 6.962694e+01
tdc = 7.963046e+01
Doing analysis at TEMP = 27.000000 and TNOM = 27.000000

Using SPARSE 1.3 as Direct Linear Solver

No. of Data Rows : 801
fcross              =  6.47346e+05
pmarg               =  6.91979e+01
tdc                 =  7.96305e+01
mode=0db  rload=100k  rsrc=1k  pos=2  C=220p
fcross = 6.473461e+05
pmarg = 6.919790e+01
tdc = 7.963046e+01
Doing analysis at TEMP = 27.000000 and TNOM = 27.000000

Using SPARSE 1.3 as Direct Linear Solver

No. of Data Rows : 801
fcross              =  6.50999e+05
pmarg               =  6.82902e+01
tdc                 =  7.96305e+01
mode=0db  rload=100k  rsrc=1k  pos=2  C=470p
fcross = 6.509993e+05
pmarg = 6.829020e+01
tdc = 7.963045e+01
Doing analysis at TEMP = 27.000000 and TNOM = 27.000000

Using SPARSE 1.3 as Direct Linear Solver

No. of Data Rows : 801
fcross              =  6.58639e+05
pmarg               =  6.63044e+01
tdc                 =  7.96304e+01
mode=0db  rload=100k  rsrc=1k  pos=2  C=1n
fcross = 6.586390e+05
pmarg = 6.630444e+01
tdc = 7.963044e+01
Doing analysis at TEMP = 27.000000 and TNOM = 27.000000

Using SPARSE 1.3 as Direct Linear Solver

No. of Data Rows : 801
fcross              =  6.65788e+05
pmarg               =  6.43516e+01
tdc                 =  7.96304e+01
mode=0db  rload=100k  rsrc=1k  pos=2  C=1.5n
fcross = 6.657883e+05
pmarg = 6.435159e+01
tdc = 7.963043e+01
Doing analysis at TEMP = 27.000000 and TNOM = 27.000000

Using SPARSE 1.3 as Direct Linear Solver

No. of Data Rows : 801
fcross              =  6.75391e+05
pmarg               =  6.14969e+01
tdc                 =  7.96304e+01
mode=0db  rload=100k  rsrc=1k  pos=2  C=2.2n
fcross = 6.753912e+05
pmarg = 6.149688e+01
tdc = 7.963042e+01
Doing analysis at TEMP = 27.000000 and TNOM = 27.000000

Using SPARSE 1.3 as Direct Linear Solver

No. of Data Rows : 801
fcross              =  6.81940e+05
pmarg               =  5.93739e+01
tdc                 =  7.96304e+01
mode=0db  rload=100k  rsrc=1k  pos=2  C=2.7n
fcross = 6.819400e+05
pmarg = 5.937393e+01
tdc = 7.963041e+01
Doing analysis at TEMP = 27.000000 and TNOM = 27.000000

Using SPARSE 1.3 as Direct Linear Solver

No. of Data Rows : 801
fcross              =  6.89101e+05
pmarg               =  5.67550e+01
tdc                 =  7.96304e+01
mode=0db  rload=100k  rsrc=1k  pos=2  C=3.3n
fcross = 6.891007e+05
pmarg = 5.675503e+01
tdc = 7.963040e+01
Doing analysis at TEMP = 27.000000 and TNOM = 27.000000

Using SPARSE 1.3 as Direct Linear Solver

No. of Data Rows : 801
fcross              =  7.01958e+05
pmarg               =  5.04618e+01
tdc                 =  7.96304e+01
mode=0db  rload=100k  rsrc=1k  pos=2  C=4.7n
fcross = 7.019577e+05
pmarg = 5.046180e+01
tdc = 7.963037e+01
Doing analysis at TEMP = 27.000000 and TNOM = 27.000000

Using SPARSE 1.3 as Direct Linear Solver

No. of Data Rows : 801
fcross              =  6.44074e+05
pmarg               =  6.96788e+01
tdc                 =  7.96305e+01
mode=0db  rload=100k  rsrc=2.5k  pos=1  C=1f
fcross = 6.440742e+05
pmarg = 6.967885e+01
tdc = 7.963046e+01
Doing analysis at TEMP = 27.000000 and TNOM = 27.000000

Using SPARSE 1.3 as Direct Linear Solver

No. of Data Rows : 801
fcross              =  6.44733e+05
pmarg               =  6.95128e+01
tdc                 =  7.96305e+01
mode=0db  rload=100k  rsrc=2.5k  pos=1  C=47p
fcross = 6.447331e+05
pmarg = 6.951281e+01
tdc = 7.963046e+01
Doing analysis at TEMP = 27.000000 and TNOM = 27.000000

Using SPARSE 1.3 as Direct Linear Solver

No. of Data Rows : 801
fcross              =  6.45440e+05
pmarg               =  6.93246e+01
tdc                 =  7.96305e+01
mode=0db  rload=100k  rsrc=2.5k  pos=1  C=100p
fcross = 6.454396e+05
pmarg = 6.932458e+01
tdc = 7.963046e+01
Doing analysis at TEMP = 27.000000 and TNOM = 27.000000

Using SPARSE 1.3 as Direct Linear Solver

No. of Data Rows : 801
fcross              =  6.46921e+05
pmarg               =  6.88948e+01
tdc                 =  7.96305e+01
mode=0db  rload=100k  rsrc=2.5k  pos=1  C=220p
fcross = 6.469214e+05
pmarg = 6.889477e+01
tdc = 7.963046e+01
Doing analysis at TEMP = 27.000000 and TNOM = 27.000000

Using SPARSE 1.3 as Direct Linear Solver

No. of Data Rows : 801
fcross              =  6.49295e+05
pmarg               =  6.79946e+01
tdc                 =  7.96305e+01
mode=0db  rload=100k  rsrc=2.5k  pos=1  C=470p
fcross = 6.492948e+05
pmarg = 6.799463e+01
tdc = 7.963046e+01
Doing analysis at TEMP = 27.000000 and TNOM = 27.000000

Using SPARSE 1.3 as Direct Linear Solver

No. of Data Rows : 801
fcross              =  6.50861e+05
pmarg               =  6.61512e+01
tdc                 =  7.96305e+01
mode=0db  rload=100k  rsrc=2.5k  pos=1  C=1n
fcross = 6.508608e+05
pmarg = 6.615116e+01
tdc = 7.963046e+01
Doing analysis at TEMP = 27.000000 and TNOM = 27.000000

Using SPARSE 1.3 as Direct Linear Solver

No. of Data Rows : 801
fcross              =  6.48204e+05
pmarg               =  6.46234e+01
tdc                 =  7.96305e+01
mode=0db  rload=100k  rsrc=2.5k  pos=1  C=1.5n
fcross = 6.482044e+05
pmarg = 6.462338e+01
tdc = 7.963045e+01
Doing analysis at TEMP = 27.000000 and TNOM = 27.000000

Using SPARSE 1.3 as Direct Linear Solver

No. of Data Rows : 801
fcross              =  6.39615e+05
pmarg               =  6.29813e+01
tdc                 =  7.96304e+01
mode=0db  rload=100k  rsrc=2.5k  pos=1  C=2.2n
fcross = 6.396150e+05
pmarg = 6.298134e+01
tdc = 7.963045e+01
Doing analysis at TEMP = 27.000000 and TNOM = 27.000000

Using SPARSE 1.3 as Direct Linear Solver

No. of Data Rows : 801
fcross              =  6.31504e+05
pmarg               =  6.21691e+01
tdc                 =  7.96304e+01
mode=0db  rload=100k  rsrc=2.5k  pos=1  C=2.7n
fcross = 6.315041e+05
pmarg = 6.216915e+01
tdc = 7.963045e+01
Doing analysis at TEMP = 27.000000 and TNOM = 27.000000

Using SPARSE 1.3 as Direct Linear Solver

No. of Data Rows : 801
fcross              =  6.21170e+05
pmarg               =  6.15229e+01
tdc                 =  7.96304e+01
mode=0db  rload=100k  rsrc=2.5k  pos=1  C=3.3n
fcross = 6.211703e+05
pmarg = 6.152294e+01
tdc = 7.963044e+01
Doing analysis at TEMP = 27.000000 and TNOM = 27.000000

Using SPARSE 1.3 as Direct Linear Solver

No. of Data Rows : 801
fcross              =  5.98427e+05
pmarg               =  6.09627e+01
tdc                 =  7.96304e+01
mode=0db  rload=100k  rsrc=2.5k  pos=1  C=4.7n
fcross = 5.984271e+05
pmarg = 6.096268e+01
tdc = 7.963044e+01
Doing analysis at TEMP = 27.000000 and TNOM = 27.000000

Using SPARSE 1.3 as Direct Linear Solver

No. of Data Rows : 801
fcross              =  6.44074e+05
pmarg               =  6.96788e+01
tdc                 =  7.96305e+01
mode=0db  rload=100k  rsrc=2.5k  pos=2  C=1f
fcross = 6.440742e+05
pmarg = 6.967885e+01
tdc = 7.963046e+01
Doing analysis at TEMP = 27.000000 and TNOM = 27.000000

Using SPARSE 1.3 as Direct Linear Solver

No. of Data Rows : 801
fcross              =  6.44749e+05
pmarg               =  6.95127e+01
tdc                 =  7.96305e+01
mode=0db  rload=100k  rsrc=2.5k  pos=2  C=47p
fcross = 6.447486e+05
pmarg = 6.951273e+01
tdc = 7.963046e+01
Doing analysis at TEMP = 27.000000 and TNOM = 27.000000

Using SPARSE 1.3 as Direct Linear Solver

No. of Data Rows : 801
fcross              =  6.45508e+05
pmarg               =  6.93246e+01
tdc                 =  7.96305e+01
mode=0db  rload=100k  rsrc=2.5k  pos=2  C=100p
fcross = 6.455084e+05
pmarg = 6.932462e+01
tdc = 7.963046e+01
Doing analysis at TEMP = 27.000000 and TNOM = 27.000000

Using SPARSE 1.3 as Direct Linear Solver

No. of Data Rows : 801
fcross              =  6.47265e+05
pmarg               =  6.88949e+01
tdc                 =  7.96305e+01
mode=0db  rload=100k  rsrc=2.5k  pos=2  C=220p
fcross = 6.472651e+05
pmarg = 6.889487e+01
tdc = 7.963046e+01
Doing analysis at TEMP = 27.000000 and TNOM = 27.000000

Using SPARSE 1.3 as Direct Linear Solver

No. of Data Rows : 801
fcross              =  6.50917e+05
pmarg               =  6.79856e+01
tdc                 =  7.96305e+01
mode=0db  rload=100k  rsrc=2.5k  pos=2  C=470p
fcross = 6.509166e+05
pmarg = 6.798560e+01
tdc = 7.963045e+01
Doing analysis at TEMP = 27.000000 and TNOM = 27.000000

Using SPARSE 1.3 as Direct Linear Solver

No. of Data Rows : 801
fcross              =  6.58553e+05
pmarg               =  6.59966e+01
tdc                 =  7.96304e+01
mode=0db  rload=100k  rsrc=2.5k  pos=2  C=1n
fcross = 6.585527e+05
pmarg = 6.599660e+01
tdc = 7.963044e+01
Doing analysis at TEMP = 27.000000 and TNOM = 27.000000

Using SPARSE 1.3 as Direct Linear Solver

No. of Data Rows : 801
fcross              =  6.65696e+05
pmarg               =  6.40408e+01
tdc                 =  7.96304e+01
mode=0db  rload=100k  rsrc=2.5k  pos=2  C=1.5n
fcross = 6.656962e+05
pmarg = 6.404084e+01
tdc = 7.963043e+01
Doing analysis at TEMP = 27.000000 and TNOM = 27.000000

Using SPARSE 1.3 as Direct Linear Solver

No. of Data Rows : 801
fcross              =  6.75294e+05
pmarg               =  6.11822e+01
tdc                 =  7.96304e+01
mode=0db  rload=100k  rsrc=2.5k  pos=2  C=2.2n
fcross = 6.752944e+05
pmarg = 6.118221e+01
tdc = 7.963042e+01
Doing analysis at TEMP = 27.000000 and TNOM = 27.000000

Using SPARSE 1.3 as Direct Linear Solver

No. of Data Rows : 801
fcross              =  6.81837e+05
pmarg               =  5.90568e+01
tdc                 =  7.96304e+01
mode=0db  rload=100k  rsrc=2.5k  pos=2  C=2.7n
fcross = 6.818371e+05
pmarg = 5.905679e+01
tdc = 7.963041e+01
Doing analysis at TEMP = 27.000000 and TNOM = 27.000000

Using SPARSE 1.3 as Direct Linear Solver

No. of Data Rows : 801
fcross              =  6.88994e+05
pmarg               =  5.64351e+01
tdc                 =  7.96304e+01
mode=0db  rload=100k  rsrc=2.5k  pos=2  C=3.3n
fcross = 6.889943e+05
pmarg = 5.643514e+01
tdc = 7.963040e+01
Doing analysis at TEMP = 27.000000 and TNOM = 27.000000

Using SPARSE 1.3 as Direct Linear Solver

No. of Data Rows : 801
fcross              =  7.01843e+05
pmarg               =  5.01376e+01
tdc                 =  7.96304e+01
mode=0db  rload=100k  rsrc=2.5k  pos=2  C=4.7n
fcross = 7.018428e+05
pmarg = 5.013759e+01
tdc = 7.963037e+01
Doing analysis at TEMP = 27.000000 and TNOM = 27.000000

Using SPARSE 1.3 as Direct Linear Solver

No. of Data Rows : 801
fcross              =  6.44069e+05
pmarg               =  6.96646e+01
tdc                 =  7.96305e+01
mode=0db  rload=100k  rsrc=2.571k  pos=1  C=1f
fcross = 6.440692e+05
pmarg = 6.966463e+01
tdc = 7.963046e+01
Doing analysis at TEMP = 27.000000 and TNOM = 27.000000

Using SPARSE 1.3 as Direct Linear Solver
 Reference value :  7.24436e+04
No. of Data Rows : 801
fcross              =  6.44728e+05
pmarg               =  6.94986e+01
tdc                 =  7.96305e+01
mode=0db  rload=100k  rsrc=2.571k  pos=1  C=47p
fcross = 6.447281e+05
pmarg = 6.949858e+01
tdc = 7.963046e+01
Doing analysis at TEMP = 27.000000 and TNOM = 27.000000

Using SPARSE 1.3 as Direct Linear Solver

No. of Data Rows : 801
fcross              =  6.45435e+05
pmarg               =  6.93103e+01
tdc                 =  7.96305e+01
mode=0db  rload=100k  rsrc=2.571k  pos=1  C=100p
fcross = 6.454346e+05
pmarg = 6.931034e+01
tdc = 7.963046e+01
Doing analysis at TEMP = 27.000000 and TNOM = 27.000000

Using SPARSE 1.3 as Direct Linear Solver

No. of Data Rows : 801
fcross              =  6.46916e+05
pmarg               =  6.88805e+01
tdc                 =  7.96305e+01
mode=0db  rload=100k  rsrc=2.571k  pos=1  C=220p
fcross = 6.469162e+05
pmarg = 6.888050e+01
tdc = 7.963046e+01
Doing analysis at TEMP = 27.000000 and TNOM = 27.000000

Using SPARSE 1.3 as Direct Linear Solver

No. of Data Rows : 801
fcross              =  6.49290e+05
pmarg               =  6.79803e+01
tdc                 =  7.96305e+01
mode=0db  rload=100k  rsrc=2.571k  pos=1  C=470p
fcross = 6.492895e+05
pmarg = 6.798032e+01
tdc = 7.963046e+01
Doing analysis at TEMP = 27.000000 and TNOM = 27.000000

Using SPARSE 1.3 as Direct Linear Solver

No. of Data Rows : 801
fcross              =  6.50856e+05
pmarg               =  6.61368e+01
tdc                 =  7.96305e+01
mode=0db  rload=100k  rsrc=2.571k  pos=1  C=1n
fcross = 6.508555e+05
pmarg = 6.613684e+01
tdc = 7.963046e+01
Doing analysis at TEMP = 27.000000 and TNOM = 27.000000

Using SPARSE 1.3 as Direct Linear Solver

No. of Data Rows : 801
fcross              =  6.48199e+05
pmarg               =  6.46091e+01
tdc                 =  7.96305e+01
mode=0db  rload=100k  rsrc=2.571k  pos=1  C=1.5n
fcross = 6.481992e+05
pmarg = 6.460912e+01
tdc = 7.963045e+01
Doing analysis at TEMP = 27.000000 and TNOM = 27.000000

Using SPARSE 1.3 as Direct Linear Solver

No. of Data Rows : 801
fcross              =  6.39610e+05
pmarg               =  6.29673e+01
tdc                 =  7.96304e+01
mode=0db  rload=100k  rsrc=2.571k  pos=1  C=2.2n
fcross = 6.396103e+05
pmarg = 6.296727e+01
tdc = 7.963045e+01
Doing analysis at TEMP = 27.000000 and TNOM = 27.000000

Using SPARSE 1.3 as Direct Linear Solver

No. of Data Rows : 801
fcross              =  6.31500e+05
pmarg               =  6.21553e+01
tdc                 =  7.96304e+01
mode=0db  rload=100k  rsrc=2.571k  pos=1  C=2.7n
fcross = 6.314995e+05
pmarg = 6.215526e+01
tdc = 7.963045e+01
Doing analysis at TEMP = 27.000000 and TNOM = 27.000000

Using SPARSE 1.3 as Direct Linear Solver

No. of Data Rows : 801
fcross              =  6.21166e+05
pmarg               =  6.15093e+01
tdc                 =  7.96304e+01
mode=0db  rload=100k  rsrc=2.571k  pos=1  C=3.3n
fcross = 6.211661e+05
pmarg = 6.150927e+01
tdc = 7.963044e+01
Doing analysis at TEMP = 27.000000 and TNOM = 27.000000

Using SPARSE 1.3 as Direct Linear Solver

No. of Data Rows : 801
fcross              =  5.98423e+05
pmarg               =  6.09495e+01
tdc                 =  7.96304e+01
mode=0db  rload=100k  rsrc=2.571k  pos=1  C=4.7n
fcross = 5.984235e+05
pmarg = 6.094948e+01
tdc = 7.963044e+01
Doing analysis at TEMP = 27.000000 and TNOM = 27.000000

Using SPARSE 1.3 as Direct Linear Solver

No. of Data Rows : 801
fcross              =  6.44069e+05
pmarg               =  6.96646e+01
tdc                 =  7.96305e+01
mode=0db  rload=100k  rsrc=2.571k  pos=2  C=1f
fcross = 6.440692e+05
pmarg = 6.966463e+01
tdc = 7.963046e+01
Doing analysis at TEMP = 27.000000 and TNOM = 27.000000

Using SPARSE 1.3 as Direct Linear Solver

No. of Data Rows : 801
fcross              =  6.44744e+05
pmarg               =  6.94985e+01
tdc                 =  7.96305e+01
mode=0db  rload=100k  rsrc=2.571k  pos=2  C=47p
fcross = 6.447436e+05
pmarg = 6.949850e+01
tdc = 7.963046e+01
Doing analysis at TEMP = 27.000000 and TNOM = 27.000000

Using SPARSE 1.3 as Direct Linear Solver

No. of Data Rows : 801
fcross              =  6.45503e+05
pmarg               =  6.93104e+01
tdc                 =  7.96305e+01
mode=0db  rload=100k  rsrc=2.571k  pos=2  C=100p
fcross = 6.455034e+05
pmarg = 6.931038e+01
tdc = 7.963046e+01
Doing analysis at TEMP = 27.000000 and TNOM = 27.000000

Using SPARSE 1.3 as Direct Linear Solver

No. of Data Rows : 801
fcross              =  6.47260e+05
pmarg               =  6.88806e+01
tdc                 =  7.96305e+01
mode=0db  rload=100k  rsrc=2.571k  pos=2  C=220p
fcross = 6.472598e+05
pmarg = 6.888059e+01
tdc = 7.963046e+01
Doing analysis at TEMP = 27.000000 and TNOM = 27.000000

Using SPARSE 1.3 as Direct Linear Solver

No. of Data Rows : 801
fcross              =  6.50911e+05
pmarg               =  6.79713e+01
tdc                 =  7.96305e+01
mode=0db  rload=100k  rsrc=2.571k  pos=2  C=470p
fcross = 6.509113e+05
pmarg = 6.797125e+01
tdc = 7.963045e+01
Doing analysis at TEMP = 27.000000 and TNOM = 27.000000

Using SPARSE 1.3 as Direct Linear Solver

No. of Data Rows : 801
fcross              =  6.58547e+05
pmarg               =  6.59821e+01
tdc                 =  7.96304e+01
mode=0db  rload=100k  rsrc=2.571k  pos=2  C=1n
fcross = 6.585472e+05
pmarg = 6.598211e+01
tdc = 7.963044e+01
Doing analysis at TEMP = 27.000000 and TNOM = 27.000000

Using SPARSE 1.3 as Direct Linear Solver

No. of Data Rows : 801
fcross              =  6.65690e+05
pmarg               =  6.40262e+01
tdc                 =  7.96304e+01
mode=0db  rload=100k  rsrc=2.571k  pos=2  C=1.5n
fcross = 6.656902e+05
pmarg = 6.402622e+01
tdc = 7.963043e+01
Doing analysis at TEMP = 27.000000 and TNOM = 27.000000

Using SPARSE 1.3 as Direct Linear Solver

No. of Data Rows : 801
fcross              =  6.75288e+05
pmarg               =  6.11674e+01
tdc                 =  7.96304e+01
mode=0db  rload=100k  rsrc=2.571k  pos=2  C=2.2n
fcross = 6.752882e+05
pmarg = 6.116742e+01
tdc = 7.963042e+01
Doing analysis at TEMP = 27.000000 and TNOM = 27.000000

Using SPARSE 1.3 as Direct Linear Solver

No. of Data Rows : 801
fcross              =  6.81830e+05
pmarg               =  5.90419e+01
tdc                 =  7.96304e+01
mode=0db  rload=100k  rsrc=2.571k  pos=2  C=2.7n
fcross = 6.818304e+05
pmarg = 5.904189e+01
tdc = 7.963041e+01
Doing analysis at TEMP = 27.000000 and TNOM = 27.000000

Using SPARSE 1.3 as Direct Linear Solver

No. of Data Rows : 801
fcross              =  6.88987e+05
pmarg               =  5.64201e+01
tdc                 =  7.96304e+01
mode=0db  rload=100k  rsrc=2.571k  pos=2  C=3.3n
fcross = 6.889874e+05
pmarg = 5.642012e+01
tdc = 7.963040e+01
Doing analysis at TEMP = 27.000000 and TNOM = 27.000000

Using SPARSE 1.3 as Direct Linear Solver

No. of Data Rows : 801
fcross              =  7.01835e+05
pmarg               =  5.01224e+01
tdc                 =  7.96304e+01
mode=0db  rload=100k  rsrc=2.571k  pos=2  C=4.7n
fcross = 7.018353e+05
pmarg = 5.012241e+01
tdc = 7.963037e+01
Doing analysis at TEMP = 27.000000 and TNOM = 27.000000

Using SPARSE 1.3 as Direct Linear Solver

No. of Data Rows : 801
fcross              =  6.44066e+05
pmarg               =  6.96566e+01
tdc                 =  7.96305e+01
mode=0db  rload=100k  rsrc=2.611k  pos=1  C=1f
fcross = 6.440663e+05
pmarg = 6.965663e+01
tdc = 7.963046e+01
Doing analysis at TEMP = 27.000000 and TNOM = 27.000000

Using SPARSE 1.3 as Direct Linear Solver

No. of Data Rows : 801
fcross              =  6.44725e+05
pmarg               =  6.94906e+01
tdc                 =  7.96305e+01
mode=0db  rload=100k  rsrc=2.611k  pos=1  C=47p
fcross = 6.447252e+05
pmarg = 6.949057e+01
tdc = 7.963046e+01
Doing analysis at TEMP = 27.000000 and TNOM = 27.000000

Using SPARSE 1.3 as Direct Linear Solver

No. of Data Rows : 801
fcross              =  6.45432e+05
pmarg               =  6.93023e+01
tdc                 =  7.96305e+01
mode=0db  rload=100k  rsrc=2.611k  pos=1  C=100p
fcross = 6.454317e+05
pmarg = 6.930232e+01
tdc = 7.963046e+01
Doing analysis at TEMP = 27.000000 and TNOM = 27.000000

Using SPARSE 1.3 as Direct Linear Solver

No. of Data Rows : 801
fcross              =  6.46913e+05
pmarg               =  6.88725e+01
tdc                 =  7.96305e+01
mode=0db  rload=100k  rsrc=2.611k  pos=1  C=220p
fcross = 6.469132e+05
pmarg = 6.887246e+01
tdc = 7.963046e+01
Doing analysis at TEMP = 27.000000 and TNOM = 27.000000

Using SPARSE 1.3 as Direct Linear Solver

No. of Data Rows : 801
fcross              =  6.49286e+05
pmarg               =  6.79723e+01
tdc                 =  7.96305e+01
mode=0db  rload=100k  rsrc=2.611k  pos=1  C=470p
fcross = 6.492865e+05
pmarg = 6.797226e+01
tdc = 7.963046e+01
Doing analysis at TEMP = 27.000000 and TNOM = 27.000000

Using SPARSE 1.3 as Direct Linear Solver

No. of Data Rows : 801
fcross              =  6.50852e+05
pmarg               =  6.61288e+01
tdc                 =  7.96305e+01
mode=0db  rload=100k  rsrc=2.611k  pos=1  C=1n
fcross = 6.508525e+05
pmarg = 6.612877e+01
tdc = 7.963046e+01
Doing analysis at TEMP = 27.000000 and TNOM = 27.000000

Using SPARSE 1.3 as Direct Linear Solver

No. of Data Rows : 801
fcross              =  6.48196e+05
pmarg               =  6.46011e+01
tdc                 =  7.96305e+01
mode=0db  rload=100k  rsrc=2.611k  pos=1  C=1.5n
fcross = 6.481962e+05
pmarg = 6.460109e+01
tdc = 7.963045e+01
Doing analysis at TEMP = 27.000000 and TNOM = 27.000000

Using SPARSE 1.3 as Direct Linear Solver

No. of Data Rows : 801
fcross              =  6.39608e+05
pmarg               =  6.29593e+01
tdc                 =  7.96304e+01
mode=0db  rload=100k  rsrc=2.611k  pos=1  C=2.2n
fcross = 6.396075e+05
pmarg = 6.295935e+01
tdc = 7.963045e+01
Doing analysis at TEMP = 27.000000 and TNOM = 27.000000

Using SPARSE 1.3 as Direct Linear Solver

No. of Data Rows : 801
fcross              =  6.31497e+05
pmarg               =  6.21474e+01
tdc                 =  7.96304e+01
mode=0db  rload=100k  rsrc=2.611k  pos=1  C=2.7n
fcross = 6.314969e+05
pmarg = 6.214743e+01
tdc = 7.963045e+01
Doing analysis at TEMP = 27.000000 and TNOM = 27.000000

Using SPARSE 1.3 as Direct Linear Solver

No. of Data Rows : 801
fcross              =  6.21164e+05
pmarg               =  6.15016e+01
tdc                 =  7.96304e+01
mode=0db  rload=100k  rsrc=2.611k  pos=1  C=3.3n
fcross = 6.211637e+05
pmarg = 6.150156e+01
tdc = 7.963044e+01
Doing analysis at TEMP = 27.000000 and TNOM = 27.000000

Using SPARSE 1.3 as Direct Linear Solver

No. of Data Rows : 801
fcross              =  5.98421e+05
pmarg               =  6.09421e+01
tdc                 =  7.96304e+01
mode=0db  rload=100k  rsrc=2.611k  pos=1  C=4.7n
fcross = 5.984214e+05
pmarg = 6.094205e+01
tdc = 7.963044e+01
Doing analysis at TEMP = 27.000000 and TNOM = 27.000000

Using SPARSE 1.3 as Direct Linear Solver

No. of Data Rows : 801
fcross              =  6.44066e+05
pmarg               =  6.96566e+01
tdc                 =  7.96305e+01
mode=0db  rload=100k  rsrc=2.611k  pos=2  C=1f
fcross = 6.440663e+05
pmarg = 6.965663e+01
tdc = 7.963046e+01
Doing analysis at TEMP = 27.000000 and TNOM = 27.000000

Using SPARSE 1.3 as Direct Linear Solver

No. of Data Rows : 801
fcross              =  6.44741e+05
pmarg               =  6.94905e+01
tdc                 =  7.96305e+01
mode=0db  rload=100k  rsrc=2.611k  pos=2  C=47p
fcross = 6.447407e+05
pmarg = 6.949048e+01
tdc = 7.963046e+01
Doing analysis at TEMP = 27.000000 and TNOM = 27.000000

Using SPARSE 1.3 as Direct Linear Solver

No. of Data Rows : 801
fcross              =  6.45500e+05
pmarg               =  6.93024e+01
tdc                 =  7.96305e+01
mode=0db  rload=100k  rsrc=2.611k  pos=2  C=100p
fcross = 6.455005e+05
pmarg = 6.930236e+01
tdc = 7.963046e+01
Doing analysis at TEMP = 27.000000 and TNOM = 27.000000

Using SPARSE 1.3 as Direct Linear Solver

No. of Data Rows : 801
fcross              =  6.47257e+05
pmarg               =  6.88726e+01
tdc                 =  7.96305e+01
mode=0db  rload=100k  rsrc=2.611k  pos=2  C=220p
fcross = 6.472568e+05
pmarg = 6.887255e+01
tdc = 7.963046e+01
Doing analysis at TEMP = 27.000000 and TNOM = 27.000000

Using SPARSE 1.3 as Direct Linear Solver

No. of Data Rows : 801
fcross              =  6.50908e+05
pmarg               =  6.79632e+01
tdc                 =  7.96305e+01
mode=0db  rload=100k  rsrc=2.611k  pos=2  C=470p
fcross = 6.509082e+05
pmarg = 6.796317e+01
tdc = 7.963045e+01
Doing analysis at TEMP = 27.000000 and TNOM = 27.000000

Using SPARSE 1.3 as Direct Linear Solver

No. of Data Rows : 801
fcross              =  6.58544e+05
pmarg               =  6.59739e+01
tdc                 =  7.96304e+01
mode=0db  rload=100k  rsrc=2.611k  pos=2  C=1n
fcross = 6.585440e+05
pmarg = 6.597395e+01
tdc = 7.963044e+01
Doing analysis at TEMP = 27.000000 and TNOM = 27.000000

Using SPARSE 1.3 as Direct Linear Solver

No. of Data Rows : 801
fcross              =  6.65687e+05
pmarg               =  6.40180e+01
tdc                 =  7.96304e+01
mode=0db  rload=100k  rsrc=2.611k  pos=2  C=1.5n
fcross = 6.656868e+05
pmarg = 6.401799e+01
tdc = 7.963043e+01
Doing analysis at TEMP = 27.000000 and TNOM = 27.000000

Using SPARSE 1.3 as Direct Linear Solver

No. of Data Rows : 801
fcross              =  6.75285e+05
pmarg               =  6.11591e+01
tdc                 =  7.96304e+01
mode=0db  rload=100k  rsrc=2.611k  pos=2  C=2.2n
fcross = 6.752846e+05
pmarg = 6.115909e+01
tdc = 7.963042e+01
Doing analysis at TEMP = 27.000000 and TNOM = 27.000000

Using SPARSE 1.3 as Direct Linear Solver

No. of Data Rows : 801
fcross              =  6.81827e+05
pmarg               =  5.90335e+01
tdc                 =  7.96304e+01
mode=0db  rload=100k  rsrc=2.611k  pos=2  C=2.7n
fcross = 6.818266e+05
pmarg = 5.903350e+01
tdc = 7.963041e+01
Doing analysis at TEMP = 27.000000 and TNOM = 27.000000

Using SPARSE 1.3 as Direct Linear Solver

No. of Data Rows : 801
fcross              =  6.88983e+05
pmarg               =  5.64117e+01
tdc                 =  7.96304e+01
mode=0db  rload=100k  rsrc=2.611k  pos=2  C=3.3n
fcross = 6.889834e+05
pmarg = 5.641167e+01
tdc = 7.963040e+01
Doing analysis at TEMP = 27.000000 and TNOM = 27.000000

Using SPARSE 1.3 as Direct Linear Solver

No. of Data Rows : 801
fcross              =  7.01831e+05
pmarg               =  5.01139e+01
tdc                 =  7.96304e+01
mode=0db  rload=100k  rsrc=2.611k  pos=2  C=4.7n
fcross = 7.018310e+05
pmarg = 5.011386e+01
tdc = 7.963037e+01
Doing analysis at TEMP = 27.000000 and TNOM = 27.000000

Using SPARSE 1.3 as Direct Linear Solver

No. of Data Rows : 801
fcross              =  6.43412e+05
pmarg               =  7.01739e+01
tdc                 =  7.94467e+01
mode=0db  rload=10k  rsrc=1m  pos=1  C=1f
fcross = 6.434117e+05
pmarg = 7.017394e+01
tdc = 7.944669e+01
Doing analysis at TEMP = 27.000000 and TNOM = 27.000000

Using SPARSE 1.3 as Direct Linear Solver

No. of Data Rows : 801
fcross              =  6.44062e+05
pmarg               =  7.00102e+01
tdc                 =  7.94467e+01
mode=0db  rload=10k  rsrc=1m  pos=1  C=47p
fcross = 6.440623e+05
pmarg = 7.001018e+01
tdc = 7.944669e+01
Doing analysis at TEMP = 27.000000 and TNOM = 27.000000

Using SPARSE 1.3 as Direct Linear Solver

No. of Data Rows : 801
fcross              =  6.44760e+05
pmarg               =  6.98245e+01
tdc                 =  7.94467e+01
mode=0db  rload=10k  rsrc=1m  pos=1  C=100p
fcross = 6.447600e+05
pmarg = 6.982451e+01
tdc = 7.944670e+01
Doing analysis at TEMP = 27.000000 and TNOM = 27.000000

Using SPARSE 1.3 as Direct Linear Solver

No. of Data Rows : 801
fcross              =  6.46207e+05
pmarg               =  6.94008e+01
tdc                 =  7.94467e+01
mode=0db  rload=10k  rsrc=1m  pos=1  C=220p
fcross = 6.462066e+05
pmarg = 6.940084e+01
tdc = 7.944671e+01
Doing analysis at TEMP = 27.000000 and TNOM = 27.000000

Using SPARSE 1.3 as Direct Linear Solver

No. of Data Rows : 801
fcross              =  6.48554e+05
pmarg               =  6.85124e+01
tdc                 =  7.94467e+01
mode=0db  rload=10k  rsrc=1m  pos=1  C=470p
fcross = 6.485542e+05
pmarg = 6.851241e+01
tdc = 7.944672e+01
Doing analysis at TEMP = 27.000000 and TNOM = 27.000000

Using SPARSE 1.3 as Direct Linear Solver

No. of Data Rows : 801
fcross              =  6.50124e+05
pmarg               =  6.66897e+01
tdc                 =  7.94468e+01
mode=0db  rload=10k  rsrc=1m  pos=1  C=1n
fcross = 6.501244e+05
pmarg = 6.668969e+01
tdc = 7.944675e+01
Doing analysis at TEMP = 27.000000 and TNOM = 27.000000

Using SPARSE 1.3 as Direct Linear Solver

No. of Data Rows : 801
fcross              =  6.47537e+05
pmarg               =  6.51737e+01
tdc                 =  7.94468e+01
mode=0db  rload=10k  rsrc=1m  pos=1  C=1.5n
fcross = 6.475366e+05
pmarg = 6.517372e+01
tdc = 7.944679e+01
Doing analysis at TEMP = 27.000000 and TNOM = 27.000000

Using SPARSE 1.3 as Direct Linear Solver

No. of Data Rows : 801
fcross              =  6.39111e+05
pmarg               =  6.35346e+01
tdc                 =  7.94468e+01
mode=0db  rload=10k  rsrc=1m  pos=1  C=2.2n
fcross = 6.391111e+05
pmarg = 6.353459e+01
tdc = 7.944683e+01
Doing analysis at TEMP = 27.000000 and TNOM = 27.000000

Using SPARSE 1.3 as Direct Linear Solver

No. of Data Rows : 801
fcross              =  6.31112e+05
pmarg               =  6.27178e+01
tdc                 =  7.94469e+01
mode=0db  rload=10k  rsrc=1m  pos=1  C=2.7n
fcross = 6.311118e+05
pmarg = 6.271780e+01
tdc = 7.944686e+01
Doing analysis at TEMP = 27.000000 and TNOM = 27.000000

Using SPARSE 1.3 as Direct Linear Solver

No. of Data Rows : 801
fcross              =  6.20903e+05
pmarg               =  6.20617e+01
tdc                 =  7.94469e+01
mode=0db  rload=10k  rsrc=1m  pos=1  C=3.3n
fcross = 6.209034e+05
pmarg = 6.206173e+01
tdc = 7.944690e+01
Doing analysis at TEMP = 27.000000 and TNOM = 27.000000

Using SPARSE 1.3 as Direct Linear Solver

No. of Data Rows : 801
fcross              =  5.98353e+05
pmarg               =  6.14740e+01
tdc                 =  7.94470e+01
mode=0db  rload=10k  rsrc=1m  pos=1  C=4.7n
fcross = 5.983533e+05
pmarg = 6.147400e+01
tdc = 7.944699e+01
Doing analysis at TEMP = 27.000000 and TNOM = 27.000000

Using SPARSE 1.3 as Direct Linear Solver

No. of Data Rows : 801
fcross              =  6.43412e+05
pmarg               =  7.01739e+01
tdc                 =  7.94467e+01
mode=0db  rload=10k  rsrc=1m  pos=2  C=1f
fcross = 6.434117e+05
pmarg = 7.017394e+01
tdc = 7.944669e+01
Doing analysis at TEMP = 27.000000 and TNOM = 27.000000

Using SPARSE 1.3 as Direct Linear Solver

No. of Data Rows : 801
fcross              =  6.44083e+05
pmarg               =  7.00087e+01
tdc                 =  7.94467e+01
mode=0db  rload=10k  rsrc=1m  pos=2  C=47p
fcross = 6.440832e+05
pmarg = 7.000871e+01
tdc = 7.944669e+01
Doing analysis at TEMP = 27.000000 and TNOM = 27.000000

Using SPARSE 1.3 as Direct Linear Solver

No. of Data Rows : 801
fcross              =  6.44840e+05
pmarg               =  6.98216e+01
tdc                 =  7.94467e+01
mode=0db  rload=10k  rsrc=1m  pos=2  C=100p
fcross = 6.448396e+05
pmarg = 6.982162e+01
tdc = 7.944669e+01
Doing analysis at TEMP = 27.000000 and TNOM = 27.000000

Using SPARSE 1.3 as Direct Linear Solver

No. of Data Rows : 801
fcross              =  6.46572e+05
pmarg               =  6.93946e+01
tdc                 =  7.94467e+01
mode=0db  rload=10k  rsrc=1m  pos=2  C=220p
fcross = 6.465716e+05
pmarg = 6.939456e+01
tdc = 7.944669e+01
Doing analysis at TEMP = 27.000000 and TNOM = 27.000000

Using SPARSE 1.3 as Direct Linear Solver

No. of Data Rows : 801
fcross              =  6.50207e+05
pmarg               =  6.84903e+01
tdc                 =  7.94467e+01
mode=0db  rload=10k  rsrc=1m  pos=2  C=470p
fcross = 6.502065e+05
pmarg = 6.849030e+01
tdc = 7.944668e+01
Doing analysis at TEMP = 27.000000 and TNOM = 27.000000

Using SPARSE 1.3 as Direct Linear Solver

No. of Data Rows : 801
fcross              =  6.57807e+05
pmarg               =  6.65123e+01
tdc                 =  7.94467e+01
mode=0db  rload=10k  rsrc=1m  pos=2  C=1n
fcross = 6.578069e+05
pmarg = 6.651226e+01
tdc = 7.944667e+01
Doing analysis at TEMP = 27.000000 and TNOM = 27.000000

Using SPARSE 1.3 as Direct Linear Solver

No. of Data Rows : 801
fcross              =  6.64894e+05
pmarg               =  6.45680e+01
tdc                 =  7.94467e+01
mode=0db  rload=10k  rsrc=1m  pos=2  C=1.5n
fcross = 6.648941e+05
pmarg = 6.456803e+01
tdc = 7.944666e+01
Doing analysis at TEMP = 27.000000 and TNOM = 27.000000

Using SPARSE 1.3 as Direct Linear Solver

No. of Data Rows : 801
fcross              =  6.74443e+05
pmarg               =  6.17254e+01
tdc                 =  7.94466e+01
mode=0db  rload=10k  rsrc=1m  pos=2  C=2.2n
fcross = 6.744428e+05
pmarg = 6.172538e+01
tdc = 7.944665e+01
Doing analysis at TEMP = 27.000000 and TNOM = 27.000000

Using SPARSE 1.3 as Direct Linear Solver

No. of Data Rows : 801
fcross              =  6.80924e+05
pmarg               =  5.96130e+01
tdc                 =  7.94466e+01
mode=0db  rload=10k  rsrc=1m  pos=2  C=2.7n
fcross = 6.809241e+05
pmarg = 5.961299e+01
tdc = 7.944664e+01
Doing analysis at TEMP = 27.000000 and TNOM = 27.000000

Using SPARSE 1.3 as Direct Linear Solver

No. of Data Rows : 801
fcross              =  6.88042e+05
pmarg               =  5.70058e+01
tdc                 =  7.94466e+01
mode=0db  rload=10k  rsrc=1m  pos=2  C=3.3n
fcross = 6.880421e+05
pmarg = 5.700583e+01
tdc = 7.944663e+01
Doing analysis at TEMP = 27.000000 and TNOM = 27.000000

Using SPARSE 1.3 as Direct Linear Solver

No. of Data Rows : 801
fcross              =  7.00791e+05
pmarg               =  5.07430e+01
tdc                 =  7.94466e+01
mode=0db  rload=10k  rsrc=1m  pos=2  C=4.7n
fcross = 7.007914e+05
pmarg = 5.074300e+01
tdc = 7.944660e+01
Doing analysis at TEMP = 27.000000 and TNOM = 27.000000

Using SPARSE 1.3 as Direct Linear Solver

No. of Data Rows : 801
fcross              =  6.43390e+05
pmarg               =  6.99717e+01
tdc                 =  7.94467e+01
mode=0db  rload=10k  rsrc=1k  pos=1  C=1f
fcross = 6.433901e+05
pmarg = 6.997166e+01
tdc = 7.944669e+01
Doing analysis at TEMP = 27.000000 and TNOM = 27.000000

Using SPARSE 1.3 as Direct Linear Solver

No. of Data Rows : 801
fcross              =  6.44041e+05
pmarg               =  6.98077e+01
tdc                 =  7.94467e+01
mode=0db  rload=10k  rsrc=1k  pos=1  C=47p
fcross = 6.440406e+05
pmarg = 6.980770e+01
tdc = 7.944669e+01
Doing analysis at TEMP = 27.000000 and TNOM = 27.000000

Using SPARSE 1.3 as Direct Linear Solver

No. of Data Rows : 801
fcross              =  6.44738e+05
pmarg               =  6.96218e+01
tdc                 =  7.94467e+01
mode=0db  rload=10k  rsrc=1k  pos=1  C=100p
fcross = 6.447382e+05
pmarg = 6.962182e+01
tdc = 7.944670e+01
Doing analysis at TEMP = 27.000000 and TNOM = 27.000000

Using SPARSE 1.3 as Direct Linear Solver

No. of Data Rows : 801
fcross              =  6.46184e+05
pmarg               =  6.91977e+01
tdc                 =  7.94467e+01
mode=0db  rload=10k  rsrc=1k  pos=1  C=220p
fcross = 6.461841e+05
pmarg = 6.919772e+01
tdc = 7.944671e+01
Doing analysis at TEMP = 27.000000 and TNOM = 27.000000

Using SPARSE 1.3 as Direct Linear Solver
 Reference value :  1.00000e+00
No. of Data Rows : 801
fcross              =  6.48532e+05
pmarg               =  6.83086e+01
tdc                 =  7.94467e+01
mode=0db  rload=10k  rsrc=1k  pos=1  C=470p
fcross = 6.485316e+05
pmarg = 6.830858e+01
tdc = 7.944672e+01
Doing analysis at TEMP = 27.000000 and TNOM = 27.000000

Using SPARSE 1.3 as Direct Linear Solver

No. of Data Rows : 801
fcross              =  6.50102e+05
pmarg               =  6.64854e+01
tdc                 =  7.94468e+01
mode=0db  rload=10k  rsrc=1k  pos=1  C=1n
fcross = 6.501019e+05
pmarg = 6.648544e+01
tdc = 7.944675e+01
Doing analysis at TEMP = 27.000000 and TNOM = 27.000000

Using SPARSE 1.3 as Direct Linear Solver

No. of Data Rows : 801
fcross              =  6.47515e+05
pmarg               =  6.49703e+01
tdc                 =  7.94468e+01
mode=0db  rload=10k  rsrc=1k  pos=1  C=1.5n
fcross = 6.475147e+05
pmarg = 6.497032e+01
tdc = 7.944679e+01
Doing analysis at TEMP = 27.000000 and TNOM = 27.000000

Using SPARSE 1.3 as Direct Linear Solver

No. of Data Rows : 801
fcross              =  6.39091e+05
pmarg               =  6.33338e+01
tdc                 =  7.94468e+01
mode=0db  rload=10k  rsrc=1k  pos=1  C=2.2n
fcross = 6.390911e+05
pmarg = 6.333384e+01
tdc = 7.944683e+01
Doing analysis at TEMP = 27.000000 and TNOM = 27.000000

Using SPARSE 1.3 as Direct Linear Solver

No. of Data Rows : 801
fcross              =  6.31093e+05
pmarg               =  6.25196e+01
tdc                 =  7.94469e+01
mode=0db  rload=10k  rsrc=1k  pos=1  C=2.7n
fcross = 6.310928e+05
pmarg = 6.251955e+01
tdc = 7.944686e+01
Doing analysis at TEMP = 27.000000 and TNOM = 27.000000

Using SPARSE 1.3 as Direct Linear Solver

No. of Data Rows : 801
fcross              =  6.20886e+05
pmarg               =  6.18667e+01
tdc                 =  7.94469e+01
mode=0db  rload=10k  rsrc=1k  pos=1  C=3.3n
fcross = 6.208860e+05
pmarg = 6.186666e+01
tdc = 7.944690e+01
Doing analysis at TEMP = 27.000000 and TNOM = 27.000000

Using SPARSE 1.3 as Direct Linear Solver

No. of Data Rows : 801
fcross              =  5.98339e+05
pmarg               =  6.12859e+01
tdc                 =  7.94470e+01
mode=0db  rload=10k  rsrc=1k  pos=1  C=4.7n
fcross = 5.983385e+05
pmarg = 6.128593e+01
tdc = 7.944699e+01
Doing analysis at TEMP = 27.000000 and TNOM = 27.000000

Using SPARSE 1.3 as Direct Linear Solver

No. of Data Rows : 801
fcross              =  6.43390e+05
pmarg               =  6.99717e+01
tdc                 =  7.94467e+01
mode=0db  rload=10k  rsrc=1k  pos=2  C=1f
fcross = 6.433901e+05
pmarg = 6.997166e+01
tdc = 7.944669e+01
Doing analysis at TEMP = 27.000000 and TNOM = 27.000000

Using SPARSE 1.3 as Direct Linear Solver

No. of Data Rows : 801
fcross              =  6.44061e+05
pmarg               =  6.98062e+01
tdc                 =  7.94467e+01
mode=0db  rload=10k  rsrc=1k  pos=2  C=47p
fcross = 6.440615e+05
pmarg = 6.980623e+01
tdc = 7.944669e+01
Doing analysis at TEMP = 27.000000 and TNOM = 27.000000

Using SPARSE 1.3 as Direct Linear Solver

No. of Data Rows : 801
fcross              =  6.44818e+05
pmarg               =  6.96189e+01
tdc                 =  7.94467e+01
mode=0db  rload=10k  rsrc=1k  pos=2  C=100p
fcross = 6.448179e+05
pmarg = 6.961891e+01
tdc = 7.944669e+01
Doing analysis at TEMP = 27.000000 and TNOM = 27.000000

Using SPARSE 1.3 as Direct Linear Solver

No. of Data Rows : 801
fcross              =  6.46549e+05
pmarg               =  6.91913e+01
tdc                 =  7.94467e+01
mode=0db  rload=10k  rsrc=1k  pos=2  C=220p
fcross = 6.465491e+05
pmarg = 6.919132e+01
tdc = 7.944669e+01
Doing analysis at TEMP = 27.000000 and TNOM = 27.000000

Using SPARSE 1.3 as Direct Linear Solver

No. of Data Rows : 801
fcross              =  6.50184e+05
pmarg               =  6.82860e+01
tdc                 =  7.94467e+01
mode=0db  rload=10k  rsrc=1k  pos=2  C=470p
fcross = 6.501836e+05
pmarg = 6.828596e+01
tdc = 7.944668e+01
Doing analysis at TEMP = 27.000000 and TNOM = 27.000000

Using SPARSE 1.3 as Direct Linear Solver

No. of Data Rows : 801
fcross              =  6.57783e+05
pmarg               =  6.63056e+01
tdc                 =  7.94467e+01
mode=0db  rload=10k  rsrc=1k  pos=2  C=1n
fcross = 6.577831e+05
pmarg = 6.630561e+01
tdc = 7.944667e+01
Doing analysis at TEMP = 27.000000 and TNOM = 27.000000

Using SPARSE 1.3 as Direct Linear Solver

No. of Data Rows : 801
fcross              =  6.64869e+05
pmarg               =  6.43593e+01
tdc                 =  7.94467e+01
mode=0db  rload=10k  rsrc=1k  pos=2  C=1.5n
fcross = 6.648689e+05
pmarg = 6.435926e+01
tdc = 7.944666e+01
Doing analysis at TEMP = 27.000000 and TNOM = 27.000000

Using SPARSE 1.3 as Direct Linear Solver

No. of Data Rows : 801
fcross              =  6.74417e+05
pmarg               =  6.15137e+01
tdc                 =  7.94466e+01
mode=0db  rload=10k  rsrc=1k  pos=2  C=2.2n
fcross = 6.744166e+05
pmarg = 6.151374e+01
tdc = 7.944665e+01
Doing analysis at TEMP = 27.000000 and TNOM = 27.000000

Using SPARSE 1.3 as Direct Linear Solver

No. of Data Rows : 801
fcross              =  6.80897e+05
pmarg               =  5.93995e+01
tdc                 =  7.94466e+01
mode=0db  rload=10k  rsrc=1k  pos=2  C=2.7n
fcross = 6.808965e+05
pmarg = 5.939946e+01
tdc = 7.944664e+01
Doing analysis at TEMP = 27.000000 and TNOM = 27.000000

Using SPARSE 1.3 as Direct Linear Solver

No. of Data Rows : 801
fcross              =  6.88014e+05
pmarg               =  5.67902e+01
tdc                 =  7.94466e+01
mode=0db  rload=10k  rsrc=1k  pos=2  C=3.3n
fcross = 6.880140e+05
pmarg = 5.679021e+01
tdc = 7.944663e+01
Doing analysis at TEMP = 27.000000 and TNOM = 27.000000

Using SPARSE 1.3 as Direct Linear Solver

No. of Data Rows : 801
fcross              =  7.00762e+05
pmarg               =  5.05238e+01
tdc                 =  7.94466e+01
mode=0db  rload=10k  rsrc=1k  pos=2  C=4.7n
fcross = 7.007617e+05
pmarg = 5.052376e+01
tdc = 7.944660e+01
Doing analysis at TEMP = 27.000000 and TNOM = 27.000000

Using SPARSE 1.3 as Direct Linear Solver

No. of Data Rows : 801
fcross              =  6.43313e+05
pmarg               =  6.96703e+01
tdc                 =  7.94467e+01
mode=0db  rload=10k  rsrc=2.5k  pos=1  C=1f
fcross = 6.433126e+05
pmarg = 6.967032e+01
tdc = 7.944669e+01
Doing analysis at TEMP = 27.000000 and TNOM = 27.000000

Using SPARSE 1.3 as Direct Linear Solver

No. of Data Rows : 801
fcross              =  6.43963e+05
pmarg               =  6.95061e+01
tdc                 =  7.94467e+01
mode=0db  rload=10k  rsrc=2.5k  pos=1  C=47p
fcross = 6.439628e+05
pmarg = 6.950608e+01
tdc = 7.944669e+01
Doing analysis at TEMP = 27.000000 and TNOM = 27.000000

Using SPARSE 1.3 as Direct Linear Solver

No. of Data Rows : 801
fcross              =  6.44660e+05
pmarg               =  6.93199e+01
tdc                 =  7.94467e+01
mode=0db  rload=10k  rsrc=2.5k  pos=1  C=100p
fcross = 6.446602e+05
pmarg = 6.931990e+01
tdc = 7.944670e+01
Doing analysis at TEMP = 27.000000 and TNOM = 27.000000

Using SPARSE 1.3 as Direct Linear Solver

No. of Data Rows : 801
fcross              =  6.46103e+05
pmarg               =  6.88952e+01
tdc                 =  7.94467e+01
mode=0db  rload=10k  rsrc=2.5k  pos=1  C=220p
fcross = 6.461035e+05
pmarg = 6.889523e+01
tdc = 7.944671e+01
Doing analysis at TEMP = 27.000000 and TNOM = 27.000000

Using SPARSE 1.3 as Direct Linear Solver

No. of Data Rows : 801
fcross              =  6.48450e+05
pmarg               =  6.80051e+01
tdc                 =  7.94467e+01
mode=0db  rload=10k  rsrc=2.5k  pos=1  C=470p
fcross = 6.484500e+05
pmarg = 6.800514e+01
tdc = 7.944672e+01
Doing analysis at TEMP = 27.000000 and TNOM = 27.000000

Using SPARSE 1.3 as Direct Linear Solver

No. of Data Rows : 801
fcross              =  6.50020e+05
pmarg               =  6.61815e+01
tdc                 =  7.94468e+01
mode=0db  rload=10k  rsrc=2.5k  pos=1  C=1n
fcross = 6.500200e+05
pmarg = 6.618152e+01
tdc = 7.944675e+01
Doing analysis at TEMP = 27.000000 and TNOM = 27.000000

Using SPARSE 1.3 as Direct Linear Solver

No. of Data Rows : 801
fcross              =  6.47435e+05
pmarg               =  6.46678e+01
tdc                 =  7.94468e+01
mode=0db  rload=10k  rsrc=2.5k  pos=1  C=1.5n
fcross = 6.474348e+05
pmarg = 6.466779e+01
tdc = 7.944679e+01
Doing analysis at TEMP = 27.000000 and TNOM = 27.000000

Using SPARSE 1.3 as Direct Linear Solver

No. of Data Rows : 801
fcross              =  6.39018e+05
pmarg               =  6.30353e+01
tdc                 =  7.94468e+01
mode=0db  rload=10k  rsrc=2.5k  pos=1  C=2.2n
fcross = 6.390175e+05
pmarg = 6.303525e+01
tdc = 7.944683e+01
Doing analysis at TEMP = 27.000000 and TNOM = 27.000000

Using SPARSE 1.3 as Direct Linear Solver

No. of Data Rows : 801
fcross              =  6.31023e+05
pmarg               =  6.22247e+01
tdc                 =  7.94469e+01
mode=0db  rload=10k  rsrc=2.5k  pos=1  C=2.7n
fcross = 6.310228e+05
pmarg = 6.222466e+01
tdc = 7.944686e+01
Doing analysis at TEMP = 27.000000 and TNOM = 27.000000

Using SPARSE 1.3 as Direct Linear Solver

No. of Data Rows : 801
fcross              =  6.20821e+05
pmarg               =  6.15764e+01
tdc                 =  7.94469e+01
mode=0db  rload=10k  rsrc=2.5k  pos=1  C=3.3n
fcross = 6.208215e+05
pmarg = 6.157639e+01
tdc = 7.944690e+01
Doing analysis at TEMP = 27.000000 and TNOM = 27.000000

Using SPARSE 1.3 as Direct Linear Solver

No. of Data Rows : 801
fcross              =  5.98283e+05
pmarg               =  6.10059e+01
tdc                 =  7.94470e+01
mode=0db  rload=10k  rsrc=2.5k  pos=1  C=4.7n
fcross = 5.982833e+05
pmarg = 6.100589e+01
tdc = 7.944699e+01
Doing analysis at TEMP = 27.000000 and TNOM = 27.000000

Using SPARSE 1.3 as Direct Linear Solver

No. of Data Rows : 801
fcross              =  6.43313e+05
pmarg               =  6.96703e+01
tdc                 =  7.94467e+01
mode=0db  rload=10k  rsrc=2.5k  pos=2  C=1f
fcross = 6.433126e+05
pmarg = 6.967032e+01
tdc = 7.944669e+01
Doing analysis at TEMP = 27.000000 and TNOM = 27.000000

Using SPARSE 1.3 as Direct Linear Solver

No. of Data Rows : 801
fcross              =  6.43984e+05
pmarg               =  6.95046e+01
tdc                 =  7.94467e+01
mode=0db  rload=10k  rsrc=2.5k  pos=2  C=47p
fcross = 6.439837e+05
pmarg = 6.950460e+01
tdc = 7.944669e+01
Doing analysis at TEMP = 27.000000 and TNOM = 27.000000

Using SPARSE 1.3 as Direct Linear Solver

No. of Data Rows : 801
fcross              =  6.44740e+05
pmarg               =  6.93170e+01
tdc                 =  7.94467e+01
mode=0db  rload=10k  rsrc=2.5k  pos=2  C=100p
fcross = 6.447398e+05
pmarg = 6.931695e+01
tdc = 7.944669e+01
Doing analysis at TEMP = 27.000000 and TNOM = 27.000000

Using SPARSE 1.3 as Direct Linear Solver

No. of Data Rows : 801
fcross              =  6.46468e+05
pmarg               =  6.88887e+01
tdc                 =  7.94467e+01
mode=0db  rload=10k  rsrc=2.5k  pos=2  C=220p
fcross = 6.464683e+05
pmarg = 6.888866e+01
tdc = 7.944669e+01
Doing analysis at TEMP = 27.000000 and TNOM = 27.000000

Using SPARSE 1.3 as Direct Linear Solver

No. of Data Rows : 801
fcross              =  6.50101e+05
pmarg               =  6.79817e+01
tdc                 =  7.94467e+01
mode=0db  rload=10k  rsrc=2.5k  pos=2  C=470p
fcross = 6.501011e+05
pmarg = 6.798174e+01
tdc = 7.944668e+01
Doing analysis at TEMP = 27.000000 and TNOM = 27.000000

Using SPARSE 1.3 as Direct Linear Solver

No. of Data Rows : 801
fcross              =  6.57697e+05
pmarg               =  6.59982e+01
tdc                 =  7.94467e+01
mode=0db  rload=10k  rsrc=2.5k  pos=2  C=1n
fcross = 6.576971e+05
pmarg = 6.599817e+01
tdc = 7.944667e+01
Doing analysis at TEMP = 27.000000 and TNOM = 27.000000

Using SPARSE 1.3 as Direct Linear Solver

No. of Data Rows : 801
fcross              =  6.64777e+05
pmarg               =  6.40489e+01
tdc                 =  7.94467e+01
mode=0db  rload=10k  rsrc=2.5k  pos=2  C=1.5n
fcross = 6.647771e+05
pmarg = 6.404894e+01
tdc = 7.944666e+01
Doing analysis at TEMP = 27.000000 and TNOM = 27.000000

Using SPARSE 1.3 as Direct Linear Solver

No. of Data Rows : 801
fcross              =  6.74320e+05
pmarg               =  6.11995e+01
tdc                 =  7.94466e+01
mode=0db  rload=10k  rsrc=2.5k  pos=2  C=2.2n
fcross = 6.743202e+05
pmarg = 6.119953e+01
tdc = 7.944665e+01
Doing analysis at TEMP = 27.000000 and TNOM = 27.000000

Using SPARSE 1.3 as Direct Linear Solver

No. of Data Rows : 801
fcross              =  6.80794e+05
pmarg               =  5.90828e+01
tdc                 =  7.94466e+01
mode=0db  rload=10k  rsrc=2.5k  pos=2  C=2.7n
fcross = 6.807940e+05
pmarg = 5.908281e+01
tdc = 7.944664e+01
Doing analysis at TEMP = 27.000000 and TNOM = 27.000000

Using SPARSE 1.3 as Direct Linear Solver

No. of Data Rows : 801
fcross              =  6.87908e+05
pmarg               =  5.64708e+01
tdc                 =  7.94466e+01
mode=0db  rload=10k  rsrc=2.5k  pos=2  C=3.3n
fcross = 6.879080e+05
pmarg = 5.647081e+01
tdc = 7.944663e+01
Doing analysis at TEMP = 27.000000 and TNOM = 27.000000

Using SPARSE 1.3 as Direct Linear Solver

No. of Data Rows : 801
fcross              =  7.00647e+05
pmarg               =  5.02001e+01
tdc                 =  7.94466e+01
mode=0db  rload=10k  rsrc=2.5k  pos=2  C=4.7n
fcross = 7.006474e+05
pmarg = 5.020009e+01
tdc = 7.944660e+01
Doing analysis at TEMP = 27.000000 and TNOM = 27.000000

Using SPARSE 1.3 as Direct Linear Solver

No. of Data Rows : 801
fcross              =  6.43308e+05
pmarg               =  6.96561e+01
tdc                 =  7.94467e+01
mode=0db  rload=10k  rsrc=2.571k  pos=1  C=1f
fcross = 6.433076e+05
pmarg = 6.965612e+01
tdc = 7.944669e+01
Doing analysis at TEMP = 27.000000 and TNOM = 27.000000

Using SPARSE 1.3 as Direct Linear Solver

No. of Data Rows : 801
fcross              =  6.43958e+05
pmarg               =  6.94919e+01
tdc                 =  7.94467e+01
mode=0db  rload=10k  rsrc=2.571k  pos=1  C=47p
fcross = 6.439578e+05
pmarg = 6.949187e+01
tdc = 7.944669e+01
Doing analysis at TEMP = 27.000000 and TNOM = 27.000000

Using SPARSE 1.3 as Direct Linear Solver

No. of Data Rows : 801
fcross              =  6.44655e+05
pmarg               =  6.93057e+01
tdc                 =  7.94467e+01
mode=0db  rload=10k  rsrc=2.571k  pos=1  C=100p
fcross = 6.446551e+05
pmarg = 6.930568e+01
tdc = 7.944670e+01
Doing analysis at TEMP = 27.000000 and TNOM = 27.000000

Using SPARSE 1.3 as Direct Linear Solver

No. of Data Rows : 801
fcross              =  6.46098e+05
pmarg               =  6.88810e+01
tdc                 =  7.94467e+01
mode=0db  rload=10k  rsrc=2.571k  pos=1  C=220p
fcross = 6.460983e+05
pmarg = 6.888098e+01
tdc = 7.944671e+01
Doing analysis at TEMP = 27.000000 and TNOM = 27.000000

Using SPARSE 1.3 as Direct Linear Solver

No. of Data Rows : 801
fcross              =  6.48445e+05
pmarg               =  6.79908e+01
tdc                 =  7.94467e+01
mode=0db  rload=10k  rsrc=2.571k  pos=1  C=470p
fcross = 6.484447e+05
pmarg = 6.799085e+01
tdc = 7.944672e+01
Doing analysis at TEMP = 27.000000 and TNOM = 27.000000

Using SPARSE 1.3 as Direct Linear Solver

No. of Data Rows : 801
fcross              =  6.50015e+05
pmarg               =  6.61672e+01
tdc                 =  7.94468e+01
mode=0db  rload=10k  rsrc=2.571k  pos=1  C=1n
fcross = 6.500147e+05
pmarg = 6.616721e+01
tdc = 7.944675e+01
Doing analysis at TEMP = 27.000000 and TNOM = 27.000000

Using SPARSE 1.3 as Direct Linear Solver

No. of Data Rows : 801
fcross              =  6.47430e+05
pmarg               =  6.46535e+01
tdc                 =  7.94468e+01
mode=0db  rload=10k  rsrc=2.571k  pos=1  C=1.5n
fcross = 6.474296e+05
pmarg = 6.465354e+01
tdc = 7.944679e+01
Doing analysis at TEMP = 27.000000 and TNOM = 27.000000

Using SPARSE 1.3 as Direct Linear Solver

No. of Data Rows : 801
fcross              =  6.39013e+05
pmarg               =  6.30212e+01
tdc                 =  7.94468e+01
mode=0db  rload=10k  rsrc=2.571k  pos=1  C=2.2n
fcross = 6.390127e+05
pmarg = 6.302120e+01
tdc = 7.944683e+01
Doing analysis at TEMP = 27.000000 and TNOM = 27.000000

Using SPARSE 1.3 as Direct Linear Solver

No. of Data Rows : 801
fcross              =  6.31018e+05
pmarg               =  6.22108e+01
tdc                 =  7.94469e+01
mode=0db  rload=10k  rsrc=2.571k  pos=1  C=2.7n
fcross = 6.310183e+05
pmarg = 6.221078e+01
tdc = 7.944686e+01
Doing analysis at TEMP = 27.000000 and TNOM = 27.000000

Using SPARSE 1.3 as Direct Linear Solver

No. of Data Rows : 801
fcross              =  6.20817e+05
pmarg               =  6.15627e+01
tdc                 =  7.94469e+01
mode=0db  rload=10k  rsrc=2.571k  pos=1  C=3.3n
fcross = 6.208173e+05
pmarg = 6.156273e+01
tdc = 7.944690e+01
Doing analysis at TEMP = 27.000000 and TNOM = 27.000000

Using SPARSE 1.3 as Direct Linear Solver

No. of Data Rows : 801
fcross              =  5.98280e+05
pmarg               =  6.09927e+01
tdc                 =  7.94470e+01
mode=0db  rload=10k  rsrc=2.571k  pos=1  C=4.7n
fcross = 5.982798e+05
pmarg = 6.099269e+01
tdc = 7.944699e+01
Doing analysis at TEMP = 27.000000 and TNOM = 27.000000

Using SPARSE 1.3 as Direct Linear Solver

No. of Data Rows : 801
fcross              =  6.43308e+05
pmarg               =  6.96561e+01
tdc                 =  7.94467e+01
mode=0db  rload=10k  rsrc=2.571k  pos=2  C=1f
fcross = 6.433076e+05
pmarg = 6.965612e+01
tdc = 7.944669e+01
Doing analysis at TEMP = 27.000000 and TNOM = 27.000000

Using SPARSE 1.3 as Direct Linear Solver

No. of Data Rows : 801
fcross              =  6.43979e+05
pmarg               =  6.94904e+01
tdc                 =  7.94467e+01
mode=0db  rload=10k  rsrc=2.571k  pos=2  C=47p
fcross = 6.439787e+05
pmarg = 6.949039e+01
tdc = 7.944669e+01
Doing analysis at TEMP = 27.000000 and TNOM = 27.000000

Using SPARSE 1.3 as Direct Linear Solver

No. of Data Rows : 801
fcross              =  6.44735e+05
pmarg               =  6.93027e+01
tdc                 =  7.94467e+01
mode=0db  rload=10k  rsrc=2.571k  pos=2  C=100p
fcross = 6.447347e+05
pmarg = 6.930273e+01
tdc = 7.944669e+01
Doing analysis at TEMP = 27.000000 and TNOM = 27.000000

Using SPARSE 1.3 as Direct Linear Solver

No. of Data Rows : 801
fcross              =  6.46463e+05
pmarg               =  6.88744e+01
tdc                 =  7.94467e+01
mode=0db  rload=10k  rsrc=2.571k  pos=2  C=220p
fcross = 6.464631e+05
pmarg = 6.887441e+01
tdc = 7.944669e+01
Doing analysis at TEMP = 27.000000 and TNOM = 27.000000

Using SPARSE 1.3 as Direct Linear Solver

No. of Data Rows : 801
fcross              =  6.50096e+05
pmarg               =  6.79674e+01
tdc                 =  7.94467e+01
mode=0db  rload=10k  rsrc=2.571k  pos=2  C=470p
fcross = 6.500958e+05
pmarg = 6.796741e+01
tdc = 7.944668e+01
Doing analysis at TEMP = 27.000000 and TNOM = 27.000000

Using SPARSE 1.3 as Direct Linear Solver

No. of Data Rows : 801
fcross              =  6.57692e+05
pmarg               =  6.59837e+01
tdc                 =  7.94467e+01
mode=0db  rload=10k  rsrc=2.571k  pos=2  C=1n
fcross = 6.576916e+05
pmarg = 6.598370e+01
tdc = 7.944667e+01
Doing analysis at TEMP = 27.000000 and TNOM = 27.000000

Using SPARSE 1.3 as Direct Linear Solver

No. of Data Rows : 801
fcross              =  6.64771e+05
pmarg               =  6.40343e+01
tdc                 =  7.94467e+01
mode=0db  rload=10k  rsrc=2.571k  pos=2  C=1.5n
fcross = 6.647712e+05
pmarg = 6.403434e+01
tdc = 7.944666e+01
Doing analysis at TEMP = 27.000000 and TNOM = 27.000000

Using SPARSE 1.3 as Direct Linear Solver

No. of Data Rows : 801
fcross              =  6.74314e+05
pmarg               =  6.11848e+01
tdc                 =  7.94466e+01
mode=0db  rload=10k  rsrc=2.571k  pos=2  C=2.2n
fcross = 6.743140e+05
pmarg = 6.118475e+01
tdc = 7.944665e+01
Doing analysis at TEMP = 27.000000 and TNOM = 27.000000

Using SPARSE 1.3 as Direct Linear Solver

No. of Data Rows : 801
fcross              =  6.80787e+05
pmarg               =  5.90679e+01
tdc                 =  7.94466e+01
mode=0db  rload=10k  rsrc=2.571k  pos=2  C=2.7n
fcross = 6.807873e+05
pmarg = 5.906793e+01
tdc = 7.944664e+01
Doing analysis at TEMP = 27.000000 and TNOM = 27.000000

Using SPARSE 1.3 as Direct Linear Solver

No. of Data Rows : 801
fcross              =  6.87901e+05
pmarg               =  5.64558e+01
tdc                 =  7.94466e+01
mode=0db  rload=10k  rsrc=2.571k  pos=2  C=3.3n
fcross = 6.879011e+05
pmarg = 5.645582e+01
tdc = 7.944663e+01
Doing analysis at TEMP = 27.000000 and TNOM = 27.000000

Using SPARSE 1.3 as Direct Linear Solver

No. of Data Rows : 801
fcross              =  7.00640e+05
pmarg               =  5.01849e+01
tdc                 =  7.94466e+01
mode=0db  rload=10k  rsrc=2.571k  pos=2  C=4.7n
fcross = 7.006399e+05
pmarg = 5.018492e+01
tdc = 7.944660e+01
Doing analysis at TEMP = 27.000000 and TNOM = 27.000000

Using SPARSE 1.3 as Direct Linear Solver

No. of Data Rows : 801
fcross              =  6.43305e+05
pmarg               =  6.96481e+01
tdc                 =  7.94467e+01
mode=0db  rload=10k  rsrc=2.611k  pos=1  C=1f
fcross = 6.433047e+05
pmarg = 6.964813e+01
tdc = 7.944669e+01
Doing analysis at TEMP = 27.000000 and TNOM = 27.000000

Using SPARSE 1.3 as Direct Linear Solver

No. of Data Rows : 801
fcross              =  6.43955e+05
pmarg               =  6.94839e+01
tdc                 =  7.94467e+01
mode=0db  rload=10k  rsrc=2.611k  pos=1  C=47p
fcross = 6.439549e+05
pmarg = 6.948387e+01
tdc = 7.944669e+01
Doing analysis at TEMP = 27.000000 and TNOM = 27.000000

Using SPARSE 1.3 as Direct Linear Solver

No. of Data Rows : 801
fcross              =  6.44652e+05
pmarg               =  6.92977e+01
tdc                 =  7.94467e+01
mode=0db  rload=10k  rsrc=2.611k  pos=1  C=100p
fcross = 6.446522e+05
pmarg = 6.929766e+01
tdc = 7.944670e+01
Doing analysis at TEMP = 27.000000 and TNOM = 27.000000

Using SPARSE 1.3 as Direct Linear Solver

No. of Data Rows : 801
fcross              =  6.46095e+05
pmarg               =  6.88730e+01
tdc                 =  7.94467e+01
mode=0db  rload=10k  rsrc=2.611k  pos=1  C=220p
fcross = 6.460953e+05
pmarg = 6.887296e+01
tdc = 7.944671e+01
Doing analysis at TEMP = 27.000000 and TNOM = 27.000000

Using SPARSE 1.3 as Direct Linear Solver

No. of Data Rows : 801
fcross              =  6.48442e+05
pmarg               =  6.79828e+01
tdc                 =  7.94467e+01
mode=0db  rload=10k  rsrc=2.611k  pos=1  C=470p
fcross = 6.484417e+05
pmarg = 6.798280e+01
tdc = 7.944672e+01
Doing analysis at TEMP = 27.000000 and TNOM = 27.000000

Using SPARSE 1.3 as Direct Linear Solver

No. of Data Rows : 801
fcross              =  6.50012e+05
pmarg               =  6.61592e+01
tdc                 =  7.94468e+01
mode=0db  rload=10k  rsrc=2.611k  pos=1  C=1n
fcross = 6.500117e+05
pmarg = 6.615915e+01
tdc = 7.944675e+01
Doing analysis at TEMP = 27.000000 and TNOM = 27.000000

Using SPARSE 1.3 as Direct Linear Solver

No. of Data Rows : 801
fcross              =  6.47427e+05
pmarg               =  6.46455e+01
tdc                 =  7.94468e+01
mode=0db  rload=10k  rsrc=2.611k  pos=1  C=1.5n
fcross = 6.474266e+05
pmarg = 6.464552e+01
tdc = 7.944679e+01
Doing analysis at TEMP = 27.000000 and TNOM = 27.000000

Using SPARSE 1.3 as Direct Linear Solver

No. of Data Rows : 801
fcross              =  6.39010e+05
pmarg               =  6.30133e+01
tdc                 =  7.94468e+01
mode=0db  rload=10k  rsrc=2.611k  pos=1  C=2.2n
fcross = 6.390100e+05
pmarg = 6.301328e+01
tdc = 7.944683e+01
Doing analysis at TEMP = 27.000000 and TNOM = 27.000000

Using SPARSE 1.3 as Direct Linear Solver

No. of Data Rows : 801
fcross              =  6.31016e+05
pmarg               =  6.22030e+01
tdc                 =  7.94469e+01
mode=0db  rload=10k  rsrc=2.611k  pos=1  C=2.7n
fcross = 6.310157e+05
pmarg = 6.220296e+01
tdc = 7.944686e+01
Doing analysis at TEMP = 27.000000 and TNOM = 27.000000

Using SPARSE 1.3 as Direct Linear Solver
 Reference value :  1.07152e+07
No. of Data Rows : 801
fcross              =  6.20815e+05
pmarg               =  6.15550e+01
tdc                 =  7.94469e+01
mode=0db  rload=10k  rsrc=2.611k  pos=1  C=3.3n
fcross = 6.208149e+05
pmarg = 6.155503e+01
tdc = 7.944690e+01
Doing analysis at TEMP = 27.000000 and TNOM = 27.000000

Using SPARSE 1.3 as Direct Linear Solver

No. of Data Rows : 801
fcross              =  5.98278e+05
pmarg               =  6.09853e+01
tdc                 =  7.94470e+01
mode=0db  rload=10k  rsrc=2.611k  pos=1  C=4.7n
fcross = 5.982777e+05
pmarg = 6.098526e+01
tdc = 7.944699e+01
Doing analysis at TEMP = 27.000000 and TNOM = 27.000000

Using SPARSE 1.3 as Direct Linear Solver

No. of Data Rows : 801
fcross              =  6.43305e+05
pmarg               =  6.96481e+01
tdc                 =  7.94467e+01
mode=0db  rload=10k  rsrc=2.611k  pos=2  C=1f
fcross = 6.433047e+05
pmarg = 6.964813e+01
tdc = 7.944669e+01
Doing analysis at TEMP = 27.000000 and TNOM = 27.000000

Using SPARSE 1.3 as Direct Linear Solver

No. of Data Rows : 801
fcross              =  6.43976e+05
pmarg               =  6.94824e+01
tdc                 =  7.94467e+01
mode=0db  rload=10k  rsrc=2.611k  pos=2  C=47p
fcross = 6.439758e+05
pmarg = 6.948239e+01
tdc = 7.944669e+01
Doing analysis at TEMP = 27.000000 and TNOM = 27.000000

Using SPARSE 1.3 as Direct Linear Solver

No. of Data Rows : 801
fcross              =  6.44732e+05
pmarg               =  6.92947e+01
tdc                 =  7.94467e+01
mode=0db  rload=10k  rsrc=2.611k  pos=2  C=100p
fcross = 6.447318e+05
pmarg = 6.929471e+01
tdc = 7.944669e+01
Doing analysis at TEMP = 27.000000 and TNOM = 27.000000

Using SPARSE 1.3 as Direct Linear Solver

No. of Data Rows : 801
fcross              =  6.46460e+05
pmarg               =  6.88664e+01
tdc                 =  7.94467e+01
mode=0db  rload=10k  rsrc=2.611k  pos=2  C=220p
fcross = 6.464601e+05
pmarg = 6.886638e+01
tdc = 7.944669e+01
Doing analysis at TEMP = 27.000000 and TNOM = 27.000000

Using SPARSE 1.3 as Direct Linear Solver

No. of Data Rows : 801
fcross              =  6.50093e+05
pmarg               =  6.79593e+01
tdc                 =  7.94467e+01
mode=0db  rload=10k  rsrc=2.611k  pos=2  C=470p
fcross = 6.500927e+05
pmarg = 6.795934e+01
tdc = 7.944668e+01
Doing analysis at TEMP = 27.000000 and TNOM = 27.000000

Using SPARSE 1.3 as Direct Linear Solver

No. of Data Rows : 801
fcross              =  6.57688e+05
pmarg               =  6.59755e+01
tdc                 =  7.94467e+01
mode=0db  rload=10k  rsrc=2.611k  pos=2  C=1n
fcross = 6.576884e+05
pmarg = 6.597555e+01
tdc = 7.944667e+01
Doing analysis at TEMP = 27.000000 and TNOM = 27.000000

Using SPARSE 1.3 as Direct Linear Solver

No. of Data Rows : 801
fcross              =  6.64768e+05
pmarg               =  6.40261e+01
tdc                 =  7.94467e+01
mode=0db  rload=10k  rsrc=2.611k  pos=2  C=1.5n
fcross = 6.647678e+05
pmarg = 6.402612e+01
tdc = 7.944666e+01
Doing analysis at TEMP = 27.000000 and TNOM = 27.000000

Using SPARSE 1.3 as Direct Linear Solver

No. of Data Rows : 801
fcross              =  6.74310e+05
pmarg               =  6.11764e+01
tdc                 =  7.94466e+01
mode=0db  rload=10k  rsrc=2.611k  pos=2  C=2.2n
fcross = 6.743104e+05
pmarg = 6.117644e+01
tdc = 7.944665e+01
Doing analysis at TEMP = 27.000000 and TNOM = 27.000000

Using SPARSE 1.3 as Direct Linear Solver

No. of Data Rows : 801
fcross              =  6.80783e+05
pmarg               =  5.90596e+01
tdc                 =  7.94466e+01
mode=0db  rload=10k  rsrc=2.611k  pos=2  C=2.7n
fcross = 6.807835e+05
pmarg = 5.905955e+01
tdc = 7.944664e+01
Doing analysis at TEMP = 27.000000 and TNOM = 27.000000

Using SPARSE 1.3 as Direct Linear Solver

No. of Data Rows : 801
fcross              =  6.87897e+05
pmarg               =  5.64474e+01
tdc                 =  7.94466e+01
mode=0db  rload=10k  rsrc=2.611k  pos=2  C=3.3n
fcross = 6.878972e+05
pmarg = 5.644738e+01
tdc = 7.944663e+01
Doing analysis at TEMP = 27.000000 and TNOM = 27.000000

Using SPARSE 1.3 as Direct Linear Solver

No. of Data Rows : 801
fcross              =  7.00636e+05
pmarg               =  5.01764e+01
tdc                 =  7.94466e+01
mode=0db  rload=10k  rsrc=2.611k  pos=2  C=4.7n
fcross = 7.006356e+05
pmarg = 5.017639e+01
tdc = 7.944660e+01
Doing analysis at TEMP = 27.000000 and TNOM = 27.000000

Using SPARSE 1.3 as Direct Linear Solver

No. of Data Rows : 801
fcross              =  5.82611e+05
pmarg               =  7.78988e+01
tdc                 =  7.78870e+01
mode=3db  rload=100k  rsrc=1m  pos=1  C=1f
fcross = 5.826112e+05
pmarg = 7.789882e+01
tdc = 7.788697e+01
Doing analysis at TEMP = 27.000000 and TNOM = 27.000000

Using SPARSE 1.3 as Direct Linear Solver

No. of Data Rows : 801
fcross              =  5.83158e+05
pmarg               =  7.77536e+01
tdc                 =  7.78870e+01
mode=3db  rload=100k  rsrc=1m  pos=1  C=47p
fcross = 5.831581e+05
pmarg = 7.775356e+01
tdc = 7.788697e+01
Doing analysis at TEMP = 27.000000 and TNOM = 27.000000

Using SPARSE 1.3 as Direct Linear Solver

No. of Data Rows : 801
fcross              =  5.83745e+05
pmarg               =  7.75890e+01
tdc                 =  7.78870e+01
mode=3db  rload=100k  rsrc=1m  pos=1  C=100p
fcross = 5.837447e+05
pmarg = 7.758898e+01
tdc = 7.788697e+01
Doing analysis at TEMP = 27.000000 and TNOM = 27.000000

Using SPARSE 1.3 as Direct Linear Solver

No. of Data Rows : 801
fcross              =  5.84950e+05
pmarg               =  7.72140e+01
tdc                 =  7.78870e+01
mode=3db  rload=100k  rsrc=1m  pos=1  C=220p
fcross = 5.849504e+05
pmarg = 7.721397e+01
tdc = 7.788697e+01
Doing analysis at TEMP = 27.000000 and TNOM = 27.000000

Using SPARSE 1.3 as Direct Linear Solver

No. of Data Rows : 801
fcross              =  5.86886e+05
pmarg               =  7.64283e+01
tdc                 =  7.78870e+01
mode=3db  rload=100k  rsrc=1m  pos=1  C=470p
fcross = 5.868856e+05
pmarg = 7.642833e+01
tdc = 7.788697e+01
Doing analysis at TEMP = 27.000000 and TNOM = 27.000000

Using SPARSE 1.3 as Direct Linear Solver

No. of Data Rows : 801
fcross              =  5.88252e+05
pmarg               =  7.48043e+01
tdc                 =  7.78870e+01
mode=3db  rload=100k  rsrc=1m  pos=1  C=1n
fcross = 5.882524e+05
pmarg = 7.480425e+01
tdc = 7.788696e+01
Doing analysis at TEMP = 27.000000 and TNOM = 27.000000

Using SPARSE 1.3 as Direct Linear Solver

No. of Data Rows : 801
fcross              =  5.86236e+05
pmarg               =  7.34211e+01
tdc                 =  7.78870e+01
mode=3db  rload=100k  rsrc=1m  pos=1  C=1.5n
fcross = 5.862356e+05
pmarg = 7.342111e+01
tdc = 7.788696e+01
Doing analysis at TEMP = 27.000000 and TNOM = 27.000000

Using SPARSE 1.3 as Direct Linear Solver

No. of Data Rows : 801
fcross              =  5.79178e+05
pmarg               =  7.18616e+01
tdc                 =  7.78870e+01
mode=3db  rload=100k  rsrc=1m  pos=1  C=2.2n
fcross = 5.791777e+05
pmarg = 7.186158e+01
tdc = 7.788696e+01
Doing analysis at TEMP = 27.000000 and TNOM = 27.000000

Using SPARSE 1.3 as Direct Linear Solver

No. of Data Rows : 801
fcross              =  5.72298e+05
pmarg               =  7.10350e+01
tdc                 =  7.78870e+01
mode=3db  rload=100k  rsrc=1m  pos=1  C=2.7n
fcross = 5.722981e+05
pmarg = 7.103496e+01
tdc = 7.788696e+01
Doing analysis at TEMP = 27.000000 and TNOM = 27.000000

Using SPARSE 1.3 as Direct Linear Solver

No. of Data Rows : 801
fcross              =  5.63200e+05
pmarg               =  7.03238e+01
tdc                 =  7.78870e+01
mode=3db  rload=100k  rsrc=1m  pos=1  C=3.3n
fcross = 5.632003e+05
pmarg = 7.032381e+01
tdc = 7.788695e+01
Doing analysis at TEMP = 27.000000 and TNOM = 27.000000

Using SPARSE 1.3 as Direct Linear Solver

No. of Data Rows : 801
fcross              =  5.42474e+05
pmarg               =  6.95237e+01
tdc                 =  7.78869e+01
mode=3db  rload=100k  rsrc=1m  pos=1  C=4.7n
fcross = 5.424744e+05
pmarg = 6.952371e+01
tdc = 7.788695e+01
Doing analysis at TEMP = 27.000000 and TNOM = 27.000000

Using SPARSE 1.3 as Direct Linear Solver

No. of Data Rows : 801
fcross              =  5.82611e+05
pmarg               =  7.78988e+01
tdc                 =  7.78870e+01
mode=3db  rload=100k  rsrc=1m  pos=2  C=1f
fcross = 5.826112e+05
pmarg = 7.789882e+01
tdc = 7.788697e+01
Doing analysis at TEMP = 27.000000 and TNOM = 27.000000

Using SPARSE 1.3 as Direct Linear Solver

No. of Data Rows : 801
fcross              =  5.83171e+05
pmarg               =  7.77535e+01
tdc                 =  7.78870e+01
mode=3db  rload=100k  rsrc=1m  pos=2  C=47p
fcross = 5.831708e+05
pmarg = 7.775348e+01
tdc = 7.788697e+01
Doing analysis at TEMP = 27.000000 and TNOM = 27.000000

Using SPARSE 1.3 as Direct Linear Solver

No. of Data Rows : 801
fcross              =  5.83801e+05
pmarg               =  7.75890e+01
tdc                 =  7.78870e+01
mode=3db  rload=100k  rsrc=1m  pos=2  C=100p
fcross = 5.838010e+05
pmarg = 7.758900e+01
tdc = 7.788697e+01
Doing analysis at TEMP = 27.000000 and TNOM = 27.000000

Using SPARSE 1.3 as Direct Linear Solver

No. of Data Rows : 801
fcross              =  5.85224e+05
pmarg               =  7.72143e+01
tdc                 =  7.78870e+01
mode=3db  rload=100k  rsrc=1m  pos=2  C=220p
fcross = 5.852242e+05
pmarg = 7.721427e+01
tdc = 7.788697e+01
Doing analysis at TEMP = 27.000000 and TNOM = 27.000000

Using SPARSE 1.3 as Direct Linear Solver

No. of Data Rows : 801
fcross              =  5.88170e+05
pmarg               =  7.64233e+01
tdc                 =  7.78870e+01
mode=3db  rload=100k  rsrc=1m  pos=2  C=470p
fcross = 5.881699e+05
pmarg = 7.642334e+01
tdc = 7.788696e+01
Doing analysis at TEMP = 27.000000 and TNOM = 27.000000

Using SPARSE 1.3 as Direct Linear Solver

No. of Data Rows : 801
fcross              =  5.94462e+05
pmarg               =  7.46958e+01
tdc                 =  7.78870e+01
mode=3db  rload=100k  rsrc=1m  pos=2  C=1n
fcross = 5.944619e+05
pmarg = 7.469579e+01
tdc = 7.788695e+01
Doing analysis at TEMP = 27.000000 and TNOM = 27.000000

Using SPARSE 1.3 as Direct Linear Solver

No. of Data Rows : 801
fcross              =  6.00238e+05
pmarg               =  7.30090e+01
tdc                 =  7.78869e+01
mode=3db  rload=100k  rsrc=1m  pos=2  C=1.5n
fcross = 6.002382e+05
pmarg = 7.300899e+01
tdc = 7.788694e+01
Doing analysis at TEMP = 27.000000 and TNOM = 27.000000

Using SPARSE 1.3 as Direct Linear Solver

No. of Data Rows : 801
fcross              =  6.08084e+05
pmarg               =  7.05536e+01
tdc                 =  7.78869e+01
mode=3db  rload=100k  rsrc=1m  pos=2  C=2.2n
fcross = 6.080845e+05
pmarg = 7.055355e+01
tdc = 7.788693e+01
Doing analysis at TEMP = 27.000000 and TNOM = 27.000000

Using SPARSE 1.3 as Direct Linear Solver

No. of Data Rows : 801
fcross              =  6.13354e+05
pmarg               =  6.87406e+01
tdc                 =  7.78869e+01
mode=3db  rload=100k  rsrc=1m  pos=2  C=2.7n
fcross = 6.133544e+05
pmarg = 6.874055e+01
tdc = 7.788692e+01
Doing analysis at TEMP = 27.000000 and TNOM = 27.000000

Using SPARSE 1.3 as Direct Linear Solver

No. of Data Rows : 801
fcross              =  6.19220e+05
pmarg               =  6.65079e+01
tdc                 =  7.78869e+01
mode=3db  rload=100k  rsrc=1m  pos=2  C=3.3n
fcross = 6.192202e+05
pmarg = 6.650789e+01
tdc = 7.788691e+01
Doing analysis at TEMP = 27.000000 and TNOM = 27.000000

Using SPARSE 1.3 as Direct Linear Solver

No. of Data Rows : 801
fcross              =  6.30066e+05
Note: Starting dynamic gmin stepping
Note: Dynamic gmin stepping completed
pmarg               =  6.11489e+01
tdc                 =  7.78869e+01
mode=3db  rload=100k  rsrc=1m  pos=2  C=4.7n
fcross = 6.300662e+05
pmarg = 6.114888e+01
tdc = 7.788688e+01
Doing analysis at TEMP = 27.000000 and TNOM = 27.000000

Using SPARSE 1.3 as Direct Linear Solver

No. of Data Rows : 801
fcross              =  5.82593e+05
Note: Starting dynamic gmin stepping
Note: Dynamic gmin stepping completed
pmarg               =  7.77157e+01
tdc                 =  7.78870e+01
mode=3db  rload=100k  rsrc=1k  pos=1  C=1f
fcross = 5.825933e+05
pmarg = 7.771566e+01
tdc = 7.788697e+01
Doing analysis at TEMP = 27.000000 and TNOM = 27.000000

Using SPARSE 1.3 as Direct Linear Solver

No. of Data Rows : 801
fcross              =  5.83140e+05
Note: Starting dynamic gmin stepping
Note: Dynamic gmin stepping completed
pmarg               =  7.75702e+01
tdc                 =  7.78870e+01
mode=3db  rload=100k  rsrc=1k  pos=1  C=47p
fcross = 5.831402e+05
pmarg = 7.757024e+01
tdc = 7.788697e+01
Doing analysis at TEMP = 27.000000 and TNOM = 27.000000

Using SPARSE 1.3 as Direct Linear Solver

No. of Data Rows : 801
fcross              =  5.83727e+05
Note: Starting dynamic gmin stepping
Note: Dynamic gmin stepping completed
pmarg               =  7.74055e+01
tdc                 =  7.78870e+01
mode=3db  rload=100k  rsrc=1k  pos=1  C=100p
fcross = 5.837267e+05
pmarg = 7.740548e+01
tdc = 7.788697e+01
Doing analysis at TEMP = 27.000000 and TNOM = 27.000000

Using SPARSE 1.3 as Direct Linear Solver

No. of Data Rows : 801
fcross              =  5.84932e+05
Note: Starting dynamic gmin stepping
Note: Dynamic gmin stepping completed
pmarg               =  7.70301e+01
tdc                 =  7.78870e+01
mode=3db  rload=100k  rsrc=1k  pos=1  C=220p
fcross = 5.849323e+05
pmarg = 7.703010e+01
tdc = 7.788697e+01
Doing analysis at TEMP = 27.000000 and TNOM = 27.000000

Using SPARSE 1.3 as Direct Linear Solver

No. of Data Rows : 801
fcross              =  5.86867e+05
Note: Starting dynamic gmin stepping
Note: Dynamic gmin stepping completed
pmarg               =  7.62439e+01
tdc                 =  7.78870e+01
mode=3db  rload=100k  rsrc=1k  pos=1  C=470p
fcross = 5.868674e+05
pmarg = 7.624387e+01
tdc = 7.788697e+01
Doing analysis at TEMP = 27.000000 and TNOM = 27.000000

Using SPARSE 1.3 as Direct Linear Solver

No. of Data Rows : 801
fcross              =  5.88234e+05
Note: Starting dynamic gmin stepping
Note: Dynamic gmin stepping completed
pmarg               =  7.46194e+01
tdc                 =  7.78870e+01
mode=3db  rload=100k  rsrc=1k  pos=1  C=1n
fcross = 5.882342e+05
pmarg = 7.461942e+01
tdc = 7.788696e+01
Doing analysis at TEMP = 27.000000 and TNOM = 27.000000

Using SPARSE 1.3 as Direct Linear Solver

No. of Data Rows : 801
fcross              =  5.86218e+05
Note: Starting dynamic gmin stepping
Note: Dynamic gmin stepping completed
pmarg               =  7.32369e+01
tdc                 =  7.78870e+01
mode=3db  rload=100k  rsrc=1k  pos=1  C=1.5n
fcross = 5.862179e+05
pmarg = 7.323695e+01
tdc = 7.788696e+01
Doing analysis at TEMP = 27.000000 and TNOM = 27.000000

Using SPARSE 1.3 as Direct Linear Solver

No. of Data Rows : 801
fcross              =  5.79161e+05
Note: Starting dynamic gmin stepping
Note: Dynamic gmin stepping completed
pmarg               =  7.16797e+01
tdc                 =  7.78870e+01
mode=3db  rload=100k  rsrc=1k  pos=1  C=2.2n
fcross = 5.791610e+05
pmarg = 7.167966e+01
tdc = 7.788696e+01
Doing analysis at TEMP = 27.000000 and TNOM = 27.000000

Using SPARSE 1.3 as Direct Linear Solver

No. of Data Rows : 801
fcross              =  5.72283e+05
Note: Starting dynamic gmin stepping
Note: Dynamic gmin stepping completed
pmarg               =  7.08552e+01
tdc                 =  7.78870e+01
mode=3db  rload=100k  rsrc=1k  pos=1  C=2.7n
fcross = 5.722827e+05
pmarg = 7.085518e+01
tdc = 7.788696e+01
Doing analysis at TEMP = 27.000000 and TNOM = 27.000000

Using SPARSE 1.3 as Direct Linear Solver

No. of Data Rows : 801
fcross              =  5.63186e+05
Note: Starting dynamic gmin stepping
Note: Dynamic gmin stepping completed
pmarg               =  7.01469e+01
tdc                 =  7.78870e+01
mode=3db  rload=100k  rsrc=1k  pos=1  C=3.3n
fcross = 5.631858e+05
pmarg = 7.014688e+01
tdc = 7.788695e+01
Doing analysis at TEMP = 27.000000 and TNOM = 27.000000

Using SPARSE 1.3 as Direct Linear Solver

No. of Data Rows : 801
fcross              =  5.42462e+05
Note: Starting dynamic gmin stepping
Note: Dynamic gmin stepping completed
pmarg               =  6.93532e+01
tdc                 =  7.78869e+01
mode=3db  rload=100k  rsrc=1k  pos=1  C=4.7n
fcross = 5.424622e+05
pmarg = 6.935323e+01
tdc = 7.788695e+01
Doing analysis at TEMP = 27.000000 and TNOM = 27.000000

Using SPARSE 1.3 as Direct Linear Solver

No. of Data Rows : 801
fcross              =  5.82593e+05
Note: Starting dynamic gmin stepping
Note: Dynamic gmin stepping completed
pmarg               =  7.77157e+01
tdc                 =  7.78870e+01
mode=3db  rload=100k  rsrc=1k  pos=2  C=1f
fcross = 5.825933e+05
pmarg = 7.771566e+01
tdc = 7.788697e+01
Doing analysis at TEMP = 27.000000 and TNOM = 27.000000

Using SPARSE 1.3 as Direct Linear Solver

No. of Data Rows : 801
fcross              =  5.83153e+05
Note: Starting dynamic gmin stepping
Note: Dynamic gmin stepping completed
pmarg               =  7.75701e+01
tdc                 =  7.78870e+01
mode=3db  rload=100k  rsrc=1k  pos=2  C=47p
fcross = 5.831529e+05
pmarg = 7.757015e+01
tdc = 7.788697e+01
Doing analysis at TEMP = 27.000000 and TNOM = 27.000000

Using SPARSE 1.3 as Direct Linear Solver

No. of Data Rows : 801
fcross              =  5.83783e+05
Note: Starting dynamic gmin stepping
Note: Dynamic gmin stepping completed
pmarg               =  7.74055e+01
tdc                 =  7.78870e+01
mode=3db  rload=100k  rsrc=1k  pos=2  C=100p
fcross = 5.837831e+05
pmarg = 7.740547e+01
tdc = 7.788697e+01
Doing analysis at TEMP = 27.000000 and TNOM = 27.000000

Using SPARSE 1.3 as Direct Linear Solver
 Reference value :  6.91831e+07
No. of Data Rows : 801
fcross              =  5.85206e+05
Note: Starting dynamic gmin stepping
Note: Dynamic gmin stepping completed
pmarg               =  7.70303e+01
tdc                 =  7.78870e+01
mode=3db  rload=100k  rsrc=1k  pos=2  C=220p
fcross = 5.852061e+05
pmarg = 7.703031e+01
tdc = 7.788697e+01
Doing analysis at TEMP = 27.000000 and TNOM = 27.000000

Using SPARSE 1.3 as Direct Linear Solver

No. of Data Rows : 801
fcross              =  5.88152e+05
Note: Starting dynamic gmin stepping
Note: Dynamic gmin stepping completed
pmarg               =  7.62385e+01
tdc                 =  7.78870e+01
mode=3db  rload=100k  rsrc=1k  pos=2  C=470p
fcross = 5.881515e+05
pmarg = 7.623848e+01
tdc = 7.788696e+01
Doing analysis at TEMP = 27.000000 and TNOM = 27.000000

Using SPARSE 1.3 as Direct Linear Solver

No. of Data Rows : 801
fcross              =  5.94442e+05
Note: Starting dynamic gmin stepping
Note: Dynamic gmin stepping completed
pmarg               =  7.45090e+01
tdc                 =  7.78870e+01
mode=3db  rload=100k  rsrc=1k  pos=2  C=1n
fcross = 5.944424e+05
pmarg = 7.450903e+01
tdc = 7.788695e+01
Doing analysis at TEMP = 27.000000 and TNOM = 27.000000

Using SPARSE 1.3 as Direct Linear Solver

No. of Data Rows : 801
fcross              =  6.00218e+05
Note: Starting dynamic gmin stepping
Note: Dynamic gmin stepping completed
pmarg               =  7.28205e+01
tdc                 =  7.78869e+01
mode=3db  rload=100k  rsrc=1k  pos=2  C=1.5n
fcross = 6.002181e+05
pmarg = 7.282048e+01
tdc = 7.788694e+01
Doing analysis at TEMP = 27.000000 and TNOM = 27.000000

Using SPARSE 1.3 as Direct Linear Solver

No. of Data Rows : 801
fcross              =  6.08063e+05
Note: Starting dynamic gmin stepping
Note: Dynamic gmin stepping completed
pmarg               =  7.03627e+01
tdc                 =  7.78869e+01
mode=3db  rload=100k  rsrc=1k  pos=2  C=2.2n
fcross = 6.080630e+05
pmarg = 7.036271e+01
tdc = 7.788693e+01
Doing analysis at TEMP = 27.000000 and TNOM = 27.000000

Using SPARSE 1.3 as Direct Linear Solver

No. of Data Rows : 801
fcross              =  6.13332e+05
Note: Starting dynamic gmin stepping
Note: Dynamic gmin stepping completed
pmarg               =  6.85481e+01
tdc                 =  7.78869e+01
mode=3db  rload=100k  rsrc=1k  pos=2  C=2.7n
fcross = 6.133324e+05
pmarg = 6.854814e+01
tdc = 7.788692e+01
Doing analysis at TEMP = 27.000000 and TNOM = 27.000000

Using SPARSE 1.3 as Direct Linear Solver

No. of Data Rows : 801
fcross              =  6.19197e+05
Note: Starting dynamic gmin stepping
Note: Dynamic gmin stepping completed
pmarg               =  6.63138e+01
tdc                 =  7.78869e+01
mode=3db  rload=100k  rsrc=1k  pos=2  C=3.3n
fcross = 6.191970e+05
pmarg = 6.631378e+01
tdc = 7.788691e+01
Doing analysis at TEMP = 27.000000 and TNOM = 27.000000

Using SPARSE 1.3 as Direct Linear Solver

No. of Data Rows : 801
fcross              =  6.30042e+05
pmarg               =  6.09516e+01
tdc                 =  7.78869e+01
mode=3db  rload=100k  rsrc=1k  pos=2  C=4.7n
fcross = 6.300423e+05
pmarg = 6.095161e+01
tdc = 7.788688e+01
Doing analysis at TEMP = 27.000000 and TNOM = 27.000000

Using SPARSE 1.3 as Direct Linear Solver

No. of Data Rows : 801
fcross              =  5.82529e+05
pmarg               =  7.74426e+01
tdc                 =  7.78870e+01
mode=3db  rload=100k  rsrc=2.5k  pos=1  C=1f
fcross = 5.825291e+05
pmarg = 7.744260e+01
tdc = 7.788697e+01
Doing analysis at TEMP = 27.000000 and TNOM = 27.000000

Using SPARSE 1.3 as Direct Linear Solver

No. of Data Rows : 801
fcross              =  5.83076e+05
pmarg               =  7.72969e+01
tdc                 =  7.78870e+01
mode=3db  rload=100k  rsrc=2.5k  pos=1  C=47p
fcross = 5.830757e+05
pmarg = 7.729694e+01
tdc = 7.788697e+01
Doing analysis at TEMP = 27.000000 and TNOM = 27.000000

Using SPARSE 1.3 as Direct Linear Solver

No. of Data Rows : 801
fcross              =  5.83662e+05
pmarg               =  7.71319e+01
tdc                 =  7.78870e+01
mode=3db  rload=100k  rsrc=2.5k  pos=1  C=100p
fcross = 5.836620e+05
pmarg = 7.713193e+01
tdc = 7.788697e+01
Doing analysis at TEMP = 27.000000 and TNOM = 27.000000

Using SPARSE 1.3 as Direct Linear Solver

No. of Data Rows : 801
fcross              =  5.84867e+05
pmarg               =  7.67560e+01
tdc                 =  7.78870e+01
mode=3db  rload=100k  rsrc=2.5k  pos=1  C=220p
fcross = 5.848672e+05
pmarg = 7.675603e+01
tdc = 7.788697e+01
Doing analysis at TEMP = 27.000000 and TNOM = 27.000000

Using SPARSE 1.3 as Direct Linear Solver

No. of Data Rows : 801
fcross              =  5.86802e+05
pmarg               =  7.59690e+01
tdc                 =  7.78870e+01
mode=3db  rload=100k  rsrc=2.5k  pos=1  C=470p
fcross = 5.868015e+05
pmarg = 7.596901e+01
tdc = 7.788697e+01
Doing analysis at TEMP = 27.000000 and TNOM = 27.000000

Using SPARSE 1.3 as Direct Linear Solver

No. of Data Rows : 801
fcross              =  5.88168e+05
pmarg               =  7.43441e+01
tdc                 =  7.78870e+01
mode=3db  rload=100k  rsrc=2.5k  pos=1  C=1n
fcross = 5.881681e+05
pmarg = 7.434413e+01
tdc = 7.788696e+01
Doing analysis at TEMP = 27.000000 and TNOM = 27.000000

Using SPARSE 1.3 as Direct Linear Solver

No. of Data Rows : 801
fcross              =  5.86153e+05
pmarg               =  7.29627e+01
tdc                 =  7.78870e+01
mode=3db  rload=100k  rsrc=2.5k  pos=1  C=1.5n
fcross = 5.861531e+05
pmarg = 7.296274e+01
tdc = 7.788696e+01
Doing analysis at TEMP = 27.000000 and TNOM = 27.000000

Using SPARSE 1.3 as Direct Linear Solver

No. of Data Rows : 801
fcross              =  5.79100e+05
pmarg               =  7.14088e+01
tdc                 =  7.78870e+01
mode=3db  rload=100k  rsrc=2.5k  pos=1  C=2.2n
fcross = 5.790995e+05
pmarg = 7.140883e+01
tdc = 7.788696e+01
Doing analysis at TEMP = 27.000000 and TNOM = 27.000000

Using SPARSE 1.3 as Direct Linear Solver

No. of Data Rows : 801
fcross              =  5.72226e+05
pmarg               =  7.05875e+01
tdc                 =  7.78870e+01
mode=3db  rload=100k  rsrc=2.5k  pos=1  C=2.7n
fcross = 5.722255e+05
pmarg = 7.058751e+01
tdc = 7.788696e+01
Doing analysis at TEMP = 27.000000 and TNOM = 27.000000

Using SPARSE 1.3 as Direct Linear Solver

No. of Data Rows : 801
fcross              =  5.63132e+05
pmarg               =  6.98834e+01
tdc                 =  7.78870e+01
mode=3db  rload=100k  rsrc=2.5k  pos=1  C=3.3n
fcross = 5.631319e+05
pmarg = 6.988340e+01
tdc = 7.788695e+01
Doing analysis at TEMP = 27.000000 and TNOM = 27.000000

Using SPARSE 1.3 as Direct Linear Solver

No. of Data Rows : 801
fcross              =  5.42417e+05
pmarg               =  6.90992e+01
tdc                 =  7.78869e+01
mode=3db  rload=100k  rsrc=2.5k  pos=1  C=4.7n
fcross = 5.424165e+05
pmarg = 6.909918e+01
tdc = 7.788695e+01
Doing analysis at TEMP = 27.000000 and TNOM = 27.000000

Using SPARSE 1.3 as Direct Linear Solver

No. of Data Rows : 801
fcross              =  5.82529e+05
pmarg               =  7.74426e+01
tdc                 =  7.78870e+01
mode=3db  rload=100k  rsrc=2.5k  pos=2  C=1f
fcross = 5.825291e+05
pmarg = 7.744260e+01
tdc = 7.788697e+01
Doing analysis at TEMP = 27.000000 and TNOM = 27.000000

Using SPARSE 1.3 as Direct Linear Solver

No. of Data Rows : 801
fcross              =  5.83088e+05
pmarg               =  7.72968e+01
tdc                 =  7.78870e+01
mode=3db  rload=100k  rsrc=2.5k  pos=2  C=47p
fcross = 5.830884e+05
pmarg = 7.729685e+01
tdc = 7.788697e+01
Doing analysis at TEMP = 27.000000 and TNOM = 27.000000

Using SPARSE 1.3 as Direct Linear Solver

No. of Data Rows : 801
fcross              =  5.83718e+05
pmarg               =  7.71319e+01
tdc                 =  7.78870e+01
mode=3db  rload=100k  rsrc=2.5k  pos=2  C=100p
fcross = 5.837183e+05
pmarg = 7.713190e+01
tdc = 7.788697e+01
Doing analysis at TEMP = 27.000000 and TNOM = 27.000000

Using SPARSE 1.3 as Direct Linear Solver

No. of Data Rows : 801
fcross              =  5.85141e+05
pmarg               =  7.67561e+01
tdc                 =  7.78870e+01
mode=3db  rload=100k  rsrc=2.5k  pos=2  C=220p
fcross = 5.851408e+05
pmarg = 7.675612e+01
tdc = 7.788697e+01
Doing analysis at TEMP = 27.000000 and TNOM = 27.000000

Using SPARSE 1.3 as Direct Linear Solver

No. of Data Rows : 801
fcross              =  5.88085e+05
pmarg               =  7.59630e+01
tdc                 =  7.78870e+01
mode=3db  rload=100k  rsrc=2.5k  pos=2  C=470p
fcross = 5.880850e+05
pmarg = 7.596302e+01
tdc = 7.788696e+01
Doing analysis at TEMP = 27.000000 and TNOM = 27.000000

Using SPARSE 1.3 as Direct Linear Solver

No. of Data Rows : 801
fcross              =  5.94371e+05
pmarg               =  7.42309e+01
tdc                 =  7.78870e+01
mode=3db  rload=100k  rsrc=2.5k  pos=2  C=1n
fcross = 5.943713e+05
pmarg = 7.423094e+01
tdc = 7.788695e+01
Doing analysis at TEMP = 27.000000 and TNOM = 27.000000

Using SPARSE 1.3 as Direct Linear Solver

No. of Data Rows : 801
fcross              =  6.00145e+05
pmarg               =  7.25399e+01
tdc                 =  7.78869e+01
mode=3db  rload=100k  rsrc=2.5k  pos=2  C=1.5n
fcross = 6.001446e+05
pmarg = 7.253995e+01
tdc = 7.788694e+01
Doing analysis at TEMP = 27.000000 and TNOM = 27.000000

Using SPARSE 1.3 as Direct Linear Solver

No. of Data Rows : 801
fcross              =  6.07984e+05
pmarg               =  7.00790e+01
tdc                 =  7.78869e+01
mode=3db  rload=100k  rsrc=2.5k  pos=2  C=2.2n
fcross = 6.079836e+05
pmarg = 7.007903e+01
tdc = 7.788693e+01
Doing analysis at TEMP = 27.000000 and TNOM = 27.000000

Using SPARSE 1.3 as Direct Linear Solver

No. of Data Rows : 801
fcross              =  6.13251e+05
pmarg               =  6.82623e+01
tdc                 =  7.78869e+01
mode=3db  rload=100k  rsrc=2.5k  pos=2  C=2.7n
fcross = 6.132507e+05
pmarg = 6.826233e+01
tdc = 7.788692e+01
Doing analysis at TEMP = 27.000000 and TNOM = 27.000000

Using SPARSE 1.3 as Direct Linear Solver

No. of Data Rows : 801
fcross              =  6.19110e+05
pmarg               =  6.60258e+01
tdc                 =  7.78869e+01
mode=3db  rload=100k  rsrc=2.5k  pos=2  C=3.3n
fcross = 6.191100e+05
pmarg = 6.602581e+01
tdc = 7.788691e+01
Doing analysis at TEMP = 27.000000 and TNOM = 27.000000

Using SPARSE 1.3 as Direct Linear Solver

No. of Data Rows : 801
fcross              =  6.29951e+05
Note: Starting dynamic gmin stepping
Note: Dynamic gmin stepping completed
pmarg               =  6.06597e+01
tdc                 =  7.78869e+01
mode=3db  rload=100k  rsrc=2.5k  pos=2  C=4.7n
fcross = 6.299509e+05
pmarg = 6.065966e+01
tdc = 7.788688e+01
Doing analysis at TEMP = 27.000000 and TNOM = 27.000000

Using SPARSE 1.3 as Direct Linear Solver

No. of Data Rows : 801
fcross              =  5.82525e+05
Note: Starting dynamic gmin stepping
Note: Dynamic gmin stepping completed
pmarg               =  7.74297e+01
tdc                 =  7.78870e+01
mode=3db  rload=100k  rsrc=2.571k  pos=1  C=1f
fcross = 5.825249e+05
pmarg = 7.742973e+01
tdc = 7.788697e+01
Doing analysis at TEMP = 27.000000 and TNOM = 27.000000

Using SPARSE 1.3 as Direct Linear Solver

No. of Data Rows : 801
fcross              =  5.83072e+05
Note: Starting dynamic gmin stepping
Note: Dynamic gmin stepping completed
pmarg               =  7.72841e+01
tdc                 =  7.78870e+01
mode=3db  rload=100k  rsrc=2.571k  pos=1  C=47p
fcross = 5.830715e+05
pmarg = 7.728406e+01
tdc = 7.788697e+01
Doing analysis at TEMP = 27.000000 and TNOM = 27.000000

Using SPARSE 1.3 as Direct Linear Solver

No. of Data Rows : 801
fcross              =  5.83658e+05
Note: Starting dynamic gmin stepping
Note: Dynamic gmin stepping completed
pmarg               =  7.71190e+01
tdc                 =  7.78870e+01
mode=3db  rload=100k  rsrc=2.571k  pos=1  C=100p
fcross = 5.836578e+05
pmarg = 7.711903e+01
tdc = 7.788697e+01
Doing analysis at TEMP = 27.000000 and TNOM = 27.000000

Using SPARSE 1.3 as Direct Linear Solver

No. of Data Rows : 801
fcross              =  5.84863e+05
Note: Starting dynamic gmin stepping
Note: Dynamic gmin stepping completed
pmarg               =  7.67431e+01
tdc                 =  7.78870e+01
mode=3db  rload=100k  rsrc=2.571k  pos=1  C=220p
fcross = 5.848629e+05
pmarg = 7.674311e+01
tdc = 7.788697e+01
Doing analysis at TEMP = 27.000000 and TNOM = 27.000000

Using SPARSE 1.3 as Direct Linear Solver

No. of Data Rows : 801
fcross              =  5.86797e+05
Note: Starting dynamic gmin stepping
Note: Dynamic gmin stepping completed
pmarg               =  7.59561e+01
tdc                 =  7.78870e+01
mode=3db  rload=100k  rsrc=2.571k  pos=1  C=470p
fcross = 5.867973e+05
pmarg = 7.595605e+01
tdc = 7.788697e+01
Doing analysis at TEMP = 27.000000 and TNOM = 27.000000

Using SPARSE 1.3 as Direct Linear Solver

No. of Data Rows : 801
fcross              =  5.88164e+05
Note: Starting dynamic gmin stepping
Note: Dynamic gmin stepping completed
pmarg               =  7.43312e+01
tdc                 =  7.78870e+01
mode=3db  rload=100k  rsrc=2.571k  pos=1  C=1n
fcross = 5.881638e+05
pmarg = 7.433116e+01
tdc = 7.788696e+01
Doing analysis at TEMP = 27.000000 and TNOM = 27.000000

Using SPARSE 1.3 as Direct Linear Solver

No. of Data Rows : 801
fcross              =  5.86149e+05
Note: Starting dynamic gmin stepping
Note: Dynamic gmin stepping completed
pmarg               =  7.29498e+01
tdc                 =  7.78870e+01
mode=3db  rload=100k  rsrc=2.571k  pos=1  C=1.5n
fcross = 5.861489e+05
pmarg = 7.294982e+01
tdc = 7.788696e+01
Doing analysis at TEMP = 27.000000 and TNOM = 27.000000

Using SPARSE 1.3 as Direct Linear Solver

No. of Data Rows : 801
fcross              =  5.79096e+05
Note: Starting dynamic gmin stepping
Note: Dynamic gmin stepping completed
pmarg               =  7.13961e+01
tdc                 =  7.78870e+01
mode=3db  rload=100k  rsrc=2.571k  pos=1  C=2.2n
fcross = 5.790956e+05
pmarg = 7.139608e+01
tdc = 7.788696e+01
Doing analysis at TEMP = 27.000000 and TNOM = 27.000000

Using SPARSE 1.3 as Direct Linear Solver

No. of Data Rows : 801
fcross              =  5.72222e+05
Note: Starting dynamic gmin stepping
Note: Dynamic gmin stepping completed
pmarg               =  7.05749e+01
tdc                 =  7.78870e+01
mode=3db  rload=100k  rsrc=2.571k  pos=1  C=2.7n
fcross = 5.722218e+05
pmarg = 7.057490e+01
tdc = 7.788696e+01
Doing analysis at TEMP = 27.000000 and TNOM = 27.000000

Using SPARSE 1.3 as Direct Linear Solver

No. of Data Rows : 801
fcross              =  5.63128e+05
Note: Starting dynamic gmin stepping
Note: Dynamic gmin stepping completed
pmarg               =  6.98710e+01
tdc                 =  7.78870e+01
mode=3db  rload=100k  rsrc=2.571k  pos=1  C=3.3n
fcross = 5.631284e+05
pmarg = 6.987099e+01
tdc = 7.788695e+01
Doing analysis at TEMP = 27.000000 and TNOM = 27.000000

Using SPARSE 1.3 as Direct Linear Solver

No. of Data Rows : 801
fcross              =  5.42414e+05
Note: Starting dynamic gmin stepping
Note: Dynamic gmin stepping completed
pmarg               =  6.90872e+01
tdc                 =  7.78869e+01
mode=3db  rload=100k  rsrc=2.571k  pos=1  C=4.7n
fcross = 5.424136e+05
pmarg = 6.908720e+01
tdc = 7.788695e+01
Doing analysis at TEMP = 27.000000 and TNOM = 27.000000

Using SPARSE 1.3 as Direct Linear Solver

No. of Data Rows : 801
fcross              =  5.82525e+05
Note: Starting dynamic gmin stepping
Note: Dynamic gmin stepping completed
pmarg               =  7.74297e+01
tdc                 =  7.78870e+01
mode=3db  rload=100k  rsrc=2.571k  pos=2  C=1f
fcross = 5.825249e+05
pmarg = 7.742973e+01
tdc = 7.788697e+01
Doing analysis at TEMP = 27.000000 and TNOM = 27.000000

Using SPARSE 1.3 as Direct Linear Solver

No. of Data Rows : 801
fcross              =  5.83084e+05
Note: Starting dynamic gmin stepping
Note: Dynamic gmin stepping completed
pmarg               =  7.72840e+01
tdc                 =  7.78870e+01
mode=3db  rload=100k  rsrc=2.571k  pos=2  C=47p
fcross = 5.830843e+05
pmarg = 7.728396e+01
tdc = 7.788697e+01
Doing analysis at TEMP = 27.000000 and TNOM = 27.000000

Using SPARSE 1.3 as Direct Linear Solver

No. of Data Rows : 801
fcross              =  5.83714e+05
Note: Starting dynamic gmin stepping
Note: Dynamic gmin stepping completed
pmarg               =  7.71190e+01
tdc                 =  7.78870e+01
mode=3db  rload=100k  rsrc=2.571k  pos=2  C=100p
fcross = 5.837142e+05
pmarg = 7.711900e+01
tdc = 7.788697e+01
Doing analysis at TEMP = 27.000000 and TNOM = 27.000000

Using SPARSE 1.3 as Direct Linear Solver
 Reference value :  5.75440e+03
No. of Data Rows : 801
fcross              =  5.85137e+05
Note: Starting dynamic gmin stepping
Note: Dynamic gmin stepping completed
pmarg               =  7.67432e+01
tdc                 =  7.78870e+01
mode=3db  rload=100k  rsrc=2.571k  pos=2  C=220p
fcross = 5.851365e+05
pmarg = 7.674320e+01
tdc = 7.788697e+01
Doing analysis at TEMP = 27.000000 and TNOM = 27.000000

Using SPARSE 1.3 as Direct Linear Solver

No. of Data Rows : 801
fcross              =  5.88081e+05
Note: Starting dynamic gmin stepping
Note: Dynamic gmin stepping completed
pmarg               =  7.59500e+01
tdc                 =  7.78870e+01
mode=3db  rload=100k  rsrc=2.571k  pos=2  C=470p
fcross = 5.880807e+05
pmarg = 7.595004e+01
tdc = 7.788696e+01
Doing analysis at TEMP = 27.000000 and TNOM = 27.000000

Using SPARSE 1.3 as Direct Linear Solver

No. of Data Rows : 801
fcross              =  5.94367e+05
Note: Starting dynamic gmin stepping
Note: Dynamic gmin stepping completed
pmarg               =  7.42178e+01
tdc                 =  7.78870e+01
mode=3db  rload=100k  rsrc=2.571k  pos=2  C=1n
fcross = 5.943667e+05
pmarg = 7.421784e+01
tdc = 7.788695e+01
Doing analysis at TEMP = 27.000000 and TNOM = 27.000000

Using SPARSE 1.3 as Direct Linear Solver

No. of Data Rows : 801
fcross              =  6.00140e+05
Note: Starting dynamic gmin stepping
Note: Dynamic gmin stepping completed
pmarg               =  7.25267e+01
tdc                 =  7.78869e+01
mode=3db  rload=100k  rsrc=2.571k  pos=2  C=1.5n
fcross = 6.001398e+05
pmarg = 7.252674e+01
tdc = 7.788694e+01
Doing analysis at TEMP = 27.000000 and TNOM = 27.000000

Using SPARSE 1.3 as Direct Linear Solver

No. of Data Rows : 801
fcross              =  6.07978e+05
Note: Starting dynamic gmin stepping
Note: Dynamic gmin stepping completed
pmarg               =  7.00657e+01
tdc                 =  7.78869e+01
mode=3db  rload=100k  rsrc=2.571k  pos=2  C=2.2n
fcross = 6.079785e+05
pmarg = 7.006568e+01
tdc = 7.788693e+01
Doing analysis at TEMP = 27.000000 and TNOM = 27.000000

Using SPARSE 1.3 as Direct Linear Solver

No. of Data Rows : 801
fcross              =  6.13245e+05
Note: Starting dynamic gmin stepping
Note: Dynamic gmin stepping completed
pmarg               =  6.82489e+01
tdc                 =  7.78869e+01
mode=3db  rload=100k  rsrc=2.571k  pos=2  C=2.7n
fcross = 6.132454e+05
pmarg = 6.824889e+01
tdc = 7.788692e+01
Doing analysis at TEMP = 27.000000 and TNOM = 27.000000

Using SPARSE 1.3 as Direct Linear Solver

No. of Data Rows : 801
fcross              =  6.19104e+05
Note: Starting dynamic gmin stepping
Note: Dynamic gmin stepping completed
pmarg               =  6.60123e+01
tdc                 =  7.78869e+01
mode=3db  rload=100k  rsrc=2.571k  pos=2  C=3.3n
fcross = 6.191043e+05
pmarg = 6.601228e+01
tdc = 7.788691e+01
Doing analysis at TEMP = 27.000000 and TNOM = 27.000000

Using SPARSE 1.3 as Direct Linear Solver

No. of Data Rows : 801
fcross              =  6.29945e+05
pmarg               =  6.06460e+01
tdc                 =  7.78869e+01
mode=3db  rload=100k  rsrc=2.571k  pos=2  C=4.7n
fcross = 6.299450e+05
pmarg = 6.064596e+01
tdc = 7.788688e+01
Doing analysis at TEMP = 27.000000 and TNOM = 27.000000

Using SPARSE 1.3 as Direct Linear Solver

No. of Data Rows : 801
fcross              =  5.82523e+05
pmarg               =  7.74225e+01
tdc                 =  7.78870e+01
mode=3db  rload=100k  rsrc=2.611k  pos=1  C=1f
fcross = 5.825225e+05
pmarg = 7.742248e+01
tdc = 7.788697e+01
Doing analysis at TEMP = 27.000000 and TNOM = 27.000000

Using SPARSE 1.3 as Direct Linear Solver

No. of Data Rows : 801
fcross              =  5.83069e+05
pmarg               =  7.72768e+01
tdc                 =  7.78870e+01
mode=3db  rload=100k  rsrc=2.611k  pos=1  C=47p
fcross = 5.830692e+05
pmarg = 7.727680e+01
tdc = 7.788697e+01
Doing analysis at TEMP = 27.000000 and TNOM = 27.000000

Using SPARSE 1.3 as Direct Linear Solver

No. of Data Rows : 801
fcross              =  5.83655e+05
pmarg               =  7.71118e+01
tdc                 =  7.78870e+01
mode=3db  rload=100k  rsrc=2.611k  pos=1  C=100p
fcross = 5.836554e+05
pmarg = 7.711177e+01
tdc = 7.788697e+01
Doing analysis at TEMP = 27.000000 and TNOM = 27.000000

Using SPARSE 1.3 as Direct Linear Solver

No. of Data Rows : 801
fcross              =  5.84861e+05
pmarg               =  7.67358e+01
tdc                 =  7.78870e+01
mode=3db  rload=100k  rsrc=2.611k  pos=1  C=220p
fcross = 5.848605e+05
pmarg = 7.673584e+01
tdc = 7.788697e+01
Doing analysis at TEMP = 27.000000 and TNOM = 27.000000

Using SPARSE 1.3 as Direct Linear Solver

No. of Data Rows : 801
fcross              =  5.86795e+05
pmarg               =  7.59488e+01
tdc                 =  7.78870e+01
mode=3db  rload=100k  rsrc=2.611k  pos=1  C=470p
fcross = 5.867948e+05
pmarg = 7.594876e+01
tdc = 7.788697e+01
Doing analysis at TEMP = 27.000000 and TNOM = 27.000000

Using SPARSE 1.3 as Direct Linear Solver

No. of Data Rows : 801
fcross              =  5.88161e+05
pmarg               =  7.43239e+01
tdc                 =  7.78870e+01
mode=3db  rload=100k  rsrc=2.611k  pos=1  C=1n
fcross = 5.881614e+05
pmarg = 7.432385e+01
tdc = 7.788696e+01
Doing analysis at TEMP = 27.000000 and TNOM = 27.000000

Using SPARSE 1.3 as Direct Linear Solver

No. of Data Rows : 801
fcross              =  5.86146e+05
pmarg               =  7.29425e+01
tdc                 =  7.78870e+01
mode=3db  rload=100k  rsrc=2.611k  pos=1  C=1.5n
fcross = 5.861465e+05
pmarg = 7.294255e+01
tdc = 7.788696e+01
Doing analysis at TEMP = 27.000000 and TNOM = 27.000000

Using SPARSE 1.3 as Direct Linear Solver

No. of Data Rows : 801
fcross              =  5.79093e+05
pmarg               =  7.13889e+01
tdc                 =  7.78870e+01
mode=3db  rload=100k  rsrc=2.611k  pos=1  C=2.2n
fcross = 5.790933e+05
pmarg = 7.138889e+01
tdc = 7.788696e+01
Doing analysis at TEMP = 27.000000 and TNOM = 27.000000

Using SPARSE 1.3 as Direct Linear Solver

No. of Data Rows : 801
fcross              =  5.72220e+05
pmarg               =  7.05678e+01
tdc                 =  7.78870e+01
mode=3db  rload=100k  rsrc=2.611k  pos=1  C=2.7n
fcross = 5.722197e+05
pmarg = 7.056780e+01
tdc = 7.788696e+01
Doing analysis at TEMP = 27.000000 and TNOM = 27.000000

Using SPARSE 1.3 as Direct Linear Solver

No. of Data Rows : 801
fcross              =  5.63126e+05
pmarg               =  6.98640e+01
tdc                 =  7.78870e+01
mode=3db  rload=100k  rsrc=2.611k  pos=1  C=3.3n
fcross = 5.631263e+05
pmarg = 6.986400e+01
tdc = 7.788695e+01
Doing analysis at TEMP = 27.000000 and TNOM = 27.000000

Using SPARSE 1.3 as Direct Linear Solver

No. of Data Rows : 801
fcross              =  5.42412e+05
pmarg               =  6.90805e+01
tdc                 =  7.78869e+01
mode=3db  rload=100k  rsrc=2.611k  pos=1  C=4.7n
fcross = 5.424119e+05
pmarg = 6.908046e+01
tdc = 7.788695e+01
Doing analysis at TEMP = 27.000000 and TNOM = 27.000000

Using SPARSE 1.3 as Direct Linear Solver

No. of Data Rows : 801
fcross              =  5.82523e+05
pmarg               =  7.74225e+01
tdc                 =  7.78870e+01
mode=3db  rload=100k  rsrc=2.611k  pos=2  C=1f
fcross = 5.825225e+05
pmarg = 7.742248e+01
tdc = 7.788697e+01
Doing analysis at TEMP = 27.000000 and TNOM = 27.000000

Using SPARSE 1.3 as Direct Linear Solver

No. of Data Rows : 801
fcross              =  5.83082e+05
pmarg               =  7.72767e+01
tdc                 =  7.78870e+01
mode=3db  rload=100k  rsrc=2.611k  pos=2  C=47p
fcross = 5.830819e+05
pmarg = 7.727671e+01
tdc = 7.788697e+01
Doing analysis at TEMP = 27.000000 and TNOM = 27.000000

Using SPARSE 1.3 as Direct Linear Solver

No. of Data Rows : 801
fcross              =  5.83712e+05
pmarg               =  7.71117e+01
tdc                 =  7.78870e+01
mode=3db  rload=100k  rsrc=2.611k  pos=2  C=100p
fcross = 5.837118e+05
pmarg = 7.711174e+01
tdc = 7.788697e+01
Doing analysis at TEMP = 27.000000 and TNOM = 27.000000

Using SPARSE 1.3 as Direct Linear Solver

No. of Data Rows : 801
fcross              =  5.85134e+05
pmarg               =  7.67359e+01
tdc                 =  7.78870e+01
mode=3db  rload=100k  rsrc=2.611k  pos=2  C=220p
fcross = 5.851341e+05
pmarg = 7.673592e+01
tdc = 7.788696e+01
Doing analysis at TEMP = 27.000000 and TNOM = 27.000000

Using SPARSE 1.3 as Direct Linear Solver

No. of Data Rows : 801
fcross              =  5.88078e+05
pmarg               =  7.59427e+01
tdc                 =  7.78870e+01
mode=3db  rload=100k  rsrc=2.611k  pos=2  C=470p
fcross = 5.880783e+05
pmarg = 7.594272e+01
tdc = 7.788696e+01
Doing analysis at TEMP = 27.000000 and TNOM = 27.000000

Using SPARSE 1.3 as Direct Linear Solver

No. of Data Rows : 801
fcross              =  5.94364e+05
pmarg               =  7.42105e+01
tdc                 =  7.78869e+01
mode=3db  rload=100k  rsrc=2.611k  pos=2  C=1n
fcross = 5.943641e+05
pmarg = 7.421046e+01
tdc = 7.788695e+01
Doing analysis at TEMP = 27.000000 and TNOM = 27.000000

Using SPARSE 1.3 as Direct Linear Solver

No. of Data Rows : 801
fcross              =  6.00137e+05
pmarg               =  7.25193e+01
tdc                 =  7.78869e+01
mode=3db  rload=100k  rsrc=2.611k  pos=2  C=1.5n
fcross = 6.001371e+05
pmarg = 7.251930e+01
tdc = 7.788694e+01
Doing analysis at TEMP = 27.000000 and TNOM = 27.000000

Using SPARSE 1.3 as Direct Linear Solver

No. of Data Rows : 801
fcross              =  6.07976e+05
pmarg               =  7.00582e+01
tdc                 =  7.78869e+01
mode=3db  rload=100k  rsrc=2.611k  pos=2  C=2.2n
fcross = 6.079755e+05
pmarg = 7.005817e+01
tdc = 7.788693e+01
Doing analysis at TEMP = 27.000000 and TNOM = 27.000000

Using SPARSE 1.3 as Direct Linear Solver

No. of Data Rows : 801
fcross              =  6.13242e+05
pmarg               =  6.82413e+01
tdc                 =  7.78869e+01
mode=3db  rload=100k  rsrc=2.611k  pos=2  C=2.7n
fcross = 6.132424e+05
pmarg = 6.824132e+01
tdc = 7.788692e+01
Doing analysis at TEMP = 27.000000 and TNOM = 27.000000

Using SPARSE 1.3 as Direct Linear Solver

No. of Data Rows : 801
fcross              =  6.19101e+05
pmarg               =  6.60047e+01
tdc                 =  7.78869e+01
mode=3db  rload=100k  rsrc=2.611k  pos=2  C=3.3n
fcross = 6.191011e+05
pmarg = 6.600466e+01
tdc = 7.788691e+01
Doing analysis at TEMP = 27.000000 and TNOM = 27.000000

Using SPARSE 1.3 as Direct Linear Solver

No. of Data Rows : 801
fcross              =  6.29942e+05
pmarg               =  6.06383e+01
tdc                 =  7.78869e+01
mode=3db  rload=100k  rsrc=2.611k  pos=2  C=4.7n
fcross = 6.299415e+05
pmarg = 6.063825e+01
tdc = 7.788688e+01
Doing analysis at TEMP = 27.000000 and TNOM = 27.000000

Using SPARSE 1.3 as Direct Linear Solver

No. of Data Rows : 801
fcross              =  5.81846e+05
pmarg               =  7.78905e+01
tdc                 =  7.77075e+01
mode=3db  rload=10k  rsrc=1m  pos=1  C=1f
fcross = 5.818465e+05
pmarg = 7.789048e+01
tdc = 7.770754e+01
Doing analysis at TEMP = 27.000000 and TNOM = 27.000000

Using SPARSE 1.3 as Direct Linear Solver

No. of Data Rows : 801
fcross              =  5.82386e+05
pmarg               =  7.77468e+01
tdc                 =  7.77075e+01
mode=3db  rload=10k  rsrc=1m  pos=1  C=47p
fcross = 5.823860e+05
pmarg = 7.774681e+01
tdc = 7.770754e+01
Doing analysis at TEMP = 27.000000 and TNOM = 27.000000

Using SPARSE 1.3 as Direct Linear Solver

No. of Data Rows : 801
fcross              =  5.82965e+05
pmarg               =  7.75840e+01
tdc                 =  7.77075e+01
mode=3db  rload=10k  rsrc=1m  pos=1  C=100p
fcross = 5.829649e+05
pmarg = 7.758404e+01
tdc = 7.770754e+01
Doing analysis at TEMP = 27.000000 and TNOM = 27.000000

Using SPARSE 1.3 as Direct Linear Solver

No. of Data Rows : 801
fcross              =  5.84155e+05
pmarg               =  7.72132e+01
tdc                 =  7.77076e+01
mode=3db  rload=10k  rsrc=1m  pos=1  C=220p
fcross = 5.841551e+05
pmarg = 7.721319e+01
tdc = 7.770755e+01
Doing analysis at TEMP = 27.000000 and TNOM = 27.000000

Using SPARSE 1.3 as Direct Linear Solver

No. of Data Rows : 801
fcross              =  5.86068e+05
pmarg               =  7.64363e+01
tdc                 =  7.77076e+01
mode=3db  rload=10k  rsrc=1m  pos=1  C=470p
fcross = 5.860681e+05
pmarg = 7.643634e+01
tdc = 7.770757e+01
Doing analysis at TEMP = 27.000000 and TNOM = 27.000000

Using SPARSE 1.3 as Direct Linear Solver

No. of Data Rows : 801
fcross              =  5.87436e+05
pmarg               =  7.48300e+01
tdc                 =  7.77076e+01
mode=3db  rload=10k  rsrc=1m  pos=1  C=1n
fcross = 5.874361e+05
pmarg = 7.482998e+01
tdc = 7.770760e+01
Doing analysis at TEMP = 27.000000 and TNOM = 27.000000

Using SPARSE 1.3 as Direct Linear Solver

No. of Data Rows : 801
fcross              =  5.85475e+05
pmarg               =  7.34602e+01
tdc                 =  7.77076e+01
mode=3db  rload=10k  rsrc=1m  pos=1  C=1.5n
fcross = 5.854754e+05
pmarg = 7.346019e+01
tdc = 7.770763e+01
Doing analysis at TEMP = 27.000000 and TNOM = 27.000000

Using SPARSE 1.3 as Direct Linear Solver

No. of Data Rows : 801
fcross              =  5.78550e+05
pmarg               =  7.19117e+01
tdc                 =  7.77077e+01
mode=3db  rload=10k  rsrc=1m  pos=1  C=2.2n
fcross = 5.785499e+05
pmarg = 7.191170e+01
tdc = 7.770767e+01
Doing analysis at TEMP = 27.000000 and TNOM = 27.000000

Using SPARSE 1.3 as Direct Linear Solver

No. of Data Rows : 801
fcross              =  5.71789e+05
pmarg               =  7.10876e+01
tdc                 =  7.77077e+01
mode=3db  rload=10k  rsrc=1m  pos=1  C=2.7n
fcross = 5.717889e+05
pmarg = 7.108756e+01
tdc = 7.770770e+01
Doing analysis at TEMP = 27.000000 and TNOM = 27.000000

Using SPARSE 1.3 as Direct Linear Solver

No. of Data Rows : 801
fcross              =  5.62807e+05
pmarg               =  7.03764e+01
tdc                 =  7.77077e+01
mode=3db  rload=10k  rsrc=1m  pos=1  C=3.3n
fcross = 5.628067e+05
pmarg = 7.037643e+01
tdc = 7.770774e+01
Doing analysis at TEMP = 27.000000 and TNOM = 27.000000

Using SPARSE 1.3 as Direct Linear Solver

No. of Data Rows : 801
fcross              =  5.42292e+05
pmarg               =  6.95688e+01
tdc                 =  7.77078e+01
mode=3db  rload=10k  rsrc=1m  pos=1  C=4.7n
fcross = 5.422915e+05
pmarg = 6.956881e+01
tdc = 7.770783e+01
Doing analysis at TEMP = 27.000000 and TNOM = 27.000000

Using SPARSE 1.3 as Direct Linear Solver

No. of Data Rows : 801
fcross              =  5.81846e+05
pmarg               =  7.78905e+01
tdc                 =  7.77075e+01
mode=3db  rload=10k  rsrc=1m  pos=2  C=1f
fcross = 5.818465e+05
pmarg = 7.789048e+01
tdc = 7.770754e+01
Doing analysis at TEMP = 27.000000 and TNOM = 27.000000

Using SPARSE 1.3 as Direct Linear Solver

No. of Data Rows : 801
fcross              =  5.82403e+05
pmarg               =  7.77455e+01
tdc                 =  7.77075e+01
mode=3db  rload=10k  rsrc=1m  pos=2  C=47p
fcross = 5.824032e+05
pmarg = 7.774551e+01
tdc = 7.770754e+01
Doing analysis at TEMP = 27.000000 and TNOM = 27.000000

Using SPARSE 1.3 as Direct Linear Solver

No. of Data Rows : 801
fcross              =  5.83030e+05
pmarg               =  7.75814e+01
tdc                 =  7.77075e+01
mode=3db  rload=10k  rsrc=1m  pos=2  C=100p
fcross = 5.830302e+05
pmarg = 7.758144e+01
tdc = 7.770754e+01
Doing analysis at TEMP = 27.000000 and TNOM = 27.000000

Using SPARSE 1.3 as Direct Linear Solver

No. of Data Rows : 801
fcross              =  5.84446e+05
pmarg               =  7.72077e+01
tdc                 =  7.77075e+01
mode=3db  rload=10k  rsrc=1m  pos=2  C=220p
fcross = 5.844460e+05
pmarg = 7.720768e+01
tdc = 7.770753e+01
Doing analysis at TEMP = 27.000000 and TNOM = 27.000000

Using SPARSE 1.3 as Direct Linear Solver

No. of Data Rows : 801
fcross              =  5.87376e+05
pmarg               =  7.64188e+01
tdc                 =  7.77075e+01
mode=3db  rload=10k  rsrc=1m  pos=2  C=470p
fcross = 5.873763e+05
pmarg = 7.641883e+01
tdc = 7.770753e+01
Doing analysis at TEMP = 27.000000 and TNOM = 27.000000

Using SPARSE 1.3 as Direct Linear Solver

No. of Data Rows : 801
fcross              =  5.93612e+05
pmarg               =  7.46968e+01
tdc                 =  7.77075e+01
mode=3db  rload=10k  rsrc=1m  pos=2  C=1n
fcross = 5.936118e+05
pmarg = 7.469684e+01
tdc = 7.770752e+01
Doing analysis at TEMP = 27.000000 and TNOM = 27.000000

Using SPARSE 1.3 as Direct Linear Solver

No. of Data Rows : 801
fcross              =  5.99356e+05
pmarg               =  7.30151e+01
tdc                 =  7.77075e+01
mode=3db  rload=10k  rsrc=1m  pos=2  C=1.5n
fcross = 5.993555e+05
pmarg = 7.301509e+01
tdc = 7.770751e+01
Doing analysis at TEMP = 27.000000 and TNOM = 27.000000

Using SPARSE 1.3 as Direct Linear Solver

No. of Data Rows : 801
fcross              =  6.07128e+05
pmarg               =  7.05688e+01
tdc                 =  7.77075e+01
mode=3db  rload=10k  rsrc=1m  pos=2  C=2.2n
fcross = 6.071282e+05
pmarg = 7.056876e+01
tdc = 7.770750e+01
Doing analysis at TEMP = 27.000000 and TNOM = 27.000000

Using SPARSE 1.3 as Direct Linear Solver

No. of Data Rows : 801
fcross              =  6.12366e+05
pmarg               =  6.87620e+01
tdc                 =  7.77075e+01
mode=3db  rload=10k  rsrc=1m  pos=2  C=2.7n
fcross = 6.123662e+05
pmarg = 6.876204e+01
tdc = 7.770749e+01
Doing analysis at TEMP = 27.000000 and TNOM = 27.000000

Using SPARSE 1.3 as Direct Linear Solver

No. of Data Rows : 801
fcross              =  6.18163e+05
pmarg               =  6.65393e+01
tdc                 =  7.77075e+01
mode=3db  rload=10k  rsrc=1m  pos=2  C=3.3n
fcross = 6.181626e+05
pmarg = 6.653932e+01
tdc = 7.770747e+01
Doing analysis at TEMP = 27.000000 and TNOM = 27.000000

Using SPARSE 1.3 as Direct Linear Solver

No. of Data Rows : 801
fcross              =  6.28943e+05
Note: Starting dynamic gmin stepping
Note: Dynamic gmin stepping completed
pmarg               =  6.12011e+01
tdc                 =  7.77074e+01
mode=3db  rload=10k  rsrc=1m  pos=2  C=4.7n
fcross = 6.289433e+05
pmarg = 6.120108e+01
tdc = 7.770745e+01
Doing analysis at TEMP = 27.000000 and TNOM = 27.000000

Using SPARSE 1.3 as Direct Linear Solver

No. of Data Rows : 801
fcross              =  5.81829e+05
Note: Starting dynamic gmin stepping
Note: Dynamic gmin stepping completed
pmarg               =  7.77076e+01
tdc                 =  7.77075e+01
mode=3db  rload=10k  rsrc=1k  pos=1  C=1f
fcross = 5.818287e+05
pmarg = 7.770756e+01
tdc = 7.770754e+01
Doing analysis at TEMP = 27.000000 and TNOM = 27.000000

Using SPARSE 1.3 as Direct Linear Solver

No. of Data Rows : 801
fcross              =  5.82368e+05
Note: Starting dynamic gmin stepping
Note: Dynamic gmin stepping completed
pmarg               =  7.75637e+01
tdc                 =  7.77075e+01
mode=3db  rload=10k  rsrc=1k  pos=1  C=47p
fcross = 5.823682e+05
pmarg = 7.756373e+01
tdc = 7.770754e+01
Doing analysis at TEMP = 27.000000 and TNOM = 27.000000

Using SPARSE 1.3 as Direct Linear Solver
 Reference value :  1.00000e+00
No. of Data Rows : 801
fcross              =  5.82947e+05
Note: Starting dynamic gmin stepping
Note: Dynamic gmin stepping completed
pmarg               =  7.74008e+01
tdc                 =  7.77075e+01
mode=3db  rload=10k  rsrc=1k  pos=1  C=100p
fcross = 5.829470e+05
pmarg = 7.740078e+01
tdc = 7.770754e+01
Doing analysis at TEMP = 27.000000 and TNOM = 27.000000

Using SPARSE 1.3 as Direct Linear Solver

No. of Data Rows : 801
fcross              =  5.84137e+05
Note: Starting dynamic gmin stepping
Note: Dynamic gmin stepping completed
pmarg               =  7.70296e+01
tdc                 =  7.77076e+01
mode=3db  rload=10k  rsrc=1k  pos=1  C=220p
fcross = 5.841371e+05
pmarg = 7.702957e+01
tdc = 7.770755e+01
Doing analysis at TEMP = 27.000000 and TNOM = 27.000000

Using SPARSE 1.3 as Direct Linear Solver

No. of Data Rows : 801
fcross              =  5.86050e+05
Note: Starting dynamic gmin stepping
Note: Dynamic gmin stepping completed
pmarg               =  7.62521e+01
tdc                 =  7.77076e+01
mode=3db  rload=10k  rsrc=1k  pos=1  C=470p
fcross = 5.860499e+05
pmarg = 7.625214e+01
tdc = 7.770757e+01
Doing analysis at TEMP = 27.000000 and TNOM = 27.000000

Using SPARSE 1.3 as Direct Linear Solver

No. of Data Rows : 801
fcross              =  5.87418e+05
Note: Starting dynamic gmin stepping
Note: Dynamic gmin stepping completed
pmarg               =  7.46454e+01
tdc                 =  7.77076e+01
mode=3db  rload=10k  rsrc=1k  pos=1  C=1n
fcross = 5.874179e+05
pmarg = 7.464541e+01
tdc = 7.770760e+01
Doing analysis at TEMP = 27.000000 and TNOM = 27.000000

Using SPARSE 1.3 as Direct Linear Solver

No. of Data Rows : 801
fcross              =  5.85458e+05
Note: Starting dynamic gmin stepping
Note: Dynamic gmin stepping completed
pmarg               =  7.32763e+01
tdc                 =  7.77076e+01
mode=3db  rload=10k  rsrc=1k  pos=1  C=1.5n
fcross = 5.854577e+05
pmarg = 7.327626e+01
tdc = 7.770763e+01
Doing analysis at TEMP = 27.000000 and TNOM = 27.000000

Using SPARSE 1.3 as Direct Linear Solver

No. of Data Rows : 801
fcross              =  5.78533e+05
Note: Starting dynamic gmin stepping
Note: Dynamic gmin stepping completed
pmarg               =  7.17300e+01
tdc                 =  7.77077e+01
mode=3db  rload=10k  rsrc=1k  pos=1  C=2.2n
fcross = 5.785333e+05
pmarg = 7.172998e+01
tdc = 7.770767e+01
Doing analysis at TEMP = 27.000000 and TNOM = 27.000000

Using SPARSE 1.3 as Direct Linear Solver

No. of Data Rows : 801
fcross              =  5.71773e+05
Note: Starting dynamic gmin stepping
Note: Dynamic gmin stepping completed
pmarg               =  7.09079e+01
tdc                 =  7.77077e+01
mode=3db  rload=10k  rsrc=1k  pos=1  C=2.7n
fcross = 5.717734e+05
pmarg = 7.090794e+01
tdc = 7.770770e+01
Doing analysis at TEMP = 27.000000 and TNOM = 27.000000

Using SPARSE 1.3 as Direct Linear Solver

No. of Data Rows : 801
fcross              =  5.62792e+05
Note: Starting dynamic gmin stepping
Note: Dynamic gmin stepping completed
pmarg               =  7.01996e+01
tdc                 =  7.77077e+01
mode=3db  rload=10k  rsrc=1k  pos=1  C=3.3n
fcross = 5.627922e+05
pmarg = 7.019962e+01
tdc = 7.770774e+01
Doing analysis at TEMP = 27.000000 and TNOM = 27.000000

Using SPARSE 1.3 as Direct Linear Solver

No. of Data Rows : 801
fcross              =  5.42279e+05
Note: Starting dynamic gmin stepping
Note: Dynamic gmin stepping completed
pmarg               =  6.93984e+01
tdc                 =  7.77078e+01
mode=3db  rload=10k  rsrc=1k  pos=1  C=4.7n
fcross = 5.422793e+05
pmarg = 6.939838e+01
tdc = 7.770783e+01
Doing analysis at TEMP = 27.000000 and TNOM = 27.000000

Using SPARSE 1.3 as Direct Linear Solver

No. of Data Rows : 801
fcross              =  5.81829e+05
Note: Starting dynamic gmin stepping
Note: Dynamic gmin stepping completed
pmarg               =  7.77076e+01
tdc                 =  7.77075e+01
mode=3db  rload=10k  rsrc=1k  pos=2  C=1f
fcross = 5.818287e+05
pmarg = 7.770756e+01
tdc = 7.770754e+01
Doing analysis at TEMP = 27.000000 and TNOM = 27.000000

Using SPARSE 1.3 as Direct Linear Solver

No. of Data Rows : 801
fcross              =  5.82385e+05
Note: Starting dynamic gmin stepping
Note: Dynamic gmin stepping completed
pmarg               =  7.75624e+01
tdc                 =  7.77075e+01
mode=3db  rload=10k  rsrc=1k  pos=2  C=47p
fcross = 5.823854e+05
pmarg = 7.756242e+01
tdc = 7.770754e+01
Doing analysis at TEMP = 27.000000 and TNOM = 27.000000

Using SPARSE 1.3 as Direct Linear Solver

No. of Data Rows : 801
fcross              =  5.83012e+05
Note: Starting dynamic gmin stepping
Note: Dynamic gmin stepping completed
pmarg               =  7.73982e+01
tdc                 =  7.77075e+01
mode=3db  rload=10k  rsrc=1k  pos=2  C=100p
fcross = 5.830123e+05
pmarg = 7.739816e+01
tdc = 7.770754e+01
Doing analysis at TEMP = 27.000000 and TNOM = 27.000000

Using SPARSE 1.3 as Direct Linear Solver

No. of Data Rows : 801
fcross              =  5.84428e+05
Note: Starting dynamic gmin stepping
Note: Dynamic gmin stepping completed
pmarg               =  7.70240e+01
tdc                 =  7.77075e+01
mode=3db  rload=10k  rsrc=1k  pos=2  C=220p
fcross = 5.844279e+05
pmarg = 7.702397e+01
tdc = 7.770753e+01
Doing analysis at TEMP = 27.000000 and TNOM = 27.000000

Using SPARSE 1.3 as Direct Linear Solver

No. of Data Rows : 801
fcross              =  5.87358e+05
Note: Starting dynamic gmin stepping
Note: Dynamic gmin stepping completed
pmarg               =  7.62342e+01
tdc                 =  7.77075e+01
mode=3db  rload=10k  rsrc=1k  pos=2  C=470p
fcross = 5.873580e+05
pmarg = 7.623422e+01
tdc = 7.770753e+01
Doing analysis at TEMP = 27.000000 and TNOM = 27.000000

Using SPARSE 1.3 as Direct Linear Solver

No. of Data Rows : 801
fcross              =  5.93592e+05
Note: Starting dynamic gmin stepping
Note: Dynamic gmin stepping completed
pmarg               =  7.45103e+01
tdc                 =  7.77075e+01
mode=3db  rload=10k  rsrc=1k  pos=2  C=1n
fcross = 5.935923e+05
pmarg = 7.451035e+01
tdc = 7.770752e+01
Doing analysis at TEMP = 27.000000 and TNOM = 27.000000

Using SPARSE 1.3 as Direct Linear Solver

No. of Data Rows : 801
fcross              =  5.99335e+05
Note: Starting dynamic gmin stepping
Note: Dynamic gmin stepping completed
pmarg               =  7.28269e+01
tdc                 =  7.77075e+01
mode=3db  rload=10k  rsrc=1k  pos=2  C=1.5n
fcross = 5.993355e+05
pmarg = 7.282686e+01
tdc = 7.770751e+01
Doing analysis at TEMP = 27.000000 and TNOM = 27.000000

Using SPARSE 1.3 as Direct Linear Solver

No. of Data Rows : 801
fcross              =  6.07107e+05
Note: Starting dynamic gmin stepping
Note: Dynamic gmin stepping completed
pmarg               =  7.03782e+01
tdc                 =  7.77075e+01
mode=3db  rload=10k  rsrc=1k  pos=2  C=2.2n
fcross = 6.071068e+05
pmarg = 7.037822e+01
tdc = 7.770750e+01
Doing analysis at TEMP = 27.000000 and TNOM = 27.000000

Using SPARSE 1.3 as Direct Linear Solver

No. of Data Rows : 801
fcross              =  6.12344e+05
Note: Starting dynamic gmin stepping
Note: Dynamic gmin stepping completed
pmarg               =  6.85699e+01
tdc                 =  7.77075e+01
mode=3db  rload=10k  rsrc=1k  pos=2  C=2.7n
fcross = 6.123443e+05
pmarg = 6.856993e+01
tdc = 7.770749e+01
Doing analysis at TEMP = 27.000000 and TNOM = 27.000000

Using SPARSE 1.3 as Direct Linear Solver

No. of Data Rows : 801
fcross              =  6.18140e+05
Note: Starting dynamic gmin stepping
Note: Dynamic gmin stepping completed
pmarg               =  6.63455e+01
tdc                 =  7.77075e+01
mode=3db  rload=10k  rsrc=1k  pos=2  C=3.3n
fcross = 6.181395e+05
pmarg = 6.634554e+01
tdc = 7.770747e+01
Doing analysis at TEMP = 27.000000 and TNOM = 27.000000

Using SPARSE 1.3 as Direct Linear Solver

No. of Data Rows : 801
fcross              =  6.28920e+05
pmarg               =  6.10042e+01
tdc                 =  7.77074e+01
mode=3db  rload=10k  rsrc=1k  pos=2  C=4.7n
fcross = 6.289195e+05
pmarg = 6.100416e+01
tdc = 7.770745e+01
Doing analysis at TEMP = 27.000000 and TNOM = 27.000000

Using SPARSE 1.3 as Direct Linear Solver

No. of Data Rows : 801
fcross              =  5.81765e+05
pmarg               =  7.74349e+01
tdc                 =  7.77075e+01
mode=3db  rload=10k  rsrc=2.5k  pos=1  C=1f
fcross = 5.817646e+05
pmarg = 7.743486e+01
tdc = 7.770754e+01
Doing analysis at TEMP = 27.000000 and TNOM = 27.000000

Using SPARSE 1.3 as Direct Linear Solver

No. of Data Rows : 801
fcross              =  5.82304e+05
pmarg               =  7.72908e+01
tdc                 =  7.77075e+01
mode=3db  rload=10k  rsrc=2.5k  pos=1  C=47p
fcross = 5.823039e+05
pmarg = 7.729080e+01
tdc = 7.770754e+01
Doing analysis at TEMP = 27.000000 and TNOM = 27.000000

Using SPARSE 1.3 as Direct Linear Solver

No. of Data Rows : 801
fcross              =  5.82882e+05
pmarg               =  7.71276e+01
tdc                 =  7.77075e+01
mode=3db  rload=10k  rsrc=2.5k  pos=1  C=100p
fcross = 5.828825e+05
pmarg = 7.712760e+01
tdc = 7.770754e+01
Doing analysis at TEMP = 27.000000 and TNOM = 27.000000

Using SPARSE 1.3 as Direct Linear Solver

No. of Data Rows : 801
fcross              =  5.84072e+05
pmarg               =  7.67559e+01
tdc                 =  7.77076e+01
mode=3db  rload=10k  rsrc=2.5k  pos=1  C=220p
fcross = 5.840721e+05
pmarg = 7.675588e+01
tdc = 7.770755e+01
Doing analysis at TEMP = 27.000000 and TNOM = 27.000000

Using SPARSE 1.3 as Direct Linear Solver

No. of Data Rows : 801
fcross              =  5.85984e+05
pmarg               =  7.59777e+01
tdc                 =  7.77076e+01
mode=3db  rload=10k  rsrc=2.5k  pos=1  C=470p
fcross = 5.859843e+05
pmarg = 7.597766e+01
tdc = 7.770757e+01
Doing analysis at TEMP = 27.000000 and TNOM = 27.000000

Using SPARSE 1.3 as Direct Linear Solver

No. of Data Rows : 801
fcross              =  5.87352e+05
pmarg               =  7.43705e+01
tdc                 =  7.77076e+01
mode=3db  rload=10k  rsrc=2.5k  pos=1  C=1n
fcross = 5.873520e+05
pmarg = 7.437049e+01
tdc = 7.770760e+01
Doing analysis at TEMP = 27.000000 and TNOM = 27.000000

Using SPARSE 1.3 as Direct Linear Solver

No. of Data Rows : 801
fcross              =  5.85393e+05
pmarg               =  7.30024e+01
tdc                 =  7.77076e+01
mode=3db  rload=10k  rsrc=2.5k  pos=1  C=1.5n
fcross = 5.853930e+05
pmarg = 7.300241e+01
tdc = 7.770763e+01
Doing analysis at TEMP = 27.000000 and TNOM = 27.000000

Using SPARSE 1.3 as Direct Linear Solver

No. of Data Rows : 801
fcross              =  5.78472e+05
pmarg               =  7.14594e+01
tdc                 =  7.77077e+01
mode=3db  rload=10k  rsrc=2.5k  pos=1  C=2.2n
fcross = 5.784720e+05
pmarg = 7.145944e+01
tdc = 7.770767e+01
Doing analysis at TEMP = 27.000000 and TNOM = 27.000000

Using SPARSE 1.3 as Direct Linear Solver

No. of Data Rows : 801
fcross              =  5.71716e+05
pmarg               =  7.06405e+01
tdc                 =  7.77077e+01
mode=3db  rload=10k  rsrc=2.5k  pos=1  C=2.7n
fcross = 5.717164e+05
pmarg = 7.064050e+01
tdc = 7.770770e+01
Doing analysis at TEMP = 27.000000 and TNOM = 27.000000

Using SPARSE 1.3 as Direct Linear Solver

No. of Data Rows : 801
fcross              =  5.62738e+05
pmarg               =  6.99363e+01
tdc                 =  7.77077e+01
mode=3db  rload=10k  rsrc=2.5k  pos=1  C=3.3n
fcross = 5.627383e+05
pmarg = 6.993633e+01
tdc = 7.770774e+01
Doing analysis at TEMP = 27.000000 and TNOM = 27.000000

Using SPARSE 1.3 as Direct Linear Solver

No. of Data Rows : 801
fcross              =  5.42234e+05
pmarg               =  6.91444e+01
tdc                 =  7.77078e+01
mode=3db  rload=10k  rsrc=2.5k  pos=1  C=4.7n
fcross = 5.422337e+05
pmarg = 6.914442e+01
tdc = 7.770783e+01
Doing analysis at TEMP = 27.000000 and TNOM = 27.000000

Using SPARSE 1.3 as Direct Linear Solver

No. of Data Rows : 801
fcross              =  5.81765e+05
pmarg               =  7.74349e+01
tdc                 =  7.77075e+01
mode=3db  rload=10k  rsrc=2.5k  pos=2  C=1f
fcross = 5.817646e+05
pmarg = 7.743486e+01
tdc = 7.770754e+01
Doing analysis at TEMP = 27.000000 and TNOM = 27.000000

Using SPARSE 1.3 as Direct Linear Solver

No. of Data Rows : 801
fcross              =  5.82321e+05
pmarg               =  7.72895e+01
tdc                 =  7.77075e+01
mode=3db  rload=10k  rsrc=2.5k  pos=2  C=47p
fcross = 5.823211e+05
pmarg = 7.728948e+01
tdc = 7.770754e+01
Doing analysis at TEMP = 27.000000 and TNOM = 27.000000

Using SPARSE 1.3 as Direct Linear Solver

No. of Data Rows : 801
fcross              =  5.82948e+05
pmarg               =  7.71249e+01
tdc                 =  7.77075e+01
mode=3db  rload=10k  rsrc=2.5k  pos=2  C=100p
fcross = 5.829478e+05
pmarg = 7.712495e+01
tdc = 7.770754e+01
Doing analysis at TEMP = 27.000000 and TNOM = 27.000000

Using SPARSE 1.3 as Direct Linear Solver

No. of Data Rows : 801
fcross              =  5.84363e+05
pmarg               =  7.67501e+01
tdc                 =  7.77075e+01
mode=3db  rload=10k  rsrc=2.5k  pos=2  C=220p
fcross = 5.843628e+05
pmarg = 7.675014e+01
tdc = 7.770753e+01
Doing analysis at TEMP = 27.000000 and TNOM = 27.000000

Using SPARSE 1.3 as Direct Linear Solver

No. of Data Rows : 801
fcross              =  5.87292e+05
pmarg               =  7.59591e+01
tdc                 =  7.77075e+01
mode=3db  rload=10k  rsrc=2.5k  pos=2  C=470p
fcross = 5.872917e+05
pmarg = 7.595913e+01
tdc = 7.770753e+01
Doing analysis at TEMP = 27.000000 and TNOM = 27.000000

Using SPARSE 1.3 as Direct Linear Solver

No. of Data Rows : 801
fcross              =  5.93521e+05
pmarg               =  7.42327e+01
tdc                 =  7.77075e+01
mode=3db  rload=10k  rsrc=2.5k  pos=2  C=1n
fcross = 5.935215e+05
pmarg = 7.423265e+01
tdc = 7.770752e+01
Doing analysis at TEMP = 27.000000 and TNOM = 27.000000

Using SPARSE 1.3 as Direct Linear Solver

No. of Data Rows : 801
fcross              =  5.99262e+05
pmarg               =  7.25467e+01
tdc                 =  7.77075e+01
mode=3db  rload=10k  rsrc=2.5k  pos=2  C=1.5n
fcross = 5.992622e+05
pmarg = 7.254674e+01
tdc = 7.770751e+01
Doing analysis at TEMP = 27.000000 and TNOM = 27.000000

Using SPARSE 1.3 as Direct Linear Solver

No. of Data Rows : 801
fcross              =  6.07028e+05
pmarg               =  7.00950e+01
tdc                 =  7.77075e+01
mode=3db  rload=10k  rsrc=2.5k  pos=2  C=2.2n
fcross = 6.070277e+05
pmarg = 7.009498e+01
tdc = 7.770750e+01
Doing analysis at TEMP = 27.000000 and TNOM = 27.000000

Using SPARSE 1.3 as Direct Linear Solver

No. of Data Rows : 801
fcross              =  6.12263e+05
pmarg               =  6.82846e+01
tdc                 =  7.77075e+01
mode=3db  rload=10k  rsrc=2.5k  pos=2  C=2.7n
fcross = 6.122629e+05
pmarg = 6.828458e+01
tdc = 7.770749e+01
Doing analysis at TEMP = 27.000000 and TNOM = 27.000000

Using SPARSE 1.3 as Direct Linear Solver

No. of Data Rows : 801
fcross              =  6.18053e+05
pmarg               =  6.60581e+01
tdc                 =  7.77075e+01
mode=3db  rload=10k  rsrc=2.5k  pos=2  C=3.3n
fcross = 6.180528e+05
pmarg = 6.605805e+01
tdc = 7.770747e+01
Doing analysis at TEMP = 27.000000 and TNOM = 27.000000

Using SPARSE 1.3 as Direct Linear Solver
 Reference value :  2.69153e+00
No. of Data Rows : 801
fcross              =  6.28829e+05
Note: Starting dynamic gmin stepping
Note: Dynamic gmin stepping completed
pmarg               =  6.07127e+01
tdc                 =  7.77074e+01
mode=3db  rload=10k  rsrc=2.5k  pos=2  C=4.7n
fcross = 6.288286e+05
pmarg = 6.071273e+01
tdc = 7.770745e+01
Doing analysis at TEMP = 27.000000 and TNOM = 27.000000

Using SPARSE 1.3 as Direct Linear Solver

No. of Data Rows : 801
fcross              =  5.81760e+05
Note: Starting dynamic gmin stepping
Note: Dynamic gmin stepping completed
pmarg               =  7.74220e+01
tdc                 =  7.77075e+01
mode=3db  rload=10k  rsrc=2.571k  pos=1  C=1f
fcross = 5.817605e+05
pmarg = 7.742200e+01
tdc = 7.770754e+01
Doing analysis at TEMP = 27.000000 and TNOM = 27.000000

Using SPARSE 1.3 as Direct Linear Solver

No. of Data Rows : 801
fcross              =  5.82300e+05
Note: Starting dynamic gmin stepping
Note: Dynamic gmin stepping completed
pmarg               =  7.72779e+01
tdc                 =  7.77075e+01
mode=3db  rload=10k  rsrc=2.571k  pos=1  C=47p
fcross = 5.822998e+05
pmarg = 7.727793e+01
tdc = 7.770754e+01
Doing analysis at TEMP = 27.000000 and TNOM = 27.000000

Using SPARSE 1.3 as Direct Linear Solver

No. of Data Rows : 801
fcross              =  5.82878e+05
Note: Starting dynamic gmin stepping
Note: Dynamic gmin stepping completed
pmarg               =  7.71147e+01
tdc                 =  7.77075e+01
mode=3db  rload=10k  rsrc=2.571k  pos=1  C=100p
fcross = 5.828783e+05
pmarg = 7.711472e+01
tdc = 7.770754e+01
Doing analysis at TEMP = 27.000000 and TNOM = 27.000000

Using SPARSE 1.3 as Direct Linear Solver

No. of Data Rows : 801
fcross              =  5.84068e+05
Note: Starting dynamic gmin stepping
Note: Dynamic gmin stepping completed
pmarg               =  7.67430e+01
tdc                 =  7.77076e+01
mode=3db  rload=10k  rsrc=2.571k  pos=1  C=220p
fcross = 5.840679e+05
pmarg = 7.674297e+01
tdc = 7.770755e+01
Doing analysis at TEMP = 27.000000 and TNOM = 27.000000

Using SPARSE 1.3 as Direct Linear Solver

No. of Data Rows : 801
fcross              =  5.85980e+05
Note: Starting dynamic gmin stepping
Note: Dynamic gmin stepping completed
pmarg               =  7.59647e+01
tdc                 =  7.77076e+01
mode=3db  rload=10k  rsrc=2.571k  pos=1  C=470p
fcross = 5.859800e+05
pmarg = 7.596472e+01
tdc = 7.770757e+01
Doing analysis at TEMP = 27.000000 and TNOM = 27.000000

Using SPARSE 1.3 as Direct Linear Solver

No. of Data Rows : 801
fcross              =  5.87348e+05
Note: Starting dynamic gmin stepping
Note: Dynamic gmin stepping completed
pmarg               =  7.43575e+01
tdc                 =  7.77076e+01
mode=3db  rload=10k  rsrc=2.571k  pos=1  C=1n
fcross = 5.873477e+05
pmarg = 7.435754e+01
tdc = 7.770760e+01
Doing analysis at TEMP = 27.000000 and TNOM = 27.000000

Using SPARSE 1.3 as Direct Linear Solver

No. of Data Rows : 801
fcross              =  5.85389e+05
Note: Starting dynamic gmin stepping
Note: Dynamic gmin stepping completed
pmarg               =  7.29895e+01
tdc                 =  7.77076e+01
mode=3db  rload=10k  rsrc=2.571k  pos=1  C=1.5n
fcross = 5.853888e+05
pmarg = 7.298951e+01
tdc = 7.770763e+01
Doing analysis at TEMP = 27.000000 and TNOM = 27.000000

Using SPARSE 1.3 as Direct Linear Solver

No. of Data Rows : 801
fcross              =  5.78468e+05
Note: Starting dynamic gmin stepping
Note: Dynamic gmin stepping completed
pmarg               =  7.14467e+01
tdc                 =  7.77077e+01
mode=3db  rload=10k  rsrc=2.571k  pos=1  C=2.2n
fcross = 5.784680e+05
pmarg = 7.144670e+01
tdc = 7.770767e+01
Doing analysis at TEMP = 27.000000 and TNOM = 27.000000

Using SPARSE 1.3 as Direct Linear Solver

No. of Data Rows : 801
fcross              =  5.71713e+05
Note: Starting dynamic gmin stepping
Note: Dynamic gmin stepping completed
pmarg               =  7.06279e+01
tdc                 =  7.77077e+01
mode=3db  rload=10k  rsrc=2.571k  pos=1  C=2.7n
fcross = 5.717126e+05
pmarg = 7.062790e+01
tdc = 7.770770e+01
Doing analysis at TEMP = 27.000000 and TNOM = 27.000000

Using SPARSE 1.3 as Direct Linear Solver

No. of Data Rows : 801
fcross              =  5.62735e+05
Note: Starting dynamic gmin stepping
Note: Dynamic gmin stepping completed
pmarg               =  6.99239e+01
tdc                 =  7.77077e+01
mode=3db  rload=10k  rsrc=2.571k  pos=1  C=3.3n
fcross = 5.627349e+05
pmarg = 6.992392e+01
tdc = 7.770774e+01
Doing analysis at TEMP = 27.000000 and TNOM = 27.000000

Using SPARSE 1.3 as Direct Linear Solver

No. of Data Rows : 801
fcross              =  5.42231e+05
Note: Starting dynamic gmin stepping
Note: Dynamic gmin stepping completed
pmarg               =  6.91325e+01
tdc                 =  7.77078e+01
mode=3db  rload=10k  rsrc=2.571k  pos=1  C=4.7n
fcross = 5.422307e+05
pmarg = 6.913245e+01
tdc = 7.770783e+01
Doing analysis at TEMP = 27.000000 and TNOM = 27.000000

Using SPARSE 1.3 as Direct Linear Solver

No. of Data Rows : 801
fcross              =  5.81760e+05
Note: Starting dynamic gmin stepping
Note: Dynamic gmin stepping completed
pmarg               =  7.74220e+01
tdc                 =  7.77075e+01
mode=3db  rload=10k  rsrc=2.571k  pos=2  C=1f
fcross = 5.817605e+05
pmarg = 7.742200e+01
tdc = 7.770754e+01
Doing analysis at TEMP = 27.000000 and TNOM = 27.000000

Using SPARSE 1.3 as Direct Linear Solver

No. of Data Rows : 801
fcross              =  5.82317e+05
Note: Starting dynamic gmin stepping
Note: Dynamic gmin stepping completed
pmarg               =  7.72766e+01
tdc                 =  7.77075e+01
mode=3db  rload=10k  rsrc=2.571k  pos=2  C=47p
fcross = 5.823169e+05
pmarg = 7.727661e+01
tdc = 7.770754e+01
Doing analysis at TEMP = 27.000000 and TNOM = 27.000000

Using SPARSE 1.3 as Direct Linear Solver

No. of Data Rows : 801
fcross              =  5.82944e+05
Note: Starting dynamic gmin stepping
Note: Dynamic gmin stepping completed
pmarg               =  7.71121e+01
tdc                 =  7.77075e+01
mode=3db  rload=10k  rsrc=2.571k  pos=2  C=100p
fcross = 5.829436e+05
pmarg = 7.711207e+01
tdc = 7.770754e+01
Doing analysis at TEMP = 27.000000 and TNOM = 27.000000

Using SPARSE 1.3 as Direct Linear Solver

No. of Data Rows : 801
fcross              =  5.84359e+05
Note: Starting dynamic gmin stepping
Note: Dynamic gmin stepping completed
pmarg               =  7.67372e+01
tdc                 =  7.77075e+01
mode=3db  rload=10k  rsrc=2.571k  pos=2  C=220p
fcross = 5.843586e+05
pmarg = 7.673723e+01
tdc = 7.770753e+01
Doing analysis at TEMP = 27.000000 and TNOM = 27.000000

Using SPARSE 1.3 as Direct Linear Solver

No. of Data Rows : 801
fcross              =  5.87287e+05
Note: Starting dynamic gmin stepping
Note: Dynamic gmin stepping completed
pmarg               =  7.59462e+01
tdc                 =  7.77075e+01
mode=3db  rload=10k  rsrc=2.571k  pos=2  C=470p
fcross = 5.872874e+05
pmarg = 7.594616e+01
tdc = 7.770753e+01
Doing analysis at TEMP = 27.000000 and TNOM = 27.000000

Using SPARSE 1.3 as Direct Linear Solver

No. of Data Rows : 801
fcross              =  5.93517e+05
Note: Starting dynamic gmin stepping
Note: Dynamic gmin stepping completed
pmarg               =  7.42196e+01
tdc                 =  7.77075e+01
mode=3db  rload=10k  rsrc=2.571k  pos=2  C=1n
fcross = 5.935169e+05
pmarg = 7.421957e+01
tdc = 7.770752e+01
Doing analysis at TEMP = 27.000000 and TNOM = 27.000000

Using SPARSE 1.3 as Direct Linear Solver

No. of Data Rows : 801
fcross              =  5.99257e+05
Note: Starting dynamic gmin stepping
Note: Dynamic gmin stepping completed
pmarg               =  7.25336e+01
tdc                 =  7.77075e+01
mode=3db  rload=10k  rsrc=2.571k  pos=2  C=1.5n
fcross = 5.992574e+05
pmarg = 7.253355e+01
tdc = 7.770751e+01
Doing analysis at TEMP = 27.000000 and TNOM = 27.000000

Using SPARSE 1.3 as Direct Linear Solver

No. of Data Rows : 801
fcross              =  6.07023e+05
Note: Starting dynamic gmin stepping
Note: Dynamic gmin stepping completed
pmarg               =  7.00817e+01
tdc                 =  7.77075e+01
mode=3db  rload=10k  rsrc=2.571k  pos=2  C=2.2n
fcross = 6.070226e+05
pmarg = 7.008166e+01
tdc = 7.770750e+01
Doing analysis at TEMP = 27.000000 and TNOM = 27.000000

Using SPARSE 1.3 as Direct Linear Solver

No. of Data Rows : 801
fcross              =  6.12258e+05
Note: Starting dynamic gmin stepping
Note: Dynamic gmin stepping completed
pmarg               =  6.82712e+01
tdc                 =  7.77075e+01
mode=3db  rload=10k  rsrc=2.571k  pos=2  C=2.7n
fcross = 6.122576e+05
pmarg = 6.827116e+01
tdc = 7.770749e+01
Doing analysis at TEMP = 27.000000 and TNOM = 27.000000

Using SPARSE 1.3 as Direct Linear Solver

No. of Data Rows : 801
fcross              =  6.18047e+05
Note: Starting dynamic gmin stepping
Note: Dynamic gmin stepping completed
pmarg               =  6.60445e+01
tdc                 =  7.77075e+01
mode=3db  rload=10k  rsrc=2.571k  pos=2  C=3.3n
fcross = 6.180472e+05
pmarg = 6.604454e+01
tdc = 7.770747e+01
Doing analysis at TEMP = 27.000000 and TNOM = 27.000000

Using SPARSE 1.3 as Direct Linear Solver

No. of Data Rows : 801
fcross              =  6.28823e+05
pmarg               =  6.06991e+01
tdc                 =  7.77074e+01
mode=3db  rload=10k  rsrc=2.571k  pos=2  C=4.7n
fcross = 6.288226e+05
pmarg = 6.069905e+01
tdc = 7.770745e+01
Doing analysis at TEMP = 27.000000 and TNOM = 27.000000

Using SPARSE 1.3 as Direct Linear Solver

No. of Data Rows : 801
fcross              =  5.81758e+05
pmarg               =  7.74148e+01
tdc                 =  7.77075e+01
mode=3db  rload=10k  rsrc=2.611k  pos=1  C=1f
fcross = 5.817581e+05
pmarg = 7.741476e+01
tdc = 7.770754e+01
Doing analysis at TEMP = 27.000000 and TNOM = 27.000000

Using SPARSE 1.3 as Direct Linear Solver

No. of Data Rows : 801
fcross              =  5.82297e+05
pmarg               =  7.72707e+01
tdc                 =  7.77075e+01
mode=3db  rload=10k  rsrc=2.611k  pos=1  C=47p
fcross = 5.822974e+05
pmarg = 7.727068e+01
tdc = 7.770754e+01
Doing analysis at TEMP = 27.000000 and TNOM = 27.000000

Using SPARSE 1.3 as Direct Linear Solver

No. of Data Rows : 801
fcross              =  5.82876e+05
pmarg               =  7.71075e+01
tdc                 =  7.77075e+01
mode=3db  rload=10k  rsrc=2.611k  pos=1  C=100p
fcross = 5.828759e+05
pmarg = 7.710747e+01
tdc = 7.770754e+01
Doing analysis at TEMP = 27.000000 and TNOM = 27.000000

Using SPARSE 1.3 as Direct Linear Solver

No. of Data Rows : 801
fcross              =  5.84066e+05
pmarg               =  7.67357e+01
tdc                 =  7.77075e+01
mode=3db  rload=10k  rsrc=2.611k  pos=1  C=220p
fcross = 5.840655e+05
pmarg = 7.673571e+01
tdc = 7.770755e+01
Doing analysis at TEMP = 27.000000 and TNOM = 27.000000

Using SPARSE 1.3 as Direct Linear Solver

No. of Data Rows : 801
fcross              =  5.85978e+05
pmarg               =  7.59574e+01
tdc                 =  7.77076e+01
mode=3db  rload=10k  rsrc=2.611k  pos=1  C=470p
fcross = 5.859776e+05
pmarg = 7.595744e+01
tdc = 7.770757e+01
Doing analysis at TEMP = 27.000000 and TNOM = 27.000000

Using SPARSE 1.3 as Direct Linear Solver

No. of Data Rows : 801
fcross              =  5.87345e+05
pmarg               =  7.43502e+01
tdc                 =  7.77076e+01
mode=3db  rload=10k  rsrc=2.611k  pos=1  C=1n
fcross = 5.873453e+05
pmarg = 7.435024e+01
tdc = 7.770760e+01
Doing analysis at TEMP = 27.000000 and TNOM = 27.000000

Using SPARSE 1.3 as Direct Linear Solver

No. of Data Rows : 801
fcross              =  5.85386e+05
pmarg               =  7.29822e+01
tdc                 =  7.77076e+01
mode=3db  rload=10k  rsrc=2.611k  pos=1  C=1.5n
fcross = 5.853864e+05
pmarg = 7.298224e+01
tdc = 7.770763e+01
Doing analysis at TEMP = 27.000000 and TNOM = 27.000000

Using SPARSE 1.3 as Direct Linear Solver

No. of Data Rows : 801
fcross              =  5.78466e+05
pmarg               =  7.14395e+01
tdc                 =  7.77077e+01
mode=3db  rload=10k  rsrc=2.611k  pos=1  C=2.2n
fcross = 5.784657e+05
pmarg = 7.143952e+01
tdc = 7.770767e+01
Doing analysis at TEMP = 27.000000 and TNOM = 27.000000

Using SPARSE 1.3 as Direct Linear Solver

No. of Data Rows : 801
fcross              =  5.71711e+05
pmarg               =  7.06208e+01
tdc                 =  7.77077e+01
mode=3db  rload=10k  rsrc=2.611k  pos=1  C=2.7n
fcross = 5.717105e+05
pmarg = 7.062081e+01
tdc = 7.770770e+01
Doing analysis at TEMP = 27.000000 and TNOM = 27.000000

Using SPARSE 1.3 as Direct Linear Solver

No. of Data Rows : 801
fcross              =  5.62733e+05
pmarg               =  6.99169e+01
tdc                 =  7.77077e+01
mode=3db  rload=10k  rsrc=2.611k  pos=1  C=3.3n
fcross = 5.627328e+05
pmarg = 6.991694e+01
tdc = 7.770774e+01
Doing analysis at TEMP = 27.000000 and TNOM = 27.000000

Using SPARSE 1.3 as Direct Linear Solver

No. of Data Rows : 801
fcross              =  5.42229e+05
pmarg               =  6.91257e+01
tdc                 =  7.77078e+01
mode=3db  rload=10k  rsrc=2.611k  pos=1  C=4.7n
fcross = 5.422290e+05
pmarg = 6.912571e+01
tdc = 7.770783e+01
Doing analysis at TEMP = 27.000000 and TNOM = 27.000000

Using SPARSE 1.3 as Direct Linear Solver

No. of Data Rows : 801
fcross              =  5.81758e+05
pmarg               =  7.74148e+01
tdc                 =  7.77075e+01
mode=3db  rload=10k  rsrc=2.611k  pos=2  C=1f
fcross = 5.817581e+05
pmarg = 7.741476e+01
tdc = 7.770754e+01
Doing analysis at TEMP = 27.000000 and TNOM = 27.000000

Using SPARSE 1.3 as Direct Linear Solver

No. of Data Rows : 801
fcross              =  5.82315e+05
pmarg               =  7.72694e+01
tdc                 =  7.77075e+01
mode=3db  rload=10k  rsrc=2.611k  pos=2  C=47p
fcross = 5.823146e+05
pmarg = 7.726936e+01
tdc = 7.770754e+01
Doing analysis at TEMP = 27.000000 and TNOM = 27.000000

Using SPARSE 1.3 as Direct Linear Solver

No. of Data Rows : 801
fcross              =  5.82941e+05
pmarg               =  7.71048e+01
tdc                 =  7.77075e+01
mode=3db  rload=10k  rsrc=2.611k  pos=2  C=100p
fcross = 5.829412e+05
pmarg = 7.710481e+01
tdc = 7.770753e+01
Doing analysis at TEMP = 27.000000 and TNOM = 27.000000

Using SPARSE 1.3 as Direct Linear Solver

No. of Data Rows : 801
fcross              =  5.84356e+05
pmarg               =  7.67300e+01
tdc                 =  7.77075e+01
mode=3db  rload=10k  rsrc=2.611k  pos=2  C=220p
fcross = 5.843562e+05
pmarg = 7.672996e+01
tdc = 7.770753e+01
Doing analysis at TEMP = 27.000000 and TNOM = 27.000000

Using SPARSE 1.3 as Direct Linear Solver

No. of Data Rows : 801
fcross              =  5.87285e+05
pmarg               =  7.59389e+01
tdc                 =  7.77075e+01
mode=3db  rload=10k  rsrc=2.611k  pos=2  C=470p
fcross = 5.872850e+05
pmarg = 7.593886e+01
tdc = 7.770753e+01
Doing analysis at TEMP = 27.000000 and TNOM = 27.000000

Using SPARSE 1.3 as Direct Linear Solver

No. of Data Rows : 801
fcross              =  5.93514e+05
pmarg               =  7.42122e+01
tdc                 =  7.77075e+01
mode=3db  rload=10k  rsrc=2.611k  pos=2  C=1n
fcross = 5.935143e+05
pmarg = 7.421220e+01
tdc = 7.770752e+01
Doing analysis at TEMP = 27.000000 and TNOM = 27.000000

Using SPARSE 1.3 as Direct Linear Solver

No. of Data Rows : 801
fcross              =  5.99255e+05
pmarg               =  7.25261e+01
tdc                 =  7.77075e+01
mode=3db  rload=10k  rsrc=2.611k  pos=2  C=1.5n
fcross = 5.992547e+05
pmarg = 7.252612e+01
tdc = 7.770751e+01
Doing analysis at TEMP = 27.000000 and TNOM = 27.000000

Using SPARSE 1.3 as Direct Linear Solver

No. of Data Rows : 801
fcross              =  6.07020e+05
pmarg               =  7.00742e+01
tdc                 =  7.77075e+01
mode=3db  rload=10k  rsrc=2.611k  pos=2  C=2.2n
fcross = 6.070197e+05
pmarg = 7.007415e+01
tdc = 7.770749e+01
Doing analysis at TEMP = 27.000000 and TNOM = 27.000000

Using SPARSE 1.3 as Direct Linear Solver

No. of Data Rows : 801
fcross              =  6.12255e+05
pmarg               =  6.82636e+01
tdc                 =  7.77075e+01
mode=3db  rload=10k  rsrc=2.611k  pos=2  C=2.7n
fcross = 6.122546e+05
pmarg = 6.826360e+01
tdc = 7.770748e+01
Doing analysis at TEMP = 27.000000 and TNOM = 27.000000

Using SPARSE 1.3 as Direct Linear Solver

No. of Data Rows : 801
fcross              =  6.18044e+05
pmarg               =  6.60369e+01
tdc                 =  7.77075e+01
mode=3db  rload=10k  rsrc=2.611k  pos=2  C=3.3n
fcross = 6.180439e+05
pmarg = 6.603694e+01
tdc = 7.770747e+01
Doing analysis at TEMP = 27.000000 and TNOM = 27.000000

Using SPARSE 1.3 as Direct Linear Solver
 Reference value :  1.02329e+03
No. of Data Rows : 801
fcross              =  6.28819e+05
pmarg               =  6.06914e+01
tdc                 =  7.77074e+01
mode=3db  rload=10k  rsrc=2.611k  pos=2  C=4.7n
fcross = 6.288192e+05
pmarg = 6.069135e+01
tdc = 7.770745e+01
Doing analysis at TEMP = 27.000000 and TNOM = 27.000000

Using SPARSE 1.3 as Direct Linear Solver

No. of Data Rows : 801
fcross              =  2.55638e+05
pmarg               =  9.15919e+01
tdc                 =  7.04181e+01
mode=10db  rload=100k  rsrc=1m  pos=1  C=1f
fcross = 2.556385e+05
pmarg = 9.159191e+01
tdc = 7.041811e+01
Doing analysis at TEMP = 27.000000 and TNOM = 27.000000

Using SPARSE 1.3 as Direct Linear Solver

No. of Data Rows : 801
fcross              =  2.55681e+05
pmarg               =  9.15366e+01
tdc                 =  7.04181e+01
mode=10db  rload=100k  rsrc=1m  pos=1  C=47p
fcross = 2.556814e+05
pmarg = 9.153660e+01
tdc = 7.041811e+01
Doing analysis at TEMP = 27.000000 and TNOM = 27.000000

Using SPARSE 1.3 as Direct Linear Solver

No. of Data Rows : 801
fcross              =  2.55727e+05
pmarg               =  9.14741e+01
tdc                 =  7.04181e+01
mode=10db  rload=100k  rsrc=1m  pos=1  C=100p
fcross = 2.557272e+05
pmarg = 9.147411e+01
tdc = 7.041811e+01
Doing analysis at TEMP = 27.000000 and TNOM = 27.000000

Using SPARSE 1.3 as Direct Linear Solver

No. of Data Rows : 801
fcross              =  2.55821e+05
pmarg               =  9.13322e+01
tdc                 =  7.04181e+01
mode=10db  rload=100k  rsrc=1m  pos=1  C=220p
fcross = 2.558213e+05
pmarg = 9.133216e+01
tdc = 7.041811e+01
Doing analysis at TEMP = 27.000000 and TNOM = 27.000000

Using SPARSE 1.3 as Direct Linear Solver

No. of Data Rows : 801
fcross              =  2.55973e+05
pmarg               =  9.10349e+01
tdc                 =  7.04181e+01
mode=10db  rload=100k  rsrc=1m  pos=1  C=470p
fcross = 2.559733e+05
pmarg = 9.103489e+01
tdc = 7.041811e+01
Doing analysis at TEMP = 27.000000 and TNOM = 27.000000

Using SPARSE 1.3 as Direct Linear Solver

No. of Data Rows : 801
fcross              =  2.56097e+05
pmarg               =  9.04018e+01
tdc                 =  7.04181e+01
mode=10db  rload=100k  rsrc=1m  pos=1  C=1n
fcross = 2.560970e+05
pmarg = 9.040185e+01
tdc = 7.041811e+01
Doing analysis at TEMP = 27.000000 and TNOM = 27.000000

Using SPARSE 1.3 as Direct Linear Solver

No. of Data Rows : 801
fcross              =  2.55967e+05
pmarg               =  8.98084e+01
tdc                 =  7.04181e+01
mode=10db  rload=100k  rsrc=1m  pos=1  C=1.5n
fcross = 2.559674e+05
pmarg = 8.980845e+01
tdc = 7.041810e+01
Doing analysis at TEMP = 27.000000 and TNOM = 27.000000

Using SPARSE 1.3 as Direct Linear Solver

No. of Data Rows : 801
fcross              =  2.55401e+05
pmarg               =  8.89992e+01
tdc                 =  7.04181e+01
mode=10db  rload=100k  rsrc=1m  pos=1  C=2.2n
fcross = 2.554014e+05
pmarg = 8.899923e+01
tdc = 7.041810e+01
Doing analysis at TEMP = 27.000000 and TNOM = 27.000000

Using SPARSE 1.3 as Direct Linear Solver

No. of Data Rows : 801
fcross              =  2.54745e+05
pmarg               =  8.84461e+01
tdc                 =  7.04181e+01
mode=10db  rload=100k  rsrc=1m  pos=1  C=2.7n
fcross = 2.547446e+05
pmarg = 8.844608e+01
tdc = 7.041810e+01
Doing analysis at TEMP = 27.000000 and TNOM = 27.000000

Using SPARSE 1.3 as Direct Linear Solver

No. of Data Rows : 801
fcross              =  2.53714e+05
pmarg               =  8.78185e+01
tdc                 =  7.04181e+01
mode=10db  rload=100k  rsrc=1m  pos=1  C=3.3n
fcross = 2.537137e+05
pmarg = 8.781846e+01
tdc = 7.041810e+01
Doing analysis at TEMP = 27.000000 and TNOM = 27.000000

Using SPARSE 1.3 as Direct Linear Solver

No. of Data Rows : 801
fcross              =  2.50534e+05
pmarg               =  8.65385e+01
tdc                 =  7.04181e+01
mode=10db  rload=100k  rsrc=1m  pos=1  C=4.7n
fcross = 2.505342e+05
pmarg = 8.653852e+01
tdc = 7.041809e+01
Doing analysis at TEMP = 27.000000 and TNOM = 27.000000

Using SPARSE 1.3 as Direct Linear Solver

No. of Data Rows : 801
fcross              =  2.55638e+05
pmarg               =  9.15919e+01
tdc                 =  7.04181e+01
mode=10db  rload=100k  rsrc=1m  pos=2  C=1f
fcross = 2.556385e+05
pmarg = 9.159191e+01
tdc = 7.041811e+01
Doing analysis at TEMP = 27.000000 and TNOM = 27.000000

Using SPARSE 1.3 as Direct Linear Solver

No. of Data Rows : 801
fcross              =  2.55682e+05
pmarg               =  9.15366e+01
tdc                 =  7.04181e+01
mode=10db  rload=100k  rsrc=1m  pos=2  C=47p
fcross = 2.556823e+05
pmarg = 9.153656e+01
tdc = 7.041811e+01
Doing analysis at TEMP = 27.000000 and TNOM = 27.000000

Using SPARSE 1.3 as Direct Linear Solver

No. of Data Rows : 801
fcross              =  2.55732e+05
pmarg               =  9.14741e+01
tdc                 =  7.04181e+01
mode=10db  rload=100k  rsrc=1m  pos=2  C=100p
fcross = 2.557315e+05
pmarg = 9.147410e+01
tdc = 7.041811e+01
Doing analysis at TEMP = 27.000000 and TNOM = 27.000000

Using SPARSE 1.3 as Direct Linear Solver

No. of Data Rows : 801
fcross              =  2.55842e+05
pmarg               =  9.13325e+01
tdc                 =  7.04181e+01
mode=10db  rload=100k  rsrc=1m  pos=2  C=220p
fcross = 2.558418e+05
pmarg = 9.133250e+01
tdc = 7.041811e+01
Doing analysis at TEMP = 27.000000 and TNOM = 27.000000

Using SPARSE 1.3 as Direct Linear Solver

No. of Data Rows : 801
fcross              =  2.56067e+05
pmarg               =  9.10367e+01
tdc                 =  7.04181e+01
mode=10db  rload=100k  rsrc=1m  pos=2  C=470p
fcross = 2.560672e+05
pmarg = 9.103672e+01
tdc = 7.041810e+01
Doing analysis at TEMP = 27.000000 and TNOM = 27.000000

Using SPARSE 1.3 as Direct Linear Solver

No. of Data Rows : 801
fcross              =  2.56524e+05
pmarg               =  9.04063e+01
tdc                 =  7.04181e+01
mode=10db  rload=100k  rsrc=1m  pos=2  C=1n
fcross = 2.565241e+05
pmarg = 9.040629e+01
tdc = 7.041809e+01
Doing analysis at TEMP = 27.000000 and TNOM = 27.000000

Using SPARSE 1.3 as Direct Linear Solver

No. of Data Rows : 801
fcross              =  2.56929e+05
pmarg               =  8.98076e+01
tdc                 =  7.04181e+01
mode=10db  rload=100k  rsrc=1m  pos=2  C=1.5n
fcross = 2.569286e+05
pmarg = 8.980759e+01
tdc = 7.041808e+01
Doing analysis at TEMP = 27.000000 and TNOM = 27.000000

Using SPARSE 1.3 as Direct Linear Solver

No. of Data Rows : 801
fcross              =  2.57461e+05
pmarg               =  8.89634e+01
tdc                 =  7.04181e+01
mode=10db  rload=100k  rsrc=1m  pos=2  C=2.2n
fcross = 2.574610e+05
pmarg = 8.896339e+01
tdc = 7.041807e+01
Doing analysis at TEMP = 27.000000 and TNOM = 27.000000

Using SPARSE 1.3 as Direct Linear Solver

No. of Data Rows : 801
fcross              =  2.57810e+05
pmarg               =  8.83565e+01
tdc                 =  7.04181e+01
mode=10db  rload=100k  rsrc=1m  pos=2  C=2.7n
fcross = 2.578097e+05
pmarg = 8.835652e+01
tdc = 7.041806e+01
Doing analysis at TEMP = 27.000000 and TNOM = 27.000000

Using SPARSE 1.3 as Direct Linear Solver

No. of Data Rows : 801
fcross              =  2.58190e+05
pmarg               =  8.76246e+01
tdc                 =  7.04181e+01
mode=10db  rload=100k  rsrc=1m  pos=2  C=3.3n
fcross = 2.581897e+05
pmarg = 8.762456e+01
tdc = 7.041805e+01
Doing analysis at TEMP = 27.000000 and TNOM = 27.000000

Using SPARSE 1.3 as Direct Linear Solver

No. of Data Rows : 801
fcross              =  2.58908e+05
pmarg               =  8.59041e+01
tdc                 =  7.04180e+01
mode=10db  rload=100k  rsrc=1m  pos=2  C=4.7n
fcross = 2.589077e+05
pmarg = 8.590410e+01
tdc = 7.041803e+01
Doing analysis at TEMP = 27.000000 and TNOM = 27.000000

Using SPARSE 1.3 as Direct Linear Solver

No. of Data Rows : 801
fcross              =  2.55637e+05
pmarg               =  9.15115e+01
tdc                 =  7.04181e+01
mode=10db  rload=100k  rsrc=1k  pos=1  C=1f
fcross = 2.556371e+05
pmarg = 9.151155e+01
tdc = 7.041811e+01
Doing analysis at TEMP = 27.000000 and TNOM = 27.000000

Using SPARSE 1.3 as Direct Linear Solver

No. of Data Rows : 801
fcross              =  2.55680e+05
pmarg               =  9.14562e+01
tdc                 =  7.04181e+01
mode=10db  rload=100k  rsrc=1k  pos=1  C=47p
fcross = 2.556800e+05
pmarg = 9.145623e+01
tdc = 7.041811e+01
Doing analysis at TEMP = 27.000000 and TNOM = 27.000000

Using SPARSE 1.3 as Direct Linear Solver

No. of Data Rows : 801
fcross              =  2.55726e+05
pmarg               =  9.13937e+01
tdc                 =  7.04181e+01
mode=10db  rload=100k  rsrc=1k  pos=1  C=100p
fcross = 2.557258e+05
pmarg = 9.139372e+01
tdc = 7.041811e+01
Doing analysis at TEMP = 27.000000 and TNOM = 27.000000

Using SPARSE 1.3 as Direct Linear Solver

No. of Data Rows : 801
fcross              =  2.55820e+05
pmarg               =  9.12517e+01
tdc                 =  7.04181e+01
mode=10db  rload=100k  rsrc=1k  pos=1  C=220p
fcross = 2.558199e+05
pmarg = 9.125174e+01
tdc = 7.041811e+01
Doing analysis at TEMP = 27.000000 and TNOM = 27.000000

Using SPARSE 1.3 as Direct Linear Solver

No. of Data Rows : 801
fcross              =  2.55972e+05
pmarg               =  9.09544e+01
tdc                 =  7.04181e+01
mode=10db  rload=100k  rsrc=1k  pos=1  C=470p
fcross = 2.559719e+05
pmarg = 9.095442e+01
tdc = 7.041811e+01
Doing analysis at TEMP = 27.000000 and TNOM = 27.000000

Using SPARSE 1.3 as Direct Linear Solver

No. of Data Rows : 801
fcross              =  2.56096e+05
pmarg               =  9.03213e+01
tdc                 =  7.04181e+01
mode=10db  rload=100k  rsrc=1k  pos=1  C=1n
fcross = 2.560956e+05
pmarg = 9.032135e+01
tdc = 7.041811e+01
Doing analysis at TEMP = 27.000000 and TNOM = 27.000000

Using SPARSE 1.3 as Direct Linear Solver

No. of Data Rows : 801
fcross              =  2.55966e+05
pmarg               =  8.97280e+01
tdc                 =  7.04181e+01
mode=10db  rload=100k  rsrc=1k  pos=1  C=1.5n
fcross = 2.559660e+05
pmarg = 8.972799e+01
tdc = 7.041810e+01
Doing analysis at TEMP = 27.000000 and TNOM = 27.000000

Using SPARSE 1.3 as Direct Linear Solver

No. of Data Rows : 801
fcross              =  2.55400e+05
pmarg               =  8.89190e+01
tdc                 =  7.04181e+01
mode=10db  rload=100k  rsrc=1k  pos=1  C=2.2n
fcross = 2.554000e+05
pmarg = 8.891896e+01
tdc = 7.041810e+01
Doing analysis at TEMP = 27.000000 and TNOM = 27.000000

Using SPARSE 1.3 as Direct Linear Solver

No. of Data Rows : 801
fcross              =  2.54743e+05
pmarg               =  8.83660e+01
tdc                 =  7.04181e+01
mode=10db  rload=100k  rsrc=1k  pos=1  C=2.7n
fcross = 2.547433e+05
pmarg = 8.836602e+01
tdc = 7.041810e+01
Doing analysis at TEMP = 27.000000 and TNOM = 27.000000

Using SPARSE 1.3 as Direct Linear Solver

No. of Data Rows : 801
fcross              =  2.53712e+05
pmarg               =  8.77387e+01
tdc                 =  7.04181e+01
mode=10db  rload=100k  rsrc=1k  pos=1  C=3.3n
fcross = 2.537124e+05
pmarg = 8.773872e+01
tdc = 7.041810e+01
Doing analysis at TEMP = 27.000000 and TNOM = 27.000000

Using SPARSE 1.3 as Direct Linear Solver

No. of Data Rows : 801
fcross              =  2.50533e+05
pmarg               =  8.64598e+01
tdc                 =  7.04181e+01
mode=10db  rload=100k  rsrc=1k  pos=1  C=4.7n
fcross = 2.505330e+05
pmarg = 8.645979e+01
tdc = 7.041809e+01
Doing analysis at TEMP = 27.000000 and TNOM = 27.000000

Using SPARSE 1.3 as Direct Linear Solver

No. of Data Rows : 801
fcross              =  2.55637e+05
pmarg               =  9.15115e+01
tdc                 =  7.04181e+01
mode=10db  rload=100k  rsrc=1k  pos=2  C=1f
fcross = 2.556371e+05
pmarg = 9.151155e+01
tdc = 7.041811e+01
Doing analysis at TEMP = 27.000000 and TNOM = 27.000000

Using SPARSE 1.3 as Direct Linear Solver

No. of Data Rows : 801
fcross              =  2.55681e+05
pmarg               =  9.14562e+01
tdc                 =  7.04181e+01
mode=10db  rload=100k  rsrc=1k  pos=2  C=47p
fcross = 2.556810e+05
pmarg = 9.145619e+01
tdc = 7.041811e+01
Doing analysis at TEMP = 27.000000 and TNOM = 27.000000

Using SPARSE 1.3 as Direct Linear Solver

No. of Data Rows : 801
fcross              =  2.55730e+05
pmarg               =  9.13937e+01
tdc                 =  7.04181e+01
mode=10db  rload=100k  rsrc=1k  pos=2  C=100p
fcross = 2.557301e+05
pmarg = 9.139371e+01
tdc = 7.041811e+01
Doing analysis at TEMP = 27.000000 and TNOM = 27.000000

Using SPARSE 1.3 as Direct Linear Solver

No. of Data Rows : 801
fcross              =  2.55840e+05
pmarg               =  9.12521e+01
tdc                 =  7.04181e+01
mode=10db  rload=100k  rsrc=1k  pos=2  C=220p
fcross = 2.558405e+05
pmarg = 9.125208e+01
tdc = 7.041811e+01
Doing analysis at TEMP = 27.000000 and TNOM = 27.000000

Using SPARSE 1.3 as Direct Linear Solver

No. of Data Rows : 801
fcross              =  2.56066e+05
pmarg               =  9.09562e+01
tdc                 =  7.04181e+01
mode=10db  rload=100k  rsrc=1k  pos=2  C=470p
fcross = 2.560658e+05
pmarg = 9.095622e+01
tdc = 7.041810e+01
Doing analysis at TEMP = 27.000000 and TNOM = 27.000000

Using SPARSE 1.3 as Direct Linear Solver

No. of Data Rows : 801
fcross              =  2.56523e+05
pmarg               =  9.03257e+01
tdc                 =  7.04181e+01
mode=10db  rload=100k  rsrc=1k  pos=2  C=1n
fcross = 2.565227e+05
pmarg = 9.032566e+01
tdc = 7.041809e+01
Doing analysis at TEMP = 27.000000 and TNOM = 27.000000

Using SPARSE 1.3 as Direct Linear Solver

No. of Data Rows : 801
fcross              =  2.56927e+05
pmarg               =  8.97268e+01
tdc                 =  7.04181e+01
mode=10db  rload=100k  rsrc=1k  pos=2  C=1.5n
fcross = 2.569272e+05
pmarg = 8.972683e+01
tdc = 7.041808e+01
Doing analysis at TEMP = 27.000000 and TNOM = 27.000000

Using SPARSE 1.3 as Direct Linear Solver

No. of Data Rows : 801
fcross              =  2.57460e+05
pmarg               =  8.88825e+01
tdc                 =  7.04181e+01
mode=10db  rload=100k  rsrc=1k  pos=2  C=2.2n
fcross = 2.574596e+05
pmarg = 8.888247e+01
tdc = 7.041807e+01
Doing analysis at TEMP = 27.000000 and TNOM = 27.000000

Using SPARSE 1.3 as Direct Linear Solver

No. of Data Rows : 801
fcross              =  2.57808e+05
pmarg               =  8.82755e+01
tdc                 =  7.04181e+01
mode=10db  rload=100k  rsrc=1k  pos=2  C=2.7n
fcross = 2.578082e+05
pmarg = 8.827549e+01
tdc = 7.041806e+01
Doing analysis at TEMP = 27.000000 and TNOM = 27.000000

Using SPARSE 1.3 as Direct Linear Solver

No. of Data Rows : 801
fcross              =  2.58188e+05
pmarg               =  8.75434e+01
tdc                 =  7.04181e+01
mode=10db  rload=100k  rsrc=1k  pos=2  C=3.3n
fcross = 2.581882e+05
pmarg = 8.754342e+01
tdc = 7.041805e+01
Doing analysis at TEMP = 27.000000 and TNOM = 27.000000

Using SPARSE 1.3 as Direct Linear Solver

No. of Data Rows : 801
fcross              =  2.58906e+05
pmarg               =  8.58227e+01
tdc                 =  7.04180e+01
mode=10db  rload=100k  rsrc=1k  pos=2  C=4.7n
fcross = 2.589062e+05
pmarg = 8.582275e+01
tdc = 7.041803e+01
Doing analysis at TEMP = 27.000000 and TNOM = 27.000000

Using SPARSE 1.3 as Direct Linear Solver

No. of Data Rows : 801
fcross              =  2.55632e+05
pmarg               =  9.13913e+01
tdc                 =  7.04181e+01
mode=10db  rload=100k  rsrc=2.5k  pos=1  C=1f
fcross = 2.556321e+05
pmarg = 9.139130e+01
tdc = 7.041811e+01
Doing analysis at TEMP = 27.000000 and TNOM = 27.000000

Using SPARSE 1.3 as Direct Linear Solver

No. of Data Rows : 801
fcross              =  2.55675e+05
pmarg               =  9.13360e+01
tdc                 =  7.04181e+01
mode=10db  rload=100k  rsrc=2.5k  pos=1  C=47p
fcross = 2.556749e+05
pmarg = 9.133596e+01
tdc = 7.041811e+01
Doing analysis at TEMP = 27.000000 and TNOM = 27.000000

Using SPARSE 1.3 as Direct Linear Solver

No. of Data Rows : 801
fcross              =  2.55721e+05
pmarg               =  9.12734e+01
tdc                 =  7.04181e+01
mode=10db  rload=100k  rsrc=2.5k  pos=1  C=100p
fcross = 2.557207e+05
pmarg = 9.127343e+01
tdc = 7.041811e+01
Doing analysis at TEMP = 27.000000 and TNOM = 27.000000

Using SPARSE 1.3 as Direct Linear Solver

No. of Data Rows : 801
fcross              =  2.55815e+05
pmarg               =  9.11314e+01
tdc                 =  7.04181e+01
mode=10db  rload=100k  rsrc=2.5k  pos=1  C=220p
fcross = 2.558148e+05
pmarg = 9.113142e+01
tdc = 7.041811e+01
Doing analysis at TEMP = 27.000000 and TNOM = 27.000000

Using SPARSE 1.3 as Direct Linear Solver

No. of Data Rows : 801
fcross              =  2.55967e+05
pmarg               =  9.08340e+01
tdc                 =  7.04181e+01
mode=10db  rload=100k  rsrc=2.5k  pos=1  C=470p
fcross = 2.559668e+05
pmarg = 9.083403e+01
tdc = 7.041811e+01
Doing analysis at TEMP = 27.000000 and TNOM = 27.000000

Using SPARSE 1.3 as Direct Linear Solver

No. of Data Rows : 801
fcross              =  2.56090e+05
pmarg               =  9.02009e+01
tdc                 =  7.04181e+01
mode=10db  rload=100k  rsrc=2.5k  pos=1  C=1n
fcross = 2.560905e+05
pmarg = 9.020091e+01
tdc = 7.041811e+01
Doing analysis at TEMP = 27.000000 and TNOM = 27.000000

Using SPARSE 1.3 as Direct Linear Solver

No. of Data Rows : 801
fcross              =  2.55961e+05
pmarg               =  8.96076e+01
tdc                 =  7.04181e+01
mode=10db  rload=100k  rsrc=2.5k  pos=1  C=1.5n
fcross = 2.559609e+05
pmarg = 8.960763e+01
tdc = 7.041810e+01
Doing analysis at TEMP = 27.000000 and TNOM = 27.000000

Using SPARSE 1.3 as Direct Linear Solver

No. of Data Rows : 801
fcross              =  2.55395e+05
pmarg               =  8.87989e+01
tdc                 =  7.04181e+01
mode=10db  rload=100k  rsrc=2.5k  pos=1  C=2.2n
fcross = 2.553950e+05
pmarg = 8.879888e+01
tdc = 7.041810e+01
Doing analysis at TEMP = 27.000000 and TNOM = 27.000000

Using SPARSE 1.3 as Direct Linear Solver

No. of Data Rows : 801
fcross              =  2.54738e+05
pmarg               =  8.82463e+01
tdc                 =  7.04181e+01
mode=10db  rload=100k  rsrc=2.5k  pos=1  C=2.7n
fcross = 2.547383e+05
pmarg = 8.824625e+01
tdc = 7.041810e+01
Doing analysis at TEMP = 27.000000 and TNOM = 27.000000

Using SPARSE 1.3 as Direct Linear Solver

No. of Data Rows : 801
fcross              =  2.53707e+05
pmarg               =  8.76194e+01
tdc                 =  7.04181e+01
mode=10db  rload=100k  rsrc=2.5k  pos=1  C=3.3n
fcross = 2.537075e+05
pmarg = 8.761945e+01
tdc = 7.041810e+01
Doing analysis at TEMP = 27.000000 and TNOM = 27.000000

Using SPARSE 1.3 as Direct Linear Solver

No. of Data Rows : 801
fcross              =  2.50528e+05
pmarg               =  8.63420e+01
tdc                 =  7.04181e+01
mode=10db  rload=100k  rsrc=2.5k  pos=1  C=4.7n
fcross = 2.505285e+05
pmarg = 8.634203e+01
tdc = 7.041809e+01
Doing analysis at TEMP = 27.000000 and TNOM = 27.000000

Using SPARSE 1.3 as Direct Linear Solver

No. of Data Rows : 801
fcross              =  2.55632e+05
pmarg               =  9.13913e+01
tdc                 =  7.04181e+01
mode=10db  rload=100k  rsrc=2.5k  pos=2  C=1f
fcross = 2.556321e+05
pmarg = 9.139130e+01
tdc = 7.041811e+01
Doing analysis at TEMP = 27.000000 and TNOM = 27.000000

Using SPARSE 1.3 as Direct Linear Solver

No. of Data Rows : 801
fcross              =  2.55676e+05
pmarg               =  9.13359e+01
tdc                 =  7.04181e+01
mode=10db  rload=100k  rsrc=2.5k  pos=2  C=47p
fcross = 2.556759e+05
pmarg = 9.133592e+01
tdc = 7.041811e+01
Doing analysis at TEMP = 27.000000 and TNOM = 27.000000

Using SPARSE 1.3 as Direct Linear Solver

No. of Data Rows : 801
fcross              =  2.55725e+05
pmarg               =  9.12734e+01
tdc                 =  7.04181e+01
mode=10db  rload=100k  rsrc=2.5k  pos=2  C=100p
fcross = 2.557251e+05
pmarg = 9.127342e+01
tdc = 7.041811e+01
Doing analysis at TEMP = 27.000000 and TNOM = 27.000000

Using SPARSE 1.3 as Direct Linear Solver

No. of Data Rows : 801
fcross              =  2.55835e+05
pmarg               =  9.11317e+01
tdc                 =  7.04181e+01
mode=10db  rload=100k  rsrc=2.5k  pos=2  C=220p
fcross = 2.558354e+05
pmarg = 9.113174e+01
tdc = 7.041811e+01
Doing analysis at TEMP = 27.000000 and TNOM = 27.000000

Using SPARSE 1.3 as Direct Linear Solver

No. of Data Rows : 801
fcross              =  2.56061e+05
pmarg               =  9.08358e+01
tdc                 =  7.04181e+01
mode=10db  rload=100k  rsrc=2.5k  pos=2  C=470p
fcross = 2.560607e+05
pmarg = 9.083579e+01
tdc = 7.041810e+01
Doing analysis at TEMP = 27.000000 and TNOM = 27.000000

Using SPARSE 1.3 as Direct Linear Solver

No. of Data Rows : 801
fcross              =  2.56518e+05
pmarg               =  9.02050e+01
tdc                 =  7.04181e+01
mode=10db  rload=100k  rsrc=2.5k  pos=2  C=1n
fcross = 2.565176e+05
pmarg = 9.020502e+01
tdc = 7.041809e+01
Doing analysis at TEMP = 27.000000 and TNOM = 27.000000

Using SPARSE 1.3 as Direct Linear Solver

No. of Data Rows : 801
fcross              =  2.56922e+05
pmarg               =  8.96060e+01
tdc                 =  7.04181e+01
mode=10db  rload=100k  rsrc=2.5k  pos=2  C=1.5n
fcross = 2.569221e+05
pmarg = 8.960602e+01
tdc = 7.041808e+01
Doing analysis at TEMP = 27.000000 and TNOM = 27.000000

Using SPARSE 1.3 as Direct Linear Solver

No. of Data Rows : 801
fcross              =  2.57454e+05
pmarg               =  8.87614e+01
tdc                 =  7.04181e+01
mode=10db  rload=100k  rsrc=2.5k  pos=2  C=2.2n
fcross = 2.574543e+05
pmarg = 8.876142e+01
tdc = 7.041807e+01
Doing analysis at TEMP = 27.000000 and TNOM = 27.000000

Using SPARSE 1.3 as Direct Linear Solver

No. of Data Rows : 801
fcross              =  2.57803e+05
pmarg               =  8.81543e+01
tdc                 =  7.04181e+01
mode=10db  rload=100k  rsrc=2.5k  pos=2  C=2.7n
fcross = 2.578028e+05
pmarg = 8.815430e+01
tdc = 7.041806e+01
Doing analysis at TEMP = 27.000000 and TNOM = 27.000000

Using SPARSE 1.3 as Direct Linear Solver

No. of Data Rows : 801
fcross              =  2.58183e+05
pmarg               =  8.74221e+01
tdc                 =  7.04181e+01
mode=10db  rload=100k  rsrc=2.5k  pos=2  C=3.3n
fcross = 2.581828e+05
pmarg = 8.742206e+01
tdc = 7.041805e+01
Doing analysis at TEMP = 27.000000 and TNOM = 27.000000

Using SPARSE 1.3 as Direct Linear Solver

No. of Data Rows : 801
fcross              =  2.58901e+05
pmarg               =  8.57011e+01
tdc                 =  7.04180e+01
mode=10db  rload=100k  rsrc=2.5k  pos=2  C=4.7n
fcross = 2.589008e+05
pmarg = 8.570109e+01
tdc = 7.041803e+01
Doing analysis at TEMP = 27.000000 and TNOM = 27.000000

Using SPARSE 1.3 as Direct Linear Solver

No. of Data Rows : 801
fcross              =  2.55632e+05
pmarg               =  9.13856e+01
tdc                 =  7.04181e+01
mode=10db  rload=100k  rsrc=2.571k  pos=1  C=1f
fcross = 2.556317e+05
pmarg = 9.138562e+01
tdc = 7.041811e+01
Doing analysis at TEMP = 27.000000 and TNOM = 27.000000

Using SPARSE 1.3 as Direct Linear Solver

No. of Data Rows : 801
fcross              =  2.55675e+05
pmarg               =  9.13303e+01
tdc                 =  7.04181e+01
mode=10db  rload=100k  rsrc=2.571k  pos=1  C=47p
fcross = 2.556746e+05
pmarg = 9.133028e+01
tdc = 7.041811e+01
Doing analysis at TEMP = 27.000000 and TNOM = 27.000000

Using SPARSE 1.3 as Direct Linear Solver

No. of Data Rows : 801
fcross              =  2.55720e+05
pmarg               =  9.12677e+01
tdc                 =  7.04181e+01
mode=10db  rload=100k  rsrc=2.571k  pos=1  C=100p
fcross = 2.557204e+05
pmarg = 9.126775e+01
tdc = 7.041811e+01
Doing analysis at TEMP = 27.000000 and TNOM = 27.000000

Using SPARSE 1.3 as Direct Linear Solver

No. of Data Rows : 801
fcross              =  2.55814e+05
pmarg               =  9.11257e+01
tdc                 =  7.04181e+01
mode=10db  rload=100k  rsrc=2.571k  pos=1  C=220p
fcross = 2.558145e+05
pmarg = 9.112573e+01
tdc = 7.041811e+01
Doing analysis at TEMP = 27.000000 and TNOM = 27.000000

Using SPARSE 1.3 as Direct Linear Solver
 Reference value :  1.58489e+07
No. of Data Rows : 801
fcross              =  2.55966e+05
pmarg               =  9.08283e+01
tdc                 =  7.04181e+01
mode=10db  rload=100k  rsrc=2.571k  pos=1  C=470p
fcross = 2.559665e+05
pmarg = 9.082834e+01
tdc = 7.041811e+01
Doing analysis at TEMP = 27.000000 and TNOM = 27.000000

Using SPARSE 1.3 as Direct Linear Solver

No. of Data Rows : 801
fcross              =  2.56090e+05
pmarg               =  9.01952e+01
tdc                 =  7.04181e+01
mode=10db  rload=100k  rsrc=2.571k  pos=1  C=1n
fcross = 2.560902e+05
pmarg = 9.019522e+01
tdc = 7.041811e+01
Doing analysis at TEMP = 27.000000 and TNOM = 27.000000

Using SPARSE 1.3 as Direct Linear Solver

No. of Data Rows : 801
fcross              =  2.55961e+05
pmarg               =  8.96019e+01
tdc                 =  7.04181e+01
mode=10db  rload=100k  rsrc=2.571k  pos=1  C=1.5n
fcross = 2.559606e+05
pmarg = 8.960194e+01
tdc = 7.041810e+01
Doing analysis at TEMP = 27.000000 and TNOM = 27.000000

Using SPARSE 1.3 as Direct Linear Solver

No. of Data Rows : 801
fcross              =  2.55395e+05
pmarg               =  8.87932e+01
tdc                 =  7.04181e+01
mode=10db  rload=100k  rsrc=2.571k  pos=1  C=2.2n
fcross = 2.553946e+05
pmarg = 8.879320e+01
tdc = 7.041810e+01
Doing analysis at TEMP = 27.000000 and TNOM = 27.000000

Using SPARSE 1.3 as Direct Linear Solver

No. of Data Rows : 801
fcross              =  2.54738e+05
pmarg               =  8.82406e+01
tdc                 =  7.04181e+01
mode=10db  rload=100k  rsrc=2.571k  pos=1  C=2.7n
fcross = 2.547380e+05
pmarg = 8.824059e+01
tdc = 7.041810e+01
Doing analysis at TEMP = 27.000000 and TNOM = 27.000000

Using SPARSE 1.3 as Direct Linear Solver

No. of Data Rows : 801
fcross              =  2.53707e+05
pmarg               =  8.76138e+01
tdc                 =  7.04181e+01
mode=10db  rload=100k  rsrc=2.571k  pos=1  C=3.3n
fcross = 2.537072e+05
pmarg = 8.761381e+01
tdc = 7.041810e+01
Doing analysis at TEMP = 27.000000 and TNOM = 27.000000

Using SPARSE 1.3 as Direct Linear Solver

No. of Data Rows : 801
fcross              =  2.50528e+05
pmarg               =  8.63365e+01
tdc                 =  7.04181e+01
mode=10db  rload=100k  rsrc=2.571k  pos=1  C=4.7n
fcross = 2.505282e+05
pmarg = 8.633646e+01
tdc = 7.041809e+01
Doing analysis at TEMP = 27.000000 and TNOM = 27.000000

Using SPARSE 1.3 as Direct Linear Solver

No. of Data Rows : 801
fcross              =  2.55632e+05
pmarg               =  9.13856e+01
tdc                 =  7.04181e+01
mode=10db  rload=100k  rsrc=2.571k  pos=2  C=1f
fcross = 2.556317e+05
pmarg = 9.138562e+01
tdc = 7.041811e+01
Doing analysis at TEMP = 27.000000 and TNOM = 27.000000

Using SPARSE 1.3 as Direct Linear Solver

No. of Data Rows : 801
fcross              =  2.55676e+05
pmarg               =  9.13302e+01
tdc                 =  7.04181e+01
mode=10db  rload=100k  rsrc=2.571k  pos=2  C=47p
fcross = 2.556756e+05
pmarg = 9.133024e+01
tdc = 7.041811e+01
Doing analysis at TEMP = 27.000000 and TNOM = 27.000000

Using SPARSE 1.3 as Direct Linear Solver

No. of Data Rows : 801
fcross              =  2.55725e+05
pmarg               =  9.12677e+01
tdc                 =  7.04181e+01
mode=10db  rload=100k  rsrc=2.571k  pos=2  C=100p
fcross = 2.557247e+05
pmarg = 9.126774e+01
tdc = 7.041811e+01
Doing analysis at TEMP = 27.000000 and TNOM = 27.000000

Using SPARSE 1.3 as Direct Linear Solver

No. of Data Rows : 801
fcross              =  2.55835e+05
pmarg               =  9.11261e+01
tdc                 =  7.04181e+01
mode=10db  rload=100k  rsrc=2.571k  pos=2  C=220p
fcross = 2.558351e+05
pmarg = 9.112605e+01
tdc = 7.041811e+01
Doing analysis at TEMP = 27.000000 and TNOM = 27.000000

Using SPARSE 1.3 as Direct Linear Solver

No. of Data Rows : 801
fcross              =  2.56060e+05
pmarg               =  9.08301e+01
tdc                 =  7.04181e+01
mode=10db  rload=100k  rsrc=2.571k  pos=2  C=470p
fcross = 2.560603e+05
pmarg = 9.083010e+01
tdc = 7.041810e+01
Doing analysis at TEMP = 27.000000 and TNOM = 27.000000

Using SPARSE 1.3 as Direct Linear Solver

No. of Data Rows : 801
fcross              =  2.56517e+05
pmarg               =  9.01993e+01
tdc                 =  7.04181e+01
mode=10db  rload=100k  rsrc=2.571k  pos=2  C=1n
fcross = 2.565172e+05
pmarg = 9.019932e+01
tdc = 7.041809e+01
Doing analysis at TEMP = 27.000000 and TNOM = 27.000000

Using SPARSE 1.3 as Direct Linear Solver

No. of Data Rows : 801
fcross              =  2.56922e+05
pmarg               =  8.96003e+01
tdc                 =  7.04181e+01
mode=10db  rload=100k  rsrc=2.571k  pos=2  C=1.5n
fcross = 2.569217e+05
pmarg = 8.960031e+01
tdc = 7.041808e+01
Doing analysis at TEMP = 27.000000 and TNOM = 27.000000

Using SPARSE 1.3 as Direct Linear Solver

No. of Data Rows : 801
fcross              =  2.57454e+05
pmarg               =  8.87557e+01
tdc                 =  7.04181e+01
mode=10db  rload=100k  rsrc=2.571k  pos=2  C=2.2n
fcross = 2.574539e+05
pmarg = 8.875570e+01
tdc = 7.041807e+01
Doing analysis at TEMP = 27.000000 and TNOM = 27.000000

Using SPARSE 1.3 as Direct Linear Solver

No. of Data Rows : 801
fcross              =  2.57802e+05
pmarg               =  8.81486e+01
tdc                 =  7.04181e+01
mode=10db  rload=100k  rsrc=2.571k  pos=2  C=2.7n
fcross = 2.578025e+05
pmarg = 8.814857e+01
tdc = 7.041806e+01
Doing analysis at TEMP = 27.000000 and TNOM = 27.000000

Using SPARSE 1.3 as Direct Linear Solver

No. of Data Rows : 801
fcross              =  2.58182e+05
pmarg               =  8.74163e+01
tdc                 =  7.04181e+01
mode=10db  rload=100k  rsrc=2.571k  pos=2  C=3.3n
fcross = 2.581825e+05
pmarg = 8.741632e+01
tdc = 7.041805e+01
Doing analysis at TEMP = 27.000000 and TNOM = 27.000000

Using SPARSE 1.3 as Direct Linear Solver

No. of Data Rows : 801
fcross              =  2.58900e+05
pmarg               =  8.56953e+01
tdc                 =  7.04180e+01
mode=10db  rload=100k  rsrc=2.571k  pos=2  C=4.7n
fcross = 2.589004e+05
pmarg = 8.569534e+01
tdc = 7.041803e+01
Doing analysis at TEMP = 27.000000 and TNOM = 27.000000

Using SPARSE 1.3 as Direct Linear Solver

No. of Data Rows : 801
fcross              =  2.55632e+05
pmarg               =  9.13824e+01
tdc                 =  7.04181e+01
mode=10db  rload=100k  rsrc=2.611k  pos=1  C=1f
fcross = 2.556315e+05
pmarg = 9.138242e+01
tdc = 7.041811e+01
Doing analysis at TEMP = 27.000000 and TNOM = 27.000000

Using SPARSE 1.3 as Direct Linear Solver

No. of Data Rows : 801
fcross              =  2.55674e+05
pmarg               =  9.13271e+01
tdc                 =  7.04181e+01
mode=10db  rload=100k  rsrc=2.611k  pos=1  C=47p
fcross = 2.556744e+05
pmarg = 9.132708e+01
tdc = 7.041811e+01
Doing analysis at TEMP = 27.000000 and TNOM = 27.000000

Using SPARSE 1.3 as Direct Linear Solver

No. of Data Rows : 801
fcross              =  2.55720e+05
pmarg               =  9.12645e+01
tdc                 =  7.04181e+01
mode=10db  rload=100k  rsrc=2.611k  pos=1  C=100p
fcross = 2.557202e+05
pmarg = 9.126454e+01
tdc = 7.041811e+01
Doing analysis at TEMP = 27.000000 and TNOM = 27.000000

Using SPARSE 1.3 as Direct Linear Solver

No. of Data Rows : 801
fcross              =  2.55814e+05
pmarg               =  9.11225e+01
tdc                 =  7.04181e+01
mode=10db  rload=100k  rsrc=2.611k  pos=1  C=220p
fcross = 2.558143e+05
pmarg = 9.112253e+01
tdc = 7.041811e+01
Doing analysis at TEMP = 27.000000 and TNOM = 27.000000

Using SPARSE 1.3 as Direct Linear Solver

No. of Data Rows : 801
fcross              =  2.55966e+05
pmarg               =  9.08251e+01
tdc                 =  7.04181e+01
mode=10db  rload=100k  rsrc=2.611k  pos=1  C=470p
fcross = 2.559663e+05
pmarg = 9.082514e+01
tdc = 7.041811e+01
Doing analysis at TEMP = 27.000000 and TNOM = 27.000000

Using SPARSE 1.3 as Direct Linear Solver

No. of Data Rows : 801
fcross              =  2.56090e+05
pmarg               =  9.01920e+01
tdc                 =  7.04181e+01
mode=10db  rload=100k  rsrc=2.611k  pos=1  C=1n
fcross = 2.560900e+05
pmarg = 9.019201e+01
tdc = 7.041811e+01
Doing analysis at TEMP = 27.000000 and TNOM = 27.000000

Using SPARSE 1.3 as Direct Linear Solver

No. of Data Rows : 801
fcross              =  2.55960e+05
pmarg               =  8.95987e+01
tdc                 =  7.04181e+01
mode=10db  rload=100k  rsrc=2.611k  pos=1  C=1.5n
fcross = 2.559604e+05
pmarg = 8.959873e+01
tdc = 7.041810e+01
Doing analysis at TEMP = 27.000000 and TNOM = 27.000000

Using SPARSE 1.3 as Direct Linear Solver

No. of Data Rows : 801
fcross              =  2.55394e+05
pmarg               =  8.87900e+01
tdc                 =  7.04181e+01
mode=10db  rload=100k  rsrc=2.611k  pos=1  C=2.2n
fcross = 2.553945e+05
pmarg = 8.879001e+01
tdc = 7.041810e+01
Doing analysis at TEMP = 27.000000 and TNOM = 27.000000

Using SPARSE 1.3 as Direct Linear Solver

No. of Data Rows : 801
fcross              =  2.54738e+05
pmarg               =  8.82374e+01
tdc                 =  7.04181e+01
mode=10db  rload=100k  rsrc=2.611k  pos=1  C=2.7n
fcross = 2.547378e+05
pmarg = 8.823741e+01
tdc = 7.041810e+01
Doing analysis at TEMP = 27.000000 and TNOM = 27.000000

Using SPARSE 1.3 as Direct Linear Solver

No. of Data Rows : 801
fcross              =  2.53707e+05
pmarg               =  8.76106e+01
tdc                 =  7.04181e+01
mode=10db  rload=100k  rsrc=2.611k  pos=1  C=3.3n
fcross = 2.537070e+05
pmarg = 8.761064e+01
tdc = 7.041810e+01
Doing analysis at TEMP = 27.000000 and TNOM = 27.000000

Using SPARSE 1.3 as Direct Linear Solver

No. of Data Rows : 801
fcross              =  2.50528e+05
pmarg               =  8.63333e+01
tdc                 =  7.04181e+01
mode=10db  rload=100k  rsrc=2.611k  pos=1  C=4.7n
fcross = 2.505280e+05
pmarg = 8.633333e+01
tdc = 7.041809e+01
Doing analysis at TEMP = 27.000000 and TNOM = 27.000000

Using SPARSE 1.3 as Direct Linear Solver

No. of Data Rows : 801
fcross              =  2.55632e+05
pmarg               =  9.13824e+01
tdc                 =  7.04181e+01
mode=10db  rload=100k  rsrc=2.611k  pos=2  C=1f
fcross = 2.556315e+05
pmarg = 9.138242e+01
tdc = 7.041811e+01
Doing analysis at TEMP = 27.000000 and TNOM = 27.000000

Using SPARSE 1.3 as Direct Linear Solver

No. of Data Rows : 801
fcross              =  2.55675e+05
pmarg               =  9.13270e+01
tdc                 =  7.04181e+01
mode=10db  rload=100k  rsrc=2.611k  pos=2  C=47p
fcross = 2.556754e+05
pmarg = 9.132704e+01
tdc = 7.041811e+01
Doing analysis at TEMP = 27.000000 and TNOM = 27.000000

Using SPARSE 1.3 as Direct Linear Solver

No. of Data Rows : 801
fcross              =  2.55725e+05
pmarg               =  9.12645e+01
tdc                 =  7.04181e+01
mode=10db  rload=100k  rsrc=2.611k  pos=2  C=100p
fcross = 2.557245e+05
pmarg = 9.126454e+01
tdc = 7.041811e+01
Doing analysis at TEMP = 27.000000 and TNOM = 27.000000

Using SPARSE 1.3 as Direct Linear Solver

No. of Data Rows : 801
fcross              =  2.55835e+05
pmarg               =  9.11228e+01
tdc                 =  7.04181e+01
mode=10db  rload=100k  rsrc=2.611k  pos=2  C=220p
fcross = 2.558349e+05
pmarg = 9.112285e+01
tdc = 7.041811e+01
Doing analysis at TEMP = 27.000000 and TNOM = 27.000000

Using SPARSE 1.3 as Direct Linear Solver

No. of Data Rows : 801
fcross              =  2.56060e+05
pmarg               =  9.08269e+01
tdc                 =  7.04181e+01
mode=10db  rload=100k  rsrc=2.611k  pos=2  C=470p
fcross = 2.560602e+05
pmarg = 9.082689e+01
tdc = 7.041810e+01
Doing analysis at TEMP = 27.000000 and TNOM = 27.000000

Using SPARSE 1.3 as Direct Linear Solver

No. of Data Rows : 801
fcross              =  2.56517e+05
pmarg               =  9.01961e+01
tdc                 =  7.04181e+01
mode=10db  rload=100k  rsrc=2.611k  pos=2  C=1n
fcross = 2.565170e+05
pmarg = 9.019611e+01
tdc = 7.041809e+01
Doing analysis at TEMP = 27.000000 and TNOM = 27.000000

Using SPARSE 1.3 as Direct Linear Solver

No. of Data Rows : 801
fcross              =  2.56922e+05
pmarg               =  8.95971e+01
tdc                 =  7.04181e+01
mode=10db  rload=100k  rsrc=2.611k  pos=2  C=1.5n
fcross = 2.569215e+05
pmarg = 8.959709e+01
tdc = 7.041808e+01
Doing analysis at TEMP = 27.000000 and TNOM = 27.000000

Using SPARSE 1.3 as Direct Linear Solver

No. of Data Rows : 801
fcross              =  2.57454e+05
pmarg               =  8.87525e+01
tdc                 =  7.04181e+01
mode=10db  rload=100k  rsrc=2.611k  pos=2  C=2.2n
fcross = 2.574537e+05
pmarg = 8.875248e+01
tdc = 7.041807e+01
Doing analysis at TEMP = 27.000000 and TNOM = 27.000000

Using SPARSE 1.3 as Direct Linear Solver

No. of Data Rows : 801
fcross              =  2.57802e+05
pmarg               =  8.81453e+01
tdc                 =  7.04181e+01
mode=10db  rload=100k  rsrc=2.611k  pos=2  C=2.7n
fcross = 2.578023e+05
pmarg = 8.814534e+01
tdc = 7.041806e+01
Doing analysis at TEMP = 27.000000 and TNOM = 27.000000

Using SPARSE 1.3 as Direct Linear Solver

No. of Data Rows : 801
fcross              =  2.58182e+05
pmarg               =  8.74131e+01
tdc                 =  7.04181e+01
mode=10db  rload=100k  rsrc=2.611k  pos=2  C=3.3n
fcross = 2.581823e+05
pmarg = 8.741309e+01
tdc = 7.041805e+01
Doing analysis at TEMP = 27.000000 and TNOM = 27.000000

Using SPARSE 1.3 as Direct Linear Solver

No. of Data Rows : 801
fcross              =  2.58900e+05
pmarg               =  8.56921e+01
tdc                 =  7.04180e+01
mode=10db  rload=100k  rsrc=2.611k  pos=2  C=4.7n
fcross = 2.589002e+05
pmarg = 8.569210e+01
tdc = 7.041803e+01
Doing analysis at TEMP = 27.000000 and TNOM = 27.000000

Using SPARSE 1.3 as Direct Linear Solver

No. of Data Rows : 801
fcross              =  2.55330e+05
pmarg               =  9.15795e+01
tdc                 =  7.02499e+01
mode=10db  rload=10k  rsrc=1m  pos=1  C=1f
fcross = 2.553304e+05
pmarg = 9.157946e+01
tdc = 7.024993e+01
Doing analysis at TEMP = 27.000000 and TNOM = 27.000000

Using SPARSE 1.3 as Direct Linear Solver

No. of Data Rows : 801
fcross              =  2.55373e+05
pmarg               =  9.15247e+01
tdc                 =  7.02499e+01
mode=10db  rload=10k  rsrc=1m  pos=1  C=47p
fcross = 2.553727e+05
pmarg = 9.152474e+01
tdc = 7.024993e+01
Doing analysis at TEMP = 27.000000 and TNOM = 27.000000

Using SPARSE 1.3 as Direct Linear Solver

No. of Data Rows : 801
fcross              =  2.55418e+05
pmarg               =  9.14629e+01
tdc                 =  7.02499e+01
mode=10db  rload=10k  rsrc=1m  pos=1  C=100p
fcross = 2.554180e+05
pmarg = 9.146291e+01
tdc = 7.024994e+01
Doing analysis at TEMP = 27.000000 and TNOM = 27.000000

Using SPARSE 1.3 as Direct Linear Solver

No. of Data Rows : 801
fcross              =  2.55511e+05
pmarg               =  9.13225e+01
tdc                 =  7.02499e+01
mode=10db  rload=10k  rsrc=1m  pos=1  C=220p
fcross = 2.555109e+05
pmarg = 9.132249e+01
tdc = 7.024994e+01
Doing analysis at TEMP = 27.000000 and TNOM = 27.000000

Using SPARSE 1.3 as Direct Linear Solver

No. of Data Rows : 801
fcross              =  2.55661e+05
pmarg               =  9.10284e+01
tdc                 =  7.02500e+01
mode=10db  rload=10k  rsrc=1m  pos=1  C=470p
fcross = 2.556612e+05
pmarg = 9.102843e+01
tdc = 7.024996e+01
Doing analysis at TEMP = 27.000000 and TNOM = 27.000000

Using SPARSE 1.3 as Direct Linear Solver

No. of Data Rows : 801
fcross              =  2.55785e+05
pmarg               =  9.04022e+01
tdc                 =  7.02500e+01
mode=10db  rload=10k  rsrc=1m  pos=1  C=1n
fcross = 2.557848e+05
pmarg = 9.040222e+01
tdc = 7.024999e+01
Doing analysis at TEMP = 27.000000 and TNOM = 27.000000

Using SPARSE 1.3 as Direct Linear Solver

No. of Data Rows : 801
fcross              =  2.55659e+05
pmarg               =  8.98151e+01
tdc                 =  7.02500e+01
mode=10db  rload=10k  rsrc=1m  pos=1  C=1.5n
fcross = 2.556591e+05
pmarg = 8.981513e+01
tdc = 7.025002e+01
Doing analysis at TEMP = 27.000000 and TNOM = 27.000000

Using SPARSE 1.3 as Direct Linear Solver

No. of Data Rows : 801
fcross              =  2.55105e+05
pmarg               =  8.90142e+01
tdc                 =  7.02501e+01
mode=10db  rload=10k  rsrc=1m  pos=1  C=2.2n
fcross = 2.551047e+05
pmarg = 8.901422e+01
tdc = 7.025006e+01
Doing analysis at TEMP = 27.000000 and TNOM = 27.000000

Using SPARSE 1.3 as Direct Linear Solver

No. of Data Rows : 801
fcross              =  2.54460e+05
pmarg               =  8.84664e+01
tdc                 =  7.02501e+01
mode=10db  rload=10k  rsrc=1m  pos=1  C=2.7n
fcross = 2.544599e+05
pmarg = 8.846640e+01
tdc = 7.025009e+01
Doing analysis at TEMP = 27.000000 and TNOM = 27.000000

Using SPARSE 1.3 as Direct Linear Solver

No. of Data Rows : 801
fcross              =  2.53447e+05
pmarg               =  8.78444e+01
tdc                 =  7.02501e+01
mode=10db  rload=10k  rsrc=1m  pos=1  C=3.3n
fcross = 2.534465e+05
pmarg = 8.784438e+01
tdc = 7.025013e+01
Doing analysis at TEMP = 27.000000 and TNOM = 27.000000

Using SPARSE 1.3 as Direct Linear Solver

No. of Data Rows : 801
fcross              =  2.50320e+05
pmarg               =  8.65738e+01
tdc                 =  7.02502e+01
mode=10db  rload=10k  rsrc=1m  pos=1  C=4.7n
fcross = 2.503205e+05
pmarg = 8.657379e+01
tdc = 7.025021e+01
Doing analysis at TEMP = 27.000000 and TNOM = 27.000000

Using SPARSE 1.3 as Direct Linear Solver

No. of Data Rows : 801
fcross              =  2.55330e+05
pmarg               =  9.15795e+01
tdc                 =  7.02499e+01
mode=10db  rload=10k  rsrc=1m  pos=2  C=1f
fcross = 2.553304e+05
pmarg = 9.157946e+01
tdc = 7.024993e+01
Doing analysis at TEMP = 27.000000 and TNOM = 27.000000

Using SPARSE 1.3 as Direct Linear Solver

No. of Data Rows : 801
fcross              =  2.55374e+05
pmarg               =  9.15242e+01
tdc                 =  7.02499e+01
mode=10db  rload=10k  rsrc=1m  pos=2  C=47p
fcross = 2.553741e+05
pmarg = 9.152424e+01
tdc = 7.024993e+01
Doing analysis at TEMP = 27.000000 and TNOM = 27.000000

Using SPARSE 1.3 as Direct Linear Solver

No. of Data Rows : 801
fcross              =  2.55423e+05
pmarg               =  9.14619e+01
tdc                 =  7.02499e+01
mode=10db  rload=10k  rsrc=1m  pos=2  C=100p
fcross = 2.554230e+05
pmarg = 9.146192e+01
tdc = 7.024993e+01
Doing analysis at TEMP = 27.000000 and TNOM = 27.000000

Using SPARSE 1.3 as Direct Linear Solver

No. of Data Rows : 801
fcross              =  2.55533e+05
pmarg               =  9.13206e+01
tdc                 =  7.02499e+01
mode=10db  rload=10k  rsrc=1m  pos=2  C=220p
fcross = 2.555328e+05
pmarg = 9.132065e+01
tdc = 7.024993e+01
Doing analysis at TEMP = 27.000000 and TNOM = 27.000000

Using SPARSE 1.3 as Direct Linear Solver

No. of Data Rows : 801
fcross              =  2.55757e+05
pmarg               =  9.10255e+01
tdc                 =  7.02499e+01
mode=10db  rload=10k  rsrc=1m  pos=2  C=470p
fcross = 2.557571e+05
pmarg = 9.102555e+01
tdc = 7.024992e+01
Doing analysis at TEMP = 27.000000 and TNOM = 27.000000

Using SPARSE 1.3 as Direct Linear Solver

No. of Data Rows : 801
fcross              =  2.56212e+05
pmarg               =  9.03966e+01
tdc                 =  7.02499e+01
mode=10db  rload=10k  rsrc=1m  pos=2  C=1n
fcross = 2.562118e+05
pmarg = 9.039659e+01
tdc = 7.024991e+01
Doing analysis at TEMP = 27.000000 and TNOM = 27.000000

Using SPARSE 1.3 as Direct Linear Solver

No. of Data Rows : 801
fcross              =  2.56614e+05
pmarg               =  8.97993e+01
tdc                 =  7.02499e+01
mode=10db  rload=10k  rsrc=1m  pos=2  C=1.5n
fcross = 2.566144e+05
pmarg = 8.979931e+01
tdc = 7.024991e+01
Doing analysis at TEMP = 27.000000 and TNOM = 27.000000

Using SPARSE 1.3 as Direct Linear Solver

No. of Data Rows : 801
fcross              =  2.57136e+05
pmarg               =  8.89572e+01
tdc                 =  7.02499e+01
mode=10db  rload=10k  rsrc=1m  pos=2  C=2.2n
fcross = 2.571358e+05
pmarg = 8.895723e+01
tdc = 7.024989e+01
Doing analysis at TEMP = 27.000000 and TNOM = 27.000000

Using SPARSE 1.3 as Direct Linear Solver

No. of Data Rows : 801
fcross              =  2.57483e+05
pmarg               =  8.83519e+01
tdc                 =  7.02499e+01
mode=10db  rload=10k  rsrc=1m  pos=2  C=2.7n
fcross = 2.574827e+05
pmarg = 8.835186e+01
tdc = 7.024989e+01
Doing analysis at TEMP = 27.000000 and TNOM = 27.000000

Using SPARSE 1.3 as Direct Linear Solver

No. of Data Rows : 801
fcross              =  2.57861e+05
pmarg               =  8.76217e+01
tdc                 =  7.02499e+01
mode=10db  rload=10k  rsrc=1m  pos=2  C=3.3n
fcross = 2.578608e+05
pmarg = 8.762173e+01
tdc = 7.024988e+01
Doing analysis at TEMP = 27.000000 and TNOM = 27.000000

Using SPARSE 1.3 as Direct Linear Solver

No. of Data Rows : 801
fcross              =  2.58575e+05
pmarg               =  8.59056e+01
tdc                 =  7.02499e+01
mode=10db  rload=10k  rsrc=1m  pos=2  C=4.7n
fcross = 2.585751e+05
pmarg = 8.590562e+01
tdc = 7.024985e+01
Doing analysis at TEMP = 27.000000 and TNOM = 27.000000

Using SPARSE 1.3 as Direct Linear Solver

No. of Data Rows : 801
fcross              =  2.55329e+05
pmarg               =  9.14992e+01
tdc                 =  7.02499e+01
mode=10db  rload=10k  rsrc=1k  pos=1  C=1f
fcross = 2.553291e+05
pmarg = 9.149919e+01
tdc = 7.024993e+01
Doing analysis at TEMP = 27.000000 and TNOM = 27.000000

Using SPARSE 1.3 as Direct Linear Solver

No. of Data Rows : 801
fcross              =  2.55371e+05
pmarg               =  9.14445e+01
tdc                 =  7.02499e+01
mode=10db  rload=10k  rsrc=1k  pos=1  C=47p
fcross = 2.553714e+05
pmarg = 9.144446e+01
tdc = 7.024993e+01
Doing analysis at TEMP = 27.000000 and TNOM = 27.000000

Using SPARSE 1.3 as Direct Linear Solver

No. of Data Rows : 801
fcross              =  2.55417e+05
pmarg               =  9.13826e+01
tdc                 =  7.02499e+01
mode=10db  rload=10k  rsrc=1k  pos=1  C=100p
fcross = 2.554167e+05
pmarg = 9.138262e+01
tdc = 7.024994e+01
Doing analysis at TEMP = 27.000000 and TNOM = 27.000000

Using SPARSE 1.3 as Direct Linear Solver

No. of Data Rows : 801
fcross              =  2.55510e+05
pmarg               =  9.12422e+01
tdc                 =  7.02499e+01
mode=10db  rload=10k  rsrc=1k  pos=1  C=220p
fcross = 2.555095e+05
pmarg = 9.124217e+01
tdc = 7.024994e+01
Doing analysis at TEMP = 27.000000 and TNOM = 27.000000

Using SPARSE 1.3 as Direct Linear Solver

No. of Data Rows : 801
fcross              =  2.55660e+05
pmarg               =  9.09481e+01
tdc                 =  7.02500e+01
mode=10db  rload=10k  rsrc=1k  pos=1  C=470p
fcross = 2.556599e+05
pmarg = 9.094806e+01
tdc = 7.024996e+01
Doing analysis at TEMP = 27.000000 and TNOM = 27.000000

Using SPARSE 1.3 as Direct Linear Solver

No. of Data Rows : 801
fcross              =  2.55783e+05
pmarg               =  9.03218e+01
tdc                 =  7.02500e+01
mode=10db  rload=10k  rsrc=1k  pos=1  C=1n
fcross = 2.557834e+05
pmarg = 9.032182e+01
tdc = 7.024999e+01
Doing analysis at TEMP = 27.000000 and TNOM = 27.000000

Using SPARSE 1.3 as Direct Linear Solver

No. of Data Rows : 801
fcross              =  2.55658e+05
pmarg               =  8.97348e+01
tdc                 =  7.02500e+01
mode=10db  rload=10k  rsrc=1k  pos=1  C=1.5n
fcross = 2.556577e+05
pmarg = 8.973478e+01
tdc = 7.025002e+01
Doing analysis at TEMP = 27.000000 and TNOM = 27.000000

Using SPARSE 1.3 as Direct Linear Solver

No. of Data Rows : 801
fcross              =  2.55103e+05
pmarg               =  8.89340e+01
tdc                 =  7.02501e+01
mode=10db  rload=10k  rsrc=1k  pos=1  C=2.2n
fcross = 2.551033e+05
pmarg = 8.893404e+01
tdc = 7.025006e+01
Doing analysis at TEMP = 27.000000 and TNOM = 27.000000

Using SPARSE 1.3 as Direct Linear Solver

No. of Data Rows : 801
fcross              =  2.54459e+05
pmarg               =  8.83864e+01
tdc                 =  7.02501e+01
mode=10db  rload=10k  rsrc=1k  pos=1  C=2.7n
fcross = 2.544586e+05
pmarg = 8.838643e+01
tdc = 7.025009e+01
Doing analysis at TEMP = 27.000000 and TNOM = 27.000000

Using SPARSE 1.3 as Direct Linear Solver

No. of Data Rows : 801
fcross              =  2.53445e+05
pmarg               =  8.77647e+01
tdc                 =  7.02501e+01
mode=10db  rload=10k  rsrc=1k  pos=1  C=3.3n
fcross = 2.534452e+05
pmarg = 8.776473e+01
tdc = 7.025013e+01
Doing analysis at TEMP = 27.000000 and TNOM = 27.000000

Using SPARSE 1.3 as Direct Linear Solver
 Reference value :  5.75440e+03
No. of Data Rows : 801
fcross              =  2.50319e+05
pmarg               =  8.64951e+01
tdc                 =  7.02502e+01
mode=10db  rload=10k  rsrc=1k  pos=1  C=4.7n
fcross = 2.503193e+05
pmarg = 8.649512e+01
tdc = 7.025021e+01
Doing analysis at TEMP = 27.000000 and TNOM = 27.000000

Using SPARSE 1.3 as Direct Linear Solver

No. of Data Rows : 801
fcross              =  2.55329e+05
pmarg               =  9.14992e+01
tdc                 =  7.02499e+01
mode=10db  rload=10k  rsrc=1k  pos=2  C=1f
fcross = 2.553291e+05
pmarg = 9.149919e+01
tdc = 7.024993e+01
Doing analysis at TEMP = 27.000000 and TNOM = 27.000000

Using SPARSE 1.3 as Direct Linear Solver

No. of Data Rows : 801
fcross              =  2.55373e+05
pmarg               =  9.14440e+01
tdc                 =  7.02499e+01
mode=10db  rload=10k  rsrc=1k  pos=2  C=47p
fcross = 2.553727e+05
pmarg = 9.144396e+01
tdc = 7.024993e+01
Doing analysis at TEMP = 27.000000 and TNOM = 27.000000

Using SPARSE 1.3 as Direct Linear Solver

No. of Data Rows : 801
fcross              =  2.55422e+05
pmarg               =  9.13816e+01
tdc                 =  7.02499e+01
mode=10db  rload=10k  rsrc=1k  pos=2  C=100p
fcross = 2.554217e+05
pmarg = 9.138163e+01
tdc = 7.024993e+01
Doing analysis at TEMP = 27.000000 and TNOM = 27.000000

Using SPARSE 1.3 as Direct Linear Solver

No. of Data Rows : 801
fcross              =  2.55531e+05
pmarg               =  9.12403e+01
tdc                 =  7.02499e+01
mode=10db  rload=10k  rsrc=1k  pos=2  C=220p
fcross = 2.555315e+05
pmarg = 9.124032e+01
tdc = 7.024993e+01
Doing analysis at TEMP = 27.000000 and TNOM = 27.000000

Using SPARSE 1.3 as Direct Linear Solver

No. of Data Rows : 801
fcross              =  2.55756e+05
pmarg               =  9.09452e+01
tdc                 =  7.02499e+01
mode=10db  rload=10k  rsrc=1k  pos=2  C=470p
fcross = 2.557557e+05
pmarg = 9.094515e+01
tdc = 7.024992e+01
Doing analysis at TEMP = 27.000000 and TNOM = 27.000000

Using SPARSE 1.3 as Direct Linear Solver

No. of Data Rows : 801
fcross              =  2.56210e+05
pmarg               =  9.03161e+01
tdc                 =  7.02499e+01
mode=10db  rload=10k  rsrc=1k  pos=2  C=1n
fcross = 2.562104e+05
pmarg = 9.031606e+01
tdc = 7.024991e+01
Doing analysis at TEMP = 27.000000 and TNOM = 27.000000

Using SPARSE 1.3 as Direct Linear Solver

No. of Data Rows : 801
fcross              =  2.56613e+05
pmarg               =  8.97187e+01
tdc                 =  7.02499e+01
mode=10db  rload=10k  rsrc=1k  pos=2  C=1.5n
fcross = 2.566130e+05
pmarg = 8.971865e+01
tdc = 7.024991e+01
Doing analysis at TEMP = 27.000000 and TNOM = 27.000000

Using SPARSE 1.3 as Direct Linear Solver

No. of Data Rows : 801
fcross              =  2.57134e+05
pmarg               =  8.88764e+01
tdc                 =  7.02499e+01
mode=10db  rload=10k  rsrc=1k  pos=2  C=2.2n
fcross = 2.571344e+05
pmarg = 8.887642e+01
tdc = 7.024989e+01
Doing analysis at TEMP = 27.000000 and TNOM = 27.000000

Using SPARSE 1.3 as Direct Linear Solver

No. of Data Rows : 801
fcross              =  2.57481e+05
pmarg               =  8.82709e+01
tdc                 =  7.02499e+01
mode=10db  rload=10k  rsrc=1k  pos=2  C=2.7n
fcross = 2.574812e+05
pmarg = 8.827094e+01
tdc = 7.024989e+01
Doing analysis at TEMP = 27.000000 and TNOM = 27.000000

Using SPARSE 1.3 as Direct Linear Solver

No. of Data Rows : 801
fcross              =  2.57859e+05
pmarg               =  8.75407e+01
tdc                 =  7.02499e+01
mode=10db  rload=10k  rsrc=1k  pos=2  C=3.3n
fcross = 2.578593e+05
pmarg = 8.754069e+01
tdc = 7.024988e+01
Doing analysis at TEMP = 27.000000 and TNOM = 27.000000

Using SPARSE 1.3 as Direct Linear Solver

No. of Data Rows : 801
fcross              =  2.58574e+05
pmarg               =  8.58244e+01
tdc                 =  7.02499e+01
mode=10db  rload=10k  rsrc=1k  pos=2  C=4.7n
fcross = 2.585737e+05
pmarg = 8.582437e+01
tdc = 7.024985e+01
Doing analysis at TEMP = 27.000000 and TNOM = 27.000000

Using SPARSE 1.3 as Direct Linear Solver

No. of Data Rows : 801
fcross              =  2.55324e+05
pmarg               =  9.13791e+01
tdc                 =  7.02499e+01
mode=10db  rload=10k  rsrc=2.5k  pos=1  C=1f
fcross = 2.553240e+05
pmarg = 9.137909e+01
tdc = 7.024993e+01
Doing analysis at TEMP = 27.000000 and TNOM = 27.000000

Using SPARSE 1.3 as Direct Linear Solver

No. of Data Rows : 801
fcross              =  2.55366e+05
pmarg               =  9.13243e+01
tdc                 =  7.02499e+01
mode=10db  rload=10k  rsrc=2.5k  pos=1  C=47p
fcross = 2.553663e+05
pmarg = 9.132434e+01
tdc = 7.024993e+01
Doing analysis at TEMP = 27.000000 and TNOM = 27.000000

Using SPARSE 1.3 as Direct Linear Solver

No. of Data Rows : 801
fcross              =  2.55412e+05
pmarg               =  9.12625e+01
tdc                 =  7.02499e+01
mode=10db  rload=10k  rsrc=2.5k  pos=1  C=100p
fcross = 2.554116e+05
pmarg = 9.126248e+01
tdc = 7.024994e+01
Doing analysis at TEMP = 27.000000 and TNOM = 27.000000

Using SPARSE 1.3 as Direct Linear Solver

No. of Data Rows : 801
fcross              =  2.55504e+05
pmarg               =  9.11220e+01
tdc                 =  7.02499e+01
mode=10db  rload=10k  rsrc=2.5k  pos=1  C=220p
fcross = 2.555045e+05
pmarg = 9.112199e+01
tdc = 7.024994e+01
Doing analysis at TEMP = 27.000000 and TNOM = 27.000000

Using SPARSE 1.3 as Direct Linear Solver

No. of Data Rows : 801
fcross              =  2.55655e+05
pmarg               =  9.08278e+01
tdc                 =  7.02500e+01
mode=10db  rload=10k  rsrc=2.5k  pos=1  C=470p
fcross = 2.556548e+05
pmarg = 9.082782e+01
tdc = 7.024996e+01
Doing analysis at TEMP = 27.000000 and TNOM = 27.000000

Using SPARSE 1.3 as Direct Linear Solver

No. of Data Rows : 801
fcross              =  2.55778e+05
pmarg               =  9.02015e+01
tdc                 =  7.02500e+01
mode=10db  rload=10k  rsrc=2.5k  pos=1  C=1n
fcross = 2.557783e+05
pmarg = 9.020153e+01
tdc = 7.024999e+01
Doing analysis at TEMP = 27.000000 and TNOM = 27.000000

Using SPARSE 1.3 as Direct Linear Solver

No. of Data Rows : 801
fcross              =  2.55653e+05
pmarg               =  8.96146e+01
tdc                 =  7.02500e+01
mode=10db  rload=10k  rsrc=2.5k  pos=1  C=1.5n
fcross = 2.556526e+05
pmarg = 8.961456e+01
tdc = 7.025002e+01
Doing analysis at TEMP = 27.000000 and TNOM = 27.000000

Using SPARSE 1.3 as Direct Linear Solver

No. of Data Rows : 801
fcross              =  2.55098e+05
pmarg               =  8.88141e+01
tdc                 =  7.02501e+01
mode=10db  rload=10k  rsrc=2.5k  pos=1  C=2.2n
fcross = 2.550983e+05
pmarg = 8.881409e+01
tdc = 7.025006e+01
Doing analysis at TEMP = 27.000000 and TNOM = 27.000000

Using SPARSE 1.3 as Direct Linear Solver

No. of Data Rows : 801
fcross              =  2.54454e+05
pmarg               =  8.82668e+01
tdc                 =  7.02501e+01
mode=10db  rload=10k  rsrc=2.5k  pos=1  C=2.7n
fcross = 2.544536e+05
pmarg = 8.826680e+01
tdc = 7.025009e+01
Doing analysis at TEMP = 27.000000 and TNOM = 27.000000

Using SPARSE 1.3 as Direct Linear Solver

No. of Data Rows : 801
fcross              =  2.53440e+05
pmarg               =  8.76456e+01
tdc                 =  7.02501e+01
mode=10db  rload=10k  rsrc=2.5k  pos=1  C=3.3n
fcross = 2.534403e+05
pmarg = 8.764559e+01
tdc = 7.025013e+01
Doing analysis at TEMP = 27.000000 and TNOM = 27.000000

Using SPARSE 1.3 as Direct Linear Solver

No. of Data Rows : 801
fcross              =  2.50315e+05
pmarg               =  8.63775e+01
tdc                 =  7.02502e+01
mode=10db  rload=10k  rsrc=2.5k  pos=1  C=4.7n
fcross = 2.503147e+05
pmarg = 8.637746e+01
tdc = 7.025021e+01
Doing analysis at TEMP = 27.000000 and TNOM = 27.000000

Using SPARSE 1.3 as Direct Linear Solver

No. of Data Rows : 801
fcross              =  2.55324e+05
pmarg               =  9.13791e+01
tdc                 =  7.02499e+01
mode=10db  rload=10k  rsrc=2.5k  pos=2  C=1f
fcross = 2.553240e+05
pmarg = 9.137909e+01
tdc = 7.024993e+01
Doing analysis at TEMP = 27.000000 and TNOM = 27.000000

Using SPARSE 1.3 as Direct Linear Solver

No. of Data Rows : 801
fcross              =  2.55368e+05
pmarg               =  9.13238e+01
tdc                 =  7.02499e+01
mode=10db  rload=10k  rsrc=2.5k  pos=2  C=47p
fcross = 2.553676e+05
pmarg = 9.132384e+01
tdc = 7.024993e+01
Doing analysis at TEMP = 27.000000 and TNOM = 27.000000

Using SPARSE 1.3 as Direct Linear Solver

No. of Data Rows : 801
fcross              =  2.55417e+05
pmarg               =  9.12615e+01
tdc                 =  7.02499e+01
mode=10db  rload=10k  rsrc=2.5k  pos=2  C=100p
fcross = 2.554166e+05
pmarg = 9.126148e+01
tdc = 7.024993e+01
Doing analysis at TEMP = 27.000000 and TNOM = 27.000000

Using SPARSE 1.3 as Direct Linear Solver

No. of Data Rows : 801
fcross              =  2.55526e+05
pmarg               =  9.11201e+01
tdc                 =  7.02499e+01
mode=10db  rload=10k  rsrc=2.5k  pos=2  C=220p
fcross = 2.555264e+05
pmarg = 9.112013e+01
tdc = 7.024993e+01
Doing analysis at TEMP = 27.000000 and TNOM = 27.000000

Using SPARSE 1.3 as Direct Linear Solver

No. of Data Rows : 801
fcross              =  2.55751e+05
pmarg               =  9.08249e+01
tdc                 =  7.02499e+01
mode=10db  rload=10k  rsrc=2.5k  pos=2  C=470p
fcross = 2.557506e+05
pmarg = 9.082486e+01
tdc = 7.024992e+01
Doing analysis at TEMP = 27.000000 and TNOM = 27.000000

Using SPARSE 1.3 as Direct Linear Solver

No. of Data Rows : 801
fcross              =  2.56205e+05
pmarg               =  9.01956e+01
tdc                 =  7.02499e+01
mode=10db  rload=10k  rsrc=2.5k  pos=2  C=1n
fcross = 2.562053e+05
pmarg = 9.019557e+01
tdc = 7.024991e+01
Doing analysis at TEMP = 27.000000 and TNOM = 27.000000

Using SPARSE 1.3 as Direct Linear Solver

No. of Data Rows : 801
fcross              =  2.56608e+05
pmarg               =  8.95980e+01
tdc                 =  7.02499e+01
mode=10db  rload=10k  rsrc=2.5k  pos=2  C=1.5n
fcross = 2.566078e+05
pmarg = 8.959799e+01
tdc = 7.024991e+01
Doing analysis at TEMP = 27.000000 and TNOM = 27.000000

Using SPARSE 1.3 as Direct Linear Solver

No. of Data Rows : 801
fcross              =  2.57129e+05
pmarg               =  8.87555e+01
tdc                 =  7.02499e+01
mode=10db  rload=10k  rsrc=2.5k  pos=2  C=2.2n
fcross = 2.571291e+05
pmarg = 8.875552e+01
tdc = 7.024989e+01
Doing analysis at TEMP = 27.000000 and TNOM = 27.000000

Using SPARSE 1.3 as Direct Linear Solver

No. of Data Rows : 801
fcross              =  2.57476e+05
pmarg               =  8.81499e+01
tdc                 =  7.02499e+01
mode=10db  rload=10k  rsrc=2.5k  pos=2  C=2.7n
fcross = 2.574759e+05
pmarg = 8.814990e+01
tdc = 7.024989e+01
Doing analysis at TEMP = 27.000000 and TNOM = 27.000000

Using SPARSE 1.3 as Direct Linear Solver

No. of Data Rows : 801
fcross              =  2.57854e+05
pmarg               =  8.74195e+01
tdc                 =  7.02499e+01
mode=10db  rload=10k  rsrc=2.5k  pos=2  C=3.3n
fcross = 2.578539e+05
pmarg = 8.741948e+01
tdc = 7.024988e+01
Doing analysis at TEMP = 27.000000 and TNOM = 27.000000

Using SPARSE 1.3 as Direct Linear Solver

No. of Data Rows : 801
fcross              =  2.58568e+05
pmarg               =  8.57029e+01
tdc                 =  7.02499e+01
mode=10db  rload=10k  rsrc=2.5k  pos=2  C=4.7n
fcross = 2.585682e+05
pmarg = 8.570287e+01
tdc = 7.024985e+01
Doing analysis at TEMP = 27.000000 and TNOM = 27.000000

Using SPARSE 1.3 as Direct Linear Solver

No. of Data Rows : 801
fcross              =  2.55324e+05
pmarg               =  9.13734e+01
tdc                 =  7.02499e+01
mode=10db  rload=10k  rsrc=2.571k  pos=1  C=1f
fcross = 2.553237e+05
pmarg = 9.137342e+01
tdc = 7.024993e+01
Doing analysis at TEMP = 27.000000 and TNOM = 27.000000

Using SPARSE 1.3 as Direct Linear Solver

No. of Data Rows : 801
fcross              =  2.55366e+05
pmarg               =  9.13187e+01
tdc                 =  7.02499e+01
mode=10db  rload=10k  rsrc=2.571k  pos=1  C=47p
fcross = 2.553660e+05
pmarg = 9.131867e+01
tdc = 7.024993e+01
Doing analysis at TEMP = 27.000000 and TNOM = 27.000000

Using SPARSE 1.3 as Direct Linear Solver

No. of Data Rows : 801
fcross              =  2.55411e+05
pmarg               =  9.12568e+01
tdc                 =  7.02499e+01
mode=10db  rload=10k  rsrc=2.571k  pos=1  C=100p
fcross = 2.554113e+05
pmarg = 9.125681e+01
tdc = 7.024994e+01
Doing analysis at TEMP = 27.000000 and TNOM = 27.000000

Using SPARSE 1.3 as Direct Linear Solver

No. of Data Rows : 801
fcross              =  2.55504e+05
pmarg               =  9.11163e+01
tdc                 =  7.02499e+01
mode=10db  rload=10k  rsrc=2.571k  pos=1  C=220p
fcross = 2.555041e+05
pmarg = 9.111631e+01
tdc = 7.024994e+01
Doing analysis at TEMP = 27.000000 and TNOM = 27.000000

Using SPARSE 1.3 as Direct Linear Solver

No. of Data Rows : 801
fcross              =  2.55654e+05
pmarg               =  9.08221e+01
tdc                 =  7.02500e+01
mode=10db  rload=10k  rsrc=2.571k  pos=1  C=470p
fcross = 2.556545e+05
pmarg = 9.082213e+01
tdc = 7.024996e+01
Doing analysis at TEMP = 27.000000 and TNOM = 27.000000

Using SPARSE 1.3 as Direct Linear Solver

No. of Data Rows : 801
fcross              =  2.55778e+05
pmarg               =  9.01958e+01
tdc                 =  7.02500e+01
mode=10db  rload=10k  rsrc=2.571k  pos=1  C=1n
fcross = 2.557780e+05
pmarg = 9.019584e+01
tdc = 7.024999e+01
Doing analysis at TEMP = 27.000000 and TNOM = 27.000000

Using SPARSE 1.3 as Direct Linear Solver

No. of Data Rows : 801
fcross              =  2.55652e+05
pmarg               =  8.96089e+01
tdc                 =  7.02500e+01
mode=10db  rload=10k  rsrc=2.571k  pos=1  C=1.5n
fcross = 2.556523e+05
pmarg = 8.960888e+01
tdc = 7.025002e+01
Doing analysis at TEMP = 27.000000 and TNOM = 27.000000

Using SPARSE 1.3 as Direct Linear Solver

No. of Data Rows : 801
fcross              =  2.55098e+05
pmarg               =  8.88084e+01
tdc                 =  7.02501e+01
mode=10db  rload=10k  rsrc=2.571k  pos=1  C=2.2n
fcross = 2.550980e+05
pmarg = 8.880843e+01
tdc = 7.025006e+01
Doing analysis at TEMP = 27.000000 and TNOM = 27.000000

Using SPARSE 1.3 as Direct Linear Solver

No. of Data Rows : 801
fcross              =  2.54453e+05
pmarg               =  8.82611e+01
tdc                 =  7.02501e+01
mode=10db  rload=10k  rsrc=2.571k  pos=1  C=2.7n
fcross = 2.544533e+05
pmarg = 8.826115e+01
tdc = 7.025009e+01
Doing analysis at TEMP = 27.000000 and TNOM = 27.000000

Using SPARSE 1.3 as Direct Linear Solver

No. of Data Rows : 801
fcross              =  2.53440e+05
pmarg               =  8.76400e+01
tdc                 =  7.02501e+01
mode=10db  rload=10k  rsrc=2.571k  pos=1  C=3.3n
fcross = 2.534400e+05
pmarg = 8.763996e+01
tdc = 7.025013e+01
Doing analysis at TEMP = 27.000000 and TNOM = 27.000000

Using SPARSE 1.3 as Direct Linear Solver

No. of Data Rows : 801
fcross              =  2.50314e+05
pmarg               =  8.63719e+01
tdc                 =  7.02502e+01
mode=10db  rload=10k  rsrc=2.571k  pos=1  C=4.7n
fcross = 2.503144e+05
pmarg = 8.637190e+01
tdc = 7.025021e+01
Doing analysis at TEMP = 27.000000 and TNOM = 27.000000

Using SPARSE 1.3 as Direct Linear Solver

No. of Data Rows : 801
fcross              =  2.55324e+05
pmarg               =  9.13734e+01
tdc                 =  7.02499e+01
mode=10db  rload=10k  rsrc=2.571k  pos=2  C=1f
fcross = 2.553237e+05
pmarg = 9.137342e+01
tdc = 7.024993e+01
Doing analysis at TEMP = 27.000000 and TNOM = 27.000000

Using SPARSE 1.3 as Direct Linear Solver

No. of Data Rows : 801
fcross              =  2.55367e+05
pmarg               =  9.13182e+01
tdc                 =  7.02499e+01
mode=10db  rload=10k  rsrc=2.571k  pos=2  C=47p
fcross = 2.553673e+05
pmarg = 9.131816e+01
tdc = 7.024993e+01
Doing analysis at TEMP = 27.000000 and TNOM = 27.000000

Using SPARSE 1.3 as Direct Linear Solver

No. of Data Rows : 801
fcross              =  2.55416e+05
pmarg               =  9.12558e+01
tdc                 =  7.02499e+01
mode=10db  rload=10k  rsrc=2.571k  pos=2  C=100p
fcross = 2.554163e+05
pmarg = 9.125581e+01
tdc = 7.024993e+01
Doing analysis at TEMP = 27.000000 and TNOM = 27.000000

Using SPARSE 1.3 as Direct Linear Solver

No. of Data Rows : 801
fcross              =  2.55526e+05
pmarg               =  9.11144e+01
tdc                 =  7.02499e+01
mode=10db  rload=10k  rsrc=2.571k  pos=2  C=220p
fcross = 2.555260e+05
pmarg = 9.111445e+01
tdc = 7.024993e+01
Doing analysis at TEMP = 27.000000 and TNOM = 27.000000

Using SPARSE 1.3 as Direct Linear Solver

No. of Data Rows : 801
fcross              =  2.55750e+05
pmarg               =  9.08192e+01
tdc                 =  7.02499e+01
mode=10db  rload=10k  rsrc=2.571k  pos=2  C=470p
fcross = 2.557503e+05
pmarg = 9.081918e+01
tdc = 7.024992e+01
Doing analysis at TEMP = 27.000000 and TNOM = 27.000000

Using SPARSE 1.3 as Direct Linear Solver

No. of Data Rows : 801
fcross              =  2.56205e+05
pmarg               =  9.01899e+01
tdc                 =  7.02499e+01
mode=10db  rload=10k  rsrc=2.571k  pos=2  C=1n
fcross = 2.562050e+05
pmarg = 9.018987e+01
tdc = 7.024991e+01
Doing analysis at TEMP = 27.000000 and TNOM = 27.000000

Using SPARSE 1.3 as Direct Linear Solver

No. of Data Rows : 801
fcross              =  2.56607e+05
pmarg               =  8.95923e+01
tdc                 =  7.02499e+01
mode=10db  rload=10k  rsrc=2.571k  pos=2  C=1.5n
fcross = 2.566075e+05
pmarg = 8.959228e+01
tdc = 7.024991e+01
Doing analysis at TEMP = 27.000000 and TNOM = 27.000000

Using SPARSE 1.3 as Direct Linear Solver

No. of Data Rows : 801
fcross              =  2.57129e+05
pmarg               =  8.87498e+01
tdc                 =  7.02499e+01
mode=10db  rload=10k  rsrc=2.571k  pos=2  C=2.2n
fcross = 2.571287e+05
pmarg = 8.874981e+01
tdc = 7.024989e+01
Doing analysis at TEMP = 27.000000 and TNOM = 27.000000

Using SPARSE 1.3 as Direct Linear Solver

No. of Data Rows : 801
fcross              =  2.57476e+05
pmarg               =  8.81442e+01
tdc                 =  7.02499e+01
mode=10db  rload=10k  rsrc=2.571k  pos=2  C=2.7n
fcross = 2.574755e+05
pmarg = 8.814418e+01
tdc = 7.024989e+01
Doing analysis at TEMP = 27.000000 and TNOM = 27.000000

Using SPARSE 1.3 as Direct Linear Solver

No. of Data Rows : 801
fcross              =  2.57854e+05
pmarg               =  8.74138e+01
tdc                 =  7.02499e+01
mode=10db  rload=10k  rsrc=2.571k  pos=2  C=3.3n
fcross = 2.578536e+05
pmarg = 8.741376e+01
tdc = 7.024988e+01
Doing analysis at TEMP = 27.000000 and TNOM = 27.000000

Using SPARSE 1.3 as Direct Linear Solver

No. of Data Rows : 801
fcross              =  2.58568e+05
pmarg               =  8.56971e+01
tdc                 =  7.02499e+01
mode=10db  rload=10k  rsrc=2.571k  pos=2  C=4.7n
fcross = 2.585679e+05
pmarg = 8.569713e+01
tdc = 7.024985e+01
Doing analysis at TEMP = 27.000000 and TNOM = 27.000000

Using SPARSE 1.3 as Direct Linear Solver

No. of Data Rows : 801
fcross              =  2.55324e+05
pmarg               =  9.13702e+01
tdc                 =  7.02499e+01
mode=10db  rload=10k  rsrc=2.611k  pos=1  C=1f
fcross = 2.553235e+05
pmarg = 9.137022e+01
tdc = 7.024993e+01
Doing analysis at TEMP = 27.000000 and TNOM = 27.000000

Using SPARSE 1.3 as Direct Linear Solver

No. of Data Rows : 801
fcross              =  2.55366e+05
pmarg               =  9.13155e+01
tdc                 =  7.02499e+01
mode=10db  rload=10k  rsrc=2.611k  pos=1  C=47p
fcross = 2.553658e+05
pmarg = 9.131547e+01
tdc = 7.024993e+01
Doing analysis at TEMP = 27.000000 and TNOM = 27.000000

Using SPARSE 1.3 as Direct Linear Solver

No. of Data Rows : 801
fcross              =  2.55411e+05
pmarg               =  9.12536e+01
tdc                 =  7.02499e+01
mode=10db  rload=10k  rsrc=2.611k  pos=1  C=100p
fcross = 2.554111e+05
pmarg = 9.125361e+01
tdc = 7.024994e+01
Doing analysis at TEMP = 27.000000 and TNOM = 27.000000

Using SPARSE 1.3 as Direct Linear Solver

No. of Data Rows : 801
fcross              =  2.55504e+05
pmarg               =  9.11131e+01
tdc                 =  7.02499e+01
mode=10db  rload=10k  rsrc=2.611k  pos=1  C=220p
fcross = 2.555039e+05
pmarg = 9.111311e+01
tdc = 7.024994e+01
Doing analysis at TEMP = 27.000000 and TNOM = 27.000000

Using SPARSE 1.3 as Direct Linear Solver

No. of Data Rows : 801
fcross              =  2.55654e+05
pmarg               =  9.08189e+01
tdc                 =  7.02500e+01
mode=10db  rload=10k  rsrc=2.611k  pos=1  C=470p
fcross = 2.556543e+05
pmarg = 9.081893e+01
tdc = 7.024996e+01
Doing analysis at TEMP = 27.000000 and TNOM = 27.000000

Using SPARSE 1.3 as Direct Linear Solver

No. of Data Rows : 801
fcross              =  2.55778e+05
pmarg               =  9.01926e+01
tdc                 =  7.02500e+01
mode=10db  rload=10k  rsrc=2.611k  pos=1  C=1n
fcross = 2.557778e+05
pmarg = 9.019264e+01
tdc = 7.024999e+01
Doing analysis at TEMP = 27.000000 and TNOM = 27.000000

Using SPARSE 1.3 as Direct Linear Solver

No. of Data Rows : 801
fcross              =  2.55652e+05
pmarg               =  8.96057e+01
tdc                 =  7.02500e+01
mode=10db  rload=10k  rsrc=2.611k  pos=1  C=1.5n
fcross = 2.556521e+05
pmarg = 8.960568e+01
tdc = 7.025002e+01
Doing analysis at TEMP = 27.000000 and TNOM = 27.000000

Using SPARSE 1.3 as Direct Linear Solver

No. of Data Rows : 801
fcross              =  2.55098e+05
pmarg               =  8.88052e+01
tdc                 =  7.02501e+01
mode=10db  rload=10k  rsrc=2.611k  pos=1  C=2.2n
fcross = 2.550978e+05
pmarg = 8.880523e+01
tdc = 7.025006e+01
Doing analysis at TEMP = 27.000000 and TNOM = 27.000000

Using SPARSE 1.3 as Direct Linear Solver

No. of Data Rows : 801
fcross              =  2.54453e+05
pmarg               =  8.82580e+01
tdc                 =  7.02501e+01
mode=10db  rload=10k  rsrc=2.611k  pos=1  C=2.7n
fcross = 2.544531e+05
pmarg = 8.825796e+01
tdc = 7.025009e+01
Doing analysis at TEMP = 27.000000 and TNOM = 27.000000

Using SPARSE 1.3 as Direct Linear Solver

No. of Data Rows : 801
fcross              =  2.53440e+05
pmarg               =  8.76368e+01
tdc                 =  7.02501e+01
mode=10db  rload=10k  rsrc=2.611k  pos=1  C=3.3n
fcross = 2.534398e+05
pmarg = 8.763679e+01
tdc = 7.025013e+01
Doing analysis at TEMP = 27.000000 and TNOM = 27.000000

Using SPARSE 1.3 as Direct Linear Solver

No. of Data Rows : 801
fcross              =  2.50314e+05
pmarg               =  8.63688e+01
tdc                 =  7.02502e+01
mode=10db  rload=10k  rsrc=2.611k  pos=1  C=4.7n
fcross = 2.503143e+05
pmarg = 8.636877e+01
tdc = 7.025021e+01
Doing analysis at TEMP = 27.000000 and TNOM = 27.000000

Using SPARSE 1.3 as Direct Linear Solver
 Reference value :  1.65959e+00
No. of Data Rows : 801
fcross              =  2.55324e+05
pmarg               =  9.13702e+01
tdc                 =  7.02499e+01
mode=10db  rload=10k  rsrc=2.611k  pos=2  C=1f
fcross = 2.553235e+05
pmarg = 9.137022e+01
tdc = 7.024993e+01
Doing analysis at TEMP = 27.000000 and TNOM = 27.000000

Using SPARSE 1.3 as Direct Linear Solver

No. of Data Rows : 801
fcross              =  2.55367e+05
pmarg               =  9.13150e+01
tdc                 =  7.02499e+01
mode=10db  rload=10k  rsrc=2.611k  pos=2  C=47p
fcross = 2.553671e+05
pmarg = 9.131496e+01
tdc = 7.024993e+01
Doing analysis at TEMP = 27.000000 and TNOM = 27.000000

Using SPARSE 1.3 as Direct Linear Solver

No. of Data Rows : 801
fcross              =  2.55416e+05
pmarg               =  9.12526e+01
tdc                 =  7.02499e+01
mode=10db  rload=10k  rsrc=2.611k  pos=2  C=100p
fcross = 2.554161e+05
pmarg = 9.125261e+01
tdc = 7.024993e+01
Doing analysis at TEMP = 27.000000 and TNOM = 27.000000

Using SPARSE 1.3 as Direct Linear Solver

No. of Data Rows : 801
fcross              =  2.55526e+05
pmarg               =  9.11112e+01
tdc                 =  7.02499e+01
mode=10db  rload=10k  rsrc=2.611k  pos=2  C=220p
fcross = 2.555259e+05
pmarg = 9.111125e+01
tdc = 7.024993e+01
Doing analysis at TEMP = 27.000000 and TNOM = 27.000000

Using SPARSE 1.3 as Direct Linear Solver

No. of Data Rows : 801
fcross              =  2.55750e+05
pmarg               =  9.08160e+01
tdc                 =  7.02499e+01
mode=10db  rload=10k  rsrc=2.611k  pos=2  C=470p
fcross = 2.557501e+05
pmarg = 9.081598e+01
tdc = 7.024992e+01
Doing analysis at TEMP = 27.000000 and TNOM = 27.000000

Using SPARSE 1.3 as Direct Linear Solver

No. of Data Rows : 801
fcross              =  2.56205e+05
pmarg               =  9.01867e+01
tdc                 =  7.02499e+01
mode=10db  rload=10k  rsrc=2.611k  pos=2  C=1n
fcross = 2.562048e+05
pmarg = 9.018667e+01
tdc = 7.024991e+01
Doing analysis at TEMP = 27.000000 and TNOM = 27.000000

Using SPARSE 1.3 as Direct Linear Solver

No. of Data Rows : 801
fcross              =  2.56607e+05
pmarg               =  8.95891e+01
tdc                 =  7.02499e+01
mode=10db  rload=10k  rsrc=2.611k  pos=2  C=1.5n
fcross = 2.566073e+05
pmarg = 8.958907e+01
tdc = 7.024991e+01
Doing analysis at TEMP = 27.000000 and TNOM = 27.000000

Using SPARSE 1.3 as Direct Linear Solver

No. of Data Rows : 801
fcross              =  2.57129e+05
pmarg               =  8.87466e+01
tdc                 =  7.02499e+01
mode=10db  rload=10k  rsrc=2.611k  pos=2  C=2.2n
fcross = 2.571285e+05
pmarg = 8.874659e+01
tdc = 7.024989e+01
Doing analysis at TEMP = 27.000000 and TNOM = 27.000000

Using SPARSE 1.3 as Direct Linear Solver

No. of Data Rows : 801
fcross              =  2.57475e+05
pmarg               =  8.81410e+01
tdc                 =  7.02499e+01
mode=10db  rload=10k  rsrc=2.611k  pos=2  C=2.7n
fcross = 2.574753e+05
pmarg = 8.814096e+01
tdc = 7.024989e+01
Doing analysis at TEMP = 27.000000 and TNOM = 27.000000

Using SPARSE 1.3 as Direct Linear Solver

No. of Data Rows : 801
fcross              =  2.57853e+05
pmarg               =  8.74105e+01
tdc                 =  7.02499e+01
mode=10db  rload=10k  rsrc=2.611k  pos=2  C=3.3n
fcross = 2.578534e+05
pmarg = 8.741053e+01
tdc = 7.024988e+01
Doing analysis at TEMP = 27.000000 and TNOM = 27.000000

Using SPARSE 1.3 as Direct Linear Solver

No. of Data Rows : 801
fcross              =  2.58568e+05
pmarg               =  8.56939e+01
tdc                 =  7.02499e+01
mode=10db  rload=10k  rsrc=2.611k  pos=2  C=4.7n
fcross = 2.585677e+05
pmarg = 8.569389e+01
tdc = 7.024985e+01
Note: Simulation executed from .control section 
