warning, model type mismatch in line
    q121a nmiri nmiri nme1 ls350
warning, model type mismatch in line
    q121b nhi nmiri nme2 ls350

Note: No compatibility mode selected!


Circuit: tb_idss_loop.cir - l46a esplorazione, variante drv_vas56_cm330p (blocco da inc/drv_vas56_cm330p.inc)

Warning: Model issue on line 122 :
  .model lsk489a njf(beta=2.2m betatce=-.5 rd=11 rs=30 lambda=4.3m vto=-1. ...
unrecognized parameter (isr) - ignored
unrecognized parameter (alpha) - ignored
unrecognized parameter (vk) - ignored
unrecognized parameter (mj) - ignored

=== variant a_come_e: the model the input pair simulates ===
 JFET models (Junction Field effect transistor)
      model               lsk489a

        vto                 -1.13
       beta                0.0022
     lambda                0.0043
         is                 3e-15
         rd                    11
         rs                    30
        cgs              2.92e-12
        cgd              3.19e-12
         pb                   0.8
         fc                   0.5
         kf                 9e-19

Doing analysis at TEMP = 27.000000 and TNOM = 27.000000

Using SPARSE 1.3 as Direct Linear Solver

No. of Data Rows : 801
fcross              =  1.24525e+06
pmarg               =  7.70299e+01
tdc                 =  8.12083e+01
Doing analysis at TEMP = 27.000000 and TNOM = 27.000000

Using SPARSE 1.3 as Direct Linear Solver

No. of Data Rows : 801
fcross              =  1.24559e+06
pmarg               =  7.67746e+01
tdc                 =  8.12083e+01
Doing analysis at TEMP = 27.000000 and TNOM = 27.000000

Using SPARSE 1.3 as Direct Linear Solver

No. of Data Rows : 801
fcross              =  1.24571e+06
pmarg               =  7.64886e+01
tdc                 =  8.12083e+01
Doing analysis at TEMP = 27.000000 and TNOM = 27.000000

Using SPARSE 1.3 as Direct Linear Solver

No. of Data Rows : 801
fcross              =  1.24497e+06
pmarg               =  7.58536e+01
tdc                 =  8.12083e+01
Doing analysis at TEMP = 27.000000 and TNOM = 27.000000

Using SPARSE 1.3 as Direct Linear Solver

No. of Data Rows : 801
fcross              =  1.23909e+06
pmarg               =  7.46257e+01
tdc                 =  8.12083e+01
Doing analysis at TEMP = 27.000000 and TNOM = 27.000000

Using SPARSE 1.3 as Direct Linear Solver

No. of Data Rows : 801
fcross              =  1.21297e+06
pmarg               =  7.26657e+01
tdc                 =  8.12083e+01
Doing analysis at TEMP = 27.000000 and TNOM = 27.000000

Using SPARSE 1.3 as Direct Linear Solver

No. of Data Rows : 801
fcross              =  1.18186e+06
pmarg               =  7.16450e+01
tdc                 =  8.12083e+01
Doing analysis at TEMP = 27.000000 and TNOM = 27.000000

Using SPARSE 1.3 as Direct Linear Solver

No. of Data Rows : 801
fcross              =  1.14148e+06
pmarg               =  7.11475e+01
tdc                 =  8.12083e+01
Doing analysis at TEMP = 27.000000 and TNOM = 27.000000

Using SPARSE 1.3 as Direct Linear Solver

No. of Data Rows : 801
fcross              =  1.11769e+06
pmarg               =  7.11706e+01
tdc                 =  8.12083e+01
Doing analysis at TEMP = 27.000000 and TNOM = 27.000000

Using SPARSE 1.3 as Direct Linear Solver

No. of Data Rows : 801
fcross              =  1.09465e+06
pmarg               =  7.14037e+01
tdc                 =  8.12083e+01
Doing analysis at TEMP = 27.000000 and TNOM = 27.000000

Using SPARSE 1.3 as Direct Linear Solver

No. of Data Rows : 801
fcross              =  1.05846e+06
pmarg               =  7.22422e+01
tdc                 =  8.12083e+01
Doing analysis at TEMP = 27.000000 and TNOM = 27.000000

Using SPARSE 1.3 as Direct Linear Solver

No. of Data Rows : 801
fcross              =  1.24508e+06
pmarg               =  7.66407e+01
tdc                 =  8.12083e+01
Doing analysis at TEMP = 27.000000 and TNOM = 27.000000

Using SPARSE 1.3 as Direct Linear Solver

No. of Data Rows : 801
fcross              =  1.24542e+06
pmarg               =  7.63853e+01
tdc                 =  8.12083e+01
Doing analysis at TEMP = 27.000000 and TNOM = 27.000000

Using SPARSE 1.3 as Direct Linear Solver

No. of Data Rows : 801
fcross              =  1.24554e+06
pmarg               =  7.60993e+01
tdc                 =  8.12083e+01
Doing analysis at TEMP = 27.000000 and TNOM = 27.000000

Using SPARSE 1.3 as Direct Linear Solver

No. of Data Rows : 801
fcross              =  1.24480e+06
pmarg               =  7.54645e+01
tdc                 =  8.12083e+01
Doing analysis at TEMP = 27.000000 and TNOM = 27.000000

Using SPARSE 1.3 as Direct Linear Solver

No. of Data Rows : 801
fcross              =  1.23893e+06
pmarg               =  7.42385e+01
tdc                 =  8.12083e+01
Doing analysis at TEMP = 27.000000 and TNOM = 27.000000

Using SPARSE 1.3 as Direct Linear Solver

No. of Data Rows : 801
fcross              =  1.21282e+06
pmarg               =  7.22867e+01
tdc                 =  8.12083e+01
Doing analysis at TEMP = 27.000000 and TNOM = 27.000000

Using SPARSE 1.3 as Direct Linear Solver

No. of Data Rows : 801
fcross              =  1.18172e+06
pmarg               =  7.12756e+01
tdc                 =  8.12083e+01
Doing analysis at TEMP = 27.000000 and TNOM = 27.000000

Using SPARSE 1.3 as Direct Linear Solver

No. of Data Rows : 801
fcross              =  1.14136e+06
pmarg               =  7.07904e+01
tdc                 =  8.12083e+01
Doing analysis at TEMP = 27.000000 and TNOM = 27.000000

Using SPARSE 1.3 as Direct Linear Solver

No. of Data Rows : 801
fcross              =  1.11759e+06
pmarg               =  7.08208e+01
tdc                 =  8.12083e+01
Doing analysis at TEMP = 27.000000 and TNOM = 27.000000

Using SPARSE 1.3 as Direct Linear Solver

No. of Data Rows : 801
fcross              =  1.09454e+06
pmarg               =  7.10609e+01
tdc                 =  8.12083e+01
Doing analysis at TEMP = 27.000000 and TNOM = 27.000000

Using SPARSE 1.3 as Direct Linear Solver

No. of Data Rows : 801
fcross              =  1.05836e+06
Note: Starting dynamic gmin stepping
Warning: Dynamic gmin stepping failed
Note: Starting true gmin stepping
Note: True gmin stepping completed
pmarg               =  7.19106e+01
tdc                 =  8.12083e+01
Doing analysis at TEMP = 27.000000 and TNOM = 27.000000

Using SPARSE 1.3 as Direct Linear Solver

No. of Data Rows : 801
fcross              =  1.24449e+06
Note: Starting dynamic gmin stepping
Warning: Dynamic gmin stepping failed
Note: Starting true gmin stepping
Note: True gmin stepping completed
pmarg               =  7.60623e+01
tdc                 =  8.12083e+01
Doing analysis at TEMP = 27.000000 and TNOM = 27.000000

Using SPARSE 1.3 as Direct Linear Solver

No. of Data Rows : 801
fcross              =  1.24483e+06
Note: Starting dynamic gmin stepping
Warning: Dynamic gmin stepping failed
Note: Starting true gmin stepping
Note: True gmin stepping completed
pmarg               =  7.58069e+01
tdc                 =  8.12083e+01
Doing analysis at TEMP = 27.000000 and TNOM = 27.000000

Using SPARSE 1.3 as Direct Linear Solver

No. of Data Rows : 801
fcross              =  1.24495e+06
Note: Starting dynamic gmin stepping
Warning: Dynamic gmin stepping failed
Note: Starting true gmin stepping
Note: True gmin stepping completed
pmarg               =  7.55209e+01
tdc                 =  8.12083e+01
Doing analysis at TEMP = 27.000000 and TNOM = 27.000000

Using SPARSE 1.3 as Direct Linear Solver

No. of Data Rows : 801
fcross              =  1.24420e+06
Note: Starting dynamic gmin stepping
Warning: Dynamic gmin stepping failed
Note: Starting true gmin stepping
Note: True gmin stepping completed
pmarg               =  7.48868e+01
tdc                 =  8.12083e+01
Doing analysis at TEMP = 27.000000 and TNOM = 27.000000

Using SPARSE 1.3 as Direct Linear Solver

No. of Data Rows : 801
fcross              =  1.23835e+06
Note: Starting dynamic gmin stepping
Warning: Dynamic gmin stepping failed
Note: Starting true gmin stepping
Note: True gmin stepping completed
pmarg               =  7.36640e+01
tdc                 =  8.12083e+01
Doing analysis at TEMP = 27.000000 and TNOM = 27.000000

Using SPARSE 1.3 as Direct Linear Solver

No. of Data Rows : 801
fcross              =  1.21229e+06
Note: Starting dynamic gmin stepping
Warning: Dynamic gmin stepping failed
Note: Starting true gmin stepping
Note: True gmin stepping completed
pmarg               =  7.17243e+01
tdc                 =  8.12083e+01
Doing analysis at TEMP = 27.000000 and TNOM = 27.000000

Using SPARSE 1.3 as Direct Linear Solver

No. of Data Rows : 801
fcross              =  1.18125e+06
Note: Starting dynamic gmin stepping
Warning: Dynamic gmin stepping failed
Note: Starting true gmin stepping
Note: True gmin stepping completed
pmarg               =  7.07269e+01
tdc                 =  8.12083e+01
Doing analysis at TEMP = 27.000000 and TNOM = 27.000000

Using SPARSE 1.3 as Direct Linear Solver

No. of Data Rows : 801
fcross              =  1.14095e+06
Note: Starting dynamic gmin stepping
Warning: Dynamic gmin stepping failed
Note: Starting true gmin stepping
Note: True gmin stepping completed
pmarg               =  7.02594e+01
tdc                 =  8.12083e+01
Doing analysis at TEMP = 27.000000 and TNOM = 27.000000

Using SPARSE 1.3 as Direct Linear Solver

No. of Data Rows : 801
fcross              =  1.11720e+06
Note: Starting dynamic gmin stepping
Warning: Dynamic gmin stepping failed
Note: Starting true gmin stepping
Note: True gmin stepping completed
pmarg               =  7.03002e+01
tdc                 =  8.12083e+01
Doing analysis at TEMP = 27.000000 and TNOM = 27.000000

Using SPARSE 1.3 as Direct Linear Solver

No. of Data Rows : 801
fcross              =  1.09418e+06
Note: Starting dynamic gmin stepping
Warning: Dynamic gmin stepping failed
Note: Starting true gmin stepping
Note: True gmin stepping completed
pmarg               =  7.05505e+01
tdc                 =  8.12083e+01
Doing analysis at TEMP = 27.000000 and TNOM = 27.000000

Using SPARSE 1.3 as Direct Linear Solver

No. of Data Rows : 801
fcross              =  1.05803e+06
pmarg               =  7.14164e+01
tdc                 =  8.12083e+01
Doing analysis at TEMP = 27.000000 and TNOM = 27.000000

Using SPARSE 1.3 as Direct Linear Solver

No. of Data Rows : 801
fcross              =  1.24445e+06
pmarg               =  7.60351e+01
tdc                 =  8.12083e+01
Doing analysis at TEMP = 27.000000 and TNOM = 27.000000

Using SPARSE 1.3 as Direct Linear Solver

No. of Data Rows : 801
fcross              =  1.24479e+06
pmarg               =  7.57797e+01
tdc                 =  8.12083e+01
Doing analysis at TEMP = 27.000000 and TNOM = 27.000000

Using SPARSE 1.3 as Direct Linear Solver

No. of Data Rows : 801
fcross              =  1.24491e+06
pmarg               =  7.54938e+01
tdc                 =  8.12083e+01
Doing analysis at TEMP = 27.000000 and TNOM = 27.000000

Using SPARSE 1.3 as Direct Linear Solver

No. of Data Rows : 801
fcross              =  1.24416e+06
pmarg               =  7.48597e+01
tdc                 =  8.12083e+01
Doing analysis at TEMP = 27.000000 and TNOM = 27.000000

Using SPARSE 1.3 as Direct Linear Solver

No. of Data Rows : 801
fcross              =  1.23831e+06
pmarg               =  7.36370e+01
tdc                 =  8.12083e+01
Doing analysis at TEMP = 27.000000 and TNOM = 27.000000

Using SPARSE 1.3 as Direct Linear Solver

No. of Data Rows : 801
fcross              =  1.21226e+06
pmarg               =  7.16979e+01
tdc                 =  8.12083e+01
Doing analysis at TEMP = 27.000000 and TNOM = 27.000000

Using SPARSE 1.3 as Direct Linear Solver

No. of Data Rows : 801
fcross              =  1.18122e+06
pmarg               =  7.07011e+01
tdc                 =  8.12083e+01
Doing analysis at TEMP = 27.000000 and TNOM = 27.000000

Using SPARSE 1.3 as Direct Linear Solver

No. of Data Rows : 801
fcross              =  1.14093e+06
pmarg               =  7.02344e+01
tdc                 =  8.12083e+01
Doing analysis at TEMP = 27.000000 and TNOM = 27.000000

Using SPARSE 1.3 as Direct Linear Solver

No. of Data Rows : 801
fcross              =  1.11718e+06
pmarg               =  7.02757e+01
tdc                 =  8.12083e+01
Doing analysis at TEMP = 27.000000 and TNOM = 27.000000

Using SPARSE 1.3 as Direct Linear Solver

No. of Data Rows : 801
fcross              =  1.09416e+06
pmarg               =  7.05265e+01
tdc                 =  8.12083e+01
Doing analysis at TEMP = 27.000000 and TNOM = 27.000000

Using SPARSE 1.3 as Direct Linear Solver
 Reference value :  7.07946e+02
No. of Data Rows : 801
fcross              =  1.05801e+06
pmarg               =  7.13931e+01
tdc                 =  8.12083e+01
Doing analysis at TEMP = 27.000000 and TNOM = 27.000000

Using SPARSE 1.3 as Direct Linear Solver

No. of Data Rows : 801
fcross              =  1.24443e+06
pmarg               =  7.60198e+01
tdc                 =  8.12083e+01
Doing analysis at TEMP = 27.000000 and TNOM = 27.000000

Using SPARSE 1.3 as Direct Linear Solver

No. of Data Rows : 801
fcross              =  1.24477e+06
pmarg               =  7.57644e+01
tdc                 =  8.12083e+01
Doing analysis at TEMP = 27.000000 and TNOM = 27.000000

Using SPARSE 1.3 as Direct Linear Solver

No. of Data Rows : 801
fcross              =  1.24489e+06
pmarg               =  7.54784e+01
tdc                 =  8.12083e+01
Doing analysis at TEMP = 27.000000 and TNOM = 27.000000

Using SPARSE 1.3 as Direct Linear Solver

No. of Data Rows : 801
fcross              =  1.24414e+06
pmarg               =  7.48444e+01
tdc                 =  8.12083e+01
Doing analysis at TEMP = 27.000000 and TNOM = 27.000000

Using SPARSE 1.3 as Direct Linear Solver

No. of Data Rows : 801
fcross              =  1.23829e+06
pmarg               =  7.36218e+01
tdc                 =  8.12083e+01
Doing analysis at TEMP = 27.000000 and TNOM = 27.000000

Using SPARSE 1.3 as Direct Linear Solver

No. of Data Rows : 801
fcross              =  1.21224e+06
pmarg               =  7.16830e+01
tdc                 =  8.12083e+01
Doing analysis at TEMP = 27.000000 and TNOM = 27.000000

Using SPARSE 1.3 as Direct Linear Solver

No. of Data Rows : 801
fcross              =  1.18120e+06
pmarg               =  7.06866e+01
tdc                 =  8.12083e+01
Doing analysis at TEMP = 27.000000 and TNOM = 27.000000

Using SPARSE 1.3 as Direct Linear Solver

No. of Data Rows : 801
fcross              =  1.14091e+06
pmarg               =  7.02203e+01
tdc                 =  8.12083e+01
Doing analysis at TEMP = 27.000000 and TNOM = 27.000000

Using SPARSE 1.3 as Direct Linear Solver

No. of Data Rows : 801
fcross              =  1.11717e+06
pmarg               =  7.02619e+01
tdc                 =  8.12083e+01
Doing analysis at TEMP = 27.000000 and TNOM = 27.000000

Using SPARSE 1.3 as Direct Linear Solver

No. of Data Rows : 801
fcross              =  1.09415e+06
pmarg               =  7.05129e+01
tdc                 =  8.12083e+01
Doing analysis at TEMP = 27.000000 and TNOM = 27.000000

Using SPARSE 1.3 as Direct Linear Solver

No. of Data Rows : 801
fcross              =  1.05800e+06
pmarg               =  7.13800e+01
tdc                 =  8.12083e+01
Doing analysis at TEMP = 27.000000 and TNOM = 27.000000

Using SPARSE 1.3 as Direct Linear Solver

No. of Data Rows : 801
fcross              =  1.24388e+06
pmarg               =  7.70368e+01
tdc                 =  8.11988e+01
Doing analysis at TEMP = 27.000000 and TNOM = 27.000000

Using SPARSE 1.3 as Direct Linear Solver

No. of Data Rows : 801
fcross              =  1.24422e+06
pmarg               =  7.67842e+01
tdc                 =  8.11988e+01
Doing analysis at TEMP = 27.000000 and TNOM = 27.000000

Using SPARSE 1.3 as Direct Linear Solver

No. of Data Rows : 801
fcross              =  1.24434e+06
pmarg               =  7.65012e+01
tdc                 =  8.11988e+01
Doing analysis at TEMP = 27.000000 and TNOM = 27.000000

Using SPARSE 1.3 as Direct Linear Solver

No. of Data Rows : 801
fcross              =  1.24361e+06
pmarg               =  7.58727e+01
tdc                 =  8.11988e+01
Doing analysis at TEMP = 27.000000 and TNOM = 27.000000

Using SPARSE 1.3 as Direct Linear Solver

No. of Data Rows : 801
fcross              =  1.23784e+06
pmarg               =  7.46566e+01
tdc                 =  8.11988e+01
Doing analysis at TEMP = 27.000000 and TNOM = 27.000000

Using SPARSE 1.3 as Direct Linear Solver

No. of Data Rows : 801
fcross              =  1.21211e+06
pmarg               =  7.27094e+01
tdc                 =  8.11988e+01
Doing analysis at TEMP = 27.000000 and TNOM = 27.000000

Using SPARSE 1.3 as Direct Linear Solver

No. of Data Rows : 801
fcross              =  1.18136e+06
pmarg               =  7.16891e+01
tdc                 =  8.11988e+01
Doing analysis at TEMP = 27.000000 and TNOM = 27.000000

Using SPARSE 1.3 as Direct Linear Solver

No. of Data Rows : 801
fcross              =  1.14131e+06
pmarg               =  7.11846e+01
tdc                 =  8.11988e+01
Doing analysis at TEMP = 27.000000 and TNOM = 27.000000

Using SPARSE 1.3 as Direct Linear Solver

No. of Data Rows : 801
fcross              =  1.11766e+06
pmarg               =  7.12019e+01
tdc                 =  8.11988e+01
Doing analysis at TEMP = 27.000000 and TNOM = 27.000000

Using SPARSE 1.3 as Direct Linear Solver

No. of Data Rows : 801
fcross              =  1.09469e+06
pmarg               =  7.14285e+01
tdc                 =  8.11988e+01
Doing analysis at TEMP = 27.000000 and TNOM = 27.000000

Using SPARSE 1.3 as Direct Linear Solver

No. of Data Rows : 801
fcross              =  1.05858e+06
pmarg               =  7.22567e+01
tdc                 =  8.11988e+01
Doing analysis at TEMP = 27.000000 and TNOM = 27.000000

Using SPARSE 1.3 as Direct Linear Solver

No. of Data Rows : 801
fcross              =  1.24371e+06
pmarg               =  7.66480e+01
tdc                 =  8.11988e+01
Doing analysis at TEMP = 27.000000 and TNOM = 27.000000

Using SPARSE 1.3 as Direct Linear Solver

No. of Data Rows : 801
fcross              =  1.24405e+06
pmarg               =  7.63953e+01
tdc                 =  8.11988e+01
Doing analysis at TEMP = 27.000000 and TNOM = 27.000000

Using SPARSE 1.3 as Direct Linear Solver

No. of Data Rows : 801
fcross              =  1.24417e+06
pmarg               =  7.61123e+01
tdc                 =  8.11988e+01
Doing analysis at TEMP = 27.000000 and TNOM = 27.000000

Using SPARSE 1.3 as Direct Linear Solver

No. of Data Rows : 801
fcross              =  1.24344e+06
pmarg               =  7.54841e+01
tdc                 =  8.11988e+01
Doing analysis at TEMP = 27.000000 and TNOM = 27.000000

Using SPARSE 1.3 as Direct Linear Solver

No. of Data Rows : 801
fcross              =  1.23768e+06
pmarg               =  7.42699e+01
tdc                 =  8.11988e+01
Doing analysis at TEMP = 27.000000 and TNOM = 27.000000

Using SPARSE 1.3 as Direct Linear Solver

No. of Data Rows : 801
fcross              =  1.21196e+06
pmarg               =  7.23308e+01
tdc                 =  8.11988e+01
Doing analysis at TEMP = 27.000000 and TNOM = 27.000000

Using SPARSE 1.3 as Direct Linear Solver

No. of Data Rows : 801
fcross              =  1.18123e+06
pmarg               =  7.13198e+01
tdc                 =  8.11988e+01
Doing analysis at TEMP = 27.000000 and TNOM = 27.000000

Using SPARSE 1.3 as Direct Linear Solver

No. of Data Rows : 801
fcross              =  1.14120e+06
pmarg               =  7.08276e+01
tdc                 =  8.11988e+01
Doing analysis at TEMP = 27.000000 and TNOM = 27.000000

Using SPARSE 1.3 as Direct Linear Solver

No. of Data Rows : 801
fcross              =  1.11755e+06
pmarg               =  7.08521e+01
tdc                 =  8.11988e+01
Doing analysis at TEMP = 27.000000 and TNOM = 27.000000

Using SPARSE 1.3 as Direct Linear Solver

No. of Data Rows : 801
fcross              =  1.09459e+06
pmarg               =  7.10858e+01
tdc                 =  8.11988e+01
Doing analysis at TEMP = 27.000000 and TNOM = 27.000000

Using SPARSE 1.3 as Direct Linear Solver

No. of Data Rows : 801
fcross              =  1.05848e+06
Note: Starting dynamic gmin stepping
Warning: Dynamic gmin stepping failed
Note: Starting true gmin stepping
Note: True gmin stepping completed
pmarg               =  7.19250e+01
tdc                 =  8.11988e+01
Doing analysis at TEMP = 27.000000 and TNOM = 27.000000

Using SPARSE 1.3 as Direct Linear Solver

No. of Data Rows : 801
fcross              =  1.24312e+06
Note: Starting dynamic gmin stepping
Warning: Dynamic gmin stepping failed
Note: Starting true gmin stepping
Note: True gmin stepping completed
pmarg               =  7.60702e+01
tdc                 =  8.11988e+01
Doing analysis at TEMP = 27.000000 and TNOM = 27.000000

Using SPARSE 1.3 as Direct Linear Solver

No. of Data Rows : 801
fcross              =  1.24346e+06
Note: Starting dynamic gmin stepping
Warning: Dynamic gmin stepping failed
Note: Starting true gmin stepping
Note: True gmin stepping completed
pmarg               =  7.58175e+01
tdc                 =  8.11988e+01
Doing analysis at TEMP = 27.000000 and TNOM = 27.000000

Using SPARSE 1.3 as Direct Linear Solver

No. of Data Rows : 801
fcross              =  1.24358e+06
Note: Starting dynamic gmin stepping
Warning: Dynamic gmin stepping failed
Note: Starting true gmin stepping
Note: True gmin stepping completed
pmarg               =  7.55346e+01
tdc                 =  8.11988e+01
Doing analysis at TEMP = 27.000000 and TNOM = 27.000000

Using SPARSE 1.3 as Direct Linear Solver

No. of Data Rows : 801
fcross              =  1.24285e+06
Note: Starting dynamic gmin stepping
Warning: Dynamic gmin stepping failed
Note: Starting true gmin stepping
Note: True gmin stepping completed
pmarg               =  7.49070e+01
tdc                 =  8.11988e+01
Doing analysis at TEMP = 27.000000 and TNOM = 27.000000

Using SPARSE 1.3 as Direct Linear Solver

No. of Data Rows : 801
fcross              =  1.23709e+06
Note: Starting dynamic gmin stepping
Warning: Dynamic gmin stepping failed
Note: Starting true gmin stepping
Note: True gmin stepping completed
pmarg               =  7.36959e+01
tdc                 =  8.11988e+01
Doing analysis at TEMP = 27.000000 and TNOM = 27.000000

Using SPARSE 1.3 as Direct Linear Solver

No. of Data Rows : 801
fcross              =  1.21144e+06
Note: Starting dynamic gmin stepping
Warning: Dynamic gmin stepping failed
Note: Starting true gmin stepping
Note: True gmin stepping completed
pmarg               =  7.17687e+01
tdc                 =  8.11988e+01
Doing analysis at TEMP = 27.000000 and TNOM = 27.000000

Using SPARSE 1.3 as Direct Linear Solver

No. of Data Rows : 801
fcross              =  1.18076e+06
Note: Starting dynamic gmin stepping
Warning: Dynamic gmin stepping failed
Note: Starting true gmin stepping
Note: True gmin stepping completed
pmarg               =  7.07714e+01
tdc                 =  8.11988e+01
Doing analysis at TEMP = 27.000000 and TNOM = 27.000000

Using SPARSE 1.3 as Direct Linear Solver

No. of Data Rows : 801
fcross              =  1.14079e+06
Note: Starting dynamic gmin stepping
Warning: Dynamic gmin stepping failed
Note: Starting true gmin stepping
Note: True gmin stepping completed
pmarg               =  7.02966e+01
tdc                 =  8.11988e+01
Doing analysis at TEMP = 27.000000 and TNOM = 27.000000

Using SPARSE 1.3 as Direct Linear Solver

No. of Data Rows : 801
fcross              =  1.11717e+06
Note: Starting dynamic gmin stepping
Warning: Dynamic gmin stepping failed
Note: Starting true gmin stepping
Note: True gmin stepping completed
pmarg               =  7.03315e+01
tdc                 =  8.11988e+01
Doing analysis at TEMP = 27.000000 and TNOM = 27.000000

Using SPARSE 1.3 as Direct Linear Solver
 Reference value :  1.00000e+00
No. of Data Rows : 801
fcross              =  1.09423e+06
Note: Starting dynamic gmin stepping
Warning: Dynamic gmin stepping failed
Note: Starting true gmin stepping
Note: True gmin stepping completed
pmarg               =  7.05754e+01
tdc                 =  8.11988e+01
Doing analysis at TEMP = 27.000000 and TNOM = 27.000000

Using SPARSE 1.3 as Direct Linear Solver

No. of Data Rows : 801
fcross              =  1.05815e+06
pmarg               =  7.14308e+01
tdc                 =  8.11988e+01
Doing analysis at TEMP = 27.000000 and TNOM = 27.000000

Using SPARSE 1.3 as Direct Linear Solver

No. of Data Rows : 801
fcross              =  1.24308e+06
pmarg               =  7.60431e+01
tdc                 =  8.11988e+01
Doing analysis at TEMP = 27.000000 and TNOM = 27.000000

Using SPARSE 1.3 as Direct Linear Solver

No. of Data Rows : 801
fcross              =  1.24342e+06
pmarg               =  7.57904e+01
tdc                 =  8.11988e+01
Doing analysis at TEMP = 27.000000 and TNOM = 27.000000

Using SPARSE 1.3 as Direct Linear Solver

No. of Data Rows : 801
fcross              =  1.24354e+06
pmarg               =  7.55074e+01
tdc                 =  8.11988e+01
Doing analysis at TEMP = 27.000000 and TNOM = 27.000000

Using SPARSE 1.3 as Direct Linear Solver

No. of Data Rows : 801
fcross              =  1.24281e+06
pmarg               =  7.48799e+01
tdc                 =  8.11988e+01
Doing analysis at TEMP = 27.000000 and TNOM = 27.000000

Using SPARSE 1.3 as Direct Linear Solver

No. of Data Rows : 801
fcross              =  1.23706e+06
pmarg               =  7.36690e+01
tdc                 =  8.11988e+01
Doing analysis at TEMP = 27.000000 and TNOM = 27.000000

Using SPARSE 1.3 as Direct Linear Solver

No. of Data Rows : 801
fcross              =  1.21141e+06
pmarg               =  7.17423e+01
tdc                 =  8.11988e+01
Doing analysis at TEMP = 27.000000 and TNOM = 27.000000

Using SPARSE 1.3 as Direct Linear Solver

No. of Data Rows : 801
fcross              =  1.18073e+06
pmarg               =  7.07456e+01
tdc                 =  8.11988e+01
Doing analysis at TEMP = 27.000000 and TNOM = 27.000000

Using SPARSE 1.3 as Direct Linear Solver

No. of Data Rows : 801
fcross              =  1.14076e+06
pmarg               =  7.02716e+01
tdc                 =  8.11988e+01
Doing analysis at TEMP = 27.000000 and TNOM = 27.000000

Using SPARSE 1.3 as Direct Linear Solver

No. of Data Rows : 801
fcross              =  1.11714e+06
pmarg               =  7.03070e+01
tdc                 =  8.11988e+01
Doing analysis at TEMP = 27.000000 and TNOM = 27.000000

Using SPARSE 1.3 as Direct Linear Solver

No. of Data Rows : 801
fcross              =  1.09421e+06
pmarg               =  7.05513e+01
tdc                 =  8.11988e+01
Doing analysis at TEMP = 27.000000 and TNOM = 27.000000

Using SPARSE 1.3 as Direct Linear Solver

No. of Data Rows : 801
fcross              =  1.05813e+06
pmarg               =  7.14075e+01
tdc                 =  8.11988e+01
Doing analysis at TEMP = 27.000000 and TNOM = 27.000000

Using SPARSE 1.3 as Direct Linear Solver

No. of Data Rows : 801
fcross              =  1.24306e+06
pmarg               =  7.60278e+01
tdc                 =  8.11988e+01
Doing analysis at TEMP = 27.000000 and TNOM = 27.000000

Using SPARSE 1.3 as Direct Linear Solver

No. of Data Rows : 801
fcross              =  1.24340e+06
pmarg               =  7.57751e+01
tdc                 =  8.11988e+01
Doing analysis at TEMP = 27.000000 and TNOM = 27.000000

Using SPARSE 1.3 as Direct Linear Solver

No. of Data Rows : 801
fcross              =  1.24352e+06
pmarg               =  7.54922e+01
tdc                 =  8.11988e+01
Doing analysis at TEMP = 27.000000 and TNOM = 27.000000

Using SPARSE 1.3 as Direct Linear Solver

No. of Data Rows : 801
fcross              =  1.24279e+06
pmarg               =  7.48646e+01
tdc                 =  8.11988e+01
Doing analysis at TEMP = 27.000000 and TNOM = 27.000000

Using SPARSE 1.3 as Direct Linear Solver

No. of Data Rows : 801
fcross              =  1.23704e+06
pmarg               =  7.36538e+01
tdc                 =  8.11988e+01
Doing analysis at TEMP = 27.000000 and TNOM = 27.000000

Using SPARSE 1.3 as Direct Linear Solver

No. of Data Rows : 801
fcross              =  1.21139e+06
pmarg               =  7.17274e+01
tdc                 =  8.11988e+01
Doing analysis at TEMP = 27.000000 and TNOM = 27.000000

Using SPARSE 1.3 as Direct Linear Solver

No. of Data Rows : 801
fcross              =  1.18071e+06
pmarg               =  7.07311e+01
tdc                 =  8.11988e+01
Doing analysis at TEMP = 27.000000 and TNOM = 27.000000

Using SPARSE 1.3 as Direct Linear Solver

No. of Data Rows : 801
fcross              =  1.14074e+06
pmarg               =  7.02576e+01
tdc                 =  8.11988e+01
Doing analysis at TEMP = 27.000000 and TNOM = 27.000000

Using SPARSE 1.3 as Direct Linear Solver

No. of Data Rows : 801
fcross              =  1.11713e+06
pmarg               =  7.02932e+01
tdc                 =  8.11988e+01
Doing analysis at TEMP = 27.000000 and TNOM = 27.000000

Using SPARSE 1.3 as Direct Linear Solver

No. of Data Rows : 801
fcross              =  1.09420e+06
pmarg               =  7.05378e+01
tdc                 =  8.11988e+01
Doing analysis at TEMP = 27.000000 and TNOM = 27.000000

Using SPARSE 1.3 as Direct Linear Solver

No. of Data Rows : 801
fcross              =  1.05811e+06
Note: Starting dynamic gmin stepping
Warning: Dynamic gmin stepping failed
Note: Starting true gmin stepping
Note: True gmin stepping completed
pmarg               =  7.13944e+01
tdc                 =  8.11988e+01
=== variant b_min: the model the input pair simulates ===
 JFET models (Junction Field effect transistor)
      model               lsk489a

        vto                -2.086
       beta                0.0022
     lambda                0.0043
         is                 3e-15
         rd                    11
         rs                    30
        cgs              2.92e-12
        cgd              3.19e-12
         pb                   0.8
         fc                   0.5
         kf                 9e-19

Doing analysis at TEMP = 27.000000 and TNOM = 27.000000

Using SPARSE 1.3 as Direct Linear Solver

No. of Data Rows : 801
fcross              =  1.24414e+06
Note: Starting dynamic gmin stepping
Warning: Dynamic gmin stepping failed
Note: Starting true gmin stepping
Note: True gmin stepping completed
pmarg               =  7.70458e+01
tdc                 =  8.11974e+01
Doing analysis at TEMP = 27.000000 and TNOM = 27.000000

Using SPARSE 1.3 as Direct Linear Solver

No. of Data Rows : 801
fcross              =  1.24449e+06
Note: Starting dynamic gmin stepping
Warning: Dynamic gmin stepping failed
Note: Starting true gmin stepping
Note: True gmin stepping completed
pmarg               =  7.67908e+01
tdc                 =  8.11974e+01
Doing analysis at TEMP = 27.000000 and TNOM = 27.000000

Using SPARSE 1.3 as Direct Linear Solver

No. of Data Rows : 801
fcross              =  1.24461e+06
Note: Starting dynamic gmin stepping
Warning: Dynamic gmin stepping failed
Note: Starting true gmin stepping
Note: True gmin stepping completed
pmarg               =  7.65051e+01
tdc                 =  8.11974e+01
Doing analysis at TEMP = 27.000000 and TNOM = 27.000000

Using SPARSE 1.3 as Direct Linear Solver

No. of Data Rows : 801
fcross              =  1.24388e+06
Note: Starting dynamic gmin stepping
Warning: Dynamic gmin stepping failed
Note: Starting true gmin stepping
Note: True gmin stepping completed
pmarg               =  7.58707e+01
tdc                 =  8.11974e+01
Doing analysis at TEMP = 27.000000 and TNOM = 27.000000

Using SPARSE 1.3 as Direct Linear Solver

No. of Data Rows : 801
fcross              =  1.23803e+06
Note: Starting dynamic gmin stepping
Warning: Dynamic gmin stepping failed
Note: Starting true gmin stepping
Note: True gmin stepping completed
pmarg               =  7.46438e+01
tdc                 =  8.11974e+01
Doing analysis at TEMP = 27.000000 and TNOM = 27.000000

Using SPARSE 1.3 as Direct Linear Solver

No. of Data Rows : 801
fcross              =  1.21199e+06
Note: Starting dynamic gmin stepping
Warning: Dynamic gmin stepping failed
Note: Starting true gmin stepping
Note: True gmin stepping completed
pmarg               =  7.26839e+01
tdc                 =  8.11974e+01
Doing analysis at TEMP = 27.000000 and TNOM = 27.000000

Using SPARSE 1.3 as Direct Linear Solver

No. of Data Rows : 801
fcross              =  1.18095e+06
Note: Starting dynamic gmin stepping
Warning: Dynamic gmin stepping failed
Note: Starting true gmin stepping
Note: True gmin stepping completed
pmarg               =  7.16618e+01
tdc                 =  8.11974e+01
Doing analysis at TEMP = 27.000000 and TNOM = 27.000000

Using SPARSE 1.3 as Direct Linear Solver

No. of Data Rows : 801
fcross              =  1.14064e+06
Note: Starting dynamic gmin stepping
Warning: Dynamic gmin stepping failed
Note: Starting true gmin stepping
Note: True gmin stepping completed
pmarg               =  7.11616e+01
tdc                 =  8.11974e+01
Doing analysis at TEMP = 27.000000 and TNOM = 27.000000

Using SPARSE 1.3 as Direct Linear Solver

No. of Data Rows : 801
fcross              =  1.11688e+06
Note: Starting dynamic gmin stepping
Warning: Dynamic gmin stepping failed
Note: Starting true gmin stepping
Note: True gmin stepping completed
pmarg               =  7.11831e+01
tdc                 =  8.11974e+01
Doing analysis at TEMP = 27.000000 and TNOM = 27.000000

Using SPARSE 1.3 as Direct Linear Solver

No. of Data Rows : 801
fcross              =  1.09385e+06
Note: Starting dynamic gmin stepping
Warning: Dynamic gmin stepping failed
Note: Starting true gmin stepping
Note: True gmin stepping completed
pmarg               =  7.14144e+01
tdc                 =  8.11974e+01
Doing analysis at TEMP = 27.000000 and TNOM = 27.000000

Using SPARSE 1.3 as Direct Linear Solver
 Reference value :  1.94984e+07
No. of Data Rows : 801
fcross              =  1.05767e+06
Note: Starting dynamic gmin stepping
Warning: Dynamic gmin stepping failed
Note: Starting true gmin stepping
Warning: True gmin stepping failed
Note: Starting source stepping
Note: Source stepping completed
pmarg               =  7.22504e+01
tdc                 =  8.11974e+01
Doing analysis at TEMP = 27.000000 and TNOM = 27.000000

Using SPARSE 1.3 as Direct Linear Solver

No. of Data Rows : 801
fcross              =  1.24403e+06
pmarg               =  7.67684e+01
tdc                 =  8.11974e+01
Doing analysis at TEMP = 27.000000 and TNOM = 27.000000

Using SPARSE 1.3 as Direct Linear Solver

No. of Data Rows : 801
fcross              =  1.24438e+06
pmarg               =  7.65134e+01
tdc                 =  8.11974e+01
Doing analysis at TEMP = 27.000000 and TNOM = 27.000000

Using SPARSE 1.3 as Direct Linear Solver

No. of Data Rows : 801
fcross              =  1.24450e+06
pmarg               =  7.62277e+01
tdc                 =  8.11974e+01
Doing analysis at TEMP = 27.000000 and TNOM = 27.000000

Using SPARSE 1.3 as Direct Linear Solver

No. of Data Rows : 801
fcross              =  1.24377e+06
pmarg               =  7.55935e+01
tdc                 =  8.11974e+01
Doing analysis at TEMP = 27.000000 and TNOM = 27.000000

Using SPARSE 1.3 as Direct Linear Solver

No. of Data Rows : 801
fcross              =  1.23792e+06
pmarg               =  7.43680e+01
tdc                 =  8.11974e+01
Doing analysis at TEMP = 27.000000 and TNOM = 27.000000

Using SPARSE 1.3 as Direct Linear Solver

No. of Data Rows : 801
fcross              =  1.21190e+06
pmarg               =  7.24139e+01
tdc                 =  8.11974e+01
Doing analysis at TEMP = 27.000000 and TNOM = 27.000000

Using SPARSE 1.3 as Direct Linear Solver

No. of Data Rows : 801
fcross              =  1.18086e+06
pmarg               =  7.13986e+01
tdc                 =  8.11974e+01
Doing analysis at TEMP = 27.000000 and TNOM = 27.000000

Using SPARSE 1.3 as Direct Linear Solver

No. of Data Rows : 801
fcross              =  1.14057e+06
pmarg               =  7.09072e+01
tdc                 =  8.11974e+01
Doing analysis at TEMP = 27.000000 and TNOM = 27.000000

Using SPARSE 1.3 as Direct Linear Solver

No. of Data Rows : 801
fcross              =  1.11681e+06
pmarg               =  7.09338e+01
tdc                 =  8.11974e+01
Doing analysis at TEMP = 27.000000 and TNOM = 27.000000

Using SPARSE 1.3 as Direct Linear Solver

No. of Data Rows : 801
fcross              =  1.09378e+06
pmarg               =  7.11702e+01
tdc                 =  8.11974e+01
Doing analysis at TEMP = 27.000000 and TNOM = 27.000000

Using SPARSE 1.3 as Direct Linear Solver

No. of Data Rows : 801
fcross              =  1.05760e+06
Note: Starting dynamic gmin stepping
Warning: Dynamic gmin stepping failed
Note: Starting true gmin stepping
Note: True gmin stepping completed
pmarg               =  7.20142e+01
tdc                 =  8.11974e+01
Doing analysis at TEMP = 27.000000 and TNOM = 27.000000

Using SPARSE 1.3 as Direct Linear Solver

No. of Data Rows : 801
fcross              =  1.24365e+06
Note: Starting dynamic gmin stepping
Warning: Dynamic gmin stepping failed
Note: Starting true gmin stepping
Note: True gmin stepping completed
pmarg               =  7.63560e+01
tdc                 =  8.11974e+01
Doing analysis at TEMP = 27.000000 and TNOM = 27.000000

Using SPARSE 1.3 as Direct Linear Solver

No. of Data Rows : 801
fcross              =  1.24399e+06
Note: Starting dynamic gmin stepping
Warning: Dynamic gmin stepping failed
Note: Starting true gmin stepping
Note: True gmin stepping completed
pmarg               =  7.61009e+01
tdc                 =  8.11974e+01
Doing analysis at TEMP = 27.000000 and TNOM = 27.000000

Using SPARSE 1.3 as Direct Linear Solver

No. of Data Rows : 801
fcross              =  1.24412e+06
Note: Starting dynamic gmin stepping
Warning: Dynamic gmin stepping failed
Note: Starting true gmin stepping
Note: True gmin stepping completed
pmarg               =  7.58152e+01
tdc                 =  8.11974e+01
Doing analysis at TEMP = 27.000000 and TNOM = 27.000000

Using SPARSE 1.3 as Direct Linear Solver

No. of Data Rows : 801
fcross              =  1.24338e+06
Note: Starting dynamic gmin stepping
Warning: Dynamic gmin stepping failed
Note: Starting true gmin stepping
Note: True gmin stepping completed
pmarg               =  7.51815e+01
tdc                 =  8.11974e+01
Doing analysis at TEMP = 27.000000 and TNOM = 27.000000

Using SPARSE 1.3 as Direct Linear Solver

No. of Data Rows : 801
fcross              =  1.23755e+06
Note: Starting dynamic gmin stepping
Warning: Dynamic gmin stepping failed
Note: Starting true gmin stepping
Note: True gmin stepping completed
pmarg               =  7.39582e+01
tdc                 =  8.11974e+01
Doing analysis at TEMP = 27.000000 and TNOM = 27.000000

Using SPARSE 1.3 as Direct Linear Solver

No. of Data Rows : 801
fcross              =  1.21156e+06
Note: Starting dynamic gmin stepping
Warning: Dynamic gmin stepping failed
Note: Starting true gmin stepping
Note: True gmin stepping completed
pmarg               =  7.20127e+01
tdc                 =  8.11974e+01
Doing analysis at TEMP = 27.000000 and TNOM = 27.000000

Using SPARSE 1.3 as Direct Linear Solver

No. of Data Rows : 801
fcross              =  1.18056e+06
Note: Starting dynamic gmin stepping
Warning: Dynamic gmin stepping failed
Note: Starting true gmin stepping
Note: True gmin stepping completed
pmarg               =  7.10073e+01
tdc                 =  8.11974e+01
Doing analysis at TEMP = 27.000000 and TNOM = 27.000000

Using SPARSE 1.3 as Direct Linear Solver

No. of Data Rows : 801
fcross              =  1.14030e+06
Note: Starting dynamic gmin stepping
Warning: Dynamic gmin stepping failed
Note: Starting true gmin stepping
Note: True gmin stepping completed
pmarg               =  7.05285e+01
tdc                 =  8.11974e+01
Doing analysis at TEMP = 27.000000 and TNOM = 27.000000

Using SPARSE 1.3 as Direct Linear Solver

No. of Data Rows : 801
fcross              =  1.11656e+06
Note: Starting dynamic gmin stepping
Warning: Dynamic gmin stepping failed
Note: Starting true gmin stepping
Note: True gmin stepping completed
pmarg               =  7.05626e+01
tdc                 =  8.11974e+01
Doing analysis at TEMP = 27.000000 and TNOM = 27.000000

Using SPARSE 1.3 as Direct Linear Solver

No. of Data Rows : 801
fcross              =  1.09355e+06
Note: Starting dynamic gmin stepping
Warning: Dynamic gmin stepping failed
Note: Starting true gmin stepping
Note: True gmin stepping completed
pmarg               =  7.08063e+01
tdc                 =  8.11974e+01
Doing analysis at TEMP = 27.000000 and TNOM = 27.000000

Using SPARSE 1.3 as Direct Linear Solver

No. of Data Rows : 801
fcross              =  1.05739e+06
Note: Starting dynamic gmin stepping
Warning: Dynamic gmin stepping failed
Note: Starting true gmin stepping
Note: True gmin stepping completed
pmarg               =  7.16619e+01
tdc                 =  8.11974e+01
Doing analysis at TEMP = 27.000000 and TNOM = 27.000000

Using SPARSE 1.3 as Direct Linear Solver

No. of Data Rows : 801
fcross              =  1.24362e+06
Note: Starting dynamic gmin stepping
Warning: Dynamic gmin stepping failed
Note: Starting true gmin stepping
Note: True gmin stepping completed
pmarg               =  7.63366e+01
tdc                 =  8.11974e+01
Doing analysis at TEMP = 27.000000 and TNOM = 27.000000

Using SPARSE 1.3 as Direct Linear Solver

No. of Data Rows : 801
fcross              =  1.24397e+06
Note: Starting dynamic gmin stepping
Warning: Dynamic gmin stepping failed
Note: Starting true gmin stepping
Note: True gmin stepping completed
pmarg               =  7.60815e+01
tdc                 =  8.11974e+01
Doing analysis at TEMP = 27.000000 and TNOM = 27.000000

Using SPARSE 1.3 as Direct Linear Solver

No. of Data Rows : 801
fcross              =  1.24409e+06
Note: Starting dynamic gmin stepping
Warning: Dynamic gmin stepping failed
Note: Starting true gmin stepping
Note: True gmin stepping completed
pmarg               =  7.57958e+01
tdc                 =  8.11974e+01
Doing analysis at TEMP = 27.000000 and TNOM = 27.000000

Using SPARSE 1.3 as Direct Linear Solver

No. of Data Rows : 801
fcross              =  1.24336e+06
Note: Starting dynamic gmin stepping
Warning: Dynamic gmin stepping failed
Note: Starting true gmin stepping
Note: True gmin stepping completed
pmarg               =  7.51621e+01
tdc                 =  8.11974e+01
Doing analysis at TEMP = 27.000000 and TNOM = 27.000000

Using SPARSE 1.3 as Direct Linear Solver

No. of Data Rows : 801
fcross              =  1.23752e+06
Note: Starting dynamic gmin stepping
Warning: Dynamic gmin stepping failed
Note: Starting true gmin stepping
Note: True gmin stepping completed
pmarg               =  7.39389e+01
tdc                 =  8.11974e+01
Doing analysis at TEMP = 27.000000 and TNOM = 27.000000

Using SPARSE 1.3 as Direct Linear Solver

No. of Data Rows : 801
fcross              =  1.21153e+06
Note: Starting dynamic gmin stepping
Warning: Dynamic gmin stepping failed
Note: Starting true gmin stepping
Note: True gmin stepping completed
pmarg               =  7.19938e+01
tdc                 =  8.11974e+01
Doing analysis at TEMP = 27.000000 and TNOM = 27.000000

Using SPARSE 1.3 as Direct Linear Solver

No. of Data Rows : 801
fcross              =  1.18054e+06
Note: Starting dynamic gmin stepping
Warning: Dynamic gmin stepping failed
Note: Starting true gmin stepping
Note: True gmin stepping completed
pmarg               =  7.09888e+01
tdc                 =  8.11974e+01
Doing analysis at TEMP = 27.000000 and TNOM = 27.000000

Using SPARSE 1.3 as Direct Linear Solver

No. of Data Rows : 801
fcross              =  1.14028e+06
Note: Starting dynamic gmin stepping
Warning: Dynamic gmin stepping failed
Note: Starting true gmin stepping
Note: True gmin stepping completed
pmarg               =  7.05107e+01
tdc                 =  8.11974e+01
Doing analysis at TEMP = 27.000000 and TNOM = 27.000000

Using SPARSE 1.3 as Direct Linear Solver
 Reference value :  4.26580e+01
No. of Data Rows : 801
fcross              =  1.11655e+06
Note: Starting dynamic gmin stepping
Warning: Dynamic gmin stepping failed
Note: Starting true gmin stepping
Note: True gmin stepping completed
pmarg               =  7.05452e+01
tdc                 =  8.11974e+01
Doing analysis at TEMP = 27.000000 and TNOM = 27.000000

Using SPARSE 1.3 as Direct Linear Solver

No. of Data Rows : 801
fcross              =  1.09354e+06
Note: Starting dynamic gmin stepping
Warning: Dynamic gmin stepping failed
Note: Starting true gmin stepping
Note: True gmin stepping completed
pmarg               =  7.07892e+01
tdc                 =  8.11974e+01
Doing analysis at TEMP = 27.000000 and TNOM = 27.000000

Using SPARSE 1.3 as Direct Linear Solver

No. of Data Rows : 801
fcross              =  1.05737e+06
Note: Starting dynamic gmin stepping
Warning: Dynamic gmin stepping failed
Note: Starting true gmin stepping
Note: True gmin stepping completed
pmarg               =  7.16453e+01
tdc                 =  8.11974e+01
Doing analysis at TEMP = 27.000000 and TNOM = 27.000000

Using SPARSE 1.3 as Direct Linear Solver

No. of Data Rows : 801
fcross              =  1.24361e+06
Note: Starting dynamic gmin stepping
Warning: Dynamic gmin stepping failed
Note: Starting true gmin stepping
Note: True gmin stepping completed
pmarg               =  7.63256e+01
tdc                 =  8.11974e+01
Doing analysis at TEMP = 27.000000 and TNOM = 27.000000

Using SPARSE 1.3 as Direct Linear Solver

No. of Data Rows : 801
fcross              =  1.24395e+06
Note: Starting dynamic gmin stepping
Warning: Dynamic gmin stepping failed
Note: Starting true gmin stepping
Note: True gmin stepping completed
pmarg               =  7.60705e+01
tdc                 =  8.11974e+01
Doing analysis at TEMP = 27.000000 and TNOM = 27.000000

Using SPARSE 1.3 as Direct Linear Solver

No. of Data Rows : 801
fcross              =  1.24408e+06
Note: Starting dynamic gmin stepping
Warning: Dynamic gmin stepping failed
Note: Starting true gmin stepping
Note: True gmin stepping completed
pmarg               =  7.57849e+01
tdc                 =  8.11974e+01
Doing analysis at TEMP = 27.000000 and TNOM = 27.000000

Using SPARSE 1.3 as Direct Linear Solver

No. of Data Rows : 801
fcross              =  1.24334e+06
Note: Starting dynamic gmin stepping
Warning: Dynamic gmin stepping failed
Note: Starting true gmin stepping
Note: True gmin stepping completed
pmarg               =  7.51512e+01
tdc                 =  8.11974e+01
Doing analysis at TEMP = 27.000000 and TNOM = 27.000000

Using SPARSE 1.3 as Direct Linear Solver

No. of Data Rows : 801
fcross              =  1.23751e+06
Note: Starting dynamic gmin stepping
Warning: Dynamic gmin stepping failed
Note: Starting true gmin stepping
Note: True gmin stepping completed
pmarg               =  7.39280e+01
tdc                 =  8.11974e+01
Doing analysis at TEMP = 27.000000 and TNOM = 27.000000

Using SPARSE 1.3 as Direct Linear Solver

No. of Data Rows : 801
fcross              =  1.21152e+06
Note: Starting dynamic gmin stepping
Warning: Dynamic gmin stepping failed
Note: Starting true gmin stepping
Note: True gmin stepping completed
pmarg               =  7.19832e+01
tdc                 =  8.11974e+01
Doing analysis at TEMP = 27.000000 and TNOM = 27.000000

Using SPARSE 1.3 as Direct Linear Solver

No. of Data Rows : 801
fcross              =  1.18053e+06
Note: Starting dynamic gmin stepping
Warning: Dynamic gmin stepping failed
Note: Starting true gmin stepping
Note: True gmin stepping completed
pmarg               =  7.09785e+01
tdc                 =  8.11974e+01
Doing analysis at TEMP = 27.000000 and TNOM = 27.000000

Using SPARSE 1.3 as Direct Linear Solver

No. of Data Rows : 801
fcross              =  1.14027e+06
Note: Starting dynamic gmin stepping
Warning: Dynamic gmin stepping failed
Note: Starting true gmin stepping
Note: True gmin stepping completed
pmarg               =  7.05006e+01
tdc                 =  8.11974e+01
Doing analysis at TEMP = 27.000000 and TNOM = 27.000000

Using SPARSE 1.3 as Direct Linear Solver

No. of Data Rows : 801
fcross              =  1.11654e+06
Note: Starting dynamic gmin stepping
Warning: Dynamic gmin stepping failed
Note: Starting true gmin stepping
Note: True gmin stepping completed
pmarg               =  7.05353e+01
tdc                 =  8.11974e+01
Doing analysis at TEMP = 27.000000 and TNOM = 27.000000

Using SPARSE 1.3 as Direct Linear Solver

No. of Data Rows : 801
fcross              =  1.09353e+06
Note: Starting dynamic gmin stepping
Warning: Dynamic gmin stepping failed
Note: Starting true gmin stepping
Note: True gmin stepping completed
pmarg               =  7.07795e+01
tdc                 =  8.11974e+01
Doing analysis at TEMP = 27.000000 and TNOM = 27.000000

Using SPARSE 1.3 as Direct Linear Solver

No. of Data Rows : 801
fcross              =  1.05737e+06
Note: Starting dynamic gmin stepping
Warning: Dynamic gmin stepping failed
Note: Starting true gmin stepping
Note: True gmin stepping completed
pmarg               =  7.16360e+01
tdc                 =  8.11974e+01
Doing analysis at TEMP = 27.000000 and TNOM = 27.000000

Using SPARSE 1.3 as Direct Linear Solver

No. of Data Rows : 801
fcross              =  1.24278e+06
Note: Starting dynamic gmin stepping
Warning: Dynamic gmin stepping failed
Note: Starting true gmin stepping
Note: True gmin stepping completed
pmarg               =  7.70526e+01
tdc                 =  8.11879e+01
Doing analysis at TEMP = 27.000000 and TNOM = 27.000000

Using SPARSE 1.3 as Direct Linear Solver

No. of Data Rows : 801
fcross              =  1.24312e+06
Note: Starting dynamic gmin stepping
Warning: Dynamic gmin stepping failed
Note: Starting true gmin stepping
Note: True gmin stepping completed
pmarg               =  7.68003e+01
tdc                 =  8.11879e+01
Doing analysis at TEMP = 27.000000 and TNOM = 27.000000

Using SPARSE 1.3 as Direct Linear Solver

No. of Data Rows : 801
fcross              =  1.24324e+06
Note: Starting dynamic gmin stepping
Warning: Dynamic gmin stepping failed
Note: Starting true gmin stepping
Note: True gmin stepping completed
pmarg               =  7.65176e+01
tdc                 =  8.11879e+01
Doing analysis at TEMP = 27.000000 and TNOM = 27.000000

Using SPARSE 1.3 as Direct Linear Solver

No. of Data Rows : 801
fcross              =  1.24252e+06
Note: Starting dynamic gmin stepping
Warning: Dynamic gmin stepping failed
Note: Starting true gmin stepping
Note: True gmin stepping completed
pmarg               =  7.58898e+01
tdc                 =  8.11879e+01
Doing analysis at TEMP = 27.000000 and TNOM = 27.000000

Using SPARSE 1.3 as Direct Linear Solver

No. of Data Rows : 801
fcross              =  1.23678e+06
Note: Starting dynamic gmin stepping
Warning: Dynamic gmin stepping failed
Note: Starting true gmin stepping
Note: True gmin stepping completed
pmarg               =  7.46747e+01
tdc                 =  8.11879e+01
Doing analysis at TEMP = 27.000000 and TNOM = 27.000000

Using SPARSE 1.3 as Direct Linear Solver

No. of Data Rows : 801
fcross              =  1.21114e+06
Note: Starting dynamic gmin stepping
Warning: Dynamic gmin stepping failed
Note: Starting true gmin stepping
Note: True gmin stepping completed
pmarg               =  7.27276e+01
tdc                 =  8.11879e+01
Doing analysis at TEMP = 27.000000 and TNOM = 27.000000

Using SPARSE 1.3 as Direct Linear Solver

No. of Data Rows : 801
fcross              =  1.18045e+06
Note: Starting dynamic gmin stepping
Warning: Dynamic gmin stepping failed
Note: Starting true gmin stepping
Note: True gmin stepping completed
pmarg               =  7.17059e+01
tdc                 =  8.11879e+01
Doing analysis at TEMP = 27.000000 and TNOM = 27.000000

Using SPARSE 1.3 as Direct Linear Solver

No. of Data Rows : 801
fcross              =  1.14047e+06
Note: Starting dynamic gmin stepping
Warning: Dynamic gmin stepping failed
Note: Starting true gmin stepping
Note: True gmin stepping completed
pmarg               =  7.11987e+01
tdc                 =  8.11879e+01
Doing analysis at TEMP = 27.000000 and TNOM = 27.000000

Using SPARSE 1.3 as Direct Linear Solver
 Reference value :  1.00000e+00
No. of Data Rows : 801
fcross              =  1.11684e+06
Note: Starting dynamic gmin stepping
Warning: Dynamic gmin stepping failed
Note: Starting true gmin stepping
Note: True gmin stepping completed
pmarg               =  7.12143e+01
tdc                 =  8.11879e+01
Doing analysis at TEMP = 27.000000 and TNOM = 27.000000

Using SPARSE 1.3 as Direct Linear Solver

No. of Data Rows : 801
fcross              =  1.09390e+06
Note: Starting dynamic gmin stepping
Warning: Dynamic gmin stepping failed
Note: Starting true gmin stepping
Note: True gmin stepping completed
pmarg               =  7.14393e+01
tdc                 =  8.11879e+01
Doing analysis at TEMP = 27.000000 and TNOM = 27.000000

Using SPARSE 1.3 as Direct Linear Solver

No. of Data Rows : 801
fcross              =  1.05778e+06
Note: Starting dynamic gmin stepping
Warning: Dynamic gmin stepping failed
Note: Starting true gmin stepping
Warning: True gmin stepping failed
Note: Starting source stepping
Note: Source stepping completed
pmarg               =  7.22649e+01
tdc                 =  8.11879e+01
Doing analysis at TEMP = 27.000000 and TNOM = 27.000000

Using SPARSE 1.3 as Direct Linear Solver

No. of Data Rows : 801
fcross              =  1.24267e+06
pmarg               =  7.67756e+01
tdc                 =  8.11879e+01
Doing analysis at TEMP = 27.000000 and TNOM = 27.000000

Using SPARSE 1.3 as Direct Linear Solver

No. of Data Rows : 801
fcross              =  1.24301e+06
pmarg               =  7.65232e+01
tdc                 =  8.11879e+01
Doing analysis at TEMP = 27.000000 and TNOM = 27.000000

Using SPARSE 1.3 as Direct Linear Solver

No. of Data Rows : 801
fcross              =  1.24313e+06
pmarg               =  7.62405e+01
tdc                 =  8.11879e+01
Doing analysis at TEMP = 27.000000 and TNOM = 27.000000

Using SPARSE 1.3 as Direct Linear Solver

No. of Data Rows : 801
fcross              =  1.24241e+06
pmarg               =  7.56129e+01
tdc                 =  8.11879e+01
Doing analysis at TEMP = 27.000000 and TNOM = 27.000000

Using SPARSE 1.3 as Direct Linear Solver

No. of Data Rows : 801
fcross              =  1.23667e+06
pmarg               =  7.43992e+01
tdc                 =  8.11879e+01
Doing analysis at TEMP = 27.000000 and TNOM = 27.000000

Using SPARSE 1.3 as Direct Linear Solver

No. of Data Rows : 801
fcross              =  1.21104e+06
pmarg               =  7.24578e+01
tdc                 =  8.11879e+01
Doing analysis at TEMP = 27.000000 and TNOM = 27.000000

Using SPARSE 1.3 as Direct Linear Solver

No. of Data Rows : 801
fcross              =  1.18036e+06
pmarg               =  7.14428e+01
tdc                 =  8.11879e+01
Doing analysis at TEMP = 27.000000 and TNOM = 27.000000

Using SPARSE 1.3 as Direct Linear Solver

No. of Data Rows : 801
fcross              =  1.14040e+06
pmarg               =  7.09443e+01
tdc                 =  8.11879e+01
Doing analysis at TEMP = 27.000000 and TNOM = 27.000000

Using SPARSE 1.3 as Direct Linear Solver

No. of Data Rows : 801
fcross              =  1.11677e+06
pmarg               =  7.09651e+01
tdc                 =  8.11879e+01
Doing analysis at TEMP = 27.000000 and TNOM = 27.000000

Using SPARSE 1.3 as Direct Linear Solver

No. of Data Rows : 801
fcross              =  1.09383e+06
pmarg               =  7.11951e+01
tdc                 =  8.11879e+01
Doing analysis at TEMP = 27.000000 and TNOM = 27.000000

Using SPARSE 1.3 as Direct Linear Solver

No. of Data Rows : 801
fcross              =  1.05772e+06
Note: Starting dynamic gmin stepping
Warning: Dynamic gmin stepping failed
Note: Starting true gmin stepping
Note: True gmin stepping completed
pmarg               =  7.20287e+01
tdc                 =  8.11879e+01
Doing analysis at TEMP = 27.000000 and TNOM = 27.000000

Using SPARSE 1.3 as Direct Linear Solver

No. of Data Rows : 801
fcross              =  1.24228e+06
Note: Starting dynamic gmin stepping
Warning: Dynamic gmin stepping failed
Note: Starting true gmin stepping
Note: True gmin stepping completed
pmarg               =  7.63636e+01
tdc                 =  8.11879e+01
Doing analysis at TEMP = 27.000000 and TNOM = 27.000000

Using SPARSE 1.3 as Direct Linear Solver

No. of Data Rows : 801
fcross              =  1.24262e+06
Note: Starting dynamic gmin stepping
Warning: Dynamic gmin stepping failed
Note: Starting true gmin stepping
Note: True gmin stepping completed
pmarg               =  7.61112e+01
tdc                 =  8.11879e+01
Doing analysis at TEMP = 27.000000 and TNOM = 27.000000

Using SPARSE 1.3 as Direct Linear Solver

No. of Data Rows : 801
fcross              =  1.24275e+06
Note: Starting dynamic gmin stepping
Warning: Dynamic gmin stepping failed
Note: Starting true gmin stepping
Note: True gmin stepping completed
pmarg               =  7.58285e+01
tdc                 =  8.11879e+01
Doing analysis at TEMP = 27.000000 and TNOM = 27.000000

Using SPARSE 1.3 as Direct Linear Solver

No. of Data Rows : 801
fcross              =  1.24203e+06
Note: Starting dynamic gmin stepping
Warning: Dynamic gmin stepping failed
Note: Starting true gmin stepping
Note: True gmin stepping completed
pmarg               =  7.52013e+01
tdc                 =  8.11879e+01
Doing analysis at TEMP = 27.000000 and TNOM = 27.000000

Using SPARSE 1.3 as Direct Linear Solver

No. of Data Rows : 801
fcross              =  1.23629e+06
Note: Starting dynamic gmin stepping
Warning: Dynamic gmin stepping failed
Note: Starting true gmin stepping
Note: True gmin stepping completed
pmarg               =  7.39898e+01
tdc                 =  8.11879e+01
Doing analysis at TEMP = 27.000000 and TNOM = 27.000000

Using SPARSE 1.3 as Direct Linear Solver

No. of Data Rows : 801
fcross              =  1.21070e+06
Note: Starting dynamic gmin stepping
Warning: Dynamic gmin stepping failed
Note: Starting true gmin stepping
Note: True gmin stepping completed
pmarg               =  7.20569e+01
tdc                 =  8.11879e+01
Doing analysis at TEMP = 27.000000 and TNOM = 27.000000

Using SPARSE 1.3 as Direct Linear Solver

No. of Data Rows : 801
fcross              =  1.18006e+06
Note: Starting dynamic gmin stepping
Warning: Dynamic gmin stepping failed
Note: Starting true gmin stepping
Note: True gmin stepping completed
pmarg               =  7.10516e+01
tdc                 =  8.11879e+01
Doing analysis at TEMP = 27.000000 and TNOM = 27.000000

Using SPARSE 1.3 as Direct Linear Solver

No. of Data Rows : 801
fcross              =  1.14013e+06
Note: Starting dynamic gmin stepping
Warning: Dynamic gmin stepping failed
Note: Starting true gmin stepping
Note: True gmin stepping completed
pmarg               =  7.05657e+01
tdc                 =  8.11879e+01
Doing analysis at TEMP = 27.000000 and TNOM = 27.000000

Using SPARSE 1.3 as Direct Linear Solver

No. of Data Rows : 801
fcross              =  1.11652e+06
Note: Starting dynamic gmin stepping
Warning: Dynamic gmin stepping failed
Note: Starting true gmin stepping
Note: True gmin stepping completed
pmarg               =  7.05939e+01
tdc                 =  8.11879e+01
Doing analysis at TEMP = 27.000000 and TNOM = 27.000000

Using SPARSE 1.3 as Direct Linear Solver

No. of Data Rows : 801
fcross              =  1.09360e+06
Note: Starting dynamic gmin stepping
Warning: Dynamic gmin stepping failed
Note: Starting true gmin stepping
Note: True gmin stepping completed
pmarg               =  7.08312e+01
tdc                 =  8.11879e+01
Doing analysis at TEMP = 27.000000 and TNOM = 27.000000

Using SPARSE 1.3 as Direct Linear Solver

No. of Data Rows : 801
fcross              =  1.05750e+06
Note: Starting dynamic gmin stepping
Warning: Dynamic gmin stepping failed
Note: Starting true gmin stepping
Note: True gmin stepping completed
pmarg               =  7.16764e+01
tdc                 =  8.11879e+01
Doing analysis at TEMP = 27.000000 and TNOM = 27.000000

Using SPARSE 1.3 as Direct Linear Solver

No. of Data Rows : 801
fcross              =  1.24226e+06
Note: Starting dynamic gmin stepping
Warning: Dynamic gmin stepping failed
Note: Starting true gmin stepping
Note: True gmin stepping completed
pmarg               =  7.63442e+01
tdc                 =  8.11879e+01
Doing analysis at TEMP = 27.000000 and TNOM = 27.000000

Using SPARSE 1.3 as Direct Linear Solver

No. of Data Rows : 801
fcross              =  1.24260e+06
Note: Starting dynamic gmin stepping
Warning: Dynamic gmin stepping failed
Note: Starting true gmin stepping
Note: True gmin stepping completed
pmarg               =  7.60918e+01
tdc                 =  8.11879e+01
Doing analysis at TEMP = 27.000000 and TNOM = 27.000000

Using SPARSE 1.3 as Direct Linear Solver

No. of Data Rows : 801
fcross              =  1.24272e+06
Note: Starting dynamic gmin stepping
Warning: Dynamic gmin stepping failed
Note: Starting true gmin stepping
Note: True gmin stepping completed
pmarg               =  7.58092e+01
tdc                 =  8.11879e+01
Doing analysis at TEMP = 27.000000 and TNOM = 27.000000

Using SPARSE 1.3 as Direct Linear Solver

No. of Data Rows : 801
fcross              =  1.24200e+06
Note: Starting dynamic gmin stepping
Warning: Dynamic gmin stepping failed
Note: Starting true gmin stepping
Note: True gmin stepping completed
pmarg               =  7.51820e+01
tdc                 =  8.11879e+01
Doing analysis at TEMP = 27.000000 and TNOM = 27.000000

Using SPARSE 1.3 as Direct Linear Solver
 Reference value :  1.00000e+00
No. of Data Rows : 801
fcross              =  1.23627e+06
Note: Starting dynamic gmin stepping
Warning: Dynamic gmin stepping failed
Note: Starting true gmin stepping
Note: True gmin stepping completed
pmarg               =  7.39705e+01
tdc                 =  8.11879e+01
Doing analysis at TEMP = 27.000000 and TNOM = 27.000000

Using SPARSE 1.3 as Direct Linear Solver

No. of Data Rows : 801
fcross              =  1.21068e+06
Note: Starting dynamic gmin stepping
Warning: Dynamic gmin stepping failed
Note: Starting true gmin stepping
Note: True gmin stepping completed
pmarg               =  7.20380e+01
tdc                 =  8.11879e+01
Doing analysis at TEMP = 27.000000 and TNOM = 27.000000

Using SPARSE 1.3 as Direct Linear Solver

No. of Data Rows : 801
fcross              =  1.18004e+06
Note: Starting dynamic gmin stepping
Warning: Dynamic gmin stepping failed
Note: Starting true gmin stepping
Note: True gmin stepping completed
pmarg               =  7.10332e+01
tdc                 =  8.11879e+01
Doing analysis at TEMP = 27.000000 and TNOM = 27.000000

Using SPARSE 1.3 as Direct Linear Solver

No. of Data Rows : 801
fcross              =  1.14012e+06
Note: Starting dynamic gmin stepping
Warning: Dynamic gmin stepping failed
Note: Starting true gmin stepping
Note: True gmin stepping completed
pmarg               =  7.05479e+01
tdc                 =  8.11879e+01
Doing analysis at TEMP = 27.000000 and TNOM = 27.000000

Using SPARSE 1.3 as Direct Linear Solver

No. of Data Rows : 801
fcross              =  1.11651e+06
Note: Starting dynamic gmin stepping
Warning: Dynamic gmin stepping failed
Note: Starting true gmin stepping
Note: True gmin stepping completed
pmarg               =  7.05764e+01
tdc                 =  8.11879e+01
Doing analysis at TEMP = 27.000000 and TNOM = 27.000000

Using SPARSE 1.3 as Direct Linear Solver

No. of Data Rows : 801
fcross              =  1.09359e+06
Note: Starting dynamic gmin stepping
Warning: Dynamic gmin stepping failed
Note: Starting true gmin stepping
Note: True gmin stepping completed
pmarg               =  7.08140e+01
tdc                 =  8.11879e+01
Doing analysis at TEMP = 27.000000 and TNOM = 27.000000

Using SPARSE 1.3 as Direct Linear Solver

No. of Data Rows : 801
fcross              =  1.05749e+06
Note: Starting dynamic gmin stepping
Warning: Dynamic gmin stepping failed
Note: Starting true gmin stepping
Note: True gmin stepping completed
pmarg               =  7.16598e+01
tdc                 =  8.11879e+01
Doing analysis at TEMP = 27.000000 and TNOM = 27.000000

Using SPARSE 1.3 as Direct Linear Solver

No. of Data Rows : 801
fcross              =  1.24224e+06
Note: Starting dynamic gmin stepping
Warning: Dynamic gmin stepping failed
Note: Starting true gmin stepping
Note: True gmin stepping completed
pmarg               =  7.63333e+01
tdc                 =  8.11879e+01
Doing analysis at TEMP = 27.000000 and TNOM = 27.000000

Using SPARSE 1.3 as Direct Linear Solver

No. of Data Rows : 801
fcross              =  1.24258e+06
Note: Starting dynamic gmin stepping
Warning: Dynamic gmin stepping failed
Note: Starting true gmin stepping
Note: True gmin stepping completed
pmarg               =  7.60809e+01
tdc                 =  8.11879e+01
Doing analysis at TEMP = 27.000000 and TNOM = 27.000000

Using SPARSE 1.3 as Direct Linear Solver

No. of Data Rows : 801
fcross              =  1.24271e+06
Note: Starting dynamic gmin stepping
Warning: Dynamic gmin stepping failed
Note: Starting true gmin stepping
Note: True gmin stepping completed
pmarg               =  7.57982e+01
tdc                 =  8.11879e+01
Doing analysis at TEMP = 27.000000 and TNOM = 27.000000

Using SPARSE 1.3 as Direct Linear Solver

No. of Data Rows : 801
fcross              =  1.24199e+06
Note: Starting dynamic gmin stepping
Warning: Dynamic gmin stepping failed
Note: Starting true gmin stepping
Note: True gmin stepping completed
pmarg               =  7.51711e+01
tdc                 =  8.11879e+01
Doing analysis at TEMP = 27.000000 and TNOM = 27.000000

Using SPARSE 1.3 as Direct Linear Solver

No. of Data Rows : 801
fcross              =  1.23626e+06
Note: Starting dynamic gmin stepping
Warning: Dynamic gmin stepping failed
Note: Starting true gmin stepping
Note: True gmin stepping completed
pmarg               =  7.39597e+01
tdc                 =  8.11879e+01
Doing analysis at TEMP = 27.000000 and TNOM = 27.000000

Using SPARSE 1.3 as Direct Linear Solver

No. of Data Rows : 801
fcross              =  1.21067e+06
Note: Starting dynamic gmin stepping
Warning: Dynamic gmin stepping failed
Note: Starting true gmin stepping
Note: True gmin stepping completed
pmarg               =  7.20274e+01
tdc                 =  8.11879e+01
Doing analysis at TEMP = 27.000000 and TNOM = 27.000000

Using SPARSE 1.3 as Direct Linear Solver

No. of Data Rows : 801
fcross              =  1.18003e+06
Note: Starting dynamic gmin stepping
Warning: Dynamic gmin stepping failed
Note: Starting true gmin stepping
Note: True gmin stepping completed
pmarg               =  7.10228e+01
tdc                 =  8.11879e+01
Doing analysis at TEMP = 27.000000 and TNOM = 27.000000

Using SPARSE 1.3 as Direct Linear Solver

No. of Data Rows : 801
fcross              =  1.14011e+06
Note: Starting dynamic gmin stepping
Warning: Dynamic gmin stepping failed
Note: Starting true gmin stepping
Note: True gmin stepping completed
pmarg               =  7.05379e+01
tdc                 =  8.11879e+01
Doing analysis at TEMP = 27.000000 and TNOM = 27.000000

Using SPARSE 1.3 as Direct Linear Solver

No. of Data Rows : 801
fcross              =  1.11650e+06
Note: Starting dynamic gmin stepping
Warning: Dynamic gmin stepping failed
Note: Starting true gmin stepping
Note: True gmin stepping completed
pmarg               =  7.05666e+01
tdc                 =  8.11879e+01
Doing analysis at TEMP = 27.000000 and TNOM = 27.000000

Using SPARSE 1.3 as Direct Linear Solver

No. of Data Rows : 801
fcross              =  1.09358e+06
Note: Starting dynamic gmin stepping
Warning: Dynamic gmin stepping failed
Note: Starting true gmin stepping
Note: True gmin stepping completed
pmarg               =  7.08044e+01
tdc                 =  8.11879e+01
Doing analysis at TEMP = 27.000000 and TNOM = 27.000000

Using SPARSE 1.3 as Direct Linear Solver

No. of Data Rows : 801
fcross              =  1.05748e+06
Note: Starting dynamic gmin stepping
Warning: Dynamic gmin stepping failed
Note: Starting true gmin stepping
Warning: True gmin stepping failed
Note: Starting source stepping
Note: Source stepping completed
pmarg               =  7.16504e+01
tdc                 =  8.11879e+01
=== variant b_tip: the model the input pair simulates ===
 JFET models (Junction Field effect transistor)
      model               lsk489a

        vto                -2.557
       beta                0.0022
     lambda                0.0043
         is                 3e-15
         rd                    11
         rs                    30
        cgs              2.92e-12
        cgd              3.19e-12
         pb                   0.8
         fc                   0.5
         kf                 9e-19

Doing analysis at TEMP = 27.000000 and TNOM = 27.000000

Using SPARSE 1.3 as Direct Linear Solver

No. of Data Rows : 801
fcross              =  1.24349e+06
Note: Starting dynamic gmin stepping
Warning: Dynamic gmin stepping failed
Note: Starting true gmin stepping
Warning: True gmin stepping failed
Note: Starting source stepping
Note: Source stepping completed
pmarg               =  7.70529e+01
tdc                 =  8.11920e+01
Doing analysis at TEMP = 27.000000 and TNOM = 27.000000

Using SPARSE 1.3 as Direct Linear Solver

No. of Data Rows : 801
fcross              =  1.24384e+06
Note: Starting dynamic gmin stepping
Warning: Dynamic gmin stepping failed
Note: Starting true gmin stepping
Warning: True gmin stepping failed
Note: Starting source stepping
Note: Source stepping completed
pmarg               =  7.67980e+01
tdc                 =  8.11920e+01
Doing analysis at TEMP = 27.000000 and TNOM = 27.000000

Using SPARSE 1.3 as Direct Linear Solver

No. of Data Rows : 801
fcross              =  1.24397e+06
Note: Starting dynamic gmin stepping
Warning: Dynamic gmin stepping failed
Note: Starting true gmin stepping
Warning: True gmin stepping failed
Note: Starting source stepping
Note: Source stepping completed
pmarg               =  7.65125e+01
tdc                 =  8.11920e+01
Doing analysis at TEMP = 27.000000 and TNOM = 27.000000

Using SPARSE 1.3 as Direct Linear Solver

No. of Data Rows : 801
fcross              =  1.24323e+06
Note: Starting dynamic gmin stepping
Warning: Dynamic gmin stepping failed
Note: Starting true gmin stepping
Warning: True gmin stepping failed
Note: Starting source stepping
Note: Source stepping completed
pmarg               =  7.58785e+01
tdc                 =  8.11920e+01
Doing analysis at TEMP = 27.000000 and TNOM = 27.000000

Using SPARSE 1.3 as Direct Linear Solver
 Reference value :  2.88403e+06
No. of Data Rows : 801
fcross              =  1.23740e+06
Note: Starting dynamic gmin stepping
Warning: Dynamic gmin stepping failed
Note: Starting true gmin stepping
Warning: True gmin stepping failed
Note: Starting source stepping
Note: Source stepping completed
pmarg               =  7.46522e+01
tdc                 =  8.11920e+01
Doing analysis at TEMP = 27.000000 and TNOM = 27.000000

Using SPARSE 1.3 as Direct Linear Solver

No. of Data Rows : 801
fcross              =  1.21140e+06
Note: Starting dynamic gmin stepping
Warning: Dynamic gmin stepping failed
Note: Starting true gmin stepping
Warning: True gmin stepping failed
Note: Starting source stepping
Note: Source stepping completed
pmarg               =  7.26924e+01
tdc                 =  8.11920e+01
Doing analysis at TEMP = 27.000000 and TNOM = 27.000000

Using SPARSE 1.3 as Direct Linear Solver

No. of Data Rows : 801
fcross              =  1.18039e+06
Note: Starting dynamic gmin stepping
Warning: Dynamic gmin stepping failed
Note: Starting true gmin stepping
Warning: True gmin stepping failed
Note: Starting source stepping
Note: Source stepping completed
pmarg               =  7.16697e+01
tdc                 =  8.11920e+01
Doing analysis at TEMP = 27.000000 and TNOM = 27.000000

Using SPARSE 1.3 as Direct Linear Solver

No. of Data Rows : 801
fcross              =  1.14013e+06
Note: Starting dynamic gmin stepping
Warning: Dynamic gmin stepping failed
Note: Starting true gmin stepping
Warning: True gmin stepping failed
Note: Starting source stepping
Note: Source stepping completed
pmarg               =  7.11682e+01
tdc                 =  8.11920e+01
Doing analysis at TEMP = 27.000000 and TNOM = 27.000000

Using SPARSE 1.3 as Direct Linear Solver

No. of Data Rows : 801
fcross              =  1.11638e+06
Note: Starting dynamic gmin stepping
Warning: Dynamic gmin stepping failed
Note: Starting true gmin stepping
Warning: True gmin stepping failed
Note: Starting source stepping
Note: Source stepping completed
pmarg               =  7.11889e+01
tdc                 =  8.11920e+01
Doing analysis at TEMP = 27.000000 and TNOM = 27.000000

Using SPARSE 1.3 as Direct Linear Solver

No. of Data Rows : 801
fcross              =  1.09336e+06
Note: Starting dynamic gmin stepping
Warning: Dynamic gmin stepping failed
Note: Starting true gmin stepping
Warning: True gmin stepping failed
Note: Starting source stepping
Note: Source stepping completed
pmarg               =  7.14194e+01
tdc                 =  8.11920e+01
Doing analysis at TEMP = 27.000000 and TNOM = 27.000000

Using SPARSE 1.3 as Direct Linear Solver

No. of Data Rows : 801
fcross              =  1.05718e+06
Note: Starting dynamic gmin stepping
Warning: Dynamic gmin stepping failed
Note: Starting true gmin stepping
Note: True gmin stepping completed
pmarg               =  7.22544e+01
tdc                 =  8.11920e+01
Doing analysis at TEMP = 27.000000 and TNOM = 27.000000

Using SPARSE 1.3 as Direct Linear Solver

No. of Data Rows : 801
fcross              =  1.24340e+06
pmarg               =  7.68035e+01
tdc                 =  8.11920e+01
Doing analysis at TEMP = 27.000000 and TNOM = 27.000000

Using SPARSE 1.3 as Direct Linear Solver

No. of Data Rows : 801
fcross              =  1.24374e+06
pmarg               =  7.65486e+01
tdc                 =  8.11920e+01
Doing analysis at TEMP = 27.000000 and TNOM = 27.000000

Using SPARSE 1.3 as Direct Linear Solver

No. of Data Rows : 801
fcross              =  1.24387e+06
pmarg               =  7.62630e+01
tdc                 =  8.11920e+01
Doing analysis at TEMP = 27.000000 and TNOM = 27.000000

Using SPARSE 1.3 as Direct Linear Solver

No. of Data Rows : 801
fcross              =  1.24313e+06
pmarg               =  7.56292e+01
tdc                 =  8.11920e+01
Doing analysis at TEMP = 27.000000 and TNOM = 27.000000

Using SPARSE 1.3 as Direct Linear Solver

No. of Data Rows : 801
fcross              =  1.23730e+06
pmarg               =  7.44041e+01
tdc                 =  8.11920e+01
Doing analysis at TEMP = 27.000000 and TNOM = 27.000000

Using SPARSE 1.3 as Direct Linear Solver

No. of Data Rows : 801
fcross              =  1.21131e+06
pmarg               =  7.24496e+01
tdc                 =  8.11920e+01
Doing analysis at TEMP = 27.000000 and TNOM = 27.000000

Using SPARSE 1.3 as Direct Linear Solver

No. of Data Rows : 801
fcross              =  1.18031e+06
pmarg               =  7.14330e+01
tdc                 =  8.11920e+01
Doing analysis at TEMP = 27.000000 and TNOM = 27.000000

Using SPARSE 1.3 as Direct Linear Solver

No. of Data Rows : 801
fcross              =  1.14006e+06
pmarg               =  7.09394e+01
tdc                 =  8.11920e+01
Doing analysis at TEMP = 27.000000 and TNOM = 27.000000

Using SPARSE 1.3 as Direct Linear Solver

No. of Data Rows : 801
fcross              =  1.11632e+06
pmarg               =  7.09647e+01
tdc                 =  8.11920e+01
Doing analysis at TEMP = 27.000000 and TNOM = 27.000000

Using SPARSE 1.3 as Direct Linear Solver

No. of Data Rows : 801
fcross              =  1.09330e+06
pmarg               =  7.11998e+01
tdc                 =  8.11920e+01
Doing analysis at TEMP = 27.000000 and TNOM = 27.000000

Using SPARSE 1.3 as Direct Linear Solver

No. of Data Rows : 801
fcross              =  1.05712e+06
pmarg               =  7.20419e+01
tdc                 =  8.11920e+01
Doing analysis at TEMP = 27.000000 and TNOM = 27.000000

Using SPARSE 1.3 as Direct Linear Solver

No. of Data Rows : 801
fcross              =  1.24306e+06
pmarg               =  7.64324e+01
tdc                 =  8.11920e+01
Doing analysis at TEMP = 27.000000 and TNOM = 27.000000

Using SPARSE 1.3 as Direct Linear Solver

No. of Data Rows : 801
fcross              =  1.24340e+06
pmarg               =  7.61775e+01
tdc                 =  8.11920e+01
Doing analysis at TEMP = 27.000000 and TNOM = 27.000000

Using SPARSE 1.3 as Direct Linear Solver

No. of Data Rows : 801
fcross              =  1.24353e+06
pmarg               =  7.58920e+01
tdc                 =  8.11920e+01
Doing analysis at TEMP = 27.000000 and TNOM = 27.000000

Using SPARSE 1.3 as Direct Linear Solver

No. of Data Rows : 801
fcross              =  1.24280e+06
pmarg               =  7.52585e+01
tdc                 =  8.11920e+01
Doing analysis at TEMP = 27.000000 and TNOM = 27.000000

Using SPARSE 1.3 as Direct Linear Solver

No. of Data Rows : 801
fcross              =  1.23697e+06
pmarg               =  7.40354e+01
tdc                 =  8.11920e+01
Doing analysis at TEMP = 27.000000 and TNOM = 27.000000

Using SPARSE 1.3 as Direct Linear Solver

No. of Data Rows : 801
fcross              =  1.21102e+06
pmarg               =  7.20887e+01
tdc                 =  8.11920e+01
Doing analysis at TEMP = 27.000000 and TNOM = 27.000000

Using SPARSE 1.3 as Direct Linear Solver

No. of Data Rows : 801
fcross              =  1.18005e+06
pmarg               =  7.10809e+01
tdc                 =  8.11920e+01
Doing analysis at TEMP = 27.000000 and TNOM = 27.000000

Using SPARSE 1.3 as Direct Linear Solver

No. of Data Rows : 801
fcross              =  1.13983e+06
pmarg               =  7.05987e+01
tdc                 =  8.11920e+01
Doing analysis at TEMP = 27.000000 and TNOM = 27.000000

Using SPARSE 1.3 as Direct Linear Solver

No. of Data Rows : 801
fcross              =  1.11610e+06
pmarg               =  7.06308e+01
tdc                 =  8.11920e+01
Doing analysis at TEMP = 27.000000 and TNOM = 27.000000

Using SPARSE 1.3 as Direct Linear Solver

No. of Data Rows : 801
fcross              =  1.09310e+06
pmarg               =  7.08725e+01
tdc                 =  8.11920e+01
Doing analysis at TEMP = 27.000000 and TNOM = 27.000000

Using SPARSE 1.3 as Direct Linear Solver

No. of Data Rows : 801
fcross              =  1.05694e+06
Note: Starting dynamic gmin stepping
Warning: Dynamic gmin stepping failed
Note: Starting true gmin stepping
Note: True gmin stepping completed
pmarg               =  7.17251e+01
tdc                 =  8.11920e+01
Doing analysis at TEMP = 27.000000 and TNOM = 27.000000

Using SPARSE 1.3 as Direct Linear Solver

No. of Data Rows : 801
fcross              =  1.24304e+06
Note: Starting dynamic gmin stepping
Warning: Dynamic gmin stepping failed
Note: Starting true gmin stepping
Note: True gmin stepping completed
pmarg               =  7.64150e+01
tdc                 =  8.11920e+01
Doing analysis at TEMP = 27.000000 and TNOM = 27.000000

Using SPARSE 1.3 as Direct Linear Solver

No. of Data Rows : 801
fcross              =  1.24338e+06
Note: Starting dynamic gmin stepping
Warning: Dynamic gmin stepping failed
Note: Starting true gmin stepping
Note: True gmin stepping completed
pmarg               =  7.61600e+01
tdc                 =  8.11920e+01
Doing analysis at TEMP = 27.000000 and TNOM = 27.000000

Using SPARSE 1.3 as Direct Linear Solver

No. of Data Rows : 801
fcross              =  1.24351e+06
Note: Starting dynamic gmin stepping
Warning: Dynamic gmin stepping failed
Note: Starting true gmin stepping
Note: True gmin stepping completed
pmarg               =  7.58745e+01
tdc                 =  8.11920e+01
Doing analysis at TEMP = 27.000000 and TNOM = 27.000000

Using SPARSE 1.3 as Direct Linear Solver

No. of Data Rows : 801
fcross              =  1.24277e+06
Note: Starting dynamic gmin stepping
Warning: Dynamic gmin stepping failed
Note: Starting true gmin stepping
Note: True gmin stepping completed
pmarg               =  7.52411e+01
tdc                 =  8.11920e+01
Doing analysis at TEMP = 27.000000 and TNOM = 27.000000

Using SPARSE 1.3 as Direct Linear Solver

No. of Data Rows : 801
fcross              =  1.23695e+06
Note: Starting dynamic gmin stepping
Warning: Dynamic gmin stepping failed
Note: Starting true gmin stepping
Note: True gmin stepping completed
pmarg               =  7.40181e+01
tdc                 =  8.11920e+01
Doing analysis at TEMP = 27.000000 and TNOM = 27.000000

Using SPARSE 1.3 as Direct Linear Solver
 Reference value :  1.00000e+00
No. of Data Rows : 801
fcross              =  1.21100e+06
Note: Starting dynamic gmin stepping
Warning: Dynamic gmin stepping failed
Note: Starting true gmin stepping
Note: True gmin stepping completed
pmarg               =  7.20717e+01
tdc                 =  8.11920e+01
Doing analysis at TEMP = 27.000000 and TNOM = 27.000000

Using SPARSE 1.3 as Direct Linear Solver

No. of Data Rows : 801
fcross              =  1.18003e+06
Note: Starting dynamic gmin stepping
Warning: Dynamic gmin stepping failed
Note: Starting true gmin stepping
Note: True gmin stepping completed
pmarg               =  7.10644e+01
tdc                 =  8.11920e+01
Doing analysis at TEMP = 27.000000 and TNOM = 27.000000

Using SPARSE 1.3 as Direct Linear Solver

No. of Data Rows : 801
fcross              =  1.13981e+06
Note: Starting dynamic gmin stepping
Warning: Dynamic gmin stepping failed
Note: Starting true gmin stepping
Note: True gmin stepping completed
pmarg               =  7.05827e+01
tdc                 =  8.11920e+01
Doing analysis at TEMP = 27.000000 and TNOM = 27.000000

Using SPARSE 1.3 as Direct Linear Solver

No. of Data Rows : 801
fcross              =  1.11609e+06
Note: Starting dynamic gmin stepping
Warning: Dynamic gmin stepping failed
Note: Starting true gmin stepping
Note: True gmin stepping completed
pmarg               =  7.06151e+01
tdc                 =  8.11920e+01
Doing analysis at TEMP = 27.000000 and TNOM = 27.000000

Using SPARSE 1.3 as Direct Linear Solver

No. of Data Rows : 801
fcross              =  1.09309e+06
Note: Starting dynamic gmin stepping
Warning: Dynamic gmin stepping failed
Note: Starting true gmin stepping
Note: True gmin stepping completed
pmarg               =  7.08570e+01
tdc                 =  8.11920e+01
Doing analysis at TEMP = 27.000000 and TNOM = 27.000000

Using SPARSE 1.3 as Direct Linear Solver

No. of Data Rows : 801
fcross              =  1.05692e+06
pmarg               =  7.17101e+01
tdc                 =  8.11920e+01
Doing analysis at TEMP = 27.000000 and TNOM = 27.000000

Using SPARSE 1.3 as Direct Linear Solver

No. of Data Rows : 801
fcross              =  1.24303e+06
pmarg               =  7.64051e+01
tdc                 =  8.11920e+01
Doing analysis at TEMP = 27.000000 and TNOM = 27.000000

Using SPARSE 1.3 as Direct Linear Solver

No. of Data Rows : 801
fcross              =  1.24337e+06
pmarg               =  7.61502e+01
tdc                 =  8.11920e+01
Doing analysis at TEMP = 27.000000 and TNOM = 27.000000

Using SPARSE 1.3 as Direct Linear Solver

No. of Data Rows : 801
fcross              =  1.24350e+06
pmarg               =  7.58647e+01
tdc                 =  8.11920e+01
Doing analysis at TEMP = 27.000000 and TNOM = 27.000000

Using SPARSE 1.3 as Direct Linear Solver

No. of Data Rows : 801
fcross              =  1.24276e+06
pmarg               =  7.52313e+01
tdc                 =  8.11920e+01
Doing analysis at TEMP = 27.000000 and TNOM = 27.000000

Using SPARSE 1.3 as Direct Linear Solver

No. of Data Rows : 801
fcross              =  1.23694e+06
pmarg               =  7.40083e+01
tdc                 =  8.11920e+01
Doing analysis at TEMP = 27.000000 and TNOM = 27.000000

Using SPARSE 1.3 as Direct Linear Solver

No. of Data Rows : 801
fcross              =  1.21099e+06
pmarg               =  7.20621e+01
tdc                 =  8.11920e+01
Doing analysis at TEMP = 27.000000 and TNOM = 27.000000

Using SPARSE 1.3 as Direct Linear Solver

No. of Data Rows : 801
fcross              =  1.18002e+06
pmarg               =  7.10550e+01
tdc                 =  8.11920e+01
Doing analysis at TEMP = 27.000000 and TNOM = 27.000000

Using SPARSE 1.3 as Direct Linear Solver

No. of Data Rows : 801
fcross              =  1.13980e+06
pmarg               =  7.05737e+01
tdc                 =  8.11920e+01
Doing analysis at TEMP = 27.000000 and TNOM = 27.000000

Using SPARSE 1.3 as Direct Linear Solver

No. of Data Rows : 801
fcross              =  1.11608e+06
pmarg               =  7.06062e+01
tdc                 =  8.11920e+01
Doing analysis at TEMP = 27.000000 and TNOM = 27.000000

Using SPARSE 1.3 as Direct Linear Solver

No. of Data Rows : 801
fcross              =  1.09308e+06
pmarg               =  7.08483e+01
tdc                 =  8.11920e+01
Doing analysis at TEMP = 27.000000 and TNOM = 27.000000

Using SPARSE 1.3 as Direct Linear Solver

No. of Data Rows : 801
fcross              =  1.05692e+06
Note: Starting dynamic gmin stepping
Warning: Dynamic gmin stepping failed
Note: Starting true gmin stepping
Warning: True gmin stepping failed
Note: Starting source stepping
Note: Source stepping completed
pmarg               =  7.17017e+01
tdc                 =  8.11920e+01
Doing analysis at TEMP = 27.000000 and TNOM = 27.000000

Using SPARSE 1.3 as Direct Linear Solver

No. of Data Rows : 801
fcross              =  1.24213e+06
Note: Starting dynamic gmin stepping
Warning: Dynamic gmin stepping failed
Note: Starting true gmin stepping
Warning: True gmin stepping failed
Note: Starting source stepping
Note: Source stepping completed
pmarg               =  7.70597e+01
tdc                 =  8.11825e+01
Doing analysis at TEMP = 27.000000 and TNOM = 27.000000

Using SPARSE 1.3 as Direct Linear Solver

No. of Data Rows : 801
fcross              =  1.24247e+06
Note: Starting dynamic gmin stepping
Warning: Dynamic gmin stepping failed
Note: Starting true gmin stepping
Warning: True gmin stepping failed
Note: Starting source stepping
Note: Source stepping completed
pmarg               =  7.68076e+01
tdc                 =  8.11825e+01
Doing analysis at TEMP = 27.000000 and TNOM = 27.000000

Using SPARSE 1.3 as Direct Linear Solver

No. of Data Rows : 801
fcross              =  1.24259e+06
Note: Starting dynamic gmin stepping
Warning: Dynamic gmin stepping failed
Note: Starting true gmin stepping
Warning: True gmin stepping failed
Note: Starting source stepping
Note: Source stepping completed
pmarg               =  7.65251e+01
tdc                 =  8.11825e+01
Doing analysis at TEMP = 27.000000 and TNOM = 27.000000

Using SPARSE 1.3 as Direct Linear Solver

No. of Data Rows : 801
fcross              =  1.24187e+06
Note: Starting dynamic gmin stepping
Warning: Dynamic gmin stepping failed
Note: Starting true gmin stepping
Warning: True gmin stepping failed
Note: Starting source stepping
Note: Source stepping completed
pmarg               =  7.58976e+01
tdc                 =  8.11825e+01
Doing analysis at TEMP = 27.000000 and TNOM = 27.000000

Using SPARSE 1.3 as Direct Linear Solver

No. of Data Rows : 801
fcross              =  1.23614e+06
Note: Starting dynamic gmin stepping
Warning: Dynamic gmin stepping failed
Note: Starting true gmin stepping
Warning: True gmin stepping failed
Note: Starting source stepping
Note: Source stepping completed
pmarg               =  7.46831e+01
tdc                 =  8.11825e+01
Doing analysis at TEMP = 27.000000 and TNOM = 27.000000

Using SPARSE 1.3 as Direct Linear Solver

No. of Data Rows : 801
fcross              =  1.21054e+06
Note: Starting dynamic gmin stepping
Warning: Dynamic gmin stepping failed
Note: Starting true gmin stepping
Warning: True gmin stepping failed
Note: Starting source stepping
Note: Source stepping completed
pmarg               =  7.27361e+01
tdc                 =  8.11826e+01
Doing analysis at TEMP = 27.000000 and TNOM = 27.000000

Using SPARSE 1.3 as Direct Linear Solver

No. of Data Rows : 801
fcross              =  1.17989e+06
Note: Starting dynamic gmin stepping
Warning: Dynamic gmin stepping failed
Note: Starting true gmin stepping
Warning: True gmin stepping failed
Note: Starting source stepping
Note: Source stepping completed
pmarg               =  7.17138e+01
tdc                 =  8.11826e+01
Doing analysis at TEMP = 27.000000 and TNOM = 27.000000

Using SPARSE 1.3 as Direct Linear Solver

No. of Data Rows : 801
fcross              =  1.13996e+06
Note: Starting dynamic gmin stepping
Warning: Dynamic gmin stepping failed
Note: Starting true gmin stepping
Warning: True gmin stepping failed
Note: Starting source stepping
Note: Source stepping completed
pmarg               =  7.12054e+01
tdc                 =  8.11826e+01
Doing analysis at TEMP = 27.000000 and TNOM = 27.000000

Using SPARSE 1.3 as Direct Linear Solver

No. of Data Rows : 801
fcross              =  1.11634e+06
Note: Starting dynamic gmin stepping
Warning: Dynamic gmin stepping failed
Note: Starting true gmin stepping
Warning: True gmin stepping failed
Note: Starting source stepping
Note: Source stepping completed
pmarg               =  7.12201e+01
tdc                 =  8.11826e+01
Doing analysis at TEMP = 27.000000 and TNOM = 27.000000

Using SPARSE 1.3 as Direct Linear Solver
 Reference value :  1.00000e+00
No. of Data Rows : 801
fcross              =  1.09341e+06
Note: Starting dynamic gmin stepping
Warning: Dynamic gmin stepping failed
Note: Starting true gmin stepping
Warning: True gmin stepping failed
Note: Starting source stepping
Note: Source stepping completed
pmarg               =  7.14443e+01
tdc                 =  8.11826e+01
Doing analysis at TEMP = 27.000000 and TNOM = 27.000000

Using SPARSE 1.3 as Direct Linear Solver

No. of Data Rows : 801
fcross              =  1.05730e+06
Note: Starting dynamic gmin stepping
Warning: Dynamic gmin stepping failed
Note: Starting true gmin stepping
Note: True gmin stepping completed
pmarg               =  7.22689e+01
tdc                 =  8.11826e+01
Doing analysis at TEMP = 27.000000 and TNOM = 27.000000

Using SPARSE 1.3 as Direct Linear Solver

No. of Data Rows : 801
fcross              =  1.24203e+06
pmarg               =  7.68106e+01
tdc                 =  8.11826e+01
Doing analysis at TEMP = 27.000000 and TNOM = 27.000000

Using SPARSE 1.3 as Direct Linear Solver

No. of Data Rows : 801
fcross              =  1.24237e+06
pmarg               =  7.65584e+01
tdc                 =  8.11826e+01
Doing analysis at TEMP = 27.000000 and TNOM = 27.000000

Using SPARSE 1.3 as Direct Linear Solver

No. of Data Rows : 801
fcross              =  1.24250e+06
pmarg               =  7.62759e+01
tdc                 =  8.11826e+01
Doing analysis at TEMP = 27.000000 and TNOM = 27.000000

Using SPARSE 1.3 as Direct Linear Solver

No. of Data Rows : 801
fcross              =  1.24178e+06
pmarg               =  7.56486e+01
tdc                 =  8.11826e+01
Doing analysis at TEMP = 27.000000 and TNOM = 27.000000

Using SPARSE 1.3 as Direct Linear Solver

No. of Data Rows : 801
fcross              =  1.23605e+06
pmarg               =  7.44352e+01
tdc                 =  8.11826e+01
Doing analysis at TEMP = 27.000000 and TNOM = 27.000000

Using SPARSE 1.3 as Direct Linear Solver

No. of Data Rows : 801
fcross              =  1.21046e+06
pmarg               =  7.24935e+01
tdc                 =  8.11826e+01
Doing analysis at TEMP = 27.000000 and TNOM = 27.000000

Using SPARSE 1.3 as Direct Linear Solver

No. of Data Rows : 801
fcross              =  1.17982e+06
pmarg               =  7.14772e+01
tdc                 =  8.11826e+01
Doing analysis at TEMP = 27.000000 and TNOM = 27.000000

Using SPARSE 1.3 as Direct Linear Solver

No. of Data Rows : 801
fcross              =  1.13989e+06
pmarg               =  7.09766e+01
tdc                 =  8.11826e+01
Doing analysis at TEMP = 27.000000 and TNOM = 27.000000

Using SPARSE 1.3 as Direct Linear Solver

No. of Data Rows : 801
fcross              =  1.11628e+06
pmarg               =  7.09960e+01
tdc                 =  8.11826e+01
Doing analysis at TEMP = 27.000000 and TNOM = 27.000000

Using SPARSE 1.3 as Direct Linear Solver

No. of Data Rows : 801
fcross              =  1.09335e+06
pmarg               =  7.12247e+01
tdc                 =  8.11826e+01
Doing analysis at TEMP = 27.000000 and TNOM = 27.000000

Using SPARSE 1.3 as Direct Linear Solver

No. of Data Rows : 801
fcross              =  1.05724e+06
pmarg               =  7.20564e+01
tdc                 =  8.11826e+01
Doing analysis at TEMP = 27.000000 and TNOM = 27.000000

Using SPARSE 1.3 as Direct Linear Solver

No. of Data Rows : 801
fcross              =  1.24169e+06
pmarg               =  7.64400e+01
tdc                 =  8.11826e+01
Doing analysis at TEMP = 27.000000 and TNOM = 27.000000

Using SPARSE 1.3 as Direct Linear Solver

No. of Data Rows : 801
fcross              =  1.24203e+06
pmarg               =  7.61877e+01
tdc                 =  8.11826e+01
Doing analysis at TEMP = 27.000000 and TNOM = 27.000000

Using SPARSE 1.3 as Direct Linear Solver

No. of Data Rows : 801
fcross              =  1.24216e+06
pmarg               =  7.59052e+01
tdc                 =  8.11826e+01
Doing analysis at TEMP = 27.000000 and TNOM = 27.000000

Using SPARSE 1.3 as Direct Linear Solver

No. of Data Rows : 801
fcross              =  1.24144e+06
pmarg               =  7.52783e+01
tdc                 =  8.11826e+01
Doing analysis at TEMP = 27.000000 and TNOM = 27.000000

Using SPARSE 1.3 as Direct Linear Solver

No. of Data Rows : 801
fcross              =  1.23572e+06
pmarg               =  7.40669e+01
tdc                 =  8.11826e+01
Doing analysis at TEMP = 27.000000 and TNOM = 27.000000

Using SPARSE 1.3 as Direct Linear Solver

No. of Data Rows : 801
fcross              =  1.21016e+06
pmarg               =  7.21328e+01
tdc                 =  8.11826e+01
Doing analysis at TEMP = 27.000000 and TNOM = 27.000000

Using SPARSE 1.3 as Direct Linear Solver

No. of Data Rows : 801
fcross              =  1.17955e+06
pmarg               =  7.11252e+01
tdc                 =  8.11826e+01
Doing analysis at TEMP = 27.000000 and TNOM = 27.000000

Using SPARSE 1.3 as Direct Linear Solver

No. of Data Rows : 801
fcross              =  1.13966e+06
pmarg               =  7.06360e+01
tdc                 =  8.11826e+01
Doing analysis at TEMP = 27.000000 and TNOM = 27.000000

Using SPARSE 1.3 as Direct Linear Solver

No. of Data Rows : 801
fcross              =  1.11606e+06
pmarg               =  7.06621e+01
tdc                 =  8.11826e+01
Doing analysis at TEMP = 27.000000 and TNOM = 27.000000

Using SPARSE 1.3 as Direct Linear Solver

No. of Data Rows : 801
fcross              =  1.09315e+06
pmarg               =  7.08974e+01
tdc                 =  8.11826e+01
Doing analysis at TEMP = 27.000000 and TNOM = 27.000000

Using SPARSE 1.3 as Direct Linear Solver

No. of Data Rows : 801
fcross              =  1.05705e+06
Note: Starting dynamic gmin stepping
Warning: Dynamic gmin stepping failed
Note: Starting true gmin stepping
Note: True gmin stepping completed
pmarg               =  7.17395e+01
tdc                 =  8.11826e+01
Doing analysis at TEMP = 27.000000 and TNOM = 27.000000

Using SPARSE 1.3 as Direct Linear Solver

No. of Data Rows : 801
fcross              =  1.24167e+06
Note: Starting dynamic gmin stepping
Warning: Dynamic gmin stepping failed
Note: Starting true gmin stepping
Note: True gmin stepping completed
pmarg               =  7.64225e+01
tdc                 =  8.11826e+01
Doing analysis at TEMP = 27.000000 and TNOM = 27.000000

Using SPARSE 1.3 as Direct Linear Solver

No. of Data Rows : 801
fcross              =  1.24201e+06
Note: Starting dynamic gmin stepping
Warning: Dynamic gmin stepping failed
Note: Starting true gmin stepping
Note: True gmin stepping completed
pmarg               =  7.61703e+01
tdc                 =  8.11826e+01
Doing analysis at TEMP = 27.000000 and TNOM = 27.000000

Using SPARSE 1.3 as Direct Linear Solver

No. of Data Rows : 801
fcross              =  1.24214e+06
Note: Starting dynamic gmin stepping
Warning: Dynamic gmin stepping failed
Note: Starting true gmin stepping
Note: True gmin stepping completed
pmarg               =  7.58878e+01
tdc                 =  8.11826e+01
Doing analysis at TEMP = 27.000000 and TNOM = 27.000000

Using SPARSE 1.3 as Direct Linear Solver

No. of Data Rows : 801
fcross              =  1.24142e+06
Note: Starting dynamic gmin stepping
Warning: Dynamic gmin stepping failed
Note: Starting true gmin stepping
Note: True gmin stepping completed
pmarg               =  7.52609e+01
tdc                 =  8.11826e+01
Doing analysis at TEMP = 27.000000 and TNOM = 27.000000

Using SPARSE 1.3 as Direct Linear Solver

No. of Data Rows : 801
fcross              =  1.23569e+06
Note: Starting dynamic gmin stepping
Warning: Dynamic gmin stepping failed
Note: Starting true gmin stepping
Note: True gmin stepping completed
pmarg               =  7.40496e+01
tdc                 =  8.11826e+01
Doing analysis at TEMP = 27.000000 and TNOM = 27.000000

Using SPARSE 1.3 as Direct Linear Solver

No. of Data Rows : 801
fcross              =  1.21014e+06
Note: Starting dynamic gmin stepping
Warning: Dynamic gmin stepping failed
Note: Starting true gmin stepping
Note: True gmin stepping completed
pmarg               =  7.21158e+01
tdc                 =  8.11826e+01
Doing analysis at TEMP = 27.000000 and TNOM = 27.000000

Using SPARSE 1.3 as Direct Linear Solver

No. of Data Rows : 801
fcross              =  1.17953e+06
Note: Starting dynamic gmin stepping
Warning: Dynamic gmin stepping failed
Note: Starting true gmin stepping
Note: True gmin stepping completed
pmarg               =  7.11087e+01
tdc                 =  8.11826e+01
Doing analysis at TEMP = 27.000000 and TNOM = 27.000000

Using SPARSE 1.3 as Direct Linear Solver

No. of Data Rows : 801
fcross              =  1.13964e+06
Note: Starting dynamic gmin stepping
Warning: Dynamic gmin stepping failed
Note: Starting true gmin stepping
Note: True gmin stepping completed
pmarg               =  7.06199e+01
tdc                 =  8.11826e+01
Doing analysis at TEMP = 27.000000 and TNOM = 27.000000

Using SPARSE 1.3 as Direct Linear Solver

No. of Data Rows : 801
fcross              =  1.11605e+06
Note: Starting dynamic gmin stepping
Warning: Dynamic gmin stepping failed
Note: Starting true gmin stepping
Note: True gmin stepping completed
pmarg               =  7.06463e+01
tdc                 =  8.11826e+01
Doing analysis at TEMP = 27.000000 and TNOM = 27.000000

Using SPARSE 1.3 as Direct Linear Solver

No. of Data Rows : 801
fcross              =  1.09313e+06
Note: Starting dynamic gmin stepping
Warning: Dynamic gmin stepping failed
Note: Starting true gmin stepping
Note: True gmin stepping completed
pmarg               =  7.08819e+01
tdc                 =  8.11826e+01
Doing analysis at TEMP = 27.000000 and TNOM = 27.000000

Using SPARSE 1.3 as Direct Linear Solver

No. of Data Rows : 801
fcross              =  1.05704e+06
pmarg               =  7.17246e+01
tdc                 =  8.11826e+01
Doing analysis at TEMP = 27.000000 and TNOM = 27.000000

Using SPARSE 1.3 as Direct Linear Solver

No. of Data Rows : 801
fcross              =  1.24166e+06
pmarg               =  7.64127e+01
tdc                 =  8.11826e+01
Doing analysis at TEMP = 27.000000 and TNOM = 27.000000

Using SPARSE 1.3 as Direct Linear Solver

No. of Data Rows : 801
fcross              =  1.24200e+06
pmarg               =  7.61604e+01
tdc                 =  8.11826e+01
Doing analysis at TEMP = 27.000000 and TNOM = 27.000000

Using SPARSE 1.3 as Direct Linear Solver

No. of Data Rows : 801
fcross              =  1.24212e+06
pmarg               =  7.58780e+01
tdc                 =  8.11826e+01
Doing analysis at TEMP = 27.000000 and TNOM = 27.000000

Using SPARSE 1.3 as Direct Linear Solver
 Reference value :  3.16228e+01
No. of Data Rows : 801
fcross              =  1.24141e+06
pmarg               =  7.52511e+01
tdc                 =  8.11826e+01
Doing analysis at TEMP = 27.000000 and TNOM = 27.000000

Using SPARSE 1.3 as Direct Linear Solver

No. of Data Rows : 801
fcross              =  1.23568e+06
pmarg               =  7.40399e+01
tdc                 =  8.11826e+01
Doing analysis at TEMP = 27.000000 and TNOM = 27.000000

Using SPARSE 1.3 as Direct Linear Solver

No. of Data Rows : 801
fcross              =  1.21013e+06
pmarg               =  7.21063e+01
tdc                 =  8.11826e+01
Doing analysis at TEMP = 27.000000 and TNOM = 27.000000

Using SPARSE 1.3 as Direct Linear Solver

No. of Data Rows : 801
fcross              =  1.17952e+06
pmarg               =  7.10994e+01
tdc                 =  8.11826e+01
Doing analysis at TEMP = 27.000000 and TNOM = 27.000000

Using SPARSE 1.3 as Direct Linear Solver

No. of Data Rows : 801
fcross              =  1.13963e+06
pmarg               =  7.06109e+01
tdc                 =  8.11826e+01
Doing analysis at TEMP = 27.000000 and TNOM = 27.000000

Using SPARSE 1.3 as Direct Linear Solver

No. of Data Rows : 801
fcross              =  1.11604e+06
pmarg               =  7.06375e+01
tdc                 =  8.11826e+01
Doing analysis at TEMP = 27.000000 and TNOM = 27.000000

Using SPARSE 1.3 as Direct Linear Solver

No. of Data Rows : 801
fcross              =  1.09313e+06
pmarg               =  7.08732e+01
tdc                 =  8.11826e+01
Doing analysis at TEMP = 27.000000 and TNOM = 27.000000

Using SPARSE 1.3 as Direct Linear Solver

No. of Data Rows : 801
fcross              =  1.05703e+06
Note: Starting dynamic gmin stepping
Note: Dynamic gmin stepping completed
pmarg               =  7.17162e+01
tdc                 =  8.11826e+01
=== variant b_max: the model the input pair simulates ===
 JFET models (Junction Field effect transistor)
      model               lsk489a

        vto                -2.976
       beta                0.0022
     lambda                0.0043
         is                 3e-15
         rd                    11
         rs                    30
        cgs              2.92e-12
        cgd              3.19e-12
         pb                   0.8
         fc                   0.5
         kf                 9e-19

Doing analysis at TEMP = 27.000000 and TNOM = 27.000000

Using SPARSE 1.3 as Direct Linear Solver

No. of Data Rows : 801
fcross              =  1.24289e+06
Note: Starting dynamic gmin stepping
Note: Dynamic gmin stepping completed
pmarg               =  7.70591e+01
tdc                 =  8.11873e+01
Doing analysis at TEMP = 27.000000 and TNOM = 27.000000

Using SPARSE 1.3 as Direct Linear Solver

No. of Data Rows : 801
fcross              =  1.24323e+06
Note: Starting dynamic gmin stepping
Note: Dynamic gmin stepping completed
pmarg               =  7.68044e+01
tdc                 =  8.11873e+01
Doing analysis at TEMP = 27.000000 and TNOM = 27.000000

Using SPARSE 1.3 as Direct Linear Solver

No. of Data Rows : 801
fcross              =  1.24336e+06
Note: Starting dynamic gmin stepping
Note: Dynamic gmin stepping completed
pmarg               =  7.65190e+01
tdc                 =  8.11873e+01
Doing analysis at TEMP = 27.000000 and TNOM = 27.000000

Using SPARSE 1.3 as Direct Linear Solver

No. of Data Rows : 801
fcross              =  1.24263e+06
Note: Starting dynamic gmin stepping
Note: Dynamic gmin stepping completed
pmarg               =  7.58853e+01
tdc                 =  8.11873e+01
Doing analysis at TEMP = 27.000000 and TNOM = 27.000000

Using SPARSE 1.3 as Direct Linear Solver

No. of Data Rows : 801
fcross              =  1.23680e+06
Note: Starting dynamic gmin stepping
Note: Dynamic gmin stepping completed
pmarg               =  7.46595e+01
tdc                 =  8.11873e+01
Doing analysis at TEMP = 27.000000 and TNOM = 27.000000

Using SPARSE 1.3 as Direct Linear Solver

No. of Data Rows : 801
fcross              =  1.21084e+06
Note: Starting dynamic gmin stepping
Note: Dynamic gmin stepping completed
pmarg               =  7.27000e+01
tdc                 =  8.11873e+01
Doing analysis at TEMP = 27.000000 and TNOM = 27.000000

Using SPARSE 1.3 as Direct Linear Solver

No. of Data Rows : 801
fcross              =  1.17987e+06
Note: Starting dynamic gmin stepping
Note: Dynamic gmin stepping completed
pmarg               =  7.16767e+01
tdc                 =  8.11873e+01
Doing analysis at TEMP = 27.000000 and TNOM = 27.000000

Using SPARSE 1.3 as Direct Linear Solver

No. of Data Rows : 801
fcross              =  1.13964e+06
Note: Starting dynamic gmin stepping
Note: Dynamic gmin stepping completed
pmarg               =  7.11741e+01
tdc                 =  8.11873e+01
Doing analysis at TEMP = 27.000000 and TNOM = 27.000000

Using SPARSE 1.3 as Direct Linear Solver

No. of Data Rows : 801
fcross              =  1.11591e+06
Note: Starting dynamic gmin stepping
Note: Dynamic gmin stepping completed
pmarg               =  7.11940e+01
tdc                 =  8.11873e+01
Doing analysis at TEMP = 27.000000 and TNOM = 27.000000

Using SPARSE 1.3 as Direct Linear Solver

No. of Data Rows : 801
fcross              =  1.09290e+06
Note: Starting dynamic gmin stepping
Note: Dynamic gmin stepping completed
pmarg               =  7.14239e+01
tdc                 =  8.11873e+01
Doing analysis at TEMP = 27.000000 and TNOM = 27.000000

Using SPARSE 1.3 as Direct Linear Solver

No. of Data Rows : 801
fcross              =  1.05672e+06
Note: Starting dynamic gmin stepping
Warning: Dynamic gmin stepping failed
Note: Starting true gmin stepping
Note: True gmin stepping completed
pmarg               =  7.22579e+01
tdc                 =  8.11873e+01
Doing analysis at TEMP = 27.000000 and TNOM = 27.000000

Using SPARSE 1.3 as Direct Linear Solver

No. of Data Rows : 801
fcross              =  1.24280e+06
Note: Starting dynamic gmin stepping
Warning: Dynamic gmin stepping failed
Note: Starting true gmin stepping
Note: True gmin stepping completed
pmarg               =  7.68283e+01
tdc                 =  8.11873e+01
Doing analysis at TEMP = 27.000000 and TNOM = 27.000000

Using SPARSE 1.3 as Direct Linear Solver

No. of Data Rows : 801
fcross              =  1.24315e+06
Note: Starting dynamic gmin stepping
Warning: Dynamic gmin stepping failed
Note: Starting true gmin stepping
Note: True gmin stepping completed
pmarg               =  7.65735e+01
tdc                 =  8.11873e+01
Doing analysis at TEMP = 27.000000 and TNOM = 27.000000

Using SPARSE 1.3 as Direct Linear Solver

No. of Data Rows : 801
fcross              =  1.24327e+06
Note: Starting dynamic gmin stepping
Warning: Dynamic gmin stepping failed
Note: Starting true gmin stepping
Note: True gmin stepping completed
pmarg               =  7.62881e+01
tdc                 =  8.11873e+01
Doing analysis at TEMP = 27.000000 and TNOM = 27.000000

Using SPARSE 1.3 as Direct Linear Solver

No. of Data Rows : 801
fcross              =  1.24254e+06
Note: Starting dynamic gmin stepping
Warning: Dynamic gmin stepping failed
Note: Starting true gmin stepping
Note: True gmin stepping completed
pmarg               =  7.56546e+01
tdc                 =  8.11873e+01
Doing analysis at TEMP = 27.000000 and TNOM = 27.000000

Using SPARSE 1.3 as Direct Linear Solver

No. of Data Rows : 801
fcross              =  1.23671e+06
Note: Starting dynamic gmin stepping
Warning: Dynamic gmin stepping failed
Note: Starting true gmin stepping
Note: True gmin stepping completed
pmarg               =  7.44300e+01
tdc                 =  8.11873e+01
Doing analysis at TEMP = 27.000000 and TNOM = 27.000000

Using SPARSE 1.3 as Direct Linear Solver

No. of Data Rows : 801
fcross              =  1.21077e+06
Note: Starting dynamic gmin stepping
Warning: Dynamic gmin stepping failed
Note: Starting true gmin stepping
Note: True gmin stepping completed
pmarg               =  7.24752e+01
tdc                 =  8.11873e+01
Doing analysis at TEMP = 27.000000 and TNOM = 27.000000

Using SPARSE 1.3 as Direct Linear Solver

No. of Data Rows : 801
fcross              =  1.17980e+06
Note: Starting dynamic gmin stepping
Warning: Dynamic gmin stepping failed
Note: Starting true gmin stepping
Note: True gmin stepping completed
pmarg               =  7.14576e+01
tdc                 =  8.11873e+01
Doing analysis at TEMP = 27.000000 and TNOM = 27.000000

Using SPARSE 1.3 as Direct Linear Solver

No. of Data Rows : 801
fcross              =  1.13958e+06
Note: Starting dynamic gmin stepping
Warning: Dynamic gmin stepping failed
Note: Starting true gmin stepping
Note: True gmin stepping completed
pmarg               =  7.09623e+01
tdc                 =  8.11873e+01
Doing analysis at TEMP = 27.000000 and TNOM = 27.000000

Using SPARSE 1.3 as Direct Linear Solver
 Reference value :  1.44544e+02
No. of Data Rows : 801
fcross              =  1.11585e+06
Note: Starting dynamic gmin stepping
Warning: Dynamic gmin stepping failed
Note: Starting true gmin stepping
Note: True gmin stepping completed
pmarg               =  7.09866e+01
tdc                 =  8.11873e+01
Doing analysis at TEMP = 27.000000 and TNOM = 27.000000

Using SPARSE 1.3 as Direct Linear Solver

No. of Data Rows : 801
fcross              =  1.09285e+06
Note: Starting dynamic gmin stepping
Warning: Dynamic gmin stepping failed
Note: Starting true gmin stepping
Note: True gmin stepping completed
pmarg               =  7.12206e+01
tdc                 =  8.11873e+01
Doing analysis at TEMP = 27.000000 and TNOM = 27.000000

Using SPARSE 1.3 as Direct Linear Solver

No. of Data Rows : 801
fcross              =  1.05667e+06
Note: Starting dynamic gmin stepping
Warning: Dynamic gmin stepping failed
Note: Starting true gmin stepping
Warning: True gmin stepping failed
Note: Starting source stepping
Note: Source stepping completed
pmarg               =  7.20613e+01
tdc                 =  8.11873e+01
Doing analysis at TEMP = 27.000000 and TNOM = 27.000000

Using SPARSE 1.3 as Direct Linear Solver

No. of Data Rows : 801
fcross              =  1.24250e+06
Note: Starting dynamic gmin stepping
Warning: Dynamic gmin stepping failed
Note: Starting true gmin stepping
Warning: True gmin stepping failed
Note: Starting source stepping
Note: Source stepping completed
pmarg               =  7.64848e+01
tdc                 =  8.11872e+01
Doing analysis at TEMP = 27.000000 and TNOM = 27.000000

Using SPARSE 1.3 as Direct Linear Solver

No. of Data Rows : 801
fcross              =  1.24284e+06
Note: Starting dynamic gmin stepping
Warning: Dynamic gmin stepping failed
Note: Starting true gmin stepping
Warning: True gmin stepping failed
Note: Starting source stepping
Note: Source stepping completed
pmarg               =  7.62300e+01
tdc                 =  8.11872e+01
Doing analysis at TEMP = 27.000000 and TNOM = 27.000000

Using SPARSE 1.3 as Direct Linear Solver

No. of Data Rows : 801
fcross              =  1.24297e+06
Note: Starting dynamic gmin stepping
Warning: Dynamic gmin stepping failed
Note: Starting true gmin stepping
Warning: True gmin stepping failed
Note: Starting source stepping
Note: Source stepping completed
pmarg               =  7.59447e+01
tdc                 =  8.11872e+01
Doing analysis at TEMP = 27.000000 and TNOM = 27.000000

Using SPARSE 1.3 as Direct Linear Solver

No. of Data Rows : 801
fcross              =  1.24223e+06
Note: Starting dynamic gmin stepping
Warning: Dynamic gmin stepping failed
Note: Starting true gmin stepping
Warning: True gmin stepping failed
Note: Starting source stepping
Note: Source stepping completed
pmarg               =  7.53115e+01
tdc                 =  8.11872e+01
Doing analysis at TEMP = 27.000000 and TNOM = 27.000000

Using SPARSE 1.3 as Direct Linear Solver

No. of Data Rows : 801
fcross              =  1.23642e+06
Note: Starting dynamic gmin stepping
Warning: Dynamic gmin stepping failed
Note: Starting true gmin stepping
Warning: True gmin stepping failed
Note: Starting source stepping
Note: Source stepping completed
pmarg               =  7.40887e+01
tdc                 =  8.11872e+01
Doing analysis at TEMP = 27.000000 and TNOM = 27.000000

Using SPARSE 1.3 as Direct Linear Solver

No. of Data Rows : 801
fcross              =  1.21050e+06
Note: Starting dynamic gmin stepping
Warning: Dynamic gmin stepping failed
Note: Starting true gmin stepping
Warning: True gmin stepping failed
Note: Starting source stepping
Note: Source stepping completed
pmarg               =  7.21411e+01
tdc                 =  8.11872e+01
Doing analysis at TEMP = 27.000000 and TNOM = 27.000000

Using SPARSE 1.3 as Direct Linear Solver

No. of Data Rows : 801
fcross              =  1.17956e+06
Note: Starting dynamic gmin stepping
Warning: Dynamic gmin stepping failed
Note: Starting true gmin stepping
Warning: True gmin stepping failed
Note: Starting source stepping
Note: Source stepping completed
pmarg               =  7.11317e+01
tdc                 =  8.11872e+01
Doing analysis at TEMP = 27.000000 and TNOM = 27.000000

Using SPARSE 1.3 as Direct Linear Solver

No. of Data Rows : 801
fcross              =  1.13937e+06
Note: Starting dynamic gmin stepping
Warning: Dynamic gmin stepping failed
Note: Starting true gmin stepping
Warning: True gmin stepping failed
Note: Starting source stepping
Note: Source stepping completed
pmarg               =  7.06470e+01
tdc                 =  8.11872e+01
Doing analysis at TEMP = 27.000000 and TNOM = 27.000000

Using SPARSE 1.3 as Direct Linear Solver

No. of Data Rows : 801
fcross              =  1.11566e+06
Note: Starting dynamic gmin stepping
Warning: Dynamic gmin stepping failed
Note: Starting true gmin stepping
Warning: True gmin stepping failed
Note: Starting source stepping
Note: Source stepping completed
pmarg               =  7.06775e+01
tdc                 =  8.11872e+01
Doing analysis at TEMP = 27.000000 and TNOM = 27.000000

Using SPARSE 1.3 as Direct Linear Solver

No. of Data Rows : 801
fcross              =  1.09266e+06
Note: Starting dynamic gmin stepping
Warning: Dynamic gmin stepping failed
Note: Starting true gmin stepping
Warning: True gmin stepping failed
Note: Starting source stepping
Note: Source stepping completed
pmarg               =  7.09176e+01
tdc                 =  8.11872e+01
Doing analysis at TEMP = 27.000000 and TNOM = 27.000000

Using SPARSE 1.3 as Direct Linear Solver

No. of Data Rows : 801
fcross              =  1.05650e+06
pmarg               =  7.17680e+01
tdc                 =  8.11872e+01
Doing analysis at TEMP = 27.000000 and TNOM = 27.000000

Using SPARSE 1.3 as Direct Linear Solver

No. of Data Rows : 801
fcross              =  1.24247e+06
pmarg               =  7.64687e+01
tdc                 =  8.11873e+01
Doing analysis at TEMP = 27.000000 and TNOM = 27.000000

Using SPARSE 1.3 as Direct Linear Solver

No. of Data Rows : 801
fcross              =  1.24282e+06
pmarg               =  7.62139e+01
tdc                 =  8.11873e+01
Doing analysis at TEMP = 27.000000 and TNOM = 27.000000

Using SPARSE 1.3 as Direct Linear Solver

No. of Data Rows : 801
fcross              =  1.24295e+06
pmarg               =  7.59286e+01
tdc                 =  8.11873e+01
Doing analysis at TEMP = 27.000000 and TNOM = 27.000000

Using SPARSE 1.3 as Direct Linear Solver

No. of Data Rows : 801
fcross              =  1.24221e+06
pmarg               =  7.52954e+01
tdc                 =  8.11873e+01
Doing analysis at TEMP = 27.000000 and TNOM = 27.000000

Using SPARSE 1.3 as Direct Linear Solver

No. of Data Rows : 801
fcross              =  1.23640e+06
pmarg               =  7.40727e+01
tdc                 =  8.11873e+01
Doing analysis at TEMP = 27.000000 and TNOM = 27.000000

Using SPARSE 1.3 as Direct Linear Solver

No. of Data Rows : 801
fcross              =  1.21048e+06
pmarg               =  7.21254e+01
tdc                 =  8.11873e+01
Doing analysis at TEMP = 27.000000 and TNOM = 27.000000

Using SPARSE 1.3 as Direct Linear Solver

No. of Data Rows : 801
fcross              =  1.17954e+06
pmarg               =  7.11164e+01
tdc                 =  8.11873e+01
Doing analysis at TEMP = 27.000000 and TNOM = 27.000000

Using SPARSE 1.3 as Direct Linear Solver

No. of Data Rows : 801
fcross              =  1.13935e+06
pmarg               =  7.06322e+01
tdc                 =  8.11873e+01
Doing analysis at TEMP = 27.000000 and TNOM = 27.000000

Using SPARSE 1.3 as Direct Linear Solver

No. of Data Rows : 801
fcross              =  1.11564e+06
pmarg               =  7.06630e+01
tdc                 =  8.11873e+01
Doing analysis at TEMP = 27.000000 and TNOM = 27.000000

Using SPARSE 1.3 as Direct Linear Solver

No. of Data Rows : 801
fcross              =  1.09265e+06
pmarg               =  7.09034e+01
tdc                 =  8.11873e+01
Doing analysis at TEMP = 27.000000 and TNOM = 27.000000

Using SPARSE 1.3 as Direct Linear Solver

No. of Data Rows : 801
fcross              =  1.05649e+06
pmarg               =  7.17542e+01
tdc                 =  8.11873e+01
Doing analysis at TEMP = 27.000000 and TNOM = 27.000000

Using SPARSE 1.3 as Direct Linear Solver

No. of Data Rows : 801
fcross              =  1.24246e+06
pmarg               =  7.64596e+01
tdc                 =  8.11873e+01
Doing analysis at TEMP = 27.000000 and TNOM = 27.000000

Using SPARSE 1.3 as Direct Linear Solver

No. of Data Rows : 801
fcross              =  1.24281e+06
pmarg               =  7.62048e+01
tdc                 =  8.11873e+01
Doing analysis at TEMP = 27.000000 and TNOM = 27.000000

Using SPARSE 1.3 as Direct Linear Solver

No. of Data Rows : 801
fcross              =  1.24293e+06
pmarg               =  7.59194e+01
tdc                 =  8.11873e+01
Doing analysis at TEMP = 27.000000 and TNOM = 27.000000

Using SPARSE 1.3 as Direct Linear Solver

No. of Data Rows : 801
fcross              =  1.24220e+06
pmarg               =  7.52863e+01
tdc                 =  8.11873e+01
Doing analysis at TEMP = 27.000000 and TNOM = 27.000000

Using SPARSE 1.3 as Direct Linear Solver

No. of Data Rows : 801
fcross              =  1.23638e+06
pmarg               =  7.40636e+01
tdc                 =  8.11873e+01
Doing analysis at TEMP = 27.000000 and TNOM = 27.000000

Using SPARSE 1.3 as Direct Linear Solver
 Reference value :  1.44544e+05
No. of Data Rows : 801
fcross              =  1.21047e+06
pmarg               =  7.21166e+01
tdc                 =  8.11873e+01
Doing analysis at TEMP = 27.000000 and TNOM = 27.000000

Using SPARSE 1.3 as Direct Linear Solver

No. of Data Rows : 801
fcross              =  1.17953e+06
pmarg               =  7.11078e+01
tdc                 =  8.11873e+01
Doing analysis at TEMP = 27.000000 and TNOM = 27.000000

Using SPARSE 1.3 as Direct Linear Solver

No. of Data Rows : 801
fcross              =  1.13935e+06
pmarg               =  7.06238e+01
tdc                 =  8.11873e+01
Doing analysis at TEMP = 27.000000 and TNOM = 27.000000

Using SPARSE 1.3 as Direct Linear Solver

No. of Data Rows : 801
fcross              =  1.11564e+06
pmarg               =  7.06548e+01
tdc                 =  8.11873e+01
Doing analysis at TEMP = 27.000000 and TNOM = 27.000000

Using SPARSE 1.3 as Direct Linear Solver

No. of Data Rows : 801
fcross              =  1.09264e+06
pmarg               =  7.08953e+01
tdc                 =  8.11873e+01
Doing analysis at TEMP = 27.000000 and TNOM = 27.000000

Using SPARSE 1.3 as Direct Linear Solver

No. of Data Rows : 801
fcross              =  1.05648e+06
Note: Starting dynamic gmin stepping
Warning: Dynamic gmin stepping failed
Note: Starting true gmin stepping
Warning: True gmin stepping failed
Note: Starting source stepping
Note: Source stepping completed
pmarg               =  7.17464e+01
tdc                 =  8.11873e+01
Doing analysis at TEMP = 27.000000 and TNOM = 27.000000

Using SPARSE 1.3 as Direct Linear Solver

No. of Data Rows : 801
fcross              =  1.24152e+06
Note: Starting dynamic gmin stepping
Warning: Dynamic gmin stepping failed
Note: Starting true gmin stepping
Warning: True gmin stepping failed
Note: Starting source stepping
Note: Source stepping completed
pmarg               =  7.70659e+01
tdc                 =  8.11778e+01
Doing analysis at TEMP = 27.000000 and TNOM = 27.000000

Using SPARSE 1.3 as Direct Linear Solver

No. of Data Rows : 801
fcross              =  1.24186e+06
Note: Starting dynamic gmin stepping
Warning: Dynamic gmin stepping failed
Note: Starting true gmin stepping
Warning: True gmin stepping failed
Note: Starting source stepping
Note: Source stepping completed
pmarg               =  7.68139e+01
tdc                 =  8.11778e+01
Doing analysis at TEMP = 27.000000 and TNOM = 27.000000

Using SPARSE 1.3 as Direct Linear Solver

No. of Data Rows : 801
fcross              =  1.24199e+06
Note: Starting dynamic gmin stepping
Warning: Dynamic gmin stepping failed
Note: Starting true gmin stepping
Warning: True gmin stepping failed
Note: Starting source stepping
Note: Source stepping completed
pmarg               =  7.65315e+01
tdc                 =  8.11778e+01
Doing analysis at TEMP = 27.000000 and TNOM = 27.000000

Using SPARSE 1.3 as Direct Linear Solver

No. of Data Rows : 801
fcross              =  1.24127e+06
Note: Starting dynamic gmin stepping
Warning: Dynamic gmin stepping failed
Note: Starting true gmin stepping
Warning: True gmin stepping failed
Note: Starting source stepping
Note: Source stepping completed
pmarg               =  7.59044e+01
tdc                 =  8.11778e+01
Doing analysis at TEMP = 27.000000 and TNOM = 27.000000

Using SPARSE 1.3 as Direct Linear Solver

No. of Data Rows : 801
fcross              =  1.23555e+06
Note: Starting dynamic gmin stepping
Warning: Dynamic gmin stepping failed
Note: Starting true gmin stepping
Warning: True gmin stepping failed
Note: Starting source stepping
Note: Source stepping completed
pmarg               =  7.46904e+01
tdc                 =  8.11778e+01
Doing analysis at TEMP = 27.000000 and TNOM = 27.000000

Using SPARSE 1.3 as Direct Linear Solver

No. of Data Rows : 801
fcross              =  1.20999e+06
Note: Starting dynamic gmin stepping
Warning: Dynamic gmin stepping failed
Note: Starting true gmin stepping
Warning: True gmin stepping failed
Note: Starting source stepping
Note: Source stepping completed
pmarg               =  7.27437e+01
tdc                 =  8.11778e+01
Doing analysis at TEMP = 27.000000 and TNOM = 27.000000

Using SPARSE 1.3 as Direct Linear Solver

No. of Data Rows : 801
fcross              =  1.17937e+06
Note: Starting dynamic gmin stepping
Warning: Dynamic gmin stepping failed
Note: Starting true gmin stepping
Warning: True gmin stepping failed
Note: Starting source stepping
Note: Source stepping completed
pmarg               =  7.17208e+01
tdc                 =  8.11778e+01
Doing analysis at TEMP = 27.000000 and TNOM = 27.000000

Using SPARSE 1.3 as Direct Linear Solver

No. of Data Rows : 801
fcross              =  1.13947e+06
Note: Starting dynamic gmin stepping
Warning: Dynamic gmin stepping failed
Note: Starting true gmin stepping
Warning: True gmin stepping failed
Note: Starting source stepping
Note: Source stepping completed
pmarg               =  7.12112e+01
tdc                 =  8.11778e+01
Doing analysis at TEMP = 27.000000 and TNOM = 27.000000

Using SPARSE 1.3 as Direct Linear Solver

No. of Data Rows : 801
fcross              =  1.11587e+06
Note: Starting dynamic gmin stepping
Warning: Dynamic gmin stepping failed
Note: Starting true gmin stepping
Warning: True gmin stepping failed
Note: Starting source stepping
Note: Source stepping completed
pmarg               =  7.12253e+01
tdc                 =  8.11778e+01
Doing analysis at TEMP = 27.000000 and TNOM = 27.000000

Using SPARSE 1.3 as Direct Linear Solver

No. of Data Rows : 801
fcross              =  1.09295e+06
Note: Starting dynamic gmin stepping
Warning: Dynamic gmin stepping failed
Note: Starting true gmin stepping
Warning: True gmin stepping failed
Note: Starting source stepping
Note: Source stepping completed
pmarg               =  7.14488e+01
tdc                 =  8.11778e+01
Doing analysis at TEMP = 27.000000 and TNOM = 27.000000

Using SPARSE 1.3 as Direct Linear Solver

No. of Data Rows : 801
fcross              =  1.05684e+06
Note: Starting dynamic gmin stepping
Warning: Dynamic gmin stepping failed
Note: Starting true gmin stepping
Note: True gmin stepping completed
pmarg               =  7.22724e+01
tdc                 =  8.11778e+01
Doing analysis at TEMP = 27.000000 and TNOM = 27.000000

Using SPARSE 1.3 as Direct Linear Solver

No. of Data Rows : 801
fcross              =  1.24143e+06
Note: Starting dynamic gmin stepping
Warning: Dynamic gmin stepping failed
Note: Starting true gmin stepping
Note: True gmin stepping completed
pmarg               =  7.68354e+01
tdc                 =  8.11778e+01
Doing analysis at TEMP = 27.000000 and TNOM = 27.000000

Using SPARSE 1.3 as Direct Linear Solver

No. of Data Rows : 801
fcross              =  1.24177e+06
Note: Starting dynamic gmin stepping
Warning: Dynamic gmin stepping failed
Note: Starting true gmin stepping
Note: True gmin stepping completed
pmarg               =  7.65833e+01
tdc                 =  8.11778e+01
Doing analysis at TEMP = 27.000000 and TNOM = 27.000000

Using SPARSE 1.3 as Direct Linear Solver

No. of Data Rows : 801
fcross              =  1.24190e+06
Note: Starting dynamic gmin stepping
Warning: Dynamic gmin stepping failed
Note: Starting true gmin stepping
Note: True gmin stepping completed
pmarg               =  7.63009e+01
tdc                 =  8.11778e+01
Doing analysis at TEMP = 27.000000 and TNOM = 27.000000

Using SPARSE 1.3 as Direct Linear Solver

No. of Data Rows : 801
fcross              =  1.24118e+06
Note: Starting dynamic gmin stepping
Warning: Dynamic gmin stepping failed
Note: Starting true gmin stepping
Note: True gmin stepping completed
pmarg               =  7.56739e+01
tdc                 =  8.11778e+01
Doing analysis at TEMP = 27.000000 and TNOM = 27.000000

Using SPARSE 1.3 as Direct Linear Solver

No. of Data Rows : 801
fcross              =  1.23546e+06
Note: Starting dynamic gmin stepping
Warning: Dynamic gmin stepping failed
Note: Starting true gmin stepping
Note: True gmin stepping completed
pmarg               =  7.44611e+01
tdc                 =  8.11778e+01
Doing analysis at TEMP = 27.000000 and TNOM = 27.000000

Using SPARSE 1.3 as Direct Linear Solver

No. of Data Rows : 801
fcross              =  1.20991e+06
Note: Starting dynamic gmin stepping
Warning: Dynamic gmin stepping failed
Note: Starting true gmin stepping
Note: True gmin stepping completed
pmarg               =  7.25191e+01
tdc                 =  8.11778e+01
Doing analysis at TEMP = 27.000000 and TNOM = 27.000000

Using SPARSE 1.3 as Direct Linear Solver
 Reference value :  1.00000e+00
No. of Data Rows : 801
fcross              =  1.17930e+06
Note: Starting dynamic gmin stepping
Warning: Dynamic gmin stepping failed
Note: Starting true gmin stepping
Note: True gmin stepping completed
pmarg               =  7.15018e+01
tdc                 =  8.11778e+01
Doing analysis at TEMP = 27.000000 and TNOM = 27.000000

Using SPARSE 1.3 as Direct Linear Solver

No. of Data Rows : 801
fcross              =  1.13941e+06
Note: Starting dynamic gmin stepping
Warning: Dynamic gmin stepping failed
Note: Starting true gmin stepping
Note: True gmin stepping completed
pmarg               =  7.09995e+01
tdc                 =  8.11778e+01
Doing analysis at TEMP = 27.000000 and TNOM = 27.000000

Using SPARSE 1.3 as Direct Linear Solver

No. of Data Rows : 801
fcross              =  1.11581e+06
Note: Starting dynamic gmin stepping
Warning: Dynamic gmin stepping failed
Note: Starting true gmin stepping
Note: True gmin stepping completed
pmarg               =  7.10178e+01
tdc                 =  8.11778e+01
Doing analysis at TEMP = 27.000000 and TNOM = 27.000000

Using SPARSE 1.3 as Direct Linear Solver

No. of Data Rows : 801
fcross              =  1.09290e+06
Note: Starting dynamic gmin stepping
Warning: Dynamic gmin stepping failed
Note: Starting true gmin stepping
Note: True gmin stepping completed
pmarg               =  7.12455e+01
tdc                 =  8.11778e+01
Doing analysis at TEMP = 27.000000 and TNOM = 27.000000

Using SPARSE 1.3 as Direct Linear Solver

No. of Data Rows : 801
fcross              =  1.05679e+06
Note: Starting dynamic gmin stepping
Warning: Dynamic gmin stepping failed
Note: Starting true gmin stepping
Warning: True gmin stepping failed
Note: Starting source stepping
Note: Source stepping completed
pmarg               =  7.20758e+01
tdc                 =  8.11778e+01
Doing analysis at TEMP = 27.000000 and TNOM = 27.000000

Using SPARSE 1.3 as Direct Linear Solver

No. of Data Rows : 801
fcross              =  1.24113e+06
Note: Starting dynamic gmin stepping
Warning: Dynamic gmin stepping failed
Note: Starting true gmin stepping
Warning: True gmin stepping failed
Note: Starting source stepping
Note: Source stepping completed
pmarg               =  7.64923e+01
tdc                 =  8.11778e+01
Doing analysis at TEMP = 27.000000 and TNOM = 27.000000

Using SPARSE 1.3 as Direct Linear Solver

No. of Data Rows : 801
fcross              =  1.24147e+06
Note: Starting dynamic gmin stepping
Warning: Dynamic gmin stepping failed
Note: Starting true gmin stepping
Warning: True gmin stepping failed
Note: Starting source stepping
Note: Source stepping completed
pmarg               =  7.62402e+01
tdc                 =  8.11778e+01
Doing analysis at TEMP = 27.000000 and TNOM = 27.000000

Using SPARSE 1.3 as Direct Linear Solver

No. of Data Rows : 801
fcross              =  1.24160e+06
Note: Starting dynamic gmin stepping
Warning: Dynamic gmin stepping failed
Note: Starting true gmin stepping
Warning: True gmin stepping failed
Note: Starting source stepping
Note: Source stepping completed
pmarg               =  7.59579e+01
tdc                 =  8.11778e+01
Doing analysis at TEMP = 27.000000 and TNOM = 27.000000

Using SPARSE 1.3 as Direct Linear Solver

No. of Data Rows : 801
fcross              =  1.24088e+06
Note: Starting dynamic gmin stepping
Warning: Dynamic gmin stepping failed
Note: Starting true gmin stepping
Warning: True gmin stepping failed
Note: Starting source stepping
Note: Source stepping completed
pmarg               =  7.53312e+01
tdc                 =  8.11778e+01
Doing analysis at TEMP = 27.000000 and TNOM = 27.000000

Using SPARSE 1.3 as Direct Linear Solver

No. of Data Rows : 801
fcross              =  1.23516e+06
Note: Starting dynamic gmin stepping
Warning: Dynamic gmin stepping failed
Note: Starting true gmin stepping
Warning: True gmin stepping failed
Note: Starting source stepping
Note: Source stepping completed
pmarg               =  7.41202e+01
tdc                 =  8.11778e+01
Doing analysis at TEMP = 27.000000 and TNOM = 27.000000

Using SPARSE 1.3 as Direct Linear Solver

No. of Data Rows : 801
fcross              =  1.20964e+06
Note: Starting dynamic gmin stepping
Warning: Dynamic gmin stepping failed
Note: Starting true gmin stepping
Warning: True gmin stepping failed
Note: Starting source stepping
Note: Source stepping completed
pmarg               =  7.21852e+01
tdc                 =  8.11778e+01
Doing analysis at TEMP = 27.000000 and TNOM = 27.000000

Using SPARSE 1.3 as Direct Linear Solver

No. of Data Rows : 801
fcross              =  1.17906e+06
Note: Starting dynamic gmin stepping
Warning: Dynamic gmin stepping failed
Note: Starting true gmin stepping
Warning: True gmin stepping failed
Note: Starting source stepping
Note: Source stepping completed
pmarg               =  7.11760e+01
tdc                 =  8.11778e+01
Doing analysis at TEMP = 27.000000 and TNOM = 27.000000

Using SPARSE 1.3 as Direct Linear Solver

No. of Data Rows : 801
fcross              =  1.13920e+06
Note: Starting dynamic gmin stepping
Warning: Dynamic gmin stepping failed
Note: Starting true gmin stepping
Warning: True gmin stepping failed
Note: Starting source stepping
Note: Source stepping completed
pmarg               =  7.06842e+01
tdc                 =  8.11778e+01
Doing analysis at TEMP = 27.000000 and TNOM = 27.000000

Using SPARSE 1.3 as Direct Linear Solver

No. of Data Rows : 801
fcross              =  1.11562e+06
Note: Starting dynamic gmin stepping
Warning: Dynamic gmin stepping failed
Note: Starting true gmin stepping
Warning: True gmin stepping failed
Note: Starting source stepping
Note: Source stepping completed
pmarg               =  7.07088e+01
tdc                 =  8.11778e+01
Doing analysis at TEMP = 27.000000 and TNOM = 27.000000

Using SPARSE 1.3 as Direct Linear Solver

No. of Data Rows : 801
fcross              =  1.09271e+06
Note: Starting dynamic gmin stepping
Warning: Dynamic gmin stepping failed
Note: Starting true gmin stepping
Warning: True gmin stepping failed
Note: Starting source stepping
Note: Source stepping completed
pmarg               =  7.09426e+01
tdc                 =  8.11778e+01
Doing analysis at TEMP = 27.000000 and TNOM = 27.000000

Using SPARSE 1.3 as Direct Linear Solver

No. of Data Rows : 801
fcross              =  1.05662e+06
pmarg               =  7.17825e+01
tdc                 =  8.11778e+01
Doing analysis at TEMP = 27.000000 and TNOM = 27.000000

Using SPARSE 1.3 as Direct Linear Solver

No. of Data Rows : 801
fcross              =  1.24111e+06
pmarg               =  7.64762e+01
tdc                 =  8.11778e+01
Doing analysis at TEMP = 27.000000 and TNOM = 27.000000

Using SPARSE 1.3 as Direct Linear Solver

No. of Data Rows : 801
fcross              =  1.24145e+06
pmarg               =  7.62241e+01
tdc                 =  8.11778e+01
Doing analysis at TEMP = 27.000000 and TNOM = 27.000000

Using SPARSE 1.3 as Direct Linear Solver

No. of Data Rows : 801
fcross              =  1.24157e+06
pmarg               =  7.59417e+01
tdc                 =  8.11778e+01
Doing analysis at TEMP = 27.000000 and TNOM = 27.000000

Using SPARSE 1.3 as Direct Linear Solver

No. of Data Rows : 801
fcross              =  1.24086e+06
pmarg               =  7.53151e+01
tdc                 =  8.11778e+01
Doing analysis at TEMP = 27.000000 and TNOM = 27.000000

Using SPARSE 1.3 as Direct Linear Solver

No. of Data Rows : 801
fcross              =  1.23514e+06
pmarg               =  7.41041e+01
tdc                 =  8.11778e+01
Doing analysis at TEMP = 27.000000 and TNOM = 27.000000

Using SPARSE 1.3 as Direct Linear Solver

No. of Data Rows : 801
fcross              =  1.20962e+06
pmarg               =  7.21695e+01
tdc                 =  8.11778e+01
Doing analysis at TEMP = 27.000000 and TNOM = 27.000000

Using SPARSE 1.3 as Direct Linear Solver
 Reference value :  3.09030e+00
No. of Data Rows : 801
fcross              =  1.17904e+06
pmarg               =  7.11607e+01
tdc                 =  8.11778e+01
Doing analysis at TEMP = 27.000000 and TNOM = 27.000000

Using SPARSE 1.3 as Direct Linear Solver

No. of Data Rows : 801
fcross              =  1.13919e+06
pmarg               =  7.06694e+01
tdc                 =  8.11778e+01
Doing analysis at TEMP = 27.000000 and TNOM = 27.000000

Using SPARSE 1.3 as Direct Linear Solver

No. of Data Rows : 801
fcross              =  1.11560e+06
pmarg               =  7.06942e+01
tdc                 =  8.11778e+01
Doing analysis at TEMP = 27.000000 and TNOM = 27.000000

Using SPARSE 1.3 as Direct Linear Solver

No. of Data Rows : 801
fcross              =  1.09270e+06
pmarg               =  7.09283e+01
tdc                 =  8.11778e+01
Doing analysis at TEMP = 27.000000 and TNOM = 27.000000

Using SPARSE 1.3 as Direct Linear Solver

No. of Data Rows : 801
fcross              =  1.05660e+06
pmarg               =  7.17687e+01
tdc                 =  8.11778e+01
Doing analysis at TEMP = 27.000000 and TNOM = 27.000000

Using SPARSE 1.3 as Direct Linear Solver

No. of Data Rows : 801
fcross              =  1.24110e+06
pmarg               =  7.64671e+01
tdc                 =  8.11778e+01
Doing analysis at TEMP = 27.000000 and TNOM = 27.000000

Using SPARSE 1.3 as Direct Linear Solver

No. of Data Rows : 801
fcross              =  1.24144e+06
pmarg               =  7.62150e+01
tdc                 =  8.11778e+01
Doing analysis at TEMP = 27.000000 and TNOM = 27.000000

Using SPARSE 1.3 as Direct Linear Solver

No. of Data Rows : 801
fcross              =  1.24156e+06
pmarg               =  7.59327e+01
tdc                 =  8.11778e+01
Doing analysis at TEMP = 27.000000 and TNOM = 27.000000

Using SPARSE 1.3 as Direct Linear Solver

No. of Data Rows : 801
fcross              =  1.24085e+06
pmarg               =  7.53060e+01
tdc                 =  8.11778e+01
Doing analysis at TEMP = 27.000000 and TNOM = 27.000000

Using SPARSE 1.3 as Direct Linear Solver

No. of Data Rows : 801
fcross              =  1.23513e+06
pmarg               =  7.40951e+01
tdc                 =  8.11778e+01
Doing analysis at TEMP = 27.000000 and TNOM = 27.000000

Using SPARSE 1.3 as Direct Linear Solver

No. of Data Rows : 801
fcross              =  1.20961e+06
pmarg               =  7.21607e+01
tdc                 =  8.11778e+01
Doing analysis at TEMP = 27.000000 and TNOM = 27.000000

Using SPARSE 1.3 as Direct Linear Solver

No. of Data Rows : 801
fcross              =  1.17903e+06
pmarg               =  7.11521e+01
tdc                 =  8.11778e+01
Doing analysis at TEMP = 27.000000 and TNOM = 27.000000

Using SPARSE 1.3 as Direct Linear Solver

No. of Data Rows : 801
fcross              =  1.13918e+06
pmarg               =  7.06610e+01
tdc                 =  8.11778e+01
Doing analysis at TEMP = 27.000000 and TNOM = 27.000000

Using SPARSE 1.3 as Direct Linear Solver

No. of Data Rows : 801
fcross              =  1.11560e+06
pmarg               =  7.06860e+01
tdc                 =  8.11778e+01
Doing analysis at TEMP = 27.000000 and TNOM = 27.000000

Using SPARSE 1.3 as Direct Linear Solver

No. of Data Rows : 801
fcross              =  1.09269e+06
pmarg               =  7.09203e+01
tdc                 =  8.11778e+01
Doing analysis at TEMP = 27.000000 and TNOM = 27.000000

Using SPARSE 1.3 as Direct Linear Solver

No. of Data Rows : 801
fcross              =  1.05660e+06
Note: Starting dynamic gmin stepping
Warning: Dynamic gmin stepping failed
Note: Starting true gmin stepping
Warning: True gmin stepping failed
Note: Starting source stepping
Note: Source stepping completed
pmarg               =  7.17609e+01
tdc                 =  8.11778e+01
=== variant xa: the model the input pair simulates ===
 JFET models (Junction Field effect transistor)
      model               lsk489a

        vto                  -1.5
       beta                 0.002
     lambda                  0.01
         is                 1e-14
         rd                    10
         rs                    10
        cgs               2.9e-12
        cgd               1.1e-12
         pb                   0.8
         fc                   0.5
         kf                     0

Doing analysis at TEMP = 27.000000 and TNOM = 27.000000

Using SPARSE 1.3 as Direct Linear Solver

No. of Data Rows : 801
fcross              =  1.30040e+06
Note: Starting dynamic gmin stepping
Warning: Dynamic gmin stepping failed
Note: Starting true gmin stepping
Warning: True gmin stepping failed
Note: Starting source stepping
Note: Source stepping completed
pmarg               =  7.65820e+01
tdc                 =  8.15664e+01
Doing analysis at TEMP = 27.000000 and TNOM = 27.000000

Using SPARSE 1.3 as Direct Linear Solver

No. of Data Rows : 801
fcross              =  1.30080e+06
Note: Starting dynamic gmin stepping
Warning: Dynamic gmin stepping failed
Note: Starting true gmin stepping
Warning: True gmin stepping failed
Note: Starting source stepping
Note: Source stepping completed
pmarg               =  7.63151e+01
tdc                 =  8.15664e+01
Doing analysis at TEMP = 27.000000 and TNOM = 27.000000

Using SPARSE 1.3 as Direct Linear Solver

No. of Data Rows : 801
fcross              =  1.30096e+06
Note: Starting dynamic gmin stepping
Warning: Dynamic gmin stepping failed
Note: Starting true gmin stepping
Warning: True gmin stepping failed
Note: Starting source stepping
Note: Source stepping completed
pmarg               =  7.60162e+01
tdc                 =  8.15664e+01
Doing analysis at TEMP = 27.000000 and TNOM = 27.000000

Using SPARSE 1.3 as Direct Linear Solver

No. of Data Rows : 801
fcross              =  1.30012e+06
Note: Starting dynamic gmin stepping
Warning: Dynamic gmin stepping failed
Note: Starting true gmin stepping
Warning: True gmin stepping failed
Note: Starting source stepping
Note: Source stepping completed
pmarg               =  7.53539e+01
tdc                 =  8.15664e+01
Doing analysis at TEMP = 27.000000 and TNOM = 27.000000

Using SPARSE 1.3 as Direct Linear Solver

No. of Data Rows : 801
fcross              =  1.29347e+06
Note: Starting dynamic gmin stepping
Warning: Dynamic gmin stepping failed
Note: Starting true gmin stepping
Warning: True gmin stepping failed
Note: Starting source stepping
Note: Source stepping completed
pmarg               =  7.40821e+01
tdc                 =  8.15664e+01
Doing analysis at TEMP = 27.000000 and TNOM = 27.000000

Using SPARSE 1.3 as Direct Linear Solver

No. of Data Rows : 801
fcross              =  1.26424e+06
Note: Starting dynamic gmin stepping
Warning: Dynamic gmin stepping failed
Note: Starting true gmin stepping
Warning: True gmin stepping failed
Note: Starting source stepping
Note: Source stepping completed
pmarg               =  7.21010e+01
tdc                 =  8.15664e+01
Doing analysis at TEMP = 27.000000 and TNOM = 27.000000

Using SPARSE 1.3 as Direct Linear Solver

No. of Data Rows : 801
fcross              =  1.23015e+06
Note: Starting dynamic gmin stepping
Warning: Dynamic gmin stepping failed
Note: Starting true gmin stepping
Warning: True gmin stepping failed
Note: Starting source stepping
Note: Source stepping completed
pmarg               =  7.11229e+01
tdc                 =  8.15664e+01
Doing analysis at TEMP = 27.000000 and TNOM = 27.000000

Using SPARSE 1.3 as Direct Linear Solver

No. of Data Rows : 801
fcross              =  1.18702e+06
Note: Starting dynamic gmin stepping
Warning: Dynamic gmin stepping failed
Note: Starting true gmin stepping
Warning: True gmin stepping failed
Note: Starting source stepping
Note: Source stepping completed
pmarg               =  7.07089e+01
tdc                 =  8.15664e+01
Doing analysis at TEMP = 27.000000 and TNOM = 27.000000

Using SPARSE 1.3 as Direct Linear Solver

No. of Data Rows : 801
fcross              =  1.16203e+06
Note: Starting dynamic gmin stepping
Warning: Dynamic gmin stepping failed
Note: Starting true gmin stepping
Warning: True gmin stepping failed
Note: Starting source stepping
Note: Source stepping completed
pmarg               =  7.07851e+01
tdc                 =  8.15664e+01
Doing analysis at TEMP = 27.000000 and TNOM = 27.000000

Using SPARSE 1.3 as Direct Linear Solver

No. of Data Rows : 801
fcross              =  1.13812e+06
Note: Starting dynamic gmin stepping
Warning: Dynamic gmin stepping failed
Note: Starting true gmin stepping
Warning: True gmin stepping failed
Note: Starting source stepping
Note: Source stepping completed
pmarg               =  7.10676e+01
tdc                 =  8.15664e+01
Doing analysis at TEMP = 27.000000 and TNOM = 27.000000

Using SPARSE 1.3 as Direct Linear Solver

No. of Data Rows : 801
fcross              =  1.10103e+06
pmarg               =  7.19715e+01
tdc                 =  8.15664e+01
Doing analysis at TEMP = 27.000000 and TNOM = 27.000000

Using SPARSE 1.3 as Direct Linear Solver

No. of Data Rows : 801
fcross              =  1.30030e+06
pmarg               =  7.62218e+01
tdc                 =  8.15664e+01
Doing analysis at TEMP = 27.000000 and TNOM = 27.000000

Using SPARSE 1.3 as Direct Linear Solver
 Reference value :  6.02560e+01
No. of Data Rows : 801
fcross              =  1.30070e+06
pmarg               =  7.59548e+01
tdc                 =  8.15664e+01
Doing analysis at TEMP = 27.000000 and TNOM = 27.000000

Using SPARSE 1.3 as Direct Linear Solver

No. of Data Rows : 801
fcross              =  1.30085e+06
pmarg               =  7.56560e+01
tdc                 =  8.15664e+01
Doing analysis at TEMP = 27.000000 and TNOM = 27.000000

Using SPARSE 1.3 as Direct Linear Solver

No. of Data Rows : 801
fcross              =  1.30002e+06
pmarg               =  7.49939e+01
tdc                 =  8.15664e+01
Doing analysis at TEMP = 27.000000 and TNOM = 27.000000

Using SPARSE 1.3 as Direct Linear Solver

No. of Data Rows : 801
fcross              =  1.29337e+06
pmarg               =  7.37240e+01
tdc                 =  8.15664e+01
Doing analysis at TEMP = 27.000000 and TNOM = 27.000000

Using SPARSE 1.3 as Direct Linear Solver

No. of Data Rows : 801
fcross              =  1.26415e+06
pmarg               =  7.17510e+01
tdc                 =  8.15664e+01
Doing analysis at TEMP = 27.000000 and TNOM = 27.000000

Using SPARSE 1.3 as Direct Linear Solver

No. of Data Rows : 801
fcross              =  1.23007e+06
pmarg               =  7.07823e+01
tdc                 =  8.15664e+01
Doing analysis at TEMP = 27.000000 and TNOM = 27.000000

Using SPARSE 1.3 as Direct Linear Solver

No. of Data Rows : 801
fcross              =  1.18695e+06
pmarg               =  7.03800e+01
tdc                 =  8.15664e+01
Doing analysis at TEMP = 27.000000 and TNOM = 27.000000

Using SPARSE 1.3 as Direct Linear Solver

No. of Data Rows : 801
fcross              =  1.16197e+06
pmarg               =  7.04630e+01
tdc                 =  8.15664e+01
Doing analysis at TEMP = 27.000000 and TNOM = 27.000000

Using SPARSE 1.3 as Direct Linear Solver

No. of Data Rows : 801
fcross              =  1.13806e+06
pmarg               =  7.07520e+01
tdc                 =  8.15664e+01
Doing analysis at TEMP = 27.000000 and TNOM = 27.000000

Using SPARSE 1.3 as Direct Linear Solver

No. of Data Rows : 801
fcross              =  1.10097e+06
pmarg               =  7.16662e+01
tdc                 =  8.15664e+01
Doing analysis at TEMP = 27.000000 and TNOM = 27.000000

Using SPARSE 1.3 as Direct Linear Solver

No. of Data Rows : 801
fcross              =  1.29997e+06
pmarg               =  7.56850e+01
tdc                 =  8.15664e+01
Doing analysis at TEMP = 27.000000 and TNOM = 27.000000

Using SPARSE 1.3 as Direct Linear Solver

No. of Data Rows : 801
fcross              =  1.30037e+06
pmarg               =  7.54179e+01
tdc                 =  8.15664e+01
Doing analysis at TEMP = 27.000000 and TNOM = 27.000000

Using SPARSE 1.3 as Direct Linear Solver

No. of Data Rows : 801
fcross              =  1.30052e+06
pmarg               =  7.51190e+01
tdc                 =  8.15664e+01
Doing analysis at TEMP = 27.000000 and TNOM = 27.000000

Using SPARSE 1.3 as Direct Linear Solver

No. of Data Rows : 801
fcross              =  1.29969e+06
pmarg               =  7.44575e+01
tdc                 =  8.15664e+01
Doing analysis at TEMP = 27.000000 and TNOM = 27.000000

Using SPARSE 1.3 as Direct Linear Solver

No. of Data Rows : 801
fcross              =  1.29304e+06
pmarg               =  7.31906e+01
tdc                 =  8.15664e+01
Doing analysis at TEMP = 27.000000 and TNOM = 27.000000

Using SPARSE 1.3 as Direct Linear Solver

No. of Data Rows : 801
fcross              =  1.26385e+06
pmarg               =  7.12296e+01
tdc                 =  8.15664e+01
Doing analysis at TEMP = 27.000000 and TNOM = 27.000000

Using SPARSE 1.3 as Direct Linear Solver

No. of Data Rows : 801
fcross              =  1.22981e+06
pmarg               =  7.02745e+01
tdc                 =  8.15664e+01
Doing analysis at TEMP = 27.000000 and TNOM = 27.000000

Using SPARSE 1.3 as Direct Linear Solver

No. of Data Rows : 801
fcross              =  1.18672e+06
pmarg               =  6.98894e+01
tdc                 =  8.15664e+01
Doing analysis at TEMP = 27.000000 and TNOM = 27.000000

Using SPARSE 1.3 as Direct Linear Solver

No. of Data Rows : 801
fcross              =  1.16176e+06
pmarg               =  6.99825e+01
tdc                 =  8.15664e+01
Doing analysis at TEMP = 27.000000 and TNOM = 27.000000

Using SPARSE 1.3 as Direct Linear Solver

No. of Data Rows : 801
fcross              =  1.13786e+06
pmarg               =  7.02811e+01
tdc                 =  8.15664e+01
Doing analysis at TEMP = 27.000000 and TNOM = 27.000000

Using SPARSE 1.3 as Direct Linear Solver

No. of Data Rows : 801
fcross              =  1.10079e+06
pmarg               =  7.12103e+01
tdc                 =  8.15664e+01
Doing analysis at TEMP = 27.000000 and TNOM = 27.000000

Using SPARSE 1.3 as Direct Linear Solver

No. of Data Rows : 801
fcross              =  1.29995e+06
pmarg               =  7.56597e+01
tdc                 =  8.15664e+01
Doing analysis at TEMP = 27.000000 and TNOM = 27.000000

Using SPARSE 1.3 as Direct Linear Solver

No. of Data Rows : 801
fcross              =  1.30035e+06
pmarg               =  7.53926e+01
tdc                 =  8.15664e+01
Doing analysis at TEMP = 27.000000 and TNOM = 27.000000

Using SPARSE 1.3 as Direct Linear Solver

No. of Data Rows : 801
fcross              =  1.30050e+06
pmarg               =  7.50937e+01
tdc                 =  8.15664e+01
Doing analysis at TEMP = 27.000000 and TNOM = 27.000000

Using SPARSE 1.3 as Direct Linear Solver

No. of Data Rows : 801
fcross              =  1.29967e+06
pmarg               =  7.44322e+01
tdc                 =  8.15664e+01
Doing analysis at TEMP = 27.000000 and TNOM = 27.000000

Using SPARSE 1.3 as Direct Linear Solver

No. of Data Rows : 801
fcross              =  1.29302e+06
pmarg               =  7.31655e+01
tdc                 =  8.15664e+01
Doing analysis at TEMP = 27.000000 and TNOM = 27.000000

Using SPARSE 1.3 as Direct Linear Solver

No. of Data Rows : 801
fcross              =  1.26384e+06
pmarg               =  7.12050e+01
tdc                 =  8.15664e+01
Doing analysis at TEMP = 27.000000 and TNOM = 27.000000

Using SPARSE 1.3 as Direct Linear Solver

No. of Data Rows : 801
fcross              =  1.22980e+06
pmarg               =  7.02505e+01
tdc                 =  8.15664e+01
Doing analysis at TEMP = 27.000000 and TNOM = 27.000000

Using SPARSE 1.3 as Direct Linear Solver

No. of Data Rows : 801
fcross              =  1.18671e+06
pmarg               =  6.98663e+01
tdc                 =  8.15664e+01
Doing analysis at TEMP = 27.000000 and TNOM = 27.000000

Using SPARSE 1.3 as Direct Linear Solver

No. of Data Rows : 801
fcross              =  1.16174e+06
pmarg               =  6.99598e+01
tdc                 =  8.15664e+01
Doing analysis at TEMP = 27.000000 and TNOM = 27.000000

Using SPARSE 1.3 as Direct Linear Solver

No. of Data Rows : 801
fcross              =  1.13785e+06
pmarg               =  7.02589e+01
tdc                 =  8.15664e+01
Doing analysis at TEMP = 27.000000 and TNOM = 27.000000

Using SPARSE 1.3 as Direct Linear Solver

No. of Data Rows : 801
fcross              =  1.10077e+06
Note: Starting dynamic gmin stepping
Warning: Dynamic gmin stepping failed
Note: Starting true gmin stepping
Note: True gmin stepping completed
pmarg               =  7.11887e+01
tdc                 =  8.15664e+01
Doing analysis at TEMP = 27.000000 and TNOM = 27.000000

Using SPARSE 1.3 as Direct Linear Solver

No. of Data Rows : 801
fcross              =  1.29993e+06
Note: Starting dynamic gmin stepping
Warning: Dynamic gmin stepping failed
Note: Starting true gmin stepping
Note: True gmin stepping completed
pmarg               =  7.56454e+01
tdc                 =  8.15664e+01
Doing analysis at TEMP = 27.000000 and TNOM = 27.000000

Using SPARSE 1.3 as Direct Linear Solver

No. of Data Rows : 801
fcross              =  1.30034e+06
Note: Starting dynamic gmin stepping
Warning: Dynamic gmin stepping failed
Note: Starting true gmin stepping
Note: True gmin stepping completed
pmarg               =  7.53783e+01
tdc                 =  8.15664e+01
Doing analysis at TEMP = 27.000000 and TNOM = 27.000000

Using SPARSE 1.3 as Direct Linear Solver

No. of Data Rows : 801
fcross              =  1.30049e+06
Note: Starting dynamic gmin stepping
Warning: Dynamic gmin stepping failed
Note: Starting true gmin stepping
Note: True gmin stepping completed
pmarg               =  7.50795e+01
tdc                 =  8.15664e+01
Doing analysis at TEMP = 27.000000 and TNOM = 27.000000

Using SPARSE 1.3 as Direct Linear Solver

No. of Data Rows : 801
fcross              =  1.29966e+06
Note: Starting dynamic gmin stepping
Warning: Dynamic gmin stepping failed
Note: Starting true gmin stepping
Note: True gmin stepping completed
pmarg               =  7.44179e+01
tdc                 =  8.15664e+01
Doing analysis at TEMP = 27.000000 and TNOM = 27.000000

Using SPARSE 1.3 as Direct Linear Solver

No. of Data Rows : 801
fcross              =  1.29301e+06
Note: Starting dynamic gmin stepping
Warning: Dynamic gmin stepping failed
Note: Starting true gmin stepping
Note: True gmin stepping completed
pmarg               =  7.31513e+01
tdc                 =  8.15664e+01
Doing analysis at TEMP = 27.000000 and TNOM = 27.000000

Using SPARSE 1.3 as Direct Linear Solver

No. of Data Rows : 801
fcross              =  1.26383e+06
Note: Starting dynamic gmin stepping
Warning: Dynamic gmin stepping failed
Note: Starting true gmin stepping
Note: True gmin stepping completed
pmarg               =  7.11912e+01
tdc                 =  8.15664e+01
Doing analysis at TEMP = 27.000000 and TNOM = 27.000000

Using SPARSE 1.3 as Direct Linear Solver

No. of Data Rows : 801
fcross              =  1.22979e+06
Note: Starting dynamic gmin stepping
Warning: Dynamic gmin stepping failed
Note: Starting true gmin stepping
Note: True gmin stepping completed
pmarg               =  7.02370e+01
tdc                 =  8.15664e+01
Doing analysis at TEMP = 27.000000 and TNOM = 27.000000

Using SPARSE 1.3 as Direct Linear Solver

No. of Data Rows : 801
fcross              =  1.18670e+06
Note: Starting dynamic gmin stepping
Warning: Dynamic gmin stepping failed
Note: Starting true gmin stepping
Note: True gmin stepping completed
pmarg               =  6.98533e+01
tdc                 =  8.15664e+01
Doing analysis at TEMP = 27.000000 and TNOM = 27.000000

Using SPARSE 1.3 as Direct Linear Solver

No. of Data Rows : 801
fcross              =  1.16173e+06
Note: Starting dynamic gmin stepping
Warning: Dynamic gmin stepping failed
Note: Starting true gmin stepping
Note: True gmin stepping completed
pmarg               =  6.99471e+01
tdc                 =  8.15664e+01
Doing analysis at TEMP = 27.000000 and TNOM = 27.000000

Using SPARSE 1.3 as Direct Linear Solver

No. of Data Rows : 801
fcross              =  1.13784e+06
Note: Starting dynamic gmin stepping
Warning: Dynamic gmin stepping failed
Note: Starting true gmin stepping
Note: True gmin stepping completed
pmarg               =  7.02464e+01
tdc                 =  8.15664e+01
Doing analysis at TEMP = 27.000000 and TNOM = 27.000000

Using SPARSE 1.3 as Direct Linear Solver

No. of Data Rows : 801
fcross              =  1.10077e+06
pmarg               =  7.11766e+01
tdc                 =  8.15664e+01
Doing analysis at TEMP = 27.000000 and TNOM = 27.000000

Using SPARSE 1.3 as Direct Linear Solver

No. of Data Rows : 801
fcross              =  1.29896e+06
pmarg               =  7.65893e+01
tdc                 =  8.15569e+01
Doing analysis at TEMP = 27.000000 and TNOM = 27.000000

Using SPARSE 1.3 as Direct Linear Solver
 Reference value :  1.00000e+00
No. of Data Rows : 801
fcross              =  1.29936e+06
pmarg               =  7.63252e+01
tdc                 =  8.15569e+01
Doing analysis at TEMP = 27.000000 and TNOM = 27.000000

Using SPARSE 1.3 as Direct Linear Solver

No. of Data Rows : 801
fcross              =  1.29951e+06
pmarg               =  7.60295e+01
tdc                 =  8.15569e+01
Doing analysis at TEMP = 27.000000 and TNOM = 27.000000

Using SPARSE 1.3 as Direct Linear Solver

No. of Data Rows : 801
fcross              =  1.29870e+06
pmarg               =  7.53740e+01
tdc                 =  8.15569e+01
Doing analysis at TEMP = 27.000000 and TNOM = 27.000000

Using SPARSE 1.3 as Direct Linear Solver

No. of Data Rows : 801
fcross              =  1.29216e+06
pmarg               =  7.41143e+01
tdc                 =  8.15569e+01
Doing analysis at TEMP = 27.000000 and TNOM = 27.000000

Using SPARSE 1.3 as Direct Linear Solver

No. of Data Rows : 801
fcross              =  1.26337e+06
pmarg               =  7.21454e+01
tdc                 =  8.15569e+01
Doing analysis at TEMP = 27.000000 and TNOM = 27.000000

Using SPARSE 1.3 as Direct Linear Solver

No. of Data Rows : 801
fcross              =  1.22967e+06
pmarg               =  7.11667e+01
tdc                 =  8.15569e+01
Doing analysis at TEMP = 27.000000 and TNOM = 27.000000

Using SPARSE 1.3 as Direct Linear Solver

No. of Data Rows : 801
fcross              =  1.18687e+06
pmarg               =  7.07449e+01
tdc                 =  8.15569e+01
Doing analysis at TEMP = 27.000000 and TNOM = 27.000000

Using SPARSE 1.3 as Direct Linear Solver

No. of Data Rows : 801
fcross              =  1.16201e+06
pmarg               =  7.08150e+01
tdc                 =  8.15569e+01
Doing analysis at TEMP = 27.000000 and TNOM = 27.000000

Using SPARSE 1.3 as Direct Linear Solver

No. of Data Rows : 801
fcross              =  1.13818e+06
pmarg               =  7.10911e+01
tdc                 =  8.15569e+01
Doing analysis at TEMP = 27.000000 and TNOM = 27.000000

Using SPARSE 1.3 as Direct Linear Solver

No. of Data Rows : 801
fcross              =  1.10115e+06
Note: Starting dynamic gmin stepping
Warning: Dynamic gmin stepping failed
Note: Starting true gmin stepping
Warning: True gmin stepping failed
Note: Starting source stepping
Note: Source stepping completed
pmarg               =  7.19849e+01
tdc                 =  8.15569e+01
Doing analysis at TEMP = 27.000000 and TNOM = 27.000000

Using SPARSE 1.3 as Direct Linear Solver

No. of Data Rows : 801
fcross              =  1.29886e+06
pmarg               =  7.62295e+01
tdc                 =  8.15569e+01
Doing analysis at TEMP = 27.000000 and TNOM = 27.000000

Using SPARSE 1.3 as Direct Linear Solver

No. of Data Rows : 801
fcross              =  1.29926e+06
pmarg               =  7.59653e+01
tdc                 =  8.15569e+01
Doing analysis at TEMP = 27.000000 and TNOM = 27.000000

Using SPARSE 1.3 as Direct Linear Solver

No. of Data Rows : 801
fcross              =  1.29941e+06
pmarg               =  7.56696e+01
tdc                 =  8.15569e+01
Doing analysis at TEMP = 27.000000 and TNOM = 27.000000

Using SPARSE 1.3 as Direct Linear Solver

No. of Data Rows : 801
fcross              =  1.29860e+06
pmarg               =  7.50144e+01
tdc                 =  8.15569e+01
Doing analysis at TEMP = 27.000000 and TNOM = 27.000000

Using SPARSE 1.3 as Direct Linear Solver

No. of Data Rows : 801
fcross              =  1.29206e+06
pmarg               =  7.37566e+01
tdc                 =  8.15569e+01
Doing analysis at TEMP = 27.000000 and TNOM = 27.000000

Using SPARSE 1.3 as Direct Linear Solver

No. of Data Rows : 801
fcross              =  1.26328e+06
pmarg               =  7.17957e+01
tdc                 =  8.15569e+01
Doing analysis at TEMP = 27.000000 and TNOM = 27.000000

Using SPARSE 1.3 as Direct Linear Solver

No. of Data Rows : 801
fcross              =  1.22959e+06
pmarg               =  7.08261e+01
tdc                 =  8.15569e+01
Doing analysis at TEMP = 27.000000 and TNOM = 27.000000

Using SPARSE 1.3 as Direct Linear Solver

No. of Data Rows : 801
fcross              =  1.18680e+06
pmarg               =  7.04160e+01
tdc                 =  8.15569e+01
Doing analysis at TEMP = 27.000000 and TNOM = 27.000000

Using SPARSE 1.3 as Direct Linear Solver

No. of Data Rows : 801
fcross              =  1.16195e+06
pmarg               =  7.04929e+01
tdc                 =  8.15569e+01
Doing analysis at TEMP = 27.000000 and TNOM = 27.000000

Using SPARSE 1.3 as Direct Linear Solver

No. of Data Rows : 801
fcross              =  1.13812e+06
pmarg               =  7.07755e+01
tdc                 =  8.15569e+01
Doing analysis at TEMP = 27.000000 and TNOM = 27.000000

Using SPARSE 1.3 as Direct Linear Solver

No. of Data Rows : 801
fcross              =  1.10109e+06
pmarg               =  7.16795e+01
tdc                 =  8.15569e+01
Doing analysis at TEMP = 27.000000 and TNOM = 27.000000

Using SPARSE 1.3 as Direct Linear Solver

No. of Data Rows : 801
fcross              =  1.29853e+06
pmarg               =  7.56932e+01
tdc                 =  8.15569e+01
Doing analysis at TEMP = 27.000000 and TNOM = 27.000000

Using SPARSE 1.3 as Direct Linear Solver

No. of Data Rows : 801
fcross              =  1.29893e+06
pmarg               =  7.54289e+01
tdc                 =  8.15569e+01
Doing analysis at TEMP = 27.000000 and TNOM = 27.000000

Using SPARSE 1.3 as Direct Linear Solver

No. of Data Rows : 801
fcross              =  1.29908e+06
pmarg               =  7.51332e+01
tdc                 =  8.15569e+01
Doing analysis at TEMP = 27.000000 and TNOM = 27.000000

Using SPARSE 1.3 as Direct Linear Solver

No. of Data Rows : 801
fcross              =  1.29827e+06
pmarg               =  7.44785e+01
tdc                 =  8.15569e+01
Doing analysis at TEMP = 27.000000 and TNOM = 27.000000

Using SPARSE 1.3 as Direct Linear Solver

No. of Data Rows : 801
fcross              =  1.29173e+06
pmarg               =  7.32237e+01
tdc                 =  8.15569e+01
Doing analysis at TEMP = 27.000000 and TNOM = 27.000000

Using SPARSE 1.3 as Direct Linear Solver

No. of Data Rows : 801
fcross              =  1.26299e+06
pmarg               =  7.12746e+01
tdc                 =  8.15569e+01
Doing analysis at TEMP = 27.000000 and TNOM = 27.000000

Using SPARSE 1.3 as Direct Linear Solver

No. of Data Rows : 801
fcross              =  1.22934e+06
pmarg               =  7.03185e+01
tdc                 =  8.15569e+01
Doing analysis at TEMP = 27.000000 and TNOM = 27.000000

Using SPARSE 1.3 as Direct Linear Solver

No. of Data Rows : 801
fcross              =  1.18657e+06
pmarg               =  6.99255e+01
tdc                 =  8.15569e+01
Doing analysis at TEMP = 27.000000 and TNOM = 27.000000

Using SPARSE 1.3 as Direct Linear Solver

No. of Data Rows : 801
fcross              =  1.16174e+06
pmarg               =  7.00124e+01
tdc                 =  8.15569e+01
Doing analysis at TEMP = 27.000000 and TNOM = 27.000000

Using SPARSE 1.3 as Direct Linear Solver

No. of Data Rows : 801
fcross              =  1.13792e+06
pmarg               =  7.03046e+01
tdc                 =  8.15569e+01
Doing analysis at TEMP = 27.000000 and TNOM = 27.000000

Using SPARSE 1.3 as Direct Linear Solver

No. of Data Rows : 801
fcross              =  1.10091e+06
pmarg               =  7.12235e+01
tdc                 =  8.15569e+01
Doing analysis at TEMP = 27.000000 and TNOM = 27.000000

Using SPARSE 1.3 as Direct Linear Solver

No. of Data Rows : 801
fcross              =  1.29851e+06
pmarg               =  7.56680e+01
tdc                 =  8.15569e+01
Doing analysis at TEMP = 27.000000 and TNOM = 27.000000

Using SPARSE 1.3 as Direct Linear Solver

No. of Data Rows : 801
fcross              =  1.29890e+06
pmarg               =  7.54037e+01
tdc                 =  8.15569e+01
Doing analysis at TEMP = 27.000000 and TNOM = 27.000000

Using SPARSE 1.3 as Direct Linear Solver

No. of Data Rows : 801
fcross              =  1.29906e+06
pmarg               =  7.51080e+01
tdc                 =  8.15569e+01
Doing analysis at TEMP = 27.000000 and TNOM = 27.000000

Using SPARSE 1.3 as Direct Linear Solver

No. of Data Rows : 801
fcross              =  1.29824e+06
pmarg               =  7.44533e+01
tdc                 =  8.15569e+01
Doing analysis at TEMP = 27.000000 and TNOM = 27.000000

Using SPARSE 1.3 as Direct Linear Solver

No. of Data Rows : 801
fcross              =  1.29171e+06
pmarg               =  7.31986e+01
tdc                 =  8.15569e+01
Doing analysis at TEMP = 27.000000 and TNOM = 27.000000

Using SPARSE 1.3 as Direct Linear Solver

No. of Data Rows : 801
fcross              =  1.26297e+06
pmarg               =  7.12501e+01
tdc                 =  8.15569e+01
Doing analysis at TEMP = 27.000000 and TNOM = 27.000000

Using SPARSE 1.3 as Direct Linear Solver

No. of Data Rows : 801
fcross              =  1.22932e+06
pmarg               =  7.02946e+01
tdc                 =  8.15569e+01
Doing analysis at TEMP = 27.000000 and TNOM = 27.000000

Using SPARSE 1.3 as Direct Linear Solver

No. of Data Rows : 801
fcross              =  1.18656e+06
pmarg               =  6.99024e+01
tdc                 =  8.15569e+01
Doing analysis at TEMP = 27.000000 and TNOM = 27.000000

Using SPARSE 1.3 as Direct Linear Solver

No. of Data Rows : 801
fcross              =  1.16172e+06
pmarg               =  6.99897e+01
tdc                 =  8.15569e+01
Doing analysis at TEMP = 27.000000 and TNOM = 27.000000

Using SPARSE 1.3 as Direct Linear Solver

No. of Data Rows : 801
fcross              =  1.13791e+06
pmarg               =  7.02823e+01
tdc                 =  8.15569e+01
Doing analysis at TEMP = 27.000000 and TNOM = 27.000000

Using SPARSE 1.3 as Direct Linear Solver

No. of Data Rows : 801
fcross              =  1.10090e+06
Note: Starting dynamic gmin stepping
Warning: Dynamic gmin stepping failed
Note: Starting true gmin stepping
Note: True gmin stepping completed
pmarg               =  7.12020e+01
tdc                 =  8.15569e+01
Doing analysis at TEMP = 27.000000 and TNOM = 27.000000

Using SPARSE 1.3 as Direct Linear Solver

No. of Data Rows : 801
fcross              =  1.29850e+06
Note: Starting dynamic gmin stepping
Warning: Dynamic gmin stepping failed
Note: Starting true gmin stepping
Note: True gmin stepping completed
pmarg               =  7.56537e+01
tdc                 =  8.15569e+01
Doing analysis at TEMP = 27.000000 and TNOM = 27.000000

Using SPARSE 1.3 as Direct Linear Solver

No. of Data Rows : 801
fcross              =  1.29889e+06
Note: Starting dynamic gmin stepping
Warning: Dynamic gmin stepping failed
Note: Starting true gmin stepping
Note: True gmin stepping completed
pmarg               =  7.53894e+01
tdc                 =  8.15569e+01
Doing analysis at TEMP = 27.000000 and TNOM = 27.000000

Using SPARSE 1.3 as Direct Linear Solver

No. of Data Rows : 801
fcross              =  1.29904e+06
Note: Starting dynamic gmin stepping
Warning: Dynamic gmin stepping failed
Note: Starting true gmin stepping
Note: True gmin stepping completed
pmarg               =  7.50937e+01
tdc                 =  8.15569e+01
Doing analysis at TEMP = 27.000000 and TNOM = 27.000000

Using SPARSE 1.3 as Direct Linear Solver

No. of Data Rows : 801
fcross              =  1.29823e+06
Note: Starting dynamic gmin stepping
Warning: Dynamic gmin stepping failed
Note: Starting true gmin stepping
Note: True gmin stepping completed
pmarg               =  7.44390e+01
tdc                 =  8.15569e+01
Doing analysis at TEMP = 27.000000 and TNOM = 27.000000

Using SPARSE 1.3 as Direct Linear Solver

No. of Data Rows : 801
fcross              =  1.29170e+06
Note: Starting dynamic gmin stepping
Warning: Dynamic gmin stepping failed
Note: Starting true gmin stepping
Note: True gmin stepping completed
pmarg               =  7.31844e+01
tdc                 =  8.15569e+01
Doing analysis at TEMP = 27.000000 and TNOM = 27.000000

Using SPARSE 1.3 as Direct Linear Solver

No. of Data Rows : 801
fcross              =  1.26296e+06
Note: Starting dynamic gmin stepping
Warning: Dynamic gmin stepping failed
Note: Starting true gmin stepping
Note: True gmin stepping completed
pmarg               =  7.12362e+01
tdc                 =  8.15569e+01
Doing analysis at TEMP = 27.000000 and TNOM = 27.000000

Using SPARSE 1.3 as Direct Linear Solver
 Reference value :  2.75423e+03
No. of Data Rows : 801
fcross              =  1.22931e+06
Note: Starting dynamic gmin stepping
Warning: Dynamic gmin stepping failed
Note: Starting true gmin stepping
Note: True gmin stepping completed
pmarg               =  7.02811e+01
tdc                 =  8.15569e+01
Doing analysis at TEMP = 27.000000 and TNOM = 27.000000

Using SPARSE 1.3 as Direct Linear Solver

No. of Data Rows : 801
fcross              =  1.18655e+06
Note: Starting dynamic gmin stepping
Warning: Dynamic gmin stepping failed
Note: Starting true gmin stepping
Note: True gmin stepping completed
pmarg               =  6.98894e+01
tdc                 =  8.15569e+01
Doing analysis at TEMP = 27.000000 and TNOM = 27.000000

Using SPARSE 1.3 as Direct Linear Solver

No. of Data Rows : 801
fcross              =  1.16172e+06
Note: Starting dynamic gmin stepping
Warning: Dynamic gmin stepping failed
Note: Starting true gmin stepping
Note: True gmin stepping completed
pmarg               =  6.99770e+01
tdc                 =  8.15569e+01
Doing analysis at TEMP = 27.000000 and TNOM = 27.000000

Using SPARSE 1.3 as Direct Linear Solver

No. of Data Rows : 801
fcross              =  1.13790e+06
Note: Starting dynamic gmin stepping
Warning: Dynamic gmin stepping failed
Note: Starting true gmin stepping
Note: True gmin stepping completed
pmarg               =  7.02698e+01
tdc                 =  8.15569e+01
Doing analysis at TEMP = 27.000000 and TNOM = 27.000000

Using SPARSE 1.3 as Direct Linear Solver

No. of Data Rows : 801
fcross              =  1.10089e+06
pmarg               =  7.11899e+01
tdc                 =  8.15569e+01
Note: Simulation executed from .control section 
