warning, model type mismatch in line
    q121a nmiri nmiri nme1 ls350
warning, model type mismatch in line
    q121b nhi nmiri nme2 ls350

Note: No compatibility mode selected!


Circuit: tb_loop.cir - l46a esplorazione, variante zxt_vas56_cm330p (blocco da inc/zxt_vas56_cm330p.inc)

Warning: Model issue on line 122 :
  .model lsk489a njf(beta=2.2m betatce=-.5 rd=11 rs=30 lambda=4.3m vto=-1. ...
unrecognized parameter (isr) - ignored
unrecognized parameter (alpha) - ignored
unrecognized parameter (vk) - ignored
unrecognized parameter (mj) - ignored

Doing analysis at TEMP = 27.000000 and TNOM = 27.000000

Using SPARSE 1.3 as Direct Linear Solver

No. of Data Rows : 801
fcross              =  1.24630e+06
pmarg               =  7.71098e+01
tdc                 =  8.09812e+01
mode=0db  rload=100k  rsrc=1m  pos=1  C=1f
fcross = 1.246298e+06
pmarg = 7.710980e+01
tdc = 8.098121e+01
Doing analysis at TEMP = 27.000000 and TNOM = 27.000000

Using SPARSE 1.3 as Direct Linear Solver

No. of Data Rows : 801
fcross              =  1.24640e+06
pmarg               =  7.68603e+01
tdc                 =  8.09812e+01
mode=0db  rload=100k  rsrc=1m  pos=1  C=47p
fcross = 1.246403e+06
pmarg = 7.686033e+01
tdc = 8.098121e+01
Doing analysis at TEMP = 27.000000 and TNOM = 27.000000

Using SPARSE 1.3 as Direct Linear Solver

No. of Data Rows : 801
fcross              =  1.24626e+06
pmarg               =  7.65815e+01
tdc                 =  8.09812e+01
mode=0db  rload=100k  rsrc=1m  pos=1  C=100p
fcross = 1.246263e+06
pmarg = 7.658149e+01
tdc = 8.098121e+01
Doing analysis at TEMP = 27.000000 and TNOM = 27.000000

Using SPARSE 1.3 as Direct Linear Solver

No. of Data Rows : 801
fcross              =  1.24495e+06
pmarg               =  7.59648e+01
tdc                 =  8.09812e+01
mode=0db  rload=100k  rsrc=1m  pos=1  C=220p
fcross = 1.244946e+06
pmarg = 7.596483e+01
tdc = 8.098121e+01
Doing analysis at TEMP = 27.000000 and TNOM = 27.000000

Using SPARSE 1.3 as Direct Linear Solver

No. of Data Rows : 801
fcross              =  1.23806e+06
pmarg               =  7.47821e+01
tdc                 =  8.09812e+01
mode=0db  rload=100k  rsrc=1m  pos=1  C=470p
fcross = 1.238059e+06
pmarg = 7.478213e+01
tdc = 8.098121e+01
Doing analysis at TEMP = 27.000000 and TNOM = 27.000000

Using SPARSE 1.3 as Direct Linear Solver

No. of Data Rows : 801
fcross              =  1.21077e+06
pmarg               =  7.29222e+01
tdc                 =  8.09812e+01
mode=0db  rload=100k  rsrc=1m  pos=1  C=1n
fcross = 1.210767e+06
pmarg = 7.292222e+01
tdc = 8.098121e+01
Doing analysis at TEMP = 27.000000 and TNOM = 27.000000

Using SPARSE 1.3 as Direct Linear Solver

No. of Data Rows : 801
fcross              =  1.17948e+06
pmarg               =  7.19755e+01
tdc                 =  8.09812e+01
mode=0db  rload=100k  rsrc=1m  pos=1  C=1.5n
fcross = 1.179480e+06
pmarg = 7.197545e+01
tdc = 8.098122e+01
Doing analysis at TEMP = 27.000000 and TNOM = 27.000000

Using SPARSE 1.3 as Direct Linear Solver

No. of Data Rows : 801
fcross              =  1.13950e+06
pmarg               =  7.15436e+01
tdc                 =  8.09812e+01
mode=0db  rload=100k  rsrc=1m  pos=1  C=2.2n
fcross = 1.139500e+06
pmarg = 7.154364e+01
tdc = 8.098122e+01
Doing analysis at TEMP = 27.000000 and TNOM = 27.000000

Using SPARSE 1.3 as Direct Linear Solver

No. of Data Rows : 801
fcross              =  1.11609e+06
pmarg               =  7.15957e+01
tdc                 =  8.09812e+01
mode=0db  rload=100k  rsrc=1m  pos=1  C=2.7n
fcross = 1.116095e+06
pmarg = 7.159570e+01
tdc = 8.098122e+01
Doing analysis at TEMP = 27.000000 and TNOM = 27.000000

Using SPARSE 1.3 as Direct Linear Solver

No. of Data Rows : 801
fcross              =  1.09349e+06
pmarg               =  7.18515e+01
tdc                 =  8.09812e+01
mode=0db  rload=100k  rsrc=1m  pos=1  C=3.3n
fcross = 1.093495e+06
pmarg = 7.185150e+01
tdc = 8.098122e+01
Doing analysis at TEMP = 27.000000 and TNOM = 27.000000

Using SPARSE 1.3 as Direct Linear Solver

No. of Data Rows : 801
fcross              =  1.05817e+06
pmarg               =  7.27167e+01
tdc                 =  8.09812e+01
mode=0db  rload=100k  rsrc=1m  pos=1  C=4.7n
fcross = 1.058171e+06
pmarg = 7.271675e+01
tdc = 8.098122e+01
Doing analysis at TEMP = 27.000000 and TNOM = 27.000000

Using SPARSE 1.3 as Direct Linear Solver

No. of Data Rows : 801
fcross              =  1.24630e+06
pmarg               =  7.71098e+01
tdc                 =  8.09812e+01
mode=0db  rload=100k  rsrc=1m  pos=2  C=1f
fcross = 1.246298e+06
pmarg = 7.710980e+01
tdc = 8.098121e+01
Doing analysis at TEMP = 27.000000 and TNOM = 27.000000

Using SPARSE 1.3 as Direct Linear Solver

No. of Data Rows : 801
fcross              =  1.24650e+06
pmarg               =  7.68592e+01
tdc                 =  8.09812e+01
mode=0db  rload=100k  rsrc=1m  pos=2  C=47p
fcross = 1.246499e+06
pmarg = 7.685921e+01
tdc = 8.098121e+01
Doing analysis at TEMP = 27.000000 and TNOM = 27.000000

Using SPARSE 1.3 as Direct Linear Solver

No. of Data Rows : 801
fcross              =  1.24670e+06
pmarg               =  7.65767e+01
tdc                 =  8.09812e+01
mode=0db  rload=100k  rsrc=1m  pos=2  C=100p
fcross = 1.246697e+06
pmarg = 7.657670e+01
tdc = 8.098121e+01
Doing analysis at TEMP = 27.000000 and TNOM = 27.000000

Using SPARSE 1.3 as Direct Linear Solver

No. of Data Rows : 801
fcross              =  1.24703e+06
pmarg               =  7.59375e+01
tdc                 =  8.09812e+01
mode=0db  rload=100k  rsrc=1m  pos=2  C=220p
fcross = 1.247033e+06
pmarg = 7.593746e+01
tdc = 8.098121e+01
Doing analysis at TEMP = 27.000000 and TNOM = 27.000000

Using SPARSE 1.3 as Direct Linear Solver

No. of Data Rows : 801
fcross              =  1.24723e+06
pmarg               =  7.46091e+01
tdc                 =  8.09812e+01
mode=0db  rload=100k  rsrc=1m  pos=2  C=470p
fcross = 1.247229e+06
pmarg = 7.460912e+01
tdc = 8.098121e+01
Doing analysis at TEMP = 27.000000 and TNOM = 27.000000

Using SPARSE 1.3 as Direct Linear Solver

No. of Data Rows : 801
fcross              =  1.24539e+06
pmarg               =  7.18225e+01
tdc                 =  8.09812e+01
mode=0db  rload=100k  rsrc=1m  pos=2  C=1n
fcross = 1.245393e+06
pmarg = 7.182246e+01
tdc = 8.098121e+01
Doing analysis at TEMP = 27.000000 and TNOM = 27.000000

Using SPARSE 1.3 as Direct Linear Solver

No. of Data Rows : 801
fcross              =  1.24092e+06
pmarg               =  6.92541e+01
tdc                 =  8.09812e+01
mode=0db  rload=100k  rsrc=1m  pos=2  C=1.5n
fcross = 1.240923e+06
pmarg = 6.925413e+01
tdc = 8.098121e+01
Doing analysis at TEMP = 27.000000 and TNOM = 27.000000

Using SPARSE 1.3 as Direct Linear Solver

No. of Data Rows : 801
fcross              =  1.23053e+06
pmarg               =  6.58033e+01
tdc                 =  8.09812e+01
mode=0db  rload=100k  rsrc=1m  pos=2  C=2.2n
fcross = 1.230526e+06
pmarg = 6.580334e+01
tdc = 8.098121e+01
Doing analysis at TEMP = 27.000000 and TNOM = 27.000000

Using SPARSE 1.3 as Direct Linear Solver

No. of Data Rows : 801
fcross              =  1.22071e+06
pmarg               =  6.34622e+01
tdc                 =  8.09812e+01
mode=0db  rload=100k  rsrc=1m  pos=2  C=2.7n
fcross = 1.220712e+06
pmarg = 6.346223e+01
tdc = 8.098121e+01
Doing analysis at TEMP = 27.000000 and TNOM = 27.000000

Using SPARSE 1.3 as Direct Linear Solver

No. of Data Rows : 801
fcross              =  1.20659e+06
pmarg               =  6.08113e+01
tdc                 =  8.09812e+01
mode=0db  rload=100k  rsrc=1m  pos=2  C=3.3n
fcross = 1.206587e+06
pmarg = 6.081133e+01
tdc = 8.098120e+01
Doing analysis at TEMP = 27.000000 and TNOM = 27.000000

Using SPARSE 1.3 as Direct Linear Solver

No. of Data Rows : 801
fcross              =  1.16738e+06
pmarg               =  5.53151e+01
tdc                 =  8.09812e+01
mode=0db  rload=100k  rsrc=1m  pos=2  C=4.7n
fcross = 1.167377e+06
pmarg = 5.531514e+01
tdc = 8.098120e+01
Doing analysis at TEMP = 27.000000 and TNOM = 27.000000

Using SPARSE 1.3 as Direct Linear Solver

No. of Data Rows : 801
fcross              =  1.24613e+06
pmarg               =  7.67202e+01
tdc                 =  8.09812e+01
mode=0db  rload=100k  rsrc=1k  pos=1  C=1f
fcross = 1.246128e+06
pmarg = 7.672018e+01
tdc = 8.098121e+01
Doing analysis at TEMP = 27.000000 and TNOM = 27.000000

Using SPARSE 1.3 as Direct Linear Solver

No. of Data Rows : 801
fcross              =  1.24623e+06
pmarg               =  7.64707e+01
tdc                 =  8.09812e+01
mode=0db  rload=100k  rsrc=1k  pos=1  C=47p
fcross = 1.246233e+06
pmarg = 7.647071e+01
tdc = 8.098121e+01
Doing analysis at TEMP = 27.000000 and TNOM = 27.000000

Using SPARSE 1.3 as Direct Linear Solver

No. of Data Rows : 801
fcross              =  1.24609e+06
pmarg               =  7.61919e+01
tdc                 =  8.09812e+01
mode=0db  rload=100k  rsrc=1k  pos=1  C=100p
fcross = 1.246093e+06
pmarg = 7.619195e+01
tdc = 8.098121e+01
Doing analysis at TEMP = 27.000000 and TNOM = 27.000000

Using SPARSE 1.3 as Direct Linear Solver

No. of Data Rows : 801
fcross              =  1.24478e+06
pmarg               =  7.55758e+01
tdc                 =  8.09812e+01
mode=0db  rload=100k  rsrc=1k  pos=1  C=220p
fcross = 1.244777e+06
pmarg = 7.557577e+01
tdc = 8.098121e+01
Doing analysis at TEMP = 27.000000 and TNOM = 27.000000

Using SPARSE 1.3 as Direct Linear Solver

No. of Data Rows : 801
fcross              =  1.23789e+06
pmarg               =  7.43953e+01
tdc                 =  8.09812e+01
mode=0db  rload=100k  rsrc=1k  pos=1  C=470p
fcross = 1.237894e+06
pmarg = 7.439532e+01
tdc = 8.098121e+01
Doing analysis at TEMP = 27.000000 and TNOM = 27.000000

Using SPARSE 1.3 as Direct Linear Solver

No. of Data Rows : 801
fcross              =  1.21062e+06
pmarg               =  7.25439e+01
tdc                 =  8.09812e+01
mode=0db  rload=100k  rsrc=1k  pos=1  C=1n
fcross = 1.210618e+06
pmarg = 7.254391e+01
tdc = 8.098121e+01
Doing analysis at TEMP = 27.000000 and TNOM = 27.000000

Using SPARSE 1.3 as Direct Linear Solver

No. of Data Rows : 801
fcross              =  1.17935e+06
pmarg               =  7.16067e+01
tdc                 =  8.09812e+01
mode=0db  rload=100k  rsrc=1k  pos=1  C=1.5n
fcross = 1.179346e+06
pmarg = 7.160672e+01
tdc = 8.098121e+01
Doing analysis at TEMP = 27.000000 and TNOM = 27.000000

Using SPARSE 1.3 as Direct Linear Solver

No. of Data Rows : 801
fcross              =  1.13938e+06
pmarg               =  7.11871e+01
tdc                 =  8.09812e+01
mode=0db  rload=100k  rsrc=1k  pos=1  C=2.2n
fcross = 1.139383e+06
pmarg = 7.118711e+01
tdc = 8.098122e+01
Doing analysis at TEMP = 27.000000 and TNOM = 27.000000

Using SPARSE 1.3 as Direct Linear Solver

No. of Data Rows : 801
fcross              =  1.11599e+06
pmarg               =  7.12463e+01
tdc                 =  8.09812e+01
mode=0db  rload=100k  rsrc=1k  pos=1  C=2.7n
fcross = 1.115986e+06
pmarg = 7.124633e+01
tdc = 8.098122e+01
Doing analysis at TEMP = 27.000000 and TNOM = 27.000000

Using SPARSE 1.3 as Direct Linear Solver

No. of Data Rows : 801
fcross              =  1.09339e+06
pmarg               =  7.15091e+01
tdc                 =  8.09812e+01
mode=0db  rload=100k  rsrc=1k  pos=1  C=3.3n
fcross = 1.093393e+06
pmarg = 7.150905e+01
tdc = 8.098122e+01
Doing analysis at TEMP = 27.000000 and TNOM = 27.000000

Using SPARSE 1.3 as Direct Linear Solver

No. of Data Rows : 801
fcross              =  1.05808e+06
pmarg               =  7.23852e+01
tdc                 =  8.09812e+01
mode=0db  rload=100k  rsrc=1k  pos=1  C=4.7n
fcross = 1.058076e+06
pmarg = 7.238519e+01
tdc = 8.098122e+01
Doing analysis at TEMP = 27.000000 and TNOM = 27.000000

Using SPARSE 1.3 as Direct Linear Solver

No. of Data Rows : 801
fcross              =  1.24613e+06
pmarg               =  7.67202e+01
tdc                 =  8.09812e+01
mode=0db  rload=100k  rsrc=1k  pos=2  C=1f
fcross = 1.246128e+06
pmarg = 7.672018e+01
tdc = 8.098121e+01
Doing analysis at TEMP = 27.000000 and TNOM = 27.000000

Using SPARSE 1.3 as Direct Linear Solver

No. of Data Rows : 801
fcross              =  1.24633e+06
pmarg               =  7.64696e+01
tdc                 =  8.09812e+01
mode=0db  rload=100k  rsrc=1k  pos=2  C=47p
fcross = 1.246329e+06
pmarg = 7.646956e+01
tdc = 8.098121e+01
Doing analysis at TEMP = 27.000000 and TNOM = 27.000000

Using SPARSE 1.3 as Direct Linear Solver

No. of Data Rows : 801
fcross              =  1.24653e+06
pmarg               =  7.61870e+01
tdc                 =  8.09812e+01
mode=0db  rload=100k  rsrc=1k  pos=2  C=100p
fcross = 1.246527e+06
pmarg = 7.618702e+01
tdc = 8.098121e+01
Doing analysis at TEMP = 27.000000 and TNOM = 27.000000

Using SPARSE 1.3 as Direct Linear Solver

No. of Data Rows : 801
fcross              =  1.24686e+06
pmarg               =  7.55478e+01
tdc                 =  8.09812e+01
mode=0db  rload=100k  rsrc=1k  pos=2  C=220p
fcross = 1.246863e+06
pmarg = 7.554776e+01
tdc = 8.098121e+01
Doing analysis at TEMP = 27.000000 and TNOM = 27.000000

Using SPARSE 1.3 as Direct Linear Solver

No. of Data Rows : 801
fcross              =  1.24706e+06
pmarg               =  7.42195e+01
tdc                 =  8.09812e+01
mode=0db  rload=100k  rsrc=1k  pos=2  C=470p
fcross = 1.247059e+06
pmarg = 7.421952e+01
tdc = 8.098121e+01
Doing analysis at TEMP = 27.000000 and TNOM = 27.000000

Using SPARSE 1.3 as Direct Linear Solver

No. of Data Rows : 801
fcross              =  1.24522e+06
pmarg               =  7.14337e+01
tdc                 =  8.09812e+01
mode=0db  rload=100k  rsrc=1k  pos=2  C=1n
fcross = 1.245225e+06
pmarg = 7.143375e+01
tdc = 8.098121e+01
Doing analysis at TEMP = 27.000000 and TNOM = 27.000000

Using SPARSE 1.3 as Direct Linear Solver

No. of Data Rows : 801
fcross              =  1.24076e+06
pmarg               =  6.88671e+01
tdc                 =  8.09812e+01
mode=0db  rload=100k  rsrc=1k  pos=2  C=1.5n
fcross = 1.240757e+06
pmarg = 6.886709e+01
tdc = 8.098121e+01
Doing analysis at TEMP = 27.000000 and TNOM = 27.000000

Using SPARSE 1.3 as Direct Linear Solver

No. of Data Rows : 801
fcross              =  1.23037e+06
pmarg               =  6.54199e+01
tdc                 =  8.09812e+01
mode=0db  rload=100k  rsrc=1k  pos=2  C=2.2n
fcross = 1.230367e+06
pmarg = 6.541988e+01
tdc = 8.098121e+01
Doing analysis at TEMP = 27.000000 and TNOM = 27.000000

Using SPARSE 1.3 as Direct Linear Solver

No. of Data Rows : 801
fcross              =  1.22056e+06
pmarg               =  6.30820e+01
tdc                 =  8.09812e+01
mode=0db  rload=100k  rsrc=1k  pos=2  C=2.7n
fcross = 1.220562e+06
pmarg = 6.308195e+01
tdc = 8.098121e+01
Doing analysis at TEMP = 27.000000 and TNOM = 27.000000

Using SPARSE 1.3 as Direct Linear Solver

No. of Data Rows : 801
fcross              =  1.20644e+06
pmarg               =  6.04356e+01
tdc                 =  8.09812e+01
mode=0db  rload=100k  rsrc=1k  pos=2  C=3.3n
fcross = 1.206443e+06
pmarg = 6.043562e+01
tdc = 8.098120e+01
Doing analysis at TEMP = 27.000000 and TNOM = 27.000000

Using SPARSE 1.3 as Direct Linear Solver

No. of Data Rows : 801
fcross              =  1.16726e+06
Note: Starting dynamic gmin stepping
Warning: Dynamic gmin stepping failed
Note: Starting true gmin stepping
Warning: True gmin stepping failed
Note: Starting source stepping
Note: Source stepping completed
pmarg               =  5.49517e+01
tdc                 =  8.09812e+01
mode=0db  rload=100k  rsrc=1k  pos=2  C=4.7n
fcross = 1.167257e+06
pmarg = 5.495170e+01
tdc = 8.098120e+01
Doing analysis at TEMP = 27.000000 and TNOM = 27.000000

Using SPARSE 1.3 as Direct Linear Solver

No. of Data Rows : 801
fcross              =  1.24553e+06
Note: Starting dynamic gmin stepping
Warning: Dynamic gmin stepping failed
Note: Starting true gmin stepping
Warning: True gmin stepping failed
Note: Starting source stepping
Note: Source stepping completed
pmarg               =  7.61413e+01
tdc                 =  8.09812e+01
mode=0db  rload=100k  rsrc=2.5k  pos=1  C=1f
fcross = 1.245533e+06
pmarg = 7.614130e+01
tdc = 8.098121e+01
Doing analysis at TEMP = 27.000000 and TNOM = 27.000000

Using SPARSE 1.3 as Direct Linear Solver

No. of Data Rows : 801
fcross              =  1.24564e+06
Note: Starting dynamic gmin stepping
Warning: Dynamic gmin stepping failed
Note: Starting true gmin stepping
Warning: True gmin stepping failed
Note: Starting source stepping
Note: Source stepping completed
pmarg               =  7.58919e+01
tdc                 =  8.09812e+01
mode=0db  rload=100k  rsrc=2.5k  pos=1  C=47p
fcross = 1.245637e+06
pmarg = 7.589190e+01
tdc = 8.098121e+01
Doing analysis at TEMP = 27.000000 and TNOM = 27.000000

Using SPARSE 1.3 as Direct Linear Solver

No. of Data Rows : 801
fcross              =  1.24550e+06
Note: Starting dynamic gmin stepping
Warning: Dynamic gmin stepping failed
Note: Starting true gmin stepping
Warning: True gmin stepping failed
Note: Starting source stepping
Note: Source stepping completed
pmarg               =  7.56133e+01
tdc                 =  8.09812e+01
mode=0db  rload=100k  rsrc=2.5k  pos=1  C=100p
fcross = 1.245498e+06
pmarg = 7.561333e+01
tdc = 8.098121e+01
Doing analysis at TEMP = 27.000000 and TNOM = 27.000000

Using SPARSE 1.3 as Direct Linear Solver

No. of Data Rows : 801
fcross              =  1.24418e+06
Note: Starting dynamic gmin stepping
Warning: Dynamic gmin stepping failed
Note: Starting true gmin stepping
Warning: True gmin stepping failed
Note: Starting source stepping
Note: Source stepping completed
pmarg               =  7.49980e+01
tdc                 =  8.09812e+01
mode=0db  rload=100k  rsrc=2.5k  pos=1  C=220p
fcross = 1.244184e+06
pmarg = 7.499802e+01
tdc = 8.098121e+01
Doing analysis at TEMP = 27.000000 and TNOM = 27.000000

Using SPARSE 1.3 as Direct Linear Solver
 Reference value :  9.54993e+03
No. of Data Rows : 801
fcross              =  1.23731e+06
Note: Starting dynamic gmin stepping
Warning: Dynamic gmin stepping failed
Note: Starting true gmin stepping
Warning: True gmin stepping failed
Note: Starting source stepping
Note: Source stepping completed
pmarg               =  7.38212e+01
tdc                 =  8.09812e+01
mode=0db  rload=100k  rsrc=2.5k  pos=1  C=470p
fcross = 1.237314e+06
pmarg = 7.382116e+01
tdc = 8.098121e+01
Doing analysis at TEMP = 27.000000 and TNOM = 27.000000

Using SPARSE 1.3 as Direct Linear Solver

No. of Data Rows : 801
fcross              =  1.21010e+06
Note: Starting dynamic gmin stepping
Warning: Dynamic gmin stepping failed
Note: Starting true gmin stepping
Warning: True gmin stepping failed
Note: Starting source stepping
Note: Source stepping completed
pmarg               =  7.19823e+01
tdc                 =  8.09812e+01
mode=0db  rload=100k  rsrc=2.5k  pos=1  C=1n
fcross = 1.210097e+06
pmarg = 7.198229e+01
tdc = 8.098121e+01
Doing analysis at TEMP = 27.000000 and TNOM = 27.000000

Using SPARSE 1.3 as Direct Linear Solver

No. of Data Rows : 801
fcross              =  1.17888e+06
Note: Starting dynamic gmin stepping
Warning: Dynamic gmin stepping failed
Note: Starting true gmin stepping
Warning: True gmin stepping failed
Note: Starting source stepping
Note: Source stepping completed
pmarg               =  7.10589e+01
tdc                 =  8.09812e+01
mode=0db  rload=100k  rsrc=2.5k  pos=1  C=1.5n
fcross = 1.178877e+06
pmarg = 7.105894e+01
tdc = 8.098122e+01
Doing analysis at TEMP = 27.000000 and TNOM = 27.000000

Using SPARSE 1.3 as Direct Linear Solver

No. of Data Rows : 801
fcross              =  1.13898e+06
Note: Starting dynamic gmin stepping
Warning: Dynamic gmin stepping failed
Note: Starting true gmin stepping
Warning: True gmin stepping failed
Note: Starting source stepping
Note: Source stepping completed
pmarg               =  7.06568e+01
tdc                 =  8.09812e+01
mode=0db  rload=100k  rsrc=2.5k  pos=1  C=2.2n
fcross = 1.138975e+06
pmarg = 7.065680e+01
tdc = 8.098122e+01
Doing analysis at TEMP = 27.000000 and TNOM = 27.000000

Using SPARSE 1.3 as Direct Linear Solver

No. of Data Rows : 801
fcross              =  1.11561e+06
Note: Starting dynamic gmin stepping
Warning: Dynamic gmin stepping failed
Note: Starting true gmin stepping
Warning: True gmin stepping failed
Note: Starting source stepping
Note: Source stepping completed
pmarg               =  7.07263e+01
tdc                 =  8.09812e+01
mode=0db  rload=100k  rsrc=2.5k  pos=1  C=2.7n
fcross = 1.115605e+06
pmarg = 7.072630e+01
tdc = 8.098122e+01
Doing analysis at TEMP = 27.000000 and TNOM = 27.000000

Using SPARSE 1.3 as Direct Linear Solver

No. of Data Rows : 801
fcross              =  1.09303e+06
Note: Starting dynamic gmin stepping
Warning: Dynamic gmin stepping failed
Note: Starting true gmin stepping
Warning: True gmin stepping failed
Note: Starting source stepping
Note: Source stepping completed
pmarg               =  7.09990e+01
tdc                 =  8.09812e+01
mode=0db  rload=100k  rsrc=2.5k  pos=1  C=3.3n
fcross = 1.093035e+06
pmarg = 7.099901e+01
tdc = 8.098122e+01
Doing analysis at TEMP = 27.000000 and TNOM = 27.000000

Using SPARSE 1.3 as Direct Linear Solver

No. of Data Rows : 801
fcross              =  1.05774e+06
Note: Starting dynamic gmin stepping
Warning: Dynamic gmin stepping failed
Note: Starting true gmin stepping
Warning: True gmin stepping failed
Note: Starting source stepping
Note: Source stepping completed
pmarg               =  7.18910e+01
tdc                 =  8.09812e+01
mode=0db  rload=100k  rsrc=2.5k  pos=1  C=4.7n
fcross = 1.057742e+06
pmarg = 7.189098e+01
tdc = 8.098122e+01
Doing analysis at TEMP = 27.000000 and TNOM = 27.000000

Using SPARSE 1.3 as Direct Linear Solver

No. of Data Rows : 801
fcross              =  1.24553e+06
Note: Starting dynamic gmin stepping
Warning: Dynamic gmin stepping failed
Note: Starting true gmin stepping
Warning: True gmin stepping failed
Note: Starting source stepping
Note: Source stepping completed
pmarg               =  7.61413e+01
tdc                 =  8.09812e+01
mode=0db  rload=100k  rsrc=2.5k  pos=2  C=1f
fcross = 1.245533e+06
pmarg = 7.614130e+01
tdc = 8.098121e+01
Doing analysis at TEMP = 27.000000 and TNOM = 27.000000

Using SPARSE 1.3 as Direct Linear Solver

No. of Data Rows : 801
fcross              =  1.24573e+06
Note: Starting dynamic gmin stepping
Warning: Dynamic gmin stepping failed
Note: Starting true gmin stepping
Warning: True gmin stepping failed
Note: Starting source stepping
Note: Source stepping completed
pmarg               =  7.58907e+01
tdc                 =  8.09812e+01
mode=0db  rload=100k  rsrc=2.5k  pos=2  C=47p
fcross = 1.245733e+06
pmarg = 7.589071e+01
tdc = 8.098121e+01
Doing analysis at TEMP = 27.000000 and TNOM = 27.000000

Using SPARSE 1.3 as Direct Linear Solver

No. of Data Rows : 801
fcross              =  1.24593e+06
Note: Starting dynamic gmin stepping
Warning: Dynamic gmin stepping failed
Note: Starting true gmin stepping
Warning: True gmin stepping failed
Note: Starting source stepping
Note: Source stepping completed
pmarg               =  7.56082e+01
tdc                 =  8.09812e+01
mode=0db  rload=100k  rsrc=2.5k  pos=2  C=100p
fcross = 1.245931e+06
pmarg = 7.560821e+01
tdc = 8.098121e+01
Doing analysis at TEMP = 27.000000 and TNOM = 27.000000

Using SPARSE 1.3 as Direct Linear Solver

No. of Data Rows : 801
fcross              =  1.24627e+06
Note: Starting dynamic gmin stepping
Warning: Dynamic gmin stepping failed
Note: Starting true gmin stepping
Warning: True gmin stepping failed
Note: Starting source stepping
Note: Source stepping completed
pmarg               =  7.49691e+01
tdc                 =  8.09812e+01
mode=0db  rload=100k  rsrc=2.5k  pos=2  C=220p
fcross = 1.246266e+06
pmarg = 7.496908e+01
tdc = 8.098121e+01
Doing analysis at TEMP = 27.000000 and TNOM = 27.000000

Using SPARSE 1.3 as Direct Linear Solver

No. of Data Rows : 801
fcross              =  1.24646e+06
Note: Starting dynamic gmin stepping
Warning: Dynamic gmin stepping failed
Note: Starting true gmin stepping
Warning: True gmin stepping failed
Note: Starting source stepping
Note: Source stepping completed
pmarg               =  7.36414e+01
tdc                 =  8.09812e+01
mode=0db  rload=100k  rsrc=2.5k  pos=2  C=470p
fcross = 1.246462e+06
pmarg = 7.364136e+01
tdc = 8.098121e+01
Doing analysis at TEMP = 27.000000 and TNOM = 27.000000

Using SPARSE 1.3 as Direct Linear Solver

No. of Data Rows : 801
fcross              =  1.24463e+06
Note: Starting dynamic gmin stepping
Warning: Dynamic gmin stepping failed
Note: Starting true gmin stepping
Warning: True gmin stepping failed
Note: Starting source stepping
Note: Source stepping completed
pmarg               =  7.08577e+01
tdc                 =  8.09812e+01
mode=0db  rload=100k  rsrc=2.5k  pos=2  C=1n
fcross = 1.244632e+06
pmarg = 7.085768e+01
tdc = 8.098121e+01
Doing analysis at TEMP = 27.000000 and TNOM = 27.000000

Using SPARSE 1.3 as Direct Linear Solver

No. of Data Rows : 801
fcross              =  1.24017e+06
Note: Starting dynamic gmin stepping
Warning: Dynamic gmin stepping failed
Note: Starting true gmin stepping
Warning: True gmin stepping failed
Note: Starting source stepping
Note: Source stepping completed
pmarg               =  6.82942e+01
tdc                 =  8.09812e+01
mode=0db  rload=100k  rsrc=2.5k  pos=2  C=1.5n
fcross = 1.240174e+06
pmarg = 6.829416e+01
tdc = 8.098121e+01
Doing analysis at TEMP = 27.000000 and TNOM = 27.000000

Using SPARSE 1.3 as Direct Linear Solver

No. of Data Rows : 801
fcross              =  1.22981e+06
Note: Starting dynamic gmin stepping
Warning: Dynamic gmin stepping failed
Note: Starting true gmin stepping
Warning: True gmin stepping failed
Note: Starting source stepping
Note: Source stepping completed
pmarg               =  6.48528e+01
tdc                 =  8.09812e+01
mode=0db  rload=100k  rsrc=2.5k  pos=2  C=2.2n
fcross = 1.229814e+06
pmarg = 6.485280e+01
tdc = 8.098121e+01
Doing analysis at TEMP = 27.000000 and TNOM = 27.000000

Using SPARSE 1.3 as Direct Linear Solver

No. of Data Rows : 801
fcross              =  1.22003e+06
Note: Starting dynamic gmin stepping
Warning: Dynamic gmin stepping failed
Note: Starting true gmin stepping
Warning: True gmin stepping failed
Note: Starting source stepping
Note: Source stepping completed
pmarg               =  6.25201e+01
tdc                 =  8.09812e+01
mode=0db  rload=100k  rsrc=2.5k  pos=2  C=2.7n
fcross = 1.220029e+06
pmarg = 6.252008e+01
tdc = 8.098121e+01
Doing analysis at TEMP = 27.000000 and TNOM = 27.000000

Using SPARSE 1.3 as Direct Linear Solver

No. of Data Rows : 801
fcross              =  1.20593e+06
Note: Starting dynamic gmin stepping
Warning: Dynamic gmin stepping failed
Note: Starting true gmin stepping
Warning: True gmin stepping failed
Note: Starting source stepping
Note: Source stepping completed
pmarg               =  5.98809e+01
tdc                 =  8.09812e+01
mode=0db  rload=100k  rsrc=2.5k  pos=2  C=3.3n
fcross = 1.205935e+06
pmarg = 5.988093e+01
tdc = 8.098120e+01
Doing analysis at TEMP = 27.000000 and TNOM = 27.000000

Using SPARSE 1.3 as Direct Linear Solver

No. of Data Rows : 801
fcross              =  1.16683e+06
Note: Starting dynamic gmin stepping
Warning: Dynamic gmin stepping failed
Note: Starting true gmin stepping
Warning: True gmin stepping failed
Note: Starting source stepping
Note: Source stepping completed
pmarg               =  5.44154e+01
tdc                 =  8.09812e+01
mode=0db  rload=100k  rsrc=2.5k  pos=2  C=4.7n
fcross = 1.166829e+06
pmarg = 5.441538e+01
tdc = 8.098120e+01
Doing analysis at TEMP = 27.000000 and TNOM = 27.000000

Using SPARSE 1.3 as Direct Linear Solver

No. of Data Rows : 801
fcross              =  1.24550e+06
Note: Starting dynamic gmin stepping
Warning: Dynamic gmin stepping failed
Note: Starting true gmin stepping
Warning: True gmin stepping failed
Note: Starting source stepping
Note: Source stepping completed
pmarg               =  7.61140e+01
tdc                 =  8.09812e+01
mode=0db  rload=100k  rsrc=2.571k  pos=1  C=1f
fcross = 1.245499e+06
pmarg = 7.611405e+01
tdc = 8.098116e+01
Doing analysis at TEMP = 27.000000 and TNOM = 27.000000

Using SPARSE 1.3 as Direct Linear Solver

No. of Data Rows : 801
fcross              =  1.24560e+06
Note: Starting dynamic gmin stepping
Warning: Dynamic gmin stepping failed
Note: Starting true gmin stepping
Warning: True gmin stepping failed
Note: Starting source stepping
Note: Source stepping completed
pmarg               =  7.58646e+01
tdc                 =  8.09812e+01
mode=0db  rload=100k  rsrc=2.571k  pos=1  C=47p
fcross = 1.245603e+06
pmarg = 7.586465e+01
tdc = 8.098116e+01
Doing analysis at TEMP = 27.000000 and TNOM = 27.000000

Using SPARSE 1.3 as Direct Linear Solver
 Reference value :  2.34423e+07
No. of Data Rows : 801
fcross              =  1.24546e+06
Note: Starting dynamic gmin stepping
Warning: Dynamic gmin stepping failed
Note: Starting true gmin stepping
Warning: True gmin stepping failed
Note: Starting source stepping
Note: Source stepping completed
pmarg               =  7.55861e+01
tdc                 =  8.09812e+01
mode=0db  rload=100k  rsrc=2.571k  pos=1  C=100p
fcross = 1.245464e+06
pmarg = 7.558609e+01
tdc = 8.098116e+01
Doing analysis at TEMP = 27.000000 and TNOM = 27.000000

Using SPARSE 1.3 as Direct Linear Solver

No. of Data Rows : 801
fcross              =  1.24415e+06
Note: Starting dynamic gmin stepping
Warning: Dynamic gmin stepping failed
Note: Starting true gmin stepping
Warning: True gmin stepping failed
Note: Starting source stepping
Note: Source stepping completed
pmarg               =  7.49708e+01
tdc                 =  8.09812e+01
mode=0db  rload=100k  rsrc=2.571k  pos=1  C=220p
fcross = 1.244150e+06
pmarg = 7.497082e+01
tdc = 8.098116e+01
Doing analysis at TEMP = 27.000000 and TNOM = 27.000000

Using SPARSE 1.3 as Direct Linear Solver

No. of Data Rows : 801
fcross              =  1.23728e+06
Note: Starting dynamic gmin stepping
Warning: Dynamic gmin stepping failed
Note: Starting true gmin stepping
Warning: True gmin stepping failed
Note: Starting source stepping
Note: Source stepping completed
pmarg               =  7.37941e+01
tdc                 =  8.09812e+01
mode=0db  rload=100k  rsrc=2.571k  pos=1  C=470p
fcross = 1.237281e+06
pmarg = 7.379413e+01
tdc = 8.098116e+01
Doing analysis at TEMP = 27.000000 and TNOM = 27.000000

Using SPARSE 1.3 as Direct Linear Solver

No. of Data Rows : 801
fcross              =  1.21007e+06
Note: Starting dynamic gmin stepping
Warning: Dynamic gmin stepping failed
Note: Starting true gmin stepping
Warning: True gmin stepping failed
Note: Starting source stepping
Note: Source stepping completed
pmarg               =  7.19559e+01
tdc                 =  8.09812e+01
mode=0db  rload=100k  rsrc=2.571k  pos=1  C=1n
fcross = 1.210067e+06
pmarg = 7.195585e+01
tdc = 8.098116e+01
Doing analysis at TEMP = 27.000000 and TNOM = 27.000000

Using SPARSE 1.3 as Direct Linear Solver

No. of Data Rows : 801
fcross              =  1.17885e+06
Note: Starting dynamic gmin stepping
Warning: Dynamic gmin stepping failed
Note: Starting true gmin stepping
Warning: True gmin stepping failed
Note: Starting source stepping
Note: Source stepping completed
pmarg               =  7.10331e+01
tdc                 =  8.09812e+01
mode=0db  rload=100k  rsrc=2.571k  pos=1  C=1.5n
fcross = 1.178851e+06
pmarg = 7.103314e+01
tdc = 8.098117e+01
Doing analysis at TEMP = 27.000000 and TNOM = 27.000000

Using SPARSE 1.3 as Direct Linear Solver

No. of Data Rows : 801
fcross              =  1.13895e+06
Note: Starting dynamic gmin stepping
Warning: Dynamic gmin stepping failed
Note: Starting true gmin stepping
Warning: True gmin stepping failed
Note: Starting source stepping
Note: Source stepping completed
pmarg               =  7.06318e+01
tdc                 =  8.09812e+01
mode=0db  rload=100k  rsrc=2.571k  pos=1  C=2.2n
fcross = 1.138952e+06
pmarg = 7.063181e+01
tdc = 8.098117e+01
Doing analysis at TEMP = 27.000000 and TNOM = 27.000000

Using SPARSE 1.3 as Direct Linear Solver

No. of Data Rows : 801
fcross              =  1.11558e+06
Note: Starting dynamic gmin stepping
Warning: Dynamic gmin stepping failed
Note: Starting true gmin stepping
Warning: True gmin stepping failed
Note: Starting source stepping
Note: Source stepping completed
pmarg               =  7.07018e+01
tdc                 =  8.09812e+01
mode=0db  rload=100k  rsrc=2.571k  pos=1  C=2.7n
fcross = 1.115584e+06
pmarg = 7.070179e+01
tdc = 8.098117e+01
Doing analysis at TEMP = 27.000000 and TNOM = 27.000000

Using SPARSE 1.3 as Direct Linear Solver

No. of Data Rows : 801
fcross              =  1.09302e+06
Note: Starting dynamic gmin stepping
Warning: Dynamic gmin stepping failed
Note: Starting true gmin stepping
Warning: True gmin stepping failed
Note: Starting source stepping
Note: Source stepping completed
pmarg               =  7.09750e+01
tdc                 =  8.09812e+01
mode=0db  rload=100k  rsrc=2.571k  pos=1  C=3.3n
fcross = 1.093015e+06
pmarg = 7.097496e+01
tdc = 8.098117e+01
Doing analysis at TEMP = 27.000000 and TNOM = 27.000000

Using SPARSE 1.3 as Direct Linear Solver

No. of Data Rows : 801
fcross              =  1.05772e+06
Note: Starting dynamic gmin stepping
Warning: Dynamic gmin stepping failed
Note: Starting true gmin stepping
Warning: True gmin stepping failed
Note: Starting source stepping
Note: Source stepping completed
pmarg               =  7.18677e+01
tdc                 =  8.09812e+01
mode=0db  rload=100k  rsrc=2.571k  pos=1  C=4.7n
fcross = 1.057724e+06
pmarg = 7.186767e+01
tdc = 8.098117e+01
Doing analysis at TEMP = 27.000000 and TNOM = 27.000000

Using SPARSE 1.3 as Direct Linear Solver

No. of Data Rows : 801
fcross              =  1.24550e+06
Note: Starting dynamic gmin stepping
Warning: Dynamic gmin stepping failed
Note: Starting true gmin stepping
Warning: True gmin stepping failed
Note: Starting source stepping
Note: Source stepping completed
pmarg               =  7.61140e+01
tdc                 =  8.09812e+01
mode=0db  rload=100k  rsrc=2.571k  pos=2  C=1f
fcross = 1.245499e+06
pmarg = 7.611405e+01
tdc = 8.098116e+01
Doing analysis at TEMP = 27.000000 and TNOM = 27.000000

Using SPARSE 1.3 as Direct Linear Solver

No. of Data Rows : 801
fcross              =  1.24570e+06
Note: Starting dynamic gmin stepping
Warning: Dynamic gmin stepping failed
Note: Starting true gmin stepping
Warning: True gmin stepping failed
Note: Starting source stepping
Note: Source stepping completed
pmarg               =  7.58635e+01
tdc                 =  8.09812e+01
mode=0db  rload=100k  rsrc=2.571k  pos=2  C=47p
fcross = 1.245699e+06
pmarg = 7.586346e+01
tdc = 8.098116e+01
Doing analysis at TEMP = 27.000000 and TNOM = 27.000000

Using SPARSE 1.3 as Direct Linear Solver

No. of Data Rows : 801
fcross              =  1.24590e+06
Note: Starting dynamic gmin stepping
Warning: Dynamic gmin stepping failed
Note: Starting true gmin stepping
Warning: True gmin stepping failed
Note: Starting source stepping
Note: Source stepping completed
pmarg               =  7.55810e+01
tdc                 =  8.09812e+01
mode=0db  rload=100k  rsrc=2.571k  pos=2  C=100p
fcross = 1.245897e+06
pmarg = 7.558096e+01
tdc = 8.098116e+01
Doing analysis at TEMP = 27.000000 and TNOM = 27.000000

Using SPARSE 1.3 as Direct Linear Solver

No. of Data Rows : 801
fcross              =  1.24623e+06
Note: Starting dynamic gmin stepping
Warning: Dynamic gmin stepping failed
Note: Starting true gmin stepping
Warning: True gmin stepping failed
Note: Starting source stepping
Note: Source stepping completed
pmarg               =  7.49418e+01
tdc                 =  8.09812e+01
mode=0db  rload=100k  rsrc=2.571k  pos=2  C=220p
fcross = 1.246232e+06
pmarg = 7.494184e+01
tdc = 8.098116e+01
Doing analysis at TEMP = 27.000000 and TNOM = 27.000000

Using SPARSE 1.3 as Direct Linear Solver

No. of Data Rows : 801
fcross              =  1.24643e+06
Note: Starting dynamic gmin stepping
Warning: Dynamic gmin stepping failed
Note: Starting true gmin stepping
Warning: True gmin stepping failed
Note: Starting source stepping
Note: Source stepping completed
pmarg               =  7.36141e+01
tdc                 =  8.09812e+01
mode=0db  rload=100k  rsrc=2.571k  pos=2  C=470p
fcross = 1.246428e+06
pmarg = 7.361415e+01
tdc = 8.098116e+01
Doing analysis at TEMP = 27.000000 and TNOM = 27.000000

Using SPARSE 1.3 as Direct Linear Solver

No. of Data Rows : 801
fcross              =  1.24460e+06
Note: Starting dynamic gmin stepping
Warning: Dynamic gmin stepping failed
Note: Starting true gmin stepping
Warning: True gmin stepping failed
Note: Starting source stepping
Note: Source stepping completed
pmarg               =  7.08306e+01
tdc                 =  8.09812e+01
mode=0db  rload=100k  rsrc=2.571k  pos=2  C=1n
fcross = 1.244598e+06
pmarg = 7.083058e+01
tdc = 8.098116e+01
Doing analysis at TEMP = 27.000000 and TNOM = 27.000000

Using SPARSE 1.3 as Direct Linear Solver

No. of Data Rows : 801
fcross              =  1.24014e+06
Note: Starting dynamic gmin stepping
Warning: Dynamic gmin stepping failed
Note: Starting true gmin stepping
Warning: True gmin stepping failed
Note: Starting source stepping
Note: Source stepping completed
pmarg               =  6.82672e+01
tdc                 =  8.09812e+01
mode=0db  rload=100k  rsrc=2.571k  pos=2  C=1.5n
fcross = 1.240140e+06
pmarg = 6.826722e+01
tdc = 8.098116e+01
Doing analysis at TEMP = 27.000000 and TNOM = 27.000000

Using SPARSE 1.3 as Direct Linear Solver

No. of Data Rows : 801
fcross              =  1.22978e+06
Note: Starting dynamic gmin stepping
Warning: Dynamic gmin stepping failed
Note: Starting true gmin stepping
Warning: True gmin stepping failed
Note: Starting source stepping
Note: Source stepping completed
pmarg               =  6.48261e+01
tdc                 =  8.09812e+01
mode=0db  rload=100k  rsrc=2.571k  pos=2  C=2.2n
fcross = 1.229783e+06
pmarg = 6.482615e+01
tdc = 8.098116e+01
Doing analysis at TEMP = 27.000000 and TNOM = 27.000000

Using SPARSE 1.3 as Direct Linear Solver

No. of Data Rows : 801
fcross              =  1.22000e+06
Note: Starting dynamic gmin stepping
Warning: Dynamic gmin stepping failed
Note: Starting true gmin stepping
Warning: True gmin stepping failed
Note: Starting source stepping
Note: Source stepping completed
pmarg               =  6.24937e+01
tdc                 =  8.09812e+01
mode=0db  rload=100k  rsrc=2.571k  pos=2  C=2.7n
fcross = 1.219999e+06
pmarg = 6.249367e+01
tdc = 8.098116e+01
Doing analysis at TEMP = 27.000000 and TNOM = 27.000000

Using SPARSE 1.3 as Direct Linear Solver

No. of Data Rows : 801
fcross              =  1.20591e+06
Note: Starting dynamic gmin stepping
Warning: Dynamic gmin stepping failed
Note: Starting true gmin stepping
Warning: True gmin stepping failed
Note: Starting source stepping
Note: Source stepping completed
pmarg               =  5.98549e+01
tdc                 =  8.09812e+01
mode=0db  rload=100k  rsrc=2.571k  pos=2  C=3.3n
fcross = 1.205906e+06
pmarg = 5.985486e+01
tdc = 8.098116e+01
Doing analysis at TEMP = 27.000000 and TNOM = 27.000000

Using SPARSE 1.3 as Direct Linear Solver
 Reference value :  1.00000e+00
No. of Data Rows : 801
fcross              =  1.16680e+06
pmarg               =  5.43902e+01
tdc                 =  8.09812e+01
mode=0db  rload=100k  rsrc=2.571k  pos=2  C=4.7n
fcross = 1.166805e+06
pmarg = 5.439017e+01
tdc = 8.098115e+01
Doing analysis at TEMP = 27.000000 and TNOM = 27.000000

Using SPARSE 1.3 as Direct Linear Solver

No. of Data Rows : 801
fcross              =  1.24547e+06
pmarg               =  7.60988e+01
tdc                 =  8.09812e+01
mode=0db  rload=100k  rsrc=2.611k  pos=1  C=1f
fcross = 1.245472e+06
pmarg = 7.609877e+01
tdc = 8.098121e+01
Doing analysis at TEMP = 27.000000 and TNOM = 27.000000

Using SPARSE 1.3 as Direct Linear Solver

No. of Data Rows : 801
fcross              =  1.24558e+06
pmarg               =  7.58494e+01
tdc                 =  8.09812e+01
mode=0db  rload=100k  rsrc=2.611k  pos=1  C=47p
fcross = 1.245577e+06
pmarg = 7.584937e+01
tdc = 8.098121e+01
Doing analysis at TEMP = 27.000000 and TNOM = 27.000000

Using SPARSE 1.3 as Direct Linear Solver

No. of Data Rows : 801
fcross              =  1.24544e+06
pmarg               =  7.55708e+01
tdc                 =  8.09812e+01
mode=0db  rload=100k  rsrc=2.611k  pos=1  C=100p
fcross = 1.245437e+06
pmarg = 7.557082e+01
tdc = 8.098121e+01
Doing analysis at TEMP = 27.000000 and TNOM = 27.000000

Using SPARSE 1.3 as Direct Linear Solver

No. of Data Rows : 801
fcross              =  1.24412e+06
pmarg               =  7.49556e+01
tdc                 =  8.09812e+01
mode=0db  rload=100k  rsrc=2.611k  pos=1  C=220p
fcross = 1.244124e+06
pmarg = 7.495558e+01
tdc = 8.098121e+01
Doing analysis at TEMP = 27.000000 and TNOM = 27.000000

Using SPARSE 1.3 as Direct Linear Solver

No. of Data Rows : 801
fcross              =  1.23726e+06
pmarg               =  7.37790e+01
tdc                 =  8.09812e+01
mode=0db  rload=100k  rsrc=2.611k  pos=1  C=470p
fcross = 1.237255e+06
pmarg = 7.377899e+01
tdc = 8.098121e+01
Doing analysis at TEMP = 27.000000 and TNOM = 27.000000

Using SPARSE 1.3 as Direct Linear Solver

No. of Data Rows : 801
fcross              =  1.21004e+06
pmarg               =  7.19410e+01
tdc                 =  8.09812e+01
mode=0db  rload=100k  rsrc=2.611k  pos=1  C=1n
fcross = 1.210044e+06
pmarg = 7.194104e+01
tdc = 8.098121e+01
Doing analysis at TEMP = 27.000000 and TNOM = 27.000000

Using SPARSE 1.3 as Direct Linear Solver

No. of Data Rows : 801
fcross              =  1.17883e+06
pmarg               =  7.10187e+01
tdc                 =  8.09812e+01
mode=0db  rload=100k  rsrc=2.611k  pos=1  C=1.5n
fcross = 1.178830e+06
pmarg = 7.101868e+01
tdc = 8.098121e+01
Doing analysis at TEMP = 27.000000 and TNOM = 27.000000

Using SPARSE 1.3 as Direct Linear Solver

No. of Data Rows : 801
fcross              =  1.13893e+06
pmarg               =  7.06178e+01
tdc                 =  8.09812e+01
mode=0db  rload=100k  rsrc=2.611k  pos=1  C=2.2n
fcross = 1.138934e+06
pmarg = 7.061780e+01
tdc = 8.098122e+01
Doing analysis at TEMP = 27.000000 and TNOM = 27.000000

Using SPARSE 1.3 as Direct Linear Solver

No. of Data Rows : 801
fcross              =  1.11557e+06
pmarg               =  7.06880e+01
tdc                 =  8.09812e+01
mode=0db  rload=100k  rsrc=2.611k  pos=1  C=2.7n
fcross = 1.115567e+06
pmarg = 7.068804e+01
tdc = 8.098122e+01
Doing analysis at TEMP = 27.000000 and TNOM = 27.000000

Using SPARSE 1.3 as Direct Linear Solver

No. of Data Rows : 801
fcross              =  1.09300e+06
pmarg               =  7.09615e+01
tdc                 =  8.09812e+01
mode=0db  rload=100k  rsrc=2.611k  pos=1  C=3.3n
fcross = 1.092999e+06
pmarg = 7.096146e+01
tdc = 8.098122e+01
Doing analysis at TEMP = 27.000000 and TNOM = 27.000000

Using SPARSE 1.3 as Direct Linear Solver

No. of Data Rows : 801
fcross              =  1.05771e+06
pmarg               =  7.18546e+01
tdc                 =  8.09812e+01
mode=0db  rload=100k  rsrc=2.611k  pos=1  C=4.7n
fcross = 1.057709e+06
pmarg = 7.185458e+01
tdc = 8.098122e+01
Doing analysis at TEMP = 27.000000 and TNOM = 27.000000

Using SPARSE 1.3 as Direct Linear Solver

No. of Data Rows : 801
fcross              =  1.24547e+06
pmarg               =  7.60988e+01
tdc                 =  8.09812e+01
mode=0db  rload=100k  rsrc=2.611k  pos=2  C=1f
fcross = 1.245472e+06
pmarg = 7.609877e+01
tdc = 8.098121e+01
Doing analysis at TEMP = 27.000000 and TNOM = 27.000000

Using SPARSE 1.3 as Direct Linear Solver

No. of Data Rows : 801
fcross              =  1.24567e+06
pmarg               =  7.58482e+01
tdc                 =  8.09812e+01
mode=0db  rload=100k  rsrc=2.611k  pos=2  C=47p
fcross = 1.245673e+06
pmarg = 7.584818e+01
tdc = 8.098121e+01
Doing analysis at TEMP = 27.000000 and TNOM = 27.000000

Using SPARSE 1.3 as Direct Linear Solver

No. of Data Rows : 801
fcross              =  1.24587e+06
pmarg               =  7.55657e+01
tdc                 =  8.09812e+01
mode=0db  rload=100k  rsrc=2.611k  pos=2  C=100p
fcross = 1.245871e+06
pmarg = 7.556568e+01
tdc = 8.098121e+01
Doing analysis at TEMP = 27.000000 and TNOM = 27.000000

Using SPARSE 1.3 as Direct Linear Solver

No. of Data Rows : 801
fcross              =  1.24621e+06
pmarg               =  7.49266e+01
tdc                 =  8.09812e+01
mode=0db  rload=100k  rsrc=2.611k  pos=2  C=220p
fcross = 1.246206e+06
pmarg = 7.492657e+01
tdc = 8.098121e+01
Doing analysis at TEMP = 27.000000 and TNOM = 27.000000

Using SPARSE 1.3 as Direct Linear Solver

No. of Data Rows : 801
fcross              =  1.24640e+06
pmarg               =  7.35989e+01
tdc                 =  8.09812e+01
mode=0db  rload=100k  rsrc=2.611k  pos=2  C=470p
fcross = 1.246402e+06
pmarg = 7.359890e+01
tdc = 8.098121e+01
Doing analysis at TEMP = 27.000000 and TNOM = 27.000000

Using SPARSE 1.3 as Direct Linear Solver

No. of Data Rows : 801
fcross              =  1.24457e+06
pmarg               =  7.08154e+01
tdc                 =  8.09812e+01
mode=0db  rload=100k  rsrc=2.611k  pos=2  C=1n
fcross = 1.244572e+06
pmarg = 7.081541e+01
tdc = 8.098121e+01
Doing analysis at TEMP = 27.000000 and TNOM = 27.000000

Using SPARSE 1.3 as Direct Linear Solver

No. of Data Rows : 801
fcross              =  1.24011e+06
pmarg               =  6.82522e+01
tdc                 =  8.09812e+01
mode=0db  rload=100k  rsrc=2.611k  pos=2  C=1.5n
fcross = 1.240115e+06
pmarg = 6.825216e+01
tdc = 8.098121e+01
Doing analysis at TEMP = 27.000000 and TNOM = 27.000000

Using SPARSE 1.3 as Direct Linear Solver

No. of Data Rows : 801
fcross              =  1.22976e+06
pmarg               =  6.48113e+01
tdc                 =  8.09812e+01
mode=0db  rload=100k  rsrc=2.611k  pos=2  C=2.2n
fcross = 1.229758e+06
pmarg = 6.481126e+01
tdc = 8.098121e+01
Doing analysis at TEMP = 27.000000 and TNOM = 27.000000

Using SPARSE 1.3 as Direct Linear Solver

No. of Data Rows : 801
fcross              =  1.21997e+06
pmarg               =  6.24789e+01
tdc                 =  8.09812e+01
mode=0db  rload=100k  rsrc=2.611k  pos=2  C=2.7n
fcross = 1.219975e+06
pmarg = 6.247894e+01
tdc = 8.098121e+01
Doing analysis at TEMP = 27.000000 and TNOM = 27.000000

Using SPARSE 1.3 as Direct Linear Solver

No. of Data Rows : 801
fcross              =  1.20588e+06
pmarg               =  5.98403e+01
tdc                 =  8.09812e+01
mode=0db  rload=100k  rsrc=2.611k  pos=2  C=3.3n
fcross = 1.205883e+06
pmarg = 5.984033e+01
tdc = 8.098120e+01
Doing analysis at TEMP = 27.000000 and TNOM = 27.000000

Using SPARSE 1.3 as Direct Linear Solver

No. of Data Rows : 801
fcross              =  1.16679e+06
pmarg               =  5.43761e+01
tdc                 =  8.09812e+01
mode=0db  rload=100k  rsrc=2.611k  pos=2  C=4.7n
fcross = 1.166785e+06
pmarg = 5.437613e+01
tdc = 8.098120e+01
Doing analysis at TEMP = 27.000000 and TNOM = 27.000000

Using SPARSE 1.3 as Direct Linear Solver

No. of Data Rows : 801
fcross              =  1.24495e+06
pmarg               =  7.71191e+01
tdc                 =  8.09335e+01
mode=0db  rload=10k  rsrc=1m  pos=1  C=1f
fcross = 1.244950e+06
pmarg = 7.711906e+01
tdc = 8.093346e+01
Doing analysis at TEMP = 27.000000 and TNOM = 27.000000

Using SPARSE 1.3 as Direct Linear Solver

No. of Data Rows : 801
fcross              =  1.24505e+06
pmarg               =  7.68722e+01
tdc                 =  8.09335e+01
mode=0db  rload=10k  rsrc=1m  pos=1  C=47p
fcross = 1.245054e+06
pmarg = 7.687221e+01
tdc = 8.093346e+01
Doing analysis at TEMP = 27.000000 and TNOM = 27.000000

Using SPARSE 1.3 as Direct Linear Solver

No. of Data Rows : 801
fcross              =  1.24492e+06
pmarg               =  7.65963e+01
tdc                 =  8.09335e+01
mode=0db  rload=10k  rsrc=1m  pos=1  C=100p
fcross = 1.244917e+06
pmarg = 7.659629e+01
tdc = 8.093346e+01
Doing analysis at TEMP = 27.000000 and TNOM = 27.000000

Using SPARSE 1.3 as Direct Linear Solver

No. of Data Rows : 801
fcross              =  1.24362e+06
pmarg               =  7.59859e+01
tdc                 =  8.09335e+01
mode=0db  rload=10k  rsrc=1m  pos=1  C=220p
fcross = 1.243623e+06
pmarg = 7.598594e+01
tdc = 8.093346e+01
Doing analysis at TEMP = 27.000000 and TNOM = 27.000000

Using SPARSE 1.3 as Direct Linear Solver

No. of Data Rows : 801
fcross              =  1.23685e+06
pmarg               =  7.48144e+01
tdc                 =  8.09335e+01
mode=0db  rload=10k  rsrc=1m  pos=1  C=470p
fcross = 1.236847e+06
pmarg = 7.481437e+01
tdc = 8.093347e+01
Doing analysis at TEMP = 27.000000 and TNOM = 27.000000

Using SPARSE 1.3 as Direct Linear Solver

No. of Data Rows : 801
fcross              =  1.20996e+06
pmarg               =  7.29660e+01
tdc                 =  8.09335e+01
mode=0db  rload=10k  rsrc=1m  pos=1  C=1n
fcross = 1.209957e+06
pmarg = 7.296604e+01
tdc = 8.093348e+01
Doing analysis at TEMP = 27.000000 and TNOM = 27.000000

Using SPARSE 1.3 as Direct Linear Solver

No. of Data Rows : 801
fcross              =  1.17902e+06
pmarg               =  7.20191e+01
tdc                 =  8.09335e+01
mode=0db  rload=10k  rsrc=1m  pos=1  C=1.5n
fcross = 1.179019e+06
pmarg = 7.201908e+01
tdc = 8.093349e+01
Doing analysis at TEMP = 27.000000 and TNOM = 27.000000

Using SPARSE 1.3 as Direct Linear Solver

No. of Data Rows : 801
fcross              =  1.13936e+06
pmarg               =  7.15801e+01
tdc                 =  8.09335e+01
mode=0db  rload=10k  rsrc=1m  pos=1  C=2.2n
fcross = 1.139356e+06
pmarg = 7.158010e+01
tdc = 8.093350e+01
Doing analysis at TEMP = 27.000000 and TNOM = 27.000000

Using SPARSE 1.3 as Direct Linear Solver

No. of Data Rows : 801
fcross              =  1.11607e+06
pmarg               =  7.16263e+01
tdc                 =  8.09335e+01
mode=0db  rload=10k  rsrc=1m  pos=1  C=2.7n
fcross = 1.116074e+06
pmarg = 7.162629e+01
tdc = 8.093351e+01
Doing analysis at TEMP = 27.000000 and TNOM = 27.000000

Using SPARSE 1.3 as Direct Linear Solver

No. of Data Rows : 801
fcross              =  1.09356e+06
pmarg               =  7.18758e+01
tdc                 =  8.09335e+01
mode=0db  rload=10k  rsrc=1m  pos=1  C=3.3n
fcross = 1.093556e+06
pmarg = 7.187581e+01
tdc = 8.093352e+01
Doing analysis at TEMP = 27.000000 and TNOM = 27.000000

Using SPARSE 1.3 as Direct Linear Solver

No. of Data Rows : 801
fcross              =  1.05829e+06
pmarg               =  7.27308e+01
tdc                 =  8.09335e+01
mode=0db  rload=10k  rsrc=1m  pos=1  C=4.7n
fcross = 1.058293e+06
pmarg = 7.273081e+01
tdc = 8.093355e+01
Doing analysis at TEMP = 27.000000 and TNOM = 27.000000

Using SPARSE 1.3 as Direct Linear Solver

No. of Data Rows : 801
fcross              =  1.24495e+06
pmarg               =  7.71191e+01
tdc                 =  8.09335e+01
mode=0db  rload=10k  rsrc=1m  pos=2  C=1f
fcross = 1.244950e+06
pmarg = 7.711906e+01
tdc = 8.093346e+01
Doing analysis at TEMP = 27.000000 and TNOM = 27.000000

Using SPARSE 1.3 as Direct Linear Solver

No. of Data Rows : 801
fcross              =  1.24515e+06
pmarg               =  7.68690e+01
tdc                 =  8.09335e+01
mode=0db  rload=10k  rsrc=1m  pos=2  C=47p
fcross = 1.245150e+06
pmarg = 7.686901e+01
tdc = 8.093346e+01
Doing analysis at TEMP = 27.000000 and TNOM = 27.000000

Using SPARSE 1.3 as Direct Linear Solver

No. of Data Rows : 801
fcross              =  1.24535e+06
pmarg               =  7.65871e+01
tdc                 =  8.09335e+01
mode=0db  rload=10k  rsrc=1m  pos=2  C=100p
fcross = 1.245347e+06
pmarg = 7.658710e+01
tdc = 8.093346e+01
Doing analysis at TEMP = 27.000000 and TNOM = 27.000000

Using SPARSE 1.3 as Direct Linear Solver

No. of Data Rows : 801
fcross              =  1.24568e+06
pmarg               =  7.59492e+01
tdc                 =  8.09335e+01
mode=0db  rload=10k  rsrc=1m  pos=2  C=220p
fcross = 1.245681e+06
pmarg = 7.594924e+01
tdc = 8.093346e+01
Doing analysis at TEMP = 27.000000 and TNOM = 27.000000

Using SPARSE 1.3 as Direct Linear Solver

No. of Data Rows : 801
fcross              =  1.24588e+06
pmarg               =  7.46237e+01
tdc                 =  8.09335e+01
mode=0db  rload=10k  rsrc=1m  pos=2  C=470p
fcross = 1.245876e+06
pmarg = 7.462374e+01
tdc = 8.093346e+01
Doing analysis at TEMP = 27.000000 and TNOM = 27.000000

Using SPARSE 1.3 as Direct Linear Solver

No. of Data Rows : 801
fcross              =  1.24405e+06
pmarg               =  7.18430e+01
tdc                 =  8.09335e+01
mode=0db  rload=10k  rsrc=1m  pos=2  C=1n
fcross = 1.244047e+06
pmarg = 7.184298e+01
tdc = 8.093345e+01
Doing analysis at TEMP = 27.000000 and TNOM = 27.000000

Using SPARSE 1.3 as Direct Linear Solver

No. of Data Rows : 801
fcross              =  1.23960e+06
pmarg               =  6.92799e+01
tdc                 =  8.09335e+01
mode=0db  rload=10k  rsrc=1m  pos=2  C=1.5n
fcross = 1.239595e+06
pmarg = 6.927992e+01
tdc = 8.093345e+01
Doing analysis at TEMP = 27.000000 and TNOM = 27.000000

Using SPARSE 1.3 as Direct Linear Solver

No. of Data Rows : 801
fcross              =  1.22926e+06
pmarg               =  6.58353e+01
tdc                 =  8.09335e+01
mode=0db  rload=10k  rsrc=1m  pos=2  C=2.2n
fcross = 1.229265e+06
pmarg = 6.583531e+01
tdc = 8.093345e+01
Doing analysis at TEMP = 27.000000 and TNOM = 27.000000

Using SPARSE 1.3 as Direct Linear Solver

No. of Data Rows : 801
fcross              =  1.21949e+06
pmarg               =  6.34982e+01
tdc                 =  8.09335e+01
mode=0db  rload=10k  rsrc=1m  pos=2  C=2.7n
fcross = 1.219495e+06
pmarg = 6.349818e+01
tdc = 8.093345e+01
Doing analysis at TEMP = 27.000000 and TNOM = 27.000000

Using SPARSE 1.3 as Direct Linear Solver

No. of Data Rows : 801
fcross              =  1.20542e+06
pmarg               =  6.08515e+01
tdc                 =  8.09334e+01
mode=0db  rload=10k  rsrc=1m  pos=2  C=3.3n
fcross = 1.205422e+06
pmarg = 6.085145e+01
tdc = 8.093345e+01
Doing analysis at TEMP = 27.000000 and TNOM = 27.000000

Using SPARSE 1.3 as Direct Linear Solver

No. of Data Rows : 801
fcross              =  1.16639e+06
Note: Starting dynamic gmin stepping
Warning: Dynamic gmin stepping failed
Note: Starting true gmin stepping
Warning: True gmin stepping failed
Note: Starting source stepping
Note: Source stepping completed
pmarg               =  5.53609e+01
tdc                 =  8.09334e+01
mode=0db  rload=10k  rsrc=1m  pos=2  C=4.7n
fcross = 1.166391e+06
pmarg = 5.536092e+01
tdc = 8.093345e+01
Doing analysis at TEMP = 27.000000 and TNOM = 27.000000

Using SPARSE 1.3 as Direct Linear Solver

No. of Data Rows : 801
fcross              =  1.24478e+06
Note: Starting dynamic gmin stepping
Warning: Dynamic gmin stepping failed
Note: Starting true gmin stepping
Warning: True gmin stepping failed
Note: Starting source stepping
Note: Source stepping completed
pmarg               =  7.67299e+01
tdc                 =  8.09335e+01
mode=0db  rload=10k  rsrc=1k  pos=1  C=1f
fcross = 1.244780e+06
pmarg = 7.672986e+01
tdc = 8.093346e+01
Doing analysis at TEMP = 27.000000 and TNOM = 27.000000

Using SPARSE 1.3 as Direct Linear Solver

No. of Data Rows : 801
fcross              =  1.24488e+06
Note: Starting dynamic gmin stepping
Warning: Dynamic gmin stepping failed
Note: Starting true gmin stepping
Warning: True gmin stepping failed
Note: Starting source stepping
Note: Source stepping completed
pmarg               =  7.64830e+01
tdc                 =  8.09335e+01
mode=0db  rload=10k  rsrc=1k  pos=1  C=47p
fcross = 1.244884e+06
pmarg = 7.648301e+01
tdc = 8.093346e+01
Doing analysis at TEMP = 27.000000 and TNOM = 27.000000

Using SPARSE 1.3 as Direct Linear Solver

No. of Data Rows : 801
fcross              =  1.24475e+06
Note: Starting dynamic gmin stepping
Warning: Dynamic gmin stepping failed
Note: Starting true gmin stepping
Warning: True gmin stepping failed
Note: Starting source stepping
Note: Source stepping completed
pmarg               =  7.62072e+01
tdc                 =  8.09335e+01
mode=0db  rload=10k  rsrc=1k  pos=1  C=100p
fcross = 1.244747e+06
pmarg = 7.620716e+01
tdc = 8.093346e+01
Doing analysis at TEMP = 27.000000 and TNOM = 27.000000

Using SPARSE 1.3 as Direct Linear Solver

No. of Data Rows : 801
fcross              =  1.24345e+06
Note: Starting dynamic gmin stepping
Warning: Dynamic gmin stepping failed
Note: Starting true gmin stepping
Warning: True gmin stepping failed
Note: Starting source stepping
Note: Source stepping completed
pmarg               =  7.55973e+01
tdc                 =  8.09335e+01
mode=0db  rload=10k  rsrc=1k  pos=1  C=220p
fcross = 1.243454e+06
pmarg = 7.559728e+01
tdc = 8.093346e+01
Doing analysis at TEMP = 27.000000 and TNOM = 27.000000

Using SPARSE 1.3 as Direct Linear Solver

No. of Data Rows : 801
fcross              =  1.23668e+06
Note: Starting dynamic gmin stepping
Warning: Dynamic gmin stepping failed
Note: Starting true gmin stepping
Warning: True gmin stepping failed
Note: Starting source stepping
Note: Source stepping completed
pmarg               =  7.44279e+01
tdc                 =  8.09335e+01
mode=0db  rload=10k  rsrc=1k  pos=1  C=470p
fcross = 1.236682e+06
pmarg = 7.442793e+01
tdc = 8.093347e+01
Doing analysis at TEMP = 27.000000 and TNOM = 27.000000

Using SPARSE 1.3 as Direct Linear Solver
 Reference value :  1.00000e+00
No. of Data Rows : 801
fcross              =  1.20981e+06
Note: Starting dynamic gmin stepping
Warning: Dynamic gmin stepping failed
Note: Starting true gmin stepping
Warning: True gmin stepping failed
Note: Starting source stepping
Note: Source stepping completed
pmarg               =  7.25880e+01
tdc                 =  8.09335e+01
mode=0db  rload=10k  rsrc=1k  pos=1  C=1n
fcross = 1.209809e+06
pmarg = 7.258797e+01
tdc = 8.093348e+01
Doing analysis at TEMP = 27.000000 and TNOM = 27.000000

Using SPARSE 1.3 as Direct Linear Solver

No. of Data Rows : 801
fcross              =  1.17889e+06
Note: Starting dynamic gmin stepping
Warning: Dynamic gmin stepping failed
Note: Starting true gmin stepping
Warning: True gmin stepping failed
Note: Starting source stepping
Note: Source stepping completed
pmarg               =  7.16505e+01
tdc                 =  8.09335e+01
mode=0db  rload=10k  rsrc=1k  pos=1  C=1.5n
fcross = 1.178885e+06
pmarg = 7.165050e+01
tdc = 8.093349e+01
Doing analysis at TEMP = 27.000000 and TNOM = 27.000000

Using SPARSE 1.3 as Direct Linear Solver

No. of Data Rows : 801
fcross              =  1.13924e+06
Note: Starting dynamic gmin stepping
Warning: Dynamic gmin stepping failed
Note: Starting true gmin stepping
Warning: True gmin stepping failed
Note: Starting source stepping
Note: Source stepping completed
pmarg               =  7.12236e+01
tdc                 =  8.09335e+01
mode=0db  rload=10k  rsrc=1k  pos=1  C=2.2n
fcross = 1.139239e+06
pmarg = 7.122362e+01
tdc = 8.093350e+01
Doing analysis at TEMP = 27.000000 and TNOM = 27.000000

Using SPARSE 1.3 as Direct Linear Solver

No. of Data Rows : 801
fcross              =  1.11597e+06
Note: Starting dynamic gmin stepping
Warning: Dynamic gmin stepping failed
Note: Starting true gmin stepping
Warning: True gmin stepping failed
Note: Starting source stepping
Note: Source stepping completed
pmarg               =  7.12769e+01
tdc                 =  8.09335e+01
mode=0db  rload=10k  rsrc=1k  pos=1  C=2.7n
fcross = 1.115965e+06
pmarg = 7.127693e+01
tdc = 8.093351e+01
Doing analysis at TEMP = 27.000000 and TNOM = 27.000000

Using SPARSE 1.3 as Direct Linear Solver

No. of Data Rows : 801
fcross              =  1.09345e+06
Note: Starting dynamic gmin stepping
Warning: Dynamic gmin stepping failed
Note: Starting true gmin stepping
Warning: True gmin stepping failed
Note: Starting source stepping
Note: Source stepping completed
pmarg               =  7.15333e+01
tdc                 =  8.09335e+01
mode=0db  rload=10k  rsrc=1k  pos=1  C=3.3n
fcross = 1.093454e+06
pmarg = 7.153335e+01
tdc = 8.093352e+01
Doing analysis at TEMP = 27.000000 and TNOM = 27.000000

Using SPARSE 1.3 as Direct Linear Solver

No. of Data Rows : 801
fcross              =  1.05820e+06
Note: Starting dynamic gmin stepping
Warning: Dynamic gmin stepping failed
Note: Starting true gmin stepping
Warning: True gmin stepping failed
Note: Starting source stepping
Note: Source stepping completed
pmarg               =  7.23992e+01
tdc                 =  8.09335e+01
mode=0db  rload=10k  rsrc=1k  pos=1  C=4.7n
fcross = 1.058197e+06
pmarg = 7.239922e+01
tdc = 8.093355e+01
Doing analysis at TEMP = 27.000000 and TNOM = 27.000000

Using SPARSE 1.3 as Direct Linear Solver

No. of Data Rows : 801
fcross              =  1.24478e+06
Note: Starting dynamic gmin stepping
Warning: Dynamic gmin stepping failed
Note: Starting true gmin stepping
Warning: True gmin stepping failed
Note: Starting source stepping
Note: Source stepping completed
pmarg               =  7.67299e+01
tdc                 =  8.09335e+01
mode=0db  rload=10k  rsrc=1k  pos=2  C=1f
fcross = 1.244780e+06
pmarg = 7.672986e+01
tdc = 8.093346e+01
Doing analysis at TEMP = 27.000000 and TNOM = 27.000000

Using SPARSE 1.3 as Direct Linear Solver

No. of Data Rows : 801
fcross              =  1.24498e+06
Note: Starting dynamic gmin stepping
Warning: Dynamic gmin stepping failed
Note: Starting true gmin stepping
Warning: True gmin stepping failed
Note: Starting source stepping
Note: Source stepping completed
pmarg               =  7.64798e+01
tdc                 =  8.09335e+01
mode=0db  rload=10k  rsrc=1k  pos=2  C=47p
fcross = 1.244980e+06
pmarg = 7.647978e+01
tdc = 8.093346e+01
Doing analysis at TEMP = 27.000000 and TNOM = 27.000000

Using SPARSE 1.3 as Direct Linear Solver

No. of Data Rows : 801
fcross              =  1.24518e+06
Note: Starting dynamic gmin stepping
Warning: Dynamic gmin stepping failed
Note: Starting true gmin stepping
Warning: True gmin stepping failed
Note: Starting source stepping
Note: Source stepping completed
pmarg               =  7.61978e+01
tdc                 =  8.09335e+01
mode=0db  rload=10k  rsrc=1k  pos=2  C=100p
fcross = 1.245178e+06
pmarg = 7.619784e+01
tdc = 8.093346e+01
Doing analysis at TEMP = 27.000000 and TNOM = 27.000000

Using SPARSE 1.3 as Direct Linear Solver

No. of Data Rows : 801
fcross              =  1.24551e+06
Note: Starting dynamic gmin stepping
Warning: Dynamic gmin stepping failed
Note: Starting true gmin stepping
Warning: True gmin stepping failed
Note: Starting source stepping
Note: Source stepping completed
pmarg               =  7.55599e+01
tdc                 =  8.09335e+01
mode=0db  rload=10k  rsrc=1k  pos=2  C=220p
fcross = 1.245512e+06
pmarg = 7.555995e+01
tdc = 8.093346e+01
Doing analysis at TEMP = 27.000000 and TNOM = 27.000000

Using SPARSE 1.3 as Direct Linear Solver

No. of Data Rows : 801
fcross              =  1.24571e+06
Note: Starting dynamic gmin stepping
Warning: Dynamic gmin stepping failed
Note: Starting true gmin stepping
Warning: True gmin stepping failed
Note: Starting source stepping
Note: Source stepping completed
pmarg               =  7.42346e+01
tdc                 =  8.09335e+01
mode=0db  rload=10k  rsrc=1k  pos=2  C=470p
fcross = 1.245707e+06
pmarg = 7.423455e+01
tdc = 8.093346e+01
Doing analysis at TEMP = 27.000000 and TNOM = 27.000000

Using SPARSE 1.3 as Direct Linear Solver

No. of Data Rows : 801
fcross              =  1.24388e+06
Note: Starting dynamic gmin stepping
Warning: Dynamic gmin stepping failed
Note: Starting true gmin stepping
Warning: True gmin stepping failed
Note: Starting source stepping
Note: Source stepping completed
pmarg               =  7.14547e+01
tdc                 =  8.09335e+01
mode=0db  rload=10k  rsrc=1k  pos=2  C=1n
fcross = 1.243879e+06
pmarg = 7.145469e+01
tdc = 8.093346e+01
Doing analysis at TEMP = 27.000000 and TNOM = 27.000000

Using SPARSE 1.3 as Direct Linear Solver

No. of Data Rows : 801
fcross              =  1.23943e+06
Note: Starting dynamic gmin stepping
Warning: Dynamic gmin stepping failed
Note: Starting true gmin stepping
Warning: True gmin stepping failed
Note: Starting source stepping
Note: Source stepping completed
pmarg               =  6.88933e+01
tdc                 =  8.09335e+01
mode=0db  rload=10k  rsrc=1k  pos=2  C=1.5n
fcross = 1.239430e+06
pmarg = 6.889330e+01
tdc = 8.093345e+01
Doing analysis at TEMP = 27.000000 and TNOM = 27.000000

Using SPARSE 1.3 as Direct Linear Solver

No. of Data Rows : 801
fcross              =  1.22911e+06
Note: Starting dynamic gmin stepping
Warning: Dynamic gmin stepping failed
Note: Starting true gmin stepping
Warning: True gmin stepping failed
Note: Starting source stepping
Note: Source stepping completed
pmarg               =  6.54522e+01
tdc                 =  8.09335e+01
mode=0db  rload=10k  rsrc=1k  pos=2  C=2.2n
fcross = 1.229110e+06
pmarg = 6.545217e+01
tdc = 8.093345e+01
Doing analysis at TEMP = 27.000000 and TNOM = 27.000000

Using SPARSE 1.3 as Direct Linear Solver

No. of Data Rows : 801
fcross              =  1.21934e+06
Note: Starting dynamic gmin stepping
Warning: Dynamic gmin stepping failed
Note: Starting true gmin stepping
Warning: True gmin stepping failed
Note: Starting source stepping
Note: Source stepping completed
pmarg               =  6.31183e+01
tdc                 =  8.09335e+01
mode=0db  rload=10k  rsrc=1k  pos=2  C=2.7n
fcross = 1.219345e+06
pmarg = 6.311828e+01
tdc = 8.093345e+01
Doing analysis at TEMP = 27.000000 and TNOM = 27.000000

Using SPARSE 1.3 as Direct Linear Solver

No. of Data Rows : 801
fcross              =  1.20528e+06
Note: Starting dynamic gmin stepping
Warning: Dynamic gmin stepping failed
Note: Starting true gmin stepping
Warning: True gmin stepping failed
Note: Starting source stepping
Note: Source stepping completed
pmarg               =  6.04761e+01
tdc                 =  8.09334e+01
mode=0db  rload=10k  rsrc=1k  pos=2  C=3.3n
fcross = 1.205279e+06
pmarg = 6.047610e+01
tdc = 8.093345e+01
Doing analysis at TEMP = 27.000000 and TNOM = 27.000000

Using SPARSE 1.3 as Direct Linear Solver

No. of Data Rows : 801
fcross              =  1.16627e+06
Note: Starting dynamic gmin stepping
Warning: Dynamic gmin stepping failed
Note: Starting true gmin stepping
Warning: True gmin stepping failed
Note: Starting source stepping
Note: Source stepping completed
pmarg               =  5.49978e+01
tdc                 =  8.09334e+01
mode=0db  rload=10k  rsrc=1k  pos=2  C=4.7n
fcross = 1.166271e+06
pmarg = 5.499779e+01
tdc = 8.093345e+01
Doing analysis at TEMP = 27.000000 and TNOM = 27.000000

Using SPARSE 1.3 as Direct Linear Solver

No. of Data Rows : 801
fcross              =  1.24419e+06
Note: Starting dynamic gmin stepping
Warning: Dynamic gmin stepping failed
Note: Starting true gmin stepping
Warning: True gmin stepping failed
Note: Starting source stepping
Note: Source stepping completed
pmarg               =  7.61516e+01
tdc                 =  8.09335e+01
mode=0db  rload=10k  rsrc=2.5k  pos=1  C=1f
fcross = 1.244186e+06
pmarg = 7.615160e+01
tdc = 8.093346e+01
Doing analysis at TEMP = 27.000000 and TNOM = 27.000000

Using SPARSE 1.3 as Direct Linear Solver
 Reference value :  1.00000e+00
No. of Data Rows : 801
fcross              =  1.24429e+06
Note: Starting dynamic gmin stepping
Warning: Dynamic gmin stepping failed
Note: Starting true gmin stepping
Warning: True gmin stepping failed
Note: Starting source stepping
Note: Source stepping completed
pmarg               =  7.59048e+01
tdc                 =  8.09335e+01
mode=0db  rload=10k  rsrc=2.5k  pos=1  C=47p
fcross = 1.244290e+06
pmarg = 7.590482e+01
tdc = 8.093346e+01
Doing analysis at TEMP = 27.000000 and TNOM = 27.000000

Using SPARSE 1.3 as Direct Linear Solver

No. of Data Rows : 801
fcross              =  1.24415e+06
Note: Starting dynamic gmin stepping
Warning: Dynamic gmin stepping failed
Note: Starting true gmin stepping
Warning: True gmin stepping failed
Note: Starting source stepping
Note: Source stepping completed
pmarg               =  7.56292e+01
tdc                 =  8.09335e+01
mode=0db  rload=10k  rsrc=2.5k  pos=1  C=100p
fcross = 1.244153e+06
pmarg = 7.562916e+01
tdc = 8.093346e+01
Doing analysis at TEMP = 27.000000 and TNOM = 27.000000

Using SPARSE 1.3 as Direct Linear Solver

No. of Data Rows : 801
fcross              =  1.24286e+06
Note: Starting dynamic gmin stepping
Warning: Dynamic gmin stepping failed
Note: Starting true gmin stepping
Warning: True gmin stepping failed
Note: Starting source stepping
Note: Source stepping completed
pmarg               =  7.50201e+01
tdc                 =  8.09335e+01
mode=0db  rload=10k  rsrc=2.5k  pos=1  C=220p
fcross = 1.242862e+06
pmarg = 7.502014e+01
tdc = 8.093346e+01
Doing analysis at TEMP = 27.000000 and TNOM = 27.000000

Using SPARSE 1.3 as Direct Linear Solver

No. of Data Rows : 801
fcross              =  1.23610e+06
Note: Starting dynamic gmin stepping
Warning: Dynamic gmin stepping failed
Note: Starting true gmin stepping
Warning: True gmin stepping failed
Note: Starting source stepping
Note: Source stepping completed
pmarg               =  7.38543e+01
tdc                 =  8.09335e+01
mode=0db  rload=10k  rsrc=2.5k  pos=1  C=470p
fcross = 1.236103e+06
pmarg = 7.385432e+01
tdc = 8.093347e+01
Doing analysis at TEMP = 27.000000 and TNOM = 27.000000

Using SPARSE 1.3 as Direct Linear Solver

No. of Data Rows : 801
fcross              =  1.20929e+06
Note: Starting dynamic gmin stepping
Warning: Dynamic gmin stepping failed
Note: Starting true gmin stepping
Warning: True gmin stepping failed
Note: Starting source stepping
Note: Source stepping completed
pmarg               =  7.20267e+01
tdc                 =  8.09335e+01
mode=0db  rload=10k  rsrc=2.5k  pos=1  C=1n
fcross = 1.209287e+06
pmarg = 7.202673e+01
tdc = 8.093348e+01
Doing analysis at TEMP = 27.000000 and TNOM = 27.000000

Using SPARSE 1.3 as Direct Linear Solver

No. of Data Rows : 801
fcross              =  1.17842e+06
Note: Starting dynamic gmin stepping
Warning: Dynamic gmin stepping failed
Note: Starting true gmin stepping
Warning: True gmin stepping failed
Note: Starting source stepping
Note: Source stepping completed
pmarg               =  7.11029e+01
tdc                 =  8.09335e+01
mode=0db  rload=10k  rsrc=2.5k  pos=1  C=1.5n
fcross = 1.178416e+06
pmarg = 7.110293e+01
tdc = 8.093349e+01
Doing analysis at TEMP = 27.000000 and TNOM = 27.000000

Using SPARSE 1.3 as Direct Linear Solver

No. of Data Rows : 801
fcross              =  1.13883e+06
Note: Starting dynamic gmin stepping
Warning: Dynamic gmin stepping failed
Note: Starting true gmin stepping
Warning: True gmin stepping failed
Note: Starting source stepping
Note: Source stepping completed
pmarg               =  7.06934e+01
tdc                 =  8.09335e+01
mode=0db  rload=10k  rsrc=2.5k  pos=1  C=2.2n
fcross = 1.138831e+06
pmarg = 7.069339e+01
tdc = 8.093350e+01
Doing analysis at TEMP = 27.000000 and TNOM = 27.000000

Using SPARSE 1.3 as Direct Linear Solver

No. of Data Rows : 801
fcross              =  1.11558e+06
Note: Starting dynamic gmin stepping
Warning: Dynamic gmin stepping failed
Note: Starting true gmin stepping
Warning: True gmin stepping failed
Note: Starting source stepping
Note: Source stepping completed
pmarg               =  7.07569e+01
tdc                 =  8.09335e+01
mode=0db  rload=10k  rsrc=2.5k  pos=1  C=2.7n
fcross = 1.115584e+06
pmarg = 7.075692e+01
tdc = 8.093351e+01
Doing analysis at TEMP = 27.000000 and TNOM = 27.000000

Using SPARSE 1.3 as Direct Linear Solver

No. of Data Rows : 801
fcross              =  1.09310e+06
Note: Starting dynamic gmin stepping
Warning: Dynamic gmin stepping failed
Note: Starting true gmin stepping
Warning: True gmin stepping failed
Note: Starting source stepping
Note: Source stepping completed
pmarg               =  7.10233e+01
tdc                 =  8.09335e+01
mode=0db  rload=10k  rsrc=2.5k  pos=1  C=3.3n
fcross = 1.093096e+06
pmarg = 7.102329e+01
tdc = 8.093352e+01
Doing analysis at TEMP = 27.000000 and TNOM = 27.000000

Using SPARSE 1.3 as Direct Linear Solver

No. of Data Rows : 801
fcross              =  1.05786e+06
Note: Starting dynamic gmin stepping
Warning: Dynamic gmin stepping failed
Note: Starting true gmin stepping
Warning: True gmin stepping failed
Note: Starting source stepping
Note: Source stepping completed
pmarg               =  7.19050e+01
tdc                 =  8.09335e+01
mode=0db  rload=10k  rsrc=2.5k  pos=1  C=4.7n
fcross = 1.057864e+06
pmarg = 7.190496e+01
tdc = 8.093355e+01
Doing analysis at TEMP = 27.000000 and TNOM = 27.000000

Using SPARSE 1.3 as Direct Linear Solver

No. of Data Rows : 801
fcross              =  1.24419e+06
Note: Starting dynamic gmin stepping
Warning: Dynamic gmin stepping failed
Note: Starting true gmin stepping
Warning: True gmin stepping failed
Note: Starting source stepping
Note: Source stepping completed
pmarg               =  7.61516e+01
tdc                 =  8.09335e+01
mode=0db  rload=10k  rsrc=2.5k  pos=2  C=1f
fcross = 1.244186e+06
pmarg = 7.615160e+01
tdc = 8.093346e+01
Doing analysis at TEMP = 27.000000 and TNOM = 27.000000

Using SPARSE 1.3 as Direct Linear Solver

No. of Data Rows : 801
fcross              =  1.24439e+06
Note: Starting dynamic gmin stepping
Warning: Dynamic gmin stepping failed
Note: Starting true gmin stepping
Warning: True gmin stepping failed
Note: Starting source stepping
Note: Source stepping completed
pmarg               =  7.59015e+01
tdc                 =  8.09335e+01
mode=0db  rload=10k  rsrc=2.5k  pos=2  C=47p
fcross = 1.244386e+06
pmarg = 7.590155e+01
tdc = 8.093346e+01
Doing analysis at TEMP = 27.000000 and TNOM = 27.000000

Using SPARSE 1.3 as Direct Linear Solver

No. of Data Rows : 801
fcross              =  1.24458e+06
Note: Starting dynamic gmin stepping
Warning: Dynamic gmin stepping failed
Note: Starting true gmin stepping
Warning: True gmin stepping failed
Note: Starting source stepping
Note: Source stepping completed
pmarg               =  7.56196e+01
tdc                 =  8.09335e+01
mode=0db  rload=10k  rsrc=2.5k  pos=2  C=100p
fcross = 1.244582e+06
pmarg = 7.561965e+01
tdc = 8.093346e+01
Doing analysis at TEMP = 27.000000 and TNOM = 27.000000

Using SPARSE 1.3 as Direct Linear Solver

No. of Data Rows : 801
fcross              =  1.24492e+06
Note: Starting dynamic gmin stepping
Warning: Dynamic gmin stepping failed
Note: Starting true gmin stepping
Warning: True gmin stepping failed
Note: Starting source stepping
Note: Source stepping completed
pmarg               =  7.49819e+01
tdc                 =  8.09335e+01
mode=0db  rload=10k  rsrc=2.5k  pos=2  C=220p
fcross = 1.244916e+06
pmarg = 7.498190e+01
tdc = 8.093346e+01
Doing analysis at TEMP = 27.000000 and TNOM = 27.000000

Using SPARSE 1.3 as Direct Linear Solver

No. of Data Rows : 801
fcross              =  1.24511e+06
Note: Starting dynamic gmin stepping
Warning: Dynamic gmin stepping failed
Note: Starting true gmin stepping
Warning: True gmin stepping failed
Note: Starting source stepping
Note: Source stepping completed
pmarg               =  7.36570e+01
tdc                 =  8.09335e+01
mode=0db  rload=10k  rsrc=2.5k  pos=2  C=470p
fcross = 1.245111e+06
pmarg = 7.365701e+01
tdc = 8.093346e+01
Doing analysis at TEMP = 27.000000 and TNOM = 27.000000

Using SPARSE 1.3 as Direct Linear Solver

No. of Data Rows : 801
fcross              =  1.24329e+06
Note: Starting dynamic gmin stepping
Warning: Dynamic gmin stepping failed
Note: Starting true gmin stepping
Warning: True gmin stepping failed
Note: Starting source stepping
Note: Source stepping completed
pmarg               =  7.08792e+01
tdc                 =  8.09335e+01
mode=0db  rload=10k  rsrc=2.5k  pos=2  C=1n
fcross = 1.243288e+06
pmarg = 7.087923e+01
tdc = 8.093346e+01
Doing analysis at TEMP = 27.000000 and TNOM = 27.000000

Using SPARSE 1.3 as Direct Linear Solver

No. of Data Rows : 801
fcross              =  1.23885e+06
Note: Starting dynamic gmin stepping
Warning: Dynamic gmin stepping failed
Note: Starting true gmin stepping
Warning: True gmin stepping failed
Note: Starting source stepping
Note: Source stepping completed
pmarg               =  6.83210e+01
tdc                 =  8.09335e+01
mode=0db  rload=10k  rsrc=2.5k  pos=2  C=1.5n
fcross = 1.238848e+06
pmarg = 6.832096e+01
tdc = 8.093345e+01
Doing analysis at TEMP = 27.000000 and TNOM = 27.000000

Using SPARSE 1.3 as Direct Linear Solver

No. of Data Rows : 801
fcross              =  1.22856e+06
Note: Starting dynamic gmin stepping
Warning: Dynamic gmin stepping failed
Note: Starting true gmin stepping
Warning: True gmin stepping failed
Note: Starting source stepping
Note: Source stepping completed
pmarg               =  6.48856e+01
tdc                 =  8.09335e+01
mode=0db  rload=10k  rsrc=2.5k  pos=2  C=2.2n
fcross = 1.228560e+06
pmarg = 6.488561e+01
tdc = 8.093345e+01
Doing analysis at TEMP = 27.000000 and TNOM = 27.000000

Using SPARSE 1.3 as Direct Linear Solver

No. of Data Rows : 801
fcross              =  1.21881e+06
Note: Starting dynamic gmin stepping
Warning: Dynamic gmin stepping failed
Note: Starting true gmin stepping
Warning: True gmin stepping failed
Note: Starting source stepping
Note: Source stepping completed
pmarg               =  6.25570e+01
tdc                 =  8.09335e+01
mode=0db  rload=10k  rsrc=2.5k  pos=2  C=2.7n
fcross = 1.218813e+06
pmarg = 6.255695e+01
tdc = 8.093345e+01
Doing analysis at TEMP = 27.000000 and TNOM = 27.000000

Using SPARSE 1.3 as Direct Linear Solver

No. of Data Rows : 801
fcross              =  1.20477e+06
Note: Starting dynamic gmin stepping
Warning: Dynamic gmin stepping failed
Note: Starting true gmin stepping
Warning: True gmin stepping failed
Note: Starting source stepping
Note: Source stepping completed
pmarg               =  5.99219e+01
tdc                 =  8.09334e+01
mode=0db  rload=10k  rsrc=2.5k  pos=2  C=3.3n
fcross = 1.204771e+06
pmarg = 5.992193e+01
tdc = 8.093345e+01
Doing analysis at TEMP = 27.000000 and TNOM = 27.000000

Using SPARSE 1.3 as Direct Linear Solver
 Reference value :  1.00000e+00
No. of Data Rows : 801
fcross              =  1.16584e+06
Note: Starting dynamic gmin stepping
Warning: Dynamic gmin stepping failed
Note: Starting true gmin stepping
Warning: True gmin stepping failed
Note: Starting source stepping
Note: Source stepping completed
pmarg               =  5.44619e+01
tdc                 =  8.09334e+01
mode=0db  rload=10k  rsrc=2.5k  pos=2  C=4.7n
fcross = 1.165843e+06
pmarg = 5.446190e+01
tdc = 8.093345e+01
Doing analysis at TEMP = 27.000000 and TNOM = 27.000000

Using SPARSE 1.3 as Direct Linear Solver

No. of Data Rows : 801
fcross              =  1.24415e+06
Note: Starting dynamic gmin stepping
Warning: Dynamic gmin stepping failed
Note: Starting true gmin stepping
Warning: True gmin stepping failed
Note: Starting source stepping
Note: Source stepping completed
pmarg               =  7.61244e+01
tdc                 =  8.09334e+01
mode=0db  rload=10k  rsrc=2.571k  pos=1  C=1f
fcross = 1.244152e+06
pmarg = 7.612438e+01
tdc = 8.093341e+01
Doing analysis at TEMP = 27.000000 and TNOM = 27.000000

Using SPARSE 1.3 as Direct Linear Solver

No. of Data Rows : 801
fcross              =  1.24426e+06
Note: Starting dynamic gmin stepping
Warning: Dynamic gmin stepping failed
Note: Starting true gmin stepping
Warning: True gmin stepping failed
Note: Starting source stepping
Note: Source stepping completed
pmarg               =  7.58776e+01
tdc                 =  8.09334e+01
mode=0db  rload=10k  rsrc=2.571k  pos=1  C=47p
fcross = 1.244256e+06
pmarg = 7.587760e+01
tdc = 8.093341e+01
Doing analysis at TEMP = 27.000000 and TNOM = 27.000000

Using SPARSE 1.3 as Direct Linear Solver

No. of Data Rows : 801
fcross              =  1.24412e+06
Note: Starting dynamic gmin stepping
Warning: Dynamic gmin stepping failed
Note: Starting true gmin stepping
Warning: True gmin stepping failed
Note: Starting source stepping
Note: Source stepping completed
pmarg               =  7.56019e+01
tdc                 =  8.09334e+01
mode=0db  rload=10k  rsrc=2.571k  pos=1  C=100p
fcross = 1.244119e+06
pmarg = 7.560195e+01
tdc = 8.093341e+01
Doing analysis at TEMP = 27.000000 and TNOM = 27.000000

Using SPARSE 1.3 as Direct Linear Solver

No. of Data Rows : 801
fcross              =  1.24283e+06
Note: Starting dynamic gmin stepping
Warning: Dynamic gmin stepping failed
Note: Starting true gmin stepping
Warning: True gmin stepping failed
Note: Starting source stepping
Note: Source stepping completed
pmarg               =  7.49930e+01
tdc                 =  8.09334e+01
mode=0db  rload=10k  rsrc=2.571k  pos=1  C=220p
fcross = 1.242829e+06
pmarg = 7.499297e+01
tdc = 8.093341e+01
Doing analysis at TEMP = 27.000000 and TNOM = 27.000000

Using SPARSE 1.3 as Direct Linear Solver

No. of Data Rows : 801
fcross              =  1.23607e+06
Note: Starting dynamic gmin stepping
Warning: Dynamic gmin stepping failed
Note: Starting true gmin stepping
Warning: True gmin stepping failed
Note: Starting source stepping
Note: Source stepping completed
pmarg               =  7.38273e+01
tdc                 =  8.09334e+01
mode=0db  rload=10k  rsrc=2.571k  pos=1  C=470p
fcross = 1.236071e+06
pmarg = 7.382732e+01
tdc = 8.093342e+01
Doing analysis at TEMP = 27.000000 and TNOM = 27.000000

Using SPARSE 1.3 as Direct Linear Solver

No. of Data Rows : 801
fcross              =  1.20926e+06
Note: Starting dynamic gmin stepping
Warning: Dynamic gmin stepping failed
Note: Starting true gmin stepping
Warning: True gmin stepping failed
Note: Starting source stepping
Note: Source stepping completed
pmarg               =  7.20003e+01
tdc                 =  8.09334e+01
mode=0db  rload=10k  rsrc=2.571k  pos=1  C=1n
fcross = 1.209258e+06
pmarg = 7.200030e+01
tdc = 8.093343e+01
Doing analysis at TEMP = 27.000000 and TNOM = 27.000000

Using SPARSE 1.3 as Direct Linear Solver

No. of Data Rows : 801
fcross              =  1.17839e+06
Note: Starting dynamic gmin stepping
Warning: Dynamic gmin stepping failed
Note: Starting true gmin stepping
Warning: True gmin stepping failed
Note: Starting source stepping
Note: Source stepping completed
pmarg               =  7.10771e+01
tdc                 =  8.09334e+01
mode=0db  rload=10k  rsrc=2.571k  pos=1  C=1.5n
fcross = 1.178390e+06
pmarg = 7.107714e+01
tdc = 8.093344e+01
Doing analysis at TEMP = 27.000000 and TNOM = 27.000000

Using SPARSE 1.3 as Direct Linear Solver

No. of Data Rows : 801
fcross              =  1.13881e+06
Note: Starting dynamic gmin stepping
Warning: Dynamic gmin stepping failed
Note: Starting true gmin stepping
Warning: True gmin stepping failed
Note: Starting source stepping
Note: Source stepping completed
pmarg               =  7.06684e+01
tdc                 =  8.09334e+01
mode=0db  rload=10k  rsrc=2.571k  pos=1  C=2.2n
fcross = 1.138808e+06
pmarg = 7.066840e+01
tdc = 8.093345e+01
Doing analysis at TEMP = 27.000000 and TNOM = 27.000000

Using SPARSE 1.3 as Direct Linear Solver

No. of Data Rows : 801
fcross              =  1.11556e+06
Note: Starting dynamic gmin stepping
Warning: Dynamic gmin stepping failed
Note: Starting true gmin stepping
Warning: True gmin stepping failed
Note: Starting source stepping
Note: Source stepping completed
pmarg               =  7.07324e+01
tdc                 =  8.09335e+01
mode=0db  rload=10k  rsrc=2.571k  pos=1  C=2.7n
fcross = 1.115563e+06
pmarg = 7.073241e+01
tdc = 8.093346e+01
Doing analysis at TEMP = 27.000000 and TNOM = 27.000000

Using SPARSE 1.3 as Direct Linear Solver

No. of Data Rows : 801
fcross              =  1.09308e+06
Note: Starting dynamic gmin stepping
Warning: Dynamic gmin stepping failed
Note: Starting true gmin stepping
Warning: True gmin stepping failed
Note: Starting source stepping
Note: Source stepping completed
pmarg               =  7.09992e+01
tdc                 =  8.09335e+01
mode=0db  rload=10k  rsrc=2.571k  pos=1  C=3.3n
fcross = 1.093076e+06
pmarg = 7.099924e+01
tdc = 8.093347e+01
Doing analysis at TEMP = 27.000000 and TNOM = 27.000000

Using SPARSE 1.3 as Direct Linear Solver

No. of Data Rows : 801
fcross              =  1.05785e+06
Note: Starting dynamic gmin stepping
Warning: Dynamic gmin stepping failed
Note: Starting true gmin stepping
Warning: True gmin stepping failed
Note: Starting source stepping
Note: Source stepping completed
pmarg               =  7.18816e+01
tdc                 =  8.09335e+01
mode=0db  rload=10k  rsrc=2.571k  pos=1  C=4.7n
fcross = 1.057846e+06
pmarg = 7.188164e+01
tdc = 8.093350e+01
Doing analysis at TEMP = 27.000000 and TNOM = 27.000000

Using SPARSE 1.3 as Direct Linear Solver

No. of Data Rows : 801
fcross              =  1.24415e+06
Note: Starting dynamic gmin stepping
Warning: Dynamic gmin stepping failed
Note: Starting true gmin stepping
Warning: True gmin stepping failed
Note: Starting source stepping
Note: Source stepping completed
pmarg               =  7.61244e+01
tdc                 =  8.09334e+01
mode=0db  rload=10k  rsrc=2.571k  pos=2  C=1f
fcross = 1.244152e+06
pmarg = 7.612438e+01
tdc = 8.093341e+01
Doing analysis at TEMP = 27.000000 and TNOM = 27.000000

Using SPARSE 1.3 as Direct Linear Solver

No. of Data Rows : 801
fcross              =  1.24435e+06
Note: Starting dynamic gmin stepping
Warning: Dynamic gmin stepping failed
Note: Starting true gmin stepping
Warning: True gmin stepping failed
Note: Starting source stepping
Note: Source stepping completed
pmarg               =  7.58743e+01
tdc                 =  8.09334e+01
mode=0db  rload=10k  rsrc=2.571k  pos=2  C=47p
fcross = 1.244352e+06
pmarg = 7.587432e+01
tdc = 8.093341e+01
Doing analysis at TEMP = 27.000000 and TNOM = 27.000000

Using SPARSE 1.3 as Direct Linear Solver

No. of Data Rows : 801
fcross              =  1.24455e+06
Note: Starting dynamic gmin stepping
Warning: Dynamic gmin stepping failed
Note: Starting true gmin stepping
Warning: True gmin stepping failed
Note: Starting source stepping
Note: Source stepping completed
pmarg               =  7.55924e+01
tdc                 =  8.09334e+01
mode=0db  rload=10k  rsrc=2.571k  pos=2  C=100p
fcross = 1.244549e+06
pmarg = 7.559243e+01
tdc = 8.093341e+01
Doing analysis at TEMP = 27.000000 and TNOM = 27.000000

Using SPARSE 1.3 as Direct Linear Solver

No. of Data Rows : 801
fcross              =  1.24488e+06
Note: Starting dynamic gmin stepping
Warning: Dynamic gmin stepping failed
Note: Starting true gmin stepping
Warning: True gmin stepping failed
Note: Starting source stepping
Note: Source stepping completed
pmarg               =  7.49547e+01
tdc                 =  8.09334e+01
mode=0db  rload=10k  rsrc=2.571k  pos=2  C=220p
fcross = 1.244882e+06
pmarg = 7.495468e+01
tdc = 8.093341e+01
Doing analysis at TEMP = 27.000000 and TNOM = 27.000000

Using SPARSE 1.3 as Direct Linear Solver

No. of Data Rows : 801
fcross              =  1.24508e+06
Note: Starting dynamic gmin stepping
Warning: Dynamic gmin stepping failed
Note: Starting true gmin stepping
Warning: True gmin stepping failed
Note: Starting source stepping
Note: Source stepping completed
pmarg               =  7.36298e+01
tdc                 =  8.09334e+01
mode=0db  rload=10k  rsrc=2.571k  pos=2  C=470p
fcross = 1.245077e+06
pmarg = 7.362983e+01
tdc = 8.093341e+01
Doing analysis at TEMP = 27.000000 and TNOM = 27.000000

Using SPARSE 1.3 as Direct Linear Solver

No. of Data Rows : 801
fcross              =  1.24325e+06
Note: Starting dynamic gmin stepping
Warning: Dynamic gmin stepping failed
Note: Starting true gmin stepping
Warning: True gmin stepping failed
Note: Starting source stepping
Note: Source stepping completed
pmarg               =  7.08522e+01
tdc                 =  8.09334e+01
mode=0db  rload=10k  rsrc=2.571k  pos=2  C=1n
fcross = 1.243254e+06
pmarg = 7.085216e+01
tdc = 8.093341e+01
Doing analysis at TEMP = 27.000000 and TNOM = 27.000000

Using SPARSE 1.3 as Direct Linear Solver
 Reference value :  1.00000e+00
No. of Data Rows : 801
fcross              =  1.23881e+06
Note: Starting dynamic gmin stepping
Warning: Dynamic gmin stepping failed
Note: Starting true gmin stepping
Warning: True gmin stepping failed
Note: Starting source stepping
Note: Source stepping completed
pmarg               =  6.82940e+01
tdc                 =  8.09334e+01
mode=0db  rload=10k  rsrc=2.571k  pos=2  C=1.5n
fcross = 1.238814e+06
pmarg = 6.829405e+01
tdc = 8.093340e+01
Doing analysis at TEMP = 27.000000 and TNOM = 27.000000

Using SPARSE 1.3 as Direct Linear Solver

No. of Data Rows : 801
fcross              =  1.22853e+06
Note: Starting dynamic gmin stepping
Warning: Dynamic gmin stepping failed
Note: Starting true gmin stepping
Warning: True gmin stepping failed
Note: Starting source stepping
Note: Source stepping completed
pmarg               =  6.48590e+01
tdc                 =  8.09334e+01
mode=0db  rload=10k  rsrc=2.571k  pos=2  C=2.2n
fcross = 1.228529e+06
pmarg = 6.485898e+01
tdc = 8.093340e+01
Doing analysis at TEMP = 27.000000 and TNOM = 27.000000

Using SPARSE 1.3 as Direct Linear Solver

No. of Data Rows : 801
fcross              =  1.21878e+06
Note: Starting dynamic gmin stepping
Warning: Dynamic gmin stepping failed
Note: Starting true gmin stepping
Warning: True gmin stepping failed
Note: Starting source stepping
Note: Source stepping completed
pmarg               =  6.25306e+01
tdc                 =  8.09334e+01
mode=0db  rload=10k  rsrc=2.571k  pos=2  C=2.7n
fcross = 1.218783e+06
pmarg = 6.253057e+01
tdc = 8.093340e+01
Doing analysis at TEMP = 27.000000 and TNOM = 27.000000

Using SPARSE 1.3 as Direct Linear Solver

No. of Data Rows : 801
fcross              =  1.20474e+06
Note: Starting dynamic gmin stepping
Warning: Dynamic gmin stepping failed
Note: Starting true gmin stepping
Warning: True gmin stepping failed
Note: Starting source stepping
Note: Source stepping completed
pmarg               =  5.98959e+01
tdc                 =  8.09334e+01
mode=0db  rload=10k  rsrc=2.571k  pos=2  C=3.3n
fcross = 1.204743e+06
pmarg = 5.989589e+01
tdc = 8.093340e+01
Doing analysis at TEMP = 27.000000 and TNOM = 27.000000

Using SPARSE 1.3 as Direct Linear Solver

No. of Data Rows : 801
fcross              =  1.16582e+06
pmarg               =  5.44367e+01
tdc                 =  8.09334e+01
mode=0db  rload=10k  rsrc=2.571k  pos=2  C=4.7n
fcross = 1.165819e+06
pmarg = 5.443672e+01
tdc = 8.093340e+01
Doing analysis at TEMP = 27.000000 and TNOM = 27.000000

Using SPARSE 1.3 as Direct Linear Solver

No. of Data Rows : 801
fcross              =  1.24413e+06
pmarg               =  7.61091e+01
tdc                 =  8.09335e+01
mode=0db  rload=10k  rsrc=2.611k  pos=1  C=1f
fcross = 1.244126e+06
pmarg = 7.610911e+01
tdc = 8.093346e+01
Doing analysis at TEMP = 27.000000 and TNOM = 27.000000

Using SPARSE 1.3 as Direct Linear Solver

No. of Data Rows : 801
fcross              =  1.24423e+06
pmarg               =  7.58623e+01
tdc                 =  8.09335e+01
mode=0db  rload=10k  rsrc=2.611k  pos=1  C=47p
fcross = 1.244230e+06
pmarg = 7.586233e+01
tdc = 8.093346e+01
Doing analysis at TEMP = 27.000000 and TNOM = 27.000000

Using SPARSE 1.3 as Direct Linear Solver

No. of Data Rows : 801
fcross              =  1.24409e+06
pmarg               =  7.55867e+01
tdc                 =  8.09335e+01
mode=0db  rload=10k  rsrc=2.611k  pos=1  C=100p
fcross = 1.244093e+06
pmarg = 7.558669e+01
tdc = 8.093346e+01
Doing analysis at TEMP = 27.000000 and TNOM = 27.000000

Using SPARSE 1.3 as Direct Linear Solver

No. of Data Rows : 801
fcross              =  1.24280e+06
pmarg               =  7.49777e+01
tdc                 =  8.09335e+01
mode=0db  rload=10k  rsrc=2.611k  pos=1  C=220p
fcross = 1.242803e+06
pmarg = 7.497774e+01
tdc = 8.093346e+01
Doing analysis at TEMP = 27.000000 and TNOM = 27.000000

Using SPARSE 1.3 as Direct Linear Solver

No. of Data Rows : 801
fcross              =  1.23604e+06
pmarg               =  7.38122e+01
tdc                 =  8.09335e+01
mode=0db  rload=10k  rsrc=2.611k  pos=1  C=470p
fcross = 1.236045e+06
pmarg = 7.381219e+01
tdc = 8.093347e+01
Doing analysis at TEMP = 27.000000 and TNOM = 27.000000

Using SPARSE 1.3 as Direct Linear Solver

No. of Data Rows : 801
fcross              =  1.20923e+06
pmarg               =  7.19855e+01
tdc                 =  8.09335e+01
mode=0db  rload=10k  rsrc=2.611k  pos=1  C=1n
fcross = 1.209235e+06
pmarg = 7.198550e+01
tdc = 8.093348e+01
Doing analysis at TEMP = 27.000000 and TNOM = 27.000000

Using SPARSE 1.3 as Direct Linear Solver

No. of Data Rows : 801
fcross              =  1.17837e+06
pmarg               =  7.10627e+01
tdc                 =  8.09335e+01
mode=0db  rload=10k  rsrc=2.611k  pos=1  C=1.5n
fcross = 1.178369e+06
pmarg = 7.106269e+01
tdc = 8.093349e+01
Doing analysis at TEMP = 27.000000 and TNOM = 27.000000

Using SPARSE 1.3 as Direct Linear Solver

No. of Data Rows : 801
fcross              =  1.13879e+06
pmarg               =  7.06544e+01
tdc                 =  8.09335e+01
mode=0db  rload=10k  rsrc=2.611k  pos=1  C=2.2n
fcross = 1.138789e+06
pmarg = 7.065439e+01
tdc = 8.093350e+01
Doing analysis at TEMP = 27.000000 and TNOM = 27.000000

Using SPARSE 1.3 as Direct Linear Solver

No. of Data Rows : 801
fcross              =  1.11555e+06
pmarg               =  7.07187e+01
tdc                 =  8.09335e+01
mode=0db  rload=10k  rsrc=2.611k  pos=1  C=2.7n
fcross = 1.115546e+06
pmarg = 7.071866e+01
tdc = 8.093351e+01
Doing analysis at TEMP = 27.000000 and TNOM = 27.000000

Using SPARSE 1.3 as Direct Linear Solver

No. of Data Rows : 801
fcross              =  1.09306e+06
pmarg               =  7.09857e+01
tdc                 =  8.09335e+01
mode=0db  rload=10k  rsrc=2.611k  pos=1  C=3.3n
fcross = 1.093060e+06
pmarg = 7.098574e+01
tdc = 8.093352e+01
Doing analysis at TEMP = 27.000000 and TNOM = 27.000000

Using SPARSE 1.3 as Direct Linear Solver

No. of Data Rows : 801
fcross              =  1.05783e+06
pmarg               =  7.18685e+01
tdc                 =  8.09335e+01
mode=0db  rload=10k  rsrc=2.611k  pos=1  C=4.7n
fcross = 1.057830e+06
pmarg = 7.186855e+01
tdc = 8.093355e+01
Doing analysis at TEMP = 27.000000 and TNOM = 27.000000

Using SPARSE 1.3 as Direct Linear Solver

No. of Data Rows : 801
fcross              =  1.24413e+06
pmarg               =  7.61091e+01
tdc                 =  8.09335e+01
mode=0db  rload=10k  rsrc=2.611k  pos=2  C=1f
fcross = 1.244126e+06
pmarg = 7.610911e+01
tdc = 8.093346e+01
Doing analysis at TEMP = 27.000000 and TNOM = 27.000000

Using SPARSE 1.3 as Direct Linear Solver

No. of Data Rows : 801
fcross              =  1.24433e+06
pmarg               =  7.58591e+01
tdc                 =  8.09335e+01
mode=0db  rload=10k  rsrc=2.611k  pos=2  C=47p
fcross = 1.244325e+06
pmarg = 7.585906e+01
tdc = 8.093346e+01
Doing analysis at TEMP = 27.000000 and TNOM = 27.000000

Using SPARSE 1.3 as Direct Linear Solver

No. of Data Rows : 801
fcross              =  1.24452e+06
pmarg               =  7.55772e+01
tdc                 =  8.09335e+01
mode=0db  rload=10k  rsrc=2.611k  pos=2  C=100p
fcross = 1.244522e+06
pmarg = 7.557717e+01
tdc = 8.093346e+01
Doing analysis at TEMP = 27.000000 and TNOM = 27.000000

Using SPARSE 1.3 as Direct Linear Solver

No. of Data Rows : 801
fcross              =  1.24486e+06
pmarg               =  7.49394e+01
tdc                 =  8.09335e+01
mode=0db  rload=10k  rsrc=2.611k  pos=2  C=220p
fcross = 1.244856e+06
pmarg = 7.493943e+01
tdc = 8.093346e+01
Doing analysis at TEMP = 27.000000 and TNOM = 27.000000

Using SPARSE 1.3 as Direct Linear Solver

No. of Data Rows : 801
fcross              =  1.24505e+06
pmarg               =  7.36146e+01
tdc                 =  8.09335e+01
mode=0db  rload=10k  rsrc=2.611k  pos=2  C=470p
fcross = 1.245051e+06
pmarg = 7.361461e+01
tdc = 8.093346e+01
Doing analysis at TEMP = 27.000000 and TNOM = 27.000000

Using SPARSE 1.3 as Direct Linear Solver

No. of Data Rows : 801
fcross              =  1.24323e+06
pmarg               =  7.08370e+01
tdc                 =  8.09335e+01
mode=0db  rload=10k  rsrc=2.611k  pos=2  C=1n
fcross = 1.243228e+06
pmarg = 7.083701e+01
tdc = 8.093345e+01
Doing analysis at TEMP = 27.000000 and TNOM = 27.000000

Using SPARSE 1.3 as Direct Linear Solver

No. of Data Rows : 801
fcross              =  1.23879e+06
pmarg               =  6.82790e+01
tdc                 =  8.09335e+01
mode=0db  rload=10k  rsrc=2.611k  pos=2  C=1.5n
fcross = 1.238789e+06
pmarg = 6.827900e+01
tdc = 8.093345e+01
Doing analysis at TEMP = 27.000000 and TNOM = 27.000000

Using SPARSE 1.3 as Direct Linear Solver

No. of Data Rows : 801
fcross              =  1.22850e+06
pmarg               =  6.48441e+01
tdc                 =  8.09335e+01
mode=0db  rload=10k  rsrc=2.611k  pos=2  C=2.2n
fcross = 1.228505e+06
pmarg = 6.484411e+01
tdc = 8.093345e+01
Doing analysis at TEMP = 27.000000 and TNOM = 27.000000

Using SPARSE 1.3 as Direct Linear Solver

No. of Data Rows : 801
fcross              =  1.21876e+06
pmarg               =  6.25158e+01
tdc                 =  8.09335e+01
mode=0db  rload=10k  rsrc=2.611k  pos=2  C=2.7n
fcross = 1.218759e+06
pmarg = 6.251585e+01
tdc = 8.093345e+01
Doing analysis at TEMP = 27.000000 and TNOM = 27.000000

Using SPARSE 1.3 as Direct Linear Solver

No. of Data Rows : 801
fcross              =  1.20472e+06
pmarg               =  5.98814e+01
tdc                 =  8.09334e+01
mode=0db  rload=10k  rsrc=2.611k  pos=2  C=3.3n
fcross = 1.204720e+06
pmarg = 5.988137e+01
tdc = 8.093345e+01
Doing analysis at TEMP = 27.000000 and TNOM = 27.000000

Using SPARSE 1.3 as Direct Linear Solver

No. of Data Rows : 801
fcross              =  1.16580e+06
Note: Starting dynamic gmin stepping
Warning: Dynamic gmin stepping failed
Note: Starting true gmin stepping
Note: True gmin stepping completed
pmarg               =  5.44227e+01
tdc                 =  8.09334e+01
mode=0db  rload=10k  rsrc=2.611k  pos=2  C=4.7n
fcross = 1.165800e+06
pmarg = 5.442269e+01
tdc = 8.093345e+01
Doing analysis at TEMP = 27.000000 and TNOM = 27.000000

Using SPARSE 1.3 as Direct Linear Solver

No. of Data Rows : 801
fcross              =  1.25502e+06
Note: Starting dynamic gmin stepping
Warning: Dynamic gmin stepping failed
Note: Starting true gmin stepping
Note: True gmin stepping completed
pmarg               =  8.21541e+01
tdc                 =  7.77903e+01
mode=3db  rload=100k  rsrc=1m  pos=1  C=1f
fcross = 1.255015e+06
pmarg = 8.215410e+01
tdc = 7.779035e+01
Doing analysis at TEMP = 27.000000 and TNOM = 27.000000

Using SPARSE 1.3 as Direct Linear Solver

No. of Data Rows : 801
fcross              =  1.25513e+06
Note: Starting dynamic gmin stepping
Warning: Dynamic gmin stepping failed
Note: Starting true gmin stepping
Note: True gmin stepping completed
pmarg               =  8.19029e+01
tdc                 =  7.77903e+01
mode=3db  rload=100k  rsrc=1m  pos=1  C=47p
fcross = 1.255131e+06
pmarg = 8.190291e+01
tdc = 7.779035e+01
Doing analysis at TEMP = 27.000000 and TNOM = 27.000000

Using SPARSE 1.3 as Direct Linear Solver

No. of Data Rows : 801
fcross              =  1.25499e+06
Note: Starting dynamic gmin stepping
Warning: Dynamic gmin stepping failed
Note: Starting true gmin stepping
Note: True gmin stepping completed
pmarg               =  8.16235e+01
tdc                 =  7.77903e+01
mode=3db  rload=100k  rsrc=1m  pos=1  C=100p
fcross = 1.254986e+06
pmarg = 8.162352e+01
tdc = 7.779035e+01
Doing analysis at TEMP = 27.000000 and TNOM = 27.000000

Using SPARSE 1.3 as Direct Linear Solver

No. of Data Rows : 801
fcross              =  1.25360e+06
Note: Starting dynamic gmin stepping
Warning: Dynamic gmin stepping failed
Note: Starting true gmin stepping
Note: True gmin stepping completed
pmarg               =  8.10111e+01
tdc                 =  7.77903e+01
mode=3db  rload=100k  rsrc=1m  pos=1  C=220p
fcross = 1.253599e+06
pmarg = 8.101110e+01
tdc = 7.779035e+01
Doing analysis at TEMP = 27.000000 and TNOM = 27.000000

Using SPARSE 1.3 as Direct Linear Solver

No. of Data Rows : 801
fcross              =  1.24632e+06
Note: Starting dynamic gmin stepping
Warning: Dynamic gmin stepping failed
Note: Starting true gmin stepping
Note: True gmin stepping completed
pmarg               =  7.98609e+01
tdc                 =  7.77903e+01
mode=3db  rload=100k  rsrc=1m  pos=1  C=470p
fcross = 1.246320e+06
pmarg = 7.986094e+01
tdc = 7.779035e+01
Doing analysis at TEMP = 27.000000 and TNOM = 27.000000

Using SPARSE 1.3 as Direct Linear Solver

No. of Data Rows : 801
fcross              =  1.21732e+06
Note: Starting dynamic gmin stepping
Warning: Dynamic gmin stepping failed
Note: Starting true gmin stepping
Note: True gmin stepping completed
pmarg               =  7.81521e+01
tdc                 =  7.77903e+01
mode=3db  rload=100k  rsrc=1m  pos=1  C=1n
fcross = 1.217321e+06
pmarg = 7.815206e+01
tdc = 7.779035e+01
Doing analysis at TEMP = 27.000000 and TNOM = 27.000000

Using SPARSE 1.3 as Direct Linear Solver

No. of Data Rows : 801
fcross              =  1.18422e+06
Note: Starting dynamic gmin stepping
Warning: Dynamic gmin stepping failed
Note: Starting true gmin stepping
Note: True gmin stepping completed
pmarg               =  7.73888e+01
tdc                 =  7.77903e+01
mode=3db  rload=100k  rsrc=1m  pos=1  C=1.5n
fcross = 1.184223e+06
pmarg = 7.738877e+01
tdc = 7.779035e+01
Doing analysis at TEMP = 27.000000 and TNOM = 27.000000

Using SPARSE 1.3 as Direct Linear Solver

No. of Data Rows : 801
fcross              =  1.14197e+06
Note: Starting dynamic gmin stepping
Warning: Dynamic gmin stepping failed
Note: Starting true gmin stepping
Note: True gmin stepping completed
pmarg               =  7.71986e+01
tdc                 =  7.77903e+01
mode=3db  rload=100k  rsrc=1m  pos=1  C=2.2n
fcross = 1.141972e+06
pmarg = 7.719864e+01
tdc = 7.779035e+01
Doing analysis at TEMP = 27.000000 and TNOM = 27.000000

Using SPARSE 1.3 as Direct Linear Solver
 Reference value :  1.41254e+05
No. of Data Rows : 801
fcross              =  1.11728e+06
Note: Starting dynamic gmin stepping
Warning: Dynamic gmin stepping failed
Note: Starting true gmin stepping
Note: True gmin stepping completed
pmarg               =  7.73937e+01
tdc                 =  7.77903e+01
mode=3db  rload=100k  rsrc=1m  pos=1  C=2.7n
fcross = 1.117276e+06
pmarg = 7.739371e+01
tdc = 7.779035e+01
Doing analysis at TEMP = 27.000000 and TNOM = 27.000000

Using SPARSE 1.3 as Direct Linear Solver

No. of Data Rows : 801
fcross              =  1.09341e+06
Note: Starting dynamic gmin stepping
Warning: Dynamic gmin stepping failed
Note: Starting true gmin stepping
Note: True gmin stepping completed
pmarg               =  7.77886e+01
tdc                 =  7.77903e+01
mode=3db  rload=100k  rsrc=1m  pos=1  C=3.3n
fcross = 1.093411e+06
pmarg = 7.778857e+01
tdc = 7.779035e+01
Doing analysis at TEMP = 27.000000 and TNOM = 27.000000

Using SPARSE 1.3 as Direct Linear Solver

No. of Data Rows : 801
fcross              =  1.05596e+06
Note: Starting dynamic gmin stepping
Warning: Dynamic gmin stepping failed
Note: Starting true gmin stepping
Note: True gmin stepping completed
pmarg               =  7.88747e+01
tdc                 =  7.77904e+01
mode=3db  rload=100k  rsrc=1m  pos=1  C=4.7n
fcross = 1.055964e+06
pmarg = 7.887472e+01
tdc = 7.779035e+01
Doing analysis at TEMP = 27.000000 and TNOM = 27.000000

Using SPARSE 1.3 as Direct Linear Solver

No. of Data Rows : 801
fcross              =  1.25502e+06
Note: Starting dynamic gmin stepping
Warning: Dynamic gmin stepping failed
Note: Starting true gmin stepping
Note: True gmin stepping completed
pmarg               =  8.21541e+01
tdc                 =  7.77903e+01
mode=3db  rload=100k  rsrc=1m  pos=2  C=1f
fcross = 1.255015e+06
pmarg = 8.215410e+01
tdc = 7.779035e+01
Doing analysis at TEMP = 27.000000 and TNOM = 27.000000

Using SPARSE 1.3 as Direct Linear Solver

No. of Data Rows : 801
fcross              =  1.25523e+06
Note: Starting dynamic gmin stepping
Warning: Dynamic gmin stepping failed
Note: Starting true gmin stepping
Note: True gmin stepping completed
pmarg               =  8.19013e+01
tdc                 =  7.77903e+01
mode=3db  rload=100k  rsrc=1m  pos=2  C=47p
fcross = 1.255233e+06
pmarg = 8.190128e+01
tdc = 7.779035e+01
Doing analysis at TEMP = 27.000000 and TNOM = 27.000000

Using SPARSE 1.3 as Direct Linear Solver

No. of Data Rows : 801
fcross              =  1.25545e+06
Note: Starting dynamic gmin stepping
Warning: Dynamic gmin stepping failed
Note: Starting true gmin stepping
Note: True gmin stepping completed
pmarg               =  8.16164e+01
tdc                 =  7.77903e+01
mode=3db  rload=100k  rsrc=1m  pos=2  C=100p
fcross = 1.255448e+06
pmarg = 8.161637e+01
tdc = 7.779035e+01
Doing analysis at TEMP = 27.000000 and TNOM = 27.000000

Using SPARSE 1.3 as Direct Linear Solver

No. of Data Rows : 801
fcross              =  1.25581e+06
Note: Starting dynamic gmin stepping
Warning: Dynamic gmin stepping failed
Note: Starting true gmin stepping
Note: True gmin stepping completed
pmarg               =  8.09723e+01
tdc                 =  7.77903e+01
mode=3db  rload=100k  rsrc=1m  pos=2  C=220p
fcross = 1.255815e+06
pmarg = 8.097229e+01
tdc = 7.779035e+01
Doing analysis at TEMP = 27.000000 and TNOM = 27.000000

Using SPARSE 1.3 as Direct Linear Solver

No. of Data Rows : 801
fcross              =  1.25605e+06
Note: Starting dynamic gmin stepping
Warning: Dynamic gmin stepping failed
Note: Starting true gmin stepping
Note: True gmin stepping completed
pmarg               =  7.96365e+01
tdc                 =  7.77903e+01
mode=3db  rload=100k  rsrc=1m  pos=2  C=470p
fcross = 1.256047e+06
pmarg = 7.963648e+01
tdc = 7.779034e+01
Doing analysis at TEMP = 27.000000 and TNOM = 27.000000

Using SPARSE 1.3 as Direct Linear Solver

No. of Data Rows : 801
fcross              =  1.25415e+06
Note: Starting dynamic gmin stepping
Warning: Dynamic gmin stepping failed
Note: Starting true gmin stepping
Note: True gmin stepping completed
pmarg               =  7.68462e+01
tdc                 =  7.77903e+01
mode=3db  rload=100k  rsrc=1m  pos=2  C=1n
fcross = 1.254155e+06
pmarg = 7.684622e+01
tdc = 7.779034e+01
Doing analysis at TEMP = 27.000000 and TNOM = 27.000000

Using SPARSE 1.3 as Direct Linear Solver

No. of Data Rows : 801
fcross              =  1.24947e+06
Note: Starting dynamic gmin stepping
Warning: Dynamic gmin stepping failed
Note: Starting true gmin stepping
Note: True gmin stepping completed
pmarg               =  7.42904e+01
tdc                 =  7.77903e+01
mode=3db  rload=100k  rsrc=1m  pos=2  C=1.5n
fcross = 1.249470e+06
pmarg = 7.429037e+01
tdc = 7.779034e+01
Doing analysis at TEMP = 27.000000 and TNOM = 27.000000

Using SPARSE 1.3 as Direct Linear Solver

No. of Data Rows : 801
fcross              =  1.23854e+06
Note: Starting dynamic gmin stepping
Warning: Dynamic gmin stepping failed
Note: Starting true gmin stepping
Note: True gmin stepping completed
pmarg               =  7.08829e+01
tdc                 =  7.77903e+01
mode=3db  rload=100k  rsrc=1m  pos=2  C=2.2n
fcross = 1.238537e+06
pmarg = 7.088292e+01
tdc = 7.779034e+01
Doing analysis at TEMP = 27.000000 and TNOM = 27.000000

Using SPARSE 1.3 as Direct Linear Solver

No. of Data Rows : 801
fcross              =  1.22802e+06
Note: Starting dynamic gmin stepping
Warning: Dynamic gmin stepping failed
Note: Starting true gmin stepping
Note: True gmin stepping completed
pmarg               =  6.85940e+01
tdc                 =  7.77903e+01
mode=3db  rload=100k  rsrc=1m  pos=2  C=2.7n
fcross = 1.228022e+06
pmarg = 6.859402e+01
tdc = 7.779034e+01
Doing analysis at TEMP = 27.000000 and TNOM = 27.000000

Using SPARSE 1.3 as Direct Linear Solver

No. of Data Rows : 801
fcross              =  1.21314e+06
Note: Starting dynamic gmin stepping
Warning: Dynamic gmin stepping failed
Note: Starting true gmin stepping
Note: True gmin stepping completed
pmarg               =  6.60197e+01
tdc                 =  7.77903e+01
mode=3db  rload=100k  rsrc=1m  pos=2  C=3.3n
fcross = 1.213141e+06
pmarg = 6.601965e+01
tdc = 7.779034e+01
Doing analysis at TEMP = 27.000000 and TNOM = 27.000000

Using SPARSE 1.3 as Direct Linear Solver

No. of Data Rows : 801
fcross              =  1.17164e+06
Note: Starting dynamic gmin stepping
Warning: Dynamic gmin stepping failed
Note: Starting true gmin stepping
Note: True gmin stepping completed
pmarg               =  6.07665e+01
tdc                 =  7.77903e+01
mode=3db  rload=100k  rsrc=1m  pos=2  C=4.7n
fcross = 1.171641e+06
pmarg = 6.076645e+01
tdc = 7.779033e+01
Doing analysis at TEMP = 27.000000 and TNOM = 27.000000

Using SPARSE 1.3 as Direct Linear Solver

No. of Data Rows : 801
fcross              =  1.25483e+06
Note: Starting dynamic gmin stepping
Warning: Dynamic gmin stepping failed
Note: Starting true gmin stepping
Note: True gmin stepping completed
pmarg               =  8.17607e+01
tdc                 =  7.78179e+01
mode=3db  rload=100k  rsrc=1k  pos=1  C=1f
fcross = 1.254828e+06
pmarg = 8.176074e+01
tdc = 7.781786e+01
Doing analysis at TEMP = 27.000000 and TNOM = 27.000000

Using SPARSE 1.3 as Direct Linear Solver

No. of Data Rows : 801
fcross              =  1.25494e+06
Note: Starting dynamic gmin stepping
Warning: Dynamic gmin stepping failed
Note: Starting true gmin stepping
Note: True gmin stepping completed
pmarg               =  8.15095e+01
tdc                 =  7.78179e+01
mode=3db  rload=100k  rsrc=1k  pos=1  C=47p
fcross = 1.254944e+06
pmarg = 8.150954e+01
tdc = 7.781786e+01
Doing analysis at TEMP = 27.000000 and TNOM = 27.000000

Using SPARSE 1.3 as Direct Linear Solver

No. of Data Rows : 801
fcross              =  1.25480e+06
Note: Starting dynamic gmin stepping
Warning: Dynamic gmin stepping failed
Note: Starting true gmin stepping
Note: True gmin stepping completed
pmarg               =  8.12302e+01
tdc                 =  7.78179e+01
mode=3db  rload=100k  rsrc=1k  pos=1  C=100p
fcross = 1.254800e+06
pmarg = 8.123023e+01
tdc = 7.781786e+01
Doing analysis at TEMP = 27.000000 and TNOM = 27.000000

Using SPARSE 1.3 as Direct Linear Solver

No. of Data Rows : 801
fcross              =  1.25341e+06
Note: Starting dynamic gmin stepping
Warning: Dynamic gmin stepping failed
Note: Starting true gmin stepping
Note: True gmin stepping completed
pmarg               =  8.06183e+01
tdc                 =  7.78179e+01
mode=3db  rload=100k  rsrc=1k  pos=1  C=220p
fcross = 1.253414e+06
pmarg = 8.061832e+01
tdc = 7.781786e+01
Doing analysis at TEMP = 27.000000 and TNOM = 27.000000

Using SPARSE 1.3 as Direct Linear Solver

No. of Data Rows : 801
fcross              =  1.24614e+06
Note: Starting dynamic gmin stepping
Warning: Dynamic gmin stepping failed
Note: Starting true gmin stepping
Note: True gmin stepping completed
pmarg               =  7.94705e+01
tdc                 =  7.78179e+01
mode=3db  rload=100k  rsrc=1k  pos=1  C=470p
fcross = 1.246139e+06
pmarg = 7.947053e+01
tdc = 7.781786e+01
Doing analysis at TEMP = 27.000000 and TNOM = 27.000000

Using SPARSE 1.3 as Direct Linear Solver

No. of Data Rows : 801
fcross              =  1.21716e+06
Note: Starting dynamic gmin stepping
Warning: Dynamic gmin stepping failed
Note: Starting true gmin stepping
Note: True gmin stepping completed
pmarg               =  7.77706e+01
tdc                 =  7.78179e+01
mode=3db  rload=100k  rsrc=1k  pos=1  C=1n
fcross = 1.217158e+06
pmarg = 7.777064e+01
tdc = 7.781786e+01
Doing analysis at TEMP = 27.000000 and TNOM = 27.000000

Using SPARSE 1.3 as Direct Linear Solver

No. of Data Rows : 801
fcross              =  1.18408e+06
Note: Starting dynamic gmin stepping
Warning: Dynamic gmin stepping failed
Note: Starting true gmin stepping
Note: True gmin stepping completed
pmarg               =  7.70175e+01
tdc                 =  7.78179e+01
mode=3db  rload=100k  rsrc=1k  pos=1  C=1.5n
fcross = 1.184076e+06
pmarg = 7.701748e+01
tdc = 7.781786e+01
Doing analysis at TEMP = 27.000000 and TNOM = 27.000000

Using SPARSE 1.3 as Direct Linear Solver

No. of Data Rows : 801
fcross              =  1.14184e+06
Note: Starting dynamic gmin stepping
Warning: Dynamic gmin stepping failed
Note: Starting true gmin stepping
Note: True gmin stepping completed
pmarg               =  7.68402e+01
tdc                 =  7.78179e+01
mode=3db  rload=100k  rsrc=1k  pos=1  C=2.2n
fcross = 1.141843e+06
pmarg = 7.684024e+01
tdc = 7.781786e+01
Doing analysis at TEMP = 27.000000 and TNOM = 27.000000

Using SPARSE 1.3 as Direct Linear Solver
 Reference value :  1.86209e+03
No. of Data Rows : 801
fcross              =  1.11716e+06
Note: Starting dynamic gmin stepping
Warning: Dynamic gmin stepping failed
Note: Starting true gmin stepping
Note: True gmin stepping completed
pmarg               =  7.70429e+01
tdc                 =  7.78179e+01
mode=3db  rload=100k  rsrc=1k  pos=1  C=2.7n
fcross = 1.117155e+06
pmarg = 7.704287e+01
tdc = 7.781787e+01
Doing analysis at TEMP = 27.000000 and TNOM = 27.000000

Using SPARSE 1.3 as Direct Linear Solver

No. of Data Rows : 801
fcross              =  1.09330e+06
Note: Starting dynamic gmin stepping
Warning: Dynamic gmin stepping failed
Note: Starting true gmin stepping
Note: True gmin stepping completed
pmarg               =  7.74451e+01
tdc                 =  7.78179e+01
mode=3db  rload=100k  rsrc=1k  pos=1  C=3.3n
fcross = 1.093297e+06
pmarg = 7.744506e+01
tdc = 7.781787e+01
Doing analysis at TEMP = 27.000000 and TNOM = 27.000000

Using SPARSE 1.3 as Direct Linear Solver

No. of Data Rows : 801
fcross              =  1.05586e+06
Note: Starting dynamic gmin stepping
Warning: Dynamic gmin stepping failed
Note: Starting true gmin stepping
Note: True gmin stepping completed
pmarg               =  7.85428e+01
tdc                 =  7.78179e+01
mode=3db  rload=100k  rsrc=1k  pos=1  C=4.7n
fcross = 1.055857e+06
pmarg = 7.854278e+01
tdc = 7.781787e+01
Doing analysis at TEMP = 27.000000 and TNOM = 27.000000

Using SPARSE 1.3 as Direct Linear Solver

No. of Data Rows : 801
fcross              =  1.25483e+06
Note: Starting dynamic gmin stepping
Warning: Dynamic gmin stepping failed
Note: Starting true gmin stepping
Note: True gmin stepping completed
pmarg               =  8.17607e+01
tdc                 =  7.78179e+01
mode=3db  rload=100k  rsrc=1k  pos=2  C=1f
fcross = 1.254828e+06
pmarg = 8.176074e+01
tdc = 7.781786e+01
Doing analysis at TEMP = 27.000000 and TNOM = 27.000000

Using SPARSE 1.3 as Direct Linear Solver

No. of Data Rows : 801
fcross              =  1.25505e+06
Note: Starting dynamic gmin stepping
Warning: Dynamic gmin stepping failed
Note: Starting true gmin stepping
Note: True gmin stepping completed
pmarg               =  8.15079e+01
tdc                 =  7.78179e+01
mode=3db  rload=100k  rsrc=1k  pos=2  C=47p
fcross = 1.255046e+06
pmarg = 8.150788e+01
tdc = 7.781786e+01
Doing analysis at TEMP = 27.000000 and TNOM = 27.000000

Using SPARSE 1.3 as Direct Linear Solver

No. of Data Rows : 801
fcross              =  1.25526e+06
Note: Starting dynamic gmin stepping
Warning: Dynamic gmin stepping failed
Note: Starting true gmin stepping
Note: True gmin stepping completed
pmarg               =  8.12229e+01
tdc                 =  7.78179e+01
mode=3db  rload=100k  rsrc=1k  pos=2  C=100p
fcross = 1.255261e+06
pmarg = 8.122294e+01
tdc = 7.781786e+01
Doing analysis at TEMP = 27.000000 and TNOM = 27.000000

Using SPARSE 1.3 as Direct Linear Solver

No. of Data Rows : 801
fcross              =  1.25563e+06
Note: Starting dynamic gmin stepping
Warning: Dynamic gmin stepping failed
Note: Starting true gmin stepping
Note: True gmin stepping completed
pmarg               =  8.05788e+01
tdc                 =  7.78179e+01
mode=3db  rload=100k  rsrc=1k  pos=2  C=220p
fcross = 1.255628e+06
pmarg = 8.057884e+01
tdc = 7.781786e+01
Doing analysis at TEMP = 27.000000 and TNOM = 27.000000

Using SPARSE 1.3 as Direct Linear Solver

No. of Data Rows : 801
fcross              =  1.25586e+06
Note: Starting dynamic gmin stepping
Warning: Dynamic gmin stepping failed
Note: Starting true gmin stepping
Note: True gmin stepping completed
pmarg               =  7.92431e+01
tdc                 =  7.78179e+01
mode=3db  rload=100k  rsrc=1k  pos=2  C=470p
fcross = 1.255861e+06
pmarg = 7.924312e+01
tdc = 7.781786e+01
Doing analysis at TEMP = 27.000000 and TNOM = 27.000000

Using SPARSE 1.3 as Direct Linear Solver

No. of Data Rows : 801
fcross              =  1.25397e+06
Note: Starting dynamic gmin stepping
Warning: Dynamic gmin stepping failed
Note: Starting true gmin stepping
Note: True gmin stepping completed
pmarg               =  7.64538e+01
tdc                 =  7.78179e+01
mode=3db  rload=100k  rsrc=1k  pos=2  C=1n
fcross = 1.253970e+06
pmarg = 7.645379e+01
tdc = 7.781786e+01
Doing analysis at TEMP = 27.000000 and TNOM = 27.000000

Using SPARSE 1.3 as Direct Linear Solver

No. of Data Rows : 801
fcross              =  1.24929e+06
Note: Starting dynamic gmin stepping
Warning: Dynamic gmin stepping failed
Note: Starting true gmin stepping
Note: True gmin stepping completed
pmarg               =  7.38997e+01
tdc                 =  7.78179e+01
mode=3db  rload=100k  rsrc=1k  pos=2  C=1.5n
fcross = 1.249289e+06
pmarg = 7.389968e+01
tdc = 7.781786e+01
Doing analysis at TEMP = 27.000000 and TNOM = 27.000000

Using SPARSE 1.3 as Direct Linear Solver

No. of Data Rows : 801
fcross              =  1.23836e+06
Note: Starting dynamic gmin stepping
Warning: Dynamic gmin stepping failed
Note: Starting true gmin stepping
Note: True gmin stepping completed
pmarg               =  7.04960e+01
tdc                 =  7.78179e+01
mode=3db  rload=100k  rsrc=1k  pos=2  C=2.2n
fcross = 1.238363e+06
pmarg = 7.049597e+01
tdc = 7.781786e+01
Doing analysis at TEMP = 27.000000 and TNOM = 27.000000

Using SPARSE 1.3 as Direct Linear Solver

No. of Data Rows : 801
fcross              =  1.22786e+06
Note: Starting dynamic gmin stepping
Warning: Dynamic gmin stepping failed
Note: Starting true gmin stepping
Note: True gmin stepping completed
pmarg               =  6.82105e+01
tdc                 =  7.78179e+01
mode=3db  rload=100k  rsrc=1k  pos=2  C=2.7n
fcross = 1.227858e+06
pmarg = 6.821046e+01
tdc = 7.781786e+01
Doing analysis at TEMP = 27.000000 and TNOM = 27.000000

Using SPARSE 1.3 as Direct Linear Solver

No. of Data Rows : 801
fcross              =  1.21298e+06
Note: Starting dynamic gmin stepping
Warning: Dynamic gmin stepping failed
Note: Starting true gmin stepping
Note: True gmin stepping completed
pmarg               =  6.56409e+01
tdc                 =  7.78179e+01
mode=3db  rload=100k  rsrc=1k  pos=2  C=3.3n
fcross = 1.212985e+06
pmarg = 6.564088e+01
tdc = 7.781785e+01
Doing analysis at TEMP = 27.000000 and TNOM = 27.000000

Using SPARSE 1.3 as Direct Linear Solver

No. of Data Rows : 801
fcross              =  1.17151e+06
pmarg               =  6.04006e+01
tdc                 =  7.78179e+01
mode=3db  rload=100k  rsrc=1k  pos=2  C=4.7n
fcross = 1.171510e+06
pmarg = 6.040063e+01
tdc = 7.781785e+01
Doing analysis at TEMP = 27.000000 and TNOM = 27.000000

Using SPARSE 1.3 as Direct Linear Solver

No. of Data Rows : 801
fcross              =  1.25419e+06
pmarg               =  8.11811e+01
tdc                 =  7.78179e+01
mode=3db  rload=100k  rsrc=2.5k  pos=1  C=1f
fcross = 1.254195e+06
pmarg = 8.118107e+01
tdc = 7.781786e+01
Doing analysis at TEMP = 27.000000 and TNOM = 27.000000

Using SPARSE 1.3 as Direct Linear Solver

No. of Data Rows : 801
fcross              =  1.25431e+06
pmarg               =  8.09299e+01
tdc                 =  7.78179e+01
mode=3db  rload=100k  rsrc=2.5k  pos=1  C=47p
fcross = 1.254310e+06
pmarg = 8.092993e+01
tdc = 7.781786e+01
Doing analysis at TEMP = 27.000000 and TNOM = 27.000000

Using SPARSE 1.3 as Direct Linear Solver

No. of Data Rows : 801
fcross              =  1.25417e+06
pmarg               =  8.06508e+01
tdc                 =  7.78179e+01
mode=3db  rload=100k  rsrc=2.5k  pos=1  C=100p
fcross = 1.254166e+06
pmarg = 8.065082e+01
tdc = 7.781786e+01
Doing analysis at TEMP = 27.000000 and TNOM = 27.000000

Using SPARSE 1.3 as Direct Linear Solver

No. of Data Rows : 801
fcross              =  1.25278e+06
pmarg               =  8.00398e+01
tdc                 =  7.78179e+01
mode=3db  rload=100k  rsrc=2.5k  pos=1  C=220p
fcross = 1.252783e+06
pmarg = 8.003981e+01
tdc = 7.781786e+01
Doing analysis at TEMP = 27.000000 and TNOM = 27.000000

Using SPARSE 1.3 as Direct Linear Solver

No. of Data Rows : 801
fcross              =  1.24552e+06
pmarg               =  7.88957e+01
tdc                 =  7.78179e+01
mode=3db  rload=100k  rsrc=2.5k  pos=1  C=470p
fcross = 1.245522e+06
pmarg = 7.889574e+01
tdc = 7.781786e+01
Doing analysis at TEMP = 27.000000 and TNOM = 27.000000

Using SPARSE 1.3 as Direct Linear Solver

No. of Data Rows : 801
fcross              =  1.21660e+06
pmarg               =  7.72090e+01
tdc                 =  7.78179e+01
mode=3db  rload=100k  rsrc=2.5k  pos=1  C=1n
fcross = 1.216604e+06
pmarg = 7.720898e+01
tdc = 7.781786e+01
Doing analysis at TEMP = 27.000000 and TNOM = 27.000000

Using SPARSE 1.3 as Direct Linear Solver

No. of Data Rows : 801
fcross              =  1.18358e+06
pmarg               =  7.64702e+01
tdc                 =  7.78179e+01
mode=3db  rload=100k  rsrc=2.5k  pos=1  C=1.5n
fcross = 1.183579e+06
pmarg = 7.647025e+01
tdc = 7.781787e+01
Doing analysis at TEMP = 27.000000 and TNOM = 27.000000

Using SPARSE 1.3 as Direct Linear Solver

No. of Data Rows : 801
fcross              =  1.14141e+06
pmarg               =  7.63113e+01
tdc                 =  7.78179e+01
mode=3db  rload=100k  rsrc=2.5k  pos=1  C=2.2n
fcross = 1.141411e+06
pmarg = 7.631130e+01
tdc = 7.781787e+01
Doing analysis at TEMP = 27.000000 and TNOM = 27.000000

Using SPARSE 1.3 as Direct Linear Solver

No. of Data Rows : 801
fcross              =  1.11675e+06
pmarg               =  7.65247e+01
tdc                 =  7.78179e+01
mode=3db  rload=100k  rsrc=2.5k  pos=1  C=2.7n
fcross = 1.116751e+06
pmarg = 7.652469e+01
tdc = 7.781787e+01
Doing analysis at TEMP = 27.000000 and TNOM = 27.000000

Using SPARSE 1.3 as Direct Linear Solver

No. of Data Rows : 801
fcross              =  1.09292e+06
pmarg               =  7.69374e+01
tdc                 =  7.78179e+01
mode=3db  rload=100k  rsrc=2.5k  pos=1  C=3.3n
fcross = 1.092918e+06
pmarg = 7.693735e+01
tdc = 7.781787e+01
Doing analysis at TEMP = 27.000000 and TNOM = 27.000000

Using SPARSE 1.3 as Direct Linear Solver

No. of Data Rows : 801
fcross              =  1.05550e+06
pmarg               =  7.80518e+01
tdc                 =  7.78179e+01
mode=3db  rload=100k  rsrc=2.5k  pos=1  C=4.7n
fcross = 1.055504e+06
pmarg = 7.805177e+01
tdc = 7.781787e+01
Doing analysis at TEMP = 27.000000 and TNOM = 27.000000

Using SPARSE 1.3 as Direct Linear Solver

No. of Data Rows : 801
fcross              =  1.25419e+06
pmarg               =  8.11811e+01
tdc                 =  7.78179e+01
mode=3db  rload=100k  rsrc=2.5k  pos=2  C=1f
fcross = 1.254195e+06
pmarg = 8.118107e+01
tdc = 7.781786e+01
Doing analysis at TEMP = 27.000000 and TNOM = 27.000000

Using SPARSE 1.3 as Direct Linear Solver

No. of Data Rows : 801
fcross              =  1.25441e+06
pmarg               =  8.09282e+01
tdc                 =  7.78179e+01
mode=3db  rload=100k  rsrc=2.5k  pos=2  C=47p
fcross = 1.254412e+06
pmarg = 8.092822e+01
tdc = 7.781786e+01
Doing analysis at TEMP = 27.000000 and TNOM = 27.000000

Using SPARSE 1.3 as Direct Linear Solver

No. of Data Rows : 801
fcross              =  1.25463e+06
pmarg               =  8.06433e+01
tdc                 =  7.78179e+01
mode=3db  rload=100k  rsrc=2.5k  pos=2  C=100p
fcross = 1.254626e+06
pmarg = 8.064333e+01
tdc = 7.781786e+01
Doing analysis at TEMP = 27.000000 and TNOM = 27.000000

Using SPARSE 1.3 as Direct Linear Solver

No. of Data Rows : 801
fcross              =  1.25499e+06
pmarg               =  7.99994e+01
tdc                 =  7.78179e+01
mode=3db  rload=100k  rsrc=2.5k  pos=2  C=220p
fcross = 1.254993e+06
pmarg = 7.999937e+01
tdc = 7.781786e+01
Doing analysis at TEMP = 27.000000 and TNOM = 27.000000

Using SPARSE 1.3 as Direct Linear Solver

No. of Data Rows : 801
fcross              =  1.25523e+06
pmarg               =  7.86642e+01
tdc                 =  7.78179e+01
mode=3db  rload=100k  rsrc=2.5k  pos=2  C=470p
fcross = 1.255225e+06
pmarg = 7.866419e+01
tdc = 7.781786e+01
Doing analysis at TEMP = 27.000000 and TNOM = 27.000000

Using SPARSE 1.3 as Direct Linear Solver

No. of Data Rows : 801
fcross              =  1.25334e+06
pmarg               =  7.58770e+01
tdc                 =  7.78179e+01
mode=3db  rload=100k  rsrc=2.5k  pos=2  C=1n
fcross = 1.253339e+06
pmarg = 7.587703e+01
tdc = 7.781786e+01
Doing analysis at TEMP = 27.000000 and TNOM = 27.000000

Using SPARSE 1.3 as Direct Linear Solver

No. of Data Rows : 801
fcross              =  1.24867e+06
pmarg               =  7.33262e+01
tdc                 =  7.78179e+01
mode=3db  rload=100k  rsrc=2.5k  pos=2  C=1.5n
fcross = 1.248668e+06
pmarg = 7.332617e+01
tdc = 7.781786e+01
Doing analysis at TEMP = 27.000000 and TNOM = 27.000000

Using SPARSE 1.3 as Direct Linear Solver

No. of Data Rows : 801
fcross              =  1.23776e+06
pmarg               =  6.99288e+01
tdc                 =  7.78179e+01
mode=3db  rload=100k  rsrc=2.5k  pos=2  C=2.2n
fcross = 1.237764e+06
pmarg = 6.992875e+01
tdc = 7.781786e+01
Doing analysis at TEMP = 27.000000 and TNOM = 27.000000

Using SPARSE 1.3 as Direct Linear Solver

No. of Data Rows : 801
fcross              =  1.22729e+06
pmarg               =  6.76485e+01
tdc                 =  7.78179e+01
mode=3db  rload=100k  rsrc=2.5k  pos=2  C=2.7n
fcross = 1.227292e+06
pmarg = 6.764853e+01
tdc = 7.781786e+01
Doing analysis at TEMP = 27.000000 and TNOM = 27.000000

Using SPARSE 1.3 as Direct Linear Solver

No. of Data Rows : 801
fcross              =  1.21245e+06
pmarg               =  6.50864e+01
tdc                 =  7.78179e+01
mode=3db  rload=100k  rsrc=2.5k  pos=2  C=3.3n
fcross = 1.212445e+06
pmarg = 6.508636e+01
tdc = 7.781786e+01
Doing analysis at TEMP = 27.000000 and TNOM = 27.000000

Using SPARSE 1.3 as Direct Linear Solver

No. of Data Rows : 801
fcross              =  1.17106e+06
Note: Starting dynamic gmin stepping
Warning: Dynamic gmin stepping failed
Note: Starting true gmin stepping
Warning: True gmin stepping failed
Note: Starting source stepping
Note: Source stepping completed
pmarg               =  5.98653e+01
tdc                 =  7.78179e+01
mode=3db  rload=100k  rsrc=2.5k  pos=2  C=4.7n
fcross = 1.171056e+06
pmarg = 5.986529e+01
tdc = 7.781785e+01
Doing analysis at TEMP = 27.000000 and TNOM = 27.000000

Using SPARSE 1.3 as Direct Linear Solver
 Reference value :  1.00000e+00
No. of Data Rows : 801
fcross              =  1.25416e+06
Note: Starting dynamic gmin stepping
Warning: Dynamic gmin stepping failed
Note: Starting true gmin stepping
Warning: True gmin stepping failed
Note: Starting source stepping
Note: Source stepping completed
pmarg               =  8.11538e+01
tdc                 =  7.78178e+01
mode=3db  rload=100k  rsrc=2.571k  pos=1  C=1f
fcross = 1.254159e+06
pmarg = 8.115380e+01
tdc = 7.781781e+01
Doing analysis at TEMP = 27.000000 and TNOM = 27.000000

Using SPARSE 1.3 as Direct Linear Solver

No. of Data Rows : 801
fcross              =  1.25427e+06
Note: Starting dynamic gmin stepping
Warning: Dynamic gmin stepping failed
Note: Starting true gmin stepping
Warning: True gmin stepping failed
Note: Starting source stepping
Note: Source stepping completed
pmarg               =  8.09027e+01
tdc                 =  7.78178e+01
mode=3db  rload=100k  rsrc=2.571k  pos=1  C=47p
fcross = 1.254274e+06
pmarg = 8.090267e+01
tdc = 7.781781e+01
Doing analysis at TEMP = 27.000000 and TNOM = 27.000000

Using SPARSE 1.3 as Direct Linear Solver

No. of Data Rows : 801
fcross              =  1.25413e+06
Note: Starting dynamic gmin stepping
Warning: Dynamic gmin stepping failed
Note: Starting true gmin stepping
Warning: True gmin stepping failed
Note: Starting source stepping
Note: Source stepping completed
pmarg               =  8.06236e+01
tdc                 =  7.78178e+01
mode=3db  rload=100k  rsrc=2.571k  pos=1  C=100p
fcross = 1.254130e+06
pmarg = 8.062357e+01
tdc = 7.781781e+01
Doing analysis at TEMP = 27.000000 and TNOM = 27.000000

Using SPARSE 1.3 as Direct Linear Solver

No. of Data Rows : 801
fcross              =  1.25275e+06
Note: Starting dynamic gmin stepping
Warning: Dynamic gmin stepping failed
Note: Starting true gmin stepping
Warning: True gmin stepping failed
Note: Starting source stepping
Note: Source stepping completed
pmarg               =  8.00126e+01
tdc                 =  7.78178e+01
mode=3db  rload=100k  rsrc=2.571k  pos=1  C=220p
fcross = 1.252747e+06
pmarg = 8.001260e+01
tdc = 7.781781e+01
Doing analysis at TEMP = 27.000000 and TNOM = 27.000000

Using SPARSE 1.3 as Direct Linear Solver

No. of Data Rows : 801
fcross              =  1.24549e+06
Note: Starting dynamic gmin stepping
Warning: Dynamic gmin stepping failed
Note: Starting true gmin stepping
Warning: True gmin stepping failed
Note: Starting source stepping
Note: Source stepping completed
pmarg               =  7.88687e+01
tdc                 =  7.78178e+01
mode=3db  rload=100k  rsrc=2.571k  pos=1  C=470p
fcross = 1.245488e+06
pmarg = 7.886871e+01
tdc = 7.781781e+01
Doing analysis at TEMP = 27.000000 and TNOM = 27.000000

Using SPARSE 1.3 as Direct Linear Solver

No. of Data Rows : 801
fcross              =  1.21657e+06
Note: Starting dynamic gmin stepping
Warning: Dynamic gmin stepping failed
Note: Starting true gmin stepping
Warning: True gmin stepping failed
Note: Starting source stepping
Note: Source stepping completed
pmarg               =  7.71826e+01
tdc                 =  7.78178e+01
mode=3db  rload=100k  rsrc=2.571k  pos=1  C=1n
fcross = 1.216574e+06
pmarg = 7.718256e+01
tdc = 7.781781e+01
Doing analysis at TEMP = 27.000000 and TNOM = 27.000000

Using SPARSE 1.3 as Direct Linear Solver

No. of Data Rows : 801
fcross              =  1.18355e+06
Note: Starting dynamic gmin stepping
Warning: Dynamic gmin stepping failed
Note: Starting true gmin stepping
Warning: True gmin stepping failed
Note: Starting source stepping
Note: Source stepping completed
pmarg               =  7.64445e+01
tdc                 =  7.78178e+01
mode=3db  rload=100k  rsrc=2.571k  pos=1  C=1.5n
fcross = 1.183552e+06
pmarg = 7.644449e+01
tdc = 7.781781e+01
Doing analysis at TEMP = 27.000000 and TNOM = 27.000000

Using SPARSE 1.3 as Direct Linear Solver

No. of Data Rows : 801
fcross              =  1.14139e+06
Note: Starting dynamic gmin stepping
Warning: Dynamic gmin stepping failed
Note: Starting true gmin stepping
Warning: True gmin stepping failed
Note: Starting source stepping
Note: Source stepping completed
pmarg               =  7.62864e+01
tdc                 =  7.78178e+01
mode=3db  rload=100k  rsrc=2.571k  pos=1  C=2.2n
fcross = 1.141387e+06
pmarg = 7.628639e+01
tdc = 7.781781e+01
Doing analysis at TEMP = 27.000000 and TNOM = 27.000000

Using SPARSE 1.3 as Direct Linear Solver

No. of Data Rows : 801
fcross              =  1.11673e+06
Note: Starting dynamic gmin stepping
Warning: Dynamic gmin stepping failed
Note: Starting true gmin stepping
Warning: True gmin stepping failed
Note: Starting source stepping
Note: Source stepping completed
pmarg               =  7.65003e+01
tdc                 =  7.78178e+01
mode=3db  rload=100k  rsrc=2.571k  pos=1  C=2.7n
fcross = 1.116730e+06
pmarg = 7.650028e+01
tdc = 7.781781e+01
Doing analysis at TEMP = 27.000000 and TNOM = 27.000000

Using SPARSE 1.3 as Direct Linear Solver

No. of Data Rows : 801
fcross              =  1.09290e+06
Note: Starting dynamic gmin stepping
Warning: Dynamic gmin stepping failed
Note: Starting true gmin stepping
Warning: True gmin stepping failed
Note: Starting source stepping
Note: Source stepping completed
pmarg               =  7.69134e+01
tdc                 =  7.78178e+01
mode=3db  rload=100k  rsrc=2.571k  pos=1  C=3.3n
fcross = 1.092897e+06
pmarg = 7.691343e+01
tdc = 7.781782e+01
Doing analysis at TEMP = 27.000000 and TNOM = 27.000000

Using SPARSE 1.3 as Direct Linear Solver

No. of Data Rows : 801
fcross              =  1.05549e+06
Note: Starting dynamic gmin stepping
Warning: Dynamic gmin stepping failed
Note: Starting true gmin stepping
Warning: True gmin stepping failed
Note: Starting source stepping
Note: Source stepping completed
pmarg               =  7.80286e+01
tdc                 =  7.78178e+01
mode=3db  rload=100k  rsrc=2.571k  pos=1  C=4.7n
fcross = 1.055485e+06
pmarg = 7.802862e+01
tdc = 7.781782e+01
Doing analysis at TEMP = 27.000000 and TNOM = 27.000000

Using SPARSE 1.3 as Direct Linear Solver

No. of Data Rows : 801
fcross              =  1.25416e+06
Note: Starting dynamic gmin stepping
Warning: Dynamic gmin stepping failed
Note: Starting true gmin stepping
Warning: True gmin stepping failed
Note: Starting source stepping
Note: Source stepping completed
pmarg               =  8.11538e+01
tdc                 =  7.78178e+01
mode=3db  rload=100k  rsrc=2.571k  pos=2  C=1f
fcross = 1.254159e+06
pmarg = 8.115380e+01
tdc = 7.781781e+01
Doing analysis at TEMP = 27.000000 and TNOM = 27.000000

Using SPARSE 1.3 as Direct Linear Solver

No. of Data Rows : 801
fcross              =  1.25438e+06
Note: Starting dynamic gmin stepping
Warning: Dynamic gmin stepping failed
Note: Starting true gmin stepping
Warning: True gmin stepping failed
Note: Starting source stepping
Note: Source stepping completed
pmarg               =  8.09010e+01
tdc                 =  7.78178e+01
mode=3db  rload=100k  rsrc=2.571k  pos=2  C=47p
fcross = 1.254376e+06
pmarg = 8.090096e+01
tdc = 7.781781e+01
Doing analysis at TEMP = 27.000000 and TNOM = 27.000000

Using SPARSE 1.3 as Direct Linear Solver

No. of Data Rows : 801
fcross              =  1.25459e+06
Note: Starting dynamic gmin stepping
Warning: Dynamic gmin stepping failed
Note: Starting true gmin stepping
Warning: True gmin stepping failed
Note: Starting source stepping
Note: Source stepping completed
pmarg               =  8.06161e+01
tdc                 =  7.78178e+01
mode=3db  rload=100k  rsrc=2.571k  pos=2  C=100p
fcross = 1.254590e+06
pmarg = 8.061607e+01
tdc = 7.781781e+01
Doing analysis at TEMP = 27.000000 and TNOM = 27.000000

Using SPARSE 1.3 as Direct Linear Solver

No. of Data Rows : 801
fcross              =  1.25496e+06
Note: Starting dynamic gmin stepping
Warning: Dynamic gmin stepping failed
Note: Starting true gmin stepping
Warning: True gmin stepping failed
Note: Starting source stepping
Note: Source stepping completed
pmarg               =  7.99721e+01
tdc                 =  7.78178e+01
mode=3db  rload=100k  rsrc=2.571k  pos=2  C=220p
fcross = 1.254957e+06
pmarg = 7.997212e+01
tdc = 7.781781e+01
Doing analysis at TEMP = 27.000000 and TNOM = 27.000000

Using SPARSE 1.3 as Direct Linear Solver

No. of Data Rows : 801
fcross              =  1.25519e+06
Note: Starting dynamic gmin stepping
Warning: Dynamic gmin stepping failed
Note: Starting true gmin stepping
Warning: True gmin stepping failed
Note: Starting source stepping
Note: Source stepping completed
pmarg               =  7.86370e+01
tdc                 =  7.78178e+01
mode=3db  rload=100k  rsrc=2.571k  pos=2  C=470p
fcross = 1.255189e+06
pmarg = 7.863697e+01
tdc = 7.781781e+01
Doing analysis at TEMP = 27.000000 and TNOM = 27.000000

Using SPARSE 1.3 as Direct Linear Solver

No. of Data Rows : 801
fcross              =  1.25330e+06
Note: Starting dynamic gmin stepping
Warning: Dynamic gmin stepping failed
Note: Starting true gmin stepping
Warning: True gmin stepping failed
Note: Starting source stepping
Note: Source stepping completed
pmarg               =  7.58499e+01
tdc                 =  7.78178e+01
mode=3db  rload=100k  rsrc=2.571k  pos=2  C=1n
fcross = 1.253304e+06
pmarg = 7.584993e+01
tdc = 7.781781e+01
Doing analysis at TEMP = 27.000000 and TNOM = 27.000000

Using SPARSE 1.3 as Direct Linear Solver

No. of Data Rows : 801
fcross              =  1.24863e+06
Note: Starting dynamic gmin stepping
Warning: Dynamic gmin stepping failed
Note: Starting true gmin stepping
Warning: True gmin stepping failed
Note: Starting source stepping
Note: Source stepping completed
pmarg               =  7.32992e+01
tdc                 =  7.78178e+01
mode=3db  rload=100k  rsrc=2.571k  pos=2  C=1.5n
fcross = 1.248633e+06
pmarg = 7.329923e+01
tdc = 7.781781e+01
Doing analysis at TEMP = 27.000000 and TNOM = 27.000000

Using SPARSE 1.3 as Direct Linear Solver

No. of Data Rows : 801
fcross              =  1.23773e+06
Note: Starting dynamic gmin stepping
Warning: Dynamic gmin stepping failed
Note: Starting true gmin stepping
Warning: True gmin stepping failed
Note: Starting source stepping
Note: Source stepping completed
pmarg               =  6.99021e+01
tdc                 =  7.78178e+01
mode=3db  rload=100k  rsrc=2.571k  pos=2  C=2.2n
fcross = 1.237730e+06
pmarg = 6.990212e+01
tdc = 7.781781e+01
Doing analysis at TEMP = 27.000000 and TNOM = 27.000000

Using SPARSE 1.3 as Direct Linear Solver
 Reference value :  1.00000e+00
No. of Data Rows : 801
fcross              =  1.22726e+06
Note: Starting dynamic gmin stepping
Warning: Dynamic gmin stepping failed
Note: Starting true gmin stepping
Warning: True gmin stepping failed
Note: Starting source stepping
Note: Source stepping completed
pmarg               =  6.76222e+01
tdc                 =  7.78178e+01
mode=3db  rload=100k  rsrc=2.571k  pos=2  C=2.7n
fcross = 1.227260e+06
pmarg = 6.762215e+01
tdc = 7.781780e+01
Doing analysis at TEMP = 27.000000 and TNOM = 27.000000

Using SPARSE 1.3 as Direct Linear Solver

No. of Data Rows : 801
fcross              =  1.21242e+06
Note: Starting dynamic gmin stepping
Warning: Dynamic gmin stepping failed
Note: Starting true gmin stepping
Warning: True gmin stepping failed
Note: Starting source stepping
Note: Source stepping completed
pmarg               =  6.50603e+01
tdc                 =  7.78178e+01
mode=3db  rload=100k  rsrc=2.571k  pos=2  C=3.3n
fcross = 1.212415e+06
pmarg = 6.506033e+01
tdc = 7.781780e+01
Doing analysis at TEMP = 27.000000 and TNOM = 27.000000

Using SPARSE 1.3 as Direct Linear Solver

No. of Data Rows : 801
fcross              =  1.17103e+06
Note: Starting dynamic gmin stepping
Warning: Dynamic gmin stepping failed
Note: Starting true gmin stepping
Warning: True gmin stepping failed
Note: Starting source stepping
Note: Source stepping completed
pmarg               =  5.98402e+01
tdc                 =  7.78178e+01
mode=3db  rload=100k  rsrc=2.571k  pos=2  C=4.7n
fcross = 1.171031e+06
pmarg = 5.984015e+01
tdc = 7.781780e+01
Doing analysis at TEMP = 27.000000 and TNOM = 27.000000

Using SPARSE 1.3 as Direct Linear Solver

No. of Data Rows : 801
fcross              =  1.25414e+06
Note: Starting dynamic gmin stepping
Warning: Dynamic gmin stepping failed
Note: Starting true gmin stepping
Warning: True gmin stepping failed
Note: Starting source stepping
Note: Source stepping completed
pmarg               =  8.11385e+01
tdc                 =  7.78178e+01
mode=3db  rload=100k  rsrc=2.611k  pos=1  C=1f
fcross = 1.254136e+06
pmarg = 8.113849e+01
tdc = 7.781781e+01
Doing analysis at TEMP = 27.000000 and TNOM = 27.000000

Using SPARSE 1.3 as Direct Linear Solver

No. of Data Rows : 801
fcross              =  1.25425e+06
Note: Starting dynamic gmin stepping
Warning: Dynamic gmin stepping failed
Note: Starting true gmin stepping
Warning: True gmin stepping failed
Note: Starting source stepping
Note: Source stepping completed
pmarg               =  8.08874e+01
tdc                 =  7.78178e+01
mode=3db  rload=100k  rsrc=2.611k  pos=1  C=47p
fcross = 1.254251e+06
pmarg = 8.088736e+01
tdc = 7.781781e+01
Doing analysis at TEMP = 27.000000 and TNOM = 27.000000

Using SPARSE 1.3 as Direct Linear Solver

No. of Data Rows : 801
fcross              =  1.25411e+06
Note: Starting dynamic gmin stepping
Warning: Dynamic gmin stepping failed
Note: Starting true gmin stepping
Warning: True gmin stepping failed
Note: Starting source stepping
Note: Source stepping completed
pmarg               =  8.06083e+01
tdc                 =  7.78178e+01
mode=3db  rload=100k  rsrc=2.611k  pos=1  C=100p
fcross = 1.254107e+06
pmarg = 8.060827e+01
tdc = 7.781781e+01
Doing analysis at TEMP = 27.000000 and TNOM = 27.000000

Using SPARSE 1.3 as Direct Linear Solver

No. of Data Rows : 801
fcross              =  1.25272e+06
Note: Starting dynamic gmin stepping
Warning: Dynamic gmin stepping failed
Note: Starting true gmin stepping
Warning: True gmin stepping failed
Note: Starting source stepping
Note: Source stepping completed
pmarg               =  7.99973e+01
tdc                 =  7.78178e+01
mode=3db  rload=100k  rsrc=2.611k  pos=1  C=220p
fcross = 1.252724e+06
pmarg = 7.999733e+01
tdc = 7.781781e+01
Doing analysis at TEMP = 27.000000 and TNOM = 27.000000

Using SPARSE 1.3 as Direct Linear Solver

No. of Data Rows : 801
fcross              =  1.24546e+06
Note: Starting dynamic gmin stepping
Warning: Dynamic gmin stepping failed
Note: Starting true gmin stepping
Warning: True gmin stepping failed
Note: Starting source stepping
Note: Source stepping completed
pmarg               =  7.88535e+01
tdc                 =  7.78178e+01
mode=3db  rload=100k  rsrc=2.611k  pos=1  C=470p
fcross = 1.245465e+06
pmarg = 7.885354e+01
tdc = 7.781781e+01
Doing analysis at TEMP = 27.000000 and TNOM = 27.000000

Using SPARSE 1.3 as Direct Linear Solver

No. of Data Rows : 801
fcross              =  1.21655e+06
Note: Starting dynamic gmin stepping
Warning: Dynamic gmin stepping failed
Note: Starting true gmin stepping
Warning: True gmin stepping failed
Note: Starting source stepping
Note: Source stepping completed
pmarg               =  7.71677e+01
tdc                 =  7.78178e+01
mode=3db  rload=100k  rsrc=2.611k  pos=1  C=1n
fcross = 1.216553e+06
pmarg = 7.716773e+01
tdc = 7.781781e+01
Doing analysis at TEMP = 27.000000 and TNOM = 27.000000

Using SPARSE 1.3 as Direct Linear Solver

No. of Data Rows : 801
fcross              =  1.18353e+06
Note: Starting dynamic gmin stepping
Warning: Dynamic gmin stepping failed
Note: Starting true gmin stepping
Warning: True gmin stepping failed
Note: Starting source stepping
Note: Source stepping completed
pmarg               =  7.64300e+01
tdc                 =  7.78178e+01
mode=3db  rload=100k  rsrc=2.611k  pos=1  C=1.5n
fcross = 1.183534e+06
pmarg = 7.643004e+01
tdc = 7.781781e+01
Doing analysis at TEMP = 27.000000 and TNOM = 27.000000

Using SPARSE 1.3 as Direct Linear Solver

No. of Data Rows : 801
fcross              =  1.14137e+06
Note: Starting dynamic gmin stepping
Warning: Dynamic gmin stepping failed
Note: Starting true gmin stepping
Warning: True gmin stepping failed
Note: Starting source stepping
Note: Source stepping completed
pmarg               =  7.62724e+01
tdc                 =  7.78178e+01
mode=3db  rload=100k  rsrc=2.611k  pos=1  C=2.2n
fcross = 1.141371e+06
pmarg = 7.627240e+01
tdc = 7.781781e+01
Doing analysis at TEMP = 27.000000 and TNOM = 27.000000

Using SPARSE 1.3 as Direct Linear Solver

No. of Data Rows : 801
fcross              =  1.11671e+06
Note: Starting dynamic gmin stepping
Warning: Dynamic gmin stepping failed
Note: Starting true gmin stepping
Warning: True gmin stepping failed
Note: Starting source stepping
Note: Source stepping completed
pmarg               =  7.64866e+01
tdc                 =  7.78178e+01
mode=3db  rload=100k  rsrc=2.611k  pos=1  C=2.7n
fcross = 1.116715e+06
pmarg = 7.648657e+01
tdc = 7.781781e+01
Doing analysis at TEMP = 27.000000 and TNOM = 27.000000

Using SPARSE 1.3 as Direct Linear Solver

No. of Data Rows : 801
fcross              =  1.09288e+06
Note: Starting dynamic gmin stepping
Warning: Dynamic gmin stepping failed
Note: Starting true gmin stepping
Warning: True gmin stepping failed
Note: Starting source stepping
Note: Source stepping completed
pmarg               =  7.69000e+01
tdc                 =  7.78178e+01
mode=3db  rload=100k  rsrc=2.611k  pos=1  C=3.3n
fcross = 1.092883e+06
pmarg = 7.689998e+01
tdc = 7.781782e+01
Doing analysis at TEMP = 27.000000 and TNOM = 27.000000

Using SPARSE 1.3 as Direct Linear Solver

No. of Data Rows : 801
fcross              =  1.05547e+06
Note: Starting dynamic gmin stepping
Warning: Dynamic gmin stepping failed
Note: Starting true gmin stepping
Warning: True gmin stepping failed
Note: Starting source stepping
Note: Source stepping completed
pmarg               =  7.80156e+01
tdc                 =  7.78178e+01
mode=3db  rload=100k  rsrc=2.611k  pos=1  C=4.7n
fcross = 1.055472e+06
pmarg = 7.801561e+01
tdc = 7.781782e+01
Doing analysis at TEMP = 27.000000 and TNOM = 27.000000

Using SPARSE 1.3 as Direct Linear Solver

No. of Data Rows : 801
fcross              =  1.25414e+06
Note: Starting dynamic gmin stepping
Warning: Dynamic gmin stepping failed
Note: Starting true gmin stepping
Warning: True gmin stepping failed
Note: Starting source stepping
Note: Source stepping completed
pmarg               =  8.11385e+01
tdc                 =  7.78178e+01
mode=3db  rload=100k  rsrc=2.611k  pos=2  C=1f
fcross = 1.254136e+06
pmarg = 8.113849e+01
tdc = 7.781781e+01
Doing analysis at TEMP = 27.000000 and TNOM = 27.000000

Using SPARSE 1.3 as Direct Linear Solver

No. of Data Rows : 801
fcross              =  1.25435e+06
Note: Starting dynamic gmin stepping
Warning: Dynamic gmin stepping failed
Note: Starting true gmin stepping
Warning: True gmin stepping failed
Note: Starting source stepping
Note: Source stepping completed
pmarg               =  8.08857e+01
tdc                 =  7.78178e+01
mode=3db  rload=100k  rsrc=2.611k  pos=2  C=47p
fcross = 1.254353e+06
pmarg = 8.088565e+01
tdc = 7.781781e+01
Doing analysis at TEMP = 27.000000 and TNOM = 27.000000

Using SPARSE 1.3 as Direct Linear Solver

No. of Data Rows : 801
fcross              =  1.25457e+06
Note: Starting dynamic gmin stepping
Warning: Dynamic gmin stepping failed
Note: Starting true gmin stepping
Warning: True gmin stepping failed
Note: Starting source stepping
Note: Source stepping completed
pmarg               =  8.06008e+01
tdc                 =  7.78178e+01
mode=3db  rload=100k  rsrc=2.611k  pos=2  C=100p
fcross = 1.254567e+06
pmarg = 8.060076e+01
tdc = 7.781781e+01
Doing analysis at TEMP = 27.000000 and TNOM = 27.000000

Using SPARSE 1.3 as Direct Linear Solver

No. of Data Rows : 801
fcross              =  1.25493e+06
Note: Starting dynamic gmin stepping
Warning: Dynamic gmin stepping failed
Note: Starting true gmin stepping
Warning: True gmin stepping failed
Note: Starting source stepping
Note: Source stepping completed
pmarg               =  7.99568e+01
tdc                 =  7.78178e+01
mode=3db  rload=100k  rsrc=2.611k  pos=2  C=220p
fcross = 1.254934e+06
pmarg = 7.995682e+01
tdc = 7.781781e+01
Doing analysis at TEMP = 27.000000 and TNOM = 27.000000

Using SPARSE 1.3 as Direct Linear Solver

No. of Data Rows : 801
fcross              =  1.25517e+06
Note: Starting dynamic gmin stepping
Warning: Dynamic gmin stepping failed
Note: Starting true gmin stepping
Warning: True gmin stepping failed
Note: Starting source stepping
Note: Source stepping completed
pmarg               =  7.86217e+01
tdc                 =  7.78178e+01
mode=3db  rload=100k  rsrc=2.611k  pos=2  C=470p
fcross = 1.255166e+06
pmarg = 7.862169e+01
tdc = 7.781781e+01
Doing analysis at TEMP = 27.000000 and TNOM = 27.000000

Using SPARSE 1.3 as Direct Linear Solver
 Reference value :  1.00000e+00
No. of Data Rows : 801
fcross              =  1.25328e+06
Note: Starting dynamic gmin stepping
Warning: Dynamic gmin stepping failed
Note: Starting true gmin stepping
Warning: True gmin stepping failed
Note: Starting source stepping
Note: Source stepping completed
pmarg               =  7.58347e+01
tdc                 =  7.78178e+01
mode=3db  rload=100k  rsrc=2.611k  pos=2  C=1n
fcross = 1.253281e+06
pmarg = 7.583472e+01
tdc = 7.781781e+01
Doing analysis at TEMP = 27.000000 and TNOM = 27.000000

Using SPARSE 1.3 as Direct Linear Solver

No. of Data Rows : 801
fcross              =  1.24861e+06
Note: Starting dynamic gmin stepping
Warning: Dynamic gmin stepping failed
Note: Starting true gmin stepping
Warning: True gmin stepping failed
Note: Starting source stepping
Note: Source stepping completed
pmarg               =  7.32841e+01
tdc                 =  7.78178e+01
mode=3db  rload=100k  rsrc=2.611k  pos=2  C=1.5n
fcross = 1.248610e+06
pmarg = 7.328413e+01
tdc = 7.781781e+01
Doing analysis at TEMP = 27.000000 and TNOM = 27.000000

Using SPARSE 1.3 as Direct Linear Solver

No. of Data Rows : 801
fcross              =  1.23771e+06
Note: Starting dynamic gmin stepping
Warning: Dynamic gmin stepping failed
Note: Starting true gmin stepping
Warning: True gmin stepping failed
Note: Starting source stepping
Note: Source stepping completed
pmarg               =  6.98872e+01
tdc                 =  7.78178e+01
mode=3db  rload=100k  rsrc=2.611k  pos=2  C=2.2n
fcross = 1.237708e+06
pmarg = 6.988719e+01
tdc = 7.781781e+01
Doing analysis at TEMP = 27.000000 and TNOM = 27.000000

Using SPARSE 1.3 as Direct Linear Solver

No. of Data Rows : 801
fcross              =  1.22724e+06
Note: Starting dynamic gmin stepping
Warning: Dynamic gmin stepping failed
Note: Starting true gmin stepping
Warning: True gmin stepping failed
Note: Starting source stepping
Note: Source stepping completed
pmarg               =  6.76074e+01
tdc                 =  7.78178e+01
mode=3db  rload=100k  rsrc=2.611k  pos=2  C=2.7n
fcross = 1.227239e+06
pmarg = 6.760737e+01
tdc = 7.781780e+01
Doing analysis at TEMP = 27.000000 and TNOM = 27.000000

Using SPARSE 1.3 as Direct Linear Solver

No. of Data Rows : 801
fcross              =  1.21240e+06
Note: Starting dynamic gmin stepping
Warning: Dynamic gmin stepping failed
Note: Starting true gmin stepping
Warning: True gmin stepping failed
Note: Starting source stepping
Note: Source stepping completed
pmarg               =  6.50457e+01
tdc                 =  7.78178e+01
mode=3db  rload=100k  rsrc=2.611k  pos=2  C=3.3n
fcross = 1.212395e+06
pmarg = 6.504575e+01
tdc = 7.781780e+01
Doing analysis at TEMP = 27.000000 and TNOM = 27.000000

Using SPARSE 1.3 as Direct Linear Solver

No. of Data Rows : 801
fcross              =  1.17101e+06
Note: Starting dynamic gmin stepping
Warning: Dynamic gmin stepping failed
Note: Starting true gmin stepping
Note: True gmin stepping completed
pmarg               =  5.98261e+01
tdc                 =  7.78178e+01
mode=3db  rload=100k  rsrc=2.611k  pos=2  C=4.7n
fcross = 1.171014e+06
pmarg = 5.982608e+01
tdc = 7.781780e+01
Doing analysis at TEMP = 27.000000 and TNOM = 27.000000

Using SPARSE 1.3 as Direct Linear Solver

No. of Data Rows : 801
fcross              =  1.25360e+06
Note: Starting dynamic gmin stepping
Warning: Dynamic gmin stepping failed
Note: Starting true gmin stepping
Note: True gmin stepping completed
pmarg               =  8.21703e+01
tdc                 =  7.77434e+01
mode=3db  rload=10k  rsrc=1m  pos=1  C=1f
fcross = 1.253604e+06
pmarg = 8.217033e+01
tdc = 7.774337e+01
Doing analysis at TEMP = 27.000000 and TNOM = 27.000000

Using SPARSE 1.3 as Direct Linear Solver

No. of Data Rows : 801
fcross              =  1.25372e+06
Note: Starting dynamic gmin stepping
Warning: Dynamic gmin stepping failed
Note: Starting true gmin stepping
Note: True gmin stepping completed
pmarg               =  8.19218e+01
tdc                 =  7.77434e+01
mode=3db  rload=10k  rsrc=1m  pos=1  C=47p
fcross = 1.253718e+06
pmarg = 8.192179e+01
tdc = 7.774337e+01
Doing analysis at TEMP = 27.000000 and TNOM = 27.000000

Using SPARSE 1.3 as Direct Linear Solver

No. of Data Rows : 801
fcross              =  1.25358e+06
Note: Starting dynamic gmin stepping
Warning: Dynamic gmin stepping failed
Note: Starting true gmin stepping
Note: True gmin stepping completed
pmarg               =  8.16453e+01
tdc                 =  7.77434e+01
mode=3db  rload=10k  rsrc=1m  pos=1  C=100p
fcross = 1.253577e+06
pmarg = 8.164531e+01
tdc = 7.774338e+01
Doing analysis at TEMP = 27.000000 and TNOM = 27.000000

Using SPARSE 1.3 as Direct Linear Solver

No. of Data Rows : 801
fcross              =  1.25221e+06
Note: Starting dynamic gmin stepping
Warning: Dynamic gmin stepping failed
Note: Starting true gmin stepping
Note: True gmin stepping completed
pmarg               =  8.10391e+01
tdc                 =  7.77434e+01
mode=3db  rload=10k  rsrc=1m  pos=1  C=220p
fcross = 1.252215e+06
pmarg = 8.103914e+01
tdc = 7.774338e+01
Doing analysis at TEMP = 27.000000 and TNOM = 27.000000

Using SPARSE 1.3 as Direct Linear Solver

No. of Data Rows : 801
fcross              =  1.24505e+06
Note: Starting dynamic gmin stepping
Warning: Dynamic gmin stepping failed
Note: Starting true gmin stepping
Note: True gmin stepping completed
pmarg               =  7.98996e+01
tdc                 =  7.77434e+01
mode=3db  rload=10k  rsrc=1m  pos=1  C=470p
fcross = 1.245054e+06
pmarg = 7.989958e+01
tdc = 7.774338e+01
Doing analysis at TEMP = 27.000000 and TNOM = 27.000000

Using SPARSE 1.3 as Direct Linear Solver

No. of Data Rows : 801
fcross              =  1.21648e+06
Note: Starting dynamic gmin stepping
Warning: Dynamic gmin stepping failed
Note: Starting true gmin stepping
Note: True gmin stepping completed
pmarg               =  7.82002e+01
tdc                 =  7.77434e+01
mode=3db  rload=10k  rsrc=1m  pos=1  C=1n
fcross = 1.216477e+06
pmarg = 7.820025e+01
tdc = 7.774339e+01
Doing analysis at TEMP = 27.000000 and TNOM = 27.000000

Using SPARSE 1.3 as Direct Linear Solver

No. of Data Rows : 801
fcross              =  1.18374e+06
Note: Starting dynamic gmin stepping
Warning: Dynamic gmin stepping failed
Note: Starting true gmin stepping
Note: True gmin stepping completed
pmarg               =  7.74349e+01
tdc                 =  7.77434e+01
mode=3db  rload=10k  rsrc=1m  pos=1  C=1.5n
fcross = 1.183743e+06
pmarg = 7.743486e+01
tdc = 7.774340e+01
Doing analysis at TEMP = 27.000000 and TNOM = 27.000000

Using SPARSE 1.3 as Direct Linear Solver

No. of Data Rows : 801
fcross              =  1.14182e+06
Note: Starting dynamic gmin stepping
Warning: Dynamic gmin stepping failed
Note: Starting true gmin stepping
Note: True gmin stepping completed
pmarg               =  7.72358e+01
tdc                 =  7.77434e+01
mode=3db  rload=10k  rsrc=1m  pos=1  C=2.2n
fcross = 1.141822e+06
pmarg = 7.723582e+01
tdc = 7.774341e+01
Doing analysis at TEMP = 27.000000 and TNOM = 27.000000

Using SPARSE 1.3 as Direct Linear Solver

No. of Data Rows : 801
fcross              =  1.11725e+06
Note: Starting dynamic gmin stepping
Warning: Dynamic gmin stepping failed
Note: Starting true gmin stepping
Note: True gmin stepping completed
pmarg               =  7.74243e+01
tdc                 =  7.77434e+01
mode=3db  rload=10k  rsrc=1m  pos=1  C=2.7n
fcross = 1.117254e+06
pmarg = 7.742433e+01
tdc = 7.774342e+01
Doing analysis at TEMP = 27.000000 and TNOM = 27.000000

Using SPARSE 1.3 as Direct Linear Solver

No. of Data Rows : 801
fcross              =  1.09348e+06
Note: Starting dynamic gmin stepping
Warning: Dynamic gmin stepping failed
Note: Starting true gmin stepping
Note: True gmin stepping completed
pmarg               =  7.78125e+01
tdc                 =  7.77434e+01
mode=3db  rload=10k  rsrc=1m  pos=1  C=3.3n
fcross = 1.093475e+06
pmarg = 7.781245e+01
tdc = 7.774343e+01
Doing analysis at TEMP = 27.000000 and TNOM = 27.000000

Using SPARSE 1.3 as Direct Linear Solver

No. of Data Rows : 801
fcross              =  1.05609e+06
Note: Starting dynamic gmin stepping
Warning: Dynamic gmin stepping failed
Note: Starting true gmin stepping
Note: True gmin stepping completed
pmarg               =  7.88880e+01
tdc                 =  7.77435e+01
mode=3db  rload=10k  rsrc=1m  pos=1  C=4.7n
fcross = 1.056093e+06
pmarg = 7.888803e+01
tdc = 7.774346e+01
Doing analysis at TEMP = 27.000000 and TNOM = 27.000000

Using SPARSE 1.3 as Direct Linear Solver

No. of Data Rows : 801
fcross              =  1.25360e+06
Note: Starting dynamic gmin stepping
Warning: Dynamic gmin stepping failed
Note: Starting true gmin stepping
Note: True gmin stepping completed
pmarg               =  8.21703e+01
tdc                 =  7.77434e+01
mode=3db  rload=10k  rsrc=1m  pos=2  C=1f
fcross = 1.253604e+06
pmarg = 8.217033e+01
tdc = 7.774337e+01
Doing analysis at TEMP = 27.000000 and TNOM = 27.000000

Using SPARSE 1.3 as Direct Linear Solver

No. of Data Rows : 801
fcross              =  1.25382e+06
Note: Starting dynamic gmin stepping
Warning: Dynamic gmin stepping failed
Note: Starting true gmin stepping
Note: True gmin stepping completed
pmarg               =  8.19181e+01
tdc                 =  7.77434e+01
mode=3db  rload=10k  rsrc=1m  pos=2  C=47p
fcross = 1.253820e+06
pmarg = 8.191806e+01
tdc = 7.774337e+01
Doing analysis at TEMP = 27.000000 and TNOM = 27.000000

Using SPARSE 1.3 as Direct Linear Solver

No. of Data Rows : 801
fcross              =  1.25403e+06
Note: Starting dynamic gmin stepping
Warning: Dynamic gmin stepping failed
Note: Starting true gmin stepping
Note: True gmin stepping completed
pmarg               =  8.16338e+01
tdc                 =  7.77434e+01
mode=3db  rload=10k  rsrc=1m  pos=2  C=100p
fcross = 1.254034e+06
pmarg = 8.163378e+01
tdc = 7.774337e+01
Doing analysis at TEMP = 27.000000 and TNOM = 27.000000

Using SPARSE 1.3 as Direct Linear Solver
 Reference value :  3.89045e+05
No. of Data Rows : 801
fcross              =  1.25440e+06
Note: Starting dynamic gmin stepping
Warning: Dynamic gmin stepping failed
Note: Starting true gmin stepping
Note: True gmin stepping completed
pmarg               =  8.09911e+01
tdc                 =  7.77434e+01
mode=3db  rload=10k  rsrc=1m  pos=2  C=220p
fcross = 1.254400e+06
pmarg = 8.099112e+01
tdc = 7.774337e+01
Doing analysis at TEMP = 27.000000 and TNOM = 27.000000

Using SPARSE 1.3 as Direct Linear Solver

No. of Data Rows : 801
fcross              =  1.25463e+06
Note: Starting dynamic gmin stepping
Warning: Dynamic gmin stepping failed
Note: Starting true gmin stepping
Note: True gmin stepping completed
pmarg               =  7.96582e+01
tdc                 =  7.77434e+01
mode=3db  rload=10k  rsrc=1m  pos=2  C=470p
fcross = 1.254630e+06
pmarg = 7.965823e+01
tdc = 7.774337e+01
Doing analysis at TEMP = 27.000000 and TNOM = 27.000000

Using SPARSE 1.3 as Direct Linear Solver

No. of Data Rows : 801
fcross              =  1.25275e+06
Note: Starting dynamic gmin stepping
Warning: Dynamic gmin stepping failed
Note: Starting true gmin stepping
Note: True gmin stepping completed
pmarg               =  7.68740e+01
tdc                 =  7.77434e+01
mode=3db  rload=10k  rsrc=1m  pos=2  C=1n
fcross = 1.252745e+06
pmarg = 7.687397e+01
tdc = 7.774337e+01
Doing analysis at TEMP = 27.000000 and TNOM = 27.000000

Using SPARSE 1.3 as Direct Linear Solver

No. of Data Rows : 801
fcross              =  1.24808e+06
Note: Starting dynamic gmin stepping
Warning: Dynamic gmin stepping failed
Note: Starting true gmin stepping
Note: True gmin stepping completed
pmarg               =  7.43234e+01
tdc                 =  7.77434e+01
mode=3db  rload=10k  rsrc=1m  pos=2  C=1.5n
fcross = 1.248080e+06
pmarg = 7.432342e+01
tdc = 7.774337e+01
Doing analysis at TEMP = 27.000000 and TNOM = 27.000000

Using SPARSE 1.3 as Direct Linear Solver

No. of Data Rows : 801
fcross              =  1.23719e+06
Note: Starting dynamic gmin stepping
Warning: Dynamic gmin stepping failed
Note: Starting true gmin stepping
Note: True gmin stepping completed
pmarg               =  7.09225e+01
tdc                 =  7.77434e+01
mode=3db  rload=10k  rsrc=1m  pos=2  C=2.2n
fcross = 1.237192e+06
pmarg = 7.092254e+01
tdc = 7.774337e+01
Doing analysis at TEMP = 27.000000 and TNOM = 27.000000

Using SPARSE 1.3 as Direct Linear Solver

No. of Data Rows : 801
fcross              =  1.22675e+06
Note: Starting dynamic gmin stepping
Warning: Dynamic gmin stepping failed
Note: Starting true gmin stepping
Note: True gmin stepping completed
pmarg               =  6.86371e+01
tdc                 =  7.77434e+01
mode=3db  rload=10k  rsrc=1m  pos=2  C=2.7n
fcross = 1.226746e+06
pmarg = 6.863713e+01
tdc = 7.774337e+01
Doing analysis at TEMP = 27.000000 and TNOM = 27.000000

Using SPARSE 1.3 as Direct Linear Solver

No. of Data Rows : 801
fcross              =  1.21192e+06
Note: Starting dynamic gmin stepping
Warning: Dynamic gmin stepping failed
Note: Starting true gmin stepping
Note: True gmin stepping completed
pmarg               =  6.60667e+01
tdc                 =  7.77434e+01
mode=3db  rload=10k  rsrc=1m  pos=2  C=3.3n
fcross = 1.211921e+06
pmarg = 6.606670e+01
tdc = 7.774337e+01
Doing analysis at TEMP = 27.000000 and TNOM = 27.000000

Using SPARSE 1.3 as Direct Linear Solver

No. of Data Rows : 801
fcross              =  1.17061e+06
Note: Starting dynamic gmin stepping
Warning: Dynamic gmin stepping failed
Note: Starting true gmin stepping
Note: True gmin stepping completed
pmarg               =  6.08187e+01
tdc                 =  7.77434e+01
mode=3db  rload=10k  rsrc=1m  pos=2  C=4.7n
fcross = 1.170605e+06
pmarg = 6.081870e+01
tdc = 7.774336e+01
Doing analysis at TEMP = 27.000000 and TNOM = 27.000000

Using SPARSE 1.3 as Direct Linear Solver

No. of Data Rows : 801
fcross              =  1.25342e+06
Note: Starting dynamic gmin stepping
Warning: Dynamic gmin stepping failed
Note: Starting true gmin stepping
Note: True gmin stepping completed
pmarg               =  8.17774e+01
tdc                 =  7.77708e+01
mode=3db  rload=10k  rsrc=1k  pos=1  C=1f
fcross = 1.253417e+06
pmarg = 8.177741e+01
tdc = 7.777075e+01
Doing analysis at TEMP = 27.000000 and TNOM = 27.000000

Using SPARSE 1.3 as Direct Linear Solver

No. of Data Rows : 801
fcross              =  1.25353e+06
Note: Starting dynamic gmin stepping
Warning: Dynamic gmin stepping failed
Note: Starting true gmin stepping
Note: True gmin stepping completed
pmarg               =  8.15289e+01
tdc                 =  7.77708e+01
mode=3db  rload=10k  rsrc=1k  pos=1  C=47p
fcross = 1.253532e+06
pmarg = 8.152886e+01
tdc = 7.777075e+01
Doing analysis at TEMP = 27.000000 and TNOM = 27.000000

Using SPARSE 1.3 as Direct Linear Solver

No. of Data Rows : 801
fcross              =  1.25339e+06
Note: Starting dynamic gmin stepping
Warning: Dynamic gmin stepping failed
Note: Starting true gmin stepping
Note: True gmin stepping completed
pmarg               =  8.12525e+01
tdc                 =  7.77708e+01
mode=3db  rload=10k  rsrc=1k  pos=1  C=100p
fcross = 1.253391e+06
pmarg = 8.125247e+01
tdc = 7.777076e+01
Doing analysis at TEMP = 27.000000 and TNOM = 27.000000

Using SPARSE 1.3 as Direct Linear Solver

No. of Data Rows : 801
fcross              =  1.25203e+06
Note: Starting dynamic gmin stepping
Warning: Dynamic gmin stepping failed
Note: Starting true gmin stepping
Note: True gmin stepping completed
pmarg               =  8.06468e+01
tdc                 =  7.77708e+01
mode=3db  rload=10k  rsrc=1k  pos=1  C=220p
fcross = 1.252029e+06
pmarg = 8.064678e+01
tdc = 7.777076e+01
Doing analysis at TEMP = 27.000000 and TNOM = 27.000000

Using SPARSE 1.3 as Direct Linear Solver

No. of Data Rows : 801
fcross              =  1.24487e+06
Note: Starting dynamic gmin stepping
Warning: Dynamic gmin stepping failed
Note: Starting true gmin stepping
Note: True gmin stepping completed
pmarg               =  7.95096e+01
tdc                 =  7.77708e+01
mode=3db  rload=10k  rsrc=1k  pos=1  C=470p
fcross = 1.244873e+06
pmarg = 7.950956e+01
tdc = 7.777076e+01
Doing analysis at TEMP = 27.000000 and TNOM = 27.000000

Using SPARSE 1.3 as Direct Linear Solver

No. of Data Rows : 801
fcross              =  1.21631e+06
Note: Starting dynamic gmin stepping
Warning: Dynamic gmin stepping failed
Note: Starting true gmin stepping
Note: True gmin stepping completed
pmarg               =  7.78191e+01
tdc                 =  7.77708e+01
mode=3db  rload=10k  rsrc=1k  pos=1  C=1n
fcross = 1.216314e+06
pmarg = 7.781910e+01
tdc = 7.777077e+01
Doing analysis at TEMP = 27.000000 and TNOM = 27.000000

Using SPARSE 1.3 as Direct Linear Solver

No. of Data Rows : 801
fcross              =  1.18360e+06
Note: Starting dynamic gmin stepping
Warning: Dynamic gmin stepping failed
Note: Starting true gmin stepping
Note: True gmin stepping completed
pmarg               =  7.70637e+01
tdc                 =  7.77708e+01
mode=3db  rload=10k  rsrc=1k  pos=1  C=1.5n
fcross = 1.183596e+06
pmarg = 7.706372e+01
tdc = 7.777078e+01
Doing analysis at TEMP = 27.000000 and TNOM = 27.000000

Using SPARSE 1.3 as Direct Linear Solver

No. of Data Rows : 801
fcross              =  1.14169e+06
Note: Starting dynamic gmin stepping
Warning: Dynamic gmin stepping failed
Note: Starting true gmin stepping
Note: True gmin stepping completed
pmarg               =  7.68775e+01
tdc                 =  7.77708e+01
mode=3db  rload=10k  rsrc=1k  pos=1  C=2.2n
fcross = 1.141693e+06
pmarg = 7.687748e+01
tdc = 7.777079e+01
Doing analysis at TEMP = 27.000000 and TNOM = 27.000000

Using SPARSE 1.3 as Direct Linear Solver

No. of Data Rows : 801
fcross              =  1.11713e+06
Note: Starting dynamic gmin stepping
Warning: Dynamic gmin stepping failed
Note: Starting true gmin stepping
Note: True gmin stepping completed
pmarg               =  7.70735e+01
tdc                 =  7.77708e+01
mode=3db  rload=10k  rsrc=1k  pos=1  C=2.7n
fcross = 1.117133e+06
pmarg = 7.707350e+01
tdc = 7.777080e+01
Doing analysis at TEMP = 27.000000 and TNOM = 27.000000

Using SPARSE 1.3 as Direct Linear Solver

No. of Data Rows : 801
fcross              =  1.09336e+06
Note: Starting dynamic gmin stepping
Warning: Dynamic gmin stepping failed
Note: Starting true gmin stepping
Note: True gmin stepping completed
pmarg               =  7.74689e+01
tdc                 =  7.77708e+01
mode=3db  rload=10k  rsrc=1k  pos=1  C=3.3n
fcross = 1.093361e+06
pmarg = 7.746892e+01
tdc = 7.777081e+01
Doing analysis at TEMP = 27.000000 and TNOM = 27.000000

Using SPARSE 1.3 as Direct Linear Solver

No. of Data Rows : 801
fcross              =  1.05599e+06
Note: Starting dynamic gmin stepping
Warning: Dynamic gmin stepping failed
Note: Starting true gmin stepping
Note: True gmin stepping completed
pmarg               =  7.85560e+01
tdc                 =  7.77708e+01
mode=3db  rload=10k  rsrc=1k  pos=1  C=4.7n
fcross = 1.055986e+06
pmarg = 7.855605e+01
tdc = 7.777084e+01
Doing analysis at TEMP = 27.000000 and TNOM = 27.000000

Using SPARSE 1.3 as Direct Linear Solver

No. of Data Rows : 801
fcross              =  1.25342e+06
Note: Starting dynamic gmin stepping
Warning: Dynamic gmin stepping failed
Note: Starting true gmin stepping
Note: True gmin stepping completed
pmarg               =  8.17774e+01
tdc                 =  7.77708e+01
mode=3db  rload=10k  rsrc=1k  pos=2  C=1f
fcross = 1.253417e+06
pmarg = 8.177741e+01
tdc = 7.777075e+01
Doing analysis at TEMP = 27.000000 and TNOM = 27.000000

Using SPARSE 1.3 as Direct Linear Solver
 Reference value :  1.00000e+00
No. of Data Rows : 801
fcross              =  1.25363e+06
Note: Starting dynamic gmin stepping
Warning: Dynamic gmin stepping failed
Note: Starting true gmin stepping
Note: True gmin stepping completed
pmarg               =  8.15251e+01
tdc                 =  7.77708e+01
mode=3db  rload=10k  rsrc=1k  pos=2  C=47p
fcross = 1.253634e+06
pmarg = 8.152510e+01
tdc = 7.777075e+01
Doing analysis at TEMP = 27.000000 and TNOM = 27.000000

Using SPARSE 1.3 as Direct Linear Solver

No. of Data Rows : 801
fcross              =  1.25385e+06
Note: Starting dynamic gmin stepping
Warning: Dynamic gmin stepping failed
Note: Starting true gmin stepping
Note: True gmin stepping completed
pmarg               =  8.12408e+01
tdc                 =  7.77708e+01
mode=3db  rload=10k  rsrc=1k  pos=2  C=100p
fcross = 1.253848e+06
pmarg = 8.124079e+01
tdc = 7.777075e+01
Doing analysis at TEMP = 27.000000 and TNOM = 27.000000

Using SPARSE 1.3 as Direct Linear Solver

No. of Data Rows : 801
fcross              =  1.25421e+06
Note: Starting dynamic gmin stepping
Warning: Dynamic gmin stepping failed
Note: Starting true gmin stepping
Note: True gmin stepping completed
pmarg               =  8.05981e+01
tdc                 =  7.77708e+01
mode=3db  rload=10k  rsrc=1k  pos=2  C=220p
fcross = 1.254213e+06
pmarg = 8.059810e+01
tdc = 7.777075e+01
Doing analysis at TEMP = 27.000000 and TNOM = 27.000000

Using SPARSE 1.3 as Direct Linear Solver

No. of Data Rows : 801
fcross              =  1.25444e+06
Note: Starting dynamic gmin stepping
Warning: Dynamic gmin stepping failed
Note: Starting true gmin stepping
Note: True gmin stepping completed
pmarg               =  7.92653e+01
tdc                 =  7.77708e+01
mode=3db  rload=10k  rsrc=1k  pos=2  C=470p
fcross = 1.254444e+06
pmarg = 7.926530e+01
tdc = 7.777075e+01
Doing analysis at TEMP = 27.000000 and TNOM = 27.000000

Using SPARSE 1.3 as Direct Linear Solver

No. of Data Rows : 801
fcross              =  1.25256e+06
Note: Starting dynamic gmin stepping
Warning: Dynamic gmin stepping failed
Note: Starting true gmin stepping
Note: True gmin stepping completed
pmarg               =  7.64820e+01
tdc                 =  7.77708e+01
mode=3db  rload=10k  rsrc=1k  pos=2  C=1n
fcross = 1.252561e+06
pmarg = 7.648198e+01
tdc = 7.777075e+01
Doing analysis at TEMP = 27.000000 and TNOM = 27.000000

Using SPARSE 1.3 as Direct Linear Solver

No. of Data Rows : 801
fcross              =  1.24790e+06
Note: Starting dynamic gmin stepping
Warning: Dynamic gmin stepping failed
Note: Starting true gmin stepping
Note: True gmin stepping completed
pmarg               =  7.39332e+01
tdc                 =  7.77707e+01
mode=3db  rload=10k  rsrc=1k  pos=2  C=1.5n
fcross = 1.247899e+06
pmarg = 7.393316e+01
tdc = 7.777075e+01
Doing analysis at TEMP = 27.000000 and TNOM = 27.000000

Using SPARSE 1.3 as Direct Linear Solver

No. of Data Rows : 801
fcross              =  1.23702e+06
Note: Starting dynamic gmin stepping
Warning: Dynamic gmin stepping failed
Note: Starting true gmin stepping
Note: True gmin stepping completed
pmarg               =  7.05360e+01
tdc                 =  7.77707e+01
mode=3db  rload=10k  rsrc=1k  pos=2  C=2.2n
fcross = 1.237018e+06
pmarg = 7.053600e+01
tdc = 7.777075e+01
Doing analysis at TEMP = 27.000000 and TNOM = 27.000000

Using SPARSE 1.3 as Direct Linear Solver

No. of Data Rows : 801
fcross              =  1.22658e+06
Note: Starting dynamic gmin stepping
Warning: Dynamic gmin stepping failed
Note: Starting true gmin stepping
Note: True gmin stepping completed
pmarg               =  6.82540e+01
tdc                 =  7.77707e+01
mode=3db  rload=10k  rsrc=1k  pos=2  C=2.7n
fcross = 1.226582e+06
pmarg = 6.825396e+01
tdc = 7.777075e+01
Doing analysis at TEMP = 27.000000 and TNOM = 27.000000

Using SPARSE 1.3 as Direct Linear Solver

No. of Data Rows : 801
fcross              =  1.21177e+06
Note: Starting dynamic gmin stepping
Warning: Dynamic gmin stepping failed
Note: Starting true gmin stepping
Note: True gmin stepping completed
pmarg               =  6.56883e+01
tdc                 =  7.77707e+01
mode=3db  rload=10k  rsrc=1k  pos=2  C=3.3n
fcross = 1.211766e+06
pmarg = 6.568830e+01
tdc = 7.777075e+01
Doing analysis at TEMP = 27.000000 and TNOM = 27.000000

Using SPARSE 1.3 as Direct Linear Solver

No. of Data Rows : 801
fcross              =  1.17047e+06
pmarg               =  6.04532e+01
tdc                 =  7.77707e+01
mode=3db  rload=10k  rsrc=1k  pos=2  C=4.7n
fcross = 1.170475e+06
pmarg = 6.045320e+01
tdc = 7.777074e+01
Doing analysis at TEMP = 27.000000 and TNOM = 27.000000

Using SPARSE 1.3 as Direct Linear Solver

No. of Data Rows : 801
fcross              =  1.25278e+06
pmarg               =  8.11984e+01
tdc                 =  7.77708e+01
mode=3db  rload=10k  rsrc=2.5k  pos=1  C=1f
fcross = 1.252785e+06
pmarg = 8.119838e+01
tdc = 7.777075e+01
Doing analysis at TEMP = 27.000000 and TNOM = 27.000000

Using SPARSE 1.3 as Direct Linear Solver

No. of Data Rows : 801
fcross              =  1.25290e+06
pmarg               =  8.09499e+01
tdc                 =  7.77708e+01
mode=3db  rload=10k  rsrc=2.5k  pos=1  C=47p
fcross = 1.252899e+06
pmarg = 8.094989e+01
tdc = 7.777076e+01
Doing analysis at TEMP = 27.000000 and TNOM = 27.000000

Using SPARSE 1.3 as Direct Linear Solver

No. of Data Rows : 801
fcross              =  1.25276e+06
pmarg               =  8.06737e+01
tdc                 =  7.77708e+01
mode=3db  rload=10k  rsrc=2.5k  pos=1  C=100p
fcross = 1.252759e+06
pmarg = 8.067369e+01
tdc = 7.777076e+01
Doing analysis at TEMP = 27.000000 and TNOM = 27.000000

Using SPARSE 1.3 as Direct Linear Solver

No. of Data Rows : 801
fcross              =  1.25140e+06
pmarg               =  8.00689e+01
tdc                 =  7.77708e+01
mode=3db  rload=10k  rsrc=2.5k  pos=1  C=220p
fcross = 1.251400e+06
pmarg = 8.006890e+01
tdc = 7.777076e+01
Doing analysis at TEMP = 27.000000 and TNOM = 27.000000

Using SPARSE 1.3 as Direct Linear Solver

No. of Data Rows : 801
fcross              =  1.24426e+06
pmarg               =  7.89353e+01
tdc                 =  7.77708e+01
mode=3db  rload=10k  rsrc=2.5k  pos=1  C=470p
fcross = 1.244257e+06
pmarg = 7.893534e+01
tdc = 7.777076e+01
Doing analysis at TEMP = 27.000000 and TNOM = 27.000000

Using SPARSE 1.3 as Direct Linear Solver

No. of Data Rows : 801
fcross              =  1.21576e+06
pmarg               =  7.72578e+01
tdc                 =  7.77708e+01
mode=3db  rload=10k  rsrc=2.5k  pos=1  C=1n
fcross = 1.215760e+06
pmarg = 7.725781e+01
tdc = 7.777077e+01
Doing analysis at TEMP = 27.000000 and TNOM = 27.000000

Using SPARSE 1.3 as Direct Linear Solver

No. of Data Rows : 801
fcross              =  1.18310e+06
pmarg               =  7.65167e+01
tdc                 =  7.77708e+01
mode=3db  rload=10k  rsrc=2.5k  pos=1  C=1.5n
fcross = 1.183099e+06
pmarg = 7.651671e+01
tdc = 7.777078e+01
Doing analysis at TEMP = 27.000000 and TNOM = 27.000000

Using SPARSE 1.3 as Direct Linear Solver

No. of Data Rows : 801
fcross              =  1.14126e+06
pmarg               =  7.63486e+01
tdc                 =  7.77708e+01
mode=3db  rload=10k  rsrc=2.5k  pos=1  C=2.2n
fcross = 1.141260e+06
pmarg = 7.634862e+01
tdc = 7.777080e+01
Doing analysis at TEMP = 27.000000 and TNOM = 27.000000

Using SPARSE 1.3 as Direct Linear Solver

No. of Data Rows : 801
fcross              =  1.11673e+06
pmarg               =  7.65553e+01
tdc                 =  7.77708e+01
mode=3db  rload=10k  rsrc=2.5k  pos=1  C=2.7n
fcross = 1.116729e+06
pmarg = 7.655534e+01
tdc = 7.777081e+01
Doing analysis at TEMP = 27.000000 and TNOM = 27.000000

Using SPARSE 1.3 as Direct Linear Solver

No. of Data Rows : 801
fcross              =  1.09298e+06
pmarg               =  7.69612e+01
tdc                 =  7.77708e+01
mode=3db  rload=10k  rsrc=2.5k  pos=1  C=3.3n
fcross = 1.092982e+06
pmarg = 7.696120e+01
tdc = 7.777082e+01
Doing analysis at TEMP = 27.000000 and TNOM = 27.000000

Using SPARSE 1.3 as Direct Linear Solver

No. of Data Rows : 801
fcross              =  1.05563e+06
pmarg               =  7.80650e+01
tdc                 =  7.77708e+01
mode=3db  rload=10k  rsrc=2.5k  pos=1  C=4.7n
fcross = 1.055632e+06
pmarg = 7.806499e+01
tdc = 7.777084e+01
Doing analysis at TEMP = 27.000000 and TNOM = 27.000000

Using SPARSE 1.3 as Direct Linear Solver

No. of Data Rows : 801
fcross              =  1.25278e+06
pmarg               =  8.11984e+01
tdc                 =  7.77708e+01
mode=3db  rload=10k  rsrc=2.5k  pos=2  C=1f
fcross = 1.252785e+06
pmarg = 8.119838e+01
tdc = 7.777075e+01
Doing analysis at TEMP = 27.000000 and TNOM = 27.000000

Using SPARSE 1.3 as Direct Linear Solver

No. of Data Rows : 801
fcross              =  1.25300e+06
pmarg               =  8.09461e+01
tdc                 =  7.77708e+01
mode=3db  rload=10k  rsrc=2.5k  pos=2  C=47p
fcross = 1.253001e+06
pmarg = 8.094609e+01
tdc = 7.777075e+01
Doing analysis at TEMP = 27.000000 and TNOM = 27.000000

Using SPARSE 1.3 as Direct Linear Solver

No. of Data Rows : 801
fcross              =  1.25321e+06
pmarg               =  8.06618e+01
tdc                 =  7.77708e+01
mode=3db  rload=10k  rsrc=2.5k  pos=2  C=100p
fcross = 1.253215e+06
pmarg = 8.066182e+01
tdc = 7.777075e+01
Doing analysis at TEMP = 27.000000 and TNOM = 27.000000

Using SPARSE 1.3 as Direct Linear Solver

No. of Data Rows : 801
fcross              =  1.25358e+06
pmarg               =  8.00193e+01
tdc                 =  7.77708e+01
mode=3db  rload=10k  rsrc=2.5k  pos=2  C=220p
fcross = 1.253580e+06
pmarg = 8.001927e+01
tdc = 7.777075e+01
Doing analysis at TEMP = 27.000000 and TNOM = 27.000000

Using SPARSE 1.3 as Direct Linear Solver

No. of Data Rows : 801
fcross              =  1.25381e+06
pmarg               =  7.86870e+01
tdc                 =  7.77708e+01
mode=3db  rload=10k  rsrc=2.5k  pos=2  C=470p
fcross = 1.253811e+06
pmarg = 7.868701e+01
tdc = 7.777075e+01
Doing analysis at TEMP = 27.000000 and TNOM = 27.000000

Using SPARSE 1.3 as Direct Linear Solver

No. of Data Rows : 801
fcross              =  1.25193e+06
pmarg               =  7.59058e+01
tdc                 =  7.77708e+01
mode=3db  rload=10k  rsrc=2.5k  pos=2  C=1n
fcross = 1.251932e+06
pmarg = 7.590585e+01
tdc = 7.777075e+01
Doing analysis at TEMP = 27.000000 and TNOM = 27.000000

Using SPARSE 1.3 as Direct Linear Solver

No. of Data Rows : 801
fcross              =  1.24728e+06
pmarg               =  7.33603e+01
tdc                 =  7.77708e+01
mode=3db  rload=10k  rsrc=2.5k  pos=2  C=1.5n
fcross = 1.247280e+06
pmarg = 7.336027e+01
tdc = 7.777075e+01
Doing analysis at TEMP = 27.000000 and TNOM = 27.000000

Using SPARSE 1.3 as Direct Linear Solver

No. of Data Rows : 801
fcross              =  1.23642e+06
pmarg               =  6.99694e+01
tdc                 =  7.77707e+01
mode=3db  rload=10k  rsrc=2.5k  pos=2  C=2.2n
fcross = 1.236421e+06
pmarg = 6.996938e+01
tdc = 7.777075e+01
Doing analysis at TEMP = 27.000000 and TNOM = 27.000000

Using SPARSE 1.3 as Direct Linear Solver

No. of Data Rows : 801
fcross              =  1.22602e+06
pmarg               =  6.76926e+01
tdc                 =  7.77707e+01
mode=3db  rload=10k  rsrc=2.5k  pos=2  C=2.7n
fcross = 1.226017e+06
pmarg = 6.769260e+01
tdc = 7.777075e+01
Doing analysis at TEMP = 27.000000 and TNOM = 27.000000

Using SPARSE 1.3 as Direct Linear Solver

No. of Data Rows : 801
fcross              =  1.21123e+06
pmarg               =  6.51343e+01
tdc                 =  7.77707e+01
mode=3db  rload=10k  rsrc=2.5k  pos=2  C=3.3n
fcross = 1.211227e+06
pmarg = 6.513433e+01
tdc = 7.777075e+01
Doing analysis at TEMP = 27.000000 and TNOM = 27.000000

Using SPARSE 1.3 as Direct Linear Solver

No. of Data Rows : 801
fcross              =  1.17002e+06
Note: Starting dynamic gmin stepping
Warning: Dynamic gmin stepping failed
Note: Starting true gmin stepping
Warning: True gmin stepping failed
Note: Starting source stepping
Note: Source stepping completed
pmarg               =  5.99183e+01
tdc                 =  7.77707e+01
mode=3db  rload=10k  rsrc=2.5k  pos=2  C=4.7n
fcross = 1.170021e+06
pmarg = 5.991832e+01
tdc = 7.777074e+01
Doing analysis at TEMP = 27.000000 and TNOM = 27.000000

Using SPARSE 1.3 as Direct Linear Solver

No. of Data Rows : 801
fcross              =  1.25275e+06
Note: Starting dynamic gmin stepping
Warning: Dynamic gmin stepping failed
Note: Starting true gmin stepping
Warning: True gmin stepping failed
Note: Starting source stepping
Note: Source stepping completed
pmarg               =  8.11711e+01
tdc                 =  7.77707e+01
mode=3db  rload=10k  rsrc=2.571k  pos=1  C=1f
fcross = 1.252749e+06
pmarg = 8.117114e+01
tdc = 7.777070e+01
Doing analysis at TEMP = 27.000000 and TNOM = 27.000000

Using SPARSE 1.3 as Direct Linear Solver

No. of Data Rows : 801
fcross              =  1.25286e+06
Note: Starting dynamic gmin stepping
Warning: Dynamic gmin stepping failed
Note: Starting true gmin stepping
Warning: True gmin stepping failed
Note: Starting source stepping
Note: Source stepping completed
pmarg               =  8.09227e+01
tdc                 =  7.77707e+01
mode=3db  rload=10k  rsrc=2.571k  pos=1  C=47p
fcross = 1.252863e+06
pmarg = 8.092266e+01
tdc = 7.777070e+01
Doing analysis at TEMP = 27.000000 and TNOM = 27.000000

Using SPARSE 1.3 as Direct Linear Solver
 Reference value :  1.00000e+00
No. of Data Rows : 801
fcross              =  1.25272e+06
Note: Starting dynamic gmin stepping
Warning: Dynamic gmin stepping failed
Note: Starting true gmin stepping
Warning: True gmin stepping failed
Note: Starting source stepping
Note: Source stepping completed
pmarg               =  8.06465e+01
tdc                 =  7.77707e+01
mode=3db  rload=10k  rsrc=2.571k  pos=1  C=100p
fcross = 1.252723e+06
pmarg = 8.064647e+01
tdc = 7.777071e+01
Doing analysis at TEMP = 27.000000 and TNOM = 27.000000

Using SPARSE 1.3 as Direct Linear Solver

No. of Data Rows : 801
fcross              =  1.25136e+06
Note: Starting dynamic gmin stepping
Warning: Dynamic gmin stepping failed
Note: Starting true gmin stepping
Warning: True gmin stepping failed
Note: Starting source stepping
Note: Source stepping completed
pmarg               =  8.00417e+01
tdc                 =  7.77707e+01
mode=3db  rload=10k  rsrc=2.571k  pos=1  C=220p
fcross = 1.251364e+06
pmarg = 8.004173e+01
tdc = 7.777071e+01
Doing analysis at TEMP = 27.000000 and TNOM = 27.000000

Using SPARSE 1.3 as Direct Linear Solver

No. of Data Rows : 801
fcross              =  1.24422e+06
Note: Starting dynamic gmin stepping
Warning: Dynamic gmin stepping failed
Note: Starting true gmin stepping
Warning: True gmin stepping failed
Note: Starting source stepping
Note: Source stepping completed
pmarg               =  7.89083e+01
tdc                 =  7.77707e+01
mode=3db  rload=10k  rsrc=2.571k  pos=1  C=470p
fcross = 1.244223e+06
pmarg = 7.890834e+01
tdc = 7.777071e+01
Doing analysis at TEMP = 27.000000 and TNOM = 27.000000

Using SPARSE 1.3 as Direct Linear Solver

No. of Data Rows : 801
fcross              =  1.21573e+06
Note: Starting dynamic gmin stepping
Warning: Dynamic gmin stepping failed
Note: Starting true gmin stepping
Warning: True gmin stepping failed
Note: Starting source stepping
Note: Source stepping completed
pmarg               =  7.72314e+01
tdc                 =  7.77707e+01
mode=3db  rload=10k  rsrc=2.571k  pos=1  C=1n
fcross = 1.215729e+06
pmarg = 7.723141e+01
tdc = 7.777072e+01
Doing analysis at TEMP = 27.000000 and TNOM = 27.000000

Using SPARSE 1.3 as Direct Linear Solver

No. of Data Rows : 801
fcross              =  1.18307e+06
Note: Starting dynamic gmin stepping
Warning: Dynamic gmin stepping failed
Note: Starting true gmin stepping
Warning: True gmin stepping failed
Note: Starting source stepping
Note: Source stepping completed
pmarg               =  7.64910e+01
tdc                 =  7.77707e+01
mode=3db  rload=10k  rsrc=2.571k  pos=1  C=1.5n
fcross = 1.183072e+06
pmarg = 7.649097e+01
tdc = 7.777073e+01
Doing analysis at TEMP = 27.000000 and TNOM = 27.000000

Using SPARSE 1.3 as Direct Linear Solver

No. of Data Rows : 801
fcross              =  1.14124e+06
Note: Starting dynamic gmin stepping
Warning: Dynamic gmin stepping failed
Note: Starting true gmin stepping
Warning: True gmin stepping failed
Note: Starting source stepping
Note: Source stepping completed
pmarg               =  7.63237e+01
tdc                 =  7.77707e+01
mode=3db  rload=10k  rsrc=2.571k  pos=1  C=2.2n
fcross = 1.141236e+06
pmarg = 7.632371e+01
tdc = 7.777074e+01
Doing analysis at TEMP = 27.000000 and TNOM = 27.000000

Using SPARSE 1.3 as Direct Linear Solver

No. of Data Rows : 801
fcross              =  1.11671e+06
Note: Starting dynamic gmin stepping
Warning: Dynamic gmin stepping failed
Note: Starting true gmin stepping
Warning: True gmin stepping failed
Note: Starting source stepping
Note: Source stepping completed
pmarg               =  7.65309e+01
tdc                 =  7.77708e+01
mode=3db  rload=10k  rsrc=2.571k  pos=1  C=2.7n
fcross = 1.116708e+06
pmarg = 7.653093e+01
tdc = 7.777075e+01
Doing analysis at TEMP = 27.000000 and TNOM = 27.000000

Using SPARSE 1.3 as Direct Linear Solver

No. of Data Rows : 801
fcross              =  1.09296e+06
Note: Starting dynamic gmin stepping
Warning: Dynamic gmin stepping failed
Note: Starting true gmin stepping
Warning: True gmin stepping failed
Note: Starting source stepping
Note: Source stepping completed
pmarg               =  7.69373e+01
tdc                 =  7.77708e+01
mode=3db  rload=10k  rsrc=2.571k  pos=1  C=3.3n
fcross = 1.092961e+06
pmarg = 7.693727e+01
tdc = 7.777076e+01
Doing analysis at TEMP = 27.000000 and TNOM = 27.000000

Using SPARSE 1.3 as Direct Linear Solver

No. of Data Rows : 801
fcross              =  1.05561e+06
Note: Starting dynamic gmin stepping
Warning: Dynamic gmin stepping failed
Note: Starting true gmin stepping
Warning: True gmin stepping failed
Note: Starting source stepping
Note: Source stepping completed
pmarg               =  7.80418e+01
tdc                 =  7.77708e+01
mode=3db  rload=10k  rsrc=2.571k  pos=1  C=4.7n
fcross = 1.055614e+06
pmarg = 7.804184e+01
tdc = 7.777079e+01
Doing analysis at TEMP = 27.000000 and TNOM = 27.000000

Using SPARSE 1.3 as Direct Linear Solver

No. of Data Rows : 801
fcross              =  1.25275e+06
Note: Starting dynamic gmin stepping
Warning: Dynamic gmin stepping failed
Note: Starting true gmin stepping
Warning: True gmin stepping failed
Note: Starting source stepping
Note: Source stepping completed
pmarg               =  8.11711e+01
tdc                 =  7.77707e+01
mode=3db  rload=10k  rsrc=2.571k  pos=2  C=1f
fcross = 1.252749e+06
pmarg = 8.117114e+01
tdc = 7.777070e+01
Doing analysis at TEMP = 27.000000 and TNOM = 27.000000

Using SPARSE 1.3 as Direct Linear Solver

No. of Data Rows : 801
fcross              =  1.25297e+06
Note: Starting dynamic gmin stepping
Warning: Dynamic gmin stepping failed
Note: Starting true gmin stepping
Warning: True gmin stepping failed
Note: Starting source stepping
Note: Source stepping completed
pmarg               =  8.09189e+01
tdc                 =  7.77707e+01
mode=3db  rload=10k  rsrc=2.571k  pos=2  C=47p
fcross = 1.252965e+06
pmarg = 8.091886e+01
tdc = 7.777070e+01
Doing analysis at TEMP = 27.000000 and TNOM = 27.000000

Using SPARSE 1.3 as Direct Linear Solver

No. of Data Rows : 801
fcross              =  1.25318e+06
Note: Starting dynamic gmin stepping
Warning: Dynamic gmin stepping failed
Note: Starting true gmin stepping
Warning: True gmin stepping failed
Note: Starting source stepping
Note: Source stepping completed
pmarg               =  8.06346e+01
tdc                 =  7.77707e+01
mode=3db  rload=10k  rsrc=2.571k  pos=2  C=100p
fcross = 1.253179e+06
pmarg = 8.063459e+01
tdc = 7.777070e+01
Doing analysis at TEMP = 27.000000 and TNOM = 27.000000

Using SPARSE 1.3 as Direct Linear Solver

No. of Data Rows : 801
fcross              =  1.25354e+06
Note: Starting dynamic gmin stepping
Warning: Dynamic gmin stepping failed
Note: Starting true gmin stepping
Warning: True gmin stepping failed
Note: Starting source stepping
Note: Source stepping completed
pmarg               =  7.99921e+01
tdc                 =  7.77707e+01
mode=3db  rload=10k  rsrc=2.571k  pos=2  C=220p
fcross = 1.253544e+06
pmarg = 7.999205e+01
tdc = 7.777070e+01
Doing analysis at TEMP = 27.000000 and TNOM = 27.000000

Using SPARSE 1.3 as Direct Linear Solver

No. of Data Rows : 801
fcross              =  1.25377e+06
Note: Starting dynamic gmin stepping
Warning: Dynamic gmin stepping failed
Note: Starting true gmin stepping
Warning: True gmin stepping failed
Note: Starting source stepping
Note: Source stepping completed
pmarg               =  7.86598e+01
tdc                 =  7.77707e+01
mode=3db  rload=10k  rsrc=2.571k  pos=2  C=470p
fcross = 1.253775e+06
pmarg = 7.865983e+01
tdc = 7.777070e+01
Doing analysis at TEMP = 27.000000 and TNOM = 27.000000

Using SPARSE 1.3 as Direct Linear Solver

No. of Data Rows : 801
fcross              =  1.25190e+06
Note: Starting dynamic gmin stepping
Warning: Dynamic gmin stepping failed
Note: Starting true gmin stepping
Warning: True gmin stepping failed
Note: Starting source stepping
Note: Source stepping completed
pmarg               =  7.58788e+01
tdc                 =  7.77707e+01
mode=3db  rload=10k  rsrc=2.571k  pos=2  C=1n
fcross = 1.251897e+06
pmarg = 7.587878e+01
tdc = 7.777070e+01
Doing analysis at TEMP = 27.000000 and TNOM = 27.000000

Using SPARSE 1.3 as Direct Linear Solver

No. of Data Rows : 801
fcross              =  1.24725e+06
Note: Starting dynamic gmin stepping
Warning: Dynamic gmin stepping failed
Note: Starting true gmin stepping
Warning: True gmin stepping failed
Note: Starting source stepping
Note: Source stepping completed
pmarg               =  7.33334e+01
tdc                 =  7.77707e+01
mode=3db  rload=10k  rsrc=2.571k  pos=2  C=1.5n
fcross = 1.247245e+06
pmarg = 7.333336e+01
tdc = 7.777070e+01
Doing analysis at TEMP = 27.000000 and TNOM = 27.000000

Using SPARSE 1.3 as Direct Linear Solver

No. of Data Rows : 801
fcross              =  1.23639e+06
Note: Starting dynamic gmin stepping
Warning: Dynamic gmin stepping failed
Note: Starting true gmin stepping
Warning: True gmin stepping failed
Note: Starting source stepping
Note: Source stepping completed
pmarg               =  6.99428e+01
tdc                 =  7.77707e+01
mode=3db  rload=10k  rsrc=2.571k  pos=2  C=2.2n
fcross = 1.236387e+06
pmarg = 6.994278e+01
tdc = 7.777070e+01
Doing analysis at TEMP = 27.000000 and TNOM = 27.000000

Using SPARSE 1.3 as Direct Linear Solver

No. of Data Rows : 801
fcross              =  1.22599e+06
Note: Starting dynamic gmin stepping
Warning: Dynamic gmin stepping failed
Note: Starting true gmin stepping
Warning: True gmin stepping failed
Note: Starting source stepping
Note: Source stepping completed
pmarg               =  6.76662e+01
tdc                 =  7.77707e+01
mode=3db  rload=10k  rsrc=2.571k  pos=2  C=2.7n
fcross = 1.225985e+06
pmarg = 6.766624e+01
tdc = 7.777070e+01
Doing analysis at TEMP = 27.000000 and TNOM = 27.000000

Using SPARSE 1.3 as Direct Linear Solver
 Reference value :  1.00000e+00
No. of Data Rows : 801
fcross              =  1.21120e+06
Note: Starting dynamic gmin stepping
Warning: Dynamic gmin stepping failed
Note: Starting true gmin stepping
Warning: True gmin stepping failed
Note: Starting source stepping
Note: Source stepping completed
pmarg               =  6.51083e+01
tdc                 =  7.77707e+01
mode=3db  rload=10k  rsrc=2.571k  pos=2  C=3.3n
fcross = 1.211197e+06
pmarg = 6.510832e+01
tdc = 7.777069e+01
Doing analysis at TEMP = 27.000000 and TNOM = 27.000000

Using SPARSE 1.3 as Direct Linear Solver

No. of Data Rows : 801
fcross              =  1.17000e+06
Note: Starting dynamic gmin stepping
Warning: Dynamic gmin stepping failed
Note: Starting true gmin stepping
Warning: True gmin stepping failed
Note: Starting source stepping
Note: Source stepping completed
pmarg               =  5.98932e+01
tdc                 =  7.77707e+01
mode=3db  rload=10k  rsrc=2.571k  pos=2  C=4.7n
fcross = 1.169996e+06
pmarg = 5.989320e+01
tdc = 7.777069e+01
Doing analysis at TEMP = 27.000000 and TNOM = 27.000000

Using SPARSE 1.3 as Direct Linear Solver

No. of Data Rows : 801
fcross              =  1.25273e+06
Note: Starting dynamic gmin stepping
Warning: Dynamic gmin stepping failed
Note: Starting true gmin stepping
Warning: True gmin stepping failed
Note: Starting source stepping
Note: Source stepping completed
pmarg               =  8.11558e+01
tdc                 =  7.77707e+01
mode=3db  rload=10k  rsrc=2.611k  pos=1  C=1f
fcross = 1.252726e+06
pmarg = 8.115585e+01
tdc = 7.777070e+01
Doing analysis at TEMP = 27.000000 and TNOM = 27.000000

Using SPARSE 1.3 as Direct Linear Solver

No. of Data Rows : 801
fcross              =  1.25284e+06
Note: Starting dynamic gmin stepping
Warning: Dynamic gmin stepping failed
Note: Starting true gmin stepping
Warning: True gmin stepping failed
Note: Starting source stepping
Note: Source stepping completed
pmarg               =  8.09074e+01
tdc                 =  7.77707e+01
mode=3db  rload=10k  rsrc=2.611k  pos=1  C=47p
fcross = 1.252840e+06
pmarg = 8.090737e+01
tdc = 7.777070e+01
Doing analysis at TEMP = 27.000000 and TNOM = 27.000000

Using SPARSE 1.3 as Direct Linear Solver

No. of Data Rows : 801
fcross              =  1.25270e+06
Note: Starting dynamic gmin stepping
Warning: Dynamic gmin stepping failed
Note: Starting true gmin stepping
Warning: True gmin stepping failed
Note: Starting source stepping
Note: Source stepping completed
pmarg               =  8.06312e+01
tdc                 =  7.77707e+01
mode=3db  rload=10k  rsrc=2.611k  pos=1  C=100p
fcross = 1.252700e+06
pmarg = 8.063119e+01
tdc = 7.777071e+01
Doing analysis at TEMP = 27.000000 and TNOM = 27.000000

Using SPARSE 1.3 as Direct Linear Solver

No. of Data Rows : 801
fcross              =  1.25134e+06
Note: Starting dynamic gmin stepping
Warning: Dynamic gmin stepping failed
Note: Starting true gmin stepping
Warning: True gmin stepping failed
Note: Starting source stepping
Note: Source stepping completed
pmarg               =  8.00265e+01
tdc                 =  7.77707e+01
mode=3db  rload=10k  rsrc=2.611k  pos=1  C=220p
fcross = 1.251341e+06
pmarg = 8.002647e+01
tdc = 7.777071e+01
Doing analysis at TEMP = 27.000000 and TNOM = 27.000000

Using SPARSE 1.3 as Direct Linear Solver

No. of Data Rows : 801
fcross              =  1.24420e+06
Note: Starting dynamic gmin stepping
Warning: Dynamic gmin stepping failed
Note: Starting true gmin stepping
Warning: True gmin stepping failed
Note: Starting source stepping
Note: Source stepping completed
pmarg               =  7.88932e+01
tdc                 =  7.77707e+01
mode=3db  rload=10k  rsrc=2.611k  pos=1  C=470p
fcross = 1.244200e+06
pmarg = 7.889318e+01
tdc = 7.777071e+01
Doing analysis at TEMP = 27.000000 and TNOM = 27.000000

Using SPARSE 1.3 as Direct Linear Solver

No. of Data Rows : 801
fcross              =  1.21571e+06
Note: Starting dynamic gmin stepping
Warning: Dynamic gmin stepping failed
Note: Starting true gmin stepping
Warning: True gmin stepping failed
Note: Starting source stepping
Note: Source stepping completed
pmarg               =  7.72166e+01
tdc                 =  7.77707e+01
mode=3db  rload=10k  rsrc=2.611k  pos=1  C=1n
fcross = 1.215709e+06
pmarg = 7.721659e+01
tdc = 7.777072e+01
Doing analysis at TEMP = 27.000000 and TNOM = 27.000000

Using SPARSE 1.3 as Direct Linear Solver

No. of Data Rows : 801
fcross              =  1.18305e+06
Note: Starting dynamic gmin stepping
Warning: Dynamic gmin stepping failed
Note: Starting true gmin stepping
Warning: True gmin stepping failed
Note: Starting source stepping
Note: Source stepping completed
pmarg               =  7.64765e+01
tdc                 =  7.77707e+01
mode=3db  rload=10k  rsrc=2.611k  pos=1  C=1.5n
fcross = 1.183053e+06
pmarg = 7.647652e+01
tdc = 7.777073e+01
Doing analysis at TEMP = 27.000000 and TNOM = 27.000000

Using SPARSE 1.3 as Direct Linear Solver

No. of Data Rows : 801
fcross              =  1.14122e+06
Note: Starting dynamic gmin stepping
Warning: Dynamic gmin stepping failed
Note: Starting true gmin stepping
Warning: True gmin stepping failed
Note: Starting source stepping
Note: Source stepping completed
pmarg               =  7.63097e+01
tdc                 =  7.77707e+01
mode=3db  rload=10k  rsrc=2.611k  pos=1  C=2.2n
fcross = 1.141220e+06
pmarg = 7.630972e+01
tdc = 7.777074e+01
Doing analysis at TEMP = 27.000000 and TNOM = 27.000000

Using SPARSE 1.3 as Direct Linear Solver

No. of Data Rows : 801
fcross              =  1.11669e+06
Note: Starting dynamic gmin stepping
Warning: Dynamic gmin stepping failed
Note: Starting true gmin stepping
Warning: True gmin stepping failed
Note: Starting source stepping
Note: Source stepping completed
pmarg               =  7.65172e+01
tdc                 =  7.77708e+01
mode=3db  rload=10k  rsrc=2.611k  pos=1  C=2.7n
fcross = 1.116693e+06
pmarg = 7.651722e+01
tdc = 7.777075e+01
Doing analysis at TEMP = 27.000000 and TNOM = 27.000000

Using SPARSE 1.3 as Direct Linear Solver

No. of Data Rows : 801
fcross              =  1.09295e+06
Note: Starting dynamic gmin stepping
Warning: Dynamic gmin stepping failed
Note: Starting true gmin stepping
Warning: True gmin stepping failed
Note: Starting source stepping
Note: Source stepping completed
pmarg               =  7.69238e+01
tdc                 =  7.77708e+01
mode=3db  rload=10k  rsrc=2.611k  pos=1  C=3.3n
fcross = 1.092947e+06
pmarg = 7.692383e+01
tdc = 7.777076e+01
Doing analysis at TEMP = 27.000000 and TNOM = 27.000000

Using SPARSE 1.3 as Direct Linear Solver

No. of Data Rows : 801
fcross              =  1.05560e+06
Note: Starting dynamic gmin stepping
Warning: Dynamic gmin stepping failed
Note: Starting true gmin stepping
Warning: True gmin stepping failed
Note: Starting source stepping
Note: Source stepping completed
pmarg               =  7.80288e+01
tdc                 =  7.77708e+01
mode=3db  rload=10k  rsrc=2.611k  pos=1  C=4.7n
fcross = 1.055601e+06
pmarg = 7.802883e+01
tdc = 7.777079e+01
Doing analysis at TEMP = 27.000000 and TNOM = 27.000000

Using SPARSE 1.3 as Direct Linear Solver

No. of Data Rows : 801
fcross              =  1.25273e+06
Note: Starting dynamic gmin stepping
Warning: Dynamic gmin stepping failed
Note: Starting true gmin stepping
Warning: True gmin stepping failed
Note: Starting source stepping
Note: Source stepping completed
pmarg               =  8.11558e+01
tdc                 =  7.77707e+01
mode=3db  rload=10k  rsrc=2.611k  pos=2  C=1f
fcross = 1.252726e+06
pmarg = 8.115585e+01
tdc = 7.777070e+01
Doing analysis at TEMP = 27.000000 and TNOM = 27.000000

Using SPARSE 1.3 as Direct Linear Solver

No. of Data Rows : 801
fcross              =  1.25294e+06
Note: Starting dynamic gmin stepping
Warning: Dynamic gmin stepping failed
Note: Starting true gmin stepping
Warning: True gmin stepping failed
Note: Starting source stepping
Note: Source stepping completed
pmarg               =  8.09036e+01
tdc                 =  7.77707e+01
mode=3db  rload=10k  rsrc=2.611k  pos=2  C=47p
fcross = 1.252942e+06
pmarg = 8.090356e+01
tdc = 7.777070e+01
Doing analysis at TEMP = 27.000000 and TNOM = 27.000000

Using SPARSE 1.3 as Direct Linear Solver

No. of Data Rows : 801
fcross              =  1.25316e+06
Note: Starting dynamic gmin stepping
Warning: Dynamic gmin stepping failed
Note: Starting true gmin stepping
Warning: True gmin stepping failed
Note: Starting source stepping
Note: Source stepping completed
pmarg               =  8.06193e+01
tdc                 =  7.77707e+01
mode=3db  rload=10k  rsrc=2.611k  pos=2  C=100p
fcross = 1.253156e+06
pmarg = 8.061930e+01
tdc = 7.777070e+01
Doing analysis at TEMP = 27.000000 and TNOM = 27.000000

Using SPARSE 1.3 as Direct Linear Solver

No. of Data Rows : 801
fcross              =  1.25352e+06
Note: Starting dynamic gmin stepping
Warning: Dynamic gmin stepping failed
Note: Starting true gmin stepping
Warning: True gmin stepping failed
Note: Starting source stepping
Note: Source stepping completed
pmarg               =  7.99768e+01
tdc                 =  7.77707e+01
mode=3db  rload=10k  rsrc=2.611k  pos=2  C=220p
fcross = 1.253521e+06
pmarg = 7.997677e+01
tdc = 7.777070e+01
Doing analysis at TEMP = 27.000000 and TNOM = 27.000000

Using SPARSE 1.3 as Direct Linear Solver

No. of Data Rows : 801
fcross              =  1.25375e+06
Note: Starting dynamic gmin stepping
Warning: Dynamic gmin stepping failed
Note: Starting true gmin stepping
Warning: True gmin stepping failed
Note: Starting source stepping
Note: Source stepping completed
pmarg               =  7.86446e+01
tdc                 =  7.77707e+01
mode=3db  rload=10k  rsrc=2.611k  pos=2  C=470p
fcross = 1.253751e+06
pmarg = 7.864457e+01
tdc = 7.777070e+01
Doing analysis at TEMP = 27.000000 and TNOM = 27.000000

Using SPARSE 1.3 as Direct Linear Solver

No. of Data Rows : 801
fcross              =  1.25187e+06
Note: Starting dynamic gmin stepping
Warning: Dynamic gmin stepping failed
Note: Starting true gmin stepping
Warning: True gmin stepping failed
Note: Starting source stepping
Note: Source stepping completed
pmarg               =  7.58636e+01
tdc                 =  7.77707e+01
mode=3db  rload=10k  rsrc=2.611k  pos=2  C=1n
fcross = 1.251873e+06
pmarg = 7.586359e+01
tdc = 7.777070e+01
Doing analysis at TEMP = 27.000000 and TNOM = 27.000000

Using SPARSE 1.3 as Direct Linear Solver

No. of Data Rows : 801
fcross              =  1.24722e+06
Note: Starting dynamic gmin stepping
Warning: Dynamic gmin stepping failed
Note: Starting true gmin stepping
Warning: True gmin stepping failed
Note: Starting source stepping
Note: Source stepping completed
pmarg               =  7.33183e+01
tdc                 =  7.77707e+01
mode=3db  rload=10k  rsrc=2.611k  pos=2  C=1.5n
fcross = 1.247222e+06
pmarg = 7.331827e+01
tdc = 7.777070e+01
Doing analysis at TEMP = 27.000000 and TNOM = 27.000000

Using SPARSE 1.3 as Direct Linear Solver

No. of Data Rows : 801
fcross              =  1.23637e+06
Note: Starting dynamic gmin stepping
Warning: Dynamic gmin stepping failed
Note: Starting true gmin stepping
Warning: True gmin stepping failed
Note: Starting source stepping
Note: Source stepping completed
pmarg               =  6.99279e+01
tdc                 =  7.77707e+01
mode=3db  rload=10k  rsrc=2.611k  pos=2  C=2.2n
fcross = 1.236365e+06
pmarg = 6.992786e+01
tdc = 7.777070e+01
Doing analysis at TEMP = 27.000000 and TNOM = 27.000000

Using SPARSE 1.3 as Direct Linear Solver
 Reference value :  1.00000e+00
No. of Data Rows : 801
fcross              =  1.22596e+06
Note: Starting dynamic gmin stepping
Warning: Dynamic gmin stepping failed
Note: Starting true gmin stepping
Warning: True gmin stepping failed
Note: Starting source stepping
Note: Source stepping completed
pmarg               =  6.76515e+01
tdc                 =  7.77707e+01
mode=3db  rload=10k  rsrc=2.611k  pos=2  C=2.7n
fcross = 1.225964e+06
pmarg = 6.765147e+01
tdc = 7.777070e+01
Doing analysis at TEMP = 27.000000 and TNOM = 27.000000

Using SPARSE 1.3 as Direct Linear Solver

No. of Data Rows : 801
fcross              =  1.21118e+06
Note: Starting dynamic gmin stepping
Warning: Dynamic gmin stepping failed
Note: Starting true gmin stepping
Warning: True gmin stepping failed
Note: Starting source stepping
Note: Source stepping completed
pmarg               =  6.50938e+01
tdc                 =  7.77707e+01
mode=3db  rload=10k  rsrc=2.611k  pos=2  C=3.3n
fcross = 1.211177e+06
pmarg = 6.509375e+01
tdc = 7.777069e+01
Doing analysis at TEMP = 27.000000 and TNOM = 27.000000

Using SPARSE 1.3 as Direct Linear Solver

No. of Data Rows : 801
fcross              =  1.16998e+06
pmarg               =  5.98791e+01
tdc                 =  7.77707e+01
mode=3db  rload=10k  rsrc=2.611k  pos=2  C=4.7n
fcross = 1.169979e+06
pmarg = 5.987914e+01
tdc = 7.777069e+01
Doing analysis at TEMP = 27.000000 and TNOM = 27.000000

Using SPARSE 1.3 as Direct Linear Solver

No. of Data Rows : 801
fcross              =  9.68152e+05
pmarg               =  1.07692e+02
tdc                 =  7.07433e+01
mode=10db  rload=100k  rsrc=1m  pos=1  C=1f
fcross = 9.681523e+05
pmarg = 1.076923e+02
tdc = 7.074326e+01
Doing analysis at TEMP = 27.000000 and TNOM = 27.000000

Using SPARSE 1.3 as Direct Linear Solver

No. of Data Rows : 801
fcross              =  9.68210e+05
pmarg               =  1.07500e+02
tdc                 =  7.07433e+01
mode=10db  rload=100k  rsrc=1m  pos=1  C=47p
fcross = 9.682098e+05
pmarg = 1.074999e+02
tdc = 7.074326e+01
Doing analysis at TEMP = 27.000000 and TNOM = 27.000000

Using SPARSE 1.3 as Direct Linear Solver

No. of Data Rows : 801
fcross              =  9.68069e+05
pmarg               =  1.07288e+02
tdc                 =  7.07433e+01
mode=10db  rload=100k  rsrc=1m  pos=1  C=100p
fcross = 9.680687e+05
pmarg = 1.072876e+02
tdc = 7.074326e+01
Doing analysis at TEMP = 27.000000 and TNOM = 27.000000

Using SPARSE 1.3 as Direct Linear Solver

No. of Data Rows : 801
fcross              =  9.66951e+05
pmarg               =  1.06828e+02
tdc                 =  7.07433e+01
mode=10db  rload=100k  rsrc=1m  pos=1  C=220p
fcross = 9.669508e+05
pmarg = 1.068281e+02
tdc = 7.074326e+01
Doing analysis at TEMP = 27.000000 and TNOM = 27.000000

Using SPARSE 1.3 as Direct Linear Solver

No. of Data Rows : 801
fcross              =  9.61252e+05
pmarg               =  1.05981e+02
tdc                 =  7.07433e+01
mode=10db  rload=100k  rsrc=1m  pos=1  C=470p
fcross = 9.612515e+05
pmarg = 1.059811e+02
tdc = 7.074326e+01
Doing analysis at TEMP = 27.000000 and TNOM = 27.000000

Using SPARSE 1.3 as Direct Linear Solver

No. of Data Rows : 801
fcross              =  9.37678e+05
pmarg               =  1.04743e+02
tdc                 =  7.07433e+01
mode=10db  rload=100k  rsrc=1m  pos=1  C=1n
fcross = 9.376781e+05
pmarg = 1.047427e+02
tdc = 7.074326e+01
Doing analysis at TEMP = 27.000000 and TNOM = 27.000000

Using SPARSE 1.3 as Direct Linear Solver

No. of Data Rows : 801
fcross              =  9.08357e+05
pmarg               =  1.04197e+02
tdc                 =  7.07433e+01
mode=10db  rload=100k  rsrc=1m  pos=1  C=1.5n
fcross = 9.083572e+05
pmarg = 1.041970e+02
tdc = 7.074326e+01
Doing analysis at TEMP = 27.000000 and TNOM = 27.000000

Using SPARSE 1.3 as Direct Linear Solver

No. of Data Rows : 801
fcross              =  8.66826e+05
pmarg               =  1.04091e+02
tdc                 =  7.07433e+01
mode=10db  rload=100k  rsrc=1m  pos=1  C=2.2n
fcross = 8.668257e+05
pmarg = 1.040907e+02
tdc = 7.074326e+01
Doing analysis at TEMP = 27.000000 and TNOM = 27.000000

Using SPARSE 1.3 as Direct Linear Solver

No. of Data Rows : 801
fcross              =  8.40124e+05
pmarg               =  1.04273e+02
tdc                 =  7.07433e+01
mode=10db  rload=100k  rsrc=1m  pos=1  C=2.7n
fcross = 8.401240e+05
pmarg = 1.042731e+02
tdc = 7.074326e+01
Doing analysis at TEMP = 27.000000 and TNOM = 27.000000

Using SPARSE 1.3 as Direct Linear Solver

No. of Data Rows : 801
fcross              =  8.12225e+05
pmarg               =  1.04628e+02
tdc                 =  7.07433e+01
mode=10db  rload=100k  rsrc=1m  pos=1  C=3.3n
fcross = 8.122247e+05
pmarg = 1.046284e+02
tdc = 7.074326e+01
Doing analysis at TEMP = 27.000000 and TNOM = 27.000000

Using SPARSE 1.3 as Direct Linear Solver

No. of Data Rows : 801
fcross              =  7.63003e+05
pmarg               =  1.05632e+02
tdc                 =  7.07433e+01
mode=10db  rload=100k  rsrc=1m  pos=1  C=4.7n
fcross = 7.630031e+05
pmarg = 1.056317e+02
tdc = 7.074326e+01
Doing analysis at TEMP = 27.000000 and TNOM = 27.000000

Using SPARSE 1.3 as Direct Linear Solver

No. of Data Rows : 801
fcross              =  9.68152e+05
pmarg               =  1.07692e+02
tdc                 =  7.07433e+01
mode=10db  rload=100k  rsrc=1m  pos=2  C=1f
fcross = 9.681523e+05
pmarg = 1.076923e+02
tdc = 7.074326e+01
Doing analysis at TEMP = 27.000000 and TNOM = 27.000000

Using SPARSE 1.3 as Direct Linear Solver

No. of Data Rows : 801
fcross              =  9.68286e+05
pmarg               =  1.07498e+02
tdc                 =  7.07433e+01
mode=10db  rload=100k  rsrc=1m  pos=2  C=47p
fcross = 9.682864e+05
pmarg = 1.074979e+02
tdc = 7.074326e+01
Doing analysis at TEMP = 27.000000 and TNOM = 27.000000

Using SPARSE 1.3 as Direct Linear Solver

No. of Data Rows : 801
fcross              =  9.68415e+05
pmarg               =  1.07279e+02
tdc                 =  7.07433e+01
mode=10db  rload=100k  rsrc=1m  pos=2  C=100p
fcross = 9.684149e+05
pmarg = 1.072792e+02
tdc = 7.074326e+01
Doing analysis at TEMP = 27.000000 and TNOM = 27.000000

Using SPARSE 1.3 as Direct Linear Solver

No. of Data Rows : 801
fcross              =  9.68617e+05
pmarg               =  1.06786e+02
tdc                 =  7.07433e+01
mode=10db  rload=100k  rsrc=1m  pos=2  C=220p
fcross = 9.686170e+05
pmarg = 1.067856e+02
tdc = 7.074326e+01
Doing analysis at TEMP = 27.000000 and TNOM = 27.000000

Using SPARSE 1.3 as Direct Linear Solver

No. of Data Rows : 801
fcross              =  9.68640e+05
pmarg               =  1.05766e+02
tdc                 =  7.07433e+01
mode=10db  rload=100k  rsrc=1m  pos=2  C=470p
fcross = 9.686400e+05
pmarg = 1.057659e+02
tdc = 7.074326e+01
Doing analysis at TEMP = 27.000000 and TNOM = 27.000000

Using SPARSE 1.3 as Direct Linear Solver

No. of Data Rows : 801
fcross              =  9.66915e+05
pmarg               =  1.03652e+02
tdc                 =  7.07433e+01
mode=10db  rload=100k  rsrc=1m  pos=2  C=1n
fcross = 9.669152e+05
pmarg = 1.036519e+02
tdc = 7.074325e+01
Doing analysis at TEMP = 27.000000 and TNOM = 27.000000

Using SPARSE 1.3 as Direct Linear Solver

No. of Data Rows : 801
fcross              =  9.63130e+05
pmarg               =  1.01732e+02
tdc                 =  7.07433e+01
mode=10db  rload=100k  rsrc=1m  pos=2  C=1.5n
fcross = 9.631305e+05
pmarg = 1.017318e+02
tdc = 7.074325e+01
Doing analysis at TEMP = 27.000000 and TNOM = 27.000000

Using SPARSE 1.3 as Direct Linear Solver

No. of Data Rows : 801
fcross              =  9.54558e+05
pmarg               =  9.91912e+01
tdc                 =  7.07433e+01
mode=10db  rload=100k  rsrc=1m  pos=2  C=2.2n
fcross = 9.545582e+05
pmarg = 9.919118e+01
tdc = 7.074325e+01
Doing analysis at TEMP = 27.000000 and TNOM = 27.000000

Using SPARSE 1.3 as Direct Linear Solver

No. of Data Rows : 801
fcross              =  9.46422e+05
pmarg               =  9.74918e+01
tdc                 =  7.07432e+01
mode=10db  rload=100k  rsrc=1m  pos=2  C=2.7n
fcross = 9.464225e+05
pmarg = 9.749184e+01
tdc = 7.074325e+01
Doing analysis at TEMP = 27.000000 and TNOM = 27.000000

Using SPARSE 1.3 as Direct Linear Solver

No. of Data Rows : 801
fcross              =  9.34721e+05
pmarg               =  9.55908e+01
tdc                 =  7.07432e+01
mode=10db  rload=100k  rsrc=1m  pos=2  C=3.3n
fcross = 9.347213e+05
pmarg = 9.559078e+01
tdc = 7.074325e+01
Doing analysis at TEMP = 27.000000 and TNOM = 27.000000

Using SPARSE 1.3 as Direct Linear Solver

No. of Data Rows : 801
fcross              =  9.01744e+05
pmarg               =  9.17252e+01
tdc                 =  7.07432e+01
mode=10db  rload=100k  rsrc=1m  pos=2  C=4.7n
fcross = 9.017442e+05
pmarg = 9.172517e+01
tdc = 7.074325e+01
Doing analysis at TEMP = 27.000000 and TNOM = 27.000000

Using SPARSE 1.3 as Direct Linear Solver

No. of Data Rows : 801
fcross              =  9.68016e+05
pmarg               =  1.07392e+02
tdc                 =  7.07433e+01
mode=10db  rload=100k  rsrc=1k  pos=1  C=1f
fcross = 9.680159e+05
pmarg = 1.073915e+02
tdc = 7.074326e+01
Doing analysis at TEMP = 27.000000 and TNOM = 27.000000

Using SPARSE 1.3 as Direct Linear Solver

No. of Data Rows : 801
fcross              =  9.68073e+05
pmarg               =  1.07199e+02
tdc                 =  7.07433e+01
mode=10db  rload=100k  rsrc=1k  pos=1  C=47p
fcross = 9.680734e+05
pmarg = 1.071991e+02
tdc = 7.074326e+01
Doing analysis at TEMP = 27.000000 and TNOM = 27.000000

Using SPARSE 1.3 as Direct Linear Solver

No. of Data Rows : 801
fcross              =  9.67932e+05
pmarg               =  1.06987e+02
tdc                 =  7.07433e+01
mode=10db  rload=100k  rsrc=1k  pos=1  C=100p
fcross = 9.679324e+05
pmarg = 1.069870e+02
tdc = 7.074326e+01
Doing analysis at TEMP = 27.000000 and TNOM = 27.000000

Using SPARSE 1.3 as Direct Linear Solver

No. of Data Rows : 801
fcross              =  9.66815e+05
pmarg               =  1.06528e+02
tdc                 =  7.07433e+01
mode=10db  rload=100k  rsrc=1k  pos=1  C=220p
fcross = 9.668152e+05
pmarg = 1.065278e+02
tdc = 7.074326e+01
Doing analysis at TEMP = 27.000000 and TNOM = 27.000000

Using SPARSE 1.3 as Direct Linear Solver

No. of Data Rows : 801
fcross              =  9.61119e+05
pmarg               =  1.05683e+02
tdc                 =  7.07433e+01
mode=10db  rload=100k  rsrc=1k  pos=1  C=470p
fcross = 9.611191e+05
pmarg = 1.056827e+02
tdc = 7.074326e+01
Doing analysis at TEMP = 27.000000 and TNOM = 27.000000

Using SPARSE 1.3 as Direct Linear Solver

No. of Data Rows : 801
fcross              =  9.37559e+05
pmarg               =  1.04451e+02
tdc                 =  7.07433e+01
mode=10db  rload=100k  rsrc=1k  pos=1  C=1n
fcross = 9.375589e+05
pmarg = 1.044515e+02
tdc = 7.074326e+01
Doing analysis at TEMP = 27.000000 and TNOM = 27.000000

Using SPARSE 1.3 as Direct Linear Solver

No. of Data Rows : 801
fcross              =  9.08253e+05
pmarg               =  1.03915e+02
tdc                 =  7.07433e+01
mode=10db  rload=100k  rsrc=1k  pos=1  C=1.5n
fcross = 9.082526e+05
pmarg = 1.039146e+02
tdc = 7.074326e+01
Doing analysis at TEMP = 27.000000 and TNOM = 27.000000

Using SPARSE 1.3 as Direct Linear Solver

No. of Data Rows : 801
fcross              =  8.66737e+05
pmarg               =  1.03821e+02
tdc                 =  7.07433e+01
mode=10db  rload=100k  rsrc=1k  pos=1  C=2.2n
fcross = 8.667371e+05
pmarg = 1.038208e+02
tdc = 7.074326e+01
Doing analysis at TEMP = 27.000000 and TNOM = 27.000000

Using SPARSE 1.3 as Direct Linear Solver

No. of Data Rows : 801
fcross              =  8.40043e+05
pmarg               =  1.04011e+02
tdc                 =  7.07433e+01
mode=10db  rload=100k  rsrc=1k  pos=1  C=2.7n
fcross = 8.400434e+05
pmarg = 1.040114e+02
tdc = 7.074326e+01
Doing analysis at TEMP = 27.000000 and TNOM = 27.000000

Using SPARSE 1.3 as Direct Linear Solver

No. of Data Rows : 801
fcross              =  8.12152e+05
pmarg               =  1.04375e+02
tdc                 =  7.07433e+01
mode=10db  rload=100k  rsrc=1k  pos=1  C=3.3n
fcross = 8.121523e+05
pmarg = 1.043751e+02
tdc = 7.074326e+01
Doing analysis at TEMP = 27.000000 and TNOM = 27.000000

Using SPARSE 1.3 as Direct Linear Solver

No. of Data Rows : 801
fcross              =  7.62941e+05
pmarg               =  1.05393e+02
tdc                 =  7.07433e+01
mode=10db  rload=100k  rsrc=1k  pos=1  C=4.7n
fcross = 7.629410e+05
pmarg = 1.053934e+02
tdc = 7.074326e+01
Doing analysis at TEMP = 27.000000 and TNOM = 27.000000

Using SPARSE 1.3 as Direct Linear Solver

No. of Data Rows : 801
fcross              =  9.68016e+05
pmarg               =  1.07392e+02
tdc                 =  7.07433e+01
mode=10db  rload=100k  rsrc=1k  pos=2  C=1f
fcross = 9.680159e+05
pmarg = 1.073915e+02
tdc = 7.074326e+01
Doing analysis at TEMP = 27.000000 and TNOM = 27.000000

Using SPARSE 1.3 as Direct Linear Solver

No. of Data Rows : 801
fcross              =  9.68150e+05
pmarg               =  1.07197e+02
tdc                 =  7.07433e+01
mode=10db  rload=100k  rsrc=1k  pos=2  C=47p
fcross = 9.681499e+05
pmarg = 1.071972e+02
tdc = 7.074326e+01
Doing analysis at TEMP = 27.000000 and TNOM = 27.000000

Using SPARSE 1.3 as Direct Linear Solver

No. of Data Rows : 801
fcross              =  9.68278e+05
pmarg               =  1.06978e+02
tdc                 =  7.07433e+01
mode=10db  rload=100k  rsrc=1k  pos=2  C=100p
fcross = 9.682784e+05
pmarg = 1.069784e+02
tdc = 7.074326e+01
Doing analysis at TEMP = 27.000000 and TNOM = 27.000000

Using SPARSE 1.3 as Direct Linear Solver

No. of Data Rows : 801
fcross              =  9.68480e+05
pmarg               =  1.06485e+02
tdc                 =  7.07433e+01
mode=10db  rload=100k  rsrc=1k  pos=2  C=220p
fcross = 9.684804e+05
pmarg = 1.064848e+02
tdc = 7.074326e+01
Doing analysis at TEMP = 27.000000 and TNOM = 27.000000

Using SPARSE 1.3 as Direct Linear Solver

No. of Data Rows : 801
fcross              =  9.68504e+05
pmarg               =  1.05465e+02
tdc                 =  7.07433e+01
mode=10db  rload=100k  rsrc=1k  pos=2  C=470p
fcross = 9.685036e+05
pmarg = 1.054652e+02
tdc = 7.074326e+01
Doing analysis at TEMP = 27.000000 and TNOM = 27.000000

Using SPARSE 1.3 as Direct Linear Solver

No. of Data Rows : 801
fcross              =  9.66780e+05
pmarg               =  1.03352e+02
tdc                 =  7.07433e+01
mode=10db  rload=100k  rsrc=1k  pos=2  C=1n
fcross = 9.667800e+05
pmarg = 1.033520e+02
tdc = 7.074325e+01
Doing analysis at TEMP = 27.000000 and TNOM = 27.000000

Using SPARSE 1.3 as Direct Linear Solver

No. of Data Rows : 801
fcross              =  9.62998e+05
pmarg               =  1.01433e+02
tdc                 =  7.07433e+01
mode=10db  rload=100k  rsrc=1k  pos=2  C=1.5n
fcross = 9.629976e+05
pmarg = 1.014333e+02
tdc = 7.074325e+01
Doing analysis at TEMP = 27.000000 and TNOM = 27.000000

Using SPARSE 1.3 as Direct Linear Solver

No. of Data Rows : 801
fcross              =  9.54432e+05
pmarg               =  9.88956e+01
tdc                 =  7.07433e+01
mode=10db  rload=100k  rsrc=1k  pos=2  C=2.2n
fcross = 9.544317e+05
pmarg = 9.889556e+01
tdc = 7.074325e+01
Doing analysis at TEMP = 27.000000 and TNOM = 27.000000

Using SPARSE 1.3 as Direct Linear Solver

No. of Data Rows : 801
fcross              =  9.46300e+05
pmarg               =  9.71989e+01
tdc                 =  7.07432e+01
mode=10db  rload=100k  rsrc=1k  pos=2  C=2.7n
fcross = 9.463003e+05
pmarg = 9.719885e+01
tdc = 7.074325e+01
Doing analysis at TEMP = 27.000000 and TNOM = 27.000000

Using SPARSE 1.3 as Direct Linear Solver

No. of Data Rows : 801
fcross              =  9.34605e+05
pmarg               =  9.53015e+01
tdc                 =  7.07432e+01
mode=10db  rload=100k  rsrc=1k  pos=2  C=3.3n
fcross = 9.346053e+05
pmarg = 9.530151e+01
tdc = 7.074325e+01
Doing analysis at TEMP = 27.000000 and TNOM = 27.000000

Using SPARSE 1.3 as Direct Linear Solver

No. of Data Rows : 801
fcross              =  9.01646e+05
pmarg               =  9.14461e+01
tdc                 =  7.07432e+01
mode=10db  rload=100k  rsrc=1k  pos=2  C=4.7n
fcross = 9.016455e+05
pmarg = 9.144607e+01
tdc = 7.074325e+01
Doing analysis at TEMP = 27.000000 and TNOM = 27.000000

Using SPARSE 1.3 as Direct Linear Solver

No. of Data Rows : 801
fcross              =  9.67537e+05
pmarg               =  1.06948e+02
tdc                 =  7.07433e+01
mode=10db  rload=100k  rsrc=2.5k  pos=1  C=1f
fcross = 9.675365e+05
pmarg = 1.069483e+02
tdc = 7.074326e+01
Doing analysis at TEMP = 27.000000 and TNOM = 27.000000

Using SPARSE 1.3 as Direct Linear Solver

No. of Data Rows : 801
fcross              =  9.67594e+05
pmarg               =  1.06756e+02
tdc                 =  7.07433e+01
mode=10db  rload=100k  rsrc=2.5k  pos=1  C=47p
fcross = 9.675939e+05
pmarg = 1.067560e+02
tdc = 7.074326e+01
Doing analysis at TEMP = 27.000000 and TNOM = 27.000000

Using SPARSE 1.3 as Direct Linear Solver

No. of Data Rows : 801
fcross              =  9.67453e+05
pmarg               =  1.06544e+02
tdc                 =  7.07433e+01
mode=10db  rload=100k  rsrc=2.5k  pos=1  C=100p
fcross = 9.674533e+05
pmarg = 1.065440e+02
tdc = 7.074326e+01
Doing analysis at TEMP = 27.000000 and TNOM = 27.000000

Using SPARSE 1.3 as Direct Linear Solver

No. of Data Rows : 801
fcross              =  9.66338e+05
pmarg               =  1.06086e+02
tdc                 =  7.07433e+01
mode=10db  rload=100k  rsrc=2.5k  pos=1  C=220p
fcross = 9.663382e+05
pmarg = 1.060855e+02
tdc = 7.074326e+01
Doing analysis at TEMP = 27.000000 and TNOM = 27.000000

Using SPARSE 1.3 as Direct Linear Solver

No. of Data Rows : 801
fcross              =  9.60653e+05
pmarg               =  1.05243e+02
tdc                 =  7.07433e+01
mode=10db  rload=100k  rsrc=2.5k  pos=1  C=470p
fcross = 9.606532e+05
pmarg = 1.052432e+02
tdc = 7.074326e+01
Doing analysis at TEMP = 27.000000 and TNOM = 27.000000

Using SPARSE 1.3 as Direct Linear Solver

No. of Data Rows : 801
fcross              =  9.37139e+05
pmarg               =  1.04022e+02
tdc                 =  7.07433e+01
mode=10db  rload=100k  rsrc=2.5k  pos=1  C=1n
fcross = 9.371392e+05
pmarg = 1.040224e+02
tdc = 7.074326e+01
Doing analysis at TEMP = 27.000000 and TNOM = 27.000000

Using SPARSE 1.3 as Direct Linear Solver

No. of Data Rows : 801
fcross              =  9.07884e+05
pmarg               =  1.03498e+02
tdc                 =  7.07433e+01
mode=10db  rload=100k  rsrc=2.5k  pos=1  C=1.5n
fcross = 9.078842e+05
pmarg = 1.034980e+02
tdc = 7.074326e+01
Doing analysis at TEMP = 27.000000 and TNOM = 27.000000

Using SPARSE 1.3 as Direct Linear Solver

No. of Data Rows : 801
fcross              =  8.66425e+05
pmarg               =  1.03422e+02
tdc                 =  7.07433e+01
mode=10db  rload=100k  rsrc=2.5k  pos=1  C=2.2n
fcross = 8.664249e+05
pmarg = 1.034219e+02
tdc = 7.074326e+01
Doing analysis at TEMP = 27.000000 and TNOM = 27.000000

Using SPARSE 1.3 as Direct Linear Solver

No. of Data Rows : 801
fcross              =  8.39760e+05
pmarg               =  1.03624e+02
tdc                 =  7.07433e+01
mode=10db  rload=100k  rsrc=2.5k  pos=1  C=2.7n
fcross = 8.397600e+05
pmarg = 1.036239e+02
tdc = 7.074326e+01
Doing analysis at TEMP = 27.000000 and TNOM = 27.000000

Using SPARSE 1.3 as Direct Linear Solver

No. of Data Rows : 801
fcross              =  8.11898e+05
pmarg               =  1.04000e+02
tdc                 =  7.07433e+01
mode=10db  rload=100k  rsrc=2.5k  pos=1  C=3.3n
fcross = 8.118978e+05
pmarg = 1.039996e+02
tdc = 7.074326e+01
Doing analysis at TEMP = 27.000000 and TNOM = 27.000000

Using SPARSE 1.3 as Direct Linear Solver

No. of Data Rows : 801
fcross              =  7.62723e+05
pmarg               =  1.05040e+02
tdc                 =  7.07433e+01
mode=10db  rload=100k  rsrc=2.5k  pos=1  C=4.7n
fcross = 7.627229e+05
pmarg = 1.050395e+02
tdc = 7.074326e+01
Doing analysis at TEMP = 27.000000 and TNOM = 27.000000

Using SPARSE 1.3 as Direct Linear Solver

No. of Data Rows : 801
fcross              =  9.67537e+05
pmarg               =  1.06948e+02
tdc                 =  7.07433e+01
mode=10db  rload=100k  rsrc=2.5k  pos=2  C=1f
fcross = 9.675365e+05
pmarg = 1.069483e+02
tdc = 7.074326e+01
Doing analysis at TEMP = 27.000000 and TNOM = 27.000000

Using SPARSE 1.3 as Direct Linear Solver
 Reference value :  1.65959e+00
No. of Data Rows : 801
fcross              =  9.67670e+05
pmarg               =  1.06754e+02
tdc                 =  7.07433e+01
mode=10db  rload=100k  rsrc=2.5k  pos=2  C=47p
fcross = 9.676703e+05
pmarg = 1.067540e+02
tdc = 7.074326e+01
Doing analysis at TEMP = 27.000000 and TNOM = 27.000000

Using SPARSE 1.3 as Direct Linear Solver

No. of Data Rows : 801
fcross              =  9.67799e+05
pmarg               =  1.06535e+02
tdc                 =  7.07433e+01
mode=10db  rload=100k  rsrc=2.5k  pos=2  C=100p
fcross = 9.677986e+05
pmarg = 1.065353e+02
tdc = 7.074326e+01
Doing analysis at TEMP = 27.000000 and TNOM = 27.000000

Using SPARSE 1.3 as Direct Linear Solver

No. of Data Rows : 801
fcross              =  9.68000e+05
pmarg               =  1.06042e+02
tdc                 =  7.07433e+01
mode=10db  rload=100k  rsrc=2.5k  pos=2  C=220p
fcross = 9.680002e+05
pmarg = 1.060418e+02
tdc = 7.074326e+01
Doing analysis at TEMP = 27.000000 and TNOM = 27.000000

Using SPARSE 1.3 as Direct Linear Solver

No. of Data Rows : 801
fcross              =  9.68023e+05
pmarg               =  1.05023e+02
tdc                 =  7.07433e+01
mode=10db  rload=100k  rsrc=2.5k  pos=2  C=470p
fcross = 9.680235e+05
pmarg = 1.050227e+02
tdc = 7.074325e+01
Doing analysis at TEMP = 27.000000 and TNOM = 27.000000

Using SPARSE 1.3 as Direct Linear Solver

No. of Data Rows : 801
fcross              =  9.66303e+05
pmarg               =  1.02911e+02
tdc                 =  7.07433e+01
mode=10db  rload=100k  rsrc=2.5k  pos=2  C=1n
fcross = 9.663035e+05
pmarg = 1.029113e+02
tdc = 7.074325e+01
Doing analysis at TEMP = 27.000000 and TNOM = 27.000000

Using SPARSE 1.3 as Direct Linear Solver

No. of Data Rows : 801
fcross              =  9.62529e+05
pmarg               =  1.00995e+02
tdc                 =  7.07433e+01
mode=10db  rload=100k  rsrc=2.5k  pos=2  C=1.5n
fcross = 9.625287e+05
pmarg = 1.009951e+02
tdc = 7.074325e+01
Doing analysis at TEMP = 27.000000 and TNOM = 27.000000

Using SPARSE 1.3 as Direct Linear Solver

No. of Data Rows : 801
fcross              =  9.53984e+05
pmarg               =  9.84619e+01
tdc                 =  7.07433e+01
mode=10db  rload=100k  rsrc=2.5k  pos=2  C=2.2n
fcross = 9.539843e+05
pmarg = 9.846190e+01
tdc = 7.074325e+01
Doing analysis at TEMP = 27.000000 and TNOM = 27.000000

Using SPARSE 1.3 as Direct Linear Solver

No. of Data Rows : 801
fcross              =  9.45868e+05
pmarg               =  9.67694e+01
tdc                 =  7.07432e+01
mode=10db  rload=100k  rsrc=2.5k  pos=2  C=2.7n
fcross = 9.458680e+05
pmarg = 9.676937e+01
tdc = 7.074325e+01
Doing analysis at TEMP = 27.000000 and TNOM = 27.000000

Using SPARSE 1.3 as Direct Linear Solver

No. of Data Rows : 801
fcross              =  9.34194e+05
pmarg               =  9.48777e+01
tdc                 =  7.07432e+01
mode=10db  rload=100k  rsrc=2.5k  pos=2  C=3.3n
fcross = 9.341939e+05
pmarg = 9.487772e+01
tdc = 7.074325e+01
Doing analysis at TEMP = 27.000000 and TNOM = 27.000000

Using SPARSE 1.3 as Direct Linear Solver

No. of Data Rows : 801
fcross              =  9.01295e+05
pmarg               =  9.10372e+01
tdc                 =  7.07432e+01
mode=10db  rload=100k  rsrc=2.5k  pos=2  C=4.7n
fcross = 9.012945e+05
pmarg = 9.103717e+01
tdc = 7.074324e+01
Doing analysis at TEMP = 27.000000 and TNOM = 27.000000

Using SPARSE 1.3 as Direct Linear Solver

No. of Data Rows : 801
fcross              =  9.67506e+05
pmarg               =  1.06928e+02
tdc                 =  7.07433e+01
mode=10db  rload=100k  rsrc=2.571k  pos=1  C=1f
fcross = 9.675057e+05
pmarg = 1.069276e+02
tdc = 7.074326e+01
Doing analysis at TEMP = 27.000000 and TNOM = 27.000000

Using SPARSE 1.3 as Direct Linear Solver

No. of Data Rows : 801
fcross              =  9.67563e+05
pmarg               =  1.06735e+02
tdc                 =  7.07433e+01
mode=10db  rload=100k  rsrc=2.571k  pos=1  C=47p
fcross = 9.675631e+05
pmarg = 1.067353e+02
tdc = 7.074326e+01
Doing analysis at TEMP = 27.000000 and TNOM = 27.000000

Using SPARSE 1.3 as Direct Linear Solver

No. of Data Rows : 801
fcross              =  9.67422e+05
pmarg               =  1.06523e+02
tdc                 =  7.07433e+01
mode=10db  rload=100k  rsrc=2.571k  pos=1  C=100p
fcross = 9.674225e+05
pmarg = 1.065233e+02
tdc = 7.074326e+01
Doing analysis at TEMP = 27.000000 and TNOM = 27.000000

Using SPARSE 1.3 as Direct Linear Solver

No. of Data Rows : 801
fcross              =  9.66308e+05
pmarg               =  1.06065e+02
tdc                 =  7.07433e+01
mode=10db  rload=100k  rsrc=2.571k  pos=1  C=220p
fcross = 9.663076e+05
pmarg = 1.060648e+02
tdc = 7.074326e+01
Doing analysis at TEMP = 27.000000 and TNOM = 27.000000

Using SPARSE 1.3 as Direct Linear Solver

No. of Data Rows : 801
fcross              =  9.60623e+05
pmarg               =  1.05223e+02
tdc                 =  7.07433e+01
mode=10db  rload=100k  rsrc=2.571k  pos=1  C=470p
fcross = 9.606233e+05
pmarg = 1.052227e+02
tdc = 7.074326e+01
Doing analysis at TEMP = 27.000000 and TNOM = 27.000000

Using SPARSE 1.3 as Direct Linear Solver

No. of Data Rows : 801
fcross              =  9.37112e+05
pmarg               =  1.04002e+02
tdc                 =  7.07433e+01
mode=10db  rload=100k  rsrc=2.571k  pos=1  C=1n
fcross = 9.371122e+05
pmarg = 1.040024e+02
tdc = 7.074326e+01
Doing analysis at TEMP = 27.000000 and TNOM = 27.000000

Using SPARSE 1.3 as Direct Linear Solver

No. of Data Rows : 801
fcross              =  9.07860e+05
pmarg               =  1.03479e+02
tdc                 =  7.07433e+01
mode=10db  rload=100k  rsrc=2.571k  pos=1  C=1.5n
fcross = 9.078605e+05
pmarg = 1.034785e+02
tdc = 7.074326e+01
Doing analysis at TEMP = 27.000000 and TNOM = 27.000000

Using SPARSE 1.3 as Direct Linear Solver

No. of Data Rows : 801
fcross              =  8.66405e+05
pmarg               =  1.03403e+02
tdc                 =  7.07433e+01
mode=10db  rload=100k  rsrc=2.571k  pos=1  C=2.2n
fcross = 8.664048e+05
pmarg = 1.034032e+02
tdc = 7.074326e+01
Doing analysis at TEMP = 27.000000 and TNOM = 27.000000

Using SPARSE 1.3 as Direct Linear Solver

No. of Data Rows : 801
fcross              =  8.39742e+05
pmarg               =  1.03606e+02
tdc                 =  7.07433e+01
mode=10db  rload=100k  rsrc=2.571k  pos=1  C=2.7n
fcross = 8.397417e+05
pmarg = 1.036058e+02
tdc = 7.074326e+01
Doing analysis at TEMP = 27.000000 and TNOM = 27.000000

Using SPARSE 1.3 as Direct Linear Solver

No. of Data Rows : 801
fcross              =  8.11881e+05
pmarg               =  1.03982e+02
tdc                 =  7.07433e+01
mode=10db  rload=100k  rsrc=2.571k  pos=1  C=3.3n
fcross = 8.118815e+05
pmarg = 1.039820e+02
tdc = 7.074326e+01
Doing analysis at TEMP = 27.000000 and TNOM = 27.000000

Using SPARSE 1.3 as Direct Linear Solver

No. of Data Rows : 801
fcross              =  7.62709e+05
pmarg               =  1.05023e+02
tdc                 =  7.07433e+01
mode=10db  rload=100k  rsrc=2.571k  pos=1  C=4.7n
fcross = 7.627089e+05
pmarg = 1.050229e+02
tdc = 7.074326e+01
Doing analysis at TEMP = 27.000000 and TNOM = 27.000000

Using SPARSE 1.3 as Direct Linear Solver

No. of Data Rows : 801
fcross              =  9.67506e+05
pmarg               =  1.06928e+02
tdc                 =  7.07433e+01
mode=10db  rload=100k  rsrc=2.571k  pos=2  C=1f
fcross = 9.675057e+05
pmarg = 1.069276e+02
tdc = 7.074326e+01
Doing analysis at TEMP = 27.000000 and TNOM = 27.000000

Using SPARSE 1.3 as Direct Linear Solver

No. of Data Rows : 801
fcross              =  9.67639e+05
pmarg               =  1.06733e+02
tdc                 =  7.07433e+01
mode=10db  rload=100k  rsrc=2.571k  pos=2  C=47p
fcross = 9.676395e+05
pmarg = 1.067333e+02
tdc = 7.074326e+01
Doing analysis at TEMP = 27.000000 and TNOM = 27.000000

Using SPARSE 1.3 as Direct Linear Solver

No. of Data Rows : 801
fcross              =  9.67768e+05
pmarg               =  1.06515e+02
tdc                 =  7.07433e+01
mode=10db  rload=100k  rsrc=2.571k  pos=2  C=100p
fcross = 9.677678e+05
pmarg = 1.065145e+02
tdc = 7.074326e+01
Doing analysis at TEMP = 27.000000 and TNOM = 27.000000

Using SPARSE 1.3 as Direct Linear Solver

No. of Data Rows : 801
fcross              =  9.67969e+05
pmarg               =  1.06021e+02
tdc                 =  7.07433e+01
mode=10db  rload=100k  rsrc=2.571k  pos=2  C=220p
fcross = 9.679694e+05
pmarg = 1.060211e+02
tdc = 7.074326e+01
Doing analysis at TEMP = 27.000000 and TNOM = 27.000000

Using SPARSE 1.3 as Direct Linear Solver

No. of Data Rows : 801
fcross              =  9.67993e+05
pmarg               =  1.05002e+02
tdc                 =  7.07433e+01
mode=10db  rload=100k  rsrc=2.571k  pos=2  C=470p
fcross = 9.679926e+05
pmarg = 1.050021e+02
tdc = 7.074325e+01
Doing analysis at TEMP = 27.000000 and TNOM = 27.000000

Using SPARSE 1.3 as Direct Linear Solver

No. of Data Rows : 801
fcross              =  9.66273e+05
pmarg               =  1.02891e+02
tdc                 =  7.07433e+01
mode=10db  rload=100k  rsrc=2.571k  pos=2  C=1n
fcross = 9.662729e+05
pmarg = 1.028907e+02
tdc = 7.074325e+01
Doing analysis at TEMP = 27.000000 and TNOM = 27.000000

Using SPARSE 1.3 as Direct Linear Solver

No. of Data Rows : 801
fcross              =  9.62499e+05
pmarg               =  1.00975e+02
tdc                 =  7.07433e+01
mode=10db  rload=100k  rsrc=2.571k  pos=2  C=1.5n
fcross = 9.624986e+05
pmarg = 1.009746e+02
tdc = 7.074325e+01
Doing analysis at TEMP = 27.000000 and TNOM = 27.000000

Using SPARSE 1.3 as Direct Linear Solver

No. of Data Rows : 801
fcross              =  9.53956e+05
pmarg               =  9.84417e+01
tdc                 =  7.07433e+01
mode=10db  rload=100k  rsrc=2.571k  pos=2  C=2.2n
fcross = 9.539556e+05
pmarg = 9.844168e+01
tdc = 7.074325e+01
Doing analysis at TEMP = 27.000000 and TNOM = 27.000000

Using SPARSE 1.3 as Direct Linear Solver

No. of Data Rows : 801
fcross              =  9.45840e+05
pmarg               =  9.67493e+01
tdc                 =  7.07432e+01
mode=10db  rload=100k  rsrc=2.571k  pos=2  C=2.7n
fcross = 9.458402e+05
pmarg = 9.674934e+01
tdc = 7.074325e+01
Doing analysis at TEMP = 27.000000 and TNOM = 27.000000

Using SPARSE 1.3 as Direct Linear Solver

No. of Data Rows : 801
fcross              =  9.34167e+05
pmarg               =  9.48580e+01
tdc                 =  7.07432e+01
mode=10db  rload=100k  rsrc=2.571k  pos=2  C=3.3n
fcross = 9.341674e+05
pmarg = 9.485797e+01
tdc = 7.074325e+01
Doing analysis at TEMP = 27.000000 and TNOM = 27.000000

Using SPARSE 1.3 as Direct Linear Solver

No. of Data Rows : 801
fcross              =  9.01272e+05
pmarg               =  9.10181e+01
tdc                 =  7.07432e+01
mode=10db  rload=100k  rsrc=2.571k  pos=2  C=4.7n
fcross = 9.012719e+05
pmarg = 9.101811e+01
tdc = 7.074324e+01
Doing analysis at TEMP = 27.000000 and TNOM = 27.000000

Using SPARSE 1.3 as Direct Linear Solver

No. of Data Rows : 801
fcross              =  9.67488e+05
pmarg               =  1.06916e+02
tdc                 =  7.07433e+01
mode=10db  rload=100k  rsrc=2.611k  pos=1  C=1f
fcross = 9.674881e+05
pmarg = 1.069159e+02
tdc = 7.074326e+01
Doing analysis at TEMP = 27.000000 and TNOM = 27.000000

Using SPARSE 1.3 as Direct Linear Solver

No. of Data Rows : 801
fcross              =  9.67545e+05
pmarg               =  1.06724e+02
tdc                 =  7.07433e+01
mode=10db  rload=100k  rsrc=2.611k  pos=1  C=47p
fcross = 9.675454e+05
pmarg = 1.067236e+02
tdc = 7.074326e+01
Doing analysis at TEMP = 27.000000 and TNOM = 27.000000

Using SPARSE 1.3 as Direct Linear Solver

No. of Data Rows : 801
fcross              =  9.67405e+05
pmarg               =  1.06512e+02
tdc                 =  7.07433e+01
mode=10db  rload=100k  rsrc=2.611k  pos=1  C=100p
fcross = 9.674048e+05
pmarg = 1.065116e+02
tdc = 7.074326e+01
Doing analysis at TEMP = 27.000000 and TNOM = 27.000000

Using SPARSE 1.3 as Direct Linear Solver

No. of Data Rows : 801
fcross              =  9.66290e+05
pmarg               =  1.06053e+02
tdc                 =  7.07433e+01
mode=10db  rload=100k  rsrc=2.611k  pos=1  C=220p
fcross = 9.662900e+05
pmarg = 1.060532e+02
tdc = 7.074326e+01
Doing analysis at TEMP = 27.000000 and TNOM = 27.000000

Using SPARSE 1.3 as Direct Linear Solver

No. of Data Rows : 801
fcross              =  9.60606e+05
pmarg               =  1.05211e+02
tdc                 =  7.07433e+01
mode=10db  rload=100k  rsrc=2.611k  pos=1  C=470p
fcross = 9.606061e+05
pmarg = 1.052111e+02
tdc = 7.074326e+01
Doing analysis at TEMP = 27.000000 and TNOM = 27.000000

Using SPARSE 1.3 as Direct Linear Solver

No. of Data Rows : 801
fcross              =  9.37097e+05
pmarg               =  1.03991e+02
tdc                 =  7.07433e+01
mode=10db  rload=100k  rsrc=2.611k  pos=1  C=1n
fcross = 9.370968e+05
pmarg = 1.039911e+02
tdc = 7.074326e+01
Doing analysis at TEMP = 27.000000 and TNOM = 27.000000

Using SPARSE 1.3 as Direct Linear Solver

No. of Data Rows : 801
fcross              =  9.07847e+05
pmarg               =  1.03468e+02
tdc                 =  7.07433e+01
mode=10db  rload=100k  rsrc=2.611k  pos=1  C=1.5n
fcross = 9.078469e+05
pmarg = 1.034676e+02
tdc = 7.074326e+01
Doing analysis at TEMP = 27.000000 and TNOM = 27.000000

Using SPARSE 1.3 as Direct Linear Solver

No. of Data Rows : 801
fcross              =  8.66393e+05
pmarg               =  1.03393e+02
tdc                 =  7.07433e+01
mode=10db  rload=100k  rsrc=2.611k  pos=1  C=2.2n
fcross = 8.663933e+05
pmarg = 1.033927e+02
tdc = 7.074326e+01
Doing analysis at TEMP = 27.000000 and TNOM = 27.000000

Using SPARSE 1.3 as Direct Linear Solver

No. of Data Rows : 801
fcross              =  8.39731e+05
pmarg               =  1.03596e+02
tdc                 =  7.07433e+01
mode=10db  rload=100k  rsrc=2.611k  pos=1  C=2.7n
fcross = 8.397313e+05
pmarg = 1.035955e+02
tdc = 7.074326e+01
Doing analysis at TEMP = 27.000000 and TNOM = 27.000000

Using SPARSE 1.3 as Direct Linear Solver

No. of Data Rows : 801
fcross              =  8.11872e+05
pmarg               =  1.03972e+02
tdc                 =  7.07433e+01
mode=10db  rload=100k  rsrc=2.611k  pos=1  C=3.3n
fcross = 8.118721e+05
pmarg = 1.039721e+02
tdc = 7.074326e+01
Doing analysis at TEMP = 27.000000 and TNOM = 27.000000

Using SPARSE 1.3 as Direct Linear Solver

No. of Data Rows : 801
fcross              =  7.62701e+05
pmarg               =  1.05014e+02
tdc                 =  7.07433e+01
mode=10db  rload=100k  rsrc=2.611k  pos=1  C=4.7n
fcross = 7.627008e+05
pmarg = 1.050135e+02
tdc = 7.074326e+01
Doing analysis at TEMP = 27.000000 and TNOM = 27.000000

Using SPARSE 1.3 as Direct Linear Solver

No. of Data Rows : 801
fcross              =  9.67488e+05
pmarg               =  1.06916e+02
tdc                 =  7.07433e+01
mode=10db  rload=100k  rsrc=2.611k  pos=2  C=1f
fcross = 9.674881e+05
pmarg = 1.069159e+02
tdc = 7.074326e+01
Doing analysis at TEMP = 27.000000 and TNOM = 27.000000

Using SPARSE 1.3 as Direct Linear Solver

No. of Data Rows : 801
fcross              =  9.67622e+05
pmarg               =  1.06722e+02
tdc                 =  7.07433e+01
mode=10db  rload=100k  rsrc=2.611k  pos=2  C=47p
fcross = 9.676218e+05
pmarg = 1.067216e+02
tdc = 7.074326e+01
Doing analysis at TEMP = 27.000000 and TNOM = 27.000000

Using SPARSE 1.3 as Direct Linear Solver

No. of Data Rows : 801
fcross              =  9.67750e+05
pmarg               =  1.06503e+02
tdc                 =  7.07433e+01
mode=10db  rload=100k  rsrc=2.611k  pos=2  C=100p
fcross = 9.677501e+05
pmarg = 1.065029e+02
tdc = 7.074326e+01
Doing analysis at TEMP = 27.000000 and TNOM = 27.000000

Using SPARSE 1.3 as Direct Linear Solver

No. of Data Rows : 801
fcross              =  9.67952e+05
pmarg               =  1.06009e+02
tdc                 =  7.07433e+01
mode=10db  rload=100k  rsrc=2.611k  pos=2  C=220p
fcross = 9.679517e+05
pmarg = 1.060094e+02
tdc = 7.074326e+01
Doing analysis at TEMP = 27.000000 and TNOM = 27.000000

Using SPARSE 1.3 as Direct Linear Solver

No. of Data Rows : 801
fcross              =  9.67975e+05
pmarg               =  1.04990e+02
tdc                 =  7.07433e+01
mode=10db  rload=100k  rsrc=2.611k  pos=2  C=470p
fcross = 9.679749e+05
pmarg = 1.049904e+02
tdc = 7.074325e+01
Doing analysis at TEMP = 27.000000 and TNOM = 27.000000

Using SPARSE 1.3 as Direct Linear Solver

No. of Data Rows : 801
fcross              =  9.66255e+05
pmarg               =  1.02879e+02
tdc                 =  7.07433e+01
mode=10db  rload=100k  rsrc=2.611k  pos=2  C=1n
fcross = 9.662553e+05
pmarg = 1.028791e+02
tdc = 7.074325e+01
Doing analysis at TEMP = 27.000000 and TNOM = 27.000000

Using SPARSE 1.3 as Direct Linear Solver

No. of Data Rows : 801
fcross              =  9.62481e+05
pmarg               =  1.00963e+02
tdc                 =  7.07433e+01
mode=10db  rload=100k  rsrc=2.611k  pos=2  C=1.5n
fcross = 9.624813e+05
pmarg = 1.009631e+02
tdc = 7.074325e+01
Doing analysis at TEMP = 27.000000 and TNOM = 27.000000

Using SPARSE 1.3 as Direct Linear Solver

No. of Data Rows : 801
fcross              =  9.53939e+05
pmarg               =  9.84303e+01
tdc                 =  7.07433e+01
mode=10db  rload=100k  rsrc=2.611k  pos=2  C=2.2n
fcross = 9.539391e+05
pmarg = 9.843030e+01
tdc = 7.074325e+01
Doing analysis at TEMP = 27.000000 and TNOM = 27.000000

Using SPARSE 1.3 as Direct Linear Solver

No. of Data Rows : 801
fcross              =  9.45824e+05
pmarg               =  9.67381e+01
tdc                 =  7.07432e+01
mode=10db  rload=100k  rsrc=2.611k  pos=2  C=2.7n
fcross = 9.458242e+05
pmarg = 9.673808e+01
tdc = 7.074325e+01
Doing analysis at TEMP = 27.000000 and TNOM = 27.000000

Using SPARSE 1.3 as Direct Linear Solver

No. of Data Rows : 801
fcross              =  9.34152e+05
pmarg               =  9.48469e+01
tdc                 =  7.07432e+01
mode=10db  rload=100k  rsrc=2.611k  pos=2  C=3.3n
fcross = 9.341522e+05
pmarg = 9.484685e+01
tdc = 7.074325e+01
Doing analysis at TEMP = 27.000000 and TNOM = 27.000000

Using SPARSE 1.3 as Direct Linear Solver

No. of Data Rows : 801
fcross              =  9.01259e+05
pmarg               =  9.10074e+01
tdc                 =  7.07432e+01
mode=10db  rload=100k  rsrc=2.611k  pos=2  C=4.7n
fcross = 9.012589e+05
pmarg = 9.100739e+01
tdc = 7.074324e+01
Doing analysis at TEMP = 27.000000 and TNOM = 27.000000

Using SPARSE 1.3 as Direct Linear Solver

No. of Data Rows : 801
fcross              =  9.66370e+05
pmarg               =  1.07730e+02
tdc                 =  7.06970e+01
mode=10db  rload=10k  rsrc=1m  pos=1  C=1f
fcross = 9.663704e+05
pmarg = 1.077301e+02
tdc = 7.069696e+01
Doing analysis at TEMP = 27.000000 and TNOM = 27.000000

Using SPARSE 1.3 as Direct Linear Solver

No. of Data Rows : 801
fcross              =  9.66427e+05
pmarg               =  1.07540e+02
tdc                 =  7.06970e+01
mode=10db  rload=10k  rsrc=1m  pos=1  C=47p
fcross = 9.664273e+05
pmarg = 1.075398e+02
tdc = 7.069696e+01
Doing analysis at TEMP = 27.000000 and TNOM = 27.000000

Using SPARSE 1.3 as Direct Linear Solver

No. of Data Rows : 801
fcross              =  9.66289e+05
pmarg               =  1.07330e+02
tdc                 =  7.06970e+01
mode=10db  rload=10k  rsrc=1m  pos=1  C=100p
fcross = 9.662893e+05
pmarg = 1.073299e+02
tdc = 7.069696e+01
Doing analysis at TEMP = 27.000000 and TNOM = 27.000000

Using SPARSE 1.3 as Direct Linear Solver

No. of Data Rows : 801
fcross              =  9.65192e+05
pmarg               =  1.06875e+02
tdc                 =  7.06970e+01
mode=10db  rload=10k  rsrc=1m  pos=1  C=220p
fcross = 9.651923e+05
pmarg = 1.068753e+02
tdc = 7.069696e+01
Doing analysis at TEMP = 27.000000 and TNOM = 27.000000

Using SPARSE 1.3 as Direct Linear Solver

No. of Data Rows : 801
fcross              =  9.59593e+05
pmarg               =  1.06036e+02
tdc                 =  7.06970e+01
mode=10db  rload=10k  rsrc=1m  pos=1  C=470p
fcross = 9.595934e+05
pmarg = 1.060365e+02
tdc = 7.069697e+01
Doing analysis at TEMP = 27.000000 and TNOM = 27.000000

Using SPARSE 1.3 as Direct Linear Solver

No. of Data Rows : 801
fcross              =  9.36403e+05
pmarg               =  1.04805e+02
tdc                 =  7.06970e+01
mode=10db  rload=10k  rsrc=1m  pos=1  C=1n
fcross = 9.364035e+05
pmarg = 1.048046e+02
tdc = 7.069698e+01
Doing analysis at TEMP = 27.000000 and TNOM = 27.000000

Using SPARSE 1.3 as Direct Linear Solver

No. of Data Rows : 801
fcross              =  9.07476e+05
pmarg               =  1.04256e+02
tdc                 =  7.06970e+01
mode=10db  rload=10k  rsrc=1m  pos=1  C=1.5n
fcross = 9.074755e+05
pmarg = 1.042559e+02
tdc = 7.069698e+01
Doing analysis at TEMP = 27.000000 and TNOM = 27.000000

Using SPARSE 1.3 as Direct Linear Solver

No. of Data Rows : 801
fcross              =  8.66357e+05
pmarg               =  1.04140e+02
tdc                 =  7.06970e+01
mode=10db  rload=10k  rsrc=1m  pos=1  C=2.2n
fcross = 8.663566e+05
pmarg = 1.041404e+02
tdc = 7.069700e+01
Doing analysis at TEMP = 27.000000 and TNOM = 27.000000

Using SPARSE 1.3 as Direct Linear Solver

No. of Data Rows : 801
fcross              =  8.39853e+05
pmarg               =  1.04316e+02
tdc                 =  7.06970e+01
mode=10db  rload=10k  rsrc=1m  pos=1  C=2.7n
fcross = 8.398527e+05
pmarg = 1.043160e+02
tdc = 7.069701e+01
Doing analysis at TEMP = 27.000000 and TNOM = 27.000000

Using SPARSE 1.3 as Direct Linear Solver
 Reference value :  2.08930e+01
No. of Data Rows : 801
fcross              =  8.12117e+05
pmarg               =  1.04664e+02
tdc                 =  7.06970e+01
mode=10db  rload=10k  rsrc=1m  pos=1  C=3.3n
fcross = 8.121167e+05
pmarg = 1.046640e+02
tdc = 7.069702e+01
Doing analysis at TEMP = 27.000000 and TNOM = 27.000000

Using SPARSE 1.3 as Direct Linear Solver

No. of Data Rows : 801
fcross              =  7.63082e+05
pmarg               =  1.05655e+02
tdc                 =  7.06970e+01
mode=10db  rload=10k  rsrc=1m  pos=1  C=4.7n
fcross = 7.630825e+05
pmarg = 1.056549e+02
tdc = 7.069704e+01
Doing analysis at TEMP = 27.000000 and TNOM = 27.000000

Using SPARSE 1.3 as Direct Linear Solver

No. of Data Rows : 801
fcross              =  9.66370e+05
pmarg               =  1.07730e+02
tdc                 =  7.06970e+01
mode=10db  rload=10k  rsrc=1m  pos=2  C=1f
fcross = 9.663704e+05
pmarg = 1.077301e+02
tdc = 7.069696e+01
Doing analysis at TEMP = 27.000000 and TNOM = 27.000000

Using SPARSE 1.3 as Direct Linear Solver

No. of Data Rows : 801
fcross              =  9.66504e+05
pmarg               =  1.07536e+02
tdc                 =  7.06970e+01
mode=10db  rload=10k  rsrc=1m  pos=2  C=47p
fcross = 9.665036e+05
pmarg = 1.075363e+02
tdc = 7.069696e+01
Doing analysis at TEMP = 27.000000 and TNOM = 27.000000

Using SPARSE 1.3 as Direct Linear Solver

No. of Data Rows : 801
fcross              =  9.66631e+05
pmarg               =  1.07318e+02
tdc                 =  7.06970e+01
mode=10db  rload=10k  rsrc=1m  pos=2  C=100p
fcross = 9.666313e+05
pmarg = 1.073182e+02
tdc = 7.069696e+01
Doing analysis at TEMP = 27.000000 and TNOM = 27.000000

Using SPARSE 1.3 as Direct Linear Solver

No. of Data Rows : 801
fcross              =  9.66832e+05
pmarg               =  1.06826e+02
tdc                 =  7.06970e+01
mode=10db  rload=10k  rsrc=1m  pos=2  C=220p
fcross = 9.668319e+05
pmarg = 1.068260e+02
tdc = 7.069696e+01
Doing analysis at TEMP = 27.000000 and TNOM = 27.000000

Using SPARSE 1.3 as Direct Linear Solver

No. of Data Rows : 801
fcross              =  9.66854e+05
pmarg               =  1.05809e+02
tdc                 =  7.06970e+01
mode=10db  rload=10k  rsrc=1m  pos=2  C=470p
fcross = 9.668543e+05
pmarg = 1.058093e+02
tdc = 7.069696e+01
Doing analysis at TEMP = 27.000000 and TNOM = 27.000000

Using SPARSE 1.3 as Direct Linear Solver

No. of Data Rows : 801
fcross              =  9.65138e+05
pmarg               =  1.03701e+02
tdc                 =  7.06970e+01
mode=10db  rload=10k  rsrc=1m  pos=2  C=1n
fcross = 9.651380e+05
pmarg = 1.037012e+02
tdc = 7.069695e+01
Doing analysis at TEMP = 27.000000 and TNOM = 27.000000

Using SPARSE 1.3 as Direct Linear Solver

No. of Data Rows : 801
fcross              =  9.61374e+05
pmarg               =  1.01786e+02
tdc                 =  7.06970e+01
mode=10db  rload=10k  rsrc=1m  pos=2  C=1.5n
fcross = 9.613737e+05
pmarg = 1.017863e+02
tdc = 7.069695e+01
Doing analysis at TEMP = 27.000000 and TNOM = 27.000000

Using SPARSE 1.3 as Direct Linear Solver

No. of Data Rows : 801
fcross              =  9.52866e+05
pmarg               =  9.92514e+01
tdc                 =  7.06970e+01
mode=10db  rload=10k  rsrc=1m  pos=2  C=2.2n
fcross = 9.528659e+05
pmarg = 9.925136e+01
tdc = 7.069695e+01
Doing analysis at TEMP = 27.000000 and TNOM = 27.000000

Using SPARSE 1.3 as Direct Linear Solver

No. of Data Rows : 801
fcross              =  9.44773e+05
pmarg               =  9.75558e+01
tdc                 =  7.06970e+01
mode=10db  rload=10k  rsrc=1m  pos=2  C=2.7n
fcross = 9.447728e+05
pmarg = 9.755584e+01
tdc = 7.069695e+01
Doing analysis at TEMP = 27.000000 and TNOM = 27.000000

Using SPARSE 1.3 as Direct Linear Solver

No. of Data Rows : 801
fcross              =  9.33133e+05
pmarg               =  9.56585e+01
tdc                 =  7.06969e+01
mode=10db  rload=10k  rsrc=1m  pos=2  C=3.3n
fcross = 9.331330e+05
pmarg = 9.565851e+01
tdc = 7.069695e+01
Doing analysis at TEMP = 27.000000 and TNOM = 27.000000

Using SPARSE 1.3 as Direct Linear Solver

No. of Data Rows : 801
fcross              =  9.00339e+05
pmarg               =  9.17974e+01
tdc                 =  7.06969e+01
mode=10db  rload=10k  rsrc=1m  pos=2  C=4.7n
fcross = 9.003392e+05
pmarg = 9.179738e+01
tdc = 7.069695e+01
Doing analysis at TEMP = 27.000000 and TNOM = 27.000000

Using SPARSE 1.3 as Direct Linear Solver

No. of Data Rows : 801
fcross              =  9.66234e+05
pmarg               =  1.07430e+02
tdc                 =  7.06970e+01
mode=10db  rload=10k  rsrc=1k  pos=1  C=1f
fcross = 9.662345e+05
pmarg = 1.074299e+02
tdc = 7.069696e+01
Doing analysis at TEMP = 27.000000 and TNOM = 27.000000

Using SPARSE 1.3 as Direct Linear Solver

No. of Data Rows : 801
fcross              =  9.66291e+05
pmarg               =  1.07240e+02
tdc                 =  7.06970e+01
mode=10db  rload=10k  rsrc=1k  pos=1  C=47p
fcross = 9.662914e+05
pmarg = 1.072396e+02
tdc = 7.069696e+01
Doing analysis at TEMP = 27.000000 and TNOM = 27.000000

Using SPARSE 1.3 as Direct Linear Solver

No. of Data Rows : 801
fcross              =  9.66153e+05
pmarg               =  1.07030e+02
tdc                 =  7.06970e+01
mode=10db  rload=10k  rsrc=1k  pos=1  C=100p
fcross = 9.661535e+05
pmarg = 1.070298e+02
tdc = 7.069696e+01
Doing analysis at TEMP = 27.000000 and TNOM = 27.000000

Using SPARSE 1.3 as Direct Linear Solver

No. of Data Rows : 801
fcross              =  9.65057e+05
pmarg               =  1.06576e+02
tdc                 =  7.06970e+01
mode=10db  rload=10k  rsrc=1k  pos=1  C=220p
fcross = 9.650571e+05
pmarg = 1.065756e+02
tdc = 7.069696e+01
Doing analysis at TEMP = 27.000000 and TNOM = 27.000000

Using SPARSE 1.3 as Direct Linear Solver

No. of Data Rows : 801
fcross              =  9.59461e+05
pmarg               =  1.05739e+02
tdc                 =  7.06970e+01
mode=10db  rload=10k  rsrc=1k  pos=1  C=470p
fcross = 9.594614e+05
pmarg = 1.057386e+02
tdc = 7.069697e+01
Doing analysis at TEMP = 27.000000 and TNOM = 27.000000

Using SPARSE 1.3 as Direct Linear Solver

No. of Data Rows : 801
fcross              =  9.36284e+05
pmarg               =  1.04514e+02
tdc                 =  7.06970e+01
mode=10db  rload=10k  rsrc=1k  pos=1  C=1n
fcross = 9.362845e+05
pmarg = 1.045138e+02
tdc = 7.069698e+01
Doing analysis at TEMP = 27.000000 and TNOM = 27.000000

Using SPARSE 1.3 as Direct Linear Solver

No. of Data Rows : 801
fcross              =  9.07371e+05
pmarg               =  1.03974e+02
tdc                 =  7.06970e+01
mode=10db  rload=10k  rsrc=1k  pos=1  C=1.5n
fcross = 9.073710e+05
pmarg = 1.039737e+02
tdc = 7.069698e+01
Doing analysis at TEMP = 27.000000 and TNOM = 27.000000

Using SPARSE 1.3 as Direct Linear Solver

No. of Data Rows : 801
fcross              =  8.66268e+05
pmarg               =  1.03871e+02
tdc                 =  7.06970e+01
mode=10db  rload=10k  rsrc=1k  pos=1  C=2.2n
fcross = 8.662679e+05
pmarg = 1.038707e+02
tdc = 7.069700e+01
Doing analysis at TEMP = 27.000000 and TNOM = 27.000000

Using SPARSE 1.3 as Direct Linear Solver

No. of Data Rows : 801
fcross              =  8.39772e+05
pmarg               =  1.04054e+02
tdc                 =  7.06970e+01
mode=10db  rload=10k  rsrc=1k  pos=1  C=2.7n
fcross = 8.397722e+05
pmarg = 1.040543e+02
tdc = 7.069701e+01
Doing analysis at TEMP = 27.000000 and TNOM = 27.000000

Using SPARSE 1.3 as Direct Linear Solver

No. of Data Rows : 801
fcross              =  8.12044e+05
pmarg               =  1.04411e+02
tdc                 =  7.06970e+01
mode=10db  rload=10k  rsrc=1k  pos=1  C=3.3n
fcross = 8.120444e+05
pmarg = 1.044107e+02
tdc = 7.069702e+01
Doing analysis at TEMP = 27.000000 and TNOM = 27.000000

Using SPARSE 1.3 as Direct Linear Solver

No. of Data Rows : 801
fcross              =  7.63020e+05
pmarg               =  1.05417e+02
tdc                 =  7.06970e+01
mode=10db  rload=10k  rsrc=1k  pos=1  C=4.7n
fcross = 7.630204e+05
pmarg = 1.054166e+02
tdc = 7.069704e+01
Doing analysis at TEMP = 27.000000 and TNOM = 27.000000

Using SPARSE 1.3 as Direct Linear Solver

No. of Data Rows : 801
fcross              =  9.66234e+05
pmarg               =  1.07430e+02
tdc                 =  7.06970e+01
mode=10db  rload=10k  rsrc=1k  pos=2  C=1f
fcross = 9.662345e+05
pmarg = 1.074299e+02
tdc = 7.069696e+01
Doing analysis at TEMP = 27.000000 and TNOM = 27.000000

Using SPARSE 1.3 as Direct Linear Solver

No. of Data Rows : 801
fcross              =  9.66368e+05
pmarg               =  1.07236e+02
tdc                 =  7.06970e+01
mode=10db  rload=10k  rsrc=1k  pos=2  C=47p
fcross = 9.663676e+05
pmarg = 1.072361e+02
tdc = 7.069696e+01
Doing analysis at TEMP = 27.000000 and TNOM = 27.000000

Using SPARSE 1.3 as Direct Linear Solver

No. of Data Rows : 801
fcross              =  9.66495e+05
pmarg               =  1.07018e+02
tdc                 =  7.06970e+01
mode=10db  rload=10k  rsrc=1k  pos=2  C=100p
fcross = 9.664953e+05
pmarg = 1.070179e+02
tdc = 7.069696e+01
Doing analysis at TEMP = 27.000000 and TNOM = 27.000000

Using SPARSE 1.3 as Direct Linear Solver

No. of Data Rows : 801
fcross              =  9.66696e+05
pmarg               =  1.06526e+02
tdc                 =  7.06970e+01
mode=10db  rload=10k  rsrc=1k  pos=2  C=220p
fcross = 9.666959e+05
pmarg = 1.065258e+02
tdc = 7.069696e+01
Doing analysis at TEMP = 27.000000 and TNOM = 27.000000

Using SPARSE 1.3 as Direct Linear Solver

No. of Data Rows : 801
fcross              =  9.66718e+05
pmarg               =  1.05509e+02
tdc                 =  7.06970e+01
mode=10db  rload=10k  rsrc=1k  pos=2  C=470p
fcross = 9.667183e+05
pmarg = 1.055092e+02
tdc = 7.069696e+01
Doing analysis at TEMP = 27.000000 and TNOM = 27.000000

Using SPARSE 1.3 as Direct Linear Solver

No. of Data Rows : 801
fcross              =  9.65003e+05
pmarg               =  1.03402e+02
tdc                 =  7.06970e+01
mode=10db  rload=10k  rsrc=1k  pos=2  C=1n
fcross = 9.650033e+05
pmarg = 1.034019e+02
tdc = 7.069695e+01
Doing analysis at TEMP = 27.000000 and TNOM = 27.000000

Using SPARSE 1.3 as Direct Linear Solver

No. of Data Rows : 801
fcross              =  9.61241e+05
pmarg               =  1.01488e+02
tdc                 =  7.06970e+01
mode=10db  rload=10k  rsrc=1k  pos=2  C=1.5n
fcross = 9.612413e+05
pmarg = 1.014884e+02
tdc = 7.069695e+01
Doing analysis at TEMP = 27.000000 and TNOM = 27.000000

Using SPARSE 1.3 as Direct Linear Solver

No. of Data Rows : 801
fcross              =  9.52740e+05
pmarg               =  9.89563e+01
tdc                 =  7.06970e+01
mode=10db  rload=10k  rsrc=1k  pos=2  C=2.2n
fcross = 9.527398e+05
pmarg = 9.895625e+01
tdc = 7.069695e+01
Doing analysis at TEMP = 27.000000 and TNOM = 27.000000

Using SPARSE 1.3 as Direct Linear Solver

No. of Data Rows : 801
fcross              =  9.44651e+05
pmarg               =  9.72634e+01
tdc                 =  7.06970e+01
mode=10db  rload=10k  rsrc=1k  pos=2  C=2.7n
fcross = 9.446511e+05
pmarg = 9.726336e+01
tdc = 7.069695e+01
Doing analysis at TEMP = 27.000000 and TNOM = 27.000000

Using SPARSE 1.3 as Direct Linear Solver

No. of Data Rows : 801
fcross              =  9.33018e+05
pmarg               =  9.53697e+01
tdc                 =  7.06969e+01
mode=10db  rload=10k  rsrc=1k  pos=2  C=3.3n
fcross = 9.330184e+05
pmarg = 9.536968e+01
tdc = 7.069695e+01
Doing analysis at TEMP = 27.000000 and TNOM = 27.000000

Using SPARSE 1.3 as Direct Linear Solver

No. of Data Rows : 801
fcross              =  9.00241e+05
pmarg               =  9.15187e+01
tdc                 =  7.06969e+01
mode=10db  rload=10k  rsrc=1k  pos=2  C=4.7n
fcross = 9.002409e+05
pmarg = 9.151872e+01
tdc = 7.069695e+01
Doing analysis at TEMP = 27.000000 and TNOM = 27.000000

Using SPARSE 1.3 as Direct Linear Solver

No. of Data Rows : 801
fcross              =  9.65757e+05
pmarg               =  1.06987e+02
tdc                 =  7.06970e+01
mode=10db  rload=10k  rsrc=2.5k  pos=1  C=1f
fcross = 9.657568e+05
pmarg = 1.069875e+02
tdc = 7.069696e+01
Doing analysis at TEMP = 27.000000 and TNOM = 27.000000

Using SPARSE 1.3 as Direct Linear Solver

No. of Data Rows : 801
fcross              =  9.65814e+05
pmarg               =  1.06797e+02
tdc                 =  7.06970e+01
mode=10db  rload=10k  rsrc=2.5k  pos=1  C=47p
fcross = 9.658137e+05
pmarg = 1.067973e+02
tdc = 7.069696e+01
Doing analysis at TEMP = 27.000000 and TNOM = 27.000000

Using SPARSE 1.3 as Direct Linear Solver

No. of Data Rows : 801
fcross              =  9.65676e+05
pmarg               =  1.06588e+02
tdc                 =  7.06970e+01
mode=10db  rload=10k  rsrc=2.5k  pos=1  C=100p
fcross = 9.656760e+05
pmarg = 1.065876e+02
tdc = 7.069696e+01
Doing analysis at TEMP = 27.000000 and TNOM = 27.000000

Using SPARSE 1.3 as Direct Linear Solver

No. of Data Rows : 801
fcross              =  9.64582e+05
pmarg               =  1.06134e+02
tdc                 =  7.06970e+01
mode=10db  rload=10k  rsrc=2.5k  pos=1  C=220p
fcross = 9.645818e+05
pmarg = 1.061341e+02
tdc = 7.069696e+01
Doing analysis at TEMP = 27.000000 and TNOM = 27.000000

Using SPARSE 1.3 as Direct Linear Solver

No. of Data Rows : 801
fcross              =  9.58997e+05
pmarg               =  1.05300e+02
tdc                 =  7.06970e+01
mode=10db  rload=10k  rsrc=2.5k  pos=1  C=470p
fcross = 9.589970e+05
pmarg = 1.052998e+02
tdc = 7.069697e+01
Doing analysis at TEMP = 27.000000 and TNOM = 27.000000

Using SPARSE 1.3 as Direct Linear Solver

No. of Data Rows : 801
fcross              =  9.35866e+05
pmarg               =  1.04085e+02
tdc                 =  7.06970e+01
mode=10db  rload=10k  rsrc=2.5k  pos=1  C=1n
fcross = 9.358656e+05
pmarg = 1.040853e+02
tdc = 7.069698e+01
Doing analysis at TEMP = 27.000000 and TNOM = 27.000000

Using SPARSE 1.3 as Direct Linear Solver

No. of Data Rows : 801
fcross              =  9.07003e+05
pmarg               =  1.03558e+02
tdc                 =  7.06970e+01
mode=10db  rload=10k  rsrc=2.5k  pos=1  C=1.5n
fcross = 9.070029e+05
pmarg = 1.035575e+02
tdc = 7.069698e+01
Doing analysis at TEMP = 27.000000 and TNOM = 27.000000

Using SPARSE 1.3 as Direct Linear Solver

No. of Data Rows : 801
fcross              =  8.65956e+05
pmarg               =  1.03472e+02
tdc                 =  7.06970e+01
mode=10db  rload=10k  rsrc=2.5k  pos=1  C=2.2n
fcross = 8.659556e+05
pmarg = 1.034720e+02
tdc = 7.069700e+01
Doing analysis at TEMP = 27.000000 and TNOM = 27.000000

Using SPARSE 1.3 as Direct Linear Solver

No. of Data Rows : 801
fcross              =  8.39489e+05
pmarg               =  1.03667e+02
tdc                 =  7.06970e+01
mode=10db  rload=10k  rsrc=2.5k  pos=1  C=2.7n
fcross = 8.394885e+05
pmarg = 1.036671e+02
tdc = 7.069701e+01
Doing analysis at TEMP = 27.000000 and TNOM = 27.000000

Using SPARSE 1.3 as Direct Linear Solver

No. of Data Rows : 801
fcross              =  8.11790e+05
pmarg               =  1.04035e+02
tdc                 =  7.06970e+01
mode=10db  rload=10k  rsrc=2.5k  pos=1  C=3.3n
fcross = 8.117897e+05
pmarg = 1.040353e+02
tdc = 7.069702e+01
Doing analysis at TEMP = 27.000000 and TNOM = 27.000000

Using SPARSE 1.3 as Direct Linear Solver

No. of Data Rows : 801
fcross              =  7.62802e+05
pmarg               =  1.05063e+02
tdc                 =  7.06970e+01
mode=10db  rload=10k  rsrc=2.5k  pos=1  C=4.7n
fcross = 7.628021e+05
pmarg = 1.050627e+02
tdc = 7.069704e+01
Doing analysis at TEMP = 27.000000 and TNOM = 27.000000

Using SPARSE 1.3 as Direct Linear Solver

No. of Data Rows : 801
fcross              =  9.65757e+05
pmarg               =  1.06987e+02
tdc                 =  7.06970e+01
mode=10db  rload=10k  rsrc=2.5k  pos=2  C=1f
fcross = 9.657568e+05
pmarg = 1.069875e+02
tdc = 7.069696e+01
Doing analysis at TEMP = 27.000000 and TNOM = 27.000000

Using SPARSE 1.3 as Direct Linear Solver

No. of Data Rows : 801
fcross              =  9.65890e+05
pmarg               =  1.06794e+02
tdc                 =  7.06970e+01
mode=10db  rload=10k  rsrc=2.5k  pos=2  C=47p
fcross = 9.658898e+05
pmarg = 1.067937e+02
tdc = 7.069696e+01
Doing analysis at TEMP = 27.000000 and TNOM = 27.000000

Using SPARSE 1.3 as Direct Linear Solver

No. of Data Rows : 801
fcross              =  9.66017e+05
pmarg               =  1.06576e+02
tdc                 =  7.06970e+01
mode=10db  rload=10k  rsrc=2.5k  pos=2  C=100p
fcross = 9.660172e+05
pmarg = 1.065756e+02
tdc = 7.069696e+01
Doing analysis at TEMP = 27.000000 and TNOM = 27.000000

Using SPARSE 1.3 as Direct Linear Solver

No. of Data Rows : 801
fcross              =  9.66217e+05
pmarg               =  1.06084e+02
tdc                 =  7.06970e+01
mode=10db  rload=10k  rsrc=2.5k  pos=2  C=220p
fcross = 9.662174e+05
pmarg = 1.060836e+02
tdc = 7.069696e+01
Doing analysis at TEMP = 27.000000 and TNOM = 27.000000

Using SPARSE 1.3 as Direct Linear Solver

No. of Data Rows : 801
fcross              =  9.66240e+05
pmarg               =  1.05067e+02
tdc                 =  7.06970e+01
mode=10db  rload=10k  rsrc=2.5k  pos=2  C=470p
fcross = 9.662399e+05
pmarg = 1.050674e+02
tdc = 7.069696e+01
Doing analysis at TEMP = 27.000000 and TNOM = 27.000000

Using SPARSE 1.3 as Direct Linear Solver

No. of Data Rows : 801
fcross              =  9.64529e+05
pmarg               =  1.02962e+02
tdc                 =  7.06970e+01
mode=10db  rload=10k  rsrc=2.5k  pos=2  C=1n
fcross = 9.645286e+05
pmarg = 1.029620e+02
tdc = 7.069695e+01
Doing analysis at TEMP = 27.000000 and TNOM = 27.000000

Using SPARSE 1.3 as Direct Linear Solver

No. of Data Rows : 801
fcross              =  9.60774e+05
pmarg               =  1.01051e+02
tdc                 =  7.06970e+01
mode=10db  rload=10k  rsrc=2.5k  pos=2  C=1.5n
fcross = 9.607741e+05
pmarg = 1.010509e+02
tdc = 7.069695e+01
Doing analysis at TEMP = 27.000000 and TNOM = 27.000000

Using SPARSE 1.3 as Direct Linear Solver

No. of Data Rows : 801
fcross              =  9.52294e+05
pmarg               =  9.85233e+01
tdc                 =  7.06970e+01
mode=10db  rload=10k  rsrc=2.5k  pos=2  C=2.2n
fcross = 9.522939e+05
pmarg = 9.852334e+01
tdc = 7.069695e+01
Doing analysis at TEMP = 27.000000 and TNOM = 27.000000

Using SPARSE 1.3 as Direct Linear Solver

No. of Data Rows : 801
fcross              =  9.44220e+05
pmarg               =  9.68346e+01
tdc                 =  7.06970e+01
mode=10db  rload=10k  rsrc=2.5k  pos=2  C=2.7n
fcross = 9.442202e+05
pmarg = 9.683459e+01
tdc = 7.069695e+01
Doing analysis at TEMP = 27.000000 and TNOM = 27.000000

Using SPARSE 1.3 as Direct Linear Solver

No. of Data Rows : 801
fcross              =  9.32612e+05
pmarg               =  9.49464e+01
tdc                 =  7.06969e+01
mode=10db  rload=10k  rsrc=2.5k  pos=2  C=3.3n
fcross = 9.326123e+05
pmarg = 9.494639e+01
tdc = 7.069695e+01
Doing analysis at TEMP = 27.000000 and TNOM = 27.000000

Using SPARSE 1.3 as Direct Linear Solver

No. of Data Rows : 801
fcross              =  8.99891e+05
pmarg               =  9.11104e+01
tdc                 =  7.06969e+01
mode=10db  rload=10k  rsrc=2.5k  pos=2  C=4.7n
fcross = 8.998908e+05
pmarg = 9.111043e+01
tdc = 7.069695e+01
Doing analysis at TEMP = 27.000000 and TNOM = 27.000000

Using SPARSE 1.3 as Direct Linear Solver

No. of Data Rows : 801
fcross              =  9.65726e+05
pmarg               =  1.06967e+02
tdc                 =  7.06970e+01
mode=10db  rload=10k  rsrc=2.571k  pos=1  C=1f
fcross = 9.657262e+05
pmarg = 1.069668e+02
tdc = 7.069696e+01
Doing analysis at TEMP = 27.000000 and TNOM = 27.000000

Using SPARSE 1.3 as Direct Linear Solver

No. of Data Rows : 801
fcross              =  9.65783e+05
pmarg               =  1.06777e+02
tdc                 =  7.06970e+01
mode=10db  rload=10k  rsrc=2.571k  pos=1  C=47p
fcross = 9.657830e+05
pmarg = 1.067766e+02
tdc = 7.069696e+01
Doing analysis at TEMP = 27.000000 and TNOM = 27.000000

Using SPARSE 1.3 as Direct Linear Solver

No. of Data Rows : 801
fcross              =  9.65645e+05
pmarg               =  1.06567e+02
tdc                 =  7.06970e+01
mode=10db  rload=10k  rsrc=2.571k  pos=1  C=100p
fcross = 9.656454e+05
pmarg = 1.065669e+02
tdc = 7.069696e+01
Doing analysis at TEMP = 27.000000 and TNOM = 27.000000

Using SPARSE 1.3 as Direct Linear Solver

No. of Data Rows : 801
fcross              =  9.64551e+05
pmarg               =  1.06113e+02
tdc                 =  7.06970e+01
mode=10db  rload=10k  rsrc=2.571k  pos=1  C=220p
fcross = 9.645513e+05
pmarg = 1.061134e+02
tdc = 7.069696e+01
Doing analysis at TEMP = 27.000000 and TNOM = 27.000000

Using SPARSE 1.3 as Direct Linear Solver

No. of Data Rows : 801
fcross              =  9.58967e+05
pmarg               =  1.05279e+02
tdc                 =  7.06970e+01
mode=10db  rload=10k  rsrc=2.571k  pos=1  C=470p
fcross = 9.589672e+05
pmarg = 1.052793e+02
tdc = 7.069697e+01
Doing analysis at TEMP = 27.000000 and TNOM = 27.000000

Using SPARSE 1.3 as Direct Linear Solver

No. of Data Rows : 801
fcross              =  9.35839e+05
pmarg               =  1.04065e+02
tdc                 =  7.06970e+01
mode=10db  rload=10k  rsrc=2.571k  pos=1  C=1n
fcross = 9.358387e+05
pmarg = 1.040652e+02
tdc = 7.069698e+01
Doing analysis at TEMP = 27.000000 and TNOM = 27.000000

Using SPARSE 1.3 as Direct Linear Solver

No. of Data Rows : 801
fcross              =  9.06979e+05
pmarg               =  1.03538e+02
tdc                 =  7.06970e+01
mode=10db  rload=10k  rsrc=2.571k  pos=1  C=1.5n
fcross = 9.069792e+05
pmarg = 1.035381e+02
tdc = 7.069698e+01
Doing analysis at TEMP = 27.000000 and TNOM = 27.000000

Using SPARSE 1.3 as Direct Linear Solver
 Reference value :  1.47911e+02
No. of Data Rows : 801
fcross              =  8.65936e+05
pmarg               =  1.03453e+02
tdc                 =  7.06970e+01
mode=10db  rload=10k  rsrc=2.571k  pos=1  C=2.2n
fcross = 8.659355e+05
pmarg = 1.034533e+02
tdc = 7.069700e+01
Doing analysis at TEMP = 27.000000 and TNOM = 27.000000

Using SPARSE 1.3 as Direct Linear Solver

No. of Data Rows : 801
fcross              =  8.39470e+05
pmarg               =  1.03649e+02
tdc                 =  7.06970e+01
mode=10db  rload=10k  rsrc=2.571k  pos=1  C=2.7n
fcross = 8.394703e+05
pmarg = 1.036489e+02
tdc = 7.069701e+01
Doing analysis at TEMP = 27.000000 and TNOM = 27.000000

Using SPARSE 1.3 as Direct Linear Solver

No. of Data Rows : 801
fcross              =  8.11773e+05
pmarg               =  1.04018e+02
tdc                 =  7.06970e+01
mode=10db  rload=10k  rsrc=2.571k  pos=1  C=3.3n
fcross = 8.117733e+05
pmarg = 1.040177e+02
tdc = 7.069702e+01
Doing analysis at TEMP = 27.000000 and TNOM = 27.000000

Using SPARSE 1.3 as Direct Linear Solver

No. of Data Rows : 801
fcross              =  7.62788e+05
pmarg               =  1.05046e+02
tdc                 =  7.06970e+01
mode=10db  rload=10k  rsrc=2.571k  pos=1  C=4.7n
fcross = 7.627881e+05
pmarg = 1.050461e+02
tdc = 7.069704e+01
Doing analysis at TEMP = 27.000000 and TNOM = 27.000000

Using SPARSE 1.3 as Direct Linear Solver

No. of Data Rows : 801
fcross              =  9.65726e+05
pmarg               =  1.06967e+02
tdc                 =  7.06970e+01
mode=10db  rload=10k  rsrc=2.571k  pos=2  C=1f
fcross = 9.657262e+05
pmarg = 1.069668e+02
tdc = 7.069696e+01
Doing analysis at TEMP = 27.000000 and TNOM = 27.000000

Using SPARSE 1.3 as Direct Linear Solver

No. of Data Rows : 801
fcross              =  9.65859e+05
pmarg               =  1.06773e+02
tdc                 =  7.06970e+01
mode=10db  rload=10k  rsrc=2.571k  pos=2  C=47p
fcross = 9.658591e+05
pmarg = 1.067730e+02
tdc = 7.069696e+01
Doing analysis at TEMP = 27.000000 and TNOM = 27.000000

Using SPARSE 1.3 as Direct Linear Solver

No. of Data Rows : 801
fcross              =  9.65986e+05
pmarg               =  1.06555e+02
tdc                 =  7.06970e+01
mode=10db  rload=10k  rsrc=2.571k  pos=2  C=100p
fcross = 9.659865e+05
pmarg = 1.065549e+02
tdc = 7.069696e+01
Doing analysis at TEMP = 27.000000 and TNOM = 27.000000

Using SPARSE 1.3 as Direct Linear Solver

No. of Data Rows : 801
fcross              =  9.66187e+05
pmarg               =  1.06063e+02
tdc                 =  7.06970e+01
mode=10db  rload=10k  rsrc=2.571k  pos=2  C=220p
fcross = 9.661867e+05
pmarg = 1.060629e+02
tdc = 7.069696e+01
Doing analysis at TEMP = 27.000000 and TNOM = 27.000000

Using SPARSE 1.3 as Direct Linear Solver

No. of Data Rows : 801
fcross              =  9.66209e+05
pmarg               =  1.05047e+02
tdc                 =  7.06970e+01
mode=10db  rload=10k  rsrc=2.571k  pos=2  C=470p
fcross = 9.662092e+05
pmarg = 1.050468e+02
tdc = 7.069696e+01
Doing analysis at TEMP = 27.000000 and TNOM = 27.000000

Using SPARSE 1.3 as Direct Linear Solver

No. of Data Rows : 801
fcross              =  9.64498e+05
pmarg               =  1.02941e+02
tdc                 =  7.06970e+01
mode=10db  rload=10k  rsrc=2.571k  pos=2  C=1n
fcross = 9.644981e+05
pmarg = 1.029414e+02
tdc = 7.069695e+01
Doing analysis at TEMP = 27.000000 and TNOM = 27.000000

Using SPARSE 1.3 as Direct Linear Solver

No. of Data Rows : 801
fcross              =  9.60744e+05
pmarg               =  1.01031e+02
tdc                 =  7.06970e+01
mode=10db  rload=10k  rsrc=2.571k  pos=2  C=1.5n
fcross = 9.607441e+05
pmarg = 1.010305e+02
tdc = 7.069695e+01
Doing analysis at TEMP = 27.000000 and TNOM = 27.000000

Using SPARSE 1.3 as Direct Linear Solver

No. of Data Rows : 801
fcross              =  9.52265e+05
pmarg               =  9.85031e+01
tdc                 =  7.06970e+01
mode=10db  rload=10k  rsrc=2.571k  pos=2  C=2.2n
fcross = 9.522653e+05
pmarg = 9.850315e+01
tdc = 7.069695e+01
Doing analysis at TEMP = 27.000000 and TNOM = 27.000000

Using SPARSE 1.3 as Direct Linear Solver

No. of Data Rows : 801
fcross              =  9.44193e+05
pmarg               =  9.68146e+01
tdc                 =  7.06970e+01
mode=10db  rload=10k  rsrc=2.571k  pos=2  C=2.7n
fcross = 9.441925e+05
pmarg = 9.681460e+01
tdc = 7.069695e+01
Doing analysis at TEMP = 27.000000 and TNOM = 27.000000

Using SPARSE 1.3 as Direct Linear Solver

No. of Data Rows : 801
fcross              =  9.32586e+05
pmarg               =  9.49267e+01
tdc                 =  7.06969e+01
mode=10db  rload=10k  rsrc=2.571k  pos=2  C=3.3n
fcross = 9.325861e+05
pmarg = 9.492666e+01
tdc = 7.069695e+01
Doing analysis at TEMP = 27.000000 and TNOM = 27.000000

Using SPARSE 1.3 as Direct Linear Solver

No. of Data Rows : 801
fcross              =  8.99868e+05
pmarg               =  9.10914e+01
tdc                 =  7.06969e+01
mode=10db  rload=10k  rsrc=2.571k  pos=2  C=4.7n
fcross = 8.998683e+05
pmarg = 9.109140e+01
tdc = 7.069695e+01
Doing analysis at TEMP = 27.000000 and TNOM = 27.000000

Using SPARSE 1.3 as Direct Linear Solver

No. of Data Rows : 801
fcross              =  9.65709e+05
pmarg               =  1.06955e+02
tdc                 =  7.06970e+01
mode=10db  rload=10k  rsrc=2.611k  pos=1  C=1f
fcross = 9.657086e+05
pmarg = 1.069551e+02
tdc = 7.069696e+01
Doing analysis at TEMP = 27.000000 and TNOM = 27.000000

Using SPARSE 1.3 as Direct Linear Solver

No. of Data Rows : 801
fcross              =  9.65765e+05
pmarg               =  1.06765e+02
tdc                 =  7.06970e+01
mode=10db  rload=10k  rsrc=2.611k  pos=1  C=47p
fcross = 9.657654e+05
pmarg = 1.067649e+02
tdc = 7.069696e+01
Doing analysis at TEMP = 27.000000 and TNOM = 27.000000

Using SPARSE 1.3 as Direct Linear Solver

No. of Data Rows : 801
fcross              =  9.65628e+05
pmarg               =  1.06555e+02
tdc                 =  7.06970e+01
mode=10db  rload=10k  rsrc=2.611k  pos=1  C=100p
fcross = 9.656278e+05
pmarg = 1.065553e+02
tdc = 7.069696e+01
Doing analysis at TEMP = 27.000000 and TNOM = 27.000000

Using SPARSE 1.3 as Direct Linear Solver

No. of Data Rows : 801
fcross              =  9.64534e+05
pmarg               =  1.06102e+02
tdc                 =  7.06970e+01
mode=10db  rload=10k  rsrc=2.611k  pos=1  C=220p
fcross = 9.645338e+05
pmarg = 1.061018e+02
tdc = 7.069696e+01
Doing analysis at TEMP = 27.000000 and TNOM = 27.000000

Using SPARSE 1.3 as Direct Linear Solver

No. of Data Rows : 801
fcross              =  9.58950e+05
pmarg               =  1.05268e+02
tdc                 =  7.06970e+01
mode=10db  rload=10k  rsrc=2.611k  pos=1  C=470p
fcross = 9.589501e+05
pmarg = 1.052678e+02
tdc = 7.069697e+01
Doing analysis at TEMP = 27.000000 and TNOM = 27.000000

Using SPARSE 1.3 as Direct Linear Solver

No. of Data Rows : 801
fcross              =  9.35823e+05
pmarg               =  1.04054e+02
tdc                 =  7.06970e+01
mode=10db  rload=10k  rsrc=2.611k  pos=1  C=1n
fcross = 9.358232e+05
pmarg = 1.040540e+02
tdc = 7.069698e+01
Doing analysis at TEMP = 27.000000 and TNOM = 27.000000

Using SPARSE 1.3 as Direct Linear Solver

No. of Data Rows : 801
fcross              =  9.06966e+05
pmarg               =  1.03527e+02
tdc                 =  7.06970e+01
mode=10db  rload=10k  rsrc=2.611k  pos=1  C=1.5n
fcross = 9.069656e+05
pmarg = 1.035271e+02
tdc = 7.069698e+01
Doing analysis at TEMP = 27.000000 and TNOM = 27.000000

Using SPARSE 1.3 as Direct Linear Solver

No. of Data Rows : 801
fcross              =  8.65924e+05
pmarg               =  1.03443e+02
tdc                 =  7.06970e+01
mode=10db  rload=10k  rsrc=2.611k  pos=1  C=2.2n
fcross = 8.659240e+05
pmarg = 1.034428e+02
tdc = 7.069700e+01
Doing analysis at TEMP = 27.000000 and TNOM = 27.000000

Using SPARSE 1.3 as Direct Linear Solver

No. of Data Rows : 801
fcross              =  8.39460e+05
pmarg               =  1.03639e+02
tdc                 =  7.06970e+01
mode=10db  rload=10k  rsrc=2.611k  pos=1  C=2.7n
fcross = 8.394598e+05
pmarg = 1.036387e+02
tdc = 7.069701e+01
Doing analysis at TEMP = 27.000000 and TNOM = 27.000000

Using SPARSE 1.3 as Direct Linear Solver

No. of Data Rows : 801
fcross              =  8.11764e+05
pmarg               =  1.04008e+02
tdc                 =  7.06970e+01
mode=10db  rload=10k  rsrc=2.611k  pos=1  C=3.3n
fcross = 8.117639e+05
pmarg = 1.040078e+02
tdc = 7.069702e+01
Doing analysis at TEMP = 27.000000 and TNOM = 27.000000

Using SPARSE 1.3 as Direct Linear Solver

No. of Data Rows : 801
fcross              =  7.62780e+05
pmarg               =  1.05037e+02
tdc                 =  7.06970e+01
mode=10db  rload=10k  rsrc=2.611k  pos=1  C=4.7n
fcross = 7.627800e+05
pmarg = 1.050367e+02
tdc = 7.069704e+01
Doing analysis at TEMP = 27.000000 and TNOM = 27.000000

Using SPARSE 1.3 as Direct Linear Solver

No. of Data Rows : 801
fcross              =  9.65709e+05
pmarg               =  1.06955e+02
tdc                 =  7.06970e+01
mode=10db  rload=10k  rsrc=2.611k  pos=2  C=1f
fcross = 9.657086e+05
pmarg = 1.069551e+02
tdc = 7.069696e+01
Doing analysis at TEMP = 27.000000 and TNOM = 27.000000

Using SPARSE 1.3 as Direct Linear Solver

No. of Data Rows : 801
fcross              =  9.65841e+05
pmarg               =  1.06761e+02
tdc                 =  7.06970e+01
mode=10db  rload=10k  rsrc=2.611k  pos=2  C=47p
fcross = 9.658415e+05
pmarg = 1.067613e+02
tdc = 7.069696e+01
Doing analysis at TEMP = 27.000000 and TNOM = 27.000000

Using SPARSE 1.3 as Direct Linear Solver

No. of Data Rows : 801
fcross              =  9.65969e+05
pmarg               =  1.06543e+02
tdc                 =  7.06970e+01
mode=10db  rload=10k  rsrc=2.611k  pos=2  C=100p
fcross = 9.659688e+05
pmarg = 1.065433e+02
tdc = 7.069696e+01
Doing analysis at TEMP = 27.000000 and TNOM = 27.000000

Using SPARSE 1.3 as Direct Linear Solver

No. of Data Rows : 801
fcross              =  9.66169e+05
pmarg               =  1.06051e+02
tdc                 =  7.06970e+01
mode=10db  rload=10k  rsrc=2.611k  pos=2  C=220p
fcross = 9.661690e+05
pmarg = 1.060513e+02
tdc = 7.069696e+01
Doing analysis at TEMP = 27.000000 and TNOM = 27.000000

Using SPARSE 1.3 as Direct Linear Solver

No. of Data Rows : 801
fcross              =  9.66192e+05
pmarg               =  1.05035e+02
tdc                 =  7.06970e+01
mode=10db  rload=10k  rsrc=2.611k  pos=2  C=470p
fcross = 9.661916e+05
pmarg = 1.050352e+02
tdc = 7.069696e+01
Doing analysis at TEMP = 27.000000 and TNOM = 27.000000

Using SPARSE 1.3 as Direct Linear Solver

No. of Data Rows : 801
fcross              =  9.64481e+05
pmarg               =  1.02930e+02
tdc                 =  7.06970e+01
mode=10db  rload=10k  rsrc=2.611k  pos=2  C=1n
fcross = 9.644805e+05
pmarg = 1.029299e+02
tdc = 7.069695e+01
Doing analysis at TEMP = 27.000000 and TNOM = 27.000000

Using SPARSE 1.3 as Direct Linear Solver

No. of Data Rows : 801
fcross              =  9.60727e+05
pmarg               =  1.01019e+02
tdc                 =  7.06970e+01
mode=10db  rload=10k  rsrc=2.611k  pos=2  C=1.5n
fcross = 9.607269e+05
pmarg = 1.010190e+02
tdc = 7.069695e+01
Doing analysis at TEMP = 27.000000 and TNOM = 27.000000

Using SPARSE 1.3 as Direct Linear Solver

No. of Data Rows : 801
fcross              =  9.52249e+05
pmarg               =  9.84918e+01
tdc                 =  7.06970e+01
mode=10db  rload=10k  rsrc=2.611k  pos=2  C=2.2n
fcross = 9.522488e+05
pmarg = 9.849178e+01
tdc = 7.069695e+01
Doing analysis at TEMP = 27.000000 and TNOM = 27.000000

Using SPARSE 1.3 as Direct Linear Solver

No. of Data Rows : 801
fcross              =  9.44177e+05
pmarg               =  9.68034e+01
tdc                 =  7.06970e+01
mode=10db  rload=10k  rsrc=2.611k  pos=2  C=2.7n
fcross = 9.441766e+05
pmarg = 9.680335e+01
tdc = 7.069695e+01
Doing analysis at TEMP = 27.000000 and TNOM = 27.000000

Using SPARSE 1.3 as Direct Linear Solver

No. of Data Rows : 801
fcross              =  9.32571e+05
pmarg               =  9.49156e+01
tdc                 =  7.06969e+01
mode=10db  rload=10k  rsrc=2.611k  pos=2  C=3.3n
fcross = 9.325711e+05
pmarg = 9.491556e+01
tdc = 7.069695e+01
Doing analysis at TEMP = 27.000000 and TNOM = 27.000000

Using SPARSE 1.3 as Direct Linear Solver

No. of Data Rows : 801
fcross              =  8.99855e+05
pmarg               =  9.10807e+01
tdc                 =  7.06969e+01
mode=10db  rload=10k  rsrc=2.611k  pos=2  C=4.7n
fcross = 8.998554e+05
pmarg = 9.108069e+01
tdc = 7.069695e+01
Note: Simulation executed from .control section 
