t_s,livello_db
0.005000,-60.817740
0.006000,-58.339421
0.007000,-56.104718
0.008000,-54.085238
0.009000,-52.251249
0.010000,-50.576159
0.011000,-49.037422
0.012000,-47.616290
0.013000,-46.297242
0.014000,-45.067410
0.015000,-43.916068
0.016000,-42.834226
0.017000,-41.814291
0.018000,-40.849811
0.019000,-39.935263
0.020000,-39.065892
0.021000,-38.237577
0.022000,-37.446725
0.023000,-36.690188
0.024000,-35.965196
0.025000,-35.269296
0.026000,-34.600307
0.027000,-33.956283
0.028000,-33.335482
0.029000,-32.736335
0.030000,-32.157428
0.031000,-31.597479
0.032000,-31.055326
0.033000,-30.529909
0.034000,-30.020261
0.035000,-29.525496
0.036000,-29.044801
0.037000,-28.577428
0.038000,-28.122688
0.039000,-27.679944
0.040000,-27.248606
0.041000,-26.828127
0.042000,-26.418000
0.043000,-26.017751
0.044000,-25.626940
0.045000,-25.245154
0.046000,-24.872010
0.047000,-24.507145
0.048000,-24.150223
0.049000,-23.800926
0.050000,-23.458956
0.051000,-23.124031
0.052000,-22.795887
0.053000,-22.474273
0.054000,-22.158955
0.055000,-21.849708
0.056000,-21.546321
0.057000,-21.248596
0.058000,-20.956341
0.059000,-20.669376
0.060000,-20.387531
0.061000,-20.110643
0.062000,-19.838557
0.063000,-19.571125
0.064000,-19.308208
0.065000,-19.049670
0.066000,-18.795385
0.067000,-18.545229
0.068000,-18.299086
0.069000,-18.056845
0.070000,-17.818398
0.071000,-17.583643
0.072000,-17.352483
0.073000,-17.124821
0.074000,-16.900570
0.075000,-16.679642
0.076000,-16.461953
0.077000,-16.247424
0.078000,-16.035978
0.079000,-15.827541
0.080000,-15.622042
0.081000,-15.419412
0.082000,-15.219586
0.083000,-15.022499
0.084000,-14.828091
0.085000,-14.636302
0.086000,-14.447076
0.087000,-14.260356
0.088000,-14.076091
0.089000,-13.894228
0.090000,-13.714718
0.091000,-13.537513
0.092000,-13.362567
0.093000,-13.189834
0.094000,-13.019271
0.095000,-12.850835
0.096000,-12.684487
0.097000,-12.520187
0.098000,-12.357896
0.099000,-12.197577
0.100000,-12.039194
0.101000,-11.882712
0.102000,-11.728098
0.103000,-11.575318
0.104000,-11.424341
0.105000,-11.275135
0.106000,-11.127671
0.107000,-10.981919
0.108000,-10.837851
0.109000,-10.695438
0.110000,-10.554655
0.111000,-10.415475
0.112000,-10.277872
0.113000,-10.141822
0.114000,-10.007301
0.115000,-9.874285
0.116000,-9.742752
0.117000,-9.612678
0.118000,-9.484043
0.119000,-9.356826
0.120000,-9.231005
0.121000,-9.106561
0.122000,-8.983474
0.123000,-8.861725
0.124000,-8.741296
0.125000,-8.622168
0.126000,-8.504323
0.127000,-8.387745
0.128000,-8.272417
0.129000,-8.158321
0.130000,-8.045443
0.131000,-7.933765
0.132000,-7.823274
0.133000,-7.713954
0.134000,-7.605789
0.135000,-7.498767
0.136000,-7.392873
0.137000,-7.288094
0.138000,-7.184415
0.139000,-7.081825
0.140000,-6.980310
0.141000,-6.879857
0.142000,-6.780455
0.143000,-6.682092
0.144000,-6.584755
0.145000,-6.488434
0.146000,-6.393118
0.147000,-6.298795
0.148000,-6.205454
0.149000,-6.113086
0.150000,-6.021679
0.151000,-5.931224
0.152000,-5.841712
0.153000,-5.753131
0.154000,-5.665473
0.155000,-5.578729
0.156000,-5.492890
0.157000,-5.407946
0.158000,-5.323889
0.159000,-5.240711
0.160000,-5.158402
0.161000,-5.076955
0.162000,-4.996363
0.163000,-4.916616
0.164000,-4.837707
0.165000,-4.759629
0.166000,-4.682374
0.167000,-4.605935
0.168000,-4.530305
0.169000,-4.455476
0.170000,-4.381442
0.171000,-4.308197
0.172000,-4.235733
0.173000,-4.164044
0.174000,-4.093124
0.175000,-4.022966
0.176000,-3.953564
0.177000,-3.884913
0.178000,-3.817006
0.179000,-3.749838
0.180000,-3.683403
0.181000,-3.617695
0.182000,-3.552709
0.183000,-3.488439
0.184000,-3.424880
0.185000,-3.362028
0.186000,-3.299876
0.187000,-3.238421
0.188000,-3.177656
0.189000,-3.117577
0.190000,-3.058181
0.191000,-2.999460
0.192000,-2.941412
0.193000,-2.884032
0.194000,-2.827316
0.195000,-2.771258
0.196000,-2.715856
0.197000,-2.661104
0.198000,-2.606998
0.199000,-2.553535
0.200000,-2.500711
0.201000,-2.448522
0.202000,-2.396963
0.203000,-2.346032
0.204000,-2.295725
0.205000,-2.246037
0.206000,-2.196966
0.207000,-2.148508
0.208000,-2.100659
0.209000,-2.053417
0.210000,-2.006778
0.211000,-1.960738
0.212000,-1.915295
0.213000,-1.870445
0.214000,-1.826186
0.215000,-1.782514
0.216000,-1.739426
0.217000,-1.696920
0.218000,-1.654993
0.219000,-1.613642
0.220000,-1.572863
0.221000,-1.532656
0.222000,-1.493016
0.223000,-1.453941
0.224000,-1.415429
0.225000,-1.377478
0.226000,-1.340084
0.227000,-1.303246
0.228000,-1.266960
0.229000,-1.231226
0.230000,-1.196040
0.231000,-1.161400
0.232000,-1.127304
0.233000,-1.093751
0.234000,-1.060737
0.235000,-1.028261
0.236000,-0.996321
0.237000,-0.964915
0.238000,-0.934040
0.239000,-0.903696
0.240000,-0.873880
0.241000,-0.844591
0.242000,-0.815826
0.243000,-0.787583
0.244000,-0.759863
0.245000,-0.732661
0.246000,-0.705978
0.247000,-0.679810
0.248000,-0.654158
0.249000,-0.629019
0.250000,-0.604391
0.251000,-0.580274
0.252000,-0.556666
0.253000,-0.533566
0.254000,-0.510971
0.255000,-0.488881
0.256000,-0.467295
0.257000,-0.446212
0.258000,-0.425629
0.259000,-0.405546
0.260000,-0.385962
0.261000,-0.366876
0.262000,-0.348286
0.263000,-0.330192
0.264000,-0.312592
0.265000,-0.295486
0.266000,-0.278872
0.267000,-0.262749
0.268000,-0.247118
0.269000,-0.231976
0.270000,-0.217323
0.271000,-0.203158
0.272000,-0.189480
0.273000,-0.176289
0.274000,-0.163584
0.275000,-0.151363
0.276000,-0.139628
0.277000,-0.128375
0.278000,-0.117607
0.279000,-0.107320
0.280000,-0.097515
0.281000,-0.088192
0.282000,-0.079350
0.283000,-0.070988
0.284000,-0.063106
0.285000,-0.055704
0.286000,-0.048780
0.287000,-0.042335
0.288000,-0.036369
0.289000,-0.030880
0.290000,-0.025870
0.291000,-0.021336
0.292000,-0.017280
0.293000,-0.013701
0.294000,-0.010598
0.295000,-0.007972
0.296000,-0.005815
0.297000,-0.004087
0.298000,-0.002741
0.299000,-0.001728
0.300000,-0.001002
0.301000,-0.000515
0.302000,-0.000218
0.303000,-0.000065
0.304000,-0.000009
0.305000,-0.000000
0.306000,0.000000
0.307000,0.000000
0.308000,0.000000
0.309000,0.000000
0.310000,0.000000
0.311000,0.000000
0.312000,0.000000
0.313000,-0.000000
0.314000,-0.000000
0.315000,-0.000000
0.316000,-0.000000
0.317000,-0.000000
0.318000,-0.000000
0.319000,-0.000000
0.320000,-0.000000
0.321000,-0.000000
0.322000,-0.000000
0.323000,-0.000000
0.324000,-0.000000
0.325000,-0.000000
0.326000,0.000000
0.327000,0.000000
0.328000,-0.000000
0.329000,-0.000000
0.330000,-0.000000
0.331000,-0.000000
0.332000,-0.000000
0.333000,-0.000000
0.334000,-0.000000
0.335000,-0.000000
0.336000,-0.000000
0.337000,-0.000000
0.338000,-0.000000
0.339000,-0.000000
0.340000,-0.000000
0.341000,-0.000000
0.342000,-0.000000
0.343000,-0.000000
0.344000,-0.000000
0.345000,-0.000000
0.346000,-0.000000
0.347000,-0.000000
0.348000,-0.000000
0.349000,-0.000000
0.350000,-0.000000
0.351000,-0.000000
0.352000,-0.000000
0.353000,-0.000000
0.354000,-0.000000
0.355000,-0.000000
0.356000,-0.000000
0.357000,-0.000000
0.358000,-0.000000
0.359000,-0.000000
0.360000,-0.000000
0.361000,-0.000000
0.362000,-0.000000
0.363000,-0.000000
0.364000,-0.000000
0.365000,-0.000000
0.366000,-0.000000
0.367000,-0.000000
0.368000,-0.000000
0.369000,-0.000000
0.370000,-0.000000
0.371000,-0.000000
0.372000,-0.000000
0.373000,-0.000000
0.374000,-0.000000
0.375000,-0.000000
0.376000,-0.000000
0.377000,-0.000000
0.378000,-0.000000
0.379000,-0.000000
0.380000,-0.000000
0.381000,-0.000000
0.382000,-0.000000
0.383000,-0.000000
0.384000,-0.000000
0.385000,-0.000000
0.386000,-0.000000
0.387000,-0.000000
0.388000,-0.000000
0.389000,-0.000000
0.390000,-0.000000
0.391000,-0.000000
0.392000,-0.000000
0.393000,-0.000000
0.394000,-0.000000
0.395000,-0.000000
0.396000,-0.000000
0.397000,-0.000000
0.398000,-0.000000
0.399000,-0.000000
0.400000,-0.000000
0.401000,-0.000000
0.402000,-0.000000
0.403000,-0.000000
0.404000,-0.000000
0.405000,-0.000000
0.406000,-0.000000
0.407000,-0.000000
0.408000,-0.000000
0.409000,-0.000000
0.410000,-0.000000
0.411000,-0.000000
0.412000,-0.000000
0.413000,-0.000000
0.414000,-0.000000
0.415000,-0.000000
0.416000,-0.000000
0.417000,-0.000000
0.418000,-0.000000
0.419000,-0.000000
0.420000,-0.000000
0.421000,-0.000000
0.422000,-0.000000
0.423000,-0.000000
0.424000,-0.000000
0.425000,-0.000000
0.426000,-0.000000
0.427000,-0.000000
0.428000,-0.000000
0.429000,-0.000000
0.430000,-0.000000
0.431000,-0.000000
0.432000,-0.000000
0.433000,-0.000000
0.434000,-0.000000
0.435000,-0.000000
0.436000,-0.000000
0.437000,-0.000000
0.438000,-0.000000
0.439000,-0.000000
0.440000,-0.000000
0.441000,-0.000000
0.442000,-0.000000
0.443000,-0.000000
0.444000,-0.000000
0.445000,-0.000000
0.446000,-0.000000
0.447000,-0.000000
0.448000,-0.000000
0.449000,-0.000000
0.450000,-0.000000
0.451000,-0.000000
0.452000,-0.000000
0.453000,-0.000000
0.454000,-0.000000
0.455000,-0.000000
0.456000,-0.000000
0.457000,-0.000000
0.458000,-0.000000
0.459000,-0.000000
0.460000,-0.000000
0.461000,0.000000
0.462000,0.000000
0.463000,0.000000
0.464000,-0.000000
0.465000,-0.000000
0.466000,-0.000000
0.467000,-0.000000
0.468000,-0.000000
0.469000,-0.000000
0.470000,-0.000000
0.471000,-0.000000
0.472000,-0.000000
0.473000,-0.000000
0.474000,-0.000000
0.475000,-0.000000
0.476000,-0.000000
0.477000,0.000000
0.478000,0.000000
0.479000,0.000000
0.480000,-0.000000
0.481000,-0.000000
0.482000,-0.000000
0.483000,-0.000000
0.484000,-0.000000
0.485000,-0.000000
0.486000,-0.000000
0.487000,-0.000000
0.488000,-0.000000
0.489000,-0.000000
0.490000,-0.000000
0.491000,-0.000000
0.492000,-0.000000
0.493000,-0.000000
0.494000,-0.000000
0.495000,-0.000000
0.496000,-0.000000
0.497000,-0.000000
0.498000,-0.000000
0.499000,-0.000000
0.500000,-0.000000
0.501000,-0.000000
0.502000,-0.000000
0.503000,-0.000000
0.504000,-0.000000
0.505000,-0.000000
0.506000,-0.000000
0.507000,-0.000000
0.508000,-0.000000
0.509000,-0.000000
0.510000,-0.000000
0.511000,-0.000000
0.512000,-0.000000
0.513000,-0.000000
0.514000,-0.000000
0.515000,-0.000000
0.516000,-0.000000
0.517000,-0.000000
0.518000,-0.000000
0.519000,-0.000000
0.520000,-0.000000
0.521000,-0.000000
0.522000,-0.000000
0.523000,-0.000000
0.524000,-0.000000
0.525000,-0.000000
0.526000,-0.000000
0.527000,-0.000000
0.528000,-0.000000
0.529000,-0.000000
0.530000,-0.000000
0.531000,-0.000000
0.532000,-0.000000
0.533000,-0.000000
0.534000,-0.000000
0.535000,-0.000000
0.536000,-0.000000
0.537000,-0.000000
0.538000,-0.000000
0.539000,-0.000000
0.540000,-0.000000
0.541000,-0.000000
0.542000,-0.000000
0.543000,-0.000000
0.544000,-0.000000
0.545000,-0.000000
0.546000,-0.000000
0.547000,-0.000000
0.548000,-0.000000
0.549000,-0.000000
0.550000,-0.000000
0.551000,-0.000000
0.552000,-0.000000
0.553000,-0.000000
0.554000,-0.000000
0.555000,-0.000000
0.556000,-0.000000
0.557000,-0.000000
0.558000,-0.000000
0.559000,-0.000000
0.560000,-0.000000
0.561000,-0.000000
0.562000,-0.000000
0.563000,-0.000000
0.564000,-0.000000
0.565000,-0.000000
0.566000,-0.000000
0.567000,-0.000000
0.568000,-0.000000
0.569000,-0.000000
0.570000,-0.000000
0.571000,-0.000000
0.572000,-0.000000
0.573000,-0.000000
0.574000,-0.000000
0.575000,-0.000000
0.576000,-0.000000
0.577000,-0.000000
0.578000,-0.000000
0.579000,-0.000000
0.580000,-0.000000
0.581000,-0.000000
0.582000,-0.000000
0.583000,-0.000000
0.584000,-0.000000
0.585000,-0.000000
0.586000,-0.000000
0.587000,-0.000000
0.588000,-0.000000
0.589000,-0.000000
0.590000,-0.000000
0.591000,-0.000000
0.592000,-0.000000
0.593000,-0.000000
0.594000,-0.000000
0.595000,-0.000000
0.596000,-0.000000
0.597000,-0.000000
0.598000,-0.000000
0.599000,-0.000000
0.600000,-0.000000
0.601000,-0.000000
0.602000,-0.000000
0.603000,-0.000000
0.604000,-0.000000
0.605000,-0.000000
0.606000,-0.000000
0.607000,-0.000000
0.608000,-0.000000
0.609000,-0.000000
0.610000,-0.000000
0.611000,-0.000000
0.612000,-0.000000
0.613000,-0.000000
0.614000,-0.000000
0.615000,-0.000000
0.616000,-0.000000
0.617000,-0.000000
0.618000,-0.000000
0.619000,-0.000000
0.620000,-0.000000
0.621000,-0.000000
0.622000,-0.000000
0.623000,-0.000000
0.624000,-0.000000
0.625000,-0.000000
0.626000,-0.000000
0.627000,-0.000000
0.628000,-0.000000
0.629000,-0.000000
0.630000,-0.000000
0.631000,-0.000000
0.632000,-0.000000
0.633000,-0.000000
0.634000,-0.000000
0.635000,-0.000000
0.636000,-0.000000
0.637000,-0.000000
0.638000,-0.000000
0.639000,-0.000000
0.640000,-0.000000
0.641000,-0.000000
0.642000,-0.000000
0.643000,-0.000000
0.644000,-0.000000
0.645000,-0.000000
0.646000,-0.000000
0.647000,-0.000000
0.648000,-0.000000
0.649000,-0.000000
0.650000,-0.000000
0.651000,-0.000000
0.652000,-0.000000
0.653000,-0.000000
0.654000,-0.000000
0.655000,-0.000000
0.656000,-0.000000
0.657000,-0.000000
0.658000,-0.000000
0.659000,-0.000000
0.660000,-0.000000
0.661000,-0.000000
0.662000,-0.000000
0.663000,-0.000000
0.664000,-0.000000
0.665000,-0.000000
0.666000,-0.000000
0.667000,-0.000000
0.668000,-0.000000
0.669000,-0.000000
0.670000,-0.000000
0.671000,-0.000000
0.672000,-0.000000
0.673000,-0.000000
0.674000,-0.000000
0.675000,-0.000000
0.676000,-0.000000
0.677000,-0.000000
0.678000,-0.000000
0.679000,-0.000000
0.680000,-0.000000
0.681000,-0.000000
0.682000,-0.000000
0.683000,-0.000000
0.684000,-0.000000
0.685000,-0.000000
0.686000,-0.000000
0.687000,-0.000000
0.688000,-0.000000
0.689000,-0.000000
0.690000,-0.000000
0.691000,-0.000000
0.692000,-0.000000
0.693000,-0.000000
0.694000,-0.000000
0.695000,-0.000000
0.696000,-0.000000
0.697000,-0.000000
0.698000,-0.000000
0.699000,-0.000000
0.700000,-0.000000
0.701000,-0.000000
0.702000,-0.000000
0.703000,-0.000000
0.704000,-0.000000
0.705000,-0.000000
0.706000,-0.000000
0.707000,-0.000000
0.708000,-0.000000
0.709000,-0.000000
0.710000,-0.000000
0.711000,-0.000000
0.712000,-0.000000
0.713000,-0.000000
0.714000,-0.000000
0.715000,-0.000000
0.716000,-0.000000
0.717000,-0.000000
0.718000,-0.000000
0.719000,-0.000000
0.720000,-0.000000
0.721000,-0.000000
0.722000,-0.000000
0.723000,-0.000000
0.724000,-0.000000
0.725000,-0.000000
0.726000,-0.000000
0.727000,-0.000000
0.728000,-0.000000
0.729000,-0.000000
0.730000,-0.000000
0.731000,-0.000000
0.732000,-0.000000
0.733000,-0.000000
0.734000,-0.000000
0.735000,-0.000000
0.736000,-0.000000
0.737000,-0.000000
0.738000,-0.000000
0.739000,-0.000000
0.740000,-0.000000
0.741000,-0.000000
0.742000,-0.000000
0.743000,-0.000000
0.744000,-0.000000
0.745000,-0.000000
0.746000,-0.000000
0.747000,-0.000000
0.748000,-0.000000
0.749000,-0.000000
0.750000,-0.000000
0.751000,-0.000000
0.752000,-0.000000
0.753000,-0.000000
0.754000,-0.000000
0.755000,-0.000000
0.756000,-0.000000
0.757000,-0.000000
0.758000,-0.000000
0.759000,-0.000000
0.760000,-0.000000
0.761000,-0.000000
0.762000,-0.000000
0.763000,-0.000000
0.764000,-0.000000
0.765000,-0.000000
0.766000,-0.000000
0.767000,-0.000000
0.768000,-0.000000
0.769000,-0.000000
0.770000,-0.000000
0.771000,-0.000000
0.772000,-0.000000
0.773000,-0.000000
0.774000,-0.000000
0.775000,-0.000000
0.776000,-0.000000
0.777000,-0.000000
0.778000,-0.000000
0.779000,-0.000000
0.780000,-0.000000
0.781000,-0.000000
0.782000,-0.000000
0.783000,-0.000000
0.784000,-0.000000
0.785000,-0.000000
0.786000,-0.000000
0.787000,-0.000000
0.788000,-0.000000
0.789000,-0.000000
0.790000,-0.000000
0.791000,-0.000000
0.792000,-0.000000
0.793000,-0.000000
0.794000,-0.000000
0.795000,-0.000000
0.796000,-0.000000
0.797000,-0.000000
0.798000,-0.000000
0.799000,-0.000000
0.800000,-0.000000
0.801000,-0.000000
0.802000,-0.000000
0.803000,-0.000000
0.804000,-0.000000
0.805000,-0.000000
0.806000,-0.000000
0.807000,-0.000000
0.808000,-0.000000
0.809000,-0.000000
0.810000,-0.000000
0.811000,-0.000000
0.812000,-0.000000
0.813000,-0.000000
0.814000,-0.000000
0.815000,-0.000000
0.816000,-0.000000
0.817000,-0.000000
0.818000,-0.000000
0.819000,-0.000000
0.820000,-0.000000
0.821000,-0.000000
0.822000,-0.000000
0.823000,-0.000000
0.824000,-0.000000
0.825000,-0.000000
0.826000,-0.000000
0.827000,-0.000000
0.828000,-0.000000
0.829000,-0.000000
0.830000,-0.000000
0.831000,-0.000000
0.832000,-0.000000
0.833000,-0.000000
0.834000,-0.000000
0.835000,-0.000000
0.836000,-0.000000
0.837000,-0.000000
0.838000,-0.000000
0.839000,-0.000000
0.840000,-0.000000
0.841000,-0.000000
0.842000,-0.000000
0.843000,-0.000000
0.844000,-0.000000
0.845000,-0.000000
0.846000,-0.000000
0.847000,-0.000000
0.848000,-0.000000
0.849000,-0.000000
0.850000,-0.000000
0.851000,-0.000000
0.852000,-0.000000
0.853000,-0.000000
0.854000,-0.000000
0.855000,-0.000000
0.856000,-0.000000
0.857000,-0.000000
0.858000,-0.000000
0.859000,-0.000000
0.860000,-0.000000
0.861000,0.000000
0.862000,0.000000
0.863000,-0.000000
0.864000,-0.000000
0.865000,-0.000000
0.866000,-0.000000
0.867000,-0.000000
0.868000,-0.000000
0.869000,-0.000000
0.870000,-0.000000
0.871000,-0.000000
0.872000,-0.000000
0.873000,-0.000000
0.874000,-0.000000
0.875000,-0.000000
0.876000,-0.000000
0.877000,-0.000000
0.878000,-0.000000
0.879000,-0.000000
0.880000,-0.000000
0.881000,-0.000000
0.882000,-0.000000
0.883000,-0.000000
0.884000,-0.000000
0.885000,-0.000000
0.886000,-0.000000
0.887000,-0.000000
0.888000,-0.000000
0.889000,-0.000000
0.890000,-0.000000
0.891000,-0.000000
0.892000,-0.000000
0.893000,-0.000000
0.894000,-0.000000
0.895000,-0.000000
0.896000,-0.000000
0.897000,-0.000000
0.898000,-0.000000
0.899000,-0.000000
0.900000,-0.000000
0.901000,-0.000000
0.902000,-0.000000
0.903000,-0.000000
0.904000,-0.000000
0.905000,-0.000000
0.906000,-0.000000
0.907000,-0.000000
0.908000,-0.000000
0.909000,-0.000000
0.910000,-0.000000
0.911000,-0.000000
0.912000,-0.000000
0.913000,-0.000000
0.914000,-0.000000
0.915000,-0.000000
0.916000,-0.000000
0.917000,-0.000000
0.918000,-0.000000
0.919000,-0.000000
0.920000,-0.000000
0.921000,-0.000000
0.922000,-0.000000
0.923000,-0.000000
0.924000,-0.000000
0.925000,-0.000000
0.926000,-0.000000
0.927000,-0.000000
0.928000,-0.000000
0.929000,-0.000000
0.930000,-0.000000
0.931000,-0.000000
0.932000,-0.000000
0.933000,-0.000000
0.934000,-0.000000
0.935000,-0.000000
0.936000,-0.000000
0.937000,-0.000000
0.938000,-0.000000
0.939000,-0.000000
0.940000,-0.000000
0.941000,-0.000000
0.942000,-0.000000
0.943000,-0.000000
0.944000,-0.000000
0.945000,-0.000000
0.946000,-0.000000
0.947000,-0.000000
0.948000,-0.000000
0.949000,-0.000000
0.950000,-0.000000
0.951000,-0.000000
0.952000,-0.000000
0.953000,-0.000000
0.954000,-0.000000
0.955000,-0.000000
0.956000,-0.000000
0.957000,-0.000000
0.958000,-0.000000
0.959000,-0.000000
0.960000,-0.000000
0.961000,-0.000000
0.962000,-0.000000
0.963000,-0.000000
0.964000,-0.000000
0.965000,-0.000000
0.966000,-0.000000
0.967000,-0.000000
0.968000,-0.000000
0.969000,-0.000000
0.970000,-0.000000
0.971000,-0.000000
0.972000,-0.000000
0.973000,-0.000000
0.974000,-0.000000
0.975000,-0.000000
0.976000,-0.000000
0.977000,-0.000000
0.978000,-0.000000
0.979000,-0.000000
0.980000,-0.000000
0.981000,-0.000000
0.982000,-0.000000
0.983000,-0.000000
0.984000,-0.000000
0.985000,-0.000000
0.986000,-0.000000
0.987000,-0.000000
0.988000,-0.000000
0.989000,-0.000000
0.990000,-0.000000
0.991000,-0.000000
0.992000,-0.000000
0.993000,-0.000000
0.994000,-0.000000
0.995000,-0.000000
0.996000,-0.000000
0.997000,-0.000000
0.998000,-0.000000
0.999000,-0.000001
1.000000,-0.000001
1.001000,-0.000002
1.002000,-0.000003
1.003000,-0.000005
1.004000,-0.000006
1.005000,-0.000008
1.006000,-0.000011
1.007000,-0.000013
1.008000,-0.000015
1.009000,-0.000018
1.010000,-0.000021
1.011000,-0.000024
1.012000,-0.000027
1.013000,-0.000029
1.014000,-0.000032
1.015000,-0.000035
1.016000,-0.000038
1.017000,-0.000041
1.018000,-0.000044
1.019000,-0.000047
1.020000,-0.000050
1.021000,-0.000054
1.022000,-0.000057
1.023000,-0.000060
1.024000,-0.000063
1.025000,-0.000066
1.026000,-0.000069
1.027000,-0.000072
1.028000,-0.000075
1.029000,-0.000079
1.030000,-0.000082
1.031000,-0.000085
1.032000,-0.000088
1.033000,-0.000091
1.034000,-0.000095
1.035000,-0.000098
1.036000,-0.000101
1.037000,-0.000104
1.038000,-0.000108
1.039000,-0.000111
1.040000,-0.000114
1.041000,-0.000118
1.042000,-0.000121
1.043000,-0.000124
1.044000,-0.000128
1.045000,-0.000131
1.046000,-0.000134
1.047000,-0.000138
1.048000,-0.000141
1.049000,-0.000144
1.050000,-0.000148
1.051000,-0.000151
1.052000,-0.000155
1.053000,-0.000158
1.054000,-0.000162
1.055000,-0.000165
1.056000,-0.000169
1.057000,-0.000172
1.058000,-0.000176
1.059000,-0.000179
1.060000,-0.000183
1.061000,-0.000186
1.062000,-0.000190
1.063000,-0.000194
1.064000,-0.000197
1.065000,-0.000201
1.066000,-0.000205
1.067000,-0.000208
1.068000,-0.000212
1.069000,-0.000216
1.070000,-0.000219
1.071000,-0.000223
1.072000,-0.000227
1.073000,-0.000230
1.074000,-0.000234
1.075000,-0.000238
1.076000,-0.000242
1.077000,-0.000245
1.078000,-0.000249
1.079000,-0.000253
1.080000,-0.000257
1.081000,-0.000261
1.082000,-0.000265
1.083000,-0.000269
1.084000,-0.000273
1.085000,-0.000278
1.086000,-0.000282
1.087000,-0.000286
1.088000,-0.000291
1.089000,-0.000296
1.090000,-0.000301
1.091000,-0.000306
1.092000,-0.000311
1.093000,-0.000316
1.094000,-0.000322
1.095000,-0.000327
1.096000,-0.000332
1.097000,-0.000338
1.098000,-0.000343
1.099000,-0.000349
1.100000,-0.000354
1.101000,-0.000360
1.102000,-0.000365
1.103000,-0.000371
1.104000,-0.000377
1.105000,-0.000382
1.106000,-0.000388
1.107000,-0.000394
1.108000,-0.000400
1.109000,-0.000405
1.110000,-0.000411
1.111000,-0.000417
1.112000,-0.000423
1.113000,-0.000429
1.114000,-0.000435
1.115000,-0.000441
1.116000,-0.000447
1.117000,-0.000453
1.118000,-0.000459
1.119000,-0.000465
1.120000,-0.000471
1.121000,-0.000477
1.122000,-0.000483
1.123000,-0.000489
1.124000,-0.000496
1.125000,-0.000502
1.126000,-0.000508
1.127000,-0.000515
1.128000,-0.000521
1.129000,-0.000527
1.130000,-0.000534
1.131000,-0.000540
1.132000,-0.000547
1.133000,-0.000553
1.134000,-0.000560
1.135000,-0.000567
1.136000,-0.000573
1.137000,-0.000580
1.138000,-0.000587
1.139000,-0.000593
1.140000,-0.000600
1.141000,-0.000607
1.142000,-0.000614
1.143000,-0.000620
1.144000,-0.000627
1.145000,-0.000634
1.146000,-0.000641
1.147000,-0.000648
1.148000,-0.000655
1.149000,-0.000662
1.150000,-0.000669
1.151000,-0.000676
1.152000,-0.000684
1.153000,-0.000691
1.154000,-0.000698
1.155000,-0.000705
1.156000,-0.000713
1.157000,-0.000720
1.158000,-0.000727
1.159000,-0.000735
1.160000,-0.000742
1.161000,-0.000750
1.162000,-0.000757
1.163000,-0.000765
1.164000,-0.000773
1.165000,-0.000780
1.166000,-0.000788
1.167000,-0.000796
1.168000,-0.000803
1.169000,-0.000811
1.170000,-0.000819
1.171000,-0.000827
1.172000,-0.000835
1.173000,-0.000843
1.174000,-0.000851
1.175000,-0.000860
1.176000,-0.000869
1.177000,-0.000878
1.178000,-0.000887
1.179000,-0.000897
1.180000,-0.000907
1.181000,-0.000918
1.182000,-0.000928
1.183000,-0.000939
1.184000,-0.000951
1.185000,-0.000962
1.186000,-0.000974
1.187000,-0.000985
1.188000,-0.000997
1.189000,-0.001009
1.190000,-0.001022
1.191000,-0.001034
1.192000,-0.001046
1.193000,-0.001059
1.194000,-0.001071
1.195000,-0.001084
1.196000,-0.001097
1.197000,-0.001110
1.198000,-0.001123
1.199000,-0.001136
1.200000,-0.001149
1.201000,-0.001162
1.202000,-0.001176
1.203000,-0.001189
1.204000,-0.001203
1.205000,-0.001216
1.206000,-0.001230
1.207000,-0.001244
1.208000,-0.001258
1.209000,-0.001272
1.210000,-0.001286
1.211000,-0.001300
1.212000,-0.001314
1.213000,-0.001329
1.214000,-0.001343
1.215000,-0.001358
1.216000,-0.001373
1.217000,-0.001388
1.218000,-0.001403
1.219000,-0.001418
1.220000,-0.001433
1.221000,-0.001448
1.222000,-0.001463
1.223000,-0.001479
1.224000,-0.001494
1.225000,-0.001510
1.226000,-0.001526
1.227000,-0.001542
1.228000,-0.001558
1.229000,-0.001574
1.230000,-0.001590
1.231000,-0.001606
1.232000,-0.001623
1.233000,-0.001639
1.234000,-0.001656
1.235000,-0.001673
1.236000,-0.001690
1.237000,-0.001707
1.238000,-0.001724
1.239000,-0.001741
1.240000,-0.001759
1.241000,-0.001776
1.242000,-0.001794
1.243000,-0.001812
1.244000,-0.001831
1.245000,-0.001850
1.246000,-0.001869
1.247000,-0.001888
1.248000,-0.001908
1.249000,-0.001928
1.250000,-0.001948
1.251000,-0.001969
1.252000,-0.001990
1.253000,-0.002011
1.254000,-0.002033
1.255000,-0.002054
1.256000,-0.002076
1.257000,-0.002098
1.258000,-0.002120
1.259000,-0.002143
1.260000,-0.002165
1.261000,-0.002188
1.262000,-0.002211
1.263000,-0.002234
1.264000,-0.002258
1.265000,-0.002281
1.266000,-0.002305
1.267000,-0.002329
1.268000,-0.002353
1.269000,-0.002377
1.270000,-0.002402
1.271000,-0.002427
1.272000,-0.002451
1.273000,-0.002477
1.274000,-0.002502
1.275000,-0.002527
1.276000,-0.002553
1.277000,-0.002579
1.278000,-0.002605
1.279000,-0.002631
1.280000,-0.002658
1.281000,-0.002685
1.282000,-0.002712
1.283000,-0.002739
1.284000,-0.002766
1.285000,-0.002794
1.286000,-0.002821
1.287000,-0.002849
1.288000,-0.002878
1.289000,-0.002906
1.290000,-0.002935
1.291000,-0.002964
1.292000,-0.002993
1.293000,-0.003023
1.294000,-0.003054
1.295000,-0.003084
1.296000,-0.003116
1.297000,-0.003148
1.298000,-0.003181
1.299000,-0.003214
1.300000,-0.003248
1.301000,-0.003282
1.302000,-0.003317
1.303000,-0.003352
1.304000,-0.003388
1.305000,-0.003424
1.306000,-0.003461
1.307000,-0.003498
1.308000,-0.003535
1.309000,-0.003573
1.310000,-0.003612
1.311000,-0.003650
1.312000,-0.003689
1.313000,-0.003728
1.314000,-0.003768
1.315000,-0.003808
1.316000,-0.003849
1.317000,-0.003890
1.318000,-0.003931
1.319000,-0.003972
1.320000,-0.004014
1.321000,-0.004057
1.322000,-0.004099
1.323000,-0.004142
1.324000,-0.004186
1.325000,-0.004230
1.326000,-0.004274
1.327000,-0.004319
1.328000,-0.004364
1.329000,-0.004409
1.330000,-0.004455
1.331000,-0.004501
1.332000,-0.004548
1.333000,-0.004595
1.334000,-0.004643
1.335000,-0.004691
1.336000,-0.004739
1.337000,-0.004788
1.338000,-0.004837
1.339000,-0.004887
1.340000,-0.004937
1.341000,-0.004987
1.342000,-0.005038
1.343000,-0.005090
1.344000,-0.005142
1.345000,-0.005194
1.346000,-0.005247
1.347000,-0.005300
1.348000,-0.005354
1.349000,-0.005408
1.350000,-0.005463
1.351000,-0.005518
1.352000,-0.005574
1.353000,-0.005630
1.354000,-0.005686
1.355000,-0.005744
1.356000,-0.005801
1.357000,-0.005860
1.358000,-0.005918
1.359000,-0.005977
1.360000,-0.006037
1.361000,-0.006097
1.362000,-0.006158
1.363000,-0.006220
1.364000,-0.006282
1.365000,-0.006344
1.366000,-0.006407
1.367000,-0.006471
1.368000,-0.006535
1.369000,-0.006599
1.370000,-0.006665
1.371000,-0.006730
1.372000,-0.006797
1.373000,-0.006864
1.374000,-0.006931
1.375000,-0.007000
1.376000,-0.007068
1.377000,-0.007138
1.378000,-0.007208
1.379000,-0.007278
1.380000,-0.007350
1.381000,-0.007422
1.382000,-0.007495
1.383000,-0.007569
1.384000,-0.007644
1.385000,-0.007721
1.386000,-0.007799
1.387000,-0.007878
1.388000,-0.007958
1.389000,-0.008040
1.390000,-0.008124
1.391000,-0.008209
1.392000,-0.008296
1.393000,-0.008384
1.394000,-0.008473
1.395000,-0.008563
1.396000,-0.008655
1.397000,-0.008747
1.398000,-0.008841
1.399000,-0.008936
1.400000,-0.009032
1.401000,-0.009130
1.402000,-0.009228
1.403000,-0.009327
1.404000,-0.009428
1.405000,-0.009530
1.406000,-0.009632
1.407000,-0.009736
1.408000,-0.009841
1.409000,-0.009947
1.410000,-0.010054
1.411000,-0.010162
1.412000,-0.010271
1.413000,-0.010382
1.414000,-0.010493
1.415000,-0.010606
1.416000,-0.010720
1.417000,-0.010835
1.418000,-0.010951
1.419000,-0.011068
1.420000,-0.011186
1.421000,-0.011306
1.422000,-0.011427
1.423000,-0.011549
1.424000,-0.011672
1.425000,-0.011797
1.426000,-0.011923
1.427000,-0.012050
1.428000,-0.012178
1.429000,-0.012308
1.430000,-0.012438
1.431000,-0.012571
1.432000,-0.012704
1.433000,-0.012839
1.434000,-0.012975
1.435000,-0.013113
1.436000,-0.013252
1.437000,-0.013392
1.438000,-0.013534
1.439000,-0.013677
1.440000,-0.013822
1.441000,-0.013968
1.442000,-0.014115
1.443000,-0.014264
1.444000,-0.014415
1.445000,-0.014567
1.446000,-0.014720
1.447000,-0.014875
1.448000,-0.015032
1.449000,-0.015190
1.450000,-0.015350
1.451000,-0.015511
1.452000,-0.015674
1.453000,-0.015839
1.454000,-0.016005
1.455000,-0.016173
1.456000,-0.016343
1.457000,-0.016514
1.458000,-0.016687
1.459000,-0.016862
1.460000,-0.017038
1.461000,-0.017216
1.462000,-0.017396
1.463000,-0.017578
1.464000,-0.017762
1.465000,-0.017947
1.466000,-0.018135
1.467000,-0.018324
1.468000,-0.018515
1.469000,-0.018708
1.470000,-0.018903
1.471000,-0.019100
1.472000,-0.019299
1.473000,-0.019500
1.474000,-0.019704
1.475000,-0.019910
1.476000,-0.020120
1.477000,-0.020332
1.478000,-0.020544
1.479000,-0.020754
1.480000,-0.020963
1.481000,-0.021171
1.482000,-0.021377
1.483000,-0.021581
1.484000,-0.021783
1.485000,-0.021983
1.486000,-0.022180
1.487000,-0.022375
1.488000,-0.022570
1.489000,-0.022767
1.490000,-0.022965
1.491000,-0.023166
1.492000,-0.023368
1.493000,-0.023571
1.494000,-0.023777
1.495000,-0.023984
1.496000,-0.024192
1.497000,-0.024403
1.498000,-0.024615
1.499000,-0.024829
1.500000,-0.025045
1.501000,-0.025263
1.502000,-0.025483
1.503000,-0.025704
1.504000,-0.025927
1.505000,-0.026153
1.506000,-0.026380
1.507000,-0.026609
1.508000,-0.026840
1.509000,-0.027072
1.510000,-0.027307
1.511000,-0.027544
1.512000,-0.027783
1.513000,-0.028024
1.514000,-0.028266
1.515000,-0.028511
1.516000,-0.028758
1.517000,-0.029007
1.518000,-0.029258
1.519000,-0.029512
1.520000,-0.029767
1.521000,-0.030025
1.522000,-0.030284
1.523000,-0.030546
1.524000,-0.030810
1.525000,-0.031076
1.526000,-0.031345
1.527000,-0.031616
1.528000,-0.031889
1.529000,-0.032164
1.530000,-0.032441
1.531000,-0.032717
1.532000,-0.032992
1.533000,-0.033265
1.534000,-0.033538
1.535000,-0.033810
1.536000,-0.034081
1.537000,-0.034350
1.538000,-0.034618
1.539000,-0.034886
1.540000,-0.035152
1.541000,-0.035421
1.542000,-0.035692
1.543000,-0.035965
1.544000,-0.036240
1.545000,-0.036516
1.546000,-0.036795
1.547000,-0.037076
1.548000,-0.037360
1.549000,-0.037645
1.550000,-0.037932
1.551000,-0.038222
1.552000,-0.038513
1.553000,-0.038807
1.554000,-0.039103
1.555000,-0.039402
1.556000,-0.039702
1.557000,-0.040005
1.558000,-0.040310
1.559000,-0.040617
1.560000,-0.040927
1.561000,-0.041239
1.562000,-0.041553
1.563000,-0.041869
1.564000,-0.042188
1.565000,-0.042510
1.566000,-0.042833
1.567000,-0.043159
1.568000,-0.043488
1.569000,-0.043819
1.570000,-0.044152
1.571000,-0.044488
1.572000,-0.044827
1.573000,-0.045168
1.574000,-0.045511
1.575000,-0.045857
1.576000,-0.046206
1.577000,-0.046557
1.578000,-0.046911
1.579000,-0.047267
1.580000,-0.047625
1.581000,-0.047984
1.582000,-0.048346
1.583000,-0.048709
1.584000,-0.049074
1.585000,-0.049441
1.586000,-0.049810
1.587000,-0.050181
1.588000,-0.050554
1.589000,-0.050930
1.590000,-0.051308
1.591000,-0.051689
1.592000,-0.052072
1.593000,-0.052459
1.594000,-0.052848
1.595000,-0.053240
1.596000,-0.053635
1.597000,-0.054033
1.598000,-0.054434
1.599000,-0.054838
1.600000,-0.055245
1.601000,-0.055654
1.602000,-0.056067
1.603000,-0.056482
1.604000,-0.056901
1.605000,-0.057323
1.606000,-0.057747
1.607000,-0.058175
1.608000,-0.058606
1.609000,-0.059040
1.610000,-0.059478
1.611000,-0.059918
1.612000,-0.060362
1.613000,-0.060809
1.614000,-0.061259
1.615000,-0.061713
1.616000,-0.062169
1.617000,-0.062629
1.618000,-0.063093
1.619000,-0.063560
1.620000,-0.064030
1.621000,-0.064503
1.622000,-0.064981
1.623000,-0.065461
1.624000,-0.065945
1.625000,-0.066433
1.626000,-0.066924
1.627000,-0.067419
1.628000,-0.067917
1.629000,-0.068419
1.630000,-0.068924
1.631000,-0.069432
1.632000,-0.069938
1.633000,-0.070442
1.634000,-0.070945
1.635000,-0.071445
1.636000,-0.071944
1.637000,-0.072441
1.638000,-0.072936
1.639000,-0.073429
1.640000,-0.073920
1.641000,-0.074410
1.642000,-0.074904
1.643000,-0.075401
1.644000,-0.075901
1.645000,-0.076405
1.646000,-0.076911
1.647000,-0.077421
1.648000,-0.077935
1.649000,-0.078452
1.650000,-0.078972
1.651000,-0.079495
1.652000,-0.080022
1.653000,-0.080553
1.654000,-0.081086
1.655000,-0.081624
1.656000,-0.082165
1.657000,-0.082709
1.658000,-0.083257
1.659000,-0.083808
1.660000,-0.084363
1.661000,-0.084922
1.662000,-0.085485
1.663000,-0.086051
1.664000,-0.086620
1.665000,-0.087194
1.666000,-0.087771
1.667000,-0.088352
1.668000,-0.088937
1.669000,-0.089526
1.670000,-0.090118
1.671000,-0.090714
1.672000,-0.091314
1.673000,-0.091919
1.674000,-0.092527
1.675000,-0.093139
1.676000,-0.093755
1.677000,-0.094375
1.678000,-0.094999
1.679000,-0.095627
1.680000,-0.096258
1.681000,-0.096891
1.682000,-0.097526
1.683000,-0.098164
1.684000,-0.098805
1.685000,-0.099448
1.686000,-0.100093
1.687000,-0.100741
1.688000,-0.101391
1.689000,-0.102044
1.690000,-0.102700
1.691000,-0.103361
1.692000,-0.104026
1.693000,-0.104695
1.694000,-0.105368
1.695000,-0.106046
1.696000,-0.106728
1.697000,-0.107414
1.698000,-0.108105
1.699000,-0.108800
1.700000,-0.109499
1.701000,-0.110200
1.702000,-0.110899
1.703000,-0.111593
1.704000,-0.112277
1.705000,-0.112950
1.706000,-0.113609
1.707000,-0.114251
1.708000,-0.114873
1.709000,-0.115474
1.710000,-0.116052
1.711000,-0.116607
1.712000,-0.117142
1.713000,-0.117658
1.714000,-0.118158
1.715000,-0.118642
1.716000,-0.119113
1.717000,-0.119571
1.718000,-0.120019
1.719000,-0.120456
1.720000,-0.120885
1.721000,-0.121306
1.722000,-0.121719
1.723000,-0.122126
1.724000,-0.122527
1.725000,-0.122923
1.726000,-0.123314
1.727000,-0.123702
1.728000,-0.124086
1.729000,-0.124466
1.730000,-0.124844
1.731000,-0.125220
1.732000,-0.125593
1.733000,-0.125964
1.734000,-0.126334
1.735000,-0.126703
1.736000,-0.127071
1.737000,-0.127437
1.738000,-0.127803
1.739000,-0.128168
1.740000,-0.128533
1.741000,-0.128898
1.742000,-0.129262
1.743000,-0.129626
1.744000,-0.129991
1.745000,-0.130355
1.746000,-0.130720
1.747000,-0.131085
1.748000,-0.131450
1.749000,-0.131816
1.750000,-0.132182
1.751000,-0.132548
1.752000,-0.132915
1.753000,-0.133283
1.754000,-0.133652
1.755000,-0.134021
1.756000,-0.134390
1.757000,-0.134761
1.758000,-0.135132
1.759000,-0.135504
1.760000,-0.135877
1.761000,-0.136251
1.762000,-0.136625
1.763000,-0.137001
1.764000,-0.137377
1.765000,-0.137754
1.766000,-0.138132
1.767000,-0.138511
1.768000,-0.138891
1.769000,-0.139272
1.770000,-0.139654
1.771000,-0.140036
1.772000,-0.140420
1.773000,-0.140805
1.774000,-0.141191
1.775000,-0.141577
1.776000,-0.141965
1.777000,-0.142354
1.778000,-0.142743
1.779000,-0.143134
1.780000,-0.143526
1.781000,-0.143919
1.782000,-0.144313
1.783000,-0.144708
1.784000,-0.145103
1.785000,-0.145500
1.786000,-0.145898
1.787000,-0.146298
1.788000,-0.146698
1.789000,-0.147099
1.790000,-0.147501
1.791000,-0.147905
1.792000,-0.148309
1.793000,-0.148715
1.794000,-0.149121
1.795000,-0.149529
1.796000,-0.149938
1.797000,-0.150348
1.798000,-0.150759
1.799000,-0.151171
1.800000,-0.151584
1.801000,-0.151998
1.802000,-0.152414
1.803000,-0.152830
1.804000,-0.153248
1.805000,-0.153667
1.806000,-0.154087
1.807000,-0.154508
1.808000,-0.154930
1.809000,-0.155354
1.810000,-0.155778
1.811000,-0.156204
1.812000,-0.156631
1.813000,-0.157058
1.814000,-0.157487
1.815000,-0.157918
1.816000,-0.158349
1.817000,-0.158782
1.818000,-0.159215
1.819000,-0.159650
1.820000,-0.160086
1.821000,-0.160523
1.822000,-0.160962
1.823000,-0.161401
1.824000,-0.161842
1.825000,-0.162284
1.826000,-0.162727
1.827000,-0.163172
1.828000,-0.163617
1.829000,-0.164064
1.830000,-0.164512
1.831000,-0.164961
1.832000,-0.165411
1.833000,-0.165863
1.834000,-0.166316
1.835000,-0.166770
1.836000,-0.167225
1.837000,-0.167681
1.838000,-0.168139
1.839000,-0.168598
1.840000,-0.169058
1.841000,-0.169520
1.842000,-0.169982
1.843000,-0.170446
1.844000,-0.170911
1.845000,-0.171378
1.846000,-0.171845
1.847000,-0.172314
1.848000,-0.172784
1.849000,-0.173256
1.850000,-0.173728
1.851000,-0.174202
1.852000,-0.174678
1.853000,-0.175154
1.854000,-0.175632
1.855000,-0.176111
1.856000,-0.176591
1.857000,-0.177073
1.858000,-0.177556
1.859000,-0.178040
1.860000,-0.178526
1.861000,-0.179013
1.862000,-0.179501
1.863000,-0.179990
1.864000,-0.180481
1.865000,-0.180973
1.866000,-0.181467
1.867000,-0.181961
1.868000,-0.182457
1.869000,-0.182955
1.870000,-0.183454
1.871000,-0.183954
1.872000,-0.184455
1.873000,-0.184958
1.874000,-0.185462
1.875000,-0.185968
1.876000,-0.186475
1.877000,-0.186983
1.878000,-0.187492
1.879000,-0.188003
1.880000,-0.188516
1.881000,-0.189029
1.882000,-0.189544
1.883000,-0.190061
1.884000,-0.190579
1.885000,-0.191098
1.886000,-0.191619
1.887000,-0.192141
1.888000,-0.192664
1.889000,-0.193189
1.890000,-0.193715
1.891000,-0.194243
1.892000,-0.194772
1.893000,-0.195303
1.894000,-0.195835
1.895000,-0.196368
1.896000,-0.196903
1.897000,-0.197439
1.898000,-0.197977
1.899000,-0.198516
1.900000,-0.199056
1.901000,-0.199598
1.902000,-0.200142
1.903000,-0.200687
1.904000,-0.201233
1.905000,-0.201781
1.906000,-0.202330
1.907000,-0.202881
1.908000,-0.203433
1.909000,-0.203987
1.910000,-0.204542
1.911000,-0.205099
1.912000,-0.205657
1.913000,-0.206217
1.914000,-0.206778
1.915000,-0.207341
1.916000,-0.207905
1.917000,-0.208471
1.918000,-0.209038
1.919000,-0.209607
1.920000,-0.210178
1.921000,-0.210749
1.922000,-0.211323
1.923000,-0.211898
1.924000,-0.212474
1.925000,-0.213052
1.926000,-0.213632
1.927000,-0.214213
1.928000,-0.214795
1.929000,-0.215380
1.930000,-0.215965
1.931000,-0.216553
1.932000,-0.217142
1.933000,-0.217732
1.934000,-0.218324
1.935000,-0.218918
1.936000,-0.219513
1.937000,-0.220110
1.938000,-0.220708
1.939000,-0.221308
1.940000,-0.221910
1.941000,-0.222513
1.942000,-0.223118
1.943000,-0.223725
1.944000,-0.224333
1.945000,-0.224943
1.946000,-0.225554
1.947000,-0.226167
1.948000,-0.226782
1.949000,-0.227398
1.950000,-0.228016
1.951000,-0.228636
1.952000,-0.229257
1.953000,-0.229880
1.954000,-0.230504
1.955000,-0.231131
1.956000,-0.231759
1.957000,-0.232388
1.958000,-0.233020
1.959000,-0.233652
1.960000,-0.234287
1.961000,-0.234924
1.962000,-0.235562
1.963000,-0.236201
1.964000,-0.236843
1.965000,-0.237486
1.966000,-0.238131
1.967000,-0.238778
1.968000,-0.239426
1.969000,-0.240076
1.970000,-0.240728
1.971000,-0.241382
1.972000,-0.242037
1.973000,-0.242694
1.974000,-0.243353
1.975000,-0.244013
1.976000,-0.244676
1.977000,-0.245340
1.978000,-0.246006
1.979000,-0.246673
1.980000,-0.247343
1.981000,-0.248014
1.982000,-0.248687
1.983000,-0.249362
1.984000,-0.250039
1.985000,-0.250717
1.986000,-0.251397
1.987000,-0.252079
1.988000,-0.252763
1.989000,-0.253449
1.990000,-0.254136
1.991000,-0.254826
1.992000,-0.255517
1.993000,-0.256210
1.994000,-0.256905
1.995000,-0.257602
1.996000,-0.258300
1.997000,-0.259001
1.998000,-0.259703
1.999000,-0.260407
2.000000,-0.261114
2.001000,-0.261821
2.002000,-0.262531
2.003000,-0.263243
2.004000,-0.263957
2.005000,-0.264672
2.006000,-0.265390
2.007000,-0.266109
2.008000,-0.266830
2.009000,-0.267554
2.010000,-0.268279
2.011000,-0.269006
2.012000,-0.269735
2.013000,-0.270466
2.014000,-0.271199
2.015000,-0.271933
2.016000,-0.272670
2.017000,-0.273409
2.018000,-0.274150
2.019000,-0.274892
2.020000,-0.275637
2.021000,-0.276384
2.022000,-0.277132
2.023000,-0.277883
2.024000,-0.278636
2.025000,-0.279390
2.026000,-0.280147
2.027000,-0.280906
2.028000,-0.281666
2.029000,-0.282429
2.030000,-0.283194
2.031000,-0.283960
2.032000,-0.284729
2.033000,-0.285500
2.034000,-0.286273
2.035000,-0.287048
2.036000,-0.287825
2.037000,-0.288604
2.038000,-0.289385
2.039000,-0.290168
2.040000,-0.290954
2.041000,-0.291741
2.042000,-0.292530
2.043000,-0.293322
2.044000,-0.294116
2.045000,-0.294911
2.046000,-0.295709
2.047000,-0.296509
2.048000,-0.297311
2.049000,-0.298116
2.050000,-0.298922
2.051000,-0.299730
2.052000,-0.300541
2.053000,-0.301354
2.054000,-0.302169
2.055000,-0.302986
2.056000,-0.303805
2.057000,-0.304627
2.058000,-0.305451
2.059000,-0.306276
2.060000,-0.307104
2.061000,-0.307935
2.062000,-0.308767
2.063000,-0.309602
2.064000,-0.310439
2.065000,-0.311278
2.066000,-0.312119
2.067000,-0.312963
2.068000,-0.313808
2.069000,-0.314656
2.070000,-0.315507
2.071000,-0.316359
2.072000,-0.317214
2.073000,-0.318071
2.074000,-0.318930
2.075000,-0.319792
2.076000,-0.320656
2.077000,-0.321522
2.078000,-0.322390
2.079000,-0.323261
2.080000,-0.324134
2.081000,-0.325009
2.082000,-0.325887
2.083000,-0.326767
2.084000,-0.327649
2.085000,-0.328534
2.086000,-0.329421
2.087000,-0.330310
2.088000,-0.331202
2.089000,-0.332096
2.090000,-0.332992
2.091000,-0.333891
2.092000,-0.334792
2.093000,-0.335696
2.094000,-0.336602
2.095000,-0.337510
2.096000,-0.338421
2.097000,-0.339334
2.098000,-0.340250
2.099000,-0.341168
2.100000,-0.342088
2.101000,-0.343011
2.102000,-0.343936
2.103000,-0.344864
2.104000,-0.345794
2.105000,-0.346727
2.106000,-0.347662
2.107000,-0.348599
2.108000,-0.349539
2.109000,-0.350482
2.110000,-0.351427
2.111000,-0.352374
2.112000,-0.353324
2.113000,-0.354277
2.114000,-0.355232
2.115000,-0.356189
2.116000,-0.357149
2.117000,-0.358112
2.118000,-0.359077
2.119000,-0.360045
2.120000,-0.361015
2.121000,-0.361988
2.122000,-0.362963
2.123000,-0.363941
2.124000,-0.364921
2.125000,-0.365904
2.126000,-0.366890
2.127000,-0.367878
2.128000,-0.368869
2.129000,-0.369863
2.130000,-0.370859
2.131000,-0.371857
2.132000,-0.372859
2.133000,-0.373863
2.134000,-0.374869
2.135000,-0.375879
2.136000,-0.376890
2.137000,-0.377905
2.138000,-0.378922
2.139000,-0.379942
2.140000,-0.380965
2.141000,-0.381990
2.142000,-0.383018
2.143000,-0.384049
2.144000,-0.385082
2.145000,-0.386118
2.146000,-0.387157
2.147000,-0.388199
2.148000,-0.389243
2.149000,-0.390290
2.150000,-0.391340
2.151000,-0.392392
2.152000,-0.393448
2.153000,-0.394506
2.154000,-0.395567
2.155000,-0.396631
2.156000,-0.397697
2.157000,-0.398766
2.158000,-0.399838
2.159000,-0.400913
2.160000,-0.401991
2.161000,-0.403072
2.162000,-0.404155
2.163000,-0.405241
2.164000,-0.406330
2.165000,-0.407422
2.166000,-0.408517
2.167000,-0.409615
2.168000,-0.410715
2.169000,-0.411819
2.170000,-0.412925
2.171000,-0.414034
2.172000,-0.415146
2.173000,-0.416261
2.174000,-0.417379
2.175000,-0.418500
2.176000,-0.419624
2.177000,-0.420751
2.178000,-0.421881
2.179000,-0.423013
2.180000,-0.424149
2.181000,-0.425287
2.182000,-0.426429
2.183000,-0.427574
2.184000,-0.428721
2.185000,-0.429872
2.186000,-0.431025
2.187000,-0.432182
2.188000,-0.433342
2.189000,-0.434504
2.190000,-0.435670
2.191000,-0.436839
2.192000,-0.438010
2.193000,-0.439185
2.194000,-0.440363
2.195000,-0.441544
2.196000,-0.442728
2.197000,-0.443916
2.198000,-0.445106
2.199000,-0.446299
2.200000,-0.447496
2.201000,-0.448696
2.202000,-0.449898
2.203000,-0.451104
2.204000,-0.452313
2.205000,-0.453526
2.206000,-0.454741
2.207000,-0.455960
2.208000,-0.457181
2.209000,-0.458406
2.210000,-0.459634
2.211000,-0.460866
2.212000,-0.462100
2.213000,-0.463338
2.214000,-0.464579
2.215000,-0.465823
2.216000,-0.467071
2.217000,-0.468321
2.218000,-0.469575
2.219000,-0.470833
2.220000,-0.472093
2.221000,-0.473357
2.222000,-0.474624
2.223000,-0.475894
2.224000,-0.477168
2.225000,-0.478445
2.226000,-0.479725
2.227000,-0.481009
2.228000,-0.482296
2.229000,-0.483586
2.230000,-0.484880
2.231000,-0.486177
2.232000,-0.487478
2.233000,-0.488781
2.234000,-0.490089
2.235000,-0.491399
2.236000,-0.492713
2.237000,-0.494031
2.238000,-0.495351
2.239000,-0.496676
2.240000,-0.498003
2.241000,-0.499335
2.242000,-0.500669
2.243000,-0.502007
2.244000,-0.503349
2.245000,-0.504694
2.246000,-0.506042
2.247000,-0.507395
2.248000,-0.508750
2.249000,-0.510109
2.250000,-0.511472
2.251000,-0.512838
2.252000,-0.514207
2.253000,-0.515581
2.254000,-0.516957
2.255000,-0.518338
2.256000,-0.519722
2.257000,-0.521109
2.258000,-0.522500
2.259000,-0.523895
2.260000,-0.525293
2.261000,-0.526695
2.262000,-0.528101
2.263000,-0.529510
2.264000,-0.530923
2.265000,-0.532339
2.266000,-0.533759
2.267000,-0.535183
2.268000,-0.536611
2.269000,-0.538042
2.270000,-0.539477
2.271000,-0.540915
2.272000,-0.542358
2.273000,-0.543804
2.274000,-0.545254
2.275000,-0.546707
2.276000,-0.548164
2.277000,-0.549625
2.278000,-0.551090
2.279000,-0.552559
2.280000,-0.554031
2.281000,-0.555507
2.282000,-0.556987
2.283000,-0.558471
2.284000,-0.559959
2.285000,-0.561450
2.286000,-0.562946
2.287000,-0.564445
2.288000,-0.565948
2.289000,-0.567455
2.290000,-0.568966
2.291000,-0.570480
2.292000,-0.571999
2.293000,-0.573521
2.294000,-0.575048
2.295000,-0.576578
2.296000,-0.578112
2.297000,-0.579651
2.298000,-0.581193
2.299000,-0.582739
2.300000,-0.584289
2.301000,-0.585843
2.302000,-0.587402
2.303000,-0.588964
2.304000,-0.590530
2.305000,-0.592100
2.306000,-0.593674
2.307000,-0.595252
2.308000,-0.596835
2.309000,-0.598421
2.310000,-0.600012
2.311000,-0.601606
2.312000,-0.603205
2.313000,-0.604808
2.314000,-0.606414
2.315000,-0.608025
2.316000,-0.609640
2.317000,-0.611260
2.318000,-0.612883
2.319000,-0.614511
2.320000,-0.616142
2.321000,-0.617778
2.322000,-0.619418
2.323000,-0.621063
2.324000,-0.622711
2.325000,-0.624364
2.326000,-0.626021
2.327000,-0.627682
2.328000,-0.629348
2.329000,-0.631017
2.330000,-0.632691
2.331000,-0.634370
2.332000,-0.636052
2.333000,-0.637739
2.334000,-0.639430
2.335000,-0.641126
2.336000,-0.642826
2.337000,-0.644530
2.338000,-0.646238
2.339000,-0.647951
2.340000,-0.649669
2.341000,-0.651390
2.342000,-0.653116
2.343000,-0.654847
2.344000,-0.656582
2.345000,-0.658321
2.346000,-0.660065
2.347000,-0.661813
2.348000,-0.663566
2.349000,-0.665311
2.350000,-0.666962
2.351000,-0.668497
2.352000,-0.669918
2.353000,-0.671223
2.354000,-0.672412
2.355000,-0.673484
2.356000,-0.674440
2.357000,-0.675279
2.358000,-0.676000
2.359000,-0.676614
2.360000,-0.677211
2.361000,-0.677807
2.362000,-0.678404
2.363000,-0.679002
2.364000,-0.679600
2.365000,-0.680198
2.366000,-0.680797
2.367000,-0.681397
2.368000,-0.681997
2.369000,-0.682598
2.370000,-0.683199
2.371000,-0.683800
2.372000,-0.684402
2.373000,-0.685005
2.374000,-0.685608
2.375000,-0.686212
2.376000,-0.686816
2.377000,-0.687421
2.378000,-0.688026
2.379000,-0.688631
2.380000,-0.689238
2.381000,-0.689844
2.382000,-0.690452
2.383000,-0.691059
2.384000,-0.691667
2.385000,-0.692276
2.386000,-0.692886
2.387000,-0.693495
2.388000,-0.694106
2.389000,-0.694716
2.390000,-0.695328
2.391000,-0.695940
2.392000,-0.696552
2.393000,-0.697165
2.394000,-0.697778
2.395000,-0.698392
2.396000,-0.699007
2.397000,-0.699622
2.398000,-0.700237
2.399000,-0.700853
2.400000,-0.701470
2.401000,-0.702087
2.402000,-0.702704
2.403000,-0.703322
2.404000,-0.703941
2.405000,-0.704560
2.406000,-0.705180
2.407000,-0.705800
2.408000,-0.706421
2.409000,-0.707042
2.410000,-0.707663
2.411000,-0.708286
2.412000,-0.708908
2.413000,-0.709532
2.414000,-0.710156
2.415000,-0.710780
2.416000,-0.711405
2.417000,-0.712030
2.418000,-0.712656
2.419000,-0.713283
2.420000,-0.713910
2.421000,-0.714537
2.422000,-0.715165
2.423000,-0.715794
2.424000,-0.716423
2.425000,-0.717052
2.426000,-0.717683
2.427000,-0.718313
2.428000,-0.718945
2.429000,-0.719576
2.430000,-0.720209
2.431000,-0.720841
2.432000,-0.721475
2.433000,-0.722109
2.434000,-0.722743
2.435000,-0.723378
2.436000,-0.724014
2.437000,-0.724650
2.438000,-0.725286
2.439000,-0.725923
2.440000,-0.726561
2.441000,-0.727199
2.442000,-0.727838
2.443000,-0.728477
2.444000,-0.729117
2.445000,-0.729757
2.446000,-0.730398
2.447000,-0.731039
2.448000,-0.731681
2.449000,-0.732324
2.450000,-0.732967
2.451000,-0.733610
2.452000,-0.734254
2.453000,-0.734899
2.454000,-0.735544
2.455000,-0.736190
2.456000,-0.736836
2.457000,-0.737483
2.458000,-0.738131
2.459000,-0.738778
2.460000,-0.739427
2.461000,-0.740076
2.462000,-0.740725
2.463000,-0.741375
2.464000,-0.742026
2.465000,-0.742677
2.466000,-0.743329
2.467000,-0.743981
2.468000,-0.744634
2.469000,-0.745287
2.470000,-0.745941
2.471000,-0.746596
2.472000,-0.747251
2.473000,-0.747906
2.474000,-0.748562
2.475000,-0.749219
2.476000,-0.749876
2.477000,-0.750534
2.478000,-0.751192
2.479000,-0.751851
2.480000,-0.752511
2.481000,-0.753171
2.482000,-0.753831
2.483000,-0.754492
2.484000,-0.755154
2.485000,-0.755816
2.486000,-0.756479
2.487000,-0.757142
2.488000,-0.757806
2.489000,-0.758470
2.490000,-0.759135
2.491000,-0.759801
2.492000,-0.760467
2.493000,-0.761134
2.494000,-0.761801
2.495000,-0.762469
2.496000,-0.763137
2.497000,-0.763806
2.498000,-0.764475
2.499000,-0.765145
2.500000,-0.765816
2.501000,-0.766487
2.502000,-0.767159
2.503000,-0.767831
2.504000,-0.768504
2.505000,-0.769177
2.506000,-0.769851
2.507000,-0.770525
2.508000,-0.771200
2.509000,-0.771876
2.510000,-0.772552
2.511000,-0.773229
2.512000,-0.773906
2.513000,-0.774584
2.514000,-0.775263
2.515000,-0.775942
2.516000,-0.776621
2.517000,-0.777301
2.518000,-0.777982
2.519000,-0.778663
2.520000,-0.779345
2.521000,-0.780028
2.522000,-0.780711
2.523000,-0.781394
2.524000,-0.782079
2.525000,-0.782763
2.526000,-0.783449
2.527000,-0.784134
2.528000,-0.784821
2.529000,-0.785508
2.530000,-0.786195
2.531000,-0.786884
2.532000,-0.787572
2.533000,-0.788262
2.534000,-0.788952
2.535000,-0.789642
2.536000,-0.790333
2.537000,-0.791025
2.538000,-0.791717
2.539000,-0.792410
2.540000,-0.793103
2.541000,-0.793797
2.542000,-0.794492
2.543000,-0.795187
2.544000,-0.795882
2.545000,-0.796579
2.546000,-0.797275
2.547000,-0.797973
2.548000,-0.798671
2.549000,-0.799369
2.550000,-0.800069
2.551000,-0.800768
2.552000,-0.801469
2.553000,-0.802170
2.554000,-0.802871
2.555000,-0.803573
2.556000,-0.804276
2.557000,-0.804979
2.558000,-0.805683
2.559000,-0.806387
2.560000,-0.807092
2.561000,-0.807798
2.562000,-0.808504
2.563000,-0.809211
2.564000,-0.809918
2.565000,-0.810626
2.566000,-0.811335
2.567000,-0.812044
2.568000,-0.812754
2.569000,-0.813464
2.570000,-0.814175
2.571000,-0.814887
2.572000,-0.815599
2.573000,-0.816311
2.574000,-0.817025
2.575000,-0.817739
2.576000,-0.818453
2.577000,-0.819168
2.578000,-0.819884
2.579000,-0.820600
2.580000,-0.821317
2.581000,-0.822034
2.582000,-0.822752
2.583000,-0.823471
2.584000,-0.824190
2.585000,-0.824910
2.586000,-0.825630
2.587000,-0.826352
2.588000,-0.827073
2.589000,-0.827795
2.590000,-0.828518
2.591000,-0.829242
2.592000,-0.829966
2.593000,-0.830690
2.594000,-0.831416
2.595000,-0.832141
2.596000,-0.832868
2.597000,-0.833595
2.598000,-0.834323
2.599000,-0.835051
2.600000,-0.835780
2.601000,-0.836509
2.602000,-0.837239
2.603000,-0.837970
2.604000,-0.838701
2.605000,-0.839433
2.606000,-0.840166
2.607000,-0.840899
2.608000,-0.841633
2.609000,-0.842367
2.610000,-0.843102
2.611000,-0.843837
2.612000,-0.844574
2.613000,-0.845310
2.614000,-0.846048
2.615000,-0.846786
2.616000,-0.847524
2.617000,-0.848264
2.618000,-0.849003
2.619000,-0.849744
2.620000,-0.850485
2.621000,-0.851227
2.622000,-0.851969
2.623000,-0.852712
2.624000,-0.853455
2.625000,-0.854200
2.626000,-0.854944
2.627000,-0.855690
2.628000,-0.856436
2.629000,-0.857182
2.630000,-0.857930
2.631000,-0.858677
2.632000,-0.859426
2.633000,-0.860175
2.634000,-0.860925
2.635000,-0.861675
2.636000,-0.862426
2.637000,-0.863178
2.638000,-0.863930
2.639000,-0.864683
2.640000,-0.865436
2.641000,-0.866190
2.642000,-0.866945
2.643000,-0.867700
2.644000,-0.868456
2.645000,-0.869213
2.646000,-0.869970
2.647000,-0.870728
2.648000,-0.871486
2.649000,-0.872245
2.650000,-0.873005
2.651000,-0.873765
2.652000,-0.874526
2.653000,-0.875288
2.654000,-0.876050
2.655000,-0.876813
2.656000,-0.877576
2.657000,-0.878341
2.658000,-0.879105
2.659000,-0.879871
2.660000,-0.880637
2.661000,-0.881403
2.662000,-0.882171
2.663000,-0.882938
2.664000,-0.883707
2.665000,-0.884476
2.666000,-0.885246
2.667000,-0.886016
2.668000,-0.886788
2.669000,-0.887559
2.670000,-0.888332
2.671000,-0.889105
2.672000,-0.889878
2.673000,-0.890653
2.674000,-0.891428
2.675000,-0.892203
2.676000,-0.892979
2.677000,-0.893756
2.678000,-0.894534
2.679000,-0.895312
2.680000,-0.896090
2.681000,-0.896870
2.682000,-0.897650
2.683000,-0.898431
2.684000,-0.899212
2.685000,-0.899994
2.686000,-0.900777
2.687000,-0.901560
2.688000,-0.902344
2.689000,-0.903128
2.690000,-0.903914
2.691000,-0.904699
2.692000,-0.905486
2.693000,-0.906273
2.694000,-0.907061
2.695000,-0.907849
2.696000,-0.908638
2.697000,-0.909428
2.698000,-0.910219
2.699000,-0.911010
2.700000,-0.911801
2.701000,-0.912594
2.702000,-0.913387
2.703000,-0.914180
2.704000,-0.914975
2.705000,-0.915770
2.706000,-0.916565
2.707000,-0.917362
2.708000,-0.918158
2.709000,-0.918956
2.710000,-0.919754
2.711000,-0.920553
2.712000,-0.921353
2.713000,-0.922153
2.714000,-0.922954
2.715000,-0.923755
2.716000,-0.924558
2.717000,-0.925360
2.718000,-0.926164
2.719000,-0.926968
2.720000,-0.927773
2.721000,-0.928579
2.722000,-0.929385
2.723000,-0.930191
2.724000,-0.930999
2.725000,-0.931807
2.726000,-0.932616
2.727000,-0.933425
2.728000,-0.934236
2.729000,-0.935046
2.730000,-0.935858
2.731000,-0.936670
2.732000,-0.937483
2.733000,-0.938296
2.734000,-0.939110
2.735000,-0.939925
2.736000,-0.940741
2.737000,-0.941557
2.738000,-0.942374
2.739000,-0.943191
2.740000,-0.944009
2.741000,-0.944828
2.742000,-0.945648
2.743000,-0.946468
2.744000,-0.947289
2.745000,-0.948110
2.746000,-0.948932
2.747000,-0.949755
2.748000,-0.950579
2.749000,-0.951403
2.750000,-0.952228
2.751000,-0.953054
2.752000,-0.953880
2.753000,-0.954707
2.754000,-0.955534
2.755000,-0.956363
2.756000,-0.957192
2.757000,-0.958021
2.758000,-0.958851
2.759000,-0.959682
2.760000,-0.960514
2.761000,-0.961346
2.762000,-0.962180
2.763000,-0.963013
2.764000,-0.963848
2.765000,-0.964683
2.766000,-0.965518
2.767000,-0.966355
2.768000,-0.967192
2.769000,-0.968030
2.770000,-0.968868
2.771000,-0.969708
2.772000,-0.970548
2.773000,-0.971388
2.774000,-0.972229
2.775000,-0.973071
2.776000,-0.973914
2.777000,-0.974757
2.778000,-0.975601
2.779000,-0.976446
2.780000,-0.977291
2.781000,-0.978138
2.782000,-0.978984
2.783000,-0.979832
2.784000,-0.980680
2.785000,-0.981529
2.786000,-0.982378
2.787000,-0.983229
2.788000,-0.984079
2.789000,-0.984931
2.790000,-0.985783
2.791000,-0.986636
2.792000,-0.987490
2.793000,-0.988345
2.794000,-0.989200
2.795000,-0.990056
2.796000,-0.990912
2.797000,-0.991769
2.798000,-0.992627
2.799000,-0.993486
2.800000,-0.994345
2.801000,-0.995205
2.802000,-0.996066
2.803000,-0.996927
2.804000,-0.997789
2.805000,-0.998652
2.806000,-0.999516
2.807000,-1.000380
2.808000,-1.001245
2.809000,-1.002110
2.810000,-1.002977
2.811000,-1.003844
2.812000,-1.004712
2.813000,-1.005580
2.814000,-1.006449
2.815000,-1.007319
2.816000,-1.008190
2.817000,-1.009061
2.818000,-1.009933
2.819000,-1.010806
2.820000,-1.011679
2.821000,-1.012553
2.822000,-1.013428
2.823000,-1.014304
2.824000,-1.015180
2.825000,-1.016057
2.826000,-1.016935
2.827000,-1.017813
2.828000,-1.018692
2.829000,-1.019572
2.830000,-1.020453
2.831000,-1.021334
2.832000,-1.022216
2.833000,-1.023099
2.834000,-1.023982
2.835000,-1.024866
2.836000,-1.025751
2.837000,-1.026637
2.838000,-1.027523
2.839000,-1.028410
2.840000,-1.029298
2.841000,-1.030186
2.842000,-1.031075
2.843000,-1.031965
2.844000,-1.032856
2.845000,-1.033747
2.846000,-1.034639
2.847000,-1.035532
2.848000,-1.036426
2.849000,-1.037320
2.850000,-1.038215
2.851000,-1.039110
2.852000,-1.040007
2.853000,-1.040904
2.854000,-1.041802
2.855000,-1.042701
2.856000,-1.043600
2.857000,-1.044500
2.858000,-1.045401
2.859000,-1.046302
2.860000,-1.047205
2.861000,-1.048108
2.862000,-1.049011
2.863000,-1.049916
2.864000,-1.050821
2.865000,-1.051727
2.866000,-1.052634
2.867000,-1.053541
2.868000,-1.054449
2.869000,-1.055358
2.870000,-1.056268
2.871000,-1.057178
2.872000,-1.058089
2.873000,-1.059001
2.874000,-1.059913
2.875000,-1.060827
2.876000,-1.061741
2.877000,-1.062656
2.878000,-1.063571
2.879000,-1.064487
2.880000,-1.065404
2.881000,-1.066322
2.882000,-1.067241
2.883000,-1.068160
2.884000,-1.069080
2.885000,-1.070000
2.886000,-1.070922
2.887000,-1.071844
2.888000,-1.072767
2.889000,-1.073691
2.890000,-1.074615
2.891000,-1.075540
2.892000,-1.076466
2.893000,-1.077393
2.894000,-1.078320
2.895000,-1.079249
2.896000,-1.080178
2.897000,-1.081107
2.898000,-1.082038
2.899000,-1.082969
2.900000,-1.083901
2.901000,-1.084834
2.902000,-1.085767
2.903000,-1.086701
2.904000,-1.087636
2.905000,-1.088572
2.906000,-1.089508
2.907000,-1.090446
2.908000,-1.091383
2.909000,-1.092322
2.910000,-1.093262
2.911000,-1.094202
2.912000,-1.095143
2.913000,-1.096085
2.914000,-1.097027
2.915000,-1.097971
2.916000,-1.098915
2.917000,-1.099859
2.918000,-1.100805
2.919000,-1.101751
2.920000,-1.102698
2.921000,-1.103646
2.922000,-1.104595
2.923000,-1.105544
2.924000,-1.106494
2.925000,-1.107445
2.926000,-1.108397
2.927000,-1.109349
2.928000,-1.110302
2.929000,-1.111256
2.930000,-1.112211
2.931000,-1.113167
2.932000,-1.114123
2.933000,-1.115080
2.934000,-1.116038
2.935000,-1.116996
2.936000,-1.117956
2.937000,-1.118916
2.938000,-1.119877
2.939000,-1.120838
2.940000,-1.121801
2.941000,-1.122764
2.942000,-1.123728
2.943000,-1.124693
2.944000,-1.125658
2.945000,-1.126625
2.946000,-1.127592
2.947000,-1.128560
2.948000,-1.129528
2.949000,-1.130498
2.950000,-1.131468
2.951000,-1.132439
2.952000,-1.133411
2.953000,-1.134383
2.954000,-1.135357
2.955000,-1.136331
2.956000,-1.137306
2.957000,-1.138281
2.958000,-1.139258
2.959000,-1.140235
2.960000,-1.141213
2.961000,-1.142192
2.962000,-1.143171
2.963000,-1.144152
2.964000,-1.145133
2.965000,-1.146115
2.966000,-1.147098
2.967000,-1.148081
2.968000,-1.149066
2.969000,-1.150051
2.970000,-1.151037
2.971000,-1.152023
2.972000,-1.153011
2.973000,-1.153999
2.974000,-1.154988
2.975000,-1.155978
2.976000,-1.156968
2.977000,-1.157960
2.978000,-1.158952
2.979000,-1.159945
2.980000,-1.160939
2.981000,-1.161934
2.982000,-1.162929
2.983000,-1.163925
2.984000,-1.164922
2.985000,-1.165920
2.986000,-1.166919
2.987000,-1.167918
2.988000,-1.168918
2.989000,-1.169919
2.990000,-1.170921
2.991000,-1.171924
2.992000,-1.172927
2.993000,-1.173931
2.994000,-1.174936
2.995000,-1.175942
2.996000,-1.176949
2.997000,-1.177956
2.998000,-1.178964
2.999000,-1.179973
3.000000,-1.180983
3.001000,-1.181994
3.002000,-1.183005
3.003000,-1.184017
3.004000,-1.185030
3.005000,-1.186044
3.006000,-1.187059
3.007000,-1.188074
3.008000,-1.189091
3.009000,-1.190108
3.010000,-1.191126
3.011000,-1.192144
3.012000,-1.193164
3.013000,-1.194184
3.014000,-1.195206
3.015000,-1.196228
3.016000,-1.197250
3.017000,-1.198274
3.018000,-1.199298
3.019000,-1.200324
3.020000,-1.201350
3.021000,-1.202377
3.022000,-1.203404
3.023000,-1.204433
3.024000,-1.205462
3.025000,-1.206492
3.026000,-1.207523
3.027000,-1.208555
3.028000,-1.209588
3.029000,-1.210621
3.030000,-1.211655
3.031000,-1.212690
3.032000,-1.213726
3.033000,-1.214763
3.034000,-1.215800
3.035000,-1.216839
3.036000,-1.217878
3.037000,-1.218918
3.038000,-1.219959
3.039000,-1.221001
3.040000,-1.222043
3.041000,-1.223086
3.042000,-1.224131
3.043000,-1.225176
3.044000,-1.226221
3.045000,-1.227268
3.046000,-1.228316
3.047000,-1.229364
3.048000,-1.230413
3.049000,-1.231463
3.050000,-1.232514
3.051000,-1.233566
3.052000,-1.234618
3.053000,-1.235671
3.054000,-1.236725
3.055000,-1.237780
3.056000,-1.238836
3.057000,-1.239893
3.058000,-1.240950
3.059000,-1.242009
3.060000,-1.243068
3.061000,-1.244128
3.062000,-1.245189
3.063000,-1.246251
3.064000,-1.247313
3.065000,-1.248377
3.066000,-1.249441
3.067000,-1.250506
3.068000,-1.251572
3.069000,-1.252638
3.070000,-1.253706
3.071000,-1.254775
3.072000,-1.255844
3.073000,-1.256914
3.074000,-1.257985
3.075000,-1.259057
3.076000,-1.260130
3.077000,-1.261203
3.078000,-1.262277
3.079000,-1.263353
3.080000,-1.264429
3.081000,-1.265506
3.082000,-1.266583
3.083000,-1.267662
3.084000,-1.268742
3.085000,-1.269822
3.086000,-1.270903
3.087000,-1.271985
3.088000,-1.273068
3.089000,-1.274152
3.090000,-1.275236
3.091000,-1.276322
3.092000,-1.277408
3.093000,-1.278495
3.094000,-1.279583
3.095000,-1.280672
3.096000,-1.281762
3.097000,-1.282853
3.098000,-1.283944
3.099000,-1.285037
3.100000,-1.286130
3.101000,-1.287224
3.102000,-1.288319
3.103000,-1.289415
3.104000,-1.290511
3.105000,-1.291609
3.106000,-1.292707
3.107000,-1.293807
3.108000,-1.294907
3.109000,-1.296008
3.110000,-1.297109
3.111000,-1.298212
3.112000,-1.299316
3.113000,-1.300420
3.114000,-1.301526
3.115000,-1.302632
3.116000,-1.303739
3.117000,-1.304847
3.118000,-1.305956
3.119000,-1.307065
3.120000,-1.308176
3.121000,-1.309287
3.122000,-1.310400
3.123000,-1.311513
3.124000,-1.312627
3.125000,-1.313742
3.126000,-1.314858
3.127000,-1.315974
3.128000,-1.317092
3.129000,-1.318210
3.130000,-1.319330
3.131000,-1.320450
3.132000,-1.321571
3.133000,-1.322693
3.134000,-1.323816
3.135000,-1.324940
3.136000,-1.326064
3.137000,-1.327190
3.138000,-1.328316
3.139000,-1.329443
3.140000,-1.330571
3.141000,-1.331701
3.142000,-1.332830
3.143000,-1.333961
3.144000,-1.335093
3.145000,-1.336226
3.146000,-1.337359
3.147000,-1.338493
3.148000,-1.339629
3.149000,-1.340765
3.150000,-1.341902
3.151000,-1.343040
3.152000,-1.344178
3.153000,-1.345318
3.154000,-1.346459
3.155000,-1.347600
3.156000,-1.348743
3.157000,-1.349886
3.158000,-1.351030
3.159000,-1.352175
3.160000,-1.353321
3.161000,-1.354468
3.162000,-1.355616
3.163000,-1.356765
3.164000,-1.357914
3.165000,-1.359065
3.166000,-1.360216
3.167000,-1.361368
3.168000,-1.362521
3.169000,-1.363675
3.170000,-1.364830
3.171000,-1.365986
3.172000,-1.367143
3.173000,-1.368301
3.174000,-1.369459
3.175000,-1.370619
3.176000,-1.371779
3.177000,-1.372940
3.178000,-1.374103
3.179000,-1.375266
3.180000,-1.376430
3.181000,-1.377595
3.182000,-1.378761
3.183000,-1.379927
3.184000,-1.381095
3.185000,-1.382264
3.186000,-1.383433
3.187000,-1.384603
3.188000,-1.385775
3.189000,-1.386947
3.190000,-1.388120
3.191000,-1.389294
3.192000,-1.390469
3.193000,-1.391645
3.194000,-1.392822
3.195000,-1.393999
3.196000,-1.395178
3.197000,-1.396358
3.198000,-1.397538
3.199000,-1.398719
3.200000,-1.399902
3.201000,-1.401085
3.202000,-1.402269
3.203000,-1.403454
3.204000,-1.404640
3.205000,-1.405827
3.206000,-1.407015
3.207000,-1.408204
3.208000,-1.409393
3.209000,-1.410584
3.210000,-1.411776
3.211000,-1.412968
3.212000,-1.414161
3.213000,-1.415356
3.214000,-1.416551
3.215000,-1.417747
3.216000,-1.418944
3.217000,-1.420142
3.218000,-1.421341
3.219000,-1.422541
3.220000,-1.423742
3.221000,-1.424944
3.222000,-1.426146
3.223000,-1.427350
3.224000,-1.428555
3.225000,-1.429760
3.226000,-1.430967
3.227000,-1.432174
3.228000,-1.433382
3.229000,-1.434592
3.230000,-1.435802
3.231000,-1.437013
3.232000,-1.438225
3.233000,-1.439438
3.234000,-1.440652
3.235000,-1.441867
3.236000,-1.443083
3.237000,-1.444299
3.238000,-1.445517
3.239000,-1.446736
3.240000,-1.447955
3.241000,-1.449176
3.242000,-1.450397
3.243000,-1.451620
3.244000,-1.452843
3.245000,-1.454067
3.246000,-1.455293
3.247000,-1.456519
3.248000,-1.457746
3.249000,-1.458974
3.250000,-1.460203
3.251000,-1.461433
3.252000,-1.462664
3.253000,-1.463896
3.254000,-1.465129
3.255000,-1.466363
3.256000,-1.467597
3.257000,-1.468833
3.258000,-1.470070
3.259000,-1.471307
3.260000,-1.472546
3.261000,-1.473786
3.262000,-1.475026
3.263000,-1.476268
3.264000,-1.477510
3.265000,-1.478753
3.266000,-1.479998
3.267000,-1.481243
3.268000,-1.482489
3.269000,-1.483736
3.270000,-1.484985
3.271000,-1.486234
3.272000,-1.487484
3.273000,-1.488735
3.274000,-1.489987
3.275000,-1.491240
3.276000,-1.492494
3.277000,-1.493749
3.278000,-1.495005
3.279000,-1.496262
3.280000,-1.497519
3.281000,-1.498778
3.282000,-1.500038
3.283000,-1.501299
3.284000,-1.502560
3.285000,-1.503823
3.286000,-1.505087
3.287000,-1.506351
3.288000,-1.507617
3.289000,-1.508884
3.290000,-1.510151
3.291000,-1.511420
3.292000,-1.512689
3.293000,-1.513960
3.294000,-1.515231
3.295000,-1.516503
3.296000,-1.517777
3.297000,-1.519051
3.298000,-1.520327
3.299000,-1.521603
3.300000,-1.522880
3.301000,-1.524158
3.302000,-1.525438
3.303000,-1.526718
3.304000,-1.527999
3.305000,-1.529281
3.306000,-1.530565
3.307000,-1.531849
3.308000,-1.533134
3.309000,-1.534420
3.310000,-1.535707
3.311000,-1.536995
3.312000,-1.538285
3.313000,-1.539575
3.314000,-1.540866
3.315000,-1.542158
3.316000,-1.543451
3.317000,-1.544745
3.318000,-1.546040
3.319000,-1.547336
3.320000,-1.548633
3.321000,-1.549931
3.322000,-1.551230
3.323000,-1.552530
3.324000,-1.553831
3.325000,-1.555133
3.326000,-1.556436
3.327000,-1.557740
3.328000,-1.559045
3.329000,-1.560351
3.330000,-1.561658
3.331000,-1.562966
3.332000,-1.564275
3.333000,-1.565585
3.334000,-1.566896
3.335000,-1.568208
3.336000,-1.569521
3.337000,-1.570835
3.338000,-1.572150
3.339000,-1.573466
3.340000,-1.574783
3.341000,-1.576101
3.342000,-1.577420
3.343000,-1.578740
3.344000,-1.580061
3.345000,-1.581383
3.346000,-1.582706
3.347000,-1.584030
3.348000,-1.585355
3.349000,-1.586681
3.350000,-1.588008
3.351000,-1.589336
3.352000,-1.590666
3.353000,-1.591996
3.354000,-1.593327
3.355000,-1.594659
3.356000,-1.595992
3.357000,-1.597326
3.358000,-1.598661
3.359000,-1.599998
3.360000,-1.601335
3.361000,-1.602673
3.362000,-1.604012
3.363000,-1.605353
3.364000,-1.606694
3.365000,-1.608036
3.366000,-1.609380
3.367000,-1.610724
3.368000,-1.612069
3.369000,-1.613416
3.370000,-1.614763
3.371000,-1.616112
3.372000,-1.617461
3.373000,-1.618812
3.374000,-1.620163
3.375000,-1.621516
3.376000,-1.622869
3.377000,-1.624224
3.378000,-1.625579
3.379000,-1.626936
3.380000,-1.628294
3.381000,-1.629652
3.382000,-1.631012
3.383000,-1.632373
3.384000,-1.633735
3.385000,-1.635098
3.386000,-1.636461
3.387000,-1.637826
3.388000,-1.639192
3.389000,-1.640559
3.390000,-1.641927
3.391000,-1.643296
3.392000,-1.644666
3.393000,-1.646037
3.394000,-1.647410
3.395000,-1.648783
3.396000,-1.650157
3.397000,-1.651532
3.398000,-1.652909
3.399000,-1.654286
3.400000,-1.655664
3.401000,-1.657044
3.402000,-1.658424
3.403000,-1.659806
3.404000,-1.661188
3.405000,-1.662572
3.406000,-1.663956
3.407000,-1.665342
3.408000,-1.666729
3.409000,-1.668117
3.410000,-1.669506
3.411000,-1.670896
3.412000,-1.672286
3.413000,-1.673678
3.414000,-1.675072
3.415000,-1.676466
3.416000,-1.677861
3.417000,-1.679257
3.418000,-1.680654
3.419000,-1.682052
3.420000,-1.683452
3.421000,-1.684852
3.422000,-1.686254
3.423000,-1.687656
3.424000,-1.689060
3.425000,-1.690464
3.426000,-1.691870
3.427000,-1.693277
3.428000,-1.694685
3.429000,-1.696093
3.430000,-1.697503
3.431000,-1.698914
3.432000,-1.700326
3.433000,-1.701739
3.434000,-1.703154
3.435000,-1.704569
3.436000,-1.705985
3.437000,-1.707402
3.438000,-1.708821
3.439000,-1.710240
3.440000,-1.711661
3.441000,-1.713083
3.442000,-1.714505
3.443000,-1.715929
3.444000,-1.717354
3.445000,-1.718780
3.446000,-1.720207
3.447000,-1.721635
3.448000,-1.723064
3.449000,-1.724494
3.450000,-1.725925
3.451000,-1.727358
3.452000,-1.728791
3.453000,-1.730225
3.454000,-1.731661
3.455000,-1.733098
3.456000,-1.734535
3.457000,-1.735974
3.458000,-1.737414
3.459000,-1.738855
3.460000,-1.740297
3.461000,-1.741740
3.462000,-1.743184
3.463000,-1.744629
3.464000,-1.746076
3.465000,-1.747523
3.466000,-1.748972
3.467000,-1.750421
3.468000,-1.751872
3.469000,-1.753324
3.470000,-1.754776
3.471000,-1.756230
3.472000,-1.757685
3.473000,-1.759141
3.474000,-1.760599
3.475000,-1.762057
3.476000,-1.763516
3.477000,-1.764977
3.478000,-1.766438
3.479000,-1.767901
3.480000,-1.769364
3.481000,-1.770829
3.482000,-1.772295
3.483000,-1.773762
3.484000,-1.775230
3.485000,-1.776699
3.486000,-1.778170
3.487000,-1.779641
3.488000,-1.781114
3.489000,-1.782587
3.490000,-1.784062
3.491000,-1.785538
3.492000,-1.787014
3.493000,-1.788492
3.494000,-1.789972
3.495000,-1.791452
3.496000,-1.792933
3.497000,-1.794415
3.498000,-1.795899
3.499000,-1.797383
3.500000,-1.798869
3.501000,-1.800356
3.502000,-1.801844
3.503000,-1.803333
3.504000,-1.804823
3.505000,-1.806314
3.506000,-1.807806
3.507000,-1.809300
3.508000,-1.810794
3.509000,-1.812290
3.510000,-1.813787
3.511000,-1.815285
3.512000,-1.816784
3.513000,-1.818284
3.514000,-1.819785
3.515000,-1.821287
3.516000,-1.822791
3.517000,-1.824295
3.518000,-1.825801
3.519000,-1.827308
3.520000,-1.828816
3.521000,-1.830325
3.522000,-1.831835
3.523000,-1.833346
3.524000,-1.834858
3.525000,-1.836372
3.526000,-1.837886
3.527000,-1.839402
3.528000,-1.840919
3.529000,-1.842437
3.530000,-1.843956
3.531000,-1.845476
3.532000,-1.846998
3.533000,-1.848520
3.534000,-1.850044
3.535000,-1.851568
3.536000,-1.853094
3.537000,-1.854621
3.538000,-1.856149
3.539000,-1.857679
3.540000,-1.859209
3.541000,-1.860740
3.542000,-1.862273
3.543000,-1.863807
3.544000,-1.865342
3.545000,-1.866878
3.546000,-1.868415
3.547000,-1.869953
3.548000,-1.871493
3.549000,-1.873033
3.550000,-1.874575
3.551000,-1.876118
3.552000,-1.877662
3.553000,-1.879207
3.554000,-1.880753
3.555000,-1.882300
3.556000,-1.883849
3.557000,-1.885398
3.558000,-1.886949
3.559000,-1.888501
3.560000,-1.890054
3.561000,-1.891608
3.562000,-1.893164
3.563000,-1.894720
3.564000,-1.896278
3.565000,-1.897837
3.566000,-1.899397
3.567000,-1.900958
3.568000,-1.902520
3.569000,-1.904083
3.570000,-1.905648
3.571000,-1.907214
3.572000,-1.908781
3.573000,-1.910349
3.574000,-1.911918
3.575000,-1.913488
3.576000,-1.915059
3.577000,-1.916632
3.578000,-1.918206
3.579000,-1.919781
3.580000,-1.921357
3.581000,-1.922934
3.582000,-1.924512
3.583000,-1.926092
3.584000,-1.927673
3.585000,-1.929254
3.586000,-1.930837
3.587000,-1.932422
3.588000,-1.934007
3.589000,-1.935593
3.590000,-1.937181
3.591000,-1.938770
3.592000,-1.940360
3.593000,-1.941951
3.594000,-1.943543
3.595000,-1.945137
3.596000,-1.946731
3.597000,-1.948327
3.598000,-1.949924
3.599000,-1.951522
3.600000,-1.953121
3.601000,-1.954722
3.602000,-1.956323
3.603000,-1.957926
3.604000,-1.959530
3.605000,-1.961135
3.606000,-1.962742
3.607000,-1.964349
3.608000,-1.965958
3.609000,-1.967568
3.610000,-1.969178
3.611000,-1.970791
3.612000,-1.972404
3.613000,-1.974019
3.614000,-1.975634
3.615000,-1.977251
3.616000,-1.978869
3.617000,-1.980488
3.618000,-1.982109
3.619000,-1.983730
3.620000,-1.985353
3.621000,-1.986977
3.622000,-1.988602
3.623000,-1.990229
3.624000,-1.991856
3.625000,-1.993485
3.626000,-1.995115
3.627000,-1.996746
3.628000,-1.998378
3.629000,-2.000012
3.630000,-2.001646
3.631000,-2.003282
3.632000,-2.004919
3.633000,-2.006557
3.634000,-2.008196
3.635000,-2.009837
3.636000,-2.011479
3.637000,-2.013122
3.638000,-2.014766
3.639000,-2.016411
3.640000,-2.018058
3.641000,-2.019705
3.642000,-2.021354
3.643000,-2.023004
3.644000,-2.024655
3.645000,-2.026308
3.646000,-2.027962
3.647000,-2.029616
3.648000,-2.031273
3.649000,-2.032930
3.650000,-2.034588
3.651000,-2.036248
3.652000,-2.037909
3.653000,-2.039571
3.654000,-2.041234
3.655000,-2.042899
3.656000,-2.044564
3.657000,-2.046231
3.658000,-2.047899
3.659000,-2.049569
3.660000,-2.051239
3.661000,-2.052911
3.662000,-2.054584
3.663000,-2.056258
3.664000,-2.057933
3.665000,-2.059610
3.666000,-2.061288
3.667000,-2.062967
3.668000,-2.064647
3.669000,-2.066328
3.670000,-2.068011
3.671000,-2.069694
3.672000,-2.071380
3.673000,-2.073066
3.674000,-2.074753
3.675000,-2.076442
3.676000,-2.078132
3.677000,-2.079823
3.678000,-2.081515
3.679000,-2.083209
3.680000,-2.084903
3.681000,-2.086599
3.682000,-2.088297
3.683000,-2.089995
3.684000,-2.091695
3.685000,-2.093396
3.686000,-2.095098
3.687000,-2.096801
3.688000,-2.098505
3.689000,-2.100211
3.690000,-2.101918
3.691000,-2.103626
3.692000,-2.105336
3.693000,-2.107047
3.694000,-2.108758
3.695000,-2.110472
3.696000,-2.112186
3.697000,-2.113901
3.698000,-2.115618
3.699000,-2.117336
3.700000,-2.119055
3.701000,-2.120776
3.702000,-2.122498
3.703000,-2.124221
3.704000,-2.125945
3.705000,-2.127670
3.706000,-2.129397
3.707000,-2.131125
3.708000,-2.132854
3.709000,-2.134584
3.710000,-2.136316
3.711000,-2.138049
3.712000,-2.139783
3.713000,-2.141518
3.714000,-2.143255
3.715000,-2.144993
3.716000,-2.146732
3.717000,-2.148472
3.718000,-2.150213
3.719000,-2.151956
3.720000,-2.153700
3.721000,-2.155446
3.722000,-2.157192
3.723000,-2.158940
3.724000,-2.160689
3.725000,-2.162439
3.726000,-2.164191
3.727000,-2.165943
3.728000,-2.167697
3.729000,-2.169453
3.730000,-2.171209
3.731000,-2.172967
3.732000,-2.174726
3.733000,-2.176486
3.734000,-2.178248
3.735000,-2.180010
3.736000,-2.181774
3.737000,-2.183540
3.738000,-2.185306
3.739000,-2.187074
3.740000,-2.188843
3.741000,-2.190613
3.742000,-2.192385
3.743000,-2.194157
3.744000,-2.195932
3.745000,-2.197707
3.746000,-2.199484
3.747000,-2.201261
3.748000,-2.203040
3.749000,-2.204821
3.750000,-2.206603
3.751000,-2.208385
3.752000,-2.210170
3.753000,-2.211955
3.754000,-2.213742
3.755000,-2.215530
3.756000,-2.217319
3.757000,-2.219109
3.758000,-2.220901
3.759000,-2.222694
3.760000,-2.224488
3.761000,-2.226284
3.762000,-2.228081
3.763000,-2.229879
3.764000,-2.231678
3.765000,-2.233479
3.766000,-2.235281
3.767000,-2.237084
3.768000,-2.238889
3.769000,-2.240695
3.770000,-2.242502
3.771000,-2.244310
3.772000,-2.246119
3.773000,-2.247930
3.774000,-2.249742
3.775000,-2.251556
3.776000,-2.253371
3.777000,-2.255187
3.778000,-2.257004
3.779000,-2.258822
3.780000,-2.260642
3.781000,-2.262463
3.782000,-2.264286
3.783000,-2.266109
3.784000,-2.267934
3.785000,-2.269761
3.786000,-2.271588
3.787000,-2.273417
3.788000,-2.275247
3.789000,-2.277078
3.790000,-2.278911
3.791000,-2.280745
3.792000,-2.282580
3.793000,-2.284417
3.794000,-2.286255
3.795000,-2.288094
3.796000,-2.289934
3.797000,-2.291776
3.798000,-2.293619
3.799000,-2.295463
3.800000,-2.297309
3.801000,-2.299156
3.802000,-2.301004
3.803000,-2.302854
3.804000,-2.304704
3.805000,-2.306556
3.806000,-2.308410
3.807000,-2.310265
3.808000,-2.312121
3.809000,-2.313978
3.810000,-2.315836
3.811000,-2.317696
3.812000,-2.319558
3.813000,-2.321420
3.814000,-2.323284
3.815000,-2.325149
3.816000,-2.327015
3.817000,-2.328883
3.818000,-2.330752
3.819000,-2.332622
3.820000,-2.334494
3.821000,-2.336367
3.822000,-2.338241
3.823000,-2.340117
3.824000,-2.341994
3.825000,-2.343872
3.826000,-2.345751
3.827000,-2.347632
3.828000,-2.349514
3.829000,-2.351398
3.830000,-2.353282
3.831000,-2.355168
3.832000,-2.357056
3.833000,-2.358945
3.834000,-2.360835
3.835000,-2.362726
3.836000,-2.364619
3.837000,-2.366513
3.838000,-2.368408
3.839000,-2.370304
3.840000,-2.372202
3.841000,-2.374102
3.842000,-2.376002
3.843000,-2.377904
3.844000,-2.379807
3.845000,-2.381712
3.846000,-2.383618
3.847000,-2.385525
3.848000,-2.387433
3.849000,-2.389343
3.850000,-2.391254
3.851000,-2.393167
3.852000,-2.395081
3.853000,-2.396996
3.854000,-2.398912
3.855000,-2.400830
3.856000,-2.402749
3.857000,-2.404669
3.858000,-2.406591
3.859000,-2.408514
3.860000,-2.410439
3.861000,-2.412365
3.862000,-2.414292
3.863000,-2.416220
3.864000,-2.418150
3.865000,-2.420081
3.866000,-2.422014
3.867000,-2.423947
3.868000,-2.425882
3.869000,-2.427819
3.870000,-2.429757
3.871000,-2.431696
3.872000,-2.433636
3.873000,-2.435578
3.874000,-2.437522
3.875000,-2.439466
3.876000,-2.441412
3.877000,-2.443359
3.878000,-2.445308
3.879000,-2.447258
3.880000,-2.449209
3.881000,-2.451162
3.882000,-2.453116
3.883000,-2.455071
3.884000,-2.457027
3.885000,-2.458985
3.886000,-2.460945
3.887000,-2.462905
3.888000,-2.464867
3.889000,-2.466831
3.890000,-2.468796
3.891000,-2.470762
3.892000,-2.472729
3.893000,-2.474698
3.894000,-2.476668
3.895000,-2.478639
3.896000,-2.480612
3.897000,-2.482586
3.898000,-2.484562
3.899000,-2.486539
3.900000,-2.488517
3.901000,-2.490497
3.902000,-2.492478
3.903000,-2.494460
3.904000,-2.496444
3.905000,-2.498429
3.906000,-2.500415
3.907000,-2.502403
3.908000,-2.504392
3.909000,-2.506383
3.910000,-2.508375
3.911000,-2.510368
3.912000,-2.512363
3.913000,-2.514359
3.914000,-2.516356
3.915000,-2.518355
3.916000,-2.520355
3.917000,-2.522356
3.918000,-2.524359
3.919000,-2.526363
3.920000,-2.528369
3.921000,-2.530376
3.922000,-2.532384
3.923000,-2.534394
3.924000,-2.536405
3.925000,-2.538417
3.926000,-2.540431
3.927000,-2.542446
3.928000,-2.544463
3.929000,-2.546481
3.930000,-2.548500
3.931000,-2.550521
3.932000,-2.552543
3.933000,-2.554566
3.934000,-2.556591
3.935000,-2.558617
3.936000,-2.560645
3.937000,-2.562674
3.938000,-2.564704
3.939000,-2.566736
3.940000,-2.568769
3.941000,-2.570803
3.942000,-2.572839
3.943000,-2.574876
3.944000,-2.576915
3.945000,-2.578955
3.946000,-2.580996
3.947000,-2.583039
3.948000,-2.585083
3.949000,-2.587129
3.950000,-2.589176
3.951000,-2.591224
3.952000,-2.593274
3.953000,-2.595325
3.954000,-2.597378
3.955000,-2.599431
3.956000,-2.601487
3.957000,-2.603543
3.958000,-2.605602
3.959000,-2.607661
3.960000,-2.609722
3.961000,-2.611784
3.962000,-2.613848
3.963000,-2.615913
3.964000,-2.617979
3.965000,-2.620047
3.966000,-2.622116
3.967000,-2.624187
3.968000,-2.626259
3.969000,-2.628333
3.970000,-2.630407
3.971000,-2.632484
3.972000,-2.634561
3.973000,-2.636640
3.974000,-2.638721
3.975000,-2.640803
3.976000,-2.642886
3.977000,-2.644971
3.978000,-2.647057
3.979000,-2.649144
3.980000,-2.651233
3.981000,-2.653323
3.982000,-2.655415
3.983000,-2.657508
3.984000,-2.659603
3.985000,-2.661699
3.986000,-2.663796
3.987000,-2.665895
3.988000,-2.667995
3.989000,-2.670097
3.990000,-2.672200
3.991000,-2.674304
3.992000,-2.676410
3.993000,-2.678517
3.994000,-2.680626
3.995000,-2.682736
3.996000,-2.684847
3.997000,-2.686960
3.998000,-2.689075
3.999000,-2.691190
4.000000,-2.693307
4.001000,-2.695426
4.002000,-2.697546
4.003000,-2.699667
4.004000,-2.701790
4.005000,-2.703915
4.006000,-2.706040
4.007000,-2.708167
4.008000,-2.710296
4.009000,-2.712426
4.010000,-2.714557
4.011000,-2.716690
4.012000,-2.718824
4.013000,-2.720960
4.014000,-2.723097
4.015000,-2.725236
4.016000,-2.727375
4.017000,-2.729517
4.018000,-2.731660
4.019000,-2.733804
4.020000,-2.735950
4.021000,-2.738097
4.022000,-2.740245
4.023000,-2.742395
4.024000,-2.744547
4.025000,-2.746699
4.026000,-2.748854
4.027000,-2.751009
4.028000,-2.753166
4.029000,-2.755325
4.030000,-2.757485
4.031000,-2.759647
4.032000,-2.761809
4.033000,-2.763974
4.034000,-2.766139
4.035000,-2.768307
4.036000,-2.770475
4.037000,-2.772645
4.038000,-2.774817
4.039000,-2.776990
4.040000,-2.779164
4.041000,-2.781340
4.042000,-2.783517
4.043000,-2.785696
4.044000,-2.787876
4.045000,-2.790058
4.046000,-2.792241
4.047000,-2.794426
4.048000,-2.796612
4.049000,-2.798799
4.050000,-2.800988
4.051000,-2.803178
4.052000,-2.805370
4.053000,-2.807563
4.054000,-2.809758
4.055000,-2.811954
4.056000,-2.814152
4.057000,-2.816351
4.058000,-2.818551
4.059000,-2.820753
4.060000,-2.822957
4.061000,-2.825161
4.062000,-2.827368
4.063000,-2.829575
4.064000,-2.831785
4.065000,-2.833995
4.066000,-2.836207
4.067000,-2.838421
4.068000,-2.840636
4.069000,-2.842853
4.070000,-2.845071
4.071000,-2.847290
4.072000,-2.849511
4.073000,-2.851733
4.074000,-2.853957
4.075000,-2.856182
4.076000,-2.858409
4.077000,-2.860637
4.078000,-2.862867
4.079000,-2.865098
4.080000,-2.867331
4.081000,-2.869565
4.082000,-2.871801
4.083000,-2.874038
4.084000,-2.876276
4.085000,-2.878516
4.086000,-2.880757
4.087000,-2.883000
4.088000,-2.885245
4.089000,-2.887491
4.090000,-2.889738
4.091000,-2.891987
4.092000,-2.894237
4.093000,-2.896489
4.094000,-2.898742
4.095000,-2.900997
4.096000,-2.903253
4.097000,-2.905510
4.098000,-2.907769
4.099000,-2.910030
4.100000,-2.912292
4.101000,-2.914556
4.102000,-2.916821
4.103000,-2.919087
4.104000,-2.921355
4.105000,-2.923625
4.106000,-2.925896
4.107000,-2.928168
4.108000,-2.930442
4.109000,-2.932717
4.110000,-2.934994
4.111000,-2.937273
4.112000,-2.939553
4.113000,-2.941834
4.114000,-2.944117
4.115000,-2.946401
4.116000,-2.948687
4.117000,-2.950974
4.118000,-2.953263
4.119000,-2.955553
4.120000,-2.957845
4.121000,-2.960138
4.122000,-2.962433
4.123000,-2.964729
4.124000,-2.967027
4.125000,-2.969326
4.126000,-2.971627
4.127000,-2.973929
4.128000,-2.976233
4.129000,-2.978538
4.130000,-2.980845
4.131000,-2.983153
4.132000,-2.985462
4.133000,-2.987774
4.134000,-2.990086
4.135000,-2.992400
4.136000,-2.994716
4.137000,-2.997033
4.138000,-2.999352
4.139000,-3.001672
4.140000,-3.003994
4.141000,-3.006317
4.142000,-3.008642
4.143000,-3.010968
4.144000,-3.013295
4.145000,-3.015625
4.146000,-3.017955
4.147000,-3.020288
4.148000,-3.022621
4.149000,-3.024956
4.150000,-3.027293
4.151000,-3.029631
4.152000,-3.031971
4.153000,-3.034312
4.154000,-3.036655
4.155000,-3.038999
4.156000,-3.041345
4.157000,-3.043692
4.158000,-3.046041
4.159000,-3.048392
4.160000,-3.050743
4.161000,-3.053097
4.162000,-3.055452
4.163000,-3.057808
4.164000,-3.060166
4.165000,-3.062525
4.166000,-3.064886
4.167000,-3.067248
4.168000,-3.069612
4.169000,-3.071978
4.170000,-3.074345
4.171000,-3.076713
4.172000,-3.079083
4.173000,-3.081455
4.174000,-3.083828
4.175000,-3.086202
4.176000,-3.088579
4.177000,-3.090956
4.178000,-3.093335
4.179000,-3.095716
4.180000,-3.098098
4.181000,-3.100482
4.182000,-3.102867
4.183000,-3.105254
4.184000,-3.107642
4.185000,-3.110032
4.186000,-3.112423
4.187000,-3.114816
4.188000,-3.117210
4.189000,-3.119606
4.190000,-3.122004
4.191000,-3.124403
4.192000,-3.126803
4.193000,-3.129205
4.194000,-3.131609
4.195000,-3.134014
4.196000,-3.136421
4.197000,-3.138829
4.198000,-3.141239
4.199000,-3.143650
4.200000,-3.146063
4.201000,-3.148477
4.202000,-3.150893
4.203000,-3.153310
4.204000,-3.155729
4.205000,-3.158149
4.206000,-3.160571
4.207000,-3.162995
4.208000,-3.165420
4.209000,-3.167847
4.210000,-3.170275
4.211000,-3.172704
4.212000,-3.175136
4.213000,-3.177568
4.214000,-3.180003
4.215000,-3.182439
4.216000,-3.184876
4.217000,-3.187315
4.218000,-3.189755
4.219000,-3.192197
4.220000,-3.194641
4.221000,-3.197086
4.222000,-3.199533
4.223000,-3.201981
4.224000,-3.204431
4.225000,-3.206882
4.226000,-3.209335
4.227000,-3.211789
4.228000,-3.214245
4.229000,-3.216703
4.230000,-3.219162
4.231000,-3.221622
4.232000,-3.224085
4.233000,-3.226548
4.234000,-3.229014
4.235000,-3.231480
4.236000,-3.233949
4.237000,-3.236419
4.238000,-3.238890
4.239000,-3.241363
4.240000,-3.243838
4.241000,-3.246314
4.242000,-3.248792
4.243000,-3.251271
4.244000,-3.253752
4.245000,-3.256234
4.246000,-3.258718
4.247000,-3.261204
4.248000,-3.263691
4.249000,-3.266179
4.250000,-3.268670
4.251000,-3.271161
4.252000,-3.273655
4.253000,-3.276150
4.254000,-3.278646
4.255000,-3.281144
4.256000,-3.283644
4.257000,-3.286145
4.258000,-3.288647
4.259000,-3.291152
4.260000,-3.293657
4.261000,-3.296165
4.262000,-3.298674
4.263000,-3.301184
4.264000,-3.303696
4.265000,-3.306210
4.266000,-3.308725
4.267000,-3.311242
4.268000,-3.313761
4.269000,-3.316281
4.270000,-3.318802
4.271000,-3.321325
4.272000,-3.323850
4.273000,-3.326376
4.274000,-3.328904
4.275000,-3.331433
4.276000,-3.333964
4.277000,-3.336497
4.278000,-3.339031
4.279000,-3.341567
4.280000,-3.344104
4.281000,-3.346643
4.282000,-3.349183
4.283000,-3.351725
4.284000,-3.354269
4.285000,-3.356814
4.286000,-3.359361
4.287000,-3.361909
4.288000,-3.364459
4.289000,-3.367011
4.290000,-3.369564
4.291000,-3.372118
4.292000,-3.374674
4.293000,-3.377232
4.294000,-3.379792
4.295000,-3.382353
4.296000,-3.384915
4.297000,-3.387479
4.298000,-3.390045
4.299000,-3.392613
4.300000,-3.395181
4.301000,-3.397752
4.302000,-3.400324
4.303000,-3.402898
4.304000,-3.405473
4.305000,-3.408050
4.306000,-3.410628
4.307000,-3.413208
4.308000,-3.415790
4.309000,-3.418373
4.310000,-3.420958
4.311000,-3.423545
4.312000,-3.426133
4.313000,-3.428722
4.314000,-3.431313
4.315000,-3.433906
4.316000,-3.436501
4.317000,-3.439097
4.318000,-3.441694
4.319000,-3.444293
4.320000,-3.446894
4.321000,-3.449496
4.322000,-3.452100
4.323000,-3.454706
4.324000,-3.457313
4.325000,-3.459922
4.326000,-3.462532
4.327000,-3.465144
4.328000,-3.467758
4.329000,-3.470373
4.330000,-3.472990
4.331000,-3.475608
4.332000,-3.478228
4.333000,-3.480850
4.334000,-3.483473
4.335000,-3.486098
4.336000,-3.488724
4.337000,-3.491352
4.338000,-3.493982
4.339000,-3.496613
4.340000,-3.499246
4.341000,-3.501880
4.342000,-3.504516
4.343000,-3.507154
4.344000,-3.509793
4.345000,-3.512434
4.346000,-3.515076
4.347000,-3.517721
4.348000,-3.520366
4.349000,-3.523014
4.350000,-3.525662
4.351000,-3.528313
4.352000,-3.530965
4.353000,-3.533619
4.354000,-3.536274
4.355000,-3.538931
4.356000,-3.541590
4.357000,-3.544250
4.358000,-3.546912
4.359000,-3.549575
4.360000,-3.552240
4.361000,-3.554907
4.362000,-3.557575
4.363000,-3.560245
4.364000,-3.562916
4.365000,-3.565589
4.366000,-3.568264
4.367000,-3.570940
4.368000,-3.573618
4.369000,-3.576298
4.370000,-3.578979
4.371000,-3.581662
4.372000,-3.584346
4.373000,-3.587032
4.374000,-3.589720
4.375000,-3.592409
4.376000,-3.595100
4.377000,-3.597793
4.378000,-3.600487
4.379000,-3.603182
4.380000,-3.605880
4.381000,-3.608579
4.382000,-3.611279
4.383000,-3.613981
4.384000,-3.616685
4.385000,-3.619390
4.386000,-3.622098
4.387000,-3.624806
4.388000,-3.627516
4.389000,-3.630228
4.390000,-3.632942
4.391000,-3.635657
4.392000,-3.638373
4.393000,-3.641092
4.394000,-3.643811
4.395000,-3.646533
4.396000,-3.649256
4.397000,-3.651981
4.398000,-3.654707
4.399000,-3.657435
4.400000,-3.660164
4.401000,-3.662895
4.402000,-3.665628
4.403000,-3.668362
4.404000,-3.671098
4.405000,-3.673836
4.406000,-3.676575
4.407000,-3.679315
4.408000,-3.682058
4.409000,-3.684801
4.410000,-3.687547
4.411000,-3.690294
4.412000,-3.693042
4.413000,-3.695793
4.414000,-3.698544
4.415000,-3.701298
4.416000,-3.704052
4.417000,-3.706809
4.418000,-3.709567
4.419000,-3.712326
4.420000,-3.715088
4.421000,-3.717850
4.422000,-3.720615
4.423000,-3.723381
4.424000,-3.726148
4.425000,-3.728917
4.426000,-3.731688
4.427000,-3.734460
4.428000,-3.737234
4.429000,-3.740009
4.430000,-3.742786
4.431000,-3.745564
4.432000,-3.748344
4.433000,-3.751126
4.434000,-3.753909
4.435000,-3.756694
4.436000,-3.759480
4.437000,-3.762268
4.438000,-3.765058
4.439000,-3.767849
4.440000,-3.770642
4.441000,-3.773436
4.442000,-3.776232
4.443000,-3.779030
4.444000,-3.781829
4.445000,-3.784630
4.446000,-3.787433
4.447000,-3.790237
4.448000,-3.793043
4.449000,-3.795850
4.450000,-3.798659
4.451000,-3.801470
4.452000,-3.804283
4.453000,-3.807097
4.454000,-3.809913
4.455000,-3.812730
4.456000,-3.815549
4.457000,-3.818370
4.458000,-3.821193
4.459000,-3.824017
4.460000,-3.826843
4.461000,-3.829670
4.462000,-3.832500
4.463000,-3.835331
4.464000,-3.838164
4.465000,-3.840998
4.466000,-3.843834
4.467000,-3.846672
4.468000,-3.849512
4.469000,-3.852353
4.470000,-3.855196
4.471000,-3.858041
4.472000,-3.860887
4.473000,-3.863736
4.474000,-3.866586
4.475000,-3.869437
4.476000,-3.872291
4.477000,-3.875146
4.478000,-3.878003
4.479000,-3.880861
4.480000,-3.883722
4.481000,-3.886584
4.482000,-3.889447
4.483000,-3.892313
4.484000,-3.895180
4.485000,-3.898049
4.486000,-3.900919
4.487000,-3.903792
4.488000,-3.906666
4.489000,-3.909542
4.490000,-3.912419
4.491000,-3.915298
4.492000,-3.918179
4.493000,-3.921062
4.494000,-3.923946
4.495000,-3.926832
4.496000,-3.929720
4.497000,-3.932610
4.498000,-3.935501
4.499000,-3.938394
4.500000,-3.941288
4.501000,-3.944185
4.502000,-3.947083
4.503000,-3.949982
4.504000,-3.952884
4.505000,-3.955787
4.506000,-3.958692
4.507000,-3.961599
4.508000,-3.964507
4.509000,-3.967417
4.510000,-3.970329
4.511000,-3.973242
4.512000,-3.976157
4.513000,-3.979074
4.514000,-3.981992
4.515000,-3.984913
4.516000,-3.987835
4.517000,-3.990758
4.518000,-3.993684
4.519000,-3.996611
4.520000,-3.999539
4.521000,-4.002470
4.522000,-4.005402
4.523000,-4.008336
4.524000,-4.011272
4.525000,-4.014209
4.526000,-4.017148
4.527000,-4.020089
4.528000,-4.023031
4.529000,-4.025975
4.530000,-4.028921
4.531000,-4.031868
4.532000,-4.034818
4.533000,-4.037769
4.534000,-4.040721
4.535000,-4.043675
4.536000,-4.046631
4.537000,-4.049589
4.538000,-4.052549
4.539000,-4.055510
4.540000,-4.058473
4.541000,-4.061437
4.542000,-4.064403
4.543000,-4.067371
4.544000,-4.070341
4.545000,-4.073313
4.546000,-4.076286
4.547000,-4.079260
4.548000,-4.082237
4.549000,-4.085215
4.550000,-4.088195
4.551000,-4.091177
4.552000,-4.094160
4.553000,-4.097145
4.554000,-4.100132
4.555000,-4.103120
4.556000,-4.106110
4.557000,-4.109102
4.558000,-4.112096
4.559000,-4.115091
4.560000,-4.118088
4.561000,-4.121087
4.562000,-4.124087
4.563000,-4.127089
4.564000,-4.130093
4.565000,-4.133099
4.566000,-4.136106
4.567000,-4.139115
4.568000,-4.142125
4.569000,-4.145138
4.570000,-4.148152
4.571000,-4.151168
4.572000,-4.154185
4.573000,-4.157204
4.574000,-4.160225
4.575000,-4.163248
4.576000,-4.166272
4.577000,-4.169299
4.578000,-4.172326
4.579000,-4.175356
4.580000,-4.178387
4.581000,-4.181420
4.582000,-4.184455
4.583000,-4.187491
4.584000,-4.190529
4.585000,-4.193569
4.586000,-4.196610
4.587000,-4.199654
4.588000,-4.202699
4.589000,-4.205745
4.590000,-4.208794
4.591000,-4.211844
4.592000,-4.214895
4.593000,-4.217949
4.594000,-4.221004
4.595000,-4.224061
4.596000,-4.227120
4.597000,-4.230180
4.598000,-4.233242
4.599000,-4.236306
4.600000,-4.239372
4.601000,-4.242439
4.602000,-4.245508
4.603000,-4.248579
4.604000,-4.251651
4.605000,-4.254725
4.606000,-4.257801
4.607000,-4.260879
4.608000,-4.263958
4.609000,-4.267039
4.610000,-4.270122
4.611000,-4.273206
4.612000,-4.276293
4.613000,-4.279381
4.614000,-4.282470
4.615000,-4.285562
4.616000,-4.288655
4.617000,-4.291750
4.618000,-4.294846
4.619000,-4.297945
4.620000,-4.301045
4.621000,-4.304146
4.622000,-4.307250
4.623000,-4.310355
4.624000,-4.313462
4.625000,-4.316571
4.626000,-4.319681
4.627000,-4.322793
4.628000,-4.325907
4.629000,-4.329022
4.630000,-4.332140
4.631000,-4.335259
4.632000,-4.338380
4.633000,-4.341502
4.634000,-4.344626
4.635000,-4.347752
4.636000,-4.350880
4.637000,-4.354009
4.638000,-4.357140
4.639000,-4.360273
4.640000,-4.363408
4.641000,-4.366544
4.642000,-4.369682
4.643000,-4.372822
4.644000,-4.375964
4.645000,-4.379107
4.646000,-4.382252
4.647000,-4.385399
4.648000,-4.388547
4.649000,-4.391697
4.650000,-4.394849
4.651000,-4.398003
4.652000,-4.401158
4.653000,-4.404315
4.654000,-4.407474
4.655000,-4.410635
4.656000,-4.413797
4.657000,-4.416961
4.658000,-4.420127
4.659000,-4.423295
4.660000,-4.426464
4.661000,-4.429635
4.662000,-4.432808
4.663000,-4.435982
4.664000,-4.439159
4.665000,-4.442337
4.666000,-4.445516
4.667000,-4.448698
4.668000,-4.451881
4.669000,-4.455066
4.670000,-4.458253
4.671000,-4.461441
4.672000,-4.464631
4.673000,-4.467823
4.674000,-4.471017
4.675000,-4.474212
4.676000,-4.477410
4.677000,-4.480608
4.678000,-4.483809
4.679000,-4.487011
4.680000,-4.490216
4.681000,-4.493421
4.682000,-4.496629
4.683000,-4.499838
4.684000,-4.503050
4.685000,-4.506262
4.686000,-4.509477
4.687000,-4.512693
4.688000,-4.515911
4.689000,-4.519131
4.690000,-4.522353
4.691000,-4.525576
4.692000,-4.528801
4.693000,-4.532028
4.694000,-4.535257
4.695000,-4.538487
4.696000,-4.541720
4.697000,-4.544954
4.698000,-4.548191
4.699000,-4.551430
4.700000,-4.554672
4.701000,-4.557917
4.702000,-4.561164
4.703000,-4.564416
4.704000,-4.567671
4.705000,-4.570929
4.706000,-4.574193
4.707000,-4.577460
4.708000,-4.580732
4.709000,-4.584008
4.710000,-4.587289
4.711000,-4.590575
4.712000,-4.593866
4.713000,-4.597161
4.714000,-4.600462
4.715000,-4.603766
4.716000,-4.607076
4.717000,-4.610389
4.718000,-4.613707
4.719000,-4.617030
4.720000,-4.620356
4.721000,-4.623687
4.722000,-4.627022
4.723000,-4.630361
4.724000,-4.633704
4.725000,-4.637052
4.726000,-4.640403
4.727000,-4.643758
4.728000,-4.647116
4.729000,-4.650479
4.730000,-4.653846
4.731000,-4.657216
4.732000,-4.660590
4.733000,-4.663968
4.734000,-4.667350
4.735000,-4.670735
4.736000,-4.674124
4.737000,-4.677516
4.738000,-4.680912
4.739000,-4.684312
4.740000,-4.687715
4.741000,-4.691122
4.742000,-4.694533
4.743000,-4.697947
4.744000,-4.701364
4.745000,-4.704785
4.746000,-4.708210
4.747000,-4.711638
4.748000,-4.715070
4.749000,-4.718505
4.750000,-4.721943
4.751000,-4.725385
4.752000,-4.728831
4.753000,-4.732279
4.754000,-4.735732
4.755000,-4.739188
4.756000,-4.742647
4.757000,-4.746110
4.758000,-4.749576
4.759000,-4.753045
4.760000,-4.756518
4.761000,-4.759995
4.762000,-4.763475
4.763000,-4.766958
4.764000,-4.770445
4.765000,-4.773935
4.766000,-4.777429
4.767000,-4.780926
4.768000,-4.784427
4.769000,-4.787931
4.770000,-4.791438
4.771000,-4.794949
4.772000,-4.798463
4.773000,-4.801981
4.774000,-4.805503
4.775000,-4.809027
4.776000,-4.812556
4.777000,-4.816088
4.778000,-4.819623
4.779000,-4.823162
4.780000,-4.826704
4.781000,-4.830250
4.782000,-4.833799
4.783000,-4.837352
4.784000,-4.840908
4.785000,-4.844468
4.786000,-4.848032
4.787000,-4.851599
4.788000,-4.855169
4.789000,-4.858744
4.790000,-4.862322
4.791000,-4.865903
4.792000,-4.869488
4.793000,-4.873077
4.794000,-4.876669
4.795000,-4.880265
4.796000,-4.883864
4.797000,-4.887468
4.798000,-4.891075
4.799000,-4.894685
4.800000,-4.898299
4.801000,-4.901917
4.802000,-4.905539
4.803000,-4.909165
4.804000,-4.912794
4.805000,-4.916427
4.806000,-4.920064
4.807000,-4.923704
4.808000,-4.927349
4.809000,-4.930997
4.810000,-4.934649
4.811000,-4.938305
4.812000,-4.941964
4.813000,-4.945628
4.814000,-4.949295
4.815000,-4.952967
4.816000,-4.956642
4.817000,-4.960321
4.818000,-4.964004
4.819000,-4.967691
4.820000,-4.971383
4.821000,-4.975078
4.822000,-4.978777
4.823000,-4.982480
4.824000,-4.986187
4.825000,-4.989898
4.826000,-4.993614
4.827000,-4.997333
4.828000,-5.001057
4.829000,-5.004784
4.830000,-5.008516
4.831000,-5.012252
4.832000,-5.015992
4.833000,-5.019737
4.834000,-5.023485
4.835000,-5.027238
4.836000,-5.030995
4.837000,-5.034757
4.838000,-5.038522
4.839000,-5.042292
4.840000,-5.046067
4.841000,-5.049845
4.842000,-5.053628
4.843000,-5.057416
4.844000,-5.061208
4.845000,-5.065004
4.846000,-5.068805
4.847000,-5.072610
4.848000,-5.076420
4.849000,-5.080234
4.850000,-5.084053
4.851000,-5.087876
4.852000,-5.091704
4.853000,-5.095537
4.854000,-5.099374
4.855000,-5.103216
4.856000,-5.107063
4.857000,-5.110914
4.858000,-5.114770
4.859000,-5.118631
4.860000,-5.122496
4.861000,-5.126366
4.862000,-5.130241
4.863000,-5.134121
4.864000,-5.138006
4.865000,-5.141896
4.866000,-5.145791
4.867000,-5.149690
4.868000,-5.153595
4.869000,-5.157504
4.870000,-5.161419
4.871000,-5.165338
4.872000,-5.169263
4.873000,-5.173193
4.874000,-5.177128
4.875000,-5.181068
4.876000,-5.185013
4.877000,-5.188963
4.878000,-5.192919
4.879000,-5.196880
4.880000,-5.200846
4.881000,-5.204818
4.882000,-5.208794
4.883000,-5.212777
4.884000,-5.216764
4.885000,-5.220757
4.886000,-5.224756
4.887000,-5.228760
4.888000,-5.232769
4.889000,-5.236784
4.890000,-5.240805
4.891000,-5.244831
4.892000,-5.248863
4.893000,-5.252900
4.894000,-5.256944
4.895000,-5.260993
4.896000,-5.265047
4.897000,-5.269108
4.898000,-5.273174
4.899000,-5.277246
4.900000,-5.281324
4.901000,-5.285408
4.902000,-5.289498
4.903000,-5.293594
4.904000,-5.297696
4.905000,-5.301804
4.906000,-5.305918
4.907000,-5.310038
4.908000,-5.314165
4.909000,-5.318297
4.910000,-5.322436
4.911000,-5.326581
4.912000,-5.330732
4.913000,-5.334890
4.914000,-5.339054
4.915000,-5.343225
4.916000,-5.347402
4.917000,-5.351585
4.918000,-5.355775
4.919000,-5.359971
4.920000,-5.364174
4.921000,-5.368384
4.922000,-5.372600
4.923000,-5.376823
4.924000,-5.381053
4.925000,-5.385290
4.926000,-5.389533
4.927000,-5.393784
4.928000,-5.398041
4.929000,-5.402305
4.930000,-5.406576
4.931000,-5.410854
4.932000,-5.415139
4.933000,-5.419432
4.934000,-5.423731
4.935000,-5.428038
4.936000,-5.432352
4.937000,-5.436673
4.938000,-5.441002
4.939000,-5.445338
4.940000,-5.449681
4.941000,-5.454032
4.942000,-5.458390
4.943000,-5.462756
4.944000,-5.467130
4.945000,-5.471511
4.946000,-5.475899
4.947000,-5.480296
4.948000,-5.484700
4.949000,-5.489112
4.950000,-5.493532
4.951000,-5.497960
4.952000,-5.502396
4.953000,-5.506840
4.954000,-5.511292
4.955000,-5.515752
4.956000,-5.520221
4.957000,-5.524697
4.958000,-5.529182
4.959000,-5.533675
4.960000,-5.538177
4.961000,-5.542686
4.962000,-5.547205
4.963000,-5.551732
4.964000,-5.556267
4.965000,-5.560811
4.966000,-5.565364
4.967000,-5.569926
4.968000,-5.574496
4.969000,-5.579075
4.970000,-5.583663
4.971000,-5.588260
4.972000,-5.592866
4.973000,-5.597482
4.974000,-5.602106
4.975000,-5.606739
4.976000,-5.611382
4.977000,-5.616034
4.978000,-5.620696
4.979000,-5.625366
4.980000,-5.630047
4.981000,-5.634736
4.982000,-5.639436
4.983000,-5.644145
4.984000,-5.648864
4.985000,-5.653592
4.986000,-5.658331
4.987000,-5.663079
4.988000,-5.667838
4.989000,-5.672606
4.990000,-5.677385
4.991000,-5.682173
4.992000,-5.686972
4.993000,-5.691781
4.994000,-5.696601
4.995000,-5.701431
4.996000,-5.706271
4.997000,-5.711122
4.998000,-5.715984
4.999000,-5.720856
5.000000,-5.725740
5.001000,-5.730634
5.002000,-5.735538
5.003000,-5.740454
5.004000,-5.745381
5.005000,-5.750319
5.006000,-5.755269
5.007000,-5.760229
5.008000,-5.765201
5.009000,-5.770184
5.010000,-5.775179
5.011000,-5.780185
5.012000,-5.785203
5.013000,-5.790233
5.014000,-5.795274
5.015000,-5.800328
5.016000,-5.805393
5.017000,-5.810470
5.018000,-5.815560
5.019000,-5.820661
5.020000,-5.825775
5.021000,-5.830901
5.022000,-5.836040
5.023000,-5.841191
5.024000,-5.846355
5.025000,-5.851531
5.026000,-5.856720
5.027000,-5.861922
5.028000,-5.867137
5.029000,-5.872365
5.030000,-5.877606
5.031000,-5.882860
5.032000,-5.888128
5.033000,-5.893408
5.034000,-5.898703
5.035000,-5.904011
5.036000,-5.909332
5.037000,-5.914667
5.038000,-5.920016
5.039000,-5.925379
5.040000,-5.930755
5.041000,-5.936146
5.042000,-5.941551
5.043000,-5.946971
5.044000,-5.952404
5.045000,-5.957852
5.046000,-5.963315
5.047000,-5.968792
5.048000,-5.974284
5.049000,-5.979791
5.050000,-5.985313
5.051000,-5.990850
5.052000,-5.996402
5.053000,-6.001969
5.054000,-6.007552
5.055000,-6.013150
5.056000,-6.018763
5.057000,-6.024393
5.058000,-6.030038
5.059000,-6.035699
5.060000,-6.041375
5.061000,-6.047068
5.062000,-6.052777
5.063000,-6.058503
5.064000,-6.064245
5.065000,-6.070003
5.066000,-6.075778
5.067000,-6.081570
5.068000,-6.087378
5.069000,-6.093204
5.070000,-6.099046
5.071000,-6.104906
5.072000,-6.110783
5.073000,-6.116677
5.074000,-6.122589
5.075000,-6.128519
5.076000,-6.134466
5.077000,-6.140432
5.078000,-6.146415
5.079000,-6.152417
5.080000,-6.158436
5.081000,-6.164474
5.082000,-6.170531
5.083000,-6.176606
5.084000,-6.182700
5.085000,-6.188813
5.086000,-6.194945
5.087000,-6.201096
5.088000,-6.207266
5.089000,-6.213456
5.090000,-6.219665
5.091000,-6.225894
5.092000,-6.232142
5.093000,-6.238411
5.094000,-6.244699
5.095000,-6.251008
5.096000,-6.257337
5.097000,-6.263687
5.098000,-6.270057
5.099000,-6.276448
5.100000,-6.282859
5.101000,-6.289292
5.102000,-6.295746
5.103000,-6.302221
5.104000,-6.308718
5.105000,-6.315236
5.106000,-6.321776
5.107000,-6.328338
5.108000,-6.334921
5.109000,-6.341527
5.110000,-6.348156
5.111000,-6.354807
5.112000,-6.361480
5.113000,-6.368176
5.114000,-6.374895
5.115000,-6.381637
5.116000,-6.388403
5.117000,-6.395191
5.118000,-6.402004
5.119000,-6.408840
5.120000,-6.415700
5.121000,-6.422584
5.122000,-6.429492
5.123000,-6.436424
5.124000,-6.443381
5.125000,-6.450363
5.126000,-6.457369
5.127000,-6.464401
5.128000,-6.471457
5.129000,-6.478539
5.130000,-6.485647
5.131000,-6.492780
5.132000,-6.499939
5.133000,-6.507124
5.134000,-6.514335
5.135000,-6.521573
5.136000,-6.528837
5.137000,-6.536128
5.138000,-6.543446
5.139000,-6.550791
5.140000,-6.558163
5.141000,-6.565562
5.142000,-6.572990
5.143000,-6.580445
5.144000,-6.587928
5.145000,-6.595439
5.146000,-6.602978
5.147000,-6.610547
5.148000,-6.618143
5.149000,-6.625769
5.150000,-6.633424
5.151000,-6.641108
5.152000,-6.648822
5.153000,-6.656566
5.154000,-6.664339
5.155000,-6.672143
5.156000,-6.679976
5.157000,-6.687841
5.158000,-6.695736
5.159000,-6.703662
5.160000,-6.711619
5.161000,-6.719607
5.162000,-6.727627
5.163000,-6.735679
5.164000,-6.743762
5.165000,-6.751878
5.166000,-6.760026
5.167000,-6.768207
5.168000,-6.776420
5.169000,-6.784666
5.170000,-6.792946
5.171000,-6.801259
5.172000,-6.809606
5.173000,-6.817987
5.174000,-6.826401
5.175000,-6.834850
5.176000,-6.843334
5.177000,-6.851852
5.178000,-6.860406
5.179000,-6.868994
5.180000,-6.877618
5.181000,-6.886278
5.182000,-6.894973
5.183000,-6.903705
5.184000,-6.912473
5.185000,-6.921278
5.186000,-6.930119
5.187000,-6.938998
5.188000,-6.947914
5.189000,-6.956868
5.190000,-6.965859
5.191000,-6.974888
5.192000,-6.983956
5.193000,-6.993062
5.194000,-7.002207
5.195000,-7.011391
5.196000,-7.020614
5.197000,-7.029877
5.198000,-7.039180
5.199000,-7.048523
5.200000,-7.057906
5.201000,-7.067329
5.202000,-7.076794
5.203000,-7.086299
5.204000,-7.095846
5.205000,-7.105434
5.206000,-7.115064
5.207000,-7.124736
5.208000,-7.134451
5.209000,-7.144208
5.210000,-7.154009
5.211000,-7.163852
5.212000,-7.173739
5.213000,-7.183670
5.214000,-7.193644
5.215000,-7.203663
5.216000,-7.213727
5.217000,-7.223835
5.218000,-7.233989
5.219000,-7.244187
5.220000,-7.254432
5.221000,-7.264722
5.222000,-7.275059
5.223000,-7.285442
5.224000,-7.295872
5.225000,-7.306350
5.226000,-7.316874
5.227000,-7.327447
5.228000,-7.338067
5.229000,-7.348735
5.230000,-7.359452
5.231000,-7.370218
5.232000,-7.381034
5.233000,-7.391898
5.234000,-7.402813
5.235000,-7.413777
5.236000,-7.424792
5.237000,-7.435857
5.238000,-7.446974
5.239000,-7.458142
5.240000,-7.469361
5.241000,-7.480632
5.242000,-7.491956
5.243000,-7.503332
5.244000,-7.514761
5.245000,-7.526243
5.246000,-7.537779
5.247000,-7.549368
5.248000,-7.561012
5.249000,-7.572710
5.250000,-7.584462
5.251000,-7.596270
5.252000,-7.608133
5.253000,-7.620052
5.254000,-7.632027
5.255000,-7.644059
5.256000,-7.656147
5.257000,-7.668292
5.258000,-7.680495
5.259000,-7.692755
5.260000,-7.705074
5.261000,-7.717450
5.262000,-7.729886
5.263000,-7.742381
5.264000,-7.754935
5.265000,-7.767548
5.266000,-7.780222
5.267000,-7.792957
5.268000,-7.805752
5.269000,-7.818608
5.270000,-7.831526
5.271000,-7.844505
5.272000,-7.857547
5.273000,-7.870651
5.274000,-7.883818
5.275000,-7.897049
5.276000,-7.910343
5.277000,-7.923701
5.278000,-7.937123
5.279000,-7.950610
5.280000,-7.964161
5.281000,-7.977779
5.282000,-7.991462
5.283000,-8.005211
5.284000,-8.019026
5.285000,-8.032909
5.286000,-8.046858
5.287000,-8.060875
5.288000,-8.074960
5.289000,-8.089114
5.290000,-8.103335
5.291000,-8.117626
5.292000,-8.131987
5.293000,-8.146417
5.294000,-8.160917
5.295000,-8.175488
5.296000,-8.190130
5.297000,-8.204843
5.298000,-8.219628
5.299000,-8.234484
5.300000,-8.249413
5.301000,-8.264415
5.302000,-8.279490
5.303000,-8.294639
5.304000,-8.309861
5.305000,-8.325158
5.306000,-8.340530
5.307000,-8.355976
5.308000,-8.371498
5.309000,-8.387096
5.310000,-8.402771
5.311000,-8.418521
5.312000,-8.434349
5.313000,-8.450254
5.314000,-8.466237
5.315000,-8.482298
5.316000,-8.498438
5.317000,-8.514657
5.318000,-8.530955
5.319000,-8.547333
5.320000,-8.563790
5.321000,-8.580329
5.322000,-8.596948
5.323000,-8.613649
5.324000,-8.630431
5.325000,-8.647296
5.326000,-8.664243
5.327000,-8.681273
5.328000,-8.698386
5.329000,-8.715583
5.330000,-8.732864
5.331000,-8.750229
5.332000,-8.767680
5.333000,-8.785215
5.334000,-8.802837
5.335000,-8.820544
5.336000,-8.838338
5.337000,-8.856219
5.338000,-8.874187
5.339000,-8.892242
5.340000,-8.910386
5.341000,-8.928618
5.342000,-8.946939
5.343000,-8.965350
5.344000,-8.983850
5.345000,-9.002440
5.346000,-9.021120
5.347000,-9.039892
5.348000,-9.058755
5.349000,-9.077709
5.350000,-9.096756
5.351000,-9.115895
5.352000,-9.135126
5.353000,-9.154451
5.354000,-9.173870
5.355000,-9.193383
5.356000,-9.212990
5.357000,-9.232692
5.358000,-9.252490
5.359000,-9.272383
5.360000,-9.292372
5.361000,-9.312457
5.362000,-9.332640
5.363000,-9.352919
5.364000,-9.373297
5.365000,-9.393772
5.366000,-9.414346
5.367000,-9.435018
5.368000,-9.455790
5.369000,-9.476661
5.370000,-9.497633
5.371000,-9.518704
5.372000,-9.539877
5.373000,-9.561151
5.374000,-9.582526
5.375000,-9.604003
5.376000,-9.625582
5.377000,-9.647264
5.378000,-9.669050
5.379000,-9.690938
5.380000,-9.712931
5.381000,-9.735028
5.382000,-9.757229
5.383000,-9.779535
5.384000,-9.801947
5.385000,-9.824465
5.386000,-9.847088
5.387000,-9.869819
5.388000,-9.892656
5.389000,-9.915600
5.390000,-9.938652
5.391000,-9.961812
5.392000,-9.985080
5.393000,-10.008457
5.394000,-10.031943
5.395000,-10.055539
5.396000,-10.079244
5.397000,-10.103060
5.398000,-10.126986
5.399000,-10.151023
5.400000,-10.175171
5.401000,-10.199431
5.402000,-10.223803
5.403000,-10.248287
5.404000,-10.272884
5.405000,-10.297594
5.406000,-10.322417
5.407000,-10.347354
5.408000,-10.372405
5.409000,-10.397571
5.410000,-10.422851
5.411000,-10.448246
5.412000,-10.473757
5.413000,-10.499383
5.414000,-10.525125
5.415000,-10.550984
5.416000,-10.576960
5.417000,-10.603052
5.418000,-10.629262
5.419000,-10.655590
5.420000,-10.682035
5.421000,-10.708599
5.422000,-10.735282
5.423000,-10.762083
5.424000,-10.789004
5.425000,-10.816044
5.426000,-10.843204
5.427000,-10.870485
5.428000,-10.897886
5.429000,-10.925407
5.430000,-10.953050
5.431000,-10.980814
5.432000,-11.008699
5.433000,-11.036707
5.434000,-11.064836
5.435000,-11.093088
5.436000,-11.121463
5.437000,-11.149961
5.438000,-11.178582
5.439000,-11.207327
5.440000,-11.236196
5.441000,-11.265188
5.442000,-11.294305
5.443000,-11.323547
5.444000,-11.352913
5.445000,-11.382405
5.446000,-11.412022
5.447000,-11.441764
5.448000,-11.471633
5.449000,-11.501627
5.450000,-11.531748
5.451000,-11.561995
5.452000,-11.592370
5.453000,-11.622871
5.454000,-11.653499
5.455000,-11.684255
5.456000,-11.715138
5.457000,-11.746150
5.458000,-11.777289
5.459000,-11.808557
5.460000,-11.839953
5.461000,-11.871478
5.462000,-11.903132
5.463000,-11.934915
5.464000,-11.966827
5.465000,-11.998868
5.466000,-12.031039
5.467000,-12.063341
5.468000,-12.095772
5.469000,-12.128333
5.470000,-12.161024
5.471000,-12.193846
5.472000,-12.226799
5.473000,-12.259882
5.474000,-12.293097
5.475000,-12.326442
5.476000,-12.359919
5.477000,-12.393527
5.478000,-12.427266
5.479000,-12.461138
5.480000,-12.495141
5.481000,-12.529276
5.482000,-12.563543
5.483000,-12.597942
5.484000,-12.632473
5.485000,-12.667137
5.486000,-12.701933
5.487000,-12.736862
5.488000,-12.771924
5.489000,-12.807118
5.490000,-12.842445
5.491000,-12.877905
5.492000,-12.913499
5.493000,-12.949225
5.494000,-12.985084
5.495000,-13.021077
5.496000,-13.057203
5.497000,-13.093462
5.498000,-13.129855
5.499000,-13.166382
5.500000,-13.203042
5.501000,-13.239835
5.502000,-13.276762
5.503000,-13.313823
5.504000,-13.351018
5.505000,-13.388346
5.506000,-13.425808
5.507000,-13.463404
5.508000,-13.501134
5.509000,-13.538997
5.510000,-13.576994
5.511000,-13.615126
5.512000,-13.653391
5.513000,-13.691790
5.514000,-13.730322
5.515000,-13.768989
5.516000,-13.807789
5.517000,-13.846723
5.518000,-13.885791
5.519000,-13.924993
5.520000,-13.964328
5.521000,-14.003797
5.522000,-14.043400
5.523000,-14.083136
5.524000,-14.123005
5.525000,-14.163009
5.526000,-14.203145
5.527000,-14.243415
5.528000,-14.283819
5.529000,-14.324355
5.530000,-14.365025
5.531000,-14.405828
5.532000,-14.446764
5.533000,-14.487833
5.534000,-14.529034
5.535000,-14.570369
5.536000,-14.611836
5.537000,-14.653435
5.538000,-14.695167
5.539000,-14.737032
5.540000,-14.779029
5.541000,-14.821157
5.542000,-14.863418
5.543000,-14.905811
5.544000,-14.948335
5.545000,-14.990991
5.546000,-15.033779
5.547000,-15.076698
5.548000,-15.119748
5.549000,-15.162929
5.550000,-15.206241
5.551000,-15.249684
5.552000,-15.293258
5.553000,-15.336962
5.554000,-15.380796
5.555000,-15.424760
5.556000,-15.468854
5.557000,-15.513078
5.558000,-15.557432
5.559000,-15.601915
5.560000,-15.646527
5.561000,-15.691268
5.562000,-15.736138
5.563000,-15.781137
5.564000,-15.826264
5.565000,-15.871519
5.566000,-15.916903
5.567000,-15.962414
5.568000,-16.008053
5.569000,-16.053819
5.570000,-16.099713
5.571000,-16.145733
5.572000,-16.191880
5.573000,-16.238154
5.574000,-16.284553
5.575000,-16.331079
5.576000,-16.377731
5.577000,-16.424508
5.578000,-16.471410
5.579000,-16.518438
5.580000,-16.565590
5.581000,-16.612867
5.582000,-16.660268
5.583000,-16.707793
5.584000,-16.755442
5.585000,-16.803214
5.586000,-16.851109
5.587000,-16.899128
5.588000,-16.947269
5.589000,-16.995532
5.590000,-17.043918
5.591000,-17.092425
5.592000,-17.141054
5.593000,-17.189804
5.594000,-17.238675
5.595000,-17.287667
5.596000,-17.336779
5.597000,-17.386011
5.598000,-17.435363
5.599000,-17.484835
5.600000,-17.534425
5.601000,-17.584134
5.602000,-17.633962
5.603000,-17.683908
5.604000,-17.733972
5.605000,-17.784153
5.606000,-17.834452
5.607000,-17.884868
5.608000,-17.935400
5.609000,-17.986049
5.610000,-18.036813
5.611000,-18.087693
5.612000,-18.138688
5.613000,-18.189798
5.614000,-18.241023
5.615000,-18.292362
5.616000,-18.343815
5.617000,-18.395382
5.618000,-18.447061
5.619000,-18.498854
5.620000,-18.550759
5.621000,-18.602776
5.622000,-18.654905
5.623000,-18.707146
5.624000,-18.759497
5.625000,-18.811960
5.626000,-18.864532
5.627000,-18.917215
5.628000,-18.970007
5.629000,-19.022909
5.630000,-19.075920
5.631000,-19.129039
5.632000,-19.182266
5.633000,-19.235601
5.634000,-19.289044
5.635000,-19.342593
5.636000,-19.396249
5.637000,-19.450012
5.638000,-19.503880
5.639000,-19.557854
5.640000,-19.611934
5.641000,-19.666118
5.642000,-19.720406
5.643000,-19.774798
5.644000,-19.829294
5.645000,-19.883894
5.646000,-19.938596
5.647000,-19.993401
5.648000,-20.048307
5.649000,-20.103316
5.650000,-20.158426
5.651000,-20.213636
5.652000,-20.268947
5.653000,-20.324359
5.654000,-20.379870
5.655000,-20.435480
5.656000,-20.491190
5.657000,-20.546997
5.658000,-20.602904
5.659000,-20.658907
5.660000,-20.715009
5.661000,-20.771207
5.662000,-20.827501
5.663000,-20.883892
5.664000,-20.940379
5.665000,-20.996961
5.666000,-21.053638
5.667000,-21.110409
5.668000,-21.167275
5.669000,-21.224234
5.670000,-21.281287
5.671000,-21.338433
5.672000,-21.395671
5.673000,-21.453002
5.674000,-21.510424
5.675000,-21.567938
5.676000,-21.625542
5.677000,-21.683237
5.678000,-21.741023
5.679000,-21.798898
5.680000,-21.856862
5.681000,-21.914915
5.682000,-21.973057
5.683000,-22.031287
5.684000,-22.089604
5.685000,-22.148009
5.686000,-22.206501
5.687000,-22.265080
5.688000,-22.323744
5.689000,-22.382494
5.690000,-22.441330
5.691000,-22.500250
5.692000,-22.559255
5.693000,-22.618344
5.694000,-22.677517
5.695000,-22.736773
5.696000,-22.796112
5.697000,-22.855533
5.698000,-22.915037
5.699000,-22.974622
5.700000,-23.034289
5.701000,-23.094036
5.702000,-23.153864
5.703000,-23.213772
5.704000,-23.273760
5.705000,-23.333827
5.706000,-23.393973
5.707000,-23.454197
5.708000,-23.514500
5.709000,-23.574880
5.710000,-23.635338
5.711000,-23.695872
5.712000,-23.756484
5.713000,-23.817171
5.714000,-23.877934
5.715000,-23.938773
5.716000,-23.999686
5.717000,-24.060674
5.718000,-24.121737
5.719000,-24.182873
5.720000,-24.244082
5.721000,-24.305365
5.722000,-24.366720
5.723000,-24.428148
5.724000,-24.489648
5.725000,-24.551219
5.726000,-24.612861
5.727000,-24.674574
5.728000,-24.736357
5.729000,-24.798210
5.730000,-24.860133
5.731000,-24.922125
5.732000,-24.984187
5.733000,-25.046316
5.734000,-25.108514
5.735000,-25.170779
5.736000,-25.233112
5.737000,-25.295512
5.738000,-25.357978
5.739000,-25.420511
5.740000,-25.483109
5.741000,-25.545774
5.742000,-25.608503
5.743000,-25.671297
5.744000,-25.734155
5.745000,-25.797078
5.746000,-25.860064
5.747000,-25.923114
5.748000,-25.986227
5.749000,-26.049402
5.750000,-26.112639
5.751000,-26.175939
5.752000,-26.239300
5.753000,-26.302722
5.754000,-26.366205
5.755000,-26.429749
5.756000,-26.493353
5.757000,-26.557016
5.758000,-26.620739
5.759000,-26.684521
5.760000,-26.748362
5.761000,-26.812262
5.762000,-26.876219
5.763000,-26.940234
5.764000,-27.004307
5.765000,-27.068436
5.766000,-27.132623
5.767000,-27.196866
5.768000,-27.261164
5.769000,-27.325519
5.770000,-27.389929
5.771000,-27.454394
5.772000,-27.518913
5.773000,-27.583487
5.774000,-27.648115
5.775000,-27.712797
5.776000,-27.777533
5.777000,-27.842321
5.778000,-27.907162
5.779000,-27.972056
5.780000,-28.037002
5.781000,-28.101999
5.782000,-28.167048
5.783000,-28.232148
5.784000,-28.297299
5.785000,-28.362501
5.786000,-28.427753
5.787000,-28.493055
5.788000,-28.558406
5.789000,-28.623807
5.790000,-28.689257
5.791000,-28.754755
5.792000,-28.820302
5.793000,-28.885897
5.794000,-28.951540
5.795000,-29.017230
5.796000,-29.082968
5.797000,-29.148752
5.798000,-29.214583
5.799000,-29.280460
5.800000,-29.346384
5.801000,-29.412353
5.802000,-29.478367
5.803000,-29.544427
5.804000,-29.610531
5.805000,-29.676680
5.806000,-29.742874
5.807000,-29.809111
5.808000,-29.875392
5.809000,-29.941717
5.810000,-30.008084
5.811000,-30.074495
5.812000,-30.140948
5.813000,-30.207444
5.814000,-30.273982
5.815000,-30.340561
5.816000,-30.407182
5.817000,-30.473844
5.818000,-30.540547
5.819000,-30.607291
5.820000,-30.674076
5.821000,-30.740900
5.822000,-30.807765
5.823000,-30.874669
5.824000,-30.941613
5.825000,-31.008595
5.826000,-31.075617
5.827000,-31.142677
5.828000,-31.209776
5.829000,-31.276912
5.830000,-31.344087
5.831000,-31.411299
5.832000,-31.478549
5.833000,-31.545836
5.834000,-31.613160
5.835000,-31.680520
5.836000,-31.747917
5.837000,-31.815349
5.838000,-31.882818
5.839000,-31.950323
5.840000,-32.017862
5.841000,-32.085437
5.842000,-32.153048
5.843000,-32.220692
5.844000,-32.288371
5.845000,-32.356085
5.846000,-32.423832
5.847000,-32.491614
5.848000,-32.559429
5.849000,-32.627277
5.850000,-32.695158
5.851000,-32.763072
5.852000,-32.831019
5.853000,-32.898999
5.854000,-32.967010
5.855000,-33.035054
5.856000,-33.103129
5.857000,-33.171236
5.858000,-33.239374
5.859000,-33.307543
5.860000,-33.375744
5.861000,-33.443975
5.862000,-33.512236
5.863000,-33.580528
5.864000,-33.648850
5.865000,-33.717202
5.866000,-33.785583
5.867000,-33.853994
5.868000,-33.922435
5.869000,-33.990904
5.870000,-34.059402
5.871000,-34.127929
5.872000,-34.196484
5.873000,-34.265068
5.874000,-34.333679
5.875000,-34.402319
5.876000,-34.470986
5.877000,-34.539681
5.878000,-34.608402
5.879000,-34.677151
5.880000,-34.745928
5.881000,-34.814730
5.882000,-34.883559
5.883000,-34.952415
5.884000,-35.021297
5.885000,-35.090205
5.886000,-35.159138
5.887000,-35.228097
5.888000,-35.297082
5.889000,-35.366092
5.890000,-35.435127
5.891000,-35.504187
5.892000,-35.573272
5.893000,-35.642381
5.894000,-35.711515
5.895000,-35.780672
5.896000,-35.849854
5.897000,-35.919060
5.898000,-35.988289
5.899000,-36.057542
5.900000,-36.126819
5.901000,-36.196118
5.902000,-36.265441
5.903000,-36.334786
5.904000,-36.404155
5.905000,-36.473545
5.906000,-36.542958
5.907000,-36.612394
5.908000,-36.681851
5.909000,-36.751331
5.910000,-36.820832
5.911000,-36.890354
5.912000,-36.959898
5.913000,-37.029464
5.914000,-37.099050
5.915000,-37.168658
5.916000,-37.238286
5.917000,-37.307935
5.918000,-37.377605
5.919000,-37.447295
5.920000,-37.517005
5.921000,-37.586735
5.922000,-37.656486
5.923000,-37.726256
5.924000,-37.796046
5.925000,-37.865855
5.926000,-37.935683
5.927000,-38.005531
5.928000,-38.075398
5.929000,-38.145284
5.930000,-38.215189
5.931000,-38.285113
5.932000,-38.355055
5.933000,-38.425015
5.934000,-38.494994
5.935000,-38.564991
5.936000,-38.635006
5.937000,-38.705038
5.938000,-38.775089
5.939000,-38.845157
5.940000,-38.915243
5.941000,-38.985346
5.942000,-39.055466
5.943000,-39.125604
5.944000,-39.195758
5.945000,-39.265929
5.946000,-39.336117
5.947000,-39.406322
5.948000,-39.476543
5.949000,-39.546781
5.950000,-39.617035
5.951000,-39.687305
5.952000,-39.757591
5.953000,-39.827892
5.954000,-39.898210
5.955000,-39.968544
5.956000,-40.038892
5.957000,-40.109257
5.958000,-40.179636
5.959000,-40.250031
5.960000,-40.320441
5.961000,-40.390866
5.962000,-40.461306
5.963000,-40.531761
5.964000,-40.602230
5.965000,-40.672714
5.966000,-40.743213
5.967000,-40.813725
5.968000,-40.884252
5.969000,-40.954793
5.970000,-41.025348
5.971000,-41.095917
5.972000,-41.166500
5.973000,-41.237097
5.974000,-41.307707
5.975000,-41.378330
5.976000,-41.448968
5.977000,-41.519618
5.978000,-41.590282
5.979000,-41.660958
5.980000,-41.731648
5.981000,-41.802351
5.982000,-41.873066
5.983000,-41.943794
5.984000,-42.014535
5.985000,-42.085288
5.986000,-42.156054
5.987000,-42.226832
5.988000,-42.297623
5.989000,-42.368425
5.990000,-42.439240
5.991000,-42.510067
5.992000,-42.580905
5.993000,-42.651756
5.994000,-42.722618
5.995000,-42.793491
5.996000,-42.864377
5.997000,-42.935273
5.998000,-43.006181
5.999000,-43.077101
6.000000,-43.148031
6.001000,-43.218973
6.002000,-43.289925
6.003000,-43.360889
6.004000,-43.431864
6.005000,-43.502849
6.006000,-43.573845
6.007000,-43.644851
6.008000,-43.715869
6.009000,-43.786896
6.010000,-43.857934
6.011000,-43.928983
6.012000,-44.000041
6.013000,-44.071110
6.014000,-44.142189
6.015000,-44.213277
6.016000,-44.284376
6.017000,-44.355485
6.018000,-44.426603
6.019000,-44.497731
6.020000,-44.568868
6.021000,-44.640016
6.022000,-44.711172
6.023000,-44.782338
6.024000,-44.853514
6.025000,-44.924698
6.026000,-44.995892
6.027000,-45.067095
6.028000,-45.138307
6.029000,-45.209528
6.030000,-45.280758
6.031000,-45.351997
6.032000,-45.423245
6.033000,-45.494501
6.034000,-45.565766
6.035000,-45.637039
6.036000,-45.708321
6.037000,-45.779612
6.038000,-45.850911
6.039000,-45.922218
6.040000,-45.993533
6.041000,-46.064857
6.042000,-46.136189
6.043000,-46.207529
6.044000,-46.278877
6.045000,-46.350232
6.046000,-46.421596
6.047000,-46.492968
6.048000,-46.564347
6.049000,-46.635734
6.050000,-46.707129
6.051000,-46.778531
6.052000,-46.849941
6.053000,-46.921359
6.054000,-46.992784
6.055000,-47.064216
6.056000,-47.135656
6.057000,-47.207104
6.058000,-47.278559
6.059000,-47.350022
6.060000,-47.421491
6.061000,-47.492968
6.062000,-47.564453
6.063000,-47.635944
6.064000,-47.707443
6.065000,-47.778948
6.066000,-47.850461
6.067000,-47.921980
6.068000,-47.993506
6.069000,-48.065039
6.070000,-48.136578
6.071000,-48.208124
6.072000,-48.279677
6.073000,-48.351236
6.074000,-48.422801
6.075000,-48.494373
6.076000,-48.565951
6.077000,-48.637535
6.078000,-48.709126
6.079000,-48.780723
6.080000,-48.852325
6.081000,-48.923934
6.082000,-48.995549
6.083000,-49.067170
6.084000,-49.138797
6.085000,-49.210429
6.086000,-49.282068
6.087000,-49.353712
6.088000,-49.425362
6.089000,-49.497017
6.090000,-49.568679
6.091000,-49.640345
6.092000,-49.712018
6.093000,-49.783695
6.094000,-49.855379
6.095000,-49.927067
6.096000,-49.998761
6.097000,-50.070461
6.098000,-50.142165
6.099000,-50.213875
6.100000,-50.285590
6.101000,-50.357310
6.102000,-50.429035
6.103000,-50.500766
6.104000,-50.572501
6.105000,-50.644242
6.106000,-50.715987
6.107000,-50.787737
6.108000,-50.859492
6.109000,-50.931252
6.110000,-51.003017
6.111000,-51.074787
6.112000,-51.146561
6.113000,-51.218340
6.114000,-51.290123
6.115000,-51.361912
6.116000,-51.433704
6.117000,-51.505502
6.118000,-51.577304
6.119000,-51.649110
6.120000,-51.720921
6.121000,-51.792736
6.122000,-51.864555
6.123000,-51.936379
6.124000,-52.008207
6.125000,-52.080040
6.126000,-52.151876
6.127000,-52.223717
6.128000,-52.295562
6.129000,-52.367411
6.130000,-52.439264
6.131000,-52.511122
6.132000,-52.582983
6.133000,-52.654848
6.134000,-52.726718
6.135000,-52.798586
6.136000,-52.870422
6.137000,-52.942185
6.138000,-53.013837
6.139000,-53.085345
6.140000,-53.156680
6.141000,-53.227814
6.142000,-53.298724
6.143000,-53.369385
6.144000,-53.439780
6.145000,-53.509893
6.146000,-53.579743
6.147000,-53.649359
6.148000,-53.718767
6.149000,-53.787990
6.150000,-53.857049
6.151000,-53.925961
6.152000,-53.994744
6.153000,-54.063411
6.154000,-54.131976
6.155000,-54.200450
6.156000,-54.268844
6.157000,-54.337166
6.158000,-54.405425
6.159000,-54.473628
6.160000,-54.541782
6.161000,-54.609892
6.162000,-54.677963
6.163000,-54.746001
6.164000,-54.814009
6.165000,-54.881990
6.166000,-54.949948
6.167000,-55.017886
6.168000,-55.085806
6.169000,-55.153711
6.170000,-55.221602
6.171000,-55.289482
6.172000,-55.357351
6.173000,-55.425212
6.174000,-55.493065
6.175000,-55.560912
6.176000,-55.628753
6.177000,-55.696590
6.178000,-55.764424
6.179000,-55.832254
6.180000,-55.900082
6.181000,-55.967907
6.182000,-56.035732
6.183000,-56.103555
6.184000,-56.171377
6.185000,-56.239200
6.186000,-56.307022
6.187000,-56.374844
6.188000,-56.442667
6.189000,-56.510491
6.190000,-56.578315
6.191000,-56.646140
6.192000,-56.713966
6.193000,-56.781793
6.194000,-56.849622
6.195000,-56.917452
6.196000,-56.985284
6.197000,-57.053116
6.198000,-57.120951
6.199000,-57.188787
6.200000,-57.256625
6.201000,-57.324464
6.202000,-57.392306
6.203000,-57.460148
6.204000,-57.527993
6.205000,-57.595840
6.206000,-57.663688
6.207000,-57.731538
6.208000,-57.799390
6.209000,-57.867243
6.210000,-57.935099
6.211000,-58.002956
6.212000,-58.070815
6.213000,-58.138676
6.214000,-58.206538
6.215000,-58.274402
6.216000,-58.342269
6.217000,-58.410137
6.218000,-58.478006
6.219000,-58.545878
6.220000,-58.613751
6.221000,-58.681626
6.222000,-58.749502
6.223000,-58.817381
6.224000,-58.885261
6.225000,-58.953143
6.226000,-59.021026
6.227000,-59.088911
6.228000,-59.156798
6.229000,-59.224686
6.230000,-59.292576
6.231000,-59.360468
6.232000,-59.428361
6.233000,-59.496256
6.234000,-59.564153
6.235000,-59.632051
6.236000,-59.699951
6.237000,-59.767852
6.238000,-59.835755
6.239000,-59.903659
6.240000,-59.971565
6.241000,-60.039470
6.242000,-60.107344
6.243000,-60.175138
6.244000,-60.242809
6.245000,-60.310318
6.246000,-60.377630
6.247000,-60.444714
6.248000,-60.511543
6.249000,-60.578091
6.250000,-60.644339
6.251000,-60.710267
6.252000,-60.775891
6.253000,-60.841248
6.254000,-60.906371
6.255000,-60.971287
6.256000,-61.036024
6.257000,-61.100602
6.258000,-61.165042
6.259000,-61.229361
6.260000,-61.293573
6.261000,-61.357693
6.262000,-61.421731
6.263000,-61.485698
6.264000,-61.549602
6.265000,-61.613452
6.266000,-61.677255
6.267000,-61.741015
6.268000,-61.804740
6.269000,-61.868433
6.270000,-61.932099
6.271000,-61.995740
6.272000,-62.059360
6.273000,-62.122963
6.274000,-62.186549
6.275000,-62.250122
6.276000,-62.313683
6.277000,-62.377233
6.278000,-62.440775
6.279000,-62.504309
6.280000,-62.567837
6.281000,-62.631359
6.282000,-62.694876
6.283000,-62.758389
6.284000,-62.821899
6.285000,-62.885405
6.286000,-62.948909
6.287000,-63.012412
6.288000,-63.075912
6.289000,-63.139411
6.290000,-63.202909
6.291000,-63.266407
6.292000,-63.329903
6.293000,-63.393400
6.294000,-63.456896
6.295000,-63.520391
6.296000,-63.583887
6.297000,-63.647383
6.298000,-63.710879
6.299000,-63.774375
6.300000,-63.837872
6.301000,-63.901369
6.302000,-63.964866
6.303000,-64.028364
6.304000,-64.091862
6.305000,-64.155361
6.306000,-64.218860
6.307000,-64.282360
6.308000,-64.345861
6.309000,-64.409362
6.310000,-64.472864
6.311000,-64.536366
6.312000,-64.599869
6.313000,-64.663373
6.314000,-64.726877
6.315000,-64.790382
6.316000,-64.853887
6.317000,-64.917394
6.318000,-64.980901
6.319000,-65.044408
6.320000,-65.107916
6.321000,-65.171425
6.322000,-65.234935
6.323000,-65.298445
6.324000,-65.361955
6.325000,-65.425467
6.326000,-65.488979
6.327000,-65.552492
6.328000,-65.616005
6.329000,-65.679519
6.330000,-65.743033
6.331000,-65.806548
6.332000,-65.870064
6.333000,-65.933581
6.334000,-65.997098
6.335000,-66.060615
6.336000,-66.124133
6.337000,-66.187652
6.338000,-66.251171
6.339000,-66.314691
6.340000,-66.378212
6.341000,-66.441733
6.342000,-66.505254
6.343000,-66.568776
6.344000,-66.632299
6.345000,-66.695822
6.346000,-66.759346
6.347000,-66.822870
6.348000,-66.886395
6.349000,-66.949921
6.350000,-67.013447
6.351000,-67.076973
6.352000,-67.140500
6.353000,-67.204027
6.354000,-67.267555
6.355000,-67.331084
6.356000,-67.394613
6.357000,-67.458142
6.358000,-67.521672
6.359000,-67.585203
6.360000,-67.648733
6.361000,-67.712265
6.362000,-67.775797
6.363000,-67.839329
6.364000,-67.902862
6.365000,-67.966395
6.366000,-68.029929
6.367000,-68.093463
6.368000,-68.156997
6.369000,-68.220532
6.370000,-68.284068
6.371000,-68.347604
6.372000,-68.411140
6.373000,-68.474677
6.374000,-68.538214
6.375000,-68.601751
6.376000,-68.665289
6.377000,-68.728828
6.378000,-68.792366
6.379000,-68.855906
6.380000,-68.919445
6.381000,-68.982985
6.382000,-69.046525
6.383000,-69.110066
6.384000,-69.173607
6.385000,-69.237149
6.386000,-69.300691
6.387000,-69.364210
6.388000,-69.427628
6.389000,-69.490869
6.390000,-69.553863
6.391000,-69.616554
6.392000,-69.678889
6.393000,-69.740827
6.394000,-69.802327
6.395000,-69.863357
6.396000,-69.923887
6.397000,-69.983917
6.398000,-70.043508
6.399000,-70.102723
6.400000,-70.161616
6.401000,-70.220235
6.402000,-70.278619
6.403000,-70.336802
6.404000,-70.394814
6.405000,-70.452679
6.406000,-70.510419
6.407000,-70.568051
6.408000,-70.625593
6.409000,-70.683057
6.410000,-70.740454
6.411000,-70.797794
6.412000,-70.855086
6.413000,-70.912337
6.414000,-70.969552
6.415000,-71.026738
6.416000,-71.083897
6.417000,-71.141036
6.418000,-71.198155
6.419000,-71.255259
6.420000,-71.312349
6.421000,-71.369428
6.422000,-71.426498
6.423000,-71.483559
6.424000,-71.540613
6.425000,-71.597661
6.426000,-71.654704
6.427000,-71.711743
6.428000,-71.768778
6.429000,-71.825811
6.430000,-71.882840
6.431000,-71.939868
6.432000,-71.996893
6.433000,-72.053918
6.434000,-72.110941
6.435000,-72.167962
6.436000,-72.224983
6.437000,-72.282003
6.438000,-72.339023
6.439000,-72.396042
6.440000,-72.453061
6.441000,-72.510079
6.442000,-72.567097
6.443000,-72.624115
6.444000,-72.681133
6.445000,-72.738151
6.446000,-72.795168
6.447000,-72.852186
6.448000,-72.909203
6.449000,-72.966221
6.450000,-73.023238
6.451000,-73.080256
6.452000,-73.137273
6.453000,-73.194291
6.454000,-73.251309
6.455000,-73.308326
6.456000,-73.365344
6.457000,-73.422362
6.458000,-73.479380
6.459000,-73.536398
6.460000,-73.593416
6.461000,-73.650434
6.462000,-73.707452
6.463000,-73.764470
6.464000,-73.821488
6.465000,-73.878507
6.466000,-73.935525
6.467000,-73.992544
6.468000,-74.049562
6.469000,-74.106581
6.470000,-74.163600
6.471000,-74.220619
6.472000,-74.277638
6.473000,-74.334657
6.474000,-74.391676
6.475000,-74.448695
6.476000,-74.505714
6.477000,-74.562733
6.478000,-74.619752
6.479000,-74.676771
6.480000,-74.733791
6.481000,-74.790810
6.482000,-74.847830
6.483000,-74.904849
6.484000,-74.961869
6.485000,-75.018888
6.486000,-75.075908
6.487000,-75.132928
6.488000,-75.189947
6.489000,-75.246967
6.490000,-75.303987
6.491000,-75.361007
6.492000,-75.418027
6.493000,-75.475046
6.494000,-75.532066
6.495000,-75.589086
6.496000,-75.646106
6.497000,-75.703126
6.498000,-75.760146
6.499000,-75.817166
6.500000,-75.874186
6.501000,-75.931207
6.502000,-75.988227
6.503000,-76.045247
6.504000,-76.102267
6.505000,-76.159287
6.506000,-76.216307
6.507000,-76.273328
6.508000,-76.330348
6.509000,-76.387368
6.510000,-76.444389
6.511000,-76.501409
6.512000,-76.558429
6.513000,-76.615449
6.514000,-76.672470
6.515000,-76.729490
6.516000,-76.786510
6.517000,-76.843531
6.518000,-76.900551
6.519000,-76.957571
6.520000,-77.014591
6.521000,-77.071612
6.522000,-77.128632
6.523000,-77.185652
6.524000,-77.242672
6.525000,-77.299693
6.526000,-77.356713
6.527000,-77.413733
6.528000,-77.470753
6.529000,-77.527773
6.530000,-77.584793
6.531000,-77.641782
6.532000,-77.698654
6.533000,-77.755329
6.534000,-77.811739
6.535000,-77.867827
6.536000,-77.923547
6.537000,-77.978858
6.538000,-78.033726
6.539000,-78.088124
6.540000,-78.142026
6.541000,-78.195445
6.542000,-78.248454
6.543000,-78.301125
6.544000,-78.353515
6.545000,-78.405673
6.546000,-78.457638
6.547000,-78.509443
6.548000,-78.561117
6.549000,-78.612682
6.550000,-78.664157
6.551000,-78.715556
6.552000,-78.766894
6.553000,-78.818182
6.554000,-78.869427
6.555000,-78.920637
6.556000,-78.971818
6.557000,-79.022975
6.558000,-79.074113
6.559000,-79.125235
6.560000,-79.176343
6.561000,-79.227440
6.562000,-79.278528
6.563000,-79.329608
6.564000,-79.380682
6.565000,-79.431751
6.566000,-79.482815
6.567000,-79.533876
6.568000,-79.584934
6.569000,-79.635990
6.570000,-79.687043
6.571000,-79.738095
6.572000,-79.789146
6.573000,-79.840195
6.574000,-79.891244
6.575000,-79.942291
6.576000,-79.993338
6.577000,-80.044384
6.578000,-80.095430
6.579000,-80.146475
6.580000,-80.197520
6.581000,-80.248565
6.582000,-80.299609
6.583000,-80.350653
6.584000,-80.401697
6.585000,-80.452741
6.586000,-80.503784
6.587000,-80.554827
6.588000,-80.605870
6.589000,-80.656913
6.590000,-80.707956
6.591000,-80.758999
6.592000,-80.810041
6.593000,-80.861083
6.594000,-80.912125
6.595000,-80.963168
6.596000,-81.014210
6.597000,-81.065251
6.598000,-81.116293
6.599000,-81.167334
6.600000,-81.218376
6.601000,-81.269417
6.602000,-81.320458
6.603000,-81.371499
6.604000,-81.422540
6.605000,-81.473581
6.606000,-81.524622
6.607000,-81.575662
6.608000,-81.626703
6.609000,-81.677743
6.610000,-81.728783
6.611000,-81.779816
6.612000,-81.830780
6.613000,-81.881597
6.614000,-81.932205
6.615000,-81.982551
6.616000,-82.032592
6.617000,-82.082292
6.618000,-82.131622
6.619000,-82.180559
6.620000,-82.229082
6.621000,-82.277181
6.622000,-82.324909
6.623000,-82.372334
6.624000,-82.419514
6.625000,-82.466495
6.626000,-82.513315
6.627000,-82.560004
6.628000,-82.606588
6.629000,-82.653085
6.630000,-82.699513
6.631000,-82.745885
6.632000,-82.792211
6.633000,-82.838500
6.634000,-82.884759
6.635000,-82.930994
6.636000,-82.977209
6.637000,-83.023409
6.638000,-83.069595
6.639000,-83.115772
6.640000,-83.161939
6.641000,-83.208100
6.642000,-83.254255
6.643000,-83.300406
6.644000,-83.346553
6.645000,-83.392697
6.646000,-83.438839
6.647000,-83.484978
6.648000,-83.531116
6.649000,-83.577253
6.650000,-83.623388
6.651000,-83.669522
6.652000,-83.715656
6.653000,-83.761789
6.654000,-83.807921
6.655000,-83.854053
6.656000,-83.900184
6.657000,-83.946315
6.658000,-83.992446
6.659000,-84.038576
6.660000,-84.084706
6.661000,-84.130836
6.662000,-84.176966
6.663000,-84.223095
6.664000,-84.269224
6.665000,-84.315353
6.666000,-84.361481
6.667000,-84.407610
6.668000,-84.453738
6.669000,-84.499866
6.670000,-84.545994
6.671000,-84.592121
6.672000,-84.638249
6.673000,-84.684376
6.674000,-84.730503
6.675000,-84.776629
6.676000,-84.822756
6.677000,-84.868882
6.678000,-84.915008
6.679000,-84.961134
6.680000,-85.007260
6.681000,-85.053386
6.682000,-85.099511
6.683000,-85.145636
6.684000,-85.191761
6.685000,-85.237886
6.686000,-85.284011
6.687000,-85.330135
6.688000,-85.376259
6.689000,-85.422383
6.690000,-85.468507
6.691000,-85.514630
6.692000,-85.560754
6.693000,-85.606877
6.694000,-85.653000
6.695000,-85.699123
6.696000,-85.745245
6.697000,-85.791368
6.698000,-85.837490
6.699000,-85.883612
6.700000,-85.929733
6.701000,-85.975855
6.702000,-86.021976
6.703000,-86.068097
6.704000,-86.114218
6.705000,-86.160339
6.706000,-86.206459
6.707000,-86.252579
6.708000,-86.298699
6.709000,-86.344819
6.710000,-86.390939
6.711000,-86.437058
6.712000,-86.483177
6.713000,-86.529296
6.714000,-86.575415
6.715000,-86.621533
6.716000,-86.667652
6.717000,-86.713770
6.718000,-86.759837
6.719000,-86.805667
6.720000,-86.851078
6.721000,-86.895928
6.722000,-86.940104
6.723000,-86.983516
6.724000,-87.026090
6.725000,-87.067769
6.726000,-87.108507
6.727000,-87.148267
6.728000,-87.187070
6.729000,-87.225089
6.730000,-87.262494
6.731000,-87.299415
6.732000,-87.335957
6.733000,-87.372200
6.734000,-87.408210
6.735000,-87.444035
6.736000,-87.479717
6.737000,-87.515286
6.738000,-87.550765
6.739000,-87.586176
6.740000,-87.621531
6.741000,-87.656844
6.742000,-87.692123
6.743000,-87.727375
6.744000,-87.762607
6.745000,-87.797823
6.746000,-87.833025
6.747000,-87.868218
6.748000,-87.903403
6.749000,-87.938581
6.750000,-87.973755
6.751000,-88.008924
6.752000,-88.044091
6.753000,-88.079255
6.754000,-88.114416
6.755000,-88.149577
6.756000,-88.184736
6.757000,-88.219894
6.758000,-88.255051
6.759000,-88.290208
6.760000,-88.325363
6.761000,-88.360518
6.762000,-88.395673
6.763000,-88.430827
6.764000,-88.465981
6.765000,-88.501134
6.766000,-88.536287
6.767000,-88.571440
6.768000,-88.606592
6.769000,-88.641744
6.770000,-88.676896
6.771000,-88.712047
6.772000,-88.747199
6.773000,-88.782349
6.774000,-88.817500
6.775000,-88.852650
6.776000,-88.887800
6.777000,-88.922950
6.778000,-88.958099
6.779000,-88.993248
6.780000,-89.028397
6.781000,-89.063546
6.782000,-89.098694
6.783000,-89.133842
6.784000,-89.168990
6.785000,-89.204137
6.786000,-89.239284
6.787000,-89.274431
6.788000,-89.309578
6.789000,-89.344724
6.790000,-89.379871
6.791000,-89.415016
6.792000,-89.450162
6.793000,-89.485307
6.794000,-89.520452
6.795000,-89.555597
6.796000,-89.590741
6.797000,-89.625885
6.798000,-89.661029
6.799000,-89.696173
6.800000,-89.731316
6.801000,-89.766459
6.802000,-89.801602
6.803000,-89.836744
6.804000,-89.871886
6.805000,-89.907028
6.806000,-89.942169
6.807000,-89.977311
6.808000,-90.012452
6.809000,-90.047592
6.810000,-90.082733
6.811000,-90.117873
6.812000,-90.153012
6.813000,-90.188152
6.814000,-90.223291
6.815000,-90.258430
6.816000,-90.293569
6.817000,-90.328707
6.818000,-90.363845
6.819000,-90.398983
6.820000,-90.434120
6.821000,-90.469257
6.822000,-90.504394
6.823000,-90.539530
6.824000,-90.574666
6.825000,-90.609802
6.826000,-90.644938
6.827000,-90.680073
6.828000,-90.715208
6.829000,-90.750343
6.830000,-90.785477
6.831000,-90.820611
6.832000,-90.855745
6.833000,-90.890879
6.834000,-90.926012
6.835000,-90.961145
6.836000,-90.996278
6.837000,-91.031410
6.838000,-91.066542
6.839000,-91.101674
6.840000,-91.136805
6.841000,-91.171936
6.842000,-91.207067
6.843000,-91.242197
6.844000,-91.277327
6.845000,-91.312457
6.846000,-91.347587
6.847000,-91.382716
6.848000,-91.417844
6.849000,-91.452973
6.850000,-91.488101
6.851000,-91.523229
6.852000,-91.558356
6.853000,-91.593483
6.854000,-91.628610
6.855000,-91.663736
6.856000,-91.698863
6.857000,-91.733989
6.858000,-91.769114
6.859000,-91.804240
6.860000,-91.839365
6.861000,-91.874490
6.862000,-91.909614
6.863000,-91.944729
6.864000,-91.979733
6.865000,-92.014491
6.866000,-92.048902
6.867000,-92.082886
6.868000,-92.116384
6.869000,-92.149350
6.870000,-92.181749
6.871000,-92.213555
6.872000,-92.244745
6.873000,-92.275314
6.874000,-92.305355
6.875000,-92.334996
6.876000,-92.364336
6.877000,-92.393448
6.878000,-92.422391
6.879000,-92.451204
6.880000,-92.479920
6.881000,-92.508562
6.882000,-92.537150
6.883000,-92.565696
6.884000,-92.594211
6.885000,-92.622702
6.886000,-92.651175
6.887000,-92.679635
6.888000,-92.708085
6.889000,-92.736527
6.890000,-92.764963
6.891000,-92.793394
6.892000,-92.821822
6.893000,-92.850248
6.894000,-92.878671
6.895000,-92.907092
6.896000,-92.935513
6.897000,-92.963932
6.898000,-92.992350
6.899000,-93.020767
6.900000,-93.049183
6.901000,-93.077599
6.902000,-93.106015
6.903000,-93.134430
6.904000,-93.162845
6.905000,-93.191259
6.906000,-93.219672
6.907000,-93.248086
6.908000,-93.276499
6.909000,-93.304912
6.910000,-93.333324
6.911000,-93.361736
6.912000,-93.390147
6.913000,-93.418558
6.914000,-93.446969
6.915000,-93.475380
6.916000,-93.503790
6.917000,-93.532200
6.918000,-93.560609
6.919000,-93.589018
6.920000,-93.617427
6.921000,-93.645835
6.922000,-93.674243
6.923000,-93.702650
6.924000,-93.731057
6.925000,-93.759464
6.926000,-93.787870
6.927000,-93.816276
6.928000,-93.844682
6.929000,-93.873087
6.930000,-93.901492
6.931000,-93.929897
6.932000,-93.958301
6.933000,-93.986705
6.934000,-94.015108
6.935000,-94.043511
6.936000,-94.071914
6.937000,-94.100316
6.938000,-94.128718
6.939000,-94.157119
6.940000,-94.185521
6.941000,-94.213921
6.942000,-94.242322
6.943000,-94.270722
6.944000,-94.299122
6.945000,-94.327521
6.946000,-94.355920
6.947000,-94.384318
6.948000,-94.412716
6.949000,-94.441114
6.950000,-94.469511
6.951000,-94.497909
6.952000,-94.526305
6.953000,-94.554701
6.954000,-94.583097
6.955000,-94.611492
6.956000,-94.639888
6.957000,-94.668282
6.958000,-94.696677
6.959000,-94.725070
6.960000,-94.753464
6.961000,-94.781857
6.962000,-94.810249
6.963000,-94.838642
6.964000,-94.867034
6.965000,-94.895425
6.966000,-94.923816
6.967000,-94.952207
6.968000,-94.980598
6.969000,-95.008987
6.970000,-95.037377
6.971000,-95.065766
6.972000,-95.094154
6.973000,-95.122543
6.974000,-95.150931
6.975000,-95.179318
6.976000,-95.207705
6.977000,-95.236091
6.978000,-95.264477
6.979000,-95.292863
6.980000,-95.321248
6.981000,-95.349633
6.982000,-95.378018
6.983000,-95.406402
6.984000,-95.434786
6.985000,-95.463170
6.986000,-95.491553
6.987000,-95.519935
6.988000,-95.548317
6.989000,-95.576699
6.990000,-95.605081
6.991000,-95.633462
6.992000,-95.661842
6.993000,-95.690222
6.994000,-95.718602
6.995000,-95.746981
6.996000,-95.775252
6.997000,-95.802968
6.998000,-95.829720
6.999000,-95.855207
7.000000,-95.879207
7.001000,-95.901561
7.002000,-95.922150
7.003000,-95.940886
7.004000,-95.957706
7.005000,-95.972564
7.006000,-95.985537
7.007000,-95.997057
7.008000,-96.007525
7.009000,-96.017229
7.010000,-96.026380
7.011000,-96.035131
7.012000,-96.043590
7.013000,-96.051839
7.014000,-96.059935
7.015000,-96.067919
7.016000,-96.075823
7.017000,-96.083668
7.018000,-96.091471
7.019000,-96.099243
7.020000,-96.106992
7.021000,-96.114725
7.022000,-96.122445
7.023000,-96.130157
7.024000,-96.137862
7.025000,-96.145562
7.026000,-96.153258
7.027000,-96.160952
7.028000,-96.168644
7.029000,-96.176334
7.030000,-96.184023
7.031000,-96.191711
7.032000,-96.199397
7.033000,-96.207083
7.034000,-96.214768
7.035000,-96.222453
7.036000,-96.230137
7.037000,-96.237820
7.038000,-96.245503
7.039000,-96.253185
7.040000,-96.260867
7.041000,-96.268548
7.042000,-96.276229
7.043000,-96.283909
7.044000,-96.291589
7.045000,-96.299268
7.046000,-96.306947
7.047000,-96.314626
7.048000,-96.322304
7.049000,-96.329981
7.050000,-96.337659
7.051000,-96.345335
7.052000,-96.353012
7.053000,-96.360687
7.054000,-96.368363
7.055000,-96.376037
7.056000,-96.383712
7.057000,-96.391385
7.058000,-96.399059
7.059000,-96.406732
7.060000,-96.414404
7.061000,-96.422076
7.062000,-96.429747
7.063000,-96.437418
7.064000,-96.445089
7.065000,-96.452759
7.066000,-96.460428
7.067000,-96.468097
7.068000,-96.475766
7.069000,-96.483434
7.070000,-96.491102
7.071000,-96.498769
7.072000,-96.506436
7.073000,-96.514102
7.074000,-96.521768
7.075000,-96.529433
7.076000,-96.537098
7.077000,-96.544762
7.078000,-96.552426
7.079000,-96.560089
7.080000,-96.567752
7.081000,-96.575414
7.082000,-96.583075
7.083000,-96.590737
7.084000,-96.598398
7.085000,-96.606058
7.086000,-96.613718
7.087000,-96.621377
7.088000,-96.629036
7.089000,-96.636695
7.090000,-96.644353
7.091000,-96.652010
7.092000,-96.659667
7.093000,-96.667323
7.094000,-96.674979
7.095000,-96.682635
7.096000,-96.690290
7.097000,-96.697944
7.098000,-96.705598
7.099000,-96.713252
7.100000,-96.720904
7.101000,-96.728556
7.102000,-96.736208
7.103000,-96.743860
7.104000,-96.751510
7.105000,-96.759161
7.106000,-96.766811
7.107000,-96.774460
7.108000,-96.782109
7.109000,-96.789757
7.110000,-96.797405
7.111000,-96.805052
7.112000,-96.812699
7.113000,-96.820345
7.114000,-96.827991
7.115000,-96.835636
7.116000,-96.843281
7.117000,-96.850924
7.118000,-96.858568
7.119000,-96.866211
7.120000,-96.873854
7.121000,-96.881496
7.122000,-96.889137
7.123000,-96.896778
7.124000,-96.904418
7.125000,-96.912058
7.126000,-96.919698
7.127000,-96.927337
7.128000,-96.934975
7.129000,-96.942613
7.130000,-96.950250
7.131000,-96.957887
7.132000,-96.965524
7.133000,-96.973159
7.134000,-96.980794
7.135000,-96.988429
7.136000,-96.996063
7.137000,-97.003696
7.138000,-97.011329
7.139000,-97.018962
7.140000,-97.026594
7.141000,-97.034226
7.142000,-97.041856
7.143000,-97.049486
7.144000,-97.057116
7.145000,-97.064746
7.146000,-97.072375
7.147000,-97.080003
7.148000,-97.087630
7.149000,-97.095257
7.150000,-97.102883
7.151000,-97.110509
7.152000,-97.118134
7.153000,-97.125759
7.154000,-97.133384
7.155000,-97.141007
7.156000,-97.148630
7.157000,-97.156253
7.158000,-97.163875
7.159000,-97.171496
7.160000,-97.179117
7.161000,-97.186737
7.162000,-97.194357
7.163000,-97.201977
7.164000,-97.209595
7.165000,-97.217213
7.166000,-97.224831
7.167000,-97.232448
7.168000,-97.240064
7.169000,-97.247680
7.170000,-97.255296
7.171000,-97.262910
7.172000,-97.270524
7.173000,-97.278138
7.174000,-97.285751
7.175000,-97.293363
7.176000,-97.300975
7.177000,-97.308586
7.178000,-97.316197
7.179000,-97.323807
7.180000,-97.331417
7.181000,-97.339025
7.182000,-97.346634
7.183000,-97.354241
7.184000,-97.361848
7.185000,-97.369455
7.186000,-97.377061
7.187000,-97.384667
7.188000,-97.392271
7.189000,-97.399876
7.190000,-97.407479
7.191000,-97.415083
7.192000,-97.422685
7.193000,-97.430287
7.194000,-97.437888
7.195000,-97.445489
7.196000,-97.453089
7.197000,-97.460689
7.198000,-97.468288
7.199000,-97.475886
7.200000,-97.483484
7.201000,-97.491081
7.202000,-97.498677
7.203000,-97.506273
7.204000,-97.513869
7.205000,-97.521464
7.206000,-97.529058
7.207000,-97.536651
7.208000,-97.544245
7.209000,-97.551837
7.210000,-97.559428
7.211000,-97.567020
7.212000,-97.574610
7.213000,-97.582200
7.214000,-97.589789
7.215000,-97.597378
7.216000,-97.604966
7.217000,-97.612553
7.218000,-97.620139
7.219000,-97.627726
7.220000,-97.635311
7.221000,-97.642896
7.222000,-97.650480
7.223000,-97.658064
7.224000,-97.665647
7.225000,-97.673230
7.226000,-97.680812
7.227000,-97.688393
7.228000,-97.695974
7.229000,-97.703553
7.230000,-97.711133
7.231000,-97.718712
7.232000,-97.726289
7.233000,-97.733867
7.234000,-97.741443
7.235000,-97.749019
7.236000,-97.756595
7.237000,-97.764170
7.238000,-97.771744
7.239000,-97.779318
7.240000,-97.786890
7.241000,-97.794463
7.242000,-97.802034
7.243000,-97.809605
7.244000,-97.817176
7.245000,-97.824746
7.246000,-97.832315
7.247000,-97.839883
7.248000,-97.847451
7.249000,-97.855018
7.250000,-97.862585
7.251000,-97.870151
7.252000,-97.877716
7.253000,-97.885280
7.254000,-97.892844
7.255000,-97.900407
7.256000,-97.907970
7.257000,-97.915532
7.258000,-97.923094
7.259000,-97.930655
7.260000,-97.938214
7.261000,-97.945774
7.262000,-97.953332
7.263000,-97.960891
7.264000,-97.968448
7.265000,-97.976005
7.266000,-97.983561
7.267000,-97.991116
7.268000,-97.998671
7.269000,-98.006224
7.270000,-98.013778
7.271000,-98.021330
7.272000,-98.028881
7.273000,-98.036433
7.274000,-98.043983
7.275000,-98.051532
7.276000,-98.059082
7.277000,-98.066631
7.278000,-98.074178
7.279000,-98.081726
7.280000,-98.089272
7.281000,-98.096818
7.282000,-98.104363
7.283000,-98.111908
7.284000,-98.119452
7.285000,-98.126996
7.286000,-98.134538
7.287000,-98.142079
7.288000,-98.149620
7.289000,-98.157160
7.290000,-98.164700
7.291000,-98.172239
7.292000,-98.179777
7.293000,-98.187314
7.294000,-98.194851
7.295000,-98.202387
7.296000,-98.209922
7.297000,-98.217456
7.298000,-98.224990
7.299000,-98.232523
7.300000,-98.240056
7.301000,-98.247587
7.302000,-98.255119
7.303000,-98.262649
7.304000,-98.270179
7.305000,-98.277709
7.306000,-98.285238
7.307000,-98.292766
7.308000,-98.300293
7.309000,-98.307819
7.310000,-98.315344
7.311000,-98.322869
7.312000,-98.330393
7.313000,-98.337916
7.314000,-98.345439
7.315000,-98.352960
7.316000,-98.360481
7.317000,-98.368002
7.318000,-98.375522
7.319000,-98.383041
7.320000,-98.390559
7.321000,-98.398077
7.322000,-98.405593
7.323000,-98.413109
7.324000,-98.420625
7.325000,-98.428139
7.326000,-98.435653
7.327000,-98.443166
7.328000,-98.450678
7.329000,-98.458190
7.330000,-98.465701
7.331000,-98.473211
7.332000,-98.480720
7.333000,-98.488229
7.334000,-98.495736
7.335000,-98.503244
7.336000,-98.510750
7.337000,-98.518256
7.338000,-98.525761
7.339000,-98.533265
7.340000,-98.540768
7.341000,-98.548271
7.342000,-98.555773
7.343000,-98.563274
7.344000,-98.570775
7.345000,-98.578274
7.346000,-98.585772
7.347000,-98.593270
7.348000,-98.600768
7.349000,-98.608264
7.350000,-98.615760
7.351000,-98.623255
7.352000,-98.630749
7.353000,-98.638242
7.354000,-98.645735
7.355000,-98.653227
7.356000,-98.660718
7.357000,-98.668209
7.358000,-98.675698
7.359000,-98.683187
7.360000,-98.690675
7.361000,-98.698162
7.362000,-98.705649
7.363000,-98.713135
7.364000,-98.720620
7.365000,-98.728104
7.366000,-98.735587
7.367000,-98.743069
7.368000,-98.750551
7.369000,-98.758032
7.370000,-98.765512
7.371000,-98.772991
7.372000,-98.780470
7.373000,-98.787948
7.374000,-98.795425
7.375000,-98.802901
7.376000,-98.810376
7.377000,-98.817851
7.378000,-98.825325
7.379000,-98.832798
7.380000,-98.840270
7.381000,-98.847741
7.382000,-98.855212
7.383000,-98.862681
7.384000,-98.870150
7.385000,-98.877619
7.386000,-98.885086
7.387000,-98.892552
7.388000,-98.900018
7.389000,-98.907483
7.390000,-98.914947
7.391000,-98.922411
7.392000,-98.929873
7.393000,-98.937334
7.394000,-98.944795
7.395000,-98.952256
7.396000,-98.959715
7.397000,-98.967173
7.398000,-98.974631
7.399000,-98.982088
7.400000,-98.989544
7.401000,-98.996999
7.402000,-99.004453
7.403000,-99.011906
7.404000,-99.019359
7.405000,-99.026810
7.406000,-99.034260
7.407000,-99.041710
7.408000,-99.049159
7.409000,-99.056607
7.410000,-99.064055
7.411000,-99.071502
7.412000,-99.078947
7.413000,-99.086392
7.414000,-99.093836
7.415000,-99.101279
7.416000,-99.108722
7.417000,-99.116164
7.418000,-99.123604
7.419000,-99.131044
7.420000,-99.138482
7.421000,-99.145920
7.422000,-99.153358
7.423000,-99.160794
7.424000,-99.168230
7.425000,-99.175664
7.426000,-99.183098
7.427000,-99.190530
7.428000,-99.197962
7.429000,-99.205393
7.430000,-99.212824
7.431000,-99.220253
7.432000,-99.227682
7.433000,-99.235109
7.434000,-99.242536
7.435000,-99.249963
7.436000,-99.257388
7.437000,-99.264812
7.438000,-99.272236
7.439000,-99.279658
7.440000,-99.287080
7.441000,-99.294501
7.442000,-99.301920
7.443000,-99.309339
7.444000,-99.316757
7.445000,-99.324174
7.446000,-99.331590
7.447000,-99.339005
7.448000,-99.346419
7.449000,-99.353833
7.450000,-99.361245
7.451000,-99.368657
7.452000,-99.376067
7.453000,-99.383477
7.454000,-99.390886
7.455000,-99.398293
7.456000,-99.405700
7.457000,-99.413107
7.458000,-99.420512
7.459000,-99.427916
7.460000,-99.435320
7.461000,-99.442723
7.462000,-99.450124
7.463000,-99.457525
7.464000,-99.464925
7.465000,-99.472324
7.466000,-99.479721
7.467000,-99.487118
7.468000,-99.494515
7.469000,-99.501910
7.470000,-99.509304
7.471000,-99.516697
7.472000,-99.524090
7.473000,-99.531481
7.474000,-99.538872
7.475000,-99.546262
7.476000,-99.553651
7.477000,-99.561039
7.478000,-99.568425
7.479000,-99.575811
7.480000,-99.583196
7.481000,-99.590580
7.482000,-99.597963
7.483000,-99.605345
7.484000,-99.612726
7.485000,-99.620106
7.486000,-99.627485
7.487000,-99.634863
7.488000,-99.642240
7.489000,-99.649616
7.490000,-99.656992
7.491000,-99.664366
7.492000,-99.671739
7.493000,-99.679112
7.494000,-99.686483
7.495000,-99.692992
7.496000,-100.289662
7.497000,-101.276686
7.498000,-102.389387
7.499000,-103.664679
7.500000,-105.158551
7.501000,-106.962047
7.502000,-109.238429
7.503000,-112.327999
7.504000,-117.158157
7.505000,-128.844692
7.506000,-211.557589
7.507000,-219.846919
7.508000,-222.294124
7.509000,-225.058287
7.510000,-227.328026
7.511000,-228.727061
7.512000,-231.108279
7.513000,-232.721870
7.514000,-235.058317
7.515000,-237.664296
7.516000,-236.268512
7.517000,-241.079061
7.518000,-239.837264
7.519000,-240.451261
7.520000,-244.543177
7.521000,-245.656899
7.522000,-245.076306
7.523000,-245.147343
7.524000,-245.737156
7.525000,-246.161324
7.526000,-245.183028
7.527000,-246.111218
7.528000,-245.838417
7.529000,-246.199035
7.530000,-246.177000
7.531000,-246.318641
7.532000,-246.432781
7.533000,-246.618582
7.534000,-246.595138
7.535000,-246.525184
7.536000,-246.665660
7.537000,-246.736759
7.538000,-246.808445
7.539000,-246.712995
7.540000,-246.665660
7.541000,-246.548440
7.542000,-246.432781
7.543000,-246.205982
7.544000,-246.094766
7.545000,-246.006806
7.546000,-245.854989
7.547000,-245.684672
7.548000,-245.517631
7.549000,-245.517631
7.550000,-245.517631
7.551000,-245.517631
7.552000,-245.517631
7.553000,-245.517631
7.554000,-245.517631
7.555000,-245.517631
7.556000,-245.517631
7.557000,-245.517631
7.558000,-245.517631
7.559000,-245.517631
7.560000,-245.517631
7.561000,-245.517631
7.562000,-245.517631
7.563000,-245.517631
7.564000,-245.517631
7.565000,-245.517631
7.566000,-245.517631
7.567000,-245.517631
7.568000,-245.517631
7.569000,-245.517631
7.570000,-245.517631
7.571000,-245.517631
7.572000,-245.517631
7.573000,-245.517631
7.574000,-245.517631
7.575000,-245.517631
7.576000,-245.517631
7.577000,-245.517631
7.578000,-245.517631
7.579000,-245.517631
7.580000,-245.517631
7.581000,-245.517631
7.582000,-245.517631
7.583000,-245.517631
7.584000,-245.517631
7.585000,-245.517631
7.586000,-245.517631
7.587000,-245.517631
7.588000,-245.517631
7.589000,-245.517631
7.590000,-245.517631
7.591000,-245.517631
7.592000,-245.517631
7.593000,-245.517631
7.594000,-245.517631
7.595000,-241.184115
7.596000,-177.784354
7.597000,-121.506830
7.598000,-114.958476
7.599000,-111.261621
7.600000,-108.673977
7.601000,-106.680792
7.602000,-105.058860
7.603000,-103.691000
7.604000,-102.508017
7.605000,-101.465619
7.606000,-100.532592
7.607000,-100.423176
7.608000,-100.412598
7.609000,-100.401272
7.610000,-100.389403
7.611000,-100.377139
7.612000,-100.364589
7.613000,-100.351831
7.614000,-100.338922
7.615000,-100.325903
7.616000,-100.312804
7.617000,-100.299646
7.618000,-100.286445
7.619000,-100.273212
7.620000,-100.259956
7.621000,-100.246684
7.622000,-100.233398
7.623000,-100.220102
7.624000,-100.206799
7.625000,-100.193490
7.626000,-100.180177
7.627000,-100.166861
7.628000,-100.153541
7.629000,-100.140219
7.630000,-100.126894
7.631000,-100.113569
7.632000,-100.100241
7.633000,-100.086911
7.634000,-100.073581
7.635000,-100.060249
7.636000,-100.046915
7.637000,-100.033581
7.638000,-100.020245
7.639000,-100.006908
7.640000,-99.993569
7.641000,-99.980229
7.642000,-99.966889
7.643000,-99.953546
7.644000,-99.940202
7.645000,-99.926858
7.646000,-99.913512
7.647000,-99.900166
7.648000,-99.886818
7.649000,-99.873469
7.650000,-99.860119
7.651000,-99.846767
7.652000,-99.833415
7.653000,-99.820061
7.654000,-99.806706
7.655000,-99.793350
7.656000,-99.779992
7.657000,-99.766633
7.658000,-99.753273
7.659000,-99.739911
7.660000,-99.726548
7.661000,-99.713184
7.662000,-99.699819
7.663000,-99.686452
7.664000,-99.673085
7.665000,-99.659716
7.666000,-99.646346
7.667000,-99.632975
7.668000,-99.619603
7.669000,-99.606229
7.670000,-99.592854
7.671000,-99.579478
7.672000,-99.566101
7.673000,-99.552723
7.674000,-99.539343
7.675000,-99.525961
7.676000,-99.512579
7.677000,-99.499195
7.678000,-99.485810
7.679000,-99.472424
7.680000,-99.459036
7.681000,-99.445647
7.682000,-99.432257
7.683000,-99.418866
7.684000,-99.405473
7.685000,-99.392080
7.686000,-99.378684
7.687000,-99.365289
7.688000,-99.351891
7.689000,-99.338492
7.690000,-99.325092
7.691000,-99.311690
7.692000,-99.298288
7.693000,-99.284884
7.694000,-99.271478
7.695000,-99.258072
7.696000,-99.244664
7.697000,-99.231255
7.698000,-99.217844
7.699000,-99.204432
7.700000,-99.191019
7.701000,-99.177605
7.702000,-99.164189
7.703000,-99.150771
7.704000,-99.137354
7.705000,-99.123934
7.706000,-99.110512
7.707000,-99.097090
7.708000,-99.083667
7.709000,-99.070242
7.710000,-99.056816
7.711000,-99.043388
7.712000,-99.029959
7.713000,-99.016529
7.714000,-99.003097
7.715000,-98.989665
7.716000,-98.976230
7.717000,-98.962795
7.718000,-98.949358
7.719000,-98.935919
7.720000,-98.922480
7.721000,-98.909039
7.722000,-98.895597
7.723000,-98.882154
7.724000,-98.868709
7.725000,-98.855263
7.726000,-98.841815
7.727000,-98.828366
7.728000,-98.814914
7.729000,-98.801388
7.730000,-98.787648
7.731000,-98.773582
7.732000,-98.759107
7.733000,-98.744160
7.734000,-98.728695
7.735000,-98.712677
7.736000,-98.696078
7.737000,-98.678881
7.738000,-98.661072
7.739000,-98.642711
7.740000,-98.623929
7.741000,-98.604828
7.742000,-98.585489
7.743000,-98.565969
7.744000,-98.546311
7.745000,-98.526551
7.746000,-98.506713
7.747000,-98.486816
7.748000,-98.466874
7.749000,-98.446897
7.750000,-98.426894
7.751000,-98.406871
7.752000,-98.386832
7.753000,-98.366782
7.754000,-98.346721
7.755000,-98.326654
7.756000,-98.306580
7.757000,-98.286501
7.758000,-98.266418
7.759000,-98.246332
7.760000,-98.226243
7.761000,-98.206151
7.762000,-98.186057
7.763000,-98.165961
7.764000,-98.145863
7.765000,-98.125764
7.766000,-98.105663
7.767000,-98.085560
7.768000,-98.065455
7.769000,-98.045349
7.770000,-98.025241
7.771000,-98.005132
7.772000,-97.985021
7.773000,-97.964909
7.774000,-97.944795
7.775000,-97.924679
7.776000,-97.904562
7.777000,-97.884444
7.778000,-97.864325
7.779000,-97.844203
7.780000,-97.824081
7.781000,-97.803957
7.782000,-97.783831
7.783000,-97.763705
7.784000,-97.743576
7.785000,-97.723446
7.786000,-97.703315
7.787000,-97.683182
7.788000,-97.663048
7.789000,-97.642912
7.790000,-97.622775
7.791000,-97.602636
7.792000,-97.582496
7.793000,-97.562354
7.794000,-97.542211
7.795000,-97.522066
7.796000,-97.501920
7.797000,-97.481773
7.798000,-97.461623
7.799000,-97.441473
7.800000,-97.421321
7.801000,-97.401167
7.802000,-97.381011
7.803000,-97.360855
7.804000,-97.340697
7.805000,-97.320537
7.806000,-97.300376
7.807000,-97.280212
7.808000,-97.260048
7.809000,-97.239882
7.810000,-97.219715
7.811000,-97.199546
7.812000,-97.179376
7.813000,-97.159204
7.814000,-97.139031
7.815000,-97.118856
7.816000,-97.098679
7.817000,-97.078502
7.818000,-97.058323
7.819000,-97.038142
7.820000,-97.017959
7.821000,-96.997775
7.822000,-96.977589
7.823000,-96.957402
7.824000,-96.937213
7.825000,-96.917022
7.826000,-96.896830
7.827000,-96.876636
7.828000,-96.856441
7.829000,-96.836245
7.830000,-96.816046
7.831000,-96.795847
7.832000,-96.775646
7.833000,-96.755443
7.834000,-96.735238
7.835000,-96.715033
7.836000,-96.694825
7.837000,-96.674616
7.838000,-96.654405
7.839000,-96.634193
7.840000,-96.613979
7.841000,-96.593763
7.842000,-96.573546
7.843000,-96.553327
7.844000,-96.533107
7.845000,-96.512885
7.846000,-96.492662
7.847000,-96.472437
7.848000,-96.452210
7.849000,-96.431982
7.850000,-96.411752
7.851000,-96.391520
7.852000,-96.371287
7.853000,-96.351052
7.854000,-96.330816
7.855000,-96.310578
7.856000,-96.290338
7.857000,-96.270097
7.858000,-96.249854
7.859000,-96.229610
7.860000,-96.209364
7.861000,-96.189116
7.862000,-96.168867
7.863000,-96.148616
7.864000,-96.128363
7.865000,-96.108109
7.866000,-96.087853
7.867000,-96.067596
7.868000,-96.047336
7.869000,-96.027075
7.870000,-96.006813
7.871000,-95.986549
7.872000,-95.966283
7.873000,-95.946015
7.874000,-95.925705
7.875000,-95.905167
7.876000,-95.884216
7.877000,-95.862708
7.878000,-95.840530
7.879000,-95.817593
7.880000,-95.793831
7.881000,-95.769191
7.882000,-95.743630
7.883000,-95.717119
7.884000,-95.689673
7.885000,-95.661456
7.886000,-95.632634
7.887000,-95.603338
7.888000,-95.573669
7.889000,-95.543707
7.890000,-95.513514
7.891000,-95.483141
7.892000,-95.452624
7.893000,-95.421996
7.894000,-95.391278
7.895000,-95.360491
7.896000,-95.329647
7.897000,-95.298760
7.898000,-95.267838
7.899000,-95.236887
7.900000,-95.205914
7.901000,-95.174923
7.902000,-95.143918
7.903000,-95.112900
7.904000,-95.081873
7.905000,-95.050838
7.906000,-95.019796
7.907000,-94.988748
7.908000,-94.957695
7.909000,-94.926639
7.910000,-94.895579
7.911000,-94.864515
7.912000,-94.833449
7.913000,-94.802379
7.914000,-94.771308
7.915000,-94.740234
7.916000,-94.709158
7.917000,-94.678079
7.918000,-94.646999
7.919000,-94.615917
7.920000,-94.584833
7.921000,-94.553746
7.922000,-94.522659
7.923000,-94.491569
7.924000,-94.460477
7.925000,-94.429384
7.926000,-94.398289
7.927000,-94.367192
7.928000,-94.336093
7.929000,-94.304992
7.930000,-94.273890
7.931000,-94.242785
7.932000,-94.211679
7.933000,-94.180571
7.934000,-94.149462
7.935000,-94.118350
7.936000,-94.087237
7.937000,-94.056122
7.938000,-94.025006
7.939000,-93.993887
7.940000,-93.962767
7.941000,-93.931645
7.942000,-93.900521
7.943000,-93.869395
7.944000,-93.838268
7.945000,-93.807138
7.946000,-93.776007
7.947000,-93.744874
7.948000,-93.713740
7.949000,-93.682603
7.950000,-93.651465
7.951000,-93.620325
7.952000,-93.589183
7.953000,-93.558039
7.954000,-93.526893
7.955000,-93.495746
7.956000,-93.464596
7.957000,-93.433445
7.958000,-93.402292
7.959000,-93.371137
7.960000,-93.339980
7.961000,-93.308822
7.962000,-93.277661
7.963000,-93.246499
7.964000,-93.215335
7.965000,-93.184169
7.966000,-93.153001
7.967000,-93.121832
7.968000,-93.090661
7.969000,-93.059487
7.970000,-93.028312
7.971000,-92.997135
7.972000,-92.965956
7.973000,-92.934775
7.974000,-92.903593
7.975000,-92.872408
7.976000,-92.841222
7.977000,-92.810033
7.978000,-92.778843
7.979000,-92.747651
7.980000,-92.716457
7.981000,-92.685226
7.982000,-92.653879
7.983000,-92.622344
7.984000,-92.590566
7.985000,-92.558499
7.986000,-92.526106
7.987000,-92.493359
7.988000,-92.460233
7.989000,-92.426712
7.990000,-92.392780
7.991000,-92.358460
7.992000,-92.323819
7.993000,-92.288919
7.994000,-92.253808
7.995000,-92.218526
7.996000,-92.183106
7.997000,-92.147573
7.998000,-92.111949
7.999000,-92.076250
8.000000,-92.040490
8.001000,-92.004680
8.002000,-91.968830
8.003000,-91.932946
8.004000,-91.897035
8.005000,-91.861101
8.006000,-91.825148
8.007000,-91.789180
8.008000,-91.753198
8.009000,-91.717206
8.010000,-91.681204
8.011000,-91.645194
8.012000,-91.609178
8.013000,-91.573155
8.014000,-91.537128
8.015000,-91.501096
8.016000,-91.465059
8.017000,-91.429019
8.018000,-91.392976
8.019000,-91.356930
8.020000,-91.320881
8.021000,-91.284829
8.022000,-91.248774
8.023000,-91.212717
8.024000,-91.176657
8.025000,-91.140595
8.026000,-91.104531
8.027000,-91.068465
8.028000,-91.032397
8.029000,-90.996326
8.030000,-90.960254
8.031000,-90.924179
8.032000,-90.888102
8.033000,-90.852023
8.034000,-90.815942
8.035000,-90.779859
8.036000,-90.743774
8.037000,-90.707688
8.038000,-90.671598
8.039000,-90.635508
8.040000,-90.599414
8.041000,-90.563319
8.042000,-90.527222
8.043000,-90.491123
8.044000,-90.455022
8.045000,-90.418919
8.046000,-90.382814
8.047000,-90.346707
8.048000,-90.310598
8.049000,-90.274486
8.050000,-90.238373
8.051000,-90.202258
8.052000,-90.166140
8.053000,-90.130021
8.054000,-90.093900
8.055000,-90.057777
8.056000,-90.021652
8.057000,-89.985524
8.058000,-89.949394
8.059000,-89.913263
8.060000,-89.877130
8.061000,-89.840983
8.062000,-89.804748
8.063000,-89.768338
8.064000,-89.731681
8.065000,-89.694717
8.066000,-89.657399
8.067000,-89.619688
8.068000,-89.581551
8.069000,-89.542963
8.070000,-89.503901
8.071000,-89.464360
8.072000,-89.424399
8.073000,-89.384089
8.074000,-89.343492
8.075000,-89.302656
8.076000,-89.261623
8.077000,-89.220426
8.078000,-89.179093
8.079000,-89.137648
8.080000,-89.096108
8.081000,-89.054492
8.082000,-89.012810
8.083000,-88.971074
8.084000,-88.929293
8.085000,-88.887474
8.086000,-88.845624
8.087000,-88.803747
8.088000,-88.761848
8.089000,-88.719929
8.090000,-88.677995
8.091000,-88.636046
8.092000,-88.594086
8.093000,-88.552116
8.094000,-88.510137
8.095000,-88.468151
8.096000,-88.426158
8.097000,-88.384158
8.098000,-88.342154
8.099000,-88.300145
8.100000,-88.258132
8.101000,-88.216114
8.102000,-88.174093
8.103000,-88.132069
8.104000,-88.090042
8.105000,-88.048011
8.106000,-88.005978
8.107000,-87.963942
8.108000,-87.921904
8.109000,-87.879862
8.110000,-87.837819
8.111000,-87.795773
8.112000,-87.753724
8.113000,-87.711674
8.114000,-87.669621
8.115000,-87.627565
8.116000,-87.585508
8.117000,-87.543448
8.118000,-87.501386
8.119000,-87.459322
8.120000,-87.417256
8.121000,-87.375188
8.122000,-87.333117
8.123000,-87.291044
8.124000,-87.248969
8.125000,-87.206892
8.126000,-87.164813
8.127000,-87.122732
8.128000,-87.080648
8.129000,-87.038562
8.130000,-86.996474
8.131000,-86.954384
8.132000,-86.912292
8.133000,-86.870198
8.134000,-86.828101
8.135000,-86.786003
8.136000,-86.743902
8.137000,-86.701799
8.138000,-86.659694
8.139000,-86.617586
8.140000,-86.575477
8.141000,-86.533365
8.142000,-86.491251
8.143000,-86.449135
8.144000,-86.407017
8.145000,-86.364897
8.146000,-86.322775
8.147000,-86.280650
8.148000,-86.238523
8.149000,-86.196394
8.150000,-86.154263
8.151000,-86.112130
8.152000,-86.069994
8.153000,-86.027857
8.154000,-85.985717
8.155000,-85.943575
8.156000,-85.901430
8.157000,-85.859284
8.158000,-85.817136
8.159000,-85.774985
8.160000,-85.732832
8.161000,-85.690677
8.162000,-85.648519
8.163000,-85.606360
8.164000,-85.564198
8.165000,-85.522034
8.166000,-85.479868
8.167000,-85.437699
8.168000,-85.395529
8.169000,-85.353356
8.170000,-85.311181
8.171000,-85.269004
8.172000,-85.226824
8.173000,-85.184643
8.174000,-85.142459
8.175000,-85.100273
8.176000,-85.058085
8.177000,-85.015894
8.178000,-84.973701
8.179000,-84.931507
8.180000,-84.889309
8.181000,-84.847110
8.182000,-84.804909
8.183000,-84.762705
8.184000,-84.720499
8.185000,-84.678291
8.186000,-84.636080
8.187000,-84.593867
8.188000,-84.551652
8.189000,-84.509435
8.190000,-84.467216
8.191000,-84.424994
8.192000,-84.382771
8.193000,-84.340544
8.194000,-84.298316
8.195000,-84.256085
8.196000,-84.213853
8.197000,-84.171618
8.198000,-84.129380
8.199000,-84.087141
8.200000,-84.044899
8.201000,-84.002655
8.202000,-83.960408
8.203000,-83.918160
8.204000,-83.875909
8.205000,-83.833642
8.206000,-83.791286
8.207000,-83.748758
8.208000,-83.705989
8.209000,-83.662921
8.210000,-83.619504
8.211000,-83.575697
8.212000,-83.531464
8.213000,-83.486777
8.214000,-83.441610
8.215000,-83.395955
8.216000,-83.349867
8.217000,-83.303408
8.218000,-83.256633
8.219000,-83.209589
8.220000,-83.162313
8.221000,-83.114840
8.222000,-83.067198
8.223000,-83.019411
8.224000,-82.971500
8.225000,-82.923484
8.226000,-82.875376
8.227000,-82.827191
8.228000,-82.778938
8.229000,-82.730628
8.230000,-82.682268
8.231000,-82.633865
8.232000,-82.585425
8.233000,-82.536953
8.234000,-82.488454
8.235000,-82.439930
8.236000,-82.391386
8.237000,-82.342824
8.238000,-82.294246
8.239000,-82.245654
8.240000,-82.197049
8.241000,-82.148434
8.242000,-82.099809
8.243000,-82.051176
8.244000,-82.002535
8.245000,-81.953887
8.246000,-81.905233
8.247000,-81.856574
8.248000,-81.807909
8.249000,-81.759239
8.250000,-81.710565
8.251000,-81.661887
8.252000,-81.613206
8.253000,-81.564520
8.254000,-81.515832
8.255000,-81.467140
8.256000,-81.418445
8.257000,-81.369747
8.258000,-81.321046
8.259000,-81.272343
8.260000,-81.223637
8.261000,-81.174928
8.262000,-81.126217
8.263000,-81.077503
8.264000,-81.028787
8.265000,-80.980068
8.266000,-80.931347
8.267000,-80.882624
8.268000,-80.833898
8.269000,-80.785170
8.270000,-80.736439
8.271000,-80.687707
8.272000,-80.638972
8.273000,-80.590235
8.274000,-80.541495
8.275000,-80.492754
8.276000,-80.444010
8.277000,-80.395264
8.278000,-80.346516
8.279000,-80.297765
8.280000,-80.249012
8.281000,-80.200257
8.282000,-80.151500
8.283000,-80.102741
8.284000,-80.053979
8.285000,-80.005216
8.286000,-79.956450
8.287000,-79.907682
8.288000,-79.858912
8.289000,-79.810139
8.290000,-79.761365
8.291000,-79.712588
8.292000,-79.663809
8.293000,-79.615028
8.294000,-79.566244
8.295000,-79.517459
8.296000,-79.468671
8.297000,-79.419881
8.298000,-79.371090
8.299000,-79.322295
8.300000,-79.273499
8.301000,-79.224701
8.302000,-79.175900
8.303000,-79.127097
8.304000,-79.078292
8.305000,-79.029485
8.306000,-78.980676
8.307000,-78.931864
8.308000,-78.883051
8.309000,-78.834235
8.310000,-78.785417
8.311000,-78.736597
8.312000,-78.687775
8.313000,-78.638951
8.314000,-78.590124
8.315000,-78.541296
8.316000,-78.492465
8.317000,-78.443632
8.318000,-78.394797
8.319000,-78.345960
8.320000,-78.297120
8.321000,-78.248279
8.322000,-78.199435
8.323000,-78.150590
8.324000,-78.101742
8.325000,-78.052892
8.326000,-78.004040
8.327000,-77.955186
8.328000,-77.906329
8.329000,-77.857471
8.330000,-77.808610
8.331000,-77.759748
8.332000,-77.710883
8.333000,-77.662016
8.334000,-77.613147
8.335000,-77.564276
8.336000,-77.515403
8.337000,-77.466527
8.338000,-77.417650
8.339000,-77.368770
8.340000,-77.319889
8.341000,-77.271005
8.342000,-77.222119
8.343000,-77.173232
8.344000,-77.124342
8.345000,-77.075450
8.346000,-77.026555
8.347000,-76.977659
8.348000,-76.928761
8.349000,-76.879861
8.350000,-76.830957
8.351000,-76.782024
8.352000,-76.733011
8.353000,-76.683873
8.354000,-76.634571
8.355000,-76.585071
8.356000,-76.535343
8.357000,-76.485363
8.358000,-76.435108
8.359000,-76.384560
8.360000,-76.333703
8.361000,-76.282549
8.362000,-76.231133
8.363000,-76.179487
8.364000,-76.127641
8.365000,-76.075619
8.366000,-76.023442
8.367000,-75.971130
8.368000,-75.918699
8.369000,-75.866164
8.370000,-75.813537
8.371000,-75.760829
8.372000,-75.708051
8.373000,-75.655211
8.374000,-75.602316
8.375000,-75.549372
8.376000,-75.496386
8.377000,-75.443363
8.378000,-75.390306
8.379000,-75.337220
8.380000,-75.284108
8.381000,-75.230974
8.382000,-75.177818
8.383000,-75.124645
8.384000,-75.071456
8.385000,-75.018252
8.386000,-74.965036
8.387000,-74.911808
8.388000,-74.858569
8.389000,-74.805322
8.390000,-74.752066
8.391000,-74.698803
8.392000,-74.645533
8.393000,-74.592256
8.394000,-74.538974
8.395000,-74.485687
8.396000,-74.432395
8.397000,-74.379099
8.398000,-74.325799
8.399000,-74.272495
8.400000,-74.219187
8.401000,-74.165876
8.402000,-74.112562
8.403000,-74.059245
8.404000,-74.005926
8.405000,-73.952603
8.406000,-73.899279
8.407000,-73.845951
8.408000,-73.792622
8.409000,-73.739290
8.410000,-73.685957
8.411000,-73.632621
8.412000,-73.579283
8.413000,-73.525943
8.414000,-73.472602
8.415000,-73.419258
8.416000,-73.365913
8.417000,-73.312566
8.418000,-73.259217
8.419000,-73.205867
8.420000,-73.152515
8.421000,-73.099161
8.422000,-73.045805
8.423000,-72.992448
8.424000,-72.939089
8.425000,-72.885729
8.426000,-72.832367
8.427000,-72.779004
8.428000,-72.725639
8.429000,-72.672272
8.430000,-72.618904
8.431000,-72.565535
8.432000,-72.512164
8.433000,-72.458792
8.434000,-72.405418
8.435000,-72.352043
8.436000,-72.298666
8.437000,-72.245288
8.438000,-72.191909
8.439000,-72.138528
8.440000,-72.085145
8.441000,-72.031762
8.442000,-71.978377
8.443000,-71.924991
8.444000,-71.871603
8.445000,-71.818214
8.446000,-71.764824
8.447000,-71.711432
8.448000,-71.658039
8.449000,-71.604645
8.450000,-71.551250
8.451000,-71.497853
8.452000,-71.444455
8.453000,-71.391056
8.454000,-71.337655
8.455000,-71.284254
8.456000,-71.230851
8.457000,-71.177432
8.458000,-71.123955
8.459000,-71.070381
8.460000,-71.016674
8.461000,-70.962804
8.462000,-70.908743
8.463000,-70.854467
8.464000,-70.799956
8.465000,-70.745191
8.466000,-70.690156
8.467000,-70.634852
8.468000,-70.579305
8.469000,-70.523542
8.470000,-70.467588
8.471000,-70.411463
8.472000,-70.355187
8.473000,-70.298777
8.474000,-70.242246
8.475000,-70.185610
8.476000,-70.128878
8.477000,-70.072062
8.478000,-70.015172
8.479000,-69.958214
8.480000,-69.901197
8.481000,-69.844128
8.482000,-69.787011
8.483000,-69.729852
8.484000,-69.672655
8.485000,-69.615426
8.486000,-69.558166
8.487000,-69.500880
8.488000,-69.443571
8.489000,-69.386240
8.490000,-69.328891
8.491000,-69.271525
8.492000,-69.214144
8.493000,-69.156750
8.494000,-69.099343
8.495000,-69.041926
8.496000,-68.984500
8.497000,-68.927065
8.498000,-68.869623
8.499000,-68.812173
8.500000,-68.754718
8.501000,-68.697257
8.502000,-68.639792
8.503000,-68.582322
8.504000,-68.524849
8.505000,-68.467372
8.506000,-68.409892
8.507000,-68.352409
8.508000,-68.294924
8.509000,-68.237437
8.510000,-68.179948
8.511000,-68.122457
8.512000,-68.064965
8.513000,-68.007472
8.514000,-67.949977
8.515000,-67.892482
8.516000,-67.834985
8.517000,-67.777488
8.518000,-67.719991
8.519000,-67.662493
8.520000,-67.604994
8.521000,-67.547496
8.522000,-67.489997
8.523000,-67.432497
8.524000,-67.374998
8.525000,-67.317499
8.526000,-67.260100
8.527000,-67.203275
8.528000,-67.147077
8.529000,-67.091501
8.530000,-67.036544
8.531000,-66.982201
8.532000,-66.928470
8.533000,-66.875345
8.534000,-66.822823
8.535000,-66.770902
8.536000,-66.719483
8.537000,-66.668118
8.538000,-66.616753
8.539000,-66.565389
8.540000,-66.514024
8.541000,-66.462660
8.542000,-66.411296
8.543000,-66.359932
8.544000,-66.308568
8.545000,-66.257205
8.546000,-66.205841
8.547000,-66.154478
8.548000,-66.103115
8.549000,-66.051752
8.550000,-66.000390
8.551000,-65.949028
8.552000,-65.897666
8.553000,-65.846305
8.554000,-65.794944
8.555000,-65.743583
8.556000,-65.692223
8.557000,-65.640864
8.558000,-65.589504
8.559000,-65.538146
8.560000,-65.486788
8.561000,-65.435430
8.562000,-65.384073
8.563000,-65.332716
8.564000,-65.281360
8.565000,-65.230005
8.566000,-65.178650
8.567000,-65.127297
8.568000,-65.075943
8.569000,-65.024591
8.570000,-64.973239
8.571000,-64.921888
8.572000,-64.870538
8.573000,-64.819189
8.574000,-64.767840
8.575000,-64.716587
8.576000,-64.665484
8.577000,-64.614531
8.578000,-64.563726
8.579000,-64.513069
8.580000,-64.462559
8.581000,-64.412195
8.582000,-64.361976
8.583000,-64.311902
8.584000,-64.261971
8.585000,-64.212094
8.586000,-64.162218
8.587000,-64.112343
8.588000,-64.062469
8.589000,-64.012596
8.590000,-63.962724
8.591000,-63.912853
8.592000,-63.862983
8.593000,-63.813114
8.594000,-63.763246
8.595000,-63.713380
8.596000,-63.663515
8.597000,-63.613650
8.598000,-63.563788
8.599000,-63.513926
8.600000,-63.464066
8.601000,-63.414207
8.602000,-63.364349
8.603000,-63.314493
8.604000,-63.264638
8.605000,-63.214785
8.606000,-63.164933
8.607000,-63.115082
8.608000,-63.065233
8.609000,-63.015386
8.610000,-62.965540
8.611000,-62.915696
8.612000,-62.865853
8.613000,-62.816012
8.614000,-62.766173
8.615000,-62.716335
8.616000,-62.666499
8.617000,-62.616665
8.618000,-62.566833
8.619000,-62.517003
8.620000,-62.467175
8.621000,-62.417348
8.622000,-62.367523
8.623000,-62.317701
8.624000,-62.267880
8.625000,-62.218069
8.626000,-62.168594
8.627000,-62.119599
8.628000,-62.071080
8.629000,-62.023035
8.630000,-61.975461
8.631000,-61.928356
8.632000,-61.881716
8.633000,-61.835540
8.634000,-61.789825
8.635000,-61.744561
8.636000,-61.699438
8.637000,-61.654316
8.638000,-61.609196
8.639000,-61.564077
8.640000,-61.518960
8.641000,-61.473844
8.642000,-61.428730
8.643000,-61.383618
8.644000,-61.338507
8.645000,-61.293398
8.646000,-61.248290
8.647000,-61.203184
8.648000,-61.158080
8.649000,-61.112978
8.650000,-61.067878
8.651000,-61.022779
8.652000,-60.977682
8.653000,-60.932587
8.654000,-60.887494
8.655000,-60.842403
8.656000,-60.797314
8.657000,-60.752227
8.658000,-60.707143
8.659000,-60.662060
8.660000,-60.616979
8.661000,-60.571900
8.662000,-60.526824
8.663000,-60.481749
8.664000,-60.436677
8.665000,-60.391607
8.666000,-60.346540
8.667000,-60.301474
8.668000,-60.256411
8.669000,-60.211351
8.670000,-60.166293
8.671000,-60.121237
8.672000,-60.076184
8.673000,-60.031133
8.674000,-59.986085
8.675000,-59.941039
8.676000,-59.895996
8.677000,-59.850955
8.678000,-59.805918
8.679000,-59.760882
8.680000,-59.715850
8.681000,-59.670820
8.682000,-59.625794
8.683000,-59.580770
8.684000,-59.535748
8.685000,-59.490730
8.686000,-59.445715
8.687000,-59.400703
8.688000,-59.355693
8.689000,-59.310687
8.690000,-59.265684
8.691000,-59.220684
8.692000,-59.175687
8.693000,-59.130693
8.694000,-59.085702
8.695000,-59.040715
8.696000,-58.995731
8.697000,-58.950750
8.698000,-58.905773
8.699000,-58.860799
8.700000,-58.815828
8.701000,-58.770861
8.702000,-58.725898
8.703000,-58.680938
8.704000,-58.635981
8.705000,-58.591029
8.706000,-58.546080
8.707000,-58.501134
8.708000,-58.456193
8.709000,-58.411255
8.710000,-58.366321
8.711000,-58.321390
8.712000,-58.276464
8.713000,-58.231542
8.714000,-58.186623
8.715000,-58.141709
8.716000,-58.096799
8.717000,-58.051893
8.718000,-58.006991
8.719000,-57.962093
8.720000,-57.917199
8.721000,-57.872310
8.722000,-57.827425
8.723000,-57.782544
8.724000,-57.737668
8.725000,-57.692796
8.726000,-57.648000
8.727000,-57.603333
8.728000,-57.558796
8.729000,-57.514386
8.730000,-57.470104
8.731000,-57.425948
8.732000,-57.381919
8.733000,-57.338016
8.734000,-57.294237
8.735000,-57.250583
8.736000,-57.206986
8.737000,-57.163392
8.738000,-57.119803
8.739000,-57.076219
8.740000,-57.032640
8.741000,-56.989065
8.742000,-56.945495
8.743000,-56.901930
8.744000,-56.858369
8.745000,-56.814814
8.746000,-56.771263
8.747000,-56.727718
8.748000,-56.684177
8.749000,-56.640642
8.750000,-56.597111
8.751000,-56.553586
8.752000,-56.510066
8.753000,-56.466551
8.754000,-56.423042
8.755000,-56.379538
8.756000,-56.336039
8.757000,-56.292546
8.758000,-56.249058
8.759000,-56.205576
8.760000,-56.162099
8.761000,-56.118628
8.762000,-56.075163
8.763000,-56.031704
8.764000,-55.988250
8.765000,-55.944802
8.766000,-55.901360
8.767000,-55.857923
8.768000,-55.814493
8.769000,-55.771069
8.770000,-55.727651
8.771000,-55.684239
8.772000,-55.640833
8.773000,-55.597433
8.774000,-55.554040
8.775000,-55.510653
8.776000,-55.467273
8.777000,-55.423898
8.778000,-55.380531
8.779000,-55.337169
8.780000,-55.293815
8.781000,-55.250467
8.782000,-55.207126
8.783000,-55.163791
8.784000,-55.120463
8.785000,-55.077143
8.786000,-55.033829
8.787000,-54.990522
8.788000,-54.947222
8.789000,-54.903929
8.790000,-54.860643
8.791000,-54.817365
8.792000,-54.774093
8.793000,-54.730829
8.794000,-54.687573
8.795000,-54.644323
8.796000,-54.601082
8.797000,-54.557847
8.798000,-54.514621
8.799000,-54.471402
8.800000,-54.428190
8.801000,-54.384987
8.802000,-54.341791
8.803000,-54.298603
8.804000,-54.255423
8.805000,-54.212251
8.806000,-54.169087
8.807000,-54.125932
8.808000,-54.082784
8.809000,-54.039645
8.810000,-53.996513
8.811000,-53.953391
8.812000,-53.910276
8.813000,-53.867171
8.814000,-53.824073
8.815000,-53.780985
8.816000,-53.737905
8.817000,-53.694879
8.818000,-53.652009
8.819000,-53.609295
8.820000,-53.566737
8.821000,-53.524334
8.822000,-53.482086
8.823000,-53.439991
8.824000,-53.398050
8.825000,-53.356261
8.826000,-53.314623
8.827000,-53.273093
8.828000,-53.231574
8.829000,-53.190063
8.830000,-53.148561
8.831000,-53.107069
8.832000,-53.065585
8.833000,-53.024110
8.834000,-52.982644
8.835000,-52.941187
8.836000,-52.899739
8.837000,-52.858300
8.838000,-52.816871
8.839000,-52.775451
8.840000,-52.734040
8.841000,-52.692639
8.842000,-52.651247
8.843000,-52.609865
8.844000,-52.568493
8.845000,-52.527130
8.846000,-52.485777
8.847000,-52.444434
8.848000,-52.403101
8.849000,-52.361778
8.850000,-52.320464
8.851000,-52.279161
8.852000,-52.237868
8.853000,-52.196586
8.854000,-52.155313
8.855000,-52.114051
8.856000,-52.072800
8.857000,-52.031559
8.858000,-51.990328
8.859000,-51.949108
8.860000,-51.907899
8.861000,-51.866701
8.862000,-51.825514
8.863000,-51.784337
8.864000,-51.743172
8.865000,-51.702017
8.866000,-51.660874
8.867000,-51.619742
8.868000,-51.578621
8.869000,-51.537512
8.870000,-51.496414
8.871000,-51.455328
8.872000,-51.414253
8.873000,-51.373190
8.874000,-51.332138
8.875000,-51.291099
8.876000,-51.250071
8.877000,-51.209055
8.878000,-51.168051
8.879000,-51.127060
8.880000,-51.086080
8.881000,-51.045113
8.882000,-51.004158
8.883000,-50.963216
8.884000,-50.922286
8.885000,-50.881368
8.886000,-50.840463
8.887000,-50.799571
8.888000,-50.758692
8.889000,-50.717826
8.890000,-50.676972
8.891000,-50.636132
8.892000,-50.595305
8.893000,-50.554490
8.894000,-50.513690
8.895000,-50.472902
8.896000,-50.432128
8.897000,-50.391368
8.898000,-50.350621
8.899000,-50.309888
8.900000,-50.269168
8.901000,-50.228463
8.902000,-50.187771
8.903000,-50.147093
8.904000,-50.106430
8.905000,-50.065780
8.906000,-50.025145
8.907000,-49.984524
8.908000,-49.943918
8.909000,-49.903326
8.910000,-49.864237
8.911000,-49.828892
8.912000,-49.797296
8.913000,-49.769427
8.914000,-49.745265
8.915000,-49.724798
8.916000,-49.708014
8.917000,-49.694910
8.918000,-49.685487
8.919000,-49.679748
8.920000,-49.676247
8.921000,-49.672778
8.922000,-49.669305
8.923000,-49.665829
8.924000,-49.662350
8.925000,-49.658868
8.926000,-49.655383
8.927000,-49.651894
8.928000,-49.648403
8.929000,-49.644908
8.930000,-49.641411
8.931000,-49.637910
8.932000,-49.634406
8.933000,-49.630899
8.934000,-49.627389
8.935000,-49.623875
8.936000,-49.620359
8.937000,-49.616839
8.938000,-49.613317
8.939000,-49.609791
8.940000,-49.606262
8.941000,-49.602730
8.942000,-49.599195
8.943000,-49.595657
8.944000,-49.592115
8.945000,-49.588571
8.946000,-49.585024
8.947000,-49.581473
8.948000,-49.577919
8.949000,-49.574362
8.950000,-49.570802
8.951000,-49.567239
8.952000,-49.563673
8.953000,-49.560104
8.954000,-49.556531
8.955000,-49.552956
8.956000,-49.549377
8.957000,-49.545796
8.958000,-49.542211
8.959000,-49.538623
8.960000,-49.535032
8.961000,-49.531438
8.962000,-49.527841
8.963000,-49.524240
8.964000,-49.520637
8.965000,-49.517031
8.966000,-49.513421
8.967000,-49.509808
8.968000,-49.506193
8.969000,-49.502574
8.970000,-49.498952
8.971000,-49.495327
8.972000,-49.491699
8.973000,-49.488067
8.974000,-49.484433
8.975000,-49.480796
8.976000,-49.477155
8.977000,-49.473512
8.978000,-49.469865
8.979000,-49.466215
8.980000,-49.462563
8.981000,-49.458907
8.982000,-49.455248
8.983000,-49.451586
8.984000,-49.447921
8.985000,-49.444253
8.986000,-49.440581
8.987000,-49.436907
8.988000,-49.433229
8.989000,-49.429549
8.990000,-49.425865
8.991000,-49.422179
8.992000,-49.418489
8.993000,-49.414796
8.994000,-49.411100
8.995000,-49.407402
8.996000,-49.403700
8.997000,-49.399995
8.998000,-49.396286
8.999000,-49.392575
9.000000,-49.388861
9.001000,-49.385144
9.002000,-49.381423
9.003000,-49.377700
9.004000,-49.373973
9.005000,-49.370244
9.006000,-49.366511
9.007000,-49.362776
9.008000,-49.359037
9.009000,-49.355295
9.010000,-49.351550
9.011000,-49.347803
9.012000,-49.344052
9.013000,-49.340298
9.014000,-49.336541
9.015000,-49.332781
9.016000,-49.329018
9.017000,-49.325251
9.018000,-49.321482
9.019000,-49.317710
9.020000,-49.313935
9.021000,-49.310156
9.022000,-49.306375
9.023000,-49.302591
9.024000,-49.298803
9.025000,-49.295013
9.026000,-49.291219
9.027000,-49.287423
9.028000,-49.283623
9.029000,-49.279821
9.030000,-49.276015
9.031000,-49.272207
9.032000,-49.268395
9.033000,-49.264580
9.034000,-49.260762
9.035000,-49.256942
9.036000,-49.253118
9.037000,-49.249291
9.038000,-49.245461
9.039000,-49.241629
9.040000,-49.237793
9.041000,-49.233954
9.042000,-49.230112
9.043000,-49.226267
9.044000,-49.222419
9.045000,-49.218569
9.046000,-49.214715
9.047000,-49.210858
9.048000,-49.206998
9.049000,-49.203135
9.050000,-49.199269
9.051000,-49.195400
9.052000,-49.191528
9.053000,-49.187653
9.054000,-49.183775
9.055000,-49.179894
9.056000,-49.176010
9.057000,-49.172124
9.058000,-49.168234
9.059000,-49.164341
9.060000,-49.160445
9.061000,-49.156546
9.062000,-49.152644
9.063000,-49.148739
9.064000,-49.144832
9.065000,-49.140921
9.066000,-49.137007
9.067000,-49.133090
9.068000,-49.129170
9.069000,-49.125248
9.070000,-49.121322
9.071000,-49.117393
9.072000,-49.113462
9.073000,-49.109527
9.074000,-49.105590
9.075000,-49.101649
9.076000,-49.097705
9.077000,-49.093759
9.078000,-49.089810
9.079000,-49.085857
9.080000,-49.081902
9.081000,-49.077943
9.082000,-49.073982
9.083000,-49.070018
9.084000,-49.066051
9.085000,-49.062081
9.086000,-49.058107
9.087000,-49.054131
9.088000,-49.050152
9.089000,-49.046170
9.090000,-49.042186
9.091000,-49.038198
9.092000,-49.034207
9.093000,-49.030213
9.094000,-49.026217
9.095000,-49.022217
9.096000,-49.018214
9.097000,-49.014209
9.098000,-49.010201
9.099000,-49.006189
9.100000,-49.002175
9.101000,-48.998158
9.102000,-48.994138
9.103000,-48.990115
9.104000,-48.986089
9.105000,-48.982060
9.106000,-48.978028
9.107000,-48.973993
9.108000,-48.969956
9.109000,-48.965915
9.110000,-48.961872
9.111000,-48.957825
9.112000,-48.953776
9.113000,-48.949724
9.114000,-48.945669
9.115000,-48.941611
9.116000,-48.937550
9.117000,-48.933486
9.118000,-48.929419
9.119000,-48.925350
9.120000,-48.921277
9.121000,-48.917202
9.122000,-48.913123
9.123000,-48.909042
9.124000,-48.904958
9.125000,-48.900871
9.126000,-48.896781
9.127000,-48.892689
9.128000,-48.888593
9.129000,-48.884494
9.130000,-48.880393
9.131000,-48.876289
9.132000,-48.872182
9.133000,-48.868072
9.134000,-48.863959
9.135000,-48.859843
9.136000,-48.855725
9.137000,-48.851603
9.138000,-48.847479
9.139000,-48.843352
9.140000,-48.839221
9.141000,-48.835089
9.142000,-48.830953
9.143000,-48.826814
9.144000,-48.822673
9.145000,-48.818528
9.146000,-48.814381
9.147000,-48.810231
9.148000,-48.806078
9.149000,-48.801923
9.150000,-48.797764
9.151000,-48.793603
9.152000,-48.789438
9.153000,-48.785271
9.154000,-48.781101
9.155000,-48.776929
9.156000,-48.772753
9.157000,-48.768575
9.158000,-48.764393
9.159000,-48.760209
9.160000,-48.756023
9.161000,-48.751833
9.162000,-48.747640
9.163000,-48.743445
9.164000,-48.739247
9.165000,-48.735046
9.166000,-48.730842
9.167000,-48.726636
9.168000,-48.722426
9.169000,-48.718214
9.170000,-48.713999
9.171000,-48.709781
9.172000,-48.705561
9.173000,-48.701337
9.174000,-48.697111
9.175000,-48.692882
9.176000,-48.688650
9.177000,-48.684416
9.178000,-48.680178
9.179000,-48.675938
9.180000,-48.671695
9.181000,-48.667450
9.182000,-48.663201
9.183000,-48.658950
9.184000,-48.654696
9.185000,-48.650439
9.186000,-48.646179
9.187000,-48.641917
9.188000,-48.637652
9.189000,-48.633384
9.190000,-48.629113
9.191000,-48.624840
9.192000,-48.620564
9.193000,-48.616285
9.194000,-48.612003
9.195000,-48.607719
9.196000,-48.603432
9.197000,-48.599142
9.198000,-48.594849
9.199000,-48.590554
9.200000,-48.586256
9.201000,-48.581955
9.202000,-48.577651
9.203000,-48.573345
9.204000,-48.569036
9.205000,-48.564724
9.206000,-48.560409
9.207000,-48.556092
9.208000,-48.551772
9.209000,-48.547449
9.210000,-48.543124
9.211000,-48.538796
9.212000,-48.534465
9.213000,-48.530131
9.214000,-48.525795
9.215000,-48.521456
9.216000,-48.517114
9.217000,-48.512770
9.218000,-48.508423
9.219000,-48.504073
9.220000,-48.499720
9.221000,-48.495365
9.222000,-48.491007
9.223000,-48.486646
9.224000,-48.482283
9.225000,-48.477917
9.226000,-48.473549
9.227000,-48.469177
9.228000,-48.464803
9.229000,-48.460426
9.230000,-48.456047
9.231000,-48.451665
9.232000,-48.447280
9.233000,-48.442893
9.234000,-48.438503
9.235000,-48.434110
9.236000,-48.429715
9.237000,-48.425317
9.238000,-48.420916
9.239000,-48.416513
9.240000,-48.412107
9.241000,-48.407698
9.242000,-48.403287
9.243000,-48.398873
9.244000,-48.394456
9.245000,-48.390037
9.246000,-48.385615
9.247000,-48.381190
9.248000,-48.376763
9.249000,-48.372333
9.250000,-48.367901
9.251000,-48.363466
9.252000,-48.359028
9.253000,-48.354588
9.254000,-48.350145
9.255000,-48.345700
9.256000,-48.341251
9.257000,-48.336801
9.258000,-48.332347
9.259000,-48.327891
9.260000,-48.323433
9.261000,-48.318971
9.262000,-48.314508
9.263000,-48.310041
9.264000,-48.305572
9.265000,-48.301101
9.266000,-48.296627
9.267000,-48.292150
9.268000,-48.287670
9.269000,-48.283189
9.270000,-48.278704
9.271000,-48.274217
9.272000,-48.269727
9.273000,-48.265235
9.274000,-48.260740
9.275000,-48.256243
9.276000,-48.251743
9.277000,-48.247240
9.278000,-48.242735
9.279000,-48.238228
9.280000,-48.233717
9.281000,-48.229205
9.282000,-48.224689
9.283000,-48.220171
9.284000,-48.215651
9.285000,-48.211128
9.286000,-48.206603
9.287000,-48.202075
9.288000,-48.197544
9.289000,-48.193011
9.290000,-48.188475
9.291000,-48.183937
9.292000,-48.179396
9.293000,-48.174853
9.294000,-48.170307
9.295000,-48.165759
9.296000,-48.161208
9.297000,-48.156655
9.298000,-48.152099
9.299000,-48.147541
9.300000,-48.142980
9.301000,-48.138417
9.302000,-48.133851
9.303000,-48.129283
9.304000,-48.124712
9.305000,-48.120139
9.306000,-48.115563
9.307000,-48.110984
9.308000,-48.106404
9.309000,-48.101820
9.310000,-48.097235
9.311000,-48.092646
9.312000,-48.088056
9.313000,-48.083462
9.314000,-48.078867
9.315000,-48.074269
9.316000,-48.069668
9.317000,-48.065065
9.318000,-48.060459
9.319000,-48.055851
9.320000,-48.051241
9.321000,-48.046628
9.322000,-48.042013
9.323000,-48.037395
9.324000,-48.032775
9.325000,-48.028152
9.326000,-48.023527
9.327000,-48.018899
9.328000,-48.014269
9.329000,-48.009637
9.330000,-48.005002
9.331000,-48.000365
9.332000,-47.995725
9.333000,-47.991083
9.334000,-47.986439
9.335000,-47.981792
9.336000,-47.977142
9.337000,-47.972490
9.338000,-47.967836
9.339000,-47.963180
9.340000,-47.958521
9.341000,-47.953859
9.342000,-47.949195
9.343000,-47.944529
9.344000,-47.939861
9.345000,-47.935190
9.346000,-47.930516
9.347000,-47.925841
9.348000,-47.921162
9.349000,-47.916482
9.350000,-47.911799
9.351000,-47.907114
9.352000,-47.902426
9.353000,-47.897736
9.354000,-47.893044
9.355000,-47.888349
9.356000,-47.883652
9.357000,-47.878953
9.358000,-47.874251
9.359000,-47.869547
9.360000,-47.864840
9.361000,-47.860131
9.362000,-47.855420
9.363000,-47.850706
9.364000,-47.845991
9.365000,-47.841272
9.366000,-47.836552
9.367000,-47.831829
9.368000,-47.827104
9.369000,-47.822376
9.370000,-47.817646
9.371000,-47.812914
9.372000,-47.808180
9.373000,-47.803443
9.374000,-47.798704
9.375000,-47.793962
9.376000,-47.789219
9.377000,-47.784473
9.378000,-47.779724
9.379000,-47.774974
9.380000,-47.770221
9.381000,-47.765466
9.382000,-47.760708
9.383000,-47.755948
9.384000,-47.751186
9.385000,-47.746422
9.386000,-47.741655
9.387000,-47.736886
9.388000,-47.732115
9.389000,-47.727342
9.390000,-47.722566
9.391000,-47.717788
9.392000,-47.713008
9.393000,-47.708226
9.394000,-47.703441
9.395000,-47.698654
9.396000,-47.693865
9.397000,-47.689073
9.398000,-47.684279
9.399000,-47.679483
9.400000,-47.674685
9.401000,-47.669885
9.402000,-47.665082
9.403000,-47.660277
9.404000,-47.655470
9.405000,-47.650661
9.406000,-47.645849
9.407000,-47.641035
9.408000,-47.636219
9.409000,-47.631401
9.410000,-47.626581
9.411000,-47.621758
9.412000,-47.616933
9.413000,-47.612106
9.414000,-47.607277
9.415000,-47.602446
9.416000,-47.597612
9.417000,-47.592776
9.418000,-47.587938
9.419000,-47.583098
9.420000,-47.578256
9.421000,-47.573411
9.422000,-47.568564
9.423000,-47.563716
9.424000,-47.558865
9.425000,-47.554011
9.426000,-47.549156
9.427000,-47.544298
9.428000,-47.539439
9.429000,-47.534577
9.430000,-47.529713
9.431000,-47.524847
9.432000,-47.519978
9.433000,-47.515108
9.434000,-47.510235
9.435000,-47.505361
9.436000,-47.500484
9.437000,-47.495605
9.438000,-47.490724
9.439000,-47.485841
9.440000,-47.480955
9.441000,-47.476068
9.442000,-47.471178
9.443000,-47.466286
9.444000,-47.461393
9.445000,-47.456497
9.446000,-47.451599
9.447000,-47.446699
9.448000,-47.441796
9.449000,-47.436892
9.450000,-47.431986
9.451000,-47.427077
9.452000,-47.422166
9.453000,-47.417254
9.454000,-47.412339
9.455000,-47.407422
9.456000,-47.402503
9.457000,-47.397582
9.458000,-47.392659
9.459000,-47.387734
9.460000,-47.382807
9.461000,-47.377878
9.462000,-47.372946
9.463000,-47.368013
9.464000,-47.363078
9.465000,-47.358140
9.466000,-47.353201
9.467000,-47.348259
9.468000,-47.343316
9.469000,-47.338370
9.470000,-47.333422
9.471000,-47.328473
9.472000,-47.323521
9.473000,-47.318567
9.474000,-47.313611
9.475000,-47.308654
9.476000,-47.303694
9.477000,-47.298732
9.478000,-47.293768
9.479000,-47.288802
9.480000,-47.283835
9.481000,-47.278865
9.482000,-47.273893
9.483000,-47.268919
9.484000,-47.263943
9.485000,-47.258965
9.486000,-47.253986
9.487000,-47.249004
9.488000,-47.244020
9.489000,-47.239034
9.490000,-47.234047
9.491000,-47.229057
9.492000,-47.224065
9.493000,-47.219072
9.494000,-47.214076
9.495000,-47.209079
9.496000,-47.204079
9.497000,-47.199078
9.498000,-47.194074
9.499000,-47.189069
9.500000,-47.184062
9.501000,-47.179053
9.502000,-47.174041
9.503000,-47.169028
9.504000,-47.164013
9.505000,-47.158996
9.506000,-47.153977
9.507000,-47.148957
9.508000,-47.143934
9.509000,-47.138909
9.510000,-47.133883
9.511000,-47.128854
9.512000,-47.123824
9.513000,-47.118792
9.514000,-47.113758
9.515000,-47.108722
9.516000,-47.103684
9.517000,-47.098644
9.518000,-47.093602
9.519000,-47.088558
9.520000,-47.083513
9.521000,-47.078465
9.522000,-47.073416
9.523000,-47.068365
9.524000,-47.063312
9.525000,-47.058257
9.526000,-47.053200
9.527000,-47.048142
9.528000,-47.043081
9.529000,-47.038019
9.530000,-47.032955
9.531000,-47.027889
9.532000,-47.022821
9.533000,-47.017751
9.534000,-47.012680
9.535000,-47.007606
9.536000,-47.002531
9.537000,-46.997454
9.538000,-46.992375
9.539000,-46.987295
9.540000,-46.982212
9.541000,-46.977128
9.542000,-46.972042
9.543000,-46.966954
9.544000,-46.961864
9.545000,-46.956772
9.546000,-46.951679
9.547000,-46.946584
9.548000,-46.941487
9.549000,-46.936388
9.550000,-46.931287
9.551000,-46.926185
9.552000,-46.921081
9.553000,-46.915975
9.554000,-46.910867
9.555000,-46.905758
9.556000,-46.900646
9.557000,-46.895533
9.558000,-46.890419
9.559000,-46.885302
9.560000,-46.880184
9.561000,-46.875064
9.562000,-46.869942
9.563000,-46.864818
9.564000,-46.859693
9.565000,-46.854566
9.566000,-46.849437
9.567000,-46.844307
9.568000,-46.839174
9.569000,-46.834040
9.570000,-46.828905
9.571000,-46.823767
9.572000,-46.818628
9.573000,-46.813487
9.574000,-46.808344
9.575000,-46.803200
9.576000,-46.798054
9.577000,-46.792906
9.578000,-46.787757
9.579000,-46.782606
9.580000,-46.777453
9.581000,-46.772298
9.582000,-46.767142
9.583000,-46.761984
9.584000,-46.756825
9.585000,-46.751663
9.586000,-46.746500
9.587000,-46.741336
9.588000,-46.736169
9.589000,-46.731001
9.590000,-46.725832
9.591000,-46.720660
9.592000,-46.715487
9.593000,-46.710313
9.594000,-46.705136
9.595000,-46.699958
9.596000,-46.694779
9.597000,-46.689598
9.598000,-46.684415
9.599000,-46.679230
9.600000,-46.674044
9.601000,-46.668856
9.602000,-46.663667
9.603000,-46.658476
9.604000,-46.653283
9.605000,-46.648089
9.606000,-46.642893
9.607000,-46.637695
9.608000,-46.632496
9.609000,-46.627295
9.610000,-46.622093
9.611000,-46.616889
9.612000,-46.611684
9.613000,-46.606476
9.614000,-46.601268
9.615000,-46.596057
9.616000,-46.590845
9.617000,-46.585632
9.618000,-46.580417
9.619000,-46.575200
9.620000,-46.569982
9.621000,-46.564762
9.622000,-46.559541
9.623000,-46.554318
9.624000,-46.549093
9.625000,-46.543867
9.626000,-46.538640
9.627000,-46.533411
9.628000,-46.528180
9.629000,-46.522948
9.630000,-46.517714
9.631000,-46.512478
9.632000,-46.507242
9.633000,-46.502003
9.634000,-46.496763
9.635000,-46.491522
9.636000,-46.486279
9.637000,-46.481034
9.638000,-46.475788
9.639000,-46.470541
9.640000,-46.465292
9.641000,-46.460041
9.642000,-46.454789
9.643000,-46.449535
9.644000,-46.444280
9.645000,-46.439024
9.646000,-46.433766
9.647000,-46.428506
9.648000,-46.423245
9.649000,-46.417983
9.650000,-46.412719
9.651000,-46.407453
9.652000,-46.402186
9.653000,-46.396918
9.654000,-46.391648
9.655000,-46.386377
9.656000,-46.381104
9.657000,-46.375830
9.658000,-46.370554
9.659000,-46.365277
9.660000,-46.359998
9.661000,-46.354718
9.662000,-46.349437
9.663000,-46.344154
9.664000,-46.338869
9.665000,-46.333583
9.666000,-46.328296
9.667000,-46.323007
9.668000,-46.317717
9.669000,-46.312426
9.670000,-46.307133
9.671000,-46.301839
9.672000,-46.296543
9.673000,-46.291246
9.674000,-46.285947
9.675000,-46.280647
9.676000,-46.275346
9.677000,-46.270043
9.678000,-46.264739
9.679000,-46.259433
9.680000,-46.254126
9.681000,-46.248818
9.682000,-46.243508
9.683000,-46.238197
9.684000,-46.232885
9.685000,-46.227571
9.686000,-46.222256
9.687000,-46.216939
9.688000,-46.211621
9.689000,-46.206302
9.690000,-46.200981
9.691000,-46.195659
9.692000,-46.190336
9.693000,-46.185011
9.694000,-46.179685
9.695000,-46.174358
9.696000,-46.169029
9.697000,-46.163699
9.698000,-46.158368
9.699000,-46.153035
9.700000,-46.147701
9.701000,-46.142365
9.702000,-46.137029
9.703000,-46.131691
9.704000,-46.126352
9.705000,-46.121011
9.706000,-46.115669
9.707000,-46.110326
9.708000,-46.104981
9.709000,-46.099635
9.710000,-46.094288
9.711000,-46.088940
9.712000,-46.083590
9.713000,-46.078239
9.714000,-46.072887
9.715000,-46.067534
9.716000,-46.062179
9.717000,-46.056823
9.718000,-46.051465
9.719000,-46.046107
9.720000,-46.040747
9.721000,-46.035386
9.722000,-46.030023
9.723000,-46.024660
9.724000,-46.019295
9.725000,-46.013929
9.726000,-46.008561
9.727000,-46.003193
9.728000,-45.997823
9.729000,-45.992452
9.730000,-45.987079
9.731000,-45.981706
9.732000,-45.976331
9.733000,-45.970955
9.734000,-45.965578
9.735000,-45.960199
9.736000,-45.954820
9.737000,-45.949439
9.738000,-45.944057
9.739000,-45.938674
9.740000,-45.933289
9.741000,-45.927903
9.742000,-45.922517
9.743000,-45.917129
9.744000,-45.911739
9.745000,-45.906349
9.746000,-45.900957
9.747000,-45.895564
9.748000,-45.890171
9.749000,-45.884775
9.750000,-45.879379
9.751000,-45.873982
9.752000,-45.868583
9.753000,-45.863183
9.754000,-45.857782
9.755000,-45.852380
9.756000,-45.846977
9.757000,-45.841572
9.758000,-45.836167
9.759000,-45.830760
9.760000,-45.825352
9.761000,-45.819943
9.762000,-45.814533
9.763000,-45.809122
9.764000,-45.803710
9.765000,-45.798296
9.766000,-45.792882
9.767000,-45.787466
9.768000,-45.782049
9.769000,-45.776631
9.770000,-45.771212
9.771000,-45.765792
9.772000,-45.760370
9.773000,-45.754948
9.774000,-45.749525
9.775000,-45.744100
9.776000,-45.738674
9.777000,-45.733248
9.778000,-45.727820
9.779000,-45.722391
9.780000,-45.716961
9.781000,-45.711530
9.782000,-45.706098
9.783000,-45.700665
9.784000,-45.695230
9.785000,-45.689795
9.786000,-45.684359
9.787000,-45.678921
9.788000,-45.673483
9.789000,-45.668043
9.790000,-45.662602
9.791000,-45.657161
9.792000,-45.651718
9.793000,-45.646274
9.794000,-45.640830
9.795000,-45.635384
9.796000,-45.629937
9.797000,-45.624489
9.798000,-45.619040
9.799000,-45.613590
9.800000,-45.608140
9.801000,-45.602688
9.802000,-45.597235
9.803000,-45.591781
9.804000,-45.586326
9.805000,-45.580870
9.806000,-45.575413
9.807000,-45.569955
9.808000,-45.564496
9.809000,-45.559036
9.810000,-45.553575
9.811000,-45.548113
9.812000,-45.542650
9.813000,-45.537186
9.814000,-45.531722
9.815000,-45.526256
9.816000,-45.520789
9.817000,-45.515321
9.818000,-45.509853
9.819000,-45.504381
9.820000,-45.498904
9.821000,-45.493415
9.822000,-45.487907
9.823000,-45.482373
9.824000,-45.476805
9.825000,-45.471192
9.826000,-45.465524
9.827000,-45.459792
9.828000,-45.453983
9.829000,-45.448089
9.830000,-45.442100
9.831000,-45.436010
9.832000,-45.429812
9.833000,-45.423502
9.834000,-45.417074
9.835000,-45.410523
9.836000,-45.403846
9.837000,-45.397037
9.838000,-45.390092
9.839000,-45.383007
9.840000,-45.375781
9.841000,-45.368412
9.842000,-45.360901
9.843000,-45.353247
9.844000,-45.345453
9.845000,-45.337521
9.846000,-45.329454
9.847000,-45.321258
9.848000,-45.312936
9.849000,-45.304496
9.850000,-45.295940
9.851000,-45.287273
9.852000,-45.278501
9.853000,-45.269625
9.854000,-45.260651
9.855000,-45.251582
9.856000,-45.242421
9.857000,-45.233171
9.858000,-45.223836
9.859000,-45.214417
9.860000,-45.204919
9.861000,-45.195344
9.862000,-45.185693
9.863000,-45.175969
9.864000,-45.166175
9.865000,-45.156313
9.866000,-45.146385
9.867000,-45.136392
9.868000,-45.126336
9.869000,-45.116220
9.870000,-45.106044
9.871000,-45.095811
9.872000,-45.085521
9.873000,-45.075177
9.874000,-45.064779
9.875000,-45.054329
9.876000,-45.043829
9.877000,-45.033279
9.878000,-45.022680
9.879000,-45.012033
9.880000,-45.001340
9.881000,-44.990602
9.882000,-44.979819
9.883000,-44.968992
9.884000,-44.958122
9.885000,-44.947210
9.886000,-44.936257
9.887000,-44.925263
9.888000,-44.914230
9.889000,-44.903156
9.890000,-44.892045
9.891000,-44.880895
9.892000,-44.869707
9.893000,-44.858483
9.894000,-44.847222
9.895000,-44.835925
9.896000,-44.824593
9.897000,-44.813225
9.898000,-44.801823
9.899000,-44.790386
9.900000,-44.778916
9.901000,-44.767412
9.902000,-44.755874
9.903000,-44.744304
9.904000,-44.732701
9.905000,-44.721066
9.906000,-44.709399
9.907000,-44.697700
9.908000,-44.685970
9.909000,-44.674208
9.910000,-44.662415
9.911000,-44.650591
9.912000,-44.638737
9.913000,-44.626852
9.914000,-44.614936
9.915000,-44.602991
9.916000,-44.591015
9.917000,-44.579010
9.918000,-44.566975
9.919000,-44.554910
9.920000,-44.542816
9.921000,-44.530692
9.922000,-44.518539
9.923000,-44.506357
9.924000,-44.494145
9.925000,-44.481905
9.926000,-44.469635
9.927000,-44.457337
9.928000,-44.445009
9.929000,-44.432653
9.930000,-44.420268
9.931000,-44.407855
9.932000,-44.395413
9.933000,-44.382942
9.934000,-44.370442
9.935000,-44.357914
9.936000,-44.345357
9.937000,-44.332772
9.938000,-44.320158
9.939000,-44.307516
9.940000,-44.294845
9.941000,-44.282146
9.942000,-44.269418
9.943000,-44.256662
9.944000,-44.243877
9.945000,-44.231063
9.946000,-44.218221
9.947000,-44.205351
9.948000,-44.192452
9.949000,-44.179524
9.950000,-44.166567
9.951000,-44.153582
9.952000,-44.140569
9.953000,-44.127526
9.954000,-44.114455
9.955000,-44.101355
9.956000,-44.088227
9.957000,-44.075069
9.958000,-44.061883
9.959000,-44.048668
9.960000,-44.035424
9.961000,-44.022151
9.962000,-44.008849
9.963000,-43.995517
9.964000,-43.982157
9.965000,-43.968768
9.966000,-43.955349
9.967000,-43.941902
9.968000,-43.928425
9.969000,-43.914918
9.970000,-43.901383
9.971000,-43.887817
9.972000,-43.874223
9.973000,-43.860599
9.974000,-43.846945
9.975000,-43.833262
9.976000,-43.819549
9.977000,-43.805807
9.978000,-43.792034
9.979000,-43.778232
9.980000,-43.764400
9.981000,-43.750538
9.982000,-43.736646
9.983000,-43.722724
9.984000,-43.708772
9.985000,-43.694790
9.986000,-43.680778
9.987000,-43.666735
9.988000,-43.652663
9.989000,-43.638559
9.990000,-43.624426
9.991000,-43.610262
9.992000,-43.596067
9.993000,-43.581842
9.994000,-43.567586
9.995000,-43.553300
9.996000,-43.538983
9.997000,-43.524635
9.998000,-43.510256
9.999000,-43.495846
10.000000,-43.481406
10.001000,-43.466934
10.002000,-43.452431
10.003000,-43.437898
10.004000,-43.423333
10.005000,-43.408737
10.006000,-43.394109
10.007000,-43.379450
10.008000,-43.364760
10.009000,-43.350039
10.010000,-43.335286
10.011000,-43.320501
10.012000,-43.305685
10.013000,-43.290837
10.014000,-43.275958
10.015000,-43.261047
10.016000,-43.246104
10.017000,-43.231129
10.018000,-43.216122
10.019000,-43.201084
10.020000,-43.186013
10.021000,-43.170910
10.022000,-43.155776
10.023000,-43.140609
10.024000,-43.125410
10.025000,-43.110178
10.026000,-43.094915
10.027000,-43.079619
10.028000,-43.064291
10.029000,-43.048930
10.030000,-43.033537
10.031000,-43.018112
10.032000,-43.002653
10.033000,-42.987163
10.034000,-42.971639
10.035000,-42.956083
10.036000,-42.940495
10.037000,-42.924873
10.038000,-42.909219
10.039000,-42.893532
10.040000,-42.877812
10.041000,-42.862059
10.042000,-42.846273
10.043000,-42.830454
10.044000,-42.814602
10.045000,-42.798717
10.046000,-42.782798
10.047000,-42.766847
10.048000,-42.750863
10.049000,-42.734845
10.050000,-42.718794
10.051000,-42.702709
10.052000,-42.686592
10.053000,-42.670441
10.054000,-42.654256
10.055000,-42.638038
10.056000,-42.621787
10.057000,-42.605502
10.058000,-42.589184
10.059000,-42.572832
10.060000,-42.556446
10.061000,-42.540027
10.062000,-42.523574
10.063000,-42.507087
10.064000,-42.490567
10.065000,-42.474013
10.066000,-42.457425
10.067000,-42.440804
10.068000,-42.424148
10.069000,-42.407459
10.070000,-42.390736
10.071000,-42.373979
10.072000,-42.357188
10.073000,-42.340363
10.074000,-42.323504
10.075000,-42.306611
10.076000,-42.289685
10.077000,-42.272724
10.078000,-42.255729
10.079000,-42.238700
10.080000,-42.221637
10.081000,-42.204540
10.082000,-42.187408
10.083000,-42.170243
10.084000,-42.153043
10.085000,-42.135810
10.086000,-42.118542
10.087000,-42.101240
10.088000,-42.083903
10.089000,-42.066533
10.090000,-42.049128
10.091000,-42.031689
10.092000,-42.014216
10.093000,-41.996708
10.094000,-41.979167
10.095000,-41.961590
10.096000,-41.943980
10.097000,-41.926335
10.098000,-41.908656
10.099000,-41.890943
10.100000,-41.873195
10.101000,-41.855413
10.102000,-41.837597
10.103000,-41.819746
10.104000,-41.801861
10.105000,-41.783942
10.106000,-41.765988
10.107000,-41.748000
10.108000,-41.729978
10.109000,-41.711921
10.110000,-41.693830
10.111000,-41.675705
10.112000,-41.657545
10.113000,-41.639351
10.114000,-41.621123
10.115000,-41.602860
10.116000,-41.584563
10.117000,-41.566232
10.118000,-41.547866
10.119000,-41.529466
10.120000,-41.511032
10.121000,-41.492563
10.122000,-41.474060
10.123000,-41.455523
10.124000,-41.436952
10.125000,-41.418346
10.126000,-41.399706
10.127000,-41.381032
10.128000,-41.362324
10.129000,-41.343581
10.130000,-41.324804
10.131000,-41.305993
10.132000,-41.287148
10.133000,-41.268269
10.134000,-41.249355
10.135000,-41.230408
10.136000,-41.211426
10.137000,-41.192411
10.138000,-41.173361
10.139000,-41.154277
10.140000,-41.135159
10.141000,-41.116007
10.142000,-41.096821
10.143000,-41.077602
10.144000,-41.058348
10.145000,-41.039060
10.146000,-41.019738
10.147000,-41.000383
10.148000,-40.980993
10.149000,-40.961570
10.150000,-40.942113
10.151000,-40.922622
10.152000,-40.903098
10.153000,-40.883539
10.154000,-40.863947
10.155000,-40.844321
10.156000,-40.824662
10.157000,-40.804969
10.158000,-40.785242
10.159000,-40.765481
10.160000,-40.745687
10.161000,-40.725860
10.162000,-40.705999
10.163000,-40.686104
10.164000,-40.666177
10.165000,-40.646215
10.166000,-40.626220
10.167000,-40.606192
10.168000,-40.586131
10.169000,-40.566036
10.170000,-40.545908
10.171000,-40.525747
10.172000,-40.505553
10.173000,-40.485326
10.174000,-40.465065
10.175000,-40.444772
10.176000,-40.424445
10.177000,-40.404086
10.178000,-40.383693
10.179000,-40.363268
10.180000,-40.342810
10.181000,-40.322319
10.182000,-40.301795
10.183000,-40.281238
10.184000,-40.260649
10.185000,-40.240028
10.186000,-40.219375
10.187000,-40.198689
10.188000,-40.177970
10.189000,-40.157218
10.190000,-40.136435
10.191000,-40.115619
10.192000,-40.094793
10.193000,-40.073913
10.194000,-40.053022
10.195000,-40.032098
10.196000,-40.011141
10.197000,-39.990132
10.198000,-39.969110
10.199000,-39.948057
10.200000,-39.926964
10.201000,-39.905837
10.202000,-39.884660
10.203000,-39.863481
10.204000,-39.842246
10.205000,-39.820974
10.206000,-39.799679
10.207000,-39.778368
10.208000,-39.757005
10.209000,-39.735615
10.210000,-39.714195
10.211000,-39.692754
10.212000,-39.671277
10.213000,-39.649760
10.214000,-39.628218
10.215000,-39.606647
10.216000,-39.585043
10.217000,-39.563407
10.218000,-39.541736
10.219000,-39.520030
10.220000,-39.498310
10.221000,-39.476548
10.222000,-39.454761
10.223000,-39.432942
10.224000,-39.411089
10.225000,-39.389209
10.226000,-39.367296
10.227000,-39.345356
10.228000,-39.323391
10.229000,-39.301395
10.230000,-39.279363
10.231000,-39.257302
10.232000,-39.235207
10.233000,-39.213082
10.234000,-39.190929
10.235000,-39.168751
10.236000,-39.146540
10.237000,-39.124296
10.238000,-39.102027
10.239000,-39.079730
10.240000,-39.057402
10.241000,-39.035039
10.242000,-39.012654
10.243000,-38.990241
10.244000,-38.967799
10.245000,-38.945323
10.246000,-38.922820
10.247000,-38.900286
10.248000,-38.877725
10.249000,-38.855135
10.250000,-38.832516
10.251000,-38.809868
10.252000,-38.787192
10.253000,-38.764486
10.254000,-38.741753
10.255000,-38.718993
10.256000,-38.696202
10.257000,-38.673391
10.258000,-38.650547
10.259000,-38.627673
10.260000,-38.604772
10.261000,-38.581850
10.262000,-38.558895
10.263000,-38.535915
10.264000,-38.512906
10.265000,-38.489869
10.266000,-38.466805
10.267000,-38.443714
10.268000,-38.420593
10.269000,-38.397445
10.270000,-38.374272
10.271000,-38.351071
10.272000,-38.327841
10.273000,-38.304587
10.274000,-38.281304
10.275000,-38.257995
10.276000,-38.234662
10.277000,-38.211299
10.278000,-38.187913
10.279000,-38.164502
10.280000,-38.141062
10.281000,-38.117596
10.282000,-38.094105
10.283000,-38.070589
10.284000,-38.047046
10.285000,-38.023478
10.286000,-37.999883
10.287000,-37.976264
10.288000,-37.952619
10.289000,-37.928948
10.290000,-37.905250
10.291000,-37.881528
10.292000,-37.857783
10.293000,-37.834011
10.294000,-37.810216
10.295000,-37.786392
10.296000,-37.762546
10.297000,-37.738675
10.298000,-37.714780
10.299000,-37.690860
10.300000,-37.666918
10.301000,-37.642950
10.302000,-37.618956
10.303000,-37.594936
10.304000,-37.570891
10.305000,-37.546828
10.306000,-37.522739
10.307000,-37.498622
10.308000,-37.474483
10.309000,-37.450320
10.310000,-37.426136
10.311000,-37.401926
10.312000,-37.377694
10.313000,-37.353441
10.314000,-37.329164
10.315000,-37.304863
10.316000,-37.280537
10.317000,-37.256192
10.318000,-37.231821
10.319000,-37.207429
10.320000,-37.183011
10.321000,-37.158571
10.322000,-37.134109
10.323000,-37.109624
10.324000,-37.085117
10.325000,-37.060587
10.326000,-37.036037
10.327000,-37.011464
10.328000,-36.986869
10.329000,-36.962249
10.330000,-36.937611
10.331000,-36.912953
10.332000,-36.888271
10.333000,-36.863567
10.334000,-36.838843
10.335000,-36.814098
10.336000,-36.789329
10.337000,-36.764541
10.338000,-36.739732
10.339000,-36.714903
10.340000,-36.690049
10.341000,-36.665175
10.342000,-36.640280
10.343000,-36.615367
10.344000,-36.590433
10.345000,-36.565476
10.346000,-36.540502
10.347000,-36.515504
10.348000,-36.490490
10.349000,-36.465452
10.350000,-36.440396
10.351000,-36.415319
10.352000,-36.390223
10.353000,-36.365105
10.354000,-36.339968
10.355000,-36.314814
10.356000,-36.289639
10.357000,-36.264444
10.358000,-36.239227
10.359000,-36.213994
10.360000,-36.188742
10.361000,-36.163470
10.362000,-36.138177
10.363000,-36.112869
10.364000,-36.087540
10.365000,-36.062192
10.366000,-36.036826
10.367000,-36.011441
10.368000,-35.986039
10.369000,-35.960618
10.370000,-35.935178
10.371000,-35.909721
10.372000,-35.884246
10.373000,-35.858752
10.374000,-35.833238
10.375000,-35.807709
10.376000,-35.782160
10.377000,-35.756595
10.378000,-35.731011
10.379000,-35.705411
10.380000,-35.679793
10.381000,-35.654158
10.382000,-35.628505
10.383000,-35.602835
10.384000,-35.577149
10.385000,-35.551445
10.386000,-35.525725
10.387000,-35.499987
10.388000,-35.474233
10.389000,-35.448462
10.390000,-35.422675
10.391000,-35.396871
10.392000,-35.371050
10.393000,-35.345214
10.394000,-35.319360
10.395000,-35.293491
10.396000,-35.267606
10.397000,-35.241706
10.398000,-35.215789
10.399000,-35.189857
10.400000,-35.163908
10.401000,-35.137944
10.402000,-35.111965
10.403000,-35.085970
10.404000,-35.059961
10.405000,-35.033935
10.406000,-35.007894
10.407000,-34.981838
10.408000,-34.955768
10.409000,-34.929682
10.410000,-34.903582
10.411000,-34.877467
10.412000,-34.851338
10.413000,-34.825193
10.414000,-34.799034
10.415000,-34.772861
10.416000,-34.746673
10.417000,-34.720471
10.418000,-34.694254
10.419000,-34.668024
10.420000,-34.641779
10.421000,-34.615521
10.422000,-34.589248
10.423000,-34.562962
10.424000,-34.536662
10.425000,-34.510349
10.426000,-34.484022
10.427000,-34.457682
10.428000,-34.431328
10.429000,-34.404962
10.430000,-34.378582
10.431000,-34.352189
10.432000,-34.325782
10.433000,-34.299362
10.434000,-34.272930
10.435000,-34.246484
10.436000,-34.220027
10.437000,-34.193556
10.438000,-34.167073
10.439000,-34.140577
10.440000,-34.114070
10.441000,-34.087549
10.442000,-34.061018
10.443000,-34.034474
10.444000,-34.007917
10.445000,-33.981349
10.446000,-33.954768
10.447000,-33.928176
10.448000,-33.901572
10.449000,-33.874957
10.450000,-33.848329
10.451000,-33.821691
10.452000,-33.795040
10.453000,-33.768378
10.454000,-33.741705
10.455000,-33.715021
10.456000,-33.688325
10.457000,-33.661618
10.458000,-33.634900
10.459000,-33.608171
10.460000,-33.581431
10.461000,-33.554681
10.462000,-33.527920
10.463000,-33.501149
10.464000,-33.474367
10.465000,-33.447575
10.466000,-33.420772
10.467000,-33.393959
10.468000,-33.367136
10.469000,-33.340302
10.470000,-33.313459
10.471000,-33.286605
10.472000,-33.259741
10.473000,-33.232868
10.474000,-33.205985
10.475000,-33.179091
10.476000,-33.152189
10.477000,-33.125276
10.478000,-33.098354
10.479000,-33.071423
10.480000,-33.044482
10.481000,-33.017532
10.482000,-32.990573
10.483000,-32.963605
10.484000,-32.936627
10.485000,-32.909641
10.486000,-32.882646
10.487000,-32.855641
10.488000,-32.828628
10.489000,-32.801606
10.490000,-32.774576
10.491000,-32.747537
10.492000,-32.720489
10.493000,-32.693433
10.494000,-32.666369
10.495000,-32.639296
10.496000,-32.612214
10.497000,-32.585125
10.498000,-32.558027
10.499000,-32.530921
10.500000,-32.503807
10.501000,-32.476685
10.502000,-32.449555
10.503000,-32.422417
10.504000,-32.395272
10.505000,-32.368119
10.506000,-32.340959
10.507000,-32.313792
10.508000,-32.286617
10.509000,-32.259435
10.510000,-32.232246
10.511000,-32.205049
10.512000,-32.177845
10.513000,-32.150635
10.514000,-32.123416
10.515000,-32.096191
10.516000,-32.068959
10.517000,-32.041720
10.518000,-32.014475
10.519000,-31.987222
10.520000,-31.959963
10.521000,-31.932697
10.522000,-31.905425
10.523000,-31.878147
10.524000,-31.850862
10.525000,-31.823571
10.526000,-31.796273
10.527000,-31.768970
10.528000,-31.741660
10.529000,-31.714344
10.530000,-31.687022
10.531000,-31.659694
10.532000,-31.632361
10.533000,-31.605021
10.534000,-31.577675
10.535000,-31.550324
10.536000,-31.522967
10.537000,-31.495604
10.538000,-31.468236
10.539000,-31.440862
10.540000,-31.413483
10.541000,-31.386099
10.542000,-31.358709
10.543000,-31.331314
10.544000,-31.303914
10.545000,-31.276509
10.546000,-31.249098
10.547000,-31.221683
10.548000,-31.194263
10.549000,-31.166838
10.550000,-31.139408
10.551000,-31.111973
10.552000,-31.084534
10.553000,-31.057090
10.554000,-31.029641
10.555000,-31.002188
10.556000,-30.974730
10.557000,-30.947268
10.558000,-30.919802
10.559000,-30.892331
10.560000,-30.864856
10.561000,-30.837377
10.562000,-30.809894
10.563000,-30.782406
10.564000,-30.754915
10.565000,-30.727419
10.566000,-30.699920
10.567000,-30.672416
10.568000,-30.644909
10.569000,-30.617398
10.570000,-30.589884
10.571000,-30.562366
10.572000,-30.534844
10.573000,-30.507319
10.574000,-30.479790
10.575000,-30.452258
10.576000,-30.424722
10.577000,-30.397183
10.578000,-30.369642
10.579000,-30.342096
10.580000,-30.314548
10.581000,-30.286996
10.582000,-30.259442
10.583000,-30.231884
10.584000,-30.204324
10.585000,-30.176761
10.586000,-30.149194
10.587000,-30.121625
10.588000,-30.094053
10.589000,-30.066479
10.590000,-30.038901
10.591000,-30.011322
10.592000,-29.983739
10.593000,-29.956155
10.594000,-29.928567
10.595000,-29.900978
10.596000,-29.873386
10.597000,-29.845792
10.598000,-29.818196
10.599000,-29.790597
10.600000,-29.762996
10.601000,-29.735394
10.602000,-29.707789
10.603000,-29.680182
10.604000,-29.652574
10.605000,-29.624963
10.606000,-29.597351
10.607000,-29.569736
10.608000,-29.542120
10.609000,-29.514503
10.610000,-29.486884
10.611000,-29.459263
10.612000,-29.431640
10.613000,-29.404016
10.614000,-29.376391
10.615000,-29.348764
10.616000,-29.321136
10.617000,-29.293507
10.618000,-29.265876
10.619000,-29.238244
10.620000,-29.210611
10.621000,-29.182977
10.622000,-29.155341
10.623000,-29.127705
10.624000,-29.100068
10.625000,-29.072430
10.626000,-29.044790
10.627000,-29.017151
10.628000,-28.989510
10.629000,-28.961868
10.630000,-28.934226
10.631000,-28.906583
10.632000,-28.878940
10.633000,-28.851296
10.634000,-28.823651
10.635000,-28.796006
10.636000,-28.768361
10.637000,-28.740715
10.638000,-28.713068
10.639000,-28.685422
10.640000,-28.657775
10.641000,-28.630128
10.642000,-28.602480
10.643000,-28.574833
10.644000,-28.547185
10.645000,-28.519538
10.646000,-28.491890
10.647000,-28.464243
10.648000,-28.436595
10.649000,-28.408948
10.650000,-28.381301
10.651000,-28.353654
10.652000,-28.326007
10.653000,-28.298361
10.654000,-28.270715
10.655000,-28.243069
10.656000,-28.215424
10.657000,-28.187779
10.658000,-28.160135
10.659000,-28.132491
10.660000,-28.104848
10.661000,-28.077205
10.662000,-28.049563
10.663000,-28.021922
10.664000,-27.994282
10.665000,-27.966642
10.666000,-27.939003
10.667000,-27.911365
10.668000,-27.883728
10.669000,-27.856092
10.670000,-27.828457
10.671000,-27.800823
10.672000,-27.773190
10.673000,-27.745558
10.674000,-27.717928
10.675000,-27.690298
10.676000,-27.662670
10.677000,-27.635043
10.678000,-27.607417
10.679000,-27.579793
10.680000,-27.552170
10.681000,-27.524548
10.682000,-27.496928
10.683000,-27.469309
10.684000,-27.441692
10.685000,-27.414077
10.686000,-27.386463
10.687000,-27.358851
10.688000,-27.331240
10.689000,-27.303631
10.690000,-27.276024
10.691000,-27.248419
10.692000,-27.220816
10.693000,-27.193214
10.694000,-27.165614
10.695000,-27.138017
10.696000,-27.110421
10.697000,-27.082828
10.698000,-27.055236
10.699000,-27.027647
10.700000,-27.000059
10.701000,-26.972474
10.702000,-26.944891
10.703000,-26.917311
10.704000,-26.889732
10.705000,-26.862156
10.706000,-26.834583
10.707000,-26.807011
10.708000,-26.779442
10.709000,-26.751876
10.710000,-26.724312
10.711000,-26.696751
10.712000,-26.669192
10.713000,-26.641636
10.714000,-26.614082
10.715000,-26.586532
10.716000,-26.558983
10.717000,-26.531438
10.718000,-26.503896
10.719000,-26.476356
10.720000,-26.448819
10.721000,-26.421285
10.722000,-26.393754
10.723000,-26.366226
10.724000,-26.338701
10.725000,-26.311179
10.726000,-26.283659
10.727000,-26.256144
10.728000,-26.228631
10.729000,-26.201121
10.730000,-26.173615
10.731000,-26.146112
10.732000,-26.118612
10.733000,-26.091115
10.734000,-26.063622
10.735000,-26.036132
10.736000,-26.008645
10.737000,-25.981162
10.738000,-25.953683
10.739000,-25.926207
10.740000,-25.898734
10.741000,-25.871265
10.742000,-25.843800
10.743000,-25.816338
10.744000,-25.788880
10.745000,-25.761426
10.746000,-25.733976
10.747000,-25.706529
10.748000,-25.679086
10.749000,-25.651647
10.750000,-25.624211
10.751000,-25.596780
10.752000,-25.569352
10.753000,-25.541929
10.754000,-25.514509
10.755000,-25.487094
10.756000,-25.459683
10.757000,-25.432275
10.758000,-25.404872
10.759000,-25.377473
10.760000,-25.350078
10.761000,-25.322688
10.762000,-25.295301
10.763000,-25.267919
10.764000,-25.240542
10.765000,-25.213168
10.766000,-25.185799
10.767000,-25.158435
10.768000,-25.131075
10.769000,-25.103719
10.770000,-25.076368
10.771000,-25.049021
10.772000,-25.021679
10.773000,-24.994342
10.774000,-24.967009
10.775000,-24.939681
10.776000,-24.912358
10.777000,-24.885039
10.778000,-24.857725
10.779000,-24.830416
10.780000,-24.803111
10.781000,-24.775812
10.782000,-24.748517
10.783000,-24.721228
10.784000,-24.693943
10.785000,-24.666663
10.786000,-24.639388
10.787000,-24.612119
10.788000,-24.584854
10.789000,-24.557595
10.790000,-24.530340
10.791000,-24.503091
10.792000,-24.475847
10.793000,-24.448608
10.794000,-24.421374
10.795000,-24.394146
10.796000,-24.366923
10.797000,-24.339705
10.798000,-24.312493
10.799000,-24.285286
10.800000,-24.258084
10.801000,-24.230888
10.802000,-24.203697
10.803000,-24.176512
10.804000,-24.149333
10.805000,-24.122159
10.806000,-24.094990
10.807000,-24.067828
10.808000,-24.040670
10.809000,-24.013519
10.810000,-23.986373
10.811000,-23.959233
10.812000,-23.932099
10.813000,-23.904971
10.814000,-23.877848
10.815000,-23.850732
10.816000,-23.823621
10.817000,-23.796516
10.818000,-23.769417
10.819000,-23.742324
10.820000,-23.715237
10.821000,-23.688157
10.822000,-23.661082
10.823000,-23.634013
10.824000,-23.606951
10.825000,-23.579894
10.826000,-23.552844
10.827000,-23.525800
10.828000,-23.498762
10.829000,-23.471731
10.830000,-23.444706
10.831000,-23.417687
10.832000,-23.390674
10.833000,-23.363668
10.834000,-23.336668
10.835000,-23.309675
10.836000,-23.282688
10.837000,-23.255708
10.838000,-23.228734
10.839000,-23.201767
10.840000,-23.174806
10.841000,-23.147852
10.842000,-23.120905
10.843000,-23.093964
10.844000,-23.067030
10.845000,-23.040103
10.846000,-23.013182
10.847000,-22.986268
10.848000,-22.959361
10.849000,-22.932461
10.850000,-22.905568
10.851000,-22.878681
10.852000,-22.851802
10.853000,-22.824929
10.854000,-22.798064
10.855000,-22.771205
10.856000,-22.744354
10.857000,-22.717509
10.858000,-22.690672
10.859000,-22.663841
10.860000,-22.637018
10.861000,-22.610202
10.862000,-22.583393
10.863000,-22.556592
10.864000,-22.529798
10.865000,-22.503011
10.866000,-22.476231
10.867000,-22.449458
10.868000,-22.422693
10.869000,-22.395936
10.870000,-22.369186
10.871000,-22.342443
10.872000,-22.315707
10.873000,-22.288980
10.874000,-22.262259
10.875000,-22.235547
10.876000,-22.208842
10.877000,-22.182144
10.878000,-22.155454
10.879000,-22.128772
10.880000,-22.102097
10.881000,-22.075430
10.882000,-22.048771
10.883000,-22.022120
10.884000,-21.995476
10.885000,-21.968841
10.886000,-21.942213
10.887000,-21.915593
10.888000,-21.888981
10.889000,-21.862377
10.890000,-21.835781
10.891000,-21.809193
10.892000,-21.782612
10.893000,-21.756040
10.894000,-21.729476
10.895000,-21.702920
10.896000,-21.676372
10.897000,-21.649828
10.898000,-21.623286
10.899000,-21.596743
10.900000,-21.570195
10.901000,-21.543640
10.902000,-21.517076
10.903000,-21.490501
10.904000,-21.463911
10.905000,-21.437305
10.906000,-21.410682
10.907000,-21.384043
10.908000,-21.357388
10.909000,-21.330720
10.910000,-21.304040
10.911000,-21.277348
10.912000,-21.250647
10.913000,-21.223937
10.914000,-21.197219
10.915000,-21.170494
10.916000,-21.143763
10.917000,-21.117027
10.918000,-21.090287
10.919000,-21.063544
10.920000,-21.036798
10.921000,-21.010049
10.922000,-20.983300
10.923000,-20.956550
10.924000,-20.929799
10.925000,-20.903049
10.926000,-20.876300
10.927000,-20.849553
10.928000,-20.822807
10.929000,-20.796064
10.930000,-20.769324
10.931000,-20.742586
10.932000,-20.715853
10.933000,-20.689123
10.934000,-20.662398
10.935000,-20.635677
10.936000,-20.608961
10.937000,-20.582251
10.938000,-20.555546
10.939000,-20.528846
10.940000,-20.502153
10.941000,-20.475466
10.942000,-20.448786
10.943000,-20.422112
10.944000,-20.395445
10.945000,-20.368785
10.946000,-20.342132
10.947000,-20.315487
10.948000,-20.288849
10.949000,-20.262220
10.950000,-20.235598
10.951000,-20.208984
10.952000,-20.182378
10.953000,-20.155781
10.954000,-20.129192
10.955000,-20.102612
10.956000,-20.076041
10.957000,-20.049478
10.958000,-20.022924
10.959000,-19.996380
10.960000,-19.969844
10.961000,-19.943317
10.962000,-19.916800
10.963000,-19.890293
10.964000,-19.863794
10.965000,-19.837306
10.966000,-19.810827
10.967000,-19.784357
10.968000,-19.757898
10.969000,-19.731448
10.970000,-19.705008
10.971000,-19.678578
10.972000,-19.652158
10.973000,-19.625748
10.974000,-19.599349
10.975000,-19.572960
10.976000,-19.546580
10.977000,-19.520212
10.978000,-19.493853
10.979000,-19.467505
10.980000,-19.441168
10.981000,-19.414841
10.982000,-19.388524
10.983000,-19.362218
10.984000,-19.335923
10.985000,-19.309639
10.986000,-19.283365
10.987000,-19.257102
10.988000,-19.230850
10.989000,-19.204609
10.990000,-19.178379
10.991000,-19.152159
10.992000,-19.125951
10.993000,-19.099754
10.994000,-19.073568
10.995000,-19.047393
10.996000,-19.021229
10.997000,-18.995076
10.998000,-18.968934
10.999000,-18.942804
11.000000,-18.916685
11.001000,-18.890577
11.002000,-18.864481
11.003000,-18.838396
11.004000,-18.812323
11.005000,-18.786261
11.006000,-18.760210
11.007000,-18.734171
11.008000,-18.708144
11.009000,-18.682128
11.010000,-18.656124
11.011000,-18.630131
11.012000,-18.604150
11.013000,-18.578181
11.014000,-18.552224
11.015000,-18.526278
11.016000,-18.500344
11.017000,-18.474422
11.018000,-18.448512
11.019000,-18.422614
11.020000,-18.396728
11.021000,-18.370853
11.022000,-18.344991
11.023000,-18.319141
11.024000,-18.293303
11.025000,-18.267477
11.026000,-18.241663
11.027000,-18.215861
11.028000,-18.190071
11.029000,-18.164294
11.030000,-18.138529
11.031000,-18.112776
11.032000,-18.087035
11.033000,-18.061307
11.034000,-18.035591
11.035000,-18.009888
11.036000,-17.984197
11.037000,-17.958518
11.038000,-17.932852
11.039000,-17.907198
11.040000,-17.881557
11.041000,-17.855928
11.042000,-17.830312
11.043000,-17.804709
11.044000,-17.779118
11.045000,-17.753540
11.046000,-17.727975
11.047000,-17.702423
11.048000,-17.676883
11.049000,-17.651356
11.050000,-17.625842
11.051000,-17.600341
11.052000,-17.574852
11.053000,-17.549377
11.054000,-17.523914
11.055000,-17.498465
11.056000,-17.473028
11.057000,-17.447605
11.058000,-17.422195
11.059000,-17.396797
11.060000,-17.371413
11.061000,-17.346042
11.062000,-17.320685
11.063000,-17.295340
11.064000,-17.270009
11.065000,-17.244691
11.066000,-17.219386
11.067000,-17.194094
11.068000,-17.168816
11.069000,-17.143552
11.070000,-17.118301
11.071000,-17.093063
11.072000,-17.067838
11.073000,-17.042628
11.074000,-17.017430
11.075000,-16.992247
11.076000,-16.967077
11.077000,-16.941920
11.078000,-16.916777
11.079000,-16.891648
11.080000,-16.866533
11.081000,-16.841431
11.082000,-16.816343
11.083000,-16.791269
11.084000,-16.766209
11.085000,-16.741162
11.086000,-16.716130
11.087000,-16.691111
11.088000,-16.666106
11.089000,-16.641116
11.090000,-16.616139
11.091000,-16.591176
11.092000,-16.566228
11.093000,-16.541293
11.094000,-16.516373
11.095000,-16.491467
11.096000,-16.466574
11.097000,-16.441697
11.098000,-16.416833
11.099000,-16.391984
11.100000,-16.367149
11.101000,-16.342328
11.102000,-16.317522
11.103000,-16.292730
11.104000,-16.267952
11.105000,-16.243189
11.106000,-16.218440
11.107000,-16.193706
11.108000,-16.168986
11.109000,-16.144281
11.110000,-16.119591
11.111000,-16.094915
11.112000,-16.070254
11.113000,-16.045607
11.114000,-16.020976
11.115000,-15.996358
11.116000,-15.971756
11.117000,-15.947169
11.118000,-15.922596
11.119000,-15.898038
11.120000,-15.873495
11.121000,-15.848967
11.122000,-15.824454
11.123000,-15.799956
11.124000,-15.775473
11.125000,-15.751005
11.126000,-15.726552
11.127000,-15.702114
11.128000,-15.677691
11.129000,-15.653283
11.130000,-15.628891
11.131000,-15.604513
11.132000,-15.580151
11.133000,-15.555804
11.134000,-15.531473
11.135000,-15.507157
11.136000,-15.482856
11.137000,-15.458570
11.138000,-15.434300
11.139000,-15.410046
11.140000,-15.385806
11.141000,-15.361583
11.142000,-15.337375
11.143000,-15.313182
11.144000,-15.289005
11.145000,-15.264844
11.146000,-15.240698
11.147000,-15.216568
11.148000,-15.192454
11.149000,-15.168355
11.150000,-15.144272
11.151000,-15.120205
11.152000,-15.096154
11.153000,-15.072119
11.154000,-15.048099
11.155000,-15.024096
11.156000,-15.000108
11.157000,-14.976136
11.158000,-14.952181
11.159000,-14.928241
11.160000,-14.904317
11.161000,-14.880410
11.162000,-14.856518
11.163000,-14.832643
11.164000,-14.808784
11.165000,-14.784941
11.166000,-14.761114
11.167000,-14.737304
11.168000,-14.713510
11.169000,-14.689732
11.170000,-14.665971
11.171000,-14.642226
11.172000,-14.618497
11.173000,-14.594785
11.174000,-14.571089
11.175000,-14.547410
11.176000,-14.523747
11.177000,-14.500101
11.178000,-14.476471
11.179000,-14.452858
11.180000,-14.429262
11.181000,-14.405682
11.182000,-14.382119
11.183000,-14.358572
11.184000,-14.335043
11.185000,-14.311530
11.186000,-14.288034
11.187000,-14.264555
11.188000,-14.241093
11.189000,-14.217648
11.190000,-14.194219
11.191000,-14.170808
11.192000,-14.147413
11.193000,-14.124036
11.194000,-14.100675
11.195000,-14.077332
11.196000,-14.054006
11.197000,-14.030697
11.198000,-14.007405
11.199000,-13.984130
11.200000,-13.960872
11.201000,-13.937632
11.202000,-13.914409
11.203000,-13.891203
11.204000,-13.868015
11.205000,-13.844844
11.206000,-13.821690
11.207000,-13.798554
11.208000,-13.775435
11.209000,-13.752334
11.210000,-13.729250
11.211000,-13.706184
11.212000,-13.683135
11.213000,-13.660104
11.214000,-13.637091
11.215000,-13.614095
11.216000,-13.591117
11.217000,-13.568156
11.218000,-13.545213
11.219000,-13.522288
11.220000,-13.499381
11.221000,-13.476492
11.222000,-13.453620
11.223000,-13.430766
11.224000,-13.407930
11.225000,-13.385112
11.226000,-13.362312
11.227000,-13.339531
11.228000,-13.316767
11.229000,-13.294021
11.230000,-13.271293
11.231000,-13.248583
11.232000,-13.225892
11.233000,-13.203218
11.234000,-13.180563
11.235000,-13.157926
11.236000,-13.135308
11.237000,-13.112707
11.238000,-13.090125
11.239000,-13.067561
11.240000,-13.045016
11.241000,-13.022489
11.242000,-12.999980
11.243000,-12.977490
11.244000,-12.955018
11.245000,-12.932565
11.246000,-12.910130
11.247000,-12.887714
11.248000,-12.865316
11.249000,-12.842937
11.250000,-12.820577
11.251000,-12.798235
11.252000,-12.775912
11.253000,-12.753608
11.254000,-12.731322
11.255000,-12.709055
11.256000,-12.686807
11.257000,-12.664578
11.258000,-12.642368
11.259000,-12.620176
11.260000,-12.598003
11.261000,-12.575850
11.262000,-12.553715
11.263000,-12.531599
11.264000,-12.509503
11.265000,-12.487425
11.266000,-12.465367
11.267000,-12.443327
11.268000,-12.421307
11.269000,-12.399305
11.270000,-12.377323
11.271000,-12.355361
11.272000,-12.333417
11.273000,-12.311493
11.274000,-12.289588
11.275000,-12.267702
11.276000,-12.245835
11.277000,-12.223988
11.278000,-12.202161
11.279000,-12.180352
11.280000,-12.158564
11.281000,-12.136794
11.282000,-12.115044
11.283000,-12.093314
11.284000,-12.071603
11.285000,-12.049912
11.286000,-12.028241
11.287000,-12.006589
11.288000,-11.984956
11.289000,-11.963344
11.290000,-11.941751
11.291000,-11.920178
11.292000,-11.898624
11.293000,-11.877091
11.294000,-11.855577
11.295000,-11.834083
11.296000,-11.812609
11.297000,-11.791155
11.298000,-11.769720
11.299000,-11.748306
11.300000,-11.726912
11.301000,-11.705537
11.302000,-11.684183
11.303000,-11.662849
11.304000,-11.641534
11.305000,-11.620240
11.306000,-11.598966
11.307000,-11.577712
11.308000,-11.556479
11.309000,-11.535265
11.310000,-11.514072
11.311000,-11.492899
11.312000,-11.471746
11.313000,-11.450614
11.314000,-11.429502
11.315000,-11.408410
11.316000,-11.387338
11.317000,-11.366287
11.318000,-11.345257
11.319000,-11.324247
11.320000,-11.303257
11.321000,-11.282288
11.322000,-11.261339
11.323000,-11.240411
11.324000,-11.219504
11.325000,-11.198617
11.326000,-11.177750
11.327000,-11.156905
11.328000,-11.136080
11.329000,-11.115275
11.330000,-11.094492
11.331000,-11.073729
11.332000,-11.052987
11.333000,-11.032266
11.334000,-11.011565
11.335000,-10.990885
11.336000,-10.970227
11.337000,-10.949589
11.338000,-10.928972
11.339000,-10.908376
11.340000,-10.887800
11.341000,-10.867246
11.342000,-10.846713
11.343000,-10.826201
11.344000,-10.805710
11.345000,-10.785240
11.346000,-10.764791
11.347000,-10.744363
11.348000,-10.723957
11.349000,-10.703571
11.350000,-10.683207
11.351000,-10.662864
11.352000,-10.642542
11.353000,-10.622242
11.354000,-10.601962
11.355000,-10.581704
11.356000,-10.561468
11.357000,-10.541252
11.358000,-10.521058
11.359000,-10.500886
11.360000,-10.480734
11.361000,-10.460605
11.362000,-10.440496
11.363000,-10.420410
11.364000,-10.400344
11.365000,-10.380301
11.366000,-10.360278
11.367000,-10.340278
11.368000,-10.320299
11.369000,-10.300341
11.370000,-10.280405
11.371000,-10.260491
11.372000,-10.240599
11.373000,-10.220728
11.374000,-10.200879
11.375000,-10.181051
11.376000,-10.161246
11.377000,-10.141462
11.378000,-10.121700
11.379000,-10.101960
11.380000,-10.082241
11.381000,-10.062545
11.382000,-10.042870
11.383000,-10.023217
11.384000,-10.003587
11.385000,-9.983978
11.386000,-9.964391
11.387000,-9.944826
11.388000,-9.925283
11.389000,-9.905762
11.390000,-9.886263
11.391000,-9.866787
11.392000,-9.847332
11.393000,-9.827899
11.394000,-9.808489
11.395000,-9.789101
11.396000,-9.769734
11.397000,-9.750390
11.398000,-9.731069
11.399000,-9.711769
11.400000,-9.692492
11.401000,-9.673237
11.402000,-9.654004
11.403000,-9.634793
11.404000,-9.615605
11.405000,-9.596439
11.406000,-9.577296
11.407000,-9.558175
11.408000,-9.539076
11.409000,-9.520000
11.410000,-9.500946
11.411000,-9.481914
11.412000,-9.462905
11.413000,-9.443919
11.414000,-9.424955
11.415000,-9.406013
11.416000,-9.387095
11.417000,-9.368198
11.418000,-9.349324
11.419000,-9.330473
11.420000,-9.311644
11.421000,-9.292838
11.422000,-9.274055
11.423000,-9.255294
11.424000,-9.236556
11.425000,-9.217841
11.426000,-9.199148
11.427000,-9.180478
11.428000,-9.161831
11.429000,-9.143207
11.430000,-9.124605
11.431000,-9.106026
11.432000,-9.087470
11.433000,-9.068937
11.434000,-9.050426
11.435000,-9.031939
11.436000,-9.013474
11.437000,-8.995032
11.438000,-8.976613
11.439000,-8.958217
11.440000,-8.939844
11.441000,-8.921494
11.442000,-8.903167
11.443000,-8.884863
11.444000,-8.866582
11.445000,-8.848324
11.446000,-8.830088
11.447000,-8.811876
11.448000,-8.793687
11.449000,-8.775521
11.450000,-8.757378
11.451000,-8.739259
11.452000,-8.721162
11.453000,-8.703088
11.454000,-8.685038
11.455000,-8.667011
11.456000,-8.649006
11.457000,-8.631025
11.458000,-8.613068
11.459000,-8.595133
11.460000,-8.577222
11.461000,-8.559334
11.462000,-8.541469
11.463000,-8.523627
11.464000,-8.505809
11.465000,-8.488014
11.466000,-8.470242
11.467000,-8.452494
11.468000,-8.434769
11.469000,-8.417067
11.470000,-8.399389
11.471000,-8.381734
11.472000,-8.364102
11.473000,-8.346494
11.474000,-8.328909
11.475000,-8.311347
11.476000,-8.293809
11.477000,-8.276295
11.478000,-8.258803
11.479000,-8.241336
11.480000,-8.223891
11.481000,-8.206471
11.482000,-8.189073
11.483000,-8.171700
11.484000,-8.154349
11.485000,-8.137023
11.486000,-8.119719
11.487000,-8.102440
11.488000,-8.085184
11.489000,-8.067951
11.490000,-8.050742
11.491000,-8.033557
11.492000,-8.016395
11.493000,-7.999257
11.494000,-7.982142
11.495000,-7.965051
11.496000,-7.947984
11.497000,-7.930941
11.498000,-7.913921
11.499000,-7.896924
11.500000,-7.879952
11.501000,-7.863003
11.502000,-7.846077
11.503000,-7.829176
11.504000,-7.812298
11.505000,-7.795444
11.506000,-7.778613
11.507000,-7.761807
11.508000,-7.745024
11.509000,-7.728264
11.510000,-7.711529
11.511000,-7.694817
11.512000,-7.678129
11.513000,-7.661465
11.514000,-7.644825
11.515000,-7.628208
11.516000,-7.611616
11.517000,-7.595047
11.518000,-7.578502
11.519000,-7.561980
11.520000,-7.545483
11.521000,-7.529009
11.522000,-7.512559
11.523000,-7.496134
11.524000,-7.479731
11.525000,-7.463353
11.526000,-7.446999
11.527000,-7.430669
11.528000,-7.414362
11.529000,-7.398079
11.530000,-7.381820
11.531000,-7.365586
11.532000,-7.349375
11.533000,-7.333188
11.534000,-7.317024
11.535000,-7.300885
11.536000,-7.284770
11.537000,-7.268679
11.538000,-7.252611
11.539000,-7.236568
11.540000,-7.220548
11.541000,-7.204552
11.542000,-7.188581
11.543000,-7.172633
11.544000,-7.156709
11.545000,-7.140810
11.546000,-7.124934
11.547000,-7.109082
11.548000,-7.093254
11.549000,-7.077450
11.550000,-7.061671
11.551000,-7.045915
11.552000,-7.030183
11.553000,-7.014475
11.554000,-6.998791
11.555000,-6.983131
11.556000,-6.967495
11.557000,-6.951883
11.558000,-6.936295
11.559000,-6.920731
11.560000,-6.905192
11.561000,-6.889676
11.562000,-6.874184
11.563000,-6.858716
11.564000,-6.843272
11.565000,-6.827852
11.566000,-6.812457
11.567000,-6.797085
11.568000,-6.781737
11.569000,-6.766413
11.570000,-6.751114
11.571000,-6.735838
11.572000,-6.720586
11.573000,-6.705359
11.574000,-6.690155
11.575000,-6.674976
11.576000,-6.659820
11.577000,-6.644689
11.578000,-6.629581
11.579000,-6.614498
11.580000,-6.599438
11.581000,-6.584403
11.582000,-6.569392
11.583000,-6.554404
11.584000,-6.539441
11.585000,-6.524502
11.586000,-6.509587
11.587000,-6.494695
11.588000,-6.479828
11.589000,-6.464985
11.590000,-6.450166
11.591000,-6.435370
11.592000,-6.420599
11.593000,-6.405852
11.594000,-6.391129
11.595000,-6.376430
11.596000,-6.361755
11.597000,-6.347104
11.598000,-6.332477
11.599000,-6.317874
11.600000,-6.303295
11.601000,-6.288740
11.602000,-6.274208
11.603000,-6.259701
11.604000,-6.245218
11.605000,-6.230759
11.606000,-6.216324
11.607000,-6.201913
11.608000,-6.187525
11.609000,-6.173162
11.610000,-6.158823
11.611000,-6.144507
11.612000,-6.130216
11.613000,-6.115949
11.614000,-6.101705
11.615000,-6.087486
11.616000,-6.073290
11.617000,-6.059118
11.618000,-6.044970
11.619000,-6.030847
11.620000,-6.016747
11.621000,-6.002671
11.622000,-5.988619
11.623000,-5.974590
11.624000,-5.960586
11.625000,-5.946606
11.626000,-5.932649
11.627000,-5.918717
11.628000,-5.904808
11.629000,-5.890923
11.630000,-5.877062
11.631000,-5.863225
11.632000,-5.849411
11.633000,-5.835622
11.634000,-5.821856
11.635000,-5.808114
11.636000,-5.794396
11.637000,-5.780702
11.638000,-5.767032
11.639000,-5.753385
11.640000,-5.739762
11.641000,-5.726163
11.642000,-5.712588
11.643000,-5.699036
11.644000,-5.685509
11.645000,-5.672005
11.646000,-5.658524
11.647000,-5.645068
11.648000,-5.631635
11.649000,-5.618226
11.650000,-5.604841
11.651000,-5.591479
11.652000,-5.578141
11.653000,-5.564827
11.654000,-5.551536
11.655000,-5.538269
11.656000,-5.525026
11.657000,-5.511806
11.658000,-5.498610
11.659000,-5.485438
11.660000,-5.472289
11.661000,-5.459164
11.662000,-5.446062
11.663000,-5.432985
11.664000,-5.419930
11.665000,-5.406899
11.666000,-5.393892
11.667000,-5.380908
11.668000,-5.367948
11.669000,-5.355011
11.670000,-5.342098
11.671000,-5.329209
11.672000,-5.316342
11.673000,-5.303500
11.674000,-5.290681
11.675000,-5.277885
11.676000,-5.265112
11.677000,-5.252364
11.678000,-5.239638
11.679000,-5.226936
11.680000,-5.214257
11.681000,-5.201602
11.682000,-5.188970
11.683000,-5.176362
11.684000,-5.163776
11.685000,-5.151215
11.686000,-5.138676
11.687000,-5.126161
11.688000,-5.113669
11.689000,-5.101200
11.690000,-5.088755
11.691000,-5.076333
11.692000,-5.063934
11.693000,-5.051558
11.694000,-5.039206
11.695000,-5.026877
11.696000,-5.014571
11.697000,-5.002288
11.698000,-4.990028
11.699000,-4.977792
11.700000,-4.965578
11.701000,-4.953388
11.702000,-4.941221
11.703000,-4.929077
11.704000,-4.916956
11.705000,-4.904858
11.706000,-4.892783
11.707000,-4.880731
11.708000,-4.868702
11.709000,-4.856696
11.710000,-4.844713
11.711000,-4.832753
11.712000,-4.820816
11.713000,-4.808902
11.714000,-4.797011
11.715000,-4.785143
11.716000,-4.773298
11.717000,-4.761475
11.718000,-4.749676
11.719000,-4.737899
11.720000,-4.726145
11.721000,-4.714414
11.722000,-4.702706
11.723000,-4.691021
11.724000,-4.679358
11.725000,-4.667718
11.726000,-4.656101
11.727000,-4.644506
11.728000,-4.632934
11.729000,-4.621385
11.730000,-4.609859
11.731000,-4.598355
11.732000,-4.586874
11.733000,-4.575415
11.734000,-4.563979
11.735000,-4.552566
11.736000,-4.541175
11.737000,-4.529806
11.738000,-4.518461
11.739000,-4.507137
11.740000,-4.495836
11.741000,-4.484558
11.742000,-4.473302
11.743000,-4.462069
11.744000,-4.450858
11.745000,-4.439669
11.746000,-4.428503
11.747000,-4.417359
11.748000,-4.406237
11.749000,-4.395138
11.750000,-4.384061
11.751000,-4.373006
11.752000,-4.361974
11.753000,-4.350963
11.754000,-4.339975
11.755000,-4.329010
11.756000,-4.318066
11.757000,-4.307145
11.758000,-4.296245
11.759000,-4.285368
11.760000,-4.274513
11.761000,-4.263680
11.762000,-4.252869
11.763000,-4.242080
11.764000,-4.231313
11.765000,-4.220568
11.766000,-4.209845
11.767000,-4.199145
11.768000,-4.188466
11.769000,-4.177808
11.770000,-4.167173
11.771000,-4.156560
11.772000,-4.145969
11.773000,-4.135399
11.774000,-4.124851
11.775000,-4.114325
11.776000,-4.103821
11.777000,-4.093338
11.778000,-4.082878
11.779000,-4.072439
11.780000,-4.062021
11.781000,-4.051626
11.782000,-4.041252
11.783000,-4.030899
11.784000,-4.020568
11.785000,-4.010259
11.786000,-3.999972
11.787000,-3.989705
11.788000,-3.979461
11.789000,-3.969238
11.790000,-3.959036
11.791000,-3.948856
11.792000,-3.938697
11.793000,-3.928560
11.794000,-3.918444
11.795000,-3.908349
11.796000,-3.898275
11.797000,-3.888223
11.798000,-3.878193
11.799000,-3.868183
11.800000,-3.858195
11.801000,-3.848228
11.802000,-3.838282
11.803000,-3.828357
11.804000,-3.818454
11.805000,-3.808572
11.806000,-3.798710
11.807000,-3.788870
11.808000,-3.779051
11.809000,-3.769253
11.810000,-3.759476
11.811000,-3.749719
11.812000,-3.739984
11.813000,-3.730270
11.814000,-3.720577
11.815000,-3.710904
11.816000,-3.701253
11.817000,-3.691622
11.818000,-3.682012
11.819000,-3.672423
11.820000,-3.662854
11.821000,-3.653307
11.822000,-3.643780
11.823000,-3.634274
11.824000,-3.624788
11.825000,-3.615323
11.826000,-3.605879
11.827000,-3.596455
11.828000,-3.587052
11.829000,-3.577669
11.830000,-3.568307
11.831000,-3.558965
11.832000,-3.549644
11.833000,-3.540344
11.834000,-3.531063
11.835000,-3.521803
11.836000,-3.512564
11.837000,-3.503345
11.838000,-3.494146
11.839000,-3.484967
11.840000,-3.475809
11.841000,-3.466671
11.842000,-3.457553
11.843000,-3.448455
11.844000,-3.439378
11.845000,-3.430320
11.846000,-3.421283
11.847000,-3.412266
11.848000,-3.403269
11.849000,-3.394292
11.850000,-3.385334
11.851000,-3.376397
11.852000,-3.367480
11.853000,-3.358583
11.854000,-3.349706
11.855000,-3.340848
11.856000,-3.332010
11.857000,-3.323193
11.858000,-3.314395
11.859000,-3.305616
11.860000,-3.296858
11.861000,-3.288119
11.862000,-3.279400
11.863000,-3.270700
11.864000,-3.262021
11.865000,-3.253360
11.866000,-3.244720
11.867000,-3.236099
11.868000,-3.227497
11.869000,-3.218915
11.870000,-3.210353
11.871000,-3.201810
11.872000,-3.193286
11.873000,-3.184782
11.874000,-3.176297
11.875000,-3.167831
11.876000,-3.159385
11.877000,-3.150958
11.878000,-3.142550
11.879000,-3.134161
11.880000,-3.125792
11.881000,-3.117442
11.882000,-3.109111
11.883000,-3.100799
11.884000,-3.092506
11.885000,-3.084232
11.886000,-3.075978
11.887000,-3.067742
11.888000,-3.059525
11.889000,-3.051327
11.890000,-3.043148
11.891000,-3.034988
11.892000,-3.026847
11.893000,-3.018725
11.894000,-3.010622
11.895000,-3.002537
11.896000,-2.994471
11.897000,-2.986424
11.898000,-2.978395
11.899000,-2.970386
11.900000,-2.962394
11.901000,-2.954422
11.902000,-2.946468
11.903000,-2.938532
11.904000,-2.930615
11.905000,-2.922717
11.906000,-2.914837
11.907000,-2.906976
11.908000,-2.899133
11.909000,-2.891308
11.910000,-2.883502
11.911000,-2.875714
11.912000,-2.867944
11.913000,-2.860193
11.914000,-2.852459
11.915000,-2.844745
11.916000,-2.837048
11.917000,-2.829369
11.918000,-2.821709
11.919000,-2.814066
11.920000,-2.806442
11.921000,-2.798836
11.922000,-2.791248
11.923000,-2.783677
11.924000,-2.776125
11.925000,-2.768591
11.926000,-2.761074
11.927000,-2.753576
11.928000,-2.746095
11.929000,-2.738632
11.930000,-2.731187
11.931000,-2.723759
11.932000,-2.716350
11.933000,-2.708958
11.934000,-2.701583
11.935000,-2.694227
11.936000,-2.686888
11.937000,-2.679566
11.938000,-2.672262
11.939000,-2.664976
11.940000,-2.657707
11.941000,-2.650456
11.942000,-2.643222
11.943000,-2.636005
11.944000,-2.628806
11.945000,-2.621624
11.946000,-2.614460
11.947000,-2.607312
11.948000,-2.600182
11.949000,-2.593070
11.950000,-2.585974
11.951000,-2.578896
11.952000,-2.571834
11.953000,-2.564790
11.954000,-2.557763
11.955000,-2.550753
11.956000,-2.543760
11.957000,-2.536784
11.958000,-2.529825
11.959000,-2.522883
11.960000,-2.515958
11.961000,-2.509050
11.962000,-2.502158
11.963000,-2.495284
11.964000,-2.488426
11.965000,-2.481585
11.966000,-2.474761
11.967000,-2.467953
11.968000,-2.461162
11.969000,-2.454388
11.970000,-2.447630
11.971000,-2.440889
11.972000,-2.434165
11.973000,-2.427457
11.974000,-2.420765
11.975000,-2.414090
11.976000,-2.407431
11.977000,-2.400789
11.978000,-2.394163
11.979000,-2.387554
11.980000,-2.380961
11.981000,-2.374384
11.982000,-2.367823
11.983000,-2.361279
11.984000,-2.354751
11.985000,-2.348239
11.986000,-2.341743
11.987000,-2.335263
11.988000,-2.328800
11.989000,-2.322352
11.990000,-2.315921
11.991000,-2.309505
11.992000,-2.303105
11.993000,-2.296722
11.994000,-2.290354
11.995000,-2.284002
11.996000,-2.277666
11.997000,-2.271346
11.998000,-2.265041
11.999000,-2.258753
12.000000,-2.252480
12.001000,-2.246223
12.002000,-2.239981
12.003000,-2.233755
12.004000,-2.227545
12.005000,-2.221350
12.006000,-2.215171
12.007000,-2.209007
12.008000,-2.202859
12.009000,-2.196726
12.010000,-2.190609
12.011000,-2.184507
12.012000,-2.178421
12.013000,-2.172350
12.014000,-2.166294
12.015000,-2.160253
12.016000,-2.154228
12.017000,-2.148218
12.018000,-2.142223
12.019000,-2.136243
12.020000,-2.130279
12.021000,-2.124329
12.022000,-2.118395
12.023000,-2.112476
12.024000,-2.106571
12.025000,-2.100682
12.026000,-2.094808
12.027000,-2.088949
12.028000,-2.083104
12.029000,-2.077274
12.030000,-2.071460
12.031000,-2.065660
12.032000,-2.059875
12.033000,-2.054104
12.034000,-2.048349
12.035000,-2.042608
12.036000,-2.036881
12.037000,-2.031170
12.038000,-2.025473
12.039000,-2.019790
12.040000,-2.014122
12.041000,-2.008469
12.042000,-2.002830
12.043000,-1.997206
12.044000,-1.991596
12.045000,-1.986000
12.046000,-1.980419
12.047000,-1.974852
12.048000,-1.969300
12.049000,-1.963762
12.050000,-1.958238
12.051000,-1.952728
12.052000,-1.947233
12.053000,-1.941751
12.054000,-1.936284
12.055000,-1.930831
12.056000,-1.925392
12.057000,-1.919967
12.058000,-1.914556
12.059000,-1.909160
12.060000,-1.903777
12.061000,-1.898408
12.062000,-1.893053
12.063000,-1.887712
12.064000,-1.882384
12.065000,-1.877071
12.066000,-1.871771
12.067000,-1.866485
12.068000,-1.861213
12.069000,-1.855955
12.070000,-1.850710
12.071000,-1.845479
12.072000,-1.840262
12.073000,-1.835058
12.074000,-1.829868
12.075000,-1.824691
12.076000,-1.819528
12.077000,-1.814378
12.078000,-1.809242
12.079000,-1.804119
12.080000,-1.799010
12.081000,-1.793914
12.082000,-1.788831
12.083000,-1.783762
12.084000,-1.778706
12.085000,-1.773663
12.086000,-1.768633
12.087000,-1.763617
12.088000,-1.758614
12.089000,-1.753624
12.090000,-1.748647
12.091000,-1.743683
12.092000,-1.738732
12.093000,-1.733795
12.094000,-1.728870
12.095000,-1.723958
12.096000,-1.719059
12.097000,-1.714173
12.098000,-1.709300
12.099000,-1.704440
12.100000,-1.699593
12.101000,-1.694759
12.102000,-1.689937
12.103000,-1.685128
12.104000,-1.680332
12.105000,-1.675548
12.106000,-1.670777
12.107000,-1.666019
12.108000,-1.661274
12.109000,-1.656541
12.110000,-1.651820
12.111000,-1.647113
12.112000,-1.642417
12.113000,-1.637734
12.114000,-1.633064
12.115000,-1.628406
12.116000,-1.623760
12.117000,-1.619127
12.118000,-1.614506
12.119000,-1.609898
12.120000,-1.605301
12.121000,-1.600717
12.122000,-1.596145
12.123000,-1.591586
12.124000,-1.587038
12.125000,-1.582503
12.126000,-1.577980
12.127000,-1.573469
12.128000,-1.568970
12.129000,-1.564483
12.130000,-1.560008
12.131000,-1.555545
12.132000,-1.551094
12.133000,-1.546655
12.134000,-1.542228
12.135000,-1.537813
12.136000,-1.533409
12.137000,-1.529018
12.138000,-1.524638
12.139000,-1.520270
12.140000,-1.515914
12.141000,-1.511569
12.142000,-1.507236
12.143000,-1.502915
12.144000,-1.498606
12.145000,-1.494308
12.146000,-1.490021
12.147000,-1.485747
12.148000,-1.481483
12.149000,-1.477232
12.150000,-1.472991
12.151000,-1.468763
12.152000,-1.464545
12.153000,-1.460339
12.154000,-1.456145
12.155000,-1.451961
12.156000,-1.447789
12.157000,-1.443629
12.158000,-1.439479
12.159000,-1.435341
12.160000,-1.431214
12.161000,-1.427099
12.162000,-1.422994
12.163000,-1.418901
12.164000,-1.414818
12.165000,-1.410747
12.166000,-1.406687
12.167000,-1.402638
12.168000,-1.398600
12.169000,-1.394573
12.170000,-1.390557
12.171000,-1.386551
12.172000,-1.382557
12.173000,-1.378574
12.174000,-1.374601
12.175000,-1.370639
12.176000,-1.366688
12.177000,-1.362748
12.178000,-1.358819
12.179000,-1.354900
12.180000,-1.350992
12.181000,-1.347095
12.182000,-1.343208
12.183000,-1.339332
12.184000,-1.335467
12.185000,-1.331612
12.186000,-1.327768
12.187000,-1.323934
12.188000,-1.320111
12.189000,-1.316298
12.190000,-1.312496
12.191000,-1.308704
12.192000,-1.304922
12.193000,-1.301151
12.194000,-1.297390
12.195000,-1.293640
12.196000,-1.289900
12.197000,-1.286170
12.198000,-1.282450
12.199000,-1.278741
12.200000,-1.275042
12.201000,-1.271353
12.202000,-1.267674
12.203000,-1.264005
12.204000,-1.260347
12.205000,-1.256698
12.206000,-1.253060
12.207000,-1.249431
12.208000,-1.245813
12.209000,-1.242205
12.210000,-1.238606
12.211000,-1.235018
12.212000,-1.231439
12.213000,-1.227870
12.214000,-1.224311
12.215000,-1.220762
12.216000,-1.217223
12.217000,-1.213694
12.218000,-1.210174
12.219000,-1.206664
12.220000,-1.203164
12.221000,-1.199673
12.222000,-1.196193
12.223000,-1.192721
12.224000,-1.189260
12.225000,-1.185808
12.226000,-1.182366
12.227000,-1.178933
12.228000,-1.175509
12.229000,-1.172096
12.230000,-1.168691
12.231000,-1.165297
12.232000,-1.161911
12.233000,-1.158535
12.234000,-1.155169
12.235000,-1.151811
12.236000,-1.148464
12.237000,-1.145125
12.238000,-1.141796
12.239000,-1.138476
12.240000,-1.135165
12.241000,-1.131863
12.242000,-1.128571
12.243000,-1.125288
12.244000,-1.122014
12.245000,-1.118749
12.246000,-1.115494
12.247000,-1.112247
12.248000,-1.109009
12.249000,-1.105781
12.250000,-1.102561
12.251000,-1.099351
12.252000,-1.096149
12.253000,-1.092957
12.254000,-1.089773
12.255000,-1.086599
12.256000,-1.083433
12.257000,-1.080276
12.258000,-1.077128
12.259000,-1.073988
12.260000,-1.070858
12.261000,-1.067736
12.262000,-1.064623
12.263000,-1.061519
12.264000,-1.058424
12.265000,-1.055337
12.266000,-1.052259
12.267000,-1.049189
12.268000,-1.046128
12.269000,-1.043076
12.270000,-1.040032
12.271000,-1.036997
12.272000,-1.033970
12.273000,-1.030952
12.274000,-1.027943
12.275000,-1.024942
12.276000,-1.021949
12.277000,-1.018965
12.278000,-1.015989
12.279000,-1.013021
12.280000,-1.010062
12.281000,-1.007111
12.282000,-1.004169
12.283000,-1.001235
12.284000,-0.998309
12.285000,-0.995391
12.286000,-0.992482
12.287000,-0.989581
12.288000,-0.986688
12.289000,-0.983803
12.290000,-0.980926
12.291000,-0.978058
12.292000,-0.975197
12.293000,-0.972345
12.294000,-0.969501
12.295000,-0.966664
12.296000,-0.963836
12.297000,-0.961016
12.298000,-0.958204
12.299000,-0.955400
12.300000,-0.952603
12.301000,-0.949815
12.302000,-0.947034
12.303000,-0.944262
12.304000,-0.941497
12.305000,-0.938740
12.306000,-0.935991
12.307000,-0.933250
12.308000,-0.930516
12.309000,-0.927791
12.310000,-0.925073
12.311000,-0.922362
12.312000,-0.919660
12.313000,-0.916965
12.314000,-0.914278
12.315000,-0.911598
12.316000,-0.908926
12.317000,-0.906262
12.318000,-0.903605
12.319000,-0.900956
12.320000,-0.898314
12.321000,-0.895680
12.322000,-0.893053
12.323000,-0.890434
12.324000,-0.887822
12.325000,-0.885218
12.326000,-0.882621
12.327000,-0.880031
12.328000,-0.877449
12.329000,-0.874875
12.330000,-0.872307
12.331000,-0.869747
12.332000,-0.867194
12.333000,-0.864649
12.334000,-0.862111
12.335000,-0.859580
12.336000,-0.857056
12.337000,-0.854539
12.338000,-0.852030
12.339000,-0.849528
12.340000,-0.847033
12.341000,-0.844545
12.342000,-0.842064
12.343000,-0.839590
12.344000,-0.837124
12.345000,-0.834664
12.346000,-0.832212
12.347000,-0.829766
12.348000,-0.827328
12.349000,-0.824896
12.350000,-0.822472
12.351000,-0.820054
12.352000,-0.817643
12.353000,-0.815240
12.354000,-0.812843
12.355000,-0.810453
12.356000,-0.808070
12.357000,-0.805693
12.358000,-0.803324
12.359000,-0.800961
12.360000,-0.798605
12.361000,-0.796256
12.362000,-0.793914
12.363000,-0.791578
12.364000,-0.789249
12.365000,-0.786927
12.366000,-0.784611
12.367000,-0.782302
12.368000,-0.780000
12.369000,-0.777704
12.370000,-0.775415
12.371000,-0.773132
12.372000,-0.770857
12.373000,-0.768587
12.374000,-0.766324
12.375000,-0.764068
12.376000,-0.761818
12.377000,-0.759575
12.378000,-0.757338
12.379000,-0.755107
12.380000,-0.752883
12.381000,-0.750666
12.382000,-0.748454
12.383000,-0.746249
12.384000,-0.744051
12.385000,-0.741859
12.386000,-0.739673
12.387000,-0.737493
12.388000,-0.735320
12.389000,-0.733153
12.390000,-0.730992
12.391000,-0.728838
12.392000,-0.726689
12.393000,-0.724547
12.394000,-0.722411
12.395000,-0.720281
12.396000,-0.718158
12.397000,-0.716040
12.398000,-0.713929
12.399000,-0.711824
12.400000,-0.709725
12.401000,-0.707632
12.402000,-0.705545
12.403000,-0.703464
12.404000,-0.701389
12.405000,-0.699320
12.406000,-0.697257
12.407000,-0.695200
12.408000,-0.693149
12.409000,-0.691104
12.410000,-0.689064
12.411000,-0.687031
12.412000,-0.685004
12.413000,-0.682982
12.414000,-0.680966
12.415000,-0.678957
12.416000,-0.676953
12.417000,-0.674954
12.418000,-0.672962
12.419000,-0.670975
12.420000,-0.668994
12.421000,-0.667019
12.422000,-0.665050
12.423000,-0.663086
12.424000,-0.661128
12.425000,-0.659176
12.426000,-0.657229
12.427000,-0.655288
12.428000,-0.653353
12.429000,-0.651423
12.430000,-0.649499
12.431000,-0.647581
12.432000,-0.645668
12.433000,-0.643760
12.434000,-0.641858
12.435000,-0.639962
12.436000,-0.638071
12.437000,-0.636186
12.438000,-0.634306
12.439000,-0.632432
12.440000,-0.630563
12.441000,-0.628699
12.442000,-0.626841
12.443000,-0.624989
12.444000,-0.623141
12.445000,-0.621299
12.446000,-0.619463
12.447000,-0.617632
12.448000,-0.615806
12.449000,-0.613985
12.450000,-0.612170
12.451000,-0.610360
12.452000,-0.608555
12.453000,-0.606756
12.454000,-0.604962
12.455000,-0.603173
12.456000,-0.601389
12.457000,-0.599611
12.458000,-0.597837
12.459000,-0.596069
12.460000,-0.594306
12.461000,-0.592548
12.462000,-0.590796
12.463000,-0.589048
12.464000,-0.587305
12.465000,-0.585568
12.466000,-0.583836
12.467000,-0.582108
12.468000,-0.580386
12.469000,-0.578669
12.470000,-0.576957
12.471000,-0.575249
12.472000,-0.573547
12.473000,-0.571850
12.474000,-0.570157
12.475000,-0.568470
12.476000,-0.566788
12.477000,-0.565110
12.478000,-0.563438
12.479000,-0.561770
12.480000,-0.560107
12.481000,-0.558449
12.482000,-0.556796
12.483000,-0.555148
12.484000,-0.553504
12.485000,-0.551865
12.486000,-0.550232
12.487000,-0.548603
12.488000,-0.546978
12.489000,-0.545359
12.490000,-0.543744
12.491000,-0.542134
12.492000,-0.540528
12.493000,-0.538928
12.494000,-0.537332
12.495000,-0.535740
12.496000,-0.534154
12.497000,-0.532572
12.498000,-0.530994
12.499000,-0.529421
12.500000,-0.527853
12.501000,-0.526290
12.502000,-0.524731
12.503000,-0.523176
12.504000,-0.521627
12.505000,-0.520081
12.506000,-0.518540
12.507000,-0.517004
12.508000,-0.515472
12.509000,-0.513945
12.510000,-0.512422
12.511000,-0.510904
12.512000,-0.509390
12.513000,-0.507881
12.514000,-0.506376
12.515000,-0.504875
12.516000,-0.503379
12.517000,-0.501887
12.518000,-0.500400
12.519000,-0.498917
12.520000,-0.497438
12.521000,-0.495964
12.522000,-0.494494
12.523000,-0.493028
12.524000,-0.491567
12.525000,-0.490110
12.526000,-0.488657
12.527000,-0.487209
12.528000,-0.485764
12.529000,-0.484324
12.530000,-0.482889
12.531000,-0.481457
12.532000,-0.480030
12.533000,-0.478606
12.534000,-0.477187
12.535000,-0.475773
12.536000,-0.474362
12.537000,-0.472956
12.538000,-0.471553
12.539000,-0.470155
12.540000,-0.468761
12.541000,-0.467371
12.542000,-0.465985
12.543000,-0.464603
12.544000,-0.463225
12.545000,-0.461852
12.546000,-0.460482
12.547000,-0.459116
12.548000,-0.457755
12.549000,-0.456397
12.550000,-0.455043
12.551000,-0.453694
12.552000,-0.452348
12.553000,-0.451006
12.554000,-0.449669
12.555000,-0.448335
12.556000,-0.447005
12.557000,-0.445679
12.558000,-0.444357
12.559000,-0.443039
12.560000,-0.441724
12.561000,-0.440414
12.562000,-0.439108
12.563000,-0.437805
12.564000,-0.436506
12.565000,-0.435211
12.566000,-0.433920
12.567000,-0.432632
12.568000,-0.431349
12.569000,-0.430069
12.570000,-0.428793
12.571000,-0.427521
12.572000,-0.426252
12.573000,-0.424988
12.574000,-0.423727
12.575000,-0.422469
12.576000,-0.421216
12.577000,-0.419966
12.578000,-0.418720
12.579000,-0.417477
12.580000,-0.416238
12.581000,-0.415003
12.582000,-0.413771
12.583000,-0.412543
12.584000,-0.411319
12.585000,-0.410098
12.586000,-0.408881
12.587000,-0.407668
12.588000,-0.406458
12.589000,-0.405252
12.590000,-0.404049
12.591000,-0.402850
12.592000,-0.401654
12.593000,-0.400462
12.594000,-0.399273
12.595000,-0.398088
12.596000,-0.396906
12.597000,-0.395728
12.598000,-0.394554
12.599000,-0.393382
12.600000,-0.392215
12.601000,-0.391050
12.602000,-0.389890
12.603000,-0.388732
12.604000,-0.387578
12.605000,-0.386428
12.606000,-0.385281
12.607000,-0.384137
12.608000,-0.382997
12.609000,-0.381860
12.610000,-0.380726
12.611000,-0.379596
12.612000,-0.378469
12.613000,-0.377345
12.614000,-0.376225
12.615000,-0.375108
12.616000,-0.373994
12.617000,-0.372884
12.618000,-0.371777
12.619000,-0.370673
12.620000,-0.369573
12.621000,-0.368475
12.622000,-0.367381
12.623000,-0.366291
12.624000,-0.365203
12.625000,-0.364119
12.626000,-0.363038
12.627000,-0.361960
12.628000,-0.360885
12.629000,-0.359813
12.630000,-0.358745
12.631000,-0.357680
12.632000,-0.356618
12.633000,-0.355559
12.634000,-0.354503
12.635000,-0.353450
12.636000,-0.352401
12.637000,-0.351354
12.638000,-0.350311
12.639000,-0.349271
12.640000,-0.348234
12.641000,-0.347200
12.642000,-0.346169
12.643000,-0.345141
12.644000,-0.344116
12.645000,-0.343094
12.646000,-0.342075
12.647000,-0.341059
12.648000,-0.340046
12.649000,-0.339037
12.650000,-0.338030
12.651000,-0.337026
12.652000,-0.336025
12.653000,-0.335027
12.654000,-0.334032
12.655000,-0.333040
12.656000,-0.332051
12.657000,-0.331065
12.658000,-0.330082
12.659000,-0.329102
12.660000,-0.328124
12.661000,-0.327150
12.662000,-0.326178
12.663000,-0.325210
12.664000,-0.324244
12.665000,-0.323281
12.666000,-0.322321
12.667000,-0.321363
12.668000,-0.320409
12.669000,-0.319457
12.670000,-0.318509
12.671000,-0.317563
12.672000,-0.316619
12.673000,-0.315679
12.674000,-0.314742
12.675000,-0.313807
12.676000,-0.312875
12.677000,-0.311946
12.678000,-0.311019
12.679000,-0.310095
12.680000,-0.309174
12.681000,-0.308256
12.682000,-0.307341
12.683000,-0.306428
12.684000,-0.305518
12.685000,-0.304610
12.686000,-0.303706
12.687000,-0.302804
12.688000,-0.301904
12.689000,-0.301008
12.690000,-0.300114
12.691000,-0.299222
12.692000,-0.298334
12.693000,-0.297448
12.694000,-0.296564
12.695000,-0.295684
12.696000,-0.294805
12.697000,-0.293930
12.698000,-0.293057
12.699000,-0.292186
12.700000,-0.291319
12.701000,-0.290453
12.702000,-0.289591
12.703000,-0.288731
12.704000,-0.287873
12.705000,-0.287018
12.706000,-0.286166
12.707000,-0.285316
12.708000,-0.284468
12.709000,-0.283624
12.710000,-0.282781
12.711000,-0.281941
12.712000,-0.281104
12.713000,-0.280269
12.714000,-0.279437
12.715000,-0.278607
12.716000,-0.277779
12.717000,-0.276954
12.718000,-0.276132
12.719000,-0.275312
12.720000,-0.274494
12.721000,-0.273679
12.722000,-0.272866
12.723000,-0.272056
12.724000,-0.271248
12.725000,-0.270442
12.726000,-0.269639
12.727000,-0.268838
12.728000,-0.268040
12.729000,-0.267244
12.730000,-0.266450
12.731000,-0.265659
12.732000,-0.264870
12.733000,-0.264083
12.734000,-0.263299
12.735000,-0.262517
12.736000,-0.261737
12.737000,-0.260960
12.738000,-0.260185
12.739000,-0.259412
12.740000,-0.258642
12.741000,-0.257874
12.742000,-0.257108
12.743000,-0.256344
12.744000,-0.255583
12.745000,-0.254824
12.746000,-0.254067
12.747000,-0.253313
12.748000,-0.252561
12.749000,-0.251811
12.750000,-0.251063
12.751000,-0.250317
12.752000,-0.249574
12.753000,-0.248833
12.754000,-0.248094
12.755000,-0.247357
12.756000,-0.246623
12.757000,-0.245890
12.758000,-0.245160
12.759000,-0.244432
12.760000,-0.243706
12.761000,-0.242983
12.762000,-0.242261
12.763000,-0.241542
12.764000,-0.240825
12.765000,-0.240109
12.766000,-0.239397
12.767000,-0.238686
12.768000,-0.237977
12.769000,-0.237270
12.770000,-0.236566
12.771000,-0.235863
12.772000,-0.235163
12.773000,-0.234465
12.774000,-0.233769
12.775000,-0.233075
12.776000,-0.232382
12.777000,-0.231693
12.778000,-0.231005
12.779000,-0.230319
12.780000,-0.229635
12.781000,-0.228953
12.782000,-0.228273
12.783000,-0.227596
12.784000,-0.226920
12.785000,-0.226246
12.786000,-0.225574
12.787000,-0.224905
12.788000,-0.224237
12.789000,-0.223571
12.790000,-0.222907
12.791000,-0.222246
12.792000,-0.221586
12.793000,-0.220928
12.794000,-0.220272
12.795000,-0.219618
12.796000,-0.218966
12.797000,-0.218316
12.798000,-0.217668
12.799000,-0.217022
12.800000,-0.216377
12.801000,-0.215735
12.802000,-0.215095
12.803000,-0.214456
12.804000,-0.213820
12.805000,-0.213185
12.806000,-0.212552
12.807000,-0.211921
12.808000,-0.211292
12.809000,-0.210665
12.810000,-0.210039
12.811000,-0.209416
12.812000,-0.208794
12.813000,-0.208175
12.814000,-0.207557
12.815000,-0.206941
12.816000,-0.206326
12.817000,-0.205714
12.818000,-0.205103
12.819000,-0.204494
12.820000,-0.203888
12.821000,-0.203282
12.822000,-0.202679
12.823000,-0.202077
12.824000,-0.201478
12.825000,-0.200880
12.826000,-0.200283
12.827000,-0.199689
12.828000,-0.199096
12.829000,-0.198506
12.830000,-0.197916
12.831000,-0.197329
12.832000,-0.196743
12.833000,-0.196160
12.834000,-0.195577
12.835000,-0.194997
12.836000,-0.194418
12.837000,-0.193841
12.838000,-0.193266
12.839000,-0.192692
12.840000,-0.192121
12.841000,-0.191550
12.842000,-0.190982
12.843000,-0.190415
12.844000,-0.189850
12.845000,-0.189287
12.846000,-0.188725
12.847000,-0.188165
12.848000,-0.187607
12.849000,-0.187050
12.850000,-0.186495
12.851000,-0.185942
12.852000,-0.185390
12.853000,-0.184840
12.854000,-0.184292
12.855000,-0.183745
12.856000,-0.183200
12.857000,-0.182656
12.858000,-0.182114
12.859000,-0.181574
12.860000,-0.181035
12.861000,-0.180498
12.862000,-0.179963
12.863000,-0.179429
12.864000,-0.178896
12.865000,-0.178366
12.866000,-0.177836
12.867000,-0.177309
12.868000,-0.176783
12.869000,-0.176258
12.870000,-0.175735
12.871000,-0.175214
12.872000,-0.174694
12.873000,-0.174176
12.874000,-0.173659
12.875000,-0.173144
12.876000,-0.172631
12.877000,-0.172119
12.878000,-0.171608
12.879000,-0.171099
12.880000,-0.170591
12.881000,-0.170085
12.882000,-0.169581
12.883000,-0.169078
12.884000,-0.168576
12.885000,-0.168076
12.886000,-0.167578
12.887000,-0.167081
12.888000,-0.166585
12.889000,-0.166091
12.890000,-0.165599
12.891000,-0.165107
12.892000,-0.164618
12.893000,-0.164130
12.894000,-0.163643
12.895000,-0.163157
12.896000,-0.162674
12.897000,-0.162191
12.898000,-0.161710
12.899000,-0.161231
12.900000,-0.160752
12.901000,-0.160276
12.902000,-0.159800
12.903000,-0.159327
12.904000,-0.158854
12.905000,-0.158383
12.906000,-0.157913
12.907000,-0.157445
12.908000,-0.156978
12.909000,-0.156513
12.910000,-0.156049
12.911000,-0.155586
12.912000,-0.155125
12.913000,-0.154665
12.914000,-0.154206
12.915000,-0.153749
12.916000,-0.153293
12.917000,-0.152838
12.918000,-0.152385
12.919000,-0.151933
12.920000,-0.151483
12.921000,-0.151034
12.922000,-0.150586
12.923000,-0.150140
12.924000,-0.149694
12.925000,-0.149251
12.926000,-0.148808
12.927000,-0.148367
12.928000,-0.147927
12.929000,-0.147489
12.930000,-0.147051
12.931000,-0.146615
12.932000,-0.146181
12.933000,-0.145747
12.934000,-0.145315
12.935000,-0.144885
12.936000,-0.144455
12.937000,-0.144027
12.938000,-0.143600
12.939000,-0.143174
12.940000,-0.142750
12.941000,-0.142327
12.942000,-0.141905
12.943000,-0.141484
12.944000,-0.141065
12.945000,-0.140647
12.946000,-0.140230
12.947000,-0.139814
12.948000,-0.139400
12.949000,-0.138987
12.950000,-0.138575
12.951000,-0.138164
12.952000,-0.137755
12.953000,-0.137347
12.954000,-0.136940
12.955000,-0.136534
12.956000,-0.136129
12.957000,-0.135726
12.958000,-0.135323
12.959000,-0.134922
12.960000,-0.134523
12.961000,-0.134124
12.962000,-0.133726
12.963000,-0.133330
12.964000,-0.132935
12.965000,-0.132541
12.966000,-0.132148
12.967000,-0.131757
12.968000,-0.131366
12.969000,-0.130977
12.970000,-0.130589
12.971000,-0.130202
12.972000,-0.129816
12.973000,-0.129432
12.974000,-0.129048
12.975000,-0.128666
12.976000,-0.128285
12.977000,-0.127904
12.978000,-0.127526
12.979000,-0.127148
12.980000,-0.126771
12.981000,-0.126395
12.982000,-0.126021
12.983000,-0.125648
12.984000,-0.125275
12.985000,-0.124904
12.986000,-0.124534
12.987000,-0.124165
12.988000,-0.123797
12.989000,-0.123431
12.990000,-0.123065
12.991000,-0.122701
12.992000,-0.122337
12.993000,-0.121975
12.994000,-0.121613
12.995000,-0.121253
12.996000,-0.120892
12.997000,-0.120522
12.998000,-0.120132
12.999000,-0.119715
13.000000,-0.119263
13.001000,-0.118769
13.002000,-0.118228
13.003000,-0.117635
13.004000,-0.116984
13.005000,-0.116272
13.006000,-0.115498
13.007000,-0.114668
13.008000,-0.113789
13.009000,-0.112867
13.010000,-0.111908
13.011000,-0.110918
13.012000,-0.109902
13.013000,-0.108863
13.014000,-0.107806
13.015000,-0.106735
13.016000,-0.105651
13.017000,-0.104559
13.018000,-0.103459
13.019000,-0.102356
13.020000,-0.101250
13.021000,-0.100144
13.022000,-0.099038
13.023000,-0.097934
13.024000,-0.096834
13.025000,-0.095739
13.026000,-0.094648
13.027000,-0.093564
13.028000,-0.092486
13.029000,-0.091416
13.030000,-0.090354
13.031000,-0.089300
13.032000,-0.088255
13.033000,-0.087219
13.034000,-0.086192
13.035000,-0.085175
13.036000,-0.084167
13.037000,-0.083170
13.038000,-0.082182
13.039000,-0.081205
13.040000,-0.080237
13.041000,-0.079280
13.042000,-0.078334
13.043000,-0.077397
13.044000,-0.076471
13.045000,-0.075555
13.046000,-0.074649
13.047000,-0.073753
13.048000,-0.072868
13.049000,-0.071992
13.050000,-0.071127
13.051000,-0.070271
13.052000,-0.069426
13.053000,-0.068590
13.054000,-0.067764
13.055000,-0.066948
13.056000,-0.066143
13.057000,-0.065349
13.058000,-0.064567
13.059000,-0.063795
13.060000,-0.063036
13.061000,-0.062288
13.062000,-0.061551
13.063000,-0.060826
13.064000,-0.060113
13.065000,-0.059411
13.066000,-0.058719
13.067000,-0.058038
13.068000,-0.057366
13.069000,-0.056703
13.070000,-0.056049
13.071000,-0.055404
13.072000,-0.054768
13.073000,-0.054139
13.074000,-0.053519
13.075000,-0.052906
13.076000,-0.052301
13.077000,-0.051704
13.078000,-0.051113
13.079000,-0.050530
13.080000,-0.049954
13.081000,-0.049384
13.082000,-0.048821
13.083000,-0.048265
13.084000,-0.047715
13.085000,-0.047172
13.086000,-0.046634
13.087000,-0.046104
13.088000,-0.045579
13.089000,-0.045060
13.090000,-0.044547
13.091000,-0.044040
13.092000,-0.043538
13.093000,-0.043042
13.094000,-0.042552
13.095000,-0.042068
13.096000,-0.041589
13.097000,-0.041115
13.098000,-0.040646
13.099000,-0.040183
13.100000,-0.039725
13.101000,-0.039273
13.102000,-0.038825
13.103000,-0.038382
13.104000,-0.037945
13.105000,-0.037512
13.106000,-0.037084
13.107000,-0.036661
13.108000,-0.036242
13.109000,-0.035829
13.110000,-0.035419
13.111000,-0.035015
13.112000,-0.034615
13.113000,-0.034219
13.114000,-0.033828
13.115000,-0.033441
13.116000,-0.033059
13.117000,-0.032681
13.118000,-0.032307
13.119000,-0.031937
13.120000,-0.031572
13.121000,-0.031210
13.122000,-0.030853
13.123000,-0.030501
13.124000,-0.030154
13.125000,-0.029811
13.126000,-0.029474
13.127000,-0.029141
13.128000,-0.028814
13.129000,-0.028492
13.130000,-0.028176
13.131000,-0.027864
13.132000,-0.027557
13.133000,-0.027255
13.134000,-0.026957
13.135000,-0.026663
13.136000,-0.026373
13.137000,-0.026087
13.138000,-0.025804
13.139000,-0.025525
13.140000,-0.025249
13.141000,-0.024977
13.142000,-0.024708
13.143000,-0.024442
13.144000,-0.024179
13.145000,-0.023919
13.146000,-0.023662
13.147000,-0.023407
13.148000,-0.023156
13.149000,-0.022907
13.150000,-0.022661
13.151000,-0.022418
13.152000,-0.022177
13.153000,-0.021939
13.154000,-0.021703
13.155000,-0.021470
13.156000,-0.021239
13.157000,-0.021011
13.158000,-0.020785
13.159000,-0.020562
13.160000,-0.020341
13.161000,-0.020122
13.162000,-0.019905
13.163000,-0.019691
13.164000,-0.019479
13.165000,-0.019269
13.166000,-0.019061
13.167000,-0.018856
13.168000,-0.018653
13.169000,-0.018451
13.170000,-0.018252
13.171000,-0.018055
13.172000,-0.017860
13.173000,-0.017667
13.174000,-0.017476
13.175000,-0.017287
13.176000,-0.017100
13.177000,-0.016915
13.178000,-0.016732
13.179000,-0.016550
13.180000,-0.016371
13.181000,-0.016193
13.182000,-0.016018
13.183000,-0.015844
13.184000,-0.015672
13.185000,-0.015502
13.186000,-0.015333
13.187000,-0.015166
13.188000,-0.015001
13.189000,-0.014838
13.190000,-0.014676
13.191000,-0.014516
13.192000,-0.014358
13.193000,-0.014201
13.194000,-0.014046
13.195000,-0.013893
13.196000,-0.013741
13.197000,-0.013591
13.198000,-0.013442
13.199000,-0.013295
13.200000,-0.013149
13.201000,-0.013005
13.202000,-0.012862
13.203000,-0.012721
13.204000,-0.012581
13.205000,-0.012443
13.206000,-0.012306
13.207000,-0.012171
13.208000,-0.012037
13.209000,-0.011904
13.210000,-0.011773
13.211000,-0.011643
13.212000,-0.011515
13.213000,-0.011388
13.214000,-0.011262
13.215000,-0.011139
13.216000,-0.011017
13.217000,-0.010897
13.218000,-0.010779
13.219000,-0.010664
13.220000,-0.010550
13.221000,-0.010439
13.222000,-0.010330
13.223000,-0.010223
13.224000,-0.010117
13.225000,-0.010014
13.226000,-0.009911
13.227000,-0.009811
13.228000,-0.009711
13.229000,-0.009613
13.230000,-0.009517
13.231000,-0.009421
13.232000,-0.009326
13.233000,-0.009233
13.234000,-0.009140
13.235000,-0.009049
13.236000,-0.008958
13.237000,-0.008869
13.238000,-0.008780
13.239000,-0.008692
13.240000,-0.008605
13.241000,-0.008519
13.242000,-0.008434
13.243000,-0.008349
13.244000,-0.008266
13.245000,-0.008183
13.246000,-0.008101
13.247000,-0.008019
13.248000,-0.007939
13.249000,-0.007859
13.250000,-0.007780
13.251000,-0.007702
13.252000,-0.007624
13.253000,-0.007547
13.254000,-0.007471
13.255000,-0.007396
13.256000,-0.007321
13.257000,-0.007247
13.258000,-0.007173
13.259000,-0.007101
13.260000,-0.007028
13.261000,-0.006957
13.262000,-0.006886
13.263000,-0.006816
13.264000,-0.006747
13.265000,-0.006678
13.266000,-0.006610
13.267000,-0.006542
13.268000,-0.006475
13.269000,-0.006409
13.270000,-0.006343
13.271000,-0.006278
13.272000,-0.006214
13.273000,-0.006150
13.274000,-0.006086
13.275000,-0.006024
13.276000,-0.005961
13.277000,-0.005900
13.278000,-0.005839
13.279000,-0.005778
13.280000,-0.005718
13.281000,-0.005659
13.282000,-0.005600
13.283000,-0.005542
13.284000,-0.005484
13.285000,-0.005427
13.286000,-0.005370
13.287000,-0.005314
13.288000,-0.005258
13.289000,-0.005203
13.290000,-0.005148
13.291000,-0.005094
13.292000,-0.005041
13.293000,-0.004988
13.294000,-0.004935
13.295000,-0.004883
13.296000,-0.004831
13.297000,-0.004780
13.298000,-0.004729
13.299000,-0.004679
13.300000,-0.004629
13.301000,-0.004579
13.302000,-0.004530
13.303000,-0.004482
13.304000,-0.004434
13.305000,-0.004387
13.306000,-0.004340
13.307000,-0.004294
13.308000,-0.004249
13.309000,-0.004205
13.310000,-0.004161
13.311000,-0.004118
13.312000,-0.004076
13.313000,-0.004035
13.314000,-0.003994
13.315000,-0.003955
13.316000,-0.003915
13.317000,-0.003877
13.318000,-0.003838
13.319000,-0.003801
13.320000,-0.003763
13.321000,-0.003726
13.322000,-0.003690
13.323000,-0.003654
13.324000,-0.003618
13.325000,-0.003582
13.326000,-0.003547
13.327000,-0.003512
13.328000,-0.003477
13.329000,-0.003443
13.330000,-0.003409
13.331000,-0.003375
13.332000,-0.003342
13.333000,-0.003309
13.334000,-0.003276
13.335000,-0.003243
13.336000,-0.003211
13.337000,-0.003179
13.338000,-0.003147
13.339000,-0.003116
13.340000,-0.003084
13.341000,-0.003053
13.342000,-0.003022
13.343000,-0.002992
13.344000,-0.002962
13.345000,-0.002932
13.346000,-0.002902
13.347000,-0.002872
13.348000,-0.002843
13.349000,-0.002814
13.350000,-0.002785
13.351000,-0.002756
13.352000,-0.002728
13.353000,-0.002700
13.354000,-0.002672
13.355000,-0.002644
13.356000,-0.002617
13.357000,-0.002590
13.358000,-0.002564
13.359000,-0.002537
13.360000,-0.002512
13.361000,-0.002487
13.362000,-0.002462
13.363000,-0.002437
13.364000,-0.002413
13.365000,-0.002390
13.366000,-0.002367
13.367000,-0.002344
13.368000,-0.002321
13.369000,-0.002298
13.370000,-0.002276
13.371000,-0.002254
13.372000,-0.002232
13.373000,-0.002211
13.374000,-0.002189
13.375000,-0.002168
13.376000,-0.002147
13.377000,-0.002126
13.378000,-0.002105
13.379000,-0.002085
13.380000,-0.002064
13.381000,-0.002044
13.382000,-0.002024
13.383000,-0.002004
13.384000,-0.001984
13.385000,-0.001964
13.386000,-0.001945
13.387000,-0.001925
13.388000,-0.001906
13.389000,-0.001887
13.390000,-0.001868
13.391000,-0.001849
13.392000,-0.001830
13.393000,-0.001812
13.394000,-0.001793
13.395000,-0.001775
13.396000,-0.001757
13.397000,-0.001739
13.398000,-0.001721
13.399000,-0.001703
13.400000,-0.001685
13.401000,-0.001668
13.402000,-0.001650
13.403000,-0.001633
13.404000,-0.001616
13.405000,-0.001599
13.406000,-0.001582
13.407000,-0.001565
13.408000,-0.001549
13.409000,-0.001532
13.410000,-0.001516
13.411000,-0.001499
13.412000,-0.001483
13.413000,-0.001467
13.414000,-0.001451
13.415000,-0.001435
13.416000,-0.001419
13.417000,-0.001404
13.418000,-0.001388
13.419000,-0.001373
13.420000,-0.001357
13.421000,-0.001342
13.422000,-0.001327
13.423000,-0.001313
13.424000,-0.001298
13.425000,-0.001284
13.426000,-0.001271
13.427000,-0.001257
13.428000,-0.001245
13.429000,-0.001232
13.430000,-0.001220
13.431000,-0.001209
13.432000,-0.001198
13.433000,-0.001187
13.434000,-0.001176
13.435000,-0.001165
13.436000,-0.001155
13.437000,-0.001145
13.438000,-0.001135
13.439000,-0.001125
13.440000,-0.001115
13.441000,-0.001105
13.442000,-0.001095
13.443000,-0.001086
13.444000,-0.001076
13.445000,-0.001067
13.446000,-0.001057
13.447000,-0.001048
13.448000,-0.001038
13.449000,-0.001029
13.450000,-0.001020
13.451000,-0.001011
13.452000,-0.001001
13.453000,-0.000992
13.454000,-0.000983
13.455000,-0.000974
13.456000,-0.000965
13.457000,-0.000956
13.458000,-0.000948
13.459000,-0.000939
13.460000,-0.000930
13.461000,-0.000921
13.462000,-0.000913
13.463000,-0.000904
13.464000,-0.000895
13.465000,-0.000887
13.466000,-0.000878
13.467000,-0.000870
13.468000,-0.000861
13.469000,-0.000853
13.470000,-0.000845
13.471000,-0.000836
13.472000,-0.000828
13.473000,-0.000820
13.474000,-0.000812
13.475000,-0.000804
13.476000,-0.000795
13.477000,-0.000787
13.478000,-0.000779
13.479000,-0.000771
13.480000,-0.000764
13.481000,-0.000756
13.482000,-0.000748
13.483000,-0.000740
13.484000,-0.000732
13.485000,-0.000725
13.486000,-0.000717
13.487000,-0.000709
13.488000,-0.000702
13.489000,-0.000694
13.490000,-0.000687
13.491000,-0.000679
13.492000,-0.000672
13.493000,-0.000664
13.494000,-0.000657
13.495000,-0.000650
13.496000,-0.000642
13.497000,-0.000635
13.498000,-0.000628
13.499000,-0.000621
13.500000,-0.000614
13.501000,-0.000606
13.502000,-0.000599
13.503000,-0.000592
13.504000,-0.000585
13.505000,-0.000578
13.506000,-0.000571
13.507000,-0.000565
13.508000,-0.000558
13.509000,-0.000551
13.510000,-0.000544
13.511000,-0.000537
13.512000,-0.000531
13.513000,-0.000524
13.514000,-0.000518
13.515000,-0.000511
13.516000,-0.000505
13.517000,-0.000499
13.518000,-0.000493
13.519000,-0.000487
13.520000,-0.000481
13.521000,-0.000475
13.522000,-0.000470
13.523000,-0.000465
13.524000,-0.000460
13.525000,-0.000455
13.526000,-0.000450
13.527000,-0.000445
13.528000,-0.000440
13.529000,-0.000435
13.530000,-0.000430
13.531000,-0.000426
13.532000,-0.000421
13.533000,-0.000416
13.534000,-0.000412
13.535000,-0.000407
13.536000,-0.000402
13.537000,-0.000398
13.538000,-0.000393
13.539000,-0.000389
13.540000,-0.000384
13.541000,-0.000380
13.542000,-0.000375
13.543000,-0.000371
13.544000,-0.000366
13.545000,-0.000362
13.546000,-0.000357
13.547000,-0.000353
13.548000,-0.000349
13.549000,-0.000344
13.550000,-0.000340
13.551000,-0.000336
13.552000,-0.000331
13.553000,-0.000327
13.554000,-0.000323
13.555000,-0.000318
13.556000,-0.000314
13.557000,-0.000310
13.558000,-0.000306
13.559000,-0.000301
13.560000,-0.000297
13.561000,-0.000293
13.562000,-0.000289
13.563000,-0.000285
13.564000,-0.000281
13.565000,-0.000277
13.566000,-0.000273
13.567000,-0.000268
13.568000,-0.000264
13.569000,-0.000260
13.570000,-0.000256
13.571000,-0.000252
13.572000,-0.000248
13.573000,-0.000244
13.574000,-0.000240
13.575000,-0.000236
13.576000,-0.000233
13.577000,-0.000229
13.578000,-0.000225
13.579000,-0.000221
13.580000,-0.000217
13.581000,-0.000213
13.582000,-0.000209
13.583000,-0.000206
13.584000,-0.000202
13.585000,-0.000198
13.586000,-0.000194
13.587000,-0.000190
13.588000,-0.000187
13.589000,-0.000183
13.590000,-0.000179
13.591000,-0.000175
13.592000,-0.000172
13.593000,-0.000168
13.594000,-0.000164
13.595000,-0.000161
13.596000,-0.000157
13.597000,-0.000154
13.598000,-0.000150
13.599000,-0.000147
13.600000,-0.000144
13.601000,-0.000142
13.602000,-0.000140
13.603000,-0.000138
13.604000,-0.000136
13.605000,-0.000135
13.606000,-0.000134
13.607000,-0.000133
13.608000,-0.000132
13.609000,-0.000132
13.610000,-0.000131
13.611000,-0.000131
13.612000,-0.000131
13.613000,-0.000131
13.614000,-0.000131
13.615000,-0.000130
13.616000,-0.000130
13.617000,-0.000130
13.618000,-0.000130
13.619000,-0.000130
13.620000,-0.000130
13.621000,-0.000129
13.622000,-0.000129
13.623000,-0.000129
13.624000,-0.000129
13.625000,-0.000129
13.626000,-0.000129
13.627000,-0.000129
13.628000,-0.000129
13.629000,-0.000128
13.630000,-0.000128
13.631000,-0.000128
13.632000,-0.000128
13.633000,-0.000128
13.634000,-0.000128
13.635000,-0.000128
13.636000,-0.000128
13.637000,-0.000128
13.638000,-0.000127
13.639000,-0.000127
13.640000,-0.000127
13.641000,-0.000127
13.642000,-0.000127
13.643000,-0.000127
13.644000,-0.000127
13.645000,-0.000127
13.646000,-0.000126
13.647000,-0.000126
13.648000,-0.000126
13.649000,-0.000126
13.650000,-0.000126
13.651000,-0.000126
13.652000,-0.000126
13.653000,-0.000126
13.654000,-0.000125
13.655000,-0.000125
13.656000,-0.000125
13.657000,-0.000125
13.658000,-0.000125
13.659000,-0.000125
13.660000,-0.000125
13.661000,-0.000125
13.662000,-0.000125
13.663000,-0.000124
13.664000,-0.000124
13.665000,-0.000124
13.666000,-0.000124
13.667000,-0.000124
13.668000,-0.000124
13.669000,-0.000124
13.670000,-0.000124
13.671000,-0.000124
13.672000,-0.000123
13.673000,-0.000123
13.674000,-0.000123
13.675000,-0.000123
13.676000,-0.000123
13.677000,-0.000123
13.678000,-0.000123
13.679000,-0.000123
13.680000,-0.000123
13.681000,-0.000122
13.682000,-0.000122
13.683000,-0.000122
13.684000,-0.000122
13.685000,-0.000122
13.686000,-0.000122
13.687000,-0.000122
13.688000,-0.000122
13.689000,-0.000121
13.690000,-0.000121
13.691000,-0.000121
13.692000,-0.000121
13.693000,-0.000121
13.694000,-0.000121
13.695000,-0.000121
13.696000,-0.000121
13.697000,-0.000121
13.698000,-0.000121
13.699000,-0.000120
13.700000,-0.000120
13.701000,-0.000120
13.702000,-0.000120
13.703000,-0.000120
13.704000,-0.000120
13.705000,-0.000120
13.706000,-0.000120
13.707000,-0.000120
13.708000,-0.000119
13.709000,-0.000119
13.710000,-0.000119
13.711000,-0.000119
13.712000,-0.000119
13.713000,-0.000119
13.714000,-0.000119
13.715000,-0.000119
13.716000,-0.000118
13.717000,-0.000118
13.718000,-0.000118
13.719000,-0.000118
13.720000,-0.000118
13.721000,-0.000118
13.722000,-0.000118
13.723000,-0.000118
13.724000,-0.000118
13.725000,-0.000118
13.726000,-0.000117
13.727000,-0.000117
13.728000,-0.000117
13.729000,-0.000117
13.730000,-0.000117
13.731000,-0.000117
13.732000,-0.000117
13.733000,-0.000117
13.734000,-0.000117
13.735000,-0.000116
13.736000,-0.000116
13.737000,-0.000116
13.738000,-0.000116
13.739000,-0.000116
13.740000,-0.000116
13.741000,-0.000116
13.742000,-0.000116
13.743000,-0.000116
13.744000,-0.000115
13.745000,-0.000115
13.746000,-0.000115
13.747000,-0.000115
13.748000,-0.000115
13.749000,-0.000115
13.750000,-0.000115
13.751000,-0.000115
13.752000,-0.000115
13.753000,-0.000114
13.754000,-0.000114
13.755000,-0.000114
13.756000,-0.000114
13.757000,-0.000114
13.758000,-0.000114
13.759000,-0.000114
13.760000,-0.000114
13.761000,-0.000114
13.762000,-0.000113
13.763000,-0.000113
13.764000,-0.000113
13.765000,-0.000113
13.766000,-0.000113
13.767000,-0.000113
13.768000,-0.000113
13.769000,-0.000113
13.770000,-0.000113
13.771000,-0.000113
13.772000,-0.000112
13.773000,-0.000112
13.774000,-0.000112
13.775000,-0.000112
13.776000,-0.000112
13.777000,-0.000112
13.778000,-0.000112
13.779000,-0.000112
13.780000,-0.000112
13.781000,-0.000112
13.782000,-0.000111
13.783000,-0.000111
13.784000,-0.000111
13.785000,-0.000111
13.786000,-0.000111
13.787000,-0.000111
13.788000,-0.000111
13.789000,-0.000111
13.790000,-0.000111
13.791000,-0.000111
13.792000,-0.000110
13.793000,-0.000110
13.794000,-0.000110
13.795000,-0.000110
13.796000,-0.000110
13.797000,-0.000110
13.798000,-0.000110
13.799000,-0.000110
13.800000,-0.000110
13.801000,-0.000109
13.802000,-0.000109
13.803000,-0.000109
13.804000,-0.000109
13.805000,-0.000109
13.806000,-0.000109
13.807000,-0.000109
13.808000,-0.000109
13.809000,-0.000109
13.810000,-0.000109
13.811000,-0.000108
13.812000,-0.000108
13.813000,-0.000108
13.814000,-0.000108
13.815000,-0.000108
13.816000,-0.000108
13.817000,-0.000108
13.818000,-0.000108
13.819000,-0.000108
13.820000,-0.000108
13.821000,-0.000107
13.822000,-0.000107
13.823000,-0.000107
13.824000,-0.000107
13.825000,-0.000107
13.826000,-0.000107
13.827000,-0.000107
13.828000,-0.000107
13.829000,-0.000107
13.830000,-0.000107
13.831000,-0.000106
13.832000,-0.000106
13.833000,-0.000106
13.834000,-0.000106
13.835000,-0.000106
13.836000,-0.000106
13.837000,-0.000106
13.838000,-0.000106
13.839000,-0.000106
13.840000,-0.000106
13.841000,-0.000105
13.842000,-0.000105
13.843000,-0.000105
13.844000,-0.000105
13.845000,-0.000105
13.846000,-0.000105
13.847000,-0.000105
13.848000,-0.000105
13.849000,-0.000105
13.850000,-0.000105
13.851000,-0.000104
13.852000,-0.000104
13.853000,-0.000104
13.854000,-0.000104
13.855000,-0.000104
13.856000,-0.000104
13.857000,-0.000104
13.858000,-0.000104
13.859000,-0.000104
13.860000,-0.000104
13.861000,-0.000104
13.862000,-0.000103
13.863000,-0.000103
13.864000,-0.000103
13.865000,-0.000103
13.866000,-0.000103
13.867000,-0.000103
13.868000,-0.000103
13.869000,-0.000103
13.870000,-0.000103
13.871000,-0.000103
13.872000,-0.000103
13.873000,-0.000102
13.874000,-0.000102
13.875000,-0.000102
13.876000,-0.000102
13.877000,-0.000102
13.878000,-0.000102
13.879000,-0.000102
13.880000,-0.000102
13.881000,-0.000102
13.882000,-0.000102
13.883000,-0.000101
13.884000,-0.000101
13.885000,-0.000101
13.886000,-0.000101
13.887000,-0.000101
13.888000,-0.000101
13.889000,-0.000101
13.890000,-0.000101
13.891000,-0.000101
13.892000,-0.000101
13.893000,-0.000101
13.894000,-0.000100
13.895000,-0.000100
13.896000,-0.000100
13.897000,-0.000100
13.898000,-0.000100
13.899000,-0.000100
13.900000,-0.000100
13.901000,-0.000100
13.902000,-0.000100
13.903000,-0.000100
13.904000,-0.000100
13.905000,-0.000099
13.906000,-0.000099
13.907000,-0.000099
13.908000,-0.000099
13.909000,-0.000099
13.910000,-0.000099
13.911000,-0.000099
13.912000,-0.000099
13.913000,-0.000099
13.914000,-0.000099
13.915000,-0.000098
13.916000,-0.000098
13.917000,-0.000098
13.918000,-0.000098
13.919000,-0.000098
13.920000,-0.000098
13.921000,-0.000098
13.922000,-0.000098
13.923000,-0.000098
13.924000,-0.000098
13.925000,-0.000098
13.926000,-0.000097
13.927000,-0.000097
13.928000,-0.000097
13.929000,-0.000097
13.930000,-0.000097
13.931000,-0.000097
13.932000,-0.000097
13.933000,-0.000097
13.934000,-0.000097
13.935000,-0.000097
13.936000,-0.000097
13.937000,-0.000097
13.938000,-0.000096
13.939000,-0.000096
13.940000,-0.000096
13.941000,-0.000096
13.942000,-0.000096
13.943000,-0.000096
13.944000,-0.000096
13.945000,-0.000096
13.946000,-0.000096
13.947000,-0.000096
13.948000,-0.000095
13.949000,-0.000095
13.950000,-0.000095
13.951000,-0.000095
13.952000,-0.000095
13.953000,-0.000095
13.954000,-0.000095
13.955000,-0.000095
13.956000,-0.000095
13.957000,-0.000095
13.958000,-0.000095
13.959000,-0.000095
13.960000,-0.000094
13.961000,-0.000094
13.962000,-0.000094
13.963000,-0.000094
13.964000,-0.000094
13.965000,-0.000094
13.966000,-0.000094
13.967000,-0.000094
13.968000,-0.000094
13.969000,-0.000094
13.970000,-0.000094
13.971000,-0.000093
13.972000,-0.000093
13.973000,-0.000093
13.974000,-0.000093
13.975000,-0.000093
13.976000,-0.000093
13.977000,-0.000093
13.978000,-0.000093
13.979000,-0.000093
13.980000,-0.000093
13.981000,-0.000093
13.982000,-0.000093
13.983000,-0.000092
13.984000,-0.000092
13.985000,-0.000092
13.986000,-0.000092
13.987000,-0.000092
13.988000,-0.000092
13.989000,-0.000092
13.990000,-0.000092
13.991000,-0.000092
13.992000,-0.000092
13.993000,-0.000092
13.994000,-0.000091
13.995000,-0.000091
13.996000,-0.000091
13.997000,-0.000091
13.998000,-0.000091
13.999000,-0.000091
14.000000,-0.000091
14.001000,-0.000091
14.002000,-0.000091
14.003000,-0.000091
14.004000,-0.000091
14.005000,-0.000091
14.006000,-0.000090
14.007000,-0.000090
14.008000,-0.000090
14.009000,-0.000090
14.010000,-0.000090
14.011000,-0.000090
14.012000,-0.000090
14.013000,-0.000090
14.014000,-0.000090
14.015000,-0.000090
14.016000,-0.000090
14.017000,-0.000090
14.018000,-0.000089
14.019000,-0.000089
14.020000,-0.000089
14.021000,-0.000089
14.022000,-0.000089
14.023000,-0.000089
14.024000,-0.000089
14.025000,-0.000089
14.026000,-0.000089
14.027000,-0.000089
14.028000,-0.000089
14.029000,-0.000089
14.030000,-0.000088
14.031000,-0.000088
14.032000,-0.000088
14.033000,-0.000088
14.034000,-0.000088
14.035000,-0.000088
14.036000,-0.000088
14.037000,-0.000088
14.038000,-0.000088
14.039000,-0.000088
14.040000,-0.000088
14.041000,-0.000088
14.042000,-0.000087
14.043000,-0.000087
14.044000,-0.000087
14.045000,-0.000087
14.046000,-0.000087
14.047000,-0.000087
14.048000,-0.000087
14.049000,-0.000087
14.050000,-0.000087
14.051000,-0.000087
14.052000,-0.000087
14.053000,-0.000087
14.054000,-0.000087
14.055000,-0.000086
14.056000,-0.000086
14.057000,-0.000086
14.058000,-0.000086
14.059000,-0.000086
14.060000,-0.000086
14.061000,-0.000086
14.062000,-0.000086
14.063000,-0.000086
14.064000,-0.000086
14.065000,-0.000086
14.066000,-0.000086
14.067000,-0.000085
14.068000,-0.000085
14.069000,-0.000085
14.070000,-0.000085
14.071000,-0.000085
14.072000,-0.000085
14.073000,-0.000085
14.074000,-0.000085
14.075000,-0.000085
14.076000,-0.000085
14.077000,-0.000085
14.078000,-0.000085
14.079000,-0.000085
14.080000,-0.000084
14.081000,-0.000084
14.082000,-0.000084
14.083000,-0.000084
14.084000,-0.000084
14.085000,-0.000084
14.086000,-0.000084
14.087000,-0.000084
14.088000,-0.000084
14.089000,-0.000084
14.090000,-0.000084
14.091000,-0.000084
14.092000,-0.000084
14.093000,-0.000083
14.094000,-0.000083
14.095000,-0.000083
14.096000,-0.000083
14.097000,-0.000083
14.098000,-0.000083
14.099000,-0.000083
14.100000,-0.000083
14.101000,-0.000083
14.102000,-0.000083
14.103000,-0.000083
14.104000,-0.000083
14.105000,-0.000082
14.106000,-0.000082
14.107000,-0.000082
14.108000,-0.000082
14.109000,-0.000082
14.110000,-0.000082
14.111000,-0.000082
14.112000,-0.000082
14.113000,-0.000082
14.114000,-0.000082
14.115000,-0.000082
14.116000,-0.000082
14.117000,-0.000082
14.118000,-0.000081
14.119000,-0.000081
14.120000,-0.000081
14.121000,-0.000081
14.122000,-0.000081
14.123000,-0.000081
14.124000,-0.000081
14.125000,-0.000081
14.126000,-0.000081
14.127000,-0.000081
14.128000,-0.000081
14.129000,-0.000081
14.130000,-0.000081
14.131000,-0.000080
14.132000,-0.000080
14.133000,-0.000080
14.134000,-0.000080
14.135000,-0.000080
14.136000,-0.000080
14.137000,-0.000080
14.138000,-0.000080
14.139000,-0.000080
14.140000,-0.000080
14.141000,-0.000080
14.142000,-0.000080
14.143000,-0.000080
14.144000,-0.000079
14.145000,-0.000079
14.146000,-0.000079
14.147000,-0.000079
14.148000,-0.000079
14.149000,-0.000079
14.150000,-0.000079
14.151000,-0.000079
14.152000,-0.000079
14.153000,-0.000079
14.154000,-0.000079
14.155000,-0.000079
14.156000,-0.000079
14.157000,-0.000079
14.158000,-0.000078
14.159000,-0.000078
14.160000,-0.000078
14.161000,-0.000078
14.162000,-0.000078
14.163000,-0.000078
14.164000,-0.000078
14.165000,-0.000078
14.166000,-0.000078
14.167000,-0.000078
14.168000,-0.000078
14.169000,-0.000078
14.170000,-0.000078
14.171000,-0.000078
14.172000,-0.000077
14.173000,-0.000077
14.174000,-0.000077
14.175000,-0.000077
14.176000,-0.000077
14.177000,-0.000077
14.178000,-0.000077
14.179000,-0.000077
14.180000,-0.000077
14.181000,-0.000077
14.182000,-0.000077
14.183000,-0.000077
14.184000,-0.000077
14.185000,-0.000077
14.186000,-0.000077
14.187000,-0.000076
14.188000,-0.000076
14.189000,-0.000076
14.190000,-0.000076
14.191000,-0.000076
14.192000,-0.000076
14.193000,-0.000076
14.194000,-0.000076
14.195000,-0.000076
14.196000,-0.000076
14.197000,-0.000076
14.198000,-0.000076
14.199000,-0.000076
14.200000,-0.000075
14.201000,-0.000075
14.202000,-0.000075
14.203000,-0.000075
14.204000,-0.000075
14.205000,-0.000075
14.206000,-0.000075
14.207000,-0.000075
14.208000,-0.000075
14.209000,-0.000075
14.210000,-0.000075
14.211000,-0.000075
14.212000,-0.000075
14.213000,-0.000074
14.214000,-0.000074
14.215000,-0.000074
14.216000,-0.000074
14.217000,-0.000074
14.218000,-0.000074
14.219000,-0.000074
14.220000,-0.000074
14.221000,-0.000074
14.222000,-0.000074
14.223000,-0.000074
14.224000,-0.000074
14.225000,-0.000074
14.226000,-0.000074
14.227000,-0.000074
14.228000,-0.000073
14.229000,-0.000073
14.230000,-0.000073
14.231000,-0.000073
14.232000,-0.000073
14.233000,-0.000073
14.234000,-0.000073
14.235000,-0.000073
14.236000,-0.000073
14.237000,-0.000073
14.238000,-0.000073
14.239000,-0.000073
14.240000,-0.000073
14.241000,-0.000073
14.242000,-0.000073
14.243000,-0.000072
14.244000,-0.000072
14.245000,-0.000072
14.246000,-0.000072
14.247000,-0.000072
14.248000,-0.000072
14.249000,-0.000072
14.250000,-0.000072
14.251000,-0.000072
14.252000,-0.000072
14.253000,-0.000072
14.254000,-0.000072
14.255000,-0.000072
14.256000,-0.000072
14.257000,-0.000072
14.258000,-0.000071
14.259000,-0.000071
14.260000,-0.000071
14.261000,-0.000071
14.262000,-0.000071
14.263000,-0.000071
14.264000,-0.000071
14.265000,-0.000071
14.266000,-0.000071
14.267000,-0.000071
14.268000,-0.000071
14.269000,-0.000071
14.270000,-0.000071
14.271000,-0.000071
14.272000,-0.000071
14.273000,-0.000070
14.274000,-0.000070
14.275000,-0.000070
14.276000,-0.000070
14.277000,-0.000070
14.278000,-0.000070
14.279000,-0.000070
14.280000,-0.000070
14.281000,-0.000070
14.282000,-0.000070
14.283000,-0.000070
14.284000,-0.000070
14.285000,-0.000070
14.286000,-0.000070
14.287000,-0.000070
14.288000,-0.000069
14.289000,-0.000069
14.290000,-0.000069
14.291000,-0.000069
14.292000,-0.000069
14.293000,-0.000069
14.294000,-0.000069
14.295000,-0.000069
14.296000,-0.000069
14.297000,-0.000069
14.298000,-0.000069
14.299000,-0.000069
14.300000,-0.000069
14.301000,-0.000069
14.302000,-0.000069
14.303000,-0.000068
14.304000,-0.000068
14.305000,-0.000068
14.306000,-0.000068
14.307000,-0.000068
14.308000,-0.000068
14.309000,-0.000068
14.310000,-0.000068
14.311000,-0.000068
14.312000,-0.000068
14.313000,-0.000068
14.314000,-0.000068
14.315000,-0.000068
14.316000,-0.000068
14.317000,-0.000068
14.318000,-0.000068
14.319000,-0.000068
14.320000,-0.000068
14.321000,-0.000067
14.322000,-0.000067
14.323000,-0.000067
14.324000,-0.000067
14.325000,-0.000067
14.326000,-0.000067
14.327000,-0.000067
14.328000,-0.000067
14.329000,-0.000067
14.330000,-0.000067
14.331000,-0.000067
14.332000,-0.000067
14.333000,-0.000067
14.334000,-0.000067
14.335000,-0.000066
14.336000,-0.000066
14.337000,-0.000066
14.338000,-0.000066
14.339000,-0.000066
14.340000,-0.000066
14.341000,-0.000066
14.342000,-0.000066
14.343000,-0.000066
14.344000,-0.000066
14.345000,-0.000066
14.346000,-0.000066
14.347000,-0.000066
14.348000,-0.000066
14.349000,-0.000066
14.350000,-0.000066
14.351000,-0.000066
14.352000,-0.000065
14.353000,-0.000065
14.354000,-0.000065
14.355000,-0.000065
14.356000,-0.000065
14.357000,-0.000065
14.358000,-0.000065
14.359000,-0.000065
14.360000,-0.000065
14.361000,-0.000065
14.362000,-0.000065
14.363000,-0.000065
14.364000,-0.000065
14.365000,-0.000065
14.366000,-0.000065
14.367000,-0.000064
14.368000,-0.000064
14.369000,-0.000064
14.370000,-0.000064
14.371000,-0.000064
14.372000,-0.000064
14.373000,-0.000064
14.374000,-0.000064
14.375000,-0.000064
14.376000,-0.000064
14.377000,-0.000064
14.378000,-0.000064
14.379000,-0.000064
14.380000,-0.000064
14.381000,-0.000064
14.382000,-0.000064
14.383000,-0.000064
14.384000,-0.000063
14.385000,-0.000063
14.386000,-0.000063
14.387000,-0.000063
14.388000,-0.000063
14.389000,-0.000063
14.390000,-0.000063
14.391000,-0.000063
14.392000,-0.000063
14.393000,-0.000063
14.394000,-0.000063
14.395000,-0.000063
14.396000,-0.000063
14.397000,-0.000063
14.398000,-0.000063
14.399000,-0.000063
14.400000,-0.000063
14.401000,-0.000062
14.402000,-0.000062
14.403000,-0.000062
14.404000,-0.000062
14.405000,-0.000062
14.406000,-0.000062
14.407000,-0.000062
14.408000,-0.000062
14.409000,-0.000062
14.410000,-0.000062
14.411000,-0.000062
14.412000,-0.000062
14.413000,-0.000062
14.414000,-0.000062
14.415000,-0.000062
14.416000,-0.000062
14.417000,-0.000062
14.418000,-0.000061
14.419000,-0.000061
14.420000,-0.000061
14.421000,-0.000061
14.422000,-0.000061
14.423000,-0.000061
14.424000,-0.000061
14.425000,-0.000061
14.426000,-0.000061
14.427000,-0.000061
14.428000,-0.000061
14.429000,-0.000061
14.430000,-0.000061
14.431000,-0.000061
14.432000,-0.000061
14.433000,-0.000061
14.434000,-0.000061
14.435000,-0.000061
14.436000,-0.000060
14.437000,-0.000060
14.438000,-0.000060
14.439000,-0.000060
14.440000,-0.000060
14.441000,-0.000060
14.442000,-0.000060
14.443000,-0.000060
14.444000,-0.000060
14.445000,-0.000060
14.446000,-0.000060
14.447000,-0.000060
14.448000,-0.000060
14.449000,-0.000060
14.450000,-0.000060
14.451000,-0.000060
14.452000,-0.000060
14.453000,-0.000059
14.454000,-0.000059
14.455000,-0.000059
14.456000,-0.000059
14.457000,-0.000059
14.458000,-0.000059
14.459000,-0.000059
14.460000,-0.000059
14.461000,-0.000059
14.462000,-0.000059
14.463000,-0.000059
14.464000,-0.000059
14.465000,-0.000059
14.466000,-0.000059
14.467000,-0.000059
14.468000,-0.000059
14.469000,-0.000059
14.470000,-0.000059
14.471000,-0.000059
14.472000,-0.000058
14.473000,-0.000058
14.474000,-0.000058
14.475000,-0.000058
14.476000,-0.000058
14.477000,-0.000058
14.478000,-0.000058
14.479000,-0.000058
14.480000,-0.000058
14.481000,-0.000058
14.482000,-0.000058
14.483000,-0.000058
14.484000,-0.000058
14.485000,-0.000058
14.486000,-0.000058
14.487000,-0.000058
14.488000,-0.000058
14.489000,-0.000058
14.490000,-0.000058
14.491000,-0.000057
14.492000,-0.000057
14.493000,-0.000057
14.494000,-0.000057
14.495000,-0.000057
14.496000,-0.000057
14.497000,-0.000057
14.498000,-0.000057
14.499000,-0.000057
14.500000,-0.000057
14.501000,-0.000057
14.502000,-0.000057
14.503000,-0.000057
14.504000,-0.000057
14.505000,-0.000057
14.506000,-0.000057
14.507000,-0.000057
14.508000,-0.000057
14.509000,-0.000057
14.510000,-0.000056
14.511000,-0.000056
14.512000,-0.000056
14.513000,-0.000056
14.514000,-0.000056
14.515000,-0.000056
14.516000,-0.000056
14.517000,-0.000056
14.518000,-0.000056
14.519000,-0.000056
14.520000,-0.000056
14.521000,-0.000056
14.522000,-0.000056
14.523000,-0.000056
14.524000,-0.000056
14.525000,-0.000056
14.526000,-0.000056
14.527000,-0.000056
14.528000,-0.000055
14.529000,-0.000055
14.530000,-0.000055
14.531000,-0.000055
14.532000,-0.000055
14.533000,-0.000055
14.534000,-0.000055
14.535000,-0.000055
14.536000,-0.000055
14.537000,-0.000055
14.538000,-0.000055
14.539000,-0.000055
14.540000,-0.000055
14.541000,-0.000055
14.542000,-0.000055
14.543000,-0.000055
14.544000,-0.000055
14.545000,-0.000055
14.546000,-0.000054
14.547000,-0.000054
14.548000,-0.000054
14.549000,-0.000054
14.550000,-0.000054
14.551000,-0.000054
14.552000,-0.000054
14.553000,-0.000054
14.554000,-0.000054
14.555000,-0.000054
14.556000,-0.000054
14.557000,-0.000054
14.558000,-0.000054
14.559000,-0.000054
14.560000,-0.000054
14.561000,-0.000054
14.562000,-0.000054
14.563000,-0.000054
14.564000,-0.000054
14.565000,-0.000053
14.566000,-0.000053
14.567000,-0.000053
14.568000,-0.000053
14.569000,-0.000053
14.570000,-0.000053
14.571000,-0.000053
14.572000,-0.000053
14.573000,-0.000053
14.574000,-0.000053
14.575000,-0.000053
14.576000,-0.000053
14.577000,-0.000053
14.578000,-0.000053
14.579000,-0.000053
14.580000,-0.000053
14.581000,-0.000053
14.582000,-0.000053
14.583000,-0.000053
14.584000,-0.000053
14.585000,-0.000053
14.586000,-0.000052
14.587000,-0.000052
14.588000,-0.000052
14.589000,-0.000052
14.590000,-0.000052
14.591000,-0.000052
14.592000,-0.000052
14.593000,-0.000052
14.594000,-0.000052
14.595000,-0.000052
14.596000,-0.000052
14.597000,-0.000052
14.598000,-0.000052
14.599000,-0.000052
14.600000,-0.000052
14.601000,-0.000052
14.602000,-0.000052
14.603000,-0.000052
14.604000,-0.000051
14.605000,-0.000051
14.606000,-0.000051
14.607000,-0.000051
14.608000,-0.000051
14.609000,-0.000051
14.610000,-0.000051
14.611000,-0.000051
14.612000,-0.000051
14.613000,-0.000051
14.614000,-0.000051
14.615000,-0.000051
14.616000,-0.000051
14.617000,-0.000051
14.618000,-0.000051
14.619000,-0.000051
14.620000,-0.000051
14.621000,-0.000051
14.622000,-0.000051
14.623000,-0.000051
14.624000,-0.000051
14.625000,-0.000051
14.626000,-0.000051
14.627000,-0.000050
14.628000,-0.000050
14.629000,-0.000050
14.630000,-0.000050
14.631000,-0.000050
14.632000,-0.000050
14.633000,-0.000050
14.634000,-0.000050
14.635000,-0.000050
14.636000,-0.000050
14.637000,-0.000050
14.638000,-0.000050
14.639000,-0.000050
14.640000,-0.000050
14.641000,-0.000050
14.642000,-0.000050
14.643000,-0.000050
14.644000,-0.000050
14.645000,-0.000050
14.646000,-0.000050
14.647000,-0.000050
14.648000,-0.000049
14.649000,-0.000049
14.650000,-0.000049
14.651000,-0.000049
14.652000,-0.000049
14.653000,-0.000049
14.654000,-0.000049
14.655000,-0.000049
14.656000,-0.000049
14.657000,-0.000049
14.658000,-0.000049
14.659000,-0.000049
14.660000,-0.000049
14.661000,-0.000049
14.662000,-0.000049
14.663000,-0.000049
14.664000,-0.000049
14.665000,-0.000049
14.666000,-0.000049
14.667000,-0.000049
14.668000,-0.000049
14.669000,-0.000049
14.670000,-0.000048
14.671000,-0.000048
14.672000,-0.000048
14.673000,-0.000048
14.674000,-0.000048
14.675000,-0.000048
14.676000,-0.000048
14.677000,-0.000048
14.678000,-0.000048
14.679000,-0.000048
14.680000,-0.000048
14.681000,-0.000048
14.682000,-0.000048
14.683000,-0.000048
14.684000,-0.000048
14.685000,-0.000048
14.686000,-0.000048
14.687000,-0.000048
14.688000,-0.000048
14.689000,-0.000048
14.690000,-0.000048
14.691000,-0.000048
14.692000,-0.000048
14.693000,-0.000048
14.694000,-0.000047
14.695000,-0.000047
14.696000,-0.000047
14.697000,-0.000047
14.698000,-0.000047
14.699000,-0.000047
14.700000,-0.000047
14.701000,-0.000047
14.702000,-0.000047
14.703000,-0.000047
14.704000,-0.000047
14.705000,-0.000047
14.706000,-0.000047
14.707000,-0.000047
14.708000,-0.000047
14.709000,-0.000047
14.710000,-0.000047
14.711000,-0.000047
14.712000,-0.000046
14.713000,-0.000046
14.714000,-0.000046
14.715000,-0.000046
14.716000,-0.000046
14.717000,-0.000046
14.718000,-0.000046
14.719000,-0.000046
14.720000,-0.000046
14.721000,-0.000046
14.722000,-0.000046
14.723000,-0.000046
14.724000,-0.000046
14.725000,-0.000046
14.726000,-0.000046
14.727000,-0.000046
14.728000,-0.000046
14.729000,-0.000046
14.730000,-0.000046
14.731000,-0.000046
14.732000,-0.000046
14.733000,-0.000046
14.734000,-0.000046
14.735000,-0.000045
14.736000,-0.000045
14.737000,-0.000045
14.738000,-0.000045
14.739000,-0.000045
14.740000,-0.000045
14.741000,-0.000045
14.742000,-0.000045
14.743000,-0.000045
14.744000,-0.000045
14.745000,-0.000045
14.746000,-0.000045
14.747000,-0.000045
14.748000,-0.000045
14.749000,-0.000045
14.750000,-0.000045
14.751000,-0.000045
14.752000,-0.000045
14.753000,-0.000045
14.754000,-0.000045
14.755000,-0.000045
14.756000,-0.000045
14.757000,-0.000045
14.758000,-0.000045
14.759000,-0.000045
14.760000,-0.000044
14.761000,-0.000044
14.762000,-0.000044
14.763000,-0.000044
14.764000,-0.000044
14.765000,-0.000044
14.766000,-0.000044
14.767000,-0.000044
14.768000,-0.000044
14.769000,-0.000044
14.770000,-0.000044
14.771000,-0.000044
14.772000,-0.000044
14.773000,-0.000044
14.774000,-0.000044
14.775000,-0.000044
14.776000,-0.000044
14.777000,-0.000044
14.778000,-0.000044
14.779000,-0.000044
14.780000,-0.000044
14.781000,-0.000044
14.782000,-0.000044
14.783000,-0.000043
14.784000,-0.000043
14.785000,-0.000043
14.786000,-0.000043
14.787000,-0.000043
14.788000,-0.000043
14.789000,-0.000043
14.790000,-0.000043
14.791000,-0.000043
14.792000,-0.000043
14.793000,-0.000043
14.794000,-0.000043
14.795000,-0.000043
14.796000,-0.000043
14.797000,-0.000043
14.798000,-0.000043
14.799000,-0.000043
14.800000,-0.000043
14.801000,-0.000043
14.802000,-0.000043
14.803000,-0.000043
14.804000,-0.000043
14.805000,-0.000043
14.806000,-0.000043
14.807000,-0.000042
14.808000,-0.000042
14.809000,-0.000042
14.810000,-0.000042
14.811000,-0.000042
14.812000,-0.000042
14.813000,-0.000042
14.814000,-0.000042
14.815000,-0.000042
14.816000,-0.000042
14.817000,-0.000042
14.818000,-0.000042
14.819000,-0.000042
14.820000,-0.000042
14.821000,-0.000042
14.822000,-0.000042
14.823000,-0.000042
14.824000,-0.000042
14.825000,-0.000042
14.826000,-0.000042
14.827000,-0.000042
14.828000,-0.000042
14.829000,-0.000042
14.830000,-0.000042
14.831000,-0.000042
14.832000,-0.000042
14.833000,-0.000042
14.834000,-0.000041
14.835000,-0.000041
14.836000,-0.000041
14.837000,-0.000041
14.838000,-0.000041
14.839000,-0.000041
14.840000,-0.000041
14.841000,-0.000041
14.842000,-0.000041
14.843000,-0.000041
14.844000,-0.000041
14.845000,-0.000041
14.846000,-0.000041
14.847000,-0.000041
14.848000,-0.000041
14.849000,-0.000041
14.850000,-0.000041
14.851000,-0.000041
14.852000,-0.000041
14.853000,-0.000041
14.854000,-0.000041
14.855000,-0.000041
14.856000,-0.000041
14.857000,-0.000041
14.858000,-0.000040
14.859000,-0.000040
14.860000,-0.000040
14.861000,-0.000040
14.862000,-0.000040
14.863000,-0.000040
14.864000,-0.000040
14.865000,-0.000040
14.866000,-0.000040
14.867000,-0.000040
14.868000,-0.000040
14.869000,-0.000040
14.870000,-0.000040
14.871000,-0.000040
14.872000,-0.000040
14.873000,-0.000040
14.874000,-0.000040
14.875000,-0.000040
14.876000,-0.000040
14.877000,-0.000040
14.878000,-0.000040
14.879000,-0.000040
14.880000,-0.000040
14.881000,-0.000040
14.882000,-0.000040
14.883000,-0.000040
14.884000,-0.000040
14.885000,-0.000040
14.886000,-0.000039
14.887000,-0.000039
14.888000,-0.000039
14.889000,-0.000039
14.890000,-0.000039
14.891000,-0.000039
14.892000,-0.000039
14.893000,-0.000039
14.894000,-0.000039
14.895000,-0.000039
14.896000,-0.000039
14.897000,-0.000039
14.898000,-0.000039
14.899000,-0.000039
14.900000,-0.000039
14.901000,-0.000039
14.902000,-0.000039
14.903000,-0.000039
14.904000,-0.000039
14.905000,-0.000039
14.906000,-0.000039
14.907000,-0.000039
14.908000,-0.000039
14.909000,-0.000039
14.910000,-0.000039
14.911000,-0.000039
14.912000,-0.000038
14.913000,-0.000038
14.914000,-0.000038
14.915000,-0.000038
14.916000,-0.000038
14.917000,-0.000038
14.918000,-0.000038
14.919000,-0.000038
14.920000,-0.000038
14.921000,-0.000038
14.922000,-0.000038
14.923000,-0.000038
14.924000,-0.000038
14.925000,-0.000038
14.926000,-0.000038
14.927000,-0.000038
14.928000,-0.000038
14.929000,-0.000038
14.930000,-0.000038
14.931000,-0.000038
14.932000,-0.000038
14.933000,-0.000038
14.934000,-0.000038
14.935000,-0.000038
14.936000,-0.000038
14.937000,-0.000038
14.938000,-0.000038
14.939000,-0.000037
14.940000,-0.000037
14.941000,-0.000037
14.942000,-0.000037
14.943000,-0.000037
14.944000,-0.000037
14.945000,-0.000037
14.946000,-0.000037
14.947000,-0.000037
14.948000,-0.000037
14.949000,-0.000037
14.950000,-0.000037
14.951000,-0.000037
14.952000,-0.000037
14.953000,-0.000037
14.954000,-0.000037
14.955000,-0.000037
14.956000,-0.000037
14.957000,-0.000037
14.958000,-0.000037
14.959000,-0.000037
14.960000,-0.000037
14.961000,-0.000037
14.962000,-0.000037
14.963000,-0.000037
14.964000,-0.000037
14.965000,-0.000037
14.966000,-0.000037
14.967000,-0.000036
14.968000,-0.000036
14.969000,-0.000036
14.970000,-0.000036
14.971000,-0.000036
14.972000,-0.000036
14.973000,-0.000036
14.974000,-0.000036
14.975000,-0.000036
14.976000,-0.000036
14.977000,-0.000036
14.978000,-0.000036
14.979000,-0.000036
14.980000,-0.000036
14.981000,-0.000036
14.982000,-0.000036
14.983000,-0.000036
14.984000,-0.000036
14.985000,-0.000036
14.986000,-0.000036
14.987000,-0.000036
14.988000,-0.000036
14.989000,-0.000036
14.990000,-0.000036
14.991000,-0.000036
14.992000,-0.000036
14.993000,-0.000036
14.994000,-0.000036
14.995000,-0.000036
14.996000,-0.000035
14.997000,-0.000035
14.998000,-0.000035
14.999000,-0.000035
15.000000,-0.000035
15.001000,-0.000035
15.002000,-0.000035
15.003000,-0.000035
15.004000,-0.000035
15.005000,-0.000035
15.006000,-0.000035
15.007000,-0.000035
15.008000,-0.000035
15.009000,-0.000035
15.010000,-0.000035
15.011000,-0.000035
15.012000,-0.000035
15.013000,-0.000035
15.014000,-0.000035
15.015000,-0.000035
15.016000,-0.000035
15.017000,-0.000035
15.018000,-0.000035
15.019000,-0.000035
15.020000,-0.000035
15.021000,-0.000035
15.022000,-0.000035
15.023000,-0.000035
15.024000,-0.000035
15.025000,-0.000034
15.026000,-0.000034
15.027000,-0.000034
15.028000,-0.000034
15.029000,-0.000034
15.030000,-0.000034
15.031000,-0.000034
15.032000,-0.000034
15.033000,-0.000034
15.034000,-0.000034
15.035000,-0.000034
15.036000,-0.000034
15.037000,-0.000034
15.038000,-0.000034
15.039000,-0.000034
15.040000,-0.000034
15.041000,-0.000034
15.042000,-0.000034
15.043000,-0.000034
15.044000,-0.000034
15.045000,-0.000034
15.046000,-0.000034
15.047000,-0.000034
15.048000,-0.000034
15.049000,-0.000034
15.050000,-0.000034
15.051000,-0.000034
15.052000,-0.000034
15.053000,-0.000034
15.054000,-0.000034
15.055000,-0.000034
15.056000,-0.000033
15.057000,-0.000033
15.058000,-0.000033
15.059000,-0.000033
15.060000,-0.000033
15.061000,-0.000033
15.062000,-0.000033
15.063000,-0.000033
15.064000,-0.000033
15.065000,-0.000033
15.066000,-0.000033
15.067000,-0.000033
15.068000,-0.000033
15.069000,-0.000033
15.070000,-0.000033
15.071000,-0.000033
15.072000,-0.000033
15.073000,-0.000033
15.074000,-0.000033
15.075000,-0.000033
15.076000,-0.000033
15.077000,-0.000033
15.078000,-0.000033
15.079000,-0.000033
15.080000,-0.000033
15.081000,-0.000033
15.082000,-0.000033
15.083000,-0.000033
15.084000,-0.000033
15.085000,-0.000033
15.086000,-0.000033
15.087000,-0.000033
15.088000,-0.000032
15.089000,-0.000032
15.090000,-0.000033
15.091000,-0.000032
15.092000,-0.000032
15.093000,-0.000032
15.094000,-0.000032
15.095000,-0.000032
15.096000,-0.000032
15.097000,-0.000032
15.098000,-0.000032
15.099000,-0.000032
15.100000,-0.000032
15.101000,-0.000032
15.102000,-0.000032
15.103000,-0.000032
15.104000,-0.000032
15.105000,-0.000032
15.106000,-0.000032
15.107000,-0.000032
15.108000,-0.000032
15.109000,-0.000032
15.110000,-0.000032
15.111000,-0.000032
15.112000,-0.000032
15.113000,-0.000032
15.114000,-0.000032
15.115000,-0.000032
15.116000,-0.000032
15.117000,-0.000032
15.118000,-0.000032
15.119000,-0.000031
15.120000,-0.000031
15.121000,-0.000031
15.122000,-0.000031
15.123000,-0.000031
15.124000,-0.000031
15.125000,-0.000031
15.126000,-0.000031
15.127000,-0.000031
15.128000,-0.000031
15.129000,-0.000031
15.130000,-0.000031
15.131000,-0.000031
15.132000,-0.000031
15.133000,-0.000031
15.134000,-0.000031
15.135000,-0.000031
15.136000,-0.000031
15.137000,-0.000031
15.138000,-0.000031
15.139000,-0.000031
15.140000,-0.000031
15.141000,-0.000031
15.142000,-0.000031
15.143000,-0.000031
15.144000,-0.000031
15.145000,-0.000031
15.146000,-0.000031
15.147000,-0.000031
15.148000,-0.000031
15.149000,-0.000031
15.150000,-0.000031
15.151000,-0.000030
15.152000,-0.000030
15.153000,-0.000030
15.154000,-0.000030
15.155000,-0.000030
15.156000,-0.000030
15.157000,-0.000030
15.158000,-0.000030
15.159000,-0.000030
15.160000,-0.000030
15.161000,-0.000030
15.162000,-0.000030
15.163000,-0.000030
15.164000,-0.000030
15.165000,-0.000030
15.166000,-0.000030
15.167000,-0.000030
15.168000,-0.000030
15.169000,-0.000030
15.170000,-0.000030
15.171000,-0.000030
15.172000,-0.000030
15.173000,-0.000030
15.174000,-0.000030
15.175000,-0.000030
15.176000,-0.000030
15.177000,-0.000030
15.178000,-0.000030
15.179000,-0.000030
15.180000,-0.000030
15.181000,-0.000030
15.182000,-0.000030
15.183000,-0.000030
15.184000,-0.000030
15.185000,-0.000030
15.186000,-0.000030
15.187000,-0.000029
15.188000,-0.000029
15.189000,-0.000029
15.190000,-0.000029
15.191000,-0.000029
15.192000,-0.000029
15.193000,-0.000029
15.194000,-0.000029
15.195000,-0.000029
15.196000,-0.000029
15.197000,-0.000029
15.198000,-0.000029
15.199000,-0.000029
15.200000,-0.000029
15.201000,-0.000029
15.202000,-0.000029
15.203000,-0.000029
15.204000,-0.000029
15.205000,-0.000029
15.206000,-0.000029
15.207000,-0.000029
15.208000,-0.000029
15.209000,-0.000029
15.210000,-0.000029
15.211000,-0.000029
15.212000,-0.000029
15.213000,-0.000029
15.214000,-0.000029
15.215000,-0.000029
15.216000,-0.000029
15.217000,-0.000029
15.218000,-0.000029
15.219000,-0.000029
15.220000,-0.000029
15.221000,-0.000029
15.222000,-0.000029
15.223000,-0.000029
15.224000,-0.000028
15.225000,-0.000028
15.226000,-0.000028
15.227000,-0.000028
15.228000,-0.000028
15.229000,-0.000028
15.230000,-0.000028
15.231000,-0.000028
15.232000,-0.000028
15.233000,-0.000028
15.234000,-0.000028
15.235000,-0.000028
15.236000,-0.000028
15.237000,-0.000028
15.238000,-0.000028
15.239000,-0.000028
15.240000,-0.000028
15.241000,-0.000028
15.242000,-0.000028
15.243000,-0.000028
15.244000,-0.000028
15.245000,-0.000028
15.246000,-0.000028
15.247000,-0.000028
15.248000,-0.000028
15.249000,-0.000028
15.250000,-0.000028
15.251000,-0.000028
15.252000,-0.000028
15.253000,-0.000028
15.254000,-0.000028
15.255000,-0.000028
15.256000,-0.000028
15.257000,-0.000028
15.258000,-0.000028
15.259000,-0.000027
15.260000,-0.000027
15.261000,-0.000027
15.262000,-0.000027
15.263000,-0.000027
15.264000,-0.000027
15.265000,-0.000027
15.266000,-0.000027
15.267000,-0.000027
15.268000,-0.000027
15.269000,-0.000027
15.270000,-0.000027
15.271000,-0.000027
15.272000,-0.000027
15.273000,-0.000027
15.274000,-0.000027
15.275000,-0.000027
15.276000,-0.000027
15.277000,-0.000027
15.278000,-0.000027
15.279000,-0.000027
15.280000,-0.000027
15.281000,-0.000027
15.282000,-0.000027
15.283000,-0.000027
15.284000,-0.000027
15.285000,-0.000027
15.286000,-0.000027
15.287000,-0.000027
15.288000,-0.000027
15.289000,-0.000027
15.290000,-0.000027
15.291000,-0.000027
15.292000,-0.000027
15.293000,-0.000027
15.294000,-0.000027
15.295000,-0.000027
15.296000,-0.000027
15.297000,-0.000027
15.298000,-0.000027
15.299000,-0.000027
15.300000,-0.000026
15.301000,-0.000026
15.302000,-0.000026
15.303000,-0.000026
15.304000,-0.000026
15.305000,-0.000026
15.306000,-0.000026
15.307000,-0.000026
15.308000,-0.000026
15.309000,-0.000026
15.310000,-0.000026
15.311000,-0.000026
15.312000,-0.000026
15.313000,-0.000026
15.314000,-0.000026
15.315000,-0.000026
15.316000,-0.000026
15.317000,-0.000026
15.318000,-0.000026
15.319000,-0.000026
15.320000,-0.000026
15.321000,-0.000026
15.322000,-0.000026
15.323000,-0.000026
15.324000,-0.000026
15.325000,-0.000026
15.326000,-0.000026
15.327000,-0.000026
15.328000,-0.000026
15.329000,-0.000026
15.330000,-0.000026
15.331000,-0.000026
15.332000,-0.000026
15.333000,-0.000026
15.334000,-0.000026
15.335000,-0.000026
15.336000,-0.000026
15.337000,-0.000026
15.338000,-0.000026
15.339000,-0.000026
15.340000,-0.000026
15.341000,-0.000025
15.342000,-0.000025
15.343000,-0.000025
15.344000,-0.000025
15.345000,-0.000025
15.346000,-0.000025
15.347000,-0.000025
15.348000,-0.000025
15.349000,-0.000025
15.350000,-0.000025
15.351000,-0.000025
15.352000,-0.000025
15.353000,-0.000025
15.354000,-0.000025
15.355000,-0.000025
15.356000,-0.000025
15.357000,-0.000025
15.358000,-0.000025
15.359000,-0.000025
15.360000,-0.000025
15.361000,-0.000025
15.362000,-0.000025
15.363000,-0.000025
15.364000,-0.000025
15.365000,-0.000025
15.366000,-0.000025
15.367000,-0.000025
15.368000,-0.000025
15.369000,-0.000025
15.370000,-0.000025
15.371000,-0.000025
15.372000,-0.000025
15.373000,-0.000025
15.374000,-0.000024
15.375000,-0.000024
15.376000,-0.000024
15.377000,-0.000024
15.378000,-0.000024
15.379000,-0.000024
15.380000,-0.000024
15.381000,-0.000024
15.382000,-0.000024
15.383000,-0.000024
15.384000,-0.000024
15.385000,-0.000024
15.386000,-0.000024
15.387000,-0.000024
15.388000,-0.000024
15.389000,-0.000024
15.390000,-0.000024
15.391000,-0.000024
15.392000,-0.000024
15.393000,-0.000024
15.394000,-0.000024
15.395000,-0.000024
15.396000,-0.000024
15.397000,-0.000024
15.398000,-0.000024
15.399000,-0.000024
15.400000,-0.000024
15.401000,-0.000024
15.402000,-0.000024
15.403000,-0.000024
15.404000,-0.000024
15.405000,-0.000024
15.406000,-0.000024
15.407000,-0.000024
15.408000,-0.000024
15.409000,-0.000024
15.410000,-0.000024
15.411000,-0.000024
15.412000,-0.000024
15.413000,-0.000024
15.414000,-0.000024
15.415000,-0.000024
15.416000,-0.000024
15.417000,-0.000024
15.418000,-0.000024
15.419000,-0.000023
15.420000,-0.000023
15.421000,-0.000023
15.422000,-0.000023
15.423000,-0.000023
15.424000,-0.000023
15.425000,-0.000023
15.426000,-0.000023
15.427000,-0.000023
15.428000,-0.000023
15.429000,-0.000023
15.430000,-0.000023
15.431000,-0.000023
15.432000,-0.000023
15.433000,-0.000023
15.434000,-0.000023
15.435000,-0.000023
15.436000,-0.000023
15.437000,-0.000023
15.438000,-0.000023
15.439000,-0.000023
15.440000,-0.000023
15.441000,-0.000023
15.442000,-0.000023
15.443000,-0.000023
15.444000,-0.000023
15.445000,-0.000023
15.446000,-0.000023
15.447000,-0.000023
15.448000,-0.000023
15.449000,-0.000023
15.450000,-0.000023
15.451000,-0.000023
15.452000,-0.000023
15.453000,-0.000023
15.454000,-0.000023
15.455000,-0.000023
15.456000,-0.000023
15.457000,-0.000023
15.458000,-0.000023
15.459000,-0.000023
15.460000,-0.000023
15.461000,-0.000023
15.462000,-0.000023
15.463000,-0.000023
15.464000,-0.000023
15.465000,-0.000023
15.466000,-0.000022
15.467000,-0.000022
15.468000,-0.000022
15.469000,-0.000022
15.470000,-0.000022
15.471000,-0.000022
15.472000,-0.000022
15.473000,-0.000022
15.474000,-0.000022
15.475000,-0.000022
15.476000,-0.000022
15.477000,-0.000022
15.478000,-0.000022
15.479000,-0.000022
15.480000,-0.000022
15.481000,-0.000022
15.482000,-0.000022
15.483000,-0.000022
15.484000,-0.000022
15.485000,-0.000022
15.486000,-0.000022
15.487000,-0.000022
15.488000,-0.000022
15.489000,-0.000022
15.490000,-0.000022
15.491000,-0.000022
15.492000,-0.000022
15.493000,-0.000022
15.494000,-0.000022
15.495000,-0.000022
15.496000,-0.000022
15.497000,-0.000022
15.498000,-0.000022
15.499000,-0.000022
15.500000,-0.000022
15.501000,-0.000022
15.502000,-0.000022
15.503000,-0.000022
15.504000,-0.000022
15.505000,-0.000022
15.506000,-0.000022
15.507000,-0.000021
15.508000,-0.000021
15.509000,-0.000021
15.510000,-0.000021
15.511000,-0.000021
15.512000,-0.000021
15.513000,-0.000021
15.514000,-0.000021
15.515000,-0.000021
15.516000,-0.000021
15.517000,-0.000021
15.518000,-0.000021
15.519000,-0.000021
15.520000,-0.000021
15.521000,-0.000021
15.522000,-0.000021
15.523000,-0.000021
15.524000,-0.000021
15.525000,-0.000021
15.526000,-0.000021
15.527000,-0.000021
15.528000,-0.000021
15.529000,-0.000021
15.530000,-0.000021
15.531000,-0.000021
15.532000,-0.000021
15.533000,-0.000021
15.534000,-0.000021
15.535000,-0.000021
15.536000,-0.000021
15.537000,-0.000021
15.538000,-0.000021
15.539000,-0.000021
15.540000,-0.000021
15.541000,-0.000021
15.542000,-0.000021
15.543000,-0.000021
15.544000,-0.000021
15.545000,-0.000021
15.546000,-0.000021
15.547000,-0.000021
15.548000,-0.000021
15.549000,-0.000021
15.550000,-0.000021
15.551000,-0.000021
15.552000,-0.000021
15.553000,-0.000021
15.554000,-0.000021
15.555000,-0.000021
15.556000,-0.000020
15.557000,-0.000020
15.558000,-0.000020
15.559000,-0.000020
15.560000,-0.000020
15.561000,-0.000020
15.562000,-0.000020
15.563000,-0.000020
15.564000,-0.000020
15.565000,-0.000020
15.566000,-0.000020
15.567000,-0.000020
15.568000,-0.000020
15.569000,-0.000020
15.570000,-0.000020
15.571000,-0.000020
15.572000,-0.000020
15.573000,-0.000020
15.574000,-0.000020
15.575000,-0.000020
15.576000,-0.000020
15.577000,-0.000020
15.578000,-0.000020
15.579000,-0.000020
15.580000,-0.000020
15.581000,-0.000020
15.582000,-0.000020
15.583000,-0.000020
15.584000,-0.000020
15.585000,-0.000020
15.586000,-0.000020
15.587000,-0.000020
15.588000,-0.000020
15.589000,-0.000020
15.590000,-0.000020
15.591000,-0.000020
15.592000,-0.000020
15.593000,-0.000020
15.594000,-0.000020
15.595000,-0.000020
15.596000,-0.000020
15.597000,-0.000020
15.598000,-0.000020
15.599000,-0.000020
15.600000,-0.000020
15.601000,-0.000020
15.602000,-0.000020
15.603000,-0.000020
15.604000,-0.000020
15.605000,-0.000020
15.606000,-0.000019
15.607000,-0.000019
15.608000,-0.000019
15.609000,-0.000019
15.610000,-0.000019
15.611000,-0.000019
15.612000,-0.000019
15.613000,-0.000019
15.614000,-0.000019
15.615000,-0.000019
15.616000,-0.000019
15.617000,-0.000019
15.618000,-0.000019
15.619000,-0.000019
15.620000,-0.000019
15.621000,-0.000019
15.622000,-0.000019
15.623000,-0.000019
15.624000,-0.000019
15.625000,-0.000019
15.626000,-0.000019
15.627000,-0.000019
15.628000,-0.000019
15.629000,-0.000019
15.630000,-0.000019
15.631000,-0.000019
15.632000,-0.000019
15.633000,-0.000019
15.634000,-0.000019
15.635000,-0.000019
15.636000,-0.000019
15.637000,-0.000019
15.638000,-0.000019
15.639000,-0.000019
15.640000,-0.000019
15.641000,-0.000019
15.642000,-0.000019
15.643000,-0.000019
15.644000,-0.000019
15.645000,-0.000019
15.646000,-0.000019
15.647000,-0.000019
15.648000,-0.000019
15.649000,-0.000019
15.650000,-0.000019
15.651000,-0.000019
15.652000,-0.000019
15.653000,-0.000019
15.654000,-0.000019
15.655000,-0.000019
15.656000,-0.000019
15.657000,-0.000019
15.658000,-0.000019
15.659000,-0.000019
15.660000,-0.000019
15.661000,-0.000019
15.662000,-0.000018
15.663000,-0.000018
15.664000,-0.000018
15.665000,-0.000018
15.666000,-0.000018
15.667000,-0.000018
15.668000,-0.000018
15.669000,-0.000018
15.670000,-0.000018
15.671000,-0.000018
15.672000,-0.000018
15.673000,-0.000018
15.674000,-0.000018
15.675000,-0.000018
15.676000,-0.000018
15.677000,-0.000018
15.678000,-0.000018
15.679000,-0.000018
15.680000,-0.000018
15.681000,-0.000018
15.682000,-0.000018
15.683000,-0.000018
15.684000,-0.000018
15.685000,-0.000018
15.686000,-0.000018
15.687000,-0.000018
15.688000,-0.000018
15.689000,-0.000018
15.690000,-0.000018
15.691000,-0.000018
15.692000,-0.000018
15.693000,-0.000018
15.694000,-0.000018
15.695000,-0.000018
15.696000,-0.000018
15.697000,-0.000018
15.698000,-0.000018
15.699000,-0.000018
15.700000,-0.000018
15.701000,-0.000018
15.702000,-0.000018
15.703000,-0.000018
15.704000,-0.000018
15.705000,-0.000018
15.706000,-0.000018
15.707000,-0.000018
15.708000,-0.000018
15.709000,-0.000018
15.710000,-0.000018
15.711000,-0.000017
15.712000,-0.000018
15.713000,-0.000018
15.714000,-0.000017
15.715000,-0.000017
15.716000,-0.000017
15.717000,-0.000017
15.718000,-0.000017
15.719000,-0.000017
15.720000,-0.000017
15.721000,-0.000017
15.722000,-0.000017
15.723000,-0.000017
15.724000,-0.000017
15.725000,-0.000017
15.726000,-0.000017
15.727000,-0.000017
15.728000,-0.000017
15.729000,-0.000017
15.730000,-0.000017
15.731000,-0.000017
15.732000,-0.000017
15.733000,-0.000017
15.734000,-0.000017
15.735000,-0.000017
15.736000,-0.000017
15.737000,-0.000017
15.738000,-0.000017
15.739000,-0.000017
15.740000,-0.000017
15.741000,-0.000017
15.742000,-0.000017
15.743000,-0.000017
15.744000,-0.000017
15.745000,-0.000017
15.746000,-0.000017
15.747000,-0.000017
15.748000,-0.000017
15.749000,-0.000017
15.750000,-0.000017
15.751000,-0.000017
15.752000,-0.000017
15.753000,-0.000017
15.754000,-0.000017
15.755000,-0.000017
15.756000,-0.000017
15.757000,-0.000017
15.758000,-0.000017
15.759000,-0.000017
15.760000,-0.000017
15.761000,-0.000017
15.762000,-0.000017
15.763000,-0.000017
15.764000,-0.000017
15.765000,-0.000017
15.766000,-0.000017
15.767000,-0.000017
15.768000,-0.000017
15.769000,-0.000017
15.770000,-0.000017
15.771000,-0.000017
15.772000,-0.000017
15.773000,-0.000017
15.774000,-0.000016
15.775000,-0.000016
15.776000,-0.000016
15.777000,-0.000016
15.778000,-0.000016
15.779000,-0.000016
15.780000,-0.000016
15.781000,-0.000016
15.782000,-0.000016
15.783000,-0.000016
15.784000,-0.000016
15.785000,-0.000016
15.786000,-0.000016
15.787000,-0.000016
15.788000,-0.000016
15.789000,-0.000016
15.790000,-0.000016
15.791000,-0.000016
15.792000,-0.000016
15.793000,-0.000016
15.794000,-0.000016
15.795000,-0.000016
15.796000,-0.000016
15.797000,-0.000016
15.798000,-0.000016
15.799000,-0.000016
15.800000,-0.000016
15.801000,-0.000016
15.802000,-0.000016
15.803000,-0.000016
15.804000,-0.000016
15.805000,-0.000016
15.806000,-0.000016
15.807000,-0.000016
15.808000,-0.000016
15.809000,-0.000016
15.810000,-0.000016
15.811000,-0.000016
15.812000,-0.000016
15.813000,-0.000016
15.814000,-0.000016
15.815000,-0.000016
15.816000,-0.000016
15.817000,-0.000016
15.818000,-0.000016
15.819000,-0.000016
15.820000,-0.000016
15.821000,-0.000016
15.822000,-0.000016
15.823000,-0.000016
15.824000,-0.000016
15.825000,-0.000016
15.826000,-0.000016
15.827000,-0.000015
15.828000,-0.000015
15.829000,-0.000015
15.830000,-0.000015
15.831000,-0.000015
15.832000,-0.000015
15.833000,-0.000015
15.834000,-0.000015
15.835000,-0.000015
15.836000,-0.000015
15.837000,-0.000015
15.838000,-0.000015
15.839000,-0.000015
15.840000,-0.000015
15.841000,-0.000015
15.842000,-0.000015
15.843000,-0.000015
15.844000,-0.000015
15.845000,-0.000015
15.846000,-0.000015
15.847000,-0.000015
15.848000,-0.000015
15.849000,-0.000015
15.850000,-0.000015
15.851000,-0.000015
15.852000,-0.000015
15.853000,-0.000015
15.854000,-0.000015
15.855000,-0.000015
15.856000,-0.000015
15.857000,-0.000015
15.858000,-0.000015
15.859000,-0.000015
15.860000,-0.000015
15.861000,-0.000015
15.862000,-0.000015
15.863000,-0.000015
15.864000,-0.000015
15.865000,-0.000015
15.866000,-0.000015
15.867000,-0.000015
15.868000,-0.000015
15.869000,-0.000015
15.870000,-0.000015
15.871000,-0.000015
15.872000,-0.000015
15.873000,-0.000015
15.874000,-0.000015
15.875000,-0.000015
15.876000,-0.000015
15.877000,-0.000015
15.878000,-0.000015
15.879000,-0.000015
15.880000,-0.000015
15.881000,-0.000015
15.882000,-0.000015
15.883000,-0.000015
15.884000,-0.000015
15.885000,-0.000015
15.886000,-0.000015
15.887000,-0.000015
15.888000,-0.000015
15.889000,-0.000015
15.890000,-0.000015
15.891000,-0.000015
15.892000,-0.000015
15.893000,-0.000015
15.894000,-0.000015
15.895000,-0.000015
15.896000,-0.000015
15.897000,-0.000015
15.898000,-0.000015
15.899000,-0.000015
15.900000,-0.000014
15.901000,-0.000014
15.902000,-0.000014
15.903000,-0.000014
15.904000,-0.000014
15.905000,-0.000014
15.906000,-0.000014
15.907000,-0.000014
15.908000,-0.000014
15.909000,-0.000014
15.910000,-0.000014
15.911000,-0.000014
15.912000,-0.000014
15.913000,-0.000014
15.914000,-0.000014
15.915000,-0.000014
15.916000,-0.000014
15.917000,-0.000014
15.918000,-0.000014
15.919000,-0.000014
15.920000,-0.000014
15.921000,-0.000014
15.922000,-0.000014
15.923000,-0.000014
15.924000,-0.000014
15.925000,-0.000014
15.926000,-0.000014
15.927000,-0.000014
15.928000,-0.000014
15.929000,-0.000014
15.930000,-0.000014
15.931000,-0.000014
15.932000,-0.000014
15.933000,-0.000014
15.934000,-0.000014
15.935000,-0.000014
15.936000,-0.000014
15.937000,-0.000014
15.938000,-0.000014
15.939000,-0.000014
15.940000,-0.000014
15.941000,-0.000014
15.942000,-0.000014
15.943000,-0.000014
15.944000,-0.000014
15.945000,-0.000014
15.946000,-0.000014
15.947000,-0.000014
15.948000,-0.000014
15.949000,-0.000014
15.950000,-0.000014
15.951000,-0.000014
15.952000,-0.000014
15.953000,-0.000014
15.954000,-0.000014
15.955000,-0.000014
15.956000,-0.000014
15.957000,-0.000014
15.958000,-0.000014
15.959000,-0.000014
15.960000,-0.000014
15.961000,-0.000014
15.962000,-0.000014
15.963000,-0.000014
15.964000,-0.000014
15.965000,-0.000014
15.966000,-0.000013
15.967000,-0.000013
15.968000,-0.000013
15.969000,-0.000013
15.970000,-0.000013
15.971000,-0.000013
15.972000,-0.000013
15.973000,-0.000013
15.974000,-0.000013
15.975000,-0.000013
15.976000,-0.000013
15.977000,-0.000013
15.978000,-0.000013
15.979000,-0.000013
15.980000,-0.000013
15.981000,-0.000013
15.982000,-0.000013
15.983000,-0.000013
15.984000,-0.000013
15.985000,-0.000013
15.986000,-0.000013
15.987000,-0.000013
15.988000,-0.000013
15.989000,-0.000013
15.990000,-0.000013
15.991000,-0.000013
15.992000,-0.000013
15.993000,-0.000013
15.994000,-0.000013
15.995000,-0.000013
15.996000,-0.000013
15.997000,-0.000013
15.998000,-0.000013
15.999000,-0.000013
16.000000,-0.000013
16.001000,-0.000013
16.002000,-0.000013
16.003000,-0.000013
16.004000,-0.000013
16.005000,-0.000013
16.006000,-0.000013
16.007000,-0.000013
16.008000,-0.000013
16.009000,-0.000013
16.010000,-0.000013
16.011000,-0.000013
16.012000,-0.000013
16.013000,-0.000013
16.014000,-0.000013
16.015000,-0.000013
16.016000,-0.000013
16.017000,-0.000013
16.018000,-0.000013
16.019000,-0.000013
16.020000,-0.000013
16.021000,-0.000013
16.022000,-0.000013
16.023000,-0.000013
16.024000,-0.000013
16.025000,-0.000013
16.026000,-0.000013
16.027000,-0.000013
16.028000,-0.000013
16.029000,-0.000013
16.030000,-0.000013
16.031000,-0.000013
16.032000,-0.000013
16.033000,-0.000013
16.034000,-0.000013
16.035000,-0.000013
16.036000,-0.000013
16.037000,-0.000013
16.038000,-0.000013
16.039000,-0.000013
16.040000,-0.000012
16.041000,-0.000012
16.042000,-0.000012
16.043000,-0.000012
16.044000,-0.000012
16.045000,-0.000012
16.046000,-0.000012
16.047000,-0.000012
16.048000,-0.000012
16.049000,-0.000012
16.050000,-0.000012
16.051000,-0.000012
16.052000,-0.000012
16.053000,-0.000012
16.054000,-0.000012
16.055000,-0.000012
16.056000,-0.000012
16.057000,-0.000012
16.058000,-0.000012
16.059000,-0.000012
16.060000,-0.000012
16.061000,-0.000012
16.062000,-0.000012
16.063000,-0.000012
16.064000,-0.000012
16.065000,-0.000012
16.066000,-0.000012
16.067000,-0.000012
16.068000,-0.000012
16.069000,-0.000012
16.070000,-0.000012
16.071000,-0.000012
16.072000,-0.000012
16.073000,-0.000012
16.074000,-0.000012
16.075000,-0.000012
16.076000,-0.000012
16.077000,-0.000012
16.078000,-0.000012
16.079000,-0.000012
16.080000,-0.000012
16.081000,-0.000012
16.082000,-0.000012
16.083000,-0.000012
16.084000,-0.000012
16.085000,-0.000012
16.086000,-0.000012
16.087000,-0.000012
16.088000,-0.000012
16.089000,-0.000012
16.090000,-0.000012
16.091000,-0.000012
16.092000,-0.000012
16.093000,-0.000012
16.094000,-0.000012
16.095000,-0.000012
16.096000,-0.000012
16.097000,-0.000012
16.098000,-0.000012
16.099000,-0.000012
16.100000,-0.000012
16.101000,-0.000012
16.102000,-0.000012
16.103000,-0.000012
16.104000,-0.000012
16.105000,-0.000012
16.106000,-0.000012
16.107000,-0.000012
16.108000,-0.000012
16.109000,-0.000012
16.110000,-0.000012
16.111000,-0.000012
16.112000,-0.000012
16.113000,-0.000012
16.114000,-0.000012
16.115000,-0.000012
16.116000,-0.000012
16.117000,-0.000012
16.118000,-0.000012
16.119000,-0.000012
16.120000,-0.000012
16.121000,-0.000012
16.122000,-0.000011
16.123000,-0.000011
16.124000,-0.000011
16.125000,-0.000011
16.126000,-0.000011
16.127000,-0.000011
16.128000,-0.000011
16.129000,-0.000011
16.130000,-0.000011
16.131000,-0.000011
16.132000,-0.000011
16.133000,-0.000011
16.134000,-0.000011
16.135000,-0.000011
16.136000,-0.000011
16.137000,-0.000011
16.138000,-0.000011
16.139000,-0.000011
16.140000,-0.000011
16.141000,-0.000011
16.142000,-0.000011
16.143000,-0.000011
16.144000,-0.000011
16.145000,-0.000011
16.146000,-0.000011
16.147000,-0.000011
16.148000,-0.000011
16.149000,-0.000011
16.150000,-0.000011
16.151000,-0.000011
16.152000,-0.000011
16.153000,-0.000011
16.154000,-0.000011
16.155000,-0.000011
16.156000,-0.000011
16.157000,-0.000011
16.158000,-0.000011
16.159000,-0.000011
16.160000,-0.000011
16.161000,-0.000011
16.162000,-0.000011
16.163000,-0.000011
16.164000,-0.000011
16.165000,-0.000011
16.166000,-0.000011
16.167000,-0.000011
16.168000,-0.000011
16.169000,-0.000011
16.170000,-0.000011
16.171000,-0.000011
16.172000,-0.000011
16.173000,-0.000011
16.174000,-0.000011
16.175000,-0.000011
16.176000,-0.000011
16.177000,-0.000011
16.178000,-0.000011
16.179000,-0.000011
16.180000,-0.000011
16.181000,-0.000011
16.182000,-0.000011
16.183000,-0.000011
16.184000,-0.000011
16.185000,-0.000011
16.186000,-0.000011
16.187000,-0.000011
16.188000,-0.000011
16.189000,-0.000011
16.190000,-0.000011
16.191000,-0.000011
16.192000,-0.000011
16.193000,-0.000011
16.194000,-0.000011
16.195000,-0.000011
16.196000,-0.000011
16.197000,-0.000011
16.198000,-0.000011
16.199000,-0.000011
16.200000,-0.000011
16.201000,-0.000011
16.202000,-0.000011
16.203000,-0.000011
16.204000,-0.000011
16.205000,-0.000010
16.206000,-0.000010
16.207000,-0.000010
16.208000,-0.000010
16.209000,-0.000010
16.210000,-0.000010
16.211000,-0.000010
16.212000,-0.000010
16.213000,-0.000010
16.214000,-0.000010
16.215000,-0.000010
16.216000,-0.000010
16.217000,-0.000010
16.218000,-0.000010
16.219000,-0.000010
16.220000,-0.000010
16.221000,-0.000010
16.222000,-0.000010
16.223000,-0.000010
16.224000,-0.000010
16.225000,-0.000010
16.226000,-0.000010
16.227000,-0.000010
16.228000,-0.000010
16.229000,-0.000010
16.230000,-0.000010
16.231000,-0.000010
16.232000,-0.000010
16.233000,-0.000010
16.234000,-0.000010
16.235000,-0.000010
16.236000,-0.000010
16.237000,-0.000010
16.238000,-0.000010
16.239000,-0.000010
16.240000,-0.000010
16.241000,-0.000010
16.242000,-0.000010
16.243000,-0.000010
16.244000,-0.000010
16.245000,-0.000010
16.246000,-0.000010
16.247000,-0.000010
16.248000,-0.000010
16.249000,-0.000010
16.250000,-0.000010
16.251000,-0.000010
16.252000,-0.000010
16.253000,-0.000010
16.254000,-0.000010
16.255000,-0.000010
16.256000,-0.000010
16.257000,-0.000010
16.258000,-0.000010
16.259000,-0.000010
16.260000,-0.000010
16.261000,-0.000010
16.262000,-0.000010
16.263000,-0.000010
16.264000,-0.000010
16.265000,-0.000010
16.266000,-0.000010
16.267000,-0.000010
16.268000,-0.000010
16.269000,-0.000010
16.270000,-0.000010
16.271000,-0.000010
16.272000,-0.000010
16.273000,-0.000010
16.274000,-0.000010
16.275000,-0.000010
16.276000,-0.000010
16.277000,-0.000010
16.278000,-0.000010
16.279000,-0.000010
16.280000,-0.000010
16.281000,-0.000010
16.282000,-0.000010
16.283000,-0.000010
16.284000,-0.000010
16.285000,-0.000010
16.286000,-0.000010
16.287000,-0.000010
16.288000,-0.000010
16.289000,-0.000010
16.290000,-0.000010
16.291000,-0.000010
16.292000,-0.000010
16.293000,-0.000010
16.294000,-0.000010
16.295000,-0.000010
16.296000,-0.000010
16.297000,-0.000010
16.298000,-0.000010
16.299000,-0.000010
16.300000,-0.000010
16.301000,-0.000010
16.302000,-0.000009
16.303000,-0.000009
16.304000,-0.000009
16.305000,-0.000009
16.306000,-0.000009
16.307000,-0.000009
16.308000,-0.000009
16.309000,-0.000009
16.310000,-0.000009
16.311000,-0.000009
16.312000,-0.000009
16.313000,-0.000009
16.314000,-0.000009
16.315000,-0.000009
16.316000,-0.000009
16.317000,-0.000009
16.318000,-0.000009
16.319000,-0.000009
16.320000,-0.000009
16.321000,-0.000009
16.322000,-0.000009
16.323000,-0.000009
16.324000,-0.000009
16.325000,-0.000009
16.326000,-0.000009
16.327000,-0.000009
16.328000,-0.000009
16.329000,-0.000009
16.330000,-0.000009
16.331000,-0.000009
16.332000,-0.000009
16.333000,-0.000009
16.334000,-0.000009
16.335000,-0.000009
16.336000,-0.000009
16.337000,-0.000009
16.338000,-0.000009
16.339000,-0.000009
16.340000,-0.000009
16.341000,-0.000009
16.342000,-0.000009
16.343000,-0.000009
16.344000,-0.000009
16.345000,-0.000009
16.346000,-0.000009
16.347000,-0.000009
16.348000,-0.000009
16.349000,-0.000009
16.350000,-0.000009
16.351000,-0.000009
16.352000,-0.000009
16.353000,-0.000009
16.354000,-0.000009
16.355000,-0.000009
16.356000,-0.000009
16.357000,-0.000009
16.358000,-0.000009
16.359000,-0.000009
16.360000,-0.000009
16.361000,-0.000009
16.362000,-0.000009
16.363000,-0.000009
16.364000,-0.000009
16.365000,-0.000009
16.366000,-0.000009
16.367000,-0.000009
16.368000,-0.000009
16.369000,-0.000009
16.370000,-0.000009
16.371000,-0.000009
16.372000,-0.000009
16.373000,-0.000009
16.374000,-0.000009
16.375000,-0.000009
16.376000,-0.000009
16.377000,-0.000009
16.378000,-0.000009
16.379000,-0.000009
16.380000,-0.000009
16.381000,-0.000009
16.382000,-0.000009
16.383000,-0.000009
16.384000,-0.000009
16.385000,-0.000009
16.386000,-0.000009
16.387000,-0.000009
16.388000,-0.000009
16.389000,-0.000009
16.390000,-0.000009
16.391000,-0.000008
16.392000,-0.000008
16.393000,-0.000008
16.394000,-0.000008
16.395000,-0.000008
16.396000,-0.000008
16.397000,-0.000008
16.398000,-0.000008
16.399000,-0.000008
16.400000,-0.000008
16.401000,-0.000008
16.402000,-0.000008
16.403000,-0.000008
16.404000,-0.000008
16.405000,-0.000008
16.406000,-0.000008
16.407000,-0.000008
16.408000,-0.000008
16.409000,-0.000008
16.410000,-0.000008
16.411000,-0.000008
16.412000,-0.000008
16.413000,-0.000008
16.414000,-0.000008
16.415000,-0.000008
16.416000,-0.000008
16.417000,-0.000008
16.418000,-0.000008
16.419000,-0.000008
16.420000,-0.000008
16.421000,-0.000008
16.422000,-0.000008
16.423000,-0.000008
16.424000,-0.000008
16.425000,-0.000008
16.426000,-0.000008
16.427000,-0.000008
16.428000,-0.000008
16.429000,-0.000008
16.430000,-0.000008
16.431000,-0.000008
16.432000,-0.000008
16.433000,-0.000008
16.434000,-0.000008
16.435000,-0.000008
16.436000,-0.000008
16.437000,-0.000008
16.438000,-0.000008
16.439000,-0.000008
16.440000,-0.000008
16.441000,-0.000008
16.442000,-0.000008
16.443000,-0.000008
16.444000,-0.000008
16.445000,-0.000008
16.446000,-0.000008
16.447000,-0.000008
16.448000,-0.000008
16.449000,-0.000008
16.450000,-0.000008
16.451000,-0.000008
16.452000,-0.000008
16.453000,-0.000008
16.454000,-0.000008
16.455000,-0.000008
16.456000,-0.000008
16.457000,-0.000008
16.458000,-0.000008
16.459000,-0.000008
16.460000,-0.000008
16.461000,-0.000008
16.462000,-0.000008
16.463000,-0.000008
16.464000,-0.000008
16.465000,-0.000008
16.466000,-0.000008
16.467000,-0.000008
16.468000,-0.000008
16.469000,-0.000008
16.470000,-0.000008
16.471000,-0.000008
16.472000,-0.000008
16.473000,-0.000008
16.474000,-0.000008
16.475000,-0.000008
16.476000,-0.000008
16.477000,-0.000008
16.478000,-0.000008
16.479000,-0.000008
16.480000,-0.000008
16.481000,-0.000008
16.482000,-0.000008
16.483000,-0.000008
16.484000,-0.000008
16.485000,-0.000008
16.486000,-0.000008
16.487000,-0.000008
16.488000,-0.000008
16.489000,-0.000008
16.490000,-0.000008
16.491000,-0.000008
16.492000,-0.000008
16.493000,-0.000008
16.494000,-0.000008
16.495000,-0.000008
16.496000,-0.000008
16.497000,-0.000008
16.498000,-0.000008
16.499000,-0.000008
16.500000,-0.000008
16.501000,-0.000008
16.502000,-0.000008
16.503000,-0.000008
16.504000,-0.000008
16.505000,-0.000008
16.506000,-0.000008
16.507000,-0.000007
16.508000,-0.000007
16.509000,-0.000007
16.510000,-0.000007
16.511000,-0.000008
16.512000,-0.000008
16.513000,-0.000007
16.514000,-0.000007
16.515000,-0.000007
16.516000,-0.000007
16.517000,-0.000007
16.518000,-0.000007
16.519000,-0.000007
16.520000,-0.000007
16.521000,-0.000007
16.522000,-0.000007
16.523000,-0.000007
16.524000,-0.000007
16.525000,-0.000007
16.526000,-0.000007
16.527000,-0.000007
16.528000,-0.000007
16.529000,-0.000007
16.530000,-0.000007
16.531000,-0.000007
16.532000,-0.000007
16.533000,-0.000007
16.534000,-0.000007
16.535000,-0.000007
16.536000,-0.000007
16.537000,-0.000007
16.538000,-0.000007
16.539000,-0.000007
16.540000,-0.000007
16.541000,-0.000007
16.542000,-0.000007
16.543000,-0.000007
16.544000,-0.000007
16.545000,-0.000007
16.546000,-0.000007
16.547000,-0.000007
16.548000,-0.000007
16.549000,-0.000007
16.550000,-0.000007
16.551000,-0.000007
16.552000,-0.000007
16.553000,-0.000007
16.554000,-0.000007
16.555000,-0.000007
16.556000,-0.000007
16.557000,-0.000007
16.558000,-0.000007
16.559000,-0.000007
16.560000,-0.000007
16.561000,-0.000007
16.562000,-0.000007
16.563000,-0.000007
16.564000,-0.000007
16.565000,-0.000007
16.566000,-0.000007
16.567000,-0.000007
16.568000,-0.000007
16.569000,-0.000007
16.570000,-0.000007
16.571000,-0.000007
16.572000,-0.000007
16.573000,-0.000007
16.574000,-0.000007
16.575000,-0.000007
16.576000,-0.000007
16.577000,-0.000007
16.578000,-0.000007
16.579000,-0.000007
16.580000,-0.000007
16.581000,-0.000007
16.582000,-0.000007
16.583000,-0.000007
16.584000,-0.000007
16.585000,-0.000007
16.586000,-0.000007
16.587000,-0.000007
16.588000,-0.000007
16.589000,-0.000007
16.590000,-0.000007
16.591000,-0.000007
16.592000,-0.000007
16.593000,-0.000007
16.594000,-0.000007
16.595000,-0.000007
