variante,L_mH,gap_ms,R,fraz,vrelay,irel_mA,i0_mA,imin_rilascio_mA,ifuori_mA,imin_inserimento_mA,ifine_mA,tiene_al_rilascio,tiene_all_inserimento,tcaduta_dopo_NO_K6_us,rc,corsa
ingenua,5.0,0.1,213.0,0.1,4.75,2.347417840375587,21.0517,9.397879999999999e-07,4.6806099999999996e-06,2.46475e-06,21.0517,False,False,nan,0,ok
ingenua,5.0,0.1,213.0,0.1,5.0,2.347417840375587,22.2137,6.25617e-07,4.92946e-06,2.59455e-06,22.2137,False,False,nan,0,ok
ingenua,5.0,0.1,213.0,0.3,4.75,7.042253521126761,21.0517,-1.13346e-06,4.6806099999999996e-06,2.46475e-06,21.0517,False,False,nan,0,ok
ingenua,5.0,0.1,213.0,0.3,5.0,7.042253521126761,22.2137,-1.46068e-06,4.92946e-06,2.59455e-06,22.2137,False,False,nan,0,ok
ingenua,5.0,0.1,213.0,0.5,4.75,11.737089201877934,21.0517,-1.37345e-06,4.6806099999999996e-06,2.46475e-06,21.0517,False,False,nan,0,ok
ingenua,5.0,0.1,213.0,0.5,5.0,11.737089201877934,22.2137,-1.48924e-06,4.92946e-06,2.59455e-06,22.2137,False,False,nan,0,ok
ingenua,5.0,0.1,213.0,0.7,4.75,16.431924882629108,21.0517,-2.00552e-06,4.6806099999999996e-06,2.46475e-06,21.0517,False,False,nan,0,ok
ingenua,5.0,0.1,213.0,0.7,5.0,16.431924882629108,22.2137,-2.21527e-06,4.92946e-06,2.59455e-06,22.2137,False,False,nan,0,ok
ingenua,5.0,0.1,237.0,0.1,4.75,2.109704641350211,18.9402,-2.29626e-06,4.6806e-06,2.46475e-06,18.9402,False,False,nan,0,ok
ingenua,5.0,0.1,237.0,0.1,5.0,2.109704641350211,19.9848,-2.1297700000000004e-06,4.92945e-06,2.59455e-06,19.9848,False,False,nan,0,ok
ingenua,5.0,0.1,237.0,0.3,4.75,6.329113924050633,18.9402,1.75367e-06,4.6806e-06,2.46475e-06,18.9402,False,False,nan,0,ok
ingenua,5.0,0.1,237.0,0.3,5.0,6.329113924050633,19.9848,1.13418e-06,4.92945e-06,2.59455e-06,19.9848,False,False,nan,0,ok
ingenua,5.0,0.1,237.0,0.5,4.75,10.548523206751055,18.9402,-1.14021e-06,4.6806e-06,2.46475e-06,18.9402,False,False,nan,0,ok
ingenua,5.0,0.1,237.0,0.5,5.0,10.548523206751055,19.9848,-1.94237e-07,4.92945e-06,2.59455e-06,19.9848,False,False,nan,0,ok
ingenua,5.0,0.1,237.0,0.7,4.75,14.767932489451477,18.9402,-3.0353199999999997e-06,4.6806e-06,2.46475e-06,18.9402,False,False,nan,0,ok
ingenua,5.0,0.1,237.0,0.7,5.0,14.767932489451477,19.9848,-2.85959e-06,4.92945e-06,2.59455e-06,19.9848,False,False,nan,0,ok
ingenua,5.0,0.1,261.0,0.1,4.75,1.9157088122605364,17.2149,-3.06502e-06,4.68059e-06,2.4647399999999997e-06,17.2149,False,False,nan,0,ok
ingenua,5.0,0.1,261.0,0.1,5.0,1.9157088122605364,18.1636,-2.96738e-06,4.92945e-06,2.59454e-06,18.1636,False,False,nan,0,ok
ingenua,5.0,0.1,261.0,0.3,4.75,5.747126436781609,17.2149,-1.05282e-06,4.68059e-06,2.4647399999999997e-06,17.2149,False,False,nan,0,ok
ingenua,5.0,0.1,261.0,0.3,5.0,5.747126436781609,18.1636,-3.49152e-07,4.92945e-06,2.59454e-06,18.1636,False,False,nan,0,ok
ingenua,5.0,0.1,261.0,0.5,4.75,9.578544061302681,17.2149,-8.66843e-07,4.68059e-06,2.4647399999999997e-06,17.2149,False,False,nan,0,ok
ingenua,5.0,0.1,261.0,0.5,5.0,9.578544061302681,18.1636,-3.18382e-07,4.92945e-06,2.59454e-06,18.1636,False,False,nan,0,ok
ingenua,5.0,0.1,261.0,0.7,4.75,13.409961685823756,17.2149,-1.74447e-06,4.68059e-06,2.4647399999999997e-06,17.2149,False,False,nan,0,ok
ingenua,5.0,0.1,261.0,0.7,5.0,13.409961685823756,18.1636,-1.0919400000000001e-06,4.92945e-06,2.59454e-06,18.1636,False,False,nan,0,ok
ingenua,5.0,0.3,213.0,0.1,4.75,2.347417840375587,21.0517,9.397879999999999e-07,4.6806099999999996e-06,2.46475e-06,21.0517,False,False,nan,0,ok
ingenua,5.0,0.3,213.0,0.1,5.0,2.347417840375587,22.2137,6.25617e-07,4.92946e-06,2.59455e-06,22.2137,False,False,nan,0,ok
ingenua,5.0,0.3,213.0,0.3,4.75,7.042253521126761,21.0517,-1.13346e-06,4.6806099999999996e-06,2.46475e-06,21.0517,False,False,nan,0,ok
ingenua,5.0,0.3,213.0,0.3,5.0,7.042253521126761,22.2137,-1.46068e-06,4.92946e-06,2.59455e-06,22.2137,False,False,nan,0,ok
ingenua,5.0,0.3,213.0,0.5,4.75,11.737089201877934,21.0517,-1.37345e-06,4.6806099999999996e-06,2.46475e-06,21.0517,False,False,nan,0,ok
ingenua,5.0,0.3,213.0,0.5,5.0,11.737089201877934,22.2137,-1.48924e-06,4.92946e-06,2.59455e-06,22.2137,False,False,nan,0,ok
ingenua,5.0,0.3,213.0,0.7,4.75,16.431924882629108,21.0517,-2.00552e-06,4.6806099999999996e-06,2.46475e-06,21.0517,False,False,nan,0,ok
ingenua,5.0,0.3,213.0,0.7,5.0,16.431924882629108,22.2137,-2.21527e-06,4.92946e-06,2.59455e-06,22.2137,False,False,nan,0,ok
ingenua,5.0,0.3,237.0,0.1,4.75,2.109704641350211,18.9402,-2.29626e-06,4.6806e-06,2.46475e-06,18.9402,False,False,nan,0,ok
ingenua,5.0,0.3,237.0,0.1,5.0,2.109704641350211,19.9848,-2.1297700000000004e-06,4.92945e-06,2.59455e-06,19.9848,False,False,nan,0,ok
ingenua,5.0,0.3,237.0,0.3,4.75,6.329113924050633,18.9402,1.75367e-06,4.6806e-06,2.46475e-06,18.9402,False,False,nan,0,ok
ingenua,5.0,0.3,237.0,0.3,5.0,6.329113924050633,19.9848,1.13418e-06,4.92945e-06,2.59455e-06,19.9848,False,False,nan,0,ok
ingenua,5.0,0.3,237.0,0.5,4.75,10.548523206751055,18.9402,-1.14021e-06,4.6806e-06,2.46475e-06,18.9402,False,False,nan,0,ok
ingenua,5.0,0.3,237.0,0.5,5.0,10.548523206751055,19.9848,-1.94237e-07,4.92945e-06,2.59455e-06,19.9848,False,False,nan,0,ok
ingenua,5.0,0.3,237.0,0.7,4.75,14.767932489451477,18.9402,-3.0353199999999997e-06,4.6806e-06,2.46475e-06,18.9402,False,False,nan,0,ok
ingenua,5.0,0.3,237.0,0.7,5.0,14.767932489451477,19.9848,-2.85959e-06,4.92945e-06,2.59455e-06,19.9848,False,False,nan,0,ok
ingenua,5.0,0.3,261.0,0.1,4.75,1.9157088122605364,17.2149,-3.06502e-06,4.68059e-06,2.4647399999999997e-06,17.2149,False,False,nan,0,ok
ingenua,5.0,0.3,261.0,0.1,5.0,1.9157088122605364,18.1636,-2.96738e-06,4.92945e-06,2.59454e-06,18.1636,False,False,nan,0,ok
ingenua,5.0,0.3,261.0,0.3,4.75,5.747126436781609,17.2149,-1.05282e-06,4.68059e-06,2.4647399999999997e-06,17.2149,False,False,nan,0,ok
ingenua,5.0,0.3,261.0,0.3,5.0,5.747126436781609,18.1636,-3.49152e-07,4.92945e-06,2.59454e-06,18.1636,False,False,nan,0,ok
ingenua,5.0,0.3,261.0,0.5,4.75,9.578544061302681,17.2149,-8.66843e-07,4.68059e-06,2.4647399999999997e-06,17.2149,False,False,nan,0,ok
ingenua,5.0,0.3,261.0,0.5,5.0,9.578544061302681,18.1636,-3.18382e-07,4.92945e-06,2.59454e-06,18.1636,False,False,nan,0,ok
ingenua,5.0,0.3,261.0,0.7,4.75,13.409961685823756,17.2149,-1.74447e-06,4.68059e-06,2.4647399999999997e-06,17.2149,False,False,nan,0,ok
ingenua,5.0,0.3,261.0,0.7,5.0,13.409961685823756,18.1636,-1.0919400000000001e-06,4.92945e-06,2.59454e-06,18.1636,False,False,nan,0,ok
ingenua,5.0,1.0,213.0,0.1,4.75,2.347417840375587,21.0517,9.397879999999999e-07,4.6806099999999996e-06,2.46475e-06,21.0517,False,False,nan,0,ok
ingenua,5.0,1.0,213.0,0.1,5.0,2.347417840375587,22.2137,6.25617e-07,4.92946e-06,2.59455e-06,22.2137,False,False,nan,0,ok
ingenua,5.0,1.0,213.0,0.3,4.75,7.042253521126761,21.0517,-1.13346e-06,4.6806099999999996e-06,2.46475e-06,21.0517,False,False,nan,0,ok
ingenua,5.0,1.0,213.0,0.3,5.0,7.042253521126761,22.2137,-1.46068e-06,4.92946e-06,2.59455e-06,22.2137,False,False,nan,0,ok
ingenua,5.0,1.0,213.0,0.5,4.75,11.737089201877934,21.0517,-1.37345e-06,4.6806099999999996e-06,2.46475e-06,21.0517,False,False,nan,0,ok
ingenua,5.0,1.0,213.0,0.5,5.0,11.737089201877934,22.2137,-1.48924e-06,4.92946e-06,2.59455e-06,22.2137,False,False,nan,0,ok
ingenua,5.0,1.0,213.0,0.7,4.75,16.431924882629108,21.0517,-2.00552e-06,4.6806099999999996e-06,2.46475e-06,21.0517,False,False,nan,0,ok
ingenua,5.0,1.0,213.0,0.7,5.0,16.431924882629108,22.2137,-2.21527e-06,4.92946e-06,2.59455e-06,22.2137,False,False,nan,0,ok
ingenua,5.0,1.0,237.0,0.1,4.75,2.109704641350211,18.9402,-2.29626e-06,4.6806e-06,2.46475e-06,18.9402,False,False,nan,0,ok
ingenua,5.0,1.0,237.0,0.1,5.0,2.109704641350211,19.9848,-2.1297700000000004e-06,4.92945e-06,2.59455e-06,19.9848,False,False,nan,0,ok
ingenua,5.0,1.0,237.0,0.3,4.75,6.329113924050633,18.9402,1.75367e-06,4.6806e-06,2.46475e-06,18.9402,False,False,nan,0,ok
ingenua,5.0,1.0,237.0,0.3,5.0,6.329113924050633,19.9848,1.13418e-06,4.92945e-06,2.59455e-06,19.9848,False,False,nan,0,ok
ingenua,5.0,1.0,237.0,0.5,4.75,10.548523206751055,18.9402,-1.14021e-06,4.6806e-06,2.46475e-06,18.9402,False,False,nan,0,ok
ingenua,5.0,1.0,237.0,0.5,5.0,10.548523206751055,19.9848,-1.94237e-07,4.92945e-06,2.59455e-06,19.9848,False,False,nan,0,ok
ingenua,5.0,1.0,237.0,0.7,4.75,14.767932489451477,18.9402,-3.0353199999999997e-06,4.6806e-06,2.46475e-06,18.9402,False,False,nan,0,ok
ingenua,5.0,1.0,237.0,0.7,5.0,14.767932489451477,19.9848,-2.85959e-06,4.92945e-06,2.59455e-06,19.9848,False,False,nan,0,ok
ingenua,5.0,1.0,261.0,0.1,4.75,1.9157088122605364,17.2149,-3.06502e-06,4.68059e-06,2.4647399999999997e-06,17.2149,False,False,nan,0,ok
ingenua,5.0,1.0,261.0,0.1,5.0,1.9157088122605364,18.1636,-2.96738e-06,4.92945e-06,2.59454e-06,18.1636,False,False,nan,0,ok
ingenua,5.0,1.0,261.0,0.3,4.75,5.747126436781609,17.2149,-1.05282e-06,4.68059e-06,2.4647399999999997e-06,17.2149,False,False,nan,0,ok
ingenua,5.0,1.0,261.0,0.3,5.0,5.747126436781609,18.1636,-3.49152e-07,4.92945e-06,2.59454e-06,18.1636,False,False,nan,0,ok
ingenua,5.0,1.0,261.0,0.5,4.75,9.578544061302681,17.2149,-8.66843e-07,4.68059e-06,2.4647399999999997e-06,17.2149,False,False,nan,0,ok
ingenua,5.0,1.0,261.0,0.5,5.0,9.578544061302681,18.1636,-3.18382e-07,4.92945e-06,2.59454e-06,18.1636,False,False,nan,0,ok
ingenua,5.0,1.0,261.0,0.7,4.75,13.409961685823756,17.2149,-1.74447e-06,4.68059e-06,2.4647399999999997e-06,17.2149,False,False,nan,0,ok
ingenua,5.0,1.0,261.0,0.7,5.0,13.409961685823756,18.1636,-1.0919400000000001e-06,4.92945e-06,2.59454e-06,18.1636,False,False,nan,0,ok
ingenua,5.0,3.0,213.0,0.1,4.75,2.347417840375587,21.0517,9.397879999999999e-07,4.6806099999999996e-06,2.46475e-06,21.0517,False,False,nan,0,ok
ingenua,5.0,3.0,213.0,0.1,5.0,2.347417840375587,22.2137,6.25617e-07,4.92946e-06,2.59455e-06,22.2137,False,False,nan,0,ok
ingenua,5.0,3.0,213.0,0.3,4.75,7.042253521126761,21.0517,-1.13346e-06,4.6806099999999996e-06,2.46475e-06,21.0517,False,False,nan,0,ok
ingenua,5.0,3.0,213.0,0.3,5.0,7.042253521126761,22.2137,-1.46068e-06,4.92946e-06,2.59455e-06,22.2137,False,False,nan,0,ok
ingenua,5.0,3.0,213.0,0.5,4.75,11.737089201877934,21.0517,-1.37345e-06,4.6806099999999996e-06,2.46475e-06,21.0517,False,False,nan,0,ok
ingenua,5.0,3.0,213.0,0.5,5.0,11.737089201877934,22.2137,-1.48924e-06,4.92946e-06,2.59455e-06,22.2137,False,False,nan,0,ok
ingenua,5.0,3.0,213.0,0.7,4.75,16.431924882629108,21.0517,-2.00552e-06,4.6806099999999996e-06,2.46475e-06,21.0517,False,False,nan,0,ok
ingenua,5.0,3.0,213.0,0.7,5.0,16.431924882629108,22.2137,-2.21527e-06,4.92946e-06,2.59455e-06,22.2137,False,False,nan,0,ok
ingenua,5.0,3.0,237.0,0.1,4.75,2.109704641350211,18.9402,-2.29626e-06,4.6806e-06,2.46475e-06,18.9402,False,False,nan,0,ok
ingenua,5.0,3.0,237.0,0.1,5.0,2.109704641350211,19.9848,-2.1297700000000004e-06,4.92945e-06,2.59455e-06,19.9848,False,False,nan,0,ok
ingenua,5.0,3.0,237.0,0.3,4.75,6.329113924050633,18.9402,1.75367e-06,4.6806e-06,2.46475e-06,18.9402,False,False,nan,0,ok
ingenua,5.0,3.0,237.0,0.3,5.0,6.329113924050633,19.9848,1.13418e-06,4.92945e-06,2.59455e-06,19.9848,False,False,nan,0,ok
ingenua,5.0,3.0,237.0,0.5,4.75,10.548523206751055,18.9402,-1.14021e-06,4.6806e-06,2.46475e-06,18.9402,False,False,nan,0,ok
ingenua,5.0,3.0,237.0,0.5,5.0,10.548523206751055,19.9848,-1.94237e-07,4.92945e-06,2.59455e-06,19.9848,False,False,nan,0,ok
ingenua,5.0,3.0,237.0,0.7,4.75,14.767932489451477,18.9402,-3.0353199999999997e-06,4.6806e-06,2.46475e-06,18.9402,False,False,nan,0,ok
ingenua,5.0,3.0,237.0,0.7,5.0,14.767932489451477,19.9848,-2.85959e-06,4.92945e-06,2.59455e-06,19.9848,False,False,nan,0,ok
ingenua,5.0,3.0,261.0,0.1,4.75,1.9157088122605364,17.2149,-3.06502e-06,4.68059e-06,2.4647399999999997e-06,17.2149,False,False,nan,0,ok
ingenua,5.0,3.0,261.0,0.1,5.0,1.9157088122605364,18.1636,-2.96738e-06,4.92945e-06,2.59454e-06,18.1636,False,False,nan,0,ok
ingenua,5.0,3.0,261.0,0.3,4.75,5.747126436781609,17.2149,-1.05282e-06,4.68059e-06,2.4647399999999997e-06,17.2149,False,False,nan,0,ok
ingenua,5.0,3.0,261.0,0.3,5.0,5.747126436781609,18.1636,-3.49152e-07,4.92945e-06,2.59454e-06,18.1636,False,False,nan,0,ok
ingenua,5.0,3.0,261.0,0.5,4.75,9.578544061302681,17.2149,-8.66843e-07,4.68059e-06,2.4647399999999997e-06,17.2149,False,False,nan,0,ok
ingenua,5.0,3.0,261.0,0.5,5.0,9.578544061302681,18.1636,-3.18382e-07,4.92945e-06,2.59454e-06,18.1636,False,False,nan,0,ok
ingenua,5.0,3.0,261.0,0.7,4.75,13.409961685823756,17.2149,-1.74447e-06,4.68059e-06,2.4647399999999997e-06,17.2149,False,False,nan,0,ok
ingenua,5.0,3.0,261.0,0.7,5.0,13.409961685823756,18.1636,-1.0919400000000001e-06,4.92945e-06,2.59454e-06,18.1636,False,False,nan,0,ok
ingenua,20.0,0.1,213.0,0.1,4.75,2.347417840375587,21.0517,5.03184,18.6534,4.2295,21.0517,True,True,nan,0,ok
ingenua,20.0,0.1,213.0,0.1,5.0,2.347417840375587,22.2137,5.42157,19.806,4.61473,22.2137,True,True,nan,0,ok
ingenua,20.0,0.1,213.0,0.3,4.75,7.042253521126761,21.0517,-3.84833e-08,4.6806099999999996e-06,2.43501e-06,21.0517,False,False,nan,0,ok
ingenua,20.0,0.1,213.0,0.3,5.0,7.042253521126761,22.2137,1.7867799999999999e-06,4.92946e-06,2.56323e-06,22.2137,False,False,nan,0,ok
ingenua,20.0,0.1,213.0,0.5,4.75,11.737089201877934,21.0517,-3.84593e-08,4.6806099999999996e-06,2.43501e-06,21.0517,False,False,nan,0,ok
ingenua,20.0,0.1,213.0,0.5,5.0,11.737089201877934,22.2137,1.7867799999999999e-06,4.92946e-06,2.56323e-06,22.2137,False,False,nan,0,ok
ingenua,20.0,0.1,213.0,0.7,4.75,16.431924882629108,21.0517,-3.84476e-08,4.6806099999999996e-06,2.43501e-06,21.0517,False,False,nan,0,ok
ingenua,20.0,0.1,213.0,0.7,5.0,16.431924882629108,22.2137,1.7868e-06,4.92946e-06,2.56323e-06,22.2137,False,False,nan,0,ok
ingenua,20.0,0.1,237.0,0.1,4.75,2.109704641350211,18.9402,3.70776,16.796499999999998,3.07562,18.9402,True,True,nan,0,ok
ingenua,20.0,0.1,237.0,0.1,5.0,2.109704641350211,19.9848,4.0168,17.8332,3.38094,19.9848,True,True,nan,0,ok
ingenua,20.0,0.1,237.0,0.3,4.75,6.329113924050633,18.9402,-1.80838e-07,4.6806e-06,2.43501e-06,18.9402,False,False,nan,0,ok
ingenua,20.0,0.1,237.0,0.3,5.0,6.329113924050633,19.9848,1.46828e-07,4.92945e-06,2.56322e-06,19.9848,False,False,nan,0,ok
ingenua,20.0,0.1,237.0,0.5,4.75,10.548523206751055,18.9402,-1.80844e-07,4.6806e-06,2.43501e-06,18.9402,False,False,nan,0,ok
ingenua,20.0,0.1,237.0,0.5,5.0,10.548523206751055,19.9848,1.46831e-07,4.92945e-06,2.56322e-06,19.9848,False,False,nan,0,ok
ingenua,20.0,0.1,237.0,0.7,4.75,14.767932489451477,18.9402,-1.8083600000000002e-07,4.6806e-06,2.43501e-06,18.9402,False,False,nan,0,ok
ingenua,20.0,0.1,237.0,0.7,5.0,14.767932489451477,19.9848,1.46823e-07,4.92945e-06,2.56322e-06,19.9848,False,False,nan,0,ok
ingenua,20.0,0.1,261.0,0.1,4.75,1.9157088122605364,17.2149,2.71522,15.2774,2.21238,17.2149,True,True,nan,0,ok
ingenua,20.0,0.1,261.0,0.1,5.0,1.9157088122605364,18.1636,2.9625,16.2193,2.4564500000000002,18.1636,True,True,nan,0,ok
ingenua,20.0,0.1,261.0,0.3,4.75,5.747126436781609,17.2149,1.70265e-06,4.68059e-06,2.43501e-06,17.2149,False,False,nan,0,ok
ingenua,20.0,0.1,261.0,0.3,5.0,5.747126436781609,18.1636,9.221299999999999e-08,4.92945e-06,2.56322e-06,18.1636,False,False,nan,0,ok
ingenua,20.0,0.1,261.0,0.5,4.75,9.578544061302681,17.2149,1.7027900000000002e-06,4.68059e-06,2.43501e-06,17.2149,False,False,nan,0,ok
ingenua,20.0,0.1,261.0,0.5,5.0,9.578544061302681,18.1636,9.22156e-08,4.92945e-06,2.56322e-06,18.1636,False,False,nan,0,ok
ingenua,20.0,0.1,261.0,0.7,4.75,13.409961685823756,17.2149,1.70281e-06,4.68059e-06,2.43501e-06,17.2149,False,False,nan,0,ok
ingenua,20.0,0.1,261.0,0.7,5.0,13.409961685823756,18.1636,9.22112e-08,4.92945e-06,2.56322e-06,18.1636,False,False,nan,0,ok
ingenua,20.0,0.3,213.0,0.1,4.75,2.347417840375587,21.0517,-2.23881e-06,4.6806099999999996e-06,2.43501e-06,21.0517,False,False,nan,0,ok
ingenua,20.0,0.3,213.0,0.1,5.0,2.347417840375587,22.2137,-5.32438e-07,4.92946e-06,2.56323e-06,22.2137,False,False,nan,0,ok
ingenua,20.0,0.3,213.0,0.3,4.75,7.042253521126761,21.0517,-2.2388199999999998e-06,4.6806099999999996e-06,2.43501e-06,21.0517,False,False,nan,0,ok
ingenua,20.0,0.3,213.0,0.3,5.0,7.042253521126761,22.2137,-1.70467e-06,4.92946e-06,2.56323e-06,22.2137,False,False,nan,0,ok
ingenua,20.0,0.3,213.0,0.5,4.75,11.737089201877934,21.0517,-2.3684199999999998e-06,4.6806099999999996e-06,2.43501e-06,21.0517,False,False,nan,0,ok
ingenua,20.0,0.3,213.0,0.5,5.0,11.737089201877934,22.2137,-2.11569e-06,4.92946e-06,2.56323e-06,22.2137,False,False,nan,0,ok
ingenua,20.0,0.3,213.0,0.7,4.75,16.431924882629108,21.0517,-2.19418e-06,4.6806099999999996e-06,2.43501e-06,21.0517,False,False,nan,0,ok
ingenua,20.0,0.3,213.0,0.7,5.0,16.431924882629108,22.2137,-1.6674299999999999e-06,4.92946e-06,2.56323e-06,22.2137,False,False,nan,0,ok
ingenua,20.0,0.3,237.0,0.1,4.75,2.109704641350211,18.9402,-2.33668e-06,4.6806e-06,2.43501e-06,18.9402,False,False,nan,0,ok
ingenua,20.0,0.3,237.0,0.1,5.0,2.109704641350211,19.9848,-2.21527e-06,4.92945e-06,2.56322e-06,19.9848,False,False,nan,0,ok
ingenua,20.0,0.3,237.0,0.3,4.75,6.329113924050633,18.9402,9.00349e-07,4.6806e-06,2.43501e-06,18.9402,False,False,nan,0,ok
ingenua,20.0,0.3,237.0,0.3,5.0,6.329113924050633,19.9848,1.2580800000000002e-06,4.92945e-06,2.56322e-06,19.9848,False,False,nan,0,ok
ingenua,20.0,0.3,237.0,0.5,4.75,10.548523206751055,18.9402,-1.4443e-06,4.6806e-06,2.43501e-06,18.9402,False,False,nan,0,ok
ingenua,20.0,0.3,237.0,0.5,5.0,10.548523206751055,19.9848,-1.36623e-06,4.92945e-06,2.56322e-06,19.9848,False,False,nan,0,ok
ingenua,20.0,0.3,237.0,0.7,4.75,14.767932489451477,18.9402,-2.28097e-06,4.6806e-06,2.43501e-06,18.9402,False,False,nan,0,ok
ingenua,20.0,0.3,237.0,0.7,5.0,14.767932489451477,19.9848,-2.1644400000000002e-06,4.92945e-06,2.56322e-06,19.9848,False,False,nan,0,ok
ingenua,20.0,0.3,261.0,0.1,4.75,1.9157088122605364,17.2149,4.42947e-07,4.68059e-06,2.43501e-06,17.2149,False,False,nan,0,ok
ingenua,20.0,0.3,261.0,0.1,5.0,1.9157088122605364,18.1636,-2.22627e-06,4.92945e-06,2.56322e-06,18.1636,False,False,nan,0,ok
ingenua,20.0,0.3,261.0,0.3,4.75,5.747126436781609,17.2149,-1.45612e-07,4.68059e-06,2.43501e-06,17.2149,False,False,nan,0,ok
ingenua,20.0,0.3,261.0,0.3,5.0,5.747126436781609,18.1636,-3.85663e-07,4.92945e-06,2.56322e-06,18.1636,False,False,nan,0,ok
ingenua,20.0,0.3,261.0,0.5,4.75,9.578544061302681,17.2149,-1.45557e-06,4.68059e-06,2.43501e-06,17.2149,False,False,nan,0,ok
ingenua,20.0,0.3,261.0,0.5,5.0,9.578544061302681,18.1636,-1.46941e-06,4.92945e-06,2.56322e-06,18.1636,False,False,nan,0,ok
ingenua,20.0,0.3,261.0,0.7,4.75,13.409961685823756,17.2149,-2.35729e-06,4.68059e-06,2.43501e-06,17.2149,False,False,nan,0,ok
ingenua,20.0,0.3,261.0,0.7,5.0,13.409961685823756,18.1636,-1.82174e-06,4.92945e-06,2.56322e-06,18.1636,False,False,nan,0,ok
ingenua,20.0,1.0,213.0,0.1,4.75,2.347417840375587,21.0517,-2.23881e-06,4.6806099999999996e-06,2.43501e-06,21.0517,False,False,nan,0,ok
ingenua,20.0,1.0,213.0,0.1,5.0,2.347417840375587,22.2137,-5.32438e-07,4.92946e-06,2.56323e-06,22.2137,False,False,nan,0,ok
ingenua,20.0,1.0,213.0,0.3,4.75,7.042253521126761,21.0517,-2.2388199999999998e-06,4.6806099999999996e-06,2.43501e-06,21.0517,False,False,nan,0,ok
ingenua,20.0,1.0,213.0,0.3,5.0,7.042253521126761,22.2137,-1.70467e-06,4.92946e-06,2.56323e-06,22.2137,False,False,nan,0,ok
ingenua,20.0,1.0,213.0,0.5,4.75,11.737089201877934,21.0517,-2.3684199999999998e-06,4.6806099999999996e-06,2.43501e-06,21.0517,False,False,nan,0,ok
ingenua,20.0,1.0,213.0,0.5,5.0,11.737089201877934,22.2137,-2.11569e-06,4.92946e-06,2.56323e-06,22.2137,False,False,nan,0,ok
ingenua,20.0,1.0,213.0,0.7,4.75,16.431924882629108,21.0517,-2.19418e-06,4.6806099999999996e-06,2.43501e-06,21.0517,False,False,nan,0,ok
ingenua,20.0,1.0,213.0,0.7,5.0,16.431924882629108,22.2137,-1.6674299999999999e-06,4.92946e-06,2.56323e-06,22.2137,False,False,nan,0,ok
ingenua,20.0,1.0,237.0,0.1,4.75,2.109704641350211,18.9402,-2.33668e-06,4.6806e-06,2.43501e-06,18.9402,False,False,nan,0,ok
ingenua,20.0,1.0,237.0,0.1,5.0,2.109704641350211,19.9848,-2.21527e-06,4.92945e-06,2.56322e-06,19.9848,False,False,nan,0,ok
ingenua,20.0,1.0,237.0,0.3,4.75,6.329113924050633,18.9402,9.00349e-07,4.6806e-06,2.43501e-06,18.9402,False,False,nan,0,ok
ingenua,20.0,1.0,237.0,0.3,5.0,6.329113924050633,19.9848,1.2580800000000002e-06,4.92945e-06,2.56322e-06,19.9848,False,False,nan,0,ok
ingenua,20.0,1.0,237.0,0.5,4.75,10.548523206751055,18.9402,-1.4443e-06,4.6806e-06,2.43501e-06,18.9402,False,False,nan,0,ok
ingenua,20.0,1.0,237.0,0.5,5.0,10.548523206751055,19.9848,-1.36623e-06,4.92945e-06,2.56322e-06,19.9848,False,False,nan,0,ok
ingenua,20.0,1.0,237.0,0.7,4.75,14.767932489451477,18.9402,-2.28097e-06,4.6806e-06,2.43501e-06,18.9402,False,False,nan,0,ok
ingenua,20.0,1.0,237.0,0.7,5.0,14.767932489451477,19.9848,-2.1644400000000002e-06,4.92945e-06,2.56322e-06,19.9848,False,False,nan,0,ok
ingenua,20.0,1.0,261.0,0.1,4.75,1.9157088122605364,17.2149,4.42947e-07,4.68059e-06,2.43501e-06,17.2149,False,False,nan,0,ok
ingenua,20.0,1.0,261.0,0.1,5.0,1.9157088122605364,18.1636,-2.22627e-06,4.92945e-06,2.56322e-06,18.1636,False,False,nan,0,ok
ingenua,20.0,1.0,261.0,0.3,4.75,5.747126436781609,17.2149,-1.45612e-07,4.68059e-06,2.43501e-06,17.2149,False,False,nan,0,ok
ingenua,20.0,1.0,261.0,0.3,5.0,5.747126436781609,18.1636,-3.85663e-07,4.92945e-06,2.56322e-06,18.1636,False,False,nan,0,ok
ingenua,20.0,1.0,261.0,0.5,4.75,9.578544061302681,17.2149,-1.45557e-06,4.68059e-06,2.43501e-06,17.2149,False,False,nan,0,ok
ingenua,20.0,1.0,261.0,0.5,5.0,9.578544061302681,18.1636,-1.46941e-06,4.92945e-06,2.56322e-06,18.1636,False,False,nan,0,ok
ingenua,20.0,1.0,261.0,0.7,4.75,13.409961685823756,17.2149,-2.35729e-06,4.68059e-06,2.43501e-06,17.2149,False,False,nan,0,ok
ingenua,20.0,1.0,261.0,0.7,5.0,13.409961685823756,18.1636,-1.82174e-06,4.92945e-06,2.56322e-06,18.1636,False,False,nan,0,ok
ingenua,20.0,3.0,213.0,0.1,4.75,2.347417840375587,21.0517,-2.23881e-06,4.6806099999999996e-06,2.43501e-06,21.0517,False,False,nan,0,ok
ingenua,20.0,3.0,213.0,0.1,5.0,2.347417840375587,22.2137,-5.32438e-07,4.92946e-06,2.56323e-06,22.2137,False,False,nan,0,ok
ingenua,20.0,3.0,213.0,0.3,4.75,7.042253521126761,21.0517,-2.2388199999999998e-06,4.6806099999999996e-06,2.43501e-06,21.0517,False,False,nan,0,ok
ingenua,20.0,3.0,213.0,0.3,5.0,7.042253521126761,22.2137,-1.70467e-06,4.92946e-06,2.56323e-06,22.2137,False,False,nan,0,ok
ingenua,20.0,3.0,213.0,0.5,4.75,11.737089201877934,21.0517,-2.3684199999999998e-06,4.6806099999999996e-06,2.43501e-06,21.0517,False,False,nan,0,ok
ingenua,20.0,3.0,213.0,0.5,5.0,11.737089201877934,22.2137,-2.11569e-06,4.92946e-06,2.56323e-06,22.2137,False,False,nan,0,ok
ingenua,20.0,3.0,213.0,0.7,4.75,16.431924882629108,21.0517,-2.19418e-06,4.6806099999999996e-06,2.43501e-06,21.0517,False,False,nan,0,ok
ingenua,20.0,3.0,213.0,0.7,5.0,16.431924882629108,22.2137,-1.6674299999999999e-06,4.92946e-06,2.56323e-06,22.2137,False,False,nan,0,ok
ingenua,20.0,3.0,237.0,0.1,4.75,2.109704641350211,18.9402,-2.33668e-06,4.6806e-06,2.43501e-06,18.9402,False,False,nan,0,ok
ingenua,20.0,3.0,237.0,0.1,5.0,2.109704641350211,19.9848,-2.21527e-06,4.92945e-06,2.56322e-06,19.9848,False,False,nan,0,ok
ingenua,20.0,3.0,237.0,0.3,4.75,6.329113924050633,18.9402,9.00349e-07,4.6806e-06,2.43501e-06,18.9402,False,False,nan,0,ok
ingenua,20.0,3.0,237.0,0.3,5.0,6.329113924050633,19.9848,1.2580800000000002e-06,4.92945e-06,2.56322e-06,19.9848,False,False,nan,0,ok
ingenua,20.0,3.0,237.0,0.5,4.75,10.548523206751055,18.9402,-1.4443e-06,4.6806e-06,2.43501e-06,18.9402,False,False,nan,0,ok
ingenua,20.0,3.0,237.0,0.5,5.0,10.548523206751055,19.9848,-1.36623e-06,4.92945e-06,2.56322e-06,19.9848,False,False,nan,0,ok
ingenua,20.0,3.0,237.0,0.7,4.75,14.767932489451477,18.9402,-2.28097e-06,4.6806e-06,2.43501e-06,18.9402,False,False,nan,0,ok
ingenua,20.0,3.0,237.0,0.7,5.0,14.767932489451477,19.9848,-2.1644400000000002e-06,4.92945e-06,2.56322e-06,19.9848,False,False,nan,0,ok
ingenua,20.0,3.0,261.0,0.1,4.75,1.9157088122605364,17.2149,4.42947e-07,4.68059e-06,2.43501e-06,17.2149,False,False,nan,0,ok
ingenua,20.0,3.0,261.0,0.1,5.0,1.9157088122605364,18.1636,-2.22627e-06,4.92945e-06,2.56322e-06,18.1636,False,False,nan,0,ok
ingenua,20.0,3.0,261.0,0.3,4.75,5.747126436781609,17.2149,-1.45612e-07,4.68059e-06,2.43501e-06,17.2149,False,False,nan,0,ok
ingenua,20.0,3.0,261.0,0.3,5.0,5.747126436781609,18.1636,-3.85663e-07,4.92945e-06,2.56322e-06,18.1636,False,False,nan,0,ok
ingenua,20.0,3.0,261.0,0.5,4.75,9.578544061302681,17.2149,-1.45557e-06,4.68059e-06,2.43501e-06,17.2149,False,False,nan,0,ok
ingenua,20.0,3.0,261.0,0.5,5.0,9.578544061302681,18.1636,-1.46941e-06,4.92945e-06,2.56322e-06,18.1636,False,False,nan,0,ok
ingenua,20.0,3.0,261.0,0.7,4.75,13.409961685823756,17.2149,-2.35729e-06,4.68059e-06,2.43501e-06,17.2149,False,False,nan,0,ok
ingenua,20.0,3.0,261.0,0.7,5.0,13.409961685823756,18.1636,-1.82174e-06,4.92945e-06,2.56322e-06,18.1636,False,False,nan,0,ok
ingenua,50.0,0.1,213.0,0.1,4.75,2.347417840375587,21.0517,12.5199,18.6534,10.9675,21.0517,True,True,nan,0,ok
ingenua,50.0,0.1,213.0,0.1,5.0,2.347417840375587,22.2137,13.2731,19.806,11.7141,22.2137,True,True,nan,0,ok
ingenua,50.0,0.1,213.0,0.3,4.75,7.042253521126761,21.0517,12.5199,18.6534,10.9675,21.0517,True,True,nan,0,ok
ingenua,50.0,0.1,213.0,0.3,5.0,7.042253521126761,22.2137,13.2731,19.806,11.7141,22.2137,True,True,nan,0,ok
ingenua,50.0,0.1,213.0,0.5,4.75,11.737089201877934,21.0517,12.5199,18.6534,10.9675,21.0517,True,False,88.29999999999949,0,ok
ingenua,50.0,0.1,213.0,0.5,5.0,11.737089201877934,22.2137,13.2731,19.806,11.7141,22.2137,True,False,100.20000000000168,0,ok
ingenua,50.0,0.1,213.0,0.7,4.75,16.431924882629108,21.0517,2.10883e-06,4.6806099999999996e-06,2.38589e-06,21.0517,False,False,nan,0,ok
ingenua,50.0,0.1,213.0,0.7,5.0,16.431924882629108,22.2137,2.77742e-06,4.92946e-06,2.51152e-06,22.2137,False,False,nan,0,ok
ingenua,50.0,0.1,237.0,0.1,4.75,2.109704641350211,18.9402,10.6021,16.796499999999998,9.28092,18.9402,True,True,nan,0,ok
ingenua,50.0,0.1,237.0,0.1,5.0,2.109704641350211,19.9848,11.247,17.8332,9.920359999999999,19.9848,True,True,nan,0,ok
ingenua,50.0,0.1,237.0,0.3,4.75,6.329113924050633,18.9402,10.6021,16.796499999999998,9.28092,18.9402,True,True,nan,0,ok
ingenua,50.0,0.1,237.0,0.3,5.0,6.329113924050633,19.9848,11.247,17.8332,9.920359999999999,19.9848,True,True,nan,0,ok
ingenua,50.0,0.1,237.0,0.5,4.75,10.548523206751055,18.9402,10.6021,16.796499999999998,9.28092,18.9402,True,False,79.9000000000008,0,ok
ingenua,50.0,0.1,237.0,0.5,5.0,10.548523206751055,19.9848,11.247,17.8332,9.920359999999999,19.9848,True,False,90.59999999999971,0,ok
ingenua,50.0,0.1,237.0,0.7,4.75,14.767932489451477,18.9402,2.91961e-07,4.6806e-06,2.38589e-06,18.9402,False,False,nan,0,ok
ingenua,50.0,0.1,237.0,0.7,5.0,14.767932489451477,19.9848,1.53628e-06,4.92945e-06,2.5115100000000003e-06,19.9848,False,False,nan,0,ok
ingenua,50.0,0.1,261.0,0.1,4.75,1.9157088122605364,17.2149,9.06414,15.2774,7.92724,17.2149,True,True,nan,0,ok
ingenua,50.0,0.1,261.0,0.1,5.0,1.9157088122605364,18.1636,9.62191,16.2193,8.48048,18.1636,True,True,nan,0,ok
ingenua,50.0,0.1,261.0,0.3,4.75,5.747126436781609,17.2149,9.06414,15.2774,7.92724,17.2149,True,True,nan,0,ok
ingenua,50.0,0.1,261.0,0.3,5.0,5.747126436781609,18.1636,9.62191,16.2193,8.48048,18.1636,True,True,nan,0,ok
ingenua,50.0,0.1,261.0,0.5,4.75,9.578544061302681,17.2149,2.56767e-07,4.68059e-06,2.38588e-06,17.2149,False,False,nan,0,ok
ingenua,50.0,0.1,261.0,0.5,5.0,9.578544061302681,18.1636,9.62191,16.2193,8.48048,18.1636,True,False,82.70000000000152,0,ok
ingenua,50.0,0.1,261.0,0.7,4.75,13.409961685823756,17.2149,2.56766e-07,4.68059e-06,2.38588e-06,17.2149,False,False,nan,0,ok
ingenua,50.0,0.1,261.0,0.7,5.0,13.409961685823756,18.1636,9.960999999999999e-07,4.92945e-06,2.5115100000000003e-06,18.1636,False,False,nan,0,ok
ingenua,50.0,0.3,213.0,0.1,4.75,2.347417840375587,21.0517,3.4508199999999998,18.6534,2.81134,21.0517,True,True,nan,0,ok
ingenua,50.0,0.3,213.0,0.1,5.0,2.347417840375587,22.2137,3.7619200000000004,19.806,3.1181799999999997,22.2137,True,True,nan,0,ok
ingenua,50.0,0.3,213.0,0.3,4.75,7.042253521126761,21.0517,2.10883e-06,4.6806099999999996e-06,2.38589e-06,21.0517,False,False,nan,0,ok
ingenua,50.0,0.3,213.0,0.3,5.0,7.042253521126761,22.2137,2.77745e-06,4.92946e-06,2.51152e-06,22.2137,False,False,nan,0,ok
ingenua,50.0,0.3,213.0,0.5,4.75,11.737089201877934,21.0517,2.10886e-06,4.6806099999999996e-06,2.38589e-06,21.0517,False,False,nan,0,ok
ingenua,50.0,0.3,213.0,0.5,5.0,11.737089201877934,22.2137,2.77742e-06,4.92946e-06,2.51152e-06,22.2137,False,False,nan,0,ok
ingenua,50.0,0.3,213.0,0.7,4.75,16.431924882629108,21.0517,2.10884e-06,4.6806099999999996e-06,2.38589e-06,21.0517,False,False,nan,0,ok
ingenua,50.0,0.3,213.0,0.7,5.0,16.431924882629108,22.2137,2.7774099999999997e-06,4.92946e-06,2.51152e-06,22.2137,False,False,nan,0,ok
ingenua,50.0,0.3,237.0,0.1,4.75,2.109704641350211,18.9402,2.33283,16.796499999999998,1.84365,18.9402,True,False,288.50000000000057,0,ok
ingenua,50.0,0.3,237.0,0.1,5.0,2.109704641350211,19.9848,2.57259,17.8332,2.07969,19.9848,True,False,299.1999999999995,0,ok
ingenua,50.0,0.3,237.0,0.3,4.75,6.329113924050633,18.9402,2.91963e-07,4.6806e-06,2.38589e-06,18.9402,False,False,nan,0,ok
ingenua,50.0,0.3,237.0,0.3,5.0,6.329113924050633,19.9848,1.53628e-06,4.92945e-06,2.5115100000000003e-06,19.9848,False,False,nan,0,ok
ingenua,50.0,0.3,237.0,0.5,4.75,10.548523206751055,18.9402,2.91961e-07,4.6806e-06,2.38589e-06,18.9402,False,False,nan,0,ok
ingenua,50.0,0.3,237.0,0.5,5.0,10.548523206751055,19.9848,1.5363e-06,4.92945e-06,2.5115100000000003e-06,19.9848,False,False,nan,0,ok
ingenua,50.0,0.3,237.0,0.7,4.75,14.767932489451477,18.9402,2.9196e-07,4.6806e-06,2.38589e-06,18.9402,False,False,nan,0,ok
ingenua,50.0,0.3,237.0,0.7,5.0,14.767932489451477,19.9848,1.5362900000000002e-06,4.92945e-06,2.5115100000000003e-06,19.9848,False,False,nan,0,ok
ingenua,50.0,0.3,261.0,0.1,4.75,1.9157088122605364,17.2149,2.56771e-07,4.68059e-06,2.38588e-06,17.2149,False,False,nan,0,ok
ingenua,50.0,0.3,261.0,0.1,5.0,1.9157088122605364,18.1636,9.96035e-07,4.92945e-06,2.5115100000000003e-06,18.1636,False,False,nan,0,ok
ingenua,50.0,0.3,261.0,0.3,4.75,5.747126436781609,17.2149,2.56767e-07,4.68059e-06,2.38588e-06,17.2149,False,False,nan,0,ok
ingenua,50.0,0.3,261.0,0.3,5.0,5.747126436781609,18.1636,9.96095e-07,4.92945e-06,2.5115100000000003e-06,18.1636,False,False,nan,0,ok
ingenua,50.0,0.3,261.0,0.5,4.75,9.578544061302681,17.2149,2.56766e-07,4.68059e-06,2.38588e-06,17.2149,False,False,nan,0,ok
ingenua,50.0,0.3,261.0,0.5,5.0,9.578544061302681,18.1636,9.960940000000001e-07,4.92945e-06,2.5115100000000003e-06,18.1636,False,False,nan,0,ok
ingenua,50.0,0.3,261.0,0.7,4.75,13.409961685823756,17.2149,2.56765e-07,4.68059e-06,2.38588e-06,17.2149,False,False,nan,0,ok
ingenua,50.0,0.3,261.0,0.7,5.0,13.409961685823756,18.1636,9.961090000000001e-07,4.92945e-06,2.5115100000000003e-06,18.1636,False,False,nan,0,ok
ingenua,50.0,1.0,213.0,0.1,4.75,2.347417840375587,21.0517,-9.708119999999999e-08,4.6806099999999996e-06,2.38589e-06,21.0517,False,False,nan,0,ok
ingenua,50.0,1.0,213.0,0.1,5.0,2.347417840375587,22.2137,4.5774100000000005e-07,4.92946e-06,2.51152e-06,22.2137,False,False,nan,0,ok
ingenua,50.0,1.0,213.0,0.3,4.75,7.042253521126761,21.0517,-9.6935e-08,4.6806099999999996e-06,2.38589e-06,21.0517,False,False,nan,0,ok
ingenua,50.0,1.0,213.0,0.3,5.0,7.042253521126761,22.2137,4.57576e-07,4.92946e-06,2.51152e-06,22.2137,False,False,nan,0,ok
ingenua,50.0,1.0,213.0,0.5,4.75,11.737089201877934,21.0517,-1.46345e-06,4.6806099999999996e-06,2.38589e-06,21.0517,False,False,nan,0,ok
ingenua,50.0,1.0,213.0,0.5,5.0,11.737089201877934,22.2137,4.57546e-07,4.92946e-06,2.51152e-06,22.2137,False,False,nan,0,ok
ingenua,50.0,1.0,213.0,0.7,4.75,16.431924882629108,21.0517,-1.82238e-06,4.6806099999999996e-06,2.38589e-06,21.0517,False,False,nan,0,ok
ingenua,50.0,1.0,213.0,0.7,5.0,16.431924882629108,22.2137,4.5753500000000003e-07,4.92946e-06,2.51152e-06,22.2137,False,False,nan,0,ok
ingenua,50.0,1.0,237.0,0.1,4.75,2.109704641350211,18.9402,-1.90876e-06,4.6806e-06,2.38589e-06,18.9402,False,False,nan,0,ok
ingenua,50.0,1.0,237.0,0.1,5.0,2.109704641350211,19.9848,-7.86355e-07,4.92945e-06,2.5115100000000003e-06,19.9848,False,False,nan,0,ok
ingenua,50.0,1.0,237.0,0.3,4.75,6.329113924050633,18.9402,-1.90878e-06,4.6806e-06,2.38589e-06,18.9402,False,False,nan,0,ok
ingenua,50.0,1.0,237.0,0.3,5.0,6.329113924050633,19.9848,-7.862629999999999e-07,4.92945e-06,2.5115100000000003e-06,19.9848,False,False,nan,0,ok
ingenua,50.0,1.0,237.0,0.5,4.75,10.548523206751055,18.9402,-1.67508e-06,4.6806e-06,2.38589e-06,18.9402,False,False,nan,0,ok
ingenua,50.0,1.0,237.0,0.5,5.0,10.548523206751055,19.9848,-7.86247e-07,4.92945e-06,2.5115100000000003e-06,19.9848,False,False,nan,0,ok
ingenua,50.0,1.0,237.0,0.7,4.75,14.767932489451477,18.9402,-1.691e-06,4.6806e-06,2.38589e-06,18.9402,False,False,nan,0,ok
ingenua,50.0,1.0,237.0,0.7,5.0,14.767932489451477,19.9848,-1.55087e-06,4.92945e-06,2.5115100000000003e-06,19.9848,False,False,nan,0,ok
ingenua,50.0,1.0,261.0,0.1,4.75,1.9157088122605364,17.2149,-1.94406e-06,4.68059e-06,2.38588e-06,17.2149,False,False,nan,0,ok
ingenua,50.0,1.0,261.0,0.1,5.0,1.9157088122605364,18.1636,-1.32516e-06,4.92945e-06,2.5115100000000003e-06,18.1636,False,False,nan,0,ok
ingenua,50.0,1.0,261.0,0.3,4.75,5.747126436781609,17.2149,-1.94406e-06,4.68059e-06,2.38588e-06,17.2149,False,False,nan,0,ok
ingenua,50.0,1.0,261.0,0.3,5.0,5.747126436781609,18.1636,-1.32511e-06,4.92945e-06,2.5115100000000003e-06,18.1636,False,False,nan,0,ok
ingenua,50.0,1.0,261.0,0.5,4.75,9.578544061302681,17.2149,-1.82683e-06,4.68059e-06,2.38588e-06,17.2149,False,False,nan,0,ok
ingenua,50.0,1.0,261.0,0.5,5.0,9.578544061302681,18.1636,-1.67642e-06,4.92945e-06,2.5115100000000003e-06,18.1636,False,False,nan,0,ok
ingenua,50.0,1.0,261.0,0.7,4.75,13.409961685823756,17.2149,-1.94406e-06,4.68059e-06,2.38588e-06,17.2149,False,False,nan,0,ok
ingenua,50.0,1.0,261.0,0.7,5.0,13.409961685823756,18.1636,-1.74571e-06,4.92945e-06,2.5115100000000003e-06,18.1636,False,False,nan,0,ok
ingenua,50.0,3.0,213.0,0.1,4.75,2.347417840375587,21.0517,-9.708119999999999e-08,4.6806099999999996e-06,2.38589e-06,21.0517,False,False,nan,0,ok
ingenua,50.0,3.0,213.0,0.1,5.0,2.347417840375587,22.2137,4.5774100000000005e-07,4.92946e-06,2.51152e-06,22.2137,False,False,nan,0,ok
ingenua,50.0,3.0,213.0,0.3,4.75,7.042253521126761,21.0517,-9.6935e-08,4.6806099999999996e-06,2.38589e-06,21.0517,False,False,nan,0,ok
ingenua,50.0,3.0,213.0,0.3,5.0,7.042253521126761,22.2137,4.57576e-07,4.92946e-06,2.51152e-06,22.2137,False,False,nan,0,ok
ingenua,50.0,3.0,213.0,0.5,4.75,11.737089201877934,21.0517,-1.46345e-06,4.6806099999999996e-06,2.38589e-06,21.0517,False,False,nan,0,ok
ingenua,50.0,3.0,213.0,0.5,5.0,11.737089201877934,22.2137,4.57546e-07,4.92946e-06,2.51152e-06,22.2137,False,False,nan,0,ok
ingenua,50.0,3.0,213.0,0.7,4.75,16.431924882629108,21.0517,-1.82238e-06,4.6806099999999996e-06,2.38589e-06,21.0517,False,False,nan,0,ok
ingenua,50.0,3.0,213.0,0.7,5.0,16.431924882629108,22.2137,4.5753500000000003e-07,4.92946e-06,2.51152e-06,22.2137,False,False,nan,0,ok
ingenua,50.0,3.0,237.0,0.1,4.75,2.109704641350211,18.9402,-1.90876e-06,4.6806e-06,2.38589e-06,18.9402,False,False,nan,0,ok
ingenua,50.0,3.0,237.0,0.1,5.0,2.109704641350211,19.9848,-7.86355e-07,4.92945e-06,2.5115100000000003e-06,19.9848,False,False,nan,0,ok
ingenua,50.0,3.0,237.0,0.3,4.75,6.329113924050633,18.9402,-1.90878e-06,4.6806e-06,2.38589e-06,18.9402,False,False,nan,0,ok
ingenua,50.0,3.0,237.0,0.3,5.0,6.329113924050633,19.9848,-7.862629999999999e-07,4.92945e-06,2.5115100000000003e-06,19.9848,False,False,nan,0,ok
ingenua,50.0,3.0,237.0,0.5,4.75,10.548523206751055,18.9402,-1.67508e-06,4.6806e-06,2.38589e-06,18.9402,False,False,nan,0,ok
ingenua,50.0,3.0,237.0,0.5,5.0,10.548523206751055,19.9848,-7.86247e-07,4.92945e-06,2.5115100000000003e-06,19.9848,False,False,nan,0,ok
ingenua,50.0,3.0,237.0,0.7,4.75,14.767932489451477,18.9402,-1.691e-06,4.6806e-06,2.38589e-06,18.9402,False,False,nan,0,ok
ingenua,50.0,3.0,237.0,0.7,5.0,14.767932489451477,19.9848,-1.55087e-06,4.92945e-06,2.5115100000000003e-06,19.9848,False,False,nan,0,ok
ingenua,50.0,3.0,261.0,0.1,4.75,1.9157088122605364,17.2149,-1.94406e-06,4.68059e-06,2.38588e-06,17.2149,False,False,nan,0,ok
ingenua,50.0,3.0,261.0,0.1,5.0,1.9157088122605364,18.1636,-1.32516e-06,4.92945e-06,2.5115100000000003e-06,18.1636,False,False,nan,0,ok
ingenua,50.0,3.0,261.0,0.3,4.75,5.747126436781609,17.2149,-1.94406e-06,4.68059e-06,2.38588e-06,17.2149,False,False,nan,0,ok
ingenua,50.0,3.0,261.0,0.3,5.0,5.747126436781609,18.1636,-1.32511e-06,4.92945e-06,2.5115100000000003e-06,18.1636,False,False,nan,0,ok
ingenua,50.0,3.0,261.0,0.5,4.75,9.578544061302681,17.2149,-1.82683e-06,4.68059e-06,2.38588e-06,17.2149,False,False,nan,0,ok
ingenua,50.0,3.0,261.0,0.5,5.0,9.578544061302681,18.1636,-1.67642e-06,4.92945e-06,2.5115100000000003e-06,18.1636,False,False,nan,0,ok
ingenua,50.0,3.0,261.0,0.7,4.75,13.409961685823756,17.2149,-1.94406e-06,4.68059e-06,2.38588e-06,17.2149,False,False,nan,0,ok
ingenua,50.0,3.0,261.0,0.7,5.0,13.409961685823756,18.1636,-1.74571e-06,4.92945e-06,2.5115100000000003e-06,18.1636,False,False,nan,0,ok
ingenua,100.0,0.1,213.0,0.1,4.75,2.347417840375587,21.0517,16.3243,18.6534,14.393899999999999,21.0517,True,True,nan,0,ok
ingenua,100.0,0.1,213.0,0.1,5.0,2.347417840375587,22.2137,17.2602,19.806,15.3219,22.2137,True,True,nan,0,ok
ingenua,100.0,0.1,213.0,0.3,4.75,7.042253521126761,21.0517,16.3243,18.6534,14.393899999999999,21.0517,True,True,nan,0,ok
ingenua,100.0,0.1,213.0,0.3,5.0,7.042253521126761,22.2137,17.2602,19.806,15.3219,22.2137,True,True,nan,0,ok
ingenua,100.0,0.1,213.0,0.5,4.75,11.737089201877934,21.0517,16.3243,18.6534,14.393899999999999,21.0517,True,True,nan,0,ok
ingenua,100.0,0.1,213.0,0.5,5.0,11.737089201877934,22.2137,17.2602,19.806,15.3219,22.2137,True,True,nan,0,ok
ingenua,100.0,0.1,213.0,0.7,4.75,16.431924882629108,21.0517,7.068920000000001e-07,4.6806099999999996e-06,2.3281599999999997e-06,21.0517,False,False,nan,0,ok
ingenua,100.0,0.1,213.0,0.7,5.0,16.431924882629108,22.2137,17.2602,19.806,15.3219,22.2137,True,False,73.69999999999946,0,ok
ingenua,100.0,0.1,237.0,0.1,4.75,2.109704641350211,18.9402,14.2698,16.796499999999998,12.586,18.9402,True,True,nan,0,ok
ingenua,100.0,0.1,237.0,0.1,5.0,2.109704641350211,19.9848,15.090900000000001,17.8332,13.4005,19.9848,True,True,nan,0,ok
ingenua,100.0,0.1,237.0,0.3,4.75,6.329113924050633,18.9402,14.2698,16.796499999999998,12.586,18.9402,True,True,nan,0,ok
ingenua,100.0,0.1,237.0,0.3,5.0,6.329113924050633,19.9848,15.090900000000001,17.8332,13.4005,19.9848,True,True,nan,0,ok
ingenua,100.0,0.1,237.0,0.5,4.75,10.548523206751055,18.9402,14.2698,16.796499999999998,12.586,18.9402,True,True,nan,0,ok
ingenua,100.0,0.1,237.0,0.5,5.0,10.548523206751055,19.9848,15.090900000000001,17.8332,13.4005,19.9848,True,True,nan,0,ok
ingenua,100.0,0.1,237.0,0.7,4.75,14.767932489451477,18.9402,1.90304e-06,4.6806e-06,2.32815e-06,18.9402,False,False,nan,0,ok
ingenua,100.0,0.1,237.0,0.7,5.0,14.767932489451477,19.9848,15.090900000000001,17.8332,13.4005,19.9848,True,False,67.00000000000108,0,ok
ingenua,100.0,0.1,261.0,0.1,4.75,1.9157088122605364,17.2149,12.600399999999999,15.2774,11.1152,17.2149,True,True,nan,0,ok
ingenua,100.0,0.1,261.0,0.1,5.0,1.9157088122605364,18.1636,13.3282,16.2193,11.8375,18.1636,True,True,nan,0,ok
ingenua,100.0,0.1,261.0,0.3,4.75,5.747126436781609,17.2149,12.600399999999999,15.2774,11.1152,17.2149,True,True,nan,0,ok
ingenua,100.0,0.1,261.0,0.3,5.0,5.747126436781609,18.1636,13.3282,16.2193,11.8375,18.1636,True,True,nan,0,ok
ingenua,100.0,0.1,261.0,0.5,4.75,9.578544061302681,17.2149,12.600399999999999,15.2774,11.1152,17.2149,True,True,nan,0,ok
ingenua,100.0,0.1,261.0,0.5,5.0,9.578544061302681,18.1636,13.3282,16.2193,11.8375,18.1636,True,True,nan,0,ok
ingenua,100.0,0.1,261.0,0.7,4.75,13.409961685823756,17.2149,2.79451e-06,4.68059e-06,2.32815e-06,17.2149,False,False,nan,0,ok
ingenua,100.0,0.1,261.0,0.7,5.0,13.409961685823756,18.1636,1.7574199999999998e-06,4.92945e-06,2.45083e-06,18.1636,False,False,nan,0,ok
ingenua,100.0,0.3,213.0,0.1,4.75,2.347417840375587,21.0517,9.45837,18.6534,8.21025,21.0517,True,True,nan,0,ok
ingenua,100.0,0.3,213.0,0.1,5.0,2.347417840375587,22.2137,10.0639,19.806,8.81011,22.2137,True,True,nan,0,ok
ingenua,100.0,0.3,213.0,0.3,4.75,7.042253521126761,21.0517,9.45837,18.6534,8.21025,21.0517,True,True,nan,0,ok
ingenua,100.0,0.3,213.0,0.3,5.0,7.042253521126761,22.2137,10.0639,19.806,8.81011,22.2137,True,True,nan,0,ok
ingenua,100.0,0.3,213.0,0.5,4.75,11.737089201877934,21.0517,7.06891e-07,4.6806099999999996e-06,2.3281599999999997e-06,21.0517,False,False,nan,0,ok
ingenua,100.0,0.3,213.0,0.5,5.0,11.737089201877934,22.2137,4.70323e-06,4.92946e-06,2.45084e-06,22.2137,False,False,nan,0,ok
ingenua,100.0,0.3,213.0,0.7,4.75,16.431924882629108,21.0517,7.06891e-07,4.6806099999999996e-06,2.3281599999999997e-06,21.0517,False,False,nan,0,ok
ingenua,100.0,0.3,213.0,0.7,5.0,16.431924882629108,22.2137,4.70327e-06,4.92946e-06,2.45084e-06,22.2137,False,False,nan,0,ok
ingenua,100.0,0.3,237.0,0.1,4.75,2.109704641350211,18.9402,7.72229,16.796499999999998,6.685919999999999,18.9402,True,True,nan,0,ok
ingenua,100.0,0.3,237.0,0.1,5.0,2.109704641350211,19.9848,8.228,17.8332,7.18701,19.9848,True,True,nan,0,ok
ingenua,100.0,0.3,237.0,0.3,4.75,6.329113924050633,18.9402,7.72229,16.796499999999998,6.685919999999999,18.9402,True,True,nan,0,ok
ingenua,100.0,0.3,237.0,0.3,5.0,6.329113924050633,19.9848,8.228,17.8332,7.18701,19.9848,True,True,nan,0,ok
ingenua,100.0,0.3,237.0,0.5,4.75,10.548523206751055,18.9402,1.9030300000000002e-06,4.6806e-06,2.32815e-06,18.9402,False,False,nan,0,ok
ingenua,100.0,0.3,237.0,0.5,5.0,10.548523206751055,19.9848,1.10434e-06,4.92945e-06,2.45083e-06,19.9848,False,False,nan,0,ok
ingenua,100.0,0.3,237.0,0.7,4.75,14.767932489451477,18.9402,1.90305e-06,4.6806e-06,2.32815e-06,18.9402,False,False,nan,0,ok
ingenua,100.0,0.3,237.0,0.7,5.0,14.767932489451477,19.9848,1.10434e-06,4.92945e-06,2.45083e-06,19.9848,False,False,nan,0,ok
ingenua,100.0,0.3,261.0,0.1,4.75,1.9157088122605364,17.2149,6.35518,15.2774,5.4851600000000005,17.2149,True,True,nan,0,ok
ingenua,100.0,0.3,261.0,0.1,5.0,1.9157088122605364,18.1636,6.78179,16.2193,5.90792,18.1636,True,True,nan,0,ok
ingenua,100.0,0.3,261.0,0.3,4.75,5.747126436781609,17.2149,6.35518,15.2774,5.4851600000000005,17.2149,True,False,288.40000000000117,0,ok
ingenua,100.0,0.3,261.0,0.3,5.0,5.747126436781609,18.1636,6.78179,16.2193,5.90792,18.1636,True,True,nan,0,ok
ingenua,100.0,0.3,261.0,0.5,4.75,9.578544061302681,17.2149,2.7944999999999997e-06,4.68059e-06,2.32815e-06,17.2149,False,False,nan,0,ok
ingenua,100.0,0.3,261.0,0.5,5.0,9.578544061302681,18.1636,1.7574199999999998e-06,4.92945e-06,2.45083e-06,18.1636,False,False,nan,0,ok
ingenua,100.0,0.3,261.0,0.7,4.75,13.409961685823756,17.2149,2.7945299999999997e-06,4.68059e-06,2.32815e-06,17.2149,False,False,nan,0,ok
ingenua,100.0,0.3,261.0,0.7,5.0,13.409961685823756,18.1636,1.7574199999999998e-06,4.92945e-06,2.45083e-06,18.1636,False,False,nan,0,ok
ingenua,100.0,1.0,213.0,0.1,4.75,2.347417840375587,21.0517,-1.49492e-06,4.6806099999999996e-06,2.3281599999999997e-06,21.0517,False,False,nan,0,ok
ingenua,100.0,1.0,213.0,0.1,5.0,2.347417840375587,22.2137,2.4135600000000002e-06,4.92946e-06,2.45084e-06,22.2137,False,False,nan,0,ok
ingenua,100.0,1.0,213.0,0.3,4.75,7.042253521126761,21.0517,-1.49492e-06,4.6806099999999996e-06,2.3281599999999997e-06,21.0517,False,False,nan,0,ok
ingenua,100.0,1.0,213.0,0.3,5.0,7.042253521126761,22.2137,2.41399e-06,4.92946e-06,2.45084e-06,22.2137,False,False,nan,0,ok
ingenua,100.0,1.0,213.0,0.5,4.75,11.737089201877934,21.0517,-1.49492e-06,4.6806099999999996e-06,2.3281599999999997e-06,21.0517,False,False,nan,0,ok
ingenua,100.0,1.0,213.0,0.5,5.0,11.737089201877934,22.2137,2.41407e-06,4.92946e-06,2.45084e-06,22.2137,False,False,nan,0,ok
ingenua,100.0,1.0,213.0,0.7,4.75,16.431924882629108,21.0517,-1.49492e-06,4.6806099999999996e-06,2.3281599999999997e-06,21.0517,False,False,nan,0,ok
ingenua,100.0,1.0,213.0,0.7,5.0,16.431924882629108,22.2137,2.4141000000000003e-06,4.92946e-06,2.45084e-06,22.2137,False,False,nan,0,ok
ingenua,100.0,1.0,237.0,0.1,4.75,2.109704641350211,18.9402,-3.04116e-07,4.6806e-06,2.32815e-06,18.9402,False,False,nan,0,ok
ingenua,100.0,1.0,237.0,0.1,5.0,2.109704641350211,19.9848,-1.21493e-06,4.92945e-06,2.45083e-06,19.9848,False,False,nan,0,ok
ingenua,100.0,1.0,237.0,0.3,4.75,6.329113924050633,18.9402,-3.03909e-07,4.6806e-06,2.32815e-06,18.9402,False,False,nan,0,ok
ingenua,100.0,1.0,237.0,0.3,5.0,6.329113924050633,19.9848,-1.215e-06,4.92945e-06,2.45083e-06,19.9848,False,False,nan,0,ok
ingenua,100.0,1.0,237.0,0.5,4.75,10.548523206751055,18.9402,-3.0387299999999996e-07,4.6806e-06,2.32815e-06,18.9402,False,False,nan,0,ok
ingenua,100.0,1.0,237.0,0.5,5.0,10.548523206751055,19.9848,-1.2150099999999999e-06,4.92945e-06,2.45083e-06,19.9848,False,False,nan,0,ok
ingenua,100.0,1.0,237.0,0.7,4.75,14.767932489451477,18.9402,-3.0386e-07,4.6806e-06,2.32815e-06,18.9402,False,False,nan,0,ok
ingenua,100.0,1.0,237.0,0.7,5.0,14.767932489451477,19.9848,-1.2150099999999999e-06,4.92945e-06,2.45083e-06,19.9848,False,False,nan,0,ok
ingenua,100.0,1.0,261.0,0.1,4.75,1.9157088122605364,17.2149,5.84198e-07,4.68059e-06,2.32815e-06,17.2149,False,False,nan,0,ok
ingenua,100.0,1.0,261.0,0.1,5.0,1.9157088122605364,18.1636,-5.61756e-07,4.92945e-06,2.45083e-06,18.1636,False,False,nan,0,ok
ingenua,100.0,1.0,261.0,0.3,4.75,5.747126436781609,17.2149,5.84534e-07,4.68059e-06,2.32815e-06,17.2149,False,False,nan,0,ok
ingenua,100.0,1.0,261.0,0.3,5.0,5.747126436781609,18.1636,-5.61875e-07,4.92945e-06,2.45083e-06,18.1636,False,False,nan,0,ok
ingenua,100.0,1.0,261.0,0.5,4.75,9.578544061302681,17.2149,5.84592e-07,4.68059e-06,2.32815e-06,17.2149,False,False,nan,0,ok
ingenua,100.0,1.0,261.0,0.5,5.0,9.578544061302681,18.1636,-5.618949999999999e-07,4.92945e-06,2.45083e-06,18.1636,False,False,nan,0,ok
ingenua,100.0,1.0,261.0,0.7,4.75,13.409961685823756,17.2149,5.84614e-07,4.68059e-06,2.32815e-06,17.2149,False,False,nan,0,ok
ingenua,100.0,1.0,261.0,0.7,5.0,13.409961685823756,18.1636,-5.61902e-07,4.92945e-06,2.45083e-06,18.1636,False,False,nan,0,ok
ingenua,100.0,3.0,213.0,0.1,4.75,2.347417840375587,21.0517,-1.49492e-06,4.6806099999999996e-06,2.3281599999999997e-06,21.0517,False,False,nan,0,ok
ingenua,100.0,3.0,213.0,0.1,5.0,2.347417840375587,22.2137,2.369e-06,4.92946e-06,2.45084e-06,22.2137,False,False,nan,0,ok
ingenua,100.0,3.0,213.0,0.3,4.75,7.042253521126761,21.0517,-1.49492e-06,4.6806099999999996e-06,2.3281599999999997e-06,21.0517,False,False,nan,0,ok
ingenua,100.0,3.0,213.0,0.3,5.0,7.042253521126761,22.2137,2.36958e-06,4.92946e-06,2.45084e-06,22.2137,False,False,nan,0,ok
ingenua,100.0,3.0,213.0,0.5,4.75,11.737089201877934,21.0517,-1.49492e-06,4.6806099999999996e-06,2.3281599999999997e-06,21.0517,False,False,nan,0,ok
ingenua,100.0,3.0,213.0,0.5,5.0,11.737089201877934,22.2137,2.3696800000000002e-06,4.92946e-06,2.45084e-06,22.2137,False,False,nan,0,ok
ingenua,100.0,3.0,213.0,0.7,4.75,16.431924882629108,21.0517,-1.49492e-06,4.6806099999999996e-06,2.3281599999999997e-06,21.0517,False,False,nan,0,ok
ingenua,100.0,3.0,213.0,0.7,5.0,16.431924882629108,22.2137,2.36972e-06,4.92946e-06,2.45084e-06,22.2137,False,False,nan,0,ok
ingenua,100.0,3.0,237.0,0.1,4.75,2.109704641350211,18.9402,-3.04116e-07,4.6806e-06,2.32815e-06,18.9402,False,False,nan,0,ok
ingenua,100.0,3.0,237.0,0.1,5.0,2.109704641350211,19.9848,-1.21493e-06,4.92945e-06,2.45083e-06,19.9848,False,False,nan,0,ok
ingenua,100.0,3.0,237.0,0.3,4.75,6.329113924050633,18.9402,-3.03909e-07,4.6806e-06,2.32815e-06,18.9402,False,False,nan,0,ok
ingenua,100.0,3.0,237.0,0.3,5.0,6.329113924050633,19.9848,-1.215e-06,4.92945e-06,2.45083e-06,19.9848,False,False,nan,0,ok
ingenua,100.0,3.0,237.0,0.5,4.75,10.548523206751055,18.9402,-3.0387299999999996e-07,4.6806e-06,2.32815e-06,18.9402,False,False,nan,0,ok
ingenua,100.0,3.0,237.0,0.5,5.0,10.548523206751055,19.9848,-1.2150099999999999e-06,4.92945e-06,2.45083e-06,19.9848,False,False,nan,0,ok
ingenua,100.0,3.0,237.0,0.7,4.75,14.767932489451477,18.9402,-3.0386e-07,4.6806e-06,2.32815e-06,18.9402,False,False,nan,0,ok
ingenua,100.0,3.0,237.0,0.7,5.0,14.767932489451477,19.9848,-1.2150099999999999e-06,4.92945e-06,2.45083e-06,19.9848,False,False,nan,0,ok
ingenua,100.0,3.0,261.0,0.1,4.75,1.9157088122605364,17.2149,5.84198e-07,4.68059e-06,2.32815e-06,17.2149,False,False,nan,0,ok
ingenua,100.0,3.0,261.0,0.1,5.0,1.9157088122605364,18.1636,-5.61756e-07,4.92945e-06,2.45083e-06,18.1636,False,False,nan,0,ok
ingenua,100.0,3.0,261.0,0.3,4.75,5.747126436781609,17.2149,5.84534e-07,4.68059e-06,2.32815e-06,17.2149,False,False,nan,0,ok
ingenua,100.0,3.0,261.0,0.3,5.0,5.747126436781609,18.1636,-5.61875e-07,4.92945e-06,2.45083e-06,18.1636,False,False,nan,0,ok
ingenua,100.0,3.0,261.0,0.5,4.75,9.578544061302681,17.2149,5.84592e-07,4.68059e-06,2.32815e-06,17.2149,False,False,nan,0,ok
ingenua,100.0,3.0,261.0,0.5,5.0,9.578544061302681,18.1636,-5.618949999999999e-07,4.92945e-06,2.45083e-06,18.1636,False,False,nan,0,ok
ingenua,100.0,3.0,261.0,0.7,4.75,13.409961685823756,17.2149,5.84614e-07,4.68059e-06,2.32815e-06,17.2149,False,False,nan,0,ok
ingenua,100.0,3.0,261.0,0.7,5.0,13.409961685823756,18.1636,-5.61902e-07,4.92945e-06,2.45083e-06,18.1636,False,False,nan,0,ok
ingenua,200.0,0.1,213.0,0.1,4.75,2.347417840375587,21.0517,18.56,18.6534,16.408099999999997,21.0517,True,True,nan,0,ok
ingenua,200.0,0.1,213.0,0.1,5.0,2.347417840375587,22.2137,19.602899999999998,19.806,17.4424,22.2137,True,True,nan,0,ok
ingenua,200.0,0.1,213.0,0.3,4.75,7.042253521126761,21.0517,18.56,18.6534,16.408099999999997,21.0517,True,True,nan,0,ok
ingenua,200.0,0.1,213.0,0.3,5.0,7.042253521126761,22.2137,19.602899999999998,19.806,17.4424,22.2137,True,True,nan,0,ok
ingenua,200.0,0.1,213.0,0.5,4.75,11.737089201877934,21.0517,18.56,18.6534,16.408099999999997,21.0517,True,True,nan,0,ok
ingenua,200.0,0.1,213.0,0.5,5.0,11.737089201877934,22.2137,19.602899999999998,19.806,17.4424,22.2137,True,True,nan,0,ok
ingenua,200.0,0.1,213.0,0.7,4.75,16.431924882629108,21.0517,18.56,18.6534,16.408099999999997,21.0517,True,False,99.3999999999995,0,ok
ingenua,200.0,0.1,213.0,0.7,5.0,16.431924882629108,22.2137,19.602899999999998,19.806,17.4424,22.2137,True,True,nan,0,ok
ingenua,200.0,0.1,237.0,0.1,4.75,2.109704641350211,18.9402,16.4644,16.796499999999998,14.5642,18.9402,True,True,nan,0,ok
ingenua,200.0,0.1,237.0,0.1,5.0,2.109704641350211,19.9848,17.3906,17.8332,15.4833,19.9848,True,True,nan,0,ok
ingenua,200.0,0.1,237.0,0.3,4.75,6.329113924050633,18.9402,16.4644,16.796499999999998,14.5642,18.9402,True,True,nan,0,ok
ingenua,200.0,0.1,237.0,0.3,5.0,6.329113924050633,19.9848,17.3906,17.8332,15.4833,19.9848,True,True,nan,0,ok
ingenua,200.0,0.1,237.0,0.5,4.75,10.548523206751055,18.9402,16.4644,16.796499999999998,14.5642,18.9402,True,True,nan,0,ok
ingenua,200.0,0.1,237.0,0.5,5.0,10.548523206751055,19.9848,17.3906,17.8332,15.4833,19.9848,True,True,nan,0,ok
ingenua,200.0,0.1,237.0,0.7,4.75,14.767932489451477,18.9402,16.4644,16.796499999999998,14.5642,18.9402,True,False,90.9000000000014,0,ok
ingenua,200.0,0.1,237.0,0.7,5.0,14.767932489451477,19.9848,17.3906,17.8332,15.4833,19.9848,True,True,nan,0,ok
ingenua,200.0,0.1,261.0,0.1,4.75,1.9157088122605364,17.2149,14.754700000000001,15.2774,13.0581,17.2149,True,True,nan,0,ok
ingenua,200.0,0.1,261.0,0.1,5.0,1.9157088122605364,18.1636,15.5857,16.2193,13.883,18.1636,True,True,nan,0,ok
ingenua,200.0,0.1,261.0,0.3,4.75,5.747126436781609,17.2149,14.754700000000001,15.2774,13.0581,17.2149,True,True,nan,0,ok
ingenua,200.0,0.1,261.0,0.3,5.0,5.747126436781609,18.1636,15.5857,16.2193,13.883,18.1636,True,True,nan,0,ok
ingenua,200.0,0.1,261.0,0.5,4.75,9.578544061302681,17.2149,14.754700000000001,15.2774,13.0581,17.2149,True,True,nan,0,ok
ingenua,200.0,0.1,261.0,0.5,5.0,9.578544061302681,18.1636,15.5857,16.2193,13.883,18.1636,True,True,nan,0,ok
ingenua,200.0,0.1,261.0,0.7,4.75,13.409961685823756,17.2149,14.754700000000001,15.2774,13.0581,17.2149,True,False,83.80000000000193,0,ok
ingenua,200.0,0.1,261.0,0.7,5.0,13.409961685823756,18.1636,15.5857,16.2193,13.883,18.1636,True,True,nan,0,ok
ingenua,200.0,0.3,213.0,0.1,4.75,2.347417840375587,21.0517,14.318100000000001,18.6534,12.5862,21.0517,True,True,nan,0,ok
ingenua,200.0,0.3,213.0,0.1,5.0,2.347417840375587,22.2137,15.1577,19.806,13.4186,22.2137,True,True,nan,0,ok
ingenua,200.0,0.3,213.0,0.3,4.75,7.042253521126761,21.0517,14.318100000000001,18.6534,12.5862,21.0517,True,True,nan,0,ok
ingenua,200.0,0.3,213.0,0.3,5.0,7.042253521126761,22.2137,15.1577,19.806,13.4186,22.2137,True,True,nan,0,ok
ingenua,200.0,0.3,213.0,0.5,4.75,11.737089201877934,21.0517,14.318100000000001,18.6534,12.5862,21.0517,True,True,nan,0,ok
ingenua,200.0,0.3,213.0,0.5,5.0,11.737089201877934,22.2137,15.1577,19.806,13.4186,22.2137,True,True,nan,0,ok
ingenua,200.0,0.3,213.0,0.7,4.75,16.431924882629108,21.0517,3.8113300000000002e-06,4.6806099999999996e-06,2.27263e-06,21.0517,False,False,nan,0,ok
ingenua,200.0,0.3,213.0,0.7,5.0,16.431924882629108,22.2137,2.01617e-06,4.92946e-06,2.39269e-06,22.2137,False,False,nan,0,ok
ingenua,200.0,0.3,237.0,0.1,4.75,2.109704641350211,18.9402,12.324399999999999,16.796499999999998,10.831999999999999,18.9402,True,True,nan,0,ok
ingenua,200.0,0.3,237.0,0.1,5.0,2.109704641350211,19.9848,13.052,17.8332,11.5537,19.9848,True,True,nan,0,ok
ingenua,200.0,0.3,237.0,0.3,4.75,6.329113924050633,18.9402,12.324399999999999,16.796499999999998,10.831999999999999,18.9402,True,True,nan,0,ok
ingenua,200.0,0.3,237.0,0.3,5.0,6.329113924050633,19.9848,13.052,17.8332,11.5537,19.9848,True,True,nan,0,ok
ingenua,200.0,0.3,237.0,0.5,4.75,10.548523206751055,18.9402,12.324399999999999,16.796499999999998,10.831999999999999,18.9402,True,True,nan,0,ok
ingenua,200.0,0.3,237.0,0.5,5.0,10.548523206751055,19.9848,13.052,17.8332,11.5537,19.9848,True,True,nan,0,ok
ingenua,200.0,0.3,237.0,0.7,4.75,14.767932489451477,18.9402,1.13239e-06,4.6806e-06,2.27263e-06,18.9402,False,False,nan,0,ok
ingenua,200.0,0.3,237.0,0.7,5.0,14.767932489451477,19.9848,1.48196e-06,4.92945e-06,2.39269e-06,19.9848,False,False,nan,0,ok
ingenua,200.0,0.3,261.0,0.1,4.75,1.9157088122605364,17.2149,10.7137,15.2774,9.41341,17.2149,True,True,nan,0,ok
ingenua,200.0,0.3,261.0,0.1,5.0,1.9157088122605364,18.1636,11.350900000000001,16.2193,10.0456,18.1636,True,True,nan,0,ok
ingenua,200.0,0.3,261.0,0.3,4.75,5.747126436781609,17.2149,10.7137,15.2774,9.41341,17.2149,True,True,nan,0,ok
ingenua,200.0,0.3,261.0,0.3,5.0,5.747126436781609,18.1636,11.350900000000001,16.2193,10.0456,18.1636,True,True,nan,0,ok
ingenua,200.0,0.3,261.0,0.5,4.75,9.578544061302681,17.2149,10.7137,15.2774,9.41341,17.2149,True,False,290.2000000000009,0,ok
ingenua,200.0,0.3,261.0,0.5,5.0,9.578544061302681,18.1636,11.350900000000001,16.2193,10.0456,18.1636,True,True,nan,0,ok
ingenua,200.0,0.3,261.0,0.7,4.75,13.409961685823756,17.2149,1.18974e-06,4.68059e-06,2.2726199999999998e-06,17.2149,False,False,nan,0,ok
ingenua,200.0,0.3,261.0,0.7,5.0,13.409961685823756,18.1636,1.75557e-06,4.92945e-06,2.39268e-06,18.1636,False,False,nan,0,ok
ingenua,200.0,1.0,213.0,0.1,4.75,2.347417840375587,21.0517,5.02663,18.6534,4.224819999999999,21.0517,True,True,nan,0,ok
ingenua,200.0,1.0,213.0,0.1,5.0,2.347417840375587,22.2137,5.41611,19.806,4.6098,22.2137,True,True,nan,0,ok
ingenua,200.0,1.0,213.0,0.3,4.75,7.042253521126761,21.0517,3.8112e-06,4.6806099999999996e-06,2.27263e-06,21.0517,False,False,nan,0,ok
ingenua,200.0,1.0,213.0,0.3,5.0,7.042253521126761,22.2137,2.01613e-06,4.92946e-06,2.39269e-06,22.2137,False,False,nan,0,ok
ingenua,200.0,1.0,213.0,0.5,4.75,11.737089201877934,21.0517,3.81135e-06,4.6806099999999996e-06,2.27263e-06,21.0517,False,False,nan,0,ok
ingenua,200.0,1.0,213.0,0.5,5.0,11.737089201877934,22.2137,2.01618e-06,4.92946e-06,2.39269e-06,22.2137,False,False,nan,0,ok
ingenua,200.0,1.0,213.0,0.7,4.75,16.431924882629108,21.0517,3.8114100000000003e-06,4.6806099999999996e-06,2.27263e-06,21.0517,False,False,nan,0,ok
ingenua,200.0,1.0,213.0,0.7,5.0,16.431924882629108,22.2137,2.0162000000000003e-06,4.92946e-06,2.39269e-06,22.2137,False,False,nan,0,ok
ingenua,200.0,1.0,237.0,0.1,4.75,2.109704641350211,18.9402,3.70318,16.796499999999998,3.07152,18.9402,True,True,nan,0,ok
ingenua,200.0,1.0,237.0,0.1,5.0,2.109704641350211,19.9848,4.01201,17.8332,3.37661,19.9848,True,True,nan,0,ok
ingenua,200.0,1.0,237.0,0.3,4.75,6.329113924050633,18.9402,1.1324e-06,4.6806e-06,2.27263e-06,18.9402,False,False,nan,0,ok
ingenua,200.0,1.0,237.0,0.3,5.0,6.329113924050633,19.9848,1.48195e-06,4.92945e-06,2.39269e-06,19.9848,False,False,nan,0,ok
ingenua,200.0,1.0,237.0,0.5,4.75,10.548523206751055,18.9402,1.13239e-06,4.6806e-06,2.27263e-06,18.9402,False,False,nan,0,ok
ingenua,200.0,1.0,237.0,0.5,5.0,10.548523206751055,19.9848,1.48197e-06,4.92945e-06,2.39269e-06,19.9848,False,False,nan,0,ok
ingenua,200.0,1.0,237.0,0.7,4.75,14.767932489451477,18.9402,1.13239e-06,4.6806e-06,2.27263e-06,18.9402,False,False,nan,0,ok
ingenua,200.0,1.0,237.0,0.7,5.0,14.767932489451477,19.9848,1.48198e-06,4.92945e-06,2.39269e-06,19.9848,False,False,nan,0,ok
ingenua,200.0,1.0,261.0,0.1,4.75,1.9157088122605364,17.2149,2.71121,15.2774,2.20879,17.2149,True,True,nan,0,ok
ingenua,200.0,1.0,261.0,0.1,5.0,1.9157088122605364,18.1636,2.9582900000000003,16.2193,2.4526499999999998,18.1636,True,True,nan,0,ok
ingenua,200.0,1.0,261.0,0.3,4.75,5.747126436781609,17.2149,1.18974e-06,4.68059e-06,2.2726199999999998e-06,17.2149,False,False,nan,0,ok
ingenua,200.0,1.0,261.0,0.3,5.0,5.747126436781609,18.1636,1.75558e-06,4.92945e-06,2.39268e-06,18.1636,False,False,nan,0,ok
ingenua,200.0,1.0,261.0,0.5,4.75,9.578544061302681,17.2149,1.18975e-06,4.68059e-06,2.2726199999999998e-06,17.2149,False,False,nan,0,ok
ingenua,200.0,1.0,261.0,0.5,5.0,9.578544061302681,18.1636,1.75555e-06,4.92945e-06,2.39268e-06,18.1636,False,False,nan,0,ok
ingenua,200.0,1.0,261.0,0.7,4.75,13.409961685823756,17.2149,1.18975e-06,4.68059e-06,2.2726199999999998e-06,17.2149,False,False,nan,0,ok
ingenua,200.0,1.0,261.0,0.7,5.0,13.409961685823756,18.1636,1.75554e-06,4.92945e-06,2.39268e-06,18.1636,False,False,nan,0,ok
ingenua,200.0,3.0,213.0,0.1,4.75,2.347417840375587,21.0517,1.58601e-06,4.6806099999999996e-06,2.27263e-06,21.0517,False,False,nan,0,ok
ingenua,200.0,3.0,213.0,0.1,5.0,2.347417840375587,22.2137,-3.10747e-07,4.92946e-06,2.39269e-06,22.2137,False,False,nan,0,ok
ingenua,200.0,3.0,213.0,0.3,4.75,7.042253521126761,21.0517,1.59156e-06,4.6806099999999996e-06,2.27263e-06,21.0517,False,False,nan,0,ok
ingenua,200.0,3.0,213.0,0.3,5.0,7.042253521126761,22.2137,-3.1047700000000003e-07,4.92946e-06,2.39269e-06,22.2137,False,False,nan,0,ok
ingenua,200.0,3.0,213.0,0.5,4.75,11.737089201877934,21.0517,1.59171e-06,4.6806099999999996e-06,2.27263e-06,21.0517,False,False,nan,0,ok
ingenua,200.0,3.0,213.0,0.5,5.0,11.737089201877934,22.2137,-3.1042900000000003e-07,4.92946e-06,2.39269e-06,22.2137,False,False,nan,0,ok
ingenua,200.0,3.0,213.0,0.7,4.75,16.431924882629108,21.0517,1.59177e-06,4.6806099999999996e-06,2.27263e-06,21.0517,False,False,nan,0,ok
ingenua,200.0,3.0,213.0,0.7,5.0,16.431924882629108,22.2137,-3.10411e-07,4.92946e-06,2.39269e-06,22.2137,False,False,nan,0,ok
ingenua,200.0,3.0,237.0,0.1,4.75,2.109704641350211,18.9402,-1.06887e-06,4.6806e-06,2.27263e-06,18.9402,False,False,nan,0,ok
ingenua,200.0,3.0,237.0,0.1,5.0,2.109704641350211,19.9848,-8.38634e-07,4.92945e-06,2.39269e-06,19.9848,False,False,nan,0,ok
ingenua,200.0,3.0,237.0,0.3,4.75,6.329113924050633,18.9402,-1.06894e-06,4.6806e-06,2.27263e-06,18.9402,False,False,nan,0,ok
ingenua,200.0,3.0,237.0,0.3,5.0,6.329113924050633,19.9848,-8.38543e-07,4.92945e-06,2.39269e-06,19.9848,False,False,nan,0,ok
ingenua,200.0,3.0,237.0,0.5,4.75,10.548523206751055,18.9402,-1.06895e-06,4.6806e-06,2.27263e-06,18.9402,False,False,nan,0,ok
ingenua,200.0,3.0,237.0,0.5,5.0,10.548523206751055,19.9848,-8.38527e-07,4.92945e-06,2.39269e-06,19.9848,False,False,nan,0,ok
ingenua,200.0,3.0,237.0,0.7,4.75,14.767932489451477,18.9402,-1.06895e-06,4.6806e-06,2.27263e-06,18.9402,False,False,nan,0,ok
ingenua,200.0,3.0,237.0,0.7,5.0,14.767932489451477,19.9848,-8.38521e-07,4.92945e-06,2.39269e-06,19.9848,False,False,nan,0,ok
ingenua,200.0,3.0,261.0,0.1,4.75,1.9157088122605364,17.2149,-1.01398e-06,4.68059e-06,2.2726199999999998e-06,17.2149,False,False,nan,0,ok
ingenua,200.0,3.0,261.0,0.1,5.0,1.9157088122605364,18.1636,-5.62639e-07,4.92945e-06,2.39268e-06,18.1636,False,False,nan,0,ok
ingenua,200.0,3.0,261.0,0.3,4.75,5.747126436781609,17.2149,-1.0139199999999999e-06,4.68059e-06,2.2726199999999998e-06,17.2149,False,False,nan,0,ok
ingenua,200.0,3.0,261.0,0.3,5.0,5.747126436781609,18.1636,-5.62804e-07,4.92945e-06,2.39268e-06,18.1636,False,False,nan,0,ok
ingenua,200.0,3.0,261.0,0.5,4.75,9.578544061302681,17.2149,-1.01391e-06,4.68059e-06,2.2726199999999998e-06,17.2149,False,False,nan,0,ok
ingenua,200.0,3.0,261.0,0.5,5.0,9.578544061302681,18.1636,-5.62833e-07,4.92945e-06,2.39268e-06,18.1636,False,False,nan,0,ok
ingenua,200.0,3.0,261.0,0.7,4.75,13.409961685823756,17.2149,-1.01391e-06,4.68059e-06,2.2726199999999998e-06,17.2149,False,False,nan,0,ok
ingenua,200.0,3.0,261.0,0.7,5.0,13.409961685823756,18.1636,-5.628430000000001e-07,4.92945e-06,2.39268e-06,18.1636,False,False,nan,0,ok
progetto,5.0,0.1,213.0,0.1,4.75,2.347417840375587,22.2587,22.2587,22.2587,22.2587,22.2587,True,True,nan,0,ok
progetto,5.0,0.1,213.0,0.1,5.0,2.347417840375587,23.430200000000003,23.430200000000003,23.430200000000003,23.430200000000003,23.430200000000003,True,True,nan,0,ok
progetto,5.0,0.1,213.0,0.3,4.75,7.042253521126761,22.2587,22.2587,22.2587,22.2587,22.2587,True,True,nan,0,ok
progetto,5.0,0.1,213.0,0.3,5.0,7.042253521126761,23.430200000000003,23.430200000000003,23.430200000000003,23.430200000000003,23.430200000000003,True,True,nan,0,ok
progetto,5.0,0.1,213.0,0.5,4.75,11.737089201877934,22.2587,22.2587,22.2587,22.2587,22.2587,True,True,nan,0,ok
progetto,5.0,0.1,213.0,0.5,5.0,11.737089201877934,23.430200000000003,23.430200000000003,23.430200000000003,23.430200000000003,23.430200000000003,True,True,nan,0,ok
progetto,5.0,0.1,213.0,0.7,4.75,16.431924882629108,22.2587,22.2587,22.2587,22.2587,22.2587,True,True,nan,0,ok
progetto,5.0,0.1,213.0,0.7,5.0,16.431924882629108,23.430200000000003,23.430200000000003,23.430200000000003,23.430200000000003,23.430200000000003,True,True,nan,0,ok
progetto,5.0,0.1,237.0,0.1,4.75,2.109704641350211,20.008399999999998,20.008399999999998,20.008399999999998,20.008399999999998,20.008399999999998,True,True,nan,0,ok
progetto,5.0,0.1,237.0,0.1,5.0,2.109704641350211,21.0615,21.0615,21.0615,21.0615,21.0615,True,True,nan,0,ok
progetto,5.0,0.1,237.0,0.3,4.75,6.329113924050633,20.008399999999998,20.008399999999998,20.008399999999998,20.008399999999998,20.008399999999998,True,True,nan,0,ok
progetto,5.0,0.1,237.0,0.3,5.0,6.329113924050633,21.0615,21.0615,21.0615,21.0615,21.0615,True,True,nan,0,ok
progetto,5.0,0.1,237.0,0.5,4.75,10.548523206751055,20.008399999999998,20.008399999999998,20.008399999999998,20.008399999999998,20.008399999999998,True,True,nan,0,ok
progetto,5.0,0.1,237.0,0.5,5.0,10.548523206751055,21.0615,21.0615,21.0615,21.0615,21.0615,True,True,nan,0,ok
progetto,5.0,0.1,237.0,0.7,4.75,14.767932489451477,20.008399999999998,20.008399999999998,20.008399999999998,20.008399999999998,20.008399999999998,True,True,nan,0,ok
progetto,5.0,0.1,237.0,0.7,5.0,14.767932489451477,21.0615,21.0615,21.0615,21.0615,21.0615,True,True,nan,0,ok
progetto,5.0,0.1,261.0,0.1,4.75,1.9157088122605364,18.171400000000002,18.171400000000002,18.171400000000002,18.171400000000002,18.171400000000002,True,True,nan,0,ok
progetto,5.0,0.1,261.0,0.1,5.0,1.9157088122605364,19.1278,19.1278,19.1278,19.1278,19.1278,True,True,nan,0,ok
progetto,5.0,0.1,261.0,0.3,4.75,5.747126436781609,18.171400000000002,18.171400000000002,18.171400000000002,18.171400000000002,18.171400000000002,True,True,nan,0,ok
progetto,5.0,0.1,261.0,0.3,5.0,5.747126436781609,19.1278,19.1278,19.1278,19.1278,19.1278,True,True,nan,0,ok
progetto,5.0,0.1,261.0,0.5,4.75,9.578544061302681,18.171400000000002,18.171400000000002,18.171400000000002,18.171400000000002,18.171400000000002,True,True,nan,0,ok
progetto,5.0,0.1,261.0,0.5,5.0,9.578544061302681,19.1278,19.1278,19.1278,19.1278,19.1278,True,True,nan,0,ok
progetto,5.0,0.1,261.0,0.7,4.75,13.409961685823756,18.171400000000002,18.171400000000002,18.171400000000002,18.171400000000002,18.171400000000002,True,True,nan,0,ok
progetto,5.0,0.1,261.0,0.7,5.0,13.409961685823756,19.1278,19.1278,19.1278,19.1278,19.1278,True,True,nan,0,ok
progetto,5.0,0.3,213.0,0.1,4.75,2.347417840375587,22.2587,22.2587,22.2587,22.2587,22.2587,True,True,nan,0,ok
progetto,5.0,0.3,213.0,0.1,5.0,2.347417840375587,23.430200000000003,23.430200000000003,23.430200000000003,23.430200000000003,23.430200000000003,True,True,nan,0,ok
progetto,5.0,0.3,213.0,0.3,4.75,7.042253521126761,22.2587,22.2587,22.2587,22.2587,22.2587,True,True,nan,0,ok
progetto,5.0,0.3,213.0,0.3,5.0,7.042253521126761,23.430200000000003,23.430200000000003,23.430200000000003,23.430200000000003,23.430200000000003,True,True,nan,0,ok
progetto,5.0,0.3,213.0,0.5,4.75,11.737089201877934,22.2587,22.2587,22.2587,22.2587,22.2587,True,True,nan,0,ok
progetto,5.0,0.3,213.0,0.5,5.0,11.737089201877934,23.430200000000003,23.430200000000003,23.430200000000003,23.430200000000003,23.430200000000003,True,True,nan,0,ok
progetto,5.0,0.3,213.0,0.7,4.75,16.431924882629108,22.2587,22.2587,22.2587,22.2587,22.2587,True,True,nan,0,ok
progetto,5.0,0.3,213.0,0.7,5.0,16.431924882629108,23.430200000000003,23.430200000000003,23.430200000000003,23.430200000000003,23.430200000000003,True,True,nan,0,ok
progetto,5.0,0.3,237.0,0.1,4.75,2.109704641350211,20.008399999999998,20.008399999999998,20.008399999999998,20.008399999999998,20.008399999999998,True,True,nan,0,ok
progetto,5.0,0.3,237.0,0.1,5.0,2.109704641350211,21.0615,21.0615,21.0615,21.0615,21.0615,True,True,nan,0,ok
progetto,5.0,0.3,237.0,0.3,4.75,6.329113924050633,20.008399999999998,20.008399999999998,20.008399999999998,20.008399999999998,20.008399999999998,True,True,nan,0,ok
progetto,5.0,0.3,237.0,0.3,5.0,6.329113924050633,21.0615,21.0615,21.0615,21.0615,21.0615,True,True,nan,0,ok
progetto,5.0,0.3,237.0,0.5,4.75,10.548523206751055,20.008399999999998,20.008399999999998,20.008399999999998,20.008399999999998,20.008399999999998,True,True,nan,0,ok
progetto,5.0,0.3,237.0,0.5,5.0,10.548523206751055,21.0615,21.0615,21.0615,21.0615,21.0615,True,True,nan,0,ok
progetto,5.0,0.3,237.0,0.7,4.75,14.767932489451477,20.008399999999998,20.008399999999998,20.008399999999998,20.008399999999998,20.008399999999998,True,True,nan,0,ok
progetto,5.0,0.3,237.0,0.7,5.0,14.767932489451477,21.0615,21.0615,21.0615,21.0615,21.0615,True,True,nan,0,ok
progetto,5.0,0.3,261.0,0.1,4.75,1.9157088122605364,18.171400000000002,18.171400000000002,18.171400000000002,18.171400000000002,18.171400000000002,True,True,nan,0,ok
progetto,5.0,0.3,261.0,0.1,5.0,1.9157088122605364,19.1278,19.1278,19.1278,19.1278,19.1278,True,True,nan,0,ok
progetto,5.0,0.3,261.0,0.3,4.75,5.747126436781609,18.171400000000002,18.171400000000002,18.171400000000002,18.171400000000002,18.171400000000002,True,True,nan,0,ok
progetto,5.0,0.3,261.0,0.3,5.0,5.747126436781609,19.1278,19.1278,19.1278,19.1278,19.1278,True,True,nan,0,ok
progetto,5.0,0.3,261.0,0.5,4.75,9.578544061302681,18.171400000000002,18.171400000000002,18.171400000000002,18.171400000000002,18.171400000000002,True,True,nan,0,ok
progetto,5.0,0.3,261.0,0.5,5.0,9.578544061302681,19.1278,19.1278,19.1278,19.1278,19.1278,True,True,nan,0,ok
progetto,5.0,0.3,261.0,0.7,4.75,13.409961685823756,18.171400000000002,18.171400000000002,18.171400000000002,18.171400000000002,18.171400000000002,True,True,nan,0,ok
progetto,5.0,0.3,261.0,0.7,5.0,13.409961685823756,19.1278,19.1278,19.1278,19.1278,19.1278,True,True,nan,0,ok
progetto,5.0,1.0,213.0,0.1,4.75,2.347417840375587,22.2587,22.2587,22.2587,22.2587,22.2587,True,True,nan,0,ok
progetto,5.0,1.0,213.0,0.1,5.0,2.347417840375587,23.430200000000003,23.430200000000003,23.430200000000003,23.430200000000003,23.430200000000003,True,True,nan,0,ok
progetto,5.0,1.0,213.0,0.3,4.75,7.042253521126761,22.2587,22.2587,22.2587,22.2587,22.2587,True,True,nan,0,ok
progetto,5.0,1.0,213.0,0.3,5.0,7.042253521126761,23.430200000000003,23.430200000000003,23.430200000000003,23.430200000000003,23.430200000000003,True,True,nan,0,ok
progetto,5.0,1.0,213.0,0.5,4.75,11.737089201877934,22.2587,22.2587,22.2587,22.2587,22.2587,True,True,nan,0,ok
progetto,5.0,1.0,213.0,0.5,5.0,11.737089201877934,23.430200000000003,23.430200000000003,23.430200000000003,23.430200000000003,23.430200000000003,True,True,nan,0,ok
progetto,5.0,1.0,213.0,0.7,4.75,16.431924882629108,22.2587,22.2587,22.2587,22.2587,22.2587,True,True,nan,0,ok
progetto,5.0,1.0,213.0,0.7,5.0,16.431924882629108,23.430200000000003,23.430200000000003,23.430200000000003,23.430200000000003,23.430200000000003,True,True,nan,0,ok
progetto,5.0,1.0,237.0,0.1,4.75,2.109704641350211,20.008399999999998,20.008399999999998,20.008399999999998,20.008399999999998,20.008399999999998,True,True,nan,0,ok
progetto,5.0,1.0,237.0,0.1,5.0,2.109704641350211,21.0615,21.0615,21.0615,21.0615,21.0615,True,True,nan,0,ok
progetto,5.0,1.0,237.0,0.3,4.75,6.329113924050633,20.008399999999998,20.008399999999998,20.008399999999998,20.008399999999998,20.008399999999998,True,True,nan,0,ok
progetto,5.0,1.0,237.0,0.3,5.0,6.329113924050633,21.0615,21.0615,21.0615,21.0615,21.0615,True,True,nan,0,ok
progetto,5.0,1.0,237.0,0.5,4.75,10.548523206751055,20.008399999999998,20.008399999999998,20.008399999999998,20.008399999999998,20.008399999999998,True,True,nan,0,ok
progetto,5.0,1.0,237.0,0.5,5.0,10.548523206751055,21.0615,21.0615,21.0615,21.0615,21.0615,True,True,nan,0,ok
progetto,5.0,1.0,237.0,0.7,4.75,14.767932489451477,20.008399999999998,20.008399999999998,20.008399999999998,20.008399999999998,20.008399999999998,True,True,nan,0,ok
progetto,5.0,1.0,237.0,0.7,5.0,14.767932489451477,21.0615,21.0615,21.0615,21.0615,21.0615,True,True,nan,0,ok
progetto,5.0,1.0,261.0,0.1,4.75,1.9157088122605364,18.171400000000002,18.171400000000002,18.171400000000002,18.171400000000002,18.171400000000002,True,True,nan,0,ok
progetto,5.0,1.0,261.0,0.1,5.0,1.9157088122605364,19.1278,19.1278,19.1278,19.1278,19.1278,True,True,nan,0,ok
progetto,5.0,1.0,261.0,0.3,4.75,5.747126436781609,18.171400000000002,18.171400000000002,18.171400000000002,18.171400000000002,18.171400000000002,True,True,nan,0,ok
progetto,5.0,1.0,261.0,0.3,5.0,5.747126436781609,19.1278,19.1278,19.1278,19.1278,19.1278,True,True,nan,0,ok
progetto,5.0,1.0,261.0,0.5,4.75,9.578544061302681,18.171400000000002,18.171400000000002,18.171400000000002,18.171400000000002,18.171400000000002,True,True,nan,0,ok
progetto,5.0,1.0,261.0,0.5,5.0,9.578544061302681,19.1278,19.1278,19.1278,19.1278,19.1278,True,True,nan,0,ok
progetto,5.0,1.0,261.0,0.7,4.75,13.409961685823756,18.171400000000002,18.171400000000002,18.171400000000002,18.171400000000002,18.171400000000002,True,True,nan,0,ok
progetto,5.0,1.0,261.0,0.7,5.0,13.409961685823756,19.1278,19.1278,19.1278,19.1278,19.1278,True,True,nan,0,ok
progetto,5.0,3.0,213.0,0.1,4.75,2.347417840375587,22.2587,22.2587,22.2587,22.2587,22.2587,True,True,nan,0,ok
progetto,5.0,3.0,213.0,0.1,5.0,2.347417840375587,23.430200000000003,23.430200000000003,23.430200000000003,23.430200000000003,23.430200000000003,True,True,nan,0,ok
progetto,5.0,3.0,213.0,0.3,4.75,7.042253521126761,22.2587,22.2587,22.2587,22.2587,22.2587,True,True,nan,0,ok
progetto,5.0,3.0,213.0,0.3,5.0,7.042253521126761,23.430200000000003,23.430200000000003,23.430200000000003,23.430200000000003,23.430200000000003,True,True,nan,0,ok
progetto,5.0,3.0,213.0,0.5,4.75,11.737089201877934,22.2587,22.2587,22.2587,22.2587,22.2587,True,True,nan,0,ok
progetto,5.0,3.0,213.0,0.5,5.0,11.737089201877934,23.430200000000003,23.430200000000003,23.430200000000003,23.430200000000003,23.430200000000003,True,True,nan,0,ok
progetto,5.0,3.0,213.0,0.7,4.75,16.431924882629108,22.2587,22.2587,22.2587,22.2587,22.2587,True,True,nan,0,ok
progetto,5.0,3.0,213.0,0.7,5.0,16.431924882629108,23.430200000000003,23.430200000000003,23.430200000000003,23.430200000000003,23.430200000000003,True,True,nan,0,ok
progetto,5.0,3.0,237.0,0.1,4.75,2.109704641350211,20.008399999999998,20.008399999999998,20.008399999999998,20.008399999999998,20.008399999999998,True,True,nan,0,ok
progetto,5.0,3.0,237.0,0.1,5.0,2.109704641350211,21.0615,21.0615,21.0615,21.0615,21.0615,True,True,nan,0,ok
progetto,5.0,3.0,237.0,0.3,4.75,6.329113924050633,20.008399999999998,20.008399999999998,20.008399999999998,20.008399999999998,20.008399999999998,True,True,nan,0,ok
progetto,5.0,3.0,237.0,0.3,5.0,6.329113924050633,21.0615,21.0615,21.0615,21.0615,21.0615,True,True,nan,0,ok
progetto,5.0,3.0,237.0,0.5,4.75,10.548523206751055,20.008399999999998,20.008399999999998,20.008399999999998,20.008399999999998,20.008399999999998,True,True,nan,0,ok
progetto,5.0,3.0,237.0,0.5,5.0,10.548523206751055,21.0615,21.0615,21.0615,21.0615,21.0615,True,True,nan,0,ok
progetto,5.0,3.0,237.0,0.7,4.75,14.767932489451477,20.008399999999998,20.008399999999998,20.008399999999998,20.008399999999998,20.008399999999998,True,True,nan,0,ok
progetto,5.0,3.0,237.0,0.7,5.0,14.767932489451477,21.0615,21.0615,21.0615,21.0615,21.0615,True,True,nan,0,ok
progetto,5.0,3.0,261.0,0.1,4.75,1.9157088122605364,18.171400000000002,18.171400000000002,18.171400000000002,18.171400000000002,18.171400000000002,True,True,nan,0,ok
progetto,5.0,3.0,261.0,0.1,5.0,1.9157088122605364,19.1278,19.1278,19.1278,19.1278,19.1278,True,True,nan,0,ok
progetto,5.0,3.0,261.0,0.3,4.75,5.747126436781609,18.171400000000002,18.171400000000002,18.171400000000002,18.171400000000002,18.171400000000002,True,True,nan,0,ok
progetto,5.0,3.0,261.0,0.3,5.0,5.747126436781609,19.1278,19.1278,19.1278,19.1278,19.1278,True,True,nan,0,ok
progetto,5.0,3.0,261.0,0.5,4.75,9.578544061302681,18.171400000000002,18.171400000000002,18.171400000000002,18.171400000000002,18.171400000000002,True,True,nan,0,ok
progetto,5.0,3.0,261.0,0.5,5.0,9.578544061302681,19.1278,19.1278,19.1278,19.1278,19.1278,True,True,nan,0,ok
progetto,5.0,3.0,261.0,0.7,4.75,13.409961685823756,18.171400000000002,18.171400000000002,18.171400000000002,18.171400000000002,18.171400000000002,True,True,nan,0,ok
progetto,5.0,3.0,261.0,0.7,5.0,13.409961685823756,19.1278,19.1278,19.1278,19.1278,19.1278,True,True,nan,0,ok
progetto,20.0,0.1,213.0,0.1,4.75,2.347417840375587,22.2587,22.2587,22.2587,22.2587,22.2587,True,True,nan,0,ok
progetto,20.0,0.1,213.0,0.1,5.0,2.347417840375587,23.430200000000003,23.430200000000003,23.430200000000003,23.430200000000003,23.430200000000003,True,True,nan,0,ok
progetto,20.0,0.1,213.0,0.3,4.75,7.042253521126761,22.2587,22.2587,22.2587,22.2587,22.2587,True,True,nan,0,ok
progetto,20.0,0.1,213.0,0.3,5.0,7.042253521126761,23.430200000000003,23.430200000000003,23.430200000000003,23.430200000000003,23.430200000000003,True,True,nan,0,ok
progetto,20.0,0.1,213.0,0.5,4.75,11.737089201877934,22.2587,22.2587,22.2587,22.2587,22.2587,True,True,nan,0,ok
progetto,20.0,0.1,213.0,0.5,5.0,11.737089201877934,23.430200000000003,23.430200000000003,23.430200000000003,23.430200000000003,23.430200000000003,True,True,nan,0,ok
progetto,20.0,0.1,213.0,0.7,4.75,16.431924882629108,22.2587,22.2587,22.2587,22.2587,22.2587,True,True,nan,0,ok
progetto,20.0,0.1,213.0,0.7,5.0,16.431924882629108,23.430200000000003,23.430200000000003,23.430200000000003,23.430200000000003,23.430200000000003,True,True,nan,0,ok
progetto,20.0,0.1,237.0,0.1,4.75,2.109704641350211,20.008399999999998,20.008399999999998,20.008399999999998,20.008399999999998,20.008399999999998,True,True,nan,0,ok
progetto,20.0,0.1,237.0,0.1,5.0,2.109704641350211,21.0615,21.0615,21.0615,21.0615,21.0615,True,True,nan,0,ok
progetto,20.0,0.1,237.0,0.3,4.75,6.329113924050633,20.008399999999998,20.008399999999998,20.008399999999998,20.008399999999998,20.008399999999998,True,True,nan,0,ok
progetto,20.0,0.1,237.0,0.3,5.0,6.329113924050633,21.0615,21.0615,21.0615,21.0615,21.0615,True,True,nan,0,ok
progetto,20.0,0.1,237.0,0.5,4.75,10.548523206751055,20.008399999999998,20.008399999999998,20.008399999999998,20.008399999999998,20.008399999999998,True,True,nan,0,ok
progetto,20.0,0.1,237.0,0.5,5.0,10.548523206751055,21.0615,21.0615,21.0615,21.0615,21.0615,True,True,nan,0,ok
progetto,20.0,0.1,237.0,0.7,4.75,14.767932489451477,20.008399999999998,20.008399999999998,20.008399999999998,20.008399999999998,20.008399999999998,True,True,nan,0,ok
progetto,20.0,0.1,237.0,0.7,5.0,14.767932489451477,21.0615,21.0615,21.0615,21.0615,21.0615,True,True,nan,0,ok
progetto,20.0,0.1,261.0,0.1,4.75,1.9157088122605364,18.171400000000002,18.171400000000002,18.171400000000002,18.171400000000002,18.171400000000002,True,True,nan,0,ok
progetto,20.0,0.1,261.0,0.1,5.0,1.9157088122605364,19.1278,19.1278,19.1278,19.1278,19.1278,True,True,nan,0,ok
progetto,20.0,0.1,261.0,0.3,4.75,5.747126436781609,18.171400000000002,18.171400000000002,18.171400000000002,18.171400000000002,18.171400000000002,True,True,nan,0,ok
progetto,20.0,0.1,261.0,0.3,5.0,5.747126436781609,19.1278,19.1278,19.1278,19.1278,19.1278,True,True,nan,0,ok
progetto,20.0,0.1,261.0,0.5,4.75,9.578544061302681,18.171400000000002,18.171400000000002,18.171400000000002,18.171400000000002,18.171400000000002,True,True,nan,0,ok
progetto,20.0,0.1,261.0,0.5,5.0,9.578544061302681,19.1278,19.1278,19.1278,19.1278,19.1278,True,True,nan,0,ok
progetto,20.0,0.1,261.0,0.7,4.75,13.409961685823756,18.171400000000002,18.171400000000002,18.171400000000002,18.171400000000002,18.171400000000002,True,True,nan,0,ok
progetto,20.0,0.1,261.0,0.7,5.0,13.409961685823756,19.1278,19.1278,19.1278,19.1278,19.1278,True,True,nan,0,ok
progetto,20.0,0.3,213.0,0.1,4.75,2.347417840375587,22.2587,22.2587,22.2587,22.2587,22.2587,True,True,nan,0,ok
progetto,20.0,0.3,213.0,0.1,5.0,2.347417840375587,23.430200000000003,23.430200000000003,23.430200000000003,23.430200000000003,23.430200000000003,True,True,nan,0,ok
progetto,20.0,0.3,213.0,0.3,4.75,7.042253521126761,22.2587,22.2587,22.2587,22.2587,22.2587,True,True,nan,0,ok
progetto,20.0,0.3,213.0,0.3,5.0,7.042253521126761,23.430200000000003,23.430200000000003,23.430200000000003,23.430200000000003,23.430200000000003,True,True,nan,0,ok
progetto,20.0,0.3,213.0,0.5,4.75,11.737089201877934,22.2587,22.2587,22.2587,22.2587,22.2587,True,True,nan,0,ok
progetto,20.0,0.3,213.0,0.5,5.0,11.737089201877934,23.430200000000003,23.430200000000003,23.430200000000003,23.430200000000003,23.430200000000003,True,True,nan,0,ok
progetto,20.0,0.3,213.0,0.7,4.75,16.431924882629108,22.2587,22.2587,22.2587,22.2587,22.2587,True,True,nan,0,ok
progetto,20.0,0.3,213.0,0.7,5.0,16.431924882629108,23.430200000000003,23.430200000000003,23.430200000000003,23.430200000000003,23.430200000000003,True,True,nan,0,ok
progetto,20.0,0.3,237.0,0.1,4.75,2.109704641350211,20.008399999999998,20.008399999999998,20.008399999999998,20.008399999999998,20.008399999999998,True,True,nan,0,ok
progetto,20.0,0.3,237.0,0.1,5.0,2.109704641350211,21.0615,21.0615,21.0615,21.0615,21.0615,True,True,nan,0,ok
progetto,20.0,0.3,237.0,0.3,4.75,6.329113924050633,20.008399999999998,20.008399999999998,20.008399999999998,20.008399999999998,20.008399999999998,True,True,nan,0,ok
progetto,20.0,0.3,237.0,0.3,5.0,6.329113924050633,21.0615,21.0615,21.0615,21.0615,21.0615,True,True,nan,0,ok
progetto,20.0,0.3,237.0,0.5,4.75,10.548523206751055,20.008399999999998,20.008399999999998,20.008399999999998,20.008399999999998,20.008399999999998,True,True,nan,0,ok
progetto,20.0,0.3,237.0,0.5,5.0,10.548523206751055,21.0615,21.0615,21.0615,21.0615,21.0615,True,True,nan,0,ok
progetto,20.0,0.3,237.0,0.7,4.75,14.767932489451477,20.008399999999998,20.008399999999998,20.008399999999998,20.008399999999998,20.008399999999998,True,True,nan,0,ok
progetto,20.0,0.3,237.0,0.7,5.0,14.767932489451477,21.0615,21.0615,21.0615,21.0615,21.0615,True,True,nan,0,ok
progetto,20.0,0.3,261.0,0.1,4.75,1.9157088122605364,18.171400000000002,18.171400000000002,18.171400000000002,18.171400000000002,18.171400000000002,True,True,nan,0,ok
progetto,20.0,0.3,261.0,0.1,5.0,1.9157088122605364,19.1278,19.1278,19.1278,19.1278,19.1278,True,True,nan,0,ok
progetto,20.0,0.3,261.0,0.3,4.75,5.747126436781609,18.171400000000002,18.171400000000002,18.171400000000002,18.171400000000002,18.171400000000002,True,True,nan,0,ok
progetto,20.0,0.3,261.0,0.3,5.0,5.747126436781609,19.1278,19.1278,19.1278,19.1278,19.1278,True,True,nan,0,ok
progetto,20.0,0.3,261.0,0.5,4.75,9.578544061302681,18.171400000000002,18.171400000000002,18.171400000000002,18.171400000000002,18.171400000000002,True,True,nan,0,ok
progetto,20.0,0.3,261.0,0.5,5.0,9.578544061302681,19.1278,19.1278,19.1278,19.1278,19.1278,True,True,nan,0,ok
progetto,20.0,0.3,261.0,0.7,4.75,13.409961685823756,18.171400000000002,18.171400000000002,18.171400000000002,18.171400000000002,18.171400000000002,True,True,nan,0,ok
progetto,20.0,0.3,261.0,0.7,5.0,13.409961685823756,19.1278,19.1278,19.1278,19.1278,19.1278,True,True,nan,0,ok
progetto,20.0,1.0,213.0,0.1,4.75,2.347417840375587,22.2587,22.2587,22.2587,22.2587,22.2587,True,True,nan,0,ok
progetto,20.0,1.0,213.0,0.1,5.0,2.347417840375587,23.430200000000003,23.430200000000003,23.430200000000003,23.430200000000003,23.430200000000003,True,True,nan,0,ok
progetto,20.0,1.0,213.0,0.3,4.75,7.042253521126761,22.2587,22.2587,22.2587,22.2587,22.2587,True,True,nan,0,ok
progetto,20.0,1.0,213.0,0.3,5.0,7.042253521126761,23.430200000000003,23.430200000000003,23.430200000000003,23.430200000000003,23.430200000000003,True,True,nan,0,ok
progetto,20.0,1.0,213.0,0.5,4.75,11.737089201877934,22.2587,22.2587,22.2587,22.2587,22.2587,True,True,nan,0,ok
progetto,20.0,1.0,213.0,0.5,5.0,11.737089201877934,23.430200000000003,23.430200000000003,23.430200000000003,23.430200000000003,23.430200000000003,True,True,nan,0,ok
progetto,20.0,1.0,213.0,0.7,4.75,16.431924882629108,22.2587,22.2587,22.2587,22.2587,22.2587,True,True,nan,0,ok
progetto,20.0,1.0,213.0,0.7,5.0,16.431924882629108,23.430200000000003,23.430200000000003,23.430200000000003,23.430200000000003,23.430200000000003,True,True,nan,0,ok
progetto,20.0,1.0,237.0,0.1,4.75,2.109704641350211,20.008399999999998,20.008399999999998,20.008399999999998,20.008399999999998,20.008399999999998,True,True,nan,0,ok
progetto,20.0,1.0,237.0,0.1,5.0,2.109704641350211,21.0615,21.0615,21.0615,21.0615,21.0615,True,True,nan,0,ok
progetto,20.0,1.0,237.0,0.3,4.75,6.329113924050633,20.008399999999998,20.008399999999998,20.008399999999998,20.008399999999998,20.008399999999998,True,True,nan,0,ok
progetto,20.0,1.0,237.0,0.3,5.0,6.329113924050633,21.0615,21.0615,21.0615,21.0615,21.0615,True,True,nan,0,ok
progetto,20.0,1.0,237.0,0.5,4.75,10.548523206751055,20.008399999999998,20.008399999999998,20.008399999999998,20.008399999999998,20.008399999999998,True,True,nan,0,ok
progetto,20.0,1.0,237.0,0.5,5.0,10.548523206751055,21.0615,21.0615,21.0615,21.0615,21.0615,True,True,nan,0,ok
progetto,20.0,1.0,237.0,0.7,4.75,14.767932489451477,20.008399999999998,20.008399999999998,20.008399999999998,20.008399999999998,20.008399999999998,True,True,nan,0,ok
progetto,20.0,1.0,237.0,0.7,5.0,14.767932489451477,21.0615,21.0615,21.0615,21.0615,21.0615,True,True,nan,0,ok
progetto,20.0,1.0,261.0,0.1,4.75,1.9157088122605364,18.171400000000002,18.171400000000002,18.171400000000002,18.171400000000002,18.171400000000002,True,True,nan,0,ok
progetto,20.0,1.0,261.0,0.1,5.0,1.9157088122605364,19.1278,19.1278,19.1278,19.1278,19.1278,True,True,nan,0,ok
progetto,20.0,1.0,261.0,0.3,4.75,5.747126436781609,18.171400000000002,18.171400000000002,18.171400000000002,18.171400000000002,18.171400000000002,True,True,nan,0,ok
progetto,20.0,1.0,261.0,0.3,5.0,5.747126436781609,19.1278,19.1278,19.1278,19.1278,19.1278,True,True,nan,0,ok
progetto,20.0,1.0,261.0,0.5,4.75,9.578544061302681,18.171400000000002,18.171400000000002,18.171400000000002,18.171400000000002,18.171400000000002,True,True,nan,0,ok
progetto,20.0,1.0,261.0,0.5,5.0,9.578544061302681,19.1278,19.1278,19.1278,19.1278,19.1278,True,True,nan,0,ok
progetto,20.0,1.0,261.0,0.7,4.75,13.409961685823756,18.171400000000002,18.171400000000002,18.171400000000002,18.171400000000002,18.171400000000002,True,True,nan,0,ok
progetto,20.0,1.0,261.0,0.7,5.0,13.409961685823756,19.1278,19.1278,19.1278,19.1278,19.1278,True,True,nan,0,ok
progetto,20.0,3.0,213.0,0.1,4.75,2.347417840375587,22.2587,22.2587,22.2587,22.2587,22.2587,True,True,nan,0,ok
progetto,20.0,3.0,213.0,0.1,5.0,2.347417840375587,23.430200000000003,23.430200000000003,23.430200000000003,23.430200000000003,23.430200000000003,True,True,nan,0,ok
progetto,20.0,3.0,213.0,0.3,4.75,7.042253521126761,22.2587,22.2587,22.2587,22.2587,22.2587,True,True,nan,0,ok
progetto,20.0,3.0,213.0,0.3,5.0,7.042253521126761,23.430200000000003,23.430200000000003,23.430200000000003,23.430200000000003,23.430200000000003,True,True,nan,0,ok
progetto,20.0,3.0,213.0,0.5,4.75,11.737089201877934,22.2587,22.2587,22.2587,22.2587,22.2587,True,True,nan,0,ok
progetto,20.0,3.0,213.0,0.5,5.0,11.737089201877934,23.430200000000003,23.430200000000003,23.430200000000003,23.430200000000003,23.430200000000003,True,True,nan,0,ok
progetto,20.0,3.0,213.0,0.7,4.75,16.431924882629108,22.2587,22.2587,22.2587,22.2587,22.2587,True,True,nan,0,ok
progetto,20.0,3.0,213.0,0.7,5.0,16.431924882629108,23.430200000000003,23.430200000000003,23.430200000000003,23.430200000000003,23.430200000000003,True,True,nan,0,ok
progetto,20.0,3.0,237.0,0.1,4.75,2.109704641350211,20.008399999999998,20.008399999999998,20.008399999999998,20.008399999999998,20.008399999999998,True,True,nan,0,ok
progetto,20.0,3.0,237.0,0.1,5.0,2.109704641350211,21.0615,21.0615,21.0615,21.0615,21.0615,True,True,nan,0,ok
progetto,20.0,3.0,237.0,0.3,4.75,6.329113924050633,20.008399999999998,20.008399999999998,20.008399999999998,20.008399999999998,20.008399999999998,True,True,nan,0,ok
progetto,20.0,3.0,237.0,0.3,5.0,6.329113924050633,21.0615,21.0615,21.0615,21.0615,21.0615,True,True,nan,0,ok
progetto,20.0,3.0,237.0,0.5,4.75,10.548523206751055,20.008399999999998,20.008399999999998,20.008399999999998,20.008399999999998,20.008399999999998,True,True,nan,0,ok
progetto,20.0,3.0,237.0,0.5,5.0,10.548523206751055,21.0615,21.0615,21.0615,21.0615,21.0615,True,True,nan,0,ok
progetto,20.0,3.0,237.0,0.7,4.75,14.767932489451477,20.008399999999998,20.008399999999998,20.008399999999998,20.008399999999998,20.008399999999998,True,True,nan,0,ok
progetto,20.0,3.0,237.0,0.7,5.0,14.767932489451477,21.0615,21.0615,21.0615,21.0615,21.0615,True,True,nan,0,ok
progetto,20.0,3.0,261.0,0.1,4.75,1.9157088122605364,18.171400000000002,18.171400000000002,18.171400000000002,18.171400000000002,18.171400000000002,True,True,nan,0,ok
progetto,20.0,3.0,261.0,0.1,5.0,1.9157088122605364,19.1278,19.1278,19.1278,19.1278,19.1278,True,True,nan,0,ok
progetto,20.0,3.0,261.0,0.3,4.75,5.747126436781609,18.171400000000002,18.171400000000002,18.171400000000002,18.171400000000002,18.171400000000002,True,True,nan,0,ok
progetto,20.0,3.0,261.0,0.3,5.0,5.747126436781609,19.1278,19.1278,19.1278,19.1278,19.1278,True,True,nan,0,ok
progetto,20.0,3.0,261.0,0.5,4.75,9.578544061302681,18.171400000000002,18.171400000000002,18.171400000000002,18.171400000000002,18.171400000000002,True,True,nan,0,ok
progetto,20.0,3.0,261.0,0.5,5.0,9.578544061302681,19.1278,19.1278,19.1278,19.1278,19.1278,True,True,nan,0,ok
progetto,20.0,3.0,261.0,0.7,4.75,13.409961685823756,18.171400000000002,18.171400000000002,18.171400000000002,18.171400000000002,18.171400000000002,True,True,nan,0,ok
progetto,20.0,3.0,261.0,0.7,5.0,13.409961685823756,19.1278,19.1278,19.1278,19.1278,19.1278,True,True,nan,0,ok
progetto,50.0,0.1,213.0,0.1,4.75,2.347417840375587,22.2587,22.2587,22.2587,22.2587,22.2587,True,True,nan,0,ok
progetto,50.0,0.1,213.0,0.1,5.0,2.347417840375587,23.430200000000003,23.430200000000003,23.430200000000003,23.430200000000003,23.430200000000003,True,True,nan,0,ok
progetto,50.0,0.1,213.0,0.3,4.75,7.042253521126761,22.2587,22.2587,22.2587,22.2587,22.2587,True,True,nan,0,ok
progetto,50.0,0.1,213.0,0.3,5.0,7.042253521126761,23.430200000000003,23.430200000000003,23.430200000000003,23.430200000000003,23.430200000000003,True,True,nan,0,ok
progetto,50.0,0.1,213.0,0.5,4.75,11.737089201877934,22.2587,22.2587,22.2587,22.2587,22.2587,True,True,nan,0,ok
progetto,50.0,0.1,213.0,0.5,5.0,11.737089201877934,23.430200000000003,23.430200000000003,23.430200000000003,23.430200000000003,23.430200000000003,True,True,nan,0,ok
progetto,50.0,0.1,213.0,0.7,4.75,16.431924882629108,22.2587,22.2587,22.2587,22.2587,22.2587,True,True,nan,0,ok
progetto,50.0,0.1,213.0,0.7,5.0,16.431924882629108,23.430200000000003,23.430200000000003,23.430200000000003,23.430200000000003,23.430200000000003,True,True,nan,0,ok
progetto,50.0,0.1,237.0,0.1,4.75,2.109704641350211,20.008399999999998,20.008399999999998,20.008399999999998,20.008399999999998,20.008399999999998,True,True,nan,0,ok
progetto,50.0,0.1,237.0,0.1,5.0,2.109704641350211,21.0615,21.0615,21.0615,21.0615,21.0615,True,True,nan,0,ok
progetto,50.0,0.1,237.0,0.3,4.75,6.329113924050633,20.008399999999998,20.008399999999998,20.008399999999998,20.008399999999998,20.008399999999998,True,True,nan,0,ok
progetto,50.0,0.1,237.0,0.3,5.0,6.329113924050633,21.0615,21.0615,21.0615,21.0615,21.0615,True,True,nan,0,ok
progetto,50.0,0.1,237.0,0.5,4.75,10.548523206751055,20.008399999999998,20.008399999999998,20.008399999999998,20.008399999999998,20.008399999999998,True,True,nan,0,ok
progetto,50.0,0.1,237.0,0.5,5.0,10.548523206751055,21.0615,21.0615,21.0615,21.0615,21.0615,True,True,nan,0,ok
progetto,50.0,0.1,237.0,0.7,4.75,14.767932489451477,20.008399999999998,20.008399999999998,20.008399999999998,20.008399999999998,20.008399999999998,True,True,nan,0,ok
progetto,50.0,0.1,237.0,0.7,5.0,14.767932489451477,21.0615,21.0615,21.0615,21.0615,21.0615,True,True,nan,0,ok
progetto,50.0,0.1,261.0,0.1,4.75,1.9157088122605364,18.171400000000002,18.171400000000002,18.171400000000002,18.171400000000002,18.171400000000002,True,True,nan,0,ok
progetto,50.0,0.1,261.0,0.1,5.0,1.9157088122605364,19.1278,19.1278,19.1278,19.1278,19.1278,True,True,nan,0,ok
progetto,50.0,0.1,261.0,0.3,4.75,5.747126436781609,18.171400000000002,18.171400000000002,18.171400000000002,18.171400000000002,18.171400000000002,True,True,nan,0,ok
progetto,50.0,0.1,261.0,0.3,5.0,5.747126436781609,19.1278,19.1278,19.1278,19.1278,19.1278,True,True,nan,0,ok
progetto,50.0,0.1,261.0,0.5,4.75,9.578544061302681,18.171400000000002,18.171400000000002,18.171400000000002,18.171400000000002,18.171400000000002,True,True,nan,0,ok
progetto,50.0,0.1,261.0,0.5,5.0,9.578544061302681,19.1278,19.1278,19.1278,19.1278,19.1278,True,True,nan,0,ok
progetto,50.0,0.1,261.0,0.7,4.75,13.409961685823756,18.171400000000002,18.171400000000002,18.171400000000002,18.171400000000002,18.171400000000002,True,True,nan,0,ok
progetto,50.0,0.1,261.0,0.7,5.0,13.409961685823756,19.1278,19.1278,19.1278,19.1278,19.1278,True,True,nan,0,ok
progetto,50.0,0.3,213.0,0.1,4.75,2.347417840375587,22.2587,22.2587,22.2587,22.2587,22.2587,True,True,nan,0,ok
progetto,50.0,0.3,213.0,0.1,5.0,2.347417840375587,23.430200000000003,23.430200000000003,23.430200000000003,23.430200000000003,23.430200000000003,True,True,nan,0,ok
progetto,50.0,0.3,213.0,0.3,4.75,7.042253521126761,22.2587,22.2587,22.2587,22.2587,22.2587,True,True,nan,0,ok
progetto,50.0,0.3,213.0,0.3,5.0,7.042253521126761,23.430200000000003,23.430200000000003,23.430200000000003,23.430200000000003,23.430200000000003,True,True,nan,0,ok
progetto,50.0,0.3,213.0,0.5,4.75,11.737089201877934,22.2587,22.2587,22.2587,22.2587,22.2587,True,True,nan,0,ok
progetto,50.0,0.3,213.0,0.5,5.0,11.737089201877934,23.430200000000003,23.430200000000003,23.430200000000003,23.430200000000003,23.430200000000003,True,True,nan,0,ok
progetto,50.0,0.3,213.0,0.7,4.75,16.431924882629108,22.2587,22.2587,22.2587,22.2587,22.2587,True,True,nan,0,ok
progetto,50.0,0.3,213.0,0.7,5.0,16.431924882629108,23.430200000000003,23.430200000000003,23.430200000000003,23.430200000000003,23.430200000000003,True,True,nan,0,ok
progetto,50.0,0.3,237.0,0.1,4.75,2.109704641350211,20.008399999999998,20.008399999999998,20.008399999999998,20.008399999999998,20.008399999999998,True,True,nan,0,ok
progetto,50.0,0.3,237.0,0.1,5.0,2.109704641350211,21.0615,21.0615,21.0615,21.0615,21.0615,True,True,nan,0,ok
progetto,50.0,0.3,237.0,0.3,4.75,6.329113924050633,20.008399999999998,20.008399999999998,20.008399999999998,20.008399999999998,20.008399999999998,True,True,nan,0,ok
progetto,50.0,0.3,237.0,0.3,5.0,6.329113924050633,21.0615,21.0615,21.0615,21.0615,21.0615,True,True,nan,0,ok
progetto,50.0,0.3,237.0,0.5,4.75,10.548523206751055,20.008399999999998,20.008399999999998,20.008399999999998,20.008399999999998,20.008399999999998,True,True,nan,0,ok
progetto,50.0,0.3,237.0,0.5,5.0,10.548523206751055,21.0615,21.0615,21.0615,21.0615,21.0615,True,True,nan,0,ok
progetto,50.0,0.3,237.0,0.7,4.75,14.767932489451477,20.008399999999998,20.008399999999998,20.008399999999998,20.008399999999998,20.008399999999998,True,True,nan,0,ok
progetto,50.0,0.3,237.0,0.7,5.0,14.767932489451477,21.0615,21.0615,21.0615,21.0615,21.0615,True,True,nan,0,ok
progetto,50.0,0.3,261.0,0.1,4.75,1.9157088122605364,18.171400000000002,18.171400000000002,18.171400000000002,18.171400000000002,18.171400000000002,True,True,nan,0,ok
progetto,50.0,0.3,261.0,0.1,5.0,1.9157088122605364,19.1278,19.1278,19.1278,19.1278,19.1278,True,True,nan,0,ok
progetto,50.0,0.3,261.0,0.3,4.75,5.747126436781609,18.171400000000002,18.171400000000002,18.171400000000002,18.171400000000002,18.171400000000002,True,True,nan,0,ok
progetto,50.0,0.3,261.0,0.3,5.0,5.747126436781609,19.1278,19.1278,19.1278,19.1278,19.1278,True,True,nan,0,ok
progetto,50.0,0.3,261.0,0.5,4.75,9.578544061302681,18.171400000000002,18.171400000000002,18.171400000000002,18.171400000000002,18.171400000000002,True,True,nan,0,ok
progetto,50.0,0.3,261.0,0.5,5.0,9.578544061302681,19.1278,19.1278,19.1278,19.1278,19.1278,True,True,nan,0,ok
progetto,50.0,0.3,261.0,0.7,4.75,13.409961685823756,18.171400000000002,18.171400000000002,18.171400000000002,18.171400000000002,18.171400000000002,True,True,nan,0,ok
progetto,50.0,0.3,261.0,0.7,5.0,13.409961685823756,19.1278,19.1278,19.1278,19.1278,19.1278,True,True,nan,0,ok
progetto,50.0,1.0,213.0,0.1,4.75,2.347417840375587,22.2587,22.2587,22.2587,22.2587,22.2587,True,True,nan,0,ok
progetto,50.0,1.0,213.0,0.1,5.0,2.347417840375587,23.430200000000003,23.430200000000003,23.430200000000003,23.430200000000003,23.430200000000003,True,True,nan,0,ok
progetto,50.0,1.0,213.0,0.3,4.75,7.042253521126761,22.2587,22.2587,22.2587,22.2587,22.2587,True,True,nan,0,ok
progetto,50.0,1.0,213.0,0.3,5.0,7.042253521126761,23.430200000000003,23.430200000000003,23.430200000000003,23.430200000000003,23.430200000000003,True,True,nan,0,ok
progetto,50.0,1.0,213.0,0.5,4.75,11.737089201877934,22.2587,22.2587,22.2587,22.2587,22.2587,True,True,nan,0,ok
progetto,50.0,1.0,213.0,0.5,5.0,11.737089201877934,23.430200000000003,23.430200000000003,23.430200000000003,23.430200000000003,23.430200000000003,True,True,nan,0,ok
progetto,50.0,1.0,213.0,0.7,4.75,16.431924882629108,22.2587,22.2587,22.2587,22.2587,22.2587,True,True,nan,0,ok
progetto,50.0,1.0,213.0,0.7,5.0,16.431924882629108,23.430200000000003,23.430200000000003,23.430200000000003,23.430200000000003,23.430200000000003,True,True,nan,0,ok
progetto,50.0,1.0,237.0,0.1,4.75,2.109704641350211,20.008399999999998,20.008399999999998,20.008399999999998,20.008399999999998,20.008399999999998,True,True,nan,0,ok
progetto,50.0,1.0,237.0,0.1,5.0,2.109704641350211,21.0615,21.0615,21.0615,21.0615,21.0615,True,True,nan,0,ok
progetto,50.0,1.0,237.0,0.3,4.75,6.329113924050633,20.008399999999998,20.008399999999998,20.008399999999998,20.008399999999998,20.008399999999998,True,True,nan,0,ok
progetto,50.0,1.0,237.0,0.3,5.0,6.329113924050633,21.0615,21.0615,21.0615,21.0615,21.0615,True,True,nan,0,ok
progetto,50.0,1.0,237.0,0.5,4.75,10.548523206751055,20.008399999999998,20.008399999999998,20.008399999999998,20.008399999999998,20.008399999999998,True,True,nan,0,ok
progetto,50.0,1.0,237.0,0.5,5.0,10.548523206751055,21.0615,21.0615,21.0615,21.0615,21.0615,True,True,nan,0,ok
progetto,50.0,1.0,237.0,0.7,4.75,14.767932489451477,20.008399999999998,20.008399999999998,20.008399999999998,20.008399999999998,20.008399999999998,True,True,nan,0,ok
progetto,50.0,1.0,237.0,0.7,5.0,14.767932489451477,21.0615,21.0615,21.0615,21.0615,21.0615,True,True,nan,0,ok
progetto,50.0,1.0,261.0,0.1,4.75,1.9157088122605364,18.171400000000002,18.171400000000002,18.171400000000002,18.171400000000002,18.171400000000002,True,True,nan,0,ok
progetto,50.0,1.0,261.0,0.1,5.0,1.9157088122605364,19.1278,19.1278,19.1278,19.1278,19.1278,True,True,nan,0,ok
progetto,50.0,1.0,261.0,0.3,4.75,5.747126436781609,18.171400000000002,18.171400000000002,18.171400000000002,18.171400000000002,18.171400000000002,True,True,nan,0,ok
progetto,50.0,1.0,261.0,0.3,5.0,5.747126436781609,19.1278,19.1278,19.1278,19.1278,19.1278,True,True,nan,0,ok
progetto,50.0,1.0,261.0,0.5,4.75,9.578544061302681,18.171400000000002,18.171400000000002,18.171400000000002,18.171400000000002,18.171400000000002,True,True,nan,0,ok
progetto,50.0,1.0,261.0,0.5,5.0,9.578544061302681,19.1278,19.1278,19.1278,19.1278,19.1278,True,True,nan,0,ok
progetto,50.0,1.0,261.0,0.7,4.75,13.409961685823756,18.171400000000002,18.171400000000002,18.171400000000002,18.171400000000002,18.171400000000002,True,True,nan,0,ok
progetto,50.0,1.0,261.0,0.7,5.0,13.409961685823756,19.1278,19.1278,19.1278,19.1278,19.1278,True,True,nan,0,ok
progetto,50.0,3.0,213.0,0.1,4.75,2.347417840375587,22.2587,22.2587,22.2587,22.2587,22.2587,True,True,nan,0,ok
progetto,50.0,3.0,213.0,0.1,5.0,2.347417840375587,23.430200000000003,23.430200000000003,23.430200000000003,23.430200000000003,23.430200000000003,True,True,nan,0,ok
progetto,50.0,3.0,213.0,0.3,4.75,7.042253521126761,22.2587,22.2587,22.2587,22.2587,22.2587,True,True,nan,0,ok
progetto,50.0,3.0,213.0,0.3,5.0,7.042253521126761,23.430200000000003,23.430200000000003,23.430200000000003,23.430200000000003,23.430200000000003,True,True,nan,0,ok
progetto,50.0,3.0,213.0,0.5,4.75,11.737089201877934,22.2587,22.2587,22.2587,22.2587,22.2587,True,True,nan,0,ok
progetto,50.0,3.0,213.0,0.5,5.0,11.737089201877934,23.430200000000003,23.430200000000003,23.430200000000003,23.430200000000003,23.430200000000003,True,True,nan,0,ok
progetto,50.0,3.0,213.0,0.7,4.75,16.431924882629108,22.2587,22.2587,22.2587,22.2587,22.2587,True,True,nan,0,ok
progetto,50.0,3.0,213.0,0.7,5.0,16.431924882629108,23.430200000000003,23.430200000000003,23.430200000000003,23.430200000000003,23.430200000000003,True,True,nan,0,ok
progetto,50.0,3.0,237.0,0.1,4.75,2.109704641350211,20.008399999999998,20.008399999999998,20.008399999999998,20.008399999999998,20.008399999999998,True,True,nan,0,ok
progetto,50.0,3.0,237.0,0.1,5.0,2.109704641350211,21.0615,21.0615,21.0615,21.0615,21.0615,True,True,nan,0,ok
progetto,50.0,3.0,237.0,0.3,4.75,6.329113924050633,20.008399999999998,20.008399999999998,20.008399999999998,20.008399999999998,20.008399999999998,True,True,nan,0,ok
progetto,50.0,3.0,237.0,0.3,5.0,6.329113924050633,21.0615,21.0615,21.0615,21.0615,21.0615,True,True,nan,0,ok
progetto,50.0,3.0,237.0,0.5,4.75,10.548523206751055,20.008399999999998,20.008399999999998,20.008399999999998,20.008399999999998,20.008399999999998,True,True,nan,0,ok
progetto,50.0,3.0,237.0,0.5,5.0,10.548523206751055,21.0615,21.0615,21.0615,21.0615,21.0615,True,True,nan,0,ok
progetto,50.0,3.0,237.0,0.7,4.75,14.767932489451477,20.008399999999998,20.008399999999998,20.008399999999998,20.008399999999998,20.008399999999998,True,True,nan,0,ok
progetto,50.0,3.0,237.0,0.7,5.0,14.767932489451477,21.0615,21.0615,21.0615,21.0615,21.0615,True,True,nan,0,ok
progetto,50.0,3.0,261.0,0.1,4.75,1.9157088122605364,18.171400000000002,18.171400000000002,18.171400000000002,18.171400000000002,18.171400000000002,True,True,nan,0,ok
progetto,50.0,3.0,261.0,0.1,5.0,1.9157088122605364,19.1278,19.1278,19.1278,19.1278,19.1278,True,True,nan,0,ok
progetto,50.0,3.0,261.0,0.3,4.75,5.747126436781609,18.171400000000002,18.171400000000002,18.171400000000002,18.171400000000002,18.171400000000002,True,True,nan,0,ok
progetto,50.0,3.0,261.0,0.3,5.0,5.747126436781609,19.1278,19.1278,19.1278,19.1278,19.1278,True,True,nan,0,ok
progetto,50.0,3.0,261.0,0.5,4.75,9.578544061302681,18.171400000000002,18.171400000000002,18.171400000000002,18.171400000000002,18.171400000000002,True,True,nan,0,ok
progetto,50.0,3.0,261.0,0.5,5.0,9.578544061302681,19.1278,19.1278,19.1278,19.1278,19.1278,True,True,nan,0,ok
progetto,50.0,3.0,261.0,0.7,4.75,13.409961685823756,18.171400000000002,18.171400000000002,18.171400000000002,18.171400000000002,18.171400000000002,True,True,nan,0,ok
progetto,50.0,3.0,261.0,0.7,5.0,13.409961685823756,19.1278,19.1278,19.1278,19.1278,19.1278,True,True,nan,0,ok
progetto,100.0,0.1,213.0,0.1,4.75,2.347417840375587,22.2587,22.2587,22.2587,22.2587,22.2587,True,True,nan,0,ok
progetto,100.0,0.1,213.0,0.1,5.0,2.347417840375587,23.430200000000003,23.430200000000003,23.430200000000003,23.430200000000003,23.430200000000003,True,True,nan,0,ok
progetto,100.0,0.1,213.0,0.3,4.75,7.042253521126761,22.2587,22.2587,22.2587,22.2587,22.2587,True,True,nan,0,ok
progetto,100.0,0.1,213.0,0.3,5.0,7.042253521126761,23.430200000000003,23.430200000000003,23.430200000000003,23.430200000000003,23.430200000000003,True,True,nan,0,ok
progetto,100.0,0.1,213.0,0.5,4.75,11.737089201877934,22.2587,22.2587,22.2587,22.2587,22.2587,True,True,nan,0,ok
progetto,100.0,0.1,213.0,0.5,5.0,11.737089201877934,23.430200000000003,23.430200000000003,23.430200000000003,23.430200000000003,23.430200000000003,True,True,nan,0,ok
progetto,100.0,0.1,213.0,0.7,4.75,16.431924882629108,22.2587,22.2587,22.2587,22.2587,22.2587,True,True,nan,0,ok
progetto,100.0,0.1,213.0,0.7,5.0,16.431924882629108,23.430200000000003,23.430200000000003,23.430200000000003,23.430200000000003,23.430200000000003,True,True,nan,0,ok
progetto,100.0,0.1,237.0,0.1,4.75,2.109704641350211,20.008399999999998,20.008399999999998,20.008399999999998,20.008399999999998,20.008399999999998,True,True,nan,0,ok
progetto,100.0,0.1,237.0,0.1,5.0,2.109704641350211,21.0615,21.0615,21.0615,21.0615,21.0615,True,True,nan,0,ok
progetto,100.0,0.1,237.0,0.3,4.75,6.329113924050633,20.008399999999998,20.008399999999998,20.008399999999998,20.008399999999998,20.008399999999998,True,True,nan,0,ok
progetto,100.0,0.1,237.0,0.3,5.0,6.329113924050633,21.0615,21.0615,21.0615,21.0615,21.0615,True,True,nan,0,ok
progetto,100.0,0.1,237.0,0.5,4.75,10.548523206751055,20.008399999999998,20.008399999999998,20.008399999999998,20.008399999999998,20.008399999999998,True,True,nan,0,ok
progetto,100.0,0.1,237.0,0.5,5.0,10.548523206751055,21.0615,21.0615,21.0615,21.0615,21.0615,True,True,nan,0,ok
progetto,100.0,0.1,237.0,0.7,4.75,14.767932489451477,20.008399999999998,20.008399999999998,20.008399999999998,20.008399999999998,20.008399999999998,True,True,nan,0,ok
progetto,100.0,0.1,237.0,0.7,5.0,14.767932489451477,21.0615,21.0615,21.0615,21.0615,21.0615,True,True,nan,0,ok
progetto,100.0,0.1,261.0,0.1,4.75,1.9157088122605364,18.171400000000002,18.171400000000002,18.171400000000002,18.171400000000002,18.171400000000002,True,True,nan,0,ok
progetto,100.0,0.1,261.0,0.1,5.0,1.9157088122605364,19.1278,19.1278,19.1278,19.1278,19.1278,True,True,nan,0,ok
progetto,100.0,0.1,261.0,0.3,4.75,5.747126436781609,18.171400000000002,18.171400000000002,18.171400000000002,18.171400000000002,18.171400000000002,True,True,nan,0,ok
progetto,100.0,0.1,261.0,0.3,5.0,5.747126436781609,19.1278,19.1278,19.1278,19.1278,19.1278,True,True,nan,0,ok
progetto,100.0,0.1,261.0,0.5,4.75,9.578544061302681,18.171400000000002,18.171400000000002,18.171400000000002,18.171400000000002,18.171400000000002,True,True,nan,0,ok
progetto,100.0,0.1,261.0,0.5,5.0,9.578544061302681,19.1278,19.1278,19.1278,19.1278,19.1278,True,True,nan,0,ok
progetto,100.0,0.1,261.0,0.7,4.75,13.409961685823756,18.171400000000002,18.171400000000002,18.171400000000002,18.171400000000002,18.171400000000002,True,True,nan,0,ok
progetto,100.0,0.1,261.0,0.7,5.0,13.409961685823756,19.1278,19.1278,19.1278,19.1278,19.1278,True,True,nan,0,ok
progetto,100.0,0.3,213.0,0.1,4.75,2.347417840375587,22.2587,22.2587,22.2587,22.2587,22.2587,True,True,nan,0,ok
progetto,100.0,0.3,213.0,0.1,5.0,2.347417840375587,23.430200000000003,23.430200000000003,23.430200000000003,23.430200000000003,23.430200000000003,True,True,nan,0,ok
progetto,100.0,0.3,213.0,0.3,4.75,7.042253521126761,22.2587,22.2587,22.2587,22.2587,22.2587,True,True,nan,0,ok
progetto,100.0,0.3,213.0,0.3,5.0,7.042253521126761,23.430200000000003,23.430200000000003,23.430200000000003,23.430200000000003,23.430200000000003,True,True,nan,0,ok
progetto,100.0,0.3,213.0,0.5,4.75,11.737089201877934,22.2587,22.2587,22.2587,22.2587,22.2587,True,True,nan,0,ok
progetto,100.0,0.3,213.0,0.5,5.0,11.737089201877934,23.430200000000003,23.430200000000003,23.430200000000003,23.430200000000003,23.430200000000003,True,True,nan,0,ok
progetto,100.0,0.3,213.0,0.7,4.75,16.431924882629108,22.2587,22.2587,22.2587,22.2587,22.2587,True,True,nan,0,ok
progetto,100.0,0.3,213.0,0.7,5.0,16.431924882629108,23.430200000000003,23.430200000000003,23.430200000000003,23.430200000000003,23.430200000000003,True,True,nan,0,ok
progetto,100.0,0.3,237.0,0.1,4.75,2.109704641350211,20.008399999999998,20.008399999999998,20.008399999999998,20.008399999999998,20.008399999999998,True,True,nan,0,ok
progetto,100.0,0.3,237.0,0.1,5.0,2.109704641350211,21.0615,21.0615,21.0615,21.0615,21.0615,True,True,nan,0,ok
progetto,100.0,0.3,237.0,0.3,4.75,6.329113924050633,20.008399999999998,20.008399999999998,20.008399999999998,20.008399999999998,20.008399999999998,True,True,nan,0,ok
progetto,100.0,0.3,237.0,0.3,5.0,6.329113924050633,21.0615,21.0615,21.0615,21.0615,21.0615,True,True,nan,0,ok
progetto,100.0,0.3,237.0,0.5,4.75,10.548523206751055,20.008399999999998,20.008399999999998,20.008399999999998,20.008399999999998,20.008399999999998,True,True,nan,0,ok
progetto,100.0,0.3,237.0,0.5,5.0,10.548523206751055,21.0615,21.0615,21.0615,21.0615,21.0615,True,True,nan,0,ok
progetto,100.0,0.3,237.0,0.7,4.75,14.767932489451477,20.008399999999998,20.008399999999998,20.008399999999998,20.008399999999998,20.008399999999998,True,True,nan,0,ok
progetto,100.0,0.3,237.0,0.7,5.0,14.767932489451477,21.0615,21.0615,21.0615,21.0615,21.0615,True,True,nan,0,ok
progetto,100.0,0.3,261.0,0.1,4.75,1.9157088122605364,18.171400000000002,18.171400000000002,18.171400000000002,18.171400000000002,18.171400000000002,True,True,nan,0,ok
progetto,100.0,0.3,261.0,0.1,5.0,1.9157088122605364,19.1278,19.1278,19.1278,19.1278,19.1278,True,True,nan,0,ok
progetto,100.0,0.3,261.0,0.3,4.75,5.747126436781609,18.171400000000002,18.171400000000002,18.171400000000002,18.171400000000002,18.171400000000002,True,True,nan,0,ok
progetto,100.0,0.3,261.0,0.3,5.0,5.747126436781609,19.1278,19.1278,19.1278,19.1278,19.1278,True,True,nan,0,ok
progetto,100.0,0.3,261.0,0.5,4.75,9.578544061302681,18.171400000000002,18.171400000000002,18.171400000000002,18.171400000000002,18.171400000000002,True,True,nan,0,ok
progetto,100.0,0.3,261.0,0.5,5.0,9.578544061302681,19.1278,19.1278,19.1278,19.1278,19.1278,True,True,nan,0,ok
progetto,100.0,0.3,261.0,0.7,4.75,13.409961685823756,18.171400000000002,18.171400000000002,18.171400000000002,18.171400000000002,18.171400000000002,True,True,nan,0,ok
progetto,100.0,0.3,261.0,0.7,5.0,13.409961685823756,19.1278,19.1278,19.1278,19.1278,19.1278,True,True,nan,0,ok
progetto,100.0,1.0,213.0,0.1,4.75,2.347417840375587,22.2587,22.2587,22.2587,22.2587,22.2587,True,True,nan,0,ok
progetto,100.0,1.0,213.0,0.1,5.0,2.347417840375587,23.430200000000003,23.430200000000003,23.430200000000003,23.430200000000003,23.430200000000003,True,True,nan,0,ok
progetto,100.0,1.0,213.0,0.3,4.75,7.042253521126761,22.2587,22.2587,22.2587,22.2587,22.2587,True,True,nan,0,ok
progetto,100.0,1.0,213.0,0.3,5.0,7.042253521126761,23.430200000000003,23.430200000000003,23.430200000000003,23.430200000000003,23.430200000000003,True,True,nan,0,ok
progetto,100.0,1.0,213.0,0.5,4.75,11.737089201877934,22.2587,22.2587,22.2587,22.2587,22.2587,True,True,nan,0,ok
progetto,100.0,1.0,213.0,0.5,5.0,11.737089201877934,23.430200000000003,23.430200000000003,23.430200000000003,23.430200000000003,23.430200000000003,True,True,nan,0,ok
progetto,100.0,1.0,213.0,0.7,4.75,16.431924882629108,22.2587,22.2587,22.2587,22.2587,22.2587,True,True,nan,0,ok
progetto,100.0,1.0,213.0,0.7,5.0,16.431924882629108,23.430200000000003,23.430200000000003,23.430200000000003,23.430200000000003,23.430200000000003,True,True,nan,0,ok
progetto,100.0,1.0,237.0,0.1,4.75,2.109704641350211,20.008399999999998,20.008399999999998,20.008399999999998,20.008399999999998,20.008399999999998,True,True,nan,0,ok
progetto,100.0,1.0,237.0,0.1,5.0,2.109704641350211,21.0615,21.0615,21.0615,21.0615,21.0615,True,True,nan,0,ok
progetto,100.0,1.0,237.0,0.3,4.75,6.329113924050633,20.008399999999998,20.008399999999998,20.008399999999998,20.008399999999998,20.008399999999998,True,True,nan,0,ok
progetto,100.0,1.0,237.0,0.3,5.0,6.329113924050633,21.0615,21.0615,21.0615,21.0615,21.0615,True,True,nan,0,ok
progetto,100.0,1.0,237.0,0.5,4.75,10.548523206751055,20.008399999999998,20.008399999999998,20.008399999999998,20.008399999999998,20.008399999999998,True,True,nan,0,ok
progetto,100.0,1.0,237.0,0.5,5.0,10.548523206751055,21.0615,21.0615,21.0615,21.0615,21.0615,True,True,nan,0,ok
progetto,100.0,1.0,237.0,0.7,4.75,14.767932489451477,20.008399999999998,20.008399999999998,20.008399999999998,20.008399999999998,20.008399999999998,True,True,nan,0,ok
progetto,100.0,1.0,237.0,0.7,5.0,14.767932489451477,21.0615,21.0615,21.0615,21.0615,21.0615,True,True,nan,0,ok
progetto,100.0,1.0,261.0,0.1,4.75,1.9157088122605364,18.171400000000002,18.171400000000002,18.171400000000002,18.171400000000002,18.171400000000002,True,True,nan,0,ok
progetto,100.0,1.0,261.0,0.1,5.0,1.9157088122605364,19.1278,19.1278,19.1278,19.1278,19.1278,True,True,nan,0,ok
progetto,100.0,1.0,261.0,0.3,4.75,5.747126436781609,18.171400000000002,18.171400000000002,18.171400000000002,18.171400000000002,18.171400000000002,True,True,nan,0,ok
progetto,100.0,1.0,261.0,0.3,5.0,5.747126436781609,19.1278,19.1278,19.1278,19.1278,19.1278,True,True,nan,0,ok
progetto,100.0,1.0,261.0,0.5,4.75,9.578544061302681,18.171400000000002,18.171400000000002,18.171400000000002,18.171400000000002,18.171400000000002,True,True,nan,0,ok
progetto,100.0,1.0,261.0,0.5,5.0,9.578544061302681,19.1278,19.1278,19.1278,19.1278,19.1278,True,True,nan,0,ok
progetto,100.0,1.0,261.0,0.7,4.75,13.409961685823756,18.171400000000002,18.171400000000002,18.171400000000002,18.171400000000002,18.171400000000002,True,True,nan,0,ok
progetto,100.0,1.0,261.0,0.7,5.0,13.409961685823756,19.1278,19.1278,19.1278,19.1278,19.1278,True,True,nan,0,ok
progetto,100.0,3.0,213.0,0.1,4.75,2.347417840375587,22.2587,22.2587,22.2587,22.2587,22.2587,True,True,nan,0,ok
progetto,100.0,3.0,213.0,0.1,5.0,2.347417840375587,23.430200000000003,23.430200000000003,23.430200000000003,23.430200000000003,23.430200000000003,True,True,nan,0,ok
progetto,100.0,3.0,213.0,0.3,4.75,7.042253521126761,22.2587,22.2587,22.2587,22.2587,22.2587,True,True,nan,0,ok
progetto,100.0,3.0,213.0,0.3,5.0,7.042253521126761,23.430200000000003,23.430200000000003,23.430200000000003,23.430200000000003,23.430200000000003,True,True,nan,0,ok
progetto,100.0,3.0,213.0,0.5,4.75,11.737089201877934,22.2587,22.2587,22.2587,22.2587,22.2587,True,True,nan,0,ok
progetto,100.0,3.0,213.0,0.5,5.0,11.737089201877934,23.430200000000003,23.430200000000003,23.430200000000003,23.430200000000003,23.430200000000003,True,True,nan,0,ok
progetto,100.0,3.0,213.0,0.7,4.75,16.431924882629108,22.2587,22.2587,22.2587,22.2587,22.2587,True,True,nan,0,ok
progetto,100.0,3.0,213.0,0.7,5.0,16.431924882629108,23.430200000000003,23.430200000000003,23.430200000000003,23.430200000000003,23.430200000000003,True,True,nan,0,ok
progetto,100.0,3.0,237.0,0.1,4.75,2.109704641350211,20.008399999999998,20.008399999999998,20.008399999999998,20.008399999999998,20.008399999999998,True,True,nan,0,ok
progetto,100.0,3.0,237.0,0.1,5.0,2.109704641350211,21.0615,21.0615,21.0615,21.0615,21.0615,True,True,nan,0,ok
progetto,100.0,3.0,237.0,0.3,4.75,6.329113924050633,20.008399999999998,20.008399999999998,20.008399999999998,20.008399999999998,20.008399999999998,True,True,nan,0,ok
progetto,100.0,3.0,237.0,0.3,5.0,6.329113924050633,21.0615,21.0615,21.0615,21.0615,21.0615,True,True,nan,0,ok
progetto,100.0,3.0,237.0,0.5,4.75,10.548523206751055,20.008399999999998,20.008399999999998,20.008399999999998,20.008399999999998,20.008399999999998,True,True,nan,0,ok
progetto,100.0,3.0,237.0,0.5,5.0,10.548523206751055,21.0615,21.0615,21.0615,21.0615,21.0615,True,True,nan,0,ok
progetto,100.0,3.0,237.0,0.7,4.75,14.767932489451477,20.008399999999998,20.008399999999998,20.008399999999998,20.008399999999998,20.008399999999998,True,True,nan,0,ok
progetto,100.0,3.0,237.0,0.7,5.0,14.767932489451477,21.0615,21.0615,21.0615,21.0615,21.0615,True,True,nan,0,ok
progetto,100.0,3.0,261.0,0.1,4.75,1.9157088122605364,18.171400000000002,18.171400000000002,18.171400000000002,18.171400000000002,18.171400000000002,True,True,nan,0,ok
progetto,100.0,3.0,261.0,0.1,5.0,1.9157088122605364,19.1278,19.1278,19.1278,19.1278,19.1278,True,True,nan,0,ok
progetto,100.0,3.0,261.0,0.3,4.75,5.747126436781609,18.171400000000002,18.171400000000002,18.171400000000002,18.171400000000002,18.171400000000002,True,True,nan,0,ok
progetto,100.0,3.0,261.0,0.3,5.0,5.747126436781609,19.1278,19.1278,19.1278,19.1278,19.1278,True,True,nan,0,ok
progetto,100.0,3.0,261.0,0.5,4.75,9.578544061302681,18.171400000000002,18.171400000000002,18.171400000000002,18.171400000000002,18.171400000000002,True,True,nan,0,ok
progetto,100.0,3.0,261.0,0.5,5.0,9.578544061302681,19.1278,19.1278,19.1278,19.1278,19.1278,True,True,nan,0,ok
progetto,100.0,3.0,261.0,0.7,4.75,13.409961685823756,18.171400000000002,18.171400000000002,18.171400000000002,18.171400000000002,18.171400000000002,True,True,nan,0,ok
progetto,100.0,3.0,261.0,0.7,5.0,13.409961685823756,19.1278,19.1278,19.1278,19.1278,19.1278,True,True,nan,0,ok
progetto,200.0,0.1,213.0,0.1,4.75,2.347417840375587,22.2587,22.2587,22.2587,22.2587,22.2587,True,True,nan,0,ok
progetto,200.0,0.1,213.0,0.1,5.0,2.347417840375587,23.430200000000003,23.430200000000003,23.430200000000003,23.430200000000003,23.430200000000003,True,True,nan,0,ok
progetto,200.0,0.1,213.0,0.3,4.75,7.042253521126761,22.2587,22.2587,22.2587,22.2587,22.2587,True,True,nan,0,ok
progetto,200.0,0.1,213.0,0.3,5.0,7.042253521126761,23.430200000000003,23.430200000000003,23.430200000000003,23.430200000000003,23.430200000000003,True,True,nan,0,ok
progetto,200.0,0.1,213.0,0.5,4.75,11.737089201877934,22.2587,22.2587,22.2587,22.2587,22.2587,True,True,nan,0,ok
progetto,200.0,0.1,213.0,0.5,5.0,11.737089201877934,23.430200000000003,23.430200000000003,23.430200000000003,23.430200000000003,23.430200000000003,True,True,nan,0,ok
progetto,200.0,0.1,213.0,0.7,4.75,16.431924882629108,22.2587,22.2587,22.2587,22.2587,22.2587,True,True,nan,0,ok
progetto,200.0,0.1,213.0,0.7,5.0,16.431924882629108,23.430200000000003,23.430200000000003,23.430200000000003,23.430200000000003,23.430200000000003,True,True,nan,0,ok
progetto,200.0,0.1,237.0,0.1,4.75,2.109704641350211,20.008399999999998,20.008399999999998,20.008399999999998,20.008399999999998,20.008399999999998,True,True,nan,0,ok
progetto,200.0,0.1,237.0,0.1,5.0,2.109704641350211,21.0615,21.0615,21.0615,21.0615,21.0615,True,True,nan,0,ok
progetto,200.0,0.1,237.0,0.3,4.75,6.329113924050633,20.008399999999998,20.008399999999998,20.008399999999998,20.008399999999998,20.008399999999998,True,True,nan,0,ok
progetto,200.0,0.1,237.0,0.3,5.0,6.329113924050633,21.0615,21.0615,21.0615,21.0615,21.0615,True,True,nan,0,ok
progetto,200.0,0.1,237.0,0.5,4.75,10.548523206751055,20.008399999999998,20.008399999999998,20.008399999999998,20.008399999999998,20.008399999999998,True,True,nan,0,ok
progetto,200.0,0.1,237.0,0.5,5.0,10.548523206751055,21.0615,21.0615,21.0615,21.0615,21.0615,True,True,nan,0,ok
progetto,200.0,0.1,237.0,0.7,4.75,14.767932489451477,20.008399999999998,20.008399999999998,20.008399999999998,20.008399999999998,20.008399999999998,True,True,nan,0,ok
progetto,200.0,0.1,237.0,0.7,5.0,14.767932489451477,21.0615,21.0615,21.0615,21.0615,21.0615,True,True,nan,0,ok
progetto,200.0,0.1,261.0,0.1,4.75,1.9157088122605364,18.171400000000002,18.171400000000002,18.171400000000002,18.171400000000002,18.171400000000002,True,True,nan,0,ok
progetto,200.0,0.1,261.0,0.1,5.0,1.9157088122605364,19.1278,19.1278,19.1278,19.1278,19.1278,True,True,nan,0,ok
progetto,200.0,0.1,261.0,0.3,4.75,5.747126436781609,18.171400000000002,18.171400000000002,18.171400000000002,18.171400000000002,18.171400000000002,True,True,nan,0,ok
progetto,200.0,0.1,261.0,0.3,5.0,5.747126436781609,19.1278,19.1278,19.1278,19.1278,19.1278,True,True,nan,0,ok
progetto,200.0,0.1,261.0,0.5,4.75,9.578544061302681,18.171400000000002,18.171400000000002,18.171400000000002,18.171400000000002,18.171400000000002,True,True,nan,0,ok
progetto,200.0,0.1,261.0,0.5,5.0,9.578544061302681,19.1278,19.1278,19.1278,19.1278,19.1278,True,True,nan,0,ok
progetto,200.0,0.1,261.0,0.7,4.75,13.409961685823756,18.171400000000002,18.171400000000002,18.171400000000002,18.171400000000002,18.171400000000002,True,True,nan,0,ok
progetto,200.0,0.1,261.0,0.7,5.0,13.409961685823756,19.1278,19.1278,19.1278,19.1278,19.1278,True,True,nan,0,ok
progetto,200.0,0.3,213.0,0.1,4.75,2.347417840375587,22.2587,22.2587,22.2587,22.2587,22.2587,True,True,nan,0,ok
progetto,200.0,0.3,213.0,0.1,5.0,2.347417840375587,23.430200000000003,23.430200000000003,23.430200000000003,23.430200000000003,23.430200000000003,True,True,nan,0,ok
progetto,200.0,0.3,213.0,0.3,4.75,7.042253521126761,22.2587,22.2587,22.2587,22.2587,22.2587,True,True,nan,0,ok
progetto,200.0,0.3,213.0,0.3,5.0,7.042253521126761,23.430200000000003,23.430200000000003,23.430200000000003,23.430200000000003,23.430200000000003,True,True,nan,0,ok
progetto,200.0,0.3,213.0,0.5,4.75,11.737089201877934,22.2587,22.2587,22.2587,22.2587,22.2587,True,True,nan,0,ok
progetto,200.0,0.3,213.0,0.5,5.0,11.737089201877934,23.430200000000003,23.430200000000003,23.430200000000003,23.430200000000003,23.430200000000003,True,True,nan,0,ok
progetto,200.0,0.3,213.0,0.7,4.75,16.431924882629108,22.2587,22.2587,22.2587,22.2587,22.2587,True,True,nan,0,ok
progetto,200.0,0.3,213.0,0.7,5.0,16.431924882629108,23.430200000000003,23.430200000000003,23.430200000000003,23.430200000000003,23.430200000000003,True,True,nan,0,ok
progetto,200.0,0.3,237.0,0.1,4.75,2.109704641350211,20.008399999999998,20.008399999999998,20.008399999999998,20.008399999999998,20.008399999999998,True,True,nan,0,ok
progetto,200.0,0.3,237.0,0.1,5.0,2.109704641350211,21.0615,21.0615,21.0615,21.0615,21.0615,True,True,nan,0,ok
progetto,200.0,0.3,237.0,0.3,4.75,6.329113924050633,20.008399999999998,20.008399999999998,20.008399999999998,20.008399999999998,20.008399999999998,True,True,nan,0,ok
progetto,200.0,0.3,237.0,0.3,5.0,6.329113924050633,21.0615,21.0615,21.0615,21.0615,21.0615,True,True,nan,0,ok
progetto,200.0,0.3,237.0,0.5,4.75,10.548523206751055,20.008399999999998,20.008399999999998,20.008399999999998,20.008399999999998,20.008399999999998,True,True,nan,0,ok
progetto,200.0,0.3,237.0,0.5,5.0,10.548523206751055,21.0615,21.0615,21.0615,21.0615,21.0615,True,True,nan,0,ok
progetto,200.0,0.3,237.0,0.7,4.75,14.767932489451477,20.008399999999998,20.008399999999998,20.008399999999998,20.008399999999998,20.008399999999998,True,True,nan,0,ok
progetto,200.0,0.3,237.0,0.7,5.0,14.767932489451477,21.0615,21.0615,21.0615,21.0615,21.0615,True,True,nan,0,ok
progetto,200.0,0.3,261.0,0.1,4.75,1.9157088122605364,18.171400000000002,18.171400000000002,18.171400000000002,18.171400000000002,18.171400000000002,True,True,nan,0,ok
progetto,200.0,0.3,261.0,0.1,5.0,1.9157088122605364,19.1278,19.1278,19.1278,19.1278,19.1278,True,True,nan,0,ok
progetto,200.0,0.3,261.0,0.3,4.75,5.747126436781609,18.171400000000002,18.171400000000002,18.171400000000002,18.171400000000002,18.171400000000002,True,True,nan,0,ok
progetto,200.0,0.3,261.0,0.3,5.0,5.747126436781609,19.1278,19.1278,19.1278,19.1278,19.1278,True,True,nan,0,ok
progetto,200.0,0.3,261.0,0.5,4.75,9.578544061302681,18.171400000000002,18.171400000000002,18.171400000000002,18.171400000000002,18.171400000000002,True,True,nan,0,ok
progetto,200.0,0.3,261.0,0.5,5.0,9.578544061302681,19.1278,19.1278,19.1278,19.1278,19.1278,True,True,nan,0,ok
progetto,200.0,0.3,261.0,0.7,4.75,13.409961685823756,18.171400000000002,18.171400000000002,18.171400000000002,18.171400000000002,18.171400000000002,True,True,nan,0,ok
progetto,200.0,0.3,261.0,0.7,5.0,13.409961685823756,19.1278,19.1278,19.1278,19.1278,19.1278,True,True,nan,0,ok
progetto,200.0,1.0,213.0,0.1,4.75,2.347417840375587,22.2587,22.2587,22.2587,22.2587,22.2587,True,True,nan,0,ok
progetto,200.0,1.0,213.0,0.1,5.0,2.347417840375587,23.430200000000003,23.430200000000003,23.430200000000003,23.430200000000003,23.430200000000003,True,True,nan,0,ok
progetto,200.0,1.0,213.0,0.3,4.75,7.042253521126761,22.2587,22.2587,22.2587,22.2587,22.2587,True,True,nan,0,ok
progetto,200.0,1.0,213.0,0.3,5.0,7.042253521126761,23.430200000000003,23.430200000000003,23.430200000000003,23.430200000000003,23.430200000000003,True,True,nan,0,ok
progetto,200.0,1.0,213.0,0.5,4.75,11.737089201877934,22.2587,22.2587,22.2587,22.2587,22.2587,True,True,nan,0,ok
progetto,200.0,1.0,213.0,0.5,5.0,11.737089201877934,23.430200000000003,23.430200000000003,23.430200000000003,23.430200000000003,23.430200000000003,True,True,nan,0,ok
progetto,200.0,1.0,213.0,0.7,4.75,16.431924882629108,22.2587,22.2587,22.2587,22.2587,22.2587,True,True,nan,0,ok
progetto,200.0,1.0,213.0,0.7,5.0,16.431924882629108,23.430200000000003,23.430200000000003,23.430200000000003,23.430200000000003,23.430200000000003,True,True,nan,0,ok
progetto,200.0,1.0,237.0,0.1,4.75,2.109704641350211,20.008399999999998,20.008399999999998,20.008399999999998,20.008399999999998,20.008399999999998,True,True,nan,0,ok
progetto,200.0,1.0,237.0,0.1,5.0,2.109704641350211,21.0615,21.0615,21.0615,21.0615,21.0615,True,True,nan,0,ok
progetto,200.0,1.0,237.0,0.3,4.75,6.329113924050633,20.008399999999998,20.008399999999998,20.008399999999998,20.008399999999998,20.008399999999998,True,True,nan,0,ok
progetto,200.0,1.0,237.0,0.3,5.0,6.329113924050633,21.0615,21.0615,21.0615,21.0615,21.0615,True,True,nan,0,ok
progetto,200.0,1.0,237.0,0.5,4.75,10.548523206751055,20.008399999999998,20.008399999999998,20.008399999999998,20.008399999999998,20.008399999999998,True,True,nan,0,ok
progetto,200.0,1.0,237.0,0.5,5.0,10.548523206751055,21.0615,21.0615,21.0615,21.0615,21.0615,True,True,nan,0,ok
progetto,200.0,1.0,237.0,0.7,4.75,14.767932489451477,20.008399999999998,20.008399999999998,20.008399999999998,20.008399999999998,20.008399999999998,True,True,nan,0,ok
progetto,200.0,1.0,237.0,0.7,5.0,14.767932489451477,21.0615,21.0615,21.0615,21.0615,21.0615,True,True,nan,0,ok
progetto,200.0,1.0,261.0,0.1,4.75,1.9157088122605364,18.171400000000002,18.171400000000002,18.171400000000002,18.171400000000002,18.171400000000002,True,True,nan,0,ok
progetto,200.0,1.0,261.0,0.1,5.0,1.9157088122605364,19.1278,19.1278,19.1278,19.1278,19.1278,True,True,nan,0,ok
progetto,200.0,1.0,261.0,0.3,4.75,5.747126436781609,18.171400000000002,18.171400000000002,18.171400000000002,18.171400000000002,18.171400000000002,True,True,nan,0,ok
progetto,200.0,1.0,261.0,0.3,5.0,5.747126436781609,19.1278,19.1278,19.1278,19.1278,19.1278,True,True,nan,0,ok
progetto,200.0,1.0,261.0,0.5,4.75,9.578544061302681,18.171400000000002,18.171400000000002,18.171400000000002,18.171400000000002,18.171400000000002,True,True,nan,0,ok
progetto,200.0,1.0,261.0,0.5,5.0,9.578544061302681,19.1278,19.1278,19.1278,19.1278,19.1278,True,True,nan,0,ok
progetto,200.0,1.0,261.0,0.7,4.75,13.409961685823756,18.171400000000002,18.171400000000002,18.171400000000002,18.171400000000002,18.171400000000002,True,True,nan,0,ok
progetto,200.0,1.0,261.0,0.7,5.0,13.409961685823756,19.1278,19.1278,19.1278,19.1278,19.1278,True,True,nan,0,ok
progetto,200.0,3.0,213.0,0.1,4.75,2.347417840375587,22.2587,22.2587,22.2587,22.2587,22.2587,True,True,nan,0,ok
progetto,200.0,3.0,213.0,0.1,5.0,2.347417840375587,23.430200000000003,23.430200000000003,23.430200000000003,23.430200000000003,23.430200000000003,True,True,nan,0,ok
progetto,200.0,3.0,213.0,0.3,4.75,7.042253521126761,22.2587,22.2587,22.2587,22.2587,22.2587,True,True,nan,0,ok
progetto,200.0,3.0,213.0,0.3,5.0,7.042253521126761,23.430200000000003,23.430200000000003,23.430200000000003,23.430200000000003,23.430200000000003,True,True,nan,0,ok
progetto,200.0,3.0,213.0,0.5,4.75,11.737089201877934,22.2587,22.2587,22.2587,22.2587,22.2587,True,True,nan,0,ok
progetto,200.0,3.0,213.0,0.5,5.0,11.737089201877934,23.430200000000003,23.430200000000003,23.430200000000003,23.430200000000003,23.430200000000003,True,True,nan,0,ok
progetto,200.0,3.0,213.0,0.7,4.75,16.431924882629108,22.2587,22.2587,22.2587,22.2587,22.2587,True,True,nan,0,ok
progetto,200.0,3.0,213.0,0.7,5.0,16.431924882629108,23.430200000000003,23.430200000000003,23.430200000000003,23.430200000000003,23.430200000000003,True,True,nan,0,ok
progetto,200.0,3.0,237.0,0.1,4.75,2.109704641350211,20.008399999999998,20.008399999999998,20.008399999999998,20.008399999999998,20.008399999999998,True,True,nan,0,ok
progetto,200.0,3.0,237.0,0.1,5.0,2.109704641350211,21.0615,21.0615,21.0615,21.0615,21.0615,True,True,nan,0,ok
progetto,200.0,3.0,237.0,0.3,4.75,6.329113924050633,20.008399999999998,20.008399999999998,20.008399999999998,20.008399999999998,20.008399999999998,True,True,nan,0,ok
progetto,200.0,3.0,237.0,0.3,5.0,6.329113924050633,21.0615,21.0615,21.0615,21.0615,21.0615,True,True,nan,0,ok
progetto,200.0,3.0,237.0,0.5,4.75,10.548523206751055,20.008399999999998,20.008399999999998,20.008399999999998,20.008399999999998,20.008399999999998,True,True,nan,0,ok
progetto,200.0,3.0,237.0,0.5,5.0,10.548523206751055,21.0615,21.0615,21.0615,21.0615,21.0615,True,True,nan,0,ok
progetto,200.0,3.0,237.0,0.7,4.75,14.767932489451477,20.008399999999998,20.008399999999998,20.008399999999998,20.008399999999998,20.008399999999998,True,True,nan,0,ok
progetto,200.0,3.0,237.0,0.7,5.0,14.767932489451477,21.0615,21.0615,21.0615,21.0615,21.0615,True,True,nan,0,ok
progetto,200.0,3.0,261.0,0.1,4.75,1.9157088122605364,18.171400000000002,18.171400000000002,18.171400000000002,18.171400000000002,18.171400000000002,True,True,nan,0,ok
progetto,200.0,3.0,261.0,0.1,5.0,1.9157088122605364,19.1278,19.1278,19.1278,19.1278,19.1278,True,True,nan,0,ok
progetto,200.0,3.0,261.0,0.3,4.75,5.747126436781609,18.171400000000002,18.171400000000002,18.171400000000002,18.171400000000002,18.171400000000002,True,True,nan,0,ok
progetto,200.0,3.0,261.0,0.3,5.0,5.747126436781609,19.1278,19.1278,19.1278,19.1278,19.1278,True,True,nan,0,ok
progetto,200.0,3.0,261.0,0.5,4.75,9.578544061302681,18.171400000000002,18.171400000000002,18.171400000000002,18.171400000000002,18.171400000000002,True,True,nan,0,ok
progetto,200.0,3.0,261.0,0.5,5.0,9.578544061302681,19.1278,19.1278,19.1278,19.1278,19.1278,True,True,nan,0,ok
progetto,200.0,3.0,261.0,0.7,4.75,13.409961685823756,18.171400000000002,18.171400000000002,18.171400000000002,18.171400000000002,18.171400000000002,True,True,nan,0,ok
progetto,200.0,3.0,261.0,0.7,5.0,13.409961685823756,19.1278,19.1278,19.1278,19.1278,19.1278,True,True,nan,0,ok
residuo,5.0,0.1,213.0,0.1,4.75,2.347417840375587,22.2587,18.6534,18.6534,-1.22238e-06,2.5807e-06,True,False,32.400000000001874,0,ok
residuo,5.0,0.1,213.0,0.1,5.0,2.347417840375587,23.430200000000003,19.806,19.806,-1.6877900000000001e-06,2.71652e-06,True,False,33.600000000001685,0,ok
residuo,5.0,0.1,213.0,0.3,4.75,7.042253521126761,22.2587,18.6534,18.6534,-1.22238e-06,2.5807e-06,True,False,18.000000000000654,0,ok
residuo,5.0,0.1,213.0,0.3,5.0,7.042253521126761,23.430200000000003,19.806,19.806,-2.21803e-06,2.71652e-06,True,False,19.20000000000047,0,ok
residuo,5.0,0.1,213.0,0.5,4.75,11.737089201877934,22.2587,18.6534,18.6534,-1.22238e-06,2.5807e-06,True,False,9.30000000000028,0,ok
residuo,5.0,0.1,213.0,0.5,5.0,11.737089201877934,23.430200000000003,19.806,19.806,-2.70996e-06,2.71652e-06,True,False,10.500000000000092,0,ok
residuo,5.0,0.1,213.0,0.7,4.75,16.431924882629108,22.2587,18.6534,18.6534,-1.22238e-06,2.5807e-06,True,False,2.999999999999531,0,ok
residuo,5.0,0.1,213.0,0.7,5.0,16.431924882629108,23.430200000000003,19.806,19.806,-2.74113e-06,2.71652e-06,True,False,4.200000000002813,0,ok
residuo,5.0,0.1,237.0,0.1,4.75,2.109704641350211,20.008399999999998,16.796499999999998,16.796499999999998,-2.46215e-06,2.5806900000000003e-06,True,False,29.299999999999464,0,ok
residuo,5.0,0.1,237.0,0.1,5.0,2.109704641350211,21.0615,17.8332,17.8332,-2.76151e-06,2.71652e-06,True,False,30.39999999999987,0,ok
residuo,5.0,0.1,237.0,0.3,4.75,6.329113924050633,20.008399999999998,16.796499999999998,16.796499999999998,-2.46215e-06,2.5806900000000003e-06,True,False,16.30000000000034,0,ok
residuo,5.0,0.1,237.0,0.3,5.0,6.329113924050633,21.0615,17.8332,17.8332,-1.55394e-06,2.71652e-06,True,False,17.400000000000748,0,ok
residuo,5.0,0.1,237.0,0.5,4.75,10.548523206751055,20.008399999999998,16.796499999999998,16.796499999999998,-2.46215e-06,2.5806900000000003e-06,True,False,8.500000000001561,0,ok
residuo,5.0,0.1,237.0,0.5,5.0,10.548523206751055,21.0615,17.8332,17.8332,-2.6096100000000002e-06,2.71652e-06,True,False,9.500000000002562,0,ok
residuo,5.0,0.1,237.0,0.7,4.75,14.767932489451477,20.008399999999998,16.796499999999998,16.796499999999998,-2.46215e-06,2.5806900000000003e-06,True,False,2.8000000000007184,0,ok
residuo,5.0,0.1,237.0,0.7,5.0,14.767932489451477,21.0615,17.8332,17.8332,-2.48821e-06,2.71652e-06,True,False,3.900000000001125,0,ok
residuo,5.0,0.1,261.0,0.1,4.75,1.9157088122605364,18.171400000000002,15.2774,15.2774,-1.13837e-06,2.5806900000000003e-06,True,False,26.70000000000103,0,ok
residuo,5.0,0.1,261.0,0.1,5.0,1.9157088122605364,19.1278,16.2193,16.2193,-2.4447499999999998e-06,2.71652e-06,True,False,27.700000000002028,0,ok
residuo,5.0,0.1,261.0,0.3,4.75,5.747126436781609,18.171400000000002,15.2774,15.2774,-1.13837e-06,2.5806900000000003e-06,True,False,14.900000000001718,0,ok
residuo,5.0,0.1,261.0,0.3,5.0,5.747126436781609,19.1278,16.2193,16.2193,-2.27172e-06,2.71652e-06,True,False,15.900000000002718,0,ok
residuo,5.0,0.1,261.0,0.5,4.75,9.578544061302681,18.171400000000002,15.2774,15.2774,-1.13837e-06,2.5806900000000003e-06,True,False,7.80000000000225,0,ok
residuo,5.0,0.1,261.0,0.5,5.0,9.578544061302681,19.1278,16.2193,16.2193,-1.20993e-06,2.71652e-06,True,False,8.79999999999978,0,ok
residuo,5.0,0.1,261.0,0.7,4.75,13.409961685823756,18.171400000000002,15.2774,15.2774,-1.13837e-06,2.5806900000000003e-06,True,False,2.6000000000019066,0,ok
residuo,5.0,0.1,261.0,0.7,5.0,13.409961685823756,19.1278,16.2193,16.2193,-2.76153e-06,2.71652e-06,True,False,3.599999999999437,0,ok
residuo,5.0,0.3,213.0,0.1,4.75,2.347417840375587,22.2587,18.6534,18.6534,-1.22238e-06,2.5807e-06,True,False,32.400000000001874,0,ok
residuo,5.0,0.3,213.0,0.1,5.0,2.347417840375587,23.430200000000003,19.806,19.806,-1.6877900000000001e-06,2.71652e-06,True,False,33.600000000001685,0,ok
residuo,5.0,0.3,213.0,0.3,4.75,7.042253521126761,22.2587,18.6534,18.6534,-1.22238e-06,2.5807e-06,True,False,18.000000000000654,0,ok
residuo,5.0,0.3,213.0,0.3,5.0,7.042253521126761,23.430200000000003,19.806,19.806,-2.21803e-06,2.71652e-06,True,False,19.20000000000047,0,ok
residuo,5.0,0.3,213.0,0.5,4.75,11.737089201877934,22.2587,18.6534,18.6534,-1.22238e-06,2.5807e-06,True,False,9.30000000000028,0,ok
residuo,5.0,0.3,213.0,0.5,5.0,11.737089201877934,23.430200000000003,19.806,19.806,-2.70996e-06,2.71652e-06,True,False,10.500000000000092,0,ok
residuo,5.0,0.3,213.0,0.7,4.75,16.431924882629108,22.2587,18.6534,18.6534,-1.22238e-06,2.5807e-06,True,False,2.999999999999531,0,ok
residuo,5.0,0.3,213.0,0.7,5.0,16.431924882629108,23.430200000000003,19.806,19.806,-2.74113e-06,2.71652e-06,True,False,4.200000000002813,0,ok
residuo,5.0,0.3,237.0,0.1,4.75,2.109704641350211,20.008399999999998,16.796499999999998,16.796499999999998,-2.46215e-06,2.5806900000000003e-06,True,False,29.299999999999464,0,ok
residuo,5.0,0.3,237.0,0.1,5.0,2.109704641350211,21.0615,17.8332,17.8332,-2.76151e-06,2.71652e-06,True,False,30.39999999999987,0,ok
residuo,5.0,0.3,237.0,0.3,4.75,6.329113924050633,20.008399999999998,16.796499999999998,16.796499999999998,-2.46215e-06,2.5806900000000003e-06,True,False,16.30000000000034,0,ok
residuo,5.0,0.3,237.0,0.3,5.0,6.329113924050633,21.0615,17.8332,17.8332,-1.55394e-06,2.71652e-06,True,False,17.400000000000748,0,ok
residuo,5.0,0.3,237.0,0.5,4.75,10.548523206751055,20.008399999999998,16.796499999999998,16.796499999999998,-2.46215e-06,2.5806900000000003e-06,True,False,8.500000000001561,0,ok
residuo,5.0,0.3,237.0,0.5,5.0,10.548523206751055,21.0615,17.8332,17.8332,-2.6096100000000002e-06,2.71652e-06,True,False,9.500000000002562,0,ok
residuo,5.0,0.3,237.0,0.7,4.75,14.767932489451477,20.008399999999998,16.796499999999998,16.796499999999998,-2.46215e-06,2.5806900000000003e-06,True,False,2.8000000000007184,0,ok
residuo,5.0,0.3,237.0,0.7,5.0,14.767932489451477,21.0615,17.8332,17.8332,-2.4882e-06,2.71652e-06,True,False,3.900000000001125,0,ok
residuo,5.0,0.3,261.0,0.1,4.75,1.9157088122605364,18.171400000000002,15.2774,15.2774,-1.13837e-06,2.5806900000000003e-06,True,False,26.70000000000103,0,ok
residuo,5.0,0.3,261.0,0.1,5.0,1.9157088122605364,19.1278,16.2193,16.2193,-2.4447499999999998e-06,2.71652e-06,True,False,27.700000000002028,0,ok
residuo,5.0,0.3,261.0,0.3,4.75,5.747126436781609,18.171400000000002,15.2774,15.2774,-1.13837e-06,2.5806900000000003e-06,True,False,14.900000000001718,0,ok
residuo,5.0,0.3,261.0,0.3,5.0,5.747126436781609,19.1278,16.2193,16.2193,-2.27172e-06,2.71652e-06,True,False,15.900000000002718,0,ok
residuo,5.0,0.3,261.0,0.5,4.75,9.578544061302681,18.171400000000002,15.2774,15.2774,-1.13837e-06,2.5806900000000003e-06,True,False,7.80000000000225,0,ok
residuo,5.0,0.3,261.0,0.5,5.0,9.578544061302681,19.1278,16.2193,16.2193,-1.20993e-06,2.71652e-06,True,False,8.79999999999978,0,ok
residuo,5.0,0.3,261.0,0.7,4.75,13.409961685823756,18.171400000000002,15.2774,15.2774,-1.13837e-06,2.5806900000000003e-06,True,False,2.6000000000019066,0,ok
residuo,5.0,0.3,261.0,0.7,5.0,13.409961685823756,19.1278,16.2193,16.2193,-2.76153e-06,2.71652e-06,True,False,3.599999999999437,0,ok
residuo,5.0,1.0,213.0,0.1,4.75,2.347417840375587,22.2587,18.6534,18.6534,-1.22238e-06,2.5807e-06,True,False,32.400000000001874,0,ok
residuo,5.0,1.0,213.0,0.1,5.0,2.347417840375587,23.430200000000003,19.806,19.806,-1.6877900000000001e-06,2.71652e-06,True,False,33.600000000001685,0,ok
residuo,5.0,1.0,213.0,0.3,4.75,7.042253521126761,22.2587,18.6534,18.6534,-1.22238e-06,2.5807e-06,True,False,18.000000000000654,0,ok
residuo,5.0,1.0,213.0,0.3,5.0,7.042253521126761,23.430200000000003,19.806,19.806,-2.21803e-06,2.71652e-06,True,False,19.20000000000047,0,ok
residuo,5.0,1.0,213.0,0.5,4.75,11.737089201877934,22.2587,18.6534,18.6534,-1.22238e-06,2.5807e-06,True,False,9.30000000000028,0,ok
residuo,5.0,1.0,213.0,0.5,5.0,11.737089201877934,23.430200000000003,19.806,19.806,-2.70996e-06,2.71652e-06,True,False,10.500000000000092,0,ok
residuo,5.0,1.0,213.0,0.7,4.75,16.431924882629108,22.2587,18.6534,18.6534,-1.22238e-06,2.5807e-06,True,False,2.999999999999531,0,ok
residuo,5.0,1.0,213.0,0.7,5.0,16.431924882629108,23.430200000000003,19.806,19.806,-2.74113e-06,2.71652e-06,True,False,4.200000000002813,0,ok
residuo,5.0,1.0,237.0,0.1,4.75,2.109704641350211,20.008399999999998,16.796499999999998,16.796499999999998,-2.46215e-06,2.5806900000000003e-06,True,False,29.299999999999464,0,ok
residuo,5.0,1.0,237.0,0.1,5.0,2.109704641350211,21.0615,17.8332,17.8332,-2.76151e-06,2.71652e-06,True,False,30.39999999999987,0,ok
residuo,5.0,1.0,237.0,0.3,4.75,6.329113924050633,20.008399999999998,16.796499999999998,16.796499999999998,-2.46215e-06,2.5806900000000003e-06,True,False,16.30000000000034,0,ok
residuo,5.0,1.0,237.0,0.3,5.0,6.329113924050633,21.0615,17.8332,17.8332,-1.55394e-06,2.71652e-06,True,False,17.400000000000748,0,ok
residuo,5.0,1.0,237.0,0.5,4.75,10.548523206751055,20.008399999999998,16.796499999999998,16.796499999999998,-2.46215e-06,2.5806900000000003e-06,True,False,8.500000000001561,0,ok
residuo,5.0,1.0,237.0,0.5,5.0,10.548523206751055,21.0615,17.8332,17.8332,-2.6096100000000002e-06,2.71652e-06,True,False,9.500000000002562,0,ok
residuo,5.0,1.0,237.0,0.7,4.75,14.767932489451477,20.008399999999998,16.796499999999998,16.796499999999998,-2.46215e-06,2.5806900000000003e-06,True,False,2.8000000000007184,0,ok
residuo,5.0,1.0,237.0,0.7,5.0,14.767932489451477,21.0615,17.8332,17.8332,-2.48821e-06,2.71652e-06,True,False,3.900000000001125,0,ok
residuo,5.0,1.0,261.0,0.1,4.75,1.9157088122605364,18.171400000000002,15.2774,15.2774,-1.13837e-06,2.5806900000000003e-06,True,False,26.70000000000103,0,ok
residuo,5.0,1.0,261.0,0.1,5.0,1.9157088122605364,19.1278,16.2193,16.2193,-2.4447499999999998e-06,2.71652e-06,True,False,27.700000000002028,0,ok
residuo,5.0,1.0,261.0,0.3,4.75,5.747126436781609,18.171400000000002,15.2774,15.2774,-1.13837e-06,2.5806900000000003e-06,True,False,14.900000000001718,0,ok
residuo,5.0,1.0,261.0,0.3,5.0,5.747126436781609,19.1278,16.2193,16.2193,-2.27172e-06,2.71652e-06,True,False,15.900000000002718,0,ok
residuo,5.0,1.0,261.0,0.5,4.75,9.578544061302681,18.171400000000002,15.2774,15.2774,-1.13837e-06,2.5806900000000003e-06,True,False,7.80000000000225,0,ok
residuo,5.0,1.0,261.0,0.5,5.0,9.578544061302681,19.1278,16.2193,16.2193,-1.20993e-06,2.71652e-06,True,False,8.79999999999978,0,ok
residuo,5.0,1.0,261.0,0.7,4.75,13.409961685823756,18.171400000000002,15.2774,15.2774,-1.13837e-06,2.5806900000000003e-06,True,False,2.6000000000019066,0,ok
residuo,5.0,1.0,261.0,0.7,5.0,13.409961685823756,19.1278,16.2193,16.2193,-2.76153e-06,2.71652e-06,True,False,3.599999999999437,0,ok
residuo,5.0,3.0,213.0,0.1,4.75,2.347417840375587,22.2587,18.6534,18.6534,-1.22238e-06,2.5807e-06,True,False,32.400000000001874,0,ok
residuo,5.0,3.0,213.0,0.1,5.0,2.347417840375587,23.430200000000003,19.806,19.806,-1.6877900000000001e-06,2.71652e-06,True,False,33.600000000001685,0,ok
residuo,5.0,3.0,213.0,0.3,4.75,7.042253521126761,22.2587,18.6534,18.6534,-1.22238e-06,2.5807e-06,True,False,18.000000000000654,0,ok
residuo,5.0,3.0,213.0,0.3,5.0,7.042253521126761,23.430200000000003,19.806,19.806,-2.21803e-06,2.71652e-06,True,False,19.20000000000047,0,ok
residuo,5.0,3.0,213.0,0.5,4.75,11.737089201877934,22.2587,18.6534,18.6534,-1.22238e-06,2.5807e-06,True,False,9.30000000000028,0,ok
residuo,5.0,3.0,213.0,0.5,5.0,11.737089201877934,23.430200000000003,19.806,19.806,-2.70996e-06,2.71652e-06,True,False,10.500000000000092,0,ok
residuo,5.0,3.0,213.0,0.7,4.75,16.431924882629108,22.2587,18.6534,18.6534,-1.22238e-06,2.5807e-06,True,False,2.999999999999531,0,ok
residuo,5.0,3.0,213.0,0.7,5.0,16.431924882629108,23.430200000000003,19.806,19.806,-2.74113e-06,2.71652e-06,True,False,4.200000000002813,0,ok
residuo,5.0,3.0,237.0,0.1,4.75,2.109704641350211,20.008399999999998,16.796499999999998,16.796499999999998,-2.46215e-06,2.5806900000000003e-06,True,False,29.299999999999464,0,ok
residuo,5.0,3.0,237.0,0.1,5.0,2.109704641350211,21.0615,17.8332,17.8332,-2.76151e-06,2.71652e-06,True,False,30.39999999999987,0,ok
residuo,5.0,3.0,237.0,0.3,4.75,6.329113924050633,20.008399999999998,16.796499999999998,16.796499999999998,-2.46215e-06,2.5806900000000003e-06,True,False,16.30000000000034,0,ok
residuo,5.0,3.0,237.0,0.3,5.0,6.329113924050633,21.0615,17.8332,17.8332,-1.55394e-06,2.71652e-06,True,False,17.400000000000748,0,ok
residuo,5.0,3.0,237.0,0.5,4.75,10.548523206751055,20.008399999999998,16.796499999999998,16.796499999999998,-2.46215e-06,2.5806900000000003e-06,True,False,8.500000000001561,0,ok
residuo,5.0,3.0,237.0,0.5,5.0,10.548523206751055,21.0615,17.8332,17.8332,-2.6096100000000002e-06,2.71652e-06,True,False,9.500000000002562,0,ok
residuo,5.0,3.0,237.0,0.7,4.75,14.767932489451477,20.008399999999998,16.796499999999998,16.796499999999998,-2.46215e-06,2.5806900000000003e-06,True,False,2.8000000000007184,0,ok
residuo,5.0,3.0,237.0,0.7,5.0,14.767932489451477,21.0615,17.8332,17.8332,-2.4882e-06,2.71652e-06,True,False,3.900000000001125,0,ok
residuo,5.0,3.0,261.0,0.1,4.75,1.9157088122605364,18.171400000000002,15.2774,15.2774,-1.13837e-06,2.5806900000000003e-06,True,False,26.70000000000103,0,ok
residuo,5.0,3.0,261.0,0.1,5.0,1.9157088122605364,19.1278,16.2193,16.2193,-2.4447499999999998e-06,2.71652e-06,True,False,27.700000000002028,0,ok
residuo,5.0,3.0,261.0,0.3,4.75,5.747126436781609,18.171400000000002,15.2774,15.2774,-1.13837e-06,2.5806900000000003e-06,True,False,14.900000000001718,0,ok
residuo,5.0,3.0,261.0,0.3,5.0,5.747126436781609,19.1278,16.2193,16.2193,-2.27172e-06,2.71652e-06,True,False,15.900000000002718,0,ok
residuo,5.0,3.0,261.0,0.5,4.75,9.578544061302681,18.171400000000002,15.2774,15.2774,-1.13837e-06,2.5806900000000003e-06,True,False,7.80000000000225,0,ok
residuo,5.0,3.0,261.0,0.5,5.0,9.578544061302681,19.1278,16.2193,16.2193,-1.20993e-06,2.71652e-06,True,False,8.79999999999978,0,ok
residuo,5.0,3.0,261.0,0.7,4.75,13.409961685823756,18.171400000000002,15.2774,15.2774,-1.13837e-06,2.5806900000000003e-06,True,False,2.6000000000019066,0,ok
residuo,5.0,3.0,261.0,0.7,5.0,13.409961685823756,19.1278,16.2193,16.2193,-2.76153e-06,2.71652e-06,True,False,3.599999999999437,0,ok
residuo,20.0,0.1,213.0,0.1,4.75,2.347417840375587,22.2587,18.6534,18.6534,1.24581e-06,2.5807e-06,True,False,127.99999999999964,0,ok
residuo,20.0,0.1,213.0,0.1,5.0,2.347417840375587,23.430200000000003,19.806,19.806,3.87012e-07,2.71652e-06,True,False,132.69999999999948,0,ok
residuo,20.0,0.1,213.0,0.3,4.75,7.042253521126761,22.2587,18.6534,18.6534,1.24581e-06,2.5807e-06,True,False,70.50000000000112,0,ok
residuo,20.0,0.1,213.0,0.3,5.0,7.042253521126761,23.430200000000003,19.806,19.806,3.87024e-07,2.71652e-06,True,False,75.20000000000095,0,ok
residuo,20.0,0.1,213.0,0.5,4.75,11.737089201877934,22.2587,18.6534,18.6534,1.24581e-06,2.5807e-06,True,False,35.600000000000215,0,ok
residuo,20.0,0.1,213.0,0.5,5.0,11.737089201877934,23.430200000000003,19.806,19.806,3.8702000000000003e-07,2.71652e-06,True,False,40.399999999999466,0,ok
residuo,20.0,0.1,213.0,0.7,4.75,16.431924882629108,22.2587,18.6534,18.6534,1.24581e-06,2.5807e-06,True,False,10.400000000000686,0,ok
residuo,20.0,0.1,213.0,0.7,5.0,16.431924882629108,23.430200000000003,19.806,19.806,3.8702699999999996e-07,2.71652e-06,True,False,15.199999999999935,0,ok
residuo,20.0,0.1,237.0,0.1,4.75,2.109704641350211,20.008399999999998,16.796499999999998,16.796499999999998,1.5042000000000001e-06,2.5806900000000003e-06,True,False,115.50000000000102,0,ok
residuo,20.0,0.1,237.0,0.1,5.0,2.109704641350211,21.0615,17.8332,17.8332,6.75322e-07,2.71652e-06,True,False,119.79999999999977,0,ok
residuo,20.0,0.1,237.0,0.3,4.75,6.329113924050633,20.008399999999998,16.796499999999998,16.796499999999998,1.5042000000000001e-06,2.5806900000000003e-06,True,False,63.69999999999987,0,ok
residuo,20.0,0.1,237.0,0.3,5.0,6.329113924050633,21.0615,17.8332,17.8332,6.7535e-07,2.71652e-06,True,False,67.90000000000268,0,ok
residuo,20.0,0.1,237.0,0.5,4.75,10.548523206751055,20.008399999999998,16.796499999999998,16.796499999999998,1.5042000000000001e-06,2.5806900000000003e-06,True,False,32.30000000000246,0,ok
residuo,20.0,0.1,237.0,0.5,5.0,10.548523206751055,21.0615,17.8332,17.8332,6.75294e-07,2.71652e-06,True,False,36.50000000000181,0,ok
residuo,20.0,0.1,237.0,0.7,4.75,14.767932489451477,20.008399999999998,16.796499999999998,16.796499999999998,1.5042000000000001e-06,2.5806900000000003e-06,True,False,9.600000000001968,0,ok
residuo,20.0,0.1,237.0,0.7,5.0,14.767932489451477,21.0615,17.8332,17.8332,6.752419999999999e-07,2.71652e-06,True,False,13.800000000001312,0,ok
residuo,20.0,0.1,261.0,0.1,4.75,1.9157088122605364,18.171400000000002,15.2774,15.2774,5.286319999999999e-07,2.5806900000000003e-06,True,False,105.30000000000261,0,ok
residuo,20.0,0.1,261.0,0.1,5.0,1.9157088122605364,19.1278,16.2193,16.2193,1.62578e-06,2.71652e-06,True,False,109.20000000000027,0,ok
residuo,20.0,0.1,261.0,0.3,4.75,5.747126436781609,18.171400000000002,15.2774,15.2774,5.286319999999999e-07,2.5806900000000003e-06,True,False,58.1000000000019,0,ok
residuo,20.0,0.1,261.0,0.3,5.0,5.747126436781609,19.1278,16.2193,16.2193,1.62584e-06,2.71652e-06,True,False,61.90000000000015,0,ok
residuo,20.0,0.1,261.0,0.5,4.75,9.578544061302681,18.171400000000002,15.2774,15.2774,5.286319999999999e-07,2.5806900000000003e-06,True,False,29.500000000001748,0,ok
residuo,20.0,0.1,261.0,0.5,5.0,9.578544061302681,19.1278,16.2193,16.2193,1.6257000000000002e-06,2.71652e-06,True,False,33.3999999999994,0,ok
residuo,20.0,0.1,261.0,0.7,4.75,13.409961685823756,18.171400000000002,15.2774,15.2774,5.286319999999999e-07,2.5806900000000003e-06,True,False,8.900000000002656,0,ok
residuo,20.0,0.1,261.0,0.7,5.0,13.409961685823756,19.1278,16.2193,16.2193,1.62554e-06,2.71652e-06,True,False,12.700000000000905,0,ok
residuo,20.0,0.3,213.0,0.1,4.75,2.347417840375587,22.2587,18.6534,18.6534,-1.0319e-06,2.5807e-06,True,False,127.99999999999964,0,ok
residuo,20.0,0.3,213.0,0.1,5.0,2.347417840375587,23.430200000000003,19.806,19.806,-2.00085e-06,2.71652e-06,True,False,132.69999999999948,0,ok
residuo,20.0,0.3,213.0,0.3,4.75,7.042253521126761,22.2587,18.6534,18.6534,-1.0319e-06,2.5807e-06,True,False,70.50000000000112,0,ok
residuo,20.0,0.3,213.0,0.3,5.0,7.042253521126761,23.430200000000003,19.806,19.806,-2.18526e-06,2.71652e-06,True,False,75.20000000000095,0,ok
residuo,20.0,0.3,213.0,0.5,4.75,11.737089201877934,22.2587,18.6534,18.6534,-1.0319e-06,2.5807e-06,True,False,35.600000000000215,0,ok
residuo,20.0,0.3,213.0,0.5,5.0,11.737089201877934,23.430200000000003,19.806,19.806,-2.2822999999999997e-06,2.71652e-06,True,False,40.399999999999466,0,ok
residuo,20.0,0.3,213.0,0.7,4.75,16.431924882629108,22.2587,18.6534,18.6534,-1.0319e-06,2.5807e-06,True,False,10.400000000000686,0,ok
residuo,20.0,0.3,213.0,0.7,5.0,16.431924882629108,23.430200000000003,19.806,19.806,-2.30953e-06,2.71652e-06,True,False,15.199999999999935,0,ok
residuo,20.0,0.3,237.0,0.1,4.75,2.109704641350211,20.008399999999998,16.796499999999998,16.796499999999998,-7.74374e-07,2.5806900000000003e-06,True,False,115.50000000000102,0,ok
residuo,20.0,0.3,237.0,0.1,5.0,2.109704641350211,21.0615,17.8332,17.8332,-1.71416e-06,2.71652e-06,True,False,119.79999999999977,0,ok
residuo,20.0,0.3,237.0,0.3,4.75,6.329113924050633,20.008399999999998,16.796499999999998,16.796499999999998,-7.74374e-07,2.5806900000000003e-06,True,False,63.69999999999987,0,ok
residuo,20.0,0.3,237.0,0.3,5.0,6.329113924050633,21.0615,17.8332,17.8332,-1.7618e-06,2.71652e-06,True,False,67.90000000000268,0,ok
residuo,20.0,0.3,237.0,0.5,4.75,10.548523206751055,20.008399999999998,16.796499999999998,16.796499999999998,-7.74374e-07,2.5806900000000003e-06,True,False,32.30000000000246,0,ok
residuo,20.0,0.3,237.0,0.5,5.0,10.548523206751055,21.0615,17.8332,17.8332,-1.65892e-06,2.71652e-06,True,False,36.50000000000181,0,ok
residuo,20.0,0.3,237.0,0.7,4.75,14.767932489451477,20.008399999999998,16.796499999999998,16.796499999999998,-7.74374e-07,2.5806900000000003e-06,True,False,9.600000000001968,0,ok
residuo,20.0,0.3,237.0,0.7,5.0,14.767932489451477,21.0615,17.8332,17.8332,-2.37695e-06,2.71652e-06,True,False,13.800000000001312,0,ok
residuo,20.0,0.3,261.0,0.1,4.75,1.9157088122605364,18.171400000000002,15.2774,15.2774,-1.74572e-06,2.5806900000000003e-06,True,False,105.30000000000261,0,ok
residuo,20.0,0.3,261.0,0.1,5.0,1.9157088122605364,19.1278,16.2193,16.2193,-7.671930000000001e-07,2.71652e-06,True,False,109.20000000000027,0,ok
residuo,20.0,0.3,261.0,0.3,4.75,5.747126436781609,18.171400000000002,15.2774,15.2774,-1.74572e-06,2.5806900000000003e-06,True,False,58.1000000000019,0,ok
residuo,20.0,0.3,261.0,0.3,5.0,5.747126436781609,19.1278,16.2193,16.2193,-7.671320000000001e-07,2.71652e-06,True,False,61.90000000000015,0,ok
residuo,20.0,0.3,261.0,0.5,4.75,9.578544061302681,18.171400000000002,15.2774,15.2774,-1.74572e-06,2.5806900000000003e-06,True,False,29.500000000001748,0,ok
residuo,20.0,0.3,261.0,0.5,5.0,9.578544061302681,19.1278,16.2193,16.2193,-1.59575e-06,2.71652e-06,True,False,33.3999999999994,0,ok
residuo,20.0,0.3,261.0,0.7,4.75,13.409961685823756,18.171400000000002,15.2774,15.2774,-1.74572e-06,2.5806900000000003e-06,True,False,8.900000000002656,0,ok
residuo,20.0,0.3,261.0,0.7,5.0,13.409961685823756,19.1278,16.2193,16.2193,-2.3817700000000002e-06,2.71652e-06,True,False,12.700000000000905,0,ok
residuo,20.0,1.0,213.0,0.1,4.75,2.347417840375587,22.2587,18.6534,18.6534,-1.0319e-06,2.5807e-06,True,False,127.99999999999964,0,ok
residuo,20.0,1.0,213.0,0.1,5.0,2.347417840375587,23.430200000000003,19.806,19.806,-2.00085e-06,2.71652e-06,True,False,132.69999999999948,0,ok
residuo,20.0,1.0,213.0,0.3,4.75,7.042253521126761,22.2587,18.6534,18.6534,-1.0319e-06,2.5807e-06,True,False,70.50000000000112,0,ok
residuo,20.0,1.0,213.0,0.3,5.0,7.042253521126761,23.430200000000003,19.806,19.806,-2.18526e-06,2.71652e-06,True,False,75.20000000000095,0,ok
residuo,20.0,1.0,213.0,0.5,4.75,11.737089201877934,22.2587,18.6534,18.6534,-1.0319e-06,2.5807e-06,True,False,35.600000000000215,0,ok
residuo,20.0,1.0,213.0,0.5,5.0,11.737089201877934,23.430200000000003,19.806,19.806,-2.2822999999999997e-06,2.71652e-06,True,False,40.399999999999466,0,ok
residuo,20.0,1.0,213.0,0.7,4.75,16.431924882629108,22.2587,18.6534,18.6534,-1.0319e-06,2.5807e-06,True,False,10.400000000000686,0,ok
residuo,20.0,1.0,213.0,0.7,5.0,16.431924882629108,23.430200000000003,19.806,19.806,-2.30953e-06,2.71652e-06,True,False,15.199999999999935,0,ok
residuo,20.0,1.0,237.0,0.1,4.75,2.109704641350211,20.008399999999998,16.796499999999998,16.796499999999998,-7.74374e-07,2.5806900000000003e-06,True,False,115.50000000000102,0,ok
residuo,20.0,1.0,237.0,0.1,5.0,2.109704641350211,21.0615,17.8332,17.8332,-1.71416e-06,2.71652e-06,True,False,119.79999999999977,0,ok
residuo,20.0,1.0,237.0,0.3,4.75,6.329113924050633,20.008399999999998,16.796499999999998,16.796499999999998,-7.74374e-07,2.5806900000000003e-06,True,False,63.69999999999987,0,ok
residuo,20.0,1.0,237.0,0.3,5.0,6.329113924050633,21.0615,17.8332,17.8332,-1.7618e-06,2.71652e-06,True,False,67.90000000000268,0,ok
residuo,20.0,1.0,237.0,0.5,4.75,10.548523206751055,20.008399999999998,16.796499999999998,16.796499999999998,-7.74374e-07,2.5806900000000003e-06,True,False,32.30000000000246,0,ok
residuo,20.0,1.0,237.0,0.5,5.0,10.548523206751055,21.0615,17.8332,17.8332,-1.65892e-06,2.71652e-06,True,False,36.50000000000181,0,ok
residuo,20.0,1.0,237.0,0.7,4.75,14.767932489451477,20.008399999999998,16.796499999999998,16.796499999999998,-7.74374e-07,2.5806900000000003e-06,True,False,9.600000000001968,0,ok
residuo,20.0,1.0,237.0,0.7,5.0,14.767932489451477,21.0615,17.8332,17.8332,-2.37695e-06,2.71652e-06,True,False,13.800000000001312,0,ok
residuo,20.0,1.0,261.0,0.1,4.75,1.9157088122605364,18.171400000000002,15.2774,15.2774,-1.74572e-06,2.5806900000000003e-06,True,False,105.30000000000261,0,ok
residuo,20.0,1.0,261.0,0.1,5.0,1.9157088122605364,19.1278,16.2193,16.2193,-7.671930000000001e-07,2.71652e-06,True,False,109.20000000000027,0,ok
residuo,20.0,1.0,261.0,0.3,4.75,5.747126436781609,18.171400000000002,15.2774,15.2774,-1.74572e-06,2.5806900000000003e-06,True,False,58.1000000000019,0,ok
residuo,20.0,1.0,261.0,0.3,5.0,5.747126436781609,19.1278,16.2193,16.2193,-7.671320000000001e-07,2.71652e-06,True,False,61.90000000000015,0,ok
residuo,20.0,1.0,261.0,0.5,4.75,9.578544061302681,18.171400000000002,15.2774,15.2774,-1.74572e-06,2.5806900000000003e-06,True,False,29.500000000001748,0,ok
residuo,20.0,1.0,261.0,0.5,5.0,9.578544061302681,19.1278,16.2193,16.2193,-1.59575e-06,2.71652e-06,True,False,33.3999999999994,0,ok
residuo,20.0,1.0,261.0,0.7,4.75,13.409961685823756,18.171400000000002,15.2774,15.2774,-1.74572e-06,2.5806900000000003e-06,True,False,8.900000000002656,0,ok
residuo,20.0,1.0,261.0,0.7,5.0,13.409961685823756,19.1278,16.2193,16.2193,-2.3817700000000002e-06,2.71652e-06,True,False,12.700000000000905,0,ok
residuo,20.0,3.0,213.0,0.1,4.75,2.347417840375587,22.2587,18.6534,18.6534,-1.0319e-06,2.5807e-06,True,False,127.99999999999964,0,ok
residuo,20.0,3.0,213.0,0.1,5.0,2.347417840375587,23.430200000000003,19.806,19.806,-2.00085e-06,2.71652e-06,True,False,132.69999999999948,0,ok
residuo,20.0,3.0,213.0,0.3,4.75,7.042253521126761,22.2587,18.6534,18.6534,-1.0319e-06,2.5807e-06,True,False,70.50000000000112,0,ok
residuo,20.0,3.0,213.0,0.3,5.0,7.042253521126761,23.430200000000003,19.806,19.806,-2.18526e-06,2.71652e-06,True,False,75.20000000000095,0,ok
residuo,20.0,3.0,213.0,0.5,4.75,11.737089201877934,22.2587,18.6534,18.6534,-1.0319e-06,2.5807e-06,True,False,35.600000000000215,0,ok
residuo,20.0,3.0,213.0,0.5,5.0,11.737089201877934,23.430200000000003,19.806,19.806,-2.2822999999999997e-06,2.71652e-06,True,False,40.399999999999466,0,ok
residuo,20.0,3.0,213.0,0.7,4.75,16.431924882629108,22.2587,18.6534,18.6534,-1.0319e-06,2.5807e-06,True,False,10.400000000000686,0,ok
residuo,20.0,3.0,213.0,0.7,5.0,16.431924882629108,23.430200000000003,19.806,19.806,-2.30953e-06,2.71652e-06,True,False,15.199999999999935,0,ok
residuo,20.0,3.0,237.0,0.1,4.75,2.109704641350211,20.008399999999998,16.796499999999998,16.796499999999998,-7.74374e-07,2.5806900000000003e-06,True,False,115.50000000000102,0,ok
residuo,20.0,3.0,237.0,0.1,5.0,2.109704641350211,21.0615,17.8332,17.8332,-1.71416e-06,2.71652e-06,True,False,119.79999999999977,0,ok
residuo,20.0,3.0,237.0,0.3,4.75,6.329113924050633,20.008399999999998,16.796499999999998,16.796499999999998,-7.74374e-07,2.5806900000000003e-06,True,False,63.69999999999987,0,ok
residuo,20.0,3.0,237.0,0.3,5.0,6.329113924050633,21.0615,17.8332,17.8332,-1.7618e-06,2.71652e-06,True,False,67.90000000000268,0,ok
residuo,20.0,3.0,237.0,0.5,4.75,10.548523206751055,20.008399999999998,16.796499999999998,16.796499999999998,-7.74374e-07,2.5806900000000003e-06,True,False,32.30000000000246,0,ok
residuo,20.0,3.0,237.0,0.5,5.0,10.548523206751055,21.0615,17.8332,17.8332,-1.65892e-06,2.71652e-06,True,False,36.50000000000181,0,ok
residuo,20.0,3.0,237.0,0.7,4.75,14.767932489451477,20.008399999999998,16.796499999999998,16.796499999999998,-7.74374e-07,2.5806900000000003e-06,True,False,9.600000000001968,0,ok
residuo,20.0,3.0,237.0,0.7,5.0,14.767932489451477,21.0615,17.8332,17.8332,-2.37695e-06,2.71652e-06,True,False,13.800000000001312,0,ok
residuo,20.0,3.0,261.0,0.1,4.75,1.9157088122605364,18.171400000000002,15.2774,15.2774,-1.74572e-06,2.5806900000000003e-06,True,False,105.30000000000261,0,ok
residuo,20.0,3.0,261.0,0.1,5.0,1.9157088122605364,19.1278,16.2193,16.2193,-7.671930000000001e-07,2.71652e-06,True,False,109.20000000000027,0,ok
residuo,20.0,3.0,261.0,0.3,4.75,5.747126436781609,18.171400000000002,15.2774,15.2774,-1.74572e-06,2.5806900000000003e-06,True,False,58.1000000000019,0,ok
residuo,20.0,3.0,261.0,0.3,5.0,5.747126436781609,19.1278,16.2193,16.2193,-7.671320000000001e-07,2.71652e-06,True,False,61.90000000000015,0,ok
residuo,20.0,3.0,261.0,0.5,4.75,9.578544061302681,18.171400000000002,15.2774,15.2774,-1.74572e-06,2.5806900000000003e-06,True,False,29.500000000001748,0,ok
residuo,20.0,3.0,261.0,0.5,5.0,9.578544061302681,19.1278,16.2193,16.2193,-1.59575e-06,2.71652e-06,True,False,33.3999999999994,0,ok
residuo,20.0,3.0,261.0,0.7,4.75,13.409961685823756,18.171400000000002,15.2774,15.2774,-1.74572e-06,2.5806900000000003e-06,True,False,8.900000000002656,0,ok
residuo,20.0,3.0,261.0,0.7,5.0,13.409961685823756,19.1278,16.2193,16.2193,-2.3817700000000002e-06,2.71652e-06,True,False,12.700000000000905,0,ok
residuo,50.0,0.1,213.0,0.1,4.75,2.347417840375587,22.2587,18.6534,18.6534,1.72227e-07,2.5807e-06,True,False,319.1000000000027,0,ok
residuo,50.0,0.1,213.0,0.1,5.0,2.347417840375587,23.430200000000003,19.806,19.806,2.85902e-07,2.71652e-06,True,False,331.0000000000014,0,ok
residuo,50.0,0.1,213.0,0.3,4.75,7.042253521126761,22.2587,18.6534,18.6534,1.72227e-07,2.5807e-06,True,False,175.29999999999976,0,ok
residuo,50.0,0.1,213.0,0.3,5.0,7.042253521126761,23.430200000000003,19.806,19.806,2.85918e-07,2.71652e-06,True,False,187.20000000000195,0,ok
residuo,50.0,0.1,213.0,0.5,4.75,11.737089201877934,22.2587,18.6534,18.6534,1.72227e-07,2.5807e-06,True,False,88.20000000000009,0,ok
residuo,50.0,0.1,213.0,0.5,5.0,11.737089201877934,23.430200000000003,19.806,19.806,3.0271699999999997e-07,2.71652e-06,True,False,100.10000000000227,0,ok
residuo,50.0,0.1,213.0,0.7,4.75,16.431924882629108,22.2587,18.6534,18.6534,1.72227e-07,2.5807e-06,True,False,25.199999999999527,0,ok
residuo,50.0,0.1,213.0,0.7,5.0,16.431924882629108,23.430200000000003,19.806,19.806,2.85922e-07,2.71652e-06,True,False,37.100000000001714,0,ok
residuo,50.0,0.1,237.0,0.1,4.75,2.109704641350211,20.008399999999998,16.796499999999998,16.796499999999998,3.10074e-07,2.5806900000000003e-06,True,False,288.00000000000006,0,ok
residuo,50.0,0.1,237.0,0.1,5.0,2.109704641350211,21.0615,17.8332,17.8332,6.051290000000001e-07,2.71652e-06,True,False,298.59999999999957,0,ok
residuo,50.0,0.1,237.0,0.3,4.75,6.329113924050633,20.008399999999998,16.796499999999998,16.796499999999998,3.10074e-07,2.5806900000000003e-06,True,False,158.3000000000001,0,ok
residuo,50.0,0.1,237.0,0.3,5.0,6.329113924050633,21.0615,17.8332,17.8332,6.0518e-07,2.71652e-06,True,False,168.8999999999996,0,ok
residuo,50.0,0.1,237.0,0.5,4.75,10.548523206751055,20.008399999999998,16.796499999999998,16.796499999999998,3.10074e-07,2.5806900000000003e-06,True,False,79.8000000000014,0,ok
residuo,50.0,0.1,237.0,0.5,5.0,10.548523206751055,21.0615,17.8332,17.8332,6.051890000000001e-07,2.71652e-06,True,False,90.5000000000003,0,ok
residuo,50.0,0.1,237.0,0.7,4.75,14.767932489451477,20.008399999999998,16.796499999999998,16.796499999999998,3.10074e-07,2.5806900000000003e-06,True,False,23.100000000001593,0,ok
residuo,50.0,0.1,237.0,0.7,5.0,14.767932489451477,21.0615,17.8332,17.8332,6.05193e-07,2.71652e-06,True,False,33.800000000000495,0,ok
residuo,50.0,0.1,261.0,0.1,4.75,1.9157088122605364,18.171400000000002,15.2774,15.2774,7.81433e-07,2.5806900000000003e-06,True,False,262.39999999999947,0,ok
residuo,50.0,0.1,261.0,0.1,5.0,1.9157088122605364,19.1278,16.2193,16.2193,2.57637e-07,2.71652e-06,True,False,272.1000000000008,0,ok
residuo,50.0,0.1,261.0,0.3,4.75,5.747126436781609,18.171400000000002,15.2774,15.2774,7.81433e-07,2.5806900000000003e-06,True,False,144.29999999999998,0,ok
residuo,50.0,0.1,261.0,0.3,5.0,5.747126436781609,19.1278,16.2193,16.2193,2.57636e-07,2.71652e-06,True,False,154.00000000000136,0,ok
residuo,50.0,0.1,261.0,0.5,4.75,9.578544061302681,18.171400000000002,15.2774,15.2774,7.81433e-07,2.5806900000000003e-06,True,False,72.90000000000074,0,ok
residuo,50.0,0.1,261.0,0.5,5.0,9.578544061302681,19.1278,16.2193,16.2193,2.57636e-07,2.71652e-06,True,False,82.60000000000211,0,ok
residuo,50.0,0.1,261.0,0.7,4.75,13.409961685823756,18.171400000000002,15.2774,15.2774,7.81433e-07,2.5806900000000003e-06,True,False,21.300000000001873,0,ok
residuo,50.0,0.1,261.0,0.7,5.0,13.409961685823756,19.1278,16.2193,16.2193,2.57635e-07,2.71652e-06,True,False,30.999999999999776,0,ok
residuo,50.0,0.3,213.0,0.1,4.75,2.347417840375587,22.2587,18.6534,18.6534,1.72225e-07,2.5807e-06,True,False,319.1000000000027,0,ok
residuo,50.0,0.3,213.0,0.1,5.0,2.347417840375587,23.430200000000003,19.806,19.806,2.85903e-07,2.71652e-06,True,False,331.0000000000014,0,ok
residuo,50.0,0.3,213.0,0.3,4.75,7.042253521126761,22.2587,18.6534,18.6534,1.72225e-07,2.5807e-06,True,False,175.29999999999976,0,ok
residuo,50.0,0.3,213.0,0.3,5.0,7.042253521126761,23.430200000000003,19.806,19.806,2.8591999999999996e-07,2.71652e-06,True,False,187.20000000000195,0,ok
residuo,50.0,0.3,213.0,0.5,4.75,11.737089201877934,22.2587,18.6534,18.6534,1.72225e-07,2.5807e-06,True,False,88.20000000000009,0,ok
residuo,50.0,0.3,213.0,0.5,5.0,11.737089201877934,23.430200000000003,19.806,19.806,2.85923e-07,2.71652e-06,True,False,100.10000000000227,0,ok
residuo,50.0,0.3,213.0,0.7,4.75,16.431924882629108,22.2587,18.6534,18.6534,1.72225e-07,2.5807e-06,True,False,25.199999999999527,0,ok
residuo,50.0,0.3,213.0,0.7,5.0,16.431924882629108,23.430200000000003,19.806,19.806,2.85924e-07,2.71652e-06,True,False,37.100000000001714,0,ok
residuo,50.0,0.3,237.0,0.1,4.75,2.109704641350211,20.008399999999998,16.796499999999998,16.796499999999998,3.1006999999999997e-07,2.5806900000000003e-06,True,False,288.00000000000006,0,ok
residuo,50.0,0.3,237.0,0.1,5.0,2.109704641350211,21.0615,17.8332,17.8332,6.05135e-07,2.71652e-06,True,False,298.59999999999957,0,ok
residuo,50.0,0.3,237.0,0.3,4.75,6.329113924050633,20.008399999999998,16.796499999999998,16.796499999999998,3.1006999999999997e-07,2.5806900000000003e-06,True,False,158.3000000000001,0,ok
residuo,50.0,0.3,237.0,0.3,5.0,6.329113924050633,21.0615,17.8332,17.8332,6.05186e-07,2.71652e-06,True,False,168.8999999999996,0,ok
residuo,50.0,0.3,237.0,0.5,4.75,10.548523206751055,20.008399999999998,16.796499999999998,16.796499999999998,3.1006999999999997e-07,2.5806900000000003e-06,True,False,79.8000000000014,0,ok
residuo,50.0,0.3,237.0,0.5,5.0,10.548523206751055,21.0615,17.8332,17.8332,6.05195e-07,2.71652e-06,True,False,90.5000000000003,0,ok
residuo,50.0,0.3,237.0,0.7,4.75,14.767932489451477,20.008399999999998,16.796499999999998,16.796499999999998,3.1006999999999997e-07,2.5806900000000003e-06,True,False,23.100000000001593,0,ok
residuo,50.0,0.3,237.0,0.7,5.0,14.767932489451477,21.0615,17.8332,17.8332,6.05199e-07,2.71652e-06,True,False,33.800000000000495,0,ok
residuo,50.0,0.3,261.0,0.1,4.75,1.9157088122605364,18.171400000000002,15.2774,15.2774,7.81423e-07,2.5806900000000003e-06,True,False,262.39999999999947,0,ok
residuo,50.0,0.3,261.0,0.1,5.0,1.9157088122605364,19.1278,16.2193,16.2193,2.57637e-07,2.71652e-06,True,False,272.1000000000008,0,ok
residuo,50.0,0.3,261.0,0.3,4.75,5.747126436781609,18.171400000000002,15.2774,15.2774,7.81423e-07,2.5806900000000003e-06,True,False,144.29999999999998,0,ok
residuo,50.0,0.3,261.0,0.3,5.0,5.747126436781609,19.1278,16.2193,16.2193,2.57636e-07,2.71652e-06,True,False,154.00000000000136,0,ok
residuo,50.0,0.3,261.0,0.5,4.75,9.578544061302681,18.171400000000002,15.2774,15.2774,7.81423e-07,2.5806900000000003e-06,True,False,72.90000000000074,0,ok
residuo,50.0,0.3,261.0,0.5,5.0,9.578544061302681,19.1278,16.2193,16.2193,2.57635e-07,2.71652e-06,True,False,82.60000000000211,0,ok
residuo,50.0,0.3,261.0,0.7,4.75,13.409961685823756,18.171400000000002,15.2774,15.2774,7.81423e-07,2.5806900000000003e-06,True,False,21.300000000001873,0,ok
residuo,50.0,0.3,261.0,0.7,5.0,13.409961685823756,19.1278,16.2193,16.2193,2.57635e-07,2.71652e-06,True,False,30.999999999999776,0,ok
residuo,50.0,1.0,213.0,0.1,4.75,2.347417840375587,22.2587,18.6534,18.6534,-2.09991e-06,2.5807e-06,True,False,319.1000000000027,0,ok
residuo,50.0,1.0,213.0,0.1,5.0,2.347417840375587,23.430200000000003,19.806,19.806,-2.10152e-06,2.71652e-06,True,False,331.0000000000014,0,ok
residuo,50.0,1.0,213.0,0.3,4.75,7.042253521126761,22.2587,18.6534,18.6534,-2.09991e-06,2.5807e-06,True,False,175.29999999999976,0,ok
residuo,50.0,1.0,213.0,0.3,5.0,7.042253521126761,23.430200000000003,19.806,19.806,-2.1014999999999997e-06,2.71652e-06,True,False,187.20000000000195,0,ok
residuo,50.0,1.0,213.0,0.5,4.75,11.737089201877934,22.2587,18.6534,18.6534,-2.09991e-06,2.5807e-06,True,False,88.20000000000009,0,ok
residuo,50.0,1.0,213.0,0.5,5.0,11.737089201877934,23.430200000000003,19.806,19.806,-2.1014999999999997e-06,2.71652e-06,True,False,100.10000000000227,0,ok
residuo,50.0,1.0,213.0,0.7,4.75,16.431924882629108,22.2587,18.6534,18.6534,-2.09991e-06,2.5807e-06,True,False,25.199999999999527,0,ok
residuo,50.0,1.0,213.0,0.7,5.0,16.431924882629108,23.430200000000003,19.806,19.806,-2.1014999999999997e-06,2.71652e-06,True,False,37.100000000001714,0,ok
residuo,50.0,1.0,237.0,0.1,4.75,2.109704641350211,20.008399999999998,16.796499999999998,16.796499999999998,-1.9628100000000004e-06,2.5806900000000003e-06,True,False,288.00000000000006,0,ok
residuo,50.0,1.0,237.0,0.1,5.0,2.109704641350211,21.0615,17.8332,17.8332,-1.7846800000000001e-06,2.71652e-06,True,False,298.59999999999957,0,ok
residuo,50.0,1.0,237.0,0.3,4.75,6.329113924050633,20.008399999999998,16.796499999999998,16.796499999999998,-1.9628100000000004e-06,2.5806900000000003e-06,True,False,158.3000000000001,0,ok
residuo,50.0,1.0,237.0,0.3,5.0,6.329113924050633,21.0615,17.8332,17.8332,-1.78463e-06,2.71652e-06,True,False,168.8999999999996,0,ok
residuo,50.0,1.0,237.0,0.5,4.75,10.548523206751055,20.008399999999998,16.796499999999998,16.796499999999998,-1.9628100000000004e-06,2.5806900000000003e-06,True,False,79.8000000000014,0,ok
residuo,50.0,1.0,237.0,0.5,5.0,10.548523206751055,21.0615,17.8332,17.8332,-1.82804e-06,2.71652e-06,True,False,90.5000000000003,0,ok
residuo,50.0,1.0,237.0,0.7,4.75,14.767932489451477,20.008399999999998,16.796499999999998,16.796499999999998,-1.9628100000000004e-06,2.5806900000000003e-06,True,False,23.100000000001593,0,ok
residuo,50.0,1.0,237.0,0.7,5.0,14.767932489451477,21.0615,17.8332,17.8332,-1.78462e-06,2.71652e-06,True,False,33.800000000000495,0,ok
residuo,50.0,1.0,261.0,0.1,4.75,1.9157088122605364,18.171400000000002,15.2774,15.2774,-1.49383e-06,2.5806900000000003e-06,True,False,262.39999999999947,0,ok
residuo,50.0,1.0,261.0,0.1,5.0,1.9157088122605364,19.1278,16.2193,16.2193,-2.12937e-06,2.71652e-06,True,False,272.1000000000008,0,ok
residuo,50.0,1.0,261.0,0.3,4.75,5.747126436781609,18.171400000000002,15.2774,15.2774,-1.49383e-06,2.5806900000000003e-06,True,False,144.29999999999998,0,ok
residuo,50.0,1.0,261.0,0.3,5.0,5.747126436781609,19.1278,16.2193,16.2193,-2.1293799999999998e-06,2.71652e-06,True,False,154.00000000000136,0,ok
residuo,50.0,1.0,261.0,0.5,4.75,9.578544061302681,18.171400000000002,15.2774,15.2774,-1.49383e-06,2.5806900000000003e-06,True,False,72.90000000000074,0,ok
residuo,50.0,1.0,261.0,0.5,5.0,9.578544061302681,19.1278,16.2193,16.2193,-2.1293799999999998e-06,2.71652e-06,True,False,82.60000000000211,0,ok
residuo,50.0,1.0,261.0,0.7,4.75,13.409961685823756,18.171400000000002,15.2774,15.2774,-1.49383e-06,2.5806900000000003e-06,True,False,21.300000000001873,0,ok
residuo,50.0,1.0,261.0,0.7,5.0,13.409961685823756,19.1278,16.2193,16.2193,-2.1293799999999998e-06,2.71652e-06,True,False,30.999999999999776,0,ok
residuo,50.0,3.0,213.0,0.1,4.75,2.347417840375587,22.2587,18.6534,18.6534,-2.09991e-06,2.5807e-06,True,False,319.1000000000027,0,ok
residuo,50.0,3.0,213.0,0.1,5.0,2.347417840375587,23.430200000000003,19.806,19.806,-2.10152e-06,2.71652e-06,True,False,331.0000000000014,0,ok
residuo,50.0,3.0,213.0,0.3,4.75,7.042253521126761,22.2587,18.6534,18.6534,-2.09991e-06,2.5807e-06,True,False,175.29999999999976,0,ok
residuo,50.0,3.0,213.0,0.3,5.0,7.042253521126761,23.430200000000003,19.806,19.806,-2.1014999999999997e-06,2.71652e-06,True,False,187.20000000000195,0,ok
residuo,50.0,3.0,213.0,0.5,4.75,11.737089201877934,22.2587,18.6534,18.6534,-2.09991e-06,2.5807e-06,True,False,88.20000000000009,0,ok
residuo,50.0,3.0,213.0,0.5,5.0,11.737089201877934,23.430200000000003,19.806,19.806,-2.1014999999999997e-06,2.71652e-06,True,False,100.10000000000227,0,ok
residuo,50.0,3.0,213.0,0.7,4.75,16.431924882629108,22.2587,18.6534,18.6534,-2.09991e-06,2.5807e-06,True,False,25.199999999999527,0,ok
residuo,50.0,3.0,213.0,0.7,5.0,16.431924882629108,23.430200000000003,19.806,19.806,-2.1014999999999997e-06,2.71652e-06,True,False,37.100000000001714,0,ok
residuo,50.0,3.0,237.0,0.1,4.75,2.109704641350211,20.008399999999998,16.796499999999998,16.796499999999998,-1.9628100000000004e-06,2.5806900000000003e-06,True,False,288.00000000000006,0,ok
residuo,50.0,3.0,237.0,0.1,5.0,2.109704641350211,21.0615,17.8332,17.8332,-1.7846800000000001e-06,2.71652e-06,True,False,298.59999999999957,0,ok
residuo,50.0,3.0,237.0,0.3,4.75,6.329113924050633,20.008399999999998,16.796499999999998,16.796499999999998,-1.9628100000000004e-06,2.5806900000000003e-06,True,False,158.3000000000001,0,ok
residuo,50.0,3.0,237.0,0.3,5.0,6.329113924050633,21.0615,17.8332,17.8332,-1.78463e-06,2.71652e-06,True,False,168.8999999999996,0,ok
residuo,50.0,3.0,237.0,0.5,4.75,10.548523206751055,20.008399999999998,16.796499999999998,16.796499999999998,-1.9628100000000004e-06,2.5806900000000003e-06,True,False,79.8000000000014,0,ok
residuo,50.0,3.0,237.0,0.5,5.0,10.548523206751055,21.0615,17.8332,17.8332,-1.82804e-06,2.71652e-06,True,False,90.5000000000003,0,ok
residuo,50.0,3.0,237.0,0.7,4.75,14.767932489451477,20.008399999999998,16.796499999999998,16.796499999999998,-1.9628100000000004e-06,2.5806900000000003e-06,True,False,23.100000000001593,0,ok
residuo,50.0,3.0,237.0,0.7,5.0,14.767932489451477,21.0615,17.8332,17.8332,-1.78462e-06,2.71652e-06,True,False,33.800000000000495,0,ok
residuo,50.0,3.0,261.0,0.1,4.75,1.9157088122605364,18.171400000000002,15.2774,15.2774,-1.49383e-06,2.5806900000000003e-06,True,False,262.39999999999947,0,ok
residuo,50.0,3.0,261.0,0.1,5.0,1.9157088122605364,19.1278,16.2193,16.2193,-2.12937e-06,2.71652e-06,True,False,272.1000000000008,0,ok
residuo,50.0,3.0,261.0,0.3,4.75,5.747126436781609,18.171400000000002,15.2774,15.2774,-1.49383e-06,2.5806900000000003e-06,True,False,144.29999999999998,0,ok
residuo,50.0,3.0,261.0,0.3,5.0,5.747126436781609,19.1278,16.2193,16.2193,-2.1293799999999998e-06,2.71652e-06,True,False,154.00000000000136,0,ok
residuo,50.0,3.0,261.0,0.5,4.75,9.578544061302681,18.171400000000002,15.2774,15.2774,-1.49383e-06,2.5806900000000003e-06,True,False,72.90000000000074,0,ok
residuo,50.0,3.0,261.0,0.5,5.0,9.578544061302681,19.1278,16.2193,16.2193,-2.1293799999999998e-06,2.71652e-06,True,False,82.60000000000211,0,ok
residuo,50.0,3.0,261.0,0.7,4.75,13.409961685823756,18.171400000000002,15.2774,15.2774,-1.49383e-06,2.5806900000000003e-06,True,False,21.300000000001873,0,ok
residuo,50.0,3.0,261.0,0.7,5.0,13.409961685823756,19.1278,16.2193,16.2193,-2.1293799999999998e-06,2.71652e-06,True,False,30.999999999999776,0,ok
residuo,100.0,0.1,213.0,0.1,4.75,2.347417840375587,22.2587,18.6534,18.6534,6.595969999999999e-07,2.5807e-06,True,False,637.7000000000014,0,ok
residuo,100.0,0.1,213.0,0.1,5.0,2.347417840375587,23.430200000000003,19.806,19.806,1.72146e-06,2.71652e-06,True,False,661.3999999999995,0,ok
residuo,100.0,0.1,213.0,0.3,4.75,7.042253521126761,22.2587,18.6534,18.6534,6.595969999999999e-07,2.5807e-06,True,False,350.10000000000247,0,ok
residuo,100.0,0.1,213.0,0.3,5.0,7.042253521126761,23.430200000000003,19.806,19.806,1.72122e-06,2.71652e-06,True,False,373.8000000000005,0,ok
residuo,100.0,0.1,213.0,0.5,4.75,11.737089201877934,22.2587,18.6534,18.6534,6.595969999999999e-07,2.5807e-06,True,False,175.89999999999966,0,ok
residuo,100.0,0.1,213.0,0.5,5.0,11.737089201877934,23.430200000000003,19.806,19.806,1.72118e-06,2.71652e-06,True,False,199.60000000000116,0,ok
residuo,100.0,0.1,213.0,0.7,4.75,16.431924882629108,22.2587,18.6534,18.6534,6.595969999999999e-07,2.5807e-06,True,False,50.000000000001435,0,ok
residuo,100.0,0.1,213.0,0.7,5.0,16.431924882629108,23.430200000000003,19.806,19.806,1.72116e-06,2.71652e-06,True,False,73.60000000000005,0,ok
residuo,100.0,0.1,237.0,0.1,4.75,2.109704641350211,20.008399999999998,16.796499999999998,16.796499999999998,3.4402099999999995e-07,2.5806900000000003e-06,True,False,575.3000000000009,0,ok
residuo,100.0,0.1,237.0,0.1,5.0,2.109704641350211,21.0615,17.8332,17.8332,7.89207e-07,2.71652e-06,True,False,596.6000000000026,0,ok
residuo,100.0,0.1,237.0,0.3,4.75,6.329113924050633,20.008399999999998,16.796499999999998,16.796499999999998,3.4402099999999995e-07,2.5806900000000003e-06,True,False,316.0000000000003,0,ok
residuo,100.0,0.1,237.0,0.3,5.0,6.329113924050633,21.0615,17.8332,17.8332,7.89133e-07,2.71652e-06,True,False,337.30000000000217,0,ok
residuo,100.0,0.1,237.0,0.5,4.75,10.548523206751055,20.008399999999998,16.796499999999998,16.796499999999998,3.4402099999999995e-07,2.5806900000000003e-06,True,False,159.1000000000023,0,ok
residuo,100.0,0.1,237.0,0.5,5.0,10.548523206751055,21.0615,17.8332,17.8332,7.89119e-07,2.71652e-06,True,False,180.4000000000007,0,ok
residuo,100.0,0.1,237.0,0.7,4.75,14.767932489451477,20.008399999999998,16.796499999999998,16.796499999999998,3.4402099999999995e-07,2.5806900000000003e-06,True,False,45.70000000000268,0,ok
residuo,100.0,0.1,237.0,0.7,5.0,14.767932489451477,21.0615,17.8332,17.8332,7.89115e-07,2.71652e-06,True,False,67.00000000000108,0,ok
residuo,100.0,0.1,261.0,0.1,4.75,1.9157088122605364,18.171400000000002,15.2774,15.2774,6.87132e-07,2.5806900000000003e-06,True,False,524.2000000000024,0,ok
residuo,100.0,0.1,261.0,0.1,5.0,1.9157088122605364,19.1278,16.2193,16.2193,2.19585e-06,2.71652e-06,True,False,543.6000000000017,0,ok
residuo,100.0,0.1,261.0,0.3,4.75,5.747126436781609,18.171400000000002,15.2774,15.2774,6.87132e-07,2.5806900000000003e-06,True,False,288.00000000000006,0,ok
residuo,100.0,0.1,261.0,0.3,5.0,5.747126436781609,19.1278,16.2193,16.2193,2.19622e-06,2.71652e-06,True,False,307.4000000000028,0,ok
residuo,100.0,0.1,261.0,0.5,4.75,9.578544061302681,18.171400000000002,15.2774,15.2774,6.87132e-07,2.5806900000000003e-06,True,False,145.20000000000158,0,ok
residuo,100.0,0.1,261.0,0.5,5.0,9.578544061302681,19.1278,16.2193,16.2193,2.1962800000000003e-06,2.71652e-06,True,False,164.60000000000085,0,ok
residuo,100.0,0.1,261.0,0.7,4.75,13.409961685823756,18.171400000000002,15.2774,15.2774,6.87132e-07,2.5806900000000003e-06,True,False,42.099999999999774,0,ok
residuo,100.0,0.1,261.0,0.7,5.0,13.409961685823756,19.1278,16.2193,16.2193,2.19631e-06,2.71652e-06,True,False,61.50000000000252,0,ok
residuo,100.0,0.3,213.0,0.1,4.75,2.347417840375587,22.2587,18.6534,18.6534,6.596e-07,2.5807e-06,True,False,637.7000000000014,0,ok
residuo,100.0,0.3,213.0,0.1,5.0,2.347417840375587,23.430200000000003,19.806,19.806,1.72146e-06,2.71652e-06,True,False,661.3999999999995,0,ok
residuo,100.0,0.3,213.0,0.3,4.75,7.042253521126761,22.2587,18.6534,18.6534,6.596e-07,2.5807e-06,True,False,350.10000000000247,0,ok
residuo,100.0,0.3,213.0,0.3,5.0,7.042253521126761,23.430200000000003,19.806,19.806,1.72122e-06,2.71652e-06,True,False,373.8000000000005,0,ok
residuo,100.0,0.3,213.0,0.5,4.75,11.737089201877934,22.2587,18.6534,18.6534,6.596e-07,2.5807e-06,True,False,175.89999999999966,0,ok
residuo,100.0,0.3,213.0,0.5,5.0,11.737089201877934,23.430200000000003,19.806,19.806,1.72117e-06,2.71652e-06,True,False,199.60000000000116,0,ok
residuo,100.0,0.3,213.0,0.7,4.75,16.431924882629108,22.2587,18.6534,18.6534,6.596e-07,2.5807e-06,True,False,50.000000000001435,0,ok
residuo,100.0,0.3,213.0,0.7,5.0,16.431924882629108,23.430200000000003,19.806,19.806,1.72116e-06,2.71652e-06,True,False,73.60000000000005,0,ok
residuo,100.0,0.3,237.0,0.1,4.75,2.109704641350211,20.008399999999998,16.796499999999998,16.796499999999998,3.44022e-07,2.5806900000000003e-06,True,False,575.3000000000009,0,ok
residuo,100.0,0.3,237.0,0.1,5.0,2.109704641350211,21.0615,17.8332,17.8332,7.892049999999999e-07,2.71652e-06,True,False,596.6000000000026,0,ok
residuo,100.0,0.3,237.0,0.3,4.75,6.329113924050633,20.008399999999998,16.796499999999998,16.796499999999998,3.44022e-07,2.5806900000000003e-06,True,False,316.0000000000003,0,ok
residuo,100.0,0.3,237.0,0.3,5.0,6.329113924050633,21.0615,17.8332,17.8332,7.89131e-07,2.71652e-06,True,False,337.30000000000217,0,ok
residuo,100.0,0.3,237.0,0.5,4.75,10.548523206751055,20.008399999999998,16.796499999999998,16.796499999999998,3.44022e-07,2.5806900000000003e-06,True,False,159.1000000000023,0,ok
residuo,100.0,0.3,237.0,0.5,5.0,10.548523206751055,21.0615,17.8332,17.8332,7.89117e-07,2.71652e-06,True,False,180.4000000000007,0,ok
residuo,100.0,0.3,237.0,0.7,4.75,14.767932489451477,20.008399999999998,16.796499999999998,16.796499999999998,3.44022e-07,2.5806900000000003e-06,True,False,45.70000000000268,0,ok
residuo,100.0,0.3,237.0,0.7,5.0,14.767932489451477,21.0615,17.8332,17.8332,7.89113e-07,2.71652e-06,True,False,67.00000000000108,0,ok
residuo,100.0,0.3,261.0,0.1,4.75,1.9157088122605364,18.171400000000002,15.2774,15.2774,6.87129e-07,2.5806900000000003e-06,True,False,524.2000000000024,0,ok
residuo,100.0,0.3,261.0,0.1,5.0,1.9157088122605364,19.1278,16.2193,16.2193,2.19587e-06,2.71652e-06,True,False,543.6000000000017,0,ok
residuo,100.0,0.3,261.0,0.3,4.75,5.747126436781609,18.171400000000002,15.2774,15.2774,6.87129e-07,2.5806900000000003e-06,True,False,288.00000000000006,0,ok
residuo,100.0,0.3,261.0,0.3,5.0,5.747126436781609,19.1278,16.2193,16.2193,2.19623e-06,2.71652e-06,True,False,307.4000000000028,0,ok
residuo,100.0,0.3,261.0,0.5,4.75,9.578544061302681,18.171400000000002,15.2774,15.2774,6.87129e-07,2.5806900000000003e-06,True,False,145.20000000000158,0,ok
residuo,100.0,0.3,261.0,0.5,5.0,9.578544061302681,19.1278,16.2193,16.2193,2.19629e-06,2.71652e-06,True,False,164.60000000000085,0,ok
residuo,100.0,0.3,261.0,0.7,4.75,13.409961685823756,18.171400000000002,15.2774,15.2774,6.87129e-07,2.5806900000000003e-06,True,False,42.099999999999774,0,ok
residuo,100.0,0.3,261.0,0.7,5.0,13.409961685823756,19.1278,16.2193,16.2193,2.19632e-06,2.71652e-06,True,False,61.50000000000252,0,ok
residuo,100.0,1.0,213.0,0.1,4.75,2.347417840375587,22.2587,18.6534,18.6534,-1.61695e-06,2.5807e-06,True,False,637.7000000000014,0,ok
residuo,100.0,1.0,213.0,0.1,5.0,2.347417840375587,23.430200000000003,19.806,19.806,-6.6882e-07,2.71652e-06,True,False,661.3999999999995,0,ok
residuo,100.0,1.0,213.0,0.3,4.75,7.042253521126761,22.2587,18.6534,18.6534,-1.61695e-06,2.5807e-06,True,False,350.10000000000247,0,ok
residuo,100.0,1.0,213.0,0.3,5.0,7.042253521126761,23.430200000000003,19.806,19.806,-6.690599999999999e-07,2.71652e-06,True,False,373.8000000000005,0,ok
residuo,100.0,1.0,213.0,0.5,4.75,11.737089201877934,22.2587,18.6534,18.6534,-1.61695e-06,2.5807e-06,True,False,175.89999999999966,0,ok
residuo,100.0,1.0,213.0,0.5,5.0,11.737089201877934,23.430200000000003,19.806,19.806,-6.691030000000001e-07,2.71652e-06,True,False,199.60000000000116,0,ok
residuo,100.0,1.0,213.0,0.7,4.75,16.431924882629108,22.2587,18.6534,18.6534,-1.61695e-06,2.5807e-06,True,False,50.000000000001435,0,ok
residuo,100.0,1.0,213.0,0.7,5.0,16.431924882629108,23.430200000000003,19.806,19.806,-6.69119e-07,2.71652e-06,True,False,73.60000000000005,0,ok
residuo,100.0,1.0,237.0,0.1,4.75,2.109704641350211,20.008399999999998,16.796499999999998,16.796499999999998,-1.93186e-06,2.5806900000000003e-06,True,False,575.3000000000009,0,ok
residuo,100.0,1.0,237.0,0.1,5.0,2.109704641350211,21.0615,17.8332,17.8332,-1.5999599999999999e-06,2.71652e-06,True,False,596.6000000000026,0,ok
residuo,100.0,1.0,237.0,0.3,4.75,6.329113924050633,20.008399999999998,16.796499999999998,16.796499999999998,-1.93186e-06,2.5806900000000003e-06,True,False,316.0000000000003,0,ok
residuo,100.0,1.0,237.0,0.3,5.0,6.329113924050633,21.0615,17.8332,17.8332,-1.60003e-06,2.71652e-06,True,False,337.30000000000217,0,ok
residuo,100.0,1.0,237.0,0.5,4.75,10.548523206751055,20.008399999999998,16.796499999999998,16.796499999999998,-1.93186e-06,2.5806900000000003e-06,True,False,159.1000000000023,0,ok
residuo,100.0,1.0,237.0,0.5,5.0,10.548523206751055,21.0615,17.8332,17.8332,-1.60005e-06,2.71652e-06,True,False,180.4000000000007,0,ok
residuo,100.0,1.0,237.0,0.7,4.75,14.767932489451477,20.008399999999998,16.796499999999998,16.796499999999998,-1.93186e-06,2.5806900000000003e-06,True,False,45.70000000000268,0,ok
residuo,100.0,1.0,237.0,0.7,5.0,14.767932489451477,21.0615,17.8332,17.8332,-1.60005e-06,2.71652e-06,True,False,67.00000000000108,0,ok
residuo,100.0,1.0,261.0,0.1,4.75,1.9157088122605364,18.171400000000002,15.2774,15.2774,-1.58722e-06,2.5806900000000003e-06,True,False,524.2000000000024,0,ok
residuo,100.0,1.0,261.0,0.1,5.0,1.9157088122605364,19.1278,16.2193,16.2193,-2.03715e-07,2.71652e-06,True,False,543.6000000000017,0,ok
residuo,100.0,1.0,261.0,0.3,4.75,5.747126436781609,18.171400000000002,15.2774,15.2774,-1.58722e-06,2.5806900000000003e-06,True,False,288.00000000000006,0,ok
residuo,100.0,1.0,261.0,0.3,5.0,5.747126436781609,19.1278,16.2193,16.2193,-2.03354e-07,2.71652e-06,True,False,307.4000000000028,0,ok
residuo,100.0,1.0,261.0,0.5,4.75,9.578544061302681,18.171400000000002,15.2774,15.2774,-1.58722e-06,2.5806900000000003e-06,True,False,145.20000000000158,0,ok
residuo,100.0,1.0,261.0,0.5,5.0,9.578544061302681,19.1278,16.2193,16.2193,-2.0329100000000002e-07,2.71652e-06,True,False,164.60000000000085,0,ok
residuo,100.0,1.0,261.0,0.7,4.75,13.409961685823756,18.171400000000002,15.2774,15.2774,-1.58722e-06,2.5806900000000003e-06,True,False,42.099999999999774,0,ok
residuo,100.0,1.0,261.0,0.7,5.0,13.409961685823756,19.1278,16.2193,16.2193,-2.03268e-07,2.71652e-06,True,False,61.50000000000252,0,ok
residuo,100.0,3.0,213.0,0.1,4.75,2.347417840375587,22.2587,18.6534,18.6534,-1.61695e-06,2.5807e-06,True,False,637.7000000000014,0,ok
residuo,100.0,3.0,213.0,0.1,5.0,2.347417840375587,23.430200000000003,19.806,19.806,-6.6882e-07,2.71652e-06,True,False,661.3999999999995,0,ok
residuo,100.0,3.0,213.0,0.3,4.75,7.042253521126761,22.2587,18.6534,18.6534,-1.61695e-06,2.5807e-06,True,False,350.10000000000247,0,ok
residuo,100.0,3.0,213.0,0.3,5.0,7.042253521126761,23.430200000000003,19.806,19.806,-6.690599999999999e-07,2.71652e-06,True,False,373.8000000000005,0,ok
residuo,100.0,3.0,213.0,0.5,4.75,11.737089201877934,22.2587,18.6534,18.6534,-1.61695e-06,2.5807e-06,True,False,175.89999999999966,0,ok
residuo,100.0,3.0,213.0,0.5,5.0,11.737089201877934,23.430200000000003,19.806,19.806,-6.691030000000001e-07,2.71652e-06,True,False,199.60000000000116,0,ok
residuo,100.0,3.0,213.0,0.7,4.75,16.431924882629108,22.2587,18.6534,18.6534,-1.61695e-06,2.5807e-06,True,False,50.000000000001435,0,ok
residuo,100.0,3.0,213.0,0.7,5.0,16.431924882629108,23.430200000000003,19.806,19.806,-6.69119e-07,2.71652e-06,True,False,73.60000000000005,0,ok
residuo,100.0,3.0,237.0,0.1,4.75,2.109704641350211,20.008399999999998,16.796499999999998,16.796499999999998,-1.93186e-06,2.5806900000000003e-06,True,False,575.3000000000009,0,ok
residuo,100.0,3.0,237.0,0.1,5.0,2.109704641350211,21.0615,17.8332,17.8332,-1.5999599999999999e-06,2.71652e-06,True,False,596.6000000000026,0,ok
residuo,100.0,3.0,237.0,0.3,4.75,6.329113924050633,20.008399999999998,16.796499999999998,16.796499999999998,-1.93186e-06,2.5806900000000003e-06,True,False,316.0000000000003,0,ok
residuo,100.0,3.0,237.0,0.3,5.0,6.329113924050633,21.0615,17.8332,17.8332,-1.60003e-06,2.71652e-06,True,False,337.30000000000217,0,ok
residuo,100.0,3.0,237.0,0.5,4.75,10.548523206751055,20.008399999999998,16.796499999999998,16.796499999999998,-1.93186e-06,2.5806900000000003e-06,True,False,159.1000000000023,0,ok
residuo,100.0,3.0,237.0,0.5,5.0,10.548523206751055,21.0615,17.8332,17.8332,-1.60005e-06,2.71652e-06,True,False,180.4000000000007,0,ok
residuo,100.0,3.0,237.0,0.7,4.75,14.767932489451477,20.008399999999998,16.796499999999998,16.796499999999998,-1.93186e-06,2.5806900000000003e-06,True,False,45.70000000000268,0,ok
residuo,100.0,3.0,237.0,0.7,5.0,14.767932489451477,21.0615,17.8332,17.8332,-1.60005e-06,2.71652e-06,True,False,67.00000000000108,0,ok
residuo,100.0,3.0,261.0,0.1,4.75,1.9157088122605364,18.171400000000002,15.2774,15.2774,-1.58722e-06,2.5806900000000003e-06,True,False,524.2000000000024,0,ok
residuo,100.0,3.0,261.0,0.1,5.0,1.9157088122605364,19.1278,16.2193,16.2193,-2.03715e-07,2.71652e-06,True,False,543.6000000000017,0,ok
residuo,100.0,3.0,261.0,0.3,4.75,5.747126436781609,18.171400000000002,15.2774,15.2774,-1.58722e-06,2.5806900000000003e-06,True,False,288.00000000000006,0,ok
residuo,100.0,3.0,261.0,0.3,5.0,5.747126436781609,19.1278,16.2193,16.2193,-2.03354e-07,2.71652e-06,True,False,307.4000000000028,0,ok
residuo,100.0,3.0,261.0,0.5,4.75,9.578544061302681,18.171400000000002,15.2774,15.2774,-1.58722e-06,2.5806900000000003e-06,True,False,145.20000000000158,0,ok
residuo,100.0,3.0,261.0,0.5,5.0,9.578544061302681,19.1278,16.2193,16.2193,-2.0329100000000002e-07,2.71652e-06,True,False,164.60000000000085,0,ok
residuo,100.0,3.0,261.0,0.7,4.75,13.409961685823756,18.171400000000002,15.2774,15.2774,-1.58722e-06,2.5806900000000003e-06,True,False,42.099999999999774,0,ok
residuo,100.0,3.0,261.0,0.7,5.0,13.409961685823756,19.1278,16.2193,16.2193,-2.03268e-07,2.71652e-06,True,False,61.50000000000252,0,ok
residuo,200.0,0.1,213.0,0.1,4.75,2.347417840375587,22.2587,18.6534,18.6534,7.75557e-07,2.5807e-06,True,False,1274.7999999999995,0,ok
residuo,200.0,0.1,213.0,0.1,5.0,2.347417840375587,23.430200000000003,19.806,19.806,2.31555e-06,2.71652e-06,True,False,1322.2000000000025,0,ok
residuo,200.0,0.1,213.0,0.3,4.75,7.042253521126761,22.2587,18.6534,18.6534,7.75557e-07,2.5807e-06,True,False,699.7000000000011,0,ok
residuo,200.0,0.1,213.0,0.3,5.0,7.042253521126761,23.430200000000003,19.806,19.806,2.3162399999999998e-06,2.71652e-06,True,False,747.0000000000011,0,ok
residuo,200.0,0.1,213.0,0.5,4.75,11.737089201877934,22.2587,18.6534,18.6534,7.75557e-07,2.5807e-06,True,False,351.1999999999994,0,ok
residuo,200.0,0.1,213.0,0.5,5.0,11.737089201877934,23.430200000000003,19.806,19.806,2.31637e-06,2.71652e-06,True,False,398.6000000000024,0,ok
residuo,200.0,0.1,213.0,0.7,4.75,16.431924882629108,22.2587,18.6534,18.6534,7.75557e-07,2.5807e-06,True,False,99.30000000000008,0,ok
residuo,200.0,0.1,213.0,0.7,5.0,16.431924882629108,23.430200000000003,19.806,19.806,2.31642e-06,2.71652e-06,True,False,146.69999999999962,0,ok
residuo,200.0,0.1,237.0,0.1,4.75,2.109704641350211,20.008399999999998,16.796499999999998,16.796499999999998,1.7659000000000001e-06,2.5806900000000003e-06,True,False,1150.100000000001,0,ok
residuo,200.0,0.1,237.0,0.1,5.0,2.109704641350211,21.0615,17.8332,17.8332,6.86816e-07,2.71652e-06,True,False,1192.7000000000014,0,ok
residuo,200.0,0.1,237.0,0.3,4.75,6.329113924050633,20.008399999999998,16.796499999999998,16.796499999999998,1.7659000000000001e-06,2.5806900000000003e-06,True,False,631.5000000000001,0,ok
residuo,200.0,0.1,237.0,0.3,5.0,6.329113924050633,21.0615,17.8332,17.8332,6.867520000000001e-07,2.71652e-06,True,False,674.1000000000004,0,ok
residuo,200.0,0.1,237.0,0.5,4.75,10.548523206751055,20.008399999999998,16.796499999999998,16.796499999999998,1.7659000000000001e-06,2.5806900000000003e-06,True,False,317.6000000000012,0,ok
residuo,200.0,0.1,237.0,0.5,5.0,10.548523206751055,21.0615,17.8332,17.8332,6.867400000000001e-07,2.71652e-06,True,False,360.20000000000147,0,ok
residuo,200.0,0.1,237.0,0.7,4.75,14.767932489451477,20.008399999999998,16.796499999999998,16.796499999999998,1.7659000000000001e-06,2.5806900000000003e-06,True,False,90.80000000000199,0,ok
residuo,200.0,0.1,237.0,0.7,5.0,14.767932489451477,21.0615,17.8332,17.8332,6.867360000000001e-07,2.71652e-06,True,False,133.40000000000228,0,ok
residuo,200.0,0.1,261.0,0.1,4.75,1.9157088122605364,18.171400000000002,15.2774,15.2774,5.80934e-07,2.5806900000000003e-06,True,False,1047.900000000001,0,ok
residuo,200.0,0.1,261.0,0.1,5.0,1.9157088122605364,19.1278,16.2193,16.2193,9.01433e-07,2.71652e-06,True,False,1086.6000000000001,0,ok
residuo,200.0,0.1,261.0,0.3,4.75,5.747126436781609,18.171400000000002,15.2774,15.2774,5.80934e-07,2.5806900000000003e-06,True,False,575.4999999999997,0,ok
residuo,200.0,0.1,261.0,0.3,5.0,5.747126436781609,19.1278,16.2193,16.2193,9.0159e-07,2.71652e-06,True,False,614.2000000000022,0,ok
residuo,200.0,0.1,261.0,0.5,4.75,9.578544061302681,18.171400000000002,15.2774,15.2774,5.80934e-07,2.5806900000000003e-06,True,False,289.90000000000265,0,ok
residuo,200.0,0.1,261.0,0.5,5.0,9.578544061302681,19.1278,16.2193,16.2193,9.01617e-07,2.71652e-06,True,False,328.6000000000018,0,ok
residuo,200.0,0.1,261.0,0.7,4.75,13.409961685823756,18.171400000000002,15.2774,15.2774,5.80934e-07,2.5806900000000003e-06,True,False,83.70000000000252,0,ok
residuo,200.0,0.1,261.0,0.7,5.0,13.409961685823756,19.1278,16.2193,16.2193,9.01627e-07,2.71652e-06,True,False,122.40000000000167,0,ok
residuo,200.0,0.3,213.0,0.1,4.75,2.347417840375587,22.2587,18.6534,18.6534,7.75556e-07,2.5807e-06,True,False,1274.7999999999995,0,ok
residuo,200.0,0.3,213.0,0.1,5.0,2.347417840375587,23.430200000000003,19.806,19.806,2.3155599999999996e-06,2.71652e-06,True,False,1322.2000000000025,0,ok
residuo,200.0,0.3,213.0,0.3,4.75,7.042253521126761,22.2587,18.6534,18.6534,7.75556e-07,2.5807e-06,True,False,699.7000000000011,0,ok
residuo,200.0,0.3,213.0,0.3,5.0,7.042253521126761,23.430200000000003,19.806,19.806,2.31625e-06,2.71652e-06,True,False,747.0000000000011,0,ok
residuo,200.0,0.3,213.0,0.5,4.75,11.737089201877934,22.2587,18.6534,18.6534,7.75556e-07,2.5807e-06,True,False,351.1999999999994,0,ok
residuo,200.0,0.3,213.0,0.5,5.0,11.737089201877934,23.430200000000003,19.806,19.806,2.31637e-06,2.71652e-06,True,False,398.6000000000024,0,ok
residuo,200.0,0.3,213.0,0.7,4.75,16.431924882629108,22.2587,18.6534,18.6534,7.75556e-07,2.5807e-06,True,False,99.30000000000008,0,ok
residuo,200.0,0.3,213.0,0.7,5.0,16.431924882629108,23.430200000000003,19.806,19.806,2.31642e-06,2.71652e-06,True,False,146.69999999999962,0,ok
residuo,200.0,0.3,237.0,0.1,4.75,2.109704641350211,20.008399999999998,16.796499999999998,16.796499999999998,1.76589e-06,2.5806900000000003e-06,True,False,1150.100000000001,0,ok
residuo,200.0,0.3,237.0,0.1,5.0,2.109704641350211,21.0615,17.8332,17.8332,6.868149999999999e-07,2.71652e-06,True,False,1192.7000000000014,0,ok
residuo,200.0,0.3,237.0,0.3,4.75,6.329113924050633,20.008399999999998,16.796499999999998,16.796499999999998,1.76589e-06,2.5806900000000003e-06,True,False,631.5000000000001,0,ok
residuo,200.0,0.3,237.0,0.3,5.0,6.329113924050633,21.0615,17.8332,17.8332,6.867510000000001e-07,2.71652e-06,True,False,674.1000000000004,0,ok
residuo,200.0,0.3,237.0,0.5,4.75,10.548523206751055,20.008399999999998,16.796499999999998,16.796499999999998,1.76589e-06,2.5806900000000003e-06,True,False,317.6000000000012,0,ok
residuo,200.0,0.3,237.0,0.5,5.0,10.548523206751055,21.0615,17.8332,17.8332,6.867400000000001e-07,2.71652e-06,True,False,360.20000000000147,0,ok
residuo,200.0,0.3,237.0,0.7,4.75,14.767932489451477,20.008399999999998,16.796499999999998,16.796499999999998,1.76589e-06,2.5806900000000003e-06,True,False,90.80000000000199,0,ok
residuo,200.0,0.3,237.0,0.7,5.0,14.767932489451477,21.0615,17.8332,17.8332,6.86735e-07,2.71652e-06,True,False,133.40000000000228,0,ok
residuo,200.0,0.3,261.0,0.1,4.75,1.9157088122605364,18.171400000000002,15.2774,15.2774,5.80933e-07,2.5806900000000003e-06,True,False,1047.900000000001,0,ok
residuo,200.0,0.3,261.0,0.1,5.0,1.9157088122605364,19.1278,16.2193,16.2193,9.01435e-07,2.71652e-06,True,False,1086.6000000000001,0,ok
residuo,200.0,0.3,261.0,0.3,4.75,5.747126436781609,18.171400000000002,15.2774,15.2774,5.80933e-07,2.5806900000000003e-06,True,False,575.4999999999997,0,ok
residuo,200.0,0.3,261.0,0.3,5.0,5.747126436781609,19.1278,16.2193,16.2193,9.01591e-07,2.71652e-06,True,False,614.2000000000022,0,ok
residuo,200.0,0.3,261.0,0.5,4.75,9.578544061302681,18.171400000000002,15.2774,15.2774,5.80933e-07,2.5806900000000003e-06,True,False,289.90000000000265,0,ok
residuo,200.0,0.3,261.0,0.5,5.0,9.578544061302681,19.1278,16.2193,16.2193,9.016190000000001e-07,2.71652e-06,True,False,328.6000000000018,0,ok
residuo,200.0,0.3,261.0,0.7,4.75,13.409961685823756,18.171400000000002,15.2774,15.2774,5.80933e-07,2.5806900000000003e-06,True,False,83.70000000000252,0,ok
residuo,200.0,0.3,261.0,0.7,5.0,13.409961685823756,19.1278,16.2193,16.2193,9.01629e-07,2.71652e-06,True,False,122.40000000000167,0,ok
residuo,200.0,1.0,213.0,0.1,4.75,2.347417840375587,22.2587,18.6534,18.6534,7.75543e-07,2.5807e-06,True,False,1274.7999999999995,0,ok
residuo,200.0,1.0,213.0,0.1,5.0,2.347417840375587,23.430200000000003,19.806,19.806,2.31562e-06,2.71652e-06,True,False,1322.2000000000025,0,ok
residuo,200.0,1.0,213.0,0.3,4.75,7.042253521126761,22.2587,18.6534,18.6534,7.75543e-07,2.5807e-06,True,False,699.7000000000011,0,ok
residuo,200.0,1.0,213.0,0.3,5.0,7.042253521126761,23.430200000000003,19.806,19.806,2.3163200000000003e-06,2.71652e-06,True,False,747.0000000000011,0,ok
residuo,200.0,1.0,213.0,0.5,4.75,11.737089201877934,22.2587,18.6534,18.6534,7.75543e-07,2.5807e-06,True,False,351.1999999999994,0,ok
residuo,200.0,1.0,213.0,0.5,5.0,11.737089201877934,23.430200000000003,19.806,19.806,2.31644e-06,2.71652e-06,True,False,398.6000000000024,0,ok
residuo,200.0,1.0,213.0,0.7,4.75,16.431924882629108,22.2587,18.6534,18.6534,7.75543e-07,2.5807e-06,True,False,99.30000000000008,0,ok
residuo,200.0,1.0,213.0,0.7,5.0,16.431924882629108,23.430200000000003,19.806,19.806,2.3164900000000003e-06,2.71652e-06,True,False,146.69999999999962,0,ok
residuo,200.0,1.0,237.0,0.1,4.75,2.109704641350211,20.008399999999998,16.796499999999998,16.796499999999998,1.76583e-06,2.5806900000000003e-06,True,False,1150.100000000001,0,ok
residuo,200.0,1.0,237.0,0.1,5.0,2.109704641350211,21.0615,17.8332,17.8332,6.86807e-07,2.71652e-06,True,False,1192.7000000000014,0,ok
residuo,200.0,1.0,237.0,0.3,4.75,6.329113924050633,20.008399999999998,16.796499999999998,16.796499999999998,1.76583e-06,2.5806900000000003e-06,True,False,631.5000000000001,0,ok
residuo,200.0,1.0,237.0,0.3,5.0,6.329113924050633,21.0615,17.8332,17.8332,6.867429999999999e-07,2.71652e-06,True,False,674.1000000000004,0,ok
residuo,200.0,1.0,237.0,0.5,4.75,10.548523206751055,20.008399999999998,16.796499999999998,16.796499999999998,1.76583e-06,2.5806900000000003e-06,True,False,317.6000000000012,0,ok
residuo,200.0,1.0,237.0,0.5,5.0,10.548523206751055,21.0615,17.8332,17.8332,6.86732e-07,2.71652e-06,True,False,360.20000000000147,0,ok
residuo,200.0,1.0,237.0,0.7,4.75,14.767932489451477,20.008399999999998,16.796499999999998,16.796499999999998,1.76583e-06,2.5806900000000003e-06,True,False,90.80000000000199,0,ok
residuo,200.0,1.0,237.0,0.7,5.0,14.767932489451477,21.0615,17.8332,17.8332,6.86727e-07,2.71652e-06,True,False,133.40000000000228,0,ok
residuo,200.0,1.0,261.0,0.1,4.75,1.9157088122605364,18.171400000000002,15.2774,15.2774,5.80918e-07,2.5806900000000003e-06,True,False,1047.900000000001,0,ok
residuo,200.0,1.0,261.0,0.1,5.0,1.9157088122605364,19.1278,16.2193,16.2193,9.01462e-07,2.71652e-06,True,False,1086.6000000000001,0,ok
residuo,200.0,1.0,261.0,0.3,4.75,5.747126436781609,18.171400000000002,15.2774,15.2774,5.80918e-07,2.5806900000000003e-06,True,False,575.4999999999997,0,ok
residuo,200.0,1.0,261.0,0.3,5.0,5.747126436781609,19.1278,16.2193,16.2193,9.016190000000001e-07,2.71652e-06,True,False,614.2000000000022,0,ok
residuo,200.0,1.0,261.0,0.5,4.75,9.578544061302681,18.171400000000002,15.2774,15.2774,5.80918e-07,2.5806900000000003e-06,True,False,289.90000000000265,0,ok
residuo,200.0,1.0,261.0,0.5,5.0,9.578544061302681,19.1278,16.2193,16.2193,9.01646e-07,2.71652e-06,True,False,328.6000000000018,0,ok
residuo,200.0,1.0,261.0,0.7,4.75,13.409961685823756,18.171400000000002,15.2774,15.2774,5.80918e-07,2.5806900000000003e-06,True,False,83.70000000000252,0,ok
residuo,200.0,1.0,261.0,0.7,5.0,13.409961685823756,19.1278,16.2193,16.2193,9.01656e-07,2.71652e-06,True,False,122.40000000000167,0,ok
residuo,200.0,3.0,213.0,0.1,4.75,2.347417840375587,22.2587,18.6534,18.6534,-1.4985400000000002e-06,2.5807e-06,True,False,1274.7999999999995,0,ok
residuo,200.0,3.0,213.0,0.1,5.0,2.347417840375587,23.430200000000003,19.806,19.806,-8.88749e-08,2.71652e-06,True,False,1322.2000000000025,0,ok
residuo,200.0,3.0,213.0,0.3,4.75,7.042253521126761,22.2587,18.6534,18.6534,-1.4985400000000002e-06,2.5807e-06,True,False,699.7000000000011,0,ok
residuo,200.0,3.0,213.0,0.3,5.0,7.042253521126761,23.430200000000003,19.806,19.806,-8.818460000000001e-08,2.71652e-06,True,False,747.0000000000011,0,ok
residuo,200.0,3.0,213.0,0.5,4.75,11.737089201877934,22.2587,18.6534,18.6534,-1.4985400000000002e-06,2.5807e-06,True,False,351.1999999999994,0,ok
residuo,200.0,3.0,213.0,0.5,5.0,11.737089201877934,23.430200000000003,19.806,19.806,-8.80618e-08,2.71652e-06,True,False,398.6000000000024,0,ok
residuo,200.0,3.0,213.0,0.7,4.75,16.431924882629108,22.2587,18.6534,18.6534,-1.4985400000000002e-06,2.5807e-06,True,False,99.30000000000008,0,ok
residuo,200.0,3.0,213.0,0.7,5.0,16.431924882629108,23.430200000000003,19.806,19.806,-8.80154e-08,2.71652e-06,True,False,146.69999999999962,0,ok
residuo,200.0,3.0,237.0,0.1,4.75,2.109704641350211,20.008399999999998,16.796499999999998,16.796499999999998,-5.06548e-07,2.5806900000000003e-06,True,False,1150.100000000001,0,ok
residuo,200.0,3.0,237.0,0.1,5.0,2.109704641350211,21.0615,17.8332,17.8332,-1.70194e-06,2.71652e-06,True,False,1192.7000000000014,0,ok
residuo,200.0,3.0,237.0,0.3,4.75,6.329113924050633,20.008399999999998,16.796499999999998,16.796499999999998,-5.065489999999999e-07,2.5806900000000003e-06,True,False,631.5000000000001,0,ok
residuo,200.0,3.0,237.0,0.3,5.0,6.329113924050633,21.0615,17.8332,17.8332,-1.70201e-06,2.71652e-06,True,False,674.1000000000004,0,ok
residuo,200.0,3.0,237.0,0.5,4.75,10.548523206751055,20.008399999999998,16.796499999999998,16.796499999999998,-5.065489999999999e-07,2.5806900000000003e-06,True,False,317.6000000000012,0,ok
residuo,200.0,3.0,237.0,0.5,5.0,10.548523206751055,21.0615,17.8332,17.8332,-1.70202e-06,2.71652e-06,True,False,360.20000000000147,0,ok
residuo,200.0,3.0,237.0,0.7,4.75,14.767932489451477,20.008399999999998,16.796499999999998,16.796499999999998,-5.065489999999999e-07,2.5806900000000003e-06,True,False,90.80000000000199,0,ok
residuo,200.0,3.0,237.0,0.7,5.0,14.767932489451477,21.0615,17.8332,17.8332,-1.70202e-06,2.71652e-06,True,False,133.40000000000228,0,ok
residuo,200.0,3.0,261.0,0.1,4.75,1.9157088122605364,18.171400000000002,15.2774,15.2774,-1.69285e-06,2.5806900000000003e-06,True,False,1047.900000000001,0,ok
residuo,200.0,3.0,261.0,0.1,5.0,1.9157088122605364,19.1278,16.2193,16.2193,-1.49163e-06,2.71652e-06,True,False,1086.6000000000001,0,ok
residuo,200.0,3.0,261.0,0.3,4.75,5.747126436781609,18.171400000000002,15.2774,15.2774,-1.69285e-06,2.5806900000000003e-06,True,False,575.4999999999997,0,ok
residuo,200.0,3.0,261.0,0.3,5.0,5.747126436781609,19.1278,16.2193,16.2193,-1.49147e-06,2.71652e-06,True,False,614.2000000000022,0,ok
residuo,200.0,3.0,261.0,0.5,4.75,9.578544061302681,18.171400000000002,15.2774,15.2774,-1.69285e-06,2.5806900000000003e-06,True,False,289.90000000000265,0,ok
residuo,200.0,3.0,261.0,0.5,5.0,9.578544061302681,19.1278,16.2193,16.2193,-1.49144e-06,2.71652e-06,True,False,328.6000000000018,0,ok
residuo,200.0,3.0,261.0,0.7,4.75,13.409961685823756,18.171400000000002,15.2774,15.2774,-1.69285e-06,2.5806900000000003e-06,True,False,83.70000000000252,0,ok
residuo,200.0,3.0,261.0,0.7,5.0,13.409961685823756,19.1278,16.2193,16.2193,-1.49144e-06,2.71652e-06,True,False,122.40000000000167,0,ok
