 2.00000000e-01 -8.51500025e+00  2.00000000e-01  6.78862541e+01 
 2.02316202e-01 -8.42930083e+00  2.02316202e-01  6.76552209e+01 
 2.04659228e-01 -8.34388618e+00  2.04659228e-01  6.74222888e+01 
 2.07029388e-01 -8.25876100e+00  2.07029388e-01  6.71874576e+01 
 2.09426997e-01 -8.17393001e+00  2.09426997e-01  6.69507277e+01 
 2.11852373e-01 -8.08939795e+00  2.11852373e-01  6.67121003e+01 
 2.14305837e-01 -8.00516963e+00  2.14305837e-01  6.64715766e+01 
 2.16787715e-01 -7.92124986e+00  2.16787715e-01  6.62291587e+01 
 2.19298335e-01 -7.83764350e+00  2.19298335e-01  6.59848493e+01 
 2.21838031e-01 -7.75435544e+00  2.21838031e-01  6.57386514e+01 
 2.24407140e-01 -7.67139060e+00  2.24407140e-01  6.54905688e+01 
 2.27006001e-01 -7.58875391e+00  2.27006001e-01  6.52406058e+01 
 2.29634959e-01 -7.50645035e+00  2.29634959e-01  6.49887673e+01 
 2.32294364e-01 -7.42448490e+00  2.32294364e-01  6.47350588e+01 
 2.34984567e-01 -7.34286259e+00  2.34984567e-01  6.44794866e+01 
 2.37705925e-01 -7.26158844e+00  2.37705925e-01  6.42220574e+01 
 2.40458800e-01 -7.18066750e+00  2.40458800e-01  6.39627786e+01 
 2.43243555e-01 -7.10010483e+00  2.43243555e-01  6.37016584e+01 
 2.46060561e-01 -7.01990552e+00  2.46060561e-01  6.34387055e+01 
 2.48910190e-01 -6.94007465e+00  2.48910190e-01  6.31739294e+01 
 2.51792821e-01 -6.86061731e+00  2.51792821e-01  6.29073402e+01 
 2.54708836e-01 -6.78153861e+00  2.54708836e-01  6.26389487e+01 
 2.57658622e-01 -6.70284365e+00  2.57658622e-01  6.23687665e+01 
 2.60642568e-01 -6.62453753e+00  2.60642568e-01  6.20968058e+01 
 2.63661072e-01 -6.54662535e+00  2.63661072e-01  6.18230795e+01 
 2.66714534e-01 -6.46911221e+00  2.66714534e-01  6.15476014e+01 
 2.69803357e-01 -6.39200319e+00  2.69803357e-01  6.12703859e+01 
 2.72927952e-01 -6.31530337e+00  2.72927952e-01  6.09914482e+01 
 2.76088733e-01 -6.23901781e+00  2.76088733e-01  6.07108040e+01 
 2.79286119e-01 -6.16315155e+00  2.79286119e-01  6.04284702e+01 
 2.82520534e-01 -6.08770962e+00  2.82520534e-01  6.01444641e+01 
 2.85792407e-01 -6.01269702e+00  2.85792407e-01  5.98588039e+01 
 2.89102171e-01 -5.93811871e+00  2.89102171e-01  5.95715086e+01 
 2.92450266e-01 -5.86397964e+00  2.92450266e-01  5.92825977e+01 
 2.95837135e-01 -5.79028473e+00  2.95837135e-01  5.89920918e+01 
 2.99263228e-01 -5.71703883e+00  2.99263228e-01  5.87000122e+01 
 3.02728998e-01 -5.64424678e+00  3.02728998e-01  5.84063807e+01 
 3.06234905e-01 -5.57191337e+00  3.06234905e-01  5.81112203e+01 
 3.09781414e-01 -5.50004334e+00  3.09781414e-01  5.78145543e+01 
 3.13368996e-01 -5.42864137e+00  3.13368996e-01  5.75164071e+01 
 3.16998125e-01 -5.35771211e+00  3.16998125e-01  5.72168038e+01 
 3.20669283e-01 -5.28726012e+00  3.20669283e-01  5.69157702e+01 
 3.24382957e-01 -5.21728992e+00  3.24382957e-01  5.66133328e+01 
 3.28139639e-01 -5.14780597e+00  3.28139639e-01  5.63095190e+01 
 3.31939827e-01 -5.07881263e+00  3.31939827e-01  5.60043568e+01 
 3.35784025e-01 -5.01031423e+00  3.35784025e-01  5.56978750e+01 
 3.39672743e-01 -4.94231499e+00  3.39672743e-01  5.53901032e+01 
 3.43606496e-01 -4.87481907e+00  3.43606496e-01  5.50810715e+01 
 3.47585805e-01 -4.80783053e+00  3.47585805e-01  5.47708109e+01 
 3.51611200e-01 -4.74135336e+00  3.51611200e-01  5.44593531e+01 
 3.55683212e-01 -4.67539146e+00  3.55683212e-01  5.41467304e+01 
 3.59802383e-01 -4.60994861e+00  3.59802383e-01  5.38329758e+01 
 3.63969257e-01 -4.54502853e+00  3.63969257e-01  5.35181229e+01 
 3.68184388e-01 -4.48063482e+00  3.68184388e-01  5.32022062e+01 
 3.72448335e-01 -4.41677097e+00  3.72448335e-01  5.28852604e+01 
 3.76761663e-01 -4.35344039e+00  3.76761663e-01  5.25673213e+01 
 3.81124943e-01 -4.29064634e+00  3.81124943e-01  5.22484250e+01 
 3.85538754e-01 -4.22839200e+00  3.85538754e-01  5.19286082e+01 
 3.90003682e-01 -4.16668042e+00  3.90003682e-01  5.16079082e+01 
 3.94520318e-01 -4.10551453e+00  3.94520318e-01  5.12863629e+01 
 3.99089261e-01 -4.04489715e+00  3.99089261e-01  5.09640106e+01 
 4.03711118e-01 -3.98483097e+00  4.03711118e-01  5.06408904e+01 
 4.08386500e-01 -3.92531853e+00  4.08386500e-01  5.03170414e+01 
 4.13116027e-01 -3.86636228e+00  4.13116027e-01  4.99925037e+01 
 4.17900328e-01 -3.80796450e+00  4.17900328e-01  4.96673173e+01 
 4.22740035e-01 -3.75012736e+00  4.22740035e-01  4.93415231e+01 
 4.27635791e-01 -3.69285289e+00  4.27635791e-01  4.90151620e+01 
 4.32588245e-01 -3.63614297e+00  4.32588245e-01  4.86882756e+01 
 4.37598053e-01 -3.57999935e+00  4.37598053e-01  4.83609056e+01 
 4.42665880e-01 -3.52442362e+00  4.42665880e-01  4.80330941e+01 
 4.47792398e-01 -3.46941725e+00  4.47792398e-01  4.77048834e+01 
 4.52978286e-01 -3.41498155e+00  4.52978286e-01  4.73763163e+01 
 4.58224231e-01 -3.36111769e+00  4.58224231e-01  4.70474356e+01 
 4.63530930e-01 -3.30782668e+00  4.63530930e-01  4.67182844e+01 
 4.68899086e-01 -3.25510938e+00  4.68899086e-01  4.63889058e+01 
 4.74329410e-01 -3.20296653e+00  4.74329410e-01  4.60593435e+01 
 4.79822623e-01 -3.15139867e+00  4.79822623e-01  4.57296408e+01 
 4.85379453e-01 -3.10040622e+00  4.85379453e-01  4.53998414e+01 
 4.91000637e-01 -3.04998945e+00  4.91000637e-01  4.50699890e+01 
 4.96686920e-01 -3.00014847e+00  4.96686920e-01  4.47401274e+01 
 5.02439056e-01 -2.95088322e+00  5.02439056e-01  4.44103002e+01 
 5.08257807e-01 -2.90219352e+00  5.08257807e-01  4.40805511e+01 
 5.14143945e-01 -2.85407901e+00  5.14143945e-01  4.37509238e+01 
 5.20098251e-01 -2.80653920e+00  5.20098251e-01  4.34214619e+01 
 5.26121513e-01 -2.75957342e+00  5.26121513e-01  4.30922089e+01 
 5.32214531e-01 -2.71318089e+00  5.32214531e-01  4.27632080e+01 
 5.38378112e-01 -2.66736064e+00  5.38378112e-01  4.24345025e+01 
 5.44613074e-01 -2.62211157e+00  5.44613074e-01  4.21061353e+01 
 5.50920243e-01 -2.57743243e+00  5.50920243e-01  4.17781491e+01 
 5.57300455e-01 -2.53332183e+00  5.57300455e-01  4.14505864e+01 
 5.63754556e-01 -2.48977822e+00  5.63754556e-01  4.11234896e+01 
 5.70283403e-01 -2.44679993e+00  5.70283403e-01  4.07969003e+01 
 5.76887860e-01 -2.40438511e+00  5.76887860e-01  4.04708604e+01 
 5.83568804e-01 -2.36253181e+00  5.83568804e-01  4.01454109e+01 
 5.90327119e-01 -2.32123793e+00  5.90327119e-01  3.98205928e+01 
 5.97163703e-01 -2.28050121e+00  5.97163703e-01  3.94964465e+01 
 6.04079461e-01 -2.24031930e+00  6.04079461e-01  3.91730120e+01 
 6.11075310e-01 -2.20068968e+00  6.11075310e-01  3.88503288e+01 
 6.18152179e-01 -2.16160972e+00  6.18152179e-01  3.85284362e+01 
 6.25311005e-01 -2.12307666e+00  6.25311005e-01  3.82073726e+01 
 6.32552737e-01 -2.08508762e+00  6.32552737e-01  3.78871762e+01 
 6.39878336e-01 -2.04763961e+00  6.39878336e-01  3.75678844e+01 
 6.47288773e-01 -2.01072949e+00  6.47288773e-01  3.72495344e+01 
 6.54785030e-01 -1.97435403e+00  6.54785030e-01  3.69321625e+01 
 6.62368101e-01 -1.93850990e+00  6.62368101e-01  3.66158045e+01 
 6.70038992e-01 -1.90319363e+00  6.70038992e-01  3.63004957e+01 
 6.77798719e-01 -1.86840167e+00  6.77798719e-01  3.59862705e+01 
 6.85648312e-01 -1.83413035e+00  6.85648312e-01  3.56731631e+01 
 6.93588812e-01 -1.80037592e+00  6.93588812e-01  3.53612067e+01 
 7.01621270e-01 -1.76713452e+00  7.01621270e-01  3.50504338e+01 
 7.09746752e-01 -1.73440221e+00  7.09746752e-01  3.47408764e+01 
 7.17966335e-01 -1.70217496e+00  7.17966335e-01  3.44325659e+01 
 7.26281110e-01 -1.67044863e+00  7.26281110e-01  3.41255326e+01 
 7.34692178e-01 -1.63921905e+00  7.34692178e-01  3.38198065e+01 
 7.43200655e-01 -1.60848193e+00  7.43200655e-01  3.35154166e+01 
 7.51807668e-01 -1.57823291e+00  7.51807668e-01  3.32123914e+01 
 7.60514359e-01 -1.54846759e+00  7.60514359e-01  3.29107584e+01 
 7.69321883e-01 -1.51918146e+00  7.69321883e-01  3.26105445e+01 
 7.78231406e-01 -1.49036999e+00  7.78231406e-01  3.23117759e+01 
 7.87244111e-01 -1.46202856e+00  7.87244111e-01  3.20144780e+01 
 7.96361192e-01 -1.43415250e+00  7.96361192e-01  3.17186753e+01 
 8.05583858e-01 -1.40673709e+00  8.05583858e-01  3.14243917e+01 
 8.14913332e-01 -1.37977758e+00  8.14913332e-01  3.11316503e+01 
 8.24350851e-01 -1.35326914e+00  8.24350851e-01  3.08404735e+01 
 8.33897665e-01 -1.32720692e+00  8.33897665e-01  3.05508828e+01 
 8.43555041e-01 -1.30158603e+00  8.43555041e-01  3.02628989e+01 
 8.53324260e-01 -1.27640154e+00  8.53324260e-01  2.99765419e+01 
 8.63206616e-01 -1.25164849e+00  8.63206616e-01  2.96918311e+01 
 8.73203419e-01 -1.22732189e+00  8.73203419e-01  2.94087850e+01 
 8.83315996e-01 -1.20341673e+00  8.83315996e-01  2.91274212e+01 
 8.93545686e-01 -1.17992797e+00  8.93545686e-01  2.88477569e+01 
 9.03893847e-01 -1.15685056e+00  9.03893847e-01  2.85698081e+01 
 9.14361849e-01 -1.13417943e+00  9.14361849e-01  2.82935903e+01 
 9.24951082e-01 -1.11190950e+00  9.24951082e-01  2.80191184e+01 
 9.35662949e-01 -1.09003567e+00  9.35662949e-01  2.77464063e+01 
 9.46498870e-01 -1.06855285e+00  9.46498870e-01  2.74754672e+01 
 9.57460281e-01 -1.04745593e+00  9.57460281e-01  2.72063138e+01 
 9.68548637e-01 -1.02673982e+00  9.68548637e-01  2.69389578e+01 
 9.79765408e-01 -1.00639941e+00  9.79765408e-01  2.66734104e+01 
 9.91112080e-01 -9.86429594e-01  9.91112080e-01  2.64096820e+01 
 1.00259016e+00 -9.66825293e-01  1.00259016e+00  2.61477824e+01 
 1.01420116e+00 -9.47581421e-01  1.01420116e+00  2.58877205e+01 
 1.02594664e+00 -9.28692909e-01  1.02594664e+00  2.56295048e+01 
 1.03782813e+00 -9.10154701e-01  1.03782813e+00  2.53731431e+01 
 1.04984723e+00 -8.91961756e-01  1.04984723e+00  2.51186423e+01 
 1.06200552e+00 -8.74109054e-01  1.06200552e+00  2.48660089e+01 
 1.07430462e+00 -8.56591593e-01  1.07430462e+00  2.46152487e+01 
 1.08674615e+00 -8.39404396e-01  1.08674615e+00  2.43663668e+01 
 1.09933176e+00 -8.22542509e-01  1.09933176e+00  2.41193680e+01 
 1.11206313e+00 -8.06001003e-01  1.11206313e+00  2.38742561e+01 
 1.12494195e+00 -7.89774981e-01  1.12494195e+00  2.36310344e+01 
 1.13796991e+00 -7.73859571e-01  1.13796991e+00  2.33897060e+01 
 1.15114875e+00 -7.58249935e-01  1.15114875e+00  2.31502729e+01 
 1.16448021e+00 -7.42941270e-01  1.16448021e+00  2.29127369e+01 
 1.17796607e+00 -7.27928802e-01  1.17796607e+00  2.26770992e+01 
 1.19160810e+00 -7.13207798e-01  1.19160810e+00  2.24433604e+01 
 1.20540813e+00 -6.98773561e-01  1.20540813e+00  2.22115207e+01 
 1.21936797e+00 -6.84621429e-01  1.21936797e+00  2.19815796e+01 
 1.23348948e+00 -6.70746785e-01  1.23348948e+00  2.17535363e+01 
 1.24777453e+00 -6.57145048e-01  1.24777453e+00  2.15273896e+01 
 1.26222502e+00 -6.43811683e-01  1.26222502e+00  2.13031375e+01 
 1.27684286e+00 -6.30742194e-01  1.27684286e+00  2.10807779e+01 
 1.29162999e+00 -6.17932132e-01  1.29162999e+00  2.08603080e+01 
 1.30658837e+00 -6.05377090e-01  1.30658837e+00  2.06417247e+01 
 1.32171998e+00 -5.93072707e-01  1.32171998e+00  2.04250246e+01 
 1.33702683e+00 -5.81014670e-01  1.33702683e+00  2.02102036e+01 
 1.35251095e+00 -5.69198711e-01  1.35251095e+00  1.99972575e+01 
 1.36817439e+00 -5.57620610e-01  1.36817439e+00  1.97861816e+01 
 1.38401923e+00 -5.46276193e-01  1.38401923e+00  1.95769707e+01 
 1.40004757e+00 -5.35161339e-01  1.40004757e+00  1.93696195e+01 
 1.41626153e+00 -5.24271971e-01  1.41626153e+00  1.91641223e+01 
 1.43266327e+00 -5.13604064e-01  1.43266327e+00  1.89604728e+01 
 1.44925496e+00 -5.03153643e-01  1.44925496e+00  1.87586647e+01 
 1.46603879e+00 -4.92916782e-01  1.46603879e+00  1.85586913e+01 
 1.48301700e+00 -4.82889604e-01  1.48301700e+00  1.83605455e+01 
 1.50019183e+00 -4.73068286e-01  1.50019183e+00  1.81642201e+01 
 1.51756557e+00 -4.63449052e-01  1.51756557e+00  1.79697074e+01 
 1.53514051e+00 -4.54028179e-01  1.53514051e+00  1.77769995e+01 
 1.55291899e+00 -4.44801993e-01  1.55291899e+00  1.75860885e+01 
 1.57090335e+00 -4.35766873e-01  1.57090335e+00  1.73969659e+01 
 1.58909600e+00 -4.26919248e-01  1.58909600e+00  1.72096231e+01 
 1.60749933e+00 -4.18255596e-01  1.60749933e+00  1.70240514e+01 
 1.62611580e+00 -4.09772450e-01  1.62611580e+00  1.68402416e+01 
 1.64494786e+00 -4.01466389e-01  1.64494786e+00  1.66581846e+01 
 1.66399802e+00 -3.93334046e-01  1.66399802e+00  1.64778709e+01 
 1.68326879e+00 -3.85372103e-01  1.68326879e+00  1.62992909e+01 
 1.70276274e+00 -3.77577292e-01  1.70276274e+00  1.61224349e+01 
 1.72248245e+00 -3.69946396e-01  1.72248245e+00  1.59472927e+01 
 1.74243054e+00 -3.62476247e-01  1.74243054e+00  1.57738544e+01 
 1.76260964e+00 -3.55163727e-01  1.76260964e+00  1.56021096e+01 
 1.78302244e+00 -3.48005767e-01  1.78302244e+00  1.54320480e+01 
 1.80367164e+00 -3.40999348e-01  1.80367164e+00  1.52636589e+01 
 1.82455997e+00 -3.34141497e-01  1.82455997e+00  1.50969316e+01 
 1.84569022e+00 -3.27429292e-01  1.84569022e+00  1.49318554e+01 
 1.86706517e+00 -3.20859858e-01  1.86706517e+00  1.47684193e+01 
 1.88868767e+00 -3.14430368e-01  1.88868767e+00  1.46066123e+01 
 1.91056058e+00 -3.08138040e-01  1.91056058e+00  1.44464233e+01 
 1.93268680e+00 -3.01980142e-01  1.93268680e+00  1.42878411e+01 
 1.95506926e+00 -2.95953986e-01  1.95506926e+00  1.41308542e+01 
 1.97771094e+00 -2.90056930e-01  1.97771094e+00  1.39754515e+01 
 2.00061483e+00 -2.84286380e-01  2.00061483e+00  1.38216213e+01 
 2.02378396e+00 -2.78639783e-01  2.02378396e+00  1.36693522e+01 
 2.04722142e+00 -2.73114633e-01  2.04722142e+00  1.35186326e+01 
 2.07093031e+00 -2.67708468e-01  2.07093031e+00  1.33694509e+01 
 2.09491378e+00 -2.62418869e-01  2.09491378e+00  1.32217953e+01 
 2.11917499e+00 -2.57243461e-01  2.11917499e+00  1.30756542e+01 
 2.14371718e+00 -2.52179909e-01  2.14371718e+00  1.29310157e+01 
 2.16854358e+00 -2.47225922e-01  2.16854358e+00  1.27878681e+01 
 2.19365751e+00 -2.42379251e-01  2.19365751e+00  1.26461995e+01 
 2.21906227e+00 -2.37637687e-01  2.21906227e+00  1.25059981e+01 
 2.24476125e+00 -2.32999062e-01  2.24476125e+00  1.23672520e+01 
 2.27075785e+00 -2.28461247e-01  2.27075785e+00  1.22299493e+01 
 2.29705552e+00 -2.24022153e-01  2.29705552e+00  1.20940782e+01 
 2.32365774e+00 -2.19679731e-01  2.32365774e+00  1.19596266e+01 
 2.35056804e+00 -2.15431969e-01  2.35056804e+00  1.18265828e+01 
 2.37778999e+00 -2.11276892e-01  2.37778999e+00  1.16949348e+01 
 2.40532720e+00 -2.07212564e-01  2.40532720e+00  1.15646708e+01 
 2.43318331e+00 -2.03237086e-01  2.43318331e+00  1.14357788e+01 
 2.46136203e+00 -1.99348594e-01  2.46136203e+00  1.13082469e+01 
 2.48986709e+00 -1.95545260e-01  2.48986709e+00  1.11820634e+01 
 2.51870226e+00 -1.91825291e-01  2.51870226e+00  1.10572164e+01 
 2.54787137e+00 -1.88186929e-01  2.54787137e+00  1.09336940e+01 
 2.57737829e+00 -1.84628450e-01  2.57737829e+00  1.08114846e+01 
 2.60722693e+00 -1.81148163e-01  2.60722693e+00  1.06905763e+01 
 2.63742125e+00 -1.77744411e-01  2.63742125e+00  1.05709573e+01 
 2.66796525e+00 -1.74415568e-01  2.66796525e+00  1.04526162e+01 
 2.69886298e+00 -1.71160042e-01  2.69886298e+00  1.03355411e+01 
 2.73011854e+00 -1.67976272e-01  2.73011854e+00  1.02197204e+01 
 2.76173606e+00 -1.64862726e-01  2.76173606e+00  1.01051427e+01 
 2.79371975e+00 -1.61817904e-01  2.79371975e+00  9.99179628e+00 
 2.82607385e+00 -1.58840336e-01  2.82607385e+00  9.87966980e+00 
 2.85880263e+00 -1.55928580e-01  2.85880263e+00  9.76875177e+00 
 2.89191045e+00 -1.53081226e-01  2.89191045e+00  9.65903082e+00 
 2.92540169e+00 -1.50296890e-01  2.92540169e+00  9.55049563e+00 
 2.95928080e+00 -1.47574215e-01  2.95928080e+00  9.44313491e+00 
 2.99355225e+00 -1.44911873e-01  2.99355225e+00  9.33693745e+00 
 3.02822061e+00 -1.42308565e-01  3.02822061e+00  9.23189209e+00 
 3.06329046e+00 -1.39763014e-01  3.06329046e+00  9.12798772e+00 
 3.09876645e+00 -1.37273972e-01  3.09876645e+00  9.02521331e+00 
 3.13465329e+00 -1.34840216e-01  3.13465329e+00  8.92355787e+00 
 3.17095574e+00 -1.32460547e-01  3.17095574e+00  8.82301049e+00 
 3.20767861e+00 -1.30133794e-01  3.20767861e+00  8.72356031e+00 
 3.24482676e+00 -1.27858805e-01  3.24482676e+00  8.62519654e+00 
 3.28240513e+00 -1.25634457e-01  3.28240513e+00  8.52790846e+00 
 3.32041869e+00 -1.23459646e-01  3.32041869e+00  8.43168541e+00 
 3.35887249e+00 -1.21333294e-01  3.35887249e+00  8.33651682e+00 
 3.39777162e+00 -1.19254343e-01  3.39777162e+00  8.24239216e+00 
 3.43712125e+00 -1.17221759e-01  3.43712125e+00  8.14930099e+00 
 3.47692658e+00 -1.15234529e-01  3.47692658e+00  8.05723292e+00 
 3.51719290e+00 -1.13291661e-01  3.51719290e+00  7.96617766e+00 
 3.55792554e+00 -1.11392183e-01  3.55792554e+00  7.87612497e+00 
 3.59912991e+00 -1.09535146e-01  3.59912991e+00  7.78706469e+00 
 3.64081146e+00 -1.07719618e-01  3.64081146e+00  7.69898674e+00 
 3.68297573e+00 -1.05944687e-01  3.68297573e+00  7.61188110e+00 
 3.72562831e+00 -1.04209464e-01  3.72562831e+00  7.52573784e+00 
 3.76877484e+00 -1.02513074e-01  3.76877484e+00  7.44054709e+00 
 3.81242106e+00 -1.00854663e-01  3.81242106e+00  7.35629906e+00 
 3.85657274e+00 -9.92333944e-02  3.85657274e+00  7.27298404e+00 
 3.90123574e+00 -9.76484505e-02  3.90123574e+00  7.19059239e+00 
 3.94641599e+00 -9.60990299e-02  3.94641599e+00  7.10911456e+00 
 3.99211947e+00 -9.45843487e-02  3.99211947e+00  7.02854106e+00 
 4.03835224e+00 -9.31036396e-02  4.03835224e+00  6.94886248e+00 
 4.08512043e+00 -9.16561520e-02  4.08512043e+00  6.87006948e+00 
 4.13243025e+00 -9.02411511e-02  4.13243025e+00  6.79215282e+00 
 4.18028796e+00 -8.88579181e-02  4.18028796e+00  6.71510332e+00 
 4.22869991e+00 -8.75057495e-02  4.22869991e+00  6.63891188e+00 
 4.27767252e+00 -8.61839570e-02  4.27767252e+00  6.56356946e+00 
 4.32721228e+00 -8.48918672e-02  4.32721228e+00  6.48906713e+00 
 4.37732577e+00 -8.36288211e-02  4.37732577e+00  6.41539602e+00 
 4.42801962e+00 -8.23941741e-02  4.42801962e+00  6.34254733e+00 
 4.47930055e+00 -8.11872953e-02  4.47930055e+00  6.27051234e+00 
 4.53117537e+00 -8.00075678e-02  4.53117537e+00  6.19928243e+00 
 4.58365095e+00 -7.88543878e-02  4.58365095e+00  6.12884901e+00 
 4.63673425e+00 -7.77271647e-02  4.63673425e+00  6.05920361e+00 
 4.69043232e+00 -7.66253207e-02  4.69043232e+00  5.99033781e+00 
 4.74475225e+00 -7.55482908e-02  4.74475225e+00  5.92224329e+00 
 4.79970127e+00 -7.44955218e-02  4.79970127e+00  5.85491177e+00 
 4.85528665e+00 -7.34664732e-02  4.85528665e+00  5.78833509e+00 
 4.91151577e+00 -7.24606157e-02  4.91151577e+00  5.72250512e+00 
 4.96839608e+00 -7.14774320e-02  4.96839608e+00  5.65741385e+00 
 5.02593512e+00 -7.05164159e-02  5.02593512e+00  5.59305330e+00 
 5.08414052e+00 -6.95770723e-02  5.08414052e+00  5.52941560e+00 
 5.14302000e+00 -6.86589170e-02  5.14302000e+00  5.46649294e+00 
 5.20258136e+00 -6.77614764e-02  5.20258136e+00  5.40427757e+00 
 5.26283250e+00 -6.68842872e-02  5.26283250e+00  5.34276185e+00 
 5.32378141e+00 -6.60268964e-02  5.32378141e+00  5.28193818e+00 
 5.38543617e+00 -6.51888609e-02  5.38543617e+00  5.22179904e+00 
 5.44780495e+00 -6.43697474e-02  5.44780495e+00  5.16233700e+00 
 5.51089603e+00 -6.35691321e-02  5.51089603e+00  5.10354467e+00 
 5.57471776e+00 -6.27866004e-02  5.57471776e+00  5.04541477e+00 
 5.63927862e+00 -6.20217471e-02  5.63927862e+00  4.98794005e+00 
 5.70458716e+00 -6.12741758e-02  5.70458716e+00  4.93111338e+00 
 5.77065203e+00 -6.05434989e-02  5.77065203e+00  4.87492764e+00 
 5.83748200e+00 -5.98293373e-02  5.83748200e+00  4.81937584e+00 
 5.90508593e+00 -5.91313202e-02  5.90508593e+00  4.76445102e+00 
 5.97347279e+00 -5.84490854e-02  5.97347279e+00  4.71014631e+00 
 6.04265163e+00 -5.77822782e-02  6.04265163e+00  4.65645489e+00 
 6.11263163e+00 -5.71305521e-02  6.11263163e+00  4.60337002e+00 
 6.18342207e+00 -5.64935681e-02  6.18342207e+00  4.55088503e+00 
 6.25503234e+00 -5.58709949e-02  6.25503234e+00  4.49899331e+00 
 6.32747192e+00 -5.52625085e-02  6.32747192e+00  4.44768833e+00 
 6.40075043e+00 -5.46677919e-02  6.40075043e+00  4.39696361e+00 
 6.47487758e+00 -5.40865355e-02  6.47487758e+00  4.34681274e+00 
 6.54986319e+00 -5.35184361e-02  6.54986319e+00  4.29722938e+00 
 6.62571722e+00 -5.29631978e-02  6.62571722e+00  4.24820725e+00 
 6.70244971e+00 -5.24205309e-02  6.70244971e+00  4.19974015e+00 
 6.78007084e+00 -5.18901523e-02  6.78007084e+00  4.15182192e+00 
 6.85859090e+00 -5.13717850e-02  6.85859090e+00  4.10444647e+00 
 6.93802030e+00 -5.08651586e-02  6.93802030e+00  4.05760780e+00 
 7.01836957e+00 -5.03700084e-02  7.01836957e+00  4.01129993e+00 
 7.09964937e+00 -4.98860756e-02  7.09964937e+00  3.96551696e+00 
 7.18187048e+00 -4.94131073e-02  7.18187048e+00  3.92025307e+00 
 7.26504378e+00 -4.89508562e-02  7.26504378e+00  3.87550247e+00 
 7.34918032e+00 -4.84990806e-02  7.34918032e+00  3.83125946e+00 
 7.43429124e+00 -4.80575440e-02  7.43429124e+00  3.78751837e+00 
 7.52038784e+00 -4.76260155e-02  7.52038784e+00  3.74427362e+00 
 7.60748151e+00 -4.72042691e-02  7.60748151e+00  3.70151965e+00 
 7.69558382e+00 -4.67920840e-02  7.69558382e+00  3.65925101e+00 
 7.78470645e+00 -4.63892442e-02  7.78470645e+00  3.61746226e+00 
 7.87486120e+00 -4.59955387e-02  7.87486120e+00  3.57614805e+00 
 7.96606004e+00 -4.56107612e-02  7.96606004e+00  3.53530306e+00 
 8.05831505e+00 -4.52347099e-02  8.05831505e+00  3.49492205e+00 
 8.15163847e+00 -4.48671876e-02  8.15163847e+00  3.45499982e+00 
 8.24604267e+00 -4.45080016e-02  8.24604267e+00  3.41553125e+00 
 8.34154016e+00 -4.41569634e-02  8.34154016e+00  3.37651123e+00 
 8.43814361e+00 -4.38138888e-02  8.43814361e+00  3.33793475e+00 
 8.53586583e+00 -4.34785977e-02  8.53586583e+00  3.29979683e+00 
 8.63471977e+00 -4.31509142e-02  8.63471977e+00  3.26209255e+00 
 8.73471853e+00 -4.28306660e-02  8.73471853e+00  3.22481704e+00 
 8.83587539e+00 -4.25176851e-02  8.83587539e+00  3.18796549e+00 
 8.93820374e+00 -4.22118069e-02  8.93820374e+00  3.15153312e+00 
 9.04171716e+00 -4.19128708e-02  9.04171716e+00  3.11551524e+00 
 9.14642936e+00 -4.16207196e-02  9.14642936e+00  3.07990716e+00 
 9.25235424e+00 -4.13351997e-02  9.25235424e+00  3.04470430e+00 
 9.35950584e+00 -4.10561610e-02  9.35950584e+00  3.00990207e+00 
 9.46789836e+00 -4.07834568e-02  9.46789836e+00  2.97549598e+00 
 9.57754617e+00 -4.05169436e-02  9.57754617e+00  2.94148156e+00 
 9.68846382e+00 -4.02564812e-02  9.68846382e+00  2.90785440e+00 
 9.80066601e+00 -4.00019326e-02  9.80066601e+00  2.87461012e+00 
 9.91416761e+00 -3.97531637e-02  9.91416761e+00  2.84174442e+00 
 1.00289837e+01 -3.95100437e-02  1.00289837e+01  2.80925301e+00 
 1.01451294e+01 -3.92724446e-02  1.01451294e+01  2.77713169e+00 
 1.02626203e+01 -3.90402411e-02  1.02626203e+01  2.74537626e+00 
 1.03814717e+01 -3.88133111e-02  1.03814717e+01  2.71398259e+00 
 1.05016997e+01 -3.85915351e-02  1.05016997e+01  2.68294661e+00 
 1.06233199e+01 -3.83747961e-02  1.06233199e+01  2.65226426e+00 
 1.07463487e+01 -3.81629800e-02  1.07463487e+01  2.62193155e+00 
 1.08708023e+01 -3.79559753e-02  1.08708023e+01  2.59194453e+00 
 1.09966971e+01 -3.77536727e-02  1.09966971e+01  2.56229928e+00 
 1.11240500e+01 -3.75559656e-02  1.11240500e+01  2.53299194e+00 
 1.12528777e+01 -3.73627499e-02  1.12528777e+01  2.50401869e+00 
 1.13831974e+01 -3.71739236e-02  1.13831974e+01  2.47537573e+00 
 1.15150263e+01 -3.69893872e-02  1.15150263e+01  2.44705934e+00 
 1.16483819e+01 -3.68090434e-02  1.16483819e+01  2.41906581e+00 
 1.17832819e+01 -3.66327971e-02  1.17832819e+01  2.39139148e+00 
 1.19197442e+01 -3.64605552e-02  1.19197442e+01  2.36403274e+00 
 1.20577869e+01 -3.62922269e-02  1.20577869e+01  2.33698601e+00 
 1.21974282e+01 -3.61277235e-02  1.21974282e+01  2.31024774e+00 
 1.23386867e+01 -3.59669580e-02  1.23386867e+01  2.28381445e+00 
 1.24815812e+01 -3.58098457e-02  1.24815812e+01  2.25768268e+00 
 1.26261305e+01 -3.56563036e-02  1.26261305e+01  2.23184899e+00 
 1.27723538e+01 -3.55062508e-02  1.27723538e+01  2.20631001e+00 
 1.29202705e+01 -3.53596079e-02  1.29202705e+01  2.18106239e+00 
 1.30699003e+01 -3.52162976e-02  1.30699003e+01  2.15610283e+00 
 1.32212629e+01 -3.50762442e-02  1.32212629e+01  2.13142805e+00 
 1.33743785e+01 -3.49393737e-02  1.33743785e+01  2.10703482e+00 
 1.35292673e+01 -3.48056139e-02  1.35292673e+01  2.08291994e+00 
 1.36859499e+01 -3.46748942e-02  1.36859499e+01  2.05908024e+00 
 1.38444470e+01 -3.45471454e-02  1.38444470e+01  2.03551260e+00 
 1.40047796e+01 -3.44223002e-02  1.40047796e+01  2.01221392e+00 
 1.41669691e+01 -3.43002925e-02  1.41669691e+01  1.98918115e+00 
 1.43310369e+01 -3.41810580e-02  1.43310369e+01  1.96641127e+00 
 1.44970048e+01 -3.40645335e-02  1.44970048e+01  1.94390127e+00 
 1.46648947e+01 -3.39506577e-02  1.46648947e+01  1.92164821e+00 
 1.48347290e+01 -3.38393702e-02  1.48347290e+01  1.89964917e+00 
 1.50065301e+01 -3.37306123e-02  1.50065301e+01  1.87790124e+00 
 1.51803209e+01 -3.36243265e-02  1.51803209e+01  1.85640157e+00 
 1.53561243e+01 -3.35204567e-02  1.53561243e+01  1.83514735e+00 
 1.55339637e+01 -3.34189479e-02  1.55339637e+01  1.81413576e+00 
 1.57138627e+01 -3.33197465e-02  1.57138627e+01  1.79336405e+00 
 1.58958451e+01 -3.32228000e-02  1.58958451e+01  1.77282948e+00 
 1.60799350e+01 -3.31280573e-02  1.60799350e+01  1.75252936e+00 
 1.62661569e+01 -3.30354682e-02  1.62661569e+01  1.73246102e+00 
 1.64545354e+01 -3.29449838e-02  1.64545354e+01  1.71262180e+00 
 1.66450955e+01 -3.28565562e-02  1.66450955e+01  1.69300911e+00 
 1.68378625e+01 -3.27701388e-02  1.68378625e+01  1.67362035e+00 
 1.70328619e+01 -3.26856857e-02  1.70328619e+01  1.65445298e+00 
 1.72301197e+01 -3.26031525e-02  1.72301197e+01  1.63550447e+00 
 1.74296618e+01 -3.25224953e-02  1.74296618e+01  1.61677232e+00 
 1.76315149e+01 -3.24436716e-02  1.76315149e+01  1.59825407e+00 
 1.78357056e+01 -3.23666398e-02  1.78357056e+01  1.57994728e+00 
 1.80422611e+01 -3.22913590e-02  1.80422611e+01  1.56184954e+00 
 1.82512087e+01 -3.22177894e-02  1.82512087e+01  1.54395845e+00 
 1.84625761e+01 -3.21458922e-02  1.84625761e+01  1.52627167e+00 
 1.86763914e+01 -3.20756293e-02  1.86763914e+01  1.50878686e+00 
 1.88926828e+01 -3.20069637e-02  1.88926828e+01  1.49150171e+00 
 1.91114791e+01 -3.19398588e-02  1.91114791e+01  1.47441395e+00 
 1.93328093e+01 -3.18742794e-02  1.93328093e+01  1.45752132e+00 
 1.95567028e+01 -3.18101907e-02  1.95567028e+01  1.44082159e+00 
 1.97831891e+01 -3.17475587e-02  1.97831891e+01  1.42431257e+00 
 2.00122984e+01 -3.16863504e-02  2.00122984e+01  1.40799207e+00 
 2.02440610e+01 -3.16265335e-02  2.02440610e+01  1.39185794e+00 
 2.04785077e+01 -3.15680762e-02  2.04785077e+01  1.37590805e+00 
 2.07156695e+01 -3.15109477e-02  2.07156695e+01  1.36014030e+00 
 2.09555778e+01 -3.14551177e-02  2.09555778e+01  1.34455260e+00 
 2.11982645e+01 -3.14005567e-02  2.11982645e+01  1.32914290e+00 
 2.14437618e+01 -3.13472359e-02  2.14437618e+01  1.31390916e+00 
 2.16921022e+01 -3.12951271e-02  2.16921022e+01  1.29884938e+00 
 2.19433187e+01 -3.12442027e-02  2.19433187e+01  1.28396156e+00 
 2.21974444e+01 -3.11944357e-02  2.21974444e+01  1.26924373e+00 
 2.24545132e+01 -3.11457999e-02  2.24545132e+01  1.25469396e+00 
 2.27145591e+01 -3.10982695e-02  2.27145591e+01  1.24031033e+00 
 2.29776167e+01 -3.10518195e-02  2.29776167e+01  1.22609092e+00 
 2.32437206e+01 -3.10064251e-02  2.32437206e+01  1.21203387e+00 
 2.35129064e+01 -3.09620625e-02  2.35129064e+01  1.19813732e+00 
 2.37852095e+01 -3.09187082e-02  2.37852095e+01  1.18439943e+00 
 2.40606663e+01 -3.08763392e-02  2.40606663e+01  1.17081839e+00 
 2.43393131e+01 -3.08349331e-02  2.43393131e+01  1.15739239e+00 
 2.46211869e+01 -3.07944681e-02  2.46211869e+01  1.14411968e+00 
 2.49063250e+01 -3.07549227e-02  2.49063250e+01  1.13099849e+00 
 2.51947654e+01 -3.07162760e-02  2.51947654e+01  1.11802708e+00 
 2.54865462e+01 -3.06785077e-02  2.54865462e+01  1.10520376e+00 
 2.57817061e+01 -3.06415977e-02  2.57817061e+01  1.09252681e+00 
 2.60802843e+01 -3.06055265e-02  2.60802843e+01  1.07999456e+00 
 2.63823203e+01 -3.05702750e-02  2.63823203e+01  1.06760536e+00 
 2.66878542e+01 -3.05358247e-02  2.66878542e+01  1.05535757e+00 
 2.69969265e+01 -3.05021572e-02  2.69969265e+01  1.04324957e+00 
 2.73095781e+01 -3.04692549e-02  2.73095781e+01  1.03127976e+00 
 2.76258506e+01 -3.04371002e-02  2.76258506e+01  1.01944656e+00 
 2.79457858e+01 -3.04056763e-02  2.79457858e+01  1.00774839e+00 
 2.82694262e+01 -3.03749664e-02  2.82694262e+01  9.96183719e-01 
 2.85968147e+01 -3.03449544e-02  2.85968147e+01  9.84751011e-01 
 2.89279946e+01 -3.03156244e-02  2.89279946e+01  9.73448755e-01 
 2.92630100e+01 -3.02869609e-02  2.92630100e+01  9.62275456e-01 
 2.96019052e+01 -3.02589487e-02  2.96019052e+01  9.51229636e-01 
 2.99447251e+01 -3.02315730e-02  2.99447251e+01  9.40309834e-01 
 3.02915152e+01 -3.02048194e-02  3.02915152e+01  9.29514605e-01 
 3.06423215e+01 -3.01786737e-02  3.06423215e+01  9.18842521e-01 
 3.09971905e+01 -3.01531222e-02  3.09971905e+01  9.08292170e-01 
 3.13561693e+01 -3.01281512e-02  3.13561693e+01  8.97862156e-01 
 3.17193054e+01 -3.01037477e-02  3.17193054e+01  8.87551099e-01 
 3.20866469e+01 -3.00798986e-02  3.20866469e+01  8.77357634e-01 
 3.24582427e+01 -3.00565915e-02  3.24582427e+01  8.67280413e-01 
 3.28341419e+01 -3.00338140e-02  3.28341419e+01  8.57318102e-01 
 3.32143943e+01 -3.00115540e-02  3.32143943e+01  8.47469383e-01 
 3.35990505e+01 -2.99897998e-02  3.35990505e+01  8.37732952e-01 
 3.39881614e+01 -2.99685399e-02  3.39881614e+01  8.28107521e-01 
 3.43817786e+01 -2.99477631e-02  3.43817786e+01  8.18591816e-01 
 3.47799543e+01 -2.99274583e-02  3.47799543e+01  8.09184576e-01 
 3.51827413e+01 -2.99076150e-02  3.51827413e+01  7.99884558e-01 
 3.55901929e+01 -2.98882225e-02  3.55901929e+01  7.90690530e-01 
 3.60023633e+01 -2.98692706e-02  3.60023633e+01  7.81601275e-01 
 3.64193070e+01 -2.98507493e-02  3.64193070e+01  7.72615589e-01 
 3.68410793e+01 -2.98326489e-02  3.68410793e+01  7.63732284e-01 
 3.72677361e+01 -2.98149598e-02  3.72677361e+01  7.54950183e-01 
 3.76993341e+01 -2.97976726e-02  3.76993341e+01  7.46268123e-01 
 3.81359304e+01 -2.97807782e-02  3.81359304e+01  7.37684956e-01 
 3.85775830e+01 -2.97642676e-02  3.85775830e+01  7.29199544e-01 
 3.90243503e+01 -2.97481323e-02  3.90243503e+01  7.20810764e-01 
 3.94762917e+01 -2.97323635e-02  3.94762917e+01  7.12517506e-01 
 3.99334670e+01 -2.97169530e-02  3.99334670e+01  7.04318671e-01 
 4.03959368e+01 -2.97018927e-02  4.03959368e+01  6.96213174e-01 
 4.08637625e+01 -2.96871746e-02  4.08637625e+01  6.88199941e-01 
 4.13370061e+01 -2.96727909e-02  4.13370061e+01  6.80277912e-01 
 4.18157303e+01 -2.96587341e-02  4.18157303e+01  6.72446037e-01 
 4.22999987e+01 -2.96449967e-02  4.22999987e+01  6.64703279e-01 
 4.27898753e+01 -2.96315714e-02  4.27898753e+01  6.57048613e-01 
 4.32854253e+01 -2.96184512e-02  4.32854253e+01  6.49481025e-01 
 4.37867142e+01 -2.96056291e-02  4.37867142e+01  6.41999512e-01 
 4.42938085e+01 -2.95930983e-02  4.42938085e+01  6.34603085e-01 
 4.48067755e+01 -2.95808523e-02  4.48067755e+01  6.27290763e-01 
 4.53256831e+01 -2.95688846e-02  4.53256831e+01  6.20061578e-01 
 4.58506003e+01 -2.95571888e-02  4.58506003e+01  6.12914573e-01 
 4.63815965e+01 -2.95457588e-02  4.63815965e+01  6.05848800e-01 
 4.69187422e+01 -2.95345885e-02  4.69187422e+01  5.98863324e-01 
 4.74621085e+01 -2.95236721e-02  4.74621085e+01  5.91957220e-01 
 4.80117676e+01 -2.95130037e-02  4.80117676e+01  5.85129573e-01 
 4.85677923e+01 -2.95025777e-02  4.85677923e+01  5.78379478e-01 
 4.91302564e+01 -2.94923887e-02  4.91302564e+01  5.71706042e-01 
 4.96992343e+01 -2.94824312e-02  4.96992343e+01  5.65108380e-01 
 5.02748016e+01 -2.94727000e-02  5.02748016e+01  5.58585619e-01 
 5.08570345e+01 -2.94631900e-02  5.08570345e+01  5.52136893e-01 
 5.14460103e+01 -2.94538960e-02  5.14460103e+01  5.45761350e-01 
 5.20418070e+01 -2.94448133e-02  5.20418070e+01  5.39458145e-01 
 5.26445036e+01 -2.94359370e-02  5.26445036e+01  5.33226442e-01 
 5.32541801e+01 -2.94272624e-02  5.32541801e+01  5.27065416e-01 
 5.38709172e+01 -2.94187849e-02  5.38709172e+01  5.20974250e-01 
 5.44947968e+01 -2.94105002e-02  5.44947968e+01  5.14952139e-01 
 5.51259015e+01 -2.94024037e-02  5.51259015e+01  5.08998283e-01 
 5.57643151e+01 -2.93944912e-02  5.57643151e+01  5.03111894e-01 
 5.64101221e+01 -2.93867585e-02  5.64101221e+01  4.97292193e-01 
 5.70634082e+01 -2.93792015e-02  5.70634082e+01  4.91538407e-01 
 5.77242601e+01 -2.93718164e-02  5.77242601e+01  4.85849776e-01 
 5.83927652e+01 -2.93645990e-02  5.83927652e+01  4.80225545e-01 
 5.90690124e+01 -2.93575457e-02  5.90690124e+01  4.74664968e-01 
 5.97530911e+01 -2.93506527e-02  5.97530911e+01  4.69167310e-01 
 6.04450922e+01 -2.93439164e-02  6.04450922e+01  4.63731841e-01 
 6.11451073e+01 -2.93373332e-02  6.11451073e+01  4.58357842e-01 
 6.18532294e+01 -2.93308995e-02  6.18532294e+01  4.53044601e-01 
 6.25695522e+01 -2.93246122e-02  6.25695522e+01  4.47791413e-01 
 6.32941707e+01 -2.93184677e-02  6.32941707e+01  4.42597582e-01 
 6.40271811e+01 -2.93124629e-02  6.40271811e+01  4.37462421e-01 
 6.47686804e+01 -2.93065945e-02  6.47686804e+01  4.32385248e-01 
 6.55187671e+01 -2.93008595e-02  6.55187671e+01  4.27365391e-01 
 6.62775405e+01 -2.92952549e-02  6.62775405e+01  4.22402185e-01 
 6.70451013e+01 -2.92897777e-02  6.70451013e+01  4.17494972e-01 
 6.78215512e+01 -2.92844250e-02  6.78215512e+01  4.12643102e-01 
 6.86069932e+01 -2.92791939e-02  6.86069932e+01  4.07845931e-01 
 6.94015314e+01 -2.92740817e-02  6.94015314e+01  4.03102825e-01 
 7.02052711e+01 -2.92690857e-02  7.02052711e+01  3.98413154e-01 
 7.10183190e+01 -2.92642033e-02  7.10183190e+01  3.93776298e-01 
 7.18407828e+01 -2.92594318e-02  7.18407828e+01  3.89191641e-01 
 7.26727715e+01 -2.92547688e-02  7.26727715e+01  3.84658576e-01 
 7.35143955e+01 -2.92502117e-02  7.35143955e+01  3.80176502e-01 
 7.43657664e+01 -2.92457583e-02  7.43657664e+01  3.75744826e-01 
 7.52269970e+01 -2.92414060e-02  7.52269970e+01  3.71362959e-01 
 7.60982015e+01 -2.92371527e-02  7.60982015e+01  3.67030322e-01 
 7.69794955e+01 -2.92329960e-02  7.69794955e+01  3.62746340e-01 
 7.78709957e+01 -2.92289338e-02  7.78709957e+01  3.58510446e-01 
 7.87728204e+01 -2.92249640e-02  7.87728204e+01  3.54322077e-01 
 7.96850891e+01 -2.92210843e-02  7.96850891e+01  3.50180680e-01 
 8.06079229e+01 -2.92172929e-02  8.06079229e+01  3.46085704e-01 
 8.15414439e+01 -2.92135875e-02  8.15414439e+01  3.42036608e-01 
 8.24857761e+01 -2.92099664e-02  8.24857761e+01  3.38032854e-01 
 8.34410446e+01 -2.92064276e-02  8.34410446e+01  3.34073912e-01 
 8.44073761e+01 -2.92029692e-02  8.44073761e+01  3.30159258e-01 
 8.53848987e+01 -2.91995894e-02  8.53848987e+01  3.26288372e-01 
 8.63737419e+01 -2.91962864e-02  8.63737419e+01  3.22460741e-01 
 8.73740370e+01 -2.91930584e-02  8.73740370e+01  3.18675859e-01 
 8.83859165e+01 -2.91899038e-02  8.83859165e+01  3.14933223e-01 
 8.94095146e+01 -2.91868209e-02  8.94095146e+01  3.11232337e-01 
 9.04449670e+01 -2.91838080e-02  9.04449670e+01  3.07572711e-01 
 9.14924110e+01 -2.91808635e-02  9.14924110e+01  3.03953860e-01 
 9.25519854e+01 -2.91779860e-02  9.25519854e+01  3.00375304e-01 
 9.36238307e+01 -2.91751738e-02  9.36238307e+01  2.96836570e-01 
 9.47080892e+01 -2.91724255e-02  9.47080892e+01  2.93337186e-01 
 9.58049044e+01 -2.91697397e-02  9.58049044e+01  2.89876691e-01 
 9.69144218e+01 -2.91671148e-02  9.69144218e+01  2.86454625e-01 
 9.80367886e+01 -2.91645495e-02  9.80367886e+01  2.83070535e-01 
 9.91721535e+01 -2.91620426e-02  9.91721535e+01  2.79723972e-01 
 1.00320667e+02 -2.91595925e-02  1.00320667e+02  2.76414493e-01 
 1.01482482e+02 -2.91571981e-02  1.01482482e+02  2.73141658e-01 
 1.02657751e+02 -2.91548580e-02  1.02657751e+02  2.69905035e-01 
 1.03846632e+02 -2.91525711e-02  1.03846632e+02  2.66704193e-01 
 1.05049280e+02 -2.91503361e-02  1.05049280e+02  2.63538709e-01 
 1.06265857e+02 -2.91481519e-02  1.06265857e+02  2.60408164e-01 
 1.07496523e+02 -2.91460172e-02  1.07496523e+02  2.57312141e-01 
 1.08741441e+02 -2.91439309e-02  1.08741441e+02  2.54250232e-01 
 1.10000777e+02 -2.91418921e-02  1.10000777e+02  2.51222029e-01 
 1.11274697e+02 -2.91398994e-02  1.11274697e+02  2.48227132e-01 
 1.12563370e+02 -2.91379520e-02  1.12563370e+02  2.45265144e-01 
 1.13866967e+02 -2.91360488e-02  1.13866967e+02  2.42335671e-01 
 1.15185661e+02 -2.91341887e-02  1.15185661e+02  2.39438326e-01 
 1.16519628e+02 -2.91323709e-02  1.16519628e+02  2.36572725e-01 
 1.17869043e+02 -2.91305942e-02  1.17869043e+02  2.33738487e-01 
 1.19234085e+02 -2.91288579e-02  1.19234085e+02  2.30935237e-01 
 1.20614936e+02 -2.91271609e-02  1.20614936e+02  2.28162604e-01 
 1.22011779e+02 -2.91255023e-02  1.22011779e+02  2.25420219e-01 
 1.23424798e+02 -2.91238814e-02  1.23424798e+02  2.22707720e-01 
 1.24854182e+02 -2.91222972e-02  1.24854182e+02  2.20024746e-01 
 1.26300119e+02 -2.91207489e-02  1.26300119e+02  2.17370943e-01 
 1.27762802e+02 -2.91192356e-02  1.27762802e+02  2.14745957e-01 
 1.29242424e+02 -2.91177566e-02  1.29242424e+02  2.12149442e-01 
 1.30739182e+02 -2.91163111e-02  1.30739182e+02  2.09581053e-01 
 1.32253273e+02 -2.91148984e-02  1.32253273e+02  2.07040450e-01 
 1.33784900e+02 -2.91135176e-02  1.33784900e+02  2.04527296e-01 
 1.35334264e+02 -2.91121680e-02  1.35334264e+02  2.02041257e-01 
 1.36901571e+02 -2.91108490e-02  1.36901571e+02  1.99582004e-01 
 1.38487029e+02 -2.91095598e-02  1.38487029e+02  1.97149211e-01 
 1.40090849e+02 -2.91082997e-02  1.40090849e+02  1.94742556e-01 
 1.41713242e+02 -2.91070681e-02  1.41713242e+02  1.92361720e-01 
 1.43354425e+02 -2.91058643e-02  1.43354425e+02  1.90006386e-01 
 1.45014614e+02 -2.91046878e-02  1.45014614e+02  1.87676243e-01 
 1.46694029e+02 -2.91035378e-02  1.46694029e+02  1.85370982e-01 
 1.48392894e+02 -2.91024137e-02  1.48392894e+02  1.83090297e-01 
 1.50111433e+02 -2.91013150e-02  1.50111433e+02  1.80833886e-01 
 1.51849875e+02 -2.91002411e-02  1.51849875e+02  1.78601450e-01 
 1.53608450e+02 -2.90991913e-02  1.53608450e+02  1.76392692e-01 
 1.55387391e+02 -2.90981653e-02  1.55387391e+02  1.74207320e-01 
 1.57186933e+02 -2.90971623e-02  1.57186933e+02  1.72045045e-01 
 1.59007317e+02 -2.90961819e-02  1.59007317e+02  1.69905579e-01 
 1.60848782e+02 -2.90952236e-02  1.60848782e+02  1.67788639e-01 
 1.62711573e+02 -2.90942868e-02  1.62711573e+02  1.65693944e-01 
 1.64595937e+02 -2.90933711e-02  1.64595937e+02  1.63621217e-01 
 1.66502124e+02 -2.90924759e-02  1.66502124e+02  1.61570183e-01 
 1.68430387e+02 -2.90916009e-02  1.68430387e+02  1.59540569e-01 
 1.70380981e+02 -2.90907454e-02  1.70380981e+02  1.57532108e-01 
 1.72354164e+02 -2.90899092e-02  1.72354164e+02  1.55544532e-01 
 1.74350199e+02 -2.90890917e-02  1.74350199e+02  1.53577578e-01 
 1.76369351e+02 -2.90882924e-02  1.76369351e+02  1.51630986e-01 
 1.78411886e+02 -2.90875111e-02  1.78411886e+02  1.49704496e-01 
 1.80478075e+02 -2.90867472e-02  1.80478075e+02  1.47797855e-01 
 1.82568193e+02 -2.90860004e-02  1.82568193e+02  1.45910808e-01 
 1.84682517e+02 -2.90852702e-02  1.84682517e+02  1.44043107e-01 
 1.86821327e+02 -2.90845563e-02  1.86821327e+02  1.42194503e-01 
 1.88984907e+02 -2.90838583e-02  1.88984907e+02  1.40364751e-01 
 1.91173543e+02 -2.90831758e-02  1.91173543e+02  1.38553608e-01 
 1.93387525e+02 -2.90825085e-02  1.93387525e+02  1.36760836e-01 
 1.95627148e+02 -2.90818560e-02  1.95627148e+02  1.34986195e-01 
 1.97892707e+02 -2.90812180e-02  1.97892707e+02  1.33229450e-01 
 2.00184505e+02 -2.90805941e-02  2.00184505e+02  1.31490370e-01 
 2.02502843e+02 -2.90799840e-02  2.02502843e+02  1.29768722e-01 
 2.04848030e+02 -2.90793873e-02  2.04848030e+02  1.28064279e-01 
 2.07220377e+02 -2.90788038e-02  2.07220377e+02  1.26376815e-01 
 2.09620198e+02 -2.90782332e-02  2.09620198e+02  1.24706107e-01 
 2.12047812e+02 -2.90776751e-02  2.12047812e+02  1.23051932e-01 
 2.14503539e+02 -2.90771293e-02  2.14503539e+02  1.21414071e-01 
 2.16987707e+02 -2.90765954e-02  2.16987707e+02  1.19792308e-01 
 2.19500643e+02 -2.90760732e-02  2.19500643e+02  1.18186427e-01 
 2.22042682e+02 -2.90755624e-02  2.22042682e+02  1.16596215e-01 
 2.24614160e+02 -2.90750627e-02  2.24614160e+02  1.15021462e-01 
 2.27215419e+02 -2.90745739e-02  2.27215419e+02  1.13461958e-01 
 2.29846803e+02 -2.90740957e-02  2.29846803e+02  1.11917498e-01 
 2.32508661e+02 -2.90736278e-02  2.32508661e+02  1.10387875e-01 
 2.35201345e+02 -2.90731701e-02  2.35201345e+02  1.08872888e-01 
 2.37925214e+02 -2.90727222e-02  2.37925214e+02  1.07372336e-01 
 2.40680628e+02 -2.90722839e-02  2.40680628e+02  1.05886019e-01 
 2.43467953e+02 -2.90718550e-02  2.43467953e+02  1.04413741e-01 
 2.46287557e+02 -2.90714353e-02  2.46287557e+02  1.02955306e-01 
 2.49139816e+02 -2.90710245e-02  2.49139816e+02  1.01510521e-01 
 2.52025106e+02 -2.90706225e-02  2.52025106e+02  1.00079195e-01 
 2.54943811e+02 -2.90702289e-02  2.54943811e+02  9.86611372e-02 
 2.57896318e+02 -2.90698437e-02  2.57896318e+02  9.72561603e-02 
 2.60883017e+02 -2.90694666e-02  2.60883017e+02  9.58640778e-02 
 2.63904306e+02 -2.90690973e-02  2.63904306e+02  9.44847051e-02 
 2.66960584e+02 -2.90687358e-02  2.66960584e+02  9.31178594e-02 
 2.70052257e+02 -2.90683818e-02  2.70052257e+02  9.17633595e-02 
 2.73179734e+02 -2.90680350e-02  2.73179734e+02  9.04210258e-02 
 2.76343431e+02 -2.90676955e-02  2.76343431e+02  8.90906804e-02 
 2.79543767e+02 -2.90673629e-02  2.79543767e+02  8.77721468e-02 
 2.82781166e+02 -2.90670370e-02  2.82781166e+02  8.64652502e-02 
 2.86056057e+02 -2.90667178e-02  2.86056057e+02  8.51698174e-02 
 2.89368875e+02 -2.90664050e-02  2.89368875e+02  8.38856766e-02 
 2.92720058e+02 -2.90660985e-02  2.92720058e+02  8.26126576e-02 
 2.96110052e+02 -2.90657981e-02  2.96110052e+02  8.13505916e-02 
 2.99539305e+02 -2.90655037e-02  2.99539305e+02  8.00993112e-02 
 3.03008272e+02 -2.90652150e-02  3.03008272e+02  7.88586506e-02 
 3.06517414e+02 -2.90649320e-02  3.06517414e+02  7.76284454e-02 
 3.10067195e+02 -2.90646545e-02  3.10067195e+02  7.64085322e-02 
 3.13658086e+02 -2.90643824e-02  3.13658086e+02  7.51987496e-02 
 3.17290563e+02 -2.90641154e-02  3.17290563e+02  7.39989369e-02 
 3.20965108e+02 -2.90638535e-02  3.20965108e+02  7.28089353e-02 
 3.24682207e+02 -2.90635965e-02  3.24682207e+02  7.16285869e-02 
 3.28442355e+02 -2.90633443e-02  3.28442355e+02  7.04577351e-02 
 3.32246049e+02 -2.90630968e-02  3.32246049e+02  6.92962249e-02 
 3.36093793e+02 -2.90628537e-02  3.36093793e+02  6.81439021e-02 
 3.39986099e+02 -2.90626151e-02  3.39986099e+02  6.70006141e-02 
 3.43923481e+02 -2.90623807e-02  3.43923481e+02  6.58662092e-02 
 3.47906461e+02 -2.90621505e-02  3.47906461e+02  6.47405370e-02 
 3.51935569e+02 -2.90619243e-02  3.51935569e+02  6.36234482e-02 
 3.56011338e+02 -2.90617020e-02  3.56011338e+02  6.25147949e-02 
 3.60134309e+02 -2.90614835e-02  3.60134309e+02  6.14144300e-02 
 3.64305027e+02 -2.90612686e-02  3.64305027e+02  6.03222075e-02 
 3.68524047e+02 -2.90610573e-02  3.68524047e+02  5.92379828e-02 
 3.72791927e+02 -2.90608494e-02  3.72791927e+02  5.81616119e-02 
 3.77109234e+02 -2.90606449e-02  3.77109234e+02  5.70929524e-02 
 3.81476539e+02 -2.90604435e-02  3.81476539e+02  5.60318623e-02 
 3.85894423e+02 -2.90602453e-02  3.85894423e+02  5.49782012e-02 
 3.90363469e+02 -2.90600501e-02  3.90363469e+02  5.39318292e-02 
 3.94884272e+02 -2.90598578e-02  3.94884272e+02  5.28926076e-02 
 3.99457430e+02 -2.90596683e-02  3.99457430e+02  5.18603987e-02 
 4.04083550e+02 -2.90594815e-02  4.04083550e+02  5.08350656e-02 
 4.08763246e+02 -2.90592973e-02  4.08763246e+02  4.98164723e-02 
 4.13497136e+02 -2.90591156e-02  4.13497136e+02  4.88044839e-02 
 4.18285850e+02 -2.90589363e-02  4.18285850e+02  4.77989661e-02 
 4.23130023e+02 -2.90587594e-02  4.23130023e+02  4.67997856e-02 
 4.28030295e+02 -2.90585846e-02  4.28030295e+02  4.58068100e-02 
 4.32987318e+02 -2.90584120e-02  4.32987318e+02  4.48199076e-02 
 4.38001748e+02 -2.90582414e-02  4.38001748e+02  4.38389475e-02 
 4.43074250e+02 -2.90580728e-02  4.43074250e+02  4.28637997e-02 
 4.48205497e+02 -2.90579060e-02  4.48205497e+02  4.18943349e-02 
 4.53396168e+02 -2.90577410e-02  4.53396168e+02  4.09304246e-02 
 4.58646954e+02 -2.90575777e-02  4.58646954e+02  3.99719410e-02 
 4.63958548e+02 -2.90574159e-02  4.63958548e+02  3.90187569e-02 
 4.69331656e+02 -2.90572557e-02  4.69331656e+02  3.80707461e-02 
 4.74766990e+02 -2.90570969e-02  4.74766990e+02  3.71277827e-02 
 4.80265271e+02 -2.90569394e-02  4.80265271e+02  3.61897419e-02 
 4.85827227e+02 -2.90567832e-02  4.85827227e+02  3.52564992e-02 
 4.91453597e+02 -2.90566281e-02  4.91453597e+02  3.43279309e-02 
 4.97145125e+02 -2.90564742e-02  4.97145125e+02  3.34039139e-02 
 5.02902567e+02 -2.90563212e-02  5.02902567e+02  3.24843256e-02 
 5.08726686e+02 -2.90561692e-02  5.08726686e+02  3.15690442e-02 
 5.14618255e+02 -2.90560181e-02  5.14618255e+02  3.06579483e-02 
 5.20578053e+02 -2.90558677e-02  5.20578053e+02  2.97509171e-02 
 5.26606872e+02 -2.90557179e-02  5.26606872e+02  2.88478304e-02 
 5.32705511e+02 -2.90555688e-02  5.32705511e+02  2.79485683e-02 
 5.38874778e+02 -2.90554202e-02  5.38874778e+02  2.70530117e-02 
 5.45115492e+02 -2.90552721e-02  5.45115492e+02  2.61610419e-02 
 5.51428479e+02 -2.90551243e-02  5.51428479e+02  2.52725405e-02 
 5.57814577e+02 -2.90549769e-02  5.57814577e+02  2.43873898e-02 
 5.64274633e+02 -2.90548296e-02  5.64274633e+02  2.35054725e-02 
 5.70809503e+02 -2.90546825e-02  5.70809503e+02  2.26266715e-02 
 5.77420053e+02 -2.90545354e-02  5.77420053e+02  2.17508704e-02 
 5.84107159e+02 -2.90543883e-02  5.84107159e+02  2.08779530e-02 
 5.90871709e+02 -2.90542412e-02  5.90871709e+02  2.00078037e-02 
 5.97714600e+02 -2.90540938e-02  5.97714600e+02  1.91403070e-02 
 6.04636738e+02 -2.90539462e-02  6.04636738e+02  1.82753479e-02 
 6.11639042e+02 -2.90537983e-02  6.11639042e+02  1.74128118e-02 
 6.18722439e+02 -2.90536499e-02  6.18722439e+02  1.65525843e-02 
 6.25887869e+02 -2.90535011e-02  6.25887869e+02  1.56945513e-02 
 6.33136282e+02 -2.90533516e-02  6.33136282e+02  1.48385990e-02 
 6.40468639e+02 -2.90532016e-02  6.40468639e+02  1.39846141e-02 
 6.47885912e+02 -2.90530508e-02  6.47885912e+02  1.31324832e-02 
 6.55389084e+02 -2.90528992e-02  6.55389084e+02  1.22820934e-02 
 6.62979151e+02 -2.90527467e-02  6.62979151e+02  1.14333319e-02 
 6.70657118e+02 -2.90525933e-02  6.70657118e+02  1.05860862e-02 
 6.78424004e+02 -2.90524388e-02  6.78424004e+02  9.74024391e-03 
 6.86280839e+02 -2.90522831e-02  6.86280839e+02  8.89569296e-03 
 6.94228663e+02 -2.90521263e-02  6.94228663e+02  8.05232135e-03 
 7.02268532e+02 -2.90519682e-02  7.02268532e+02  7.21001724e-03 
 7.10401510e+02 -2.90518086e-02  7.10401510e+02  6.36866897e-03 
 7.18628676e+02 -2.90516476e-02  7.18628676e+02  5.52816497e-03 
 7.26951121e+02 -2.90514851e-02  7.26951121e+02  4.68839381e-03 
 7.35369948e+02 -2.90513209e-02  7.35369948e+02  3.84924414e-03 
 7.43886274e+02 -2.90511550e-02  7.43886274e+02  3.01060470e-03 
 7.52501228e+02 -2.90509873e-02  7.52501228e+02  2.17236430e-03 
 7.61215951e+02 -2.90508177e-02  7.61215951e+02  1.33441180e-03 
 7.70031600e+02 -2.90506461e-02  7.70031600e+02  4.96636094e-04 
 7.78949343e+02 -2.90504724e-02  7.78949343e+02 -3.41073901e-04 
 7.87970362e+02 -2.90502965e-02  7.87970362e+02 -1.17882925e-03 
 7.97095854e+02 -2.90501184e-02  7.97095854e+02 -2.01674104e-03 
 8.06327028e+02 -2.90499379e-02  8.06327028e+02 -2.85492036e-03 
 8.15665108e+02 -2.90497549e-02  8.15665108e+02 -3.69347835e-03 
 8.25111333e+02 -2.90495694e-02  8.25111333e+02 -4.53252619e-03 
 8.34666955e+02 -2.90493812e-02  8.34666955e+02 -5.37217513e-03 
 8.44333240e+02 -2.90491903e-02  8.44333240e+02 -6.21253651e-03 
 8.54111471e+02 -2.90489966e-02  8.54111471e+02 -7.05372173e-03 
 8.64002944e+02 -2.90487998e-02  8.64002944e+02 -7.89584235e-03 
 8.74008970e+02 -2.90486000e-02  8.74008970e+02 -8.73901001e-03 
 8.84130875e+02 -2.90483971e-02  8.84130875e+02 -9.58333652e-03 
 8.94370003e+02 -2.90481908e-02  8.94370003e+02 -1.04289338e-02 
 9.04727710e+02 -2.90479812e-02  9.04727710e+02 -1.12759140e-02 
 9.15205369e+02 -2.90477681e-02  9.15205369e+02 -1.21243895e-02 
 9.25804371e+02 -2.90475514e-02  9.25804371e+02 -1.29744726e-02 
 9.36526119e+02 -2.90473309e-02  9.36526119e+02 -1.38262762e-02 
 9.47372037e+02 -2.90471066e-02  9.47372037e+02 -1.46799131e-02 
 9.58343561e+02 -2.90468784e-02  9.58343561e+02 -1.55354967e-02 
 9.69442146e+02 -2.90466461e-02  9.69442146e+02 -1.63931402e-02 
 9.80669264e+02 -2.90464095e-02  9.80669264e+02 -1.72529574e-02 
 9.92026404e+02 -2.90461687e-02  9.92026404e+02 -1.81150624e-02 
 1.00351507e+03 -2.90459234e-02  1.00351507e+03 -1.89795695e-02 
 1.01513679e+03 -2.90456735e-02  1.01513679e+03 -1.98465932e-02 
 1.02689310e+03 -2.90454188e-02  1.02689310e+03 -2.07162485e-02 
 1.03878555e+03 -2.90451594e-02  1.03878555e+03 -2.15886508e-02 
 1.05081574e+03 -2.90448949e-02  1.05081574e+03 -2.24639157e-02 
 1.06298524e+03 -2.90446253e-02  1.06298524e+03 -2.33421593e-02 
 1.07529569e+03 -2.90443504e-02  1.07529569e+03 -2.42234980e-02 
 1.08774869e+03 -2.90440701e-02  1.08774869e+03 -2.51080487e-02 
 1.10034592e+03 -2.90437842e-02  1.10034592e+03 -2.59959287e-02 
 1.11308904e+03 -2.90434926e-02  1.11308904e+03 -2.68872558e-02 
 1.12597973e+03 -2.90431952e-02  1.12597973e+03 -2.77821480e-02 
 1.13901971e+03 -2.90428917e-02  1.13901971e+03 -2.86807241e-02 
 1.15221071e+03 -2.90425820e-02  1.15221071e+03 -2.95831032e-02 
 1.16555447e+03 -2.90422659e-02  1.16555447e+03 -3.04894050e-02 
 1.17905277e+03 -2.90419433e-02  1.17905277e+03 -3.13997497e-02 
 1.19270739e+03 -2.90416141e-02  1.19270739e+03 -3.23142579e-02 
 1.20652015e+03 -2.90412779e-02  1.20652015e+03 -3.32330509e-02 
 1.22049287e+03 -2.90409347e-02  1.22049287e+03 -3.41562507e-02 
 1.23462740e+03 -2.90405843e-02  1.23462740e+03 -3.50839794e-02 
 1.24892564e+03 -2.90402264e-02  1.24892564e+03 -3.60163603e-02 
 1.26338945e+03 -2.90398609e-02  1.26338945e+03 -3.69535170e-02 
 1.27802078e+03 -2.90394877e-02  1.27802078e+03 -3.78955736e-02 
 1.29282155e+03 -2.90391064e-02  1.29282155e+03 -3.88426552e-02 
 1.30779373e+03 -2.90387169e-02  1.30779373e+03 -3.97948872e-02 
 1.32293930e+03 -2.90383191e-02  1.32293930e+03 -4.07523961e-02 
 1.33826027e+03 -2.90379126e-02  1.33826027e+03 -4.17153087e-02 
 1.35375867e+03 -2.90374972e-02  1.35375867e+03 -4.26837528e-02 
 1.36943656e+03 -2.90370729e-02  1.36943656e+03 -4.36578568e-02 
 1.38529602e+03 -2.90366392e-02  1.38529602e+03 -4.46377498e-02 
 1.40133915e+03 -2.90361960e-02  1.40133915e+03 -4.56235618e-02 
 1.41756807e+03 -2.90357431e-02  1.41756807e+03 -4.66154235e-02 
 1.43398494e+03 -2.90352802e-02  1.43398494e+03 -4.76134665e-02 
 1.45059193e+03 -2.90348071e-02  1.45059193e+03 -4.86178231e-02 
 1.46739125e+03 -2.90343234e-02  1.46739125e+03 -4.96286264e-02 
 1.48438512e+03 -2.90338291e-02  1.48438512e+03 -5.06460106e-02 
 1.50157580e+03 -2.90333237e-02  1.50157580e+03 -5.16701106e-02 
 1.51896556e+03 -2.90328071e-02  1.51896556e+03 -5.27010622e-02 
 1.53655671e+03 -2.90322789e-02  1.53655671e+03 -5.37390020e-02 
 1.55435159e+03 -2.90317389e-02  1.55435159e+03 -5.47840678e-02 
 1.57235255e+03 -2.90311868e-02  1.57235255e+03 -5.58363981e-02 
 1.59056198e+03 -2.90306223e-02  1.59056198e+03 -5.68961325e-02 
 1.60898229e+03 -2.90300451e-02  1.60898229e+03 -5.79634115e-02 
 1.62761593e+03 -2.90294549e-02  1.62761593e+03 -5.90383767e-02 
 1.64646536e+03 -2.90288514e-02  1.64646536e+03 -6.01211707e-02 
 1.66553309e+03 -2.90282342e-02  1.66553309e+03 -6.12119370e-02 
 1.68482165e+03 -2.90276031e-02  1.68482165e+03 -6.23108203e-02 
 1.70433358e+03 -2.90269576e-02  1.70433358e+03 -6.34179663e-02 
 1.72407148e+03 -2.90262975e-02  1.72407148e+03 -6.45335219e-02 
 1.74403797e+03 -2.90256225e-02  1.74403797e+03 -6.56576351e-02 
 1.76423569e+03 -2.90249320e-02  1.76423569e+03 -6.67904548e-02 
 1.78466732e+03 -2.90242259e-02  1.78466732e+03 -6.79321315e-02 
 1.80533557e+03 -2.90235036e-02  1.80533557e+03 -6.90828164e-02 
 1.82624317e+03 -2.90227649e-02  1.82624317e+03 -7.02426622e-02 
 1.84739291e+03 -2.90220093e-02  1.84739291e+03 -7.14118228e-02 
 1.86878759e+03 -2.90212365e-02  1.86878759e+03 -7.25904531e-02 
 1.89043003e+03 -2.90204460e-02  1.89043003e+03 -7.37787097e-02 
 1.91232312e+03 -2.90196373e-02  1.91232312e+03 -7.49767499e-02 
 1.93446975e+03 -2.90188102e-02  1.93446975e+03 -7.61847328e-02 
 1.95687286e+03 -2.90179641e-02  1.95687286e+03 -7.74028186e-02 
 1.97953542e+03 -2.90170985e-02  1.97953542e+03 -7.86311688e-02 
 2.00246044e+03 -2.90162131e-02  2.00246044e+03 -7.98699464e-02 
 2.02565095e+03 -2.90153074e-02  2.02565095e+03 -8.11193157e-02 
 2.04911003e+03 -2.90143808e-02  2.04911003e+03 -8.23794424e-02 
 2.07284080e+03 -2.90134330e-02  2.07284080e+03 -8.36504937e-02 
 2.09684638e+03 -2.90124633e-02  2.09684638e+03 -8.49326381e-02 
 2.12112998e+03 -2.90114712e-02  2.12112998e+03 -8.62260458e-02 
 2.14569480e+03 -2.90104564e-02  2.14569480e+03 -8.75308884e-02 
 2.17054412e+03 -2.90094181e-02  2.17054412e+03 -8.88473388e-02 
 2.19568121e+03 -2.90083559e-02  2.19568121e+03 -9.01755718e-02 
 2.22110941e+03 -2.90072692e-02  2.22110941e+03 -9.15157636e-02 
 2.24683210e+03 -2.90061574e-02  2.24683210e+03 -9.28680919e-02 
 2.27285268e+03 -2.90050199e-02  2.27285268e+03 -9.42327361e-02 
 2.29917461e+03 -2.90038562e-02  2.29917461e+03 -9.56098773e-02 
 2.32580137e+03 -2.90026655e-02  2.32580137e+03 -9.69996982e-02 
 2.35273649e+03 -2.90014474e-02  2.35273649e+03 -9.84023832e-02 
 2.37998356e+03 -2.90002010e-02  2.37998356e+03 -9.98181184e-02 
 2.40754617e+03 -2.89989259e-02  2.40754617e+03 -1.01247092e-01 
 2.43542798e+03 -2.89976212e-02  2.43542798e+03 -1.02689492e-01 
 2.46363269e+03 -2.89962864e-02  2.46363269e+03 -1.04145512e-01 
 2.49216405e+03 -2.89949206e-02  2.49216405e+03 -1.05615344e-01 
 2.52102582e+03 -2.89935232e-02  2.52102582e+03 -1.07099183e-01 
 2.55022184e+03 -2.89920934e-02  2.55022184e+03 -1.08597226e-01 
 2.57975598e+03 -2.89906305e-02  2.57975598e+03 -1.10109672e-01 
 2.60963216e+03 -2.89891337e-02  2.60963216e+03 -1.11636721e-01 
 2.63985434e+03 -2.89876022e-02  2.63985434e+03 -1.13178577e-01 
 2.67042651e+03 -2.89860352e-02  2.67042651e+03 -1.14735443e-01 
 2.70135274e+03 -2.89844319e-02  2.70135274e+03 -1.16307526e-01 
 2.73263713e+03 -2.89827914e-02  2.73263713e+03 -1.17895036e-01 
 2.76428383e+03 -2.89811128e-02  2.76428383e+03 -1.19498182e-01 
 2.79629703e+03 -2.89793952e-02  2.79629703e+03 -1.21117177e-01 
 2.82868097e+03 -2.89776379e-02  2.82868097e+03 -1.22752237e-01 
 2.86143995e+03 -2.89758397e-02  2.86143995e+03 -1.24403578e-01 
 2.89457831e+03 -2.89739997e-02  2.89457831e+03 -1.26071419e-01 
 2.92810044e+03 -2.89721171e-02  2.92810044e+03 -1.27755982e-01 
 2.96201080e+03 -2.89701907e-02  2.96201080e+03 -1.29457490e-01 
 2.99631387e+03 -2.89682196e-02  2.99631387e+03 -1.31176169e-01 
 3.03101421e+03 -2.89662028e-02  3.03101421e+03 -1.32912248e-01 
 3.06611641e+03 -2.89641390e-02  3.06611641e+03 -1.34665956e-01 
 3.10162514e+03 -2.89620274e-02  3.10162514e+03 -1.36437526e-01 
 3.13754508e+03 -2.89598666e-02  3.13754508e+03 -1.38227195e-01 
 3.17388102e+03 -2.89576557e-02  3.17388102e+03 -1.40035198e-01 
 3.21063777e+03 -2.89553934e-02  3.21063777e+03 -1.41861777e-01 
 3.24782019e+03 -2.89530785e-02  3.24782019e+03 -1.43707173e-01 
 3.28543323e+03 -2.89507098e-02  3.28543323e+03 -1.45571632e-01 
 3.32348186e+03 -2.89482860e-02  3.32348186e+03 -1.47455401e-01 
 3.36197113e+03 -2.89458059e-02  3.36197113e+03 -1.49358731e-01 
 3.40090615e+03 -2.89432681e-02  3.40090615e+03 -1.51281873e-01 
 3.44029207e+03 -2.89406714e-02  3.44029207e+03 -1.53225084e-01 
 3.48013412e+03 -2.89380142e-02  3.48013412e+03 -1.55188621e-01 
 3.52043759e+03 -2.89352953e-02  3.52043759e+03 -1.57172745e-01 
 3.56120781e+03 -2.89325131e-02  3.56120781e+03 -1.59177720e-01 
 3.60245019e+03 -2.89296663e-02  3.60245019e+03 -1.61203812e-01 
 3.64417019e+03 -2.89267532e-02  3.64417019e+03 -1.63251289e-01 
 3.68637336e+03 -2.89237723e-02  3.68637336e+03 -1.65320424e-01 
 3.72906528e+03 -2.89207222e-02  3.72906528e+03 -1.67411492e-01 
 3.77225162e+03 -2.89176011e-02  3.77225162e+03 -1.69524770e-01 
 3.81593810e+03 -2.89144074e-02  3.81593810e+03 -1.71660539e-01 
 3.86013052e+03 -2.89111394e-02  3.86013052e+03 -1.73819082e-01 
 3.90483472e+03 -2.89077953e-02  3.90483472e+03 -1.76000687e-01 
 3.95005665e+03 -2.89043735e-02  3.95005665e+03 -1.78205644e-01 
 3.99580229e+03 -2.89008721e-02  3.99580229e+03 -1.80434244e-01 
 4.04207771e+03 -2.88972892e-02  4.04207771e+03 -1.82686784e-01 
 4.08888905e+03 -2.88936229e-02  4.08888905e+03 -1.84963564e-01 
 4.13624251e+03 -2.88898714e-02  4.13624251e+03 -1.87264886e-01 
 4.18414437e+03 -2.88860325e-02  4.18414437e+03 -1.89591055e-01 
 4.23260098e+03 -2.88821043e-02  4.23260098e+03 -1.91942381e-01 
 4.28161877e+03 -2.88780847e-02  4.28161877e+03 -1.94319177e-01 
 4.33120424e+03 -2.88739716e-02  4.33120424e+03 -1.96721757e-01 
 4.38136395e+03 -2.88697628e-02  4.38136395e+03 -1.99150442e-01 
 4.43210457e+03 -2.88654561e-02  4.43210457e+03 -2.01605554e-01 
 4.48343281e+03 -2.88610491e-02  4.48343281e+03 -2.04087420e-01 
 4.53535548e+03 -2.88565396e-02  4.53535548e+03 -2.06596369e-01 
 4.58787948e+03 -2.88519251e-02  4.58787948e+03 -2.09132735e-01 
 4.64101175e+03 -2.88472032e-02  4.64101175e+03 -2.11696855e-01 
 4.69475935e+03 -2.88423715e-02  4.69475935e+03 -2.14289069e-01 
 4.74912940e+03 -2.88374273e-02  4.74912940e+03 -2.16909724e-01 
 4.80412911e+03 -2.88323681e-02  4.80412911e+03 -2.19559166e-01 
 4.85976577e+03 -2.88271911e-02  4.85976577e+03 -2.22237749e-01 
 4.91604676e+03 -2.88218936e-02  4.91604676e+03 -2.24945828e-01 
 4.97297954e+03 -2.88164729e-02  4.97297954e+03 -2.27683764e-01 
 5.03057166e+03 -2.88109260e-02  5.03057166e+03 -2.30451921e-01 
 5.08883076e+03 -2.88052500e-02  5.08883076e+03 -2.33250667e-01 
 5.14776455e+03 -2.87994420e-02  5.14776455e+03 -2.36080374e-01 
 5.20738086e+03 -2.87934988e-02  5.20738086e+03 -2.38941419e-01 
 5.26768758e+03 -2.87874172e-02  5.26768758e+03 -2.41834183e-01 
 5.32869272e+03 -2.87811942e-02  5.32869272e+03 -2.44759049e-01 
 5.39040436e+03 -2.87748263e-02  5.39040436e+03 -2.47716408e-01 
 5.45283068e+03 -2.87683102e-02  5.45283068e+03 -2.50706653e-01 
 5.51597996e+03 -2.87616425e-02  5.51597996e+03 -2.53730182e-01 
 5.57986057e+03 -2.87548196e-02  5.57986057e+03 -2.56787398e-01 
 5.64448099e+03 -2.87478379e-02  5.64448099e+03 -2.59878707e-01 
 5.70984977e+03 -2.87406938e-02  5.70984977e+03 -2.63004520e-01 
 5.77597559e+03 -2.87333834e-02  5.77597559e+03 -2.66165255e-01 
 5.84286722e+03 -2.87259029e-02  5.84286722e+03 -2.69361332e-01 
 5.91053351e+03 -2.87182484e-02  5.91053351e+03 -2.72593176e-01 
 5.97898345e+03 -2.87104157e-02  5.97898345e+03 -2.75861218e-01 
 6.04822611e+03 -2.87024008e-02  6.04822611e+03 -2.79165893e-01 
 6.11827067e+03 -2.86941993e-02  6.11827067e+03 -2.82507641e-01 
 6.18912642e+03 -2.86858070e-02  6.18912642e+03 -2.85886908e-01 
 6.26080275e+03 -2.86772195e-02  6.26080275e+03 -2.89304144e-01 
 6.33330916e+03 -2.86684321e-02  6.33330916e+03 -2.92759804e-01 
 6.40665527e+03 -2.86594403e-02  6.40665527e+03 -2.96254348e-01 
 6.48085080e+03 -2.86502393e-02  6.48085080e+03 -2.99788243e-01 
 6.55590559e+03 -2.86408242e-02  6.55590559e+03 -3.03361959e-01 
 6.63182959e+03 -2.86311900e-02  6.63182959e+03 -3.06975973e-01 
 6.70863287e+03 -2.86213317e-02  6.70863287e+03 -3.10630766e-01 
 6.78632561e+03 -2.86112440e-02  6.78632561e+03 -3.14326827e-01 
 6.86491811e+03 -2.86009217e-02  6.86491811e+03 -3.18064648e-01 
 6.94442078e+03 -2.85903592e-02  6.94442078e+03 -3.21844727e-01 
 7.02484418e+03 -2.85795510e-02  7.02484418e+03 -3.25667569e-01 
 7.10619897e+03 -2.85684914e-02  7.10619897e+03 -3.29533684e-01 
 7.18849592e+03 -2.85571745e-02  7.18849592e+03 -3.33443588e-01 
 7.27174595e+03 -2.85455944e-02  7.27174595e+03 -3.37397802e-01 
 7.35596011e+03 -2.85337449e-02  7.35596011e+03 -3.41396855e-01 
 7.44114955e+03 -2.85216197e-02  7.44114955e+03 -3.45441280e-01 
 7.52732557e+03 -2.85092126e-02  7.52732557e+03 -3.49531617e-01 
 7.61449959e+03 -2.84965169e-02  7.61449959e+03 -3.53668413e-01 
 7.70268318e+03 -2.84835259e-02  7.70268318e+03 -3.57852220e-01 
 7.79188802e+03 -2.84702328e-02  7.79188802e+03 -3.62083598e-01 
 7.88212595e+03 -2.84566305e-02  7.88212595e+03 -3.66363110e-01 
 7.97340892e+03 -2.84427119e-02  7.97340892e+03 -3.70691331e-01 
 8.06574904e+03 -2.84284697e-02  8.06574904e+03 -3.75068837e-01 
 8.15915855e+03 -2.84138962e-02  8.15915855e+03 -3.79496214e-01 
 8.25364983e+03 -2.83989839e-02  8.25364983e+03 -3.83974054e-01 
 8.34923543e+03 -2.83837249e-02  8.34923543e+03 -3.88502957e-01 
 8.44592800e+03 -2.83681110e-02  8.44592800e+03 -3.93083527e-01 
 8.54374036e+03 -2.83521342e-02  8.54374036e+03 -3.97716378e-01 
 8.64268550e+03 -2.83357859e-02  8.64268550e+03 -4.02402130e-01 
 8.74277651e+03 -2.83190575e-02  8.74277651e+03 -4.07141410e-01 
 8.84402669e+03 -2.83019403e-02  8.84402669e+03 -4.11934852e-01 
 8.94644944e+03 -2.82844252e-02  8.94644944e+03 -4.16783099e-01 
 9.05005835e+03 -2.82665029e-02  9.05005835e+03 -4.21686800e-01 
 9.15486716e+03 -2.82481641e-02  9.15486716e+03 -4.26646611e-01 
 9.26088975e+03 -2.82293990e-02  9.26088975e+03 -4.31663198e-01 
 9.36814020e+03 -2.82101978e-02  9.36814020e+03 -4.36737233e-01 
 9.47663271e+03 -2.81905504e-02  9.47663271e+03 -4.41869396e-01 
 9.58638168e+03 -2.81704464e-02  9.58638168e+03 -4.47060376e-01 
 9.69740165e+03 -2.81498753e-02  9.69740165e+03 -4.52310869e-01 
 9.80970735e+03 -2.81288261e-02  9.80970735e+03 -4.57621579e-01 
 9.92331366e+03 -2.81072879e-02  9.92331366e+03 -4.62993219e-01 
 1.00382356e+04 -2.80852493e-02  1.00382356e+04 -4.68426511e-01 
 1.01544885e+04 -2.80626987e-02  1.01544885e+04 -4.73922184e-01 
 1.02720878e+04 -2.80396243e-02  1.02720878e+04 -4.79480977e-01 
 1.03910489e+04 -2.80160139e-02  1.03910489e+04 -4.85103636e-01 
 1.05113877e+04 -2.79918550e-02  1.05113877e+04 -4.90790917e-01 
 1.06331202e+04 -2.79671351e-02  1.06331202e+04 -4.96543586e-01 
 1.07562625e+04 -2.79418411e-02  1.07562625e+04 -5.02362415e-01 
 1.08808308e+04 -2.79159597e-02  1.08808308e+04 -5.08248188e-01 
 1.10068418e+04 -2.78894773e-02  1.10068418e+04 -5.14201697e-01 
 1.11343122e+04 -2.78623800e-02  1.11343122e+04 -5.20223744e-01 
 1.12632587e+04 -2.78346536e-02  1.12632587e+04 -5.26315139e-01 
 1.13936986e+04 -2.78062836e-02  1.13936986e+04 -5.32476704e-01 
 1.15256492e+04 -2.77772549e-02  1.15256492e+04 -5.38709269e-01 
 1.16591278e+04 -2.77475525e-02  1.16591278e+04 -5.45013675e-01 
 1.17941523e+04 -2.77171607e-02  1.17941523e+04 -5.51390771e-01 
 1.19307404e+04 -2.76860636e-02  1.19307404e+04 -5.57841419e-01 
 1.20689105e+04 -2.76542449e-02  1.20689105e+04 -5.64366489e-01 
 1.22086806e+04 -2.76216878e-02  1.22086806e+04 -5.70966863e-01 
 1.23500695e+04 -2.75883754e-02  1.23500695e+04 -5.77643433e-01 
 1.24930957e+04 -2.75542902e-02  1.24930957e+04 -5.84397101e-01 
 1.26377784e+04 -2.75194143e-02  1.26377784e+04 -5.91228780e-01 
 1.27841366e+04 -2.74837295e-02  1.27841366e+04 -5.98139395e-01 
 1.29321898e+04 -2.74472171e-02  1.29321898e+04 -6.05129881e-01 
 1.30819576e+04 -2.74098580e-02  1.30819576e+04 -6.12201184e-01 
 1.32334599e+04 -2.73716326e-02  1.32334599e+04 -6.19354264e-01 
 1.33867167e+04 -2.73325210e-02  1.33867167e+04 -6.26590090e-01 
 1.35417484e+04 -2.72925027e-02  1.35417484e+04 -6.33909642e-01 
 1.36985755e+04 -2.72515567e-02  1.36985755e+04 -6.41313915e-01 
 1.38572188e+04 -2.72096618e-02  1.38572188e+04 -6.48803913e-01 
 1.40176994e+04 -2.71667960e-02  1.40176994e+04 -6.56380654e-01 
 1.41800385e+04 -2.71229370e-02  1.41800385e+04 -6.64045168e-01 
 1.43442576e+04 -2.70780618e-02  1.43442576e+04 -6.71798498e-01 
 1.45103786e+04 -2.70321471e-02  1.45103786e+04 -6.79641697e-01 
 1.46784234e+04 -2.69851689e-02  1.46784234e+04 -6.87575834e-01 
 1.48484144e+04 -2.69371027e-02  1.48484144e+04 -6.95601991e-01 
 1.50203740e+04 -2.68879235e-02  1.50203740e+04 -7.03721260e-01 
 1.51943251e+04 -2.68376057e-02  1.51943251e+04 -7.11934751e-01 
 1.53702907e+04 -2.67861230e-02  1.53702907e+04 -7.20243582e-01 
 1.55482942e+04 -2.67334488e-02  1.55482942e+04 -7.28648891e-01 
 1.57283591e+04 -2.66795555e-02  1.57283591e+04 -7.37151824e-01 
 1.59105094e+04 -2.66244151e-02  1.59105094e+04 -7.45753547e-01 
 1.60947691e+04 -2.65679991e-02  1.60947691e+04 -7.54455234e-01 
 1.62811628e+04 -2.65102781e-02  1.62811628e+04 -7.63258079e-01 
 1.64697151e+04 -2.64512222e-02  1.64697151e+04 -7.72163288e-01 
 1.66604510e+04 -2.63908006e-02  1.66604510e+04 -7.81172083e-01 
 1.68533958e+04 -2.63289822e-02  1.68533958e+04 -7.90285699e-01 
 1.70485751e+04 -2.62657347e-02  1.70485751e+04 -7.99505390e-01 
 1.72460148e+04 -2.62010255e-02  1.72460148e+04 -8.08832422e-01 
 1.74457411e+04 -2.61348211e-02  1.74457411e+04 -8.18268080e-01 
 1.76477804e+04 -2.60670871e-02  1.76477804e+04 -8.27813662e-01 
 1.78521595e+04 -2.59977886e-02  1.78521595e+04 -8.37470484e-01 
 1.80589055e+04 -2.59268897e-02  1.80589055e+04 -8.47239879e-01 
 1.82680458e+04 -2.58543539e-02  1.82680458e+04 -8.57123195e-01 
 1.84796082e+04 -2.57801436e-02  1.84796082e+04 -8.67121799e-01 
 1.86936208e+04 -2.57042206e-02  1.86936208e+04 -8.77237072e-01 
 1.89101117e+04 -2.56265458e-02  1.89101117e+04 -8.87470417e-01 
 1.91291099e+04 -2.55470790e-02  1.91291099e+04 -8.97823251e-01 
 1.93506443e+04 -2.54657795e-02  1.93506443e+04 -9.08297010e-01 
 1.95747443e+04 -2.53826053e-02  1.95747443e+04 -9.18893149e-01 
 1.98014396e+04 -2.52975137e-02  1.98014396e+04 -9.29613141e-01 
 2.00307602e+04 -2.52104610e-02  2.00307602e+04 -9.40458477e-01 
 2.02627366e+04 -2.51214025e-02  2.02627366e+04 -9.51430669e-01 
 2.04973996e+04 -2.50302924e-02  2.04973996e+04 -9.62531246e-01 
 2.07347801e+04 -2.49370842e-02  2.07347801e+04 -9.73761759e-01 
 2.09749098e+04 -2.48417300e-02  2.09749098e+04 -9.85123777e-01 
 2.12178204e+04 -2.47441810e-02  2.12178204e+04 -9.96618891e-01 
 2.14635442e+04 -2.46443874e-02  2.14635442e+04 -1.00824871e+00 
 2.17121137e+04 -2.45422982e-02  2.17121137e+04 -1.02001487e+00 
 2.19635619e+04 -2.44378612e-02  2.19635619e+04 -1.03191901e+00 
 2.22179221e+04 -2.43310232e-02  2.22179221e+04 -1.04396282e+00 
 2.24752280e+04 -2.42217298e-02  2.24752280e+04 -1.05614799e+00 
 2.27355138e+04 -2.41099253e-02  2.27355138e+04 -1.06847623e+00 
 2.29988140e+04 -2.39955528e-02  2.29988140e+04 -1.08094930e+00 
 2.32651635e+04 -2.38785543e-02  2.32651635e+04 -1.09356894e+00 
 2.35345976e+04 -2.37588703e-02  2.35345976e+04 -1.10633695e+00 
 2.38071520e+04 -2.36364403e-02  2.38071520e+04 -1.11925514e+00 
 2.40828628e+04 -2.35112021e-02  2.40828628e+04 -1.13232534e+00 
 2.43617666e+04 -2.33830923e-02  2.43617666e+04 -1.14554942e+00 
 2.46439005e+04 -2.32520464e-02  2.46439005e+04 -1.15892924e+00 
 2.49293017e+04 -2.31179981e-02  2.49293017e+04 -1.17246673e+00 
 2.52180082e+04 -2.29808798e-02  2.52180082e+04 -1.18616381e+00 
 2.55100581e+04 -2.28406224e-02  2.55100581e+04 -1.20002245e+00 
 2.58054904e+04 -2.26971555e-02  2.58054904e+04 -1.21404463e+00 
 2.61043440e+04 -2.25504069e-02  2.61043440e+04 -1.22823236e+00 
 2.64066586e+04 -2.24003031e-02  2.64066586e+04 -1.24258769e+00 
 2.67124744e+04 -2.22467688e-02  2.67124744e+04 -1.25711268e+00 
 2.70218318e+04 -2.20897271e-02  2.70218318e+04 -1.27180943e+00 
 2.73347718e+04 -2.19290997e-02  2.73347718e+04 -1.28668006e+00 
 2.76513361e+04 -2.17648063e-02  2.76513361e+04 -1.30172672e+00 
 2.79715664e+04 -2.15967652e-02  2.79715664e+04 -1.31695161e+00 
 2.82955054e+04 -2.14248927e-02  2.82955054e+04 -1.33235692e+00 
 2.86231959e+04 -2.12491034e-02  2.86231959e+04 -1.34794491e+00 
 2.89546814e+04 -2.10693101e-02  2.89546814e+04 -1.36371785e+00 
 2.92900058e+04 -2.08854239e-02  2.92900058e+04 -1.37967805e+00 
 2.96292136e+04 -2.06973537e-02  2.96292136e+04 -1.39582785e+00 
 2.99723498e+04 -2.05050068e-02  2.99723498e+04 -1.41216961e+00 
 3.03194599e+04 -2.03082885e-02  3.03194599e+04 -1.42870574e+00 
 3.06705898e+04 -2.01071019e-02  3.06705898e+04 -1.44543868e+00 
 3.10257862e+04 -1.99013482e-02  3.10257862e+04 -1.46237090e+00 
 3.13850961e+04 -1.96909267e-02  3.13850961e+04 -1.47950492e+00 
 3.17485672e+04 -1.94757345e-02  3.17485672e+04 -1.49684326e+00 
 3.21162476e+04 -1.92556664e-02  3.21162476e+04 -1.51438853e+00 
 3.24881861e+04 -1.90306152e-02  3.24881861e+04 -1.53214332e+00 
 3.28644321e+04 -1.88004716e-02  3.28644321e+04 -1.55011030e+00 
 3.32450354e+04 -1.85651239e-02  3.32450354e+04 -1.56829215e+00 
 3.36300464e+04 -1.83244580e-02  3.36300464e+04 -1.58669162e+00 
 3.40195163e+04 -1.80783578e-02  3.40195163e+04 -1.60531146e+00 
 3.44134966e+04 -1.78267046e-02  3.44134966e+04 -1.62415450e+00 
 3.48120396e+04 -1.75693774e-02  3.48120396e+04 -1.64322359e+00 
 3.52151982e+04 -1.73062528e-02  3.52151982e+04 -1.66252161e+00 
 3.56230257e+04 -1.70372047e-02  3.56230257e+04 -1.68205152e+00 
 3.60355763e+04 -1.67621047e-02  3.60355763e+04 -1.70181628e+00 
 3.64529046e+04 -1.64808219e-02  3.64529046e+04 -1.72181893e+00 
 3.68750660e+04 -1.61932225e-02  3.68750660e+04 -1.74206253e+00 
 3.73021165e+04 -1.58991704e-02  3.73021165e+04 -1.76255021e+00 
 3.77341126e+04 -1.55985266e-02  3.77341126e+04 -1.78328512e+00 
 3.81711117e+04 -1.52911496e-02  3.81711117e+04 -1.80427047e+00 
 3.86131717e+04 -1.49768948e-02  3.86131717e+04 -1.82550953e+00 
 3.90603512e+04 -1.46556151e-02  3.90603512e+04 -1.84700560e+00 
 3.95127095e+04 -1.43271605e-02  3.95127095e+04 -1.86876204e+00 
 3.99703065e+04 -1.39913780e-02  3.99703065e+04 -1.89078227e+00 
 4.04332030e+04 -1.36481119e-02  4.04332030e+04 -1.91306974e+00 
 4.09014603e+04 -1.32972033e-02  4.09014603e+04 -1.93562798e+00 
 4.13751404e+04 -1.29384906e-02  4.13751404e+04 -1.95846056e+00 
 4.18543063e+04 -1.25718088e-02  4.18543063e+04 -1.98157109e+00 
 4.23390214e+04 -1.21969901e-02  4.23390214e+04 -2.00496327e+00 
 4.28293500e+04 -1.18138635e-02  4.28293500e+04 -2.02864083e+00 
 4.33253571e+04 -1.14222550e-02  4.33253571e+04 -2.05260758e+00 
 4.38271084e+04 -1.10219872e-02  4.38271084e+04 -2.07686737e+00 
 4.43346705e+04 -1.06128795e-02  4.43346705e+04 -2.10142413e+00 
 4.48481108e+04 -1.01947482e-02  4.48481108e+04 -2.12628184e+00 
 4.53674971e+04 -9.76740634e-03  4.53674971e+04 -2.15144455e+00 
 4.58928985e+04 -9.33066340e-03  4.58928985e+04 -2.17691637e+00 
 4.64243846e+04 -8.88432571e-03  4.64243846e+04 -2.20270147e+00 
 4.69620258e+04 -8.42819615e-03  4.69620258e+04 -2.22880411e+00 
 4.75058934e+04 -7.96207422e-03  4.75058934e+04 -2.25522859e+00 
 4.80560596e+04 -7.48575595e-03  4.80560596e+04 -2.28197931e+00 
 4.86125973e+04 -6.99903394e-03  4.86125973e+04 -2.30906072e+00 
 4.91755802e+04 -6.50169726e-03  4.91755802e+04 -2.33647734e+00 
 4.97450830e+04 -5.99353151e-03  4.97450830e+04 -2.36423379e+00 
 5.03211813e+04 -5.47431872e-03  5.03211813e+04 -2.39233475e+00 
 5.09039513e+04 -4.94383739e-03  5.09039513e+04 -2.42078497e+00 
 5.14934704e+04 -4.40186244e-03  5.14934704e+04 -2.44958928e+00 
 5.20898168e+04 -3.84816520e-03  5.20898168e+04 -2.47875262e+00 
 5.26930694e+04 -3.28251342e-03  5.26930694e+04 -2.50827998e+00 
 5.33033083e+04 -2.70467121e-03  5.33033083e+04 -2.53817645e+00 
 5.39206144e+04 -2.11439909e-03  5.39206144e+04 -2.56844719e+00 
 5.45450695e+04 -1.51145396e-03  5.45450695e+04 -2.59909747e+00 
 5.51767564e+04 -8.95589078e-04  5.51767564e+04 -2.63013263e+00 
 5.58157589e+04 -2.66554094e-04  5.58157589e+04 -2.66155812e+00 
 5.64621617e+04  3.75904959e-04  5.64621617e+04 -2.69337946e+00 
 5.71160505e+04  1.03204565e-03  5.71160505e+04 -2.72560229e+00 
 5.77775120e+04  1.70212915e-03  5.77775120e+04 -2.75823234e+00 
 5.84466339e+04  2.38642021e-03  5.84466339e+04 -2.79127541e+00 
 5.91235049e+04  3.08518711e-03  5.91235049e+04 -2.82473745e+00 
 5.98082147e+04  3.79870169e-03  5.98082147e+04 -2.85862448e+00 
 6.05008542e+04  4.52723928e-03  6.05008542e+04 -2.89294263e+00 
 6.12015151e+04  5.27107867e-03  6.12015151e+04 -2.92769815e+00 
 6.19102904e+04  6.03050209e-03  6.19102904e+04 -2.96289738e+00 
 6.26272740e+04  6.80579512e-03  6.26272740e+04 -2.99854679e+00 
 6.33525610e+04  7.59724670e-03  6.33525610e+04 -3.03465295e+00 
 6.40862476e+04  8.40514901e-03  6.40862476e+04 -3.07122256e+00 
 6.48284310e+04  9.22979745e-03  6.48284310e+04 -3.10826244e+00 
 6.55792097e+04  1.00714905e-02  6.55792097e+04 -3.14577950e+00 
 6.63386831e+04  1.09305299e-02  6.63386831e+04 -3.18378082e+00 
 6.71069519e+04  1.18072200e-02  6.71069519e+04 -3.22227357e+00 
 6.78841182e+04  1.27018684e-02  6.78841182e+04 -3.26126506e+00 
 6.86702847e+04  1.36147853e-02  6.86702847e+04 -3.30076274e+00 
 6.94655559e+04  1.45462835e-02  6.94655559e+04 -3.34077419e+00 
 7.02700371e+04  1.54966784e-02  7.02700371e+04 -3.38130711e+00 
 7.10838351e+04  1.64662880e-02  7.10838351e+04 -3.42236936e+00 
 7.19070576e+04  1.74554324e-02  7.19070576e+04 -3.46396894e+00 
 7.27398139e+04  1.84644339e-02  7.27398139e+04 -3.50611398e+00 
 7.35822143e+04  1.94936168e-02  7.35822143e+04 -3.54881276e+00 
 7.44343706e+04  2.05433072e-02  7.44343706e+04 -3.59207373e+00 
 7.52963957e+04  2.16138328e-02  7.52963957e+04 -3.63590547e+00 
 7.61684039e+04  2.27055229e-02  7.61684039e+04 -3.68031674e+00 
 7.70505109e+04  2.38187080e-02  7.70505109e+04 -3.72531643e+00 
 7.79428335e+04  2.49537195e-02  7.79428335e+04 -3.77091361e+00 
 7.88454902e+04  2.61108899e-02  7.88454902e+04 -3.81711751e+00 
 7.97586005e+04  2.72905521e-02  7.97586005e+04 -3.86393754e+00 
 8.06822855e+04  2.84930394e-02  8.06822855e+04 -3.91138326e+00 
 8.16166678e+04  2.97186850e-02  8.16166678e+04 -3.95946443e+00 
 8.25618712e+04  3.09678223e-02  8.25618712e+04 -4.00819096e+00 
 8.35180209e+04  3.22407837e-02  8.35180209e+04 -4.05757296e+00 
 8.44852439e+04  3.35379011e-02  8.44852439e+04 -4.10762071e+00 
 8.54636682e+04  3.48595053e-02  8.54636682e+04 -4.15834470e+00 
 8.64534237e+04  3.62059254e-02  8.64534237e+04 -4.20975558e+00 
 8.74546416e+04  3.75774888e-02  8.74546416e+04 -4.26186422e+00 
 8.84674546e+04  3.89745208e-02  8.84674546e+04 -4.31468168e+00 
 8.94919970e+04  4.03973438e-02  8.94919970e+04 -4.36821920e+00 
 9.05284046e+04  4.18462776e-02  9.05284046e+04 -4.42248824e+00 
 9.15768148e+04  4.33216381e-02  9.15768148e+04 -4.47750048e+00 
 9.26373667e+04  4.48237378e-02  9.26373667e+04 -4.53326779e+00 
 9.37102009e+04  4.63528844e-02  9.37102009e+04 -4.58980226e+00 
 9.47954596e+04  4.79093810e-02  9.47954596e+04 -4.64711619e+00 
 9.58932866e+04  4.94935254e-02  9.58932866e+04 -4.70522210e+00 
 9.70038276e+04  5.11056094e-02  9.70038276e+04 -4.76413276e+00 
 9.81272298e+04  5.27459185e-02  9.81272298e+04 -4.82386113e+00 
 9.92636421e+04  5.44147310e-02  9.92636421e+04 -4.88442042e+00 
 1.00413215e+05  5.61123179e-02  1.00413215e+05 -4.94582405e+00 
 1.01576102e+05  5.78389418e-02  1.01576102e+05 -5.00808572e+00 
 1.02752455e+05  5.95948565e-02  1.02752455e+05 -5.07121932e+00 
 1.03942432e+05  6.13803064e-02  1.03942432e+05 -5.13523901e+00 
 1.05146191e+05  6.31955256e-02  1.05146191e+05 -5.20015920e+00 
 1.06363890e+05  6.50407375e-02  1.06363890e+05 -5.26599451e+00 
 1.07595691e+05  6.69161537e-02  1.07595691e+05 -5.33275986e+00 
 1.08841757e+05  6.88219736e-02  1.08841757e+05 -5.40047039e+00 
 1.10102255e+05  7.07583833e-02  1.10102255e+05 -5.46914150e+00 
 1.11377350e+05  7.27255551e-02  1.11377350e+05 -5.53878887e+00 
 1.12667212e+05  7.47236465e-02  1.12667212e+05 -5.60942842e+00 
 1.13972012e+05  7.67527994e-02  1.13972012e+05 -5.68107634e+00 
 1.15291923e+05  7.88131391e-02  1.15291923e+05 -5.75374909e+00 
 1.16627120e+05  8.09047737e-02  1.16627120e+05 -5.82746338e+00 
 1.17977779e+05  8.30277929e-02  1.17977779e+05 -5.90223623e+00 
 1.19344081e+05  8.51822671e-02  1.19344081e+05 -5.97808488e+00 
 1.20726206e+05  8.73682465e-02  1.20726206e+05 -6.05502690e+00 
 1.22124337e+05  8.95857602e-02  1.22124337e+05 -6.13308009e+00 
 1.23538660e+05  9.18348149e-02  1.23538660e+05 -6.21226254e+00 
 1.24969363e+05  9.41153942e-02  1.24969363e+05 -6.29259265e+00 
 1.26416634e+05  9.64274572e-02  1.26416634e+05 -6.37408905e+00 
 1.27880666e+05  9.87709377e-02  1.27880666e+05 -6.45677069e+00 
 1.29361653e+05  1.01145743e-01  1.29361653e+05 -6.54065677e+00 
 1.30859792e+05  1.03551752e-01  1.30859792e+05 -6.62576681e+00 
 1.32375280e+05  1.05988817e-01  1.32375280e+05 -6.71212058e+00 
 1.33908319e+05  1.08456757e-01  1.33908319e+05 -6.79973815e+00 
 1.35459113e+05  1.10955363e-01  1.35459113e+05 -6.88863986e+00 
 1.37027866e+05  1.13484392e-01  1.37027866e+05 -6.97884635e+00 
 1.38614787e+05  1.16043568e-01  1.38614787e+05 -7.07037852e+00 
 1.40220086e+05  1.18632579e-01  1.40220086e+05 -7.16325758e+00 
 1.41843976e+05  1.21251078e-01  1.41843976e+05 -7.25750500e+00 
 1.43486672e+05  1.23898682e-01  1.43486672e+05 -7.35314252e+00 
 1.45148393e+05  1.26574966e-01  1.45148393e+05 -7.45019218e+00 
 1.46829358e+05  1.29279469e-01  1.46829358e+05 -7.54867628e+00 
 1.48529790e+05  1.32011685e-01  1.48529790e+05 -7.64861741e+00 
 1.50249915e+05  1.34771070e-01  1.50249915e+05 -7.75003840e+00 
 1.51989960e+05  1.37557031e-01  1.51989960e+05 -7.85296238e+00 
 1.53750157e+05  1.40368935e-01  1.53750157e+05 -7.95741273e+00 
 1.55530739e+05  1.43206099e-01  1.55530739e+05 -8.06341308e+00 
 1.57331942e+05  1.46067795e-01  1.57331942e+05 -8.17098734e+00 
 1.59154005e+05  1.48953242e-01  1.59154005e+05 -8.28015966e+00 
 1.60997169e+05  1.51861614e-01  1.60997169e+05 -8.39095444e+00 
 1.62861678e+05  1.54792030e-01  1.62861678e+05 -8.50339632e+00 
 1.64747781e+05  1.57743556e-01  1.64747781e+05 -8.61751018e+00 
 1.66655726e+05  1.60715206e-01  1.66655726e+05 -8.73332114e+00 
 1.68585768e+05  1.63705937e-01  1.68585768e+05 -8.85085455e+00 
 1.70538161e+05  1.66714650e-01  1.70538161e+05 -8.97013596e+00 
 1.72513165e+05  1.69740187e-01  1.72513165e+05 -9.09119116e+00 
 1.74511042e+05  1.72781332e-01  1.74511042e+05 -9.21404612e+00 
 1.76532055e+05  1.75836809e-01  1.76532055e+05 -9.33872703e+00 
 1.78576475e+05  1.78905281e-01  1.78576475e+05 -9.46526028e+00 
 1.80644570e+05  1.81985346e-01  1.80644570e+05 -9.59367241e+00 
 1.82736617e+05  1.85075540e-01  1.82736617e+05 -9.72399016e+00 
 1.84852891e+05  1.88174336e-01  1.84852891e+05 -9.85624045e+00 
 1.86993674e+05  1.91280139e-01  1.86993674e+05 -9.99045032e+00 
 1.89159250e+05  1.94391287e-01  1.89159250e+05 -1.01266470e+01 
 1.91349905e+05  1.97506053e-01  1.91349905e+05 -1.02648578e+01 
 1.93565930e+05  2.00622638e-01  1.93565930e+05 -1.04051102e+01 
 1.95807618e+05  2.03739177e-01  1.95807618e+05 -1.05474319e+01 
 1.98075268e+05  2.06853733e-01  1.98075268e+05 -1.06918505e+01 
 2.00369179e+05  2.09964299e-01  2.00369179e+05 -1.08383938e+01 
 2.02689657e+05  2.13068795e-01  2.02689657e+05 -1.09870897e+01 
 2.05037007e+05  2.16165069e-01  2.05037007e+05 -1.11379661e+01 
 2.07411543e+05  2.19250900e-01  2.07411543e+05 -1.12910512e+01 
 2.09813578e+05  2.22323987e-01  2.09813578e+05 -1.14463729e+01 
 2.12243431e+05  2.25381962e-01  2.12243431e+05 -1.16039593e+01 
 2.14701424e+05  2.28422378e-01  2.14701424e+05 -1.17638386e+01 
 2.17187883e+05  2.31442717e-01  2.17187883e+05 -1.19260390e+01 
 2.19703138e+05  2.34440383e-01  2.19703138e+05 -1.20905886e+01 
 2.22247522e+05  2.37412709e-01  2.22247522e+05 -1.22575155e+01 
 2.24821372e+05  2.40356950e-01  2.24821372e+05 -1.24268478e+01 
 2.27425030e+05  2.43270287e-01  2.27425030e+05 -1.25986136e+01 
 2.30058842e+05  2.46149827e-01  2.30058842e+05 -1.27728409e+01 
 2.32723155e+05  2.48992601e-01  2.32723155e+05 -1.29495577e+01 
 2.35418324e+05  2.51795567e-01  2.35418324e+05 -1.31287918e+01 
 2.38144706e+05  2.54555606e-01  2.38144706e+05 -1.33105710e+01 
 2.40902662e+05  2.57269529e-01  2.40902662e+05 -1.34949231e+01 
 2.43692558e+05  2.59934071e-01  2.43692558e+05 -1.36818755e+01 
 2.46514763e+05  2.62545894e-01  2.46514763e+05 -1.38714557e+01 
 2.49369653e+05  2.65101588e-01  2.49369653e+05 -1.40636909e+01 
 2.52257605e+05  2.67597672e-01  2.52257605e+05 -1.42586084e+01 
 2.55179003e+05  2.70030593e-01  2.55179003e+05 -1.44562350e+01 
 2.58134233e+05  2.72396729e-01  2.58134233e+05 -1.46565975e+01 
 2.61123688e+05  2.74692388e-01  2.61123688e+05 -1.48597225e+01 
 2.64147764e+05  2.76913810e-01  2.64147764e+05 -1.50656364e+01 
 2.67206861e+05  2.79057168e-01  2.67206861e+05 -1.52743652e+01 
 2.70301386e+05  2.81118568e-01  2.70301386e+05 -1.54859350e+01 
 2.73431749e+05  2.83094052e-01  2.73431749e+05 -1.57003714e+01 
 2.76598365e+05  2.84979599e-01  2.76598365e+05 -1.59176998e+01 
 2.79801653e+05  2.86771123e-01  2.79801653e+05 -1.61379454e+01 
 2.83042038e+05  2.88464479e-01  2.83042038e+05 -1.63611329e+01 
 2.86319950e+05  2.90055462e-01  2.86319950e+05 -1.65872871e+01 
 2.89635824e+05  2.91539810e-01  2.89635824e+05 -1.68164322e+01 
 2.92990099e+05  2.92913202e-01  2.92990099e+05 -1.70485921e+01 
 2.96383220e+05  2.94171263e-01  2.96383220e+05 -1.72837906e+01 
 2.99815637e+05  2.95309566e-01  2.99815637e+05 -1.75220510e+01 
 3.03287805e+05  2.96323630e-01  3.03287805e+05 -1.77633962e+01 
 3.06800183e+05  2.97208925e-01  3.06800183e+05 -1.80078489e+01 
 3.10353239e+05  2.97960875e-01  3.10353239e+05 -1.82554315e+01 
 3.13947443e+05  2.98574852e-01  3.13947443e+05 -1.85061658e+01 
 3.17583271e+05  2.99046190e-01  3.17583271e+05 -1.87600735e+01 
 3.21261205e+05  2.99370175e-01  3.21261205e+05 -1.90171758e+01 
 3.24981734e+05  2.99542054e-01  3.24981734e+05 -1.92774935e+01 
 3.28745351e+05  2.99557036e-01  3.28745351e+05 -1.95410470e+01 
 3.32552554e+05  2.99410291e-01  3.32552554e+05 -1.98078565e+01 
 3.36403848e+05  2.99096955e-01  3.36403848e+05 -2.00779415e+01 
 3.40299744e+05  2.98612130e-01  3.40299744e+05 -2.03513213e+01 
 3.44240758e+05  2.97950887e-01  3.44240758e+05 -2.06280149e+01 
 3.48227413e+05  2.97108268e-01  3.48227413e+05 -2.09080406e+01 
 3.52260238e+05  2.96079286e-01  3.52260238e+05 -2.11914165e+01 
 3.56339767e+05  2.94858931e-01  3.56339767e+05 -2.14781602e+01 
 3.60466541e+05  2.93442168e-01  3.60466541e+05 -2.17682890e+01 
 3.64641107e+05  2.91823939e-01  3.64641107e+05 -2.20618196e+01 
 3.68864019e+05  2.89999170e-01  3.68864019e+05 -2.23587684e+01 
 3.73135837e+05  2.87962767e-01  3.73135837e+05 -2.26591514e+01 
 3.77457126e+05  2.85709619e-01  3.77457126e+05 -2.29629842e+01 
 3.81828460e+05  2.83234604e-01  3.81828460e+05 -2.32702817e+01 
 3.86250419e+05  2.80532587e-01  3.86250419e+05 -2.35810588e+01 
 3.90723589e+05  2.77598422e-01  3.90723589e+05 -2.38953296e+01 
 3.95248562e+05  2.74426955e-01  3.95248562e+05 -2.42131080e+01 
 3.99825939e+05  2.71013028e-01  3.99825939e+05 -2.45344074e+01 
 4.04456327e+05  2.67351475e-01  4.04456327e+05 -2.48592408e+01 
 4.09140339e+05  2.63437131e-01  4.09140339e+05 -2.51876208e+01 
 4.13878597e+05  2.59264827e-01  4.13878597e+05 -2.55195594e+01 
 4.18671729e+05  2.54829398e-01  4.18671729e+05 -2.58550684e+01 
 4.23520370e+05  2.50125679e-01  4.23520370e+05 -2.61941590e+01 
 4.28425163e+05  2.45148511e-01  4.28425163e+05 -2.65368422e+01 
 4.33386759e+05  2.39892742e-01  4.33386759e+05 -2.68831284e+01 
 4.38405814e+05  2.34353227e-01  4.38405814e+05 -2.72330275e+01 
 4.43482996e+05  2.28524831e-01  4.43482996e+05 -2.75865493e+01 
 4.48618977e+05  2.22402432e-01  4.48618977e+05 -2.79437029e+01 
 4.53814437e+05  2.15980919e-01  4.53814437e+05 -2.83044970e+01 
 4.59070066e+05  2.09255198e-01  4.59070066e+05 -2.86689401e+01 
 4.64386560e+05  2.02220190e-01  4.64386560e+05 -2.90370401e+01 
 4.69764625e+05  1.94870837e-01  4.69764625e+05 -2.94088045e+01 
 4.75204974e+05  1.87202100e-01  4.75204974e+05 -2.97842405e+01 
 4.80708327e+05  1.79208960e-01  4.80708327e+05 -3.01633547e+01 
 4.86275414e+05  1.70886425e-01  4.86275414e+05 -3.05461536e+01 
 4.91906974e+05  1.62229527e-01  4.91906974e+05 -3.09326430e+01 
 4.97603753e+05  1.53233325e-01  4.97603753e+05 -3.13228284e+01 
 5.03366507e+05  1.43892907e-01  5.03366507e+05 -3.17167150e+01 
 5.09195999e+05  1.34203392e-01  5.09195999e+05 -3.21143074e+01 
 5.15093002e+05  1.24159931e-01  5.15093002e+05 -3.25156101e+01 
 5.21058299e+05  1.13757711e-01  5.21058299e+05 -3.29206269e+01 
 5.27092679e+05  1.02991955e-01  5.27092679e+05 -3.33293614e+01 
 5.33196944e+05  9.18579210e-02  5.33196944e+05 -3.37418167e+01 
 5.39371903e+05  8.03509112e-02  5.39371903e+05 -3.41579956e+01 
 5.45618374e+05  6.84662677e-02  5.45618374e+05 -3.45779004e+01 
 5.51937185e+05  5.61993770e-02  5.51937185e+05 -3.50015332e+01 
 5.58329174e+05  4.35456715e-02  5.58329174e+05 -3.54288956e+01 
 5.64795189e+05  3.05006320e-02  5.64795189e+05 -3.58599888e+01 
 5.71336088e+05  1.70597892e-02  5.71336088e+05 -3.62948137e+01 
 5.77952736e+05  3.21872606e-03  5.77952736e+05 -3.67333707e+01 
 5.84646012e+05 -1.10269197e-02  5.84646012e+05 -3.71756600e+01 
 5.91416802e+05 -2.56814539e-02  5.91416802e+05 -3.76216813e+01 
 5.98266006e+05 -4.07491232e-02  5.98266006e+05 -3.80714340e+01 
 6.05194529e+05 -5.62341129e-02  6.05194529e+05 -3.85249172e+01 
 6.12203293e+05 -7.21405447e-02  6.12203293e+05 -3.89821295e+01 
 6.19293224e+05 -8.84724742e-02  6.19293224e+05 -3.94430693e+01 
 6.26465265e+05 -1.05233888e-01  6.26465265e+05 -3.99077345e+01 
 6.33720365e+05 -1.22428703e-01  6.33720365e+05 -4.03761227e+01 
 6.41059486e+05 -1.40060759e-01  6.41059486e+05 -4.08482314e+01 
 6.48483601e+05 -1.58133825e-01  6.48483601e+05 -4.13240574e+01 
 6.55993696e+05 -1.76651585e-01  6.55993696e+05 -4.18035973e+01 
 6.63590765e+05 -1.95617645e-01  6.63590765e+05 -4.22868477e+01 
 6.71275815e+05 -2.15035527e-01  6.71275815e+05 -4.27738043e+01 
 6.79049866e+05 -2.34908664e-01  6.79049866e+05 -4.32644631e+01 
 6.86913949e+05 -2.55240398e-01  6.86913949e+05 -4.37588194e+01 
 6.94869105e+05 -2.76033981e-01  6.94869105e+05 -4.42568683e+01 
 7.02916391e+05 -2.97292567e-01  7.02916391e+05 -4.47586047e+01 
 7.11056872e+05 -3.19019213e-01  7.11056872e+05 -4.52640233e+01 
 7.19291628e+05 -3.41216872e-01  7.19291628e+05 -4.57731184e+01 
 7.27621750e+05 -3.63888393e-01  7.27621750e+05 -4.62858841e+01 
 7.36048344e+05 -3.87036519e-01  7.36048344e+05 -4.68023142e+01 
 7.44572527e+05 -4.10663880e-01  7.44572527e+05 -4.73224025e+01 
 7.53195428e+05 -4.34772993e-01  7.53195428e+05 -4.78461424e+01 
 7.61918191e+05 -4.59366259e-01  7.61918191e+05 -4.83735272e+01 
 7.70741972e+05 -4.84445957e-01  7.70741972e+05 -4.89045501e+01 
 7.79667942e+05 -5.10014244e-01  7.79667942e+05 -4.94392038e+01 
 7.88697283e+05 -5.36073152e-01  7.88697283e+05 -4.99774813e+01 
 7.97831193e+05 -5.62624583e-01  7.97831193e+05 -5.05193753e+01 
 8.07070883e+05 -5.89670307e-01  8.07070883e+05 -5.10648782e+01 
 8.16417578e+05 -6.17211958e-01  8.16417578e+05 -5.16139828e+01 
 8.25872518e+05 -6.45251034e-01  8.25872518e+05 -5.21666813e+01 
 8.35436955e+05 -6.73788890e-01  8.35436955e+05 -5.27229662e+01 
 8.45112157e+05 -7.02826738e-01  8.45112157e+05 -5.32828299e+01 
 8.54899409e+05 -7.32365645e-01  8.54899409e+05 -5.38462648e+01 
 8.64800006e+05 -7.62406526e-01  8.64800006e+05 -5.44132633e+01 
 8.74815263e+05 -7.92950145e-01  8.74815263e+05 -5.49838179e+01 
 8.84946506e+05 -8.23997112e-01  8.84946506e+05 -5.55579213e+01 
 8.95195080e+05 -8.55547879e-01  8.95195080e+05 -5.61355660e+01 
 9.05562342e+05 -8.87602738e-01  9.05562342e+05 -5.67167449e+01 
 9.16049667e+05 -9.20161820e-01  9.16049667e+05 -5.73014511e+01 
 9.26658447e+05 -9.53225091e-01  9.26658447e+05 -5.78896777e+01 
 9.37390086e+05 -9.86792351e-01  9.37390086e+05 -5.84814181e+01 
 9.48246009e+05 -1.02086323e+00  9.48246009e+05 -5.90766661e+01 
 9.59227655e+05 -1.05543719e+00  9.59227655e+05 -5.96754157e+01 
 9.70336479e+05 -1.09051353e+00  9.70336479e+05 -6.02776612e+01 
 9.81573954e+05 -1.12609135e+00  9.81573954e+05 -6.08833973e+01 
 9.92941571e+05 -1.16216959e+00  9.92941571e+05 -6.14926190e+01 
 1.00444084e+06 -1.19874703e+00  1.00444084e+06 -6.21053221e+01 
 1.01607327e+06 -1.23582224e+00  1.01607327e+06 -6.27215024e+01 
 1.02784043e+06 -1.27339363e+00  1.02784043e+06 -6.33411565e+01 
 1.03974386e+06 -1.31145944e+00  1.03974386e+06 -6.39642815e+01 
 1.05178514e+06 -1.35001770e+00  1.05178514e+06 -6.45908752e+01 
 1.06396587e+06 -1.38906629e+00  1.06396587e+06 -6.52209358e+01 
 1.07628767e+06 -1.42860290e+00  1.07628767e+06 -6.58544623e+01 
 1.08875217e+06 -1.46862502e+00  1.08875217e+06 -6.64914546e+01 
 1.10136102e+06 -1.50912998e+00  1.10136102e+06 -6.71319131e+01 
 1.11411589e+06 -1.55011494e+00  1.11411589e+06 -6.77758391e+01 
 1.12701847e+06 -1.59157684e+00  1.12701847e+06 -6.84232347e+01 
 1.14007049e+06 -1.63351249e+00  1.14007049e+06 -6.90741032e+01 
 1.15327365e+06 -1.67591849e+00  1.15327365e+06 -6.97284484e+01 
 1.16662972e+06 -1.71879126e+00  1.16662972e+06 -7.03862753e+01 
 1.18014047e+06 -1.76212708e+00  1.18014047e+06 -7.10475901e+01 
 1.19380769e+06 -1.80592203e+00  1.19380769e+06 -7.17123998e+01 
 1.20763319e+06 -1.85017201e+00  1.20763319e+06 -7.23807127e+01 
 1.22161880e+06 -1.89487278e+00  1.22161880e+06 -7.30525383e+01 
 1.23576638e+06 -1.94001992e+00  1.23576638e+06 -7.37278872e+01 
 1.25007780e+06 -1.98560885e+00  1.25007780e+06 -7.44067715e+01 
 1.26455496e+06 -2.03163482e+00  1.26455496e+06 -7.50892043e+01 
 1.27919978e+06 -2.07809295e+00  1.27919978e+06 -7.57752005e+01 
 1.29401421e+06 -2.12497818e+00  1.29401421e+06 -7.64647760e+01 
 1.30900020e+06 -2.17228533e+00  1.30900020e+06 -7.71579486e+01 
 1.32415974e+06 -2.22000905e+00  1.32415974e+06 -7.78547373e+01 
 1.33949485e+06 -2.26814387e+00  1.33949485e+06 -7.85551629e+01 
 1.35500755e+06 -2.31668419e+00  1.35500755e+06 -7.92592477e+01 
 1.37069990e+06 -2.36562428e+00  1.37069990e+06 -7.99670159e+01 
 1.38657399e+06 -2.41495829e+00  1.38657399e+06 -8.06784933e+01 
 1.40263192e+06 -2.46468026e+00  1.40263192e+06 -8.13937074e+01 
 1.41887581e+06 -2.51478410e+00  1.41887581e+06 -8.21126877e+01 
 1.43530782e+06 -2.56526367e+00  1.43530782e+06 -8.28354657e+01 
 1.45193013e+06 -2.61611271e+00  1.45193013e+06 -8.35620747e+01 
 1.46874495e+06 -2.66732487e+00  1.46874495e+06 -8.42925500e+01 
 1.48575450e+06 -2.71889374e+00  1.48575450e+06 -8.50269292e+01 
 1.50296103e+06 -2.77081286e+00  1.50296103e+06 -8.57652517e+01 
 1.52036684e+06 -2.82307570e+00  1.52036684e+06 -8.65075593e+01 
 1.53797422e+06 -2.87567570e+00  1.53797422e+06 -8.72538961e+01 
 1.55578551e+06 -2.92860625e+00  1.55578551e+06 -8.80043083e+01 
 1.57380308e+06 -2.98186075e+00  1.57380308e+06 -8.87588445e+01 
 1.59202931e+06 -3.03543259e+00  1.59202931e+06 -8.95175558e+01 
 1.61046661e+06 -3.08931516e+00  1.61046661e+06 -9.02804957e+01 
 1.62911744e+06 -3.14350188e+00  1.62911744e+06 -9.10477202e+01 
 1.64798426e+06 -3.19798621e+00  1.64798426e+06 -9.18192877e+01 
 1.66706959e+06 -3.25276166e+00  1.66706959e+06 -9.25952596e+01 
 1.68637593e+06 -3.30782183e+00  1.68637593e+06 -9.33756995e+01 
 1.70590587e+06 -3.36316039e+00  1.70590587e+06 -9.41606742e+01 
 1.72566198e+06 -3.41877115e+00  1.72566198e+06 -9.49502528e+01 
 1.74564689e+06 -3.47464803e+00  1.74564689e+06 -9.57445075e+01 
 1.76586324e+06 -3.53078511e+00  1.76586324e+06 -9.65435132e+01 
 1.78631372e+06 -3.58717666e+00  1.78631372e+06 -9.73473478e+01 
 1.80700103e+06 -3.64381713e+00  1.80700103e+06 -9.81560921e+01 
 1.82792793e+06 -3.70070121e+00  1.82792793e+06 -9.89698299e+01 
 1.84909717e+06 -3.75782385e+00  1.84909717e+06 -9.97886478e+01 
 1.87051159e+06 -3.81518028e+00  1.87051159e+06 -1.00612636e+02 
 1.89217400e+06 -3.87276603e+00  1.89217400e+06 -1.01441886e+02 
 1.91408728e+06 -3.93057700e+00  1.91408728e+06 -1.02276495e+02 
 1.93625434e+06 -3.98860945e+00  1.93625434e+06 -1.03116562e+02 
 1.95867812e+06 -4.04686006e+00  1.95867812e+06 -1.03962188e+02 
 1.98136159e+06 -4.10532598e+00  1.98136159e+06 -1.04813479e+02 
 2.00430776e+06 -4.16400483e+00  2.00430776e+06 -1.05670543e+02 
 2.02751966e+06 -4.22289478e+00  2.02751966e+06 -1.06533490e+02 
 2.05100039e+06 -4.28199456e+00  2.05100039e+06 -1.07402435e+02 
 2.07475304e+06 -4.34130353e+00  2.07475304e+06 -1.08277495e+02 
 2.09878077e+06 -4.40082173e+00  2.09878077e+06 -1.09158789e+02 
 2.12308677e+06 -4.46054991e+00  2.12308677e+06 -1.10046440e+02 
 2.14767426e+06 -4.52048958e+00  2.14767426e+06 -1.10940573e+02 
 2.17254649e+06 -4.58064310e+00  2.17254649e+06 -1.11841316e+02 
 2.19770677e+06 -4.64101368e+00  2.19770677e+06 -1.12748799e+02 
 2.22315843e+06 -4.70160549e+00  2.22315843e+06 -1.13663153e+02 
 2.24890485e+06 -4.76242368e+00  2.24890485e+06 -1.14584513e+02 
 2.27494944e+06 -4.82347446e+00  2.27494944e+06 -1.15513013e+02 
 2.30129565e+06 -4.88476517e+00  2.30129565e+06 -1.16448793e+02 
 2.32794697e+06 -4.94630431e+00  2.32794697e+06 -1.17391988e+02 
 2.35490695e+06 -5.00810164e+00  2.35490695e+06 -1.18342739e+02 
 2.38217915e+06 -5.07016822e+00  2.38217915e+06 -1.19301184e+02 
 2.40976718e+06 -5.13251647e+00  2.40976718e+06 -1.20267462e+02 
 2.43767472e+06 -5.19516025e+00  2.43767472e+06 -1.21241712e+02 
 2.46590545e+06 -5.25811493e+00  2.46590545e+06 -1.22224071e+02 
 2.49446313e+06 -5.32139742e+00  2.49446313e+06 -1.23214675e+02 
 2.52335153e+06 -5.38502622e+00  2.52335153e+06 -1.24213655e+02 
 2.55257448e+06 -5.44902152e+00  2.55257448e+06 -1.25221142e+02 
 2.58213587e+06 -5.51340522e+00  2.58213587e+06 -1.26237261e+02 
 2.61203961e+06 -5.57820094e+00  2.61203961e+06 -1.27262135e+02 
 2.64228966e+06 -5.64343411e+00  2.64228966e+06 -1.28295877e+02 
 2.67289004e+06 -5.70913197e+00  2.67289004e+06 -1.29338596e+02 
 2.70384481e+06 -5.77532357e+00  2.70384481e+06 -1.30390393e+02 
 2.73515806e+06 -5.84203982e+00  2.73515806e+06 -1.31451360e+02 
 2.76683395e+06 -5.90931341e+00  2.76683395e+06 -1.32521579e+02 
 2.79887667e+06 -5.97717887e+00  2.79887667e+06 -1.33601121e+02 
 2.83129049e+06 -6.04567246e+00  2.83129049e+06 -1.34690043e+02 
 2.86407969e+06 -6.11483218e+00  2.86407969e+06 -1.35788392e+02 
 2.89724862e+06 -6.18469761e+00  2.89724862e+06 -1.36896196e+02 
 2.93080168e+06 -6.25530990e+00  2.93080168e+06 -1.38013469e+02 
 2.96474332e+06 -6.32671159e+00  2.96474332e+06 -1.39140206e+02 
 2.99907804e+06 -6.39894648e+00  2.99907804e+06 -1.40276384e+02 
 3.03381039e+06 -6.47205949e+00  3.03381039e+06 -1.41421960e+02 
 3.06894498e+06 -6.54609644e+00  3.06894498e+06 -1.42576869e+02 
 3.10448646e+06 -6.62110380e+00  3.10448646e+06 -1.43741022e+02 
 3.14043954e+06 -6.69712854e+00  3.14043954e+06 -1.44914310e+02 
 3.17680900e+06 -6.77421774e+00  3.17680900e+06 -1.46096595e+02 
 3.21359965e+06 -6.85241840e+00  3.21359965e+06 -1.47287717e+02 
 3.25081638e+06 -6.93177705e+00  3.25081638e+06 -1.48487489e+02 
 3.28846411e+06 -7.01233947e+00  3.28846411e+06 -1.49695697e+02 
 3.32654785e+06 -7.09415027e+00  3.32654785e+06 -1.50912101e+02 
 3.36507263e+06 -7.17725257e+00  3.36507263e+06 -1.52136434e+02 
 3.40404356e+06 -7.26168763e+00  3.40404356e+06 -1.53368404e+02 
 3.44346582e+06 -7.34749442e+00  3.44346582e+06 -1.54607693e+02 
 3.48334463e+06 -7.43470925e+00  3.48334463e+06 -1.55853957e+02 
 3.52368527e+06 -7.52336543e+00  3.52368527e+06 -1.57106831e+02 
 3.56449310e+06 -7.61349285e+00  3.56449310e+06 -1.58365925e+02 
 3.60577353e+06 -7.70511767e+00  3.60577353e+06 -1.59630832e+02 
 3.64753203e+06 -7.79826201e+00  3.64753203e+06 -1.60901125e+02 
 3.68977413e+06 -7.89294359e+00  3.68977413e+06 -1.62176363e+02 
 3.73250543e+06 -7.98917558e+00  3.73250543e+06 -1.63456090e+02 
 3.77573161e+06 -8.08696629e+00  3.77573161e+06 -1.64739842e+02 
 3.81945839e+06 -8.18631910e+00  3.81945839e+06 -1.66027148e+02 
 3.86369158e+06 -8.28723229e+00  3.86369158e+06 -1.67317532e+02 
 3.90843702e+06 -8.38969903e+00  3.90843702e+06 -1.68610518e+02 
 3.95370067e+06 -8.49370737e+00  3.95370067e+06 -1.69905634e+02 
 3.99948851e+06 -8.59924031e+00  3.99948851e+06 -1.71202413e+02 
 4.04580662e+06 -8.70627595e+00  4.04580662e+06 -1.72500398e+02 
 4.09266114e+06 -8.81478766e+00  4.09266114e+06 -1.73799146e+02 
 4.14005829e+06 -8.92474431e+00  4.14005829e+06 -1.75098229e+02 
 4.18800434e+06 -9.03611060e+00  4.18800434e+06 -1.76397237e+02 
 4.23650566e+06 -9.14884740e+00  4.23650566e+06 -1.77695783e+02 
 4.28556866e+06 -9.26291209e+00  4.28556866e+06 -1.78993502e+02 
 4.33519987e+06 -9.37825903e+00  4.33519987e+06  1.79709945e+02 
 4.38540586e+06 -9.49483998e+00  4.38540586e+06  1.78414869e+02 
 4.43619329e+06 -9.61260454e+00  4.43619329e+06  1.77121553e+02 
 4.48756888e+06 -9.73150068e+00  4.48756888e+06  1.75830254e+02 
 4.53953946e+06 -9.85147516e+00  4.53953946e+06  1.74541194e+02 
 4.59211190e+06 -9.97247404e+00  4.59211190e+06  1.73254569e+02 
 4.64529319e+06 -1.00944431e+01  4.64529319e+06  1.71970545e+02 
 4.69909037e+06 -1.02173284e+01  4.69909037e+06  1.70689258e+02 
 4.75351058e+06 -1.03410765e+01  4.75351058e+06  1.69410817e+02 
 4.80856103e+06 -1.04656350e+01  4.80856103e+06  1.68135303e+02 
 4.86424902e+06 -1.05909529e+01  4.86424902e+06  1.66862773e+02 
 4.92058193e+06 -1.07169808e+01  4.92058193e+06  1.65593260e+02 
 4.97756723e+06 -1.08436713e+01  4.97756723e+06  1.64326773e+02 
 5.03521248e+06 -1.09709793e+01  5.03521248e+06  1.63063303e+02 
 5.09352532e+06 -1.10988620e+01  5.09352532e+06  1.61802822e+02 
 5.15251348e+06 -1.12272790e+01  5.15251348e+06  1.60545286e+02 
 5.21218479e+06 -1.13561930e+01  5.21218479e+06  1.59290637e+02 
 5.27254715e+06 -1.14855692e+01  5.27254715e+06  1.58038803e+02 
 5.33360856e+06 -1.16153757e+01  5.33360856e+06  1.56789705e+02 
 5.39537713e+06 -1.17455833e+01  5.39537713e+06  1.55543254e+02 
 5.45786104e+06 -1.18761658e+01  5.45786104e+06  1.54299356e+02 
 5.52106858e+06 -1.20070998e+01  5.52106858e+06  1.53057911e+02 
 5.58500812e+06 -1.21383645e+01  5.58500812e+06  1.51818818e+02 
 5.64968815e+06 -1.22699418e+01  5.64968815e+06  1.50581974e+02 
 5.71511724e+06 -1.24018161e+01  5.71511724e+06  1.49347275e+02 
 5.78130406e+06 -1.25339742e+01  5.78130406e+06  1.48114621e+02 
 5.84825740e+06 -1.26664051e+01  5.84825740e+06  1.46883912e+02 
 5.91598612e+06 -1.27991002e+01  5.91598612e+06  1.45655054e+02 
 5.98449920e+06 -1.29320525e+01  5.98449920e+06  1.44427954e+02 
 6.05380574e+06 -1.30652570e+01  6.05380574e+06  1.43202529e+02 
 6.12391492e+06 -1.31987104e+01  6.12391492e+06  1.41978696e+02 
 6.19483603e+06 -1.33324109e+01  6.19483603e+06  1.40756383e+02 
 6.26657849e+06 -1.34663580e+01  6.26657849e+06  1.39535523e+02 
 6.33915179e+06 -1.36005523e+01  6.33915179e+06  1.38316055e+02 
 6.41256556e+06 -1.37349957e+01  6.41256556e+06  1.37097925e+02 
 6.48682954e+06 -1.38696908e+01  6.48682954e+06  1.35881088e+02 
 6.56195357e+06 -1.40046410e+01  6.56195357e+06  1.34665503e+02 
 6.63794761e+06 -1.41398505e+01  6.63794761e+06  1.33451138e+02 
 6.71482174e+06 -1.42753237e+01  6.71482174e+06  1.32237968e+02 
 6.79258615e+06 -1.44110657e+01  6.79258615e+06  1.31025972e+02 
 6.87125115e+06 -1.45470818e+01  6.87125115e+06  1.29815139e+02 
 6.95082717e+06 -1.46833774e+01  6.95082717e+06  1.28605460e+02 
 7.03132476e+06 -1.48199581e+01  7.03132476e+06  1.27396935e+02 
 7.11275460e+06 -1.49568294e+01  7.11275460e+06  1.26189566e+02 
 7.19512747e+06 -1.50939970e+01  7.19512747e+06  1.24983364e+02 
 7.27845431e+06 -1.52314662e+01  7.27845431e+06  1.23778340e+02 
 7.36274615e+06 -1.53692423e+01  7.36274615e+06  1.22574512e+02 
 7.44801418e+06 -1.55073303e+01  7.44801418e+06  1.21371899e+02 
 7.53426970e+06 -1.56457349e+01  7.53426970e+06  1.20170526e+02 
 7.62152414e+06 -1.57844604e+01  7.62152414e+06  1.18970419e+02 
 7.70978908e+06 -1.59235111e+01  7.70978908e+06  1.17771607e+02 
 7.79907622e+06 -1.60628905e+01  7.79907622e+06  1.16574119e+02 
 7.88939739e+06 -1.62026021e+01  7.88939739e+06  1.15377987e+02 
 7.98076457e+06 -1.63426487e+01  7.98076457e+06  1.14183244e+02 
 8.07318988e+06 -1.64830328e+01  8.07318988e+06  1.12989923e+02 
 8.16668556e+06 -1.66237565e+01  8.16668556e+06  1.11798057e+02 
 8.26126402e+06 -1.67648215e+01  8.26126402e+06  1.10607680e+02 
 8.35693779e+06 -1.69062291e+01  8.35693779e+06  1.09418824e+02 
 8.45371956e+06 -1.70479801e+01  8.45371956e+06  1.08231520e+02 
 8.55162216e+06 -1.71900751e+01  8.55162216e+06  1.07045801e+02 
 8.65065857e+06 -1.73325141e+01  8.65065857e+06  1.05861694e+02 
 8.75084193e+06 -1.74752968e+01  8.75084193e+06  1.04679227e+02 
 8.85218551e+06 -1.76184227e+01  8.85218551e+06  1.03498426e+02 
 8.95470275e+06 -1.77618909e+01  8.95470275e+06  1.02319313e+02 
 9.05840724e+06 -1.79057000e+01  9.05840724e+06  1.01141911e+02 
 9.16331273e+06 -1.80498487e+01  9.16331273e+06  9.99662359e+01 
 9.26943314e+06 -1.81943351e+01  9.26943314e+06  9.87923046e+01 
 9.37678253e+06 -1.83391573e+01  9.37678253e+06  9.76201292e+01 
 9.48537513e+06 -1.84843131e+01  9.48537513e+06  9.64497193e+01 
 9.59522534e+06 -1.86298001e+01  9.59522534e+06  9.52810813e+01 
 9.70634773e+06 -1.87756158e+01  9.70634773e+06  9.41142182e+01 
 9.81875703e+06 -1.89217576e+01  9.81875703e+06  9.29491299e+01 
 9.93246814e+06 -1.90682228e+01  9.93246814e+06  9.17858126e+01 
 1.00474961e+07 -1.92150086e+01  1.00474961e+07  9.06242595e+01 
 1.01638563e+07 -1.93621122e+01  1.01638563e+07  8.94644599e+01 
 1.02815640e+07 -1.95095308e+01  1.02815640e+07  8.83064001e+01 
 1.04006349e+07 -1.96572614e+01  1.04006349e+07  8.71500625e+01 
 1.05210847e+07 -1.98053015e+01  1.05210847e+07  8.59954264e+01 
 1.06429295e+07 -1.99536481e+01  1.06429295e+07  8.48424674e+01 
 1.07661854e+07 -2.01022988e+01  1.07661854e+07  8.36911580e+01 
 1.08908687e+07 -2.02512509e+01  1.08908687e+07  8.25414673e+01 
 1.10169959e+07 -2.04005022e+01  1.10169959e+07  8.13933610e+01 
 1.11445838e+07 -2.05500503e+01  1.11445838e+07  8.02468017e+01 
 1.12736493e+07 -2.06998933e+01  1.12736493e+07  7.91017490e+01 
 1.14042096e+07 -2.08500292e+01  1.14042096e+07  7.79581594e+01 
 1.15362818e+07 -2.10004565e+01  1.15362818e+07  7.68159866e+01 
 1.16698836e+07 -2.11511736e+01  1.16698836e+07  7.56751812e+01 
 1.18050326e+07 -2.13021795e+01  1.18050326e+07  7.45356913e+01 
 1.19417468e+07 -2.14534732e+01  1.19417468e+07  7.33974626e+01 
 1.20800443e+07 -2.16050541e+01  1.20800443e+07  7.22604381e+01 
 1.22199434e+07 -2.17569219e+01  1.22199434e+07  7.11245584e+01 
 1.23614627e+07 -2.19090765e+01  1.23614627e+07  6.99897622e+01 
 1.25046209e+07 -2.20615181e+01  1.25046209e+07  6.88559858e+01 
 1.26494370e+07 -2.22142475e+01  1.26494370e+07  6.77231640e+01 
 1.27959303e+07 -2.23672654e+01  1.27959303e+07  6.65912293e+01 
 1.29441200e+07 -2.25205732e+01  1.29441200e+07  6.54601130e+01 
 1.30940260e+07 -2.26741724e+01  1.30940260e+07  6.43297447e+01 
 1.32456680e+07 -2.28280650e+01  1.32456680e+07  6.32000526e+01 
 1.33990662e+07 -2.29822534e+01  1.33990662e+07  6.20709639e+01 
 1.35542409e+07 -2.31367401e+01  1.35542409e+07  6.09424045e+01 
 1.37112127e+07 -2.32915283e+01  1.37112127e+07  5.98142997e+01 
 1.38700024e+07 -2.34466212e+01  1.38700024e+07  5.86865736e+01 
 1.40306310e+07 -2.36020227e+01  1.40306310e+07  5.75591502e+01 
 1.41931199e+07 -2.37577369e+01  1.41931199e+07  5.64319526e+01 
 1.43574905e+07 -2.39137682e+01  1.43574905e+07  5.53049040e+01 
 1.45237648e+07 -2.40701215e+01  1.45237648e+07  5.41779269e+01 
 1.46919646e+07 -2.42268020e+01  1.46919646e+07  5.30509444e+01 
 1.48621124e+07 -2.43838154e+01  1.48621124e+07  5.19238792e+01 
 1.50342306e+07 -2.45411674e+01  1.50342306e+07  5.07966546e+01 
 1.52083422e+07 -2.46988644e+01  1.52083422e+07  4.96691940e+01 
 1.53844701e+07 -2.48569129e+01  1.53844701e+07  4.85414216e+01 
 1.55626378e+07 -2.50153200e+01  1.55626378e+07  4.74132623e+01 
 1.57428689e+07 -2.51740930e+01  1.57428689e+07  4.62846415e+01 
 1.59251872e+07 -2.53332393e+01  1.59251872e+07  4.51554858e+01 
 1.61096169e+07 -2.54927671e+01  1.61096169e+07  4.40257228e+01 
 1.62961825e+07 -2.56526844e+01  1.62961825e+07  4.28952813e+01 
 1.64849088e+07 -2.58130000e+01  1.64849088e+07  4.17640915e+01 
 1.66758206e+07 -2.59737226e+01  1.66758206e+07  4.06320850e+01 
 1.68689435e+07 -2.61348613e+01  1.68689435e+07  3.94991948e+01 
 1.70643029e+07 -2.62964256e+01  1.70643029e+07  3.83653558e+01 
 1.72619247e+07 -2.64584251e+01  1.72619247e+07  3.72305046e+01 
 1.74618352e+07 -2.66208698e+01  1.74618352e+07  3.60945798e+01 
 1.76640609e+07 -2.67837699e+01  1.76640609e+07  3.49575219e+01 
 1.78686285e+07 -2.69471357e+01  1.78686285e+07  3.38192735e+01 
 1.80755653e+07 -2.71109780e+01  1.80755653e+07  3.26797797e+01 
 1.82848985e+07 -2.72753075e+01  1.82848985e+07  3.15389876e+01 
 1.84966561e+07 -2.74401353e+01  1.84966561e+07  3.03968469e+01 
 1.87108661e+07 -2.76054727e+01  1.87108661e+07  2.92533098e+01 
 1.89275568e+07 -2.77713310e+01  1.89275568e+07  2.81083311e+01 
 1.91467570e+07 -2.79377219e+01  1.91467570e+07  2.69618682e+01 
 1.93684957e+07 -2.81046570e+01  1.93684957e+07  2.58138816e+01 
 1.95928024e+07 -2.82721483e+01  1.95928024e+07  2.46643343e+01 
 1.98197069e+07 -2.84402077e+01  1.98197069e+07  2.35131924e+01 
 2.00492391e+07 -2.86088473e+01  2.00492391e+07  2.23604252e+01 
 2.02814295e+07 -2.87780793e+01  2.02814295e+07  2.12060049e+01 
 2.05163089e+07 -2.89479160e+01  2.05163089e+07  2.00499069e+01 
 2.07539085e+07 -2.91183697e+01  2.07539085e+07  1.88921100e+01 
 2.09942597e+07 -2.92894529e+01  2.09942597e+07  1.77325961e+01 
 2.12373944e+07 -2.94611779e+01  2.12373944e+07  1.65713506e+01 
 2.14833448e+07 -2.96335573e+01  2.14833448e+07  1.54083623e+01 
 2.17321436e+07 -2.98066035e+01  2.17321436e+07  1.42436237e+01 
 2.19838238e+07 -2.99803291e+01  2.19838238e+07  1.30771305e+01 
 2.22384186e+07 -3.01547463e+01  2.22384186e+07  1.19088822e+01 
 2.24959620e+07 -3.03298677e+01  2.24959620e+07  1.07388820e+01 
 2.27564879e+07 -3.05057057e+01  2.27564879e+07  9.56713666e+00 
 2.30200310e+07 -3.06822726e+01  2.30200310e+07  8.39365683e+00 
 2.32866262e+07 -3.08595805e+01  2.32866262e+07  7.21845685e+00 
 2.35563088e+07 -3.10376417e+01  2.35563088e+07  6.04155488e+00 
 2.38291146e+07 -3.12164682e+01  2.38291146e+07  4.86297297e+00 
 2.41050798e+07 -3.13960718e+01  2.41050798e+07  3.68273704e+00 
 2.43842409e+07 -3.15764645e+01  2.43842409e+07  2.50087692e+00 
 2.46666350e+07 -3.17576577e+01  2.46666350e+07  1.31742639e+00 
 2.49522996e+07 -3.19396629e+01  2.49522996e+07  1.32423182e-01 
 2.52412724e+07 -3.21224915e+01  2.52412724e+07 -1.05409099e+00 
 2.55335918e+07 -3.23061544e+01  2.55335918e+07 -2.24207042e+00 
 2.58292965e+07 -3.24906626e+01  2.58292965e+07 -3.43146538e+00 
 2.61284258e+07 -3.26760267e+01  2.61284258e+07 -4.62222214e+00 
 2.64310194e+07 -3.28622569e+01  2.64310194e+07 -5.81428295e+00 
 2.67371172e+07 -3.30493636e+01  2.67371172e+07 -7.00758601e+00 
 2.70467600e+07 -3.32373564e+01  2.70467600e+07 -8.20206553e+00 
 2.73599888e+07 -3.34262450e+01  2.73599888e+07 -9.39765168e+00 
 2.76768451e+07 -3.36160387e+01  2.76768451e+07 -1.05942706e+01 
 2.79973709e+07 -3.38067462e+01  2.79973709e+07 -1.17918445e+01 
 2.83216087e+07 -3.39983764e+01  2.83216087e+07 -1.29902914e+01 
 2.86496015e+07 -3.41909373e+01  2.86496015e+07 -1.41895257e+01 
 2.89813928e+07 -3.43844368e+01  2.89813928e+07 -1.53894576e+01 
 2.93170265e+07 -3.45788826e+01  2.93170265e+07 -1.65899934e+01 
 2.96565473e+07 -3.47742816e+01  2.96565473e+07 -1.77910355e+01 
 3.00000000e+07 -3.49706405e+01  3.00000000e+07 -1.89924825e+01 
