 2.00000000e-01  1.45445121e+00  2.00000000e-01  6.78861868e+01 
 2.02316202e-01  1.54015062e+00  2.02316202e-01  6.76551529e+01 
 2.04659228e-01  1.62556525e+00  2.04659228e-01  6.74222200e+01 
 2.07029388e-01  1.71069041e+00  2.07029388e-01  6.71873880e+01 
 2.09426997e-01  1.79552139e+00  2.09426997e-01  6.69506575e+01 
 2.11852373e-01  1.88005342e+00  2.11852373e-01  6.67120292e+01 
 2.14305837e-01  1.96428173e+00  2.14305837e-01  6.64715048e+01 
 2.16787715e-01  2.04820148e+00  2.16787715e-01  6.62290861e+01 
 2.19298335e-01  2.13180782e+00  2.19298335e-01  6.59847759e+01 
 2.21838031e-01  2.21509586e+00  2.21838031e-01  6.57385772e+01 
 2.24407140e-01  2.29806068e+00  2.24407140e-01  6.54904938e+01 
 2.27006001e-01  2.38069735e+00  2.27006001e-01  6.52405300e+01 
 2.29634959e-01  2.46300089e+00  2.29634959e-01  6.49886907e+01 
 2.32294364e-01  2.54496632e+00  2.32294364e-01  6.47349814e+01 
 2.34984567e-01  2.62658861e+00  2.34984567e-01  6.44794084e+01 
 2.37705925e-01  2.70786274e+00  2.37705925e-01  6.42219783e+01 
 2.40458800e-01  2.78878366e+00  2.40458800e-01  6.39626987e+01 
 2.43243555e-01  2.86934630e+00  2.43243555e-01  6.37015776e+01 
 2.46060561e-01  2.94954559e+00  2.46060561e-01  6.34386239e+01 
 2.48910190e-01  3.02937644e+00  2.48910190e-01  6.31738469e+01 
 2.51792821e-01  3.10883375e+00  2.51792821e-01  6.29072568e+01 
 2.54708836e-01  3.18791243e+00  2.54708836e-01  6.26388644e+01 
 2.57658622e-01  3.26660737e+00  2.57658622e-01  6.23686813e+01 
 2.60642568e-01  3.34491347e+00  2.60642568e-01  6.20967197e+01 
 2.63661072e-01  3.42282563e+00  2.63661072e-01  6.18229925e+01 
 2.66714534e-01  3.50033874e+00  2.66714534e-01  6.15475135e+01 
 2.69803357e-01  3.57744774e+00  2.69803357e-01  6.12702971e+01 
 2.72927952e-01  3.65414753e+00  2.72927952e-01  6.09913584e+01 
 2.76088733e-01  3.73043307e+00  2.76088733e-01  6.07107133e+01 
 2.79286119e-01  3.80629930e+00  2.79286119e-01  6.04283785e+01 
 2.82520534e-01  3.88174120e+00  2.82520534e-01  6.01443715e+01 
 2.85792407e-01  3.95675378e+00  2.85792407e-01  5.98587103e+01 
 2.89102171e-01  4.03133206e+00  2.89102171e-01  5.95714139e+01 
 2.92450266e-01  4.10547110e+00  2.92450266e-01  5.92825021e+01 
 2.95837135e-01  4.17916600e+00  2.95837135e-01  5.89919952e+01 
 2.99263228e-01  4.25241187e+00  2.99263228e-01  5.86999145e+01 
 3.02728998e-01  4.32520389e+00  3.02728998e-01  5.84062821e+01 
 3.06234905e-01  4.39753727e+00  3.06234905e-01  5.81111206e+01 
 3.09781414e-01  4.46940727e+00  3.09781414e-01  5.78144536e+01 
 3.13368996e-01  4.54080921e+00  3.13368996e-01  5.75163054e+01 
 3.16998125e-01  4.61173845e+00  3.16998125e-01  5.72167010e+01 
 3.20669283e-01  4.68219041e+00  3.20669283e-01  5.69156663e+01 
 3.24382957e-01  4.75216058e+00  3.24382957e-01  5.66132279e+01 
 3.28139639e-01  4.82164450e+00  3.28139639e-01  5.63094130e+01 
 3.31939827e-01  4.89063780e+00  3.31939827e-01  5.60042497e+01 
 3.35784025e-01  4.95913618e+00  3.35784025e-01  5.56977668e+01 
 3.39672743e-01  5.02713539e+00  3.39672743e-01  5.53899938e+01 
 3.43606496e-01  5.09463128e+00  3.43606496e-01  5.50809610e+01 
 3.47585805e-01  5.16161979e+00  3.47585805e-01  5.47706993e+01 
 3.51611200e-01  5.22809693e+00  3.51611200e-01  5.44592403e+01 
 3.55683212e-01  5.29405880e+00  3.55683212e-01  5.41466164e+01 
 3.59802383e-01  5.35950161e+00  3.59802383e-01  5.38328606e+01 
 3.63969257e-01  5.42442166e+00  3.63969257e-01  5.35180066e+01 
 3.68184388e-01  5.48881534e+00  3.68184388e-01  5.32020887e+01 
 3.72448335e-01  5.55267916e+00  3.72448335e-01  5.28851418e+01 
 3.76761663e-01  5.61600971e+00  3.76761663e-01  5.25672014e+01 
 3.81124943e-01  5.67880373e+00  3.81124943e-01  5.22483039e+01 
 3.85538754e-01  5.74105804e+00  3.85538754e-01  5.19284858e+01 
 3.90003682e-01  5.80276958e+00  3.90003682e-01  5.16077846e+01 
 3.94520318e-01  5.86393544e+00  3.94520318e-01  5.12862380e+01 
 3.99089261e-01  5.92455278e+00  3.99089261e-01  5.09638845e+01 
 4.03711118e-01  5.98461894e+00  4.03711118e-01  5.06407630e+01 
 4.08386500e-01  6.04413134e+00  4.08386500e-01  5.03169127e+01 
 4.13116027e-01  6.10308756e+00  4.13116027e-01  4.99923736e+01 
 4.17900328e-01  6.16148530e+00  4.17900328e-01  4.96671860e+01 
 4.22740035e-01  6.21932241e+00  4.22740035e-01  4.93413904e+01 
 4.27635791e-01  6.27659684e+00  4.27635791e-01  4.90150280e+01 
 4.32588245e-01  6.33330673e+00  4.32588245e-01  4.86881403e+01 
 4.37598053e-01  6.38945032e+00  4.37598053e-01  4.83607689e+01 
 4.42665880e-01  6.44502601e+00  4.42665880e-01  4.80329560e+01 
 4.47792398e-01  6.50003235e+00  4.47792398e-01  4.77047439e+01 
 4.52978286e-01  6.55446801e+00  4.52978286e-01  4.73761754e+01 
 4.58224231e-01  6.60833184e+00  4.58224231e-01  4.70472933e+01 
 4.63530930e-01  6.66162282e+00  4.63530930e-01  4.67181406e+01 
 4.68899086e-01  6.71434008e+00  4.68899086e-01  4.63887606e+01 
 4.74329410e-01  6.76648290e+00  4.74329410e-01  4.60591968e+01 
 4.79822623e-01  6.81805073e+00  4.79822623e-01  4.57294927e+01 
 4.85379453e-01  6.86904314e+00  4.85379453e-01  4.53996918e+01 
 4.91000637e-01  6.91945987e+00  4.91000637e-01  4.50698379e+01 
 4.96686920e-01  6.96930082e+00  4.96686920e-01  4.47399747e+01 
 5.02439056e-01  7.01856603e+00  5.02439056e-01  4.44101460e+01 
 5.08257807e-01  7.06725570e+00  5.08257807e-01  4.40803953e+01 
 5.14143945e-01  7.11537017e+00  5.14143945e-01  4.37507665e+01 
 5.20098251e-01  7.16290995e+00  5.20098251e-01  4.34213030e+01 
 5.26121513e-01  7.20987569e+00  5.26121513e-01  4.30920484e+01 
 5.32214531e-01  7.25626820e+00  5.32214531e-01  4.27630459e+01 
 5.38378112e-01  7.30208841e+00  5.38378112e-01  4.24343388e+01 
 5.44613074e-01  7.34733745e+00  5.44613074e-01  4.21059699e+01 
 5.50920243e-01  7.39201655e+00  5.50920243e-01  4.17779820e+01 
 5.57300455e-01  7.43612712e+00  5.57300455e-01  4.14504177e+01 
 5.63754556e-01  7.47967069e+00  5.63754556e-01  4.11233191e+01 
 5.70283403e-01  7.52264895e+00  5.70283403e-01  4.07967282e+01 
 5.76887860e-01  7.56506373e+00  5.76887860e-01  4.04706865e+01 
 5.83568804e-01  7.60691700e+00  5.83568804e-01  4.01452353e+01 
 5.90327119e-01  7.64821085e+00  5.90327119e-01  3.98204154e+01 
 5.97163703e-01  7.68894753e+00  5.97163703e-01  3.94962673e+01 
 6.04079461e-01  7.72912942e+00  6.04079461e-01  3.91728310e+01 
 6.11075310e-01  7.76875900e+00  6.11075310e-01  3.88501460e+01 
 6.18152179e-01  7.80783893e+00  6.18152179e-01  3.85282515e+01 
 6.25311005e-01  7.84637195e+00  6.25311005e-01  3.82071861e+01 
 6.32552737e-01  7.88436096e+00  6.32552737e-01  3.78869877e+01 
 6.39878336e-01  7.92180894e+00  6.39878336e-01  3.75676941e+01 
 6.47288773e-01  7.95871903e+00  6.47288773e-01  3.72493422e+01 
 6.54785030e-01  7.99509445e+00  6.54785030e-01  3.69319683e+01 
 6.62368101e-01  8.03093855e+00  6.62368101e-01  3.66156083e+01 
 6.70038992e-01  8.06625479e+00  6.70038992e-01  3.63002975e+01 
 6.77798719e-01  8.10104672e+00  6.77798719e-01  3.59860704e+01 
 6.85648312e-01  8.13531801e+00  6.85648312e-01  3.56729609e+01 
 6.93588812e-01  8.16907241e+00  6.93588812e-01  3.53610024e+01 
 7.01621270e-01  8.20231378e+00  7.01621270e-01  3.50502275e+01 
 7.09746752e-01  8.23504606e+00  7.09746752e-01  3.47406680e+01 
 7.17966335e-01  8.26727328e+00  7.17966335e-01  3.44323553e+01 
 7.26281110e-01  8.29899958e+00  7.26281110e-01  3.41253199e+01 
 7.34692178e-01  8.33022913e+00  7.34692178e-01  3.38195916e+01 
 7.43200655e-01  8.36096622e+00  7.43200655e-01  3.35151996e+01 
 7.51807668e-01  8.39121521e+00  7.51807668e-01  3.32121721e+01 
 7.60514359e-01  8.42098051e+00  7.60514359e-01  3.29105369e+01 
 7.69321883e-01  8.45026660e+00  7.69321883e-01  3.26103207e+01 
 7.78231406e-01  8.47907805e+00  7.78231406e-01  3.23115498e+01 
 7.87244111e-01  8.50741945e+00  7.87244111e-01  3.20142495e+01 
 7.96361192e-01  8.53529549e+00  7.96361192e-01  3.17184445e+01 
 8.05583858e-01  8.56271086e+00  8.05583858e-01  3.14241585e+01 
 8.14913332e-01  8.58967035e+00  8.14913332e-01  3.11314148e+01 
 8.24350851e-01  8.61617876e+00  8.24350851e-01  3.08402355e+01 
 8.33897665e-01  8.64224095e+00  8.33897665e-01  3.05506423e+01 
 8.43555041e-01  8.66786182e+00  8.43555041e-01  3.02626560e+01 
 8.53324260e-01  8.69304628e+00  8.53324260e-01  2.99762965e+01 
 8.63206616e-01  8.71779931e+00  8.63206616e-01  2.96915832e+01 
 8.73203419e-01  8.74212589e+00  8.73203419e-01  2.94085345e+01 
 8.83315996e-01  8.76603102e+00  8.83315996e-01  2.91271681e+01 
 8.93545686e-01  8.78951976e+00  8.93545686e-01  2.88475011e+01 
 9.03893847e-01  8.81259714e+00  9.03893847e-01  2.85695496e+01 
 9.14361849e-01  8.83526825e+00  9.14361849e-01  2.82933292e+01 
 9.24951082e-01  8.85753816e+00  9.24951082e-01  2.80188545e+01 
 9.35662949e-01  8.87941196e+00  9.35662949e-01  2.77461396e+01 
 9.46498870e-01  8.90089476e+00  9.46498870e-01  2.74751978e+01 
 9.57460281e-01  8.92199165e+00  9.57460281e-01  2.72060415e+01 
 9.68548637e-01  8.94270774e+00  9.68548637e-01  2.69386827e+01 
 9.79765408e-01  8.96304813e+00  9.79765408e-01  2.66731324e+01 
 9.91112080e-01  8.98301792e+00  9.91112080e-01  2.64094011e+01 
 1.00259016e+00  9.00262220e+00  1.00259016e+00  2.61474985e+01 
 1.01420116e+00  9.02186605e+00  1.01420116e+00  2.58874336e+01 
 1.02594664e+00  9.04075454e+00  1.02594664e+00  2.56292149e+01 
 1.03782813e+00  9.05929273e+00  1.03782813e+00  2.53728501e+01 
 1.04984723e+00  9.07748566e+00  1.04984723e+00  2.51183462e+01 
 1.06200552e+00  9.09533834e+00  1.06200552e+00  2.48657096e+01 
 1.07430462e+00  9.11285578e+00  1.07430462e+00  2.46149462e+01 
 1.08674615e+00  9.13004296e+00  1.08674615e+00  2.43660612e+01 
 1.09933176e+00  9.14690483e+00  1.09933176e+00  2.41190591e+01 
 1.11206313e+00  9.16344631e+00  1.11206313e+00  2.38739439e+01 
 1.12494195e+00  9.17967232e+00  1.12494195e+00  2.36307189e+01 
 1.13796991e+00  9.19558771e+00  1.13796991e+00  2.33893871e+01 
 1.15114875e+00  9.21119733e+00  1.15114875e+00  2.31499506e+01 
 1.16448021e+00  9.22650598e+00  1.16448021e+00  2.29124112e+01 
 1.17796607e+00  9.24151843e+00  1.17796607e+00  2.26767700e+01 
 1.19160810e+00  9.25623941e+00  1.19160810e+00  2.24430276e+01 
 1.20540813e+00  9.27067364e+00  1.20540813e+00  2.22111843e+01 
 1.21936797e+00  9.28482575e+00  1.21936797e+00  2.19812396e+01 
 1.23348948e+00  9.29870038e+00  1.23348948e+00  2.17531927e+01 
 1.24777453e+00  9.31230210e+00  1.24777453e+00  2.15270422e+01 
 1.26222502e+00  9.32563545e+00  1.26222502e+00  2.13027864e+01 
 1.27684286e+00  9.33870492e+00  1.27684286e+00  2.10804230e+01 
 1.29162999e+00  9.35151497e+00  1.29162999e+00  2.08599492e+01 
 1.30658837e+00  9.36407000e+00  1.30658837e+00  2.06413621e+01 
 1.32171998e+00  9.37637437e+00  1.32171998e+00  2.04246580e+01 
 1.33702683e+00  9.38843239e+00  1.33702683e+00  2.02098331e+01 
 1.35251095e+00  9.40024834e+00  1.35251095e+00  1.99968829e+01 
 1.36817439e+00  9.41182642e+00  1.36817439e+00  1.97858029e+01 
 1.38401923e+00  9.42317083e+00  1.38401923e+00  1.95765879e+01 
 1.40004757e+00  9.43428567e+00  1.40004757e+00  1.93692326e+01 
 1.41626153e+00  9.44517502e+00  1.41626153e+00  1.91637311e+01 
 1.43266327e+00  9.45584292e+00  1.43266327e+00  1.89600773e+01 
 1.44925496e+00  9.46629333e+00  1.44925496e+00  1.87582649e+01 
 1.46603879e+00  9.47653018e+00  1.46603879e+00  1.85582871e+01 
 1.48301700e+00  9.48655734e+00  1.48301700e+00  1.83601369e+01 
 1.50019183e+00  9.49637865e+00  1.50019183e+00  1.81638070e+01 
 1.51756557e+00  9.50599787e+00  1.51756557e+00  1.79692897e+01 
 1.53514051e+00  9.51541873e+00  1.53514051e+00  1.77765773e+01 
 1.55291899e+00  9.52464491e+00  1.55291899e+00  1.75856616e+01 
 1.57090335e+00  9.53368002e+00  1.57090335e+00  1.73965343e+01 
 1.58909600e+00  9.54252763e+00  1.58909600e+00  1.72091868e+01 
 1.60749933e+00  9.55119128e+00  1.60749933e+00  1.70236102e+01 
 1.62611580e+00  9.55967441e+00  1.62611580e+00  1.68397955e+01 
 1.64494786e+00  9.56798046e+00  1.64494786e+00  1.66577336e+01 
 1.66399802e+00  9.57611280e+00  1.66399802e+00  1.64774149e+01 
 1.68326879e+00  9.58407473e+00  1.68326879e+00  1.62988299e+01 
 1.70276274e+00  9.59186953e+00  1.70276274e+00  1.61219687e+01 
 1.72248245e+00  9.59950042e+00  1.72248245e+00  1.59468214e+01 
 1.74243054e+00  9.60697056e+00  1.74243054e+00  1.57733779e+01 
 1.76260964e+00  9.61428307e+00  1.76260964e+00  1.56016278e+01 
 1.78302244e+00  9.62144103e+00  1.78302244e+00  1.54315608e+01 
 1.80367164e+00  9.62844744e+00  1.80367164e+00  1.52631662e+01 
 1.82455997e+00  9.63530528e+00  1.82455997e+00  1.50964335e+01 
 1.84569022e+00  9.64201748e+00  1.84569022e+00  1.49313517e+01 
 1.86706517e+00  9.64858691e+00  1.86706517e+00  1.47679100e+01 
 1.88868767e+00  9.65501639e+00  1.88868767e+00  1.46060973e+01 
 1.91056058e+00  9.66130871e+00  1.91056058e+00  1.44459026e+01 
 1.93268680e+00  9.66746660e+00  1.93268680e+00  1.42873145e+01 
 1.95506926e+00  9.67349275e+00  1.95506926e+00  1.41303218e+01 
 1.97771094e+00  9.67938980e+00  1.97771094e+00  1.39749130e+01 
 2.00061483e+00  9.68516035e+00  2.00061483e+00  1.38210768e+01 
 2.02378396e+00  9.69080694e+00  2.02378396e+00  1.36688016e+01 
 2.04722142e+00  9.69633208e+00  2.04722142e+00  1.35180759e+01 
 2.07093031e+00  9.70173824e+00  2.07093031e+00  1.33688879e+01 
 2.09491378e+00  9.70702783e+00  2.09491378e+00  1.32212260e+01 
 2.11917499e+00  9.71220324e+00  2.11917499e+00  1.30750784e+01 
 2.14371718e+00  9.71726678e+00  2.14371718e+00  1.29304335e+01 
 2.16854358e+00  9.72222077e+00  2.16854358e+00  1.27872793e+01 
 2.19365751e+00  9.72706743e+00  2.19365751e+00  1.26456041e+01 
 2.21906227e+00  9.73180899e+00  2.21906227e+00  1.25053960e+01 
 2.24476125e+00  9.73644761e+00  2.24476125e+00  1.23666431e+01 
 2.27075785e+00  9.74098543e+00  2.27075785e+00  1.22293335e+01 
 2.29705552e+00  9.74542451e+00  2.29705552e+00  1.20934554e+01 
 2.32365774e+00  9.74976693e+00  2.32365774e+00  1.19589969e+01 
 2.35056804e+00  9.75401469e+00  2.35056804e+00  1.18259459e+01 
 2.37778999e+00  9.75816977e+00  2.37778999e+00  1.16942908e+01 
 2.40532720e+00  9.76223409e+00  2.40532720e+00  1.15640194e+01 
 2.43318331e+00  9.76620957e+00  2.43318331e+00  1.14351200e+01 
 2.46136203e+00  9.77009805e+00  2.46136203e+00  1.13075807e+01 
 2.48986709e+00  9.77390139e+00  2.48986709e+00  1.11813897e+01 
 2.51870226e+00  9.77762135e+00  2.51870226e+00  1.10565350e+01 
 2.54787137e+00  9.78125971e+00  2.54787137e+00  1.09330049e+01 
 2.57737829e+00  9.78481819e+00  2.57737829e+00  1.08107876e+01 
 2.60722693e+00  9.78829847e+00  2.60722693e+00  1.06898714e+01 
 2.63742125e+00  9.79170223e+00  2.63742125e+00  1.05702445e+01 
 2.66796525e+00  9.79503107e+00  2.66796525e+00  1.04518952e+01 
 2.69886298e+00  9.79828659e+00  2.69886298e+00  1.03348119e+01 
 2.73011854e+00  9.80147036e+00  2.73011854e+00  1.02189830e+01 
 2.76173606e+00  9.80458390e+00  2.76173606e+00  1.01043968e+01 
 2.79371975e+00  9.80762873e+00  2.79371975e+00  9.99104198e+00 
 2.82607385e+00  9.81060629e+00  2.82607385e+00  9.87890690e+00 
 2.85880263e+00  9.81351805e+00  2.85880263e+00  9.76798019e+00 
 2.89191045e+00  9.81636540e+00  2.89191045e+00  9.65825045e+00 
 2.92540169e+00  9.81914974e+00  2.92540169e+00  9.54970636e+00 
 2.95928080e+00  9.82187241e+00  2.95928080e+00  9.44233665e+00 
 2.99355225e+00  9.82453475e+00  2.99355225e+00  9.33613008e+00 
 3.02822061e+00  9.82713806e+00  3.02822061e+00  9.23107551e+00 
 3.06329046e+00  9.82968361e+00  3.06329046e+00  9.12716183e+00 
 3.09876645e+00  9.83217265e+00  3.09876645e+00  9.02437799e+00 
 3.13465329e+00  9.83460641e+00  3.13465329e+00  8.92271301e+00 
 3.17095574e+00  9.83698608e+00  3.17095574e+00  8.82215597e+00 
 3.20767861e+00  9.83931283e+00  3.20767861e+00  8.72269603e+00 
 3.24482676e+00  9.84158782e+00  3.24482676e+00  8.62432238e+00 
 3.28240513e+00  9.84381217e+00  3.28240513e+00  8.52702431e+00 
 3.32041869e+00  9.84598699e+00  3.32041869e+00  8.43079115e+00 
 3.35887249e+00  9.84811334e+00  3.35887249e+00  8.33561233e+00 
 3.39777162e+00  9.85019229e+00  3.39777162e+00  8.24147732e+00 
 3.43712125e+00  9.85222488e+00  3.43712125e+00  8.14837567e+00 
 3.47692658e+00  9.85421211e+00  3.47692658e+00  8.05629701e+00 
 3.51719290e+00  9.85615498e+00  3.51719290e+00  7.96523103e+00 
 3.55792554e+00  9.85805446e+00  3.55792554e+00  7.87516750e+00 
 3.59912991e+00  9.85991150e+00  3.59912991e+00  7.78609625e+00 
 3.64081146e+00  9.86172703e+00  3.64081146e+00  7.69800719e+00 
 3.68297573e+00  9.86350196e+00  3.68297573e+00  7.61089033e+00 
 3.72562831e+00  9.86523719e+00  3.72562831e+00  7.52473570e+00 
 3.76877484e+00  9.86693358e+00  3.76877484e+00  7.43953345e+00 
 3.81242106e+00  9.86859200e+00  3.81242106e+00  7.35527379e+00 
 3.85657274e+00  9.87021327e+00  3.85657274e+00  7.27194701e+00 
 3.90123574e+00  9.87179822e+00  3.90123574e+00  7.18954346e+00 
 3.94641599e+00  9.87334764e+00  3.94641599e+00  7.10805359e+00 
 3.99211947e+00  9.87486233e+00  3.99211947e+00  7.02746790e+00 
 4.03835224e+00  9.87634304e+00  4.03835224e+00  6.94777700e+00 
 4.08512043e+00  9.87779053e+00  4.08512043e+00  6.86897153e+00 
 4.13243025e+00  9.87920554e+00  4.13243025e+00  6.79104226e+00 
 4.18028796e+00  9.88058877e+00  4.18028796e+00  6.71397999e+00 
 4.22869991e+00  9.88194095e+00  4.22869991e+00  6.63777564e+00 
 4.27767252e+00  9.88326275e+00  4.27767252e+00  6.56242016e+00 
 4.32721228e+00  9.88455484e+00  4.32721228e+00  6.48790462e+00 
 4.37732577e+00  9.88581789e+00  4.37732577e+00  6.41422013e+00 
 4.42801962e+00  9.88705255e+00  4.42801962e+00  6.34135792e+00 
 4.47930055e+00  9.88825943e+00  4.47930055e+00  6.26930925e+00 
 4.53117537e+00  9.88943916e+00  4.53117537e+00  6.19806548e+00 
 4.58365095e+00  9.89059235e+00  4.58365095e+00  6.12761806e+00 
 4.63673425e+00  9.89171958e+00  4.63673425e+00  6.05795849e+00 
 4.69043232e+00  9.89282143e+00  4.69043232e+00  5.98907836e+00 
 4.74475225e+00  9.89389847e+00  4.74475225e+00  5.92096933e+00 
 4.79970127e+00  9.89495124e+00  4.79970127e+00  5.85362315e+00 
 4.85528665e+00  9.89598030e+00  4.85528665e+00  5.78703162e+00 
 4.91151577e+00  9.89698616e+00  4.91151577e+00  5.72118664e+00 
 4.96839608e+00  9.89796936e+00  4.96839608e+00  5.65608017e+00 
 5.02593512e+00  9.89893038e+00  5.02593512e+00  5.59170426e+00 
 5.08414052e+00  9.89986973e+00  5.08414052e+00  5.52805101e+00 
 5.14302000e+00  9.90078790e+00  5.14302000e+00  5.46511262e+00 
 5.20258136e+00  9.90168534e+00  5.20258136e+00  5.40288134e+00 
 5.26283250e+00  9.90256254e+00  5.26283250e+00  5.34134952e+00 
 5.32378141e+00  9.90341994e+00  5.32378141e+00  5.28050956e+00 
 5.38543617e+00  9.90425799e+00  5.38543617e+00  5.22035395e+00 
 5.44780495e+00  9.90507711e+00  5.44780495e+00  5.16087524e+00 
 5.51089603e+00  9.90587774e+00  5.51089603e+00  5.10206605e+00 
 5.57471776e+00  9.90666028e+00  5.57471776e+00  5.04391909e+00 
 5.63927862e+00  9.90742514e+00  5.63927862e+00  4.98642711e+00 
 5.70458716e+00  9.90817272e+00  5.70458716e+00  4.92958298e+00 
 5.77065203e+00  9.90890341e+00  5.77065203e+00  4.87337958e+00 
 5.83748200e+00  9.90961759e+00  5.83748200e+00  4.81780991e+00 
 5.90508593e+00  9.91031561e+00  5.90508593e+00  4.76286701e+00 
 5.97347279e+00  9.91099786e+00  5.97347279e+00  4.70854401e+00 
 6.04265163e+00  9.91166468e+00  6.04265163e+00  4.65483409e+00 
 6.11263163e+00  9.91231642e+00  6.11263163e+00  4.60173050e+00 
 6.18342207e+00  9.91295342e+00  6.18342207e+00  4.54922658e+00 
 6.25503234e+00  9.91357600e+00  6.25503234e+00  4.49731570e+00 
 6.32747192e+00  9.91418450e+00  6.32747192e+00  4.44599134e+00 
 6.40075043e+00  9.91477923e+00  6.40075043e+00  4.39524701e+00 
 6.47487758e+00  9.91536050e+00  6.47487758e+00  4.34507631e+00 
 6.54986319e+00  9.91592862e+00  6.54986319e+00  4.29547288e+00 
 6.62571722e+00  9.91648387e+00  6.62571722e+00  4.24643046e+00 
 6.70244971e+00  9.91702655e+00  6.70244971e+00  4.19794282e+00 
 6.78007084e+00  9.91755695e+00  6.78007084e+00  4.15000381e+00 
 6.85859090e+00  9.91807533e+00  6.85859090e+00  4.10260735e+00 
 6.93802030e+00  9.91858197e+00  6.93802030e+00  4.05574741e+00 
 7.01836957e+00  9.91907714e+00  7.01836957e+00  4.00941803e+00 
 7.09964937e+00  9.91956109e+00  7.09964937e+00  3.96361330e+00 
 7.18187048e+00  9.92003407e+00  7.18187048e+00  3.91832740e+00 
 7.26504378e+00  9.92049634e+00  7.26504378e+00  3.87355453e+00 
 7.34918032e+00  9.92094813e+00  7.34918032e+00  3.82928898e+00 
 7.43429124e+00  9.92138969e+00  7.43429124e+00  3.78552510e+00 
 7.52038784e+00  9.92182124e+00  7.52038784e+00  3.74225729e+00 
 7.60748151e+00  9.92224300e+00  7.60748151e+00  3.69947999e+00 
 7.69558382e+00  9.92265521e+00  7.69558382e+00  3.65718775e+00 
 7.78470645e+00  9.92305807e+00  7.78470645e+00  3.61537512e+00 
 7.87486120e+00  9.92345179e+00  7.87486120e+00  3.57403675e+00 
 7.96606004e+00  9.92383659e+00  7.96606004e+00  3.53316733e+00 
 8.05831505e+00  9.92421266e+00  8.05831505e+00  3.49276160e+00 
 8.15163847e+00  9.92458021e+00  8.15163847e+00  3.45281437e+00 
 8.24604267e+00  9.92493942e+00  8.24604267e+00  3.41332049e+00 
 8.34154016e+00  9.92529048e+00  8.34154016e+00  3.37427488e+00 
 8.43814361e+00  9.92563357e+00  8.43814361e+00  3.33567250e+00 
 8.53586583e+00  9.92596889e+00  8.53586583e+00  3.29750839e+00 
 8.63471977e+00  9.92629660e+00  8.63471977e+00  3.25977761e+00 
 8.73471853e+00  9.92661687e+00  8.73471853e+00  3.22247529e+00 
 8.83587539e+00  9.92692987e+00  8.83587539e+00  3.18559661e+00 
 8.93820374e+00  9.92723578e+00  8.93820374e+00  3.14913680e+00 
 9.04171716e+00  9.92753474e+00  9.04171716e+00  3.11309115e+00 
 9.14642936e+00  9.92782692e+00  9.14642936e+00  3.07745500e+00 
 9.25235424e+00  9.92811246e+00  9.25235424e+00  3.04222372e+00 
 9.35950584e+00  9.92839153e+00  9.35950584e+00  3.00739275e+00 
 9.46789836e+00  9.92866426e+00  9.46789836e+00  2.97295758e+00 
 9.57754617e+00  9.92893080e+00  9.57754617e+00  2.93891374e+00 
 9.68846382e+00  9.92919129e+00  9.68846382e+00  2.90525682e+00 
 9.80066601e+00  9.92944587e+00  9.80066601e+00  2.87198243e+00 
 9.91416761e+00  9.92969467e+00  9.91416761e+00  2.83908627e+00 
 1.00289837e+01  9.92993782e+00  1.00289837e+01  2.80656405e+00 
 1.01451294e+01  9.93017545e+00  1.01451294e+01  2.77441155e+00 
 1.02626203e+01  9.93040769e+00  1.02626203e+01  2.74262458e+00 
 1.03814717e+01  9.93063465e+00  1.03814717e+01  2.71119901e+00 
 1.05016997e+01  9.93085646e+00  1.05016997e+01  2.68013075e+00 
 1.06233199e+01  9.93107323e+00  1.06233199e+01  2.64941575e+00 
 1.07463487e+01  9.93128508e+00  1.07463487e+01  2.61905000e+00 
 1.08708023e+01  9.93149212e+00  1.08708023e+01  2.58902956e+00 
 1.09966971e+01  9.93169446e+00  1.09966971e+01  2.55935050e+00 
 1.11240500e+01  9.93189220e+00  1.11240500e+01  2.53000895e+00 
 1.12528777e+01  9.93208545e+00  1.12528777e+01  2.50100109e+00 
 1.13831974e+01  9.93227431e+00  1.13831974e+01  2.47232312e+00 
 1.15150263e+01  9.93245889e+00  1.15150263e+01  2.44397131e+00 
 1.16483819e+01  9.93263927e+00  1.16483819e+01  2.41594194e+00 
 1.17832819e+01  9.93281556e+00  1.17832819e+01  2.38823136e+00 
 1.19197442e+01  9.93298784e+00  1.19197442e+01  2.36083594e+00 
 1.20577869e+01  9.93315620e+00  1.20577869e+01  2.33375211e+00 
 1.21974282e+01  9.93332075e+00  1.21974282e+01  2.30697631e+00 
 1.23386867e+01  9.93348156e+00  1.23386867e+01  2.28050504e+00 
 1.24815812e+01  9.93363871e+00  1.24815812e+01  2.25433485e+00 
 1.26261305e+01  9.93379229e+00  1.26261305e+01  2.22846229e+00 
 1.27723538e+01  9.93394239e+00  1.27723538e+01  2.20288399e+00 
 1.29202705e+01  9.93408908e+00  1.29202705e+01  2.17759659e+00 
 1.30699003e+01  9.93423243e+00  1.30699003e+01  2.15259678e+00 
 1.32212629e+01  9.93437253e+00  1.32212629e+01  2.12788129e+00 
 1.33743785e+01  9.93450945e+00  1.33743785e+01  2.10344686e+00 
 1.35292673e+01  9.93464325e+00  1.35292673e+01  2.07929031e+00 
 1.36859499e+01  9.93477402e+00  1.36859499e+01  2.05540845e+00 
 1.38444470e+01  9.93490181e+00  1.38444470e+01  2.03179815e+00 
 1.40047796e+01  9.93502671e+00  1.40047796e+01  2.00845633e+00 
 1.41669691e+01  9.93514876e+00  1.41669691e+01  1.98537990e+00 
 1.43310369e+01  9.93526805e+00  1.43310369e+01  1.96256585e+00 
 1.44970048e+01  9.93538462e+00  1.44970048e+01  1.94001117e+00 
 1.46648947e+01  9.93549855e+00  1.46648947e+01  1.91771291e+00 
 1.48347290e+01  9.93560989e+00  1.48347290e+01  1.89566813e+00 
 1.50065301e+01  9.93571870e+00  1.50065301e+01  1.87387393e+00 
 1.51803209e+01  9.93582504e+00  1.51803209e+01  1.85232746e+00 
 1.53561243e+01  9.93592896e+00  1.53561243e+01  1.83102588e+00 
 1.55339637e+01  9.93603052e+00  1.55339637e+01  1.80996638e+00 
 1.57138627e+01  9.93612978e+00  1.57138627e+01  1.78914620e+00 
 1.58958451e+01  9.93622678e+00  1.58958451e+01  1.76856260e+00 
 1.60799350e+01  9.93632158e+00  1.60799350e+01  1.74821287e+00 
 1.62661569e+01  9.93641423e+00  1.62661569e+01  1.72809434e+00 
 1.64545354e+01  9.93650477e+00  1.64545354e+01  1.70820434e+00 
 1.66450955e+01  9.93659325e+00  1.66450955e+01  1.68854028e+00 
 1.68378625e+01  9.93667973e+00  1.68378625e+01  1.66909955e+00 
 1.70328619e+01  9.93676424e+00  1.70328619e+01  1.64987960e+00 
 1.72301197e+01  9.93684683e+00  1.72301197e+01  1.63087790e+00 
 1.74296618e+01  9.93692755e+00  1.74296618e+01  1.61209194e+00 
 1.76315149e+01  9.93700643e+00  1.76315149e+01  1.59351925e+00 
 1.78357056e+01  9.93708353e+00  1.78357056e+01  1.57515738e+00 
 1.80422611e+01  9.93715887e+00  1.80422611e+01  1.55700391e+00 
 1.82512087e+01  9.93723250e+00  1.82512087e+01  1.53905645e+00 
 1.84625761e+01  9.93730446e+00  1.84625761e+01  1.52131264e+00 
 1.86763914e+01  9.93737479e+00  1.86763914e+01  1.50377013e+00 
 1.88926828e+01  9.93744352e+00  1.88926828e+01  1.48642660e+00 
 1.91114791e+01  9.93751069e+00  1.91114791e+01  1.46927979e+00 
 1.93328093e+01  9.93757633e+00  1.93328093e+01  1.45232741e+00 
 1.95567028e+01  9.93764048e+00  1.95567028e+01  1.43556724e+00 
 1.97831891e+01  9.93770318e+00  1.97831891e+01  1.41899707e+00 
 2.00122984e+01  9.93776446e+00  2.00122984e+01  1.40261470e+00 
 2.02440610e+01  9.93782434e+00  2.02440610e+01  1.38641798e+00 
 2.04785077e+01  9.93788286e+00  2.04785077e+01  1.37040477e+00 
 2.07156695e+01  9.93794006e+00  2.07156695e+01  1.35457296e+00 
 2.09555778e+01  9.93799596e+00  2.09555778e+01  1.33892046e+00 
 2.11982645e+01  9.93805059e+00  2.11982645e+01  1.32344519e+00 
 2.14437618e+01  9.93810398e+00  2.14437618e+01  1.30814513e+00 
 2.16921022e+01  9.93815615e+00  2.16921022e+01  1.29301824e+00 
 2.19433187e+01  9.93820715e+00  2.19433187e+01  1.27806253e+00 
 2.21974444e+01  9.93825698e+00  2.21974444e+01  1.26327602e+00 
 2.24545132e+01  9.93830569e+00  2.24545132e+01  1.24865677e+00 
 2.27145591e+01  9.93835329e+00  2.27145591e+01  1.23420284e+00 
 2.29776167e+01  9.93839981e+00  2.29776167e+01  1.21991233e+00 
 2.32437206e+01  9.93844528e+00  2.32437206e+01  1.20578333e+00 
 2.35129064e+01  9.93848971e+00  2.35129064e+01  1.19181400e+00 
 2.37852095e+01  9.93853314e+00  2.37852095e+01  1.17800247e+00 
 2.40606663e+01  9.93857558e+00  2.40606663e+01  1.16434693e+00 
 2.43393131e+01  9.93861705e+00  2.43393131e+01  1.15084558e+00 
 2.46211869e+01  9.93865759e+00  2.46211869e+01  1.13749662e+00 
 2.49063250e+01  9.93869721e+00  2.49063250e+01  1.12429830e+00 
 2.51947654e+01  9.93873592e+00  2.51947654e+01  1.11124887e+00 
 2.54865462e+01  9.93877376e+00  2.54865462e+01  1.09834660e+00 
 2.57817061e+01  9.93881075e+00  2.57817061e+01  1.08558979e+00 
 2.60802843e+01  9.93884689e+00  2.60802843e+01  1.07297676e+00 
 2.63823203e+01  9.93888221e+00  2.63823203e+01  1.06050583e+00 
 2.66878542e+01  9.93891673e+00  2.66878542e+01  1.04817535e+00 
 2.69969265e+01  9.93895047e+00  2.69969265e+01  1.03598370e+00 
 2.73095781e+01  9.93898345e+00  2.73095781e+01  1.02392927e+00 
 2.76258506e+01  9.93901567e+00  2.76258506e+01  1.01201045e+00 
 2.79457858e+01  9.93904717e+00  2.79457858e+01  1.00022568e+00 
 2.82694262e+01  9.93907795e+00  2.82694262e+01  9.88573396e-01 
 2.85968147e+01  9.93910803e+00  2.85968147e+01  9.77052054e-01 
 2.89279946e+01  9.93913744e+00  2.89279946e+01  9.65660131e-01 
 2.92630100e+01  9.93916617e+00  2.92630100e+01  9.54396121e-01 
 2.96019052e+01  9.93919425e+00  2.96019052e+01  9.43258534e-01 
 2.99447251e+01  9.93922170e+00  2.99447251e+01  9.32245897e-01 
 3.02915152e+01  9.93924852e+00  3.02915152e+01  9.21356753e-01 
 3.06423215e+01  9.93927474e+00  3.06423215e+01  9.10589661e-01 
 3.09971905e+01  9.93930036e+00  3.09971905e+01  8.99943197e-01 
 3.13561693e+01  9.93932540e+00  3.13561693e+01  8.89415952e-01 
 3.17193054e+01  9.93934987e+00  3.17193054e+01  8.79006533e-01 
 3.20866469e+01  9.93937379e+00  3.20866469e+01  8.68713563e-01 
 3.24582427e+01  9.93939717e+00  3.24582427e+01  8.58535679e-01 
 3.28341419e+01  9.93942001e+00  3.28341419e+01  8.48471536e-01 
 3.32143943e+01  9.93944234e+00  3.32143943e+01  8.38519801e-01 
 3.35990505e+01  9.93946416e+00  3.35990505e+01  8.28679156e-01 
 3.39881614e+01  9.93948549e+00  3.39881614e+01  8.18948301e-01 
 3.43817786e+01  9.93950633e+00  3.43817786e+01  8.09325946e-01 
 3.47799543e+01  9.93952670e+00  3.47799543e+01  7.99810819e-01 
 3.51827413e+01  9.93954661e+00  3.51827413e+01  7.90401659e-01 
 3.55901929e+01  9.93956607e+00  3.55901929e+01  7.81097222e-01 
 3.60023633e+01  9.93958509e+00  3.60023633e+01  7.71896276e-01 
 3.64193070e+01  9.93960367e+00  3.64193070e+01  7.62797603e-01 
 3.68410793e+01  9.93962184e+00  3.68410793e+01  7.53799999e-01 
 3.72677361e+01  9.93963959e+00  3.72677361e+01  7.44902272e-01 
 3.76993341e+01  9.93965694e+00  3.76993341e+01  7.36103244e-01 
 3.81359304e+01  9.93967389e+00  3.81359304e+01  7.27401752e-01 
 3.85775830e+01  9.93969046e+00  3.85775830e+01  7.18796642e-01 
 3.90243503e+01  9.93970666e+00  3.90243503e+01  7.10286775e-01 
 3.94762917e+01  9.93972249e+00  3.94762917e+01  7.01871026e-01 
 3.99334670e+01  9.93973796e+00  3.99334670e+01  6.93548279e-01 
 4.03959368e+01  9.93975308e+00  4.03959368e+01  6.85317433e-01 
 4.08637625e+01  9.93976785e+00  4.08637625e+01  6.77177397e-01 
 4.13370061e+01  9.93978229e+00  4.13370061e+01  6.69127095e-01 
 4.18157303e+01  9.93979641e+00  4.18157303e+01  6.61165460e-01 
 4.22999987e+01  9.93981020e+00  4.22999987e+01  6.53291437e-01 
 4.27898753e+01  9.93982368e+00  4.27898753e+01  6.45503985e-01 
 4.32854253e+01  9.93983685e+00  4.32854253e+01  6.37802072e-01 
 4.37867142e+01  9.93984973e+00  4.37867142e+01  6.30184678e-01 
 4.42938085e+01  9.93986231e+00  4.42938085e+01  6.22650795e-01 
 4.48067755e+01  9.93987461e+00  4.48067755e+01  6.15199424e-01 
 4.53256831e+01  9.93988663e+00  4.53256831e+01  6.07829580e-01 
 4.58506003e+01  9.93989838e+00  4.58506003e+01  6.00540285e-01 
 4.63815965e+01  9.93990986e+00  4.63815965e+01  5.93330574e-01 
 4.69187422e+01  9.93992107e+00  4.69187422e+01  5.86199494e-01 
 4.74621085e+01  9.93993204e+00  4.74621085e+01  5.79146099e-01 
 4.80117676e+01  9.93994275e+00  4.80117676e+01  5.72169455e-01 
 4.85677923e+01  9.93995323e+00  4.85677923e+01  5.65268638e-01 
 4.91302564e+01  9.93996346e+00  4.91302564e+01  5.58442734e-01 
 4.96992343e+01  9.93997346e+00  4.96992343e+01  5.51690839e-01 
 5.02748016e+01  9.93998324e+00  5.02748016e+01  5.45012059e-01 
 5.08570345e+01  9.93999279e+00  5.08570345e+01  5.38405509e-01 
 5.14460103e+01  9.94000213e+00  5.14460103e+01  5.31870314e-01 
 5.20418070e+01  9.94001125e+00  5.20418070e+01  5.25405609e-01 
 5.26445036e+01  9.94002017e+00  5.26445036e+01  5.19010536e-01 
 5.32541801e+01  9.94002888e+00  5.32541801e+01  5.12684250e-01 
 5.38709172e+01  9.94003740e+00  5.38709172e+01  5.06425912e-01 
 5.44947968e+01  9.94004572e+00  5.44947968e+01  5.00234692e-01 
 5.51259015e+01  9.94005385e+00  5.51259015e+01  4.94109772e-01 
 5.57643151e+01  9.94006180e+00  5.57643151e+01  4.88050339e-01 
 5.64101221e+01  9.94006957e+00  5.64101221e+01  4.82055591e-01 
 5.70634082e+01  9.94007716e+00  5.70634082e+01  4.76124733e-01 
 5.77242601e+01  9.94008458e+00  5.77242601e+01  4.70256980e-01 
 5.83927652e+01  9.94009183e+00  5.83927652e+01  4.64451555e-01 
 5.90690124e+01  9.94009891e+00  5.90690124e+01  4.58707689e-01 
 5.97530911e+01  9.94010584e+00  5.97530911e+01  4.53024620e-01 
 6.04450922e+01  9.94011260e+00  6.04450922e+01  4.47401596e-01 
 6.11451073e+01  9.94011921e+00  6.11451073e+01  4.41837871e-01 
 6.18532294e+01  9.94012567e+00  6.18532294e+01  4.36332709e-01 
 6.25695522e+01  9.94013199e+00  6.25695522e+01  4.30885380e-01 
 6.32941707e+01  9.94013816e+00  6.32941707e+01  4.25495163e-01 
 6.40271811e+01  9.94014419e+00  6.40271811e+01  4.20161343e-01 
 6.47686804e+01  9.94015008e+00  6.47686804e+01  4.14883214e-01 
 6.55187671e+01  9.94015584e+00  6.55187671e+01  4.09660076e-01 
 6.62775405e+01  9.94016146e+00  6.62775405e+01  4.04491237e-01 
 6.70451013e+01  9.94016696e+00  6.70451013e+01  3.99376013e-01 
 6.78215512e+01  9.94017234e+00  6.78215512e+01  3.94313726e-01 
 6.86069932e+01  9.94017759e+00  6.86069932e+01  3.89303704e-01 
 6.94015314e+01  9.94018272e+00  6.94015314e+01  3.84345285e-01 
 7.02052711e+01  9.94018773e+00  7.02052711e+01  3.79437810e-01 
 7.10183190e+01  9.94019263e+00  7.10183190e+01  3.74580631e-01 
 7.18407828e+01  9.94019741e+00  7.18407828e+01  3.69773103e-01 
 7.26727715e+01  9.94020209e+00  7.26727715e+01  3.65014589e-01 
 7.35143955e+01  9.94020666e+00  7.35143955e+01  3.60304458e-01 
 7.43657664e+01  9.94021113e+00  7.43657664e+01  3.55642087e-01 
 7.52269970e+01  9.94021549e+00  7.52269970e+01  3.51026858e-01 
 7.60982015e+01  9.94021976e+00  7.60982015e+01  3.46458159e-01 
 7.69794955e+01  9.94022392e+00  7.69794955e+01  3.41935385e-01 
 7.78709957e+01  9.94022799e+00  7.78709957e+01  3.37457936e-01 
 7.87728204e+01  9.94023197e+00  7.87728204e+01  3.33025219e-01 
 7.96850891e+01  9.94023585e+00  7.96850891e+01  3.28636646e-01 
 8.06079229e+01  9.94023965e+00  8.06079229e+01  3.24291637e-01 
 8.15414439e+01  9.94024336e+00  8.15414439e+01  3.19989615e-01 
 8.24857761e+01  9.94024699e+00  8.24857761e+01  3.15730010e-01 
 8.34410446e+01  9.94025053e+00  8.34410446e+01  3.11512258e-01 
 8.44073761e+01  9.94025399e+00  8.44073761e+01  3.07335799e-01 
 8.53848987e+01  9.94025737e+00  8.53848987e+01  3.03200080e-01 
 8.63737419e+01  9.94026067e+00  8.63737419e+01  2.99104554e-01 
 8.73740370e+01  9.94026390e+00  8.73740370e+01  2.95048677e-01 
 8.83859165e+01  9.94026705e+00  8.83859165e+01  2.91031912e-01 
 8.94095146e+01  9.94027013e+00  8.94095146e+01  2.87053726e-01 
 9.04449670e+01  9.94027313e+00  9.04449670e+01  2.83113593e-01 
 9.14924110e+01  9.94027607e+00  9.14924110e+01  2.79210989e-01 
 9.25519854e+01  9.94027894e+00  9.25519854e+01  2.75345398e-01 
 9.36238307e+01  9.94028175e+00  9.36238307e+01  2.71516308e-01 
 9.47080892e+01  9.94028449e+00  9.47080892e+01  2.67723211e-01 
 9.58049044e+01  9.94028716e+00  9.58049044e+01  2.63965604e-01 
 9.69144218e+01  9.94028977e+00  9.69144218e+01  2.60242990e-01 
 9.80367886e+01  9.94029233e+00  9.80367886e+01  2.56554874e-01 
 9.91721535e+01  9.94029482e+00  9.91721535e+01  2.52900768e-01 
 1.00320667e+02  9.94029725e+00  1.00320667e+02  2.49280188e-01 
 1.01482482e+02  9.94029963e+00  1.01482482e+02  2.45692654e-01 
 1.02657751e+02  9.94030196e+00  1.02657751e+02  2.42137690e-01 
 1.03846632e+02  9.94030422e+00  1.03846632e+02  2.38614826e-01 
 1.05049280e+02  9.94030644e+00  1.05049280e+02  2.35123593e-01 
 1.06265857e+02  9.94030860e+00  1.06265857e+02  2.31663531e-01 
 1.07496523e+02  9.94031071e+00  1.07496523e+02  2.28234179e-01 
 1.08741441e+02  9.94031278e+00  1.08741441e+02  2.24835083e-01 
 1.10000777e+02  9.94031479e+00  1.10000777e+02  2.21465793e-01 
 1.11274697e+02  9.94031676e+00  1.11274697e+02  2.18125863e-01 
 1.12563370e+02  9.94031868e+00  1.12563370e+02  2.14814848e-01 
 1.13866967e+02  9.94032055e+00  1.13866967e+02  2.11532312e-01 
 1.15185661e+02  9.94032238e+00  1.15185661e+02  2.08277818e-01 
 1.16519628e+02  9.94032417e+00  1.16519628e+02  2.05050935e-01 
 1.17869043e+02  9.94032591e+00  1.17869043e+02  2.01851236e-01 
 1.19234085e+02  9.94032761e+00  1.19234085e+02  1.98678295e-01 
 1.20614936e+02  9.94032928e+00  1.20614936e+02  1.95531694e-01 
 1.22011779e+02  9.94033090e+00  1.22011779e+02  1.92411014e-01 
 1.23424798e+02  9.94033248e+00  1.23424798e+02  1.89315842e-01 
 1.24854182e+02  9.94033402e+00  1.24854182e+02  1.86245768e-01 
 1.26300119e+02  9.94033553e+00  1.26300119e+02  1.83200384e-01 
 1.27762802e+02  9.94033700e+00  1.27762802e+02  1.80179288e-01 
 1.29242424e+02  9.94033844e+00  1.29242424e+02  1.77182078e-01 
 1.30739182e+02  9.94033983e+00  1.30739182e+02  1.74208357e-01 
 1.32253273e+02  9.94034120e+00  1.32253273e+02  1.71257731e-01 
 1.33784900e+02  9.94034253e+00  1.33784900e+02  1.68329809e-01 
 1.35334264e+02  9.94034383e+00  1.35334264e+02  1.65424203e-01 
 1.36901571e+02  9.94034510e+00  1.36901571e+02  1.62540528e-01 
 1.38487029e+02  9.94034633e+00  1.38487029e+02  1.59678400e-01 
 1.40090849e+02  9.94034753e+00  1.40090849e+02  1.56837442e-01 
 1.41713242e+02  9.94034871e+00  1.41713242e+02  1.54017276e-01 
 1.43354425e+02  9.94034985e+00  1.43354425e+02  1.51217529e-01 
 1.45014614e+02  9.94035097e+00  1.45014614e+02  1.48437829e-01 
 1.46694029e+02  9.94035205e+00  1.46694029e+02  1.45677808e-01 
 1.48392894e+02  9.94035311e+00  1.48392894e+02  1.42937100e-01 
 1.50111433e+02  9.94035414e+00  1.50111433e+02  1.40215341e-01 
 1.51849875e+02  9.94035515e+00  1.51849875e+02  1.37512172e-01 
 1.53608450e+02  9.94035613e+00  1.53608450e+02  1.34827233e-01 
 1.55387391e+02  9.94035708e+00  1.55387391e+02  1.32160168e-01 
 1.57186933e+02  9.94035801e+00  1.57186933e+02  1.29510625e-01 
 1.59007317e+02  9.94035891e+00  1.59007317e+02  1.26878251e-01 
 1.60848782e+02  9.94035979e+00  1.60848782e+02  1.24262698e-01 
 1.62711573e+02  9.94036064e+00  1.62711573e+02  1.21663619e-01 
 1.64595937e+02  9.94036148e+00  1.64595937e+02  1.19080670e-01 
 1.66502124e+02  9.94036228e+00  1.66502124e+02  1.16513507e-01 
 1.68430387e+02  9.94036307e+00  1.68430387e+02  1.13961792e-01 
 1.70380981e+02  9.94036383e+00  1.70380981e+02  1.11425185e-01 
 1.72354164e+02  9.94036458e+00  1.72354164e+02  1.08903350e-01 
 1.74350199e+02  9.94036530e+00  1.74350199e+02  1.06395953e-01 
 1.76369351e+02  9.94036600e+00  1.76369351e+02  1.03902661e-01 
 1.78411886e+02  9.94036668e+00  1.78411886e+02  1.01423145e-01 
 1.80478075e+02  9.94036734e+00  1.80478075e+02  9.89570742e-02 
 1.82568193e+02  9.94036798e+00  1.82568193e+02  9.65041231e-02 
 1.84682517e+02  9.94036860e+00  1.84682517e+02  9.40639661e-02 
 1.86821327e+02  9.94036920e+00  1.86821327e+02  9.16362798e-02 
 1.88984907e+02  9.94036978e+00  1.88984907e+02  8.92207421e-02 
 1.91173543e+02  9.94037035e+00  1.91173543e+02  8.68170330e-02 
 1.93387525e+02  9.94037089e+00  1.93387525e+02  8.44248338e-02 
 1.95627148e+02  9.94037142e+00  1.95627148e+02  8.20438273e-02 
 1.97892707e+02  9.94037193e+00  1.97892707e+02  7.96736978e-02 
 2.00184505e+02  9.94037243e+00  2.00184505e+02  7.73141311e-02 
 2.02502843e+02  9.94037290e+00  2.02502843e+02  7.49648145e-02 
 2.04848030e+02  9.94037336e+00  2.04848030e+02  7.26254364e-02 
 2.07220377e+02  9.94037380e+00  2.07220377e+02  7.02956868e-02 
 2.09620198e+02  9.94037423e+00  2.09620198e+02  6.79752567e-02 
 2.12047812e+02  9.94037464e+00  2.12047812e+02  6.56638385e-02 
 2.14503539e+02  9.94037503e+00  2.14503539e+02  6.33611258e-02 
 2.16987707e+02  9.94037541e+00  2.16987707e+02  6.10668132e-02 
 2.19500643e+02  9.94037578e+00  2.19500643e+02  5.87805968e-02 
 2.22042682e+02  9.94037612e+00  2.22042682e+02  5.65021732e-02 
 2.24614160e+02  9.94037646e+00  2.24614160e+02  5.42312405e-02 
 2.27215419e+02  9.94037677e+00  2.27215419e+02  5.19674976e-02 
 2.29846803e+02  9.94037708e+00  2.29846803e+02  4.97106443e-02 
 2.32508661e+02  9.94037737e+00  2.32508661e+02  4.74603816e-02 
 2.35201345e+02  9.94037764e+00  2.35201345e+02  4.52164109e-02 
 2.37925214e+02  9.94037790e+00  2.37925214e+02  4.29784349e-02 
 2.40680628e+02  9.94037814e+00  2.40680628e+02  4.07461568e-02 
 2.43467953e+02  9.94037838e+00  2.43467953e+02  3.85192807e-02 
 2.46287557e+02  9.94037859e+00  2.46287557e+02  3.62975113e-02 
 2.49139816e+02  9.94037880e+00  2.49139816e+02  3.40805541e-02 
 2.52025106e+02  9.94037899e+00  2.52025106e+02  3.18681152e-02 
 2.54943811e+02  9.94037916e+00  2.54943811e+02  2.96599012e-02 
 2.57896318e+02  9.94037933e+00  2.57896318e+02  2.74556193e-02 
 2.60883017e+02  9.94037948e+00  2.60883017e+02  2.52549775e-02 
 2.63904306e+02  9.94037961e+00  2.63904306e+02  2.30576838e-02 
 2.66960584e+02  9.94037973e+00  2.66960584e+02  2.08634470e-02 
 2.70052257e+02  9.94037984e+00  2.70052257e+02  1.86719761e-02 
 2.73179734e+02  9.94037994e+00  2.73179734e+02  1.64829807e-02 
 2.76343431e+02  9.94038002e+00  2.76343431e+02  1.42961704e-02 
 2.79543767e+02  9.94038009e+00  2.79543767e+02  1.21112555e-02 
 2.82781166e+02  9.94038015e+00  2.82781166e+02  9.92794609e-03 
 2.86056057e+02  9.94038019e+00  2.86056057e+02  7.74595286e-03 
 2.89368875e+02  9.94038023e+00  2.89368875e+02  5.56498649e-03 
 2.92720058e+02  9.94038024e+00  2.92720058e+02  3.38475783e-03 
 2.96110052e+02  9.94038025e+00  2.96110052e+02  1.20497781e-03 
 2.99539305e+02  9.94038024e+00  2.99539305e+02 -9.74642553e-04 
 3.03008272e+02  9.94038022e+00  3.03008272e+02 -3.15439223e-03 
 3.06517414e+02  9.94038019e+00  3.06517414e+02 -5.33456022e-03 
 3.10067195e+02  9.94038014e+00  3.10067195e+02 -7.51543556e-03 
 3.13658086e+02  9.94038008e+00  3.13658086e+02 -9.69730740e-03 
 3.17290563e+02  9.94038001e+00  3.17290563e+02 -1.18804650e-02 
 3.20965108e+02  9.94037992e+00  3.20965108e+02 -1.40651978e-02 
 3.24682207e+02  9.94037982e+00  3.24682207e+02 -1.62517955e-02 
 3.28442355e+02  9.94037971e+00  3.28442355e+02 -1.84405479e-02 
 3.32246049e+02  9.94037959e+00  3.32246049e+02 -2.06317453e-02 
 3.36093793e+02  9.94037945e+00  3.36093793e+02 -2.28256781e-02 
 3.39986099e+02  9.94037930e+00  3.39986099e+02 -2.50226372e-02 
 3.43923481e+02  9.94037913e+00  3.43923481e+02 -2.72229140e-02 
 3.47906461e+02  9.94037895e+00  3.47906461e+02 -2.94268000e-02 
 3.51935569e+02  9.94037876e+00  3.51935569e+02 -3.16345876e-02 
 3.56011338e+02  9.94037855e+00  3.56011338e+02 -3.38465693e-02 
 3.60134309e+02  9.94037833e+00  3.60134309e+02 -3.60630385e-02 
 3.64305027e+02  9.94037810e+00  3.64305027e+02 -3.82842891e-02 
 3.68524047e+02  9.94037785e+00  3.68524047e+02 -4.05106155e-02 
 3.72791927e+02  9.94037759e+00  3.72791927e+02 -4.27423128e-02 
 3.77109234e+02  9.94037731e+00  3.77109234e+02 -4.49796771e-02 
 3.81476539e+02  9.94037702e+00  3.81476539e+02 -4.72230048e-02 
 3.85894423e+02  9.94037672e+00  3.85894423e+02 -4.94725934e-02 
 3.90363469e+02  9.94037640e+00  3.90363469e+02 -5.17287412e-02 
 3.94884272e+02  9.94037606e+00  3.94884272e+02 -5.39917473e-02 
 3.99457430e+02  9.94037571e+00  3.99457430e+02 -5.62619117e-02 
 4.04083550e+02  9.94037534e+00  4.04083550e+02 -5.85395353e-02 
 4.08763246e+02  9.94037496e+00  4.08763246e+02 -6.08249203e-02 
 4.13497136e+02  9.94037456e+00  4.13497136e+02 -6.31183694e-02 
 4.18285850e+02  9.94037415e+00  4.18285850e+02 -6.54201869e-02 
 4.23130023e+02  9.94037372e+00  4.23130023e+02 -6.77306779e-02 
 4.28030295e+02  9.94037327e+00  4.28030295e+02 -7.00501487e-02 
 4.32987318e+02  9.94037281e+00  4.32987318e+02 -7.23789068e-02 
 4.38001748e+02  9.94037233e+00  4.38001748e+02 -7.47172609e-02 
 4.43074250e+02  9.94037184e+00  4.43074250e+02 -7.70655211e-02 
 4.48205497e+02  9.94037132e+00  4.48205497e+02 -7.94239988e-02 
 4.53396168e+02  9.94037079e+00  4.53396168e+02 -8.17930065e-02 
 4.58646954e+02  9.94037024e+00  4.58646954e+02 -8.41728584e-02 
 4.63958548e+02  9.94036967e+00  4.63958548e+02 -8.65638700e-02 
 4.69331656e+02  9.94036909e+00  4.69331656e+02 -8.89663583e-02 
 4.74766990e+02  9.94036848e+00  4.74766990e+02 -9.13806418e-02 
 4.80265271e+02  9.94036786e+00  4.80265271e+02 -9.38070405e-02 
 4.85827227e+02  9.94036721e+00  4.85827227e+02 -9.62458763e-02 
 4.91453597e+02  9.94036655e+00  4.91453597e+02 -9.86974723e-02 
 4.97145125e+02  9.94036586e+00  4.97145125e+02 -1.01162154e-01 
 5.02902567e+02  9.94036516e+00  5.02902567e+02 -1.03640247e-01 
 5.08726686e+02  9.94036443e+00  5.08726686e+02 -1.06132081e-01 
 5.14618255e+02  9.94036369e+00  5.14618255e+02 -1.08637986e-01 
 5.20578053e+02  9.94036292e+00  5.20578053e+02 -1.11158294e-01 
 5.26606872e+02  9.94036213e+00  5.26606872e+02 -1.13693340e-01 
 5.32705511e+02  9.94036131e+00  5.32705511e+02 -1.16243459e-01 
 5.38874778e+02  9.94036048e+00  5.38874778e+02 -1.18808990e-01 
 5.45115492e+02  9.94035962e+00  5.45115492e+02 -1.21390272e-01 
 5.51428479e+02  9.94035874e+00  5.51428479e+02 -1.23987648e-01 
 5.57814577e+02  9.94035783e+00  5.57814577e+02 -1.26601462e-01 
 5.64274633e+02  9.94035689e+00  5.64274633e+02 -1.29232061e-01 
 5.70809503e+02  9.94035594e+00  5.70809503e+02 -1.31879794e-01 
 5.77420053e+02  9.94035495e+00  5.77420053e+02 -1.34545011e-01 
 5.84107159e+02  9.94035394e+00  5.84107159e+02 -1.37228065e-01 
 5.90871709e+02  9.94035290e+00  5.90871709e+02 -1.39929314e-01 
 5.97714600e+02  9.94035184e+00  5.97714600e+02 -1.42649114e-01 
 6.04636738e+02  9.94035075e+00  6.04636738e+02 -1.45387826e-01 
 6.11639042e+02  9.94034963e+00  6.11639042e+02 -1.48145814e-01 
 6.18722439e+02  9.94034848e+00  6.18722439e+02 -1.50923442e-01 
 6.25887869e+02  9.94034730e+00  6.25887869e+02 -1.53721080e-01 
 6.33136282e+02  9.94034608e+00  6.33136282e+02 -1.56539098e-01 
 6.40468639e+02  9.94034484e+00  6.40468639e+02 -1.59377870e-01 
 6.47885912e+02  9.94034357e+00  6.47885912e+02 -1.62237771e-01 
 6.55389084e+02  9.94034226e+00  6.55389084e+02 -1.65119182e-01 
 6.62979151e+02  9.94034092e+00  6.62979151e+02 -1.68022484e-01 
 6.70657118e+02  9.94033955e+00  6.70657118e+02 -1.70948062e-01 
 6.78424004e+02  9.94033814e+00  6.78424004e+02 -1.73896304e-01 
 6.86280839e+02  9.94033670e+00  6.86280839e+02 -1.76867600e-01 
 6.94228663e+02  9.94033522e+00  6.94228663e+02 -1.79862345e-01 
 7.02268532e+02  9.94033371e+00  7.02268532e+02 -1.82880936e-01 
 7.10401510e+02  9.94033215e+00  7.10401510e+02 -1.85923773e-01 
 7.18628676e+02  9.94033056e+00  7.18628676e+02 -1.88991259e-01 
 7.26951121e+02  9.94032893e+00  7.26951121e+02 -1.92083801e-01 
 7.35369948e+02  9.94032726e+00  7.35369948e+02 -1.95201809e-01 
 7.43886274e+02  9.94032555e+00  7.43886274e+02 -1.98345695e-01 
 7.52501228e+02  9.94032380e+00  7.52501228e+02 -2.01515878e-01 
 7.61215951e+02  9.94032200e+00  7.61215951e+02 -2.04712777e-01 
 7.70031600e+02  9.94032016e+00  7.70031600e+02 -2.07936816e-01 
 7.78949343e+02  9.94031827e+00  7.78949343e+02 -2.11188423e-01 
 7.87970362e+02  9.94031634e+00  7.87970362e+02 -2.14468028e-01 
 7.97095854e+02  9.94031436e+00  7.97095854e+02 -2.17776066e-01 
 8.06327028e+02  9.94031234e+00  8.06327028e+02 -2.21112976e-01 
 8.15665108e+02  9.94031026e+00  8.15665108e+02 -2.24479200e-01 
 8.25111333e+02  9.94030814e+00  8.25111333e+02 -2.27875184e-01 
 8.34666955e+02  9.94030596e+00  8.34666955e+02 -2.31301379e-01 
 8.44333240e+02  9.94030373e+00  8.44333240e+02 -2.34758239e-01 
 8.54111471e+02  9.94030145e+00  8.54111471e+02 -2.38246222e-01 
 8.64002944e+02  9.94029911e+00  8.64002944e+02 -2.41765790e-01 
 8.74008970e+02  9.94029672e+00  8.74008970e+02 -2.45317410e-01 
 8.84130875e+02  9.94029427e+00  8.84130875e+02 -2.48901552e-01 
 8.94370003e+02  9.94029176e+00  8.94370003e+02 -2.52518693e-01 
 9.04727710e+02  9.94028919e+00  9.04727710e+02 -2.56169310e-01 
 9.15205369e+02  9.94028656e+00  9.15205369e+02 -2.59853889e-01 
 9.25804371e+02  9.94028387e+00  9.25804371e+02 -2.63572918e-01 
 9.36526119e+02  9.94028112e+00  9.36526119e+02 -2.67326889e-01 
 9.47372037e+02  9.94027829e+00  9.47372037e+02 -2.71116300e-01 
 9.58343561e+02  9.94027540e+00  9.58343561e+02 -2.74941654e-01 
 9.69442146e+02  9.94027245e+00  9.69442146e+02 -2.78803458e-01 
 9.80669264e+02  9.94026942e+00  9.80669264e+02 -2.82702223e-01 
 9.92026404e+02  9.94026632e+00  9.92026404e+02 -2.86638466e-01 
 1.00351507e+03  9.94026315e+00  1.00351507e+03 -2.90612709e-01 
 1.01513679e+03  9.94025990e+00  1.01513679e+03 -2.94625479e-01 
 1.02689310e+03  9.94025658e+00  1.02689310e+03 -2.98677308e-01 
 1.03878555e+03  9.94025317e+00  1.03878555e+03 -3.02768733e-01 
 1.05081574e+03  9.94024969e+00  1.05081574e+03 -3.06900295e-01 
 1.06298524e+03  9.94024612e+00  1.06298524e+03 -3.11072544e-01 
 1.07529569e+03  9.94024247e+00  1.07529569e+03 -3.15286031e-01 
 1.08774869e+03  9.94023874e+00  1.08774869e+03 -3.19541315e-01 
 1.10034592e+03  9.94023491e+00  1.10034592e+03 -3.23838961e-01 
 1.11308904e+03  9.94023100e+00  1.11308904e+03 -3.28179537e-01 
 1.12597973e+03  9.94022700e+00  1.12597973e+03 -3.32563620e-01 
 1.13901971e+03  9.94022290e+00  1.13901971e+03 -3.36991790e-01 
 1.15221071e+03  9.94021870e+00  1.15221071e+03 -3.41464634e-01 
 1.16555447e+03  9.94021440e+00  1.16555447e+03 -3.45982745e-01 
 1.17905277e+03  9.94021001e+00  1.17905277e+03 -3.50546723e-01 
 1.19270739e+03  9.94020551e+00  1.19270739e+03 -3.55157170e-01 
 1.20652015e+03  9.94020091e+00  1.20652015e+03 -3.59814700e-01 
 1.22049287e+03  9.94019619e+00  1.22049287e+03 -3.64519928e-01 
 1.23462740e+03  9.94019137e+00  1.23462740e+03 -3.69273480e-01 
 1.24892564e+03  9.94018643e+00  1.24892564e+03 -3.74075984e-01 
 1.26338945e+03  9.94018138e+00  1.26338945e+03 -3.78928077e-01 
 1.27802078e+03  9.94017621e+00  1.27802078e+03 -3.83830402e-01 
 1.29282155e+03  9.94017092e+00  1.29282155e+03 -3.88783609e-01 
 1.30779373e+03  9.94016550e+00  1.30779373e+03 -3.93788355e-01 
 1.32293930e+03  9.94015996e+00  1.32293930e+03 -3.98845302e-01 
 1.33826027e+03  9.94015429e+00  1.33826027e+03 -4.03955121e-01 
 1.35375867e+03  9.94014848e+00  1.35375867e+03 -4.09118489e-01 
 1.36943656e+03  9.94014254e+00  1.36943656e+03 -4.14336090e-01 
 1.38529602e+03  9.94013646e+00  1.38529602e+03 -4.19608616e-01 
 1.40133915e+03  9.94013024e+00  1.40133915e+03 -4.24936765e-01 
 1.41756807e+03  9.94012387e+00  1.41756807e+03 -4.30321244e-01 
 1.43398494e+03  9.94011736e+00  1.43398494e+03 -4.35762765e-01 
 1.45059193e+03  9.94011069e+00  1.45059193e+03 -4.41262051e-01 
 1.46739125e+03  9.94010386e+00  1.46739125e+03 -4.46819829e-01 
 1.48438512e+03  9.94009688e+00  1.48438512e+03 -4.52436837e-01 
 1.50157580e+03  9.94008973e+00  1.50157580e+03 -4.58113818e-01 
 1.51896556e+03  9.94008242e+00  1.51896556e+03 -4.63851525e-01 
 1.53655671e+03  9.94007493e+00  1.53655671e+03 -4.69650718e-01 
 1.55435159e+03  9.94006727e+00  1.55435159e+03 -4.75512165e-01 
 1.57235255e+03  9.94005943e+00  1.57235255e+03 -4.81436643e-01 
 1.59056198e+03  9.94005141e+00  1.59056198e+03 -4.87424938e-01 
 1.60898229e+03  9.94004320e+00  1.60898229e+03 -4.93477842e-01 
 1.62761593e+03  9.94003480e+00  1.62761593e+03 -4.99596157e-01 
 1.64646536e+03  9.94002620e+00  1.64646536e+03 -5.05780695e-01 
 1.66553309e+03  9.94001741e+00  1.66553309e+03 -5.12032274e-01 
 1.68482165e+03  9.94000840e+00  1.68482165e+03 -5.18351723e-01 
 1.70433358e+03  9.93999919e+00  1.70433358e+03 -5.24739879e-01 
 1.72407148e+03  9.93998976e+00  1.72407148e+03 -5.31197589e-01 
 1.74403797e+03  9.93998011e+00  1.74403797e+03 -5.37725707e-01 
 1.76423569e+03  9.93997024e+00  1.76423569e+03 -5.44325099e-01 
 1.78466732e+03  9.93996014e+00  1.78466732e+03 -5.50996639e-01 
 1.80533557e+03  9.93994980e+00  1.80533557e+03 -5.57741211e-01 
 1.82624317e+03  9.93993922e+00  1.82624317e+03 -5.64559708e-01 
 1.84739291e+03  9.93992839e+00  1.84739291e+03 -5.71453033e-01 
 1.86878759e+03  9.93991731e+00  1.86878759e+03 -5.78422100e-01 
 1.89043003e+03  9.93990597e+00  1.89043003e+03 -5.85467832e-01 
 1.91232312e+03  9.93989437e+00  1.91232312e+03 -5.92591162e-01 
 1.93446975e+03  9.93988249e+00  1.93446975e+03 -5.99793033e-01 
 1.95687286e+03  9.93987034e+00  1.95687286e+03 -6.07074400e-01 
 1.97953542e+03  9.93985791e+00  1.97953542e+03 -6.14436227e-01 
 2.00246044e+03  9.93984518e+00  2.00246044e+03 -6.21879489e-01 
 2.02565095e+03  9.93983216e+00  2.02565095e+03 -6.29405171e-01 
 2.04911003e+03  9.93981884e+00  2.04911003e+03 -6.37014271e-01 
 2.07284080e+03  9.93980521e+00  2.07284080e+03 -6.44707797e-01 
 2.09684638e+03  9.93979125e+00  2.09684638e+03 -6.52486766e-01 
 2.12112998e+03  9.93977698e+00  2.12112998e+03 -6.60352210e-01 
 2.14569480e+03  9.93976237e+00  2.14569480e+03 -6.68305169e-01 
 2.17054412e+03  9.93974741e+00  2.17054412e+03 -6.76346698e-01 
 2.19568121e+03  9.93973211e+00  2.19568121e+03 -6.84477860e-01 
 2.22110941e+03  9.93971646e+00  2.22110941e+03 -6.92699733e-01 
 2.24683210e+03  9.93970044e+00  2.24683210e+03 -7.01013405e-01 
 2.27285268e+03  9.93968404e+00  2.27285268e+03 -7.09419977e-01 
 2.29917461e+03  9.93966727e+00  2.29917461e+03 -7.17920563e-01 
 2.32580137e+03  9.93965010e+00  2.32580137e+03 -7.26516287e-01 
 2.35273649e+03  9.93963253e+00  2.35273649e+03 -7.35208287e-01 
 2.37998356e+03  9.93961456e+00  2.37998356e+03 -7.43997715e-01 
 2.40754617e+03  9.93959616e+00  2.40754617e+03 -7.52885734e-01 
 2.43542798e+03  9.93957734e+00  2.43542798e+03 -7.61873520e-01 
 2.46363269e+03  9.93955807e+00  2.46363269e+03 -7.70962263e-01 
 2.49216405e+03  9.93953836e+00  2.49216405e+03 -7.80153167e-01 
 2.52102582e+03  9.93951819e+00  2.52102582e+03 -7.89447448e-01 
 2.55022184e+03  9.93949755e+00  2.55022184e+03 -7.98846336e-01 
 2.57975598e+03  9.93947643e+00  2.57975598e+03 -8.08351075e-01 
 2.60963216e+03  9.93945481e+00  2.60963216e+03 -8.17962923e-01 
 2.63985434e+03  9.93943269e+00  2.63985434e+03 -8.27683152e-01 
 2.67042651e+03  9.93941006e+00  2.67042651e+03 -8.37513049e-01 
 2.70135274e+03  9.93938690e+00  2.70135274e+03 -8.47453914e-01 
 2.73263713e+03  9.93936320e+00  2.73263713e+03 -8.57507063e-01 
 2.76428383e+03  9.93933895e+00  2.76428383e+03 -8.67673825e-01 
 2.79629703e+03  9.93931413e+00  2.79629703e+03 -8.77955548e-01 
 2.82868097e+03  9.93928874e+00  2.82868097e+03 -8.88353589e-01 
 2.86143995e+03  9.93926275e+00  2.86143995e+03 -8.98869326e-01 
 2.89457831e+03  9.93923616e+00  2.89457831e+03 -9.09504149e-01 
 2.92810044e+03  9.93920894e+00  2.92810044e+03 -9.20259466e-01 
 2.96201080e+03  9.93918110e+00  2.96201080e+03 -9.31136699e-01 
 2.99631387e+03  9.93915260e+00  2.99631387e+03 -9.42137287e-01 
 3.03101421e+03  9.93912345e+00  3.03101421e+03 -9.53262684e-01 
 3.06611641e+03  9.93909361e+00  3.06611641e+03 -9.64514363e-01 
 3.10162514e+03  9.93906308e+00  3.10162514e+03 -9.75893811e-01 
 3.13754508e+03  9.93903183e+00  3.13754508e+03 -9.87402533e-01 
 3.17388102e+03  9.93899986e+00  3.17388102e+03 -9.99042051e-01 
 3.21063777e+03  9.93896715e+00  3.21063777e+03 -1.01081390e+00 
 3.24782019e+03  9.93893367e+00  3.24782019e+03 -1.02271965e+00 
 3.28543323e+03  9.93889941e+00  3.28543323e+03 -1.03476086e+00 
 3.32348186e+03  9.93886436e+00  3.32348186e+03 -1.04693913e+00 
 3.36197113e+03  9.93882849e+00  3.36197113e+03 -1.05925607e+00 
 3.40090615e+03  9.93879178e+00  3.40090615e+03 -1.07171330e+00 
 3.44029207e+03  9.93875422e+00  3.44029207e+03 -1.08431247e+00 
 3.48013412e+03  9.93871578e+00  3.48013412e+03 -1.09705525e+00 
 3.52043759e+03  9.93867645e+00  3.52043759e+03 -1.10994332e+00 
 3.56120781e+03  9.93863620e+00  3.56120781e+03 -1.12297839e+00 
 3.60245019e+03  9.93859501e+00  3.60245019e+03 -1.13616217e+00 
 3.64417019e+03  9.93855287e+00  3.64417019e+03 -1.14949642e+00 
 3.68637336e+03  9.93850974e+00  3.68637336e+03 -1.16298288e+00 
 3.72906528e+03  9.93846561e+00  3.72906528e+03 -1.17662334e+00 
 3.77225162e+03  9.93842046e+00  3.77225162e+03 -1.19041961e+00 
 3.81593810e+03  9.93837425e+00  3.81593810e+03 -1.20437350e+00 
 3.86013052e+03  9.93832696e+00  3.86013052e+03 -1.21848687e+00 
 3.90483472e+03  9.93827858e+00  3.90483472e+03 -1.23276156e+00 
 3.95005665e+03  9.93822906e+00  3.95005665e+03 -1.24719948e+00 
 3.99580229e+03  9.93817840e+00  3.99580229e+03 -1.26180251e+00 
 4.04207771e+03  9.93812655e+00  4.04207771e+03 -1.27657260e+00 
 4.08888905e+03  9.93807350e+00  4.08888905e+03 -1.29151169e+00 
 4.13624251e+03  9.93801921e+00  4.13624251e+03 -1.30662175e+00 
 4.18414437e+03  9.93796366e+00  4.18414437e+03 -1.32190478e+00 
 4.23260098e+03  9.93790681e+00  4.23260098e+03 -1.33736280e+00 
 4.28161877e+03  9.93784864e+00  4.28161877e+03 -1.35299784e+00 
 4.33120424e+03  9.93778912e+00  4.33120424e+03 -1.36881196e+00 
 4.38136395e+03  9.93772821e+00  4.38136395e+03 -1.38480726e+00 
 4.43210457e+03  9.93766588e+00  4.43210457e+03 -1.40098584e+00 
 4.48343281e+03  9.93760210e+00  4.48343281e+03 -1.41734983e+00 
 4.53535548e+03  9.93753684e+00  4.53535548e+03 -1.43390140e+00 
 4.58787948e+03  9.93747006e+00  4.58787948e+03 -1.45064273e+00 
 4.64101175e+03  9.93740172e+00  4.64101175e+03 -1.46757602e+00 
 4.69475935e+03  9.93733179e+00  4.69475935e+03 -1.48470351e+00 
 4.74912940e+03  9.93726023e+00  4.74912940e+03 -1.50202745e+00 
 4.80412911e+03  9.93718701e+00  4.80412911e+03 -1.51955012e+00 
 4.85976577e+03  9.93711209e+00  4.85976577e+03 -1.53727385e+00 
 4.91604676e+03  9.93703542e+00  4.91604676e+03 -1.55520095e+00 
 4.97297954e+03  9.93695696e+00  4.97297954e+03 -1.57333379e+00 
 5.03057166e+03  9.93687668e+00  5.03057166e+03 -1.59167477e+00 
 5.08883076e+03  9.93679453e+00  5.08883076e+03 -1.61022629e+00 
 5.14776455e+03  9.93671047e+00  5.14776455e+03 -1.62899079e+00 
 5.20738086e+03  9.93662445e+00  5.20738086e+03 -1.64797076e+00 
 5.26768758e+03  9.93653643e+00  5.26768758e+03 -1.66716868e+00 
 5.32869272e+03  9.93644636e+00  5.32869272e+03 -1.68658708e+00 
 5.39040436e+03  9.93635419e+00  5.39040436e+03 -1.70622852e+00 
 5.45283068e+03  9.93625988e+00  5.45283068e+03 -1.72609559e+00 
 5.51597996e+03  9.93616337e+00  5.51597996e+03 -1.74619088e+00 
 5.57986057e+03  9.93606462e+00  5.57986057e+03 -1.76651706e+00 
 5.64448099e+03  9.93596357e+00  5.64448099e+03 -1.78707678e+00 
 5.70984977e+03  9.93586017e+00  5.70984977e+03 -1.80787276e+00 
 5.77597559e+03  9.93575436e+00  5.77597559e+03 -1.82890772e+00 
 5.84286722e+03  9.93564609e+00  5.84286722e+03 -1.85018443e+00 
 5.91053351e+03  9.93553530e+00  5.91053351e+03 -1.87170569e+00 
 5.97898345e+03  9.93542194e+00  5.97898345e+03 -1.89347431e+00 
 6.04822611e+03  9.93530593e+00  6.04822611e+03 -1.91549317e+00 
 6.11827067e+03  9.93518723e+00  6.11827067e+03 -1.93776514e+00 
 6.18912642e+03  9.93506576e+00  6.18912642e+03 -1.96029317e+00 
 6.26080275e+03  9.93494147e+00  6.26080275e+03 -1.98308019e+00 
 6.33330916e+03  9.93481429e+00  6.33330916e+03 -2.00612920e+00 
 6.40665527e+03  9.93468414e+00  6.40665527e+03 -2.02944322e+00 
 6.48085080e+03  9.93455097e+00  6.48085080e+03 -2.05302531e+00 
 6.55590559e+03  9.93441471e+00  6.55590559e+03 -2.07687856e+00 
 6.63182959e+03  9.93427527e+00  6.63182959e+03 -2.10100610e+00 
 6.70863287e+03  9.93413259e+00  6.70863287e+03 -2.12541109e+00 
 6.78632561e+03  9.93398659e+00  6.78632561e+03 -2.15009673e+00 
 6.86491811e+03  9.93383719e+00  6.86491811e+03 -2.17506624e+00 
 6.94442078e+03  9.93368432e+00  6.94442078e+03 -2.20032290e+00 
 7.02484418e+03  9.93352790e+00  7.02484418e+03 -2.22587001e+00 
 7.10619897e+03  9.93336783e+00  7.10619897e+03 -2.25171091e+00 
 7.18849592e+03  9.93320405e+00  7.18849592e+03 -2.27784899e+00 
 7.27174595e+03  9.93303645e+00  7.27174595e+03 -2.30428766e+00 
 7.35596011e+03  9.93286496e+00  7.35596011e+03 -2.33103037e+00 
 7.44114955e+03  9.93268948e+00  7.44114955e+03 -2.35808063e+00 
 7.52732557e+03  9.93250992e+00  7.52732557e+03 -2.38544197e+00 
 7.61449959e+03  9.93232618e+00  7.61449959e+03 -2.41311795e+00 
 7.70268318e+03  9.93213817e+00  7.70268318e+03 -2.44111219e+00 
 7.79188802e+03  9.93194579e+00  7.79188802e+03 -2.46942834e+00 
 7.88212595e+03  9.93174894e+00  7.88212595e+03 -2.49807010e+00 
 7.97340892e+03  9.93154752e+00  7.97340892e+03 -2.52704120e+00 
 8.06574904e+03  9.93134141e+00  8.06574904e+03 -2.55634541e+00 
 8.15915855e+03  9.93113051e+00  8.15915855e+03 -2.58598656e+00 
 8.25364983e+03  9.93091471e+00  8.25364983e+03 -2.61596850e+00 
 8.34923543e+03  9.93069389e+00  8.34923543e+03 -2.64629513e+00 
 8.44592800e+03  9.93046794e+00  8.44592800e+03 -2.67697041e+00 
 8.54374036e+03  9.93023674e+00  8.54374036e+03 -2.70799832e+00 
 8.64268550e+03  9.93000016e+00  8.64268550e+03 -2.73938290e+00 
 8.74277651e+03  9.92975809e+00  8.74277651e+03 -2.77112821e+00 
 8.84402669e+03  9.92951040e+00  8.84402669e+03 -2.80323839e+00 
 8.94644944e+03  9.92925695e+00  8.94644944e+03 -2.83571761e+00 
 9.05005835e+03  9.92899761e+00  9.05005835e+03 -2.86857007e+00 
 9.15486716e+03  9.92873225e+00  9.15486716e+03 -2.90180004e+00 
 9.26088975e+03  9.92846072e+00  9.26088975e+03 -2.93541183e+00 
 9.36814020e+03  9.92818289e+00  9.36814020e+03 -2.96940978e+00 
 9.47663271e+03  9.92789860e+00  9.47663271e+03 -3.00379831e+00 
 9.58638168e+03  9.92760771e+00  9.58638168e+03 -3.03858185e+00 
 9.69740165e+03  9.92731006e+00  9.69740165e+03 -3.07376492e+00 
 9.80970735e+03  9.92700551e+00  9.80970735e+03 -3.10935205e+00 
 9.92331366e+03  9.92669388e+00  9.92331366e+03 -3.14534784e+00 
 1.00382356e+04  9.92637501e+00  1.00382356e+04 -3.18175695e+00 
 1.01544885e+04  9.92604875e+00  1.01544885e+04 -3.21858406e+00 
 1.02720878e+04  9.92571491e+00  1.02720878e+04 -3.25583393e+00 
 1.03910489e+04  9.92537332e+00  1.03910489e+04 -3.29351136e+00 
 1.05113877e+04  9.92502380e+00  1.05113877e+04 -3.33162119e+00 
 1.06331202e+04  9.92466617e+00  1.06331202e+04 -3.37016833e+00 
 1.07562625e+04  9.92430024e+00  1.07562625e+04 -3.40915774e+00 
 1.08808308e+04  9.92392582e+00  1.08808308e+04 -3.44859442e+00 
 1.10068418e+04  9.92354271e+00  1.10068418e+04 -3.48848345e+00 
 1.11343122e+04  9.92315072e+00  1.11343122e+04 -3.52882993e+00 
 1.12632587e+04  9.92274963e+00  1.12632587e+04 -3.56963905e+00 
 1.13936986e+04  9.92233924e+00  1.13936986e+04 -3.61091602e+00 
 1.15256492e+04  9.92191933e+00  1.15256492e+04 -3.65266613e+00 
 1.16591278e+04  9.92148968e+00  1.16591278e+04 -3.69489472e+00 
 1.17941523e+04  9.92105007e+00  1.17941523e+04 -3.73760718e+00 
 1.19307404e+04  9.92060027e+00  1.19307404e+04 -3.78080898e+00 
 1.20689105e+04  9.92014003e+00  1.20689105e+04 -3.82450561e+00 
 1.22086806e+04  9.91966913e+00  1.22086806e+04 -3.86870266e+00 
 1.23500695e+04  9.91918732e+00  1.23500695e+04 -3.91340573e+00 
 1.24930957e+04  9.91869434e+00  1.24930957e+04 -3.95862053e+00 
 1.26377784e+04  9.91818994e+00  1.26377784e+04 -4.00435280e+00 
 1.27841366e+04  9.91767385e+00  1.27841366e+04 -4.05060833e+00 
 1.29321898e+04  9.91714580e+00  1.29321898e+04 -4.09739301e+00 
 1.30819576e+04  9.91660553e+00  1.30819576e+04 -4.14471275e+00 
 1.32334599e+04  9.91605274e+00  1.32334599e+04 -4.19257354e+00 
 1.33867167e+04  9.91548714e+00  1.33867167e+04 -4.24098143e+00 
 1.35417484e+04  9.91490846e+00  1.35417484e+04 -4.28994254e+00 
 1.36985755e+04  9.91431637e+00  1.36985755e+04 -4.33946304e+00 
 1.38572188e+04  9.91371059e+00  1.38572188e+04 -4.38954917e+00 
 1.40176994e+04  9.91309078e+00  1.40176994e+04 -4.44020723e+00 
 1.41800385e+04  9.91245662e+00  1.41800385e+04 -4.49144358e+00 
 1.43442576e+04  9.91180780e+00  1.43442576e+04 -4.54326466e+00 
 1.45103786e+04  9.91114397e+00  1.45103786e+04 -4.59567696e+00 
 1.46784234e+04  9.91046478e+00  1.46784234e+04 -4.64868704e+00 
 1.48484144e+04  9.90976989e+00  1.48484144e+04 -4.70230153e+00 
 1.50203740e+04  9.90905893e+00  1.50203740e+04 -4.75652712e+00 
 1.51943251e+04  9.90833153e+00  1.51943251e+04 -4.81137058e+00 
 1.53702907e+04  9.90758733e+00  1.53702907e+04 -4.86683871e+00 
 1.55482942e+04  9.90682592e+00  1.55482942e+04 -4.92293843e+00 
 1.57283591e+04  9.90604692e+00  1.57283591e+04 -4.97967669e+00 
 1.59105094e+04  9.90524993e+00  1.59105094e+04 -5.03706052e+00 
 1.60947691e+04  9.90443453e+00  1.60947691e+04 -5.09509702e+00 
 1.62811628e+04  9.90360030e+00  1.62811628e+04 -5.15379335e+00 
 1.64697151e+04  9.90274682e+00  1.64697151e+04 -5.21315676e+00 
 1.66604510e+04  9.90187363e+00  1.66604510e+04 -5.27319455e+00 
 1.68533958e+04  9.90098029e+00  1.68533958e+04 -5.33391410e+00 
 1.70485751e+04  9.90006635e+00  1.70485751e+04 -5.39532284e+00 
 1.72460148e+04  9.89913132e+00  1.72460148e+04 -5.45742831e+00 
 1.74457411e+04  9.89817473e+00  1.74457411e+04 -5.52023807e+00 
 1.76477804e+04  9.89719608e+00  1.76477804e+04 -5.58375981e+00 
 1.78521595e+04  9.89619488e+00  1.78521595e+04 -5.64800124e+00 
 1.80589055e+04  9.89517060e+00  1.80589055e+04 -5.71297016e+00 
 1.82680458e+04  9.89412273e+00  1.82680458e+04 -5.77867446e+00 
 1.84796082e+04  9.89305072e+00  1.84796082e+04 -5.84512206e+00 
 1.86936208e+04  9.89195403e+00  1.86936208e+04 -5.91232101e+00 
 1.89101117e+04  9.89083209e+00  1.89101117e+04 -5.98027937e+00 
 1.91291099e+04  9.88968433e+00  1.91291099e+04 -6.04900532e+00 
 1.93506443e+04  9.88851017e+00  1.93506443e+04 -6.11850710e+00 
 1.95747443e+04  9.88730900e+00  1.95747443e+04 -6.18879300e+00 
 1.98014396e+04  9.88608021e+00  1.98014396e+04 -6.25987141e+00 
 2.00307602e+04  9.88482317e+00  2.00307602e+04 -6.33175079e+00 
 2.02627366e+04  9.88353724e+00  2.02627366e+04 -6.40443966e+00 
 2.04973996e+04  9.88222178e+00  2.04973996e+04 -6.47794663e+00 
 2.07347801e+04  9.88087610e+00  2.07347801e+04 -6.55228035e+00 
 2.09749098e+04  9.87949953e+00  2.09749098e+04 -6.62744959e+00 
 2.12178204e+04  9.87809137e+00  2.12178204e+04 -6.70346316e+00 
 2.14635442e+04  9.87665091e+00  2.14635442e+04 -6.78032995e+00 
 2.17121137e+04  9.87517741e+00  2.17121137e+04 -6.85805893e+00 
 2.19635619e+04  9.87367013e+00  2.19635619e+04 -6.93665913e+00 
 2.22179221e+04  9.87212830e+00  2.22179221e+04 -7.01613967e+00 
 2.24752280e+04  9.87055116e+00  2.24752280e+04 -7.09650972e+00 
 2.27355138e+04  9.86893790e+00  2.27355138e+04 -7.17777853e+00 
 2.29988140e+04  9.86728771e+00  2.29988140e+04 -7.25995544e+00 
 2.32651635e+04  9.86559977e+00  2.32651635e+04 -7.34304984e+00 
 2.35345976e+04  9.86387322e+00  2.35345976e+04 -7.42707119e+00 
 2.38071520e+04  9.86210720e+00  2.38071520e+04 -7.51202904e+00 
 2.40828628e+04  9.86030082e+00  2.40828628e+04 -7.59793298e+00 
 2.43617666e+04  9.85845318e+00  2.43617666e+04 -7.68479270e+00 
 2.46439005e+04  9.85656336e+00  2.46439005e+04 -7.77261793e+00 
 2.49293017e+04  9.85463041e+00  2.49293017e+04 -7.86141850e+00 
 2.52180082e+04  9.85265337e+00  2.52180082e+04 -7.95120429e+00 
 2.55100581e+04  9.85063125e+00  2.55100581e+04 -8.04198524e+00 
 2.58054904e+04  9.84856306e+00  2.58054904e+04 -8.13377136e+00 
 2.61043440e+04  9.84644777e+00  2.61043440e+04 -8.22657274e+00 
 2.64066586e+04  9.84428432e+00  2.64066586e+04 -8.32039952e+00 
 2.67124744e+04  9.84207165e+00  2.67124744e+04 -8.41526190e+00 
 2.70218318e+04  9.83980867e+00  2.70218318e+04 -8.51117016e+00 
 2.73347718e+04  9.83749426e+00  2.73347718e+04 -8.60813463e+00 
 2.76513361e+04  9.83512727e+00  2.76513361e+04 -8.70616569e+00 
 2.79715664e+04  9.83270656e+00  2.79715664e+04 -8.80527379e+00 
 2.82955054e+04  9.83023093e+00  2.82955054e+04 -8.90546945e+00 
 2.86231959e+04  9.82769917e+00  2.86231959e+04 -9.00676323e+00 
 2.89546814e+04  9.82511004e+00  2.89546814e+04 -9.10916574e+00 
 2.92900058e+04  9.82246229e+00  2.92900058e+04 -9.21268767e+00 
 2.96292136e+04  9.81975461e+00  2.96292136e+04 -9.31733973e+00 
 2.99723498e+04  9.81698571e+00  2.99723498e+04 -9.42313270e+00 
 3.03194599e+04  9.81415423e+00  3.03194599e+04 -9.53007740e+00 
 3.06705898e+04  9.81125880e+00  3.06705898e+04 -9.63818470e+00 
 3.10257862e+04  9.80829803e+00  3.10257862e+04 -9.74746553e+00 
 3.13850961e+04  9.80527050e+00  3.13850961e+04 -9.85793083e+00 
 3.17485672e+04  9.80217474e+00  3.17485672e+04 -9.96959160e+00 
 3.21162476e+04  9.79900928e+00  3.21162476e+04 -1.00824589e+01 
 3.24881861e+04  9.79577260e+00  3.24881861e+04 -1.01965438e+01 
 3.28644321e+04  9.79246315e+00  3.28644321e+04 -1.03118573e+01 
 3.32450354e+04  9.78907937e+00  3.32450354e+04 -1.04284107e+01 
 3.36300464e+04  9.78561964e+00  3.36300464e+04 -1.05462151e+01 
 3.40195163e+04  9.78208232e+00  3.40195163e+04 -1.06652817e+01 
 3.44134966e+04  9.77846575e+00  3.44134966e+04 -1.07856217e+01 
 3.48120396e+04  9.77476822e+00  3.48120396e+04 -1.09072463e+01 
 3.52151982e+04  9.77098799e+00  3.52151982e+04 -1.10301669e+01 
 3.56230257e+04  9.76712330e+00  3.56230257e+04 -1.11543946e+01 
 3.60355763e+04  9.76317234e+00  3.60355763e+04 -1.12799408e+01 
 3.64529046e+04  9.75913327e+00  3.64529046e+04 -1.14068167e+01 
 3.68750660e+04  9.75500422e+00  3.68750660e+04 -1.15350336e+01 
 3.73021165e+04  9.75078326e+00  3.73021165e+04 -1.16646028e+01 
 3.77341126e+04  9.74646846e+00  3.77341126e+04 -1.17955357e+01 
 3.81711117e+04  9.74205784e+00  3.81711117e+04 -1.19278434e+01 
 3.86131717e+04  9.73754936e+00  3.86131717e+04 -1.20615373e+01 
 3.90603512e+04  9.73294097e+00  3.90603512e+04 -1.21966285e+01 
 3.95127095e+04  9.72823058e+00  3.95127095e+04 -1.23331284e+01 
 3.99703065e+04  9.72341604e+00  3.99703065e+04 -1.24710482e+01 
 4.04332030e+04  9.71849518e+00  4.04332030e+04 -1.26103989e+01 
 4.09014603e+04  9.71346578e+00  4.09014603e+04 -1.27511918e+01 
 4.13751404e+04  9.70832560e+00  4.13751404e+04 -1.28934380e+01 
 4.18543063e+04  9.70307232e+00  4.18543063e+04 -1.30371485e+01 
 4.23390214e+04  9.69770361e+00  4.23390214e+04 -1.31823343e+01 
 4.28293500e+04  9.69221710e+00  4.28293500e+04 -1.33290063e+01 
 4.33253571e+04  9.68661036e+00  4.33253571e+04 -1.34771755e+01 
 4.38271084e+04  9.68088093e+00  4.38271084e+04 -1.36268527e+01 
 4.43346705e+04  9.67502629e+00  4.43346705e+04 -1.37780487e+01 
 4.48481108e+04  9.66904390e+00  4.48481108e+04 -1.39307740e+01 
 4.53674971e+04  9.66293117e+00  4.53674971e+04 -1.40850393e+01 
 4.58928985e+04  9.65668545e+00  4.58928985e+04 -1.42408551e+01 
 4.64243846e+04  9.65030406e+00  4.64243846e+04 -1.43982317e+01 
 4.69620258e+04  9.64378428e+00  4.69620258e+04 -1.45571795e+01 
 4.75058934e+04  9.63712333e+00  4.75058934e+04 -1.47177087e+01 
 4.80560596e+04  9.63031838e+00  4.80560596e+04 -1.48798292e+01 
 4.86125973e+04  9.62336659e+00  4.86125973e+04 -1.50435510e+01 
 4.91755802e+04  9.61626503e+00  4.91755802e+04 -1.52088839e+01 
 4.97450830e+04  9.60901074e+00  4.97450830e+04 -1.53758376e+01 
 5.03211813e+04  9.60160073e+00  5.03211813e+04 -1.55444215e+01 
 5.09039513e+04  9.59403194e+00  5.09039513e+04 -1.57146450e+01 
 5.14934704e+04  9.58630127e+00  5.14934704e+04 -1.58865172e+01 
 5.20898168e+04  9.57840558e+00  5.20898168e+04 -1.60600471e+01 
 5.26930694e+04  9.57034168e+00  5.26930694e+04 -1.62352436e+01 
 5.33033083e+04  9.56210632e+00  5.33033083e+04 -1.64121152e+01 
 5.39206144e+04  9.55369621e+00  5.39206144e+04 -1.65906704e+01 
 5.45450695e+04  9.54510803e+00  5.45450695e+04 -1.67709174e+01 
 5.51767564e+04  9.53633838e+00  5.51767564e+04 -1.69528640e+01 
 5.58157589e+04  9.52738384e+00  5.58157589e+04 -1.71365182e+01 
 5.64621617e+04  9.51824093e+00  5.64621617e+04 -1.73218872e+01 
 5.71160505e+04  9.50890611e+00  5.71160505e+04 -1.75089785e+01 
 5.77775120e+04  9.49937582e+00  5.77775120e+04 -1.76977990e+01 
 5.84466339e+04  9.48964644e+00  5.84466339e+04 -1.78883554e+01 
 5.91235049e+04  9.47971429e+00  5.91235049e+04 -1.80806541e+01 
 5.98082147e+04  9.46957566e+00  5.98082147e+04 -1.82747012e+01 
 6.05008542e+04  9.45922679e+00  6.05008542e+04 -1.84705026e+01 
 6.12015151e+04  9.44866387e+00  6.12015151e+04 -1.86680639e+01 
 6.19102904e+04  9.43788305e+00  6.19102904e+04 -1.88673901e+01 
 6.26272740e+04  9.42688043e+00  6.26272740e+04 -1.90684861e+01 
 6.33525610e+04  9.41565206e+00  6.33525610e+04 -1.92713564e+01 
 6.40862476e+04  9.40419395e+00  6.40862476e+04 -1.94760052e+01 
 6.48284310e+04  9.39250208e+00  6.48284310e+04 -1.96824362e+01 
 6.55792097e+04  9.38057237e+00  6.55792097e+04 -1.98906528e+01 
 6.63386831e+04  9.36840070e+00  6.63386831e+04 -2.01006580e+01 
 6.71069519e+04  9.35598291e+00  6.71069519e+04 -2.03124543e+01 
 6.78841182e+04  9.34331480e+00  6.78841182e+04 -2.05260439e+01 
 6.86702847e+04  9.33039213e+00  6.86702847e+04 -2.07414284e+01 
 6.94655559e+04  9.31721062e+00  6.94655559e+04 -2.09586093e+01 
 7.02700371e+04  9.30376596e+00  7.02700371e+04 -2.11775872e+01 
 7.10838351e+04  9.29005379e+00  7.10838351e+04 -2.13983625e+01 
 7.19070576e+04  9.27606972e+00  7.19070576e+04 -2.16209352e+01 
 7.27398139e+04  9.26180934e+00  7.27398139e+04 -2.18453045e+01 
 7.35822143e+04  9.24726817e+00  7.35822143e+04 -2.20714693e+01 
 7.44343706e+04  9.23244174e+00  7.44343706e+04 -2.22994279e+01 
 7.52963957e+04  9.21732553e+00  7.52963957e+04 -2.25291782e+01 
 7.61684039e+04  9.20191498e+00  7.61684039e+04 -2.27607175e+01 
 7.70505109e+04  9.18620553e+00  7.70505109e+04 -2.29940424e+01 
 7.79428335e+04  9.17019258e+00  7.79428335e+04 -2.32291492e+01 
 7.88454902e+04  9.15387149e+00  7.88454902e+04 -2.34660333e+01 
 7.97586005e+04  9.13723764e+00  7.97586005e+04 -2.37046897e+01 
 8.06822855e+04  9.12028634e+00  8.06822855e+04 -2.39451129e+01 
 8.16166678e+04  9.10301292e+00  8.16166678e+04 -2.41872966e+01 
 8.25618712e+04  9.08541269e+00  8.25618712e+04 -2.44312340e+01 
 8.35180209e+04  9.06748092e+00  8.35180209e+04 -2.46769175e+01 
 8.44852439e+04  9.04921289e+00  8.44852439e+04 -2.49243391e+01 
 8.54636682e+04  9.03060388e+00  8.54636682e+04 -2.51734899e+01 
 8.64534237e+04  9.01164914e+00  8.64534237e+04 -2.54243605e+01 
 8.74546416e+04  8.99234392e+00  8.74546416e+04 -2.56769409e+01 
 8.84674546e+04  8.97268349e+00  8.84674546e+04 -2.59312201e+01 
 8.94919970e+04  8.95266310e+00  8.94919970e+04 -2.61871866e+01 
 9.05284046e+04  8.93227800e+00  9.05284046e+04 -2.64448284e+01 
 9.15768148e+04  8.91152348e+00  9.15768148e+04 -2.67041324e+01 
 9.26373667e+04  8.89039479e+00  9.26373667e+04 -2.69650851e+01 
 9.37102009e+04  8.86888722e+00  9.37102009e+04 -2.72276721e+01 
 9.47954596e+04  8.84699609e+00  9.47954596e+04 -2.74918783e+01 
 9.58932866e+04  8.82471672e+00  9.58932866e+04 -2.77576879e+01 
 9.70038276e+04  8.80204443e+00  9.70038276e+04 -2.80250845e+01 
 9.81272298e+04  8.77897462e+00  9.81272298e+04 -2.82940506e+01 
 9.92636421e+04  8.75550266e+00  9.92636421e+04 -2.85645682e+01 
 1.00413215e+05  8.73162400e+00  1.00413215e+05 -2.88366186e+01 
 1.01576102e+05  8.70733409e+00  1.01576102e+05 -2.91101822e+01 
 1.02752455e+05  8.68262843e+00  1.02752455e+05 -2.93852386e+01 
 1.03942432e+05  8.65750257e+00  1.03942432e+05 -2.96617668e+01 
 1.05146191e+05  8.63195209e+00  1.05146191e+05 -2.99397450e+01 
 1.06363890e+05  8.60597264e+00  1.06363890e+05 -3.02191506e+01 
 1.07595691e+05  8.57955991e+00  1.07595691e+05 -3.04999601e+01 
 1.08841757e+05  8.55270964e+00  1.08841757e+05 -3.07821495e+01 
 1.10102255e+05  8.52541764e+00  1.10102255e+05 -3.10656939e+01 
 1.11377350e+05  8.49767979e+00  1.11377350e+05 -3.13505677e+01 
 1.12667212e+05  8.46949202e+00  1.12667212e+05 -3.16367444e+01 
 1.13972012e+05  8.44085035e+00  1.13972012e+05 -3.19241970e+01 
 1.15291923e+05  8.41175086e+00  1.15291923e+05 -3.22128977e+01 
 1.16627120e+05  8.38218972e+00  1.16627120e+05 -3.25028177e+01 
 1.17977779e+05  8.35216317e+00  1.17977779e+05 -3.27939277e+01 
 1.19344081e+05  8.32166757e+00  1.19344081e+05 -3.30861978e+01 
 1.20726206e+05  8.29069932e+00  1.20726206e+05 -3.33795972e+01 
 1.22124337e+05  8.25925497e+00  1.22124337e+05 -3.36740943e+01 
 1.23538660e+05  8.22733111e+00  1.23538660e+05 -3.39696571e+01 
 1.24969363e+05  8.19492449e+00  1.24969363e+05 -3.42662528e+01 
 1.26416634e+05  8.16203193e+00  1.26416634e+05 -3.45638478e+01 
 1.27880666e+05  8.12865037e+00  1.27880666e+05 -3.48624081e+01 
 1.29361653e+05  8.09477686e+00  1.29361653e+05 -3.51618989e+01 
 1.30859792e+05  8.06040858e+00  1.30859792e+05 -3.54622848e+01 
 1.32375280e+05  8.02554281e+00  1.32375280e+05 -3.57635298e+01 
 1.33908319e+05  7.99017696e+00  1.33908319e+05 -3.60655973e+01 
 1.35459113e+05  7.95430859e+00  1.35459113e+05 -3.63684503e+01 
 1.37027866e+05  7.91793537e+00  1.37027866e+05 -3.66720510e+01 
 1.38614787e+05  7.88105509e+00  1.38614787e+05 -3.69763612e+01 
 1.40220086e+05  7.84366573e+00  1.40220086e+05 -3.72813423e+01 
 1.41843976e+05  7.80576534e+00  1.41843976e+05 -3.75869550e+01 
 1.43486672e+05  7.76735218e+00  1.43486672e+05 -3.78931597e+01 
 1.45148393e+05  7.72842462e+00  1.45148393e+05 -3.81999162e+01 
 1.46829358e+05  7.68898119e+00  1.46829358e+05 -3.85071842e+01 
 1.48529790e+05  7.64902056e+00  1.48529790e+05 -3.88149227e+01 
 1.50249915e+05  7.60854157e+00  1.50249915e+05 -3.91230904e+01 
 1.51989960e+05  7.56754322e+00  1.51989960e+05 -3.94316457e+01 
 1.53750157e+05  7.52602466e+00  1.53750157e+05 -3.97405469e+01 
 1.55530739e+05  7.48398520e+00  1.55530739e+05 -4.00497516e+01 
 1.57331942e+05  7.44142433e+00  1.57331942e+05 -4.03592175e+01 
 1.59154005e+05  7.39834169e+00  1.59154005e+05 -4.06689019e+01 
 1.60997169e+05  7.35473710e+00  1.60997169e+05 -4.09787619e+01 
 1.62861678e+05  7.31061053e+00  1.62861678e+05 -4.12887546e+01 
 1.64747781e+05  7.26596215e+00  1.64747781e+05 -4.15988369e+01 
 1.66655726e+05  7.22079229e+00  1.66655726e+05 -4.19089653e+01 
 1.68585768e+05  7.17510144e+00  1.68585768e+05 -4.22190968e+01 
 1.70538161e+05  7.12889029e+00  1.70538161e+05 -4.25291878e+01 
 1.72513165e+05  7.08215969e+00  1.72513165e+05 -4.28391950e+01 
 1.74511042e+05  7.03491067e+00  1.74511042e+05 -4.31490752e+01 
 1.76532055e+05  6.98714443e+00  1.76532055e+05 -4.34587849e+01 
 1.78576475e+05  6.93886238e+00  1.78576475e+05 -4.37682810e+01 
 1.80644570e+05  6.89006607e+00  1.80644570e+05 -4.40775203e+01 
 1.82736617e+05  6.84075724e+00  1.82736617e+05 -4.43864601e+01 
 1.84852891e+05  6.79093782e+00  1.84852891e+05 -4.46950574e+01 
 1.86993674e+05  6.74060990e+00  1.86993674e+05 -4.50032699e+01 
 1.89159250e+05  6.68977577e+00  1.89159250e+05 -4.53110551e+01 
 1.91349905e+05  6.63843789e+00  1.91349905e+05 -4.56183712e+01 
 1.93565930e+05  6.58659887e+00  1.93565930e+05 -4.59251763e+01 
 1.95807618e+05  6.53426154e+00  1.95807618e+05 -4.62314292e+01 
 1.98075268e+05  6.48142888e+00  1.98075268e+05 -4.65370889e+01 
 2.00369179e+05  6.42810404e+00  2.00369179e+05 -4.68421148e+01 
 2.02689657e+05  6.37429036e+00  2.02689657e+05 -4.71464668e+01 
 2.05037007e+05  6.31999133e+00  2.05037007e+05 -4.74501052e+01 
 2.07411543e+05  6.26521063e+00  2.07411543e+05 -4.77529908e+01 
 2.09813578e+05  6.20995211e+00  2.09813578e+05 -4.80550851e+01 
 2.12243431e+05  6.15421976e+00  2.12243431e+05 -4.83563499e+01 
 2.14701424e+05  6.09801777e+00  2.14701424e+05 -4.86567478e+01 
 2.17187883e+05  6.04135046e+00  2.17187883e+05 -4.89562418e+01 
 2.19703138e+05  5.98422233e+00  2.19703138e+05 -4.92547957e+01 
 2.22247522e+05  5.92663804e+00  2.22247522e+05 -4.95523740e+01 
 2.24821372e+05  5.86860239e+00  2.24821372e+05 -4.98489417e+01 
 2.27425030e+05  5.81012035e+00  2.27425030e+05 -5.01444648e+01 
 2.30058842e+05  5.75119703e+00  2.30058842e+05 -5.04389097e+01 
 2.32723155e+05  5.69183770e+00  2.32723155e+05 -5.07322438e+01 
 2.35418324e+05  5.63204777e+00  2.35418324e+05 -5.10244354e+01 
 2.38144706e+05  5.57183279e+00  2.38144706e+05 -5.13154532e+01 
 2.40902662e+05  5.51119844e+00  2.40902662e+05 -5.16052673e+01 
 2.43692558e+05  5.45015057e+00  2.43692558e+05 -5.18938481e+01 
 2.46514763e+05  5.38869513e+00  2.46514763e+05 -5.21811673e+01 
 2.49369653e+05  5.32683822e+00  2.49369653e+05 -5.24671973e+01 
 2.52257605e+05  5.26458606e+00  2.52257605e+05 -5.27519114e+01 
 2.55179003e+05  5.20194500e+00  2.55179003e+05 -5.30352840e+01 
 2.58134233e+05  5.13892152e+00  2.58134233e+05 -5.33172904e+01 
 2.61123688e+05  5.07552219e+00  2.61123688e+05 -5.35979067e+01 
 2.64147764e+05  5.01175372e+00  2.64147764e+05 -5.38771103e+01 
 2.67206861e+05  4.94762293e+00  2.67206861e+05 -5.41548793e+01 
 2.70301386e+05  4.88313675e+00  2.70301386e+05 -5.44311931e+01 
 2.73431749e+05  4.81830219e+00  2.73431749e+05 -5.47060319e+01 
 2.76598365e+05  4.75312641e+00  2.76598365e+05 -5.49793771e+01 
 2.79801653e+05  4.68761661e+00  2.79801653e+05 -5.52512112e+01 
 2.83042038e+05  4.62178014e+00  2.83042038e+05 -5.55215176e+01 
 2.86319950e+05  4.55562440e+00  2.86319950e+05 -5.57902810e+01 
 2.89635824e+05  4.48915691e+00  2.89635824e+05 -5.60574870e+01 
 2.92990099e+05  4.42238526e+00  2.92990099e+05 -5.63231226e+01 
 2.96383220e+05  4.35531712e+00  2.96383220e+05 -5.65871755e+01 
 2.99815637e+05  4.28796023e+00  2.99815637e+05 -5.68496350e+01 
 3.03287805e+05  4.22032244e+00  3.03287805e+05 -5.71104912e+01 
 3.06800183e+05  4.15241164e+00  3.06800183e+05 -5.73697355e+01 
 3.10353239e+05  4.08423579e+00  3.10353239e+05 -5.76273605e+01 
 3.13947443e+05  4.01580293e+00  3.13947443e+05 -5.78833598e+01 
 3.17583271e+05  3.94712116e+00  3.17583271e+05 -5.81377284e+01 
 3.21261205e+05  3.87819862e+00  3.21261205e+05 -5.83904622e+01 
 3.24981734e+05  3.80904353e+00  3.24981734e+05 -5.86415587e+01 
 3.28745351e+05  3.73966415e+00  3.28745351e+05 -5.88910161e+01 
 3.32552554e+05  3.67006879e+00  3.32552554e+05 -5.91388342e+01 
 3.36403848e+05  3.60026581e+00  3.36403848e+05 -5.93850138e+01 
 3.40299744e+05  3.53026361e+00  3.40299744e+05 -5.96295570e+01 
 3.44240758e+05  3.46007063e+00  3.44240758e+05 -5.98724671e+01 
 3.48227413e+05  3.38969534e+00  3.48227413e+05 -6.01137486e+01 
 3.52260238e+05  3.31914626e+00  3.52260238e+05 -6.03534072e+01 
 3.56339767e+05  3.24843193e+00  3.56339767e+05 -6.05914499e+01 
 3.60466541e+05  3.17756092e+00  3.60466541e+05 -6.08278848e+01 
 3.64641107e+05  3.10654183e+00  3.64641107e+05 -6.10627214e+01 
 3.68864019e+05  3.03538327e+00  3.68864019e+05 -6.12959704e+01 
 3.73135837e+05  2.96409388e+00  3.73135837e+05 -6.15276437e+01 
 3.77457126e+05  2.89268230e+00  3.77457126e+05 -6.17577544e+01 
 3.81828460e+05  2.82115722e+00  3.81828460e+05 -6.19863169e+01 
 3.86250419e+05  2.74952729e+00  3.86250419e+05 -6.22133469e+01 
 3.90723589e+05  2.67780122e+00  3.90723589e+05 -6.24388613e+01 
 3.95248562e+05  2.60598768e+00  3.95248562e+05 -6.26628782e+01 
 3.99825939e+05  2.53409536e+00  3.99825939e+05 -6.28854171e+01 
 4.04456327e+05  2.46213297e+00  4.04456327e+05 -6.31064986e+01 
 4.09140339e+05  2.39010917e+00  4.09140339e+05 -6.33261446e+01 
 4.13878597e+05  2.31803267e+00  4.13878597e+05 -6.35443784e+01 
 4.18671729e+05  2.24591212e+00  4.18671729e+05 -6.37612244e+01 
 4.23520370e+05  2.17375618e+00  4.23520370e+05 -6.39767083e+01 
 4.28425163e+05  2.10157351e+00  4.28425163e+05 -6.41908572e+01 
 4.33386759e+05  2.02937273e+00  4.33386759e+05 -6.44036992e+01 
 4.38405814e+05  1.95716245e+00  4.38405814e+05 -6.46152639e+01 
 4.43482996e+05  1.88495125e+00  4.43482996e+05 -6.48255822e+01 
 4.48618977e+05  1.81274769e+00  4.48618977e+05 -6.50346860e+01 
 4.53814437e+05  1.74056031e+00  4.53814437e+05 -6.52426087e+01 
 4.59070066e+05  1.66839760e+00  4.59070066e+05 -6.54493849e+01 
 4.64386560e+05  1.59626803e+00  4.64386560e+05 -6.56550506e+01 
 4.69764625e+05  1.52418002e+00  4.69764625e+05 -6.58596428e+01 
 4.75204974e+05  1.45214198e+00  4.75204974e+05 -6.60632001e+01 
 4.80708327e+05  1.38016223e+00  4.80708327e+05 -6.62657621e+01 
 4.86275414e+05  1.30824909e+00  4.86275414e+05 -6.64673698e+01 
 4.91906974e+05  1.23641080e+00  4.91906974e+05 -6.66680655e+01 
 4.97603753e+05  1.16465557e+00  4.97603753e+05 -6.68678928e+01 
 5.03366507e+05  1.09299154e+00  5.03366507e+05 -6.70668963e+01 
 5.09195999e+05  1.02142681e+00  5.09195999e+05 -6.72651223e+01 
 5.15093002e+05  9.49969388e-01  5.15093002e+05 -6.74626181e+01 
 5.21058299e+05  8.78627254e-01  5.21058299e+05 -6.76594323e+01 
 5.27092679e+05  8.07408303e-01  5.27092679e+05 -6.78556148e+01 
 5.33196944e+05  7.36320363e-01  5.33196944e+05 -6.80512168e+01 
 5.39371903e+05  6.65371189e-01  5.39371903e+05 -6.82462907e+01 
 5.45618374e+05  5.94568462e-01  5.45618374e+05 -6.84408901e+01 
 5.51937185e+05  5.23919782e-01  5.51937185e+05 -6.86350702e+01 
 5.58329174e+05  4.53432667e-01  5.58329174e+05 -6.88288870e+01 
 5.64795189e+05  3.83114549e-01  5.64795189e+05 -6.90223980e+01 
 5.71336088e+05  3.12972771e-01  5.71336088e+05 -6.92156620e+01 
 5.77952736e+05  2.43014585e-01  5.77952736e+05 -6.94087388e+01 
 5.84646012e+05  1.73247147e-01  5.84646012e+05 -6.96016897e+01 
 5.91416802e+05  1.03677511e-01  5.91416802e+05 -6.97945771e+01 
 5.98266006e+05  3.43126338e-02  5.98266006e+05 -6.99874647e+01 
 6.05194529e+05 -3.48406373e-02  6.05194529e+05 -7.01804172e+01 
 6.12203293e+05 -1.03775563e-01  6.12203293e+05 -7.03735008e+01 
 6.19293224e+05 -1.72485515e-01  6.19293224e+05 -7.05667829e+01 
 6.26465265e+05 -2.40963984e-01  6.26465265e+05 -7.07603317e+01 
 6.33720365e+05 -3.09204577e-01  6.33720365e+05 -7.09542171e+01 
 6.41059486e+05 -3.77201025e-01  6.41059486e+05 -7.11485098e+01 
 6.48483601e+05 -4.44947186e-01  6.48483601e+05 -7.13432818e+01 
 6.55993696e+05 -5.12437046e-01  6.55993696e+05 -7.15386064e+01 
 6.63590765e+05 -5.79664725e-01  6.63590765e+05 -7.17345578e+01 
 6.71275815e+05 -6.46624478e-01  6.71275815e+05 -7.19312114e+01 
 6.79049866e+05 -7.13310703e-01  6.79049866e+05 -7.21286437e+01 
 6.86913949e+05 -7.79717936e-01  6.86913949e+05 -7.23269325e+01 
 6.94869105e+05 -8.45840864e-01  6.94869105e+05 -7.25261564e+01 
 7.02916391e+05 -9.11674321e-01  7.02916391e+05 -7.27263953e+01 
 7.11056872e+05 -9.77213294e-01  7.11056872e+05 -7.29277300e+01 
 7.19291628e+05 -1.04245293e+00  7.19291628e+05 -7.31302423e+01 
 7.27621750e+05 -1.10738852e+00  7.27621750e+05 -7.33340153e+01 
 7.36048344e+05 -1.17201555e+00  7.36048344e+05 -7.35391327e+01 
 7.44572527e+05 -1.23632963e+00  7.44572527e+05 -7.37456796e+01 
 7.53195428e+05 -1.30032657e+00  7.53195428e+05 -7.39537417e+01 
 7.61918191e+05 -1.36400234e+00  7.61918191e+05 -7.41634059e+01 
 7.70741972e+05 -1.42735307e+00  7.70741972e+05 -7.43747598e+01 
 7.79667942e+05 -1.49037509e+00  7.79667942e+05 -7.45878921e+01 
 7.88697283e+05 -1.55306491e+00  7.88697283e+05 -7.48028921e+01 
 7.97831193e+05 -1.61541919e+00  7.97831193e+05 -7.50198504e+01 
 8.07070883e+05 -1.67743481e+00  8.07070883e+05 -7.52388579e+01 
 8.16417578e+05 -1.73910881e+00  8.16417578e+05 -7.54600066e+01 
 8.25872518e+05 -1.80043844e+00  8.25872518e+05 -7.56833892e+01 
 8.35436955e+05 -1.86142113e+00  8.35436955e+05 -7.59090993e+01 
 8.45112157e+05 -1.92205449e+00  8.45112157e+05 -7.61372308e+01 
 8.54899409e+05 -1.98233635e+00  8.54899409e+05 -7.63678789e+01 
 8.64800006e+05 -2.04226472e+00  8.64800006e+05 -7.66011388e+01 
 8.74815263e+05 -2.10183781e+00  8.74815263e+05 -7.68371069e+01 
 8.84946506e+05 -2.16105403e+00  8.84946506e+05 -7.70758799e+01 
 8.95195080e+05 -2.21991199e+00  8.95195080e+05 -7.73175550e+01 
 9.05562342e+05 -2.27841050e+00  9.05562342e+05 -7.75622303e+01 
 9.16049667e+05 -2.33654858e+00  9.16049667e+05 -7.78100041e+01 
 9.26658447e+05 -2.39432544e+00  9.26658447e+05 -7.80609752e+01 
 9.37390086e+05 -2.45174049e+00  9.37390086e+05 -7.83152431e+01 
 9.48246009e+05 -2.50879337e+00  9.48246009e+05 -7.85729074e+01 
 9.59227655e+05 -2.56548389e+00  9.59227655e+05 -7.88340684e+01 
 9.70336479e+05 -2.62181210e+00  9.70336479e+05 -7.90988266e+01 
 9.81573954e+05 -2.67777822e+00  9.81573954e+05 -7.93672828e+01 
 9.92941571e+05 -2.73338270e+00  9.92941571e+05 -7.96395381e+01 
 1.00444084e+06 -2.78862617e+00  1.00444084e+06 -7.99156940e+01 
 1.01607327e+06 -2.84350949e+00  1.01607327e+06 -8.01958523e+01 
 1.02784043e+06 -2.89803369e+00  1.02784043e+06 -8.04801146e+01 
 1.03974386e+06 -2.95220003e+00  1.03974386e+06 -8.07685832e+01 
 1.05178514e+06 -3.00600995e+00  1.05178514e+06 -8.10613603e+01 
 1.06396587e+06 -3.05946510e+00  1.06396587e+06 -8.13585481e+01 
 1.07628767e+06 -3.11256733e+00  1.07628767e+06 -8.16602491e+01 
 1.08875217e+06 -3.16531866e+00  1.08875217e+06 -8.19665660e+01 
 1.10136102e+06 -3.21772134e+00  1.10136102e+06 -8.22776011e+01 
 1.11411589e+06 -3.26977779e+00  1.11411589e+06 -8.25934572e+01 
 1.12701847e+06 -3.32149062e+00  1.12701847e+06 -8.29142367e+01 
 1.14007049e+06 -3.37286263e+00  1.14007049e+06 -8.32400423e+01 
 1.15327365e+06 -3.42389681e+00  1.15327365e+06 -8.35709765e+01 
 1.16662972e+06 -3.47459633e+00  1.16662972e+06 -8.39071417e+01 
 1.18014047e+06 -3.52496454e+00  1.18014047e+06 -8.42486403e+01 
 1.19380769e+06 -3.57500497e+00  1.19380769e+06 -8.45955746e+01 
 1.20763319e+06 -3.62472133e+00  1.20763319e+06 -8.49480465e+01 
 1.22161880e+06 -3.67411748e+00  1.22161880e+06 -8.53061583e+01 
 1.23576638e+06 -3.72319748e+00  1.23576638e+06 -8.56700116e+01 
 1.25007780e+06 -3.77196553e+00  1.25007780e+06 -8.60397082e+01 
 1.26455496e+06 -3.82042603e+00  1.26455496e+06 -8.64153496e+01 
 1.27919978e+06 -3.86858350e+00  1.27919978e+06 -8.67970370e+01 
 1.29401421e+06 -3.91644264e+00  1.29401421e+06 -8.71848717e+01 
 1.30900020e+06 -3.96400831e+00  1.30900020e+06 -8.75789546e+01 
 1.32415974e+06 -4.01128552e+00  1.32415974e+06 -8.79793864e+01 
 1.33949485e+06 -4.05827941e+00  1.33949485e+06 -8.83862677e+01 
 1.35500755e+06 -4.10499530e+00  1.35500755e+06 -8.87996989e+01 
 1.37069990e+06 -4.15143865e+00  1.37069990e+06 -8.92197800e+01 
 1.38657399e+06 -4.19761504e+00  1.38657399e+06 -8.96466112e+01 
 1.40263192e+06 -4.24353021e+00  1.40263192e+06 -9.00802922e+01 
 1.41887581e+06 -4.28919004e+00  1.41887581e+06 -9.05209227e+01 
 1.43530782e+06 -4.33460056e+00  1.43530782e+06 -9.09686022e+01 
 1.45193013e+06 -4.37976791e+00  1.45193013e+06 -9.14234300e+01 
 1.46874495e+06 -4.42469838e+00  1.46874495e+06 -9.18855055e+01 
 1.48575450e+06 -4.46939841e+00  1.48575450e+06 -9.23549279e+01 
 1.50296103e+06 -4.51387456e+00  1.50296103e+06 -9.28317961e+01 
 1.52036684e+06 -4.55813354e+00  1.52036684e+06 -9.33162094e+01 
 1.53797422e+06 -4.60218217e+00  1.53797422e+06 -9.38082667e+01 
 1.55578551e+06 -4.64602746e+00  1.55578551e+06 -9.43080671e+01 
 1.57380308e+06 -4.68967652e+00  1.57380308e+06 -9.48157098e+01 
 1.59202931e+06 -4.73313662e+00  1.59202931e+06 -9.53312939e+01 
 1.61046661e+06 -4.77641518e+00  1.61046661e+06 -9.58549188e+01 
 1.62911744e+06 -4.81951977e+00  1.62911744e+06 -9.63866839e+01 
 1.64798426e+06 -4.86245813e+00  1.64798426e+06 -9.69266891e+01 
 1.66706959e+06 -4.90523815e+00  1.66706959e+06 -9.74750341e+01 
 1.68637593e+06 -4.94786790e+00  1.68637593e+06 -9.80318194e+01 
 1.70590587e+06 -4.99035565e+00  1.70590587e+06 -9.85971454e+01 
 1.72566198e+06 -5.03270983e+00  1.72566198e+06 -9.91711132e+01 
 1.74564689e+06 -5.07493909e+00  1.74564689e+06 -9.97538241e+01 
 1.76586324e+06 -5.11705231e+00  1.76586324e+06 -1.00345380e+02 
 1.78631372e+06 -5.15905856e+00  1.78631372e+06 -1.00945884e+02 
 1.80700103e+06 -5.20096718e+00  1.80700103e+06 -1.01555438e+02 
 1.82792793e+06 -5.24278779e+00  1.82792793e+06 -1.02174146e+02 
 1.84909717e+06 -5.28453024e+00  1.84909717e+06 -1.02802112e+02 
 1.87051159e+06 -5.32620473e+00  1.87051159e+06 -1.03439442e+02 
 1.89217400e+06 -5.36782176e+00  1.89217400e+06 -1.04086241e+02 
 1.91408728e+06 -5.40939217e+00  1.91408728e+06 -1.04742616e+02 
 1.93625434e+06 -5.45092720e+00  1.93625434e+06 -1.05408674e+02 
 1.95867812e+06 -5.49243846e+00  1.95867812e+06 -1.06084523e+02 
 1.98136159e+06 -5.53393803e+00  1.98136159e+06 -1.06770272e+02 
 2.00430776e+06 -5.57543842e+00  2.00430776e+06 -1.07466030e+02 
 2.02751966e+06 -5.61695267e+00  2.02751966e+06 -1.08171910e+02 
 2.05100039e+06 -5.65849436e+00  2.05100039e+06 -1.08888021e+02 
 2.07475304e+06 -5.70007762e+00  2.07475304e+06 -1.09614476e+02 
 2.09878077e+06 -5.74171725e+00  2.09878077e+06 -1.10351389e+02 
 2.12308677e+06 -5.78342868e+00  2.12308677e+06 -1.11098872e+02 
 2.14767426e+06 -5.82522810e+00  2.14767426e+06 -1.11857039e+02 
 2.17254649e+06 -5.86713242e+00  2.17254649e+06 -1.12626006e+02 
 2.19770677e+06 -5.90915941e+00  2.19770677e+06 -1.13405887e+02 
 2.22315843e+06 -5.95132770e+00  2.22315843e+06 -1.14196796e+02 
 2.24890485e+06 -5.99365686e+00  2.24890485e+06 -1.14998849e+02 
 2.27494944e+06 -6.03616746e+00  2.27494944e+06 -1.15812160e+02 
 2.30129565e+06 -6.07888111e+00  2.30129565e+06 -1.16636844e+02 
 2.32794697e+06 -6.12182055e+00  2.32794697e+06 -1.17473012e+02 
 2.35490695e+06 -6.16500969e+00  2.35490695e+06 -1.18320776e+02 
 2.38217915e+06 -6.20847369e+00  2.38217915e+06 -1.19180248e+02 
 2.40976718e+06 -6.25223902e+00  2.40976718e+06 -1.20051533e+02 
 2.43767472e+06 -6.29633351e+00  2.43767472e+06 -1.20934737e+02 
 2.46590545e+06 -6.34078643e+00  2.46590545e+06 -1.21829963e+02 
 2.49446313e+06 -6.38562854e+00  2.49446313e+06 -1.22737307e+02 
 2.52335153e+06 -6.43089213e+00  2.52335153e+06 -1.23656863e+02 
 2.55257448e+06 -6.47661111e+00  2.55257448e+06 -1.24588718e+02 
 2.58213587e+06 -6.52282101e+00  2.58213587e+06 -1.25532954e+02 
 2.61203961e+06 -6.56955904e+00  2.61203961e+06 -1.26489645e+02 
 2.64228966e+06 -6.61686413e+00  2.64228966e+06 -1.27458857e+02 
 2.67289004e+06 -6.66477693e+00  2.67289004e+06 -1.28440646e+02 
 2.70384481e+06 -6.71333984e+00  2.70384481e+06 -1.29435059e+02 
 2.73515806e+06 -6.76259697e+00  2.73515806e+06 -1.30442131e+02 
 2.76683395e+06 -6.81259415e+00  2.76683395e+06 -1.31461883e+02 
 2.79887667e+06 -6.86337888e+00  2.79887667e+06 -1.32494322e+02 
 2.83129049e+06 -6.91500029e+00  2.83129049e+06 -1.33539442e+02 
 2.86407969e+06 -6.96750902e+00  2.86407969e+06 -1.34597216e+02 
 2.89724862e+06 -7.02095717e+00  2.89724862e+06 -1.35667602e+02 
 2.93080168e+06 -7.07539814e+00  2.93080168e+06 -1.36750537e+02 
 2.96474332e+06 -7.13088648e+00  2.96474332e+06 -1.37845935e+02 
 2.99907804e+06 -7.18747775e+00  2.99907804e+06 -1.38953690e+02 
 3.03381039e+06 -7.24522823e+00  3.03381039e+06 -1.40073671e+02 
 3.06894498e+06 -7.30419479e+00  3.06894498e+06 -1.41205721e+02 
 3.10448646e+06 -7.36443453e+00  3.10448646e+06 -1.42349658e+02 
 3.14043954e+06 -7.42600452e+00  3.14043954e+06 -1.43505270e+02 
 3.17680900e+06 -7.48896151e+00  3.17680900e+06 -1.44672319e+02 
 3.21359965e+06 -7.55336150e+00  3.21359965e+06 -1.45850537e+02 
 3.25081638e+06 -7.61925943e+00  3.25081638e+06 -1.47039626e+02 
 3.28846411e+06 -7.68670875e+00  3.28846411e+06 -1.48239257e+02 
 3.32654785e+06 -7.75576103e+00  3.32654785e+06 -1.49449074e+02 
 3.36507263e+06 -7.82646548e+00  3.36507263e+06 -1.50668689e+02 
 3.40404356e+06 -7.89886856e+00  3.40404356e+06 -1.51897685e+02 
 3.44346582e+06 -7.97301350e+00  3.44346582e+06 -1.53135617e+02 
 3.48334463e+06 -8.04893992e+00  3.48334463e+06 -1.54382016e+02 
 3.52368527e+06 -8.12668332e+00  3.52368527e+06 -1.55636383e+02 
 3.56449310e+06 -8.20627476e+00  3.56449310e+06 -1.56898201e+02 
 3.60577353e+06 -8.28774040e+00  3.60577353e+06 -1.58166929e+02 
 3.64753203e+06 -8.37110121e+00  3.64753203e+06 -1.59442010e+02 
 3.68977413e+06 -8.45637265e+00  3.68977413e+06 -1.60722870e+02 
 3.73250543e+06 -8.54356438e+00  3.73250543e+06 -1.62008926e+02 
 3.77573161e+06 -8.63268013e+00  3.77573161e+06 -1.63299586e+02 
 3.81945839e+06 -8.72371747e+00  3.81945839e+06 -1.64594252e+02 
 3.86369158e+06 -8.81666780e+00  3.86369158e+06 -1.65892329e+02 
 3.90843702e+06 -8.91151633e+00  3.90843702e+06 -1.67193222e+02 
 3.95370067e+06 -9.00824212e+00  3.95370067e+06 -1.68496347e+02 
 3.99948851e+06 -9.10681824e+00  3.99948851e+06 -1.69801129e+02 
 4.04580662e+06 -9.20721194e+00  4.04580662e+06 -1.71107009e+02 
 4.09266114e+06 -9.30938497e+00  4.09266114e+06 -1.72413448e+02 
 4.14005829e+06 -9.41329386e+00  4.14005829e+06 -1.73719927e+02 
 4.18800434e+06 -9.51889034e+00  4.18800434e+06 -1.75025956e+02 
 4.23650566e+06 -9.62612177e+00  4.23650566e+06 -1.76331071e+02 
 4.28556866e+06 -9.73493166e+00  4.28556866e+06 -1.77634838e+02 
 4.33519987e+06 -9.84526011e+00  4.33519987e+06 -1.78936859e+02 
 4.38540586e+06 -9.95704443e+00  4.38540586e+06  1.79763232e+02 
 4.43619329e+06 -1.00702197e+01  4.43619329e+06  1.78465765e+02 
 4.48756888e+06 -1.01847191e+01  4.48756888e+06  1.77171034e+02 
 4.53953946e+06 -1.03004751e+01  4.53953946e+06  1.75879295e+02 
 4.59211190e+06 -1.04174192e+01  4.59211190e+06  1.74590768e+02 
 4.64529319e+06 -1.05354830e+01  4.64529319e+06  1.73305639e+02 
 4.69909037e+06 -1.06545987e+01  4.69909037e+06  1.72024056e+02 
 4.75351058e+06 -1.07746992e+01  4.75351058e+06  1.70746136e+02 
 4.80856103e+06 -1.08957190e+01  4.80856103e+06  1.69471961e+02 
 4.86424902e+06 -1.10175943e+01  4.86424902e+06  1.68201585e+02 
 4.92058193e+06 -1.11402635e+01  4.92058193e+06  1.66935032e+02 
 4.97756723e+06 -1.12636675e+01  4.97756723e+06  1.65672300e+02 
 5.03521248e+06 -1.13877498e+01  5.03521248e+06  1.64413364e+02 
 5.09352532e+06 -1.15124570e+01  5.09352532e+06  1.63158176e+02 
 5.15251348e+06 -1.16377385e+01  5.15251348e+06  1.61906670e+02 
 5.21218479e+06 -1.17635475e+01  5.21218479e+06  1.60658762e+02 
 5.27254715e+06 -1.18898399e+01  5.27254715e+06  1.59414354e+02 
 5.33360856e+06 -1.20165754e+01  5.33360856e+06  1.58173337e+02 
 5.39537713e+06 -1.21437170e+01  5.39537713e+06  1.56935591e+02 
 5.45786104e+06 -1.22712308e+01  5.45786104e+06  1.55700988e+02 
 5.52106858e+06 -1.23990866e+01  5.52106858e+06  1.54469395e+02 
 5.58500812e+06 -1.25272571e+01  5.58500812e+06  1.53240676e+02 
 5.64968815e+06 -1.26557182e+01  5.64968815e+06  1.52014691e+02 
 5.71511724e+06 -1.27844489e+01  5.71511724e+06  1.50791302e+02 
 5.78130406e+06 -1.29134308e+01  5.78130406e+06  1.49570369e+02 
 5.84825740e+06 -1.30426485e+01  5.84825740e+06  1.48351756e+02 
 5.91598612e+06 -1.31720890e+01  5.91598612e+06  1.47135331e+02 
 5.98449920e+06 -1.33017417e+01  5.98449920e+06  1.45920965e+02 
 6.05380574e+06 -1.34315981e+01  6.05380574e+06  1.44708535e+02 
 6.12391492e+06 -1.35616518e+01  6.12391492e+06  1.43497922e+02 
 6.19483603e+06 -1.36918985e+01  6.19483603e+06  1.42289016e+02 
 6.26657849e+06 -1.38223353e+01  6.26657849e+06  1.41081712e+02 
 6.33915179e+06 -1.39529608e+01  6.33915179e+06  1.39875912e+02 
 6.41256556e+06 -1.40837753e+01  6.41256556e+06  1.38671527e+02 
 6.48682954e+06 -1.42147800e+01  6.48682954e+06  1.37468474e+02 
 6.56195357e+06 -1.43459773e+01  6.56195357e+06  1.36266678e+02 
 6.63794761e+06 -1.44773706e+01  6.63794761e+06  1.35066071e+02 
 6.71482174e+06 -1.46089639e+01  6.71482174e+06  1.33866593e+02 
 6.79258615e+06 -1.47407621e+01  6.79258615e+06  1.32668190e+02 
 6.87125115e+06 -1.48727704e+01  6.87125115e+06  1.31470816e+02 
 6.95082717e+06 -1.50049947e+01  6.95082717e+06  1.30274432e+02 
 7.03132476e+06 -1.51374412e+01  7.03132476e+06  1.29079005e+02 
 7.11275460e+06 -1.52701161e+01  7.11275460e+06  1.27884507e+02 
 7.19512747e+06 -1.54030261e+01  7.19512747e+06  1.26690916e+02 
 7.27845431e+06 -1.55361778e+01  7.27845431e+06  1.25498216e+02 
 7.36274615e+06 -1.56695780e+01  7.36274615e+06  1.24306397e+02 
 7.44801418e+06 -1.58032334e+01  7.44801418e+06  1.23115451e+02 
 7.53426970e+06 -1.59371504e+01  7.53426970e+06  1.21925376e+02 
 7.62152414e+06 -1.60713356e+01  7.62152414e+06  1.20736173e+02 
 7.70978908e+06 -1.62057952e+01  7.70978908e+06  1.19547846e+02 
 7.79907622e+06 -1.63405354e+01  7.79907622e+06  1.18360402e+02 
 7.88939739e+06 -1.64755620e+01  7.88939739e+06  1.17173853e+02 
 7.98076457e+06 -1.66108805e+01  7.98076457e+06  1.15988209e+02 
 8.07318988e+06 -1.67464964e+01  8.07318988e+06  1.14803484e+02 
 8.16668556e+06 -1.68824147e+01  8.16668556e+06  1.13619695e+02 
 8.26126402e+06 -1.70186400e+01  8.26126402e+06  1.12436857e+02 
 8.35693779e+06 -1.71551768e+01  8.35693779e+06  1.11254987e+02 
 8.45371956e+06 -1.72920293e+01  8.45371956e+06  1.10074103e+02 
 8.55162216e+06 -1.74292011e+01  8.55162216e+06  1.08894224e+02 
 8.65065857e+06 -1.75666959e+01  8.65065857e+06  1.07715366e+02 
 8.75084193e+06 -1.77045167e+01  8.75084193e+06  1.06537546e+02 
 8.85218551e+06 -1.78426666e+01  8.85218551e+06  1.05360783e+02 
 8.95470275e+06 -1.79811480e+01  8.95470275e+06  1.04185090e+02 
 9.05840724e+06 -1.81199634e+01  9.05840724e+06  1.03010483e+02 
 9.16331273e+06 -1.82591148e+01  9.16331273e+06  1.01836975e+02 
 9.26943314e+06 -1.83986040e+01  9.26943314e+06  1.00664578e+02 
 9.37678253e+06 -1.85384326e+01  9.37678253e+06  9.94933022e+01 
 9.48537513e+06 -1.86786020e+01  9.48537513e+06  9.83231558e+01 
 9.59522534e+06 -1.88191134e+01  9.59522534e+06  9.71541452e+01 
 9.70634773e+06 -1.89599677e+01  9.70634773e+06  9.59862750e+01 
 9.81875703e+06 -1.91011658e+01  9.81875703e+06  9.48195472e+01 
 9.93246814e+06 -1.92427084e+01  9.93246814e+06  9.36539618e+01 
 1.00474961e+07 -1.93845961e+01  1.00474961e+07  9.24895165e+01 
 1.01638563e+07 -1.95268292e+01  1.01638563e+07  9.13262065e+01 
 1.02815640e+07 -1.96694082e+01  1.02815640e+07  9.01640246e+01 
 1.04006349e+07 -1.98123334e+01  1.04006349e+07  8.90029609e+01 
 1.05210847e+07 -1.99556050e+01  1.05210847e+07  8.78430034e+01 
 1.06429295e+07 -2.00992233e+01  1.06429295e+07  8.66841371e+01 
 1.07661854e+07 -2.02431885e+01  1.07661854e+07  8.55263448e+01 
 1.08908687e+07 -2.03875008e+01  1.08908687e+07  8.43696067e+01 
 1.10169959e+07 -2.05321605e+01  1.10169959e+07  8.32139003e+01 
 1.11445838e+07 -2.06771679e+01  1.11445838e+07  8.20592008e+01 
 1.12736493e+07 -2.08225234e+01  1.12736493e+07  8.09054808e+01 
 1.14042096e+07 -2.09682274e+01  1.14042096e+07  7.97527106e+01 
 1.15362818e+07 -2.11142805e+01  1.15362818e+07  7.86008581e+01 
 1.16698836e+07 -2.12606833e+01  1.16698836e+07  7.74498889e+01 
 1.18050326e+07 -2.14074366e+01  1.18050326e+07  7.62997661e+01 
 1.19417468e+07 -2.15545413e+01  1.19417468e+07  7.51504509e+01 
 1.20800443e+07 -2.17019984e+01  1.20800443e+07  7.40019023e+01 
 1.22199434e+07 -2.18498093e+01  1.22199434e+07  7.28540773e+01 
 1.23614627e+07 -2.19979754e+01  1.23614627e+07  7.17069310e+01 
 1.25046209e+07 -2.21464982e+01  1.25046209e+07  7.05604163e+01 
 1.26494370e+07 -2.22953795e+01  1.26494370e+07  6.94144849e+01 
 1.27959303e+07 -2.24446214e+01  1.27959303e+07  6.82690864e+01 
 1.29441200e+07 -2.25942261e+01  1.29441200e+07  6.71241690e+01 
 1.30940260e+07 -2.27441960e+01  1.30940260e+07  6.59796795e+01 
 1.32456680e+07 -2.28945339e+01  1.32456680e+07  6.48355632e+01 
 1.33990662e+07 -2.30452426e+01  1.33990662e+07  6.36917645e+01 
 1.35542409e+07 -2.31963255e+01  1.35542409e+07  6.25482262e+01 
 1.37112127e+07 -2.33477858e+01  1.37112127e+07  6.14048904e+01 
 1.38700024e+07 -2.34996274e+01  1.38700024e+07  6.02616984e+01 
 1.40306310e+07 -2.36518541e+01  1.40306310e+07  5.91185905e+01 
 1.41931199e+07 -2.38044702e+01  1.41931199e+07  5.79755065e+01 
 1.43574905e+07 -2.39574801e+01  1.43574905e+07  5.68323857e+01 
 1.45237648e+07 -2.41108888e+01  1.45237648e+07  5.56891668e+01 
 1.46919646e+07 -2.42647011e+01  1.46919646e+07  5.45457884e+01 
 1.48621124e+07 -2.44189223e+01  1.48621124e+07  5.34021889e+01 
 1.50342306e+07 -2.45735582e+01  1.50342306e+07  5.22583067e+01 
 1.52083422e+07 -2.47286144e+01  1.52083422e+07  5.11140802e+01 
 1.53844701e+07 -2.48840973e+01  1.53844701e+07  4.99694481e+01 
 1.55626378e+07 -2.50400130e+01  1.55626378e+07  4.88243495e+01 
 1.57428689e+07 -2.51963683e+01  1.57428689e+07  4.76787236e+01 
 1.59251872e+07 -2.53531702e+01  1.59251872e+07  4.65325107e+01 
 1.61096169e+07 -2.55104257e+01  1.61096169e+07  4.53856513e+01 
 1.62961825e+07 -2.56681424e+01  1.62961825e+07  4.42380870e+01 
 1.64849088e+07 -2.58263279e+01  1.64849088e+07  4.30897603e+01 
 1.66758206e+07 -2.59849902e+01  1.66758206e+07  4.19406147e+01 
 1.68689435e+07 -2.61441374e+01  1.68689435e+07  4.07905949e+01 
 1.70643029e+07 -2.63037780e+01  1.70643029e+07  3.96396468e+01 
 1.72619247e+07 -2.64639206e+01  1.72619247e+07  3.84877178e+01 
 1.74618352e+07 -2.66245741e+01  1.74618352e+07  3.73347567e+01 
 1.76640609e+07 -2.67857474e+01  1.76640609e+07  3.61807139e+01 
 1.78686285e+07 -2.69474501e+01  1.78686285e+07  3.50255417e+01 
 1.80755653e+07 -2.71096914e+01  1.80755653e+07  3.38691939e+01 
 1.82848985e+07 -2.72724811e+01  1.82848985e+07  3.27116266e+01 
 1.84966561e+07 -2.74358290e+01  1.84966561e+07  3.15527975e+01 
 1.87108661e+07 -2.75997451e+01  1.87108661e+07  3.03926669e+01 
 1.89275568e+07 -2.77642397e+01  1.89275568e+07  2.92311969e+01 
 1.91467570e+07 -2.79293231e+01  1.91467570e+07  2.80683521e+01 
 1.93684957e+07 -2.80950057e+01  1.93684957e+07  2.69040996e+01 
 1.95928024e+07 -2.82612982e+01  1.95928024e+07  2.57384087e+01 
 1.98197069e+07 -2.84282112e+01  1.98197069e+07  2.45712517e+01 
 2.00492391e+07 -2.85957556e+01  2.00492391e+07  2.34026031e+01 
 2.02814295e+07 -2.87639424e+01  2.02814295e+07  2.22324406e+01 
 2.05163089e+07 -2.89327825e+01  2.05163089e+07  2.10607444e+01 
 2.07539085e+07 -2.91022870e+01  2.07539085e+07  1.98874978e+01 
 2.09942597e+07 -2.92724671e+01  2.09942597e+07  1.87126870e+01 
 2.12373944e+07 -2.94433340e+01  2.12373944e+07  1.75363012e+01 
 2.14833448e+07 -2.96148989e+01  2.14833448e+07  1.63583329e+01 
 2.17321436e+07 -2.97871729e+01  2.17321436e+07  1.51787776e+01 
 2.19838238e+07 -2.99601675e+01  2.19838238e+07  1.39976343e+01 
 2.22384186e+07 -3.01338938e+01  2.22384186e+07  1.28149050e+01 
 2.24959620e+07 -3.03083630e+01  2.24959620e+07  1.16305954e+01 
 2.27564879e+07 -3.04835864e+01  2.27564879e+07  1.04447144e+01 
 2.30200310e+07 -3.06595751e+01  2.30200310e+07  9.25727445e+00 
 2.32866262e+07 -3.08363402e+01  2.32866262e+07  8.06829162e+00 
 2.35563088e+07 -3.10138927e+01  2.35563088e+07  6.87778547e+00 
 2.38291146e+07 -3.11922434e+01  2.38291146e+07  5.68577921e+00 
 2.41050798e+07 -3.13714034e+01  2.41050798e+07  4.49229974e+00 
 2.43842409e+07 -3.15513831e+01  2.43842409e+07  3.29737762e+00 
 2.46666350e+07 -3.17321932e+01  2.46666350e+07  2.10104719e+00 
 2.49522996e+07 -3.19138442e+01  2.49522996e+07  9.03346545e-01 
 2.52412724e+07 -3.20963462e+01  2.52412724e+07 -2.95682432e-01 
 2.55335918e+07 -3.22797094e+01  2.55335918e+07 -1.49599403e+00 
 2.58292965e+07 -3.24639435e+01  2.58292965e+07 -2.69753868e+00 
 2.61284258e+07 -3.26490584e+01  2.61284258e+07 -3.90026298e+00 
 2.64310194e+07 -3.28350634e+01  2.64310194e+07 -5.10410964e+00 
 2.67371172e+07 -3.30219677e+01  2.67371172e+07 -6.30901749e+00 
 2.70467600e+07 -3.32097804e+01  2.70467600e+07 -7.51492145e+00 
 2.73599888e+07 -3.33985100e+01  2.73599888e+07 -8.72175257e+00 
 2.76768451e+07 -3.35881651e+01  2.76768451e+07 -9.92943800e+00 
 2.79973709e+07 -3.37787537e+01  2.79973709e+07 -1.11379010e+01 
 2.83216087e+07 -3.39702835e+01  2.83216087e+07 -1.23470609e+01 
 2.86496015e+07 -3.41627622e+01  2.86496015e+07 -1.35568332e+01 
 2.89813928e+07 -3.43561967e+01  2.89813928e+07 -1.47671296e+01 
 2.93170265e+07 -3.45505939e+01  2.93170265e+07 -1.59778579e+01 
 2.96565473e+07 -3.47459601e+01  2.96565473e+07 -1.71889221e+01 
 3.00000000e+07 -3.49423014e+01  3.00000000e+07 -1.84002223e+01 
