blk,modo_db,f_hz,vin_pk,k_att,caso,p_q132,p_q133,icmax_q132,icmin_q132,icmax_q133,icmin_q133,p_q122,icmax_q122,p_q125,p_q127,p_q121a,p_q121b,p_q117,p_q118,p_q106,p_jq110a,p_jq110b,p_r134,p_r135,p_r130,p_r131,p_r123,p_r126,p_rsep,p_rsep2,irms_rsep,irms_rsep2,p_q132_w1,p_q132_w2,voutpk,p_rail
A,0,1000,0,1,0,0.295634,0.296562,0.0202902,0.0202902,-0.0204018,-0.0204018,0.0909247,-0.00679716,0.0895156,0.0117675,0.00156296,0.00176153,0.0102714,0.0102707,0.064251,0.0208067,0.0204155,0.00923464,0.00923607,3.90974E-07,7.7074E-08,0.00426988,0.00414282,0,0,0,0,0.295634,0.295634,-0.015454,3.97257
F1,0,1000,0,1,0,0.295956,0.296231,0.0202908,0.0202908,-0.0204007,-0.0204007,0.0910278,-0.006797,0.089412,0.0117673,0.00156296,0.0017615,0.0102714,0.0102707,0.0641812,0.0208418,0.02045,0.00923514,0.00923514,3.90671E-07,7.71766E-08,0.00426968,0.0041428,1.1883E-19,0,5.02822E-11,0,0.295956,0.295956,-0.0309065,3.97257
F2,0,1000,0,1,0,0.295956,0.296231,0.0202908,0.0202908,-0.0204007,-0.0204007,0.0910278,-0.006797,0.089412,0.0117673,0.00156296,0.0017615,0.0102714,0.0102707,0.0641812,0.0208418,0.02045,0.00923514,0.00923514,3.90671E-07,7.71766E-08,0.00426968,0.0041428,6.9056E-21,0,1.21214E-11,0,0.295956,0.295956,-0.0309065,3.97257
B,0,1000,0,1,0,0.295956,0.296231,0.0202908,0.0202908,-0.0204007,-0.0204007,0.0910278,-0.006797,0.089412,0.0117673,0.00156296,0.0017615,0.0102714,0.0102707,0.0641812,0.0208418,0.02045,0.00923514,0.00923514,3.90671E-07,7.71766E-08,0.00426968,0.0041428,3.05204E-21,0,8.05835E-12,0,0.295956,0.295956,-0.0309065,3.97257
A,0,1000,0,1,1,0.295634,0.296562,0.0202902,0.0202902,-0.0204018,-0.0204018,0.0909247,-0.00679716,0.0895156,0.0117675,0.00156296,0.00176153,0.0102714,0.0102707,0.064251,0.0208067,0.0204155,0.00923464,0.00923607,3.90974E-07,7.7074E-08,0.00426988,0.00414282,0,0,0,0,0.295634,0.295634,-0.015454,3.97257
F1,0,1000,0,1,1,0.295956,0.296231,0.0202908,0.0202908,-0.0204007,-0.0204007,0.0910278,-0.006797,0.089412,0.0117673,0.00156296,0.0017615,0.0102714,0.0102707,0.0641812,0.0208418,0.02045,0.00923514,0.00923514,3.90671E-07,7.71766E-08,0.00426968,0.0041428,3.48411E-25,0,8.65314E-14,0,0.295956,0.295956,-0.0309065,3.97257
F2,0,1000,0,1,1,0.295956,0.296231,0.0202908,0.0202908,-0.0204007,-0.0204007,0.0910278,-0.006797,0.089412,0.0117673,0.00156296,0.0017615,0.0102714,0.0102707,0.0641812,0.0208418,0.02045,0.00923514,0.00923514,3.90671E-07,7.71766E-08,0.00426968,0.0041428,3.52051E-25,0,8.63036E-14,0,0.295956,0.295956,-0.0309065,3.97257
B,0,1000,0,1,1,0.295956,0.296231,0.0202908,0.0202908,-0.0204007,-0.0204007,0.0910278,-0.006797,0.089412,0.0117673,0.00156296,0.0017615,0.0102714,0.0102707,0.0641812,0.0208418,0.02045,0.00923514,0.00923514,3.90671E-07,7.71766E-08,0.00426968,0.0041428,3.55871E-25,0,8.65931E-14,0,0.295956,0.295956,-0.0309065,3.97257
A,0,1000,0,1,2,0.295634,0.296562,0.0202902,0.0202902,-0.0204018,-0.0204018,0.0909247,-0.00679716,0.0895156,0.0117675,0.00156296,0.00176153,0.0102714,0.0102707,0.064251,0.0208067,0.0204155,0.00923464,0.00923607,3.90974E-07,7.7074E-08,0.00426988,0.00414282,0,0,0,0,0.295634,0.295634,-0.015454,3.97257
F1,0,1000,0,1,2,0.295956,0.296231,0.0202908,0.0202908,-0.0204007,-0.0204007,0.0910278,-0.006797,0.089412,0.0117673,0.00156296,0.0017615,0.0102714,0.0102707,0.0641812,0.0208418,0.02045,0.00923514,0.00923514,3.90671E-07,7.71766E-08,0.00426968,0.0041428,3.41641E-25,0,8.59534E-14,0,0.295956,0.295956,-0.0309065,3.97257
F2,0,1000,0,1,2,0.295956,0.296231,0.0202908,0.0202908,-0.0204007,-0.0204007,0.0910278,-0.006797,0.089412,0.0117673,0.00156296,0.0017615,0.0102714,0.0102707,0.0641812,0.0208418,0.02045,0.00923514,0.00923514,3.90671E-07,7.71766E-08,0.00426968,0.0041428,4.5621E-26,0,3.11567E-14,0,0.295956,0.295956,-0.0309065,3.97257
B,0,1000,0,1,2,0.295956,0.296231,0.0202908,0.0202908,-0.0204007,-0.0204007,0.0910278,-0.006797,0.089412,0.0117673,0.00156296,0.0017615,0.0102714,0.0102707,0.0641812,0.0208418,0.02045,0.00923514,0.00923514,3.90671E-07,7.71766E-08,0.00426968,0.0041428,4.5379E-26,0,3.10734E-14,0,0.295956,0.295956,-0.0309065,3.97257
A,0,1000,0,1,3,0.295634,0.296562,0.0202902,0.0202902,-0.0204018,-0.0204018,0.0909247,-0.00679716,0.0895156,0.0117675,0.00156296,0.00176153,0.0102714,0.0102707,0.064251,0.0208067,0.0204155,0.00923464,0.00923607,3.90974E-07,7.7074E-08,0.00426988,0.00414282,0,0,0,0,0.295634,0.295634,-0.015454,3.97257
F1,0,1000,0,1,3,0.295956,0.296231,0.0202908,0.0202908,-0.0204007,-0.0204007,0.0910278,-0.006797,0.089412,0.0117673,0.00156296,0.0017615,0.0102714,0.0102707,0.0641812,0.0208418,0.02045,0.00923514,0.00923514,3.90671E-07,7.71766E-08,0.00426968,0.0041428,4.75884E-26,0,3.182E-14,0,0.295956,0.295956,-0.0309065,3.97257
F2,0,1000,0,1,3,0.295956,0.296231,0.0202908,0.0202908,-0.0204007,-0.0204007,0.0910278,-0.006797,0.089412,0.0117673,0.00156296,0.0017615,0.0102714,0.0102707,0.0641812,0.0208418,0.02045,0.00923514,0.00923514,3.90671E-07,7.71766E-08,0.00426968,0.0041428,3.44407E-25,0,8.54742E-14,0,0.295956,0.295956,-0.0309065,3.97257
B,0,1000,0,1,3,0.295956,0.296231,0.0202908,0.0202908,-0.0204007,-0.0204007,0.0910278,-0.006797,0.089412,0.0117673,0.00156296,0.0017615,0.0102714,0.0102707,0.0641812,0.0208418,0.02045,0.00923514,0.00923514,3.90671E-07,7.71766E-08,0.00426968,0.0041428,4.53864E-26,0,3.10752E-14,0,0.295956,0.295956,-0.0309065,3.97257
A,0,1000,0,1,4,0.295634,0.296562,0.0202902,0.0202902,-0.0204018,-0.0204018,0.0909247,-0.00679716,0.0895156,0.0117675,0.00156296,0.00176153,0.0102714,0.0102707,0.064251,0.0208067,0.0204155,0.00923464,0.00923607,3.90974E-07,7.7074E-08,0.00426988,0.00414282,0,0,0,0,0.295634,0.295634,-0.015454,3.97257
F1,0,1000,0,1,4,0.295956,0.296231,0.0202908,0.0202908,-0.0204007,-0.0204007,0.0910278,-0.006797,0.089412,0.0117673,0.00156296,0.0017615,0.0102714,0.0102707,0.0641812,0.0208418,0.02045,0.00923514,0.00923514,3.90671E-07,7.71766E-08,0.00426968,0.0041428,4.74846E-26,0,3.17823E-14,0,0.295956,0.295956,-0.0309065,3.97257
F2,0,1000,0,1,4,0.295956,0.296231,0.0202908,0.0202908,-0.0204007,-0.0204007,0.0910278,-0.006797,0.089412,0.0117673,0.00156296,0.0017615,0.0102714,0.0102707,0.0641812,0.0208418,0.02045,0.00923514,0.00923514,3.90671E-07,7.71766E-08,0.00426968,0.0041428,4.55876E-26,0,3.11432E-14,0,0.295956,0.295956,-0.0309065,3.97257
B,0,1000,0,1,4,0.295956,0.296231,0.0202908,0.0202908,-0.0204007,-0.0204007,0.0910278,-0.006797,0.089412,0.0117673,0.00156296,0.0017615,0.0102714,0.0102707,0.0641812,0.0208418,0.02045,0.00923514,0.00923514,3.90671E-07,7.71766E-08,0.00426968,0.0041428,3.43129E-25,0,8.47618E-14,0,0.295956,0.295956,-0.0309065,3.97257
A,0,1000,0,1,5,0.295634,0.296562,0.0202902,0.0202902,-0.0204018,-0.0204018,0.0909247,-0.00679716,0.0895156,0.0117675,0.00156296,0.00176153,0.0102714,0.0102707,0.064251,0.0208067,0.0204155,0.00923464,0.00923607,3.90974E-07,7.7074E-08,0.00426988,0.00414282,0,0,0,0,0.295634,0.295634,-0.015454,3.97257
F1,0,1000,0,1,5,0.295956,0.296231,0.0202908,0.0202908,-0.0204007,-0.0204007,0.0910278,-0.006797,0.089412,0.0117673,0.00156296,0.0017615,0.0102714,0.0102707,0.0641812,0.0208418,0.02045,0.00923514,0.00923514,3.90671E-07,7.71766E-08,0.00426968,0.0041428,2.62107E-25,0,7.48371E-14,0,0.295956,0.295956,-0.0309065,3.97257
F2,0,1000,0,1,5,0.295956,0.296231,0.0202908,0.0202908,-0.0204007,-0.0204007,0.0910278,-0.006797,0.089412,0.0117673,0.00156296,0.0017615,0.0102714,0.0102707,0.0641812,0.0208418,0.02045,0.00923514,0.00923514,3.90671E-07,7.71766E-08,0.00426968,0.0041428,4.56089E-26,0,3.11522E-14,0,0.295956,0.295956,-0.0309065,3.97257
B,0,1000,0,1,5,0.295956,0.296231,0.0202908,0.0202908,-0.0204007,-0.0204007,0.0910278,-0.006797,0.089412,0.0117673,0.00156296,0.0017615,0.0102714,0.0102707,0.0641812,0.0208418,0.02045,0.00923514,0.00923514,3.90671E-07,7.71766E-08,0.00426968,0.0041428,4.53592E-26,0,3.10663E-14,0,0.295956,0.295956,-0.0309065,3.97257
A,0,1000,0,1,6,0.295634,0.296562,0.0202902,0.0202902,-0.0204018,-0.0204018,0.0909247,-0.00679716,0.0895156,0.0117675,0.00156296,0.00176153,0.0102714,0.0102707,0.064251,0.0208067,0.0204155,0.00923464,0.00923607,3.90974E-07,7.7074E-08,0.00426988,0.00414282,0,0,0,0,0.295634,0.295634,-0.015454,3.97257
F1,0,1000,0,1,6,0.295956,0.296231,0.0202908,0.0202908,-0.0204007,-0.0204007,0.0910278,-0.006797,0.089412,0.0117673,0.00156296,0.0017615,0.0102714,0.0102707,0.0641812,0.0208418,0.02045,0.00923514,0.00923514,3.90671E-07,7.71766E-08,0.00426968,0.0041428,7.44465E-26,0,3.98236E-14,0,0.295956,0.295956,-0.0309065,3.97257
F2,0,1000,0,1,6,0.295956,0.296231,0.0202908,0.0202908,-0.0204007,-0.0204007,0.0910278,-0.006797,0.089412,0.0117673,0.00156296,0.0017615,0.0102714,0.0102707,0.0641812,0.0208418,0.02045,0.00923514,0.00923514,3.90671E-07,7.71766E-08,0.00426968,0.0041428,4.5593E-26,0,3.1146E-14,0,0.295956,0.295956,-0.0309065,3.97257
B,0,1000,0,1,6,0.295956,0.296231,0.0202908,0.0202908,-0.0204007,-0.0204007,0.0910278,-0.006797,0.089412,0.0117673,0.00156296,0.0017615,0.0102714,0.0102707,0.0641812,0.0208418,0.02045,0.00923514,0.00923514,3.90671E-07,7.71766E-08,0.00426968,0.0041428,4.53728E-26,0,3.10702E-14,0,0.295956,0.295956,-0.0309065,3.97257
A,0,1000,0.4243,1,0,0.295626,0.296557,0.020316,0.020264,-0.0203881,-0.0204149,0.0909236,-0.00679141,0.0895157,0.0117675,0.00156296,0.00176153,0.0102714,0.0102707,0.0642511,0.0208067,0.0204155,0.00923455,0.00923598,3.9106E-07,7.7121E-08,0.00426988,0.00414282,0,0,0,0,0.295626,0.295626,0.408802,3.97255
F1,0,1000,0.4243,1,0,0.295948,0.296228,0.0203163,0.0202648,-0.0203874,-0.0204135,0.0910267,-0.00679125,0.0894121,0.0117673,0.00156296,0.00176149,0.0102714,0.0102707,0.0641812,0.0208418,0.02045,0.00923499,0.0092351,3.90754E-07,7.72242E-08,0.00426968,0.0041428,4.36933E-08,0,3.04901E-05,0,0.295948,0.295948,0.393307,3.97255
F2,0,1000,0.4243,1,0,0.295952,0.29623,0.0202996,0.0202816,-0.0203967,-0.0204041,0.0910268,-0.00679146,0.0894121,0.0117673,0.00156296,0.00176149,0.0102714,0.0102707,0.0641812,0.0208418,0.02045,0.00923504,0.00923504,3.90748E-07,7.7221E-08,0.00426968,0.0041428,2.06667E-09,0,6.63112E-06,0,0.295952,0.295952,0.393308,3.97255
B,0,1000,0.4243,1,0,0.295953,0.296231,0.020298,0.0202832,-0.0203951,-0.0204057,0.0910268,-0.00679148,0.0894121,0.0117673,0.00156296,0.00176149,0.0102714,0.0102707,0.0641812,0.0208418,0.02045,0.00923504,0.00923504,3.90748E-07,7.72207E-08,0.00426968,0.0041428,8.93646E-10,0,4.36047E-06,0,0.295952,0.295953,0.393308,3.97255
A,0,1000,0.4243,1,1,0.295626,0.296557,0.020316,0.020264,-0.0203881,-0.0204149,0.0909237,-0.00679141,0.0895157,0.0117675,0.00156296,0.00176153,0.0102714,0.0102707,0.0642511,0.0208067,0.0204155,0.00923455,0.00923598,3.9106E-07,7.7121E-08,0.00426988,0.00414282,0,0,0,0,0.295626,0.295626,0.408802,3.9735
F1,0,1000,0.4243,1,1,0.295329,0.295607,0.023943,0.0166802,-0.0167873,-0.0240559,0.0910166,-0.00673896,0.0894122,0.0117668,0.00156296,0.00176151,0.0102713,0.0102707,0.0641812,0.0208418,0.02045,0.00939286,0.00939149,3.99448E-07,7.92181E-08,0.00426997,0.0041428,0.00125989,0,0.00517747,0,0.295255,0.295329,0.393291,3.9735
F2,0,1000,0.4243,1,1,0.295329,0.295607,0.023943,0.0166802,-0.0167873,-0.0240559,0.0910166,-0.00673896,0.0894122,0.0117668,0.00156296,0.00176151,0.0102713,0.0102707,0.0641812,0.0208418,0.02045,0.00939286,0.00939149,3.99448E-07,7.92181E-08,0.00426997,0.0041428,0.00125989,0,0.00517747,0,0.295255,0.295329,0.393291,3.9735
B,0,1000,0.4243,1,1,0.295329,0.295607,0.023943,0.0166802,-0.0167873,-0.0240559,0.0910166,-0.00673896,0.0894122,0.0117668,0.00156296,0.00176151,0.0102713,0.0102707,0.0641812,0.0208418,0.02045,0.00939286,0.00939149,3.99448E-07,7.92181E-08,0.00426997,0.0041428,0.00125989,0,0.00517747,0,0.295255,0.295329,0.393291,3.9735
A,0,1000,0.4243,1,2,0.295627,0.296557,0.020316,0.020264,-0.0203881,-0.0204149,0.0909236,-0.00679141,0.0895157,0.0117675,0.00156296,0.00176153,0.0102714,0.0102707,0.0642511,0.0208067,0.0204156,0.00923455,0.00923598,3.91059E-07,7.71216E-08,0.00426987,0.00414282,0,0,0,0,0.295627,0.295627,0.408801,3.97287
F1,0,1000,0.4243,1,2,0.295292,0.295643,0.0239429,0.0166803,-0.0167873,-0.0240559,0.0910165,-0.00673896,0.0894118,0.0117668,0.00156296,0.00176151,0.0102713,0.0102707,0.0641812,0.0208418,0.02045,0.00939055,0.00939391,3.99347E-07,7.92409E-08,0.00426992,0.0041428,0.00126034,0,0.0051784,0,0.295252,0.295254,0.393288,3.97287
F2,0,1000,0.4243,1,2,0.295953,0.29623,0.0202996,0.0202816,-0.0203967,-0.0204041,0.0910268,-0.00679146,0.0894121,0.0117673,0.00156296,0.00176149,0.0102714,0.0102707,0.0641812,0.0208418,0.02045,0.00923504,0.00923504,3.90747E-07,7.72215E-08,0.00426967,0.0041428,2.06888E-09,0,6.63466E-06,0,0.295953,0.295953,0.393303,3.97287
B,0,1000,0.4243,1,2,0.295953,0.29623,0.020298,0.0202832,-0.0203951,-0.0204057,0.0910268,-0.00679148,0.0894121,0.0117673,0.00156296,0.00176149,0.0102714,0.0102707,0.0641812,0.0208418,0.02045,0.00923504,0.00923504,3.90747E-07,7.72213E-08,0.00426967,0.0041428,8.94598E-10,0,4.3628E-06,0,0.295953,0.295953,0.393303,3.97287
A,0,1000,0.4243,1,3,0.295627,0.296557,0.020316,0.020264,-0.0203881,-0.0204149,0.0909236,-0.00679141,0.0895157,0.0117675,0.00156296,0.00176153,0.0102714,0.0102707,0.0642511,0.0208067,0.0204156,0.00923455,0.00923598,3.91059E-07,7.71216E-08,0.00426987,0.00414282,0,0,0,0,0.295627,0.295627,0.408801,3.97287
F1,0,1000,0.4243,1,3,0.295948,0.296227,0.0203163,0.0202648,-0.0203874,-0.0204135,0.0910267,-0.00679125,0.0894121,0.0117673,0.00156296,0.00176149,0.0102714,0.0102707,0.0641812,0.0208418,0.02045,0.00923499,0.0092351,3.90753E-07,7.72247E-08,0.00426967,0.0041428,4.37399E-08,0,3.05063E-05,0,0.295948,0.295948,0.393302,3.97287
F2,0,1000,0.4243,1,3,0.295292,0.295643,0.0239429,0.0166803,-0.0167873,-0.0240559,0.0910165,-0.00673896,0.0894118,0.0117668,0.00156296,0.00176151,0.0102713,0.0102707,0.0641812,0.0208418,0.02045,0.00939055,0.00939391,3.99347E-07,7.92409E-08,0.00426992,0.0041428,0.00126034,0,0.0051784,0,0.295252,0.295254,0.393288,3.97287
B,0,1000,0.4243,1,3,0.295953,0.29623,0.020298,0.0202832,-0.0203951,-0.0204057,0.0910268,-0.00679148,0.0894121,0.0117673,0.00156296,0.00176149,0.0102714,0.0102707,0.0641812,0.0208418,0.02045,0.00923504,0.00923504,3.90747E-07,7.72213E-08,0.00426967,0.0041428,8.94598E-10,0,4.3628E-06,0,0.295953,0.295953,0.393303,3.97287
A,0,1000,0.4243,1,4,0.295627,0.296557,0.020316,0.020264,-0.0203881,-0.0204149,0.0909236,-0.00679141,0.0895157,0.0117675,0.00156296,0.00176153,0.0102714,0.0102707,0.0642511,0.0208067,0.0204156,0.00923455,0.00923598,3.91059E-07,7.71216E-08,0.00426987,0.00414282,0,0,0,0,0.295627,0.295627,0.408801,3.97287
F1,0,1000,0.4243,1,4,0.295948,0.296227,0.0203163,0.0202648,-0.0203874,-0.0204135,0.0910267,-0.00679125,0.0894121,0.0117673,0.00156296,0.00176149,0.0102714,0.0102707,0.0641812,0.0208418,0.02045,0.00923499,0.0092351,3.90753E-07,7.72247E-08,0.00426967,0.0041428,4.37399E-08,0,3.05063E-05,0,0.295948,0.295948,0.393302,3.97287
F2,0,1000,0.4243,1,4,0.295953,0.29623,0.0202996,0.0202816,-0.0203967,-0.0204041,0.0910268,-0.00679146,0.0894121,0.0117673,0.00156296,0.00176149,0.0102714,0.0102707,0.0641812,0.0208418,0.02045,0.00923504,0.00923504,3.90747E-07,7.72215E-08,0.00426967,0.0041428,2.06888E-09,0,6.63466E-06,0,0.295953,0.295953,0.393303,3.97287
B,0,1000,0.4243,1,4,0.295292,0.295643,0.0239429,0.0166803,-0.0167873,-0.0240559,0.0910165,-0.00673896,0.0894118,0.0117668,0.00156296,0.00176151,0.0102713,0.0102707,0.0641812,0.0208418,0.02045,0.00939055,0.00939391,3.99347E-07,7.92409E-08,0.00426992,0.0041428,0.00126034,0,0.0051784,0,0.295252,0.295254,0.393288,3.97287
A,0,1000,0.4243,1,5,0.295627,0.296557,0.020316,0.020264,-0.0203881,-0.0204149,0.0909237,-0.00679141,0.0895157,0.0117675,0.00156296,0.00176153,0.0102714,0.0102707,0.0642511,0.0208067,0.0204156,0.00923455,0.00923598,3.91059E-07,7.71216E-08,0.00426987,0.00414282,0,0,0,0,0.295627,0.295627,0.408801,3.97279
F1,0,1000,0.4243,1,5,0.295345,0.29568,0.0234803,0.0171325,-0.0172419,-0.0235909,0.0910175,-0.00674558,0.0894118,0.0117668,0.00156296,0.0017615,0.0102713,0.0102707,0.0641812,0.0208418,0.02045,0.00935377,0.00935628,3.97532E-07,7.8839E-08,0.00426987,0.0041428,0.00096253,0,0.00452541,0,0.295315,0.295315,0.393271,3.97279
F2,0,1000,0.4243,1,5,0.295953,0.29623,0.0202996,0.0202816,-0.0203967,-0.0204041,0.0910268,-0.00679146,0.0894121,0.0117673,0.00156296,0.00176149,0.0102714,0.0102707,0.0641812,0.0208418,0.02045,0.00923504,0.00923504,3.90747E-07,7.72215E-08,0.00426967,0.0041428,2.06893E-09,0,6.63474E-06,0,0.295953,0.295953,0.393304,3.97279
B,0,1000,0.4243,1,5,0.295953,0.29623,0.020298,0.0202832,-0.0203951,-0.0204057,0.0910268,-0.00679148,0.0894121,0.0117673,0.00156296,0.00176149,0.0102714,0.0102707,0.0641812,0.0208418,0.02045,0.00923504,0.00923504,3.90747E-07,7.72213E-08,0.00426967,0.0041428,8.9462E-10,0,4.36285E-06,0,0.295953,0.295953,0.393304,3.97279
A,0,1000,0.4243,1,6,0.295626,0.296557,0.020316,0.020264,-0.0203881,-0.0204149,0.0909237,-0.00679141,0.0895157,0.0117675,0.00156296,0.00176153,0.0102714,0.0102707,0.0642511,0.0208067,0.0204155,0.00923455,0.00923598,3.9106E-07,7.7121E-08,0.00426988,0.00414282,0,0,0,0,0.295626,0.295626,0.408802,3.97259
F1,0,1000,0.4243,1,6,0.295661,0.295943,0.0216911,0.0188954,-0.0190129,-0.0217939,0.0910225,-0.00677157,0.0894121,0.0117671,0.00156296,0.0017615,0.0102714,0.0102707,0.0641812,0.0208418,0.02045,0.0092582,0.00925807,3.92448E-07,7.76616E-08,0.00426974,0.0041428,0.000185852,0,0.00198854,0,0.295648,0.295662,0.393262,3.97259
F2,0,1000,0.4243,1,6,0.295952,0.29623,0.0202996,0.0202816,-0.0203967,-0.0204041,0.0910268,-0.00679146,0.0894121,0.0117673,0.00156296,0.00176149,0.0102714,0.0102707,0.0641812,0.0208418,0.02045,0.00923504,0.00923504,3.90748E-07,7.7221E-08,0.00426968,0.0041428,2.06653E-09,0,6.63089E-06,0,0.295952,0.295952,0.393307,3.97259
B,0,1000,0.4243,1,6,0.295953,0.296231,0.020298,0.0202832,-0.0203951,-0.0204057,0.0910268,-0.00679148,0.0894121,0.0117673,0.00156296,0.00176149,0.0102714,0.0102707,0.0641812,0.0208418,0.02045,0.00923504,0.00923504,3.90748E-07,7.72207E-08,0.00426968,0.0041428,8.93584E-10,0,4.36032E-06,0,0.295952,0.295953,0.393307,3.97259
A,0,1000,1.4142,1,0,0.295553,0.29651,0.0203741,0.0202008,-0.0203544,-0.0204434,0.0909129,-0.00677792,0.0895167,0.0117671,0.00156296,0.00176152,0.0102714,0.0102707,0.0642517,0.0208062,0.0204153,0.00923362,0.00923499,3.91932E-07,7.75979E-08,0.00426984,0.00414282,0,0,0,0,0.295552,0.295553,1.3986,3.9724
F1,0,1000,1.4142,1,0,0.295873,0.296183,0.0203736,0.0202021,-0.0203545,-0.0204415,0.0910159,-0.00677778,0.0894131,0.0117669,0.00156296,0.00176148,0.0102714,0.0102707,0.0641819,0.0208414,0.0204498,0.00923392,0.00923424,3.91616E-07,7.7703E-08,0.00426964,0.0041428,4.85359E-07,0,0.000101621,0,0.295871,0.295873,1.383,3.9724
F2,0,1000,1.4142,1,0,0.295915,0.29622,0.0203181,0.0202581,-0.0203854,-0.0204103,0.0910165,-0.00677846,0.0894131,0.0117669,0.00156296,0.00176148,0.0102714,0.0102707,0.0641819,0.0208414,0.0204498,0.00923404,0.00923404,3.91536E-07,7.76713E-08,0.00426964,0.0041428,2.29573E-08,0,2.2101E-05,0,0.295914,0.295915,1.383,3.9724
B,0,1000,1.4142,1,0,0.295919,0.296224,0.0203128,0.0202634,-0.0203801,-0.0204156,0.0910165,-0.00677853,0.0894131,0.0117669,0.00156296,0.00176148,0.0102714,0.0102707,0.0641819,0.0208414,0.0204498,0.00923404,0.00923404,3.91528E-07,7.76685E-08,0.00426964,0.0041428,9.9269E-09,0,1.45331E-05,0,0.295918,0.295919,1.383,3.9724
A,0,1000,1.4142,1,1,0.295553,0.29651,0.0203741,0.0202008,-0.0203544,-0.0204434,0.0909129,-0.00677792,0.0895167,0.0117671,0.00156296,0.00176152,0.0102714,0.0102707,0.0642517,0.0208062,0.0204153,0.00923362,0.00923499,3.91932E-07,7.75979E-08,0.00426984,0.00414282,0,0,0,0,0.295552,0.295553,1.3986,3.98432
F1,0,1000,1.4142,1,1,0.289207,0.289518,0.0326678,0.00846096,-0.00856399,-0.0327897,0.0909039,-0.00660483,0.0894138,0.0117611,0.00156296,0.00176172,0.010271,0.0102707,0.0641819,0.0208413,0.0204499,0.0110018,0.010987,4.8937E-07,1.00313E-07,0.00427304,0.0041428,0.0139965,0,0.0172568,0,0.288953,0.289198,1.38296,3.98432
F2,0,1000,1.4142,1,1,0.289207,0.289518,0.0326678,0.00846096,-0.00856399,-0.0327897,0.0909039,-0.00660483,0.0894138,0.0117611,0.00156296,0.00176172,0.010271,0.0102707,0.0641819,0.0208413,0.0204499,0.0110018,0.010987,4.8937E-07,1.00313E-07,0.00427304,0.0041428,0.0139965,0,0.0172568,0,0.288953,0.289198,1.38296,3.98432
B,0,1000,1.4142,1,1,0.289207,0.289518,0.0326678,0.00846096,-0.00856399,-0.0327897,0.0909039,-0.00660483,0.0894138,0.0117611,0.00156296,0.00176172,0.010271,0.0102707,0.0641819,0.0208413,0.0204499,0.0110018,0.010987,4.8937E-07,1.00313E-07,0.00427304,0.0041428,0.0139965,0,0.0172568,0,0.288953,0.289198,1.38296,3.98432
A,0,1000,1.4142,1,2,0.295553,0.29651,0.0203741,0.0202008,-0.0203544,-0.0204434,0.0909128,-0.00677792,0.0895165,0.0117671,0.00156297,0.00176152,0.0102714,0.0102708,0.0642516,0.0208063,0.0204154,0.00923362,0.00923499,3.91929E-07,7.76001E-08,0.00426983,0.00414282,0,0,0,0,0.295553,0.295553,1.39859,3.97637
F1,0,1000,1.4142,1,2,0.289088,0.289622,0.0326674,0.0084614,-0.00856435,-0.0327894,0.0909035,-0.00660482,0.0894124,0.0117611,0.00156296,0.00176169,0.010271,0.0102708,0.0641818,0.0208412,0.02045,0.0109952,0.0109948,4.89091E-07,1.00391E-07,0.00427288,0.0041428,0.014001,0,0.0172596,0,0.288946,0.288961,1.38294,3.97637
F2,0,1000,1.4142,1,2,0.295916,0.29622,0.0203181,0.0202581,-0.0203854,-0.0204103,0.0910165,-0.00677846,0.089413,0.0117669,0.00156296,0.00176148,0.0102714,0.0102707,0.0641818,0.0208414,0.0204499,0.00923403,0.00923404,3.91533E-07,7.76735E-08,0.00426962,0.0041428,2.29823E-08,0,2.2113E-05,0,0.295916,0.295916,1.38298,3.97637
B,0,1000,1.4142,1,2,0.29592,0.296224,0.0203128,0.0202634,-0.0203801,-0.0204156,0.0910165,-0.00677853,0.089413,0.0117669,0.00156296,0.00176148,0.0102714,0.0102707,0.0641818,0.0208414,0.0204499,0.00923404,0.00923404,3.91525E-07,7.76706E-08,0.00426962,0.0041428,9.93772E-09,0,1.4541E-05,0,0.29592,0.29592,1.38298,3.97637
A,0,1000,1.4142,1,3,0.295553,0.29651,0.0203741,0.0202008,-0.0203544,-0.0204434,0.0909128,-0.00677792,0.0895165,0.0117671,0.00156297,0.00176152,0.0102714,0.0102708,0.0642516,0.0208063,0.0204154,0.00923362,0.00923499,3.91929E-07,7.76001E-08,0.00426983,0.00414282,0,0,0,0,0.295553,0.295553,1.39859,3.97637
F1,0,1000,1.4142,1,3,0.295873,0.296183,0.0203736,0.0202021,-0.0203545,-0.0204415,0.0910159,-0.00677777,0.0894129,0.0117669,0.00156296,0.00176148,0.0102714,0.0102707,0.0641818,0.0208414,0.0204499,0.00923392,0.00923424,3.91614E-07,7.77052E-08,0.00426962,0.0041428,4.85888E-07,0,0.000101676,0,0.295873,0.295873,1.38298,3.97637
F2,0,1000,1.4142,1,3,0.289088,0.289622,0.0326674,0.0084614,-0.00856435,-0.0327894,0.0909035,-0.00660482,0.0894124,0.0117611,0.00156296,0.00176169,0.010271,0.0102708,0.0641818,0.0208412,0.02045,0.0109952,0.0109948,4.89091E-07,1.00391E-07,0.00427288,0.0041428,0.014001,0,0.0172596,0,0.288946,0.288961,1.38294,3.97637
B,0,1000,1.4142,1,3,0.29592,0.296224,0.0203128,0.0202634,-0.0203801,-0.0204156,0.0910165,-0.00677853,0.089413,0.0117669,0.00156296,0.00176148,0.0102714,0.0102707,0.0641818,0.0208414,0.0204499,0.00923404,0.00923404,3.91525E-07,7.76706E-08,0.00426962,0.0041428,9.93772E-09,0,1.4541E-05,0,0.29592,0.29592,1.38298,3.97637
A,0,1000,1.4142,1,4,0.295553,0.29651,0.0203741,0.0202008,-0.0203544,-0.0204434,0.0909128,-0.00677792,0.0895165,0.0117671,0.00156297,0.00176152,0.0102714,0.0102708,0.0642516,0.0208063,0.0204154,0.00923362,0.00923499,3.91929E-07,7.76001E-08,0.00426983,0.00414282,0,0,0,0,0.295553,0.295553,1.39859,3.97637
F1,0,1000,1.4142,1,4,0.295873,0.296183,0.0203736,0.0202021,-0.0203545,-0.0204415,0.0910159,-0.00677777,0.0894129,0.0117669,0.00156296,0.00176148,0.0102714,0.0102707,0.0641818,0.0208414,0.0204499,0.00923392,0.00923424,3.91614E-07,7.77052E-08,0.00426962,0.0041428,4.85888E-07,0,0.000101676,0,0.295873,0.295873,1.38298,3.97637
F2,0,1000,1.4142,1,4,0.295916,0.29622,0.0203181,0.0202581,-0.0203854,-0.0204103,0.0910165,-0.00677846,0.089413,0.0117669,0.00156296,0.00176148,0.0102714,0.0102707,0.0641818,0.0208414,0.0204499,0.00923403,0.00923404,3.91533E-07,7.76735E-08,0.00426962,0.0041428,2.29823E-08,0,2.2113E-05,0,0.295916,0.295916,1.38298,3.97637
B,0,1000,1.4142,1,4,0.289088,0.289622,0.0326674,0.0084614,-0.00856435,-0.0327894,0.0909035,-0.00660482,0.0894124,0.0117611,0.00156296,0.00176169,0.010271,0.0102708,0.0641818,0.0208412,0.02045,0.0109952,0.0109948,4.89091E-07,1.00391E-07,0.00427288,0.0041428,0.014001,0,0.0172596,0,0.288946,0.288961,1.38294,3.97637
A,0,1000,1.4142,1,5,0.295553,0.29651,0.0203741,0.0202008,-0.0203544,-0.0204434,0.0909129,-0.00677792,0.0895165,0.0117671,0.00156297,0.00176152,0.0102714,0.0102708,0.0642516,0.0208063,0.0204154,0.00923362,0.00923499,3.91929E-07,7.76002E-08,0.00426983,0.00414282,0,0,0,0,0.295553,0.295553,1.39859,3.97531
F1,0,1000,1.4142,1,5,0.289516,0.289997,0.031066,0.00990909,-0.0100192,-0.0311797,0.0909141,-0.00662652,0.0894126,0.011762,0.00156296,0.00176165,0.0102711,0.0102708,0.0641818,0.0208412,0.02045,0.0105759,0.0105743,4.68314E-07,9.58244E-08,0.00427219,0.0041428,0.0106925,0,0.0150831,0,0.289407,0.289415,1.38288,3.97531
F2,0,1000,1.4142,1,5,0.295916,0.29622,0.0203181,0.0202581,-0.0203854,-0.0204103,0.0910165,-0.00677846,0.089413,0.0117669,0.00156296,0.00176148,0.0102714,0.0102707,0.0641818,0.0208414,0.0204499,0.00923403,0.00923404,3.91533E-07,7.76736E-08,0.00426962,0.0041428,2.29828E-08,0,2.21132E-05,0,0.295916,0.295916,1.38299,3.97531
B,0,1000,1.4142,1,5,0.29592,0.296224,0.0203128,0.0202634,-0.0203801,-0.0204156,0.0910165,-0.00677853,0.089413,0.0117669,0.00156296,0.00176148,0.0102714,0.0102707,0.0641818,0.0208414,0.0204499,0.00923404,0.00923404,3.91525E-07,7.76707E-08,0.00426962,0.0041428,9.93793E-09,0,1.45412E-05,0,0.29592,0.29592,1.38299,3.97531
A,0,1000,1.4142,1,6,0.295553,0.29651,0.0203741,0.0202008,-0.0203544,-0.0204434,0.0909129,-0.00677792,0.0895167,0.0117671,0.00156296,0.00176152,0.0102714,0.0102707,0.0642517,0.0208063,0.0204153,0.00923362,0.00923499,3.91932E-07,7.75978E-08,0.00426984,0.00414282,0,0,0,0,0.295551,0.295553,1.3986,3.97288
F1,0,1000,1.4142,1,6,0.2927,0.293017,0.0249783,0.0156603,-0.0157964,-0.0250652,0.0909691,-0.00671237,0.0894132,0.0117651,0.00156296,0.00176154,0.0102713,0.0102707,0.0641819,0.0208412,0.0204499,0.00949302,0.00948871,4.10557E-07,8.26038E-08,0.00427034,0.0041428,0.00206454,0,0.0066277,0,0.292651,0.292706,1.38285,3.97288
F2,0,1000,1.4142,1,6,0.295915,0.29622,0.0203181,0.0202581,-0.0203854,-0.0204103,0.0910165,-0.00677846,0.0894131,0.0117669,0.00156296,0.00176148,0.0102714,0.0102707,0.0641819,0.0208414,0.0204498,0.00923404,0.00923404,3.91536E-07,7.76713E-08,0.00426964,0.0041428,2.2956E-08,0,2.21004E-05,0,0.295914,0.295915,1.383,3.97288
B,0,1000,1.4142,1,6,0.295919,0.296224,0.0203128,0.0202634,-0.0203801,-0.0204156,0.0910165,-0.00677853,0.0894131,0.0117669,0.00156296,0.00176148,0.0102714,0.0102707,0.0641819,0.0208414,0.0204498,0.00923404,0.00923404,3.91528E-07,7.76684E-08,0.00426964,0.0041428,9.92635E-09,0,1.45327E-05,0,0.295918,0.295919,1.383,3.97288
A,0,1000,2.8284,1,0,0.295309,0.296355,0.0204527,0.0201054,-0.0203018,-0.0204787,0.0908769,-0.0067584,0.0895197,0.0117658,0.00156296,0.00176148,0.0102714,0.0102707,0.0642538,0.0208048,0.0204147,0.00923055,0.0092317,3.94825E-07,7.92042E-08,0.00426972,0.00414282,0,0,0,0,0.295307,0.295309,2.81264,3.97188
F1,0,1000,2.8284,1,0,0.295628,0.296034,0.0204511,0.0201074,-0.0203031,-0.0204759,0.09098,-0.00675826,0.0894161,0.0117656,0.00156296,0.00176144,0.0102714,0.0102707,0.0641839,0.0208399,0.0204491,0.00923065,0.00923115,3.94492E-07,7.93135E-08,0.00426951,0.0041428,1.94167E-06,0,0.000203254,0,0.295625,0.295628,2.79691,3.97188
F2,0,1000,2.8284,1,0,0.295793,0.296187,0.0203402,0.0202194,-0.0203638,-0.020415,0.0909823,-0.00675965,0.0894162,0.0117657,0.00156296,0.00176144,0.0102714,0.0102707,0.0641839,0.0208399,0.0204491,0.00923073,0.00923071,3.94151E-07,7.91878E-08,0.0042695,0.0041428,9.184E-08,0,4.42045E-05,0,0.295791,0.295793,2.79691,3.97188
B,0,1000,2.8284,1,0,0.295808,0.296202,0.0203297,0.02023,-0.0203532,-0.0204255,0.0909825,-0.00675978,0.0894162,0.0117657,0.00156296,0.00176144,0.0102714,0.0102707,0.0641839,0.0208399,0.0204491,0.00923073,0.00923071,3.94118E-07,7.91762E-08,0.0042695,0.0041428,3.97123E-08,0,2.90679E-05,0,0.295806,0.295808,2.79691,3.97188
A,0,1000,2.8284,1,1,0.295309,0.296355,0.0204527,0.0201054,-0.0203018,-0.0204787,0.090877,-0.0067584,0.0895197,0.0117658,0.00156296,0.00176148,0.0102714,0.0102707,0.0642538,0.0208048,0.0204146,0.00923055,0.0092317,3.94825E-07,7.92038E-08,0.00426972,0.00414282,0,0,0,0,0.295307,0.295309,2.81265,4.08923
F1,0,1000,2.8284,1,1,0.279825,0.280142,0.0483309,3.36957E-05,-4.28968E-05,-0.048594,0.0905717,-0.0064218,0.0894172,0.0117344,0.00156294,0.00176325,0.0102692,0.0102708,0.064184,0.0208397,0.0204493,0.0170643,0.0170345,8.33597E-07,1.84221E-07,0.00428853,0.00414279,0.0559876,0,0.0345141,0,0.279317,0.279797,2.79698,4.08923
F2,0,1000,2.8284,1,1,0.279825,0.280142,0.0483309,3.36957E-05,-4.28968E-05,-0.048594,0.0905717,-0.0064218,0.0894172,0.0117344,0.00156294,0.00176325,0.0102692,0.0102708,0.064184,0.0208397,0.0204493,0.0170643,0.0170345,8.33597E-07,1.84221E-07,0.00428853,0.00414279,0.0559876,0,0.0345141,0,0.279317,0.279797,2.79698,4.08923
B,0,1000,2.8284,1,1,0.279825,0.280142,0.0483308,3.36958E-05,-4.28969E-05,-0.048594,0.0905717,-0.0064218,0.0894172,0.0117344,0.00156294,0.00176325,0.0102692,0.0102708,0.064184,0.0208397,0.0204493,0.0170643,0.0170345,8.33597E-07,1.84221E-07,0.00428853,0.00414279,0.0559875,0,0.0345141,0,0.279317,0.279797,2.79698,4.08923
A,0,1000,2.8284,1,2,0.29531,0.296354,0.0204527,0.0201054,-0.0203018,-0.0204787,0.0908769,-0.0067584,0.0895194,0.0117658,0.00156297,0.00176147,0.0102713,0.0102708,0.0642536,0.0208048,0.0204148,0.00923054,0.0092317,3.94822E-07,7.92095E-08,0.00426969,0.00414282,0,0,0,0,0.29531,0.29531,2.81264,4.01102
F1,0,1000,2.8284,1,2,0.279583,0.280346,0.0483295,3.3748E-05,-4.2951E-05,-0.0485926,0.0905708,-0.00642181,0.0894144,0.0117342,0.00156295,0.0017632,0.0102692,0.0102708,0.0641838,0.0208396,0.0204496,0.0170526,0.0170523,8.33152E-07,1.84419E-07,0.00428821,0.00414279,0.0560057,0,0.0345197,0,0.279304,0.279312,2.79695,4.01102
F2,0,1000,2.8284,1,2,0.295794,0.296187,0.0203402,0.0202194,-0.0203638,-0.020415,0.0909822,-0.00675965,0.0894159,0.0117657,0.00156297,0.00176143,0.0102713,0.0102707,0.0641837,0.0208399,0.0204493,0.00923073,0.00923071,3.94148E-07,7.91929E-08,0.00426947,0.0041428,9.19338E-08,0,4.42271E-05,0,0.295794,0.295794,2.79689,4.01102
B,0,1000,2.8284,1,2,0.295809,0.296202,0.0203297,0.02023,-0.0203532,-0.0204255,0.0909824,-0.00675978,0.0894159,0.0117657,0.00156297,0.00176143,0.0102713,0.0102707,0.0641837,0.0208399,0.0204493,0.00923073,0.00923071,3.94115E-07,7.91813E-08,0.00426947,0.0041428,3.97529E-08,0,2.90828E-05,0,0.29581,0.29581,2.79689,4.01102
A,0,1000,2.8284,1,3,0.29531,0.296354,0.0204527,0.0201054,-0.0203018,-0.0204787,0.0908769,-0.0067584,0.0895194,0.0117658,0.00156297,0.00176147,0.0102713,0.0102708,0.0642536,0.0208048,0.0204148,0.00923054,0.0092317,3.94822E-07,7.92095E-08,0.00426969,0.00414282,0,0,0,0,0.29531,0.29531,2.81264,4.01102
F1,0,1000,2.8284,1,3,0.295628,0.296033,0.0204511,0.0201074,-0.0203031,-0.0204759,0.0909799,-0.00675826,0.0894158,0.0117656,0.00156297,0.00176143,0.0102713,0.0102707,0.0641837,0.0208399,0.0204493,0.00923064,0.00923114,3.94488E-07,7.93188E-08,0.00426948,0.0041428,1.94365E-06,0,0.000203358,0,0.295629,0.295629,2.79688,4.01102
F2,0,1000,2.8284,1,3,0.279583,0.280346,0.0483295,3.3748E-05,-4.2951E-05,-0.0485926,0.0905708,-0.00642181,0.0894144,0.0117342,0.00156295,0.0017632,0.0102692,0.0102708,0.0641838,0.0208396,0.0204496,0.0170526,0.0170523,8.33152E-07,1.84419E-07,0.00428821,0.00414279,0.0560057,0,0.0345197,0,0.279304,0.279312,2.79695,4.01102
B,0,1000,2.8284,1,3,0.295809,0.296202,0.0203297,0.02023,-0.0203532,-0.0204255,0.0909824,-0.00675978,0.0894159,0.0117657,0.00156297,0.00176143,0.0102713,0.0102707,0.0641837,0.0208399,0.0204493,0.00923073,0.00923071,3.94115E-07,7.91813E-08,0.00426947,0.0041428,3.97529E-08,0,2.90828E-05,0,0.29581,0.29581,2.79689,4.01102
A,0,1000,2.8284,1,4,0.29531,0.296354,0.0204527,0.0201054,-0.0203018,-0.0204787,0.0908769,-0.0067584,0.0895194,0.0117658,0.00156297,0.00176147,0.0102713,0.0102708,0.0642536,0.0208048,0.0204148,0.00923054,0.0092317,3.94822E-07,7.92095E-08,0.00426969,0.00414282,0,0,0,0,0.29531,0.29531,2.81264,4.01102
F1,0,1000,2.8284,1,4,0.295628,0.296033,0.0204511,0.0201074,-0.0203031,-0.0204759,0.0909799,-0.00675826,0.0894158,0.0117656,0.00156297,0.00176143,0.0102713,0.0102707,0.0641837,0.0208399,0.0204493,0.00923064,0.00923114,3.94488E-07,7.93188E-08,0.00426948,0.0041428,1.94365E-06,0,0.000203358,0,0.295629,0.295629,2.79688,4.01102
F2,0,1000,2.8284,1,4,0.295794,0.296187,0.0203402,0.0202194,-0.0203638,-0.020415,0.0909822,-0.00675965,0.0894159,0.0117657,0.00156297,0.00176143,0.0102713,0.0102707,0.0641837,0.0208399,0.0204493,0.00923073,0.00923071,3.94148E-07,7.91929E-08,0.00426947,0.0041428,9.19338E-08,0,4.42271E-05,0,0.295794,0.295794,2.79689,4.01102
B,0,1000,2.8284,1,4,0.279583,0.280346,0.0483295,3.3748E-05,-4.29511E-05,-0.0485926,0.0905708,-0.00642181,0.0894144,0.0117342,0.00156295,0.0017632,0.0102692,0.0102708,0.0641838,0.0208396,0.0204496,0.0170526,0.0170523,8.33152E-07,1.84419E-07,0.00428821,0.00414279,0.0560056,0,0.0345197,0,0.279304,0.279312,2.79695,4.01102
A,0,1000,2.8284,1,5,0.29531,0.296354,0.0204527,0.0201054,-0.0203018,-0.0204787,0.0908769,-0.0067584,0.0895194,0.0117658,0.00156297,0.00176147,0.0102713,0.0102708,0.0642536,0.0208048,0.0204148,0.00923054,0.0092317,3.94822E-07,7.92096E-08,0.00426969,0.00414282,0,0,0,0,0.29531,0.29531,2.81265,3.99144
F1,0,1000,2.8284,1,5,0.274086,0.274805,0.0431114,0.000837519,-0.000922458,-0.0432728,0.0905835,-0.00645918,0.0894159,0.011743,0.00156296,0.00176245,0.01027,0.0102708,0.0641837,0.0208393,0.0204499,0.0148615,0.0148391,7.20337E-07,1.58177E-07,0.00428185,0.00414279,0.0427708,0,0.0301665,0,0.273864,0.273866,2.79674,3.99144
F2,0,1000,2.8284,1,5,0.295794,0.296187,0.0203402,0.0202194,-0.0203638,-0.020415,0.0909822,-0.00675965,0.0894159,0.0117657,0.00156297,0.00176143,0.0102713,0.0102707,0.0641837,0.0208399,0.0204493,0.00923073,0.00923071,3.94148E-07,7.9193E-08,0.00426947,0.0041428,9.1935E-08,0,4.42274E-05,0,0.295794,0.295794,2.79689,3.99144
B,0,1000,2.8284,1,5,0.295809,0.296202,0.0203297,0.02023,-0.0203532,-0.0204255,0.0909824,-0.00675978,0.0894159,0.0117657,0.00156297,0.00176143,0.0102713,0.0102707,0.0641837,0.0208399,0.0204493,0.00923073,0.00923071,3.94115E-07,7.91814E-08,0.00426947,0.0041428,3.97534E-08,0,2.9083E-05,0,0.29581,0.29581,2.79689,3.99144
A,0,1000,2.8284,1,6,0.295309,0.296355,0.0204527,0.0201054,-0.0203018,-0.0204787,0.090877,-0.0067584,0.0895197,0.0117658,0.00156296,0.00176148,0.0102714,0.0102707,0.0642538,0.0208048,0.0204146,0.00923055,0.0092317,3.94825E-07,7.92035E-08,0.00426972,0.00414282,0,0,0,0,0.295306,0.295309,2.81265,3.97393
F1,0,1000,2.8284,1,6,0.283005,0.283416,0.029735,0.0110992,-0.0112641,-0.0297986,0.0907912,-0.00662721,0.0894169,0.0117582,0.00156296,0.00176166,0.0102711,0.0102707,0.0641839,0.0208393,0.0204497,0.0102717,0.0102523,4.71382E-07,9.95919E-08,0.00427232,0.0041428,0.00825837,0,0.0132556,0,0.282892,0.283016,2.79661,3.97393
F2,0,1000,2.8284,1,6,0.295793,0.296187,0.0203402,0.0202194,-0.0203638,-0.020415,0.0909823,-0.00675965,0.0894162,0.0117657,0.00156296,0.00176144,0.0102714,0.0102707,0.0641839,0.0208399,0.0204491,0.00923073,0.00923071,3.94151E-07,7.91871E-08,0.0042695,0.0041428,9.1827E-08,0,4.42015E-05,0,0.29579,0.295793,2.79691,3.97393
B,0,1000,2.8284,1,6,0.295808,0.296202,0.0203297,0.02023,-0.0203532,-0.0204255,0.0909825,-0.00675978,0.0894162,0.0117657,0.00156296,0.00176144,0.0102714,0.0102707,0.0641839,0.0208399,0.0204491,0.00923073,0.00923071,3.94119E-07,7.91755E-08,0.0042695,0.0041428,3.97067E-08,0,2.90659E-05,0,0.295805,0.295808,2.79691,3.97393
A,0,1000,3.818,1,0,0.295041,0.296185,0.0205047,0.0200347,-0.0202621,-0.020499,0.090837,-0.00674447,0.0895227,0.0117644,0.00156297,0.00176143,0.0102713,0.0102708,0.0642558,0.0208032,0.0204141,0.00922714,0.00922805,3.98032E-07,8.10341E-08,0.00426953,0.00414281,0,0,0,0,0.295042,0.295042,3.80212,3.9713
F1,0,1000,3.818,1,0,0.29536,0.295868,0.0205023,0.0200372,-0.0202643,-0.0204958,0.09094,-0.00674433,0.0894191,0.0117642,0.00156297,0.00176139,0.0102713,0.0102707,0.0641859,0.0208383,0.0204486,0.00922709,0.00922763,3.97682E-07,8.11476E-08,0.00426932,0.00414279,3.54147E-06,0,0.000274501,0,0.29536,0.29536,3.78624,3.9713
F2,0,1000,3.818,1,0,0.295658,0.29615,0.0203527,0.0201885,-0.0203445,-0.0204163,0.0909441,-0.00674622,0.0894192,0.0117643,0.00156297,0.00176138,0.0102713,0.0102707,0.0641859,0.0208384,0.0204486,0.00922707,0.00922701,3.97048E-07,8.09146E-08,0.0042693,0.00414279,1.6751E-07,0,5.96996E-05,0,0.295659,0.295659,3.78625,3.9713
B,0,1000,3.818,1,0,0.295686,0.296178,0.0203385,0.0202029,-0.0203301,-0.0204296,0.0909445,-0.0067464,0.0894192,0.0117643,0.00156297,0.00176138,0.0102713,0.0102707,0.0641859,0.0208384,0.0204486,0.00922706,0.00922701,3.96988E-07,8.0893E-08,0.0042693,0.00414279,7.24327E-08,0,3.92571E-05,0,0.295687,0.295687,3.78625,3.9713
A,0,1000,3.818,1,1,0.295041,0.296186,0.0205047,0.0200347,-0.0202621,-0.0204991,0.090837,-0.00674447,0.0895231,0.0117644,0.00156296,0.00176143,0.0102714,0.0102707,0.064256,0.0208032,0.0204139,0.00922715,0.00922805,3.98035E-07,8.10264E-08,0.00426957,0.00414281,0,0,0,0,0.295037,0.295041,3.80212,4.4087
F1,0,1000,3.818,1,1,0.300693,0.30094,0.065156,-4.96388E-08,2.19998E-08,-0.065527,0.0902918,-0.00630241,0.0894214,0.0116802,0.00156288,0.0017674,0.0102648,0.0102706,0.0641861,0.0208385,0.0204481,0.0266159,0.0266069,1.40624E-06,3.34126E-07,0.00432151,0.00414278,0.102028,0,0.0465918,0,0.300086,0.300631,3.78706,4.4087
F2,0,1000,3.818,1,1,0.300693,0.30094,0.065156,-4.96388E-08,2.19998E-08,-0.065527,0.0902918,-0.00630241,0.0894214,0.0116802,0.00156288,0.0017674,0.0102648,0.0102706,0.0641861,0.0208385,0.0204481,0.0266159,0.0266069,1.40624E-06,3.34126E-07,0.00432151,0.00414278,0.102028,0,0.0465918,0,0.300086,0.300631,3.78706,4.4087
B,0,1000,3.818,1,1,0.300693,0.30094,0.065156,-4.96385E-08,2.19995E-08,-0.065527,0.0902918,-0.00630241,0.0894214,0.0116802,0.00156288,0.0017674,0.0102648,0.0102706,0.0641861,0.0208385,0.0204481,0.0266159,0.0266069,1.40624E-06,3.34126E-07,0.00432151,0.00414278,0.102027,0,0.0465918,0,0.300086,0.300631,3.78706,4.4087
A,0,1000,3.818,1,2,0.295041,0.296185,0.0205046,0.0200347,-0.0202621,-0.020499,0.0908369,-0.00674447,0.0895228,0.0117644,0.00156297,0.00176143,0.0102713,0.0102708,0.0642558,0.0208032,0.0204141,0.00922714,0.00922805,3.98032E-07,8.10334E-08,0.00426954,0.00414281,0,0,0,0,0.295041,0.295042,3.80208,4.1172
F1,0,1000,3.818,1,2,0.300456,0.301173,0.0651509,-4.31618E-08,1.30925E-08,-0.0655219,0.0902908,-0.00630245,0.0894184,0.01168,0.00156289,0.00176734,0.0102648,0.0102707,0.064186,0.0208385,0.0204484,0.0266065,0.0266298,1.40599E-06,3.34415E-07,0.00432118,0.00414278,0.102053,0,0.0465977,0,0.300071,0.300156,3.7869,4.1172
F2,0,1000,3.818,1,2,0.295658,0.296151,0.0203527,0.0201885,-0.0203445,-0.0204163,0.0909441,-0.00674622,0.0894192,0.0117643,0.00156297,0.00176138,0.0102713,0.0102707,0.064186,0.0208383,0.0204485,0.00922707,0.00922701,3.97049E-07,8.09139E-08,0.0042693,0.00414279,1.67496E-07,0,5.96971E-05,0,0.295658,0.295658,3.78619,4.1172
B,0,1000,3.818,1,2,0.295686,0.296178,0.0203385,0.0202029,-0.0203301,-0.0204296,0.0909445,-0.0067464,0.0894192,0.0117643,0.00156297,0.00176138,0.0102713,0.0102707,0.064186,0.0208383,0.0204485,0.00922706,0.00922701,3.96988E-07,8.08924E-08,0.0042693,0.00414279,7.24265E-08,0,3.92555E-05,0,0.295686,0.295686,3.78619,4.1172
A,0,1000,3.818,1,3,0.295041,0.296185,0.0205046,0.0200347,-0.0202621,-0.020499,0.0908369,-0.00674447,0.0895228,0.0117644,0.00156297,0.00176143,0.0102713,0.0102708,0.0642558,0.0208032,0.0204141,0.00922714,0.00922805,3.98032E-07,8.10334E-08,0.00426954,0.00414281,0,0,0,0,0.295041,0.295042,3.80208,4.11719
F1,0,1000,3.818,1,3,0.29536,0.295868,0.0205023,0.0200372,-0.0202643,-0.0204958,0.0909399,-0.00674433,0.0894191,0.0117642,0.00156297,0.00176139,0.0102713,0.0102707,0.064186,0.0208383,0.0204486,0.00922709,0.00922763,3.97682E-07,8.11469E-08,0.00426932,0.00414279,3.54118E-06,0,0.000274489,0,0.295359,0.29536,3.78618,4.11719
F2,0,1000,3.818,1,3,0.300456,0.301173,0.0651509,-4.31607E-08,1.30915E-08,-0.0655219,0.0902908,-0.00630245,0.0894184,0.01168,0.00156289,0.00176734,0.0102648,0.0102707,0.064186,0.0208385,0.0204484,0.0266065,0.0266298,1.40599E-06,3.34415E-07,0.00432118,0.00414278,0.102053,0,0.0465977,0,0.300071,0.300156,3.7869,4.11719
B,0,1000,3.818,1,3,0.295686,0.296178,0.0203385,0.0202029,-0.0203301,-0.0204296,0.0909445,-0.0067464,0.0894192,0.0117643,0.00156297,0.00176138,0.0102713,0.0102707,0.064186,0.0208383,0.0204485,0.00922706,0.00922701,3.96988E-07,8.08924E-08,0.0042693,0.00414279,7.24265E-08,0,3.92555E-05,0,0.295686,0.295686,3.78619,4.11719
A,0,1000,3.818,1,4,0.295041,0.296185,0.0205046,0.0200347,-0.0202621,-0.020499,0.0908369,-0.00674447,0.0895228,0.0117644,0.00156297,0.00176143,0.0102713,0.0102708,0.0642558,0.0208032,0.0204141,0.00922714,0.00922805,3.98032E-07,8.10334E-08,0.00426954,0.00414281,0,0,0,0,0.295041,0.295042,3.80208,4.11719
F1,0,1000,3.818,1,4,0.29536,0.295868,0.0205023,0.0200372,-0.0202643,-0.0204958,0.0909399,-0.00674433,0.0894191,0.0117642,0.00156297,0.00176139,0.0102713,0.0102707,0.064186,0.0208383,0.0204486,0.00922709,0.00922763,3.97682E-07,8.11469E-08,0.00426932,0.00414279,3.54118E-06,0,0.000274489,0,0.295359,0.29536,3.78618,4.11719
F2,0,1000,3.818,1,4,0.295658,0.296151,0.0203527,0.0201885,-0.0203445,-0.0204163,0.0909441,-0.00674622,0.0894192,0.0117643,0.00156297,0.00176138,0.0102713,0.0102707,0.064186,0.0208383,0.0204485,0.00922707,0.00922701,3.97049E-07,8.09139E-08,0.0042693,0.00414279,1.67496E-07,0,5.96971E-05,0,0.295658,0.295658,3.78619,4.11719
B,0,1000,3.818,1,4,0.300456,0.301173,0.0651509,-4.31618E-08,1.30923E-08,-0.0655218,0.0902908,-0.00630245,0.0894184,0.01168,0.00156289,0.00176734,0.0102648,0.0102707,0.064186,0.0208385,0.0204484,0.0266065,0.0266298,1.40599E-06,3.34415E-07,0.00432118,0.00414278,0.102053,0,0.0465977,0,0.300071,0.300156,3.7869,4.11719
A,0,1000,3.818,1,5,0.295041,0.296185,0.0205046,0.0200347,-0.0202621,-0.020499,0.0908369,-0.00674447,0.0895228,0.0117644,0.00156297,0.00176143,0.0102713,0.0102708,0.0642558,0.0208032,0.0204141,0.00922714,0.00922805,3.98032E-07,8.10334E-08,0.00426954,0.00414281,0,0,0,0,0.295041,0.295042,3.80208,4.05968
F1,0,1000,3.818,1,5,0.280715,0.281337,0.0569336,5.00179E-07,-5.8771E-07,-0.0572569,0.0902937,-0.00635164,0.089418,0.011704,0.00156292,0.00176517,0.010267,0.0102708,0.064186,0.0208376,0.0204492,0.0214279,0.0214334,1.11901E-06,2.63094E-07,0.00430427,0.00414279,0.0779328,0,0.0407203,0,0.2804,0.280468,3.78653,4.05968
F2,0,1000,3.818,1,5,0.295658,0.296151,0.0203527,0.0201885,-0.0203445,-0.0204163,0.0909441,-0.00674622,0.0894192,0.0117643,0.00156297,0.00176138,0.0102713,0.0102707,0.064186,0.0208383,0.0204485,0.00922707,0.00922701,3.97049E-07,8.0914E-08,0.0042693,0.00414279,1.67497E-07,0,5.96973E-05,0,0.295658,0.295658,3.78619,4.05968
B,0,1000,3.818,1,5,0.295686,0.296178,0.0203385,0.0202029,-0.0203301,-0.0204296,0.0909445,-0.0067464,0.0894192,0.0117643,0.00156297,0.00176138,0.0102713,0.0102707,0.064186,0.0208383,0.0204485,0.00922706,0.00922701,3.96988E-07,8.08924E-08,0.0042693,0.00414279,7.24269E-08,0,3.92556E-05,0,0.295686,0.295686,3.78619,4.05968
A,0,1000,3.818,1,6,0.295041,0.296185,0.0205046,0.0200347,-0.0202621,-0.020499,0.0908369,-0.00674447,0.0895227,0.0117644,0.00156297,0.00176143,0.0102713,0.0102708,0.0642558,0.0208032,0.0204141,0.00922714,0.00922805,3.98032E-07,8.10337E-08,0.00426954,0.00414281,0,0,0,0,0.295041,0.295042,3.8021,3.97534
F1,0,1000,3.818,1,6,0.272438,0.273032,0.0331273,0.00797235,-0.00815871,-0.0331746,0.090592,-0.0065664,0.0894202,0.0117503,0.00156296,0.00176179,0.0102708,0.0102708,0.064186,0.0208372,0.0204497,0.0111328,0.0111018,5.40166E-07,1.19623E-07,0.00427443,0.00414279,0.0150623,0,0.0179018,0,0.272333,0.272383,3.7858,3.97534
F2,0,1000,3.818,1,6,0.295658,0.29615,0.0203527,0.0201885,-0.0203445,-0.0204163,0.0909441,-0.00674622,0.0894192,0.0117643,0.00156297,0.00176138,0.0102713,0.0102707,0.064186,0.0208383,0.0204485,0.00922707,0.00922701,3.97048E-07,8.09142E-08,0.0042693,0.00414279,1.67502E-07,0,5.96982E-05,0,0.295658,0.295658,3.78622,3.97534
B,0,1000,3.818,1,6,0.295686,0.296178,0.0203385,0.0202029,-0.0203301,-0.0204296,0.0909445,-0.0067464,0.0894192,0.0117643,0.00156297,0.00176138,0.0102713,0.0102707,0.064186,0.0208384,0.0204485,0.00922706,0.00922701,3.96988E-07,8.08926E-08,0.0042693,0.00414279,7.24292E-08,0,3.92562E-05,0,0.295686,0.295687,3.78622,3.97534
A,0,20000,0,1,0,0.295634,0.296562,0.0202902,0.0202902,-0.0204018,-0.0204018,0.0909247,-0.00679716,0.0895156,0.0117675,0.00156296,0.00176153,0.0102714,0.0102707,0.064251,0.0208067,0.0204155,0.00923464,0.00923607,3.90974E-07,7.7074E-08,0.00426988,0.00414282,0,0,0,0,0.295634,0.295634,-0.015454,3.97257
F1,0,20000,0,1,0,0.295956,0.296231,0.0202908,0.0202908,-0.0204007,-0.0204007,0.0910278,-0.006797,0.089412,0.0117673,0.00156296,0.0017615,0.0102714,0.0102707,0.0641812,0.0208418,0.02045,0.00923514,0.00923514,3.90671E-07,7.71766E-08,0.00426968,0.0041428,4.79548E-26,0,3.19427E-14,0,0.295956,0.295956,-0.0309065,3.97257
F2,0,20000,0,1,0,0.295956,0.296231,0.0202908,0.0202908,-0.0204007,-0.0204007,0.0910278,-0.006797,0.089412,0.0117673,0.00156296,0.0017615,0.0102714,0.0102707,0.0641812,0.0208418,0.02045,0.00923514,0.00923514,3.90671E-07,7.71766E-08,0.00426968,0.0041428,4.56482E-26,0,3.11647E-14,0,0.295956,0.295956,-0.0309065,3.97257
B,0,20000,0,1,0,0.295956,0.296231,0.0202908,0.0202908,-0.0204007,-0.0204007,0.0910278,-0.006797,0.089412,0.0117673,0.00156296,0.0017615,0.0102714,0.0102707,0.0641812,0.0208418,0.02045,0.00923514,0.00923514,3.90671E-07,7.71766E-08,0.00426968,0.0041428,4.54234E-26,0,3.10877E-14,0,0.295956,0.295956,-0.0309065,3.97257
A,0,20000,0,1,1,0.295634,0.296562,0.0202902,0.0202902,-0.0204018,-0.0204018,0.0909247,-0.00679716,0.0895156,0.0117675,0.00156296,0.00176153,0.0102714,0.0102707,0.064251,0.0208067,0.0204155,0.00923464,0.00923607,3.90974E-07,7.7074E-08,0.00426988,0.00414282,0,0,0,0,0.295634,0.295634,-0.015454,3.97257
F1,0,20000,0,1,1,0.295956,0.296231,0.0202908,0.0202908,-0.0204007,-0.0204007,0.0910278,-0.006797,0.089412,0.0117673,0.00156296,0.0017615,0.0102714,0.0102707,0.0641812,0.0208418,0.02045,0.00923514,0.00923514,3.90671E-07,7.71766E-08,0.00426968,0.0041428,2.71667E-25,0,7.60711E-14,0,0.295956,0.295956,-0.0309065,3.97257
F2,0,20000,0,1,1,0.295956,0.296231,0.0202908,0.0202908,-0.0204007,-0.0204007,0.0910278,-0.006797,0.089412,0.0117673,0.00156296,0.0017615,0.0102714,0.0102707,0.0641812,0.0208418,0.02045,0.00923514,0.00923514,3.90671E-07,7.71766E-08,0.00426968,0.0041428,2.70211E-25,0,7.60407E-14,0,0.295956,0.295956,-0.0309065,3.97257
B,0,20000,0,1,1,0.295956,0.296231,0.0202908,0.0202908,-0.0204007,-0.0204007,0.0910278,-0.006797,0.089412,0.0117673,0.00156296,0.0017615,0.0102714,0.0102707,0.0641812,0.0208418,0.02045,0.00923514,0.00923514,3.90671E-07,7.71766E-08,0.00426968,0.0041428,2.71258E-25,0,7.59331E-14,0,0.295956,0.295956,-0.0309065,3.97257
A,0,20000,0,1,2,0.295634,0.296562,0.0202902,0.0202902,-0.0204018,-0.0204018,0.0909247,-0.00679716,0.0895156,0.0117675,0.00156296,0.00176153,0.0102714,0.0102707,0.064251,0.0208067,0.0204155,0.00923464,0.00923607,3.90974E-07,7.7074E-08,0.00426988,0.00414282,0,0,0,0,0.295634,0.295634,-0.015454,3.97257
F1,0,20000,0,1,2,0.295956,0.296231,0.0202908,0.0202908,-0.0204007,-0.0204007,0.0910278,-0.006797,0.089412,0.0117673,0.00156296,0.0017615,0.0102714,0.0102707,0.0641812,0.0208418,0.02045,0.00923514,0.00923514,3.90671E-07,7.71766E-08,0.00426968,0.0041428,2.75561E-25,0,7.64313E-14,0,0.295956,0.295956,-0.0309065,3.97257
F2,0,20000,0,1,2,0.295956,0.296231,0.0202908,0.0202908,-0.0204007,-0.0204007,0.0910278,-0.006797,0.089412,0.0117673,0.00156296,0.0017615,0.0102714,0.0102707,0.0641812,0.0208418,0.02045,0.00923514,0.00923514,3.90671E-07,7.71766E-08,0.00426968,0.0041428,4.56488E-26,0,3.1165E-14,0,0.295956,0.295956,-0.0309065,3.97257
B,0,20000,0,1,2,0.295956,0.296231,0.0202908,0.0202908,-0.0204007,-0.0204007,0.0910278,-0.006797,0.089412,0.0117673,0.00156296,0.0017615,0.0102714,0.0102707,0.0641812,0.0208418,0.02045,0.00923514,0.00923514,3.90671E-07,7.71766E-08,0.00426968,0.0041428,4.54253E-26,0,3.10887E-14,0,0.295956,0.295956,-0.0309065,3.97257
A,0,20000,0,1,3,0.295634,0.296562,0.0202902,0.0202902,-0.0204018,-0.0204018,0.0909247,-0.00679716,0.0895156,0.0117675,0.00156296,0.00176153,0.0102714,0.0102707,0.064251,0.0208067,0.0204155,0.00923464,0.00923607,3.90974E-07,7.7074E-08,0.00426988,0.00414282,0,0,0,0,0.295634,0.295634,-0.015454,3.97257
F1,0,20000,0,1,3,0.295956,0.296231,0.0202908,0.0202908,-0.0204007,-0.0204007,0.0910278,-0.006797,0.089412,0.0117673,0.00156296,0.0017615,0.0102714,0.0102707,0.0641812,0.0208418,0.02045,0.00923514,0.00923514,3.90671E-07,7.71766E-08,0.00426968,0.0041428,4.79169E-26,0,3.19284E-14,0,0.295956,0.295956,-0.0309065,3.97257
F2,0,20000,0,1,3,0.295956,0.296231,0.0202908,0.0202908,-0.0204007,-0.0204007,0.0910278,-0.006797,0.089412,0.0117673,0.00156296,0.0017615,0.0102714,0.0102707,0.0641812,0.0208418,0.02045,0.00923514,0.00923514,3.90671E-07,7.71766E-08,0.00426968,0.0041428,2.76118E-25,0,7.64855E-14,0,0.295956,0.295956,-0.0309065,3.97257
B,0,20000,0,1,3,0.295956,0.296231,0.0202908,0.0202908,-0.0204007,-0.0204007,0.0910278,-0.006797,0.089412,0.0117673,0.00156296,0.0017615,0.0102714,0.0102707,0.0641812,0.0208418,0.02045,0.00923514,0.00923514,3.90671E-07,7.71766E-08,0.00426968,0.0041428,4.54221E-26,0,3.10873E-14,0,0.295956,0.295956,-0.0309065,3.97257
A,0,20000,0,1,4,0.295634,0.296562,0.0202902,0.0202902,-0.0204018,-0.0204018,0.0909247,-0.00679716,0.0895156,0.0117675,0.00156296,0.00176153,0.0102714,0.0102707,0.064251,0.0208067,0.0204155,0.00923464,0.00923607,3.90974E-07,7.7074E-08,0.00426988,0.00414282,0,0,0,0,0.295634,0.295634,-0.015454,3.97257
F1,0,20000,0,1,4,0.295956,0.296231,0.0202908,0.0202908,-0.0204007,-0.0204007,0.0910278,-0.006797,0.089412,0.0117673,0.00156296,0.0017615,0.0102714,0.0102707,0.0641812,0.0208418,0.02045,0.00923514,0.00923514,3.90671E-07,7.71766E-08,0.00426968,0.0041428,4.78915E-26,0,3.19217E-14,0,0.295956,0.295956,-0.0309065,3.97257
F2,0,20000,0,1,4,0.295956,0.296231,0.0202908,0.0202908,-0.0204007,-0.0204007,0.0910278,-0.006797,0.089412,0.0117673,0.00156296,0.0017615,0.0102714,0.0102707,0.0641812,0.0208418,0.02045,0.00923514,0.00923514,3.90671E-07,7.71766E-08,0.00426968,0.0041428,4.56441E-26,0,3.11633E-14,0,0.295956,0.295956,-0.0309065,3.97257
B,0,20000,0,1,4,0.295956,0.296231,0.0202908,0.0202908,-0.0204007,-0.0204007,0.0910278,-0.006797,0.089412,0.0117673,0.00156296,0.0017615,0.0102714,0.0102707,0.0641812,0.0208418,0.02045,0.00923514,0.00923514,3.90671E-07,7.71766E-08,0.00426968,0.0041428,2.71136E-25,0,7.58796E-14,0,0.295956,0.295956,-0.0309065,3.97257
A,0,20000,0,1,5,0.295634,0.296562,0.0202902,0.0202902,-0.0204018,-0.0204018,0.0909247,-0.00679716,0.0895156,0.0117675,0.00156296,0.00176153,0.0102714,0.0102707,0.064251,0.0208067,0.0204155,0.00923464,0.00923607,3.90974E-07,7.7074E-08,0.00426988,0.00414282,0,0,0,0,0.295634,0.295634,-0.015454,3.97257
F1,0,20000,0,1,5,0.295956,0.296231,0.0202908,0.0202908,-0.0204007,-0.0204007,0.0910278,-0.006797,0.089412,0.0117673,0.00156296,0.0017615,0.0102714,0.0102707,0.0641812,0.0208418,0.02045,0.00923514,0.00923514,3.90671E-07,7.71766E-08,0.00426968,0.0041428,2.02735E-25,0,6.54749E-14,0,0.295956,0.295956,-0.0309065,3.97257
F2,0,20000,0,1,5,0.295956,0.296231,0.0202908,0.0202908,-0.0204007,-0.0204007,0.0910278,-0.006797,0.089412,0.0117673,0.00156296,0.0017615,0.0102714,0.0102707,0.0641812,0.0208418,0.02045,0.00923514,0.00923514,3.90671E-07,7.71766E-08,0.00426968,0.0041428,4.56481E-26,0,3.11642E-14,0,0.295956,0.295956,-0.0309065,3.97257
B,0,20000,0,1,5,0.295956,0.296231,0.0202908,0.0202908,-0.0204007,-0.0204007,0.0910278,-0.006797,0.089412,0.0117673,0.00156296,0.0017615,0.0102714,0.0102707,0.0641812,0.0208418,0.02045,0.00923514,0.00923514,3.90671E-07,7.71766E-08,0.00426968,0.0041428,4.54256E-26,0,3.10885E-14,0,0.295956,0.295956,-0.0309065,3.97257
A,0,20000,0,1,6,0.295634,0.296562,0.0202902,0.0202902,-0.0204018,-0.0204018,0.0909247,-0.00679716,0.0895156,0.0117675,0.00156296,0.00176153,0.0102714,0.0102707,0.064251,0.0208067,0.0204155,0.00923464,0.00923607,3.90974E-07,7.7074E-08,0.00426988,0.00414282,0,0,0,0,0.295634,0.295634,-0.015454,3.97257
F1,0,20000,0,1,6,0.295956,0.296231,0.0202908,0.0202908,-0.0204007,-0.0204007,0.0910278,-0.006797,0.089412,0.0117673,0.00156296,0.0017615,0.0102714,0.0102707,0.0641812,0.0208418,0.02045,0.00923514,0.00923514,3.90671E-07,7.71766E-08,0.00426968,0.0041428,6.9824E-26,0,3.85248E-14,0,0.295956,0.295956,-0.0309065,3.97257
F2,0,20000,0,1,6,0.295956,0.296231,0.0202908,0.0202908,-0.0204007,-0.0204007,0.0910278,-0.006797,0.089412,0.0117673,0.00156296,0.0017615,0.0102714,0.0102707,0.0641812,0.0208418,0.02045,0.00923514,0.00923514,3.90671E-07,7.71766E-08,0.00426968,0.0041428,4.56365E-26,0,3.11605E-14,0,0.295956,0.295956,-0.0309065,3.97257
B,0,20000,0,1,6,0.295956,0.296231,0.0202908,0.0202908,-0.0204007,-0.0204007,0.0910278,-0.006797,0.089412,0.0117673,0.00156296,0.0017615,0.0102714,0.0102707,0.0641812,0.0208418,0.02045,0.00923514,0.00923514,3.90671E-07,7.71766E-08,0.00426968,0.0041428,4.54168E-26,0,3.10855E-14,0,0.295956,0.295956,-0.0309065,3.97257
A,0,20000,0.4243,1,0,0.295626,0.296557,0.0203159,0.020264,-0.0203871,-0.0204161,0.0909235,-0.00673393,0.0895157,0.0117675,0.00156298,0.00176137,0.0102713,0.0102707,0.0642511,0.0208065,0.0204156,0.00923455,0.00923598,3.91162E-07,7.7234E-08,0.00427005,0.00414282,0,0,0,0,0.295626,0.295626,0.408886,3.97255
F1,0,20000,0.4243,1,0,0.295949,0.296227,0.0203163,0.0202649,-0.0203863,-0.0204147,0.0910265,-0.00673385,0.0894122,0.0117673,0.00156297,0.00176133,0.0102713,0.0102707,0.0641813,0.0208416,0.02045,0.00923504,0.00923504,3.90859E-07,7.73367E-08,0.00426985,0.0041428,4.37573E-08,0,3.05124E-05,0,0.295948,0.295949,0.392914,3.97255
F2,0,20000,0.4243,1,0,0.295952,0.29623,0.0202996,0.0202816,-0.0203939,-0.0204072,0.0910265,-0.00673397,0.0894122,0.0117673,0.00156297,0.00176133,0.0102713,0.0102707,0.0641813,0.0208416,0.02045,0.00923504,0.00923504,3.90849E-07,7.73325E-08,0.00426985,0.0041428,2.06963E-09,0,6.63588E-06,0,0.295952,0.295952,0.392916,3.97255
B,0,20000,0.4243,1,0,0.295953,0.296231,0.020298,0.0202832,-0.0203928,-0.0204081,0.0910266,-0.00673398,0.0894122,0.0117673,0.00156297,0.00176133,0.0102713,0.0102707,0.0641813,0.0208416,0.02045,0.00923504,0.00923504,3.90848E-07,7.73321E-08,0.00426985,0.0041428,8.94924E-10,0,4.3636E-06,0,0.295952,0.295953,0.392916,3.97255
A,0,20000,0.4243,1,1,0.295626,0.296557,0.0203159,0.020264,-0.0203871,-0.0204161,0.0909234,-0.00673392,0.0895157,0.0117675,0.00156298,0.00176137,0.0102713,0.0102707,0.0642511,0.0208065,0.0204156,0.00923455,0.00923598,3.91161E-07,7.72345E-08,0.00427004,0.00414282,0,0,0,0,0.295626,0.295626,0.40892,3.974
F1,0,20000,0.4243,1,1,0.295008,0.295285,0.0247973,0.0158479,-0.0159547,-0.0249112,0.0910108,-0.00667959,0.0894123,0.0117665,0.00156298,0.00176124,0.0102711,0.0102707,0.0641813,0.0208415,0.0204501,0.00947482,0.00947269,4.04806E-07,8.11232E-08,0.0042705,0.0041428,0.00191336,0,0.00638043,0,0.295008,0.295008,0.393181,3.974
F2,0,20000,0.4243,1,1,0.295008,0.295285,0.0247973,0.0158479,-0.0159547,-0.0249112,0.0910108,-0.00667959,0.0894123,0.0117665,0.00156298,0.00176124,0.0102711,0.0102707,0.0641813,0.0208415,0.0204501,0.00947482,0.00947269,4.04806E-07,8.11232E-08,0.0042705,0.0041428,0.00191336,0,0.00638043,0,0.295008,0.295008,0.393181,3.974
B,0,20000,0.4243,1,1,0.295008,0.295285,0.0247973,0.0158479,-0.0159547,-0.0249112,0.0910108,-0.00667959,0.0894123,0.0117665,0.00156298,0.00176124,0.0102711,0.0102707,0.0641813,0.0208415,0.0204501,0.00947482,0.00947269,4.04806E-07,8.11232E-08,0.0042705,0.0041428,0.00191336,0,0.00638042,0,0.295008,0.295008,0.393181,3.974
A,0,20000,0.4243,1,2,0.295626,0.296557,0.0203159,0.020264,-0.0203871,-0.0204161,0.0909235,-0.00673396,0.0895158,0.0117675,0.00156297,0.00176137,0.0102713,0.0102707,0.0642511,0.0208065,0.0204156,0.00923455,0.00923598,3.91163E-07,7.72337E-08,0.00427005,0.00414282,0,0,0,0,0.295626,0.295626,0.408686,3.97303
F1,0,20000,0.4243,1,2,0.295008,0.295285,0.0247911,0.0158538,-0.0159612,-0.0249045,0.0910109,-0.00667948,0.0894123,0.0117665,0.00156298,0.00176124,0.0102711,0.0102706,0.0641813,0.0208415,0.0204501,0.00947482,0.00947265,4.04811E-07,8.1121E-08,0.00427052,0.0041428,0.00191318,0,0.00638012,0,0.295009,0.295008,0.393193,3.97303
F2,0,20000,0.4243,1,2,0.295952,0.29623,0.0202996,0.0202816,-0.0203939,-0.0204072,0.0910266,-0.00673397,0.0894122,0.0117673,0.00156297,0.00176133,0.0102713,0.0102707,0.0641813,0.0208416,0.02045,0.00923504,0.00923504,3.9085E-07,7.73322E-08,0.00426985,0.0041428,2.06956E-09,0,6.63576E-06,0,0.295952,0.295952,0.393061,3.97303
B,0,20000,0.4243,1,2,0.295953,0.296231,0.020298,0.0202832,-0.0203928,-0.0204081,0.0910266,-0.00673398,0.0894122,0.0117673,0.00156297,0.00176133,0.0102713,0.0102707,0.0641813,0.0208416,0.02045,0.00923504,0.00923504,3.90849E-07,7.73318E-08,0.00426985,0.0041428,8.94893E-10,0,4.36352E-06,0,0.295952,0.295953,0.393061,3.97303
A,0,20000,0.4243,1,3,0.295626,0.296557,0.0203159,0.020264,-0.0203871,-0.0204161,0.0909235,-0.00673396,0.0895158,0.0117675,0.00156297,0.00176137,0.0102713,0.0102707,0.0642511,0.0208065,0.0204156,0.00923455,0.00923598,3.91163E-07,7.72337E-08,0.00427005,0.00414282,0,0,0,0,0.295626,0.295626,0.408686,3.97303
F1,0,20000,0.4243,1,3,0.295949,0.296227,0.0203163,0.0202649,-0.0203863,-0.0204147,0.0910265,-0.00673382,0.0894122,0.0117673,0.00156297,0.00176133,0.0102713,0.0102707,0.0641813,0.0208416,0.02045,0.00923504,0.00923504,3.90859E-07,7.73364E-08,0.00426985,0.0041428,4.37558E-08,0,3.05119E-05,0,0.295948,0.295949,0.393061,3.97303
F2,0,20000,0.4243,1,3,0.295008,0.295285,0.0247911,0.0158538,-0.0159612,-0.0249045,0.0910109,-0.00667948,0.0894123,0.0117665,0.00156298,0.00176124,0.0102711,0.0102706,0.0641813,0.0208415,0.0204501,0.00947482,0.00947265,4.04811E-07,8.1121E-08,0.00427052,0.0041428,0.00191318,0,0.00638012,0,0.295009,0.295008,0.393193,3.97303
B,0,20000,0.4243,1,3,0.295953,0.296231,0.020298,0.0202832,-0.0203928,-0.0204081,0.0910266,-0.00673398,0.0894122,0.0117673,0.00156297,0.00176133,0.0102713,0.0102707,0.0641813,0.0208416,0.02045,0.00923504,0.00923504,3.90849E-07,7.73318E-08,0.00426985,0.0041428,8.94893E-10,0,4.36352E-06,0,0.295952,0.295953,0.393061,3.97303
A,0,20000,0.4243,1,4,0.295626,0.296557,0.0203159,0.020264,-0.0203871,-0.0204161,0.0909235,-0.00673396,0.0895158,0.0117675,0.00156297,0.00176137,0.0102713,0.0102707,0.0642511,0.0208065,0.0204156,0.00923455,0.00923598,3.91163E-07,7.72337E-08,0.00427005,0.00414282,0,0,0,0,0.295626,0.295626,0.408686,3.97303
F1,0,20000,0.4243,1,4,0.295949,0.296227,0.0203163,0.0202649,-0.0203863,-0.0204147,0.0910265,-0.00673382,0.0894122,0.0117673,0.00156297,0.00176133,0.0102713,0.0102707,0.0641813,0.0208416,0.02045,0.00923504,0.00923504,3.90859E-07,7.73364E-08,0.00426985,0.0041428,4.37558E-08,0,3.05119E-05,0,0.295948,0.295949,0.393061,3.97303
F2,0,20000,0.4243,1,4,0.295952,0.29623,0.0202996,0.0202816,-0.0203939,-0.0204072,0.0910266,-0.00673397,0.0894122,0.0117673,0.00156297,0.00176133,0.0102713,0.0102707,0.0641813,0.0208416,0.02045,0.00923504,0.00923504,3.9085E-07,7.73322E-08,0.00426985,0.0041428,2.06956E-09,0,6.63575E-06,0,0.295952,0.295952,0.393061,3.97303
B,0,20000,0.4243,1,4,0.295008,0.295285,0.0247911,0.0158538,-0.0159612,-0.0249045,0.0910109,-0.00667948,0.0894123,0.0117665,0.00156298,0.00176124,0.0102711,0.0102706,0.0641813,0.0208415,0.0204501,0.00947482,0.00947265,4.04811E-07,8.1121E-08,0.00427052,0.0041428,0.00191318,0,0.00638012,0,0.295009,0.295008,0.393193,3.97303
A,0,20000,0.4243,1,5,0.295626,0.296557,0.0203159,0.020264,-0.0203871,-0.0204161,0.0909235,-0.00673396,0.0895158,0.0117675,0.00156297,0.00176137,0.0102713,0.0102707,0.0642511,0.0208065,0.0204156,0.00923455,0.00923598,3.91163E-07,7.72337E-08,0.00427005,0.00414282,0,0,0,0,0.295626,0.295626,0.408697,3.97288
F1,0,20000,0.4243,1,5,0.295171,0.295448,0.0239982,0.0166256,-0.0167357,-0.0241086,0.091014,-0.00669082,0.0894123,0.0117667,0.00156298,0.00176125,0.0102711,0.0102706,0.0641813,0.0208415,0.0204501,0.00939819,0.00939653,4.00698E-07,8.00666E-08,0.00427034,0.0041428,0.00130185,0,0.00526298,0,0.295172,0.295171,0.393138,3.97288
F2,0,20000,0.4243,1,5,0.295952,0.29623,0.0202996,0.0202816,-0.0203939,-0.0204072,0.0910266,-0.00673397,0.0894122,0.0117673,0.00156297,0.00176133,0.0102713,0.0102707,0.0641813,0.0208416,0.02045,0.00923504,0.00923504,3.9085E-07,7.73322E-08,0.00426985,0.0041428,2.06956E-09,0,6.63576E-06,0,0.295952,0.295952,0.393044,3.97288
B,0,20000,0.4243,1,5,0.295953,0.296231,0.020298,0.0202832,-0.0203928,-0.0204081,0.0910266,-0.00673398,0.0894122,0.0117673,0.00156297,0.00176133,0.0102713,0.0102707,0.0641813,0.0208416,0.02045,0.00923504,0.00923504,3.90849E-07,7.73318E-08,0.00426985,0.0041428,8.94894E-10,0,4.36352E-06,0,0.295952,0.295953,0.393044,3.97288
A,0,20000,0.4243,1,6,0.295626,0.296557,0.0203159,0.020264,-0.0203871,-0.0204161,0.0909235,-0.00673394,0.0895158,0.0117675,0.00156297,0.00176137,0.0102713,0.0102707,0.0642511,0.0208065,0.0204156,0.00923455,0.00923598,3.91163E-07,7.72338E-08,0.00427005,0.00414282,0,0,0,0,0.295626,0.295626,0.408798,3.9726
F1,0,20000,0.4243,1,6,0.295647,0.295925,0.021726,0.0188609,-0.0189783,-0.0218285,0.091022,-0.00672,0.0894122,0.0117671,0.00156297,0.0017613,0.0102712,0.0102707,0.0641813,0.0208416,0.02045,0.00925965,0.00925914,3.92807E-07,7.79579E-08,0.00426997,0.0041428,0.000195981,0,0.00204201,0,0.295648,0.295648,0.392892,3.9726
F2,0,20000,0.4243,1,6,0.295952,0.29623,0.0202996,0.0202816,-0.0203939,-0.0204072,0.0910266,-0.006734,0.0894122,0.0117673,0.00156297,0.00176133,0.0102713,0.0102707,0.0641813,0.0208416,0.02045,0.00923504,0.00923504,3.9085E-07,7.73324E-08,0.00426985,0.0041428,2.06959E-09,0,6.63581E-06,0,0.295952,0.295952,0.392864,3.9726
B,0,20000,0.4243,1,6,0.295953,0.296231,0.020298,0.0202832,-0.0203928,-0.0204081,0.0910266,-0.00673401,0.0894122,0.0117673,0.00156297,0.00176133,0.0102713,0.0102707,0.0641813,0.0208416,0.02045,0.00923504,0.00923504,3.90849E-07,7.7332E-08,0.00426985,0.0041428,8.94908E-10,0,4.36356E-06,0,0.295952,0.295953,0.392864,3.9726
A,0,20000,1.4142,1,0,0.295551,0.296511,0.0203741,0.0202008,-0.0203515,-0.0204481,0.0909116,-0.00658636,0.0895171,0.0117671,0.00156307,0.0017597,0.0102699,0.0102703,0.0642523,0.0208043,0.0204158,0.00923363,0.00923499,3.93092E-07,7.88447E-08,0.00427184,0.00414282,0,0,0,0,0.295551,0.295551,1.39907,3.9724
F1,0,20000,1.4142,1,0,0.295872,0.296183,0.0203738,0.0202024,-0.0203512,-0.0204463,0.0910141,-0.0065864,0.0894141,0.0117669,0.00156306,0.00175966,0.0102699,0.0102703,0.0641828,0.0208392,0.0204501,0.00923412,0.00923405,3.92786E-07,7.89492E-08,0.00427164,0.0041428,4.86103E-07,0,0.000101699,0,0.295872,0.295872,1.38248,3.9724
F2,0,20000,1.4142,1,0,0.295912,0.296223,0.0203183,0.0202582,-0.0203768,-0.0204215,0.0910147,-0.0065868,0.0894141,0.0117669,0.00156306,0.00175966,0.0102699,0.0102703,0.0641828,0.0208392,0.0204501,0.00923405,0.00923403,3.92682E-07,7.89026E-08,0.00427163,0.0041428,2.29917E-08,0,2.21176E-05,0,0.295912,0.295912,1.38249,3.9724
B,0,20000,1.4142,1,0,0.295916,0.296227,0.020313,0.0202635,-0.020373,-0.0204243,0.0910147,-0.00658683,0.0894141,0.0117669,0.00156306,0.00175966,0.0102699,0.0102703,0.0641828,0.0208392,0.0204501,0.00923405,0.00923404,3.92672E-07,7.88983E-08,0.00427163,0.0041428,9.94178E-09,0,1.4544E-05,0,0.295916,0.295916,1.38249,3.9724
A,0,20000,1.4142,1,1,0.295551,0.296512,0.0203741,0.0202009,-0.0203515,-0.0204481,0.0909121,-0.00658645,0.0895172,0.0117671,0.00156306,0.0017597,0.01027,0.0102703,0.0642523,0.0208044,0.0204156,0.00923363,0.00923499,3.93102E-07,7.884E-08,0.00427188,0.00414282,0,0,0,0,0.29555,0.295551,1.3984,3.99213
F1,0,20000,1.4142,1,1,0.285996,0.286298,0.0356691,0.00584292,-0.00595046,-0.0358035,0.090843,-0.00640088,0.0894164,0.011758,0.00156313,0.00175865,0.0102676,0.0102708,0.0641835,0.0208361,0.020452,0.0119355,0.0119118,5.51902E-07,1.23136E-07,0.00427957,0.0041428,0.0212476,0,0.0212621,0,0.286001,0.285996,1.38347,3.99213
F2,0,20000,1.4142,1,1,0.285996,0.286298,0.0356691,0.00584292,-0.00595046,-0.0358035,0.090843,-0.00640088,0.0894164,0.011758,0.00156313,0.00175865,0.0102676,0.0102708,0.0641835,0.0208361,0.020452,0.0119355,0.0119118,5.51902E-07,1.23136E-07,0.00427957,0.0041428,0.0212476,0,0.0212621,0,0.286001,0.285996,1.38347,3.99213
B,0,20000,1.4142,1,1,0.285996,0.286298,0.0356691,0.00584292,-0.00595046,-0.0358035,0.090843,-0.00640088,0.0894164,0.011758,0.00156313,0.00175865,0.0102676,0.0102708,0.0641835,0.0208361,0.020452,0.0119355,0.0119118,5.51902E-07,1.23136E-07,0.00427957,0.0041428,0.0212476,0,0.0212621,0,0.286001,0.285996,1.38347,3.99213
A,0,20000,1.4142,1,2,0.295551,0.296512,0.020374,0.0202008,-0.0203515,-0.0204481,0.0909117,-0.00658641,0.0895171,0.0117671,0.00156307,0.0017597,0.01027,0.0102703,0.0642523,0.0208043,0.0204158,0.00923363,0.00923499,3.93094E-07,7.8844E-08,0.00427184,0.00414282,0,0,0,0,0.295551,0.295551,1.39879,3.97898
F1,0,20000,1.4142,1,2,0.285994,0.286295,0.03566,0.00585373,-0.00596372,-0.0357917,0.0908424,-0.00640065,0.0894164,0.011758,0.00156314,0.00175864,0.0102675,0.0102708,0.0641835,0.0208359,0.0204521,0.0119359,0.0119122,5.519E-07,1.23152E-07,0.00427951,0.0041428,0.0212507,0,0.0212637,0,0.285994,0.285993,1.38184,3.97898
F2,0,20000,1.4142,1,2,0.295912,0.296223,0.0203182,0.0202582,-0.0203768,-0.0204215,0.0910148,-0.00658695,0.0894141,0.0117669,0.00156306,0.00175966,0.01027,0.0102703,0.0641828,0.0208392,0.0204501,0.00923405,0.00923403,3.92684E-07,7.8902E-08,0.00427164,0.0041428,2.29911E-08,0,2.21173E-05,0,0.295912,0.295912,1.38143,3.97898
B,0,20000,1.4142,1,2,0.295916,0.296227,0.020313,0.0202635,-0.020373,-0.0204243,0.0910148,-0.00658699,0.0894141,0.0117669,0.00156306,0.00175966,0.01027,0.0102703,0.0641828,0.0208392,0.02045,0.00923405,0.00923404,3.92674E-07,7.88976E-08,0.00427164,0.0041428,9.9415E-09,0,1.45438E-05,0,0.295915,0.295916,1.38143,3.97898
A,0,20000,1.4142,1,3,0.295551,0.296512,0.020374,0.0202008,-0.0203515,-0.0204481,0.0909117,-0.00658641,0.0895171,0.0117671,0.00156307,0.0017597,0.01027,0.0102703,0.0642523,0.0208043,0.0204158,0.00923363,0.00923499,3.93094E-07,7.8844E-08,0.00427184,0.00414282,0,0,0,0,0.295551,0.295551,1.39879,3.97898
F1,0,20000,1.4142,1,3,0.295872,0.296183,0.0203738,0.0202025,-0.0203512,-0.0204462,0.0910142,-0.00658655,0.0894141,0.0117669,0.00156306,0.00175966,0.0102699,0.0102703,0.0641828,0.0208392,0.0204501,0.00923412,0.00923406,3.92788E-07,7.89485E-08,0.00427165,0.0041428,4.86089E-07,0,0.000101697,0,0.295872,0.295872,1.38142,3.97898
F2,0,20000,1.4142,1,3,0.285994,0.286295,0.03566,0.00585373,-0.00596373,-0.0357917,0.0908424,-0.00640065,0.0894164,0.011758,0.00156314,0.00175864,0.0102675,0.0102708,0.0641835,0.0208359,0.0204521,0.0119359,0.0119122,5.519E-07,1.23152E-07,0.00427951,0.0041428,0.0212507,0,0.0212637,0,0.285994,0.285993,1.38184,3.97898
B,0,20000,1.4142,1,3,0.295916,0.296227,0.020313,0.0202635,-0.020373,-0.0204243,0.0910148,-0.00658699,0.0894141,0.0117669,0.00156306,0.00175966,0.01027,0.0102703,0.0641828,0.0208392,0.02045,0.00923405,0.00923404,3.92674E-07,7.88976E-08,0.00427164,0.0041428,9.9415E-09,0,1.45438E-05,0,0.295915,0.295916,1.38143,3.97898
A,0,20000,1.4142,1,4,0.295551,0.296512,0.020374,0.0202008,-0.0203515,-0.0204481,0.0909117,-0.00658641,0.0895171,0.0117671,0.00156307,0.0017597,0.01027,0.0102703,0.0642523,0.0208043,0.0204158,0.00923363,0.00923499,3.93094E-07,7.8844E-08,0.00427184,0.00414282,0,0,0,0,0.295551,0.295551,1.39879,3.97898
F1,0,20000,1.4142,1,4,0.295872,0.296183,0.0203738,0.0202025,-0.0203512,-0.0204462,0.0910142,-0.00658655,0.0894141,0.0117669,0.00156306,0.00175966,0.0102699,0.0102703,0.0641828,0.0208392,0.0204501,0.00923412,0.00923406,3.92788E-07,7.89485E-08,0.00427165,0.0041428,4.86089E-07,0,0.000101697,0,0.295872,0.295872,1.38143,3.97898
F2,0,20000,1.4142,1,4,0.295912,0.296223,0.0203182,0.0202582,-0.0203768,-0.0204215,0.0910148,-0.00658695,0.0894141,0.0117669,0.00156306,0.00175966,0.01027,0.0102703,0.0641828,0.0208392,0.0204501,0.00923405,0.00923403,3.92684E-07,7.8902E-08,0.00427164,0.0041428,2.29911E-08,0,2.21172E-05,0,0.295912,0.295912,1.38143,3.97898
B,0,20000,1.4142,1,4,0.285994,0.286295,0.03566,0.00585372,-0.00596372,-0.0357917,0.0908424,-0.00640065,0.0894164,0.011758,0.00156314,0.00175864,0.0102675,0.0102708,0.0641835,0.0208359,0.0204521,0.0119359,0.0119122,5.519E-07,1.23152E-07,0.00427951,0.0041428,0.0212507,0,0.0212637,0,0.285994,0.285993,1.38184,3.97898
A,0,20000,1.4142,1,5,0.295551,0.296512,0.020374,0.0202008,-0.0203515,-0.0204481,0.0909117,-0.00658641,0.0895171,0.0117671,0.00156307,0.0017597,0.01027,0.0102703,0.0642523,0.0208043,0.0204158,0.00923363,0.00923499,3.93093E-07,7.88439E-08,0.00427184,0.00414282,0,0,0,0,0.295551,0.295551,1.39879,3.9765
F1,0,20000,1.4142,1,5,0.287465,0.287767,0.0328647,0.00827595,-0.00839254,-0.0329831,0.0908751,-0.00644093,0.0894158,0.0117603,0.00156313,0.00175881,0.0102682,0.0102706,0.0641833,0.0208367,0.0204516,0.0110621,0.0110438,5.04001E-07,1.10302E-07,0.00427731,0.0041428,0.0144609,0,0.0175408,0,0.287465,0.287464,1.38156,3.9765
F2,0,20000,1.4142,1,5,0.295912,0.296223,0.0203182,0.0202582,-0.0203768,-0.0204215,0.0910148,-0.00658695,0.0894141,0.0117669,0.00156306,0.00175966,0.01027,0.0102703,0.0641828,0.0208392,0.0204501,0.00923405,0.00923403,3.92684E-07,7.89019E-08,0.00427164,0.0041428,2.29911E-08,0,2.21173E-05,0,0.295912,0.295912,1.38143,3.9765
B,0,20000,1.4142,1,5,0.295916,0.296227,0.020313,0.0202635,-0.020373,-0.0204243,0.0910148,-0.00658699,0.0894141,0.0117669,0.00156306,0.00175966,0.01027,0.0102703,0.0641828,0.0208392,0.02045,0.00923405,0.00923404,3.92674E-07,7.88975E-08,0.00427164,0.0041428,9.9415E-09,0,1.45438E-05,0,0.295915,0.295916,1.38143,3.9765
A,0,20000,1.4142,1,6,0.295551,0.296512,0.020374,0.0202008,-0.0203515,-0.0204481,0.0909117,-0.00658641,0.0895171,0.0117671,0.00156307,0.0017597,0.01027,0.0102703,0.0642523,0.0208043,0.0204158,0.00923363,0.00923499,3.93093E-07,7.88439E-08,0.00427184,0.00414282,0,0,0,0,0.295551,0.295551,1.39879,3.9729
F1,0,20000,1.4142,1,6,0.29253,0.292838,0.0250971,0.0155443,-0.0156825,-0.0251826,0.0909643,-0.00654025,0.0894146,0.011765,0.00156308,0.00175933,0.0102694,0.0102703,0.064183,0.0208384,0.0204506,0.0095077,0.00950207,4.14544E-07,8.59133E-08,0.00427305,0.0041428,0.00217708,0,0.00680595,0,0.292529,0.29253,1.38112,3.9729
F2,0,20000,1.4142,1,6,0.295912,0.296223,0.0203182,0.0202582,-0.0203768,-0.0204215,0.0910148,-0.00658695,0.0894141,0.0117669,0.00156306,0.00175966,0.01027,0.0102703,0.0641828,0.0208392,0.0204501,0.00923405,0.00923403,3.92684E-07,7.89019E-08,0.00427164,0.0041428,2.29911E-08,0,2.21172E-05,0,0.295912,0.295912,1.38143,3.9729
B,0,20000,1.4142,1,6,0.295916,0.296227,0.020313,0.0202635,-0.020373,-0.0204243,0.0910148,-0.00658699,0.0894141,0.0117669,0.00156306,0.00175966,0.01027,0.0102703,0.0641828,0.0208392,0.02045,0.00923405,0.00923404,3.92674E-07,7.88975E-08,0.00427164,0.0041428,9.9415E-09,0,1.45438E-05,0,0.295915,0.295916,1.38143,3.9729
A,0,20000,2.8284,1,0,0.295289,0.296376,0.0204527,0.0201054,-0.0202971,-0.0204909,0.0908679,-0.00637551,0.0895267,0.0117659,0.00156352,0.00175416,0.0102608,0.0102738,0.0642579,0.0207865,0.0204251,0.00923063,0.00923167,3.99546E-07,8.42149E-08,0.00427782,0.00414281,0,0,0,0,0.295289,0.295289,2.81365,3.97189
F1,0,20000,2.8284,1,0,0.295592,0.29607,0.0204517,0.0201078,-0.0202978,-0.0204883,0.0909637,-0.00637598,0.0894304,0.0117657,0.00156352,0.00175412,0.0102608,0.0102738,0.064193,0.0208191,0.0204572,0.00923114,0.00923073,3.99253E-07,8.43197E-08,0.00427764,0.00414279,1.94418E-06,0,0.000203385,0,0.295591,0.295592,2.79665,3.97189
F2,0,20000,2.8284,1,0,0.295751,0.29623,0.020341,0.0202194,-0.0203483,-0.0204406,0.090966,-0.00637678,0.0894304,0.0117658,0.00156352,0.00175414,0.0102608,0.0102738,0.0641929,0.0208192,0.0204571,0.00923081,0.00923071,3.98829E-07,8.41314E-08,0.00427759,0.00414279,9.19559E-08,0,4.42325E-05,0,0.29575,0.29575,2.79667,3.97189
B,0,20000,2.8284,1,0,0.295766,0.296246,0.0203307,0.02023,-0.0203399,-0.0204452,0.0909662,-0.00637686,0.0894304,0.0117658,0.00156352,0.00175414,0.0102608,0.0102738,0.0641929,0.0208192,0.0204571,0.00923079,0.00923072,3.9879E-07,8.41137E-08,0.00427759,0.00414279,3.97624E-08,0,2.90863E-05,0,0.295765,0.295765,2.79667,3.97189
A,0,20000,2.8284,1,1,0.295289,0.296376,0.0204528,0.0201055,-0.0202971,-0.0204909,0.0908677,-0.0063755,0.0895267,0.0117658,0.00156353,0.00175416,0.0102608,0.0102739,0.0642579,0.0207864,0.0204252,0.00923062,0.00923166,3.99582E-07,8.42335E-08,0.0042778,0.00414281,0,0,0,0,0.295289,0.295289,2.81299,4.28571
F1,0,20000,2.8284,1,1,0.292637,0.29289,0.0592931,-1.6065E-05,1.70407E-05,-0.0600143,0.0903581,-0.00569728,0.089472,0.0117033,0.00156479,0.00175053,0.0102093,0.0103114,0.0642089,0.0207177,0.0205394,0.0228472,0.0228906,1.42729E-06,5.04527E-07,0.00433921,0.00414279,0.0847032,0,0.0424523,0,0.292636,0.292635,2.79694,4.28571
F2,0,20000,2.8284,1,1,0.292637,0.29289,0.0592931,-1.6065E-05,1.70407E-05,-0.0600143,0.0903581,-0.00569728,0.089472,0.0117033,0.00156479,0.00175053,0.0102093,0.0103114,0.0642089,0.0207177,0.0205394,0.0228472,0.0228906,1.42729E-06,5.04527E-07,0.00433921,0.00414279,0.0847032,0,0.0424523,0,0.292636,0.292635,2.79694,4.28571
B,0,20000,2.8284,1,1,0.292637,0.29289,0.0592931,-1.60649E-05,1.70407E-05,-0.0600143,0.0903581,-0.00569728,0.089472,0.0117033,0.00156479,0.00175053,0.0102093,0.0103114,0.0642089,0.0207177,0.0205394,0.0228472,0.0228906,1.42729E-06,5.04527E-07,0.00433921,0.00414279,0.0847032,0,0.0424523,0,0.292636,0.292635,2.79694,4.28571
A,0,20000,2.8284,1,2,0.295289,0.296376,0.0204526,0.0201054,-0.0202972,-0.0204908,0.0908681,-0.0063757,0.0895268,0.0117658,0.00156352,0.00175416,0.0102608,0.0102738,0.064258,0.0207865,0.020425,0.00923062,0.00923166,3.99592E-07,8.4229E-08,0.00427784,0.00414281,0,0,0,0,0.295288,0.295289,2.81307,4.07647
F1,0,20000,2.8284,1,2,0.292697,0.292963,0.0592023,-3.20033E-05,2.92379E-05,-0.0599322,0.090357,-0.0056866,0.089472,0.0117036,0.00156477,0.00175053,0.0102094,0.0103113,0.064209,0.0207179,0.0205392,0.0228453,0.0228886,1.42806E-06,5.05222E-07,0.00433935,0.00414279,0.0846947,0,0.0424502,0,0.292702,0.292698,2.79617,4.07647
F2,0,20000,2.8284,1,2,0.29575,0.29623,0.020341,0.0202194,-0.0203482,-0.0204407,0.0909662,-0.0063765,0.0894304,0.0117658,0.00156351,0.00175414,0.0102609,0.0102738,0.064193,0.0208193,0.0204571,0.0092308,0.0092307,3.98874E-07,8.41452E-08,0.00427761,0.00414279,9.19524E-08,0,4.42316E-05,0,0.295749,0.29575,2.79386,4.07647
B,0,20000,2.8284,1,2,0.295766,0.296246,0.0203306,0.0202301,-0.0203399,-0.0204452,0.0909664,-0.00637659,0.0894304,0.0117658,0.00156351,0.00175414,0.0102609,0.0102737,0.064193,0.0208193,0.0204571,0.00923079,0.00923072,3.98834E-07,8.41275E-08,0.00427761,0.00414279,3.97609E-08,0,2.90857E-05,0,0.295764,0.295765,2.79386,4.07647
A,0,20000,2.8284,1,3,0.295289,0.296376,0.0204526,0.0201054,-0.0202972,-0.0204908,0.0908681,-0.0063757,0.0895268,0.0117658,0.00156352,0.00175416,0.0102608,0.0102738,0.064258,0.0207865,0.020425,0.00923062,0.00923166,3.99592E-07,8.4229E-08,0.00427784,0.00414281,0,0,0,0,0.295288,0.295289,2.81307,4.07646
F1,0,20000,2.8284,1,3,0.295592,0.29607,0.0204517,0.0201079,-0.0202978,-0.0204884,0.0909639,-0.00637553,0.0894305,0.0117657,0.00156351,0.00175412,0.0102608,0.0102738,0.064193,0.0208191,0.0204572,0.00923113,0.00923072,3.99298E-07,8.43335E-08,0.00427766,0.00414279,1.9441E-06,0,0.000203381,0,0.29559,0.295591,2.79384,4.07646
F2,0,20000,2.8284,1,3,0.292697,0.292963,0.0592023,-3.2004E-05,2.92383E-05,-0.0599322,0.090357,-0.0056866,0.089472,0.0117036,0.00156477,0.00175053,0.0102094,0.0103113,0.064209,0.0207179,0.0205392,0.0228453,0.0228886,1.42806E-06,5.05222E-07,0.00433935,0.00414279,0.0846947,0,0.0424502,0,0.292702,0.292698,2.79617,4.07646
B,0,20000,2.8284,1,3,0.295766,0.296246,0.0203306,0.0202301,-0.0203399,-0.0204452,0.0909664,-0.00637659,0.0894304,0.0117658,0.00156351,0.00175414,0.0102609,0.0102737,0.064193,0.0208193,0.0204571,0.00923079,0.00923072,3.98834E-07,8.41275E-08,0.00427761,0.00414279,3.97609E-08,0,2.90857E-05,0,0.295764,0.295765,2.79386,4.07646
A,0,20000,2.8284,1,4,0.295289,0.296376,0.0204526,0.0201054,-0.0202972,-0.0204908,0.0908681,-0.0063757,0.0895268,0.0117658,0.00156352,0.00175416,0.0102608,0.0102738,0.064258,0.0207865,0.020425,0.00923062,0.00923166,3.99592E-07,8.4229E-08,0.00427784,0.00414281,0,0,0,0,0.295288,0.295289,2.81307,4.07646
F1,0,20000,2.8284,1,4,0.295592,0.29607,0.0204517,0.0201079,-0.0202978,-0.0204884,0.0909639,-0.00637553,0.0894305,0.0117657,0.00156351,0.00175412,0.0102608,0.0102738,0.064193,0.0208191,0.0204572,0.00923113,0.00923072,3.99298E-07,8.43335E-08,0.00427766,0.00414279,1.9441E-06,0,0.000203381,0,0.29559,0.295591,2.79385,4.07646
F2,0,20000,2.8284,1,4,0.29575,0.29623,0.020341,0.0202194,-0.0203482,-0.0204407,0.0909662,-0.0063765,0.0894304,0.0117658,0.00156351,0.00175414,0.0102609,0.0102738,0.064193,0.0208193,0.0204571,0.0092308,0.0092307,3.98874E-07,8.41452E-08,0.00427761,0.00414279,9.19525E-08,0,4.42316E-05,0,0.295749,0.29575,2.79386,4.07646
B,0,20000,2.8284,1,4,0.292697,0.292963,0.0592024,-3.2E-05,2.9236E-05,-0.0599322,0.090357,-0.0056866,0.089472,0.0117036,0.00156477,0.00175053,0.0102094,0.0103113,0.064209,0.0207179,0.0205392,0.0228453,0.0228886,1.42806E-06,5.05221E-07,0.00433935,0.00414279,0.0846947,0,0.0424502,0,0.292702,0.292698,2.79617,4.07646
A,0,20000,2.8284,1,5,0.295289,0.296376,0.0204526,0.0201054,-0.0202972,-0.0204908,0.0908681,-0.00637573,0.0895268,0.0117659,0.00156351,0.00175416,0.0102608,0.0102738,0.064258,0.0207866,0.020425,0.00923063,0.00923167,3.99552E-07,8.42089E-08,0.00427784,0.00414281,0,0,0,0,0.295288,0.295289,2.81308,4.01449
F1,0,20000,2.8284,1,5,0.274469,0.274715,0.0489138,1.56358E-05,-2.67312E-05,-0.0493786,0.0904276,-0.00602029,0.0894527,0.01173,0.00156426,0.00175082,0.0102331,0.0102933,0.0642018,0.0207646,0.0205007,0.0173811,0.0173748,9.57565E-07,2.7724E-07,0.00431018,0.00414279,0.0577465,0,0.0350521,0,0.274467,0.274466,2.79624,4.01449
F2,0,20000,2.8284,1,5,0.295751,0.29623,0.020341,0.0202194,-0.0203482,-0.0204407,0.0909662,-0.00637649,0.0894304,0.0117658,0.00156351,0.00175414,0.0102609,0.0102737,0.064193,0.0208193,0.0204571,0.00923081,0.00923071,3.98834E-07,8.41252E-08,0.00427761,0.00414279,9.19524E-08,0,4.42317E-05,0,0.295749,0.29575,2.79387,4.01449
B,0,20000,2.8284,1,5,0.295766,0.296246,0.0203306,0.0202301,-0.0203399,-0.0204451,0.0909665,-0.00637658,0.0894304,0.0117658,0.00156351,0.00175414,0.0102609,0.0102737,0.064193,0.0208193,0.020457,0.00923079,0.00923073,3.98794E-07,8.41075E-08,0.00427761,0.00414279,3.97609E-08,0,2.90857E-05,0,0.295764,0.295766,2.79387,4.01449
A,0,20000,2.8284,1,6,0.295289,0.296376,0.0204525,0.0201054,-0.0202972,-0.0204908,0.090868,-0.00637561,0.0895268,0.0117659,0.00156352,0.00175416,0.0102608,0.0102738,0.064258,0.0207865,0.0204251,0.00923063,0.00923167,3.9955E-07,8.4211E-08,0.00427783,0.00414281,0,0,0,0,0.295288,0.295289,2.81342,3.97406
F1,0,20000,2.8284,1,6,0.282281,0.28277,0.0299725,0.01086,-0.011045,-0.030051,0.0907588,-0.00628089,0.0894362,0.0117579,0.0015637,0.00175278,0.010255,0.0102777,0.064195,0.020807,0.0204666,0.0103294,0.0103068,4.87678E-07,1.13104E-07,0.00428334,0.00414279,0.00870506,0,0.0136094,0,0.282277,0.282279,2.79398,3.97406
F2,0,20000,2.8284,1,6,0.295751,0.29623,0.020341,0.0202194,-0.0203482,-0.0204406,0.0909661,-0.00637661,0.0894304,0.0117658,0.00156351,0.00175414,0.0102609,0.0102738,0.064193,0.0208193,0.0204571,0.00923081,0.00923071,3.98833E-07,8.41274E-08,0.0042776,0.00414279,9.19538E-08,0,4.4232E-05,0,0.295749,0.29575,2.79502,3.97406
B,0,20000,2.8284,1,6,0.295766,0.296246,0.0203306,0.02023,-0.02034,-0.0204452,0.0909664,-0.0063767,0.0894304,0.0117658,0.00156351,0.00175414,0.0102609,0.0102738,0.064193,0.0208193,0.0204571,0.00923079,0.00923073,3.98793E-07,8.41097E-08,0.0042776,0.00414279,3.97615E-08,0,2.90859E-05,0,0.295765,0.295765,2.79502,3.97406
A,0,20000,3.818,1,0,0.294954,0.296275,0.0205047,0.0200348,-0.0202566,-0.020519,0.090804,-0.00622839,0.0895531,0.0117645,0.0015644,0.00174813,0.0102355,0.0102925,0.0642697,0.0207335,0.0204629,0.00922744,0.00922793,4.06755E-07,9.01874E-08,0.00428443,0.00414281,0,0,0,0,0.294954,0.294954,3.80351,3.97133
F1,0,20000,3.818,1,0,0.295192,0.29604,0.0205033,0.0200376,-0.0202582,-0.0205161,0.090877,-0.00622763,0.0894798,0.0117644,0.0015644,0.0017481,0.0102355,0.0102925,0.0642202,0.0207581,0.0204876,0.00922811,0.00922692,4.06524E-07,9.02741E-08,0.00428429,0.00414279,3.54116E-06,0,0.000274488,0,0.295191,0.295191,3.78603,3.97133
F2,0,20000,3.818,1,0,0.295479,0.296334,0.0203545,0.0201884,-0.0203243,-0.0204536,0.0908813,-0.00622894,0.0894796,0.0117645,0.00156439,0.00174813,0.0102357,0.0102923,0.0642201,0.0207586,0.0204872,0.00922734,0.00922705,4.05739E-07,8.99272E-08,0.00428421,0.00414279,1.67491E-07,0,5.96963E-05,0,0.295478,0.295478,3.78604,3.97133
B,0,20000,3.818,1,0,0.295506,0.296362,0.020341,0.0202028,-0.0203126,-0.0204586,0.0908817,-0.00622907,0.0894795,0.0117645,0.00156439,0.00174813,0.0102357,0.0102923,0.0642201,0.0207586,0.0204872,0.00922729,0.0092271,4.05666E-07,8.98946E-08,0.0042842,0.00414279,7.24245E-08,0,3.92549E-05,0,0.295505,0.295506,3.78605,3.97133
A,0,20000,3.818,1,1,0.294954,0.296275,0.0205056,0.0200339,-0.0202559,-0.0205194,0.0908042,-0.00622783,0.0895532,0.0117645,0.0015644,0.00174815,0.0102355,0.0102926,0.0642697,0.0207334,0.0204629,0.00922742,0.0092279,4.06876E-07,9.02347E-08,0.00428446,0.00414281,0,0,0,0,0.294953,0.294954,3.8035,4.75031
F1,0,20000,3.818,1,1,0.320936,0.321956,0.0794621,-8.86674E-05,8.0665E-05,-0.081598,0.0896563,-0.00511208,0.0896836,0.0116239,0.00156877,0.00174392,0.0100101,0.0104818,0.0642956,0.0202621,0.0208968,0.037789,0.0381525,2.86493E-06,1.202E-06,0.00442866,0.00414282,0.152902,0,0.0570401,0,0.320902,0.320987,3.79024,4.75031
F2,0,20000,3.818,1,1,0.320936,0.321956,0.0794621,-8.86674E-05,8.0665E-05,-0.081598,0.0896563,-0.00511208,0.0896836,0.0116239,0.00156877,0.00174392,0.0100101,0.0104818,0.0642956,0.0202621,0.0208968,0.037789,0.0381525,2.86493E-06,1.202E-06,0.00442866,0.00414282,0.152902,0,0.0570401,0,0.320902,0.320987,3.79024,4.75031
B,0,20000,3.818,1,1,0.320936,0.321956,0.079462,-8.86673E-05,8.06649E-05,-0.081598,0.0896563,-0.00511208,0.0896836,0.0116239,0.00156877,0.00174392,0.0100101,0.0104818,0.0642956,0.0202621,0.0208968,0.037789,0.0381525,2.86493E-06,1.202E-06,0.00442866,0.00414282,0.152902,0,0.0570401,0,0.320902,0.320987,3.79024,4.75031
A,0,20000,3.818,1,2,0.294954,0.296275,0.0205051,0.0200346,-0.0202565,-0.0205191,0.0908052,-0.00622796,0.0895532,0.0117645,0.00156438,0.00174815,0.0102356,0.0102924,0.0642698,0.0207337,0.0204626,0.00922742,0.00922791,4.06901E-07,9.02261E-08,0.00428456,0.00414281,0,0,0,0,0.294953,0.294954,3.80349,4.23094
F1,0,20000,3.818,1,2,0.320944,0.321954,0.0794698,-9.2608E-05,8.05123E-05,-0.0816092,0.0896565,-0.00512803,0.0896835,0.0116241,0.00156874,0.00174395,0.0100101,0.0104816,0.0642956,0.0202623,0.0208966,0.0377845,0.0381475,2.86149E-06,1.20153E-06,0.0044288,0.00414282,0.152879,0,0.0570342,0,0.320962,0.320943,3.79067,4.23094
F2,0,20000,3.818,1,2,0.295478,0.296334,0.0203546,0.0201884,-0.0203242,-0.0204536,0.0908826,-0.00622896,0.0894796,0.0117645,0.00156437,0.00174815,0.0102358,0.0102922,0.0642202,0.0207588,0.0204869,0.00922732,0.00922703,4.05884E-07,8.99665E-08,0.00428434,0.00414279,1.67458E-07,0,5.96918E-05,0,0.295478,0.295478,3.78903,4.23094
B,0,20000,3.818,1,2,0.295506,0.296362,0.020341,0.0202028,-0.0203126,-0.0204586,0.090883,-0.00622908,0.0894796,0.0117645,0.00156437,0.00174815,0.0102358,0.0102922,0.0642202,0.0207588,0.0204869,0.00922727,0.00922707,4.05811E-07,8.99339E-08,0.00428433,0.00414279,7.24101E-08,0,3.92519E-05,0,0.295505,0.295505,3.78903,4.23094
A,0,20000,3.818,1,3,0.294954,0.296274,0.0205052,0.0200345,-0.0202564,-0.0205191,0.0908039,-0.00622787,0.0895531,0.0117644,0.00156441,0.00174815,0.0102354,0.0102926,0.0642696,0.0207334,0.0204631,0.00922742,0.0092279,4.0687E-07,9.02387E-08,0.00428442,0.00414281,0,0,0,0,0.294953,0.294954,3.80351,4.23098
F1,0,20000,3.818,1,3,0.295191,0.29604,0.0205033,0.0200375,-0.0202579,-0.0205162,0.0908768,-0.00622769,0.0894799,0.0117643,0.00156441,0.00174812,0.0102354,0.0102926,0.0642202,0.0207579,0.0204877,0.00922809,0.00922689,4.06639E-07,9.03258E-08,0.00428429,0.00414279,3.5411E-06,0,0.000274505,0,0.295189,0.295191,3.78901,4.23098
F2,0,20000,3.818,1,3,0.320941,0.321954,0.079471,-9.29769E-05,8.69003E-05,-0.0816113,0.0896547,-0.00511157,0.0896836,0.011624,0.00156878,0.00174391,0.0100099,0.010482,0.0642956,0.0202618,0.0208971,0.0377897,0.0381533,2.8671E-06,1.20311E-06,0.00442866,0.00414282,0.152909,0,0.0570421,0,0.320952,0.320955,3.79055,4.23098
B,0,20000,3.818,1,3,0.295505,0.296362,0.020341,0.0202028,-0.0203126,-0.0204586,0.0908815,-0.00622908,0.0894796,0.0117645,0.0015644,0.00174815,0.0102356,0.0102924,0.0642202,0.0207584,0.0204873,0.00922726,0.00922707,4.05781E-07,8.99461E-08,0.00428419,0.00414279,7.24233E-08,0,3.92573E-05,0,0.295503,0.295505,3.78902,4.23098
A,0,20000,3.818,1,4,0.294953,0.296275,0.020505,0.0200346,-0.0202565,-0.0205192,0.0908049,-0.00622795,0.0895532,0.0117645,0.00156438,0.00174815,0.0102356,0.0102924,0.0642698,0.0207336,0.0204626,0.00922742,0.00922791,4.06886E-07,9.02257E-08,0.00428454,0.00414281,0,0,0,0,0.294953,0.294954,3.80344,4.23094
F1,0,20000,3.818,1,4,0.295191,0.296041,0.0205033,0.0200375,-0.020258,-0.0205162,0.090878,-0.00622768,0.0894799,0.0117643,0.00156438,0.00174812,0.0102356,0.0102924,0.0642203,0.0207582,0.0204873,0.00922809,0.00922689,4.06655E-07,9.03133E-08,0.0042844,0.00414279,3.54059E-06,0,0.00027447,0,0.295191,0.295191,3.78901,4.23094
F2,0,20000,3.818,1,4,0.295478,0.296334,0.0203546,0.0201884,-0.0203242,-0.0204536,0.0908823,-0.00622896,0.0894796,0.0117645,0.00156437,0.00174815,0.0102358,0.0102922,0.0642202,0.0207587,0.020487,0.00922732,0.00922703,4.0587E-07,8.99663E-08,0.00428431,0.00414279,1.67464E-07,0,5.96923E-05,0,0.295478,0.295478,3.78902,4.23094
B,0,20000,3.818,1,4,0.320901,0.321959,0.0794598,-9.2896E-05,8.48838E-05,-0.0816121,0.089656,-0.00511091,0.0896833,0.0116243,0.00156872,0.00174385,0.0100103,0.0104814,0.0642955,0.0202625,0.0208964,0.0377849,0.038147,2.85817E-06,1.20126E-06,0.00442879,0.00414282,0.15288,0,0.0570336,0,0.320906,0.32091,3.78973,4.23094
A,0,20000,3.818,1,5,0.294954,0.296275,0.0205047,0.0200348,-0.0202567,-0.020519,0.0908039,-0.00622832,0.0895531,0.0117645,0.00156441,0.00174814,0.0102354,0.0102926,0.0642697,0.0207334,0.020463,0.00922742,0.00922791,4.0684E-07,9.0226E-08,0.00428442,0.00414281,0,0,0,0,0.294953,0.294954,3.80349,4.1229
F1,0,20000,3.818,1,5,0.290823,0.291413,0.0656986,-2.18209E-05,2.81262E-05,-0.0670709,0.089892,-0.00539544,0.0896009,0.011673,0.00156733,0.0017432,0.010097,0.0104076,0.0642664,0.0204514,0.0207409,0.0270693,0.0272628,1.89175E-06,7.35684E-07,0.00437531,0.00414281,0.104526,0,0.0471591,0,0.290825,0.290823,3.78289,4.1229
F2,0,20000,3.818,1,5,0.295478,0.296335,0.0203546,0.0201884,-0.0203242,-0.0204536,0.0908811,-0.00622898,0.0894797,0.0117645,0.0015644,0.00174814,0.0102357,0.0102924,0.0642202,0.0207584,0.0204873,0.00922732,0.00922703,4.05823E-07,8.9966E-08,0.0042842,0.00414279,1.67492E-07,0,5.96964E-05,0,0.295477,0.295478,3.78641,4.1229
B,0,20000,3.818,1,5,0.295505,0.296363,0.020341,0.0202028,-0.0203126,-0.0204586,0.0908815,-0.00622911,0.0894797,0.0117645,0.0015644,0.00174814,0.0102357,0.0102924,0.0642202,0.0207585,0.0204872,0.00922727,0.00922708,4.0575E-07,8.99334E-08,0.00428419,0.00414279,7.24248E-08,0,3.9255E-05,0,0.295504,0.295505,3.78641,4.1229
A,0,20000,3.818,1,6,0.294954,0.296275,0.0205049,0.0200347,-0.0202567,-0.020519,0.0908042,-0.00622884,0.0895532,0.0117645,0.00156439,0.00174814,0.0102355,0.0102925,0.0642697,0.0207335,0.0204628,0.00922744,0.00922793,4.06769E-07,9.01929E-08,0.00428446,0.00414281,0,0,0,0,0.294953,0.294954,3.80283,3.97562
F1,0,20000,3.818,1,6,0.271087,0.272031,0.0334217,0.0076344,-0.00790066,-0.0335487,0.0904882,-0.00609404,0.0895027,0.0117499,0.00156498,0.0017458,0.0102127,0.0103113,0.0642282,0.0207067,0.0205293,0.0112371,0.0111968,5.70557E-07,1.44767E-07,0.00429484,0.0041428,0.0158438,0,0.0183604,0,0.27108,0.271084,3.78101,3.97562
F2,0,20000,3.818,1,6,0.295479,0.296335,0.0203546,0.0201884,-0.0203243,-0.0204536,0.0908815,-0.00622896,0.0894796,0.0117645,0.00156438,0.00174813,0.0102357,0.0102923,0.0642202,0.0207586,0.0204871,0.00922734,0.00922705,4.05754E-07,8.99326E-08,0.00428423,0.00414279,1.67485E-07,0,5.96952E-05,0,0.295477,0.295478,3.78251,3.97562
B,0,20000,3.818,1,6,0.295506,0.296363,0.020341,0.0202028,-0.0203126,-0.0204585,0.0908819,-0.00622908,0.0894796,0.0117645,0.00156438,0.00174814,0.0102358,0.0102923,0.0642202,0.0207586,0.0204871,0.00922729,0.0092271,4.0568E-07,8.98999E-08,0.00428423,0.00414279,7.24217E-08,0,3.92542E-05,0,0.295504,0.295505,3.78251,3.97562
A,10,1000,3.818,0.25,0,0.295045,0.296188,0.0205029,0.0200365,-0.0202638,-0.0204973,0.090837,-0.0067445,0.0895227,0.0117644,0.00156297,0.00176143,0.0102713,0.0102708,0.0642558,0.0208032,0.0204141,0.00922713,0.00922804,3.98024E-07,8.10313E-08,0.00426953,0.00414281,0,0,0,0,0.295045,0.295045,3.80212,3.9714
F1,10,1000,3.818,0.25,0,0.29536,0.295868,0.0205023,0.0200372,-0.0202643,-0.0204958,0.09094,-0.00674433,0.0894191,0.0117642,0.00156297,0.00176139,0.0102713,0.0102707,0.0641859,0.0208383,0.0204486,0.00922709,0.00922763,3.97682E-07,8.11476E-08,0.00426932,0.00414279,3.54148E-06,0,0.000274501,0,0.29536,0.29536,3.78624,3.9714
F2,10,1000,3.818,0.25,0,0.295658,0.29615,0.0203527,0.0201885,-0.0203445,-0.0204163,0.0909441,-0.00674622,0.0894192,0.0117643,0.00156297,0.00176138,0.0102713,0.0102707,0.0641859,0.0208384,0.0204486,0.00922707,0.00922701,3.97048E-07,8.09146E-08,0.0042693,0.00414279,1.6751E-07,0,5.96997E-05,0,0.295659,0.295659,3.78625,3.9714
B,10,1000,3.818,0.25,0,0.29517,0.294744,0.0209939,0.0195337,-0.0197599,-0.0210411,0.0911612,-0.00674829,0.0892135,0.0117645,0.00156298,0.00176132,0.0102715,0.0102708,0.0642339,0.020815,0.0204244,0.00922343,0.00924691,3.95851E-07,8.06181E-08,0.00426889,0.00414276,4.47871E-08,0,3.08694E-05,0,0.295169,0.295169,2.94051,3.9714
A,10,1000,3.818,0.25,1,0.295044,0.296189,0.0205029,0.0200365,-0.0202638,-0.0204973,0.0908371,-0.00674449,0.0895231,0.0117644,0.00156296,0.00176143,0.0102714,0.0102707,0.064256,0.0208032,0.0204139,0.00922715,0.00922804,3.98027E-07,8.10235E-08,0.00426957,0.00414281,0,0,0,0,0.295041,0.295044,3.80213,4.32314
F1,10,1000,3.818,0.25,1,0.300698,0.300936,0.0651559,-4.94091E-08,2.18817E-08,-0.0655269,0.0902919,-0.00630241,0.0894215,0.0116802,0.00156288,0.0017674,0.0102648,0.0102706,0.0641861,0.0208385,0.0204481,0.026616,0.0266064,1.40625E-06,3.3412E-07,0.00432152,0.00414278,0.102027,0,0.0465917,0,0.300086,0.300641,3.78706,4.32314
F2,10,1000,3.818,0.25,1,0.300698,0.300936,0.0651559,-4.94091E-08,2.18817E-08,-0.0655269,0.0902919,-0.00630241,0.0894215,0.0116802,0.00156288,0.0017674,0.0102648,0.0102706,0.0641861,0.0208385,0.0204481,0.026616,0.0266064,1.40625E-06,3.3412E-07,0.00432152,0.00414278,0.102027,0,0.0465917,0,0.300086,0.300641,3.78706,4.32314
B,10,1000,3.818,0.25,1,0.284374,0.283691,0.0523297,2.44667E-06,-3.2455E-06,-0.0526816,0.0907212,-0.00639479,0.0892135,0.0117233,0.00156293,0.00176393,0.0102685,0.0102708,0.0642339,0.0208149,0.0204244,0.0189378,0.0189572,9.39209E-07,2.12265E-07,0.00429428,0.00414275,0.0630768,0,0.0366341,0,0.283867,0.284327,2.94152,4.32314
A,10,1000,3.818,0.25,2,0.295045,0.296188,0.0205029,0.0200365,-0.0202638,-0.0204973,0.090837,-0.00674449,0.0895228,0.0117644,0.00156297,0.00176143,0.0102713,0.0102708,0.0642558,0.0208032,0.0204141,0.00922714,0.00922804,3.98025E-07,8.10306E-08,0.00426954,0.00414281,0,0,0,0,0.295045,0.295045,3.80208,4.11729
F1,10,1000,3.818,0.25,2,0.300456,0.301173,0.0651509,-4.31746E-08,1.31031E-08,-0.0655219,0.0902908,-0.00630245,0.0894184,0.01168,0.00156289,0.00176734,0.0102648,0.0102707,0.064186,0.0208385,0.0204484,0.0266065,0.0266298,1.40599E-06,3.34415E-07,0.00432118,0.00414278,0.102053,0,0.0465977,0,0.300071,0.300156,3.7869,4.11729
F2,10,1000,3.818,0.25,2,0.295658,0.296151,0.0203527,0.0201885,-0.0203445,-0.0204163,0.0909441,-0.00674622,0.0894192,0.0117643,0.00156297,0.00176138,0.0102713,0.0102707,0.064186,0.0208383,0.0204485,0.00922707,0.00922701,3.97049E-07,8.0914E-08,0.00426931,0.00414279,1.67496E-07,0,5.96971E-05,0,0.295658,0.295658,3.78619,4.11729
B,10,1000,3.818,0.25,2,0.29517,0.294745,0.0209939,0.0195337,-0.0197599,-0.0210411,0.0911612,-0.00674829,0.0892135,0.0117645,0.00156298,0.00176132,0.0102715,0.0102708,0.0642339,0.020815,0.0204244,0.00922343,0.00924691,3.95851E-07,8.06176E-08,0.00426889,0.00414276,4.47833E-08,0,3.08681E-05,0,0.295169,0.295169,2.94042,4.11729
A,10,1000,3.818,0.25,4,0.295045,0.296188,0.0205029,0.0200365,-0.0202638,-0.0204973,0.090837,-0.0067445,0.0895227,0.0117644,0.00156297,0.00176143,0.0102713,0.0102708,0.0642558,0.0208032,0.0204141,0.00922713,0.00922804,3.98024E-07,8.10313E-08,0.00426953,0.00414281,0,0,0,0,0.295045,0.295045,3.80212,4.03158
F1,10,1000,3.818,0.25,4,0.29536,0.295868,0.0205023,0.0200372,-0.0202643,-0.0204958,0.09094,-0.00674433,0.0894191,0.0117642,0.00156297,0.00176139,0.0102713,0.0102707,0.0641859,0.0208383,0.0204486,0.00922709,0.00922763,3.97682E-07,8.11476E-08,0.00426932,0.00414279,3.54148E-06,0,0.000274501,0,0.29536,0.29536,3.78624,4.03158
F2,10,1000,3.818,0.25,4,0.295658,0.29615,0.0203527,0.0201885,-0.0203445,-0.0204163,0.0909441,-0.00674622,0.0894192,0.0117643,0.00156297,0.00176138,0.0102713,0.0102707,0.0641859,0.0208384,0.0204486,0.00922707,0.00922701,3.97048E-07,8.09146E-08,0.0042693,0.00414279,1.6751E-07,0,5.96997E-05,0,0.295659,0.295659,3.78625,4.03158
B,10,1000,3.818,0.25,4,0.284155,0.283883,0.0523294,2.44436E-06,-3.24026E-06,-0.0526812,0.0907202,-0.00639481,0.089211,0.0117231,0.00156294,0.00176389,0.0102685,0.0102708,0.0642339,0.0208148,0.0204245,0.0189282,0.0189748,9.38869E-07,2.12467E-07,0.00429399,0.00414275,0.0630957,0,0.0366396,0,0.283854,0.283887,2.94131,4.03158
A,10,1000,3.818,0.25,5,0.295045,0.296188,0.0205029,0.0200365,-0.0202638,-0.0204973,0.090837,-0.00674449,0.0895228,0.0117644,0.00156297,0.00176143,0.0102713,0.0102708,0.0642558,0.0208032,0.0204141,0.00922714,0.00922804,3.98025E-07,8.10306E-08,0.00426954,0.00414281,0,0,0,0,0.295045,0.295045,3.80208,4.05978
F1,10,1000,3.818,0.25,5,0.280714,0.281337,0.0569336,5.00184E-07,-5.87714E-07,-0.0572569,0.0902937,-0.00635164,0.089418,0.011704,0.00156292,0.00176517,0.010267,0.0102708,0.064186,0.0208376,0.0204492,0.0214279,0.0214334,1.11901E-06,2.63094E-07,0.00430427,0.00414279,0.0779328,0,0.0407203,0,0.2804,0.280467,3.78653,4.05978
F2,10,1000,3.818,0.25,5,0.295658,0.296151,0.0203527,0.0201885,-0.0203445,-0.0204163,0.0909441,-0.00674622,0.0894192,0.0117643,0.00156297,0.00176138,0.0102713,0.0102707,0.064186,0.0208383,0.0204485,0.00922707,0.00922701,3.97049E-07,8.0914E-08,0.0042693,0.00414279,1.67497E-07,0,5.96973E-05,0,0.295658,0.295658,3.78619,4.05978
B,10,1000,3.818,0.25,5,0.29517,0.294745,0.0209939,0.0195337,-0.0197599,-0.0210411,0.0911612,-0.00674829,0.0892135,0.0117645,0.00156298,0.00176132,0.0102715,0.0102708,0.0642339,0.020815,0.0204244,0.00922343,0.00924691,3.95851E-07,8.06176E-08,0.00426889,0.00414276,4.47835E-08,0,3.08681E-05,0,0.295169,0.295169,2.94042,4.05978
A,10,1000,3.818,0.5,0,0.295044,0.296187,0.0205032,0.0200361,-0.0202635,-0.0204976,0.090837,-0.00674449,0.0895227,0.0117644,0.00156297,0.00176143,0.0102713,0.0102708,0.0642558,0.0208032,0.0204141,0.00922713,0.00922804,3.98026E-07,8.10319E-08,0.00426953,0.00414281,0,0,0,0,0.295044,0.295045,3.80212,3.97077
F1,10,1000,3.818,0.5,0,0.29536,0.295868,0.0205023,0.0200372,-0.0202643,-0.0204958,0.09094,-0.00674433,0.0894191,0.0117642,0.00156297,0.00176139,0.0102713,0.0102707,0.0641859,0.0208383,0.0204486,0.00922709,0.00922763,3.97682E-07,8.11476E-08,0.00426932,0.00414279,3.54148E-06,0,0.000274501,0,0.29536,0.29536,3.78624,3.97077
F2,10,1000,3.818,0.5,0,0.295658,0.29615,0.0203527,0.0201885,-0.0203445,-0.0204163,0.0909441,-0.00674622,0.0894192,0.0117643,0.00156297,0.00176138,0.0102713,0.0102707,0.0641859,0.0208384,0.0204486,0.00922707,0.00922701,3.97048E-07,8.09146E-08,0.0042693,0.00414279,1.6751E-07,0,5.96997E-05,0,0.295659,0.295659,3.78625,3.97077
B,10,1000,3.818,0.5,0,0.291779,0.291359,0.0216836,0.0187569,-0.0190876,-0.0216342,0.091036,-0.00669691,0.0891454,0.0117569,0.00156298,0.00176108,0.0102715,0.0102708,0.0642173,0.0208224,0.0204333,0.00922402,0.00924773,4.15248E-07,9.11625E-08,0.00426813,0.00414272,1.78924E-07,0,6.17E-05,0,0.291773,0.291773,5.92596,3.97077
A,10,1000,3.818,0.5,1,0.295044,0.296189,0.0205033,0.0200361,-0.0202635,-0.0204976,0.090837,-0.00674449,0.0895231,0.0117644,0.00156296,0.00176143,0.0102714,0.0102707,0.064256,0.0208032,0.0204139,0.00922715,0.00922805,3.98029E-07,8.10242E-08,0.00426957,0.00414281,0,0,0,0,0.29504,0.295044,3.80212,4.73471
F1,10,1000,3.818,0.5,1,0.300694,0.300939,0.065156,-4.60665E-08,2.32786E-08,-0.065527,0.0902918,-0.00630241,0.0894214,0.0116802,0.00156288,0.0017674,0.0102648,0.0102706,0.0641861,0.0208385,0.0204481,0.0266159,0.0266068,1.40624E-06,3.34125E-07,0.00432151,0.00414278,0.102027,0,0.0465918,0,0.300086,0.300633,3.78706,4.73471
F2,10,1000,3.818,0.5,1,0.300694,0.300939,0.065156,-4.60665E-08,2.32787E-08,-0.065527,0.0902918,-0.00630241,0.0894214,0.0116802,0.00156288,0.0017674,0.0102648,0.0102706,0.0641861,0.0208385,0.0204481,0.0266159,0.0266068,1.40624E-06,3.34125E-07,0.00432151,0.00414278,0.102027,0,0.0465918,0,0.300086,0.300633,3.78706,4.73471
B,10,1000,3.818,0.5,1,0.350426,0.347591,0.104443,-5.23481E-06,4.24199E-06,-0.105049,0.0890777,-0.00592852,0.0891572,0.0114853,0.00156276,0.00177879,0.0102513,0.0102714,0.0642176,0.0208211,0.0204343,0.0631305,0.0632314,3.99703E-06,1.16877E-06,0.00442668,0.0041427,0.251966,0,0.0732187,0,0.349392,0.350323,5.92804,4.73471
A,10,1000,3.818,0.5,2,0.295044,0.296187,0.0205032,0.0200361,-0.0202635,-0.0204976,0.090837,-0.00674449,0.0895228,0.0117644,0.00156297,0.00176143,0.0102713,0.0102708,0.0642558,0.0208032,0.0204141,0.00922714,0.00922804,3.98026E-07,8.10312E-08,0.00426954,0.00414281,0,0,0,0,0.295044,0.295044,3.80208,4.11666
F1,10,1000,3.818,0.5,2,0.300456,0.301173,0.0651509,-4.31733E-08,1.3102E-08,-0.0655219,0.0902908,-0.00630245,0.0894184,0.01168,0.00156289,0.00176734,0.0102648,0.0102707,0.064186,0.0208385,0.0204484,0.0266065,0.0266298,1.40599E-06,3.34415E-07,0.00432118,0.00414278,0.102053,0,0.0465978,0,0.300071,0.300156,3.7869,4.11666
F2,10,1000,3.818,0.5,2,0.295658,0.296151,0.0203527,0.0201885,-0.0203445,-0.0204163,0.0909441,-0.00674622,0.0894192,0.0117643,0.00156297,0.00176138,0.0102713,0.0102707,0.064186,0.0208383,0.0204485,0.00922707,0.00922701,3.97049E-07,8.09139E-08,0.0042693,0.00414279,1.67496E-07,0,5.96971E-05,0,0.295658,0.295658,3.78619,4.11666
B,10,1000,3.818,0.5,2,0.291779,0.29136,0.0216836,0.0187569,-0.0190876,-0.0216343,0.091036,-0.00669691,0.0891455,0.0117569,0.00156298,0.00176108,0.0102715,0.0102708,0.0642174,0.0208224,0.0204332,0.00922402,0.00924773,4.15248E-07,9.11609E-08,0.00426814,0.00414272,1.78908E-07,0,6.16974E-05,0,0.291772,0.291774,5.92578,4.11666
A,10,1000,3.818,0.5,4,0.295044,0.296187,0.0205033,0.0200361,-0.0202635,-0.0204976,0.090837,-0.00674449,0.0895227,0.0117644,0.00156297,0.00176143,0.0102713,0.0102708,0.0642558,0.0208032,0.0204141,0.00922713,0.00922804,3.98026E-07,8.10319E-08,0.00426953,0.00414281,0,0,0,0,0.295044,0.295045,3.80212,4.44329
F1,10,1000,3.818,0.5,4,0.29536,0.295868,0.0205023,0.0200372,-0.0202643,-0.0204958,0.09094,-0.00674433,0.0894191,0.0117642,0.00156297,0.00176139,0.0102713,0.0102707,0.0641859,0.0208383,0.0204486,0.00922709,0.00922763,3.97682E-07,8.11477E-08,0.00426932,0.00414279,3.54148E-06,0,0.000274501,0,0.29536,0.29536,3.78624,4.44329
F2,10,1000,3.818,0.5,4,0.295658,0.29615,0.0203527,0.0201885,-0.0203445,-0.0204163,0.0909441,-0.00674622,0.0894192,0.0117643,0.00156297,0.00176138,0.0102713,0.0102707,0.0641859,0.0208384,0.0204486,0.00922707,0.00922701,3.97048E-07,8.09147E-08,0.0042693,0.00414279,1.6751E-07,0,5.96997E-05,0,0.295659,0.295659,3.78625,4.44329
B,10,1000,3.818,0.5,4,0.349961,0.347898,0.104441,-2.63828E-06,3.47558E-06,-0.105052,0.089075,-0.00593034,0.0891512,0.0114847,0.00156278,0.0017787,0.0102513,0.0102715,0.0642175,0.0208209,0.0204345,0.0631136,0.0632919,3.99718E-06,1.1699E-06,0.00442607,0.0041427,0.252041,0,0.0732296,0,0.349336,0.349404,5.92765,4.44329
A,10,1000,3.818,0.5,5,0.295044,0.296187,0.0205032,0.0200361,-0.0202635,-0.0204976,0.090837,-0.00674449,0.0895228,0.0117644,0.00156297,0.00176143,0.0102713,0.0102708,0.0642558,0.0208032,0.0204141,0.00922714,0.00922804,3.98026E-07,8.10312E-08,0.00426954,0.00414281,0,0,0,0,0.295044,0.295044,3.80208,4.05914
F1,10,1000,3.818,0.5,5,0.280714,0.281337,0.0569336,5.00184E-07,-5.87713E-07,-0.0572569,0.0902937,-0.00635164,0.089418,0.011704,0.00156292,0.00176517,0.010267,0.0102708,0.064186,0.0208376,0.0204492,0.0214279,0.0214334,1.11901E-06,2.63094E-07,0.00430427,0.00414279,0.0779328,0,0.0407203,0,0.2804,0.280467,3.78653,4.05914
F2,10,1000,3.818,0.5,5,0.295658,0.296151,0.0203527,0.0201885,-0.0203445,-0.0204163,0.0909441,-0.00674622,0.0894192,0.0117643,0.00156297,0.00176138,0.0102713,0.0102707,0.064186,0.0208383,0.0204485,0.00922707,0.00922701,3.97049E-07,8.0914E-08,0.0042693,0.00414279,1.67497E-07,0,5.96973E-05,0,0.295658,0.295658,3.78619,4.05914
B,10,1000,3.818,0.5,5,0.291779,0.29136,0.0216836,0.0187569,-0.0190876,-0.0216343,0.091036,-0.00669691,0.0891455,0.0117569,0.00156298,0.00176108,0.0102715,0.0102708,0.0642174,0.0208224,0.0204332,0.00922402,0.00924773,4.15247E-07,9.11609E-08,0.00426814,0.00414272,1.78909E-07,0,6.16975E-05,0,0.291772,0.291774,5.92579,4.05914
A,10,1000,3.818,0.79,0,0.295043,0.296186,0.0205039,0.0200354,-0.0202628,-0.0204983,0.090837,-0.00674448,0.0895227,0.0117644,0.00156297,0.00176143,0.0102713,0.0102708,0.0642558,0.0208032,0.0204141,0.00922714,0.00922804,3.98029E-07,8.1033E-08,0.00426953,0.00414281,0,0,0,0,0.295043,0.295043,3.80212,3.96938
F1,10,1000,3.818,0.79,0,0.29536,0.295868,0.0205023,0.0200372,-0.0202643,-0.0204958,0.09094,-0.00674433,0.0894191,0.0117642,0.00156297,0.00176139,0.0102713,0.0102707,0.0641859,0.0208383,0.0204486,0.00922709,0.00922763,3.97682E-07,8.11476E-08,0.00426932,0.00414279,3.54148E-06,0,0.000274501,0,0.29536,0.29536,3.78624,3.96938
F2,10,1000,3.818,0.79,0,0.295658,0.29615,0.0203527,0.0201885,-0.0203445,-0.0204163,0.0909441,-0.00674622,0.0894192,0.0117643,0.00156297,0.00176138,0.0102713,0.0102707,0.0641859,0.0208384,0.0204486,0.00922707,0.00922701,3.97048E-07,8.09146E-08,0.0042693,0.00414279,1.6751E-07,0,5.96997E-05,0,0.295659,0.295659,3.78625,3.96938
B,10,1000,3.818,0.79,0,0.284721,0.284786,0.0224557,0.0177969,-0.0182807,-0.0222551,0.0906721,-0.00662673,0.0890777,0.0117394,0.001563,0.00176043,0.0102719,0.0102708,0.0641989,0.02083,0.0204438,0.00922542,0.00924417,4.57764E-07,1.18566E-07,0.0042658,0.00414265,4.47407E-07,0,9.75669E-05,0,0.284706,0.284708,9.3991,3.96938
A,10,1000,3.818,0.79,1,0.295042,0.296187,0.0205039,0.0200354,-0.0202628,-0.0204983,0.090837,-0.00674448,0.0895231,0.0117644,0.00156296,0.00176143,0.0102714,0.0102707,0.064256,0.0208032,0.0204139,0.00922715,0.00922805,3.98032E-07,8.10253E-08,0.00426957,0.00414281,0,0,0,0,0.295039,0.295042,3.80212,5.27908
F1,10,1000,3.818,0.79,1,0.300693,0.30094,0.065156,-5.38224E-08,2.2636E-08,-0.065527,0.0902918,-0.00630241,0.0894214,0.0116802,0.00156288,0.0017674,0.0102648,0.0102706,0.0641861,0.0208385,0.0204481,0.0266159,0.0266069,1.40624E-06,3.34125E-07,0.00432151,0.00414278,0.102027,0,0.0465918,0,0.300085,0.300632,3.78706,5.27908
F2,10,1000,3.818,0.79,1,0.300693,0.30094,0.065156,-5.38224E-08,2.2636E-08,-0.065527,0.0902918,-0.00630241,0.0894214,0.0116802,0.00156288,0.0017674,0.0102648,0.0102706,0.0641861,0.0208385,0.0204481,0.0266159,0.0266069,1.40624E-06,3.34125E-07,0.00432151,0.00414278,0.102027,0,0.0465918,0,0.300085,0.300632,3.78706,5.27908
B,10,1000,3.818,0.79,1,0.342929,0.341043,0.164453,-1.17872E-05,6.33695E-06,-0.163117,0.0820152,-0.00484074,0.0892607,0.010951,0.00156372,0.00178857,0.0101904,0.010317,0.0642136,0.0207025,0.0205535,0.154054,0.153191,1.33172E-05,6.18601E-06,0.00463331,0.00414238,0.624812,0,0.115299,0,0.340957,0.342737,9.39837,5.27908
A,10,1000,3.818,0.79,2,0.295043,0.296186,0.0205039,0.0200354,-0.0202628,-0.0204983,0.090837,-0.00674448,0.0895228,0.0117644,0.00156297,0.00176143,0.0102713,0.0102708,0.0642558,0.0208032,0.0204141,0.00922714,0.00922804,3.98029E-07,8.10323E-08,0.00426954,0.00414281,0,0,0,0,0.295043,0.295043,3.80208,4.11528
F1,10,1000,3.818,0.79,2,0.300456,0.301173,0.0651509,-4.31664E-08,1.30962E-08,-0.0655219,0.0902908,-0.00630245,0.0894184,0.01168,0.00156289,0.00176734,0.0102648,0.0102707,0.064186,0.0208385,0.0204484,0.0266065,0.0266298,1.40599E-06,3.34415E-07,0.00432118,0.00414278,0.102053,0,0.0465977,0,0.300071,0.300156,3.7869,4.11528
F2,10,1000,3.818,0.79,2,0.295658,0.296151,0.0203527,0.0201885,-0.0203445,-0.0204163,0.0909441,-0.00674622,0.0894192,0.0117643,0.00156297,0.00176138,0.0102713,0.0102707,0.064186,0.0208383,0.0204485,0.00922707,0.00922701,3.97049E-07,8.09139E-08,0.00426931,0.00414279,1.67496E-07,0,5.96971E-05,0,0.295658,0.295658,3.78619,4.11528
B,10,1000,3.818,0.79,2,0.284722,0.284788,0.0224556,0.017797,-0.0182807,-0.0222551,0.0906721,-0.00662673,0.0890778,0.0117394,0.001563,0.00176043,0.0102719,0.0102708,0.0641989,0.02083,0.0204438,0.00922542,0.00924417,4.57761E-07,1.18562E-07,0.00426581,0.00414265,4.47369E-07,0,9.75627E-05,0,0.284705,0.284709,9.39881,4.11528
A,10,1000,3.818,0.79,4,0.295043,0.296186,0.0205039,0.0200354,-0.0202628,-0.0204983,0.090837,-0.00674448,0.0895227,0.0117644,0.00156297,0.00176143,0.0102713,0.0102708,0.0642558,0.0208032,0.0204141,0.00922714,0.00922804,3.98029E-07,8.1033E-08,0.00426953,0.00414281,0,0,0,0,0.295043,0.295043,3.80212,4.98767
F1,10,1000,3.818,0.79,4,0.29536,0.295868,0.0205023,0.0200372,-0.0202643,-0.0204958,0.09094,-0.00674433,0.0894191,0.0117642,0.00156297,0.00176139,0.0102713,0.0102707,0.0641859,0.0208383,0.0204486,0.00922709,0.00922763,3.97682E-07,8.11476E-08,0.00426932,0.00414279,3.54148E-06,0,0.000274501,0,0.29536,0.29536,3.78624,4.98767
F2,10,1000,3.818,0.79,4,0.295658,0.29615,0.0203527,0.0201885,-0.0203445,-0.0204163,0.0909441,-0.00674622,0.0894192,0.0117643,0.00156297,0.00176138,0.0102713,0.0102707,0.0641859,0.0208384,0.0204486,0.00922707,0.00922701,3.97048E-07,8.09146E-08,0.0042693,0.00414279,1.6751E-07,0,5.96997E-05,0,0.295659,0.295659,3.78625,4.98767
B,10,1000,3.818,0.79,4,0.341989,0.34136,0.164453,-1.20874E-05,9.10238E-06,-0.16311,0.0820069,-0.0048401,0.0892498,0.0109499,0.00156376,0.00178842,0.0101904,0.0103173,0.0642135,0.020702,0.0205541,0.154009,0.153337,1.33203E-05,6.19194E-06,0.00463235,0.00414238,0.624998,0,0.115316,0,0.340817,0.340955,9.39812,4.98767
A,10,1000,3.818,0.79,5,0.295043,0.296186,0.0205039,0.0200354,-0.0202628,-0.0204983,0.090837,-0.00674448,0.0895228,0.0117644,0.00156297,0.00176143,0.0102713,0.0102708,0.0642558,0.0208032,0.0204141,0.00922714,0.00922804,3.98029E-07,8.10323E-08,0.00426954,0.00414281,0,0,0,0,0.295043,0.295043,3.80208,4.05776
F1,10,1000,3.818,0.79,5,0.280714,0.281337,0.0569336,5.00181E-07,-5.87711E-07,-0.0572569,0.0902937,-0.00635164,0.089418,0.011704,0.00156292,0.00176517,0.010267,0.0102708,0.064186,0.0208376,0.0204492,0.0214279,0.0214334,1.11901E-06,2.63094E-07,0.00430427,0.00414279,0.0779328,0,0.0407203,0,0.2804,0.280468,3.78653,4.05776
F2,10,1000,3.818,0.79,5,0.295658,0.296151,0.0203527,0.0201885,-0.0203445,-0.0204163,0.0909441,-0.00674622,0.0894192,0.0117643,0.00156297,0.00176138,0.0102713,0.0102707,0.064186,0.0208383,0.0204485,0.00922707,0.00922701,3.97049E-07,8.0914E-08,0.0042693,0.00414279,1.67497E-07,0,5.96973E-05,0,0.295658,0.295658,3.78619,4.05776
B,10,1000,3.818,0.79,5,0.284722,0.284788,0.0224556,0.017797,-0.0182807,-0.0222551,0.0906721,-0.00662673,0.0890778,0.0117394,0.001563,0.00176043,0.0102719,0.0102708,0.0641989,0.02083,0.0204438,0.00922542,0.00924417,4.57761E-07,1.18562E-07,0.00426581,0.00414265,4.47371E-07,0,9.7563E-05,0,0.284705,0.284709,9.39883,4.05776
A,10,1000,3.818,1,0,0.295041,0.296185,0.0205047,0.0200347,-0.0202621,-0.020499,0.090837,-0.00674447,0.0895227,0.0117644,0.00156297,0.00176143,0.0102713,0.0102708,0.0642558,0.0208032,0.0204141,0.00922714,0.00922805,3.98032E-07,8.10341E-08,0.00426953,0.00414281,0,0,0,0,0.295042,0.295042,3.80212,3.96774
F1,10,1000,3.818,1,0,0.29536,0.295868,0.0205023,0.0200372,-0.0202643,-0.0204958,0.09094,-0.00674433,0.0894191,0.0117642,0.00156297,0.00176139,0.0102713,0.0102707,0.0641859,0.0208383,0.0204486,0.00922709,0.00922763,3.97682E-07,8.11476E-08,0.00426932,0.00414279,3.54148E-06,0,0.000274501,0,0.29536,0.29536,3.78624,3.96774
F2,10,1000,3.818,1,0,0.295658,0.29615,0.0203527,0.0201885,-0.0203445,-0.0204163,0.0909441,-0.00674622,0.0894192,0.0117643,0.00156297,0.00176138,0.0102713,0.0102707,0.0641859,0.0208384,0.0204486,0.00922707,0.00922701,3.97048E-07,8.09146E-08,0.0042693,0.00414279,1.6751E-07,0,5.96997E-05,0,0.295659,0.295659,3.78625,3.96774
B,10,1000,3.818,1,0,0.277333,0.278247,0.0229955,0.0170312,-0.017676,-0.0226216,0.090185,-0.00655624,0.0890344,0.0117163,0.00156299,0.00175931,0.0102724,0.0102707,0.064185,0.0208342,0.0204515,0.00922408,0.00923396,5.06173E-07,1.59761E-07,0.00426097,0.00414243,7.19246E-07,0,0.000123706,0,0.277308,0.277311,11.9303,3.96774
A,10,1000,3.818,1,1,0.295041,0.296185,0.0205047,0.0200347,-0.0202621,-0.020499,0.0908369,-0.00674444,0.089523,0.0117644,0.00156297,0.00176143,0.0102714,0.0102707,0.0642559,0.0208032,0.020414,0.00922714,0.00922805,3.98034E-07,8.10306E-08,0.00426955,0.00414281,0,0,0,0,0.295038,0.295041,3.80211,5.5532
F1,10,1000,3.818,1,1,0.300554,0.301076,0.065156,-4.53667E-08,7.33722E-09,-0.0655271,0.0902911,-0.00630242,0.0894197,0.0116801,0.00156289,0.00176737,0.0102648,0.0102707,0.0641861,0.0208385,0.0204483,0.0266105,0.0266204,1.4061E-06,3.34297E-07,0.00432132,0.00414278,0.102043,0,0.0465954,0,0.299845,0.300592,3.78706,5.5532
F2,10,1000,3.818,1,1,0.300554,0.301076,0.065156,-4.53667E-08,7.33722E-09,-0.0655271,0.0902911,-0.00630242,0.0894197,0.0116801,0.00156289,0.00176737,0.0102648,0.0102707,0.0641861,0.0208385,0.0204483,0.0266105,0.0266204,1.4061E-06,3.34297E-07,0.00432132,0.00414278,0.102043,0,0.0465954,0,0.299845,0.300592,3.78706,5.5532
B,10,1000,3.818,1,1,0.307152,0.299182,0.202264,-6.25063E-06,1.33779E-05,-0.194216,0.0677791,-0.00239173,0.0882162,0.00984467,0.00147296,0.00168898,0.0100312,0.0102119,0.0634816,0.0197311,0.0209418,0.212917,0.21278,2.09191E-05,1.31231E-05,0.00484924,0.00402257,0.868311,0,0.135919,0,0.304253,0.307262,10.7569,5.5532
A,10,1000,3.818,1,2,0.295041,0.296185,0.0205046,0.0200347,-0.0202621,-0.020499,0.0908369,-0.00674447,0.0895228,0.0117644,0.00156297,0.00176143,0.0102713,0.0102708,0.0642558,0.0208032,0.0204141,0.00922714,0.00922805,3.98032E-07,8.10334E-08,0.00426954,0.00414281,0,0,0,0,0.295041,0.295042,3.80208,4.11364
F1,10,1000,3.818,1,2,0.300456,0.301173,0.0651509,-4.3163E-08,1.30877E-08,-0.0655219,0.0902908,-0.00630245,0.0894184,0.01168,0.00156289,0.00176734,0.0102648,0.0102707,0.064186,0.0208385,0.0204484,0.0266065,0.0266298,1.40599E-06,3.34415E-07,0.00432118,0.00414278,0.102053,0,0.0465977,0,0.300071,0.300156,3.7869,4.11364
F2,10,1000,3.818,1,2,0.295658,0.296151,0.0203527,0.0201885,-0.0203445,-0.0204163,0.0909441,-0.00674622,0.0894192,0.0117643,0.00156297,0.00176138,0.0102713,0.0102707,0.064186,0.0208383,0.0204485,0.00922707,0.00922701,3.97049E-07,8.09139E-08,0.00426931,0.00414279,1.67496E-07,0,5.96971E-05,0,0.295658,0.295658,3.78619,4.11364
B,10,1000,3.818,1,2,0.277335,0.278248,0.0229956,0.0170313,-0.0176758,-0.0226216,0.0901851,-0.00655631,0.0890345,0.0117163,0.00156298,0.00175931,0.0102725,0.0102707,0.064185,0.0208342,0.0204514,0.00922408,0.00923396,5.06167E-07,1.59754E-07,0.00426098,0.00414243,7.19185E-07,0,0.000123701,0,0.277307,0.277313,11.9299,4.11364
A,10,1000,3.818,1,4,0.295041,0.296185,0.0205047,0.0200347,-0.0202621,-0.020499,0.0908369,-0.00674445,0.0895229,0.0117644,0.00156297,0.00176143,0.0102714,0.0102707,0.0642559,0.0208032,0.020414,0.00922714,0.00922805,3.98033E-07,8.10319E-08,0.00426954,0.00414281,0,0,0,0,0.295041,0.295042,3.80213,5.26153
F1,10,1000,3.818,1,4,0.29536,0.295868,0.0205023,0.0200372,-0.0202643,-0.0204958,0.0909399,-0.00674431,0.0894192,0.0117642,0.00156297,0.00176139,0.0102714,0.0102707,0.064186,0.0208383,0.0204485,0.00922709,0.00922763,3.97683E-07,8.11454E-08,0.00426933,0.00414279,3.54049E-06,0,0.000274461,0,0.295359,0.29536,3.7863,5.26153
F2,10,1000,3.818,1,4,0.295658,0.296151,0.0203527,0.0201885,-0.0203445,-0.0204163,0.0909441,-0.0067462,0.0894193,0.0117643,0.00156297,0.00176138,0.0102714,0.0102707,0.064186,0.0208383,0.0204485,0.00922707,0.00922701,3.9705E-07,8.09125E-08,0.00426931,0.00414279,1.67464E-07,0,5.96911E-05,0,0.295658,0.295659,3.78631,5.26153
B,10,1000,3.818,1,4,0.306987,0.299207,0.202243,-5.5818E-06,7.55161E-06,-0.194212,0.0677761,-0.00239175,0.0882144,0.00984436,0.00147297,0.00168895,0.0100311,0.010212,0.0634817,0.0197309,0.0209421,0.212908,0.212816,2.09207E-05,1.31255E-05,0.00484908,0.00402259,0.868363,0,0.135923,0,0.305802,0.30536,10.758,5.26153
A,10,1000,3.818,1,5,0.295041,0.296185,0.0205046,0.0200347,-0.0202621,-0.020499,0.0908369,-0.00674447,0.0895228,0.0117644,0.00156297,0.00176143,0.0102713,0.0102708,0.0642558,0.0208032,0.0204141,0.00922714,0.00922805,3.98032E-07,8.10334E-08,0.00426954,0.00414281,0,0,0,0,0.295041,0.295042,3.80208,4.05612
F1,10,1000,3.818,1,5,0.280715,0.281337,0.0569336,5.00177E-07,-5.87714E-07,-0.0572569,0.0902937,-0.00635164,0.089418,0.011704,0.00156292,0.00176517,0.010267,0.0102708,0.064186,0.0208376,0.0204492,0.0214279,0.0214334,1.11901E-06,2.63094E-07,0.00430427,0.00414279,0.0779328,0,0.0407203,0,0.2804,0.280468,3.78653,4.05612
F2,10,1000,3.818,1,5,0.295658,0.296151,0.0203527,0.0201885,-0.0203445,-0.0204163,0.0909441,-0.00674622,0.0894192,0.0117643,0.00156297,0.00176138,0.0102713,0.0102707,0.064186,0.0208383,0.0204485,0.00922707,0.00922701,3.97049E-07,8.0914E-08,0.0042693,0.00414279,1.67497E-07,0,5.96973E-05,0,0.295658,0.295658,3.78619,4.05612
B,10,1000,3.818,1,5,0.277334,0.278248,0.0229955,0.0170313,-0.0176758,-0.0226216,0.0901851,-0.00655631,0.0890345,0.0117163,0.00156298,0.00175931,0.0102725,0.0102707,0.064185,0.0208342,0.0204514,0.00922408,0.00923396,5.06167E-07,1.59754E-07,0.00426098,0.00414243,7.19188E-07,0,0.000123701,0,0.277307,0.277313,11.9299,4.05612
A,10,20000,3.818,0.25,0,0.294957,0.296278,0.020503,0.0200365,-0.0202583,-0.0205176,0.090804,-0.00622841,0.0895531,0.0117645,0.0015644,0.00174814,0.0102355,0.0102926,0.0642697,0.0207335,0.0204629,0.00922744,0.00922792,4.06755E-07,9.01941E-08,0.00428443,0.00414281,0,0,0,0,0.294957,0.294957,3.80351,3.97143
F1,10,20000,3.818,0.25,0,0.295192,0.296041,0.0205033,0.0200376,-0.0202582,-0.0205161,0.0908769,-0.00622775,0.0894799,0.0117644,0.0015644,0.00174811,0.0102355,0.0102925,0.0642202,0.020758,0.0204876,0.00922811,0.00922691,4.06535E-07,9.02854E-08,0.00428429,0.00414279,3.54114E-06,0,0.000274488,0,0.295191,0.295191,3.78604,3.97143
F2,10,20000,3.818,0.25,0,0.295479,0.296335,0.0203545,0.0201884,-0.0203243,-0.0204536,0.0908812,-0.00622906,0.0894796,0.0117645,0.00156439,0.00174813,0.0102357,0.0102924,0.0642202,0.0207585,0.0204872,0.00922734,0.00922705,4.0575E-07,8.99385E-08,0.00428421,0.00414279,1.67491E-07,0,5.96962E-05,0,0.295478,0.295478,3.78605,3.97143
B,10,20000,3.818,0.25,0,0.295077,0.294913,0.0209834,0.0195445,-0.0197698,-0.0210329,0.0911095,-0.00635257,0.0892659,0.0117648,0.00156361,0.00175327,0.0102588,0.0102752,0.064244,0.0207815,0.0204436,0.0092252,0.0092454,4.01412E-07,8.63077E-08,0.00427805,0.00414276,4.33477E-08,0,3.03693E-05,0,0.295074,0.295075,2.89053,3.97143
A,10,20000,3.818,0.25,1,0.294957,0.296278,0.0205036,0.020036,-0.0202578,-0.0205179,0.0908052,-0.00622797,0.0895532,0.0117645,0.00156438,0.00174815,0.0102356,0.0102924,0.0642698,0.0207337,0.0204626,0.00922741,0.00922789,4.06916E-07,9.02284E-08,0.00428455,0.00414281,0,0,0,0,0.294953,0.294957,3.80351,4.61627
F1,10,20000,3.818,0.25,1,0.320901,0.321933,0.0794664,-8.95535E-05,8.4268E-05,-0.0816095,0.0896545,-0.00510997,0.0896836,0.0116234,0.00156874,0.00174394,0.0100101,0.0104817,0.0642956,0.0202622,0.0208966,0.0377855,0.0381483,2.86709E-06,1.20047E-06,0.0044286,0.00414282,0.15288,0,0.0570376,0,0.320964,0.320881,3.79058,4.61627
F2,10,20000,3.818,0.25,1,0.320901,0.321933,0.0794664,-8.95535E-05,8.4268E-05,-0.0816095,0.0896545,-0.00510997,0.0896836,0.0116234,0.00156874,0.00174394,0.0100101,0.0104817,0.0642956,0.0202622,0.0208966,0.0377855,0.0381483,2.86709E-06,1.20047E-06,0.0044286,0.00414282,0.15288,0,0.0570376,0,0.320964,0.320881,3.79058,4.61627
B,10,20000,3.818,0.25,1,0.297912,0.297787,0.0620764,-3.58835E-05,2.99652E-05,-0.0632307,0.0903695,-0.00563408,0.0894189,0.0116931,0.00156502,0.0017499,0.0101989,0.0103193,0.0642626,0.0206672,0.0205358,0.0246998,0.0248343,1.59266E-06,5.80959E-07,0.00434948,0.00414279,0.0897276,0,0.043696,0,0.297976,0.297908,2.86347,4.61627
A,10,20000,3.818,0.25,2,0.294957,0.296278,0.0205034,0.0200363,-0.0202582,-0.0205178,0.0908041,-0.00622796,0.0895532,0.0117645,0.00156441,0.00174815,0.0102354,0.0102926,0.0642697,0.0207334,0.020463,0.00922741,0.00922789,4.06866E-07,9.02333E-08,0.00428444,0.00414281,0,0,0,0,0.294957,0.294957,3.80337,4.23108
F1,10,20000,3.818,0.25,2,0.320926,0.321955,0.0794725,-9.37803E-05,8.12815E-05,-0.0816099,0.0896545,-0.00511642,0.0896836,0.011624,0.00156876,0.00174389,0.01001,0.0104818,0.0642956,0.0202619,0.0208969,0.0377891,0.038152,2.86296E-06,1.20224E-06,0.00442866,0.00414282,0.152903,0,0.0570395,0,0.320921,0.320947,3.79007,4.23108
F2,10,20000,3.818,0.25,2,0.295478,0.296335,0.0203546,0.0201884,-0.0203242,-0.0204536,0.0908813,-0.00622893,0.0894797,0.0117645,0.0015644,0.00174815,0.0102357,0.0102924,0.0642202,0.0207584,0.0204873,0.00922731,0.00922702,4.0586E-07,8.9978E-08,0.00428422,0.00414279,1.67485E-07,0,5.96978E-05,0,0.295477,0.295478,3.78903,4.23108
B,10,20000,3.818,0.25,2,0.295077,0.294913,0.0209839,0.0195443,-0.019769,-0.0210331,0.0911096,-0.00635253,0.0892659,0.0117647,0.00156361,0.00175328,0.0102588,0.0102752,0.064244,0.0207815,0.0204436,0.00922518,0.00924539,4.01476E-07,8.6332E-08,0.00427806,0.00414276,4.33463E-08,0,3.03698E-05,0,0.295075,0.295074,2.89559,4.23108
A,10,20000,3.818,0.25,4,0.294957,0.296278,0.020503,0.0200365,-0.0202583,-0.0205177,0.090804,-0.00622838,0.0895532,0.0117645,0.00156441,0.00174814,0.0102354,0.0102926,0.0642697,0.0207334,0.020463,0.00922742,0.0092279,4.06841E-07,9.02212E-08,0.00428443,0.00414281,0,0,0,0,0.294957,0.294957,3.80351,4.09701
F1,10,20000,3.818,0.25,4,0.295191,0.296041,0.0205033,0.0200376,-0.0202582,-0.0205162,0.0908768,-0.00622776,0.0894799,0.0117643,0.0015644,0.00174811,0.0102355,0.0102925,0.0642203,0.020758,0.0204876,0.00922809,0.00922689,4.06619E-07,9.03123E-08,0.00428429,0.00414279,3.54116E-06,0,0.000274489,0,0.29519,0.295191,3.78604,4.09701
F2,10,20000,3.818,0.25,4,0.295478,0.296335,0.0203545,0.0201884,-0.0203242,-0.0204536,0.0908812,-0.00622907,0.0894797,0.0117645,0.0015644,0.00174814,0.0102357,0.0102924,0.0642202,0.0207584,0.0204872,0.00922732,0.00922703,4.05834E-07,8.99653E-08,0.00428421,0.00414279,1.67491E-07,0,5.96964E-05,0,0.295477,0.295478,3.78605,4.09701
B,10,20000,3.818,0.25,4,0.298028,0.297821,0.0620504,-3.32716E-05,2.84281E-05,-0.0632289,0.0903658,-0.00564353,0.0894199,0.0116932,0.00156504,0.00174989,0.0101987,0.0103194,0.0642627,0.0206668,0.0205361,0.0247031,0.0248349,1.59186E-06,5.80421E-07,0.00434926,0.00414279,0.0897432,0,0.0436971,0,0.298052,0.298044,2.86317,4.09701
A,10,20000,3.818,0.25,5,0.294957,0.296278,0.0205029,0.0200366,-0.0202583,-0.0205176,0.0908039,-0.00622833,0.0895532,0.0117645,0.00156441,0.00174815,0.0102354,0.0102926,0.0642697,0.0207334,0.020463,0.00922742,0.0092279,4.06835E-07,9.02262E-08,0.00428442,0.00414281,0,0,0,0,0.294957,0.294957,3.80349,4.123
F1,10,20000,3.818,0.25,5,0.290819,0.291408,0.0656986,-2.17693E-05,2.75834E-05,-0.0670706,0.0898917,-0.00539584,0.0896009,0.0116729,0.00156733,0.0017432,0.010097,0.0104076,0.0642664,0.0204514,0.0207409,0.0270693,0.0272628,1.89162E-06,7.3569E-07,0.00437529,0.00414281,0.104526,0,0.0471638,0,0.290821,0.290819,3.78293,4.123
F2,10,20000,3.818,0.25,5,0.295478,0.296335,0.0203546,0.0201884,-0.0203242,-0.0204536,0.0908811,-0.00622911,0.0894797,0.0117645,0.0015644,0.00174814,0.0102356,0.0102924,0.0642202,0.0207584,0.0204873,0.00922732,0.00922703,4.05828E-07,8.99707E-08,0.0042842,0.00414279,1.67492E-07,0,5.97E-05,0,0.295477,0.295478,3.78643,4.123
B,10,20000,3.818,0.25,5,0.295077,0.294913,0.0209835,0.0195445,-0.0197699,-0.0210329,0.0911094,-0.00635254,0.089266,0.0117647,0.00156361,0.00175327,0.0102588,0.0102752,0.064244,0.0207815,0.0204437,0.00922519,0.00924539,4.01457E-07,8.63277E-08,0.00427805,0.00414276,4.33479E-08,0,3.03704E-05,0,0.295074,0.295075,2.89097,4.123
A,10,20000,3.818,0.5,0,0.294957,0.296277,0.0205033,0.0200362,-0.020258,-0.0205179,0.0908041,-0.0062284,0.0895531,0.0117645,0.0015644,0.00174813,0.0102355,0.0102926,0.0642697,0.0207335,0.0204629,0.00922744,0.00922792,4.06765E-07,9.01915E-08,0.00428443,0.00414281,0,0,0,0,0.294957,0.294957,3.80351,3.9709
F1,10,20000,3.818,0.5,0,0.295192,0.29604,0.0205033,0.0200376,-0.0202582,-0.0205161,0.0908769,-0.00622763,0.0894798,0.0117644,0.0015644,0.0017481,0.0102355,0.0102925,0.0642202,0.0207581,0.0204876,0.00922811,0.00922691,4.06542E-07,9.02817E-08,0.00428429,0.00414279,3.54116E-06,0,0.000274489,0,0.295191,0.295191,3.78602,3.9709
F2,10,20000,3.818,0.5,0,0.295479,0.296334,0.0203545,0.0201884,-0.0203243,-0.0204536,0.0908813,-0.00622895,0.0894796,0.0117645,0.00156439,0.00174813,0.0102357,0.0102923,0.0642202,0.0207585,0.0204872,0.00922734,0.00922705,4.05757E-07,8.99349E-08,0.00428421,0.00414279,1.67491E-07,0,5.96964E-05,0,0.295478,0.295478,3.78604,3.9709
B,10,20000,3.818,0.5,0,0.290331,0.293281,0.0216624,0.0187823,-0.0191087,-0.0216187,0.0903815,-0.00594121,0.0898156,0.0117591,0.00156856,0.00173183,0.0100646,0.0104397,0.0643053,0.020343,0.0208029,0.00924651,0.0092284,4.39449E-07,1.13264E-07,0.00430584,0.00414283,1.70622E-07,0,6.02517E-05,0,0.290323,0.290326,5.82569,3.9709
A,10,20000,3.818,0.5,1,0.294955,0.296279,0.020504,0.0200359,-0.0202577,-0.0205182,0.0908045,-0.00622792,0.0895537,0.0117644,0.00156438,0.00174816,0.0102356,0.0102924,0.0642701,0.0207334,0.0204625,0.00922742,0.00922789,4.06938E-07,9.0239E-08,0.00428455,0.00414281,0,0,0,0,0.294954,0.294955,3.80354,5.08054
F1,10,20000,3.818,0.5,1,0.320825,0.32184,0.0794783,-7.61278E-05,6.38774E-05,-0.0816698,0.0896551,-0.00512246,0.089684,0.0116233,0.00156875,0.00174402,0.01001,0.0104816,0.064296,0.0202622,0.0208962,0.0377795,0.0381465,2.86382E-06,1.19904E-06,0.00442875,0.00414282,0.152851,0,0.0570464,0,0.320837,0.320832,3.79033,5.08054
F2,10,20000,3.818,0.5,1,0.320825,0.32184,0.0794783,-7.61278E-05,6.38774E-05,-0.0816698,0.0896551,-0.00512246,0.089684,0.0116233,0.00156875,0.00174402,0.01001,0.0104816,0.064296,0.0202622,0.0208962,0.0377795,0.0381465,2.86382E-06,1.19904E-06,0.00442875,0.00414282,0.152851,0,0.0570464,0,0.320837,0.320832,3.79033,5.08054
B,10,20000,3.818,0.5,1,0.349352,0.366707,0.117602,-0.000202198,0.000155372,-0.123093,0.0858591,-0.00451596,0.0916474,0.0114254,0.00157775,0.00173593,0.00944185,0.0109661,0.0645252,0.019007,0.0218748,0.0790022,0.0807882,7.29248E-06,3.25159E-06,0.00465772,0.00414314,0.321574,0,0.0827504,0,0.349432,0.349366,5.76332,5.08054
A,10,20000,3.818,0.5,2,0.294957,0.296277,0.0205038,0.0200359,-0.0202578,-0.020518,0.0908039,-0.00622796,0.0895531,0.0117644,0.00156441,0.00174815,0.0102354,0.0102926,0.0642696,0.0207333,0.0204631,0.00922741,0.00922789,4.06864E-07,9.02385E-08,0.00428441,0.00414281,0,0,0,0,0.294956,0.294956,3.80351,4.23055
F1,10,20000,3.818,0.5,2,0.320949,0.321953,0.0794905,-9.15894E-05,8.39706E-05,-0.0816102,0.0896539,-0.00511344,0.0896838,0.011624,0.00156879,0.00174395,0.0100098,0.0104821,0.0642957,0.0202614,0.0208975,0.0377898,0.0381529,2.86582E-06,1.20303E-06,0.00442863,0.00414282,0.152909,0,0.0570404,0,0.320975,0.320943,3.7902,4.23055
F2,10,20000,3.818,0.5,2,0.295478,0.296334,0.0203547,0.0201884,-0.0203242,-0.0204536,0.090881,-0.00622896,0.0894797,0.0117645,0.00156441,0.00174815,0.0102356,0.0102924,0.0642202,0.0207583,0.0204874,0.00922731,0.00922702,4.05856E-07,8.99822E-08,0.00428419,0.00414279,1.67492E-07,0,5.96988E-05,0,0.295477,0.295478,3.78903,4.23055
B,10,20000,3.818,0.5,2,0.290328,0.293282,0.0216641,0.0187816,-0.0191065,-0.0216187,0.0903805,-0.0059405,0.0898162,0.0117589,0.00156861,0.00173188,0.0100645,0.0104398,0.0643054,0.0203427,0.0208031,0.00924646,0.00922833,4.397E-07,1.13379E-07,0.00430581,0.00414283,1.70623E-07,0,6.02534E-05,0,0.29032,0.290325,5.83599,4.23055
A,10,20000,3.818,0.5,4,0.294955,0.296279,0.0205039,0.020036,-0.0202579,-0.020518,0.0908038,-0.00622797,0.0895537,0.0117645,0.0015644,0.00174815,0.0102355,0.0102925,0.06427,0.0207332,0.0204628,0.00922742,0.0092279,4.06876E-07,9.0229E-08,0.00428447,0.00414281,0,0,0,0,0.294955,0.294955,3.80351,4.5614
F1,10,20000,3.818,0.5,4,0.29519,0.296042,0.0205033,0.0200375,-0.020258,-0.0205162,0.0908767,-0.00622768,0.0894804,0.0117643,0.0015644,0.00174812,0.0102355,0.0102925,0.0642206,0.0207578,0.0204875,0.00922809,0.00922689,4.06654E-07,9.03202E-08,0.00428434,0.00414279,3.54029E-06,0,0.000274515,0,0.295189,0.29519,3.78903,4.5614
F2,10,20000,3.818,0.5,4,0.295477,0.296336,0.0203547,0.0201884,-0.0203242,-0.0204535,0.090881,-0.00622895,0.0894801,0.0117645,0.00156439,0.00174815,0.0102357,0.0102923,0.0642205,0.0207583,0.0204871,0.00922732,0.00922703,4.05869E-07,8.99733E-08,0.00428425,0.00414279,1.6745E-07,0,5.97021E-05,0,0.295476,0.295477,3.78904,4.5614
B,10,20000,3.818,0.5,4,0.349452,0.366714,0.117531,-0.000202611,0.000173021,-0.123089,0.0858623,-0.00453075,0.0916484,0.011426,0.00157776,0.00173588,0.0094418,0.0109665,0.0645253,0.0190066,0.0218755,0.0790124,0.0808005,7.30029E-06,3.24616E-06,0.00465746,0.00414314,0.321621,0,0.0827485,0,0.349527,0.349438,5.76337,4.5614
A,10,20000,3.818,0.5,5,0.294957,0.296277,0.0205033,0.0200362,-0.020258,-0.0205179,0.0908039,-0.00622833,0.0895532,0.0117645,0.00156441,0.00174815,0.0102354,0.0102926,0.0642697,0.0207334,0.020463,0.00922742,0.0092279,4.06836E-07,9.0227E-08,0.00428442,0.00414281,0,0,0,0,0.294956,0.294957,3.80349,4.12247
F1,10,20000,3.818,0.5,5,0.290819,0.291408,0.0656986,-2.17774E-05,2.76033E-05,-0.0670706,0.0898917,-0.00539584,0.0896009,0.0116729,0.00156733,0.0017432,0.010097,0.0104076,0.0642664,0.0204514,0.0207409,0.0270693,0.0272628,1.89162E-06,7.3569E-07,0.00437529,0.00414281,0.104526,0,0.0471637,0,0.290821,0.290819,3.78293,4.12247
F2,10,20000,3.818,0.5,5,0.295478,0.296335,0.0203546,0.0201884,-0.0203242,-0.0204536,0.0908811,-0.00622911,0.0894797,0.0117645,0.0015644,0.00174814,0.0102356,0.0102924,0.0642202,0.0207584,0.0204873,0.00922732,0.00922703,4.05828E-07,8.99707E-08,0.0042842,0.00414279,1.67492E-07,0,5.96999E-05,0,0.295477,0.295478,3.78643,4.12247
B,10,20000,3.818,0.5,5,0.290329,0.293282,0.0216626,0.0187822,-0.0191089,-0.0216187,0.0903808,-0.00594107,0.0898161,0.011759,0.0015686,0.00173188,0.0100645,0.0104398,0.0643054,0.0203428,0.0208031,0.00924648,0.00922834,4.39622E-07,1.13357E-07,0.00430583,0.00414283,1.7062E-07,0,6.02533E-05,0,0.290322,0.290324,5.82659,4.12247
A,10,20000,3.818,0.79,0,0.294955,0.296276,0.0205042,0.0200354,-0.0202574,-0.0205185,0.0908043,-0.00622912,0.0895532,0.0117645,0.00156439,0.00174813,0.0102355,0.0102925,0.0642697,0.0207336,0.0204628,0.00922744,0.00922792,4.06766E-07,9.01907E-08,0.00428447,0.00414281,0,0,0,0,0.294954,0.294955,3.80209,3.96987
F1,10,20000,3.818,0.79,0,0.295192,0.296041,0.0205033,0.0200378,-0.0202581,-0.020516,0.0908773,-0.00622779,0.0894798,0.0117644,0.00156439,0.0017481,0.0102355,0.0102924,0.0642202,0.0207582,0.0204874,0.00922811,0.00922691,4.06539E-07,9.02798E-08,0.00428433,0.00414279,3.54096E-06,0,0.000274481,0,0.29519,0.295191,3.78244,3.96987
F2,10,20000,3.818,0.79,0,0.295479,0.296335,0.0203546,0.0201884,-0.0203243,-0.0204535,0.0908817,-0.00622904,0.0894796,0.0117645,0.00156438,0.00174813,0.0102358,0.0102923,0.0642202,0.0207587,0.0204871,0.00922734,0.00922705,4.05755E-07,8.99329E-08,0.00428424,0.00414279,1.67482E-07,0,5.96947E-05,0,0.295477,0.295478,3.78244,3.96987
B,10,20000,3.818,0.79,0,0.279429,0.291942,0.0224251,0.0178666,-0.0183134,-0.0222252,0.0882645,-0.00549099,0.0915684,0.0117481,0.00157883,0.00170564,0.00950137,0.0109311,0.0645189,0.0190125,0.0218573,0.00930932,0.00917356,5.22465E-07,1.72014E-07,0.00436168,0.00414309,4.15344E-07,0,9.40059E-05,0,0.279411,0.279422,9.24911,3.96987
A,10,20000,3.818,0.79,1,0.294951,0.296279,0.020505,0.0200352,-0.0202568,-0.0205189,0.0908026,-0.00622787,0.0895544,0.0117644,0.00156441,0.00174816,0.0102354,0.0102926,0.0642705,0.0207328,0.0204627,0.00922742,0.00922788,4.06924E-07,9.02543E-08,0.00428443,0.00414281,0,0,0,0,0.294949,0.294952,3.8035,5.61804
F1,10,20000,3.818,0.79,1,0.320841,0.321829,0.0794867,-7.60745E-05,6.07727E-05,-0.0816766,0.0896518,-0.00512067,0.0896849,0.0116232,0.00156879,0.00174403,0.0100097,0.0104819,0.0642965,0.0202611,0.0208967,0.0377863,0.0381566,2.86437E-06,1.19848E-06,0.00442858,0.00414282,0.152903,0,0.0570492,0,0.320885,0.32083,3.79067,5.61804
F2,10,20000,3.818,0.79,1,0.320841,0.321829,0.0794867,-7.60745E-05,6.07727E-05,-0.0816766,0.0896518,-0.00512067,0.0896849,0.0116232,0.00156879,0.00174403,0.0100097,0.0104819,0.0642965,0.0202611,0.0208967,0.0377863,0.0381566,2.86437E-06,1.19848E-06,0.00442858,0.00414282,0.152903,0,0.0570492,0,0.320885,0.32083,3.79067,5.61804
B,10,20000,3.818,0.79,1,0.286147,0.370841,0.177457,-0.000464261,0.000331331,-0.182134,0.0747135,-0.00327663,0.095709,0.0109438,0.00159419,0.00174329,0.00818834,0.0119998,0.0650648,0.0160357,0.0241299,0.17571,0.179167,2.13661E-05,1.04448E-05,0.00518539,0.00414379,0.723177,0,0.124086,0,0.286296,0.28613,9.13606,5.61804
A,10,20000,3.818,0.79,2,0.294955,0.296276,0.020504,0.0200356,-0.0202573,-0.0205183,0.0908038,-0.00622819,0.0895531,0.0117644,0.00156441,0.00174814,0.0102354,0.0102926,0.0642697,0.0207333,0.0204631,0.00922741,0.0092279,4.06868E-07,9.02381E-08,0.00428441,0.00414281,0,0,0,0,0.294955,0.294955,3.80329,4.22951
F1,10,20000,3.818,0.79,2,0.320971,0.321985,0.0793933,-6.8703E-05,7.05087E-05,-0.0815969,0.0896534,-0.00515105,0.0896834,0.0116243,0.00156875,0.00174379,0.0100102,0.0104816,0.0642955,0.020262,0.0208968,0.0377892,0.0381509,2.85836E-06,1.20256E-06,0.00442861,0.00414282,0.152902,0,0.0570372,0,0.320978,0.32098,3.78476,4.22951
F2,10,20000,3.818,0.79,2,0.295478,0.296334,0.0203546,0.0201884,-0.0203242,-0.0204535,0.090881,-0.00622923,0.0894797,0.0117645,0.0015644,0.00174814,0.0102356,0.0102924,0.0642202,0.0207583,0.0204873,0.00922731,0.00922702,4.05856E-07,8.99806E-08,0.00428419,0.00414279,1.67494E-07,0,5.96968E-05,0,0.295477,0.295478,3.78742,4.22951
B,10,20000,3.818,0.79,2,0.279423,0.291942,0.0224227,0.0178706,-0.0183147,-0.0222224,0.0882613,-0.00549034,0.0915693,0.0117477,0.00157891,0.00170565,0.00950107,0.0109312,0.064519,0.0190119,0.0218576,0.00930917,0.00917337,5.2324E-07,1.72216E-07,0.00436152,0.00414309,4.15375E-07,0,9.40095E-05,0,0.279411,0.279413,9.24491,4.22951
A,10,20000,3.818,0.79,4,0.294951,0.29628,0.0205049,0.0200349,-0.0202568,-0.0205189,0.0908036,-0.00622772,0.0895545,0.0117645,0.00156438,0.00174815,0.0102356,0.0102924,0.0642707,0.0207332,0.0204622,0.00922743,0.0092279,4.06904E-07,9.02223E-08,0.00428456,0.00414281,0,0,0,0,0.294949,0.294951,3.80354,5.09856
F1,10,20000,3.818,0.79,4,0.295188,0.296044,0.0205033,0.0200375,-0.020258,-0.0205162,0.0908767,-0.00622765,0.0894811,0.0117643,0.00156438,0.00174813,0.0102356,0.0102924,0.0642211,0.0207578,0.020487,0.0092281,0.00922689,4.06677E-07,9.03124E-08,0.00428442,0.00414279,3.54029E-06,0,0.000274482,0,0.295185,0.295187,3.78903,5.09856
F2,10,20000,3.818,0.79,4,0.295475,0.296338,0.0203547,0.0201884,-0.0203242,-0.0204535,0.090881,-0.00622892,0.0894809,0.0117645,0.00156437,0.00174815,0.0102358,0.0102922,0.0642211,0.0207582,0.0204866,0.00922733,0.00922703,4.05891E-07,8.99654E-08,0.00428434,0.00414279,1.6745E-07,0,5.96949E-05,0,0.295472,0.295474,3.78904,5.09856
B,10,20000,3.818,0.79,4,0.28624,0.370673,0.177523,-0.00048803,0.000356959,-0.182128,0.0747511,-0.00336428,0.0957008,0.0109464,0.00159399,0.00174256,0.00819057,0.0119982,0.0650641,0.0160402,0.0241268,0.175673,0.179165,2.12271E-05,1.04314E-05,0.00518506,0.00414379,0.723089,0,0.124066,0,0.286209,0.286413,9.1314,5.09856
A,10,20000,3.818,0.79,5,0.294955,0.296276,0.0205039,0.0200355,-0.0202573,-0.0205184,0.0908039,-0.00622832,0.0895531,0.0117645,0.00156441,0.00174814,0.0102354,0.0102926,0.0642697,0.0207334,0.020463,0.00922742,0.0092279,4.06858E-07,9.02288E-08,0.00428442,0.00414281,0,0,0,0,0.294955,0.294955,3.80349,4.12144
F1,10,20000,3.818,0.79,5,0.290815,0.291401,0.065699,-2.15374E-05,2.80367E-05,-0.0670712,0.0898923,-0.00539533,0.0896009,0.0116729,0.00156733,0.00174321,0.010097,0.0104076,0.0642664,0.0204514,0.0207409,0.0270694,0.0272629,1.89199E-06,7.35696E-07,0.00437533,0.00414281,0.104526,0,0.0471591,0,0.290817,0.290815,3.78292,4.12144
F2,10,20000,3.818,0.79,5,0.295478,0.296335,0.0203546,0.0201884,-0.0203242,-0.0204535,0.0908811,-0.00622899,0.0894797,0.0117645,0.0015644,0.00174814,0.0102357,0.0102924,0.0642202,0.0207584,0.0204873,0.00922732,0.00922703,4.05846E-07,8.99707E-08,0.0042842,0.00414279,1.67492E-07,0,5.96964E-05,0,0.295477,0.295478,3.78643,4.12144
B,10,20000,3.818,0.79,5,0.279416,0.291948,0.0224224,0.0178718,-0.0183155,-0.0222231,0.088259,-0.00549032,0.091572,0.0117478,0.00157893,0.0017059,0.00950027,0.010932,0.0645193,0.0190104,0.0218587,0.00930929,0.00917332,5.23171E-07,1.72155E-07,0.00436157,0.00414309,4.15408E-07,0,9.40132E-05,0,0.279403,0.279407,9.24102,4.12144
A,10,20000,3.818,1,0,0.294954,0.296275,0.0205049,0.0200351,-0.0202567,-0.0205188,0.0908054,-0.00622791,0.0895532,0.0117645,0.00156437,0.00174814,0.0102357,0.0102923,0.0642698,0.0207339,0.0204624,0.00922744,0.00922792,4.06828E-07,9.01941E-08,0.00428457,0.00414281,0,0,0,0,0.29495,0.294954,3.80226,3.96874
F1,10,20000,3.818,1,0,0.295192,0.29604,0.0205031,0.0200375,-0.020258,-0.0205161,0.0908785,-0.00622809,0.0894797,0.0117644,0.00156436,0.00174811,0.0102357,0.0102923,0.0642202,0.0207585,0.0204872,0.00922811,0.00922691,4.06596E-07,9.02816E-08,0.00428444,0.00414279,3.54046E-06,0,0.000274461,0,0.295187,0.295192,3.78864,3.96874
F2,10,20000,3.818,1,0,0.295479,0.296334,0.0203546,0.0201885,-0.0203243,-0.0204535,0.0908828,-0.00622946,0.0894795,0.0117645,0.00156436,0.00174814,0.0102359,0.0102921,0.0642201,0.020759,0.0204868,0.00922734,0.00922705,4.05811E-07,8.99347E-08,0.00428435,0.00414279,1.67458E-07,0,5.96904E-05,0,0.295474,0.295479,3.78865,3.96874
B,10,20000,3.818,1,0,0.268565,0.290679,0.0229584,0.0171724,-0.0177173,-0.0226069,0.0861106,-0.0051727,0.093317,0.011735,0.0015872,0.00169113,0.00897513,0.0113786,0.0647515,0.0177126,0.0228422,0.00936975,0.00911604,6.16734E-07,2.44022E-07,0.00441756,0.00414336,6.56728E-07,0,0.000118207,0,0.268524,0.268565,11.741,3.96874
A,10,20000,3.818,1,1,0.294948,0.296281,0.020505,0.0200339,-0.0202566,-0.0205199,0.0908024,-0.00622793,0.0895551,0.0117644,0.0015644,0.00174816,0.0102355,0.0102925,0.064271,0.0207328,0.0204622,0.00922743,0.00922788,4.06944E-07,9.02511E-08,0.00428449,0.00414281,0,0,0,0,0.294947,0.294948,3.8035,5.86677
F1,10,20000,3.818,1,1,0.320708,0.321702,0.0794315,-3.27939E-05,2.82253E-05,-0.0816388,0.089652,-0.00515305,0.0896852,0.0116232,0.00156879,0.0017441,0.0100098,0.0104818,0.064297,0.0202611,0.0208962,0.0377699,0.0381447,2.85608E-06,1.18897E-06,0.0044285,0.00414282,0.152862,0,0.0570504,0,0.320718,0.320723,3.78886,5.86677
F2,10,20000,3.818,1,1,0.320708,0.321702,0.0794315,-3.27939E-05,2.82253E-05,-0.0816388,0.089652,-0.00515305,0.0896852,0.0116232,0.00156879,0.0017441,0.0100098,0.0104818,0.064297,0.0202611,0.0208962,0.0377699,0.0381447,2.85608E-06,1.18897E-06,0.0044285,0.00414282,0.152862,0,0.0570504,0,0.320718,0.320723,3.78886,5.86677
B,10,20000,3.818,1,1,0.23741,0.336329,0.175572,-0.000229818,0.000222918,-0.211015,0.0662808,-0.00180647,0.0982638,0.0105659,0.00151716,0.00168265,0.0077383,0.0122038,0.0656053,0.0143826,0.0250232,0.222671,0.24109,2.95404E-05,1.89152E-05,0.00594567,0.00414279,0.946861,0,0.141937,0,0.237517,0.237393,9.55995,5.86677
A,10,20000,3.818,1,2,0.294954,0.296275,0.0205052,0.0200346,-0.0202565,-0.0205191,0.0908048,-0.00622794,0.0895532,0.0117644,0.00156439,0.00174815,0.0102355,0.0102925,0.0642697,0.0207336,0.0204628,0.00922741,0.0092279,4.06919E-07,9.02416E-08,0.00428452,0.00414281,0,0,0,0,0.294953,0.294954,3.80351,4.22836
F1,10,20000,3.818,1,2,0.320889,0.321898,0.0794797,-8.06313E-05,8.37502E-05,-0.0816111,0.0896557,-0.00511765,0.0896836,0.0116237,0.00156877,0.00174404,0.0100099,0.0104817,0.0642956,0.020262,0.0208967,0.0377867,0.0381503,2.86489E-06,1.20128E-06,0.00442884,0.00414282,0.152889,0,0.0570397,0,0.320902,0.320895,3.79108,4.22836
F2,10,20000,3.818,1,2,0.295478,0.296334,0.0203547,0.0201884,-0.0203242,-0.0204536,0.0908821,-0.00622896,0.0894796,0.0117645,0.00156438,0.00174815,0.0102358,0.0102923,0.0642202,0.0207586,0.020487,0.00922731,0.00922702,4.05903E-07,8.99822E-08,0.0042843,0.00414279,1.67465E-07,0,5.96958E-05,0,0.295477,0.295478,3.78903,4.22836
B,10,20000,3.818,1,2,0.268557,0.290678,0.0229612,0.0171667,-0.017716,-0.0226069,0.0861057,-0.00517231,0.0933181,0.0117344,0.00158729,0.00169114,0.00897473,0.0113786,0.0647516,0.0177118,0.0228426,0.00936951,0.00911573,6.18071E-07,2.44208E-07,0.00441733,0.00414336,6.56746E-07,0,0.00011821,0,0.268543,0.268538,11.748,4.22836
A,10,20000,3.818,1,4,0.294947,0.296282,0.020505,0.0200338,-0.0202566,-0.02052,0.090802,-0.00622793,0.0895556,0.0117644,0.00156439,0.00174816,0.0102355,0.0102924,0.0642714,0.0207327,0.020462,0.00922744,0.00922789,4.06928E-07,9.02389E-08,0.00428451,0.00414281,0,0,0,0,0.294945,0.294946,3.8035,5.3479
F1,10,20000,3.818,1,4,0.295185,0.296048,0.0205033,0.0200375,-0.020258,-0.0205163,0.090875,-0.00622768,0.0894823,0.0117643,0.00156439,0.00174813,0.0102356,0.0102924,0.0642219,0.0207573,0.0204867,0.0092281,0.00922687,4.06696E-07,9.03263E-08,0.00428437,0.00414279,3.54018E-06,0,0.000274515,0,0.295181,0.295184,3.78901,5.3479
F2,10,20000,3.818,1,4,0.295471,0.296342,0.0203546,0.0201884,-0.0203243,-0.0204536,0.0908794,-0.00622895,0.089482,0.0117645,0.00156438,0.00174816,0.0102358,0.0102923,0.0642218,0.0207578,0.0204863,0.00922732,0.00922702,4.0591E-07,8.99794E-08,0.00428429,0.00414279,1.67445E-07,0,5.9702E-05,0,0.295468,0.295471,3.78902,5.3479
B,10,20000,3.818,1,4,0.237454,0.336188,0.175518,-0.000221704,0.000280603,-0.210908,0.0662675,-0.00185675,0.0982594,0.0105668,0.00151695,0.00168136,0.00774009,0.0122037,0.0656052,0.014383,0.0250231,0.222635,0.241155,2.94628E-05,1.88994E-05,0.00594505,0.00414279,0.946926,0,0.141925,0,0.237592,0.237433,9.55875,5.3479
A,10,20000,3.818,1,5,0.294954,0.296275,0.0205048,0.0200348,-0.0202567,-0.020519,0.090804,-0.0062286,0.0895532,0.0117645,0.00156441,0.00174815,0.0102354,0.0102926,0.0642697,0.0207334,0.0204629,0.00922742,0.0092279,4.06879E-07,9.02346E-08,0.00428444,0.00414281,0,0,0,0,0.294953,0.294954,3.80331,4.12032
F1,10,20000,3.818,1,5,0.290829,0.291432,0.0656641,-4.75948E-05,3.85739E-05,-0.0670275,0.0898957,-0.00540598,0.0896006,0.0116728,0.00156733,0.00174323,0.0100972,0.0104074,0.0642663,0.0204519,0.0207405,0.0270692,0.0272642,1.89302E-06,7.36165E-07,0.00437556,0.00414281,0.104526,0,0.0471588,0,0.290831,0.290831,3.78354,4.12032
F2,10,20000,3.818,1,5,0.295478,0.296335,0.0203545,0.0201884,-0.0203242,-0.0204535,0.0908813,-0.00622887,0.0894797,0.0117645,0.0015644,0.00174814,0.0102357,0.0102924,0.0642202,0.0207584,0.0204872,0.00922731,0.00922702,4.05862E-07,8.99749E-08,0.00428422,0.00414279,1.67488E-07,0,5.96957E-05,0,0.295477,0.295478,3.78429,4.12032
B,10,20000,3.818,1,5,0.268554,0.290681,0.0229609,0.017167,-0.0177216,-0.0226008,0.0861022,-0.00517451,0.0933195,0.0117345,0.00158734,0.0016911,0.00897451,0.011379,0.0647517,0.0177109,0.0228436,0.00936962,0.00911578,6.17749E-07,2.44143E-07,0.00441714,0.00414336,6.56801E-07,0,0.000118214,0,0.268532,0.268542,11.7299,4.12032
A,3,1000,3.818,0.25,0,0.295045,0.296188,0.0205029,0.0200365,-0.0202638,-0.0204973,0.090837,-0.0067445,0.0895227,0.0117644,0.00156297,0.00176143,0.0102713,0.0102708,0.0642558,0.0208032,0.0204141,0.00922713,0.00922804,3.98024E-07,8.10313E-08,0.00426953,0.00414281,0,0,0,0,0.295045,0.295045,3.80212,3.97158
F1,3,1000,3.818,0.25,0,0.29536,0.295868,0.0205023,0.0200372,-0.0202643,-0.0204958,0.09094,-0.00674433,0.0894191,0.0117642,0.00156297,0.00176139,0.0102713,0.0102707,0.0641859,0.0208383,0.0204486,0.00922709,0.00922763,3.97682E-07,8.11476E-08,0.00426932,0.00414279,3.54148E-06,0,0.000274501,0,0.29536,0.29536,3.78624,3.97158
F2,3,1000,3.818,0.25,0,0.295658,0.29615,0.0203527,0.0201885,-0.0203445,-0.0204163,0.0909441,-0.00674622,0.0894192,0.0117643,0.00156297,0.00176138,0.0102713,0.0102707,0.0641859,0.0208384,0.0204486,0.00922707,0.00922701,3.97048E-07,8.09146E-08,0.0042693,0.00414279,1.6751E-07,0,5.96997E-05,0,0.295659,0.295659,3.78625,3.97158
B,3,1000,3.818,0.25,0,0.295724,0.296244,0.0204414,0.0201298,-0.0202851,-0.0205165,0.0909929,-0.0067777,0.0894359,0.0117669,0.00156297,0.00176148,0.0102714,0.0102708,0.0642339,0.0208152,0.0204242,0.00923201,0.00923676,3.91628E-07,7.76943E-08,0.00426964,0.00414281,9.09527E-09,0,1.3911E-05,0,0.295724,0.295724,1.32519,3.97158
A,3,1000,3.818,0.25,1,0.295044,0.296189,0.0205029,0.0200365,-0.0202638,-0.0204973,0.0908371,-0.00674449,0.0895231,0.0117644,0.00156296,0.00176143,0.0102714,0.0102707,0.064256,0.0208032,0.0204139,0.00922715,0.00922804,3.98027E-07,8.10236E-08,0.00426957,0.00414281,0,0,0,0,0.295041,0.295044,3.80212,4.26685
F1,3,1000,3.818,0.25,1,0.300694,0.300939,0.065156,-4.95814E-08,2.19715E-08,-0.065527,0.0902918,-0.00630241,0.0894214,0.0116802,0.00156288,0.0017674,0.0102648,0.0102706,0.0641861,0.0208385,0.0204481,0.0266159,0.0266068,1.40624E-06,3.34124E-07,0.00432151,0.00414278,0.102027,0,0.0465918,0,0.300086,0.300634,3.78706,4.26685
F2,3,1000,3.818,0.25,1,0.300694,0.300939,0.065156,-4.95814E-08,2.19715E-08,-0.065527,0.0902918,-0.00630241,0.0894214,0.0116802,0.00156288,0.0017674,0.0102648,0.0102706,0.0641861,0.0208385,0.0204481,0.0266159,0.0266068,1.40624E-06,3.34124E-07,0.00432151,0.00414278,0.102027,0,0.0465918,0,0.300086,0.300634,3.78706,4.26685
B,3,1000,3.818,0.25,1,0.289553,0.290107,0.0322253,0.00885395,-0.00896194,-0.0323527,0.0908895,-0.00661154,0.0894365,0.0117616,0.00156296,0.0017617,0.0102711,0.0102708,0.0642339,0.0208151,0.0204242,0.0108777,0.0108708,4.82452E-07,9.86759E-08,0.00427278,0.00414281,0.0128102,0,0.0165093,0,0.289325,0.28953,1.32518,4.26685
A,3,1000,3.818,0.25,2,0.295045,0.296188,0.0205029,0.0200365,-0.0202638,-0.0204973,0.090837,-0.00674449,0.0895228,0.0117644,0.00156297,0.00176143,0.0102713,0.0102708,0.0642558,0.0208032,0.0204141,0.00922714,0.00922804,3.98025E-07,8.10306E-08,0.00426954,0.00414281,0,0,0,0,0.295045,0.295045,3.80208,4.11747
F1,3,1000,3.818,0.25,2,0.300456,0.301173,0.0651509,-4.31747E-08,1.31032E-08,-0.0655219,0.0902908,-0.00630245,0.0894184,0.01168,0.00156289,0.00176734,0.0102648,0.0102707,0.064186,0.0208385,0.0204484,0.0266065,0.0266298,1.40599E-06,3.34415E-07,0.00432118,0.00414278,0.102053,0,0.0465977,0,0.300071,0.300156,3.7869,4.11747
F2,3,1000,3.818,0.25,2,0.295658,0.296151,0.0203527,0.0201885,-0.0203445,-0.0204163,0.0909441,-0.00674622,0.0894192,0.0117643,0.00156297,0.00176138,0.0102713,0.0102707,0.064186,0.0208383,0.0204485,0.00922707,0.00922701,3.97049E-07,8.0914E-08,0.00426931,0.00414279,1.67496E-07,0,5.96971E-05,0,0.295658,0.295658,3.78619,4.11747
B,3,1000,3.818,0.25,2,0.295724,0.296244,0.0204414,0.0201298,-0.0202851,-0.0205165,0.0909929,-0.00677769,0.0894359,0.0117669,0.00156297,0.00176148,0.0102714,0.0102707,0.0642339,0.0208152,0.0204242,0.00923201,0.00923676,3.91628E-07,7.76941E-08,0.00426964,0.00414281,9.0945E-09,0,1.39104E-05,0,0.295724,0.295724,1.32517,4.11747
A,3,1000,3.818,0.25,4,0.295045,0.296188,0.0205029,0.0200365,-0.0202638,-0.0204973,0.090837,-0.0067445,0.0895227,0.0117644,0.00156297,0.00176143,0.0102713,0.0102708,0.0642558,0.0208032,0.0204141,0.00922713,0.00922804,3.98024E-07,8.10313E-08,0.00426953,0.00414281,0,0,0,0,0.295045,0.295045,3.80212,3.97525
F1,3,1000,3.818,0.25,4,0.29536,0.295868,0.0205023,0.0200372,-0.0202643,-0.0204958,0.09094,-0.00674433,0.0894191,0.0117642,0.00156297,0.00176139,0.0102713,0.0102707,0.0641859,0.0208383,0.0204486,0.00922709,0.00922763,3.97682E-07,8.11476E-08,0.00426932,0.00414279,3.54148E-06,0,0.000274501,0,0.29536,0.29536,3.78624,3.97525
F2,3,1000,3.818,0.25,4,0.295658,0.29615,0.0203527,0.0201885,-0.0203445,-0.0204163,0.0909441,-0.00674622,0.0894192,0.0117643,0.00156297,0.00176138,0.0102713,0.0102707,0.0641859,0.0208384,0.0204486,0.00922707,0.00922701,3.97048E-07,8.09146E-08,0.0042693,0.00414279,1.6751E-07,0,5.96997E-05,0,0.295659,0.295659,3.78625,3.97525
B,3,1000,3.818,0.25,4,0.289455,0.290194,0.0322253,0.00885351,-0.00896203,-0.0323522,0.0908892,-0.00661153,0.0894353,0.0117615,0.00156297,0.00176168,0.0102711,0.0102708,0.0642339,0.0208151,0.0204243,0.0108722,0.0108772,4.82221E-07,9.87403E-08,0.00427265,0.00414281,0.0128138,0,0.0165116,0,0.289319,0.289334,1.32513,3.97525
A,3,1000,3.818,0.25,5,0.295045,0.296188,0.0205029,0.0200365,-0.0202638,-0.0204973,0.090837,-0.00674449,0.0895228,0.0117644,0.00156297,0.00176143,0.0102713,0.0102708,0.0642558,0.0208032,0.0204141,0.00922714,0.00922804,3.98025E-07,8.10306E-08,0.00426954,0.00414281,0,0,0,0,0.295045,0.295045,3.80208,4.05996
F1,3,1000,3.818,0.25,5,0.280714,0.281337,0.0569336,5.00184E-07,-5.87714E-07,-0.0572569,0.0902937,-0.00635164,0.089418,0.011704,0.00156292,0.00176517,0.010267,0.0102708,0.064186,0.0208376,0.0204492,0.0214279,0.0214334,1.11901E-06,2.63094E-07,0.00430427,0.00414279,0.0779328,0,0.0407203,0,0.2804,0.280467,3.78653,4.05996
F2,3,1000,3.818,0.25,5,0.295658,0.296151,0.0203527,0.0201885,-0.0203445,-0.0204163,0.0909441,-0.00674622,0.0894192,0.0117643,0.00156297,0.00176138,0.0102713,0.0102707,0.064186,0.0208383,0.0204485,0.00922707,0.00922701,3.97049E-07,8.0914E-08,0.0042693,0.00414279,1.67497E-07,0,5.96973E-05,0,0.295658,0.295658,3.78619,4.05996
B,3,1000,3.818,0.25,5,0.295724,0.296244,0.0204414,0.0201298,-0.0202851,-0.0205165,0.0909929,-0.00677769,0.0894359,0.0117669,0.00156297,0.00176148,0.0102714,0.0102707,0.0642339,0.0208152,0.0204242,0.00923201,0.00923676,3.91628E-07,7.76941E-08,0.00426964,0.00414281,9.09455E-09,0,1.39105E-05,0,0.295724,0.295724,1.32517,4.05996
A,3,1000,3.818,0.5,0,0.295044,0.296187,0.0205032,0.0200361,-0.0202635,-0.0204976,0.090837,-0.00674449,0.0895227,0.0117644,0.00156297,0.00176143,0.0102713,0.0102708,0.0642558,0.0208032,0.0204141,0.00922713,0.00922804,3.98026E-07,8.10319E-08,0.00426953,0.00414281,0,0,0,0,0.295044,0.295045,3.80212,3.97145
F1,3,1000,3.818,0.5,0,0.29536,0.295868,0.0205023,0.0200372,-0.0202643,-0.0204958,0.09094,-0.00674433,0.0894191,0.0117642,0.00156297,0.00176139,0.0102713,0.0102707,0.0641859,0.0208383,0.0204486,0.00922709,0.00922763,3.97682E-07,8.11476E-08,0.00426932,0.00414279,3.54148E-06,0,0.000274501,0,0.29536,0.29536,3.78624,3.97145
F2,3,1000,3.818,0.5,0,0.295658,0.29615,0.0203527,0.0201885,-0.0203445,-0.0204163,0.0909441,-0.00674622,0.0894192,0.0117643,0.00156297,0.00176138,0.0102713,0.0102707,0.0641859,0.0208384,0.0204486,0.00922707,0.00922701,3.97048E-07,8.09146E-08,0.0042693,0.00414279,1.6751E-07,0,5.96997E-05,0,0.295659,0.295659,3.78625,3.97145
B,3,1000,3.818,0.5,0,0.295455,0.295847,0.020589,0.0199654,-0.0201625,-0.0206238,0.0909944,-0.00675808,0.0894018,0.0117656,0.00156297,0.00176143,0.0102714,0.0102708,0.0642173,0.0208232,0.0204326,0.00922923,0.00923456,3.94474E-07,7.93279E-08,0.00426944,0.00414279,3.63357E-08,0,2.78047E-05,0,0.295455,0.295455,2.67065,3.97145
A,3,1000,3.818,0.5,1,0.295044,0.296189,0.0205033,0.0200361,-0.0202635,-0.0204976,0.090837,-0.00674449,0.0895231,0.0117644,0.00156296,0.00176143,0.0102714,0.0102707,0.064256,0.0208032,0.0204139,0.00922715,0.00922805,3.98029E-07,8.10242E-08,0.00426957,0.00414281,0,0,0,0,0.29504,0.295044,3.80212,4.29512
F1,3,1000,3.818,0.5,1,0.300694,0.300939,0.065156,-4.95862E-08,2.19739E-08,-0.065527,0.0902918,-0.00630241,0.0894214,0.0116802,0.00156288,0.0017674,0.0102648,0.0102706,0.0641861,0.0208385,0.0204481,0.0266159,0.0266068,1.40624E-06,3.34125E-07,0.00432151,0.00414278,0.102027,0,0.0465918,0,0.300086,0.300633,3.78706,4.29512
F2,3,1000,3.818,0.5,1,0.300694,0.300939,0.065156,-4.95862E-08,2.19739E-08,-0.065527,0.0902918,-0.00630241,0.0894214,0.0116802,0.00156288,0.0017674,0.0102648,0.0102706,0.0641861,0.0208385,0.0204481,0.0266159,0.0266068,1.40624E-06,3.34125E-07,0.00432151,0.00414278,0.102027,0,0.0465918,0,0.300086,0.300633,3.78706,4.29512
B,3,1000,3.818,0.5,1,0.279001,0.27937,0.0467134,0.000101719,-0.000125584,-0.0469658,0.0906111,-0.00643357,0.089403,0.0117382,0.00156295,0.00176294,0.0102695,0.0102708,0.0642175,0.0208229,0.0204327,0.0163696,0.0163461,7.93282E-07,1.7421E-07,0.00428609,0.00414279,0.0511775,0,0.0329982,0,0.278532,0.278954,2.67078,4.29512
A,3,1000,3.818,0.5,2,0.295044,0.296187,0.0205032,0.0200361,-0.0202635,-0.0204976,0.090837,-0.00674449,0.0895228,0.0117644,0.00156297,0.00176143,0.0102713,0.0102708,0.0642558,0.0208032,0.0204141,0.00922714,0.00922804,3.98026E-07,8.10312E-08,0.00426954,0.00414281,0,0,0,0,0.295044,0.295044,3.80208,4.11735
F1,3,1000,3.818,0.5,2,0.300456,0.301173,0.0651509,-4.31769E-08,1.31051E-08,-0.0655219,0.0902908,-0.00630245,0.0894184,0.01168,0.00156289,0.00176734,0.0102648,0.0102707,0.064186,0.0208385,0.0204484,0.0266065,0.0266298,1.40599E-06,3.34415E-07,0.00432118,0.00414278,0.102053,0,0.0465978,0,0.300071,0.300156,3.78691,4.11735
F2,3,1000,3.818,0.5,2,0.295658,0.296151,0.0203527,0.0201885,-0.0203445,-0.0204163,0.0909441,-0.00674622,0.0894192,0.0117643,0.00156297,0.00176138,0.0102713,0.0102707,0.064186,0.0208383,0.0204485,0.00922707,0.00922701,3.97049E-07,8.0914E-08,0.0042693,0.00414279,1.67496E-07,0,5.96971E-05,0,0.295658,0.295658,3.78619,4.11735
B,3,1000,3.818,0.5,2,0.295455,0.295847,0.020589,0.0199654,-0.0201625,-0.0206238,0.0909944,-0.00675808,0.0894018,0.0117656,0.00156297,0.00176143,0.0102714,0.0102708,0.0642174,0.0208232,0.0204326,0.00922923,0.00923456,3.94474E-07,7.93275E-08,0.00426944,0.00414279,3.63326E-08,0,2.78035E-05,0,0.295454,0.295455,2.6706,4.11735
A,3,1000,3.818,0.5,4,0.295044,0.296187,0.0205032,0.0200361,-0.0202635,-0.0204976,0.090837,-0.00674449,0.0895227,0.0117644,0.00156297,0.00176143,0.0102713,0.0102708,0.0642558,0.0208032,0.0204141,0.00922713,0.00922804,3.98026E-07,8.10319E-08,0.00426953,0.00414281,0,0,0,0,0.295044,0.295045,3.80212,4.00354
F1,3,1000,3.818,0.5,4,0.29536,0.295868,0.0205023,0.0200372,-0.0202643,-0.0204958,0.09094,-0.00674433,0.0894191,0.0117642,0.00156297,0.00176139,0.0102713,0.0102707,0.0641859,0.0208383,0.0204486,0.00922709,0.00922763,3.97682E-07,8.11476E-08,0.00426932,0.00414279,3.54148E-06,0,0.000274501,0,0.29536,0.29536,3.78624,4.00354
F2,3,1000,3.818,0.5,4,0.295658,0.29615,0.0203527,0.0201885,-0.0203445,-0.0204163,0.0909441,-0.00674622,0.0894192,0.0117643,0.00156297,0.00176138,0.0102713,0.0102707,0.0641859,0.0208384,0.0204486,0.00922707,0.00922701,3.97048E-07,8.09146E-08,0.0042693,0.00414279,1.6751E-07,0,5.96997E-05,0,0.295659,0.295659,3.78625,4.00354
B,3,1000,3.818,0.5,4,0.2788,0.279537,0.046714,0.000101476,-0.000125342,-0.0469665,0.0906103,-0.00643354,0.0894007,0.011738,0.00156295,0.0017629,0.0102695,0.0102709,0.0642174,0.0208229,0.0204328,0.0163599,0.0163606,7.9291E-07,1.7437E-07,0.00428583,0.00414279,0.051192,0,0.0330029,0,0.278521,0.278551,2.67068,4.00354
A,3,1000,3.818,0.5,5,0.295044,0.296187,0.0205032,0.0200361,-0.0202635,-0.0204976,0.090837,-0.00674449,0.0895228,0.0117644,0.00156297,0.00176143,0.0102713,0.0102708,0.0642558,0.0208032,0.0204141,0.00922714,0.00922804,3.98026E-07,8.10312E-08,0.00426954,0.00414281,0,0,0,0,0.295044,0.295044,3.80208,4.05983
F1,3,1000,3.818,0.5,5,0.280714,0.281337,0.0569336,5.00185E-07,-5.87715E-07,-0.0572569,0.0902937,-0.00635164,0.089418,0.011704,0.00156292,0.00176517,0.010267,0.0102708,0.064186,0.0208376,0.0204492,0.0214279,0.0214334,1.11901E-06,2.63094E-07,0.00430427,0.00414279,0.0779328,0,0.0407203,0,0.2804,0.280467,3.78653,4.05983
F2,3,1000,3.818,0.5,5,0.295658,0.296151,0.0203527,0.0201885,-0.0203445,-0.0204163,0.0909441,-0.00674622,0.0894192,0.0117643,0.00156297,0.00176138,0.0102713,0.0102707,0.064186,0.0208383,0.0204485,0.00922707,0.00922701,3.97049E-07,8.0914E-08,0.0042693,0.00414279,1.67497E-07,0,5.96973E-05,0,0.295658,0.295658,3.78619,4.05983
B,3,1000,3.818,0.5,5,0.295455,0.295847,0.020589,0.0199654,-0.0201625,-0.0206238,0.0909944,-0.00675808,0.0894018,0.0117656,0.00156297,0.00176143,0.0102714,0.0102708,0.0642174,0.0208232,0.0204326,0.00922923,0.00923456,3.94474E-07,7.93275E-08,0.00426944,0.00414279,3.63328E-08,0,2.78036E-05,0,0.295454,0.295455,2.6706,4.05983
A,3,1000,3.818,0.79,0,0.295043,0.296186,0.0205039,0.0200354,-0.0202628,-0.0204983,0.090837,-0.00674448,0.0895227,0.0117644,0.00156297,0.00176143,0.0102713,0.0102708,0.0642558,0.0208032,0.0204141,0.00922714,0.00922804,3.98029E-07,8.1033E-08,0.00426953,0.00414281,0,0,0,0,0.295043,0.295043,3.80212,3.9712
F1,3,1000,3.818,0.79,0,0.29536,0.295868,0.0205023,0.0200372,-0.0202643,-0.0204958,0.09094,-0.00674433,0.0894191,0.0117642,0.00156297,0.00176139,0.0102713,0.0102707,0.0641859,0.0208383,0.0204486,0.00922709,0.00922763,3.97682E-07,8.11476E-08,0.00426932,0.00414279,3.54148E-06,0,0.000274501,0,0.29536,0.29536,3.78624,3.9712
F2,3,1000,3.818,0.79,0,0.295658,0.29615,0.0203527,0.0201885,-0.0203445,-0.0204163,0.0909441,-0.00674622,0.0894192,0.0117643,0.00156297,0.00176138,0.0102713,0.0102707,0.0641859,0.0208384,0.0204486,0.00922707,0.00922701,3.97048E-07,8.09146E-08,0.0042693,0.00414279,1.6751E-07,0,5.96997E-05,0,0.295659,0.295659,3.78625,3.9712
B,3,1000,3.818,0.79,0,0.294826,0.295142,0.0207548,0.0197664,-0.0200143,-0.0207401,0.0909654,-0.00673465,0.0893645,0.011763,0.00156297,0.00176133,0.0102714,0.0102708,0.0641989,0.0208319,0.0204422,0.00922407,0.0092297,4.00379E-07,8.27163E-08,0.0042691,0.00414278,9.08607E-08,0,4.39683E-05,0,0.294825,0.294825,4.23592,3.9712
A,3,1000,3.818,0.79,1,0.295042,0.296187,0.0205039,0.0200354,-0.0202628,-0.0204983,0.090837,-0.00674448,0.0895231,0.0117644,0.00156296,0.00176143,0.0102714,0.0102707,0.064256,0.0208032,0.0204139,0.00922715,0.00922805,3.98032E-07,8.10253E-08,0.00426957,0.00414281,0,0,0,0,0.295039,0.295042,3.80212,4.47381
F1,3,1000,3.818,0.79,1,0.300694,0.30094,0.065156,-5.06272E-08,1.05568E-08,-0.065527,0.0902918,-0.00630241,0.0894214,0.0116802,0.00156288,0.0017674,0.0102648,0.0102706,0.0641861,0.0208385,0.0204481,0.0266159,0.0266069,1.40624E-06,3.34125E-07,0.00432151,0.00414278,0.102027,0,0.0465918,0,0.300086,0.300632,3.78706,4.47381
F2,3,1000,3.818,0.79,1,0.300694,0.30094,0.065156,-5.06273E-08,1.05568E-08,-0.065527,0.0902918,-0.00630241,0.0894214,0.0116802,0.00156288,0.0017674,0.0102648,0.0102706,0.0641861,0.0208385,0.0204481,0.0266159,0.0266069,1.40624E-06,3.34125E-07,0.00432151,0.00414278,0.102027,0,0.0465918,0,0.300086,0.300632,3.78706,4.47381
B,3,1000,3.818,0.79,1,0.313405,0.313215,0.073623,-4.48629E-07,4.09964E-07,-0.0740582,0.0901492,-0.00623522,0.0893679,0.0116457,0.00156285,0.00176982,0.0102622,0.0102706,0.064199,0.0208322,0.0204417,0.0328934,0.0329052,1.80616E-06,4.46651E-07,0.00434162,0.00414277,0.127986,0,0.0521834,0,0.31274,0.313337,4.23708,4.47381
A,3,1000,3.818,0.79,2,0.295043,0.296186,0.0205039,0.0200354,-0.0202628,-0.0204983,0.090837,-0.00674448,0.0895228,0.0117644,0.00156297,0.00176143,0.0102713,0.0102708,0.0642558,0.0208032,0.0204141,0.00922714,0.00922804,3.98029E-07,8.10323E-08,0.00426954,0.00414281,0,0,0,0,0.295043,0.295043,3.80208,4.1171
F1,3,1000,3.818,0.79,2,0.300456,0.301173,0.0651509,-4.31663E-08,1.30961E-08,-0.0655219,0.0902908,-0.00630245,0.0894184,0.01168,0.00156289,0.00176734,0.0102648,0.0102707,0.064186,0.0208385,0.0204484,0.0266065,0.0266298,1.40599E-06,3.34415E-07,0.00432118,0.00414278,0.102053,0,0.0465977,0,0.300071,0.300156,3.7869,4.1171
F2,3,1000,3.818,0.79,2,0.295658,0.296151,0.0203527,0.0201885,-0.0203445,-0.0204163,0.0909441,-0.00674622,0.0894192,0.0117643,0.00156297,0.00176138,0.0102713,0.0102707,0.064186,0.0208383,0.0204485,0.00922707,0.00922701,3.97049E-07,8.09139E-08,0.00426931,0.00414279,1.67496E-07,0,5.96971E-05,0,0.295658,0.295658,3.78619,4.1171
B,3,1000,3.818,0.79,2,0.294826,0.295143,0.0207548,0.0197664,-0.0200143,-0.0207402,0.0909654,-0.00673465,0.0893646,0.011763,0.00156297,0.00176133,0.0102714,0.0102708,0.0641989,0.0208319,0.0204422,0.00922407,0.0092297,4.00379E-07,8.27155E-08,0.0042691,0.00414278,9.0853E-08,0,4.39664E-05,0,0.294825,0.294825,4.23584,4.1171
A,3,1000,3.818,0.79,4,0.295043,0.296186,0.0205039,0.0200354,-0.0202628,-0.0204983,0.090837,-0.00674448,0.0895227,0.0117644,0.00156297,0.00176143,0.0102713,0.0102708,0.0642558,0.0208032,0.0204141,0.00922714,0.00922804,3.98029E-07,8.1033E-08,0.00426953,0.00414281,0,0,0,0,0.295043,0.295043,3.80212,4.18235
F1,3,1000,3.818,0.79,4,0.29536,0.295868,0.0205023,0.0200372,-0.0202643,-0.0204958,0.09094,-0.00674433,0.0894191,0.0117642,0.00156297,0.00176139,0.0102713,0.0102707,0.0641859,0.0208383,0.0204486,0.00922709,0.00922763,3.97682E-07,8.11476E-08,0.00426932,0.00414279,3.54148E-06,0,0.000274501,0,0.29536,0.29536,3.78624,4.18235
F2,3,1000,3.818,0.79,4,0.295658,0.29615,0.0203527,0.0201885,-0.0203445,-0.0204163,0.0909441,-0.00674622,0.0894192,0.0117643,0.00156297,0.00176138,0.0102713,0.0102707,0.0641859,0.0208384,0.0204486,0.00922707,0.00922701,3.97048E-07,8.09146E-08,0.0042693,0.00414279,1.6751E-07,0,5.96997E-05,0,0.295659,0.295659,3.78625,4.18235
B,3,1000,3.818,0.79,4,0.313116,0.313504,0.0736236,-4.55363E-07,4.13911E-07,-0.0740587,0.0901477,-0.00623525,0.089364,0.0116454,0.00156287,0.00176976,0.0102621,0.0102707,0.0641988,0.0208321,0.020442,0.0328835,0.0329365,1.80598E-06,4.47072E-07,0.00434121,0.00414277,0.128022,0,0.0521908,0,0.312716,0.31276,4.23689,4.18235
A,3,1000,3.818,0.79,5,0.295043,0.296186,0.0205039,0.0200354,-0.0202628,-0.0204983,0.090837,-0.00674448,0.0895228,0.0117644,0.00156297,0.00176143,0.0102713,0.0102708,0.0642558,0.0208032,0.0204141,0.00922714,0.00922804,3.98029E-07,8.10323E-08,0.00426954,0.00414281,0,0,0,0,0.295043,0.295043,3.80208,4.05958
F1,3,1000,3.818,0.79,5,0.280714,0.281337,0.0569336,5.00181E-07,-5.87711E-07,-0.0572569,0.0902937,-0.00635164,0.089418,0.011704,0.00156292,0.00176517,0.010267,0.0102708,0.064186,0.0208376,0.0204492,0.0214279,0.0214334,1.11901E-06,2.63094E-07,0.00430427,0.00414279,0.0779328,0,0.0407203,0,0.2804,0.280468,3.78653,4.05958
F2,3,1000,3.818,0.79,5,0.295658,0.296151,0.0203527,0.0201885,-0.0203445,-0.0204163,0.0909441,-0.00674622,0.0894192,0.0117643,0.00156297,0.00176138,0.0102713,0.0102707,0.064186,0.0208383,0.0204485,0.00922707,0.00922701,3.97049E-07,8.0914E-08,0.0042693,0.00414279,1.67497E-07,0,5.96973E-05,0,0.295658,0.295658,3.78619,4.05958
B,3,1000,3.818,0.79,5,0.294826,0.295143,0.0207548,0.0197664,-0.0200143,-0.0207402,0.0909654,-0.00673465,0.0893646,0.011763,0.00156297,0.00176133,0.0102714,0.0102708,0.0641989,0.0208319,0.0204422,0.00922407,0.0092297,4.00379E-07,8.27155E-08,0.0042691,0.00414278,9.08535E-08,0,4.39665E-05,0,0.294825,0.294825,4.23585,4.05958
A,3,1000,3.818,1,0,0.295041,0.296185,0.0205047,0.0200347,-0.0202621,-0.020499,0.090837,-0.00674447,0.0895227,0.0117644,0.00156297,0.00176143,0.0102713,0.0102708,0.0642558,0.0208032,0.0204141,0.00922714,0.00922805,3.98032E-07,8.10341E-08,0.00426953,0.00414281,0,0,0,0,0.295042,0.295042,3.80212,3.97095
F1,3,1000,3.818,1,0,0.29536,0.295868,0.0205023,0.0200372,-0.0202643,-0.0204958,0.09094,-0.00674433,0.0894191,0.0117642,0.00156297,0.00176139,0.0102713,0.0102707,0.0641859,0.0208383,0.0204486,0.00922709,0.00922763,3.97682E-07,8.11476E-08,0.00426932,0.00414279,3.54147E-06,0,0.000274501,0,0.29536,0.29536,3.78624,3.97095
F2,3,1000,3.818,1,0,0.295658,0.29615,0.0203527,0.0201885,-0.0203445,-0.0204163,0.0909441,-0.00674622,0.0894192,0.0117643,0.00156297,0.00176138,0.0102713,0.0102707,0.0641859,0.0208384,0.0204486,0.00922707,0.00922701,3.97048E-07,8.09146E-08,0.0042693,0.00414279,1.6751E-07,0,5.96996E-05,0,0.295659,0.295659,3.78625,3.97095
B,3,1000,3.818,1,0,0.294151,0.294465,0.0208717,0.0196154,-0.0199027,-0.0208182,0.0909222,-0.00671698,0.0893389,0.0117603,0.00156298,0.00176123,0.0102714,0.0102708,0.064186,0.0208378,0.0204491,0.00921892,0.00922451,4.0653E-07,8.63582E-08,0.00426874,0.00414276,1.4607E-07,0,5.57483E-05,0,0.294149,0.294149,5.3767,3.97095
A,3,1000,3.818,1,1,0.295041,0.296186,0.0205047,0.0200347,-0.0202621,-0.0204991,0.090837,-0.00674447,0.0895231,0.0117644,0.00156296,0.00176143,0.0102714,0.0102707,0.064256,0.0208032,0.0204139,0.00922715,0.00922805,3.98035E-07,8.10265E-08,0.00426957,0.00414281,0,0,0,0,0.295037,0.295041,3.80212,4.63733
F1,3,1000,3.818,1,1,0.300693,0.30094,0.065156,-4.87507E-08,2.14475E-08,-0.065527,0.0902918,-0.00630241,0.0894214,0.0116802,0.00156288,0.0017674,0.0102648,0.0102706,0.0641861,0.0208385,0.0204481,0.0266159,0.0266069,1.40624E-06,3.34126E-07,0.00432151,0.00414278,0.102028,0,0.0465918,0,0.300085,0.300631,3.78706,4.63733
F2,3,1000,3.818,1,1,0.300693,0.30094,0.065156,-4.87507E-08,2.14475E-08,-0.065527,0.0902918,-0.00630241,0.0894214,0.0116802,0.00156288,0.0017674,0.0102648,0.0102706,0.0641861,0.0208385,0.0204481,0.0266159,0.0266069,1.40624E-06,3.34126E-07,0.00432151,0.00414278,0.102028,0,0.0465918,0,0.300085,0.300631,3.78706,4.63733
B,3,1000,3.818,1,1,0.338425,0.337659,0.0932919,-1.14045E-06,1.1995E-06,-0.0938304,0.0894615,-0.00605278,0.0893474,0.0115499,0.00156278,0.00177574,0.0102553,0.0102708,0.0641862,0.0208376,0.020449,0.0508887,0.0509161,3.06598E-06,8.38013E-07,0.0043948,0.00414274,0.205747,0,0.0661634,0,0.337521,0.338332,5.37781,4.63733
A,3,1000,3.818,1,2,0.295041,0.296185,0.0205046,0.0200347,-0.0202621,-0.020499,0.0908369,-0.00674447,0.0895228,0.0117644,0.00156297,0.00176143,0.0102713,0.0102708,0.0642558,0.0208032,0.0204141,0.00922714,0.00922805,3.98032E-07,8.10334E-08,0.00426954,0.00414281,0,0,0,0,0.295041,0.295042,3.80208,4.11684
F1,3,1000,3.818,1,2,0.300456,0.301173,0.0651509,-4.31614E-08,1.30921E-08,-0.0655219,0.0902908,-0.00630245,0.0894184,0.01168,0.00156289,0.00176734,0.0102648,0.0102707,0.064186,0.0208385,0.0204484,0.0266065,0.0266298,1.40599E-06,3.34415E-07,0.00432118,0.00414278,0.102053,0,0.0465977,0,0.300071,0.300156,3.7869,4.11684
F2,3,1000,3.818,1,2,0.295658,0.296151,0.0203527,0.0201885,-0.0203445,-0.0204163,0.0909441,-0.00674622,0.0894192,0.0117643,0.00156297,0.00176138,0.0102713,0.0102707,0.064186,0.0208383,0.0204485,0.00922707,0.00922701,3.97049E-07,8.09139E-08,0.00426931,0.00414279,1.67496E-07,0,5.96971E-05,0,0.295658,0.295658,3.78619,4.11684
B,3,1000,3.818,1,2,0.294151,0.294465,0.0208716,0.0196155,-0.0199027,-0.0208182,0.0909222,-0.00671698,0.089339,0.0117603,0.00156297,0.00176123,0.0102714,0.0102708,0.064186,0.0208377,0.0204491,0.00921893,0.00922451,4.0653E-07,8.63569E-08,0.00426875,0.00414276,1.46057E-07,0,5.57459E-05,0,0.294149,0.294149,5.37659,4.11684
A,3,1000,3.818,1,4,0.295041,0.296185,0.0205047,0.0200347,-0.0202621,-0.020499,0.090837,-0.00674447,0.0895227,0.0117644,0.00156297,0.00176143,0.0102713,0.0102708,0.0642558,0.0208032,0.0204141,0.00922714,0.00922805,3.98032E-07,8.10341E-08,0.00426953,0.00414281,0,0,0,0,0.295042,0.295042,3.80212,4.34587
F1,3,1000,3.818,1,4,0.29536,0.295868,0.0205023,0.0200372,-0.0202643,-0.0204958,0.09094,-0.00674433,0.0894191,0.0117642,0.00156297,0.00176139,0.0102713,0.0102707,0.0641859,0.0208383,0.0204486,0.00922709,0.00922763,3.97682E-07,8.11477E-08,0.00426932,0.00414279,3.54148E-06,0,0.000274501,0,0.29536,0.29536,3.78624,4.34587
F2,3,1000,3.818,1,4,0.295658,0.29615,0.0203527,0.0201885,-0.0203445,-0.0204163,0.0909441,-0.00674622,0.0894192,0.0117643,0.00156297,0.00176138,0.0102713,0.0102707,0.0641859,0.0208384,0.0204486,0.00922707,0.00922701,3.97048E-07,8.09147E-08,0.0042693,0.00414279,1.6751E-07,0,5.96996E-05,0,0.295659,0.295659,3.78625,4.34587
B,3,1000,3.818,1,4,0.33803,0.33798,0.0932916,-1.17785E-06,1.14664E-06,-0.0938297,0.0894594,-0.00605285,0.0893419,0.0115494,0.0015628,0.00177565,0.0102553,0.0102709,0.064186,0.0208375,0.0204493,0.0508729,0.0509644,3.06588E-06,8.38791E-07,0.00439425,0.00414274,0.205805,0,0.0661727,0,0.33748,0.33754,5.37757,4.34587
A,3,1000,3.818,1,5,0.295041,0.296185,0.0205046,0.0200347,-0.0202621,-0.020499,0.0908369,-0.00674447,0.0895228,0.0117644,0.00156297,0.00176143,0.0102713,0.0102708,0.0642558,0.0208032,0.0204141,0.00922714,0.00922805,3.98032E-07,8.10334E-08,0.00426954,0.00414281,0,0,0,0,0.295041,0.295042,3.80208,4.05933
F1,3,1000,3.818,1,5,0.280715,0.281337,0.0569336,5.00179E-07,-5.8771E-07,-0.0572569,0.0902937,-0.00635164,0.089418,0.011704,0.00156292,0.00176517,0.010267,0.0102708,0.064186,0.0208376,0.0204492,0.0214279,0.0214334,1.11901E-06,2.63094E-07,0.00430427,0.00414279,0.0779328,0,0.0407203,0,0.2804,0.280468,3.78653,4.05933
F2,3,1000,3.818,1,5,0.295658,0.296151,0.0203527,0.0201885,-0.0203445,-0.0204163,0.0909441,-0.00674622,0.0894192,0.0117643,0.00156297,0.00176138,0.0102713,0.0102707,0.064186,0.0208383,0.0204485,0.00922707,0.00922701,3.97049E-07,8.0914E-08,0.0042693,0.00414279,1.67497E-07,0,5.96973E-05,0,0.295658,0.295658,3.78619,4.05933
B,3,1000,3.818,1,5,0.294151,0.294465,0.0208716,0.0196155,-0.0199027,-0.0208182,0.0909222,-0.00671698,0.089339,0.0117603,0.00156298,0.00176123,0.0102714,0.0102708,0.064186,0.0208377,0.0204491,0.00921893,0.00922451,4.0653E-07,8.6357E-08,0.00426875,0.00414276,1.46058E-07,0,5.57461E-05,0,0.294149,0.294149,5.3766,4.05933
A,3,20000,3.818,0.25,0,0.294958,0.296278,0.020503,0.0200365,-0.0202583,-0.0205176,0.0908041,-0.00622841,0.0895531,0.0117645,0.0015644,0.00174813,0.0102355,0.0102925,0.0642697,0.0207335,0.0204629,0.00922744,0.00922792,4.06745E-07,9.01829E-08,0.00428443,0.00414281,0,0,0,0,0.294957,0.294958,3.80351,3.9716
F1,3,20000,3.818,0.25,0,0.295192,0.29604,0.0205033,0.0200376,-0.0202582,-0.0205161,0.090877,-0.00622763,0.0894798,0.0117644,0.0015644,0.0017481,0.0102355,0.0102925,0.0642202,0.0207581,0.0204876,0.00922811,0.00922692,4.06524E-07,9.02741E-08,0.00428429,0.00414279,3.54116E-06,0,0.000274488,0,0.295191,0.295191,3.78604,3.9716
F2,3,20000,3.818,0.25,0,0.295479,0.296334,0.0203545,0.0201884,-0.0203243,-0.0204536,0.0908813,-0.00622894,0.0894796,0.0117645,0.00156439,0.00174813,0.0102357,0.0102923,0.0642201,0.0207586,0.0204872,0.00922734,0.00922705,4.05739E-07,8.99272E-08,0.00428421,0.00414279,1.67491E-07,0,5.96963E-05,0,0.295478,0.295478,3.78605,3.9716
B,3,20000,3.818,0.25,0,0.295693,0.296277,0.020441,0.0201304,-0.0202842,-0.0205179,0.0909809,-0.00659532,0.0894474,0.011767,0.00156306,0.00175983,0.0102701,0.0102703,0.0642395,0.0208096,0.0204233,0.00923221,0.00923663,3.92745E-07,7.88344E-08,0.0042715,0.00414281,9.03674E-09,0,1.38662E-05,0,0.295692,0.295693,1.32036,3.9716
A,3,20000,3.818,0.25,1,0.294957,0.296278,0.0205037,0.020036,-0.0202579,-0.020518,0.0908042,-0.00622793,0.0895531,0.0117645,0.00156441,0.00174815,0.0102354,0.0102926,0.0642696,0.0207334,0.020463,0.00922741,0.00922789,4.06866E-07,9.02326E-08,0.00428444,0.00414281,0,0,0,0,0.294957,0.294957,3.80351,4.49688
F1,3,20000,3.818,0.25,1,0.320947,0.321954,0.0794828,-9.15192E-05,8.49018E-05,-0.0816076,0.0896553,-0.00511343,0.0896836,0.011624,0.00156877,0.00174394,0.0100099,0.0104819,0.0642956,0.0202618,0.0208971,0.0377894,0.0381535,2.867E-06,1.20291E-06,0.0044287,0.00414282,0.152907,0,0.0570411,0,0.320973,0.320942,3.79043,4.49688
F2,3,20000,3.818,0.25,1,0.320947,0.321954,0.0794828,-9.15192E-05,8.49018E-05,-0.0816076,0.0896553,-0.00511343,0.0896836,0.011624,0.00156877,0.00174394,0.0100099,0.0104819,0.0642956,0.0202618,0.0208971,0.0377894,0.0381535,2.867E-06,1.20291E-06,0.0044287,0.00414282,0.152907,0,0.0570411,0,0.320973,0.320942,3.79043,4.49688
B,3,20000,3.818,0.25,1,0.286642,0.287214,0.0350298,0.00635029,-0.00649315,-0.0352042,0.0908237,-0.00641553,0.0894498,0.0117588,0.00156313,0.00175891,0.010268,0.0102708,0.0642401,0.0208064,0.0204254,0.0117249,0.0117084,5.39054E-07,1.19302E-07,0.00427868,0.00414281,0.0192817,0,0.0202557,0,0.286643,0.286642,1.32034,4.49688
A,3,20000,3.818,0.25,2,0.294957,0.296278,0.020503,0.0200366,-0.0202583,-0.0205176,0.0908038,-0.00622818,0.0895531,0.0117645,0.00156441,0.00174814,0.0102354,0.0102926,0.0642696,0.0207333,0.0204631,0.00922741,0.0092279,4.06839E-07,9.02315E-08,0.00428441,0.00414281,0,0,0,0,0.294957,0.294957,3.80322,4.23125
F1,3,20000,3.818,0.25,2,0.320957,0.321998,0.0793956,-6.49745E-05,6.74476E-05,-0.0815999,0.089654,-0.00515053,0.0896833,0.0116244,0.00156876,0.0017438,0.0100102,0.0104816,0.0642955,0.020262,0.0208969,0.0377893,0.0381511,2.85743E-06,1.20208E-06,0.00442859,0.00414282,0.152903,0,0.0570374,0,0.320962,0.320968,3.78498,4.23125
F2,3,20000,3.818,0.25,2,0.295478,0.296335,0.0203546,0.0201884,-0.0203242,-0.0204536,0.0908809,-0.00622926,0.0894797,0.0117645,0.00156441,0.00174814,0.0102356,0.0102924,0.0642202,0.0207583,0.0204874,0.00922732,0.00922703,4.05834E-07,8.99766E-08,0.00428419,0.00414279,1.67494E-07,0,5.96969E-05,0,0.295477,0.295478,3.78761,4.23125
B,3,20000,3.818,0.25,2,0.295693,0.296277,0.020441,0.0201305,-0.0202843,-0.0205179,0.0909808,-0.00659535,0.0894474,0.011767,0.00156306,0.00175983,0.0102701,0.0102704,0.0642396,0.0208096,0.0204233,0.00923221,0.00923663,3.92756E-07,7.88407E-08,0.00427149,0.00414281,9.03694E-09,0,1.38664E-05,0,0.295693,0.295693,1.31952,4.23125
A,3,20000,3.818,0.25,4,0.294957,0.296278,0.020503,0.0200365,-0.0202583,-0.0205176,0.0908041,-0.0062284,0.0895531,0.0117645,0.0015644,0.00174813,0.0102355,0.0102925,0.0642697,0.0207335,0.0204629,0.00922744,0.00922792,4.06751E-07,9.01886E-08,0.00428443,0.00414281,0,0,0,0,0.294957,0.294958,3.80351,3.97756
F1,3,20000,3.818,0.25,4,0.295192,0.29604,0.0205033,0.0200376,-0.0202582,-0.0205161,0.0908769,-0.00622775,0.0894798,0.0117644,0.0015644,0.0017481,0.0102355,0.0102925,0.0642202,0.0207581,0.0204876,0.00922811,0.00922691,4.0653E-07,9.02797E-08,0.00428429,0.00414279,3.54115E-06,0,0.000274488,0,0.295191,0.295191,3.78604,3.97756
F2,3,20000,3.818,0.25,4,0.295479,0.296334,0.0203545,0.0201884,-0.0203243,-0.0204536,0.0908813,-0.00622906,0.0894796,0.0117645,0.00156439,0.00174813,0.0102357,0.0102923,0.0642202,0.0207585,0.0204872,0.00922734,0.00922705,4.05745E-07,8.99328E-08,0.00428421,0.00414279,1.67491E-07,0,5.96963E-05,0,0.295478,0.295478,3.78605,3.97756
B,3,20000,3.818,0.25,4,0.286645,0.287216,0.0349993,0.00637325,-0.00651325,-0.0351764,0.0908236,-0.00641587,0.0894498,0.0117588,0.00156313,0.0017589,0.010268,0.0102708,0.0642401,0.0208064,0.0204254,0.011725,0.0117084,5.39024E-07,1.19291E-07,0.00427867,0.00414281,0.0192823,0,0.0202549,0,0.286645,0.286644,1.31985,3.97756
A,3,20000,3.818,0.25,5,0.294957,0.296278,0.0205029,0.0200366,-0.0202583,-0.0205176,0.090804,-0.00622834,0.0895531,0.0117645,0.00156441,0.00174814,0.0102354,0.0102926,0.0642697,0.0207334,0.020463,0.00922742,0.0092279,4.0683E-07,9.02215E-08,0.00428442,0.00414281,0,0,0,0,0.294957,0.294957,3.80349,4.12317
F1,3,20000,3.818,0.25,5,0.290823,0.291413,0.0656986,-2.18226E-05,2.81258E-05,-0.0670709,0.089892,-0.00539544,0.0896009,0.011673,0.00156733,0.0017432,0.010097,0.0104076,0.0642664,0.0204514,0.0207409,0.0270693,0.0272628,1.89175E-06,7.35684E-07,0.00437531,0.00414281,0.104526,0,0.0471591,0,0.290825,0.290823,3.78288,4.12317
F2,3,20000,3.818,0.25,5,0.295478,0.296335,0.0203546,0.0201884,-0.0203242,-0.0204536,0.0908811,-0.00622898,0.0894797,0.0117645,0.0015644,0.00174814,0.0102357,0.0102924,0.0642202,0.0207584,0.0204873,0.00922732,0.00922703,4.05823E-07,8.9966E-08,0.0042842,0.00414279,1.67492E-07,0,5.96964E-05,0,0.295477,0.295478,3.78641,4.12317
B,3,20000,3.818,0.25,5,0.295693,0.296277,0.020441,0.0201304,-0.0202842,-0.0205179,0.0909809,-0.00659532,0.0894474,0.011767,0.00156306,0.00175983,0.0102701,0.0102703,0.0642396,0.0208096,0.0204233,0.00923221,0.00923663,3.92755E-07,7.88392E-08,0.0042715,0.00414281,9.03678E-09,0,1.38662E-05,0,0.295692,0.295693,1.32021,4.12317
A,3,20000,3.818,0.5,0,0.294957,0.296277,0.0205033,0.0200362,-0.020258,-0.0205179,0.0908041,-0.00622841,0.0895531,0.0117645,0.0015644,0.00174813,0.0102355,0.0102925,0.0642697,0.0207335,0.0204629,0.00922744,0.00922792,4.06747E-07,9.01838E-08,0.00428443,0.00414281,0,0,0,0,0.294957,0.294957,3.80351,3.97148
F1,3,20000,3.818,0.5,0,0.295192,0.29604,0.0205033,0.0200376,-0.0202582,-0.0205161,0.090877,-0.00622763,0.0894798,0.0117644,0.0015644,0.0017481,0.0102355,0.0102925,0.0642202,0.0207581,0.0204876,0.00922811,0.00922692,4.06524E-07,9.02741E-08,0.0042843,0.00414279,3.54115E-06,0,0.000274488,0,0.295191,0.295191,3.78599,3.97148
F2,3,20000,3.818,0.5,0,0.295479,0.296334,0.0203545,0.0201884,-0.0203243,-0.0204536,0.0908813,-0.00622894,0.0894796,0.0117645,0.00156439,0.00174813,0.0102357,0.0102923,0.0642201,0.0207586,0.0204872,0.00922734,0.00922705,4.05739E-07,8.99272E-08,0.00428421,0.00414279,1.67491E-07,0,5.96963E-05,0,0.295478,0.295478,3.78601,3.97148
B,3,20000,3.818,0.5,0,0.295375,0.295934,0.0205884,0.0199667,-0.0201613,-0.0206274,0.0909634,-0.00639386,0.0894317,0.0117657,0.00156345,0.00175478,0.0102625,0.0102729,0.0642312,0.0207977,0.0204409,0.00922976,0.00923423,3.98908E-07,8.39181E-08,0.00427691,0.0041428,3.60966E-08,0,2.77131E-05,0,0.295374,0.295374,2.66104,3.97148
A,3,20000,3.818,0.5,1,0.294956,0.296277,0.020504,0.0200359,-0.0202576,-0.0205182,0.090804,-0.00622789,0.0895531,0.0117644,0.00156441,0.00174815,0.0102354,0.0102926,0.0642697,0.0207333,0.020463,0.00922741,0.00922789,4.06887E-07,9.02442E-08,0.00428443,0.00414281,0,0,0,0,0.294956,0.294957,3.8035,4.57976
F1,3,20000,3.818,0.5,1,0.320956,0.32196,0.0794777,-9.1948E-05,8.12206E-05,-0.0816089,0.0896526,-0.00511119,0.0896841,0.0116233,0.0015688,0.00174402,0.0100096,0.0104822,0.0642958,0.0202612,0.0208975,0.0377911,0.0381545,2.86439E-06,1.20049E-06,0.00442842,0.00414282,0.152911,0,0.0570416,0,0.320967,0.320963,3.7899,4.57976
F2,3,20000,3.818,0.5,1,0.320956,0.32196,0.0794777,-9.1948E-05,8.12206E-05,-0.0816089,0.0896526,-0.00511119,0.0896841,0.0116233,0.0015688,0.00174402,0.0100096,0.0104822,0.0642958,0.0202612,0.0208975,0.0377911,0.0381545,2.86439E-06,1.20049E-06,0.00442842,0.00414282,0.152911,0,0.0570416,0,0.320967,0.320963,3.7899,4.57976
B,3,20000,3.818,0.5,1,0.289737,0.290054,0.0568926,-1.97279E-05,1.73729E-05,-0.0576794,0.0903992,-0.0057575,0.0894742,0.011711,0.00156446,0.00175156,0.0102228,0.0103005,0.0642433,0.0207217,0.020502,0.0214402,0.0215107,1.29802E-06,4.39545E-07,0.00433032,0.0041428,0.0766823,0,0.0403942,0,0.289738,0.289743,2.66064,4.57976
A,3,20000,3.818,0.5,2,0.294957,0.296277,0.0205037,0.0200359,-0.0202578,-0.020518,0.0908039,-0.00622799,0.0895531,0.0117644,0.00156441,0.00174815,0.0102354,0.0102926,0.0642696,0.0207333,0.0204631,0.00922741,0.00922789,4.06857E-07,9.02379E-08,0.00428442,0.00414281,0,0,0,0,0.294955,0.294956,3.8035,4.23115
F1,3,20000,3.818,0.5,2,0.320936,0.321968,0.0794707,-9.05508E-05,8.24514E-05,-0.0816114,0.0896547,-0.00511932,0.0896837,0.0116241,0.00156879,0.00174396,0.0100098,0.010482,0.0642957,0.0202616,0.0208973,0.0377903,0.0381539,2.86056E-06,1.20185E-06,0.00442862,0.00414282,0.15291,0,0.0570395,0,0.321007,0.320884,3.79016,4.23115
F2,3,20000,3.818,0.5,2,0.295478,0.296335,0.0203546,0.0201884,-0.0203242,-0.0204536,0.090881,-0.00622896,0.0894797,0.0117645,0.00156441,0.00174815,0.0102356,0.0102924,0.0642202,0.0207583,0.0204874,0.00922731,0.00922702,4.0585E-07,8.99817E-08,0.00428419,0.00414279,1.67492E-07,0,5.96972E-05,0,0.295476,0.295478,3.78901,4.23115
B,3,20000,3.818,0.5,2,0.295375,0.295934,0.0205884,0.0199662,-0.020161,-0.0206275,0.0909632,-0.0063939,0.0894317,0.0117657,0.00156346,0.00175478,0.0102624,0.0102729,0.0642312,0.0207977,0.0204409,0.00922975,0.00923421,3.98962E-07,8.3945E-08,0.0042769,0.0041428,3.60969E-08,0,2.77135E-05,0,0.295372,0.295376,2.66366,4.23115
A,3,20000,3.818,0.5,4,0.294956,0.296278,0.0205036,0.0200361,-0.0202581,-0.020518,0.0908044,-0.00622899,0.0895532,0.0117645,0.00156439,0.00174814,0.0102355,0.0102925,0.0642698,0.0207335,0.0204628,0.00922743,0.00922791,4.06832E-07,9.02079E-08,0.00428447,0.00414281,0,0,0,0,0.294955,0.294956,3.80158,4.06033
F1,3,20000,3.818,0.5,4,0.295191,0.296041,0.0205033,0.0200379,-0.0202581,-0.020516,0.0908773,-0.00622783,0.0894799,0.0117644,0.00156439,0.00174811,0.0102355,0.0102925,0.0642203,0.0207581,0.0204874,0.0092281,0.0092269,4.06607E-07,9.0298E-08,0.00428434,0.00414279,3.54094E-06,0,0.00027448,0,0.295189,0.295191,3.78341,4.06033
F2,3,20000,3.818,0.5,4,0.295478,0.296335,0.0203546,0.0201885,-0.0203243,-0.0204535,0.0908816,-0.00622907,0.0894796,0.0117645,0.00156438,0.00174814,0.0102357,0.0102923,0.0642202,0.0207586,0.0204871,0.00922733,0.00922704,4.05822E-07,8.99511E-08,0.00428425,0.00414279,1.67481E-07,0,5.96945E-05,0,0.295476,0.295478,3.78341,4.06033
B,3,20000,3.818,0.5,4,0.289807,0.290086,0.0568888,-1.97643E-05,1.58811E-05,-0.0576809,0.0903986,-0.00575868,0.089474,0.0117112,0.00156444,0.0017515,0.010223,0.0103004,0.0642433,0.0207222,0.0205016,0.021438,0.0215073,1.29864E-06,4.39846E-07,0.00433032,0.0041428,0.0766785,0,0.0403913,0,0.289818,0.28981,2.65959,4.06033
A,3,20000,3.818,0.5,5,0.294957,0.296277,0.0205033,0.0200362,-0.020258,-0.0205179,0.0908039,-0.00622833,0.0895531,0.0117645,0.00156441,0.00174814,0.0102354,0.0102926,0.0642697,0.0207334,0.020463,0.00922742,0.0092279,4.06832E-07,9.02224E-08,0.00428442,0.00414281,0,0,0,0,0.294956,0.294957,3.80349,4.12305
F1,3,20000,3.818,0.5,5,0.290823,0.291413,0.0656985,-2.18217E-05,2.81264E-05,-0.0670709,0.089892,-0.00539544,0.0896009,0.011673,0.00156733,0.0017432,0.010097,0.0104076,0.0642664,0.0204514,0.0207409,0.0270693,0.0272628,1.89175E-06,7.35684E-07,0.00437531,0.00414281,0.104526,0,0.047159,0,0.290825,0.290823,3.78289,4.12305
F2,3,20000,3.818,0.5,5,0.295478,0.296335,0.0203546,0.0201884,-0.0203242,-0.0204536,0.0908811,-0.00622898,0.0894797,0.0117645,0.0015644,0.00174814,0.0102357,0.0102924,0.0642202,0.0207584,0.0204873,0.00922732,0.00922703,4.05824E-07,8.9966E-08,0.0042842,0.00414279,1.67492E-07,0,5.96964E-05,0,0.295477,0.295478,3.78641,4.12305
B,3,20000,3.818,0.5,5,0.295375,0.295934,0.0205883,0.0199667,-0.0201613,-0.0206274,0.0909633,-0.00639386,0.0894317,0.0117657,0.00156345,0.00175478,0.0102625,0.0102729,0.0642312,0.0207977,0.0204409,0.00922975,0.00923422,3.98949E-07,8.39373E-08,0.00427691,0.0041428,3.60968E-08,0,2.77132E-05,0,0.295373,0.295374,2.66071,4.12305
A,3,20000,3.818,0.79,0,0.294956,0.296276,0.020504,0.0200355,-0.0202573,-0.0205184,0.0908041,-0.00622839,0.0895531,0.0117645,0.0015644,0.00174813,0.0102355,0.0102926,0.0642697,0.0207335,0.0204629,0.00922744,0.00922793,4.06757E-07,9.01888E-08,0.00428443,0.00414281,0,0,0,0,0.294955,0.294956,3.80351,3.97124
F1,3,20000,3.818,0.79,0,0.295192,0.29604,0.0205033,0.0200376,-0.0202582,-0.0205161,0.090877,-0.00622764,0.0894798,0.0117644,0.0015644,0.0017481,0.0102355,0.0102925,0.0642202,0.0207581,0.0204876,0.00922811,0.00922691,4.0653E-07,9.0277E-08,0.0042843,0.00414279,3.54116E-06,0,0.000274489,0,0.295191,0.295191,3.78603,3.97124
F2,3,20000,3.818,0.79,0,0.295479,0.296334,0.0203545,0.0201884,-0.0203243,-0.0204536,0.0908813,-0.00622895,0.0894796,0.0117645,0.00156439,0.00174813,0.0102357,0.0102923,0.0642202,0.0207585,0.0204872,0.00922734,0.00922705,4.05745E-07,8.99302E-08,0.00428421,0.00414279,1.67491E-07,0,5.96964E-05,0,0.295478,0.295478,3.78605,3.97124
B,3,20000,3.818,0.79,0,0.294538,0.295456,0.020754,0.0197687,-0.0200132,-0.0207473,0.0908564,-0.00616223,0.089472,0.0117633,0.00156505,0.00174486,0.0102131,0.010311,0.0642371,0.0206931,0.0205336,0.00922594,0.0092285,4.11686E-07,9.42642E-08,0.00428794,0.00414279,9.01716E-08,0,4.38012E-05,0,0.294535,0.294536,4.22064,3.97124
A,3,20000,3.818,0.79,1,0.294955,0.296276,0.0205045,0.0200351,-0.020257,-0.0205187,0.0908042,-0.00622798,0.0895532,0.0117644,0.00156441,0.00174815,0.0102354,0.0102926,0.0642697,0.0207334,0.020463,0.00922741,0.00922789,4.06907E-07,9.02467E-08,0.00428445,0.00414281,0,0,0,0,0.294954,0.294955,3.80351,4.82802
F1,3,20000,3.818,0.79,1,0.320858,0.321873,0.0794841,-7.4707E-05,8.26858E-05,-0.0816653,0.089654,-0.00513735,0.0896836,0.0116233,0.00156878,0.00174395,0.01001,0.0104817,0.0642956,0.0202621,0.0208967,0.037788,0.038151,2.86531E-06,1.19978E-06,0.00442864,0.00414282,0.152887,0,0.0570496,0,0.320868,0.320873,3.79066,4.82802
F2,3,20000,3.818,0.79,1,0.320858,0.321873,0.0794841,-7.4707E-05,8.26858E-05,-0.0816653,0.089654,-0.00513735,0.0896836,0.0116233,0.00156878,0.00174395,0.01001,0.0104817,0.0642956,0.0202621,0.0208967,0.037788,0.038151,2.86531E-06,1.19978E-06,0.00442864,0.00414282,0.152887,0,0.0570496,0,0.320868,0.320873,3.79066,4.82802
B,3,20000,3.818,0.79,1,0.332613,0.33456,0.0886526,-0.000105746,0.000109635,-0.0921086,0.0891222,-0.00497936,0.0898964,0.0115804,0.00157091,0.00174164,0.00988714,0.0105879,0.0643479,0.0199791,0.0211191,0.0462843,0.0469702,3.70498E-06,1.59877E-06,0.00447615,0.00414285,0.187519,0,0.0631815,0,0.332633,0.332639,4.21959,4.82802
A,3,20000,3.818,0.79,2,0.294955,0.296276,0.0205045,0.0200351,-0.020257,-0.0205186,0.0908045,-0.00622798,0.0895532,0.0117645,0.0015644,0.00174815,0.0102355,0.0102925,0.0642698,0.0207335,0.0204628,0.00922742,0.0092279,4.06888E-07,9.02324E-08,0.00428449,0.00414281,0,0,0,0,0.294954,0.294955,3.8035,4.23088
F1,3,20000,3.818,0.79,2,0.320946,0.321953,0.0794873,-9.29193E-05,8.28459E-05,-0.0816089,0.0896555,-0.00511857,0.0896838,0.0116241,0.00156876,0.00174397,0.0100099,0.0104819,0.0642957,0.0202618,0.020897,0.0377874,0.0381507,2.86288E-06,1.20245E-06,0.00442874,0.00414282,0.152895,0,0.0570376,0,0.320954,0.320963,3.79018,4.23088
F2,3,20000,3.818,0.79,2,0.295478,0.296335,0.0203547,0.0201884,-0.0203242,-0.0204536,0.0908818,-0.00622897,0.0894797,0.0117645,0.00156439,0.00174815,0.0102357,0.0102923,0.0642202,0.0207585,0.0204871,0.00922732,0.00922702,4.05876E-07,8.99745E-08,0.00428427,0.00414279,1.67474E-07,0,5.96955E-05,0,0.295476,0.295478,3.78902,4.23088
B,3,20000,3.818,0.79,2,0.294537,0.295456,0.020754,0.0197676,-0.0200124,-0.0207478,0.0908569,-0.00616121,0.0894721,0.0117633,0.00156505,0.00174489,0.0102131,0.010311,0.0642372,0.0206931,0.0205335,0.00922591,0.00922846,4.11849E-07,9.43221E-08,0.00428801,0.00414279,9.01618E-08,0,4.38004E-05,0,0.294533,0.294536,4.22492,4.23088
A,3,20000,3.818,0.79,4,0.294955,0.296276,0.0205045,0.0200354,-0.0202572,-0.0205186,0.0908038,-0.006228,0.0895531,0.0117644,0.00156441,0.00174815,0.0102354,0.0102926,0.0642697,0.0207333,0.0204631,0.00922742,0.0092279,4.06858E-07,9.02372E-08,0.00428441,0.00414281,0,0,0,0,0.294955,0.294955,3.8035,4.30868
F1,3,20000,3.818,0.79,4,0.295191,0.296041,0.0205033,0.0200375,-0.020258,-0.0205162,0.0908766,-0.00622768,0.08948,0.0117643,0.00156441,0.00174812,0.0102354,0.0102926,0.0642203,0.0207578,0.0204877,0.00922809,0.00922689,4.06632E-07,9.03267E-08,0.00428427,0.00414279,3.54091E-06,0,0.000274523,0,0.295191,0.29519,3.78902,4.30868
F2,3,20000,3.818,0.79,4,0.295478,0.296335,0.0203547,0.0201884,-0.0203242,-0.0204536,0.0908809,-0.00622894,0.0894797,0.0117645,0.00156441,0.00174814,0.0102356,0.0102924,0.0642202,0.0207583,0.0204874,0.00922731,0.00922703,4.05847E-07,8.99797E-08,0.00428419,0.00414279,1.6748E-07,0,5.97038E-05,0,0.295478,0.295478,3.78903,4.30868
B,3,20000,3.818,0.79,4,0.332711,0.33464,0.08864,-0.000121865,0.00010875,-0.0921056,0.0891291,-0.0049779,0.0898956,0.0115816,0.00157089,0.00174147,0.00988767,0.0105876,0.0643477,0.0199799,0.0211187,0.0462847,0.0469706,3.71081E-06,1.6037E-06,0.00447641,0.00414285,0.187526,0,0.0631781,0,0.332765,0.332692,4.22069,4.30868
A,3,20000,3.818,0.79,5,0.294955,0.296276,0.020504,0.0200355,-0.0202573,-0.0205184,0.0908039,-0.00622832,0.0895532,0.0117645,0.00156441,0.00174815,0.0102354,0.0102926,0.0642697,0.0207334,0.020463,0.00922742,0.0092279,4.06841E-07,9.02289E-08,0.00428442,0.00414281,0,0,0,0,0.294955,0.294955,3.80349,4.12281
F1,3,20000,3.818,0.79,5,0.290819,0.291408,0.0656986,-2.17691E-05,2.75803E-05,-0.0670706,0.0898917,-0.00539584,0.0896009,0.0116729,0.00156733,0.0017432,0.010097,0.0104076,0.0642664,0.0204514,0.0207409,0.0270693,0.0272628,1.89162E-06,7.3569E-07,0.00437529,0.00414281,0.104526,0,0.0471637,0,0.290821,0.290819,3.78293,4.12281
F2,3,20000,3.818,0.79,5,0.295478,0.296335,0.0203546,0.0201884,-0.0203242,-0.0204536,0.0908811,-0.00622911,0.0894797,0.0117645,0.0015644,0.00174814,0.0102356,0.0102924,0.0642202,0.0207584,0.0204873,0.00922732,0.00922703,4.05828E-07,8.99707E-08,0.0042842,0.00414279,1.67492E-07,0,5.97E-05,0,0.295477,0.295478,3.78643,4.12281
B,3,20000,3.818,0.79,5,0.294536,0.295456,0.020754,0.0197687,-0.0200132,-0.0207474,0.0908561,-0.00616222,0.0894722,0.0117633,0.00156506,0.00174489,0.010213,0.0103111,0.0642372,0.0206929,0.0205338,0.00922591,0.00922847,4.11791E-07,9.43167E-08,0.00428794,0.00414279,9.01713E-08,0,4.38035E-05,0,0.294534,0.294535,4.22015,4.12281
A,3,20000,3.818,1,0,0.294954,0.296275,0.0205047,0.0200347,-0.0202566,-0.020519,0.090804,-0.00622841,0.0895531,0.0117645,0.0015644,0.00174814,0.0102355,0.0102926,0.0642697,0.0207335,0.0204629,0.00922744,0.00922793,4.06766E-07,9.01949E-08,0.00428443,0.00414281,0,0,0,0,0.294954,0.294954,3.80351,3.971
F1,3,20000,3.818,1,0,0.295192,0.296041,0.0205033,0.0200375,-0.0202582,-0.0205161,0.0908769,-0.00622763,0.0894799,0.0117644,0.0015644,0.00174811,0.0102355,0.0102925,0.0642202,0.020758,0.0204876,0.00922811,0.00922691,4.06534E-07,9.02812E-08,0.0042843,0.00414279,3.54116E-06,0,0.000274489,0,0.295191,0.295191,3.78603,3.971
F2,3,20000,3.818,1,0,0.295479,0.296335,0.0203545,0.0201884,-0.0203243,-0.0204536,0.0908813,-0.00622895,0.0894796,0.0117645,0.00156439,0.00174813,0.0102357,0.0102923,0.0642202,0.0207585,0.0204872,0.00922734,0.00922705,4.0575E-07,8.99343E-08,0.00428421,0.00414279,1.67491E-07,0,5.96963E-05,0,0.295478,0.295478,3.78605,3.971
B,3,20000,3.818,1,0,0.293472,0.295197,0.0208709,0.0196182,-0.0199015,-0.0208297,0.0906694,-0.00599491,0.0895909,0.011761,0.0015674,0.00173591,0.0101157,0.0103954,0.064265,0.0204757,0.0207148,0.00922324,0.00922167,4.25128E-07,1.05004E-07,0.00429926,0.0041428,1.4469E-07,0,5.54843E-05,0,0.293468,0.29347,5.35721,3.971
A,3,20000,3.818,1,1,0.294953,0.296276,0.0205053,0.0200344,-0.0202562,-0.0205197,0.0908043,-0.00622789,0.0895536,0.0117644,0.00156439,0.00174816,0.0102355,0.0102925,0.06427,0.0207334,0.0204627,0.00922742,0.0092279,4.06927E-07,9.02434E-08,0.00428452,0.00414281,0,0,0,0,0.294951,0.294952,3.80354,5.02614
F1,3,20000,3.818,1,1,0.320837,0.321831,0.0794556,-6.31045E-05,5.64426E-05,-0.081673,0.0896552,-0.00511798,0.0896839,0.0116235,0.00156876,0.00174398,0.01001,0.0104816,0.0642959,0.0202622,0.0208963,0.0377792,0.0381462,2.86182E-06,1.19924E-06,0.00442872,0.00414282,0.152844,0,0.0570508,0,0.320849,0.320847,3.7894,5.02614
F2,3,20000,3.818,1,1,0.320837,0.321831,0.0794556,-6.31045E-05,5.64426E-05,-0.081673,0.0896552,-0.00511798,0.0896839,0.0116235,0.00156876,0.00174398,0.01001,0.0104816,0.0642959,0.0202622,0.0208963,0.0377792,0.0381462,2.86182E-06,1.19924E-06,0.00442872,0.00414282,0.152844,0,0.0570508,0,0.320849,0.320847,3.7894,5.02614
B,3,20000,3.818,1,1,0.350796,0.355417,0.111241,-0.0001504,0.000126091,-0.116855,0.0874022,-0.004467,0.090423,0.0114545,0.00157691,0.00173872,0.00949006,0.0109303,0.0644879,0.0190478,0.0218753,0.0711927,0.0729999,6.33689E-06,2.89178E-06,0.00461076,0.00414292,0.296175,0,0.0794173,0,0.350803,0.350848,5.35479,5.02614
A,3,20000,3.818,1,2,0.294954,0.296274,0.0205052,0.0200344,-0.0202564,-0.0205191,0.0908039,-0.00622794,0.0895531,0.0117644,0.00156441,0.00174815,0.0102354,0.0102926,0.0642696,0.0207334,0.0204631,0.00922742,0.0092279,4.06872E-07,9.02401E-08,0.00428442,0.00414281,0,0,0,0,0.294952,0.294953,3.80352,4.23066
F1,3,20000,3.818,1,2,0.32095,0.321962,0.0794794,-9.16315E-05,8.36278E-05,-0.0816125,0.0896543,-0.00511883,0.0896838,0.011624,0.00156878,0.00174396,0.0100097,0.0104821,0.0642957,0.0202614,0.0208974,0.0377896,0.0381535,2.86691E-06,1.20326E-06,0.00442864,0.00414282,0.15291,0,0.0570412,0,0.321001,0.320931,3.7904,4.23066
F2,3,20000,3.818,1,2,0.295478,0.296334,0.0203547,0.0201884,-0.0203242,-0.0204536,0.0908811,-0.00622896,0.0894796,0.0117645,0.0015644,0.00174815,0.0102356,0.0102924,0.0642202,0.0207584,0.0204874,0.00922731,0.00922702,4.05856E-07,8.99801E-08,0.0042842,0.00414279,1.67489E-07,0,5.96993E-05,0,0.295474,0.295478,3.78903,4.23066
B,3,20000,3.818,1,2,0.29347,0.295198,0.0208709,0.019617,-0.0199008,-0.0208302,0.0906688,-0.00599458,0.0895913,0.0117609,0.00156745,0.001736,0.0101155,0.0103956,0.064265,0.0204751,0.0207153,0.00922319,0.00922161,4.25355E-07,1.05101E-07,0.00429924,0.0041428,1.44686E-07,0,5.54865E-05,0,0.293461,0.293471,5.36267,4.23066
A,3,20000,3.818,1,4,0.294952,0.296276,0.0205052,0.0200344,-0.0202563,-0.0205195,0.0908039,-0.00622796,0.0895537,0.0117645,0.00156439,0.00174815,0.0102355,0.0102925,0.0642701,0.0207333,0.0204627,0.00922743,0.0092279,4.0689E-07,9.0229E-08,0.0042845,0.00414281,0,0,0,0,0.294951,0.294952,3.80353,4.50694
F1,3,20000,3.818,1,4,0.29519,0.296042,0.0205033,0.0200375,-0.020258,-0.0205162,0.0908769,-0.0062277,0.0894804,0.0117643,0.00156439,0.00174812,0.0102355,0.0102925,0.0642206,0.0207579,0.0204874,0.00922809,0.00922689,4.06659E-07,9.03167E-08,0.00428436,0.00414279,3.53992E-06,0,0.000274524,0,0.295188,0.29519,3.78902,4.50694
F2,3,20000,3.818,1,4,0.295477,0.296336,0.0203547,0.0201884,-0.0203242,-0.0204536,0.0908812,-0.00622897,0.0894801,0.0117645,0.00156438,0.00174815,0.0102357,0.0102923,0.0642205,0.0207584,0.020487,0.00922732,0.00922703,4.05874E-07,8.99698E-08,0.00428427,0.00414279,1.67433E-07,0,5.9704E-05,0,0.295475,0.295477,3.78903,4.50694
B,3,20000,3.818,1,4,0.350961,0.355492,0.111251,-0.000177207,0.000144792,-0.116849,0.0874129,-0.00445489,0.0904223,0.0114557,0.00157686,0.00173861,0.00949049,0.0109302,0.0644878,0.0190484,0.0218752,0.0711946,0.073009,6.37407E-06,2.89852E-06,0.00461125,0.00414292,0.296202,0,0.079413,0,0.351007,0.35097,5.35476,4.50694
A,3,20000,3.818,1,5,0.294954,0.296275,0.0205046,0.0200348,-0.0202567,-0.020519,0.0908039,-0.00622832,0.0895532,0.0117645,0.00156441,0.00174815,0.0102354,0.0102926,0.0642697,0.0207334,0.020463,0.00922742,0.00922791,4.06844E-07,9.02307E-08,0.00428443,0.00414281,0,0,0,0,0.294953,0.294954,3.80349,4.12257
F1,3,20000,3.818,1,5,0.290819,0.291408,0.0656985,-2.177E-05,2.75832E-05,-0.0670706,0.0898917,-0.00539584,0.0896009,0.0116729,0.00156733,0.0017432,0.010097,0.0104076,0.0642664,0.0204514,0.0207409,0.0270693,0.0272628,1.89162E-06,7.3569E-07,0.00437529,0.00414281,0.104526,0,0.0471638,0,0.290821,0.290819,3.78293,4.12257
F2,3,20000,3.818,1,5,0.295478,0.296335,0.0203546,0.0201884,-0.0203242,-0.0204536,0.0908811,-0.00622911,0.0894797,0.0117645,0.0015644,0.00174814,0.0102356,0.0102924,0.0642202,0.0207584,0.0204873,0.00922732,0.00922703,4.05828E-07,8.99706E-08,0.0042842,0.00414279,1.67492E-07,0,5.97E-05,0,0.295477,0.295478,3.78643,4.12257
B,3,20000,3.818,1,5,0.29347,0.295198,0.0208709,0.0196182,-0.0199015,-0.0208297,0.0906688,-0.00599497,0.0895913,0.0117609,0.00156744,0.00173599,0.0101155,0.0103956,0.0642651,0.0204751,0.0207153,0.0092232,0.00922162,4.25291E-07,1.05085E-07,0.00429925,0.0041428,1.44687E-07,0,5.54868E-05,0,0.293467,0.293468,5.35658,4.12257
