blk,modo_db,f_hz,vin_pk,k_att,caso,p_q132,p_q133,icmax_q132,icmin_q132,icmax_q133,icmin_q133,p_q122,icmax_q122,p_q125,p_q127,p_q121a,p_q121b,p_q117,p_q118,p_q106,p_jq110a,p_jq110b,p_r134,p_r135,p_r130,p_r131,p_r123,p_r126,p_rsep,p_rsep2,irms_rsep,irms_rsep2,p_q132_w1,p_q132_w2,voutpk,p_rail
A,0,1000,0,1,0,0.213981,0.213522,0.0145565,0.0145565,-0.0145581,-0.0145581,0.0865987,-0.00644248,0.0863844,0.0109835,0.00150947,0.00177561,0.00986079,0.00990891,0.0640756,0.0193252,0.0189111,0.00476244,0.00476355,2.45247E-07,2.45439E-07,0.00384452,0.00383312,0,0,0,0,0.213981,0.213981,-0.0165756,3.22485
F1,0,1000,0,1,0,0.214234,0.213267,0.0145573,0.0145573,-0.0145572,-0.0145572,0.0867043,-0.0064424,0.0862771,0.0109834,0.00150946,0.00177557,0.00986072,0.00990885,0.0640029,0.0193615,0.0189467,0.00476297,0.00476297,2.45205E-07,2.45478E-07,0.00384441,0.00383306,2.22071E-21,0,6.8738E-12,0,0.214234,0.214234,-0.0331465,3.22485
F2,0,1000,0,1,0,0.214234,0.213267,0.0145573,0.0145573,-0.0145572,-0.0145572,0.0867043,-0.0064424,0.0862771,0.0109834,0.00150946,0.00177557,0.00986072,0.00990885,0.0640029,0.0193615,0.0189467,0.00476297,0.00476297,2.45205E-07,2.45478E-07,0.00384441,0.00383306,1.28441E-22,0,1.65312E-12,0,0.214234,0.214234,-0.0331465,3.22485
B,0,1000,0,1,0,0.214234,0.213267,0.0145573,0.0145573,-0.0145572,-0.0145572,0.0867043,-0.0064424,0.0862771,0.0109834,0.00150946,0.00177557,0.00986072,0.00990885,0.0640029,0.0193615,0.0189467,0.00476297,0.00476297,2.45205E-07,2.45478E-07,0.00384441,0.00383306,5.67105E-23,0,1.09846E-12,0,0.214234,0.214234,-0.0331465,3.22485
A,0,1000,0,1,1,0.213981,0.213522,0.0145565,0.0145565,-0.0145581,-0.0145581,0.0865987,-0.00644248,0.0863844,0.0109835,0.00150947,0.00177561,0.00986079,0.00990891,0.0640756,0.0193252,0.0189111,0.00476244,0.00476355,2.45247E-07,2.45439E-07,0.00384452,0.00383312,0,0,0,0,0.213981,0.213981,-0.0165756,3.22485
F1,0,1000,0,1,1,0.214234,0.213267,0.0145573,0.0145573,-0.0145572,-0.0145572,0.0867043,-0.0064424,0.0862771,0.0109834,0.00150946,0.00177557,0.00986072,0.00990885,0.0640029,0.0193615,0.0189467,0.00476297,0.00476297,2.45205E-07,2.45478E-07,0.00384441,0.00383306,3.31382E-26,0,2.6686E-14,0,0.214234,0.214234,-0.0331465,3.22485
F2,0,1000,0,1,1,0.214234,0.213267,0.0145573,0.0145573,-0.0145572,-0.0145572,0.0867043,-0.0064424,0.0862771,0.0109834,0.00150946,0.00177557,0.00986072,0.00990885,0.0640029,0.0193615,0.0189467,0.00476297,0.00476297,2.45205E-07,2.45478E-07,0.00384441,0.00383306,3.14547E-26,0,2.60474E-14,0,0.214234,0.214234,-0.0331465,3.22485
B,0,1000,0,1,1,0.214234,0.213267,0.0145573,0.0145573,-0.0145572,-0.0145572,0.0867043,-0.0064424,0.0862771,0.0109834,0.00150946,0.00177557,0.00986072,0.00990885,0.0640029,0.0193615,0.0189467,0.00476297,0.00476297,2.45205E-07,2.45478E-07,0.00384441,0.00383306,3.55341E-26,0,2.75819E-14,0,0.214234,0.214234,-0.0331465,3.22485
A,0,1000,0,1,2,0.213981,0.213522,0.0145565,0.0145565,-0.0145581,-0.0145581,0.0865987,-0.00644248,0.0863844,0.0109835,0.00150947,0.00177561,0.00986079,0.00990891,0.0640756,0.0193252,0.0189111,0.00476244,0.00476355,2.45247E-07,2.45439E-07,0.00384452,0.00383312,0,0,0,0,0.213981,0.213981,-0.0165756,3.22485
F1,0,1000,0,1,2,0.214234,0.213267,0.0145573,0.0145573,-0.0145572,-0.0145572,0.0867043,-0.0064424,0.0862771,0.0109834,0.00150946,0.00177557,0.00986072,0.00990885,0.0640029,0.0193615,0.0189467,0.00476297,0.00476297,2.45205E-07,2.45478E-07,0.00384441,0.00383306,3.85018E-26,0,2.86831E-14,0,0.214234,0.214234,-0.0331465,3.22485
F2,0,1000,0,1,2,0.214234,0.213267,0.0145573,0.0145573,-0.0145572,-0.0145572,0.0867043,-0.0064424,0.0862771,0.0109834,0.00150946,0.00177557,0.00986072,0.00990885,0.0640029,0.0193615,0.0189467,0.00476297,0.00476297,2.45205E-07,2.45478E-07,0.00384441,0.00383306,1.28441E-22,0,1.65311E-12,0,0.214234,0.214234,-0.0331465,3.22485
B,0,1000,0,1,2,0.214234,0.213267,0.0145573,0.0145573,-0.0145572,-0.0145572,0.0867043,-0.0064424,0.0862771,0.0109834,0.00150946,0.00177557,0.00986072,0.00990885,0.0640029,0.0193615,0.0189467,0.00476297,0.00476297,2.45205E-07,2.45478E-07,0.00384441,0.00383306,5.67106E-23,0,1.09846E-12,0,0.214234,0.214234,-0.0331465,3.22485
A,0,1000,0,1,3,0.213981,0.213522,0.0145565,0.0145565,-0.0145581,-0.0145581,0.0865987,-0.00644248,0.0863844,0.0109835,0.00150947,0.00177561,0.00986079,0.00990891,0.0640756,0.0193252,0.0189111,0.00476244,0.00476355,2.45247E-07,2.45439E-07,0.00384452,0.00383312,0,0,0,0,0.213981,0.213981,-0.0165756,3.22485
F1,0,1000,0,1,3,0.214234,0.213267,0.0145573,0.0145573,-0.0145572,-0.0145572,0.0867043,-0.0064424,0.0862771,0.0109834,0.00150946,0.00177557,0.00986072,0.00990885,0.0640029,0.0193615,0.0189467,0.00476297,0.00476297,2.45205E-07,2.45478E-07,0.00384441,0.00383306,2.22072E-21,0,6.87382E-12,0,0.214234,0.214234,-0.0331465,3.22485
F2,0,1000,0,1,3,0.214234,0.213267,0.0145573,0.0145573,-0.0145572,-0.0145572,0.0867043,-0.0064424,0.0862771,0.0109834,0.00150946,0.00177557,0.00986072,0.00990885,0.0640029,0.0193615,0.0189467,0.00476297,0.00476297,2.45205E-07,2.45478E-07,0.00384441,0.00383306,4.20237E-26,0,2.98154E-14,0,0.214234,0.214234,-0.0331465,3.22485
B,0,1000,0,1,3,0.214234,0.213267,0.0145573,0.0145573,-0.0145572,-0.0145572,0.0867043,-0.0064424,0.0862771,0.0109834,0.00150946,0.00177557,0.00986072,0.00990885,0.0640029,0.0193615,0.0189467,0.00476297,0.00476297,2.45205E-07,2.45478E-07,0.00384441,0.00383306,5.67106E-23,0,1.09846E-12,0,0.214234,0.214234,-0.0331465,3.22485
A,0,1000,0,1,4,0.213981,0.213522,0.0145565,0.0145565,-0.0145581,-0.0145581,0.0865987,-0.00644248,0.0863844,0.0109835,0.00150947,0.00177561,0.00986079,0.00990891,0.0640756,0.0193252,0.0189111,0.00476244,0.00476355,2.45247E-07,2.45439E-07,0.00384452,0.00383312,0,0,0,0,0.213981,0.213981,-0.0165756,3.22485
F1,0,1000,0,1,4,0.214234,0.213267,0.0145573,0.0145573,-0.0145572,-0.0145572,0.0867043,-0.0064424,0.0862771,0.0109834,0.00150946,0.00177557,0.00986072,0.00990885,0.0640029,0.0193615,0.0189467,0.00476297,0.00476297,2.45205E-07,2.45478E-07,0.00384441,0.00383306,2.22072E-21,0,6.87382E-12,0,0.214234,0.214234,-0.0331465,3.22485
F2,0,1000,0,1,4,0.214234,0.213267,0.0145573,0.0145573,-0.0145572,-0.0145572,0.0867043,-0.0064424,0.0862771,0.0109834,0.00150946,0.00177557,0.00986072,0.00990885,0.0640029,0.0193615,0.0189467,0.00476297,0.00476297,2.45205E-07,2.45478E-07,0.00384441,0.00383306,1.28441E-22,0,1.65312E-12,0,0.214234,0.214234,-0.0331465,3.22485
B,0,1000,0,1,4,0.214234,0.213267,0.0145573,0.0145573,-0.0145572,-0.0145572,0.0867043,-0.0064424,0.0862771,0.0109834,0.00150946,0.00177557,0.00986072,0.00990885,0.0640029,0.0193615,0.0189467,0.00476297,0.00476297,2.45205E-07,2.45478E-07,0.00384441,0.00383306,3.75828E-26,0,2.81225E-14,0,0.214234,0.214234,-0.0331465,3.22485
A,0,1000,0,1,5,0.213981,0.213522,0.0145565,0.0145565,-0.0145581,-0.0145581,0.0865987,-0.00644248,0.0863844,0.0109835,0.00150947,0.00177561,0.00986079,0.00990891,0.0640756,0.0193252,0.0189111,0.00476244,0.00476355,2.45247E-07,2.45439E-07,0.00384452,0.00383312,0,0,0,0,0.213981,0.213981,-0.0165756,3.22485
F1,0,1000,0,1,5,0.214234,0.213267,0.0145573,0.0145573,-0.0145572,-0.0145572,0.0867043,-0.0064424,0.0862771,0.0109834,0.00150946,0.00177557,0.00986072,0.00990885,0.0640029,0.0193615,0.0189467,0.00476297,0.00476297,2.45205E-07,2.45478E-07,0.00384441,0.00383306,2.56796E-26,0,2.33059E-14,0,0.214234,0.214234,-0.0331465,3.22485
F2,0,1000,0,1,5,0.214234,0.213267,0.0145573,0.0145573,-0.0145572,-0.0145572,0.0867043,-0.0064424,0.0862771,0.0109834,0.00150946,0.00177557,0.00986072,0.00990885,0.0640029,0.0193615,0.0189467,0.00476297,0.00476297,2.45205E-07,2.45478E-07,0.00384441,0.00383306,1.28441E-22,0,1.65311E-12,0,0.214234,0.214234,-0.0331465,3.22485
B,0,1000,0,1,5,0.214234,0.213267,0.0145573,0.0145573,-0.0145572,-0.0145572,0.0867043,-0.0064424,0.0862771,0.0109834,0.00150946,0.00177557,0.00986072,0.00990885,0.0640029,0.0193615,0.0189467,0.00476297,0.00476297,2.45205E-07,2.45478E-07,0.00384441,0.00383306,5.67105E-23,0,1.09846E-12,0,0.214234,0.214234,-0.0331465,3.22485
A,0,1000,0,1,6,0.213981,0.213522,0.0145565,0.0145565,-0.0145581,-0.0145581,0.0865987,-0.00644248,0.0863844,0.0109835,0.00150947,0.00177561,0.00986079,0.00990891,0.0640756,0.0193252,0.0189111,0.00476244,0.00476355,2.45247E-07,2.45439E-07,0.00384452,0.00383312,0,0,0,0,0.213981,0.213981,-0.0165756,3.22485
F1,0,1000,0,1,6,0.214234,0.213267,0.0145573,0.0145573,-0.0145572,-0.0145572,0.0867043,-0.0064424,0.0862771,0.0109834,0.00150946,0.00177557,0.00986072,0.00990885,0.0640029,0.0193615,0.0189467,0.00476297,0.00476297,2.45205E-07,2.45478E-07,0.00384441,0.00383306,1.03246E-23,0,4.68721E-13,0,0.214234,0.214234,-0.0331465,3.22485
F2,0,1000,0,1,6,0.214234,0.213267,0.0145573,0.0145573,-0.0145572,-0.0145572,0.0867043,-0.0064424,0.0862771,0.0109834,0.00150946,0.00177557,0.00986072,0.00990885,0.0640029,0.0193615,0.0189467,0.00476297,0.00476297,2.45205E-07,2.45478E-07,0.00384441,0.00383306,1.28441E-22,0,1.65311E-12,0,0.214234,0.214234,-0.0331465,3.22485
B,0,1000,0,1,6,0.214234,0.213267,0.0145573,0.0145573,-0.0145572,-0.0145572,0.0867043,-0.0064424,0.0862771,0.0109834,0.00150946,0.00177557,0.00986072,0.00990885,0.0640029,0.0193615,0.0189467,0.00476297,0.00476297,2.45205E-07,2.45478E-07,0.00384441,0.00383306,5.67104E-23,0,1.09845E-12,0,0.214234,0.214234,-0.0331465,3.22485
A,0,1000,0.4243,1,0,0.213976,0.213517,0.0145788,0.0145342,-0.0145383,-0.0145779,0.0865981,-0.00643931,0.0863847,0.0109835,0.00150947,0.00177561,0.00986079,0.00990891,0.0640757,0.0193251,0.0189111,0.00476245,0.00476355,2.45254E-07,2.45446E-07,0.00384452,0.00383312,0,0,0,0,0.213976,0.213976,0.407566,3.22485
F1,0,1000,0.4243,1,0,0.214228,0.213264,0.0145792,0.0145352,-0.0145377,-0.0145768,0.0867037,-0.00643923,0.0862773,0.0109834,0.00150946,0.00177557,0.00986072,0.00990885,0.0640031,0.0193614,0.0189466,0.00476293,0.00476301,2.4521E-07,2.45488E-07,0.00384441,0.00383306,4.36878E-08,0,3.04882E-05,0,0.214228,0.214228,0.390869,3.22485
F2,0,1000,0.4243,1,0,0.214233,0.213267,0.0145625,0.0145521,-0.0145543,-0.0145602,0.0867038,-0.00643954,0.0862773,0.0109834,0.00150946,0.00177557,0.00986072,0.00990885,0.0640031,0.0193614,0.0189466,0.00476296,0.00476297,2.4521E-07,2.45484E-07,0.00384441,0.00383306,2.06642E-09,0,6.63071E-06,0,0.214233,0.214233,0.39087,3.22485
B,0,1000,0.4243,1,0,0.214233,0.213267,0.0145609,0.0145537,-0.0145558,-0.0145586,0.0867038,-0.00643957,0.0862773,0.0109834,0.00150946,0.00177557,0.00986072,0.00990885,0.0640031,0.0193614,0.0189466,0.00476297,0.00476297,2.4521E-07,2.45483E-07,0.00384441,0.00383306,8.93535E-10,0,4.3602E-06,0,0.214233,0.214233,0.39087,3.22485
A,0,1000,0.4243,1,1,0.213976,0.213517,0.0145788,0.0145342,-0.0145383,-0.0145779,0.0865981,-0.00643931,0.0863847,0.0109835,0.00150947,0.00177561,0.00986079,0.00990891,0.0640757,0.0193251,0.0189111,0.00476245,0.00476355,2.45255E-07,2.45446E-07,0.00384452,0.00383312,0,0,0,0,0.213976,0.213976,0.40755,3.22634
F1,0,1000,0.4243,1,1,0.213678,0.212763,0.0182346,0.0109468,-0.0109939,-0.0181874,0.0866872,-0.00636448,0.0862772,0.0109829,0.00150946,0.00177556,0.00986072,0.00990885,0.0640031,0.0193614,0.0189467,0.00492212,0.00492013,2.53108E-07,2.533E-07,0.00384466,0.00383306,0.00125836,0,0.00517432,0,0.21362,0.213657,0.390706,3.22634
F2,0,1000,0.4243,1,1,0.213678,0.212763,0.0182346,0.0109468,-0.0109939,-0.0181874,0.0866872,-0.00636448,0.0862772,0.0109829,0.00150946,0.00177556,0.00986072,0.00990885,0.0640031,0.0193614,0.0189467,0.00492212,0.00492013,2.53108E-07,2.533E-07,0.00384466,0.00383306,0.00125836,0,0.00517432,0,0.21362,0.213657,0.390706,3.22634
B,0,1000,0.4243,1,1,0.213678,0.212763,0.0182346,0.0109468,-0.0109939,-0.0181874,0.0866872,-0.00636448,0.0862772,0.0109829,0.00150946,0.00177556,0.00986072,0.00990885,0.0640031,0.0193614,0.0189467,0.00492212,0.00492013,2.53108E-07,2.533E-07,0.00384466,0.00383306,0.00125836,0,0.00517432,0,0.21362,0.213657,0.390706,3.22634
A,0,1000,0.4243,1,2,0.213976,0.213517,0.0145788,0.0145342,-0.0145383,-0.0145779,0.0865981,-0.00643931,0.0863847,0.0109835,0.00150947,0.00177561,0.00986079,0.00990891,0.0640757,0.0193251,0.0189111,0.00476245,0.00476355,2.45255E-07,2.45446E-07,0.00384452,0.00383312,0,0,0,0,0.213976,0.213976,0.40755,3.22535
F1,0,1000,0.4243,1,2,0.213678,0.212763,0.0182346,0.0109468,-0.0109939,-0.0181874,0.0866872,-0.00636448,0.0862772,0.0109829,0.00150946,0.00177556,0.00986072,0.00990885,0.0640031,0.0193614,0.0189467,0.00492211,0.00492013,2.53107E-07,2.533E-07,0.00384466,0.00383306,0.00125836,0,0.00517432,0,0.21362,0.213657,0.390706,3.22535
F2,0,1000,0.4243,1,2,0.214233,0.213267,0.0145625,0.0145521,-0.0145543,-0.0145602,0.0867038,-0.00643954,0.0862773,0.0109834,0.00150946,0.00177557,0.00986072,0.00990885,0.0640031,0.0193614,0.0189466,0.00476296,0.00476297,2.4521E-07,2.45484E-07,0.00384441,0.00383306,2.0662E-09,0,6.63036E-06,0,0.214233,0.214233,0.39086,3.22535
B,0,1000,0.4243,1,2,0.214233,0.213267,0.0145609,0.0145537,-0.0145558,-0.0145586,0.0867038,-0.00643957,0.0862773,0.0109834,0.00150946,0.00177557,0.00986072,0.00990885,0.0640031,0.0193614,0.0189466,0.00476297,0.00476297,2.4521E-07,2.45483E-07,0.00384441,0.00383306,8.9344E-10,0,4.35997E-06,0,0.214233,0.214233,0.39086,3.22535
A,0,1000,0.4243,1,3,0.213976,0.213517,0.0145788,0.0145342,-0.0145383,-0.0145779,0.0865981,-0.00643931,0.0863847,0.0109835,0.00150947,0.00177561,0.00986079,0.00990891,0.0640757,0.0193251,0.0189111,0.00476245,0.00476355,2.45255E-07,2.45446E-07,0.00384452,0.00383312,0,0,0,0,0.213976,0.213976,0.40755,3.22535
F1,0,1000,0.4243,1,3,0.214228,0.213264,0.0145792,0.0145352,-0.0145377,-0.0145768,0.0867037,-0.00643923,0.0862773,0.0109834,0.00150946,0.00177557,0.00986072,0.00990885,0.0640031,0.0193614,0.0189466,0.00476293,0.00476301,2.4521E-07,2.45488E-07,0.00384441,0.00383306,4.36832E-08,0,3.04865E-05,0,0.214228,0.214228,0.390859,3.22535
F2,0,1000,0.4243,1,3,0.213678,0.212763,0.0182346,0.0109468,-0.0109939,-0.0181874,0.0866872,-0.00636448,0.0862772,0.0109829,0.00150946,0.00177556,0.00986072,0.00990885,0.0640031,0.0193614,0.0189467,0.00492211,0.00492013,2.53107E-07,2.533E-07,0.00384466,0.00383306,0.00125836,0,0.00517433,0,0.21362,0.213657,0.390706,3.22535
B,0,1000,0.4243,1,3,0.214233,0.213267,0.0145609,0.0145537,-0.0145558,-0.0145586,0.0867038,-0.00643957,0.0862773,0.0109834,0.00150946,0.00177557,0.00986072,0.00990885,0.0640031,0.0193614,0.0189466,0.00476297,0.00476297,2.4521E-07,2.45483E-07,0.00384441,0.00383306,8.9344E-10,0,4.35997E-06,0,0.214233,0.214233,0.39086,3.22535
A,0,1000,0.4243,1,4,0.213976,0.213517,0.0145788,0.0145342,-0.0145383,-0.0145779,0.0865981,-0.00643931,0.0863847,0.0109835,0.00150947,0.00177561,0.00986079,0.00990891,0.0640757,0.0193251,0.0189111,0.00476245,0.00476355,2.45255E-07,2.45446E-07,0.00384452,0.00383312,0,0,0,0,0.213976,0.213976,0.40755,3.22535
F1,0,1000,0.4243,1,4,0.214228,0.213264,0.0145792,0.0145352,-0.0145377,-0.0145768,0.0867037,-0.00643923,0.0862773,0.0109834,0.00150946,0.00177557,0.00986072,0.00990885,0.0640031,0.0193614,0.0189466,0.00476293,0.00476301,2.4521E-07,2.45488E-07,0.00384441,0.00383306,4.36832E-08,0,3.04866E-05,0,0.214228,0.214228,0.390859,3.22535
F2,0,1000,0.4243,1,4,0.214233,0.213267,0.0145625,0.0145521,-0.0145543,-0.0145602,0.0867038,-0.00643954,0.0862773,0.0109834,0.00150946,0.00177557,0.00986072,0.00990885,0.0640031,0.0193614,0.0189466,0.00476296,0.00476297,2.4521E-07,2.45484E-07,0.00384441,0.00383306,2.0662E-09,0,6.63036E-06,0,0.214233,0.214233,0.39086,3.22535
B,0,1000,0.4243,1,4,0.213678,0.212763,0.0182346,0.0109468,-0.0109939,-0.0181874,0.0866872,-0.00636448,0.0862772,0.0109829,0.00150946,0.00177556,0.00986072,0.00990885,0.0640031,0.0193614,0.0189467,0.00492211,0.00492013,2.53107E-07,2.533E-07,0.00384466,0.00383306,0.00125836,0,0.00517432,0,0.21362,0.213657,0.390706,3.22535
A,0,1000,0.4243,1,5,0.213976,0.213517,0.0145788,0.0145342,-0.0145383,-0.0145779,0.0865981,-0.00643931,0.0863847,0.0109835,0.00150947,0.00177561,0.00986079,0.00990891,0.0640757,0.0193251,0.0189111,0.00476245,0.00476355,2.45255E-07,2.45446E-07,0.00384452,0.00383312,0,0,0,0,0.213976,0.213976,0.407551,3.22523
F1,0,1000,0.4243,1,5,0.213706,0.212781,0.0177668,0.0113984,-0.01144,-0.0177251,0.086689,-0.00637395,0.0862772,0.010983,0.00150946,0.00177557,0.00986072,0.00990885,0.0640031,0.0193614,0.0189467,0.00488446,0.00488294,2.51295E-07,2.51506E-07,0.0038446,0.00383306,0.000961016,0,0.00452185,0,0.213662,0.21369,0.390707,3.22523
F2,0,1000,0.4243,1,5,0.214233,0.213267,0.0145625,0.0145521,-0.0145543,-0.0145602,0.0867038,-0.00643954,0.0862773,0.0109834,0.00150946,0.00177557,0.00986072,0.00990885,0.0640031,0.0193614,0.0189466,0.00476296,0.00476297,2.4521E-07,2.45484E-07,0.00384441,0.00383306,2.06621E-09,0,6.63038E-06,0,0.214233,0.214233,0.390859,3.22523
B,0,1000,0.4243,1,5,0.214233,0.213267,0.0145609,0.0145537,-0.0145558,-0.0145586,0.0867038,-0.00643957,0.0862773,0.0109834,0.00150946,0.00177557,0.00986072,0.00990885,0.0640031,0.0193614,0.0189466,0.00476297,0.00476297,2.4521E-07,2.45483E-07,0.00384441,0.00383306,8.93445E-10,0,4.35999E-06,0,0.214233,0.214233,0.390859,3.22523
A,0,1000,0.4243,1,6,0.213976,0.213517,0.0145788,0.0145342,-0.0145383,-0.0145779,0.0865981,-0.00643931,0.0863847,0.0109835,0.00150947,0.00177561,0.00986079,0.00990891,0.0640757,0.0193251,0.0189111,0.00476245,0.00476355,2.45254E-07,2.45446E-07,0.00384452,0.00383312,0,0,0,0,0.213976,0.213976,0.407558,3.22492
F1,0,1000,0.4243,1,6,0.213951,0.213,0.0159623,0.0131614,-0.0131813,-0.0159429,0.0866973,-0.00641087,0.0862773,0.0109832,0.00150946,0.00177557,0.00986072,0.00990885,0.0640031,0.0193614,0.0189467,0.00478632,0.00478622,2.46477E-07,2.46747E-07,0.00384445,0.00383306,0.000185778,0,0.00198815,0,0.21394,0.21395,0.390769,3.22492
F2,0,1000,0.4243,1,6,0.214233,0.213267,0.0145625,0.0145521,-0.0145543,-0.0145602,0.0867038,-0.00643954,0.0862773,0.0109834,0.00150946,0.00177557,0.00986072,0.00990885,0.0640031,0.0193614,0.0189466,0.00476296,0.00476297,2.4521E-07,2.45484E-07,0.00384441,0.00383306,2.06629E-09,0,6.63051E-06,0,0.214233,0.214233,0.390861,3.22492
B,0,1000,0.4243,1,6,0.214233,0.213267,0.0145609,0.0145537,-0.0145558,-0.0145586,0.0867038,-0.00643957,0.0862773,0.0109834,0.00150946,0.00177557,0.00986072,0.00990885,0.0640031,0.0193614,0.0189466,0.00476297,0.00476297,2.4521E-07,2.45483E-07,0.00384441,0.00383306,8.93481E-10,0,4.36007E-06,0,0.214233,0.214233,0.390861,3.22492
A,0,1000,1.4142,1,0,0.213927,0.213474,0.0146307,0.014482,-0.0144919,-0.014624,0.0865919,-0.00643189,0.0863872,0.0109834,0.00150946,0.00177561,0.00986078,0.00990888,0.0640772,0.019324,0.0189105,0.00476247,0.00476356,2.45331E-07,2.4552E-07,0.00384452,0.0038331,0,0,0,0,0.213927,0.213927,1.39716,3.22484
F1,0,1000,1.4142,1,0,0.214178,0.213223,0.0146303,0.0144836,-0.0144922,-0.0146224,0.0866975,-0.00643182,0.0862797,0.0109833,0.00150946,0.00177557,0.0098607,0.00990883,0.0640045,0.0193603,0.0189461,0.00476285,0.00476312,2.45281E-07,2.45567E-07,0.0038444,0.00383305,4.85414E-07,0,0.000101627,0,0.214178,0.214178,1.38017,3.22484
F2,0,1000,1.4142,1,0,0.214221,0.213259,0.0145745,0.0145398,-0.0145473,-0.0145669,0.0866984,-0.00643285,0.0862798,0.0109833,0.00150946,0.00177557,0.0098607,0.00990883,0.0640045,0.0193603,0.0189461,0.00476292,0.00476294,2.45263E-07,2.45536E-07,0.0038444,0.00383305,2.29599E-08,0,2.21022E-05,0,0.214221,0.214221,1.38017,3.22484
B,0,1000,1.4142,1,0,0.214224,0.213263,0.0145692,0.0145451,-0.0145525,-0.0145616,0.0866985,-0.00643295,0.0862798,0.0109833,0.00150946,0.00177557,0.0098607,0.00990883,0.0640045,0.0193603,0.0189461,0.00476293,0.00476293,2.45261E-07,2.45534E-07,0.0038444,0.00383305,9.92803E-09,0,1.45339E-05,0,0.214225,0.214225,1.38017,3.22484
A,0,1000,1.4142,1,1,0.213927,0.213474,0.0146307,0.014482,-0.0144919,-0.014624,0.0865919,-0.00643189,0.0863872,0.0109834,0.00150946,0.00177561,0.00986078,0.00990888,0.0640772,0.019324,0.0189105,0.00476247,0.00476356,2.45331E-07,2.4552E-07,0.00384452,0.0038331,0,0,0,0,0.213927,0.213927,1.39707,3.24655
F1,0,1000,1.4142,1,1,0.209028,0.208317,0.0272318,0.00295919,-0.0031012,-0.0270903,0.086513,-0.00618084,0.0862796,0.0109774,0.00150945,0.0017755,0.00986073,0.00990879,0.0640045,0.0193598,0.0189466,0.00657562,0.00654239,3.35676E-07,3.34472E-07,0.00384746,0.00383304,0.0139793,0,0.0172462,0,0.208835,0.20895,1.37953,3.24655
F2,0,1000,1.4142,1,1,0.209028,0.208317,0.0272318,0.00295919,-0.0031012,-0.0270903,0.086513,-0.00618084,0.0862796,0.0109774,0.00150945,0.0017755,0.00986073,0.00990879,0.0640045,0.0193598,0.0189466,0.00657562,0.00654239,3.35676E-07,3.34472E-07,0.00384746,0.00383304,0.0139793,0,0.0172462,0,0.208835,0.20895,1.37953,3.24655
B,0,1000,1.4142,1,1,0.209028,0.208317,0.0272318,0.00295919,-0.0031012,-0.0270903,0.086513,-0.00618084,0.0862796,0.0109774,0.00150945,0.0017755,0.00986073,0.00990879,0.0640045,0.0193598,0.0189466,0.00657562,0.00654239,3.35676E-07,3.34472E-07,0.00384746,0.00383304,0.0139793,0,0.0172462,0,0.208835,0.20895,1.37953,3.24655
A,0,1000,1.4142,1,2,0.213927,0.213474,0.0146307,0.014482,-0.0144919,-0.014624,0.0865919,-0.00643189,0.0863872,0.0109834,0.00150946,0.00177561,0.00986078,0.00990888,0.0640772,0.019324,0.0189105,0.00476247,0.00476356,2.45331E-07,2.4552E-07,0.00384452,0.0038331,0,0,0,0,0.213927,0.213927,1.3971,3.23208
F1,0,1000,1.4142,1,2,0.20902,0.208324,0.0272315,0.00295942,-0.00310144,-0.02709,0.0865129,-0.00618083,0.0862795,0.0109774,0.00150945,0.0017755,0.00986073,0.00990879,0.0640045,0.0193598,0.0189466,0.00657532,0.00654276,3.35661E-07,3.34491E-07,0.00384745,0.00383304,0.0139796,0,0.0172464,0,0.208834,0.208934,1.37956,3.23208
F2,0,1000,1.4142,1,2,0.214221,0.213259,0.0145745,0.0145398,-0.0145473,-0.0145669,0.0866984,-0.00643285,0.0862798,0.0109833,0.00150945,0.00177557,0.0098607,0.00990883,0.0640046,0.0193603,0.0189461,0.00476292,0.00476294,2.45263E-07,2.45536E-07,0.0038444,0.00383305,2.29563E-08,0,2.21005E-05,0,0.21422,0.214221,1.38011,3.23208
B,0,1000,1.4142,1,2,0.214224,0.213263,0.0145692,0.0145451,-0.0145525,-0.0145616,0.0866985,-0.00643295,0.0862798,0.0109833,0.00150945,0.00177557,0.0098607,0.00990883,0.0640046,0.0193603,0.0189461,0.00476293,0.00476293,2.45261E-07,2.45534E-07,0.0038444,0.00383305,9.92647E-09,0,1.45328E-05,0,0.214224,0.214225,1.38011,3.23208
A,0,1000,1.4142,1,3,0.213927,0.213474,0.0146307,0.014482,-0.0144919,-0.014624,0.0865919,-0.00643189,0.0863872,0.0109834,0.00150946,0.00177561,0.00986078,0.00990888,0.0640772,0.019324,0.0189105,0.00476247,0.00476356,2.45331E-07,2.4552E-07,0.00384452,0.0038331,0,0,0,0,0.213927,0.213927,1.3971,3.23208
F1,0,1000,1.4142,1,3,0.214178,0.213223,0.0146303,0.0144836,-0.0144922,-0.0146224,0.0866975,-0.00643182,0.0862798,0.0109833,0.00150945,0.00177557,0.00986071,0.00990883,0.0640046,0.0193603,0.0189461,0.00476285,0.00476312,2.45281E-07,2.45566E-07,0.0038444,0.00383305,4.85338E-07,0,0.000101619,0,0.214178,0.214178,1.3801,3.23208
F2,0,1000,1.4142,1,3,0.20902,0.208324,0.0272315,0.00295942,-0.00310144,-0.02709,0.0865129,-0.00618083,0.0862795,0.0109774,0.00150945,0.0017755,0.00986073,0.00990879,0.0640045,0.0193598,0.0189466,0.00657532,0.00654277,3.35661E-07,3.34491E-07,0.00384745,0.00383304,0.0139796,0,0.0172464,0,0.208834,0.208934,1.37956,3.23208
B,0,1000,1.4142,1,3,0.214224,0.213263,0.0145692,0.0145451,-0.0145525,-0.0145616,0.0866985,-0.00643295,0.0862798,0.0109833,0.00150945,0.00177557,0.0098607,0.00990883,0.0640046,0.0193603,0.0189461,0.00476293,0.00476293,2.45261E-07,2.45534E-07,0.0038444,0.00383305,9.92648E-09,0,1.45328E-05,0,0.214224,0.214225,1.38011,3.23208
A,0,1000,1.4142,1,4,0.213927,0.213474,0.0146307,0.014482,-0.0144919,-0.014624,0.0865919,-0.00643189,0.0863872,0.0109834,0.00150946,0.00177561,0.00986078,0.00990888,0.0640772,0.019324,0.0189105,0.00476247,0.00476356,2.45331E-07,2.4552E-07,0.00384452,0.0038331,0,0,0,0,0.213927,0.213927,1.3971,3.23208
F1,0,1000,1.4142,1,4,0.214178,0.213223,0.0146303,0.0144836,-0.0144922,-0.0146224,0.0866975,-0.00643182,0.0862798,0.0109833,0.00150945,0.00177557,0.00986071,0.00990883,0.0640046,0.0193603,0.0189461,0.00476285,0.00476312,2.45281E-07,2.45566E-07,0.0038444,0.00383305,4.85338E-07,0,0.000101619,0,0.214178,0.214178,1.3801,3.23208
F2,0,1000,1.4142,1,4,0.214221,0.213259,0.0145745,0.0145398,-0.0145473,-0.0145669,0.0866984,-0.00643285,0.0862798,0.0109833,0.00150945,0.00177557,0.0098607,0.00990883,0.0640046,0.0193603,0.0189461,0.00476292,0.00476294,2.45263E-07,2.45536E-07,0.0038444,0.00383305,2.29563E-08,0,2.21005E-05,0,0.21422,0.214221,1.38011,3.23208
B,0,1000,1.4142,1,4,0.20902,0.208324,0.0272315,0.00295942,-0.00310144,-0.02709,0.0865129,-0.00618083,0.0862795,0.0109774,0.00150945,0.0017755,0.00986073,0.00990879,0.0640045,0.0193598,0.0189466,0.00657532,0.00654276,3.35661E-07,3.34491E-07,0.00384745,0.00383304,0.0139796,0,0.0172464,0,0.208834,0.208934,1.37956,3.23208
A,0,1000,1.4142,1,5,0.213927,0.213474,0.0146307,0.014482,-0.0144919,-0.014624,0.0865919,-0.00643189,0.0863872,0.0109834,0.00150946,0.00177561,0.00986078,0.00990888,0.0640772,0.019324,0.0189105,0.00476247,0.00476356,2.45331E-07,2.4552E-07,0.00384452,0.0038331,0,0,0,0,0.213927,0.213927,1.3971,3.22992
F1,0,1000,1.4142,1,5,0.208905,0.208163,0.0255306,0.00431306,-0.00444395,-0.0254001,0.0865335,-0.00621307,0.0862798,0.0109789,0.00150945,0.00177552,0.00986073,0.0099088,0.0640045,0.0193598,0.0189466,0.00613729,0.00611135,3.14357E-07,3.13473E-07,0.00384675,0.00383304,0.0106765,0,0.0150718,0,0.208761,0.208838,1.37957,3.22992
F2,0,1000,1.4142,1,5,0.214221,0.213259,0.0145745,0.0145398,-0.0145473,-0.0145669,0.0866984,-0.00643285,0.0862798,0.0109833,0.00150945,0.00177557,0.0098607,0.00990883,0.0640046,0.0193603,0.0189461,0.00476292,0.00476294,2.45263E-07,2.45536E-07,0.0038444,0.00383305,2.29563E-08,0,2.21005E-05,0,0.21422,0.214221,1.38011,3.22992
B,0,1000,1.4142,1,5,0.214224,0.213263,0.0145692,0.0145451,-0.0145525,-0.0145616,0.0866985,-0.00643295,0.0862798,0.0109833,0.00150945,0.00177557,0.0098607,0.00990883,0.0640046,0.0193603,0.0189461,0.00476293,0.00476293,2.45261E-07,2.45534E-07,0.0038444,0.00383305,9.92647E-09,0,1.45328E-05,0,0.214224,0.214225,1.38011,3.22992
A,0,1000,1.4142,1,6,0.213927,0.213474,0.0146307,0.014482,-0.0144919,-0.014624,0.0865919,-0.00643189,0.0863872,0.0109834,0.00150946,0.00177561,0.00986078,0.00990888,0.0640772,0.019324,0.0189105,0.00476247,0.00476356,2.45331E-07,2.4552E-07,0.00384452,0.0038331,0,0,0,0,0.213927,0.213927,1.39713,3.22566
F1,0,1000,1.4142,1,6,0.211144,0.21027,0.0192791,0.00994384,-0.0100101,-0.0192152,0.0866259,-0.00633717,0.08628,0.0109822,0.00150945,0.00177556,0.00986072,0.00990881,0.0640045,0.01936,0.0189464,0.00502486,0.00502001,2.59479E-07,2.59528E-07,0.00384489,0.00383304,0.00206408,0,0.00662697,0,0.211107,0.211135,1.37983,3.22566
F2,0,1000,1.4142,1,6,0.214221,0.213259,0.0145745,0.0145398,-0.0145473,-0.0145669,0.0866984,-0.00643285,0.0862798,0.0109833,0.00150945,0.00177557,0.0098607,0.00990883,0.0640045,0.0193603,0.0189461,0.00476292,0.00476294,2.45263E-07,2.45536E-07,0.0038444,0.00383305,2.29579E-08,0,2.21013E-05,0,0.214221,0.214221,1.38014,3.22566
B,0,1000,1.4142,1,6,0.214224,0.213263,0.0145692,0.0145451,-0.0145525,-0.0145616,0.0866985,-0.00643295,0.0862798,0.0109833,0.00150945,0.00177557,0.0098607,0.00990883,0.0640045,0.0193603,0.0189461,0.00476293,0.00476293,2.45261E-07,2.45534E-07,0.0038444,0.00383305,9.92719E-09,0,1.45333E-05,0,0.214224,0.214225,1.38014,3.22566
A,0,1000,2.8284,1,0,0.213766,0.213329,0.0147045,0.0144071,-0.0144253,-0.0146896,0.0865713,-0.00642123,0.0863954,0.0109832,0.00150944,0.0017756,0.00986074,0.00990878,0.064082,0.0193203,0.0189088,0.00476253,0.00476359,2.45583E-07,2.45764E-07,0.0038445,0.00383306,0,0,0,0,0.213766,0.213766,2.81093,3.2248
F1,0,1000,2.8284,1,0,0.214016,0.213084,0.0147029,0.0144095,-0.0144268,-0.0146872,0.086677,-0.00642117,0.0862878,0.0109831,0.00150944,0.00177557,0.00986067,0.00990872,0.0640093,0.0193566,0.0189444,0.00476277,0.00476328,2.45525E-07,2.45816E-07,0.00384438,0.003833,1.94187E-06,0,0.000203265,0,0.214016,0.214016,2.79351,3.2248
F2,0,1000,2.8284,1,0,0.214181,0.213235,0.0145914,0.0145219,-0.014537,-0.0145762,0.0866804,-0.00642324,0.0862879,0.0109831,0.00150944,0.00177557,0.00986066,0.00990872,0.0640093,0.0193566,0.0189443,0.0047628,0.00476282,2.45439E-07,2.45707E-07,0.00384438,0.003833,9.185E-08,0,4.4207E-05,0,0.214181,0.214181,2.79351,3.2248
B,0,1000,2.8284,1,0,0.214196,0.213249,0.0145808,0.0145325,-0.0145475,-0.0145657,0.0866807,-0.00642343,0.0862879,0.0109831,0.00150944,0.00177557,0.00986066,0.00990872,0.0640093,0.0193566,0.0189443,0.0047628,0.0047628,2.45431E-07,2.45698E-07,0.00384438,0.003833,3.97166E-08,0,2.90695E-05,0,0.214196,0.214196,2.79352,3.2248
A,0,1000,2.8284,1,1,0.213766,0.21333,0.0147045,0.0144071,-0.0144254,-0.0146896,0.0865713,-0.00642123,0.0863955,0.0109832,0.00150944,0.0017756,0.00986075,0.00990877,0.0640821,0.0193202,0.0189087,0.00476253,0.00476359,2.45584E-07,2.45764E-07,0.0038445,0.00383306,0,0,0,0,0.213766,0.213766,2.81077,3.57132
F1,0,1000,2.8284,1,1,0.234674,0.233843,0.0482496,3.92087E-09,-2.11346E-08,-0.0482523,0.0859022,-0.00590783,0.0862825,0.0108963,0.0015094,0.00177533,0.00986074,0.00990858,0.0640093,0.0193547,0.0189461,0.0144648,0.0144595,7.41727E-07,7.42497E-07,0.00385729,0.00383297,0.0559194,0,0.0344931,0,0.234346,0.234519,2.79246,3.57132
F2,0,1000,2.8284,1,1,0.234674,0.233843,0.0482496,3.92087E-09,-2.11346E-08,-0.0482523,0.0859022,-0.00590783,0.0862825,0.0108963,0.0015094,0.00177533,0.00986074,0.00990858,0.0640093,0.0193547,0.0189461,0.0144648,0.0144595,7.41727E-07,7.42497E-07,0.00385729,0.00383297,0.0559194,0,0.0344931,0,0.234346,0.234519,2.79246,3.57132
B,0,1000,2.8284,1,1,0.234674,0.233843,0.0482496,3.92097E-09,-2.11347E-08,-0.0482523,0.0859022,-0.00590783,0.0862825,0.0108963,0.0015094,0.00177533,0.00986074,0.00990858,0.0640093,0.0193547,0.0189461,0.0144648,0.0144595,7.41727E-07,7.42497E-07,0.00385729,0.00383297,0.0559194,0,0.0344931,0,0.234346,0.234519,2.79246,3.57132
A,0,1000,2.8284,1,2,0.213766,0.21333,0.0147045,0.0144071,-0.0144254,-0.0146896,0.0865713,-0.00642123,0.0863954,0.0109832,0.00150944,0.0017756,0.00986075,0.00990877,0.0640821,0.0193203,0.0189087,0.00476253,0.00476359,2.45584E-07,2.45764E-07,0.0038445,0.00383306,0,0,0,0,0.213766,0.213766,2.81079,3.34031
F1,0,1000,2.8284,1,2,0.234669,0.233848,0.0482492,3.82274E-09,-2.05596E-08,-0.0482519,0.0859022,-0.00590782,0.0862825,0.0108963,0.0015094,0.00177532,0.00986074,0.00990858,0.0640093,0.0193547,0.0189462,0.0144646,0.0144598,7.4172E-07,7.42514E-07,0.00385728,0.00383297,0.0559198,0,0.0344932,0,0.234346,0.23451,2.79248,3.34031
F2,0,1000,2.8284,1,2,0.214181,0.213235,0.0145914,0.0145219,-0.014537,-0.0145762,0.0866803,-0.00642324,0.086288,0.0109831,0.00150944,0.00177557,0.00986067,0.00990872,0.0640094,0.0193566,0.0189443,0.0047628,0.00476282,2.45439E-07,2.45706E-07,0.00384438,0.003833,9.18279E-08,0,4.42017E-05,0,0.21418,0.214181,2.79336,3.34031
B,0,1000,2.8284,1,2,0.214196,0.21325,0.0145808,0.0145325,-0.0145475,-0.0145657,0.0866806,-0.00642343,0.086288,0.0109831,0.00150944,0.00177557,0.00986067,0.00990872,0.0640094,0.0193566,0.0189443,0.0047628,0.0047628,2.45431E-07,2.45697E-07,0.00384438,0.003833,3.97071E-08,0,2.9066E-05,0,0.214196,0.214196,2.79336,3.34031
A,0,1000,2.8284,1,3,0.213766,0.21333,0.0147045,0.0144071,-0.0144254,-0.0146896,0.0865713,-0.00642123,0.0863954,0.0109832,0.00150944,0.0017756,0.00986075,0.00990877,0.0640821,0.0193203,0.0189087,0.00476253,0.00476359,2.45584E-07,2.45764E-07,0.0038445,0.00383306,0,0,0,0,0.213766,0.213766,2.81079,3.34031
F1,0,1000,2.8284,1,3,0.214016,0.213084,0.0147029,0.0144095,-0.0144268,-0.0146872,0.086677,-0.00642117,0.0862879,0.0109831,0.00150944,0.00177557,0.00986067,0.00990872,0.0640094,0.0193566,0.0189443,0.00476277,0.00476328,2.45525E-07,2.45816E-07,0.00384438,0.003833,1.94141E-06,0,0.00020324,0,0.214015,0.214016,2.79335,3.34031
F2,0,1000,2.8284,1,3,0.234669,0.233848,0.0482492,3.82328E-09,-2.05615E-08,-0.0482519,0.0859022,-0.00590782,0.0862825,0.0108963,0.0015094,0.00177532,0.00986074,0.00990858,0.0640093,0.0193547,0.0189462,0.0144646,0.0144598,7.4172E-07,7.42514E-07,0.00385728,0.00383297,0.0559198,0,0.0344932,0,0.234346,0.23451,2.79248,3.34031
B,0,1000,2.8284,1,3,0.214196,0.21325,0.0145808,0.0145325,-0.0145475,-0.0145657,0.0866806,-0.00642343,0.086288,0.0109831,0.00150944,0.00177557,0.00986067,0.00990872,0.0640094,0.0193566,0.0189443,0.0047628,0.0047628,2.45431E-07,2.45697E-07,0.00384438,0.003833,3.97071E-08,0,2.9066E-05,0,0.214196,0.214196,2.79336,3.34031
A,0,1000,2.8284,1,4,0.213766,0.21333,0.0147045,0.0144071,-0.0144254,-0.0146896,0.0865713,-0.00642123,0.0863954,0.0109832,0.00150944,0.0017756,0.00986075,0.00990877,0.0640821,0.0193203,0.0189087,0.00476253,0.00476359,2.45584E-07,2.45764E-07,0.0038445,0.00383306,0,0,0,0,0.213766,0.213766,2.81079,3.34031
F1,0,1000,2.8284,1,4,0.214016,0.213084,0.0147029,0.0144095,-0.0144268,-0.0146872,0.086677,-0.00642117,0.0862879,0.0109831,0.00150944,0.00177557,0.00986067,0.00990872,0.0640094,0.0193566,0.0189443,0.00476277,0.00476328,2.45525E-07,2.45816E-07,0.00384438,0.003833,1.94141E-06,0,0.00020324,0,0.214015,0.214016,2.79335,3.34031
F2,0,1000,2.8284,1,4,0.214181,0.213235,0.0145914,0.0145219,-0.014537,-0.0145762,0.0866803,-0.00642324,0.086288,0.0109831,0.00150944,0.00177557,0.00986067,0.00990872,0.0640094,0.0193566,0.0189443,0.0047628,0.00476282,2.45439E-07,2.45706E-07,0.00384438,0.003833,9.18279E-08,0,4.42016E-05,0,0.21418,0.214181,2.79336,3.34031
B,0,1000,2.8284,1,4,0.234669,0.233848,0.0482492,3.82343E-09,-2.05618E-08,-0.0482519,0.0859022,-0.00590782,0.0862825,0.0108963,0.0015094,0.00177532,0.00986074,0.00990858,0.0640093,0.0193547,0.0189462,0.0144646,0.0144598,7.4172E-07,7.42514E-07,0.00385728,0.00383297,0.0559197,0,0.0344932,0,0.234346,0.23451,2.79248,3.34031
A,0,1000,2.8284,1,5,0.213766,0.21333,0.0147045,0.0144071,-0.0144254,-0.0146896,0.0865713,-0.00642123,0.0863954,0.0109832,0.00150944,0.0017756,0.00986075,0.00990877,0.0640821,0.0193203,0.0189087,0.00476253,0.00476359,2.45584E-07,2.45764E-07,0.0038445,0.00383306,0,0,0,0,0.213766,0.213766,2.81079,3.29697
F1,0,1000,2.8284,1,5,0.217844,0.217072,0.0421643,1.96992E-07,-2.73814E-07,-0.0421664,0.0860004,-0.00597405,0.0862834,0.0109285,0.0015094,0.00177539,0.00986073,0.00990859,0.0640093,0.0193547,0.0189462,0.0116055,0.011591,5.96054E-07,5.96147E-07,0.00385429,0.00383297,0.0427066,0,0.0301438,0,0.217583,0.217714,2.79245,3.29697
F2,0,1000,2.8284,1,5,0.214181,0.213235,0.0145914,0.0145219,-0.014537,-0.0145762,0.0866803,-0.00642324,0.086288,0.0109831,0.00150944,0.00177557,0.00986067,0.00990872,0.0640093,0.0193566,0.0189443,0.0047628,0.00476282,2.45439E-07,2.45706E-07,0.00384438,0.003833,9.18285E-08,0,4.42018E-05,0,0.21418,0.214181,2.79336,3.29697
B,0,1000,2.8284,1,5,0.214196,0.21325,0.0145808,0.0145325,-0.0145475,-0.0145657,0.0866806,-0.00642343,0.086288,0.0109831,0.00150944,0.00177557,0.00986067,0.00990872,0.0640093,0.0193566,0.0189443,0.0047628,0.0047628,2.45431E-07,2.45697E-07,0.00384438,0.003833,3.97073E-08,0,2.90661E-05,0,0.214196,0.214196,2.79336,3.29697
A,0,1000,2.8284,1,6,0.213766,0.213329,0.0147045,0.0144071,-0.0144254,-0.0146896,0.0865713,-0.00642123,0.0863954,0.0109832,0.00150944,0.0017756,0.00986075,0.00990877,0.064082,0.0193203,0.0189087,0.00476253,0.00476359,2.45584E-07,2.45764E-07,0.0038445,0.00383306,0,0,0,0,0.213766,0.213766,2.81083,3.22847
F1,0,1000,2.8284,1,6,0.202118,0.20143,0.0241466,0.00548112,-0.00560957,-0.0240233,0.0863896,-0.00623108,0.0862891,0.0109784,0.00150942,0.00177554,0.0098607,0.00990866,0.0640093,0.0193555,0.0189454,0.00582156,0.00579895,3.03087E-07,3.02293E-07,0.00384643,0.00383299,0.00825642,0,0.013254,0,0.202035,0.202094,2.79277,3.22847
F2,0,1000,2.8284,1,6,0.214181,0.213235,0.0145914,0.0145219,-0.014537,-0.0145762,0.0866803,-0.00642324,0.086288,0.0109831,0.00150944,0.00177557,0.00986067,0.00990872,0.0640093,0.0193566,0.0189443,0.0047628,0.00476282,2.45439E-07,2.45706E-07,0.00384438,0.003833,9.18331E-08,0,4.42029E-05,0,0.214181,0.214181,2.7934,3.22847
B,0,1000,2.8284,1,6,0.214196,0.21325,0.0145808,0.0145325,-0.0145475,-0.0145657,0.0866806,-0.00642343,0.086288,0.0109831,0.00150944,0.00177557,0.00986067,0.00990872,0.0640093,0.0193566,0.0189443,0.0047628,0.0047628,2.45431E-07,2.45697E-07,0.00384438,0.003833,3.97093E-08,0,2.90668E-05,0,0.214196,0.214196,2.7934,3.22847
A,0,1000,3.818,1,0,0.21359,0.213171,0.014756,0.0143546,-0.0143786,-0.0147353,0.0865487,-0.00641373,0.0864043,0.010983,0.00150942,0.0017756,0.0098607,0.00990866,0.0640872,0.0193162,0.0189068,0.0047626,0.00476362,2.45861E-07,2.46032E-07,0.00384448,0.00383301,0,0,0,0,0.21359,0.21359,3.80026,3.22476
F1,0,1000,3.818,1,0,0.21384,0.21293,0.0147536,0.0143574,-0.0143809,-0.0147324,0.0866545,-0.00641368,0.0862966,0.0109829,0.00150942,0.00177556,0.00986062,0.0099086,0.0640145,0.0193525,0.0189424,0.00476273,0.0047634,2.45796E-07,2.46088E-07,0.00384435,0.00383295,3.53904E-06,0,0.000274406,0,0.21384,0.21384,3.78253,3.22476
F2,0,1000,3.818,1,0,0.214137,0.213207,0.014603,0.0145092,-0.0145296,-0.0145826,0.0866606,-0.00641647,0.0862967,0.0109829,0.00150942,0.00177556,0.00986062,0.00990861,0.0640145,0.0193525,0.0189424,0.00476266,0.00476268,2.45633E-07,2.45894E-07,0.00384436,0.00383295,1.67395E-07,0,5.96792E-05,0,0.214138,0.214138,3.78254,3.22476
B,0,1000,3.818,1,0,0.214165,0.213234,0.0145887,0.0145236,-0.0145438,-0.0145684,0.0866612,-0.00641673,0.0862967,0.0109829,0.00150942,0.00177556,0.00986062,0.00990861,0.0640145,0.0193525,0.0189424,0.00476266,0.00476266,2.45617E-07,2.45878E-07,0.00384436,0.00383295,7.2383E-08,0,3.92437E-05,0,0.214166,0.214166,3.78254,3.22476
A,0,1000,3.818,1,1,0.213589,0.213171,0.014756,0.0143546,-0.0143786,-0.0147353,0.0865486,-0.00641372,0.0864045,0.010983,0.00150942,0.0017756,0.00986071,0.00990865,0.0640874,0.0193161,0.0189067,0.0047626,0.00476361,2.45862E-07,2.46031E-07,0.00384448,0.00383301,0,0,0,0,0.213589,0.213589,3.80009,3.97991
F1,0,1000,3.818,1,1,0.26988,0.268892,0.065119,-4.50858E-07,4.33853E-07,-0.0651235,0.08518,-0.00571005,0.0862935,0.0107898,0.00150935,0.00177513,0.0098607,0.00990837,0.0640145,0.0193491,0.0189457,0.0248341,0.0248509,1.2987E-06,1.30141E-06,0.00386854,0.00383288,0.101898,0,0.0465623,0,0.269443,0.269633,3.78107,3.97991
F2,0,1000,3.818,1,1,0.26988,0.268892,0.065119,-4.50858E-07,4.33853E-07,-0.0651235,0.08518,-0.00571005,0.0862935,0.0107898,0.00150935,0.00177513,0.0098607,0.00990837,0.0640145,0.0193491,0.0189457,0.0248341,0.0248509,1.2987E-06,1.30141E-06,0.00386854,0.00383288,0.101898,0,0.0465623,0,0.269443,0.269633,3.78107,3.97991
B,0,1000,3.818,1,1,0.26988,0.268892,0.065119,-4.50858E-07,4.33853E-07,-0.0651235,0.08518,-0.00571005,0.0862935,0.0107898,0.00150935,0.00177513,0.0098607,0.00990837,0.0640145,0.0193491,0.0189457,0.0248341,0.0248509,1.2987E-06,1.30141E-06,0.00386854,0.00383288,0.101898,0,0.0465623,0,0.269443,0.269633,3.78107,3.97991
A,0,1000,3.818,1,2,0.213589,0.213171,0.014756,0.0143546,-0.0143786,-0.0147353,0.0865486,-0.00641372,0.0864044,0.010983,0.00150942,0.0017756,0.0098607,0.00990865,0.0640873,0.0193161,0.0189068,0.0047626,0.00476362,2.45861E-07,2.46032E-07,0.00384448,0.00383301,0,0,0,0,0.213589,0.21359,3.80018,3.47648
F1,0,1000,3.818,1,2,0.269854,0.268922,0.0651213,-2.85274E-07,3.24701E-07,-0.065126,0.0851797,-0.00571016,0.0862931,0.0107897,0.00150935,0.00177512,0.00986071,0.00990837,0.0640144,0.0193492,0.0189457,0.0248329,0.0248536,1.29865E-06,1.30155E-06,0.00386848,0.00383288,0.101901,0,0.046563,0,0.269446,0.269574,3.78118,3.47648
F2,0,1000,3.818,1,2,0.214137,0.213208,0.014603,0.0145092,-0.0145296,-0.0145826,0.0866605,-0.00641647,0.0862968,0.0109829,0.00150942,0.00177556,0.00986063,0.0099086,0.0640146,0.0193525,0.0189424,0.00476266,0.00476268,2.45633E-07,2.45893E-07,0.00384436,0.00383295,1.67358E-07,0,5.96726E-05,0,0.214137,0.214137,3.78244,3.47648
B,0,1000,3.818,1,2,0.214165,0.213235,0.0145887,0.0145236,-0.0145438,-0.0145684,0.0866611,-0.00641673,0.0862968,0.0109829,0.00150942,0.00177556,0.00986063,0.0099086,0.0640146,0.0193525,0.0189424,0.00476266,0.00476266,2.45618E-07,2.45877E-07,0.00384436,0.00383295,7.23671E-08,0,3.92393E-05,0,0.214165,0.214165,3.78244,3.47648
A,0,1000,3.818,1,3,0.213589,0.213171,0.014756,0.0143546,-0.0143786,-0.0147353,0.0865486,-0.00641372,0.0864044,0.010983,0.00150942,0.0017756,0.0098607,0.00990865,0.0640873,0.0193161,0.0189068,0.0047626,0.00476362,2.45861E-07,2.46032E-07,0.00384448,0.00383301,0,0,0,0,0.213589,0.21359,3.80018,3.47648
F1,0,1000,3.818,1,3,0.21384,0.21293,0.0147536,0.0143574,-0.0143809,-0.0147324,0.0866545,-0.00641368,0.0862968,0.0109829,0.00150942,0.00177556,0.00986063,0.0099086,0.0640146,0.0193525,0.0189424,0.00476273,0.0047634,2.45796E-07,2.46087E-07,0.00384435,0.00383295,3.53826E-06,0,0.000274376,0,0.213839,0.21384,3.78243,3.47648
F2,0,1000,3.818,1,3,0.269854,0.268921,0.0651213,-2.85265E-07,3.24721E-07,-0.065126,0.0851797,-0.00571016,0.0862931,0.0107897,0.00150935,0.00177512,0.00986071,0.00990837,0.0640144,0.0193492,0.0189457,0.0248329,0.0248535,1.29865E-06,1.30155E-06,0.00386848,0.00383288,0.101901,0,0.046563,0,0.269446,0.269575,3.78118,3.47648
B,0,1000,3.818,1,3,0.214165,0.213235,0.0145887,0.0145236,-0.0145438,-0.0145684,0.0866611,-0.00641673,0.0862968,0.0109829,0.00150942,0.00177556,0.00986063,0.0099086,0.0640146,0.0193525,0.0189424,0.00476266,0.00476266,2.45618E-07,2.45877E-07,0.00384436,0.00383295,7.2367E-08,0,3.92393E-05,0,0.214165,0.214165,3.78244,3.47648
A,0,1000,3.818,1,4,0.213589,0.213171,0.014756,0.0143546,-0.0143786,-0.0147353,0.0865486,-0.00641372,0.0864044,0.010983,0.00150942,0.0017756,0.0098607,0.00990865,0.0640873,0.0193161,0.0189068,0.0047626,0.00476362,2.45861E-07,2.46032E-07,0.00384448,0.00383301,0,0,0,0,0.213589,0.21359,3.80018,3.47648
F1,0,1000,3.818,1,4,0.21384,0.21293,0.0147536,0.0143574,-0.0143809,-0.0147324,0.0866545,-0.00641368,0.0862968,0.0109829,0.00150942,0.00177556,0.00986063,0.0099086,0.0640146,0.0193525,0.0189424,0.00476273,0.0047634,2.45796E-07,2.46087E-07,0.00384435,0.00383295,3.53826E-06,0,0.000274376,0,0.213839,0.21384,3.78243,3.47648
F2,0,1000,3.818,1,4,0.214137,0.213208,0.014603,0.0145092,-0.0145296,-0.0145826,0.0866605,-0.00641647,0.0862968,0.0109829,0.00150942,0.00177556,0.00986063,0.0099086,0.0640146,0.0193525,0.0189424,0.00476266,0.00476268,2.45633E-07,2.45893E-07,0.00384436,0.00383295,1.67358E-07,0,5.96726E-05,0,0.214137,0.214137,3.78244,3.47648
B,0,1000,3.818,1,4,0.269854,0.268921,0.0651213,-2.85266E-07,3.24719E-07,-0.065126,0.0851797,-0.00571016,0.0862931,0.0107897,0.00150935,0.00177512,0.00986071,0.00990837,0.0640144,0.0193492,0.0189457,0.0248329,0.0248535,1.29865E-06,1.30155E-06,0.00386848,0.00383288,0.101901,0,0.046563,0,0.269446,0.269575,3.78118,3.47648
A,0,1000,3.818,1,5,0.213589,0.213171,0.014756,0.0143546,-0.0143786,-0.0147353,0.0865486,-0.00641372,0.0864044,0.010983,0.00150942,0.0017756,0.0098607,0.00990865,0.0640873,0.0193161,0.0189068,0.0047626,0.00476362,2.45861E-07,2.46032E-07,0.00384448,0.00383301,0,0,0,0,0.213589,0.21359,3.8002,3.40819
F1,0,1000,3.818,1,5,0.244806,0.243932,0.056911,-2.20348E-07,2.38441E-07,-0.0569149,0.0853726,-0.00580225,0.0862933,0.0108418,0.00150936,0.00177523,0.00986073,0.00990837,0.0640144,0.0193491,0.0189458,0.0193591,0.0193645,1.01006E-06,1.01176E-06,0.00386284,0.00383289,0.0778265,0,0.0406926,0,0.244525,0.244604,3.78116,3.40819
F2,0,1000,3.818,1,5,0.214137,0.213208,0.014603,0.0145092,-0.0145296,-0.0145826,0.0866605,-0.00641647,0.0862968,0.0109829,0.00150942,0.00177556,0.00986063,0.0099086,0.0640146,0.0193525,0.0189424,0.00476266,0.00476268,2.45633E-07,2.45893E-07,0.00384436,0.00383295,1.67364E-07,0,5.96736E-05,0,0.214137,0.214137,3.78246,3.40819
B,0,1000,3.818,1,5,0.214165,0.213235,0.0145887,0.0145236,-0.0145438,-0.0145684,0.0866611,-0.00641673,0.0862968,0.0109829,0.00150942,0.00177556,0.00986063,0.0099086,0.0640146,0.0193525,0.0189424,0.00476266,0.00476266,2.45618E-07,2.45878E-07,0.00384436,0.00383295,7.23694E-08,0,3.924E-05,0,0.214165,0.214165,3.78247,3.40819
A,0,1000,3.818,1,6,0.213589,0.213171,0.014756,0.0143546,-0.0143786,-0.0147353,0.0865487,-0.00641373,0.0864043,0.010983,0.00150942,0.0017756,0.0098607,0.00990865,0.0640873,0.0193162,0.0189068,0.0047626,0.00476362,2.45861E-07,2.46032E-07,0.00384448,0.00383301,0,0,0,0,0.21359,0.21359,3.80023,3.23269
F1,0,1000,3.818,1,6,0.192765,0.192265,0.0277433,0.00256322,-0.0027221,-0.0275918,0.0861285,-0.00615558,0.0862988,0.0109735,0.00150939,0.00177552,0.00986068,0.00990848,0.0640145,0.0193505,0.0189444,0.00672013,0.0066805,3.52638E-07,3.51034E-07,0.00384811,0.00383293,0.0150478,0,0.0178932,0,0.192659,0.192712,3.78163,3.23269
F2,0,1000,3.818,1,6,0.214137,0.213207,0.014603,0.0145092,-0.0145296,-0.0145826,0.0866606,-0.00641647,0.0862968,0.0109829,0.00150942,0.00177556,0.00986062,0.0099086,0.0640145,0.0193525,0.0189424,0.00476266,0.00476268,2.45633E-07,2.45894E-07,0.00384436,0.00383295,1.67376E-07,0,5.96757E-05,0,0.214138,0.214138,3.78251,3.23269
B,0,1000,3.818,1,6,0.214165,0.213234,0.0145887,0.0145236,-0.0145438,-0.0145684,0.0866611,-0.00641673,0.0862968,0.0109829,0.00150942,0.00177556,0.00986062,0.0099086,0.0640145,0.0193525,0.0189424,0.00476266,0.00476266,2.45618E-07,2.45878E-07,0.00384436,0.00383295,7.23747E-08,0,3.92414E-05,0,0.214165,0.214165,3.78251,3.23269
A,0,20000,0,1,0,0.213981,0.213522,0.0145565,0.0145565,-0.0145581,-0.0145581,0.0865987,-0.00644248,0.0863844,0.0109835,0.00150947,0.00177561,0.00986079,0.00990891,0.0640756,0.0193252,0.0189111,0.00476244,0.00476355,2.45247E-07,2.45439E-07,0.00384452,0.00383312,0,0,0,0,0.213981,0.213981,-0.0165756,3.22485
F1,0,20000,0,1,0,0.214234,0.213267,0.0145573,0.0145573,-0.0145572,-0.0145572,0.0867043,-0.0064424,0.0862771,0.0109834,0.00150946,0.00177557,0.00986072,0.00990885,0.0640029,0.0193615,0.0189467,0.00476297,0.00476297,2.45205E-07,2.45478E-07,0.00384441,0.00383306,2.22083E-21,0,6.87399E-12,0,0.214234,0.214234,-0.0331465,3.22485
F2,0,20000,0,1,0,0.214234,0.213267,0.0145573,0.0145573,-0.0145572,-0.0145572,0.0867043,-0.0064424,0.0862771,0.0109834,0.00150946,0.00177557,0.00986072,0.00990885,0.0640029,0.0193615,0.0189467,0.00476297,0.00476297,2.45205E-07,2.45478E-07,0.00384441,0.00383306,1.28439E-22,0,1.6531E-12,0,0.214234,0.214234,-0.0331465,3.22485
B,0,20000,0,1,0,0.214234,0.213267,0.0145573,0.0145573,-0.0145572,-0.0145572,0.0867043,-0.0064424,0.0862771,0.0109834,0.00150946,0.00177557,0.00986072,0.00990885,0.0640029,0.0193615,0.0189467,0.00476297,0.00476297,2.45205E-07,2.45478E-07,0.00384441,0.00383306,5.67121E-23,0,1.09847E-12,0,0.214234,0.214234,-0.0331465,3.22485
A,0,20000,0,1,1,0.213981,0.213522,0.0145565,0.0145565,-0.0145581,-0.0145581,0.0865987,-0.00644248,0.0863844,0.0109835,0.00150947,0.00177561,0.00986079,0.00990891,0.0640756,0.0193252,0.0189111,0.00476244,0.00476355,2.45247E-07,2.45439E-07,0.00384452,0.00383312,0,0,0,0,0.213981,0.213981,-0.0165756,3.22485
F1,0,20000,0,1,1,0.214234,0.213267,0.0145573,0.0145573,-0.0145572,-0.0145572,0.0867043,-0.0064424,0.0862771,0.0109834,0.00150946,0.00177557,0.00986072,0.00990885,0.0640029,0.0193615,0.0189467,0.00476297,0.00476297,2.45205E-07,2.45478E-07,0.00384441,0.00383306,2.8045E-26,0,2.44463E-14,0,0.214234,0.214234,-0.0331465,3.22485
F2,0,20000,0,1,1,0.214234,0.213267,0.0145573,0.0145573,-0.0145572,-0.0145572,0.0867043,-0.0064424,0.0862771,0.0109834,0.00150946,0.00177557,0.00986072,0.00990885,0.0640029,0.0193615,0.0189467,0.00476297,0.00476297,2.45205E-07,2.45478E-07,0.00384441,0.00383306,2.73924E-26,0,2.41264E-14,0,0.214234,0.214234,-0.0331465,3.22485
B,0,20000,0,1,1,0.214234,0.213267,0.0145573,0.0145573,-0.0145572,-0.0145572,0.0867043,-0.0064424,0.0862771,0.0109834,0.00150946,0.00177557,0.00986072,0.00990885,0.0640029,0.0193615,0.0189467,0.00476297,0.00476297,2.45205E-07,2.45478E-07,0.00384441,0.00383306,2.75304E-26,0,2.42222E-14,0,0.214234,0.214234,-0.0331465,3.22485
A,0,20000,0,1,2,0.213981,0.213522,0.0145565,0.0145565,-0.0145581,-0.0145581,0.0865987,-0.00644248,0.0863844,0.0109835,0.00150947,0.00177561,0.00986079,0.00990891,0.0640756,0.0193252,0.0189111,0.00476244,0.00476355,2.45247E-07,2.45439E-07,0.00384452,0.00383312,0,0,0,0,0.213981,0.213981,-0.0165756,3.22485
F1,0,20000,0,1,2,0.214234,0.213267,0.0145573,0.0145573,-0.0145572,-0.0145572,0.0867043,-0.0064424,0.0862771,0.0109834,0.00150946,0.00177557,0.00986072,0.00990885,0.0640029,0.0193615,0.0189467,0.00476297,0.00476297,2.45205E-07,2.45478E-07,0.00384441,0.00383306,3.24019E-26,0,2.62835E-14,0,0.214234,0.214234,-0.0331465,3.22485
F2,0,20000,0,1,2,0.214234,0.213267,0.0145573,0.0145573,-0.0145572,-0.0145572,0.0867043,-0.0064424,0.0862771,0.0109834,0.00150946,0.00177557,0.00986072,0.00990885,0.0640029,0.0193615,0.0189467,0.00476297,0.00476297,2.45205E-07,2.45478E-07,0.00384441,0.00383306,1.28439E-22,0,1.6531E-12,0,0.214234,0.214234,-0.0331465,3.22485
B,0,20000,0,1,2,0.214234,0.213267,0.0145573,0.0145573,-0.0145572,-0.0145572,0.0867043,-0.0064424,0.0862771,0.0109834,0.00150946,0.00177557,0.00986072,0.00990885,0.0640029,0.0193615,0.0189467,0.00476297,0.00476297,2.45205E-07,2.45478E-07,0.00384441,0.00383306,5.67121E-23,0,1.09847E-12,0,0.214234,0.214234,-0.0331465,3.22485
A,0,20000,0,1,3,0.213981,0.213522,0.0145565,0.0145565,-0.0145581,-0.0145581,0.0865987,-0.00644248,0.0863844,0.0109835,0.00150947,0.00177561,0.00986079,0.00990891,0.0640756,0.0193252,0.0189111,0.00476244,0.00476355,2.45247E-07,2.45439E-07,0.00384452,0.00383312,0,0,0,0,0.213981,0.213981,-0.0165756,3.22485
F1,0,20000,0,1,3,0.214234,0.213267,0.0145573,0.0145573,-0.0145572,-0.0145572,0.0867043,-0.0064424,0.0862771,0.0109834,0.00150946,0.00177557,0.00986072,0.00990885,0.0640029,0.0193615,0.0189467,0.00476297,0.00476297,2.45205E-07,2.45478E-07,0.00384441,0.00383306,2.22083E-21,0,6.87399E-12,0,0.214234,0.214234,-0.0331465,3.22485
F2,0,20000,0,1,3,0.214234,0.213267,0.0145573,0.0145573,-0.0145572,-0.0145572,0.0867043,-0.0064424,0.0862771,0.0109834,0.00150946,0.00177557,0.00986072,0.00990885,0.0640029,0.0193615,0.0189467,0.00476297,0.00476297,2.45205E-07,2.45478E-07,0.00384441,0.00383306,3.27829E-26,0,2.63246E-14,0,0.214234,0.214234,-0.0331465,3.22485
B,0,20000,0,1,3,0.214234,0.213267,0.0145573,0.0145573,-0.0145572,-0.0145572,0.0867043,-0.0064424,0.0862771,0.0109834,0.00150946,0.00177557,0.00986072,0.00990885,0.0640029,0.0193615,0.0189467,0.00476297,0.00476297,2.45205E-07,2.45478E-07,0.00384441,0.00383306,5.6712E-23,0,1.09847E-12,0,0.214234,0.214234,-0.0331465,3.22485
A,0,20000,0,1,4,0.213981,0.213522,0.0145565,0.0145565,-0.0145581,-0.0145581,0.0865987,-0.00644248,0.0863844,0.0109835,0.00150947,0.00177561,0.00986079,0.00990891,0.0640756,0.0193252,0.0189111,0.00476244,0.00476355,2.45247E-07,2.45439E-07,0.00384452,0.00383312,0,0,0,0,0.213981,0.213981,-0.0165756,3.22485
F1,0,20000,0,1,4,0.214234,0.213267,0.0145573,0.0145573,-0.0145572,-0.0145572,0.0867043,-0.0064424,0.0862771,0.0109834,0.00150946,0.00177557,0.00986072,0.00990885,0.0640029,0.0193615,0.0189467,0.00476297,0.00476297,2.45205E-07,2.45478E-07,0.00384441,0.00383306,2.22083E-21,0,6.87399E-12,0,0.214234,0.214234,-0.0331465,3.22485
F2,0,20000,0,1,4,0.214234,0.213267,0.0145573,0.0145573,-0.0145572,-0.0145572,0.0867043,-0.0064424,0.0862771,0.0109834,0.00150946,0.00177557,0.00986072,0.00990885,0.0640029,0.0193615,0.0189467,0.00476297,0.00476297,2.45205E-07,2.45478E-07,0.00384441,0.00383306,1.28439E-22,0,1.6531E-12,0,0.214234,0.214234,-0.0331465,3.22485
B,0,20000,0,1,4,0.214234,0.213267,0.0145573,0.0145573,-0.0145572,-0.0145572,0.0867043,-0.0064424,0.0862771,0.0109834,0.00150946,0.00177557,0.00986072,0.00990885,0.0640029,0.0193615,0.0189467,0.00476297,0.00476297,2.45205E-07,2.45478E-07,0.00384441,0.00383306,3.24988E-26,0,2.63625E-14,0,0.214234,0.214234,-0.0331465,3.22485
A,0,20000,0,1,5,0.213981,0.213522,0.0145565,0.0145565,-0.0145581,-0.0145581,0.0865987,-0.00644248,0.0863844,0.0109835,0.00150947,0.00177561,0.00986079,0.00990891,0.0640756,0.0193252,0.0189111,0.00476244,0.00476355,2.45247E-07,2.45439E-07,0.00384452,0.00383312,0,0,0,0,0.213981,0.213981,-0.0165756,3.22485
F1,0,20000,0,1,5,0.214234,0.213267,0.0145573,0.0145573,-0.0145572,-0.0145572,0.0867043,-0.0064424,0.0862771,0.0109834,0.00150946,0.00177557,0.00986072,0.00990885,0.0640029,0.0193615,0.0189467,0.00476297,0.00476297,2.45205E-07,2.45478E-07,0.00384441,0.00383306,2.15085E-26,0,2.13523E-14,0,0.214234,0.214234,-0.0331465,3.22485
F2,0,20000,0,1,5,0.214234,0.213267,0.0145573,0.0145573,-0.0145572,-0.0145572,0.0867043,-0.0064424,0.0862771,0.0109834,0.00150946,0.00177557,0.00986072,0.00990885,0.0640029,0.0193615,0.0189467,0.00476297,0.00476297,2.45205E-07,2.45478E-07,0.00384441,0.00383306,1.28439E-22,0,1.6531E-12,0,0.214234,0.214234,-0.0331465,3.22485
B,0,20000,0,1,5,0.214234,0.213267,0.0145573,0.0145573,-0.0145572,-0.0145572,0.0867043,-0.0064424,0.0862771,0.0109834,0.00150946,0.00177557,0.00986072,0.00990885,0.0640029,0.0193615,0.0189467,0.00476297,0.00476297,2.45205E-07,2.45478E-07,0.00384441,0.00383306,5.67121E-23,0,1.09847E-12,0,0.214234,0.214234,-0.0331465,3.22485
A,0,20000,0,1,6,0.213981,0.213522,0.0145565,0.0145565,-0.0145581,-0.0145581,0.0865987,-0.00644248,0.0863844,0.0109835,0.00150947,0.00177561,0.00986079,0.00990891,0.0640756,0.0193252,0.0189111,0.00476244,0.00476355,2.45247E-07,2.45439E-07,0.00384452,0.00383312,0,0,0,0,0.213981,0.213981,-0.0165756,3.22485
F1,0,20000,0,1,6,0.214234,0.213267,0.0145573,0.0145573,-0.0145572,-0.0145572,0.0867043,-0.0064424,0.0862771,0.0109834,0.00150946,0.00177557,0.00986072,0.00990885,0.0640029,0.0193615,0.0189467,0.00476297,0.00476297,2.45205E-07,2.45478E-07,0.00384441,0.00383306,1.03894E-23,0,4.7016E-13,0,0.214234,0.214234,-0.0331465,3.22485
F2,0,20000,0,1,6,0.214234,0.213267,0.0145573,0.0145573,-0.0145572,-0.0145572,0.0867043,-0.0064424,0.0862771,0.0109834,0.00150946,0.00177557,0.00986072,0.00990885,0.0640029,0.0193615,0.0189467,0.00476297,0.00476297,2.45205E-07,2.45478E-07,0.00384441,0.00383306,1.2844E-22,0,1.6531E-12,0,0.214234,0.214234,-0.0331465,3.22485
B,0,20000,0,1,6,0.214234,0.213267,0.0145573,0.0145573,-0.0145572,-0.0145572,0.0867043,-0.0064424,0.0862771,0.0109834,0.00150946,0.00177557,0.00986072,0.00990885,0.0640029,0.0193615,0.0189467,0.00476297,0.00476297,2.45205E-07,2.45478E-07,0.00384441,0.00383306,5.67121E-23,0,1.09847E-12,0,0.214234,0.214234,-0.0331465,3.22485
A,0,20000,0.4243,1,0,0.213976,0.213517,0.0145788,0.0145342,-0.0145382,-0.014578,0.0865981,-0.00641399,0.0863847,0.0109835,0.00150947,0.00177557,0.00986077,0.00990889,0.0640757,0.0193251,0.0189111,0.00476245,0.00476355,2.45264E-07,2.45461E-07,0.00384455,0.00383311,0,0,0,0,0.213976,0.213976,0.40772,3.22485
F1,0,20000,0.4243,1,0,0.214229,0.213263,0.0145793,0.0145352,-0.0145375,-0.0145769,0.0867037,-0.00641391,0.0862773,0.0109834,0.00150946,0.00177554,0.00986069,0.00990884,0.0640031,0.0193614,0.0189466,0.00476297,0.00476297,2.45221E-07,2.45501E-07,0.00384444,0.00383306,4.37434E-08,0,3.05076E-05,0,0.214229,0.214229,0.39129,3.22485
F2,0,20000,0.4243,1,0,0.214233,0.213267,0.0145625,0.014552,-0.0145536,-0.0145608,0.0867037,-0.00641399,0.0862773,0.0109834,0.00150946,0.00177554,0.00986069,0.00990884,0.0640031,0.0193614,0.0189466,0.00476297,0.00476297,2.45219E-07,2.45498E-07,0.00384444,0.00383306,2.06898E-09,0,6.63483E-06,0,0.214233,0.214233,0.391292,3.22485
B,0,20000,0.4243,1,0,0.214233,0.213267,0.0145609,0.0145536,-0.0145548,-0.0145597,0.0867038,-0.006414,0.0862773,0.0109834,0.00150946,0.00177554,0.00986069,0.00990884,0.0640031,0.0193614,0.0189466,0.00476297,0.00476297,2.45219E-07,2.45498E-07,0.00384444,0.00383306,8.94642E-10,0,4.36291E-06,0,0.214233,0.214233,0.391292,3.22485
A,0,20000,0.4243,1,1,0.213976,0.213517,0.0145788,0.0145342,-0.0145382,-0.014578,0.0865981,-0.00641399,0.0863847,0.0109835,0.00150947,0.00177557,0.00986077,0.00990889,0.0640757,0.0193251,0.0189111,0.00476245,0.00476355,2.45264E-07,2.45461E-07,0.00384455,0.00383311,0,0,0,0,0.213976,0.213976,0.407568,3.22715
F1,0,20000,0.4243,1,1,0.213425,0.212477,0.0190948,0.010123,-0.0101804,-0.0190372,0.0866786,-0.00633719,0.0862774,0.0109827,0.00150946,0.0017755,0.00986067,0.00990883,0.0640031,0.0193613,0.0189467,0.00500627,0.00500052,2.57418E-07,2.5749E-07,0.00384492,0.00383306,0.00191141,0,0.00637718,0,0.213424,0.213424,0.391017,3.22715
F2,0,20000,0.4243,1,1,0.213425,0.212477,0.0190948,0.010123,-0.0101804,-0.0190372,0.0866786,-0.00633719,0.0862774,0.0109827,0.00150946,0.0017755,0.00986067,0.00990883,0.0640031,0.0193613,0.0189467,0.00500627,0.00500052,2.57418E-07,2.5749E-07,0.00384492,0.00383306,0.00191141,0,0.00637718,0,0.213424,0.213424,0.391017,3.22715
B,0,20000,0.4243,1,1,0.213425,0.212477,0.0190948,0.010123,-0.0101804,-0.0190372,0.0866786,-0.00633719,0.0862774,0.0109827,0.00150946,0.0017755,0.00986067,0.00990883,0.0640031,0.0193613,0.0189467,0.00500627,0.00500052,2.57418E-07,2.5749E-07,0.00384492,0.00383306,0.00191141,0,0.00637718,0,0.213424,0.213424,0.391017,3.22715
A,0,20000,0.4243,1,2,0.213976,0.213517,0.0145788,0.0145341,-0.0145382,-0.0145781,0.0865981,-0.006414,0.0863847,0.0109835,0.00150947,0.00177557,0.00986077,0.00990889,0.0640757,0.0193251,0.0189111,0.00476245,0.00476355,2.45264E-07,2.45461E-07,0.00384455,0.00383311,0,0,0,0,0.213976,0.213976,0.407792,3.22562
F1,0,20000,0.4243,1,2,0.213426,0.212476,0.0190993,0.0101187,-0.0101764,-0.0190414,0.0866786,-0.00633732,0.0862774,0.0109827,0.00150946,0.0017755,0.00986068,0.00990882,0.0640031,0.0193613,0.0189467,0.00500627,0.00500049,2.57419E-07,2.57488E-07,0.00384492,0.00383306,0.0019113,0,0.006377,0,0.213425,0.213425,0.390983,3.22562
F2,0,20000,0.4243,1,2,0.214233,0.213267,0.0145625,0.014552,-0.0145536,-0.0145608,0.0867038,-0.006414,0.0862773,0.0109834,0.00150946,0.00177554,0.00986069,0.00990884,0.0640031,0.0193614,0.0189466,0.00476297,0.00476297,2.45219E-07,2.45498E-07,0.00384444,0.00383306,2.06892E-09,0,6.63472E-06,0,0.214233,0.214233,0.391266,3.22562
B,0,20000,0.4243,1,2,0.214233,0.213267,0.0145609,0.0145536,-0.0145548,-0.0145597,0.0867038,-0.00641401,0.0862773,0.0109834,0.00150946,0.00177554,0.00986069,0.00990884,0.0640031,0.0193614,0.0189466,0.00476297,0.00476297,2.45219E-07,2.45498E-07,0.00384444,0.00383306,8.94615E-10,0,4.36284E-06,0,0.214233,0.214233,0.391266,3.22562
A,0,20000,0.4243,1,3,0.213976,0.213517,0.0145788,0.0145341,-0.0145382,-0.0145781,0.0865981,-0.006414,0.0863847,0.0109835,0.00150947,0.00177557,0.00986077,0.00990889,0.0640757,0.0193251,0.0189111,0.00476245,0.00476355,2.45264E-07,2.45461E-07,0.00384455,0.00383311,0,0,0,0,0.213976,0.213976,0.407792,3.22562
F1,0,20000,0.4243,1,3,0.214229,0.213263,0.0145793,0.0145352,-0.0145375,-0.0145769,0.0867037,-0.00641393,0.0862773,0.0109834,0.00150946,0.00177554,0.00986069,0.00990884,0.0640031,0.0193614,0.0189466,0.00476297,0.00476297,2.45221E-07,2.45501E-07,0.00384444,0.00383306,4.37421E-08,0,3.05071E-05,0,0.214229,0.214229,0.391265,3.22562
F2,0,20000,0.4243,1,3,0.213426,0.212476,0.0190993,0.0101187,-0.0101764,-0.0190414,0.0866786,-0.00633732,0.0862774,0.0109827,0.00150946,0.0017755,0.00986068,0.00990882,0.0640031,0.0193613,0.0189467,0.00500627,0.00500049,2.57419E-07,2.57488E-07,0.00384492,0.00383306,0.0019113,0,0.006377,0,0.213425,0.213425,0.390983,3.22562
B,0,20000,0.4243,1,3,0.214233,0.213267,0.0145609,0.0145536,-0.0145548,-0.0145597,0.0867038,-0.00641401,0.0862773,0.0109834,0.00150946,0.00177554,0.00986069,0.00990884,0.0640031,0.0193614,0.0189466,0.00476297,0.00476297,2.45219E-07,2.45498E-07,0.00384444,0.00383306,8.94615E-10,0,4.36284E-06,0,0.214233,0.214233,0.391266,3.22562
A,0,20000,0.4243,1,4,0.213976,0.213517,0.0145788,0.0145341,-0.0145382,-0.0145781,0.0865981,-0.006414,0.0863847,0.0109835,0.00150947,0.00177557,0.00986077,0.00990889,0.0640757,0.0193251,0.0189111,0.00476245,0.00476355,2.45264E-07,2.45461E-07,0.00384455,0.00383311,0,0,0,0,0.213976,0.213976,0.407792,3.22562
F1,0,20000,0.4243,1,4,0.214229,0.213263,0.0145793,0.0145352,-0.0145375,-0.0145769,0.0867037,-0.00641393,0.0862773,0.0109834,0.00150946,0.00177554,0.00986069,0.00990884,0.0640031,0.0193614,0.0189466,0.00476297,0.00476297,2.45221E-07,2.45501E-07,0.00384444,0.00383306,4.37421E-08,0,3.05071E-05,0,0.214229,0.214229,0.391265,3.22562
F2,0,20000,0.4243,1,4,0.214233,0.213267,0.0145625,0.014552,-0.0145536,-0.0145608,0.0867038,-0.006414,0.0862773,0.0109834,0.00150946,0.00177554,0.00986069,0.00990884,0.0640031,0.0193614,0.0189466,0.00476297,0.00476297,2.45219E-07,2.45498E-07,0.00384444,0.00383306,2.06892E-09,0,6.63473E-06,0,0.214233,0.214233,0.391266,3.22562
B,0,20000,0.4243,1,4,0.213426,0.212476,0.0190993,0.0101187,-0.0101764,-0.0190414,0.0866786,-0.00633732,0.0862774,0.0109827,0.00150946,0.0017755,0.00986068,0.00990882,0.0640031,0.0193613,0.0189467,0.00500627,0.00500049,2.57419E-07,2.57488E-07,0.00384492,0.00383306,0.0019113,0,0.006377,0,0.213425,0.213425,0.390983,3.22562
A,0,20000,0.4243,1,5,0.213976,0.213517,0.0145788,0.0145341,-0.0145382,-0.0145781,0.0865981,-0.00641399,0.0863847,0.0109835,0.00150947,0.00177557,0.00986077,0.00990889,0.0640757,0.0193251,0.0189111,0.00476245,0.00476355,2.45264E-07,2.45461E-07,0.00384455,0.00383311,0,0,0,0,0.213976,0.213976,0.407783,3.22537
F1,0,20000,0.4243,1,5,0.213543,0.21259,0.0182966,0.0108873,-0.0109354,-0.0182483,0.0866838,-0.00635309,0.0862774,0.0109829,0.00150946,0.00177551,0.00986068,0.00990883,0.0640031,0.0193613,0.0189467,0.00492844,0.00492448,2.53598E-07,2.53735E-07,0.00384477,0.00383306,0.0013008,0,0.00526086,0,0.213543,0.213542,0.391045,3.22537
F2,0,20000,0.4243,1,5,0.214233,0.213267,0.0145625,0.014552,-0.0145536,-0.0145608,0.0867038,-0.006414,0.0862773,0.0109834,0.00150946,0.00177554,0.00986069,0.00990884,0.0640031,0.0193614,0.0189466,0.00476297,0.00476297,2.45219E-07,2.45498E-07,0.00384444,0.00383306,2.06893E-09,0,6.63475E-06,0,0.214233,0.214233,0.391282,3.22537
B,0,20000,0.4243,1,5,0.214233,0.213267,0.0145609,0.0145536,-0.0145548,-0.0145597,0.0867038,-0.006414,0.0862773,0.0109834,0.00150946,0.00177554,0.00986069,0.00990884,0.0640031,0.0193614,0.0189466,0.00476297,0.00476297,2.45219E-07,2.45498E-07,0.00384444,0.00383306,8.94622E-10,0,4.36286E-06,0,0.214233,0.214233,0.391282,3.22537
A,0,20000,0.4243,1,6,0.213976,0.213517,0.0145788,0.0145341,-0.0145382,-0.0145781,0.0865981,-0.00641399,0.0863847,0.0109835,0.00150947,0.00177557,0.00986077,0.00990889,0.0640757,0.0193251,0.0189111,0.00476245,0.00476355,2.45264E-07,2.45461E-07,0.00384455,0.00383311,0,0,0,0,0.213976,0.213976,0.407775,3.22493
F1,0,20000,0.4243,1,6,0.213941,0.21298,0.0160005,0.013124,-0.0131442,-0.0159803,0.0866969,-0.00639626,0.0862774,0.0109832,0.00150946,0.00177553,0.00986069,0.00990883,0.0640031,0.0193613,0.0189466,0.00478785,0.00478723,2.46592E-07,2.46852E-07,0.0038445,0.00383306,0.000195892,0,0.00204155,0,0.213941,0.213941,0.391186,3.22493
F2,0,20000,0.4243,1,6,0.214233,0.213267,0.0145625,0.014552,-0.0145536,-0.0145608,0.0867037,-0.00641399,0.0862773,0.0109834,0.00150946,0.00177554,0.00986069,0.00990884,0.0640031,0.0193614,0.0189466,0.00476297,0.00476297,2.45219E-07,2.45498E-07,0.00384444,0.00383306,2.06894E-09,0,6.63477E-06,0,0.214233,0.214233,0.391288,3.22493
B,0,20000,0.4243,1,6,0.214233,0.213267,0.0145609,0.0145536,-0.0145548,-0.0145597,0.0867038,-0.006414,0.0862773,0.0109834,0.00150946,0.00177554,0.00986069,0.00990884,0.0640031,0.0193614,0.0189466,0.00476297,0.00476297,2.45219E-07,2.45498E-07,0.00384444,0.00383306,8.94625E-10,0,4.36287E-06,0,0.214233,0.214233,0.391288,3.22493
A,0,20000,1.4142,1,0,0.213927,0.213473,0.0146306,0.014482,-0.0144916,-0.0146244,0.0865917,-0.00634749,0.0863871,0.0109834,0.00150948,0.00177521,0.00986058,0.00990868,0.0640772,0.0193239,0.0189103,0.00476246,0.00476356,2.45441E-07,2.45682E-07,0.00384491,0.0038331,0,0,0,0,0.213927,0.213927,1.39684,3.22484
F1,0,20000,1.4142,1,0,0.214181,0.21322,0.0146305,0.0144837,-0.0144916,-0.0146226,0.0866973,-0.00634739,0.0862797,0.0109833,0.00150947,0.00177518,0.00986051,0.00990863,0.0640046,0.0193602,0.0189459,0.00476298,0.00476298,2.45398E-07,2.45721E-07,0.0038448,0.00383304,4.85965E-07,0,0.000101684,0,0.214181,0.214181,1.38114,3.22484
F2,0,20000,1.4142,1,0,0.214221,0.213259,0.0145746,0.0145396,-0.0145454,-0.0145693,0.0866981,-0.00634768,0.0862797,0.0109833,0.00150947,0.00177518,0.00986051,0.00990863,0.0640046,0.0193602,0.0189459,0.00476293,0.00476293,2.45371E-07,2.45694E-07,0.00384479,0.00383304,2.29852E-08,0,2.21144E-05,0,0.214221,0.214221,1.38114,3.22484
B,0,20000,1.4142,1,0,0.214224,0.213263,0.0145693,0.0145448,-0.0145492,-0.0145656,0.0866982,-0.00634771,0.0862797,0.0109833,0.00150947,0.00177518,0.00986051,0.00990863,0.0640046,0.0193602,0.0189459,0.00476293,0.00476293,2.45369E-07,2.45691E-07,0.00384479,0.00383304,9.93896E-09,0,1.45419E-05,0,0.214225,0.214225,1.38114,3.22484
A,0,20000,1.4142,1,1,0.213927,0.213474,0.0146307,0.0144819,-0.0144916,-0.0146245,0.0865917,-0.0063475,0.0863871,0.0109834,0.00150948,0.00177521,0.00986059,0.00990867,0.0640773,0.0193239,0.0189103,0.00476246,0.00476356,2.45442E-07,2.45681E-07,0.00384491,0.0038331,0,0,0,0,0.213927,0.213927,1.39776,3.26719
F1,0,20000,1.4142,1,1,0.207971,0.207135,0.0306684,0.000809877,-0.000936277,-0.0305426,0.0864156,-0.00608424,0.08628,0.0109726,0.00150947,0.00177478,0.00986034,0.00990843,0.0640046,0.0193594,0.0189465,0.00759076,0.00753812,3.88444E-07,3.8694E-07,0.00385022,0.00383303,0.0212327,0,0.0212547,0,0.207968,0.207968,1.38063,3.26719
F2,0,20000,1.4142,1,1,0.207971,0.207135,0.0306684,0.000809877,-0.000936277,-0.0305426,0.0864156,-0.00608424,0.08628,0.0109726,0.00150947,0.00177478,0.00986034,0.00990843,0.0640046,0.0193594,0.0189465,0.00759076,0.00753812,3.88444E-07,3.8694E-07,0.00385022,0.00383303,0.0212327,0,0.0212547,0,0.207968,0.207968,1.38063,3.26719
B,0,20000,1.4142,1,1,0.207971,0.207135,0.0306684,0.000809878,-0.000936278,-0.0305426,0.0864156,-0.00608424,0.08628,0.0109726,0.00150947,0.00177478,0.00986034,0.00990843,0.0640046,0.0193594,0.0189465,0.00759076,0.00753812,3.88444E-07,3.8694E-07,0.00385022,0.00383303,0.0212327,0,0.0212547,0,0.207968,0.207968,1.38063,3.26719
A,0,20000,1.4142,1,2,0.213927,0.213474,0.0146307,0.0144819,-0.0144916,-0.0146245,0.0865917,-0.00634753,0.0863871,0.0109834,0.00150948,0.00177521,0.00986059,0.00990866,0.0640773,0.0193239,0.0189103,0.00476246,0.00476356,2.45443E-07,2.4568E-07,0.00384491,0.0038331,0,0,0,0,0.213927,0.213927,1.39785,3.23896
F1,0,20000,1.4142,1,2,0.207973,0.207135,0.0306721,0.000808308,-0.000934824,-0.0305461,0.0864157,-0.00608405,0.08628,0.0109726,0.00150946,0.00177478,0.00986034,0.00990843,0.0640046,0.0193594,0.0189465,0.00759072,0.00753804,3.88441E-07,3.86934E-07,0.00385022,0.00383303,0.0212323,0,0.0212545,0,0.20797,0.20797,1.3804,3.23896
F2,0,20000,1.4142,1,2,0.214221,0.213259,0.0145746,0.0145396,-0.0145454,-0.0145693,0.0866982,-0.00634773,0.0862797,0.0109833,0.00150947,0.00177518,0.00986052,0.00990861,0.0640046,0.0193602,0.0189459,0.00476293,0.00476293,2.45373E-07,2.45692E-07,0.0038448,0.00383304,2.29835E-08,0,2.21136E-05,0,0.21422,0.214221,1.38138,3.23896
B,0,20000,1.4142,1,2,0.214224,0.213263,0.0145693,0.0145448,-0.0145492,-0.0145656,0.0866982,-0.00634775,0.0862797,0.0109833,0.00150947,0.00177518,0.00986052,0.00990861,0.0640046,0.0193602,0.0189459,0.00476293,0.00476293,2.4537E-07,2.4569E-07,0.0038448,0.00383304,9.93825E-09,0,1.45414E-05,0,0.214224,0.214224,1.38138,3.23896
A,0,20000,1.4142,1,3,0.213927,0.213474,0.0146307,0.0144819,-0.0144916,-0.0146245,0.0865917,-0.00634753,0.0863871,0.0109834,0.00150948,0.00177521,0.00986059,0.00990866,0.0640773,0.0193239,0.0189103,0.00476246,0.00476356,2.45443E-07,2.4568E-07,0.00384491,0.0038331,0,0,0,0,0.213927,0.213927,1.39785,3.23896
F1,0,20000,1.4142,1,3,0.214181,0.21322,0.0146306,0.0144836,-0.0144916,-0.0146227,0.0866973,-0.00634748,0.0862797,0.0109833,0.00150947,0.00177518,0.00986052,0.00990861,0.0640046,0.0193602,0.0189459,0.00476298,0.00476298,2.45399E-07,2.4572E-07,0.0038448,0.00383304,4.8593E-07,0,0.000101681,0,0.214181,0.214181,1.38138,3.23896
F2,0,20000,1.4142,1,3,0.207973,0.207135,0.0306721,0.000808301,-0.000934818,-0.0305462,0.0864157,-0.00608404,0.08628,0.0109726,0.00150946,0.00177478,0.00986034,0.00990843,0.0640046,0.0193594,0.0189465,0.00759072,0.00753803,3.88441E-07,3.86933E-07,0.00385022,0.00383303,0.0212323,0,0.0212545,0,0.20797,0.20797,1.3804,3.23896
B,0,20000,1.4142,1,3,0.214224,0.213263,0.0145693,0.0145448,-0.0145492,-0.0145656,0.0866982,-0.00634775,0.0862797,0.0109833,0.00150947,0.00177518,0.00986052,0.00990861,0.0640046,0.0193602,0.0189459,0.00476293,0.00476293,2.4537E-07,2.4569E-07,0.0038448,0.00383304,9.93825E-09,0,1.45414E-05,0,0.214224,0.214224,1.38138,3.23896
A,0,20000,1.4142,1,4,0.213927,0.213474,0.0146307,0.0144819,-0.0144916,-0.0146245,0.0865917,-0.00634753,0.0863871,0.0109834,0.00150948,0.00177521,0.00986059,0.00990866,0.0640773,0.0193239,0.0189103,0.00476246,0.00476356,2.45443E-07,2.4568E-07,0.00384491,0.0038331,0,0,0,0,0.213927,0.213927,1.39785,3.23896
F1,0,20000,1.4142,1,4,0.214181,0.21322,0.0146306,0.0144836,-0.0144916,-0.0146227,0.0866973,-0.00634748,0.0862797,0.0109833,0.00150947,0.00177518,0.00986052,0.00990861,0.0640046,0.0193602,0.0189459,0.00476298,0.00476298,2.45399E-07,2.4572E-07,0.0038448,0.00383304,4.8593E-07,0,0.000101681,0,0.214181,0.214181,1.38138,3.23896
F2,0,20000,1.4142,1,4,0.214221,0.213259,0.0145746,0.0145396,-0.0145454,-0.0145693,0.0866982,-0.00634773,0.0862797,0.0109833,0.00150947,0.00177518,0.00986052,0.00990861,0.0640046,0.0193602,0.0189459,0.00476293,0.00476293,2.45373E-07,2.45692E-07,0.0038448,0.00383304,2.29835E-08,0,2.21136E-05,0,0.21422,0.214221,1.38138,3.23896
B,0,20000,1.4142,1,4,0.207973,0.207135,0.0306721,0.000808303,-0.000934821,-0.0305461,0.0864157,-0.00608404,0.08628,0.0109726,0.00150946,0.00177478,0.00986034,0.00990843,0.0640046,0.0193594,0.0189465,0.00759071,0.00753803,3.88441E-07,3.86933E-07,0.00385022,0.00383303,0.0212323,0,0.0212545,0,0.20797,0.20797,1.3804,3.23896
A,0,20000,1.4142,1,5,0.213927,0.213474,0.0146307,0.0144819,-0.0144916,-0.0146245,0.0865917,-0.00634752,0.0863871,0.0109834,0.00150948,0.00177521,0.00986059,0.00990866,0.0640773,0.0193239,0.0189103,0.00476246,0.00476356,2.45442E-07,2.4568E-07,0.00384491,0.0038331,0,0,0,0,0.213927,0.213927,1.39784,3.23241
F1,0,20000,1.4142,1,5,0.207455,0.206619,0.0274624,0.00278491,-0.00292868,-0.0273189,0.0864749,-0.00614165,0.0862806,0.010977,0.00150947,0.00177488,0.00986038,0.00990846,0.0640046,0.0193595,0.0189464,0.00664235,0.00660099,3.41085E-07,3.39922E-07,0.00384857,0.00383303,0.0144504,0,0.0175344,0,0.207452,0.207452,1.3806,3.23241
F2,0,20000,1.4142,1,5,0.214221,0.213259,0.0145746,0.0145396,-0.0145454,-0.0145693,0.0866982,-0.00634772,0.0862797,0.0109833,0.00150947,0.00177518,0.00986052,0.00990861,0.0640046,0.0193602,0.0189459,0.00476293,0.00476293,2.45372E-07,2.45693E-07,0.0038448,0.00383304,2.29837E-08,0,2.21137E-05,0,0.21422,0.214221,1.38143,3.23241
B,0,20000,1.4142,1,5,0.214224,0.213263,0.0145693,0.0145448,-0.0145492,-0.0145656,0.0866982,-0.00634774,0.0862797,0.0109833,0.00150947,0.00177518,0.00986052,0.00990861,0.0640046,0.0193602,0.0189459,0.00476293,0.00476293,2.4537E-07,2.4569E-07,0.0038448,0.00383304,9.93831E-09,0,1.45415E-05,0,0.214224,0.214224,1.38143,3.23241
A,0,20000,1.4142,1,6,0.213927,0.213474,0.0146307,0.014482,-0.0144916,-0.0146244,0.0865917,-0.00634749,0.0863871,0.0109834,0.00150948,0.00177521,0.00986059,0.00990867,0.0640772,0.0193239,0.0189103,0.00476246,0.00476356,2.45442E-07,2.45681E-07,0.00384491,0.0038331,0,0,0,0,0.213927,0.213927,1.39747,3.2257
F1,0,20000,1.4142,1,6,0.211001,0.210088,0.0194078,0.00982248,-0.00988908,-0.0193414,0.0866217,-0.00628856,0.0862801,0.0109821,0.00150947,0.00177508,0.00986047,0.00990856,0.0640046,0.0193599,0.0189461,0.00504012,0.00503304,2.60682E-07,2.60776E-07,0.00384549,0.00383304,0.00217622,0,0.00680461,0,0.210999,0.211,1.38116,3.2257
F2,0,20000,1.4142,1,6,0.214221,0.213259,0.0145746,0.0145396,-0.0145454,-0.0145693,0.0866981,-0.00634768,0.0862797,0.0109833,0.00150947,0.00177518,0.00986051,0.00990862,0.0640046,0.0193602,0.0189459,0.00476293,0.00476293,2.45372E-07,2.45693E-07,0.0038448,0.00383304,2.29845E-08,0,2.21141E-05,0,0.214221,0.214221,1.38147,3.2257
B,0,20000,1.4142,1,6,0.214224,0.213263,0.0145693,0.0145449,-0.0145492,-0.0145656,0.0866982,-0.00634771,0.0862797,0.0109833,0.00150947,0.00177518,0.00986051,0.00990862,0.0640046,0.0193602,0.0189459,0.00476293,0.00476293,2.4537E-07,2.45691E-07,0.0038448,0.00383304,9.93867E-09,0,1.45417E-05,0,0.214224,0.214225,1.38147,3.2257
A,0,20000,2.8284,1,0,0.213766,0.213329,0.0147044,0.0144071,-0.0144249,-0.0146905,0.0865707,-0.00625246,0.0863952,0.0109832,0.0015095,0.00177402,0.00986001,0.00990792,0.0640823,0.01932,0.0189078,0.00476253,0.00476358,2.46034E-07,2.46406E-07,0.00384611,0.00383305,0,0,0,0,0.213766,0.213766,2.81023,3.2248
F1,0,20000,2.8284,1,0,0.214022,0.213077,0.0147034,0.0144099,-0.0144259,-0.0146879,0.0866765,-0.00625233,0.0862877,0.0109831,0.00150949,0.00177399,0.00985993,0.00990787,0.0640096,0.0193563,0.0189434,0.00476303,0.00476301,2.45989E-07,2.46445E-07,0.003846,0.00383299,1.94385E-06,0,0.000203369,0,0.214022,0.214022,2.7954,3.2248
F2,0,20000,2.8284,1,0,0.214181,0.213234,0.0145915,0.0145214,-0.0145336,-0.0145817,0.0866798,-0.00625291,0.0862877,0.0109831,0.00150949,0.00177399,0.00985993,0.00990787,0.0640096,0.0193563,0.0189434,0.00476281,0.0047628,2.45881E-07,2.46336E-07,0.00384599,0.00383299,9.19406E-08,0,4.42288E-05,0,0.214181,0.214181,2.7954,3.2248
B,0,20000,2.8284,1,0,0.214196,0.213249,0.0145809,0.0145319,-0.0145415,-0.0145743,0.0866801,-0.00625296,0.0862877,0.0109831,0.00150949,0.00177399,0.00985993,0.00990787,0.0640096,0.0193563,0.0189434,0.0047628,0.00476279,2.45872E-07,2.46326E-07,0.00384599,0.00383299,3.97558E-08,0,2.90838E-05,0,0.214196,0.214196,2.7954,3.2248
A,0,20000,2.8284,1,1,0.213766,0.213329,0.0147046,0.0144071,-0.0144247,-0.0146907,0.0865708,-0.00625257,0.0863953,0.0109832,0.0015095,0.00177402,0.00986003,0.00990789,0.0640824,0.01932,0.0189077,0.00476253,0.00476358,2.46037E-07,2.46403E-07,0.00384613,0.00383305,0,0,0,0,0.213766,0.213766,2.81224,3.83729
F1,0,20000,2.8284,1,1,0.258702,0.257291,0.0594622,-2.59323E-05,2.18871E-05,-0.0594684,0.085464,-0.00567719,0.0862864,0.010828,0.00150949,0.00177187,0.0098586,0.00990726,0.06401,0.019352,0.0189465,0.020976,0.0209609,1.10086E-06,1.10464E-06,0.0038698,0.00383294,0.0849246,0,0.0425078,0,0.258717,0.258707,2.79285,3.83729
F2,0,20000,2.8284,1,1,0.258702,0.257291,0.0594622,-2.59323E-05,2.18871E-05,-0.0594684,0.085464,-0.00567719,0.0862864,0.010828,0.00150949,0.00177187,0.0098586,0.00990726,0.06401,0.019352,0.0189465,0.020976,0.0209609,1.10086E-06,1.10464E-06,0.0038698,0.00383294,0.0849246,0,0.0425078,0,0.258717,0.258707,2.79285,3.83729
B,0,20000,2.8284,1,1,0.258702,0.257291,0.0594622,-2.59326E-05,2.18871E-05,-0.0594684,0.085464,-0.00567719,0.0862864,0.010828,0.00150949,0.00177187,0.0098586,0.00990726,0.06401,0.019352,0.0189465,0.020976,0.0209609,1.10086E-06,1.10464E-06,0.0038698,0.00383294,0.0849246,0,0.0425077,0,0.258717,0.258707,2.79285,3.83729
A,0,20000,2.8284,1,2,0.213766,0.213329,0.0147046,0.0144071,-0.0144248,-0.0146907,0.0865708,-0.00625252,0.0863953,0.0109832,0.0015095,0.00177402,0.00986003,0.0099079,0.0640824,0.01932,0.0189077,0.00476253,0.00476358,2.46037E-07,2.46404E-07,0.00384613,0.00383305,0,0,0,0,0.213766,0.213766,2.8122,3.42889
F1,0,20000,2.8284,1,2,0.258704,0.257319,0.0594564,-2.25375E-05,2.08638E-05,-0.0594627,0.0854638,-0.00567584,0.0862863,0.0108283,0.00150949,0.00177187,0.00985857,0.00990727,0.06401,0.019352,0.0189466,0.0209737,0.0209594,1.10085E-06,1.10463E-06,0.00386984,0.00383294,0.084926,0,0.0425081,0,0.258717,0.258709,2.79358,3.42889
F2,0,20000,2.8284,1,2,0.214181,0.213234,0.0145915,0.0145214,-0.0145337,-0.0145817,0.0866799,-0.00625298,0.0862878,0.0109831,0.00150949,0.00177399,0.00985995,0.00990785,0.0640097,0.0193563,0.0189433,0.00476281,0.0047628,2.45884E-07,2.46334E-07,0.003846,0.00383299,9.19349E-08,0,4.42274E-05,0,0.21418,0.214181,2.79603,3.42889
B,0,20000,2.8284,1,2,0.214196,0.213249,0.0145809,0.0145319,-0.0145415,-0.0145743,0.0866802,-0.00625303,0.0862878,0.0109831,0.00150949,0.00177399,0.00985995,0.00990785,0.0640097,0.0193563,0.0189433,0.0047628,0.00476279,2.45874E-07,2.46324E-07,0.003846,0.00383299,3.97533E-08,0,2.90829E-05,0,0.214196,0.214196,2.79603,3.42889
A,0,20000,2.8284,1,3,0.213766,0.213329,0.0147046,0.0144071,-0.0144248,-0.0146907,0.0865708,-0.00625252,0.0863953,0.0109832,0.0015095,0.00177402,0.00986003,0.0099079,0.0640824,0.01932,0.0189077,0.00476253,0.00476358,2.46037E-07,2.46404E-07,0.00384613,0.00383305,0,0,0,0,0.213766,0.213766,2.8122,3.42889
F1,0,20000,2.8284,1,3,0.214022,0.213078,0.0147035,0.0144097,-0.0144257,-0.0146879,0.0866766,-0.00625248,0.0862878,0.0109831,0.00150949,0.00177399,0.00985995,0.00990785,0.0640097,0.0193563,0.0189433,0.00476303,0.00476301,2.45991E-07,2.46443E-07,0.00384602,0.00383299,1.94374E-06,0,0.000203362,0,0.214021,0.214022,2.79602,3.42889
F2,0,20000,2.8284,1,3,0.258704,0.257319,0.0594564,-2.25375E-05,2.08637E-05,-0.0594627,0.0854638,-0.00567584,0.0862863,0.0108283,0.00150949,0.00177187,0.00985857,0.00990727,0.06401,0.019352,0.0189466,0.0209737,0.0209594,1.10085E-06,1.10463E-06,0.00386984,0.00383294,0.084926,0,0.0425081,0,0.258717,0.258709,2.79358,3.42889
B,0,20000,2.8284,1,3,0.214196,0.213249,0.0145809,0.0145319,-0.0145415,-0.0145743,0.0866802,-0.00625303,0.0862878,0.0109831,0.00150949,0.00177399,0.00985995,0.00990785,0.0640097,0.0193563,0.0189433,0.0047628,0.00476279,2.45874E-07,2.46324E-07,0.003846,0.00383299,3.97533E-08,0,2.90829E-05,0,0.214196,0.214196,2.79603,3.42889
A,0,20000,2.8284,1,4,0.213766,0.213329,0.0147046,0.0144071,-0.0144248,-0.0146907,0.0865708,-0.00625252,0.0863953,0.0109832,0.0015095,0.00177402,0.00986003,0.0099079,0.0640824,0.01932,0.0189077,0.00476253,0.00476358,2.46037E-07,2.46404E-07,0.00384613,0.00383305,0,0,0,0,0.213766,0.213766,2.8122,3.42889
F1,0,20000,2.8284,1,4,0.214022,0.213078,0.0147035,0.0144097,-0.0144257,-0.0146879,0.0866766,-0.00625248,0.0862878,0.0109831,0.00150949,0.00177399,0.00985995,0.00990785,0.0640097,0.0193563,0.0189433,0.00476303,0.00476301,2.45991E-07,2.46443E-07,0.00384602,0.00383299,1.94374E-06,0,0.000203362,0,0.214021,0.214022,2.79602,3.42889
F2,0,20000,2.8284,1,4,0.214181,0.213234,0.0145915,0.0145214,-0.0145337,-0.0145817,0.0866799,-0.00625298,0.0862878,0.0109831,0.00150949,0.00177399,0.00985995,0.00990785,0.0640097,0.0193563,0.0189433,0.00476281,0.0047628,2.45884E-07,2.46334E-07,0.003846,0.00383299,9.19349E-08,0,4.42274E-05,0,0.21418,0.214181,2.79603,3.42889
B,0,20000,2.8284,1,4,0.258704,0.257319,0.0594564,-2.25375E-05,2.08649E-05,-0.0594627,0.0854639,-0.00567584,0.0862863,0.0108283,0.00150949,0.00177187,0.00985857,0.00990727,0.06401,0.019352,0.0189466,0.0209737,0.0209594,1.10085E-06,1.10463E-06,0.00386984,0.00383294,0.0849259,0,0.0425081,0,0.258717,0.258709,2.79358,3.42889
A,0,20000,2.8284,1,5,0.213766,0.213329,0.0147046,0.0144071,-0.0144248,-0.0146906,0.0865708,-0.00625251,0.0863953,0.0109832,0.0015095,0.00177402,0.00986003,0.0099079,0.0640824,0.01932,0.0189077,0.00476253,0.00476358,2.46037E-07,2.46404E-07,0.00384612,0.00383305,0,0,0,0,0.213766,0.213766,2.81214,3.34615
F1,0,20000,2.8284,1,5,0.230612,0.229433,0.0490531,-1.32978E-05,1.30728E-05,-0.0490561,0.0857428,-0.00578765,0.0862852,0.0108912,0.00150949,0.00177247,0.00985906,0.0099073,0.0640099,0.0193529,0.018946,0.0148822,0.0148622,7.77E-07,7.79146E-07,0.00386234,0.00383295,0.0577999,0,0.0350684,0,0.230616,0.230613,2.79473,3.34615
F2,0,20000,2.8284,1,5,0.214181,0.213234,0.0145915,0.0145214,-0.0145337,-0.0145817,0.0866799,-0.00625297,0.0862878,0.0109831,0.00150949,0.00177399,0.00985995,0.00990785,0.0640097,0.0193563,0.0189433,0.00476281,0.0047628,2.45884E-07,2.46334E-07,0.003846,0.00383299,9.19354E-08,0,4.42276E-05,0,0.214181,0.214181,2.79609,3.34615
B,0,20000,2.8284,1,5,0.214196,0.213249,0.0145809,0.0145319,-0.0145415,-0.0145743,0.0866802,-0.00625301,0.0862878,0.0109831,0.00150949,0.00177399,0.00985995,0.00990785,0.0640097,0.0193563,0.0189433,0.0047628,0.00476279,2.45874E-07,2.46325E-07,0.003846,0.00383299,3.97535E-08,0,2.9083E-05,0,0.214196,0.214196,2.79609,3.34615
A,0,20000,2.8284,1,6,0.213766,0.213329,0.0147045,0.0144072,-0.0144249,-0.0146906,0.0865707,-0.00625246,0.0863952,0.0109832,0.0015095,0.00177402,0.00986001,0.00990792,0.0640823,0.01932,0.0189078,0.00476253,0.00476358,2.46035E-07,2.46405E-07,0.00384612,0.00383305,0,0,0,0,0.213766,0.213766,2.81089,3.22871
F1,0,20000,2.8284,1,6,0.201528,0.200766,0.0244135,0.00525174,-0.00538013,-0.0242857,0.0863733,-0.00613378,0.0862894,0.0109781,0.00150949,0.00177361,0.00985974,0.00990765,0.0640097,0.019355,0.0189445,0.00588193,0.00585416,3.07927E-07,3.07486E-07,0.00384882,0.00383298,0.00870495,0,0.0136093,0,0.201523,0.201525,2.79518,3.22871
F2,0,20000,2.8284,1,6,0.214181,0.213234,0.0145915,0.0145214,-0.0145337,-0.0145817,0.0866798,-0.00625291,0.0862877,0.0109831,0.00150949,0.00177399,0.00985994,0.00990787,0.0640096,0.0193563,0.0189434,0.00476281,0.0047628,2.45882E-07,2.46335E-07,0.00384599,0.00383299,9.19393E-08,0,4.42285E-05,0,0.214181,0.214181,2.79578,3.22871
B,0,20000,2.8284,1,6,0.214196,0.213249,0.0145809,0.0145319,-0.0145415,-0.0145743,0.0866801,-0.00625296,0.0862877,0.0109831,0.00150949,0.00177399,0.00985994,0.00990787,0.0640096,0.0193563,0.0189434,0.0047628,0.00476279,2.45872E-07,2.46326E-07,0.00384599,0.00383299,3.97553E-08,0,2.90837E-05,0,0.214196,0.214196,2.79578,3.22871
A,0,20000,3.818,1,0,0.213589,0.213171,0.0147559,0.0143545,-0.014378,-0.0147368,0.0865478,-0.00618594,0.0864042,0.010983,0.00150953,0.00177272,0.00985935,0.00990711,0.0640879,0.0193156,0.018905,0.0047626,0.00476361,2.46691E-07,2.47205E-07,0.00384745,0.003833,0,0,0,0,0.21359,0.21359,3.7992,3.22476
F1,0,20000,3.818,1,0,0.213847,0.212921,0.0147543,0.0143579,-0.0143797,-0.0147335,0.0866537,-0.00618578,0.0862966,0.0109828,0.00150952,0.00177269,0.00985928,0.00990706,0.0640152,0.019352,0.0189407,0.00476309,0.00476304,2.46643E-07,2.47243E-07,0.00384734,0.00383294,3.54204E-06,0,0.000274523,0,0.213847,0.213847,3.78499,3.22476
F2,0,20000,3.818,1,0,0.214137,0.213206,0.0146031,0.0145085,-0.0145255,-0.0145907,0.0866597,-0.00618656,0.0862966,0.0109829,0.00150952,0.00177269,0.00985928,0.00990707,0.0640152,0.019352,0.0189406,0.00476267,0.00476266,2.46447E-07,2.47044E-07,0.00384732,0.00383294,1.67532E-07,0,5.97035E-05,0,0.214137,0.214137,3.785,3.22476
B,0,20000,3.818,1,0,0.214165,0.213234,0.0145888,0.0145225,-0.0145363,-0.0145807,0.0866603,-0.00618663,0.0862966,0.0109829,0.00150952,0.00177269,0.00985928,0.00990707,0.0640152,0.019352,0.0189406,0.00476266,0.00476265,2.46429E-07,2.47026E-07,0.00384731,0.00383294,7.24419E-08,0,3.92597E-05,0,0.214165,0.214165,3.785,3.22476
A,0,20000,3.818,1,1,0.213589,0.213171,0.0147562,0.0143544,-0.014378,-0.0147368,0.0865479,-0.00618604,0.0864043,0.010983,0.00150952,0.00177272,0.00985939,0.00990708,0.064088,0.0193157,0.0189049,0.0047626,0.00476361,2.46694E-07,2.47202E-07,0.00384747,0.003833,0,0,0,0,0.213589,0.213589,3.80197,4.37427
F1,0,20000,3.818,1,1,0.298091,0.296377,0.0802299,-3.02751E-05,3.56859E-05,-0.0802561,0.084342,-0.00540595,0.0863045,0.0106852,0.00150957,0.00176839,0.0098548,0.00990758,0.0640165,0.0193392,0.0189505,0.0370111,0.0370043,2.00698E-06,2.01538E-06,0.00389267,0.00383283,0.154716,0,0.0573745,0,0.298116,0.298103,3.78343,4.37427
F2,0,20000,3.818,1,1,0.298091,0.296377,0.0802299,-3.02751E-05,3.56859E-05,-0.0802561,0.084342,-0.00540595,0.0863045,0.0106852,0.00150957,0.00176839,0.0098548,0.00990758,0.0640165,0.0193392,0.0189505,0.0370111,0.0370043,2.00698E-06,2.01538E-06,0.00389267,0.00383283,0.154716,0,0.0573745,0,0.298116,0.298103,3.78343,4.37427
B,0,20000,3.818,1,1,0.298091,0.296377,0.0802299,-3.02751E-05,3.56859E-05,-0.0802561,0.084342,-0.00540595,0.0863045,0.0106852,0.00150957,0.00176839,0.0098548,0.00990758,0.0640165,0.0193392,0.0189505,0.0370111,0.0370043,2.00698E-06,2.01538E-06,0.00389267,0.00383283,0.154716,0,0.0573745,0,0.298116,0.298103,3.78343,4.37427
A,0,20000,3.818,1,2,0.213589,0.213171,0.0147561,0.0143544,-0.0143779,-0.0147369,0.0865479,-0.00618608,0.0864043,0.010983,0.00150952,0.00177272,0.00985939,0.00990708,0.064088,0.0193157,0.0189049,0.0047626,0.00476361,2.46695E-07,2.47201E-07,0.00384747,0.003833,0,0,0,0,0.213589,0.213589,3.80199,3.60789
F1,0,20000,3.818,1,2,0.298097,0.296344,0.0802355,-2.95072E-05,2.97843E-05,-0.0802589,0.0843423,-0.00540515,0.0863046,0.0106853,0.00150957,0.00176837,0.00985487,0.00990757,0.0640165,0.0193393,0.0189505,0.0370104,0.0370023,2.00694E-06,2.01518E-06,0.00389266,0.00383283,0.154714,0,0.0573742,0,0.298125,0.298108,3.78279,3.60789
F2,0,20000,3.818,1,2,0.214137,0.213207,0.0146032,0.0145084,-0.0145255,-0.0145906,0.0866598,-0.00618673,0.0862967,0.0109829,0.00150951,0.00177269,0.00985932,0.00990703,0.0640153,0.019352,0.0189405,0.00476267,0.00476266,2.4645E-07,2.47041E-07,0.00384734,0.00383294,1.67519E-07,0,5.97012E-05,0,0.214136,0.214137,3.78552,3.60789
B,0,20000,3.818,1,2,0.214164,0.213234,0.0145888,0.0145226,-0.0145363,-0.0145807,0.0866604,-0.00618679,0.0862967,0.0109829,0.00150951,0.00177269,0.00985932,0.00990703,0.0640153,0.019352,0.0189405,0.00476266,0.00476265,2.46433E-07,2.47023E-07,0.00384734,0.00383294,7.24363E-08,0,3.92582E-05,0,0.214164,0.214165,3.78552,3.60789
A,0,20000,3.818,1,3,0.213589,0.213171,0.0147561,0.0143544,-0.0143779,-0.0147369,0.0865479,-0.00618608,0.0864043,0.010983,0.00150952,0.00177272,0.00985939,0.00990708,0.064088,0.0193157,0.0189049,0.0047626,0.00476361,2.46695E-07,2.47201E-07,0.00384747,0.003833,0,0,0,0,0.213589,0.213589,3.80199,3.60789
F1,0,20000,3.818,1,3,0.213847,0.212921,0.0147544,0.0143576,-0.0143794,-0.0147335,0.0866538,-0.00618607,0.0862967,0.0109829,0.00150951,0.00177269,0.00985931,0.00990702,0.0640153,0.019352,0.0189405,0.00476309,0.00476304,2.46647E-07,2.4724E-07,0.00384736,0.00383294,3.54177E-06,0,0.000274512,0,0.213846,0.213847,3.7855,3.60789
F2,0,20000,3.818,1,3,0.298097,0.296343,0.0802355,-2.95113E-05,2.97955E-05,-0.0802589,0.0843423,-0.00540515,0.0863046,0.0106853,0.00150957,0.00176837,0.00985487,0.00990757,0.0640165,0.0193393,0.0189505,0.0370104,0.0370023,2.00694E-06,2.01518E-06,0.00389266,0.00383283,0.154714,0,0.0573742,0,0.298124,0.298108,3.78279,3.60789
B,0,20000,3.818,1,3,0.214164,0.213234,0.0145888,0.0145226,-0.0145363,-0.0145807,0.0866604,-0.00618679,0.0862967,0.0109829,0.00150951,0.00177269,0.00985932,0.00990703,0.0640153,0.019352,0.0189405,0.00476266,0.00476265,2.46433E-07,2.47023E-07,0.00384734,0.00383294,7.24363E-08,0,3.92581E-05,0,0.214164,0.214165,3.78552,3.60789
A,0,20000,3.818,1,4,0.213589,0.213171,0.0147561,0.0143544,-0.0143779,-0.0147369,0.0865479,-0.00618608,0.0864043,0.010983,0.00150952,0.00177272,0.00985939,0.00990708,0.064088,0.0193157,0.0189049,0.0047626,0.00476361,2.46695E-07,2.47201E-07,0.00384747,0.003833,0,0,0,0,0.213589,0.213589,3.80199,3.60789
F1,0,20000,3.818,1,4,0.213847,0.212921,0.0147544,0.0143576,-0.0143794,-0.0147335,0.0866538,-0.00618607,0.0862967,0.0109829,0.00150951,0.00177269,0.00985931,0.00990702,0.0640153,0.019352,0.0189405,0.00476309,0.00476304,2.46647E-07,2.4724E-07,0.00384736,0.00383294,3.54177E-06,0,0.000274512,0,0.213846,0.213847,3.7855,3.60789
F2,0,20000,3.818,1,4,0.214137,0.213207,0.0146032,0.0145084,-0.0145255,-0.0145906,0.0866598,-0.00618673,0.0862967,0.0109829,0.00150951,0.00177269,0.00985932,0.00990703,0.0640153,0.019352,0.0189405,0.00476267,0.00476266,2.4645E-07,2.47041E-07,0.00384734,0.00383294,1.67519E-07,0,5.97012E-05,0,0.214136,0.214137,3.78552,3.60789
B,0,20000,3.818,1,4,0.298097,0.296344,0.0802355,-2.95064E-05,2.97819E-05,-0.0802589,0.0843423,-0.00540515,0.0863046,0.0106853,0.00150957,0.00176837,0.00985487,0.00990757,0.0640165,0.0193393,0.0189505,0.0370104,0.0370023,2.00694E-06,2.01518E-06,0.00389266,0.00383283,0.154714,0,0.0573742,0,0.298125,0.298108,3.78279,3.60789
A,0,20000,3.818,1,5,0.213589,0.213171,0.0147561,0.0143544,-0.014378,-0.0147369,0.0865479,-0.00618607,0.0864043,0.010983,0.00150952,0.00177272,0.00985939,0.00990708,0.064088,0.0193157,0.0189049,0.0047626,0.00476361,2.46695E-07,2.47202E-07,0.00384747,0.003833,0,0,0,0,0.213589,0.213589,3.80199,3.4856
F1,0,20000,3.818,1,5,0.261423,0.259966,0.0662051,-1.78278E-05,2.03997E-05,-0.0662121,0.0848823,-0.00556315,0.0862997,0.0107812,0.00150953,0.00176953,0.00985673,0.00990664,0.064016,0.0193436,0.0189471,0.0256278,0.0256159,1.37317E-06,1.37846E-06,0.00387847,0.00383286,0.10531,0,0.0473353,0,0.261439,0.261428,3.78335,3.4856
F2,0,20000,3.818,1,5,0.214137,0.213207,0.0146032,0.0145084,-0.0145255,-0.0145906,0.0866598,-0.00618671,0.0862967,0.0109829,0.00150951,0.00177269,0.00985931,0.00990703,0.0640153,0.019352,0.0189405,0.00476267,0.00476266,2.46451E-07,2.47041E-07,0.00384734,0.00383294,1.67519E-07,0,5.97014E-05,0,0.214136,0.214137,3.78565,3.4856
B,0,20000,3.818,1,5,0.214164,0.213234,0.0145888,0.0145226,-0.0145363,-0.0145807,0.0866604,-0.00618677,0.0862967,0.0109829,0.00150951,0.00177269,0.00985931,0.00990703,0.0640153,0.019352,0.0189405,0.00476266,0.00476265,2.46433E-07,2.47024E-07,0.00384734,0.00383294,7.24367E-08,0,3.92583E-05,0,0.214164,0.214165,3.78565,3.4856
A,0,20000,3.818,1,6,0.213589,0.213171,0.0147561,0.0143546,-0.0143781,-0.0147369,0.0865478,-0.00618597,0.0864043,0.010983,0.00150952,0.00177272,0.00985937,0.00990709,0.064088,0.0193157,0.018905,0.0047626,0.00476361,2.46693E-07,2.47202E-07,0.00384746,0.003833,0,0,0,0,0.213589,0.213589,3.80151,3.23333
F1,0,20000,3.818,1,6,0.191791,0.191168,0.0281376,0.00228323,-0.00244034,-0.0279821,0.0860987,-0.00602387,0.0862995,0.010973,0.00150951,0.00177199,0.00985889,0.00990671,0.0640153,0.0193494,0.0189428,0.00683391,0.00678607,3.61784E-07,3.60875E-07,0.00385252,0.00383292,0.0158613,0,0.0183705,0,0.191782,0.191787,3.78509,3.23333
F2,0,20000,3.818,1,6,0.214137,0.213207,0.0146032,0.0145084,-0.0145255,-0.0145907,0.0866598,-0.00618661,0.0862967,0.0109829,0.00150951,0.00177269,0.0098593,0.00990705,0.0640152,0.019352,0.0189406,0.00476267,0.00476266,2.46448E-07,2.47042E-07,0.00384733,0.00383294,1.67524E-07,0,5.97022E-05,0,0.214137,0.214137,3.78602,3.23333
B,0,20000,3.818,1,6,0.214165,0.213234,0.0145888,0.0145225,-0.0145363,-0.0145807,0.0866604,-0.00618667,0.0862966,0.0109829,0.00150951,0.00177269,0.0098593,0.00990705,0.0640152,0.019352,0.0189406,0.00476266,0.00476265,2.46431E-07,2.47024E-07,0.00384733,0.00383294,7.24388E-08,0,3.92588E-05,0,0.214164,0.214165,3.78602,3.23333
A,10,1000,3.818,0.25,0,0.213593,0.213174,0.0147542,0.0143564,-0.0143803,-0.0147335,0.0865488,-0.00641376,0.0864043,0.010983,0.00150942,0.0017756,0.0098607,0.00990866,0.0640872,0.0193162,0.0189068,0.0047626,0.0047636,2.45859E-07,2.4603E-07,0.00384448,0.00383301,0,0,0,0,0.213593,0.213593,3.80026,3.22477
F1,10,1000,3.818,0.25,0,0.21384,0.21293,0.0147536,0.0143574,-0.0143809,-0.0147324,0.0866545,-0.00641368,0.0862967,0.0109829,0.00150942,0.00177556,0.00986062,0.0099086,0.0640145,0.0193525,0.0189424,0.00476273,0.0047634,2.45796E-07,2.46088E-07,0.00384435,0.00383295,3.53903E-06,0,0.000274406,0,0.21384,0.21384,3.78253,3.22477
F2,10,1000,3.818,0.25,0,0.214137,0.213207,0.014603,0.0145092,-0.0145296,-0.0145826,0.0866606,-0.00641647,0.0862967,0.0109829,0.00150942,0.00177556,0.00986062,0.00990861,0.0640145,0.0193525,0.0189424,0.00476266,0.00476268,2.45633E-07,2.45894E-07,0.00384436,0.00383295,1.67395E-07,0,5.96791E-05,0,0.214138,0.214138,3.78254,3.22477
B,10,1000,3.818,0.25,0,0.213424,0.211979,0.015248,0.0138371,-0.0138907,-0.0152529,0.0868593,-0.00640879,0.0860788,0.0109823,0.00150946,0.00177545,0.00986087,0.00990889,0.064058,0.0193333,0.0189202,0.004759,0.00477789,2.45692E-07,2.47158E-07,0.0038438,0.00383289,4.47268E-08,0,3.08486E-05,0,0.213423,0.213423,2.93408,3.22477
A,10,1000,3.818,0.25,1,0.213593,0.213175,0.0147542,0.0143564,-0.0143804,-0.0147335,0.0865486,-0.00641376,0.0864045,0.010983,0.00150942,0.0017756,0.00986071,0.00990865,0.0640874,0.0193161,0.0189067,0.0047626,0.0047636,2.4586E-07,2.46029E-07,0.00384448,0.00383301,0,0,0,0,0.213592,0.213593,3.80006,3.87443
F1,10,1000,3.818,0.25,1,0.269895,0.268882,0.0651183,-2.86551E-07,3.27814E-07,-0.0651232,0.08518,-0.00571017,0.0862937,0.0107898,0.00150935,0.00177513,0.0098607,0.00990837,0.0640145,0.0193491,0.0189457,0.0248344,0.0248499,1.29871E-06,1.30136E-06,0.00386856,0.00383288,0.101897,0,0.0465621,0,0.269451,0.269657,3.78104,3.87443
F2,10,1000,3.818,0.25,1,0.269895,0.268882,0.0651183,-2.86551E-07,3.27814E-07,-0.0651232,0.08518,-0.00571017,0.0862937,0.0107898,0.00150935,0.00177513,0.0098607,0.00990837,0.0640145,0.0193491,0.0189457,0.0248344,0.0248499,1.29871E-06,1.30136E-06,0.00386856,0.00383288,0.101897,0,0.0465621,0,0.269451,0.269657,3.78104,3.87443
B,10,1000,3.818,0.25,1,0.243938,0.242182,0.0522313,-8.89406E-08,8.93112E-08,-0.0522968,0.0859655,-0.00586139,0.0860718,0.0108719,0.00150942,0.00177512,0.009861,0.00990873,0.064058,0.0193329,0.0189206,0.0165907,0.0166351,8.53045E-07,8.57528E-07,0.00385892,0.00383285,0.0628657,0,0.0365728,0,0.243614,0.243764,2.93098,3.87443
A,10,1000,3.818,0.25,2,0.213593,0.213174,0.0147542,0.0143564,-0.0143804,-0.0147335,0.0865487,-0.00641376,0.0864044,0.010983,0.00150942,0.0017756,0.0098607,0.00990865,0.0640873,0.0193161,0.0189068,0.0047626,0.0047636,2.45859E-07,2.46029E-07,0.00384448,0.00383301,0,0,0,0,0.213593,0.213593,3.80018,3.47649
F1,10,1000,3.818,0.25,2,0.269853,0.268923,0.0651214,-2.85298E-07,3.24646E-07,-0.0651261,0.0851797,-0.00571016,0.0862931,0.0107897,0.00150935,0.00177512,0.00986071,0.00990837,0.0640144,0.0193492,0.0189457,0.0248329,0.0248536,1.29865E-06,1.30155E-06,0.00386848,0.00383288,0.101902,0,0.0465631,0,0.269446,0.269573,3.78118,3.47649
F2,10,1000,3.818,0.25,2,0.214137,0.213208,0.014603,0.0145092,-0.0145296,-0.0145826,0.0866605,-0.00641647,0.0862968,0.0109829,0.00150942,0.00177556,0.00986063,0.0099086,0.0640146,0.0193525,0.0189424,0.00476266,0.00476268,2.45633E-07,2.45893E-07,0.00384436,0.00383295,1.67359E-07,0,5.96727E-05,0,0.214137,0.214137,3.78245,3.47649
B,10,1000,3.818,0.25,2,0.213424,0.211979,0.0152479,0.0138371,-0.0138908,-0.0152529,0.0868593,-0.00640879,0.0860789,0.0109823,0.00150946,0.00177545,0.00986088,0.00990888,0.0640581,0.0193333,0.0189201,0.004759,0.00477789,2.45692E-07,2.47157E-07,0.00384381,0.00383289,4.47172E-08,0,3.08453E-05,0,0.213422,0.213423,2.93393,3.47649
A,10,1000,3.818,0.25,4,0.213593,0.213174,0.0147542,0.0143564,-0.0143803,-0.0147335,0.0865488,-0.00641376,0.0864043,0.010983,0.00150942,0.0017756,0.0098607,0.00990866,0.0640872,0.0193162,0.0189068,0.0047626,0.0047636,2.45859E-07,2.4603E-07,0.00384448,0.00383301,0,0,0,0,0.213593,0.213593,3.80026,3.37104
F1,10,1000,3.818,0.25,4,0.21384,0.21293,0.0147536,0.0143574,-0.0143809,-0.0147324,0.0866545,-0.00641368,0.0862967,0.0109829,0.00150942,0.00177556,0.00986062,0.0099086,0.0640145,0.0193525,0.0189424,0.00476273,0.0047634,2.45796E-07,2.46088E-07,0.00384435,0.00383295,3.53891E-06,0,0.000274401,0,0.21384,0.21384,3.78252,3.37104
F2,10,1000,3.818,0.25,4,0.214137,0.213207,0.014603,0.0145092,-0.0145296,-0.0145826,0.0866606,-0.00641647,0.0862967,0.0109829,0.00150942,0.00177556,0.00986062,0.0099086,0.0640145,0.0193525,0.0189424,0.00476266,0.00476268,2.45633E-07,2.45894E-07,0.00384436,0.00383295,1.67389E-07,0,5.96781E-05,0,0.214138,0.214138,3.78254,3.37104
B,10,1000,3.818,0.25,4,0.24387,0.242259,0.052232,-9.06741E-08,8.50968E-08,-0.0522976,0.0859647,-0.00586141,0.0860708,0.0108718,0.00150943,0.00177509,0.00986102,0.00990874,0.0640579,0.0193329,0.0189206,0.0165889,0.0166407,8.52963E-07,8.57812E-07,0.00385879,0.00383285,0.0628716,0,0.0365745,0,0.243607,0.243628,2.93109,3.37104
A,10,1000,3.818,0.25,5,0.213593,0.213174,0.0147542,0.0143564,-0.0143804,-0.0147335,0.0865487,-0.00641376,0.0864044,0.010983,0.00150942,0.0017756,0.0098607,0.00990865,0.0640873,0.0193161,0.0189068,0.0047626,0.0047636,2.45859E-07,2.46029E-07,0.00384448,0.00383301,0,0,0,0,0.213593,0.213593,3.8002,3.4082
F1,10,1000,3.818,0.25,5,0.244805,0.243933,0.056911,-2.20332E-07,2.38465E-07,-0.056915,0.0853726,-0.00580225,0.0862933,0.0108418,0.00150936,0.00177523,0.00986073,0.00990837,0.0640144,0.0193491,0.0189458,0.0193591,0.0193645,1.01006E-06,1.01177E-06,0.00386284,0.00383289,0.0778266,0,0.0406926,0,0.244525,0.244602,3.78116,3.4082
F2,10,1000,3.818,0.25,5,0.214137,0.213208,0.014603,0.0145092,-0.0145296,-0.0145826,0.0866605,-0.00641647,0.0862968,0.0109829,0.00150942,0.00177556,0.00986063,0.0099086,0.0640146,0.0193525,0.0189424,0.00476266,0.00476268,2.45633E-07,2.45893E-07,0.00384436,0.00383295,1.67364E-07,0,5.96737E-05,0,0.214137,0.214137,3.78247,3.4082
B,10,1000,3.818,0.25,5,0.213424,0.211979,0.0152479,0.0138371,-0.0138908,-0.0152529,0.0868593,-0.00640879,0.0860789,0.0109823,0.00150946,0.00177545,0.00986088,0.00990888,0.064058,0.0193333,0.0189201,0.004759,0.00477789,2.45692E-07,2.47157E-07,0.00384381,0.00383289,4.47187E-08,0,3.08458E-05,0,0.213422,0.213423,2.93396,3.4082
A,10,1000,3.818,0.5,0,0.213592,0.213173,0.0147546,0.014356,-0.01438,-0.0147339,0.0865488,-0.00641375,0.0864043,0.010983,0.00150942,0.0017756,0.0098607,0.00990866,0.0640872,0.0193162,0.0189068,0.0047626,0.00476361,2.45859E-07,2.4603E-07,0.00384448,0.00383301,0,0,0,0,0.213593,0.213593,3.80026,3.22476
F1,10,1000,3.818,0.5,0,0.21384,0.21293,0.0147536,0.0143574,-0.0143809,-0.0147324,0.0866545,-0.00641368,0.0862967,0.0109829,0.00150942,0.00177556,0.00986062,0.0099086,0.0640145,0.0193525,0.0189424,0.00476273,0.0047634,2.45796E-07,2.46088E-07,0.00384435,0.00383295,3.53903E-06,0,0.000274406,0,0.21384,0.21384,3.78253,3.22476
F2,10,1000,3.818,0.5,0,0.214137,0.213207,0.014603,0.0145092,-0.0145296,-0.0145826,0.0866606,-0.00641647,0.0862967,0.0109829,0.00150942,0.00177556,0.00986062,0.00990861,0.0640145,0.0193525,0.0189424,0.00476266,0.00476268,2.45633E-07,2.45894E-07,0.00384436,0.00383295,1.67395E-07,0,5.96791E-05,0,0.214138,0.214138,3.78254,3.22476
B,10,1000,3.818,0.5,0,0.210385,0.208752,0.0159497,0.0131297,-0.0132138,-0.0159362,0.0867977,-0.00637517,0.0860309,0.0109807,0.00150942,0.0017754,0.00986101,0.00990862,0.0640419,0.0193399,0.018929,0.00477432,0.00479597,2.48856E-07,2.50538E-07,0.00384365,0.00383264,1.78683E-07,0,6.16586E-05,0,0.21038,0.21038,5.91646,3.22476
A,10,1000,3.818,0.5,1,0.213592,0.213174,0.0147546,0.014356,-0.01438,-0.0147339,0.0865486,-0.00641375,0.0864045,0.010983,0.00150942,0.0017756,0.00986071,0.00990865,0.0640874,0.0193161,0.0189067,0.0047626,0.00476361,2.4586E-07,2.46029E-07,0.00384448,0.00383301,0,0,0,0,0.213592,0.213592,3.80008,4.32947
F1,10,1000,3.818,0.5,1,0.269887,0.26889,0.0651187,-2.84983E-07,3.25721E-07,-0.0651234,0.0851799,-0.00571018,0.0862936,0.0107898,0.00150935,0.00177513,0.0098607,0.00990837,0.0640145,0.0193491,0.0189457,0.0248341,0.0248507,1.2987E-06,1.3014E-06,0.00386854,0.00383288,0.101898,0,0.0465623,0,0.269449,0.26964,3.78107,4.32947
F2,10,1000,3.818,0.5,1,0.269887,0.26889,0.0651187,-2.84983E-07,3.25721E-07,-0.0651234,0.0851799,-0.00571018,0.0862936,0.0107898,0.00150935,0.00177513,0.0098607,0.00990837,0.0640145,0.0193491,0.0189457,0.0248341,0.0248507,1.2987E-06,1.3014E-06,0.00386854,0.00383288,0.101898,0,0.0465623,0,0.269449,0.26964,3.78107,4.32947
B,10,1000,3.818,0.5,1,0.332006,0.327619,0.104335,-9.34065E-07,1.00533E-06,-0.1044,0.082804,-0.00521522,0.0860418,0.010501,0.00150926,0.00177408,0.00986064,0.00990872,0.0640418,0.0193363,0.0189324,0.0618476,0.0620215,3.46196E-06,3.48295E-06,0.00391036,0.00383245,0.251083,0,0.0730903,0,0.331222,0.331566,5.90878,4.32947
A,10,1000,3.818,0.5,2,0.213592,0.213174,0.0147546,0.014356,-0.01438,-0.0147339,0.0865487,-0.00641375,0.0864044,0.010983,0.00150942,0.0017756,0.0098607,0.00990865,0.0640873,0.0193161,0.0189068,0.0047626,0.00476361,2.4586E-07,2.4603E-07,0.00384448,0.00383301,0,0,0,0,0.213592,0.213592,3.80018,3.47648
F1,10,1000,3.818,0.5,2,0.269853,0.268922,0.0651214,-2.85294E-07,3.24655E-07,-0.0651261,0.0851797,-0.00571016,0.0862931,0.0107897,0.00150935,0.00177512,0.00986071,0.00990837,0.0640144,0.0193492,0.0189457,0.0248329,0.0248536,1.29865E-06,1.30155E-06,0.00386848,0.00383288,0.101902,0,0.046563,0,0.269446,0.269573,3.78118,3.47648
F2,10,1000,3.818,0.5,2,0.214137,0.213208,0.014603,0.0145092,-0.0145296,-0.0145826,0.0866605,-0.00641647,0.0862968,0.0109829,0.00150942,0.00177556,0.00986063,0.0099086,0.0640146,0.0193525,0.0189424,0.00476266,0.00476268,2.45633E-07,2.45893E-07,0.00384436,0.00383295,1.67359E-07,0,5.96727E-05,0,0.214137,0.214137,3.78245,3.47648
B,10,1000,3.818,0.5,2,0.210385,0.208753,0.0159496,0.0131297,-0.0132138,-0.0159361,0.0867976,-0.00637517,0.0860311,0.0109807,0.00150942,0.00177541,0.00986101,0.00990861,0.0640419,0.0193399,0.018929,0.00477432,0.00479596,2.48856E-07,2.50536E-07,0.00384366,0.00383264,1.78645E-07,0,6.16519E-05,0,0.210379,0.210381,5.91616,3.47648
A,10,1000,3.818,0.5,4,0.213592,0.213173,0.0147546,0.014356,-0.01438,-0.0147339,0.0865488,-0.00641375,0.0864043,0.010983,0.00150942,0.0017756,0.0098607,0.00990866,0.0640872,0.0193162,0.0189068,0.0047626,0.00476361,2.45859E-07,2.4603E-07,0.00384448,0.00383301,0,0,0,0,0.213593,0.213593,3.80026,3.82607
F1,10,1000,3.818,0.5,4,0.21384,0.21293,0.0147536,0.0143574,-0.0143809,-0.0147324,0.0866545,-0.00641368,0.0862967,0.0109829,0.00150942,0.00177556,0.00986062,0.0099086,0.0640145,0.0193525,0.0189424,0.00476273,0.0047634,2.45796E-07,2.46088E-07,0.00384435,0.00383295,3.53903E-06,0,0.000274406,0,0.21384,0.21384,3.78253,3.82607
F2,10,1000,3.818,0.5,4,0.214137,0.213207,0.014603,0.0145092,-0.0145296,-0.0145826,0.0866606,-0.00641647,0.0862967,0.0109829,0.00150942,0.00177556,0.00986062,0.00990861,0.0640145,0.0193525,0.0189424,0.00476266,0.00476268,2.45633E-07,2.45894E-07,0.00384436,0.00383295,1.67395E-07,0,5.96791E-05,0,0.214138,0.214138,3.78254,3.82607
B,10,1000,3.818,0.5,4,0.33182,0.327785,0.104336,-1.1123E-06,1.42911E-06,-0.1044,0.0828026,-0.00521538,0.0860391,0.0105007,0.00150926,0.00177403,0.00986067,0.00990874,0.0640417,0.0193363,0.0189324,0.0618392,0.0620422,3.46165E-06,3.48411E-06,0.0039101,0.00383245,0.251107,0,0.0730938,0,0.33119,0.331211,5.90907,3.82607
A,10,1000,3.818,0.5,5,0.213592,0.213174,0.0147546,0.014356,-0.01438,-0.0147339,0.0865487,-0.00641375,0.0864044,0.010983,0.00150942,0.0017756,0.0098607,0.00990865,0.0640873,0.0193161,0.0189068,0.0047626,0.00476361,2.4586E-07,2.4603E-07,0.00384448,0.00383301,0,0,0,0,0.213592,0.213592,3.8002,3.40819
F1,10,1000,3.818,0.5,5,0.244805,0.243933,0.056911,-2.20334E-07,2.38461E-07,-0.056915,0.0853726,-0.00580225,0.0862933,0.0108418,0.00150936,0.00177523,0.00986073,0.00990837,0.0640144,0.0193491,0.0189458,0.0193591,0.0193645,1.01006E-06,1.01176E-06,0.00386284,0.00383289,0.0778266,0,0.0406926,0,0.244525,0.244603,3.78116,3.40819
F2,10,1000,3.818,0.5,5,0.214137,0.213208,0.014603,0.0145092,-0.0145296,-0.0145826,0.0866605,-0.00641647,0.0862968,0.0109829,0.00150942,0.00177556,0.00986063,0.0099086,0.0640146,0.0193525,0.0189424,0.00476266,0.00476268,2.45633E-07,2.45893E-07,0.00384436,0.00383295,1.67364E-07,0,5.96736E-05,0,0.214137,0.214137,3.78247,3.40819
B,10,1000,3.818,0.5,5,0.210385,0.208753,0.0159496,0.0131297,-0.0132138,-0.0159362,0.0867976,-0.00637517,0.086031,0.0109807,0.00150942,0.00177541,0.00986101,0.00990861,0.0640419,0.0193399,0.018929,0.00477432,0.00479596,2.48856E-07,2.50536E-07,0.00384366,0.00383264,1.78651E-07,0,6.16529E-05,0,0.210379,0.210381,5.91621,3.40819
A,10,1000,3.818,0.79,0,0.213591,0.213172,0.0147553,0.0143553,-0.0143793,-0.0147346,0.0865488,-0.00641374,0.0864043,0.010983,0.00150942,0.0017756,0.0098607,0.00990866,0.0640872,0.0193162,0.0189068,0.0047626,0.00476361,2.4586E-07,2.46031E-07,0.00384448,0.00383301,0,0,0,0,0.213591,0.213591,3.80026,3.22474
F1,10,1000,3.818,0.79,0,0.21384,0.21293,0.0147536,0.0143574,-0.0143809,-0.0147324,0.0866545,-0.00641368,0.0862967,0.0109829,0.00150942,0.00177556,0.00986062,0.0099086,0.0640145,0.0193525,0.0189424,0.00476273,0.0047634,2.45796E-07,2.46088E-07,0.00384435,0.00383295,3.53903E-06,0,0.000274406,0,0.21384,0.21384,3.78253,3.22474
F2,10,1000,3.818,0.79,0,0.214137,0.213207,0.014603,0.0145092,-0.0145296,-0.0145826,0.0866606,-0.00641647,0.0862967,0.0109829,0.00150942,0.00177556,0.00986062,0.00990861,0.0640145,0.0193525,0.0189424,0.00476266,0.00476268,2.45633E-07,2.45894E-07,0.00384436,0.00383295,1.67395E-07,0,5.96791E-05,0,0.214138,0.214138,3.78254,3.22474
B,10,1000,3.818,0.79,0,0.204178,0.202418,0.0167662,0.012307,-0.0124267,-0.0167312,0.0866035,-0.00633533,0.0860065,0.0109776,0.00150932,0.00177534,0.00986129,0.00990806,0.0640247,0.0193455,0.0189392,0.00480663,0.00483058,2.55384E-07,2.57252E-07,0.0038435,0.00383217,4.46811E-07,0,9.75019E-05,0,0.204166,0.204166,9.38581,3.22474
A,10,1000,3.818,0.79,1,0.213591,0.213173,0.0147553,0.0143553,-0.0143793,-0.0147346,0.0865486,-0.00641374,0.0864045,0.010983,0.00150942,0.0017756,0.00986071,0.00990865,0.0640874,0.0193161,0.0189067,0.0047626,0.00476361,2.45861E-07,2.4603E-07,0.00384448,0.00383301,0,0,0,0,0.21359,0.213591,3.80009,4.89069
F1,10,1000,3.818,0.79,1,0.269887,0.26889,0.0651187,-2.86179E-07,3.2631E-07,-0.0651234,0.0851799,-0.00571018,0.0862936,0.0107898,0.00150935,0.00177513,0.0098607,0.00990837,0.0640145,0.0193491,0.0189457,0.0248341,0.0248507,1.2987E-06,1.3014E-06,0.00386854,0.00383288,0.101898,0,0.0465623,0,0.26945,0.26964,3.78107,4.89069
F2,10,1000,3.818,0.79,1,0.269887,0.26889,0.0651187,-2.86179E-07,3.2631E-07,-0.0651234,0.0851799,-0.00571018,0.0862936,0.0107898,0.00150935,0.00177513,0.0098607,0.00990837,0.0640145,0.0193491,0.0189457,0.0248341,0.0248507,1.2987E-06,1.3014E-06,0.00386854,0.00383288,0.101898,0,0.0465623,0,0.26945,0.26964,3.78107,4.89069
B,10,1000,3.818,0.79,1,0.332935,0.326115,0.164683,-1.44267E-06,2.51743E-06,-0.163798,0.0755669,-0.00435456,0.0861268,0.00999156,0.00150943,0.00177207,0.00983969,0.00992799,0.0640309,0.0192848,0.0189931,0.153206,0.153181,9.81659E-06,9.83908E-06,0.00403476,0.00383169,0.625655,0,0.115377,0,0.331503,0.332135,9.37064,4.89069
A,10,1000,3.818,0.79,2,0.213591,0.213172,0.0147553,0.0143553,-0.0143793,-0.0147346,0.0865487,-0.00641374,0.0864044,0.010983,0.00150942,0.0017756,0.0098607,0.00990865,0.0640873,0.0193161,0.0189068,0.0047626,0.00476361,2.45861E-07,2.46031E-07,0.00384448,0.00383301,0,0,0,0,0.213591,0.213591,3.80018,3.47647
F1,10,1000,3.818,0.79,2,0.269854,0.268922,0.0651213,-2.85285E-07,3.24674E-07,-0.0651261,0.0851797,-0.00571016,0.0862931,0.0107897,0.00150935,0.00177512,0.00986071,0.00990837,0.0640144,0.0193492,0.0189457,0.0248329,0.0248536,1.29865E-06,1.30155E-06,0.00386848,0.00383288,0.101902,0,0.046563,0,0.269446,0.269574,3.78118,3.47647
F2,10,1000,3.818,0.79,2,0.214137,0.213208,0.014603,0.0145092,-0.0145296,-0.0145826,0.0866605,-0.00641647,0.0862968,0.0109829,0.00150942,0.00177556,0.00986063,0.0099086,0.0640146,0.0193525,0.0189424,0.00476266,0.00476268,2.45633E-07,2.45893E-07,0.00384436,0.00383295,1.67359E-07,0,5.96726E-05,0,0.214137,0.214137,3.78244,3.47647
B,10,1000,3.818,0.79,2,0.20418,0.20242,0.0167661,0.012307,-0.0124268,-0.0167311,0.0866034,-0.00633532,0.0860068,0.0109776,0.00150932,0.00177534,0.0098613,0.00990805,0.0640248,0.0193455,0.0189391,0.00480663,0.00483056,2.55384E-07,2.57248E-07,0.00384351,0.00383217,4.46714E-07,0,9.74913E-05,0,0.204165,0.20417,9.38533,3.47647
A,10,1000,3.818,0.79,4,0.213591,0.213172,0.0147553,0.0143553,-0.0143793,-0.0147346,0.0865488,-0.00641374,0.0864043,0.010983,0.00150942,0.0017756,0.0098607,0.00990866,0.0640872,0.0193162,0.0189068,0.0047626,0.00476361,2.4586E-07,2.46031E-07,0.00384448,0.00383301,0,0,0,0,0.213591,0.213591,3.80026,4.38732
F1,10,1000,3.818,0.79,4,0.21384,0.21293,0.0147536,0.0143574,-0.0143809,-0.0147324,0.0866545,-0.00641368,0.0862967,0.0109829,0.00150942,0.00177556,0.00986062,0.0099086,0.0640145,0.0193525,0.0189424,0.00476273,0.0047634,2.45796E-07,2.46088E-07,0.00384435,0.00383295,3.53903E-06,0,0.000274406,0,0.21384,0.21384,3.78253,4.38732
F2,10,1000,3.818,0.79,4,0.214137,0.213207,0.014603,0.0145092,-0.0145296,-0.0145826,0.0866606,-0.00641647,0.0862967,0.0109829,0.00150942,0.00177556,0.00986062,0.00990861,0.0640145,0.0193525,0.0189424,0.00476266,0.00476268,2.45633E-07,2.45894E-07,0.00384436,0.00383295,1.67395E-07,0,5.96791E-05,0,0.214138,0.214138,3.78254,4.38732
B,10,1000,3.818,0.79,4,0.332532,0.326185,0.164683,-1.88525E-06,1.80218E-06,-0.163804,0.0755635,-0.00435456,0.0861225,0.00999109,0.00150944,0.00177199,0.00983973,0.00992803,0.0640308,0.0192848,0.0189932,0.153188,0.153232,9.81621E-06,9.84236E-06,0.00403434,0.00383169,0.625715,0,0.115382,0,0.331389,0.331427,9.37106,4.38732
A,10,1000,3.818,0.79,5,0.213591,0.213172,0.0147553,0.0143553,-0.0143793,-0.0147346,0.0865487,-0.00641374,0.0864044,0.010983,0.00150942,0.0017756,0.0098607,0.00990865,0.0640873,0.0193161,0.0189068,0.0047626,0.00476361,2.4586E-07,2.46031E-07,0.00384448,0.00383301,0,0,0,0,0.213591,0.213591,3.8002,3.40817
F1,10,1000,3.818,0.79,5,0.244805,0.243932,0.056911,-2.2034E-07,2.38452E-07,-0.056915,0.0853726,-0.00580225,0.0862933,0.0108418,0.00150936,0.00177523,0.00986073,0.00990837,0.0640144,0.0193491,0.0189458,0.0193591,0.0193645,1.01006E-06,1.01176E-06,0.00386284,0.00383289,0.0778266,0,0.0406926,0,0.244525,0.244603,3.78116,3.40817
F2,10,1000,3.818,0.79,5,0.214137,0.213208,0.014603,0.0145092,-0.0145296,-0.0145826,0.0866605,-0.00641647,0.0862968,0.0109829,0.00150942,0.00177556,0.00986063,0.0099086,0.0640146,0.0193525,0.0189424,0.00476266,0.00476268,2.45633E-07,2.45893E-07,0.00384436,0.00383295,1.67364E-07,0,5.96736E-05,0,0.214137,0.214137,3.78247,3.40817
B,10,1000,3.818,0.79,5,0.20418,0.20242,0.0167661,0.012307,-0.0124268,-0.0167312,0.0866034,-0.00633532,0.0860067,0.0109776,0.00150932,0.00177534,0.0098613,0.00990805,0.0640248,0.0193455,0.0189391,0.00480663,0.00483056,2.55384E-07,2.57249E-07,0.00384351,0.00383217,4.46728E-07,0,9.74929E-05,0,0.204165,0.204169,9.38542,3.40817
A,10,1000,3.818,1,0,0.21359,0.213171,0.014756,0.0143546,-0.0143786,-0.0147353,0.0865487,-0.00641373,0.0864043,0.010983,0.00150942,0.0017756,0.0098607,0.00990866,0.0640872,0.0193162,0.0189068,0.0047626,0.00476362,2.45861E-07,2.46032E-07,0.00384448,0.00383301,0,0,0,0,0.21359,0.21359,3.80026,3.22473
F1,10,1000,3.818,1,0,0.21384,0.21293,0.0147536,0.0143574,-0.0143809,-0.0147324,0.0866545,-0.00641368,0.0862966,0.0109829,0.00150942,0.00177556,0.00986062,0.0099086,0.0640145,0.0193525,0.0189424,0.00476273,0.0047634,2.45796E-07,2.46088E-07,0.00384435,0.00383295,3.53904E-06,0,0.000274406,0,0.21384,0.21384,3.78253,3.22473
F2,10,1000,3.818,1,0,0.214137,0.213207,0.014603,0.0145092,-0.0145296,-0.0145826,0.0866606,-0.00641647,0.0862967,0.0109829,0.00150942,0.00177556,0.00986062,0.00990861,0.0640145,0.0193525,0.0189424,0.00476266,0.00476268,2.45633E-07,2.45894E-07,0.00384436,0.00383295,1.67395E-07,0,5.96792E-05,0,0.214138,0.214138,3.78254,3.22473
B,10,1000,3.818,1,0,0.197847,0.196055,0.0173613,0.0117076,-0.0118535,-0.0173107,0.086378,-0.00630554,0.0860101,0.0109745,0.00150922,0.00177529,0.00986158,0.00990747,0.0640134,0.0193482,0.0189465,0.00484002,0.004865,2.62139E-07,2.64104E-07,0.00384341,0.0038317,7.183E-07,0,0.000123624,0,0.197826,0.197827,11.9141,3.22473
A,10,1000,3.818,1,1,0.21359,0.213171,0.014756,0.0143546,-0.0143786,-0.0147353,0.0865487,-0.00641372,0.0864043,0.010983,0.00150942,0.0017756,0.0098607,0.00990866,0.0640872,0.0193162,0.0189068,0.0047626,0.00476362,2.45861E-07,2.46032E-07,0.00384448,0.00383301,0,0,0,0,0.213588,0.213589,3.80026,5.16701
F1,10,1000,3.818,1,1,0.269797,0.26896,0.0651258,-3.21633E-07,4.27642E-07,-0.0651309,0.0851793,-0.00571011,0.0862923,0.0107896,0.00150935,0.0017751,0.00986072,0.00990838,0.0640143,0.0193492,0.0189458,0.0248316,0.0248579,1.29859E-06,1.30178E-06,0.0038684,0.00383288,0.101906,0,0.0465641,0,0.269047,0.269878,3.7813,5.16701
F2,10,1000,3.818,1,1,0.269797,0.26896,0.0651258,-3.21633E-07,4.27642E-07,-0.0651309,0.0851793,-0.00571011,0.0862923,0.0107896,0.00150935,0.0017751,0.00986072,0.00990838,0.0640143,0.0193492,0.0189458,0.0248316,0.0248579,1.29859E-06,1.30178E-06,0.0038684,0.00383288,0.101906,0,0.0465641,0,0.269047,0.269878,3.7813,5.16701
B,10,1000,3.818,1,1,0.300477,0.286608,0.203299,-2.8491E-06,5.53639E-06,-0.200086,0.0597102,-0.00158836,0.0850714,0.00879817,0.00141439,0.00165112,0.00966843,0.00980508,0.0631707,0.0182646,0.0193794,0.211895,0.212775,1.44132E-05,1.45534E-05,0.00415503,0.00361832,0.868171,0,0.13591,0,0.297375,0.300752,10.7373,5.16701
A,10,1000,3.818,1,2,0.213589,0.213171,0.014756,0.0143546,-0.0143786,-0.0147353,0.0865486,-0.00641372,0.0864044,0.010983,0.00150942,0.0017756,0.0098607,0.00990865,0.0640873,0.0193161,0.0189068,0.0047626,0.00476362,2.45861E-07,2.46032E-07,0.00384448,0.00383301,0,0,0,0,0.213589,0.21359,3.80018,3.47646
F1,10,1000,3.818,1,2,0.269854,0.268922,0.0651213,-2.85275E-07,3.24699E-07,-0.065126,0.0851797,-0.00571016,0.0862931,0.0107897,0.00150935,0.00177512,0.00986071,0.00990837,0.0640144,0.0193492,0.0189457,0.0248329,0.0248536,1.29865E-06,1.30155E-06,0.00386848,0.00383288,0.101901,0,0.046563,0,0.269446,0.269574,3.78118,3.47646
F2,10,1000,3.818,1,2,0.214137,0.213208,0.014603,0.0145092,-0.0145296,-0.0145826,0.0866605,-0.00641647,0.0862968,0.0109829,0.00150942,0.00177556,0.00986063,0.0099086,0.0640146,0.0193525,0.0189424,0.00476266,0.00476268,2.45633E-07,2.45893E-07,0.00384436,0.00383295,1.67358E-07,0,5.96726E-05,0,0.214137,0.214137,3.78244,3.47646
B,10,1000,3.818,1,2,0.19785,0.196059,0.0173611,0.0117077,-0.0118537,-0.0173105,0.0863779,-0.00630553,0.0860105,0.0109746,0.00150922,0.00177529,0.00986159,0.00990746,0.0640135,0.0193482,0.0189465,0.00484001,0.00486497,2.62137E-07,2.64097E-07,0.00384343,0.0038317,7.18142E-07,0,0.000123611,0,0.197825,0.197833,11.9135,3.47646
A,10,1000,3.818,1,4,0.213589,0.213172,0.014756,0.0143545,-0.0143786,-0.0147353,0.0865485,-0.0064137,0.0864046,0.010983,0.00150942,0.0017756,0.00986071,0.00990864,0.0640874,0.0193161,0.0189067,0.0047626,0.00476361,2.45862E-07,2.4603E-07,0.00384449,0.00383301,0,0,0,0,0.213589,0.213589,3.80026,4.66345
F1,10,1000,3.818,1,4,0.213839,0.212931,0.0147536,0.0143574,-0.0143809,-0.0147324,0.0866544,-0.00641368,0.086297,0.0109829,0.00150941,0.00177556,0.00986064,0.00990859,0.0640147,0.0193524,0.0189423,0.00476273,0.0047634,2.45797E-07,2.46085E-07,0.00384436,0.00383295,3.53671E-06,0,0.000274315,0,0.213839,0.21384,3.78254,4.66345
F2,10,1000,3.818,1,4,0.214136,0.213208,0.014603,0.0145092,-0.0145296,-0.0145826,0.0866604,-0.00641647,0.086297,0.0109829,0.00150941,0.00177556,0.00986064,0.00990859,0.0640147,0.0193525,0.0189423,0.00476266,0.00476268,2.45634E-07,2.45892E-07,0.00384437,0.00383295,1.67285E-07,0,5.96594E-05,0,0.214136,0.214137,3.78255,4.66345
B,10,1000,3.818,1,4,0.30133,0.286596,0.203128,-6.76166E-06,1.47725E-05,-0.200166,0.0597328,-0.00160154,0.0850819,0.00880028,0.00141443,0.00165136,0.00966864,0.00980486,0.0631711,0.0182659,0.0193783,0.211954,0.212656,1.44147E-05,1.45492E-05,0.00415601,0.00361847,0.86807,0,0.135902,0,0.299999,0.299829,10.7379,4.66345
A,10,1000,3.818,1,5,0.213589,0.213171,0.014756,0.0143546,-0.0143786,-0.0147353,0.0865486,-0.00641372,0.0864044,0.010983,0.00150942,0.0017756,0.0098607,0.00990865,0.0640873,0.0193161,0.0189068,0.0047626,0.00476362,2.45861E-07,2.46032E-07,0.00384448,0.00383301,0,0,0,0,0.213589,0.21359,3.8002,3.40816
F1,10,1000,3.818,1,5,0.244806,0.243932,0.056911,-2.20347E-07,2.38442E-07,-0.0569149,0.0853726,-0.00580225,0.0862933,0.0108418,0.00150936,0.00177523,0.00986073,0.00990837,0.0640144,0.0193491,0.0189458,0.0193591,0.0193645,1.01006E-06,1.01176E-06,0.00386284,0.00383289,0.0778265,0,0.0406926,0,0.244525,0.244604,3.78116,3.40816
F2,10,1000,3.818,1,5,0.214137,0.213208,0.014603,0.0145092,-0.0145296,-0.0145826,0.0866605,-0.00641647,0.0862968,0.0109829,0.00150942,0.00177556,0.00986063,0.0099086,0.0640146,0.0193525,0.0189424,0.00476266,0.00476268,2.45633E-07,2.45893E-07,0.00384436,0.00383295,1.67364E-07,0,5.96736E-05,0,0.214137,0.214137,3.78246,3.40816
B,10,1000,3.818,1,5,0.197849,0.196058,0.0173612,0.0117076,-0.0118536,-0.0173105,0.0863779,-0.00630553,0.0860104,0.0109746,0.00150922,0.00177529,0.00986159,0.00990746,0.0640134,0.0193482,0.0189465,0.00484002,0.00486498,2.62137E-07,2.64098E-07,0.00384343,0.0038317,7.18165E-07,0,0.000123613,0,0.197825,0.197832,11.9136,3.40816
A,10,20000,3.818,0.25,0,0.213593,0.213174,0.0147541,0.0143562,-0.0143797,-0.014735,0.0865479,-0.00618595,0.0864042,0.010983,0.00150953,0.00177272,0.00985935,0.00990712,0.0640879,0.0193156,0.018905,0.0047626,0.0047636,2.46689E-07,2.47202E-07,0.00384745,0.003833,0,0,0,0,0.213593,0.213593,3.79911,3.22476
F1,10,20000,3.818,0.25,0,0.213847,0.212921,0.0147543,0.0143579,-0.0143797,-0.0147335,0.0866537,-0.00618578,0.0862966,0.0109828,0.00150952,0.00177269,0.00985927,0.00990706,0.0640152,0.019352,0.0189407,0.00476309,0.00476304,2.46643E-07,2.47243E-07,0.00384734,0.00383294,3.54204E-06,0,0.000274523,0,0.213847,0.213847,3.78493,3.22476
F2,10,20000,3.818,0.25,0,0.214137,0.213206,0.0146031,0.0145085,-0.0145255,-0.0145907,0.0866597,-0.00618656,0.0862966,0.0109829,0.00150952,0.00177269,0.00985928,0.00990707,0.0640152,0.019352,0.0189406,0.00476267,0.00476266,2.46446E-07,2.47044E-07,0.00384732,0.00383294,1.67532E-07,0,5.97036E-05,0,0.214137,0.214137,3.78494,3.22476
B,10,20000,3.818,0.25,0,0.213436,0.21199,0.0152446,0.0138401,-0.0138949,-0.0152485,0.0868594,-0.0062379,0.0860785,0.0109823,0.00150953,0.00177367,0.00986005,0.00990793,0.0640584,0.0193298,0.0189223,0.00475895,0.00477783,2.46251E-07,2.47953E-07,0.00384565,0.00383288,4.41821E-08,0,3.06602E-05,0,0.213435,0.213435,2.91243,3.22476
A,10,20000,3.818,0.25,1,0.213592,0.213174,0.0147544,0.0143562,-0.0143797,-0.0147351,0.0865479,-0.00618605,0.0864043,0.010983,0.00150952,0.00177272,0.00985939,0.00990708,0.064088,0.0193157,0.0189049,0.0047626,0.0047636,2.46692E-07,2.47199E-07,0.00384747,0.003833,0,0,0,0,0.213592,0.213592,3.80197,4.23134
F1,10,20000,3.818,0.25,1,0.298077,0.296366,0.080228,-3.04058E-05,3.73025E-05,-0.0802555,0.0843413,-0.00540619,0.0863047,0.010685,0.00150959,0.00176846,0.00985455,0.00990778,0.0640166,0.0193386,0.018951,0.0370105,0.0370039,2.00701E-06,2.01544E-06,0.00389264,0.00383283,0.154712,0,0.0573738,0,0.298102,0.298088,3.78342,4.23134
F2,10,20000,3.818,0.25,1,0.298077,0.296366,0.080228,-3.04058E-05,3.73025E-05,-0.0802555,0.0843413,-0.00540619,0.0863047,0.010685,0.00150959,0.00176846,0.00985455,0.00990778,0.0640166,0.0193386,0.018951,0.0370105,0.0370039,2.00701E-06,2.01544E-06,0.00389264,0.00383283,0.154712,0,0.0573738,0,0.298102,0.298088,3.78342,4.23134
B,10,20000,3.818,0.25,1,0.269071,0.266502,0.0636704,-1.44221E-05,1.80643E-05,-0.0637406,0.0854894,-0.00561979,0.0860771,0.0107992,0.00150953,0.00177117,0.00985846,0.00990736,0.0640589,0.0193257,0.018925,0.0238573,0.023897,1.25766E-06,1.26649E-06,0.00387302,0.00383282,0.0936582,0,0.04464,0,0.269103,0.269085,2.90136,4.23134
A,10,20000,3.818,0.25,2,0.213592,0.213174,0.0147544,0.0143562,-0.0143797,-0.0147351,0.086548,-0.00618609,0.0864043,0.010983,0.00150952,0.00177272,0.00985939,0.00990708,0.064088,0.0193157,0.0189049,0.0047626,0.0047636,2.46692E-07,2.47198E-07,0.00384747,0.003833,0,0,0,0,0.213592,0.213592,3.802,3.60789
F1,10,20000,3.818,0.25,2,0.298099,0.296347,0.0802353,-2.93758E-05,2.94459E-05,-0.0802588,0.0843423,-0.00540529,0.0863046,0.0106853,0.00150957,0.00176837,0.00985487,0.00990757,0.0640165,0.0193393,0.0189505,0.0370104,0.0370023,2.00694E-06,2.01516E-06,0.00389266,0.00383283,0.154714,0,0.0573742,0,0.298126,0.298109,3.78282,3.60789
F2,10,20000,3.818,0.25,2,0.214137,0.213207,0.0146032,0.0145084,-0.0145255,-0.0145906,0.0866598,-0.00618672,0.0862967,0.0109829,0.00150951,0.00177269,0.00985932,0.00990703,0.0640153,0.019352,0.0189405,0.00476267,0.00476266,2.4645E-07,2.47041E-07,0.00384734,0.00383294,1.67519E-07,0,5.97013E-05,0,0.214136,0.214137,3.78554,3.60789
B,10,20000,3.818,0.25,2,0.213436,0.21199,0.015244,0.0138411,-0.0138942,-0.0152495,0.0868596,-0.00623815,0.0860785,0.0109823,0.00150952,0.00177367,0.00986008,0.0099079,0.0640584,0.0193298,0.0189223,0.00475895,0.00477783,2.46253E-07,2.47951E-07,0.00384567,0.00383288,4.41787E-08,0,3.0659E-05,0,0.213434,0.213436,2.91681,3.60789
A,10,20000,3.818,0.25,4,0.213593,0.213174,0.0147541,0.0143562,-0.0143797,-0.014735,0.0865479,-0.00618595,0.0864042,0.010983,0.00150953,0.00177272,0.00985935,0.00990711,0.0640879,0.0193156,0.018905,0.0047626,0.0047636,2.46689E-07,2.47202E-07,0.00384745,0.003833,0,0,0,0,0.213593,0.213593,3.79911,3.46498
F1,10,20000,3.818,0.25,4,0.213847,0.212921,0.0147543,0.0143579,-0.0143797,-0.0147335,0.0866537,-0.00618577,0.0862966,0.0109828,0.00150952,0.00177269,0.00985928,0.00990706,0.0640152,0.019352,0.0189406,0.00476309,0.00476304,2.46643E-07,2.47244E-07,0.00384734,0.00383294,3.54205E-06,0,0.000274523,0,0.213847,0.213847,3.78493,3.46498
F2,10,20000,3.818,0.25,4,0.214137,0.213206,0.0146031,0.0145085,-0.0145255,-0.0145907,0.0866597,-0.00618656,0.0862966,0.0109829,0.00150952,0.00177269,0.00985928,0.00990706,0.0640152,0.019352,0.0189406,0.00476267,0.00476266,2.46447E-07,2.47044E-07,0.00384732,0.00383294,1.67532E-07,0,5.97036E-05,0,0.214137,0.214137,3.78495,3.46498
B,10,20000,3.818,0.25,4,0.269102,0.266572,0.0635774,-1.86745E-05,1.69451E-05,-0.0636465,0.0854901,-0.00561612,0.086077,0.0107993,0.00150954,0.00177117,0.00985844,0.00990738,0.0640589,0.0193257,0.0189251,0.0238576,0.0238976,1.25777E-06,1.26657E-06,0.00387305,0.00383282,0.0936654,0,0.0446417,0,0.269122,0.26912,2.90058,3.46498
A,10,20000,3.818,0.25,5,0.213592,0.213174,0.0147543,0.0143562,-0.0143797,-0.0147351,0.086548,-0.00618607,0.0864043,0.010983,0.00150952,0.00177272,0.00985939,0.00990708,0.064088,0.0193157,0.0189049,0.0047626,0.0047636,2.46693E-07,2.47199E-07,0.00384747,0.003833,0,0,0,0,0.213592,0.213592,3.80199,3.4856
F1,10,20000,3.818,0.25,5,0.261425,0.259968,0.0662049,-1.78634E-05,2.04423E-05,-0.0662119,0.0848823,-0.00556309,0.0862997,0.0107812,0.00150953,0.00176953,0.00985673,0.00990664,0.064016,0.0193436,0.0189471,0.0256278,0.0256159,1.37316E-06,1.37845E-06,0.00387846,0.00383286,0.10531,0,0.0473354,0,0.26144,0.261429,3.78339,3.4856
F2,10,20000,3.818,0.25,5,0.214137,0.213207,0.0146032,0.0145084,-0.0145255,-0.0145906,0.0866598,-0.0061867,0.0862967,0.0109829,0.00150951,0.00177269,0.00985931,0.00990703,0.0640153,0.019352,0.0189405,0.00476267,0.00476266,2.46451E-07,2.47041E-07,0.00384734,0.00383294,1.6752E-07,0,5.97014E-05,0,0.214136,0.214137,3.78568,3.4856
B,10,20000,3.818,0.25,5,0.213436,0.21199,0.0152439,0.0138412,-0.0138942,-0.0152494,0.0868596,-0.00623818,0.0860785,0.0109823,0.00150952,0.00177367,0.00986008,0.0099079,0.0640584,0.0193298,0.0189223,0.00475895,0.00477783,2.46254E-07,2.47951E-07,0.00384566,0.00383288,4.41789E-08,0,3.06591E-05,0,0.213434,0.213436,2.91668,3.4856
A,10,20000,3.818,0.5,0,0.213592,0.213173,0.0147545,0.0143559,-0.0143793,-0.0147354,0.0865479,-0.00618595,0.0864042,0.010983,0.00150953,0.00177272,0.00985935,0.00990712,0.0640879,0.0193156,0.018905,0.0047626,0.0047636,2.46689E-07,2.47202E-07,0.00384745,0.003833,0,0,0,0,0.213592,0.213592,3.79912,3.22476
F1,10,20000,3.818,0.5,0,0.213847,0.212921,0.0147543,0.0143579,-0.0143797,-0.0147335,0.0866537,-0.00618578,0.0862966,0.0109828,0.00150952,0.00177269,0.00985927,0.00990706,0.0640152,0.019352,0.0189407,0.00476309,0.00476304,2.46643E-07,2.47243E-07,0.00384734,0.00383294,3.54204E-06,0,0.000274523,0,0.213847,0.213847,3.78494,3.22476
F2,10,20000,3.818,0.5,0,0.214137,0.213206,0.0146031,0.0145085,-0.0145255,-0.0145907,0.0866597,-0.00618656,0.0862966,0.0109829,0.00150952,0.00177269,0.00985928,0.00990707,0.0640152,0.019352,0.0189406,0.00476267,0.00476266,2.46446E-07,2.47044E-07,0.00384732,0.00383294,1.67532E-07,0,5.97036E-05,0,0.214137,0.214137,3.78495,3.22476
B,10,20000,3.818,0.5,0,0.210431,0.208799,0.0159426,0.0131354,-0.0132219,-0.0159274,0.0867976,-0.00603387,0.0860311,0.0109807,0.00150968,0.00176829,0.00985718,0.00990534,0.0640437,0.0193247,0.0189387,0.00477416,0.00479573,2.51153E-07,2.53777E-07,0.00385114,0.00383263,1.76501E-07,0,6.1281E-05,0,0.210429,0.210429,5.87319,3.22476
A,10,20000,3.818,0.5,1,0.213592,0.213174,0.0147547,0.0143559,-0.0143795,-0.0147354,0.0865479,-0.00618599,0.0864043,0.010983,0.00150952,0.00177272,0.00985938,0.00990709,0.064088,0.0193157,0.0189049,0.0047626,0.0047636,2.46692E-07,2.47201E-07,0.00384746,0.003833,0,0,0,0,0.213592,0.213592,3.80165,4.7971
F1,10,20000,3.818,0.5,1,0.298114,0.296315,0.0802173,-3.37481E-05,3.0455E-05,-0.0802453,0.0843413,-0.0054023,0.0863048,0.0106852,0.00150959,0.00176845,0.00985456,0.00990779,0.0640166,0.0193386,0.018951,0.037011,0.0370033,2.00718E-06,2.01546E-06,0.00389266,0.00383283,0.154716,0,0.0573744,0,0.298137,0.298125,3.7839,4.7971
F2,10,20000,3.818,0.5,1,0.298114,0.296315,0.0802173,-3.37481E-05,3.0455E-05,-0.0802453,0.0843413,-0.0054023,0.0863048,0.0106852,0.00150959,0.00176845,0.00985456,0.00990779,0.0640166,0.0193386,0.018951,0.037011,0.0370033,2.00718E-06,2.01546E-06,0.00389266,0.00383283,0.154716,0,0.0573744,0,0.298137,0.298125,3.7839,4.7971
B,10,20000,3.818,0.5,1,0.347641,0.343826,0.126615,-4.19097E-05,3.53957E-05,-0.127099,0.0805869,-0.00473907,0.0862204,0.0103257,0.00151099,0.00175732,0.00979992,0.00995097,0.0640623,0.0191913,0.0190487,0.0907768,0.0906365,5.38244E-06,5.4029E-06,0.00397349,0.00383243,0.369473,0,0.0886631,0,0.347708,0.347678,5.84918,4.7971
A,10,20000,3.818,0.5,2,0.213592,0.213174,0.0147547,0.0143558,-0.0143793,-0.0147355,0.0865479,-0.00618608,0.0864043,0.010983,0.00150952,0.00177272,0.00985939,0.00990708,0.064088,0.0193157,0.0189049,0.0047626,0.0047636,2.46693E-07,2.47199E-07,0.00384747,0.003833,0,0,0,0,0.213591,0.213592,3.802,3.60788
F1,10,20000,3.818,0.5,2,0.298099,0.296346,0.0802354,-2.93961E-05,2.94927E-05,-0.0802588,0.0843423,-0.00540527,0.0863046,0.0106853,0.00150957,0.00176837,0.00985487,0.00990757,0.0640165,0.0193393,0.0189505,0.0370104,0.0370023,2.00694E-06,2.01516E-06,0.00389266,0.00383283,0.154714,0,0.0573742,0,0.298126,0.298109,3.78282,3.60788
F2,10,20000,3.818,0.5,2,0.214137,0.213207,0.0146032,0.0145084,-0.0145255,-0.0145906,0.0866598,-0.00618672,0.0862967,0.0109829,0.00150951,0.00177269,0.00985932,0.00990703,0.0640153,0.019352,0.0189405,0.00476267,0.00476266,2.4645E-07,2.47041E-07,0.00384734,0.00383294,1.67519E-07,0,5.97012E-05,0,0.214136,0.214137,3.78554,3.60788
B,10,20000,3.818,0.5,2,0.210432,0.2088,0.0159419,0.0131378,-0.0132207,-0.0159296,0.0867981,-0.00603422,0.086031,0.0109807,0.00150967,0.00176829,0.00985723,0.00990528,0.0640437,0.0193248,0.0189385,0.00477416,0.00479572,2.51159E-07,2.53772E-07,0.00385118,0.00383263,1.76488E-07,0,6.12786E-05,0,0.210427,0.21043,5.88187,3.60788
A,10,20000,3.818,0.5,4,0.213592,0.213174,0.0147547,0.0143558,-0.0143792,-0.0147355,0.086548,-0.00618617,0.0864044,0.010983,0.00150952,0.00177272,0.0098594,0.00990707,0.0640881,0.0193157,0.0189049,0.0047626,0.0047636,2.46693E-07,2.47198E-07,0.00384748,0.003833,0,0,0,0,0.213591,0.213592,3.80181,4.03104
F1,10,20000,3.818,0.5,4,0.213847,0.212921,0.0147544,0.0143576,-0.0143794,-0.0147334,0.0866539,-0.00618618,0.0862968,0.0109829,0.00150951,0.00177269,0.00985932,0.00990701,0.0640153,0.019352,0.0189405,0.00476309,0.00476304,2.46647E-07,2.47239E-07,0.00384737,0.00383294,3.54171E-06,0,0.00027451,0,0.213846,0.213847,3.78482,4.03104
F2,10,20000,3.818,0.5,4,0.214137,0.213207,0.0146032,0.0145084,-0.0145255,-0.0145906,0.0866599,-0.00618682,0.0862967,0.0109829,0.00150951,0.00177269,0.00985932,0.00990702,0.0640153,0.0193521,0.0189405,0.00476267,0.00476266,2.46451E-07,2.4704E-07,0.00384735,0.00383294,1.67516E-07,0,5.97007E-05,0,0.214136,0.214137,3.78483,4.03104
B,10,20000,3.818,0.5,4,0.348015,0.344241,0.126671,-6.94649E-05,6.10527E-05,-0.127064,0.0805896,-0.00474796,0.0862203,0.0103257,0.00151098,0.00175735,0.00979995,0.00995089,0.0640623,0.0191914,0.0190486,0.0907793,0.0906357,5.38125E-06,5.40099E-06,0.00397364,0.00383243,0.369446,0,0.0886598,0,0.348102,0.348043,5.84808,4.03104
A,10,20000,3.818,0.5,5,0.213592,0.213174,0.0147547,0.0143559,-0.0143793,-0.0147355,0.0865479,-0.00618607,0.0864043,0.010983,0.00150952,0.00177272,0.00985939,0.00990708,0.064088,0.0193157,0.0189049,0.0047626,0.0047636,2.46693E-07,2.472E-07,0.00384747,0.003833,0,0,0,0,0.213591,0.213592,3.80199,3.48559
F1,10,20000,3.818,0.5,5,0.261425,0.259967,0.0662049,-1.78559E-05,2.04363E-05,-0.0662119,0.0848823,-0.00556309,0.0862997,0.0107812,0.00150953,0.00176953,0.00985673,0.00990664,0.064016,0.0193436,0.0189471,0.0256278,0.0256159,1.37316E-06,1.37845E-06,0.00387846,0.00383286,0.10531,0,0.0473353,0,0.26144,0.261429,3.78338,3.48559
F2,10,20000,3.818,0.5,5,0.214137,0.213207,0.0146032,0.0145084,-0.0145255,-0.0145906,0.0866598,-0.0061867,0.0862967,0.0109829,0.00150951,0.00177269,0.00985931,0.00990703,0.0640153,0.019352,0.0189405,0.00476267,0.00476266,2.46451E-07,2.47041E-07,0.00384734,0.00383294,1.6752E-07,0,5.97014E-05,0,0.214136,0.214137,3.78567,3.48559
B,10,20000,3.818,0.5,5,0.210432,0.2088,0.0159417,0.0131376,-0.0132209,-0.0159295,0.0867981,-0.00603428,0.086031,0.0109807,0.00150968,0.00176829,0.00985723,0.00990529,0.0640437,0.0193248,0.0189385,0.00477416,0.00479572,2.5116E-07,2.53773E-07,0.00385117,0.00383263,1.76488E-07,0,6.12787E-05,0,0.210427,0.21043,5.88159,3.48559
A,10,20000,3.818,0.79,0,0.213591,0.213172,0.0147552,0.0143552,-0.0143787,-0.0147361,0.0865478,-0.00618594,0.0864042,0.010983,0.00150953,0.00177272,0.00985935,0.00990711,0.0640879,0.0193156,0.018905,0.0047626,0.00476361,2.4669E-07,2.47204E-07,0.00384745,0.003833,0,0,0,0,0.213591,0.213591,3.79915,3.22474
F1,10,20000,3.818,0.79,0,0.213847,0.212921,0.0147543,0.0143579,-0.0143797,-0.0147335,0.0866537,-0.00618577,0.0862966,0.0109828,0.00150952,0.00177269,0.00985928,0.00990706,0.0640152,0.019352,0.0189407,0.00476309,0.00476304,2.46643E-07,2.47244E-07,0.00384734,0.00383294,3.54204E-06,0,0.000274523,0,0.213847,0.213847,3.78496,3.22474
F2,10,20000,3.818,0.79,0,0.214137,0.213206,0.0146031,0.0145085,-0.0145255,-0.0145907,0.0866597,-0.00618656,0.0862966,0.0109829,0.00150952,0.00177269,0.00985928,0.00990707,0.0640152,0.019352,0.0189406,0.00476267,0.00476266,2.46447E-07,2.47044E-07,0.00384732,0.00383294,1.67532E-07,0,5.97036E-05,0,0.214137,0.214137,3.78497,3.22474
B,10,20000,3.818,0.79,0,0.204247,0.202595,0.016754,0.0123151,-0.0124392,-0.0167187,0.0865746,-0.00579733,0.0860381,0.0109777,0.00151031,0.00175747,0.00984153,0.00990979,0.0640329,0.0192854,0.0189818,0.00480695,0.00482925,2.61496E-07,2.65751E-07,0.00386247,0.00383217,4.41186E-07,0,9.68863E-05,0,0.204242,0.204242,9.31734,3.22474
A,10,20000,3.818,0.79,1,0.21359,0.213173,0.0147556,0.0143548,-0.0143784,-0.0147362,0.0865478,-0.00618586,0.0864046,0.010983,0.00150951,0.00177272,0.00985941,0.00990706,0.0640882,0.0193156,0.0189048,0.0047626,0.0047636,2.46696E-07,2.47199E-07,0.00384748,0.003833,0,0,0,0,0.213589,0.213591,3.80197,5.43437
F1,10,20000,3.818,0.79,1,0.29804,0.296273,0.0802364,-2.91705E-05,3.29679E-05,-0.0802577,0.0843415,-0.00539324,0.0863049,0.0106851,0.00150958,0.00176842,0.00985472,0.00990765,0.0640167,0.0193389,0.0189506,0.03701,0.0370026,2.00731E-06,2.01557E-06,0.00389266,0.00383283,0.15471,0,0.0573729,0,0.298028,0.29808,3.78403,5.43437
F2,10,20000,3.818,0.79,1,0.29804,0.296273,0.0802364,-2.91705E-05,3.29679E-05,-0.0802577,0.0843415,-0.00539324,0.0863049,0.0106851,0.00150958,0.00176842,0.00985472,0.00990765,0.0640167,0.0193389,0.0189506,0.03701,0.0370026,2.00731E-06,2.01557E-06,0.00389266,0.00383283,0.15471,0,0.0573729,0,0.298028,0.29808,3.78403,5.43437
B,10,20000,3.818,0.79,1,0.282048,0.297222,0.192102,-0.000160844,0.000105379,-0.194341,0.0699128,-0.00275214,0.0872774,0.00972699,0.00151179,0.00174278,0.00943833,0.0102647,0.0641667,0.0182815,0.0198291,0.214599,0.212547,1.49872E-05,1.47674E-05,0.00422624,0.00383219,0.873358,0,0.136319,0,0.281893,0.282291,9.0193,5.43437
A,10,20000,3.818,0.79,2,0.21359,0.213172,0.0147554,0.0143551,-0.0143786,-0.0147362,0.0865479,-0.00618608,0.0864043,0.010983,0.00150952,0.00177272,0.00985939,0.00990708,0.064088,0.0193157,0.0189049,0.0047626,0.00476361,2.46694E-07,2.472E-07,0.00384747,0.003833,0,0,0,0,0.21359,0.21359,3.802,3.60787
F1,10,20000,3.818,0.79,2,0.298098,0.296344,0.0802354,-2.93832E-05,2.97852E-05,-0.080259,0.0843422,-0.00540525,0.0863046,0.0106853,0.00150957,0.00176837,0.00985487,0.00990757,0.0640165,0.0193393,0.0189505,0.0370104,0.0370023,2.00694E-06,2.01521E-06,0.00389266,0.00383283,0.154714,0,0.0573742,0,0.298125,0.298108,3.78281,3.60787
F2,10,20000,3.818,0.79,2,0.214137,0.213207,0.0146032,0.0145084,-0.0145255,-0.0145906,0.0866598,-0.00618672,0.0862967,0.0109829,0.00150951,0.00177269,0.00985932,0.00990703,0.0640153,0.019352,0.0189405,0.00476267,0.00476266,2.4645E-07,2.47041E-07,0.00384734,0.00383294,1.67519E-07,0,5.97012E-05,0,0.214136,0.214137,3.78553,3.60787
B,10,20000,3.818,0.79,2,0.204248,0.202596,0.016754,0.0123185,-0.0124379,-0.0167213,0.0865752,-0.00579652,0.0860381,0.0109777,0.0015103,0.00175748,0.00984156,0.00990974,0.064033,0.0192855,0.0189816,0.00480695,0.00482924,2.61506E-07,2.65742E-07,0.00386253,0.00383217,4.41151E-07,0,9.68824E-05,0,0.204239,0.204244,9.33086,3.60787
A,10,20000,3.818,0.79,4,0.213588,0.213174,0.0147556,0.014355,-0.0143783,-0.0147364,0.0865471,-0.0061858,0.0864052,0.010983,0.00150952,0.00177272,0.00985939,0.00990707,0.0640886,0.0193154,0.0189046,0.0047626,0.0047636,2.46695E-07,2.47199E-07,0.00384747,0.003833,0,0,0,0,0.213588,0.21359,3.80201,4.66803
F1,10,20000,3.818,0.79,4,0.213845,0.212923,0.0147544,0.0143576,-0.0143794,-0.0147335,0.086653,-0.00618573,0.0862976,0.0109829,0.00150951,0.00177269,0.00985932,0.00990702,0.0640158,0.0193517,0.0189402,0.0047631,0.00476304,2.46648E-07,2.47239E-07,0.00384736,0.00383294,3.54209E-06,0,0.000274494,0,0.213844,0.213846,3.78601,4.66803
F2,10,20000,3.818,0.79,4,0.214135,0.213209,0.0146032,0.0145084,-0.0145255,-0.0145907,0.086659,-0.00618653,0.0862976,0.0109829,0.00150951,0.00177269,0.00985932,0.00990702,0.0640158,0.0193518,0.0189402,0.00476268,0.00476265,2.46451E-07,2.4704E-07,0.00384734,0.00383294,1.67534E-07,0,5.96973E-05,0,0.214134,0.214136,3.78602,4.66803
B,10,20000,3.818,0.79,4,0.281917,0.297382,0.191898,-0.000131484,0.000106711,-0.194348,0.0697452,-0.00319696,0.0872761,0.00972837,0.00151165,0.00174269,0.00943912,0.0102639,0.0641666,0.0182829,0.0198276,0.214598,0.21255,1.49586E-05,1.47657E-05,0.00422618,0.00383218,0.873367,0,0.136309,0,0.28191,0.282014,9.01785,4.66803
A,10,20000,3.818,0.79,5,0.21359,0.213172,0.0147554,0.0143552,-0.0143786,-0.0147362,0.0865479,-0.00618607,0.0864043,0.010983,0.00150952,0.00177272,0.00985939,0.00990708,0.064088,0.0193157,0.0189049,0.0047626,0.00476361,2.46694E-07,2.47201E-07,0.00384747,0.003833,0,0,0,0,0.21359,0.21359,3.80199,3.48559
F1,10,20000,3.818,0.79,5,0.261396,0.259933,0.0662054,-1.80001E-05,1.96824E-05,-0.066213,0.0848821,-0.00556305,0.0862997,0.0107811,0.00150953,0.00176953,0.00985672,0.00990665,0.064016,0.0193436,0.0189471,0.0256278,0.025616,1.37317E-06,1.37864E-06,0.00387845,0.00383286,0.10531,0,0.0473353,0,0.261411,0.261402,3.78335,3.48559
F2,10,20000,3.818,0.79,5,0.214137,0.213207,0.0146032,0.0145084,-0.0145255,-0.0145906,0.0866598,-0.0061867,0.0862967,0.0109829,0.00150951,0.00177269,0.00985931,0.00990703,0.0640153,0.019352,0.0189405,0.00476267,0.00476266,2.46451E-07,2.47042E-07,0.00384734,0.00383294,1.6752E-07,0,5.97014E-05,0,0.214136,0.214137,3.78567,3.48559
B,10,20000,3.818,0.79,5,0.204247,0.202596,0.0167538,0.0123181,-0.0124381,-0.0167212,0.0865752,-0.00579648,0.0860382,0.0109777,0.00151031,0.00175749,0.00984155,0.00990975,0.064033,0.0192854,0.0189817,0.00480695,0.00482924,2.61513E-07,2.65745E-07,0.00386253,0.00383217,4.41153E-07,0,9.68827E-05,0,0.204239,0.204244,9.33045,3.48559
A,10,20000,3.818,1,0,0.213589,0.213171,0.0147559,0.0143545,-0.014378,-0.0147367,0.0865478,-0.00618594,0.0864042,0.010983,0.00150953,0.00177272,0.00985935,0.00990711,0.0640879,0.0193156,0.018905,0.0047626,0.00476361,2.46691E-07,2.47205E-07,0.00384745,0.003833,0,0,0,0,0.21359,0.21359,3.7992,3.22474
F1,10,20000,3.818,1,0,0.213847,0.212921,0.0147543,0.0143579,-0.0143797,-0.0147335,0.0866537,-0.00618577,0.0862966,0.0109828,0.00150952,0.00177269,0.00985928,0.00990706,0.0640152,0.019352,0.0189407,0.00476309,0.00476304,2.46643E-07,2.47244E-07,0.00384734,0.00383294,3.54204E-06,0,0.000274523,0,0.213847,0.213847,3.78499,3.22474
F2,10,20000,3.818,1,0,0.214137,0.213206,0.0146031,0.0145085,-0.0145255,-0.0145907,0.0866597,-0.00618656,0.0862966,0.0109829,0.00150952,0.00177269,0.00985928,0.00990707,0.0640152,0.019352,0.0189406,0.00476267,0.00476266,2.46447E-07,2.47044E-07,0.00384732,0.00383294,1.67532E-07,0,5.97035E-05,0,0.214137,0.214137,3.785,3.22474
B,10,20000,3.818,1,0,0.197792,0.196547,0.0173439,0.0117162,-0.011869,-0.0172977,0.0862282,-0.00562527,0.0861686,0.010975,0.00151165,0.00174673,0.00979464,0.00994443,0.0640388,0.0191734,0.0190799,0.00484298,0.0048603,2.72862E-07,2.78662E-07,0.00387438,0.00383176,7.0842E-07,0,0.000122771,0,0.197785,0.197786,11.8272,3.22474
A,10,20000,3.818,1,1,0.213589,0.213171,0.014757,0.0143535,-0.0143771,-0.0147377,0.0865481,-0.00618553,0.0864042,0.010983,0.00150952,0.00177272,0.00985939,0.00990708,0.0640879,0.0193157,0.0189049,0.0047626,0.00476361,2.46695E-07,2.47203E-07,0.00384747,0.003833,0,0,0,0,0.213588,0.213589,3.80199,5.66563
F1,10,20000,3.818,1,1,0.298022,0.296268,0.0802527,-2.28186E-05,3.08542E-05,-0.0802725,0.0843406,-0.00539169,0.0863046,0.0106849,0.00150958,0.00176842,0.00985466,0.00990769,0.0640165,0.0193389,0.0189508,0.0370164,0.0370088,2.008E-06,2.01616E-06,0.00389262,0.00383283,0.154739,0,0.0573643,0,0.298069,0.298016,3.78418,5.66563
F2,10,20000,3.818,1,1,0.298022,0.296268,0.0802527,-2.28186E-05,3.08542E-05,-0.0802725,0.0843406,-0.00539169,0.0863046,0.0106849,0.00150958,0.00176842,0.00985466,0.00990769,0.0640165,0.0193389,0.0189508,0.0370164,0.0370088,2.008E-06,2.01616E-06,0.00389262,0.00383283,0.154739,0,0.0573643,0,0.298069,0.298016,3.78418,5.66563
B,10,20000,3.818,1,1,0.25487,0.249701,0.19381,-0.000149178,0.000327754,-0.201282,0.0532248,-2.69994E-05,0.0861929,0.0085184,0.00136369,0.00156425,0.00908984,0.0101418,0.0632491,0.0166454,0.0206321,0.264322,0.269068,1.8989E-05,1.99236E-05,0.00469568,0.00359705,1.09117,0,0.152289,0,0.254943,0.254897,9.07374,5.66563
A,10,20000,3.818,1,2,0.213589,0.213171,0.0147561,0.0143544,-0.014378,-0.0147369,0.0865479,-0.00618608,0.0864043,0.010983,0.00150952,0.00177272,0.00985939,0.00990708,0.064088,0.0193157,0.0189049,0.0047626,0.00476361,2.46695E-07,2.47202E-07,0.00384747,0.003833,0,0,0,0,0.213589,0.213589,3.80199,3.60787
F1,10,20000,3.818,1,2,0.298085,0.296305,0.080237,-3.08469E-05,2.84288E-05,-0.0802579,0.0843421,-0.00540526,0.0863046,0.0106853,0.00150957,0.00176837,0.00985487,0.00990757,0.0640165,0.0193393,0.0189505,0.0370105,0.0370023,2.00714E-06,2.01524E-06,0.00389265,0.00383283,0.154714,0,0.0573742,0,0.298112,0.298096,3.78278,3.60787
F2,10,20000,3.818,1,2,0.214137,0.213207,0.0146032,0.0145084,-0.0145255,-0.0145906,0.0866598,-0.00618673,0.0862967,0.0109829,0.00150951,0.00177269,0.00985932,0.00990703,0.0640153,0.019352,0.0189405,0.00476267,0.00476266,2.46451E-07,2.47041E-07,0.00384734,0.00383294,1.67519E-07,0,5.97012E-05,0,0.214136,0.214137,3.78552,3.60787
B,10,20000,3.818,1,2,0.197793,0.196549,0.0173463,0.0117195,-0.0118678,-0.017299,0.0862289,-0.00562536,0.0861688,0.010975,0.00151165,0.00174677,0.00979461,0.00994441,0.0640389,0.0191733,0.0190798,0.00484299,0.00486028,2.72884E-07,2.78654E-07,0.00387446,0.00383176,7.08362E-07,0,0.000122766,0,0.197781,0.197789,11.8441,3.60787
A,10,20000,3.818,1,4,0.213589,0.213171,0.0147569,0.0143534,-0.0143769,-0.0147376,0.0865484,-0.00618563,0.0864043,0.010983,0.00150951,0.00177272,0.00985946,0.00990701,0.064088,0.0193158,0.0189047,0.0047626,0.00476361,2.46701E-07,2.47195E-07,0.00384751,0.003833,0,0,0,0,0.213589,0.213589,3.80201,4.89899
F1,10,20000,3.818,1,4,0.213847,0.212921,0.0147544,0.0143576,-0.0143793,-0.0147335,0.0866544,-0.00618573,0.0862967,0.0109829,0.0015095,0.00177269,0.00985938,0.00990696,0.0640152,0.0193522,0.0189404,0.00476309,0.00476304,2.46653E-07,2.47234E-07,0.0038474,0.00383294,3.54184E-06,0,0.000274447,0,0.213847,0.213847,3.78601,4.89899
F2,10,20000,3.818,1,4,0.214137,0.213207,0.0146032,0.0145084,-0.0145254,-0.0145908,0.0866604,-0.00618646,0.0862966,0.0109829,0.0015095,0.00177269,0.00985938,0.00990696,0.0640152,0.0193522,0.0189404,0.00476268,0.00476266,2.46457E-07,2.47035E-07,0.00384738,0.00383294,1.67522E-07,0,5.9687E-05,0,0.214137,0.214137,3.78602,4.89899
B,10,20000,3.818,1,4,0.254999,0.250228,0.193946,-0.000139428,0.000380504,-0.201359,0.053308,8.65695E-05,0.0862055,0.00852409,0.00136363,0.00156414,0.00909103,0.0101414,0.0632481,0.0166479,0.0206302,0.264332,0.269048,1.89848E-05,2.00682E-05,0.00469544,0.00359708,1.09116,0,0.152288,0,0.255076,0.255012,9.07572,4.89899
A,10,20000,3.818,1,5,0.213589,0.213171,0.0147561,0.0143544,-0.014378,-0.0147369,0.0865479,-0.00618606,0.0864043,0.010983,0.00150952,0.00177272,0.00985939,0.00990708,0.064088,0.0193157,0.0189049,0.0047626,0.00476361,2.46695E-07,2.47202E-07,0.00384747,0.003833,0,0,0,0,0.213589,0.213589,3.80199,3.48559
F1,10,20000,3.818,1,5,0.261386,0.259891,0.0662048,-1.80428E-05,2.0205E-05,-0.0662129,0.0848818,-0.00556372,0.0862998,0.010781,0.00150953,0.00176953,0.00985672,0.00990666,0.064016,0.0193436,0.0189471,0.0256281,0.0256161,1.37327E-06,1.37863E-06,0.00387842,0.00383286,0.105309,0,0.0473353,0,0.261402,0.261391,3.78334,3.48559
F2,10,20000,3.818,1,5,0.214137,0.213207,0.0146032,0.0145084,-0.0145255,-0.0145906,0.0866598,-0.0061867,0.0862967,0.0109829,0.00150951,0.00177269,0.00985931,0.00990703,0.0640153,0.019352,0.0189405,0.00476267,0.00476266,2.46451E-07,2.47042E-07,0.00384734,0.00383294,1.67519E-07,0,5.97014E-05,0,0.214136,0.214137,3.78565,3.48559
B,10,20000,3.818,1,5,0.197793,0.196549,0.017346,0.0117192,-0.0118681,-0.0172991,0.0862286,-0.00562519,0.0861691,0.010975,0.00151166,0.00174679,0.00979454,0.00994448,0.064039,0.0191732,0.0190799,0.00484299,0.00486028,2.72889E-07,2.78653E-07,0.00387445,0.00383176,7.08369E-07,0,0.000122767,0,0.197781,0.197788,11.8436,3.48559
A,3,1000,3.818,0.25,0,0.213593,0.213174,0.0147542,0.0143564,-0.0143803,-0.0147335,0.0865488,-0.00641376,0.0864043,0.010983,0.00150942,0.0017756,0.0098607,0.00990866,0.0640872,0.0193162,0.0189068,0.0047626,0.0047636,2.45859E-07,2.4603E-07,0.00384448,0.00383301,0,0,0,0,0.213593,0.213593,3.80026,3.22478
F1,3,1000,3.818,0.25,0,0.21384,0.21293,0.0147536,0.0143574,-0.0143809,-0.0147324,0.0866545,-0.00641368,0.0862967,0.0109829,0.00150942,0.00177556,0.00986062,0.0099086,0.0640145,0.0193525,0.0189424,0.00476273,0.0047634,2.45796E-07,2.46088E-07,0.00384435,0.00383295,3.53903E-06,0,0.000274406,0,0.21384,0.21384,3.78253,3.22478
F2,3,1000,3.818,0.25,0,0.214137,0.213207,0.014603,0.0145092,-0.0145296,-0.0145826,0.0866606,-0.00641647,0.0862967,0.0109829,0.00150942,0.00177556,0.00986062,0.00990861,0.0640145,0.0193525,0.0189424,0.00476266,0.00476268,2.45633E-07,2.45894E-07,0.00384436,0.00383295,1.67395E-07,0,5.96791E-05,0,0.214138,0.214138,3.78254,3.22478
B,3,1000,3.818,0.25,0,0.214039,0.21327,0.0146986,0.01441,-0.0144245,-0.0146955,0.0866731,-0.00643085,0.0863033,0.0109833,0.00150947,0.00177557,0.00986078,0.00990889,0.0640581,0.0193337,0.0189199,0.00476129,0.00476503,2.45239E-07,2.45667E-07,0.00384436,0.00383306,9.0878E-09,0,1.39053E-05,0,0.21404,0.21404,1.32262,3.22478
A,3,1000,3.818,0.25,1,0.213593,0.213175,0.0147542,0.0143564,-0.0143804,-0.0147335,0.0865487,-0.00641376,0.0864045,0.010983,0.00150942,0.0017756,0.00986071,0.00990865,0.0640874,0.0193161,0.0189067,0.0047626,0.0047636,2.4586E-07,2.46029E-07,0.00384448,0.00383301,0,0,0,0,0.213592,0.213593,3.80008,3.73478
F1,3,1000,3.818,0.25,1,0.269887,0.26889,0.0651187,-2.86688E-07,3.27633E-07,-0.0651234,0.08518,-0.00571018,0.0862936,0.0107898,0.00150935,0.00177513,0.0098607,0.00990837,0.0640145,0.0193491,0.0189457,0.0248341,0.0248506,1.2987E-06,1.3014E-06,0.00386854,0.00383288,0.101898,0,0.0465623,0,0.26945,0.269641,3.78107,3.73478
F2,3,1000,3.818,0.25,1,0.269887,0.26889,0.0651187,-2.86688E-07,3.27633E-07,-0.0651234,0.08518,-0.00571018,0.0862936,0.0107898,0.00150935,0.00177513,0.0098607,0.00990837,0.0640145,0.0193491,0.0189457,0.0248341,0.0248506,1.2987E-06,1.3014E-06,0.00386854,0.00383288,0.101898,0,0.0465623,0,0.26945,0.269641,3.78107,3.73478
B,3,1000,3.818,0.25,1,0.209213,0.208717,0.026755,0.0033209,-0.00346537,-0.026623,0.0865026,-0.0061901,0.086303,0.0109779,0.00150946,0.0017755,0.00986082,0.00990886,0.0640581,0.0193334,0.0189201,0.00644566,0.00642009,3.29154E-07,3.2828E-07,0.00384717,0.00383306,0.0127893,0,0.0164958,0,0.209047,0.20912,1.3218,3.73478
A,3,1000,3.818,0.25,2,0.213593,0.213174,0.0147542,0.0143564,-0.0143804,-0.0147335,0.0865487,-0.00641376,0.0864044,0.010983,0.00150942,0.0017756,0.0098607,0.00990865,0.0640873,0.0193161,0.0189068,0.0047626,0.0047636,2.45859E-07,2.46029E-07,0.00384448,0.00383301,0,0,0,0,0.213593,0.213593,3.80018,3.4765
F1,3,1000,3.818,0.25,2,0.269853,0.268923,0.0651214,-2.85298E-07,3.24646E-07,-0.0651261,0.0851797,-0.00571016,0.0862931,0.0107897,0.00150935,0.00177512,0.00986071,0.00990837,0.0640144,0.0193492,0.0189457,0.0248329,0.0248536,1.29865E-06,1.30155E-06,0.00386848,0.00383288,0.101902,0,0.0465631,0,0.269446,0.269573,3.78118,3.4765
F2,3,1000,3.818,0.25,2,0.214137,0.213208,0.014603,0.0145092,-0.0145296,-0.0145826,0.0866605,-0.00641647,0.0862968,0.0109829,0.00150942,0.00177556,0.00986063,0.0099086,0.0640146,0.0193525,0.0189424,0.00476266,0.00476268,2.45633E-07,2.45893E-07,0.00384436,0.00383295,1.67359E-07,0,5.96727E-05,0,0.214137,0.214137,3.78245,3.4765
B,3,1000,3.818,0.25,2,0.214039,0.21327,0.0146986,0.01441,-0.0144245,-0.0146955,0.0866731,-0.00643086,0.0863033,0.0109833,0.00150946,0.00177557,0.00986078,0.00990889,0.0640581,0.0193337,0.0189198,0.00476129,0.00476503,2.45239E-07,2.45666E-07,0.00384437,0.00383306,9.08585E-09,0,1.39038E-05,0,0.214039,0.214039,1.32258,3.4765
A,3,1000,3.818,0.25,4,0.213593,0.213174,0.0147542,0.0143564,-0.0143803,-0.0147335,0.0865488,-0.00641376,0.0864043,0.010983,0.00150942,0.0017756,0.0098607,0.00990866,0.0640872,0.0193162,0.0189068,0.0047626,0.0047636,2.45859E-07,2.4603E-07,0.00384448,0.00383301,0,0,0,0,0.213593,0.213593,3.80026,3.23135
F1,3,1000,3.818,0.25,4,0.21384,0.21293,0.0147536,0.0143574,-0.0143809,-0.0147324,0.0866545,-0.00641368,0.0862967,0.0109829,0.00150942,0.00177556,0.00986062,0.0099086,0.0640145,0.0193525,0.0189424,0.00476273,0.0047634,2.45796E-07,2.46088E-07,0.00384435,0.00383295,3.53903E-06,0,0.000274406,0,0.21384,0.21384,3.78253,3.23135
F2,3,1000,3.818,0.25,4,0.214137,0.213207,0.014603,0.0145092,-0.0145296,-0.0145826,0.0866606,-0.00641647,0.0862967,0.0109829,0.00150942,0.00177556,0.00986062,0.00990861,0.0640145,0.0193525,0.0189424,0.00476266,0.00476268,2.45633E-07,2.45894E-07,0.00384436,0.00383295,1.67395E-07,0,5.96791E-05,0,0.214138,0.214138,3.78254,3.23135
B,3,1000,3.818,0.25,4,0.209178,0.208748,0.026754,0.00332183,-0.00346622,-0.026622,0.0865024,-0.00619009,0.0863025,0.0109778,0.00150946,0.00177549,0.00986082,0.00990887,0.0640581,0.0193334,0.0189202,0.00644428,0.00642179,3.29085E-07,3.28366E-07,0.00384711,0.00383306,0.0127904,0,0.0164966,0,0.209044,0.209049,1.32189,3.23135
A,3,1000,3.818,0.25,5,0.213593,0.213174,0.0147542,0.0143564,-0.0143804,-0.0147335,0.0865487,-0.00641376,0.0864044,0.010983,0.00150942,0.0017756,0.0098607,0.00990865,0.0640873,0.0193161,0.0189068,0.0047626,0.0047636,2.45859E-07,2.46029E-07,0.00384448,0.00383301,0,0,0,0,0.213593,0.213593,3.8002,3.40821
F1,3,1000,3.818,0.25,5,0.244805,0.243933,0.056911,-2.20332E-07,2.38465E-07,-0.056915,0.0853726,-0.00580225,0.0862933,0.0108418,0.00150936,0.00177523,0.00986073,0.00990837,0.0640144,0.0193491,0.0189458,0.0193591,0.0193645,1.01006E-06,1.01177E-06,0.00386284,0.00383289,0.0778266,0,0.0406926,0,0.244525,0.244602,3.78116,3.40821
F2,3,1000,3.818,0.25,5,0.214137,0.213208,0.014603,0.0145092,-0.0145296,-0.0145826,0.0866605,-0.00641647,0.0862968,0.0109829,0.00150942,0.00177556,0.00986063,0.0099086,0.0640146,0.0193525,0.0189424,0.00476266,0.00476268,2.45633E-07,2.45893E-07,0.00384436,0.00383295,1.67364E-07,0,5.96737E-05,0,0.214137,0.214137,3.78247,3.40821
B,3,1000,3.818,0.25,5,0.214039,0.21327,0.0146986,0.01441,-0.0144245,-0.0146955,0.0866731,-0.00643086,0.0863033,0.0109833,0.00150946,0.00177557,0.00986078,0.00990889,0.0640581,0.0193337,0.0189198,0.00476129,0.00476503,2.45239E-07,2.45666E-07,0.00384437,0.00383306,9.08615E-09,0,1.3904E-05,0,0.214039,0.214039,1.32258,3.40821
A,3,1000,3.818,0.5,0,0.213592,0.213173,0.0147546,0.014356,-0.01438,-0.0147339,0.0865488,-0.00641375,0.0864043,0.010983,0.00150942,0.0017756,0.0098607,0.00990866,0.0640872,0.0193162,0.0189068,0.0047626,0.00476361,2.45859E-07,2.4603E-07,0.00384448,0.00383301,0,0,0,0,0.213593,0.213593,3.80026,3.22477
F1,3,1000,3.818,0.5,0,0.21384,0.21293,0.0147536,0.0143574,-0.0143809,-0.0147324,0.0866545,-0.00641368,0.0862967,0.0109829,0.00150942,0.00177556,0.00986062,0.0099086,0.0640145,0.0193525,0.0189424,0.00476273,0.0047634,2.45796E-07,2.46088E-07,0.00384435,0.00383295,3.53903E-06,0,0.000274406,0,0.21384,0.21384,3.78253,3.22477
F2,3,1000,3.818,0.5,0,0.214137,0.213207,0.014603,0.0145092,-0.0145296,-0.0145826,0.0866606,-0.00641647,0.0862967,0.0109829,0.00150942,0.00177556,0.00986062,0.00990861,0.0640145,0.0193525,0.0189424,0.00476266,0.00476268,2.45633E-07,2.45894E-07,0.00384436,0.00383295,1.67395E-07,0,5.96791E-05,0,0.214138,0.214138,3.78254,3.22477
B,3,1000,3.818,0.5,0,0.213821,0.212914,0.0148418,0.0142648,-0.0142893,-0.014831,0.0866885,-0.00641925,0.0862726,0.010983,0.00150945,0.00177556,0.00986076,0.00990882,0.0640421,0.0193409,0.0189281,0.00476152,0.00476594,2.45535E-07,2.46038E-07,0.00384429,0.003833,3.63059E-08,0,2.77933E-05,0,0.213821,0.213821,2.66708,3.22477
A,3,1000,3.818,0.5,1,0.213592,0.213174,0.0147546,0.014356,-0.01438,-0.0147339,0.0865486,-0.00641375,0.0864045,0.010983,0.00150942,0.0017756,0.00986071,0.00990865,0.0640874,0.0193161,0.0189067,0.0047626,0.00476361,2.4586E-07,2.46029E-07,0.00384448,0.00383301,0,0,0,0,0.213592,0.213592,3.80008,3.83114
F1,3,1000,3.818,0.5,1,0.269887,0.26889,0.0651187,-2.86902E-07,3.27278E-07,-0.0651234,0.0851799,-0.00571018,0.0862936,0.0107898,0.00150935,0.00177513,0.0098607,0.00990837,0.0640145,0.0193491,0.0189457,0.0248341,0.0248507,1.2987E-06,1.3014E-06,0.00386854,0.00383288,0.101898,0,0.0465623,0,0.26945,0.269641,3.78107,3.83114
F2,3,1000,3.818,0.5,1,0.269887,0.26889,0.0651187,-2.86902E-07,3.27278E-07,-0.0651234,0.0851799,-0.00571018,0.0862936,0.0107898,0.00150935,0.00177513,0.0098607,0.00990837,0.0640145,0.0193491,0.0189457,0.0248341,0.0248507,1.2987E-06,1.3014E-06,0.00386854,0.00383288,0.101898,0,0.0465623,0,0.26945,0.269641,3.78107,3.83114
B,3,1000,3.818,0.5,1,0.231226,0.23046,0.0465454,3.92583E-08,-6.56887E-08,-0.0465626,0.0859775,-0.00592738,0.0862666,0.0109058,0.00150942,0.00177531,0.00986085,0.00990869,0.0640421,0.0193397,0.0189292,0.0136109,0.0136146,6.96859E-07,6.98076E-07,0.00385622,0.00383297,0.0510943,0,0.0329714,0,0.230928,0.231059,2.66573,3.83114
A,3,1000,3.818,0.5,2,0.213592,0.213174,0.0147546,0.014356,-0.01438,-0.0147339,0.0865487,-0.00641375,0.0864044,0.010983,0.00150942,0.0017756,0.0098607,0.00990865,0.0640873,0.0193161,0.0189068,0.0047626,0.00476361,2.4586E-07,2.4603E-07,0.00384448,0.00383301,0,0,0,0,0.213592,0.213592,3.80018,3.47649
F1,3,1000,3.818,0.5,2,0.269853,0.268922,0.0651214,-2.85294E-07,3.24655E-07,-0.0651261,0.0851797,-0.00571016,0.0862931,0.0107897,0.00150935,0.00177512,0.00986071,0.00990837,0.0640144,0.0193492,0.0189457,0.0248329,0.0248536,1.29865E-06,1.30155E-06,0.00386848,0.00383288,0.101902,0,0.046563,0,0.269446,0.269573,3.78118,3.47649
F2,3,1000,3.818,0.5,2,0.214137,0.213208,0.014603,0.0145092,-0.0145296,-0.0145826,0.0866605,-0.00641647,0.0862968,0.0109829,0.00150942,0.00177556,0.00986063,0.0099086,0.0640146,0.0193525,0.0189424,0.00476266,0.00476268,2.45633E-07,2.45893E-07,0.00384436,0.00383295,1.67359E-07,0,5.96727E-05,0,0.214137,0.214137,3.78245,3.47649
B,3,1000,3.818,0.5,2,0.213821,0.212914,0.0148418,0.0142648,-0.0142893,-0.0148309,0.0866885,-0.00641925,0.0862727,0.010983,0.00150945,0.00177556,0.00986077,0.00990881,0.0640422,0.0193408,0.0189281,0.00476153,0.00476594,2.45536E-07,2.46038E-07,0.0038443,0.003833,3.62981E-08,0,2.77903E-05,0,0.21382,0.213821,2.66699,3.47649
A,3,1000,3.818,0.5,4,0.213592,0.213173,0.0147546,0.014356,-0.01438,-0.0147339,0.0865488,-0.00641375,0.0864043,0.010983,0.00150942,0.0017756,0.0098607,0.00990866,0.0640872,0.0193162,0.0189068,0.0047626,0.00476361,2.45859E-07,2.4603E-07,0.00384448,0.00383301,0,0,0,0,0.213593,0.213593,3.80026,3.32774
F1,3,1000,3.818,0.5,4,0.21384,0.21293,0.0147536,0.0143574,-0.0143809,-0.0147324,0.0866545,-0.00641368,0.0862967,0.0109829,0.00150942,0.00177556,0.00986062,0.0099086,0.0640145,0.0193525,0.0189424,0.00476273,0.0047634,2.45796E-07,2.46088E-07,0.00384435,0.00383295,3.53903E-06,0,0.000274406,0,0.21384,0.21384,3.78253,3.32774
F2,3,1000,3.818,0.5,4,0.214137,0.213207,0.014603,0.0145092,-0.0145296,-0.0145826,0.0866606,-0.00641647,0.0862967,0.0109829,0.00150942,0.00177556,0.00986062,0.00990861,0.0640145,0.0193525,0.0189424,0.00476266,0.00476268,2.45633E-07,2.45894E-07,0.00384436,0.00383295,1.67395E-07,0,5.96791E-05,0,0.214138,0.214138,3.78254,3.32774
B,3,1000,3.818,0.5,4,0.231162,0.230529,0.0465413,3.94196E-08,-6.4134E-08,-0.0465585,0.0859769,-0.00592734,0.0862657,0.0109057,0.00150942,0.00177529,0.00986086,0.0099087,0.064042,0.0193397,0.0189293,0.0136089,0.0136192,6.96766E-07,6.98309E-07,0.0038561,0.00383297,0.0510989,0,0.0329729,0,0.230923,0.230931,2.66593,3.32774
A,3,1000,3.818,0.5,5,0.213592,0.213174,0.0147546,0.014356,-0.01438,-0.0147339,0.0865487,-0.00641375,0.0864044,0.010983,0.00150942,0.0017756,0.0098607,0.00990865,0.0640873,0.0193161,0.0189068,0.0047626,0.00476361,2.4586E-07,2.4603E-07,0.00384448,0.00383301,0,0,0,0,0.213592,0.213592,3.8002,3.4082
F1,3,1000,3.818,0.5,5,0.244805,0.243933,0.056911,-2.20335E-07,2.38461E-07,-0.056915,0.0853726,-0.00580225,0.0862933,0.0108418,0.00150936,0.00177523,0.00986073,0.00990837,0.0640144,0.0193491,0.0189458,0.0193591,0.0193645,1.01006E-06,1.01176E-06,0.00386284,0.00383289,0.0778266,0,0.0406926,0,0.244525,0.244603,3.78116,3.4082
F2,3,1000,3.818,0.5,5,0.214137,0.213208,0.014603,0.0145092,-0.0145296,-0.0145826,0.0866605,-0.00641647,0.0862968,0.0109829,0.00150942,0.00177556,0.00986063,0.0099086,0.0640146,0.0193525,0.0189424,0.00476266,0.00476268,2.45633E-07,2.45893E-07,0.00384436,0.00383295,1.67364E-07,0,5.96736E-05,0,0.214137,0.214137,3.78247,3.4082
B,3,1000,3.818,0.5,5,0.213821,0.212914,0.0148418,0.0142648,-0.0142893,-0.0148309,0.0866885,-0.00641925,0.0862727,0.010983,0.00150945,0.00177556,0.00986077,0.00990881,0.0640421,0.0193408,0.0189281,0.00476153,0.00476594,2.45535E-07,2.46038E-07,0.00384429,0.003833,3.62992E-08,0,2.77907E-05,0,0.21382,0.213821,2.66701,3.4082
A,3,1000,3.818,0.79,0,0.213591,0.213172,0.0147553,0.0143553,-0.0143793,-0.0147346,0.0865488,-0.00641374,0.0864043,0.010983,0.00150942,0.0017756,0.0098607,0.00990866,0.0640872,0.0193162,0.0189068,0.0047626,0.00476361,2.4586E-07,2.46031E-07,0.00384448,0.00383301,0,0,0,0,0.213591,0.213591,3.80026,3.22475
F1,3,1000,3.818,0.79,0,0.21384,0.21293,0.0147536,0.0143574,-0.0143809,-0.0147324,0.0866545,-0.00641368,0.0862967,0.0109829,0.00150942,0.00177556,0.00986062,0.0099086,0.0640145,0.0193525,0.0189424,0.00476273,0.0047634,2.45796E-07,2.46088E-07,0.00384435,0.00383295,3.53903E-06,0,0.000274406,0,0.21384,0.21384,3.78253,3.22475
F2,3,1000,3.818,0.79,0,0.214137,0.213207,0.014603,0.0145092,-0.0145296,-0.0145826,0.0866606,-0.00641647,0.0862967,0.0109829,0.00150942,0.00177556,0.00986062,0.00990861,0.0640145,0.0193525,0.0189424,0.00476266,0.00476268,2.45633E-07,2.45894E-07,0.00384436,0.00383295,1.67395E-07,0,5.96791E-05,0,0.214138,0.214138,3.78254,3.22475
B,3,1000,3.818,0.79,0,0.213318,0.212266,0.015008,0.0140956,-0.0141317,-0.0149882,0.086688,-0.00640566,0.0862432,0.0109825,0.00150943,0.00177553,0.00986074,0.00990866,0.0640253,0.0193476,0.0189372,0.00476232,0.00476745,2.46166E-07,2.46747E-07,0.0038442,0.0038329,9.07863E-08,0,4.39503E-05,0,0.213318,0.213318,4.23118,3.22475
A,3,1000,3.818,0.79,1,0.213591,0.213173,0.0147553,0.0143553,-0.0143793,-0.0147346,0.0865486,-0.00641374,0.0864045,0.010983,0.00150942,0.0017756,0.00986071,0.00990865,0.0640874,0.0193161,0.0189067,0.0047626,0.00476361,2.45861E-07,2.4603E-07,0.00384448,0.00383301,0,0,0,0,0.21359,0.213591,3.80008,4.05288
F1,3,1000,3.818,0.79,1,0.269887,0.26889,0.0651187,-2.81431E-07,3.19734E-07,-0.0651234,0.0851799,-0.00571019,0.0862936,0.0107898,0.00150935,0.00177513,0.0098607,0.00990837,0.0640145,0.0193491,0.0189457,0.0248341,0.0248507,1.2987E-06,1.3014E-06,0.00386854,0.00383288,0.101898,0,0.0465623,0,0.26945,0.269641,3.78107,4.05288
F2,3,1000,3.818,0.79,1,0.269887,0.26889,0.0651187,-2.81431E-07,3.19734E-07,-0.0651234,0.0851799,-0.00571019,0.0862936,0.0107898,0.00150935,0.00177513,0.0098607,0.00990837,0.0640145,0.0193491,0.0189457,0.0248341,0.0248507,1.2987E-06,1.3014E-06,0.00386854,0.00383288,0.101898,0,0.0465623,0,0.26945,0.269641,3.78107,4.05288
B,3,1000,3.818,0.79,1,0.286555,0.285071,0.0735848,-3.97583E-07,4.79471E-07,-0.0736078,0.0847862,-0.00560772,0.0862417,0.0107313,0.00150934,0.00177494,0.00986084,0.0099084,0.0640253,0.0193447,0.01894,0.0313133,0.0313576,1.6581E-06,1.66335E-06,0.00387551,0.0038328,0.127766,0,0.0521385,0,0.286049,0.28627,4.22878,4.05288
A,3,1000,3.818,0.79,2,0.213591,0.213172,0.0147553,0.0143553,-0.0143793,-0.0147346,0.0865487,-0.00641374,0.0864044,0.010983,0.00150942,0.0017756,0.0098607,0.00990865,0.0640873,0.0193161,0.0189068,0.0047626,0.00476361,2.45861E-07,2.46031E-07,0.00384448,0.00383301,0,0,0,0,0.213591,0.213591,3.80018,3.47648
F1,3,1000,3.818,0.79,2,0.269854,0.268922,0.0651213,-2.85285E-07,3.24675E-07,-0.0651261,0.0851797,-0.00571016,0.0862931,0.0107897,0.00150935,0.00177512,0.00986071,0.00990837,0.0640144,0.0193492,0.0189457,0.0248329,0.0248536,1.29865E-06,1.30155E-06,0.00386848,0.00383288,0.101902,0,0.046563,0,0.269446,0.269574,3.78118,3.47648
F2,3,1000,3.818,0.79,2,0.214137,0.213208,0.014603,0.0145092,-0.0145296,-0.0145826,0.0866605,-0.00641647,0.0862968,0.0109829,0.00150942,0.00177556,0.00986063,0.0099086,0.0640146,0.0193525,0.0189424,0.00476266,0.00476268,2.45633E-07,2.45893E-07,0.00384436,0.00383295,1.67359E-07,0,5.96726E-05,0,0.214137,0.214137,3.78244,3.47648
B,3,1000,3.818,0.79,2,0.213318,0.212266,0.015008,0.0140956,-0.0141318,-0.0149882,0.0866879,-0.00640566,0.0862434,0.0109825,0.00150942,0.00177553,0.00986075,0.00990865,0.0640254,0.0193476,0.0189371,0.00476232,0.00476745,2.46166E-07,2.46746E-07,0.00384421,0.0038329,9.07666E-08,0,4.39455E-05,0,0.213317,0.213318,4.23103,3.47648
A,3,1000,3.818,0.79,4,0.213591,0.213172,0.0147553,0.0143553,-0.0143793,-0.0147346,0.0865488,-0.00641374,0.0864043,0.010983,0.00150942,0.0017756,0.0098607,0.00990866,0.0640872,0.0193162,0.0189068,0.0047626,0.00476361,2.4586E-07,2.46031E-07,0.00384448,0.00383301,0,0,0,0,0.213591,0.213591,3.80026,3.54949
F1,3,1000,3.818,0.79,4,0.21384,0.21293,0.0147536,0.0143574,-0.0143809,-0.0147324,0.0866545,-0.00641368,0.0862967,0.0109829,0.00150942,0.00177556,0.00986062,0.0099086,0.0640145,0.0193525,0.0189424,0.00476273,0.0047634,2.45796E-07,2.46088E-07,0.00384435,0.00383295,3.53903E-06,0,0.000274406,0,0.21384,0.21384,3.78253,3.54949
F2,3,1000,3.818,0.79,4,0.214137,0.213207,0.014603,0.0145092,-0.0145296,-0.0145826,0.0866606,-0.00641647,0.0862967,0.0109829,0.00150942,0.00177556,0.00986062,0.00990861,0.0640145,0.0193525,0.0189424,0.00476266,0.00476268,2.45633E-07,2.45894E-07,0.00384436,0.00383295,1.67395E-07,0,5.96791E-05,0,0.214138,0.214138,3.78254,3.54949
B,3,1000,3.818,0.79,4,0.286445,0.285167,0.0735786,-3.91727E-07,5.10319E-07,-0.0736015,0.0847853,-0.00560778,0.08624,0.0107311,0.00150934,0.00177491,0.00986086,0.00990841,0.0640252,0.0193448,0.0189401,0.0313092,0.0313681,1.65792E-06,1.66391E-06,0.00387532,0.0038328,0.127778,0,0.0521409,0,0.286036,0.286049,4.2291,3.54949
A,3,1000,3.818,0.79,5,0.213591,0.213172,0.0147553,0.0143553,-0.0143793,-0.0147346,0.0865487,-0.00641374,0.0864044,0.010983,0.00150942,0.0017756,0.0098607,0.00990865,0.0640873,0.0193161,0.0189068,0.0047626,0.00476361,2.4586E-07,2.46031E-07,0.00384448,0.00383301,0,0,0,0,0.213591,0.213591,3.8002,3.40818
F1,3,1000,3.818,0.79,5,0.244805,0.243932,0.056911,-2.2034E-07,2.38452E-07,-0.056915,0.0853726,-0.00580225,0.0862933,0.0108418,0.00150936,0.00177523,0.00986073,0.00990837,0.0640144,0.0193491,0.0189458,0.0193591,0.0193645,1.01006E-06,1.01176E-06,0.00386284,0.00383289,0.0778266,0,0.0406926,0,0.244525,0.244603,3.78116,3.40818
F2,3,1000,3.818,0.79,5,0.214137,0.213208,0.014603,0.0145092,-0.0145296,-0.0145826,0.0866605,-0.00641647,0.0862968,0.0109829,0.00150942,0.00177556,0.00986063,0.0099086,0.0640146,0.0193525,0.0189424,0.00476266,0.00476268,2.45633E-07,2.45893E-07,0.00384436,0.00383295,1.67364E-07,0,5.96736E-05,0,0.214137,0.214137,3.78247,3.40818
B,3,1000,3.818,0.79,5,0.213318,0.212266,0.015008,0.0140956,-0.0141318,-0.0149882,0.0866879,-0.00640566,0.0862434,0.0109825,0.00150942,0.00177553,0.00986075,0.00990865,0.0640254,0.0193476,0.0189371,0.00476232,0.00476745,2.46166E-07,2.46746E-07,0.00384421,0.0038329,9.07695E-08,0,4.39462E-05,0,0.213317,0.213318,4.23106,3.40818
A,3,1000,3.818,1,0,0.21359,0.213171,0.014756,0.0143546,-0.0143786,-0.0147353,0.0865487,-0.00641373,0.0864043,0.010983,0.00150942,0.0017756,0.0098607,0.00990866,0.0640872,0.0193162,0.0189068,0.0047626,0.00476362,2.45861E-07,2.46032E-07,0.00384448,0.00383301,0,0,0,0,0.21359,0.21359,3.80026,3.22473
F1,3,1000,3.818,1,0,0.21384,0.21293,0.0147536,0.0143574,-0.0143809,-0.0147324,0.0866545,-0.00641368,0.0862966,0.0109829,0.00150942,0.00177556,0.00986062,0.0099086,0.0640145,0.0193525,0.0189424,0.00476273,0.0047634,2.45796E-07,2.46088E-07,0.00384435,0.00383295,3.53904E-06,0,0.000274406,0,0.21384,0.21384,3.78253,3.22473
F2,3,1000,3.818,1,0,0.214137,0.213207,0.014603,0.0145092,-0.0145296,-0.0145826,0.0866606,-0.00641647,0.0862967,0.0109829,0.00150942,0.00177556,0.00986062,0.00990861,0.0640145,0.0193525,0.0189424,0.00476266,0.00476268,2.45633E-07,2.45894E-07,0.00384436,0.00383295,1.67395E-07,0,5.96791E-05,0,0.214138,0.214138,3.78254,3.22473
B,3,1000,3.818,1,0,0.212784,0.211636,0.0151289,0.013972,-0.0140167,-0.0151026,0.0866751,-0.00639569,0.0862261,0.010982,0.0015094,0.00177552,0.00986073,0.0099085,0.0640143,0.0193515,0.0189434,0.00476325,0.00476886,2.46821E-07,2.47452E-07,0.00384413,0.00383279,1.45951E-07,0,5.57255E-05,0,0.212783,0.212783,5.37108,3.22473
A,3,1000,3.818,1,1,0.213589,0.213171,0.014756,0.0143546,-0.0143786,-0.0147353,0.0865486,-0.00641372,0.0864045,0.010983,0.00150942,0.0017756,0.00986071,0.00990865,0.0640874,0.0193161,0.0189067,0.0047626,0.00476361,2.45862E-07,2.46031E-07,0.00384448,0.00383301,0,0,0,0,0.213589,0.213589,3.80009,4.2284
F1,3,1000,3.818,1,1,0.269886,0.26889,0.0651187,-2.91254E-07,3.38646E-07,-0.0651234,0.0851799,-0.00571019,0.0862936,0.0107898,0.00150935,0.00177513,0.0098607,0.00990837,0.0640145,0.0193491,0.0189457,0.0248341,0.0248507,1.2987E-06,1.3014E-06,0.00386854,0.00383288,0.101898,0,0.0465623,0,0.269449,0.269639,3.78107,4.2284
F2,3,1000,3.818,1,1,0.269886,0.26889,0.0651187,-2.91254E-07,3.38646E-07,-0.0651234,0.0851799,-0.00571019,0.0862936,0.0107898,0.00150935,0.00177513,0.0098607,0.00990837,0.0640145,0.0193491,0.0189457,0.0248341,0.0248507,1.2987E-06,1.3014E-06,0.00386854,0.00383288,0.101898,0,0.0465623,0,0.269449,0.269639,3.78107,4.2284
B,3,1000,3.818,1,1,0.317676,0.315497,0.0932746,-8.99349E-07,1.22819E-06,-0.0932991,0.0834972,-0.00536056,0.0862326,0.010587,0.00150926,0.00177456,0.00986063,0.0099083,0.0640143,0.0193461,0.0189487,0.0496129,0.0496917,2.72027E-06,2.72993E-06,0.00389645,0.00383264,0.205389,0,0.0661059,0,0.316982,0.317286,5.36778,4.2284
A,3,1000,3.818,1,2,0.213589,0.213171,0.014756,0.0143546,-0.0143786,-0.0147353,0.0865486,-0.00641372,0.0864044,0.010983,0.00150942,0.0017756,0.0098607,0.00990865,0.0640873,0.0193161,0.0189068,0.0047626,0.00476362,2.45861E-07,2.46032E-07,0.00384448,0.00383301,0,0,0,0,0.213589,0.21359,3.80018,3.47646
F1,3,1000,3.818,1,2,0.269854,0.268922,0.0651213,-2.85275E-07,3.24699E-07,-0.065126,0.0851797,-0.00571016,0.0862931,0.0107897,0.00150935,0.00177512,0.00986071,0.00990837,0.0640144,0.0193492,0.0189457,0.0248329,0.0248536,1.29865E-06,1.30155E-06,0.00386848,0.00383288,0.101901,0,0.046563,0,0.269446,0.269574,3.78118,3.47646
F2,3,1000,3.818,1,2,0.214137,0.213208,0.014603,0.0145092,-0.0145296,-0.0145826,0.0866605,-0.00641647,0.0862968,0.0109829,0.00150942,0.00177556,0.00986063,0.0099086,0.0640146,0.0193525,0.0189424,0.00476266,0.00476268,2.45633E-07,2.45893E-07,0.00384436,0.00383295,1.67358E-07,0,5.96726E-05,0,0.214137,0.214137,3.78244,3.47646
B,3,1000,3.818,1,2,0.212784,0.211637,0.0151289,0.0139721,-0.0140167,-0.0151026,0.0866749,-0.00639568,0.0862263,0.010982,0.0015094,0.00177552,0.00986074,0.00990849,0.0640145,0.0193515,0.0189433,0.00476326,0.00476886,2.46821E-07,2.47451E-07,0.00384414,0.00383279,1.45919E-07,0,5.57194E-05,0,0.212782,0.212783,5.37089,3.47646
A,3,1000,3.818,1,4,0.21359,0.213171,0.014756,0.0143546,-0.0143786,-0.0147353,0.0865487,-0.00641373,0.0864043,0.010983,0.00150942,0.0017756,0.0098607,0.00990866,0.0640872,0.0193162,0.0189068,0.0047626,0.00476362,2.45861E-07,2.46032E-07,0.00384448,0.00383301,0,0,0,0,0.21359,0.21359,3.80026,3.725
F1,3,1000,3.818,1,4,0.21384,0.21293,0.0147536,0.0143574,-0.0143809,-0.0147324,0.0866545,-0.00641368,0.0862966,0.0109829,0.00150942,0.00177556,0.00986062,0.0099086,0.0640145,0.0193525,0.0189424,0.00476273,0.0047634,2.45796E-07,2.46088E-07,0.00384435,0.00383295,3.53904E-06,0,0.000274406,0,0.21384,0.21384,3.78253,3.725
F2,3,1000,3.818,1,4,0.214137,0.213207,0.014603,0.0145092,-0.0145296,-0.0145826,0.0866606,-0.00641647,0.0862967,0.0109829,0.00150942,0.00177556,0.00986062,0.00990861,0.0640145,0.0193525,0.0189424,0.00476266,0.00476268,2.45633E-07,2.45894E-07,0.00384436,0.00383295,1.67395E-07,0,5.96792E-05,0,0.214138,0.214138,3.78254,3.725
B,3,1000,3.818,1,4,0.317518,0.315603,0.0932654,-1.00863E-06,1.3838E-06,-0.0932899,0.0834961,-0.00536048,0.0862302,0.0105868,0.00150926,0.00177452,0.00986065,0.00990832,0.0640142,0.0193462,0.0189488,0.0496059,0.0497083,2.71999E-06,2.73085E-06,0.00389621,0.00383264,0.205408,0,0.0661089,0,0.31696,0.316978,5.36819,3.725
A,3,1000,3.818,1,5,0.213589,0.213171,0.014756,0.0143546,-0.0143786,-0.0147353,0.0865486,-0.00641372,0.0864044,0.010983,0.00150942,0.0017756,0.0098607,0.00990865,0.0640873,0.0193161,0.0189068,0.0047626,0.00476362,2.45861E-07,2.46032E-07,0.00384448,0.00383301,0,0,0,0,0.213589,0.21359,3.8002,3.40816
F1,3,1000,3.818,1,5,0.244806,0.243932,0.056911,-2.20347E-07,2.38441E-07,-0.0569149,0.0853726,-0.00580225,0.0862933,0.0108418,0.00150936,0.00177523,0.00986073,0.00990837,0.0640144,0.0193491,0.0189458,0.0193591,0.0193645,1.01006E-06,1.01176E-06,0.00386284,0.00383289,0.0778265,0,0.0406926,0,0.244525,0.244604,3.78116,3.40816
F2,3,1000,3.818,1,5,0.214137,0.213208,0.014603,0.0145092,-0.0145296,-0.0145826,0.0866605,-0.00641647,0.0862968,0.0109829,0.00150942,0.00177556,0.00986063,0.0099086,0.0640146,0.0193525,0.0189424,0.00476266,0.00476268,2.45633E-07,2.45893E-07,0.00384436,0.00383295,1.67364E-07,0,5.96735E-05,0,0.214137,0.214137,3.78246,3.40816
B,3,1000,3.818,1,5,0.212784,0.211637,0.0151289,0.0139721,-0.0140167,-0.0151026,0.086675,-0.00639568,0.0862263,0.010982,0.0015094,0.00177552,0.00986074,0.00990849,0.0640144,0.0193515,0.0189433,0.00476325,0.00476886,2.46821E-07,2.47451E-07,0.00384414,0.00383279,1.45923E-07,0,5.57203E-05,0,0.212782,0.212783,5.37092,3.40816
A,3,20000,3.818,0.25,0,0.213593,0.213174,0.0147541,0.0143562,-0.0143797,-0.014735,0.0865479,-0.00618595,0.0864042,0.010983,0.00150953,0.00177272,0.00985935,0.00990712,0.0640879,0.0193156,0.018905,0.0047626,0.0047636,2.46689E-07,2.47202E-07,0.00384745,0.003833,0,0,0,0,0.213593,0.213593,3.79911,3.22478
F1,3,20000,3.818,0.25,0,0.213847,0.212921,0.0147543,0.0143579,-0.0143797,-0.0147335,0.0866537,-0.00618578,0.0862966,0.0109828,0.00150952,0.00177269,0.00985927,0.00990706,0.0640152,0.019352,0.0189407,0.00476309,0.00476304,2.46643E-07,2.47243E-07,0.00384734,0.00383294,3.54204E-06,0,0.000274523,0,0.213847,0.213847,3.78493,3.22478
F2,3,20000,3.818,0.25,0,0.214137,0.213206,0.0146031,0.0145085,-0.0145255,-0.0145907,0.0866597,-0.00618656,0.0862966,0.0109829,0.00150952,0.00177269,0.00985928,0.00990707,0.0640152,0.019352,0.0189406,0.00476267,0.00476266,2.46446E-07,2.47044E-07,0.00384732,0.00383294,1.67532E-07,0,5.97036E-05,0,0.214137,0.214137,3.78494,3.22478
B,3,20000,3.818,0.25,0,0.21404,0.21327,0.0146985,0.01441,-0.0144246,-0.0146954,0.0866728,-0.00635136,0.0863033,0.0109833,0.00150948,0.00177521,0.0098606,0.00990871,0.0640582,0.019333,0.0189202,0.00476129,0.00476502,2.45343E-07,2.45817E-07,0.00384472,0.00383306,9.05872E-09,0,1.38831E-05,0,0.21404,0.21404,1.3211,3.22478
A,3,20000,3.818,0.25,1,0.213592,0.213174,0.0147544,0.0143562,-0.0143797,-0.0147351,0.0865479,-0.00618605,0.0864043,0.010983,0.00150952,0.00177272,0.00985939,0.00990708,0.064088,0.0193157,0.0189049,0.0047626,0.0047636,2.46692E-07,2.47199E-07,0.00384747,0.003833,0,0,0,0,0.213592,0.213592,3.80197,4.00338
F1,3,20000,3.818,0.25,1,0.298107,0.296376,0.0802332,-2.70466E-05,3.61387E-05,-0.0802571,0.0843417,-0.00540618,0.0863045,0.0106853,0.00150958,0.00176839,0.00985481,0.00990759,0.0640165,0.0193392,0.0189505,0.037011,0.0370038,2.00687E-06,2.01532E-06,0.00389264,0.00383283,0.154716,0,0.0573744,0,0.298132,0.298118,3.78352,4.00338
F2,3,20000,3.818,0.25,1,0.298107,0.296376,0.0802332,-2.70466E-05,3.61387E-05,-0.0802571,0.0843417,-0.00540618,0.0863045,0.0106853,0.00150958,0.00176839,0.00985481,0.00990759,0.0640165,0.0193392,0.0189505,0.037011,0.0370038,2.00687E-06,2.01532E-06,0.00389264,0.00383283,0.154716,0,0.0573744,0,0.298132,0.298118,3.78352,4.00338
B,3,20000,3.818,0.25,1,0.20802,0.207374,0.0299372,0.00116473,-0.00130751,-0.0298072,0.0864149,-0.00609857,0.0863036,0.0109739,0.00150947,0.00177484,0.00986046,0.00990853,0.0640582,0.0193323,0.0189207,0.00736556,0.00731854,3.76897E-07,3.75566E-07,0.00384973,0.00383305,0.0193321,0,0.0202811,0,0.208019,0.208019,1.3178,4.00338
A,3,20000,3.818,0.25,2,0.213592,0.213174,0.0147544,0.0143562,-0.0143797,-0.0147351,0.086548,-0.00618609,0.0864043,0.010983,0.00150952,0.00177272,0.00985939,0.00990708,0.064088,0.0193157,0.0189049,0.0047626,0.0047636,2.46692E-07,2.47198E-07,0.00384747,0.003833,0,0,0,0,0.213592,0.213592,3.802,3.60791
F1,3,20000,3.818,0.25,2,0.298099,0.296347,0.0802353,-2.93758E-05,2.9446E-05,-0.0802588,0.0843423,-0.00540529,0.0863046,0.0106853,0.00150957,0.00176837,0.00985487,0.00990757,0.0640165,0.0193393,0.0189505,0.0370104,0.0370023,2.00694E-06,2.01516E-06,0.00389266,0.00383283,0.154714,0,0.0573742,0,0.298126,0.298109,3.78282,3.60791
F2,3,20000,3.818,0.25,2,0.214137,0.213207,0.0146032,0.0145084,-0.0145255,-0.0145906,0.0866598,-0.00618672,0.0862967,0.0109829,0.00150951,0.00177269,0.00985932,0.00990703,0.0640153,0.019352,0.0189405,0.00476267,0.00476266,2.4645E-07,2.47041E-07,0.00384734,0.00383294,1.67519E-07,0,5.97012E-05,0,0.214136,0.214137,3.78554,3.60791
B,3,20000,3.818,0.25,2,0.21404,0.21327,0.0146985,0.0144101,-0.0144245,-0.0146955,0.0866729,-0.00635127,0.0863033,0.0109833,0.00150948,0.00177521,0.00986061,0.00990869,0.0640582,0.0193331,0.0189201,0.00476129,0.00476502,2.45344E-07,2.45816E-07,0.00384473,0.00383306,9.05801E-09,0,1.38825E-05,0,0.214039,0.214039,1.31968,3.60791
A,3,20000,3.818,0.25,4,0.213593,0.213174,0.0147542,0.0143563,-0.0143798,-0.0147351,0.0865479,-0.00618595,0.0864042,0.010983,0.00150952,0.00177272,0.00985936,0.00990711,0.0640879,0.0193156,0.018905,0.0047626,0.0047636,2.46689E-07,2.47201E-07,0.00384745,0.003833,0,0,0,0,0.213593,0.213593,3.79994,3.23706
F1,3,20000,3.818,0.25,4,0.213847,0.212921,0.0147543,0.0143579,-0.0143797,-0.0147335,0.0866537,-0.00618579,0.0862966,0.0109828,0.00150951,0.00177269,0.00985928,0.00990706,0.0640152,0.019352,0.0189406,0.00476309,0.00476304,2.46643E-07,2.47243E-07,0.00384734,0.00383294,3.542E-06,0,0.000274521,0,0.213847,0.213847,3.78541,3.23706
F2,3,20000,3.818,0.25,4,0.214137,0.213207,0.0146031,0.0145085,-0.0145255,-0.0145907,0.0866597,-0.00618656,0.0862966,0.0109829,0.00150951,0.00177269,0.00985928,0.00990706,0.0640152,0.019352,0.0189406,0.00476267,0.00476266,2.46447E-07,2.47043E-07,0.00384732,0.00383294,1.6753E-07,0,5.97032E-05,0,0.214137,0.214137,3.78542,3.23706
B,3,20000,3.818,0.25,4,0.208024,0.20738,0.0299384,0.00116414,-0.00130615,-0.029809,0.0864148,-0.00609895,0.0863036,0.0109739,0.00150948,0.00177484,0.00986045,0.00990854,0.0640582,0.0193323,0.0189207,0.00736565,0.0073187,3.76886E-07,3.75561E-07,0.00384972,0.00383305,0.0193332,0,0.0202817,0,0.208022,0.208022,1.31926,3.23706
A,3,20000,3.818,0.25,5,0.213592,0.213174,0.0147543,0.0143562,-0.0143797,-0.0147351,0.086548,-0.00618607,0.0864043,0.010983,0.00150952,0.00177272,0.00985939,0.00990708,0.064088,0.0193157,0.0189049,0.0047626,0.0047636,2.46693E-07,2.47199E-07,0.00384747,0.003833,0,0,0,0,0.213592,0.213592,3.80199,3.48562
F1,3,20000,3.818,0.25,5,0.261425,0.259968,0.0662049,-1.78634E-05,2.04423E-05,-0.0662119,0.0848823,-0.00556309,0.0862997,0.0107812,0.00150953,0.00176953,0.00985673,0.00990664,0.064016,0.0193436,0.0189471,0.0256278,0.0256159,1.37316E-06,1.37845E-06,0.00387846,0.00383286,0.10531,0,0.0473353,0,0.26144,0.261429,3.78339,3.48562
F2,3,20000,3.818,0.25,5,0.214137,0.213207,0.0146032,0.0145084,-0.0145255,-0.0145906,0.0866598,-0.0061867,0.0862967,0.0109829,0.00150951,0.00177269,0.00985931,0.00990703,0.0640153,0.019352,0.0189405,0.00476267,0.00476266,2.46451E-07,2.47041E-07,0.00384734,0.00383294,1.6752E-07,0,5.97014E-05,0,0.214136,0.214137,3.78568,3.48562
B,3,20000,3.818,0.25,5,0.21404,0.21327,0.0146985,0.01441,-0.0144245,-0.0146955,0.0866728,-0.00635128,0.0863033,0.0109833,0.00150948,0.00177521,0.00986061,0.00990869,0.0640582,0.0193331,0.0189201,0.00476129,0.00476502,2.45344E-07,2.45816E-07,0.00384473,0.00383306,9.05806E-09,0,1.38826E-05,0,0.214039,0.214039,1.31983,3.48562
A,3,20000,3.818,0.5,0,0.213592,0.213173,0.0147545,0.0143559,-0.0143793,-0.0147354,0.0865479,-0.00618595,0.0864042,0.010983,0.00150953,0.00177272,0.00985935,0.00990712,0.0640879,0.0193156,0.018905,0.0047626,0.0047636,2.46689E-07,2.47202E-07,0.00384745,0.003833,0,0,0,0,0.213592,0.213592,3.79912,3.22477
F1,3,20000,3.818,0.5,0,0.213847,0.212921,0.0147543,0.0143579,-0.0143797,-0.0147335,0.0866537,-0.00618578,0.0862966,0.0109828,0.00150952,0.00177269,0.00985927,0.00990706,0.0640152,0.019352,0.0189407,0.00476309,0.00476304,2.46643E-07,2.47243E-07,0.00384734,0.00383294,3.54204E-06,0,0.000274523,0,0.213847,0.213847,3.78494,3.22477
F2,3,20000,3.818,0.5,0,0.214137,0.213206,0.0146031,0.0145085,-0.0145255,-0.0145907,0.0866597,-0.00618656,0.0862966,0.0109829,0.00150952,0.00177269,0.00985928,0.00990707,0.0640152,0.019352,0.0189406,0.00476267,0.00476266,2.46446E-07,2.47044E-07,0.00384732,0.00383294,1.67532E-07,0,5.97036E-05,0,0.214137,0.214137,3.78495,3.22477
B,3,20000,3.818,0.5,0,0.213822,0.212914,0.0148416,0.0142649,-0.0142895,-0.0148307,0.086688,-0.00626039,0.0862725,0.010983,0.0015095,0.00177411,0.00986009,0.00990804,0.0640424,0.0193385,0.0189294,0.00476153,0.00476593,2.45957E-07,2.46638E-07,0.00384577,0.00383299,3.61898E-08,0,2.77488E-05,0,0.213822,0.213822,2.66404,3.22477
A,3,20000,3.818,0.5,1,0.213592,0.213174,0.0147547,0.0143559,-0.0143794,-0.0147354,0.0865479,-0.00618605,0.0864043,0.010983,0.00150952,0.00177272,0.00985939,0.00990708,0.064088,0.0193157,0.0189049,0.0047626,0.0047636,2.46693E-07,2.472E-07,0.00384747,0.003833,0,0,0,0,0.213591,0.213592,3.80197,4.17694
F1,3,20000,3.818,0.5,1,0.29807,0.29636,0.0802275,-3.11468E-05,3.71552E-05,-0.0802555,0.0843413,-0.00540634,0.0863048,0.010685,0.00150959,0.00176846,0.00985455,0.00990778,0.0640166,0.0193386,0.018951,0.0370107,0.0370039,2.00707E-06,2.01546E-06,0.00389264,0.00383283,0.154712,0,0.0573738,0,0.298096,0.298081,3.78342,4.17694
F2,3,20000,3.818,0.5,1,0.29807,0.29636,0.0802275,-3.11468E-05,3.71552E-05,-0.0802555,0.0843413,-0.00540634,0.0863048,0.010685,0.00150959,0.00176846,0.00985455,0.00990778,0.0640166,0.0193386,0.018951,0.0370107,0.0370039,2.00707E-06,2.01546E-06,0.00389264,0.00383283,0.154712,0,0.0573738,0,0.298096,0.298081,3.78342,4.17694
B,3,20000,3.818,0.5,1,0.254332,0.252982,0.0571907,-1.84267E-05,1.48882E-05,-0.0572144,0.0855834,-0.00570518,0.0862701,0.0108424,0.0015095,0.00177218,0.00985895,0.00990744,0.0640428,0.0193347,0.0189321,0.0195485,0.0195439,1.02244E-06,1.0264E-06,0.00386765,0.00383294,0.0772158,0,0.0405326,0,0.254348,0.254338,2.65586,4.17694
A,3,20000,3.818,0.5,2,0.213592,0.213174,0.0147547,0.0143558,-0.0143793,-0.0147355,0.0865479,-0.00618608,0.0864043,0.010983,0.00150952,0.00177272,0.00985939,0.00990708,0.064088,0.0193157,0.0189049,0.0047626,0.0047636,2.46693E-07,2.47199E-07,0.00384747,0.003833,0,0,0,0,0.213591,0.213592,3.802,3.6079
F1,3,20000,3.818,0.5,2,0.298099,0.296346,0.0802354,-2.93962E-05,2.94929E-05,-0.0802588,0.0843423,-0.00540527,0.0863046,0.0106853,0.00150957,0.00176837,0.00985487,0.00990757,0.0640165,0.0193393,0.0189505,0.0370104,0.0370023,2.00694E-06,2.01516E-06,0.00389266,0.00383283,0.154714,0,0.0573742,0,0.298126,0.298109,3.78282,3.6079
F2,3,20000,3.818,0.5,2,0.214137,0.213207,0.0146032,0.0145084,-0.0145255,-0.0145906,0.0866598,-0.00618672,0.0862967,0.0109829,0.00150951,0.00177269,0.00985932,0.00990703,0.0640153,0.019352,0.0189405,0.00476267,0.00476266,2.4645E-07,2.47041E-07,0.00384734,0.00383294,1.67519E-07,0,5.97013E-05,0,0.214136,0.214137,3.78554,3.6079
B,3,20000,3.818,0.5,2,0.213822,0.212915,0.0148415,0.014265,-0.0142894,-0.0148311,0.0866882,-0.0062602,0.0862725,0.010983,0.0015095,0.00177411,0.00986012,0.00990801,0.0640425,0.0193385,0.0189293,0.00476153,0.00476593,2.45959E-07,2.46635E-07,0.00384579,0.00383299,3.6187E-08,0,2.77477E-05,0,0.213821,0.213822,2.66117,3.6079
A,3,20000,3.818,0.5,4,0.213592,0.213173,0.0147545,0.0143559,-0.0143793,-0.0147354,0.0865479,-0.00618595,0.0864042,0.010983,0.00150953,0.00177272,0.00985935,0.00990711,0.0640879,0.0193156,0.018905,0.0047626,0.0047636,2.46689E-07,2.47203E-07,0.00384745,0.003833,0,0,0,0,0.213592,0.213592,3.79912,3.4106
F1,3,20000,3.818,0.5,4,0.213847,0.212921,0.0147543,0.0143579,-0.0143797,-0.0147335,0.0866537,-0.00618578,0.0862966,0.0109828,0.00150952,0.00177269,0.00985928,0.00990706,0.0640152,0.019352,0.0189407,0.00476309,0.00476304,2.46643E-07,2.47244E-07,0.00384734,0.00383294,3.54204E-06,0,0.000274523,0,0.213847,0.213847,3.78494,3.4106
F2,3,20000,3.818,0.5,4,0.214137,0.213206,0.0146031,0.0145085,-0.0145255,-0.0145907,0.0866597,-0.00618656,0.0862966,0.0109829,0.00150952,0.00177269,0.00985928,0.00990706,0.0640152,0.019352,0.0189406,0.00476267,0.00476266,2.46447E-07,2.47044E-07,0.00384732,0.00383294,1.67532E-07,0,5.97036E-05,0,0.214137,0.214137,3.78495,3.4106
B,3,20000,3.818,0.5,4,0.254353,0.253007,0.0572053,-1.93366E-05,1.81228E-05,-0.0572277,0.0855831,-0.00570793,0.0862701,0.0108424,0.00150951,0.00177217,0.00985892,0.00990747,0.0640427,0.0193346,0.0189322,0.0195494,0.0195447,1.02247E-06,1.02639E-06,0.00386763,0.00383294,0.0772209,0,0.040534,0,0.254362,0.25436,2.65959,3.4106
A,3,20000,3.818,0.5,5,0.213592,0.213174,0.0147547,0.0143559,-0.0143793,-0.0147355,0.0865479,-0.00618607,0.0864043,0.010983,0.00150952,0.00177272,0.00985939,0.00990708,0.064088,0.0193157,0.0189049,0.0047626,0.0047636,2.46693E-07,2.472E-07,0.00384747,0.003833,0,0,0,0,0.213591,0.213592,3.80199,3.48561
F1,3,20000,3.818,0.5,5,0.261425,0.259967,0.0662049,-1.78559E-05,2.04363E-05,-0.0662119,0.0848823,-0.00556309,0.0862997,0.0107812,0.00150953,0.00176953,0.00985673,0.00990664,0.064016,0.0193436,0.0189471,0.0256278,0.0256159,1.37316E-06,1.37845E-06,0.00387846,0.00383286,0.10531,0,0.0473353,0,0.26144,0.261429,3.78338,3.48561
F2,3,20000,3.818,0.5,5,0.214137,0.213207,0.0146032,0.0145084,-0.0145255,-0.0145906,0.0866598,-0.0061867,0.0862967,0.0109829,0.00150951,0.00177269,0.00985931,0.00990703,0.0640153,0.019352,0.0189405,0.00476267,0.00476266,2.46451E-07,2.47041E-07,0.00384734,0.00383294,1.6752E-07,0,5.97014E-05,0,0.214136,0.214137,3.78567,3.48561
B,3,20000,3.818,0.5,5,0.213822,0.212915,0.0148415,0.014265,-0.0142894,-0.0148311,0.0866881,-0.00626022,0.0862725,0.010983,0.0015095,0.00177411,0.00986012,0.00990801,0.0640425,0.0193385,0.0189293,0.00476153,0.00476593,2.45959E-07,2.46636E-07,0.00384579,0.00383299,3.61871E-08,0,2.77478E-05,0,0.213821,0.213822,2.66147,3.48561
A,3,20000,3.818,0.79,0,0.213591,0.213172,0.0147552,0.0143552,-0.0143787,-0.0147361,0.0865478,-0.00618594,0.0864042,0.010983,0.00150953,0.00177272,0.00985935,0.00990712,0.0640879,0.0193156,0.018905,0.0047626,0.00476361,2.4669E-07,2.47203E-07,0.00384745,0.003833,0,0,0,0,0.213591,0.213591,3.79915,3.22475
F1,3,20000,3.818,0.79,0,0.213847,0.212921,0.0147543,0.0143579,-0.0143797,-0.0147335,0.0866537,-0.00618578,0.0862966,0.0109828,0.00150952,0.00177269,0.00985928,0.00990706,0.0640152,0.019352,0.0189407,0.00476309,0.00476304,2.46643E-07,2.47243E-07,0.00384734,0.00383294,3.54204E-06,0,0.000274523,0,0.213847,0.213847,3.78496,3.22475
F2,3,20000,3.818,0.79,0,0.214137,0.213206,0.0146031,0.0145085,-0.0145255,-0.0145907,0.0866597,-0.00618656,0.0862966,0.0109829,0.00150952,0.00177269,0.00985928,0.00990707,0.0640152,0.019352,0.0189406,0.00476267,0.00476266,2.46447E-07,2.47044E-07,0.00384732,0.00383294,1.67532E-07,0,5.97035E-05,0,0.214137,0.214137,3.78497,3.22475
B,3,20000,3.818,0.79,0,0.213321,0.212268,0.0150078,0.0140958,-0.014132,-0.014988,0.0866872,-0.00615454,0.086243,0.0109824,0.00150955,0.00177193,0.00985903,0.00990676,0.0640262,0.0193416,0.0189404,0.00476232,0.00476743,2.47233E-07,2.48256E-07,0.00384795,0.00383288,9.04951E-08,0,4.38798E-05,0,0.21332,0.21332,4.22633,3.22475
A,3,20000,3.818,0.79,1,0.21359,0.213172,0.0147554,0.0143551,-0.0143787,-0.0147361,0.0865479,-0.00618604,0.0864043,0.010983,0.00150952,0.00177272,0.00985939,0.00990708,0.064088,0.0193157,0.0189049,0.0047626,0.00476361,2.46694E-07,2.47201E-07,0.00384747,0.003833,0,0,0,0,0.21359,0.21359,3.80197,4.46536
F1,3,20000,3.818,0.79,1,0.298082,0.296337,0.0802299,-3.08031E-05,3.34783E-05,-0.0802571,0.0843421,-0.0054058,0.0863047,0.0106852,0.00150959,0.00176846,0.00985459,0.00990776,0.0640166,0.0193387,0.018951,0.0370105,0.0370038,2.00698E-06,2.01549E-06,0.00389271,0.00383283,0.154713,0,0.0573739,0,0.298108,0.298093,3.78336,4.46536
F2,3,20000,3.818,0.79,1,0.298082,0.296337,0.0802299,-3.08031E-05,3.34783E-05,-0.0802571,0.0843421,-0.0054058,0.0863047,0.0106852,0.00150959,0.00176846,0.00985459,0.00990776,0.0640166,0.0193387,0.018951,0.0370105,0.0370038,2.00698E-06,2.01549E-06,0.00389271,0.00383283,0.154713,0,0.0573739,0,0.298108,0.298093,3.78336,4.46536
B,3,20000,3.818,0.79,1,0.314915,0.312377,0.0903801,-6.24141E-05,4.82795E-05,-0.0904526,0.0837224,-0.0052555,0.0862608,0.0106104,0.00150972,0.0017664,0.00985057,0.00991012,0.0640288,0.0193186,0.0189588,0.0466888,0.0467036,2.57681E-06,2.59016E-06,0.00390648,0.00383275,0.192916,0,0.0640672,0,0.314952,0.314932,4.21235,4.46536
A,3,20000,3.818,0.79,2,0.21359,0.213172,0.0147554,0.0143551,-0.0143786,-0.0147362,0.0865479,-0.00618608,0.0864043,0.010983,0.00150952,0.00177272,0.00985939,0.00990708,0.064088,0.0193157,0.0189049,0.0047626,0.00476361,2.46694E-07,2.472E-07,0.00384747,0.003833,0,0,0,0,0.21359,0.21359,3.802,3.60788
F1,3,20000,3.818,0.79,2,0.298098,0.296345,0.0802354,-2.94399E-05,2.96055E-05,-0.0802589,0.0843423,-0.00540523,0.0863046,0.0106853,0.00150957,0.00176837,0.00985487,0.00990757,0.0640165,0.0193393,0.0189505,0.0370104,0.0370023,2.00694E-06,2.01517E-06,0.00389266,0.00383283,0.154714,0,0.0573742,0,0.298125,0.298108,3.78281,3.60788
F2,3,20000,3.818,0.79,2,0.214137,0.213207,0.0146032,0.0145084,-0.0145255,-0.0145906,0.0866598,-0.00618672,0.0862967,0.0109829,0.00150951,0.00177269,0.00985932,0.00990703,0.0640153,0.019352,0.0189405,0.00476267,0.00476266,2.4645E-07,2.47041E-07,0.00384734,0.00383294,1.67519E-07,0,5.97012E-05,0,0.214136,0.214137,3.78553,3.60788
B,3,20000,3.818,0.79,2,0.213321,0.212268,0.0150074,0.0140958,-0.014132,-0.0149887,0.0866874,-0.0061542,0.0862431,0.0109825,0.00150954,0.00177193,0.00985907,0.00990671,0.0640262,0.0193417,0.0189403,0.00476232,0.00476743,2.47237E-07,2.48252E-07,0.00384797,0.00383288,9.04881E-08,0,4.3878E-05,0,0.213319,0.21332,4.22176,3.60788
A,3,20000,3.818,0.79,4,0.213591,0.213172,0.0147552,0.0143552,-0.0143787,-0.0147361,0.0865478,-0.00618594,0.0864042,0.010983,0.00150953,0.00177272,0.00985935,0.00990711,0.0640879,0.0193156,0.018905,0.0047626,0.00476361,2.4669E-07,2.47204E-07,0.00384745,0.003833,0,0,0,0,0.213591,0.213591,3.79915,3.69909
F1,3,20000,3.818,0.79,4,0.213847,0.212921,0.0147543,0.0143579,-0.0143797,-0.0147335,0.0866537,-0.00618578,0.0862966,0.0109828,0.00150952,0.00177269,0.00985928,0.00990706,0.0640152,0.019352,0.0189406,0.00476309,0.00476304,2.46643E-07,2.47244E-07,0.00384734,0.00383294,3.54204E-06,0,0.000274523,0,0.213847,0.213847,3.78496,3.69909
F2,3,20000,3.818,0.79,4,0.214137,0.213206,0.0146031,0.0145085,-0.0145255,-0.0145907,0.0866597,-0.00618656,0.0862966,0.0109829,0.00150952,0.00177269,0.00985928,0.00990706,0.0640152,0.019352,0.0189406,0.00476267,0.00476266,2.46447E-07,2.47044E-07,0.00384732,0.00383294,1.67532E-07,0,5.97035E-05,0,0.214137,0.214137,3.78497,3.69909
B,3,20000,3.818,0.79,4,0.314862,0.312381,0.0904003,-5.28814E-05,4.54732E-05,-0.0904754,0.0837217,-0.00526562,0.0862607,0.0106103,0.00150973,0.00176635,0.00985063,0.0099101,0.0640287,0.0193187,0.0189588,0.046693,0.0467071,2.57695E-06,2.58989E-06,0.00390638,0.00383275,0.192931,0,0.0640697,0,0.314885,0.314883,4.21833,3.69909
A,3,20000,3.818,0.79,5,0.21359,0.213172,0.0147554,0.0143552,-0.0143786,-0.0147362,0.0865479,-0.00618607,0.0864043,0.010983,0.00150952,0.00177272,0.00985939,0.00990708,0.064088,0.0193157,0.0189049,0.0047626,0.00476361,2.46694E-07,2.47201E-07,0.00384747,0.003833,0,0,0,0,0.21359,0.21359,3.80199,3.48559
F1,3,20000,3.818,0.79,5,0.261424,0.259967,0.066205,-1.78376E-05,2.04228E-05,-0.066212,0.0848823,-0.00556311,0.0862997,0.0107812,0.00150953,0.00176953,0.00985673,0.00990664,0.064016,0.0193436,0.0189471,0.0256278,0.0256159,1.37316E-06,1.37846E-06,0.00387847,0.00383286,0.10531,0,0.0473353,0,0.261439,0.261429,3.78337,3.48559
F2,3,20000,3.818,0.79,5,0.214137,0.213207,0.0146032,0.0145084,-0.0145255,-0.0145906,0.0866598,-0.0061867,0.0862967,0.0109829,0.00150951,0.00177269,0.00985931,0.00990703,0.0640153,0.019352,0.0189405,0.00476267,0.00476266,2.46451E-07,2.47041E-07,0.00384734,0.00383294,1.6752E-07,0,5.97014E-05,0,0.214136,0.214137,3.78567,3.48559
B,3,20000,3.818,0.79,5,0.213321,0.212268,0.0150074,0.0140958,-0.014132,-0.0149886,0.0866874,-0.00615423,0.0862431,0.0109824,0.00150954,0.00177193,0.00985907,0.00990672,0.0640262,0.0193417,0.0189403,0.00476232,0.00476743,2.47238E-07,2.48253E-07,0.00384797,0.00383288,9.04885E-08,0,4.38782E-05,0,0.213319,0.21332,4.22224,3.48559
A,3,20000,3.818,1,0,0.213589,0.213171,0.0147559,0.0143545,-0.014378,-0.0147368,0.0865478,-0.00618594,0.0864042,0.010983,0.00150953,0.00177272,0.00985935,0.00990711,0.0640879,0.0193156,0.018905,0.0047626,0.00476361,2.46691E-07,2.47205E-07,0.00384745,0.003833,0,0,0,0,0.21359,0.21359,3.7992,3.22473
F1,3,20000,3.818,1,0,0.213847,0.212921,0.0147543,0.0143579,-0.0143797,-0.0147335,0.0866537,-0.00618578,0.0862966,0.0109828,0.00150952,0.00177269,0.00985928,0.00990706,0.0640152,0.019352,0.0189407,0.00476309,0.00476304,2.46643E-07,2.47243E-07,0.00384734,0.00383294,3.54204E-06,0,0.000274523,0,0.213847,0.213847,3.78499,3.22473
F2,3,20000,3.818,1,0,0.214137,0.213206,0.0146031,0.0145085,-0.0145255,-0.0145907,0.0866597,-0.00618656,0.0862966,0.0109829,0.00150952,0.00177269,0.00985928,0.00990707,0.0640152,0.019352,0.0189406,0.00476267,0.00476266,2.46447E-07,2.47044E-07,0.00384732,0.00383294,1.67532E-07,0,5.97035E-05,0,0.214137,0.214137,3.785,3.22473
B,3,20000,3.818,1,0,0.212788,0.21164,0.0151286,0.0139723,-0.014017,-0.0151026,0.0866739,-0.00607738,0.086226,0.010982,0.00150961,0.00176971,0.00985779,0.00990564,0.0640158,0.0193415,0.0189489,0.00476326,0.00476884,2.48556E-07,2.49899E-07,0.00385018,0.00383278,1.4548E-07,0,5.56357E-05,0,0.212787,0.212787,5.36487,3.22473
A,3,20000,3.818,1,1,0.213589,0.213171,0.0147558,0.0143543,-0.0143779,-0.0147366,0.0865483,-0.00618599,0.0864044,0.010983,0.00150951,0.00177272,0.00985946,0.00990701,0.0640881,0.0193158,0.0189047,0.0047626,0.00476361,2.46701E-07,2.47195E-07,0.00384751,0.003833,0,0,0,0,0.213587,0.213589,3.79642,4.68474
F1,3,20000,3.818,1,1,0.29804,0.296258,0.0800813,-3.0093E-05,2.79705E-05,-0.0801042,0.0843426,-0.00539283,0.0863049,0.0106851,0.00150957,0.00176843,0.00985471,0.00990764,0.0640166,0.0193389,0.0189507,0.0370072,0.0369989,2.00789E-06,2.01577E-06,0.00389272,0.00383283,0.154691,0,0.0573698,0,0.298099,0.298037,3.78257,4.68474
F2,3,20000,3.818,1,1,0.29804,0.296258,0.0800813,-3.0093E-05,2.79705E-05,-0.0801042,0.0843426,-0.00539283,0.0863049,0.0106851,0.00150957,0.00176843,0.00985471,0.00990764,0.0640166,0.0193389,0.0189507,0.0370072,0.0369989,2.00789E-06,2.01577E-06,0.00389272,0.00383283,0.154691,0,0.0573698,0,0.298099,0.298037,3.78257,4.68474
B,3,20000,3.818,1,1,0.339529,0.336453,0.114455,-5.59786E-05,5.29883E-05,-0.114694,0.0816917,-0.00490918,0.0862912,0.0104237,0.00151036,0.00176059,0.00982396,0.00993017,0.0640268,0.0192517,0.019024,0.0743007,0.074315,4.30147E-06,4.32315E-06,0.00394841,0.00383256,0.309369,0,0.0811316,0,0.339614,0.339541,5.3561,4.68474
A,3,20000,3.818,1,2,0.213589,0.213171,0.0147561,0.0143544,-0.014378,-0.0147369,0.0865479,-0.00618608,0.0864043,0.010983,0.00150952,0.00177272,0.00985939,0.00990708,0.064088,0.0193157,0.0189049,0.0047626,0.00476361,2.46695E-07,2.47201E-07,0.00384747,0.003833,0,0,0,0,0.213589,0.213589,3.80199,3.60786
F1,3,20000,3.818,1,2,0.298097,0.296344,0.0802355,-2.95024E-05,2.97711E-05,-0.0802589,0.0843423,-0.00540516,0.0863046,0.0106853,0.00150957,0.00176837,0.00985487,0.00990757,0.0640165,0.0193393,0.0189505,0.0370104,0.0370023,2.00694E-06,2.01518E-06,0.00389266,0.00383283,0.154714,0,0.0573742,0,0.298125,0.298108,3.78279,3.60786
F2,3,20000,3.818,1,2,0.214137,0.213207,0.0146032,0.0145084,-0.0145255,-0.0145906,0.0866598,-0.00618673,0.0862967,0.0109829,0.00150951,0.00177269,0.00985932,0.00990703,0.0640153,0.019352,0.0189405,0.00476267,0.00476266,2.4645E-07,2.47041E-07,0.00384734,0.00383294,1.67519E-07,0,5.97012E-05,0,0.214136,0.214137,3.78552,3.60786
B,3,20000,3.818,1,2,0.212788,0.21164,0.0151281,0.0139723,-0.0140171,-0.0151034,0.0866741,-0.00607691,0.0862262,0.010982,0.0015096,0.00176971,0.00985784,0.00990558,0.0640159,0.0193415,0.0189487,0.00476326,0.00476883,2.48561E-07,2.49895E-07,0.00385022,0.00383278,1.45469E-07,0,5.56336E-05,0,0.212785,0.212787,5.35904,3.60786
A,3,20000,3.818,1,4,0.213589,0.213171,0.0147559,0.0143544,-0.014378,-0.0147368,0.0865478,-0.00618594,0.0864042,0.010983,0.00150953,0.00177272,0.00985935,0.00990711,0.0640879,0.0193156,0.018905,0.0047626,0.00476361,2.46691E-07,2.47205E-07,0.00384745,0.003833,0,0,0,0,0.21359,0.21359,3.79927,3.91878
F1,3,20000,3.818,1,4,0.213847,0.212921,0.0147543,0.0143579,-0.0143797,-0.0147335,0.0866537,-0.00618578,0.0862966,0.0109828,0.00150952,0.00177269,0.00985928,0.00990706,0.0640152,0.019352,0.0189406,0.00476309,0.00476304,2.46644E-07,2.47244E-07,0.00384734,0.00383294,3.54204E-06,0,0.000274523,0,0.213847,0.213847,3.78503,3.91878
F2,3,20000,3.818,1,4,0.214137,0.213206,0.0146031,0.0145085,-0.0145255,-0.0145907,0.0866597,-0.00618656,0.0862966,0.0109829,0.00150952,0.00177269,0.00985928,0.00990706,0.0640152,0.019352,0.0189406,0.00476267,0.00476266,2.46447E-07,2.47044E-07,0.00384732,0.00383294,1.67531E-07,0,5.97035E-05,0,0.214137,0.214137,3.78504,3.91878
B,3,20000,3.818,1,4,0.339624,0.336565,0.114489,-4.83077E-05,4.98283E-05,-0.114728,0.0816907,-0.00491676,0.0862909,0.010424,0.00151039,0.00176061,0.00982385,0.0099303,0.0640266,0.0192515,0.0190243,0.0743163,0.0743323,4.30013E-06,4.32295E-06,0.0039484,0.00383256,0.309436,0,0.0811404,0,0.33965,0.339651,5.35495,3.91878
A,3,20000,3.818,1,5,0.213589,0.213171,0.0147561,0.0143544,-0.014378,-0.0147369,0.0865479,-0.00618607,0.0864043,0.010983,0.00150952,0.00177272,0.00985939,0.00990708,0.064088,0.0193157,0.0189049,0.0047626,0.00476361,2.46695E-07,2.47202E-07,0.00384747,0.003833,0,0,0,0,0.213589,0.213589,3.80199,3.48557
F1,3,20000,3.818,1,5,0.261423,0.259966,0.0662051,-1.782E-05,2.04017E-05,-0.0662121,0.0848823,-0.00556315,0.0862997,0.0107812,0.00150953,0.00176953,0.00985673,0.00990664,0.064016,0.0193436,0.0189471,0.0256278,0.0256159,1.37317E-06,1.37846E-06,0.00387847,0.00383286,0.10531,0,0.0473353,0,0.261439,0.261428,3.78335,3.48557
F2,3,20000,3.818,1,5,0.214137,0.213207,0.0146032,0.0145084,-0.0145255,-0.0145906,0.0866598,-0.00618671,0.0862967,0.0109829,0.00150951,0.00177269,0.00985931,0.00990703,0.0640153,0.019352,0.0189405,0.00476267,0.00476266,2.46451E-07,2.47041E-07,0.00384734,0.00383294,1.67519E-07,0,5.97014E-05,0,0.214136,0.214137,3.78565,3.48557
B,3,20000,3.818,1,5,0.212788,0.21164,0.0151281,0.0139722,-0.0140172,-0.0151033,0.0866741,-0.00607695,0.0862262,0.010982,0.0015096,0.00176971,0.00985783,0.00990558,0.0640159,0.0193415,0.0189487,0.00476326,0.00476883,2.48563E-07,2.49896E-07,0.00385022,0.00383278,1.4547E-07,0,5.56337E-05,0,0.212786,0.212787,5.35964,3.48557
