warning, model type mismatch in line
    q121a nmiri nmiri nme1 ls350
warning, model type mismatch in line
    q121b nhi nmiri nme2 ls350

Note: No compatibility mode selected!


Circuit: tb_loop.cir - l46b esplorazione, variante sv_r10_esr0_r120_232 (blocco da inc/sv_r10_esr0_r120_232.inc)

Warning: Model issue on line 122 :
  .model lsk489a njf(beta=2.2m betatce=-.5 rd=11 rs=30 lambda=4.3m vto=-1. ...
unrecognized parameter (isr) - ignored
unrecognized parameter (alpha) - ignored
unrecognized parameter (vk) - ignored
unrecognized parameter (mj) - ignored

Doing analysis at TEMP = 27.000000 and TNOM = 27.000000

Using SPARSE 1.3 as Direct Linear Solver

No. of Data Rows : 801
fcross              =  8.55401e+05
pmarg               =  7.44333e+01
tdc                 =  7.86463e+01
mode=0db  rload=100k  rsrc=1m  pos=1  C=1f
fcross = 8.554008e+05
pmarg = 7.443332e+01
tdc = 7.864629e+01
Doing analysis at TEMP = 27.000000 and TNOM = 27.000000

Using SPARSE 1.3 as Direct Linear Solver

No. of Data Rows : 801
fcross              =  8.56468e+05
pmarg               =  7.42272e+01
tdc                 =  7.86463e+01
mode=0db  rload=100k  rsrc=1m  pos=1  C=47p
fcross = 8.564675e+05
pmarg = 7.422716e+01
tdc = 7.864629e+01
Doing analysis at TEMP = 27.000000 and TNOM = 27.000000

Using SPARSE 1.3 as Direct Linear Solver

No. of Data Rows : 801
fcross              =  8.57583e+05
pmarg               =  7.39930e+01
tdc                 =  7.86463e+01
mode=0db  rload=100k  rsrc=1m  pos=1  C=100p
fcross = 8.575828e+05
pmarg = 7.399300e+01
tdc = 7.864629e+01
Doing analysis at TEMP = 27.000000 and TNOM = 27.000000

Using SPARSE 1.3 as Direct Linear Solver

No. of Data Rows : 801
fcross              =  8.59748e+05
pmarg               =  7.34583e+01
tdc                 =  7.86463e+01
mode=0db  rload=100k  rsrc=1m  pos=1  C=220p
fcross = 8.597481e+05
pmarg = 7.345831e+01
tdc = 7.864629e+01
Doing analysis at TEMP = 27.000000 and TNOM = 27.000000

Using SPARSE 1.3 as Direct Linear Solver

No. of Data Rows : 801
fcross              =  8.62551e+05
pmarg               =  7.23431e+01
tdc                 =  7.86463e+01
mode=0db  rload=100k  rsrc=1m  pos=1  C=470p
fcross = 8.625511e+05
pmarg = 7.234313e+01
tdc = 7.864629e+01
Doing analysis at TEMP = 27.000000 and TNOM = 27.000000

Using SPARSE 1.3 as Direct Linear Solver

No. of Data Rows : 801
fcross              =  8.60737e+05
pmarg               =  7.01474e+01
tdc                 =  7.86463e+01
mode=0db  rload=100k  rsrc=1m  pos=1  C=1n
fcross = 8.607372e+05
pmarg = 7.014740e+01
tdc = 7.864629e+01
Doing analysis at TEMP = 27.000000 and TNOM = 27.000000

Using SPARSE 1.3 as Direct Linear Solver

No. of Data Rows : 801
fcross              =  8.51091e+05
pmarg               =  6.85037e+01
tdc                 =  7.86463e+01
mode=0db  rload=100k  rsrc=1m  pos=1  C=1.5n
fcross = 8.510915e+05
pmarg = 6.850372e+01
tdc = 7.864629e+01
Doing analysis at TEMP = 27.000000 and TNOM = 27.000000

Using SPARSE 1.3 as Direct Linear Solver

No. of Data Rows : 801
fcross              =  8.31309e+05
pmarg               =  6.69998e+01
tdc                 =  7.86463e+01
mode=0db  rload=100k  rsrc=1m  pos=1  C=2.2n
fcross = 8.313093e+05
pmarg = 6.699976e+01
tdc = 7.864629e+01
Doing analysis at TEMP = 27.000000 and TNOM = 27.000000

Using SPARSE 1.3 as Direct Linear Solver

No. of Data Rows : 801
fcross              =  8.16225e+05
pmarg               =  6.63932e+01
tdc                 =  7.86463e+01
mode=0db  rload=100k  rsrc=1m  pos=1  C=2.7n
fcross = 8.162250e+05
pmarg = 6.639322e+01
tdc = 7.864629e+01
Doing analysis at TEMP = 27.000000 and TNOM = 27.000000

Using SPARSE 1.3 as Direct Linear Solver

No. of Data Rows : 801
fcross              =  7.99152e+05
pmarg               =  6.60219e+01
tdc                 =  7.86463e+01
mode=0db  rload=100k  rsrc=1m  pos=1  C=3.3n
fcross = 7.991515e+05
pmarg = 6.602193e+01
tdc = 7.864629e+01
Doing analysis at TEMP = 27.000000 and TNOM = 27.000000

Using SPARSE 1.3 as Direct Linear Solver

No. of Data Rows : 801
fcross              =  7.66908e+05
pmarg               =  6.59937e+01
tdc                 =  7.86463e+01
mode=0db  rload=100k  rsrc=1m  pos=1  C=4.7n
fcross = 7.669079e+05
pmarg = 6.599366e+01
tdc = 7.864629e+01
Doing analysis at TEMP = 27.000000 and TNOM = 27.000000

Using SPARSE 1.3 as Direct Linear Solver

No. of Data Rows : 801
fcross              =  8.55401e+05
pmarg               =  7.44333e+01
tdc                 =  7.86463e+01
mode=0db  rload=100k  rsrc=1m  pos=2  C=1f
fcross = 8.554008e+05
pmarg = 7.443332e+01
tdc = 7.864629e+01
Doing analysis at TEMP = 27.000000 and TNOM = 27.000000

Using SPARSE 1.3 as Direct Linear Solver

No. of Data Rows : 801
fcross              =  8.56504e+05
pmarg               =  7.42272e+01
tdc                 =  7.86463e+01
mode=0db  rload=100k  rsrc=1m  pos=2  C=47p
fcross = 8.565035e+05
pmarg = 7.422719e+01
tdc = 7.864629e+01
Doing analysis at TEMP = 27.000000 and TNOM = 27.000000

Using SPARSE 1.3 as Direct Linear Solver

No. of Data Rows : 801
fcross              =  8.57744e+05
pmarg               =  7.39936e+01
tdc                 =  7.86463e+01
mode=0db  rload=100k  rsrc=1m  pos=2  C=100p
fcross = 8.577442e+05
pmarg = 7.399357e+01
tdc = 7.864629e+01
Doing analysis at TEMP = 27.000000 and TNOM = 27.000000

Using SPARSE 1.3 as Direct Linear Solver

No. of Data Rows : 801
fcross              =  8.60541e+05
pmarg               =  7.34600e+01
tdc                 =  7.86463e+01
mode=0db  rload=100k  rsrc=1m  pos=2  C=220p
fcross = 8.605411e+05
pmarg = 7.346004e+01
tdc = 7.864629e+01
Doing analysis at TEMP = 27.000000 and TNOM = 27.000000

Using SPARSE 1.3 as Direct Linear Solver

No. of Data Rows : 801
fcross              =  8.66304e+05
pmarg               =  7.23281e+01
tdc                 =  7.86463e+01
mode=0db  rload=100k  rsrc=1m  pos=2  C=470p
fcross = 8.663039e+05
pmarg = 7.232812e+01
tdc = 7.864628e+01
Doing analysis at TEMP = 27.000000 and TNOM = 27.000000

Using SPARSE 1.3 as Direct Linear Solver

No. of Data Rows : 801
fcross              =  8.78336e+05
pmarg               =  6.98343e+01
tdc                 =  7.86463e+01
mode=0db  rload=100k  rsrc=1m  pos=2  C=1n
fcross = 8.783363e+05
pmarg = 6.983434e+01
tdc = 7.864628e+01
Doing analysis at TEMP = 27.000000 and TNOM = 27.000000

Using SPARSE 1.3 as Direct Linear Solver

No. of Data Rows : 801
fcross              =  8.89137e+05
pmarg               =  6.73715e+01
tdc                 =  7.86463e+01
mode=0db  rload=100k  rsrc=1m  pos=2  C=1.5n
fcross = 8.891375e+05
pmarg = 6.737146e+01
tdc = 7.864627e+01
Doing analysis at TEMP = 27.000000 and TNOM = 27.000000

Using SPARSE 1.3 as Direct Linear Solver

No. of Data Rows : 801
fcross              =  9.03020e+05
pmarg               =  6.37590e+01
tdc                 =  7.86463e+01
mode=0db  rload=100k  rsrc=1m  pos=2  C=2.2n
fcross = 9.030204e+05
pmarg = 6.375899e+01
tdc = 7.864627e+01
Doing analysis at TEMP = 27.000000 and TNOM = 27.000000

Using SPARSE 1.3 as Direct Linear Solver

No. of Data Rows : 801
fcross              =  9.11438e+05
pmarg               =  6.10929e+01
tdc                 =  7.86463e+01
mode=0db  rload=100k  rsrc=1m  pos=2  C=2.7n
fcross = 9.114378e+05
pmarg = 6.109292e+01
tdc = 7.864626e+01
Doing analysis at TEMP = 27.000000 and TNOM = 27.000000

Using SPARSE 1.3 as Direct Linear Solver

No. of Data Rows : 801
fcross              =  9.19630e+05
pmarg               =  5.78331e+01
tdc                 =  7.86463e+01
mode=0db  rload=100k  rsrc=1m  pos=2  C=3.3n
fcross = 9.196296e+05
pmarg = 5.783309e+01
tdc = 7.864626e+01
Doing analysis at TEMP = 27.000000 and TNOM = 27.000000

Using SPARSE 1.3 as Direct Linear Solver

No. of Data Rows : 801
fcross              =  9.27369e+05
pmarg               =  5.03524e+01
tdc                 =  7.86462e+01
mode=0db  rload=100k  rsrc=1m  pos=2  C=4.7n
fcross = 9.273692e+05
pmarg = 5.035243e+01
tdc = 7.864624e+01
Doing analysis at TEMP = 27.000000 and TNOM = 27.000000

Using SPARSE 1.3 as Direct Linear Solver

No. of Data Rows : 801
fcross              =  8.55344e+05
pmarg               =  7.41640e+01
tdc                 =  7.86463e+01
mode=0db  rload=100k  rsrc=1k  pos=1  C=1f
fcross = 8.553440e+05
pmarg = 7.416402e+01
tdc = 7.864629e+01
Doing analysis at TEMP = 27.000000 and TNOM = 27.000000

Using SPARSE 1.3 as Direct Linear Solver

No. of Data Rows : 801
fcross              =  8.56410e+05
pmarg               =  7.39575e+01
tdc                 =  7.86463e+01
mode=0db  rload=100k  rsrc=1k  pos=1  C=47p
fcross = 8.564105e+05
pmarg = 7.395754e+01
tdc = 7.864629e+01
Doing analysis at TEMP = 27.000000 and TNOM = 27.000000

Using SPARSE 1.3 as Direct Linear Solver

No. of Data Rows : 801
fcross              =  8.57526e+05
pmarg               =  7.37230e+01
tdc                 =  7.86463e+01
mode=0db  rload=100k  rsrc=1k  pos=1  C=100p
fcross = 8.575255e+05
pmarg = 7.372305e+01
tdc = 7.864629e+01
Doing analysis at TEMP = 27.000000 and TNOM = 27.000000

Using SPARSE 1.3 as Direct Linear Solver

No. of Data Rows : 801
fcross              =  8.59690e+05
pmarg               =  7.31877e+01
tdc                 =  7.86463e+01
mode=0db  rload=100k  rsrc=1k  pos=1  C=220p
fcross = 8.596902e+05
pmarg = 7.318771e+01
tdc = 7.864629e+01
Doing analysis at TEMP = 27.000000 and TNOM = 27.000000

Using SPARSE 1.3 as Direct Linear Solver

No. of Data Rows : 801
fcross              =  8.62493e+05
pmarg               =  7.20717e+01
tdc                 =  7.86463e+01
mode=0db  rload=100k  rsrc=1k  pos=1  C=470p
fcross = 8.624926e+05
pmarg = 7.207174e+01
tdc = 7.864629e+01
Doing analysis at TEMP = 27.000000 and TNOM = 27.000000

Using SPARSE 1.3 as Direct Linear Solver

No. of Data Rows : 801
fcross              =  8.60680e+05
pmarg               =  6.98767e+01
tdc                 =  7.86463e+01
mode=0db  rload=100k  rsrc=1k  pos=1  C=1n
fcross = 8.606796e+05
pmarg = 6.987671e+01
tdc = 7.864629e+01
Doing analysis at TEMP = 27.000000 and TNOM = 27.000000

Using SPARSE 1.3 as Direct Linear Solver

No. of Data Rows : 801
fcross              =  8.51038e+05
pmarg               =  6.82361e+01
tdc                 =  7.86463e+01
mode=0db  rload=100k  rsrc=1k  pos=1  C=1.5n
fcross = 8.510379e+05
pmarg = 6.823608e+01
tdc = 7.864629e+01
Doing analysis at TEMP = 27.000000 and TNOM = 27.000000

Using SPARSE 1.3 as Direct Linear Solver

No. of Data Rows : 801
fcross              =  8.31261e+05
pmarg               =  6.67383e+01
tdc                 =  7.86463e+01
mode=0db  rload=100k  rsrc=1k  pos=1  C=2.2n
fcross = 8.312612e+05
pmarg = 6.673827e+01
tdc = 7.864629e+01
Doing analysis at TEMP = 27.000000 and TNOM = 27.000000

Using SPARSE 1.3 as Direct Linear Solver

No. of Data Rows : 801
fcross              =  8.16180e+05
pmarg               =  6.61364e+01
tdc                 =  7.86463e+01
mode=0db  rload=100k  rsrc=1k  pos=1  C=2.7n
fcross = 8.161797e+05
pmarg = 6.613642e+01
tdc = 7.864629e+01
Doing analysis at TEMP = 27.000000 and TNOM = 27.000000

Using SPARSE 1.3 as Direct Linear Solver

No. of Data Rows : 801
fcross              =  7.99110e+05
pmarg               =  6.57704e+01
tdc                 =  7.86463e+01
mode=0db  rload=100k  rsrc=1k  pos=1  C=3.3n
fcross = 7.991098e+05
pmarg = 6.577041e+01
tdc = 7.864629e+01
Doing analysis at TEMP = 27.000000 and TNOM = 27.000000

Using SPARSE 1.3 as Direct Linear Solver

No. of Data Rows : 801
fcross              =  7.66872e+05
pmarg               =  6.57521e+01
tdc                 =  7.86463e+01
mode=0db  rload=100k  rsrc=1k  pos=1  C=4.7n
fcross = 7.668717e+05
pmarg = 6.575210e+01
tdc = 7.864629e+01
Doing analysis at TEMP = 27.000000 and TNOM = 27.000000

Using SPARSE 1.3 as Direct Linear Solver

No. of Data Rows : 801
fcross              =  8.55344e+05
pmarg               =  7.41640e+01
tdc                 =  7.86463e+01
mode=0db  rload=100k  rsrc=1k  pos=2  C=1f
fcross = 8.553440e+05
pmarg = 7.416402e+01
tdc = 7.864629e+01
Doing analysis at TEMP = 27.000000 and TNOM = 27.000000

Using SPARSE 1.3 as Direct Linear Solver

No. of Data Rows : 801
fcross              =  8.56446e+05
pmarg               =  7.39576e+01
tdc                 =  7.86463e+01
mode=0db  rload=100k  rsrc=1k  pos=2  C=47p
fcross = 8.564465e+05
pmarg = 7.395756e+01
tdc = 7.864629e+01
Doing analysis at TEMP = 27.000000 and TNOM = 27.000000

Using SPARSE 1.3 as Direct Linear Solver

No. of Data Rows : 801
fcross              =  8.57687e+05
pmarg               =  7.37236e+01
tdc                 =  7.86463e+01
mode=0db  rload=100k  rsrc=1k  pos=2  C=100p
fcross = 8.576869e+05
pmarg = 7.372357e+01
tdc = 7.864629e+01
Doing analysis at TEMP = 27.000000 and TNOM = 27.000000

Using SPARSE 1.3 as Direct Linear Solver

No. of Data Rows : 801
fcross              =  8.60483e+05
pmarg               =  7.31892e+01
tdc                 =  7.86463e+01
mode=0db  rload=100k  rsrc=1k  pos=2  C=220p
fcross = 8.604831e+05
pmarg = 7.318919e+01
tdc = 7.864629e+01
Doing analysis at TEMP = 27.000000 and TNOM = 27.000000

Using SPARSE 1.3 as Direct Linear Solver

No. of Data Rows : 801
fcross              =  8.66244e+05
pmarg               =  7.20555e+01
tdc                 =  7.86463e+01
mode=0db  rload=100k  rsrc=1k  pos=2  C=470p
fcross = 8.662445e+05
pmarg = 7.205554e+01
tdc = 7.864628e+01
Doing analysis at TEMP = 27.000000 and TNOM = 27.000000

Using SPARSE 1.3 as Direct Linear Solver

No. of Data Rows : 801
fcross              =  8.78272e+05
pmarg               =  6.95582e+01
tdc                 =  7.86463e+01
mode=0db  rload=100k  rsrc=1k  pos=2  C=1n
fcross = 8.782722e+05
pmarg = 6.955823e+01
tdc = 7.864628e+01
Doing analysis at TEMP = 27.000000 and TNOM = 27.000000

Using SPARSE 1.3 as Direct Linear Solver

No. of Data Rows : 801
fcross              =  8.89070e+05
pmarg               =  6.70922e+01
tdc                 =  7.86463e+01
mode=0db  rload=100k  rsrc=1k  pos=2  C=1.5n
fcross = 8.890705e+05
pmarg = 6.709218e+01
tdc = 7.864627e+01
Doing analysis at TEMP = 27.000000 and TNOM = 27.000000

Using SPARSE 1.3 as Direct Linear Solver

No. of Data Rows : 801
fcross              =  9.02948e+05
pmarg               =  6.34758e+01
tdc                 =  7.86463e+01
mode=0db  rload=100k  rsrc=1k  pos=2  C=2.2n
fcross = 9.029476e+05
pmarg = 6.347578e+01
tdc = 7.864627e+01
Doing analysis at TEMP = 27.000000 and TNOM = 27.000000

Using SPARSE 1.3 as Direct Linear Solver

No. of Data Rows : 801
fcross              =  9.11363e+05
pmarg               =  6.08074e+01
tdc                 =  7.86463e+01
mode=0db  rload=100k  rsrc=1k  pos=2  C=2.7n
fcross = 9.113629e+05
pmarg = 6.080735e+01
tdc = 7.864626e+01
Doing analysis at TEMP = 27.000000 and TNOM = 27.000000

Using SPARSE 1.3 as Direct Linear Solver

No. of Data Rows : 801
fcross              =  9.19551e+05
pmarg               =  5.75454e+01
tdc                 =  7.86463e+01
mode=0db  rload=100k  rsrc=1k  pos=2  C=3.3n
fcross = 9.195506e+05
pmarg = 5.754542e+01
tdc = 7.864626e+01
Doing analysis at TEMP = 27.000000 and TNOM = 27.000000

Using SPARSE 1.3 as Direct Linear Solver

No. of Data Rows : 801
fcross              =  9.27291e+05
pmarg               =  5.00631e+01
tdc                 =  7.86462e+01
mode=0db  rload=100k  rsrc=1k  pos=2  C=4.7n
fcross = 9.272906e+05
pmarg = 5.006308e+01
tdc = 7.864624e+01
Doing analysis at TEMP = 27.000000 and TNOM = 27.000000

Using SPARSE 1.3 as Direct Linear Solver

No. of Data Rows : 801
fcross              =  8.55148e+05
pmarg               =  7.37631e+01
tdc                 =  7.86463e+01
mode=0db  rload=100k  rsrc=2.5k  pos=1  C=1f
fcross = 8.551483e+05
pmarg = 7.376310e+01
tdc = 7.864629e+01
Doing analysis at TEMP = 27.000000 and TNOM = 27.000000

Using SPARSE 1.3 as Direct Linear Solver

No. of Data Rows : 801
fcross              =  8.56214e+05
pmarg               =  7.35562e+01
tdc                 =  7.86463e+01
mode=0db  rload=100k  rsrc=2.5k  pos=1  C=47p
fcross = 8.562138e+05
pmarg = 7.355618e+01
tdc = 7.864629e+01
Doing analysis at TEMP = 27.000000 and TNOM = 27.000000

Using SPARSE 1.3 as Direct Linear Solver

No. of Data Rows : 801
fcross              =  8.57328e+05
pmarg               =  7.33212e+01
tdc                 =  7.86463e+01
mode=0db  rload=100k  rsrc=2.5k  pos=1  C=100p
fcross = 8.573279e+05
pmarg = 7.332123e+01
tdc = 7.864629e+01
Doing analysis at TEMP = 27.000000 and TNOM = 27.000000

Using SPARSE 1.3 as Direct Linear Solver

No. of Data Rows : 801
fcross              =  8.59491e+05
pmarg               =  7.27850e+01
tdc                 =  7.86463e+01
mode=0db  rload=100k  rsrc=2.5k  pos=1  C=220p
fcross = 8.594907e+05
pmarg = 7.278503e+01
tdc = 7.864629e+01
Doing analysis at TEMP = 27.000000 and TNOM = 27.000000

Using SPARSE 1.3 as Direct Linear Solver

No. of Data Rows : 801
fcross              =  8.62291e+05
pmarg               =  7.16681e+01
tdc                 =  7.86463e+01
mode=0db  rload=100k  rsrc=2.5k  pos=1  C=470p
fcross = 8.622908e+05
pmarg = 7.166805e+01
tdc = 7.864629e+01
Doing analysis at TEMP = 27.000000 and TNOM = 27.000000

Using SPARSE 1.3 as Direct Linear Solver

No. of Data Rows : 801
fcross              =  8.60480e+05
pmarg               =  6.94744e+01
tdc                 =  7.86463e+01
mode=0db  rload=100k  rsrc=2.5k  pos=1  C=1n
fcross = 8.604802e+05
pmarg = 6.947439e+01
tdc = 7.864629e+01
Doing analysis at TEMP = 27.000000 and TNOM = 27.000000

Using SPARSE 1.3 as Direct Linear Solver

No. of Data Rows : 801
fcross              =  8.50852e+05
pmarg               =  6.78383e+01
tdc                 =  7.86463e+01
mode=0db  rload=100k  rsrc=2.5k  pos=1  C=1.5n
fcross = 8.508522e+05
pmarg = 6.783834e+01
tdc = 7.864629e+01
Doing analysis at TEMP = 27.000000 and TNOM = 27.000000

Using SPARSE 1.3 as Direct Linear Solver

No. of Data Rows : 801
fcross              =  8.31095e+05
pmarg               =  6.63496e+01
tdc                 =  7.86463e+01
mode=0db  rload=100k  rsrc=2.5k  pos=1  C=2.2n
fcross = 8.310945e+05
pmarg = 6.634957e+01
tdc = 7.864629e+01
Doing analysis at TEMP = 27.000000 and TNOM = 27.000000

Using SPARSE 1.3 as Direct Linear Solver

No. of Data Rows : 801
fcross              =  8.16022e+05
pmarg               =  6.57546e+01
tdc                 =  7.86463e+01
mode=0db  rload=100k  rsrc=2.5k  pos=1  C=2.7n
fcross = 8.160225e+05
pmarg = 6.575456e+01
tdc = 7.864629e+01
Doing analysis at TEMP = 27.000000 and TNOM = 27.000000

Using SPARSE 1.3 as Direct Linear Solver

No. of Data Rows : 801
fcross              =  7.98965e+05
pmarg               =  6.53962e+01
tdc                 =  7.86463e+01
mode=0db  rload=100k  rsrc=2.5k  pos=1  C=3.3n
fcross = 7.989651e+05
pmarg = 6.539619e+01
tdc = 7.864629e+01
Doing analysis at TEMP = 27.000000 and TNOM = 27.000000

Using SPARSE 1.3 as Direct Linear Solver

No. of Data Rows : 801
fcross              =  7.66746e+05
pmarg               =  6.53924e+01
tdc                 =  7.86463e+01
mode=0db  rload=100k  rsrc=2.5k  pos=1  C=4.7n
fcross = 7.667464e+05
pmarg = 6.539237e+01
tdc = 7.864629e+01
Doing analysis at TEMP = 27.000000 and TNOM = 27.000000

Using SPARSE 1.3 as Direct Linear Solver

No. of Data Rows : 801
fcross              =  8.55148e+05
pmarg               =  7.37631e+01
tdc                 =  7.86463e+01
mode=0db  rload=100k  rsrc=2.5k  pos=2  C=1f
fcross = 8.551483e+05
pmarg = 7.376310e+01
tdc = 7.864629e+01
Doing analysis at TEMP = 27.000000 and TNOM = 27.000000

Using SPARSE 1.3 as Direct Linear Solver

No. of Data Rows : 801
fcross              =  8.56250e+05
pmarg               =  7.35562e+01
tdc                 =  7.86463e+01
mode=0db  rload=100k  rsrc=2.5k  pos=2  C=47p
fcross = 8.562498e+05
pmarg = 7.355618e+01
tdc = 7.864629e+01
Doing analysis at TEMP = 27.000000 and TNOM = 27.000000

Using SPARSE 1.3 as Direct Linear Solver
 Reference value :  1.58489e+03
No. of Data Rows : 801
fcross              =  8.57489e+05
pmarg               =  7.33217e+01
tdc                 =  7.86463e+01
mode=0db  rload=100k  rsrc=2.5k  pos=2  C=100p
fcross = 8.574891e+05
pmarg = 7.332168e+01
tdc = 7.864629e+01
Doing analysis at TEMP = 27.000000 and TNOM = 27.000000

Using SPARSE 1.3 as Direct Linear Solver

No. of Data Rows : 801
fcross              =  8.60283e+05
pmarg               =  7.27861e+01
tdc                 =  7.86463e+01
mode=0db  rload=100k  rsrc=2.5k  pos=2  C=220p
fcross = 8.602828e+05
pmarg = 7.278614e+01
tdc = 7.864629e+01
Doing analysis at TEMP = 27.000000 and TNOM = 27.000000

Using SPARSE 1.3 as Direct Linear Solver

No. of Data Rows : 801
fcross              =  8.66039e+05
pmarg               =  7.16501e+01
tdc                 =  7.86463e+01
mode=0db  rload=100k  rsrc=2.5k  pos=2  C=470p
fcross = 8.660390e+05
pmarg = 7.165012e+01
tdc = 7.864628e+01
Doing analysis at TEMP = 27.000000 and TNOM = 27.000000

Using SPARSE 1.3 as Direct Linear Solver

No. of Data Rows : 801
fcross              =  8.78050e+05
pmarg               =  6.91481e+01
tdc                 =  7.86463e+01
mode=0db  rload=100k  rsrc=2.5k  pos=2  C=1n
fcross = 8.780496e+05
pmarg = 6.914810e+01
tdc = 7.864628e+01
Doing analysis at TEMP = 27.000000 and TNOM = 27.000000

Using SPARSE 1.3 as Direct Linear Solver

No. of Data Rows : 801
fcross              =  8.88837e+05
pmarg               =  6.66779e+01
tdc                 =  7.86463e+01
mode=0db  rload=100k  rsrc=2.5k  pos=2  C=1.5n
fcross = 8.888374e+05
pmarg = 6.667786e+01
tdc = 7.864627e+01
Doing analysis at TEMP = 27.000000 and TNOM = 27.000000

Using SPARSE 1.3 as Direct Linear Solver

No. of Data Rows : 801
fcross              =  9.02693e+05
pmarg               =  6.30566e+01
tdc                 =  7.86463e+01
mode=0db  rload=100k  rsrc=2.5k  pos=2  C=2.2n
fcross = 9.026934e+05
pmarg = 6.305660e+01
tdc = 7.864627e+01
Doing analysis at TEMP = 27.000000 and TNOM = 27.000000

Using SPARSE 1.3 as Direct Linear Solver

No. of Data Rows : 801
fcross              =  9.11100e+05
pmarg               =  6.03853e+01
tdc                 =  7.86463e+01
mode=0db  rload=100k  rsrc=2.5k  pos=2  C=2.7n
fcross = 9.111004e+05
pmarg = 6.038534e+01
tdc = 7.864626e+01
Doing analysis at TEMP = 27.000000 and TNOM = 27.000000

Using SPARSE 1.3 as Direct Linear Solver

No. of Data Rows : 801
fcross              =  9.19272e+05
pmarg               =  5.71213e+01
tdc                 =  7.86463e+01
mode=0db  rload=100k  rsrc=2.5k  pos=2  C=3.3n
fcross = 9.192719e+05
pmarg = 5.712134e+01
tdc = 7.864626e+01
Doing analysis at TEMP = 27.000000 and TNOM = 27.000000

Using SPARSE 1.3 as Direct Linear Solver

No. of Data Rows : 801
fcross              =  9.27010e+05
pmarg               =  4.96383e+01
tdc                 =  7.86462e+01
mode=0db  rload=100k  rsrc=2.5k  pos=2  C=4.7n
fcross = 9.270103e+05
pmarg = 4.963832e+01
tdc = 7.864624e+01
Doing analysis at TEMP = 27.000000 and TNOM = 27.000000

Using SPARSE 1.3 as Direct Linear Solver

No. of Data Rows : 801
fcross              =  8.55136e+05
pmarg               =  7.37442e+01
tdc                 =  7.86463e+01
mode=0db  rload=100k  rsrc=2.571k  pos=1  C=1f
fcross = 8.551358e+05
pmarg = 7.374422e+01
tdc = 7.864629e+01
Doing analysis at TEMP = 27.000000 and TNOM = 27.000000

Using SPARSE 1.3 as Direct Linear Solver

No. of Data Rows : 801
fcross              =  8.56201e+05
pmarg               =  7.35373e+01
tdc                 =  7.86463e+01
mode=0db  rload=100k  rsrc=2.571k  pos=1  C=47p
fcross = 8.562013e+05
pmarg = 7.353728e+01
tdc = 7.864629e+01
Doing analysis at TEMP = 27.000000 and TNOM = 27.000000

Using SPARSE 1.3 as Direct Linear Solver

No. of Data Rows : 801
fcross              =  8.57315e+05
pmarg               =  7.33023e+01
tdc                 =  7.86463e+01
mode=0db  rload=100k  rsrc=2.571k  pos=1  C=100p
fcross = 8.573152e+05
pmarg = 7.330231e+01
tdc = 7.864629e+01
Doing analysis at TEMP = 27.000000 and TNOM = 27.000000

Using SPARSE 1.3 as Direct Linear Solver

No. of Data Rows : 801
fcross              =  8.59478e+05
pmarg               =  7.27661e+01
tdc                 =  7.86463e+01
mode=0db  rload=100k  rsrc=2.571k  pos=1  C=220p
fcross = 8.594779e+05
pmarg = 7.276607e+01
tdc = 7.864629e+01
Doing analysis at TEMP = 27.000000 and TNOM = 27.000000

Using SPARSE 1.3 as Direct Linear Solver

No. of Data Rows : 801
fcross              =  8.62278e+05
pmarg               =  7.16491e+01
tdc                 =  7.86463e+01
mode=0db  rload=100k  rsrc=2.571k  pos=1  C=470p
fcross = 8.622779e+05
pmarg = 7.164905e+01
tdc = 7.864629e+01
Doing analysis at TEMP = 27.000000 and TNOM = 27.000000

Using SPARSE 1.3 as Direct Linear Solver

No. of Data Rows : 801
fcross              =  8.60467e+05
pmarg               =  6.94555e+01
tdc                 =  7.86463e+01
mode=0db  rload=100k  rsrc=2.571k  pos=1  C=1n
fcross = 8.604675e+05
pmarg = 6.945546e+01
tdc = 7.864629e+01
Doing analysis at TEMP = 27.000000 and TNOM = 27.000000

Using SPARSE 1.3 as Direct Linear Solver

No. of Data Rows : 801
fcross              =  8.50840e+05
pmarg               =  6.78196e+01
tdc                 =  7.86463e+01
mode=0db  rload=100k  rsrc=2.571k  pos=1  C=1.5n
fcross = 8.508403e+05
pmarg = 6.781963e+01
tdc = 7.864629e+01
Doing analysis at TEMP = 27.000000 and TNOM = 27.000000

Using SPARSE 1.3 as Direct Linear Solver

No. of Data Rows : 801
fcross              =  8.31084e+05
pmarg               =  6.63313e+01
tdc                 =  7.86463e+01
mode=0db  rload=100k  rsrc=2.571k  pos=1  C=2.2n
fcross = 8.310839e+05
pmarg = 6.633128e+01
tdc = 7.864629e+01
Doing analysis at TEMP = 27.000000 and TNOM = 27.000000

Using SPARSE 1.3 as Direct Linear Solver

No. of Data Rows : 801
fcross              =  8.16012e+05
pmarg               =  6.57366e+01
tdc                 =  7.86463e+01
mode=0db  rload=100k  rsrc=2.571k  pos=1  C=2.7n
fcross = 8.160124e+05
pmarg = 6.573659e+01
tdc = 7.864629e+01
Doing analysis at TEMP = 27.000000 and TNOM = 27.000000

Using SPARSE 1.3 as Direct Linear Solver

No. of Data Rows : 801
fcross              =  7.98956e+05
pmarg               =  6.53786e+01
tdc                 =  7.86463e+01
mode=0db  rload=100k  rsrc=2.571k  pos=1  C=3.3n
fcross = 7.989559e+05
pmarg = 6.537857e+01
tdc = 7.864629e+01
Doing analysis at TEMP = 27.000000 and TNOM = 27.000000

Using SPARSE 1.3 as Direct Linear Solver

No. of Data Rows : 801
fcross              =  7.66738e+05
pmarg               =  6.53754e+01
tdc                 =  7.86463e+01
mode=0db  rload=100k  rsrc=2.571k  pos=1  C=4.7n
fcross = 7.667384e+05
pmarg = 6.537542e+01
tdc = 7.864629e+01
Doing analysis at TEMP = 27.000000 and TNOM = 27.000000

Using SPARSE 1.3 as Direct Linear Solver

No. of Data Rows : 801
fcross              =  8.55136e+05
pmarg               =  7.37442e+01
tdc                 =  7.86463e+01
mode=0db  rload=100k  rsrc=2.571k  pos=2  C=1f
fcross = 8.551358e+05
pmarg = 7.374422e+01
tdc = 7.864629e+01
Doing analysis at TEMP = 27.000000 and TNOM = 27.000000

Using SPARSE 1.3 as Direct Linear Solver

No. of Data Rows : 801
fcross              =  8.56237e+05
pmarg               =  7.35373e+01
tdc                 =  7.86463e+01
mode=0db  rload=100k  rsrc=2.571k  pos=2  C=47p
fcross = 8.562372e+05
pmarg = 7.353728e+01
tdc = 7.864629e+01
Doing analysis at TEMP = 27.000000 and TNOM = 27.000000

Using SPARSE 1.3 as Direct Linear Solver

No. of Data Rows : 801
fcross              =  8.57476e+05
pmarg               =  7.33028e+01
tdc                 =  7.86463e+01
mode=0db  rload=100k  rsrc=2.571k  pos=2  C=100p
fcross = 8.574764e+05
pmarg = 7.330275e+01
tdc = 7.864629e+01
Doing analysis at TEMP = 27.000000 and TNOM = 27.000000

Using SPARSE 1.3 as Direct Linear Solver

No. of Data Rows : 801
fcross              =  8.60270e+05
pmarg               =  7.27672e+01
tdc                 =  7.86463e+01
mode=0db  rload=100k  rsrc=2.571k  pos=2  C=220p
fcross = 8.602700e+05
pmarg = 7.276716e+01
tdc = 7.864629e+01
Doing analysis at TEMP = 27.000000 and TNOM = 27.000000

Using SPARSE 1.3 as Direct Linear Solver

No. of Data Rows : 801
fcross              =  8.66026e+05
pmarg               =  7.16310e+01
tdc                 =  7.86463e+01
mode=0db  rload=100k  rsrc=2.571k  pos=2  C=470p
fcross = 8.660258e+05
pmarg = 7.163104e+01
tdc = 7.864628e+01
Doing analysis at TEMP = 27.000000 and TNOM = 27.000000

Using SPARSE 1.3 as Direct Linear Solver

No. of Data Rows : 801
fcross              =  8.78035e+05
pmarg               =  6.91288e+01
tdc                 =  7.86463e+01
mode=0db  rload=100k  rsrc=2.571k  pos=2  C=1n
fcross = 8.780354e+05
pmarg = 6.912882e+01
tdc = 7.864628e+01
Doing analysis at TEMP = 27.000000 and TNOM = 27.000000

Using SPARSE 1.3 as Direct Linear Solver

No. of Data Rows : 801
fcross              =  8.88822e+05
pmarg               =  6.66584e+01
tdc                 =  7.86463e+01
mode=0db  rload=100k  rsrc=2.571k  pos=2  C=1.5n
fcross = 8.888224e+05
pmarg = 6.665840e+01
tdc = 7.864627e+01
Doing analysis at TEMP = 27.000000 and TNOM = 27.000000

Using SPARSE 1.3 as Direct Linear Solver

No. of Data Rows : 801
fcross              =  9.02677e+05
pmarg               =  6.30369e+01
tdc                 =  7.86463e+01
mode=0db  rload=100k  rsrc=2.571k  pos=2  C=2.2n
fcross = 9.026771e+05
pmarg = 6.303694e+01
tdc = 7.864627e+01
Doing analysis at TEMP = 27.000000 and TNOM = 27.000000

Using SPARSE 1.3 as Direct Linear Solver

No. of Data Rows : 801
fcross              =  9.11084e+05
pmarg               =  6.03656e+01
tdc                 =  7.86463e+01
mode=0db  rload=100k  rsrc=2.571k  pos=2  C=2.7n
fcross = 9.110835e+05
pmarg = 6.036556e+01
tdc = 7.864626e+01
Doing analysis at TEMP = 27.000000 and TNOM = 27.000000

Using SPARSE 1.3 as Direct Linear Solver

No. of Data Rows : 801
fcross              =  9.19254e+05
pmarg               =  5.71015e+01
tdc                 =  7.86463e+01
mode=0db  rload=100k  rsrc=2.571k  pos=2  C=3.3n
fcross = 9.192540e+05
pmarg = 5.710150e+01
tdc = 7.864626e+01
Doing analysis at TEMP = 27.000000 and TNOM = 27.000000

Using SPARSE 1.3 as Direct Linear Solver

No. of Data Rows : 801
fcross              =  9.26992e+05
pmarg               =  4.96185e+01
tdc                 =  7.86462e+01
mode=0db  rload=100k  rsrc=2.571k  pos=2  C=4.7n
fcross = 9.269922e+05
pmarg = 4.961850e+01
tdc = 7.864624e+01
Doing analysis at TEMP = 27.000000 and TNOM = 27.000000

Using SPARSE 1.3 as Direct Linear Solver

No. of Data Rows : 801
fcross              =  8.55129e+05
pmarg               =  7.37336e+01
tdc                 =  7.86463e+01
mode=0db  rload=100k  rsrc=2.611k  pos=1  C=1f
fcross = 8.551286e+05
pmarg = 7.373359e+01
tdc = 7.864629e+01
Doing analysis at TEMP = 27.000000 and TNOM = 27.000000

Using SPARSE 1.3 as Direct Linear Solver

No. of Data Rows : 801
fcross              =  8.56194e+05
pmarg               =  7.35266e+01
tdc                 =  7.86463e+01
mode=0db  rload=100k  rsrc=2.611k  pos=1  C=47p
fcross = 8.561940e+05
pmarg = 7.352664e+01
tdc = 7.864629e+01
Doing analysis at TEMP = 27.000000 and TNOM = 27.000000

Using SPARSE 1.3 as Direct Linear Solver

No. of Data Rows : 801
fcross              =  8.57308e+05
pmarg               =  7.32917e+01
tdc                 =  7.86463e+01
mode=0db  rload=100k  rsrc=2.611k  pos=1  C=100p
fcross = 8.573080e+05
pmarg = 7.329165e+01
tdc = 7.864629e+01
Doing analysis at TEMP = 27.000000 and TNOM = 27.000000

Using SPARSE 1.3 as Direct Linear Solver

No. of Data Rows : 801
fcross              =  8.59471e+05
pmarg               =  7.27554e+01
tdc                 =  7.86463e+01
mode=0db  rload=100k  rsrc=2.611k  pos=1  C=220p
fcross = 8.594706e+05
pmarg = 7.275540e+01
tdc = 7.864629e+01
Doing analysis at TEMP = 27.000000 and TNOM = 27.000000

Using SPARSE 1.3 as Direct Linear Solver

No. of Data Rows : 801
fcross              =  8.62270e+05
pmarg               =  7.16384e+01
tdc                 =  7.86463e+01
mode=0db  rload=100k  rsrc=2.611k  pos=1  C=470p
fcross = 8.622705e+05
pmarg = 7.163835e+01
tdc = 7.864629e+01
Doing analysis at TEMP = 27.000000 and TNOM = 27.000000

Using SPARSE 1.3 as Direct Linear Solver

No. of Data Rows : 801
fcross              =  8.60460e+05
pmarg               =  6.94448e+01
tdc                 =  7.86463e+01
mode=0db  rload=100k  rsrc=2.611k  pos=1  C=1n
fcross = 8.604601e+05
pmarg = 6.944481e+01
tdc = 7.864629e+01
Doing analysis at TEMP = 27.000000 and TNOM = 27.000000

Using SPARSE 1.3 as Direct Linear Solver

No. of Data Rows : 801
fcross              =  8.50833e+05
pmarg               =  6.78091e+01
tdc                 =  7.86463e+01
mode=0db  rload=100k  rsrc=2.611k  pos=1  C=1.5n
fcross = 8.508335e+05
pmarg = 6.780910e+01
tdc = 7.864629e+01
Doing analysis at TEMP = 27.000000 and TNOM = 27.000000

Using SPARSE 1.3 as Direct Linear Solver

No. of Data Rows : 801
fcross              =  8.31078e+05
pmarg               =  6.63210e+01
tdc                 =  7.86463e+01
mode=0db  rload=100k  rsrc=2.611k  pos=1  C=2.2n
fcross = 8.310777e+05
pmarg = 6.632098e+01
tdc = 7.864629e+01
Doing analysis at TEMP = 27.000000 and TNOM = 27.000000

Using SPARSE 1.3 as Direct Linear Solver

No. of Data Rows : 801
fcross              =  8.16007e+05
pmarg               =  6.57265e+01
tdc                 =  7.86463e+01
mode=0db  rload=100k  rsrc=2.611k  pos=1  C=2.7n
fcross = 8.160066e+05
pmarg = 6.572647e+01
tdc = 7.864629e+01
Doing analysis at TEMP = 27.000000 and TNOM = 27.000000

Using SPARSE 1.3 as Direct Linear Solver

No. of Data Rows : 801
fcross              =  7.98951e+05
pmarg               =  6.53687e+01
tdc                 =  7.86463e+01
mode=0db  rload=100k  rsrc=2.611k  pos=1  C=3.3n
fcross = 7.989506e+05
pmarg = 6.536865e+01
tdc = 7.864629e+01
Doing analysis at TEMP = 27.000000 and TNOM = 27.000000

Using SPARSE 1.3 as Direct Linear Solver

No. of Data Rows : 801
fcross              =  7.66734e+05
pmarg               =  6.53659e+01
tdc                 =  7.86463e+01
mode=0db  rload=100k  rsrc=2.611k  pos=1  C=4.7n
fcross = 7.667338e+05
pmarg = 6.536588e+01
tdc = 7.864629e+01
Doing analysis at TEMP = 27.000000 and TNOM = 27.000000

Using SPARSE 1.3 as Direct Linear Solver

No. of Data Rows : 801
fcross              =  8.55129e+05
pmarg               =  7.37336e+01
tdc                 =  7.86463e+01
mode=0db  rload=100k  rsrc=2.611k  pos=2  C=1f
fcross = 8.551286e+05
pmarg = 7.373359e+01
tdc = 7.864629e+01
Doing analysis at TEMP = 27.000000 and TNOM = 27.000000

Using SPARSE 1.3 as Direct Linear Solver

No. of Data Rows : 801
fcross              =  8.56230e+05
pmarg               =  7.35266e+01
tdc                 =  7.86463e+01
mode=0db  rload=100k  rsrc=2.611k  pos=2  C=47p
fcross = 8.562300e+05
pmarg = 7.352664e+01
tdc = 7.864629e+01
Doing analysis at TEMP = 27.000000 and TNOM = 27.000000

Using SPARSE 1.3 as Direct Linear Solver

No. of Data Rows : 801
fcross              =  8.57469e+05
pmarg               =  7.32921e+01
tdc                 =  7.86463e+01
mode=0db  rload=100k  rsrc=2.611k  pos=2  C=100p
fcross = 8.574692e+05
pmarg = 7.329209e+01
tdc = 7.864629e+01
Doing analysis at TEMP = 27.000000 and TNOM = 27.000000

Using SPARSE 1.3 as Direct Linear Solver

No. of Data Rows : 801
fcross              =  8.60263e+05
pmarg               =  7.27565e+01
tdc                 =  7.86463e+01
mode=0db  rload=100k  rsrc=2.611k  pos=2  C=220p
fcross = 8.602626e+05
pmarg = 7.275647e+01
tdc = 7.864629e+01
Doing analysis at TEMP = 27.000000 and TNOM = 27.000000

Using SPARSE 1.3 as Direct Linear Solver

No. of Data Rows : 801
fcross              =  8.66018e+05
pmarg               =  7.16203e+01
tdc                 =  7.86463e+01
mode=0db  rload=100k  rsrc=2.611k  pos=2  C=470p
fcross = 8.660183e+05
pmarg = 7.162029e+01
tdc = 7.864628e+01
Doing analysis at TEMP = 27.000000 and TNOM = 27.000000

Using SPARSE 1.3 as Direct Linear Solver

No. of Data Rows : 801
fcross              =  8.78027e+05
pmarg               =  6.91180e+01
tdc                 =  7.86463e+01
mode=0db  rload=100k  rsrc=2.611k  pos=2  C=1n
fcross = 8.780272e+05
pmarg = 6.911796e+01
tdc = 7.864628e+01
Doing analysis at TEMP = 27.000000 and TNOM = 27.000000

Using SPARSE 1.3 as Direct Linear Solver

No. of Data Rows : 801
fcross              =  8.88814e+05
pmarg               =  6.66474e+01
tdc                 =  7.86463e+01
mode=0db  rload=100k  rsrc=2.611k  pos=2  C=1.5n
fcross = 8.888139e+05
pmarg = 6.664744e+01
tdc = 7.864627e+01
Doing analysis at TEMP = 27.000000 and TNOM = 27.000000

Using SPARSE 1.3 as Direct Linear Solver

No. of Data Rows : 801
fcross              =  9.02668e+05
pmarg               =  6.30259e+01
tdc                 =  7.86463e+01
mode=0db  rload=100k  rsrc=2.611k  pos=2  C=2.2n
fcross = 9.026677e+05
pmarg = 6.302587e+01
tdc = 7.864627e+01
Doing analysis at TEMP = 27.000000 and TNOM = 27.000000

Using SPARSE 1.3 as Direct Linear Solver

No. of Data Rows : 801
fcross              =  9.11074e+05
pmarg               =  6.03544e+01
tdc                 =  7.86463e+01
mode=0db  rload=100k  rsrc=2.611k  pos=2  C=2.7n
fcross = 9.110738e+05
pmarg = 6.035442e+01
tdc = 7.864626e+01
Doing analysis at TEMP = 27.000000 and TNOM = 27.000000

Using SPARSE 1.3 as Direct Linear Solver

No. of Data Rows : 801
fcross              =  9.19244e+05
pmarg               =  5.70903e+01
tdc                 =  7.86463e+01
mode=0db  rload=100k  rsrc=2.611k  pos=2  C=3.3n
fcross = 9.192437e+05
pmarg = 5.709033e+01
tdc = 7.864626e+01
Doing analysis at TEMP = 27.000000 and TNOM = 27.000000

Using SPARSE 1.3 as Direct Linear Solver

No. of Data Rows : 801
fcross              =  9.26982e+05
pmarg               =  4.96073e+01
tdc                 =  7.86462e+01
mode=0db  rload=100k  rsrc=2.611k  pos=2  C=4.7n
fcross = 9.269818e+05
pmarg = 4.960734e+01
tdc = 7.864624e+01
Doing analysis at TEMP = 27.000000 and TNOM = 27.000000

Using SPARSE 1.3 as Direct Linear Solver

No. of Data Rows : 801
fcross              =  8.54383e+05
pmarg               =  7.44227e+01
tdc                 =  7.85120e+01
mode=0db  rload=10k  rsrc=1m  pos=1  C=1f
fcross = 8.543826e+05
pmarg = 7.442268e+01
tdc = 7.851196e+01
Doing analysis at TEMP = 27.000000 and TNOM = 27.000000

Using SPARSE 1.3 as Direct Linear Solver

No. of Data Rows : 801
fcross              =  8.55435e+05
pmarg               =  7.42187e+01
tdc                 =  7.85120e+01
mode=0db  rload=10k  rsrc=1m  pos=1  C=47p
fcross = 8.554354e+05
pmarg = 7.421874e+01
tdc = 7.851196e+01
Doing analysis at TEMP = 27.000000 and TNOM = 27.000000

Using SPARSE 1.3 as Direct Linear Solver

No. of Data Rows : 801
fcross              =  8.56536e+05
pmarg               =  7.39871e+01
tdc                 =  7.85120e+01
mode=0db  rload=10k  rsrc=1m  pos=1  C=100p
fcross = 8.565363e+05
pmarg = 7.398712e+01
tdc = 7.851196e+01
Doing analysis at TEMP = 27.000000 and TNOM = 27.000000

Using SPARSE 1.3 as Direct Linear Solver

No. of Data Rows : 801
fcross              =  8.58675e+05
pmarg               =  7.34583e+01
tdc                 =  7.85120e+01
mode=0db  rload=10k  rsrc=1m  pos=1  C=220p
fcross = 8.586752e+05
pmarg = 7.345829e+01
tdc = 7.851197e+01
Doing analysis at TEMP = 27.000000 and TNOM = 27.000000

Using SPARSE 1.3 as Direct Linear Solver

No. of Data Rows : 801
fcross              =  8.61453e+05
pmarg               =  7.23554e+01
tdc                 =  7.85120e+01
mode=0db  rload=10k  rsrc=1m  pos=1  C=470p
fcross = 8.614528e+05
pmarg = 7.235537e+01
tdc = 7.851198e+01
Doing analysis at TEMP = 27.000000 and TNOM = 27.000000

Using SPARSE 1.3 as Direct Linear Solver

No. of Data Rows : 801
fcross              =  8.59716e+05
pmarg               =  7.01818e+01
tdc                 =  7.85120e+01
mode=0db  rload=10k  rsrc=1m  pos=1  C=1n
fcross = 8.597156e+05
pmarg = 7.018176e+01
tdc = 7.851201e+01
Doing analysis at TEMP = 27.000000 and TNOM = 27.000000

Using SPARSE 1.3 as Direct Linear Solver

No. of Data Rows : 801
fcross              =  8.50270e+05
pmarg               =  6.85496e+01
tdc                 =  7.85120e+01
mode=0db  rload=10k  rsrc=1m  pos=1  C=1.5n
fcross = 8.502704e+05
pmarg = 6.854962e+01
tdc = 7.851203e+01
Doing analysis at TEMP = 27.000000 and TNOM = 27.000000

Using SPARSE 1.3 as Direct Linear Solver

No. of Data Rows : 801
fcross              =  8.30774e+05
pmarg               =  6.70495e+01
tdc                 =  7.85121e+01
mode=0db  rload=10k  rsrc=1m  pos=1  C=2.2n
fcross = 8.307743e+05
pmarg = 6.704946e+01
tdc = 7.851207e+01
Doing analysis at TEMP = 27.000000 and TNOM = 27.000000

Using SPARSE 1.3 as Direct Linear Solver

No. of Data Rows : 801
fcross              =  8.15849e+05
pmarg               =  6.64407e+01
tdc                 =  7.85121e+01
mode=0db  rload=10k  rsrc=1m  pos=1  C=2.7n
fcross = 8.158492e+05
pmarg = 6.644072e+01
tdc = 7.851209e+01
Doing analysis at TEMP = 27.000000 and TNOM = 27.000000

Using SPARSE 1.3 as Direct Linear Solver

No. of Data Rows : 801
fcross              =  7.98926e+05
pmarg               =  6.60645e+01
tdc                 =  7.85121e+01
mode=0db  rload=10k  rsrc=1m  pos=1  C=3.3n
fcross = 7.989256e+05
pmarg = 6.606446e+01
tdc = 7.851212e+01
Doing analysis at TEMP = 27.000000 and TNOM = 27.000000

Using SPARSE 1.3 as Direct Linear Solver

No. of Data Rows : 801
fcross              =  7.66870e+05
pmarg               =  6.60240e+01
tdc                 =  7.85122e+01
mode=0db  rload=10k  rsrc=1m  pos=1  C=4.7n
fcross = 7.668699e+05
pmarg = 6.602398e+01
tdc = 7.851220e+01
Doing analysis at TEMP = 27.000000 and TNOM = 27.000000

Using SPARSE 1.3 as Direct Linear Solver

No. of Data Rows : 801
fcross              =  8.54383e+05
pmarg               =  7.44227e+01
tdc                 =  7.85120e+01
mode=0db  rload=10k  rsrc=1m  pos=2  C=1f
fcross = 8.543826e+05
pmarg = 7.442268e+01
tdc = 7.851196e+01
Doing analysis at TEMP = 27.000000 and TNOM = 27.000000

Using SPARSE 1.3 as Direct Linear Solver

No. of Data Rows : 801
fcross              =  8.55480e+05
pmarg               =  7.42170e+01
tdc                 =  7.85120e+01
mode=0db  rload=10k  rsrc=1m  pos=2  C=47p
fcross = 8.554800e+05
pmarg = 7.421704e+01
tdc = 7.851196e+01
Doing analysis at TEMP = 27.000000 and TNOM = 27.000000

Using SPARSE 1.3 as Direct Linear Solver

No. of Data Rows : 801
fcross              =  8.56715e+05
pmarg               =  7.39840e+01
tdc                 =  7.85120e+01
mode=0db  rload=10k  rsrc=1m  pos=2  C=100p
fcross = 8.567146e+05
pmarg = 7.398397e+01
tdc = 7.851196e+01
Doing analysis at TEMP = 27.000000 and TNOM = 27.000000

Using SPARSE 1.3 as Direct Linear Solver
 Reference value :  2.69153e+02
No. of Data Rows : 801
fcross              =  8.59498e+05
pmarg               =  7.34517e+01
tdc                 =  7.85120e+01
mode=0db  rload=10k  rsrc=1m  pos=2  C=220p
fcross = 8.594977e+05
pmarg = 7.345170e+01
tdc = 7.851196e+01
Doing analysis at TEMP = 27.000000 and TNOM = 27.000000

Using SPARSE 1.3 as Direct Linear Solver

No. of Data Rows : 801
fcross              =  8.65232e+05
pmarg               =  7.23226e+01
tdc                 =  7.85120e+01
mode=0db  rload=10k  rsrc=1m  pos=2  C=470p
fcross = 8.652317e+05
pmarg = 7.232258e+01
tdc = 7.851195e+01
Doing analysis at TEMP = 27.000000 and TNOM = 27.000000

Using SPARSE 1.3 as Direct Linear Solver

No. of Data Rows : 801
fcross              =  8.77171e+05
pmarg               =  6.98361e+01
tdc                 =  7.85119e+01
mode=0db  rload=10k  rsrc=1m  pos=2  C=1n
fcross = 8.771710e+05
pmarg = 6.983615e+01
tdc = 7.851195e+01
Doing analysis at TEMP = 27.000000 and TNOM = 27.000000

Using SPARSE 1.3 as Direct Linear Solver

No. of Data Rows : 801
fcross              =  8.87913e+05
pmarg               =  6.73805e+01
tdc                 =  7.85119e+01
mode=0db  rload=10k  rsrc=1m  pos=2  C=1.5n
fcross = 8.879128e+05
pmarg = 6.738049e+01
tdc = 7.851194e+01
Doing analysis at TEMP = 27.000000 and TNOM = 27.000000

Using SPARSE 1.3 as Direct Linear Solver

No. of Data Rows : 801
fcross              =  9.01678e+05
pmarg               =  6.37808e+01
tdc                 =  7.85119e+01
mode=0db  rload=10k  rsrc=1m  pos=2  C=2.2n
fcross = 9.016785e+05
pmarg = 6.378084e+01
tdc = 7.851194e+01
Doing analysis at TEMP = 27.000000 and TNOM = 27.000000

Using SPARSE 1.3 as Direct Linear Solver

No. of Data Rows : 801
fcross              =  9.10047e+05
pmarg               =  6.11240e+01
tdc                 =  7.85119e+01
mode=0db  rload=10k  rsrc=1m  pos=2  C=2.7n
fcross = 9.100469e+05
pmarg = 6.112396e+01
tdc = 7.851193e+01
Doing analysis at TEMP = 27.000000 and TNOM = 27.000000

Using SPARSE 1.3 as Direct Linear Solver

No. of Data Rows : 801
fcross              =  9.18148e+05
pmarg               =  5.78779e+01
tdc                 =  7.85119e+01
mode=0db  rload=10k  rsrc=1m  pos=2  C=3.3n
fcross = 9.181475e+05
pmarg = 5.787788e+01
tdc = 7.851193e+01
Doing analysis at TEMP = 27.000000 and TNOM = 27.000000

Using SPARSE 1.3 as Direct Linear Solver

No. of Data Rows : 801
fcross              =  9.25865e+05
pmarg               =  5.04238e+01
tdc                 =  7.85119e+01
mode=0db  rload=10k  rsrc=1m  pos=2  C=4.7n
fcross = 9.258655e+05
pmarg = 5.042378e+01
tdc = 7.851191e+01
Doing analysis at TEMP = 27.000000 and TNOM = 27.000000

Using SPARSE 1.3 as Direct Linear Solver

No. of Data Rows : 801
fcross              =  8.54326e+05
pmarg               =  7.41537e+01
tdc                 =  7.85120e+01
mode=0db  rload=10k  rsrc=1k  pos=1  C=1f
fcross = 8.543260e+05
pmarg = 7.415370e+01
tdc = 7.851196e+01
Doing analysis at TEMP = 27.000000 and TNOM = 27.000000

Using SPARSE 1.3 as Direct Linear Solver

No. of Data Rows : 801
fcross              =  8.55378e+05
pmarg               =  7.39495e+01
tdc                 =  7.85120e+01
mode=0db  rload=10k  rsrc=1k  pos=1  C=47p
fcross = 8.553785e+05
pmarg = 7.394945e+01
tdc = 7.851196e+01
Doing analysis at TEMP = 27.000000 and TNOM = 27.000000

Using SPARSE 1.3 as Direct Linear Solver

No. of Data Rows : 801
fcross              =  8.56479e+05
pmarg               =  7.37175e+01
tdc                 =  7.85120e+01
mode=0db  rload=10k  rsrc=1k  pos=1  C=100p
fcross = 8.564792e+05
pmarg = 7.371750e+01
tdc = 7.851196e+01
Doing analysis at TEMP = 27.000000 and TNOM = 27.000000

Using SPARSE 1.3 as Direct Linear Solver

No. of Data Rows : 801
fcross              =  8.58618e+05
pmarg               =  7.31880e+01
tdc                 =  7.85120e+01
mode=0db  rload=10k  rsrc=1k  pos=1  C=220p
fcross = 8.586175e+05
pmarg = 7.318804e+01
tdc = 7.851197e+01
Doing analysis at TEMP = 27.000000 and TNOM = 27.000000

Using SPARSE 1.3 as Direct Linear Solver

No. of Data Rows : 801
fcross              =  8.61394e+05
pmarg               =  7.20843e+01
tdc                 =  7.85120e+01
mode=0db  rload=10k  rsrc=1k  pos=1  C=470p
fcross = 8.613945e+05
pmarg = 7.208432e+01
tdc = 7.851198e+01
Doing analysis at TEMP = 27.000000 and TNOM = 27.000000

Using SPARSE 1.3 as Direct Linear Solver

No. of Data Rows : 801
fcross              =  8.59658e+05
pmarg               =  6.99114e+01
tdc                 =  7.85120e+01
mode=0db  rload=10k  rsrc=1k  pos=1  C=1n
fcross = 8.596582e+05
pmarg = 6.991140e+01
tdc = 7.851201e+01
Doing analysis at TEMP = 27.000000 and TNOM = 27.000000

Using SPARSE 1.3 as Direct Linear Solver

No. of Data Rows : 801
fcross              =  8.50217e+05
pmarg               =  6.82822e+01
tdc                 =  7.85120e+01
mode=0db  rload=10k  rsrc=1k  pos=1  C=1.5n
fcross = 8.502169e+05
pmarg = 6.828223e+01
tdc = 7.851203e+01
Doing analysis at TEMP = 27.000000 and TNOM = 27.000000

Using SPARSE 1.3 as Direct Linear Solver

No. of Data Rows : 801
fcross              =  8.30726e+05
pmarg               =  6.67881e+01
tdc                 =  7.85121e+01
mode=0db  rload=10k  rsrc=1k  pos=1  C=2.2n
fcross = 8.307263e+05
pmarg = 6.678814e+01
tdc = 7.851207e+01
Doing analysis at TEMP = 27.000000 and TNOM = 27.000000

Using SPARSE 1.3 as Direct Linear Solver

No. of Data Rows : 801
fcross              =  8.15804e+05
pmarg               =  6.61840e+01
tdc                 =  7.85121e+01
mode=0db  rload=10k  rsrc=1k  pos=1  C=2.7n
fcross = 8.158039e+05
pmarg = 6.618404e+01
tdc = 7.851209e+01
Doing analysis at TEMP = 27.000000 and TNOM = 27.000000

Using SPARSE 1.3 as Direct Linear Solver

No. of Data Rows : 801
fcross              =  7.98884e+05
pmarg               =  6.58130e+01
tdc                 =  7.85121e+01
mode=0db  rload=10k  rsrc=1k  pos=1  C=3.3n
fcross = 7.988839e+05
pmarg = 6.581300e+01
tdc = 7.851212e+01
Doing analysis at TEMP = 27.000000 and TNOM = 27.000000

Using SPARSE 1.3 as Direct Linear Solver

No. of Data Rows : 801
fcross              =  7.66834e+05
pmarg               =  6.57824e+01
tdc                 =  7.85122e+01
mode=0db  rload=10k  rsrc=1k  pos=1  C=4.7n
fcross = 7.668337e+05
pmarg = 6.578244e+01
tdc = 7.851220e+01
Doing analysis at TEMP = 27.000000 and TNOM = 27.000000

Using SPARSE 1.3 as Direct Linear Solver

No. of Data Rows : 801
fcross              =  8.54326e+05
pmarg               =  7.41537e+01
tdc                 =  7.85120e+01
mode=0db  rload=10k  rsrc=1k  pos=2  C=1f
fcross = 8.543260e+05
pmarg = 7.415370e+01
tdc = 7.851196e+01
Doing analysis at TEMP = 27.000000 and TNOM = 27.000000

Using SPARSE 1.3 as Direct Linear Solver

No. of Data Rows : 801
fcross              =  8.55423e+05
pmarg               =  7.39477e+01
tdc                 =  7.85120e+01
mode=0db  rload=10k  rsrc=1k  pos=2  C=47p
fcross = 8.554231e+05
pmarg = 7.394773e+01
tdc = 7.851196e+01
Doing analysis at TEMP = 27.000000 and TNOM = 27.000000

Using SPARSE 1.3 as Direct Linear Solver

No. of Data Rows : 801
fcross              =  8.56657e+05
pmarg               =  7.37143e+01
tdc                 =  7.85120e+01
mode=0db  rload=10k  rsrc=1k  pos=2  C=100p
fcross = 8.566574e+05
pmarg = 7.371429e+01
tdc = 7.851196e+01
Doing analysis at TEMP = 27.000000 and TNOM = 27.000000

Using SPARSE 1.3 as Direct Linear Solver

No. of Data Rows : 801
fcross              =  8.59440e+05
pmarg               =  7.31812e+01
tdc                 =  7.85120e+01
mode=0db  rload=10k  rsrc=1k  pos=2  C=220p
fcross = 8.594398e+05
pmarg = 7.318119e+01
tdc = 7.851196e+01
Doing analysis at TEMP = 27.000000 and TNOM = 27.000000

Using SPARSE 1.3 as Direct Linear Solver

No. of Data Rows : 801
fcross              =  8.65172e+05
pmarg               =  7.20503e+01
tdc                 =  7.85120e+01
mode=0db  rload=10k  rsrc=1k  pos=2  C=470p
fcross = 8.651724e+05
pmarg = 7.205035e+01
tdc = 7.851195e+01
Doing analysis at TEMP = 27.000000 and TNOM = 27.000000

Using SPARSE 1.3 as Direct Linear Solver

No. of Data Rows : 801
fcross              =  8.77107e+05
pmarg               =  6.95604e+01
tdc                 =  7.85119e+01
mode=0db  rload=10k  rsrc=1k  pos=2  C=1n
fcross = 8.771070e+05
pmarg = 6.956040e+01
tdc = 7.851195e+01
Doing analysis at TEMP = 27.000000 and TNOM = 27.000000

Using SPARSE 1.3 as Direct Linear Solver

No. of Data Rows : 801
fcross              =  8.87846e+05
pmarg               =  6.71016e+01
tdc                 =  7.85119e+01
mode=0db  rload=10k  rsrc=1k  pos=2  C=1.5n
fcross = 8.878460e+05
pmarg = 6.710159e+01
tdc = 7.851194e+01
Doing analysis at TEMP = 27.000000 and TNOM = 27.000000

Using SPARSE 1.3 as Direct Linear Solver

No. of Data Rows : 801
fcross              =  9.01606e+05
pmarg               =  6.34981e+01
tdc                 =  7.85119e+01
mode=0db  rload=10k  rsrc=1k  pos=2  C=2.2n
fcross = 9.016060e+05
pmarg = 6.349805e+01
tdc = 7.851194e+01
Doing analysis at TEMP = 27.000000 and TNOM = 27.000000

Using SPARSE 1.3 as Direct Linear Solver

No. of Data Rows : 801
fcross              =  9.09972e+05
pmarg               =  6.08388e+01
tdc                 =  7.85119e+01
mode=0db  rload=10k  rsrc=1k  pos=2  C=2.7n
fcross = 9.099723e+05
pmarg = 6.083883e+01
tdc = 7.851193e+01
Doing analysis at TEMP = 27.000000 and TNOM = 27.000000

Using SPARSE 1.3 as Direct Linear Solver

No. of Data Rows : 801
fcross              =  9.18069e+05
pmarg               =  5.75907e+01
tdc                 =  7.85119e+01
mode=0db  rload=10k  rsrc=1k  pos=2  C=3.3n
fcross = 9.180688e+05
pmarg = 5.759066e+01
tdc = 7.851193e+01
Doing analysis at TEMP = 27.000000 and TNOM = 27.000000

Using SPARSE 1.3 as Direct Linear Solver

No. of Data Rows : 801
fcross              =  9.25787e+05
pmarg               =  5.01349e+01
tdc                 =  7.85119e+01
mode=0db  rload=10k  rsrc=1k  pos=2  C=4.7n
fcross = 9.257871e+05
pmarg = 5.013490e+01
tdc = 7.851191e+01
Doing analysis at TEMP = 27.000000 and TNOM = 27.000000

Using SPARSE 1.3 as Direct Linear Solver

No. of Data Rows : 801
fcross              =  8.54131e+05
pmarg               =  7.37533e+01
tdc                 =  7.85120e+01
mode=0db  rload=10k  rsrc=2.5k  pos=1  C=1f
fcross = 8.541308e+05
pmarg = 7.375326e+01
tdc = 7.851196e+01
Doing analysis at TEMP = 27.000000 and TNOM = 27.000000

Using SPARSE 1.3 as Direct Linear Solver

No. of Data Rows : 801
fcross              =  8.55182e+05
pmarg               =  7.35486e+01
tdc                 =  7.85120e+01
mode=0db  rload=10k  rsrc=2.5k  pos=1  C=47p
fcross = 8.551823e+05
pmarg = 7.354857e+01
tdc = 7.851196e+01
Doing analysis at TEMP = 27.000000 and TNOM = 27.000000

Using SPARSE 1.3 as Direct Linear Solver

No. of Data Rows : 801
fcross              =  8.56282e+05
pmarg               =  7.33162e+01
tdc                 =  7.85120e+01
mode=0db  rload=10k  rsrc=2.5k  pos=1  C=100p
fcross = 8.562821e+05
pmarg = 7.331617e+01
tdc = 7.851196e+01
Doing analysis at TEMP = 27.000000 and TNOM = 27.000000

Using SPARSE 1.3 as Direct Linear Solver

No. of Data Rows : 801
fcross              =  8.58419e+05
pmarg               =  7.27859e+01
tdc                 =  7.85120e+01
mode=0db  rload=10k  rsrc=2.5k  pos=1  C=220p
fcross = 8.584185e+05
pmarg = 7.278585e+01
tdc = 7.851197e+01
Doing analysis at TEMP = 27.000000 and TNOM = 27.000000

Using SPARSE 1.3 as Direct Linear Solver

No. of Data Rows : 801
fcross              =  8.61193e+05
pmarg               =  7.16811e+01
tdc                 =  7.85120e+01
mode=0db  rload=10k  rsrc=2.5k  pos=1  C=470p
fcross = 8.611932e+05
pmarg = 7.168114e+01
tdc = 7.851198e+01
Doing analysis at TEMP = 27.000000 and TNOM = 27.000000

Using SPARSE 1.3 as Direct Linear Solver

No. of Data Rows : 801
fcross              =  8.59459e+05
pmarg               =  6.95095e+01
tdc                 =  7.85120e+01
mode=0db  rload=10k  rsrc=2.5k  pos=1  C=1n
fcross = 8.594593e+05
pmarg = 6.950955e+01
tdc = 7.851201e+01
Doing analysis at TEMP = 27.000000 and TNOM = 27.000000

Using SPARSE 1.3 as Direct Linear Solver

No. of Data Rows : 801
fcross              =  8.50031e+05
pmarg               =  6.78849e+01
tdc                 =  7.85120e+01
mode=0db  rload=10k  rsrc=2.5k  pos=1  C=1.5n
fcross = 8.500315e+05
pmarg = 6.788487e+01
tdc = 7.851203e+01
Doing analysis at TEMP = 27.000000 and TNOM = 27.000000

Using SPARSE 1.3 as Direct Linear Solver

No. of Data Rows : 801
fcross              =  8.30560e+05
pmarg               =  6.63997e+01
tdc                 =  7.85121e+01
mode=0db  rload=10k  rsrc=2.5k  pos=1  C=2.2n
fcross = 8.305597e+05
pmarg = 6.639968e+01
tdc = 7.851207e+01
Doing analysis at TEMP = 27.000000 and TNOM = 27.000000

Using SPARSE 1.3 as Direct Linear Solver

No. of Data Rows : 801
fcross              =  8.15647e+05
pmarg               =  6.58024e+01
tdc                 =  7.85121e+01
mode=0db  rload=10k  rsrc=2.5k  pos=1  C=2.7n
fcross = 8.156467e+05
pmarg = 6.580236e+01
tdc = 7.851209e+01
Doing analysis at TEMP = 27.000000 and TNOM = 27.000000

Using SPARSE 1.3 as Direct Linear Solver

No. of Data Rows : 801
fcross              =  7.98739e+05
pmarg               =  6.54389e+01
tdc                 =  7.85121e+01
mode=0db  rload=10k  rsrc=2.5k  pos=1  C=3.3n
fcross = 7.987392e+05
pmarg = 6.543890e+01
tdc = 7.851212e+01
Doing analysis at TEMP = 27.000000 and TNOM = 27.000000

Using SPARSE 1.3 as Direct Linear Solver

No. of Data Rows : 801
fcross              =  7.66708e+05
pmarg               =  6.54227e+01
tdc                 =  7.85122e+01
mode=0db  rload=10k  rsrc=2.5k  pos=1  C=4.7n
fcross = 7.667084e+05
pmarg = 6.542273e+01
tdc = 7.851220e+01
Doing analysis at TEMP = 27.000000 and TNOM = 27.000000

Using SPARSE 1.3 as Direct Linear Solver

No. of Data Rows : 801
fcross              =  8.54131e+05
pmarg               =  7.37533e+01
tdc                 =  7.85120e+01
mode=0db  rload=10k  rsrc=2.5k  pos=2  C=1f
fcross = 8.541308e+05
pmarg = 7.375326e+01
tdc = 7.851196e+01
Doing analysis at TEMP = 27.000000 and TNOM = 27.000000

Using SPARSE 1.3 as Direct Linear Solver

No. of Data Rows : 801
fcross              =  8.55227e+05
pmarg               =  7.35468e+01
tdc                 =  7.85120e+01
mode=0db  rload=10k  rsrc=2.5k  pos=2  C=47p
fcross = 8.552269e+05
pmarg = 7.354683e+01
tdc = 7.851196e+01
Doing analysis at TEMP = 27.000000 and TNOM = 27.000000

Using SPARSE 1.3 as Direct Linear Solver

No. of Data Rows : 801
fcross              =  8.56460e+05
pmarg               =  7.33129e+01
tdc                 =  7.85120e+01
mode=0db  rload=10k  rsrc=2.5k  pos=2  C=100p
fcross = 8.564601e+05
pmarg = 7.331288e+01
tdc = 7.851196e+01
Doing analysis at TEMP = 27.000000 and TNOM = 27.000000

Using SPARSE 1.3 as Direct Linear Solver

No. of Data Rows : 801
fcross              =  8.59240e+05
pmarg               =  7.27786e+01
tdc                 =  7.85120e+01
mode=0db  rload=10k  rsrc=2.5k  pos=2  C=220p
fcross = 8.592401e+05
pmarg = 7.277862e+01
tdc = 7.851196e+01
Doing analysis at TEMP = 27.000000 and TNOM = 27.000000

Using SPARSE 1.3 as Direct Linear Solver

No. of Data Rows : 801
fcross              =  8.64967e+05
pmarg               =  7.16454e+01
tdc                 =  7.85120e+01
mode=0db  rload=10k  rsrc=2.5k  pos=2  C=470p
fcross = 8.649674e+05
pmarg = 7.164543e+01
tdc = 7.851195e+01
Doing analysis at TEMP = 27.000000 and TNOM = 27.000000

Using SPARSE 1.3 as Direct Linear Solver

No. of Data Rows : 801
fcross              =  8.76885e+05
pmarg               =  6.91508e+01
tdc                 =  7.85119e+01
mode=0db  rload=10k  rsrc=2.5k  pos=2  C=1n
fcross = 8.768851e+05
pmarg = 6.915081e+01
tdc = 7.851195e+01
Doing analysis at TEMP = 27.000000 and TNOM = 27.000000

Using SPARSE 1.3 as Direct Linear Solver

No. of Data Rows : 801
fcross              =  8.87614e+05
pmarg               =  6.66878e+01
tdc                 =  7.85119e+01
mode=0db  rload=10k  rsrc=2.5k  pos=2  C=1.5n
fcross = 8.876136e+05
pmarg = 6.668784e+01
tdc = 7.851194e+01
Doing analysis at TEMP = 27.000000 and TNOM = 27.000000

Using SPARSE 1.3 as Direct Linear Solver

No. of Data Rows : 801
fcross              =  9.01353e+05
pmarg               =  6.30795e+01
tdc                 =  7.85119e+01
mode=0db  rload=10k  rsrc=2.5k  pos=2  C=2.2n
fcross = 9.013526e+05
pmarg = 6.307949e+01
tdc = 7.851194e+01
Doing analysis at TEMP = 27.000000 and TNOM = 27.000000

Using SPARSE 1.3 as Direct Linear Solver

No. of Data Rows : 801
fcross              =  9.09711e+05
pmarg               =  6.04174e+01
tdc                 =  7.85119e+01
mode=0db  rload=10k  rsrc=2.5k  pos=2  C=2.7n
fcross = 9.097107e+05
pmarg = 6.041744e+01
tdc = 7.851193e+01
Doing analysis at TEMP = 27.000000 and TNOM = 27.000000

Using SPARSE 1.3 as Direct Linear Solver

No. of Data Rows : 801
fcross              =  9.17791e+05
pmarg               =  5.71673e+01
tdc                 =  7.85119e+01
mode=0db  rload=10k  rsrc=2.5k  pos=2  C=3.3n
fcross = 9.177911e+05
pmarg = 5.716725e+01
tdc = 7.851193e+01
Doing analysis at TEMP = 27.000000 and TNOM = 27.000000

Using SPARSE 1.3 as Direct Linear Solver

No. of Data Rows : 801
fcross              =  9.25508e+05
pmarg               =  4.97108e+01
tdc                 =  7.85119e+01
mode=0db  rload=10k  rsrc=2.5k  pos=2  C=4.7n
fcross = 9.255078e+05
pmarg = 4.971079e+01
tdc = 7.851191e+01
Doing analysis at TEMP = 27.000000 and TNOM = 27.000000

Using SPARSE 1.3 as Direct Linear Solver

No. of Data Rows : 801
fcross              =  8.54118e+05
pmarg               =  7.37344e+01
tdc                 =  7.85120e+01
mode=0db  rload=10k  rsrc=2.571k  pos=1  C=1f
fcross = 8.541183e+05
pmarg = 7.373441e+01
tdc = 7.851196e+01
Doing analysis at TEMP = 27.000000 and TNOM = 27.000000

Using SPARSE 1.3 as Direct Linear Solver

No. of Data Rows : 801
fcross              =  8.55170e+05
pmarg               =  7.35297e+01
tdc                 =  7.85120e+01
mode=0db  rload=10k  rsrc=2.571k  pos=1  C=47p
fcross = 8.551698e+05
pmarg = 7.352970e+01
tdc = 7.851196e+01
Doing analysis at TEMP = 27.000000 and TNOM = 27.000000

Using SPARSE 1.3 as Direct Linear Solver

No. of Data Rows : 801
fcross              =  8.56269e+05
pmarg               =  7.32973e+01
tdc                 =  7.85120e+01
mode=0db  rload=10k  rsrc=2.571k  pos=1  C=100p
fcross = 8.562694e+05
pmarg = 7.329727e+01
tdc = 7.851196e+01
Doing analysis at TEMP = 27.000000 and TNOM = 27.000000

Using SPARSE 1.3 as Direct Linear Solver

No. of Data Rows : 801
fcross              =  8.58406e+05
pmarg               =  7.27669e+01
tdc                 =  7.85120e+01
mode=0db  rload=10k  rsrc=2.571k  pos=1  C=220p
fcross = 8.584058e+05
pmarg = 7.276692e+01
tdc = 7.851197e+01
Doing analysis at TEMP = 27.000000 and TNOM = 27.000000

Using SPARSE 1.3 as Direct Linear Solver

No. of Data Rows : 801
fcross              =  8.61180e+05
pmarg               =  7.16622e+01
tdc                 =  7.85120e+01
mode=0db  rload=10k  rsrc=2.571k  pos=1  C=470p
fcross = 8.611803e+05
pmarg = 7.166217e+01
tdc = 7.851198e+01
Doing analysis at TEMP = 27.000000 and TNOM = 27.000000

Using SPARSE 1.3 as Direct Linear Solver

No. of Data Rows : 801
fcross              =  8.59447e+05
pmarg               =  6.94906e+01
tdc                 =  7.85120e+01
mode=0db  rload=10k  rsrc=2.571k  pos=1  C=1n
fcross = 8.594465e+05
pmarg = 6.949064e+01
tdc = 7.851201e+01
Doing analysis at TEMP = 27.000000 and TNOM = 27.000000

Using SPARSE 1.3 as Direct Linear Solver

No. of Data Rows : 801
fcross              =  8.50020e+05
pmarg               =  6.78662e+01
tdc                 =  7.85120e+01
mode=0db  rload=10k  rsrc=2.571k  pos=1  C=1.5n
fcross = 8.500196e+05
pmarg = 6.786618e+01
tdc = 7.851203e+01
Doing analysis at TEMP = 27.000000 and TNOM = 27.000000

Using SPARSE 1.3 as Direct Linear Solver

No. of Data Rows : 801
fcross              =  8.30549e+05
pmarg               =  6.63814e+01
tdc                 =  7.85121e+01
mode=0db  rload=10k  rsrc=2.571k  pos=1  C=2.2n
fcross = 8.305490e+05
pmarg = 6.638141e+01
tdc = 7.851207e+01
Doing analysis at TEMP = 27.000000 and TNOM = 27.000000

Using SPARSE 1.3 as Direct Linear Solver

No. of Data Rows : 801
fcross              =  8.15637e+05
pmarg               =  6.57844e+01
tdc                 =  7.85121e+01
mode=0db  rload=10k  rsrc=2.571k  pos=1  C=2.7n
fcross = 8.156366e+05
pmarg = 6.578440e+01
tdc = 7.851209e+01
Doing analysis at TEMP = 27.000000 and TNOM = 27.000000

Using SPARSE 1.3 as Direct Linear Solver

No. of Data Rows : 801
fcross              =  7.98730e+05
pmarg               =  6.54213e+01
tdc                 =  7.85121e+01
mode=0db  rload=10k  rsrc=2.571k  pos=1  C=3.3n
fcross = 7.987299e+05
pmarg = 6.542128e+01
tdc = 7.851212e+01
Doing analysis at TEMP = 27.000000 and TNOM = 27.000000

Using SPARSE 1.3 as Direct Linear Solver

No. of Data Rows : 801
fcross              =  7.66700e+05
pmarg               =  6.54058e+01
tdc                 =  7.85122e+01
mode=0db  rload=10k  rsrc=2.571k  pos=1  C=4.7n
fcross = 7.667003e+05
pmarg = 6.540578e+01
tdc = 7.851220e+01
Doing analysis at TEMP = 27.000000 and TNOM = 27.000000

Using SPARSE 1.3 as Direct Linear Solver

No. of Data Rows : 801
fcross              =  8.54118e+05
pmarg               =  7.37344e+01
tdc                 =  7.85120e+01
mode=0db  rload=10k  rsrc=2.571k  pos=2  C=1f
fcross = 8.541183e+05
pmarg = 7.373441e+01
tdc = 7.851196e+01
Doing analysis at TEMP = 27.000000 and TNOM = 27.000000

Using SPARSE 1.3 as Direct Linear Solver

No. of Data Rows : 801
fcross              =  8.55214e+05
pmarg               =  7.35280e+01
tdc                 =  7.85120e+01
mode=0db  rload=10k  rsrc=2.571k  pos=2  C=47p
fcross = 8.552143e+05
pmarg = 7.352795e+01
tdc = 7.851196e+01
Doing analysis at TEMP = 27.000000 and TNOM = 27.000000

Using SPARSE 1.3 as Direct Linear Solver

No. of Data Rows : 801
fcross              =  8.56447e+05
pmarg               =  7.32940e+01
tdc                 =  7.85120e+01
mode=0db  rload=10k  rsrc=2.571k  pos=2  C=100p
fcross = 8.564475e+05
pmarg = 7.329398e+01
tdc = 7.851196e+01
Doing analysis at TEMP = 27.000000 and TNOM = 27.000000

Using SPARSE 1.3 as Direct Linear Solver

No. of Data Rows : 801
fcross              =  8.59227e+05
pmarg               =  7.27597e+01
tdc                 =  7.85120e+01
mode=0db  rload=10k  rsrc=2.571k  pos=2  C=220p
fcross = 8.592273e+05
pmarg = 7.275967e+01
tdc = 7.851196e+01
Doing analysis at TEMP = 27.000000 and TNOM = 27.000000

Using SPARSE 1.3 as Direct Linear Solver

No. of Data Rows : 801
fcross              =  8.64954e+05
pmarg               =  7.16264e+01
tdc                 =  7.85120e+01
mode=0db  rload=10k  rsrc=2.571k  pos=2  C=470p
fcross = 8.649543e+05
pmarg = 7.162637e+01
tdc = 7.851195e+01
Doing analysis at TEMP = 27.000000 and TNOM = 27.000000

Using SPARSE 1.3 as Direct Linear Solver

No. of Data Rows : 801
fcross              =  8.76871e+05
pmarg               =  6.91316e+01
tdc                 =  7.85119e+01
mode=0db  rload=10k  rsrc=2.571k  pos=2  C=1n
fcross = 8.768709e+05
pmarg = 6.913155e+01
tdc = 7.851195e+01
Doing analysis at TEMP = 27.000000 and TNOM = 27.000000

Using SPARSE 1.3 as Direct Linear Solver

No. of Data Rows : 801
fcross              =  8.87599e+05
pmarg               =  6.66684e+01
tdc                 =  7.85119e+01
mode=0db  rload=10k  rsrc=2.571k  pos=2  C=1.5n
fcross = 8.875987e+05
pmarg = 6.666840e+01
tdc = 7.851194e+01
Doing analysis at TEMP = 27.000000 and TNOM = 27.000000

Using SPARSE 1.3 as Direct Linear Solver

No. of Data Rows : 801
fcross              =  9.01336e+05
pmarg               =  6.30598e+01
tdc                 =  7.85119e+01
mode=0db  rload=10k  rsrc=2.571k  pos=2  C=2.2n
fcross = 9.013364e+05
pmarg = 6.305985e+01
tdc = 7.851194e+01
Doing analysis at TEMP = 27.000000 and TNOM = 27.000000

Using SPARSE 1.3 as Direct Linear Solver

No. of Data Rows : 801
fcross              =  9.09694e+05
pmarg               =  6.03977e+01
tdc                 =  7.85119e+01
mode=0db  rload=10k  rsrc=2.571k  pos=2  C=2.7n
fcross = 9.096939e+05
pmarg = 6.039769e+01
tdc = 7.851193e+01
Doing analysis at TEMP = 27.000000 and TNOM = 27.000000

Using SPARSE 1.3 as Direct Linear Solver

No. of Data Rows : 801
fcross              =  9.17773e+05
pmarg               =  5.71474e+01
tdc                 =  7.85119e+01
mode=0db  rload=10k  rsrc=2.571k  pos=2  C=3.3n
fcross = 9.177732e+05
pmarg = 5.714744e+01
tdc = 7.851193e+01
Doing analysis at TEMP = 27.000000 and TNOM = 27.000000

Using SPARSE 1.3 as Direct Linear Solver

No. of Data Rows : 801
fcross              =  9.25490e+05
pmarg               =  4.96910e+01
tdc                 =  7.85119e+01
mode=0db  rload=10k  rsrc=2.571k  pos=2  C=4.7n
fcross = 9.254898e+05
pmarg = 4.969100e+01
tdc = 7.851191e+01
Doing analysis at TEMP = 27.000000 and TNOM = 27.000000

Using SPARSE 1.3 as Direct Linear Solver
 Reference value :  6.60693e+00
No. of Data Rows : 801
fcross              =  8.54111e+05
pmarg               =  7.37238e+01
tdc                 =  7.85120e+01
mode=0db  rload=10k  rsrc=2.611k  pos=1  C=1f
fcross = 8.541111e+05
pmarg = 7.372379e+01
tdc = 7.851196e+01
Doing analysis at TEMP = 27.000000 and TNOM = 27.000000

Using SPARSE 1.3 as Direct Linear Solver

No. of Data Rows : 801
fcross              =  8.55163e+05
pmarg               =  7.35191e+01
tdc                 =  7.85120e+01
mode=0db  rload=10k  rsrc=2.611k  pos=1  C=47p
fcross = 8.551626e+05
pmarg = 7.351906e+01
tdc = 7.851196e+01
Doing analysis at TEMP = 27.000000 and TNOM = 27.000000

Using SPARSE 1.3 as Direct Linear Solver

No. of Data Rows : 801
fcross              =  8.56262e+05
pmarg               =  7.32866e+01
tdc                 =  7.85120e+01
mode=0db  rload=10k  rsrc=2.611k  pos=1  C=100p
fcross = 8.562622e+05
pmarg = 7.328663e+01
tdc = 7.851196e+01
Doing analysis at TEMP = 27.000000 and TNOM = 27.000000

Using SPARSE 1.3 as Direct Linear Solver

No. of Data Rows : 801
fcross              =  8.58398e+05
pmarg               =  7.27563e+01
tdc                 =  7.85120e+01
mode=0db  rload=10k  rsrc=2.611k  pos=1  C=220p
fcross = 8.583985e+05
pmarg = 7.275626e+01
tdc = 7.851197e+01
Doing analysis at TEMP = 27.000000 and TNOM = 27.000000

Using SPARSE 1.3 as Direct Linear Solver

No. of Data Rows : 801
fcross              =  8.61173e+05
pmarg               =  7.16515e+01
tdc                 =  7.85120e+01
mode=0db  rload=10k  rsrc=2.611k  pos=1  C=470p
fcross = 8.611729e+05
pmarg = 7.165148e+01
tdc = 7.851198e+01
Doing analysis at TEMP = 27.000000 and TNOM = 27.000000

Using SPARSE 1.3 as Direct Linear Solver

No. of Data Rows : 801
fcross              =  8.59439e+05
pmarg               =  6.94800e+01
tdc                 =  7.85120e+01
mode=0db  rload=10k  rsrc=2.611k  pos=1  C=1n
fcross = 8.594392e+05
pmarg = 6.948000e+01
tdc = 7.851201e+01
Doing analysis at TEMP = 27.000000 and TNOM = 27.000000

Using SPARSE 1.3 as Direct Linear Solver

No. of Data Rows : 801
fcross              =  8.50013e+05
pmarg               =  6.78557e+01
tdc                 =  7.85120e+01
mode=0db  rload=10k  rsrc=2.611k  pos=1  C=1.5n
fcross = 8.500128e+05
pmarg = 6.785565e+01
tdc = 7.851203e+01
Doing analysis at TEMP = 27.000000 and TNOM = 27.000000

Using SPARSE 1.3 as Direct Linear Solver

No. of Data Rows : 801
fcross              =  8.30543e+05
pmarg               =  6.63711e+01
tdc                 =  7.85121e+01
mode=0db  rload=10k  rsrc=2.611k  pos=1  C=2.2n
fcross = 8.305429e+05
pmarg = 6.637111e+01
tdc = 7.851207e+01
Doing analysis at TEMP = 27.000000 and TNOM = 27.000000

Using SPARSE 1.3 as Direct Linear Solver

No. of Data Rows : 801
fcross              =  8.15631e+05
pmarg               =  6.57743e+01
tdc                 =  7.85121e+01
mode=0db  rload=10k  rsrc=2.611k  pos=1  C=2.7n
fcross = 8.156308e+05
pmarg = 6.577428e+01
tdc = 7.851209e+01
Doing analysis at TEMP = 27.000000 and TNOM = 27.000000

Using SPARSE 1.3 as Direct Linear Solver

No. of Data Rows : 801
fcross              =  7.98725e+05
pmarg               =  6.54114e+01
tdc                 =  7.85121e+01
mode=0db  rload=10k  rsrc=2.611k  pos=1  C=3.3n
fcross = 7.987246e+05
pmarg = 6.541137e+01
tdc = 7.851212e+01
Doing analysis at TEMP = 27.000000 and TNOM = 27.000000

Using SPARSE 1.3 as Direct Linear Solver

No. of Data Rows : 801
fcross              =  7.66696e+05
pmarg               =  6.53962e+01
tdc                 =  7.85122e+01
mode=0db  rload=10k  rsrc=2.611k  pos=1  C=4.7n
fcross = 7.666957e+05
pmarg = 6.539624e+01
tdc = 7.851220e+01
Doing analysis at TEMP = 27.000000 and TNOM = 27.000000

Using SPARSE 1.3 as Direct Linear Solver

No. of Data Rows : 801
fcross              =  8.54111e+05
pmarg               =  7.37238e+01
tdc                 =  7.85120e+01
mode=0db  rload=10k  rsrc=2.611k  pos=2  C=1f
fcross = 8.541111e+05
pmarg = 7.372379e+01
tdc = 7.851196e+01
Doing analysis at TEMP = 27.000000 and TNOM = 27.000000

Using SPARSE 1.3 as Direct Linear Solver

No. of Data Rows : 801
fcross              =  8.55207e+05
pmarg               =  7.35173e+01
tdc                 =  7.85120e+01
mode=0db  rload=10k  rsrc=2.611k  pos=2  C=47p
fcross = 8.552071e+05
pmarg = 7.351732e+01
tdc = 7.851196e+01
Doing analysis at TEMP = 27.000000 and TNOM = 27.000000

Using SPARSE 1.3 as Direct Linear Solver

No. of Data Rows : 801
fcross              =  8.56440e+05
pmarg               =  7.32833e+01
tdc                 =  7.85120e+01
mode=0db  rload=10k  rsrc=2.611k  pos=2  C=100p
fcross = 8.564402e+05
pmarg = 7.328333e+01
tdc = 7.851196e+01
Doing analysis at TEMP = 27.000000 and TNOM = 27.000000

Using SPARSE 1.3 as Direct Linear Solver

No. of Data Rows : 801
fcross              =  8.59220e+05
pmarg               =  7.27490e+01
tdc                 =  7.85120e+01
mode=0db  rload=10k  rsrc=2.611k  pos=2  C=220p
fcross = 8.592199e+05
pmarg = 7.274900e+01
tdc = 7.851196e+01
Doing analysis at TEMP = 27.000000 and TNOM = 27.000000

Using SPARSE 1.3 as Direct Linear Solver

No. of Data Rows : 801
fcross              =  8.64947e+05
pmarg               =  7.16156e+01
tdc                 =  7.85120e+01
mode=0db  rload=10k  rsrc=2.611k  pos=2  C=470p
fcross = 8.649468e+05
pmarg = 7.161564e+01
tdc = 7.851195e+01
Doing analysis at TEMP = 27.000000 and TNOM = 27.000000

Using SPARSE 1.3 as Direct Linear Solver

No. of Data Rows : 801
fcross              =  8.76863e+05
pmarg               =  6.91207e+01
tdc                 =  7.85119e+01
mode=0db  rload=10k  rsrc=2.611k  pos=2  C=1n
fcross = 8.768628e+05
pmarg = 6.912071e+01
tdc = 7.851195e+01
Doing analysis at TEMP = 27.000000 and TNOM = 27.000000

Using SPARSE 1.3 as Direct Linear Solver

No. of Data Rows : 801
fcross              =  8.87590e+05
pmarg               =  6.66575e+01
tdc                 =  7.85119e+01
mode=0db  rload=10k  rsrc=2.611k  pos=2  C=1.5n
fcross = 8.875901e+05
pmarg = 6.665746e+01
tdc = 7.851194e+01
Doing analysis at TEMP = 27.000000 and TNOM = 27.000000

Using SPARSE 1.3 as Direct Linear Solver

No. of Data Rows : 801
fcross              =  9.01327e+05
pmarg               =  6.30488e+01
tdc                 =  7.85119e+01
mode=0db  rload=10k  rsrc=2.611k  pos=2  C=2.2n
fcross = 9.013270e+05
pmarg = 6.304879e+01
tdc = 7.851194e+01
Doing analysis at TEMP = 27.000000 and TNOM = 27.000000

Using SPARSE 1.3 as Direct Linear Solver

No. of Data Rows : 801
fcross              =  9.09684e+05
pmarg               =  6.03866e+01
tdc                 =  7.85119e+01
mode=0db  rload=10k  rsrc=2.611k  pos=2  C=2.7n
fcross = 9.096842e+05
pmarg = 6.038657e+01
tdc = 7.851193e+01
Doing analysis at TEMP = 27.000000 and TNOM = 27.000000

Using SPARSE 1.3 as Direct Linear Solver

No. of Data Rows : 801
fcross              =  9.17763e+05
pmarg               =  5.71363e+01
tdc                 =  7.85119e+01
mode=0db  rload=10k  rsrc=2.611k  pos=2  C=3.3n
fcross = 9.177630e+05
pmarg = 5.713629e+01
tdc = 7.851193e+01
Doing analysis at TEMP = 27.000000 and TNOM = 27.000000

Using SPARSE 1.3 as Direct Linear Solver

No. of Data Rows : 801
fcross              =  9.25480e+05
pmarg               =  4.96799e+01
tdc                 =  7.85119e+01
mode=0db  rload=10k  rsrc=2.611k  pos=2  C=4.7n
fcross = 9.254795e+05
pmarg = 4.967986e+01
tdc = 7.851191e+01
Doing analysis at TEMP = 27.000000 and TNOM = 27.000000

Using SPARSE 1.3 as Direct Linear Solver

No. of Data Rows : 801
fcross              =  8.36505e+05
pmarg               =  8.22214e+01
tdc                 =  7.52755e+01
mode=3db  rload=100k  rsrc=1m  pos=1  C=1f
fcross = 8.365051e+05
pmarg = 8.222144e+01
tdc = 7.527547e+01
Doing analysis at TEMP = 27.000000 and TNOM = 27.000000

Using SPARSE 1.3 as Direct Linear Solver

No. of Data Rows : 801
fcross              =  8.37602e+05
pmarg               =  8.20119e+01
tdc                 =  7.52755e+01
mode=3db  rload=100k  rsrc=1m  pos=1  C=47p
fcross = 8.376023e+05
pmarg = 8.201191e+01
tdc = 7.527547e+01
Doing analysis at TEMP = 27.000000 and TNOM = 27.000000

Using SPARSE 1.3 as Direct Linear Solver

No. of Data Rows : 801
fcross              =  8.38750e+05
pmarg               =  8.17748e+01
tdc                 =  7.52755e+01
mode=3db  rload=100k  rsrc=1m  pos=1  C=100p
fcross = 8.387497e+05
pmarg = 8.177479e+01
tdc = 7.527547e+01
Doing analysis at TEMP = 27.000000 and TNOM = 27.000000

Using SPARSE 1.3 as Direct Linear Solver

No. of Data Rows : 801
fcross              =  8.40979e+05
pmarg               =  8.12367e+01
tdc                 =  7.52755e+01
mode=3db  rload=100k  rsrc=1m  pos=1  C=220p
fcross = 8.409787e+05
pmarg = 8.123675e+01
tdc = 7.527547e+01
Doing analysis at TEMP = 27.000000 and TNOM = 27.000000

Using SPARSE 1.3 as Direct Linear Solver

No. of Data Rows : 801
fcross              =  8.43871e+05
pmarg               =  8.01294e+01
tdc                 =  7.52755e+01
mode=3db  rload=100k  rsrc=1m  pos=1  C=470p
fcross = 8.438707e+05
pmarg = 8.012945e+01
tdc = 7.527548e+01
Doing analysis at TEMP = 27.000000 and TNOM = 27.000000

Using SPARSE 1.3 as Direct Linear Solver

No. of Data Rows : 801
fcross              =  8.42027e+05
pmarg               =  7.80094e+01
tdc                 =  7.52755e+01
mode=3db  rload=100k  rsrc=1m  pos=1  C=1n
fcross = 8.420273e+05
pmarg = 7.800944e+01
tdc = 7.527548e+01
Doing analysis at TEMP = 27.000000 and TNOM = 27.000000

Using SPARSE 1.3 as Direct Linear Solver

No. of Data Rows : 801
fcross              =  8.32084e+05
pmarg               =  7.64869e+01
tdc                 =  7.52755e+01
mode=3db  rload=100k  rsrc=1m  pos=1  C=1.5n
fcross = 8.320839e+05
pmarg = 7.648686e+01
tdc = 7.527548e+01
Doing analysis at TEMP = 27.000000 and TNOM = 27.000000

Using SPARSE 1.3 as Direct Linear Solver

No. of Data Rows : 801
fcross              =  8.11516e+05
pmarg               =  7.51801e+01
tdc                 =  7.52755e+01
mode=3db  rload=100k  rsrc=1m  pos=1  C=2.2n
fcross = 8.115158e+05
pmarg = 7.518012e+01
tdc = 7.527548e+01
Doing analysis at TEMP = 27.000000 and TNOM = 27.000000

Using SPARSE 1.3 as Direct Linear Solver

No. of Data Rows : 801
fcross              =  7.95691e+05
pmarg               =  7.47108e+01
tdc                 =  7.52755e+01
mode=3db  rload=100k  rsrc=1m  pos=1  C=2.7n
fcross = 7.956907e+05
pmarg = 7.471078e+01
tdc = 7.527548e+01
Doing analysis at TEMP = 27.000000 and TNOM = 27.000000

Using SPARSE 1.3 as Direct Linear Solver

No. of Data Rows : 801
fcross              =  7.77684e+05
pmarg               =  7.44873e+01
tdc                 =  7.52755e+01
mode=3db  rload=100k  rsrc=1m  pos=1  C=3.3n
fcross = 7.776837e+05
pmarg = 7.448731e+01
tdc = 7.527548e+01
Doing analysis at TEMP = 27.000000 and TNOM = 27.000000

Using SPARSE 1.3 as Direct Linear Solver

No. of Data Rows : 801
fcross              =  7.43302e+05
pmarg               =  7.47289e+01
tdc                 =  7.52755e+01
mode=3db  rload=100k  rsrc=1m  pos=1  C=4.7n
fcross = 7.433017e+05
pmarg = 7.472889e+01
tdc = 7.527548e+01
Doing analysis at TEMP = 27.000000 and TNOM = 27.000000

Using SPARSE 1.3 as Direct Linear Solver

No. of Data Rows : 801
fcross              =  8.36505e+05
pmarg               =  8.22214e+01
tdc                 =  7.52755e+01
mode=3db  rload=100k  rsrc=1m  pos=2  C=1f
fcross = 8.365051e+05
pmarg = 8.222144e+01
tdc = 7.527547e+01
Doing analysis at TEMP = 27.000000 and TNOM = 27.000000

Using SPARSE 1.3 as Direct Linear Solver

No. of Data Rows : 801
fcross              =  8.37639e+05
pmarg               =  8.20116e+01
tdc                 =  7.52755e+01
mode=3db  rload=100k  rsrc=1m  pos=2  C=47p
fcross = 8.376393e+05
pmarg = 8.201160e+01
tdc = 7.527547e+01
Doing analysis at TEMP = 27.000000 and TNOM = 27.000000

Using SPARSE 1.3 as Direct Linear Solver

No. of Data Rows : 801
fcross              =  8.38916e+05
pmarg               =  8.17738e+01
tdc                 =  7.52755e+01
mode=3db  rload=100k  rsrc=1m  pos=2  C=100p
fcross = 8.389158e+05
pmarg = 8.177384e+01
tdc = 7.527547e+01
Doing analysis at TEMP = 27.000000 and TNOM = 27.000000

Using SPARSE 1.3 as Direct Linear Solver

No. of Data Rows : 801
fcross              =  8.41795e+05
pmarg               =  8.12311e+01
tdc                 =  7.52755e+01
mode=3db  rload=100k  rsrc=1m  pos=2  C=220p
fcross = 8.417945e+05
pmarg = 8.123111e+01
tdc = 7.527547e+01
Doing analysis at TEMP = 27.000000 and TNOM = 27.000000

Using SPARSE 1.3 as Direct Linear Solver

No. of Data Rows : 801
fcross              =  8.47732e+05
pmarg               =  8.00809e+01
tdc                 =  7.52755e+01
mode=3db  rload=100k  rsrc=1m  pos=2  C=470p
fcross = 8.477320e+05
pmarg = 8.008092e+01
tdc = 7.527547e+01
Doing analysis at TEMP = 27.000000 and TNOM = 27.000000

Using SPARSE 1.3 as Direct Linear Solver

No. of Data Rows : 801
fcross              =  8.60162e+05
pmarg               =  7.75525e+01
tdc                 =  7.52755e+01
mode=3db  rload=100k  rsrc=1m  pos=2  C=1n
fcross = 8.601618e+05
pmarg = 7.755253e+01
tdc = 7.527547e+01
Doing analysis at TEMP = 27.000000 and TNOM = 27.000000

Using SPARSE 1.3 as Direct Linear Solver

No. of Data Rows : 801
fcross              =  8.71320e+05
pmarg               =  7.50646e+01
tdc                 =  7.52755e+01
mode=3db  rload=100k  rsrc=1m  pos=2  C=1.5n
fcross = 8.713197e+05
pmarg = 7.506464e+01
tdc = 7.527546e+01
Doing analysis at TEMP = 27.000000 and TNOM = 27.000000

Using SPARSE 1.3 as Direct Linear Solver

No. of Data Rows : 801
fcross              =  8.85729e+05
pmarg               =  7.14306e+01
tdc                 =  7.52755e+01
mode=3db  rload=100k  rsrc=1m  pos=2  C=2.2n
fcross = 8.857291e+05
pmarg = 7.143063e+01
tdc = 7.527546e+01
Doing analysis at TEMP = 27.000000 and TNOM = 27.000000

Using SPARSE 1.3 as Direct Linear Solver

No. of Data Rows : 801
fcross              =  8.94571e+05
pmarg               =  6.87594e+01
tdc                 =  7.52755e+01
mode=3db  rload=100k  rsrc=1m  pos=2  C=2.7n
fcross = 8.945706e+05
pmarg = 6.875935e+01
tdc = 7.527545e+01
Doing analysis at TEMP = 27.000000 and TNOM = 27.000000

Using SPARSE 1.3 as Direct Linear Solver

No. of Data Rows : 801
fcross              =  9.03146e+05
pmarg               =  6.55134e+01
tdc                 =  7.52754e+01
mode=3db  rload=100k  rsrc=1m  pos=2  C=3.3n
fcross = 9.031456e+05
pmarg = 6.551339e+01
tdc = 7.527545e+01
Doing analysis at TEMP = 27.000000 and TNOM = 27.000000

Using SPARSE 1.3 as Direct Linear Solver

No. of Data Rows : 801
fcross              =  9.11578e+05
pmarg               =  5.81455e+01
tdc                 =  7.52754e+01
mode=3db  rload=100k  rsrc=1m  pos=2  C=4.7n
fcross = 9.115778e+05
pmarg = 5.814551e+01
tdc = 7.527543e+01
Doing analysis at TEMP = 27.000000 and TNOM = 27.000000

Using SPARSE 1.3 as Direct Linear Solver

No. of Data Rows : 801
fcross              =  8.36447e+05
pmarg               =  8.19585e+01
tdc                 =  7.52755e+01
mode=3db  rload=100k  rsrc=1k  pos=1  C=1f
fcross = 8.364465e+05
pmarg = 8.195854e+01
tdc = 7.527551e+01
Doing analysis at TEMP = 27.000000 and TNOM = 27.000000

Using SPARSE 1.3 as Direct Linear Solver

No. of Data Rows : 801
fcross              =  8.37543e+05
pmarg               =  8.17487e+01
tdc                 =  7.52755e+01
mode=3db  rload=100k  rsrc=1k  pos=1  C=47p
fcross = 8.375434e+05
pmarg = 8.174868e+01
tdc = 7.527551e+01
Doing analysis at TEMP = 27.000000 and TNOM = 27.000000

Using SPARSE 1.3 as Direct Linear Solver

No. of Data Rows : 801
fcross              =  8.38691e+05
pmarg               =  8.15112e+01
tdc                 =  7.52755e+01
mode=3db  rload=100k  rsrc=1k  pos=1  C=100p
fcross = 8.386906e+05
pmarg = 8.151122e+01
tdc = 7.527551e+01
Doing analysis at TEMP = 27.000000 and TNOM = 27.000000

Using SPARSE 1.3 as Direct Linear Solver

No. of Data Rows : 801
fcross              =  8.40919e+05
pmarg               =  8.09725e+01
tdc                 =  7.52755e+01
mode=3db  rload=100k  rsrc=1k  pos=1  C=220p
fcross = 8.409190e+05
pmarg = 8.097252e+01
tdc = 7.527551e+01
Doing analysis at TEMP = 27.000000 and TNOM = 27.000000

Using SPARSE 1.3 as Direct Linear Solver

No. of Data Rows : 801
fcross              =  8.43810e+05
pmarg               =  7.98644e+01
tdc                 =  7.52755e+01
mode=3db  rload=100k  rsrc=1k  pos=1  C=470p
fcross = 8.438104e+05
pmarg = 7.986440e+01
tdc = 7.527551e+01
Doing analysis at TEMP = 27.000000 and TNOM = 27.000000

Using SPARSE 1.3 as Direct Linear Solver

No. of Data Rows : 801
fcross              =  8.41968e+05
pmarg               =  7.77451e+01
tdc                 =  7.52755e+01
mode=3db  rload=100k  rsrc=1k  pos=1  C=1n
fcross = 8.419680e+05
pmarg = 7.774510e+01
tdc = 7.527551e+01
Doing analysis at TEMP = 27.000000 and TNOM = 27.000000

Using SPARSE 1.3 as Direct Linear Solver

No. of Data Rows : 801
fcross              =  8.32028e+05
pmarg               =  7.62257e+01
tdc                 =  7.52755e+01
mode=3db  rload=100k  rsrc=1k  pos=1  C=1.5n
fcross = 8.320276e+05
pmarg = 7.622567e+01
tdc = 7.527551e+01
Doing analysis at TEMP = 27.000000 and TNOM = 27.000000

Using SPARSE 1.3 as Direct Linear Solver

No. of Data Rows : 801
fcross              =  8.11466e+05
pmarg               =  7.49253e+01
tdc                 =  7.52755e+01
mode=3db  rload=100k  rsrc=1k  pos=1  C=2.2n
fcross = 8.114665e+05
pmarg = 7.492527e+01
tdc = 7.527551e+01
Doing analysis at TEMP = 27.000000 and TNOM = 27.000000

Using SPARSE 1.3 as Direct Linear Solver

No. of Data Rows : 801
fcross              =  7.95644e+05
pmarg               =  7.44608e+01
tdc                 =  7.52755e+01
mode=3db  rload=100k  rsrc=1k  pos=1  C=2.7n
fcross = 7.956444e+05
pmarg = 7.446082e+01
tdc = 7.527551e+01
Doing analysis at TEMP = 27.000000 and TNOM = 27.000000

Using SPARSE 1.3 as Direct Linear Solver

No. of Data Rows : 801
fcross              =  7.77641e+05
pmarg               =  7.42429e+01
tdc                 =  7.52755e+01
mode=3db  rload=100k  rsrc=1k  pos=1  C=3.3n
fcross = 7.776412e+05
pmarg = 7.424289e+01
tdc = 7.527551e+01
Doing analysis at TEMP = 27.000000 and TNOM = 27.000000

Using SPARSE 1.3 as Direct Linear Solver

No. of Data Rows : 801
fcross              =  7.43265e+05
pmarg               =  7.44951e+01
tdc                 =  7.52755e+01
mode=3db  rload=100k  rsrc=1k  pos=1  C=4.7n
fcross = 7.432650e+05
pmarg = 7.449507e+01
tdc = 7.527551e+01
Doing analysis at TEMP = 27.000000 and TNOM = 27.000000

Using SPARSE 1.3 as Direct Linear Solver

No. of Data Rows : 801
fcross              =  8.36447e+05
pmarg               =  8.19585e+01
tdc                 =  7.52755e+01
mode=3db  rload=100k  rsrc=1k  pos=2  C=1f
fcross = 8.364465e+05
pmarg = 8.195854e+01
tdc = 7.527551e+01
Doing analysis at TEMP = 27.000000 and TNOM = 27.000000

Using SPARSE 1.3 as Direct Linear Solver

No. of Data Rows : 801
fcross              =  8.37580e+05
pmarg               =  8.17484e+01
tdc                 =  7.52755e+01
mode=3db  rload=100k  rsrc=1k  pos=2  C=47p
fcross = 8.375804e+05
pmarg = 8.174836e+01
tdc = 7.527551e+01
Doing analysis at TEMP = 27.000000 and TNOM = 27.000000

Using SPARSE 1.3 as Direct Linear Solver

No. of Data Rows : 801
fcross              =  8.38857e+05
pmarg               =  8.15102e+01
tdc                 =  7.52755e+01
mode=3db  rload=100k  rsrc=1k  pos=2  C=100p
fcross = 8.388566e+05
pmarg = 8.151022e+01
tdc = 7.527551e+01
Doing analysis at TEMP = 27.000000 and TNOM = 27.000000

Using SPARSE 1.3 as Direct Linear Solver

No. of Data Rows : 801
fcross              =  8.41735e+05
pmarg               =  8.09666e+01
tdc                 =  7.52755e+01
mode=3db  rload=100k  rsrc=1k  pos=2  C=220p
fcross = 8.417346e+05
pmarg = 8.096663e+01
tdc = 7.527551e+01
Doing analysis at TEMP = 27.000000 and TNOM = 27.000000

Using SPARSE 1.3 as Direct Linear Solver

No. of Data Rows : 801
fcross              =  8.47671e+05
pmarg               =  7.98147e+01
tdc                 =  7.52755e+01
mode=3db  rload=100k  rsrc=1k  pos=2  C=470p
fcross = 8.476705e+05
pmarg = 7.981467e+01
tdc = 7.527550e+01
Doing analysis at TEMP = 27.000000 and TNOM = 27.000000

Using SPARSE 1.3 as Direct Linear Solver

No. of Data Rows : 801
fcross              =  8.60096e+05
pmarg               =  7.72826e+01
tdc                 =  7.52755e+01
mode=3db  rload=100k  rsrc=1k  pos=2  C=1n
fcross = 8.600957e+05
pmarg = 7.728265e+01
tdc = 7.527550e+01
Doing analysis at TEMP = 27.000000 and TNOM = 27.000000

Using SPARSE 1.3 as Direct Linear Solver

No. of Data Rows : 801
fcross              =  8.71249e+05
pmarg               =  7.47916e+01
tdc                 =  7.52755e+01
mode=3db  rload=100k  rsrc=1k  pos=2  C=1.5n
fcross = 8.712487e+05
pmarg = 7.479155e+01
tdc = 7.527550e+01
Doing analysis at TEMP = 27.000000 and TNOM = 27.000000

Using SPARSE 1.3 as Direct Linear Solver

No. of Data Rows : 801
fcross              =  8.85654e+05
pmarg               =  7.11534e+01
tdc                 =  7.52755e+01
mode=3db  rload=100k  rsrc=1k  pos=2  C=2.2n
fcross = 8.856542e+05
pmarg = 7.115343e+01
tdc = 7.527549e+01
Doing analysis at TEMP = 27.000000 and TNOM = 27.000000

Using SPARSE 1.3 as Direct Linear Solver

No. of Data Rows : 801
fcross              =  8.94491e+05
pmarg               =  6.84798e+01
tdc                 =  7.52755e+01
mode=3db  rload=100k  rsrc=1k  pos=2  C=2.7n
fcross = 8.944913e+05
pmarg = 6.847977e+01
tdc = 7.527549e+01
Doing analysis at TEMP = 27.000000 and TNOM = 27.000000

Using SPARSE 1.3 as Direct Linear Solver

No. of Data Rows : 801
fcross              =  9.03064e+05
pmarg               =  6.52315e+01
tdc                 =  7.52755e+01
mode=3db  rload=100k  rsrc=1k  pos=2  C=3.3n
fcross = 9.030644e+05
pmarg = 6.523150e+01
tdc = 7.527548e+01
Doing analysis at TEMP = 27.000000 and TNOM = 27.000000

Using SPARSE 1.3 as Direct Linear Solver

No. of Data Rows : 801
fcross              =  9.11497e+05
pmarg               =  5.78617e+01
tdc                 =  7.52755e+01
mode=3db  rload=100k  rsrc=1k  pos=2  C=4.7n
fcross = 9.114970e+05
pmarg = 5.786172e+01
tdc = 7.527547e+01
Doing analysis at TEMP = 27.000000 and TNOM = 27.000000

Using SPARSE 1.3 as Direct Linear Solver

No. of Data Rows : 801
fcross              =  8.36244e+05
pmarg               =  8.15682e+01
tdc                 =  7.52755e+01
mode=3db  rload=100k  rsrc=2.5k  pos=1  C=1f
fcross = 8.362442e+05
pmarg = 8.156816e+01
tdc = 7.527549e+01
Doing analysis at TEMP = 27.000000 and TNOM = 27.000000

Using SPARSE 1.3 as Direct Linear Solver

No. of Data Rows : 801
fcross              =  8.37340e+05
pmarg               =  8.13579e+01
tdc                 =  7.52755e+01
mode=3db  rload=100k  rsrc=2.5k  pos=1  C=47p
fcross = 8.373400e+05
pmarg = 8.135786e+01
tdc = 7.527549e+01
Doing analysis at TEMP = 27.000000 and TNOM = 27.000000

Using SPARSE 1.3 as Direct Linear Solver

No. of Data Rows : 801
fcross              =  8.38486e+05
pmarg               =  8.11199e+01
tdc                 =  7.52755e+01
mode=3db  rload=100k  rsrc=2.5k  pos=1  C=100p
fcross = 8.384861e+05
pmarg = 8.111993e+01
tdc = 7.527549e+01
Doing analysis at TEMP = 27.000000 and TNOM = 27.000000

Using SPARSE 1.3 as Direct Linear Solver

No. of Data Rows : 801
fcross              =  8.40712e+05
pmarg               =  8.05804e+01
tdc                 =  7.52755e+01
mode=3db  rload=100k  rsrc=2.5k  pos=1  C=220p
fcross = 8.407124e+05
pmarg = 8.058036e+01
tdc = 7.527549e+01
Doing analysis at TEMP = 27.000000 and TNOM = 27.000000

Using SPARSE 1.3 as Direct Linear Solver

No. of Data Rows : 801
fcross              =  8.43601e+05
pmarg               =  7.94712e+01
tdc                 =  7.52755e+01
mode=3db  rload=100k  rsrc=2.5k  pos=1  C=470p
fcross = 8.436012e+05
pmarg = 7.947123e+01
tdc = 7.527549e+01
Doing analysis at TEMP = 27.000000 and TNOM = 27.000000

Using SPARSE 1.3 as Direct Linear Solver

No. of Data Rows : 801
fcross              =  8.41761e+05
pmarg               =  7.73533e+01
tdc                 =  7.52755e+01
mode=3db  rload=100k  rsrc=2.5k  pos=1  C=1n
fcross = 8.417613e+05
pmarg = 7.735331e+01
tdc = 7.527549e+01
Doing analysis at TEMP = 27.000000 and TNOM = 27.000000

Using SPARSE 1.3 as Direct Linear Solver

No. of Data Rows : 801
fcross              =  8.31831e+05
pmarg               =  7.58387e+01
tdc                 =  7.52755e+01
mode=3db  rload=100k  rsrc=2.5k  pos=1  C=1.5n
fcross = 8.318307e+05
pmarg = 7.583866e+01
tdc = 7.527549e+01
Doing analysis at TEMP = 27.000000 and TNOM = 27.000000

Using SPARSE 1.3 as Direct Linear Solver

No. of Data Rows : 801
fcross              =  8.11294e+05
pmarg               =  7.45474e+01
tdc                 =  7.52755e+01
mode=3db  rload=100k  rsrc=2.5k  pos=1  C=2.2n
fcross = 8.112937e+05
pmarg = 7.454743e+01
tdc = 7.527549e+01
Doing analysis at TEMP = 27.000000 and TNOM = 27.000000

Using SPARSE 1.3 as Direct Linear Solver

No. of Data Rows : 801
fcross              =  7.95482e+05
pmarg               =  7.40901e+01
tdc                 =  7.52755e+01
mode=3db  rload=100k  rsrc=2.5k  pos=1  C=2.7n
fcross = 7.954822e+05
pmarg = 7.409008e+01
tdc = 7.527550e+01
Doing analysis at TEMP = 27.000000 and TNOM = 27.000000

Using SPARSE 1.3 as Direct Linear Solver

No. of Data Rows : 801
fcross              =  7.77492e+05
pmarg               =  7.38801e+01
tdc                 =  7.52755e+01
mode=3db  rload=100k  rsrc=2.5k  pos=1  C=3.3n
fcross = 7.774923e+05
pmarg = 7.388014e+01
tdc = 7.527550e+01
Doing analysis at TEMP = 27.000000 and TNOM = 27.000000

Using SPARSE 1.3 as Direct Linear Solver

No. of Data Rows : 801
fcross              =  7.43137e+05
pmarg               =  7.41477e+01
tdc                 =  7.52755e+01
mode=3db  rload=100k  rsrc=2.5k  pos=1  C=4.7n
fcross = 7.431366e+05
pmarg = 7.414766e+01
tdc = 7.527550e+01
Doing analysis at TEMP = 27.000000 and TNOM = 27.000000

Using SPARSE 1.3 as Direct Linear Solver

No. of Data Rows : 801
fcross              =  8.36244e+05
pmarg               =  8.15682e+01
tdc                 =  7.52755e+01
mode=3db  rload=100k  rsrc=2.5k  pos=2  C=1f
fcross = 8.362442e+05
pmarg = 8.156816e+01
tdc = 7.527549e+01
Doing analysis at TEMP = 27.000000 and TNOM = 27.000000

Using SPARSE 1.3 as Direct Linear Solver

No. of Data Rows : 801
fcross              =  8.37377e+05
pmarg               =  8.13575e+01
tdc                 =  7.52755e+01
mode=3db  rload=100k  rsrc=2.5k  pos=2  C=47p
fcross = 8.373770e+05
pmarg = 8.135752e+01
tdc = 7.527549e+01
Doing analysis at TEMP = 27.000000 and TNOM = 27.000000

Using SPARSE 1.3 as Direct Linear Solver

No. of Data Rows : 801
fcross              =  8.38652e+05
pmarg               =  8.11189e+01
tdc                 =  7.52755e+01
mode=3db  rload=100k  rsrc=2.5k  pos=2  C=100p
fcross = 8.386519e+05
pmarg = 8.111886e+01
tdc = 7.527549e+01
Doing analysis at TEMP = 27.000000 and TNOM = 27.000000

Using SPARSE 1.3 as Direct Linear Solver

No. of Data Rows : 801
fcross              =  8.41527e+05
pmarg               =  8.05741e+01
tdc                 =  7.52755e+01
mode=3db  rload=100k  rsrc=2.5k  pos=2  C=220p
fcross = 8.415272e+05
pmarg = 8.057409e+01
tdc = 7.527549e+01
Doing analysis at TEMP = 27.000000 and TNOM = 27.000000

Using SPARSE 1.3 as Direct Linear Solver
 Reference value :  1.94984e+02
No. of Data Rows : 801
fcross              =  8.47457e+05
pmarg               =  7.94197e+01
tdc                 =  7.52755e+01
mode=3db  rload=100k  rsrc=2.5k  pos=2  C=470p
fcross = 8.474574e+05
pmarg = 7.941975e+01
tdc = 7.527549e+01
Doing analysis at TEMP = 27.000000 and TNOM = 27.000000

Using SPARSE 1.3 as Direct Linear Solver

No. of Data Rows : 801
fcross              =  8.59865e+05
pmarg               =  7.68830e+01
tdc                 =  7.52755e+01
mode=3db  rload=100k  rsrc=2.5k  pos=2  C=1n
fcross = 8.598648e+05
pmarg = 7.688295e+01
tdc = 7.527548e+01
Doing analysis at TEMP = 27.000000 and TNOM = 27.000000

Using SPARSE 1.3 as Direct Linear Solver

No. of Data Rows : 801
fcross              =  8.71000e+05
pmarg               =  7.43878e+01
tdc                 =  7.52755e+01
mode=3db  rload=100k  rsrc=2.5k  pos=2  C=1.5n
fcross = 8.709999e+05
pmarg = 7.438783e+01
tdc = 7.527548e+01
Doing analysis at TEMP = 27.000000 and TNOM = 27.000000

Using SPARSE 1.3 as Direct Linear Solver

No. of Data Rows : 801
fcross              =  8.85389e+05
pmarg               =  7.07446e+01
tdc                 =  7.52755e+01
mode=3db  rload=100k  rsrc=2.5k  pos=2  C=2.2n
fcross = 8.853894e+05
pmarg = 7.074458e+01
tdc = 7.527547e+01
Doing analysis at TEMP = 27.000000 and TNOM = 27.000000

Using SPARSE 1.3 as Direct Linear Solver

No. of Data Rows : 801
fcross              =  8.94209e+05
pmarg               =  6.80683e+01
tdc                 =  7.52755e+01
mode=3db  rload=100k  rsrc=2.5k  pos=2  C=2.7n
fcross = 8.942092e+05
pmarg = 6.806835e+01
tdc = 7.527547e+01
Doing analysis at TEMP = 27.000000 and TNOM = 27.000000

Using SPARSE 1.3 as Direct Linear Solver

No. of Data Rows : 801
fcross              =  9.02773e+05
pmarg               =  6.48176e+01
tdc                 =  7.52755e+01
mode=3db  rload=100k  rsrc=2.5k  pos=2  C=3.3n
fcross = 9.027733e+05
pmarg = 6.481762e+01
tdc = 7.527546e+01
Doing analysis at TEMP = 27.000000 and TNOM = 27.000000

Using SPARSE 1.3 as Direct Linear Solver

No. of Data Rows : 801
fcross              =  9.11202e+05
pmarg               =  5.74470e+01
tdc                 =  7.52755e+01
mode=3db  rload=100k  rsrc=2.5k  pos=2  C=4.7n
fcross = 9.112025e+05
pmarg = 5.744702e+01
tdc = 7.527545e+01
Doing analysis at TEMP = 27.000000 and TNOM = 27.000000

Using SPARSE 1.3 as Direct Linear Solver

No. of Data Rows : 801
fcross              =  8.36231e+05
pmarg               =  8.15498e+01
tdc                 =  7.52755e+01
mode=3db  rload=100k  rsrc=2.571k  pos=1  C=1f
fcross = 8.362313e+05
pmarg = 8.154980e+01
tdc = 7.527551e+01
Doing analysis at TEMP = 27.000000 and TNOM = 27.000000

Using SPARSE 1.3 as Direct Linear Solver

No. of Data Rows : 801
fcross              =  8.37327e+05
pmarg               =  8.13395e+01
tdc                 =  7.52755e+01
mode=3db  rload=100k  rsrc=2.571k  pos=1  C=47p
fcross = 8.373271e+05
pmarg = 8.133947e+01
tdc = 7.527551e+01
Doing analysis at TEMP = 27.000000 and TNOM = 27.000000

Using SPARSE 1.3 as Direct Linear Solver

No. of Data Rows : 801
fcross              =  8.38473e+05
pmarg               =  8.11015e+01
tdc                 =  7.52755e+01
mode=3db  rload=100k  rsrc=2.571k  pos=1  C=100p
fcross = 8.384731e+05
pmarg = 8.110153e+01
tdc = 7.527551e+01
Doing analysis at TEMP = 27.000000 and TNOM = 27.000000

Using SPARSE 1.3 as Direct Linear Solver

No. of Data Rows : 801
fcross              =  8.40699e+05
pmarg               =  8.05619e+01
tdc                 =  7.52755e+01
mode=3db  rload=100k  rsrc=2.571k  pos=1  C=220p
fcross = 8.406993e+05
pmarg = 8.056192e+01
tdc = 7.527551e+01
Doing analysis at TEMP = 27.000000 and TNOM = 27.000000

Using SPARSE 1.3 as Direct Linear Solver

No. of Data Rows : 801
fcross              =  8.43588e+05
pmarg               =  7.94527e+01
tdc                 =  7.52755e+01
mode=3db  rload=100k  rsrc=2.571k  pos=1  C=470p
fcross = 8.435880e+05
pmarg = 7.945274e+01
tdc = 7.527551e+01
Doing analysis at TEMP = 27.000000 and TNOM = 27.000000

Using SPARSE 1.3 as Direct Linear Solver

No. of Data Rows : 801
fcross              =  8.41748e+05
pmarg               =  7.73349e+01
tdc                 =  7.52755e+01
mode=3db  rload=100k  rsrc=2.571k  pos=1  C=1n
fcross = 8.417483e+05
pmarg = 7.733489e+01
tdc = 7.527551e+01
Doing analysis at TEMP = 27.000000 and TNOM = 27.000000

Using SPARSE 1.3 as Direct Linear Solver

No. of Data Rows : 801
fcross              =  8.31818e+05
pmarg               =  7.58205e+01
tdc                 =  7.52755e+01
mode=3db  rload=100k  rsrc=2.571k  pos=1  C=1.5n
fcross = 8.318184e+05
pmarg = 7.582046e+01
tdc = 7.527551e+01
Doing analysis at TEMP = 27.000000 and TNOM = 27.000000

Using SPARSE 1.3 as Direct Linear Solver

No. of Data Rows : 801
fcross              =  8.11283e+05
pmarg               =  7.45296e+01
tdc                 =  7.52755e+01
mode=3db  rload=100k  rsrc=2.571k  pos=1  C=2.2n
fcross = 8.112828e+05
pmarg = 7.452965e+01
tdc = 7.527551e+01
Doing analysis at TEMP = 27.000000 and TNOM = 27.000000

Using SPARSE 1.3 as Direct Linear Solver

No. of Data Rows : 801
fcross              =  7.95472e+05
pmarg               =  7.40726e+01
tdc                 =  7.52755e+01
mode=3db  rload=100k  rsrc=2.571k  pos=1  C=2.7n
fcross = 7.954720e+05
pmarg = 7.407263e+01
tdc = 7.527551e+01
Doing analysis at TEMP = 27.000000 and TNOM = 27.000000

Using SPARSE 1.3 as Direct Linear Solver

No. of Data Rows : 801
fcross              =  7.77483e+05
pmarg               =  7.38631e+01
tdc                 =  7.52755e+01
mode=3db  rload=100k  rsrc=2.571k  pos=1  C=3.3n
fcross = 7.774829e+05
pmarg = 7.386305e+01
tdc = 7.527551e+01
Doing analysis at TEMP = 27.000000 and TNOM = 27.000000

Using SPARSE 1.3 as Direct Linear Solver

No. of Data Rows : 801
fcross              =  7.43128e+05
pmarg               =  7.41313e+01
tdc                 =  7.52755e+01
mode=3db  rload=100k  rsrc=2.571k  pos=1  C=4.7n
fcross = 7.431285e+05
pmarg = 7.413128e+01
tdc = 7.527552e+01
Doing analysis at TEMP = 27.000000 and TNOM = 27.000000

Using SPARSE 1.3 as Direct Linear Solver

No. of Data Rows : 801
fcross              =  8.36231e+05
pmarg               =  8.15498e+01
tdc                 =  7.52755e+01
mode=3db  rload=100k  rsrc=2.571k  pos=2  C=1f
fcross = 8.362313e+05
pmarg = 8.154980e+01
tdc = 7.527551e+01
Doing analysis at TEMP = 27.000000 and TNOM = 27.000000

Using SPARSE 1.3 as Direct Linear Solver

No. of Data Rows : 801
fcross              =  8.37364e+05
pmarg               =  8.13391e+01
tdc                 =  7.52755e+01
mode=3db  rload=100k  rsrc=2.571k  pos=2  C=47p
fcross = 8.373641e+05
pmarg = 8.133913e+01
tdc = 7.527551e+01
Doing analysis at TEMP = 27.000000 and TNOM = 27.000000

Using SPARSE 1.3 as Direct Linear Solver

No. of Data Rows : 801
fcross              =  8.38639e+05
pmarg               =  8.11004e+01
tdc                 =  7.52755e+01
mode=3db  rload=100k  rsrc=2.571k  pos=2  C=100p
fcross = 8.386389e+05
pmarg = 8.110045e+01
tdc = 7.527551e+01
Doing analysis at TEMP = 27.000000 and TNOM = 27.000000

Using SPARSE 1.3 as Direct Linear Solver

No. of Data Rows : 801
fcross              =  8.41514e+05
pmarg               =  8.05556e+01
tdc                 =  7.52755e+01
mode=3db  rload=100k  rsrc=2.571k  pos=2  C=220p
fcross = 8.415140e+05
pmarg = 8.055563e+01
tdc = 7.527551e+01
Doing analysis at TEMP = 27.000000 and TNOM = 27.000000

Using SPARSE 1.3 as Direct Linear Solver

No. of Data Rows : 801
fcross              =  8.47444e+05
pmarg               =  7.94012e+01
tdc                 =  7.52755e+01
mode=3db  rload=100k  rsrc=2.571k  pos=2  C=470p
fcross = 8.474438e+05
pmarg = 7.940118e+01
tdc = 7.527551e+01
Doing analysis at TEMP = 27.000000 and TNOM = 27.000000

Using SPARSE 1.3 as Direct Linear Solver

No. of Data Rows : 801
fcross              =  8.59850e+05
pmarg               =  7.68642e+01
tdc                 =  7.52755e+01
mode=3db  rload=100k  rsrc=2.571k  pos=2  C=1n
fcross = 8.598502e+05
pmarg = 7.686417e+01
tdc = 7.527550e+01
Doing analysis at TEMP = 27.000000 and TNOM = 27.000000

Using SPARSE 1.3 as Direct Linear Solver

No. of Data Rows : 801
fcross              =  8.70984e+05
pmarg               =  7.43689e+01
tdc                 =  7.52755e+01
mode=3db  rload=100k  rsrc=2.571k  pos=2  C=1.5n
fcross = 8.709843e+05
pmarg = 7.436887e+01
tdc = 7.527550e+01
Doing analysis at TEMP = 27.000000 and TNOM = 27.000000

Using SPARSE 1.3 as Direct Linear Solver

No. of Data Rows : 801
fcross              =  8.85373e+05
pmarg               =  7.07254e+01
tdc                 =  7.52755e+01
mode=3db  rload=100k  rsrc=2.571k  pos=2  C=2.2n
fcross = 8.853730e+05
pmarg = 7.072539e+01
tdc = 7.527549e+01
Doing analysis at TEMP = 27.000000 and TNOM = 27.000000

Using SPARSE 1.3 as Direct Linear Solver

No. of Data Rows : 801
fcross              =  8.94192e+05
pmarg               =  6.80491e+01
tdc                 =  7.52755e+01
mode=3db  rload=100k  rsrc=2.571k  pos=2  C=2.7n
fcross = 8.941918e+05
pmarg = 6.804905e+01
tdc = 7.527549e+01
Doing analysis at TEMP = 27.000000 and TNOM = 27.000000

Using SPARSE 1.3 as Direct Linear Solver

No. of Data Rows : 801
fcross              =  9.02755e+05
pmarg               =  6.47982e+01
tdc                 =  7.52755e+01
mode=3db  rload=100k  rsrc=2.571k  pos=2  C=3.3n
fcross = 9.027554e+05
pmarg = 6.479822e+01
tdc = 7.527548e+01
Doing analysis at TEMP = 27.000000 and TNOM = 27.000000

Using SPARSE 1.3 as Direct Linear Solver

No. of Data Rows : 801
fcross              =  9.11185e+05
Note: Starting dynamic gmin stepping
Warning: Dynamic gmin stepping failed
Note: Starting true gmin stepping
Note: True gmin stepping completed
pmarg               =  5.74276e+01
tdc                 =  7.52755e+01
mode=3db  rload=100k  rsrc=2.571k  pos=2  C=4.7n
fcross = 9.111846e+05
pmarg = 5.742761e+01
tdc = 7.527547e+01
Doing analysis at TEMP = 27.000000 and TNOM = 27.000000

Using SPARSE 1.3 as Direct Linear Solver

No. of Data Rows : 801
fcross              =  8.36224e+05
Note: Starting dynamic gmin stepping
Warning: Dynamic gmin stepping failed
Note: Starting true gmin stepping
Note: True gmin stepping completed
pmarg               =  8.15395e+01
tdc                 =  7.52755e+01
mode=3db  rload=100k  rsrc=2.611k  pos=1  C=1f
fcross = 8.362238e+05
pmarg = 8.153947e+01
tdc = 7.527551e+01
Doing analysis at TEMP = 27.000000 and TNOM = 27.000000

Using SPARSE 1.3 as Direct Linear Solver

No. of Data Rows : 801
fcross              =  8.37320e+05
Note: Starting dynamic gmin stepping
Warning: Dynamic gmin stepping failed
Note: Starting true gmin stepping
Note: True gmin stepping completed
pmarg               =  8.13291e+01
tdc                 =  7.52755e+01
mode=3db  rload=100k  rsrc=2.611k  pos=1  C=47p
fcross = 8.373196e+05
pmarg = 8.132913e+01
tdc = 7.527551e+01
Doing analysis at TEMP = 27.000000 and TNOM = 27.000000

Using SPARSE 1.3 as Direct Linear Solver

No. of Data Rows : 801
fcross              =  8.38466e+05
Note: Starting dynamic gmin stepping
Warning: Dynamic gmin stepping failed
Note: Starting true gmin stepping
Note: True gmin stepping completed
pmarg               =  8.10912e+01
tdc                 =  7.52755e+01
mode=3db  rload=100k  rsrc=2.611k  pos=1  C=100p
fcross = 8.384655e+05
pmarg = 8.109118e+01
tdc = 7.527551e+01
Doing analysis at TEMP = 27.000000 and TNOM = 27.000000

Using SPARSE 1.3 as Direct Linear Solver

No. of Data Rows : 801
fcross              =  8.40692e+05
Note: Starting dynamic gmin stepping
Warning: Dynamic gmin stepping failed
Note: Starting true gmin stepping
Note: True gmin stepping completed
pmarg               =  8.05515e+01
tdc                 =  7.52755e+01
mode=3db  rload=100k  rsrc=2.611k  pos=1  C=220p
fcross = 8.406917e+05
pmarg = 8.055155e+01
tdc = 7.527551e+01
Doing analysis at TEMP = 27.000000 and TNOM = 27.000000

Using SPARSE 1.3 as Direct Linear Solver

No. of Data Rows : 801
fcross              =  8.43580e+05
Note: Starting dynamic gmin stepping
Warning: Dynamic gmin stepping failed
Note: Starting true gmin stepping
Note: True gmin stepping completed
pmarg               =  7.94423e+01
tdc                 =  7.52755e+01
mode=3db  rload=100k  rsrc=2.611k  pos=1  C=470p
fcross = 8.435802e+05
pmarg = 7.944235e+01
tdc = 7.527551e+01
Doing analysis at TEMP = 27.000000 and TNOM = 27.000000

Using SPARSE 1.3 as Direct Linear Solver

No. of Data Rows : 801
fcross              =  8.41741e+05
Note: Starting dynamic gmin stepping
Warning: Dynamic gmin stepping failed
Note: Starting true gmin stepping
Note: True gmin stepping completed
pmarg               =  7.73245e+01
tdc                 =  7.52755e+01
mode=3db  rload=100k  rsrc=2.611k  pos=1  C=1n
fcross = 8.417406e+05
pmarg = 7.732454e+01
tdc = 7.527551e+01
Doing analysis at TEMP = 27.000000 and TNOM = 27.000000

Using SPARSE 1.3 as Direct Linear Solver

No. of Data Rows : 801
fcross              =  8.31811e+05
Note: Starting dynamic gmin stepping
Warning: Dynamic gmin stepping failed
Note: Starting true gmin stepping
Note: True gmin stepping completed
pmarg               =  7.58102e+01
tdc                 =  7.52755e+01
mode=3db  rload=100k  rsrc=2.611k  pos=1  C=1.5n
fcross = 8.318110e+05
pmarg = 7.581024e+01
tdc = 7.527551e+01
Doing analysis at TEMP = 27.000000 and TNOM = 27.000000

Using SPARSE 1.3 as Direct Linear Solver

No. of Data Rows : 801
fcross              =  8.11276e+05
Note: Starting dynamic gmin stepping
Warning: Dynamic gmin stepping failed
Note: Starting true gmin stepping
Note: True gmin stepping completed
pmarg               =  7.45197e+01
tdc                 =  7.52755e+01
mode=3db  rload=100k  rsrc=2.611k  pos=1  C=2.2n
fcross = 8.112764e+05
pmarg = 7.451967e+01
tdc = 7.527551e+01
Doing analysis at TEMP = 27.000000 and TNOM = 27.000000

Using SPARSE 1.3 as Direct Linear Solver

No. of Data Rows : 801
fcross              =  7.95466e+05
Note: Starting dynamic gmin stepping
Warning: Dynamic gmin stepping failed
Note: Starting true gmin stepping
Note: True gmin stepping completed
pmarg               =  7.40628e+01
tdc                 =  7.52755e+01
mode=3db  rload=100k  rsrc=2.611k  pos=1  C=2.7n
fcross = 7.954660e+05
pmarg = 7.406283e+01
tdc = 7.527551e+01
Doing analysis at TEMP = 27.000000 and TNOM = 27.000000

Using SPARSE 1.3 as Direct Linear Solver

No. of Data Rows : 801
fcross              =  7.77477e+05
Note: Starting dynamic gmin stepping
Warning: Dynamic gmin stepping failed
Note: Starting true gmin stepping
Note: True gmin stepping completed
pmarg               =  7.38535e+01
tdc                 =  7.52755e+01
mode=3db  rload=100k  rsrc=2.611k  pos=1  C=3.3n
fcross = 7.774774e+05
pmarg = 7.385346e+01
tdc = 7.527551e+01
Doing analysis at TEMP = 27.000000 and TNOM = 27.000000

Using SPARSE 1.3 as Direct Linear Solver

No. of Data Rows : 801
fcross              =  7.43124e+05
Note: Starting dynamic gmin stepping
Warning: Dynamic gmin stepping failed
Note: Starting true gmin stepping
Note: True gmin stepping completed
pmarg               =  7.41221e+01
tdc                 =  7.52755e+01
mode=3db  rload=100k  rsrc=2.611k  pos=1  C=4.7n
fcross = 7.431237e+05
pmarg = 7.412209e+01
tdc = 7.527552e+01
Doing analysis at TEMP = 27.000000 and TNOM = 27.000000

Using SPARSE 1.3 as Direct Linear Solver

No. of Data Rows : 801
fcross              =  8.36224e+05
Note: Starting dynamic gmin stepping
Warning: Dynamic gmin stepping failed
Note: Starting true gmin stepping
Note: True gmin stepping completed
pmarg               =  8.15395e+01
tdc                 =  7.52755e+01
mode=3db  rload=100k  rsrc=2.611k  pos=2  C=1f
fcross = 8.362238e+05
pmarg = 8.153947e+01
tdc = 7.527551e+01
Doing analysis at TEMP = 27.000000 and TNOM = 27.000000

Using SPARSE 1.3 as Direct Linear Solver

No. of Data Rows : 801
fcross              =  8.37357e+05
Note: Starting dynamic gmin stepping
Warning: Dynamic gmin stepping failed
Note: Starting true gmin stepping
Note: True gmin stepping completed
pmarg               =  8.13288e+01
tdc                 =  7.52755e+01
mode=3db  rload=100k  rsrc=2.611k  pos=2  C=47p
fcross = 8.373566e+05
pmarg = 8.132879e+01
tdc = 7.527551e+01
Doing analysis at TEMP = 27.000000 and TNOM = 27.000000

Using SPARSE 1.3 as Direct Linear Solver

No. of Data Rows : 801
fcross              =  8.38631e+05
Note: Starting dynamic gmin stepping
Warning: Dynamic gmin stepping failed
Note: Starting true gmin stepping
Note: True gmin stepping completed
pmarg               =  8.10901e+01
tdc                 =  7.52755e+01
mode=3db  rload=100k  rsrc=2.611k  pos=2  C=100p
fcross = 8.386313e+05
pmarg = 8.109009e+01
tdc = 7.527551e+01
Doing analysis at TEMP = 27.000000 and TNOM = 27.000000

Using SPARSE 1.3 as Direct Linear Solver

No. of Data Rows : 801
fcross              =  8.41506e+05
Note: Starting dynamic gmin stepping
Warning: Dynamic gmin stepping failed
Note: Starting true gmin stepping
Note: True gmin stepping completed
pmarg               =  8.05452e+01
tdc                 =  7.52755e+01
mode=3db  rload=100k  rsrc=2.611k  pos=2  C=220p
fcross = 8.415064e+05
pmarg = 8.054525e+01
tdc = 7.527551e+01
Doing analysis at TEMP = 27.000000 and TNOM = 27.000000

Using SPARSE 1.3 as Direct Linear Solver

No. of Data Rows : 801
fcross              =  8.47436e+05
Note: Starting dynamic gmin stepping
Warning: Dynamic gmin stepping failed
Note: Starting true gmin stepping
Note: True gmin stepping completed
pmarg               =  7.93907e+01
tdc                 =  7.52755e+01
mode=3db  rload=100k  rsrc=2.611k  pos=2  C=470p
fcross = 8.474360e+05
pmarg = 7.939074e+01
tdc = 7.527551e+01
Doing analysis at TEMP = 27.000000 and TNOM = 27.000000

Using SPARSE 1.3 as Direct Linear Solver

No. of Data Rows : 801
fcross              =  8.59842e+05
Note: Starting dynamic gmin stepping
Warning: Dynamic gmin stepping failed
Note: Starting true gmin stepping
Note: True gmin stepping completed
pmarg               =  7.68536e+01
tdc                 =  7.52755e+01
mode=3db  rload=100k  rsrc=2.611k  pos=2  C=1n
fcross = 8.598417e+05
pmarg = 7.685361e+01
tdc = 7.527550e+01
Doing analysis at TEMP = 27.000000 and TNOM = 27.000000

Using SPARSE 1.3 as Direct Linear Solver

No. of Data Rows : 801
fcross              =  8.70975e+05
Note: Starting dynamic gmin stepping
Warning: Dynamic gmin stepping failed
Note: Starting true gmin stepping
Note: True gmin stepping completed
pmarg               =  7.43582e+01
tdc                 =  7.52755e+01
mode=3db  rload=100k  rsrc=2.611k  pos=2  C=1.5n
fcross = 8.709751e+05
pmarg = 7.435822e+01
tdc = 7.527550e+01
Doing analysis at TEMP = 27.000000 and TNOM = 27.000000

Using SPARSE 1.3 as Direct Linear Solver
 Reference value :  1.00000e+00
No. of Data Rows : 801
fcross              =  8.85363e+05
Note: Starting dynamic gmin stepping
Warning: Dynamic gmin stepping failed
Note: Starting true gmin stepping
Note: True gmin stepping completed
pmarg               =  7.07146e+01
tdc                 =  7.52755e+01
mode=3db  rload=100k  rsrc=2.611k  pos=2  C=2.2n
fcross = 8.853631e+05
pmarg = 7.071463e+01
tdc = 7.527549e+01
Doing analysis at TEMP = 27.000000 and TNOM = 27.000000

Using SPARSE 1.3 as Direct Linear Solver

No. of Data Rows : 801
fcross              =  8.94181e+05
Note: Starting dynamic gmin stepping
Warning: Dynamic gmin stepping failed
Note: Starting true gmin stepping
Note: True gmin stepping completed
pmarg               =  6.80382e+01
tdc                 =  7.52755e+01
mode=3db  rload=100k  rsrc=2.611k  pos=2  C=2.7n
fcross = 8.941812e+05
pmarg = 6.803824e+01
tdc = 7.527549e+01
Doing analysis at TEMP = 27.000000 and TNOM = 27.000000

Using SPARSE 1.3 as Direct Linear Solver

No. of Data Rows : 801
fcross              =  9.02744e+05
Note: Starting dynamic gmin stepping
Warning: Dynamic gmin stepping failed
Note: Starting true gmin stepping
Note: True gmin stepping completed
pmarg               =  6.47874e+01
tdc                 =  7.52755e+01
mode=3db  rload=100k  rsrc=2.611k  pos=2  C=3.3n
fcross = 9.027444e+05
pmarg = 6.478737e+01
tdc = 7.527548e+01
Doing analysis at TEMP = 27.000000 and TNOM = 27.000000

Using SPARSE 1.3 as Direct Linear Solver

No. of Data Rows : 801
fcross              =  9.11173e+05
pmarg               =  5.74168e+01
tdc                 =  7.52755e+01
mode=3db  rload=100k  rsrc=2.611k  pos=2  C=4.7n
fcross = 9.111734e+05
pmarg = 5.741677e+01
tdc = 7.527547e+01
Doing analysis at TEMP = 27.000000 and TNOM = 27.000000

Using SPARSE 1.3 as Direct Linear Solver

No. of Data Rows : 801
fcross              =  8.35410e+05
pmarg               =  8.22207e+01
tdc                 =  7.51462e+01
mode=3db  rload=10k  rsrc=1m  pos=1  C=1f
fcross = 8.354097e+05
pmarg = 8.222067e+01
tdc = 7.514615e+01
Doing analysis at TEMP = 27.000000 and TNOM = 27.000000

Using SPARSE 1.3 as Direct Linear Solver

No. of Data Rows : 801
fcross              =  8.36492e+05
pmarg               =  8.20134e+01
tdc                 =  7.51462e+01
mode=3db  rload=10k  rsrc=1m  pos=1  C=47p
fcross = 8.364922e+05
pmarg = 8.201344e+01
tdc = 7.514616e+01
Doing analysis at TEMP = 27.000000 and TNOM = 27.000000

Using SPARSE 1.3 as Direct Linear Solver

No. of Data Rows : 801
fcross              =  8.37625e+05
pmarg               =  8.17789e+01
tdc                 =  7.51462e+01
mode=3db  rload=10k  rsrc=1m  pos=1  C=100p
fcross = 8.376247e+05
pmarg = 8.177894e+01
tdc = 7.514616e+01
Doing analysis at TEMP = 27.000000 and TNOM = 27.000000

Using SPARSE 1.3 as Direct Linear Solver

No. of Data Rows : 801
fcross              =  8.39826e+05
pmarg               =  8.12469e+01
tdc                 =  7.51462e+01
mode=3db  rload=10k  rsrc=1m  pos=1  C=220p
fcross = 8.398260e+05
pmarg = 8.124689e+01
tdc = 7.514617e+01
Doing analysis at TEMP = 27.000000 and TNOM = 27.000000

Using SPARSE 1.3 as Direct Linear Solver

No. of Data Rows : 801
fcross              =  8.42691e+05
pmarg               =  8.01519e+01
tdc                 =  7.51462e+01
mode=3db  rload=10k  rsrc=1m  pos=1  C=470p
fcross = 8.426910e+05
pmarg = 8.015185e+01
tdc = 7.514618e+01
Doing analysis at TEMP = 27.000000 and TNOM = 27.000000

Using SPARSE 1.3 as Direct Linear Solver

No. of Data Rows : 801
fcross              =  8.40927e+05
pmarg               =  7.80530e+01
tdc                 =  7.51462e+01
mode=3db  rload=10k  rsrc=1m  pos=1  C=1n
fcross = 8.409270e+05
pmarg = 7.805300e+01
tdc = 7.514620e+01
Doing analysis at TEMP = 27.000000 and TNOM = 27.000000

Using SPARSE 1.3 as Direct Linear Solver

No. of Data Rows : 801
fcross              =  8.31184e+05
pmarg               =  7.65405e+01
tdc                 =  7.51462e+01
mode=3db  rload=10k  rsrc=1m  pos=1  C=1.5n
fcross = 8.311844e+05
pmarg = 7.654053e+01
tdc = 7.514623e+01
Doing analysis at TEMP = 27.000000 and TNOM = 27.000000

Using SPARSE 1.3 as Direct Linear Solver

No. of Data Rows : 801
fcross              =  8.10924e+05
pmarg               =  7.52352e+01
tdc                 =  7.51463e+01
mode=3db  rload=10k  rsrc=1m  pos=1  C=2.2n
fcross = 8.109242e+05
pmarg = 7.523519e+01
tdc = 7.514626e+01
Doing analysis at TEMP = 27.000000 and TNOM = 27.000000

Using SPARSE 1.3 as Direct Linear Solver

No. of Data Rows : 801
fcross              =  7.95270e+05
pmarg               =  7.47624e+01
tdc                 =  7.51463e+01
mode=3db  rload=10k  rsrc=1m  pos=1  C=2.7n
fcross = 7.952696e+05
pmarg = 7.476238e+01
tdc = 7.514629e+01
Doing analysis at TEMP = 27.000000 and TNOM = 27.000000

Using SPARSE 1.3 as Direct Linear Solver

No. of Data Rows : 801
fcross              =  7.77424e+05
pmarg               =  7.45328e+01
tdc                 =  7.51463e+01
mode=3db  rload=10k  rsrc=1m  pos=1  C=3.3n
fcross = 7.774239e+05
pmarg = 7.453280e+01
tdc = 7.514632e+01
Doing analysis at TEMP = 27.000000 and TNOM = 27.000000

Using SPARSE 1.3 as Direct Linear Solver

No. of Data Rows : 801
fcross              =  7.43249e+05
pmarg               =  7.47607e+01
tdc                 =  7.51464e+01
mode=3db  rload=10k  rsrc=1m  pos=1  C=4.7n
fcross = 7.432494e+05
pmarg = 7.476067e+01
tdc = 7.514638e+01
Doing analysis at TEMP = 27.000000 and TNOM = 27.000000

Using SPARSE 1.3 as Direct Linear Solver

No. of Data Rows : 801
fcross              =  8.35410e+05
pmarg               =  8.22207e+01
tdc                 =  7.51462e+01
mode=3db  rload=10k  rsrc=1m  pos=2  C=1f
fcross = 8.354097e+05
pmarg = 8.222067e+01
tdc = 7.514615e+01
Doing analysis at TEMP = 27.000000 and TNOM = 27.000000

Using SPARSE 1.3 as Direct Linear Solver

No. of Data Rows : 801
fcross              =  8.36538e+05
pmarg               =  8.20114e+01
tdc                 =  7.51462e+01
mode=3db  rload=10k  rsrc=1m  pos=2  C=47p
fcross = 8.365381e+05
pmarg = 8.201137e+01
tdc = 7.514615e+01
Doing analysis at TEMP = 27.000000 and TNOM = 27.000000

Using SPARSE 1.3 as Direct Linear Solver

No. of Data Rows : 801
fcross              =  8.37808e+05
pmarg               =  8.17742e+01
tdc                 =  7.51462e+01
mode=3db  rload=10k  rsrc=1m  pos=2  C=100p
fcross = 8.378080e+05
pmarg = 8.177422e+01
tdc = 7.514615e+01
Doing analysis at TEMP = 27.000000 and TNOM = 27.000000

Using SPARSE 1.3 as Direct Linear Solver

No. of Data Rows : 801
fcross              =  8.40672e+05
pmarg               =  8.12329e+01
tdc                 =  7.51462e+01
mode=3db  rload=10k  rsrc=1m  pos=2  C=220p
fcross = 8.406720e+05
pmarg = 8.123292e+01
tdc = 7.514615e+01
Doing analysis at TEMP = 27.000000 and TNOM = 27.000000

Using SPARSE 1.3 as Direct Linear Solver

No. of Data Rows : 801
fcross              =  8.46578e+05
pmarg               =  8.00859e+01
tdc                 =  7.51462e+01
mode=3db  rload=10k  rsrc=1m  pos=2  C=470p
fcross = 8.465782e+05
pmarg = 8.008585e+01
tdc = 7.514615e+01
Doing analysis at TEMP = 27.000000 and TNOM = 27.000000

Using SPARSE 1.3 as Direct Linear Solver

No. of Data Rows : 801
fcross              =  8.58912e+05
pmarg               =  7.75655e+01
tdc                 =  7.51461e+01
mode=3db  rload=10k  rsrc=1m  pos=2  C=1n
fcross = 8.589124e+05
pmarg = 7.756548e+01
tdc = 7.514615e+01
Doing analysis at TEMP = 27.000000 and TNOM = 27.000000

Using SPARSE 1.3 as Direct Linear Solver

No. of Data Rows : 801
fcross              =  8.69997e+05
pmarg               =  7.50857e+01
tdc                 =  7.51461e+01
mode=3db  rload=10k  rsrc=1m  pos=2  C=1.5n
fcross = 8.699973e+05
pmarg = 7.508575e+01
tdc = 7.514614e+01
Doing analysis at TEMP = 27.000000 and TNOM = 27.000000

Using SPARSE 1.3 as Direct Linear Solver

No. of Data Rows : 801
fcross              =  8.84295e+05
pmarg               =  7.14652e+01
tdc                 =  7.51461e+01
mode=3db  rload=10k  rsrc=1m  pos=2  C=2.2n
fcross = 8.842946e+05
pmarg = 7.146518e+01
tdc = 7.514613e+01
Doing analysis at TEMP = 27.000000 and TNOM = 27.000000

Using SPARSE 1.3 as Direct Linear Solver

No. of Data Rows : 801
fcross              =  8.93041e+05
pmarg               =  6.88055e+01
tdc                 =  7.51461e+01
mode=3db  rload=10k  rsrc=1m  pos=2  C=2.7n
fcross = 8.930409e+05
pmarg = 6.880548e+01
tdc = 7.514613e+01
Doing analysis at TEMP = 27.000000 and TNOM = 27.000000

Using SPARSE 1.3 as Direct Linear Solver

No. of Data Rows : 801
fcross              =  9.01565e+05
pmarg               =  6.55720e+01
tdc                 =  7.51461e+01
mode=3db  rload=10k  rsrc=1m  pos=2  C=3.3n
fcross = 9.015649e+05
pmarg = 6.557202e+01
tdc = 7.514612e+01
Doing analysis at TEMP = 27.000000 and TNOM = 27.000000

Using SPARSE 1.3 as Direct Linear Solver

No. of Data Rows : 801
fcross              =  9.09970e+05
pmarg               =  5.82315e+01
tdc                 =  7.51461e+01
mode=3db  rload=10k  rsrc=1m  pos=2  C=4.7n
fcross = 9.099696e+05
pmarg = 5.823146e+01
tdc = 7.514611e+01
Doing analysis at TEMP = 27.000000 and TNOM = 27.000000

Using SPARSE 1.3 as Direct Linear Solver

No. of Data Rows : 801
fcross              =  8.35351e+05
pmarg               =  8.19581e+01
tdc                 =  7.51462e+01
mode=3db  rload=10k  rsrc=1k  pos=1  C=1f
fcross = 8.353513e+05
pmarg = 8.195811e+01
tdc = 7.514619e+01
Doing analysis at TEMP = 27.000000 and TNOM = 27.000000

Using SPARSE 1.3 as Direct Linear Solver

No. of Data Rows : 801
fcross              =  8.36434e+05
pmarg               =  8.17506e+01
tdc                 =  7.51462e+01
mode=3db  rload=10k  rsrc=1k  pos=1  C=47p
fcross = 8.364335e+05
pmarg = 8.175056e+01
tdc = 7.514619e+01
Doing analysis at TEMP = 27.000000 and TNOM = 27.000000

Using SPARSE 1.3 as Direct Linear Solver

No. of Data Rows : 801
fcross              =  8.37566e+05
pmarg               =  8.15157e+01
tdc                 =  7.51462e+01
mode=3db  rload=10k  rsrc=1k  pos=1  C=100p
fcross = 8.375657e+05
pmarg = 8.151572e+01
tdc = 7.514619e+01
Doing analysis at TEMP = 27.000000 and TNOM = 27.000000

Using SPARSE 1.3 as Direct Linear Solver

No. of Data Rows : 801
fcross              =  8.39766e+05
pmarg               =  8.09830e+01
tdc                 =  7.51462e+01
mode=3db  rload=10k  rsrc=1k  pos=1  C=220p
fcross = 8.397665e+05
pmarg = 8.098302e+01
tdc = 7.514620e+01
Doing analysis at TEMP = 27.000000 and TNOM = 27.000000

Using SPARSE 1.3 as Direct Linear Solver

No. of Data Rows : 801
fcross              =  8.42631e+05
pmarg               =  7.98872e+01
tdc                 =  7.51462e+01
mode=3db  rload=10k  rsrc=1k  pos=1  C=470p
fcross = 8.426309e+05
pmarg = 7.988717e+01
tdc = 7.514621e+01
Doing analysis at TEMP = 27.000000 and TNOM = 27.000000

Using SPARSE 1.3 as Direct Linear Solver

No. of Data Rows : 801
fcross              =  8.40868e+05
pmarg               =  7.77890e+01
tdc                 =  7.51462e+01
mode=3db  rload=10k  rsrc=1k  pos=1  C=1n
fcross = 8.408678e+05
pmarg = 7.778900e+01
tdc = 7.514624e+01
Doing analysis at TEMP = 27.000000 and TNOM = 27.000000

Using SPARSE 1.3 as Direct Linear Solver

No. of Data Rows : 801
fcross              =  8.31129e+05
pmarg               =  7.62796e+01
tdc                 =  7.51463e+01
mode=3db  rload=10k  rsrc=1k  pos=1  C=1.5n
fcross = 8.311293e+05
pmarg = 7.627960e+01
tdc = 7.514626e+01
Doing analysis at TEMP = 27.000000 and TNOM = 27.000000

Using SPARSE 1.3 as Direct Linear Solver

No. of Data Rows : 801
fcross              =  8.10875e+05
pmarg               =  7.49805e+01
tdc                 =  7.51463e+01
mode=3db  rload=10k  rsrc=1k  pos=1  C=2.2n
fcross = 8.108748e+05
pmarg = 7.498053e+01
tdc = 7.514630e+01
Doing analysis at TEMP = 27.000000 and TNOM = 27.000000

Using SPARSE 1.3 as Direct Linear Solver

No. of Data Rows : 801
fcross              =  7.95223e+05
pmarg               =  7.45126e+01
tdc                 =  7.51463e+01
mode=3db  rload=10k  rsrc=1k  pos=1  C=2.7n
fcross = 7.952232e+05
pmarg = 7.451255e+01
tdc = 7.514632e+01
Doing analysis at TEMP = 27.000000 and TNOM = 27.000000

Using SPARSE 1.3 as Direct Linear Solver

No. of Data Rows : 801
fcross              =  7.77381e+05
pmarg               =  7.42885e+01
tdc                 =  7.51463e+01
mode=3db  rload=10k  rsrc=1k  pos=1  C=3.3n
fcross = 7.773813e+05
pmarg = 7.428846e+01
tdc = 7.514635e+01
Doing analysis at TEMP = 27.000000 and TNOM = 27.000000

Using SPARSE 1.3 as Direct Linear Solver

No. of Data Rows : 801
fcross              =  7.43213e+05
pmarg               =  7.45269e+01
tdc                 =  7.51464e+01
mode=3db  rload=10k  rsrc=1k  pos=1  C=4.7n
fcross = 7.432127e+05
pmarg = 7.452687e+01
tdc = 7.514642e+01
Doing analysis at TEMP = 27.000000 and TNOM = 27.000000

Using SPARSE 1.3 as Direct Linear Solver

No. of Data Rows : 801
fcross              =  8.35351e+05
pmarg               =  8.19581e+01
tdc                 =  7.51462e+01
mode=3db  rload=10k  rsrc=1k  pos=2  C=1f
fcross = 8.353513e+05
pmarg = 8.195811e+01
tdc = 7.514619e+01
Doing analysis at TEMP = 27.000000 and TNOM = 27.000000

Using SPARSE 1.3 as Direct Linear Solver

No. of Data Rows : 801
fcross              =  8.36479e+05
pmarg               =  8.17485e+01
tdc                 =  7.51462e+01
mode=3db  rload=10k  rsrc=1k  pos=2  C=47p
fcross = 8.364794e+05
pmarg = 8.174847e+01
tdc = 7.514619e+01
Doing analysis at TEMP = 27.000000 and TNOM = 27.000000

Using SPARSE 1.3 as Direct Linear Solver

No. of Data Rows : 801
fcross              =  8.37749e+05
pmarg               =  8.15110e+01
tdc                 =  7.51462e+01
mode=3db  rload=10k  rsrc=1k  pos=2  C=100p
fcross = 8.377490e+05
pmarg = 8.151095e+01
tdc = 7.514619e+01
Doing analysis at TEMP = 27.000000 and TNOM = 27.000000

Using SPARSE 1.3 as Direct Linear Solver

No. of Data Rows : 801
fcross              =  8.40612e+05
pmarg               =  8.09688e+01
tdc                 =  7.51462e+01
mode=3db  rload=10k  rsrc=1k  pos=2  C=220p
fcross = 8.406122e+05
pmarg = 8.096879e+01
tdc = 7.514619e+01
Doing analysis at TEMP = 27.000000 and TNOM = 27.000000

Using SPARSE 1.3 as Direct Linear Solver

No. of Data Rows : 801
fcross              =  8.46517e+05
pmarg               =  7.98200e+01
tdc                 =  7.51462e+01
mode=3db  rload=10k  rsrc=1k  pos=2  C=470p
fcross = 8.465170e+05
pmarg = 7.981997e+01
tdc = 7.514618e+01
Doing analysis at TEMP = 27.000000 and TNOM = 27.000000

Using SPARSE 1.3 as Direct Linear Solver

No. of Data Rows : 801
fcross              =  8.58846e+05
pmarg               =  7.72960e+01
tdc                 =  7.51462e+01
mode=3db  rload=10k  rsrc=1k  pos=2  C=1n
fcross = 8.588464e+05
pmarg = 7.729599e+01
tdc = 7.514618e+01
Doing analysis at TEMP = 27.000000 and TNOM = 27.000000

Using SPARSE 1.3 as Direct Linear Solver

No. of Data Rows : 801
fcross              =  8.69928e+05
pmarg               =  7.48130e+01
tdc                 =  7.51462e+01
mode=3db  rload=10k  rsrc=1k  pos=2  C=1.5n
fcross = 8.699284e+05
pmarg = 7.481302e+01
tdc = 7.514617e+01
Doing analysis at TEMP = 27.000000 and TNOM = 27.000000

Using SPARSE 1.3 as Direct Linear Solver

No. of Data Rows : 801
fcross              =  8.84220e+05
pmarg               =  7.11884e+01
tdc                 =  7.51462e+01
mode=3db  rload=10k  rsrc=1k  pos=2  C=2.2n
fcross = 8.842200e+05
pmarg = 7.118842e+01
tdc = 7.514617e+01
Doing analysis at TEMP = 27.000000 and TNOM = 27.000000

Using SPARSE 1.3 as Direct Linear Solver

No. of Data Rows : 801
fcross              =  8.92962e+05
pmarg               =  6.85264e+01
tdc                 =  7.51462e+01
mode=3db  rload=10k  rsrc=1k  pos=2  C=2.7n
fcross = 8.929619e+05
pmarg = 6.852637e+01
tdc = 7.514616e+01
Doing analysis at TEMP = 27.000000 and TNOM = 27.000000

Using SPARSE 1.3 as Direct Linear Solver

No. of Data Rows : 801
fcross              =  9.01484e+05
pmarg               =  6.52906e+01
tdc                 =  7.51462e+01
mode=3db  rload=10k  rsrc=1k  pos=2  C=3.3n
fcross = 9.014840e+05
pmarg = 6.529062e+01
tdc = 7.514616e+01
Doing analysis at TEMP = 27.000000 and TNOM = 27.000000

Using SPARSE 1.3 as Direct Linear Solver

No. of Data Rows : 801
fcross              =  9.09889e+05
pmarg               =  5.79482e+01
tdc                 =  7.51461e+01
mode=3db  rload=10k  rsrc=1k  pos=2  C=4.7n
fcross = 9.098890e+05
pmarg = 5.794816e+01
tdc = 7.514615e+01
Doing analysis at TEMP = 27.000000 and TNOM = 27.000000

Using SPARSE 1.3 as Direct Linear Solver

No. of Data Rows : 801
fcross              =  8.35149e+05
pmarg               =  8.15682e+01
tdc                 =  7.51462e+01
mode=3db  rload=10k  rsrc=2.5k  pos=1  C=1f
fcross = 8.351495e+05
pmarg = 8.156824e+01
tdc = 7.514617e+01
Doing analysis at TEMP = 27.000000 and TNOM = 27.000000

Using SPARSE 1.3 as Direct Linear Solver

No. of Data Rows : 801
fcross              =  8.36231e+05
pmarg               =  8.13602e+01
tdc                 =  7.51462e+01
mode=3db  rload=10k  rsrc=2.5k  pos=1  C=47p
fcross = 8.362307e+05
pmarg = 8.136025e+01
tdc = 7.514617e+01
Doing analysis at TEMP = 27.000000 and TNOM = 27.000000

Using SPARSE 1.3 as Direct Linear Solver

No. of Data Rows : 801
fcross              =  8.37362e+05
pmarg               =  8.11250e+01
tdc                 =  7.51462e+01
mode=3db  rload=10k  rsrc=2.5k  pos=1  C=100p
fcross = 8.373618e+05
pmarg = 8.112496e+01
tdc = 7.514618e+01
Doing analysis at TEMP = 27.000000 and TNOM = 27.000000

Using SPARSE 1.3 as Direct Linear Solver

No. of Data Rows : 801
fcross              =  8.39560e+05
pmarg               =  8.05914e+01
tdc                 =  7.51462e+01
mode=3db  rload=10k  rsrc=2.5k  pos=1  C=220p
fcross = 8.395605e+05
pmarg = 8.059140e+01
tdc = 7.514618e+01
Doing analysis at TEMP = 27.000000 and TNOM = 27.000000

Using SPARSE 1.3 as Direct Linear Solver

No. of Data Rows : 801
fcross              =  8.42422e+05
pmarg               =  7.94945e+01
tdc                 =  7.51462e+01
mode=3db  rload=10k  rsrc=2.5k  pos=1  C=470p
fcross = 8.424223e+05
pmarg = 7.949455e+01
tdc = 7.514619e+01
Doing analysis at TEMP = 27.000000 and TNOM = 27.000000

Using SPARSE 1.3 as Direct Linear Solver

No. of Data Rows : 801
fcross              =  8.40662e+05
pmarg               =  7.73977e+01
tdc                 =  7.51462e+01
mode=3db  rload=10k  rsrc=2.5k  pos=1  C=1n
fcross = 8.406616e+05
pmarg = 7.739772e+01
tdc = 7.514622e+01
Doing analysis at TEMP = 27.000000 and TNOM = 27.000000

Using SPARSE 1.3 as Direct Linear Solver

No. of Data Rows : 801
fcross              =  8.30937e+05
pmarg               =  7.58929e+01
tdc                 =  7.51462e+01
mode=3db  rload=10k  rsrc=2.5k  pos=1  C=1.5n
fcross = 8.309367e+05
pmarg = 7.589289e+01
tdc = 7.514624e+01
Doing analysis at TEMP = 27.000000 and TNOM = 27.000000

Using SPARSE 1.3 as Direct Linear Solver

No. of Data Rows : 801
fcross              =  8.10702e+05
pmarg               =  7.46030e+01
tdc                 =  7.51463e+01
mode=3db  rload=10k  rsrc=2.5k  pos=1  C=2.2n
fcross = 8.107022e+05
pmarg = 7.460296e+01
tdc = 7.514628e+01
Doing analysis at TEMP = 27.000000 and TNOM = 27.000000

Using SPARSE 1.3 as Direct Linear Solver

No. of Data Rows : 801
fcross              =  7.95061e+05
pmarg               =  7.41420e+01
tdc                 =  7.51463e+01
mode=3db  rload=10k  rsrc=2.5k  pos=1  C=2.7n
fcross = 7.950611e+05
pmarg = 7.414201e+01
tdc = 7.514630e+01
Doing analysis at TEMP = 27.000000 and TNOM = 27.000000

Using SPARSE 1.3 as Direct Linear Solver

No. of Data Rows : 801
fcross              =  7.77232e+05
pmarg               =  7.39258e+01
tdc                 =  7.51463e+01
mode=3db  rload=10k  rsrc=2.5k  pos=1  C=3.3n
fcross = 7.772324e+05
pmarg = 7.392584e+01
tdc = 7.514633e+01
Doing analysis at TEMP = 27.000000 and TNOM = 27.000000

Using SPARSE 1.3 as Direct Linear Solver

No. of Data Rows : 801
fcross              =  7.43084e+05
pmarg               =  7.41795e+01
tdc                 =  7.51464e+01
mode=3db  rload=10k  rsrc=2.5k  pos=1  C=4.7n
fcross = 7.430842e+05
pmarg = 7.417949e+01
tdc = 7.514640e+01
Doing analysis at TEMP = 27.000000 and TNOM = 27.000000

Using SPARSE 1.3 as Direct Linear Solver

No. of Data Rows : 801
fcross              =  8.35149e+05
pmarg               =  8.15682e+01
tdc                 =  7.51462e+01
mode=3db  rload=10k  rsrc=2.5k  pos=2  C=1f
fcross = 8.351495e+05
pmarg = 8.156824e+01
tdc = 7.514617e+01
Doing analysis at TEMP = 27.000000 and TNOM = 27.000000

Using SPARSE 1.3 as Direct Linear Solver

No. of Data Rows : 801
fcross              =  8.36277e+05
pmarg               =  8.13581e+01
tdc                 =  7.51462e+01
mode=3db  rload=10k  rsrc=2.5k  pos=2  C=47p
fcross = 8.362765e+05
pmarg = 8.135814e+01
tdc = 7.514617e+01
Doing analysis at TEMP = 27.000000 and TNOM = 27.000000

Using SPARSE 1.3 as Direct Linear Solver

No. of Data Rows : 801
fcross              =  8.37545e+05
pmarg               =  8.11201e+01
tdc                 =  7.51462e+01
mode=3db  rload=10k  rsrc=2.5k  pos=2  C=100p
fcross = 8.375449e+05
pmarg = 8.112010e+01
tdc = 7.514617e+01
Doing analysis at TEMP = 27.000000 and TNOM = 27.000000

Using SPARSE 1.3 as Direct Linear Solver

No. of Data Rows : 801
fcross              =  8.40405e+05
pmarg               =  8.05768e+01
tdc                 =  7.51462e+01
mode=3db  rload=10k  rsrc=2.5k  pos=2  C=220p
fcross = 8.404054e+05
pmarg = 8.057678e+01
tdc = 7.514617e+01
Doing analysis at TEMP = 27.000000 and TNOM = 27.000000

Using SPARSE 1.3 as Direct Linear Solver

No. of Data Rows : 801
fcross              =  8.46304e+05
pmarg               =  7.94256e+01
tdc                 =  7.51462e+01
mode=3db  rload=10k  rsrc=2.5k  pos=2  C=470p
fcross = 8.463044e+05
pmarg = 7.942558e+01
tdc = 7.514617e+01
Doing analysis at TEMP = 27.000000 and TNOM = 27.000000

Using SPARSE 1.3 as Direct Linear Solver

No. of Data Rows : 801
fcross              =  8.58616e+05
pmarg               =  7.68969e+01
tdc                 =  7.51462e+01
mode=3db  rload=10k  rsrc=2.5k  pos=2  C=1n
fcross = 8.586163e+05
pmarg = 7.689687e+01
tdc = 7.514616e+01
Doing analysis at TEMP = 27.000000 and TNOM = 27.000000

Using SPARSE 1.3 as Direct Linear Solver

No. of Data Rows : 801
fcross              =  8.69687e+05
pmarg               =  7.44097e+01
tdc                 =  7.51462e+01
mode=3db  rload=10k  rsrc=2.5k  pos=2  C=1.5n
fcross = 8.696865e+05
pmarg = 7.440971e+01
tdc = 7.514616e+01
Doing analysis at TEMP = 27.000000 and TNOM = 27.000000

Using SPARSE 1.3 as Direct Linear Solver

No. of Data Rows : 801
fcross              =  8.83956e+05
pmarg               =  7.07802e+01
tdc                 =  7.51462e+01
mode=3db  rload=10k  rsrc=2.5k  pos=2  C=2.2n
fcross = 8.839562e+05
pmarg = 7.078021e+01
tdc = 7.514615e+01
Doing analysis at TEMP = 27.000000 and TNOM = 27.000000

Using SPARSE 1.3 as Direct Linear Solver

No. of Data Rows : 801
fcross              =  8.92681e+05
pmarg               =  6.81156e+01
tdc                 =  7.51461e+01
mode=3db  rload=10k  rsrc=2.5k  pos=2  C=2.7n
fcross = 8.926809e+05
pmarg = 6.811562e+01
tdc = 7.514615e+01
Doing analysis at TEMP = 27.000000 and TNOM = 27.000000

Using SPARSE 1.3 as Direct Linear Solver

No. of Data Rows : 801
fcross              =  9.01194e+05
pmarg               =  6.48774e+01
tdc                 =  7.51461e+01
mode=3db  rload=10k  rsrc=2.5k  pos=2  C=3.3n
fcross = 9.011940e+05
pmarg = 6.487743e+01
tdc = 7.514614e+01
Doing analysis at TEMP = 27.000000 and TNOM = 27.000000

Using SPARSE 1.3 as Direct Linear Solver

No. of Data Rows : 801
fcross              =  9.09596e+05
pmarg               =  5.75342e+01
tdc                 =  7.51461e+01
mode=3db  rload=10k  rsrc=2.5k  pos=2  C=4.7n
fcross = 9.095957e+05
pmarg = 5.753416e+01
tdc = 7.514613e+01
Doing analysis at TEMP = 27.000000 and TNOM = 27.000000

Using SPARSE 1.3 as Direct Linear Solver

No. of Data Rows : 801
fcross              =  8.35137e+05
pmarg               =  8.15499e+01
tdc                 =  7.51462e+01
mode=3db  rload=10k  rsrc=2.571k  pos=1  C=1f
fcross = 8.351366e+05
pmarg = 8.154990e+01
tdc = 7.514619e+01
Doing analysis at TEMP = 27.000000 and TNOM = 27.000000

Using SPARSE 1.3 as Direct Linear Solver
 Reference value :  4.57088e+07
No. of Data Rows : 801
fcross              =  8.36218e+05
pmarg               =  8.13419e+01
tdc                 =  7.51462e+01
mode=3db  rload=10k  rsrc=2.571k  pos=1  C=47p
fcross = 8.362178e+05
pmarg = 8.134188e+01
tdc = 7.514619e+01
Doing analysis at TEMP = 27.000000 and TNOM = 27.000000

Using SPARSE 1.3 as Direct Linear Solver

No. of Data Rows : 801
fcross              =  8.37349e+05
pmarg               =  8.11066e+01
tdc                 =  7.51462e+01
mode=3db  rload=10k  rsrc=2.571k  pos=1  C=100p
fcross = 8.373488e+05
pmarg = 8.110657e+01
tdc = 7.514619e+01
Doing analysis at TEMP = 27.000000 and TNOM = 27.000000

Using SPARSE 1.3 as Direct Linear Solver

No. of Data Rows : 801
fcross              =  8.39547e+05
pmarg               =  8.05730e+01
tdc                 =  7.51462e+01
mode=3db  rload=10k  rsrc=2.571k  pos=1  C=220p
fcross = 8.395474e+05
pmarg = 8.057297e+01
tdc = 7.514620e+01
Doing analysis at TEMP = 27.000000 and TNOM = 27.000000

Using SPARSE 1.3 as Direct Linear Solver

No. of Data Rows : 801
fcross              =  8.42409e+05
pmarg               =  7.94761e+01
tdc                 =  7.51462e+01
mode=3db  rload=10k  rsrc=2.571k  pos=1  C=470p
fcross = 8.424091e+05
pmarg = 7.947608e+01
tdc = 7.514621e+01
Doing analysis at TEMP = 27.000000 and TNOM = 27.000000

Using SPARSE 1.3 as Direct Linear Solver

No. of Data Rows : 801
fcross              =  8.40649e+05
pmarg               =  7.73793e+01
tdc                 =  7.51462e+01
mode=3db  rload=10k  rsrc=2.571k  pos=1  C=1n
fcross = 8.406486e+05
pmarg = 7.737932e+01
tdc = 7.514624e+01
Doing analysis at TEMP = 27.000000 and TNOM = 27.000000

Using SPARSE 1.3 as Direct Linear Solver

No. of Data Rows : 801
fcross              =  8.30925e+05
pmarg               =  7.58747e+01
tdc                 =  7.51463e+01
mode=3db  rload=10k  rsrc=2.571k  pos=1  C=1.5n
fcross = 8.309246e+05
pmarg = 7.587470e+01
tdc = 7.514626e+01
Doing analysis at TEMP = 27.000000 and TNOM = 27.000000

Using SPARSE 1.3 as Direct Linear Solver

No. of Data Rows : 801
fcross              =  8.10691e+05
pmarg               =  7.45852e+01
tdc                 =  7.51463e+01
mode=3db  rload=10k  rsrc=2.571k  pos=1  C=2.2n
fcross = 8.106913e+05
pmarg = 7.458519e+01
tdc = 7.514630e+01
Doing analysis at TEMP = 27.000000 and TNOM = 27.000000

Using SPARSE 1.3 as Direct Linear Solver

No. of Data Rows : 801
fcross              =  7.95051e+05
pmarg               =  7.41246e+01
tdc                 =  7.51463e+01
mode=3db  rload=10k  rsrc=2.571k  pos=1  C=2.7n
fcross = 7.950509e+05
pmarg = 7.412457e+01
tdc = 7.514632e+01
Doing analysis at TEMP = 27.000000 and TNOM = 27.000000

Using SPARSE 1.3 as Direct Linear Solver

No. of Data Rows : 801
fcross              =  7.77223e+05
pmarg               =  7.39088e+01
tdc                 =  7.51464e+01
mode=3db  rload=10k  rsrc=2.571k  pos=1  C=3.3n
fcross = 7.772230e+05
pmarg = 7.390876e+01
tdc = 7.514635e+01
Doing analysis at TEMP = 27.000000 and TNOM = 27.000000

Using SPARSE 1.3 as Direct Linear Solver

No. of Data Rows : 801
fcross              =  7.43076e+05
pmarg               =  7.41631e+01
tdc                 =  7.51464e+01
mode=3db  rload=10k  rsrc=2.571k  pos=1  C=4.7n
fcross = 7.430761e+05
pmarg = 7.416311e+01
tdc = 7.514642e+01
Doing analysis at TEMP = 27.000000 and TNOM = 27.000000

Using SPARSE 1.3 as Direct Linear Solver

No. of Data Rows : 801
fcross              =  8.35137e+05
pmarg               =  8.15499e+01
tdc                 =  7.51462e+01
mode=3db  rload=10k  rsrc=2.571k  pos=2  C=1f
fcross = 8.351366e+05
pmarg = 8.154990e+01
tdc = 7.514619e+01
Doing analysis at TEMP = 27.000000 and TNOM = 27.000000

Using SPARSE 1.3 as Direct Linear Solver

No. of Data Rows : 801
fcross              =  8.36264e+05
pmarg               =  8.13398e+01
tdc                 =  7.51462e+01
mode=3db  rload=10k  rsrc=2.571k  pos=2  C=47p
fcross = 8.362636e+05
pmarg = 8.133978e+01
tdc = 7.514619e+01
Doing analysis at TEMP = 27.000000 and TNOM = 27.000000

Using SPARSE 1.3 as Direct Linear Solver

No. of Data Rows : 801
fcross              =  8.37532e+05
pmarg               =  8.11017e+01
tdc                 =  7.51462e+01
mode=3db  rload=10k  rsrc=2.571k  pos=2  C=100p
fcross = 8.375319e+05
pmarg = 8.110171e+01
tdc = 7.514619e+01
Doing analysis at TEMP = 27.000000 and TNOM = 27.000000

Using SPARSE 1.3 as Direct Linear Solver

No. of Data Rows : 801
fcross              =  8.40392e+05
pmarg               =  8.05583e+01
tdc                 =  7.51462e+01
mode=3db  rload=10k  rsrc=2.571k  pos=2  C=220p
fcross = 8.403922e+05
pmarg = 8.055834e+01
tdc = 7.514619e+01
Doing analysis at TEMP = 27.000000 and TNOM = 27.000000

Using SPARSE 1.3 as Direct Linear Solver

No. of Data Rows : 801
fcross              =  8.46291e+05
pmarg               =  7.94070e+01
tdc                 =  7.51462e+01
mode=3db  rload=10k  rsrc=2.571k  pos=2  C=470p
fcross = 8.462909e+05
pmarg = 7.940703e+01
tdc = 7.514618e+01
Doing analysis at TEMP = 27.000000 and TNOM = 27.000000

Using SPARSE 1.3 as Direct Linear Solver

No. of Data Rows : 801
fcross              =  8.58602e+05
pmarg               =  7.68781e+01
tdc                 =  7.51462e+01
mode=3db  rload=10k  rsrc=2.571k  pos=2  C=1n
fcross = 8.586018e+05
pmarg = 7.687811e+01
tdc = 7.514618e+01
Doing analysis at TEMP = 27.000000 and TNOM = 27.000000

Using SPARSE 1.3 as Direct Linear Solver

No. of Data Rows : 801
fcross              =  8.69671e+05
pmarg               =  7.43908e+01
tdc                 =  7.51462e+01
mode=3db  rload=10k  rsrc=2.571k  pos=2  C=1.5n
fcross = 8.696714e+05
pmarg = 7.439077e+01
tdc = 7.514618e+01
Doing analysis at TEMP = 27.000000 and TNOM = 27.000000

Using SPARSE 1.3 as Direct Linear Solver

No. of Data Rows : 801
fcross              =  8.83940e+05
pmarg               =  7.07611e+01
tdc                 =  7.51462e+01
mode=3db  rload=10k  rsrc=2.571k  pos=2  C=2.2n
fcross = 8.839398e+05
pmarg = 7.076106e+01
tdc = 7.514617e+01
Doing analysis at TEMP = 27.000000 and TNOM = 27.000000

Using SPARSE 1.3 as Direct Linear Solver

No. of Data Rows : 801
fcross              =  8.92664e+05
pmarg               =  6.80964e+01
tdc                 =  7.51462e+01
mode=3db  rload=10k  rsrc=2.571k  pos=2  C=2.7n
fcross = 8.926635e+05
pmarg = 6.809636e+01
tdc = 7.514617e+01
Doing analysis at TEMP = 27.000000 and TNOM = 27.000000

Using SPARSE 1.3 as Direct Linear Solver

No. of Data Rows : 801
fcross              =  9.01176e+05
pmarg               =  6.48581e+01
tdc                 =  7.51462e+01
mode=3db  rload=10k  rsrc=2.571k  pos=2  C=3.3n
fcross = 9.011762e+05
pmarg = 6.485807e+01
tdc = 7.514616e+01
Doing analysis at TEMP = 27.000000 and TNOM = 27.000000

Using SPARSE 1.3 as Direct Linear Solver

No. of Data Rows : 801
fcross              =  9.09578e+05
Note: Starting dynamic gmin stepping
Warning: Dynamic gmin stepping failed
Note: Starting true gmin stepping
Note: True gmin stepping completed
pmarg               =  5.75148e+01
tdc                 =  7.51461e+01
mode=3db  rload=10k  rsrc=2.571k  pos=2  C=4.7n
fcross = 9.095779e+05
pmarg = 5.751477e+01
tdc = 7.514615e+01
Doing analysis at TEMP = 27.000000 and TNOM = 27.000000

Using SPARSE 1.3 as Direct Linear Solver

No. of Data Rows : 801
fcross              =  8.35129e+05
Note: Starting dynamic gmin stepping
Warning: Dynamic gmin stepping failed
Note: Starting true gmin stepping
Note: True gmin stepping completed
pmarg               =  8.15396e+01
tdc                 =  7.51462e+01
mode=3db  rload=10k  rsrc=2.611k  pos=1  C=1f
fcross = 8.351292e+05
pmarg = 8.153958e+01
tdc = 7.514619e+01
Doing analysis at TEMP = 27.000000 and TNOM = 27.000000

Using SPARSE 1.3 as Direct Linear Solver

No. of Data Rows : 801
fcross              =  8.36210e+05
Note: Starting dynamic gmin stepping
Warning: Dynamic gmin stepping failed
Note: Starting true gmin stepping
Note: True gmin stepping completed
pmarg               =  8.13316e+01
tdc                 =  7.51462e+01
mode=3db  rload=10k  rsrc=2.611k  pos=1  C=47p
fcross = 8.362103e+05
pmarg = 8.133156e+01
tdc = 7.514619e+01
Doing analysis at TEMP = 27.000000 and TNOM = 27.000000

Using SPARSE 1.3 as Direct Linear Solver

No. of Data Rows : 801
fcross              =  8.37341e+05
Note: Starting dynamic gmin stepping
Warning: Dynamic gmin stepping failed
Note: Starting true gmin stepping
Note: True gmin stepping completed
pmarg               =  8.10962e+01
tdc                 =  7.51462e+01
mode=3db  rload=10k  rsrc=2.611k  pos=1  C=100p
fcross = 8.373413e+05
pmarg = 8.109624e+01
tdc = 7.514619e+01
Doing analysis at TEMP = 27.000000 and TNOM = 27.000000

Using SPARSE 1.3 as Direct Linear Solver

No. of Data Rows : 801
fcross              =  8.39540e+05
Note: Starting dynamic gmin stepping
Warning: Dynamic gmin stepping failed
Note: Starting true gmin stepping
Note: True gmin stepping completed
pmarg               =  8.05626e+01
tdc                 =  7.51462e+01
mode=3db  rload=10k  rsrc=2.611k  pos=1  C=220p
fcross = 8.395398e+05
pmarg = 8.056262e+01
tdc = 7.514620e+01
Doing analysis at TEMP = 27.000000 and TNOM = 27.000000

Using SPARSE 1.3 as Direct Linear Solver

No. of Data Rows : 801
fcross              =  8.42401e+05
Note: Starting dynamic gmin stepping
Warning: Dynamic gmin stepping failed
Note: Starting true gmin stepping
Note: True gmin stepping completed
pmarg               =  7.94657e+01
tdc                 =  7.51462e+01
mode=3db  rload=10k  rsrc=2.611k  pos=1  C=470p
fcross = 8.424014e+05
pmarg = 7.946570e+01
tdc = 7.514621e+01
Doing analysis at TEMP = 27.000000 and TNOM = 27.000000

Using SPARSE 1.3 as Direct Linear Solver

No. of Data Rows : 801
fcross              =  8.40641e+05
Note: Starting dynamic gmin stepping
Warning: Dynamic gmin stepping failed
Note: Starting true gmin stepping
Note: True gmin stepping completed
pmarg               =  7.73690e+01
tdc                 =  7.51462e+01
mode=3db  rload=10k  rsrc=2.611k  pos=1  C=1n
fcross = 8.406410e+05
pmarg = 7.736898e+01
tdc = 7.514624e+01
Doing analysis at TEMP = 27.000000 and TNOM = 27.000000

Using SPARSE 1.3 as Direct Linear Solver

No. of Data Rows : 801
fcross              =  8.30917e+05
Note: Starting dynamic gmin stepping
Warning: Dynamic gmin stepping failed
Note: Starting true gmin stepping
Note: True gmin stepping completed
pmarg               =  7.58645e+01
tdc                 =  7.51463e+01
mode=3db  rload=10k  rsrc=2.611k  pos=1  C=1.5n
fcross = 8.309175e+05
pmarg = 7.586449e+01
tdc = 7.514626e+01
Doing analysis at TEMP = 27.000000 and TNOM = 27.000000

Using SPARSE 1.3 as Direct Linear Solver

No. of Data Rows : 801
fcross              =  8.10685e+05
Note: Starting dynamic gmin stepping
Warning: Dynamic gmin stepping failed
Note: Starting true gmin stepping
Note: True gmin stepping completed
pmarg               =  7.45752e+01
tdc                 =  7.51463e+01
mode=3db  rload=10k  rsrc=2.611k  pos=1  C=2.2n
fcross = 8.106849e+05
pmarg = 7.457522e+01
tdc = 7.514630e+01
Doing analysis at TEMP = 27.000000 and TNOM = 27.000000

Using SPARSE 1.3 as Direct Linear Solver

No. of Data Rows : 801
fcross              =  7.95045e+05
Note: Starting dynamic gmin stepping
Warning: Dynamic gmin stepping failed
Note: Starting true gmin stepping
Note: True gmin stepping completed
pmarg               =  7.41148e+01
tdc                 =  7.51463e+01
mode=3db  rload=10k  rsrc=2.611k  pos=1  C=2.7n
fcross = 7.950449e+05
pmarg = 7.411477e+01
tdc = 7.514632e+01
Doing analysis at TEMP = 27.000000 and TNOM = 27.000000

Using SPARSE 1.3 as Direct Linear Solver

No. of Data Rows : 801
fcross              =  7.77217e+05
Note: Starting dynamic gmin stepping
Warning: Dynamic gmin stepping failed
Note: Starting true gmin stepping
Note: True gmin stepping completed
pmarg               =  7.38992e+01
tdc                 =  7.51464e+01
mode=3db  rload=10k  rsrc=2.611k  pos=1  C=3.3n
fcross = 7.772175e+05
pmarg = 7.389917e+01
tdc = 7.514635e+01
Doing analysis at TEMP = 27.000000 and TNOM = 27.000000

Using SPARSE 1.3 as Direct Linear Solver

No. of Data Rows : 801
fcross              =  7.43071e+05
Note: Starting dynamic gmin stepping
Warning: Dynamic gmin stepping failed
Note: Starting true gmin stepping
Note: True gmin stepping completed
pmarg               =  7.41539e+01
tdc                 =  7.51464e+01
mode=3db  rload=10k  rsrc=2.611k  pos=1  C=4.7n
fcross = 7.430713e+05
pmarg = 7.415392e+01
tdc = 7.514642e+01
Doing analysis at TEMP = 27.000000 and TNOM = 27.000000

Using SPARSE 1.3 as Direct Linear Solver

No. of Data Rows : 801
fcross              =  8.35129e+05
Note: Starting dynamic gmin stepping
Warning: Dynamic gmin stepping failed
Note: Starting true gmin stepping
Note: True gmin stepping completed
pmarg               =  8.15396e+01
tdc                 =  7.51462e+01
mode=3db  rload=10k  rsrc=2.611k  pos=2  C=1f
fcross = 8.351292e+05
pmarg = 8.153958e+01
tdc = 7.514619e+01
Doing analysis at TEMP = 27.000000 and TNOM = 27.000000

Using SPARSE 1.3 as Direct Linear Solver

No. of Data Rows : 801
fcross              =  8.36256e+05
Note: Starting dynamic gmin stepping
Warning: Dynamic gmin stepping failed
Note: Starting true gmin stepping
Note: True gmin stepping completed
pmarg               =  8.13295e+01
tdc                 =  7.51462e+01
mode=3db  rload=10k  rsrc=2.611k  pos=2  C=47p
fcross = 8.362561e+05
pmarg = 8.132945e+01
tdc = 7.514619e+01
Doing analysis at TEMP = 27.000000 and TNOM = 27.000000

Using SPARSE 1.3 as Direct Linear Solver

No. of Data Rows : 801
fcross              =  8.37524e+05
Note: Starting dynamic gmin stepping
Warning: Dynamic gmin stepping failed
Note: Starting true gmin stepping
Note: True gmin stepping completed
pmarg               =  8.10914e+01
tdc                 =  7.51462e+01
mode=3db  rload=10k  rsrc=2.611k  pos=2  C=100p
fcross = 8.375244e+05
pmarg = 8.109138e+01
tdc = 7.514619e+01
Doing analysis at TEMP = 27.000000 and TNOM = 27.000000

Using SPARSE 1.3 as Direct Linear Solver

No. of Data Rows : 801
fcross              =  8.40385e+05
Note: Starting dynamic gmin stepping
Warning: Dynamic gmin stepping failed
Note: Starting true gmin stepping
Note: True gmin stepping completed
pmarg               =  8.05480e+01
tdc                 =  7.51462e+01
mode=3db  rload=10k  rsrc=2.611k  pos=2  C=220p
fcross = 8.403846e+05
pmarg = 8.054797e+01
tdc = 7.514619e+01
Doing analysis at TEMP = 27.000000 and TNOM = 27.000000

Using SPARSE 1.3 as Direct Linear Solver

No. of Data Rows : 801
fcross              =  8.46283e+05
Note: Starting dynamic gmin stepping
Warning: Dynamic gmin stepping failed
Note: Starting true gmin stepping
Note: True gmin stepping completed
pmarg               =  7.93966e+01
tdc                 =  7.51462e+01
mode=3db  rload=10k  rsrc=2.611k  pos=2  C=470p
fcross = 8.462831e+05
pmarg = 7.939660e+01
tdc = 7.514619e+01
Doing analysis at TEMP = 27.000000 and TNOM = 27.000000

Using SPARSE 1.3 as Direct Linear Solver

No. of Data Rows : 801
fcross              =  8.58593e+05
Note: Starting dynamic gmin stepping
Warning: Dynamic gmin stepping failed
Note: Starting true gmin stepping
Note: True gmin stepping completed
pmarg               =  7.68676e+01
tdc                 =  7.51462e+01
mode=3db  rload=10k  rsrc=2.611k  pos=2  C=1n
fcross = 8.585932e+05
pmarg = 7.686757e+01
tdc = 7.514618e+01
Doing analysis at TEMP = 27.000000 and TNOM = 27.000000

Using SPARSE 1.3 as Direct Linear Solver

No. of Data Rows : 801
fcross              =  8.69662e+05
Note: Starting dynamic gmin stepping
Warning: Dynamic gmin stepping failed
Note: Starting true gmin stepping
Note: True gmin stepping completed
pmarg               =  7.43801e+01
tdc                 =  7.51462e+01
mode=3db  rload=10k  rsrc=2.611k  pos=2  C=1.5n
fcross = 8.696624e+05
pmarg = 7.438013e+01
tdc = 7.514618e+01
Doing analysis at TEMP = 27.000000 and TNOM = 27.000000

Using SPARSE 1.3 as Direct Linear Solver

No. of Data Rows : 801
fcross              =  8.83930e+05
Note: Starting dynamic gmin stepping
Warning: Dynamic gmin stepping failed
Note: Starting true gmin stepping
Note: True gmin stepping completed
pmarg               =  7.07503e+01
tdc                 =  7.51462e+01
mode=3db  rload=10k  rsrc=2.611k  pos=2  C=2.2n
fcross = 8.839299e+05
pmarg = 7.075031e+01
tdc = 7.514617e+01
Doing analysis at TEMP = 27.000000 and TNOM = 27.000000

Using SPARSE 1.3 as Direct Linear Solver

No. of Data Rows : 801
fcross              =  8.92653e+05
Note: Starting dynamic gmin stepping
Warning: Dynamic gmin stepping failed
Note: Starting true gmin stepping
Note: True gmin stepping completed
pmarg               =  6.80856e+01
tdc                 =  7.51462e+01
mode=3db  rload=10k  rsrc=2.611k  pos=2  C=2.7n
fcross = 8.926530e+05
pmarg = 6.808557e+01
tdc = 7.514617e+01
Doing analysis at TEMP = 27.000000 and TNOM = 27.000000

Using SPARSE 1.3 as Direct Linear Solver

No. of Data Rows : 801
fcross              =  9.01165e+05
Note: Starting dynamic gmin stepping
Warning: Dynamic gmin stepping failed
Note: Starting true gmin stepping
Note: True gmin stepping completed
pmarg               =  6.48472e+01
tdc                 =  7.51462e+01
mode=3db  rload=10k  rsrc=2.611k  pos=2  C=3.3n
fcross = 9.011653e+05
pmarg = 6.484723e+01
tdc = 7.514616e+01
Doing analysis at TEMP = 27.000000 and TNOM = 27.000000

Using SPARSE 1.3 as Direct Linear Solver

No. of Data Rows : 801
fcross              =  9.09567e+05
pmarg               =  5.75040e+01
tdc                 =  7.51461e+01
mode=3db  rload=10k  rsrc=2.611k  pos=2  C=4.7n
fcross = 9.095668e+05
pmarg = 5.750396e+01
tdc = 7.514615e+01
Doing analysis at TEMP = 27.000000 and TNOM = 27.000000

Using SPARSE 1.3 as Direct Linear Solver

No. of Data Rows : 801
fcross              =  4.59416e+05
pmarg               =  1.12381e+02
tdc                 =  6.79435e+01
mode=10db  rload=100k  rsrc=1m  pos=1  C=1f
fcross = 4.594163e+05
pmarg = 1.123809e+02
tdc = 6.794346e+01
Doing analysis at TEMP = 27.000000 and TNOM = 27.000000

Using SPARSE 1.3 as Direct Linear Solver

No. of Data Rows : 801
fcross              =  4.59732e+05
pmarg               =  1.12281e+02
tdc                 =  6.79435e+01
mode=10db  rload=100k  rsrc=1m  pos=1  C=47p
fcross = 4.597317e+05
pmarg = 1.122806e+02
tdc = 6.794346e+01
Doing analysis at TEMP = 27.000000 and TNOM = 27.000000

Using SPARSE 1.3 as Direct Linear Solver

No. of Data Rows : 801
fcross              =  4.60060e+05
pmarg               =  1.12167e+02
tdc                 =  6.79435e+01
mode=10db  rload=100k  rsrc=1m  pos=1  C=100p
fcross = 4.600605e+05
pmarg = 1.121672e+02
tdc = 6.794346e+01
Doing analysis at TEMP = 27.000000 and TNOM = 27.000000

Using SPARSE 1.3 as Direct Linear Solver

No. of Data Rows : 801
fcross              =  4.60698e+05
pmarg               =  1.11910e+02
tdc                 =  6.79435e+01
mode=10db  rload=100k  rsrc=1m  pos=1  C=220p
fcross = 4.606978e+05
pmarg = 1.119095e+02
tdc = 6.794346e+01
Doing analysis at TEMP = 27.000000 and TNOM = 27.000000

Using SPARSE 1.3 as Direct Linear Solver

No. of Data Rows : 801
fcross              =  4.61536e+05
pmarg               =  1.11371e+02
tdc                 =  6.79435e+01
mode=10db  rload=100k  rsrc=1m  pos=1  C=470p
fcross = 4.615358e+05
pmarg = 1.113715e+02
tdc = 6.794346e+01
Doing analysis at TEMP = 27.000000 and TNOM = 27.000000

Using SPARSE 1.3 as Direct Linear Solver

No. of Data Rows : 801
fcross              =  4.61092e+05
pmarg               =  1.10254e+02
tdc                 =  6.79435e+01
mode=10db  rload=100k  rsrc=1m  pos=1  C=1n
fcross = 4.610918e+05
pmarg = 1.102541e+02
tdc = 6.794346e+01
Doing analysis at TEMP = 27.000000 and TNOM = 27.000000

Using SPARSE 1.3 as Direct Linear Solver
 Reference value :  7.07946e+02
No. of Data Rows : 801
fcross              =  4.58079e+05
pmarg               =  1.09275e+02
tdc                 =  6.79435e+01
mode=10db  rload=100k  rsrc=1m  pos=1  C=1.5n
fcross = 4.580791e+05
pmarg = 1.092746e+02
tdc = 6.794346e+01
Doing analysis at TEMP = 27.000000 and TNOM = 27.000000

Using SPARSE 1.3 as Direct Linear Solver

No. of Data Rows : 801
fcross              =  4.50716e+05
pmarg               =  1.08081e+02
tdc                 =  6.79435e+01
mode=10db  rload=100k  rsrc=1m  pos=1  C=2.2n
fcross = 4.507165e+05
pmarg = 1.080808e+02
tdc = 6.794346e+01
Doing analysis at TEMP = 27.000000 and TNOM = 27.000000

Using SPARSE 1.3 as Direct Linear Solver

No. of Data Rows : 801
fcross              =  4.43997e+05
pmarg               =  1.07372e+02
tdc                 =  6.79435e+01
mode=10db  rload=100k  rsrc=1m  pos=1  C=2.7n
fcross = 4.439968e+05
pmarg = 1.073717e+02
tdc = 6.794346e+01
Doing analysis at TEMP = 27.000000 and TNOM = 27.000000

Using SPARSE 1.3 as Direct Linear Solver

No. of Data Rows : 801
fcross              =  4.35211e+05
pmarg               =  1.06668e+02
tdc                 =  6.79435e+01
mode=10db  rload=100k  rsrc=1m  pos=1  C=3.3n
fcross = 4.352114e+05
pmarg = 1.066684e+02
tdc = 6.794346e+01
Doing analysis at TEMP = 27.000000 and TNOM = 27.000000

Using SPARSE 1.3 as Direct Linear Solver

No. of Data Rows : 801
fcross              =  4.14791e+05
pmarg               =  1.05527e+02
tdc                 =  6.79435e+01
mode=10db  rload=100k  rsrc=1m  pos=1  C=4.7n
fcross = 4.147913e+05
pmarg = 1.055271e+02
tdc = 6.794347e+01
Doing analysis at TEMP = 27.000000 and TNOM = 27.000000

Using SPARSE 1.3 as Direct Linear Solver

No. of Data Rows : 801
fcross              =  4.59416e+05
pmarg               =  1.12381e+02
tdc                 =  6.79435e+01
mode=10db  rload=100k  rsrc=1m  pos=2  C=1f
fcross = 4.594163e+05
pmarg = 1.123809e+02
tdc = 6.794346e+01
Doing analysis at TEMP = 27.000000 and TNOM = 27.000000

Using SPARSE 1.3 as Direct Linear Solver

No. of Data Rows : 801
fcross              =  4.59742e+05
pmarg               =  1.12281e+02
tdc                 =  6.79435e+01
mode=10db  rload=100k  rsrc=1m  pos=2  C=47p
fcross = 4.597424e+05
pmarg = 1.122805e+02
tdc = 6.794346e+01
Doing analysis at TEMP = 27.000000 and TNOM = 27.000000

Using SPARSE 1.3 as Direct Linear Solver

No. of Data Rows : 801
fcross              =  4.60108e+05
pmarg               =  1.12167e+02
tdc                 =  6.79435e+01
mode=10db  rload=100k  rsrc=1m  pos=2  C=100p
fcross = 4.601080e+05
pmarg = 1.121671e+02
tdc = 6.794346e+01
Doing analysis at TEMP = 27.000000 and TNOM = 27.000000

Using SPARSE 1.3 as Direct Linear Solver

No. of Data Rows : 801
fcross              =  4.60928e+05
pmarg               =  1.11909e+02
tdc                 =  6.79435e+01
mode=10db  rload=100k  rsrc=1m  pos=2  C=220p
fcross = 4.609278e+05
pmarg = 1.119094e+02
tdc = 6.794346e+01
Doing analysis at TEMP = 27.000000 and TNOM = 27.000000

Using SPARSE 1.3 as Direct Linear Solver

No. of Data Rows : 801
fcross              =  4.62598e+05
pmarg               =  1.11369e+02
tdc                 =  6.79435e+01
mode=10db  rload=100k  rsrc=1m  pos=2  C=470p
fcross = 4.625980e+05
pmarg = 1.113685e+02
tdc = 6.794345e+01
Doing analysis at TEMP = 27.000000 and TNOM = 27.000000

Using SPARSE 1.3 as Direct Linear Solver

No. of Data Rows : 801
fcross              =  4.65956e+05
pmarg               =  1.10205e+02
tdc                 =  6.79434e+01
mode=10db  rload=100k  rsrc=1m  pos=2  C=1n
fcross = 4.659558e+05
pmarg = 1.102047e+02
tdc = 6.794345e+01
Doing analysis at TEMP = 27.000000 and TNOM = 27.000000

Using SPARSE 1.3 as Direct Linear Solver

No. of Data Rows : 801
fcross              =  4.68908e+05
pmarg               =  1.09085e+02
tdc                 =  6.79434e+01
mode=10db  rload=100k  rsrc=1m  pos=2  C=1.5n
fcross = 4.689077e+05
pmarg = 1.090852e+02
tdc = 6.794345e+01
Doing analysis at TEMP = 27.000000 and TNOM = 27.000000

Using SPARSE 1.3 as Direct Linear Solver

No. of Data Rows : 801
fcross              =  4.72643e+05
pmarg               =  1.07487e+02
tdc                 =  6.79434e+01
mode=10db  rload=100k  rsrc=1m  pos=2  C=2.2n
fcross = 4.726428e+05
pmarg = 1.074867e+02
tdc = 6.794344e+01
Doing analysis at TEMP = 27.000000 and TNOM = 27.000000

Using SPARSE 1.3 as Direct Linear Solver

No. of Data Rows : 801
fcross              =  4.74929e+05
pmarg               =  1.06330e+02
tdc                 =  6.79434e+01
mode=10db  rload=100k  rsrc=1m  pos=2  C=2.7n
fcross = 4.749290e+05
pmarg = 1.063304e+02
tdc = 6.794344e+01
Doing analysis at TEMP = 27.000000 and TNOM = 27.000000

Using SPARSE 1.3 as Direct Linear Solver

No. of Data Rows : 801
fcross              =  4.77210e+05
pmarg               =  1.04932e+02
tdc                 =  6.79434e+01
mode=10db  rload=100k  rsrc=1m  pos=2  C=3.3n
fcross = 4.772103e+05
pmarg = 1.049324e+02
tdc = 6.794343e+01
Doing analysis at TEMP = 27.000000 and TNOM = 27.000000

Using SPARSE 1.3 as Direct Linear Solver

No. of Data Rows : 801
fcross              =  4.80437e+05
pmarg               =  1.01660e+02
tdc                 =  6.79434e+01
mode=10db  rload=100k  rsrc=1m  pos=2  C=4.7n
fcross = 4.804373e+05
pmarg = 1.016604e+02
tdc = 6.794342e+01
Doing analysis at TEMP = 27.000000 and TNOM = 27.000000

Using SPARSE 1.3 as Direct Linear Solver

No. of Data Rows : 801
fcross              =  4.59399e+05
pmarg               =  1.12236e+02
tdc                 =  6.79435e+01
mode=10db  rload=100k  rsrc=1k  pos=1  C=1f
fcross = 4.593992e+05
pmarg = 1.122360e+02
tdc = 6.794346e+01
Doing analysis at TEMP = 27.000000 and TNOM = 27.000000

Using SPARSE 1.3 as Direct Linear Solver

No. of Data Rows : 801
fcross              =  4.59715e+05
pmarg               =  1.12136e+02
tdc                 =  6.79435e+01
mode=10db  rload=100k  rsrc=1k  pos=1  C=47p
fcross = 4.597145e+05
pmarg = 1.121356e+02
tdc = 6.794346e+01
Doing analysis at TEMP = 27.000000 and TNOM = 27.000000

Using SPARSE 1.3 as Direct Linear Solver

No. of Data Rows : 801
fcross              =  4.60043e+05
pmarg               =  1.12022e+02
tdc                 =  6.79435e+01
mode=10db  rload=100k  rsrc=1k  pos=1  C=100p
fcross = 4.600433e+05
pmarg = 1.120221e+02
tdc = 6.794346e+01
Doing analysis at TEMP = 27.000000 and TNOM = 27.000000

Using SPARSE 1.3 as Direct Linear Solver

No. of Data Rows : 801
fcross              =  4.60681e+05
pmarg               =  1.11764e+02
tdc                 =  6.79435e+01
mode=10db  rload=100k  rsrc=1k  pos=1  C=220p
fcross = 4.606806e+05
pmarg = 1.117642e+02
tdc = 6.794346e+01
Doing analysis at TEMP = 27.000000 and TNOM = 27.000000

Using SPARSE 1.3 as Direct Linear Solver

No. of Data Rows : 801
fcross              =  4.61518e+05
pmarg               =  1.11226e+02
tdc                 =  6.79435e+01
mode=10db  rload=100k  rsrc=1k  pos=1  C=470p
fcross = 4.615184e+05
pmarg = 1.112259e+02
tdc = 6.794346e+01
Doing analysis at TEMP = 27.000000 and TNOM = 27.000000

Using SPARSE 1.3 as Direct Linear Solver

No. of Data Rows : 801
fcross              =  4.61075e+05
pmarg               =  1.10109e+02
tdc                 =  6.79435e+01
mode=10db  rload=100k  rsrc=1k  pos=1  C=1n
fcross = 4.610746e+05
pmarg = 1.101087e+02
tdc = 6.794346e+01
Doing analysis at TEMP = 27.000000 and TNOM = 27.000000

Using SPARSE 1.3 as Direct Linear Solver

No. of Data Rows : 801
fcross              =  4.58062e+05
pmarg               =  1.09130e+02
tdc                 =  6.79435e+01
mode=10db  rload=100k  rsrc=1k  pos=1  C=1.5n
fcross = 4.580623e+05
pmarg = 1.091302e+02
tdc = 6.794346e+01
Doing analysis at TEMP = 27.000000 and TNOM = 27.000000

Using SPARSE 1.3 as Direct Linear Solver

No. of Data Rows : 801
fcross              =  4.50701e+05
pmarg               =  1.07939e+02
tdc                 =  6.79435e+01
mode=10db  rload=100k  rsrc=1k  pos=1  C=2.2n
fcross = 4.507012e+05
pmarg = 1.079387e+02
tdc = 6.794346e+01
Doing analysis at TEMP = 27.000000 and TNOM = 27.000000

Using SPARSE 1.3 as Direct Linear Solver

No. of Data Rows : 801
fcross              =  4.43983e+05
pmarg               =  1.07232e+02
tdc                 =  6.79435e+01
mode=10db  rload=100k  rsrc=1k  pos=1  C=2.7n
fcross = 4.439828e+05
pmarg = 1.072318e+02
tdc = 6.794346e+01
Doing analysis at TEMP = 27.000000 and TNOM = 27.000000

Using SPARSE 1.3 as Direct Linear Solver

No. of Data Rows : 801
fcross              =  4.35199e+05
pmarg               =  1.06531e+02
tdc                 =  6.79435e+01
mode=10db  rload=100k  rsrc=1k  pos=1  C=3.3n
fcross = 4.351988e+05
pmarg = 1.065312e+02
tdc = 6.794347e+01
Doing analysis at TEMP = 27.000000 and TNOM = 27.000000

Using SPARSE 1.3 as Direct Linear Solver

No. of Data Rows : 801
fcross              =  4.14781e+05
pmarg               =  1.05396e+02
tdc                 =  6.79435e+01
mode=10db  rload=100k  rsrc=1k  pos=1  C=4.7n
fcross = 4.147811e+05
pmarg = 1.053963e+02
tdc = 6.794347e+01
Doing analysis at TEMP = 27.000000 and TNOM = 27.000000

Using SPARSE 1.3 as Direct Linear Solver

No. of Data Rows : 801
fcross              =  4.59399e+05
pmarg               =  1.12236e+02
tdc                 =  6.79435e+01
mode=10db  rload=100k  rsrc=1k  pos=2  C=1f
fcross = 4.593992e+05
pmarg = 1.122360e+02
tdc = 6.794346e+01
Doing analysis at TEMP = 27.000000 and TNOM = 27.000000

Using SPARSE 1.3 as Direct Linear Solver

No. of Data Rows : 801
fcross              =  4.59725e+05
pmarg               =  1.12136e+02
tdc                 =  6.79435e+01
mode=10db  rload=100k  rsrc=1k  pos=2  C=47p
fcross = 4.597252e+05
pmarg = 1.121355e+02
tdc = 6.794346e+01
Doing analysis at TEMP = 27.000000 and TNOM = 27.000000

Using SPARSE 1.3 as Direct Linear Solver

No. of Data Rows : 801
fcross              =  4.60091e+05
pmarg               =  1.12022e+02
tdc                 =  6.79435e+01
mode=10db  rload=100k  rsrc=1k  pos=2  C=100p
fcross = 4.600908e+05
pmarg = 1.120220e+02
tdc = 6.794346e+01
Doing analysis at TEMP = 27.000000 and TNOM = 27.000000

Using SPARSE 1.3 as Direct Linear Solver

No. of Data Rows : 801
fcross              =  4.60910e+05
pmarg               =  1.11764e+02
tdc                 =  6.79435e+01
mode=10db  rload=100k  rsrc=1k  pos=2  C=220p
fcross = 4.609105e+05
pmarg = 1.117641e+02
tdc = 6.794346e+01
Doing analysis at TEMP = 27.000000 and TNOM = 27.000000

Using SPARSE 1.3 as Direct Linear Solver

No. of Data Rows : 801
fcross              =  4.62580e+05
pmarg               =  1.11223e+02
tdc                 =  6.79435e+01
mode=10db  rload=100k  rsrc=1k  pos=2  C=470p
fcross = 4.625804e+05
pmarg = 1.112227e+02
tdc = 6.794346e+01
Doing analysis at TEMP = 27.000000 and TNOM = 27.000000

Using SPARSE 1.3 as Direct Linear Solver

No. of Data Rows : 801
fcross              =  4.65938e+05
pmarg               =  1.10058e+02
tdc                 =  6.79435e+01
mode=10db  rload=100k  rsrc=1k  pos=2  C=1n
fcross = 4.659378e+05
pmarg = 1.100579e+02
tdc = 6.794345e+01
Doing analysis at TEMP = 27.000000 and TNOM = 27.000000

Using SPARSE 1.3 as Direct Linear Solver

No. of Data Rows : 801
fcross              =  4.68889e+05
pmarg               =  1.08937e+02
tdc                 =  6.79434e+01
mode=10db  rload=100k  rsrc=1k  pos=2  C=1.5n
fcross = 4.688887e+05
pmarg = 1.089375e+02
tdc = 6.794345e+01
Doing analysis at TEMP = 27.000000 and TNOM = 27.000000

Using SPARSE 1.3 as Direct Linear Solver

No. of Data Rows : 801
fcross              =  4.72623e+05
pmarg               =  1.07338e+02
tdc                 =  6.79434e+01
mode=10db  rload=100k  rsrc=1k  pos=2  C=2.2n
fcross = 4.726231e+05
pmarg = 1.073379e+02
tdc = 6.794344e+01
Doing analysis at TEMP = 27.000000 and TNOM = 27.000000

Using SPARSE 1.3 as Direct Linear Solver

No. of Data Rows : 801
fcross              =  4.74909e+05
pmarg               =  1.06181e+02
tdc                 =  6.79434e+01
mode=10db  rload=100k  rsrc=1k  pos=2  C=2.7n
fcross = 4.749090e+05
pmarg = 1.061809e+02
tdc = 6.794344e+01
Doing analysis at TEMP = 27.000000 and TNOM = 27.000000

Using SPARSE 1.3 as Direct Linear Solver

No. of Data Rows : 801
fcross              =  4.77190e+05
pmarg               =  1.04782e+02
tdc                 =  6.79434e+01
mode=10db  rload=100k  rsrc=1k  pos=2  C=3.3n
fcross = 4.771900e+05
pmarg = 1.047823e+02
tdc = 6.794343e+01
Doing analysis at TEMP = 27.000000 and TNOM = 27.000000

Using SPARSE 1.3 as Direct Linear Solver

No. of Data Rows : 801
fcross              =  4.80416e+05
pmarg               =  1.01509e+02
tdc                 =  6.79434e+01
mode=10db  rload=100k  rsrc=1k  pos=2  C=4.7n
fcross = 4.804159e+05
pmarg = 1.015095e+02
tdc = 6.794342e+01
Doing analysis at TEMP = 27.000000 and TNOM = 27.000000

Using SPARSE 1.3 as Direct Linear Solver

No. of Data Rows : 801
fcross              =  4.59339e+05
pmarg               =  1.12019e+02
tdc                 =  6.79435e+01
mode=10db  rload=100k  rsrc=2.5k  pos=1  C=1f
fcross = 4.593393e+05
pmarg = 1.120195e+02
tdc = 6.794346e+01
Doing analysis at TEMP = 27.000000 and TNOM = 27.000000

Using SPARSE 1.3 as Direct Linear Solver

No. of Data Rows : 801
fcross              =  4.59654e+05
pmarg               =  1.11919e+02
tdc                 =  6.79435e+01
mode=10db  rload=100k  rsrc=2.5k  pos=1  C=47p
fcross = 4.596544e+05
pmarg = 1.119190e+02
tdc = 6.794346e+01
Doing analysis at TEMP = 27.000000 and TNOM = 27.000000

Using SPARSE 1.3 as Direct Linear Solver

No. of Data Rows : 801
fcross              =  4.59983e+05
pmarg               =  1.11805e+02
tdc                 =  6.79435e+01
mode=10db  rload=100k  rsrc=2.5k  pos=1  C=100p
fcross = 4.599830e+05
pmarg = 1.118053e+02
tdc = 6.794346e+01
Doing analysis at TEMP = 27.000000 and TNOM = 27.000000

Using SPARSE 1.3 as Direct Linear Solver

No. of Data Rows : 801
fcross              =  4.60620e+05
pmarg               =  1.11547e+02
tdc                 =  6.79435e+01
mode=10db  rload=100k  rsrc=2.5k  pos=1  C=220p
fcross = 4.606200e+05
pmarg = 1.115472e+02
tdc = 6.794346e+01
Doing analysis at TEMP = 27.000000 and TNOM = 27.000000

Using SPARSE 1.3 as Direct Linear Solver

No. of Data Rows : 801
fcross              =  4.61457e+05
pmarg               =  1.11009e+02
tdc                 =  6.79435e+01
mode=10db  rload=100k  rsrc=2.5k  pos=1  C=470p
fcross = 4.614574e+05
pmarg = 1.110086e+02
tdc = 6.794346e+01
Doing analysis at TEMP = 27.000000 and TNOM = 27.000000

Using SPARSE 1.3 as Direct Linear Solver

No. of Data Rows : 801
fcross              =  4.61014e+05
pmarg               =  1.09892e+02
tdc                 =  6.79435e+01
mode=10db  rload=100k  rsrc=2.5k  pos=1  C=1n
fcross = 4.610139e+05
pmarg = 1.098917e+02
tdc = 6.794346e+01
Doing analysis at TEMP = 27.000000 and TNOM = 27.000000

Using SPARSE 1.3 as Direct Linear Solver

No. of Data Rows : 801
fcross              =  4.58003e+05
pmarg               =  1.08915e+02
tdc                 =  6.79435e+01
mode=10db  rload=100k  rsrc=2.5k  pos=1  C=1.5n
fcross = 4.580032e+05
pmarg = 1.089147e+02
tdc = 6.794346e+01
Doing analysis at TEMP = 27.000000 and TNOM = 27.000000

Using SPARSE 1.3 as Direct Linear Solver

No. of Data Rows : 801
fcross              =  4.50647e+05
pmarg               =  1.07727e+02
tdc                 =  6.79435e+01
mode=10db  rload=100k  rsrc=2.5k  pos=1  C=2.2n
fcross = 4.506474e+05
pmarg = 1.077267e+02
tdc = 6.794346e+01
Doing analysis at TEMP = 27.000000 and TNOM = 27.000000

Using SPARSE 1.3 as Direct Linear Solver

No. of Data Rows : 801
fcross              =  4.43933e+05
pmarg               =  1.07023e+02
tdc                 =  6.79435e+01
mode=10db  rload=100k  rsrc=2.5k  pos=1  C=2.7n
fcross = 4.439335e+05
pmarg = 1.070228e+02
tdc = 6.794346e+01
Doing analysis at TEMP = 27.000000 and TNOM = 27.000000

Using SPARSE 1.3 as Direct Linear Solver

No. of Data Rows : 801
fcross              =  4.35154e+05
pmarg               =  1.06326e+02
tdc                 =  6.79435e+01
mode=10db  rload=100k  rsrc=2.5k  pos=1  C=3.3n
fcross = 4.351541e+05
pmarg = 1.063263e+02
tdc = 6.794346e+01
Doing analysis at TEMP = 27.000000 and TNOM = 27.000000

Using SPARSE 1.3 as Direct Linear Solver

No. of Data Rows : 801
fcross              =  4.14745e+05
pmarg               =  1.05201e+02
tdc                 =  6.79435e+01
mode=10db  rload=100k  rsrc=2.5k  pos=1  C=4.7n
fcross = 4.147450e+05
pmarg = 1.052008e+02
tdc = 6.794347e+01
Doing analysis at TEMP = 27.000000 and TNOM = 27.000000

Using SPARSE 1.3 as Direct Linear Solver

No. of Data Rows : 801
fcross              =  4.59339e+05
pmarg               =  1.12019e+02
tdc                 =  6.79435e+01
mode=10db  rload=100k  rsrc=2.5k  pos=2  C=1f
fcross = 4.593393e+05
pmarg = 1.120195e+02
tdc = 6.794346e+01
Doing analysis at TEMP = 27.000000 and TNOM = 27.000000

Using SPARSE 1.3 as Direct Linear Solver

No. of Data Rows : 801
fcross              =  4.59665e+05
pmarg               =  1.11919e+02
tdc                 =  6.79435e+01
mode=10db  rload=100k  rsrc=2.5k  pos=2  C=47p
fcross = 4.596651e+05
pmarg = 1.119189e+02
tdc = 6.794346e+01
Doing analysis at TEMP = 27.000000 and TNOM = 27.000000

Using SPARSE 1.3 as Direct Linear Solver

No. of Data Rows : 801
fcross              =  4.60031e+05
pmarg               =  1.11805e+02
tdc                 =  6.79435e+01
mode=10db  rload=100k  rsrc=2.5k  pos=2  C=100p
fcross = 4.600305e+05
pmarg = 1.118052e+02
tdc = 6.794346e+01
Doing analysis at TEMP = 27.000000 and TNOM = 27.000000

Using SPARSE 1.3 as Direct Linear Solver

No. of Data Rows : 801
fcross              =  4.60850e+05
pmarg               =  1.11547e+02
tdc                 =  6.79435e+01
mode=10db  rload=100k  rsrc=2.5k  pos=2  C=220p
fcross = 4.608497e+05
pmarg = 1.115469e+02
tdc = 6.794346e+01
Doing analysis at TEMP = 27.000000 and TNOM = 27.000000

Using SPARSE 1.3 as Direct Linear Solver

No. of Data Rows : 801
fcross              =  4.62519e+05
pmarg               =  1.11005e+02
tdc                 =  6.79435e+01
mode=10db  rload=100k  rsrc=2.5k  pos=2  C=470p
fcross = 4.625188e+05
pmarg = 1.110048e+02
tdc = 6.794346e+01
Doing analysis at TEMP = 27.000000 and TNOM = 27.000000

Using SPARSE 1.3 as Direct Linear Solver

No. of Data Rows : 801
fcross              =  4.65874e+05
pmarg               =  1.09839e+02
tdc                 =  6.79435e+01
mode=10db  rload=100k  rsrc=2.5k  pos=2  C=1n
fcross = 4.658744e+05
pmarg = 1.098386e+02
tdc = 6.794345e+01
Doing analysis at TEMP = 27.000000 and TNOM = 27.000000

Using SPARSE 1.3 as Direct Linear Solver

No. of Data Rows : 801
fcross              =  4.68822e+05
pmarg               =  1.08717e+02
tdc                 =  6.79434e+01
mode=10db  rload=100k  rsrc=2.5k  pos=2  C=1.5n
fcross = 4.688216e+05
pmarg = 1.087171e+02
tdc = 6.794345e+01
Doing analysis at TEMP = 27.000000 and TNOM = 27.000000

Using SPARSE 1.3 as Direct Linear Solver

No. of Data Rows : 801
fcross              =  4.72554e+05
pmarg               =  1.07116e+02
tdc                 =  6.79434e+01
mode=10db  rload=100k  rsrc=2.5k  pos=2  C=2.2n
fcross = 4.725540e+05
pmarg = 1.071161e+02
tdc = 6.794344e+01
Doing analysis at TEMP = 27.000000 and TNOM = 27.000000

Using SPARSE 1.3 as Direct Linear Solver

No. of Data Rows : 801
fcross              =  4.74839e+05
pmarg               =  1.05958e+02
tdc                 =  6.79434e+01
mode=10db  rload=100k  rsrc=2.5k  pos=2  C=2.7n
fcross = 4.748386e+05
pmarg = 1.059581e+02
tdc = 6.794344e+01
Doing analysis at TEMP = 27.000000 and TNOM = 27.000000

Using SPARSE 1.3 as Direct Linear Solver

No. of Data Rows : 801
fcross              =  4.77118e+05
pmarg               =  1.04559e+02
tdc                 =  6.79434e+01
mode=10db  rload=100k  rsrc=2.5k  pos=2  C=3.3n
fcross = 4.771183e+05
pmarg = 1.045587e+02
tdc = 6.794343e+01
Doing analysis at TEMP = 27.000000 and TNOM = 27.000000

Using SPARSE 1.3 as Direct Linear Solver

No. of Data Rows : 801
fcross              =  4.80340e+05
pmarg               =  1.01285e+02
tdc                 =  6.79434e+01
mode=10db  rload=100k  rsrc=2.5k  pos=2  C=4.7n
fcross = 4.803400e+05
pmarg = 1.012852e+02
tdc = 6.794342e+01
Doing analysis at TEMP = 27.000000 and TNOM = 27.000000

Using SPARSE 1.3 as Direct Linear Solver

No. of Data Rows : 801
fcross              =  4.59335e+05
pmarg               =  1.12009e+02
tdc                 =  6.79435e+01
mode=10db  rload=100k  rsrc=2.571k  pos=1  C=1f
fcross = 4.593354e+05
pmarg = 1.120092e+02
tdc = 6.794346e+01
Doing analysis at TEMP = 27.000000 and TNOM = 27.000000

Using SPARSE 1.3 as Direct Linear Solver

No. of Data Rows : 801
fcross              =  4.59651e+05
pmarg               =  1.11909e+02
tdc                 =  6.79435e+01
mode=10db  rload=100k  rsrc=2.571k  pos=1  C=47p
fcross = 4.596506e+05
pmarg = 1.119087e+02
tdc = 6.794346e+01
Doing analysis at TEMP = 27.000000 and TNOM = 27.000000

Using SPARSE 1.3 as Direct Linear Solver

No. of Data Rows : 801
fcross              =  4.59979e+05
pmarg               =  1.11795e+02
tdc                 =  6.79435e+01
mode=10db  rload=100k  rsrc=2.571k  pos=1  C=100p
fcross = 4.599791e+05
pmarg = 1.117951e+02
tdc = 6.794346e+01
Doing analysis at TEMP = 27.000000 and TNOM = 27.000000

Using SPARSE 1.3 as Direct Linear Solver

No. of Data Rows : 801
fcross              =  4.60616e+05
pmarg               =  1.11537e+02
tdc                 =  6.79435e+01
mode=10db  rload=100k  rsrc=2.571k  pos=1  C=220p
fcross = 4.606161e+05
pmarg = 1.115369e+02
tdc = 6.794346e+01
Doing analysis at TEMP = 27.000000 and TNOM = 27.000000

Using SPARSE 1.3 as Direct Linear Solver

No. of Data Rows : 801
fcross              =  4.61453e+05
pmarg               =  1.10998e+02
tdc                 =  6.79435e+01
mode=10db  rload=100k  rsrc=2.571k  pos=1  C=470p
fcross = 4.614535e+05
pmarg = 1.109983e+02
tdc = 6.794346e+01
Doing analysis at TEMP = 27.000000 and TNOM = 27.000000

Using SPARSE 1.3 as Direct Linear Solver

No. of Data Rows : 801
fcross              =  4.61010e+05
pmarg               =  1.09881e+02
tdc                 =  6.79435e+01
mode=10db  rload=100k  rsrc=2.571k  pos=1  C=1n
fcross = 4.610100e+05
pmarg = 1.098815e+02
tdc = 6.794346e+01
Doing analysis at TEMP = 27.000000 and TNOM = 27.000000

Using SPARSE 1.3 as Direct Linear Solver

No. of Data Rows : 801
fcross              =  4.57999e+05
pmarg               =  1.08905e+02
tdc                 =  6.79435e+01
mode=10db  rload=100k  rsrc=2.571k  pos=1  C=1.5n
fcross = 4.579995e+05
pmarg = 1.089046e+02
tdc = 6.794346e+01
Doing analysis at TEMP = 27.000000 and TNOM = 27.000000

Using SPARSE 1.3 as Direct Linear Solver

No. of Data Rows : 801
fcross              =  4.50644e+05
pmarg               =  1.07717e+02
tdc                 =  6.79435e+01
mode=10db  rload=100k  rsrc=2.571k  pos=1  C=2.2n
fcross = 4.506440e+05
pmarg = 1.077167e+02
tdc = 6.794346e+01
Doing analysis at TEMP = 27.000000 and TNOM = 27.000000

Using SPARSE 1.3 as Direct Linear Solver

No. of Data Rows : 801
fcross              =  4.43930e+05
pmarg               =  1.07013e+02
tdc                 =  6.79435e+01
mode=10db  rload=100k  rsrc=2.571k  pos=1  C=2.7n
fcross = 4.439303e+05
pmarg = 1.070130e+02
tdc = 6.794346e+01
Doing analysis at TEMP = 27.000000 and TNOM = 27.000000

Using SPARSE 1.3 as Direct Linear Solver

No. of Data Rows : 801
fcross              =  4.35151e+05
pmarg               =  1.06317e+02
tdc                 =  6.79435e+01
mode=10db  rload=100k  rsrc=2.571k  pos=1  C=3.3n
fcross = 4.351513e+05
pmarg = 1.063166e+02
tdc = 6.794346e+01
Doing analysis at TEMP = 27.000000 and TNOM = 27.000000

Using SPARSE 1.3 as Direct Linear Solver

No. of Data Rows : 801
fcross              =  4.14743e+05
pmarg               =  1.05192e+02
tdc                 =  6.79435e+01
mode=10db  rload=100k  rsrc=2.571k  pos=1  C=4.7n
fcross = 4.147427e+05
pmarg = 1.051916e+02
tdc = 6.794347e+01
Doing analysis at TEMP = 27.000000 and TNOM = 27.000000

Using SPARSE 1.3 as Direct Linear Solver

No. of Data Rows : 801
fcross              =  4.59335e+05
pmarg               =  1.12009e+02
tdc                 =  6.79435e+01
mode=10db  rload=100k  rsrc=2.571k  pos=2  C=1f
fcross = 4.593354e+05
pmarg = 1.120092e+02
tdc = 6.794346e+01
Doing analysis at TEMP = 27.000000 and TNOM = 27.000000

Using SPARSE 1.3 as Direct Linear Solver

No. of Data Rows : 801
fcross              =  4.59661e+05
pmarg               =  1.11909e+02
tdc                 =  6.79435e+01
mode=10db  rload=100k  rsrc=2.571k  pos=2  C=47p
fcross = 4.596612e+05
pmarg = 1.119086e+02
tdc = 6.794346e+01
Doing analysis at TEMP = 27.000000 and TNOM = 27.000000

Using SPARSE 1.3 as Direct Linear Solver

No. of Data Rows : 801
fcross              =  4.60027e+05
pmarg               =  1.11795e+02
tdc                 =  6.79435e+01
mode=10db  rload=100k  rsrc=2.571k  pos=2  C=100p
fcross = 4.600266e+05
pmarg = 1.117950e+02
tdc = 6.794346e+01
Doing analysis at TEMP = 27.000000 and TNOM = 27.000000

Using SPARSE 1.3 as Direct Linear Solver

No. of Data Rows : 801
fcross              =  4.60846e+05
pmarg               =  1.11537e+02
tdc                 =  6.79435e+01
mode=10db  rload=100k  rsrc=2.571k  pos=2  C=220p
fcross = 4.608459e+05
pmarg = 1.115367e+02
tdc = 6.794346e+01
Doing analysis at TEMP = 27.000000 and TNOM = 27.000000

Using SPARSE 1.3 as Direct Linear Solver

No. of Data Rows : 801
fcross              =  4.62515e+05
pmarg               =  1.10995e+02
tdc                 =  6.79435e+01
mode=10db  rload=100k  rsrc=2.571k  pos=2  C=470p
fcross = 4.625149e+05
pmarg = 1.109945e+02
tdc = 6.794345e+01
Doing analysis at TEMP = 27.000000 and TNOM = 27.000000

Using SPARSE 1.3 as Direct Linear Solver

No. of Data Rows : 801
fcross              =  4.65870e+05
pmarg               =  1.09828e+02
tdc                 =  6.79435e+01
mode=10db  rload=100k  rsrc=2.571k  pos=2  C=1n
fcross = 4.658704e+05
pmarg = 1.098282e+02
tdc = 6.794345e+01
Doing analysis at TEMP = 27.000000 and TNOM = 27.000000

Using SPARSE 1.3 as Direct Linear Solver

No. of Data Rows : 801
fcross              =  4.68817e+05
pmarg               =  1.08707e+02
tdc                 =  6.79434e+01
mode=10db  rload=100k  rsrc=2.571k  pos=2  C=1.5n
fcross = 4.688173e+05
pmarg = 1.087067e+02
tdc = 6.794345e+01
Doing analysis at TEMP = 27.000000 and TNOM = 27.000000

Using SPARSE 1.3 as Direct Linear Solver
 Reference value :  1.94984e+06
No. of Data Rows : 801
fcross              =  4.72550e+05
pmarg               =  1.07106e+02
tdc                 =  6.79434e+01
mode=10db  rload=100k  rsrc=2.571k  pos=2  C=2.2n
fcross = 4.725496e+05
pmarg = 1.071056e+02
tdc = 6.794344e+01
Doing analysis at TEMP = 27.000000 and TNOM = 27.000000

Using SPARSE 1.3 as Direct Linear Solver

No. of Data Rows : 801
fcross              =  4.74834e+05
pmarg               =  1.05948e+02
tdc                 =  6.79434e+01
mode=10db  rload=100k  rsrc=2.571k  pos=2  C=2.7n
fcross = 4.748341e+05
pmarg = 1.059476e+02
tdc = 6.794344e+01
Doing analysis at TEMP = 27.000000 and TNOM = 27.000000

Using SPARSE 1.3 as Direct Linear Solver

No. of Data Rows : 801
fcross              =  4.77114e+05
pmarg               =  1.04548e+02
tdc                 =  6.79434e+01
mode=10db  rload=100k  rsrc=2.571k  pos=2  C=3.3n
fcross = 4.771138e+05
pmarg = 1.045482e+02
tdc = 6.794343e+01
Doing analysis at TEMP = 27.000000 and TNOM = 27.000000

Using SPARSE 1.3 as Direct Linear Solver

No. of Data Rows : 801
fcross              =  4.80335e+05
pmarg               =  1.01275e+02
tdc                 =  6.79434e+01
mode=10db  rload=100k  rsrc=2.571k  pos=2  C=4.7n
fcross = 4.803352e+05
pmarg = 1.012746e+02
tdc = 6.794342e+01
Doing analysis at TEMP = 27.000000 and TNOM = 27.000000

Using SPARSE 1.3 as Direct Linear Solver

No. of Data Rows : 801
fcross              =  4.59333e+05
pmarg               =  1.12003e+02
tdc                 =  6.79435e+01
mode=10db  rload=100k  rsrc=2.611k  pos=1  C=1f
fcross = 4.593332e+05
pmarg = 1.120035e+02
tdc = 6.794346e+01
Doing analysis at TEMP = 27.000000 and TNOM = 27.000000

Using SPARSE 1.3 as Direct Linear Solver

No. of Data Rows : 801
fcross              =  4.59648e+05
pmarg               =  1.11903e+02
tdc                 =  6.79435e+01
mode=10db  rload=100k  rsrc=2.611k  pos=1  C=47p
fcross = 4.596483e+05
pmarg = 1.119030e+02
tdc = 6.794346e+01
Doing analysis at TEMP = 27.000000 and TNOM = 27.000000

Using SPARSE 1.3 as Direct Linear Solver

No. of Data Rows : 801
fcross              =  4.59977e+05
pmarg               =  1.11789e+02
tdc                 =  6.79435e+01
mode=10db  rload=100k  rsrc=2.611k  pos=1  C=100p
fcross = 4.599769e+05
pmarg = 1.117893e+02
tdc = 6.794346e+01
Doing analysis at TEMP = 27.000000 and TNOM = 27.000000

Using SPARSE 1.3 as Direct Linear Solver

No. of Data Rows : 801
fcross              =  4.60614e+05
pmarg               =  1.11531e+02
tdc                 =  6.79435e+01
mode=10db  rload=100k  rsrc=2.611k  pos=1  C=220p
fcross = 4.606138e+05
pmarg = 1.115312e+02
tdc = 6.794346e+01
Doing analysis at TEMP = 27.000000 and TNOM = 27.000000

Using SPARSE 1.3 as Direct Linear Solver

No. of Data Rows : 801
fcross              =  4.61451e+05
pmarg               =  1.10993e+02
tdc                 =  6.79435e+01
mode=10db  rload=100k  rsrc=2.611k  pos=1  C=470p
fcross = 4.614512e+05
pmarg = 1.109925e+02
tdc = 6.794346e+01
Doing analysis at TEMP = 27.000000 and TNOM = 27.000000

Using SPARSE 1.3 as Direct Linear Solver

No. of Data Rows : 801
fcross              =  4.61008e+05
pmarg               =  1.09876e+02
tdc                 =  6.79435e+01
mode=10db  rload=100k  rsrc=2.611k  pos=1  C=1n
fcross = 4.610077e+05
pmarg = 1.098757e+02
tdc = 6.794346e+01
Doing analysis at TEMP = 27.000000 and TNOM = 27.000000

Using SPARSE 1.3 as Direct Linear Solver

No. of Data Rows : 801
fcross              =  4.57997e+05
pmarg               =  1.08899e+02
tdc                 =  6.79435e+01
mode=10db  rload=100k  rsrc=2.611k  pos=1  C=1.5n
fcross = 4.579973e+05
pmarg = 1.088988e+02
tdc = 6.794346e+01
Doing analysis at TEMP = 27.000000 and TNOM = 27.000000

Using SPARSE 1.3 as Direct Linear Solver

No. of Data Rows : 801
fcross              =  4.50642e+05
pmarg               =  1.07711e+02
tdc                 =  6.79435e+01
mode=10db  rload=100k  rsrc=2.611k  pos=1  C=2.2n
fcross = 4.506420e+05
pmarg = 1.077110e+02
tdc = 6.794346e+01
Doing analysis at TEMP = 27.000000 and TNOM = 27.000000

Using SPARSE 1.3 as Direct Linear Solver

No. of Data Rows : 801
fcross              =  4.43928e+05
pmarg               =  1.07007e+02
tdc                 =  6.79435e+01
mode=10db  rload=100k  rsrc=2.611k  pos=1  C=2.7n
fcross = 4.439285e+05
pmarg = 1.070074e+02
tdc = 6.794346e+01
Doing analysis at TEMP = 27.000000 and TNOM = 27.000000

Using SPARSE 1.3 as Direct Linear Solver

No. of Data Rows : 801
fcross              =  4.35150e+05
pmarg               =  1.06311e+02
tdc                 =  6.79435e+01
mode=10db  rload=100k  rsrc=2.611k  pos=1  C=3.3n
fcross = 4.351496e+05
pmarg = 1.063111e+02
tdc = 6.794346e+01
Doing analysis at TEMP = 27.000000 and TNOM = 27.000000

Using SPARSE 1.3 as Direct Linear Solver

No. of Data Rows : 801
fcross              =  4.14741e+05
pmarg               =  1.05186e+02
tdc                 =  6.79435e+01
mode=10db  rload=100k  rsrc=2.611k  pos=1  C=4.7n
fcross = 4.147414e+05
pmarg = 1.051864e+02
tdc = 6.794347e+01
Doing analysis at TEMP = 27.000000 and TNOM = 27.000000

Using SPARSE 1.3 as Direct Linear Solver

No. of Data Rows : 801
fcross              =  4.59333e+05
pmarg               =  1.12003e+02
tdc                 =  6.79435e+01
mode=10db  rload=100k  rsrc=2.611k  pos=2  C=1f
fcross = 4.593332e+05
pmarg = 1.120035e+02
tdc = 6.794346e+01
Doing analysis at TEMP = 27.000000 and TNOM = 27.000000

Using SPARSE 1.3 as Direct Linear Solver

No. of Data Rows : 801
fcross              =  4.59659e+05
pmarg               =  1.11903e+02
tdc                 =  6.79435e+01
mode=10db  rload=100k  rsrc=2.611k  pos=2  C=47p
fcross = 4.596590e+05
pmarg = 1.119029e+02
tdc = 6.794346e+01
Doing analysis at TEMP = 27.000000 and TNOM = 27.000000

Using SPARSE 1.3 as Direct Linear Solver

No. of Data Rows : 801
fcross              =  4.60024e+05
pmarg               =  1.11789e+02
tdc                 =  6.79435e+01
mode=10db  rload=100k  rsrc=2.611k  pos=2  C=100p
fcross = 4.600244e+05
pmarg = 1.117892e+02
tdc = 6.794346e+01
Doing analysis at TEMP = 27.000000 and TNOM = 27.000000

Using SPARSE 1.3 as Direct Linear Solver

No. of Data Rows : 801
fcross              =  4.60844e+05
pmarg               =  1.11531e+02
tdc                 =  6.79435e+01
mode=10db  rload=100k  rsrc=2.611k  pos=2  C=220p
fcross = 4.608436e+05
pmarg = 1.115309e+02
tdc = 6.794346e+01
Doing analysis at TEMP = 27.000000 and TNOM = 27.000000

Using SPARSE 1.3 as Direct Linear Solver

No. of Data Rows : 801
fcross              =  4.62513e+05
pmarg               =  1.10989e+02
tdc                 =  6.79435e+01
mode=10db  rload=100k  rsrc=2.611k  pos=2  C=470p
fcross = 4.625126e+05
pmarg = 1.109888e+02
tdc = 6.794346e+01
Doing analysis at TEMP = 27.000000 and TNOM = 27.000000

Using SPARSE 1.3 as Direct Linear Solver

No. of Data Rows : 801
fcross              =  4.65868e+05
pmarg               =  1.09822e+02
tdc                 =  6.79435e+01
mode=10db  rload=100k  rsrc=2.611k  pos=2  C=1n
fcross = 4.658680e+05
pmarg = 1.098224e+02
tdc = 6.794345e+01
Doing analysis at TEMP = 27.000000 and TNOM = 27.000000

Using SPARSE 1.3 as Direct Linear Solver

No. of Data Rows : 801
fcross              =  4.68815e+05
pmarg               =  1.08701e+02
tdc                 =  6.79434e+01
mode=10db  rload=100k  rsrc=2.611k  pos=2  C=1.5n
fcross = 4.688148e+05
pmarg = 1.087009e+02
tdc = 6.794345e+01
Doing analysis at TEMP = 27.000000 and TNOM = 27.000000

Using SPARSE 1.3 as Direct Linear Solver

No. of Data Rows : 801
fcross              =  4.72547e+05
pmarg               =  1.07100e+02
tdc                 =  6.79434e+01
mode=10db  rload=100k  rsrc=2.611k  pos=2  C=2.2n
fcross = 4.725470e+05
pmarg = 1.070997e+02
tdc = 6.794344e+01
Doing analysis at TEMP = 27.000000 and TNOM = 27.000000

Using SPARSE 1.3 as Direct Linear Solver

No. of Data Rows : 801
fcross              =  4.74831e+05
pmarg               =  1.05942e+02
tdc                 =  6.79434e+01
mode=10db  rload=100k  rsrc=2.611k  pos=2  C=2.7n
fcross = 4.748315e+05
pmarg = 1.059417e+02
tdc = 6.794344e+01
Doing analysis at TEMP = 27.000000 and TNOM = 27.000000

Using SPARSE 1.3 as Direct Linear Solver

No. of Data Rows : 801
fcross              =  4.77111e+05
pmarg               =  1.04542e+02
tdc                 =  6.79434e+01
mode=10db  rload=100k  rsrc=2.611k  pos=2  C=3.3n
fcross = 4.771111e+05
pmarg = 1.045422e+02
tdc = 6.794343e+01
Doing analysis at TEMP = 27.000000 and TNOM = 27.000000

Using SPARSE 1.3 as Direct Linear Solver

No. of Data Rows : 801
fcross              =  4.80332e+05
pmarg               =  1.01269e+02
tdc                 =  6.79434e+01
mode=10db  rload=100k  rsrc=2.611k  pos=2  C=4.7n
fcross = 4.803324e+05
pmarg = 1.012687e+02
tdc = 6.794342e+01
Doing analysis at TEMP = 27.000000 and TNOM = 27.000000

Using SPARSE 1.3 as Direct Linear Solver

No. of Data Rows : 801
fcross              =  4.58361e+05
pmarg               =  1.12375e+02
tdc                 =  6.78202e+01
mode=10db  rload=10k  rsrc=1m  pos=1  C=1f
fcross = 4.583607e+05
pmarg = 1.123745e+02
tdc = 6.782015e+01
Doing analysis at TEMP = 27.000000 and TNOM = 27.000000

Using SPARSE 1.3 as Direct Linear Solver

No. of Data Rows : 801
fcross              =  4.58671e+05
pmarg               =  1.12275e+02
tdc                 =  6.78202e+01
mode=10db  rload=10k  rsrc=1m  pos=1  C=47p
fcross = 4.586713e+05
pmarg = 1.122755e+02
tdc = 6.782015e+01
Doing analysis at TEMP = 27.000000 and TNOM = 27.000000

Using SPARSE 1.3 as Direct Linear Solver

No. of Data Rows : 801
fcross              =  4.58995e+05
pmarg               =  1.12163e+02
tdc                 =  6.78202e+01
mode=10db  rload=10k  rsrc=1m  pos=1  C=100p
fcross = 4.589952e+05
pmarg = 1.121634e+02
tdc = 6.782016e+01
Doing analysis at TEMP = 27.000000 and TNOM = 27.000000

Using SPARSE 1.3 as Direct Linear Solver

No. of Data Rows : 801
fcross              =  4.59624e+05
pmarg               =  1.11909e+02
tdc                 =  6.78202e+01
mode=10db  rload=10k  rsrc=1m  pos=1  C=220p
fcross = 4.596235e+05
pmarg = 1.119088e+02
tdc = 6.782016e+01
Doing analysis at TEMP = 27.000000 and TNOM = 27.000000

Using SPARSE 1.3 as Direct Linear Solver

No. of Data Rows : 801
fcross              =  4.60452e+05
pmarg               =  1.11377e+02
tdc                 =  6.78202e+01
mode=10db  rload=10k  rsrc=1m  pos=1  C=470p
fcross = 4.604520e+05
pmarg = 1.113772e+02
tdc = 6.782017e+01
Doing analysis at TEMP = 27.000000 and TNOM = 27.000000

Using SPARSE 1.3 as Direct Linear Solver

No. of Data Rows : 801
fcross              =  4.60030e+05
pmarg               =  1.10273e+02
tdc                 =  6.78202e+01
mode=10db  rload=10k  rsrc=1m  pos=1  C=1n
fcross = 4.600303e+05
pmarg = 1.102728e+02
tdc = 6.782020e+01
Doing analysis at TEMP = 27.000000 and TNOM = 27.000000

Using SPARSE 1.3 as Direct Linear Solver

No. of Data Rows : 801
fcross              =  4.57085e+05
pmarg               =  1.09304e+02
tdc                 =  6.78202e+01
mode=10db  rload=10k  rsrc=1m  pos=1  C=1.5n
fcross = 4.570847e+05
pmarg = 1.093037e+02
tdc = 6.782022e+01
Doing analysis at TEMP = 27.000000 and TNOM = 27.000000

Using SPARSE 1.3 as Direct Linear Solver

No. of Data Rows : 801
fcross              =  4.49887e+05
pmarg               =  1.08119e+02
tdc                 =  6.78203e+01
mode=10db  rload=10k  rsrc=1m  pos=1  C=2.2n
fcross = 4.498870e+05
pmarg = 1.081185e+02
tdc = 6.782025e+01
Doing analysis at TEMP = 27.000000 and TNOM = 27.000000

Using SPARSE 1.3 as Direct Linear Solver

No. of Data Rows : 801
fcross              =  4.43296e+05
pmarg               =  1.07413e+02
tdc                 =  6.78203e+01
mode=10db  rload=10k  rsrc=1m  pos=1  C=2.7n
fcross = 4.432963e+05
pmarg = 1.074126e+02
tdc = 6.782028e+01
Doing analysis at TEMP = 27.000000 and TNOM = 27.000000

Using SPARSE 1.3 as Direct Linear Solver

No. of Data Rows : 801
fcross              =  4.34649e+05
pmarg               =  1.06711e+02
tdc                 =  6.78203e+01
mode=10db  rload=10k  rsrc=1m  pos=1  C=3.3n
fcross = 4.346494e+05
pmarg = 1.067111e+02
tdc = 6.782031e+01
Doing analysis at TEMP = 27.000000 and TNOM = 27.000000

Using SPARSE 1.3 as Direct Linear Solver

No. of Data Rows : 801
fcross              =  4.14474e+05
pmarg               =  1.05569e+02
tdc                 =  6.78204e+01
mode=10db  rload=10k  rsrc=1m  pos=1  C=4.7n
fcross = 4.144744e+05
pmarg = 1.055692e+02
tdc = 6.782037e+01
Doing analysis at TEMP = 27.000000 and TNOM = 27.000000

Using SPARSE 1.3 as Direct Linear Solver

No. of Data Rows : 801
fcross              =  4.58361e+05
pmarg               =  1.12375e+02
tdc                 =  6.78202e+01
mode=10db  rload=10k  rsrc=1m  pos=2  C=1f
fcross = 4.583607e+05
pmarg = 1.123745e+02
tdc = 6.782015e+01
Doing analysis at TEMP = 27.000000 and TNOM = 27.000000

Using SPARSE 1.3 as Direct Linear Solver

No. of Data Rows : 801
fcross              =  4.58684e+05
pmarg               =  1.12275e+02
tdc                 =  6.78202e+01
mode=10db  rload=10k  rsrc=1m  pos=2  C=47p
fcross = 4.586845e+05
pmarg = 1.122745e+02
tdc = 6.782015e+01
Doing analysis at TEMP = 27.000000 and TNOM = 27.000000

Using SPARSE 1.3 as Direct Linear Solver

No. of Data Rows : 801
fcross              =  4.59048e+05
pmarg               =  1.12162e+02
tdc                 =  6.78201e+01
mode=10db  rload=10k  rsrc=1m  pos=2  C=100p
fcross = 4.590475e+05
pmarg = 1.121615e+02
tdc = 6.782015e+01
Doing analysis at TEMP = 27.000000 and TNOM = 27.000000

Using SPARSE 1.3 as Direct Linear Solver

No. of Data Rows : 801
fcross              =  4.59862e+05
pmarg               =  1.11905e+02
tdc                 =  6.78201e+01
mode=10db  rload=10k  rsrc=1m  pos=2  C=220p
fcross = 4.598616e+05
pmarg = 1.119047e+02
tdc = 6.782015e+01
Doing analysis at TEMP = 27.000000 and TNOM = 27.000000

Using SPARSE 1.3 as Direct Linear Solver

No. of Data Rows : 801
fcross              =  4.61520e+05
pmarg               =  1.11366e+02
tdc                 =  6.78201e+01
mode=10db  rload=10k  rsrc=1m  pos=2  C=470p
fcross = 4.615199e+05
pmarg = 1.113657e+02
tdc = 6.782015e+01
Doing analysis at TEMP = 27.000000 and TNOM = 27.000000

Using SPARSE 1.3 as Direct Linear Solver

No. of Data Rows : 801
fcross              =  4.64854e+05
pmarg               =  1.10206e+02
tdc                 =  6.78201e+01
mode=10db  rload=10k  rsrc=1m  pos=2  C=1n
fcross = 4.648538e+05
pmarg = 1.102061e+02
tdc = 6.782014e+01
Doing analysis at TEMP = 27.000000 and TNOM = 27.000000

Using SPARSE 1.3 as Direct Linear Solver

No. of Data Rows : 801
fcross              =  4.67747e+05
pmarg               =  1.09093e+02
tdc                 =  6.78201e+01
mode=10db  rload=10k  rsrc=1m  pos=2  C=1.5n
fcross = 4.677473e+05
pmarg = 1.090929e+02
tdc = 6.782014e+01
Doing analysis at TEMP = 27.000000 and TNOM = 27.000000

Using SPARSE 1.3 as Direct Linear Solver

No. of Data Rows : 801
fcross              =  4.71454e+05
pmarg               =  1.07501e+02
tdc                 =  6.78201e+01
mode=10db  rload=10k  rsrc=1m  pos=2  C=2.2n
fcross = 4.714540e+05
pmarg = 1.075006e+02
tdc = 6.782013e+01
Doing analysis at TEMP = 27.000000 and TNOM = 27.000000

Using SPARSE 1.3 as Direct Linear Solver

No. of Data Rows : 801
fcross              =  4.73723e+05
pmarg               =  1.06349e+02
tdc                 =  6.78201e+01
mode=10db  rload=10k  rsrc=1m  pos=2  C=2.7n
fcross = 4.737228e+05
pmarg = 1.063489e+02
tdc = 6.782013e+01
Doing analysis at TEMP = 27.000000 and TNOM = 27.000000

Using SPARSE 1.3 as Direct Linear Solver

No. of Data Rows : 801
fcross              =  4.75987e+05
pmarg               =  1.04957e+02
tdc                 =  6.78201e+01
mode=10db  rload=10k  rsrc=1m  pos=2  C=3.3n
fcross = 4.759867e+05
pmarg = 1.049566e+02
tdc = 6.782012e+01
Doing analysis at TEMP = 27.000000 and TNOM = 27.000000

Using SPARSE 1.3 as Direct Linear Solver

No. of Data Rows : 801
fcross              =  4.79147e+05
pmarg               =  1.01701e+02
tdc                 =  6.78201e+01
mode=10db  rload=10k  rsrc=1m  pos=2  C=4.7n
fcross = 4.791467e+05
pmarg = 1.017014e+02
tdc = 6.782011e+01
Doing analysis at TEMP = 27.000000 and TNOM = 27.000000

Using SPARSE 1.3 as Direct Linear Solver

No. of Data Rows : 801
fcross              =  4.58344e+05
pmarg               =  1.12230e+02
tdc                 =  6.78202e+01
mode=10db  rload=10k  rsrc=1k  pos=1  C=1f
fcross = 4.583437e+05
pmarg = 1.122300e+02
tdc = 6.782015e+01
Doing analysis at TEMP = 27.000000 and TNOM = 27.000000

Using SPARSE 1.3 as Direct Linear Solver

No. of Data Rows : 801
fcross              =  4.58654e+05
pmarg               =  1.12131e+02
tdc                 =  6.78202e+01
mode=10db  rload=10k  rsrc=1k  pos=1  C=47p
fcross = 4.586542e+05
pmarg = 1.121308e+02
tdc = 6.782016e+01
Doing analysis at TEMP = 27.000000 and TNOM = 27.000000

Using SPARSE 1.3 as Direct Linear Solver

No. of Data Rows : 801
fcross              =  4.58978e+05
pmarg               =  1.12019e+02
tdc                 =  6.78202e+01
mode=10db  rload=10k  rsrc=1k  pos=1  C=100p
fcross = 4.589781e+05
pmarg = 1.120187e+02
tdc = 6.782016e+01
Doing analysis at TEMP = 27.000000 and TNOM = 27.000000

Using SPARSE 1.3 as Direct Linear Solver

No. of Data Rows : 801
fcross              =  4.59606e+05
pmarg               =  1.11764e+02
tdc                 =  6.78202e+01
mode=10db  rload=10k  rsrc=1k  pos=1  C=220p
fcross = 4.596063e+05
pmarg = 1.117638e+02
tdc = 6.782016e+01
Doing analysis at TEMP = 27.000000 and TNOM = 27.000000

Using SPARSE 1.3 as Direct Linear Solver

No. of Data Rows : 801
fcross              =  4.60435e+05
pmarg               =  1.11232e+02
tdc                 =  6.78202e+01
mode=10db  rload=10k  rsrc=1k  pos=1  C=470p
fcross = 4.604347e+05
pmarg = 1.112320e+02
tdc = 6.782017e+01
Doing analysis at TEMP = 27.000000 and TNOM = 27.000000

Using SPARSE 1.3 as Direct Linear Solver

No. of Data Rows : 801
fcross              =  4.60013e+05
pmarg               =  1.10128e+02
tdc                 =  6.78202e+01
mode=10db  rload=10k  rsrc=1k  pos=1  C=1n
fcross = 4.600131e+05
pmarg = 1.101278e+02
tdc = 6.782020e+01
Doing analysis at TEMP = 27.000000 and TNOM = 27.000000

Using SPARSE 1.3 as Direct Linear Solver

No. of Data Rows : 801
fcross              =  4.57068e+05
pmarg               =  1.09160e+02
tdc                 =  6.78202e+01
mode=10db  rload=10k  rsrc=1k  pos=1  C=1.5n
fcross = 4.570685e+05
pmarg = 1.091596e+02
tdc = 6.782022e+01
Doing analysis at TEMP = 27.000000 and TNOM = 27.000000

Using SPARSE 1.3 as Direct Linear Solver

No. of Data Rows : 801
fcross              =  4.49872e+05
pmarg               =  1.07977e+02
tdc                 =  6.78203e+01
mode=10db  rload=10k  rsrc=1k  pos=1  C=2.2n
fcross = 4.498717e+05
pmarg = 1.079767e+02
tdc = 6.782026e+01
Doing analysis at TEMP = 27.000000 and TNOM = 27.000000

Using SPARSE 1.3 as Direct Linear Solver

No. of Data Rows : 801
fcross              =  4.43282e+05
pmarg               =  1.07273e+02
tdc                 =  6.78203e+01
mode=10db  rload=10k  rsrc=1k  pos=1  C=2.7n
fcross = 4.432823e+05
pmarg = 1.072729e+02
tdc = 6.782028e+01
Doing analysis at TEMP = 27.000000 and TNOM = 27.000000

Using SPARSE 1.3 as Direct Linear Solver

No. of Data Rows : 801
fcross              =  4.34637e+05
pmarg               =  1.06574e+02
tdc                 =  6.78203e+01
mode=10db  rload=10k  rsrc=1k  pos=1  C=3.3n
fcross = 4.346368e+05
pmarg = 1.065741e+02
tdc = 6.782031e+01
Doing analysis at TEMP = 27.000000 and TNOM = 27.000000

Using SPARSE 1.3 as Direct Linear Solver

No. of Data Rows : 801
fcross              =  4.14464e+05
pmarg               =  1.05438e+02
tdc                 =  6.78204e+01
mode=10db  rload=10k  rsrc=1k  pos=1  C=4.7n
fcross = 4.144642e+05
pmarg = 1.054384e+02
tdc = 6.782037e+01
Doing analysis at TEMP = 27.000000 and TNOM = 27.000000

Using SPARSE 1.3 as Direct Linear Solver

No. of Data Rows : 801
fcross              =  4.58344e+05
pmarg               =  1.12230e+02
tdc                 =  6.78202e+01
mode=10db  rload=10k  rsrc=1k  pos=2  C=1f
fcross = 4.583437e+05
pmarg = 1.122300e+02
tdc = 6.782015e+01
Doing analysis at TEMP = 27.000000 and TNOM = 27.000000

Using SPARSE 1.3 as Direct Linear Solver

No. of Data Rows : 801
fcross              =  4.58667e+05
pmarg               =  1.12130e+02
tdc                 =  6.78202e+01
mode=10db  rload=10k  rsrc=1k  pos=2  C=47p
fcross = 4.586674e+05
pmarg = 1.121299e+02
tdc = 6.782015e+01
Doing analysis at TEMP = 27.000000 and TNOM = 27.000000

Using SPARSE 1.3 as Direct Linear Solver

No. of Data Rows : 801
fcross              =  4.59030e+05
pmarg               =  1.12017e+02
tdc                 =  6.78202e+01
mode=10db  rload=10k  rsrc=1k  pos=2  C=100p
fcross = 4.590304e+05
pmarg = 1.120167e+02
tdc = 6.782015e+01
Doing analysis at TEMP = 27.000000 and TNOM = 27.000000

Using SPARSE 1.3 as Direct Linear Solver

No. of Data Rows : 801
fcross              =  4.59844e+05
pmarg               =  1.11760e+02
tdc                 =  6.78202e+01
mode=10db  rload=10k  rsrc=1k  pos=2  C=220p
fcross = 4.598443e+05
pmarg = 1.117597e+02
tdc = 6.782015e+01
Doing analysis at TEMP = 27.000000 and TNOM = 27.000000

Using SPARSE 1.3 as Direct Linear Solver

No. of Data Rows : 801
fcross              =  4.61502e+05
pmarg               =  1.11220e+02
tdc                 =  6.78201e+01
mode=10db  rload=10k  rsrc=1k  pos=2  C=470p
fcross = 4.615024e+05
pmarg = 1.112202e+02
tdc = 6.782015e+01
Doing analysis at TEMP = 27.000000 and TNOM = 27.000000

Using SPARSE 1.3 as Direct Linear Solver

No. of Data Rows : 801
fcross              =  4.64836e+05
pmarg               =  1.10060e+02
tdc                 =  6.78201e+01
mode=10db  rload=10k  rsrc=1k  pos=2  C=1n
fcross = 4.648358e+05
pmarg = 1.100596e+02
tdc = 6.782014e+01
Doing analysis at TEMP = 27.000000 and TNOM = 27.000000

Using SPARSE 1.3 as Direct Linear Solver

No. of Data Rows : 801
fcross              =  4.67729e+05
pmarg               =  1.08945e+02
tdc                 =  6.78201e+01
mode=10db  rload=10k  rsrc=1k  pos=2  C=1.5n
fcross = 4.677285e+05
pmarg = 1.089455e+02
tdc = 6.782014e+01
Doing analysis at TEMP = 27.000000 and TNOM = 27.000000

Using SPARSE 1.3 as Direct Linear Solver

No. of Data Rows : 801
fcross              =  4.71434e+05
pmarg               =  1.07352e+02
tdc                 =  6.78201e+01
mode=10db  rload=10k  rsrc=1k  pos=2  C=2.2n
fcross = 4.714344e+05
pmarg = 1.073522e+02
tdc = 6.782013e+01
Doing analysis at TEMP = 27.000000 and TNOM = 27.000000

Using SPARSE 1.3 as Direct Linear Solver

No. of Data Rows : 801
fcross              =  4.73703e+05
pmarg               =  1.06200e+02
tdc                 =  6.78201e+01
mode=10db  rload=10k  rsrc=1k  pos=2  C=2.7n
fcross = 4.737029e+05
pmarg = 1.061998e+02
tdc = 6.782013e+01
Doing analysis at TEMP = 27.000000 and TNOM = 27.000000

Using SPARSE 1.3 as Direct Linear Solver

No. of Data Rows : 801
fcross              =  4.75967e+05
pmarg               =  1.04807e+02
tdc                 =  6.78201e+01
mode=10db  rload=10k  rsrc=1k  pos=2  C=3.3n
fcross = 4.759665e+05
pmarg = 1.048069e+02
tdc = 6.782013e+01
Doing analysis at TEMP = 27.000000 and TNOM = 27.000000

Using SPARSE 1.3 as Direct Linear Solver

No. of Data Rows : 801
fcross              =  4.79125e+05
pmarg               =  1.01551e+02
tdc                 =  6.78201e+01
mode=10db  rload=10k  rsrc=1k  pos=2  C=4.7n
fcross = 4.791255e+05
pmarg = 1.015508e+02
tdc = 6.782011e+01
Doing analysis at TEMP = 27.000000 and TNOM = 27.000000

Using SPARSE 1.3 as Direct Linear Solver

No. of Data Rows : 801
fcross              =  4.58284e+05
pmarg               =  1.12014e+02
tdc                 =  6.78202e+01
mode=10db  rload=10k  rsrc=2.5k  pos=1  C=1f
fcross = 4.582840e+05
pmarg = 1.120140e+02
tdc = 6.782015e+01
Doing analysis at TEMP = 27.000000 and TNOM = 27.000000

Using SPARSE 1.3 as Direct Linear Solver

No. of Data Rows : 801
fcross              =  4.58594e+05
pmarg               =  1.11915e+02
tdc                 =  6.78202e+01
mode=10db  rload=10k  rsrc=2.5k  pos=1  C=47p
fcross = 4.585944e+05
pmarg = 1.119147e+02
tdc = 6.782015e+01
Doing analysis at TEMP = 27.000000 and TNOM = 27.000000

Using SPARSE 1.3 as Direct Linear Solver

No. of Data Rows : 801
fcross              =  4.58918e+05
pmarg               =  1.11802e+02
tdc                 =  6.78202e+01
mode=10db  rload=10k  rsrc=2.5k  pos=1  C=100p
fcross = 4.589181e+05
pmarg = 1.118024e+02
tdc = 6.782016e+01
Doing analysis at TEMP = 27.000000 and TNOM = 27.000000

Using SPARSE 1.3 as Direct Linear Solver

No. of Data Rows : 801
fcross              =  4.59546e+05
pmarg               =  1.11547e+02
tdc                 =  6.78202e+01
mode=10db  rload=10k  rsrc=2.5k  pos=1  C=220p
fcross = 4.595460e+05
pmarg = 1.115473e+02
tdc = 6.782016e+01
Doing analysis at TEMP = 27.000000 and TNOM = 27.000000

Using SPARSE 1.3 as Direct Linear Solver

No. of Data Rows : 801
fcross              =  4.60374e+05
pmarg               =  1.11015e+02
tdc                 =  6.78202e+01
mode=10db  rload=10k  rsrc=2.5k  pos=1  C=470p
fcross = 4.603739e+05
pmarg = 1.110151e+02
tdc = 6.782017e+01
Doing analysis at TEMP = 27.000000 and TNOM = 27.000000

Using SPARSE 1.3 as Direct Linear Solver

No. of Data Rows : 801
fcross              =  4.59953e+05
pmarg               =  1.09911e+02
tdc                 =  6.78202e+01
mode=10db  rload=10k  rsrc=2.5k  pos=1  C=1n
fcross = 4.599527e+05
pmarg = 1.099113e+02
tdc = 6.782020e+01
Doing analysis at TEMP = 27.000000 and TNOM = 27.000000

Using SPARSE 1.3 as Direct Linear Solver

No. of Data Rows : 801
fcross              =  4.57011e+05
pmarg               =  1.08945e+02
tdc                 =  6.78202e+01
mode=10db  rload=10k  rsrc=2.5k  pos=1  C=1.5n
fcross = 4.570114e+05
pmarg = 1.089445e+02
tdc = 6.782022e+01
Doing analysis at TEMP = 27.000000 and TNOM = 27.000000

Using SPARSE 1.3 as Direct Linear Solver

No. of Data Rows : 801
fcross              =  4.49818e+05
pmarg               =  1.07765e+02
tdc                 =  6.78203e+01
mode=10db  rload=10k  rsrc=2.5k  pos=1  C=2.2n
fcross = 4.498181e+05
pmarg = 1.077651e+02
tdc = 6.782026e+01
Doing analysis at TEMP = 27.000000 and TNOM = 27.000000

Using SPARSE 1.3 as Direct Linear Solver

No. of Data Rows : 801
fcross              =  4.43233e+05
pmarg               =  1.07064e+02
tdc                 =  6.78203e+01
mode=10db  rload=10k  rsrc=2.5k  pos=1  C=2.7n
fcross = 4.432330e+05
pmarg = 1.070643e+02
tdc = 6.782028e+01
Doing analysis at TEMP = 27.000000 and TNOM = 27.000000

Using SPARSE 1.3 as Direct Linear Solver

No. of Data Rows : 801
fcross              =  4.34592e+05
pmarg               =  1.06369e+02
tdc                 =  6.78203e+01
mode=10db  rload=10k  rsrc=2.5k  pos=1  C=3.3n
fcross = 4.345922e+05
pmarg = 1.063695e+02
tdc = 6.782031e+01
Doing analysis at TEMP = 27.000000 and TNOM = 27.000000

Using SPARSE 1.3 as Direct Linear Solver

No. of Data Rows : 801
fcross              =  4.14428e+05
pmarg               =  1.05243e+02
tdc                 =  6.78204e+01
mode=10db  rload=10k  rsrc=2.5k  pos=1  C=4.7n
fcross = 4.144281e+05
pmarg = 1.052431e+02
tdc = 6.782037e+01
Doing analysis at TEMP = 27.000000 and TNOM = 27.000000

Using SPARSE 1.3 as Direct Linear Solver

No. of Data Rows : 801
fcross              =  4.58284e+05
pmarg               =  1.12014e+02
tdc                 =  6.78202e+01
mode=10db  rload=10k  rsrc=2.5k  pos=2  C=1f
fcross = 4.582840e+05
pmarg = 1.120140e+02
tdc = 6.782015e+01
Doing analysis at TEMP = 27.000000 and TNOM = 27.000000

Using SPARSE 1.3 as Direct Linear Solver
 Reference value :  1.14815e+02
No. of Data Rows : 801
fcross              =  4.58608e+05
pmarg               =  1.11914e+02
tdc                 =  6.78202e+01
mode=10db  rload=10k  rsrc=2.5k  pos=2  C=47p
fcross = 4.586076e+05
pmarg = 1.119137e+02
tdc = 6.782015e+01
Doing analysis at TEMP = 27.000000 and TNOM = 27.000000

Using SPARSE 1.3 as Direct Linear Solver

No. of Data Rows : 801
fcross              =  4.58970e+05
pmarg               =  1.11800e+02
tdc                 =  6.78202e+01
mode=10db  rload=10k  rsrc=2.5k  pos=2  C=100p
fcross = 4.589704e+05
pmarg = 1.118005e+02
tdc = 6.782015e+01
Doing analysis at TEMP = 27.000000 and TNOM = 27.000000

Using SPARSE 1.3 as Direct Linear Solver

No. of Data Rows : 801
fcross              =  4.59784e+05
pmarg               =  1.11543e+02
tdc                 =  6.78202e+01
mode=10db  rload=10k  rsrc=2.5k  pos=2  C=220p
fcross = 4.597839e+05
pmarg = 1.115431e+02
tdc = 6.782015e+01
Doing analysis at TEMP = 27.000000 and TNOM = 27.000000

Using SPARSE 1.3 as Direct Linear Solver

No. of Data Rows : 801
fcross              =  4.61441e+05
pmarg               =  1.11003e+02
tdc                 =  6.78201e+01
mode=10db  rload=10k  rsrc=2.5k  pos=2  C=470p
fcross = 4.614411e+05
pmarg = 1.110029e+02
tdc = 6.782015e+01
Doing analysis at TEMP = 27.000000 and TNOM = 27.000000

Using SPARSE 1.3 as Direct Linear Solver

No. of Data Rows : 801
fcross              =  4.64773e+05
pmarg               =  1.09841e+02
tdc                 =  6.78201e+01
mode=10db  rload=10k  rsrc=2.5k  pos=2  C=1n
fcross = 4.647728e+05
pmarg = 1.098408e+02
tdc = 6.782014e+01
Doing analysis at TEMP = 27.000000 and TNOM = 27.000000

Using SPARSE 1.3 as Direct Linear Solver

No. of Data Rows : 801
fcross              =  4.67664e+05
pmarg               =  1.08726e+02
tdc                 =  6.78201e+01
mode=10db  rload=10k  rsrc=2.5k  pos=2  C=1.5n
fcross = 4.676639e+05
pmarg = 1.087255e+02
tdc = 6.782014e+01
Doing analysis at TEMP = 27.000000 and TNOM = 27.000000

Using SPARSE 1.3 as Direct Linear Solver

No. of Data Rows : 801
fcross              =  4.71366e+05
pmarg               =  1.07131e+02
tdc                 =  6.78201e+01
mode=10db  rload=10k  rsrc=2.5k  pos=2  C=2.2n
fcross = 4.713657e+05
pmarg = 1.071309e+02
tdc = 6.782013e+01
Doing analysis at TEMP = 27.000000 and TNOM = 27.000000

Using SPARSE 1.3 as Direct Linear Solver

No. of Data Rows : 801
fcross              =  4.73633e+05
pmarg               =  1.05978e+02
tdc                 =  6.78201e+01
mode=10db  rload=10k  rsrc=2.5k  pos=2  C=2.7n
fcross = 4.736328e+05
pmarg = 1.059776e+02
tdc = 6.782013e+01
Doing analysis at TEMP = 27.000000 and TNOM = 27.000000

Using SPARSE 1.3 as Direct Linear Solver

No. of Data Rows : 801
fcross              =  4.75895e+05
pmarg               =  1.04584e+02
tdc                 =  6.78201e+01
mode=10db  rload=10k  rsrc=2.5k  pos=2  C=3.3n
fcross = 4.758952e+05
pmarg = 1.045839e+02
tdc = 6.782013e+01
Doing analysis at TEMP = 27.000000 and TNOM = 27.000000

Using SPARSE 1.3 as Direct Linear Solver

No. of Data Rows : 801
fcross              =  4.79050e+05
pmarg               =  1.01327e+02
tdc                 =  6.78201e+01
mode=10db  rload=10k  rsrc=2.5k  pos=2  C=4.7n
fcross = 4.790500e+05
pmarg = 1.013271e+02
tdc = 6.782011e+01
Doing analysis at TEMP = 27.000000 and TNOM = 27.000000

Using SPARSE 1.3 as Direct Linear Solver

No. of Data Rows : 801
fcross              =  4.58280e+05
pmarg               =  1.12004e+02
tdc                 =  6.78202e+01
mode=10db  rload=10k  rsrc=2.571k  pos=1  C=1f
fcross = 4.582802e+05
pmarg = 1.120038e+02
tdc = 6.782015e+01
Doing analysis at TEMP = 27.000000 and TNOM = 27.000000

Using SPARSE 1.3 as Direct Linear Solver

No. of Data Rows : 801
fcross              =  4.58591e+05
pmarg               =  1.11904e+02
tdc                 =  6.78202e+01
mode=10db  rload=10k  rsrc=2.571k  pos=1  C=47p
fcross = 4.585906e+05
pmarg = 1.119045e+02
tdc = 6.782015e+01
Doing analysis at TEMP = 27.000000 and TNOM = 27.000000

Using SPARSE 1.3 as Direct Linear Solver

No. of Data Rows : 801
fcross              =  4.58914e+05
pmarg               =  1.11792e+02
tdc                 =  6.78202e+01
mode=10db  rload=10k  rsrc=2.571k  pos=1  C=100p
fcross = 4.589143e+05
pmarg = 1.117922e+02
tdc = 6.782016e+01
Doing analysis at TEMP = 27.000000 and TNOM = 27.000000

Using SPARSE 1.3 as Direct Linear Solver

No. of Data Rows : 801
fcross              =  4.59542e+05
pmarg               =  1.11537e+02
tdc                 =  6.78202e+01
mode=10db  rload=10k  rsrc=2.571k  pos=1  C=220p
fcross = 4.595421e+05
pmarg = 1.115371e+02
tdc = 6.782016e+01
Doing analysis at TEMP = 27.000000 and TNOM = 27.000000

Using SPARSE 1.3 as Direct Linear Solver

No. of Data Rows : 801
fcross              =  4.60370e+05
pmarg               =  1.11005e+02
tdc                 =  6.78202e+01
mode=10db  rload=10k  rsrc=2.571k  pos=1  C=470p
fcross = 4.603701e+05
pmarg = 1.110049e+02
tdc = 6.782017e+01
Doing analysis at TEMP = 27.000000 and TNOM = 27.000000

Using SPARSE 1.3 as Direct Linear Solver

No. of Data Rows : 801
fcross              =  4.59949e+05
pmarg               =  1.09901e+02
tdc                 =  6.78202e+01
mode=10db  rload=10k  rsrc=2.571k  pos=1  C=1n
fcross = 4.599488e+05
pmarg = 1.099011e+02
tdc = 6.782020e+01
Doing analysis at TEMP = 27.000000 and TNOM = 27.000000

Using SPARSE 1.3 as Direct Linear Solver

No. of Data Rows : 801
fcross              =  4.57008e+05
pmarg               =  1.08934e+02
tdc                 =  6.78202e+01
mode=10db  rload=10k  rsrc=2.571k  pos=1  C=1.5n
fcross = 4.570078e+05
pmarg = 1.089344e+02
tdc = 6.782022e+01
Doing analysis at TEMP = 27.000000 and TNOM = 27.000000

Using SPARSE 1.3 as Direct Linear Solver

No. of Data Rows : 801
fcross              =  4.49815e+05
pmarg               =  1.07755e+02
tdc                 =  6.78203e+01
mode=10db  rload=10k  rsrc=2.571k  pos=1  C=2.2n
fcross = 4.498147e+05
pmarg = 1.077551e+02
tdc = 6.782026e+01
Doing analysis at TEMP = 27.000000 and TNOM = 27.000000

Using SPARSE 1.3 as Direct Linear Solver

No. of Data Rows : 801
fcross              =  4.43230e+05
pmarg               =  1.07054e+02
tdc                 =  6.78203e+01
mode=10db  rload=10k  rsrc=2.571k  pos=1  C=2.7n
fcross = 4.432299e+05
pmarg = 1.070544e+02
tdc = 6.782028e+01
Doing analysis at TEMP = 27.000000 and TNOM = 27.000000

Using SPARSE 1.3 as Direct Linear Solver

No. of Data Rows : 801
fcross              =  4.34589e+05
pmarg               =  1.06360e+02
tdc                 =  6.78203e+01
mode=10db  rload=10k  rsrc=2.571k  pos=1  C=3.3n
fcross = 4.345893e+05
pmarg = 1.063598e+02
tdc = 6.782031e+01
Doing analysis at TEMP = 27.000000 and TNOM = 27.000000

Using SPARSE 1.3 as Direct Linear Solver

No. of Data Rows : 801
fcross              =  4.14426e+05
pmarg               =  1.05234e+02
tdc                 =  6.78204e+01
mode=10db  rload=10k  rsrc=2.571k  pos=1  C=4.7n
fcross = 4.144258e+05
pmarg = 1.052339e+02
tdc = 6.782037e+01
Doing analysis at TEMP = 27.000000 and TNOM = 27.000000

Using SPARSE 1.3 as Direct Linear Solver

No. of Data Rows : 801
fcross              =  4.58280e+05
pmarg               =  1.12004e+02
tdc                 =  6.78202e+01
mode=10db  rload=10k  rsrc=2.571k  pos=2  C=1f
fcross = 4.582802e+05
pmarg = 1.120038e+02
tdc = 6.782015e+01
Doing analysis at TEMP = 27.000000 and TNOM = 27.000000

Using SPARSE 1.3 as Direct Linear Solver

No. of Data Rows : 801
fcross              =  4.58604e+05
pmarg               =  1.11904e+02
tdc                 =  6.78202e+01
mode=10db  rload=10k  rsrc=2.571k  pos=2  C=47p
fcross = 4.586037e+05
pmarg = 1.119035e+02
tdc = 6.782015e+01
Doing analysis at TEMP = 27.000000 and TNOM = 27.000000

Using SPARSE 1.3 as Direct Linear Solver

No. of Data Rows : 801
fcross              =  4.58967e+05
pmarg               =  1.11790e+02
tdc                 =  6.78202e+01
mode=10db  rload=10k  rsrc=2.571k  pos=2  C=100p
fcross = 4.589666e+05
pmarg = 1.117902e+02
tdc = 6.782015e+01
Doing analysis at TEMP = 27.000000 and TNOM = 27.000000

Using SPARSE 1.3 as Direct Linear Solver

No. of Data Rows : 801
fcross              =  4.59780e+05
pmarg               =  1.11533e+02
tdc                 =  6.78202e+01
mode=10db  rload=10k  rsrc=2.571k  pos=2  C=220p
fcross = 4.597800e+05
pmarg = 1.115328e+02
tdc = 6.782015e+01
Doing analysis at TEMP = 27.000000 and TNOM = 27.000000

Using SPARSE 1.3 as Direct Linear Solver

No. of Data Rows : 801
fcross              =  4.61437e+05
pmarg               =  1.10993e+02
tdc                 =  6.78201e+01
mode=10db  rload=10k  rsrc=2.571k  pos=2  C=470p
fcross = 4.614372e+05
pmarg = 1.109926e+02
tdc = 6.782015e+01
Doing analysis at TEMP = 27.000000 and TNOM = 27.000000

Using SPARSE 1.3 as Direct Linear Solver

No. of Data Rows : 801
fcross              =  4.64769e+05
pmarg               =  1.09830e+02
tdc                 =  6.78201e+01
mode=10db  rload=10k  rsrc=2.571k  pos=2  C=1n
fcross = 4.647687e+05
pmarg = 1.098305e+02
tdc = 6.782014e+01
Doing analysis at TEMP = 27.000000 and TNOM = 27.000000

Using SPARSE 1.3 as Direct Linear Solver

No. of Data Rows : 801
fcross              =  4.67660e+05
pmarg               =  1.08715e+02
tdc                 =  6.78201e+01
mode=10db  rload=10k  rsrc=2.571k  pos=2  C=1.5n
fcross = 4.676598e+05
pmarg = 1.087152e+02
tdc = 6.782014e+01
Doing analysis at TEMP = 27.000000 and TNOM = 27.000000

Using SPARSE 1.3 as Direct Linear Solver

No. of Data Rows : 801
fcross              =  4.71361e+05
pmarg               =  1.07120e+02
tdc                 =  6.78201e+01
mode=10db  rload=10k  rsrc=2.571k  pos=2  C=2.2n
fcross = 4.713613e+05
pmarg = 1.071205e+02
tdc = 6.782013e+01
Doing analysis at TEMP = 27.000000 and TNOM = 27.000000

Using SPARSE 1.3 as Direct Linear Solver

No. of Data Rows : 801
fcross              =  4.73628e+05
pmarg               =  1.05967e+02
tdc                 =  6.78201e+01
mode=10db  rload=10k  rsrc=2.571k  pos=2  C=2.7n
fcross = 4.736284e+05
pmarg = 1.059671e+02
tdc = 6.782013e+01
Doing analysis at TEMP = 27.000000 and TNOM = 27.000000

Using SPARSE 1.3 as Direct Linear Solver

No. of Data Rows : 801
fcross              =  4.75891e+05
pmarg               =  1.04573e+02
tdc                 =  6.78201e+01
mode=10db  rload=10k  rsrc=2.571k  pos=2  C=3.3n
fcross = 4.758907e+05
pmarg = 1.045734e+02
tdc = 6.782013e+01
Doing analysis at TEMP = 27.000000 and TNOM = 27.000000

Using SPARSE 1.3 as Direct Linear Solver

No. of Data Rows : 801
fcross              =  4.79045e+05
pmarg               =  1.01317e+02
tdc                 =  6.78201e+01
mode=10db  rload=10k  rsrc=2.571k  pos=2  C=4.7n
fcross = 4.790452e+05
pmarg = 1.013165e+02
tdc = 6.782011e+01
Doing analysis at TEMP = 27.000000 and TNOM = 27.000000

Using SPARSE 1.3 as Direct Linear Solver

No. of Data Rows : 801
fcross              =  4.58278e+05
pmarg               =  1.11998e+02
tdc                 =  6.78202e+01
mode=10db  rload=10k  rsrc=2.611k  pos=1  C=1f
fcross = 4.582780e+05
pmarg = 1.119980e+02
tdc = 6.782015e+01
Doing analysis at TEMP = 27.000000 and TNOM = 27.000000

Using SPARSE 1.3 as Direct Linear Solver

No. of Data Rows : 801
fcross              =  4.58588e+05
pmarg               =  1.11899e+02
tdc                 =  6.78202e+01
mode=10db  rload=10k  rsrc=2.611k  pos=1  C=47p
fcross = 4.585884e+05
pmarg = 1.118987e+02
tdc = 6.782015e+01
Doing analysis at TEMP = 27.000000 and TNOM = 27.000000

Using SPARSE 1.3 as Direct Linear Solver

No. of Data Rows : 801
fcross              =  4.58912e+05
pmarg               =  1.11786e+02
tdc                 =  6.78202e+01
mode=10db  rload=10k  rsrc=2.611k  pos=1  C=100p
fcross = 4.589120e+05
pmarg = 1.117864e+02
tdc = 6.782016e+01
Doing analysis at TEMP = 27.000000 and TNOM = 27.000000

Using SPARSE 1.3 as Direct Linear Solver

No. of Data Rows : 801
fcross              =  4.59540e+05
pmarg               =  1.11531e+02
tdc                 =  6.78202e+01
mode=10db  rload=10k  rsrc=2.611k  pos=1  C=220p
fcross = 4.595399e+05
pmarg = 1.115313e+02
tdc = 6.782016e+01
Doing analysis at TEMP = 27.000000 and TNOM = 27.000000

Using SPARSE 1.3 as Direct Linear Solver

No. of Data Rows : 801
fcross              =  4.60368e+05
pmarg               =  1.10999e+02
tdc                 =  6.78202e+01
mode=10db  rload=10k  rsrc=2.611k  pos=1  C=470p
fcross = 4.603678e+05
pmarg = 1.109991e+02
tdc = 6.782017e+01
Doing analysis at TEMP = 27.000000 and TNOM = 27.000000

Using SPARSE 1.3 as Direct Linear Solver

No. of Data Rows : 801
fcross              =  4.59947e+05
pmarg               =  1.09895e+02
tdc                 =  6.78202e+01
mode=10db  rload=10k  rsrc=2.611k  pos=1  C=1n
fcross = 4.599466e+05
pmarg = 1.098953e+02
tdc = 6.782020e+01
Doing analysis at TEMP = 27.000000 and TNOM = 27.000000

Using SPARSE 1.3 as Direct Linear Solver

No. of Data Rows : 801
fcross              =  4.57006e+05
pmarg               =  1.08929e+02
tdc                 =  6.78202e+01
mode=10db  rload=10k  rsrc=2.611k  pos=1  C=1.5n
fcross = 4.570057e+05
pmarg = 1.089286e+02
tdc = 6.782022e+01
Doing analysis at TEMP = 27.000000 and TNOM = 27.000000

Using SPARSE 1.3 as Direct Linear Solver

No. of Data Rows : 801
fcross              =  4.49813e+05
pmarg               =  1.07749e+02
tdc                 =  6.78203e+01
mode=10db  rload=10k  rsrc=2.611k  pos=1  C=2.2n
fcross = 4.498127e+05
pmarg = 1.077495e+02
tdc = 6.782026e+01
Doing analysis at TEMP = 27.000000 and TNOM = 27.000000

Using SPARSE 1.3 as Direct Linear Solver

No. of Data Rows : 801
fcross              =  4.43228e+05
pmarg               =  1.07049e+02
tdc                 =  6.78203e+01
mode=10db  rload=10k  rsrc=2.611k  pos=1  C=2.7n
fcross = 4.432281e+05
pmarg = 1.070489e+02
tdc = 6.782028e+01
Doing analysis at TEMP = 27.000000 and TNOM = 27.000000

Using SPARSE 1.3 as Direct Linear Solver

No. of Data Rows : 801
fcross              =  4.34588e+05
pmarg               =  1.06354e+02
tdc                 =  6.78203e+01
mode=10db  rload=10k  rsrc=2.611k  pos=1  C=3.3n
fcross = 4.345877e+05
pmarg = 1.063544e+02
tdc = 6.782031e+01
Doing analysis at TEMP = 27.000000 and TNOM = 27.000000

Using SPARSE 1.3 as Direct Linear Solver

No. of Data Rows : 801
fcross              =  4.14424e+05
pmarg               =  1.05229e+02
tdc                 =  6.78204e+01
mode=10db  rload=10k  rsrc=2.611k  pos=1  C=4.7n
fcross = 4.144244e+05
pmarg = 1.052287e+02
tdc = 6.782037e+01
Doing analysis at TEMP = 27.000000 and TNOM = 27.000000

Using SPARSE 1.3 as Direct Linear Solver

No. of Data Rows : 801
fcross              =  4.58278e+05
pmarg               =  1.11998e+02
tdc                 =  6.78202e+01
mode=10db  rload=10k  rsrc=2.611k  pos=2  C=1f
fcross = 4.582780e+05
pmarg = 1.119980e+02
tdc = 6.782015e+01
Doing analysis at TEMP = 27.000000 and TNOM = 27.000000

Using SPARSE 1.3 as Direct Linear Solver

No. of Data Rows : 801
fcross              =  4.58602e+05
pmarg               =  1.11898e+02
tdc                 =  6.78202e+01
mode=10db  rload=10k  rsrc=2.611k  pos=2  C=47p
fcross = 4.586015e+05
pmarg = 1.118978e+02
tdc = 6.782015e+01
Doing analysis at TEMP = 27.000000 and TNOM = 27.000000

Using SPARSE 1.3 as Direct Linear Solver

No. of Data Rows : 801
fcross              =  4.58964e+05
pmarg               =  1.11784e+02
tdc                 =  6.78202e+01
mode=10db  rload=10k  rsrc=2.611k  pos=2  C=100p
fcross = 4.589644e+05
pmarg = 1.117845e+02
tdc = 6.782015e+01
Doing analysis at TEMP = 27.000000 and TNOM = 27.000000

Using SPARSE 1.3 as Direct Linear Solver

No. of Data Rows : 801
fcross              =  4.59778e+05
pmarg               =  1.11527e+02
tdc                 =  6.78202e+01
mode=10db  rload=10k  rsrc=2.611k  pos=2  C=220p
fcross = 4.597778e+05
pmarg = 1.115271e+02
tdc = 6.782015e+01
Doing analysis at TEMP = 27.000000 and TNOM = 27.000000

Using SPARSE 1.3 as Direct Linear Solver

No. of Data Rows : 801
fcross              =  4.61435e+05
pmarg               =  1.10987e+02
tdc                 =  6.78201e+01
mode=10db  rload=10k  rsrc=2.611k  pos=2  C=470p
fcross = 4.614350e+05
pmarg = 1.109868e+02
tdc = 6.782015e+01
Doing analysis at TEMP = 27.000000 and TNOM = 27.000000

Using SPARSE 1.3 as Direct Linear Solver

No. of Data Rows : 801
fcross              =  4.64766e+05
pmarg               =  1.09825e+02
tdc                 =  6.78201e+01
mode=10db  rload=10k  rsrc=2.611k  pos=2  C=1n
fcross = 4.647664e+05
pmarg = 1.098247e+02
tdc = 6.782014e+01
Doing analysis at TEMP = 27.000000 and TNOM = 27.000000

Using SPARSE 1.3 as Direct Linear Solver

No. of Data Rows : 801
fcross              =  4.67657e+05
pmarg               =  1.08709e+02
tdc                 =  6.78201e+01
mode=10db  rload=10k  rsrc=2.611k  pos=2  C=1.5n
fcross = 4.676574e+05
pmarg = 1.087093e+02
tdc = 6.782014e+01
Doing analysis at TEMP = 27.000000 and TNOM = 27.000000

Using SPARSE 1.3 as Direct Linear Solver

No. of Data Rows : 801
fcross              =  4.71359e+05
pmarg               =  1.07115e+02
tdc                 =  6.78201e+01
mode=10db  rload=10k  rsrc=2.611k  pos=2  C=2.2n
fcross = 4.713587e+05
pmarg = 1.071146e+02
tdc = 6.782013e+01
Doing analysis at TEMP = 27.000000 and TNOM = 27.000000

Using SPARSE 1.3 as Direct Linear Solver

No. of Data Rows : 801
fcross              =  4.73626e+05
pmarg               =  1.05961e+02
tdc                 =  6.78201e+01
mode=10db  rload=10k  rsrc=2.611k  pos=2  C=2.7n
fcross = 4.736258e+05
pmarg = 1.059612e+02
tdc = 6.782013e+01
Doing analysis at TEMP = 27.000000 and TNOM = 27.000000

Using SPARSE 1.3 as Direct Linear Solver

No. of Data Rows : 801
fcross              =  4.75888e+05
pmarg               =  1.04567e+02
tdc                 =  6.78201e+01
mode=10db  rload=10k  rsrc=2.611k  pos=2  C=3.3n
fcross = 4.758881e+05
pmarg = 1.045674e+02
tdc = 6.782013e+01
Doing analysis at TEMP = 27.000000 and TNOM = 27.000000

Using SPARSE 1.3 as Direct Linear Solver

No. of Data Rows : 801
fcross              =  4.79042e+05
pmarg               =  1.01311e+02
tdc                 =  6.78201e+01
mode=10db  rload=10k  rsrc=2.611k  pos=2  C=4.7n
fcross = 4.790424e+05
pmarg = 1.013106e+02
tdc = 6.782011e+01
Note: Simulation executed from .control section 
