warning, model type mismatch in line
    q121a nmiri nmiri nme1 ls350
warning, model type mismatch in line
    q121b nhi nmiri nme2 ls350

Note: No compatibility mode selected!


Circuit: tb_loop__g15_cf100p_cm470p_r1.33k.cir - l40 esplorazione da tb_loop.cir, rg0l40 fb 0 7.87k; alter r138 = 6.49k; alter c137 = 100p; alter c124 = 470p; alter r128 = 1.33k

Warning: Model issue on line 122 :
  .model lsk489a njf(beta=2.2m betatce=-.5 rd=11 rs=30 lambda=4.3m vto=-1. ...
unrecognized parameter (isr) - ignored
unrecognized parameter (alpha) - ignored
unrecognized parameter (vk) - ignored
unrecognized parameter (mj) - ignored

 Resistor: Simple linear resistor
     device                  r138
      model                     R
 resistance                  6490

 Capacitor: Fixed capacitor
     device                  c137
      model                     C
capacitance                 1e-10

 Capacitor: Fixed capacitor
     device                  c124
      model                     C
capacitance               4.7e-10

 Resistor: Simple linear resistor
     device                  r128
      model                     R
 resistance                  1330

 Resistor: Simple linear resistor
     device                rg0l40
      model                     R
 resistance                  7870

Doing analysis at TEMP = 27.000000 and TNOM = 27.000000

Using SPARSE 1.3 as Direct Linear Solver

No. of Data Rows : 801
fcross              =  7.59137e+05
pmarg               =  6.95466e+01
tdc                 =  8.05508e+01
mode=0db  rload=100k  rsrc=1m  pos=1  C=1f
fcross = 7.591367e+05
pmarg = 6.954659e+01
tdc = 8.055076e+01
Doing analysis at TEMP = 27.000000 and TNOM = 27.000000

Using SPARSE 1.3 as Direct Linear Solver

No. of Data Rows : 801
fcross              =  7.60484e+05
pmarg               =  6.93282e+01
tdc                 =  8.05508e+01
mode=0db  rload=100k  rsrc=1m  pos=1  C=47p
fcross = 7.604844e+05
pmarg = 6.932815e+01
tdc = 8.055076e+01
Doing analysis at TEMP = 27.000000 and TNOM = 27.000000

Using SPARSE 1.3 as Direct Linear Solver

No. of Data Rows : 801
fcross              =  7.61944e+05
pmarg               =  6.90789e+01
tdc                 =  8.05508e+01
mode=0db  rload=100k  rsrc=1m  pos=1  C=100p
fcross = 7.619438e+05
pmarg = 6.907894e+01
tdc = 8.055076e+01
Doing analysis at TEMP = 27.000000 and TNOM = 27.000000

Using SPARSE 1.3 as Direct Linear Solver

No. of Data Rows : 801
fcross              =  7.64992e+05
pmarg               =  6.85051e+01
tdc                 =  8.05508e+01
mode=0db  rload=100k  rsrc=1m  pos=1  C=220p
fcross = 7.649922e+05
pmarg = 6.850513e+01
tdc = 8.055076e+01
Doing analysis at TEMP = 27.000000 and TNOM = 27.000000

Using SPARSE 1.3 as Direct Linear Solver

No. of Data Rows : 801
fcross              =  7.70058e+05
pmarg               =  6.72837e+01
tdc                 =  8.05508e+01
mode=0db  rload=100k  rsrc=1m  pos=1  C=470p
fcross = 7.700584e+05
pmarg = 6.728367e+01
tdc = 8.055075e+01
Doing analysis at TEMP = 27.000000 and TNOM = 27.000000

Using SPARSE 1.3 as Direct Linear Solver

No. of Data Rows : 801
fcross              =  7.74233e+05
pmarg               =  6.47524e+01
tdc                 =  8.05508e+01
mode=0db  rload=100k  rsrc=1m  pos=1  C=1n
fcross = 7.742332e+05
pmarg = 6.475240e+01
tdc = 8.055075e+01
Doing analysis at TEMP = 27.000000 and TNOM = 27.000000

Using SPARSE 1.3 as Direct Linear Solver

No. of Data Rows : 801
fcross              =  7.70234e+05
pmarg               =  6.27103e+01
tdc                 =  8.05507e+01
mode=0db  rload=100k  rsrc=1m  pos=1  C=1.5n
fcross = 7.702339e+05
pmarg = 6.271034e+01
tdc = 8.055075e+01
Doing analysis at TEMP = 27.000000 and TNOM = 27.000000

Using SPARSE 1.3 as Direct Linear Solver

No. of Data Rows : 801
fcross              =  7.55978e+05
pmarg               =  6.06899e+01
tdc                 =  8.05507e+01
mode=0db  rload=100k  rsrc=1m  pos=1  C=2.2n
fcross = 7.559777e+05
pmarg = 6.068990e+01
tdc = 8.055075e+01
Doing analysis at TEMP = 27.000000 and TNOM = 27.000000

Using SPARSE 1.3 as Direct Linear Solver

No. of Data Rows : 801
fcross              =  7.43204e+05
pmarg               =  5.97969e+01
tdc                 =  8.05507e+01
mode=0db  rload=100k  rsrc=1m  pos=1  C=2.7n
fcross = 7.432039e+05
pmarg = 5.979693e+01
tdc = 8.055074e+01
Doing analysis at TEMP = 27.000000 and TNOM = 27.000000

Using SPARSE 1.3 as Direct Linear Solver

No. of Data Rows : 801
fcross              =  7.27686e+05
pmarg               =  5.91739e+01
tdc                 =  8.05507e+01
mode=0db  rload=100k  rsrc=1m  pos=1  C=3.3n
fcross = 7.276862e+05
pmarg = 5.917391e+01
tdc = 8.055074e+01
Doing analysis at TEMP = 27.000000 and TNOM = 27.000000

Using SPARSE 1.3 as Direct Linear Solver

No. of Data Rows : 801
fcross              =  6.96229e+05
pmarg               =  5.88389e+01
tdc                 =  8.05507e+01
mode=0db  rload=100k  rsrc=1m  pos=1  C=4.7n
fcross = 6.962288e+05
pmarg = 5.883886e+01
tdc = 8.055073e+01
Doing analysis at TEMP = 27.000000 and TNOM = 27.000000

Using SPARSE 1.3 as Direct Linear Solver

No. of Data Rows : 801
fcross              =  7.59137e+05
pmarg               =  6.95466e+01
tdc                 =  8.05508e+01
mode=0db  rload=100k  rsrc=1m  pos=2  C=1f
fcross = 7.591367e+05
pmarg = 6.954659e+01
tdc = 8.055076e+01
Doing analysis at TEMP = 27.000000 and TNOM = 27.000000

Using SPARSE 1.3 as Direct Linear Solver

No. of Data Rows : 801
fcross              =  7.60513e+05
pmarg               =  6.93283e+01
tdc                 =  8.05508e+01
mode=0db  rload=100k  rsrc=1m  pos=2  C=47p
fcross = 7.605128e+05
pmarg = 6.932834e+01
tdc = 8.055076e+01
Doing analysis at TEMP = 27.000000 and TNOM = 27.000000

Using SPARSE 1.3 as Direct Linear Solver

No. of Data Rows : 801
fcross              =  7.62070e+05
pmarg               =  6.90803e+01
tdc                 =  8.05508e+01
mode=0db  rload=100k  rsrc=1m  pos=2  C=100p
fcross = 7.620699e+05
pmarg = 6.908029e+01
tdc = 8.055075e+01
Doing analysis at TEMP = 27.000000 and TNOM = 27.000000

Using SPARSE 1.3 as Direct Linear Solver

No. of Data Rows : 801
fcross              =  7.65616e+05
pmarg               =  6.85111e+01
tdc                 =  8.05508e+01
mode=0db  rload=100k  rsrc=1m  pos=2  C=220p
fcross = 7.656156e+05
pmarg = 6.851107e+01
tdc = 8.055075e+01
Doing analysis at TEMP = 27.000000 and TNOM = 27.000000

Using SPARSE 1.3 as Direct Linear Solver

No. of Data Rows : 801
fcross              =  7.73086e+05
pmarg               =  6.72905e+01
tdc                 =  8.05507e+01
mode=0db  rload=100k  rsrc=1m  pos=2  C=470p
fcross = 7.730857e+05
pmarg = 6.729048e+01
tdc = 8.055075e+01
Doing analysis at TEMP = 27.000000 and TNOM = 27.000000

Using SPARSE 1.3 as Direct Linear Solver

No. of Data Rows : 801
fcross              =  7.89607e+05
pmarg               =  6.45298e+01
tdc                 =  8.05507e+01
mode=0db  rload=100k  rsrc=1m  pos=2  C=1n
fcross = 7.896071e+05
pmarg = 6.452977e+01
tdc = 8.055074e+01
Doing analysis at TEMP = 27.000000 and TNOM = 27.000000

Using SPARSE 1.3 as Direct Linear Solver

No. of Data Rows : 801
fcross              =  8.05902e+05
pmarg               =  6.16907e+01
tdc                 =  8.05507e+01
mode=0db  rload=100k  rsrc=1m  pos=2  C=1.5n
fcross = 8.059023e+05
pmarg = 6.169070e+01
tdc = 8.055073e+01
Doing analysis at TEMP = 27.000000 and TNOM = 27.000000

Using SPARSE 1.3 as Direct Linear Solver

No. of Data Rows : 801
fcross              =  8.29431e+05
pmarg               =  5.72982e+01
tdc                 =  8.05507e+01
mode=0db  rload=100k  rsrc=1m  pos=2  C=2.2n
fcross = 8.294307e+05
pmarg = 5.729820e+01
tdc = 8.055071e+01
Doing analysis at TEMP = 27.000000 and TNOM = 27.000000

Using SPARSE 1.3 as Direct Linear Solver

No. of Data Rows : 801
fcross              =  8.46312e+05
pmarg               =  5.38474e+01
tdc                 =  8.05507e+01
mode=0db  rload=100k  rsrc=1m  pos=2  C=2.7n
fcross = 8.463121e+05
pmarg = 5.384744e+01
tdc = 8.055070e+01
Doing analysis at TEMP = 27.000000 and TNOM = 27.000000

Using SPARSE 1.3 as Direct Linear Solver

No. of Data Rows : 801
fcross              =  8.65489e+05
pmarg               =  4.93962e+01
tdc                 =  8.05507e+01
mode=0db  rload=100k  rsrc=1m  pos=2  C=3.3n
fcross = 8.654890e+05
pmarg = 4.939621e+01
tdc = 8.055069e+01
Doing analysis at TEMP = 27.000000 and TNOM = 27.000000

Using SPARSE 1.3 as Direct Linear Solver

No. of Data Rows : 801
fcross              =  8.96274e+05
Note: Starting dynamic gmin stepping
Warning: Dynamic gmin stepping failed
Note: Starting true gmin stepping
Note: True gmin stepping completed
pmarg               =  3.84637e+01
tdc                 =  8.05507e+01
mode=0db  rload=100k  rsrc=1m  pos=2  C=4.7n
fcross = 8.962740e+05
pmarg = 3.846370e+01
tdc = 8.055066e+01
Doing analysis at TEMP = 27.000000 and TNOM = 27.000000

Using SPARSE 1.3 as Direct Linear Solver

No. of Data Rows : 801
fcross              =  7.59100e+05
Note: Starting dynamic gmin stepping
Warning: Dynamic gmin stepping failed
Note: Starting true gmin stepping
Note: True gmin stepping completed
pmarg               =  6.93080e+01
tdc                 =  8.05508e+01
mode=0db  rload=100k  rsrc=1k  pos=1  C=1f
fcross = 7.590998e+05
pmarg = 6.930799e+01
tdc = 8.055076e+01
Doing analysis at TEMP = 27.000000 and TNOM = 27.000000

Using SPARSE 1.3 as Direct Linear Solver

No. of Data Rows : 801
fcross              =  7.60447e+05
Note: Starting dynamic gmin stepping
Warning: Dynamic gmin stepping failed
Note: Starting true gmin stepping
Note: True gmin stepping completed
pmarg               =  6.90891e+01
tdc                 =  8.05508e+01
mode=0db  rload=100k  rsrc=1k  pos=1  C=47p
fcross = 7.604473e+05
pmarg = 6.908914e+01
tdc = 8.055076e+01
Doing analysis at TEMP = 27.000000 and TNOM = 27.000000

Using SPARSE 1.3 as Direct Linear Solver

No. of Data Rows : 801
fcross              =  7.61907e+05
Note: Starting dynamic gmin stepping
Warning: Dynamic gmin stepping failed
Note: Starting true gmin stepping
Note: True gmin stepping completed
pmarg               =  6.88395e+01
tdc                 =  8.05508e+01
mode=0db  rload=100k  rsrc=1k  pos=1  C=100p
fcross = 7.619065e+05
pmarg = 6.883948e+01
tdc = 8.055076e+01
Doing analysis at TEMP = 27.000000 and TNOM = 27.000000

Using SPARSE 1.3 as Direct Linear Solver

No. of Data Rows : 801
fcross              =  7.64954e+05
Note: Starting dynamic gmin stepping
Warning: Dynamic gmin stepping failed
Note: Starting true gmin stepping
Note: True gmin stepping completed
pmarg               =  6.82648e+01
tdc                 =  8.05508e+01
mode=0db  rload=100k  rsrc=1k  pos=1  C=220p
fcross = 7.649544e+05
pmarg = 6.826475e+01
tdc = 8.055075e+01
Doing analysis at TEMP = 27.000000 and TNOM = 27.000000

Using SPARSE 1.3 as Direct Linear Solver

No. of Data Rows : 801
fcross              =  7.70020e+05
Note: Starting dynamic gmin stepping
Warning: Dynamic gmin stepping failed
Note: Starting true gmin stepping
Note: True gmin stepping completed
pmarg               =  6.70418e+01
tdc                 =  8.05508e+01
mode=0db  rload=100k  rsrc=1k  pos=1  C=470p
fcross = 7.700199e+05
pmarg = 6.704178e+01
tdc = 8.055075e+01
Doing analysis at TEMP = 27.000000 and TNOM = 27.000000

Using SPARSE 1.3 as Direct Linear Solver

No. of Data Rows : 801
fcross              =  7.74195e+05
Note: Starting dynamic gmin stepping
Warning: Dynamic gmin stepping failed
Note: Starting true gmin stepping
Note: True gmin stepping completed
pmarg               =  6.45093e+01
tdc                 =  8.05508e+01
mode=0db  rload=100k  rsrc=1k  pos=1  C=1n
fcross = 7.741947e+05
pmarg = 6.450934e+01
tdc = 8.055075e+01
Doing analysis at TEMP = 27.000000 and TNOM = 27.000000

Using SPARSE 1.3 as Direct Linear Solver

No. of Data Rows : 801
fcross              =  7.70197e+05
Note: Starting dynamic gmin stepping
Warning: Dynamic gmin stepping failed
Note: Starting true gmin stepping
Note: True gmin stepping completed
pmarg               =  6.24686e+01
tdc                 =  8.05507e+01
mode=0db  rload=100k  rsrc=1k  pos=1  C=1.5n
fcross = 7.701970e+05
pmarg = 6.246862e+01
tdc = 8.055075e+01
Doing analysis at TEMP = 27.000000 and TNOM = 27.000000

Using SPARSE 1.3 as Direct Linear Solver

No. of Data Rows : 801
fcross              =  7.55945e+05
Note: Starting dynamic gmin stepping
Warning: Dynamic gmin stepping failed
Note: Starting true gmin stepping
Note: True gmin stepping completed
pmarg               =  6.04526e+01
tdc                 =  8.05507e+01
mode=0db  rload=100k  rsrc=1k  pos=1  C=2.2n
fcross = 7.559449e+05
pmarg = 6.045263e+01
tdc = 8.055075e+01
Doing analysis at TEMP = 27.000000 and TNOM = 27.000000

Using SPARSE 1.3 as Direct Linear Solver

No. of Data Rows : 801
fcross              =  7.43173e+05
Note: Starting dynamic gmin stepping
Warning: Dynamic gmin stepping failed
Note: Starting true gmin stepping
Note: True gmin stepping completed
pmarg               =  5.95636e+01
tdc                 =  8.05507e+01
mode=0db  rload=100k  rsrc=1k  pos=1  C=2.7n
fcross = 7.431734e+05
pmarg = 5.956364e+01
tdc = 8.055074e+01
Doing analysis at TEMP = 27.000000 and TNOM = 27.000000

Using SPARSE 1.3 as Direct Linear Solver

No. of Data Rows : 801
fcross              =  7.27659e+05
Note: Starting dynamic gmin stepping
Warning: Dynamic gmin stepping failed
Note: Starting true gmin stepping
Note: True gmin stepping completed
pmarg               =  5.89454e+01
tdc                 =  8.05507e+01
mode=0db  rload=100k  rsrc=1k  pos=1  C=3.3n
fcross = 7.276586e+05
pmarg = 5.894541e+01
tdc = 8.055074e+01
Doing analysis at TEMP = 27.000000 and TNOM = 27.000000

Using SPARSE 1.3 as Direct Linear Solver

No. of Data Rows : 801
fcross              =  6.96206e+05
Note: Starting dynamic gmin stepping
Warning: Dynamic gmin stepping failed
Note: Starting true gmin stepping
Note: True gmin stepping completed
pmarg               =  5.86201e+01
tdc                 =  8.05507e+01
mode=0db  rload=100k  rsrc=1k  pos=1  C=4.7n
fcross = 6.962057e+05
pmarg = 5.862010e+01
tdc = 8.055073e+01
Doing analysis at TEMP = 27.000000 and TNOM = 27.000000

Using SPARSE 1.3 as Direct Linear Solver

No. of Data Rows : 801
fcross              =  7.59100e+05
Note: Starting dynamic gmin stepping
Warning: Dynamic gmin stepping failed
Note: Starting true gmin stepping
Note: True gmin stepping completed
pmarg               =  6.93080e+01
tdc                 =  8.05508e+01
mode=0db  rload=100k  rsrc=1k  pos=2  C=1f
fcross = 7.590998e+05
pmarg = 6.930799e+01
tdc = 8.055076e+01
Doing analysis at TEMP = 27.000000 and TNOM = 27.000000

Using SPARSE 1.3 as Direct Linear Solver

No. of Data Rows : 801
fcross              =  7.60476e+05
Note: Starting dynamic gmin stepping
Warning: Dynamic gmin stepping failed
Note: Starting true gmin stepping
Note: True gmin stepping completed
pmarg               =  6.90893e+01
tdc                 =  8.05508e+01
mode=0db  rload=100k  rsrc=1k  pos=2  C=47p
fcross = 7.604757e+05
pmarg = 6.908932e+01
tdc = 8.055076e+01
Doing analysis at TEMP = 27.000000 and TNOM = 27.000000

Using SPARSE 1.3 as Direct Linear Solver

No. of Data Rows : 801
fcross              =  7.62033e+05
Note: Starting dynamic gmin stepping
Warning: Dynamic gmin stepping failed
Note: Starting true gmin stepping
Note: True gmin stepping completed
pmarg               =  6.88408e+01
tdc                 =  8.05508e+01
mode=0db  rload=100k  rsrc=1k  pos=2  C=100p
fcross = 7.620326e+05
pmarg = 6.884080e+01
tdc = 8.055075e+01
Doing analysis at TEMP = 27.000000 and TNOM = 27.000000

Using SPARSE 1.3 as Direct Linear Solver

No. of Data Rows : 801
fcross              =  7.65578e+05
Note: Starting dynamic gmin stepping
Warning: Dynamic gmin stepping failed
Note: Starting true gmin stepping
Note: True gmin stepping completed
pmarg               =  6.82705e+01
tdc                 =  8.05508e+01
mode=0db  rload=100k  rsrc=1k  pos=2  C=220p
fcross = 7.655776e+05
pmarg = 6.827050e+01
tdc = 8.055075e+01
Doing analysis at TEMP = 27.000000 and TNOM = 27.000000

Using SPARSE 1.3 as Direct Linear Solver

No. of Data Rows : 801
fcross              =  7.73046e+05
Note: Starting dynamic gmin stepping
Warning: Dynamic gmin stepping failed
Note: Starting true gmin stepping
Note: True gmin stepping completed
pmarg               =  6.70476e+01
tdc                 =  8.05507e+01
mode=0db  rload=100k  rsrc=1k  pos=2  C=470p
fcross = 7.730465e+05
pmarg = 6.704764e+01
tdc = 8.055075e+01
Doing analysis at TEMP = 27.000000 and TNOM = 27.000000

Using SPARSE 1.3 as Direct Linear Solver
 Reference value :  1.00000e+00
No. of Data Rows : 801
fcross              =  7.89564e+05
Note: Starting dynamic gmin stepping
Warning: Dynamic gmin stepping failed
Note: Starting true gmin stepping
Note: True gmin stepping completed
pmarg               =  6.42820e+01
tdc                 =  8.05507e+01
mode=0db  rload=100k  rsrc=1k  pos=2  C=1n
fcross = 7.895640e+05
pmarg = 6.428195e+01
tdc = 8.055074e+01
Doing analysis at TEMP = 27.000000 and TNOM = 27.000000

Using SPARSE 1.3 as Direct Linear Solver

No. of Data Rows : 801
fcross              =  8.05855e+05
Note: Starting dynamic gmin stepping
Warning: Dynamic gmin stepping failed
Note: Starting true gmin stepping
Note: True gmin stepping completed
pmarg               =  6.14380e+01
tdc                 =  8.05507e+01
mode=0db  rload=100k  rsrc=1k  pos=2  C=1.5n
fcross = 8.058547e+05
pmarg = 6.143804e+01
tdc = 8.055073e+01
Doing analysis at TEMP = 27.000000 and TNOM = 27.000000

Using SPARSE 1.3 as Direct Linear Solver

No. of Data Rows : 801
fcross              =  8.29377e+05
Note: Starting dynamic gmin stepping
Warning: Dynamic gmin stepping failed
Note: Starting true gmin stepping
Note: True gmin stepping completed
pmarg               =  5.70387e+01
tdc                 =  8.05507e+01
mode=0db  rload=100k  rsrc=1k  pos=2  C=2.2n
fcross = 8.293771e+05
pmarg = 5.703866e+01
tdc = 8.055071e+01
Doing analysis at TEMP = 27.000000 and TNOM = 27.000000

Using SPARSE 1.3 as Direct Linear Solver

No. of Data Rows : 801
fcross              =  8.46253e+05
Note: Starting dynamic gmin stepping
Warning: Dynamic gmin stepping failed
Note: Starting true gmin stepping
Note: True gmin stepping completed
pmarg               =  5.35831e+01
tdc                 =  8.05507e+01
mode=0db  rload=100k  rsrc=1k  pos=2  C=2.7n
fcross = 8.462534e+05
pmarg = 5.358308e+01
tdc = 8.055070e+01
Doing analysis at TEMP = 27.000000 and TNOM = 27.000000

Using SPARSE 1.3 as Direct Linear Solver

No. of Data Rows : 801
fcross              =  8.65425e+05
Note: Starting dynamic gmin stepping
Warning: Dynamic gmin stepping failed
Note: Starting true gmin stepping
Note: True gmin stepping completed
pmarg               =  4.91265e+01
tdc                 =  8.05507e+01
mode=0db  rload=100k  rsrc=1k  pos=2  C=3.3n
fcross = 8.654249e+05
pmarg = 4.912650e+01
tdc = 8.055069e+01
Doing analysis at TEMP = 27.000000 and TNOM = 27.000000

Using SPARSE 1.3 as Direct Linear Solver

No. of Data Rows : 801
fcross              =  8.96205e+05
pmarg               =  3.81859e+01
tdc                 =  8.05507e+01
mode=0db  rload=100k  rsrc=1k  pos=2  C=4.7n
fcross = 8.962055e+05
pmarg = 3.818587e+01
tdc = 8.055066e+01
Doing analysis at TEMP = 27.000000 and TNOM = 27.000000

Using SPARSE 1.3 as Direct Linear Solver

No. of Data Rows : 801
fcross              =  7.58969e+05
pmarg               =  6.89529e+01
tdc                 =  8.05508e+01
mode=0db  rload=100k  rsrc=2.5k  pos=1  C=1f
fcross = 7.589690e+05
pmarg = 6.895291e+01
tdc = 8.055076e+01
Doing analysis at TEMP = 27.000000 and TNOM = 27.000000

Using SPARSE 1.3 as Direct Linear Solver

No. of Data Rows : 801
fcross              =  7.60316e+05
pmarg               =  6.87335e+01
tdc                 =  8.05508e+01
mode=0db  rload=100k  rsrc=2.5k  pos=1  C=47p
fcross = 7.603157e+05
pmarg = 6.873347e+01
tdc = 8.055076e+01
Doing analysis at TEMP = 27.000000 and TNOM = 27.000000

Using SPARSE 1.3 as Direct Linear Solver

No. of Data Rows : 801
fcross              =  7.61774e+05
pmarg               =  6.84832e+01
tdc                 =  8.05508e+01
mode=0db  rload=100k  rsrc=2.5k  pos=1  C=100p
fcross = 7.617739e+05
pmarg = 6.848319e+01
tdc = 8.055076e+01
Doing analysis at TEMP = 27.000000 and TNOM = 27.000000

Using SPARSE 1.3 as Direct Linear Solver

No. of Data Rows : 801
fcross              =  7.64820e+05
pmarg               =  6.79072e+01
tdc                 =  8.05508e+01
mode=0db  rload=100k  rsrc=2.5k  pos=1  C=220p
fcross = 7.648199e+05
pmarg = 6.790718e+01
tdc = 8.055075e+01
Doing analysis at TEMP = 27.000000 and TNOM = 27.000000

Using SPARSE 1.3 as Direct Linear Solver

No. of Data Rows : 801
fcross              =  7.69882e+05
pmarg               =  6.66821e+01
tdc                 =  8.05508e+01
mode=0db  rload=100k  rsrc=2.5k  pos=1  C=470p
fcross = 7.698823e+05
pmarg = 6.668214e+01
tdc = 8.055075e+01
Doing analysis at TEMP = 27.000000 and TNOM = 27.000000

Using SPARSE 1.3 as Direct Linear Solver

No. of Data Rows : 801
fcross              =  7.74056e+05
pmarg               =  6.41483e+01
tdc                 =  8.05508e+01
mode=0db  rload=100k  rsrc=2.5k  pos=1  C=1n
fcross = 7.740559e+05
pmarg = 6.414834e+01
tdc = 8.055075e+01
Doing analysis at TEMP = 27.000000 and TNOM = 27.000000

Using SPARSE 1.3 as Direct Linear Solver

No. of Data Rows : 801
fcross              =  7.70063e+05
pmarg               =  6.21098e+01
tdc                 =  8.05507e+01
mode=0db  rload=100k  rsrc=2.5k  pos=1  C=1.5n
fcross = 7.700627e+05
pmarg = 6.210981e+01
tdc = 8.055075e+01
Doing analysis at TEMP = 27.000000 and TNOM = 27.000000

Using SPARSE 1.3 as Direct Linear Solver

No. of Data Rows : 801
fcross              =  7.55825e+05
pmarg               =  6.01004e+01
tdc                 =  8.05507e+01
mode=0db  rload=100k  rsrc=2.5k  pos=1  C=2.2n
fcross = 7.558246e+05
pmarg = 6.010042e+01
tdc = 8.055075e+01
Doing analysis at TEMP = 27.000000 and TNOM = 27.000000

Using SPARSE 1.3 as Direct Linear Solver

No. of Data Rows : 801
fcross              =  7.43061e+05
pmarg               =  5.92172e+01
tdc                 =  8.05507e+01
mode=0db  rload=100k  rsrc=2.5k  pos=1  C=2.7n
fcross = 7.430610e+05
pmarg = 5.921724e+01
tdc = 8.055074e+01
Doing analysis at TEMP = 27.000000 and TNOM = 27.000000

Using SPARSE 1.3 as Direct Linear Solver

No. of Data Rows : 801
fcross              =  7.27556e+05
pmarg               =  5.86059e+01
tdc                 =  8.05507e+01
mode=0db  rload=100k  rsrc=2.5k  pos=1  C=3.3n
fcross = 7.275565e+05
pmarg = 5.860595e+01
tdc = 8.055074e+01
Doing analysis at TEMP = 27.000000 and TNOM = 27.000000

Using SPARSE 1.3 as Direct Linear Solver

No. of Data Rows : 801
fcross              =  6.96120e+05
pmarg               =  5.82947e+01
tdc                 =  8.05507e+01
mode=0db  rload=100k  rsrc=2.5k  pos=1  C=4.7n
fcross = 6.961196e+05
pmarg = 5.829474e+01
tdc = 8.055073e+01
Doing analysis at TEMP = 27.000000 and TNOM = 27.000000

Using SPARSE 1.3 as Direct Linear Solver

No. of Data Rows : 801
fcross              =  7.58969e+05
pmarg               =  6.89529e+01
tdc                 =  8.05508e+01
mode=0db  rload=100k  rsrc=2.5k  pos=2  C=1f
fcross = 7.589690e+05
pmarg = 6.895291e+01
tdc = 8.055076e+01
Doing analysis at TEMP = 27.000000 and TNOM = 27.000000

Using SPARSE 1.3 as Direct Linear Solver

No. of Data Rows : 801
fcross              =  7.60344e+05
pmarg               =  6.87336e+01
tdc                 =  8.05508e+01
mode=0db  rload=100k  rsrc=2.5k  pos=2  C=47p
fcross = 7.603440e+05
pmarg = 6.873363e+01
tdc = 8.055075e+01
Doing analysis at TEMP = 27.000000 and TNOM = 27.000000

Using SPARSE 1.3 as Direct Linear Solver

No. of Data Rows : 801
fcross              =  7.61900e+05
pmarg               =  6.84844e+01
tdc                 =  8.05508e+01
mode=0db  rload=100k  rsrc=2.5k  pos=2  C=100p
fcross = 7.618999e+05
pmarg = 6.848445e+01
tdc = 8.055075e+01
Doing analysis at TEMP = 27.000000 and TNOM = 27.000000

Using SPARSE 1.3 as Direct Linear Solver

No. of Data Rows : 801
fcross              =  7.65443e+05
pmarg               =  6.79126e+01
tdc                 =  8.05508e+01
mode=0db  rload=100k  rsrc=2.5k  pos=2  C=220p
fcross = 7.654426e+05
pmarg = 6.791263e+01
tdc = 8.055075e+01
Doing analysis at TEMP = 27.000000 and TNOM = 27.000000

Using SPARSE 1.3 as Direct Linear Solver

No. of Data Rows : 801
fcross              =  7.72907e+05
pmarg               =  6.66866e+01
tdc                 =  8.05507e+01
mode=0db  rload=100k  rsrc=2.5k  pos=2  C=470p
fcross = 7.729065e+05
pmarg = 6.668659e+01
tdc = 8.055075e+01
Doing analysis at TEMP = 27.000000 and TNOM = 27.000000

Using SPARSE 1.3 as Direct Linear Solver

No. of Data Rows : 801
fcross              =  7.89408e+05
pmarg               =  6.39141e+01
tdc                 =  8.05507e+01
mode=0db  rload=100k  rsrc=2.5k  pos=2  C=1n
fcross = 7.894084e+05
pmarg = 6.391408e+01
tdc = 8.055074e+01
Doing analysis at TEMP = 27.000000 and TNOM = 27.000000

Using SPARSE 1.3 as Direct Linear Solver

No. of Data Rows : 801
fcross              =  8.05682e+05
pmarg               =  6.10637e+01
tdc                 =  8.05507e+01
mode=0db  rload=100k  rsrc=2.5k  pos=2  C=1.5n
fcross = 8.056820e+05
pmarg = 6.106369e+01
tdc = 8.055073e+01
Doing analysis at TEMP = 27.000000 and TNOM = 27.000000

Using SPARSE 1.3 as Direct Linear Solver

No. of Data Rows : 801
fcross              =  8.29179e+05
pmarg               =  5.66553e+01
tdc                 =  8.05507e+01
mode=0db  rload=100k  rsrc=2.5k  pos=2  C=2.2n
fcross = 8.291795e+05
pmarg = 5.665532e+01
tdc = 8.055071e+01
Doing analysis at TEMP = 27.000000 and TNOM = 27.000000

Using SPARSE 1.3 as Direct Linear Solver

No. of Data Rows : 801
fcross              =  8.46034e+05
pmarg               =  5.31938e+01
tdc                 =  8.05507e+01
mode=0db  rload=100k  rsrc=2.5k  pos=2  C=2.7n
fcross = 8.460345e+05
pmarg = 5.319383e+01
tdc = 8.055070e+01
Doing analysis at TEMP = 27.000000 and TNOM = 27.000000

Using SPARSE 1.3 as Direct Linear Solver

No. of Data Rows : 801
fcross              =  8.65182e+05
pmarg               =  4.87311e+01
tdc                 =  8.05507e+01
mode=0db  rload=100k  rsrc=2.5k  pos=2  C=3.3n
fcross = 8.651821e+05
pmarg = 4.873109e+01
tdc = 8.055069e+01
Doing analysis at TEMP = 27.000000 and TNOM = 27.000000

Using SPARSE 1.3 as Direct Linear Solver

No. of Data Rows : 801
fcross              =  8.95934e+05
pmarg               =  3.77828e+01
tdc                 =  8.05507e+01
mode=0db  rload=100k  rsrc=2.5k  pos=2  C=4.7n
fcross = 8.959344e+05
pmarg = 3.778283e+01
tdc = 8.055066e+01
Doing analysis at TEMP = 27.000000 and TNOM = 27.000000

Using SPARSE 1.3 as Direct Linear Solver

No. of Data Rows : 801
fcross              =  7.58961e+05
pmarg               =  6.89362e+01
tdc                 =  8.05508e+01
mode=0db  rload=100k  rsrc=2.571k  pos=1  C=1f
fcross = 7.589606e+05
pmarg = 6.893619e+01
tdc = 8.055076e+01
Doing analysis at TEMP = 27.000000 and TNOM = 27.000000

Using SPARSE 1.3 as Direct Linear Solver

No. of Data Rows : 801
fcross              =  7.60307e+05
pmarg               =  6.87167e+01
tdc                 =  8.05508e+01
mode=0db  rload=100k  rsrc=2.571k  pos=1  C=47p
fcross = 7.603072e+05
pmarg = 6.871673e+01
tdc = 8.055076e+01
Doing analysis at TEMP = 27.000000 and TNOM = 27.000000

Using SPARSE 1.3 as Direct Linear Solver

No. of Data Rows : 801
fcross              =  7.61765e+05
pmarg               =  6.84664e+01
tdc                 =  8.05508e+01
mode=0db  rload=100k  rsrc=2.571k  pos=1  C=100p
fcross = 7.617654e+05
pmarg = 6.846642e+01
tdc = 8.055076e+01
Doing analysis at TEMP = 27.000000 and TNOM = 27.000000

Using SPARSE 1.3 as Direct Linear Solver

No. of Data Rows : 801
fcross              =  7.64811e+05
pmarg               =  6.78903e+01
tdc                 =  8.05508e+01
mode=0db  rload=100k  rsrc=2.571k  pos=1  C=220p
fcross = 7.648112e+05
pmarg = 6.789035e+01
tdc = 8.055075e+01
Doing analysis at TEMP = 27.000000 and TNOM = 27.000000

Using SPARSE 1.3 as Direct Linear Solver

No. of Data Rows : 801
fcross              =  7.69873e+05
pmarg               =  6.66652e+01
tdc                 =  8.05508e+01
mode=0db  rload=100k  rsrc=2.571k  pos=1  C=470p
fcross = 7.698734e+05
pmarg = 6.666522e+01
tdc = 8.055075e+01
Doing analysis at TEMP = 27.000000 and TNOM = 27.000000

Using SPARSE 1.3 as Direct Linear Solver

No. of Data Rows : 801
fcross              =  7.74047e+05
pmarg               =  6.41314e+01
tdc                 =  8.05508e+01
mode=0db  rload=100k  rsrc=2.571k  pos=1  C=1n
fcross = 7.740469e+05
pmarg = 6.413137e+01
tdc = 8.055075e+01
Doing analysis at TEMP = 27.000000 and TNOM = 27.000000

Using SPARSE 1.3 as Direct Linear Solver

No. of Data Rows : 801
fcross              =  7.70054e+05
pmarg               =  6.20929e+01
tdc                 =  8.05507e+01
mode=0db  rload=100k  rsrc=2.571k  pos=1  C=1.5n
fcross = 7.700541e+05
pmarg = 6.209294e+01
tdc = 8.055075e+01
Doing analysis at TEMP = 27.000000 and TNOM = 27.000000

Using SPARSE 1.3 as Direct Linear Solver

No. of Data Rows : 801
fcross              =  7.55817e+05
pmarg               =  6.00839e+01
tdc                 =  8.05507e+01
mode=0db  rload=100k  rsrc=2.571k  pos=1  C=2.2n
fcross = 7.558168e+05
pmarg = 6.008386e+01
tdc = 8.055075e+01
Doing analysis at TEMP = 27.000000 and TNOM = 27.000000

Using SPARSE 1.3 as Direct Linear Solver

No. of Data Rows : 801
fcross              =  7.43054e+05
pmarg               =  5.92009e+01
tdc                 =  8.05507e+01
mode=0db  rload=100k  rsrc=2.571k  pos=1  C=2.7n
fcross = 7.430537e+05
pmarg = 5.920095e+01
tdc = 8.055074e+01
Doing analysis at TEMP = 27.000000 and TNOM = 27.000000

Using SPARSE 1.3 as Direct Linear Solver

No. of Data Rows : 801
fcross              =  7.27550e+05
pmarg               =  5.85900e+01
tdc                 =  8.05507e+01
mode=0db  rload=100k  rsrc=2.571k  pos=1  C=3.3n
fcross = 7.275498e+05
pmarg = 5.858998e+01
tdc = 8.055074e+01
Doing analysis at TEMP = 27.000000 and TNOM = 27.000000

Using SPARSE 1.3 as Direct Linear Solver

No. of Data Rows : 801
fcross              =  6.96114e+05
pmarg               =  5.82794e+01
tdc                 =  8.05507e+01
mode=0db  rload=100k  rsrc=2.571k  pos=1  C=4.7n
fcross = 6.961140e+05
pmarg = 5.827943e+01
tdc = 8.055073e+01
Doing analysis at TEMP = 27.000000 and TNOM = 27.000000

Using SPARSE 1.3 as Direct Linear Solver

No. of Data Rows : 801
fcross              =  7.58961e+05
pmarg               =  6.89362e+01
tdc                 =  8.05508e+01
mode=0db  rload=100k  rsrc=2.571k  pos=2  C=1f
fcross = 7.589606e+05
pmarg = 6.893619e+01
tdc = 8.055076e+01
Doing analysis at TEMP = 27.000000 and TNOM = 27.000000

Using SPARSE 1.3 as Direct Linear Solver

No. of Data Rows : 801
fcross              =  7.60336e+05
pmarg               =  6.87169e+01
tdc                 =  8.05508e+01
mode=0db  rload=100k  rsrc=2.571k  pos=2  C=47p
fcross = 7.603355e+05
pmarg = 6.871689e+01
tdc = 8.055075e+01
Doing analysis at TEMP = 27.000000 and TNOM = 27.000000

Using SPARSE 1.3 as Direct Linear Solver

No. of Data Rows : 801
fcross              =  7.61891e+05
pmarg               =  6.84677e+01
tdc                 =  8.05508e+01
mode=0db  rload=100k  rsrc=2.571k  pos=2  C=100p
fcross = 7.618913e+05
pmarg = 6.846767e+01
tdc = 8.055075e+01
Doing analysis at TEMP = 27.000000 and TNOM = 27.000000

Using SPARSE 1.3 as Direct Linear Solver

No. of Data Rows : 801
fcross              =  7.65434e+05
pmarg               =  6.78958e+01
tdc                 =  8.05508e+01
mode=0db  rload=100k  rsrc=2.571k  pos=2  C=220p
fcross = 7.654339e+05
pmarg = 6.789578e+01
tdc = 8.055075e+01
Doing analysis at TEMP = 27.000000 and TNOM = 27.000000

Using SPARSE 1.3 as Direct Linear Solver

No. of Data Rows : 801
fcross              =  7.72898e+05
pmarg               =  6.66696e+01
tdc                 =  8.05507e+01
mode=0db  rload=100k  rsrc=2.571k  pos=2  C=470p
fcross = 7.728975e+05
pmarg = 6.666960e+01
tdc = 8.055075e+01
Doing analysis at TEMP = 27.000000 and TNOM = 27.000000

Using SPARSE 1.3 as Direct Linear Solver

No. of Data Rows : 801
fcross              =  7.89398e+05
pmarg               =  6.38968e+01
tdc                 =  8.05507e+01
mode=0db  rload=100k  rsrc=2.571k  pos=2  C=1n
fcross = 7.893984e+05
pmarg = 6.389679e+01
tdc = 8.055074e+01
Doing analysis at TEMP = 27.000000 and TNOM = 27.000000

Using SPARSE 1.3 as Direct Linear Solver

No. of Data Rows : 801
fcross              =  8.05671e+05
pmarg               =  6.10461e+01
tdc                 =  8.05507e+01
mode=0db  rload=100k  rsrc=2.571k  pos=2  C=1.5n
fcross = 8.056708e+05
pmarg = 6.104611e+01
tdc = 8.055073e+01
Doing analysis at TEMP = 27.000000 and TNOM = 27.000000

Using SPARSE 1.3 as Direct Linear Solver

No. of Data Rows : 801
fcross              =  8.29167e+05
pmarg               =  5.66374e+01
tdc                 =  8.05507e+01
mode=0db  rload=100k  rsrc=2.571k  pos=2  C=2.2n
fcross = 8.291667e+05
pmarg = 5.663736e+01
tdc = 8.055071e+01
Doing analysis at TEMP = 27.000000 and TNOM = 27.000000

Using SPARSE 1.3 as Direct Linear Solver

No. of Data Rows : 801
fcross              =  8.46020e+05
pmarg               =  5.31756e+01
tdc                 =  8.05507e+01
mode=0db  rload=100k  rsrc=2.571k  pos=2  C=2.7n
fcross = 8.460202e+05
pmarg = 5.317563e+01
tdc = 8.055070e+01
Doing analysis at TEMP = 27.000000 and TNOM = 27.000000

Using SPARSE 1.3 as Direct Linear Solver

No. of Data Rows : 801
fcross              =  8.65166e+05
pmarg               =  4.87127e+01
tdc                 =  8.05507e+01
mode=0db  rload=100k  rsrc=2.571k  pos=2  C=3.3n
fcross = 8.651663e+05
pmarg = 4.871265e+01
tdc = 8.055069e+01
Doing analysis at TEMP = 27.000000 and TNOM = 27.000000

Using SPARSE 1.3 as Direct Linear Solver

No. of Data Rows : 801
fcross              =  8.95917e+05
Note: Starting dynamic gmin stepping
Warning: Dynamic gmin stepping failed
Note: Starting true gmin stepping
Note: True gmin stepping completed
pmarg               =  3.77642e+01
tdc                 =  8.05507e+01
mode=0db  rload=100k  rsrc=2.571k  pos=2  C=4.7n
fcross = 8.959165e+05
pmarg = 3.776416e+01
tdc = 8.055066e+01
Doing analysis at TEMP = 27.000000 and TNOM = 27.000000

Using SPARSE 1.3 as Direct Linear Solver

No. of Data Rows : 801
fcross              =  7.58956e+05
Note: Starting dynamic gmin stepping
Warning: Dynamic gmin stepping failed
Note: Starting true gmin stepping
Note: True gmin stepping completed
pmarg               =  6.89268e+01
tdc                 =  8.05508e+01
mode=0db  rload=100k  rsrc=2.611k  pos=1  C=1f
fcross = 7.589558e+05
pmarg = 6.892677e+01
tdc = 8.055076e+01
Doing analysis at TEMP = 27.000000 and TNOM = 27.000000

Using SPARSE 1.3 as Direct Linear Solver

No. of Data Rows : 801
fcross              =  7.60302e+05
Note: Starting dynamic gmin stepping
Warning: Dynamic gmin stepping failed
Note: Starting true gmin stepping
Note: True gmin stepping completed
pmarg               =  6.87073e+01
tdc                 =  8.05508e+01
mode=0db  rload=100k  rsrc=2.611k  pos=1  C=47p
fcross = 7.603024e+05
pmarg = 6.870730e+01
tdc = 8.055076e+01
Doing analysis at TEMP = 27.000000 and TNOM = 27.000000

Using SPARSE 1.3 as Direct Linear Solver

No. of Data Rows : 801
fcross              =  7.61760e+05
Note: Starting dynamic gmin stepping
Warning: Dynamic gmin stepping failed
Note: Starting true gmin stepping
Note: True gmin stepping completed
pmarg               =  6.84570e+01
tdc                 =  8.05508e+01
mode=0db  rload=100k  rsrc=2.611k  pos=1  C=100p
fcross = 7.617605e+05
pmarg = 6.845697e+01
tdc = 8.055076e+01
Doing analysis at TEMP = 27.000000 and TNOM = 27.000000

Using SPARSE 1.3 as Direct Linear Solver

No. of Data Rows : 801
fcross              =  7.64806e+05
Note: Starting dynamic gmin stepping
Warning: Dynamic gmin stepping failed
Note: Starting true gmin stepping
Note: True gmin stepping completed
pmarg               =  6.78809e+01
tdc                 =  8.05508e+01
mode=0db  rload=100k  rsrc=2.611k  pos=1  C=220p
fcross = 7.648063e+05
pmarg = 6.788087e+01
tdc = 8.055075e+01
Doing analysis at TEMP = 27.000000 and TNOM = 27.000000

Using SPARSE 1.3 as Direct Linear Solver
 Reference value :  1.00000e+00
No. of Data Rows : 801
fcross              =  7.69868e+05
Note: Starting dynamic gmin stepping
Warning: Dynamic gmin stepping failed
Note: Starting true gmin stepping
Note: True gmin stepping completed
pmarg               =  6.66557e+01
tdc                 =  8.05508e+01
mode=0db  rload=100k  rsrc=2.611k  pos=1  C=470p
fcross = 7.698684e+05
pmarg = 6.665569e+01
tdc = 8.055075e+01
Doing analysis at TEMP = 27.000000 and TNOM = 27.000000

Using SPARSE 1.3 as Direct Linear Solver

No. of Data Rows : 801
fcross              =  7.74042e+05
Note: Starting dynamic gmin stepping
Warning: Dynamic gmin stepping failed
Note: Starting true gmin stepping
Note: True gmin stepping completed
pmarg               =  6.41218e+01
tdc                 =  8.05508e+01
mode=0db  rload=100k  rsrc=2.611k  pos=1  C=1n
fcross = 7.740417e+05
pmarg = 6.412181e+01
tdc = 8.055075e+01
Doing analysis at TEMP = 27.000000 and TNOM = 27.000000

Using SPARSE 1.3 as Direct Linear Solver

No. of Data Rows : 801
fcross              =  7.70049e+05
Note: Starting dynamic gmin stepping
Warning: Dynamic gmin stepping failed
Note: Starting true gmin stepping
Note: True gmin stepping completed
pmarg               =  6.20834e+01
tdc                 =  8.05507e+01
mode=0db  rload=100k  rsrc=2.611k  pos=1  C=1.5n
fcross = 7.700491e+05
pmarg = 6.208344e+01
tdc = 8.055075e+01
Doing analysis at TEMP = 27.000000 and TNOM = 27.000000

Using SPARSE 1.3 as Direct Linear Solver

No. of Data Rows : 801
fcross              =  7.55812e+05
Note: Starting dynamic gmin stepping
Warning: Dynamic gmin stepping failed
Note: Starting true gmin stepping
Note: True gmin stepping completed
pmarg               =  6.00745e+01
tdc                 =  8.05507e+01
mode=0db  rload=100k  rsrc=2.611k  pos=1  C=2.2n
fcross = 7.558124e+05
pmarg = 6.007454e+01
tdc = 8.055075e+01
Doing analysis at TEMP = 27.000000 and TNOM = 27.000000

Using SPARSE 1.3 as Direct Linear Solver

No. of Data Rows : 801
fcross              =  7.43050e+05
Note: Starting dynamic gmin stepping
Warning: Dynamic gmin stepping failed
Note: Starting true gmin stepping
Note: True gmin stepping completed
pmarg               =  5.91918e+01
tdc                 =  8.05507e+01
mode=0db  rload=100k  rsrc=2.611k  pos=1  C=2.7n
fcross = 7.430495e+05
pmarg = 5.919178e+01
tdc = 8.055074e+01
Doing analysis at TEMP = 27.000000 and TNOM = 27.000000

Using SPARSE 1.3 as Direct Linear Solver

No. of Data Rows : 801
fcross              =  7.27546e+05
Note: Starting dynamic gmin stepping
Warning: Dynamic gmin stepping failed
Note: Starting true gmin stepping
Note: True gmin stepping completed
pmarg               =  5.85810e+01
tdc                 =  8.05507e+01
mode=0db  rload=100k  rsrc=2.611k  pos=1  C=3.3n
fcross = 7.275460e+05
pmarg = 5.858099e+01
tdc = 8.055074e+01
Doing analysis at TEMP = 27.000000 and TNOM = 27.000000

Using SPARSE 1.3 as Direct Linear Solver

No. of Data Rows : 801
fcross              =  6.96111e+05
Note: Starting dynamic gmin stepping
Warning: Dynamic gmin stepping failed
Note: Starting true gmin stepping
Note: True gmin stepping completed
pmarg               =  5.82708e+01
tdc                 =  8.05507e+01
mode=0db  rload=100k  rsrc=2.611k  pos=1  C=4.7n
fcross = 6.961108e+05
pmarg = 5.827081e+01
tdc = 8.055073e+01
Doing analysis at TEMP = 27.000000 and TNOM = 27.000000

Using SPARSE 1.3 as Direct Linear Solver

No. of Data Rows : 801
fcross              =  7.58956e+05
Note: Starting dynamic gmin stepping
Warning: Dynamic gmin stepping failed
Note: Starting true gmin stepping
Note: True gmin stepping completed
pmarg               =  6.89268e+01
tdc                 =  8.05508e+01
mode=0db  rload=100k  rsrc=2.611k  pos=2  C=1f
fcross = 7.589558e+05
pmarg = 6.892677e+01
tdc = 8.055076e+01
Doing analysis at TEMP = 27.000000 and TNOM = 27.000000

Using SPARSE 1.3 as Direct Linear Solver

No. of Data Rows : 801
fcross              =  7.60331e+05
Note: Starting dynamic gmin stepping
Warning: Dynamic gmin stepping failed
Note: Starting true gmin stepping
Note: True gmin stepping completed
pmarg               =  6.87075e+01
tdc                 =  8.05508e+01
mode=0db  rload=100k  rsrc=2.611k  pos=2  C=47p
fcross = 7.603307e+05
pmarg = 6.870746e+01
tdc = 8.055075e+01
Doing analysis at TEMP = 27.000000 and TNOM = 27.000000

Using SPARSE 1.3 as Direct Linear Solver

No. of Data Rows : 801
fcross              =  7.61886e+05
Note: Starting dynamic gmin stepping
Warning: Dynamic gmin stepping failed
Note: Starting true gmin stepping
Note: True gmin stepping completed
pmarg               =  6.84582e+01
tdc                 =  8.05508e+01
mode=0db  rload=100k  rsrc=2.611k  pos=2  C=100p
fcross = 7.618864e+05
pmarg = 6.845822e+01
tdc = 8.055075e+01
Doing analysis at TEMP = 27.000000 and TNOM = 27.000000

Using SPARSE 1.3 as Direct Linear Solver

No. of Data Rows : 801
fcross              =  7.65429e+05
Note: Starting dynamic gmin stepping
Warning: Dynamic gmin stepping failed
Note: Starting true gmin stepping
Note: True gmin stepping completed
pmarg               =  6.78863e+01
tdc                 =  8.05508e+01
mode=0db  rload=100k  rsrc=2.611k  pos=2  C=220p
fcross = 7.654289e+05
pmarg = 6.788630e+01
tdc = 8.055075e+01
Doing analysis at TEMP = 27.000000 and TNOM = 27.000000

Using SPARSE 1.3 as Direct Linear Solver

No. of Data Rows : 801
fcross              =  7.72892e+05
Note: Starting dynamic gmin stepping
Warning: Dynamic gmin stepping failed
Note: Starting true gmin stepping
Note: True gmin stepping completed
pmarg               =  6.66600e+01
tdc                 =  8.05507e+01
mode=0db  rload=100k  rsrc=2.611k  pos=2  C=470p
fcross = 7.728924e+05
pmarg = 6.666003e+01
tdc = 8.055075e+01
Doing analysis at TEMP = 27.000000 and TNOM = 27.000000

Using SPARSE 1.3 as Direct Linear Solver

No. of Data Rows : 801
fcross              =  7.89393e+05
Note: Starting dynamic gmin stepping
Warning: Dynamic gmin stepping failed
Note: Starting true gmin stepping
Note: True gmin stepping completed
pmarg               =  6.38871e+01
tdc                 =  8.05507e+01
mode=0db  rload=100k  rsrc=2.611k  pos=2  C=1n
fcross = 7.893926e+05
pmarg = 6.388705e+01
tdc = 8.055074e+01
Doing analysis at TEMP = 27.000000 and TNOM = 27.000000

Using SPARSE 1.3 as Direct Linear Solver

No. of Data Rows : 801
fcross              =  8.05664e+05
Note: Starting dynamic gmin stepping
Warning: Dynamic gmin stepping failed
Note: Starting true gmin stepping
Note: True gmin stepping completed
pmarg               =  6.10362e+01
tdc                 =  8.05507e+01
mode=0db  rload=100k  rsrc=2.611k  pos=2  C=1.5n
fcross = 8.056644e+05
pmarg = 6.103621e+01
tdc = 8.055073e+01
Doing analysis at TEMP = 27.000000 and TNOM = 27.000000

Using SPARSE 1.3 as Direct Linear Solver

No. of Data Rows : 801
fcross              =  8.29159e+05
Note: Starting dynamic gmin stepping
Warning: Dynamic gmin stepping failed
Note: Starting true gmin stepping
Note: True gmin stepping completed
pmarg               =  5.66272e+01
tdc                 =  8.05507e+01
mode=0db  rload=100k  rsrc=2.611k  pos=2  C=2.2n
fcross = 8.291593e+05
pmarg = 5.662725e+01
tdc = 8.055071e+01
Doing analysis at TEMP = 27.000000 and TNOM = 27.000000

Using SPARSE 1.3 as Direct Linear Solver

No. of Data Rows : 801
fcross              =  8.46012e+05
Note: Starting dynamic gmin stepping
Warning: Dynamic gmin stepping failed
Note: Starting true gmin stepping
Note: True gmin stepping completed
pmarg               =  5.31654e+01
tdc                 =  8.05507e+01
mode=0db  rload=100k  rsrc=2.611k  pos=2  C=2.7n
fcross = 8.460121e+05
pmarg = 5.316539e+01
tdc = 8.055070e+01
Doing analysis at TEMP = 27.000000 and TNOM = 27.000000

Using SPARSE 1.3 as Direct Linear Solver

No. of Data Rows : 801
fcross              =  8.65157e+05
Note: Starting dynamic gmin stepping
Warning: Dynamic gmin stepping failed
Note: Starting true gmin stepping
Note: True gmin stepping completed
pmarg               =  4.87023e+01
tdc                 =  8.05507e+01
mode=0db  rload=100k  rsrc=2.611k  pos=2  C=3.3n
fcross = 8.651572e+05
pmarg = 4.870227e+01
tdc = 8.055069e+01
Doing analysis at TEMP = 27.000000 and TNOM = 27.000000

Using SPARSE 1.3 as Direct Linear Solver

No. of Data Rows : 801
fcross              =  8.95906e+05
pmarg               =  3.77537e+01
tdc                 =  8.05507e+01
mode=0db  rload=100k  rsrc=2.611k  pos=2  C=4.7n
fcross = 8.959063e+05
pmarg = 3.775366e+01
tdc = 8.055066e+01
Doing analysis at TEMP = 27.000000 and TNOM = 27.000000

Using SPARSE 1.3 as Direct Linear Solver

No. of Data Rows : 801
fcross              =  7.58160e+05
pmarg               =  6.95266e+01
tdc                 =  8.03480e+01
mode=0db  rload=10k  rsrc=1m  pos=1  C=1f
fcross = 7.581601e+05
pmarg = 6.952664e+01
tdc = 8.034802e+01
Doing analysis at TEMP = 27.000000 and TNOM = 27.000000

Using SPARSE 1.3 as Direct Linear Solver

No. of Data Rows : 801
fcross              =  7.59479e+05
pmarg               =  6.93108e+01
tdc                 =  8.03480e+01
mode=0db  rload=10k  rsrc=1m  pos=1  C=47p
fcross = 7.594787e+05
pmarg = 6.931077e+01
tdc = 8.034802e+01
Doing analysis at TEMP = 27.000000 and TNOM = 27.000000

Using SPARSE 1.3 as Direct Linear Solver

No. of Data Rows : 801
fcross              =  7.60918e+05
pmarg               =  6.90643e+01
tdc                 =  8.03480e+01
mode=0db  rload=10k  rsrc=1m  pos=1  C=100p
fcross = 7.609182e+05
pmarg = 6.906433e+01
tdc = 8.034803e+01
Doing analysis at TEMP = 27.000000 and TNOM = 27.000000

Using SPARSE 1.3 as Direct Linear Solver

No. of Data Rows : 801
fcross              =  7.63926e+05
pmarg               =  6.84970e+01
tdc                 =  8.03480e+01
mode=0db  rload=10k  rsrc=1m  pos=1  C=220p
fcross = 7.639258e+05
pmarg = 6.849704e+01
tdc = 8.034803e+01
Doing analysis at TEMP = 27.000000 and TNOM = 27.000000

Using SPARSE 1.3 as Direct Linear Solver

No. of Data Rows : 801
fcross              =  7.68930e+05
pmarg               =  6.72898e+01
tdc                 =  8.03481e+01
mode=0db  rload=10k  rsrc=1m  pos=1  C=470p
fcross = 7.689297e+05
pmarg = 6.728977e+01
tdc = 8.034805e+01
Doing analysis at TEMP = 27.000000 and TNOM = 27.000000

Using SPARSE 1.3 as Direct Linear Solver

No. of Data Rows : 801
fcross              =  7.73095e+05
pmarg               =  6.47870e+01
tdc                 =  8.03481e+01
mode=0db  rload=10k  rsrc=1m  pos=1  C=1n
fcross = 7.730952e+05
pmarg = 6.478701e+01
tdc = 8.034809e+01
Doing analysis at TEMP = 27.000000 and TNOM = 27.000000

Using SPARSE 1.3 as Direct Linear Solver

No. of Data Rows : 801
fcross              =  7.69222e+05
pmarg               =  6.27636e+01
tdc                 =  8.03481e+01
mode=0db  rload=10k  rsrc=1m  pos=1  C=1.5n
fcross = 7.692216e+05
pmarg = 6.276357e+01
tdc = 8.034812e+01
Doing analysis at TEMP = 27.000000 and TNOM = 27.000000

Using SPARSE 1.3 as Direct Linear Solver

No. of Data Rows : 801
fcross              =  7.55248e+05
pmarg               =  6.07523e+01
tdc                 =  8.03482e+01
mode=0db  rload=10k  rsrc=1m  pos=1  C=2.2n
fcross = 7.552481e+05
pmarg = 6.075231e+01
tdc = 8.034817e+01
Doing analysis at TEMP = 27.000000 and TNOM = 27.000000

Using SPARSE 1.3 as Direct Linear Solver

No. of Data Rows : 801
fcross              =  7.42651e+05
pmarg               =  5.98586e+01
tdc                 =  8.03482e+01
mode=0db  rload=10k  rsrc=1m  pos=1  C=2.7n
fcross = 7.426507e+05
pmarg = 5.985862e+01
tdc = 8.034821e+01
Doing analysis at TEMP = 27.000000 and TNOM = 27.000000

Using SPARSE 1.3 as Direct Linear Solver

No. of Data Rows : 801
fcross              =  7.27313e+05
pmarg               =  5.92305e+01
tdc                 =  8.03482e+01
mode=0db  rload=10k  rsrc=1m  pos=1  C=3.3n
fcross = 7.273128e+05
pmarg = 5.923054e+01
tdc = 8.034825e+01
Doing analysis at TEMP = 27.000000 and TNOM = 27.000000

Using SPARSE 1.3 as Direct Linear Solver

No. of Data Rows : 801
fcross              =  6.96101e+05
pmarg               =  5.88808e+01
tdc                 =  8.03483e+01
mode=0db  rload=10k  rsrc=1m  pos=1  C=4.7n
fcross = 6.961012e+05
pmarg = 5.888083e+01
tdc = 8.034835e+01
Doing analysis at TEMP = 27.000000 and TNOM = 27.000000

Using SPARSE 1.3 as Direct Linear Solver

No. of Data Rows : 801
fcross              =  7.58160e+05
pmarg               =  6.95266e+01
tdc                 =  8.03480e+01
mode=0db  rload=10k  rsrc=1m  pos=2  C=1f
fcross = 7.581601e+05
pmarg = 6.952664e+01
tdc = 8.034802e+01
Doing analysis at TEMP = 27.000000 and TNOM = 27.000000

Using SPARSE 1.3 as Direct Linear Solver

No. of Data Rows : 801
fcross              =  7.59518e+05
pmarg               =  6.93091e+01
tdc                 =  8.03480e+01
mode=0db  rload=10k  rsrc=1m  pos=2  C=47p
fcross = 7.595181e+05
pmarg = 6.930911e+01
tdc = 8.034802e+01
Doing analysis at TEMP = 27.000000 and TNOM = 27.000000

Using SPARSE 1.3 as Direct Linear Solver

No. of Data Rows : 801
fcross              =  7.61067e+05
pmarg               =  6.90617e+01
tdc                 =  8.03480e+01
mode=0db  rload=10k  rsrc=1m  pos=2  C=100p
fcross = 7.610667e+05
pmarg = 6.906171e+01
tdc = 8.034802e+01
Doing analysis at TEMP = 27.000000 and TNOM = 27.000000

Using SPARSE 1.3 as Direct Linear Solver

No. of Data Rows : 801
fcross              =  7.64593e+05
pmarg               =  6.84940e+01
tdc                 =  8.03480e+01
mode=0db  rload=10k  rsrc=1m  pos=2  C=220p
fcross = 7.645927e+05
pmarg = 6.849399e+01
tdc = 8.034801e+01
Doing analysis at TEMP = 27.000000 and TNOM = 27.000000

Using SPARSE 1.3 as Direct Linear Solver

No. of Data Rows : 801
fcross              =  7.72021e+05
pmarg               =  6.72768e+01
tdc                 =  8.03480e+01
mode=0db  rload=10k  rsrc=1m  pos=2  C=470p
fcross = 7.720205e+05
pmarg = 6.727678e+01
tdc = 8.034801e+01
Doing analysis at TEMP = 27.000000 and TNOM = 27.000000

Using SPARSE 1.3 as Direct Linear Solver

No. of Data Rows : 801
fcross              =  7.88411e+05
pmarg               =  6.45255e+01
tdc                 =  8.03480e+01
mode=0db  rload=10k  rsrc=1m  pos=2  C=1n
fcross = 7.884111e+05
pmarg = 6.452546e+01
tdc = 8.034800e+01
Doing analysis at TEMP = 27.000000 and TNOM = 27.000000

Using SPARSE 1.3 as Direct Linear Solver

No. of Data Rows : 801
fcross              =  8.04560e+05
pmarg               =  6.16980e+01
tdc                 =  8.03480e+01
mode=0db  rload=10k  rsrc=1m  pos=2  C=1.5n
fcross = 8.045604e+05
pmarg = 6.169803e+01
tdc = 8.034799e+01
Doing analysis at TEMP = 27.000000 and TNOM = 27.000000

Using SPARSE 1.3 as Direct Linear Solver

No. of Data Rows : 801
fcross              =  8.27872e+05
pmarg               =  5.73266e+01
tdc                 =  8.03480e+01
mode=0db  rload=10k  rsrc=1m  pos=2  C=2.2n
fcross = 8.278715e+05
pmarg = 5.732665e+01
tdc = 8.034797e+01
Doing analysis at TEMP = 27.000000 and TNOM = 27.000000

Using SPARSE 1.3 as Direct Linear Solver

No. of Data Rows : 801
fcross              =  8.44564e+05
pmarg               =  5.38964e+01
tdc                 =  8.03480e+01
mode=0db  rload=10k  rsrc=1m  pos=2  C=2.7n
fcross = 8.445644e+05
pmarg = 5.389641e+01
tdc = 8.034796e+01
Doing analysis at TEMP = 27.000000 and TNOM = 27.000000

Using SPARSE 1.3 as Direct Linear Solver

No. of Data Rows : 801
fcross              =  8.63522e+05
pmarg               =  4.94747e+01
tdc                 =  8.03479e+01
mode=0db  rload=10k  rsrc=1m  pos=2  C=3.3n
fcross = 8.635224e+05
pmarg = 4.947474e+01
tdc = 8.034795e+01
Doing analysis at TEMP = 27.000000 and TNOM = 27.000000

Using SPARSE 1.3 as Direct Linear Solver

No. of Data Rows : 801
fcross              =  8.94005e+05
Note: Starting dynamic gmin stepping
Warning: Dynamic gmin stepping failed
Note: Starting true gmin stepping
Note: True gmin stepping completed
pmarg               =  3.86192e+01
tdc                 =  8.03479e+01
mode=0db  rload=10k  rsrc=1m  pos=2  C=4.7n
fcross = 8.940048e+05
pmarg = 3.861925e+01
tdc = 8.034792e+01
Doing analysis at TEMP = 27.000000 and TNOM = 27.000000

Using SPARSE 1.3 as Direct Linear Solver

No. of Data Rows : 801
fcross              =  7.58124e+05
Note: Starting dynamic gmin stepping
Warning: Dynamic gmin stepping failed
Note: Starting true gmin stepping
Note: True gmin stepping completed
pmarg               =  6.92883e+01
tdc                 =  8.03480e+01
mode=0db  rload=10k  rsrc=1k  pos=1  C=1f
fcross = 7.581243e+05
pmarg = 6.928833e+01
tdc = 8.034802e+01
Doing analysis at TEMP = 27.000000 and TNOM = 27.000000

Using SPARSE 1.3 as Direct Linear Solver

No. of Data Rows : 801
fcross              =  7.59442e+05
Note: Starting dynamic gmin stepping
Warning: Dynamic gmin stepping failed
Note: Starting true gmin stepping
Note: True gmin stepping completed
pmarg               =  6.90721e+01
tdc                 =  8.03480e+01
mode=0db  rload=10k  rsrc=1k  pos=1  C=47p
fcross = 7.594418e+05
pmarg = 6.907208e+01
tdc = 8.034802e+01
Doing analysis at TEMP = 27.000000 and TNOM = 27.000000

Using SPARSE 1.3 as Direct Linear Solver

No. of Data Rows : 801
fcross              =  7.60881e+05
Note: Starting dynamic gmin stepping
Warning: Dynamic gmin stepping failed
Note: Starting true gmin stepping
Note: True gmin stepping completed
pmarg               =  6.88252e+01
tdc                 =  8.03480e+01
mode=0db  rload=10k  rsrc=1k  pos=1  C=100p
fcross = 7.608810e+05
pmarg = 6.882520e+01
tdc = 8.034802e+01
Doing analysis at TEMP = 27.000000 and TNOM = 27.000000

Using SPARSE 1.3 as Direct Linear Solver
 Reference value :  1.00000e+00
No. of Data Rows : 801
fcross              =  7.63888e+05
Note: Starting dynamic gmin stepping
Warning: Dynamic gmin stepping failed
Note: Starting true gmin stepping
Note: True gmin stepping completed
pmarg               =  6.82570e+01
tdc                 =  8.03480e+01
mode=0db  rload=10k  rsrc=1k  pos=1  C=220p
fcross = 7.638881e+05
pmarg = 6.825699e+01
tdc = 8.034803e+01
Doing analysis at TEMP = 27.000000 and TNOM = 27.000000

Using SPARSE 1.3 as Direct Linear Solver

No. of Data Rows : 801
fcross              =  7.68891e+05
Note: Starting dynamic gmin stepping
Warning: Dynamic gmin stepping failed
Note: Starting true gmin stepping
Note: True gmin stepping completed
pmarg               =  6.70482e+01
tdc                 =  8.03481e+01
mode=0db  rload=10k  rsrc=1k  pos=1  C=470p
fcross = 7.688914e+05
pmarg = 6.704823e+01
tdc = 8.034805e+01
Doing analysis at TEMP = 27.000000 and TNOM = 27.000000

Using SPARSE 1.3 as Direct Linear Solver

No. of Data Rows : 801
fcross              =  7.73057e+05
Note: Starting dynamic gmin stepping
Warning: Dynamic gmin stepping failed
Note: Starting true gmin stepping
Note: True gmin stepping completed
pmarg               =  6.45443e+01
tdc                 =  8.03481e+01
mode=0db  rload=10k  rsrc=1k  pos=1  C=1n
fcross = 7.730568e+05
pmarg = 6.454431e+01
tdc = 8.034809e+01
Doing analysis at TEMP = 27.000000 and TNOM = 27.000000

Using SPARSE 1.3 as Direct Linear Solver

No. of Data Rows : 801
fcross              =  7.69185e+05
Note: Starting dynamic gmin stepping
Warning: Dynamic gmin stepping failed
Note: Starting true gmin stepping
Note: True gmin stepping completed
pmarg               =  6.25222e+01
tdc                 =  8.03481e+01
mode=0db  rload=10k  rsrc=1k  pos=1  C=1.5n
fcross = 7.691847e+05
pmarg = 6.252216e+01
tdc = 8.034812e+01
Doing analysis at TEMP = 27.000000 and TNOM = 27.000000

Using SPARSE 1.3 as Direct Linear Solver

No. of Data Rows : 801
fcross              =  7.55215e+05
Note: Starting dynamic gmin stepping
Warning: Dynamic gmin stepping failed
Note: Starting true gmin stepping
Note: True gmin stepping completed
pmarg               =  6.05153e+01
tdc                 =  8.03482e+01
mode=0db  rload=10k  rsrc=1k  pos=1  C=2.2n
fcross = 7.552153e+05
pmarg = 6.051527e+01
tdc = 8.034817e+01
Doing analysis at TEMP = 27.000000 and TNOM = 27.000000

Using SPARSE 1.3 as Direct Linear Solver

No. of Data Rows : 801
fcross              =  7.42620e+05
Note: Starting dynamic gmin stepping
Warning: Dynamic gmin stepping failed
Note: Starting true gmin stepping
Note: True gmin stepping completed
pmarg               =  5.96255e+01
tdc                 =  8.03482e+01
mode=0db  rload=10k  rsrc=1k  pos=1  C=2.7n
fcross = 7.426202e+05
pmarg = 5.962549e+01
tdc = 8.034821e+01
Doing analysis at TEMP = 27.000000 and TNOM = 27.000000

Using SPARSE 1.3 as Direct Linear Solver

No. of Data Rows : 801
fcross              =  7.27285e+05
Note: Starting dynamic gmin stepping
Warning: Dynamic gmin stepping failed
Note: Starting true gmin stepping
Note: True gmin stepping completed
pmarg               =  5.90022e+01
tdc                 =  8.03482e+01
mode=0db  rload=10k  rsrc=1k  pos=1  C=3.3n
fcross = 7.272852e+05
pmarg = 5.900216e+01
tdc = 8.034825e+01
Doing analysis at TEMP = 27.000000 and TNOM = 27.000000

Using SPARSE 1.3 as Direct Linear Solver

No. of Data Rows : 801
fcross              =  6.96078e+05
Note: Starting dynamic gmin stepping
Warning: Dynamic gmin stepping failed
Note: Starting true gmin stepping
Note: True gmin stepping completed
pmarg               =  5.86621e+01
tdc                 =  8.03483e+01
mode=0db  rload=10k  rsrc=1k  pos=1  C=4.7n
fcross = 6.960781e+05
pmarg = 5.866211e+01
tdc = 8.034835e+01
Doing analysis at TEMP = 27.000000 and TNOM = 27.000000

Using SPARSE 1.3 as Direct Linear Solver

No. of Data Rows : 801
fcross              =  7.58124e+05
Note: Starting dynamic gmin stepping
Warning: Dynamic gmin stepping failed
Note: Starting true gmin stepping
Note: True gmin stepping completed
pmarg               =  6.92883e+01
tdc                 =  8.03480e+01
mode=0db  rload=10k  rsrc=1k  pos=2  C=1f
fcross = 7.581243e+05
pmarg = 6.928833e+01
tdc = 8.034802e+01
Doing analysis at TEMP = 27.000000 and TNOM = 27.000000

Using SPARSE 1.3 as Direct Linear Solver

No. of Data Rows : 801
fcross              =  7.59481e+05
Note: Starting dynamic gmin stepping
Warning: Dynamic gmin stepping failed
Note: Starting true gmin stepping
Note: True gmin stepping completed
pmarg               =  6.90704e+01
tdc                 =  8.03480e+01
mode=0db  rload=10k  rsrc=1k  pos=2  C=47p
fcross = 7.594811e+05
pmarg = 6.907041e+01
tdc = 8.034802e+01
Doing analysis at TEMP = 27.000000 and TNOM = 27.000000

Using SPARSE 1.3 as Direct Linear Solver

No. of Data Rows : 801
fcross              =  7.61029e+05
Note: Starting dynamic gmin stepping
Warning: Dynamic gmin stepping failed
Note: Starting true gmin stepping
Note: True gmin stepping completed
pmarg               =  6.88225e+01
tdc                 =  8.03480e+01
mode=0db  rload=10k  rsrc=1k  pos=2  C=100p
fcross = 7.610295e+05
pmarg = 6.882253e+01
tdc = 8.034802e+01
Doing analysis at TEMP = 27.000000 and TNOM = 27.000000

Using SPARSE 1.3 as Direct Linear Solver

No. of Data Rows : 801
fcross              =  7.64555e+05
Note: Starting dynamic gmin stepping
Warning: Dynamic gmin stepping failed
Note: Starting true gmin stepping
Note: True gmin stepping completed
pmarg               =  6.82537e+01
tdc                 =  8.03480e+01
mode=0db  rload=10k  rsrc=1k  pos=2  C=220p
fcross = 7.645549e+05
pmarg = 6.825374e+01
tdc = 8.034801e+01
Doing analysis at TEMP = 27.000000 and TNOM = 27.000000

Using SPARSE 1.3 as Direct Linear Solver

No. of Data Rows : 801
fcross              =  7.71981e+05
Note: Starting dynamic gmin stepping
Warning: Dynamic gmin stepping failed
Note: Starting true gmin stepping
Note: True gmin stepping completed
pmarg               =  6.70343e+01
tdc                 =  8.03480e+01
mode=0db  rload=10k  rsrc=1k  pos=2  C=470p
fcross = 7.719814e+05
pmarg = 6.703427e+01
tdc = 8.034801e+01
Doing analysis at TEMP = 27.000000 and TNOM = 27.000000

Using SPARSE 1.3 as Direct Linear Solver

No. of Data Rows : 801
fcross              =  7.88368e+05
Note: Starting dynamic gmin stepping
Warning: Dynamic gmin stepping failed
Note: Starting true gmin stepping
Note: True gmin stepping completed
pmarg               =  6.42780e+01
tdc                 =  8.03480e+01
mode=0db  rload=10k  rsrc=1k  pos=2  C=1n
fcross = 7.883681e+05
pmarg = 6.427802e+01
tdc = 8.034800e+01
Doing analysis at TEMP = 27.000000 and TNOM = 27.000000

Using SPARSE 1.3 as Direct Linear Solver

No. of Data Rows : 801
fcross              =  8.04513e+05
Note: Starting dynamic gmin stepping
Warning: Dynamic gmin stepping failed
Note: Starting true gmin stepping
Note: True gmin stepping completed
pmarg               =  6.14458e+01
tdc                 =  8.03480e+01
mode=0db  rload=10k  rsrc=1k  pos=2  C=1.5n
fcross = 8.045131e+05
pmarg = 6.144580e+01
tdc = 8.034799e+01
Doing analysis at TEMP = 27.000000 and TNOM = 27.000000

Using SPARSE 1.3 as Direct Linear Solver

No. of Data Rows : 801
fcross              =  8.27818e+05
Note: Starting dynamic gmin stepping
Warning: Dynamic gmin stepping failed
Note: Starting true gmin stepping
Note: True gmin stepping completed
pmarg               =  5.70676e+01
tdc                 =  8.03480e+01
mode=0db  rload=10k  rsrc=1k  pos=2  C=2.2n
fcross = 8.278182e+05
pmarg = 5.706759e+01
tdc = 8.034797e+01
Doing analysis at TEMP = 27.000000 and TNOM = 27.000000

Using SPARSE 1.3 as Direct Linear Solver

No. of Data Rows : 801
fcross              =  8.44506e+05
Note: Starting dynamic gmin stepping
Warning: Dynamic gmin stepping failed
Note: Starting true gmin stepping
Note: True gmin stepping completed
pmarg               =  5.36326e+01
tdc                 =  8.03480e+01
mode=0db  rload=10k  rsrc=1k  pos=2  C=2.7n
fcross = 8.445060e+05
pmarg = 5.363259e+01
tdc = 8.034796e+01
Doing analysis at TEMP = 27.000000 and TNOM = 27.000000

Using SPARSE 1.3 as Direct Linear Solver

No. of Data Rows : 801
fcross              =  8.63459e+05
Note: Starting dynamic gmin stepping
Warning: Dynamic gmin stepping failed
Note: Starting true gmin stepping
Note: True gmin stepping completed
pmarg               =  4.92056e+01
tdc                 =  8.03479e+01
mode=0db  rload=10k  rsrc=1k  pos=2  C=3.3n
fcross = 8.634587e+05
pmarg = 4.920563e+01
tdc = 8.034795e+01
Doing analysis at TEMP = 27.000000 and TNOM = 27.000000

Using SPARSE 1.3 as Direct Linear Solver

No. of Data Rows : 801
fcross              =  8.93937e+05
pmarg               =  3.83421e+01
tdc                 =  8.03479e+01
mode=0db  rload=10k  rsrc=1k  pos=2  C=4.7n
fcross = 8.939367e+05
pmarg = 3.834210e+01
tdc = 8.034792e+01
Doing analysis at TEMP = 27.000000 and TNOM = 27.000000

Using SPARSE 1.3 as Direct Linear Solver

No. of Data Rows : 801
fcross              =  7.57997e+05
pmarg               =  6.89336e+01
tdc                 =  8.03480e+01
mode=0db  rload=10k  rsrc=2.5k  pos=1  C=1f
fcross = 7.579972e+05
pmarg = 6.893365e+01
tdc = 8.034802e+01
Doing analysis at TEMP = 27.000000 and TNOM = 27.000000

Using SPARSE 1.3 as Direct Linear Solver

No. of Data Rows : 801
fcross              =  7.59311e+05
pmarg               =  6.87169e+01
tdc                 =  8.03480e+01
mode=0db  rload=10k  rsrc=2.5k  pos=1  C=47p
fcross = 7.593105e+05
pmarg = 6.871688e+01
tdc = 8.034802e+01
Doing analysis at TEMP = 27.000000 and TNOM = 27.000000

Using SPARSE 1.3 as Direct Linear Solver

No. of Data Rows : 801
fcross              =  7.60749e+05
pmarg               =  6.84694e+01
tdc                 =  8.03480e+01
mode=0db  rload=10k  rsrc=2.5k  pos=1  C=100p
fcross = 7.607488e+05
pmarg = 6.846939e+01
tdc = 8.034802e+01
Doing analysis at TEMP = 27.000000 and TNOM = 27.000000

Using SPARSE 1.3 as Direct Linear Solver

No. of Data Rows : 801
fcross              =  7.63754e+05
pmarg               =  6.78999e+01
tdc                 =  8.03480e+01
mode=0db  rload=10k  rsrc=2.5k  pos=1  C=220p
fcross = 7.637540e+05
pmarg = 6.789992e+01
tdc = 8.034803e+01
Doing analysis at TEMP = 27.000000 and TNOM = 27.000000

Using SPARSE 1.3 as Direct Linear Solver

No. of Data Rows : 801
fcross              =  7.68754e+05
pmarg               =  6.66891e+01
tdc                 =  8.03481e+01
mode=0db  rload=10k  rsrc=2.5k  pos=1  C=470p
fcross = 7.687543e+05
pmarg = 6.668912e+01
tdc = 8.034805e+01
Doing analysis at TEMP = 27.000000 and TNOM = 27.000000

Using SPARSE 1.3 as Direct Linear Solver

No. of Data Rows : 801
fcross              =  7.72918e+05
pmarg               =  6.41838e+01
tdc                 =  8.03481e+01
mode=0db  rload=10k  rsrc=2.5k  pos=1  C=1n
fcross = 7.729184e+05
pmarg = 6.418382e+01
tdc = 8.034809e+01
Doing analysis at TEMP = 27.000000 and TNOM = 27.000000

Using SPARSE 1.3 as Direct Linear Solver

No. of Data Rows : 801
fcross              =  7.69051e+05
pmarg               =  6.21638e+01
tdc                 =  8.03481e+01
mode=0db  rload=10k  rsrc=2.5k  pos=1  C=1.5n
fcross = 7.690508e+05
pmarg = 6.216381e+01
tdc = 8.034812e+01
Doing analysis at TEMP = 27.000000 and TNOM = 27.000000

Using SPARSE 1.3 as Direct Linear Solver

No. of Data Rows : 801
fcross              =  7.55095e+05
pmarg               =  6.01634e+01
tdc                 =  8.03482e+01
mode=0db  rload=10k  rsrc=2.5k  pos=1  C=2.2n
fcross = 7.550952e+05
pmarg = 6.016339e+01
tdc = 8.034817e+01
Doing analysis at TEMP = 27.000000 and TNOM = 27.000000

Using SPARSE 1.3 as Direct Linear Solver

No. of Data Rows : 801
fcross              =  7.42508e+05
pmarg               =  5.92793e+01
tdc                 =  8.03482e+01
mode=0db  rload=10k  rsrc=2.5k  pos=1  C=2.7n
fcross = 7.425079e+05
pmarg = 5.927935e+01
tdc = 8.034821e+01
Doing analysis at TEMP = 27.000000 and TNOM = 27.000000

Using SPARSE 1.3 as Direct Linear Solver

No. of Data Rows : 801
fcross              =  7.27183e+05
pmarg               =  5.86629e+01
tdc                 =  8.03482e+01
mode=0db  rload=10k  rsrc=2.5k  pos=1  C=3.3n
fcross = 7.271831e+05
pmarg = 5.866287e+01
tdc = 8.034825e+01
Doing analysis at TEMP = 27.000000 and TNOM = 27.000000

Using SPARSE 1.3 as Direct Linear Solver

No. of Data Rows : 801
fcross              =  6.95992e+05
pmarg               =  5.83368e+01
tdc                 =  8.03483e+01
mode=0db  rload=10k  rsrc=2.5k  pos=1  C=4.7n
fcross = 6.959920e+05
pmarg = 5.833682e+01
tdc = 8.034835e+01
Doing analysis at TEMP = 27.000000 and TNOM = 27.000000

Using SPARSE 1.3 as Direct Linear Solver

No. of Data Rows : 801
fcross              =  7.57997e+05
pmarg               =  6.89336e+01
tdc                 =  8.03480e+01
mode=0db  rload=10k  rsrc=2.5k  pos=2  C=1f
fcross = 7.579972e+05
pmarg = 6.893365e+01
tdc = 8.034802e+01
Doing analysis at TEMP = 27.000000 and TNOM = 27.000000

Using SPARSE 1.3 as Direct Linear Solver

No. of Data Rows : 801
fcross              =  7.59350e+05
pmarg               =  6.87152e+01
tdc                 =  8.03480e+01
mode=0db  rload=10k  rsrc=2.5k  pos=2  C=47p
fcross = 7.593499e+05
pmarg = 6.871519e+01
tdc = 8.034802e+01
Doing analysis at TEMP = 27.000000 and TNOM = 27.000000

Using SPARSE 1.3 as Direct Linear Solver

No. of Data Rows : 801
fcross              =  7.60897e+05
pmarg               =  6.84666e+01
tdc                 =  8.03480e+01
mode=0db  rload=10k  rsrc=2.5k  pos=2  C=100p
fcross = 7.608972e+05
pmarg = 6.846665e+01
tdc = 8.034802e+01
Doing analysis at TEMP = 27.000000 and TNOM = 27.000000

Using SPARSE 1.3 as Direct Linear Solver

No. of Data Rows : 801
fcross              =  7.64420e+05
pmarg               =  6.78963e+01
tdc                 =  8.03480e+01
mode=0db  rload=10k  rsrc=2.5k  pos=2  C=220p
fcross = 7.644203e+05
pmarg = 6.789635e+01
tdc = 8.034801e+01
Doing analysis at TEMP = 27.000000 and TNOM = 27.000000

Using SPARSE 1.3 as Direct Linear Solver

No. of Data Rows : 801
fcross              =  7.71842e+05
pmarg               =  6.66737e+01
tdc                 =  8.03480e+01
mode=0db  rload=10k  rsrc=2.5k  pos=2  C=470p
fcross = 7.718420e+05
pmarg = 6.667372e+01
tdc = 8.034801e+01
Doing analysis at TEMP = 27.000000 and TNOM = 27.000000

Using SPARSE 1.3 as Direct Linear Solver

No. of Data Rows : 801
fcross              =  7.88213e+05
pmarg               =  6.39107e+01
tdc                 =  8.03480e+01
mode=0db  rload=10k  rsrc=2.5k  pos=2  C=1n
fcross = 7.882131e+05
pmarg = 6.391071e+01
tdc = 8.034800e+01
Doing analysis at TEMP = 27.000000 and TNOM = 27.000000

Using SPARSE 1.3 as Direct Linear Solver

No. of Data Rows : 801
fcross              =  8.04341e+05
pmarg               =  6.10721e+01
tdc                 =  8.03480e+01
mode=0db  rload=10k  rsrc=2.5k  pos=2  C=1.5n
fcross = 8.043411e+05
pmarg = 6.107206e+01
tdc = 8.034799e+01
Doing analysis at TEMP = 27.000000 and TNOM = 27.000000

Using SPARSE 1.3 as Direct Linear Solver

No. of Data Rows : 801
fcross              =  8.27622e+05
pmarg               =  5.66850e+01
tdc                 =  8.03480e+01
mode=0db  rload=10k  rsrc=2.5k  pos=2  C=2.2n
fcross = 8.276215e+05
pmarg = 5.668496e+01
tdc = 8.034797e+01
Doing analysis at TEMP = 27.000000 and TNOM = 27.000000

Using SPARSE 1.3 as Direct Linear Solver

No. of Data Rows : 801
fcross              =  8.44288e+05
pmarg               =  5.32441e+01
tdc                 =  8.03480e+01
mode=0db  rload=10k  rsrc=2.5k  pos=2  C=2.7n
fcross = 8.442883e+05
pmarg = 5.324412e+01
tdc = 8.034796e+01
Doing analysis at TEMP = 27.000000 and TNOM = 27.000000

Using SPARSE 1.3 as Direct Linear Solver

No. of Data Rows : 801
fcross              =  8.63217e+05
pmarg               =  4.88111e+01
tdc                 =  8.03479e+01
mode=0db  rload=10k  rsrc=2.5k  pos=2  C=3.3n
fcross = 8.632174e+05
pmarg = 4.881107e+01
tdc = 8.034795e+01
Doing analysis at TEMP = 27.000000 and TNOM = 27.000000

Using SPARSE 1.3 as Direct Linear Solver
 Reference value :  2.63027e+07
No. of Data Rows : 801
fcross              =  8.93667e+05
pmarg               =  3.79400e+01
tdc                 =  8.03479e+01
mode=0db  rload=10k  rsrc=2.5k  pos=2  C=4.7n
fcross = 8.936674e+05
pmarg = 3.793999e+01
tdc = 8.034792e+01
Doing analysis at TEMP = 27.000000 and TNOM = 27.000000

Using SPARSE 1.3 as Direct Linear Solver

No. of Data Rows : 801
fcross              =  7.57989e+05
pmarg               =  6.89169e+01
tdc                 =  8.03480e+01
mode=0db  rload=10k  rsrc=2.571k  pos=1  C=1f
fcross = 7.579890e+05
pmarg = 6.891695e+01
tdc = 8.034802e+01
Doing analysis at TEMP = 27.000000 and TNOM = 27.000000

Using SPARSE 1.3 as Direct Linear Solver

No. of Data Rows : 801
fcross              =  7.59302e+05
pmarg               =  6.87002e+01
tdc                 =  8.03480e+01
mode=0db  rload=10k  rsrc=2.571k  pos=1  C=47p
fcross = 7.593021e+05
pmarg = 6.870016e+01
tdc = 8.034802e+01
Doing analysis at TEMP = 27.000000 and TNOM = 27.000000

Using SPARSE 1.3 as Direct Linear Solver

No. of Data Rows : 801
fcross              =  7.60740e+05
pmarg               =  6.84526e+01
tdc                 =  8.03480e+01
mode=0db  rload=10k  rsrc=2.571k  pos=1  C=100p
fcross = 7.607403e+05
pmarg = 6.845264e+01
tdc = 8.034802e+01
Doing analysis at TEMP = 27.000000 and TNOM = 27.000000

Using SPARSE 1.3 as Direct Linear Solver

No. of Data Rows : 801
fcross              =  7.63745e+05
pmarg               =  6.78831e+01
tdc                 =  8.03480e+01
mode=0db  rload=10k  rsrc=2.571k  pos=1  C=220p
fcross = 7.637454e+05
pmarg = 6.788311e+01
tdc = 8.034803e+01
Doing analysis at TEMP = 27.000000 and TNOM = 27.000000

Using SPARSE 1.3 as Direct Linear Solver

No. of Data Rows : 801
fcross              =  7.68745e+05
pmarg               =  6.66722e+01
tdc                 =  8.03481e+01
mode=0db  rload=10k  rsrc=2.571k  pos=1  C=470p
fcross = 7.687454e+05
pmarg = 6.667222e+01
tdc = 8.034805e+01
Doing analysis at TEMP = 27.000000 and TNOM = 27.000000

Using SPARSE 1.3 as Direct Linear Solver

No. of Data Rows : 801
fcross              =  7.72909e+05
pmarg               =  6.41669e+01
tdc                 =  8.03481e+01
mode=0db  rload=10k  rsrc=2.571k  pos=1  C=1n
fcross = 7.729094e+05
pmarg = 6.416687e+01
tdc = 8.034809e+01
Doing analysis at TEMP = 27.000000 and TNOM = 27.000000

Using SPARSE 1.3 as Direct Linear Solver

No. of Data Rows : 801
fcross              =  7.69042e+05
pmarg               =  6.21470e+01
tdc                 =  8.03481e+01
mode=0db  rload=10k  rsrc=2.571k  pos=1  C=1.5n
fcross = 7.690422e+05
pmarg = 6.214696e+01
tdc = 8.034812e+01
Doing analysis at TEMP = 27.000000 and TNOM = 27.000000

Using SPARSE 1.3 as Direct Linear Solver

No. of Data Rows : 801
fcross              =  7.55087e+05
pmarg               =  6.01468e+01
tdc                 =  8.03482e+01
mode=0db  rload=10k  rsrc=2.571k  pos=1  C=2.2n
fcross = 7.550874e+05
pmarg = 6.014685e+01
tdc = 8.034817e+01
Doing analysis at TEMP = 27.000000 and TNOM = 27.000000

Using SPARSE 1.3 as Direct Linear Solver

No. of Data Rows : 801
fcross              =  7.42501e+05
pmarg               =  5.92631e+01
tdc                 =  8.03482e+01
mode=0db  rload=10k  rsrc=2.571k  pos=1  C=2.7n
fcross = 7.425006e+05
pmarg = 5.926307e+01
tdc = 8.034821e+01
Doing analysis at TEMP = 27.000000 and TNOM = 27.000000

Using SPARSE 1.3 as Direct Linear Solver

No. of Data Rows : 801
fcross              =  7.27176e+05
pmarg               =  5.86469e+01
tdc                 =  8.03482e+01
mode=0db  rload=10k  rsrc=2.571k  pos=1  C=3.3n
fcross = 7.271765e+05
pmarg = 5.864691e+01
tdc = 8.034825e+01
Doing analysis at TEMP = 27.000000 and TNOM = 27.000000

Using SPARSE 1.3 as Direct Linear Solver

No. of Data Rows : 801
fcross              =  6.95986e+05
pmarg               =  5.83215e+01
tdc                 =  8.03483e+01
mode=0db  rload=10k  rsrc=2.571k  pos=1  C=4.7n
fcross = 6.959864e+05
pmarg = 5.832151e+01
tdc = 8.034835e+01
Doing analysis at TEMP = 27.000000 and TNOM = 27.000000

Using SPARSE 1.3 as Direct Linear Solver

No. of Data Rows : 801
fcross              =  7.57989e+05
pmarg               =  6.89169e+01
tdc                 =  8.03480e+01
mode=0db  rload=10k  rsrc=2.571k  pos=2  C=1f
fcross = 7.579890e+05
pmarg = 6.891695e+01
tdc = 8.034802e+01
Doing analysis at TEMP = 27.000000 and TNOM = 27.000000

Using SPARSE 1.3 as Direct Linear Solver

No. of Data Rows : 801
fcross              =  7.59341e+05
pmarg               =  6.86985e+01
tdc                 =  8.03480e+01
mode=0db  rload=10k  rsrc=2.571k  pos=2  C=47p
fcross = 7.593414e+05
pmarg = 6.869847e+01
tdc = 8.034802e+01
Doing analysis at TEMP = 27.000000 and TNOM = 27.000000

Using SPARSE 1.3 as Direct Linear Solver

No. of Data Rows : 801
fcross              =  7.60889e+05
pmarg               =  6.84499e+01
tdc                 =  8.03480e+01
mode=0db  rload=10k  rsrc=2.571k  pos=2  C=100p
fcross = 7.608887e+05
pmarg = 6.844989e+01
tdc = 8.034802e+01
Doing analysis at TEMP = 27.000000 and TNOM = 27.000000

Using SPARSE 1.3 as Direct Linear Solver

No. of Data Rows : 801
fcross              =  7.64412e+05
pmarg               =  6.78795e+01
tdc                 =  8.03480e+01
mode=0db  rload=10k  rsrc=2.571k  pos=2  C=220p
fcross = 7.644117e+05
pmarg = 6.787952e+01
tdc = 8.034801e+01
Doing analysis at TEMP = 27.000000 and TNOM = 27.000000

Using SPARSE 1.3 as Direct Linear Solver

No. of Data Rows : 801
fcross              =  7.71833e+05
pmarg               =  6.66567e+01
tdc                 =  8.03480e+01
mode=0db  rload=10k  rsrc=2.571k  pos=2  C=470p
fcross = 7.718330e+05
pmarg = 6.665675e+01
tdc = 8.034801e+01
Doing analysis at TEMP = 27.000000 and TNOM = 27.000000

Using SPARSE 1.3 as Direct Linear Solver

No. of Data Rows : 801
fcross              =  7.88203e+05
pmarg               =  6.38934e+01
tdc                 =  8.03480e+01
mode=0db  rload=10k  rsrc=2.571k  pos=2  C=1n
fcross = 7.882031e+05
pmarg = 6.389344e+01
tdc = 8.034800e+01
Doing analysis at TEMP = 27.000000 and TNOM = 27.000000

Using SPARSE 1.3 as Direct Linear Solver

No. of Data Rows : 801
fcross              =  8.04330e+05
pmarg               =  6.10545e+01
tdc                 =  8.03480e+01
mode=0db  rload=10k  rsrc=2.571k  pos=2  C=1.5n
fcross = 8.043300e+05
pmarg = 6.105451e+01
tdc = 8.034799e+01
Doing analysis at TEMP = 27.000000 and TNOM = 27.000000

Using SPARSE 1.3 as Direct Linear Solver

No. of Data Rows : 801
fcross              =  8.27609e+05
pmarg               =  5.66670e+01
tdc                 =  8.03480e+01
mode=0db  rload=10k  rsrc=2.571k  pos=2  C=2.2n
fcross = 8.276088e+05
pmarg = 5.666703e+01
tdc = 8.034797e+01
Doing analysis at TEMP = 27.000000 and TNOM = 27.000000

Using SPARSE 1.3 as Direct Linear Solver

No. of Data Rows : 801
fcross              =  8.44274e+05
pmarg               =  5.32260e+01
tdc                 =  8.03480e+01
mode=0db  rload=10k  rsrc=2.571k  pos=2  C=2.7n
fcross = 8.442741e+05
pmarg = 5.322595e+01
tdc = 8.034796e+01
Doing analysis at TEMP = 27.000000 and TNOM = 27.000000

Using SPARSE 1.3 as Direct Linear Solver

No. of Data Rows : 801
fcross              =  8.63202e+05
pmarg               =  4.87927e+01
tdc                 =  8.03479e+01
mode=0db  rload=10k  rsrc=2.571k  pos=2  C=3.3n
fcross = 8.632016e+05
pmarg = 4.879268e+01
tdc = 8.034795e+01
Doing analysis at TEMP = 27.000000 and TNOM = 27.000000

Using SPARSE 1.3 as Direct Linear Solver

No. of Data Rows : 801
fcross              =  8.93650e+05
Note: Starting dynamic gmin stepping
Warning: Dynamic gmin stepping failed
Note: Starting true gmin stepping
Note: True gmin stepping completed
pmarg               =  3.79214e+01
tdc                 =  8.03479e+01
mode=0db  rload=10k  rsrc=2.571k  pos=2  C=4.7n
fcross = 8.936497e+05
pmarg = 3.792136e+01
tdc = 8.034792e+01
Doing analysis at TEMP = 27.000000 and TNOM = 27.000000

Using SPARSE 1.3 as Direct Linear Solver

No. of Data Rows : 801
fcross              =  7.57984e+05
Note: Starting dynamic gmin stepping
Warning: Dynamic gmin stepping failed
Note: Starting true gmin stepping
Note: True gmin stepping completed
pmarg               =  6.89075e+01
tdc                 =  8.03480e+01
mode=0db  rload=10k  rsrc=2.611k  pos=1  C=1f
fcross = 7.579843e+05
pmarg = 6.890754e+01
tdc = 8.034802e+01
Doing analysis at TEMP = 27.000000 and TNOM = 27.000000

Using SPARSE 1.3 as Direct Linear Solver

No. of Data Rows : 801
fcross              =  7.59297e+05
Note: Starting dynamic gmin stepping
Warning: Dynamic gmin stepping failed
Note: Starting true gmin stepping
Note: True gmin stepping completed
pmarg               =  6.86907e+01
tdc                 =  8.03480e+01
mode=0db  rload=10k  rsrc=2.611k  pos=1  C=47p
fcross = 7.592972e+05
pmarg = 6.869074e+01
tdc = 8.034802e+01
Doing analysis at TEMP = 27.000000 and TNOM = 27.000000

Using SPARSE 1.3 as Direct Linear Solver

No. of Data Rows : 801
fcross              =  7.60735e+05
Note: Starting dynamic gmin stepping
Warning: Dynamic gmin stepping failed
Note: Starting true gmin stepping
Note: True gmin stepping completed
pmarg               =  6.84432e+01
tdc                 =  8.03480e+01
mode=0db  rload=10k  rsrc=2.611k  pos=1  C=100p
fcross = 7.607354e+05
pmarg = 6.844321e+01
tdc = 8.034802e+01
Doing analysis at TEMP = 27.000000 and TNOM = 27.000000

Using SPARSE 1.3 as Direct Linear Solver

No. of Data Rows : 801
fcross              =  7.63740e+05
Note: Starting dynamic gmin stepping
Warning: Dynamic gmin stepping failed
Note: Starting true gmin stepping
Note: True gmin stepping completed
pmarg               =  6.78736e+01
tdc                 =  8.03480e+01
mode=0db  rload=10k  rsrc=2.611k  pos=1  C=220p
fcross = 7.637404e+05
pmarg = 6.787364e+01
tdc = 8.034803e+01
Doing analysis at TEMP = 27.000000 and TNOM = 27.000000

Using SPARSE 1.3 as Direct Linear Solver

No. of Data Rows : 801
fcross              =  7.68740e+05
Note: Starting dynamic gmin stepping
Warning: Dynamic gmin stepping failed
Note: Starting true gmin stepping
Note: True gmin stepping completed
pmarg               =  6.66627e+01
tdc                 =  8.03481e+01
mode=0db  rload=10k  rsrc=2.611k  pos=1  C=470p
fcross = 7.687404e+05
pmarg = 6.666270e+01
tdc = 8.034805e+01
Doing analysis at TEMP = 27.000000 and TNOM = 27.000000

Using SPARSE 1.3 as Direct Linear Solver

No. of Data Rows : 801
fcross              =  7.72904e+05
Note: Starting dynamic gmin stepping
Warning: Dynamic gmin stepping failed
Note: Starting true gmin stepping
Note: True gmin stepping completed
pmarg               =  6.41573e+01
tdc                 =  8.03481e+01
mode=0db  rload=10k  rsrc=2.611k  pos=1  C=1n
fcross = 7.729043e+05
pmarg = 6.415733e+01
tdc = 8.034809e+01
Doing analysis at TEMP = 27.000000 and TNOM = 27.000000

Using SPARSE 1.3 as Direct Linear Solver

No. of Data Rows : 801
fcross              =  7.69037e+05
Note: Starting dynamic gmin stepping
Warning: Dynamic gmin stepping failed
Note: Starting true gmin stepping
Note: True gmin stepping completed
pmarg               =  6.21375e+01
tdc                 =  8.03481e+01
mode=0db  rload=10k  rsrc=2.611k  pos=1  C=1.5n
fcross = 7.690372e+05
pmarg = 6.213748e+01
tdc = 8.034812e+01
Doing analysis at TEMP = 27.000000 and TNOM = 27.000000

Using SPARSE 1.3 as Direct Linear Solver

No. of Data Rows : 801
fcross              =  7.55083e+05
Note: Starting dynamic gmin stepping
Warning: Dynamic gmin stepping failed
Note: Starting true gmin stepping
Note: True gmin stepping completed
pmarg               =  6.01375e+01
tdc                 =  8.03482e+01
mode=0db  rload=10k  rsrc=2.611k  pos=1  C=2.2n
fcross = 7.550830e+05
pmarg = 6.013753e+01
tdc = 8.034817e+01
Doing analysis at TEMP = 27.000000 and TNOM = 27.000000

Using SPARSE 1.3 as Direct Linear Solver

No. of Data Rows : 801
fcross              =  7.42496e+05
Note: Starting dynamic gmin stepping
Warning: Dynamic gmin stepping failed
Note: Starting true gmin stepping
Note: True gmin stepping completed
pmarg               =  5.92539e+01
tdc                 =  8.03482e+01
mode=0db  rload=10k  rsrc=2.611k  pos=1  C=2.7n
fcross = 7.424964e+05
pmarg = 5.925391e+01
tdc = 8.034821e+01
Doing analysis at TEMP = 27.000000 and TNOM = 27.000000

Using SPARSE 1.3 as Direct Linear Solver

No. of Data Rows : 801
fcross              =  7.27173e+05
Note: Starting dynamic gmin stepping
Warning: Dynamic gmin stepping failed
Note: Starting true gmin stepping
Note: True gmin stepping completed
pmarg               =  5.86379e+01
tdc                 =  8.03482e+01
mode=0db  rload=10k  rsrc=2.611k  pos=1  C=3.3n
fcross = 7.271727e+05
pmarg = 5.863792e+01
tdc = 8.034825e+01
Doing analysis at TEMP = 27.000000 and TNOM = 27.000000

Using SPARSE 1.3 as Direct Linear Solver

No. of Data Rows : 801
fcross              =  6.95983e+05
Note: Starting dynamic gmin stepping
Warning: Dynamic gmin stepping failed
Note: Starting true gmin stepping
Note: True gmin stepping completed
pmarg               =  5.83129e+01
tdc                 =  8.03483e+01
mode=0db  rload=10k  rsrc=2.611k  pos=1  C=4.7n
fcross = 6.959832e+05
pmarg = 5.831289e+01
tdc = 8.034835e+01
Doing analysis at TEMP = 27.000000 and TNOM = 27.000000

Using SPARSE 1.3 as Direct Linear Solver

No. of Data Rows : 801
fcross              =  7.57984e+05
Note: Starting dynamic gmin stepping
Warning: Dynamic gmin stepping failed
Note: Starting true gmin stepping
Note: True gmin stepping completed
pmarg               =  6.89075e+01
tdc                 =  8.03480e+01
mode=0db  rload=10k  rsrc=2.611k  pos=2  C=1f
fcross = 7.579843e+05
pmarg = 6.890754e+01
tdc = 8.034802e+01
Doing analysis at TEMP = 27.000000 and TNOM = 27.000000

Using SPARSE 1.3 as Direct Linear Solver

No. of Data Rows : 801
fcross              =  7.59337e+05
Note: Starting dynamic gmin stepping
Warning: Dynamic gmin stepping failed
Note: Starting true gmin stepping
Note: True gmin stepping completed
pmarg               =  6.86890e+01
tdc                 =  8.03480e+01
mode=0db  rload=10k  rsrc=2.611k  pos=2  C=47p
fcross = 7.593366e+05
pmarg = 6.868905e+01
tdc = 8.034802e+01
Doing analysis at TEMP = 27.000000 and TNOM = 27.000000

Using SPARSE 1.3 as Direct Linear Solver

No. of Data Rows : 801
fcross              =  7.60884e+05
Note: Starting dynamic gmin stepping
Warning: Dynamic gmin stepping failed
Note: Starting true gmin stepping
Note: True gmin stepping completed
pmarg               =  6.84405e+01
tdc                 =  8.03480e+01
mode=0db  rload=10k  rsrc=2.611k  pos=2  C=100p
fcross = 7.608838e+05
pmarg = 6.844046e+01
tdc = 8.034802e+01
Doing analysis at TEMP = 27.000000 and TNOM = 27.000000

Using SPARSE 1.3 as Direct Linear Solver

No. of Data Rows : 801
fcross              =  7.64407e+05
Note: Starting dynamic gmin stepping
Warning: Dynamic gmin stepping failed
Note: Starting true gmin stepping
Note: True gmin stepping completed
pmarg               =  6.78700e+01
tdc                 =  8.03480e+01
mode=0db  rload=10k  rsrc=2.611k  pos=2  C=220p
fcross = 7.644067e+05
pmarg = 6.787005e+01
tdc = 8.034801e+01
Doing analysis at TEMP = 27.000000 and TNOM = 27.000000

Using SPARSE 1.3 as Direct Linear Solver

No. of Data Rows : 801
fcross              =  7.71828e+05
Note: Starting dynamic gmin stepping
Warning: Dynamic gmin stepping failed
Note: Starting true gmin stepping
Note: True gmin stepping completed
pmarg               =  6.66472e+01
tdc                 =  8.03480e+01
mode=0db  rload=10k  rsrc=2.611k  pos=2  C=470p
fcross = 7.718278e+05
pmarg = 6.664719e+01
tdc = 8.034801e+01
Doing analysis at TEMP = 27.000000 and TNOM = 27.000000

Using SPARSE 1.3 as Direct Linear Solver

No. of Data Rows : 801
fcross              =  7.88197e+05
Note: Starting dynamic gmin stepping
Warning: Dynamic gmin stepping failed
Note: Starting true gmin stepping
Note: True gmin stepping completed
pmarg               =  6.38837e+01
tdc                 =  8.03480e+01
mode=0db  rload=10k  rsrc=2.611k  pos=2  C=1n
fcross = 7.881974e+05
pmarg = 6.388372e+01
tdc = 8.034800e+01
Doing analysis at TEMP = 27.000000 and TNOM = 27.000000

Using SPARSE 1.3 as Direct Linear Solver
 Reference value :  1.00000e+00
No. of Data Rows : 801
fcross              =  8.04324e+05
Note: Starting dynamic gmin stepping
Warning: Dynamic gmin stepping failed
Note: Starting true gmin stepping
Note: True gmin stepping completed
pmarg               =  6.10446e+01
tdc                 =  8.03480e+01
mode=0db  rload=10k  rsrc=2.611k  pos=2  C=1.5n
fcross = 8.043236e+05
pmarg = 6.104463e+01
tdc = 8.034799e+01
Doing analysis at TEMP = 27.000000 and TNOM = 27.000000

Using SPARSE 1.3 as Direct Linear Solver

No. of Data Rows : 801
fcross              =  8.27601e+05
Note: Starting dynamic gmin stepping
Warning: Dynamic gmin stepping failed
Note: Starting true gmin stepping
Note: True gmin stepping completed
pmarg               =  5.66569e+01
tdc                 =  8.03480e+01
mode=0db  rload=10k  rsrc=2.611k  pos=2  C=2.2n
fcross = 8.276015e+05
pmarg = 5.665693e+01
tdc = 8.034797e+01
Doing analysis at TEMP = 27.000000 and TNOM = 27.000000

Using SPARSE 1.3 as Direct Linear Solver

No. of Data Rows : 801
fcross              =  8.44266e+05
Note: Starting dynamic gmin stepping
Warning: Dynamic gmin stepping failed
Note: Starting true gmin stepping
Note: True gmin stepping completed
pmarg               =  5.32157e+01
tdc                 =  8.03480e+01
mode=0db  rload=10k  rsrc=2.611k  pos=2  C=2.7n
fcross = 8.442660e+05
pmarg = 5.321573e+01
tdc = 8.034796e+01
Doing analysis at TEMP = 27.000000 and TNOM = 27.000000

Using SPARSE 1.3 as Direct Linear Solver

No. of Data Rows : 801
fcross              =  8.63193e+05
Note: Starting dynamic gmin stepping
Warning: Dynamic gmin stepping failed
Note: Starting true gmin stepping
Note: True gmin stepping completed
pmarg               =  4.87823e+01
tdc                 =  8.03479e+01
mode=0db  rload=10k  rsrc=2.611k  pos=2  C=3.3n
fcross = 8.631926e+05
pmarg = 4.878232e+01
tdc = 8.034795e+01
Doing analysis at TEMP = 27.000000 and TNOM = 27.000000

Using SPARSE 1.3 as Direct Linear Solver

No. of Data Rows : 801
fcross              =  8.93640e+05
Note: Starting dynamic gmin stepping
Note: Dynamic gmin stepping completed
pmarg               =  3.79109e+01
tdc                 =  8.03479e+01
mode=0db  rload=10k  rsrc=2.611k  pos=2  C=4.7n
fcross = 8.936396e+05
pmarg = 3.791089e+01
tdc = 8.034792e+01
Doing analysis at TEMP = 27.000000 and TNOM = 27.000000

Using SPARSE 1.3 as Direct Linear Solver

No. of Data Rows : 801
fcross              =  7.01161e+05
Note: Starting dynamic gmin stepping
Note: Dynamic gmin stepping completed
pmarg               =  7.71916e+01
tdc                 =  7.87857e+01
mode=3db  rload=100k  rsrc=1m  pos=1  C=1f
fcross = 7.011608e+05
pmarg = 7.719159e+01
tdc = 7.878569e+01
Doing analysis at TEMP = 27.000000 and TNOM = 27.000000

Using SPARSE 1.3 as Direct Linear Solver

No. of Data Rows : 801
fcross              =  7.02342e+05
Note: Starting dynamic gmin stepping
Note: Dynamic gmin stepping completed
pmarg               =  7.69947e+01
tdc                 =  7.87857e+01
mode=3db  rload=100k  rsrc=1m  pos=1  C=47p
fcross = 7.023415e+05
pmarg = 7.699472e+01
tdc = 7.878569e+01
Doing analysis at TEMP = 27.000000 and TNOM = 27.000000

Using SPARSE 1.3 as Direct Linear Solver

No. of Data Rows : 801
fcross              =  7.03620e+05
Note: Starting dynamic gmin stepping
Note: Dynamic gmin stepping completed
pmarg               =  7.67705e+01
tdc                 =  7.87857e+01
mode=3db  rload=100k  rsrc=1m  pos=1  C=100p
fcross = 7.036204e+05
pmarg = 7.677050e+01
tdc = 7.878569e+01
Doing analysis at TEMP = 27.000000 and TNOM = 27.000000

Using SPARSE 1.3 as Direct Linear Solver

No. of Data Rows : 801
fcross              =  7.06295e+05
Note: Starting dynamic gmin stepping
Note: Dynamic gmin stepping completed
pmarg               =  7.62555e+01
tdc                 =  7.87857e+01
mode=3db  rload=100k  rsrc=1m  pos=1  C=220p
fcross = 7.062953e+05
pmarg = 7.625548e+01
tdc = 7.878569e+01
Doing analysis at TEMP = 27.000000 and TNOM = 27.000000

Using SPARSE 1.3 as Direct Linear Solver

No. of Data Rows : 801
fcross              =  7.10852e+05
Note: Starting dynamic gmin stepping
Note: Dynamic gmin stepping completed
pmarg               =  7.51601e+01
tdc                 =  7.87857e+01
mode=3db  rload=100k  rsrc=1m  pos=1  C=470p
fcross = 7.108523e+05
pmarg = 7.516015e+01
tdc = 7.878569e+01
Doing analysis at TEMP = 27.000000 and TNOM = 27.000000

Using SPARSE 1.3 as Direct Linear Solver

No. of Data Rows : 801
fcross              =  7.14909e+05
Note: Starting dynamic gmin stepping
Note: Dynamic gmin stepping completed
pmarg               =  7.28839e+01
tdc                 =  7.87857e+01
mode=3db  rload=100k  rsrc=1m  pos=1  C=1n
fcross = 7.149085e+05
pmarg = 7.288393e+01
tdc = 7.878568e+01
Doing analysis at TEMP = 27.000000 and TNOM = 27.000000

Using SPARSE 1.3 as Direct Linear Solver

No. of Data Rows : 801
fcross              =  7.11718e+05
Note: Starting dynamic gmin stepping
Note: Dynamic gmin stepping completed
pmarg               =  7.10158e+01
tdc                 =  7.87857e+01
mode=3db  rload=100k  rsrc=1m  pos=1  C=1.5n
fcross = 7.117183e+05
pmarg = 7.101580e+01
tdc = 7.878568e+01
Doing analysis at TEMP = 27.000000 and TNOM = 27.000000

Using SPARSE 1.3 as Direct Linear Solver

No. of Data Rows : 801
fcross              =  6.99287e+05
Note: Starting dynamic gmin stepping
Note: Dynamic gmin stepping completed
pmarg               =  6.90915e+01
tdc                 =  7.87857e+01
mode=3db  rload=100k  rsrc=1m  pos=1  C=2.2n
fcross = 6.992868e+05
pmarg = 6.909146e+01
tdc = 7.878568e+01
Doing analysis at TEMP = 27.000000 and TNOM = 27.000000

Using SPARSE 1.3 as Direct Linear Solver

No. of Data Rows : 801
fcross              =  6.87648e+05
Note: Starting dynamic gmin stepping
Note: Dynamic gmin stepping completed
pmarg               =  6.81930e+01
tdc                 =  7.87857e+01
mode=3db  rload=100k  rsrc=1m  pos=1  C=2.7n
fcross = 6.876485e+05
pmarg = 6.819302e+01
tdc = 7.878568e+01
Doing analysis at TEMP = 27.000000 and TNOM = 27.000000

Using SPARSE 1.3 as Direct Linear Solver

No. of Data Rows : 801
fcross              =  6.73117e+05
Note: Starting dynamic gmin stepping
Note: Dynamic gmin stepping completed
pmarg               =  6.75193e+01
tdc                 =  7.87857e+01
mode=3db  rload=100k  rsrc=1m  pos=1  C=3.3n
fcross = 6.731166e+05
pmarg = 6.751930e+01
tdc = 7.878568e+01
Doing analysis at TEMP = 27.000000 and TNOM = 27.000000

Using SPARSE 1.3 as Direct Linear Solver

No. of Data Rows : 801
fcross              =  6.42685e+05
Note: Starting dynamic gmin stepping
Note: Dynamic gmin stepping completed
pmarg               =  6.70060e+01
tdc                 =  7.87857e+01
mode=3db  rload=100k  rsrc=1m  pos=1  C=4.7n
fcross = 6.426848e+05
pmarg = 6.700604e+01
tdc = 7.878567e+01
Doing analysis at TEMP = 27.000000 and TNOM = 27.000000

Using SPARSE 1.3 as Direct Linear Solver

No. of Data Rows : 801
fcross              =  7.01161e+05
Note: Starting dynamic gmin stepping
Note: Dynamic gmin stepping completed
pmarg               =  7.71916e+01
tdc                 =  7.87857e+01
mode=3db  rload=100k  rsrc=1m  pos=2  C=1f
fcross = 7.011608e+05
pmarg = 7.719159e+01
tdc = 7.878569e+01
Doing analysis at TEMP = 27.000000 and TNOM = 27.000000

Using SPARSE 1.3 as Direct Linear Solver

No. of Data Rows : 801
fcross              =  7.02366e+05
Note: Starting dynamic gmin stepping
Note: Dynamic gmin stepping completed
pmarg               =  7.69948e+01
tdc                 =  7.87857e+01
mode=3db  rload=100k  rsrc=1m  pos=2  C=47p
fcross = 7.023660e+05
pmarg = 7.699480e+01
tdc = 7.878569e+01
Doing analysis at TEMP = 27.000000 and TNOM = 27.000000

Using SPARSE 1.3 as Direct Linear Solver

No. of Data Rows : 801
fcross              =  7.03729e+05
Note: Starting dynamic gmin stepping
Note: Dynamic gmin stepping completed
pmarg               =  7.67713e+01
tdc                 =  7.87857e+01
mode=3db  rload=100k  rsrc=1m  pos=2  C=100p
fcross = 7.037288e+05
pmarg = 7.677135e+01
tdc = 7.878569e+01
Doing analysis at TEMP = 27.000000 and TNOM = 27.000000

Using SPARSE 1.3 as Direct Linear Solver

No. of Data Rows : 801
fcross              =  7.06829e+05
Note: Starting dynamic gmin stepping
Note: Dynamic gmin stepping completed
pmarg               =  7.62593e+01
tdc                 =  7.87857e+01
mode=3db  rload=100k  rsrc=1m  pos=2  C=220p
fcross = 7.068291e+05
pmarg = 7.625932e+01
tdc = 7.878568e+01
Doing analysis at TEMP = 27.000000 and TNOM = 27.000000

Using SPARSE 1.3 as Direct Linear Solver

No. of Data Rows : 801
fcross              =  7.13501e+05
Note: Starting dynamic gmin stepping
Note: Dynamic gmin stepping completed
pmarg               =  7.51602e+01
tdc                 =  7.87857e+01
mode=3db  rload=100k  rsrc=1m  pos=2  C=470p
fcross = 7.135006e+05
pmarg = 7.516020e+01
tdc = 7.878568e+01
Doing analysis at TEMP = 27.000000 and TNOM = 27.000000

Using SPARSE 1.3 as Direct Linear Solver

No. of Data Rows : 801
fcross              =  7.28074e+05
Note: Starting dynamic gmin stepping
Note: Dynamic gmin stepping completed
pmarg               =  7.26914e+01
tdc                 =  7.87857e+01
mode=3db  rload=100k  rsrc=1m  pos=2  C=1n
fcross = 7.280737e+05
pmarg = 7.269137e+01
tdc = 7.878567e+01
Doing analysis at TEMP = 27.000000 and TNOM = 27.000000

Using SPARSE 1.3 as Direct Linear Solver

No. of Data Rows : 801
fcross              =  7.42396e+05
Note: Starting dynamic gmin stepping
Note: Dynamic gmin stepping completed
pmarg               =  7.01721e+01
tdc                 =  7.87857e+01
mode=3db  rload=100k  rsrc=1m  pos=2  C=1.5n
fcross = 7.423958e+05
pmarg = 7.017213e+01
tdc = 7.878566e+01
Doing analysis at TEMP = 27.000000 and TNOM = 27.000000

Using SPARSE 1.3 as Direct Linear Solver

No. of Data Rows : 801
fcross              =  7.63237e+05
Note: Starting dynamic gmin stepping
Note: Dynamic gmin stepping completed
pmarg               =  6.63014e+01
tdc                 =  7.87856e+01
mode=3db  rload=100k  rsrc=1m  pos=2  C=2.2n
fcross = 7.632366e+05
pmarg = 6.630138e+01
tdc = 7.878565e+01
Doing analysis at TEMP = 27.000000 and TNOM = 27.000000

Using SPARSE 1.3 as Direct Linear Solver

No. of Data Rows : 801
fcross              =  7.78213e+05
Note: Starting dynamic gmin stepping
Note: Dynamic gmin stepping completed
pmarg               =  6.32864e+01
tdc                 =  7.87856e+01
mode=3db  rload=100k  rsrc=1m  pos=2  C=2.7n
fcross = 7.782134e+05
pmarg = 6.328636e+01
tdc = 7.878564e+01
Doing analysis at TEMP = 27.000000 and TNOM = 27.000000

Using SPARSE 1.3 as Direct Linear Solver

No. of Data Rows : 801
fcross              =  7.95660e+05
Note: Starting dynamic gmin stepping
Note: Dynamic gmin stepping completed
pmarg               =  5.94029e+01
tdc                 =  7.87856e+01
mode=3db  rload=100k  rsrc=1m  pos=2  C=3.3n
fcross = 7.956598e+05
pmarg = 5.940293e+01
tdc = 7.878563e+01
Doing analysis at TEMP = 27.000000 and TNOM = 27.000000

Using SPARSE 1.3 as Direct Linear Solver

No. of Data Rows : 801
fcross              =  8.27228e+05
Note: Starting dynamic gmin stepping
Warning: Dynamic gmin stepping failed
Note: Starting true gmin stepping
Note: True gmin stepping completed
pmarg               =  4.96944e+01
tdc                 =  7.87856e+01
mode=3db  rload=100k  rsrc=1m  pos=2  C=4.7n
fcross = 8.272275e+05
pmarg = 4.969444e+01
tdc = 7.878560e+01
Doing analysis at TEMP = 27.000000 and TNOM = 27.000000

Using SPARSE 1.3 as Direct Linear Solver

No. of Data Rows : 801
fcross              =  7.01129e+05
Note: Starting dynamic gmin stepping
Warning: Dynamic gmin stepping failed
Note: Starting true gmin stepping
Note: True gmin stepping completed
pmarg               =  7.69713e+01
tdc                 =  7.87857e+01
mode=3db  rload=100k  rsrc=1k  pos=1  C=1f
fcross = 7.011288e+05
pmarg = 7.697126e+01
tdc = 7.878569e+01
Doing analysis at TEMP = 27.000000 and TNOM = 27.000000

Using SPARSE 1.3 as Direct Linear Solver

No. of Data Rows : 801
fcross              =  7.02309e+05
Note: Starting dynamic gmin stepping
Warning: Dynamic gmin stepping failed
Note: Starting true gmin stepping
Note: True gmin stepping completed
pmarg               =  7.67740e+01
tdc                 =  7.87857e+01
mode=3db  rload=100k  rsrc=1k  pos=1  C=47p
fcross = 7.023093e+05
pmarg = 7.677403e+01
tdc = 7.878569e+01
Doing analysis at TEMP = 27.000000 and TNOM = 27.000000

Using SPARSE 1.3 as Direct Linear Solver
 Reference value :  1.00000e+00
No. of Data Rows : 801
fcross              =  7.03588e+05
Note: Starting dynamic gmin stepping
Warning: Dynamic gmin stepping failed
Note: Starting true gmin stepping
Note: True gmin stepping completed
pmarg               =  7.65494e+01
tdc                 =  7.87857e+01
mode=3db  rload=100k  rsrc=1k  pos=1  C=100p
fcross = 7.035880e+05
pmarg = 7.654942e+01
tdc = 7.878569e+01
Doing analysis at TEMP = 27.000000 and TNOM = 27.000000

Using SPARSE 1.3 as Direct Linear Solver

No. of Data Rows : 801
fcross              =  7.06262e+05
Note: Starting dynamic gmin stepping
Warning: Dynamic gmin stepping failed
Note: Starting true gmin stepping
Note: True gmin stepping completed
pmarg               =  7.60336e+01
tdc                 =  7.87857e+01
mode=3db  rload=100k  rsrc=1k  pos=1  C=220p
fcross = 7.062625e+05
pmarg = 7.603358e+01
tdc = 7.878569e+01
Doing analysis at TEMP = 27.000000 and TNOM = 27.000000

Using SPARSE 1.3 as Direct Linear Solver

No. of Data Rows : 801
fcross              =  7.10818e+05
Note: Starting dynamic gmin stepping
Warning: Dynamic gmin stepping failed
Note: Starting true gmin stepping
Note: True gmin stepping completed
pmarg               =  7.49369e+01
tdc                 =  7.87857e+01
mode=3db  rload=100k  rsrc=1k  pos=1  C=470p
fcross = 7.108179e+05
pmarg = 7.493691e+01
tdc = 7.878569e+01
Doing analysis at TEMP = 27.000000 and TNOM = 27.000000

Using SPARSE 1.3 as Direct Linear Solver

No. of Data Rows : 801
fcross              =  7.14874e+05
Note: Starting dynamic gmin stepping
Warning: Dynamic gmin stepping failed
Note: Starting true gmin stepping
Note: True gmin stepping completed
pmarg               =  7.26595e+01
tdc                 =  7.87857e+01
mode=3db  rload=100k  rsrc=1k  pos=1  C=1n
fcross = 7.148740e+05
pmarg = 7.265955e+01
tdc = 7.878569e+01
Doing analysis at TEMP = 27.000000 and TNOM = 27.000000

Using SPARSE 1.3 as Direct Linear Solver

No. of Data Rows : 801
fcross              =  7.11685e+05
Note: Starting dynamic gmin stepping
Warning: Dynamic gmin stepping failed
Note: Starting true gmin stepping
Note: True gmin stepping completed
pmarg               =  7.07925e+01
tdc                 =  7.87857e+01
mode=3db  rload=100k  rsrc=1k  pos=1  C=1.5n
fcross = 7.116850e+05
pmarg = 7.079249e+01
tdc = 7.878568e+01
Doing analysis at TEMP = 27.000000 and TNOM = 27.000000

Using SPARSE 1.3 as Direct Linear Solver

No. of Data Rows : 801
fcross              =  6.99257e+05
Note: Starting dynamic gmin stepping
Warning: Dynamic gmin stepping failed
Note: Starting true gmin stepping
Note: True gmin stepping completed
pmarg               =  6.88720e+01
tdc                 =  7.87857e+01
mode=3db  rload=100k  rsrc=1k  pos=1  C=2.2n
fcross = 6.992571e+05
pmarg = 6.887204e+01
tdc = 7.878568e+01
Doing analysis at TEMP = 27.000000 and TNOM = 27.000000

Using SPARSE 1.3 as Direct Linear Solver

No. of Data Rows : 801
fcross              =  6.87622e+05
Note: Starting dynamic gmin stepping
Warning: Dynamic gmin stepping failed
Note: Starting true gmin stepping
Note: True gmin stepping completed
pmarg               =  6.79772e+01
tdc                 =  7.87857e+01
mode=3db  rload=100k  rsrc=1k  pos=1  C=2.7n
fcross = 6.876215e+05
pmarg = 6.797720e+01
tdc = 7.878568e+01
Doing analysis at TEMP = 27.000000 and TNOM = 27.000000

Using SPARSE 1.3 as Direct Linear Solver

No. of Data Rows : 801
fcross              =  6.73092e+05
Note: Starting dynamic gmin stepping
Warning: Dynamic gmin stepping failed
Note: Starting true gmin stepping
Note: True gmin stepping completed
pmarg               =  6.73080e+01
tdc                 =  7.87857e+01
mode=3db  rload=100k  rsrc=1k  pos=1  C=3.3n
fcross = 6.730923e+05
pmarg = 6.730798e+01
tdc = 7.878568e+01
Doing analysis at TEMP = 27.000000 and TNOM = 27.000000

Using SPARSE 1.3 as Direct Linear Solver

No. of Data Rows : 801
fcross              =  6.42665e+05
Note: Starting dynamic gmin stepping
Warning: Dynamic gmin stepping failed
Note: Starting true gmin stepping
Note: True gmin stepping completed
pmarg               =  6.68041e+01
tdc                 =  7.87857e+01
mode=3db  rload=100k  rsrc=1k  pos=1  C=4.7n
fcross = 6.426647e+05
pmarg = 6.680414e+01
tdc = 7.878567e+01
Doing analysis at TEMP = 27.000000 and TNOM = 27.000000

Using SPARSE 1.3 as Direct Linear Solver

No. of Data Rows : 801
fcross              =  7.01129e+05
Note: Starting dynamic gmin stepping
Warning: Dynamic gmin stepping failed
Note: Starting true gmin stepping
Note: True gmin stepping completed
pmarg               =  7.69713e+01
tdc                 =  7.87857e+01
mode=3db  rload=100k  rsrc=1k  pos=2  C=1f
fcross = 7.011288e+05
pmarg = 7.697126e+01
tdc = 7.878569e+01
Doing analysis at TEMP = 27.000000 and TNOM = 27.000000

Using SPARSE 1.3 as Direct Linear Solver

No. of Data Rows : 801
fcross              =  7.02334e+05
Note: Starting dynamic gmin stepping
Warning: Dynamic gmin stepping failed
Note: Starting true gmin stepping
Note: True gmin stepping completed
pmarg               =  7.67741e+01
tdc                 =  7.87857e+01
mode=3db  rload=100k  rsrc=1k  pos=2  C=47p
fcross = 7.023337e+05
pmarg = 7.677410e+01
tdc = 7.878569e+01
Doing analysis at TEMP = 27.000000 and TNOM = 27.000000

Using SPARSE 1.3 as Direct Linear Solver

No. of Data Rows : 801
fcross              =  7.03696e+05
Note: Starting dynamic gmin stepping
Warning: Dynamic gmin stepping failed
Note: Starting true gmin stepping
Note: True gmin stepping completed
pmarg               =  7.65502e+01
tdc                 =  7.87857e+01
mode=3db  rload=100k  rsrc=1k  pos=2  C=100p
fcross = 7.036964e+05
pmarg = 7.655023e+01
tdc = 7.878569e+01
Doing analysis at TEMP = 27.000000 and TNOM = 27.000000

Using SPARSE 1.3 as Direct Linear Solver

No. of Data Rows : 801
fcross              =  7.06796e+05
Note: Starting dynamic gmin stepping
Warning: Dynamic gmin stepping failed
Note: Starting true gmin stepping
Note: True gmin stepping completed
pmarg               =  7.60373e+01
tdc                 =  7.87857e+01
mode=3db  rload=100k  rsrc=1k  pos=2  C=220p
fcross = 7.067962e+05
pmarg = 7.603725e+01
tdc = 7.878569e+01
Doing analysis at TEMP = 27.000000 and TNOM = 27.000000

Using SPARSE 1.3 as Direct Linear Solver

No. of Data Rows : 801
fcross              =  7.13466e+05
Note: Starting dynamic gmin stepping
Warning: Dynamic gmin stepping failed
Note: Starting true gmin stepping
Note: True gmin stepping completed
pmarg               =  7.49361e+01
tdc                 =  7.87857e+01
mode=3db  rload=100k  rsrc=1k  pos=2  C=470p
fcross = 7.134657e+05
pmarg = 7.493613e+01
tdc = 7.878568e+01
Doing analysis at TEMP = 27.000000 and TNOM = 27.000000

Using SPARSE 1.3 as Direct Linear Solver

No. of Data Rows : 801
fcross              =  7.28035e+05
Note: Starting dynamic gmin stepping
Warning: Dynamic gmin stepping failed
Note: Starting true gmin stepping
Note: True gmin stepping completed
pmarg               =  7.24629e+01
tdc                 =  7.87857e+01
mode=3db  rload=100k  rsrc=1k  pos=2  C=1n
fcross = 7.280352e+05
pmarg = 7.246292e+01
tdc = 7.878567e+01
Doing analysis at TEMP = 27.000000 and TNOM = 27.000000

Using SPARSE 1.3 as Direct Linear Solver

No. of Data Rows : 801
fcross              =  7.42353e+05
Note: Starting dynamic gmin stepping
Warning: Dynamic gmin stepping failed
Note: Starting true gmin stepping
Note: True gmin stepping completed
pmarg               =  6.99394e+01
tdc                 =  7.87857e+01
mode=3db  rload=100k  rsrc=1k  pos=2  C=1.5n
fcross = 7.423534e+05
pmarg = 6.993944e+01
tdc = 7.878566e+01
Doing analysis at TEMP = 27.000000 and TNOM = 27.000000

Using SPARSE 1.3 as Direct Linear Solver

No. of Data Rows : 801
fcross              =  7.63189e+05
Note: Starting dynamic gmin stepping
Warning: Dynamic gmin stepping failed
Note: Starting true gmin stepping
Note: True gmin stepping completed
pmarg               =  6.60626e+01
tdc                 =  7.87856e+01
mode=3db  rload=100k  rsrc=1k  pos=2  C=2.2n
fcross = 7.631886e+05
pmarg = 6.606258e+01
tdc = 7.878565e+01
Doing analysis at TEMP = 27.000000 and TNOM = 27.000000

Using SPARSE 1.3 as Direct Linear Solver

No. of Data Rows : 801
fcross              =  7.78161e+05
Note: Starting dynamic gmin stepping
Warning: Dynamic gmin stepping failed
Note: Starting true gmin stepping
Note: True gmin stepping completed
pmarg               =  6.30433e+01
tdc                 =  7.87856e+01
mode=3db  rload=100k  rsrc=1k  pos=2  C=2.7n
fcross = 7.781606e+05
pmarg = 6.304329e+01
tdc = 7.878564e+01
Doing analysis at TEMP = 27.000000 and TNOM = 27.000000

Using SPARSE 1.3 as Direct Linear Solver

No. of Data Rows : 801
fcross              =  7.95602e+05
Note: Starting dynamic gmin stepping
Warning: Dynamic gmin stepping failed
Note: Starting true gmin stepping
Note: True gmin stepping completed
pmarg               =  5.91550e+01
tdc                 =  7.87856e+01
mode=3db  rload=100k  rsrc=1k  pos=2  C=3.3n
fcross = 7.956017e+05
pmarg = 5.915498e+01
tdc = 7.878563e+01
Doing analysis at TEMP = 27.000000 and TNOM = 27.000000

Using SPARSE 1.3 as Direct Linear Solver

No. of Data Rows : 801
fcross              =  8.27164e+05
Note: Starting dynamic gmin stepping
Warning: Dynamic gmin stepping failed
Note: Starting true gmin stepping
Note: True gmin stepping completed
pmarg               =  4.94379e+01
tdc                 =  7.87856e+01
mode=3db  rload=100k  rsrc=1k  pos=2  C=4.7n
fcross = 8.271644e+05
pmarg = 4.943785e+01
tdc = 7.878560e+01
Doing analysis at TEMP = 27.000000 and TNOM = 27.000000

Using SPARSE 1.3 as Direct Linear Solver

No. of Data Rows : 801
fcross              =  7.01015e+05
Note: Starting dynamic gmin stepping
Warning: Dynamic gmin stepping failed
Note: Starting true gmin stepping
Note: True gmin stepping completed
pmarg               =  7.66432e+01
tdc                 =  7.87857e+01
mode=3db  rload=100k  rsrc=2.5k  pos=1  C=1f
fcross = 7.010146e+05
pmarg = 7.664321e+01
tdc = 7.878569e+01
Doing analysis at TEMP = 27.000000 and TNOM = 27.000000

Using SPARSE 1.3 as Direct Linear Solver

No. of Data Rows : 801
fcross              =  7.02194e+05
Note: Starting dynamic gmin stepping
Warning: Dynamic gmin stepping failed
Note: Starting true gmin stepping
Note: True gmin stepping completed
pmarg               =  7.64455e+01
tdc                 =  7.87857e+01
mode=3db  rload=100k  rsrc=2.5k  pos=1  C=47p
fcross = 7.021944e+05
pmarg = 7.644548e+01
tdc = 7.878569e+01
Doing analysis at TEMP = 27.000000 and TNOM = 27.000000

Using SPARSE 1.3 as Direct Linear Solver

No. of Data Rows : 801
fcross              =  7.03472e+05
Note: Starting dynamic gmin stepping
Warning: Dynamic gmin stepping failed
Note: Starting true gmin stepping
Note: True gmin stepping completed
pmarg               =  7.62203e+01
tdc                 =  7.87857e+01
mode=3db  rload=100k  rsrc=2.5k  pos=1  C=100p
fcross = 7.034723e+05
pmarg = 7.622031e+01
tdc = 7.878569e+01
Doing analysis at TEMP = 27.000000 and TNOM = 27.000000

Using SPARSE 1.3 as Direct Linear Solver

No. of Data Rows : 801
fcross              =  7.06145e+05
Note: Starting dynamic gmin stepping
Warning: Dynamic gmin stepping failed
Note: Starting true gmin stepping
Note: True gmin stepping completed
pmarg               =  7.57033e+01
tdc                 =  7.87857e+01
mode=3db  rload=100k  rsrc=2.5k  pos=1  C=220p
fcross = 7.061452e+05
pmarg = 7.570334e+01
tdc = 7.878569e+01
Doing analysis at TEMP = 27.000000 and TNOM = 27.000000

Using SPARSE 1.3 as Direct Linear Solver

No. of Data Rows : 801
fcross              =  7.10695e+05
Note: Starting dynamic gmin stepping
Warning: Dynamic gmin stepping failed
Note: Starting true gmin stepping
Note: True gmin stepping completed
pmarg               =  7.46049e+01
tdc                 =  7.87857e+01
mode=3db  rload=100k  rsrc=2.5k  pos=1  C=470p
fcross = 7.106947e+05
pmarg = 7.460490e+01
tdc = 7.878569e+01
Doing analysis at TEMP = 27.000000 and TNOM = 27.000000

Using SPARSE 1.3 as Direct Linear Solver

No. of Data Rows : 801
fcross              =  7.14749e+05
Note: Starting dynamic gmin stepping
Warning: Dynamic gmin stepping failed
Note: Starting true gmin stepping
Note: True gmin stepping completed
pmarg               =  7.23262e+01
tdc                 =  7.87857e+01
mode=3db  rload=100k  rsrc=2.5k  pos=1  C=1n
fcross = 7.147492e+05
pmarg = 7.232615e+01
tdc = 7.878569e+01
Doing analysis at TEMP = 27.000000 and TNOM = 27.000000

Using SPARSE 1.3 as Direct Linear Solver
 Reference value :  1.34896e+07
No. of Data Rows : 801
fcross              =  7.11564e+05
Note: Starting dynamic gmin stepping
Warning: Dynamic gmin stepping failed
Note: Starting true gmin stepping
Note: True gmin stepping completed
pmarg               =  7.04609e+01
tdc                 =  7.87857e+01
mode=3db  rload=100k  rsrc=2.5k  pos=1  C=1.5n
fcross = 7.115639e+05
pmarg = 7.046089e+01
tdc = 7.878568e+01
Doing analysis at TEMP = 27.000000 and TNOM = 27.000000

Using SPARSE 1.3 as Direct Linear Solver

No. of Data Rows : 801
fcross              =  6.99148e+05
Note: Starting dynamic gmin stepping
Warning: Dynamic gmin stepping failed
Note: Starting true gmin stepping
Note: True gmin stepping completed
pmarg               =  6.85462e+01
tdc                 =  7.87857e+01
mode=3db  rload=100k  rsrc=2.5k  pos=1  C=2.2n
fcross = 6.991483e+05
pmarg = 6.854619e+01
tdc = 7.878568e+01
Doing analysis at TEMP = 27.000000 and TNOM = 27.000000

Using SPARSE 1.3 as Direct Linear Solver

No. of Data Rows : 801
fcross              =  6.87522e+05
Note: Starting dynamic gmin stepping
Warning: Dynamic gmin stepping failed
Note: Starting true gmin stepping
Note: True gmin stepping completed
pmarg               =  6.76566e+01
tdc                 =  7.87857e+01
mode=3db  rload=100k  rsrc=2.5k  pos=1  C=2.7n
fcross = 6.875221e+05
pmarg = 6.765659e+01
tdc = 7.878568e+01
Doing analysis at TEMP = 27.000000 and TNOM = 27.000000

Using SPARSE 1.3 as Direct Linear Solver

No. of Data Rows : 801
fcross              =  6.73002e+05
Note: Starting dynamic gmin stepping
Warning: Dynamic gmin stepping failed
Note: Starting true gmin stepping
Note: True gmin stepping completed
pmarg               =  6.69939e+01
tdc                 =  7.87857e+01
mode=3db  rload=100k  rsrc=2.5k  pos=1  C=3.3n
fcross = 6.730023e+05
pmarg = 6.699388e+01
tdc = 7.878568e+01
Doing analysis at TEMP = 27.000000 and TNOM = 27.000000

Using SPARSE 1.3 as Direct Linear Solver

No. of Data Rows : 801
fcross              =  6.42590e+05
Note: Starting dynamic gmin stepping
Warning: Dynamic gmin stepping failed
Note: Starting true gmin stepping
Note: True gmin stepping completed
pmarg               =  6.65037e+01
tdc                 =  7.87857e+01
mode=3db  rload=100k  rsrc=2.5k  pos=1  C=4.7n
fcross = 6.425899e+05
pmarg = 6.650372e+01
tdc = 7.878567e+01
Doing analysis at TEMP = 27.000000 and TNOM = 27.000000

Using SPARSE 1.3 as Direct Linear Solver

No. of Data Rows : 801
fcross              =  7.01015e+05
Note: Starting dynamic gmin stepping
Warning: Dynamic gmin stepping failed
Note: Starting true gmin stepping
Note: True gmin stepping completed
pmarg               =  7.66432e+01
tdc                 =  7.87857e+01
mode=3db  rload=100k  rsrc=2.5k  pos=2  C=1f
fcross = 7.010146e+05
pmarg = 7.664321e+01
tdc = 7.878569e+01
Doing analysis at TEMP = 27.000000 and TNOM = 27.000000

Using SPARSE 1.3 as Direct Linear Solver

No. of Data Rows : 801
fcross              =  7.02219e+05
Note: Starting dynamic gmin stepping
Warning: Dynamic gmin stepping failed
Note: Starting true gmin stepping
Note: True gmin stepping completed
pmarg               =  7.64455e+01
tdc                 =  7.87857e+01
mode=3db  rload=100k  rsrc=2.5k  pos=2  C=47p
fcross = 7.022188e+05
pmarg = 7.644554e+01
tdc = 7.878569e+01
Doing analysis at TEMP = 27.000000 and TNOM = 27.000000

Using SPARSE 1.3 as Direct Linear Solver

No. of Data Rows : 801
fcross              =  7.03581e+05
Note: Starting dynamic gmin stepping
Warning: Dynamic gmin stepping failed
Note: Starting true gmin stepping
Note: True gmin stepping completed
pmarg               =  7.62211e+01
tdc                 =  7.87857e+01
mode=3db  rload=100k  rsrc=2.5k  pos=2  C=100p
fcross = 7.035806e+05
pmarg = 7.622108e+01
tdc = 7.878569e+01
Doing analysis at TEMP = 27.000000 and TNOM = 27.000000

Using SPARSE 1.3 as Direct Linear Solver

No. of Data Rows : 801
fcross              =  7.06678e+05
Note: Starting dynamic gmin stepping
Warning: Dynamic gmin stepping failed
Note: Starting true gmin stepping
Note: True gmin stepping completed
pmarg               =  7.57068e+01
tdc                 =  7.87857e+01
mode=3db  rload=100k  rsrc=2.5k  pos=2  C=220p
fcross = 7.066785e+05
pmarg = 7.570676e+01
tdc = 7.878569e+01
Doing analysis at TEMP = 27.000000 and TNOM = 27.000000

Using SPARSE 1.3 as Direct Linear Solver

No. of Data Rows : 801
fcross              =  7.13340e+05
Note: Starting dynamic gmin stepping
Warning: Dynamic gmin stepping failed
Note: Starting true gmin stepping
Note: True gmin stepping completed
pmarg               =  7.46029e+01
tdc                 =  7.87857e+01
mode=3db  rload=100k  rsrc=2.5k  pos=2  C=470p
fcross = 7.133404e+05
pmarg = 7.460289e+01
tdc = 7.878568e+01
Doing analysis at TEMP = 27.000000 and TNOM = 27.000000

Using SPARSE 1.3 as Direct Linear Solver

No. of Data Rows : 801
fcross              =  7.27896e+05
Note: Starting dynamic gmin stepping
Warning: Dynamic gmin stepping failed
Note: Starting true gmin stepping
Note: True gmin stepping completed
pmarg               =  7.21237e+01
tdc                 =  7.87857e+01
mode=3db  rload=100k  rsrc=2.5k  pos=2  C=1n
fcross = 7.278961e+05
pmarg = 7.212368e+01
tdc = 7.878567e+01
Doing analysis at TEMP = 27.000000 and TNOM = 27.000000

Using SPARSE 1.3 as Direct Linear Solver

No. of Data Rows : 801
fcross              =  7.42199e+05
Note: Starting dynamic gmin stepping
Warning: Dynamic gmin stepping failed
Note: Starting true gmin stepping
Note: True gmin stepping completed
pmarg               =  6.95945e+01
tdc                 =  7.87857e+01
mode=3db  rload=100k  rsrc=2.5k  pos=2  C=1.5n
fcross = 7.421990e+05
pmarg = 6.959450e+01
tdc = 7.878566e+01
Doing analysis at TEMP = 27.000000 and TNOM = 27.000000

Using SPARSE 1.3 as Direct Linear Solver

No. of Data Rows : 801
fcross              =  7.63012e+05
Note: Starting dynamic gmin stepping
Warning: Dynamic gmin stepping failed
Note: Starting true gmin stepping
Note: True gmin stepping completed
pmarg               =  6.57097e+01
tdc                 =  7.87856e+01
mode=3db  rload=100k  rsrc=2.5k  pos=2  C=2.2n
fcross = 7.630119e+05
pmarg = 6.570966e+01
tdc = 7.878565e+01
Doing analysis at TEMP = 27.000000 and TNOM = 27.000000

Using SPARSE 1.3 as Direct Linear Solver

No. of Data Rows : 801
fcross              =  7.77964e+05
Note: Starting dynamic gmin stepping
Warning: Dynamic gmin stepping failed
Note: Starting true gmin stepping
Note: True gmin stepping completed
pmarg               =  6.26851e+01
tdc                 =  7.87856e+01
mode=3db  rload=100k  rsrc=2.5k  pos=2  C=2.7n
fcross = 7.779645e+05
pmarg = 6.268509e+01
tdc = 7.878564e+01
Doing analysis at TEMP = 27.000000 and TNOM = 27.000000

Using SPARSE 1.3 as Direct Linear Solver

No. of Data Rows : 801
fcross              =  7.95383e+05
Note: Starting dynamic gmin stepping
Warning: Dynamic gmin stepping failed
Note: Starting true gmin stepping
Note: True gmin stepping completed
pmarg               =  5.87911e+01
tdc                 =  7.87856e+01
mode=3db  rload=100k  rsrc=2.5k  pos=2  C=3.3n
fcross = 7.953828e+05
pmarg = 5.879109e+01
tdc = 7.878563e+01
Doing analysis at TEMP = 27.000000 and TNOM = 27.000000

Using SPARSE 1.3 as Direct Linear Solver

No. of Data Rows : 801
fcross              =  8.26918e+05
pmarg               =  4.90647e+01
tdc                 =  7.87856e+01
mode=3db  rload=100k  rsrc=2.5k  pos=2  C=4.7n
fcross = 8.269180e+05
pmarg = 4.906471e+01
tdc = 7.878560e+01
Doing analysis at TEMP = 27.000000 and TNOM = 27.000000

Using SPARSE 1.3 as Direct Linear Solver

No. of Data Rows : 801
fcross              =  7.01007e+05
pmarg               =  7.66278e+01
tdc                 =  7.87857e+01
mode=3db  rload=100k  rsrc=2.571k  pos=1  C=1f
fcross = 7.010073e+05
pmarg = 7.662776e+01
tdc = 7.878569e+01
Doing analysis at TEMP = 27.000000 and TNOM = 27.000000

Using SPARSE 1.3 as Direct Linear Solver

No. of Data Rows : 801
fcross              =  7.02187e+05
pmarg               =  7.64300e+01
tdc                 =  7.87857e+01
mode=3db  rload=100k  rsrc=2.571k  pos=1  C=47p
fcross = 7.021870e+05
pmarg = 7.643000e+01
tdc = 7.878569e+01
Doing analysis at TEMP = 27.000000 and TNOM = 27.000000

Using SPARSE 1.3 as Direct Linear Solver

No. of Data Rows : 801
fcross              =  7.03465e+05
pmarg               =  7.62048e+01
tdc                 =  7.87857e+01
mode=3db  rload=100k  rsrc=2.571k  pos=1  C=100p
fcross = 7.034648e+05
pmarg = 7.620482e+01
tdc = 7.878569e+01
Doing analysis at TEMP = 27.000000 and TNOM = 27.000000

Using SPARSE 1.3 as Direct Linear Solver

No. of Data Rows : 801
fcross              =  7.06138e+05
pmarg               =  7.56878e+01
tdc                 =  7.87857e+01
mode=3db  rload=100k  rsrc=2.571k  pos=1  C=220p
fcross = 7.061376e+05
pmarg = 7.568779e+01
tdc = 7.878569e+01
Doing analysis at TEMP = 27.000000 and TNOM = 27.000000

Using SPARSE 1.3 as Direct Linear Solver

No. of Data Rows : 801
fcross              =  7.10687e+05
pmarg               =  7.45893e+01
tdc                 =  7.87857e+01
mode=3db  rload=100k  rsrc=2.571k  pos=1  C=470p
fcross = 7.106867e+05
pmarg = 7.458927e+01
tdc = 7.878569e+01
Doing analysis at TEMP = 27.000000 and TNOM = 27.000000

Using SPARSE 1.3 as Direct Linear Solver

No. of Data Rows : 801
fcross              =  7.14741e+05
pmarg               =  7.23105e+01
tdc                 =  7.87857e+01
mode=3db  rload=100k  rsrc=2.571k  pos=1  C=1n
fcross = 7.147412e+05
pmarg = 7.231047e+01
tdc = 7.878569e+01
Doing analysis at TEMP = 27.000000 and TNOM = 27.000000

Using SPARSE 1.3 as Direct Linear Solver

No. of Data Rows : 801
fcross              =  7.11556e+05
pmarg               =  7.04453e+01
tdc                 =  7.87857e+01
mode=3db  rload=100k  rsrc=2.571k  pos=1  C=1.5n
fcross = 7.115561e+05
pmarg = 7.044530e+01
tdc = 7.878568e+01
Doing analysis at TEMP = 27.000000 and TNOM = 27.000000

Using SPARSE 1.3 as Direct Linear Solver

No. of Data Rows : 801
fcross              =  6.99141e+05
pmarg               =  6.85309e+01
tdc                 =  7.87857e+01
mode=3db  rload=100k  rsrc=2.571k  pos=1  C=2.2n
fcross = 6.991412e+05
pmarg = 6.853087e+01
tdc = 7.878568e+01
Doing analysis at TEMP = 27.000000 and TNOM = 27.000000

Using SPARSE 1.3 as Direct Linear Solver

No. of Data Rows : 801
fcross              =  6.87516e+05
pmarg               =  6.76415e+01
tdc                 =  7.87857e+01
mode=3db  rload=100k  rsrc=2.571k  pos=1  C=2.7n
fcross = 6.875156e+05
pmarg = 6.764151e+01
tdc = 7.878568e+01
Doing analysis at TEMP = 27.000000 and TNOM = 27.000000

Using SPARSE 1.3 as Direct Linear Solver

No. of Data Rows : 801
fcross              =  6.72996e+05
pmarg               =  6.69791e+01
tdc                 =  7.87857e+01
mode=3db  rload=100k  rsrc=2.571k  pos=1  C=3.3n
fcross = 6.729964e+05
pmarg = 6.697911e+01
tdc = 7.878568e+01
Doing analysis at TEMP = 27.000000 and TNOM = 27.000000

Using SPARSE 1.3 as Direct Linear Solver

No. of Data Rows : 801
fcross              =  6.42585e+05
pmarg               =  6.64896e+01
tdc                 =  7.87857e+01
mode=3db  rload=100k  rsrc=2.571k  pos=1  C=4.7n
fcross = 6.425851e+05
pmarg = 6.648957e+01
tdc = 7.878567e+01
Doing analysis at TEMP = 27.000000 and TNOM = 27.000000

Using SPARSE 1.3 as Direct Linear Solver

No. of Data Rows : 801
fcross              =  7.01007e+05
pmarg               =  7.66278e+01
tdc                 =  7.87857e+01
mode=3db  rload=100k  rsrc=2.571k  pos=2  C=1f
fcross = 7.010073e+05
pmarg = 7.662776e+01
tdc = 7.878569e+01
Doing analysis at TEMP = 27.000000 and TNOM = 27.000000

Using SPARSE 1.3 as Direct Linear Solver

No. of Data Rows : 801
fcross              =  7.02211e+05
pmarg               =  7.64301e+01
tdc                 =  7.87857e+01
mode=3db  rload=100k  rsrc=2.571k  pos=2  C=47p
fcross = 7.022114e+05
pmarg = 7.643006e+01
tdc = 7.878569e+01
Doing analysis at TEMP = 27.000000 and TNOM = 27.000000

Using SPARSE 1.3 as Direct Linear Solver

No. of Data Rows : 801
fcross              =  7.03573e+05
pmarg               =  7.62056e+01
tdc                 =  7.87857e+01
mode=3db  rload=100k  rsrc=2.571k  pos=2  C=100p
fcross = 7.035732e+05
pmarg = 7.620558e+01
tdc = 7.878569e+01
Doing analysis at TEMP = 27.000000 and TNOM = 27.000000

Using SPARSE 1.3 as Direct Linear Solver

No. of Data Rows : 801
fcross              =  7.06671e+05
pmarg               =  7.56912e+01
tdc                 =  7.87857e+01
mode=3db  rload=100k  rsrc=2.571k  pos=2  C=220p
fcross = 7.066709e+05
pmarg = 7.569120e+01
tdc = 7.878569e+01
Doing analysis at TEMP = 27.000000 and TNOM = 27.000000

Using SPARSE 1.3 as Direct Linear Solver

No. of Data Rows : 801
fcross              =  7.13332e+05
pmarg               =  7.45872e+01
tdc                 =  7.87857e+01
mode=3db  rload=100k  rsrc=2.571k  pos=2  C=470p
fcross = 7.133323e+05
pmarg = 7.458720e+01
tdc = 7.878568e+01
Doing analysis at TEMP = 27.000000 and TNOM = 27.000000

Using SPARSE 1.3 as Direct Linear Solver

No. of Data Rows : 801
fcross              =  7.27887e+05
pmarg               =  7.21077e+01
tdc                 =  7.87857e+01
mode=3db  rload=100k  rsrc=2.571k  pos=2  C=1n
fcross = 7.278871e+05
pmarg = 7.210773e+01
tdc = 7.878567e+01
Doing analysis at TEMP = 27.000000 and TNOM = 27.000000

Using SPARSE 1.3 as Direct Linear Solver

No. of Data Rows : 801
fcross              =  7.42189e+05
pmarg               =  6.95783e+01
tdc                 =  7.87857e+01
mode=3db  rload=100k  rsrc=2.571k  pos=2  C=1.5n
fcross = 7.421890e+05
pmarg = 6.957830e+01
tdc = 7.878566e+01
Doing analysis at TEMP = 27.000000 and TNOM = 27.000000

Using SPARSE 1.3 as Direct Linear Solver

No. of Data Rows : 801
fcross              =  7.63000e+05
pmarg               =  6.56931e+01
tdc                 =  7.87856e+01
mode=3db  rload=100k  rsrc=2.571k  pos=2  C=2.2n
fcross = 7.630004e+05
pmarg = 6.569312e+01
tdc = 7.878565e+01
Doing analysis at TEMP = 27.000000 and TNOM = 27.000000

Using SPARSE 1.3 as Direct Linear Solver

No. of Data Rows : 801
fcross              =  7.77952e+05
pmarg               =  6.26683e+01
tdc                 =  7.87856e+01
mode=3db  rload=100k  rsrc=2.571k  pos=2  C=2.7n
fcross = 7.779517e+05
pmarg = 6.266833e+01
tdc = 7.878564e+01
Doing analysis at TEMP = 27.000000 and TNOM = 27.000000

Using SPARSE 1.3 as Direct Linear Solver

No. of Data Rows : 801
fcross              =  7.95369e+05
pmarg               =  5.87741e+01
tdc                 =  7.87856e+01
mode=3db  rload=100k  rsrc=2.571k  pos=2  C=3.3n
fcross = 7.953686e+05
pmarg = 5.877411e+01
tdc = 7.878563e+01
Doing analysis at TEMP = 27.000000 and TNOM = 27.000000

Using SPARSE 1.3 as Direct Linear Solver

No. of Data Rows : 801
fcross              =  8.26902e+05
Note: Starting dynamic gmin stepping
Warning: Dynamic gmin stepping failed
Note: Starting true gmin stepping
Note: True gmin stepping completed
pmarg               =  4.90474e+01
tdc                 =  7.87856e+01
mode=3db  rload=100k  rsrc=2.571k  pos=2  C=4.7n
fcross = 8.269019e+05
pmarg = 4.904740e+01
tdc = 7.878560e+01
Doing analysis at TEMP = 27.000000 and TNOM = 27.000000

Using SPARSE 1.3 as Direct Linear Solver

No. of Data Rows : 801
fcross              =  7.01003e+05
Note: Starting dynamic gmin stepping
Warning: Dynamic gmin stepping failed
Note: Starting true gmin stepping
Note: True gmin stepping completed
pmarg               =  7.66191e+01
tdc                 =  7.87857e+01
mode=3db  rload=100k  rsrc=2.611k  pos=1  C=1f
fcross = 7.010030e+05
pmarg = 7.661906e+01
tdc = 7.878569e+01
Doing analysis at TEMP = 27.000000 and TNOM = 27.000000

Using SPARSE 1.3 as Direct Linear Solver
 Reference value :  1.00000e+00
No. of Data Rows : 801
fcross              =  7.02183e+05
Note: Starting dynamic gmin stepping
Warning: Dynamic gmin stepping failed
Note: Starting true gmin stepping
Note: True gmin stepping completed
pmarg               =  7.64213e+01
tdc                 =  7.87857e+01
mode=3db  rload=100k  rsrc=2.611k  pos=1  C=47p
fcross = 7.021827e+05
pmarg = 7.642129e+01
tdc = 7.878569e+01
Doing analysis at TEMP = 27.000000 and TNOM = 27.000000

Using SPARSE 1.3 as Direct Linear Solver

No. of Data Rows : 801
fcross              =  7.03461e+05
Note: Starting dynamic gmin stepping
Warning: Dynamic gmin stepping failed
Note: Starting true gmin stepping
Note: True gmin stepping completed
pmarg               =  7.61961e+01
tdc                 =  7.87857e+01
mode=3db  rload=100k  rsrc=2.611k  pos=1  C=100p
fcross = 7.034605e+05
pmarg = 7.619609e+01
tdc = 7.878569e+01
Doing analysis at TEMP = 27.000000 and TNOM = 27.000000

Using SPARSE 1.3 as Direct Linear Solver

No. of Data Rows : 801
fcross              =  7.06133e+05
Note: Starting dynamic gmin stepping
Warning: Dynamic gmin stepping failed
Note: Starting true gmin stepping
Note: True gmin stepping completed
pmarg               =  7.56790e+01
tdc                 =  7.87857e+01
mode=3db  rload=100k  rsrc=2.611k  pos=1  C=220p
fcross = 7.061333e+05
pmarg = 7.567904e+01
tdc = 7.878569e+01
Doing analysis at TEMP = 27.000000 and TNOM = 27.000000

Using SPARSE 1.3 as Direct Linear Solver

No. of Data Rows : 801
fcross              =  7.10682e+05
Note: Starting dynamic gmin stepping
Warning: Dynamic gmin stepping failed
Note: Starting true gmin stepping
Note: True gmin stepping completed
pmarg               =  7.45805e+01
tdc                 =  7.87857e+01
mode=3db  rload=100k  rsrc=2.611k  pos=1  C=470p
fcross = 7.106822e+05
pmarg = 7.458047e+01
tdc = 7.878569e+01
Doing analysis at TEMP = 27.000000 and TNOM = 27.000000

Using SPARSE 1.3 as Direct Linear Solver

No. of Data Rows : 801
fcross              =  7.14737e+05
Note: Starting dynamic gmin stepping
Warning: Dynamic gmin stepping failed
Note: Starting true gmin stepping
Note: True gmin stepping completed
pmarg               =  7.23016e+01
tdc                 =  7.87857e+01
mode=3db  rload=100k  rsrc=2.611k  pos=1  C=1n
fcross = 7.147365e+05
pmarg = 7.230164e+01
tdc = 7.878569e+01
Doing analysis at TEMP = 27.000000 and TNOM = 27.000000

Using SPARSE 1.3 as Direct Linear Solver

No. of Data Rows : 801
fcross              =  7.11552e+05
Note: Starting dynamic gmin stepping
Warning: Dynamic gmin stepping failed
Note: Starting true gmin stepping
Note: True gmin stepping completed
pmarg               =  7.04365e+01
tdc                 =  7.87857e+01
mode=3db  rload=100k  rsrc=2.611k  pos=1  C=1.5n
fcross = 7.115516e+05
pmarg = 7.043652e+01
tdc = 7.878568e+01
Doing analysis at TEMP = 27.000000 and TNOM = 27.000000

Using SPARSE 1.3 as Direct Linear Solver

No. of Data Rows : 801
fcross              =  6.99137e+05
Note: Starting dynamic gmin stepping
Warning: Dynamic gmin stepping failed
Note: Starting true gmin stepping
Note: True gmin stepping completed
pmarg               =  6.85222e+01
tdc                 =  7.87857e+01
mode=3db  rload=100k  rsrc=2.611k  pos=1  C=2.2n
fcross = 6.991372e+05
pmarg = 6.852224e+01
tdc = 7.878568e+01
Doing analysis at TEMP = 27.000000 and TNOM = 27.000000

Using SPARSE 1.3 as Direct Linear Solver

No. of Data Rows : 801
fcross              =  6.87512e+05
Note: Starting dynamic gmin stepping
Warning: Dynamic gmin stepping failed
Note: Starting true gmin stepping
Note: True gmin stepping completed
pmarg               =  6.76330e+01
tdc                 =  7.87857e+01
mode=3db  rload=100k  rsrc=2.611k  pos=1  C=2.7n
fcross = 6.875119e+05
pmarg = 6.763301e+01
tdc = 7.878568e+01
Doing analysis at TEMP = 27.000000 and TNOM = 27.000000

Using SPARSE 1.3 as Direct Linear Solver

No. of Data Rows : 801
fcross              =  6.72993e+05
Note: Starting dynamic gmin stepping
Warning: Dynamic gmin stepping failed
Note: Starting true gmin stepping
Note: True gmin stepping completed
pmarg               =  6.69708e+01
tdc                 =  7.87857e+01
mode=3db  rload=100k  rsrc=2.611k  pos=1  C=3.3n
fcross = 6.729931e+05
pmarg = 6.697078e+01
tdc = 7.878568e+01
Doing analysis at TEMP = 27.000000 and TNOM = 27.000000

Using SPARSE 1.3 as Direct Linear Solver

No. of Data Rows : 801
fcross              =  6.42582e+05
Note: Starting dynamic gmin stepping
Warning: Dynamic gmin stepping failed
Note: Starting true gmin stepping
Note: True gmin stepping completed
pmarg               =  6.64816e+01
tdc                 =  7.87857e+01
mode=3db  rload=100k  rsrc=2.611k  pos=1  C=4.7n
fcross = 6.425823e+05
pmarg = 6.648160e+01
tdc = 7.878567e+01
Doing analysis at TEMP = 27.000000 and TNOM = 27.000000

Using SPARSE 1.3 as Direct Linear Solver

No. of Data Rows : 801
fcross              =  7.01003e+05
Note: Starting dynamic gmin stepping
Warning: Dynamic gmin stepping failed
Note: Starting true gmin stepping
Note: True gmin stepping completed
pmarg               =  7.66191e+01
tdc                 =  7.87857e+01
mode=3db  rload=100k  rsrc=2.611k  pos=2  C=1f
fcross = 7.010030e+05
pmarg = 7.661906e+01
tdc = 7.878569e+01
Doing analysis at TEMP = 27.000000 and TNOM = 27.000000

Using SPARSE 1.3 as Direct Linear Solver

No. of Data Rows : 801
fcross              =  7.02207e+05
Note: Starting dynamic gmin stepping
Warning: Dynamic gmin stepping failed
Note: Starting true gmin stepping
Note: True gmin stepping completed
pmarg               =  7.64213e+01
tdc                 =  7.87857e+01
mode=3db  rload=100k  rsrc=2.611k  pos=2  C=47p
fcross = 7.022072e+05
pmarg = 7.642135e+01
tdc = 7.878569e+01
Doing analysis at TEMP = 27.000000 and TNOM = 27.000000

Using SPARSE 1.3 as Direct Linear Solver

No. of Data Rows : 801
fcross              =  7.03569e+05
Note: Starting dynamic gmin stepping
Warning: Dynamic gmin stepping failed
Note: Starting true gmin stepping
Note: True gmin stepping completed
pmarg               =  7.61968e+01
tdc                 =  7.87857e+01
mode=3db  rload=100k  rsrc=2.611k  pos=2  C=100p
fcross = 7.035689e+05
pmarg = 7.619685e+01
tdc = 7.878569e+01
Doing analysis at TEMP = 27.000000 and TNOM = 27.000000

Using SPARSE 1.3 as Direct Linear Solver

No. of Data Rows : 801
fcross              =  7.06667e+05
Note: Starting dynamic gmin stepping
Warning: Dynamic gmin stepping failed
Note: Starting true gmin stepping
Note: True gmin stepping completed
pmarg               =  7.56824e+01
tdc                 =  7.87857e+01
mode=3db  rload=100k  rsrc=2.611k  pos=2  C=220p
fcross = 7.066666e+05
pmarg = 7.568244e+01
tdc = 7.878569e+01
Doing analysis at TEMP = 27.000000 and TNOM = 27.000000

Using SPARSE 1.3 as Direct Linear Solver

No. of Data Rows : 801
fcross              =  7.13328e+05
Note: Starting dynamic gmin stepping
Warning: Dynamic gmin stepping failed
Note: Starting true gmin stepping
Note: True gmin stepping completed
pmarg               =  7.45784e+01
tdc                 =  7.87857e+01
mode=3db  rload=100k  rsrc=2.611k  pos=2  C=470p
fcross = 7.133277e+05
pmarg = 7.457837e+01
tdc = 7.878568e+01
Doing analysis at TEMP = 27.000000 and TNOM = 27.000000

Using SPARSE 1.3 as Direct Linear Solver

No. of Data Rows : 801
fcross              =  7.27882e+05
Note: Starting dynamic gmin stepping
Warning: Dynamic gmin stepping failed
Note: Starting true gmin stepping
Note: True gmin stepping completed
pmarg               =  7.20987e+01
tdc                 =  7.87857e+01
mode=3db  rload=100k  rsrc=2.611k  pos=2  C=1n
fcross = 7.278819e+05
pmarg = 7.209874e+01
tdc = 7.878567e+01
Doing analysis at TEMP = 27.000000 and TNOM = 27.000000

Using SPARSE 1.3 as Direct Linear Solver

No. of Data Rows : 801
fcross              =  7.42183e+05
Note: Starting dynamic gmin stepping
Warning: Dynamic gmin stepping failed
Note: Starting true gmin stepping
Note: True gmin stepping completed
pmarg               =  6.95692e+01
tdc                 =  7.87857e+01
mode=3db  rload=100k  rsrc=2.611k  pos=2  C=1.5n
fcross = 7.421833e+05
pmarg = 6.956918e+01
tdc = 7.878566e+01
Doing analysis at TEMP = 27.000000 and TNOM = 27.000000

Using SPARSE 1.3 as Direct Linear Solver

No. of Data Rows : 801
fcross              =  7.62994e+05
Note: Starting dynamic gmin stepping
Warning: Dynamic gmin stepping failed
Note: Starting true gmin stepping
Note: True gmin stepping completed
pmarg               =  6.56838e+01
tdc                 =  7.87856e+01
mode=3db  rload=100k  rsrc=2.611k  pos=2  C=2.2n
fcross = 7.629939e+05
pmarg = 6.568381e+01
tdc = 7.878565e+01
Doing analysis at TEMP = 27.000000 and TNOM = 27.000000

Using SPARSE 1.3 as Direct Linear Solver

No. of Data Rows : 801
fcross              =  7.77944e+05
Note: Starting dynamic gmin stepping
Warning: Dynamic gmin stepping failed
Note: Starting true gmin stepping
Note: True gmin stepping completed
pmarg               =  6.26589e+01
tdc                 =  7.87856e+01
mode=3db  rload=100k  rsrc=2.611k  pos=2  C=2.7n
fcross = 7.779444e+05
pmarg = 6.265890e+01
tdc = 7.878564e+01
Doing analysis at TEMP = 27.000000 and TNOM = 27.000000

Using SPARSE 1.3 as Direct Linear Solver

No. of Data Rows : 801
fcross              =  7.95360e+05
Note: Starting dynamic gmin stepping
Warning: Dynamic gmin stepping failed
Note: Starting true gmin stepping
Note: True gmin stepping completed
pmarg               =  5.87645e+01
tdc                 =  7.87856e+01
mode=3db  rload=100k  rsrc=2.611k  pos=2  C=3.3n
fcross = 7.953604e+05
pmarg = 5.876455e+01
tdc = 7.878563e+01
Doing analysis at TEMP = 27.000000 and TNOM = 27.000000

Using SPARSE 1.3 as Direct Linear Solver

No. of Data Rows : 801
fcross              =  8.26893e+05
Note: Starting dynamic gmin stepping
Note: Dynamic gmin stepping completed
pmarg               =  4.90377e+01
tdc                 =  7.87856e+01
mode=3db  rload=100k  rsrc=2.611k  pos=2  C=4.7n
fcross = 8.268926e+05
pmarg = 4.903766e+01
tdc = 7.878560e+01
Doing analysis at TEMP = 27.000000 and TNOM = 27.000000

Using SPARSE 1.3 as Direct Linear Solver

No. of Data Rows : 801
fcross              =  7.00162e+05
Note: Starting dynamic gmin stepping
Note: Dynamic gmin stepping completed
pmarg               =  7.71747e+01
tdc                 =  7.85882e+01
mode=3db  rload=10k  rsrc=1m  pos=1  C=1f
fcross = 7.001625e+05
pmarg = 7.717474e+01
tdc = 7.858823e+01
Doing analysis at TEMP = 27.000000 and TNOM = 27.000000

Using SPARSE 1.3 as Direct Linear Solver

No. of Data Rows : 801
fcross              =  7.01327e+05
Note: Starting dynamic gmin stepping
Note: Dynamic gmin stepping completed
pmarg               =  7.69801e+01
tdc                 =  7.85882e+01
mode=3db  rload=10k  rsrc=1m  pos=1  C=47p
fcross = 7.013267e+05
pmarg = 7.698006e+01
tdc = 7.858823e+01
Doing analysis at TEMP = 27.000000 and TNOM = 27.000000

Using SPARSE 1.3 as Direct Linear Solver

No. of Data Rows : 801
fcross              =  7.02588e+05
Note: Starting dynamic gmin stepping
Note: Dynamic gmin stepping completed
pmarg               =  7.67584e+01
tdc                 =  7.85882e+01
mode=3db  rload=10k  rsrc=1m  pos=1  C=100p
fcross = 7.025879e+05
pmarg = 7.675836e+01
tdc = 7.858824e+01
Doing analysis at TEMP = 27.000000 and TNOM = 27.000000

Using SPARSE 1.3 as Direct Linear Solver

No. of Data Rows : 801
fcross              =  7.05227e+05
Note: Starting dynamic gmin stepping
Note: Dynamic gmin stepping completed
pmarg               =  7.62492e+01
tdc                 =  7.85882e+01
mode=3db  rload=10k  rsrc=1m  pos=1  C=220p
fcross = 7.052266e+05
pmarg = 7.624922e+01
tdc = 7.858825e+01
Doing analysis at TEMP = 27.000000 and TNOM = 27.000000

Using SPARSE 1.3 as Direct Linear Solver

No. of Data Rows : 801
fcross              =  7.09696e+05
Note: Starting dynamic gmin stepping
Note: Dynamic gmin stepping completed
pmarg               =  7.51676e+01
tdc                 =  7.85883e+01
mode=3db  rload=10k  rsrc=1m  pos=1  C=470p
fcross = 7.096964e+05
pmarg = 7.516762e+01
tdc = 7.858826e+01
Doing analysis at TEMP = 27.000000 and TNOM = 27.000000

Using SPARSE 1.3 as Direct Linear Solver

No. of Data Rows : 801
fcross              =  7.13738e+05
Note: Starting dynamic gmin stepping
Note: Dynamic gmin stepping completed
pmarg               =  7.29175e+01
tdc                 =  7.85883e+01
mode=3db  rload=10k  rsrc=1m  pos=1  C=1n
fcross = 7.137377e+05
pmarg = 7.291750e+01
tdc = 7.858830e+01
Doing analysis at TEMP = 27.000000 and TNOM = 27.000000

Using SPARSE 1.3 as Direct Linear Solver

No. of Data Rows : 801
fcross              =  7.10657e+05
Note: Starting dynamic gmin stepping
Note: Dynamic gmin stepping completed
pmarg               =  7.10672e+01
tdc                 =  7.85883e+01
mode=3db  rload=10k  rsrc=1m  pos=1  C=1.5n
fcross = 7.106566e+05
pmarg = 7.106719e+01
tdc = 7.858833e+01
Doing analysis at TEMP = 27.000000 and TNOM = 27.000000

Using SPARSE 1.3 as Direct Linear Solver
 Reference value :  1.00000e+00
No. of Data Rows : 801
fcross              =  6.98493e+05
Note: Starting dynamic gmin stepping
Note: Dynamic gmin stepping completed
pmarg               =  6.91527e+01
tdc                 =  7.85884e+01
mode=3db  rload=10k  rsrc=1m  pos=1  C=2.2n
fcross = 6.984925e+05
pmarg = 6.915272e+01
tdc = 7.858838e+01
Doing analysis at TEMP = 27.000000 and TNOM = 27.000000

Using SPARSE 1.3 as Direct Linear Solver

No. of Data Rows : 801
fcross              =  6.87041e+05
Note: Starting dynamic gmin stepping
Note: Dynamic gmin stepping completed
pmarg               =  6.82542e+01
tdc                 =  7.85884e+01
mode=3db  rload=10k  rsrc=1m  pos=1  C=2.7n
fcross = 6.870414e+05
pmarg = 6.825415e+01
tdc = 7.858842e+01
Doing analysis at TEMP = 27.000000 and TNOM = 27.000000

Using SPARSE 1.3 as Direct Linear Solver

No. of Data Rows : 801
fcross              =  6.72691e+05
Note: Starting dynamic gmin stepping
Note: Dynamic gmin stepping completed
pmarg               =  6.75766e+01
tdc                 =  7.85885e+01
mode=3db  rload=10k  rsrc=1m  pos=1  C=3.3n
fcross = 6.726905e+05
pmarg = 6.757665e+01
tdc = 7.858846e+01
Doing analysis at TEMP = 27.000000 and TNOM = 27.000000

Using SPARSE 1.3 as Direct Linear Solver

No. of Data Rows : 801
fcross              =  6.42520e+05
Note: Starting dynamic gmin stepping
Note: Dynamic gmin stepping completed
pmarg               =  6.70504e+01
tdc                 =  7.85886e+01
mode=3db  rload=10k  rsrc=1m  pos=1  C=4.7n
fcross = 6.425195e+05
pmarg = 6.705041e+01
tdc = 7.858855e+01
Doing analysis at TEMP = 27.000000 and TNOM = 27.000000

Using SPARSE 1.3 as Direct Linear Solver

No. of Data Rows : 801
fcross              =  7.00162e+05
Note: Starting dynamic gmin stepping
Note: Dynamic gmin stepping completed
pmarg               =  7.71747e+01
tdc                 =  7.85882e+01
mode=3db  rload=10k  rsrc=1m  pos=2  C=1f
fcross = 7.001625e+05
pmarg = 7.717474e+01
tdc = 7.858823e+01
Doing analysis at TEMP = 27.000000 and TNOM = 27.000000

Using SPARSE 1.3 as Direct Linear Solver

No. of Data Rows : 801
fcross              =  7.01361e+05
Note: Starting dynamic gmin stepping
Note: Dynamic gmin stepping completed
pmarg               =  7.69785e+01
tdc                 =  7.85882e+01
mode=3db  rload=10k  rsrc=1m  pos=2  C=47p
fcross = 7.013608e+05
pmarg = 7.697848e+01
tdc = 7.858823e+01
Doing analysis at TEMP = 27.000000 and TNOM = 27.000000

Using SPARSE 1.3 as Direct Linear Solver

No. of Data Rows : 801
fcross              =  7.02716e+05
Note: Starting dynamic gmin stepping
Note: Dynamic gmin stepping completed
pmarg               =  7.67556e+01
tdc                 =  7.85882e+01
mode=3db  rload=10k  rsrc=1m  pos=2  C=100p
fcross = 7.027160e+05
pmarg = 7.675563e+01
tdc = 7.858823e+01
Doing analysis at TEMP = 27.000000 and TNOM = 27.000000

Using SPARSE 1.3 as Direct Linear Solver

No. of Data Rows : 801
fcross              =  7.05799e+05
Note: Starting dynamic gmin stepping
Note: Dynamic gmin stepping completed
pmarg               =  7.62450e+01
tdc                 =  7.85882e+01
mode=3db  rload=10k  rsrc=1m  pos=2  C=220p
fcross = 7.057986e+05
pmarg = 7.624501e+01
tdc = 7.858823e+01
Doing analysis at TEMP = 27.000000 and TNOM = 27.000000

Using SPARSE 1.3 as Direct Linear Solver

No. of Data Rows : 801
fcross              =  7.12402e+05
Note: Starting dynamic gmin stepping
Note: Dynamic gmin stepping completed
pmarg               =  7.51500e+01
tdc                 =  7.85882e+01
mode=3db  rload=10k  rsrc=1m  pos=2  C=470p
fcross = 7.124020e+05
pmarg = 7.514995e+01
tdc = 7.858822e+01
Doing analysis at TEMP = 27.000000 and TNOM = 27.000000

Using SPARSE 1.3 as Direct Linear Solver

No. of Data Rows : 801
fcross              =  7.26849e+05
Note: Starting dynamic gmin stepping
Note: Dynamic gmin stepping completed
pmarg               =  7.26904e+01
tdc                 =  7.85882e+01
mode=3db  rload=10k  rsrc=1m  pos=2  C=1n
fcross = 7.268486e+05
pmarg = 7.269042e+01
tdc = 7.858821e+01
Doing analysis at TEMP = 27.000000 and TNOM = 27.000000

Using SPARSE 1.3 as Direct Linear Solver

No. of Data Rows : 801
fcross              =  7.41039e+05
Note: Starting dynamic gmin stepping
Note: Dynamic gmin stepping completed
pmarg               =  7.01821e+01
tdc                 =  7.85882e+01
mode=3db  rload=10k  rsrc=1m  pos=2  C=1.5n
fcross = 7.410393e+05
pmarg = 7.018210e+01
tdc = 7.858820e+01
Doing analysis at TEMP = 27.000000 and TNOM = 27.000000

Using SPARSE 1.3 as Direct Linear Solver

No. of Data Rows : 801
fcross              =  7.61664e+05
Note: Starting dynamic gmin stepping
Note: Dynamic gmin stepping completed
pmarg               =  6.63316e+01
tdc                 =  7.85882e+01
mode=3db  rload=10k  rsrc=1m  pos=2  C=2.2n
fcross = 7.616638e+05
pmarg = 6.633155e+01
tdc = 7.858819e+01
Doing analysis at TEMP = 27.000000 and TNOM = 27.000000

Using SPARSE 1.3 as Direct Linear Solver

No. of Data Rows : 801
fcross              =  7.76458e+05
Note: Starting dynamic gmin stepping
Note: Dynamic gmin stepping completed
pmarg               =  6.33357e+01
tdc                 =  7.85882e+01
mode=3db  rload=10k  rsrc=1m  pos=2  C=2.7n
fcross = 7.764581e+05
pmarg = 6.333568e+01
tdc = 7.858818e+01
Doing analysis at TEMP = 27.000000 and TNOM = 27.000000

Using SPARSE 1.3 as Direct Linear Solver

No. of Data Rows : 801
fcross              =  7.93711e+05
Note: Starting dynamic gmin stepping
Note: Dynamic gmin stepping completed
pmarg               =  5.94779e+01
tdc                 =  7.85882e+01
mode=3db  rload=10k  rsrc=1m  pos=2  C=3.3n
fcross = 7.937114e+05
pmarg = 5.947792e+01
tdc = 7.858817e+01
Doing analysis at TEMP = 27.000000 and TNOM = 27.000000

Using SPARSE 1.3 as Direct Linear Solver

No. of Data Rows : 801
fcross              =  8.24963e+05
Note: Starting dynamic gmin stepping
Warning: Dynamic gmin stepping failed
Note: Starting true gmin stepping
Note: True gmin stepping completed
pmarg               =  4.98379e+01
tdc                 =  7.85881e+01
mode=3db  rload=10k  rsrc=1m  pos=2  C=4.7n
fcross = 8.249627e+05
pmarg = 4.983786e+01
tdc = 7.858814e+01
Doing analysis at TEMP = 27.000000 and TNOM = 27.000000

Using SPARSE 1.3 as Direct Linear Solver

No. of Data Rows : 801
fcross              =  7.00131e+05
Note: Starting dynamic gmin stepping
Warning: Dynamic gmin stepping failed
Note: Starting true gmin stepping
Note: True gmin stepping completed
pmarg               =  7.69547e+01
tdc                 =  7.85882e+01
mode=3db  rload=10k  rsrc=1k  pos=1  C=1f
fcross = 7.001305e+05
pmarg = 7.695473e+01
tdc = 7.858823e+01
Doing analysis at TEMP = 27.000000 and TNOM = 27.000000

Using SPARSE 1.3 as Direct Linear Solver

No. of Data Rows : 801
fcross              =  7.01295e+05
Note: Starting dynamic gmin stepping
Warning: Dynamic gmin stepping failed
Note: Starting true gmin stepping
Note: True gmin stepping completed
pmarg               =  7.67597e+01
tdc                 =  7.85882e+01
mode=3db  rload=10k  rsrc=1k  pos=1  C=47p
fcross = 7.012946e+05
pmarg = 7.675969e+01
tdc = 7.858823e+01
Doing analysis at TEMP = 27.000000 and TNOM = 27.000000

Using SPARSE 1.3 as Direct Linear Solver

No. of Data Rows : 801
fcross              =  7.02556e+05
Note: Starting dynamic gmin stepping
Warning: Dynamic gmin stepping failed
Note: Starting true gmin stepping
Note: True gmin stepping completed
pmarg               =  7.65376e+01
tdc                 =  7.85882e+01
mode=3db  rload=10k  rsrc=1k  pos=1  C=100p
fcross = 7.025556e+05
pmarg = 7.653760e+01
tdc = 7.858824e+01
Doing analysis at TEMP = 27.000000 and TNOM = 27.000000

Using SPARSE 1.3 as Direct Linear Solver

No. of Data Rows : 801
fcross              =  7.05194e+05
Note: Starting dynamic gmin stepping
Warning: Dynamic gmin stepping failed
Note: Starting true gmin stepping
Note: True gmin stepping completed
pmarg               =  7.60277e+01
tdc                 =  7.85882e+01
mode=3db  rload=10k  rsrc=1k  pos=1  C=220p
fcross = 7.051939e+05
pmarg = 7.602766e+01
tdc = 7.858825e+01
Doing analysis at TEMP = 27.000000 and TNOM = 27.000000

Using SPARSE 1.3 as Direct Linear Solver

No. of Data Rows : 801
fcross              =  7.09662e+05
Note: Starting dynamic gmin stepping
Warning: Dynamic gmin stepping failed
Note: Starting true gmin stepping
Note: True gmin stepping completed
pmarg               =  7.49448e+01
tdc                 =  7.85883e+01
mode=3db  rload=10k  rsrc=1k  pos=1  C=470p
fcross = 7.096622e+05
pmarg = 7.494475e+01
tdc = 7.858826e+01
Doing analysis at TEMP = 27.000000 and TNOM = 27.000000

Using SPARSE 1.3 as Direct Linear Solver

No. of Data Rows : 801
fcross              =  7.13703e+05
Note: Starting dynamic gmin stepping
Warning: Dynamic gmin stepping failed
Note: Starting true gmin stepping
Note: True gmin stepping completed
pmarg               =  7.26935e+01
tdc                 =  7.85883e+01
mode=3db  rload=10k  rsrc=1k  pos=1  C=1n
fcross = 7.137033e+05
pmarg = 7.269349e+01
tdc = 7.858830e+01
Doing analysis at TEMP = 27.000000 and TNOM = 27.000000

Using SPARSE 1.3 as Direct Linear Solver

No. of Data Rows : 801
fcross              =  7.10623e+05
Note: Starting dynamic gmin stepping
Warning: Dynamic gmin stepping failed
Note: Starting true gmin stepping
Note: True gmin stepping completed
pmarg               =  7.08442e+01
tdc                 =  7.85883e+01
mode=3db  rload=10k  rsrc=1k  pos=1  C=1.5n
fcross = 7.106234e+05
pmarg = 7.084422e+01
tdc = 7.858833e+01
Doing analysis at TEMP = 27.000000 and TNOM = 27.000000

Using SPARSE 1.3 as Direct Linear Solver

No. of Data Rows : 801
fcross              =  6.98463e+05
Note: Starting dynamic gmin stepping
Warning: Dynamic gmin stepping failed
Note: Starting true gmin stepping
Note: True gmin stepping completed
pmarg               =  6.89336e+01
tdc                 =  7.85884e+01
mode=3db  rload=10k  rsrc=1k  pos=1  C=2.2n
fcross = 6.984629e+05
pmarg = 6.893355e+01
tdc = 7.858838e+01
Doing analysis at TEMP = 27.000000 and TNOM = 27.000000

Using SPARSE 1.3 as Direct Linear Solver

No. of Data Rows : 801
fcross              =  6.87014e+05
Note: Starting dynamic gmin stepping
Warning: Dynamic gmin stepping failed
Note: Starting true gmin stepping
Note: True gmin stepping completed
pmarg               =  6.80385e+01
tdc                 =  7.85884e+01
mode=3db  rload=10k  rsrc=1k  pos=1  C=2.7n
fcross = 6.870145e+05
pmarg = 6.803853e+01
tdc = 7.858842e+01
Doing analysis at TEMP = 27.000000 and TNOM = 27.000000

Using SPARSE 1.3 as Direct Linear Solver

No. of Data Rows : 801
fcross              =  6.72666e+05
Note: Starting dynamic gmin stepping
Warning: Dynamic gmin stepping failed
Note: Starting true gmin stepping
Note: True gmin stepping completed
pmarg               =  6.73655e+01
tdc                 =  7.85885e+01
mode=3db  rload=10k  rsrc=1k  pos=1  C=3.3n
fcross = 6.726662e+05
pmarg = 6.736546e+01
tdc = 7.858846e+01
Doing analysis at TEMP = 27.000000 and TNOM = 27.000000

Using SPARSE 1.3 as Direct Linear Solver

No. of Data Rows : 801
fcross              =  6.42499e+05
Note: Starting dynamic gmin stepping
Warning: Dynamic gmin stepping failed
Note: Starting true gmin stepping
Note: True gmin stepping completed
pmarg               =  6.68486e+01
tdc                 =  7.85886e+01
mode=3db  rload=10k  rsrc=1k  pos=1  C=4.7n
fcross = 6.424994e+05
pmarg = 6.684857e+01
tdc = 7.858855e+01
Doing analysis at TEMP = 27.000000 and TNOM = 27.000000

Using SPARSE 1.3 as Direct Linear Solver

No. of Data Rows : 801
fcross              =  7.00131e+05
Note: Starting dynamic gmin stepping
Warning: Dynamic gmin stepping failed
Note: Starting true gmin stepping
Note: True gmin stepping completed
pmarg               =  7.69547e+01
tdc                 =  7.85882e+01
mode=3db  rload=10k  rsrc=1k  pos=2  C=1f
fcross = 7.001305e+05
pmarg = 7.695473e+01
tdc = 7.858823e+01
Doing analysis at TEMP = 27.000000 and TNOM = 27.000000

Using SPARSE 1.3 as Direct Linear Solver

No. of Data Rows : 801
fcross              =  7.01329e+05
Note: Starting dynamic gmin stepping
Warning: Dynamic gmin stepping failed
Note: Starting true gmin stepping
Note: True gmin stepping completed
pmarg               =  7.67581e+01
tdc                 =  7.85882e+01
mode=3db  rload=10k  rsrc=1k  pos=2  C=47p
fcross = 7.013287e+05
pmarg = 7.675810e+01
tdc = 7.858823e+01
Doing analysis at TEMP = 27.000000 and TNOM = 27.000000

Using SPARSE 1.3 as Direct Linear Solver

No. of Data Rows : 801
fcross              =  7.02684e+05
Note: Starting dynamic gmin stepping
Warning: Dynamic gmin stepping failed
Note: Starting true gmin stepping
Note: True gmin stepping completed
pmarg               =  7.65348e+01
tdc                 =  7.85882e+01
mode=3db  rload=10k  rsrc=1k  pos=2  C=100p
fcross = 7.026837e+05
pmarg = 7.653483e+01
tdc = 7.858823e+01
Doing analysis at TEMP = 27.000000 and TNOM = 27.000000

Using SPARSE 1.3 as Direct Linear Solver

No. of Data Rows : 801
fcross              =  7.05766e+05
Note: Starting dynamic gmin stepping
Warning: Dynamic gmin stepping failed
Note: Starting true gmin stepping
Note: True gmin stepping completed
pmarg               =  7.60233e+01
tdc                 =  7.85882e+01
mode=3db  rload=10k  rsrc=1k  pos=2  C=220p
fcross = 7.057658e+05
pmarg = 7.602327e+01
tdc = 7.858823e+01
Doing analysis at TEMP = 27.000000 and TNOM = 27.000000

Using SPARSE 1.3 as Direct Linear Solver
 Reference value :  1.00000e+00
No. of Data Rows : 801
fcross              =  7.12367e+05
Note: Starting dynamic gmin stepping
Warning: Dynamic gmin stepping failed
Note: Starting true gmin stepping
Note: True gmin stepping completed
pmarg               =  7.49262e+01
tdc                 =  7.85882e+01
mode=3db  rload=10k  rsrc=1k  pos=2  C=470p
fcross = 7.123672e+05
pmarg = 7.492623e+01
tdc = 7.858822e+01
Doing analysis at TEMP = 27.000000 and TNOM = 27.000000

Using SPARSE 1.3 as Direct Linear Solver

No. of Data Rows : 801
fcross              =  7.26810e+05
Note: Starting dynamic gmin stepping
Warning: Dynamic gmin stepping failed
Note: Starting true gmin stepping
Note: True gmin stepping completed
pmarg               =  7.24624e+01
tdc                 =  7.85882e+01
mode=3db  rload=10k  rsrc=1k  pos=2  C=1n
fcross = 7.268102e+05
pmarg = 7.246236e+01
tdc = 7.858821e+01
Doing analysis at TEMP = 27.000000 and TNOM = 27.000000

Using SPARSE 1.3 as Direct Linear Solver

No. of Data Rows : 801
fcross              =  7.40998e+05
Note: Starting dynamic gmin stepping
Warning: Dynamic gmin stepping failed
Note: Starting true gmin stepping
Note: True gmin stepping completed
pmarg               =  6.99498e+01
tdc                 =  7.85882e+01
mode=3db  rload=10k  rsrc=1k  pos=2  C=1.5n
fcross = 7.409985e+05
pmarg = 6.994977e+01
tdc = 7.858820e+01
Doing analysis at TEMP = 27.000000 and TNOM = 27.000000

Using SPARSE 1.3 as Direct Linear Solver

No. of Data Rows : 801
fcross              =  7.61616e+05
Note: Starting dynamic gmin stepping
Warning: Dynamic gmin stepping failed
Note: Starting true gmin stepping
Note: True gmin stepping completed
pmarg               =  6.60932e+01
tdc                 =  7.85882e+01
mode=3db  rload=10k  rsrc=1k  pos=2  C=2.2n
fcross = 7.616160e+05
pmarg = 6.609324e+01
tdc = 7.858819e+01
Doing analysis at TEMP = 27.000000 and TNOM = 27.000000

Using SPARSE 1.3 as Direct Linear Solver

No. of Data Rows : 801
fcross              =  7.76406e+05
Note: Starting dynamic gmin stepping
Warning: Dynamic gmin stepping failed
Note: Starting true gmin stepping
Note: True gmin stepping completed
pmarg               =  6.30931e+01
tdc                 =  7.85882e+01
mode=3db  rload=10k  rsrc=1k  pos=2  C=2.7n
fcross = 7.764057e+05
pmarg = 6.309315e+01
tdc = 7.858818e+01
Doing analysis at TEMP = 27.000000 and TNOM = 27.000000

Using SPARSE 1.3 as Direct Linear Solver

No. of Data Rows : 801
fcross              =  7.93656e+05
Note: Starting dynamic gmin stepping
Warning: Dynamic gmin stepping failed
Note: Starting true gmin stepping
Note: True gmin stepping completed
pmarg               =  5.92304e+01
tdc                 =  7.85882e+01
mode=3db  rload=10k  rsrc=1k  pos=2  C=3.3n
fcross = 7.936559e+05
pmarg = 5.923041e+01
tdc = 7.858817e+01
Doing analysis at TEMP = 27.000000 and TNOM = 27.000000

Using SPARSE 1.3 as Direct Linear Solver

No. of Data Rows : 801
fcross              =  8.24900e+05
Note: Starting dynamic gmin stepping
Warning: Dynamic gmin stepping failed
Note: Starting true gmin stepping
Note: True gmin stepping completed
pmarg               =  4.95820e+01
tdc                 =  7.85881e+01
mode=3db  rload=10k  rsrc=1k  pos=2  C=4.7n
fcross = 8.249000e+05
pmarg = 4.958196e+01
tdc = 7.858814e+01
Doing analysis at TEMP = 27.000000 and TNOM = 27.000000

Using SPARSE 1.3 as Direct Linear Solver

No. of Data Rows : 801
fcross              =  7.00017e+05
Note: Starting dynamic gmin stepping
Warning: Dynamic gmin stepping failed
Note: Starting true gmin stepping
Note: True gmin stepping completed
pmarg               =  7.66272e+01
tdc                 =  7.85882e+01
mode=3db  rload=10k  rsrc=2.5k  pos=1  C=1f
fcross = 7.000167e+05
pmarg = 7.662715e+01
tdc = 7.858823e+01
Doing analysis at TEMP = 27.000000 and TNOM = 27.000000

Using SPARSE 1.3 as Direct Linear Solver

No. of Data Rows : 801
fcross              =  7.01180e+05
Note: Starting dynamic gmin stepping
Warning: Dynamic gmin stepping failed
Note: Starting true gmin stepping
Note: True gmin stepping completed
pmarg               =  7.64316e+01
tdc                 =  7.85882e+01
mode=3db  rload=10k  rsrc=2.5k  pos=1  C=47p
fcross = 7.011801e+05
pmarg = 7.643161e+01
tdc = 7.858823e+01
Doing analysis at TEMP = 27.000000 and TNOM = 27.000000

Using SPARSE 1.3 as Direct Linear Solver

No. of Data Rows : 801
fcross              =  7.02440e+05
Note: Starting dynamic gmin stepping
Warning: Dynamic gmin stepping failed
Note: Starting true gmin stepping
Note: True gmin stepping completed
pmarg               =  7.62090e+01
tdc                 =  7.85882e+01
mode=3db  rload=10k  rsrc=2.5k  pos=1  C=100p
fcross = 7.024404e+05
pmarg = 7.620898e+01
tdc = 7.858824e+01
Doing analysis at TEMP = 27.000000 and TNOM = 27.000000

Using SPARSE 1.3 as Direct Linear Solver

No. of Data Rows : 801
fcross              =  7.05077e+05
Note: Starting dynamic gmin stepping
Warning: Dynamic gmin stepping failed
Note: Starting true gmin stepping
Note: True gmin stepping completed
pmarg               =  7.56979e+01
tdc                 =  7.85882e+01
mode=3db  rload=10k  rsrc=2.5k  pos=1  C=220p
fcross = 7.050770e+05
pmarg = 7.569792e+01
tdc = 7.858825e+01
Doing analysis at TEMP = 27.000000 and TNOM = 27.000000

Using SPARSE 1.3 as Direct Linear Solver

No. of Data Rows : 801
fcross              =  7.09539e+05
Note: Starting dynamic gmin stepping
Warning: Dynamic gmin stepping failed
Note: Starting true gmin stepping
Note: True gmin stepping completed
pmarg               =  7.46133e+01
tdc                 =  7.85883e+01
mode=3db  rload=10k  rsrc=2.5k  pos=1  C=470p
fcross = 7.095394e+05
pmarg = 7.461328e+01
tdc = 7.858826e+01
Doing analysis at TEMP = 27.000000 and TNOM = 27.000000

Using SPARSE 1.3 as Direct Linear Solver

No. of Data Rows : 801
fcross              =  7.13579e+05
Note: Starting dynamic gmin stepping
Warning: Dynamic gmin stepping failed
Note: Starting true gmin stepping
Note: True gmin stepping completed
pmarg               =  7.23606e+01
tdc                 =  7.85883e+01
mode=3db  rload=10k  rsrc=2.5k  pos=1  C=1n
fcross = 7.135790e+05
pmarg = 7.236063e+01
tdc = 7.858830e+01
Doing analysis at TEMP = 27.000000 and TNOM = 27.000000

Using SPARSE 1.3 as Direct Linear Solver

No. of Data Rows : 801
fcross              =  7.10503e+05
Note: Starting dynamic gmin stepping
Warning: Dynamic gmin stepping failed
Note: Starting true gmin stepping
Note: True gmin stepping completed
pmarg               =  7.05131e+01
tdc                 =  7.85883e+01
mode=3db  rload=10k  rsrc=2.5k  pos=1  C=1.5n
fcross = 7.105027e+05
pmarg = 7.051310e+01
tdc = 7.858833e+01
Doing analysis at TEMP = 27.000000 and TNOM = 27.000000

Using SPARSE 1.3 as Direct Linear Solver

No. of Data Rows : 801
fcross              =  6.98354e+05
Note: Starting dynamic gmin stepping
Warning: Dynamic gmin stepping failed
Note: Starting true gmin stepping
Note: True gmin stepping completed
pmarg               =  6.86081e+01
tdc                 =  7.85884e+01
mode=3db  rload=10k  rsrc=2.5k  pos=1  C=2.2n
fcross = 6.983543e+05
pmarg = 6.860807e+01
tdc = 7.858838e+01
Doing analysis at TEMP = 27.000000 and TNOM = 27.000000

Using SPARSE 1.3 as Direct Linear Solver

No. of Data Rows : 801
fcross              =  6.86915e+05
Note: Starting dynamic gmin stepping
Warning: Dynamic gmin stepping failed
Note: Starting true gmin stepping
Note: True gmin stepping completed
pmarg               =  6.77182e+01
tdc                 =  7.85884e+01
mode=3db  rload=10k  rsrc=2.5k  pos=1  C=2.7n
fcross = 6.869152e+05
pmarg = 6.771819e+01
tdc = 7.858842e+01
Doing analysis at TEMP = 27.000000 and TNOM = 27.000000

Using SPARSE 1.3 as Direct Linear Solver

No. of Data Rows : 801
fcross              =  6.72576e+05
Note: Starting dynamic gmin stepping
Warning: Dynamic gmin stepping failed
Note: Starting true gmin stepping
Note: True gmin stepping completed
pmarg               =  6.70516e+01
tdc                 =  7.85885e+01
mode=3db  rload=10k  rsrc=2.5k  pos=1  C=3.3n
fcross = 6.725763e+05
pmarg = 6.705157e+01
tdc = 7.858846e+01
Doing analysis at TEMP = 27.000000 and TNOM = 27.000000

Using SPARSE 1.3 as Direct Linear Solver

No. of Data Rows : 801
fcross              =  6.42425e+05
Note: Starting dynamic gmin stepping
Warning: Dynamic gmin stepping failed
Note: Starting true gmin stepping
Note: True gmin stepping completed
pmarg               =  6.65482e+01
tdc                 =  7.85886e+01
mode=3db  rload=10k  rsrc=2.5k  pos=1  C=4.7n
fcross = 6.424246e+05
pmarg = 6.654822e+01
tdc = 7.858855e+01
Doing analysis at TEMP = 27.000000 and TNOM = 27.000000

Using SPARSE 1.3 as Direct Linear Solver

No. of Data Rows : 801
fcross              =  7.00017e+05
Note: Starting dynamic gmin stepping
Warning: Dynamic gmin stepping failed
Note: Starting true gmin stepping
Note: True gmin stepping completed
pmarg               =  7.66272e+01
tdc                 =  7.85882e+01
mode=3db  rload=10k  rsrc=2.5k  pos=2  C=1f
fcross = 7.000167e+05
pmarg = 7.662715e+01
tdc = 7.858823e+01
Doing analysis at TEMP = 27.000000 and TNOM = 27.000000

Using SPARSE 1.3 as Direct Linear Solver

No. of Data Rows : 801
fcross              =  7.01214e+05
Note: Starting dynamic gmin stepping
Warning: Dynamic gmin stepping failed
Note: Starting true gmin stepping
Note: True gmin stepping completed
pmarg               =  7.64300e+01
tdc                 =  7.85882e+01
mode=3db  rload=10k  rsrc=2.5k  pos=2  C=47p
fcross = 7.012142e+05
pmarg = 7.643000e+01
tdc = 7.858823e+01
Doing analysis at TEMP = 27.000000 and TNOM = 27.000000

Using SPARSE 1.3 as Direct Linear Solver

No. of Data Rows : 801
fcross              =  7.02568e+05
Note: Starting dynamic gmin stepping
Warning: Dynamic gmin stepping failed
Note: Starting true gmin stepping
Note: True gmin stepping completed
pmarg               =  7.62062e+01
tdc                 =  7.85882e+01
mode=3db  rload=10k  rsrc=2.5k  pos=2  C=100p
fcross = 7.025683e+05
pmarg = 7.620615e+01
tdc = 7.858823e+01
Doing analysis at TEMP = 27.000000 and TNOM = 27.000000

Using SPARSE 1.3 as Direct Linear Solver

No. of Data Rows : 801
fcross              =  7.05649e+05
Note: Starting dynamic gmin stepping
Warning: Dynamic gmin stepping failed
Note: Starting true gmin stepping
Note: True gmin stepping completed
pmarg               =  7.56933e+01
tdc                 =  7.85882e+01
mode=3db  rload=10k  rsrc=2.5k  pos=2  C=220p
fcross = 7.056486e+05
pmarg = 7.569326e+01
tdc = 7.858823e+01
Doing analysis at TEMP = 27.000000 and TNOM = 27.000000

Using SPARSE 1.3 as Direct Linear Solver

No. of Data Rows : 801
fcross              =  7.12242e+05
Note: Starting dynamic gmin stepping
Warning: Dynamic gmin stepping failed
Note: Starting true gmin stepping
Note: True gmin stepping completed
pmarg               =  7.45935e+01
tdc                 =  7.85882e+01
mode=3db  rload=10k  rsrc=2.5k  pos=2  C=470p
fcross = 7.122424e+05
pmarg = 7.459350e+01
tdc = 7.858822e+01
Doing analysis at TEMP = 27.000000 and TNOM = 27.000000

Using SPARSE 1.3 as Direct Linear Solver

No. of Data Rows : 801
fcross              =  7.26672e+05
Note: Starting dynamic gmin stepping
Warning: Dynamic gmin stepping failed
Note: Starting true gmin stepping
Note: True gmin stepping completed
pmarg               =  7.21237e+01
tdc                 =  7.85882e+01
mode=3db  rload=10k  rsrc=2.5k  pos=2  C=1n
fcross = 7.266716e+05
pmarg = 7.212368e+01
tdc = 7.858821e+01
Doing analysis at TEMP = 27.000000 and TNOM = 27.000000

Using SPARSE 1.3 as Direct Linear Solver

No. of Data Rows : 801
fcross              =  7.40850e+05
Note: Starting dynamic gmin stepping
Warning: Dynamic gmin stepping failed
Note: Starting true gmin stepping
Note: True gmin stepping completed
pmarg               =  6.96053e+01
tdc                 =  7.85882e+01
mode=3db  rload=10k  rsrc=2.5k  pos=2  C=1.5n
fcross = 7.408496e+05
pmarg = 6.960525e+01
tdc = 7.858820e+01
Doing analysis at TEMP = 27.000000 and TNOM = 27.000000

Using SPARSE 1.3 as Direct Linear Solver

No. of Data Rows : 801
fcross              =  7.61440e+05
Note: Starting dynamic gmin stepping
Warning: Dynamic gmin stepping failed
Note: Starting true gmin stepping
Note: True gmin stepping completed
pmarg               =  6.57410e+01
tdc                 =  7.85882e+01
mode=3db  rload=10k  rsrc=2.5k  pos=2  C=2.2n
fcross = 7.614402e+05
pmarg = 6.574103e+01
tdc = 7.858819e+01
Doing analysis at TEMP = 27.000000 and TNOM = 27.000000

Using SPARSE 1.3 as Direct Linear Solver

No. of Data Rows : 801
fcross              =  7.76212e+05
Note: Starting dynamic gmin stepping
Warning: Dynamic gmin stepping failed
Note: Starting true gmin stepping
Note: True gmin stepping completed
pmarg               =  6.27357e+01
tdc                 =  7.85882e+01
mode=3db  rload=10k  rsrc=2.5k  pos=2  C=2.7n
fcross = 7.762120e+05
pmarg = 6.273566e+01
tdc = 7.858818e+01
Doing analysis at TEMP = 27.000000 and TNOM = 27.000000

Using SPARSE 1.3 as Direct Linear Solver
 Reference value :  1.14815e+02
No. of Data Rows : 801
fcross              =  7.93447e+05
Note: Starting dynamic gmin stepping
Warning: Dynamic gmin stepping failed
Note: Starting true gmin stepping
Note: True gmin stepping completed
pmarg               =  5.88668e+01
tdc                 =  7.85882e+01
mode=3db  rload=10k  rsrc=2.5k  pos=2  C=3.3n
fcross = 7.934467e+05
pmarg = 5.886677e+01
tdc = 7.858817e+01
Doing analysis at TEMP = 27.000000 and TNOM = 27.000000

Using SPARSE 1.3 as Direct Linear Solver

No. of Data Rows : 801
fcross              =  8.24655e+05
pmarg               =  4.92098e+01
tdc                 =  7.85881e+01
mode=3db  rload=10k  rsrc=2.5k  pos=2  C=4.7n
fcross = 8.246553e+05
pmarg = 4.920976e+01
tdc = 7.858814e+01
Doing analysis at TEMP = 27.000000 and TNOM = 27.000000

Using SPARSE 1.3 as Direct Linear Solver

No. of Data Rows : 801
fcross              =  7.00009e+05
pmarg               =  7.66117e+01
tdc                 =  7.85882e+01
mode=3db  rload=10k  rsrc=2.571k  pos=1  C=1f
fcross = 7.000094e+05
pmarg = 7.661172e+01
tdc = 7.858823e+01
Doing analysis at TEMP = 27.000000 and TNOM = 27.000000

Using SPARSE 1.3 as Direct Linear Solver

No. of Data Rows : 801
fcross              =  7.01173e+05
pmarg               =  7.64162e+01
tdc                 =  7.85882e+01
mode=3db  rload=10k  rsrc=2.571k  pos=1  C=47p
fcross = 7.011727e+05
pmarg = 7.641616e+01
tdc = 7.858823e+01
Doing analysis at TEMP = 27.000000 and TNOM = 27.000000

Using SPARSE 1.3 as Direct Linear Solver

No. of Data Rows : 801
fcross              =  7.02433e+05
pmarg               =  7.61935e+01
tdc                 =  7.85882e+01
mode=3db  rload=10k  rsrc=2.571k  pos=1  C=100p
fcross = 7.024329e+05
pmarg = 7.619350e+01
tdc = 7.858824e+01
Doing analysis at TEMP = 27.000000 and TNOM = 27.000000

Using SPARSE 1.3 as Direct Linear Solver

No. of Data Rows : 801
fcross              =  7.05070e+05
pmarg               =  7.56824e+01
tdc                 =  7.85882e+01
mode=3db  rload=10k  rsrc=2.571k  pos=1  C=220p
fcross = 7.050695e+05
pmarg = 7.568239e+01
tdc = 7.858825e+01
Doing analysis at TEMP = 27.000000 and TNOM = 27.000000

Using SPARSE 1.3 as Direct Linear Solver

No. of Data Rows : 801
fcross              =  7.09532e+05
pmarg               =  7.45977e+01
tdc                 =  7.85883e+01
mode=3db  rload=10k  rsrc=2.571k  pos=1  C=470p
fcross = 7.095315e+05
pmarg = 7.459767e+01
tdc = 7.858826e+01
Doing analysis at TEMP = 27.000000 and TNOM = 27.000000

Using SPARSE 1.3 as Direct Linear Solver

No. of Data Rows : 801
fcross              =  7.13571e+05
pmarg               =  7.23450e+01
tdc                 =  7.85883e+01
mode=3db  rload=10k  rsrc=2.571k  pos=1  C=1n
fcross = 7.135709e+05
pmarg = 7.234497e+01
tdc = 7.858830e+01
Doing analysis at TEMP = 27.000000 and TNOM = 27.000000

Using SPARSE 1.3 as Direct Linear Solver

No. of Data Rows : 801
fcross              =  7.10495e+05
pmarg               =  7.04975e+01
tdc                 =  7.85883e+01
mode=3db  rload=10k  rsrc=2.571k  pos=1  C=1.5n
fcross = 7.104949e+05
pmarg = 7.049753e+01
tdc = 7.858833e+01
Doing analysis at TEMP = 27.000000 and TNOM = 27.000000

Using SPARSE 1.3 as Direct Linear Solver

No. of Data Rows : 801
fcross              =  6.98347e+05
pmarg               =  6.85928e+01
tdc                 =  7.85884e+01
mode=3db  rload=10k  rsrc=2.571k  pos=1  C=2.2n
fcross = 6.983472e+05
pmarg = 6.859277e+01
tdc = 7.858838e+01
Doing analysis at TEMP = 27.000000 and TNOM = 27.000000

Using SPARSE 1.3 as Direct Linear Solver

No. of Data Rows : 801
fcross              =  6.86909e+05
pmarg               =  6.77031e+01
tdc                 =  7.85884e+01
mode=3db  rload=10k  rsrc=2.571k  pos=1  C=2.7n
fcross = 6.869087e+05
pmarg = 6.770313e+01
tdc = 7.858842e+01
Doing analysis at TEMP = 27.000000 and TNOM = 27.000000

Using SPARSE 1.3 as Direct Linear Solver

No. of Data Rows : 801
fcross              =  6.72570e+05
pmarg               =  6.70368e+01
tdc                 =  7.85885e+01
mode=3db  rload=10k  rsrc=2.571k  pos=1  C=3.3n
fcross = 6.725704e+05
pmarg = 6.703680e+01
tdc = 7.858846e+01
Doing analysis at TEMP = 27.000000 and TNOM = 27.000000

Using SPARSE 1.3 as Direct Linear Solver

No. of Data Rows : 801
fcross              =  6.42420e+05
pmarg               =  6.65341e+01
tdc                 =  7.85886e+01
mode=3db  rload=10k  rsrc=2.571k  pos=1  C=4.7n
fcross = 6.424198e+05
pmarg = 6.653408e+01
tdc = 7.858855e+01
Doing analysis at TEMP = 27.000000 and TNOM = 27.000000

Using SPARSE 1.3 as Direct Linear Solver

No. of Data Rows : 801
fcross              =  7.00009e+05
pmarg               =  7.66117e+01
tdc                 =  7.85882e+01
mode=3db  rload=10k  rsrc=2.571k  pos=2  C=1f
fcross = 7.000094e+05
pmarg = 7.661172e+01
tdc = 7.858823e+01
Doing analysis at TEMP = 27.000000 and TNOM = 27.000000

Using SPARSE 1.3 as Direct Linear Solver

No. of Data Rows : 801
fcross              =  7.01207e+05
pmarg               =  7.64146e+01
tdc                 =  7.85882e+01
mode=3db  rload=10k  rsrc=2.571k  pos=2  C=47p
fcross = 7.012068e+05
pmarg = 7.641455e+01
tdc = 7.858823e+01
Doing analysis at TEMP = 27.000000 and TNOM = 27.000000

Using SPARSE 1.3 as Direct Linear Solver

No. of Data Rows : 801
fcross              =  7.02561e+05
pmarg               =  7.61907e+01
tdc                 =  7.85882e+01
mode=3db  rload=10k  rsrc=2.571k  pos=2  C=100p
fcross = 7.025609e+05
pmarg = 7.619068e+01
tdc = 7.858823e+01
Doing analysis at TEMP = 27.000000 and TNOM = 27.000000

Using SPARSE 1.3 as Direct Linear Solver

No. of Data Rows : 801
fcross              =  7.05641e+05
pmarg               =  7.56777e+01
tdc                 =  7.85882e+01
mode=3db  rload=10k  rsrc=2.571k  pos=2  C=220p
fcross = 7.056410e+05
pmarg = 7.567772e+01
tdc = 7.858823e+01
Doing analysis at TEMP = 27.000000 and TNOM = 27.000000

Using SPARSE 1.3 as Direct Linear Solver

No. of Data Rows : 801
fcross              =  7.12234e+05
pmarg               =  7.45778e+01
tdc                 =  7.85882e+01
mode=3db  rload=10k  rsrc=2.571k  pos=2  C=470p
fcross = 7.122343e+05
pmarg = 7.457784e+01
tdc = 7.858822e+01
Doing analysis at TEMP = 27.000000 and TNOM = 27.000000

Using SPARSE 1.3 as Direct Linear Solver

No. of Data Rows : 801
fcross              =  7.26663e+05
pmarg               =  7.21078e+01
tdc                 =  7.85882e+01
mode=3db  rload=10k  rsrc=2.571k  pos=2  C=1n
fcross = 7.266627e+05
pmarg = 7.210776e+01
tdc = 7.858821e+01
Doing analysis at TEMP = 27.000000 and TNOM = 27.000000

Using SPARSE 1.3 as Direct Linear Solver

No. of Data Rows : 801
fcross              =  7.40840e+05
pmarg               =  6.95891e+01
tdc                 =  7.85882e+01
mode=3db  rload=10k  rsrc=2.571k  pos=2  C=1.5n
fcross = 7.408400e+05
pmarg = 6.958907e+01
tdc = 7.858820e+01
Doing analysis at TEMP = 27.000000 and TNOM = 27.000000

Using SPARSE 1.3 as Direct Linear Solver

No. of Data Rows : 801
fcross              =  7.61429e+05
pmarg               =  6.57245e+01
tdc                 =  7.85882e+01
mode=3db  rload=10k  rsrc=2.571k  pos=2  C=2.2n
fcross = 7.614288e+05
pmarg = 6.572452e+01
tdc = 7.858819e+01
Doing analysis at TEMP = 27.000000 and TNOM = 27.000000

Using SPARSE 1.3 as Direct Linear Solver

No. of Data Rows : 801
fcross              =  7.76200e+05
pmarg               =  6.27189e+01
tdc                 =  7.85882e+01
mode=3db  rload=10k  rsrc=2.571k  pos=2  C=2.7n
fcross = 7.761998e+05
pmarg = 6.271891e+01
tdc = 7.858818e+01
Doing analysis at TEMP = 27.000000 and TNOM = 27.000000

Using SPARSE 1.3 as Direct Linear Solver

No. of Data Rows : 801
fcross              =  7.93433e+05
pmarg               =  5.88498e+01
tdc                 =  7.85882e+01
mode=3db  rload=10k  rsrc=2.571k  pos=2  C=3.3n
fcross = 7.934331e+05
pmarg = 5.884979e+01
tdc = 7.858817e+01
Doing analysis at TEMP = 27.000000 and TNOM = 27.000000

Using SPARSE 1.3 as Direct Linear Solver

No. of Data Rows : 801
fcross              =  8.24639e+05
Note: Starting dynamic gmin stepping
Warning: Dynamic gmin stepping failed
Note: Starting true gmin stepping
Note: True gmin stepping completed
pmarg               =  4.91925e+01
tdc                 =  7.85881e+01
mode=3db  rload=10k  rsrc=2.571k  pos=2  C=4.7n
fcross = 8.246393e+05
pmarg = 4.919249e+01
tdc = 7.858814e+01
Doing analysis at TEMP = 27.000000 and TNOM = 27.000000

Using SPARSE 1.3 as Direct Linear Solver

No. of Data Rows : 801
fcross              =  7.00005e+05
Note: Starting dynamic gmin stepping
Warning: Dynamic gmin stepping failed
Note: Starting true gmin stepping
Note: True gmin stepping completed
pmarg               =  7.66030e+01
tdc                 =  7.85882e+01
mode=3db  rload=10k  rsrc=2.611k  pos=1  C=1f
fcross = 7.000052e+05
pmarg = 7.660303e+01
tdc = 7.858823e+01
Doing analysis at TEMP = 27.000000 and TNOM = 27.000000

Using SPARSE 1.3 as Direct Linear Solver

No. of Data Rows : 801
fcross              =  7.01168e+05
Note: Starting dynamic gmin stepping
Warning: Dynamic gmin stepping failed
Note: Starting true gmin stepping
Note: True gmin stepping completed
pmarg               =  7.64075e+01
tdc                 =  7.85882e+01
mode=3db  rload=10k  rsrc=2.611k  pos=1  C=47p
fcross = 7.011685e+05
pmarg = 7.640746e+01
tdc = 7.858823e+01
Doing analysis at TEMP = 27.000000 and TNOM = 27.000000

Using SPARSE 1.3 as Direct Linear Solver

No. of Data Rows : 801
fcross              =  7.02429e+05
Note: Starting dynamic gmin stepping
Warning: Dynamic gmin stepping failed
Note: Starting true gmin stepping
Note: True gmin stepping completed
pmarg               =  7.61848e+01
tdc                 =  7.85882e+01
mode=3db  rload=10k  rsrc=2.611k  pos=1  C=100p
fcross = 7.024287e+05
pmarg = 7.618479e+01
tdc = 7.858824e+01
Doing analysis at TEMP = 27.000000 and TNOM = 27.000000

Using SPARSE 1.3 as Direct Linear Solver

No. of Data Rows : 801
fcross              =  7.05065e+05
Note: Starting dynamic gmin stepping
Warning: Dynamic gmin stepping failed
Note: Starting true gmin stepping
Note: True gmin stepping completed
pmarg               =  7.56736e+01
tdc                 =  7.85882e+01
mode=3db  rload=10k  rsrc=2.611k  pos=1  C=220p
fcross = 7.050652e+05
pmarg = 7.567365e+01
tdc = 7.858825e+01
Doing analysis at TEMP = 27.000000 and TNOM = 27.000000

Using SPARSE 1.3 as Direct Linear Solver

No. of Data Rows : 801
fcross              =  7.09527e+05
Note: Starting dynamic gmin stepping
Warning: Dynamic gmin stepping failed
Note: Starting true gmin stepping
Note: True gmin stepping completed
pmarg               =  7.45889e+01
tdc                 =  7.85883e+01
mode=3db  rload=10k  rsrc=2.611k  pos=1  C=470p
fcross = 7.095270e+05
pmarg = 7.458889e+01
tdc = 7.858826e+01
Doing analysis at TEMP = 27.000000 and TNOM = 27.000000

Using SPARSE 1.3 as Direct Linear Solver

No. of Data Rows : 801
fcross              =  7.13566e+05
Note: Starting dynamic gmin stepping
Warning: Dynamic gmin stepping failed
Note: Starting true gmin stepping
Note: True gmin stepping completed
pmarg               =  7.23362e+01
tdc                 =  7.85883e+01
mode=3db  rload=10k  rsrc=2.611k  pos=1  C=1n
fcross = 7.135663e+05
pmarg = 7.233615e+01
tdc = 7.858830e+01
Doing analysis at TEMP = 27.000000 and TNOM = 27.000000

Using SPARSE 1.3 as Direct Linear Solver

No. of Data Rows : 801
fcross              =  7.10490e+05
Note: Starting dynamic gmin stepping
Warning: Dynamic gmin stepping failed
Note: Starting true gmin stepping
Note: True gmin stepping completed
pmarg               =  7.04888e+01
tdc                 =  7.85883e+01
mode=3db  rload=10k  rsrc=2.611k  pos=1  C=1.5n
fcross = 7.104904e+05
pmarg = 7.048876e+01
tdc = 7.858833e+01
Doing analysis at TEMP = 27.000000 and TNOM = 27.000000

Using SPARSE 1.3 as Direct Linear Solver

No. of Data Rows : 801
fcross              =  6.98343e+05
Note: Starting dynamic gmin stepping
Warning: Dynamic gmin stepping failed
Note: Starting true gmin stepping
Note: True gmin stepping completed
pmarg               =  6.85841e+01
tdc                 =  7.85884e+01
mode=3db  rload=10k  rsrc=2.611k  pos=1  C=2.2n
fcross = 6.983432e+05
pmarg = 6.858415e+01
tdc = 7.858838e+01
Doing analysis at TEMP = 27.000000 and TNOM = 27.000000

Using SPARSE 1.3 as Direct Linear Solver

No. of Data Rows : 801
fcross              =  6.86905e+05
Note: Starting dynamic gmin stepping
Warning: Dynamic gmin stepping failed
Note: Starting true gmin stepping
Note: True gmin stepping completed
pmarg               =  6.76946e+01
tdc                 =  7.85884e+01
mode=3db  rload=10k  rsrc=2.611k  pos=1  C=2.7n
fcross = 6.869050e+05
pmarg = 6.769464e+01
tdc = 7.858842e+01
Doing analysis at TEMP = 27.000000 and TNOM = 27.000000

Using SPARSE 1.3 as Direct Linear Solver

No. of Data Rows : 801
fcross              =  6.72567e+05
Note: Starting dynamic gmin stepping
Warning: Dynamic gmin stepping failed
Note: Starting true gmin stepping
Note: True gmin stepping completed
pmarg               =  6.70285e+01
tdc                 =  7.85885e+01
mode=3db  rload=10k  rsrc=2.611k  pos=1  C=3.3n
fcross = 6.725671e+05
pmarg = 6.702848e+01
tdc = 7.858846e+01
Doing analysis at TEMP = 27.000000 and TNOM = 27.000000

Using SPARSE 1.3 as Direct Linear Solver

No. of Data Rows : 801
fcross              =  6.42417e+05
Note: Starting dynamic gmin stepping
Warning: Dynamic gmin stepping failed
Note: Starting true gmin stepping
Note: True gmin stepping completed
pmarg               =  6.65261e+01
tdc                 =  7.85886e+01
mode=3db  rload=10k  rsrc=2.611k  pos=1  C=4.7n
fcross = 6.424170e+05
pmarg = 6.652612e+01
tdc = 7.858855e+01
Doing analysis at TEMP = 27.000000 and TNOM = 27.000000

Using SPARSE 1.3 as Direct Linear Solver

No. of Data Rows : 801
fcross              =  7.00005e+05
Note: Starting dynamic gmin stepping
Warning: Dynamic gmin stepping failed
Note: Starting true gmin stepping
Note: True gmin stepping completed
pmarg               =  7.66030e+01
tdc                 =  7.85882e+01
mode=3db  rload=10k  rsrc=2.611k  pos=2  C=1f
fcross = 7.000052e+05
pmarg = 7.660303e+01
tdc = 7.858823e+01
Doing analysis at TEMP = 27.000000 and TNOM = 27.000000

Using SPARSE 1.3 as Direct Linear Solver

No. of Data Rows : 801
fcross              =  7.01203e+05
Note: Starting dynamic gmin stepping
Warning: Dynamic gmin stepping failed
Note: Starting true gmin stepping
Note: True gmin stepping completed
pmarg               =  7.64058e+01
tdc                 =  7.85882e+01
mode=3db  rload=10k  rsrc=2.611k  pos=2  C=47p
fcross = 7.012026e+05
pmarg = 7.640585e+01
tdc = 7.858823e+01
Doing analysis at TEMP = 27.000000 and TNOM = 27.000000

Using SPARSE 1.3 as Direct Linear Solver

No. of Data Rows : 801
fcross              =  7.02557e+05
Note: Starting dynamic gmin stepping
Warning: Dynamic gmin stepping failed
Note: Starting true gmin stepping
Note: True gmin stepping completed
pmarg               =  7.61820e+01
tdc                 =  7.85882e+01
mode=3db  rload=10k  rsrc=2.611k  pos=2  C=100p
fcross = 7.025566e+05
pmarg = 7.618196e+01
tdc = 7.858823e+01
Doing analysis at TEMP = 27.000000 and TNOM = 27.000000

Using SPARSE 1.3 as Direct Linear Solver

No. of Data Rows : 801
fcross              =  7.05637e+05
Note: Starting dynamic gmin stepping
Warning: Dynamic gmin stepping failed
Note: Starting true gmin stepping
Note: True gmin stepping completed
pmarg               =  7.56690e+01
tdc                 =  7.85882e+01
mode=3db  rload=10k  rsrc=2.611k  pos=2  C=220p
fcross = 7.056367e+05
pmarg = 7.566897e+01
tdc = 7.858823e+01
Doing analysis at TEMP = 27.000000 and TNOM = 27.000000

Using SPARSE 1.3 as Direct Linear Solver
 Reference value :  1.00000e+00
No. of Data Rows : 801
fcross              =  7.12230e+05
Note: Starting dynamic gmin stepping
Warning: Dynamic gmin stepping failed
Note: Starting true gmin stepping
Note: True gmin stepping completed
pmarg               =  7.45690e+01
tdc                 =  7.85882e+01
mode=3db  rload=10k  rsrc=2.611k  pos=2  C=470p
fcross = 7.122297e+05
pmarg = 7.456902e+01
tdc = 7.858822e+01
Doing analysis at TEMP = 27.000000 and TNOM = 27.000000

Using SPARSE 1.3 as Direct Linear Solver

No. of Data Rows : 801
fcross              =  7.26658e+05
Note: Starting dynamic gmin stepping
Warning: Dynamic gmin stepping failed
Note: Starting true gmin stepping
Note: True gmin stepping completed
pmarg               =  7.20988e+01
tdc                 =  7.85882e+01
mode=3db  rload=10k  rsrc=2.611k  pos=2  C=1n
fcross = 7.266575e+05
pmarg = 7.209879e+01
tdc = 7.858821e+01
Doing analysis at TEMP = 27.000000 and TNOM = 27.000000

Using SPARSE 1.3 as Direct Linear Solver

No. of Data Rows : 801
fcross              =  7.40834e+05
Note: Starting dynamic gmin stepping
Warning: Dynamic gmin stepping failed
Note: Starting true gmin stepping
Note: True gmin stepping completed
pmarg               =  6.95800e+01
tdc                 =  7.85882e+01
mode=3db  rload=10k  rsrc=2.611k  pos=2  C=1.5n
fcross = 7.408345e+05
pmarg = 6.957995e+01
tdc = 7.858820e+01
Doing analysis at TEMP = 27.000000 and TNOM = 27.000000

Using SPARSE 1.3 as Direct Linear Solver

No. of Data Rows : 801
fcross              =  7.61422e+05
Note: Starting dynamic gmin stepping
Warning: Dynamic gmin stepping failed
Note: Starting true gmin stepping
Note: True gmin stepping completed
pmarg               =  6.57152e+01
tdc                 =  7.85882e+01
mode=3db  rload=10k  rsrc=2.611k  pos=2  C=2.2n
fcross = 7.614223e+05
pmarg = 6.571523e+01
tdc = 7.858819e+01
Doing analysis at TEMP = 27.000000 and TNOM = 27.000000

Using SPARSE 1.3 as Direct Linear Solver

No. of Data Rows : 801
fcross              =  7.76193e+05
Note: Starting dynamic gmin stepping
Warning: Dynamic gmin stepping failed
Note: Starting true gmin stepping
Note: True gmin stepping completed
pmarg               =  6.27095e+01
tdc                 =  7.85882e+01
mode=3db  rload=10k  rsrc=2.611k  pos=2  C=2.7n
fcross = 7.761928e+05
pmarg = 6.270948e+01
tdc = 7.858818e+01
Doing analysis at TEMP = 27.000000 and TNOM = 27.000000

Using SPARSE 1.3 as Direct Linear Solver

No. of Data Rows : 801
fcross              =  7.93425e+05
Note: Starting dynamic gmin stepping
Warning: Dynamic gmin stepping failed
Note: Starting true gmin stepping
Note: True gmin stepping completed
pmarg               =  5.88402e+01
tdc                 =  7.85882e+01
mode=3db  rload=10k  rsrc=2.611k  pos=2  C=3.3n
fcross = 7.934253e+05
pmarg = 5.884023e+01
tdc = 7.858817e+01
Doing analysis at TEMP = 27.000000 and TNOM = 27.000000

Using SPARSE 1.3 as Direct Linear Solver

No. of Data Rows : 801
fcross              =  8.24630e+05
pmarg               =  4.91828e+01
tdc                 =  7.85881e+01
mode=3db  rload=10k  rsrc=2.611k  pos=2  C=4.7n
fcross = 8.246301e+05
pmarg = 4.918278e+01
tdc = 7.858814e+01
Doing analysis at TEMP = 27.000000 and TNOM = 27.000000

Using SPARSE 1.3 as Direct Linear Solver

No. of Data Rows : 801
fcross              =  3.07240e+05
pmarg               =  9.27381e+01
tdc                 =  7.12613e+01
mode=10db  rload=100k  rsrc=1m  pos=1  C=1f
fcross = 3.072396e+05
pmarg = 9.273814e+01
tdc = 7.126130e+01
Doing analysis at TEMP = 27.000000 and TNOM = 27.000000

Using SPARSE 1.3 as Direct Linear Solver

No. of Data Rows : 801
fcross              =  3.07334e+05
pmarg               =  9.26694e+01
tdc                 =  7.12613e+01
mode=10db  rload=100k  rsrc=1m  pos=1  C=47p
fcross = 3.073337e+05
pmarg = 9.266939e+01
tdc = 7.126130e+01
Doing analysis at TEMP = 27.000000 and TNOM = 27.000000

Using SPARSE 1.3 as Direct Linear Solver

No. of Data Rows : 801
fcross              =  3.07435e+05
pmarg               =  9.25916e+01
tdc                 =  7.12613e+01
mode=10db  rload=100k  rsrc=1m  pos=1  C=100p
fcross = 3.074354e+05
pmarg = 9.259157e+01
tdc = 7.126130e+01
Doing analysis at TEMP = 27.000000 and TNOM = 27.000000

Using SPARSE 1.3 as Direct Linear Solver

No. of Data Rows : 801
fcross              =  3.07648e+05
pmarg               =  9.24143e+01
tdc                 =  7.12613e+01
mode=10db  rload=100k  rsrc=1m  pos=1  C=220p
fcross = 3.076477e+05
pmarg = 9.241435e+01
tdc = 7.126130e+01
Doing analysis at TEMP = 27.000000 and TNOM = 27.000000

Using SPARSE 1.3 as Direct Linear Solver

No. of Data Rows : 801
fcross              =  3.08009e+05
pmarg               =  9.20413e+01
tdc                 =  7.12613e+01
mode=10db  rload=100k  rsrc=1m  pos=1  C=470p
fcross = 3.080089e+05
pmarg = 9.204132e+01
tdc = 7.126130e+01
Doing analysis at TEMP = 27.000000 and TNOM = 27.000000

Using SPARSE 1.3 as Direct Linear Solver

No. of Data Rows : 801
fcross              =  3.08403e+05
pmarg               =  9.12412e+01
tdc                 =  7.12613e+01
mode=10db  rload=100k  rsrc=1m  pos=1  C=1n
fcross = 3.084031e+05
pmarg = 9.124116e+01
tdc = 7.126130e+01
Doing analysis at TEMP = 27.000000 and TNOM = 27.000000

Using SPARSE 1.3 as Direct Linear Solver

No. of Data Rows : 801
fcross              =  3.08310e+05
pmarg               =  9.04885e+01
tdc                 =  7.12613e+01
mode=10db  rload=100k  rsrc=1m  pos=1  C=1.5n
fcross = 3.083095e+05
pmarg = 9.048849e+01
tdc = 7.126130e+01
Doing analysis at TEMP = 27.000000 and TNOM = 27.000000

Using SPARSE 1.3 as Direct Linear Solver

No. of Data Rows : 801
fcross              =  3.07456e+05
pmarg               =  8.94674e+01
tdc                 =  7.12613e+01
mode=10db  rload=100k  rsrc=1m  pos=1  C=2.2n
fcross = 3.074561e+05
pmarg = 8.946742e+01
tdc = 7.126129e+01
Doing analysis at TEMP = 27.000000 and TNOM = 27.000000

Using SPARSE 1.3 as Direct Linear Solver

No. of Data Rows : 801
fcross              =  3.06385e+05
pmarg               =  8.87788e+01
tdc                 =  7.12613e+01
mode=10db  rload=100k  rsrc=1m  pos=1  C=2.7n
fcross = 3.063847e+05
pmarg = 8.877875e+01
tdc = 7.126129e+01
Doing analysis at TEMP = 27.000000 and TNOM = 27.000000

Using SPARSE 1.3 as Direct Linear Solver

No. of Data Rows : 801
fcross              =  3.04676e+05
pmarg               =  8.80119e+01
tdc                 =  7.12613e+01
mode=10db  rload=100k  rsrc=1m  pos=1  C=3.3n
fcross = 3.046761e+05
pmarg = 8.801189e+01
tdc = 7.126129e+01
Doing analysis at TEMP = 27.000000 and TNOM = 27.000000

Using SPARSE 1.3 as Direct Linear Solver

No. of Data Rows : 801
fcross              =  2.99510e+05
pmarg               =  8.65154e+01
tdc                 =  7.12613e+01
mode=10db  rload=100k  rsrc=1m  pos=1  C=4.7n
fcross = 2.995103e+05
pmarg = 8.651540e+01
tdc = 7.126129e+01
Doing analysis at TEMP = 27.000000 and TNOM = 27.000000

Using SPARSE 1.3 as Direct Linear Solver

No. of Data Rows : 801
fcross              =  3.07240e+05
pmarg               =  9.27381e+01
tdc                 =  7.12613e+01
mode=10db  rload=100k  rsrc=1m  pos=2  C=1f
fcross = 3.072396e+05
pmarg = 9.273814e+01
tdc = 7.126130e+01
Doing analysis at TEMP = 27.000000 and TNOM = 27.000000

Using SPARSE 1.3 as Direct Linear Solver

No. of Data Rows : 801
fcross              =  3.07336e+05
pmarg               =  9.26694e+01
tdc                 =  7.12613e+01
mode=10db  rload=100k  rsrc=1m  pos=2  C=47p
fcross = 3.073356e+05
pmarg = 9.266938e+01
tdc = 7.126130e+01
Doing analysis at TEMP = 27.000000 and TNOM = 27.000000

Using SPARSE 1.3 as Direct Linear Solver

No. of Data Rows : 801
fcross              =  3.07443e+05
pmarg               =  9.25917e+01
tdc                 =  7.12613e+01
mode=10db  rload=100k  rsrc=1m  pos=2  C=100p
fcross = 3.074434e+05
pmarg = 9.259172e+01
tdc = 7.126130e+01
Doing analysis at TEMP = 27.000000 and TNOM = 27.000000

Using SPARSE 1.3 as Direct Linear Solver

No. of Data Rows : 801
fcross              =  3.07686e+05
pmarg               =  9.24155e+01
tdc                 =  7.12613e+01
mode=10db  rload=100k  rsrc=1m  pos=2  C=220p
fcross = 3.076859e+05
pmarg = 9.241549e+01
tdc = 7.126130e+01
Doing analysis at TEMP = 27.000000 and TNOM = 27.000000

Using SPARSE 1.3 as Direct Linear Solver

No. of Data Rows : 801
fcross              =  3.08184e+05
pmarg               =  9.20465e+01
tdc                 =  7.12613e+01
mode=10db  rload=100k  rsrc=1m  pos=2  C=470p
fcross = 3.081841e+05
pmarg = 9.204655e+01
tdc = 7.126129e+01
Doing analysis at TEMP = 27.000000 and TNOM = 27.000000

Using SPARSE 1.3 as Direct Linear Solver

No. of Data Rows : 801
fcross              =  3.09211e+05
pmarg               =  9.12565e+01
tdc                 =  7.12613e+01
mode=10db  rload=100k  rsrc=1m  pos=2  C=1n
fcross = 3.092114e+05
pmarg = 9.125651e+01
tdc = 7.126128e+01
Doing analysis at TEMP = 27.000000 and TNOM = 27.000000

Using SPARSE 1.3 as Direct Linear Solver

No. of Data Rows : 801
fcross              =  3.10158e+05
pmarg               =  9.05016e+01
tdc                 =  7.12613e+01
mode=10db  rload=100k  rsrc=1m  pos=2  C=1.5n
fcross = 3.101575e+05
pmarg = 9.050157e+01
tdc = 7.126127e+01
Doing analysis at TEMP = 27.000000 and TNOM = 27.000000

Using SPARSE 1.3 as Direct Linear Solver

No. of Data Rows : 801
fcross              =  3.11403e+05
pmarg               =  8.94299e+01
tdc                 =  7.12613e+01
mode=10db  rload=100k  rsrc=1m  pos=2  C=2.2n
fcross = 3.114035e+05
pmarg = 8.942995e+01
tdc = 7.126126e+01
Doing analysis at TEMP = 27.000000 and TNOM = 27.000000

Using SPARSE 1.3 as Direct Linear Solver

No. of Data Rows : 801
fcross              =  3.12233e+05
pmarg               =  8.86547e+01
tdc                 =  7.12613e+01
mode=10db  rload=100k  rsrc=1m  pos=2  C=2.7n
fcross = 3.122335e+05
pmarg = 8.865471e+01
tdc = 7.126125e+01
Doing analysis at TEMP = 27.000000 and TNOM = 27.000000

Using SPARSE 1.3 as Direct Linear Solver

No. of Data Rows : 801
fcross              =  3.13159e+05
pmarg               =  8.77146e+01
tdc                 =  7.12612e+01
mode=10db  rload=100k  rsrc=1m  pos=2  C=3.3n
fcross = 3.131591e+05
pmarg = 8.771459e+01
tdc = 7.126124e+01
Doing analysis at TEMP = 27.000000 and TNOM = 27.000000

Using SPARSE 1.3 as Direct Linear Solver

No. of Data Rows : 801
fcross              =  3.14996e+05
pmarg               =  8.54856e+01
tdc                 =  7.12612e+01
mode=10db  rload=100k  rsrc=1m  pos=2  C=4.7n
fcross = 3.149964e+05
pmarg = 8.548562e+01
tdc = 7.126122e+01
Doing analysis at TEMP = 27.000000 and TNOM = 27.000000

Using SPARSE 1.3 as Direct Linear Solver

No. of Data Rows : 801
fcross              =  3.07237e+05
pmarg               =  9.26415e+01
tdc                 =  7.12613e+01
mode=10db  rload=100k  rsrc=1k  pos=1  C=1f
fcross = 3.072371e+05
pmarg = 9.264154e+01
tdc = 7.126126e+01
Doing analysis at TEMP = 27.000000 and TNOM = 27.000000

Using SPARSE 1.3 as Direct Linear Solver

No. of Data Rows : 801
fcross              =  3.07331e+05
pmarg               =  9.25728e+01
tdc                 =  7.12613e+01
mode=10db  rload=100k  rsrc=1k  pos=1  C=47p
fcross = 3.073313e+05
pmarg = 9.257276e+01
tdc = 7.126126e+01
Doing analysis at TEMP = 27.000000 and TNOM = 27.000000

Using SPARSE 1.3 as Direct Linear Solver

No. of Data Rows : 801
fcross              =  3.07433e+05
pmarg               =  9.24949e+01
tdc                 =  7.12613e+01
mode=10db  rload=100k  rsrc=1k  pos=1  C=100p
fcross = 3.074329e+05
pmarg = 9.249491e+01
tdc = 7.126126e+01
Doing analysis at TEMP = 27.000000 and TNOM = 27.000000

Using SPARSE 1.3 as Direct Linear Solver

No. of Data Rows : 801
fcross              =  3.07645e+05
pmarg               =  9.23176e+01
tdc                 =  7.12613e+01
mode=10db  rload=100k  rsrc=1k  pos=1  C=220p
fcross = 3.076452e+05
pmarg = 9.231762e+01
tdc = 7.126126e+01
Doing analysis at TEMP = 27.000000 and TNOM = 27.000000

Using SPARSE 1.3 as Direct Linear Solver

No. of Data Rows : 801
fcross              =  3.08006e+05
pmarg               =  9.19445e+01
tdc                 =  7.12613e+01
mode=10db  rload=100k  rsrc=1k  pos=1  C=470p
fcross = 3.080065e+05
pmarg = 9.194449e+01
tdc = 7.126126e+01
Doing analysis at TEMP = 27.000000 and TNOM = 27.000000

Using SPARSE 1.3 as Direct Linear Solver

No. of Data Rows : 801
fcross              =  3.08401e+05
pmarg               =  9.11442e+01
tdc                 =  7.12613e+01
mode=10db  rload=100k  rsrc=1k  pos=1  C=1n
fcross = 3.084007e+05
pmarg = 9.114420e+01
tdc = 7.126126e+01
Doing analysis at TEMP = 27.000000 and TNOM = 27.000000

Using SPARSE 1.3 as Direct Linear Solver

No. of Data Rows : 801
fcross              =  3.08307e+05
pmarg               =  9.03916e+01
tdc                 =  7.12613e+01
mode=10db  rload=100k  rsrc=1k  pos=1  C=1.5n
fcross = 3.083071e+05
pmarg = 9.039157e+01
tdc = 7.126126e+01
Doing analysis at TEMP = 27.000000 and TNOM = 27.000000

Using SPARSE 1.3 as Direct Linear Solver

No. of Data Rows : 801
fcross              =  3.07454e+05
pmarg               =  8.93708e+01
tdc                 =  7.12613e+01
mode=10db  rload=100k  rsrc=1k  pos=1  C=2.2n
fcross = 3.074537e+05
pmarg = 8.937079e+01
tdc = 7.126126e+01
Doing analysis at TEMP = 27.000000 and TNOM = 27.000000

Using SPARSE 1.3 as Direct Linear Solver

No. of Data Rows : 801
fcross              =  3.06382e+05
pmarg               =  8.86825e+01
tdc                 =  7.12613e+01
mode=10db  rload=100k  rsrc=1k  pos=1  C=2.7n
fcross = 3.063822e+05
pmarg = 8.868246e+01
tdc = 7.126125e+01
Doing analysis at TEMP = 27.000000 and TNOM = 27.000000

Using SPARSE 1.3 as Direct Linear Solver

No. of Data Rows : 801
fcross              =  3.04674e+05
pmarg               =  8.79161e+01
tdc                 =  7.12613e+01
mode=10db  rload=100k  rsrc=1k  pos=1  C=3.3n
fcross = 3.046737e+05
pmarg = 8.791614e+01
tdc = 7.126125e+01
Doing analysis at TEMP = 27.000000 and TNOM = 27.000000

Using SPARSE 1.3 as Direct Linear Solver

No. of Data Rows : 801
fcross              =  2.99508e+05
pmarg               =  8.64213e+01
tdc                 =  7.12612e+01
mode=10db  rload=100k  rsrc=1k  pos=1  C=4.7n
fcross = 2.995081e+05
pmarg = 8.642128e+01
tdc = 7.126125e+01
Doing analysis at TEMP = 27.000000 and TNOM = 27.000000

Using SPARSE 1.3 as Direct Linear Solver

No. of Data Rows : 801
fcross              =  3.07237e+05
pmarg               =  9.26415e+01
tdc                 =  7.12613e+01
mode=10db  rload=100k  rsrc=1k  pos=2  C=1f
fcross = 3.072371e+05
pmarg = 9.264154e+01
tdc = 7.126126e+01
Doing analysis at TEMP = 27.000000 and TNOM = 27.000000

Using SPARSE 1.3 as Direct Linear Solver

No. of Data Rows : 801
fcross              =  3.07333e+05
pmarg               =  9.25727e+01
tdc                 =  7.12613e+01
mode=10db  rload=100k  rsrc=1k  pos=2  C=47p
fcross = 3.073331e+05
pmarg = 9.257274e+01
tdc = 7.126126e+01
Doing analysis at TEMP = 27.000000 and TNOM = 27.000000

Using SPARSE 1.3 as Direct Linear Solver

No. of Data Rows : 801
fcross              =  3.07441e+05
pmarg               =  9.24951e+01
tdc                 =  7.12613e+01
mode=10db  rload=100k  rsrc=1k  pos=2  C=100p
fcross = 3.074409e+05
pmarg = 9.249505e+01
tdc = 7.126126e+01
Doing analysis at TEMP = 27.000000 and TNOM = 27.000000

Using SPARSE 1.3 as Direct Linear Solver

No. of Data Rows : 801
fcross              =  3.07683e+05
pmarg               =  9.23187e+01
tdc                 =  7.12613e+01
mode=10db  rload=100k  rsrc=1k  pos=2  C=220p
fcross = 3.076835e+05
pmarg = 9.231875e+01
tdc = 7.126126e+01
Doing analysis at TEMP = 27.000000 and TNOM = 27.000000

Using SPARSE 1.3 as Direct Linear Solver

No. of Data Rows : 801
fcross              =  3.08182e+05
pmarg               =  9.19497e+01
tdc                 =  7.12613e+01
mode=10db  rload=100k  rsrc=1k  pos=2  C=470p
fcross = 3.081816e+05
pmarg = 9.194965e+01
tdc = 7.126125e+01
Doing analysis at TEMP = 27.000000 and TNOM = 27.000000

Using SPARSE 1.3 as Direct Linear Solver

No. of Data Rows : 801
fcross              =  3.09209e+05
pmarg               =  9.11593e+01
tdc                 =  7.12612e+01
mode=10db  rload=100k  rsrc=1k  pos=2  C=1n
fcross = 3.092089e+05
pmarg = 9.115930e+01
tdc = 7.126125e+01
Doing analysis at TEMP = 27.000000 and TNOM = 27.000000

Using SPARSE 1.3 as Direct Linear Solver

No. of Data Rows : 801
fcross              =  3.10155e+05
pmarg               =  9.04041e+01
tdc                 =  7.12612e+01
mode=10db  rload=100k  rsrc=1k  pos=2  C=1.5n
fcross = 3.101549e+05
pmarg = 9.040407e+01
tdc = 7.126124e+01
Doing analysis at TEMP = 27.000000 and TNOM = 27.000000

Using SPARSE 1.3 as Direct Linear Solver

No. of Data Rows : 801
fcross              =  3.11401e+05
pmarg               =  8.93321e+01
tdc                 =  7.12612e+01
mode=10db  rload=100k  rsrc=1k  pos=2  C=2.2n
fcross = 3.114008e+05
pmarg = 8.933207e+01
tdc = 7.126123e+01
Doing analysis at TEMP = 27.000000 and TNOM = 27.000000

Using SPARSE 1.3 as Direct Linear Solver

No. of Data Rows : 801
fcross              =  3.12231e+05
pmarg               =  8.85566e+01
tdc                 =  7.12612e+01
mode=10db  rload=100k  rsrc=1k  pos=2  C=2.7n
fcross = 3.122308e+05
pmarg = 8.855658e+01
tdc = 7.126122e+01
Doing analysis at TEMP = 27.000000 and TNOM = 27.000000

Using SPARSE 1.3 as Direct Linear Solver

No. of Data Rows : 801
fcross              =  3.13156e+05
pmarg               =  8.76162e+01
tdc                 =  7.12612e+01
mode=10db  rload=100k  rsrc=1k  pos=2  C=3.3n
fcross = 3.131564e+05
pmarg = 8.761618e+01
tdc = 7.126121e+01
Doing analysis at TEMP = 27.000000 and TNOM = 27.000000

Using SPARSE 1.3 as Direct Linear Solver

No. of Data Rows : 801
fcross              =  3.14994e+05
pmarg               =  8.53867e+01
tdc                 =  7.12612e+01
mode=10db  rload=100k  rsrc=1k  pos=2  C=4.7n
fcross = 3.149936e+05
pmarg = 8.538666e+01
tdc = 7.126118e+01
Doing analysis at TEMP = 27.000000 and TNOM = 27.000000

Using SPARSE 1.3 as Direct Linear Solver

No. of Data Rows : 801
fcross              =  3.07228e+05
pmarg               =  9.24970e+01
tdc                 =  7.12613e+01
mode=10db  rload=100k  rsrc=2.5k  pos=1  C=1f
fcross = 3.072281e+05
pmarg = 9.249698e+01
tdc = 7.126130e+01
Doing analysis at TEMP = 27.000000 and TNOM = 27.000000

Using SPARSE 1.3 as Direct Linear Solver

No. of Data Rows : 801
fcross              =  3.07322e+05
pmarg               =  9.24281e+01
tdc                 =  7.12613e+01
mode=10db  rload=100k  rsrc=2.5k  pos=1  C=47p
fcross = 3.073223e+05
pmarg = 9.242815e+01
tdc = 7.126130e+01
Doing analysis at TEMP = 27.000000 and TNOM = 27.000000

Using SPARSE 1.3 as Direct Linear Solver

No. of Data Rows : 801
fcross              =  3.07424e+05
pmarg               =  9.23503e+01
tdc                 =  7.12613e+01
mode=10db  rload=100k  rsrc=2.5k  pos=1  C=100p
fcross = 3.074239e+05
pmarg = 9.235025e+01
tdc = 7.126130e+01
Doing analysis at TEMP = 27.000000 and TNOM = 27.000000

Using SPARSE 1.3 as Direct Linear Solver

No. of Data Rows : 801
fcross              =  3.07636e+05
pmarg               =  9.21729e+01
tdc                 =  7.12613e+01
mode=10db  rload=100k  rsrc=2.5k  pos=1  C=220p
fcross = 3.076362e+05
pmarg = 9.217287e+01
tdc = 7.126130e+01
Doing analysis at TEMP = 27.000000 and TNOM = 27.000000

Using SPARSE 1.3 as Direct Linear Solver

No. of Data Rows : 801
fcross              =  3.07997e+05
pmarg               =  9.17996e+01
tdc                 =  7.12613e+01
mode=10db  rload=100k  rsrc=2.5k  pos=1  C=470p
fcross = 3.079974e+05
pmarg = 9.179958e+01
tdc = 7.126130e+01
Doing analysis at TEMP = 27.000000 and TNOM = 27.000000

Using SPARSE 1.3 as Direct Linear Solver

No. of Data Rows : 801
fcross              =  3.08392e+05
pmarg               =  9.09991e+01
tdc                 =  7.12613e+01
mode=10db  rload=100k  rsrc=2.5k  pos=1  C=1n
fcross = 3.083915e+05
pmarg = 9.099913e+01
tdc = 7.126130e+01
Doing analysis at TEMP = 27.000000 and TNOM = 27.000000

Using SPARSE 1.3 as Direct Linear Solver

No. of Data Rows : 801
fcross              =  3.08298e+05
pmarg               =  9.02466e+01
tdc                 =  7.12613e+01
mode=10db  rload=100k  rsrc=2.5k  pos=1  C=1.5n
fcross = 3.082980e+05
pmarg = 9.024657e+01
tdc = 7.126129e+01
Doing analysis at TEMP = 27.000000 and TNOM = 27.000000

Using SPARSE 1.3 as Direct Linear Solver

No. of Data Rows : 801
fcross              =  3.07445e+05
pmarg               =  8.92262e+01
tdc                 =  7.12613e+01
mode=10db  rload=100k  rsrc=2.5k  pos=1  C=2.2n
fcross = 3.074447e+05
pmarg = 8.922621e+01
tdc = 7.126129e+01
Doing analysis at TEMP = 27.000000 and TNOM = 27.000000

Using SPARSE 1.3 as Direct Linear Solver

No. of Data Rows : 801
fcross              =  3.06373e+05
pmarg               =  8.85384e+01
tdc                 =  7.12613e+01
mode=10db  rload=100k  rsrc=2.5k  pos=1  C=2.7n
fcross = 3.063734e+05
pmarg = 8.853840e+01
tdc = 7.126129e+01
Doing analysis at TEMP = 27.000000 and TNOM = 27.000000

Using SPARSE 1.3 as Direct Linear Solver

No. of Data Rows : 801
fcross              =  3.04665e+05
pmarg               =  8.77729e+01
tdc                 =  7.12613e+01
mode=10db  rload=100k  rsrc=2.5k  pos=1  C=3.3n
fcross = 3.046651e+05
pmarg = 8.777291e+01
tdc = 7.126129e+01
Doing analysis at TEMP = 27.000000 and TNOM = 27.000000

Using SPARSE 1.3 as Direct Linear Solver
 Reference value :  2.75423e+03
No. of Data Rows : 801
fcross              =  2.99500e+05
pmarg               =  8.62805e+01
tdc                 =  7.12613e+01
mode=10db  rload=100k  rsrc=2.5k  pos=1  C=4.7n
fcross = 2.995002e+05
pmarg = 8.628049e+01
tdc = 7.126129e+01
Doing analysis at TEMP = 27.000000 and TNOM = 27.000000

Using SPARSE 1.3 as Direct Linear Solver

No. of Data Rows : 801
fcross              =  3.07228e+05
pmarg               =  9.24970e+01
tdc                 =  7.12613e+01
mode=10db  rload=100k  rsrc=2.5k  pos=2  C=1f
fcross = 3.072281e+05
pmarg = 9.249698e+01
tdc = 7.126130e+01
Doing analysis at TEMP = 27.000000 and TNOM = 27.000000

Using SPARSE 1.3 as Direct Linear Solver

No. of Data Rows : 801
fcross              =  3.07324e+05
pmarg               =  9.24281e+01
tdc                 =  7.12613e+01
mode=10db  rload=100k  rsrc=2.5k  pos=2  C=47p
fcross = 3.073241e+05
pmarg = 9.242813e+01
tdc = 7.126130e+01
Doing analysis at TEMP = 27.000000 and TNOM = 27.000000

Using SPARSE 1.3 as Direct Linear Solver

No. of Data Rows : 801
fcross              =  3.07432e+05
pmarg               =  9.23504e+01
tdc                 =  7.12613e+01
mode=10db  rload=100k  rsrc=2.5k  pos=2  C=100p
fcross = 3.074319e+05
pmarg = 9.235040e+01
tdc = 7.126130e+01
Doing analysis at TEMP = 27.000000 and TNOM = 27.000000

Using SPARSE 1.3 as Direct Linear Solver

No. of Data Rows : 801
fcross              =  3.07674e+05
pmarg               =  9.21740e+01
tdc                 =  7.12613e+01
mode=10db  rload=100k  rsrc=2.5k  pos=2  C=220p
fcross = 3.076744e+05
pmarg = 9.217398e+01
tdc = 7.126129e+01
Doing analysis at TEMP = 27.000000 and TNOM = 27.000000

Using SPARSE 1.3 as Direct Linear Solver

No. of Data Rows : 801
fcross              =  3.08172e+05
pmarg               =  9.18047e+01
tdc                 =  7.12613e+01
mode=10db  rload=100k  rsrc=2.5k  pos=2  C=470p
fcross = 3.081725e+05
pmarg = 9.180466e+01
tdc = 7.126129e+01
Doing analysis at TEMP = 27.000000 and TNOM = 27.000000

Using SPARSE 1.3 as Direct Linear Solver

No. of Data Rows : 801
fcross              =  3.09199e+05
pmarg               =  9.10139e+01
tdc                 =  7.12613e+01
mode=10db  rload=100k  rsrc=2.5k  pos=2  C=1n
fcross = 3.091994e+05
pmarg = 9.101385e+01
tdc = 7.126128e+01
Doing analysis at TEMP = 27.000000 and TNOM = 27.000000

Using SPARSE 1.3 as Direct Linear Solver

No. of Data Rows : 801
fcross              =  3.10145e+05
pmarg               =  9.02582e+01
tdc                 =  7.12613e+01
mode=10db  rload=100k  rsrc=2.5k  pos=2  C=1.5n
fcross = 3.101453e+05
pmarg = 9.025820e+01
tdc = 7.126127e+01
Doing analysis at TEMP = 27.000000 and TNOM = 27.000000

Using SPARSE 1.3 as Direct Linear Solver

No. of Data Rows : 801
fcross              =  3.11391e+05
pmarg               =  8.91856e+01
tdc                 =  7.12613e+01
mode=10db  rload=100k  rsrc=2.5k  pos=2  C=2.2n
fcross = 3.113911e+05
pmarg = 8.918565e+01
tdc = 7.126126e+01
Doing analysis at TEMP = 27.000000 and TNOM = 27.000000

Using SPARSE 1.3 as Direct Linear Solver

No. of Data Rows : 801
fcross              =  3.12221e+05
pmarg               =  8.84098e+01
tdc                 =  7.12613e+01
mode=10db  rload=100k  rsrc=2.5k  pos=2  C=2.7n
fcross = 3.122210e+05
pmarg = 8.840979e+01
tdc = 7.126125e+01
Doing analysis at TEMP = 27.000000 and TNOM = 27.000000

Using SPARSE 1.3 as Direct Linear Solver

No. of Data Rows : 801
fcross              =  3.13147e+05
pmarg               =  8.74690e+01
tdc                 =  7.12612e+01
mode=10db  rload=100k  rsrc=2.5k  pos=2  C=3.3n
fcross = 3.131465e+05
pmarg = 8.746899e+01
tdc = 7.126124e+01
Doing analysis at TEMP = 27.000000 and TNOM = 27.000000

Using SPARSE 1.3 as Direct Linear Solver

No. of Data Rows : 801
fcross              =  3.14984e+05
pmarg               =  8.52387e+01
tdc                 =  7.12612e+01
mode=10db  rload=100k  rsrc=2.5k  pos=2  C=4.7n
fcross = 3.149836e+05
pmarg = 8.523868e+01
tdc = 7.126122e+01
Doing analysis at TEMP = 27.000000 and TNOM = 27.000000

Using SPARSE 1.3 as Direct Linear Solver

No. of Data Rows : 801
fcross              =  3.07228e+05
pmarg               =  9.24901e+01
tdc                 =  7.12613e+01
mode=10db  rload=100k  rsrc=2.571k  pos=1  C=1f
fcross = 3.072275e+05
pmarg = 9.249014e+01
tdc = 7.126130e+01
Doing analysis at TEMP = 27.000000 and TNOM = 27.000000

Using SPARSE 1.3 as Direct Linear Solver

No. of Data Rows : 801
fcross              =  3.07322e+05
pmarg               =  9.24213e+01
tdc                 =  7.12613e+01
mode=10db  rload=100k  rsrc=2.571k  pos=1  C=47p
fcross = 3.073217e+05
pmarg = 9.242132e+01
tdc = 7.126130e+01
Doing analysis at TEMP = 27.000000 and TNOM = 27.000000

Using SPARSE 1.3 as Direct Linear Solver

No. of Data Rows : 801
fcross              =  3.07423e+05
pmarg               =  9.23434e+01
tdc                 =  7.12613e+01
mode=10db  rload=100k  rsrc=2.571k  pos=1  C=100p
fcross = 3.074233e+05
pmarg = 9.234342e+01
tdc = 7.126130e+01
Doing analysis at TEMP = 27.000000 and TNOM = 27.000000

Using SPARSE 1.3 as Direct Linear Solver

No. of Data Rows : 801
fcross              =  3.07636e+05
pmarg               =  9.21660e+01
tdc                 =  7.12613e+01
mode=10db  rload=100k  rsrc=2.571k  pos=1  C=220p
fcross = 3.076356e+05
pmarg = 9.216603e+01
tdc = 7.126130e+01
Doing analysis at TEMP = 27.000000 and TNOM = 27.000000

Using SPARSE 1.3 as Direct Linear Solver

No. of Data Rows : 801
fcross              =  3.07997e+05
pmarg               =  9.17927e+01
tdc                 =  7.12613e+01
mode=10db  rload=100k  rsrc=2.571k  pos=1  C=470p
fcross = 3.079968e+05
pmarg = 9.179273e+01
tdc = 7.126130e+01
Doing analysis at TEMP = 27.000000 and TNOM = 27.000000

Using SPARSE 1.3 as Direct Linear Solver

No. of Data Rows : 801
fcross              =  3.08391e+05
pmarg               =  9.09923e+01
tdc                 =  7.12613e+01
mode=10db  rload=100k  rsrc=2.571k  pos=1  C=1n
fcross = 3.083909e+05
pmarg = 9.099228e+01
tdc = 7.126130e+01
Doing analysis at TEMP = 27.000000 and TNOM = 27.000000

Using SPARSE 1.3 as Direct Linear Solver

No. of Data Rows : 801
fcross              =  3.08297e+05
pmarg               =  9.02397e+01
tdc                 =  7.12613e+01
mode=10db  rload=100k  rsrc=2.571k  pos=1  C=1.5n
fcross = 3.082974e+05
pmarg = 9.023972e+01
tdc = 7.126129e+01
Doing analysis at TEMP = 27.000000 and TNOM = 27.000000

Using SPARSE 1.3 as Direct Linear Solver

No. of Data Rows : 801
fcross              =  3.07444e+05
pmarg               =  8.92194e+01
tdc                 =  7.12613e+01
mode=10db  rload=100k  rsrc=2.571k  pos=1  C=2.2n
fcross = 3.074441e+05
pmarg = 8.921938e+01
tdc = 7.126129e+01
Doing analysis at TEMP = 27.000000 and TNOM = 27.000000

Using SPARSE 1.3 as Direct Linear Solver

No. of Data Rows : 801
fcross              =  3.06373e+05
pmarg               =  8.85316e+01
tdc                 =  7.12613e+01
mode=10db  rload=100k  rsrc=2.571k  pos=1  C=2.7n
fcross = 3.063728e+05
pmarg = 8.853160e+01
tdc = 7.126129e+01
Doing analysis at TEMP = 27.000000 and TNOM = 27.000000

Using SPARSE 1.3 as Direct Linear Solver

No. of Data Rows : 801
fcross              =  3.04665e+05
pmarg               =  8.77661e+01
tdc                 =  7.12613e+01
mode=10db  rload=100k  rsrc=2.571k  pos=1  C=3.3n
fcross = 3.046645e+05
pmarg = 8.776614e+01
tdc = 7.126129e+01
Doing analysis at TEMP = 27.000000 and TNOM = 27.000000

Using SPARSE 1.3 as Direct Linear Solver

No. of Data Rows : 801
fcross              =  2.99500e+05
pmarg               =  8.62738e+01
tdc                 =  7.12613e+01
mode=10db  rload=100k  rsrc=2.571k  pos=1  C=4.7n
fcross = 2.994997e+05
pmarg = 8.627384e+01
tdc = 7.126129e+01
Doing analysis at TEMP = 27.000000 and TNOM = 27.000000

Using SPARSE 1.3 as Direct Linear Solver

No. of Data Rows : 801
fcross              =  3.07228e+05
pmarg               =  9.24901e+01
tdc                 =  7.12613e+01
mode=10db  rload=100k  rsrc=2.571k  pos=2  C=1f
fcross = 3.072275e+05
pmarg = 9.249014e+01
tdc = 7.126130e+01
Doing analysis at TEMP = 27.000000 and TNOM = 27.000000

Using SPARSE 1.3 as Direct Linear Solver

No. of Data Rows : 801
fcross              =  3.07323e+05
pmarg               =  9.24213e+01
tdc                 =  7.12613e+01
mode=10db  rload=100k  rsrc=2.571k  pos=2  C=47p
fcross = 3.073235e+05
pmarg = 9.242130e+01
tdc = 7.126130e+01
Doing analysis at TEMP = 27.000000 and TNOM = 27.000000

Using SPARSE 1.3 as Direct Linear Solver

No. of Data Rows : 801
fcross              =  3.07431e+05
pmarg               =  9.23436e+01
tdc                 =  7.12613e+01
mode=10db  rload=100k  rsrc=2.571k  pos=2  C=100p
fcross = 3.074313e+05
pmarg = 9.234356e+01
tdc = 7.126130e+01
Doing analysis at TEMP = 27.000000 and TNOM = 27.000000

Using SPARSE 1.3 as Direct Linear Solver

No. of Data Rows : 801
fcross              =  3.07674e+05
pmarg               =  9.21671e+01
tdc                 =  7.12613e+01
mode=10db  rload=100k  rsrc=2.571k  pos=2  C=220p
fcross = 3.076738e+05
pmarg = 9.216714e+01
tdc = 7.126129e+01
Doing analysis at TEMP = 27.000000 and TNOM = 27.000000

Using SPARSE 1.3 as Direct Linear Solver

No. of Data Rows : 801
fcross              =  3.08172e+05
pmarg               =  9.17978e+01
tdc                 =  7.12613e+01
mode=10db  rload=100k  rsrc=2.571k  pos=2  C=470p
fcross = 3.081719e+05
pmarg = 9.179781e+01
tdc = 7.126129e+01
Doing analysis at TEMP = 27.000000 and TNOM = 27.000000

Using SPARSE 1.3 as Direct Linear Solver

No. of Data Rows : 801
fcross              =  3.09199e+05
pmarg               =  9.10070e+01
tdc                 =  7.12613e+01
mode=10db  rload=100k  rsrc=2.571k  pos=2  C=1n
fcross = 3.091988e+05
pmarg = 9.100698e+01
tdc = 7.126128e+01
Doing analysis at TEMP = 27.000000 and TNOM = 27.000000

Using SPARSE 1.3 as Direct Linear Solver

No. of Data Rows : 801
fcross              =  3.10145e+05
pmarg               =  9.02513e+01
tdc                 =  7.12613e+01
mode=10db  rload=100k  rsrc=2.571k  pos=2  C=1.5n
fcross = 3.101447e+05
pmarg = 9.025131e+01
tdc = 7.126127e+01
Doing analysis at TEMP = 27.000000 and TNOM = 27.000000

Using SPARSE 1.3 as Direct Linear Solver

No. of Data Rows : 801
fcross              =  3.11390e+05
pmarg               =  8.91787e+01
tdc                 =  7.12613e+01
mode=10db  rload=100k  rsrc=2.571k  pos=2  C=2.2n
fcross = 3.113905e+05
pmarg = 8.917873e+01
tdc = 7.126126e+01
Doing analysis at TEMP = 27.000000 and TNOM = 27.000000

Using SPARSE 1.3 as Direct Linear Solver

No. of Data Rows : 801
fcross              =  3.12220e+05
pmarg               =  8.84029e+01
tdc                 =  7.12613e+01
mode=10db  rload=100k  rsrc=2.571k  pos=2  C=2.7n
fcross = 3.122204e+05
pmarg = 8.840285e+01
tdc = 7.126125e+01
Doing analysis at TEMP = 27.000000 and TNOM = 27.000000

Using SPARSE 1.3 as Direct Linear Solver

No. of Data Rows : 801
fcross              =  3.13146e+05
pmarg               =  8.74620e+01
tdc                 =  7.12612e+01
mode=10db  rload=100k  rsrc=2.571k  pos=2  C=3.3n
fcross = 3.131459e+05
pmarg = 8.746203e+01
tdc = 7.126124e+01
Doing analysis at TEMP = 27.000000 and TNOM = 27.000000

Using SPARSE 1.3 as Direct Linear Solver

No. of Data Rows : 801
fcross              =  3.14983e+05
pmarg               =  8.52317e+01
tdc                 =  7.12612e+01
mode=10db  rload=100k  rsrc=2.571k  pos=2  C=4.7n
fcross = 3.149829e+05
pmarg = 8.523169e+01
tdc = 7.126122e+01
Doing analysis at TEMP = 27.000000 and TNOM = 27.000000

Using SPARSE 1.3 as Direct Linear Solver

No. of Data Rows : 801
fcross              =  3.07227e+05
pmarg               =  9.24863e+01
tdc                 =  7.12613e+01
mode=10db  rload=100k  rsrc=2.611k  pos=1  C=1f
fcross = 3.072272e+05
pmarg = 9.248630e+01
tdc = 7.126130e+01
Doing analysis at TEMP = 27.000000 and TNOM = 27.000000

Using SPARSE 1.3 as Direct Linear Solver

No. of Data Rows : 801
fcross              =  3.07321e+05
pmarg               =  9.24175e+01
tdc                 =  7.12613e+01
mode=10db  rload=100k  rsrc=2.611k  pos=1  C=47p
fcross = 3.073213e+05
pmarg = 9.241747e+01
tdc = 7.126130e+01
Doing analysis at TEMP = 27.000000 and TNOM = 27.000000

Using SPARSE 1.3 as Direct Linear Solver

No. of Data Rows : 801
fcross              =  3.07423e+05
pmarg               =  9.23396e+01
tdc                 =  7.12613e+01
mode=10db  rload=100k  rsrc=2.611k  pos=1  C=100p
fcross = 3.074230e+05
pmarg = 9.233957e+01
tdc = 7.126130e+01
Doing analysis at TEMP = 27.000000 and TNOM = 27.000000

Using SPARSE 1.3 as Direct Linear Solver

No. of Data Rows : 801
fcross              =  3.07635e+05
pmarg               =  9.21622e+01
tdc                 =  7.12613e+01
mode=10db  rload=100k  rsrc=2.611k  pos=1  C=220p
fcross = 3.076353e+05
pmarg = 9.216218e+01
tdc = 7.126130e+01
Doing analysis at TEMP = 27.000000 and TNOM = 27.000000

Using SPARSE 1.3 as Direct Linear Solver

No. of Data Rows : 801
fcross              =  3.07996e+05
pmarg               =  9.17889e+01
tdc                 =  7.12613e+01
mode=10db  rload=100k  rsrc=2.611k  pos=1  C=470p
fcross = 3.079965e+05
pmarg = 9.178887e+01
tdc = 7.126130e+01
Doing analysis at TEMP = 27.000000 and TNOM = 27.000000

Using SPARSE 1.3 as Direct Linear Solver

No. of Data Rows : 801
fcross              =  3.08391e+05
pmarg               =  9.09884e+01
tdc                 =  7.12613e+01
mode=10db  rload=100k  rsrc=2.611k  pos=1  C=1n
fcross = 3.083906e+05
pmarg = 9.098842e+01
tdc = 7.126130e+01
Doing analysis at TEMP = 27.000000 and TNOM = 27.000000

Using SPARSE 1.3 as Direct Linear Solver

No. of Data Rows : 801
fcross              =  3.08297e+05
pmarg               =  9.02359e+01
tdc                 =  7.12613e+01
mode=10db  rload=100k  rsrc=2.611k  pos=1  C=1.5n
fcross = 3.082970e+05
pmarg = 9.023586e+01
tdc = 7.126129e+01
Doing analysis at TEMP = 27.000000 and TNOM = 27.000000

Using SPARSE 1.3 as Direct Linear Solver

No. of Data Rows : 801
fcross              =  3.07444e+05
pmarg               =  8.92155e+01
tdc                 =  7.12613e+01
mode=10db  rload=100k  rsrc=2.611k  pos=1  C=2.2n
fcross = 3.074438e+05
pmarg = 8.921553e+01
tdc = 7.126129e+01
Doing analysis at TEMP = 27.000000 and TNOM = 27.000000

Using SPARSE 1.3 as Direct Linear Solver

No. of Data Rows : 801
fcross              =  3.06372e+05
pmarg               =  8.85278e+01
tdc                 =  7.12613e+01
mode=10db  rload=100k  rsrc=2.611k  pos=1  C=2.7n
fcross = 3.063725e+05
pmarg = 8.852776e+01
tdc = 7.126129e+01
Doing analysis at TEMP = 27.000000 and TNOM = 27.000000

Using SPARSE 1.3 as Direct Linear Solver

No. of Data Rows : 801
fcross              =  3.04664e+05
pmarg               =  8.77623e+01
tdc                 =  7.12613e+01
mode=10db  rload=100k  rsrc=2.611k  pos=1  C=3.3n
fcross = 3.046642e+05
pmarg = 8.776233e+01
tdc = 7.126129e+01
Doing analysis at TEMP = 27.000000 and TNOM = 27.000000

Using SPARSE 1.3 as Direct Linear Solver

No. of Data Rows : 801
fcross              =  2.99499e+05
pmarg               =  8.62701e+01
tdc                 =  7.12613e+01
mode=10db  rload=100k  rsrc=2.611k  pos=1  C=4.7n
fcross = 2.994994e+05
pmarg = 8.627009e+01
tdc = 7.126129e+01
Doing analysis at TEMP = 27.000000 and TNOM = 27.000000

Using SPARSE 1.3 as Direct Linear Solver

No. of Data Rows : 801
fcross              =  3.07227e+05
pmarg               =  9.24863e+01
tdc                 =  7.12613e+01
mode=10db  rload=100k  rsrc=2.611k  pos=2  C=1f
fcross = 3.072272e+05
pmarg = 9.248630e+01
tdc = 7.126130e+01
Doing analysis at TEMP = 27.000000 and TNOM = 27.000000

Using SPARSE 1.3 as Direct Linear Solver

No. of Data Rows : 801
fcross              =  3.07323e+05
pmarg               =  9.24174e+01
tdc                 =  7.12613e+01
mode=10db  rload=100k  rsrc=2.611k  pos=2  C=47p
fcross = 3.073232e+05
pmarg = 9.241745e+01
tdc = 7.126130e+01
Doing analysis at TEMP = 27.000000 and TNOM = 27.000000

Using SPARSE 1.3 as Direct Linear Solver

No. of Data Rows : 801
fcross              =  3.07431e+05
pmarg               =  9.23397e+01
tdc                 =  7.12613e+01
mode=10db  rload=100k  rsrc=2.611k  pos=2  C=100p
fcross = 3.074310e+05
pmarg = 9.233971e+01
tdc = 7.126130e+01
Doing analysis at TEMP = 27.000000 and TNOM = 27.000000

Using SPARSE 1.3 as Direct Linear Solver

No. of Data Rows : 801
fcross              =  3.07673e+05
pmarg               =  9.21633e+01
tdc                 =  7.12613e+01
mode=10db  rload=100k  rsrc=2.611k  pos=2  C=220p
fcross = 3.076735e+05
pmarg = 9.216329e+01
tdc = 7.126129e+01
Doing analysis at TEMP = 27.000000 and TNOM = 27.000000

Using SPARSE 1.3 as Direct Linear Solver

No. of Data Rows : 801
fcross              =  3.08172e+05
pmarg               =  9.17940e+01
tdc                 =  7.12613e+01
mode=10db  rload=100k  rsrc=2.611k  pos=2  C=470p
fcross = 3.081715e+05
pmarg = 9.179395e+01
tdc = 7.126129e+01
Doing analysis at TEMP = 27.000000 and TNOM = 27.000000

Using SPARSE 1.3 as Direct Linear Solver

No. of Data Rows : 801
fcross              =  3.09198e+05
pmarg               =  9.10031e+01
tdc                 =  7.12613e+01
mode=10db  rload=100k  rsrc=2.611k  pos=2  C=1n
fcross = 3.091984e+05
pmarg = 9.100311e+01
tdc = 7.126128e+01
Doing analysis at TEMP = 27.000000 and TNOM = 27.000000

Using SPARSE 1.3 as Direct Linear Solver

No. of Data Rows : 801
fcross              =  3.10144e+05
pmarg               =  9.02474e+01
tdc                 =  7.12613e+01
mode=10db  rload=100k  rsrc=2.611k  pos=2  C=1.5n
fcross = 3.101443e+05
pmarg = 9.024743e+01
tdc = 7.126127e+01
Doing analysis at TEMP = 27.000000 and TNOM = 27.000000

Using SPARSE 1.3 as Direct Linear Solver

No. of Data Rows : 801
fcross              =  3.11390e+05
pmarg               =  8.91748e+01
tdc                 =  7.12613e+01
mode=10db  rload=100k  rsrc=2.611k  pos=2  C=2.2n
fcross = 3.113901e+05
pmarg = 8.917483e+01
tdc = 7.126126e+01
Doing analysis at TEMP = 27.000000 and TNOM = 27.000000

Using SPARSE 1.3 as Direct Linear Solver

No. of Data Rows : 801
fcross              =  3.12220e+05
pmarg               =  8.83989e+01
tdc                 =  7.12613e+01
mode=10db  rload=100k  rsrc=2.611k  pos=2  C=2.7n
fcross = 3.122200e+05
pmarg = 8.839895e+01
tdc = 7.126125e+01
Doing analysis at TEMP = 27.000000 and TNOM = 27.000000

Using SPARSE 1.3 as Direct Linear Solver

No. of Data Rows : 801
fcross              =  3.13146e+05
pmarg               =  8.74581e+01
tdc                 =  7.12612e+01
mode=10db  rload=100k  rsrc=2.611k  pos=2  C=3.3n
fcross = 3.131455e+05
pmarg = 8.745812e+01
tdc = 7.126124e+01
Doing analysis at TEMP = 27.000000 and TNOM = 27.000000

Using SPARSE 1.3 as Direct Linear Solver

No. of Data Rows : 801
fcross              =  3.14983e+05
pmarg               =  8.52278e+01
tdc                 =  7.12612e+01
mode=10db  rload=100k  rsrc=2.611k  pos=2  C=4.7n
fcross = 3.149825e+05
pmarg = 8.522775e+01
tdc = 7.126122e+01
Doing analysis at TEMP = 27.000000 and TNOM = 27.000000

Using SPARSE 1.3 as Direct Linear Solver

No. of Data Rows : 801
fcross              =  3.06847e+05
pmarg               =  9.27192e+01
tdc                 =  7.10774e+01
mode=10db  rload=10k  rsrc=1m  pos=1  C=1f
fcross = 3.068468e+05
pmarg = 9.271918e+01
tdc = 7.107741e+01
Doing analysis at TEMP = 27.000000 and TNOM = 27.000000

Using SPARSE 1.3 as Direct Linear Solver

No. of Data Rows : 801
fcross              =  3.06940e+05
pmarg               =  9.26512e+01
tdc                 =  7.10774e+01
mode=10db  rload=10k  rsrc=1m  pos=1  C=47p
fcross = 3.069397e+05
pmarg = 9.265117e+01
tdc = 7.107741e+01
Doing analysis at TEMP = 27.000000 and TNOM = 27.000000

Using SPARSE 1.3 as Direct Linear Solver

No. of Data Rows : 801
fcross              =  3.07040e+05
pmarg               =  9.25742e+01
tdc                 =  7.10774e+01
mode=10db  rload=10k  rsrc=1m  pos=1  C=100p
fcross = 3.070400e+05
pmarg = 9.257419e+01
tdc = 7.107742e+01
Doing analysis at TEMP = 27.000000 and TNOM = 27.000000

Using SPARSE 1.3 as Direct Linear Solver

No. of Data Rows : 801
fcross              =  3.07250e+05
pmarg               =  9.23989e+01
tdc                 =  7.10774e+01
mode=10db  rload=10k  rsrc=1m  pos=1  C=220p
fcross = 3.072496e+05
pmarg = 9.239889e+01
tdc = 7.107743e+01
Doing analysis at TEMP = 27.000000 and TNOM = 27.000000

Using SPARSE 1.3 as Direct Linear Solver

No. of Data Rows : 801
fcross              =  3.07607e+05
pmarg               =  9.20299e+01
tdc                 =  7.10774e+01
mode=10db  rload=10k  rsrc=1m  pos=1  C=470p
fcross = 3.076066e+05
pmarg = 9.202994e+01
tdc = 7.107744e+01
Doing analysis at TEMP = 27.000000 and TNOM = 27.000000

Using SPARSE 1.3 as Direct Linear Solver

No. of Data Rows : 801
fcross              =  3.07998e+05
pmarg               =  9.12386e+01
tdc                 =  7.10775e+01
mode=10db  rload=10k  rsrc=1m  pos=1  C=1n
fcross = 3.079982e+05
pmarg = 9.123857e+01
tdc = 7.107748e+01
Doing analysis at TEMP = 27.000000 and TNOM = 27.000000

Using SPARSE 1.3 as Direct Linear Solver

No. of Data Rows : 801
fcross              =  3.07910e+05
pmarg               =  9.04941e+01
tdc                 =  7.10775e+01
mode=10db  rload=10k  rsrc=1m  pos=1  C=1.5n
fcross = 3.079100e+05
pmarg = 9.049407e+01
tdc = 7.107751e+01
Doing analysis at TEMP = 27.000000 and TNOM = 27.000000

Using SPARSE 1.3 as Direct Linear Solver

No. of Data Rows : 801
fcross              =  3.07076e+05
pmarg               =  8.94835e+01
tdc                 =  7.10776e+01
mode=10db  rload=10k  rsrc=1m  pos=1  C=2.2n
fcross = 3.070759e+05
pmarg = 8.948354e+01
tdc = 7.107755e+01
Doing analysis at TEMP = 27.000000 and TNOM = 27.000000

Using SPARSE 1.3 as Direct Linear Solver

No. of Data Rows : 801
fcross              =  3.06025e+05
pmarg               =  8.88014e+01
tdc                 =  7.10776e+01
mode=10db  rload=10k  rsrc=1m  pos=1  C=2.7n
fcross = 3.060248e+05
pmarg = 8.880141e+01
tdc = 7.107759e+01
Doing analysis at TEMP = 27.000000 and TNOM = 27.000000

Using SPARSE 1.3 as Direct Linear Solver

No. of Data Rows : 801
fcross              =  3.04346e+05
pmarg               =  8.80411e+01
tdc                 =  7.10776e+01
mode=10db  rload=10k  rsrc=1m  pos=1  C=3.3n
fcross = 3.043457e+05
pmarg = 8.804108e+01
tdc = 7.107763e+01
Doing analysis at TEMP = 27.000000 and TNOM = 27.000000

Using SPARSE 1.3 as Direct Linear Solver

No. of Data Rows : 801
fcross              =  2.99263e+05
pmarg               =  8.65541e+01
tdc                 =  7.10777e+01
mode=10db  rload=10k  rsrc=1m  pos=1  C=4.7n
fcross = 2.992631e+05
pmarg = 8.655413e+01
tdc = 7.107772e+01
Doing analysis at TEMP = 27.000000 and TNOM = 27.000000

Using SPARSE 1.3 as Direct Linear Solver
 Reference value :  7.94328e+00
No. of Data Rows : 801
fcross              =  3.06847e+05
pmarg               =  9.27192e+01
tdc                 =  7.10774e+01
mode=10db  rload=10k  rsrc=1m  pos=2  C=1f
fcross = 3.068468e+05
pmarg = 9.271918e+01
tdc = 7.107741e+01
Doing analysis at TEMP = 27.000000 and TNOM = 27.000000

Using SPARSE 1.3 as Direct Linear Solver

No. of Data Rows : 801
fcross              =  3.06942e+05
pmarg               =  9.26506e+01
tdc                 =  7.10774e+01
mode=10db  rload=10k  rsrc=1m  pos=2  C=47p
fcross = 3.069423e+05
pmarg = 9.265058e+01
tdc = 7.107741e+01
Doing analysis at TEMP = 27.000000 and TNOM = 27.000000

Using SPARSE 1.3 as Direct Linear Solver

No. of Data Rows : 801
fcross              =  3.07050e+05
pmarg               =  9.25731e+01
tdc                 =  7.10774e+01
mode=10db  rload=10k  rsrc=1m  pos=2  C=100p
fcross = 3.070496e+05
pmarg = 9.257310e+01
tdc = 7.107741e+01
Doing analysis at TEMP = 27.000000 and TNOM = 27.000000

Using SPARSE 1.3 as Direct Linear Solver

No. of Data Rows : 801
fcross              =  3.07291e+05
pmarg               =  9.23973e+01
tdc                 =  7.10774e+01
mode=10db  rload=10k  rsrc=1m  pos=2  C=220p
fcross = 3.072909e+05
pmarg = 9.239729e+01
tdc = 7.107741e+01
Doing analysis at TEMP = 27.000000 and TNOM = 27.000000

Using SPARSE 1.3 as Direct Linear Solver

No. of Data Rows : 801
fcross              =  3.07787e+05
pmarg               =  9.20292e+01
tdc                 =  7.10774e+01
mode=10db  rload=10k  rsrc=1m  pos=2  C=470p
fcross = 3.077865e+05
pmarg = 9.202923e+01
tdc = 7.107740e+01
Doing analysis at TEMP = 27.000000 and TNOM = 27.000000

Using SPARSE 1.3 as Direct Linear Solver

No. of Data Rows : 801
fcross              =  3.08804e+05
pmarg               =  9.12411e+01
tdc                 =  7.10774e+01
mode=10db  rload=10k  rsrc=1m  pos=2  C=1n
fcross = 3.088039e+05
pmarg = 9.124113e+01
tdc = 7.107739e+01
Doing analysis at TEMP = 27.000000 and TNOM = 27.000000

Using SPARSE 1.3 as Direct Linear Solver

No. of Data Rows : 801
fcross              =  3.09739e+05
pmarg               =  9.04881e+01
tdc                 =  7.10774e+01
mode=10db  rload=10k  rsrc=1m  pos=2  C=1.5n
fcross = 3.097388e+05
pmarg = 9.048814e+01
tdc = 7.107739e+01
Doing analysis at TEMP = 27.000000 and TNOM = 27.000000

Using SPARSE 1.3 as Direct Linear Solver

No. of Data Rows : 801
fcross              =  3.10978e+05
pmarg               =  8.94193e+01
tdc                 =  7.10774e+01
mode=10db  rload=10k  rsrc=1m  pos=2  C=2.2n
fcross = 3.109781e+05
pmarg = 8.941929e+01
tdc = 7.107737e+01
Doing analysis at TEMP = 27.000000 and TNOM = 27.000000

Using SPARSE 1.3 as Direct Linear Solver

No. of Data Rows : 801
fcross              =  3.11804e+05
pmarg               =  8.86461e+01
tdc                 =  7.10774e+01
mode=10db  rload=10k  rsrc=1m  pos=2  C=2.7n
fcross = 3.118036e+05
pmarg = 8.864611e+01
tdc = 7.107736e+01
Doing analysis at TEMP = 27.000000 and TNOM = 27.000000

Using SPARSE 1.3 as Direct Linear Solver

No. of Data Rows : 801
fcross              =  3.12724e+05
pmarg               =  8.77085e+01
tdc                 =  7.10774e+01
mode=10db  rload=10k  rsrc=1m  pos=2  C=3.3n
fcross = 3.127243e+05
pmarg = 8.770854e+01
tdc = 7.107735e+01
Doing analysis at TEMP = 27.000000 and TNOM = 27.000000

Using SPARSE 1.3 as Direct Linear Solver

No. of Data Rows : 801
fcross              =  3.14552e+05
pmarg               =  8.54858e+01
tdc                 =  7.10773e+01
mode=10db  rload=10k  rsrc=1m  pos=2  C=4.7n
fcross = 3.145517e+05
pmarg = 8.548578e+01
tdc = 7.107733e+01
Doing analysis at TEMP = 27.000000 and TNOM = 27.000000

Using SPARSE 1.3 as Direct Linear Solver

No. of Data Rows : 801
fcross              =  3.06844e+05
pmarg               =  9.26227e+01
tdc                 =  7.10774e+01
mode=10db  rload=10k  rsrc=1k  pos=1  C=1f
fcross = 3.068444e+05
pmarg = 9.262270e+01
tdc = 7.107737e+01
Doing analysis at TEMP = 27.000000 and TNOM = 27.000000

Using SPARSE 1.3 as Direct Linear Solver

No. of Data Rows : 801
fcross              =  3.06937e+05
pmarg               =  9.25547e+01
tdc                 =  7.10774e+01
mode=10db  rload=10k  rsrc=1k  pos=1  C=47p
fcross = 3.069373e+05
pmarg = 9.255466e+01
tdc = 7.107738e+01
Doing analysis at TEMP = 27.000000 and TNOM = 27.000000

Using SPARSE 1.3 as Direct Linear Solver

No. of Data Rows : 801
fcross              =  3.07038e+05
pmarg               =  9.24776e+01
tdc                 =  7.10774e+01
mode=10db  rload=10k  rsrc=1k  pos=1  C=100p
fcross = 3.070376e+05
pmarg = 9.247765e+01
tdc = 7.107738e+01
Doing analysis at TEMP = 27.000000 and TNOM = 27.000000

Using SPARSE 1.3 as Direct Linear Solver

No. of Data Rows : 801
fcross              =  3.07247e+05
pmarg               =  9.23023e+01
tdc                 =  7.10774e+01
mode=10db  rload=10k  rsrc=1k  pos=1  C=220p
fcross = 3.072472e+05
pmarg = 9.230228e+01
tdc = 7.107739e+01
Doing analysis at TEMP = 27.000000 and TNOM = 27.000000

Using SPARSE 1.3 as Direct Linear Solver

No. of Data Rows : 801
fcross              =  3.07604e+05
pmarg               =  9.19332e+01
tdc                 =  7.10774e+01
mode=10db  rload=10k  rsrc=1k  pos=1  C=470p
fcross = 3.076042e+05
pmarg = 9.193323e+01
tdc = 7.107741e+01
Doing analysis at TEMP = 27.000000 and TNOM = 27.000000

Using SPARSE 1.3 as Direct Linear Solver

No. of Data Rows : 801
fcross              =  3.07996e+05
pmarg               =  9.11417e+01
tdc                 =  7.10774e+01
mode=10db  rload=10k  rsrc=1k  pos=1  C=1n
fcross = 3.079957e+05
pmarg = 9.114174e+01
tdc = 7.107744e+01
Doing analysis at TEMP = 27.000000 and TNOM = 27.000000

Using SPARSE 1.3 as Direct Linear Solver

No. of Data Rows : 801
fcross              =  3.07908e+05
pmarg               =  9.03973e+01
tdc                 =  7.10775e+01
mode=10db  rload=10k  rsrc=1k  pos=1  C=1.5n
fcross = 3.079075e+05
pmarg = 9.039727e+01
tdc = 7.107747e+01
Doing analysis at TEMP = 27.000000 and TNOM = 27.000000

Using SPARSE 1.3 as Direct Linear Solver

No. of Data Rows : 801
fcross              =  3.07073e+05
pmarg               =  8.93870e+01
tdc                 =  7.10775e+01
mode=10db  rload=10k  rsrc=1k  pos=1  C=2.2n
fcross = 3.070734e+05
pmarg = 8.938702e+01
tdc = 7.107752e+01
Doing analysis at TEMP = 27.000000 and TNOM = 27.000000

Using SPARSE 1.3 as Direct Linear Solver

No. of Data Rows : 801
fcross              =  3.06022e+05
pmarg               =  8.87052e+01
tdc                 =  7.10776e+01
mode=10db  rload=10k  rsrc=1k  pos=1  C=2.7n
fcross = 3.060224e+05
pmarg = 8.870522e+01
tdc = 7.107755e+01
Doing analysis at TEMP = 27.000000 and TNOM = 27.000000

Using SPARSE 1.3 as Direct Linear Solver

No. of Data Rows : 801
fcross              =  3.04343e+05
pmarg               =  8.79454e+01
tdc                 =  7.10776e+01
mode=10db  rload=10k  rsrc=1k  pos=1  C=3.3n
fcross = 3.043434e+05
pmarg = 8.794543e+01
tdc = 7.107759e+01
Doing analysis at TEMP = 27.000000 and TNOM = 27.000000

Using SPARSE 1.3 as Direct Linear Solver

No. of Data Rows : 801
fcross              =  2.99261e+05
pmarg               =  8.64601e+01
tdc                 =  7.10777e+01
mode=10db  rload=10k  rsrc=1k  pos=1  C=4.7n
fcross = 2.992609e+05
pmarg = 8.646009e+01
tdc = 7.107768e+01
Doing analysis at TEMP = 27.000000 and TNOM = 27.000000

Using SPARSE 1.3 as Direct Linear Solver

No. of Data Rows : 801
fcross              =  3.06844e+05
pmarg               =  9.26227e+01
tdc                 =  7.10774e+01
mode=10db  rload=10k  rsrc=1k  pos=2  C=1f
fcross = 3.068444e+05
pmarg = 9.262270e+01
tdc = 7.107737e+01
Doing analysis at TEMP = 27.000000 and TNOM = 27.000000

Using SPARSE 1.3 as Direct Linear Solver

No. of Data Rows : 801
fcross              =  3.06940e+05
pmarg               =  9.25541e+01
tdc                 =  7.10774e+01
mode=10db  rload=10k  rsrc=1k  pos=2  C=47p
fcross = 3.069399e+05
pmarg = 9.255407e+01
tdc = 7.107737e+01
Doing analysis at TEMP = 27.000000 and TNOM = 27.000000

Using SPARSE 1.3 as Direct Linear Solver

No. of Data Rows : 801
fcross              =  3.07047e+05
pmarg               =  9.24766e+01
tdc                 =  7.10774e+01
mode=10db  rload=10k  rsrc=1k  pos=2  C=100p
fcross = 3.070471e+05
pmarg = 9.247656e+01
tdc = 7.107737e+01
Doing analysis at TEMP = 27.000000 and TNOM = 27.000000

Using SPARSE 1.3 as Direct Linear Solver

No. of Data Rows : 801
fcross              =  3.07288e+05
pmarg               =  9.23007e+01
tdc                 =  7.10774e+01
mode=10db  rload=10k  rsrc=1k  pos=2  C=220p
fcross = 3.072885e+05
pmarg = 9.230067e+01
tdc = 7.107737e+01
Doing analysis at TEMP = 27.000000 and TNOM = 27.000000

Using SPARSE 1.3 as Direct Linear Solver

No. of Data Rows : 801
fcross              =  3.07784e+05
pmarg               =  9.19325e+01
tdc                 =  7.10774e+01
mode=10db  rload=10k  rsrc=1k  pos=2  C=470p
fcross = 3.077841e+05
pmarg = 9.193246e+01
tdc = 7.107737e+01
Doing analysis at TEMP = 27.000000 and TNOM = 27.000000

Using SPARSE 1.3 as Direct Linear Solver

No. of Data Rows : 801
fcross              =  3.08801e+05
pmarg               =  9.11441e+01
tdc                 =  7.10774e+01
mode=10db  rload=10k  rsrc=1k  pos=2  C=1n
fcross = 3.088013e+05
pmarg = 9.114405e+01
tdc = 7.107736e+01
Doing analysis at TEMP = 27.000000 and TNOM = 27.000000

Using SPARSE 1.3 as Direct Linear Solver

No. of Data Rows : 801
fcross              =  3.09736e+05
pmarg               =  9.03908e+01
tdc                 =  7.10773e+01
mode=10db  rload=10k  rsrc=1k  pos=2  C=1.5n
fcross = 3.097362e+05
pmarg = 9.039077e+01
tdc = 7.107735e+01
Doing analysis at TEMP = 27.000000 and TNOM = 27.000000

Using SPARSE 1.3 as Direct Linear Solver

No. of Data Rows : 801
fcross              =  3.10975e+05
pmarg               =  8.93215e+01
tdc                 =  7.10773e+01
mode=10db  rload=10k  rsrc=1k  pos=2  C=2.2n
fcross = 3.109754e+05
pmarg = 8.932155e+01
tdc = 7.107734e+01
Doing analysis at TEMP = 27.000000 and TNOM = 27.000000

Using SPARSE 1.3 as Direct Linear Solver

No. of Data Rows : 801
fcross              =  3.11801e+05
pmarg               =  8.85481e+01
tdc                 =  7.10773e+01
mode=10db  rload=10k  rsrc=1k  pos=2  C=2.7n
fcross = 3.118010e+05
pmarg = 8.854812e+01
tdc = 7.107733e+01
Doing analysis at TEMP = 27.000000 and TNOM = 27.000000

Using SPARSE 1.3 as Direct Linear Solver

No. of Data Rows : 801
fcross              =  3.12722e+05
pmarg               =  8.76103e+01
tdc                 =  7.10773e+01
mode=10db  rload=10k  rsrc=1k  pos=2  C=3.3n
fcross = 3.127216e+05
pmarg = 8.761026e+01
tdc = 7.107732e+01
Doing analysis at TEMP = 27.000000 and TNOM = 27.000000

Using SPARSE 1.3 as Direct Linear Solver

No. of Data Rows : 801
fcross              =  3.14549e+05
pmarg               =  8.53870e+01
tdc                 =  7.10773e+01
mode=10db  rload=10k  rsrc=1k  pos=2  C=4.7n
fcross = 3.145489e+05
pmarg = 8.538696e+01
tdc = 7.107729e+01
Doing analysis at TEMP = 27.000000 and TNOM = 27.000000

Using SPARSE 1.3 as Direct Linear Solver

No. of Data Rows : 801
fcross              =  3.06835e+05
pmarg               =  9.24783e+01
tdc                 =  7.10774e+01
mode=10db  rload=10k  rsrc=2.5k  pos=1  C=1f
fcross = 3.068354e+05
pmarg = 9.247833e+01
tdc = 7.107741e+01
Doing analysis at TEMP = 27.000000 and TNOM = 27.000000

Using SPARSE 1.3 as Direct Linear Solver

No. of Data Rows : 801
fcross              =  3.06928e+05
pmarg               =  9.24102e+01
tdc                 =  7.10774e+01
mode=10db  rload=10k  rsrc=2.5k  pos=1  C=47p
fcross = 3.069283e+05
pmarg = 9.241024e+01
tdc = 7.107741e+01
Doing analysis at TEMP = 27.000000 and TNOM = 27.000000

Using SPARSE 1.3 as Direct Linear Solver

No. of Data Rows : 801
fcross              =  3.07029e+05
pmarg               =  9.23332e+01
tdc                 =  7.10774e+01
mode=10db  rload=10k  rsrc=2.5k  pos=1  C=100p
fcross = 3.070286e+05
pmarg = 9.233318e+01
tdc = 7.107742e+01
Doing analysis at TEMP = 27.000000 and TNOM = 27.000000

Using SPARSE 1.3 as Direct Linear Solver

No. of Data Rows : 801
fcross              =  3.07238e+05
pmarg               =  9.21577e+01
tdc                 =  7.10774e+01
mode=10db  rload=10k  rsrc=2.5k  pos=1  C=220p
fcross = 3.072382e+05
pmarg = 9.215772e+01
tdc = 7.107742e+01
Doing analysis at TEMP = 27.000000 and TNOM = 27.000000

Using SPARSE 1.3 as Direct Linear Solver

No. of Data Rows : 801
fcross              =  3.07595e+05
pmarg               =  9.17885e+01
tdc                 =  7.10774e+01
mode=10db  rload=10k  rsrc=2.5k  pos=1  C=470p
fcross = 3.075951e+05
pmarg = 9.178851e+01
tdc = 7.107744e+01
Doing analysis at TEMP = 27.000000 and TNOM = 27.000000

Using SPARSE 1.3 as Direct Linear Solver

No. of Data Rows : 801
fcross              =  3.07987e+05
pmarg               =  9.09969e+01
tdc                 =  7.10775e+01
mode=10db  rload=10k  rsrc=2.5k  pos=1  C=1n
fcross = 3.079866e+05
pmarg = 9.099686e+01
tdc = 7.107748e+01
Doing analysis at TEMP = 27.000000 and TNOM = 27.000000

Using SPARSE 1.3 as Direct Linear Solver

No. of Data Rows : 801
fcross              =  3.07898e+05
pmarg               =  9.02525e+01
tdc                 =  7.10775e+01
mode=10db  rload=10k  rsrc=2.5k  pos=1  C=1.5n
fcross = 3.078985e+05
pmarg = 9.025246e+01
tdc = 7.107751e+01
Doing analysis at TEMP = 27.000000 and TNOM = 27.000000

Using SPARSE 1.3 as Direct Linear Solver

No. of Data Rows : 801
fcross              =  3.07064e+05
pmarg               =  8.92426e+01
tdc                 =  7.10776e+01
mode=10db  rload=10k  rsrc=2.5k  pos=1  C=2.2n
fcross = 3.070645e+05
pmarg = 8.924262e+01
tdc = 7.107755e+01
Doing analysis at TEMP = 27.000000 and TNOM = 27.000000

Using SPARSE 1.3 as Direct Linear Solver

No. of Data Rows : 801
fcross              =  3.06014e+05
pmarg               =  8.85613e+01
tdc                 =  7.10776e+01
mode=10db  rload=10k  rsrc=2.5k  pos=1  C=2.7n
fcross = 3.060136e+05
pmarg = 8.856134e+01
tdc = 7.107759e+01
Doing analysis at TEMP = 27.000000 and TNOM = 27.000000

Using SPARSE 1.3 as Direct Linear Solver

No. of Data Rows : 801
fcross              =  3.04335e+05
pmarg               =  8.78024e+01
tdc                 =  7.10776e+01
mode=10db  rload=10k  rsrc=2.5k  pos=1  C=3.3n
fcross = 3.043347e+05
pmarg = 8.780235e+01
tdc = 7.107763e+01
Doing analysis at TEMP = 27.000000 and TNOM = 27.000000

Using SPARSE 1.3 as Direct Linear Solver

No. of Data Rows : 801
fcross              =  2.99253e+05
pmarg               =  8.63194e+01
tdc                 =  7.10777e+01
mode=10db  rload=10k  rsrc=2.5k  pos=1  C=4.7n
fcross = 2.992530e+05
pmarg = 8.631941e+01
tdc = 7.107772e+01
Doing analysis at TEMP = 27.000000 and TNOM = 27.000000

Using SPARSE 1.3 as Direct Linear Solver

No. of Data Rows : 801
fcross              =  3.06835e+05
pmarg               =  9.24783e+01
tdc                 =  7.10774e+01
mode=10db  rload=10k  rsrc=2.5k  pos=2  C=1f
fcross = 3.068354e+05
pmarg = 9.247833e+01
tdc = 7.107741e+01
Doing analysis at TEMP = 27.000000 and TNOM = 27.000000

Using SPARSE 1.3 as Direct Linear Solver

No. of Data Rows : 801
fcross              =  3.06931e+05
pmarg               =  9.24096e+01
tdc                 =  7.10774e+01
mode=10db  rload=10k  rsrc=2.5k  pos=2  C=47p
fcross = 3.069309e+05
pmarg = 9.240964e+01
tdc = 7.107741e+01
Doing analysis at TEMP = 27.000000 and TNOM = 27.000000

Using SPARSE 1.3 as Direct Linear Solver

No. of Data Rows : 801
fcross              =  3.07038e+05
pmarg               =  9.23321e+01
tdc                 =  7.10774e+01
mode=10db  rload=10k  rsrc=2.5k  pos=2  C=100p
fcross = 3.070381e+05
pmarg = 9.233209e+01
tdc = 7.107741e+01
Doing analysis at TEMP = 27.000000 and TNOM = 27.000000

Using SPARSE 1.3 as Direct Linear Solver

No. of Data Rows : 801
fcross              =  3.07279e+05
pmarg               =  9.21561e+01
tdc                 =  7.10774e+01
mode=10db  rload=10k  rsrc=2.5k  pos=2  C=220p
fcross = 3.072794e+05
pmarg = 9.215609e+01
tdc = 7.107741e+01
Doing analysis at TEMP = 27.000000 and TNOM = 27.000000

Using SPARSE 1.3 as Direct Linear Solver

No. of Data Rows : 801
fcross              =  3.07775e+05
pmarg               =  9.17877e+01
tdc                 =  7.10774e+01
mode=10db  rload=10k  rsrc=2.5k  pos=2  C=470p
fcross = 3.077750e+05
pmarg = 9.178765e+01
tdc = 7.107740e+01
Doing analysis at TEMP = 27.000000 and TNOM = 27.000000

Using SPARSE 1.3 as Direct Linear Solver

No. of Data Rows : 801
fcross              =  3.08792e+05
pmarg               =  9.09988e+01
tdc                 =  7.10774e+01
mode=10db  rload=10k  rsrc=2.5k  pos=2  C=1n
fcross = 3.087922e+05
pmarg = 9.099879e+01
tdc = 7.107739e+01
Doing analysis at TEMP = 27.000000 and TNOM = 27.000000

Using SPARSE 1.3 as Direct Linear Solver

No. of Data Rows : 801
fcross              =  3.09727e+05
pmarg               =  9.02451e+01
tdc                 =  7.10774e+01
mode=10db  rload=10k  rsrc=2.5k  pos=2  C=1.5n
fcross = 3.097266e+05
pmarg = 9.024510e+01
tdc = 7.107738e+01
Doing analysis at TEMP = 27.000000 and TNOM = 27.000000

Using SPARSE 1.3 as Direct Linear Solver

No. of Data Rows : 801
fcross              =  3.10966e+05
pmarg               =  8.91753e+01
tdc                 =  7.10774e+01
mode=10db  rload=10k  rsrc=2.5k  pos=2  C=2.2n
fcross = 3.109658e+05
pmarg = 8.917532e+01
tdc = 7.107737e+01
Doing analysis at TEMP = 27.000000 and TNOM = 27.000000

Using SPARSE 1.3 as Direct Linear Solver

No. of Data Rows : 801
fcross              =  3.11791e+05
pmarg               =  8.84015e+01
tdc                 =  7.10774e+01
mode=10db  rload=10k  rsrc=2.5k  pos=2  C=2.7n
fcross = 3.117912e+05
pmarg = 8.840153e+01
tdc = 7.107736e+01
Doing analysis at TEMP = 27.000000 and TNOM = 27.000000

Using SPARSE 1.3 as Direct Linear Solver

No. of Data Rows : 801
fcross              =  3.12712e+05
pmarg               =  8.74633e+01
tdc                 =  7.10774e+01
mode=10db  rload=10k  rsrc=2.5k  pos=2  C=3.3n
fcross = 3.127117e+05
pmarg = 8.746328e+01
tdc = 7.107735e+01
Doing analysis at TEMP = 27.000000 and TNOM = 27.000000

Using SPARSE 1.3 as Direct Linear Solver

No. of Data Rows : 801
fcross              =  3.14539e+05
pmarg               =  8.52392e+01
tdc                 =  7.10773e+01
mode=10db  rload=10k  rsrc=2.5k  pos=2  C=4.7n
fcross = 3.145389e+05
pmarg = 8.523919e+01
tdc = 7.107733e+01
Doing analysis at TEMP = 27.000000 and TNOM = 27.000000

Using SPARSE 1.3 as Direct Linear Solver

No. of Data Rows : 801
fcross              =  3.06835e+05
pmarg               =  9.24715e+01
tdc                 =  7.10774e+01
mode=10db  rload=10k  rsrc=2.571k  pos=1  C=1f
fcross = 3.068348e+05
pmarg = 9.247150e+01
tdc = 7.107741e+01
Doing analysis at TEMP = 27.000000 and TNOM = 27.000000

Using SPARSE 1.3 as Direct Linear Solver

No. of Data Rows : 801
fcross              =  3.06928e+05
pmarg               =  9.24034e+01
tdc                 =  7.10774e+01
mode=10db  rload=10k  rsrc=2.571k  pos=1  C=47p
fcross = 3.069277e+05
pmarg = 9.240341e+01
tdc = 7.107741e+01
Doing analysis at TEMP = 27.000000 and TNOM = 27.000000

Using SPARSE 1.3 as Direct Linear Solver

No. of Data Rows : 801
fcross              =  3.07028e+05
pmarg               =  9.23264e+01
tdc                 =  7.10774e+01
mode=10db  rload=10k  rsrc=2.571k  pos=1  C=100p
fcross = 3.070280e+05
pmarg = 9.232636e+01
tdc = 7.107742e+01
Doing analysis at TEMP = 27.000000 and TNOM = 27.000000

Using SPARSE 1.3 as Direct Linear Solver

No. of Data Rows : 801
fcross              =  3.07238e+05
pmarg               =  9.21509e+01
tdc                 =  7.10774e+01
mode=10db  rload=10k  rsrc=2.571k  pos=1  C=220p
fcross = 3.072376e+05
pmarg = 9.215089e+01
tdc = 7.107742e+01
Doing analysis at TEMP = 27.000000 and TNOM = 27.000000

Using SPARSE 1.3 as Direct Linear Solver

No. of Data Rows : 801
fcross              =  3.07595e+05
pmarg               =  9.17817e+01
tdc                 =  7.10774e+01
mode=10db  rload=10k  rsrc=2.571k  pos=1  C=470p
fcross = 3.075945e+05
pmarg = 9.178167e+01
tdc = 7.107744e+01
Doing analysis at TEMP = 27.000000 and TNOM = 27.000000

Using SPARSE 1.3 as Direct Linear Solver

No. of Data Rows : 801
fcross              =  3.07986e+05
pmarg               =  9.09900e+01
tdc                 =  7.10775e+01
mode=10db  rload=10k  rsrc=2.571k  pos=1  C=1n
fcross = 3.079860e+05
pmarg = 9.099002e+01
tdc = 7.107748e+01
Doing analysis at TEMP = 27.000000 and TNOM = 27.000000

Using SPARSE 1.3 as Direct Linear Solver

No. of Data Rows : 801
fcross              =  3.07898e+05
pmarg               =  9.02456e+01
tdc                 =  7.10775e+01
mode=10db  rload=10k  rsrc=2.571k  pos=1  C=1.5n
fcross = 3.078979e+05
pmarg = 9.024562e+01
tdc = 7.107751e+01
Doing analysis at TEMP = 27.000000 and TNOM = 27.000000

Using SPARSE 1.3 as Direct Linear Solver

No. of Data Rows : 801
fcross              =  3.07064e+05
pmarg               =  8.92358e+01
tdc                 =  7.10776e+01
mode=10db  rload=10k  rsrc=2.571k  pos=1  C=2.2n
fcross = 3.070639e+05
pmarg = 8.923580e+01
tdc = 7.107755e+01
Doing analysis at TEMP = 27.000000 and TNOM = 27.000000

Using SPARSE 1.3 as Direct Linear Solver

No. of Data Rows : 801
fcross              =  3.06013e+05
pmarg               =  8.85545e+01
tdc                 =  7.10776e+01
mode=10db  rload=10k  rsrc=2.571k  pos=1  C=2.7n
fcross = 3.060130e+05
pmarg = 8.855454e+01
tdc = 7.107759e+01
Doing analysis at TEMP = 27.000000 and TNOM = 27.000000

Using SPARSE 1.3 as Direct Linear Solver

No. of Data Rows : 801
fcross              =  3.04334e+05
pmarg               =  8.77956e+01
tdc                 =  7.10776e+01
mode=10db  rload=10k  rsrc=2.571k  pos=1  C=3.3n
fcross = 3.043342e+05
pmarg = 8.779559e+01
tdc = 7.107763e+01
Doing analysis at TEMP = 27.000000 and TNOM = 27.000000

Using SPARSE 1.3 as Direct Linear Solver

No. of Data Rows : 801
fcross              =  2.99253e+05
pmarg               =  8.63128e+01
tdc                 =  7.10777e+01
mode=10db  rload=10k  rsrc=2.571k  pos=1  C=4.7n
fcross = 2.992525e+05
pmarg = 8.631277e+01
tdc = 7.107772e+01
Doing analysis at TEMP = 27.000000 and TNOM = 27.000000

Using SPARSE 1.3 as Direct Linear Solver

No. of Data Rows : 801
fcross              =  3.06835e+05
pmarg               =  9.24715e+01
tdc                 =  7.10774e+01
mode=10db  rload=10k  rsrc=2.571k  pos=2  C=1f
fcross = 3.068348e+05
pmarg = 9.247150e+01
tdc = 7.107741e+01
Doing analysis at TEMP = 27.000000 and TNOM = 27.000000

Using SPARSE 1.3 as Direct Linear Solver

No. of Data Rows : 801
fcross              =  3.06930e+05
pmarg               =  9.24028e+01
tdc                 =  7.10774e+01
mode=10db  rload=10k  rsrc=2.571k  pos=2  C=47p
fcross = 3.069303e+05
pmarg = 9.240282e+01
tdc = 7.107741e+01
Doing analysis at TEMP = 27.000000 and TNOM = 27.000000

Using SPARSE 1.3 as Direct Linear Solver

No. of Data Rows : 801
fcross              =  3.07038e+05
pmarg               =  9.23253e+01
tdc                 =  7.10774e+01
mode=10db  rload=10k  rsrc=2.571k  pos=2  C=100p
fcross = 3.070375e+05
pmarg = 9.232526e+01
tdc = 7.107741e+01
Doing analysis at TEMP = 27.000000 and TNOM = 27.000000

Using SPARSE 1.3 as Direct Linear Solver

No. of Data Rows : 801
fcross              =  3.07279e+05
pmarg               =  9.21493e+01
tdc                 =  7.10774e+01
mode=10db  rload=10k  rsrc=2.571k  pos=2  C=220p
fcross = 3.072788e+05
pmarg = 9.214926e+01
tdc = 7.107741e+01
Doing analysis at TEMP = 27.000000 and TNOM = 27.000000

Using SPARSE 1.3 as Direct Linear Solver

No. of Data Rows : 801
fcross              =  3.07774e+05
pmarg               =  9.17808e+01
tdc                 =  7.10774e+01
mode=10db  rload=10k  rsrc=2.571k  pos=2  C=470p
fcross = 3.077744e+05
pmarg = 9.178081e+01
tdc = 7.107740e+01
Doing analysis at TEMP = 27.000000 and TNOM = 27.000000

Using SPARSE 1.3 as Direct Linear Solver
 Reference value :  1.58489e+06
No. of Data Rows : 801
fcross              =  3.08792e+05
pmarg               =  9.09919e+01
tdc                 =  7.10774e+01
mode=10db  rload=10k  rsrc=2.571k  pos=2  C=1n
fcross = 3.087916e+05
pmarg = 9.099193e+01
tdc = 7.107739e+01
Doing analysis at TEMP = 27.000000 and TNOM = 27.000000

Using SPARSE 1.3 as Direct Linear Solver

No. of Data Rows : 801
fcross              =  3.09726e+05
pmarg               =  9.02382e+01
tdc                 =  7.10774e+01
mode=10db  rload=10k  rsrc=2.571k  pos=2  C=1.5n
fcross = 3.097260e+05
pmarg = 9.023821e+01
tdc = 7.107738e+01
Doing analysis at TEMP = 27.000000 and TNOM = 27.000000

Using SPARSE 1.3 as Direct Linear Solver

No. of Data Rows : 801
fcross              =  3.10965e+05
pmarg               =  8.91684e+01
tdc                 =  7.10774e+01
mode=10db  rload=10k  rsrc=2.571k  pos=2  C=2.2n
fcross = 3.109651e+05
pmarg = 8.916842e+01
tdc = 7.107737e+01
Doing analysis at TEMP = 27.000000 and TNOM = 27.000000

Using SPARSE 1.3 as Direct Linear Solver

No. of Data Rows : 801
fcross              =  3.11791e+05
pmarg               =  8.83946e+01
tdc                 =  7.10774e+01
mode=10db  rload=10k  rsrc=2.571k  pos=2  C=2.7n
fcross = 3.117906e+05
pmarg = 8.839460e+01
tdc = 7.107736e+01
Doing analysis at TEMP = 27.000000 and TNOM = 27.000000

Using SPARSE 1.3 as Direct Linear Solver

No. of Data Rows : 801
fcross              =  3.12711e+05
pmarg               =  8.74563e+01
tdc                 =  7.10774e+01
mode=10db  rload=10k  rsrc=2.571k  pos=2  C=3.3n
fcross = 3.127111e+05
pmarg = 8.745633e+01
tdc = 7.107735e+01
Doing analysis at TEMP = 27.000000 and TNOM = 27.000000

Using SPARSE 1.3 as Direct Linear Solver

No. of Data Rows : 801
fcross              =  3.14538e+05
pmarg               =  8.52322e+01
tdc                 =  7.10773e+01
mode=10db  rload=10k  rsrc=2.571k  pos=2  C=4.7n
fcross = 3.145382e+05
pmarg = 8.523221e+01
tdc = 7.107733e+01
Doing analysis at TEMP = 27.000000 and TNOM = 27.000000

Using SPARSE 1.3 as Direct Linear Solver

No. of Data Rows : 801
fcross              =  3.06834e+05
pmarg               =  9.24677e+01
tdc                 =  7.10774e+01
mode=10db  rload=10k  rsrc=2.611k  pos=1  C=1f
fcross = 3.068345e+05
pmarg = 9.246766e+01
tdc = 7.107741e+01
Doing analysis at TEMP = 27.000000 and TNOM = 27.000000

Using SPARSE 1.3 as Direct Linear Solver

No. of Data Rows : 801
fcross              =  3.06927e+05
pmarg               =  9.23996e+01
tdc                 =  7.10774e+01
mode=10db  rload=10k  rsrc=2.611k  pos=1  C=47p
fcross = 3.069273e+05
pmarg = 9.239957e+01
tdc = 7.107741e+01
Doing analysis at TEMP = 27.000000 and TNOM = 27.000000

Using SPARSE 1.3 as Direct Linear Solver

No. of Data Rows : 801
fcross              =  3.07028e+05
pmarg               =  9.23225e+01
tdc                 =  7.10774e+01
mode=10db  rload=10k  rsrc=2.611k  pos=1  C=100p
fcross = 3.070276e+05
pmarg = 9.232251e+01
tdc = 7.107742e+01
Doing analysis at TEMP = 27.000000 and TNOM = 27.000000

Using SPARSE 1.3 as Direct Linear Solver

No. of Data Rows : 801
fcross              =  3.07237e+05
pmarg               =  9.21470e+01
tdc                 =  7.10774e+01
mode=10db  rload=10k  rsrc=2.611k  pos=1  C=220p
fcross = 3.072372e+05
pmarg = 9.214704e+01
tdc = 7.107742e+01
Doing analysis at TEMP = 27.000000 and TNOM = 27.000000

Using SPARSE 1.3 as Direct Linear Solver

No. of Data Rows : 801
fcross              =  3.07594e+05
pmarg               =  9.17778e+01
tdc                 =  7.10774e+01
mode=10db  rload=10k  rsrc=2.611k  pos=1  C=470p
fcross = 3.075942e+05
pmarg = 9.177782e+01
tdc = 7.107744e+01
Doing analysis at TEMP = 27.000000 and TNOM = 27.000000

Using SPARSE 1.3 as Direct Linear Solver

No. of Data Rows : 801
fcross              =  3.07986e+05
pmarg               =  9.09862e+01
tdc                 =  7.10775e+01
mode=10db  rload=10k  rsrc=2.611k  pos=1  C=1n
fcross = 3.079857e+05
pmarg = 9.098616e+01
tdc = 7.107748e+01
Doing analysis at TEMP = 27.000000 and TNOM = 27.000000

Using SPARSE 1.3 as Direct Linear Solver

No. of Data Rows : 801
fcross              =  3.07898e+05
pmarg               =  9.02418e+01
tdc                 =  7.10775e+01
mode=10db  rload=10k  rsrc=2.611k  pos=1  C=1.5n
fcross = 3.078975e+05
pmarg = 9.024176e+01
tdc = 7.107751e+01
Doing analysis at TEMP = 27.000000 and TNOM = 27.000000

Using SPARSE 1.3 as Direct Linear Solver

No. of Data Rows : 801
fcross              =  3.07064e+05
pmarg               =  8.92320e+01
tdc                 =  7.10776e+01
mode=10db  rload=10k  rsrc=2.611k  pos=1  C=2.2n
fcross = 3.070636e+05
pmarg = 8.923196e+01
tdc = 7.107755e+01
Doing analysis at TEMP = 27.000000 and TNOM = 27.000000

Using SPARSE 1.3 as Direct Linear Solver

No. of Data Rows : 801
fcross              =  3.06013e+05
pmarg               =  8.85507e+01
tdc                 =  7.10776e+01
mode=10db  rload=10k  rsrc=2.611k  pos=1  C=2.7n
fcross = 3.060127e+05
pmarg = 8.855071e+01
tdc = 7.107759e+01
Doing analysis at TEMP = 27.000000 and TNOM = 27.000000

Using SPARSE 1.3 as Direct Linear Solver

No. of Data Rows : 801
fcross              =  3.04334e+05
pmarg               =  8.77918e+01
tdc                 =  7.10776e+01
mode=10db  rload=10k  rsrc=2.611k  pos=1  C=3.3n
fcross = 3.043338e+05
pmarg = 8.779179e+01
tdc = 7.107763e+01
Doing analysis at TEMP = 27.000000 and TNOM = 27.000000

Using SPARSE 1.3 as Direct Linear Solver

No. of Data Rows : 801
fcross              =  2.99252e+05
pmarg               =  8.63090e+01
tdc                 =  7.10777e+01
mode=10db  rload=10k  rsrc=2.611k  pos=1  C=4.7n
fcross = 2.992522e+05
pmarg = 8.630902e+01
tdc = 7.107772e+01
Doing analysis at TEMP = 27.000000 and TNOM = 27.000000

Using SPARSE 1.3 as Direct Linear Solver

No. of Data Rows : 801
fcross              =  3.06834e+05
pmarg               =  9.24677e+01
tdc                 =  7.10774e+01
mode=10db  rload=10k  rsrc=2.611k  pos=2  C=1f
fcross = 3.068345e+05
pmarg = 9.246766e+01
tdc = 7.107741e+01
Doing analysis at TEMP = 27.000000 and TNOM = 27.000000

Using SPARSE 1.3 as Direct Linear Solver

No. of Data Rows : 801
fcross              =  3.06930e+05
pmarg               =  9.23990e+01
tdc                 =  7.10774e+01
mode=10db  rload=10k  rsrc=2.611k  pos=2  C=47p
fcross = 3.069299e+05
pmarg = 9.239897e+01
tdc = 7.107741e+01
Doing analysis at TEMP = 27.000000 and TNOM = 27.000000

Using SPARSE 1.3 as Direct Linear Solver

No. of Data Rows : 801
fcross              =  3.07037e+05
pmarg               =  9.23214e+01
tdc                 =  7.10774e+01
mode=10db  rload=10k  rsrc=2.611k  pos=2  C=100p
fcross = 3.070372e+05
pmarg = 9.232142e+01
tdc = 7.107741e+01
Doing analysis at TEMP = 27.000000 and TNOM = 27.000000

Using SPARSE 1.3 as Direct Linear Solver

No. of Data Rows : 801
fcross              =  3.07278e+05
pmarg               =  9.21454e+01
tdc                 =  7.10774e+01
mode=10db  rload=10k  rsrc=2.611k  pos=2  C=220p
fcross = 3.072785e+05
pmarg = 9.214541e+01
tdc = 7.107741e+01
Doing analysis at TEMP = 27.000000 and TNOM = 27.000000

Using SPARSE 1.3 as Direct Linear Solver

No. of Data Rows : 801
fcross              =  3.07774e+05
pmarg               =  9.17770e+01
tdc                 =  7.10774e+01
mode=10db  rload=10k  rsrc=2.611k  pos=2  C=470p
fcross = 3.077740e+05
pmarg = 9.177696e+01
tdc = 7.107740e+01
Doing analysis at TEMP = 27.000000 and TNOM = 27.000000

Using SPARSE 1.3 as Direct Linear Solver

No. of Data Rows : 801
fcross              =  3.08791e+05
pmarg               =  9.09881e+01
tdc                 =  7.10774e+01
mode=10db  rload=10k  rsrc=2.611k  pos=2  C=1n
fcross = 3.087912e+05
pmarg = 9.098806e+01
tdc = 7.107739e+01
Doing analysis at TEMP = 27.000000 and TNOM = 27.000000

Using SPARSE 1.3 as Direct Linear Solver

No. of Data Rows : 801
fcross              =  3.09726e+05
pmarg               =  9.02343e+01
tdc                 =  7.10774e+01
mode=10db  rload=10k  rsrc=2.611k  pos=2  C=1.5n
fcross = 3.097256e+05
pmarg = 9.023434e+01
tdc = 7.107738e+01
Doing analysis at TEMP = 27.000000 and TNOM = 27.000000

Using SPARSE 1.3 as Direct Linear Solver

No. of Data Rows : 801
fcross              =  3.10965e+05
pmarg               =  8.91645e+01
tdc                 =  7.10774e+01
mode=10db  rload=10k  rsrc=2.611k  pos=2  C=2.2n
fcross = 3.109648e+05
pmarg = 8.916452e+01
tdc = 7.107737e+01
Doing analysis at TEMP = 27.000000 and TNOM = 27.000000

Using SPARSE 1.3 as Direct Linear Solver

No. of Data Rows : 801
fcross              =  3.11790e+05
pmarg               =  8.83907e+01
tdc                 =  7.10774e+01
mode=10db  rload=10k  rsrc=2.611k  pos=2  C=2.7n
fcross = 3.117902e+05
pmarg = 8.839070e+01
tdc = 7.107736e+01
Doing analysis at TEMP = 27.000000 and TNOM = 27.000000

Using SPARSE 1.3 as Direct Linear Solver

No. of Data Rows : 801
fcross              =  3.12711e+05
pmarg               =  8.74524e+01
tdc                 =  7.10774e+01
mode=10db  rload=10k  rsrc=2.611k  pos=2  C=3.3n
fcross = 3.127107e+05
pmarg = 8.745242e+01
tdc = 7.107735e+01
Doing analysis at TEMP = 27.000000 and TNOM = 27.000000

Using SPARSE 1.3 as Direct Linear Solver

No. of Data Rows : 801
fcross              =  3.14538e+05
pmarg               =  8.52283e+01
tdc                 =  7.10773e+01
mode=10db  rload=10k  rsrc=2.611k  pos=2  C=4.7n
fcross = 3.145378e+05
pmarg = 8.522828e+01
tdc = 7.107733e+01
Note: Simulation executed from .control section 
