 2.00000000e-01 -5.46853794e+00  2.00000000e-01  6.78862331e+01 
 2.02316202e-01 -5.38283852e+00  2.02316202e-01  6.76551997e+01 
 2.04659228e-01 -5.29742387e+00  2.04659228e-01  6.74222673e+01 
 2.07029388e-01 -5.21229870e+00  2.07029388e-01  6.71874359e+01 
 2.09426997e-01 -5.12746771e+00  2.09426997e-01  6.69507058e+01 
 2.11852373e-01 -5.04293566e+00  2.11852373e-01  6.67120781e+01 
 2.14305837e-01 -4.95870733e+00  2.14305837e-01  6.64715542e+01 
 2.16787715e-01 -4.87478757e+00  2.16787715e-01  6.62291361e+01 
 2.19298335e-01 -4.79118122e+00  2.19298335e-01  6.59848264e+01 
 2.21838031e-01 -4.70789316e+00  2.21838031e-01  6.57386282e+01 
 2.24407140e-01 -4.62492832e+00  2.24407140e-01  6.54905454e+01 
 2.27006001e-01 -4.54229164e+00  2.27006001e-01  6.52405821e+01 
 2.29634959e-01 -4.45998808e+00  2.29634959e-01  6.49887433e+01 
 2.32294364e-01 -4.37802264e+00  2.32294364e-01  6.47350346e+01 
 2.34984567e-01 -4.29640033e+00  2.34984567e-01  6.44794621e+01 
 2.37705925e-01 -4.21512618e+00  2.37705925e-01  6.42220326e+01 
 2.40458800e-01 -4.13420525e+00  2.40458800e-01  6.39627536e+01 
 2.43243555e-01 -4.05364259e+00  2.43243555e-01  6.37016331e+01 
 2.46060561e-01 -3.97344328e+00  2.46060561e-01  6.34386799e+01 
 2.48910190e-01 -3.89361241e+00  2.48910190e-01  6.31739035e+01 
 2.51792821e-01 -3.81415508e+00  2.51792821e-01  6.29073140e+01 
 2.54708836e-01 -3.73507638e+00  2.54708836e-01  6.26389223e+01 
 2.57658622e-01 -3.65638143e+00  2.57658622e-01  6.23687398e+01 
 2.60642568e-01 -3.57807531e+00  2.60642568e-01  6.20967787e+01 
 2.63661072e-01 -3.50016314e+00  2.63661072e-01  6.18230522e+01 
 2.66714534e-01 -3.42265000e+00  2.66714534e-01  6.15475738e+01 
 2.69803357e-01 -3.34554098e+00  2.69803357e-01  6.12703580e+01 
 2.72927952e-01 -3.26884117e+00  2.72927952e-01  6.09914199e+01 
 2.76088733e-01 -3.19255562e+00  2.76088733e-01  6.07107755e+01 
 2.79286119e-01 -3.11668936e+00  2.79286119e-01  6.04284414e+01 
 2.82520534e-01 -3.04124744e+00  2.82520534e-01  6.01444350e+01 
 2.85792407e-01 -2.96623484e+00  2.85792407e-01  5.98587744e+01 
 2.89102171e-01 -2.89165654e+00  2.89102171e-01  5.95714787e+01 
 2.92450266e-01 -2.81751748e+00  2.92450266e-01  5.92825676e+01 
 2.95837135e-01 -2.74382256e+00  2.95837135e-01  5.89920614e+01 
 2.99263228e-01 -2.67057667e+00  2.99263228e-01  5.86999814e+01 
 3.02728998e-01 -2.59778463e+00  3.02728998e-01  5.84063496e+01 
 3.06234905e-01 -2.52545122e+00  3.06234905e-01  5.81111888e+01 
 3.09781414e-01 -2.45358120e+00  3.09781414e-01  5.78145225e+01 
 3.13368996e-01 -2.38217924e+00  3.13368996e-01  5.75163750e+01 
 3.16998125e-01 -2.31124998e+00  3.16998125e-01  5.72167713e+01 
 3.20669283e-01 -2.24079800e+00  3.20669283e-01  5.69157374e+01 
 3.24382957e-01 -2.17082781e+00  3.24382957e-01  5.66132996e+01 
 3.28139639e-01 -2.10134386e+00  3.28139639e-01  5.63094855e+01 
 3.31939827e-01 -2.03235053e+00  3.31939827e-01  5.60043229e+01 
 3.35784025e-01 -1.96385213e+00  3.35784025e-01  5.56978407e+01 
 3.39672743e-01 -1.89585290e+00  3.39672743e-01  5.53900685e+01 
 3.43606496e-01 -1.82835698e+00  3.43606496e-01  5.50810364e+01 
 3.47585805e-01 -1.76136845e+00  3.47585805e-01  5.47707755e+01 
 3.51611200e-01 -1.69489129e+00  3.51611200e-01  5.44593173e+01 
 3.55683212e-01 -1.62892939e+00  3.55683212e-01  5.41466942e+01 
 3.59802383e-01 -1.56348655e+00  3.59802383e-01  5.38329392e+01 
 3.63969257e-01 -1.49856648e+00  3.63969257e-01  5.35180860e+01 
 3.68184388e-01 -1.43417277e+00  3.68184388e-01  5.32021688e+01 
 3.72448335e-01 -1.37030893e+00  3.72448335e-01  5.28852227e+01 
 3.76761663e-01 -1.30697835e+00  3.76761663e-01  5.25672832e+01 
 3.81124943e-01 -1.24418431e+00  3.81124943e-01  5.22483864e+01 
 3.85538754e-01 -1.18192997e+00  3.85538754e-01  5.19285692e+01 
 3.90003682e-01 -1.12021840e+00  3.90003682e-01  5.16078688e+01 
 3.94520318e-01 -1.05905252e+00  3.94520318e-01  5.12863231e+01 
 3.99089261e-01 -9.98435152e-01  3.99089261e-01  5.09639704e+01 
 4.03711118e-01 -9.38368972e-01  4.03711118e-01  5.06408497e+01 
 4.08386500e-01 -8.78856543e-01  4.08386500e-01  5.03170003e+01 
 4.13116027e-01 -8.19900296e-01  4.13116027e-01  4.99924621e+01 
 4.17900328e-01 -7.61502526e-01  4.17900328e-01  4.96672753e+01 
 4.22740035e-01 -7.03665395e-01  4.22740035e-01  4.93414806e+01 
 4.27635791e-01 -6.46390930e-01  4.27635791e-01  4.90151191e+01 
 4.32588245e-01 -5.89681016e-01  4.32588245e-01  4.86882323e+01 
 4.37598053e-01 -5.33537399e-01  4.37598053e-01  4.83608618e+01 
 4.42665880e-01 -4.77961680e-01  4.42665880e-01  4.80330498e+01 
 4.47792398e-01 -4.22955319e-01  4.47792398e-01  4.77048387e+01 
 4.52978286e-01 -3.68519628e-01  4.52978286e-01  4.73762711e+01 
 4.58224231e-01 -3.14655772e-01  4.58224231e-01  4.70473899e+01 
 4.63530930e-01 -2.61364767e-01  4.63530930e-01  4.67182382e+01 
 4.68899086e-01 -2.08647480e-01  4.68899086e-01  4.63888592e+01 
 4.74329410e-01 -1.56504628e-01  4.74329410e-01  4.60592963e+01 
 4.79822623e-01 -1.04936777e-01  4.79822623e-01  4.57295931e+01 
 4.85379453e-01 -5.39443395e-02  4.85379453e-01  4.53997932e+01 
 4.91000637e-01 -3.52757710e-03  4.91000637e-01  4.50699404e+01 
 4.96686920e-01  4.63134015e-02  4.96686920e-01  4.47400782e+01 
 5.02439056e-01  9.55786403e-02  5.02439056e-01  4.44102504e+01 
 5.08257807e-01  1.44268336e-01  5.08257807e-01  4.40805008e+01 
 5.14143945e-01  1.92382837e-01  5.14143945e-01  4.37508730e+01 
 5.20098251e-01  2.39922644e-01  5.20098251e-01  4.34214106e+01 
 5.26121513e-01  2.86888411e-01  5.26121513e-01  4.30921570e+01 
 5.32214531e-01  3.33280940e-01  5.32214531e-01  4.27631556e+01 
 5.38378112e-01  3.79101184e-01  5.38378112e-01  4.24344495e+01 
 5.44613074e-01  4.24350246e-01  5.44613074e-01  4.21060817e+01 
 5.50920243e-01  4.69029376e-01  5.50920243e-01  4.17780950e+01 
 5.57300455e-01  5.13139970e-01  5.57300455e-01  4.14505317e+01 
 5.63754556e-01  5.56683570e-01  5.63754556e-01  4.11234343e+01 
 5.70283403e-01  5.99661860e-01  5.70283403e-01  4.07968445e+01 
 5.76887860e-01  6.42076667e-01  5.76887860e-01  4.04708039e+01 
 5.83568804e-01  6.83929959e-01  5.83568804e-01  4.01453539e+01 
 5.90327119e-01  7.25223838e-01  5.90327119e-01  3.98205351e+01 
 5.97163703e-01  7.65960545e-01  5.97163703e-01  3.94963882e+01 
 6.04079461e-01  8.06142454e-01  6.04079461e-01  3.91729531e+01 
 6.11075310e-01  8.45772068e-01  6.11075310e-01  3.88502693e+01 
 6.18152179e-01  8.84852021e-01  6.18152179e-01  3.85283760e+01 
 6.25311005e-01  9.23385071e-01  6.25311005e-01  3.82073118e+01 
 6.32552737e-01  9.61374100e-01  6.32552737e-01  3.78871147e+01 
 6.39878336e-01  9.98822111e-01  6.39878336e-01  3.75678223e+01 
 6.47288773e-01  1.03573222e+00  6.47288773e-01  3.72494716e+01 
 6.54785030e-01  1.07210767e+00  6.54785030e-01  3.69320990e+01 
 6.62368101e-01  1.10795180e+00  6.62368101e-01  3.66157404e+01 
 6.70038992e-01  1.14326806e+00  6.70038992e-01  3.63004309e+01 
 6.77798719e-01  1.17806002e+00  6.77798719e-01  3.59862051e+01 
 6.85648312e-01  1.21233133e+00  6.85648312e-01  3.56730969e+01 
 6.93588812e-01  1.24608575e+00  6.93588812e-01  3.53611398e+01 
 7.01621270e-01  1.27932714e+00  7.01621270e-01  3.50503662e+01 
 7.09746752e-01  1.31205945e+00  7.09746752e-01  3.47408081e+01 
 7.17966335e-01  1.34428670e+00  7.17966335e-01  3.44324968e+01 
 7.26281110e-01  1.37601301e+00  7.26281110e-01  3.41254628e+01 
 7.34692178e-01  1.40724259e+00  7.34692178e-01  3.38197359e+01 
 7.43200655e-01  1.43797971e+00  7.43200655e-01  3.35153453e+01 
 7.51807668e-01  1.46822872e+00  7.51807668e-01  3.32123193e+01 
 7.60514359e-01  1.49799404e+00  7.60514359e-01  3.29106855e+01 
 7.69321883e-01  1.52728015e+00  7.69321883e-01  3.26104709e+01 
 7.78231406e-01  1.55609162e+00  7.78231406e-01  3.23117015e+01 
 7.87244111e-01  1.58443305e+00  7.87244111e-01  3.20144027e+01 
 7.96361192e-01  1.61230910e+00  7.96361192e-01  3.17185992e+01 
 8.05583858e-01  1.63972450e+00  8.05583858e-01  3.14243148e+01 
 8.14913332e-01  1.66668401e+00  8.14913332e-01  3.11315726e+01 
 8.24350851e-01  1.69319244e+00  8.24350851e-01  3.08403950e+01 
 8.33897665e-01  1.71925466e+00  8.33897665e-01  3.05508034e+01 
 8.43555041e-01  1.74487554e+00  8.43555041e-01  3.02628187e+01 
 8.53324260e-01  1.77006003e+00  8.53324260e-01  2.99764608e+01 
 8.63206616e-01  1.79481307e+00  8.63206616e-01  2.96917492e+01 
 8.73203419e-01  1.81913967e+00  8.73203419e-01  2.94087021e+01 
 8.83315996e-01  1.84304483e+00  8.83315996e-01  2.91273375e+01 
 8.93545686e-01  1.86653358e+00  8.93545686e-01  2.88476722e+01 
 9.03893847e-01  1.88961098e+00  9.03893847e-01  2.85697224e+01 
 9.14361849e-01  1.91228211e+00  9.14361849e-01  2.82935038e+01 
 9.24951082e-01  1.93455204e+00  9.24951082e-01  2.80190309e+01 
 9.35662949e-01  1.95642586e+00  9.35662949e-01  2.77463178e+01 
 9.46498870e-01  1.97790867e+00  9.46498870e-01  2.74753778e+01 
 9.57460281e-01  1.99900558e+00  9.57460281e-01  2.72062234e+01 
 9.68548637e-01  2.01972169e+00  9.68548637e-01  2.69388664e+01 
 9.79765408e-01  2.04006210e+00  9.79765408e-01  2.66733180e+01 
 9.91112080e-01  2.06003191e+00  9.91112080e-01  2.64095886e+01 
 1.00259016e+00  2.07963620e+00  1.00259016e+00  2.61476880e+01 
 1.01420116e+00  2.09888007e+00  1.01420116e+00  2.58876251e+01 
 1.02594664e+00  2.11776858e+00  1.02594664e+00  2.56294084e+01 
 1.03782813e+00  2.13630678e+00  1.03782813e+00  2.53730455e+01 
 1.04984723e+00  2.15449972e+00  1.04984723e+00  2.51185437e+01 
 1.06200552e+00  2.17235242e+00  1.06200552e+00  2.48659092e+01 
 1.07430462e+00  2.18986988e+00  1.07430462e+00  2.46151479e+01 
 1.08674615e+00  2.20705707e+00  1.08674615e+00  2.43662650e+01 
 1.09933176e+00  2.22391895e+00  1.09933176e+00  2.41192650e+01 
 1.11206313e+00  2.24046046e+00  1.11206313e+00  2.38741519e+01 
 1.12494195e+00  2.25668648e+00  1.12494195e+00  2.36309291e+01 
 1.13796991e+00  2.27260188e+00  1.13796991e+00  2.33895995e+01 
 1.15114875e+00  2.28821151e+00  1.15114875e+00  2.31501653e+01 
 1.16448021e+00  2.30352017e+00  1.16448021e+00  2.29126281e+01 
 1.17796607e+00  2.31853264e+00  1.17796607e+00  2.26769892e+01 
 1.19160810e+00  2.33325364e+00  1.19160810e+00  2.24432492e+01 
 1.20540813e+00  2.34768787e+00  1.20540813e+00  2.22114082e+01 
 1.21936797e+00  2.36184000e+00  1.21936797e+00  2.19814659e+01 
 1.23348948e+00  2.37571464e+00  1.23348948e+00  2.17534214e+01 
 1.24777453e+00  2.38931637e+00  1.24777453e+00  2.15272733e+01 
 1.26222502e+00  2.40264974e+00  1.26222502e+00  2.13030199e+01 
 1.27684286e+00  2.41571922e+00  1.27684286e+00  2.10806590e+01 
 1.29162999e+00  2.42852928e+00  1.29162999e+00  2.08601878e+01 
 1.30658837e+00  2.44108432e+00  1.30658837e+00  2.06416032e+01 
 1.32171998e+00  2.45338870e+00  1.32171998e+00  2.04249017e+01 
 1.33702683e+00  2.46544673e+00  1.33702683e+00  2.02100794e+01 
 1.35251095e+00  2.47726269e+00  1.35251095e+00  1.99971319e+01 
 1.36817439e+00  2.48884079e+00  1.36817439e+00  1.97860546e+01 
 1.38401923e+00  2.50018520e+00  1.38401923e+00  1.95768423e+01 
 1.40004757e+00  2.51130005e+00  1.40004757e+00  1.93694897e+01 
 1.41626153e+00  2.52218942e+00  1.41626153e+00  1.91639909e+01 
 1.43266327e+00  2.53285732e+00  1.43266327e+00  1.89603400e+01 
 1.44925496e+00  2.54330774e+00  1.44925496e+00  1.87585304e+01 
 1.46603879e+00  2.55354460e+00  1.46603879e+00  1.85585555e+01 
 1.48301700e+00  2.56357177e+00  1.48301700e+00  1.83604082e+01 
 1.50019183e+00  2.57339309e+00  1.50019183e+00  1.81640812e+01 
 1.51756557e+00  2.58301232e+00  1.51756557e+00  1.79695669e+01 
 1.53514051e+00  2.59243319e+00  1.53514051e+00  1.77768576e+01 
 1.55291899e+00  2.60165937e+00  1.55291899e+00  1.75859449e+01 
 1.57090335e+00  2.61069449e+00  1.57090335e+00  1.73968207e+01 
 1.58909600e+00  2.61954211e+00  1.58909600e+00  1.72094763e+01 
 1.60749933e+00  2.62820576e+00  1.60749933e+00  1.70239029e+01 
 1.62611580e+00  2.63668891e+00  1.62611580e+00  1.68400914e+01 
 1.64494786e+00  2.64499496e+00  1.64494786e+00  1.66580327e+01 
 1.66399802e+00  2.65312731e+00  1.66399802e+00  1.64777173e+01 
 1.68326879e+00  2.66108925e+00  1.68326879e+00  1.62991356e+01 
 1.70276274e+00  2.66888405e+00  1.70276274e+00  1.61222778e+01 
 1.72248245e+00  2.67651495e+00  1.72248245e+00  1.59471339e+01 
 1.74243054e+00  2.68398510e+00  1.74243054e+00  1.57736938e+01 
 1.76260964e+00  2.69129761e+00  1.76260964e+00  1.56019472e+01 
 1.78302244e+00  2.69845557e+00  1.78302244e+00  1.54318837e+01 
 1.80367164e+00  2.70546199e+00  1.80367164e+00  1.52634927e+01 
 1.82455997e+00  2.71231984e+00  1.82455997e+00  1.50967636e+01 
 1.84569022e+00  2.71903204e+00  1.84569022e+00  1.49316855e+01 
 1.86706517e+00  2.72560147e+00  1.86706517e+00  1.47682475e+01 
 1.88868767e+00  2.73203096e+00  1.88868767e+00  1.46064386e+01 
 1.91056058e+00  2.73832329e+00  1.91056058e+00  1.44462476e+01 
 1.93268680e+00  2.74448118e+00  1.93268680e+00  1.42876633e+01 
 1.95506926e+00  2.75050734e+00  1.95506926e+00  1.41306745e+01 
 1.97771094e+00  2.75640439e+00  1.97771094e+00  1.39752697e+01 
 2.00061483e+00  2.76217494e+00  2.00061483e+00  1.38214375e+01 
 2.02378396e+00  2.76782153e+00  2.02378396e+00  1.36691663e+01 
 2.04722142e+00  2.77334668e+00  2.04722142e+00  1.35184446e+01 
 2.07093031e+00  2.77875284e+00  2.07093031e+00  1.33692607e+01 
 2.09491378e+00  2.78404244e+00  2.09491378e+00  1.32216029e+01 
 2.11917499e+00  2.78921785e+00  2.11917499e+00  1.30754596e+01 
 2.14371718e+00  2.79428140e+00  2.14371718e+00  1.29308189e+01 
 2.16854358e+00  2.79923538e+00  2.16854358e+00  1.27876691e+01 
 2.19365751e+00  2.80408205e+00  2.19365751e+00  1.26459982e+01 
 2.21906227e+00  2.80882362e+00  2.21906227e+00  1.25057945e+01 
 2.24476125e+00  2.81346224e+00  2.24476125e+00  1.23670461e+01 
 2.27075785e+00  2.81800005e+00  2.27075785e+00  1.22297411e+01 
 2.29705552e+00  2.82243914e+00  2.29705552e+00  1.20938676e+01 
 2.32365774e+00  2.82678156e+00  2.32365774e+00  1.19594136e+01 
 2.35056804e+00  2.83102933e+00  2.35056804e+00  1.18263674e+01 
 2.37778999e+00  2.83518440e+00  2.37778999e+00  1.16947170e+01 
 2.40532720e+00  2.83924873e+00  2.40532720e+00  1.15644504e+01 
 2.43318331e+00  2.84322420e+00  2.43318331e+00  1.14355559e+01 
 2.46136203e+00  2.84711269e+00  2.46136203e+00  1.13080215e+01 
 2.48986709e+00  2.85091603e+00  2.48986709e+00  1.11818354e+01 
 2.51870226e+00  2.85463599e+00  2.51870226e+00  1.10569858e+01 
 2.54787137e+00  2.85827435e+00  2.54787137e+00  1.09334608e+01 
 2.57737829e+00  2.86183283e+00  2.57737829e+00  1.08112486e+01 
 2.60722693e+00  2.86531312e+00  2.60722693e+00  1.06903376e+01 
 2.63742125e+00  2.86871687e+00  2.63742125e+00  1.05707160e+01 
 2.66796525e+00  2.87204571e+00  2.66796525e+00  1.04523720e+01 
 2.69886298e+00  2.87530123e+00  2.69886298e+00  1.03352941e+01 
 2.73011854e+00  2.87848500e+00  2.73011854e+00  1.02194707e+01 
 2.76173606e+00  2.88159855e+00  2.76173606e+00  1.01048901e+01 
 2.79371975e+00  2.88464337e+00  2.79371975e+00  9.99154079e+00 
 2.82607385e+00  2.88762093e+00  2.82607385e+00  9.87941138e+00 
 2.85880263e+00  2.89053269e+00  2.85880263e+00  9.76849039e+00 
 2.89191045e+00  2.89338004e+00  2.89191045e+00  9.65876644e+00 
 2.92540169e+00  2.89616438e+00  2.92540169e+00  9.55022822e+00 
 2.95928080e+00  2.89888705e+00  2.95928080e+00  9.44286443e+00 
 2.99355225e+00  2.90154939e+00  2.99355225e+00  9.33666387e+00 
 3.02822061e+00  2.90415270e+00  3.02822061e+00  9.23161537e+00 
 3.06329046e+00  2.90669825e+00  3.06329046e+00  9.12770783e+00 
 3.09876645e+00  2.90918729e+00  3.09876645e+00  9.02493020e+00 
 3.13465329e+00  2.91162104e+00  3.13465329e+00  8.92327152e+00 
 3.17095574e+00  2.91400071e+00  3.17095574e+00  8.82272084e+00 
 3.20767861e+00  2.91632746e+00  3.20767861e+00  8.72326733e+00 
 3.24482676e+00  2.91860245e+00  3.24482676e+00  8.62490020e+00 
 3.28240513e+00  2.92082679e+00  3.28240513e+00  8.52760872e+00 
 3.32041869e+00  2.92300160e+00  3.32041869e+00  8.43138223e+00 
 3.35887249e+00  2.92512795e+00  3.35887249e+00  8.33621015e+00 
 3.39777162e+00  2.92720690e+00  3.39777162e+00  8.24208197e+00 
 3.43712125e+00  2.92923949e+00  3.43712125e+00  8.14898723e+00 
 3.47692658e+00  2.93122671e+00  3.47692658e+00  8.05691556e+00 
 3.51719290e+00  2.93316958e+00  3.51719290e+00  7.96585665e+00 
 3.55792554e+00  2.93506906e+00  3.55792554e+00  7.87580026e+00 
 3.59912991e+00  2.93692609e+00  3.59912991e+00  7.78673625e+00 
 3.64081146e+00  2.93874162e+00  3.64081146e+00  7.69865452e+00 
 3.68297573e+00  2.94051655e+00  3.68297573e+00  7.61154506e+00 
 3.72562831e+00  2.94225177e+00  3.72562831e+00  7.52539793e+00 
 3.76877484e+00  2.94394816e+00  3.76877484e+00  7.44020327e+00 
 3.81242106e+00  2.94560657e+00  3.81242106e+00  7.35595128e+00 
 3.85657274e+00  2.94722783e+00  3.85657274e+00  7.27263226e+00 
 3.90123574e+00  2.94881278e+00  3.90123574e+00  7.19023656e+00 
 3.94641599e+00  2.95036220e+00  3.94641599e+00  7.10875463e+00 
 3.99211947e+00  2.95187687e+00  3.99211947e+00  7.02817699e+00 
 4.03835224e+00  2.95335758e+00  4.03835224e+00  6.94849421e+00 
 4.08512043e+00  2.95480507e+00  4.08512043e+00  6.86969698e+00 
 4.13243025e+00  2.95622007e+00  4.13243025e+00  6.79177603e+00 
 4.18028796e+00  2.95760330e+00  4.18028796e+00  6.71472218e+00 
 4.22869991e+00  2.95895547e+00  4.22869991e+00  6.63852635e+00 
 4.27767252e+00  2.96027726e+00  4.27767252e+00  6.56317949e+00 
 4.32721228e+00  2.96156934e+00  4.32721228e+00  6.48867267e+00 
 4.37732577e+00  2.96283239e+00  4.37732577e+00  6.41499701e+00 
 4.42801962e+00  2.96406703e+00  4.42801962e+00  6.34214372e+00 
 4.47930055e+00  2.96527391e+00  4.47930055e+00  6.27010408e+00 
 4.53117537e+00  2.96645364e+00  4.53117537e+00  6.19886946e+00 
 4.58365095e+00  2.96760681e+00  4.58365095e+00  6.12843128e+00 
 4.63673425e+00  2.96873403e+00  4.63673425e+00  6.05878106e+00 
 4.69043232e+00  2.96983588e+00  4.69043232e+00  5.98991039e+00 
 4.74475225e+00  2.97091290e+00  4.74475225e+00  5.92181094e+00 
 4.79970127e+00  2.97196567e+00  4.79970127e+00  5.85447444e+00 
 4.85528665e+00  2.97299472e+00  4.85528665e+00  5.78789271e+00 
 4.91151577e+00  2.97400057e+00  4.91151577e+00  5.72205764e+00 
 4.96839608e+00  2.97498375e+00  4.96839608e+00  5.65696120e+00 
 5.02593512e+00  2.97594477e+00  5.02593512e+00  5.59259544e+00 
 5.08414052e+00  2.97688411e+00  5.08414052e+00  5.52895245e+00 
 5.14302000e+00  2.97780226e+00  5.14302000e+00  5.46602445e+00 
 5.20258136e+00  2.97869970e+00  5.20258136e+00  5.40380368e+00 
 5.26283250e+00  2.97957689e+00  5.26283250e+00  5.34228249e+00 
 5.32378141e+00  2.98043428e+00  5.32378141e+00  5.28145328e+00 
 5.38543617e+00  2.98127231e+00  5.38543617e+00  5.22130855e+00 
 5.44780495e+00  2.98209142e+00  5.44780495e+00  5.16184084e+00 
 5.51089603e+00  2.98289203e+00  5.51089603e+00  5.10304279e+00 
 5.57471776e+00  2.98367456e+00  5.57471776e+00  5.04490710e+00 
 5.63927862e+00  2.98443941e+00  5.63927862e+00  4.98742652e+00 
 5.70458716e+00  2.98518698e+00  5.70458716e+00  4.93059392e+00 
 5.77065203e+00  2.98591765e+00  5.77065203e+00  4.87440219e+00 
 5.83748200e+00  2.98663181e+00  5.83748200e+00  4.81884432e+00 
 5.90508593e+00  2.98732983e+00  5.90508593e+00  4.76391336e+00 
 5.97347279e+00  2.98801206e+00  5.97347279e+00  4.70960244e+00 
 6.04265163e+00  2.98867886e+00  6.04265163e+00  4.65590474e+00 
 6.11263163e+00  2.98933059e+00  6.11263163e+00  4.60281352e+00 
 6.18342207e+00  2.98996757e+00  6.18342207e+00  4.55032211e+00 
 6.25503234e+00  2.99059014e+00  6.25503234e+00  4.49842389e+00 
 6.32747192e+00  2.99119862e+00  6.32747192e+00  4.44711233e+00 
 6.40075043e+00  2.99179333e+00  6.40075043e+00  4.39638096e+00 
 6.47487758e+00  2.99237459e+00  6.47487758e+00  4.34622336e+00 
 6.54986319e+00  2.99294268e+00  6.54986319e+00  4.29663319e+00 
 6.62571722e+00  2.99349792e+00  6.62571722e+00  4.24760418e+00 
 6.70244971e+00  2.99404058e+00  6.70244971e+00  4.19913011e+00 
 6.78007084e+00  2.99457096e+00  6.78007084e+00  4.15120483e+00 
 6.85859090e+00  2.99508932e+00  6.85859090e+00  4.10382226e+00 
 6.93802030e+00  2.99559594e+00  6.93802030e+00  4.05697637e+00 
 7.01836957e+00  2.99609109e+00  7.01836957e+00  4.01066121e+00 
 7.09964937e+00  2.99657502e+00  7.09964937e+00  3.96487087e+00 
 7.18187048e+00  2.99704798e+00  7.18187048e+00  3.91959951e+00 
 7.26504378e+00  2.99751023e+00  7.26504378e+00  3.87484137e+00 
 7.34918032e+00  2.99796200e+00  7.34918032e+00  3.83059071e+00 
 7.43429124e+00  2.99840353e+00  7.43429124e+00  3.78684190e+00 
 7.52038784e+00  2.99883506e+00  7.52038784e+00  3.74358933e+00 
 7.60748151e+00  2.99925680e+00  7.60748151e+00  3.70082746e+00 
 7.69558382e+00  2.99966898e+00  7.69558382e+00  3.65855082e+00 
 7.78470645e+00  3.00007181e+00  7.78470645e+00  3.61675398e+00 
 7.87486120e+00  3.00046552e+00  7.87486120e+00  3.57543159e+00 
 7.96606004e+00  3.00085029e+00  7.96606004e+00  3.53457832e+00 
 8.05831505e+00  3.00122633e+00  8.05831505e+00  3.49418894e+00 
 8.15163847e+00  3.00159385e+00  8.15163847e+00  3.45425824e+00 
 8.24604267e+00  3.00195303e+00  8.24604267e+00  3.41478110e+00 
 8.34154016e+00  3.00230407e+00  8.34154016e+00  3.37575242e+00 
 8.43814361e+00  3.00264714e+00  8.43814361e+00  3.33716717e+00 
 8.53586583e+00  3.00298242e+00  8.53586583e+00  3.29902038e+00 
 8.63471977e+00  3.00331010e+00  8.63471977e+00  3.26130713e+00 
 8.73471853e+00  3.00363034e+00  8.73471853e+00  3.22402255e+00 
 8.83587539e+00  3.00394332e+00  8.83587539e+00  3.18716181e+00 
 8.93820374e+00  3.00424919e+00  8.93820374e+00  3.15072016e+00 
 9.04171716e+00  3.00454812e+00  9.04171716e+00  3.11469288e+00 
 9.14642936e+00  3.00484027e+00  9.14642936e+00  3.07907531e+00 
 9.25235424e+00  3.00512578e+00  9.25235424e+00  3.04386283e+00 
 9.35950584e+00  3.00540481e+00  9.35950584e+00  3.00905088e+00 
 9.46789836e+00  3.00567751e+00  9.46789836e+00  2.97463496e+00 
 9.57754617e+00  3.00594402e+00  9.57754617e+00  2.94061059e+00 
 9.68846382e+00  3.00620447e+00  9.68846382e+00  2.90697336e+00 
 9.80066601e+00  3.00645901e+00  9.80066601e+00  2.87371890e+00 
 9.91416761e+00  3.00670778e+00  9.91416761e+00  2.84084290e+00 
 1.00289837e+01  3.00695089e+00  1.00289837e+01  2.80834108e+00 
 1.01451294e+01  3.00718848e+00  1.01451294e+01  2.77620922e+00 
 1.02626203e+01  3.00742068e+00  1.02626203e+01  2.74444313e+00 
 1.03814717e+01  3.00764760e+00  1.03814717e+01  2.71303869e+00 
 1.05016997e+01  3.00786937e+00  1.05016997e+01  2.68199180e+00 
 1.06233199e+01  3.00808610e+00  1.06233199e+01  2.65129842e+00 
 1.07463487e+01  3.00829791e+00  1.07463487e+01  2.62095456e+00 
 1.08708023e+01  3.00850491e+00  1.08708023e+01  2.59095625e+00 
 1.09966971e+01  3.00870720e+00  1.09966971e+01  2.56129958e+00 
 1.11240500e+01  3.00890490e+00  1.11240500e+01  2.53198069e+00 
 1.12528777e+01  3.00909811e+00  1.12528777e+01  2.50299575e+00 
 1.13831974e+01  3.00928693e+00  1.13831974e+01  2.47434098e+00 
 1.15150263e+01  3.00947145e+00  1.15150263e+01  2.44601264e+00 
 1.16483819e+01  3.00965179e+00  1.16483819e+01  2.41800701e+00 
 1.17832819e+01  3.00982803e+00  1.17832819e+01  2.39032045e+00 
 1.19197442e+01  3.01000026e+00  1.19197442e+01  2.36294934e+00 
 1.20577869e+01  3.01016858e+00  1.20577869e+01  2.33589009e+00 
 1.21974282e+01  3.01033307e+00  1.21974282e+01  2.30913917e+00 
 1.23386867e+01  3.01049383e+00  1.23386867e+01  2.28269308e+00 
 1.24815812e+01  3.01065093e+00  1.24815812e+01  2.25654835e+00 
 1.26261305e+01  3.01080446e+00  1.26261305e+01  2.23070156e+00 
 1.27723538e+01  3.01095451e+00  1.27723538e+01  2.20514933e+00 
 1.29202705e+01  3.01110114e+00  1.29202705e+01  2.17988830e+00 
 1.30699003e+01  3.01124444e+00  1.30699003e+01  2.15491518e+00 
 1.32212629e+01  3.01138448e+00  1.32212629e+01  2.13022668e+00 
 1.33743785e+01  3.01152134e+00  1.33743785e+01  2.10581958e+00 
 1.35292673e+01  3.01165509e+00  1.35292673e+01  2.08169066e+00 
 1.36859499e+01  3.01178580e+00  1.36859499e+01  2.05783677e+00 
 1.38444470e+01  3.01191354e+00  1.38444470e+01  2.03425477e+00 
 1.40047796e+01  3.01203837e+00  1.40047796e+01  2.01094156e+00 
 1.41669691e+01  3.01216037e+00  1.41669691e+01  1.98789410e+00 
 1.43310369e+01  3.01227959e+00  1.43310369e+01  1.96510935e+00 
 1.44970048e+01  3.01239611e+00  1.44970048e+01  1.94258433e+00 
 1.46648947e+01  3.01250997e+00  1.46648947e+01  1.92031606e+00 
 1.48347290e+01  3.01262125e+00  1.48347290e+01  1.89830163e+00 
 1.50065301e+01  3.01272999e+00  1.50065301e+01  1.87653815e+00 
 1.51803209e+01  3.01283627e+00  1.51803209e+01  1.85502274e+00 
 1.53561243e+01  3.01294012e+00  1.53561243e+01  1.83375259e+00 
 1.55339637e+01  3.01304162e+00  1.55339637e+01  1.81272490e+00 
 1.57138627e+01  3.01314081e+00  1.57138627e+01  1.79193691e+00 
 1.58958451e+01  3.01323774e+00  1.58958451e+01  1.77138587e+00 
 1.60799350e+01  3.01333247e+00  1.60799350e+01  1.75106908e+00 
 1.62661569e+01  3.01342505e+00  1.62661569e+01  1.73098388e+00 
 1.64545354e+01  3.01351552e+00  1.64545354e+01  1.71112761e+00 
 1.66450955e+01  3.01360394e+00  1.66450955e+01  1.69149767e+00 
 1.68378625e+01  3.01369034e+00  1.68378625e+01  1.67209146e+00 
 1.70328619e+01  3.01377478e+00  1.70328619e+01  1.65290644e+00 
 1.72301197e+01  3.01385730e+00  1.72301197e+01  1.63394008e+00 
 1.74296618e+01  3.01393794e+00  1.74296618e+01  1.61518988e+00 
 1.76315149e+01  3.01401675e+00  1.76315149e+01  1.59665337e+00 
 1.78357056e+01  3.01409377e+00  1.78357056e+01  1.57832810e+00 
 1.80422611e+01  3.01416904e+00  1.80422611e+01  1.56021167e+00 
 1.82512087e+01  3.01424259e+00  1.82512087e+01  1.54230168e+00 
 1.84625761e+01  3.01431447e+00  1.84625761e+01  1.52459578e+00 
 1.86763914e+01  3.01438472e+00  1.86763914e+01  1.50709162e+00 
 1.88926828e+01  3.01445337e+00  1.88926828e+01  1.48978691e+00 
 1.91114791e+01  3.01452046e+00  1.91114791e+01  1.47267936e+00 
 1.93328093e+01  3.01458603e+00  1.93328093e+01  1.45576672e+00 
 1.95567028e+01  3.01465010e+00  1.95567028e+01  1.43904674e+00 
 1.97831891e+01  3.01471272e+00  1.97831891e+01  1.42251724e+00 
 2.00122984e+01  3.01477391e+00  2.00122984e+01  1.40617602e+00 
 2.02440610e+01  3.01483371e+00  2.02440610e+01  1.39002094e+00 
 2.04785077e+01  3.01489215e+00  2.04785077e+01  1.37404985e+00 
 2.07156695e+01  3.01494926e+00  2.07156695e+01  1.35826066e+00 
 2.09555778e+01  3.01500508e+00  2.09555778e+01  1.34265128e+00 
 2.11982645e+01  3.01505962e+00  2.11982645e+01  1.32721964e+00 
 2.14437618e+01  3.01511293e+00  2.14437618e+01  1.31196371e+00 
 2.16921022e+01  3.01516502e+00  2.16921022e+01  1.29688148e+00 
 2.19433187e+01  3.01521593e+00  2.19433187e+01  1.28197096e+00 
 2.21974444e+01  3.01526568e+00  2.21974444e+01  1.26723017e+00 
 2.24545132e+01  3.01531430e+00  2.24545132e+01  1.25265717e+00 
 2.27145591e+01  3.01536181e+00  2.27145591e+01  1.23825004e+00 
 2.29776167e+01  3.01540825e+00  2.29776167e+01  1.22400687e+00 
 2.32437206e+01  3.01545362e+00  2.32437206e+01  1.20992578e+00 
 2.35129064e+01  3.01549797e+00  2.35129064e+01  1.19600491e+00 
 2.37852095e+01  3.01554131e+00  2.37852095e+01  1.18224242e+00 
 2.40606663e+01  3.01558366e+00  2.40606663e+01  1.16863649e+00 
 2.43393131e+01  3.01562505e+00  2.43393131e+01  1.15518533e+00 
 2.46211869e+01  3.01566550e+00  2.46211869e+01  1.14188715e+00 
 2.49063250e+01  3.01570502e+00  2.49063250e+01  1.12874020e+00 
 2.51947654e+01  3.01574365e+00  2.51947654e+01  1.11574275e+00 
 2.54865462e+01  3.01578140e+00  2.54865462e+01  1.10289307e+00 
 2.57817061e+01  3.01581830e+00  2.57817061e+01  1.09018947e+00 
 2.60802843e+01  3.01585435e+00  2.60802843e+01  1.07763026e+00 
 2.63823203e+01  3.01588958e+00  2.63823203e+01  1.06521379e+00 
 2.66878542e+01  3.01592402e+00  2.66878542e+01  1.05293841e+00 
 2.69969265e+01  3.01595767e+00  2.69969265e+01  1.04080251e+00 
 2.73095781e+01  3.01599055e+00  2.73095781e+01  1.02880447e+00 
 2.76258506e+01  3.01602269e+00  2.76258506e+01  1.01694271e+00 
 2.79457858e+01  3.01605410e+00  2.79457858e+01  1.00521566e+00 
 2.82694262e+01  3.01608479e+00  2.82694262e+01  9.93621776e-01 
 2.85968147e+01  3.01611478e+00  2.85968147e+01  9.82159516e-01 
 2.89279946e+01  3.01614409e+00  2.89279946e+01  9.70827367e-01 
 2.92630100e+01  3.01617274e+00  2.92630100e+01  9.59623829e-01 
 2.96019052e+01  3.01620073e+00  2.96019052e+01  9.48547421e-01 
 2.99447251e+01  3.01622809e+00  2.99447251e+01  9.37596678e-01 
 3.02915152e+01  3.01625483e+00  3.02915152e+01  9.26770151e-01 
 3.06423215e+01  3.01628096e+00  3.06423215e+01  9.16066408e-01 
 3.09971905e+01  3.01630649e+00  3.09971905e+01  9.05484032e-01 
 3.13561693e+01  3.01633144e+00  3.13561693e+01  8.95021623e-01 
 3.17193054e+01  3.01635583e+00  3.17193054e+01  8.84677797e-01 
 3.20866469e+01  3.01637966e+00  3.20866469e+01  8.74451185e-01 
 3.24582427e+01  3.01640295e+00  3.24582427e+01  8.64340434e-01 
 3.28341419e+01  3.01642571e+00  3.28341419e+01  8.54344206e-01 
 3.32143943e+01  3.01644795e+00  3.32143943e+01  8.44461177e-01 
 3.35990505e+01  3.01646969e+00  3.35990505e+01  8.34690040e-01 
 3.39881614e+01  3.01649093e+00  3.39881614e+01  8.25029502e-01 
 3.43817786e+01  3.01651169e+00  3.43817786e+01  8.15478284e-01 
 3.47799543e+01  3.01653198e+00  3.47799543e+01  8.06035122e-01 
 3.51827413e+01  3.01655181e+00  3.51827413e+01  7.96698766e-01 
 3.55901929e+01  3.01657118e+00  3.55901929e+01  7.87467979e-01 
 3.60023633e+01  3.01659012e+00  3.60023633e+01  7.78341541e-01 
 3.64193070e+01  3.01660862e+00  3.64193070e+01  7.69318242e-01 
 3.68410793e+01  3.01662671e+00  3.68410793e+01  7.60396889e-01 
 3.72677361e+01  3.01664438e+00  3.72677361e+01  7.51576299e-01 
 3.76993341e+01  3.01666165e+00  3.76993341e+01  7.42855307e-01 
 3.81359304e+01  3.01667853e+00  3.81359304e+01  7.34232756e-01 
 3.85775830e+01  3.01669502e+00  3.85775830e+01  7.25707505e-01 
 3.90243503e+01  3.01671114e+00  3.90243503e+01  7.17278425e-01 
 3.94762917e+01  3.01672689e+00  3.94762917e+01  7.08944401e-01 
 3.99334670e+01  3.01674229e+00  3.99334670e+01  7.00704329e-01 
 4.03959368e+01  3.01675733e+00  4.03959368e+01  6.92557117e-01 
 4.08637625e+01  3.01677203e+00  4.08637625e+01  6.84501687e-01 
 4.13370061e+01  3.01678640e+00  4.13370061e+01  6.76536972e-01 
 4.18157303e+01  3.01680044e+00  4.18157303e+01  6.68661917e-01 
 4.22999987e+01  3.01681416e+00  4.22999987e+01  6.60875480e-01 
 4.27898753e+01  3.01682757e+00  4.27898753e+01  6.53176628e-01 
 4.32854253e+01  3.01684068e+00  4.32854253e+01  6.45564344e-01 
 4.37867142e+01  3.01685348e+00  4.37867142e+01  6.38037618e-01 
 4.42938085e+01  3.01686600e+00  4.42938085e+01  6.30595453e-01 
 4.48067755e+01  3.01687823e+00  4.48067755e+01  6.23236864e-01 
 4.53256831e+01  3.01689018e+00  4.53256831e+01  6.15960877e-01 
 4.58506003e+01  3.01690186e+00  4.58506003e+01  6.08766527e-01 
 4.63815965e+01  3.01691328e+00  4.63815965e+01  6.01652861e-01 
 4.69187422e+01  3.01692443e+00  4.69187422e+01  5.94618938e-01 
 4.74621085e+01  3.01693533e+00  4.74621085e+01  5.87663826e-01 
 4.80117676e+01  3.01694599e+00  4.80117676e+01  5.80786603e-01 
 4.85677923e+01  3.01695640e+00  4.85677923e+01  5.73986358e-01 
 4.91302564e+01  3.01696657e+00  4.91302564e+01  5.67262191e-01 
 4.96992343e+01  3.01697651e+00  4.96992343e+01  5.60613210e-01 
 5.02748016e+01  3.01698623e+00  5.02748016e+01  5.54038536e-01 
 5.08570345e+01  3.01699573e+00  5.08570345e+01  5.47537296e-01 
 5.14460103e+01  3.01700501e+00  5.14460103e+01  5.41108631e-01 
 5.20418070e+01  3.01701407e+00  5.20418070e+01  5.34751687e-01 
 5.26445036e+01  3.01702294e+00  5.26445036e+01  5.28465623e-01 
 5.32541801e+01  3.01703160e+00  5.32541801e+01  5.22249607e-01 
 5.38709172e+01  3.01704006e+00  5.38709172e+01  5.16102814e-01 
 5.44947968e+01  3.01704833e+00  5.44947968e+01  5.10024430e-01 
 5.51259015e+01  3.01705641e+00  5.51259015e+01  5.04013650e-01 
 5.57643151e+01  3.01706431e+00  5.57643151e+01  4.98069677e-01 
 5.64101221e+01  3.01707203e+00  5.64101221e+01  4.92191725e-01 
 5.70634082e+01  3.01707958e+00  5.70634082e+01  4.86379013e-01 
 5.77242601e+01  3.01708695e+00  5.77242601e+01  4.80630773e-01 
 5.83927652e+01  3.01709415e+00  5.83927652e+01  4.74946242e-01 
 5.90690124e+01  3.01710119e+00  5.90690124e+01  4.69324667e-01 
 5.97530911e+01  3.01710807e+00  5.97530911e+01  4.63765303e-01 
 6.04450922e+01  3.01711479e+00  6.04450922e+01  4.58267414e-01 
 6.11451073e+01  3.01712136e+00  6.11451073e+01  4.52830271e-01 
 6.18532294e+01  3.01712778e+00  6.18532294e+01  4.47453154e-01 
 6.25695522e+01  3.01713406e+00  6.25695522e+01  4.42135350e-01 
 6.32941707e+01  3.01714019e+00  6.32941707e+01  4.36876155e-01 
 6.40271811e+01  3.01714618e+00  6.40271811e+01  4.31674871e-01 
 6.47686804e+01  3.01715204e+00  6.47686804e+01  4.26530809e-01 
 6.55187671e+01  3.01715776e+00  6.55187671e+01  4.21443288e-01 
 6.62775405e+01  3.01716335e+00  6.62775405e+01  4.16411633e-01 
 6.70451013e+01  3.01716881e+00  6.70451013e+01  4.11435179e-01 
 6.78215512e+01  3.01717415e+00  6.78215512e+01  4.06513264e-01 
 6.86069932e+01  3.01717937e+00  6.86069932e+01  4.01645237e-01 
 6.94015314e+01  3.01718447e+00  6.94015314e+01  3.96830454e-01 
 7.02052711e+01  3.01718945e+00  7.02052711e+01  3.92068275e-01 
 7.10183190e+01  3.01719432e+00  7.10183190e+01  3.87358069e-01 
 7.18407828e+01  3.01719908e+00  7.18407828e+01  3.82699213e-01 
 7.26727715e+01  3.01720373e+00  7.26727715e+01  3.78091089e-01 
 7.35143955e+01  3.01720828e+00  7.35143955e+01  3.73533087e-01 
 7.43657664e+01  3.01721272e+00  7.43657664e+01  3.69024601e-01 
 7.52269970e+01  3.01721706e+00  7.52269970e+01  3.64565036e-01 
 7.60982015e+01  3.01722130e+00  7.60982015e+01  3.60153799e-01 
 7.69794955e+01  3.01722544e+00  7.69794955e+01  3.55790306e-01 
 7.78709957e+01  3.01722949e+00  7.78709957e+01  3.51473979e-01 
 7.87728204e+01  3.01723345e+00  7.87728204e+01  3.47204245e-01 
 7.96850891e+01  3.01723731e+00  7.96850891e+01  3.42980539e-01 
 8.06079229e+01  3.01724109e+00  8.06079229e+01  3.38802301e-01 
 8.15414439e+01  3.01724479e+00  8.15414439e+01  3.34668978e-01 
 8.24857761e+01  3.01724839e+00  8.24857761e+01  3.30580021e-01 
 8.34410446e+01  3.01725192e+00  8.34410446e+01  3.26534888e-01 
 8.44073761e+01  3.01725536e+00  8.44073761e+01  3.22533043e-01 
 8.53848987e+01  3.01725873e+00  8.53848987e+01  3.18573957e-01 
 8.63737419e+01  3.01726202e+00  8.63737419e+01  3.14657103e-01 
 8.73740370e+01  3.01726524e+00  8.73740370e+01  3.10781963e-01 
 8.83859165e+01  3.01726838e+00  8.83859165e+01  3.06948024e-01 
 8.94095146e+01  3.01727145e+00  8.94095146e+01  3.03154777e-01 
 9.04449670e+01  3.01727445e+00  9.04449670e+01  2.99401719e-01 
 9.14924110e+01  3.01727738e+00  9.14924110e+01  2.95688353e-01 
 9.25519854e+01  3.01728024e+00  9.25519854e+01  2.92014187e-01 
 9.36238307e+01  3.01728304e+00  9.36238307e+01  2.88378734e-01 
 9.47080892e+01  3.01728577e+00  9.47080892e+01  2.84781511e-01 
 9.58049044e+01  3.01728844e+00  9.58049044e+01  2.81222042e-01 
 9.69144218e+01  3.01729105e+00  9.69144218e+01  2.77699856e-01 
 9.80367886e+01  3.01729360e+00  9.80367886e+01  2.74214485e-01 
 9.91721535e+01  3.01729610e+00  9.91721535e+01  2.70765467e-01 
 1.00320667e+02  3.01729853e+00  1.00320667e+02  2.67352345e-01 
 1.01482482e+02  3.01730091e+00  1.01482482e+02  2.63974667e-01 
 1.02657751e+02  3.01730324e+00  1.02657751e+02  2.60631985e-01 
 1.03846632e+02  3.01730551e+00  1.03846632e+02  2.57323856e-01 
 1.05049280e+02  3.01730773e+00  1.05049280e+02  2.54049842e-01 
 1.06265857e+02  3.01730990e+00  1.06265857e+02  2.50809507e-01 
 1.07496523e+02  3.01731202e+00  1.07496523e+02  2.47602424e-01 
 1.08741441e+02  3.01731409e+00  1.08741441e+02  2.44428166e-01 
 1.10000777e+02  3.01731611e+00  1.10000777e+02  2.41286313e-01 
 1.11274697e+02  3.01731808e+00  1.11274697e+02  2.38176449e-01 
 1.12563370e+02  3.01732002e+00  1.12563370e+02  2.35098161e-01 
 1.13866967e+02  3.01732190e+00  1.13866967e+02  2.32051041e-01 
 1.15185661e+02  3.01732375e+00  1.15185661e+02  2.29034686e-01 
 1.16519628e+02  3.01732555e+00  1.16519628e+02  2.26048695e-01 
 1.17869043e+02  3.01732730e+00  1.17869043e+02  2.23092672e-01 
 1.19234085e+02  3.01732902e+00  1.19234085e+02  2.20166226e-01 
 1.20614936e+02  3.01733070e+00  1.20614936e+02  2.17268969e-01 
 1.22011779e+02  3.01733234e+00  1.22011779e+02  2.14400517e-01 
 1.23424798e+02  3.01733394e+00  1.23424798e+02  2.11560489e-01 
 1.24854182e+02  3.01733551e+00  1.24854182e+02  2.08748509e-01 
 1.26300119e+02  3.01733704e+00  1.26300119e+02  2.05964204e-01 
 1.27762802e+02  3.01733853e+00  1.27762802e+02  2.03207205e-01 
 1.29242424e+02  3.01733999e+00  1.29242424e+02  2.00477147e-01 
 1.30739182e+02  3.01734142e+00  1.30739182e+02  1.97773668e-01 
 1.32253273e+02  3.01734281e+00  1.32253273e+02  1.95096409e-01 
 1.33784900e+02  3.01734417e+00  1.33784900e+02  1.92445015e-01 
 1.35334264e+02  3.01734550e+00  1.35334264e+02  1.89819135e-01 
 1.36901571e+02  3.01734679e+00  1.36901571e+02  1.87218421e-01 
 1.38487029e+02  3.01734806e+00  1.38487029e+02  1.84642528e-01 
 1.40090849e+02  3.01734930e+00  1.40090849e+02  1.82091115e-01 
 1.41713242e+02  3.01735051e+00  1.41713242e+02  1.79563843e-01 
 1.43354425e+02  3.01735169e+00  1.43354425e+02  1.77060377e-01 
 1.45014614e+02  3.01735284e+00  1.45014614e+02  1.74580385e-01 
 1.46694029e+02  3.01735396e+00  1.46694029e+02  1.72123539e-01 
 1.48392894e+02  3.01735506e+00  1.48392894e+02  1.69689513e-01 
 1.50111433e+02  3.01735614e+00  1.50111433e+02  1.67277984e-01 
 1.51849875e+02  3.01735719e+00  1.51849875e+02  1.64888633e-01 
 1.53608450e+02  3.01735821e+00  1.53608450e+02  1.62521143e-01 
 1.55387391e+02  3.01735921e+00  1.55387391e+02  1.60175199e-01 
 1.57186933e+02  3.01736018e+00  1.57186933e+02  1.57850491e-01 
 1.59007317e+02  3.01736114e+00  1.59007317e+02  1.55546711e-01 
 1.60848782e+02  3.01736207e+00  1.60848782e+02  1.53263553e-01 
 1.62711573e+02  3.01736297e+00  1.62711573e+02  1.51000715e-01 
 1.64595937e+02  3.01736386e+00  1.64595937e+02  1.48757897e-01 
 1.66502124e+02  3.01736472e+00  1.66502124e+02  1.46534800e-01 
 1.68430387e+02  3.01736557e+00  1.68430387e+02  1.44331132e-01 
 1.70380981e+02  3.01736639e+00  1.70380981e+02  1.42146598e-01 
 1.72354164e+02  3.01736720e+00  1.72354164e+02  1.39980911e-01 
 1.74350199e+02  3.01736798e+00  1.74350199e+02  1.37833782e-01 
 1.76369351e+02  3.01736875e+00  1.76369351e+02  1.35704927e-01 
 1.78411886e+02  3.01736949e+00  1.78411886e+02  1.33594064e-01 
 1.80478075e+02  3.01737022e+00  1.80478075e+02  1.31500912e-01 
 1.82568193e+02  3.01737093e+00  1.82568193e+02  1.29425196e-01 
 1.84682517e+02  3.01737163e+00  1.84682517e+02  1.27366638e-01 
 1.86821327e+02  3.01737230e+00  1.86821327e+02  1.25324967e-01 
 1.88984907e+02  3.01737296e+00  1.88984907e+02  1.23299911e-01 
 1.91173543e+02  3.01737361e+00  1.91173543e+02  1.21291203e-01 
 1.93387525e+02  3.01737423e+00  1.93387525e+02  1.19298575e-01 
 1.95627148e+02  3.01737485e+00  1.95627148e+02  1.17321765e-01 
 1.97892707e+02  3.01737544e+00  1.97892707e+02  1.15360508e-01 
 2.00184505e+02  3.01737602e+00  2.00184505e+02  1.13414547e-01 
 2.02502843e+02  3.01737659e+00  2.02502843e+02  1.11483622e-01 
 2.04848030e+02  3.01737714e+00  2.04848030e+02  1.09567477e-01 
 2.07220377e+02  3.01737768e+00  2.07220377e+02  1.07665860e-01 
 2.09620198e+02  3.01737820e+00  2.09620198e+02  1.05778516e-01 
 2.12047812e+02  3.01737871e+00  2.12047812e+02  1.03905197e-01 
 2.14503539e+02  3.01737921e+00  2.14503539e+02  1.02045654e-01 
 2.16987707e+02  3.01737970e+00  2.16987707e+02  1.00199640e-01 
 2.19500643e+02  3.01738017e+00  2.19500643e+02  9.83669104e-02 
 2.22042682e+02  3.01738063e+00  2.22042682e+02  9.65472227e-02 
 2.24614160e+02  3.01738107e+00  2.24614160e+02  9.47403353e-02 
 2.27215419e+02  3.01738151e+00  2.27215419e+02  9.29460088e-02 
 2.29846803e+02  3.01738193e+00  2.29846803e+02  9.11640052e-02 
 2.32508661e+02  3.01738234e+00  2.32508661e+02  8.93940882e-02 
 2.35201345e+02  3.01738274e+00  2.35201345e+02  8.76360233e-02 
 2.37925214e+02  3.01738313e+00  2.37925214e+02  8.58895772e-02 
 2.40680628e+02  3.01738351e+00  2.40680628e+02  8.41545186e-02 
 2.43467953e+02  3.01738387e+00  2.43467953e+02  8.24306173e-02 
 2.46287557e+02  3.01738423e+00  2.46287557e+02  8.07176449e-02 
 2.49139816e+02  3.01738458e+00  2.49139816e+02  7.90153741e-02 
 2.52025106e+02  3.01738491e+00  2.52025106e+02  7.73235793e-02 
 2.54943811e+02  3.01738524e+00  2.54943811e+02  7.56420362e-02 
 2.57896318e+02  3.01738555e+00  2.57896318e+02  7.39705219e-02 
 2.60883017e+02  3.01738586e+00  2.60883017e+02  7.23088148e-02 
 2.63904306e+02  3.01738616e+00  2.63904306e+02  7.06566945e-02 
 2.66960584e+02  3.01738644e+00  2.66960584e+02  6.90139420e-02 
 2.70052257e+02  3.01738672e+00  2.70052257e+02  6.73803395e-02 
 2.73179734e+02  3.01738699e+00  2.73179734e+02  6.57556705e-02 
 2.76343431e+02  3.01738725e+00  2.76343431e+02  6.41397195e-02 
 2.79543767e+02  3.01738750e+00  2.79543767e+02  6.25322722e-02 
 2.82781166e+02  3.01738775e+00  2.82781166e+02  6.09331157e-02 
 2.86056057e+02  3.01738798e+00  2.86056057e+02  5.93420378e-02 
 2.89368875e+02  3.01738821e+00  2.89368875e+02  5.77588276e-02 
 2.92720058e+02  3.01738842e+00  2.92720058e+02  5.61832752e-02 
 2.96110052e+02  3.01738863e+00  2.96110052e+02  5.46151717e-02 
 2.99539305e+02  3.01738883e+00  2.99539305e+02  5.30543092e-02 
 3.03008272e+02  3.01738903e+00  3.03008272e+02  5.15004808e-02 
 3.06517414e+02  3.01738921e+00  3.06517414e+02  4.99534805e-02 
 3.10067195e+02  3.01738939e+00  3.10067195e+02  4.84131031e-02 
 3.13658086e+02  3.01738956e+00  3.13658086e+02  4.68791444e-02 
 3.17290563e+02  3.01738972e+00  3.17290563e+02  4.53514011e-02 
 3.20965108e+02  3.01738988e+00  3.20965108e+02  4.38296706e-02 
 3.24682207e+02  3.01739003e+00  3.24682207e+02  4.23137512e-02 
 3.28442355e+02  3.01739017e+00  3.28442355e+02  4.08034418e-02 
 3.32246049e+02  3.01739030e+00  3.32246049e+02  3.92985423e-02 
 3.36093793e+02  3.01739043e+00  3.36093793e+02  3.77988531e-02 
 3.39986099e+02  3.01739055e+00  3.39986099e+02  3.63041754e-02 
 3.43923481e+02  3.01739066e+00  3.43923481e+02  3.48143109e-02 
 3.47906461e+02  3.01739076e+00  3.47906461e+02  3.33290623e-02 
 3.51935569e+02  3.01739086e+00  3.51935569e+02  3.18482325e-02 
 3.56011338e+02  3.01739095e+00  3.56011338e+02  3.03716253e-02 
 3.60134309e+02  3.01739104e+00  3.60134309e+02  2.88990448e-02 
 3.64305027e+02  3.01739111e+00  3.64305027e+02  2.74302958e-02 
 3.68524047e+02  3.01739118e+00  3.68524047e+02  2.59651837e-02 
 3.72791927e+02  3.01739125e+00  3.72791927e+02  2.45035141e-02 
 3.77109234e+02  3.01739131e+00  3.77109234e+02  2.30450932e-02 
 3.81476539e+02  3.01739136e+00  3.81476539e+02  2.15897278e-02 
 3.85894423e+02  3.01739140e+00  3.85894423e+02  2.01372247e-02 
 3.90363469e+02  3.01739144e+00  3.90363469e+02  1.86873916e-02 
 3.94884272e+02  3.01739147e+00  3.94884272e+02  1.72400361e-02 
 3.99457430e+02  3.01739149e+00  3.99457430e+02  1.57949663e-02 
 4.04083550e+02  3.01739151e+00  4.04083550e+02  1.43519907e-02 
 4.08763246e+02  3.01739152e+00  4.08763246e+02  1.29109180e-02 
 4.13497136e+02  3.01739153e+00  4.13497136e+02  1.14715570e-02 
 4.18285850e+02  3.01739153e+00  4.18285850e+02  1.00337170e-02 
 4.23130023e+02  3.01739152e+00  4.23130023e+02  8.59720737e-03 
 4.28030295e+02  3.01739150e+00  4.28030295e+02  7.16183756e-03 
 4.32987318e+02  3.01739148e+00  4.32987318e+02  5.72741731e-03 
 4.38001748e+02  3.01739146e+00  4.38001748e+02  4.29375645e-03 
 4.43074250e+02  3.01739142e+00  4.43074250e+02  2.86066490e-03 
 4.48205497e+02  3.01739138e+00  4.48205497e+02  1.42795265e-03 
 4.53396168e+02  3.01739133e+00  4.53396168e+02 -4.57024221e-06 
 4.58646954e+02  3.01739128e+00  4.58646954e+02 -1.43709371e-03 
 4.63958548e+02  3.01739122e+00  4.63958548e+02 -2.86980768e-03 
 4.69331656e+02  3.01739115e+00  4.69331656e+02 -4.30290209e-03 
 4.74766990e+02  3.01739108e+00  4.74766990e+02 -5.73656696e-03 
 4.80265271e+02  3.01739100e+00  4.80265271e+02 -7.17099237e-03 
 4.85827227e+02  3.01739091e+00  4.85827227e+02 -8.60636848e-03 
 4.91453597e+02  3.01739082e+00  4.91453597e+02 -1.00428856e-02 
 4.97145125e+02  3.01739071e+00  4.97145125e+02 -1.14807342e-02 
 5.02902567e+02  3.01739061e+00  5.02902567e+02 -1.29201049e-02 
 5.08726686e+02  3.01739049e+00  5.08726686e+02 -1.43611885e-02 
 5.14618255e+02  3.01739037e+00  5.14618255e+02 -1.58041762e-02 
 5.20578053e+02  3.01739024e+00  5.20578053e+02 -1.72492591e-02 
 5.26606872e+02  3.01739010e+00  5.26606872e+02 -1.86966290e-02 
 5.32705511e+02  3.01738996e+00  5.32705511e+02 -2.01464776e-02 
 5.38874778e+02  3.01738981e+00  5.38874778e+02 -2.15989973e-02 
 5.45115492e+02  3.01738965e+00  5.45115492e+02 -2.30543805e-02 
 5.51428479e+02  3.01738948e+00  5.51428479e+02 -2.45128203e-02 
 5.57814577e+02  3.01738931e+00  5.57814577e+02 -2.59745100e-02 
 5.64274633e+02  3.01738913e+00  5.64274633e+02 -2.74396435e-02 
 5.70809503e+02  3.01738894e+00  5.70809503e+02 -2.89084149e-02 
 5.77420053e+02  3.01738874e+00  5.77420053e+02 -3.03810189e-02 
 5.84107159e+02  3.01738854e+00  5.84107159e+02 -3.18576509e-02 
 5.90871709e+02  3.01738832e+00  5.90871709e+02 -3.33385066e-02 
 5.97714600e+02  3.01738810e+00  5.97714600e+02 -3.48237823e-02 
 6.04636738e+02  3.01738787e+00  6.04636738e+02 -3.63136750e-02 
 6.11639042e+02  3.01738763e+00  6.11639042e+02 -3.78083821e-02 
 6.18722439e+02  3.01738739e+00  6.18722439e+02 -3.93081019e-02 
 6.25887869e+02  3.01738713e+00  6.25887869e+02 -4.08130332e-02 
 6.33136282e+02  3.01738687e+00  6.33136282e+02 -4.23233755e-02 
 6.40468639e+02  3.01738659e+00  6.40468639e+02 -4.38393290e-02 
 6.47885912e+02  3.01738631e+00  6.47885912e+02 -4.53610947e-02 
 6.55389084e+02  3.01738602e+00  6.55389084e+02 -4.68888745e-02 
 6.62979151e+02  3.01738572e+00  6.62979151e+02 -4.84228707e-02 
 6.70657118e+02  3.01738541e+00  6.70657118e+02 -4.99632869e-02 
 6.78424004e+02  3.01738509e+00  6.78424004e+02 -5.15103272e-02 
 6.86280839e+02  3.01738476e+00  6.86280839e+02 -5.30641968e-02 
 6.94228663e+02  3.01738442e+00  6.94228663e+02 -5.46251016e-02 
 7.02268532e+02  3.01738407e+00  7.02268532e+02 -5.61932487e-02 
 7.10401510e+02  3.01738371e+00  7.10401510e+02 -5.77688458e-02 
 7.18628676e+02  3.01738333e+00  7.18628676e+02 -5.93521019e-02 
 7.26951121e+02  3.01738295e+00  7.26951121e+02 -6.09432269e-02 
 7.35369948e+02  3.01738256e+00  7.35369948e+02 -6.25424318e-02 
 7.43886274e+02  3.01738215e+00  7.43886274e+02 -6.41499285e-02 
 7.52501228e+02  3.01738174e+00  7.52501228e+02 -6.57659302e-02 
 7.61215951e+02  3.01738131e+00  7.61215951e+02 -6.73906512e-02 
 7.70031600e+02  3.01738087e+00  7.70031600e+02 -6.90243068e-02 
 7.78949343e+02  3.01738042e+00  7.78949343e+02 -7.06671136e-02 
 7.87970362e+02  3.01737995e+00  7.87970362e+02 -7.23192894e-02 
 7.97095854e+02  3.01737947e+00  7.97095854e+02 -7.39810533e-02 
 8.06327028e+02  3.01737898e+00  8.06327028e+02 -7.56526255e-02 
 8.15665108e+02  3.01737848e+00  8.15665108e+02 -7.73342277e-02 
 8.25111333e+02  3.01737796e+00  8.25111333e+02 -7.90260829e-02 
 8.34666955e+02  3.01737743e+00  8.34666955e+02 -8.07284152e-02 
 8.44333240e+02  3.01737689e+00  8.44333240e+02 -8.24414505e-02 
 8.54111471e+02  3.01737633e+00  8.54111471e+02 -8.41654157e-02 
 8.64002944e+02  3.01737575e+00  8.64002944e+02 -8.59005396e-02 
 8.74008970e+02  3.01737517e+00  8.74008970e+02 -8.76470520e-02 
 8.84130875e+02  3.01737456e+00  8.84130875e+02 -8.94051846e-02 
 8.94370003e+02  3.01737394e+00  8.94370003e+02 -9.11751705e-02 
 9.04727710e+02  3.01737331e+00  9.04727710e+02 -9.29572442e-02 
 9.15205369e+02  3.01737266e+00  9.15205369e+02 -9.47516420e-02 
 9.25804371e+02  3.01737199e+00  9.25804371e+02 -9.65586019e-02 
 9.36526119e+02  3.01737131e+00  9.36526119e+02 -9.83783634e-02 
 9.47372037e+02  3.01737060e+00  9.47372037e+02 -1.00211168e-01 
 9.58343561e+02  3.01736989e+00  9.58343561e+02 -1.02057258e-01 
 9.69442146e+02  3.01736915e+00  9.69442146e+02 -1.03916879e-01 
 9.80669264e+02  3.01736839e+00  9.80669264e+02 -1.05790276e-01 
 9.92026404e+02  3.01736762e+00  9.92026404e+02 -1.07677700e-01 
 1.00351507e+03  3.01736682e+00  1.00351507e+03 -1.09579398e-01 
 1.01513679e+03  3.01736601e+00  1.01513679e+03 -1.11495625e-01 
 1.02689310e+03  3.01736518e+00  1.02689310e+03 -1.13426634e-01 
 1.03878555e+03  3.01736432e+00  1.03878555e+03 -1.15372680e-01 
 1.05081574e+03  3.01736345e+00  1.05081574e+03 -1.17334022e-01 
 1.06298524e+03  3.01736255e+00  1.06298524e+03 -1.19310920e-01 
 1.07529569e+03  3.01736164e+00  1.07529569e+03 -1.21303636e-01 
 1.08774869e+03  3.01736069e+00  1.08774869e+03 -1.23312434e-01 
 1.10034592e+03  3.01735973e+00  1.10034592e+03 -1.25337580e-01 
 1.11308904e+03  3.01735875e+00  1.11308904e+03 -1.27379343e-01 
 1.12597973e+03  3.01735773e+00  1.12597973e+03 -1.29437994e-01 
 1.13901971e+03  3.01735670e+00  1.13901971e+03 -1.31513805e-01 
 1.15221071e+03  3.01735564e+00  1.15221071e+03 -1.33607052e-01 
 1.16555447e+03  3.01735455e+00  1.16555447e+03 -1.35718011e-01 
 1.17905277e+03  3.01735344e+00  1.17905277e+03 -1.37846964e-01 
 1.19270739e+03  3.01735230e+00  1.19270739e+03 -1.39994192e-01 
 1.20652015e+03  3.01735114e+00  1.20652015e+03 -1.42159979e-01 
 1.22049287e+03  3.01734995e+00  1.22049287e+03 -1.44344614e-01 
 1.23462740e+03  3.01734872e+00  1.23462740e+03 -1.46548385e-01 
 1.24892564e+03  3.01734747e+00  1.24892564e+03 -1.48771585e-01 
 1.26338945e+03  3.01734619e+00  1.26338945e+03 -1.51014508e-01 
 1.27802078e+03  3.01734488e+00  1.27802078e+03 -1.53277452e-01 
 1.29282155e+03  3.01734354e+00  1.29282155e+03 -1.55560716e-01 
 1.30779373e+03  3.01734216e+00  1.30779373e+03 -1.57864604e-01 
 1.32293930e+03  3.01734075e+00  1.32293930e+03 -1.60189421e-01 
 1.33826027e+03  3.01733931e+00  1.33826027e+03 -1.62535474e-01 
 1.35375867e+03  3.01733784e+00  1.35375867e+03 -1.64903076e-01 
 1.36943656e+03  3.01733633e+00  1.36943656e+03 -1.67292539e-01 
 1.38529602e+03  3.01733478e+00  1.38529602e+03 -1.69704181e-01 
 1.40133915e+03  3.01733320e+00  1.40133915e+03 -1.72138321e-01 
 1.41756807e+03  3.01733158e+00  1.41756807e+03 -1.74595282e-01 
 1.43398494e+03  3.01732992e+00  1.43398494e+03 -1.77075389e-01 
 1.45059193e+03  3.01732822e+00  1.45059193e+03 -1.79578972e-01 
 1.46739125e+03  3.01732648e+00  1.46739125e+03 -1.82106361e-01 
 1.48438512e+03  3.01732471e+00  1.48438512e+03 -1.84657893e-01 
 1.50157580e+03  3.01732289e+00  1.50157580e+03 -1.87233906e-01 
 1.51896556e+03  3.01732102e+00  1.51896556e+03 -1.89834740e-01 
 1.53655671e+03  3.01731911e+00  1.53655671e+03 -1.92460741e-01 
 1.55435159e+03  3.01731716e+00  1.55435159e+03 -1.95112256e-01 
 1.57235255e+03  3.01731516e+00  1.57235255e+03 -1.97789638e-01 
 1.59056198e+03  3.01731312e+00  1.59056198e+03 -2.00493240e-01 
 1.60898229e+03  3.01731102e+00  1.60898229e+03 -2.03223422e-01 
 1.62761593e+03  3.01730888e+00  1.62761593e+03 -2.05980545e-01 
 1.64646536e+03  3.01730669e+00  1.64646536e+03 -2.08764975e-01 
 1.66553309e+03  3.01730444e+00  1.66553309e+03 -2.11577081e-01 
 1.68482165e+03  3.01730215e+00  1.68482165e+03 -2.14417235e-01 
 1.70433358e+03  3.01729980e+00  1.70433358e+03 -2.17285814e-01 
 1.72407148e+03  3.01729739e+00  1.72407148e+03 -2.20183198e-01 
 1.74403797e+03  3.01729493e+00  1.74403797e+03 -2.23109771e-01 
 1.76423569e+03  3.01729241e+00  1.76423569e+03 -2.26065921e-01 
 1.78466732e+03  3.01728983e+00  1.78466732e+03 -2.29052040e-01 
 1.80533557e+03  3.01728719e+00  1.80533557e+03 -2.32068524e-01 
 1.82624317e+03  3.01728449e+00  1.82624317e+03 -2.35115772e-01 
 1.84739291e+03  3.01728172e+00  1.84739291e+03 -2.38194189e-01 
 1.86878759e+03  3.01727889e+00  1.86878759e+03 -2.41304181e-01 
 1.89043003e+03  3.01727600e+00  1.89043003e+03 -2.44446162e-01 
 1.91232312e+03  3.01727303e+00  1.91232312e+03 -2.47620548e-01 
 1.93446975e+03  3.01727000e+00  1.93446975e+03 -2.50827760e-01 
 1.95687286e+03  3.01726689e+00  1.95687286e+03 -2.54068222e-01 
 1.97953542e+03  3.01726372e+00  1.97953542e+03 -2.57342364e-01 
 2.00246044e+03  3.01726047e+00  2.00246044e+03 -2.60650620e-01 
 2.02565095e+03  3.01725714e+00  2.02565095e+03 -2.63993429e-01 
 2.04911003e+03  3.01725373e+00  2.04911003e+03 -2.67371232e-01 
 2.07284080e+03  3.01725025e+00  2.07284080e+03 -2.70784479e-01 
 2.09684638e+03  3.01724668e+00  2.09684638e+03 -2.74233622e-01 
 2.12112998e+03  3.01724304e+00  2.12112998e+03 -2.77719116e-01 
 2.14569480e+03  3.01723930e+00  2.14569480e+03 -2.81241425e-01 
 2.17054412e+03  3.01723548e+00  2.17054412e+03 -2.84801016e-01 
 2.19568121e+03  3.01723157e+00  2.19568121e+03 -2.88398358e-01 
 2.22110941e+03  3.01722757e+00  2.22110941e+03 -2.92033931e-01 
 2.24683210e+03  3.01722347e+00  2.24683210e+03 -2.95708214e-01 
 2.27285268e+03  3.01721928e+00  2.27285268e+03 -2.99421696e-01 
 2.29917461e+03  3.01721499e+00  2.29917461e+03 -3.03174868e-01 
 2.32580137e+03  3.01721060e+00  2.32580137e+03 -3.06968227e-01 
 2.35273649e+03  3.01720611e+00  2.35273649e+03 -3.10802276e-01 
 2.37998356e+03  3.01720151e+00  2.37998356e+03 -3.14677524e-01 
 2.40754617e+03  3.01719681e+00  2.40754617e+03 -3.18594483e-01 
 2.43542798e+03  3.01719200e+00  2.43542798e+03 -3.22553673e-01 
 2.46363269e+03  3.01718707e+00  2.46363269e+03 -3.26555617e-01 
 2.49216405e+03  3.01718203e+00  2.49216405e+03 -3.30600848e-01 
 2.52102582e+03  3.01717687e+00  2.52102582e+03 -3.34689899e-01 
 2.55022184e+03  3.01717159e+00  2.55022184e+03 -3.38823314e-01 
 2.57975598e+03  3.01716619e+00  2.57975598e+03 -3.43001639e-01 
 2.60963216e+03  3.01716066e+00  2.60963216e+03 -3.47225428e-01 
 2.63985434e+03  3.01715500e+00  2.63985434e+03 -3.51495242e-01 
 2.67042651e+03  3.01714922e+00  2.67042651e+03 -3.55811645e-01 
 2.70135274e+03  3.01714329e+00  2.70135274e+03 -3.60175209e-01 
 2.73263713e+03  3.01713723e+00  2.73263713e+03 -3.64586512e-01 
 2.76428383e+03  3.01713103e+00  2.76428383e+03 -3.69046139e-01 
 2.79629703e+03  3.01712468e+00  2.79629703e+03 -3.73554681e-01 
 2.82868097e+03  3.01711818e+00  2.82868097e+03 -3.78112735e-01 
 2.86143995e+03  3.01711154e+00  2.86143995e+03 -3.82720904e-01 
 2.89457831e+03  3.01710473e+00  2.89457831e+03 -3.87379799e-01 
 2.92810044e+03  3.01709777e+00  2.92810044e+03 -3.92090036e-01 
 2.96201080e+03  3.01709065e+00  2.96201080e+03 -3.96852241e-01 
 2.99631387e+03  3.01708336e+00  2.99631387e+03 -4.01667044e-01 
 3.03101421e+03  3.01707590e+00  3.03101421e+03 -4.06535081e-01 
 3.06611641e+03  3.01706827e+00  3.06611641e+03 -4.11456999e-01 
 3.10162514e+03  3.01706046e+00  3.10162514e+03 -4.16433449e-01 
 3.13754508e+03  3.01705246e+00  3.13754508e+03 -4.21465090e-01 
 3.17388102e+03  3.01704428e+00  3.17388102e+03 -4.26552588e-01 
 3.21063777e+03  3.01703591e+00  3.21063777e+03 -4.31696618e-01 
 3.24782019e+03  3.01702735e+00  3.24782019e+03 -4.36897859e-01 
 3.28543323e+03  3.01701859e+00  3.28543323e+03 -4.42157002e-01 
 3.32348186e+03  3.01700962e+00  3.32348186e+03 -4.47474743e-01 
 3.36197113e+03  3.01700044e+00  3.36197113e+03 -4.52851785e-01 
 3.40090615e+03  3.01699105e+00  3.40090615e+03 -4.58288840e-01 
 3.44029207e+03  3.01698144e+00  3.44029207e+03 -4.63786629e-01 
 3.48013412e+03  3.01697160e+00  3.48013412e+03 -4.69345880e-01 
 3.52043759e+03  3.01696154e+00  3.52043759e+03 -4.74967328e-01 
 3.56120781e+03  3.01695124e+00  3.56120781e+03 -4.80651718e-01 
 3.60245019e+03  3.01694070e+00  3.60245019e+03 -4.86399803e-01 
 3.64417019e+03  3.01692992e+00  3.64417019e+03 -4.92212342e-01 
 3.68637336e+03  3.01691888e+00  3.68637336e+03 -4.98090107e-01 
 3.72906528e+03  3.01690759e+00  3.72906528e+03 -5.04033874e-01 
 3.77225162e+03  3.01689604e+00  3.77225162e+03 -5.10044431e-01 
 3.81593810e+03  3.01688421e+00  3.81593810e+03 -5.16122573e-01 
 3.86013052e+03  3.01687211e+00  3.86013052e+03 -5.22269104e-01 
 3.90483472e+03  3.01685973e+00  3.90483472e+03 -5.28484839e-01 
 3.95005665e+03  3.01684706e+00  3.95005665e+03 -5.34770600e-01 
 3.99580229e+03  3.01683410e+00  3.99580229e+03 -5.41127219e-01 
 4.04207771e+03  3.01682083e+00  4.04207771e+03 -5.47555536e-01 
 4.08888905e+03  3.01680725e+00  4.08888905e+03 -5.54056403e-01 
 4.13624251e+03  3.01679336e+00  4.13624251e+03 -5.60630681e-01 
 4.18414437e+03  3.01677915e+00  4.18414437e+03 -5.67279238e-01 
 4.23260098e+03  3.01676460e+00  4.23260098e+03 -5.74002954e-01 
 4.28161877e+03  3.01674971e+00  4.28161877e+03 -5.80802720e-01 
 4.33120424e+03  3.01673448e+00  4.33120424e+03 -5.87679434e-01 
 4.38136395e+03  3.01671889e+00  4.38136395e+03 -5.94634007e-01 
 4.43210457e+03  3.01670294e+00  4.43210457e+03 -6.01667359e-01 
 4.48343281e+03  3.01668662e+00  4.48343281e+03 -6.08780419e-01 
 4.53535548e+03  3.01666992e+00  4.53535548e+03 -6.15974129e-01 
 4.58787948e+03  3.01665283e+00  4.58787948e+03 -6.23249441e-01 
 4.64101175e+03  3.01663534e+00  4.64101175e+03 -6.30607316e-01 
 4.69475935e+03  3.01661744e+00  4.69475935e+03 -6.38048727e-01 
 4.74912940e+03  3.01659913e+00  4.74912940e+03 -6.45574659e-01 
 4.80412911e+03  3.01658039e+00  4.80412911e+03 -6.53186108e-01 
 4.85976577e+03  3.01656121e+00  4.85976577e+03 -6.60884078e-01 
 4.91604676e+03  3.01654159e+00  4.91604676e+03 -6.68669589e-01 
 4.97297954e+03  3.01652151e+00  4.97297954e+03 -6.76543669e-01 
 5.03057166e+03  3.01650096e+00  5.03057166e+03 -6.84507359e-01 
 5.08883076e+03  3.01647993e+00  5.08883076e+03 -6.92561713e-01 
 5.14776455e+03  3.01645842e+00  5.14776455e+03 -7.00707795e-01 
 5.20738086e+03  3.01643640e+00  5.20738086e+03 -7.08946681e-01 
 5.26768758e+03  3.01641387e+00  5.26768758e+03 -7.17279461e-01 
 5.32869272e+03  3.01639082e+00  5.32869272e+03 -7.25707235e-01 
 5.39040436e+03  3.01636723e+00  5.39040436e+03 -7.34231118e-01 
 5.45283068e+03  3.01634309e+00  5.45283068e+03 -7.42852235e-01 
 5.51597996e+03  3.01631838e+00  5.51597996e+03 -7.51571726e-01 
 5.57986057e+03  3.01629311e+00  5.57986057e+03 -7.60390743e-01 
 5.64448099e+03  3.01626724e+00  5.64448099e+03 -7.69310451e-01 
 5.70984977e+03  3.01624077e+00  5.70984977e+03 -7.78332027e-01 
 5.77597559e+03  3.01621369e+00  5.77597559e+03 -7.87456665e-01 
 5.84286722e+03  3.01618597e+00  5.84286722e+03 -7.96685567e-01 
 5.91053351e+03  3.01615761e+00  5.91053351e+03 -8.06019954e-01 
 5.97898345e+03  3.01612859e+00  5.97898345e+03 -8.15461058e-01 
 6.04822611e+03  3.01609889e+00  6.04822611e+03 -8.25010125e-01 
 6.11827067e+03  3.01606850e+00  6.11827067e+03 -8.34668417e-01 
 6.18912642e+03  3.01603741e+00  6.18912642e+03 -8.44437207e-01 
 6.26080275e+03  3.01600559e+00  6.26080275e+03 -8.54317785e-01 
 6.33330916e+03  3.01597303e+00  6.33330916e+03 -8.64311456e-01 
 6.40665527e+03  3.01593971e+00  6.40665527e+03 -8.74419539e-01 
 6.48085080e+03  3.01590562e+00  6.48085080e+03 -8.84643366e-01 
 6.55590559e+03  3.01587073e+00  6.55590559e+03 -8.94984286e-01 
 6.63182959e+03  3.01583503e+00  6.63182959e+03 -9.05443665e-01 
 6.70863287e+03  3.01579850e+00  6.70863287e+03 -9.16022882e-01 
 6.78632561e+03  3.01576112e+00  6.78632561e+03 -9.26723331e-01 
 6.86491811e+03  3.01572286e+00  6.86491811e+03 -9.37546424e-01 
 6.94442078e+03  3.01568372e+00  6.94442078e+03 -9.48493588e-01 
 7.02484418e+03  3.01564367e+00  7.02484418e+03 -9.59566267e-01 
 7.10619897e+03  3.01560268e+00  7.10619897e+03 -9.70765919e-01 
 7.18849592e+03  3.01556074e+00  7.18849592e+03 -9.82094021e-01 
 7.27174595e+03  3.01551783e+00  7.27174595e+03 -9.93552066e-01 
 7.35596011e+03  3.01547391e+00  7.35596011e+03 -1.00514156e+00 
 7.44114955e+03  3.01542898e+00  7.44114955e+03 -1.01686404e+00 
 7.52732557e+03  3.01538300e+00  7.52732557e+03 -1.02872104e+00 
 7.61449959e+03  3.01533594e+00  7.61449959e+03 -1.04071413e+00 
 7.70268318e+03  3.01528780e+00  7.70268318e+03 -1.05284488e+00 
 7.79188802e+03  3.01523853e+00  7.79188802e+03 -1.06511489e+00 
 7.88212595e+03  3.01518811e+00  7.88212595e+03 -1.07752578e+00 
 7.97340892e+03  3.01513653e+00  7.97340892e+03 -1.09007918e+00 
 8.06574904e+03  3.01508374e+00  8.06574904e+03 -1.10277674e+00 
 8.15915855e+03  3.01502972e+00  8.15915855e+03 -1.11562014e+00 
 8.25364983e+03  3.01497445e+00  8.25364983e+03 -1.12861105e+00 
 8.34923543e+03  3.01491789e+00  8.34923543e+03 -1.14175120e+00 
 8.44592800e+03  3.01486001e+00  8.44592800e+03 -1.15504231e+00 
 8.54374036e+03  3.01480079e+00  8.54374036e+03 -1.16848613e+00 
 8.64268550e+03  3.01474019e+00  8.64268550e+03 -1.18208442e+00 
 8.74277651e+03  3.01467818e+00  8.74277651e+03 -1.19583897e+00 
 8.84402669e+03  3.01461473e+00  8.84402669e+03 -1.20975159e+00 
 8.94644944e+03  3.01454980e+00  8.94644944e+03 -1.22382411e+00 
 9.05005835e+03  3.01448336e+00  9.05005835e+03 -1.23805837e+00 
 9.15486716e+03  3.01441538e+00  9.15486716e+03 -1.25245624e+00 
 9.26088975e+03  3.01434581e+00  9.26088975e+03 -1.26701962e+00 
 9.36814020e+03  3.01427463e+00  9.36814020e+03 -1.28175042e+00 
 9.47663271e+03  3.01420179e+00  9.47663271e+03 -1.29665056e+00 
 9.58638168e+03  3.01412725e+00  9.58638168e+03 -1.31172201e+00 
 9.69740165e+03  3.01405099e+00  9.69740165e+03 -1.32696674e+00 
 9.80970735e+03  3.01397295e+00  9.80970735e+03 -1.34238674e+00 
 9.92331366e+03  3.01389309e+00  9.92331366e+03 -1.35798405e+00 
 1.00382356e+04  3.01381138e+00  1.00382356e+04 -1.37376070e+00 
 1.01544885e+04  3.01372776e+00  1.01544885e+04 -1.38971877e+00 
 1.02720878e+04  3.01364220e+00  1.02720878e+04 -1.40586033e+00 
 1.03910489e+04  3.01355466e+00  1.03910489e+04 -1.42218752e+00 
 1.05113877e+04  3.01346507e+00  1.05113877e+04 -1.43870245e+00 
 1.06331202e+04  3.01337341e+00  1.06331202e+04 -1.45540730e+00 
 1.07562625e+04  3.01327961e+00  1.07562625e+04 -1.47230425e+00 
 1.08808308e+04  3.01318363e+00  1.08808308e+04 -1.48939551e+00 
 1.10068418e+04  3.01308542e+00  1.10068418e+04 -1.50668331e+00 
 1.11343122e+04  3.01298493e+00  1.11343122e+04 -1.52416992e+00 
 1.12632587e+04  3.01288210e+00  1.12632587e+04 -1.54185762e+00 
 1.13936986e+04  3.01277689e+00  1.13936986e+04 -1.55974872e+00 
 1.15256492e+04  3.01266922e+00  1.15256492e+04 -1.57784555e+00 
 1.16591278e+04  3.01255906e+00  1.16591278e+04 -1.59615048e+00 
 1.17941523e+04  3.01244633e+00  1.17941523e+04 -1.61466590e+00 
 1.19307404e+04  3.01233098e+00  1.19307404e+04 -1.63339422e+00 
 1.20689105e+04  3.01221296e+00  1.20689105e+04 -1.65233788e+00 
 1.22086806e+04  3.01209219e+00  1.22086806e+04 -1.67149935e+00 
 1.23500695e+04  3.01196861e+00  1.23500695e+04 -1.69088113e+00 
 1.24930957e+04  3.01184217e+00  1.24930957e+04 -1.71048574e+00 
 1.26377784e+04  3.01171279e+00  1.26377784e+04 -1.73031574e+00 
 1.27841366e+04  3.01158040e+00  1.27841366e+04 -1.75037370e+00 
 1.29321898e+04  3.01144493e+00  1.29321898e+04 -1.77066224e+00 
 1.30819576e+04  3.01130632e+00  1.30819576e+04 -1.79118398e+00 
 1.32334599e+04  3.01116449e+00  1.32334599e+04 -1.81194160e+00 
 1.33867167e+04  3.01101937e+00  1.33867167e+04 -1.83293779e+00 
 1.35417484e+04  3.01087087e+00  1.35417484e+04 -1.85417528e+00 
 1.36985755e+04  3.01071893e+00  1.36985755e+04 -1.87565682e+00 
 1.38572188e+04  3.01056346e+00  1.38572188e+04 -1.89738520e+00 
 1.40176994e+04  3.01040438e+00  1.40176994e+04 -1.91936324e+00 
 1.41800385e+04  3.01024161e+00  1.41800385e+04 -1.94159378e+00 
 1.43442576e+04  3.01007506e+00  1.43442576e+04 -1.96407970e+00 
 1.45103786e+04  3.00990464e+00  1.45103786e+04 -1.98682391e+00 
 1.46784234e+04  3.00973027e+00  1.46784234e+04 -2.00982935e+00 
 1.48484144e+04  3.00955185e+00  1.48484144e+04 -2.03309900e+00 
 1.50203740e+04  3.00936929e+00  1.50203740e+04 -2.05663586e+00 
 1.51943251e+04  3.00918250e+00  1.51943251e+04 -2.08044297e+00 
 1.53702907e+04  3.00899137e+00  1.53702907e+04 -2.10452340e+00 
 1.55482942e+04  3.00879581e+00  1.55482942e+04 -2.12888025e+00 
 1.57283591e+04  3.00859571e+00  1.57283591e+04 -2.15351667e+00 
 1.59105094e+04  3.00839097e+00  1.59105094e+04 -2.17843583e+00 
 1.60947691e+04  3.00818148e+00  1.60947691e+04 -2.20364093e+00 
 1.62811628e+04  3.00796713e+00  1.62811628e+04 -2.22913521e+00 
 1.64697151e+04  3.00774782e+00  1.64697151e+04 -2.25492195e+00 
 1.66604510e+04  3.00752341e+00  1.66604510e+04 -2.28100447e+00 
 1.68533958e+04  3.00729381e+00  1.68533958e+04 -2.30738610e+00 
 1.70485751e+04  3.00705889e+00  1.70485751e+04 -2.33407023e+00 
 1.72460148e+04  3.00681852e+00  1.72460148e+04 -2.36106028e+00 
 1.74457411e+04  3.00657257e+00  1.74457411e+04 -2.38835970e+00 
 1.76477804e+04  3.00632094e+00  1.76477804e+04 -2.41597198e+00 
 1.78521595e+04  3.00606347e+00  1.78521595e+04 -2.44390065e+00 
 1.80589055e+04  3.00580003e+00  1.80589055e+04 -2.47214928e+00 
 1.82680458e+04  3.00553050e+00  1.82680458e+04 -2.50072148e+00 
 1.84796082e+04  3.00525472e+00  1.84796082e+04 -2.52962087e+00 
 1.86936208e+04  3.00497256e+00  1.86936208e+04 -2.55885115e+00 
 1.89101117e+04  3.00468386e+00  1.89101117e+04 -2.58841602e+00 
 1.91291099e+04  3.00438849e+00  1.91291099e+04 -2.61831925e+00 
 1.93506443e+04  3.00408627e+00  1.93506443e+04 -2.64856464e+00 
 1.95747443e+04  3.00377706e+00  1.95747443e+04 -2.67915601e+00 
 1.98014396e+04  3.00346070e+00  1.98014396e+04 -2.71009725e+00 
 2.00307602e+04  3.00313701e+00  2.00307602e+04 -2.74139226e+00 
 2.02627366e+04  3.00280584e+00  2.02627366e+04 -2.77304501e+00 
 2.04973996e+04  3.00246702e+00  2.04973996e+04 -2.80505950e+00 
 2.07347801e+04  3.00212035e+00  2.07347801e+04 -2.83743975e+00 
 2.09749098e+04  3.00176567e+00  2.09749098e+04 -2.87018986e+00 
 2.12178204e+04  3.00140280e+00  2.12178204e+04 -2.90331393e+00 
 2.14635442e+04  3.00103153e+00  2.14635442e+04 -2.93681614e+00 
 2.17121137e+04  3.00065169e+00  2.17121137e+04 -2.97070069e+00 
 2.19635619e+04  3.00026307e+00  2.19635619e+04 -3.00497182e+00 
 2.22179221e+04  2.99986548e+00  2.22179221e+04 -3.03963383e+00 
 2.24752280e+04  2.99945870e+00  2.24752280e+04 -3.07469105e+00 
 2.27355138e+04  2.99904254e+00  2.27355138e+04 -3.11014785e+00 
 2.29988140e+04  2.99861676e+00  2.29988140e+04 -3.14600866e+00 
 2.32651635e+04  2.99818116e+00  2.32651635e+04 -3.18227794e+00 
 2.35345976e+04  2.99773551e+00  2.35345976e+04 -3.21896019e+00 
 2.38071520e+04  2.99727958e+00  2.38071520e+04 -3.25605998e+00 
 2.40828628e+04  2.99681313e+00  2.40828628e+04 -3.29358189e+00 
 2.43617666e+04  2.99633593e+00  2.43617666e+04 -3.33153057e+00 
 2.46439005e+04  2.99584772e+00  2.46439005e+04 -3.36991071e+00 
 2.49293017e+04  2.99534827e+00  2.49293017e+04 -3.40872704e+00 
 2.52180082e+04  2.99483730e+00  2.52180082e+04 -3.44798433e+00 
 2.55100581e+04  2.99431457e+00  2.55100581e+04 -3.48768741e+00 
 2.58054904e+04  2.99377980e+00  2.58054904e+04 -3.52784115e+00 
 2.61043440e+04  2.99323272e+00  2.61043440e+04 -3.56845047e+00 
 2.64066586e+04  2.99267304e+00  2.64066586e+04 -3.60952033e+00 
 2.67124744e+04  2.99210049e+00  2.67124744e+04 -3.65105573e+00 
 2.70218318e+04  2.99151476e+00  2.70218318e+04 -3.69306174e+00 
 2.73347718e+04  2.99091556e+00  2.73347718e+04 -3.73554345e+00 
 2.76513361e+04  2.99030259e+00  2.76513361e+04 -3.77850601e+00 
 2.79715664e+04  2.98967554e+00  2.79715664e+04 -3.82195463e+00 
 2.82955054e+04  2.98903407e+00  2.82955054e+04 -3.86589454e+00 
 2.86231959e+04  2.98837787e+00  2.86231959e+04 -3.91033103e+00 
 2.89546814e+04  2.98770660e+00  2.89546814e+04 -3.95526945e+00 
 2.92900058e+04  2.98701993e+00  2.92900058e+04 -4.00071518e+00 
 2.96292136e+04  2.98631750e+00  2.96292136e+04 -4.04667366e+00 
 2.99723498e+04  2.98559896e+00  2.99723498e+04 -4.09315036e+00 
 3.03194599e+04  2.98486394e+00  3.03194599e+04 -4.14015082e+00 
 3.06705898e+04  2.98411208e+00  3.06705898e+04 -4.18768061e+00 
 3.10257862e+04  2.98334299e+00  3.10257862e+04 -4.23574537e+00 
 3.13850961e+04  2.98255628e+00  3.13850961e+04 -4.28435076e+00 
 3.17485672e+04  2.98175157e+00  3.17485672e+04 -4.33350250e+00 
 3.21162476e+04  2.98092844e+00  3.21162476e+04 -4.38320637e+00 
 3.24881861e+04  2.98008648e+00  3.24881861e+04 -4.43346818e+00 
 3.28644321e+04  2.97922527e+00  3.28644321e+04 -4.48429379e+00 
 3.32450354e+04  2.97834437e+00  3.32450354e+04 -4.53568912e+00 
 3.36300464e+04  2.97744335e+00  3.36300464e+04 -4.58766012e+00 
 3.40195163e+04  2.97652176e+00  3.40195163e+04 -4.64021281e+00 
 3.44134966e+04  2.97557913e+00  3.44134966e+04 -4.69335324e+00 
 3.48120396e+04  2.97461500e+00  3.48120396e+04 -4.74708751e+00 
 3.52151982e+04  2.97362888e+00  3.52151982e+04 -4.80142176e+00 
 3.56230257e+04  2.97262028e+00  3.56230257e+04 -4.85636219e+00 
 3.60355763e+04  2.97158872e+00  3.60355763e+04 -4.91191505e+00 
 3.64529046e+04  2.97053366e+00  3.64529046e+04 -4.96808661e+00 
 3.68750660e+04  2.96945460e+00  3.68750660e+04 -5.02488321e+00 
 3.73021165e+04  2.96835099e+00  3.73021165e+04 -5.08231123e+00 
 3.77341126e+04  2.96722230e+00  3.77341126e+04 -5.14037709e+00 
 3.81711117e+04  2.96606797e+00  3.81711117e+04 -5.19908726e+00 
 3.86131717e+04  2.96488743e+00  3.86131717e+04 -5.25844824e+00 
 3.90603512e+04  2.96368011e+00  3.90603512e+04 -5.31846660e+00 
 3.95127095e+04  2.96244540e+00  3.95127095e+04 -5.37914893e+00 
 3.99703065e+04  2.96118272e+00  3.99703065e+04 -5.44050188e+00 
 4.04332030e+04  2.95989143e+00  4.04332030e+04 -5.50253211e+00 
 4.09014603e+04  2.95857092e+00  4.09014603e+04 -5.56524636e+00 
 4.13751404e+04  2.95722054e+00  4.13751404e+04 -5.62865140e+00 
 4.18543063e+04  2.95583964e+00  4.18543063e+04 -5.69275402e+00 
 4.23390214e+04  2.95442755e+00  4.23390214e+04 -5.75756107e+00 
 4.28293500e+04  2.95298359e+00  4.28293500e+04 -5.82307943e+00 
 4.33253571e+04  2.95150706e+00  4.33253571e+04 -5.88931602e+00 
 4.38271084e+04  2.94999725e+00  4.38271084e+04 -5.95627779e+00 
 4.43346705e+04  2.94845344e+00  4.43346705e+04 -6.02397175e+00 
 4.48481108e+04  2.94687489e+00  4.48481108e+04 -6.09240491e+00 
 4.53674971e+04  2.94526085e+00  4.53674971e+04 -6.16158434e+00 
 4.58928985e+04  2.94361055e+00  4.58928985e+04 -6.23151712e+00 
 4.64243846e+04  2.94192321e+00  4.64243846e+04 -6.30221039e+00 
 4.69620258e+04  2.94019802e+00  4.69620258e+04 -6.37367129e+00 
 4.75058934e+04  2.93843417e+00  4.75058934e+04 -6.44590702e+00 
 4.80560596e+04  2.93663083e+00  4.80560596e+04 -6.51892478e+00 
 4.86125973e+04  2.93478716e+00  4.86125973e+04 -6.59273181e+00 
 4.91755802e+04  2.93290229e+00  4.91755802e+04 -6.66733537e+00 
 4.97450830e+04  2.93097534e+00  4.97450830e+04 -6.74274276e+00 
 5.03211813e+04  2.92900541e+00  5.03211813e+04 -6.81896128e+00 
 5.09039513e+04  2.92699159e+00  5.09039513e+04 -6.89599825e+00 
 5.14934704e+04  2.92493295e+00  5.14934704e+04 -6.97386103e+00 
 5.20898168e+04  2.92282854e+00  5.20898168e+04 -7.05255699e+00 
 5.26930694e+04  2.92067739e+00  5.26930694e+04 -7.13209349e+00 
 5.33033083e+04  2.91847851e+00  5.33033083e+04 -7.21247793e+00 
 5.39206144e+04  2.91623091e+00  5.39206144e+04 -7.29371772e+00 
 5.45450695e+04  2.91393356e+00  5.45450695e+04 -7.37582026e+00 
 5.51767564e+04  2.91158541e+00  5.51767564e+04 -7.45879299e+00 
 5.58157589e+04  2.90918542e+00  5.58157589e+04 -7.54264332e+00 
 5.64621617e+04  2.90673249e+00  5.64621617e+04 -7.62737868e+00 
 5.71160505e+04  2.90422553e+00  5.71160505e+04 -7.71300649e+00 
 5.77775120e+04  2.90166343e+00  5.77775120e+04 -7.79953419e+00 
 5.84466339e+04  2.89904503e+00  5.84466339e+04 -7.88696920e+00 
 5.91235049e+04  2.89636919e+00  5.91235049e+04 -7.97531892e+00 
 5.98082147e+04  2.89363472e+00  5.98082147e+04 -8.06459075e+00 
 6.05008542e+04  2.89084043e+00  6.05008542e+04 -8.15479210e+00 
 6.12015151e+04  2.88798509e+00  6.12015151e+04 -8.24593033e+00 
 6.19102904e+04  2.88506747e+00  6.19102904e+04 -8.33801280e+00 
 6.26272740e+04  2.88208630e+00  6.26272740e+04 -8.43104684e+00 
 6.33525610e+04  2.87904029e+00  6.33525610e+04 -8.52503976e+00 
 6.40862476e+04  2.87592814e+00  6.40862476e+04 -8.61999884e+00 
 6.48284310e+04  2.87274853e+00  6.48284310e+04 -8.71593133e+00 
 6.55792097e+04  2.86950011e+00  6.55792097e+04 -8.81284444e+00 
 6.63386831e+04  2.86618150e+00  6.63386831e+04 -8.91074536e+00 
 6.71069519e+04  2.86279132e+00  6.71069519e+04 -9.00964121e+00 
 6.78841182e+04  2.85932814e+00  6.78841182e+04 -9.10953907e+00 
 6.86702847e+04  2.85579054e+00  6.86702847e+04 -9.21044600e+00 
 6.94655559e+04  2.85217706e+00  6.94655559e+04 -9.31236897e+00 
 7.02700371e+04  2.84848621e+00  7.02700371e+04 -9.41531491e+00 
 7.10838351e+04  2.84471649e+00  7.10838351e+04 -9.51929068e+00 
 7.19070576e+04  2.84086638e+00  7.19070576e+04 -9.62430308e+00 
 7.27398139e+04  2.83693432e+00  7.27398139e+04 -9.73035884e+00 
 7.35822143e+04  2.83291875e+00  7.35822143e+04 -9.83746462e+00 
 7.44343706e+04  2.82881808e+00  7.44343706e+04 -9.94562699e+00 
 7.52963957e+04  2.82463068e+00  7.52963957e+04 -1.00548524e+01 
 7.61684039e+04  2.82035493e+00  7.61684039e+04 -1.01651474e+01 
 7.70505109e+04  2.81598915e+00  7.70505109e+04 -1.02765181e+01 
 7.79428335e+04  2.81153168e+00  7.79428335e+04 -1.03889708e+01 
 7.88454902e+04  2.80698080e+00  7.88454902e+04 -1.05025116e+01 
 7.97586005e+04  2.80233479e+00  7.97586005e+04 -1.06171466e+01 
 8.06822855e+04  2.79759190e+00  8.06822855e+04 -1.07328815e+01 
 8.16166678e+04  2.79275036e+00  8.16166678e+04 -1.08497222e+01 
 8.25618712e+04  2.78780838e+00  8.25618712e+04 -1.09676743e+01 
 8.35180209e+04  2.78276414e+00  8.35180209e+04 -1.10867433e+01 
 8.44852439e+04  2.77761583e+00  8.44852439e+04 -1.12069347e+01 
 8.54636682e+04  2.77236157e+00  8.54636682e+04 -1.13282535e+01 
 8.64534237e+04  2.76699951e+00  8.64534237e+04 -1.14507050e+01 
 8.74546416e+04  2.76152773e+00  8.74546416e+04 -1.15742940e+01 
 8.84674546e+04  2.75594434e+00  8.84674546e+04 -1.16990254e+01 
 8.94919970e+04  2.75024740e+00  8.94919970e+04 -1.18249038e+01 
 9.05284046e+04  2.74443496e+00  9.05284046e+04 -1.19519336e+01 
 9.15768148e+04  2.73850505e+00  9.15768148e+04 -1.20801191e+01 
 9.26373667e+04  2.73245568e+00  9.26373667e+04 -1.22094643e+01 
 9.37102009e+04  2.72628485e+00  9.37102009e+04 -1.23399733e+01 
 9.47954596e+04  2.71999054e+00  9.47954596e+04 -1.24716497e+01 
 9.58932866e+04  2.71357071e+00  9.58932866e+04 -1.26044970e+01 
 9.70038276e+04  2.70702332e+00  9.70038276e+04 -1.27385185e+01 
 9.81272298e+04  2.70034630e+00  9.81272298e+04 -1.28737174e+01 
 9.92636421e+04  2.69353757e+00  9.92636421e+04 -1.30100965e+01 
 1.00413215e+05  2.68659503e+00  1.00413215e+05 -1.31476585e+01 
 1.01576102e+05  2.67951660e+00  1.01576102e+05 -1.32864058e+01 
 1.02752455e+05  2.67230014e+00  1.02752455e+05 -1.34263407e+01 
 1.03942432e+05  2.66494355e+00  1.03942432e+05 -1.35674650e+01 
 1.05146191e+05  2.65744467e+00  1.05146191e+05 -1.37097805e+01 
 1.06363890e+05  2.64980139e+00  1.06363890e+05 -1.38532886e+01 
 1.07595691e+05  2.64201154e+00  1.07595691e+05 -1.39979906e+01 
 1.08841757e+05  2.63407297e+00  1.08841757e+05 -1.41438874e+01 
 1.10102255e+05  2.62598353e+00  1.10102255e+05 -1.42909797e+01 
 1.11377350e+05  2.61774106e+00  1.11377350e+05 -1.44392678e+01 
 1.12667212e+05  2.60934339e+00  1.12667212e+05 -1.45887519e+01 
 1.13972012e+05  2.60078836e+00  1.13972012e+05 -1.47394319e+01 
 1.15291923e+05  2.59207381e+00  1.15291923e+05 -1.48913072e+01 
 1.16627120e+05  2.58319757e+00  1.16627120e+05 -1.50443771e+01 
 1.17977779e+05  2.57415750e+00  1.17977779e+05 -1.51986407e+01 
 1.19344081e+05  2.56495144e+00  1.19344081e+05 -1.53540965e+01 
 1.20726206e+05  2.55557725e+00  1.20726206e+05 -1.55107430e+01 
 1.22124337e+05  2.54603279e+00  1.22124337e+05 -1.56685781e+01 
 1.23538660e+05  2.53631594e+00  1.23538660e+05 -1.58275996e+01 
 1.24969363e+05  2.52642460e+00  1.24969363e+05 -1.59878050e+01 
 1.26416634e+05  2.51635666e+00  1.26416634e+05 -1.61491913e+01 
 1.27880666e+05  2.50611004e+00  1.27880666e+05 -1.63117554e+01 
 1.29361653e+05  2.49568268e+00  1.29361653e+05 -1.64754937e+01 
 1.30859792e+05  2.48507253e+00  1.30859792e+05 -1.66404023e+01 
 1.32375280e+05  2.47427759e+00  1.32375280e+05 -1.68064771e+01 
 1.33908319e+05  2.46329584e+00  1.33908319e+05 -1.69737136e+01 
 1.35459113e+05  2.45212532e+00  1.35459113e+05 -1.71421069e+01 
 1.37027866e+05  2.44076409e+00  1.37027866e+05 -1.73116520e+01 
 1.38614787e+05  2.42921024e+00  1.38614787e+05 -1.74823433e+01 
 1.40220086e+05  2.41746188e+00  1.40220086e+05 -1.76541750e+01 
 1.41843976e+05  2.40551718e+00  1.41843976e+05 -1.78271411e+01 
 1.43486672e+05  2.39337434e+00  1.43486672e+05 -1.80012351e+01 
 1.45148393e+05  2.38103158e+00  1.45148393e+05 -1.81764503e+01 
 1.46829358e+05  2.36848718e+00  1.46829358e+05 -1.83527795e+01 
 1.48529790e+05  2.35573947e+00  1.48529790e+05 -1.85302156e+01 
 1.50249915e+05  2.34278681e+00  1.50249915e+05 -1.87087507e+01 
 1.51989960e+05  2.32962763e+00  1.51989960e+05 -1.88883770e+01 
 1.53750157e+05  2.31626040e+00  1.53750157e+05 -1.90690862e+01 
 1.55530739e+05  2.30268364e+00  1.55530739e+05 -1.92508697e+01 
 1.57331942e+05  2.28889593e+00  1.57331942e+05 -1.94337188e+01 
 1.59154005e+05  2.27489592e+00  1.59154005e+05 -1.96176244e+01 
 1.60997169e+05  2.26068232e+00  1.60997169e+05 -1.98025771e+01 
 1.62861678e+05  2.24625389e+00  1.62861678e+05 -1.99885675e+01 
 1.64747781e+05  2.23160947e+00  1.64747781e+05 -2.01755855e+01 
 1.66655726e+05  2.21674796e+00  1.66655726e+05 -2.03636213e+01 
 1.68585768e+05  2.20166836e+00  1.68585768e+05 -2.05526646e+01 
 1.70538161e+05  2.18636970e+00  1.70538161e+05 -2.07427048e+01 
 1.72513165e+05  2.17085112e+00  1.72513165e+05 -2.09337315e+01 
 1.74511042e+05  2.15511184e+00  1.74511042e+05 -2.11257336e+01 
 1.76532055e+05  2.13915113e+00  1.76532055e+05 -2.13187004e+01 
 1.78576475e+05  2.12296838e+00  1.78576475e+05 -2.15126206e+01 
 1.80644570e+05  2.10656305e+00  1.80644570e+05 -2.17074830e+01 
 1.82736617e+05  2.08993469e+00  1.82736617e+05 -2.19032762e+01 
 1.84852891e+05  2.07308294e+00  1.84852891e+05 -2.20999889e+01 
 1.86993674e+05  2.05600754e+00  1.86993674e+05 -2.22976096e+01 
 1.89159250e+05  2.03870830e+00  1.89159250e+05 -2.24961266e+01 
 1.91349905e+05  2.02118515e+00  1.91349905e+05 -2.26955284e+01 
 1.93565930e+05  2.00343812e+00  1.93565930e+05 -2.28958034e+01 
 1.95807618e+05  1.98546732e+00  1.95807618e+05 -2.30969402e+01 
 1.98075268e+05  1.96727298e+00  1.98075268e+05 -2.32989270e+01 
 2.00369179e+05  1.94885542e+00  2.00369179e+05 -2.35017526e+01 
 2.02689657e+05  1.93021506e+00  2.02689657e+05 -2.37054054e+01 
 2.05037007e+05  1.91135246e+00  2.05037007e+05 -2.39098744e+01 
 2.07411543e+05  1.89226823e+00  2.07411543e+05 -2.41151482e+01 
 2.09813578e+05  1.87296314e+00  2.09813578e+05 -2.43212162e+01 
 2.12243431e+05  1.85343803e+00  2.12243431e+05 -2.45280673e+01 
 2.14701424e+05  1.83369387e+00  2.14701424e+05 -2.47356912e+01 
 2.17187883e+05  1.81373173e+00  2.17187883e+05 -2.49440776e+01 
 2.19703138e+05  1.79355278e+00  2.19703138e+05 -2.51532165e+01 
 2.22247522e+05  1.77315833e+00  2.22247522e+05 -2.53630981e+01 
 2.24821372e+05  1.75254977e+00  2.24821372e+05 -2.55737132e+01 
 2.27425030e+05  1.73172861e+00  2.27425030e+05 -2.57850528e+01 
 2.30058842e+05  1.71069646e+00  2.30058842e+05 -2.59971083e+01 
 2.32723155e+05  1.68945506e+00  2.32723155e+05 -2.62098715e+01 
 2.35418324e+05  1.66800623e+00  2.35418324e+05 -2.64233348e+01 
 2.38144706e+05  1.64635191e+00  2.38144706e+05 -2.66374909e+01 
 2.40902662e+05  1.62449415e+00  2.40902662e+05 -2.68523332e+01 
 2.43692558e+05  1.60243510e+00  2.43692558e+05 -2.70678555e+01 
 2.46514763e+05  1.58017699e+00  2.46514763e+05 -2.72840524e+01 
 2.49369653e+05  1.55772220e+00  2.49369653e+05 -2.75009188e+01 
 2.52257605e+05  1.53507315e+00  2.52257605e+05 -2.77184505e+01 
 2.55179003e+05  1.51223241e+00  2.55179003e+05 -2.79366438e+01 
 2.58134233e+05  1.48920260e+00  2.58134233e+05 -2.81554959e+01 
 2.61123688e+05  1.46598646e+00  2.61123688e+05 -2.83750045e+01 
 2.64147764e+05  1.44258681e+00  2.64147764e+05 -2.85951682e+01 
 2.67206861e+05  1.41900655e+00  2.67206861e+05 -2.88159865e+01 
 2.70301386e+05  1.39524867e+00  2.70301386e+05 -2.90374594e+01 
 2.73431749e+05  1.37131623e+00  2.73431749e+05 -2.92595880e+01 
 2.76598365e+05  1.34721238e+00  2.76598365e+05 -2.94823742e+01 
 2.79801653e+05  1.32294033e+00  2.79801653e+05 -2.97058207e+01 
 2.83042038e+05  1.29850336e+00  2.83042038e+05 -2.99299314e+01 
 2.86319950e+05  1.27390481e+00  2.86319950e+05 -3.01547107e+01 
 2.89635824e+05  1.24914809e+00  2.89635824e+05 -3.03801644e+01 
 2.92990099e+05  1.22423666e+00  2.92990099e+05 -3.06062990e+01 
 2.96383220e+05  1.19917403e+00  2.96383220e+05 -3.08331222e+01 
 2.99815637e+05  1.17396374e+00  2.99815637e+05 -3.10606425e+01 
 3.03287805e+05  1.14860941e+00  3.03287805e+05 -3.12888697e+01 
 3.06800183e+05  1.12311466e+00  3.06800183e+05 -3.15178145e+01 
 3.10353239e+05  1.09748315e+00  3.10353239e+05 -3.17474887e+01 
 3.13947443e+05  1.07171857e+00  3.13947443e+05 -3.19779053e+01 
 3.17583271e+05  1.04582462e+00  3.17583271e+05 -3.22090782e+01 
 3.21261205e+05  1.01980504e+00  3.21261205e+05 -3.24410226e+01 
 3.24981734e+05  9.93663541e-01  3.24981734e+05 -3.26737548e+01 
 3.28745351e+05  9.67403866e-01  3.28745351e+05 -3.29072921e+01 
 3.32552554e+05  9.41029745e-01  3.32552554e+05 -3.31416531e+01 
 3.36403848e+05  9.14544900e-01  3.36403848e+05 -3.33768575e+01 
 3.40299744e+05  8.87953039e-01  3.40299744e+05 -3.36129260e+01 
 3.44240758e+05  8.61257850e-01  3.44240758e+05 -3.38498808e+01 
 3.48227413e+05  8.34462997e-01  3.48227413e+05 -3.40877448e+01 
 3.52260238e+05  8.07572108e-01  3.52260238e+05 -3.43265425e+01 
 3.56339767e+05  7.80588778e-01  3.56339767e+05 -3.45662992e+01 
 3.60466541e+05  7.53516555e-01  3.60466541e+05 -3.48070415e+01 
 3.64641107e+05  7.26358938e-01  3.64641107e+05 -3.50487971e+01 
 3.68864019e+05  6.99119373e-01  3.68864019e+05 -3.52915949e+01 
 3.73135837e+05  6.71801241e-01  3.73135837e+05 -3.55354648e+01 
 3.77457126e+05  6.44407859e-01  3.77457126e+05 -3.57804380e+01 
 3.81828460e+05  6.16942471e-01  3.81828460e+05 -3.60265465e+01 
 3.86250419e+05  5.89408242e-01  3.86250419e+05 -3.62738237e+01 
 3.90723589e+05  5.61808255e-01  3.90723589e+05 -3.65223038e+01 
 3.95248562e+05  5.34145504e-01  3.95248562e+05 -3.67720222e+01 
 3.99825939e+05  5.06422886e-01  3.99825939e+05 -3.70230153e+01 
 4.04456327e+05  4.78643202e-01  4.04456327e+05 -3.72753205e+01 
 4.09140339e+05  4.50809149e-01  4.09140339e+05 -3.75289762e+01 
 4.13878597e+05  4.22923311e-01  4.13878597e+05 -3.77840217e+01 
 4.18671729e+05  3.94988163e-01  4.18671729e+05 -3.80404974e+01 
 4.23520370e+05  3.67006058e-01  4.23520370e+05 -3.82984443e+01 
 4.28425163e+05  3.38979229e-01  4.28425163e+05 -3.85579047e+01 
 4.33386759e+05  3.10909780e-01  4.33386759e+05 -3.88189215e+01 
 4.38405814e+05  2.82799686e-01  4.38405814e+05 -3.90815384e+01 
 4.43482996e+05  2.54650787e-01  4.43482996e+05 -3.93458000e+01 
 4.48618977e+05  2.26464784e-01  4.48618977e+05 -3.96117517e+01 
 4.53814437e+05  1.98243237e-01  4.53814437e+05 -3.98794395e+01 
 4.59070066e+05  1.69987561e-01  4.59070066e+05 -4.01489102e+01 
 4.64386560e+05  1.41699024e-01  4.64386560e+05 -4.04202113e+01 
 4.69764625e+05  1.13378743e-01  4.69764625e+05 -4.06933907e+01 
 4.75204974e+05  8.50276834e-02  4.75204974e+05 -4.09684973e+01 
 4.80708327e+05  5.66466540e-02  4.80708327e+05 -4.12455802e+01 
 4.86275414e+05  2.82363071e-02  4.86275414e+05 -4.15246891e+01 
 4.91906974e+05 -2.02863744e-04  4.91906974e+05 -4.18058744e+01 
 4.97603753e+05 -2.86705256e-02  4.97603753e+05 -4.20891867e+01 
 5.03366507e+05 -5.71665071e-02  5.03366507e+05 -4.23746771e+01 
 5.09195999e+05 -8.56907997e-02  5.09195999e+05 -4.26623970e+01 
 5.15093002e+05 -1.14243559e-01  5.15093002e+05 -4.29523984e+01 
 5.21058299e+05 -1.42825103e-01  5.21058299e+05 -4.32447332e+01 
 5.27092679e+05 -1.71435917e-01  5.27092679e+05 -4.35394539e+01 
 5.33196944e+05 -2.00076649e-01  5.33196944e+05 -4.38366130e+01 
 5.39371903e+05 -2.28748111e-01  5.39371903e+05 -4.41362634e+01 
 5.45618374e+05 -2.57451280e-01  5.45618374e+05 -4.44384578e+01 
 5.51937185e+05 -2.86187297e-01  5.51937185e+05 -4.47432493e+01 
 5.58329174e+05 -3.14957465e-01  5.58329174e+05 -4.50506909e+01 
 5.64795189e+05 -3.43763246e-01  5.64795189e+05 -4.53608358e+01 
 5.71336088e+05 -3.72606267e-01  5.71336088e+05 -4.56737371e+01 
 5.77952736e+05 -4.01488309e-01  5.77952736e+05 -4.59894477e+01 
 5.84646012e+05 -4.30411313e-01  5.84646012e+05 -4.63080207e+01 
 5.91416802e+05 -4.59377372e-01  5.91416802e+05 -4.66295089e+01 
 5.98266006e+05 -4.88388735e-01  5.98266006e+05 -4.69539649e+01 
 6.05194529e+05 -5.17447797e-01  6.05194529e+05 -4.72814413e+01 
 6.12203293e+05 -5.46557103e-01  6.12203293e+05 -4.76119903e+01 
 6.19293224e+05 -5.75719344e-01  6.19293224e+05 -4.79456640e+01 
 6.26465265e+05 -6.04937350e-01  6.26465265e+05 -4.82825140e+01 
 6.33720365e+05 -6.34214090e-01  6.33720365e+05 -4.86225918e+01 
 6.41059486e+05 -6.63552669e-01  6.41059486e+05 -4.89659483e+01 
 6.48483601e+05 -6.92956324e-01  6.48483601e+05 -4.93126344e+01 
 6.55993696e+05 -7.22428417e-01  6.55993696e+05 -4.96627002e+01 
 6.63590765e+05 -7.51972437e-01  6.63590765e+05 -5.00161955e+01 
 6.71275815e+05 -7.81591991e-01  6.71275815e+05 -5.03731697e+01 
 6.79049866e+05 -8.11290802e-01  6.79049866e+05 -5.07336717e+01 
 6.86913949e+05 -8.41072704e-01  6.86913949e+05 -5.10977497e+01 
 6.94869105e+05 -8.70941638e-01  6.94869105e+05 -5.14654516e+01 
 7.02916391e+05 -9.00901645e-01  7.02916391e+05 -5.18368246e+01 
 7.11056872e+05 -9.30956866e-01  7.11056872e+05 -5.22119154e+01 
 7.19291628e+05 -9.61111532e-01  7.19291628e+05 -5.25907699e+01 
 7.27621750e+05 -9.91369963e-01  7.27621750e+05 -5.29734336e+01 
 7.36048344e+05 -1.02173656e+00  7.36048344e+05 -5.33599513e+01 
 7.44572527e+05 -1.05221580e+00  7.44572527e+05 -5.37503670e+01 
 7.53195428e+05 -1.08281223e+00  7.53195428e+05 -5.41447241e+01 
 7.61918191e+05 -1.11353046e+00  7.61918191e+05 -5.45430655e+01 
 7.70741972e+05 -1.14437518e+00  7.70741972e+05 -5.49454330e+01 
 7.79667942e+05 -1.17535111e+00  7.79667942e+05 -5.53518680e+01 
 7.88697283e+05 -1.20646302e+00  7.88697283e+05 -5.57624111e+01 
 7.97831193e+05 -1.23771575e+00  7.97831193e+05 -5.61771020e+01 
 8.07070883e+05 -1.26911415e+00  8.07070883e+05 -5.65959800e+01 
 8.16417578e+05 -1.30066310e+00  8.16417578e+05 -5.70190833e+01 
 8.25872518e+05 -1.33236753e+00  8.25872518e+05 -5.74464495e+01 
 8.35436955e+05 -1.36423237e+00  8.35436955e+05 -5.78781154e+01 
 8.45112157e+05 -1.39626257e+00  8.45112157e+05 -5.83141170e+01 
 8.54899409e+05 -1.42846308e+00  8.54899409e+05 -5.87544898e+01 
 8.64800006e+05 -1.46083886e+00  8.64800006e+05 -5.91992681e+01 
 8.74815263e+05 -1.49339486e+00  8.74815263e+05 -5.96484857e+01 
 8.84946506e+05 -1.52613603e+00  8.84946506e+05 -6.01021757e+01 
 8.95195080e+05 -1.55906727e+00  8.95195080e+05 -6.05603703e+01 
 9.05562342e+05 -1.59219351e+00  9.05562342e+05 -6.10231010e+01 
 9.16049667e+05 -1.62551959e+00  9.16049667e+05 -6.14903985e+01 
 9.26658447e+05 -1.65905037e+00  9.26658447e+05 -6.19622930e+01 
 9.37390086e+05 -1.69279062e+00  9.37390086e+05 -6.24388137e+01 
 9.48246009e+05 -1.72674510e+00  9.48246009e+05 -6.29199893e+01 
 9.59227655e+05 -1.76091850e+00  9.59227655e+05 -6.34058476e+01 
 9.70336479e+05 -1.79531545e+00  9.70336479e+05 -6.38964159e+01 
 9.81573954e+05 -1.82994051e+00  9.81573954e+05 -6.43917209e+01 
 9.92941571e+05 -1.86479817e+00  9.92941571e+05 -6.48917884e+01 
 1.00444084e+06 -1.89989286e+00  1.00444084e+06 -6.53966438e+01 
 1.01607327e+06 -1.93522891e+00  1.01607327e+06 -6.59063119e+01 
 1.02784043e+06 -1.97081056e+00  1.02784043e+06 -6.64208168e+01 
 1.03974386e+06 -2.00664197e+00  1.03974386e+06 -6.69401821e+01 
 1.05178514e+06 -2.04272718e+00  1.05178514e+06 -6.74644309e+01 
 1.06396587e+06 -2.07907014e+00  1.06396587e+06 -6.79935859e+01 
 1.07628767e+06 -2.11567470e+00  1.07628767e+06 -6.85276691e+01 
 1.08875217e+06 -2.15254456e+00  1.08875217e+06 -6.90667024e+01 
 1.10136102e+06 -2.18968334e+00  1.10136102e+06 -6.96107070e+01 
 1.11411589e+06 -2.22709451e+00  1.11411589e+06 -7.01597039e+01 
 1.12701847e+06 -2.26478143e+00  1.12701847e+06 -7.07137137e+01 
 1.14007049e+06 -2.30274730e+00  1.14007049e+06 -7.12727568e+01 
 1.15327365e+06 -2.34099521e+00  1.15327365e+06 -7.18368533e+01 
 1.16662972e+06 -2.37952810e+00  1.16662972e+06 -7.24060232e+01 
 1.18014047e+06 -2.41834875e+00  1.18014047e+06 -7.29802861e+01 
 1.19380769e+06 -2.45745982e+00  1.19380769e+06 -7.35596617e+01 
 1.20763319e+06 -2.49686380e+00  1.20763319e+06 -7.41441695e+01 
 1.22161880e+06 -2.53656302e+00  1.22161880e+06 -7.47338292e+01 
 1.23576638e+06 -2.57655968e+00  1.23576638e+06 -7.53286603e+01 
 1.25007780e+06 -2.61685578e+00  1.25007780e+06 -7.59286824e+01 
 1.26455496e+06 -2.65745321e+00  1.26455496e+06 -7.65339154e+01 
 1.27919978e+06 -2.69835364e+00  1.27919978e+06 -7.71443792e+01 
 1.29401421e+06 -2.73955863e+00  1.29401421e+06 -7.77600941e+01 
 1.30900020e+06 -2.78106954e+00  1.30900020e+06 -7.83810806e+01 
 1.32415974e+06 -2.82288757e+00  1.32415974e+06 -7.90073597e+01 
 1.33949485e+06 -2.86501376e+00  1.33949485e+06 -7.96389526e+01 
 1.35500755e+06 -2.90744899e+00  1.35500755e+06 -8.02758812e+01 
 1.37069990e+06 -2.95019396e+00  1.37069990e+06 -8.09181679e+01 
 1.38657399e+06 -2.99324922e+00  1.38657399e+06 -8.15658356e+01 
 1.40263192e+06 -3.03661516e+00  1.40263192e+06 -8.22189080e+01 
 1.41887581e+06 -3.08029199e+00  1.41887581e+06 -8.28774097e+01 
 1.43530782e+06 -3.12427978e+00  1.43530782e+06 -8.35413657e+01 
 1.45193013e+06 -3.16857845e+00  1.45193013e+06 -8.42108024e+01 
 1.46874495e+06 -3.21318776e+00  1.46874495e+06 -8.48857467e+01 
 1.48575450e+06 -3.25810733e+00  1.48575450e+06 -8.55662269e+01 
 1.50296103e+06 -3.30333664e+00  1.50296103e+06 -8.62522722e+01 
 1.52036684e+06 -3.34887504e+00  1.52036684e+06 -8.69439131e+01 
 1.53797422e+06 -3.39472176e+00  1.53797422e+06 -8.76411813e+01 
 1.55578551e+06 -3.44087589e+00  1.55578551e+06 -8.83441099e+01 
 1.57380308e+06 -3.48733642e+00  1.57380308e+06 -8.90527333e+01 
 1.59202931e+06 -3.53410226e+00  1.59202931e+06 -8.97670876e+01 
 1.61046661e+06 -3.58117220e+00  1.61046661e+06 -9.04872104e+01 
 1.62911744e+06 -3.62854496e+00  1.62911744e+06 -9.12131408e+01 
 1.64798426e+06 -3.67621920e+00  1.64798426e+06 -9.19449198e+01 
 1.66706959e+06 -3.72419352e+00  1.66706959e+06 -9.26825902e+01 
 1.68637593e+06 -3.77246648e+00  1.68637593e+06 -9.34261966e+01 
 1.70590587e+06 -3.82103663e+00  1.70590587e+06 -9.41757857e+01 
 1.72566198e+06 -3.86990249e+00  1.72566198e+06 -9.49314061e+01 
 1.74564689e+06 -3.91906261e+00  1.74564689e+06 -9.56931087e+01 
 1.76586324e+06 -3.96851557e+00  1.76586324e+06 -9.64609463e+01 
 1.78631372e+06 -4.01825998e+00  1.78631372e+06 -9.72349743e+01 
 1.80700103e+06 -4.06829455e+00  1.80700103e+06 -9.80152502e+01 
 1.82792793e+06 -4.11861809e+00  1.82792793e+06 -9.88018339e+01 
 1.84909717e+06 -4.16922951e+00  1.84909717e+06 -9.95947879e+01 
 1.87051159e+06 -4.22012788e+00  1.87051159e+06 -1.00394177e+02 
 1.89217400e+06 -4.27131247e+00  1.89217400e+06 -1.01200069e+02 
 1.91408728e+06 -4.32278274e+00  1.91408728e+06 -1.02012534e+02 
 1.93625434e+06 -4.37453841e+00  1.93625434e+06 -1.02831644e+02 
 1.95867812e+06 -4.42657945e+00  1.95867812e+06 -1.03657475e+02 
 1.98136159e+06 -4.47890618e+00  1.98136159e+06 -1.04490104e+02 
 2.00430776e+06 -4.53151925e+00  2.00430776e+06 -1.05329614e+02 
 2.02751966e+06 -4.58441973e+00  2.02751966e+06 -1.06176086e+02 
 2.05100039e+06 -4.63760911e+00  2.05100039e+06 -1.07029608e+02 
 2.07475304e+06 -4.69108936e+00  2.07475304e+06 -1.07890268e+02 
 2.09878077e+06 -4.74486299e+00  2.09878077e+06 -1.08758157e+02 
 2.12308677e+06 -4.79893309e+00  2.12308677e+06 -1.09633369e+02 
 2.14767426e+06 -4.85330339e+00  2.14767426e+06 -1.10516000e+02 
 2.17254649e+06 -4.90797828e+00  2.17254649e+06 -1.11406150e+02 
 2.19770677e+06 -4.96296293e+00  2.19770677e+06 -1.12303919e+02 
 2.22315843e+06 -5.01826328e+00  2.22315843e+06 -1.13209409e+02 
 2.24890485e+06 -5.07388612e+00  2.24890485e+06 -1.14122726e+02 
 2.27494944e+06 -5.12983920e+00  2.27494944e+06 -1.15043976e+02 
 2.30129565e+06 -5.18613122e+00  2.30129565e+06 -1.15973266e+02 
 2.32794697e+06 -5.24277192e+00  2.32794697e+06 -1.16910706e+02 
 2.35490695e+06 -5.29977217e+00  2.35490695e+06 -1.17856403e+02 
 2.38217915e+06 -5.35714400e+00  2.38217915e+06 -1.18810470e+02 
 2.40976718e+06 -5.41490068e+00  2.40976718e+06 -1.19773014e+02 
 2.43767472e+06 -5.47305677e+00  2.43767472e+06 -1.20744145e+02 
 2.46590545e+06 -5.53162820e+00  2.46590545e+06 -1.21723971e+02 
 2.49446313e+06 -5.59063232e+00  2.49446313e+06 -1.22712599e+02 
 2.52335153e+06 -5.65008795e+00  2.52335153e+06 -1.23710132e+02 
 2.55257448e+06 -5.71001543e+00  2.55257448e+06 -1.24716671e+02 
 2.58213587e+06 -5.77043670e+00  2.58213587e+06 -1.25732314e+02 
 2.61203961e+06 -5.83137530e+00  2.61203961e+06 -1.26757152e+02 
 2.64228966e+06 -5.89285643e+00  2.64228966e+06 -1.27791274e+02 
 2.67289004e+06 -5.95490695e+00  2.67289004e+06 -1.28834758e+02 
 2.70384481e+06 -6.01755543e+00  2.70384481e+06 -1.29887679e+02 
 2.73515806e+06 -6.08083214e+00  2.73515806e+06 -1.30950100e+02 
 2.76683395e+06 -6.14476902e+00  2.76683395e+06 -1.32022078e+02 
 2.79887667e+06 -6.20939968e+00  2.79887667e+06 -1.33103654e+02 
 2.83129049e+06 -6.27475938e+00  2.83129049e+06 -1.34194862e+02 
 2.86407969e+06 -6.34088491e+00  2.86407969e+06 -1.35295720e+02 
 2.89724862e+06 -6.40781457e+00  2.89724862e+06 -1.36406233e+02 
 2.93080168e+06 -6.47558806e+00  2.93080168e+06 -1.37526387e+02 
 2.96474332e+06 -6.54424635e+00  2.96474332e+06 -1.38656155e+02 
 2.99907804e+06 -6.61383154e+00  2.99907804e+06 -1.39795489e+02 
 3.03381039e+06 -6.68438668e+00  3.03381039e+06 -1.40944321e+02 
 3.06894498e+06 -6.75595562e+00  3.06894498e+06 -1.42102565e+02 
 3.10448646e+06 -6.82858275e+00  3.10448646e+06 -1.43270110e+02 
 3.14043954e+06 -6.90231278e+00  3.14043954e+06 -1.44446825e+02 
 3.17680900e+06 -6.97719045e+00  3.17680900e+06 -1.45632551e+02 
 3.21359965e+06 -7.05326028e+00  3.21359965e+06 -1.46827110e+02 
 3.25081638e+06 -7.13056621e+00  3.25081638e+06 -1.48030294e+02 
 3.28846411e+06 -7.20915131e+00  3.28846411e+06 -1.49241873e+02 
 3.32654785e+06 -7.28905741e+00  3.32654785e+06 -1.50461589e+02 
 3.36507263e+06 -7.37032474e+00  3.36507263e+06 -1.51689162e+02 
 3.40404356e+06 -7.45299157e+00  3.40404356e+06 -1.52924282e+02 
 3.44346582e+06 -7.53709383e+00  3.44346582e+06 -1.54166620e+02 
 3.48334463e+06 -7.62266473e+00  3.48334463e+06 -1.55415820e+02 
 3.52368527e+06 -7.70973440e+00  3.52368527e+06 -1.56671504e+02 
 3.56449310e+06 -7.79832956e+00  3.56449310e+06 -1.57933276e+02 
 3.60577353e+06 -7.88847315e+00  3.60577353e+06 -1.59200719e+02 
 3.64753203e+06 -7.98018404e+00  3.64753203e+06 -1.60473400e+02 
 3.68977413e+06 -8.07347677e+00  3.68977413e+06 -1.61750871e+02 
 3.73250543e+06 -8.16836129e+00  3.73250543e+06 -1.63032674e+02 
 3.77573161e+06 -8.26484278e+00  3.77573161e+06 -1.64318342e+02 
 3.81945839e+06 -8.36292149e+00  3.81945839e+06 -1.65607401e+02 
 3.86369158e+06 -8.46259270e+00  3.86369158e+06 -1.66899376e+02 
 3.90843702e+06 -8.56384662e+00  3.90843702e+06 -1.68193792e+02 
 3.95370067e+06 -8.66666844e+00  3.95370067e+06 -1.69490179e+02 
 3.99948851e+06 -8.77103843e+00  3.99948851e+06 -1.70788074e+02 
 4.04580662e+06 -8.87693206e+00  4.04580662e+06 -1.72087024e+02 
 4.09266114e+06 -8.98432022e+00  4.09266114e+06 -1.73386591e+02 
 4.14005829e+06 -9.09316943e+00  4.14005829e+06 -1.74686352e+02 
 4.18800434e+06 -9.20344218e+00  4.18800434e+06 -1.75985906e+02 
 4.23650566e+06 -9.31509729e+00  4.23650566e+06 -1.77284872e+02 
 4.28556866e+06 -9.42809024e+00  4.28556866e+06 -1.78582894e+02 
 4.33519987e+06 -9.54237365e+00  4.33519987e+06 -1.79879641e+02 
 4.38540586e+06 -9.65789768e+00  4.38540586e+06  1.78825189e+02 
 4.43619329e+06 -9.77461052e+00  4.43619329e+06  1.77531872e+02 
 4.48756888e+06 -9.89245885e+00  4.48756888e+06  1.76240653e+02 
 4.53953946e+06 -1.00113883e+01  4.53953946e+06  1.74951745e+02 
 4.59211190e+06 -1.01313439e+01  4.59211190e+06  1.73665337e+02 
 4.64529319e+06 -1.02522707e+01  4.64529319e+06  1.72381582e+02 
 4.69909037e+06 -1.03741140e+01  4.69909037e+06  1.71100610e+02 
 4.75351058e+06 -1.04968196e+01  4.75351058e+06  1.69822520e+02 
 4.80856103e+06 -1.06203348e+01  4.80856103e+06  1.68547384e+02 
 4.86424902e+06 -1.07446082e+01  4.86424902e+06  1.67275251e+02 
 4.92058193e+06 -1.08695901e+01  4.92058193e+06  1.66006145e+02 
 4.97756723e+06 -1.09952329e+01  4.97756723e+06  1.64740069e+02 
 5.03521248e+06 -1.11214914e+01  5.03521248e+06  1.63477004e+02 
 5.09352532e+06 -1.12483228e+01  5.09352532e+06  1.62216917e+02 
 5.15251348e+06 -1.13756868e+01  5.15251348e+06  1.60959756e+02 
 5.21218479e+06 -1.15035460e+01  5.21218479e+06  1.59705457e+02 
 5.27254715e+06 -1.16318659e+01  5.27254715e+06  1.58453943e+02 
 5.33360856e+06 -1.17606147e+01  5.33360856e+06  1.57205128e+02 
 5.39537713e+06 -1.18897636e+01  5.39537713e+06  1.55958919e+02 
 5.45786104e+06 -1.20192867e+01  5.45786104e+06  1.54715216e+02 
 5.52106858e+06 -1.21491607e+01  5.52106858e+06  1.53473916e+02 
 5.58500812e+06 -1.22793652e+01  5.58500812e+06  1.52234913e+02 
 5.64968815e+06 -1.24098825e+01  5.64968815e+06  1.50998100e+02 
 5.71511724e+06 -1.25406974e+01  5.71511724e+06  1.49763371e+02 
 5.78130406e+06 -1.26717971e+01  5.78130406e+06  1.48530621e+02 
 5.84825740e+06 -1.28031709e+01  5.84825740e+06  1.47299748e+02 
 5.91598612e+06 -1.29348107e+01  5.91598612e+06  1.46070655e+02 
 5.98449920e+06 -1.30667099e+01  5.98449920e+06  1.44843249e+02 
 6.05380574e+06 -1.31988640e+01  6.05380574e+06  1.43617441e+02 
 6.12391492e+06 -1.33312701e+01  6.12391492e+06  1.42393151e+02 
 6.19483603e+06 -1.34639268e+01  6.19483603e+06  1.41170303e+02 
 6.26657849e+06 -1.35968340e+01  6.26657849e+06  1.39948828e+02 
 6.33915179e+06 -1.37299929e+01  6.33915179e+06  1.38728665e+02 
 6.41256556e+06 -1.38634057e+01  6.41256556e+06  1.37509760e+02 
 6.48682954e+06 -1.39970755e+01  6.48682954e+06  1.36292067e+02 
 6.56195357e+06 -1.41310061e+01  6.56195357e+06  1.35075544e+02 
 6.63794761e+06 -1.42652022e+01  6.63794761e+06  1.33860160e+02 
 6.71482174e+06 -1.43996686e+01  6.71482174e+06  1.32645889e+02 
 6.79258615e+06 -1.45344108e+01  6.79258615e+06  1.31432711e+02 
 6.87125115e+06 -1.46694346e+01  6.87125115e+06  1.30220615e+02 
 6.95082717e+06 -1.48047456e+01  6.95082717e+06  1.29009593e+02 
 7.03132476e+06 -1.49403500e+01  7.03132476e+06  1.27799646e+02 
 7.11275460e+06 -1.50762537e+01  7.11275460e+06  1.26590777e+02 
 7.19512747e+06 -1.52124626e+01  7.19512747e+06  1.25382997e+02 
 7.27845431e+06 -1.53489824e+01  7.27845431e+06  1.24176320e+02 
 7.36274615e+06 -1.54858188e+01  7.36274615e+06  1.22970764e+02 
 7.44801418e+06 -1.56229772e+01  7.44801418e+06  1.21766351e+02 
 7.53426970e+06 -1.57604624e+01  7.53426970e+06  1.20563106e+02 
 7.62152414e+06 -1.58982793e+01  7.62152414e+06  1.19361059e+02 
 7.70978908e+06 -1.60364323e+01  7.70978908e+06  1.18160238e+02 
 7.79907622e+06 -1.61749252e+01  7.79907622e+06  1.16960676e+02 
 7.88939739e+06 -1.63137617e+01  7.88939739e+06  1.15762407e+02 
 7.98076457e+06 -1.64529449e+01  7.98076457e+06  1.14565467e+02 
 8.07318988e+06 -1.65924775e+01  8.07318988e+06  1.13369890e+02 
 8.16668556e+06 -1.67323619e+01  8.16668556e+06  1.12175712e+02 
 8.26126402e+06 -1.68725998e+01  8.26126402e+06  1.10982969e+02 
 8.35693779e+06 -1.70131927e+01  8.35693779e+06  1.09791696e+02 
 8.45371956e+06 -1.71541417e+01  8.45371956e+06  1.08601927e+02 
 8.55162216e+06 -1.72954472e+01  8.55162216e+06  1.07413697e+02 
 8.65065857e+06 -1.74371095e+01  8.65065857e+06  1.06227035e+02 
 8.75084193e+06 -1.75791284e+01  8.75084193e+06  1.05041974e+02 
 8.85218551e+06 -1.77215034e+01  8.85218551e+06  1.03858540e+02 
 8.95470275e+06 -1.78642335e+01  8.95470275e+06  1.02676761e+02 
 9.05840724e+06 -1.80073176e+01  9.05840724e+06  1.01496659e+02 
 9.16331273e+06 -1.81507541e+01  9.16331273e+06  1.00318255e+02 
 9.26943314e+06 -1.82945413e+01  9.26943314e+06  9.91415680e+01 
 9.37678253e+06 -1.84386770e+01  9.37678253e+06  9.79666131e+01 
 9.48537513e+06 -1.85831592e+01  9.48537513e+06  9.67934023e+01 
 9.59522534e+06 -1.87279853e+01  9.59522534e+06  9.56219448e+01 
 9.70634773e+06 -1.88731527e+01  9.70634773e+06  9.44522461e+01 
 9.81875703e+06 -1.90186588e+01  9.81875703e+06  9.32843088e+01 
 9.93246814e+06 -1.91645005e+01  9.93246814e+06  9.21181316e+01 
 1.00474961e+07 -1.93106750e+01  1.00474961e+07  9.09537100e+01 
 1.01638563e+07 -1.94571794e+01  1.01638563e+07  8.97910361e+01 
 1.02815640e+07 -1.96040105e+01  1.02815640e+07  8.86300981e+01 
 1.04006349e+07 -1.97511655e+01  1.04006349e+07  8.74708810e+01 
 1.05210847e+07 -1.98986412e+01  1.05210847e+07  8.63133662e+01 
 1.06429295e+07 -2.00464348e+01  1.06429295e+07  8.51575315e+01 
 1.07661854e+07 -2.01945433e+01  1.07661854e+07  8.40033514e+01 
 1.08908687e+07 -2.03429642e+01  1.08908687e+07  8.28507969e+01 
 1.10169959e+07 -2.04916946e+01  1.10169959e+07  8.16998357e+01 
 1.11445838e+07 -2.06407321e+01  1.11445838e+07  8.05504323e+01 
 1.12736493e+07 -2.07900744e+01  1.12736493e+07  7.94025479e+01 
 1.14042096e+07 -2.09397193e+01  1.14042096e+07  7.82561406e+01 
 1.15362818e+07 -2.10896650e+01  1.15362818e+07  7.71111657e+01 
 1.16698836e+07 -2.12399097e+01  1.16698836e+07  7.59675754e+01 
 1.18050326e+07 -2.13904519e+01  1.18050326e+07  7.48253191e+01 
 1.19417468e+07 -2.15412905e+01  1.19417468e+07  7.36843437e+01 
 1.20800443e+07 -2.16924244e+01  1.20800443e+07  7.25445934e+01 
 1.22199434e+07 -2.18438531e+01  1.22199434e+07  7.14060101e+01 
 1.23614627e+07 -2.19955762e+01  1.23614627e+07  7.02685333e+01 
 1.25046209e+07 -2.21475936e+01  1.25046209e+07  6.91321004e+01 
 1.26494370e+07 -2.22999057e+01  1.26494370e+07  6.79966469e+01 
 1.27959303e+07 -2.24525130e+01  1.27959303e+07  6.68621063e+01 
 1.29441200e+07 -2.26054165e+01  1.29441200e+07  6.57284104e+01 
 1.30940260e+07 -2.27586174e+01  1.30940260e+07  6.45954894e+01 
 1.32456680e+07 -2.29121174e+01  1.32456680e+07  6.34632721e+01 
 1.33990662e+07 -2.30659185e+01  1.33990662e+07  6.23316861e+01 
 1.35542409e+07 -2.32200231e+01  1.35542409e+07  6.12006577e+01 
 1.37112127e+07 -2.33744338e+01  1.37112127e+07  6.00701124e+01 
 1.38700024e+07 -2.35291537e+01  1.38700024e+07  5.89399748e+01 
 1.40306310e+07 -2.36841863e+01  1.40306310e+07  5.78101687e+01 
 1.41931199e+07 -2.38395355e+01  1.41931199e+07  5.66806175e+01 
 1.43574905e+07 -2.39952053e+01  1.43574905e+07  5.55512443e+01 
 1.45237648e+07 -2.41512004e+01  1.45237648e+07  5.44219717e+01 
 1.46919646e+07 -2.43075256e+01  1.46919646e+07  5.32927225e+01 
 1.48621124e+07 -2.44641863e+01  1.48621124e+07  5.21634194e+01 
 1.50342306e+07 -2.46211880e+01  1.50342306e+07  5.10339853e+01 
 1.52083422e+07 -2.47785368e+01  1.52083422e+07  4.99043435e+01 
 1.53844701e+07 -2.49362391e+01  1.53844701e+07  4.87744178e+01 
 1.55626378e+07 -2.50943014e+01  1.55626378e+07  4.76441325e+01 
 1.57428689e+07 -2.52527309e+01  1.57428689e+07  4.65134128e+01 
 1.59251872e+07 -2.54115348e+01  1.59251872e+07  4.53821848e+01 
 1.61096169e+07 -2.55707209e+01  1.61096169e+07  4.42503755e+01 
 1.62961825e+07 -2.57302972e+01  1.62961825e+07  4.31179131e+01 
 1.64849088e+07 -2.58902720e+01  1.64849088e+07  4.19847272e+01 
 1.66758206e+07 -2.60506539e+01  1.66758206e+07  4.08507487e+01 
 1.68689435e+07 -2.62114518e+01  1.68689435e+07  3.97159100e+01 
 1.70643029e+07 -2.63726749e+01  1.70643029e+07  3.85801452e+01 
 1.72619247e+07 -2.65343327e+01  1.72619247e+07  3.74433902e+01 
 1.74618352e+07 -2.66964348e+01  1.74618352e+07  3.63055827e+01 
 1.76640609e+07 -2.68589913e+01  1.76640609e+07  3.51666624e+01 
 1.78686285e+07 -2.70220124e+01  1.78686285e+07  3.40265711e+01 
 1.80755653e+07 -2.71855086e+01  1.80755653e+07  3.28852529e+01 
 1.82848985e+07 -2.73494904e+01  1.82848985e+07  3.17426541e+01 
 1.84966561e+07 -2.75139689e+01  1.84966561e+07  3.05987233e+01 
 1.87108661e+07 -2.76789550e+01  1.87108661e+07  2.94534120e+01 
 1.89275568e+07 -2.78444600e+01  1.89275568e+07  2.83066737e+01 
 1.91467570e+07 -2.80104953e+01  1.91467570e+07  2.71584651e+01 
 1.93684957e+07 -2.81770725e+01  1.93684957e+07  2.60087454e+01 
 1.95928024e+07 -2.83442034e+01  1.95928024e+07  2.48574767e+01 
 1.98197069e+07 -2.85118997e+01  1.98197069e+07  2.37046242e+01 
 2.00492391e+07 -2.86801735e+01  2.00492391e+07  2.25501559e+01 
 2.02814295e+07 -2.88490368e+01  2.02814295e+07  2.13940429e+01 
 2.05163089e+07 -2.90185018e+01  2.05163089e+07  2.02362596e+01 
 2.07539085e+07 -2.91885807e+01  2.07539085e+07  1.90767837e+01 
 2.09942597e+07 -2.93592858e+01  2.09942597e+07  1.79155959e+01 
 2.12373944e+07 -2.95306295e+01  2.12373944e+07  1.67526806e+01 
 2.14833448e+07 -2.97026241e+01  2.14833448e+07  1.55880254e+01 
 2.17321436e+07 -2.98752821e+01  2.17321436e+07  1.44216215e+01 
 2.19838238e+07 -3.00486158e+01  2.19838238e+07  1.32534637e+01 
 2.22384186e+07 -3.02226376e+01  2.22384186e+07  1.20835502e+01 
 2.24959620e+07 -3.03973599e+01  2.24959620e+07  1.09118831e+01 
 2.27564879e+07 -3.05727950e+01  2.27564879e+07  9.73846797e+00 
 2.30200310e+07 -3.07489552e+01  2.30200310e+07  8.56331429e+00 
 2.32866262e+07 -3.09258527e+01  2.32866262e+07  7.38643523e+00 
 2.35563088e+07 -3.11034995e+01  2.35563088e+07  6.20784780e+00 
 2.38291146e+07 -3.12819077e+01  2.38291146e+07  5.02757287e+00 
 2.41050798e+07 -3.14610892e+01  2.41050798e+07  3.84563519e+00 
 2.43842409e+07 -3.16410557e+01  2.43842409e+07  2.66206343e+00 
 2.46666350e+07 -3.18218189e+01  2.46666350e+07  1.47689019e+00 
 2.49522996e+07 -3.20033901e+01  2.49522996e+07  2.90152053e-01 
 2.52412724e+07 -3.21857807e+01  2.52412724e+07 -8.98110423e-01 
 2.55335918e+07 -3.23690018e+01  2.55335918e+07 -2.08785269e+00 
 2.58292965e+07 -3.25530642e+01  2.58292965e+07 -3.27902616e+00 
 2.61284258e+07 -3.27379786e+01  2.61284258e+07 -4.47157826e+00 
 2.64310194e+07 -3.29237553e+01  2.64310194e+07 -5.66545237e+00 
 2.67371172e+07 -3.31104046e+01  2.67371172e+07 -6.86058782e+00 
 2.70467600e+07 -3.32979364e+01  2.70467600e+07 -8.05691993e+00 
 2.73599888e+07 -3.34863602e+01  2.73599888e+07 -9.25437998e+00 
 2.76768451e+07 -3.36756853e+01  2.76768451e+07 -1.04528952e+01 
 2.79973709e+07 -3.38659209e+01  2.79973709e+07 -1.16523890e+01 
 2.83216087e+07 -3.40570754e+01  2.83216087e+07 -1.28527804e+01 
 2.86496015e+07 -3.42491573e+01  2.86496015e+07 -1.40539848e+01 
 2.89813928e+07 -3.44421745e+01  2.89813928e+07 -1.52559136e+01 
 2.93170265e+07 -3.46361347e+01  2.93170265e+07 -1.64584740e+01 
 2.96565473e+07 -3.48310449e+01  2.96565473e+07 -1.76615696e+01 
 3.00000000e+07 -3.50269121e+01  3.00000000e+07 -1.88651000e+01 
