 2.00000000e-01  1.47633295e+00  2.00000000e-01  6.78861858e+01 
 2.02316202e-01  1.56203236e+00  2.02316202e-01  6.76551518e+01 
 2.04659228e-01  1.64744699e+00  2.04659228e-01  6.74222189e+01 
 2.07029388e-01  1.73257215e+00  2.07029388e-01  6.71873869e+01 
 2.09426997e-01  1.81740313e+00  2.09426997e-01  6.69506564e+01 
 2.11852373e-01  1.90193517e+00  2.11852373e-01  6.67120281e+01 
 2.14305837e-01  1.98616347e+00  2.14305837e-01  6.64715037e+01 
 2.16787715e-01  2.07008322e+00  2.16787715e-01  6.62290850e+01 
 2.19298335e-01  2.15368956e+00  2.19298335e-01  6.59847748e+01 
 2.21838031e-01  2.23697760e+00  2.21838031e-01  6.57385761e+01 
 2.24407140e-01  2.31994243e+00  2.24407140e-01  6.54904927e+01 
 2.27006001e-01  2.40257909e+00  2.27006001e-01  6.52405288e+01 
 2.29634959e-01  2.48488263e+00  2.29634959e-01  6.49886895e+01 
 2.32294364e-01  2.56684806e+00  2.32294364e-01  6.47349802e+01 
 2.34984567e-01  2.64847035e+00  2.34984567e-01  6.44794071e+01 
 2.37705925e-01  2.72974448e+00  2.37705925e-01  6.42219771e+01 
 2.40458800e-01  2.81066540e+00  2.40458800e-01  6.39626974e+01 
 2.43243555e-01  2.89122804e+00  2.43243555e-01  6.37015764e+01 
 2.46060561e-01  2.97142733e+00  2.46060561e-01  6.34386226e+01 
 2.48910190e-01  3.05125818e+00  2.48910190e-01  6.31738456e+01 
 2.51792821e-01  3.13071549e+00  2.51792821e-01  6.29072555e+01 
 2.54708836e-01  3.20979417e+00  2.54708836e-01  6.26388631e+01 
 2.57658622e-01  3.28848911e+00  2.57658622e-01  6.23686800e+01 
 2.60642568e-01  3.36679521e+00  2.60642568e-01  6.20967183e+01 
 2.63661072e-01  3.44470736e+00  2.63661072e-01  6.18229912e+01 
 2.66714534e-01  3.52222048e+00  2.66714534e-01  6.15475121e+01 
 2.69803357e-01  3.59932947e+00  2.69803357e-01  6.12702957e+01 
 2.72927952e-01  3.67602927e+00  2.72927952e-01  6.09913570e+01 
 2.76088733e-01  3.75231480e+00  2.76088733e-01  6.07107119e+01 
 2.79286119e-01  3.82818103e+00  2.79286119e-01  6.04283771e+01 
 2.82520534e-01  3.90362294e+00  2.82520534e-01  6.01443700e+01 
 2.85792407e-01  3.97863551e+00  2.85792407e-01  5.98587088e+01 
 2.89102171e-01  4.05321379e+00  2.89102171e-01  5.95714125e+01 
 2.92450266e-01  4.12735283e+00  2.92450266e-01  5.92825006e+01 
 2.95837135e-01  4.20104773e+00  2.95837135e-01  5.89919937e+01 
 2.99263228e-01  4.27429360e+00  2.99263228e-01  5.86999130e+01 
 3.02728998e-01  4.34708562e+00  3.02728998e-01  5.84062805e+01 
 3.06234905e-01  4.41941900e+00  3.06234905e-01  5.81111190e+01 
 3.09781414e-01  4.49128900e+00  3.09781414e-01  5.78144520e+01 
 3.13368996e-01  4.56269094e+00  3.13368996e-01  5.75163038e+01 
 3.16998125e-01  4.63362018e+00  3.16998125e-01  5.72166994e+01 
 3.20669283e-01  4.70407214e+00  3.20669283e-01  5.69156647e+01 
 3.24382957e-01  4.77404230e+00  3.24382957e-01  5.66132262e+01 
 3.28139639e-01  4.84352623e+00  3.28139639e-01  5.63094113e+01 
 3.31939827e-01  4.91251953e+00  3.31939827e-01  5.60042480e+01 
 3.35784025e-01  4.98101790e+00  3.35784025e-01  5.56977651e+01 
 3.39672743e-01  5.04901711e+00  3.39672743e-01  5.53899921e+01 
 3.43606496e-01  5.11651300e+00  3.43606496e-01  5.50809593e+01 
 3.47585805e-01  5.18350151e+00  3.47585805e-01  5.47706975e+01 
 3.51611200e-01  5.24997865e+00  3.51611200e-01  5.44592386e+01 
 3.55683212e-01  5.31594052e+00  3.55683212e-01  5.41466147e+01 
 3.59802383e-01  5.38138333e+00  3.59802383e-01  5.38328589e+01 
 3.63969257e-01  5.44630338e+00  3.63969257e-01  5.35180048e+01 
 3.68184388e-01  5.51069706e+00  3.68184388e-01  5.32020868e+01 
 3.72448335e-01  5.57456088e+00  3.72448335e-01  5.28851399e+01 
 3.76761663e-01  5.63789143e+00  3.76761663e-01  5.25671996e+01 
 3.81124943e-01  5.70068545e+00  3.81124943e-01  5.22483020e+01 
 3.85538754e-01  5.76293975e+00  3.85538754e-01  5.19284839e+01 
 3.90003682e-01  5.82465130e+00  3.90003682e-01  5.16077827e+01 
 3.94520318e-01  5.88581715e+00  3.94520318e-01  5.12862361e+01 
 3.99089261e-01  5.94643450e+00  3.99089261e-01  5.09638826e+01 
 4.03711118e-01  6.00650065e+00  4.03711118e-01  5.06407610e+01 
 4.08386500e-01  6.06601305e+00  4.08386500e-01  5.03169107e+01 
 4.13116027e-01  6.12496927e+00  4.13116027e-01  4.99923716e+01 
 4.17900328e-01  6.18336701e+00  4.17900328e-01  4.96671840e+01 
 4.22740035e-01  6.24120412e+00  4.22740035e-01  4.93413884e+01 
 4.27635791e-01  6.29847856e+00  4.27635791e-01  4.90150260e+01 
 4.32588245e-01  6.35518844e+00  4.32588245e-01  4.86881382e+01 
 4.37598053e-01  6.41133203e+00  4.37598053e-01  4.83607668e+01 
 4.42665880e-01  6.46690772e+00  4.42665880e-01  4.80329538e+01 
 4.47792398e-01  6.52191406e+00  4.47792398e-01  4.77047418e+01 
 4.52978286e-01  6.57634972e+00  4.52978286e-01  4.73761732e+01 
 4.58224231e-01  6.63021355e+00  4.58224231e-01  4.70472911e+01 
 4.63530930e-01  6.68350452e+00  4.63530930e-01  4.67181384e+01 
 4.68899086e-01  6.73622178e+00  4.68899086e-01  4.63887584e+01 
 4.74329410e-01  6.78836461e+00  4.74329410e-01  4.60591945e+01 
 4.79822623e-01  6.83993243e+00  4.79822623e-01  4.57294904e+01 
 4.85379453e-01  6.89092484e+00  4.85379453e-01  4.53996895e+01 
 4.91000637e-01  6.94134157e+00  4.91000637e-01  4.50698356e+01 
 4.96686920e-01  6.99118252e+00  4.96686920e-01  4.47399724e+01 
 5.02439056e-01  7.04044773e+00  5.02439056e-01  4.44101436e+01 
 5.08257807e-01  7.08913740e+00  5.08257807e-01  4.40803929e+01 
 5.14143945e-01  7.13725188e+00  5.14143945e-01  4.37507641e+01 
 5.20098251e-01  7.18479165e+00  5.20098251e-01  4.34213006e+01 
 5.26121513e-01  7.23175739e+00  5.26121513e-01  4.30920459e+01 
 5.32214531e-01  7.27814989e+00  5.32214531e-01  4.27630434e+01 
 5.38378112e-01  7.32397011e+00  5.38378112e-01  4.24343362e+01 
 5.44613074e-01  7.36921915e+00  5.44613074e-01  4.21059673e+01 
 5.50920243e-01  7.41389825e+00  5.50920243e-01  4.17779795e+01 
 5.57300455e-01  7.45800881e+00  5.57300455e-01  4.14504151e+01 
 5.63754556e-01  7.50155239e+00  5.63754556e-01  4.11233165e+01 
 5.70283403e-01  7.54453065e+00  5.70283403e-01  4.07967255e+01 
 5.76887860e-01  7.58694543e+00  5.76887860e-01  4.04706838e+01 
 5.83568804e-01  7.62879869e+00  5.83568804e-01  4.01452326e+01 
 5.90327119e-01  7.67009254e+00  5.90327119e-01  3.98204127e+01 
 5.97163703e-01  7.71082922e+00  5.97163703e-01  3.94962645e+01 
 6.04079461e-01  7.75101111e+00  6.04079461e-01  3.91728282e+01 
 6.11075310e-01  7.79064069e+00  6.11075310e-01  3.88501432e+01 
 6.18152179e-01  7.82972062e+00  6.18152179e-01  3.85282487e+01 
 6.25311005e-01  7.86825364e+00  6.25311005e-01  3.82071832e+01 
 6.32552737e-01  7.90624265e+00  6.32552737e-01  3.78869848e+01 
 6.39878336e-01  7.94369063e+00  6.39878336e-01  3.75676912e+01 
 6.47288773e-01  7.98060072e+00  6.47288773e-01  3.72493392e+01 
 6.54785030e-01  8.01697614e+00  6.54785030e-01  3.69319653e+01 
 6.62368101e-01  8.05282024e+00  6.62368101e-01  3.66156053e+01 
 6.70038992e-01  8.08813648e+00  6.70038992e-01  3.63002945e+01 
 6.77798719e-01  8.12292841e+00  6.77798719e-01  3.59860673e+01 
 6.85648312e-01  8.15719969e+00  6.85648312e-01  3.56729578e+01 
 6.93588812e-01  8.19095409e+00  6.93588812e-01  3.53609993e+01 
 7.01621270e-01  8.22419546e+00  7.01621270e-01  3.50502243e+01 
 7.09746752e-01  8.25692774e+00  7.09746752e-01  3.47406648e+01 
 7.17966335e-01  8.28915496e+00  7.17966335e-01  3.44323521e+01 
 7.26281110e-01  8.32088125e+00  7.26281110e-01  3.41253167e+01 
 7.34692178e-01  8.35211081e+00  7.34692178e-01  3.38195884e+01 
 7.43200655e-01  8.38284790e+00  7.43200655e-01  3.35151963e+01 
 7.51807668e-01  8.41309689e+00  7.51807668e-01  3.32121688e+01 
 7.60514359e-01  8.44286218e+00  7.60514359e-01  3.29105335e+01 
 7.69321883e-01  8.47214828e+00  7.69321883e-01  3.26103173e+01 
 7.78231406e-01  8.50095972e+00  7.78231406e-01  3.23115464e+01 
 7.87244111e-01  8.52930113e+00  7.87244111e-01  3.20142460e+01 
 7.96361192e-01  8.55717716e+00  7.96361192e-01  3.17184410e+01 
 8.05583858e-01  8.58459253e+00  8.05583858e-01  3.14241550e+01 
 8.14913332e-01  8.61155202e+00  8.14913332e-01  3.11314112e+01 
 8.24350851e-01  8.63806043e+00  8.24350851e-01  3.08402319e+01 
 8.33897665e-01  8.66412263e+00  8.33897665e-01  3.05506387e+01 
 8.43555041e-01  8.68974349e+00  8.43555041e-01  3.02626523e+01 
 8.53324260e-01  8.71492795e+00  8.53324260e-01  2.99762928e+01 
 8.63206616e-01  8.73968098e+00  8.63206616e-01  2.96915794e+01 
 8.73203419e-01  8.76400755e+00  8.73203419e-01  2.94085306e+01 
 8.83315996e-01  8.78791269e+00  8.83315996e-01  2.91271642e+01 
 8.93545686e-01  8.81140142e+00  8.93545686e-01  2.88474972e+01 
 9.03893847e-01  8.83447881e+00  9.03893847e-01  2.85695457e+01 
 9.14361849e-01  8.85714991e+00  9.14361849e-01  2.82933252e+01 
 9.24951082e-01  8.87941982e+00  9.24951082e-01  2.80188505e+01 
 9.35662949e-01  8.90129362e+00  9.35662949e-01  2.77461356e+01 
 9.46498870e-01  8.92277642e+00  9.46498870e-01  2.74751937e+01 
 9.57460281e-01  8.94387331e+00  9.57460281e-01  2.72060374e+01 
 9.68548637e-01  8.96458940e+00  9.68548637e-01  2.69386785e+01 
 9.79765408e-01  8.98492979e+00  9.79765408e-01  2.66731282e+01 
 9.91112080e-01  9.00489958e+00  9.91112080e-01  2.64093968e+01 
 1.00259016e+00  9.02450386e+00  1.00259016e+00  2.61474941e+01 
 1.01420116e+00  9.04374771e+00  1.01420116e+00  2.58874293e+01 
 1.02594664e+00  9.06263620e+00  1.02594664e+00  2.56292105e+01 
 1.03782813e+00  9.08117439e+00  1.03782813e+00  2.53728456e+01 
 1.04984723e+00  9.09936731e+00  1.04984723e+00  2.51183417e+01 
 1.06200552e+00  9.11722000e+00  1.06200552e+00  2.48657051e+01 
 1.07430462e+00  9.13473744e+00  1.07430462e+00  2.46149417e+01 
 1.08674615e+00  9.15192461e+00  1.08674615e+00  2.43660566e+01 
 1.09933176e+00  9.16878648e+00  1.09933176e+00  2.41190544e+01 
 1.11206313e+00  9.18532797e+00  1.11206313e+00  2.38739391e+01 
 1.12494195e+00  9.20155397e+00  1.12494195e+00  2.36307141e+01 
 1.13796991e+00  9.21746936e+00  1.13796991e+00  2.33893822e+01 
 1.15114875e+00  9.23307898e+00  1.15114875e+00  2.31499457e+01 
 1.16448021e+00  9.24838763e+00  1.16448021e+00  2.29124062e+01 
 1.17796607e+00  9.26340008e+00  1.17796607e+00  2.26767650e+01 
 1.19160810e+00  9.27812106e+00  1.19160810e+00  2.24430226e+01 
 1.20540813e+00  9.29255528e+00  1.20540813e+00  2.22111792e+01 
 1.21936797e+00  9.30670740e+00  1.21936797e+00  2.19812345e+01 
 1.23348948e+00  9.32058202e+00  1.23348948e+00  2.17531875e+01 
 1.24777453e+00  9.33418374e+00  1.24777453e+00  2.15270370e+01 
 1.26222502e+00  9.34751709e+00  1.26222502e+00  2.13027811e+01 
 1.27684286e+00  9.36058657e+00  1.27684286e+00  2.10804176e+01 
 1.29162999e+00  9.37339661e+00  1.29162999e+00  2.08599438e+01 
 1.30658837e+00  9.38595164e+00  1.30658837e+00  2.06413566e+01 
 1.32171998e+00  9.39825601e+00  1.32171998e+00  2.04246525e+01 
 1.33702683e+00  9.41031403e+00  1.33702683e+00  2.02098275e+01 
 1.35251095e+00  9.42212997e+00  1.35251095e+00  1.99968773e+01 
 1.36817439e+00  9.43370806e+00  1.36817439e+00  1.97857972e+01 
 1.38401923e+00  9.44505246e+00  1.38401923e+00  1.95765822e+01 
 1.40004757e+00  9.45616730e+00  1.40004757e+00  1.93692267e+01 
 1.41626153e+00  9.46705666e+00  1.41626153e+00  1.91637252e+01 
 1.43266327e+00  9.47772455e+00  1.43266327e+00  1.89600713e+01 
 1.44925496e+00  9.48817496e+00  1.44925496e+00  1.87582589e+01 
 1.46603879e+00  9.49841181e+00  1.46603879e+00  1.85582810e+01 
 1.48301700e+00  9.50843897e+00  1.48301700e+00  1.83601307e+01 
 1.50019183e+00  9.51826028e+00  1.50019183e+00  1.81638007e+01 
 1.51756557e+00  9.52787950e+00  1.51756557e+00  1.79692834e+01 
 1.53514051e+00  9.53730036e+00  1.53514051e+00  1.77765709e+01 
 1.55291899e+00  9.54652654e+00  1.55291899e+00  1.75856552e+01 
 1.57090335e+00  9.55556165e+00  1.57090335e+00  1.73965278e+01 
 1.58909600e+00  9.56440926e+00  1.58909600e+00  1.72091802e+01 
 1.60749933e+00  9.57307290e+00  1.60749933e+00  1.70236035e+01 
 1.62611580e+00  9.58155604e+00  1.62611580e+00  1.68397888e+01 
 1.64494786e+00  9.58986209e+00  1.64494786e+00  1.66577268e+01 
 1.66399802e+00  9.59799442e+00  1.66399802e+00  1.64774080e+01 
 1.68326879e+00  9.60595635e+00  1.68326879e+00  1.62988229e+01 
 1.70276274e+00  9.61375115e+00  1.70276274e+00  1.61219617e+01 
 1.72248245e+00  9.62138204e+00  1.72248245e+00  1.59468143e+01 
 1.74243054e+00  9.62885218e+00  1.74243054e+00  1.57733707e+01 
 1.76260964e+00  9.63616469e+00  1.76260964e+00  1.56016205e+01 
 1.78302244e+00  9.64332264e+00  1.78302244e+00  1.54315534e+01 
 1.80367164e+00  9.65032905e+00  1.80367164e+00  1.52631588e+01 
 1.82455997e+00  9.65718689e+00  1.82455997e+00  1.50964260e+01 
 1.84569022e+00  9.66389909e+00  1.84569022e+00  1.49313441e+01 
 1.86706517e+00  9.67046852e+00  1.86706517e+00  1.47679023e+01 
 1.88868767e+00  9.67689800e+00  1.88868767e+00  1.46060896e+01 
 1.91056058e+00  9.68319032e+00  1.91056058e+00  1.44458947e+01 
 1.93268680e+00  9.68934821e+00  1.93268680e+00  1.42873066e+01 
 1.95506926e+00  9.69537436e+00  1.95506926e+00  1.41303138e+01 
 1.97771094e+00  9.70127140e+00  1.97771094e+00  1.39749049e+01 
 2.00061483e+00  9.70704195e+00  2.00061483e+00  1.38210686e+01 
 2.02378396e+00  9.71268854e+00  2.02378396e+00  1.36687934e+01 
 2.04722142e+00  9.71821368e+00  2.04722142e+00  1.35180675e+01 
 2.07093031e+00  9.72361984e+00  2.07093031e+00  1.33688794e+01 
 2.09491378e+00  9.72890943e+00  2.09491378e+00  1.32212174e+01 
 2.11917499e+00  9.73408483e+00  2.11917499e+00  1.30750698e+01 
 2.14371718e+00  9.73914838e+00  2.14371718e+00  1.29304247e+01 
 2.16854358e+00  9.74410236e+00  2.16854358e+00  1.27872704e+01 
 2.19365751e+00  9.74894902e+00  2.19365751e+00  1.26455951e+01 
 2.21906227e+00  9.75369058e+00  2.21906227e+00  1.25053869e+01 
 2.24476125e+00  9.75832920e+00  2.24476125e+00  1.23666339e+01 
 2.27075785e+00  9.76286701e+00  2.27075785e+00  1.22293243e+01 
 2.29705552e+00  9.76730610e+00  2.29705552e+00  1.20934461e+01 
 2.32365774e+00  9.77164852e+00  2.32365774e+00  1.19589874e+01 
 2.35056804e+00  9.77589627e+00  2.35056804e+00  1.18259364e+01 
 2.37778999e+00  9.78005134e+00  2.37778999e+00  1.16942811e+01 
 2.40532720e+00  9.78411567e+00  2.40532720e+00  1.15640097e+01 
 2.43318331e+00  9.78809114e+00  2.43318331e+00  1.14351102e+01 
 2.46136203e+00  9.79197963e+00  2.46136203e+00  1.13075708e+01 
 2.48986709e+00  9.79578296e+00  2.48986709e+00  1.11813796e+01 
 2.51870226e+00  9.79950292e+00  2.51870226e+00  1.10565248e+01 
 2.54787137e+00  9.80314128e+00  2.54787137e+00  1.09329946e+01 
 2.57737829e+00  9.80669975e+00  2.57737829e+00  1.08107772e+01 
 2.60722693e+00  9.81018004e+00  2.60722693e+00  1.06898608e+01 
 2.63742125e+00  9.81358378e+00  2.63742125e+00  1.05702338e+01 
 2.66796525e+00  9.81691262e+00  2.66796525e+00  1.04518844e+01 
 2.69886298e+00  9.82016815e+00  2.69886298e+00  1.03348010e+01 
 2.73011854e+00  9.82335191e+00  2.73011854e+00  1.02189719e+01 
 2.76173606e+00  9.82646545e+00  2.76173606e+00  1.01043857e+01 
 2.79371975e+00  9.82951027e+00  2.79371975e+00  9.99103069e+00 
 2.82607385e+00  9.83248784e+00  2.82607385e+00  9.87889549e+00 
 2.85880263e+00  9.83539959e+00  2.85880263e+00  9.76796865e+00 
 2.89191045e+00  9.83824694e+00  2.89191045e+00  9.65823878e+00 
 2.92540169e+00  9.84103127e+00  2.92540169e+00  9.54969457e+00 
 2.95928080e+00  9.84375395e+00  2.95928080e+00  9.44232472e+00 
 2.99355225e+00  9.84641628e+00  2.99355225e+00  9.33611802e+00 
 3.02822061e+00  9.84901959e+00  3.02822061e+00  9.23106331e+00 
 3.06329046e+00  9.85156514e+00  3.06329046e+00  9.12714949e+00 
 3.09876645e+00  9.85405418e+00  3.09876645e+00  9.02436552e+00 
 3.13465329e+00  9.85648793e+00  3.13465329e+00  8.92270040e+00 
 3.17095574e+00  9.85886760e+00  3.17095574e+00  8.82214322e+00 
 3.20767861e+00  9.86119435e+00  3.20767861e+00  8.72268313e+00 
 3.24482676e+00  9.86346934e+00  3.24482676e+00  8.62430934e+00 
 3.28240513e+00  9.86569368e+00  3.28240513e+00  8.52701112e+00 
 3.32041869e+00  9.86786849e+00  3.32041869e+00  8.43077782e+00 
 3.35887249e+00  9.86999484e+00  3.35887249e+00  8.33559884e+00 
 3.39777162e+00  9.87207379e+00  3.39777162e+00  8.24146368e+00 
 3.43712125e+00  9.87410637e+00  3.43712125e+00  8.14836188e+00 
 3.47692658e+00  9.87609360e+00  3.47692658e+00  8.05628307e+00 
 3.51719290e+00  9.87803647e+00  3.51719290e+00  7.96521693e+00 
 3.55792554e+00  9.87993594e+00  3.55792554e+00  7.87515324e+00 
 3.59912991e+00  9.88179298e+00  3.59912991e+00  7.78608183e+00 
 3.64081146e+00  9.88360851e+00  3.64081146e+00  7.69799262e+00 
 3.68297573e+00  9.88538343e+00  3.68297573e+00  7.61087559e+00 
 3.72562831e+00  9.88711866e+00  3.72562831e+00  7.52472080e+00 
 3.76877484e+00  9.88881505e+00  3.76877484e+00  7.43951838e+00 
 3.81242106e+00  9.89047346e+00  3.81242106e+00  7.35525856e+00 
 3.85657274e+00  9.89209472e+00  3.85657274e+00  7.27193160e+00 
 3.90123574e+00  9.89367967e+00  3.90123574e+00  7.18952788e+00 
 3.94641599e+00  9.89522909e+00  3.94641599e+00  7.10803783e+00 
 3.99211947e+00  9.89674377e+00  3.99211947e+00  7.02745197e+00 
 4.03835224e+00  9.89822447e+00  4.03835224e+00  6.94776089e+00 
 4.08512043e+00  9.89967196e+00  4.08512043e+00  6.86895524e+00 
 4.13243025e+00  9.90108696e+00  4.13243025e+00  6.79102579e+00 
 4.18028796e+00  9.90247019e+00  4.18028796e+00  6.71396334e+00 
 4.22869991e+00  9.90382236e+00  4.22869991e+00  6.63775879e+00 
 4.27767252e+00  9.90514415e+00  4.27767252e+00  6.56240313e+00 
 4.32721228e+00  9.90643624e+00  4.32721228e+00  6.48788740e+00 
 4.37732577e+00  9.90769929e+00  4.37732577e+00  6.41420272e+00 
 4.42801962e+00  9.90893394e+00  4.42801962e+00  6.34134031e+00 
 4.47930055e+00  9.91014082e+00  4.47930055e+00  6.26929145e+00 
 4.53117537e+00  9.91132054e+00  4.53117537e+00  6.19804749e+00 
 4.58365095e+00  9.91247372e+00  4.58365095e+00  6.12759986e+00 
 4.63673425e+00  9.91360095e+00  4.63673425e+00  6.05794009e+00 
 4.69043232e+00  9.91470279e+00  4.69043232e+00  5.98905976e+00 
 4.74475225e+00  9.91577982e+00  4.74475225e+00  5.92095052e+00 
 4.79970127e+00  9.91683259e+00  4.79970127e+00  5.85360413e+00 
 4.85528665e+00  9.91786164e+00  4.85528665e+00  5.78701239e+00 
 4.91151577e+00  9.91886750e+00  4.91151577e+00  5.72116720e+00 
 4.96839608e+00  9.91985068e+00  4.96839608e+00  5.65606051e+00 
 5.02593512e+00  9.92081170e+00  5.02593512e+00  5.59168438e+00 
 5.08414052e+00  9.92175104e+00  5.08414052e+00  5.52803091e+00 
 5.14302000e+00  9.92266920e+00  5.14302000e+00  5.46509230e+00 
 5.20258136e+00  9.92356664e+00  5.20258136e+00  5.40286080e+00 
 5.26283250e+00  9.92444383e+00  5.26283250e+00  5.34132875e+00 
 5.32378141e+00  9.92530122e+00  5.32378141e+00  5.28048857e+00 
 5.38543617e+00  9.92613926e+00  5.38543617e+00  5.22033272e+00 
 5.44780495e+00  9.92695837e+00  5.44780495e+00  5.16085378e+00 
 5.51089603e+00  9.92775899e+00  5.51089603e+00  5.10204435e+00 
 5.57471776e+00  9.92854152e+00  5.57471776e+00  5.04389715e+00 
 5.63927862e+00  9.92930638e+00  5.63927862e+00  4.98640494e+00 
 5.70458716e+00  9.93005395e+00  5.70458716e+00  4.92956056e+00 
 5.77065203e+00  9.93078463e+00  5.77065203e+00  4.87335692e+00 
 5.83748200e+00  9.93149879e+00  5.83748200e+00  4.81778700e+00 
 5.90508593e+00  9.93219681e+00  5.90508593e+00  4.76284385e+00 
 5.97347279e+00  9.93287905e+00  5.97347279e+00  4.70852059e+00 
 6.04265163e+00  9.93354586e+00  6.04265163e+00  4.65481042e+00 
 6.11263163e+00  9.93419759e+00  6.11263163e+00  4.60170657e+00 
 6.18342207e+00  9.93483457e+00  6.18342207e+00  4.54920239e+00 
 6.25503234e+00  9.93545715e+00  6.25503234e+00  4.49729125e+00 
 6.32747192e+00  9.93606564e+00  6.32747192e+00  4.44596662e+00 
 6.40075043e+00  9.93666035e+00  6.40075043e+00  4.39522203e+00 
 6.47487758e+00  9.93724161e+00  6.47487758e+00  4.34505105e+00 
 6.54986319e+00  9.93780971e+00  6.54986319e+00  4.29544736e+00 
 6.62571722e+00  9.93836496e+00  6.62571722e+00  4.24640466e+00 
 6.70244971e+00  9.93890762e+00  6.70244971e+00  4.19791674e+00 
 6.78007084e+00  9.93943801e+00  6.78007084e+00  4.14997745e+00 
 6.85859090e+00  9.93995638e+00  6.85859090e+00  4.10258070e+00 
 6.93802030e+00  9.94046301e+00  6.93802030e+00  4.05572048e+00 
 7.01836957e+00  9.94095816e+00  7.01836957e+00  4.00939081e+00 
 7.09964937e+00  9.94144209e+00  7.09964937e+00  3.96358579e+00 
 7.18187048e+00  9.94191507e+00  7.18187048e+00  3.91829959e+00 
 7.26504378e+00  9.94237732e+00  7.26504378e+00  3.87352642e+00 
 7.34918032e+00  9.94282910e+00  7.34918032e+00  3.82926058e+00 
 7.43429124e+00  9.94327064e+00  7.43429124e+00  3.78549640e+00 
 7.52038784e+00  9.94370217e+00  7.52038784e+00  3.74222828e+00 
 7.60748151e+00  9.94412392e+00  7.60748151e+00  3.69945068e+00 
 7.69558382e+00  9.94453611e+00  7.69558382e+00  3.65715812e+00 
 7.78470645e+00  9.94493895e+00  7.78470645e+00  3.61534518e+00 
 7.87486120e+00  9.94533266e+00  7.87486120e+00  3.57400650e+00 
 7.96606004e+00  9.94571744e+00  7.96606004e+00  3.53313676e+00 
 8.05831505e+00  9.94609350e+00  8.05831505e+00  3.49273071e+00 
 8.15163847e+00  9.94646103e+00  8.15163847e+00  3.45278315e+00 
 8.24604267e+00  9.94682022e+00  8.24604267e+00  3.41328895e+00 
 8.34154016e+00  9.94717126e+00  8.34154016e+00  3.37424301e+00 
 8.43814361e+00  9.94751434e+00  8.43814361e+00  3.33564030e+00 
 8.53586583e+00  9.94784963e+00  8.53586583e+00  3.29747585e+00 
 8.63471977e+00  9.94817732e+00  8.63471977e+00  3.25974473e+00 
 8.73471853e+00  9.94849757e+00  8.73471853e+00  3.22244207e+00 
 8.83587539e+00  9.94881056e+00  8.83587539e+00  3.18556305e+00 
 8.93820374e+00  9.94911644e+00  8.93820374e+00  3.14910290e+00 
 9.04171716e+00  9.94941538e+00  9.04171716e+00  3.11305690e+00 
 9.14642936e+00  9.94970754e+00  9.14642936e+00  3.07742040e+00 
 9.25235424e+00  9.94999306e+00  9.25235424e+00  3.04218877e+00 
 9.35950584e+00  9.95027211e+00  9.35950584e+00  3.00735745e+00 
 9.46789836e+00  9.95054482e+00  9.46789836e+00  2.97292192e+00 
 9.57754617e+00  9.95081134e+00  9.57754617e+00  2.93887772e+00 
 9.68846382e+00  9.95107180e+00  9.68846382e+00  2.90522043e+00 
 9.80066601e+00  9.95132636e+00  9.80066601e+00  2.87194568e+00 
 9.91416761e+00  9.95157513e+00  9.91416761e+00  2.83904915e+00 
 1.00289837e+01  9.95181826e+00  1.00289837e+01  2.80652656e+00 
 1.01451294e+01  9.95205586e+00  1.01451294e+01  2.77437368e+00 
 1.02626203e+01  9.95228807e+00  1.02626203e+01  2.74258634e+00 
 1.03814717e+01  9.95251501e+00  1.03814717e+01  2.71116039e+00 
 1.05016997e+01  9.95273679e+00  1.05016997e+01  2.68009174e+00 
 1.06233199e+01  9.95295354e+00  1.06233199e+01  2.64937636e+00 
 1.07463487e+01  9.95316536e+00  1.07463487e+01  2.61901023e+00 
 1.08708023e+01  9.95337237e+00  1.08708023e+01  2.58898939e+00 
 1.09966971e+01  9.95357468e+00  1.09966971e+01  2.55930994e+00 
 1.11240500e+01  9.95377239e+00  1.11240500e+01  2.52996800e+00 
 1.12528777e+01  9.95396562e+00  1.12528777e+01  2.50095974e+00 
 1.13831974e+01  9.95415445e+00  1.13831974e+01  2.47228138e+00 
 1.15150263e+01  9.95433899e+00  1.15150263e+01  2.44392916e+00 
 1.16483819e+01  9.95451935e+00  1.16483819e+01  2.41589939e+00 
 1.17832819e+01  9.95469560e+00  1.17832819e+01  2.38818841e+00 
 1.19197442e+01  9.95486785e+00  1.19197442e+01  2.36079258e+00 
 1.20577869e+01  9.95503618e+00  1.20577869e+01  2.33370834e+00 
 1.21974282e+01  9.95520070e+00  1.21974282e+01  2.30693212e+00 
 1.23386867e+01  9.95536147e+00  1.23386867e+01  2.28046044e+00 
 1.24815812e+01  9.95551859e+00  1.24815812e+01  2.25428983e+00 
 1.26261305e+01  9.95567214e+00  1.26261305e+01  2.22841686e+00 
 1.27723538e+01  9.95582220e+00  1.27723538e+01  2.20283814e+00 
 1.29202705e+01  9.95596885e+00  1.29202705e+01  2.17755032e+00 
 1.30699003e+01  9.95611217e+00  1.30699003e+01  2.15255008e+00 
 1.32212629e+01  9.95625223e+00  1.32212629e+01  2.12783416e+00 
 1.33743785e+01  9.95638911e+00  1.33743785e+01  2.10339931e+00 
 1.35292673e+01  9.95652288e+00  1.35292673e+01  2.07924232e+00 
 1.36859499e+01  9.95665361e+00  1.36859499e+01  2.05536003e+00 
 1.38444470e+01  9.95678137e+00  1.38444470e+01  2.03174930e+00 
 1.40047796e+01  9.95690622e+00  1.40047796e+01  2.00840704e+00 
 1.41669691e+01  9.95702824e+00  1.41669691e+01  1.98533018e+00 
 1.43310369e+01  9.95714748e+00  1.43310369e+01  1.96251569e+00 
 1.44970048e+01  9.95726401e+00  1.44970048e+01  1.93996057e+00 
 1.46648947e+01  9.95737790e+00  1.46648947e+01  1.91766186e+00 
 1.48347290e+01  9.95748920e+00  1.48347290e+01  1.89561664e+00 
 1.50065301e+01  9.95759796e+00  1.50065301e+01  1.87382200e+00 
 1.51803209e+01  9.95770426e+00  1.51803209e+01  1.85227508e+00 
 1.53561243e+01  9.95780814e+00  1.53561243e+01  1.83097305e+00 
 1.55339637e+01  9.95790966e+00  1.55339637e+01  1.80991310e+00 
 1.57138627e+01  9.95800887e+00  1.57138627e+01  1.78909248e+00 
 1.58958451e+01  9.95810582e+00  1.58958451e+01  1.76850842e+00 
 1.60799350e+01  9.95820058e+00  1.60799350e+01  1.74815824e+00 
 1.62661569e+01  9.95829318e+00  1.62661569e+01  1.72803925e+00 
 1.64545354e+01  9.95838367e+00  1.64545354e+01  1.70814881e+00 
 1.66450955e+01  9.95847211e+00  1.66450955e+01  1.68848429e+00 
 1.68378625e+01  9.95855854e+00  1.68378625e+01  1.66904310e+00 
 1.70328619e+01  9.95864300e+00  1.70328619e+01  1.64982270e+00 
 1.72301197e+01  9.95872555e+00  1.72301197e+01  1.63082053e+00 
 1.74296618e+01  9.95880621e+00  1.74296618e+01  1.61203411e+00 
 1.76315149e+01  9.95888505e+00  1.76315149e+01  1.59346096e+00 
 1.78357056e+01  9.95896209e+00  1.78357056e+01  1.57509863e+00 
 1.80422611e+01  9.95903738e+00  1.80422611e+01  1.55694470e+00 
 1.82512087e+01  9.95911096e+00  1.82512087e+01  1.53899678e+00 
 1.84625761e+01  9.95918287e+00  1.84625761e+01  1.52125250e+00 
 1.86763914e+01  9.95925314e+00  1.86763914e+01  1.50370952e+00 
 1.88926828e+01  9.95932182e+00  1.88926828e+01  1.48636554e+00 
 1.91114791e+01  9.95938894e+00  1.91114791e+01  1.46921825e+00 
 1.93328093e+01  9.95945453e+00  1.93328093e+01  1.45226541e+00 
 1.95567028e+01  9.95951863e+00  1.95567028e+01  1.43550478e+00 
 1.97831891e+01  9.95958127e+00  1.97831891e+01  1.41893413e+00 
 2.00122984e+01  9.95964249e+00  2.00122984e+01  1.40255130e+00 
 2.02440610e+01  9.95970232e+00  2.02440610e+01  1.38635412e+00 
 2.04785077e+01  9.95976079e+00  2.04785077e+01  1.37034044e+00 
 2.07156695e+01  9.95981793e+00  2.07156695e+01  1.35450816e+00 
 2.09555778e+01  9.95987377e+00  2.09555778e+01  1.33885518e+00 
 2.11982645e+01  9.95992834e+00  2.11982645e+01  1.32337945e+00 
 2.14437618e+01  9.95998167e+00  2.14437618e+01  1.30807891e+00 
 2.16921022e+01  9.96003380e+00  2.16921022e+01  1.29295156e+00 
 2.19433187e+01  9.96008473e+00  2.19433187e+01  1.27799538e+00 
 2.21974444e+01  9.96013451e+00  2.21974444e+01  1.26320840e+00 
 2.24545132e+01  9.96018316e+00  2.24545132e+01  1.24858868e+00 
 2.27145591e+01  9.96023070e+00  2.27145591e+01  1.23413428e+00 
 2.29776167e+01  9.96027716e+00  2.29776167e+01  1.21984329e+00 
 2.32437206e+01  9.96032257e+00  2.32437206e+01  1.20571382e+00 
 2.35129064e+01  9.96036694e+00  2.35129064e+01  1.19174401e+00 
 2.37852095e+01  9.96041031e+00  2.37852095e+01  1.17793202e+00 
 2.40606663e+01  9.96045269e+00  2.40606663e+01  1.16427601e+00 
 2.43393131e+01  9.96049411e+00  2.43393131e+01  1.15077418e+00 
 2.46211869e+01  9.96053458e+00  2.46211869e+01  1.13742475e+00 
 2.49063250e+01  9.96057414e+00  2.49063250e+01  1.12422595e+00 
 2.51947654e+01  9.96061280e+00  2.51947654e+01  1.11117605e+00 
 2.54865462e+01  9.96065058e+00  2.54865462e+01  1.09827330e+00 
 2.57817061e+01  9.96068750e+00  2.57817061e+01  1.08551602e+00 
 2.60802843e+01  9.96072358e+00  2.60802843e+01  1.07290251e+00 
 2.63823203e+01  9.96075884e+00  2.63823203e+01  1.06043110e+00 
 2.66878542e+01  9.96079331e+00  2.66878542e+01  1.04810015e+00 
 2.69969265e+01  9.96082698e+00  2.69969265e+01  1.03590802e+00 
 2.73095781e+01  9.96085990e+00  2.73095781e+01  1.02385310e+00 
 2.76258506e+01  9.96089206e+00  2.76258506e+01  1.01193381e+00 
 2.79457858e+01  9.96092350e+00  2.79457858e+01  1.00014856e+00 
 2.82694262e+01  9.96095422e+00  2.82694262e+01  9.88495788e-01 
 2.85968147e+01  9.96098424e+00  2.85968147e+01  9.76973962e-01 
 2.89279946e+01  9.96101358e+00  2.89279946e+01  9.65581555e-01 
 2.92630100e+01  9.96104226e+00  2.92630100e+01  9.54317060e-01 
 2.96019052e+01  9.96107028e+00  2.96019052e+01  9.43178986e-01 
 2.99447251e+01  9.96109766e+00  2.99447251e+01  9.32165861e-01 
 3.02915152e+01  9.96112443e+00  3.02915152e+01  9.21276227e-01 
 3.06423215e+01  9.96115058e+00  3.06423215e+01  9.10508644e-01 
 3.09971905e+01  9.96117615e+00  3.09971905e+01  8.99861687e-01 
 3.13561693e+01  9.96120113e+00  3.13561693e+01  8.89333947e-01 
 3.17193054e+01  9.96122554e+00  3.17193054e+01  8.78924031e-01 
 3.20866469e+01  9.96124940e+00  3.20866469e+01  8.68630562e-01 
 3.24582427e+01  9.96127272e+00  3.24582427e+01  8.58452178e-01 
 3.28341419e+01  9.96129550e+00  3.28341419e+01  8.48387532e-01 
 3.32143943e+01  9.96131777e+00  3.32143943e+01  8.38435291e-01 
 3.35990505e+01  9.96133953e+00  3.35990505e+01  8.28594139e-01 
 3.39881614e+01  9.96136080e+00  3.39881614e+01  8.18862773e-01 
 3.43817786e+01  9.96138159e+00  3.43817786e+01  8.09239905e-01 
 3.47799543e+01  9.96140190e+00  3.47799543e+01  7.99724261e-01 
 3.51827413e+01  9.96142175e+00  3.51827413e+01  7.90314583e-01 
 3.55901929e+01  9.96144115e+00  3.55901929e+01  7.81009624e-01 
 3.60023633e+01  9.96146011e+00  3.60023633e+01  7.71808152e-01 
 3.64193070e+01  9.96147864e+00  3.64193070e+01  7.62708950e-01 
 3.68410793e+01  9.96149675e+00  3.68410793e+01  7.53710813e-01 
 3.72677361e+01  9.96151445e+00  3.72677361e+01  7.44812550e-01 
 3.76993341e+01  9.96153174e+00  3.76993341e+01  7.36012982e-01 
 3.81359304e+01  9.96154864e+00  3.81359304e+01  7.27310946e-01 
 3.85775830e+01  9.96156516e+00  3.85775830e+01  7.18705287e-01 
 3.90243503e+01  9.96158130e+00  3.90243503e+01  7.10194868e-01 
 3.94762917e+01  9.96159708e+00  3.94762917e+01  7.01778561e-01 
 3.99334670e+01  9.96161249e+00  3.99334670e+01  6.93455253e-01 
 4.03959368e+01  9.96162756e+00  4.03959368e+01  6.85223839e-01 
 4.08637625e+01  9.96164228e+00  4.08637625e+01  6.77083232e-01 
 4.13370061e+01  9.96165667e+00  4.13370061e+01  6.69032353e-01 
 4.18157303e+01  9.96167073e+00  4.18157303e+01  6.61070135e-01 
 4.22999987e+01  9.96168448e+00  4.22999987e+01  6.53195525e-01 
 4.27898753e+01  9.96169791e+00  4.27898753e+01  6.45407479e-01 
 4.32854253e+01  9.96171103e+00  4.32854253e+01  6.37704967e-01 
 4.37867142e+01  9.96172386e+00  4.37867142e+01  6.30086967e-01 
 4.42938085e+01  9.96173639e+00  4.42938085e+01  6.22552472e-01 
 4.48067755e+01  9.96174864e+00  4.48067755e+01  6.15100483e-01 
 4.53256831e+01  9.96176061e+00  4.53256831e+01  6.07730013e-01 
 4.58506003e+01  9.96177231e+00  4.58506003e+01  6.00440087e-01 
 4.63815965e+01  9.96178374e+00  4.63815965e+01  5.93229738e-01 
 4.69187422e+01  9.96179492e+00  4.69187422e+01  5.86098011e-01 
 4.74621085e+01  9.96180584e+00  4.74621085e+01  5.79043962e-01 
 4.80117676e+01  9.96181651e+00  4.80117676e+01  5.72066657e-01 
 4.85677923e+01  9.96182693e+00  4.85677923e+01  5.65165172e-01 
 4.91302564e+01  9.96183712e+00  4.91302564e+01  5.58338591e-01 
 4.96992343e+01  9.96184708e+00  4.96992343e+01  5.51586011e-01 
 5.02748016e+01  9.96185681e+00  5.02748016e+01  5.44906538e-01 
 5.08570345e+01  9.96186632e+00  5.08570345e+01  5.38299286e-01 
 5.14460103e+01  9.96187562e+00  5.14460103e+01  5.31763381e-01 
 5.20418070e+01  9.96188470e+00  5.20418070e+01  5.25297956e-01 
 5.26445036e+01  9.96189358e+00  5.26445036e+01  5.18902155e-01 
 5.32541801e+01  9.96190225e+00  5.32541801e+01  5.12575131e-01 
 5.38709172e+01  9.96191072e+00  5.38709172e+01  5.06316045e-01 
 5.44947968e+01  9.96191901e+00  5.44947968e+01  5.00124069e-01 
 5.51259015e+01  9.96192710e+00  5.51259015e+01  4.93998381e-01 
 5.57643151e+01  9.96193501e+00  5.57643151e+01  4.87938171e-01 
 5.64101221e+01  9.96194274e+00  5.64101221e+01  4.81942635e-01 
 5.70634082e+01  9.96195030e+00  5.70634082e+01  4.76010979e-01 
 5.77242601e+01  9.96195768e+00  5.77242601e+01  4.70142418e-01 
 5.83927652e+01  9.96196489e+00  5.83927652e+01  4.64336173e-01 
 5.90690124e+01  9.96197194e+00  5.90690124e+01  4.58591476e-01 
 5.97530911e+01  9.96197883e+00  5.97530911e+01  4.52907565e-01 
 6.04450922e+01  9.96198556e+00  6.04450922e+01  4.47283687e-01 
 6.11451073e+01  9.96199214e+00  6.11451073e+01  4.41719097e-01 
 6.18532294e+01  9.96199856e+00  6.18532294e+01  4.36213057e-01 
 6.25695522e+01  9.96200485e+00  6.25695522e+01  4.30764839e-01 
 6.32941707e+01  9.96201098e+00  6.32941707e+01  4.25373720e-01 
 6.40271811e+01  9.96201698e+00  6.40271811e+01  4.20038985e-01 
 6.47686804e+01  9.96202284e+00  6.47686804e+01  4.14759929e-01 
 6.55187671e+01  9.96202857e+00  6.55187671e+01  4.09535851e-01 
 6.62775405e+01  9.96203416e+00  6.62775405e+01  4.04366059e-01 
 6.70451013e+01  9.96203963e+00  6.70451013e+01  3.99249868e-01 
 6.78215512e+01  9.96204497e+00  6.78215512e+01  3.94186600e-01 
 6.86069932e+01  9.96205020e+00  6.86069932e+01  3.89175584e-01 
 6.94015314e+01  9.96205530e+00  6.94015314e+01  3.84216157e-01 
 7.02052711e+01  9.96206028e+00  7.02052711e+01  3.79307660e-01 
 7.10183190e+01  9.96206515e+00  7.10183190e+01  3.74449444e-01 
 7.18407828e+01  9.96206991e+00  7.18407828e+01  3.69640864e-01 
 7.26727715e+01  9.96207456e+00  7.26727715e+01  3.64881284e-01 
 7.35143955e+01  9.96207911e+00  7.35143955e+01  3.60170073e-01 
 7.43657664e+01  9.96208355e+00  7.43657664e+01  3.55506605e-01 
 7.52269970e+01  9.96208789e+00  7.52269970e+01  3.50890264e-01 
 7.60982015e+01  9.96209212e+00  7.60982015e+01  3.46320437e-01 
 7.69794955e+01  9.96209627e+00  7.69794955e+01  3.41796519e-01 
 7.78709957e+01  9.96210031e+00  7.78709957e+01  3.37317911e-01 
 7.87728204e+01  9.96210427e+00  7.87728204e+01  3.32884018e-01 
 7.96850891e+01  9.96210813e+00  7.96850891e+01  3.28494253e-01 
 8.06079229e+01  9.96211190e+00  8.06079229e+01  3.24148034e-01 
 8.15414439e+01  9.96211559e+00  8.15414439e+01  3.19844786e-01 
 8.24857761e+01  9.96211919e+00  8.24857761e+01  3.15583938e-01 
 8.34410446e+01  9.96212271e+00  8.34410446e+01  3.11364925e-01 
 8.44073761e+01  9.96212615e+00  8.44073761e+01  3.07187187e-01 
 8.53848987e+01  9.96212951e+00  8.53848987e+01  3.03050173e-01 
 8.63737419e+01  9.96213279e+00  8.63737419e+01  2.98953332e-01 
 8.73740370e+01  9.96213600e+00  8.73740370e+01  2.94896122e-01 
 8.83859165e+01  9.96213913e+00  8.83859165e+01  2.90878006e-01 
 8.94095146e+01  9.96214219e+00  8.94095146e+01  2.86898450e-01 
 9.04449670e+01  9.96214518e+00  9.04449670e+01  2.82956928e-01 
 9.14924110e+01  9.96214810e+00  9.14924110e+01  2.79052916e-01 
 9.25519854e+01  9.96215095e+00  9.25519854e+01  2.75185898e-01 
 9.36238307e+01  9.96215373e+00  9.36238307e+01  2.71355360e-01 
 9.47080892e+01  9.96215645e+00  9.47080892e+01  2.67560796e-01 
 9.58049044e+01  9.96215911e+00  9.58049044e+01  2.63801702e-01 
 9.69144218e+01  9.96216171e+00  9.69144218e+01  2.60077579e-01 
 9.80367886e+01  9.96216424e+00  9.80367886e+01  2.56387935e-01 
 9.91721535e+01  9.96216672e+00  9.91721535e+01  2.52732280e-01 
 1.00320667e+02  9.96216914e+00  1.00320667e+02  2.49110130e-01 
 1.01482482e+02  9.96217150e+00  1.01482482e+02  2.45521004e-01 
 1.02657751e+02  9.96217381e+00  1.02657751e+02  2.41964427e-01 
 1.03846632e+02  9.96217606e+00  1.03846632e+02  2.38439928e-01 
 1.05049280e+02  9.96217826e+00  1.05049280e+02  2.34947038e-01 
 1.06265857e+02  9.96218041e+00  1.06265857e+02  2.31485296e-01 
 1.07496523e+02  9.96218251e+00  1.07496523e+02  2.28054241e-01 
 1.08741441e+02  9.96218456e+00  1.08741441e+02  2.24653421e-01 
 1.10000777e+02  9.96218656e+00  1.10000777e+02  2.21282383e-01 
 1.11274697e+02  9.96218851e+00  1.11274697e+02  2.17940681e-01 
 1.12563370e+02  9.96219041e+00  1.12563370e+02  2.14627871e-01 
 1.13866967e+02  9.96219228e+00  1.13866967e+02  2.11343516e-01 
 1.15185661e+02  9.96219409e+00  1.15185661e+02  2.08087179e-01 
 1.16519628e+02  9.96219587e+00  1.16519628e+02  2.04858428e-01 
 1.17869043e+02  9.96219760e+00  1.17869043e+02  2.01656836e-01 
 1.19234085e+02  9.96219929e+00  1.19234085e+02  1.98481979e-01 
 1.20614936e+02  9.96220094e+00  1.20614936e+02  1.95333435e-01 
 1.22011779e+02  9.96220255e+00  1.22011779e+02  1.92210787e-01 
 1.23424798e+02  9.96220412e+00  1.23424798e+02  1.89113621e-01 
 1.24854182e+02  9.96220565e+00  1.24854182e+02  1.86041526e-01 
 1.26300119e+02  9.96220715e+00  1.26300119e+02  1.82994096e-01 
 1.27762802e+02  9.96220861e+00  1.27762802e+02  1.79970926e-01 
 1.29242424e+02  9.96221003e+00  1.29242424e+02  1.76971616e-01 
 1.30739182e+02  9.96221142e+00  1.30739182e+02  1.73995767e-01 
 1.32253273e+02  9.96221277e+00  1.32253273e+02  1.71042986e-01 
 1.33784900e+02  9.96221409e+00  1.33784900e+02  1.68112882e-01 
 1.35334264e+02  9.96221538e+00  1.35334264e+02  1.65205064e-01 
 1.36901571e+02  9.96221664e+00  1.36901571e+02  1.62319149e-01 
 1.38487029e+02  9.96221786e+00  1.38487029e+02  1.59454753e-01 
 1.40090849e+02  9.96221906e+00  1.40090849e+02  1.56611497e-01 
 1.41713242e+02  9.96222022e+00  1.41713242e+02  1.53789004e-01 
 1.43354425e+02  9.96222136e+00  1.43354425e+02  1.50986900e-01 
 1.45014614e+02  9.96222246e+00  1.45014614e+02  1.48204813e-01 
 1.46694029e+02  9.96222354e+00  1.46694029e+02  1.45442374e-01 
 1.48392894e+02  9.96222459e+00  1.48392894e+02  1.42699218e-01 
 1.50111433e+02  9.96222561e+00  1.50111433e+02  1.39974980e-01 
 1.51849875e+02  9.96222661e+00  1.51849875e+02  1.37269299e-01 
 1.53608450e+02  9.96222758e+00  1.53608450e+02  1.34581817e-01 
 1.55387391e+02  9.96222852e+00  1.55387391e+02  1.31912178e-01 
 1.57186933e+02  9.96222944e+00  1.57186933e+02  1.29260027e-01 
 1.59007317e+02  9.96223034e+00  1.59007317e+02  1.26625013e-01 
 1.60848782e+02  9.96223121e+00  1.60848782e+02  1.24006786e-01 
 1.62711573e+02  9.96223205e+00  1.62711573e+02  1.21405000e-01 
 1.64595937e+02  9.96223288e+00  1.64595937e+02  1.18819309e-01 
 1.66502124e+02  9.96223368e+00  1.66502124e+02  1.16249372e-01 
 1.68430387e+02  9.96223446e+00  1.68430387e+02  1.13694846e-01 
 1.70380981e+02  9.96223521e+00  1.70380981e+02  1.11155393e-01 
 1.72354164e+02  9.96223595e+00  1.72354164e+02  1.08630678e-01 
 1.74350199e+02  9.96223666e+00  1.74350199e+02  1.06120364e-01 
 1.76369351e+02  9.96223736e+00  1.76369351e+02  1.03624120e-01 
 1.78411886e+02  9.96223803e+00  1.78411886e+02  1.01141613e-01 
 1.80478075e+02  9.96223868e+00  1.80478075e+02  9.86725163e-02 
 1.82568193e+02  9.96223932e+00  1.82568193e+02  9.62165010e-02 
 1.84682517e+02  9.96223993e+00  1.84682517e+02  9.37732419e-02 
 1.86821327e+02  9.96224052e+00  1.86821327e+02  9.13424151e-02 
 1.88984907e+02  9.96224110e+00  1.88984907e+02  8.89236983e-02 
 1.91173543e+02  9.96224166e+00  1.91173543e+02  8.65167709e-02 
 1.93387525e+02  9.96224220e+00  1.93387525e+02  8.41213137e-02 
 1.95627148e+02  9.96224272e+00  1.95627148e+02  8.17370092e-02 
 1.97892707e+02  9.96224322e+00  1.97892707e+02  7.93635412e-02 
 2.00184505e+02  9.96224371e+00  2.00184505e+02  7.70005951e-02 
 2.02502843e+02  9.96224418e+00  2.02502843e+02  7.46478577e-02 
 2.04848030e+02  9.96224463e+00  2.04848030e+02  7.23050169e-02 
 2.07220377e+02  9.96224507e+00  2.07220377e+02  6.99717623e-02 
 2.09620198e+02  9.96224549e+00  2.09620198e+02  6.76477844e-02 
 2.12047812e+02  9.96224589e+00  2.12047812e+02  6.53327752e-02 
 2.14503539e+02  9.96224628e+00  2.14503539e+02  6.30264277e-02 
 2.16987707e+02  9.96224665e+00  2.16987707e+02  6.07284362e-02 
 2.19500643e+02  9.96224701e+00  2.19500643e+02  5.84384959e-02 
 2.22042682e+02  9.96224735e+00  2.22042682e+02  5.61563034e-02 
 2.24614160e+02  9.96224768e+00  2.24614160e+02  5.38815560e-02 
 2.27215419e+02  9.96224799e+00  2.27215419e+02  5.16139522e-02 
 2.29846803e+02  9.96224829e+00  2.29846803e+02  4.93531913e-02 
 2.32508661e+02  9.96224857e+00  2.32508661e+02  4.70989736e-02 
 2.35201345e+02  9.96224884e+00  2.35201345e+02  4.48510002e-02 
 2.37925214e+02  9.96224909e+00  2.37925214e+02  4.26089731e-02 
 2.40680628e+02  9.96224933e+00  2.40680628e+02  4.03725950e-02 
 2.43467953e+02  9.96224955e+00  2.43467953e+02  3.81415695e-02 
 2.46287557e+02  9.96224977e+00  2.46287557e+02  3.59156008e-02 
 2.49139816e+02  9.96224996e+00  2.49139816e+02  3.36943937e-02 
 2.52025106e+02  9.96225015e+00  2.52025106e+02  3.14776538e-02 
 2.54943811e+02  9.96225032e+00  2.54943811e+02  2.92650871e-02 
 2.57896318e+02  9.96225047e+00  2.57896318e+02  2.70564004e-02 
 2.60883017e+02  9.96225062e+00  2.60883017e+02  2.48513007e-02 
 2.63904306e+02  9.96225075e+00  2.63904306e+02  2.26494958e-02 
 2.66960584e+02  9.96225086e+00  2.66960584e+02  2.04506937e-02 
 2.70052257e+02  9.96225097e+00  2.70052257e+02  1.82546030e-02 
 2.73179734e+02  9.96225106e+00  2.73179734e+02  1.60609324e-02 
 2.76343431e+02  9.96225113e+00  2.76343431e+02  1.38693911e-02 
 2.79543767e+02  9.96225120e+00  2.79543767e+02  1.16796886e-02 
 2.82781166e+02  9.96225125e+00  2.82781166e+02  9.49153449e-03 
 2.86056057e+02  9.96225129e+00  2.86056057e+02  7.30463876e-03 
 2.89368875e+02  9.96225131e+00  2.89368875e+02  5.11871144e-03 
 2.92720058e+02  9.96225132e+00  2.92720058e+02  2.93346271e-03 
 2.96110052e+02  9.96225132e+00  2.96110052e+02  7.48602860e-04 
 2.99539305e+02  9.96225131e+00  2.99539305e+02 -1.43615779e-03 
 3.03008272e+02  9.96225128e+00  3.03008272e+02 -3.62110888e-03 
 3.06517414e+02  9.96225124e+00  3.06517414e+02 -5.80654011e-03 
 3.10067195e+02  9.96225119e+00  3.10067195e+02 -7.99274122e-03 
 3.13658086e+02  9.96225112e+00  3.13658086e+02 -1.01800021e-02 
 3.17290563e+02  9.96225104e+00  3.17290563e+02 -1.23686126e-02 
 3.20965108e+02  9.96225095e+00  3.20965108e+02 -1.45588630e-02 
 3.24682207e+02  9.96225084e+00  3.24682207e+02 -1.67510437e-02 
 3.28442355e+02  9.96225072e+00  3.28442355e+02 -1.89454453e-02 
 3.32246049e+02  9.96225059e+00  3.32246049e+02 -2.11423587e-02 
 3.36093793e+02  9.96225044e+00  3.36093793e+02 -2.33420753e-02 
 3.39986099e+02  9.96225029e+00  3.39986099e+02 -2.55448866e-02 
 3.43923481e+02  9.96225011e+00  3.43923481e+02 -2.77510847e-02 
 3.47906461e+02  9.96224993e+00  3.47906461e+02 -2.99609620e-02 
 3.51935569e+02  9.96224973e+00  3.51935569e+02 -3.21748117e-02 
 3.56011338e+02  9.96224951e+00  3.56011338e+02 -3.43929272e-02 
 3.60134309e+02  9.96224928e+00  3.60134309e+02 -3.66156025e-02 
 3.64305027e+02  9.96224904e+00  3.64305027e+02 -3.88431324e-02 
 3.68524047e+02  9.96224879e+00  3.68524047e+02 -4.10758121e-02 
 3.72791927e+02  9.96224851e+00  3.72791927e+02 -4.33139378e-02 
 3.77109234e+02  9.96224823e+00  3.77109234e+02 -4.55578061e-02 
 3.81476539e+02  9.96224793e+00  3.81476539e+02 -4.78077144e-02 
 3.85894423e+02  9.96224761e+00  3.85894423e+02 -5.00639612e-02 
 3.90363469e+02  9.96224729e+00  3.90363469e+02 -5.23268456e-02 
 3.94884272e+02  9.96224694e+00  3.94884272e+02 -5.45966674e-02 
 3.99457430e+02  9.96224658e+00  3.99457430e+02 -5.68737278e-02 
 4.04083550e+02  9.96224620e+00  4.04083550e+02 -5.91583285e-02 
 4.08763246e+02  9.96224581e+00  4.08763246e+02 -6.14507725e-02 
 4.13497136e+02  9.96224541e+00  4.13497136e+02 -6.37513638e-02 
 4.18285850e+02  9.96224498e+00  4.18285850e+02 -6.60604072e-02 
 4.23130023e+02  9.96224454e+00  4.23130023e+02 -6.83782089e-02 
 4.28030295e+02  9.96224409e+00  4.28030295e+02 -7.07050763e-02 
 4.32987318e+02  9.96224361e+00  4.32987318e+02 -7.30413178e-02 
 4.38001748e+02  9.96224312e+00  4.38001748e+02 -7.53872432e-02 
 4.43074250e+02  9.96224262e+00  4.43074250e+02 -7.77431635e-02 
 4.48205497e+02  9.96224209e+00  4.48205497e+02 -8.01093909e-02 
 4.53396168e+02  9.96224155e+00  4.53396168e+02 -8.24862394e-02 
 4.58646954e+02  9.96224099e+00  4.58646954e+02 -8.48740238e-02 
 4.63958548e+02  9.96224041e+00  4.63958548e+02 -8.72730610e-02 
 4.69331656e+02  9.96223981e+00  4.69331656e+02 -8.96836688e-02 
 4.74766990e+02  9.96223919e+00  4.74766990e+02 -9.21061668e-02 
 4.80265271e+02  9.96223855e+00  4.80265271e+02 -9.45408764e-02 
 4.85827227e+02  9.96223790e+00  4.85827227e+02 -9.69881201e-02 
 4.91453597e+02  9.96223722e+00  4.91453597e+02 -9.94482226e-02 
 4.97145125e+02  9.96223652e+00  4.97145125e+02 -1.01921510e-01 
 5.02902567e+02  9.96223580e+00  5.02902567e+02 -1.04408310e-01 
 5.08726686e+02  9.96223506e+00  5.08726686e+02 -1.06908952e-01 
 5.14618255e+02  9.96223430e+00  5.14618255e+02 -1.09423769e-01 
 5.20578053e+02  9.96223352e+00  5.20578053e+02 -1.11953093e-01 
 5.26606872e+02  9.96223271e+00  5.26606872e+02 -1.14497259e-01 
 5.32705511e+02  9.96223189e+00  5.32705511e+02 -1.17056606e-01 
 5.38874778e+02  9.96223103e+00  5.38874778e+02 -1.19631471e-01 
 5.45115492e+02  9.96223016e+00  5.45115492e+02 -1.22222198e-01 
 5.51428479e+02  9.96222926e+00  5.51428479e+02 -1.24829129e-01 
 5.57814577e+02  9.96222833e+00  5.57814577e+02 -1.27452609e-01 
 5.64274633e+02  9.96222738e+00  5.64274633e+02 -1.30092987e-01 
 5.70809503e+02  9.96222641e+00  5.70809503e+02 -1.32750612e-01 
 5.77420053e+02  9.96222541e+00  5.77420053e+02 -1.35425838e-01 
 5.84107159e+02  9.96222438e+00  5.84107159e+02 -1.38119018e-01 
 5.90871709e+02  9.96222332e+00  5.90871709e+02 -1.40830510e-01 
 5.97714600e+02  9.96222224e+00  5.97714600e+02 -1.43560673e-01 
 6.04636738e+02  9.96222113e+00  6.04636738e+02 -1.46309868e-01 
 6.11639042e+02  9.96221999e+00  6.11639042e+02 -1.49078462e-01 
 6.18722439e+02  9.96221882e+00  6.18722439e+02 -1.51866820e-01 
 6.25887869e+02  9.96221762e+00  6.25887869e+02 -1.54675312e-01 
 6.33136282e+02  9.96221638e+00  6.33136282e+02 -1.57504311e-01 
 6.40468639e+02  9.96221512e+00  6.40468639e+02 -1.60354192e-01 
 6.47885912e+02  9.96221383e+00  6.47885912e+02 -1.63225332e-01 
 6.55389084e+02  9.96221250e+00  6.55389084e+02 -1.66118112e-01 
 6.62979151e+02  9.96221114e+00  6.62979151e+02 -1.69032915e-01 
 6.70657118e+02  9.96220974e+00  6.70657118e+02 -1.71970129e-01 
 6.78424004e+02  9.96220831e+00  6.78424004e+02 -1.74930142e-01 
 6.86280839e+02  9.96220684e+00  6.86280839e+02 -1.77913347e-01 
 6.94228663e+02  9.96220534e+00  6.94228663e+02 -1.80920139e-01 
 7.02268532e+02  9.96220380e+00  7.02268532e+02 -1.83950916e-01 
 7.10401510e+02  9.96220222e+00  7.10401510e+02 -1.87006082e-01 
 7.18628676e+02  9.96220060e+00  7.18628676e+02 -1.90086040e-01 
 7.26951121e+02  9.96219894e+00  7.26951121e+02 -1.93191199e-01 
 7.35369948e+02  9.96219724e+00  7.35369948e+02 -1.96321971e-01 
 7.43886274e+02  9.96219550e+00  7.43886274e+02 -1.99478771e-01 
 7.52501228e+02  9.96219372e+00  7.52501228e+02 -2.02662016e-01 
 7.61215951e+02  9.96219189e+00  7.61215951e+02 -2.05872130e-01 
 7.70031600e+02  9.96219002e+00  7.70031600e+02 -2.09109538e-01 
 7.78949343e+02  9.96218810e+00  7.78949343e+02 -2.12374668e-01 
 7.87970362e+02  9.96218614e+00  7.87970362e+02 -2.15667954e-01 
 7.97095854e+02  9.96218413e+00  7.97095854e+02 -2.18989832e-01 
 8.06327028e+02  9.96218207e+00  8.06327028e+02 -2.22340743e-01 
 8.15665108e+02  9.96217996e+00  8.15665108e+02 -2.25721131e-01 
 8.25111333e+02  9.96217780e+00  8.25111333e+02 -2.29131444e-01 
 8.34666955e+02  9.96217559e+00  8.34666955e+02 -2.32572134e-01 
 8.44333240e+02  9.96217332e+00  8.44333240e+02 -2.36043657e-01 
 8.54111471e+02  9.96217100e+00  8.54111471e+02 -2.39546473e-01 
 8.64002944e+02  9.96216863e+00  8.64002944e+02 -2.43081047e-01 
 8.74008970e+02  9.96216620e+00  8.74008970e+02 -2.46647847e-01 
 8.84130875e+02  9.96216371e+00  8.84130875e+02 -2.50247347e-01 
 8.94370003e+02  9.96216116e+00  8.94370003e+02 -2.53880022e-01 
 9.04727710e+02  9.96215855e+00  9.04727710e+02 -2.57546355e-01 
 9.15205369e+02  9.96215587e+00  9.15205369e+02 -2.61246832e-01 
 9.25804371e+02  9.96215314e+00  9.25804371e+02 -2.64981943e-01 
 9.36526119e+02  9.96215033e+00  9.36526119e+02 -2.68752184e-01 
 9.47372037e+02  9.96214747e+00  9.47372037e+02 -2.72558053e-01 
 9.58343561e+02  9.96214453e+00  9.58343561e+02 -2.76400056e-01 
 9.69442146e+02  9.96214153e+00  9.69442146e+02 -2.80278702e-01 
 9.80669264e+02  9.96213845e+00  9.80669264e+02 -2.84194505e-01 
 9.92026404e+02  9.96213530e+00  9.92026404e+02 -2.88147985e-01 
 1.00351507e+03  9.96213207e+00  1.00351507e+03 -2.92139664e-01 
 1.01513679e+03  9.96212877e+00  1.01513679e+03 -2.96170072e-01 
 1.02689310e+03  9.96212540e+00  1.02689310e+03 -3.00239744e-01 
 1.03878555e+03  9.96212194e+00  1.03878555e+03 -3.04349218e-01 
 1.05081574e+03  9.96211840e+00  1.05081574e+03 -3.08499041e-01 
 1.06298524e+03  9.96211477e+00  1.06298524e+03 -3.12689760e-01 
 1.07529569e+03  9.96211106e+00  1.07529569e+03 -3.16921933e-01 
 1.08774869e+03  9.96210727e+00  1.08774869e+03 -3.21196120e-01 
 1.10034592e+03  9.96210338e+00  1.10034592e+03 -3.25512887e-01 
 1.11308904e+03  9.96209941e+00  1.11308904e+03 -3.29872807e-01 
 1.12597973e+03  9.96209533e+00  1.12597973e+03 -3.34276458e-01 
 1.13901971e+03  9.96209117e+00  1.13901971e+03 -3.38724423e-01 
 1.15221071e+03  9.96208690e+00  1.15221071e+03 -3.43217292e-01 
 1.16555447e+03  9.96208254e+00  1.16555447e+03 -3.47755659e-01 
 1.17905277e+03  9.96207807e+00  1.17905277e+03 -3.52340128e-01 
 1.19270739e+03  9.96207350e+00  1.19270739e+03 -3.56971305e-01 
 1.20652015e+03  9.96206882e+00  1.20652015e+03 -3.61649804e-01 
 1.22049287e+03  9.96206403e+00  1.22049287e+03 -3.66376246e-01 
 1.23462740e+03  9.96205913e+00  1.23462740e+03 -3.71151256e-01 
 1.24892564e+03  9.96205412e+00  1.24892564e+03 -3.75975467e-01 
 1.26338945e+03  9.96204898e+00  1.26338945e+03 -3.80849519e-01 
 1.27802078e+03  9.96204373e+00  1.27802078e+03 -3.85774058e-01 
 1.29282155e+03  9.96203835e+00  1.29282155e+03 -3.90749737e-01 
 1.30779373e+03  9.96203285e+00  1.30779373e+03 -3.95777214e-01 
 1.32293930e+03  9.96202721e+00  1.32293930e+03 -4.00857157e-01 
 1.33826027e+03  9.96202145e+00  1.33826027e+03 -4.05990238e-01 
 1.35375867e+03  9.96201555e+00  1.35375867e+03 -4.11177137e-01 
 1.36943656e+03  9.96200952e+00  1.36943656e+03 -4.16418542e-01 
 1.38529602e+03  9.96200334e+00  1.38529602e+03 -4.21715148e-01 
 1.40133915e+03  9.96199702e+00  1.40133915e+03 -4.27067656e-01 
 1.41756807e+03  9.96199054e+00  1.41756807e+03 -4.32476776e-01 
 1.43398494e+03  9.96198392e+00  1.43398494e+03 -4.37943225e-01 
 1.45059193e+03  9.96197715e+00  1.45059193e+03 -4.43467726e-01 
 1.46739125e+03  9.96197021e+00  1.46739125e+03 -4.49051012e-01 
 1.48438512e+03  9.96196311e+00  1.48438512e+03 -4.54693823e-01 
 1.50157580e+03  9.96195585e+00  1.50157580e+03 -4.60396907e-01 
 1.51896556e+03  9.96194842e+00  1.51896556e+03 -4.66161018e-01 
 1.53655671e+03  9.96194081e+00  1.53655671e+03 -4.71986922e-01 
 1.55435159e+03  9.96193303e+00  1.55435159e+03 -4.77875389e-01 
 1.57235255e+03  9.96192506e+00  1.57235255e+03 -4.83827201e-01 
 1.59056198e+03  9.96191691e+00  1.59056198e+03 -4.89843145e-01 
 1.60898229e+03  9.96190857e+00  1.60898229e+03 -4.95924019e-01 
 1.62761593e+03  9.96190003e+00  1.62761593e+03 -5.02070628e-01 
 1.64646536e+03  9.96189130e+00  1.64646536e+03 -5.08283788e-01 
 1.66553309e+03  9.96188236e+00  1.66553309e+03 -5.14564320e-01 
 1.68482165e+03  9.96187321e+00  1.68482165e+03 -5.20913057e-01 
 1.70433358e+03  9.96186385e+00  1.70433358e+03 -5.27330841e-01 
 1.72407148e+03  9.96185427e+00  1.72407148e+03 -5.33818521e-01 
 1.74403797e+03  9.96184446e+00  1.74403797e+03 -5.40376957e-01 
 1.76423569e+03  9.96183443e+00  1.76423569e+03 -5.47007018e-01 
 1.78466732e+03  9.96182416e+00  1.78466732e+03 -5.53709581e-01 
 1.80533557e+03  9.96181366e+00  1.80533557e+03 -5.60485536e-01 
 1.82624317e+03  9.96180291e+00  1.82624317e+03 -5.67335779e-01 
 1.84739291e+03  9.96179190e+00  1.84739291e+03 -5.74261219e-01 
 1.86878759e+03  9.96178065e+00  1.86878759e+03 -5.81262771e-01 
 1.89043003e+03  9.96176912e+00  1.89043003e+03 -5.88341365e-01 
 1.91232312e+03  9.96175733e+00  1.91232312e+03 -5.95497937e-01 
 1.93446975e+03  9.96174527e+00  1.93446975e+03 -6.02733435e-01 
 1.95687286e+03  9.96173292e+00  1.95687286e+03 -6.10048818e-01 
 1.97953542e+03  9.96172029e+00  1.97953542e+03 -6.17445055e-01 
 2.00246044e+03  9.96170736e+00  2.00246044e+03 -6.24923124e-01 
 2.02565095e+03  9.96169413e+00  2.02565095e+03 -6.32484018e-01 
 2.04911003e+03  9.96168059e+00  2.04911003e+03 -6.40128736e-01 
 2.07284080e+03  9.96166674e+00  2.07284080e+03 -6.47858292e-01 
 2.09684638e+03  9.96165256e+00  2.09684638e+03 -6.55673708e-01 
 2.12112998e+03  9.96163805e+00  2.12112998e+03 -6.63576021e-01 
 2.14569480e+03  9.96162321e+00  2.14569480e+03 -6.71566276e-01 
 2.17054412e+03  9.96160801e+00  2.17054412e+03 -6.79645532e-01 
 2.19568121e+03  9.96159247e+00  2.19568121e+03 -6.87814858e-01 
 2.22110941e+03  9.96157656e+00  2.22110941e+03 -6.96075336e-01 
 2.24683210e+03  9.96156028e+00  2.24683210e+03 -7.04428060e-01 
 2.27285268e+03  9.96154362e+00  2.27285268e+03 -7.12874136e-01 
 2.29917461e+03  9.96152658e+00  2.29917461e+03 -7.21414681e-01 
 2.32580137e+03  9.96150913e+00  2.32580137e+03 -7.30050828e-01 
 2.35273649e+03  9.96149128e+00  2.35273649e+03 -7.38783718e-01 
 2.37998356e+03  9.96147302e+00  2.37998356e+03 -7.47614509e-01 
 2.40754617e+03  9.96145432e+00  2.40754617e+03 -7.56544369e-01 
 2.43542798e+03  9.96143520e+00  2.43542798e+03 -7.65574481e-01 
 2.46363269e+03  9.96141562e+00  2.46363269e+03 -7.74706039e-01 
 2.49216405e+03  9.96139559e+00  2.49216405e+03 -7.83940252e-01 
 2.52102582e+03  9.96137510e+00  2.52102582e+03 -7.93278343e-01 
 2.55022184e+03  9.96135412e+00  2.55022184e+03 -8.02721548e-01 
 2.57975598e+03  9.96133266e+00  2.57975598e+03 -8.12271116e-01 
 2.60963216e+03  9.96131070e+00  2.60963216e+03 -8.21928312e-01 
 2.63985434e+03  9.96128822e+00  2.63985434e+03 -8.31694413e-01 
 2.67042651e+03  9.96126523e+00  2.67042651e+03 -8.41570711e-01 
 2.70135274e+03  9.96124169e+00  2.70135274e+03 -8.51558514e-01 
 2.73263713e+03  9.96121761e+00  2.73263713e+03 -8.61659144e-01 
 2.76428383e+03  9.96119297e+00  2.76428383e+03 -8.71873936e-01 
 2.79629703e+03  9.96116775e+00  2.79629703e+03 -8.82204242e-01 
 2.82868097e+03  9.96114195e+00  2.82868097e+03 -8.92651429e-01 
 2.86143995e+03  9.96111554e+00  2.86143995e+03 -9.03216880e-01 
 2.89457831e+03  9.96108852e+00  2.89457831e+03 -9.13901991e-01 
 2.92810044e+03  9.96106087e+00  2.92810044e+03 -9.24708176e-01 
 2.96201080e+03  9.96103258e+00  2.96201080e+03 -9.35636865e-01 
 2.99631387e+03  9.96100362e+00  2.99631387e+03 -9.46689504e-01 
 3.03101421e+03  9.96097400e+00  3.03101421e+03 -9.57867553e-01 
 3.06611641e+03  9.96094368e+00  3.06611641e+03 -9.69172492e-01 
 3.10162514e+03  9.96091265e+00  3.10162514e+03 -9.80605815e-01 
 3.13754508e+03  9.96088091e+00  3.13754508e+03 -9.92169034e-01 
 3.17388102e+03  9.96084842e+00  3.17388102e+03 -1.00386368e+00 
 3.21063777e+03  9.96081518e+00  3.21063777e+03 -1.01569130e+00 
 3.24782019e+03  9.96078116e+00  3.24782019e+03 -1.02765345e+00 
 3.28543323e+03  9.96074635e+00  3.28543323e+03 -1.03975172e+00 
 3.32348186e+03  9.96071073e+00  3.32348186e+03 -1.05198770e+00 
 3.36197113e+03  9.96067428e+00  3.36197113e+03 -1.06436302e+00 
 3.40090615e+03  9.96063699e+00  3.40090615e+03 -1.07687931e+00 
 3.44029207e+03  9.96059882e+00  3.44029207e+03 -1.08953822e+00 
 3.48013412e+03  9.96055976e+00  3.48013412e+03 -1.10234142e+00 
 3.52043759e+03  9.96051980e+00  3.52043759e+03 -1.11529062e+00 
 3.56120781e+03  9.96047890e+00  3.56120781e+03 -1.12838752e+00 
 3.60245019e+03  9.96043705e+00  3.60245019e+03 -1.14163384e+00 
 3.64417019e+03  9.96039423e+00  3.64417019e+03 -1.15503135e+00 
 3.68637336e+03  9.96035041e+00  3.68637336e+03 -1.16858180e+00 
 3.72906528e+03  9.96030557e+00  3.72906528e+03 -1.18228700e+00 
 3.77225162e+03  9.96025969e+00  3.77225162e+03 -1.19614874e+00 
 3.81593810e+03  9.96021273e+00  3.81593810e+03 -1.21016887e+00 
 3.86013052e+03  9.96016469e+00  3.86013052e+03 -1.22434923e+00 
 3.90483472e+03  9.96011552e+00  3.90483472e+03 -1.23869169e+00 
 3.95005665e+03  9.96006521e+00  3.95005665e+03 -1.25319815e+00 
 3.99580229e+03  9.96001373e+00  3.99580229e+03 -1.26787053e+00 
 4.04207771e+03  9.95996105e+00  4.04207771e+03 -1.28271076e+00 
 4.08888905e+03  9.95990714e+00  4.08888905e+03 -1.29772079e+00 
 4.13624251e+03  9.95985198e+00  4.13624251e+03 -1.31290262e+00 
 4.18414437e+03  9.95979553e+00  4.18414437e+03 -1.32825824e+00 
 4.23260098e+03  9.95973777e+00  4.23260098e+03 -1.34378968e+00 
 4.28161877e+03  9.95967866e+00  4.28161877e+03 -1.35949898e+00 
 4.33120424e+03  9.95961818e+00  4.33120424e+03 -1.37538823e+00 
 4.38136395e+03  9.95955629e+00  4.38136395e+03 -1.39145952e+00 
 4.43210457e+03  9.95949296e+00  4.43210457e+03 -1.40771497e+00 
 4.48343281e+03  9.95942816e+00  4.48343281e+03 -1.42415671e+00 
 4.53535548e+03  9.95936184e+00  4.53535548e+03 -1.44078693e+00 
 4.58787948e+03  9.95929398e+00  4.58787948e+03 -1.45760780e+00 
 4.64101175e+03  9.95922455e+00  4.64101175e+03 -1.47462156e+00 
 4.69475935e+03  9.95915349e+00  4.69475935e+03 -1.49183043e+00 
 4.74912940e+03  9.95908078e+00  4.74912940e+03 -1.50923670e+00 
 4.80412911e+03  9.95900638e+00  4.80412911e+03 -1.52684264e+00 
 4.85976577e+03  9.95893025e+00  4.85976577e+03 -1.54465059e+00 
 4.91604676e+03  9.95885235e+00  4.91604676e+03 -1.56266289e+00 
 4.97297954e+03  9.95877263e+00  4.97297954e+03 -1.58088191e+00 
 5.03057166e+03  9.95869105e+00  5.03057166e+03 -1.59931005e+00 
 5.08883076e+03  9.95860758e+00  5.08883076e+03 -1.61794974e+00 
 5.14776455e+03  9.95852217e+00  5.14776455e+03 -1.63680342e+00 
 5.20738086e+03  9.95843476e+00  5.20738086e+03 -1.65587359e+00 
 5.26768758e+03  9.95834533e+00  5.26768758e+03 -1.67516275e+00 
 5.32869272e+03  9.95825381e+00  5.32869272e+03 -1.69467343e+00 
 5.39040436e+03  9.95816016e+00  5.39040436e+03 -1.71440822e+00 
 5.45283068e+03  9.95806433e+00  5.45283068e+03 -1.73436970e+00 
 5.51597996e+03  9.95796627e+00  5.51597996e+03 -1.75456049e+00 
 5.57986057e+03  9.95786593e+00  5.57986057e+03 -1.77498326e+00 
 5.64448099e+03  9.95776325e+00  5.64448099e+03 -1.79564068e+00 
 5.70984977e+03  9.95765819e+00  5.70984977e+03 -1.81653547e+00 
 5.77597559e+03  9.95755068e+00  5.77597559e+03 -1.83767038e+00 
 5.84286722e+03  9.95744066e+00  5.84286722e+03 -1.85904819e+00 
 5.91053351e+03  9.95732809e+00  5.91053351e+03 -1.88067170e+00 
 5.97898345e+03  9.95721290e+00  5.97898345e+03 -1.90254375e+00 
 6.04822611e+03  9.95709503e+00  6.04822611e+03 -1.92466721e+00 
 6.11827067e+03  9.95697442e+00  6.11827067e+03 -1.94704499e+00 
 6.18912642e+03  9.95685100e+00  6.18912642e+03 -1.96968003e+00 
 6.26080275e+03  9.95672470e+00  6.26080275e+03 -1.99257529e+00 
 6.33330916e+03  9.95659548e+00  6.33330916e+03 -2.01573377e+00 
 6.40665527e+03  9.95646324e+00  6.40665527e+03 -2.03915852e+00 
 6.48085080e+03  9.95632793e+00  6.48085080e+03 -2.06285260e+00 
 6.55590559e+03  9.95618947e+00  6.55590559e+03 -2.08681913e+00 
 6.63182959e+03  9.95604779e+00  6.63182959e+03 -2.11106123e+00 
 6.70863287e+03  9.95590281e+00  6.70863287e+03 -2.13558209e+00 
 6.78632561e+03  9.95575446e+00  6.78632561e+03 -2.16038491e+00 
 6.86491811e+03  9.95560266e+00  6.86491811e+03 -2.18547296e+00 
 6.94442078e+03  9.95544733e+00  6.94442078e+03 -2.21084949e+00 
 7.02484418e+03  9.95528839e+00  7.02484418e+03 -2.23651785e+00 
 7.10619897e+03  9.95512575e+00  7.10619897e+03 -2.26248138e+00 
 7.18849592e+03  9.95495933e+00  7.18849592e+03 -2.28874348e+00 
 7.27174595e+03  9.95478904e+00  7.27174595e+03 -2.31530759e+00 
 7.35596011e+03  9.95461479e+00  7.35596011e+03 -2.34217717e+00 
 7.44114955e+03  9.95443649e+00  7.44114955e+03 -2.36935573e+00 
 7.52732557e+03  9.95425404e+00  7.52732557e+03 -2.39684683e+00 
 7.61449959e+03  9.95406735e+00  7.61449959e+03 -2.42465405e+00 
 7.70268318e+03  9.95387632e+00  7.70268318e+03 -2.45278102e+00 
 7.79188802e+03  9.95368085e+00  7.79188802e+03 -2.48123141e+00 
 7.88212595e+03  9.95348083e+00  7.88212595e+03 -2.51000893e+00 
 7.97340892e+03  9.95327617e+00  7.97340892e+03 -2.53911733e+00 
 8.06574904e+03  9.95306675e+00  8.06574904e+03 -2.56856040e+00 
 8.15915855e+03  9.95285245e+00  8.15915855e+03 -2.59834198e+00 
 8.25364983e+03  9.95263318e+00  8.25364983e+03 -2.62846594e+00 
 8.34923543e+03  9.95240882e+00  8.34923543e+03 -2.65893620e+00 
 8.44592800e+03  9.95217923e+00  8.44592800e+03 -2.68975673e+00 
 8.54374036e+03  9.95194432e+00  8.54374036e+03 -2.72093154e+00 
 8.64268550e+03  9.95170394e+00  8.64268550e+03 -2.75246467e+00 
 8.74277651e+03  9.95145798e+00  8.74277651e+03 -2.78436022e+00 
 8.84402669e+03  9.95120631e+00  8.84402669e+03 -2.81662233e+00 
 8.94644944e+03  9.95094878e+00  8.94644944e+03 -2.84925519e+00 
 9.05005835e+03  9.95068528e+00  9.05005835e+03 -2.88226302e+00 
 9.15486716e+03  9.95041565e+00  9.15486716e+03 -2.91565012e+00 
 9.26088975e+03  9.95013976e+00  9.26088975e+03 -2.94942080e+00 
 9.36814020e+03  9.94985747e+00  9.36814020e+03 -2.98357943e+00 
 9.47663271e+03  9.94956861e+00  9.47663271e+03 -3.01813045e+00 
 9.58638168e+03  9.94927305e+00  9.58638168e+03 -3.05307831e+00 
 9.69740165e+03  9.94897062e+00  9.69740165e+03 -3.08842753e+00 
 9.80970735e+03  9.94866117e+00  9.80970735e+03 -3.12418269e+00 
 9.92331366e+03  9.94834454e+00  9.92331366e+03 -3.16034839e+00 
 1.00382356e+04  9.94802056e+00  1.00382356e+04 -3.19692930e+00 
 1.01544885e+04  9.94768905e+00  1.01544885e+04 -3.23393015e+00 
 1.02720878e+04  9.94734985e+00  1.02720878e+04 -3.27135570e+00 
 1.03910489e+04  9.94700278e+00  1.03910489e+04 -3.30921076e+00 
 1.05113877e+04  9.94664765e+00  1.05113877e+04 -3.34750021e+00 
 1.06331202e+04  9.94628428e+00  1.06331202e+04 -3.38622898e+00 
 1.07562625e+04  9.94591248e+00  1.07562625e+04 -3.42540204e+00 
 1.08808308e+04  9.94553205e+00  1.08808308e+04 -3.46502442e+00 
 1.10068418e+04  9.94514279e+00  1.10068418e+04 -3.50510121e+00 
 1.11343122e+04  9.94474450e+00  1.11343122e+04 -3.54563754e+00 
 1.12632587e+04  9.94433698e+00  1.12632587e+04 -3.58663861e+00 
 1.13936986e+04  9.94392000e+00  1.13936986e+04 -3.62810966e+00 
 1.15256492e+04  9.94349336e+00  1.15256492e+04 -3.67005601e+00 
 1.16591278e+04  9.94305682e+00  1.16591278e+04 -3.71248301e+00 
 1.17941523e+04  9.94261015e+00  1.17941523e+04 -3.75539608e+00 
 1.19307404e+04  9.94215314e+00  1.19307404e+04 -3.79880069e+00 
 1.20689105e+04  9.94168553e+00  1.20689105e+04 -3.84270238e+00 
 1.22086806e+04  9.94120707e+00  1.22086806e+04 -3.88710673e+00 
 1.23500695e+04  9.94071754e+00  1.23500695e+04 -3.93201941e+00 
 1.24930957e+04  9.94021665e+00  1.24930957e+04 -3.97744610e+00 
 1.26377784e+04  9.93970416e+00  1.26377784e+04 -4.02339259e+00 
 1.27841366e+04  9.93917980e+00  1.27841366e+04 -4.06986470e+00 
 1.29321898e+04  9.93864329e+00  1.29321898e+04 -4.11686832e+00 
 1.30819576e+04  9.93809436e+00  1.30819576e+04 -4.16440940e+00 
 1.32334599e+04  9.93753271e+00  1.32334599e+04 -4.21249395e+00 
 1.33867167e+04  9.93695806e+00  1.33867167e+04 -4.26112804e+00 
 1.35417484e+04  9.93637010e+00  1.35417484e+04 -4.31031781e+00 
 1.36985755e+04  9.93576854e+00  1.36985755e+04 -4.36006945e+00 
 1.38572188e+04  9.93515305e+00  1.38572188e+04 -4.41038923e+00 
 1.40176994e+04  9.93452331e+00  1.40176994e+04 -4.46128347e+00 
 1.41800385e+04  9.93387901e+00  1.41800385e+04 -4.51275857e+00 
 1.43442576e+04  9.93321980e+00  1.43442576e+04 -4.56482097e+00 
 1.45103786e+04  9.93254534e+00  1.45103786e+04 -4.61747719e+00 
 1.46784234e+04  9.93185529e+00  1.46784234e+04 -4.67073382e+00 
 1.48484144e+04  9.93114928e+00  1.48484144e+04 -4.72459751e+00 
 1.50203740e+04  9.93042694e+00  1.50203740e+04 -4.77907497e+00 
 1.51943251e+04  9.92968791e+00  1.51943251e+04 -4.83417298e+00 
 1.53702907e+04  9.92893180e+00  1.53702907e+04 -4.88989841e+00 
 1.55482942e+04  9.92815822e+00  1.55482942e+04 -4.94625815e+00 
 1.57283591e+04  9.92736677e+00  1.57283591e+04 -5.00325921e+00 
 1.59105094e+04  9.92655704e+00  1.59105094e+04 -5.06090863e+00 
 1.60947691e+04  9.92572861e+00  1.60947691e+04 -5.11921353e+00 
 1.62811628e+04  9.92488105e+00  1.62811628e+04 -5.17818111e+00 
 1.64697151e+04  9.92401393e+00  1.64697151e+04 -5.23781862e+00 
 1.66604510e+04  9.92312679e+00  1.66604510e+04 -5.29813340e+00 
 1.68533958e+04  9.92221919e+00  1.68533958e+04 -5.35913284e+00 
 1.70485751e+04  9.92129065e+00  1.70485751e+04 -5.42082441e+00 
 1.72460148e+04  9.92034070e+00  1.72460148e+04 -5.48321566e+00 
 1.74457411e+04  9.91936884e+00  1.74457411e+04 -5.54631419e+00 
 1.76477804e+04  9.91837458e+00  1.76477804e+04 -5.61012769e+00 
 1.78521595e+04  9.91735740e+00  1.78521595e+04 -5.67466391e+00 
 1.80589055e+04  9.91631679e+00  1.80589055e+04 -5.73993067e+00 
 1.82680458e+04  9.91525221e+00  1.82680458e+04 -5.80593587e+00 
 1.84796082e+04  9.91416311e+00  1.84796082e+04 -5.87268748e+00 
 1.86936208e+04  9.91304894e+00  1.86936208e+04 -5.94019354e+00 
 1.89101117e+04  9.91190912e+00  1.89101117e+04 -6.00846215e+00 
 1.91291099e+04  9.91074308e+00  1.91291099e+04 -6.07750152e+00 
 1.93506443e+04  9.90955022e+00  1.93506443e+04 -6.14731988e+00 
 1.95747443e+04  9.90832992e+00  1.95747443e+04 -6.21792558e+00 
 1.98014396e+04  9.90708157e+00  1.98014396e+04 -6.28932702e+00 
 2.00307602e+04  9.90580453e+00  2.00307602e+04 -6.36153266e+00 
 2.02627366e+04  9.90449814e+00  2.02627366e+04 -6.43455106e+00 
 2.04973996e+04  9.90316176e+00  2.04973996e+04 -6.50839084e+00 
 2.07347801e+04  9.90179469e+00  2.07347801e+04 -6.58306069e+00 
 2.09749098e+04  9.90039624e+00  2.09749098e+04 -6.65856938e+00 
 2.12178204e+04  9.89896570e+00  2.12178204e+04 -6.73492574e+00 
 2.14635442e+04  9.89750235e+00  2.14635442e+04 -6.81213868e+00 
 2.17121137e+04  9.89600545e+00  2.17121137e+04 -6.89021720e+00 
 2.19635619e+04  9.89447424e+00  2.19635619e+04 -6.96917034e+00 
 2.22179221e+04  9.89290795e+00  2.22179221e+04 -7.04900723e+00 
 2.24752280e+04  9.89130579e+00  2.24752280e+04 -7.12973707e+00 
 2.27355138e+04  9.88966695e+00  2.27355138e+04 -7.21136912e+00 
 2.29988140e+04  9.88799060e+00  2.29988140e+04 -7.29391274e+00 
 2.32651635e+04  9.88627591e+00  2.32651635e+04 -7.37737732e+00 
 2.35345976e+04  9.88452201e+00  2.35345976e+04 -7.46177235e+00 
 2.38071520e+04  9.88272802e+00  2.38071520e+04 -7.54710739e+00 
 2.40828628e+04  9.88089305e+00  2.40828628e+04 -7.63339204e+00 
 2.43617666e+04  9.87901618e+00  2.43617666e+04 -7.72063601e+00 
 2.46439005e+04  9.87709647e+00  2.46439005e+04 -7.80884904e+00 
 2.49293017e+04  9.87513296e+00  2.49293017e+04 -7.89804096e+00 
 2.52180082e+04  9.87312468e+00  2.52180082e+04 -7.98822167e+00 
 2.55100581e+04  9.87107063e+00  2.55100581e+04 -8.07940111e+00 
 2.58054904e+04  9.86896978e+00  2.58054904e+04 -8.17158932e+00 
 2.61043440e+04  9.86682111e+00  2.61043440e+04 -8.26479637e+00 
 2.64066586e+04  9.86462353e+00  2.64066586e+04 -8.35903241e+00 
 2.67124744e+04  9.86237598e+00  2.67124744e+04 -8.45430766e+00 
 2.70218318e+04  9.86007734e+00  2.70218318e+04 -8.55063239e+00 
 2.73347718e+04  9.85772647e+00  2.73347718e+04 -8.64801694e+00 
 2.76513361e+04  9.85532223e+00  2.76513361e+04 -8.74647169e+00 
 2.79715664e+04  9.85286343e+00  2.79715664e+04 -8.84600710e+00 
 2.82955054e+04  9.85034887e+00  2.82955054e+04 -8.94663367e+00 
 2.86231959e+04  9.84777732e+00  2.86231959e+04 -9.04836197e+00 
 2.89546814e+04  9.84514753e+00  2.89546814e+04 -9.15120260e+00 
 2.92900058e+04  9.84245821e+00  2.92900058e+04 -9.25516624e+00 
 2.96292136e+04  9.83970805e+00  2.96292136e+04 -9.36026360e+00 
 2.99723498e+04  9.83689573e+00  2.99723498e+04 -9.46650546e+00 
 3.03194599e+04  9.83401988e+00  3.03194599e+04 -9.57390261e+00 
 3.06705898e+04  9.83107911e+00  3.06705898e+04 -9.68246593e+00 
 3.10257862e+04  9.82807201e+00  3.10257862e+04 -9.79220631e+00 
 3.13850961e+04  9.82499713e+00  3.13850961e+04 -9.90313470e+00 
 3.17485672e+04  9.82185299e+00  3.17485672e+04 -1.00152621e+01 
 3.21162476e+04  9.81863808e+00  3.21162476e+04 -1.01285994e+01 
 3.24881861e+04  9.81535089e+00  3.24881861e+04 -1.02431579e+01 
 3.28644321e+04  9.81198983e+00  3.28644321e+04 -1.03589484e+01 
 3.32450354e+04  9.80855330e+00  3.32450354e+04 -1.04759823e+01 
 3.36300464e+04  9.80503970e+00  3.36300464e+04 -1.05942705e+01 
 3.40195163e+04  9.80144734e+00  3.40195163e+04 -1.07138242e+01 
 3.44134966e+04  9.79777453e+00  3.44134966e+04 -1.08346547e+01 
 3.48120396e+04  9.79401956e+00  3.48120396e+04 -1.09567732e+01 
 3.52151982e+04  9.79018065e+00  3.52151982e+04 -1.10801908e+01 
 3.56230257e+04  9.78625602e+00  3.56230257e+04 -1.12049187e+01 
 3.60355763e+04  9.78224383e+00  3.60355763e+04 -1.13309683e+01 
 3.64529046e+04  9.77814222e+00  3.64529046e+04 -1.14583508e+01 
 3.68750660e+04  9.77394929e+00  3.68750660e+04 -1.15870773e+01 
 3.73021165e+04  9.76966310e+00  3.73021165e+04 -1.17171592e+01 
 3.77341126e+04  9.76528168e+00  3.77341126e+04 -1.18486076e+01 
 3.81711117e+04  9.76080301e+00  3.81711117e+04 -1.19814338e+01 
 3.86131717e+04  9.75622506e+00  3.86131717e+04 -1.21156490e+01 
 3.90603512e+04  9.75154572e+00  3.90603512e+04 -1.22512644e+01 
 3.95127095e+04  9.74676289e+00  3.95127095e+04 -1.23882911e+01 
 3.99703065e+04  9.74187438e+00  3.99703065e+04 -1.25267402e+01 
 4.04332030e+04  9.73687800e+00  4.04332030e+04 -1.26666229e+01 
 4.09014603e+04  9.73177150e+00  4.09014603e+04 -1.28079503e+01 
 4.13751404e+04  9.72655260e+00  4.13751404e+04 -1.29507332e+01 
 4.18543063e+04  9.72121897e+00  4.18543063e+04 -1.30949828e+01 
 4.23390214e+04  9.71576824e+00  4.23390214e+04 -1.32407099e+01 
 4.28293500e+04  9.71019801e+00  4.28293500e+04 -1.33879253e+01 
 4.33253571e+04  9.70450582e+00  4.33253571e+04 -1.35366399e+01 
 4.38271084e+04  9.69868917e+00  4.38271084e+04 -1.36868644e+01 
 4.43346705e+04  9.69274553e+00  4.43346705e+04 -1.38386094e+01 
 4.48481108e+04  9.68667231e+00  4.48481108e+04 -1.39918854e+01 
 4.53674971e+04  9.68046689e+00  4.53674971e+04 -1.41467029e+01 
 4.58928985e+04  9.67412659e+00  4.58928985e+04 -1.43030724e+01 
 4.64243846e+04  9.66764871e+00  4.64243846e+04 -1.44610039e+01 
 4.69620258e+04  9.66103048e+00  4.69620258e+04 -1.46205077e+01 
 4.75058934e+04  9.65426909e+00  4.75058934e+04 -1.47815939e+01 
 4.80560596e+04  9.64736169e+00  4.80560596e+04 -1.49442723e+01 
 4.86125973e+04  9.64030538e+00  4.86125973e+04 -1.51085526e+01 
 4.91755802e+04  9.63309723e+00  4.91755802e+04 -1.52744446e+01 
 4.97450830e+04  9.62573422e+00  4.97450830e+04 -1.54419576e+01 
 5.03211813e+04  9.61821334e+00  5.03211813e+04 -1.56111011e+01 
 5.09039513e+04  9.61053148e+00  5.09039513e+04 -1.57818842e+01 
 5.14934704e+04  9.60268553e+00  5.14934704e+04 -1.59543158e+01 
 5.20898168e+04  9.59467229e+00  5.20898168e+04 -1.61284047e+01 
 5.26930694e+04  9.58648854e+00  5.26930694e+04 -1.63041596e+01 
 5.33033083e+04  9.57813101e+00  5.33033083e+04 -1.64815888e+01 
 5.39206144e+04  9.56959636e+00  5.39206144e+04 -1.66607006e+01 
 5.45450695e+04  9.56088124e+00  5.45450695e+04 -1.68415029e+01 
 5.51767564e+04  9.55198221e+00  5.51767564e+04 -1.70240035e+01 
 5.58157589e+04  9.54289582e+00  5.58157589e+04 -1.72082098e+01 
 5.64621617e+04  9.53361855e+00  5.64621617e+04 -1.73941292e+01 
 5.71160505e+04  9.52414683e+00  5.71160505e+04 -1.75817685e+01 
 5.77775120e+04  9.51447706e+00  5.77775120e+04 -1.77711346e+01 
 5.84466339e+04  9.50460558e+00  5.84466339e+04 -1.79622339e+01 
 5.91235049e+04  9.49452868e+00  5.91235049e+04 -1.81550725e+01 
 5.98082147e+04  9.48424262e+00  5.98082147e+04 -1.83496562e+01 
 6.05008542e+04  9.47374359e+00  6.05008542e+04 -1.85459907e+01 
 6.12015151e+04  9.46302776e+00  6.12015151e+04 -1.87440811e+01 
 6.19102904e+04  9.45209124e+00  6.19102904e+04 -1.89439322e+01 
 6.26272740e+04  9.44093008e+00  6.26272740e+04 -1.91455487e+01 
 6.33525610e+04  9.42954032e+00  6.33525610e+04 -1.93489347e+01 
 6.40862476e+04  9.41791792e+00  6.40862476e+04 -1.95540940e+01 
 6.48284310e+04  9.40605883e+00  6.48284310e+04 -1.97610299e+01 
 6.55792097e+04  9.39395893e+00  6.55792097e+04 -1.99697456e+01 
 6.63386831e+04  9.38161407e+00  6.63386831e+04 -2.01802436e+01 
 6.71069519e+04  9.36902006e+00  6.71069519e+04 -2.03925262e+01 
 6.78841182e+04  9.35617267e+00  6.78841182e+04 -2.06065950e+01 
 6.86702847e+04  9.34306763e+00  6.86702847e+04 -2.08224515e+01 
 6.94655559e+04  9.32970062e+00  6.94655559e+04 -2.10400964e+01 
 7.02700371e+04  9.31606729e+00  7.02700371e+04 -2.12595303e+01 
 7.10838351e+04  9.30216327e+00  7.10838351e+04 -2.14807529e+01 
 7.19070576e+04  9.28798414e+00  7.19070576e+04 -2.17037639e+01 
 7.27398139e+04  9.27352543e+00  7.27398139e+04 -2.19285620e+01 
 7.35822143e+04  9.25878267e+00  7.35822143e+04 -2.21551457e+01 
 7.44343706e+04  9.24375134e+00  7.44343706e+04 -2.23835129e+01 
 7.52963957e+04  9.22842690e+00  7.52963957e+04 -2.26136609e+01 
 7.61684039e+04  9.21280477e+00  7.61684039e+04 -2.28455866e+01 
 7.70505109e+04  9.19688035e+00  7.70505109e+04 -2.30792861e+01 
 7.79428335e+04  9.18064902e+00  7.79428335e+04 -2.33147551e+01 
 7.88454902e+04  9.16410613e+00  7.88454902e+04 -2.35519887e+01 
 7.97586005e+04  9.14724702e+00  7.97586005e+04 -2.37909813e+01 
 8.06822855e+04  9.13006700e+00  8.06822855e+04 -2.40317269e+01 
 8.16166678e+04  9.11256137e+00  8.16166678e+04 -2.42742186e+01 
 8.25618712e+04  9.09472540e+00  8.25618712e+04 -2.45184491e+01 
 8.35180209e+04  9.07655438e+00  8.35180209e+04 -2.47644103e+01 
 8.44852439e+04  9.05804356e+00  8.44852439e+04 -2.50120935e+01 
 8.54636682e+04  9.03918819e+00  8.54636682e+04 -2.52614894e+01 
 8.64534237e+04  9.01998352e+00  8.64534237e+04 -2.55125880e+01 
 8.74546416e+04  9.00042480e+00  8.74546416e+04 -2.57653786e+01 
 8.84674546e+04  8.98050727e+00  8.84674546e+04 -2.60198497e+01 
 8.94919970e+04  8.96022618e+00  8.94919970e+04 -2.62759893e+01 
 9.05284046e+04  8.93957678e+00  9.05284046e+04 -2.65337846e+01 
 9.15768148e+04  8.91855433e+00  9.15768148e+04 -2.67932221e+01 
 9.26373667e+04  8.89715410e+00  9.26373667e+04 -2.70542874e+01 
 9.37102009e+04  8.87537138e+00  9.37102009e+04 -2.73169658e+01 
 9.47954596e+04  8.85320147e+00  9.47954596e+04 -2.75812414e+01 
 9.58932866e+04  8.83063970e+00  9.58932866e+04 -2.78470978e+01 
 9.70038276e+04  8.80768140e+00  9.70038276e+04 -2.81145178e+01 
 9.81272298e+04  8.78432197e+00  9.81272298e+04 -2.83834835e+01 
 9.92636421e+04  8.76055679e+00  9.92636421e+04 -2.86539762e+01 
 1.00413215e+05  8.73638131e+00  1.00413215e+05 -2.89259764e+01 
 1.01576102e+05  8.71179100e+00  1.01576102e+05 -2.91994640e+01 
 1.02752455e+05  8.68678138e+00  1.02752455e+05 -2.94744179e+01 
 1.03942432e+05  8.66134800e+00  1.03942432e+05 -2.97508163e+01 
 1.05146191e+05  8.63548646e+00  1.05146191e+05 -3.00286369e+01 
 1.06363890e+05  8.60919244e+00  1.06363890e+05 -3.03078563e+01 
 1.07595691e+05  8.58246164e+00  1.07595691e+05 -3.05884505e+01 
 1.08841757e+05  8.55528983e+00  1.08841757e+05 -3.08703948e+01 
 1.10102255e+05  8.52767285e+00  1.10102255e+05 -3.11536634e+01 
 1.11377350e+05  8.49960659e+00  1.11377350e+05 -3.14382303e+01 
 1.12667212e+05  8.47108702e+00  1.12667212e+05 -3.17240682e+01 
 1.13972012e+05  8.44211019e+00  1.13972012e+05 -3.20111494e+01 
 1.15291923e+05  8.41267223e+00  1.15291923e+05 -3.22994454e+01 
 1.16627120e+05  8.38276933e+00  1.16627120e+05 -3.25889268e+01 
 1.17977779e+05  8.35239777e+00  1.17977779e+05 -3.28795638e+01 
 1.19344081e+05  8.32155395e+00  1.19344081e+05 -3.31713255e+01 
 1.20726206e+05  8.29023433e+00  1.20726206e+05 -3.34641806e+01 
 1.22124337e+05  8.25843547e+00  1.22124337e+05 -3.37580969e+01 
 1.23538660e+05  8.22615405e+00  1.23538660e+05 -3.40530417e+01 
 1.24969363e+05  8.19338684e+00  1.24969363e+05 -3.43489815e+01 
 1.26416634e+05  8.16013071e+00  1.26416634e+05 -3.46458822e+01 
 1.27880666e+05  8.12638266e+00  1.27880666e+05 -3.49437090e+01 
 1.29361653e+05  8.09213980e+00  1.29361653e+05 -3.52424265e+01 
 1.30859792e+05  8.05739936e+00  1.30859792e+05 -3.55419987e+01 
 1.32375280e+05  8.02215868e+00  1.32375280e+05 -3.58423890e+01 
 1.33908319e+05  7.98641525e+00  1.33908319e+05 -3.61435603e+01 
 1.35459113e+05  7.95016666e+00  1.35459113e+05 -3.64454749e+01 
 1.37027866e+05  7.91341065e+00  1.37027866e+05 -3.67480943e+01 
 1.38614787e+05  7.87614510e+00  1.38614787e+05 -3.70513800e+01 
 1.40220086e+05  7.83836803e+00  1.40220086e+05 -3.73552925e+01 
 1.41843976e+05  7.80007758e+00  1.41843976e+05 -3.76597922e+01 
 1.43486672e+05  7.76127206e+00  1.43486672e+05 -3.79648389e+01 
 1.45148393e+05  7.72194992e+00  1.45148393e+05 -3.82703919e+01 
 1.46829358e+05  7.68210977e+00  1.46829358e+05 -3.85764101e+01 
 1.48529790e+05  7.64175034e+00  1.48529790e+05 -3.88828523e+01 
 1.50249915e+05  7.60087057e+00  1.50249915e+05 -3.91896766e+01 
 1.51989960e+05  7.55946950e+00  1.51989960e+05 -3.94968410e+01 
 1.53750157e+05  7.51754639e+00  1.53750157e+05 -3.98043031e+01 
 1.55530739e+05  7.47510060e+00  1.55530739e+05 -4.01120203e+01 
 1.57331942e+05  7.43213172e+00  1.57331942e+05 -4.04199497e+01 
 1.59154005e+05  7.38863945e+00  1.59154005e+05 -4.07280482e+01 
 1.60997169e+05  7.34462371e+00  1.60997169e+05 -4.10362726e+01 
 1.62861678e+05  7.30008453e+00  1.62861678e+05 -4.13445795e+01 
 1.64747781e+05  7.25502218e+00  1.64747781e+05 -4.16529253e+01 
 1.66655726e+05  7.20943705e+00  1.66655726e+05 -4.19612664e+01 
 1.68585768e+05  7.16332972e+00  1.68585768e+05 -4.22695591e+01 
 1.70538161e+05  7.11670096e+00  1.70538161e+05 -4.25777597e+01 
 1.72513165e+05  7.06955171e+00  1.72513165e+05 -4.28858246e+01 
 1.74511042e+05  7.02188306e+00  1.74511042e+05 -4.31937101e+01 
 1.76532055e+05  6.97369630e+00  1.76532055e+05 -4.35013726e+01 
 1.78576475e+05  6.92499292e+00  1.78576475e+05 -4.38087686e+01 
 1.80644570e+05  6.87577454e+00  1.80644570e+05 -4.41158548e+01 
 1.82736617e+05  6.82604298e+00  1.82736617e+05 -4.44225879e+01 
 1.84852891e+05  6.77580026e+00  1.84852891e+05 -4.47289250e+01 
 1.86993674e+05  6.72504853e+00  1.86993674e+05 -4.50348233e+01 
 1.89159250e+05  6.67379016e+00  1.89159250e+05 -4.53402404e+01 
 1.91349905e+05  6.62202767e+00  1.91349905e+05 -4.56451340e+01 
 1.93565930e+05  6.56976377e+00  1.93565930e+05 -4.59494623e+01 
 1.95807618e+05  6.51700134e+00  1.95807618e+05 -4.62531837e+01 
 1.98075268e+05  6.46374342e+00  1.98075268e+05 -4.65562571e+01 
 2.00369179e+05  6.40999326e+00  2.00369179e+05 -4.68586417e+01 
 2.02689657e+05  6.35575423e+00  2.02689657e+05 -4.71602975e+01 
 2.05037007e+05  6.30102991e+00  2.05037007e+05 -4.74611844e+01 
 2.07411543e+05  6.24582403e+00  2.07411543e+05 -4.77612633e+01 
 2.09813578e+05  6.19014049e+00  2.09813578e+05 -4.80604954e+01 
 2.12243431e+05  6.13398335e+00  2.12243431e+05 -4.83588426e+01 
 2.14701424e+05  6.07735686e+00  2.14701424e+05 -4.86562672e+01 
 2.17187883e+05  6.02026538e+00  2.17187883e+05 -4.89527324e+01 
 2.19703138e+05  5.96271346e+00  2.19703138e+05 -4.92482017e+01 
 2.22247522e+05  5.90470582e+00  2.22247522e+05 -4.95426397e+01 
 2.24821372e+05  5.84624730e+00  2.24821372e+05 -4.98360112e+01 
 2.27425030e+05  5.78734291e+00  2.27425030e+05 -5.01282822e+01 
 2.30058842e+05  5.72799781e+00  2.30058842e+05 -5.04194191e+01 
 2.32723155e+05  5.66821729e+00  2.32723155e+05 -5.07093893e+01 
 2.35418324e+05  5.60800680e+00  2.35418324e+05 -5.09981609e+01 
 2.38144706e+05  5.54737192e+00  2.38144706e+05 -5.12857028e+01 
 2.40902662e+05  5.48631837e+00  2.40902662e+05 -5.15719849e+01 
 2.43692558e+05  5.42485202e+00  2.43692558e+05 -5.18569777e+01 
 2.46514763e+05  5.36297883e+00  2.46514763e+05 -5.21406527e+01 
 2.49369653e+05  5.30070494e+00  2.49369653e+05 -5.24229825e+01 
 2.52257605e+05  5.23803657e+00  2.52257605e+05 -5.27039403e+01 
 2.55179003e+05  5.17498009e+00  2.55179003e+05 -5.29835004e+01 
 2.58134233e+05  5.11154198e+00  2.58134233e+05 -5.32616380e+01 
 2.61123688e+05  5.04772883e+00  2.61123688e+05 -5.35383295e+01 
 2.64147764e+05  4.98354735e+00  2.64147764e+05 -5.38135519e+01 
 2.67206861e+05  4.91900436e+00  2.67206861e+05 -5.40872835e+01 
 2.70301386e+05  4.85410677e+00  2.70301386e+05 -5.43595036e+01 
 2.73431749e+05  4.78886161e+00  2.73431749e+05 -5.46301923e+01 
 2.76598365e+05  4.72327600e+00  2.76598365e+05 -5.48993311e+01 
 2.79801653e+05  4.65735716e+00  2.79801653e+05 -5.51669022e+01 
 2.83042038e+05  4.59111240e+00  2.83042038e+05 -5.54328891e+01 
 2.86319950e+05  4.52454911e+00  2.86319950e+05 -5.56972764e+01 
 2.89635824e+05  4.45767477e+00  2.89635824e+05 -5.59600496e+01 
 2.92990099e+05  4.39049696e+00  2.92990099e+05 -5.62211955e+01 
 2.96383220e+05  4.32302331e+00  2.96383220e+05 -5.64807020e+01 
 2.99815637e+05  4.25526154e+00  2.99815637e+05 -5.67385580e+01 
 3.03287805e+05  4.18721945e+00  3.03287805e+05 -5.69947535e+01 
 3.06800183e+05  4.11890488e+00  3.06800183e+05 -5.72492799e+01 
 3.10353239e+05  4.05032577e+00  3.10353239e+05 -5.75021294e+01 
 3.13947443e+05  3.98149011e+00  3.13947443e+05 -5.77532957e+01 
 3.17583271e+05  3.91240592e+00  3.17583271e+05 -5.80027735e+01 
 3.21261205e+05  3.84308133e+00  3.21261205e+05 -5.82505585e+01 
 3.24981734e+05  3.77352447e+00  3.24981734e+05 -5.84966479e+01 
 3.28745351e+05  3.70374355e+00  3.28745351e+05 -5.87410398e+01 
 3.32552554e+05  3.63374682e+00  3.32552554e+05 -5.89837337e+01 
 3.36403848e+05  3.56354256e+00  3.36403848e+05 -5.92247301e+01 
 3.40299744e+05  3.49313912e+00  3.40299744e+05 -5.94640308e+01 
 3.44240758e+05  3.42254486e+00  3.44240758e+05 -5.97016388e+01 
 3.48227413e+05  3.35176817e+00  3.48227413e+05 -5.99375583e+01 
 3.52260238e+05  3.28081749e+00  3.52260238e+05 -6.01717946e+01 
 3.56339767e+05  3.20970129e+00  3.56339767e+05 -6.04043543e+01 
 3.60466541e+05  3.13842804e+00  3.60466541e+05 -6.06352453e+01 
 3.64641107e+05  3.06700625e+00  3.64641107e+05 -6.08644765e+01 
 3.68864019e+05  2.99544446e+00  3.68864019e+05 -6.10920581e+01 
 3.73135837e+05  2.92375119e+00  3.73135837e+05 -6.13180017e+01 
 3.77457126e+05  2.85193502e+00  3.77457126e+05 -6.15423198e+01 
 3.81828460e+05  2.78000449e+00  3.81828460e+05 -6.17650263e+01 
 3.86250419e+05  2.70796820e+00  3.86250419e+05 -6.19861364e+01 
 3.90723589e+05  2.63583471e+00  3.90723589e+05 -6.22056664e+01 
 3.95248562e+05  2.56361261e+00  3.95248562e+05 -6.24236338e+01 
 3.99825939e+05  2.49131047e+00  3.99825939e+05 -6.26400575e+01 
 4.04456327e+05  2.41893689e+00  4.04456327e+05 -6.28549574e+01 
 4.09140339e+05  2.34650041e+00  4.09140339e+05 -6.30683548e+01 
 4.13878597e+05  2.27400962e+00  4.13878597e+05 -6.32802722e+01 
 4.18671729e+05  2.20147305e+00  4.18671729e+05 -6.34907334e+01 
 4.23520370e+05  2.12889925e+00  4.23520370e+05 -6.36997631e+01 
 4.28425163e+05  2.05629674e+00  4.28425163e+05 -6.39073878e+01 
 4.33386759e+05  1.98367400e+00  4.33386759e+05 -6.41136347e+01 
 4.38405814e+05  1.91103953e+00  4.38405814e+05 -6.43185326e+01 
 4.43482996e+05  1.83840177e+00  4.43482996e+05 -6.45221113e+01 
 4.48618977e+05  1.76576915e+00  4.48618977e+05 -6.47244020e+01 
 4.53814437e+05  1.69315005e+00  4.53814437e+05 -6.49254370e+01 
 4.59070066e+05  1.62055284e+00  4.59070066e+05 -6.51252500e+01 
 4.64386560e+05  1.54798584e+00  4.64386560e+05 -6.53238758e+01 
 4.69764625e+05  1.47545733e+00  4.69764625e+05 -6.55213506e+01 
 4.75204974e+05  1.40297556e+00  4.75204974e+05 -6.57177116e+01 
 4.80708327e+05  1.33054871e+00  4.80708327e+05 -6.59129975e+01 
 4.86275414e+05  1.25818495e+00  4.86275414e+05 -6.61072479e+01 
 4.91906974e+05  1.18589237e+00  4.91906974e+05 -6.63005041e+01 
 4.97603753e+05  1.11367901e+00  4.97603753e+05 -6.64928082e+01 
 5.03366507e+05  1.04155286e+00  5.03366507e+05 -6.66842037e+01 
 5.09195999e+05  9.69521849e-01  5.09195999e+05 -6.68747355e+01 
 5.15093002e+05  8.97593847e-01  5.15093002e+05 -6.70644495e+01 
 5.21058299e+05  8.25776652e-01  5.21058299e+05 -6.72533928e+01 
 5.27092679e+05  7.54077997e-01  5.27092679e+05 -6.74416140e+01 
 5.33196944e+05  6.82505543e-01  5.33196944e+05 -6.76291627e+01 
 5.39371903e+05  6.11066877e-01  5.39371903e+05 -6.78160898e+01 
 5.45618374e+05  5.39769506e-01  5.45618374e+05 -6.80024473e+01 
 5.51937185e+05  4.68620858e-01  5.51937185e+05 -6.81882886e+01 
 5.58329174e+05  3.97628277e-01  5.58329174e+05 -6.83736682e+01 
 5.64795189e+05  3.26799019e-01  5.64795189e+05 -6.85586418e+01 
 5.71336088e+05  2.56140249e-01  5.71336088e+05 -6.87432664e+01 
 5.77952736e+05  1.85659039e-01  5.77952736e+05 -6.89276000e+01 
 5.84646012e+05  1.15362363e-01  5.84646012e+05 -6.91117019e+01 
 5.91416802e+05  4.52570968e-02  5.91416802e+05 -6.92956327e+01 
 5.98266006e+05 -2.46499902e-02  5.98266006e+05 -6.94794540e+01 
 6.05194529e+05 -9.43522339e-02  6.05194529e+05 -6.96632287e+01 
 6.12203293e+05 -1.63843081e-01  6.12203293e+05 -6.98470206e+01 
 6.19293224e+05 -2.33116092e-01  6.19293224e+05 -7.00308950e+01 
 6.26465265e+05 -3.02164943e-01  6.26465265e+05 -7.02149181e+01 
 6.33720365e+05 -3.70983433e-01  6.33720365e+05 -7.03991574e+01 
 6.41059486e+05 -4.39565483e-01  6.41059486e+05 -7.05836813e+01 
 6.48483601e+05 -5.07905141e-01  6.48483601e+05 -7.07685594e+01 
 6.55993696e+05 -5.75996585e-01  6.55993696e+05 -7.09538625e+01 
 6.63590765e+05 -6.43834128e-01  6.63590765e+05 -7.11396624e+01 
 6.71275815e+05 -7.11412219e-01  6.71275815e+05 -7.13260320e+01 
 6.79049866e+05 -7.78725447e-01  6.79049866e+05 -7.15130451e+01 
 6.86913949e+05 -8.45768545e-01  6.86913949e+05 -7.17007767e+01 
 6.94869105e+05 -9.12536392e-01  6.94869105e+05 -7.18893028e+01 
 7.02916391e+05 -9.79024016e-01  7.02916391e+05 -7.20787003e+01 
 7.11056872e+05 -1.04522660e+00  7.11056872e+05 -7.22690473e+01 
 7.19291628e+05 -1.11113948e+00  7.19291628e+05 -7.24604227e+01 
 7.27621750e+05 -1.17675816e+00  7.27621750e+05 -7.26529063e+01 
 7.36048344e+05 -1.24207829e+00  7.36048344e+05 -7.28465789e+01 
 7.44572527e+05 -1.30709570e+00  7.44572527e+05 -7.30415223e+01 
 7.53195428e+05 -1.37180637e+00  7.53195428e+05 -7.32378191e+01 
 7.61918191e+05 -1.43620647e+00  7.61918191e+05 -7.34355526e+01 
 7.70741972e+05 -1.50029233e+00  7.70741972e+05 -7.36348073e+01 
 7.79667942e+05 -1.56406047e+00  7.79667942e+05 -7.38356683e+01 
 7.88697283e+05 -1.62750756e+00  7.88697283e+05 -7.40382214e+01 
 7.97831193e+05 -1.69063048e+00  7.97831193e+05 -7.42425534e+01 
 8.07070883e+05 -1.75342627e+00  8.07070883e+05 -7.44487516e+01 
 8.16417578e+05 -1.81589216e+00  8.16417578e+05 -7.46569041e+01 
 8.25872518e+05 -1.87802559e+00  8.25872518e+05 -7.48670999e+01 
 8.35436955e+05 -1.93982415e+00  8.35436955e+05 -7.50794284e+01 
 8.45112157e+05 -2.00128565e+00  8.45112157e+05 -7.52939796e+01 
 8.54899409e+05 -2.06240807e+00  8.54899409e+05 -7.55108444e+01 
 8.64800006e+05 -2.12318959e+00  8.64800006e+05 -7.57301139e+01 
 8.74815263e+05 -2.18362859e+00  8.74815263e+05 -7.59518800e+01 
 8.84946506e+05 -2.24372365e+00  8.84946506e+05 -7.61762350e+01 
 8.95195080e+05 -2.30347353e+00  8.95195080e+05 -7.64032718e+01 
 9.05562342e+05 -2.36287718e+00  9.05562342e+05 -7.66330836e+01 
 9.16049667e+05 -2.42193379e+00  9.16049667e+05 -7.68657640e+01 
 9.26658447e+05 -2.48064270e+00  9.26658447e+05 -7.71014072e+01 
 9.37390086e+05 -2.53900346e+00  9.37390086e+05 -7.73401076e+01 
 9.48246009e+05 -2.59701585e+00  9.48246009e+05 -7.75819599e+01 
 9.59227655e+05 -2.65467980e+00  9.59227655e+05 -7.78270591e+01 
 9.70336479e+05 -2.71199548e+00  9.70336479e+05 -7.80755005e+01 
 9.81573954e+05 -2.76896322e+00  9.81573954e+05 -7.83273798e+01 
 9.92941571e+05 -2.82558358e+00  9.92941571e+05 -7.85827925e+01 
 1.00444084e+06 -2.88185729e+00  1.00444084e+06 -7.88418346e+01 
 1.01607327e+06 -2.93778528e+00  1.01607327e+06 -7.91046021e+01 
 1.02784043e+06 -2.99336870e+00  1.02784043e+06 -7.93711911e+01 
 1.03974386e+06 -3.04860884e+00  1.03974386e+06 -7.96416978e+01 
 1.05178514e+06 -3.10350724e+00  1.05178514e+06 -7.99162184e+01 
 1.06396587e+06 -3.15806558e+00  1.06396587e+06 -8.01948493e+01 
 1.07628767e+06 -3.21228575e+00  1.07628767e+06 -8.04776866e+01 
 1.08875217e+06 -3.26616982e+00  1.08875217e+06 -8.07648265e+01 
 1.10136102e+06 -3.31972005e+00  1.10136102e+06 -8.10563653e+01 
 1.11411589e+06 -3.37293886e+00  1.11411589e+06 -8.13523988e+01 
 1.12701847e+06 -3.42582887e+00  1.12701847e+06 -8.16530231e+01 
 1.14007049e+06 -3.47839285e+00  1.14007049e+06 -8.19583339e+01 
 1.15327365e+06 -3.53063377e+00  1.15327365e+06 -8.22684268e+01 
 1.16662972e+06 -3.58255475e+00  1.16662972e+06 -8.25833972e+01 
 1.18014047e+06 -3.63415908e+00  1.18014047e+06 -8.29033404e+01 
 1.19380769e+06 -3.68545021e+00  1.19380769e+06 -8.32283514e+01 
 1.20763319e+06 -3.73643176e+00  1.20763319e+06 -8.35585250e+01 
 1.22161880e+06 -3.78710748e+00  1.22161880e+06 -8.38939555e+01 
 1.23576638e+06 -3.83748131e+00  1.23576638e+06 -8.42347373e+01 
 1.25007780e+06 -3.88755730e+00  1.25007780e+06 -8.45809644e+01 
 1.26455496e+06 -3.93733967e+00  1.26455496e+06 -8.49327303e+01 
 1.27919978e+06 -3.98683278e+00  1.27919978e+06 -8.52901284e+01 
 1.29401421e+06 -4.03604112e+00  1.29401421e+06 -8.56532518e+01 
 1.30900020e+06 -4.08496932e+00  1.30900020e+06 -8.60221932e+01 
 1.32415974e+06 -4.13362214e+00  1.32415974e+06 -8.63970452e+01 
 1.33949485e+06 -4.18200446e+00  1.33949485e+06 -8.67778997e+01 
 1.35500755e+06 -4.23012131e+00  1.35500755e+06 -8.71648486e+01 
 1.37069990e+06 -4.27797780e+00  1.37069990e+06 -8.75579835e+01 
 1.38657399e+06 -4.32557920e+00  1.38657399e+06 -8.79573955e+01 
 1.40263192e+06 -4.37293088e+00  1.40263192e+06 -8.83631756e+01 
 1.41887581e+06 -4.42003831e+00  1.41887581e+06 -8.87754145e+01 
 1.43530782e+06 -4.46690709e+00  1.43530782e+06 -8.91942026e+01 
 1.45193013e+06 -4.51354293e+00  1.45193013e+06 -8.96196300e+01 
 1.46874495e+06 -4.55995162e+00  1.46874495e+06 -9.00517867e+01 
 1.48575450e+06 -4.60613909e+00  1.48575450e+06 -9.04907625e+01 
 1.50296103e+06 -4.65211136e+00  1.50296103e+06 -9.09366470e+01 
 1.52036684e+06 -4.69787456e+00  1.52036684e+06 -9.13895296e+01 
 1.53797422e+06 -4.74343490e+00  1.53797422e+06 -9.18494997e+01 
 1.55578551e+06 -4.78879874e+00  1.55578551e+06 -9.23166466e+01 
 1.57380308e+06 -4.83397250e+00  1.57380308e+06 -9.27910594e+01 
 1.59202931e+06 -4.87896275e+00  1.59202931e+06 -9.32728275e+01 
 1.61046661e+06 -4.92377614e+00  1.61046661e+06 -9.37620400e+01 
 1.62911744e+06 -4.96841945e+00  1.62911744e+06 -9.42587865e+01 
 1.64798426e+06 -5.01289958e+00  1.64798426e+06 -9.47631563e+01 
 1.66706959e+06 -5.05722354e+00  1.66706959e+06 -9.52752392e+01 
 1.68637593e+06 -5.10139849e+00  1.68637593e+06 -9.57951250e+01 
 1.70590587e+06 -5.14543172e+00  1.70590587e+06 -9.63229040e+01 
 1.72566198e+06 -5.18933065e+00  1.72566198e+06 -9.68586667e+01 
 1.74564689e+06 -5.23310288e+00  1.74564689e+06 -9.74025039e+01 
 1.76586324e+06 -5.27675616e+00  1.76586324e+06 -9.79545071e+01 
 1.78631372e+06 -5.32029844e+00  1.78631372e+06 -9.85147680e+01 
 1.80700103e+06 -5.36373783e+00  1.80700103e+06 -9.90833790e+01 
 1.82792793e+06 -5.40708268e+00  1.82792793e+06 -9.96604333e+01 
 1.84909717e+06 -5.45034154e+00  1.84909717e+06 -1.00246024e+02 
 1.87051159e+06 -5.49352323e+00  1.87051159e+06 -1.00840246e+02 
 1.89217400e+06 -5.53663681e+00  1.89217400e+06 -1.01443195e+02 
 1.91408728e+06 -5.57969164e+00  1.91408728e+06 -1.02054965e+02 
 1.93625434e+06 -5.62269740e+00  1.93625434e+06 -1.02675654e+02 
 1.95867812e+06 -5.66566409e+00  1.95867812e+06 -1.03305360e+02 
 1.98136159e+06 -5.70860210e+00  1.98136159e+06 -1.03944180e+02 
 2.00430776e+06 -5.75152219e+00  2.00430776e+06 -1.04592215e+02 
 2.02751966e+06 -5.79443558e+00  2.02751966e+06 -1.05249564e+02 
 2.05100039e+06 -5.83735396e+00  2.05100039e+06 -1.05916329e+02 
 2.07475304e+06 -5.88028950e+00  2.07475304e+06 -1.06592611e+02 
 2.09878077e+06 -5.92325493e+00  2.09878077e+06 -1.07278514e+02 
 2.12308677e+06 -5.96626360e+00  2.12308677e+06 -1.07974140e+02 
 2.14767426e+06 -6.00932945e+00  2.14767426e+06 -1.08679596e+02 
 2.17254649e+06 -6.05246715e+00  2.17254649e+06 -1.09394985e+02 
 2.19770677e+06 -6.09569208e+00  2.19770677e+06 -1.10120414e+02 
 2.22315843e+06 -6.13902041e+00  2.22315843e+06 -1.10855988e+02 
 2.24890485e+06 -6.18246917e+00  2.24890485e+06 -1.11601813e+02 
 2.27494944e+06 -6.22605630e+00  2.27494944e+06 -1.12357996e+02 
 2.30129565e+06 -6.26980067e+00  2.30129565e+06 -1.13124643e+02 
 2.32794697e+06 -6.31372221e+00  2.32794697e+06 -1.13901859e+02 
 2.35490695e+06 -6.35784190e+00  2.35490695e+06 -1.14689748e+02 
 2.38217915e+06 -6.40218190e+00  2.38217915e+06 -1.15488415e+02 
 2.40976718e+06 -6.44676557e+00  2.40976718e+06 -1.16297960e+02 
 2.43767472e+06 -6.49161753e+00  2.43767472e+06 -1.17118484e+02 
 2.46590545e+06 -6.53676375e+00  2.46590545e+06 -1.17950084e+02 
 2.49446313e+06 -6.58223158e+00  2.49446313e+06 -1.18792853e+02 
 2.52335153e+06 -6.62804985e+00  2.52335153e+06 -1.19646882e+02 
 2.55257448e+06 -6.67424886e+00  2.55257448e+06 -1.20512256e+02 
 2.58213587e+06 -6.72086048e+00  2.58213587e+06 -1.21389055e+02 
 2.61203961e+06 -6.76791819e+00  2.61203961e+06 -1.22277353e+02 
 2.64228966e+06 -6.81545706e+00  2.64228966e+06 -1.23177218e+02 
 2.67289004e+06 -6.86351387e+00  2.67289004e+06 -1.24088708e+02 
 2.70384481e+06 -6.91212704e+00  2.70384481e+06 -1.25011872e+02 
 2.73515806e+06 -6.96133667e+00  2.73515806e+06 -1.25946750e+02 
 2.76683395e+06 -7.01118454e+00  2.76683395e+06 -1.26893370e+02 
 2.79887667e+06 -7.06171407e+00  2.79887667e+06 -1.27851747e+02 
 2.83129049e+06 -7.11297029e+00  2.83129049e+06 -1.28821883e+02 
 2.86407969e+06 -7.16499974e+00  2.86407969e+06 -1.29803763e+02 
 2.89724862e+06 -7.21785045e+00  2.89724862e+06 -1.30797358e+02 
 2.93080168e+06 -7.27157178e+00  2.93080168e+06 -1.31802617e+02 
 2.96474332e+06 -7.32621434e+00  2.96474332e+06 -1.32819474e+02 
 2.99907804e+06 -7.38182977e+00  2.99907804e+06 -1.33847840e+02 
 3.03381039e+06 -7.43847063e+00  3.03381039e+06 -1.34887603e+02 
 3.06894498e+06 -7.49619014e+00  3.06894498e+06 -1.35938629e+02 
 3.10448646e+06 -7.55504195e+00  3.10448646e+06 -1.37000759e+02 
 3.14043954e+06 -7.61507989e+00  3.14043954e+06 -1.38073809e+02 
 3.17680900e+06 -7.67635767e+00  3.17680900e+06 -1.39157567e+02 
 3.21359965e+06 -7.73892856e+00  3.21359965e+06 -1.40251796e+02 
 3.25081638e+06 -7.80284503e+00  3.25081638e+06 -1.41356227e+02 
 3.28846411e+06 -7.86815840e+00  3.28846411e+06 -1.42470566e+02 
 3.32654785e+06 -7.93491845e+00  3.32654785e+06 -1.43594490e+02 
 3.36507263e+06 -8.00317301e+00  3.36507263e+06 -1.44727646e+02 
 3.40404356e+06 -8.07296756e+00  3.40404356e+06 -1.45869654e+02 
 3.44346582e+06 -8.14434480e+00  3.44346582e+06 -1.47020107e+02 
 3.48334463e+06 -8.21734424e+00  3.48334463e+06 -1.48178572e+02 
 3.52368527e+06 -8.29200177e+00  3.52368527e+06 -1.49344589e+02 
 3.56449310e+06 -8.36834930e+00  3.56449310e+06 -1.50517679e+02 
 3.60577353e+06 -8.44641436e+00  3.60577353e+06 -1.51697337e+02 
 3.64753203e+06 -8.52621976e+00  3.64753203e+06 -1.52883044e+02 
 3.68977413e+06 -8.60778327e+00  3.68977413e+06 -1.54074262e+02 
 3.73250543e+06 -8.69111736e+00  3.73250543e+06 -1.55270442e+02 
 3.77573161e+06 -8.77622899e+00  3.77573161e+06 -1.56471025e+02 
 3.81945839e+06 -8.86311944e+00  3.81945839e+06 -1.57675444e+02 
 3.86369158e+06 -8.95178418e+00  3.86369158e+06 -1.58883132e+02 
 3.90843702e+06 -9.04221287e+00  3.90843702e+06 -1.60093521e+02 
 3.95370067e+06 -9.13438936e+00  3.95370067e+06 -1.61306050e+02 
 3.99948851e+06 -9.22829178e+00  3.99948851e+06 -1.62520165e+02 
 4.04580662e+06 -9.32389269e+00  4.04580662e+06 -1.63735324e+02 
 4.09266114e+06 -9.42115934e+00  4.09266114e+06 -1.64951002e+02 
 4.14005829e+06 -9.52005390e+00  4.14005829e+06 -1.66166693e+02 
 4.18800434e+06 -9.62053385e+00  4.18800434e+06 -1.67381912e+02 
 4.23650566e+06 -9.72255231e+00  4.23650566e+06 -1.68596200e+02 
 4.28556866e+06 -9.82605854e+00  4.28556866e+06 -1.69809126e+02 
 4.33519987e+06 -9.93099836e+00  4.33519987e+06 -1.71020287e+02 
 4.38540586e+06 -1.00373147e+01  4.38540586e+06 -1.72229314e+02 
 4.43619329e+06 -1.01449481e+01  4.43619329e+06 -1.73435868e+02 
 4.48756888e+06 -1.02538371e+01  4.48756888e+06 -1.74639645e+02 
 4.53953946e+06 -1.03639191e+01  4.53953946e+06 -1.75840375e+02 
 4.59211190e+06 -1.04751305e+01  4.59211190e+06 -1.77037822e+02 
 4.64529319e+06 -1.05874077e+01  4.64529319e+06 -1.78231782e+02 
 4.69909037e+06 -1.07006870e+01  4.69909037e+06 -1.79422088e+02 
 4.75351058e+06 -1.08149054e+01  4.75351058e+06  1.79391399e+02 
 4.80856103e+06 -1.09300011e+01  4.80856103e+06  1.78208784e+02 
 4.86424902e+06 -1.10459139e+01  4.86424902e+06  1.77030144e+02 
 4.92058193e+06 -1.11625852e+01  4.92058193e+06  1.75855530e+02 
 4.97756723e+06 -1.12799587e+01  4.97756723e+06  1.74684965e+02 
 5.03521248e+06 -1.13979805e+01  5.03521248e+06  1.73518450e+02 
 5.09352532e+06 -1.15165995e+01  5.09352532e+06  1.72355964e+02 
 5.15251348e+06 -1.16357673e+01  5.15251348e+06  1.71197469e+02 
 5.21218479e+06 -1.17554384e+01  5.21218479e+06  1.70042908e+02 
 5.27254715e+06 -1.18755706e+01  5.27254715e+06  1.68892210e+02 
 5.33360856e+06 -1.19961247e+01  5.33360856e+06  1.67745294e+02 
 5.39537713e+06 -1.21170647e+01  5.39537713e+06  1.66602068e+02 
 5.45786104e+06 -1.22383579e+01  5.45786104e+06  1.65462429e+02 
 5.52106858e+06 -1.23599744e+01  5.52106858e+06  1.64326273e+02 
 5.58500812e+06 -1.24818876e+01  5.58500812e+06  1.63193489e+02 
 5.64968815e+06 -1.26040738e+01  5.64968815e+06  1.62063964e+02 
 5.71511724e+06 -1.27265121e+01  5.71511724e+06  1.60937585e+02 
 5.78130406e+06 -1.28491844e+01  5.78130406e+06  1.59814238e+02 
 5.84825740e+06 -1.29720752e+01  5.84825740e+06  1.58693812e+02 
 5.91598612e+06 -1.30951713e+01  5.91598612e+06  1.57576199e+02 
 5.98449920e+06 -1.32184619e+01  5.98449920e+06  1.56461296e+02 
 6.05380574e+06 -1.33419384e+01  6.05380574e+06  1.55349003e+02 
 6.12391492e+06 -1.34655940e+01  6.12391492e+06  1.54239225e+02 
 6.19483603e+06 -1.35894236e+01  6.19483603e+06  1.53131876e+02 
 6.26657849e+06 -1.37134241e+01  6.26657849e+06  1.52026875e+02 
 6.33915179e+06 -1.38375936e+01  6.33915179e+06  1.50924147e+02 
 6.41256556e+06 -1.39619315e+01  6.41256556e+06  1.49823625e+02 
 6.48682954e+06 -1.40864384e+01  6.48682954e+06  1.48725251e+02 
 6.56195357e+06 -1.42111159e+01  6.56195357e+06  1.47628971e+02 
 6.63794761e+06 -1.43359666e+01  6.63794761e+06  1.46534741e+02 
 6.71482174e+06 -1.44609938e+01  6.71482174e+06  1.45442523e+02 
 6.79258615e+06 -1.45862011e+01  6.79258615e+06  1.44352287e+02 
 6.87125115e+06 -1.47115930e+01  6.87125115e+06  1.43264010e+02 
 6.95082717e+06 -1.48371742e+01  6.95082717e+06  1.42177674e+02 
 7.03132476e+06 -1.49629498e+01  7.03132476e+06  1.41093269e+02 
 7.11275460e+06 -1.50889249e+01  7.11275460e+06  1.40010791e+02 
 7.19512747e+06 -1.52151048e+01  7.19512747e+06  1.38930241e+02 
 7.27845431e+06 -1.53414949e+01  7.27845431e+06  1.37851626e+02 
 7.36274615e+06 -1.54681005e+01  7.36274615e+06  1.36774957e+02 
 7.44801418e+06 -1.55949267e+01  7.44801418e+06  1.35700252e+02 
 7.53426970e+06 -1.57219787e+01  7.53426970e+06  1.34627530e+02 
 7.62152414e+06 -1.58492613e+01  7.62152414e+06  1.33556815e+02 
 7.70978908e+06 -1.59767789e+01  7.70978908e+06  1.32488136e+02 
 7.79907622e+06 -1.61045360e+01  7.79907622e+06  1.31421522e+02 
 7.88939739e+06 -1.62325364e+01  7.88939739e+06  1.30357008e+02 
 7.98076457e+06 -1.63607838e+01  7.98076457e+06  1.29294627e+02 
 8.07318988e+06 -1.64892814e+01  8.07318988e+06  1.28234417e+02 
 8.16668556e+06 -1.66180322e+01  8.16668556e+06  1.27176417e+02 
 8.26126402e+06 -1.67470386e+01  8.26126402e+06  1.26120665e+02 
 8.35693779e+06 -1.68763026e+01  8.35693779e+06  1.25067203e+02 
 8.45371956e+06 -1.70058260e+01  8.45371956e+06  1.24016070e+02 
 8.55162216e+06 -1.71356100e+01  8.55162216e+06  1.22967307e+02 
 8.65065857e+06 -1.72656554e+01  8.65065857e+06  1.21920954e+02 
 8.75084193e+06 -1.73959627e+01  8.75084193e+06  1.20877051e+02 
 8.85218551e+06 -1.75265320e+01  8.85218551e+06  1.19835637e+02 
 8.95470275e+06 -1.76573629e+01  8.95470275e+06  1.18796749e+02 
 9.05840724e+06 -1.77884547e+01  9.05840724e+06  1.17760424e+02 
 9.16331273e+06 -1.79198064e+01  9.16331273e+06  1.16726697e+02 
 9.26943314e+06 -1.80514166e+01  9.26943314e+06  1.15695600e+02 
 9.37678253e+06 -1.81832836e+01  9.37678253e+06  1.14667165e+02 
 9.48537513e+06 -1.83154052e+01  9.48537513e+06  1.13641421e+02 
 9.59522534e+06 -1.84477792e+01  9.59522534e+06  1.12618395e+02 
 9.70634773e+06 -1.85804030e+01  9.70634773e+06  1.11598111e+02 
 9.81875703e+06 -1.87132737e+01  9.81875703e+06  1.10580590e+02 
 9.93246814e+06 -1.88463882e+01  9.93246814e+06  1.09565853e+02 
 1.00474961e+07 -1.89797432e+01  1.00474961e+07  1.08553915e+02 
 1.01638563e+07 -1.91133352e+01  1.01638563e+07  1.07544790e+02 
 1.02815640e+07 -1.92471605e+01  1.02815640e+07  1.06538489e+02 
 1.04006349e+07 -1.93812155e+01  1.04006349e+07  1.05535019e+02 
 1.05210847e+07 -1.95154960e+01  1.05210847e+07  1.04534386e+02 
 1.06429295e+07 -1.96499981e+01  1.06429295e+07  1.03536591e+02 
 1.07661854e+07 -1.97847176e+01  1.07661854e+07  1.02541632e+02 
 1.08908687e+07 -1.99196503e+01  1.08908687e+07  1.01549507e+02 
 1.10169959e+07 -2.00547921e+01  1.10169959e+07  1.00560206e+02 
 1.11445838e+07 -2.01901386e+01  1.11445838e+07  9.95737209e+01 
 1.12736493e+07 -2.03256855e+01  1.12736493e+07  9.85900372e+01 
 1.14042096e+07 -2.04614287e+01  1.14042096e+07  9.76091388e+01 
 1.15362818e+07 -2.05973638e+01  1.15362818e+07  9.66310065e+01 
 1.16698836e+07 -2.07334868e+01  1.16698836e+07  9.56556183e+01 
 1.18050326e+07 -2.08697935e+01  1.18050326e+07  9.46829492e+01 
 1.19417468e+07 -2.10062798e+01  1.19417468e+07  9.37129717e+01 
 1.20800443e+07 -2.11429419e+01  1.20800443e+07  9.27456552e+01 
 1.22199434e+07 -2.12797759e+01  1.22199434e+07  9.17809669e+01 
 1.23614627e+07 -2.14167781e+01  1.23614627e+07  9.08188713e+01 
 1.25046209e+07 -2.15539450e+01  1.25046209e+07  8.98593304e+01 
 1.26494370e+07 -2.16912731e+01  1.26494370e+07  8.89023039e+01 
 1.27959303e+07 -2.18287592e+01  1.27959303e+07  8.79477492e+01 
 1.29441200e+07 -2.19664003e+01  1.29441200e+07  8.69956216e+01 
 1.30940260e+07 -2.21041934e+01  1.30940260e+07  8.60458743e+01 
 1.32456680e+07 -2.22421359e+01  1.32456680e+07  8.50984584e+01 
 1.33990662e+07 -2.23802252e+01  1.33990662e+07  8.41533235e+01 
 1.35542409e+07 -2.25184590e+01  1.35542409e+07  8.32104171e+01 
 1.37112127e+07 -2.26568354e+01  1.37112127e+07  8.22696852e+01 
 1.38700024e+07 -2.27953524e+01  1.38700024e+07  8.13310722e+01 
 1.40306310e+07 -2.29340085e+01  1.40306310e+07  8.03945213e+01 
 1.41931199e+07 -2.30728022e+01  1.41931199e+07  7.94599743e+01 
 1.43574905e+07 -2.32117323e+01  1.43574905e+07  7.85273716e+01 
 1.45237648e+07 -2.33507980e+01  1.45237648e+07  7.75966529e+01 
 1.46919646e+07 -2.34899986e+01  1.46919646e+07  7.66677567e+01 
 1.48621124e+07 -2.36293337e+01  1.48621124e+07  7.57406209e+01 
 1.50342306e+07 -2.37688031e+01  1.50342306e+07  7.48151824e+01 
 1.52083422e+07 -2.39084068e+01  1.52083422e+07  7.38913777e+01 
 1.53844701e+07 -2.40481452e+01  1.53844701e+07  7.29691430e+01 
 1.55626378e+07 -2.41880189e+01  1.55626378e+07  7.20484137e+01 
 1.57428689e+07 -2.43280285e+01  1.57428689e+07  7.11291253e+01 
 1.59251872e+07 -2.44681753e+01  1.59251872e+07  7.02112130e+01 
 1.61096169e+07 -2.46084604e+01  1.61096169e+07  6.92946122e+01 
 1.62961825e+07 -2.47488855e+01  1.62961825e+07  6.83792582e+01 
 1.64849088e+07 -2.48894523e+01  1.64849088e+07  6.74650865e+01 
 1.66758206e+07 -2.50301627e+01  1.66758206e+07  6.65520331e+01 
 1.68689435e+07 -2.51710191e+01  1.68689435e+07  6.56400342e+01 
 1.70643029e+07 -2.53120239e+01  1.70643029e+07  6.47290268e+01 
 1.72619247e+07 -2.54531797e+01  1.72619247e+07  6.38189482e+01 
 1.74618352e+07 -2.55944895e+01  1.74618352e+07  6.29097369e+01 
 1.76640609e+07 -2.57359564e+01  1.76640609e+07  6.20013318e+01 
 1.78686285e+07 -2.58775837e+01  1.78686285e+07  6.10936729e+01 
 1.80755653e+07 -2.60193749e+01  1.80755653e+07  6.01867014e+01 
 1.82848985e+07 -2.61613337e+01  1.82848985e+07  5.92803595e+01 
 1.84966561e+07 -2.63034639e+01  1.84966561e+07  5.83745906e+01 
 1.87108661e+07 -2.64457697e+01  1.87108661e+07  5.74693395e+01 
 1.89275568e+07 -2.65882552e+01  1.89275568e+07  5.65645525e+01 
 1.91467570e+07 -2.67309249e+01  1.91467570e+07  5.56601771e+01 
 1.93684957e+07 -2.68737834e+01  1.93684957e+07  5.47561627e+01 
 1.95928024e+07 -2.70168352e+01  1.95928024e+07  5.38524603e+01 
 1.98197069e+07 -2.71600852e+01  1.98197069e+07  5.29490226e+01 
 2.00492391e+07 -2.73035384e+01  2.00492391e+07  5.20458041e+01 
 2.02814295e+07 -2.74471998e+01  2.02814295e+07  5.11427614e+01 
 2.05163089e+07 -2.75910747e+01  2.05163089e+07  5.02398529e+01 
 2.07539085e+07 -2.77351684e+01  2.07539085e+07  4.93370391e+01 
 2.09942597e+07 -2.78794861e+01  2.09942597e+07  4.84342827e+01 
 2.12373944e+07 -2.80240334e+01  2.12373944e+07  4.75315485e+01 
 2.14833448e+07 -2.81688157e+01  2.14833448e+07  4.66288037e+01 
 2.17321436e+07 -2.83138388e+01  2.17321436e+07  4.57260178e+01 
 2.19838238e+07 -2.84591082e+01  2.19838238e+07  4.48231626e+01 
 2.22384186e+07 -2.86046295e+01  2.22384186e+07  4.39202124e+01 
 2.24959620e+07 -2.87504087e+01  2.24959620e+07  4.30171440e+01 
 2.27564879e+07 -2.88964512e+01  2.27564879e+07  4.21139369e+01 
 2.30200310e+07 -2.90427630e+01  2.30200310e+07  4.12105730e+01 
 2.32866262e+07 -2.91893498e+01  2.32866262e+07  4.03070371e+01 
 2.35563088e+07 -2.93362172e+01  2.35563088e+07  3.94033164e+01 
 2.38291146e+07 -2.94833711e+01  2.38291146e+07  3.84994012e+01 
 2.41050798e+07 -2.96308170e+01  2.41050798e+07  3.75952845e+01 
 2.43842409e+07 -2.97785607e+01  2.43842409e+07  3.66909620e+01 
 2.46666350e+07 -2.99266077e+01  2.46666350e+07  3.57864325e+01 
 2.49522996e+07 -3.00749634e+01  2.49522996e+07  3.48816975e+01 
 2.52412724e+07 -3.02236335e+01  2.52412724e+07  3.39767616e+01 
 2.55335918e+07 -3.03726231e+01  2.55335918e+07  3.30716325e+01 
 2.58292965e+07 -3.05219376e+01  2.58292965e+07  3.21663206e+01 
 2.61284258e+07 -3.06715821e+01  2.61284258e+07  3.12608396e+01 
 2.64310194e+07 -3.08215616e+01  2.64310194e+07  3.03552062e+01 
 2.67371172e+07 -3.09718810e+01  2.67371172e+07  2.94494401e+01 
 2.70467600e+07 -3.11225449e+01  2.70467600e+07  2.85435643e+01 
 2.73599888e+07 -3.12735581e+01  2.73599888e+07  2.76376046e+01 
 2.76768451e+07 -3.14249249e+01  2.76768451e+07  2.67315902e+01 
 2.79973709e+07 -3.15766496e+01  2.79973709e+07  2.58255535e+01 
 2.83216087e+07 -3.17287361e+01  2.83216087e+07  2.49195297e+01 
 2.86496015e+07 -3.18811883e+01  2.86496015e+07  2.40135574e+01 
 2.89813928e+07 -3.20340099e+01  2.89813928e+07  2.31076784e+01 
 2.93170265e+07 -3.21872042e+01  2.93170265e+07  2.22019375e+01 
 2.96565473e+07 -3.23407743e+01  2.96565473e+07  2.12963827e+01 
 3.00000000e+07 -3.24947233e+01  3.00000000e+07  2.03910651e+01 
