 2.00000000e-01 -8.57950937e+00  2.00000000e-01  6.78862532e+01 
 2.02316202e-01 -8.49380994e+00  2.02316202e-01  6.76552200e+01 
 2.04659228e-01 -8.40839530e+00  2.04659228e-01  6.74222878e+01 
 2.07029388e-01 -8.32327012e+00  2.07029388e-01  6.71874566e+01 
 2.09426997e-01 -8.23843913e+00  2.09426997e-01  6.69507268e+01 
 2.11852373e-01 -8.15390707e+00  2.11852373e-01  6.67120993e+01 
 2.14305837e-01 -8.06967875e+00  2.14305837e-01  6.64715756e+01 
 2.16787715e-01 -7.98575898e+00  2.16787715e-01  6.62291578e+01 
 2.19298335e-01 -7.90215262e+00  2.19298335e-01  6.59848483e+01 
 2.21838031e-01 -7.81886456e+00  2.21838031e-01  6.57386504e+01 
 2.24407140e-01 -7.73589972e+00  2.24407140e-01  6.54905678e+01 
 2.27006001e-01 -7.65326303e+00  2.27006001e-01  6.52406048e+01 
 2.29634959e-01 -7.57095947e+00  2.29634959e-01  6.49887662e+01 
 2.32294364e-01 -7.48899402e+00  2.32294364e-01  6.47350578e+01 
 2.34984567e-01 -7.40737171e+00  2.34984567e-01  6.44794855e+01 
 2.37705925e-01 -7.32609756e+00  2.37705925e-01  6.42220563e+01 
 2.40458800e-01 -7.24517662e+00  2.40458800e-01  6.39627775e+01 
 2.43243555e-01 -7.16461396e+00  2.43243555e-01  6.37016573e+01 
 2.46060561e-01 -7.08441464e+00  2.46060561e-01  6.34387044e+01 
 2.48910190e-01 -7.00458377e+00  2.48910190e-01  6.31739283e+01 
 2.51792821e-01 -6.92512644e+00  2.51792821e-01  6.29073391e+01 
 2.54708836e-01 -6.84604773e+00  2.54708836e-01  6.26389476e+01 
 2.57658622e-01 -6.76735277e+00  2.57658622e-01  6.23687653e+01 
 2.60642568e-01 -6.68904665e+00  2.60642568e-01  6.20968046e+01 
 2.63661072e-01 -6.61113447e+00  2.63661072e-01  6.18230783e+01 
 2.66714534e-01 -6.53362133e+00  2.66714534e-01  6.15476002e+01 
 2.69803357e-01 -6.45651231e+00  2.69803357e-01  6.12703847e+01 
 2.72927952e-01 -6.37981249e+00  2.72927952e-01  6.09914469e+01 
 2.76088733e-01 -6.30352693e+00  2.76088733e-01  6.07108028e+01 
 2.79286119e-01 -6.22766068e+00  2.79286119e-01  6.04284690e+01 
 2.82520534e-01 -6.15221875e+00  2.82520534e-01  6.01444629e+01 
 2.85792407e-01 -6.07720614e+00  2.85792407e-01  5.98588026e+01 
 2.89102171e-01 -6.00262783e+00  2.89102171e-01  5.95715072e+01 
 2.92450266e-01 -5.92848877e+00  2.92450266e-01  5.92825964e+01 
 2.95837135e-01 -5.85479385e+00  2.95837135e-01  5.89920905e+01 
 2.99263228e-01 -5.78154795e+00  2.99263228e-01  5.87000108e+01 
 3.02728998e-01 -5.70875590e+00  3.02728998e-01  5.84063794e+01 
 3.06234905e-01 -5.63642249e+00  3.06234905e-01  5.81112189e+01 
 3.09781414e-01 -5.56455246e+00  3.09781414e-01  5.78145529e+01 
 3.13368996e-01 -5.49315050e+00  3.13368996e-01  5.75164057e+01 
 3.16998125e-01 -5.42222123e+00  3.16998125e-01  5.72168024e+01 
 3.20669283e-01 -5.35176924e+00  3.20669283e-01  5.69157688e+01 
 3.24382957e-01 -5.28179905e+00  3.24382957e-01  5.66133314e+01 
 3.28139639e-01 -5.21231509e+00  3.28139639e-01  5.63095176e+01 
 3.31939827e-01 -5.14332176e+00  3.31939827e-01  5.60043553e+01 
 3.35784025e-01 -5.07482336e+00  3.35784025e-01  5.56978735e+01 
 3.39672743e-01 -5.00682412e+00  3.39672743e-01  5.53901016e+01 
 3.43606496e-01 -4.93932819e+00  3.43606496e-01  5.50810699e+01 
 3.47585805e-01 -4.87233966e+00  3.47585805e-01  5.47708093e+01 
 3.51611200e-01 -4.80586249e+00  3.51611200e-01  5.44593515e+01 
 3.55683212e-01 -4.73990058e+00  3.55683212e-01  5.41467288e+01 
 3.59802383e-01 -4.67445774e+00  3.59802383e-01  5.38329741e+01 
 3.63969257e-01 -4.60953766e+00  3.63969257e-01  5.35181213e+01 
 3.68184388e-01 -4.54514395e+00  3.68184388e-01  5.32022045e+01 
 3.72448335e-01 -4.48128010e+00  3.72448335e-01  5.28852588e+01 
 3.76761663e-01 -4.41794951e+00  3.76761663e-01  5.25673196e+01 
 3.81124943e-01 -4.35515546e+00  3.81124943e-01  5.22484233e+01 
 3.85538754e-01 -4.29290112e+00  3.85538754e-01  5.19286064e+01 
 3.90003682e-01 -4.23118955e+00  3.90003682e-01  5.16079064e+01 
 3.94520318e-01 -4.17002366e+00  3.94520318e-01  5.12863611e+01 
 3.99089261e-01 -4.10940628e+00  3.99089261e-01  5.09640089e+01 
 4.03711118e-01 -4.04934010e+00  4.03711118e-01  5.06408886e+01 
 4.08386500e-01 -3.98982766e+00  4.08386500e-01  5.03170396e+01 
 4.13116027e-01 -3.93087141e+00  4.13116027e-01  4.99925018e+01 
 4.17900328e-01 -3.87247363e+00  4.17900328e-01  4.96673155e+01 
 4.22740035e-01 -3.81463649e+00  4.22740035e-01  4.93415212e+01 
 4.27635791e-01 -3.75736202e+00  4.27635791e-01  4.90151601e+01 
 4.32588245e-01 -3.70065210e+00  4.32588245e-01  4.86882737e+01 
 4.37598053e-01 -3.64450848e+00  4.37598053e-01  4.83609037e+01 
 4.42665880e-01 -3.58893275e+00  4.42665880e-01  4.80330921e+01 
 4.47792398e-01 -3.53392638e+00  4.47792398e-01  4.77048815e+01 
 4.52978286e-01 -3.47949068e+00  4.52978286e-01  4.73763143e+01 
 4.58224231e-01 -3.42562682e+00  4.58224231e-01  4.70474336e+01 
 4.63530930e-01 -3.37233581e+00  4.63530930e-01  4.67182823e+01 
 4.68899086e-01 -3.31961852e+00  4.68899086e-01  4.63889038e+01 
 4.74329410e-01 -3.26747566e+00  4.74329410e-01  4.60593414e+01 
 4.79822623e-01 -3.21590780e+00  4.79822623e-01  4.57296387e+01 
 4.85379453e-01 -3.16491536e+00  4.85379453e-01  4.53998393e+01 
 4.91000637e-01 -3.11449859e+00  4.91000637e-01  4.50699869e+01 
 4.96686920e-01 -3.06465760e+00  4.96686920e-01  4.47401252e+01 
 5.02439056e-01 -3.01539236e+00  5.02439056e-01  4.44102979e+01 
 5.08257807e-01 -2.96670265e+00  5.08257807e-01  4.40805488e+01 
 5.14143945e-01 -2.91858815e+00  5.14143945e-01  4.37509216e+01 
 5.20098251e-01 -2.87104833e+00  5.20098251e-01  4.34214596e+01 
 5.26121513e-01 -2.82408256e+00  5.26121513e-01  4.30922066e+01 
 5.32214531e-01 -2.77769002e+00  5.32214531e-01  4.27632057e+01 
 5.38378112e-01 -2.73186977e+00  5.38378112e-01  4.24345001e+01 
 5.44613074e-01 -2.68662070e+00  5.44613074e-01  4.21061329e+01 
 5.50920243e-01 -2.64194157e+00  5.50920243e-01  4.17781467e+01 
 5.57300455e-01 -2.59783096e+00  5.57300455e-01  4.14505840e+01 
 5.63754556e-01 -2.55428736e+00  5.63754556e-01  4.11234871e+01 
 5.70283403e-01 -2.51130906e+00  5.70283403e-01  4.07968978e+01 
 5.76887860e-01 -2.46889425e+00  5.76887860e-01  4.04708579e+01 
 5.83568804e-01 -2.42704095e+00  5.83568804e-01  4.01454084e+01 
 5.90327119e-01 -2.38574706e+00  5.90327119e-01  3.98205902e+01 
 5.97163703e-01 -2.34501035e+00  5.97163703e-01  3.94964439e+01 
 6.04079461e-01 -2.30482843e+00  6.04079461e-01  3.91730093e+01 
 6.11075310e-01 -2.26519881e+00  6.11075310e-01  3.88503262e+01 
 6.18152179e-01 -2.22611885e+00  6.18152179e-01  3.85284335e+01 
 6.25311005e-01 -2.18758580e+00  6.25311005e-01  3.82073699e+01 
 6.32552737e-01 -2.14959676e+00  6.32552737e-01  3.78871734e+01 
 6.39878336e-01 -2.11214875e+00  6.39878336e-01  3.75678816e+01 
 6.47288773e-01 -2.07523863e+00  6.47288773e-01  3.72495316e+01 
 6.54785030e-01 -2.03886317e+00  6.54785030e-01  3.69321596e+01 
 6.62368101e-01 -2.00301904e+00  6.62368101e-01  3.66158016e+01 
 6.70038992e-01 -1.96770277e+00  6.70038992e-01  3.63004927e+01 
 6.77798719e-01 -1.93291081e+00  6.77798719e-01  3.59862676e+01 
 6.85648312e-01 -1.89863949e+00  6.85648312e-01  3.56731601e+01 
 6.93588812e-01 -1.86488506e+00  6.93588812e-01  3.53612036e+01 
 7.01621270e-01 -1.83164366e+00  7.01621270e-01  3.50504307e+01 
 7.09746752e-01 -1.79891135e+00  7.09746752e-01  3.47408734e+01 
 7.17966335e-01 -1.76668410e+00  7.17966335e-01  3.44325628e+01 
 7.26281110e-01 -1.73495778e+00  7.26281110e-01  3.41255295e+01 
 7.34692178e-01 -1.70372819e+00  7.34692178e-01  3.38198033e+01 
 7.43200655e-01 -1.67299107e+00  7.43200655e-01  3.35154134e+01 
 7.51807668e-01 -1.64274205e+00  7.51807668e-01  3.32123881e+01 
 7.60514359e-01 -1.61297673e+00  7.60514359e-01  3.29107551e+01 
 7.69321883e-01 -1.58369060e+00  7.69321883e-01  3.26105412e+01 
 7.78231406e-01 -1.55487913e+00  7.78231406e-01  3.23117726e+01 
 7.87244111e-01 -1.52653770e+00  7.87244111e-01  3.20144746e+01 
 7.96361192e-01 -1.49866164e+00  7.96361192e-01  3.17186718e+01 
 8.05583858e-01 -1.47124624e+00  8.05583858e-01  3.14243882e+01 
 8.14913332e-01 -1.44428672e+00  8.14913332e-01  3.11316468e+01 
 8.24350851e-01 -1.41777828e+00  8.24350851e-01  3.08404699e+01 
 8.33897665e-01 -1.39171606e+00  8.33897665e-01  3.05508792e+01 
 8.43555041e-01 -1.36609517e+00  8.43555041e-01  3.02628953e+01 
 8.53324260e-01 -1.34091068e+00  8.53324260e-01  2.99765383e+01 
 8.63206616e-01 -1.31615763e+00  8.63206616e-01  2.96918274e+01 
 8.73203419e-01 -1.29183103e+00  8.73203419e-01  2.94087813e+01 
 8.83315996e-01 -1.26792587e+00  8.83315996e-01  2.91274175e+01 
 8.93545686e-01 -1.24443711e+00  8.93545686e-01  2.88477530e+01 
 9.03893847e-01 -1.22135970e+00  9.03893847e-01  2.85698042e+01 
 9.14361849e-01 -1.19868857e+00  9.14361849e-01  2.82935864e+01 
 9.24951082e-01 -1.17641864e+00  9.24951082e-01  2.80191144e+01 
 9.35662949e-01 -1.15454482e+00  9.35662949e-01  2.77464023e+01 
 9.46498870e-01 -1.13306200e+00  9.46498870e-01  2.74754632e+01 
 9.57460281e-01 -1.11196508e+00  9.57460281e-01  2.72063097e+01 
 9.68548637e-01 -1.09124897e+00  9.68548637e-01  2.69389537e+01 
 9.79765408e-01 -1.07090855e+00  9.79765408e-01  2.66734062e+01 
 9.91112080e-01 -1.05093874e+00  9.91112080e-01  2.64096778e+01 
 1.00259016e+00 -1.03133444e+00  1.00259016e+00  2.61477781e+01 
 1.01420116e+00 -1.01209057e+00  1.01420116e+00  2.58877162e+01 
 1.02594664e+00 -9.93202058e-01  1.02594664e+00  2.56295005e+01 
 1.03782813e+00 -9.74663850e-01  1.03782813e+00  2.53731386e+01 
 1.04984723e+00 -9.56470905e-01  1.04984723e+00  2.51186378e+01 
 1.06200552e+00 -9.38618204e-01  1.06200552e+00  2.48660043e+01 
 1.07430462e+00 -9.21100743e-01  1.07430462e+00  2.46152441e+01 
 1.08674615e+00 -9.03913547e-01  1.08674615e+00  2.43663622e+01 
 1.09933176e+00 -8.87051660e-01  1.09933176e+00  2.41193633e+01 
 1.11206313e+00 -8.70510154e-01  1.11206313e+00  2.38742513e+01 
 1.12494195e+00 -8.54284132e-01  1.12494195e+00  2.36310297e+01 
 1.13796991e+00 -8.38368722e-01  1.13796991e+00  2.33897011e+01 
 1.15114875e+00 -8.22759087e-01  1.15114875e+00  2.31502680e+01 
 1.16448021e+00 -8.07450422e-01  1.16448021e+00  2.29127320e+01 
 1.17796607e+00 -7.92437955e-01  1.17796607e+00  2.26770942e+01 
 1.19160810e+00 -7.77716951e-01  1.19160810e+00  2.24433554e+01 
 1.20540813e+00 -7.63282714e-01  1.20540813e+00  2.22115155e+01 
 1.21936797e+00 -7.49130583e-01  1.21936797e+00  2.19815744e+01 
 1.23348948e+00 -7.35255938e-01  1.23348948e+00  2.17535311e+01 
 1.24777453e+00 -7.21654202e-01  1.24777453e+00  2.15273843e+01 
 1.26222502e+00 -7.08320837e-01  1.26222502e+00  2.13031321e+01 
 1.27684286e+00 -6.95251349e-01  1.27684286e+00  2.10807724e+01 
 1.29162999e+00 -6.82441287e-01  1.29162999e+00  2.08603025e+01 
 1.30658837e+00 -6.69886245e-01  1.30658837e+00  2.06417192e+01 
 1.32171998e+00 -6.57581863e-01  1.32171998e+00  2.04250190e+01 
 1.33702683e+00 -6.45523826e-01  1.33702683e+00  2.02101980e+01 
 1.35251095e+00 -6.33707867e-01  1.35251095e+00  1.99972518e+01 
 1.36817439e+00 -6.22129766e-01  1.36817439e+00  1.97861758e+01 
 1.38401923e+00 -6.10785350e-01  1.38401923e+00  1.95769649e+01 
 1.40004757e+00 -5.99670496e-01  1.40004757e+00  1.93696136e+01 
 1.41626153e+00 -5.88781129e-01  1.41626153e+00  1.91641163e+01 
 1.43266327e+00 -5.78113222e-01  1.43266327e+00  1.89604667e+01 
 1.44925496e+00 -5.67662802e-01  1.44925496e+00  1.87586586e+01 
 1.46603879e+00 -5.57425941e-01  1.46603879e+00  1.85586851e+01 
 1.48301700e+00 -5.47398764e-01  1.48301700e+00  1.83605393e+01 
 1.50019183e+00 -5.37577446e-01  1.50019183e+00  1.81642137e+01 
 1.51756557e+00 -5.27958212e-01  1.51756557e+00  1.79697010e+01 
 1.53514051e+00 -5.18537339e-01  1.53514051e+00  1.77769931e+01 
 1.55291899e+00 -5.09311154e-01  1.55291899e+00  1.75860820e+01 
 1.57090335e+00 -5.00276034e-01  1.57090335e+00  1.73969593e+01 
 1.58909600e+00 -4.91428409e-01  1.58909600e+00  1.72096164e+01 
 1.60749933e+00 -4.82764758e-01  1.60749933e+00  1.70240446e+01 
 1.62611580e+00 -4.74281612e-01  1.62611580e+00  1.68402347e+01 
 1.64494786e+00 -4.65975552e-01  1.64494786e+00  1.66581777e+01 
 1.66399802e+00 -4.57843209e-01  1.66399802e+00  1.64778639e+01 
 1.68326879e+00 -4.49881267e-01  1.68326879e+00  1.62992838e+01 
 1.70276274e+00 -4.42086456e-01  1.70276274e+00  1.61224277e+01 
 1.72248245e+00 -4.34455560e-01  1.72248245e+00  1.59472855e+01 
 1.74243054e+00 -4.26985412e-01  1.74243054e+00  1.57738471e+01 
 1.76260964e+00 -4.19672893e-01  1.76260964e+00  1.56021022e+01 
 1.78302244e+00 -4.12514933e-01  1.78302244e+00  1.54320405e+01 
 1.80367164e+00 -4.05508514e-01  1.80367164e+00  1.52636513e+01 
 1.82455997e+00 -3.98650664e-01  1.82455997e+00  1.50969239e+01 
 1.84569022e+00 -3.91938460e-01  1.84569022e+00  1.49318477e+01 
 1.86706517e+00 -3.85369026e-01  1.86706517e+00  1.47684115e+01 
 1.88868767e+00 -3.78939536e-01  1.88868767e+00  1.46066044e+01 
 1.91056058e+00 -3.72647209e-01  1.91056058e+00  1.44464153e+01 
 1.93268680e+00 -3.66489311e-01  1.93268680e+00  1.42878330e+01 
 1.95506926e+00 -3.60463156e-01  1.95506926e+00  1.41308460e+01 
 1.97771094e+00 -3.54566101e-01  1.97771094e+00  1.39754432e+01 
 2.00061483e+00 -3.48795551e-01  2.00061483e+00  1.38216129e+01 
 2.02378396e+00 -3.43148954e-01  2.02378396e+00  1.36693437e+01 
 2.04722142e+00 -3.37623805e-01  2.04722142e+00  1.35186240e+01 
 2.07093031e+00 -3.32217641e-01  2.07093031e+00  1.33694422e+01 
 2.09491378e+00 -3.26928043e-01  2.09491378e+00  1.32217865e+01 
 2.11917499e+00 -3.21752635e-01  2.11917499e+00  1.30756453e+01 
 2.14371718e+00 -3.16689083e-01  2.14371718e+00  1.29310067e+01 
 2.16854358e+00 -3.11735097e-01  2.16854358e+00  1.27878590e+01 
 2.19365751e+00 -3.06888427e-01  2.19365751e+00  1.26461903e+01 
 2.21906227e+00 -3.02146864e-01  2.21906227e+00  1.25059888e+01 
 2.24476125e+00 -2.97508239e-01  2.24476125e+00  1.23672426e+01 
 2.27075785e+00 -2.92970425e-01  2.27075785e+00  1.22299398e+01 
 2.29705552e+00 -2.88531332e-01  2.29705552e+00  1.20940685e+01 
 2.32365774e+00 -2.84188910e-01  2.32365774e+00  1.19596169e+01 
 2.35056804e+00 -2.79941149e-01  2.35056804e+00  1.18265730e+01 
 2.37778999e+00 -2.75786073e-01  2.37778999e+00  1.16949249e+01 
 2.40532720e+00 -2.71721746e-01  2.40532720e+00  1.15646607e+01 
 2.43318331e+00 -2.67746269e-01  2.43318331e+00  1.14357686e+01 
 2.46136203e+00 -2.63857777e-01  2.46136203e+00  1.13082366e+01 
 2.48986709e+00 -2.60054444e-01  2.48986709e+00  1.11820530e+01 
 2.51870226e+00 -2.56334476e-01  2.51870226e+00  1.10572059e+01 
 2.54787137e+00 -2.52696114e-01  2.54787137e+00  1.09336834e+01 
 2.57737829e+00 -2.49137636e-01  2.57737829e+00  1.08114738e+01 
 2.60722693e+00 -2.45657350e-01  2.60722693e+00  1.06905654e+01 
 2.63742125e+00 -2.42253599e-01  2.63742125e+00  1.05709463e+01 
 2.66796525e+00 -2.38924757e-01  2.66796525e+00  1.04526050e+01 
 2.69886298e+00 -2.35669233e-01  2.69886298e+00  1.03355298e+01 
 2.73011854e+00 -2.32485463e-01  2.73011854e+00  1.02197090e+01 
 2.76173606e+00 -2.29371918e-01  2.76173606e+00  1.01051311e+01 
 2.79371975e+00 -2.26327097e-01  2.79371975e+00  9.99178462e+00 
 2.82607385e+00 -2.23349530e-01  2.82607385e+00  9.87965800e+00 
 2.85880263e+00 -2.20437775e-01  2.85880263e+00  9.76873984e+00 
 2.89191045e+00 -2.17590422e-01  2.89191045e+00  9.65901876e+00 
 2.92540169e+00 -2.14806087e-01  2.92540169e+00  9.55048342e+00 
 2.95928080e+00 -2.12083413e-01  2.95928080e+00  9.44312257e+00 
 2.99355225e+00 -2.09421073e-01  2.99355225e+00  9.33692497e+00 
 3.02822061e+00 -2.06817765e-01  3.02822061e+00  9.23187946e+00 
 3.06329046e+00 -2.04272215e-01  3.06329046e+00  9.12797495e+00 
 3.09876645e+00 -2.01783175e-01  3.09876645e+00  9.02520039e+00 
 3.13465329e+00 -1.99349420e-01  3.13465329e+00  8.92354481e+00 
 3.17095574e+00 -1.96969753e-01  3.17095574e+00  8.82299727e+00 
 3.20767861e+00 -1.94643000e-01  3.20767861e+00  8.72354694e+00 
 3.24482676e+00 -1.92368013e-01  3.24482676e+00  8.62518302e+00 
 3.28240513e+00 -1.90143666e-01  3.28240513e+00  8.52789478e+00 
 3.32041869e+00 -1.87968857e-01  3.32041869e+00  8.43167158e+00 
 3.35887249e+00 -1.85842506e-01  3.35887249e+00  8.33650283e+00 
 3.39777162e+00 -1.83763556e-01  3.39777162e+00  8.24237801e+00 
 3.43712125e+00 -1.81730974e-01  3.43712125e+00  8.14928668e+00 
 3.47692658e+00 -1.79743746e-01  3.47692658e+00  8.05721845e+00 
 3.51719290e+00 -1.77800879e-01  3.51719290e+00  7.96616302e+00 
 3.55792554e+00 -1.75901403e-01  3.55792554e+00  7.87611017e+00 
 3.59912991e+00 -1.74044367e-01  3.59912991e+00  7.78704972e+00 
 3.64081146e+00 -1.72228840e-01  3.64081146e+00  7.69897160e+00 
 3.68297573e+00 -1.70453912e-01  3.68297573e+00  7.61186578e+00 
 3.72562831e+00 -1.68718690e-01  3.72562831e+00  7.52572234e+00 
 3.76877484e+00 -1.67022302e-01  3.76877484e+00  7.44053141e+00 
 3.81242106e+00 -1.65363892e-01  3.81242106e+00  7.35628321e+00 
 3.85657274e+00 -1.63742626e-01  3.85657274e+00  7.27296801e+00 
 3.90123574e+00 -1.62157684e-01  3.90123574e+00  7.19057618e+00 
 3.94641599e+00 -1.60608265e-01  3.94641599e+00  7.10909816e+00 
 3.99211947e+00 -1.59093586e-01  3.99211947e+00  7.02852447e+00 
 4.03835224e+00 -1.57612879e-01  4.03835224e+00  6.94884570e+00 
 4.08512043e+00 -1.56165393e-01  4.08512043e+00  6.87005251e+00 
 4.13243025e+00 -1.54750394e-01  4.13243025e+00  6.79213566e+00 
 4.18028796e+00 -1.53367163e-01  4.18028796e+00  6.71508596e+00 
 4.22869991e+00 -1.52014997e-01  4.22869991e+00  6.63889432e+00 
 4.27767252e+00 -1.50693207e-01  4.27767252e+00  6.56355171e+00 
 4.32721228e+00 -1.49401119e-01  4.32721228e+00  6.48904917e+00 
 4.37732577e+00 -1.48138075e-01  4.37732577e+00  6.41537786e+00 
 4.42801962e+00 -1.46903431e-01  4.42801962e+00  6.34252896e+00 
 4.47930055e+00 -1.45696554e-01  4.47930055e+00  6.27049376e+00 
 4.53117537e+00 -1.44516829e-01  4.53117537e+00  6.19926363e+00 
 4.58365095e+00 -1.43363652e-01  4.58365095e+00  6.12883000e+00 
 4.63673425e+00 -1.42236431e-01  4.63673425e+00  6.05918438e+00 
 4.69043232e+00 -1.41134590e-01  4.69043232e+00  5.99031837e+00 
 4.74475225e+00 -1.40057562e-01  4.74475225e+00  5.92222362e+00 
 4.79970127e+00 -1.39004796e-01  4.79970127e+00  5.85489188e+00 
 4.85528665e+00 -1.37975750e-01  4.85528665e+00  5.78831497e+00 
 4.91151577e+00 -1.36969896e-01  4.91151577e+00  5.72248478e+00 
 4.96839608e+00 -1.35986715e-01  4.96839608e+00  5.65739327e+00 
 5.02593512e+00 -1.35025702e-01  5.02593512e+00  5.59303249e+00 
 5.08414052e+00 -1.34086361e-01  5.08414052e+00  5.52939455e+00 
 5.14302000e+00 -1.33168209e-01  5.14302000e+00  5.46647165e+00 
 5.20258136e+00 -1.32270772e-01  5.20258136e+00  5.40425605e+00 
 5.26283250e+00 -1.31393586e-01  5.26283250e+00  5.34274008e+00 
 5.32378141e+00 -1.30536198e-01  5.32378141e+00  5.28191616e+00 
 5.38543617e+00 -1.29698166e-01  5.38543617e+00  5.22177677e+00 
 5.44780495e+00 -1.28879056e-01  5.44780495e+00  5.16231447e+00 
 5.51089603e+00 -1.28078444e-01  5.51089603e+00  5.10352189e+00 
 5.57471776e+00 -1.27295916e-01  5.57471776e+00  5.04539173e+00 
 5.63927862e+00 -1.26531067e-01  5.63927862e+00  4.98791676e+00 
 5.70458716e+00 -1.25783499e-01  5.70458716e+00  4.93108981e+00 
 5.77065203e+00 -1.25052826e-01  5.77065203e+00  4.87490381e+00 
 5.83748200e+00 -1.24338668e-01  5.83748200e+00  4.81935174e+00 
 5.90508593e+00 -1.23640655e-01  5.90508593e+00  4.76442665e+00 
 5.97347279e+00 -1.22958424e-01  5.97347279e+00  4.71012166e+00 
 6.04265163e+00 -1.22291621e-01  6.04265163e+00  4.65642996e+00 
 6.11263163e+00 -1.21639900e-01  6.11263163e+00  4.60334481e+00 
 6.18342207e+00 -1.21002920e-01  6.18342207e+00  4.55085954e+00 
 6.25503234e+00 -1.20380351e-01  6.25503234e+00  4.49896753e+00 
 6.32747192e+00 -1.19771869e-01  6.32747192e+00  4.44766226e+00 
 6.40075043e+00 -1.19177157e-01  6.40075043e+00  4.39693724e+00 
 6.47487758e+00 -1.18595906e-01  6.47487758e+00  4.34678607e+00 
 6.54986319e+00 -1.18027811e-01  6.54986319e+00  4.29720241e+00 
 6.62571722e+00 -1.17472578e-01  6.62571722e+00  4.24817998e+00 
 6.70244971e+00 -1.16929916e-01  6.70244971e+00  4.19971257e+00 
 6.78007084e+00 -1.16399542e-01  6.78007084e+00  4.15179403e+00 
 6.85859090e+00 -1.15881180e-01  6.85859090e+00  4.10441827e+00 
 6.93802030e+00 -1.15374559e-01  6.93802030e+00  4.05757928e+00 
 7.01836957e+00 -1.14879415e-01  7.01836957e+00  4.01127108e+00 
 7.09964937e+00 -1.14395487e-01  7.09964937e+00  3.96548780e+00 
 7.18187048e+00 -1.13922525e-01  7.18187048e+00  3.92022358e+00 
 7.26504378e+00 -1.13460280e-01  7.26504378e+00  3.87547265e+00 
 7.34918032e+00 -1.13008510e-01  7.34918032e+00  3.83122930e+00 
 7.43429124e+00 -1.12566979e-01  7.43429124e+00  3.78748787e+00 
 7.52038784e+00 -1.12135457e-01  7.52038784e+00  3.74424278e+00 
 7.60748151e+00 -1.11713717e-01  7.60748151e+00  3.70148847e+00 
 7.69558382e+00 -1.11301538e-01  7.69558382e+00  3.65921948e+00 
 7.78470645e+00 -1.10898705e-01  7.78470645e+00  3.61743037e+00 
 7.87486120e+00 -1.10505006e-01  7.87486120e+00  3.57611580e+00 
 7.96606004e+00 -1.10120235e-01  7.96606004e+00  3.53527045e+00 
 8.05831505e+00 -1.09744191e-01  8.05831505e+00  3.49488908e+00 
 8.15163847e+00 -1.09376676e-01  8.15163847e+00  3.45496649e+00 
 8.24604267e+00 -1.09017497e-01  8.24604267e+00  3.41549754e+00 
 8.34154016e+00 -1.08666466e-01  8.34154016e+00  3.37647715e+00 
 8.43814361e+00 -1.08323399e-01  8.43814361e+00  3.33790029e+00 
 8.53586583e+00 -1.07988116e-01  8.53586583e+00  3.29976199e+00 
 8.63471977e+00 -1.07660440e-01  8.63471977e+00  3.26205732e+00 
 8.73471853e+00 -1.07340200e-01  8.73471853e+00  3.22478142e+00 
 8.83587539e+00 -1.07027227e-01  8.83587539e+00  3.18792947e+00 
 8.93820374e+00 -1.06721357e-01  8.93820374e+00  3.15149671e+00 
 9.04171716e+00 -1.06422429e-01  9.04171716e+00  3.11547841e+00 
 9.14642936e+00 -1.06130287e-01  9.14642936e+00  3.07986993e+00 
 9.25235424e+00 -1.05844775e-01  9.25235424e+00  3.04466666e+00 
 9.35950584e+00 -1.05565746e-01  9.35950584e+00  3.00986402e+00 
 9.46789836e+00 -1.05293051e-01  9.46789836e+00  2.97545751e+00 
 9.57754617e+00 -1.05026547e-01  9.57754617e+00  2.94144266e+00 
 9.68846382e+00 -1.04766094e-01  9.68846382e+00  2.90781507e+00 
 9.80066601e+00 -1.04511554e-01  9.80066601e+00  2.87457036e+00 
 9.91416761e+00 -1.04262795e-01  9.91416761e+00  2.84170422e+00 
 1.00289837e+01 -1.04019685e-01  1.00289837e+01  2.80921237e+00 
 1.01451294e+01 -1.03782096e-01  1.01451294e+01  2.77709060e+00 
 1.02626203e+01 -1.03549903e-01  1.02626203e+01  2.74533472e+00 
 1.03814717e+01 -1.03322983e-01  1.03814717e+01  2.71394060e+00 
 1.05016997e+01 -1.03101218e-01  1.05016997e+01  2.68290416e+00 
 1.06233199e+01 -1.02884490e-01  1.06233199e+01  2.65222135e+00 
 1.07463487e+01 -1.02672685e-01  1.07463487e+01  2.62188817e+00 
 1.08708023e+01 -1.02465691e-01  1.08708023e+01  2.59190067e+00 
 1.09966971e+01 -1.02263400e-01  1.09966971e+01  2.56225495e+00 
 1.11240500e+01 -1.02065705e-01  1.11240500e+01  2.53294713e+00 
 1.12528777e+01 -1.01872501e-01  1.12528777e+01  2.50397338e+00 
 1.13831974e+01 -1.01683686e-01  1.13831974e+01  2.47532994e+00 
 1.15150263e+01 -1.01499162e-01  1.15150263e+01  2.44701305e+00 
 1.16483819e+01 -1.01318831e-01  1.16483819e+01  2.41901901e+00 
 1.17832819e+01 -1.01142597e-01  1.17832819e+01  2.39134418e+00 
 1.19197442e+01 -1.00970368e-01  1.19197442e+01  2.36398492e+00 
 1.20577869e+01 -1.00802052e-01  1.20577869e+01  2.33693768e+00 
 1.21974282e+01 -1.00637562e-01  1.21974282e+01  2.31019889e+00 
 1.23386867e+01 -1.00476810e-01  1.23386867e+01  2.28376507e+00 
 1.24815812e+01 -1.00319711e-01  1.24815812e+01  2.25763277e+00 
 1.26261305e+01 -1.00166183e-01  1.26261305e+01  2.23179854e+00 
 1.27723538e+01 -1.00016144e-01  1.27723538e+01  2.20625902e+00 
 1.29202705e+01 -9.98695156e-02  1.29202705e+01  2.18101086e+00 
 1.30699003e+01 -9.97262198e-02  1.30699003e+01  2.15605075e+00 
 1.32212629e+01 -9.95861810e-02  1.32212629e+01  2.13137541e+00 
 1.33743785e+01 -9.94493254e-02  1.33743785e+01  2.10698162e+00 
 1.35292673e+01 -9.93155807e-02  1.35292673e+01  2.08286616e+00 
 1.36859499e+01 -9.91848763e-02  1.36859499e+01  2.05902589e+00 
 1.38444470e+01 -9.90571430e-02  1.38444470e+01  2.03545768e+00 
 1.40047796e+01 -9.89323135e-02  1.40047796e+01  2.01215842e+00 
 1.41669691e+01 -9.88103218e-02  1.41669691e+01  1.98912506e+00 
 1.43310369e+01 -9.86911034e-02  1.43310369e+01  1.96635458e+00 
 1.44970048e+01 -9.85745953e-02  1.44970048e+01  1.94384399e+00 
 1.46648947e+01 -9.84607361e-02  1.46648947e+01  1.92159032e+00 
 1.48347290e+01 -9.83494654e-02  1.48347290e+01  1.89959066e+00 
 1.50065301e+01 -9.82407245e-02  1.50065301e+01  1.87784212e+00 
 1.51803209e+01 -9.81344559e-02  1.51803209e+01  1.85634183e+00 
 1.53561243e+01 -9.80306036e-02  1.53561243e+01  1.83508698e+00 
 1.55339637e+01 -9.79291124e-02  1.55339637e+01  1.81407476e+00 
 1.57138627e+01 -9.78299289e-02  1.57138627e+01  1.79330241e+00 
 1.58958451e+01 -9.77330005e-02  1.58958451e+01  1.77276720e+00 
 1.60799350e+01 -9.76382761e-02  1.60799350e+01  1.75246643e+00 
 1.62661569e+01 -9.75457055e-02  1.62661569e+01  1.73239742e+00 
 1.64545354e+01 -9.74552398e-02  1.64545354e+01  1.71255754e+00 
 1.66450955e+01 -9.73668311e-02  1.66450955e+01  1.69294418e+00 
 1.68378625e+01 -9.72804328e-02  1.68378625e+01  1.67355475e+00 
 1.70328619e+01 -9.71959991e-02  1.70328619e+01  1.65438670e+00 
 1.72301197e+01 -9.71134853e-02  1.72301197e+01  1.63543750e+00 
 1.74296618e+01 -9.70328479e-02  1.74296618e+01  1.61670466e+00 
 1.76315149e+01 -9.69540441e-02  1.76315149e+01  1.59818571e+00 
 1.78357056e+01 -9.68770323e-02  1.78357056e+01  1.57987822e+00 
 1.80422611e+01 -9.68017718e-02  1.80422611e+01  1.56177976e+00 
 1.82512087e+01 -9.67282227e-02  1.82512087e+01  1.54388796e+00 
 1.84625761e+01 -9.66563462e-02  1.84625761e+01  1.52620045e+00 
 1.86763914e+01 -9.65861042e-02  1.86763914e+01  1.50871490e+00 
 1.88926828e+01 -9.65174595e-02  1.88926828e+01  1.49142902e+00 
 1.91114791e+01 -9.64503759e-02  1.91114791e+01  1.47434051e+00 
 1.93328093e+01 -9.63848178e-02  1.93328093e+01  1.45744713e+00 
 1.95567028e+01 -9.63207506e-02  1.95567028e+01  1.44074665e+00 
 1.97831891e+01 -9.62581403e-02  1.97831891e+01  1.42423686e+00 
 2.00122984e+01 -9.61969539e-02  2.00122984e+01  1.40791559e+00 
 2.02440610e+01 -9.61371590e-02  2.02440610e+01  1.39178068e+00 
 2.04785077e+01 -9.60787238e-02  2.04785077e+01  1.37583000e+00 
 2.07156695e+01 -9.60216176e-02  2.07156695e+01  1.36006146e+00 
 2.09555778e+01 -9.59658101e-02  2.09555778e+01  1.34447296e+00 
 2.11982645e+01 -9.59112717e-02  2.11982645e+01  1.32906245e+00 
 2.14437618e+01 -9.58579736e-02  2.14437618e+01  1.31382790e+00 
 2.16921022e+01 -9.58058876e-02  2.16921022e+01  1.29876729e+00 
 2.19433187e+01 -9.57549861e-02  2.19433187e+01  1.28387864e+00 
 2.21974444e+01 -9.57052422e-02  2.21974444e+01  1.26915998e+00 
 2.24545132e+01 -9.56566296e-02  2.24545132e+01  1.25460937e+00 
 2.27145591e+01 -9.56091225e-02  2.27145591e+01  1.24022488e+00 
 2.29776167e+01 -9.55626958e-02  2.29776167e+01  1.22600462e+00 
 2.32437206e+01 -9.55173249e-02  2.32437206e+01  1.21194670e+00 
 2.35129064e+01 -9.54729859e-02  2.35129064e+01  1.19804927e+00 
 2.37852095e+01 -9.54296552e-02  2.37852095e+01  1.18431050e+00 
 2.40606663e+01 -9.53873099e-02  2.40606663e+01  1.17072856e+00 
 2.43393131e+01 -9.53459276e-02  2.43393131e+01  1.15730166e+00 
 2.46211869e+01 -9.53054864e-02  2.46211869e+01  1.14402804e+00 
 2.49063250e+01 -9.52659650e-02  2.49063250e+01  1.13090593e+00 
 2.51947654e+01 -9.52273423e-02  2.51947654e+01  1.11793360e+00 
 2.54865462e+01 -9.51895980e-02  2.54865462e+01  1.10510934e+00 
 2.57817061e+01 -9.51527120e-02  2.57817061e+01  1.09243144e+00 
 2.60802843e+01 -9.51166649e-02  2.60802843e+01  1.07989825e+00 
 2.63823203e+01 -9.50814375e-02  2.63823203e+01  1.06750808e+00 
 2.66878542e+01 -9.50470113e-02  2.66878542e+01  1.05525932e+00 
 2.69969265e+01 -9.50133680e-02  2.69969265e+01  1.04315034e+00 
 2.73095781e+01 -9.49804898e-02  2.73095781e+01  1.03117954e+00 
 2.76258506e+01 -9.49483593e-02  2.76258506e+01  1.01934533e+00 
 2.79457858e+01 -9.49169594e-02  2.79457858e+01  1.00764616e+00 
 2.82694262e+01 -9.48862737e-02  2.82694262e+01  9.96080468e-01 
 2.85968147e+01 -9.48562858e-02  2.85968147e+01  9.84646731e-01 
 2.89279946e+01 -9.48269798e-02  2.89279946e+01  9.73343435e-01 
 2.92630100e+01 -9.47983404e-02  2.92630100e+01  9.62169086e-01 
 2.96019052e+01 -9.47703522e-02  2.96019052e+01  9.51122206e-01 
 2.99447251e+01 -9.47430005e-02  2.99447251e+01  9.40201333e-01 
 3.02915152e+01 -9.47162708e-02  3.02915152e+01  9.29405022e-01 
 3.06423215e+01 -9.46901490e-02  3.06423215e+01  9.18731845e-01 
 3.09971905e+01 -9.46646212e-02  3.09971905e+01  9.08180390e-01 
 3.13561693e+01 -9.46396740e-02  3.13561693e+01  8.97749261e-01 
 3.17193054e+01 -9.46152941e-02  3.17193054e+01  8.87437077e-01 
 3.20866469e+01 -9.45914686e-02  3.20866469e+01  8.77242474e-01 
 3.24582427e+01 -9.45681850e-02  3.24582427e+01  8.67164103e-01 
 3.28341419e+01 -9.45454308e-02  3.28341419e+01  8.57200631e-01 
 3.32143943e+01 -9.45231941e-02  3.32143943e+01  8.47350738e-01 
 3.35990505e+01 -9.45014631e-02  3.35990505e+01  8.37613121e-01 
 3.39881614e+01 -9.44802263e-02  3.39881614e+01  8.27986491e-01 
 3.43817786e+01 -9.44594724e-02  3.43817786e+01  8.18469575e-01 
 3.47799543e+01 -9.44391905e-02  3.47799543e+01  8.09061112e-01 
 3.51827413e+01 -9.44193698e-02  3.51827413e+01  7.99759856e-01 
 3.55901929e+01 -9.43999999e-02  3.55901929e+01  7.90564578e-01 
 3.60023633e+01 -9.43810705e-02  3.60023633e+01  7.81474059e-01 
 3.64193070e+01 -9.43625716e-02  3.64193070e+01  7.72487097e-01 
 3.68410793e+01 -9.43444933e-02  3.68410793e+01  7.63602500e-01 
 3.72677361e+01 -9.43268262e-02  3.72677361e+01  7.54819094e-01 
 3.76993341e+01 -9.43095608e-02  3.76993341e+01  7.46135716e-01 
 3.81359304e+01 -9.42926881e-02  3.81359304e+01  7.37551214e-01 
 3.85775830e+01 -9.42761991e-02  3.85775830e+01  7.29064454e-01 
 3.90243503e+01 -9.42600851e-02  3.90243503e+01  7.20674312e-01 
 3.94762917e+01 -9.42443376e-02  3.94762917e+01  7.12379676e-01 
 3.99334670e+01 -9.42289481e-02  3.99334670e+01  7.04179447e-01 
 4.03959368e+01 -9.42139087e-02  4.03959368e+01  6.96072542e-01 
 4.08637625e+01 -9.41992112e-02  4.08637625e+01  6.88057884e-01 
 4.13370061e+01 -9.41848481e-02  4.13370061e+01  6.80134415e-01 
 4.18157303e+01 -9.41708115e-02  4.18157303e+01  6.72301083e-01 
 4.22999987e+01 -9.41570942e-02  4.22999987e+01  6.64556852e-01 
 4.27898753e+01 -9.41436889e-02  4.27898753e+01  6.56900696e-01 
 4.32854253e+01 -9.41305884e-02  4.32854253e+01  6.49331602e-01 
 4.37867142e+01 -9.41177858e-02  4.37867142e+01  6.41848566e-01 
 4.42938085e+01 -9.41052744e-02  4.42938085e+01  6.34450597e-01 
 4.48067755e+01 -9.40930475e-02  4.48067755e+01  6.27136717e-01 
 4.53256831e+01 -9.40810987e-02  4.53256831e+01  6.19905955e-01 
 4.58506003e+01 -9.40694217e-02  4.58506003e+01  6.12757355e-01 
 4.63815965e+01 -9.40580102e-02  4.63815965e+01  6.05689969e-01 
 4.69187422e+01 -9.40468582e-02  4.69187422e+01  5.98702862e-01 
 4.74621085e+01 -9.40359599e-02  4.74621085e+01  5.91795108e-01 
 4.80117676e+01 -9.40253094e-02  4.80117676e+01  5.84965791e-01 
 4.85677923e+01 -9.40149012e-02  4.85677923e+01  5.78214007e-01 
 4.91302564e+01 -9.40047296e-02  4.91302564e+01  5.71538862e-01 
 4.96992343e+01 -9.39947894e-02  4.96992343e+01  5.64939472e-01 
 5.02748016e+01 -9.39850753e-02  5.02748016e+01  5.58414962e-01 
 5.08570345e+01 -9.39755820e-02  5.08570345e+01  5.51964468e-01 
 5.14460103e+01 -9.39663047e-02  5.14460103e+01  5.45587135e-01 
 5.20418070e+01 -9.39572384e-02  5.20418070e+01  5.39282118e-01 
 5.26445036e+01 -9.39483783e-02  5.26445036e+01  5.33048583e-01 
 5.32541801e+01 -9.39397197e-02  5.32541801e+01  5.26885703e-01 
 5.38709172e+01 -9.39312580e-02  5.38709172e+01  5.20792662e-01 
 5.44947968e+01 -9.39229888e-02  5.44947968e+01  5.14768653e-01 
 5.51259015e+01 -9.39149076e-02  5.51259015e+01  5.08812877e-01 
 5.57643151e+01 -9.39070102e-02  5.57643151e+01  5.02924545e-01 
 5.64101221e+01 -9.38992924e-02  5.64101221e+01  4.97102877e-01 
 5.70634082e+01 -9.38917502e-02  5.70634082e+01  4.91347103e-01 
 5.77242601e+01 -9.38843795e-02  5.77242601e+01  4.85656458e-01 
 5.83927652e+01 -9.38771764e-02  5.83927652e+01  4.80030190e-01 
 5.90690124e+01 -9.38701372e-02  5.90690124e+01  4.74467552e-01 
 5.97530911e+01 -9.38632580e-02  5.97530911e+01  4.68967808e-01 
 6.04450922e+01 -9.38565353e-02  6.04450922e+01  4.63530229e-01 
 6.11451073e+01 -9.38499655e-02  6.11451073e+01  4.58154094e-01 
 6.18532294e+01 -9.38435452e-02  6.18532294e+01  4.52838691e-01 
 6.25695522e+01 -9.38372708e-02  6.25695522e+01  4.47583316e-01 
 6.32941707e+01 -9.38311391e-02  6.32941707e+01  4.42387272e-01 
 6.40271811e+01 -9.38251469e-02  6.40271811e+01  4.37249871e-01 
 6.47686804e+01 -9.38192910e-02  6.47686804e+01  4.32170431e-01 
 6.55187671e+01 -9.38135683e-02  6.55187671e+01  4.27148281e-01 
 6.62775405e+01 -9.38079757e-02  6.62775405e+01  4.22182753e-01 
 6.70451013e+01 -9.38025102e-02  6.70451013e+01  4.17273191e-01 
 6.78215512e+01 -9.37971691e-02  6.78215512e+01  4.12418944e-01 
 6.86069932e+01 -9.37919495e-02  6.86069932e+01  4.07619368e-01 
 6.94015314e+01 -9.37868485e-02  6.94015314e+01  4.02873827e-01 
 7.02052711e+01 -9.37818636e-02  7.02052711e+01  3.98181692e-01 
 7.10183190e+01 -9.37769920e-02  7.10183190e+01  3.93542342e-01 
 7.18407828e+01 -9.37722312e-02  7.18407828e+01  3.88955162e-01 
 7.26727715e+01 -9.37675787e-02  7.26727715e+01  3.84419543e-01 
 7.35143955e+01 -9.37630320e-02  7.35143955e+01  3.79934886e-01 
 7.43657664e+01 -9.37585886e-02  7.43657664e+01  3.75500594e-01 
 7.52269970e+01 -9.37542464e-02  7.52269970e+01  3.71116081e-01 
 7.60982015e+01 -9.37500028e-02  7.60982015e+01  3.66780766e-01 
 7.69794955e+01 -9.37458557e-02  7.69794955e+01  3.62494073e-01 
 7.78709957e+01 -9.37418030e-02  7.78709957e+01  3.58255436e-01 
 7.87728204e+01 -9.37378424e-02  7.87728204e+01  3.54064291e-01 
 7.96850891e+01 -9.37339718e-02  7.96850891e+01  3.49920084e-01 
 8.06079229e+01 -9.37301893e-02  8.06079229e+01  3.45822266e-01 
 8.15414439e+01 -9.37264927e-02  8.15414439e+01  3.41770292e-01 
 8.24857761e+01 -9.37228802e-02  8.24857761e+01  3.37763627e-01 
 8.34410446e+01 -9.37193498e-02  8.34410446e+01  3.33801738e-01 
 8.44073761e+01 -9.37158997e-02  8.44073761e+01  3.29884102e-01 
 8.53848987e+01 -9.37125280e-02  8.53848987e+01  3.26010199e-01 
 8.63737419e+01 -9.37092330e-02  8.63737419e+01  3.22179514e-01 
 8.73740370e+01 -9.37060128e-02  8.73740370e+01  3.18391541e-01 
 8.83859165e+01 -9.37028659e-02  8.83859165e+01  3.14645778e-01 
 8.94095146e+01 -9.36997905e-02  8.94095146e+01  3.10941727e-01 
 9.04449670e+01 -9.36967850e-02  9.04449670e+01  3.07278899e-01 
 9.14924110e+01 -9.36938478e-02  9.14924110e+01  3.03656807e-01 
 9.25519854e+01 -9.36909773e-02  9.25519854e+01  3.00074971e-01 
 9.36238307e+01 -9.36881721e-02  9.36238307e+01  2.96532917e-01 
 9.47080892e+01 -9.36854306e-02  9.47080892e+01  2.93030175e-01 
 9.58049044e+01 -9.36827514e-02  9.58049044e+01  2.89566281e-01 
 9.69144218e+01 -9.36801331e-02  9.69144218e+01  2.86140776e-01 
 9.80367886e+01 -9.36775743e-02  9.80367886e+01  2.82753205e-01 
 9.91721535e+01 -9.36750736e-02  9.91721535e+01  2.79403120e-01 
 1.00320667e+02 -9.36726297e-02  1.00320667e+02  2.76090076e-01 
 1.01482482e+02 -9.36702414e-02  1.01482482e+02  2.72813634e-01 
 1.02657751e+02 -9.36679072e-02  1.02657751e+02  2.69573361e-01 
 1.03846632e+02 -9.36656261e-02  1.03846632e+02  2.66368826e-01 
 1.05049280e+02 -9.36633968e-02  1.05049280e+02  2.63199605e-01 
 1.06265857e+02 -9.36612181e-02  1.06265857e+02  2.60065277e-01 
 1.07496523e+02 -9.36590889e-02  1.07496523e+02  2.56965428e-01 
 1.08741441e+02 -9.36570080e-02  1.08741441e+02  2.53899646e-01 
 1.10000777e+02 -9.36549743e-02  1.10000777e+02  2.50867525e-01 
 1.11274697e+02 -9.36529868e-02  1.11274697e+02  2.47868662e-01 
 1.12563370e+02 -9.36510444e-02  1.12563370e+02  2.44902661e-01 
 1.13866967e+02 -9.36491461e-02  1.13866967e+02  2.41969129e-01 
 1.15185661e+02 -9.36472908e-02  1.15185661e+02  2.39067675e-01 
 1.16519628e+02 -9.36454777e-02  1.16519628e+02  2.36197917e-01 
 1.17869043e+02 -9.36437056e-02  1.17869043e+02  2.33359472e-01 
 1.19234085e+02 -9.36419737e-02  1.19234085e+02  2.30551966e-01 
 1.20614936e+02 -9.36402812e-02  1.20614936e+02  2.27775025e-01 
 1.22011779e+02 -9.36386269e-02  1.22011779e+02  2.25028282e-01 
 1.23424798e+02 -9.36370102e-02  1.23424798e+02  2.22311373e-01 
 1.24854182e+02 -9.36354301e-02  1.24854182e+02  2.19623937e-01 
 1.26300119e+02 -9.36338858e-02  1.26300119e+02  2.16965619e-01 
 1.27762802e+02 -9.36323765e-02  1.27762802e+02  2.14336065e-01 
 1.29242424e+02 -9.36309014e-02  1.29242424e+02  2.11734927e-01 
 1.30739182e+02 -9.36294597e-02  1.30739182e+02  2.09161861e-01 
 1.32253273e+02 -9.36280506e-02  1.32253273e+02  2.06616525e-01 
 1.33784900e+02 -9.36266734e-02  1.33784900e+02  2.04098582e-01 
 1.35334264e+02 -9.36253273e-02  1.35334264e+02  2.01607698e-01 
 1.36901571e+02 -9.36240117e-02  1.36901571e+02  1.99143543e-01 
 1.38487029e+02 -9.36227259e-02  1.38487029e+02  1.96705789e-01 
 1.40090849e+02 -9.36214691e-02  1.40090849e+02  1.94294115e-01 
 1.41713242e+02 -9.36202407e-02  1.41713242e+02  1.91908201e-01 
 1.43354425e+02 -9.36190401e-02  1.43354425e+02  1.89547729e-01 
 1.45014614e+02 -9.36178666e-02  1.45014614e+02  1.87212387e-01 
 1.46694029e+02 -9.36167196e-02  1.46694029e+02  1.84901866e-01 
 1.48392894e+02 -9.36155984e-02  1.48392894e+02  1.82615858e-01 
 1.50111433e+02 -9.36145026e-02  1.50111433e+02  1.80354062e-01 
 1.51849875e+02 -9.36134314e-02  1.51849875e+02  1.78116177e-01 
 1.53608450e+02 -9.36123844e-02  1.53608450e+02  1.75901907e-01 
 1.55387391e+02 -9.36113610e-02  1.55387391e+02  1.73710958e-01 
 1.57186933e+02 -9.36103606e-02  1.57186933e+02  1.71543039e-01 
 1.59007317e+02 -9.36093828e-02  1.59007317e+02  1.69397864e-01 
 1.60848782e+02 -9.36084269e-02  1.60848782e+02  1.67275147e-01 
 1.62711573e+02 -9.36074925e-02  1.62711573e+02  1.65174607e-01 
 1.64595937e+02 -9.36065792e-02  1.64595937e+02  1.63095967e-01 
 1.66502124e+02 -9.36056863e-02  1.66502124e+02  1.61038949e-01 
 1.68430387e+02 -9.36048134e-02  1.68430387e+02  1.59003283e-01 
 1.70380981e+02 -9.36039602e-02  1.70380981e+02  1.56988697e-01 
 1.72354164e+02 -9.36031260e-02  1.72354164e+02  1.54994924e-01 
 1.74350199e+02 -9.36023105e-02  1.74350199e+02  1.53021701e-01 
 1.76369351e+02 -9.36015133e-02  1.76369351e+02  1.51068766e-01 
 1.78411886e+02 -9.36007339e-02  1.78411886e+02  1.49135860e-01 
 1.80478075e+02 -9.35999719e-02  1.80478075e+02  1.47222726e-01 
 1.82568193e+02 -9.35992269e-02  1.82568193e+02  1.45329111e-01 
 1.84682517e+02 -9.35984985e-02  1.84682517e+02  1.43454764e-01 
 1.86821327e+02 -9.35977864e-02  1.86821327e+02  1.41599436e-01 
 1.88984907e+02 -9.35970900e-02  1.88984907e+02  1.39762881e-01 
 1.91173543e+02 -9.35964092e-02  1.91173543e+02  1.37944857e-01 
 1.93387525e+02 -9.35957435e-02  1.93387525e+02  1.36145121e-01 
 1.95627148e+02 -9.35950925e-02  1.95627148e+02  1.34363436e-01 
 1.97892707e+02 -9.35944560e-02  1.97892707e+02  1.32599565e-01 
 2.00184505e+02 -9.35938336e-02  2.00184505e+02  1.30853274e-01 
 2.02502843e+02 -9.35932248e-02  2.02502843e+02  1.29124332e-01 
 2.04848030e+02 -9.35926296e-02  2.04848030e+02  1.27412509e-01 
 2.07220377e+02 -9.35920474e-02  2.07220377e+02  1.25717579e-01 
 2.09620198e+02 -9.35914781e-02  2.09620198e+02  1.24039317e-01 
 2.12047812e+02 -9.35909212e-02  2.12047812e+02  1.22377500e-01 
 2.14503539e+02 -9.35903765e-02  2.14503539e+02  1.20731908e-01 
 2.16987707e+02 -9.35898438e-02  2.16987707e+02  1.19102323e-01 
 2.19500643e+02 -9.35893227e-02  2.19500643e+02  1.17488528e-01 
 2.22042682e+02 -9.35888130e-02  2.22042682e+02  1.15890311e-01 
 2.24614160e+02 -9.35883143e-02  2.24614160e+02  1.14307458e-01 
 2.27215419e+02 -9.35878265e-02  2.27215419e+02  1.12739761e-01 
 2.29846803e+02 -9.35873493e-02  2.29846803e+02  1.11187011e-01 
 2.32508661e+02 -9.35868823e-02  2.32508661e+02  1.09649002e-01 
 2.35201345e+02 -9.35864254e-02  2.35201345e+02  1.08125531e-01 
 2.37925214e+02 -9.35859784e-02  2.37925214e+02  1.06616395e-01 
 2.40680628e+02 -9.35855409e-02  2.40680628e+02  1.05121395e-01 
 2.43467953e+02 -9.35851128e-02  2.43467953e+02  1.03640332e-01 
 2.46287557e+02 -9.35846938e-02  2.46287557e+02  1.02173010e-01 
 2.49139816e+02 -9.35842837e-02  2.49139816e+02  1.00719234e-01 
 2.52025106e+02 -9.35838823e-02  2.52025106e+02  9.92788115e-02 
 2.54943811e+02 -9.35834894e-02  2.54943811e+02  9.78515519e-02 
 2.57896318e+02 -9.35831048e-02  2.57896318e+02  9.64372657e-02 
 2.60883017e+02 -9.35827282e-02  2.60883017e+02  9.50357654e-02 
 2.63904306e+02 -9.35823594e-02  2.63904306e+02  9.36468651e-02 
 2.66960584e+02 -9.35819984e-02  2.66960584e+02  9.22703808e-02 
 2.70052257e+02 -9.35816448e-02  2.70052257e+02  9.09061299e-02 
 2.73179734e+02 -9.35812985e-02  2.73179734e+02  8.95539316e-02 
 2.76343431e+02 -9.35809593e-02  2.76343431e+02  8.82136066e-02 
 2.79543767e+02 -9.35806270e-02  2.79543767e+02  8.68849771e-02 
 2.82781166e+02 -9.35803015e-02  2.82781166e+02  8.55678672e-02 
 2.86056057e+02 -9.35799826e-02  2.86056057e+02  8.42621020e-02 
 2.89368875e+02 -9.35796700e-02  2.89368875e+02  8.29675085e-02 
 2.92720058e+02 -9.35793637e-02  2.92720058e+02  8.16839151e-02 
 2.96110052e+02 -9.35790635e-02  2.96110052e+02  8.04111516e-02 
 2.99539305e+02 -9.35787692e-02  2.99539305e+02  7.91490492e-02 
 3.03008272e+02 -9.35784807e-02  3.03008272e+02  7.78974406e-02 
 3.06517414e+02 -9.35781978e-02  3.06517414e+02  7.66561599e-02 
 3.10067195e+02 -9.35779203e-02  3.10067195e+02  7.54250424e-02 
 3.13658086e+02 -9.35776481e-02  3.13658086e+02  7.42039251e-02 
 3.17290563e+02 -9.35773812e-02  3.17290563e+02  7.29926459e-02 
 3.20965108e+02 -9.35771192e-02  3.20965108e+02  7.17910443e-02 
 3.24682207e+02 -9.35768621e-02  3.24682207e+02  7.05989609e-02 
 3.28442355e+02 -9.35766098e-02  3.28442355e+02  6.94162378e-02 
 3.32246049e+02 -9.35763621e-02  3.32246049e+02  6.82427180e-02 
 3.36093793e+02 -9.35761189e-02  3.36093793e+02  6.70782461e-02 
 3.39986099e+02 -9.35758801e-02  3.39986099e+02  6.59226677e-02 
 3.43923481e+02 -9.35756454e-02  3.43923481e+02  6.47758294e-02 
 3.47906461e+02 -9.35754149e-02  3.47906461e+02  6.36375794e-02 
 3.51935569e+02 -9.35751884e-02  3.51935569e+02  6.25077665e-02 
 3.56011338e+02 -9.35749657e-02  3.56011338e+02  6.13862412e-02 
 3.60134309e+02 -9.35747468e-02  3.60134309e+02  6.02728546e-02 
 3.64305027e+02 -9.35745315e-02  3.64305027e+02  5.91674592e-02 
 3.68524047e+02 -9.35743198e-02  3.68524047e+02  5.80699084e-02 
 3.72791927e+02 -9.35741114e-02  3.72791927e+02  5.69800567e-02 
 3.77109234e+02 -9.35739063e-02  3.77109234e+02  5.58977595e-02 
 3.81476539e+02 -9.35737044e-02  3.81476539e+02  5.48228735e-02 
 3.85894423e+02 -9.35735056e-02  3.85894423e+02  5.37552560e-02 
 3.90363469e+02 -9.35733098e-02  3.90363469e+02  5.26947656e-02 
 3.94884272e+02 -9.35731168e-02  3.94884272e+02  5.16412616e-02 
 3.99457430e+02 -9.35729266e-02  3.99457430e+02  5.05946044e-02 
 4.04083550e+02 -9.35727391e-02  4.04083550e+02  4.95546551e-02 
 4.08763246e+02 -9.35725541e-02  4.08763246e+02  4.85212760e-02 
 4.13497136e+02 -9.35723716e-02  4.13497136e+02  4.74943300e-02 
 4.18285850e+02 -9.35721915e-02  4.18285850e+02  4.64736808e-02 
 4.23130023e+02 -9.35720136e-02  4.23130023e+02  4.54591934e-02 
 4.28030295e+02 -9.35718379e-02  4.28030295e+02  4.44507330e-02 
 4.32987318e+02 -9.35716643e-02  4.32987318e+02  4.34481660e-02 
 4.38001748e+02 -9.35714927e-02  4.38001748e+02  4.24513596e-02 
 4.43074250e+02 -9.35713230e-02  4.43074250e+02  4.14601814e-02 
 4.48205497e+02 -9.35711552e-02  4.48205497e+02  4.04745002e-02 
 4.53396168e+02 -9.35709890e-02  4.53396168e+02  3.94941852e-02 
 4.58646954e+02 -9.35708245e-02  4.58646954e+02  3.85191064e-02 
 4.63958548e+02 -9.35706615e-02  4.63958548e+02  3.75491346e-02 
 4.69331656e+02 -9.35705000e-02  4.69331656e+02  3.65841412e-02 
 4.74766990e+02 -9.35703399e-02  4.74766990e+02  3.56239982e-02 
 4.80265271e+02 -9.35701811e-02  4.80265271e+02  3.46685783e-02 
 4.85827227e+02 -9.35700234e-02  4.85827227e+02  3.37177549e-02 
 4.91453597e+02 -9.35698670e-02  4.91453597e+02  3.27714019e-02 
 4.97145125e+02 -9.35697115e-02  4.97145125e+02  3.18293937e-02 
 5.02902567e+02 -9.35695570e-02  5.02902567e+02  3.08916057e-02 
 5.08726686e+02 -9.35694034e-02  5.08726686e+02  2.99579132e-02 
 5.14618255e+02 -9.35692506e-02  5.14618255e+02  2.90281927e-02 
 5.20578053e+02 -9.35690985e-02  5.20578053e+02  2.81023208e-02 
 5.26606872e+02 -9.35689470e-02  5.26606872e+02  2.71801748e-02 
 5.32705511e+02 -9.35687961e-02  5.32705511e+02  2.62616324e-02 
 5.38874778e+02 -9.35686457e-02  5.38874778e+02  2.53465718e-02 
 5.45115492e+02 -9.35684956e-02  5.45115492e+02  2.44348716e-02 
 5.51428479e+02 -9.35683459e-02  5.51428479e+02  2.35264111e-02 
 5.57814577e+02 -9.35681964e-02  5.57814577e+02  2.26210698e-02 
 5.64274633e+02 -9.35680471e-02  5.64274633e+02  2.17187276e-02 
 5.70809503e+02 -9.35678978e-02  5.70809503e+02  2.08192649e-02 
 5.77420053e+02 -9.35677485e-02  5.77420053e+02  1.99225625e-02 
 5.84107159e+02 -9.35675992e-02  5.84107159e+02  1.90285014e-02 
 5.90871709e+02 -9.35674497e-02  5.90871709e+02  1.81369631e-02 
 5.97714600e+02 -9.35672999e-02  5.97714600e+02  1.72478294e-02 
 6.04636738e+02 -9.35671499e-02  6.04636738e+02  1.63609824e-02 
 6.11639042e+02 -9.35669994e-02  6.11639042e+02  1.54763046e-02 
 6.18722439e+02 -9.35668485e-02  6.18722439e+02  1.45936786e-02 
 6.25887869e+02 -9.35666970e-02  6.25887869e+02  1.37129874e-02 
 6.33136282e+02 -9.35665449e-02  6.33136282e+02  1.28341142e-02 
 6.40468639e+02 -9.35663920e-02  6.40468639e+02  1.19569426e-02 
 6.47885912e+02 -9.35662384e-02  6.47885912e+02  1.10813562e-02 
 6.55389084e+02 -9.35660838e-02  6.55389084e+02  1.02072390e-02 
 6.62979151e+02 -9.35659283e-02  6.62979151e+02  9.33447493e-03 
 6.70657118e+02 -9.35657718e-02  6.70657118e+02  8.46294841e-03 
 6.78424004e+02 -9.35656141e-02  6.78424004e+02  7.59254385e-03 
 6.86280839e+02 -9.35654552e-02  6.86280839e+02  6.72314585e-03 
 6.94228663e+02 -9.35652950e-02  6.94228663e+02  5.85463913e-03 
 7.02268532e+02 -9.35651335e-02  7.02268532e+02  4.98690854e-03 
 7.10401510e+02 -9.35649704e-02  7.10401510e+02  4.11983904e-03 
 7.18628676e+02 -9.35648058e-02  7.18628676e+02  3.25331565e-03 
 7.26951121e+02 -9.35646396e-02  7.26951121e+02  2.38722349e-03 
 7.35369948e+02 -9.35644716e-02  7.35369948e+02  1.52144773e-03 
 7.43886274e+02 -9.35643018e-02  7.43886274e+02  6.55873573e-04 
 7.52501228e+02 -9.35641302e-02  7.52501228e+02 -2.09613748e-04 
 7.61215951e+02 -9.35639565e-02  7.61215951e+02 -1.07512899e-03 
 7.70031600e+02 -9.35637807e-02  7.70031600e+02 -1.94078690e-03 
 7.78949343e+02 -9.35636027e-02  7.78949343e+02 -2.80670226e-03 
 7.87970362e+02 -9.35634225e-02  7.87970362e+02 -3.67298988e-03 
 7.97095854e+02 -9.35632398e-02  7.97095854e+02 -4.53976462e-03 
 8.06327028e+02 -9.35630548e-02  8.06327028e+02 -5.40714141e-03 
 8.15665108e+02 -9.35628671e-02  8.15665108e+02 -6.27523525e-03 
 8.25111333e+02 -9.35626768e-02  8.25111333e+02 -7.14416125e-03 
 8.34666955e+02 -9.35624836e-02  8.34666955e+02 -8.01403461e-03 
 8.44333240e+02 -9.35622877e-02  8.44333240e+02 -8.88497066e-03 
 8.54111471e+02 -9.35620887e-02  8.54111471e+02 -9.75708490e-03 
 8.64002944e+02 -9.35618867e-02  8.64002944e+02 -1.06304930e-02 
 8.74008970e+02 -9.35616814e-02  8.74008970e+02 -1.15053106e-02 
 8.84130875e+02 -9.35614729e-02  8.84130875e+02 -1.23816539e-02 
 8.94370003e+02 -9.35612610e-02  8.94370003e+02 -1.32596390e-02 
 9.04727710e+02 -9.35610455e-02  9.04727710e+02 -1.41393823e-02 
 9.15205369e+02 -9.35608264e-02  9.15205369e+02 -1.50210005e-02 
 9.25804371e+02 -9.35606036e-02  9.25804371e+02 -1.59046104e-02 
 9.36526119e+02 -9.35603769e-02  9.36526119e+02 -1.67903293e-02 
 9.47372037e+02 -9.35601462e-02  9.47372037e+02 -1.76782745e-02 
 9.58343561e+02 -9.35599113e-02  9.58343561e+02 -1.85685638e-02 
 9.69442146e+02 -9.35596723e-02  9.69442146e+02 -1.94613153e-02 
 9.80669264e+02 -9.35594289e-02  9.80669264e+02 -2.03566473e-02 
 9.92026404e+02 -9.35591809e-02  9.92026404e+02 -2.12546785e-02 
 1.00351507e+03 -9.35589284e-02  1.00351507e+03 -2.21555281e-02 
 1.01513679e+03 -9.35586711e-02  1.01513679e+03 -2.30593154e-02 
 1.02689310e+03 -9.35584089e-02  1.02689310e+03 -2.39661602e-02 
 1.03878555e+03 -9.35581417e-02  1.03878555e+03 -2.48761830e-02 
 1.05081574e+03 -9.35578693e-02  1.05081574e+03 -2.57895042e-02 
 1.06298524e+03 -9.35575916e-02  1.06298524e+03 -2.67062450e-02 
 1.07529569e+03 -9.35573084e-02  1.07529569e+03 -2.76265270e-02 
 1.08774869e+03 -9.35570196e-02  1.08774869e+03 -2.85504722e-02 
 1.10034592e+03 -9.35567250e-02  1.10034592e+03 -2.94782031e-02 
 1.11308904e+03 -9.35564245e-02  1.11308904e+03 -3.04098427e-02 
 1.12597973e+03 -9.35561179e-02  1.12597973e+03 -3.13455145e-02 
 1.13901971e+03 -9.35558051e-02  1.13901971e+03 -3.22853427e-02 
 1.15221071e+03 -9.35554858e-02  1.15221071e+03 -3.32294518e-02 
 1.16555447e+03 -9.35551600e-02  1.16555447e+03 -3.41779670e-02 
 1.17905277e+03 -9.35548274e-02  1.17905277e+03 -3.51310142e-02 
 1.19270739e+03 -9.35544878e-02  1.19270739e+03 -3.60887196e-02 
 1.20652015e+03 -9.35541412e-02  1.20652015e+03 -3.70512102e-02 
 1.22049287e+03 -9.35537872e-02  1.22049287e+03 -3.80186138e-02 
 1.23462740e+03 -9.35534258e-02  1.23462740e+03 -3.89910586e-02 
 1.24892564e+03 -9.35530567e-02  1.24892564e+03 -3.99686734e-02 
 1.26338945e+03 -9.35526797e-02  1.26338945e+03 -4.09515880e-02 
 1.27802078e+03 -9.35522947e-02  1.27802078e+03 -4.19399327e-02 
 1.29282155e+03 -9.35519014e-02  1.29282155e+03 -4.29338386e-02 
 1.30779373e+03 -9.35514995e-02  1.30779373e+03 -4.39334374e-02 
 1.32293930e+03 -9.35510890e-02  1.32293930e+03 -4.49388617e-02 
 1.33826027e+03 -9.35506696e-02  1.33826027e+03 -4.59502449e-02 
 1.35375867e+03 -9.35502411e-02  1.35375867e+03 -4.69677210e-02 
 1.36943656e+03 -9.35498031e-02  1.36943656e+03 -4.79914249e-02 
 1.38529602e+03 -9.35493556e-02  1.38529602e+03 -4.90214925e-02 
 1.40133915e+03 -9.35488982e-02  1.40133915e+03 -5.00580603e-02 
 1.41756807e+03 -9.35484308e-02  1.41756807e+03 -5.11012657e-02 
 1.43398494e+03 -9.35479530e-02  1.43398494e+03 -5.21512472e-02 
 1.45059193e+03 -9.35474647e-02  1.45059193e+03 -5.32081439e-02 
 1.46739125e+03 -9.35469655e-02  1.46739125e+03 -5.42720960e-02 
 1.48438512e+03 -9.35464552e-02  1.48438512e+03 -5.53432446e-02 
 1.50157580e+03 -9.35459336e-02  1.50157580e+03 -5.64217318e-02 
 1.51896556e+03 -9.35454003e-02  1.51896556e+03 -5.75077005e-02 
 1.53655671e+03 -9.35448550e-02  1.53655671e+03 -5.86012949e-02 
 1.55435159e+03 -9.35442976e-02  1.55435159e+03 -5.97026598e-02 
 1.57235255e+03 -9.35437276e-02  1.57235255e+03 -6.08119414e-02 
 1.59056198e+03 -9.35431448e-02  1.59056198e+03 -6.19292868e-02 
 1.60898229e+03 -9.35425489e-02  1.60898229e+03 -6.30548441e-02 
 1.62761593e+03 -9.35419395e-02  1.62761593e+03 -6.41887627e-02 
 1.64646536e+03 -9.35413164e-02  1.64646536e+03 -6.53311928e-02 
 1.66553309e+03 -9.35406791e-02  1.66553309e+03 -6.64822861e-02 
 1.68482165e+03 -9.35400275e-02  1.68482165e+03 -6.76421952e-02 
 1.70433358e+03 -9.35393610e-02  1.70433358e+03 -6.88110739e-02 
 1.72407148e+03 -9.35386794e-02  1.72407148e+03 -6.99890772e-02 
 1.74403797e+03 -9.35379823e-02  1.74403797e+03 -7.11763614e-02 
 1.76423569e+03 -9.35372694e-02  1.76423569e+03 -7.23730839e-02 
 1.78466732e+03 -9.35365402e-02  1.78466732e+03 -7.35794035e-02 
 1.80533557e+03 -9.35357944e-02  1.80533557e+03 -7.47954801e-02 
 1.82624317e+03 -9.35350315e-02  1.82624317e+03 -7.60214750e-02 
 1.84739291e+03 -9.35342513e-02  1.84739291e+03 -7.72575509e-02 
 1.86878759e+03 -9.35334531e-02  1.86878759e+03 -7.85038716e-02 
 1.89043003e+03 -9.35326367e-02  1.89043003e+03 -7.97606025e-02 
 1.91232312e+03 -9.35318017e-02  1.91232312e+03 -8.10279103e-02 
 1.93446975e+03 -9.35309474e-02  1.93446975e+03 -8.23059630e-02 
 1.95687286e+03 -9.35300736e-02  1.95687286e+03 -8.35949302e-02 
 1.97953542e+03 -9.35291797e-02  1.97953542e+03 -8.48949828e-02 
 2.00246044e+03 -9.35282653e-02  2.00246044e+03 -8.62062933e-02 
 2.02565095e+03 -9.35273298e-02  2.02565095e+03 -8.75290356e-02 
 2.04911003e+03 -9.35263729e-02  2.04911003e+03 -8.88633852e-02 
 2.07284080e+03 -9.35253939e-02  2.07284080e+03 -9.02095191e-02 
 2.09684638e+03 -9.35243924e-02  2.09684638e+03 -9.15676157e-02 
 2.12112998e+03 -9.35233678e-02  2.12112998e+03 -9.29378554e-02 
 2.14569480e+03 -9.35223196e-02  2.14569480e+03 -9.43204197e-02 
 2.17054412e+03 -9.35212473e-02  2.17054412e+03 -9.57154922e-02 
 2.19568121e+03 -9.35201501e-02  2.19568121e+03 -9.71232579e-02 
 2.22110941e+03 -9.35190277e-02  2.22110941e+03 -9.85439035e-02 
 2.24683210e+03 -9.35178794e-02  2.24683210e+03 -9.99776175e-02 
 2.27285268e+03 -9.35167045e-02  2.27285268e+03 -1.01424590e-01 
 2.29917461e+03 -9.35155025e-02  2.29917461e+03 -1.02885013e-01 
 2.32580137e+03 -9.35142727e-02  2.32580137e+03 -1.04359081e-01 
 2.35273649e+03 -9.35130145e-02  2.35273649e+03 -1.05846988e-01 
 2.37998356e+03 -9.35117271e-02  2.37998356e+03 -1.07348932e-01 
 2.40754617e+03 -9.35104100e-02  2.40754617e+03 -1.08865113e-01 
 2.43542798e+03 -9.35090624e-02  2.43542798e+03 -1.10395732e-01 
 2.46363269e+03 -9.35076836e-02  2.46363269e+03 -1.11940991e-01 
 2.49216405e+03 -9.35062729e-02  2.49216405e+03 -1.13501096e-01 
 2.52102582e+03 -9.35048294e-02  2.52102582e+03 -1.15076254e-01 
 2.55022184e+03 -9.35033526e-02  2.55022184e+03 -1.16666673e-01 
 2.57975598e+03 -9.35018415e-02  2.57975598e+03 -1.18272566e-01 
 2.60963216e+03 -9.35002954e-02  2.60963216e+03 -1.19894144e-01 
 2.63985434e+03 -9.34987135e-02  2.63985434e+03 -1.21531623e-01 
 2.67042651e+03 -9.34970948e-02  2.67042651e+03 -1.23185220e-01 
 2.70135274e+03 -9.34954386e-02  2.70135274e+03 -1.24855155e-01 
 2.73263713e+03 -9.34937440e-02  2.73263713e+03 -1.26541649e-01 
 2.76428383e+03 -9.34920101e-02  2.76428383e+03 -1.28244926e-01 
 2.79629703e+03 -9.34902360e-02  2.79629703e+03 -1.29965213e-01 
 2.82868097e+03 -9.34884207e-02  2.82868097e+03 -1.31702736e-01 
 2.86143995e+03 -9.34865632e-02  2.86143995e+03 -1.33457728e-01 
 2.89457831e+03 -9.34846626e-02  2.89457831e+03 -1.35230420e-01 
 2.92810044e+03 -9.34827179e-02  2.92810044e+03 -1.37021049e-01 
 2.96201080e+03 -9.34807280e-02  2.96201080e+03 -1.38829851e-01 
 2.99631387e+03 -9.34786919e-02  2.99631387e+03 -1.40657067e-01 
 3.03101421e+03 -9.34766085e-02  3.03101421e+03 -1.42502940e-01 
 3.06611641e+03 -9.34744767e-02  3.06611641e+03 -1.44367714e-01 
 3.10162514e+03 -9.34722953e-02  3.10162514e+03 -1.46251636e-01 
 3.13754508e+03 -9.34700633e-02  3.13754508e+03 -1.48154958e-01 
 3.17388102e+03 -9.34677794e-02  3.17388102e+03 -1.50077931e-01 
 3.21063777e+03 -9.34654425e-02  3.21063777e+03 -1.52020810e-01 
 3.24782019e+03 -9.34630512e-02  3.24782019e+03 -1.53983855e-01 
 3.28543323e+03 -9.34606043e-02  3.28543323e+03 -1.55967324e-01 
 3.32348186e+03 -9.34581006e-02  3.32348186e+03 -1.57971483e-01 
 3.36197113e+03 -9.34555386e-02  3.36197113e+03 -1.59996596e-01 
 3.40090615e+03 -9.34529171e-02  3.40090615e+03 -1.62042932e-01 
 3.44029207e+03 -9.34502346e-02  3.44029207e+03 -1.64110764e-01 
 3.48013412e+03 -9.34474898e-02  3.48013412e+03 -1.66200365e-01 
 3.52043759e+03 -9.34446811e-02  3.52043759e+03 -1.68312013e-01 
 3.56120781e+03 -9.34418071e-02  3.56120781e+03 -1.70445989e-01 
 3.60245019e+03 -9.34388663e-02  3.60245019e+03 -1.72602576e-01 
 3.64417019e+03 -9.34358570e-02  3.64417019e+03 -1.74782060e-01 
 3.68637336e+03 -9.34327778e-02  3.68637336e+03 -1.76984731e-01 
 3.72906528e+03 -9.34296269e-02  3.72906528e+03 -1.79210881e-01 
 3.77225162e+03 -9.34264028e-02  3.77225162e+03 -1.81460806e-01 
 3.81593810e+03 -9.34231036e-02  3.81593810e+03 -1.83734804e-01 
 3.86013052e+03 -9.34197277e-02  3.86013052e+03 -1.86033178e-01 
 3.90483472e+03 -9.34162733e-02  3.90483472e+03 -1.88356233e-01 
 3.95005665e+03 -9.34127384e-02  3.95005665e+03 -1.90704278e-01 
 3.99580229e+03 -9.34091214e-02  3.99580229e+03 -1.93077623e-01 
 4.04207771e+03 -9.34054202e-02  4.04207771e+03 -1.95476586e-01 
 4.08888905e+03 -9.34016328e-02  4.08888905e+03 -1.97901483e-01 
 4.13624251e+03 -9.33977574e-02  4.13624251e+03 -2.00352638e-01 
 4.18414437e+03 -9.33937918e-02  4.18414437e+03 -2.02830377e-01 
 4.23260098e+03 -9.33897339e-02  4.23260098e+03 -2.05335027e-01 
 4.28161877e+03 -9.33855815e-02  4.28161877e+03 -2.07866923e-01 
 4.33120424e+03 -9.33813326e-02  4.33120424e+03 -2.10426400e-01 
 4.38136395e+03 -9.33769847e-02  4.38136395e+03 -2.13013798e-01 
 4.43210457e+03 -9.33725357e-02  4.43210457e+03 -2.15629462e-01 
 4.48343281e+03 -9.33679832e-02  4.48343281e+03 -2.18273739e-01 
 4.53535548e+03 -9.33633247e-02  4.53535548e+03 -2.20946980e-01 
 4.58787948e+03 -9.33585578e-02  4.58787948e+03 -2.23649542e-01 
 4.64101175e+03 -9.33536800e-02  4.64101175e+03 -2.26381782e-01 
 4.69475935e+03 -9.33486886e-02  4.69475935e+03 -2.29144064e-01 
 4.74912940e+03 -9.33435811e-02  4.74912940e+03 -2.31936756e-01 
 4.80412911e+03 -9.33383548e-02  4.80412911e+03 -2.34760228e-01 
 4.85976577e+03 -9.33330067e-02  4.85976577e+03 -2.37614857e-01 
 4.91604676e+03 -9.33275343e-02  4.91604676e+03 -2.40501021e-01 
 4.97297954e+03 -9.33219345e-02  4.97297954e+03 -2.43419104e-01 
 5.03057166e+03 -9.33162043e-02  5.03057166e+03 -2.46369494e-01 
 5.08883076e+03 -9.33103408e-02  5.08883076e+03 -2.49352585e-01 
 5.14776455e+03 -9.33043408e-02  5.14776455e+03 -2.52368772e-01 
 5.20738086e+03 -9.32982013e-02  5.20738086e+03 -2.55418456e-01 
 5.26768758e+03 -9.32919188e-02  5.26768758e+03 -2.58502044e-01 
 5.32869272e+03 -9.32854901e-02  5.32869272e+03 -2.61619945e-01 
 5.39040436e+03 -9.32789118e-02  5.39040436e+03 -2.64772575e-01 
 5.45283068e+03 -9.32721804e-02  5.45283068e+03 -2.67960352e-01 
 5.51597996e+03 -9.32652923e-02  5.51597996e+03 -2.71183701e-01 
 5.57986057e+03 -9.32582440e-02  5.57986057e+03 -2.74443051e-01 
 5.64448099e+03 -9.32510316e-02  5.64448099e+03 -2.77738836e-01 
 5.70984977e+03 -9.32436514e-02  5.70984977e+03 -2.81071494e-01 
 5.77597559e+03 -9.32360994e-02  5.77597559e+03 -2.84441469e-01 
 5.84286722e+03 -9.32283717e-02  5.84286722e+03 -2.87849209e-01 
 5.91053351e+03 -9.32204642e-02  5.91053351e+03 -2.91295168e-01 
 5.97898345e+03 -9.32123726e-02  5.97898345e+03 -2.94779806e-01 
 6.04822611e+03 -9.32040928e-02  6.04822611e+03 -2.98303585e-01 
 6.11827067e+03 -9.31956203e-02  6.11827067e+03 -3.01866975e-01 
 6.18912642e+03 -9.31869506e-02  6.18912642e+03 -3.05470452e-01 
 6.26080275e+03 -9.31780792e-02  6.26080275e+03 -3.09114493e-01 
 6.33330916e+03 -9.31690014e-02  6.33330916e+03 -3.12799587e-01 
 6.40665527e+03 -9.31597123e-02  6.40665527e+03 -3.16526222e-01 
 6.48085080e+03 -9.31502071e-02  6.48085080e+03 -3.20294896e-01 
 6.55590559e+03 -9.31404808e-02  6.55590559e+03 -3.24106111e-01 
 6.63182959e+03 -9.31305281e-02  6.63182959e+03 -3.27960374e-01 
 6.70863287e+03 -9.31203439e-02  6.70863287e+03 -3.31858200e-01 
 6.78632561e+03 -9.31099228e-02  6.78632561e+03 -3.35800109e-01 
 6.86491811e+03 -9.30992592e-02  6.86491811e+03 -3.39786625e-01 
 6.94442078e+03 -9.30883475e-02  6.94442078e+03 -3.43818280e-01 
 7.02484418e+03 -9.30771819e-02  7.02484418e+03 -3.47895612e-01 
 7.10619897e+03 -9.30657566e-02  7.10619897e+03 -3.52019165e-01 
 7.18849592e+03 -9.30540655e-02  7.18849592e+03 -3.56189489e-01 
 7.27174595e+03 -9.30421025e-02  7.27174595e+03 -3.60407140e-01 
 7.35596011e+03 -9.30298611e-02  7.35596011e+03 -3.64672681e-01 
 7.44114955e+03 -9.30173350e-02  7.44114955e+03 -3.68986681e-01 
 7.52732557e+03 -9.30045176e-02  7.52732557e+03 -3.73349716e-01 
 7.61449959e+03 -9.29914020e-02  7.61449959e+03 -3.77762369e-01 
 7.70268318e+03 -9.29779814e-02  7.70268318e+03 -3.82225228e-01 
 7.79188802e+03 -9.29642486e-02  7.79188802e+03 -3.86738890e-01 
 7.88212595e+03 -9.29501965e-02  7.88212595e+03 -3.91303958e-01 
 7.97340892e+03 -9.29358175e-02  7.97340892e+03 -3.95921040e-01 
 8.06574904e+03 -9.29211042e-02  8.06574904e+03 -4.00590755e-01 
 8.15915855e+03 -9.29060487e-02  8.15915855e+03 -4.05313726e-01 
 8.25364983e+03 -9.28906431e-02  8.25364983e+03 -4.10090584e-01 
 8.34923543e+03 -9.28748792e-02  8.34923543e+03 -4.14921968e-01 
 8.44592800e+03 -9.28587488e-02  8.44592800e+03 -4.19808525e-01 
 8.54374036e+03 -9.28422434e-02  8.54374036e+03 -4.24750906e-01 
 8.64268550e+03 -9.28253542e-02  8.64268550e+03 -4.29749775e-01 
 8.74277651e+03 -9.28080724e-02  8.74277651e+03 -4.34805798e-01 
 8.84402669e+03 -9.27903888e-02  8.84402669e+03 -4.39919653e-01 
 8.94644944e+03 -9.27722941e-02  8.94644944e+03 -4.45092025e-01 
 9.05005835e+03 -9.27537787e-02  9.05005835e+03 -4.50323606e-01 
 9.15486716e+03 -9.27348330e-02  9.15486716e+03 -4.55615095e-01 
 9.26088975e+03 -9.27154469e-02  9.26088975e+03 -4.60967203e-01 
 9.36814020e+03 -9.26956102e-02  9.36814020e+03 -4.66380646e-01 
 9.47663271e+03 -9.26753125e-02  9.47663271e+03 -4.71856149e-01 
 9.58638168e+03 -9.26545431e-02  9.58638168e+03 -4.77394446e-01 
 9.69740165e+03 -9.26332910e-02  9.69740165e+03 -4.82996280e-01 
 9.80970735e+03 -9.26115450e-02  9.80970735e+03 -4.88662403e-01 
 9.92331366e+03 -9.25892938e-02  9.92331366e+03 -4.94393573e-01 
 1.00382356e+04 -9.25665256e-02  1.00382356e+04 -5.00190559e-01 
 1.01544885e+04 -9.25432283e-02  1.01544885e+04 -5.06054141e-01 
 1.02720878e+04 -9.25193899e-02  1.02720878e+04 -5.11985105e-01 
 1.03910489e+04 -9.24949976e-02  1.03910489e+04 -5.17984247e-01 
 1.05113877e+04 -9.24700387e-02  1.05113877e+04 -5.24052374e-01 
 1.06331202e+04 -9.24445001e-02  1.06331202e+04 -5.30190300e-01 
 1.07562625e+04 -9.24183683e-02  1.07562625e+04 -5.36398851e-01 
 1.08808308e+04 -9.23916297e-02  1.08808308e+04 -5.42678861e-01 
 1.10068418e+04 -9.23642701e-02  1.10068418e+04 -5.49031174e-01 
 1.11343122e+04 -9.23362751e-02  1.11343122e+04 -5.55456647e-01 
 1.12632587e+04 -9.23076302e-02  1.12632587e+04 -5.61956142e-01 
 1.13936986e+04 -9.22783202e-02  1.13936986e+04 -5.68530536e-01 
 1.15256492e+04 -9.22483297e-02  1.15256492e+04 -5.75180713e-01 
 1.16591278e+04 -9.22176430e-02  1.16591278e+04 -5.81907570e-01 
 1.17941523e+04 -9.21862440e-02  1.17941523e+04 -5.88712013e-01 
 1.19307404e+04 -9.21541162e-02  1.19307404e+04 -5.95594959e-01 
 1.20689105e+04 -9.21212428e-02  1.20689105e+04 -6.02557337e-01 
 1.22086806e+04 -9.20876066e-02  1.22086806e+04 -6.09600086e-01 
 1.23500695e+04 -9.20531898e-02  1.23500695e+04 -6.16724157e-01 
 1.24930957e+04 -9.20179745e-02  1.24930957e+04 -6.23930512e-01 
 1.26377784e+04 -9.19819423e-02  1.26377784e+04 -6.31220124e-01 
 1.27841366e+04 -9.19450741e-02  1.27841366e+04 -6.38593979e-01 
 1.29321898e+04 -9.19073508e-02  1.29321898e+04 -6.46053073e-01 
 1.30819576e+04 -9.18687526e-02  1.30819576e+04 -6.53598416e-01 
 1.32334599e+04 -9.18292593e-02  1.32334599e+04 -6.61231028e-01 
 1.33867167e+04 -9.17888502e-02  1.33867167e+04 -6.68951943e-01 
 1.35417484e+04 -9.17475041e-02  1.35417484e+04 -6.76762207e-01 
 1.36985755e+04 -9.17051996e-02  1.36985755e+04 -6.84662879e-01 
 1.38572188e+04 -9.16619144e-02  1.38572188e+04 -6.92655030e-01 
 1.40176994e+04 -9.16176260e-02  1.40176994e+04 -7.00739743e-01 
 1.41800385e+04 -9.15723112e-02  1.41800385e+04 -7.08918117e-01 
 1.43442576e+04 -9.15259463e-02  1.43442576e+04 -7.17191261e-01 
 1.45103786e+04 -9.14785072e-02  1.45103786e+04 -7.25560301e-01 
 1.46784234e+04 -9.14299691e-02  1.46784234e+04 -7.34026374e-01 
 1.48484144e+04 -9.13803067e-02  1.48484144e+04 -7.42590632e-01 
 1.50203740e+04 -9.13294941e-02  1.50203740e+04 -7.51254240e-01 
 1.51943251e+04 -9.12775049e-02  1.51943251e+04 -7.60018379e-01 
 1.53702907e+04 -9.12243119e-02  1.53702907e+04 -7.68884242e-01 
 1.55482942e+04 -9.11698874e-02  1.55482942e+04 -7.77853039e-01 
 1.57283591e+04 -9.11142032e-02  1.57283591e+04 -7.86925993e-01 
 1.59105094e+04 -9.10572302e-02  1.59105094e+04 -7.96104344e-01 
 1.60947691e+04 -9.09989388e-02  1.60947691e+04 -8.05389345e-01 
 1.62811628e+04 -9.09392988e-02  1.62811628e+04 -8.14782266e-01 
 1.64697151e+04 -9.08782792e-02  1.64697151e+04 -8.24284393e-01 
 1.66604510e+04 -9.08158482e-02  1.66604510e+04 -8.33897025e-01 
 1.68533958e+04 -9.07519735e-02  1.68533958e+04 -8.43621480e-01 
 1.70485751e+04 -9.06866219e-02  1.70485751e+04 -8.53459091e-01 
 1.72460148e+04 -9.06197596e-02  1.72460148e+04 -8.63411209e-01 
 1.74457411e+04 -9.05513519e-02  1.74457411e+04 -8.73479200e-01 
 1.76477804e+04 -9.04813634e-02  1.76477804e+04 -8.83664447e-01 
 1.78521595e+04 -9.04097579e-02  1.78521595e+04 -8.93968352e-01 
 1.80589055e+04 -9.03364983e-02  1.80589055e+04 -9.04392333e-01 
 1.82680458e+04 -9.02615467e-02  1.82680458e+04 -9.14937826e-01 
 1.84796082e+04 -9.01848644e-02  1.84796082e+04 -9.25606286e-01 
 1.86936208e+04 -9.01064118e-02  1.86936208e+04 -9.36399184e-01 
 1.89101117e+04 -9.00261485e-02  1.89101117e+04 -9.47318011e-01 
 1.91291099e+04 -8.99440330e-02  1.91291099e+04 -9.58364278e-01 
 1.93506443e+04 -8.98600231e-02  1.93506443e+04 -9.69539513e-01 
 1.95747443e+04 -8.97740754e-02  1.95747443e+04 -9.80845264e-01 
 1.98014396e+04 -8.96861457e-02  1.98014396e+04 -9.92283098e-01 
 2.00307602e+04 -8.95961888e-02  2.00307602e+04 -1.00385460e+00 
 2.02627366e+04 -8.95041585e-02  2.02627366e+04 -1.01556139e+00 
 2.04973996e+04 -8.94100074e-02  2.04973996e+04 -1.02740508e+00 
 2.07347801e+04 -8.93136874e-02  2.07347801e+04 -1.03938733e+00 
 2.09749098e+04 -8.92151489e-02  2.09749098e+04 -1.05150980e+00 
 2.12178204e+04 -8.91143416e-02  2.12178204e+04 -1.06377419e+00 
 2.14635442e+04 -8.90112137e-02  2.14635442e+04 -1.07618222e+00 
 2.17121137e+04 -8.89057126e-02  2.17121137e+04 -1.08873560e+00 
 2.19635619e+04 -8.87977843e-02  2.19635619e+04 -1.10143612e+00 
 2.22179221e+04 -8.86873737e-02  2.22179221e+04 -1.11428553e+00 
 2.24752280e+04 -8.85744245e-02  2.24752280e+04 -1.12728566e+00 
 2.27355138e+04 -8.84588791e-02  2.27355138e+04 -1.14043832e+00 
 2.29988140e+04 -8.83406787e-02  2.29988140e+04 -1.15374536e+00 
 2.32651635e+04 -8.82197631e-02  2.32651635e+04 -1.16720867e+00 
 2.35345976e+04 -8.80960709e-02  2.35345976e+04 -1.18083013e+00 
 2.38071520e+04 -8.79695392e-02  2.38071520e+04 -1.19461168e+00 
 2.40828628e+04 -8.78401040e-02  2.40828628e+04 -1.20855526e+00 
 2.43617666e+04 -8.77076995e-02  2.43617666e+04 -1.22266285e+00 
 2.46439005e+04 -8.75722588e-02  2.46439005e+04 -1.23693645e+00 
 2.49293017e+04 -8.74337135e-02  2.49293017e+04 -1.25137809e+00 
 2.52180082e+04 -8.72919935e-02  2.52180082e+04 -1.26598982e+00 
 2.55100581e+04 -8.71470273e-02  2.55100581e+04 -1.28077373e+00 
 2.58054904e+04 -8.69987420e-02  2.58054904e+04 -1.29573192e+00 
 2.61043440e+04 -8.68470628e-02  2.61043440e+04 -1.31086653e+00 
 2.64066586e+04 -8.66919137e-02  2.64066586e+04 -1.32617974e+00 
 2.67124744e+04 -8.65332166e-02  2.67124744e+04 -1.34167373e+00 
 2.70218318e+04 -8.63708920e-02  2.70218318e+04 -1.35735073e+00 
 2.73347718e+04 -8.62048587e-02  2.73347718e+04 -1.37321300e+00 
 2.76513361e+04 -8.60350337e-02  2.76513361e+04 -1.38926283e+00 
 2.79715664e+04 -8.58613322e-02  2.79715664e+04 -1.40550252e+00 
 2.82955054e+04 -8.56836675e-02  2.82955054e+04 -1.42193444e+00 
 2.86231959e+04 -8.55019513e-02  2.86231959e+04 -1.43856097e+00 
 2.89546814e+04 -8.53160931e-02  2.89546814e+04 -1.45538451e+00 
 2.92900058e+04 -8.51260009e-02  2.92900058e+04 -1.47240751e+00 
 2.96292136e+04 -8.49315804e-02  2.96292136e+04 -1.48963247e+00 
 2.99723498e+04 -8.47327353e-02  2.99723498e+04 -1.50706188e+00 
 3.03194599e+04 -8.45293676e-02  3.03194599e+04 -1.52469831e+00 
 3.06705898e+04 -8.43213769e-02  3.06705898e+04 -1.54254433e+00 
 3.10257862e+04 -8.41086609e-02  3.10257862e+04 -1.56060258e+00 
 3.13850961e+04 -8.38911150e-02  3.13850961e+04 -1.57887572e+00 
 3.17485672e+04 -8.36686326e-02  3.17485672e+04 -1.59736642e+00 
 3.21162476e+04 -8.34411048e-02  3.21162476e+04 -1.61607745e+00 
 3.24881861e+04 -8.32084204e-02  3.24881861e+04 -1.63501156e+00 
 3.28644321e+04 -8.29704659e-02  3.28644321e+04 -1.65417157e+00 
 3.32450354e+04 -8.27271256e-02  3.32450354e+04 -1.67356034e+00 
 3.36300464e+04 -8.24782813e-02  3.36300464e+04 -1.69318076e+00 
 3.40195163e+04 -8.22238124e-02  3.40195163e+04 -1.71303576e+00 
 3.44134966e+04 -8.19635959e-02  3.44134966e+04 -1.73312832e+00 
 3.48120396e+04 -8.16975061e-02  3.48120396e+04 -1.75346148e+00 
 3.52151982e+04 -8.14254151e-02  3.52151982e+04 -1.77403828e+00 
 3.56230257e+04 -8.11471922e-02  3.56230257e+04 -1.79486185e+00 
 3.60355763e+04 -8.08627039e-02  3.60355763e+04 -1.81593533e+00 
 3.64529046e+04 -8.05718145e-02  3.64529046e+04 -1.83726194e+00 
 3.68750660e+04 -8.02743852e-02  3.68750660e+04 -1.85884491e+00 
 3.73021165e+04 -7.99702745e-02  3.73021165e+04 -1.88068755e+00 
 3.77341126e+04 -7.96593383e-02  3.77341126e+04 -1.90279321e+00 
 3.81711117e+04 -7.93414295e-02  3.81711117e+04 -1.92516528e+00 
 3.86131717e+04 -7.90163980e-02  3.86131717e+04 -1.94780721e+00 
 3.90603512e+04 -7.86840911e-02  3.90603512e+04 -1.97072249e+00 
 3.95127095e+04 -7.83443530e-02  3.95127095e+04 -1.99391468e+00 
 3.99703065e+04 -7.79970246e-02  3.99703065e+04 -2.01738739e+00 
 4.04332030e+04 -7.76419442e-02  4.04332030e+04 -2.04114428e+00 
 4.09014603e+04 -7.72789468e-02  4.09014603e+04 -2.06518906e+00 
 4.13751404e+04 -7.69078641e-02  4.13751404e+04 -2.08952551e+00 
 4.18543063e+04 -7.65285250e-02  4.18543063e+04 -2.11415745e+00 
 4.23390214e+04 -7.61407547e-02  4.23390214e+04 -2.13908879e+00 
 4.28293500e+04 -7.57443756e-02  4.28293500e+04 -2.16432346e+00 
 4.33253571e+04 -7.53392066e-02  4.33253571e+04 -2.18986549e+00 
 4.38271084e+04 -7.49250631e-02  4.38271084e+04 -2.21571894e+00 
 4.43346705e+04 -7.45017574e-02  4.43346705e+04 -2.24188796e+00 
 4.48481108e+04 -7.40690982e-02  4.48481108e+04 -2.26837674e+00 
 4.53674971e+04 -7.36268908e-02  4.53674971e+04 -2.29518957e+00 
 4.58928985e+04 -7.31749371e-02  4.58928985e+04 -2.32233078e+00 
 4.64243846e+04 -7.27130353e-02  4.64243846e+04 -2.34980476e+00 
 4.69620258e+04 -7.22409800e-02  4.69620258e+04 -2.37761602e+00 
 4.75058934e+04 -7.17585625e-02  4.75058934e+04 -2.40576908e+00 
 4.80560596e+04 -7.12655702e-02  4.80560596e+04 -2.43426858e+00 
 4.86125973e+04 -7.07617869e-02  4.86125973e+04 -2.46311921e+00 
 4.91755802e+04 -7.02469928e-02  4.91755802e+04 -2.49232574e+00 
 4.97450830e+04 -6.97209642e-02  4.97450830e+04 -2.52189303e+00 
 5.03211813e+04 -6.91834739e-02  5.03211813e+04 -2.55182600e+00 
 5.09039513e+04 -6.86342907e-02  5.09039513e+04 -2.58212967e+00 
 5.14934704e+04 -6.80731797e-02  5.14934704e+04 -2.61280913e+00 
 5.20898168e+04 -6.74999022e-02  5.20898168e+04 -2.64386956e+00 
 5.26930694e+04 -6.69142157e-02  5.26930694e+04 -2.67531622e+00 
 5.33033083e+04 -6.63158738e-02  5.33033083e+04 -2.70715446e+00 
 5.39206144e+04 -6.57046263e-02  5.39206144e+04 -2.73938972e+00 
 5.45450695e+04 -6.50802191e-02  5.45450695e+04 -2.77202754e+00 
 5.51767564e+04 -6.44423942e-02  5.51767564e+04 -2.80507354e+00 
 5.58157589e+04 -6.37908897e-02  5.58157589e+04 -2.83853343e+00 
 5.64621617e+04 -6.31254399e-02  5.64621617e+04 -2.87241304e+00 
 5.71160505e+04 -6.24457752e-02  5.71160505e+04 -2.90671828e+00 
 5.77775120e+04 -6.17516221e-02  5.77775120e+04 -2.94145516e+00 
 5.84466339e+04 -6.10427033e-02  5.84466339e+04 -2.97662980e+00 
 5.91235049e+04 -6.03187376e-02  5.91235049e+04 -3.01224843e+00 
 5.98082147e+04 -5.95794400e-02  5.98082147e+04 -3.04831738e+00 
 6.05008542e+04 -5.88245217e-02  6.05008542e+04 -3.08484309e+00 
 6.12015151e+04 -5.80536900e-02  6.12015151e+04 -3.12183210e+00 
 6.19102904e+04 -5.72666488e-02  6.19102904e+04 -3.15929108e+00 
 6.26272740e+04 -5.64630980e-02  6.26272740e+04 -3.19722681e+00 
 6.33525610e+04 -5.56427339e-02  6.33525610e+04 -3.23564620e+00 
 6.40862476e+04 -5.48052492e-02  6.40862476e+04 -3.27455625e+00 
 6.48284310e+04 -5.39503331e-02  6.48284310e+04 -3.31396412e+00 
 6.55792097e+04 -5.30776713e-02  6.55792097e+04 -3.35387707e+00 
 6.63386831e+04 -5.21869461e-02  6.63386831e+04 -3.39430250e+00 
 6.71069519e+04 -5.12778365e-02  6.71069519e+04 -3.43524793e+00 
 6.78841182e+04 -5.03500180e-02  6.78841182e+04 -3.47672102e+00 
 6.86702847e+04 -4.94031633e-02  6.86702847e+04 -3.51872957e+00 
 6.94655559e+04 -4.84369417e-02  6.94655559e+04 -3.56128152e+00 
 7.02700371e+04 -4.74510199e-02  7.02700371e+04 -3.60438493e+00 
 7.10838351e+04 -4.64450615e-02  7.10838351e+04 -3.64804803e+00 
 7.19070576e+04 -4.54187274e-02  7.19070576e+04 -3.69227919e+00 
 7.27398139e+04 -4.43716761e-02  7.27398139e+04 -3.73708692e+00 
 7.35822143e+04 -4.33035635e-02  7.35822143e+04 -3.78247989e+00 
 7.44343706e+04 -4.22140434e-02  7.44343706e+04 -3.82846692e+00 
 7.52963957e+04 -4.11027673e-02  7.52963957e+04 -3.87505699e+00 
 7.61684039e+04 -3.99693849e-02  7.61684039e+04 -3.92225926e+00 
 7.70505109e+04 -3.88135442e-02  7.70505109e+04 -3.97008303e+00 
 7.79428335e+04 -3.76348915e-02  7.79428335e+04 -4.01853777e+00 
 7.88454902e+04 -3.64330719e-02  7.88454902e+04 -4.06763314e+00 
 7.97586005e+04 -3.52077295e-02  7.97586005e+04 -4.11737895e+00 
 8.06822855e+04 -3.39585073e-02  8.06822855e+04 -4.16778520e+00 
 8.16166678e+04 -3.26850480e-02  8.16166678e+04 -4.21886208e+00 
 8.25618712e+04 -3.13869937e-02  8.25618712e+04 -4.27061993e+00 
 8.35180209e+04 -3.00639865e-02  8.35180209e+04 -4.32306932e+00 
 8.44852439e+04 -2.87156690e-02  8.44852439e+04 -4.37622098e+00 
 8.54636682e+04 -2.73416839e-02  8.54636682e+04 -4.43008585e+00 
 8.64534237e+04 -2.59416753e-02  8.64534237e+04 -4.48467504e+00 
 8.74546416e+04 -2.45152882e-02  8.74546416e+04 -4.53999990e+00 
 8.84674546e+04 -2.30621693e-02  8.84674546e+04 -4.59607196e+00 
 8.94919970e+04 -2.15819671e-02  8.94919970e+04 -4.65290295e+00 
 9.05284046e+04 -2.00743328e-02  9.05284046e+04 -4.71050483e+00 
 9.15768148e+04 -1.85389202e-02  9.15768148e+04 -4.76888976e+00 
 9.26373667e+04 -1.69753863e-02  9.26373667e+04 -4.82807013e+00 
 9.37102009e+04 -1.53833918e-02  9.37102009e+04 -4.88805853e+00 
 9.47954596e+04 -1.37626015e-02  9.47954596e+04 -4.94886780e+00 
 9.58932866e+04 -1.21126850e-02  9.58932866e+04 -5.01051098e+00 
 9.70038276e+04 -1.04333169e-02  9.70038276e+04 -5.07300137e+00 
 9.81272298e+04 -8.72417756e-03  9.81272298e+04 -5.13635247e+00 
 9.92636421e+04 -6.98495347e-03  9.92636421e+04 -5.20057805e+00 
 1.00413215e+05 -5.21533806e-03  1.00413215e+05 -5.26569211e+00 
 1.01576102e+05 -3.41503213e-03  1.01576102e+05 -5.33170889e+00 
 1.02752455e+05 -1.58374450e-03  1.02752455e+05 -5.39864287e+00 
 1.03942432e+05  2.78807304e-04  1.03942432e+05 -5.46650879e+00 
 1.05146191e+05  2.17289643e-03  1.05146191e+05 -5.53532166e+00 
 1.06363890e+05  4.09878598e-03  1.06363890e+05 -5.60509672e+00 
 1.07595691e+05  6.05672833e-03  1.07595691e+05 -5.67584947e+00 
 1.08841757e+05  8.04696434e-03  1.08841757e+05 -5.74759571e+00 
 1.10102255e+05  1.00697227e-02  1.10102255e+05 -5.82035145e+00 
 1.11377350e+05  1.21252189e-02  1.11377350e+05 -5.89413302e+00 
 1.12667212e+05  1.42136549e-02  1.12667212e+05 -5.96895700e+00 
 1.13972012e+05  1.63352176e-02  1.13972012e+05 -6.04484023e+00 
 1.15291923e+05  1.84900788e-02  1.15291923e+05 -6.12179984e+00 
 1.16627120e+05  2.06783936e-02  1.16627120e+05 -6.19985326e+00 
 1.17977779e+05  2.29002998e-02  1.17977779e+05 -6.27901816e+00 
 1.19344081e+05  2.51559172e-02  1.19344081e+05 -6.35931253e+00 
 1.20726206e+05  2.74453462e-02  1.20726206e+05 -6.44075462e+00 
 1.22124337e+05  2.97686671e-02  1.22124337e+05 -6.52336298e+00 
 1.23538660e+05  3.21259391e-02  1.23538660e+05 -6.60715645e+00 
 1.24969363e+05  3.45171991e-02  1.24969363e+05 -6.69215416e+00 
 1.26416634e+05  3.69424609e-02  1.26416634e+05 -6.77837554e+00 
 1.27880666e+05  3.94017140e-02  1.27880666e+05 -6.86584028e+00 
 1.29361653e+05  4.18949225e-02  1.29361653e+05 -6.95456841e+00 
 1.30859792e+05  4.44220240e-02  1.30859792e+05 -7.04458023e+00 
 1.32375280e+05  4.69829285e-02  1.32375280e+05 -7.13589634e+00 
 1.33908319e+05  4.95775172e-02  1.33908319e+05 -7.22853764e+00 
 1.35459113e+05  5.22056417e-02  1.35459113e+05 -7.32252532e+00 
 1.37027866e+05  5.48671220e-02  1.37027866e+05 -7.41788088e+00 
 1.38614787e+05  5.75617462e-02  1.38614787e+05 -7.51462611e+00 
 1.40220086e+05  6.02892687e-02  1.40220086e+05 -7.61278308e+00 
 1.41843976e+05  6.30494092e-02  1.41843976e+05 -7.71237419e+00 
 1.43486672e+05  6.58418516e-02  1.43486672e+05 -7.81342211e+00 
 1.45148393e+05  6.86662422e-02  1.45148393e+05 -7.91594980e+00 
 1.46829358e+05  7.15221892e-02  1.46829358e+05 -8.01998053e+00 
 1.48529790e+05  7.44092607e-02  1.48529790e+05 -8.12553785e+00 
 1.50249915e+05  7.73269841e-02  1.50249915e+05 -8.23264560e+00 
 1.51989960e+05  8.02748443e-02  1.51989960e+05 -8.34132789e+00 
 1.53750157e+05  8.32522825e-02  1.53750157e+05 -8.45160915e+00 
 1.55530739e+05  8.62586951e-02  1.55530739e+05 -8.56351405e+00 
 1.57331942e+05  8.92934325e-02  1.57331942e+05 -8.67706755e+00 
 1.59154005e+05  9.23557973e-02  1.59154005e+05 -8.79229490e+00 
 1.60997169e+05  9.54450435e-02  1.60997169e+05 -8.90922158e+00 
 1.62861678e+05  9.85603752e-02  1.62861678e+05 -9.02787338e+00 
 1.64747781e+05  1.01700945e-01  1.64747781e+05 -9.14827632e+00 
 1.66655726e+05  1.04865853e-01  1.66655726e+05 -9.27045667e+00 
 1.68585768e+05  1.08054146e-01  1.68585768e+05 -9.39444097e+00 
 1.70538161e+05  1.11264815e-01  1.70538161e+05 -9.52025598e+00 
 1.72513165e+05  1.14496795e-01  1.72513165e+05 -9.64792873e+00 
 1.74511042e+05  1.17748964e-01  1.74511042e+05 -9.77748644e+00 
 1.76532055e+05  1.21020142e-01  1.76532055e+05 -9.90895659e+00 
 1.78576475e+05  1.24309086e-01  1.78576475e+05 -1.00423668e+01 
 1.80644570e+05  1.27614498e-01  1.80644570e+05 -1.01777451e+01 
 1.82736617e+05  1.30935012e-01  1.82736617e+05 -1.03151194e+01 
 1.84852891e+05  1.34269203e-01  1.84852891e+05 -1.04545182e+01 
 1.86993674e+05  1.37615581e-01  1.86993674e+05 -1.05959697e+01 
 1.89159250e+05  1.40972591e-01  1.89159250e+05 -1.07395028e+01 
 1.91349905e+05  1.44338611e-01  1.91349905e+05 -1.08851462e+01 
 1.93565930e+05  1.47711955e-01  1.93565930e+05 -1.10329288e+01 
 1.95807618e+05  1.51090868e-01  1.95807618e+05 -1.11828798e+01 
 1.98075268e+05  1.54473525e-01  1.98075268e+05 -1.13350284e+01 
 2.00369179e+05  1.57858035e-01  2.00369179e+05 -1.14894041e+01 
 2.02689657e+05  1.61242434e-01  2.02689657e+05 -1.16460363e+01 
 2.05037007e+05  1.64624691e-01  2.05037007e+05 -1.18049546e+01 
 2.07411543e+05  1.68002702e-01  2.07411543e+05 -1.19661887e+01 
 2.09813578e+05  1.71374291e-01  2.09813578e+05 -1.21297685e+01 
 2.12243431e+05  1.74737212e-01  2.12243431e+05 -1.22957237e+01 
 2.14701424e+05  1.78089146e-01  2.14701424e+05 -1.24640843e+01 
 2.17187883e+05  1.81427700e-01  2.17187883e+05 -1.26348802e+01 
 2.19703138e+05  1.84750410e-01  2.19703138e+05 -1.28081415e+01 
 2.22247522e+05  1.88054738e-01  2.22247522e+05 -1.29838982e+01 
 2.24821372e+05  1.91338073e-01  2.24821372e+05 -1.31621803e+01 
 2.27425030e+05  1.94597731e-01  2.27425030e+05 -1.33430179e+01 
 2.30058842e+05  1.97830956e-01  2.30058842e+05 -1.35264410e+01 
 2.32723155e+05  2.01034916e-01  2.32723155e+05 -1.37124796e+01 
 2.35418324e+05  2.04206710e-01  2.35418324e+05 -1.39011637e+01 
 2.38144706e+05  2.07343361e-01  2.38144706e+05 -1.40925232e+01 
 2.40902662e+05  2.10441822e-01  2.40902662e+05 -1.42865881e+01 
 2.43692558e+05  2.13498973e-01  2.43692558e+05 -1.44833880e+01 
 2.46514763e+05  2.16511623e-01  2.46514763e+05 -1.46829527e+01 
 2.49369653e+05  2.19476511e-01  2.49369653e+05 -1.48853118e+01 
 2.52257605e+05  2.22390304e-01  2.52257605e+05 -1.50904948e+01 
 2.55179003e+05  2.25249601e-01  2.55179003e+05 -1.52985311e+01 
 2.58134233e+05  2.28050932e-01  2.58134233e+05 -1.55094500e+01 
 2.61123688e+05  2.30790760e-01  2.61123688e+05 -1.57232805e+01 
 2.64147764e+05  2.33465478e-01  2.64147764e+05 -1.59400516e+01 
 2.67206861e+05  2.36071417e-01  2.67206861e+05 -1.61597921e+01 
 2.70301386e+05  2.38604841e-01  2.70301386e+05 -1.63825307e+01 
 2.73431749e+05  2.41061951e-01  2.73431749e+05 -1.66082957e+01 
 2.76598365e+05  2.43438883e-01  2.76598365e+05 -1.68371153e+01 
 2.79801653e+05  2.45731714e-01  2.79801653e+05 -1.70690176e+01 
 2.83042038e+05  2.47936461e-01  2.83042038e+05 -1.73040305e+01 
 2.86319950e+05  2.50049081e-01  2.86319950e+05 -1.75421814e+01 
 2.89635824e+05  2.52065473e-01  2.89635824e+05 -1.77834977e+01 
 2.92990099e+05  2.53981483e-01  2.92990099e+05 -1.80280066e+01 
 2.96383220e+05  2.55792898e-01  2.96383220e+05 -1.82757348e+01 
 2.99815637e+05  2.57495456e-01  2.99815637e+05 -1.85267090e+01 
 3.03287805e+05  2.59084842e-01  3.03287805e+05 -1.87809556e+01 
 3.06800183e+05  2.60556690e-01  3.06800183e+05 -1.90385004e+01 
 3.10353239e+05  2.61906587e-01  3.10353239e+05 -1.92993694e+01 
 3.13947443e+05  2.63130074e-01  3.13947443e+05 -1.95635881e+01 
 3.17583271e+05  2.64222645e-01  3.17583271e+05 -1.98311815e+01 
 3.21261205e+05  2.65179753e-01  3.21261205e+05 -2.01021747e+01 
 3.24981734e+05  2.65996807e-01  3.24981734e+05 -2.03765922e+01 
 3.28745351e+05  2.66669179e-01  3.28745351e+05 -2.06544583e+01 
 3.32552554e+05  2.67192201e-01  3.32552554e+05 -2.09357971e+01 
 3.36403848e+05  2.67561168e-01  3.36403848e+05 -2.12206321e+01 
 3.40299744e+05  2.67771343e-01  3.40299744e+05 -2.15089868e+01 
 3.44240758e+05  2.67817953e-01  3.44240758e+05 -2.18008842e+01 
 3.48227413e+05  2.67696197e-01  3.48227413e+05 -2.20963470e+01 
 3.52260238e+05  2.67401241e-01  3.52260238e+05 -2.23953977e+01 
 3.56339767e+05  2.66928226e-01  3.56339767e+05 -2.26980582e+01 
 3.60466541e+05  2.66272266e-01  3.60466541e+05 -2.30043503e+01 
 3.64641107e+05  2.65428451e-01  3.64641107e+05 -2.33142955e+01 
 3.68864019e+05  2.64391848e-01  3.68864019e+05 -2.36279149e+01 
 3.73135837e+05  2.63157504e-01  3.73135837e+05 -2.39452292e+01 
 3.77457126e+05  2.61720446e-01  3.77457126e+05 -2.42662588e+01 
 3.81828460e+05  2.60075682e-01  3.81828460e+05 -2.45910240e+01 
 3.86250419e+05  2.58218207e-01  3.86250419e+05 -2.49195444e+01 
 3.90723589e+05  2.56142999e-01  3.90723589e+05 -2.52518395e+01 
 3.95248562e+05  2.53845023e-01  3.95248562e+05 -2.55879285e+01 
 3.99825939e+05  2.51319234e-01  3.99825939e+05 -2.59278302e+01 
 4.04456327e+05  2.48560578e-01  4.04456327e+05 -2.62715631e+01 
 4.09140339e+05  2.45563988e-01  4.09140339e+05 -2.66191453e+01 
 4.13878597e+05  2.42324396e-01  4.13878597e+05 -2.69705948e+01 
 4.18671729e+05  2.38836723e-01  4.18671729e+05 -2.73259290e+01 
 4.23520370e+05  2.35095890e-01  4.23520370e+05 -2.76851652e+01 
 4.28425163e+05  2.31096814e-01  4.28425163e+05 -2.80483203e+01 
 4.33386759e+05  2.26834408e-01  4.33386759e+05 -2.84154108e+01 
 4.38405814e+05  2.22303589e-01  4.38405814e+05 -2.87864532e+01 
 4.43482996e+05  2.17499272e-01  4.43482996e+05 -2.91614635e+01 
 4.48618977e+05  2.12416376e-01  4.48618977e+05 -2.95404571e+01 
 4.53814437e+05  2.07049824e-01  4.53814437e+05 -2.99234497e+01 
 4.59070066e+05  2.01394543e-01  4.59070066e+05 -3.03104563e+01 
 4.64386560e+05  1.95445467e-01  4.64386560e+05 -3.07014916e+01 
 4.69764625e+05  1.89197537e-01  4.69764625e+05 -3.10965702e+01 
 4.75204974e+05  1.82645702e-01  4.75204974e+05 -3.14957063e+01 
 4.80708327e+05  1.75784923e-01  4.80708327e+05 -3.18989137e+01 
 4.86275414e+05  1.68610171e-01  4.86275414e+05 -3.23062063e+01 
 4.91906974e+05  1.61116428e-01  4.91906974e+05 -3.27175972e+01 
 4.97603753e+05  1.53298692e-01  4.97603753e+05 -3.31330996e+01 
 5.03366507e+05  1.45151974e-01  5.03366507e+05 -3.35527263e+01 
 5.09195999e+05  1.36671300e-01  5.09195999e+05 -3.39764897e+01 
 5.15093002e+05  1.27851717e-01  5.15093002e+05 -3.44044021e+01 
 5.21058299e+05  1.18688287e-01  5.21058299e+05 -3.48364755e+01 
 5.27092679e+05  1.09176093e-01  5.27092679e+05 -3.52727214e+01 
 5.33196944e+05  9.93102384e-02  5.33196944e+05 -3.57131515e+01 
 5.39371903e+05  8.90858494e-02  5.39371903e+05 -3.61577767e+01 
 5.45618374e+05  7.84980756e-02  5.45618374e+05 -3.66066079e+01 
 5.51937185e+05  6.75420918e-02  5.51937185e+05 -3.70596558e+01 
 5.58329174e+05  5.62130990e-02  5.58329174e+05 -3.75169307e+01 
 5.64795189e+05  4.45063260e-02  5.64795189e+05 -3.79784426e+01 
 5.71336088e+05  3.24170308e-02  5.71336088e+05 -3.84442014e+01 
 5.77952736e+05  1.99405025e-02  5.77952736e+05 -3.89142166e+01 
 5.84646012e+05  7.07206210e-03  5.84646012e+05 -3.93884975e+01 
 5.91416802e+05 -6.19293526e-03  5.91416802e+05 -3.98670532e+01 
 5.98266006e+05 -1.98590990e-02  5.98266006e+05 -4.03498923e+01 
 6.05194529e+05 -3.39310012e-02  6.05194529e+05 -4.08370234e+01 
 6.12203293e+05 -4.84131751e-02  6.12203293e+05 -4.13284548e+01 
 6.19293224e+05 -6.33101132e-02  6.19293224e+05 -4.18241945e+01 
 6.26465265e+05 -7.86262654e-02  6.26465265e+05 -4.23242502e+01 
 6.33720365e+05 -9.43660372e-02  6.33720365e+05 -4.28286296e+01 
 6.41059486e+05 -1.10533788e-01  6.41059486e+05 -4.33373397e+01 
 6.48483601e+05 -1.27133827e-01  6.48483601e+05 -4.38503878e+01 
 6.55993696e+05 -1.44170417e-01  6.55993696e+05 -4.43677805e+01 
 6.63590765e+05 -1.61647763e-01  6.63590765e+05 -4.48895244e+01 
 6.71275815e+05 -1.79570020e-01  6.71275815e+05 -4.54156260e+01 
 6.79049866e+05 -1.97941284e-01  6.79049866e+05 -4.59460912e+01 
 6.86913949e+05 -2.16765591e-01  6.86913949e+05 -4.64809260e+01 
 6.94869105e+05 -2.36046918e-01  6.94869105e+05 -4.70201361e+01 
 7.02916391e+05 -2.55789176e-01  7.02916391e+05 -4.75637269e+01 
 7.11056872e+05 -2.75996211e-01  7.11056872e+05 -4.81117038e+01 
 7.19291628e+05 -2.96671800e-01  7.19291628e+05 -4.86640717e+01 
 7.27621750e+05 -3.17819649e-01  7.27621750e+05 -4.92208356e+01 
 7.36048344e+05 -3.39443391e-01  7.36048344e+05 -4.97820002e+01 
 7.44572527e+05 -3.61546583e-01  7.44572527e+05 -5.03475700e+01 
 7.53195428e+05 -3.84132701e-01  7.53195428e+05 -5.09175493e+01 
 7.61918191e+05 -4.07205143e-01  7.61918191e+05 -5.14919425e+01 
 7.70741972e+05 -4.30767220e-01  7.70741972e+05 -5.20707536e+01 
 7.79667942e+05 -4.54822160e-01  7.79667942e+05 -5.26539866e+01 
 7.88697283e+05 -4.79373098e-01  7.88697283e+05 -5.32416452e+01 
 7.97831193e+05 -5.04423081e-01  7.97831193e+05 -5.38337334e+01 
 8.07070883e+05 -5.29975058e-01  8.07070883e+05 -5.44302545e+01 
 8.16417578e+05 -5.56031884e-01  8.16417578e+05 -5.50312124e+01 
 8.25872518e+05 -5.82596312e-01  8.25872518e+05 -5.56366104e+01 
 8.35436955e+05 -6.09670994e-01  8.35436955e+05 -5.62464522e+01 
 8.45112157e+05 -6.37258477e-01  8.45112157e+05 -5.68607410e+01 
 8.54899409e+05 -6.65361199e-01  8.54899409e+05 -5.74794804e+01 
 8.64800006e+05 -6.93981491e-01  8.64800006e+05 -5.81026738e+01 
 8.74815263e+05 -7.23121568e-01  8.74815263e+05 -5.87303247e+01 
 8.84946506e+05 -7.52783534e-01  8.84946506e+05 -5.93624367e+01 
 8.95195080e+05 -7.82969373e-01  8.95195080e+05 -5.99990134e+01 
 9.05562342e+05 -8.13680950e-01  9.05562342e+05 -6.06400586e+01 
 9.16049667e+05 -8.44920009e-01  9.16049667e+05 -6.12855761e+01 
 9.26658447e+05 -8.76688171e-01  9.26658447e+05 -6.19355698e+01 
 9.37390086e+05 -9.08986930e-01  9.37390086e+05 -6.25900441e+01 
 9.48246009e+05 -9.41817653e-01  9.48246009e+05 -6.32490033e+01 
 9.59227655e+05 -9.75181577e-01  9.59227655e+05 -6.39124520e+01 
 9.70336479e+05 -1.00907981e+00  9.70336479e+05 -6.45803951e+01 
 9.81573954e+05 -1.04351332e+00  9.81573954e+05 -6.52528377e+01 
 9.92941571e+05 -1.07848295e+00  9.92941571e+05 -6.59297855e+01 
 1.00444084e+06 -1.11398940e+00  1.00444084e+06 -6.66112442e+01 
 1.01607327e+06 -1.15003325e+00  1.01607327e+06 -6.72972202e+01 
 1.02784043e+06 -1.18661492e+00  1.02784043e+06 -6.79877200e+01 
 1.03974386e+06 -1.22373470e+00  1.03974386e+06 -6.86827507e+01 
 1.05178514e+06 -1.26139274e+00  1.05178514e+06 -6.93823201e+01 
 1.06396587e+06 -1.29958907e+00  1.06396587e+06 -7.00864363e+01 
 1.07628767e+06 -1.33832355e+00  1.07628767e+06 -7.07951079e+01 
 1.08875217e+06 -1.37759593e+00  1.08875217e+06 -7.15083443e+01 
 1.10136102e+06 -1.41740579e+00  1.10136102e+06 -7.22261555e+01 
 1.11411589e+06 -1.45775260e+00  1.11411589e+06 -7.29485521e+01 
 1.12701847e+06 -1.49863568e+00  1.12701847e+06 -7.36755454e+01 
 1.14007049e+06 -1.54005420e+00  1.14007049e+06 -7.44071476e+01 
 1.15327365e+06 -1.58200722e+00  1.15327365e+06 -7.51433717e+01 
 1.16662972e+06 -1.62449366e+00  1.16662972e+06 -7.58842313e+01 
 1.18014047e+06 -1.66751228e+00  1.18014047e+06 -7.66297413e+01 
 1.19380769e+06 -1.71106175e+00  1.19380769e+06 -7.73799171e+01 
 1.20763319e+06 -1.75514059e+00  1.20763319e+06 -7.81347755e+01 
 1.22161880e+06 -1.79974720e+00  1.22161880e+06 -7.88943339e+01 
 1.23576638e+06 -1.84487984e+00  1.23576638e+06 -7.96586111e+01 
 1.25007780e+06 -1.89053669e+00  1.25007780e+06 -8.04276269e+01 
 1.26455496e+06 -1.93671578e+00  1.26455496e+06 -8.12014022e+01 
 1.27919978e+06 -1.98341504e+00  1.27919978e+06 -8.19799592e+01 
 1.29401421e+06 -2.03063230e+00  1.29401421e+06 -8.27633213e+01 
 1.30900020e+06 -2.07836529e+00  1.30900020e+06 -8.35515131e+01 
 1.32415974e+06 -2.12661162e+00  1.32415974e+06 -8.43445608e+01 
 1.33949485e+06 -2.17536884e+00  1.33949485e+06 -8.51424917e+01 
 1.35500755e+06 -2.22463440e+00  1.35500755e+06 -8.59453348e+01 
 1.37069990e+06 -2.27440567e+00  1.37069990e+06 -8.67531204e+01 
 1.38657399e+06 -2.32467995e+00  1.38657399e+06 -8.75658804e+01 
 1.40263192e+06 -2.37545448e+00  1.40263192e+06 -8.83836482e+01 
 1.41887581e+06 -2.42672644e+00  1.41887581e+06 -8.92064590e+01 
 1.43530782e+06 -2.47849298e+00  1.43530782e+06 -9.00343496e+01 
 1.45193013e+06 -2.53075118e+00  1.45193013e+06 -9.08673583e+01 
 1.46874495e+06 -2.58349811e+00  1.46874495e+06 -9.17055255e+01 
 1.48575450e+06 -2.63673083e+00  1.48575450e+06 -9.25488933e+01 
 1.50296103e+06 -2.69044637e+00  1.50296103e+06 -9.33975054e+01 
 1.52036684e+06 -2.74464179e+00  1.52036684e+06 -9.42514079e+01 
 1.53797422e+06 -2.79931414e+00  1.53797422e+06 -9.51106483e+01 
 1.55578551e+06 -2.85446052e+00  1.55578551e+06 -9.59752764e+01 
 1.57380308e+06 -2.91007805e+00  1.57380308e+06 -9.68453441e+01 
 1.59202931e+06 -2.96616394e+00  1.59202931e+06 -9.77209050e+01 
 1.61046661e+06 -3.02271544e+00  1.61046661e+06 -9.86020153e+01 
 1.62911744e+06 -3.07972990e+00  1.62911744e+06 -9.94887328e+01 
 1.64798426e+06 -3.13720477e+00  1.64798426e+06 -1.00381118e+02 
 1.66706959e+06 -3.19513764e+00  1.66706959e+06 -1.01279233e+02 
 1.68637593e+06 -3.25352621e+00  1.68637593e+06 -1.02183143e+02 
 1.70590587e+06 -3.31236838e+00  1.70590587e+06 -1.03092914e+02 
 1.72566198e+06 -3.37166220e+00  1.72566198e+06 -1.04008617e+02 
 1.74564689e+06 -3.43140594e+00  1.74564689e+06 -1.04930322e+02 
 1.76586324e+06 -3.49159808e+00  1.76586324e+06 -1.05858103e+02 
 1.78631372e+06 -3.55223737e+00  1.78631372e+06 -1.06792037e+02 
 1.80700103e+06 -3.61332284e+00  1.80700103e+06 -1.07732202e+02 
 1.82792793e+06 -3.67485379e+00  1.82792793e+06 -1.08678679e+02 
 1.84909717e+06 -3.73682990e+00  1.84909717e+06 -1.09631552e+02 
 1.87051159e+06 -3.79925116e+00  1.87051159e+06 -1.10590906e+02 
 1.89217400e+06 -3.86211800e+00  1.89217400e+06 -1.11556829e+02 
 1.91408728e+06 -3.92543124e+00  1.91408728e+06 -1.12529411e+02 
 1.93625434e+06 -3.98919217e+00  1.93625434e+06 -1.13508744e+02 
 1.95867812e+06 -4.05340258e+00  1.95867812e+06 -1.14494924e+02 
 1.98136159e+06 -4.11806478e+00  1.98136159e+06 -1.15488048e+02 
 2.00430776e+06 -4.18318166e+00  2.00430776e+06 -1.16488213e+02 
 2.02751966e+06 -4.24875670e+00  2.02751966e+06 -1.17495522e+02 
 2.05100039e+06 -4.31479407e+00  2.05100039e+06 -1.18510076e+02 
 2.07475304e+06 -4.38129858e+00  2.07475304e+06 -1.19531981e+02 
 2.09878077e+06 -4.44827583e+00  2.09878077e+06 -1.20561342e+02 
 2.12308677e+06 -4.51573218e+00  2.12308677e+06 -1.21598268e+02 
 2.14767426e+06 -4.58367482e+00  2.14767426e+06 -1.22642867e+02 
 2.17254649e+06 -4.65211184e+00  2.17254649e+06 -1.23695249e+02 
 2.19770677e+06 -4.72105224e+00  2.19770677e+06 -1.24755525e+02 
 2.22315843e+06 -4.79050601e+00  2.22315843e+06 -1.25823806e+02 
 2.24890485e+06 -4.86048418e+00  2.24890485e+06 -1.26900204e+02 
 2.27494944e+06 -4.93099885e+00  2.27494944e+06 -1.27984831e+02 
 2.30129565e+06 -5.00206326e+00  2.30129565e+06 -1.29077798e+02 
 2.32794697e+06 -5.07369185e+00  2.32794697e+06 -1.30179216e+02 
 2.35490695e+06 -5.14590029e+00  2.35490695e+06 -1.31289193e+02 
 2.38217915e+06 -5.21870552e+00  2.38217915e+06 -1.32407836e+02 
 2.40976718e+06 -5.29212583e+00  2.40976718e+06 -1.33535252e+02 
 2.43767472e+06 -5.36618089e+00  2.43767472e+06 -1.34671542e+02 
 2.46590545e+06 -5.44089178e+00  2.46590545e+06 -1.35816805e+02 
 2.49446313e+06 -5.51628104e+00  2.49446313e+06 -1.36971135e+02 
 2.52335153e+06 -5.59237270e+00  2.52335153e+06 -1.38134622e+02 
 2.55257448e+06 -5.66919230e+00  2.55257448e+06 -1.39307351e+02 
 2.58213587e+06 -5.74676694e+00  2.58213587e+06 -1.40489398e+02 
 2.61203961e+06 -5.82512522e+00  2.61203961e+06 -1.41680834e+02 
 2.64228966e+06 -5.90429733e+00  2.64228966e+06 -1.42881719e+02 
 2.67289004e+06 -5.98431499e+00  2.67289004e+06 -1.44092108e+02 
 2.70384481e+06 -6.06521141e+00  2.70384481e+06 -1.45312041e+02 
 2.73515806e+06 -6.14702133e+00  2.73515806e+06 -1.46541549e+02 
 2.76683395e+06 -6.22978090e+00  2.76683395e+06 -1.47780650e+02 
 2.79887667e+06 -6.31352764e+00  2.79887667e+06 -1.49029349e+02 
 2.83129049e+06 -6.39830037e+00  2.83129049e+06 -1.50287635e+02 
 2.86407969e+06 -6.48413909e+00  2.86407969e+06 -1.51555481e+02 
 2.89724862e+06 -6.57108489e+00  2.89724862e+06 -1.52832845e+02 
 2.93080168e+06 -6.65917977e+00  2.93080168e+06 -1.54119664e+02 
 2.96474332e+06 -6.74846650e+00  2.96474332e+06 -1.55415857e+02 
 2.99907804e+06 -6.83898843e+00  2.99907804e+06 -1.56721324e+02 
 3.03381039e+06 -6.93078929e+00  3.03381039e+06 -1.58035941e+02 
 3.06894498e+06 -7.02391293e+00  3.06894498e+06 -1.59359563e+02 
 3.10448646e+06 -7.11840313e+00  3.10448646e+06 -1.60692023e+02 
 3.14043954e+06 -7.21430327e+00  3.14043954e+06 -1.62033130e+02 
 3.17680900e+06 -7.31165605e+00  3.17680900e+06 -1.63382668e+02 
 3.21359965e+06 -7.41050320e+00  3.21359965e+06 -1.64740398e+02 
 3.25081638e+06 -7.51088515e+00  3.25081638e+06 -1.66106056e+02 
 3.28846411e+06 -7.61284067e+00  3.28846411e+06 -1.67479354e+02 
 3.32654785e+06 -7.71640657e+00  3.32654785e+06 -1.68859979e+02 
 3.36507263e+06 -7.82161729e+00  3.36507263e+06 -1.70247597e+02 
 3.40404356e+06 -7.92850462e+00  3.40404356e+06 -1.71641849e+02 
 3.44346582e+06 -8.03709729e+00  3.44346582e+06 -1.73042358e+02 
 3.48334463e+06 -8.14742071e+00  3.48334463e+06 -1.74448725e+02 
 3.52368527e+06 -8.25949658e+00  3.52368527e+06 -1.75860533e+02 
 3.56449310e+06 -8.37334265e+00  3.56449310e+06 -1.77277350e+02 
 3.60577353e+06 -8.48897245e+00  3.60577353e+06 -1.78698731e+02 
 3.64753203e+06 -8.60639503e+00  3.64753203e+06  1.79875782e+02 
 3.68977413e+06 -8.72561480e+00  3.68977413e+06  1.78446654e+02 
 3.73250543e+06 -8.84663137e+00  3.73250543e+06  1.77014358e+02 
 3.77573161e+06 -8.96943946e+00  3.77573161e+06  1.75579366e+02 
 3.81945839e+06 -9.09402886e+00  3.81945839e+06  1.74142152e+02 
 3.86369158e+06 -9.22038440e+00  3.86369158e+06  1.72703187e+02 
 3.90843702e+06 -9.34848605e+00  3.90843702e+06  1.71262932e+02 
 3.95370067e+06 -9.47830906e+00  3.95370067e+06  1.69821841e+02 
 3.99948851e+06 -9.60982405e+00  3.99948851e+06  1.68380354e+02 
 4.04580662e+06 -9.74299734e+00  4.04580662e+06  1.66938894e+02 
 4.09266114e+06 -9.87779114e+00  4.09266114e+06  1.65497865e+02 
 4.14005829e+06 -1.00141640e+01  4.14005829e+06  1.64057653e+02 
 4.18800434e+06 -1.01520709e+01  4.18800434e+06  1.62618616e+02 
 4.23650566e+06 -1.02914640e+01  4.23650566e+06  1.61181091e+02 
 4.28556866e+06 -1.04322928e+01  4.28556866e+06  1.59745384e+02 
 4.33519987e+06 -1.05745049e+01  4.33519987e+06  1.58311775e+02 
 4.38540586e+06 -1.07180458e+01  4.38540586e+06  1.56880514e+02 
 4.43619329e+06 -1.08628604e+01  4.43619329e+06  1.55451822e+02 
 4.48756888e+06 -1.10088923e+01  4.48756888e+06  1.54025888e+02 
 4.53953946e+06 -1.11560853e+01  4.53953946e+06  1.52602874e+02 
 4.59211190e+06 -1.13043830e+01  4.59211190e+06  1.51182911e+02 
 4.64529319e+06 -1.14537300e+01  4.64529319e+06  1.49766100e+02 
 4.69909037e+06 -1.16040715e+01  4.69909037e+06  1.48352516e+02 
 4.75351058e+06 -1.17553544e+01  4.75351058e+06  1.46942209e+02 
 4.80856103e+06 -1.19075272e+01  4.80856103e+06  1.45535202e+02 
 4.86424902e+06 -1.20605403e+01  4.86424902e+06  1.44131495e+02 
 4.92058193e+06 -1.22143465e+01  4.92058193e+06  1.42731069e+02 
 4.97756723e+06 -1.23689011e+01  4.97756723e+06  1.41333883e+02 
 5.03521248e+06 -1.25241619e+01  5.03521248e+06  1.39939881e+02 
 5.09352532e+06 -1.26800898e+01  5.09352532e+06  1.38548990e+02 
 5.15251348e+06 -1.28366483e+01  5.15251348e+06  1.37161126e+02 
 5.21218479e+06 -1.29938043e+01  5.21218479e+06  1.35776191e+02 
 5.27254715e+06 -1.31515272e+01  5.27254715e+06  1.34394081e+02 
 5.33360856e+06 -1.33097900e+01  5.33360856e+06  1.33014685e+02 
 5.39537713e+06 -1.34685684e+01  5.39537713e+06  1.31637883e+02 
 5.45786104e+06 -1.36278409e+01  5.45786104e+06  1.30263556e+02 
 5.52106858e+06 -1.37875893e+01  5.52106858e+06  1.28891581e+02 
 5.58500812e+06 -1.39477979e+01  5.58500812e+06  1.27521836e+02 
 5.64968815e+06 -1.41084538e+01  5.64968815e+06  1.26154199e+02 
 5.71511724e+06 -1.42695465e+01  5.71511724e+06  1.24788550e+02 
 5.78130406e+06 -1.44310682e+01  5.78130406e+06  1.23424775e+02 
 5.84825740e+06 -1.45930130e+01  5.84825740e+06  1.22062762e+02 
 5.91598612e+06 -1.47553775e+01  5.91598612e+06  1.20702406e+02 
 5.98449920e+06 -1.49181600e+01  5.98449920e+06  1.19343608e+02 
 6.05380574e+06 -1.50813606e+01  6.05380574e+06  1.17986275e+02 
 6.12391492e+06 -1.52449813e+01  6.12391492e+06  1.16630321e+02 
 6.19483603e+06 -1.54090253e+01  6.19483603e+06  1.15275670e+02 
 6.26657849e+06 -1.55734973e+01  6.26657849e+06  1.13922251e+02 
 6.33915179e+06 -1.57384031e+01  6.33915179e+06  1.12570003e+02 
 6.41256556e+06 -1.59037496e+01  6.41256556e+06  1.11218873e+02 
 6.48682954e+06 -1.60695446e+01  6.48682954e+06  1.09868815e+02 
 6.56195357e+06 -1.62357967e+01  6.56195357e+06  1.08519793e+02 
 6.63794761e+06 -1.64025150e+01  6.63794761e+06  1.07171778e+02 
 6.71482174e+06 -1.65697093e+01  6.71482174e+06  1.05824749e+02 
 6.79258615e+06 -1.67373896e+01  6.79258615e+06  1.04478693e+02 
 6.87125115e+06 -1.69055664e+01  6.87125115e+06  1.03133604e+02 
 6.95082717e+06 -1.70742503e+01  6.95082717e+06  1.01789484e+02 
 7.03132476e+06 -1.72434521e+01  7.03132476e+06  1.00446341e+02 
 7.11275460e+06 -1.74131824e+01  7.11275460e+06  9.91041904e+01 
 7.19512747e+06 -1.75834522e+01  7.19512747e+06  9.77630521e+01 
 7.27845431e+06 -1.77542719e+01  7.27845431e+06  9.64229535e+01 
 7.36274615e+06 -1.79256521e+01  7.36274615e+06  9.50839265e+01 
 7.44801418e+06 -1.80976030e+01  7.44801418e+06  9.37460082e+01 
 7.53426970e+06 -1.82701345e+01  7.53426970e+06  9.24092402e+01 
 7.62152414e+06 -1.84432563e+01  7.62152414e+06  9.10736685e+01 
 7.70978908e+06 -1.86169775e+01  7.70978908e+06  8.97393425e+01 
 7.79907622e+06 -1.87913072e+01  7.79907622e+06  8.84063152e+01 
 7.88939739e+06 -1.89662538e+01  7.88939739e+06  8.70746426e+01 
 7.98076457e+06 -1.91418252e+01  7.98076457e+06  8.57443834e+01 
 8.07318988e+06 -1.93180291e+01  8.07318988e+06  8.44155982e+01 
 8.16668556e+06 -1.94948725e+01  8.16668556e+06  8.30883499e+01 
 8.26126402e+06 -1.96723620e+01  8.26126402e+06  8.17627027e+01 
 8.35693779e+06 -1.98505038e+01  8.35693779e+06  8.04387221e+01 
 8.45371956e+06 -2.00293033e+01  8.45371956e+06  7.91164743e+01 
 8.55162216e+06 -2.02087657e+01  8.55162216e+06  7.77960262e+01 
 8.65065857e+06 -2.03888956e+01  8.65065857e+06  7.64774450e+01 
 8.75084193e+06 -2.05696970e+01  8.75084193e+06  7.51607979e+01 
 8.85218551e+06 -2.07511736e+01  8.85218551e+06  7.38461515e+01 
 8.95470275e+06 -2.09333284e+01  8.95470275e+06  7.25335723e+01 
 9.05840724e+06 -2.11161640e+01  9.05840724e+06  7.12231258e+01 
 9.16331273e+06 -2.12996826e+01  9.16331273e+06  6.99148763e+01 
 9.26943314e+06 -2.14838859e+01  9.26943314e+06  6.86088873e+01 
 9.37678253e+06 -2.16687751e+01  9.37678253e+06  6.73052205e+01 
 9.48537513e+06 -2.18543510e+01  9.48537513e+06  6.60039362e+01 
 9.59522534e+06 -2.20406141e+01  9.59522534e+06  6.47050929e+01 
 9.70634773e+06 -2.22275643e+01  9.70634773e+06  6.34087471e+01 
 9.81875703e+06 -2.24152012e+01  9.81875703e+06  6.21149534e+01 
 9.93246814e+06 -2.26035240e+01  9.93246814e+06  6.08237638e+01 
 1.00474961e+07 -2.27925318e+01  1.00474961e+07  5.95352285e+01 
 1.01638563e+07 -2.29822230e+01  1.01638563e+07  5.82493949e+01 
 1.02815640e+07 -2.31725960e+01  1.02815640e+07  5.69663081e+01 
 1.04006349e+07 -2.33636486e+01  1.04006349e+07  5.56860104e+01 
 1.05210847e+07 -2.35553787e+01  1.05210847e+07  5.44085415e+01 
 1.06429295e+07 -2.37477835e+01  1.06429295e+07  5.31339386e+01 
 1.07661854e+07 -2.39408605e+01  1.07661854e+07  5.18622357e+01 
 1.08908687e+07 -2.41346065e+01  1.08908687e+07  5.05934643e+01 
 1.10169959e+07 -2.43290185e+01  1.10169959e+07  4.93276530e+01 
 1.11445838e+07 -2.45240929e+01  1.11445838e+07  4.80648275e+01 
 1.12736493e+07 -2.47198264e+01  1.12736493e+07  4.68050106e+01 
 1.14042096e+07 -2.49162152e+01  1.14042096e+07  4.55482222e+01 
 1.15362818e+07 -2.51132556e+01  1.15362818e+07  4.42944794e+01 
 1.16698836e+07 -2.53109437e+01  1.16698836e+07  4.30437965e+01 
 1.18050326e+07 -2.55092755e+01  1.18050326e+07  4.17961848e+01 
 1.19417468e+07 -2.57082471e+01  1.19417468e+07  4.05516530e+01 
 1.20800443e+07 -2.59078542e+01  1.20800443e+07  3.93102068e+01 
 1.22199434e+07 -2.61080929e+01  1.22199434e+07  3.80718494e+01 
 1.23614627e+07 -2.63089590e+01  1.23614627e+07  3.68365811e+01 
 1.25046209e+07 -2.65104483e+01  1.25046209e+07  3.56043999e+01 
 1.26494370e+07 -2.67125567e+01  1.26494370e+07  3.43753009e+01 
 1.27959303e+07 -2.69152801e+01  1.27959303e+07  3.31492769e+01 
 1.29441200e+07 -2.71186145e+01  1.29441200e+07  3.19263182e+01 
 1.30940260e+07 -2.73225558e+01  1.30940260e+07  3.07064129e+01 
 1.32456680e+07 -2.75271001e+01  1.32456680e+07  2.94895466e+01 
 1.33990662e+07 -2.77322435e+01  1.33990662e+07  2.82757028e+01 
 1.35542409e+07 -2.79379821e+01  1.35542409e+07  2.70648630e+01 
 1.37112127e+07 -2.81443124e+01  1.37112127e+07  2.58570066e+01 
 1.38700024e+07 -2.83512307e+01  1.38700024e+07  2.46521110e+01 
 1.40306310e+07 -2.85587334e+01  1.40306310e+07  2.34501520e+01 
 1.41931199e+07 -2.87668174e+01  1.41931199e+07  2.22511034e+01 
 1.43574905e+07 -2.89754792e+01  1.43574905e+07  2.10549375e+01 
 1.45237648e+07 -2.91847159e+01  1.45237648e+07  1.98616251e+01 
 1.46919646e+07 -2.93945244e+01  1.46919646e+07  1.86711354e+01 
 1.48621124e+07 -2.96049019e+01  1.48621124e+07  1.74834366e+01 
 1.50342306e+07 -2.98158459e+01  1.50342306e+07  1.62984954e+01 
 1.52083422e+07 -3.00273537e+01  1.52083422e+07  1.51162774e+01 
 1.53844701e+07 -3.02394231e+01  1.53844701e+07  1.39367474e+01 
 1.55626378e+07 -3.04520519e+01  1.55626378e+07  1.27598690e+01 
 1.57428689e+07 -3.06652381e+01  1.57428689e+07  1.15856052e+01 
 1.59251872e+07 -3.08789798e+01  1.59251872e+07  1.04139183e+01 
 1.61096169e+07 -3.10932753e+01  1.61096169e+07  9.24476994e+00 
 1.62961825e+07 -3.13081233e+01  1.62961825e+07  8.07812142e+00 
 1.64849088e+07 -3.15235223e+01  1.64849088e+07  6.91393356e+00 
 1.66758206e+07 -3.17394713e+01  1.66758206e+07  5.75216696e+00 
 1.68689435e+07 -3.19559692e+01  1.68689435e+07  4.59278206e+00 
 1.70643029e+07 -3.21730153e+01  1.70643029e+07  3.43573928e+00 
 1.72619247e+07 -3.23906088e+01  1.72619247e+07  2.28099906e+00 
 1.74618352e+07 -3.26087495e+01  1.74618352e+07  1.12852205e+00 
 1.76640609e+07 -3.28274369e+01  1.76640609e+07 -2.17308834e-02 
 1.78686285e+07 -3.30466710e+01  1.78686285e+07 -1.16979847e+00 
 1.80755653e+07 -3.32664517e+01  1.80755653e+07 -2.31571898e+00 
 1.82848985e+07 -3.34867793e+01  1.82848985e+07 -3.45953013e+00 
 1.84966561e+07 -3.37076541e+01  1.84966561e+07 -4.60126896e+00 
 1.87108661e+07 -3.39290766e+01  1.87108661e+07 -5.74097173e+00 
 1.89275568e+07 -3.41510474e+01  1.89275568e+07 -6.87867388e+00 
 1.91467570e+07 -3.43735673e+01  1.91467570e+07 -8.01440987e+00 
 1.93684957e+07 -3.45966372e+01  1.93684957e+07 -9.14821312e+00 
 1.95928024e+07 -3.48202582e+01  1.95928024e+07 -1.02801159e+01 
 1.98197069e+07 -3.50444314e+01  1.98197069e+07 -1.14101494e+01 
 2.00492391e+07 -3.52691581e+01  2.00492391e+07 -1.25383432e+01 
 2.02814295e+07 -3.54944396e+01  2.02814295e+07 -1.36647258e+01 
 2.05163089e+07 -3.57202776e+01  2.05163089e+07 -1.47893241e+01 
 2.07539085e+07 -3.59466734e+01  2.07539085e+07 -1.59121633e+01 
 2.09942597e+07 -3.61736289e+01  2.09942597e+07 -1.70332672e+01 
 2.12373944e+07 -3.64011457e+01  2.12373944e+07 -1.81526578e+01 
 2.14833448e+07 -3.66292257e+01  2.14833448e+07 -1.92703552e+01 
 2.17321436e+07 -3.68578708e+01  2.17321436e+07 -2.03863778e+01 
 2.19838238e+07 -3.70870830e+01  2.19838238e+07 -2.15007420e+01 
 2.22384186e+07 -3.73168642e+01  2.22384186e+07 -2.26134621e+01 
 2.24959620e+07 -3.75472164e+01  2.24959620e+07 -2.37245505e+01 
 2.27564879e+07 -3.77781418e+01  2.27564879e+07 -2.48340173e+01 
 2.30200310e+07 -3.80096423e+01  2.30200310e+07 -2.59418705e+01 
 2.32866262e+07 -3.82417202e+01  2.32866262e+07 -2.70481159e+01 
 2.35563088e+07 -3.84743775e+01  2.35563088e+07 -2.81527568e+01 
 2.38291146e+07 -3.87076163e+01  2.38291146e+07 -2.92557943e+01 
 2.41050798e+07 -3.89414388e+01  2.41050798e+07 -3.03572268e+01 
 2.43842409e+07 -3.91758468e+01  2.43842409e+07 -3.14570507e+01 
 2.46666350e+07 -3.94108426e+01  2.46666350e+07 -3.25552593e+01 
 2.49522996e+07 -3.96464279e+01  2.49522996e+07 -3.36518438e+01 
 2.52412724e+07 -3.98826048e+01  2.52412724e+07 -3.47467925e+01 
 2.55335918e+07 -4.01193752e+01  2.55335918e+07 -3.58400911e+01 
 2.58292965e+07 -4.03567407e+01  2.58292965e+07 -3.69317226e+01 
 2.61284258e+07 -4.05947031e+01  2.61284258e+07 -3.80216674e+01 
 2.64310194e+07 -4.08332639e+01  2.64310194e+07 -3.91099029e+01 
 2.67371172e+07 -4.10724247e+01  2.67371172e+07 -4.01964037e+01 
 2.70467600e+07 -4.13121868e+01  2.70467600e+07 -4.12811419e+01 
 2.73599888e+07 -4.15525514e+01  2.73599888e+07 -4.23640863e+01 
 2.76768451e+07 -4.17935197e+01  2.76768451e+07 -4.34452031e+01 
 2.79973709e+07 -4.20350925e+01  2.79973709e+07 -4.45244555e+01 
 2.83216087e+07 -4.22772706e+01  2.83216087e+07 -4.56018038e+01 
 2.86496015e+07 -4.25200547e+01  2.86496015e+07 -4.66772053e+01 
 2.89813928e+07 -4.27634452e+01  2.89813928e+07 -4.77506146e+01 
 2.93170265e+07 -4.30074422e+01  2.93170265e+07 -4.88219830e+01 
 2.96565473e+07 -4.32520458e+01  2.96565473e+07 -4.98912590e+01 
 3.00000000e+07 -4.34972559e+01  3.00000000e+07 -5.09583882e+01 
