 2.00000000e-01 -5.53302057e+00  2.00000000e-01  6.78862132e+01 
 2.02316202e-01 -5.44732115e+00  2.02316202e-01  6.76551796e+01 
 2.04659228e-01 -5.36190651e+00  2.04659228e-01  6.74222469e+01 
 2.07029388e-01 -5.27678133e+00  2.07029388e-01  6.71874153e+01 
 2.09426997e-01 -5.19195034e+00  2.09426997e-01  6.69506850e+01 
 2.11852373e-01 -5.10741829e+00  2.11852373e-01  6.67120570e+01 
 2.14305837e-01 -5.02318997e+00  2.14305837e-01  6.64715328e+01 
 2.16787715e-01 -4.93927020e+00  2.16787715e-01  6.62291145e+01 
 2.19298335e-01 -4.85566385e+00  2.19298335e-01  6.59848046e+01 
 2.21838031e-01 -4.77237580e+00  2.21838031e-01  6.57386062e+01 
 2.24407140e-01 -4.68941096e+00  2.24407140e-01  6.54905230e+01 
 2.27006001e-01 -4.60677427e+00  2.27006001e-01  6.52405595e+01 
 2.29634959e-01 -4.52447072e+00  2.29634959e-01  6.49887205e+01 
 2.32294364e-01 -4.44250528e+00  2.32294364e-01  6.47350115e+01 
 2.34984567e-01 -4.36088297e+00  2.34984567e-01  6.44794387e+01 
 2.37705925e-01 -4.27960882e+00  2.37705925e-01  6.42220090e+01 
 2.40458800e-01 -4.19868789e+00  2.40458800e-01  6.39627297e+01 
 2.43243555e-01 -4.11812523e+00  2.43243555e-01  6.37016089e+01 
 2.46060561e-01 -4.03792592e+00  2.46060561e-01  6.34386555e+01 
 2.48910190e-01 -3.95809505e+00  2.48910190e-01  6.31738788e+01 
 2.51792821e-01 -3.87863772e+00  2.51792821e-01  6.29072890e+01 
 2.54708836e-01 -3.79955903e+00  2.54708836e-01  6.26388969e+01 
 2.57658622e-01 -3.72086407e+00  2.57658622e-01  6.23687141e+01 
 2.60642568e-01 -3.64255795e+00  2.60642568e-01  6.20967528e+01 
 2.63661072e-01 -3.56464578e+00  2.63661072e-01  6.18230260e+01 
 2.66714534e-01 -3.48713264e+00  2.66714534e-01  6.15475473e+01 
 2.69803357e-01 -3.41002363e+00  2.69803357e-01  6.12703312e+01 
 2.72927952e-01 -3.33332381e+00  2.72927952e-01  6.09913928e+01 
 2.76088733e-01 -3.25703826e+00  2.76088733e-01  6.07107481e+01 
 2.79286119e-01 -3.18117201e+00  2.79286119e-01  6.04284136e+01 
 2.82520534e-01 -3.10573008e+00  2.82520534e-01  6.01444069e+01 
 2.85792407e-01 -3.03071748e+00  2.85792407e-01  5.98587460e+01 
 2.89102171e-01 -2.95613918e+00  2.89102171e-01  5.95714500e+01 
 2.92450266e-01 -2.88200012e+00  2.92450266e-01  5.92825385e+01 
 2.95837135e-01 -2.80830521e+00  2.95837135e-01  5.89920320e+01 
 2.99263228e-01 -2.73505932e+00  2.99263228e-01  5.86999516e+01 
 3.02728998e-01 -2.66226728e+00  3.02728998e-01  5.84063195e+01 
 3.06234905e-01 -2.58993387e+00  3.06234905e-01  5.81111584e+01 
 3.09781414e-01 -2.51806385e+00  3.09781414e-01  5.78144917e+01 
 3.13368996e-01 -2.44666189e+00  3.13368996e-01  5.75163439e+01 
 3.16998125e-01 -2.37573263e+00  3.16998125e-01  5.72167399e+01 
 3.20669283e-01 -2.30528065e+00  3.20669283e-01  5.69157055e+01 
 3.24382957e-01 -2.23531046e+00  3.24382957e-01  5.66132674e+01 
 3.28139639e-01 -2.16582651e+00  3.28139639e-01  5.63094529e+01 
 3.31939827e-01 -2.09683318e+00  3.31939827e-01  5.60042900e+01 
 3.35784025e-01 -2.02833478e+00  3.35784025e-01  5.56978074e+01 
 3.39672743e-01 -1.96033555e+00  3.39672743e-01  5.53900348e+01 
 3.43606496e-01 -1.89283963e+00  3.43606496e-01  5.50810023e+01 
 3.47585805e-01 -1.82585110e+00  3.47585805e-01  5.47707410e+01 
 3.51611200e-01 -1.75937394e+00  3.51611200e-01  5.44592824e+01 
 3.55683212e-01 -1.69341204e+00  3.55683212e-01  5.41466589e+01 
 3.59802383e-01 -1.62796920e+00  3.59802383e-01  5.38329035e+01 
 3.63969257e-01 -1.56304913e+00  3.63969257e-01  5.35180498e+01 
 3.68184388e-01 -1.49865543e+00  3.68184388e-01  5.32021323e+01 
 3.72448335e-01 -1.43479159e+00  3.72448335e-01  5.28851857e+01 
 3.76761663e-01 -1.37146101e+00  3.76761663e-01  5.25672458e+01 
 3.81124943e-01 -1.30866697e+00  3.81124943e-01  5.22483486e+01 
 3.85538754e-01 -1.24641263e+00  3.85538754e-01  5.19285310e+01 
 3.90003682e-01 -1.18470106e+00  3.90003682e-01  5.16078301e+01 
 3.94520318e-01 -1.12353518e+00  3.94520318e-01  5.12862839e+01 
 3.99089261e-01 -1.06291781e+00  3.99089261e-01  5.09639308e+01 
 4.03711118e-01 -1.00285163e+00  4.03711118e-01  5.06408097e+01 
 4.08386500e-01 -9.43339203e-01  4.08386500e-01  5.03169598e+01 
 4.13116027e-01 -8.84382956e-01  4.13116027e-01  4.99924212e+01 
 4.17900328e-01 -8.25985187e-01  4.17900328e-01  4.96672339e+01 
 4.22740035e-01 -7.68148057e-01  4.22740035e-01  4.93414387e+01 
 4.27635791e-01 -7.10873592e-01  4.27635791e-01  4.90150768e+01 
 4.32588245e-01 -6.54163679e-01  4.32588245e-01  4.86881894e+01 
 4.37598053e-01 -5.98020062e-01  4.37598053e-01  4.83608184e+01 
 4.42665880e-01 -5.42444344e-01  4.42665880e-01  4.80330059e+01 
 4.47792398e-01 -4.87437984e-01  4.47792398e-01  4.77047943e+01 
 4.52978286e-01 -4.33002293e-01  4.52978286e-01  4.73762262e+01 
 4.58224231e-01 -3.79138437e-01  4.58224231e-01  4.70473445e+01 
 4.63530930e-01 -3.25847433e-01  4.63530930e-01  4.67181923e+01 
 4.68899086e-01 -2.73130147e-01  4.68899086e-01  4.63888127e+01 
 4.74329410e-01 -2.20987296e-01  4.74329410e-01  4.60592493e+01 
 4.79822623e-01 -1.69419445e-01  4.79822623e-01  4.57295456e+01 
 4.85379453e-01 -1.18427008e-01  4.85379453e-01  4.53997452e+01 
 4.91000637e-01 -6.80102462e-02  4.91000637e-01  4.50698917e+01 
 4.96686920e-01 -1.81692681e-02  4.96686920e-01  4.47400290e+01 
 5.02439056e-01  3.10959701e-02  5.02439056e-01  4.44102007e+01 
 5.08257807e-01  7.97856650e-02  5.08257807e-01  4.40804505e+01 
 5.14143945e-01  1.27900165e-01  5.14143945e-01  4.37508221e+01 
 5.20098251e-01  1.75439972e-01  5.20098251e-01  4.34213591e+01 
 5.26121513e-01  2.22405738e-01  5.26121513e-01  4.30921049e+01 
 5.32214531e-01  2.68798267e-01  5.32214531e-01  4.27631029e+01 
 5.38378112e-01  3.14618511e-01  5.38378112e-01  4.24343962e+01 
 5.44613074e-01  3.59867572e-01  5.44613074e-01  4.21060278e+01 
 5.50920243e-01  4.04546701e-01  5.50920243e-01  4.17780405e+01 
 5.57300455e-01  4.48657295e-01  5.57300455e-01  4.14504766e+01 
 5.63754556e-01  4.92200894e-01  5.63754556e-01  4.11233785e+01 
 5.70283403e-01  5.35179183e-01  5.70283403e-01  4.07967881e+01 
 5.76887860e-01  5.77593990e-01  5.76887860e-01  4.04707469e+01 
 5.83568804e-01  6.19447281e-01  5.83568804e-01  4.01452962e+01 
 5.90327119e-01  6.60741160e-01  5.90327119e-01  3.98204768e+01 
 5.97163703e-01  7.01477867e-01  5.97163703e-01  3.94963292e+01 
 6.04079461e-01  7.41659775e-01  6.04079461e-01  3.91728933e+01 
 6.11075310e-01  7.81289388e-01  6.11075310e-01  3.88502089e+01 
 6.18152179e-01  8.20369341e-01  6.18152179e-01  3.85283149e+01 
 6.25311005e-01  8.58902390e-01  6.25311005e-01  3.82072500e+01 
 6.32552737e-01  8.96891419e-01  6.32552737e-01  3.78870522e+01 
 6.39878336e-01  9.34339429e-01  6.39878336e-01  3.75677591e+01 
 6.47288773e-01  9.71249540e-01  6.47288773e-01  3.72494077e+01 
 6.54785030e-01  1.00762499e+00  6.54785030e-01  3.69320343e+01 
 6.62368101e-01  1.04346911e+00  6.62368101e-01  3.66156749e+01 
 6.70038992e-01  1.07878538e+00  6.70038992e-01  3.63003646e+01 
 6.77798719e-01  1.11357733e+00  6.77798719e-01  3.59861381e+01 
 6.85648312e-01  1.14784864e+00  6.85648312e-01  3.56730292e+01 
 6.93588812e-01  1.18160307e+00  6.93588812e-01  3.53610712e+01 
 7.01621270e-01  1.21484446e+00  7.01621270e-01  3.50502969e+01 
 7.09746752e-01  1.24757676e+00  7.09746752e-01  3.47407380e+01 
 7.17966335e-01  1.27980401e+00  7.17966335e-01  3.44324259e+01 
 7.26281110e-01  1.31153033e+00  7.26281110e-01  3.41253911e+01 
 7.34692178e-01  1.34275990e+00  7.34692178e-01  3.38196634e+01 
 7.43200655e-01  1.37349702e+00  7.43200655e-01  3.35152719e+01 
 7.51807668e-01  1.40374603e+00  7.51807668e-01  3.32122451e+01 
 7.60514359e-01  1.43351135e+00  7.60514359e-01  3.29106104e+01 
 7.69321883e-01  1.46279747e+00  7.69321883e-01  3.26103949e+01 
 7.78231406e-01  1.49160893e+00  7.78231406e-01  3.23116246e+01 
 7.87244111e-01  1.51995036e+00  7.87244111e-01  3.20143250e+01 
 7.96361192e-01  1.54782641e+00  7.96361192e-01  3.17185206e+01 
 8.05583858e-01  1.57524181e+00  8.05583858e-01  3.14242353e+01 
 8.14913332e-01  1.60220132e+00  8.14913332e-01  3.11314922e+01 
 8.24350851e-01  1.62870975e+00  8.24350851e-01  3.08403136e+01 
 8.33897665e-01  1.65477196e+00  8.33897665e-01  3.05507211e+01 
 8.43555041e-01  1.68039285e+00  8.43555041e-01  3.02627354e+01 
 8.53324260e-01  1.70557733e+00  8.53324260e-01  2.99763766e+01 
 8.63206616e-01  1.73033038e+00  8.63206616e-01  2.96916640e+01 
 8.73203419e-01  1.75465697e+00  8.73203419e-01  2.94086160e+01 
 8.83315996e-01  1.77856213e+00  8.83315996e-01  2.91272503e+01 
 8.93545686e-01  1.80205088e+00  8.93545686e-01  2.88475840e+01 
 9.03893847e-01  1.82512829e+00  9.03893847e-01  2.85696333e+01 
 9.14361849e-01  1.84779941e+00  9.14361849e-01  2.82934136e+01 
 9.24951082e-01  1.87006934e+00  9.24951082e-01  2.80189397e+01 
 9.35662949e-01  1.89194316e+00  9.35662949e-01  2.77462255e+01 
 9.46498870e-01  1.91342597e+00  9.46498870e-01  2.74752844e+01 
 9.57460281e-01  1.93452288e+00  9.57460281e-01  2.72061290e+01 
 9.68548637e-01  1.95523899e+00  9.68548637e-01  2.69387709e+01 
 9.79765408e-01  1.97557940e+00  9.79765408e-01  2.66732214e+01 
 9.91112080e-01  1.99554921e+00  9.91112080e-01  2.64094909e+01 
 1.00259016e+00  2.01515351e+00  1.00259016e+00  2.61475891e+01 
 1.01420116e+00  2.03439737e+00  1.01420116e+00  2.58875251e+01 
 1.02594664e+00  2.05328588e+00  1.02594664e+00  2.56293072e+01 
 1.03782813e+00  2.07182408e+00  1.03782813e+00  2.53729432e+01 
 1.04984723e+00  2.09001702e+00  1.04984723e+00  2.51184401e+01 
 1.06200552e+00  2.10786972e+00  1.06200552e+00  2.48658045e+01 
 1.07430462e+00  2.12538718e+00  1.07430462e+00  2.46150420e+01 
 1.08674615e+00  2.14257437e+00  1.08674615e+00  2.43661578e+01 
 1.09933176e+00  2.15943625e+00  1.09933176e+00  2.41191566e+01 
 1.11206313e+00  2.17597775e+00  1.11206313e+00  2.38740423e+01 
 1.12494195e+00  2.19220377e+00  1.12494195e+00  2.36308183e+01 
 1.13796991e+00  2.20811918e+00  1.13796991e+00  2.33894874e+01 
 1.15114875e+00  2.22372881e+00  1.15114875e+00  2.31500518e+01 
 1.16448021e+00  2.23903747e+00  1.16448021e+00  2.29125133e+01 
 1.17796607e+00  2.25404993e+00  1.17796607e+00  2.26768731e+01 
 1.19160810e+00  2.26877093e+00  1.19160810e+00  2.24431317e+01 
 1.20540813e+00  2.28320517e+00  1.20540813e+00  2.22112894e+01 
 1.21936797e+00  2.29735730e+00  1.21936797e+00  2.19813457e+01 
 1.23348948e+00  2.31123194e+00  1.23348948e+00  2.17532998e+01 
 1.24777453e+00  2.32483367e+00  1.24777453e+00  2.15271504e+01 
 1.26222502e+00  2.33816703e+00  1.26222502e+00  2.13028956e+01 
 1.27684286e+00  2.35123652e+00  1.27684286e+00  2.10805332e+01 
 1.29162999e+00  2.36404658e+00  1.29162999e+00  2.08600605e+01 
 1.30658837e+00  2.37660161e+00  1.30658837e+00  2.06414745e+01 
 1.32171998e+00  2.38890599e+00  1.32171998e+00  2.04247715e+01 
 1.33702683e+00  2.40096403e+00  1.33702683e+00  2.02099477e+01 
 1.35251095e+00  2.41277998e+00  1.35251095e+00  1.99969987e+01 
 1.36817439e+00  2.42435808e+00  1.36817439e+00  1.97859198e+01 
 1.38401923e+00  2.43570249e+00  1.38401923e+00  1.95767060e+01 
 1.40004757e+00  2.44681734e+00  1.40004757e+00  1.93693518e+01 
 1.41626153e+00  2.45770671e+00  1.41626153e+00  1.91638514e+01 
 1.43266327e+00  2.46837461e+00  1.43266327e+00  1.89601989e+01 
 1.44925496e+00  2.47882503e+00  1.44925496e+00  1.87583877e+01 
 1.46603879e+00  2.48906189e+00  1.46603879e+00  1.85584111e+01 
 1.48301700e+00  2.49908906e+00  1.48301700e+00  1.83602622e+01 
 1.50019183e+00  2.50891038e+00  1.50019183e+00  1.81639335e+01 
 1.51756557e+00  2.51852961e+00  1.51756557e+00  1.79694175e+01 
 1.53514051e+00  2.52795048e+00  1.53514051e+00  1.77767064e+01 
 1.55291899e+00  2.53717666e+00  1.55291899e+00  1.75857920e+01 
 1.57090335e+00  2.54621178e+00  1.57090335e+00  1.73966660e+01 
 1.58909600e+00  2.55505940e+00  1.58909600e+00  1.72093198e+01 
 1.60749933e+00  2.56372305e+00  1.60749933e+00  1.70237446e+01 
 1.62611580e+00  2.57220620e+00  1.62611580e+00  1.68399313e+01 
 1.64494786e+00  2.58051225e+00  1.64494786e+00  1.66578708e+01 
 1.66399802e+00  2.58864459e+00  1.66399802e+00  1.64775535e+01 
 1.68326879e+00  2.59660654e+00  1.68326879e+00  1.62989699e+01 
 1.70276274e+00  2.60440134e+00  1.70276274e+00  1.61221102e+01 
 1.72248245e+00  2.61203224e+00  1.72248245e+00  1.59469643e+01 
 1.74243054e+00  2.61950238e+00  1.74243054e+00  1.57735223e+01 
 1.76260964e+00  2.62681490e+00  1.76260964e+00  1.56017737e+01 
 1.78302244e+00  2.63397286e+00  1.78302244e+00  1.54317082e+01 
 1.80367164e+00  2.64097928e+00  1.80367164e+00  1.52633152e+01 
 1.82455997e+00  2.64783712e+00  1.82455997e+00  1.50965840e+01 
 1.84569022e+00  2.65454933e+00  1.84569022e+00  1.49315038e+01 
 1.86706517e+00  2.66111876e+00  1.86706517e+00  1.47680637e+01 
 1.88868767e+00  2.66754825e+00  1.88868767e+00  1.46062527e+01 
 1.91056058e+00  2.67384057e+00  1.91056058e+00  1.44460595e+01 
 1.93268680e+00  2.67999847e+00  1.93268680e+00  1.42874731e+01 
 1.95506926e+00  2.68602462e+00  1.95506926e+00  1.41304820e+01 
 1.97771094e+00  2.69192168e+00  1.97771094e+00  1.39750750e+01 
 2.00061483e+00  2.69769223e+00  2.00061483e+00  1.38212405e+01 
 2.02378396e+00  2.70333882e+00  2.02378396e+00  1.36689671e+01 
 2.04722142e+00  2.70886397e+00  2.04722142e+00  1.35182431e+01 
 2.07093031e+00  2.71427013e+00  2.07093031e+00  1.33690569e+01 
 2.09491378e+00  2.71955973e+00  2.09491378e+00  1.32213968e+01 
 2.11917499e+00  2.72473513e+00  2.11917499e+00  1.30752510e+01 
 2.14371718e+00  2.72979868e+00  2.14371718e+00  1.29306079e+01 
 2.16854358e+00  2.73475267e+00  2.16854358e+00  1.27874556e+01 
 2.19365751e+00  2.73959934e+00  2.19365751e+00  1.26457823e+01 
 2.21906227e+00  2.74434090e+00  2.21906227e+00  1.25055761e+01 
 2.24476125e+00  2.74897952e+00  2.24476125e+00  1.23668252e+01 
 2.27075785e+00  2.75351734e+00  2.27075785e+00  1.22295176e+01 
 2.29705552e+00  2.75795643e+00  2.29705552e+00  1.20936415e+01 
 2.32365774e+00  2.76229885e+00  2.32365774e+00  1.19591850e+01 
 2.35056804e+00  2.76654661e+00  2.35056804e+00  1.18261361e+01 
 2.37778999e+00  2.77070169e+00  2.37778999e+00  1.16944830e+01 
 2.40532720e+00  2.77476601e+00  2.40532720e+00  1.15642137e+01 
 2.43318331e+00  2.77874149e+00  2.43318331e+00  1.14353164e+01 
 2.46136203e+00  2.78262998e+00  2.46136203e+00  1.13077793e+01 
 2.48986709e+00  2.78643331e+00  2.48986709e+00  1.11815904e+01 
 2.51870226e+00  2.79015328e+00  2.51870226e+00  1.10567379e+01 
 2.54787137e+00  2.79379164e+00  2.54787137e+00  1.09332101e+01 
 2.57737829e+00  2.79735012e+00  2.57737829e+00  1.08109950e+01 
 2.60722693e+00  2.80083040e+00  2.60722693e+00  1.06900811e+01 
 2.63742125e+00  2.80423415e+00  2.63742125e+00  1.05704565e+01 
 2.66796525e+00  2.80756299e+00  2.66796525e+00  1.04521095e+01 
 2.69886298e+00  2.81081852e+00  2.69886298e+00  1.03350286e+01 
 2.73011854e+00  2.81400229e+00  2.73011854e+00  1.02192020e+01 
 2.76173606e+00  2.81711583e+00  2.76173606e+00  1.01046183e+01 
 2.79371975e+00  2.82016065e+00  2.79371975e+00  9.99126591e+00 
 2.82607385e+00  2.82313822e+00  2.82607385e+00  9.87913331e+00 
 2.85880263e+00  2.82604997e+00  2.85880263e+00  9.76820910e+00 
 2.89191045e+00  2.82889732e+00  2.89191045e+00  9.65848190e+00 
 2.92540169e+00  2.83168166e+00  2.92540169e+00  9.54994038e+00 
 2.95928080e+00  2.83440433e+00  2.95928080e+00  9.44257327e+00 
 2.99355225e+00  2.83706667e+00  2.99355225e+00  9.33636934e+00 
 3.02822061e+00  2.83966998e+00  3.02822061e+00  9.23131743e+00 
 3.06329046e+00  2.84221553e+00  3.06329046e+00  9.12740644e+00 
 3.09876645e+00  2.84470457e+00  3.09876645e+00  9.02462533e+00 
 3.13465329e+00  2.84713832e+00  3.13465329e+00  8.92296311e+00 
 3.17095574e+00  2.84951799e+00  3.17095574e+00  8.82240887e+00 
 3.20767861e+00  2.85184474e+00  3.20767861e+00  8.72295175e+00 
 3.24482676e+00  2.85411973e+00  3.24482676e+00  8.62458096e+00 
 3.28240513e+00  2.85634407e+00  3.28240513e+00  8.52728578e+00 
 3.32041869e+00  2.85851888e+00  3.32041869e+00  8.43105556e+00 
 3.35887249e+00  2.86064523e+00  3.35887249e+00  8.33587970e+00 
 3.39777162e+00  2.86272418e+00  3.39777162e+00  8.24174769e+00 
 3.43712125e+00  2.86475677e+00  3.43712125e+00  8.14864908e+00 
 3.47692658e+00  2.86674399e+00  3.47692658e+00  8.05657350e+00 
 3.51719290e+00  2.86868686e+00  3.51719290e+00  7.96551063e+00 
 3.55792554e+00  2.87058634e+00  3.55792554e+00  7.87545024e+00 
 3.59912991e+00  2.87244337e+00  3.59912991e+00  7.78638218e+00 
 3.64081146e+00  2.87425890e+00  3.64081146e+00  7.69829635e+00 
 3.68297573e+00  2.87603383e+00  3.68297573e+00  7.61118274e+00 
 3.72562831e+00  2.87776905e+00  3.72562831e+00  7.52503142e+00 
 3.76877484e+00  2.87946544e+00  3.76877484e+00  7.43983251e+00 
 3.81242106e+00  2.88112385e+00  3.81242106e+00  7.35557623e+00 
 3.85657274e+00  2.88274511e+00  3.85657274e+00  7.27225287e+00 
 3.90123574e+00  2.88433005e+00  3.90123574e+00  7.18985278e+00 
 3.94641599e+00  2.88587947e+00  3.94641599e+00  7.10836641e+00 
 3.99211947e+00  2.88739415e+00  3.99211947e+00  7.02778427e+00 
 4.03835224e+00  2.88887486e+00  4.03835224e+00  6.94809695e+00 
 4.08512043e+00  2.89032235e+00  4.08512043e+00  6.86929511e+00 
 4.13243025e+00  2.89173734e+00  4.13243025e+00  6.79136951e+00 
 4.18028796e+00  2.89312058e+00  4.18028796e+00  6.71431096e+00 
 4.22869991e+00  2.89447274e+00  4.22869991e+00  6.63811037e+00 
 4.27767252e+00  2.89579453e+00  4.27767252e+00  6.56275870e+00 
 4.32721228e+00  2.89708662e+00  4.32721228e+00  6.48824700e+00 
 4.37732577e+00  2.89834966e+00  4.37732577e+00  6.41456642e+00 
 4.42801962e+00  2.89958431e+00  4.42801962e+00  6.34170814e+00 
 4.47930055e+00  2.90079119e+00  4.47930055e+00  6.26966346e+00 
 4.53117537e+00  2.90197091e+00  4.53117537e+00  6.19842373e+00 
 4.58365095e+00  2.90312409e+00  4.58365095e+00  6.12798040e+00 
 4.63673425e+00  2.90425131e+00  4.63673425e+00  6.05832496e+00 
 4.69043232e+00  2.90535315e+00  4.69043232e+00  5.98944901e+00 
 4.74475225e+00  2.90643018e+00  4.74475225e+00  5.92134421e+00 
 4.79970127e+00  2.90748295e+00  4.79970127e+00  5.85400231e+00 
 4.85528665e+00  2.90851199e+00  4.85528665e+00  5.78741512e+00 
 4.91151577e+00  2.90951785e+00  4.91151577e+00  5.72157452e+00 
 4.96839608e+00  2.91050103e+00  4.96839608e+00  5.65647249e+00 
 5.02593512e+00  2.91146204e+00  5.02593512e+00  5.59210106e+00 
 5.08414052e+00  2.91240138e+00  5.08414052e+00  5.52845236e+00 
 5.14302000e+00  2.91331954e+00  5.14302000e+00  5.46551856e+00 
 5.20258136e+00  2.91421697e+00  5.20258136e+00  5.40329193e+00 
 5.26283250e+00  2.91509416e+00  5.26283250e+00  5.34176482e+00 
 5.32378141e+00  2.91595155e+00  5.32378141e+00  5.28092962e+00 
 5.38543617e+00  2.91678958e+00  5.38543617e+00  5.22077883e+00 
 5.44780495e+00  2.91760869e+00  5.44780495e+00  5.16130499e+00 
 5.51089603e+00  2.91840930e+00  5.51089603e+00  5.10250073e+00 
 5.57471776e+00  2.91919183e+00  5.57471776e+00  5.04435876e+00 
 5.63927862e+00  2.91995668e+00  5.63927862e+00  4.98687184e+00 
 5.70458716e+00  2.92070425e+00  5.70458716e+00  4.93003281e+00 
 5.77065203e+00  2.92143493e+00  5.77065203e+00  4.87383459e+00 
 5.83748200e+00  2.92214908e+00  5.83748200e+00  4.81827015e+00 
 5.90508593e+00  2.92284710e+00  5.90508593e+00  4.76333254e+00 
 5.97347279e+00  2.92352933e+00  5.97347279e+00  4.70901490e+00 
 6.04265163e+00  2.92419613e+00  6.04265163e+00  4.65531039e+00 
 6.11263163e+00  2.92484786e+00  6.11263163e+00  4.60221229e+00 
 6.18342207e+00  2.92548484e+00  6.18342207e+00  4.54971392e+00 
 6.25503234e+00  2.92610741e+00  6.25503234e+00  4.49780866e+00 
 6.32747192e+00  2.92671589e+00  6.32747192e+00  4.44648998e+00 
 6.40075043e+00  2.92731060e+00  6.40075043e+00  4.39575140e+00 
 6.47487758e+00  2.92789185e+00  6.47487758e+00  4.34558651e+00 
 6.54986319e+00  2.92845995e+00  6.54986319e+00  4.29598897e+00 
 6.62571722e+00  2.92901518e+00  6.62571722e+00  4.24695250e+00 
 6.70244971e+00  2.92955785e+00  6.70244971e+00  4.19847088e+00 
 6.78007084e+00  2.93008822e+00  6.78007084e+00  4.15053797e+00 
 6.85859090e+00  2.93060659e+00  6.85859090e+00  4.10314768e+00 
 6.93802030e+00  2.93111321e+00  6.93802030e+00  4.05629399e+00 
 7.01836957e+00  2.93160835e+00  7.01836957e+00  4.00997092e+00 
 7.09964937e+00  2.93209228e+00  7.09964937e+00  3.96417258e+00 
 7.18187048e+00  2.93256525e+00  7.18187048e+00  3.91889314e+00 
 7.26504378e+00  2.93302749e+00  7.26504378e+00  3.87412682e+00 
 7.34918032e+00  2.93347926e+00  7.34918032e+00  3.82986790e+00 
 7.43429124e+00  2.93392080e+00  7.43429124e+00  3.78611072e+00 
 7.52038784e+00  2.93435232e+00  7.52038784e+00  3.74284968e+00 
 7.60748151e+00  2.93477406e+00  7.60748151e+00  3.70007925e+00 
 7.69558382e+00  2.93518624e+00  7.69558382e+00  3.65779394e+00 
 7.78470645e+00  2.93558908e+00  7.78470645e+00  3.61598834e+00 
 7.87486120e+00  2.93598278e+00  7.87486120e+00  3.57465708e+00 
 7.96606004e+00  2.93636755e+00  7.96606004e+00  3.53379485e+00 
 8.05831505e+00  2.93674360e+00  8.05831505e+00  3.49339639e+00 
 8.15163847e+00  2.93711111e+00  8.15163847e+00  3.45345652e+00 
 8.24604267e+00  2.93747029e+00  8.24604267e+00  3.41397010e+00 
 8.34154016e+00  2.93782133e+00  8.34154016e+00  3.37493203e+00 
 8.43814361e+00  2.93816439e+00  8.43814361e+00  3.33633728e+00 
 8.53586583e+00  2.93849968e+00  8.53586583e+00  3.29818088e+00 
 8.63471977e+00  2.93882736e+00  8.63471977e+00  3.26045791e+00 
 8.73471853e+00  2.93914760e+00  8.73471853e+00  3.22316350e+00 
 8.83587539e+00  2.93946057e+00  8.83587539e+00  3.18629282e+00 
 8.93820374e+00  2.93976645e+00  8.93820374e+00  3.14984110e+00 
 9.04171716e+00  2.94006538e+00  9.04171716e+00  3.11380364e+00 
 9.14642936e+00  2.94035752e+00  9.14642936e+00  3.07817578e+00 
 9.25235424e+00  2.94064303e+00  9.25235424e+00  3.04295288e+00 
 9.35950584e+00  2.94092207e+00  9.35950584e+00  3.00813040e+00 
 9.46789836e+00  2.94119476e+00  9.46789836e+00  2.97370382e+00 
 9.57754617e+00  2.94146127e+00  9.57754617e+00  2.93966867e+00 
 9.68846382e+00  2.94172173e+00  9.68846382e+00  2.90602054e+00 
 9.80066601e+00  2.94197627e+00  9.80066601e+00  2.87275505e+00 
 9.91416761e+00  2.94222503e+00  9.91416761e+00  2.83986789e+00 
 1.00289837e+01  2.94246814e+00  1.00289837e+01  2.80735478e+00 
 1.01451294e+01  2.94270573e+00  1.01451294e+01  2.77521150e+00 
 1.02626203e+01  2.94293793e+00  1.02626203e+01  2.74343386e+00 
 1.03814717e+01  2.94316485e+00  1.03814717e+01  2.71201773e+00 
 1.05016997e+01  2.94338662e+00  1.05016997e+01  2.68095902e+00 
 1.06233199e+01  2.94360335e+00  1.06233199e+01  2.65025369e+00 
 1.07463487e+01  2.94381516e+00  1.07463487e+01  2.61989772e+00 
 1.08708023e+01  2.94402215e+00  1.08708023e+01  2.58988718e+00 
 1.09966971e+01  2.94422445e+00  1.09966971e+01  2.56021814e+00 
 1.11240500e+01  2.94442215e+00  1.11240500e+01  2.53088673e+00 
 1.12528777e+01  2.94461535e+00  1.12528777e+01  2.50188912e+00 
 1.13831974e+01  2.94480417e+00  1.13831974e+01  2.47322154e+00 
 1.15150263e+01  2.94498870e+00  1.15150263e+01  2.44488023e+00 
 1.16483819e+01  2.94516903e+00  1.16483819e+01  2.41686150e+00 
 1.17832819e+01  2.94534527e+00  1.17832819e+01  2.38916168e+00 
 1.19197442e+01  2.94551750e+00  1.19197442e+01  2.36177715e+00 
 1.20577869e+01  2.94568582e+00  1.20577869e+01  2.33470433e+00 
 1.21974282e+01  2.94585032e+00  1.21974282e+01  2.30793968e+00 
 1.23386867e+01  2.94601107e+00  1.23386867e+01  2.28147969e+00 
 1.24815812e+01  2.94616817e+00  1.24815812e+01  2.25532092e+00 
 1.26261305e+01  2.94632171e+00  1.26261305e+01  2.22945992e+00 
 1.27723538e+01  2.94647175e+00  1.27723538e+01  2.20389331e+00 
 1.29202705e+01  2.94661838e+00  1.29202705e+01  2.17861774e+00 
 1.30699003e+01  2.94676168e+00  1.30699003e+01  2.15362991e+00 
 1.32212629e+01  2.94690172e+00  1.32212629e+01  2.12892654e+00 
 1.33743785e+01  2.94703858e+00  1.33743785e+01  2.10450438e+00 
 1.35292673e+01  2.94717233e+00  1.35292673e+01  2.08036023e+00 
 1.36859499e+01  2.94730304e+00  1.36859499e+01  2.05649093e+00 
 1.38444470e+01  2.94743078e+00  1.38444470e+01  2.03289335e+00 
 1.40047796e+01  2.94755561e+00  1.40047796e+01  2.00956439e+00 
 1.41669691e+01  2.94767761e+00  1.41669691e+01  1.98650098e+00 
 1.43310369e+01  2.94779683e+00  1.43310369e+01  1.96370010e+00 
 1.44970048e+01  2.94791334e+00  1.44970048e+01  1.94115876e+00 
 1.46648947e+01  2.94802721e+00  1.46648947e+01  1.91887399e+00 
 1.48347290e+01  2.94813848e+00  1.48347290e+01  1.89684286e+00 
 1.50065301e+01  2.94824723e+00  1.50065301e+01  1.87506249e+00 
 1.51803209e+01  2.94835350e+00  1.51803209e+01  1.85353000e+00 
 1.53561243e+01  2.94845736e+00  1.53561243e+01  1.83224257e+00 
 1.55339637e+01  2.94855885e+00  1.55339637e+01  1.81119740e+00 
 1.57138627e+01  2.94865804e+00  1.57138627e+01  1.79039171e+00 
 1.58958451e+01  2.94875498e+00  1.58958451e+01  1.76982278e+00 
 1.60799350e+01  2.94884971e+00  1.60799350e+01  1.74948790e+00 
 1.62661569e+01  2.94894228e+00  1.62661569e+01  1.72938439e+00 
 1.64545354e+01  2.94903275e+00  1.64545354e+01  1.70950960e+00 
 1.66450955e+01  2.94912117e+00  1.66450955e+01  1.68986092e+00 
 1.68378625e+01  2.94920757e+00  1.68378625e+01  1.67043577e+00 
 1.70328619e+01  2.94929201e+00  1.70328619e+01  1.65123158e+00 
 1.72301197e+01  2.94937453e+00  1.72301197e+01  1.63224583e+00 
 1.74296618e+01  2.94945517e+00  1.74296618e+01  1.61347601e+00 
 1.76315149e+01  2.94953398e+00  1.76315149e+01  1.59491965e+00 
 1.78357056e+01  2.94961100e+00  1.78357056e+01  1.57657431e+00 
 1.80422611e+01  2.94968626e+00  1.80422611e+01  1.55843757e+00 
 1.82512087e+01  2.94975982e+00  1.82512087e+01  1.54050705e+00 
 1.84625761e+01  2.94983170e+00  1.84625761e+01  1.52278036e+00 
 1.86763914e+01  2.94990195e+00  1.86763914e+01  1.50525519e+00 
 1.88926828e+01  2.94997060e+00  1.88926828e+01  1.48792922e+00 
 1.91114791e+01  2.95003769e+00  1.91114791e+01  1.47080016e+00 
 1.93328093e+01  2.95010325e+00  1.93328093e+01  1.45386575e+00 
 1.95567028e+01  2.95016733e+00  1.95567028e+01  1.43712377e+00 
 1.97831891e+01  2.95022994e+00  1.97831891e+01  1.42057200e+00 
 2.00122984e+01  2.95029113e+00  2.00122984e+01  1.40420826e+00 
 2.02440610e+01  2.95035094e+00  2.02440610e+01  1.38803039e+00 
 2.04785077e+01  2.95040938e+00  2.04785077e+01  1.37203626e+00 
 2.07156695e+01  2.95046649e+00  2.07156695e+01  1.35622375e+00 
 2.09555778e+01  2.95052230e+00  2.09555778e+01  1.34059078e+00 
 2.11982645e+01  2.95057685e+00  2.11982645e+01  1.32513529e+00 
 2.14437618e+01  2.95063015e+00  2.14437618e+01  1.30985522e+00 
 2.16921022e+01  2.95068224e+00  2.16921022e+01  1.29474858e+00 
 2.19433187e+01  2.95073315e+00  2.19433187e+01  1.27981336e+00 
 2.21974444e+01  2.95078290e+00  2.21974444e+01  1.26504759e+00 
 2.24545132e+01  2.95083152e+00  2.24545132e+01  1.25044932e+00 
 2.27145591e+01  2.95087904e+00  2.27145591e+01  1.23601662e+00 
 2.29776167e+01  2.95092547e+00  2.29776167e+01  1.22174758e+00 
 2.32437206e+01  2.95097085e+00  2.32437206e+01  1.20764033e+00 
 2.35129064e+01  2.95101519e+00  2.35129064e+01  1.19369300e+00 
 2.37852095e+01  2.95105853e+00  2.37852095e+01  1.17990374e+00 
 2.40606663e+01  2.95110088e+00  2.40606663e+01  1.16627073e+00 
 2.43393131e+01  2.95114227e+00  2.43393131e+01  1.15279217e+00 
 2.46211869e+01  2.95118272e+00  2.46211869e+01  1.13946629e+00 
 2.49063250e+01  2.95122225e+00  2.49063250e+01  1.12629131e+00 
 2.51947654e+01  2.95126087e+00  2.51947654e+01  1.11326550e+00 
 2.54865462e+01  2.95129863e+00  2.54865462e+01  1.10038713e+00 
 2.57817061e+01  2.95133552e+00  2.57817061e+01  1.08765451e+00 
 2.60802843e+01  2.95137157e+00  2.60802843e+01  1.07506595e+00 
 2.63823203e+01  2.95140681e+00  2.63823203e+01  1.06261978e+00 
 2.66878542e+01  2.95144124e+00  2.66878542e+01  1.05031437e+00 
 2.69969265e+01  2.95147489e+00  2.69969265e+01  1.03814808e+00 
 2.73095781e+01  2.95150777e+00  2.73095781e+01  1.02611930e+00 
 2.76258506e+01  2.95153991e+00  2.76258506e+01  1.01422645e+00 
 2.79457858e+01  2.95157132e+00  2.79457858e+01  1.00246794e+00 
 2.82694262e+01  2.95160201e+00  2.82694262e+01  9.90842237e-01 
 2.85968147e+01  2.95163200e+00  2.85968147e+01  9.79347789e-01 
 2.89279946e+01  2.95166132e+00  2.89279946e+01  9.67983079e-01 
 2.92630100e+01  2.95168996e+00  2.92630100e+01  9.56746604e-01 
 2.96019052e+01  2.95171796e+00  2.96019052e+01  9.45636877e-01 
 2.99447251e+01  2.95174531e+00  2.99447251e+01  9.34652429e-01 
 3.02915152e+01  2.95177205e+00  3.02915152e+01  9.23791806e-01 
 3.06423215e+01  2.95179818e+00  3.06423215e+01  9.13053571e-01 
 3.09971905e+01  2.95182371e+00  3.09971905e+01  9.02436305e-01 
 3.13561693e+01  2.95184867e+00  3.13561693e+01  8.91938602e-01 
 3.17193054e+01  2.95187305e+00  3.17193054e+01  8.81559072e-01 
 3.20866469e+01  2.95189688e+00  3.20866469e+01  8.71296343e-01 
 3.24582427e+01  2.95192017e+00  3.24582427e+01  8.61149056e-01 
 3.28341419e+01  2.95194293e+00  3.28341419e+01  8.51115869e-01 
 3.32143943e+01  2.95196518e+00  3.32143943e+01  8.41195454e-01 
 3.35990505e+01  2.95198691e+00  3.35990505e+01  8.31386497e-01 
 3.39881614e+01  2.95200816e+00  3.39881614e+01  8.21687701e-01 
 3.43817786e+01  2.95202892e+00  3.43817786e+01  8.12097782e-01 
 3.47799543e+01  2.95204920e+00  3.47799543e+01  8.02615470e-01 
 3.51827413e+01  2.95206903e+00  3.51827413e+01  7.93239510e-01 
 3.55901929e+01  2.95208840e+00  3.55901929e+01  7.83968662e-01 
 3.60023633e+01  2.95210734e+00  3.60023633e+01  7.74801697e-01 
 3.64193070e+01  2.95212584e+00  3.64193070e+01  7.65737403e-01 
 3.68410793e+01  2.95214393e+00  3.68410793e+01  7.56774579e-01 
 3.72677361e+01  2.95216160e+00  3.72677361e+01  7.47912039e-01 
 3.76993341e+01  2.95217887e+00  3.76993341e+01  7.39148610e-01 
 3.81359304e+01  2.95219575e+00  3.81359304e+01  7.30483131e-01 
 3.85775830e+01  2.95221224e+00  3.85775830e+01  7.21914454e-01 
 3.90243503e+01  2.95222836e+00  3.90243503e+01  7.13441446e-01 
 3.94762917e+01  2.95224411e+00  3.94762917e+01  7.05062984e-01 
 3.99334670e+01  2.95225951e+00  3.99334670e+01  6.96777960e-01 
 4.03959368e+01  2.95227455e+00  4.03959368e+01  6.88585275e-01 
 4.08637625e+01  2.95228925e+00  4.08637625e+01  6.80483845e-01 
 4.13370061e+01  2.95230362e+00  4.13370061e+01  6.72472597e-01 
 4.18157303e+01  2.95231766e+00  4.18157303e+01  6.64550471e-01 
 4.22999987e+01  2.95233138e+00  4.22999987e+01  6.56716416e-01 
 4.27898753e+01  2.95234479e+00  4.27898753e+01  6.48969397e-01 
 4.32854253e+01  2.95235789e+00  4.32854253e+01  6.41308386e-01 
 4.37867142e+01  2.95237070e+00  4.37867142e+01  6.33732369e-01 
 4.42938085e+01  2.95238322e+00  4.42938085e+01  6.26240342e-01 
 4.48067755e+01  2.95239545e+00  4.48067755e+01  6.18831314e-01 
 4.53256831e+01  2.95240740e+00  4.53256831e+01  6.11504303e-01 
 4.58506003e+01  2.95241908e+00  4.58506003e+01  6.04258339e-01 
 4.63815965e+01  2.95243049e+00  4.63815965e+01  5.97092461e-01 
 4.69187422e+01  2.95244165e+00  4.69187422e+01  5.90005720e-01 
 4.74621085e+01  2.95245255e+00  4.74621085e+01  5.82997179e-01 
 4.80117676e+01  2.95246320e+00  4.80117676e+01  5.76065908e-01 
 4.85677923e+01  2.95247361e+00  4.85677923e+01  5.69210989e-01 
 4.91302564e+01  2.95248378e+00  4.91302564e+01  5.62431515e-01 
 4.96992343e+01  2.95249373e+00  4.96992343e+01  5.55726587e-01 
 5.02748016e+01  2.95250344e+00  5.02748016e+01  5.49095317e-01 
 5.08570345e+01  2.95251294e+00  5.08570345e+01  5.42536826e-01 
 5.14460103e+01  2.95252222e+00  5.14460103e+01  5.36050246e-01 
 5.20418070e+01  2.95253128e+00  5.20418070e+01  5.29634717e-01 
 5.26445036e+01  2.95254014e+00  5.26445036e+01  5.23289389e-01 
 5.32541801e+01  2.95254880e+00  5.32541801e+01  5.17013423e-01 
 5.38709172e+01  2.95255727e+00  5.38709172e+01  5.10805985e-01 
 5.44947968e+01  2.95256554e+00  5.44947968e+01  5.04666254e-01 
 5.51259015e+01  2.95257362e+00  5.51259015e+01  4.98593417e-01 
 5.57643151e+01  2.95258152e+00  5.57643151e+01  4.92586668e-01 
 5.64101221e+01  2.95258923e+00  5.64101221e+01  4.86645212e-01 
 5.70634082e+01  2.95259678e+00  5.70634082e+01  4.80768262e-01 
 5.77242601e+01  2.95260415e+00  5.77242601e+01  4.74955039e-01 
 5.83927652e+01  2.95261135e+00  5.83927652e+01  4.69204772e-01 
 5.90690124e+01  2.95261839e+00  5.90690124e+01  4.63516701e-01 
 5.97530911e+01  2.95262526e+00  5.97530911e+01  4.57890070e-01 
 6.04450922e+01  2.95263199e+00  6.04450922e+01  4.52324135e-01 
 6.11451073e+01  2.95263855e+00  6.11451073e+01  4.46818158e-01 
 6.18532294e+01  2.95264497e+00  6.18532294e+01  4.41371410e-01 
 6.25695522e+01  2.95265125e+00  6.25695522e+01  4.35983168e-01 
 6.32941707e+01  2.95265737e+00  6.32941707e+01  4.30652719e-01 
 6.40271811e+01  2.95266336e+00  6.40271811e+01  4.25379356e-01 
 6.47686804e+01  2.95266922e+00  6.47686804e+01  4.20162381e-01 
 6.55187671e+01  2.95267494e+00  6.55187671e+01  4.15001102e-01 
 6.62775405e+01  2.95268053e+00  6.62775405e+01  4.09894835e-01 
 6.70451013e+01  2.95268599e+00  6.70451013e+01  4.04842904e-01 
 6.78215512e+01  2.95269133e+00  6.78215512e+01  3.99844639e-01 
 6.86069932e+01  2.95269654e+00  6.86069932e+01  3.94899378e-01 
 6.94015314e+01  2.95270164e+00  6.94015314e+01  3.90006465e-01 
 7.02052711e+01  2.95270662e+00  7.02052711e+01  3.85165252e-01 
 7.10183190e+01  2.95271149e+00  7.10183190e+01  3.80375097e-01 
 7.18407828e+01  2.95271624e+00  7.18407828e+01  3.75635366e-01 
 7.26727715e+01  2.95272089e+00  7.26727715e+01  3.70945430e-01 
 7.35143955e+01  2.95272543e+00  7.35143955e+01  3.66304668e-01 
 7.43657664e+01  2.95272987e+00  7.43657664e+01  3.61712465e-01 
 7.52269970e+01  2.95273421e+00  7.52269970e+01  3.57168212e-01 
 7.60982015e+01  2.95273845e+00  7.60982015e+01  3.52671307e-01 
 7.69794955e+01  2.95274259e+00  7.69794955e+01  3.48221153e-01 
 7.78709957e+01  2.95274663e+00  7.78709957e+01  3.43817162e-01 
 7.87728204e+01  2.95275059e+00  7.87728204e+01  3.39458750e-01 
 7.96850891e+01  2.95275445e+00  7.96850891e+01  3.35145338e-01 
 8.06079229e+01  2.95275822e+00  8.06079229e+01  3.30876355e-01 
 8.15414439e+01  2.95276191e+00  8.15414439e+01  3.26651236e-01 
 8.24857761e+01  2.95276552e+00  8.24857761e+01  3.22469419e-01 
 8.34410446e+01  2.95276904e+00  8.34410446e+01  3.18330352e-01 
 8.44073761e+01  2.95277248e+00  8.44073761e+01  3.14233485e-01 
 8.53848987e+01  2.95277584e+00  8.53848987e+01  3.10178276e-01 
 8.63737419e+01  2.95277913e+00  8.63737419e+01  3.06164187e-01 
 8.73740370e+01  2.95278234e+00  8.73740370e+01  3.02190685e-01 
 8.83859165e+01  2.95278548e+00  8.83859165e+01  2.98257245e-01 
 8.94095146e+01  2.95278854e+00  8.94095146e+01  2.94363344e-01 
 9.04449670e+01  2.95279153e+00  9.04449670e+01  2.90508467e-01 
 9.14924110e+01  2.95279446e+00  9.14924110e+01  2.86692103e-01 
 9.25519854e+01  2.95279732e+00  9.25519854e+01  2.82913746e-01 
 9.36238307e+01  2.95280011e+00  9.36238307e+01  2.79172895e-01 
 9.47080892e+01  2.95280284e+00  9.47080892e+01  2.75469054e-01 
 9.58049044e+01  2.95280551e+00  9.58049044e+01  2.71801732e-01 
 9.69144218e+01  2.95280811e+00  9.69144218e+01  2.68170444e-01 
 9.80367886e+01  2.95281066e+00  9.80367886e+01  2.64574707e-01 
 9.91721535e+01  2.95281315e+00  9.91721535e+01  2.61014046e-01 
 1.00320667e+02  2.95281557e+00  1.00320667e+02  2.57487988e-01 
 1.01482482e+02  2.95281795e+00  1.01482482e+02  2.53996065e-01 
 1.02657751e+02  2.95282027e+00  1.02657751e+02  2.50537816e-01 
 1.03846632e+02  2.95282253e+00  1.03846632e+02  2.47112781e-01 
 1.05049280e+02  2.95282475e+00  1.05049280e+02  2.43720507e-01 
 1.06265857e+02  2.95282691e+00  1.06265857e+02  2.40360543e-01 
 1.07496523e+02  2.95282902e+00  1.07496523e+02  2.37032445e-01 
 1.08741441e+02  2.95283108e+00  1.08741441e+02  2.33735771e-01 
 1.10000777e+02  2.95283310e+00  1.10000777e+02  2.30470085e-01 
 1.11274697e+02  2.95283507e+00  1.11274697e+02  2.27234953e-01 
 1.12563370e+02  2.95283699e+00  1.12563370e+02  2.24029946e-01 
 1.13866967e+02  2.95283887e+00  1.13866967e+02  2.20854640e-01 
 1.15185661e+02  2.95284070e+00  1.15185661e+02  2.17708614e-01 
 1.16519628e+02  2.95284250e+00  1.16519628e+02  2.14591451e-01 
 1.17869043e+02  2.95284425e+00  1.17869043e+02  2.11502737e-01 
 1.19234085e+02  2.95284596e+00  1.19234085e+02  2.08442063e-01 
 1.20614936e+02  2.95284763e+00  1.20614936e+02  2.05409024e-01 
 1.22011779e+02  2.95284926e+00  1.22011779e+02  2.02403216e-01 
 1.23424798e+02  2.95285085e+00  1.23424798e+02  1.99424243e-01 
 1.24854182e+02  2.95285241e+00  1.24854182e+02  1.96471708e-01 
 1.26300119e+02  2.95285393e+00  1.26300119e+02  1.93545221e-01 
 1.27762802e+02  2.95285541e+00  1.27762802e+02  1.90644393e-01 
 1.29242424e+02  2.95285686e+00  1.29242424e+02  1.87768841e-01 
 1.30739182e+02  2.95285827e+00  1.30739182e+02  1.84918182e-01 
 1.32253273e+02  2.95285966e+00  1.32253273e+02  1.82092038e-01 
 1.33784900e+02  2.95286100e+00  1.33784900e+02  1.79290037e-01 
 1.35334264e+02  2.95286232e+00  1.35334264e+02  1.76511804e-01 
 1.36901571e+02  2.95286361e+00  1.36901571e+02  1.73756974e-01 
 1.38487029e+02  2.95286486e+00  1.38487029e+02  1.71025179e-01 
 1.40090849e+02  2.95286609e+00  1.40090849e+02  1.68316059e-01 
 1.41713242e+02  2.95286728e+00  1.41713242e+02  1.65629253e-01 
 1.43354425e+02  2.95286845e+00  1.43354425e+02  1.62964406e-01 
 1.45014614e+02  2.95286959e+00  1.45014614e+02  1.60321165e-01 
 1.46694029e+02  2.95287070e+00  1.46694029e+02  1.57699179e-01 
 1.48392894e+02  2.95287179e+00  1.48392894e+02  1.55098100e-01 
 1.50111433e+02  2.95287285e+00  1.50111433e+02  1.52517584e-01 
 1.51849875e+02  2.95287388e+00  1.51849875e+02  1.49957288e-01 
 1.53608450e+02  2.95287489e+00  1.53608450e+02  1.47416873e-01 
 1.55387391e+02  2.95287588e+00  1.55387391e+02  1.44896003e-01 
 1.57186933e+02  2.95287684e+00  1.57186933e+02  1.42394343e-01 
 1.59007317e+02  2.95287777e+00  1.59007317e+02  1.39911561e-01 
 1.60848782e+02  2.95287869e+00  1.60848782e+02  1.37447328e-01 
 1.62711573e+02  2.95287958e+00  1.62711573e+02  1.35001319e-01 
 1.64595937e+02  2.95288045e+00  1.64595937e+02  1.32573207e-01 
 1.66502124e+02  2.95288130e+00  1.66502124e+02  1.30162672e-01 
 1.68430387e+02  2.95288212e+00  1.68430387e+02  1.27769394e-01 
 1.70380981e+02  2.95288293e+00  1.70380981e+02  1.25393055e-01 
 1.72354164e+02  2.95288372e+00  1.72354164e+02  1.23033341e-01 
 1.74350199e+02  2.95288448e+00  1.74350199e+02  1.20689938e-01 
 1.76369351e+02  2.95288523e+00  1.76369351e+02  1.18362537e-01 
 1.78411886e+02  2.95288596e+00  1.78411886e+02  1.16050827e-01 
 1.80478075e+02  2.95288666e+00  1.80478075e+02  1.13754504e-01 
 1.82568193e+02  2.95288736e+00  1.82568193e+02  1.11473263e-01 
 1.84682517e+02  2.95288803e+00  1.84682517e+02  1.09206800e-01 
 1.86821327e+02  2.95288868e+00  1.86821327e+02  1.06954816e-01 
 1.88984907e+02  2.95288932e+00  1.88984907e+02  1.04717012e-01 
 1.91173543e+02  2.95288994e+00  1.91173543e+02  1.02493092e-01 
 1.93387525e+02  2.95289055e+00  1.93387525e+02  1.00282760e-01 
 1.95627148e+02  2.95289113e+00  1.95627148e+02  9.80857236e-02 
 1.97892707e+02  2.95289171e+00  1.97892707e+02  9.59016914e-02 
 2.00184505e+02  2.95289226e+00  2.00184505e+02  9.37303738e-02 
 2.02502843e+02  2.95289280e+00  2.02502843e+02  9.15714830e-02 
 2.04848030e+02  2.95289333e+00  2.04848030e+02  8.94247328e-02 
 2.07220377e+02  2.95289384e+00  2.07220377e+02  8.72898385e-02 
 2.09620198e+02  2.95289434e+00  2.09620198e+02  8.51665172e-02 
 2.12047812e+02  2.95289482e+00  2.12047812e+02  8.30544873e-02 
 2.14503539e+02  2.95289529e+00  2.14503539e+02  8.09534687e-02 
 2.16987707e+02  2.95289575e+00  2.16987707e+02  7.88631830e-02 
 2.19500643e+02  2.95289619e+00  2.19500643e+02  7.67833531e-02 
 2.22042682e+02  2.95289662e+00  2.22042682e+02  7.47137031e-02 
 2.24614160e+02  2.95289703e+00  2.24614160e+02  7.26539587e-02 
 2.27215419e+02  2.95289744e+00  2.27215419e+02  7.06038468e-02 
 2.29846803e+02  2.95289783e+00  2.29846803e+02  6.85630957e-02 
 2.32508661e+02  2.95289820e+00  2.32508661e+02  6.65314346e-02 
 2.35201345e+02  2.95289857e+00  2.35201345e+02  6.45085944e-02 
 2.37925214e+02  2.95289892e+00  2.37925214e+02  6.24943068e-02 
 2.40680628e+02  2.95289926e+00  2.40680628e+02  6.04883047e-02 
 2.43467953e+02  2.95289960e+00  2.43467953e+02  5.84903222e-02 
 2.46287557e+02  2.95289991e+00  2.46287557e+02  5.65000944e-02 
 2.49139816e+02  2.95290022e+00  2.49139816e+02  5.45173574e-02 
 2.52025106e+02  2.95290052e+00  2.52025106e+02  5.25418484e-02 
 2.54943811e+02  2.95290080e+00  2.54943811e+02  5.05733054e-02 
 2.57896318e+02  2.95290108e+00  2.57896318e+02  4.86114675e-02 
 2.60883017e+02  2.95290134e+00  2.60883017e+02  4.66560746e-02 
 2.63904306e+02  2.95290160e+00  2.63904306e+02  4.47068673e-02 
 2.66960584e+02  2.95290184e+00  2.66960584e+02  4.27635874e-02 
 2.70052257e+02  2.95290207e+00  2.70052257e+02  4.08259771e-02 
 2.73179734e+02  2.95290230e+00  2.73179734e+02  3.88937795e-02 
 2.76343431e+02  2.95290251e+00  2.76343431e+02  3.69667385e-02 
 2.79543767e+02  2.95290271e+00  2.79543767e+02  3.50445986e-02 
 2.82781166e+02  2.95290291e+00  2.82781166e+02  3.31271050e-02 
 2.86056057e+02  2.95290309e+00  2.86056057e+02  3.12140033e-02 
 2.89368875e+02  2.95290326e+00  2.89368875e+02  2.93050401e-02 
 2.92720058e+02  2.95290343e+00  2.92720058e+02  2.73999622e-02 
 2.96110052e+02  2.95290358e+00  2.96110052e+02  2.54985169e-02 
 2.99539305e+02  2.95290373e+00  2.99539305e+02  2.36004523e-02 
 3.03008272e+02  2.95290387e+00  3.03008272e+02  2.17055166e-02 
 3.06517414e+02  2.95290399e+00  3.06517414e+02  1.98134587e-02 
 3.10067195e+02  2.95290411e+00  3.10067195e+02  1.79240277e-02 
 3.13658086e+02  2.95290422e+00  3.13658086e+02  1.60369731e-02 
 3.17290563e+02  2.95290432e+00  3.17290563e+02  1.41520446e-02 
 3.20965108e+02  2.95290441e+00  3.20965108e+02  1.22689924e-02 
 3.24682207e+02  2.95290449e+00  3.24682207e+02  1.03875669e-02 
 3.28442355e+02  2.95290457e+00  3.28442355e+02  8.50751853e-03 
 3.32246049e+02  2.95290463e+00  3.32246049e+02  6.62859810e-03 
 3.36093793e+02  2.95290469e+00  3.36093793e+02  4.75055648e-03 
 3.39986099e+02  2.95290474e+00  3.39986099e+02  2.87314468e-03 
 3.43923481e+02  2.95290478e+00  3.43923481e+02  9.96113792e-04 
 3.47906461e+02  2.95290481e+00  3.47906461e+02 -8.80785047e-04 
 3.51935569e+02  2.95290483e+00  3.51935569e+02 -2.75780068e-03 
 3.56011338e+02  2.95290484e+00  3.56011338e+02 -4.63518196e-03 
 3.60134309e+02  2.95290484e+00  3.60134309e+02 -6.51317780e-03 
 3.64305027e+02  2.95290484e+00  3.64305027e+02 -8.39203719e-03 
 3.68524047e+02  2.95290483e+00  3.68524047e+02 -1.02720092e-02 
 3.72791927e+02  2.95290481e+00  3.72791927e+02 -1.21533431e-02 
 3.77109234e+02  2.95290478e+00  3.77109234e+02 -1.40362884e-02 
 3.81476539e+02  2.95290474e+00  3.81476539e+02 -1.59210946e-02 
 3.85894423e+02  2.95290469e+00  3.85894423e+02 -1.78080117e-02 
 3.90363469e+02  2.95290463e+00  3.90363469e+02 -1.96972899e-02 
 3.94884272e+02  2.95290457e+00  3.94884272e+02 -2.15891795e-02 
 3.99457430e+02  2.95290449e+00  3.99457430e+02 -2.34839315e-02 
 4.04083550e+02  2.95290441e+00  4.04083550e+02 -2.53817971e-02 
 4.08763246e+02  2.95290432e+00  4.08763246e+02 -2.72830278e-02 
 4.13497136e+02  2.95290422e+00  4.13497136e+02 -2.91878758e-02 
 4.18285850e+02  2.95290411e+00  4.18285850e+02 -3.10965936e-02 
 4.23130023e+02  2.95290399e+00  4.23130023e+02 -3.30094342e-02 
 4.28030295e+02  2.95290386e+00  4.28030295e+02 -3.49266513e-02 
 4.32987318e+02  2.95290372e+00  4.32987318e+02 -3.68484990e-02 
 4.38001748e+02  2.95290358e+00  4.38001748e+02 -3.87752322e-02 
 4.43074250e+02  2.95290342e+00  4.43074250e+02 -4.07071063e-02 
 4.48205497e+02  2.95290326e+00  4.48205497e+02 -4.26443775e-02 
 4.53396168e+02  2.95290308e+00  4.53396168e+02 -4.45873025e-02 
 4.58646954e+02  2.95290290e+00  4.58646954e+02 -4.65361390e-02 
 4.63958548e+02  2.95290271e+00  4.63958548e+02 -4.84911453e-02 
 4.69331656e+02  2.95290250e+00  4.69331656e+02 -5.04525807e-02 
 4.74766990e+02  2.95290229e+00  4.74766990e+02 -5.24207052e-02 
 4.80265271e+02  2.95290207e+00  4.80265271e+02 -5.43957797e-02 
 4.85827227e+02  2.95290183e+00  4.85827227e+02 -5.63780662e-02 
 4.91453597e+02  2.95290159e+00  4.91453597e+02 -5.83678273e-02 
 4.97145125e+02  2.95290133e+00  4.97145125e+02 -6.03653269e-02 
 5.02902567e+02  2.95290107e+00  5.02902567e+02 -6.23708299e-02 
 5.08726686e+02  2.95290079e+00  5.08726686e+02 -6.43846021e-02 
 5.14618255e+02  2.95290051e+00  5.14618255e+02 -6.64069105e-02 
 5.20578053e+02  2.95290021e+00  5.20578053e+02 -6.84380233e-02 
 5.26606872e+02  2.95289990e+00  5.26606872e+02 -7.04782097e-02 
 5.32705511e+02  2.95289958e+00  5.32705511e+02 -7.25277402e-02 
 5.38874778e+02  2.95289925e+00  5.38874778e+02 -7.45868865e-02 
 5.45115492e+02  2.95289891e+00  5.45115492e+02 -7.66559217e-02 
 5.51428479e+02  2.95289856e+00  5.51428479e+02 -7.87351201e-02 
 5.57814577e+02  2.95289819e+00  5.57814577e+02 -8.08247572e-02 
 5.64274633e+02  2.95289781e+00  5.64274633e+02 -8.29251102e-02 
 5.70809503e+02  2.95289742e+00  5.70809503e+02 -8.50364575e-02 
 5.77420053e+02  2.95289702e+00  5.77420053e+02 -8.71590791e-02 
 5.84107159e+02  2.95289660e+00  5.84107159e+02 -8.92932563e-02 
 5.90871709e+02  2.95289617e+00  5.90871709e+02 -9.14392722e-02 
 5.97714600e+02  2.95289573e+00  5.97714600e+02 -9.35974111e-02 
 6.04636738e+02  2.95289528e+00  6.04636738e+02 -9.57679593e-02 
 6.11639042e+02  2.95289481e+00  6.11639042e+02 -9.79512046e-02 
 6.18722439e+02  2.95289432e+00  6.18722439e+02 -1.00147436e-01 
 6.25887869e+02  2.95289383e+00  6.25887869e+02 -1.02356946e-01 
 6.33136282e+02  2.95289331e+00  6.33136282e+02 -1.04580026e-01 
 6.40468639e+02  2.95289279e+00  6.40468639e+02 -1.06816971e-01 
 6.47885912e+02  2.95289224e+00  6.47885912e+02 -1.09068078e-01 
 6.55389084e+02  2.95289169e+00  6.55389084e+02 -1.11333645e-01 
 6.62979151e+02  2.95289111e+00  6.62979151e+02 -1.13613973e-01 
 6.70657118e+02  2.95289053e+00  6.70657118e+02 -1.15909365e-01 
 6.78424004e+02  2.95288992e+00  6.78424004e+02 -1.18220123e-01 
 6.86280839e+02  2.95288930e+00  6.86280839e+02 -1.20546555e-01 
 6.94228663e+02  2.95288866e+00  6.94228663e+02 -1.22888969e-01 
 7.02268532e+02  2.95288800e+00  7.02268532e+02 -1.25247676e-01 
 7.10401510e+02  2.95288733e+00  7.10401510e+02 -1.27622989e-01 
 7.18628676e+02  2.95288664e+00  7.18628676e+02 -1.30015221e-01 
 7.26951121e+02  2.95288593e+00  7.26951121e+02 -1.32424691e-01 
 7.35369948e+02  2.95288520e+00  7.35369948e+02 -1.34851718e-01 
 7.43886274e+02  2.95288446e+00  7.43886274e+02 -1.37296624e-01 
 7.52501228e+02  2.95288369e+00  7.52501228e+02 -1.39759732e-01 
 7.61215951e+02  2.95288290e+00  7.61215951e+02 -1.42241370e-01 
 7.70031600e+02  2.95288210e+00  7.70031600e+02 -1.44741866e-01 
 7.78949343e+02  2.95288127e+00  7.78949343e+02 -1.47261552e-01 
 7.87970362e+02  2.95288042e+00  7.87970362e+02 -1.49800761e-01 
 7.97095854e+02  2.95287955e+00  7.97095854e+02 -1.52359832e-01 
 8.06327028e+02  2.95287866e+00  8.06327028e+02 -1.54939102e-01 
 8.15665108e+02  2.95287774e+00  8.15665108e+02 -1.57538913e-01 
 8.25111333e+02  2.95287680e+00  8.25111333e+02 -1.60159612e-01 
 8.34666955e+02  2.95287584e+00  8.34666955e+02 -1.62801543e-01 
 8.44333240e+02  2.95287486e+00  8.44333240e+02 -1.65465060e-01 
 8.54111471e+02  2.95287385e+00  8.54111471e+02 -1.68150513e-01 
 8.64002944e+02  2.95287281e+00  8.64002944e+02 -1.70858259e-01 
 8.74008970e+02  2.95287175e+00  8.74008970e+02 -1.73588658e-01 
 8.84130875e+02  2.95287066e+00  8.84130875e+02 -1.76342071e-01 
 8.94370003e+02  2.95286955e+00  8.94370003e+02 -1.79118863e-01 
 9.04727710e+02  2.95286841e+00  9.04727710e+02 -1.81919402e-01 
 9.15205369e+02  2.95286724e+00  9.15205369e+02 -1.84744060e-01 
 9.25804371e+02  2.95286604e+00  9.25804371e+02 -1.87593211e-01 
 9.36526119e+02  2.95286482e+00  9.36526119e+02 -1.90467232e-01 
 9.47372037e+02  2.95286356e+00  9.47372037e+02 -1.93366506e-01 
 9.58343561e+02  2.95286227e+00  9.58343561e+02 -1.96291415e-01 
 9.69442146e+02  2.95286095e+00  9.69442146e+02 -1.99242348e-01 
 9.80669264e+02  2.95285960e+00  9.80669264e+02 -2.02219697e-01 
 9.92026404e+02  2.95285822e+00  9.92026404e+02 -2.05223855e-01 
 1.00351507e+03  2.95285680e+00  1.00351507e+03 -2.08255221e-01 
 1.01513679e+03  2.95285535e+00  1.01513679e+03 -2.11314197e-01 
 1.02689310e+03  2.95285387e+00  1.02689310e+03 -2.14401189e-01 
 1.03878555e+03  2.95285235e+00  1.03878555e+03 -2.17516605e-01 
 1.05081574e+03  2.95285079e+00  1.05081574e+03 -2.20660859e-01 
 1.06298524e+03  2.95284920e+00  1.06298524e+03 -2.23834367e-01 
 1.07529569e+03  2.95284756e+00  1.07529569e+03 -2.27037551e-01 
 1.08774869e+03  2.95284589e+00  1.08774869e+03 -2.30270834e-01 
 1.10034592e+03  2.95284418e+00  1.10034592e+03 -2.33534646e-01 
 1.11308904e+03  2.95284243e+00  1.11308904e+03 -2.36829418e-01 
 1.12597973e+03  2.95284063e+00  1.12597973e+03 -2.40155589e-01 
 1.13901971e+03  2.95283879e+00  1.13901971e+03 -2.43513598e-01 
 1.15221071e+03  2.95283691e+00  1.15221071e+03 -2.46903892e-01 
 1.16555447e+03  2.95283499e+00  1.16555447e+03 -2.50326918e-01 
 1.17905277e+03  2.95283302e+00  1.17905277e+03 -2.53783132e-01 
 1.19270739e+03  2.95283100e+00  1.19270739e+03 -2.57272991e-01 
 1.20652015e+03  2.95282893e+00  1.20652015e+03 -2.60796957e-01 
 1.22049287e+03  2.95282682e+00  1.22049287e+03 -2.64355499e-01 
 1.23462740e+03  2.95282465e+00  1.23462740e+03 -2.67949088e-01 
 1.24892564e+03  2.95282244e+00  1.24892564e+03 -2.71578199e-01 
 1.26338945e+03  2.95282017e+00  1.26338945e+03 -2.75243315e-01 
 1.27802078e+03  2.95281785e+00  1.27802078e+03 -2.78944921e-01 
 1.29282155e+03  2.95281547e+00  1.29282155e+03 -2.82683507e-01 
 1.30779373e+03  2.95281304e+00  1.30779373e+03 -2.86459570e-01 
 1.32293930e+03  2.95281055e+00  1.32293930e+03 -2.90273609e-01 
 1.33826027e+03  2.95280800e+00  1.33826027e+03 -2.94126130e-01 
 1.35375867e+03  2.95280539e+00  1.35375867e+03 -2.98017645e-01 
 1.36943656e+03  2.95280272e+00  1.36943656e+03 -3.01948669e-01 
 1.38529602e+03  2.95279999e+00  1.38529602e+03 -3.05919722e-01 
 1.40133915e+03  2.95279719e+00  1.40133915e+03 -3.09931331e-01 
 1.41756807e+03  2.95279433e+00  1.41756807e+03 -3.13984029e-01 
 1.43398494e+03  2.95279140e+00  1.43398494e+03 -3.18078352e-01 
 1.45059193e+03  2.95278840e+00  1.45059193e+03 -3.22214842e-01 
 1.46739125e+03  2.95278533e+00  1.46739125e+03 -3.26394049e-01 
 1.48438512e+03  2.95278219e+00  1.48438512e+03 -3.30616526e-01 
 1.50157580e+03  2.95277898e+00  1.50157580e+03 -3.34882832e-01 
 1.51896556e+03  2.95277569e+00  1.51896556e+03 -3.39193534e-01 
 1.53655671e+03  2.95277232e+00  1.53655671e+03 -3.43549202e-01 
 1.55435159e+03  2.95276887e+00  1.55435159e+03 -3.47950414e-01 
 1.57235255e+03  2.95276535e+00  1.57235255e+03 -3.52397754e-01 
 1.59056198e+03  2.95276174e+00  1.59056198e+03 -3.56891810e-01 
 1.60898229e+03  2.95275804e+00  1.60898229e+03 -3.61433179e-01 
 1.62761593e+03  2.95275426e+00  1.62761593e+03 -3.66022461e-01 
 1.64646536e+03  2.95275039e+00  1.64646536e+03 -3.70660266e-01 
 1.66553309e+03  2.95274643e+00  1.66553309e+03 -3.75347209e-01 
 1.68482165e+03  2.95274238e+00  1.68482165e+03 -3.80083910e-01 
 1.70433358e+03  2.95273823e+00  1.70433358e+03 -3.84870996e-01 
 1.72407148e+03  2.95273399e+00  1.72407148e+03 -3.89709104e-01 
 1.74403797e+03  2.95272965e+00  1.74403797e+03 -3.94598873e-01 
 1.76423569e+03  2.95272520e+00  1.76423569e+03 -3.99540952e-01 
 1.78466732e+03  2.95272065e+00  1.78466732e+03 -4.04535996e-01 
 1.80533557e+03  2.95271600e+00  1.80533557e+03 -4.09584667e-01 
 1.82624317e+03  2.95271123e+00  1.82624317e+03 -4.14687633e-01 
 1.84739291e+03  2.95270636e+00  1.84739291e+03 -4.19845571e-01 
 1.86878759e+03  2.95270137e+00  1.86878759e+03 -4.25059166e-01 
 1.89043003e+03  2.95269626e+00  1.89043003e+03 -4.30329106e-01 
 1.91232312e+03  2.95269104e+00  1.91232312e+03 -4.35656092e-01 
 1.93446975e+03  2.95268569e+00  1.93446975e+03 -4.41040829e-01 
 1.95687286e+03  2.95268022e+00  1.95687286e+03 -4.46484030e-01 
 1.97953542e+03  2.95267462e+00  1.97953542e+03 -4.51986416e-01 
 2.00246044e+03  2.95266889e+00  2.00246044e+03 -4.57548718e-01 
 2.02565095e+03  2.95266303e+00  2.02565095e+03 -4.63171672e-01 
 2.04911003e+03  2.95265703e+00  2.04911003e+03 -4.68856022e-01 
 2.07284080e+03  2.95265089e+00  2.07284080e+03 -4.74602523e-01 
 2.09684638e+03  2.95264460e+00  2.09684638e+03 -4.80411936e-01 
 2.12112998e+03  2.95263817e+00  2.12112998e+03 -4.86285030e-01 
 2.14569480e+03  2.95263159e+00  2.14569480e+03 -4.92222584e-01 
 2.17054412e+03  2.95262485e+00  2.17054412e+03 -4.98225384e-01 
 2.19568121e+03  2.95261796e+00  2.19568121e+03 -5.04294227e-01 
 2.22110941e+03  2.95261091e+00  2.22110941e+03 -5.10429915e-01 
 2.24683210e+03  2.95260369e+00  2.24683210e+03 -5.16633262e-01 
 2.27285268e+03  2.95259631e+00  2.27285268e+03 -5.22905090e-01 
 2.29917461e+03  2.95258875e+00  2.29917461e+03 -5.29246229e-01 
 2.32580137e+03  2.95258102e+00  2.32580137e+03 -5.35657521e-01 
 2.35273649e+03  2.95257310e+00  2.35273649e+03 -5.42139813e-01 
 2.37998356e+03  2.95256501e+00  2.37998356e+03 -5.48693966e-01 
 2.40754617e+03  2.95255672e+00  2.40754617e+03 -5.55320847e-01 
 2.43542798e+03  2.95254824e+00  2.43542798e+03 -5.62021334e-01 
 2.46363269e+03  2.95253956e+00  2.46363269e+03 -5.68796316e-01 
 2.49216405e+03  2.95253068e+00  2.49216405e+03 -5.75646689e-01 
 2.52102582e+03  2.95252159e+00  2.52102582e+03 -5.82573360e-01 
 2.55022184e+03  2.95251229e+00  2.55022184e+03 -5.89577249e-01 
 2.57975598e+03  2.95250277e+00  2.57975598e+03 -5.96659281e-01 
 2.60963216e+03  2.95249304e+00  2.60963216e+03 -6.03820396e-01 
 2.63985434e+03  2.95248307e+00  2.63985434e+03 -6.11061542e-01 
 2.67042651e+03  2.95247287e+00  2.67042651e+03 -6.18383678e-01 
 2.70135274e+03  2.95246244e+00  2.70135274e+03 -6.25787774e-01 
 2.73263713e+03  2.95245176e+00  2.73263713e+03 -6.33274811e-01 
 2.76428383e+03  2.95244083e+00  2.76428383e+03 -6.40845779e-01 
 2.79629703e+03  2.95242965e+00  2.79629703e+03 -6.48501683e-01 
 2.82868097e+03  2.95241821e+00  2.82868097e+03 -6.56243536e-01 
 2.86143995e+03  2.95240650e+00  2.86143995e+03 -6.64072363e-01 
 2.89457831e+03  2.95239452e+00  2.89457831e+03 -6.71989202e-01 
 2.92810044e+03  2.95238226e+00  2.92810044e+03 -6.79995100e-01 
 2.96201080e+03  2.95236971e+00  2.96201080e+03 -6.88091117e-01 
 2.99631387e+03  2.95235687e+00  2.99631387e+03 -6.96278327e-01 
 3.03101421e+03  2.95234373e+00  3.03101421e+03 -7.04557812e-01 
 3.06611641e+03  2.95233029e+00  3.06611641e+03 -7.12930670e-01 
 3.10162514e+03  2.95231653e+00  3.10162514e+03 -7.21398009e-01 
 3.13754508e+03  2.95230245e+00  3.13754508e+03 -7.29960949e-01 
 3.17388102e+03  2.95228804e+00  3.17388102e+03 -7.38620626e-01 
 3.21063777e+03  2.95227330e+00  3.21063777e+03 -7.47378186e-01 
 3.24782019e+03  2.95225822e+00  3.24782019e+03 -7.56234787e-01 
 3.28543323e+03  2.95224278e+00  3.28543323e+03 -7.65191603e-01 
 3.32348186e+03  2.95222698e+00  3.32348186e+03 -7.74249819e-01 
 3.36197113e+03  2.95221082e+00  3.36197113e+03 -7.83410634e-01 
 3.40090615e+03  2.95219428e+00  3.40090615e+03 -7.92675261e-01 
 3.44029207e+03  2.95217735e+00  3.44029207e+03 -8.02044927e-01 
 3.48013412e+03  2.95216003e+00  3.48013412e+03 -8.11520872e-01 
 3.52043759e+03  2.95214230e+00  3.52043759e+03 -8.21104349e-01 
 3.56120781e+03  2.95212417e+00  3.56120781e+03 -8.30796628e-01 
 3.60245019e+03  2.95210561e+00  3.60245019e+03 -8.40598991e-01 
 3.64417019e+03  2.95208661e+00  3.64417019e+03 -8.50512735e-01 
 3.68637336e+03  2.95206718e+00  3.68637336e+03 -8.60539173e-01 
 3.72906528e+03  2.95204729e+00  3.72906528e+03 -8.70679631e-01 
 3.77225162e+03  2.95202694e+00  3.77225162e+03 -8.80935452e-01 
 3.81593810e+03  2.95200612e+00  3.81593810e+03 -8.91307991e-01 
 3.86013052e+03  2.95198481e+00  3.86013052e+03 -9.01798623e-01 
 3.90483472e+03  2.95196300e+00  3.90483472e+03 -9.12408734e-01 
 3.95005665e+03  2.95194069e+00  3.95005665e+03 -9.23139729e-01 
 3.99580229e+03  2.95191786e+00  3.99580229e+03 -9.33993026e-01 
 4.04207771e+03  2.95189449e+00  4.04207771e+03 -9.44970063e-01 
 4.08888905e+03  2.95187058e+00  4.08888905e+03 -9.56072291e-01 
 4.13624251e+03  2.95184612e+00  4.13624251e+03 -9.67301179e-01 
 4.18414437e+03  2.95182108e+00  4.18414437e+03 -9.78658211e-01 
 4.23260098e+03  2.95179546e+00  4.23260098e+03 -9.90144890e-01 
 4.28161877e+03  2.95176924e+00  4.28161877e+03 -1.00176274e+00 
 4.33120424e+03  2.95174242e+00  4.33120424e+03 -1.01351328e+00 
 4.38136395e+03  2.95171497e+00  4.38136395e+03 -1.02539809e+00 
 4.43210457e+03  2.95168688e+00  4.43210457e+03 -1.03741872e+00 
 4.48343281e+03  2.95165813e+00  4.48343281e+03 -1.04957677e+00 
 4.53535548e+03  2.95162872e+00  4.53535548e+03 -1.06187385e+00 
 4.58787948e+03  2.95159862e+00  4.58787948e+03 -1.07431157e+00 
 4.64101175e+03  2.95156782e+00  4.64101175e+03 -1.08689159e+00 
 4.69475935e+03  2.95153630e+00  4.69475935e+03 -1.09961557e+00 
 4.74912940e+03  2.95150405e+00  4.74912940e+03 -1.11248519e+00 
 4.80412911e+03  2.95147105e+00  4.80412911e+03 -1.12550215e+00 
 4.85976577e+03  2.95143728e+00  4.85976577e+03 -1.13866817e+00 
 4.91604676e+03  2.95140273e+00  4.91604676e+03 -1.15198499e+00 
 4.97297954e+03  2.95136736e+00  4.97297954e+03 -1.16545437e+00 
 5.03057166e+03  2.95133118e+00  5.03057166e+03 -1.17907809e+00 
 5.08883076e+03  2.95129415e+00  5.08883076e+03 -1.19285795e+00 
 5.14776455e+03  2.95125627e+00  5.14776455e+03 -1.20679577e+00 
 5.20738086e+03  2.95121749e+00  5.20738086e+03 -1.22089339e+00 
 5.26768758e+03  2.95117782e+00  5.26768758e+03 -1.23515268e+00 
 5.32869272e+03  2.95113722e+00  5.32869272e+03 -1.24957551e+00 
 5.39040436e+03  2.95109568e+00  5.39040436e+03 -1.26416380e+00 
 5.45283068e+03  2.95105317e+00  5.45283068e+03 -1.27891946e+00 
 5.51597996e+03  2.95100967e+00  5.51597996e+03 -1.29384445e+00 
 5.57986057e+03  2.95096516e+00  5.57986057e+03 -1.30894073e+00 
 5.64448099e+03  2.95091961e+00  5.64448099e+03 -1.32421031e+00 
 5.70984977e+03  2.95087300e+00  5.70984977e+03 -1.33965519e+00 
 5.77597559e+03  2.95082531e+00  5.77597559e+03 -1.35527742e+00 
 5.84286722e+03  2.95077650e+00  5.84286722e+03 -1.37107905e+00 
 5.91053351e+03  2.95072657e+00  5.91053351e+03 -1.38706217e+00 
 5.97898345e+03  2.95067546e+00  5.97898345e+03 -1.40322889e+00 
 6.04822611e+03  2.95062317e+00  6.04822611e+03 -1.41958134e+00 
 6.11827067e+03  2.95056966e+00  6.11827067e+03 -1.43612168e+00 
 6.18912642e+03  2.95051491e+00  6.18912642e+03 -1.45285209e+00 
 6.26080275e+03  2.95045888e+00  6.26080275e+03 -1.46977478e+00 
 6.33330916e+03  2.95040155e+00  6.33330916e+03 -1.48689197e+00 
 6.40665527e+03  2.95034288e+00  6.40665527e+03 -1.50420594e+00 
 6.48085080e+03  2.95028284e+00  6.48085080e+03 -1.52171895e+00 
 6.55590559e+03  2.95022141e+00  6.55590559e+03 -1.53943331e+00 
 6.63182959e+03  2.95015856e+00  6.63182959e+03 -1.55735137e+00 
 6.70863287e+03  2.95009423e+00  6.70863287e+03 -1.57547548e+00 
 6.78632561e+03  2.95002841e+00  6.78632561e+03 -1.59380802e+00 
 6.86491811e+03  2.94996106e+00  6.86491811e+03 -1.61235143e+00 
 6.94442078e+03  2.94989214e+00  6.94442078e+03 -1.63110813e+00 
 7.02484418e+03  2.94982162e+00  7.02484418e+03 -1.65008059e+00 
 7.10619897e+03  2.94974946e+00  7.10619897e+03 -1.66927133e+00 
 7.18849592e+03  2.94967562e+00  7.18849592e+03 -1.68868285e+00 
 7.27174595e+03  2.94960006e+00  7.27174595e+03 -1.70831772e+00 
 7.35596011e+03  2.94952274e+00  7.35596011e+03 -1.72817853e+00 
 7.44114955e+03  2.94944362e+00  7.44114955e+03 -1.74826788e+00 
 7.52732557e+03  2.94936266e+00  7.52732557e+03 -1.76858841e+00 
 7.61449959e+03  2.94927982e+00  7.61449959e+03 -1.78914281e+00 
 7.70268318e+03  2.94919505e+00  7.70268318e+03 -1.80993377e+00 
 7.79188802e+03  2.94910831e+00  7.79188802e+03 -1.83096403e+00 
 7.88212595e+03  2.94901955e+00  7.88212595e+03 -1.85223635e+00 
 7.97340892e+03  2.94892873e+00  7.97340892e+03 -1.87375353e+00 
 8.06574904e+03  2.94883579e+00  8.06574904e+03 -1.89551840e+00 
 8.15915855e+03  2.94874069e+00  8.15915855e+03 -1.91753381e+00 
 8.25364983e+03  2.94864338e+00  8.25364983e+03 -1.93980266e+00 
 8.34923543e+03  2.94854381e+00  8.34923543e+03 -1.96232787e+00 
 8.44592800e+03  2.94844192e+00  8.44592800e+03 -1.98511240e+00 
 8.54374036e+03  2.94833766e+00  8.54374036e+03 -2.00815924e+00 
 8.64268550e+03  2.94823098e+00  8.64268550e+03 -2.03147141e+00 
 8.74277651e+03  2.94812181e+00  8.74277651e+03 -2.05505199e+00 
 8.84402669e+03  2.94801011e+00  8.84402669e+03 -2.07890404e+00 
 8.94644944e+03  2.94789581e+00  8.94644944e+03 -2.10303071e+00 
 9.05005835e+03  2.94777885e+00  9.05005835e+03 -2.12743516e+00 
 9.15486716e+03  2.94765917e+00  9.15486716e+03 -2.15212059e+00 
 9.26088975e+03  2.94753671e+00  9.26088975e+03 -2.17709023e+00 
 9.36814020e+03  2.94741141e+00  9.36814020e+03 -2.20234735e+00 
 9.47663271e+03  2.94728319e+00  9.47663271e+03 -2.22789527e+00 
 9.58638168e+03  2.94715198e+00  9.58638168e+03 -2.25373732e+00 
 9.69740165e+03  2.94701773e+00  9.69740165e+03 -2.27987688e+00 
 9.80970735e+03  2.94688036e+00  9.80970735e+03 -2.30631739e+00 
 9.92331366e+03  2.94673980e+00  9.92331366e+03 -2.33306229e+00 
 1.00382356e+04  2.94659597e+00  1.00382356e+04 -2.36011509e+00 
 1.01544885e+04  2.94644879e+00  1.01544885e+04 -2.38747932e+00 
 1.02720878e+04  2.94629820e+00  1.02720878e+04 -2.41515855e+00 
 1.03910489e+04  2.94614410e+00  1.03910489e+04 -2.44315641e+00 
 1.05113877e+04  2.94598643e+00  1.05113877e+04 -2.47147655e+00 
 1.06331202e+04  2.94582509e+00  1.06331202e+04 -2.50012267e+00 
 1.07562625e+04  2.94566001e+00  1.07562625e+04 -2.52909850e+00 
 1.08808308e+04  2.94549108e+00  1.08808308e+04 -2.55840783e+00 
 1.10068418e+04  2.94531824e+00  1.10068418e+04 -2.58805447e+00 
 1.11343122e+04  2.94514138e+00  1.11343122e+04 -2.61804230e+00 
 1.12632587e+04  2.94496041e+00  1.12632587e+04 -2.64837522e+00 
 1.13936986e+04  2.94477523e+00  1.13936986e+04 -2.67905717e+00 
 1.15256492e+04  2.94458576e+00  1.15256492e+04 -2.71009216e+00 
 1.16591278e+04  2.94439189e+00  1.16591278e+04 -2.74148423e+00 
 1.17941523e+04  2.94419351e+00  1.17941523e+04 -2.77323745e+00 
 1.19307404e+04  2.94399053e+00  1.19307404e+04 -2.80535596e+00 
 1.20689105e+04  2.94378283e+00  1.20689105e+04 -2.83784393e+00 
 1.22086806e+04  2.94357032e+00  1.22086806e+04 -2.87070558e+00 
 1.23500695e+04  2.94335287e+00  1.23500695e+04 -2.90394518e+00 
 1.24930957e+04  2.94313037e+00  1.24930957e+04 -2.93756703e+00 
 1.26377784e+04  2.94290271e+00  1.26377784e+04 -2.97157552e+00 
 1.27841366e+04  2.94266976e+00  1.27841366e+04 -3.00597503e+00 
 1.29321898e+04  2.94243141e+00  1.29321898e+04 -3.04077003e+00 
 1.30819576e+04  2.94218753e+00  1.30819576e+04 -3.07596503e+00 
 1.32334599e+04  2.94193799e+00  1.32334599e+04 -3.11156458e+00 
 1.33867167e+04  2.94168266e+00  1.33867167e+04 -3.14757328e+00 
 1.35417484e+04  2.94142141e+00  1.35417484e+04 -3.18399580e+00 
 1.36985755e+04  2.94115410e+00  1.36985755e+04 -3.22083684e+00 
 1.38572188e+04  2.94088058e+00  1.38572188e+04 -3.25810115e+00 
 1.40176994e+04  2.94060073e+00  1.40176994e+04 -3.29579355e+00 
 1.41800385e+04  2.94031438e+00  1.41800385e+04 -3.33391890e+00 
 1.43442576e+04  2.94002140e+00  1.43442576e+04 -3.37248210e+00 
 1.45103786e+04  2.93972162e+00  1.45103786e+04 -3.41148814e+00 
 1.46784234e+04  2.93941490e+00  1.46784234e+04 -3.45094203e+00 
 1.48484144e+04  2.93910107e+00  1.48484144e+04 -3.49084883e+00 
 1.50203740e+04  2.93877996e+00  1.50203740e+04 -3.53121370e+00 
 1.51943251e+04  2.93845141e+00  1.51943251e+04 -3.57204180e+00 
 1.53702907e+04  2.93811525e+00  1.53702907e+04 -3.61333838e+00 
 1.55482942e+04  2.93777130e+00  1.55482942e+04 -3.65510874e+00 
 1.57283591e+04  2.93741939e+00  1.57283591e+04 -3.69735823e+00 
 1.59105094e+04  2.93705932e+00  1.59105094e+04 -3.74009225e+00 
 1.60947691e+04  2.93669092e+00  1.60947691e+04 -3.78331628e+00 
 1.62811628e+04  2.93631399e+00  1.62811628e+04 -3.82703585e+00 
 1.64697151e+04  2.93592833e+00  1.64697151e+04 -3.87125653e+00 
 1.66604510e+04  2.93553374e+00  1.66604510e+04 -3.91598398e+00 
 1.68533958e+04  2.93513002e+00  1.68533958e+04 -3.96122388e+00 
 1.70485751e+04  2.93471696e+00  1.70485751e+04 -4.00698202e+00 
 1.72460148e+04  2.93429434e+00  1.72460148e+04 -4.05326420e+00 
 1.74457411e+04  2.93386195e+00  1.74457411e+04 -4.10007632e+00 
 1.76477804e+04  2.93341956e+00  1.76477804e+04 -4.14742432e+00 
 1.78521595e+04  2.93296693e+00  1.78521595e+04 -4.19531421e+00 
 1.80589055e+04  2.93250384e+00  1.80589055e+04 -4.24375206e+00 
 1.82680458e+04  2.93203004e+00  1.82680458e+04 -4.29274401e+00 
 1.84796082e+04  2.93154530e+00  1.84796082e+04 -4.34229624e+00 
 1.86936208e+04  2.93104935e+00  1.86936208e+04 -4.39241503e+00 
 1.89101117e+04  2.93054194e+00  1.89101117e+04 -4.44310670e+00 
 1.91291099e+04  2.93002281e+00  1.91291099e+04 -4.49437764e+00 
 1.93506443e+04  2.92949169e+00  1.93506443e+04 -4.54623430e+00 
 1.95747443e+04  2.92894831e+00  1.95747443e+04 -4.59868320e+00 
 1.98014396e+04  2.92839238e+00  1.98014396e+04 -4.65173094e+00 
 2.00307602e+04  2.92782363e+00  2.00307602e+04 -4.70538418e+00 
 2.02627366e+04  2.92724174e+00  2.02627366e+04 -4.75964962e+00 
 2.04973996e+04  2.92664643e+00  2.04973996e+04 -4.81453406e+00 
 2.07347801e+04  2.92603739e+00  2.07347801e+04 -4.87004436e+00 
 2.09749098e+04  2.92541431e+00  2.09749098e+04 -4.92618744e+00 
 2.12178204e+04  2.92477686e+00  2.12178204e+04 -4.98297031e+00 
 2.14635442e+04  2.92412472e+00  2.14635442e+04 -5.04040002e+00 
 2.17121137e+04  2.92345755e+00  2.17121137e+04 -5.09848370e+00 
 2.19635619e+04  2.92277500e+00  2.19635619e+04 -5.15722857e+00 
 2.22179221e+04  2.92207674e+00  2.22179221e+04 -5.21664190e+00 
 2.24752280e+04  2.92136240e+00  2.24752280e+04 -5.27673103e+00 
 2.27355138e+04  2.92063162e+00  2.27355138e+04 -5.33750338e+00 
 2.29988140e+04  2.91988401e+00  2.29988140e+04 -5.39896644e+00 
 2.32651635e+04  2.91911921e+00  2.32651635e+04 -5.46112777e+00 
 2.35345976e+04  2.91833682e+00  2.35345976e+04 -5.52399501e+00 
 2.38071520e+04  2.91753644e+00  2.38071520e+04 -5.58757585e+00 
 2.40828628e+04  2.91671765e+00  2.40828628e+04 -5.65187808e+00 
 2.43617666e+04  2.91588006e+00  2.43617666e+04 -5.71690956e+00 
 2.46439005e+04  2.91502322e+00  2.46439005e+04 -5.78267820e+00 
 2.49293017e+04  2.91414671e+00  2.49293017e+04 -5.84919201e+00 
 2.52180082e+04  2.91325007e+00  2.52180082e+04 -5.91645906e+00 
 2.55100581e+04  2.91233285e+00  2.55100581e+04 -5.98448749e+00 
 2.58054904e+04  2.91139460e+00  2.58054904e+04 -6.05328555e+00 
 2.61043440e+04  2.91043483e+00  2.61043440e+04 -6.12286151e+00 
 2.64066586e+04  2.90945305e+00  2.64066586e+04 -6.19322375e+00 
 2.67124744e+04  2.90844878e+00  2.67124744e+04 -6.26438073e+00 
 2.70218318e+04  2.90742150e+00  2.70218318e+04 -6.33634096e+00 
 2.73347718e+04  2.90637069e+00  2.73347718e+04 -6.40911304e+00 
 2.76513361e+04  2.90529584e+00  2.76513361e+04 -6.48270565e+00 
 2.79715664e+04  2.90419639e+00  2.79715664e+04 -6.55712754e+00 
 2.82955054e+04  2.90307180e+00  2.82955054e+04 -6.63238753e+00 
 2.86231959e+04  2.90192150e+00  2.86231959e+04 -6.70849453e+00 
 2.89546814e+04  2.90074491e+00  2.89546814e+04 -6.78545751e+00 
 2.92900058e+04  2.89954146e+00  2.92900058e+04 -6.86328552e+00 
 2.96292136e+04  2.89831052e+00  2.96292136e+04 -6.94198770e+00 
 2.99723498e+04  2.89705150e+00  2.99723498e+04 -7.02157324e+00 
 3.03194599e+04  2.89576376e+00  3.03194599e+04 -7.10205143e+00 
 3.06705898e+04  2.89444666e+00  3.06705898e+04 -7.18343163e+00 
 3.10257862e+04  2.89309956e+00  3.10257862e+04 -7.26572325e+00 
 3.13850961e+04  2.89172177e+00  3.13850961e+04 -7.34893582e+00 
 3.17485672e+04  2.89031262e+00  3.17485672e+04 -7.43307890e+00 
 3.21162476e+04  2.88887142e+00  3.21162476e+04 -7.51816215e+00 
 3.24881861e+04  2.88739745e+00  3.24881861e+04 -7.60419530e+00 
 3.28644321e+04  2.88588998e+00  3.28644321e+04 -7.69118816e+00 
 3.32450354e+04  2.88434827e+00  3.32450354e+04 -7.77915059e+00 
 3.36300464e+04  2.88277158e+00  3.36300464e+04 -7.86809255e+00 
 3.40195163e+04  2.88115911e+00  3.40195163e+04 -7.95802405e+00 
 3.44134966e+04  2.87951009e+00  3.44134966e+04 -8.04895520e+00 
 3.48120396e+04  2.87782371e+00  3.48120396e+04 -8.14089615e+00 
 3.52151982e+04  2.87609915e+00  3.52151982e+04 -8.23385713e+00 
 3.56230257e+04  2.87433556e+00  3.56230257e+04 -8.32784847e+00 
 3.60355763e+04  2.87253210e+00  3.60355763e+04 -8.42288051e+00 
 3.64529046e+04  2.87068789e+00  3.64529046e+04 -8.51896373e+00 
 3.68750660e+04  2.86880204e+00  3.68750660e+04 -8.61610861e+00 
 3.73021165e+04  2.86687364e+00  3.73021165e+04 -8.71432574e+00 
 3.77341126e+04  2.86490176e+00  3.77341126e+04 -8.81362576e+00 
 3.81711117e+04  2.86288545e+00  3.81711117e+04 -8.91401938e+00 
 3.86131717e+04  2.86082375e+00  3.86131717e+04 -9.01551738e+00 
 3.90603512e+04  2.85871567e+00  3.90603512e+04 -9.11813058e+00 
 3.95127095e+04  2.85656021e+00  3.95127095e+04 -9.22186988e+00 
 3.99703065e+04  2.85435635e+00  3.99703065e+04 -9.32674624e+00 
 4.04332030e+04  2.85210303e+00  4.04332030e+04 -9.43277068e+00 
 4.09014603e+04  2.84979919e+00  4.09014603e+04 -9.53995426e+00 
 4.13751404e+04  2.84744375e+00  4.13751404e+04 -9.64830812e+00 
 4.18543063e+04  2.84503560e+00  4.18543063e+04 -9.75784343e+00 
 4.23390214e+04  2.84257361e+00  4.23390214e+04 -9.86857144e+00 
 4.28293500e+04  2.84005662e+00  4.28293500e+04 -9.98050343e+00 
 4.33253571e+04  2.83748346e+00  4.33253571e+04 -1.00936507e+01 
 4.38271084e+04  2.83485294e+00  4.38271084e+04 -1.02080247e+01 
 4.43346705e+04  2.83216384e+00  4.43346705e+04 -1.03236369e+01 
 4.48481108e+04  2.82941491e+00  4.48481108e+04 -1.04404986e+01 
 4.53674971e+04  2.82660489e+00  4.53674971e+04 -1.05586214e+01 
 4.58928985e+04  2.82373248e+00  4.58928985e+04 -1.06780170e+01 
 4.64243846e+04  2.82079638e+00  4.64243846e+04 -1.07986967e+01 
 4.69620258e+04  2.81779525e+00  4.69620258e+04 -1.09206724e+01 
 4.75058934e+04  2.81472771e+00  4.75058934e+04 -1.10439556e+01 
 4.80560596e+04  2.81159239e+00  4.80560596e+04 -1.11685580e+01 
 4.86125973e+04  2.80838787e+00  4.86125973e+04 -1.12944913e+01 
 4.91755802e+04  2.80511270e+00  4.91755802e+04 -1.14217673e+01 
 4.97450830e+04  2.80176544e+00  4.97450830e+04 -1.15503978e+01 
 5.03211813e+04  2.79834457e+00  5.03211813e+04 -1.16803944e+01 
 5.09039513e+04  2.79484859e+00  5.09039513e+04 -1.18117690e+01 
 5.14934704e+04  2.79127595e+00  5.14934704e+04 -1.19445334e+01 
 5.20898168e+04  2.78762508e+00  5.20898168e+04 -1.20786994e+01 
 5.26930694e+04  2.78389437e+00  5.26930694e+04 -1.22142788e+01 
 5.33033083e+04  2.78008220e+00  5.33033083e+04 -1.23512834e+01 
 5.39206144e+04  2.77618692e+00  5.39206144e+04 -1.24897250e+01 
 5.45450695e+04  2.77220685e+00  5.45450695e+04 -1.26296155e+01 
 5.51767564e+04  2.76814026e+00  5.51767564e+04 -1.27709665e+01 
 5.58157589e+04  2.76398542e+00  5.58157589e+04 -1.29137900e+01 
 5.64621617e+04  2.75974057e+00  5.64621617e+04 -1.30580976e+01 
 5.71160505e+04  2.75540391e+00  5.71160505e+04 -1.32039011e+01 
 5.77775120e+04  2.75097360e+00  5.77775120e+04 -1.33512122e+01 
 5.84466339e+04  2.74644779e+00  5.84466339e+04 -1.35000426e+01 
 5.91235049e+04  2.74182461e+00  5.91235049e+04 -1.36504039e+01 
 5.98082147e+04  2.73710213e+00  5.98082147e+04 -1.38023077e+01 
 6.05008542e+04  2.73227840e+00  6.05008542e+04 -1.39557655e+01 
 6.12015151e+04  2.72735147e+00  6.12015151e+04 -1.41107889e+01 
 6.19102904e+04  2.72231931e+00  6.19102904e+04 -1.42673893e+01 
 6.26272740e+04  2.71717990e+00  6.26272740e+04 -1.44255781e+01 
 6.33525610e+04  2.71193118e+00  6.33525610e+04 -1.45853666e+01 
 6.40862476e+04  2.70657104e+00  6.40862476e+04 -1.47467660e+01 
 6.48284310e+04  2.70109738e+00  6.48284310e+04 -1.49097874e+01 
 6.55792097e+04  2.69550803e+00  6.55792097e+04 -1.50744421e+01 
 6.63386831e+04  2.68980081e+00  6.63386831e+04 -1.52407408e+01 
 6.71069519e+04  2.68397350e+00  6.71069519e+04 -1.54086946e+01 
 6.78841182e+04  2.67802388e+00  6.78841182e+04 -1.55783142e+01 
 6.86702847e+04  2.67194966e+00  6.86702847e+04 -1.57496102e+01 
 6.94655559e+04  2.66574854e+00  6.94655559e+04 -1.59225933e+01 
 7.02700371e+04  2.65941820e+00  7.02700371e+04 -1.60972739e+01 
 7.10838351e+04  2.65295627e+00  7.10838351e+04 -1.62736622e+01 
 7.19070576e+04  2.64636037e+00  7.19070576e+04 -1.64517684e+01 
 7.27398139e+04  2.63962807e+00  7.27398139e+04 -1.66316026e+01 
 7.35822143e+04  2.63275695e+00  7.35822143e+04 -1.68131746e+01 
 7.44343706e+04  2.62574452e+00  7.44343706e+04 -1.69964942e+01 
 7.52963957e+04  2.61858829e+00  7.52963957e+04 -1.71815708e+01 
 7.61684039e+04  2.61128573e+00  7.61684039e+04 -1.73684139e+01 
 7.70505109e+04  2.60383429e+00  7.70505109e+04 -1.75570328e+01 
 7.79428335e+04  2.59623139e+00  7.79428335e+04 -1.77474363e+01 
 7.88454902e+04  2.58847443e+00  7.88454902e+04 -1.79396333e+01 
 7.97586005e+04  2.58056079e+00  7.97586005e+04 -1.81336324e+01 
 8.06822855e+04  2.57248782e+00  8.06822855e+04 -1.83294421e+01 
 8.16166678e+04  2.56425283e+00  8.16166678e+04 -1.85270705e+01 
 8.25618712e+04  2.55585314e+00  8.25618712e+04 -1.87265256e+01 
 8.35180209e+04  2.54728604e+00  8.35180209e+04 -1.89278152e+01 
 8.44852439e+04  2.53854877e+00  8.44852439e+04 -1.91309467e+01 
 8.54636682e+04  2.52963859e+00  8.54636682e+04 -1.93359274e+01 
 8.64534237e+04  2.52055271e+00  8.64534237e+04 -1.95427643e+01 
 8.74546416e+04  2.51128836e+00  8.74546416e+04 -1.97514641e+01 
 8.84674546e+04  2.50184271e+00  8.84674546e+04 -1.99620333e+01 
 8.94919970e+04  2.49221295e+00  8.94919970e+04 -2.01744781e+01 
 9.05284046e+04  2.48239623e+00  9.05284046e+04 -2.03888043e+01 
 9.15768148e+04  2.47238971e+00  9.15768148e+04 -2.06050176e+01 
 9.26373667e+04  2.46219051e+00  9.26373667e+04 -2.08231232e+01 
 9.37102009e+04  2.45179578e+00  9.37102009e+04 -2.10431263e+01 
 9.47954596e+04  2.44120263e+00  9.47954596e+04 -2.12650314e+01 
 9.58932866e+04  2.43040816e+00  9.58932866e+04 -2.14888429e+01 
 9.70038276e+04  2.41940950e+00  9.70038276e+04 -2.17145649e+01 
 9.81272298e+04  2.40820373e+00  9.81272298e+04 -2.19422010e+01 
 9.92636421e+04  2.39678797e+00  9.92636421e+04 -2.21717547e+01 
 1.00413215e+05  2.38515932e+00  1.00413215e+05 -2.24032289e+01 
 1.01576102e+05  2.37331487e+00  1.01576102e+05 -2.26366262e+01 
 1.02752455e+05  2.36125174e+00  1.02752455e+05 -2.28719491e+01 
 1.03942432e+05  2.34896704e+00  1.03942432e+05 -2.31091993e+01 
 1.05146191e+05  2.33645789e+00  1.05146191e+05 -2.33483786e+01 
 1.06363890e+05  2.32372142e+00  1.06363890e+05 -2.35894880e+01 
 1.07595691e+05  2.31075477e+00  1.07595691e+05 -2.38325284e+01 
 1.08841757e+05  2.29755511e+00  1.08841757e+05 -2.40775003e+01 
 1.10102255e+05  2.28411961e+00  1.10102255e+05 -2.43244035e+01 
 1.11377350e+05  2.27044546e+00  1.11377350e+05 -2.45732379e+01 
 1.12667212e+05  2.25652988e+00  1.12667212e+05 -2.48240027e+01 
 1.13972012e+05  2.24237011e+00  1.13972012e+05 -2.50766966e+01 
 1.15291923e+05  2.22796342e+00  1.15291923e+05 -2.53313183e+01 
 1.16627120e+05  2.21330710e+00  1.16627120e+05 -2.55878657e+01 
 1.17977779e+05  2.19839849e+00  1.17977779e+05 -2.58463365e+01 
 1.19344081e+05  2.18323495e+00  1.19344081e+05 -2.61067281e+01 
 1.20726206e+05  2.16781388e+00  1.20726206e+05 -2.63690371e+01 
 1.22124337e+05  2.15213272e+00  1.22124337e+05 -2.66332603e+01 
 1.23538660e+05  2.13618897e+00  1.23538660e+05 -2.68993935e+01 
 1.24969363e+05  2.11998015e+00  1.24969363e+05 -2.71674325e+01 
 1.26416634e+05  2.10350386e+00  1.26416634e+05 -2.74373726e+01 
 1.27880666e+05  2.08675772e+00  1.27880666e+05 -2.77092086e+01 
 1.29361653e+05  2.06973944e+00  1.29361653e+05 -2.79829352e+01 
 1.30859792e+05  2.05244676e+00  1.30859792e+05 -2.82585463e+01 
 1.32375280e+05  2.03487750e+00  1.32375280e+05 -2.85360359e+01 
 1.33908319e+05  2.01702954e+00  1.33908319e+05 -2.88153972e+01 
 1.35459113e+05  1.99890083e+00  1.35459113e+05 -2.90966233e+01 
 1.37027866e+05  1.98048938e+00  1.37027866e+05 -2.93797070e+01 
 1.38614787e+05  1.96179330e+00  1.38614787e+05 -2.96646405e+01 
 1.40220086e+05  1.94281076e+00  1.40220086e+05 -2.99514158e+01 
 1.41843976e+05  1.92354001e+00  1.41843976e+05 -3.02400248e+01 
 1.43486672e+05  1.90397940e+00  1.43486672e+05 -3.05304587e+01 
 1.45148393e+05  1.88412734e+00  1.45148393e+05 -3.08227086e+01 
 1.46829358e+05  1.86398238e+00  1.46829358e+05 -3.11167654e+01 
 1.48529790e+05  1.84354311e+00  1.48529790e+05 -3.14126196e+01 
 1.50249915e+05  1.82280825e+00  1.50249915e+05 -3.17102615e+01 
 1.51989960e+05  1.80177661e+00  1.51989960e+05 -3.20096811e+01 
 1.53750157e+05  1.78044711e+00  1.53750157e+05 -3.23108683e+01 
 1.55530739e+05  1.75881877e+00  1.55530739e+05 -3.26138127e+01 
 1.57331942e+05  1.73689073e+00  1.57331942e+05 -3.29185038e+01 
 1.59154005e+05  1.71466223e+00  1.59154005e+05 -3.32249309e+01 
 1.60997169e+05  1.69213263e+00  1.60997169e+05 -3.35330831e+01 
 1.62861678e+05  1.66930141e+00  1.62861678e+05 -3.38429495e+01 
 1.64747781e+05  1.64616817e+00  1.64747781e+05 -3.41545191e+01 
 1.66655726e+05  1.62273264e+00  1.66655726e+05 -3.44677806e+01 
 1.68585768e+05  1.59899466e+00  1.68585768e+05 -3.47827230e+01 
 1.70538161e+05  1.57495422e+00  1.70538161e+05 -3.50993351e+01 
 1.72513165e+05  1.55061141e+00  1.72513165e+05 -3.54176057e+01 
 1.74511042e+05  1.52596648e+00  1.74511042e+05 -3.57375237e+01 
 1.76532055e+05  1.50101981e+00  1.76532055e+05 -3.60590779e+01 
 1.78576475e+05  1.47577191e+00  1.78576475e+05 -3.63822575e+01 
 1.80644570e+05  1.45022342e+00  1.80644570e+05 -3.67070515e+01 
 1.82736617e+05  1.42437513e+00  1.82736617e+05 -3.70334493e+01 
 1.84852891e+05  1.39822798e+00  1.84852891e+05 -3.73614403e+01 
 1.86993674e+05  1.37178304e+00  1.86993674e+05 -3.76910142e+01 
 1.89159250e+05  1.34504152e+00  1.89159250e+05 -3.80221610e+01 
 1.91349905e+05  1.31800478e+00  1.91349905e+05 -3.83548709e+01 
 1.93565930e+05  1.29067433e+00  1.93565930e+05 -3.86891345e+01 
 1.95807618e+05  1.26305181e+00  1.95807618e+05 -3.90249426e+01 
 1.98075268e+05  1.23513902e+00  1.98075268e+05 -3.93622866e+01 
 2.00369179e+05  1.20693790e+00  2.00369179e+05 -3.97011581e+01 
 2.02689657e+05  1.17845054e+00  2.02689657e+05 -4.00415492e+01 
 2.05037007e+05  1.14967916e+00  2.05037007e+05 -4.03834526e+01 
 2.07411543e+05  1.12062614e+00  2.07411543e+05 -4.07268615e+01 
 2.09813578e+05  1.09129401e+00  2.09813578e+05 -4.10717696e+01 
 2.12243431e+05  1.06168542e+00  2.12243431e+05 -4.14181712e+01 
 2.14701424e+05  1.03180317e+00  2.14701424e+05 -4.17660613e+01 
 2.17187883e+05  1.00165021e+00  2.17187883e+05 -4.21154353e+01 
 2.19703138e+05  9.71229626e-01  2.19703138e+05 -4.24662898e+01 
 2.22247522e+05  9.40544631e-01  2.22247522e+05 -4.28186217e+01 
 2.24821372e+05  9.09598580e-01  2.24821372e+05 -4.31724287e+01 
 2.27425030e+05  8.78394957e-01  2.27425030e+05 -4.35277097e+01 
 2.30058842e+05  8.46937379e-01  2.30058842e+05 -4.38844639e+01 
 2.32723155e+05  8.15229585e-01  2.32723155e+05 -4.42426917e+01 
 2.35418324e+05  7.83275441e-01  2.35418324e+05 -4.46023944e+01 
 2.38144706e+05  7.51078934e-01  2.38144706e+05 -4.49635741e+01 
 2.40902662e+05  7.18644164e-01  2.40902662e+05 -4.53262339e+01 
 2.43692558e+05  6.85975347e-01  2.43692558e+05 -4.56903779e+01 
 2.46514763e+05  6.53076810e-01  2.46514763e+05 -4.60560114e+01 
 2.49369653e+05  6.19952980e-01  2.49369653e+05 -4.64231404e+01 
 2.52257605e+05  5.86608391e-01  2.52257605e+05 -4.67917724e+01 
 2.55179003e+05  5.53047667e-01  2.55179003e+05 -4.71619155e+01 
 2.58134233e+05  5.19275530e-01  2.58134233e+05 -4.75335795e+01 
 2.61123688e+05  4.85296783e-01  2.61123688e+05 -4.79067748e+01 
 2.64147764e+05  4.51116314e-01  2.64147764e+05 -4.82815134e+01 
 2.67206861e+05  4.16739088e-01  2.67206861e+05 -4.86578083e+01 
 2.70301386e+05  3.82170137e-01  2.70301386e+05 -4.90356737e+01 
 2.73431749e+05  3.47414562e-01  2.73431749e+05 -4.94151251e+01 
 2.76598365e+05  3.12477523e-01  2.76598365e+05 -4.97961793e+01 
 2.79801653e+05  2.77364233e-01  2.79801653e+05 -5.01788541e+01 
 2.83042038e+05  2.42079954e-01  2.83042038e+05 -5.05631690e+01 
 2.86319950e+05  2.06629987e-01  2.86319950e+05 -5.09491443e+01 
 2.89635824e+05  1.71019673e-01  2.89635824e+05 -5.13368020e+01 
 2.92990099e+05  1.35254380e-01  2.92990099e+05 -5.17261652e+01 
 2.96383220e+05  9.93394982e-02  2.96383220e+05 -5.21172584e+01 
 2.99815637e+05  6.32804358e-02  2.99815637e+05 -5.25101071e+01 
 3.03287805e+05  2.70826109e-02  3.03287805e+05 -5.29047387e+01 
 3.06800183e+05 -9.24855480e-03  3.06800183e+05 -5.33011813e+01 
 3.10353239e+05 -4.57076425e-02  3.10353239e+05 -5.36994647e+01 
 3.13947443e+05 -8.22892429e-02  3.13947443e+05 -5.40996199e+01 
 3.17583271e+05 -1.18987962e-01  3.17583271e+05 -5.45016790e+01 
 3.21261205e+05 -1.55798430e-01  3.21261205e+05 -5.49056758e+01 
 3.24981734e+05 -1.92715304e-01  3.24981734e+05 -5.53116449e+01 
 3.28745351e+05 -2.29733277e-01  3.28745351e+05 -5.57196225e+01 
 3.32552554e+05 -2.66847085e-01  3.32552554e+05 -5.61296459e+01 
 3.36403848e+05 -3.04051512e-01  3.36403848e+05 -5.65417537e+01 
 3.40299744e+05 -3.41341395e-01  3.40299744e+05 -5.69559857e+01 
 3.44240758e+05 -3.78711635e-01  3.44240758e+05 -5.73723828e+01 
 3.48227413e+05 -4.16157195e-01  3.48227413e+05 -5.77909871e+01 
 3.52260238e+05 -4.53673115e-01  3.52260238e+05 -5.82118419e+01 
 3.56339767e+05 -4.91254512e-01  3.56339767e+05 -5.86349916e+01 
 3.60466541e+05 -5.28896587e-01  3.60466541e+05 -5.90604817e+01 
 3.64641107e+05 -5.66594631e-01  3.64641107e+05 -5.94883587e+01 
 3.68864019e+05 -6.04344032e-01  3.68864019e+05 -5.99186701e+01 
 3.73135837e+05 -6.42140276e-01  3.73135837e+05 -6.03514644e+01 
 3.77457126e+05 -6.79978957e-01  3.77457126e+05 -6.07867912e+01 
 3.81828460e+05 -7.17855776e-01  3.81828460e+05 -6.12247008e+01 
 3.86250419e+05 -7.55766552e-01  3.86250419e+05 -6.16652445e+01 
 3.90723589e+05 -7.93707224e-01  3.90723589e+05 -6.21084744e+01 
 3.95248562e+05 -8.31673851e-01  3.95248562e+05 -6.25544433e+01 
 3.99825939e+05 -8.69662623e-01  3.99825939e+05 -6.30032050e+01 
 4.04456327e+05 -9.07669860e-01  4.04456327e+05 -6.34548137e+01 
 4.09140339e+05 -9.45692017e-01  4.09140339e+05 -6.39093245e+01 
 4.13878597e+05 -9.83725687e-01  4.13878597e+05 -6.43667929e+01 
 4.18671729e+05 -1.02176760e+00  4.18671729e+05 -6.48272751e+01 
 4.23520370e+05 -1.05981465e+00  4.23520370e+05 -6.52908278e+01 
 4.28425163e+05 -1.09786384e+00  4.28425163e+05 -6.57575080e+01 
 4.33386759e+05 -1.13591235e+00  4.33386759e+05 -6.62273734e+01 
 4.38405814e+05 -1.17395750e+00  4.38405814e+05 -6.67004817e+01 
 4.43482996e+05 -1.21199678e+00  4.43482996e+05 -6.71768913e+01 
 4.48618977e+05 -1.25002780e+00  4.48618977e+05 -6.76566604e+01 
 4.53814437e+05 -1.28804834e+00  4.53814437e+05 -6.81398477e+01 
 4.59070066e+05 -1.32605635e+00  4.59070066e+05 -6.86265120e+01 
 4.64386560e+05 -1.36404992e+00  4.64386560e+05 -6.91167122e+01 
 4.69764625e+05 -1.40202729e+00  4.69764625e+05 -6.96105070e+01 
 4.75204974e+05 -1.43998687e+00  4.75204974e+05 -7.01079553e+01 
 4.80708327e+05 -1.47792722e+00  4.80708327e+05 -7.06091158e+01 
 4.86275414e+05 -1.51584705e+00  4.86275414e+05 -7.11140473e+01 
 4.91906974e+05 -1.55374523e+00  4.91906974e+05 -7.16228080e+01 
 4.97603753e+05 -1.59162077e+00  4.97603753e+05 -7.21354561e+01 
 5.03366507e+05 -1.62947285e+00  5.03366507e+05 -7.26520495e+01 
 5.09195999e+05 -1.66730079e+00  5.09195999e+05 -7.31726456e+01 
 5.15093002e+05 -1.70510406e+00  5.15093002e+05 -7.36973016e+01 
 5.21058299e+05 -1.74288226e+00  5.21058299e+05 -7.42260740e+01 
 5.27092679e+05 -1.78063516e+00  5.27092679e+05 -7.47590190e+01 
 5.33196944e+05 -1.81836264e+00  5.33196944e+05 -7.52961919e+01 
 5.39371903e+05 -1.85606475e+00  5.39371903e+05 -7.58376476e+01 
 5.45618374e+05 -1.89374165e+00  5.45618374e+05 -7.63834404e+01 
 5.51937185e+05 -1.93139363e+00  5.51937185e+05 -7.69336237e+01 
 5.58329174e+05 -1.96902113e+00  5.58329174e+05 -7.74882501e+01 
 5.64795189e+05 -2.00662469e+00  5.64795189e+05 -7.80473716e+01 
 5.71336088e+05 -2.04420497e+00  5.71336088e+05 -7.86110390e+01 
 5.77952736e+05 -2.08176277e+00  5.77952736e+05 -7.91793024e+01 
 5.84646012e+05 -2.11929897e+00  5.84646012e+05 -7.97522109e+01 
 5.91416802e+05 -2.15681458e+00  5.91416802e+05 -8.03298125e+01 
 5.98266006e+05 -2.19431070e+00  5.98266006e+05 -8.09121543e+01 
 6.05194529e+05 -2.23178854e+00  6.05194529e+05 -8.14992821e+01 
 6.12203293e+05 -2.26924939e+00  6.12203293e+05 -8.20912408e+01 
 6.19293224e+05 -2.30669464e+00  6.19293224e+05 -8.26880740e+01 
 6.26465265e+05 -2.34412575e+00  6.26465265e+05 -8.32898241e+01 
 6.33720365e+05 -2.38154427e+00  6.33720365e+05 -8.38965322e+01 
 6.41059486e+05 -2.41895182e+00  6.41059486e+05 -8.45082383e+01 
 6.48483601e+05 -2.45635009e+00  6.48483601e+05 -8.51249809e+01 
 6.55993696e+05 -2.49374082e+00  6.55993696e+05 -8.57467973e+01 
 6.63590765e+05 -2.53112584e+00  6.63590765e+05 -8.63737233e+01 
 6.71275815e+05 -2.56850701e+00  6.71275815e+05 -8.70057936e+01 
 6.79049866e+05 -2.60588623e+00  6.79049866e+05 -8.76430411e+01 
 6.86913949e+05 -2.64326547e+00  6.86913949e+05 -8.82854975e+01 
 6.94869105e+05 -2.68064671e+00  6.94869105e+05 -8.89331931e+01 
 7.02916391e+05 -2.71803198e+00  7.02916391e+05 -8.95861565e+01 
 7.11056872e+05 -2.75542335e+00  7.11056872e+05 -9.02444150e+01 
 7.19291628e+05 -2.79282288e+00  7.19291628e+05 -9.09079944e+01 
 7.27621750e+05 -2.83023268e+00  7.27621750e+05 -9.15769188e+01 
 7.36048344e+05 -2.86765485e+00  7.36048344e+05 -9.22512110e+01 
 7.44572527e+05 -2.90509153e+00  7.44572527e+05 -9.29308920e+01 
 7.53195428e+05 -2.94254484e+00  7.53195428e+05 -9.36159816e+01 
 7.61918191e+05 -2.98001691e+00  7.61918191e+05 -9.43064977e+01 
 7.70741972e+05 -3.01750986e+00  7.70741972e+05 -9.50024569e+01 
 7.79667942e+05 -3.05502582e+00  7.79667942e+05 -9.57038741e+01 
 7.88697283e+05 -3.09256690e+00  7.88697283e+05 -9.64107628e+01 
 7.97831193e+05 -3.13013519e+00  7.97831193e+05 -9.71231347e+01 
 8.07070883e+05 -3.16773277e+00  8.07070883e+05 -9.78410002e+01 
 8.16417578e+05 -3.20536171e+00  8.16417578e+05 -9.85643681e+01 
 8.25872518e+05 -3.24302403e+00  8.25872518e+05 -9.92932456e+01 
 8.35436955e+05 -3.28072176e+00  8.35436955e+05 -1.00027638e+02 
 8.45112157e+05 -3.31845687e+00  8.45112157e+05 -1.00767551e+02 
 8.54899409e+05 -3.35623132e+00  8.54899409e+05 -1.01512985e+02 
 8.64800006e+05 -3.39404704e+00  8.64800006e+05 -1.02263943e+02 
 8.74815263e+05 -3.43190590e+00  8.74815263e+05 -1.03020425e+02 
 8.84946506e+05 -3.46980977e+00  8.84946506e+05 -1.03782428e+02 
 8.95195080e+05 -3.50776047e+00  8.95195080e+05 -1.04549949e+02 
 9.05562342e+05 -3.54575977e+00  9.05562342e+05 -1.05322985e+02 
 9.16049667e+05 -3.58380943e+00  9.16049667e+05 -1.06101529e+02 
 9.26658447e+05 -3.62191115e+00  9.26658447e+05 -1.06885573e+02 
 9.37390086e+05 -3.66006660e+00  9.37390086e+05 -1.07675111e+02 
 9.48246009e+05 -3.69827743e+00  9.48246009e+05 -1.08470130e+02 
 9.59227655e+05 -3.73654522e+00  9.59227655e+05 -1.09270622e+02 
 9.70336479e+05 -3.77487155e+00  9.70336479e+05 -1.10076572e+02 
 9.81573954e+05 -3.81325795e+00  9.81573954e+05 -1.10887968e+02 
 9.92941571e+05 -3.85170591e+00  9.92941571e+05 -1.11704795e+02 
 1.00444084e+06 -3.89021691e+00  1.00444084e+06 -1.12527037e+02 
 1.01607327e+06 -3.92879240e+00  1.01607327e+06 -1.13354678e+02 
 1.02784043e+06 -3.96743378e+00  1.02784043e+06 -1.14187698e+02 
 1.03974386e+06 -4.00614246e+00  1.03974386e+06 -1.15026080e+02 
 1.05178514e+06 -4.04491982e+00  1.05178514e+06 -1.15869803e+02 
 1.06396587e+06 -4.08376721e+00  1.06396587e+06 -1.16718846e+02 
 1.07628767e+06 -4.12268599e+00  1.07628767e+06 -1.17573187e+02 
 1.08875217e+06 -4.16167750e+00  1.08875217e+06 -1.18432804e+02 
 1.10136102e+06 -4.20074308e+00  1.10136102e+06 -1.19297674e+02 
 1.11411589e+06 -4.23988407e+00  1.11411589e+06 -1.20167771e+02 
 1.12701847e+06 -4.27910182e+00  1.12701847e+06 -1.21043071e+02 
 1.14007049e+06 -4.31839769e+00  1.14007049e+06 -1.21923549e+02 
 1.15327365e+06 -4.35777306e+00  1.15327365e+06 -1.22809177e+02 
 1.16662972e+06 -4.39722932e+00  1.16662972e+06 -1.23699929e+02 
 1.18014047e+06 -4.43676790e+00  1.18014047e+06 -1.24595778e+02 
 1.19380769e+06 -4.47639026e+00  1.19380769e+06 -1.25496695e+02 
 1.20763319e+06 -4.51609790e+00  1.20763319e+06 -1.26402653e+02 
 1.22161880e+06 -4.55589238e+00  1.22161880e+06 -1.27313621e+02 
 1.23576638e+06 -4.59577529e+00  1.23576638e+06 -1.28229572e+02 
 1.25007780e+06 -4.63574831e+00  1.25007780e+06 -1.29150475e+02 
 1.26455496e+06 -4.67581316e+00  1.26455496e+06 -1.30076301e+02 
 1.27919978e+06 -4.71597165e+00  1.27919978e+06 -1.31007020e+02 
 1.29401421e+06 -4.75622569e+00  1.29401421e+06 -1.31942602e+02 
 1.30900020e+06 -4.79657724e+00  1.30900020e+06 -1.32883015e+02 
 1.32415974e+06 -4.83702840e+00  1.32415974e+06 -1.33828231e+02 
 1.33949485e+06 -4.87758135e+00  1.33949485e+06 -1.34778219e+02 
 1.35500755e+06 -4.91823839e+00  1.35500755e+06 -1.35732947e+02 
 1.37069990e+06 -4.95900196e+00  1.37069990e+06 -1.36692387e+02 
 1.38657399e+06 -4.99987462e+00  1.38657399e+06 -1.37656507e+02 
 1.40263192e+06 -5.04085905e+00  1.40263192e+06 -1.38625278e+02 
 1.41887581e+06 -5.08195812e+00  1.41887581e+06 -1.39598670e+02 
 1.43530782e+06 -5.12317483e+00  1.43530782e+06 -1.40576653e+02 
 1.45193013e+06 -5.16451235e+00  1.45193013e+06 -1.41559197e+02 
 1.46874495e+06 -5.20597403e+00  1.46874495e+06 -1.42546274e+02 
 1.48575450e+06 -5.24756340e+00  1.48575450e+06 -1.43537856e+02 
 1.50296103e+06 -5.28928419e+00  1.50296103e+06 -1.44533913e+02 
 1.52036684e+06 -5.33114031e+00  1.52036684e+06 -1.45534417e+02 
 1.53797422e+06 -5.37313593e+00  1.53797422e+06 -1.46539342e+02 
 1.55578551e+06 -5.41527538e+00  1.55578551e+06 -1.47548661e+02 
 1.57380308e+06 -5.45756327e+00  1.57380308e+06 -1.48562346e+02 
 1.59202931e+06 -5.50000443e+00  1.59202931e+06 -1.49580372e+02 
 1.61046661e+06 -5.54260392e+00  1.61046661e+06 -1.50602715e+02 
 1.62911744e+06 -5.58536710e+00  1.62911744e+06 -1.51629348e+02 
 1.64798426e+06 -5.62829955e+00  1.64798426e+06 -1.52660249e+02 
 1.66706959e+06 -5.67140717e+00  1.66706959e+06 -1.53695394e+02 
 1.68637593e+06 -5.71469613e+00  1.68637593e+06 -1.54734759e+02 
 1.70590587e+06 -5.75817287e+00  1.70590587e+06 -1.55778324e+02 
 1.72566198e+06 -5.80184419e+00  1.72566198e+06 -1.56826067e+02 
 1.74564689e+06 -5.84571716e+00  1.74564689e+06 -1.57877966e+02 
 1.76586324e+06 -5.88979920e+00  1.76586324e+06 -1.58934003e+02 
 1.78631372e+06 -5.93409804e+00  1.78631372e+06 -1.59994159e+02 
 1.80700103e+06 -5.97862179e+00  1.80700103e+06 -1.61058414e+02 
 1.82792793e+06 -6.02337888e+00  1.82792793e+06 -1.62126751e+02 
 1.84909717e+06 -6.06837812e+00  1.84909717e+06 -1.63199154e+02 
 1.87051159e+06 -6.11362871e+00  1.87051159e+06 -1.64275605e+02 
 1.89217400e+06 -6.15914020e+00  1.89217400e+06 -1.65356090e+02 
 1.91408728e+06 -6.20492255e+00  1.91408728e+06 -1.66440593e+02 
 1.93625434e+06 -6.25098614e+00  1.93625434e+06 -1.67529100e+02 
 1.95867812e+06 -6.29734174e+00  1.95867812e+06 -1.68621599e+02 
 1.98136159e+06 -6.34400055e+00  1.98136159e+06 -1.69718074e+02 
 2.00430776e+06 -6.39097421e+00  2.00430776e+06 -1.70818515e+02 
 2.02751966e+06 -6.43827479e+00  2.02751966e+06 -1.71922909e+02 
 2.05100039e+06 -6.48591483e+00  2.05100039e+06 -1.73031245e+02 
 2.07475304e+06 -6.53390732e+00  2.07475304e+06 -1.74143511e+02 
 2.09878077e+06 -6.58226572e+00  2.09878077e+06 -1.75259696e+02 
 2.12308677e+06 -6.63100399e+00  2.12308677e+06 -1.76379791e+02 
 2.14767426e+06 -6.68013655e+00  2.14767426e+06 -1.77503784e+02 
 2.17254649e+06 -6.72967835e+00  2.17254649e+06 -1.78631666e+02 
 2.19770677e+06 -6.77964484e+00  2.19770677e+06 -1.79763425e+02 
 2.22315843e+06 -6.83005197e+00  2.22315843e+06  1.79100949e+02 
 2.24890485e+06 -6.88091624e+00  2.24890485e+06  1.77961466e+02 
 2.27494944e+06 -6.93225466e+00  2.27494944e+06  1.76818138e+02 
 2.30129565e+06 -6.98408481e+00  2.30129565e+06  1.75670977e+02 
 2.32794697e+06 -7.03642477e+00  2.32794697e+06  1.74519994e+02 
 2.35490695e+06 -7.08929322e+00  2.35490695e+06  1.73365204e+02 
 2.38217915e+06 -7.14270938e+00  2.38217915e+06  1.72206620e+02 
 2.40976718e+06 -7.19669300e+00  2.40976718e+06  1.71044258e+02 
 2.43767472e+06 -7.25126445e+00  2.43767472e+06  1.69878134e+02 
 2.46590545e+06 -7.30644462e+00  2.46590545e+06  1.68708268e+02 
 2.49446313e+06 -7.36225498e+00  2.49446313e+06  1.67534679e+02 
 2.52335153e+06 -7.41871757e+00  2.52335153e+06  1.66357390e+02 
 2.55257448e+06 -7.47585497e+00  2.55257448e+06  1.65176425e+02 
 2.58213587e+06 -7.53369034e+00  2.58213587e+06  1.63991811e+02 
 2.61203961e+06 -7.59224738e+00  2.61203961e+06  1.62803579e+02 
 2.64228966e+06 -7.65155031e+00  2.64228966e+06  1.61611761e+02 
 2.67289004e+06 -7.71162389e+00  2.67289004e+06  1.60416394e+02 
 2.70384481e+06 -7.77249338e+00  2.70384481e+06  1.59217518e+02 
 2.73515806e+06 -7.83418453e+00  2.73515806e+06  1.58015178e+02 
 2.76683395e+06 -7.89672357e+00  2.76683395e+06  1.56809422e+02 
 2.79887667e+06 -7.96013714e+00  2.79887667e+06  1.55600303e+02 
 2.83129049e+06 -8.02445232e+00  2.83129049e+06  1.54387880e+02 
 2.86407969e+06 -8.08969653e+00  2.86407969e+06  1.53172216e+02 
 2.89724862e+06 -8.15589756e+00  2.89724862e+06  1.51953382e+02 
 2.93080168e+06 -8.22308345e+00  2.93080168e+06  1.50731451e+02 
 2.96474332e+06 -8.29128250e+00  2.96474332e+06  1.49506507e+02 
 2.99907804e+06 -8.36052318e+00  2.99907804e+06  1.48278639e+02 
 3.03381039e+06 -8.43083409e+00  3.03381039e+06  1.47047941e+02 
 3.06894498e+06 -8.50224386e+00  3.06894498e+06  1.45814519e+02 
 3.10448646e+06 -8.57478111e+00  3.10448646e+06  1.44578481e+02 
 3.14043954e+06 -8.64847435e+00  3.14043954e+06  1.43339948e+02 
 3.17680900e+06 -8.72335189e+00  3.17680900e+06  1.42099048e+02 
 3.21359965e+06 -8.79944177e+00  3.21359965e+06  1.40855915e+02 
 3.25081638e+06 -8.87677162e+00  3.25081638e+06  1.39610695e+02 
 3.28846411e+06 -8.95536861e+00  3.28846411e+06  1.38363541e+02 
 3.32654785e+06 -9.03525927e+00  3.32654785e+06  1.37114616e+02 
 3.36507263e+06 -9.11646944e+00  3.36507263e+06  1.35864090e+02 
 3.40404356e+06 -9.19902409e+00  3.40404356e+06  1.34612146e+02 
 3.44346582e+06 -9.28294724e+00  3.44346582e+06  1.33358971e+02 
 3.48334463e+06 -9.36826181e+00  3.48334463e+06  1.32104765e+02 
 3.52368527e+06 -9.45498948e+00  3.52368527e+06  1.30849734e+02 
 3.56449310e+06 -9.54315057e+00  3.56449310e+06  1.29594092e+02 
 3.60577353e+06 -9.63276392e+00  3.60577353e+06  1.28338064e+02 
 3.64753203e+06 -9.72384672e+00  3.64753203e+06  1.27081879e+02 
 3.68977413e+06 -9.81641442e+00  3.68977413e+06  1.25825775e+02 
 3.73250543e+06 -9.91048057e+00  3.73250543e+06  1.24569995e+02 
 3.77573161e+06 -1.00060567e+01  3.77573161e+06  1.23314787e+02 
 3.81945839e+06 -1.01031524e+01  3.81945839e+06  1.22060405e+02 
 3.86369158e+06 -1.02017747e+01  3.86369158e+06  1.20807105e+02 
 3.90843702e+06 -1.03019287e+01  3.90843702e+06  1.19555148e+02 
 3.95370067e+06 -1.04036168e+01  3.95370067e+06  1.18304794e+02 
 3.99948851e+06 -1.05068392e+01  3.99948851e+06  1.17056304e+02 
 4.04580662e+06 -1.06115935e+01  4.04580662e+06  1.15809940e+02 
 4.09266114e+06 -1.07178748e+01  4.09266114e+06  1.14565958e+02 
 4.14005829e+06 -1.08256756e+01  4.14005829e+06  1.13324613e+02 
 4.18800434e+06 -1.09349859e+01  4.18800434e+06  1.12086156e+02 
 4.23650566e+06 -1.10457934e+01  4.23650566e+06  1.10850829e+02 
 4.28556866e+06 -1.11580832e+01  4.28556866e+06  1.09618868e+02 
 4.33519987e+06 -1.12718379e+01  4.33519987e+06  1.08390500e+02 
 4.38540586e+06 -1.13870382e+01  4.38540586e+06  1.07165941e+02 
 4.43619329e+06 -1.15036623e+01  4.43619329e+06  1.05945395e+02 
 4.48756888e+06 -1.16216866e+01  4.48756888e+06  1.04729056e+02 
 4.53953946e+06 -1.17410856e+01  4.53953946e+06  1.03517101e+02 
 4.59211190e+06 -1.18618321e+01  4.59211190e+06  1.02309693e+02 
 4.64529319e+06 -1.19838976e+01  4.64529319e+06  1.01106981e+02 
 4.69909037e+06 -1.21072519e+01  4.69909037e+06  9.99090946e+01 
 4.75351058e+06 -1.22318643e+01  4.75351058e+06  9.87161494e+01 
 4.80856103e+06 -1.23577028e+01  4.80856103e+06  9.75282417e+01 
 4.86424902e+06 -1.24847349e+01  4.86424902e+06  9.63454507e+01 
 4.92058193e+06 -1.26129280e+01  4.92058193e+06  9.51678376e+01 
 4.97756723e+06 -1.27422490e+01  4.97756723e+06  9.39954458e+01 
 5.03521248e+06 -1.28726651e+01  5.03521248e+06  9.28283012e+01 
 5.09352532e+06 -1.30041436e+01  5.09352532e+06  9.16664122e+01 
 5.15251348e+06 -1.31366527e+01  5.15251348e+06  9.05097706e+01 
 5.21218479e+06 -1.32701611e+01  5.21218479e+06  8.93583520e+01 
 5.27254715e+06 -1.34046382e+01  5.27254715e+06  8.82121166e+01 
 5.33360856e+06 -1.35400549e+01  5.33360856e+06  8.70710099e+01 
 5.39537713e+06 -1.36763833e+01  5.39537713e+06  8.59349642e+01 
 5.45786104e+06 -1.38135965e+01  5.45786104e+06  8.48038991e+01 
 5.52106858e+06 -1.39516697e+01  5.52106858e+06  8.36777228e+01 
 5.58500812e+06 -1.40905792e+01  5.58500812e+06  8.25563335e+01 
 5.64968815e+06 -1.42303034e+01  5.64968815e+06  8.14396200e+01 
 5.71511724e+06 -1.43708223e+01  5.71511724e+06  8.03274639e+01 
 5.78130406e+06 -1.45121176e+01  5.78130406e+06  7.92197399e+01 
 5.84825740e+06 -1.46541730e+01  5.84825740e+06  7.81163175e+01 
 5.91598612e+06 -1.47969740e+01  5.91598612e+06  7.70170621e+01 
 5.98449920e+06 -1.49405079e+01  5.98449920e+06  7.59218361e+01 
 6.05380574e+06 -1.50847637e+01  6.05380574e+06  7.48305001e+01 
 6.12391492e+06 -1.52297323e+01  6.12391492e+06  7.37429139e+01 
 6.19483603e+06 -1.53754063e+01  6.19483603e+06  7.26589377e+01 
 6.26657849e+06 -1.55217798e+01  6.26657849e+06  7.15784324e+01 
 6.33915179e+06 -1.56688484e+01  6.33915179e+06  7.05012614e+01 
 6.41256556e+06 -1.58166093e+01  6.41256556e+06  6.94272903e+01 
 6.48682954e+06 -1.59650611e+01  6.48682954e+06  6.83563885e+01 
 6.56195357e+06 -1.61142035e+01  6.56195357e+06  6.72884293e+01 
 6.63794761e+06 -1.62640375e+01  6.63794761e+06  6.62232904e+01 
 6.71482174e+06 -1.64145650e+01  6.71482174e+06  6.51608546e+01 
 6.79258615e+06 -1.65657890e+01  6.79258615e+06  6.41010099e+01 
 6.87125115e+06 -1.67177134e+01  6.87125115e+06  6.30436500e+01 
 6.95082717e+06 -1.68703426e+01  6.95082717e+06  6.19886745e+01 
 7.03132476e+06 -1.70236818e+01  7.03132476e+06  6.09359886e+01 
 7.11275460e+06 -1.71777368e+01  7.11275460e+06  5.98855038e+01 
 7.19512747e+06 -1.73325137e+01  7.19512747e+06  5.88371378e+01 
 7.27845431e+06 -1.74880191e+01  7.27845431e+06  5.77908140e+01 
 7.36274615e+06 -1.76442596e+01  7.36274615e+06  5.67464620e+01 
 7.44801418e+06 -1.78012424e+01  7.44801418e+06  5.57040171e+01 
 7.53426970e+06 -1.79589743e+01  7.53426970e+06  5.46634204e+01 
 7.62152414e+06 -1.81174626e+01  7.62152414e+06  5.36246184e+01 
 7.70978908e+06 -1.82767144e+01  7.70978908e+06  5.25875629e+01 
 7.79907622e+06 -1.84367365e+01  7.79907622e+06  5.15522110e+01 
 7.88939739e+06 -1.85975358e+01  7.88939739e+06  5.05185242e+01 
 7.98076457e+06 -1.87591190e+01  7.98076457e+06  4.94864689e+01 
 8.07318988e+06 -1.89214924e+01  8.07318988e+06  4.84560154e+01 
 8.16668556e+06 -1.90846622e+01  8.16668556e+06  4.74271383e+01 
 8.26126402e+06 -1.92486341e+01  8.26126402e+06  4.63998157e+01 
 8.35693779e+06 -1.94134137e+01  8.35693779e+06  4.53740290e+01 
 8.45371956e+06 -1.95790060e+01  8.45371956e+06  4.43497628e+01 
 8.55162216e+06 -1.97454157e+01  8.55162216e+06  4.33270044e+01 
 8.65065857e+06 -1.99126472e+01  8.65065857e+06  4.23057437e+01 
 8.75084193e+06 -2.00807044e+01  8.75084193e+06  4.12859727e+01 
 8.85218551e+06 -2.02495907e+01  8.85218551e+06  4.02676854e+01 
 8.95470275e+06 -2.04193092e+01  8.95470275e+06  3.92508774e+01 
 9.05840724e+06 -2.05898625e+01  9.05840724e+06  3.82355457e+01 
 9.16331273e+06 -2.07612528e+01  9.16331273e+06  3.72216887e+01 
 9.26943314e+06 -2.09334819e+01  9.26943314e+06  3.62093053e+01 
 9.37678253e+06 -2.11065512e+01  9.37678253e+06  3.51983956e+01 
 9.48537513e+06 -2.12804616e+01  9.48537513e+06  3.41889597e+01 
 9.59522534e+06 -2.14552137e+01  9.59522534e+06  3.31809984e+01 
 9.70634773e+06 -2.16308075e+01  9.70634773e+06  3.21745123e+01 
 9.81875703e+06 -2.18072430e+01  9.81875703e+06  3.11695021e+01 
 9.93246814e+06 -2.19845195e+01  9.93246814e+06  3.01659682e+01 
 1.00474961e+07 -2.21626361e+01  1.00474961e+07  2.91639108e+01 
 1.01638563e+07 -2.23415915e+01  1.01638563e+07  2.81633292e+01 
 1.02815640e+07 -2.25213842e+01  1.02815640e+07  2.71642223e+01 
 1.04006349e+07 -2.27020122e+01  1.04006349e+07  2.61665883e+01 
 1.05210847e+07 -2.28834734e+01  1.05210847e+07  2.51704245e+01 
 1.06429295e+07 -2.30657654e+01  1.06429295e+07  2.41757270e+01 
 1.07661854e+07 -2.32488856e+01  1.07661854e+07  2.31824912e+01 
 1.08908687e+07 -2.34328309e+01  1.08908687e+07  2.21907112e+01 
 1.10169959e+07 -2.36175983e+01  1.10169959e+07  2.12003799e+01 
 1.11445838e+07 -2.38031846e+01  1.11445838e+07  2.02114893e+01 
 1.12736493e+07 -2.39895862e+01  1.12736493e+07  1.92240297e+01 
 1.14042096e+07 -2.41767995e+01  1.14042096e+07  1.82379903e+01 
 1.15362818e+07 -2.43648209e+01  1.15362818e+07  1.72533592e+01 
 1.16698836e+07 -2.45536463e+01  1.16698836e+07  1.62701228e+01 
 1.18050326e+07 -2.47432719e+01  1.18050326e+07  1.52882664e+01 
 1.19417468e+07 -2.49336935e+01  1.19417468e+07  1.43077740e+01 
 1.20800443e+07 -2.51249071e+01  1.20800443e+07  1.33286280e+01 
 1.22199434e+07 -2.53169085e+01  1.22199434e+07  1.23508098e+01 
 1.23614627e+07 -2.55096935e+01  1.23614627e+07  1.13742993e+01 
 1.25046209e+07 -2.57032578e+01  1.25046209e+07  1.03990751e+01 
 1.26494370e+07 -2.58975973e+01  1.26494370e+07  9.42511484e+00 
 1.27959303e+07 -2.60927077e+01  1.27959303e+07  8.45239460e+00 
 1.29441200e+07 -2.62885848e+01  1.29441200e+07  7.48088949e+00 
 1.30940260e+07 -2.64852245e+01  1.30940260e+07  6.51057345e+00 
 1.32456680e+07 -2.66826226e+01  1.32456680e+07  5.54141934e+00 
 1.33990662e+07 -2.68807751e+01  1.33990662e+07  4.57339901e+00 
 1.35542409e+07 -2.70796779e+01  1.35542409e+07  3.60648334e+00 
 1.37112127e+07 -2.72793273e+01  1.37112127e+07  2.64064228e+00 
 1.38700024e+07 -2.74797193e+01  1.38700024e+07  1.67584497e+00 
 1.40306310e+07 -2.76808503e+01  1.40306310e+07  7.12059751e-01 
 1.41931199e+07 -2.78827167e+01  1.41931199e+07 -2.50745750e-01 
 1.43574905e+07 -2.80853149e+01  1.43574905e+07 -1.21260454e+00 
 1.45237648e+07 -2.82886416e+01  1.45237648e+07 -2.17355022e+00 
 1.46919646e+07 -2.84926935e+01  1.46919646e+07 -3.13361686e+00 
 1.48621124e+07 -2.86974676e+01  1.48621124e+07 -4.09283898e+00 
 1.50342306e+07 -2.89029608e+01  1.50342306e+07 -5.05125142e+00 
 1.52083422e+07 -2.91091704e+01  1.52083422e+07 -6.00888934e+00 
 1.53844701e+07 -2.93160937e+01  1.53844701e+07 -6.96578803e+00 
 1.55626378e+07 -2.95237282e+01  1.55626378e+07 -7.92198295e+00 
 1.57428689e+07 -2.97320714e+01  1.57428689e+07 -8.87750956e+00 
 1.59251872e+07 -2.99411212e+01  1.59251872e+07 -9.83240329e+00 
 1.61096169e+07 -3.01508756e+01  1.61096169e+07 -1.07866994e+01 
 1.62961825e+07 -3.03613326e+01  1.62961825e+07 -1.17404331e+01 
 1.64849088e+07 -3.05724906e+01  1.64849088e+07 -1.26936391e+01 
 1.66758206e+07 -3.07843479e+01  1.66758206e+07 -1.36463518e+01 
 1.68689435e+07 -3.09969032e+01  1.68689435e+07 -1.45986053e+01 
 1.70643029e+07 -3.12101552e+01  1.70643029e+07 -1.55504330e+01 
 1.72619247e+07 -3.14241029e+01  1.72619247e+07 -1.65018678e+01 
 1.74618352e+07 -3.16387454e+01  1.74618352e+07 -1.74529418e+01 
 1.76640609e+07 -3.18540818e+01  1.76640609e+07 -1.84036864e+01 
 1.78686285e+07 -3.20701116e+01  1.78686285e+07 -1.93541323e+01 
 1.80755653e+07 -3.22868343e+01  1.80755653e+07 -2.03043090e+01 
 1.82848985e+07 -3.25042497e+01  1.82848985e+07 -2.12542452e+01 
 1.84966561e+07 -3.27223575e+01  1.84966561e+07 -2.22039685e+01 
 1.87108661e+07 -3.29411576e+01  1.87108661e+07 -2.31535053e+01 
 1.89275568e+07 -3.31606504e+01  1.89275568e+07 -2.41028808e+01 
 1.91467570e+07 -3.33808358e+01  1.91467570e+07 -2.50521189e+01 
 1.93684957e+07 -3.36017145e+01  1.93684957e+07 -2.60012422e+01 
 1.95928024e+07 -3.38232867e+01  1.95928024e+07 -2.69502718e+01 
 1.98197069e+07 -3.40455532e+01  1.98197069e+07 -2.78992273e+01 
 2.00492391e+07 -3.42685145e+01  2.00492391e+07 -2.88481268e+01 
 2.02814295e+07 -3.44921717e+01  2.02814295e+07 -2.97969867e+01 
 2.05163089e+07 -3.47165254e+01  2.05163089e+07 -3.07458217e+01 
 2.07539085e+07 -3.49415768e+01  2.07539085e+07 -3.16946448e+01 
 2.09942597e+07 -3.51673269e+01  2.09942597e+07 -3.26434671e+01 
 2.12373944e+07 -3.53937768e+01  2.12373944e+07 -3.35922978e+01 
 2.14833448e+07 -3.56209278e+01  2.14833448e+07 -3.45411442e+01 
 2.17321436e+07 -3.58487811e+01  2.17321436e+07 -3.54900117e+01 
 2.19838238e+07 -3.60773381e+01  2.19838238e+07 -3.64389035e+01 
 2.22384186e+07 -3.63066000e+01  2.22384186e+07 -3.73878206e+01 
 2.24959620e+07 -3.65365683e+01  2.24959620e+07 -3.83367621e+01 
 2.27564879e+07 -3.67672444e+01  2.27564879e+07 -3.92857248e+01 
 2.30200310e+07 -3.69986297e+01  2.30200310e+07 -4.02347030e+01 
 2.32866262e+07 -3.72307256e+01  2.32866262e+07 -4.11836890e+01 
 2.35563088e+07 -3.74635336e+01  2.35563088e+07 -4.21326727e+01 
 2.38291146e+07 -3.76970550e+01  2.38291146e+07 -4.30816413e+01 
 2.41050798e+07 -3.79312913e+01  2.41050798e+07 -4.40305799e+01 
 2.43842409e+07 -3.81662438e+01  2.43842409e+07 -4.49794710e+01 
 2.46666350e+07 -3.84019137e+01  2.46666350e+07 -4.59282945e+01 
 2.49522996e+07 -3.86383025e+01  2.49522996e+07 -4.68770278e+01 
 2.52412724e+07 -3.88754111e+01  2.52412724e+07 -4.78256458e+01 
 2.55335918e+07 -3.91132408e+01  2.55335918e+07 -4.87741207e+01 
 2.58292965e+07 -3.93517926e+01  2.58292965e+07 -4.97224220e+01 
 2.61284258e+07 -3.95910674e+01  2.61284258e+07 -5.06705165e+01 
 2.64310194e+07 -3.98310659e+01  2.64310194e+07 -5.16183685e+01 
 2.67371172e+07 -4.00717890e+01  2.67371172e+07 -5.25659392e+01 
 2.70467600e+07 -4.03132372e+01  2.70467600e+07 -5.35131874e+01 
 2.73599888e+07 -4.05554109e+01  2.73599888e+07 -5.44600691e+01 
 2.76768451e+07 -4.07983104e+01  2.76768451e+07 -5.54065372e+01 
 2.79973709e+07 -4.10419358e+01  2.79973709e+07 -5.63525421e+01 
 2.83216087e+07 -4.12862871e+01  2.83216087e+07 -5.72980312e+01 
 2.86496015e+07 -4.15313639e+01  2.86496015e+07 -5.82429493e+01 
 2.89813928e+07 -4.17771660e+01  2.89813928e+07 -5.91872382e+01 
 2.93170265e+07 -4.20236926e+01  2.93170265e+07 -6.01308369e+01 
 2.96565473e+07 -4.22709428e+01  2.96565473e+07 -6.10736815e+01 
 3.00000000e+07 -4.25189157e+01  3.00000000e+07 -6.20157054e+01 
