 2.00000000e-01 -8.51462425e+00  2.00000000e-01  6.78862401e+01 
 2.02316202e-01 -8.42892482e+00  2.02316202e-01  6.76552067e+01 
 2.04659228e-01 -8.34351018e+00  2.04659228e-01  6.74222744e+01 
 2.07029388e-01 -8.25838500e+00  2.07029388e-01  6.71874430e+01 
 2.09426997e-01 -8.17355400e+00  2.09426997e-01  6.69507130e+01 
 2.11852373e-01 -8.08902195e+00  2.11852373e-01  6.67120854e+01 
 2.14305837e-01 -8.00479362e+00  2.14305837e-01  6.64715615e+01 
 2.16787715e-01 -7.92087386e+00  2.16787715e-01  6.62291435e+01 
 2.19298335e-01 -7.83726750e+00  2.19298335e-01  6.59848339e+01 
 2.21838031e-01 -7.75397944e+00  2.21838031e-01  6.57386358e+01 
 2.24407140e-01 -7.67101460e+00  2.24407140e-01  6.54905530e+01 
 2.27006001e-01 -7.58837791e+00  2.27006001e-01  6.52405899e+01 
 2.29634959e-01 -7.50607435e+00  2.29634959e-01  6.49887512e+01 
 2.32294364e-01 -7.42410890e+00  2.32294364e-01  6.47350425e+01 
 2.34984567e-01 -7.34248659e+00  2.34984567e-01  6.44794701e+01 
 2.37705925e-01 -7.26121244e+00  2.37705925e-01  6.42220407e+01 
 2.40458800e-01 -7.18029150e+00  2.40458800e-01  6.39627617e+01 
 2.43243555e-01 -7.09972884e+00  2.43243555e-01  6.37016413e+01 
 2.46060561e-01 -7.01952953e+00  2.46060561e-01  6.34386883e+01 
 2.48910190e-01 -6.93969865e+00  2.48910190e-01  6.31739119e+01 
 2.51792821e-01 -6.86024132e+00  2.51792821e-01  6.29073225e+01 
 2.54708836e-01 -6.78116262e+00  2.54708836e-01  6.26389308e+01 
 2.57658622e-01 -6.70246765e+00  2.57658622e-01  6.23687484e+01 
 2.60642568e-01 -6.62416153e+00  2.60642568e-01  6.20967875e+01 
 2.63661072e-01 -6.54624935e+00  2.63661072e-01  6.18230610e+01 
 2.66714534e-01 -6.46873621e+00  2.66714534e-01  6.15475827e+01 
 2.69803357e-01 -6.39162719e+00  2.69803357e-01  6.12703670e+01 
 2.72927952e-01 -6.31492738e+00  2.72927952e-01  6.09914290e+01 
 2.76088733e-01 -6.23864182e+00  2.76088733e-01  6.07107847e+01 
 2.79286119e-01 -6.16277556e+00  2.79286119e-01  6.04284506e+01 
 2.82520534e-01 -6.08733363e+00  2.82520534e-01  6.01444443e+01 
 2.85792407e-01 -6.01232103e+00  2.85792407e-01  5.98587839e+01 
 2.89102171e-01 -5.93774272e+00  2.89102171e-01  5.95714883e+01 
 2.92450266e-01 -5.86360365e+00  2.92450266e-01  5.92825772e+01 
 2.95837135e-01 -5.78990874e+00  2.95837135e-01  5.89920711e+01 
 2.99263228e-01 -5.71666284e+00  2.99263228e-01  5.86999912e+01 
 3.02728998e-01 -5.64387079e+00  3.02728998e-01  5.84063595e+01 
 3.06234905e-01 -5.57153738e+00  3.06234905e-01  5.81111988e+01 
 3.09781414e-01 -5.49966735e+00  3.09781414e-01  5.78145326e+01 
 3.13368996e-01 -5.42826538e+00  3.13368996e-01  5.75163852e+01 
 3.16998125e-01 -5.35733612e+00  3.16998125e-01  5.72167816e+01 
 3.20669283e-01 -5.28688413e+00  3.20669283e-01  5.69157478e+01 
 3.24382957e-01 -5.21691394e+00  3.24382957e-01  5.66133101e+01 
 3.28139639e-01 -5.14742998e+00  3.28139639e-01  5.63094960e+01 
 3.31939827e-01 -5.07843665e+00  3.31939827e-01  5.60043336e+01 
 3.35784025e-01 -5.00993825e+00  3.35784025e-01  5.56978515e+01 
 3.39672743e-01 -4.94193901e+00  3.39672743e-01  5.53900794e+01 
 3.43606496e-01 -4.87444308e+00  3.43606496e-01  5.50810474e+01 
 3.47585805e-01 -4.80745455e+00  3.47585805e-01  5.47707866e+01 
 3.51611200e-01 -4.74097738e+00  3.51611200e-01  5.44593285e+01 
 3.55683212e-01 -4.67501547e+00  3.55683212e-01  5.41467055e+01 
 3.59802383e-01 -4.60957263e+00  3.59802383e-01  5.38329506e+01 
 3.63969257e-01 -4.54465255e+00  3.63969257e-01  5.35180974e+01 
 3.68184388e-01 -4.48025884e+00  3.68184388e-01  5.32021804e+01 
 3.72448335e-01 -4.41639499e+00  3.72448335e-01  5.28852344e+01 
 3.76761663e-01 -4.35306441e+00  3.76761663e-01  5.25672950e+01 
 3.81124943e-01 -4.29027036e+00  3.81124943e-01  5.22483983e+01 
 3.85538754e-01 -4.22801602e+00  3.85538754e-01  5.19285812e+01 
 3.90003682e-01 -4.16630444e+00  3.90003682e-01  5.16078809e+01 
 3.94520318e-01 -4.10513856e+00  3.94520318e-01  5.12863353e+01 
 3.99089261e-01 -4.04452118e+00  3.99089261e-01  5.09639827e+01 
 4.03711118e-01 -3.98445499e+00  4.03711118e-01  5.06408622e+01 
 4.08386500e-01 -3.92494256e+00  4.08386500e-01  5.03170129e+01 
 4.13116027e-01 -3.86598630e+00  4.13116027e-01  4.99924748e+01 
 4.17900328e-01 -3.80758853e+00  4.17900328e-01  4.96672881e+01 
 4.22740035e-01 -3.74975139e+00  4.22740035e-01  4.93414935e+01 
 4.27635791e-01 -3.69247692e+00  4.27635791e-01  4.90151322e+01 
 4.32588245e-01 -3.63576700e+00  4.32588245e-01  4.86882454e+01 
 4.37598053e-01 -3.57962337e+00  4.37598053e-01  4.83608750e+01 
 4.42665880e-01 -3.52404765e+00  4.42665880e-01  4.80330632e+01 
 4.47792398e-01 -3.46904128e+00  4.47792398e-01  4.77048522e+01 
 4.52978286e-01 -3.41460558e+00  4.52978286e-01  4.73762847e+01 
 4.58224231e-01 -3.36074172e+00  4.58224231e-01  4.70474036e+01 
 4.63530930e-01 -3.30745071e+00  4.63530930e-01  4.67182520e+01 
 4.68899086e-01 -3.25473342e+00  4.68899086e-01  4.63888731e+01 
 4.74329410e-01 -3.20259056e+00  4.74329410e-01  4.60593104e+01 
 4.79822623e-01 -3.15102270e+00  4.79822623e-01  4.57296073e+01 
 4.85379453e-01 -3.10003026e+00  4.85379453e-01  4.53998076e+01 
 4.91000637e-01 -3.04961349e+00  4.91000637e-01  4.50699548e+01 
 4.96686920e-01 -2.99977250e+00  4.96686920e-01  4.47400927e+01 
 5.02439056e-01 -2.95050726e+00  5.02439056e-01  4.44102651e+01 
 5.08257807e-01 -2.90181756e+00  5.08257807e-01  4.40805156e+01 
 5.14143945e-01 -2.85370305e+00  5.14143945e-01  4.37508880e+01 
 5.20098251e-01 -2.80616323e+00  5.20098251e-01  4.34214257e+01 
 5.26121513e-01 -2.75919746e+00  5.26121513e-01  4.30921722e+01 
 5.32214531e-01 -2.71280493e+00  5.32214531e-01  4.27631709e+01 
 5.38378112e-01 -2.66698468e+00  5.38378112e-01  4.24344650e+01 
 5.44613074e-01 -2.62173561e+00  5.44613074e-01  4.21060973e+01 
 5.50920243e-01 -2.57705647e+00  5.50920243e-01  4.17781107e+01 
 5.57300455e-01 -2.53294587e+00  5.57300455e-01  4.14505476e+01 
 5.63754556e-01 -2.48940227e+00  5.63754556e-01  4.11234503e+01 
 5.70283403e-01 -2.44642397e+00  5.70283403e-01  4.07968606e+01 
 5.76887860e-01 -2.40400915e+00  5.76887860e-01  4.04708202e+01 
 5.83568804e-01 -2.36215586e+00  5.83568804e-01  4.01453703e+01 
 5.90327119e-01 -2.32086197e+00  5.90327119e-01  3.98205517e+01 
 5.97163703e-01 -2.28012526e+00  5.97163703e-01  3.94964049e+01 
 6.04079461e-01 -2.23994334e+00  6.04079461e-01  3.91729699e+01 
 6.11075310e-01 -2.20031372e+00  6.11075310e-01  3.88502863e+01 
 6.18152179e-01 -2.16123376e+00  6.18152179e-01  3.85283931e+01 
 6.25311005e-01 -2.12270071e+00  6.25311005e-01  3.82073291e+01 
 6.32552737e-01 -2.08471167e+00  6.32552737e-01  3.78871321e+01 
 6.39878336e-01 -2.04726366e+00  6.39878336e-01  3.75678399e+01 
 6.47288773e-01 -2.01035354e+00  6.47288773e-01  3.72494894e+01 
 6.54785030e-01 -1.97397809e+00  6.54785030e-01  3.69321169e+01 
 6.62368101e-01 -1.93813395e+00  6.62368101e-01  3.66157584e+01 
 6.70038992e-01 -1.90281768e+00  6.70038992e-01  3.63004490e+01 
 6.77798719e-01 -1.86802572e+00  6.77798719e-01  3.59862234e+01 
 6.85648312e-01 -1.83375440e+00  6.85648312e-01  3.56731154e+01 
 6.93588812e-01 -1.79999997e+00  6.93588812e-01  3.53611584e+01 
 7.01621270e-01 -1.76675858e+00  7.01621270e-01  3.50503850e+01 
 7.09746752e-01 -1.73402627e+00  7.09746752e-01  3.47408271e+01 
 7.17966335e-01 -1.70179901e+00  7.17966335e-01  3.44325160e+01 
 7.26281110e-01 -1.67007269e+00  7.26281110e-01  3.41254821e+01 
 7.34692178e-01 -1.63884311e+00  7.34692178e-01  3.38197554e+01 
 7.43200655e-01 -1.60810598e+00  7.43200655e-01  3.35153650e+01 
 7.51807668e-01 -1.57785697e+00  7.51807668e-01  3.32123391e+01 
 7.60514359e-01 -1.54809165e+00  7.60514359e-01  3.29107055e+01 
 7.69321883e-01 -1.51880552e+00  7.69321883e-01  3.26104911e+01 
 7.78231406e-01 -1.48999405e+00  7.78231406e-01  3.23117218e+01 
 7.87244111e-01 -1.46165262e+00  7.87244111e-01  3.20144233e+01 
 7.96361192e-01 -1.43377656e+00  7.96361192e-01  3.17186199e+01 
 8.05583858e-01 -1.40636115e+00  8.05583858e-01  3.14243357e+01 
 8.14913332e-01 -1.37940164e+00  8.14913332e-01  3.11315937e+01 
 8.24350851e-01 -1.35289320e+00  8.24350851e-01  3.08404162e+01 
 8.33897665e-01 -1.32683098e+00  8.33897665e-01  3.05508249e+01 
 8.43555041e-01 -1.30121009e+00  8.43555041e-01  3.02628403e+01 
 8.53324260e-01 -1.27602560e+00  8.53324260e-01  2.99764827e+01 
 8.63206616e-01 -1.25127255e+00  8.63206616e-01  2.96917712e+01 
 8.73203419e-01 -1.22694595e+00  8.73203419e-01  2.94087244e+01 
 8.83315996e-01 -1.20304079e+00  8.83315996e-01  2.91273599e+01 
 8.93545686e-01 -1.17955203e+00  8.93545686e-01  2.88476948e+01 
 9.03893847e-01 -1.15647462e+00  9.03893847e-01  2.85697453e+01 
 9.14361849e-01 -1.13380350e+00  9.14361849e-01  2.82935269e+01 
 9.24951082e-01 -1.11153356e+00  9.24951082e-01  2.80190542e+01 
 9.35662949e-01 -1.08965974e+00  9.35662949e-01  2.77463413e+01 
 9.46498870e-01 -1.06817692e+00  9.46498870e-01  2.74754015e+01 
 9.57460281e-01 -1.04708000e+00  9.57460281e-01  2.72062474e+01 
 9.68548637e-01 -1.02636389e+00  9.68548637e-01  2.69388906e+01 
 9.79765408e-01 -1.00602348e+00  9.79765408e-01  2.66733424e+01 
 9.91112080e-01 -9.86053665e-01  9.91112080e-01  2.64096133e+01 
 1.00259016e+00 -9.66449365e-01  1.00259016e+00  2.61477128e+01 
 1.01420116e+00 -9.47205493e-01  1.01420116e+00  2.58876502e+01 
 1.02594664e+00 -9.28316982e-01  1.02594664e+00  2.56294337e+01 
 1.03782813e+00 -9.09778774e-01  1.03782813e+00  2.53730711e+01 
 1.04984723e+00 -8.91585829e-01  1.04984723e+00  2.51185695e+01 
 1.06200552e+00 -8.73733128e-01  1.06200552e+00  2.48659352e+01 
 1.07430462e+00 -8.56215668e-01  1.07430462e+00  2.46151742e+01 
 1.08674615e+00 -8.39028471e-01  1.08674615e+00  2.43662915e+01 
 1.09933176e+00 -8.22166584e-01  1.09933176e+00  2.41192918e+01 
 1.11206313e+00 -8.05625079e-01  1.11206313e+00  2.38741790e+01 
 1.12494195e+00 -7.89399057e-01  1.12494195e+00  2.36309565e+01 
 1.13796991e+00 -7.73483648e-01  1.13796991e+00  2.33896271e+01 
 1.15114875e+00 -7.57874013e-01  1.15114875e+00  2.31501931e+01 
 1.16448021e+00 -7.42565348e-01  1.16448021e+00  2.29126562e+01 
 1.17796607e+00 -7.27552881e-01  1.17796607e+00  2.26770176e+01 
 1.19160810e+00 -7.12831877e-01  1.19160810e+00  2.24432779e+01 
 1.20540813e+00 -6.98397640e-01  1.20540813e+00  2.22114372e+01 
 1.21936797e+00 -6.84245509e-01  1.21936797e+00  2.19814951e+01 
 1.23348948e+00 -6.70370865e-01  1.23348948e+00  2.17534509e+01 
 1.24777453e+00 -6.56769129e-01  1.24777453e+00  2.15273031e+01 
 1.26222502e+00 -6.43435764e-01  1.26222502e+00  2.13030501e+01 
 1.27684286e+00 -6.30366276e-01  1.27684286e+00  2.10806894e+01 
 1.29162999e+00 -6.17556214e-01  1.29162999e+00  2.08602185e+01 
 1.30658837e+00 -6.05001172e-01  1.30658837e+00  2.06416342e+01 
 1.32171998e+00 -5.92696791e-01  1.32171998e+00  2.04249331e+01 
 1.33702683e+00 -5.80638754e-01  1.33702683e+00  2.02101110e+01 
 1.35251095e+00 -5.68822796e-01  1.35251095e+00  1.99971639e+01 
 1.36817439e+00 -5.57244694e-01  1.36817439e+00  1.97860869e+01 
 1.38401923e+00 -5.45900279e-01  1.38401923e+00  1.95768749e+01 
 1.40004757e+00 -5.34785425e-01  1.40004757e+00  1.93695226e+01 
 1.41626153e+00 -5.23896057e-01  1.41626153e+00  1.91640242e+01 
 1.43266327e+00 -5.13228151e-01  1.43266327e+00  1.89603736e+01 
 1.44925496e+00 -5.02777731e-01  1.44925496e+00  1.87585644e+01 
 1.46603879e+00 -4.92540870e-01  1.46603879e+00  1.85585898e+01 
 1.48301700e+00 -4.82513693e-01  1.48301700e+00  1.83604429e+01 
 1.50019183e+00 -4.72692375e-01  1.50019183e+00  1.81641162e+01 
 1.51756557e+00 -4.63073141e-01  1.51756557e+00  1.79696023e+01 
 1.53514051e+00 -4.53652269e-01  1.53514051e+00  1.77768933e+01 
 1.55291899e+00 -4.44426084e-01  1.55291899e+00  1.75859810e+01 
 1.57090335e+00 -4.35390964e-01  1.57090335e+00  1.73968572e+01 
 1.58909600e+00 -4.26543339e-01  1.58909600e+00  1.72095131e+01 
 1.60749933e+00 -4.17879688e-01  1.60749933e+00  1.70239401e+01 
 1.62611580e+00 -4.09396542e-01  1.62611580e+00  1.68401291e+01 
 1.64494786e+00 -4.01090482e-01  1.64494786e+00  1.66580708e+01 
 1.66399802e+00 -3.92958140e-01  1.66399802e+00  1.64777558e+01 
 1.68326879e+00 -3.84996197e-01  1.68326879e+00  1.62991745e+01 
 1.70276274e+00 -3.77201387e-01  1.70276274e+00  1.61223171e+01 
 1.72248245e+00 -3.69570491e-01  1.72248245e+00  1.59471736e+01 
 1.74243054e+00 -3.62100343e-01  1.74243054e+00  1.57737339e+01 
 1.76260964e+00 -3.54787824e-01  1.76260964e+00  1.56019877e+01 
 1.78302244e+00 -3.47629864e-01  1.78302244e+00  1.54319246e+01 
 1.80367164e+00 -3.40623445e-01  1.80367164e+00  1.52635341e+01 
 1.82455997e+00 -3.33765595e-01  1.82455997e+00  1.50968054e+01 
 1.84569022e+00 -3.27053391e-01  1.84569022e+00  1.49317277e+01 
 1.86706517e+00 -3.20483958e-01  1.86706517e+00  1.47682902e+01 
 1.88868767e+00 -3.14054468e-01  1.88868767e+00  1.46064817e+01 
 1.91056058e+00 -3.07762141e-01  1.91056058e+00  1.44462912e+01 
 1.93268680e+00 -3.01604243e-01  1.93268680e+00  1.42877074e+01 
 1.95506926e+00 -2.95578088e-01  1.95506926e+00  1.41307190e+01 
 1.97771094e+00 -2.89681033e-01  1.97771094e+00  1.39753147e+01 
 2.00061483e+00 -2.83910483e-01  2.00061483e+00  1.38214830e+01 
 2.02378396e+00 -2.78263886e-01  2.02378396e+00  1.36692123e+01 
 2.04722142e+00 -2.72738737e-01  2.04722142e+00  1.35184911e+01 
 2.07093031e+00 -2.67332573e-01  2.07093031e+00  1.33693077e+01 
 2.09491378e+00 -2.62042975e-01  2.09491378e+00  1.32216504e+01 
 2.11917499e+00 -2.56867567e-01  2.11917499e+00  1.30755076e+01 
 2.14371718e+00 -2.51804016e-01  2.14371718e+00  1.29308675e+01 
 2.16854358e+00 -2.46850030e-01  2.16854358e+00  1.27877181e+01 
 2.19365751e+00 -2.42003360e-01  2.19365751e+00  1.26460478e+01 
 2.21906227e+00 -2.37261796e-01  2.21906227e+00  1.25058447e+01 
 2.24476125e+00 -2.32623172e-01  2.24476125e+00  1.23670968e+01 
 2.27075785e+00 -2.28085358e-01  2.27075785e+00  1.22297923e+01 
 2.29705552e+00 -2.23646265e-01  2.29705552e+00  1.20939194e+01 
 2.32365774e+00 -2.19303843e-01  2.32365774e+00  1.19594660e+01 
 2.35056804e+00 -2.15056082e-01  2.35056804e+00  1.18264203e+01 
 2.37778999e+00 -2.10901006e-01  2.37778999e+00  1.16947705e+01 
 2.40532720e+00 -2.06836679e-01  2.40532720e+00  1.15645045e+01 
 2.43318331e+00 -2.02861202e-01  2.43318331e+00  1.14356106e+01 
 2.46136203e+00 -1.98972711e-01  2.46136203e+00  1.13080768e+01 
 2.48986709e+00 -1.95169377e-01  2.48986709e+00  1.11818913e+01 
 2.51870226e+00 -1.91449409e-01  2.51870226e+00  1.10570423e+01 
 2.54787137e+00 -1.87811048e-01  2.54787137e+00  1.09335179e+01 
 2.57737829e+00 -1.84252570e-01  2.57737829e+00  1.08113064e+01 
 2.60722693e+00 -1.80772284e-01  2.60722693e+00  1.06903960e+01 
 2.63742125e+00 -1.77368532e-01  2.63742125e+00  1.05707751e+01 
 2.66796525e+00 -1.74039691e-01  2.66796525e+00  1.04524318e+01 
 2.69886298e+00 -1.70784166e-01  2.69886298e+00  1.03353545e+01 
 2.73011854e+00 -1.67600397e-01  2.73011854e+00  1.02195317e+01 
 2.76173606e+00 -1.64486851e-01  2.76173606e+00  1.01049518e+01 
 2.79371975e+00 -1.61442031e-01  2.79371975e+00  9.99160321e+00 
 2.82607385e+00 -1.58464463e-01  2.82607385e+00  9.87947449e+00 
 2.85880263e+00 -1.55552709e-01  2.85880263e+00  9.76855421e+00 
 2.89191045e+00 -1.52705356e-01  2.89191045e+00  9.65883097e+00 
 2.92540169e+00 -1.49921021e-01  2.92540169e+00  9.55029347e+00 
 2.95928080e+00 -1.47198347e-01  2.95928080e+00  9.44293041e+00 
 2.99355225e+00 -1.44536007e-01  2.99355225e+00  9.33673059e+00 
 3.02822061e+00 -1.41932699e-01  3.02822061e+00  9.23168283e+00 
 3.06329046e+00 -1.39387150e-01  3.06329046e+00  9.12777605e+00 
 3.09876645e+00 -1.36898109e-01  3.09876645e+00  9.02499919e+00 
 3.13465329e+00 -1.34464354e-01  3.13465329e+00  8.92334127e+00 
 3.17095574e+00 -1.32084687e-01  3.17095574e+00  8.82279138e+00 
 3.20767861e+00 -1.29757935e-01  3.20767861e+00  8.72333867e+00 
 3.24482676e+00 -1.27482948e-01  3.24482676e+00  8.62497233e+00 
 3.28240513e+00 -1.25258601e-01  3.28240513e+00  8.52768166e+00 
 3.32041869e+00 -1.23083791e-01  3.32041869e+00  8.43145600e+00 
 3.35887249e+00 -1.20957440e-01  3.35887249e+00  8.33628475e+00 
 3.39777162e+00 -1.18878491e-01  3.39777162e+00  8.24215741e+00 
 3.43712125e+00 -1.16845909e-01  3.43712125e+00  8.14906352e+00 
 3.47692658e+00 -1.14858680e-01  3.47692658e+00  8.05699270e+00 
 3.51719290e+00 -1.12915814e-01  3.51719290e+00  7.96593466e+00 
 3.55792554e+00 -1.11016338e-01  3.55792554e+00  7.87587916e+00 
 3.59912991e+00 -1.09159302e-01  3.59912991e+00  7.78681604e+00 
 3.64081146e+00 -1.07343775e-01  3.64081146e+00  7.69873522e+00 
 3.68297573e+00 -1.05568847e-01  3.68297573e+00  7.61162667e+00 
 3.72562831e+00 -1.03833625e-01  3.72562831e+00  7.52548046e+00 
 3.76877484e+00 -1.02137237e-01  3.76877484e+00  7.44028673e+00 
 3.81242106e+00 -1.00478827e-01  3.81242106e+00  7.35603569e+00 
 3.85657274e+00 -9.88575610e-02  3.85657274e+00  7.27271763e+00 
 3.90123574e+00 -9.72726189e-02  3.90123574e+00  7.19032290e+00 
 3.94641599e+00 -9.57232003e-02  3.94641599e+00  7.10884195e+00 
 3.99211947e+00 -9.42085210e-02  3.99211947e+00  7.02826529e+00 
 4.03835224e+00 -9.27278139e-02  4.03835224e+00  6.94858352e+00 
 4.08512043e+00 -9.12803283e-02  4.08512043e+00  6.86978730e+00 
 4.13243025e+00 -8.98653296e-02  4.13243025e+00  6.79186738e+00 
 4.18028796e+00 -8.84820987e-02  4.18028796e+00  6.71481458e+00 
 4.22869991e+00 -8.71299323e-02  4.22869991e+00  6.63861979e+00 
 4.27767252e+00 -8.58081420e-02  4.27767252e+00  6.56327400e+00 
 4.32721228e+00 -8.45160545e-02  4.32721228e+00  6.48876825e+00 
 4.37732577e+00 -8.32530108e-02  4.37732577e+00  6.41509368e+00 
 4.42801962e+00 -8.20183661e-02  4.42801962e+00  6.34224149e+00 
 4.47930055e+00 -8.08114898e-02  4.47930055e+00  6.27020297e+00 
 4.53117537e+00 -7.96317648e-02  4.53117537e+00  6.19896947e+00 
 4.58365095e+00 -7.84785873e-02  4.58365095e+00  6.12853244e+00 
 4.63673425e+00 -7.73513668e-02  4.63673425e+00  6.05888337e+00 
 4.69043232e+00 -7.62495255e-02  4.69043232e+00  5.99001387e+00 
 4.74475225e+00 -7.51724982e-02  4.74475225e+00  5.92191560e+00 
 4.79970127e+00 -7.41197320e-02  4.79970127e+00  5.85458030e+00 
 4.85528665e+00 -7.30906862e-02  4.85528665e+00  5.78799978e+00 
 4.91151577e+00 -7.20848316e-02  4.91151577e+00  5.72216594e+00 
 4.96839608e+00 -7.11016509e-02  4.96839608e+00  5.65707074e+00 
 5.02593512e+00 -7.01406378e-02  5.02593512e+00  5.59270622e+00 
 5.08414052e+00 -6.92012973e-02  5.08414052e+00  5.52906451e+00 
 5.14302000e+00 -6.82831451e-02  5.14302000e+00  5.46613778e+00 
 5.20258136e+00 -6.73857077e-02  5.20258136e+00  5.40391831e+00 
 5.26283250e+00 -6.65085218e-02  5.26283250e+00  5.34239844e+00 
 5.32378141e+00 -6.56511343e-02  5.32378141e+00  5.28157056e+00 
 5.38543617e+00 -6.48131022e-02  5.38543617e+00  5.22142717e+00 
 5.44780495e+00 -6.39939922e-02  5.44780495e+00  5.16196083e+00 
 5.51089603e+00 -6.31933804e-02  5.51089603e+00  5.10316415e+00 
 5.57471776e+00 -6.24108524e-02  5.57471776e+00  5.04502985e+00 
 5.63927862e+00 -6.16460028e-02  5.63927862e+00  4.98755068e+00 
 5.70458716e+00 -6.08984353e-02  5.70458716e+00  4.93071950e+00 
 5.77065203e+00 -6.01677623e-02  5.77065203e+00  4.87452922e+00 
 5.83748200e+00 -5.94536046e-02  5.83748200e+00  4.81897281e+00 
 5.90508593e+00 -5.87555916e-02  5.90508593e+00  4.76404333e+00 
 5.97347279e+00 -5.80733608e-02  5.97347279e+00  4.70973390e+00 
 6.04265163e+00 -5.74065578e-02  6.04265163e+00  4.65603771e+00 
 6.11263163e+00 -5.67548360e-02  6.11263163e+00  4.60294802e+00 
 6.18342207e+00 -5.61178564e-02  6.18342207e+00  4.55045815e+00 
 6.25503234e+00 -5.54952877e-02  6.25503234e+00  4.49856150e+00 
 6.32747192e+00 -5.48868059e-02  6.32747192e+00  4.44725152e+00 
 6.40075043e+00 -5.42920940e-02  6.40075043e+00  4.39652175e+00 
 6.47487758e+00 -5.37108422e-02  6.47487758e+00  4.34636577e+00 
 6.54986319e+00 -5.31427478e-02  6.54986319e+00  4.29677725e+00 
 6.62571722e+00 -5.25875144e-02  6.62571722e+00  4.24774989e+00 
 6.70244971e+00 -5.20448525e-02  6.70244971e+00  4.19927750e+00 
 6.78007084e+00 -5.15144790e-02  6.78007084e+00  4.15135392e+00 
 6.85859090e+00 -5.09961171e-02  6.85859090e+00  4.10397307e+00 
 6.93802030e+00 -5.04894960e-02  6.93802030e+00  4.05712892e+00 
 7.01836957e+00 -4.99943512e-02  7.01836957e+00  4.01081551e+00 
 7.09964937e+00 -4.95104240e-02  7.09964937e+00  3.96502695e+00 
 7.18187048e+00 -4.90374614e-02  7.18187048e+00  3.91975739e+00 
 7.26504378e+00 -4.85752161e-02  7.26504378e+00  3.87500107e+00 
 7.34918032e+00 -4.81234464e-02  7.34918032e+00  3.83075226e+00 
 7.43429124e+00 -4.76819160e-02  7.43429124e+00  3.78700531e+00 
 7.52038784e+00 -4.72503936e-02  7.52038784e+00  3.74375463e+00 
 7.60748151e+00 -4.68286535e-02  7.60748151e+00  3.70099467e+00 
 7.69558382e+00 -4.64164748e-02  7.69558382e+00  3.65871995e+00 
 7.78470645e+00 -4.60136415e-02  7.78470645e+00  3.61692507e+00 
 7.87486120e+00 -4.56199427e-02  7.87486120e+00  3.57560465e+00 
 7.96606004e+00 -4.52351720e-02  7.96606004e+00  3.53475338e+00 
 8.05831505e+00 -4.48591276e-02  8.05831505e+00  3.49436602e+00 
 8.15163847e+00 -4.44916123e-02  8.15163847e+00  3.45443737e+00 
 8.24604267e+00 -4.41324335e-02  8.24604267e+00  3.41496230e+00 
 8.34154016e+00 -4.37814027e-02  8.34154016e+00  3.37593571e+00 
 8.43814361e+00 -4.34383356e-02  8.43814361e+00  3.33735258e+00 
 8.53586583e+00 -4.31030521e-02  8.53586583e+00  3.29920794e+00 
 8.63471977e+00 -4.27753763e-02  8.63471977e+00  3.26149685e+00 
 8.73471853e+00 -4.24551361e-02  8.73471853e+00  3.22421446e+00 
 8.83587539e+00 -4.21421632e-02  8.83587539e+00  3.18735595e+00 
 8.93820374e+00 -4.18362932e-02  8.93820374e+00  3.15091654e+00 
 9.04171716e+00 -4.15373654e-02  9.04171716e+00  3.11489153e+00 
 9.14642936e+00 -4.12452227e-02  9.14642936e+00  3.07927626e+00 
 9.25235424e+00 -4.09597115e-02  9.25235424e+00  3.04406610e+00 
 9.35950584e+00 -4.06806817e-02  9.35950584e+00  3.00925651e+00 
 9.46789836e+00 -4.04079864e-02  9.46789836e+00  2.97484297e+00 
 9.57754617e+00 -4.01414824e-02  9.57754617e+00  2.94082101e+00 
 9.68846382e+00 -3.98810293e-02  9.68846382e+00  2.90718621e+00 
 9.80066601e+00 -3.96264901e-02  9.80066601e+00  2.87393422e+00 
 9.91416761e+00 -3.93777309e-02  9.91416761e+00  2.84106072e+00 
 1.00289837e+01 -3.91346207e-02  1.00289837e+01  2.80856142e+00 
 1.01451294e+01 -3.88970315e-02  1.01451294e+01  2.77643211e+00 
 1.02626203e+01 -3.86648383e-02  1.02626203e+01  2.74466861e+00 
 1.03814717e+01 -3.84379186e-02  1.03814717e+01  2.71326677e+00 
 1.05016997e+01 -3.82161531e-02  1.05016997e+01  2.68222253e+00 
 1.06233199e+01 -3.79994248e-02  1.06233199e+01  2.65153182e+00 
 1.07463487e+01 -3.77876196e-02  1.07463487e+01  2.62119066e+00 
 1.08708023e+01 -3.75806258e-02  1.08708023e+01  2.59119509e+00 
 1.09966971e+01 -3.73783345e-02  1.09966971e+01  2.56154119e+00 
 1.11240500e+01 -3.71806388e-02  1.11240500e+01  2.53222511e+00 
 1.12528777e+01 -3.69874347e-02  1.12528777e+01  2.50324300e+00 
 1.13831974e+01 -3.67986202e-02  1.13831974e+01  2.47459110e+00 
 1.15150263e+01 -3.66140958e-02  1.15150263e+01  2.44626565e+00 
 1.16483819e+01 -3.64337642e-02  1.16483819e+01  2.41826297e+00 
 1.17832819e+01 -3.62575302e-02  1.17832819e+01  2.39057938e+00 
 1.19197442e+01 -3.60853009e-02  1.19197442e+01  2.36321127e+00 
 1.20577869e+01 -3.59169854e-02  1.20577869e+01  2.33615506e+00 
 1.21974282e+01 -3.57524949e-02  1.21974282e+01  2.30940721e+00 
 1.23386867e+01 -3.55917425e-02  1.23386867e+01  2.28296423e+00 
 1.24815812e+01 -3.54346436e-02  1.24815812e+01  2.25682265e+00 
 1.26261305e+01 -3.52811151e-02  1.26261305e+01  2.23097904e+00 
 1.27723538e+01 -3.51310759e-02  1.27723538e+01  2.20543003e+00 
 1.29202705e+01 -3.49844470e-02  1.29202705e+01  2.18017227e+00 
 1.30699003e+01 -3.48411508e-02  1.30699003e+01  2.15520245e+00 
 1.32212629e+01 -3.47011118e-02  1.32212629e+01  2.13051729e+00 
 1.33743785e+01 -3.45642559e-02  1.33743785e+01  2.10611356e+00 
 1.35292673e+01 -3.44305108e-02  1.35292673e+01  2.08198805e+00 
 1.36859499e+01 -3.42998060e-02  1.36859499e+01  2.05813761e+00 
 1.38444470e+01 -3.41720724e-02  1.38444470e+01  2.03455911e+00 
 1.40047796e+01 -3.40472426e-02  1.40047796e+01  2.01124945e+00 
 1.41669691e+01 -3.39252505e-02  1.41669691e+01  1.98820556e+00 
 1.43310369e+01 -3.38060317e-02  1.43310369e+01  1.96542443e+00 
 1.44970048e+01 -3.36895232e-02  1.44970048e+01  1.94290307e+00 
 1.46648947e+01 -3.35756635e-02  1.46648947e+01  1.92063851e+00 
 1.48347290e+01 -3.34643924e-02  1.48347290e+01  1.89862783e+00 
 1.50065301e+01 -3.33556511e-02  1.50065301e+01  1.87686813e+00 
 1.51803209e+01 -3.32493821e-02  1.51803209e+01  1.85535657e+00 
 1.53561243e+01 -3.31455292e-02  1.53561243e+01  1.83409030e+00 
 1.55339637e+01 -3.30440376e-02  1.55339637e+01  1.81306654e+00 
 1.57138627e+01 -3.29448535e-02  1.57138627e+01  1.79228251e+00 
 1.58958451e+01 -3.28479246e-02  1.58958451e+01  1.77173550e+00 
 1.60799350e+01 -3.27531996e-02  1.60799350e+01  1.75142278e+00 
 1.62661569e+01 -3.26606285e-02  1.62661569e+01  1.73134169e+00 
 1.64545354e+01 -3.25701622e-02  1.64545354e+01  1.71148958e+00 
 1.66450955e+01 -3.24817530e-02  1.66450955e+01  1.69186385e+00 
 1.68378625e+01 -3.23953541e-02  1.68378625e+01  1.67246191e+00 
 1.70328619e+01 -3.23109197e-02  1.70328619e+01  1.65328120e+00 
 1.72301197e+01 -3.22284053e-02  1.72301197e+01  1.63431920e+00 
 1.74296618e+01 -3.21477672e-02  1.74296618e+01  1.61557341e+00 
 1.76315149e+01 -3.20689628e-02  1.76315149e+01  1.59704136e+00 
 1.78357056e+01 -3.19919503e-02  1.78357056e+01  1.57872061e+00 
 1.80422611e+01 -3.19166891e-02  1.80422611e+01  1.56060875e+00 
 1.82512087e+01 -3.18431393e-02  1.82512087e+01  1.54270338e+00 
 1.84625761e+01 -3.17712620e-02  1.84625761e+01  1.52500215e+00 
 1.86763914e+01 -3.17010193e-02  1.86763914e+01  1.50750273e+00 
 1.88926828e+01 -3.16323738e-02  1.88926828e+01  1.49020281e+00 
 1.91114791e+01 -3.15652894e-02  1.91114791e+01  1.47310010e+00 
 1.93328093e+01 -3.14997305e-02  1.93328093e+01  1.45619235e+00 
 1.95567028e+01 -3.14356625e-02  1.95567028e+01  1.43947734e+00 
 1.97831891e+01 -3.13730514e-02  1.97831891e+01  1.42295285e+00 
 2.00122984e+01 -3.13118641e-02  2.00122984e+01  1.40661670e+00 
 2.02440610e+01 -3.12520683e-02  2.02440610e+01  1.39046675e+00 
 2.04785077e+01 -3.11936323e-02  2.04785077e+01  1.37450086e+00 
 2.07156695e+01 -3.11365251e-02  2.07156695e+01  1.35871692e+00 
 2.09555778e+01 -3.10807167e-02  2.09555778e+01  1.34311285e+00 
 2.11982645e+01 -3.10261773e-02  2.11982645e+01  1.32768659e+00 
 2.14437618e+01 -3.09728783e-02  2.14437618e+01  1.31243610e+00 
 2.16921022e+01 -3.09207913e-02  2.16921022e+01  1.29735938e+00 
 2.19433187e+01 -3.08698888e-02  2.19433187e+01  1.28245442e+00 
 2.21974444e+01 -3.08201439e-02  2.21974444e+01  1.26771926e+00 
 2.24545132e+01 -3.07715303e-02  2.24545132e+01  1.25315196e+00 
 2.27145591e+01 -3.07240221e-02  2.27145591e+01  1.23875059e+00 
 2.29776167e+01 -3.06775944e-02  2.29776167e+01  1.22451325e+00 
 2.32437206e+01 -3.06322224e-02  2.32437206e+01  1.21043806e+00 
 2.35129064e+01 -3.05878823e-02  2.35129064e+01  1.19652316e+00 
 2.37852095e+01 -3.05445505e-02  2.37852095e+01  1.18276671e+00 
 2.40606663e+01 -3.05022041e-02  2.40606663e+01  1.16916689e+00 
 2.43393131e+01 -3.04608207e-02  2.43393131e+01  1.15572190e+00 
 2.46211869e+01 -3.04203784e-02  2.46211869e+01  1.14242998e+00 
 2.49063250e+01 -3.03808557e-02  2.49063250e+01  1.12928936e+00 
 2.51947654e+01 -3.03422319e-02  2.51947654e+01  1.11629831e+00 
 2.54865462e+01 -3.03044863e-02  2.54865462e+01  1.10345510e+00 
 2.57817061e+01 -3.02675992e-02  2.57817061e+01  1.09075805e+00 
 2.60802843e+01 -3.02315508e-02  2.60802843e+01  1.07820546e+00 
 2.63823203e+01 -3.01963222e-02  2.63823203e+01  1.06579569e+00 
 2.66878542e+01 -3.01618948e-02  2.66878542e+01  1.05352710e+00 
 2.69969265e+01 -3.01282502e-02  2.69969265e+01  1.04139805e+00 
 2.73095781e+01 -3.00953707e-02  2.73095781e+01  1.02940695e+00 
 2.76258506e+01 -3.00632389e-02  2.76258506e+01  1.01755221e+00 
 2.79457858e+01 -3.00318378e-02  2.79457858e+01  1.00583227e+00 
 2.82694262e+01 -3.00011508e-02  2.82694262e+01  9.94245564e-01 
 2.85968147e+01 -2.99711616e-02  2.85968147e+01  9.82790571e-01 
 2.89279946e+01 -2.99418543e-02  2.89279946e+01  9.71465774e-01 
 2.92630100e+01 -2.99132135e-02  2.92630100e+01  9.60269675e-01 
 2.96019052e+01 -2.98852240e-02  2.96019052e+01  9.49200791e-01 
 2.99447251e+01 -2.98578710e-02  2.99447251e+01  9.38257661e-01 
 3.02915152e+01 -2.98311399e-02  3.02915152e+01  9.27438834e-01 
 3.06423215e+01 -2.98050168e-02  3.06423215e+01  9.16742881e-01 
 3.09971905e+01 -2.97794876e-02  3.09971905e+01  9.06168385e-01 
 3.13561693e+01 -2.97545390e-02  3.13561693e+01  8.95713948e-01 
 3.17193054e+01 -2.97301578e-02  3.17193054e+01  8.85378187e-01 
 3.20866469e+01 -2.97063309e-02  3.20866469e+01  8.75159734e-01 
 3.24582427e+01 -2.96830459e-02  3.24582427e+01  8.65057236e-01 
 3.28341419e+01 -2.96602903e-02  3.28341419e+01  8.55069357e-01 
 3.32143943e+01 -2.96380522e-02  3.32143943e+01  8.45194774e-01 
 3.35990505e+01 -2.96163198e-02  3.35990505e+01  8.35432182e-01 
 3.39881614e+01 -2.95950816e-02  3.39881614e+01  8.25780287e-01 
 3.43817786e+01 -2.95743264e-02  3.43817786e+01  8.16237813e-01 
 3.47799543e+01 -2.95540431e-02  3.47799543e+01  8.06803496e-01 
 3.51827413e+01 -2.95342210e-02  3.51827413e+01  7.97476087e-01 
 3.55901929e+01 -2.95148497e-02  3.55901929e+01  7.88254353e-01 
 3.60023633e+01 -2.94959189e-02  3.60023633e+01  7.79137071e-01 
 3.64193070e+01 -2.94774186e-02  3.64193070e+01  7.70123035e-01 
 3.68410793e+01 -2.94593389e-02  3.68410793e+01  7.61211052e-01 
 3.72677361e+01 -2.94416704e-02  3.72677361e+01  7.52399942e-01 
 3.76993341e+01 -2.94244037e-02  3.76993341e+01  7.43688539e-01 
 3.81359304e+01 -2.94075296e-02  3.81359304e+01  7.35075688e-01 
 3.85775830e+01 -2.93910392e-02  3.85775830e+01  7.26560250e-01 
 3.90243503e+01 -2.93749238e-02  3.90243503e+01  7.18141097e-01 
 3.94762917e+01 -2.93591749e-02  3.94762917e+01  7.09817114e-01 
 3.99334670e+01 -2.93437841e-02  3.99334670e+01  7.01587200e-01 
 4.03959368e+01 -2.93287433e-02  4.03959368e+01  6.93450264e-01 
 4.08637625e+01 -2.93140445e-02  4.08637625e+01  6.85405228e-01 
 4.13370061e+01 -2.92996800e-02  4.13370061e+01  6.77451028e-01 
 4.18157303e+01 -2.92856421e-02  4.18157303e+01  6.69586611e-01 
 4.22999987e+01 -2.92719234e-02  4.22999987e+01  6.61810933e-01 
 4.27898753e+01 -2.92585168e-02  4.27898753e+01  6.54122967e-01 
 4.32854253e+01 -2.92454149e-02  4.32854253e+01  6.46521693e-01 
 4.37867142e+01 -2.92326111e-02  4.37867142e+01  6.39006106e-01 
 4.42938085e+01 -2.92200984e-02  4.42938085e+01  6.31575209e-01 
 4.48067755e+01 -2.92078702e-02  4.48067755e+01  6.24228018e-01 
 4.53256831e+01 -2.91959202e-02  4.53256831e+01  6.16963560e-01 
 4.58506003e+01 -2.91842418e-02  4.58506003e+01  6.09780873e-01 
 4.63815965e+01 -2.91728291e-02  4.63815965e+01  6.02679007e-01 
 4.69187422e+01 -2.91616759e-02  4.69187422e+01  5.95657018e-01 
 4.74621085e+01 -2.91507763e-02  4.74621085e+01  5.88713979e-01 
 4.80117676e+01 -2.91401246e-02  4.80117676e+01  5.81848969e-01 
 4.85677923e+01 -2.91297151e-02  4.85677923e+01  5.75061079e-01 
 4.91302564e+01 -2.91195424e-02  4.91302564e+01  5.68349409e-01 
 4.96992343e+01 -2.91096010e-02  4.96992343e+01  5.61713070e-01 
 5.02748016e+01 -2.90998857e-02  5.02748016e+01  5.55151184e-01 
 5.08570345e+01 -2.90903913e-02  5.08570345e+01  5.48662880e-01 
 5.14460103e+01 -2.90811129e-02  5.14460103e+01  5.42247301e-01 
 5.20418070e+01 -2.90720454e-02  5.20418070e+01  5.35903594e-01 
 5.26445036e+01 -2.90631842e-02  5.26445036e+01  5.29630921e-01 
 5.32541801e+01 -2.90545245e-02  5.32541801e+01  5.23428450e-01 
 5.38709172e+01 -2.90460617e-02  5.38709172e+01  5.17295359e-01 
 5.44947968e+01 -2.90377914e-02  5.44947968e+01  5.11230835e-01 
 5.51259015e+01 -2.90297091e-02  5.51259015e+01  5.05234076e-01 
 5.57643151e+01 -2.90218107e-02  5.57643151e+01  4.99304287e-01 
 5.64101221e+01 -2.90140919e-02  5.64101221e+01  4.93440682e-01 
 5.70634082e+01 -2.90065487e-02  5.70634082e+01  4.87642483e-01 
 5.77242601e+01 -2.89991770e-02  5.77242601e+01  4.81908924e-01 
 5.83927652e+01 -2.89919729e-02  5.83927652e+01  4.76239244e-01 
 5.90690124e+01 -2.89849327e-02  5.90690124e+01  4.70632692e-01 
 5.97530911e+01 -2.89780526e-02  5.97530911e+01  4.65088524e-01 
 6.04450922e+01 -2.89713290e-02  6.04450922e+01  4.59606008e-01 
 6.11451073e+01 -2.89647583e-02  6.11451073e+01  4.54184415e-01 
 6.18532294e+01 -2.89583370e-02  6.18532294e+01  4.48823027e-01 
 6.25695522e+01 -2.89520618e-02  6.25695522e+01  4.43521135e-01 
 6.32941707e+01 -2.89459293e-02  6.32941707e+01  4.38278035e-01 
 6.40271811e+01 -2.89399362e-02  6.40271811e+01  4.33093033e-01 
 6.47686804e+01 -2.89340794e-02  6.47686804e+01  4.27965442e-01 
 6.55187671e+01 -2.89283559e-02  6.55187671e+01  4.22894581e-01 
 6.62775405e+01 -2.89227625e-02  6.62775405e+01  4.17879780e-01 
 6.70451013e+01 -2.89172963e-02  6.70451013e+01  4.12920374e-01 
 6.78215512e+01 -2.89119544e-02  6.78215512e+01  4.08015705e-01 
 6.86069932e+01 -2.89067340e-02  6.86069932e+01  4.03165123e-01 
 6.94015314e+01 -2.89016324e-02  6.94015314e+01  3.98367986e-01 
 7.02052711e+01 -2.88966467e-02  7.02052711e+01  3.93623658e-01 
 7.10183190e+01 -2.88917745e-02  7.10183190e+01  3.88931509e-01 
 7.18407828e+01 -2.88870130e-02  7.18407828e+01  3.84290920e-01 
 7.26727715e+01 -2.88823598e-02  7.26727715e+01  3.79701273e-01 
 7.35143955e+01 -2.88778125e-02  7.35143955e+01  3.75161961e-01 
 7.43657664e+01 -2.88733685e-02  7.43657664e+01  3.70672383e-01 
 7.52269970e+01 -2.88690256e-02  7.52269970e+01  3.66231943e-01 
 7.60982015e+01 -2.88647815e-02  7.60982015e+01  3.61840053e-01 
 7.69794955e+01 -2.88606339e-02  7.69794955e+01  3.57496131e-01 
 7.78709957e+01 -2.88565806e-02  7.78709957e+01  3.53199601e-01 
 7.87728204e+01 -2.88526194e-02  7.87728204e+01  3.48949894e-01 
 7.96850891e+01 -2.88487484e-02  7.96850891e+01  3.44746446e-01 
 8.06079229e+01 -2.88449653e-02  8.06079229e+01  3.40588700e-01 
 8.15414439e+01 -2.88412683e-02  8.15414439e+01  3.36476106e-01 
 8.24857761e+01 -2.88376553e-02  8.24857761e+01  3.32408117e-01 
 8.34410446e+01 -2.88341245e-02  8.34410446e+01  3.28384196e-01 
 8.44073761e+01 -2.88306740e-02  8.44073761e+01  3.24403808e-01 
 8.53848987e+01 -2.88273019e-02  8.53848987e+01  3.20466426e-01 
 8.63737419e+01 -2.88240065e-02  8.63737419e+01  3.16571529e-01 
 8.73740370e+01 -2.88207860e-02  8.73740370e+01  3.12718599e-01 
 8.83859165e+01 -2.88176387e-02  8.83859165e+01  3.08907126e-01 
 8.94095146e+01 -2.88145630e-02  8.94095146e+01  3.05136606e-01 
 9.04449670e+01 -2.88115571e-02  9.04449670e+01  3.01406538e-01 
 9.14924110e+01 -2.88086196e-02  9.14924110e+01  2.97716427e-01 
 9.25519854e+01 -2.88057489e-02  9.25519854e+01  2.94065785e-01 
 9.36238307e+01 -2.88029435e-02  9.36238307e+01  2.90454129e-01 
 9.47080892e+01 -2.88002017e-02  9.47080892e+01  2.86880978e-01 
 9.58049044e+01 -2.87975224e-02  9.58049044e+01  2.83345860e-01 
 9.69144218e+01 -2.87949039e-02  9.69144218e+01  2.79848305e-01 
 9.80367886e+01 -2.87923449e-02  9.80367886e+01  2.76387851e-01 
 9.91721535e+01 -2.87898440e-02  9.91721535e+01  2.72964038e-01 
 1.00320667e+02 -2.87874000e-02  1.00320667e+02  2.69576414e-01 
 1.01482482e+02 -2.87850115e-02  1.01482482e+02  2.66224527e-01 
 1.02657751e+02 -2.87826773e-02  1.02657751e+02  2.62907936e-01 
 1.03846632e+02 -2.87803961e-02  1.03846632e+02  2.59626199e-01 
 1.05049280e+02 -2.87781667e-02  1.05049280e+02  2.56378881e-01 
 1.06265857e+02 -2.87759880e-02  1.06265857e+02  2.53165553e-01 
 1.07496523e+02 -2.87738587e-02  1.07496523e+02  2.49985789e-01 
 1.08741441e+02 -2.87717778e-02  1.08741441e+02  2.46839166e-01 
 1.10000777e+02 -2.87697442e-02  1.10000777e+02  2.43725267e-01 
 1.11274697e+02 -2.87677567e-02  1.11274697e+02  2.40643681e-01 
 1.12563370e+02 -2.87658144e-02  1.12563370e+02  2.37593998e-01 
 1.13866967e+02 -2.87639161e-02  1.13866967e+02  2.34575815e-01 
 1.15185661e+02 -2.87620610e-02  1.15185661e+02  2.31588730e-01 
 1.16519628e+02 -2.87602479e-02  1.16519628e+02  2.28632348e-01 
 1.17869043e+02 -2.87584760e-02  1.17869043e+02  2.25706278e-01 
 1.19234085e+02 -2.87567443e-02  1.19234085e+02  2.22810131e-01 
 1.20614936e+02 -2.87550519e-02  1.20614936e+02  2.19943523e-01 
 1.22011779e+02 -2.87533979e-02  1.22011779e+02  2.17106075e-01 
 1.23424798e+02 -2.87517814e-02  1.23424798e+02  2.14297410e-01 
 1.24854182e+02 -2.87502015e-02  1.24854182e+02  2.11517156e-01 
 1.26300119e+02 -2.87486575e-02  1.26300119e+02  2.08764944e-01 
 1.27762802e+02 -2.87471485e-02  1.27762802e+02  2.06040409e-01 
 1.29242424e+02 -2.87456737e-02  1.29242424e+02  2.03343191e-01 
 1.30739182e+02 -2.87442323e-02  1.30739182e+02  2.00672932e-01 
 1.32253273e+02 -2.87428236e-02  1.32253273e+02  1.98029277e-01 
 1.33784900e+02 -2.87414467e-02  1.33784900e+02  1.95411877e-01 
 1.35334264e+02 -2.87401011e-02  1.35334264e+02  1.92820384e-01 
 1.36901571e+02 -2.87387859e-02  1.36901571e+02  1.90254454e-01 
 1.38487029e+02 -2.87375005e-02  1.38487029e+02  1.87713749e-01 
 1.40090849e+02 -2.87362442e-02  1.40090849e+02  1.85197930e-01 
 1.41713242e+02 -2.87350164e-02  1.41713242e+02  1.82706664e-01 
 1.43354425e+02 -2.87338162e-02  1.43354425e+02  1.80239621e-01 
 1.45014614e+02 -2.87326433e-02  1.45014614e+02  1.77796474e-01 
 1.46694029e+02 -2.87314968e-02  1.46694029e+02  1.75376899e-01 
 1.48392894e+02 -2.87303763e-02  1.48392894e+02  1.72980576e-01 
 1.50111433e+02 -2.87292811e-02  1.50111433e+02  1.70607186e-01 
 1.51849875e+02 -2.87282106e-02  1.51849875e+02  1.68256415e-01 
 1.53608450e+02 -2.87271642e-02  1.53608450e+02  1.65927951e-01 
 1.55387391e+02 -2.87261415e-02  1.55387391e+02  1.63621486e-01 
 1.57186933e+02 -2.87251419e-02  1.57186933e+02  1.61336714e-01 
 1.59007317e+02 -2.87241648e-02  1.59007317e+02  1.59073332e-01 
 1.60848782e+02 -2.87232097e-02  1.60848782e+02  1.56831039e-01 
 1.62711573e+02 -2.87222761e-02  1.62711573e+02  1.54609539e-01 
 1.64595937e+02 -2.87213636e-02  1.64595937e+02  1.52408538e-01 
 1.66502124e+02 -2.87204716e-02  1.66502124e+02  1.50227742e-01 
 1.68430387e+02 -2.87195997e-02  1.68430387e+02  1.48066864e-01 
 1.70380981e+02 -2.87187473e-02  1.70380981e+02  1.45925617e-01 
 1.72354164e+02 -2.87179141e-02  1.72354164e+02  1.43803716e-01 
 1.74350199e+02 -2.87170997e-02  1.74350199e+02  1.41700881e-01 
 1.76369351e+02 -2.87163035e-02  1.76369351e+02  1.39616832e-01 
 1.78411886e+02 -2.87155251e-02  1.78411886e+02  1.37551294e-01 
 1.80478075e+02 -2.87147642e-02  1.80478075e+02  1.35503993e-01 
 1.82568193e+02 -2.87140203e-02  1.82568193e+02  1.33474657e-01 
 1.84682517e+02 -2.87132931e-02  1.84682517e+02  1.31463017e-01 
 1.86821327e+02 -2.87125822e-02  1.86821327e+02  1.29468806e-01 
 1.88984907e+02 -2.87118871e-02  1.88984907e+02  1.27491761e-01 
 1.91173543e+02 -2.87112075e-02  1.91173543e+02  1.25531618e-01 
 1.93387525e+02 -2.87105431e-02  1.93387525e+02  1.23588119e-01 
 1.95627148e+02 -2.87098935e-02  1.95627148e+02  1.21661005e-01 
 1.97892707e+02 -2.87092584e-02  1.97892707e+02  1.19750021e-01 
 2.00184505e+02 -2.87086373e-02  2.00184505e+02  1.17854913e-01 
 2.02502843e+02 -2.87080301e-02  2.02502843e+02  1.15975431e-01 
 2.04848030e+02 -2.87074363e-02  2.04848030e+02  1.14111325e-01 
 2.07220377e+02 -2.87068557e-02  2.07220377e+02  1.12262348e-01 
 2.09620198e+02 -2.87062880e-02  2.09620198e+02  1.10428255e-01 
 2.12047812e+02 -2.87057327e-02  2.12047812e+02  1.08608802e-01 
 2.14503539e+02 -2.87051898e-02  2.14503539e+02  1.06803749e-01 
 2.16987707e+02 -2.87046588e-02  2.16987707e+02  1.05012857e-01 
 2.19500643e+02 -2.87041394e-02  2.19500643e+02  1.03235887e-01 
 2.22042682e+02 -2.87036315e-02  2.22042682e+02  1.01472604e-01 
 2.24614160e+02 -2.87031347e-02  2.24614160e+02  9.97227743e-02 
 2.27215419e+02 -2.87026488e-02  2.27215419e+02  9.79861663e-02 
 2.29846803e+02 -2.87021735e-02  2.29846803e+02  9.62625494e-02 
 2.32508661e+02 -2.87017086e-02  2.32508661e+02  9.45516952e-02 
 2.35201345e+02 -2.87012538e-02  2.35201345e+02  9.28533769e-02 
 2.37925214e+02 -2.87008089e-02  2.37925214e+02  9.11673691e-02 
 2.40680628e+02 -2.87003736e-02  2.40680628e+02  8.94934486e-02 
 2.43467953e+02 -2.86999477e-02  2.43467953e+02  8.78313932e-02 
 2.46287557e+02 -2.86995310e-02  2.46287557e+02  8.61809826e-02 
 2.49139816e+02 -2.86991233e-02  2.49139816e+02  8.45419981e-02 
 2.52025106e+02 -2.86987243e-02  2.52025106e+02  8.29142224e-02 
 2.54943811e+02 -2.86983338e-02  2.54943811e+02  8.12974396e-02 
 2.57896318e+02 -2.86979517e-02  2.57896318e+02  7.96914353e-02 
 2.60883017e+02 -2.86975777e-02  2.60883017e+02  7.80959967e-02 
 2.63904306e+02 -2.86972116e-02  2.63904306e+02  7.65109122e-02 
 2.66960584e+02 -2.86968533e-02  2.66960584e+02  7.49359717e-02 
 2.70052257e+02 -2.86965025e-02  2.70052257e+02  7.33709664e-02 
 2.73179734e+02 -2.86961591e-02  2.73179734e+02  7.18156887e-02 
 2.76343431e+02 -2.86958228e-02  2.76343431e+02  7.02699325e-02 
 2.79543767e+02 -2.86954935e-02  2.79543767e+02  6.87334929e-02 
 2.82781166e+02 -2.86951711e-02  2.82781166e+02  6.72061661e-02 
 2.86056057e+02 -2.86948553e-02  2.86056057e+02  6.56877496e-02 
 2.89368875e+02 -2.86945460e-02  2.89368875e+02  6.41780422e-02 
 2.92720058e+02 -2.86942430e-02  2.92720058e+02  6.26768436e-02 
 2.96110052e+02 -2.86939462e-02  2.96110052e+02  6.11839549e-02 
 2.99539305e+02 -2.86936553e-02  2.99539305e+02  5.96991780e-02 
 3.03008272e+02 -2.86933704e-02  3.03008272e+02  5.82223163e-02 
 3.06517414e+02 -2.86930911e-02  3.06517414e+02  5.67531737e-02 
 3.10067195e+02 -2.86928173e-02  3.10067195e+02  5.52915557e-02 
 3.13658086e+02 -2.86925490e-02  3.13658086e+02  5.38372683e-02 
 3.17290563e+02 -2.86922859e-02  3.17290563e+02  5.23901187e-02 
 3.20965108e+02 -2.86920280e-02  3.20965108e+02  5.09499152e-02 
 3.24682207e+02 -2.86917750e-02  3.24682207e+02  4.95164668e-02 
 3.28442355e+02 -2.86915269e-02  3.28442355e+02  4.80895833e-02 
 3.32246049e+02 -2.86912835e-02  3.32246049e+02  4.66690757e-02 
 3.36093793e+02 -2.86910447e-02  3.36093793e+02  4.52547555e-02 
 3.39986099e+02 -2.86908104e-02  3.39986099e+02  4.38464353e-02 
 3.43923481e+02 -2.86905804e-02  3.43923481e+02  4.24439284e-02 
 3.47906461e+02 -2.86903546e-02  3.47906461e+02  4.10470488e-02 
 3.51935569e+02 -2.86901329e-02  3.51935569e+02  3.96556113e-02 
 3.56011338e+02 -2.86899152e-02  3.56011338e+02  3.82694315e-02 
 3.60134309e+02 -2.86897013e-02  3.60134309e+02  3.68883255e-02 
 3.64305027e+02 -2.86894912e-02  3.64305027e+02  3.55121102e-02 
 3.68524047e+02 -2.86892848e-02  3.68524047e+02  3.41406031e-02 
 3.72791927e+02 -2.86890818e-02  3.72791927e+02  3.27736225e-02 
 3.77109234e+02 -2.86888823e-02  3.77109234e+02  3.14109871e-02 
 3.81476539e+02 -2.86886861e-02  3.81476539e+02  3.00525163e-02 
 3.85894423e+02 -2.86884932e-02  3.85894423e+02  2.86980298e-02 
 3.90363469e+02 -2.86883033e-02  3.90363469e+02  2.73473482e-02 
 3.94884272e+02 -2.86881164e-02  3.94884272e+02  2.60002923e-02 
 3.99457430e+02 -2.86879325e-02  3.99457430e+02  2.46566836e-02 
 4.04083550e+02 -2.86877513e-02  4.04083550e+02  2.33163440e-02 
 4.08763246e+02 -2.86875729e-02  4.08763246e+02  2.19790956e-02 
 4.13497136e+02 -2.86873971e-02  4.13497136e+02  2.06447612e-02 
 4.18285850e+02 -2.86872239e-02  4.18285850e+02  1.93131640e-02 
 4.23130023e+02 -2.86870530e-02  4.23130023e+02  1.79841273e-02 
 4.28030295e+02 -2.86868845e-02  4.28030295e+02  1.66574749e-02 
 4.32987318e+02 -2.86867183e-02  4.32987318e+02  1.53330310e-02 
 4.38001748e+02 -2.86865543e-02  4.38001748e+02  1.40106200e-02 
 4.43074250e+02 -2.86863923e-02  4.43074250e+02  1.26900665e-02 
 4.48205497e+02 -2.86862323e-02  4.48205497e+02  1.13711954e-02 
 4.53396168e+02 -2.86860742e-02  4.53396168e+02  1.00538319e-02 
 4.58646954e+02 -2.86859180e-02  4.58646954e+02  8.73780132e-03 
 4.63958548e+02 -2.86857635e-02  4.63958548e+02  7.42292917e-03 
 4.69331656e+02 -2.86856106e-02  4.69331656e+02  6.10904111e-03 
 4.74766990e+02 -2.86854594e-02  4.74766990e+02  4.79596295e-03 
 4.80265271e+02 -2.86853096e-02  4.80265271e+02  3.48352060e-03 
 4.85827227e+02 -2.86851613e-02  4.85827227e+02  2.17154004e-03 
 4.91453597e+02 -2.86850143e-02  4.91453597e+02  8.59847324e-04 
 4.97145125e+02 -2.86848686e-02  4.97145125e+02 -4.51731453e-04 
 5.02902567e+02 -2.86847241e-02  5.02902567e+02 -1.76337019e-03 
 5.08726686e+02 -2.86845806e-02  5.08726686e+02 -3.07524279e-03 
 5.14618255e+02 -2.86844382e-02  5.14618255e+02 -4.38752319e-03 
 5.20578053e+02 -2.86842968e-02  5.20578053e+02 -5.70038537e-03 
 5.26606872e+02 -2.86841563e-02  5.26606872e+02 -7.01400340e-03 
 5.32705511e+02 -2.86840165e-02  5.32705511e+02 -8.32855146e-03 
 5.38874778e+02 -2.86838775e-02  5.38874778e+02 -9.64420382e-03 
 5.45115492e+02 -2.86837392e-02  5.45115492e+02 -1.09611349e-02 
 5.51428479e+02 -2.86836014e-02  5.51428479e+02 -1.22795194e-02 
 5.57814577e+02 -2.86834642e-02  5.57814577e+02 -1.35995320e-02 
 5.64274633e+02 -2.86833274e-02  5.64274633e+02 -1.49213477e-02 
 5.70809503e+02 -2.86831910e-02  5.70809503e+02 -1.62451419e-02 
 5.77420053e+02 -2.86830549e-02  5.77420053e+02 -1.75710900e-02 
 5.84107159e+02 -2.86829190e-02  5.84107159e+02 -1.88993679e-02 
 5.90871709e+02 -2.86827832e-02  5.90871709e+02 -2.02301515e-02 
 5.97714600e+02 -2.86826476e-02  5.97714600e+02 -2.15636175e-02 
 6.04636738e+02 -2.86825119e-02  6.04636738e+02 -2.28999426e-02 
 6.11639042e+02 -2.86823762e-02  6.11639042e+02 -2.42393039e-02 
 6.18722439e+02 -2.86822404e-02  6.18722439e+02 -2.55818790e-02 
 6.25887869e+02 -2.86821043e-02  6.25887869e+02 -2.69278460e-02 
 6.33136282e+02 -2.86819680e-02  6.33136282e+02 -2.82773834e-02 
 6.40468639e+02 -2.86818313e-02  6.40468639e+02 -2.96306699e-02 
 6.47885912e+02 -2.86816942e-02  6.47885912e+02 -3.09878851e-02 
 6.55389084e+02 -2.86815566e-02  6.55389084e+02 -3.23492089e-02 
 6.62979151e+02 -2.86814184e-02  6.62979151e+02 -3.37148219e-02 
 6.70657118e+02 -2.86812796e-02  6.70657118e+02 -3.50849050e-02 
 6.78424004e+02 -2.86811401e-02  6.78424004e+02 -3.64596399e-02 
 6.86280839e+02 -2.86809998e-02  6.86280839e+02 -3.78392089e-02 
 6.94228663e+02 -2.86808586e-02  6.94228663e+02 -3.92237949e-02 
 7.02268532e+02 -2.86807165e-02  7.02268532e+02 -4.06135815e-02 
 7.10401510e+02 -2.86805734e-02  7.10401510e+02 -4.20087530e-02 
 7.18628676e+02 -2.86804291e-02  7.18628676e+02 -4.34094943e-02 
 7.26951121e+02 -2.86802838e-02  7.26951121e+02 -4.48159911e-02 
 7.35369948e+02 -2.86801371e-02  7.35369948e+02 -4.62284300e-02 
 7.43886274e+02 -2.86799892e-02  7.43886274e+02 -4.76469981e-02 
 7.52501228e+02 -2.86798398e-02  7.52501228e+02 -4.90718837e-02 
 7.61215951e+02 -2.86796890e-02  7.61215951e+02 -5.05032756e-02 
 7.70031600e+02 -2.86795366e-02  7.70031600e+02 -5.19413636e-02 
 7.78949343e+02 -2.86793826e-02  7.78949343e+02 -5.33863384e-02 
 7.87970362e+02 -2.86792268e-02  7.87970362e+02 -5.48383915e-02 
 7.97095854e+02 -2.86790693e-02  7.97095854e+02 -5.62977155e-02 
 8.06327028e+02 -2.86789098e-02  8.06327028e+02 -5.77645039e-02 
 8.15665108e+02 -2.86787484e-02  8.15665108e+02 -5.92389511e-02 
 8.25111333e+02 -2.86785849e-02  8.25111333e+02 -6.07212527e-02 
 8.34666955e+02 -2.86784193e-02  8.34666955e+02 -6.22116051e-02 
 8.44333240e+02 -2.86782515e-02  8.44333240e+02 -6.37102061e-02 
 8.54111471e+02 -2.86780813e-02  8.54111471e+02 -6.52172542e-02 
 8.64002944e+02 -2.86779087e-02  8.64002944e+02 -6.67329493e-02 
 8.74008970e+02 -2.86777336e-02  8.74008970e+02 -6.82574924e-02 
 8.84130875e+02 -2.86775559e-02  8.84130875e+02 -6.97910856e-02 
 8.94370003e+02 -2.86773756e-02  8.94370003e+02 -7.13339323e-02 
 9.04727710e+02 -2.86771924e-02  9.04727710e+02 -7.28862369e-02 
 9.15205369e+02 -2.86770064e-02  9.15205369e+02 -7.44482054e-02 
 9.25804371e+02 -2.86768173e-02  9.25804371e+02 -7.60200449e-02 
 9.36526119e+02 -2.86766252e-02  9.36526119e+02 -7.76019636e-02 
 9.47372037e+02 -2.86764299e-02  9.47372037e+02 -7.91941715e-02 
 9.58343561e+02 -2.86762314e-02  9.58343561e+02 -8.07968795e-02 
 9.69442146e+02 -2.86760294e-02  9.69442146e+02 -8.24103002e-02 
 9.80669264e+02 -2.86758239e-02  9.80669264e+02 -8.40346476e-02 
 9.92026404e+02 -2.86756148e-02  9.92026404e+02 -8.56701370e-02 
 1.00351507e+03 -2.86754020e-02  1.00351507e+03 -8.73169852e-02 
 1.01513679e+03 -2.86751854e-02  1.01513679e+03 -8.89754107e-02 
 1.02689310e+03 -2.86749648e-02  1.02689310e+03 -9.06456332e-02 
 1.03878555e+03 -2.86747402e-02  1.03878555e+03 -9.23278743e-02 
 1.05081574e+03 -2.86745114e-02  1.05081574e+03 -9.40223570e-02 
 1.06298524e+03 -2.86742782e-02  1.06298524e+03 -9.57293061e-02 
 1.07529569e+03 -2.86740407e-02  1.07529569e+03 -9.74489477e-02 
 1.08774869e+03 -2.86737986e-02  1.08774869e+03 -9.91815099e-02 
 1.10034592e+03 -2.86735518e-02  1.10034592e+03 -1.00927223e-01 
 1.11308904e+03 -2.86733002e-02  1.11308904e+03 -1.02686317e-01 
 1.12597973e+03 -2.86730436e-02  1.12597973e+03 -1.04459026e-01 
 1.13901971e+03 -2.86727820e-02  1.13901971e+03 -1.06245586e-01 
 1.15221071e+03 -2.86725151e-02  1.15221071e+03 -1.08046233e-01 
 1.16555447e+03 -2.86722429e-02  1.16555447e+03 -1.09861205e-01 
 1.17905277e+03 -2.86719651e-02  1.17905277e+03 -1.11690744e-01 
 1.19270739e+03 -2.86716818e-02  1.19270739e+03 -1.13535092e-01 
 1.20652015e+03 -2.86713926e-02  1.20652015e+03 -1.15394493e-01 
 1.22049287e+03 -2.86710974e-02  1.22049287e+03 -1.17269195e-01 
 1.23462740e+03 -2.86707961e-02  1.23462740e+03 -1.19159445e-01 
 1.24892564e+03 -2.86704886e-02  1.24892564e+03 -1.21065494e-01 
 1.26338945e+03 -2.86701746e-02  1.26338945e+03 -1.22987596e-01 
 1.27802078e+03 -2.86698540e-02  1.27802078e+03 -1.24926004e-01 
 1.29282155e+03 -2.86695267e-02  1.29282155e+03 -1.26880976e-01 
 1.30779373e+03 -2.86691924e-02  1.30779373e+03 -1.28852772e-01 
 1.32293930e+03 -2.86688509e-02  1.32293930e+03 -1.30841652e-01 
 1.33826027e+03 -2.86685022e-02  1.33826027e+03 -1.32847881e-01 
 1.35375867e+03 -2.86681460e-02  1.35375867e+03 -1.34871724e-01 
 1.36943656e+03 -2.86677821e-02  1.36943656e+03 -1.36913449e-01 
 1.38529602e+03 -2.86674103e-02  1.38529602e+03 -1.38973328e-01 
 1.40133915e+03 -2.86670304e-02  1.40133915e+03 -1.41051634e-01 
 1.41756807e+03 -2.86666423e-02  1.41756807e+03 -1.43148642e-01 
 1.43398494e+03 -2.86662457e-02  1.43398494e+03 -1.45264630e-01 
 1.45059193e+03 -2.86658404e-02  1.45059193e+03 -1.47399879e-01 
 1.46739125e+03 -2.86654262e-02  1.46739125e+03 -1.49554671e-01 
 1.48438512e+03 -2.86650029e-02  1.48438512e+03 -1.51729294e-01 
 1.50157580e+03 -2.86645703e-02  1.50157580e+03 -1.53924035e-01 
 1.51896556e+03 -2.86641280e-02  1.51896556e+03 -1.56139184e-01 
 1.53655671e+03 -2.86636760e-02  1.53655671e+03 -1.58375037e-01 
 1.55435159e+03 -2.86632139e-02  1.55435159e+03 -1.60631888e-01 
 1.57235255e+03 -2.86627415e-02  1.57235255e+03 -1.62910039e-01 
 1.59056198e+03 -2.86622586e-02  1.59056198e+03 -1.65209790e-01 
 1.60898229e+03 -2.86617648e-02  1.60898229e+03 -1.67531446e-01 
 1.62761593e+03 -2.86612600e-02  1.62761593e+03 -1.69875316e-01 
 1.64646536e+03 -2.86607439e-02  1.64646536e+03 -1.72241710e-01 
 1.66553309e+03 -2.86602161e-02  1.66553309e+03 -1.74630943e-01 
 1.68482165e+03 -2.86596765e-02  1.68482165e+03 -1.77043330e-01 
 1.70433358e+03 -2.86591247e-02  1.70433358e+03 -1.79479192e-01 
 1.72407148e+03 -2.86585605e-02  1.72407148e+03 -1.81938852e-01 
 1.74403797e+03 -2.86579835e-02  1.74403797e+03 -1.84422636e-01 
 1.76423569e+03 -2.86573934e-02  1.76423569e+03 -1.86930873e-01 
 1.78466732e+03 -2.86567899e-02  1.78466732e+03 -1.89463896e-01 
 1.80533557e+03 -2.86561727e-02  1.80533557e+03 -1.92022041e-01 
 1.82624317e+03 -2.86555415e-02  1.82624317e+03 -1.94605648e-01 
 1.84739291e+03 -2.86548960e-02  1.84739291e+03 -1.97215058e-01 
 1.86878759e+03 -2.86542357e-02  1.86878759e+03 -1.99850617e-01 
 1.89043003e+03 -2.86535604e-02  1.89043003e+03 -2.02512676e-01 
 1.91232312e+03 -2.86528697e-02  1.91232312e+03 -2.05201588e-01 
 1.93446975e+03 -2.86521632e-02  1.93446975e+03 -2.07917708e-01 
 1.95687286e+03 -2.86514405e-02  1.95687286e+03 -2.10661397e-01 
 1.97953542e+03 -2.86507013e-02  1.97953542e+03 -2.13433020e-01 
 2.00246044e+03 -2.86499452e-02  2.00246044e+03 -2.16232943e-01 
 2.02565095e+03 -2.86491717e-02  2.02565095e+03 -2.19061537e-01 
 2.04911003e+03 -2.86483805e-02  2.04911003e+03 -2.21919179e-01 
 2.07284080e+03 -2.86475712e-02  2.07284080e+03 -2.24806246e-01 
 2.09684638e+03 -2.86467432e-02  2.09684638e+03 -2.27723123e-01 
 2.12112998e+03 -2.86458963e-02  2.12112998e+03 -2.30670195e-01 
 2.14569480e+03 -2.86450298e-02  2.14569480e+03 -2.33647854e-01 
 2.17054412e+03 -2.86441435e-02  2.17054412e+03 -2.36656494e-01 
 2.19568121e+03 -2.86432367e-02  2.19568121e+03 -2.39696514e-01 
 2.22110941e+03 -2.86423090e-02  2.22110941e+03 -2.42768318e-01 
 2.24683210e+03 -2.86413600e-02  2.24683210e+03 -2.45872313e-01 
 2.27285268e+03 -2.86403890e-02  2.27285268e+03 -2.49008911e-01 
 2.29917461e+03 -2.86393957e-02  2.29917461e+03 -2.52178528e-01 
 2.32580137e+03 -2.86383795e-02  2.32580137e+03 -2.55381583e-01 
 2.35273649e+03 -2.86373398e-02  2.35273649e+03 -2.58618503e-01 
 2.37998356e+03 -2.86362761e-02  2.37998356e+03 -2.61889715e-01 
 2.40754617e+03 -2.86351878e-02  2.40754617e+03 -2.65195655e-01 
 2.43542798e+03 -2.86340744e-02  2.43542798e+03 -2.68536760e-01 
 2.46363269e+03 -2.86329352e-02  2.46363269e+03 -2.71913474e-01 
 2.49216405e+03 -2.86317697e-02  2.49216405e+03 -2.75326245e-01 
 2.52102582e+03 -2.86305772e-02  2.52102582e+03 -2.78775525e-01 
 2.55022184e+03 -2.86293571e-02  2.55022184e+03 -2.82261772e-01 
 2.57975598e+03 -2.86281088e-02  2.57975598e+03 -2.85785447e-01 
 2.60963216e+03 -2.86268316e-02  2.60963216e+03 -2.89347020e-01 
 2.63985434e+03 -2.86255248e-02  2.63985434e+03 -2.92946961e-01 
 2.67042651e+03 -2.86241877e-02  2.67042651e+03 -2.96585748e-01 
 2.70135274e+03 -2.86228197e-02  2.70135274e+03 -3.00263865e-01 
 2.73263713e+03 -2.86214199e-02  2.73263713e+03 -3.03981799e-01 
 2.76428383e+03 -2.86199877e-02  2.76428383e+03 -3.07740043e-01 
 2.79629703e+03 -2.86185223e-02  2.79629703e+03 -3.11539096e-01 
 2.82868097e+03 -2.86170230e-02  2.82868097e+03 -3.15379462e-01 
 2.86143995e+03 -2.86154888e-02  2.86143995e+03 -3.19261649e-01 
 2.89457831e+03 -2.86139191e-02  2.89457831e+03 -3.23186174e-01 
 2.92810044e+03 -2.86123129e-02  2.92810044e+03 -3.27153556e-01 
 2.96201080e+03 -2.86106695e-02  2.96201080e+03 -3.31164323e-01 
 2.99631387e+03 -2.86089879e-02  2.99631387e+03 -3.35219005e-01 
 3.03101421e+03 -2.86072673e-02  3.03101421e+03 -3.39318142e-01 
 3.06611641e+03 -2.86055067e-02  3.06611641e+03 -3.43462276e-01 
 3.10162514e+03 -2.86037053e-02  3.10162514e+03 -3.47651958e-01 
 3.13754508e+03 -2.86018621e-02  3.13754508e+03 -3.51887743e-01 
 3.17388102e+03 -2.85999760e-02  3.17388102e+03 -3.56170194e-01 
 3.21063777e+03 -2.85980461e-02  3.21063777e+03 -3.60499878e-01 
 3.24782019e+03 -2.85960714e-02  3.24782019e+03 -3.64877370e-01 
 3.28543323e+03 -2.85940509e-02  3.28543323e+03 -3.69303251e-01 
 3.32348186e+03 -2.85919833e-02  3.32348186e+03 -3.73778107e-01 
 3.36197113e+03 -2.85898678e-02  3.36197113e+03 -3.78302534e-01 
 3.40090615e+03 -2.85877031e-02  3.40090615e+03 -3.82877130e-01 
 3.44029207e+03 -2.85854881e-02  3.44029207e+03 -3.87502504e-01 
 3.48013412e+03 -2.85832216e-02  3.48013412e+03 -3.92179268e-01 
 3.52043759e+03 -2.85809024e-02  3.52043759e+03 -3.96908043e-01 
 3.56120781e+03 -2.85785293e-02  3.56120781e+03 -4.01689457e-01 
 3.60245019e+03 -2.85761011e-02  3.60245019e+03 -4.06524144e-01 
 3.64417019e+03 -2.85736164e-02  3.64417019e+03 -4.11412746e-01 
 3.68637336e+03 -2.85710740e-02  3.68637336e+03 -4.16355912e-01 
 3.72906528e+03 -2.85684724e-02  3.72906528e+03 -4.21354296e-01 
 3.77225162e+03 -2.85658104e-02  3.77225162e+03 -4.26408564e-01 
 3.81593810e+03 -2.85630864e-02  3.81593810e+03 -4.31519385e-01 
 3.86013052e+03 -2.85602991e-02  3.86013052e+03 -4.36687437e-01 
 3.90483472e+03 -2.85574470e-02  3.90483472e+03 -4.41913407e-01 
 3.95005665e+03 -2.85545286e-02  3.95005665e+03 -4.47197989e-01 
 3.99580229e+03 -2.85515424e-02  3.99580229e+03 -4.52541883e-01 
 4.04207771e+03 -2.85484866e-02  4.04207771e+03 -4.57945798e-01 
 4.08888905e+03 -2.85453598e-02  4.08888905e+03 -4.63410453e-01 
 4.13624251e+03 -2.85421603e-02  4.13624251e+03 -4.68936572e-01 
 4.18414437e+03 -2.85388864e-02  4.18414437e+03 -4.74524889e-01 
 4.23260098e+03 -2.85355364e-02  4.23260098e+03 -4.80176145e-01 
 4.28161877e+03 -2.85321084e-02  4.28161877e+03 -4.85891092e-01 
 4.33120424e+03 -2.85286007e-02  4.33120424e+03 -4.91670486e-01 
 4.38136395e+03 -2.85250114e-02  4.38136395e+03 -4.97515096e-01 
 4.43210457e+03 -2.85213386e-02  4.43210457e+03 -5.03425698e-01 
 4.48343281e+03 -2.85175804e-02  4.48343281e+03 -5.09403076e-01 
 4.53535548e+03 -2.85137348e-02  4.53535548e+03 -5.15448023e-01 
 4.58787948e+03 -2.85097997e-02  4.58787948e+03 -5.21561343e-01 
 4.64101175e+03 -2.85057731e-02  4.64101175e+03 -5.27743847e-01 
 4.69475935e+03 -2.85016528e-02  4.69475935e+03 -5.33996355e-01 
 4.74912940e+03 -2.84974367e-02  4.74912940e+03 -5.40319698e-01 
 4.80412911e+03 -2.84931226e-02  4.80412911e+03 -5.46714716e-01 
 4.85976577e+03 -2.84887081e-02  4.85976577e+03 -5.53182257e-01 
 4.91604676e+03 -2.84841909e-02  4.91604676e+03 -5.59723181e-01 
 4.97297954e+03 -2.84795686e-02  4.97297954e+03 -5.66338357e-01 
 5.03057166e+03 -2.84748388e-02  5.03057166e+03 -5.73028662e-01 
 5.08883076e+03 -2.84699990e-02  5.08883076e+03 -5.79794985e-01 
 5.14776455e+03 -2.84650467e-02  5.14776455e+03 -5.86638224e-01 
 5.20738086e+03 -2.84599791e-02  5.20738086e+03 -5.93559290e-01 
 5.26768758e+03 -2.84547937e-02  5.26768758e+03 -6.00559100e-01 
 5.32869272e+03 -2.84494877e-02  5.32869272e+03 -6.07638585e-01 
 5.39040436e+03 -2.84440582e-02  5.39040436e+03 -6.14798685e-01 
 5.45283068e+03 -2.84385025e-02  5.45283068e+03 -6.22040352e-01 
 5.51597996e+03 -2.84328176e-02  5.51597996e+03 -6.29364546e-01 
 5.57986057e+03 -2.84270005e-02  5.57986057e+03 -6.36772242e-01 
 5.64448099e+03 -2.84210480e-02  5.64448099e+03 -6.44264424e-01 
 5.70984977e+03 -2.84149572e-02  5.70984977e+03 -6.51842086e-01 
 5.77597559e+03 -2.84087247e-02  5.77597559e+03 -6.59506235e-01 
 5.84286722e+03 -2.84023472e-02  5.84286722e+03 -6.67257891e-01 
 5.91053351e+03 -2.83958215e-02  5.91053351e+03 -6.75098083e-01 
 5.97898345e+03 -2.83891440e-02  5.97898345e+03 -6.83027853e-01 
 6.04822611e+03 -2.83823112e-02  6.04822611e+03 -6.91048255e-01 
 6.11827067e+03 -2.83753196e-02  6.11827067e+03 -6.99160355e-01 
 6.18912642e+03 -2.83681653e-02  6.18912642e+03 -7.07365230e-01 
 6.26080275e+03 -2.83608448e-02  6.26080275e+03 -7.15663972e-01 
 6.33330916e+03 -2.83533540e-02  6.33330916e+03 -7.24057684e-01 
 6.40665527e+03 -2.83456891e-02  6.40665527e+03 -7.32547482e-01 
 6.48085080e+03 -2.83378460e-02  6.48085080e+03 -7.41134493e-01 
 6.55590559e+03 -2.83298205e-02  6.55590559e+03 -7.49819861e-01 
 6.63182959e+03 -2.83216085e-02  6.63182959e+03 -7.58604739e-01 
 6.70863287e+03 -2.83132055e-02  6.70863287e+03 -7.67490296e-01 
 6.78632561e+03 -2.83046073e-02  6.78632561e+03 -7.76477713e-01 
 6.86491811e+03 -2.82958092e-02  6.86491811e+03 -7.85568185e-01 
 6.94442078e+03 -2.82868065e-02  6.94442078e+03 -7.94762923e-01 
 7.02484418e+03 -2.82775947e-02  7.02484418e+03 -8.04063148e-01 
 7.10619897e+03 -2.82681687e-02  7.10619897e+03 -8.13470097e-01 
 7.18849592e+03 -2.82585237e-02  7.18849592e+03 -8.22985022e-01 
 7.27174595e+03 -2.82486546e-02  7.27174595e+03 -8.32609190e-01 
 7.35596011e+03 -2.82385561e-02  7.35596011e+03 -8.42343879e-01 
 7.44114955e+03 -2.82282230e-02  7.44114955e+03 -8.52190386e-01 
 7.52732557e+03 -2.82176498e-02  7.52732557e+03 -8.62150021e-01 
 7.61449959e+03 -2.82068309e-02  7.61449959e+03 -8.72224109e-01 
 7.70268318e+03 -2.81957607e-02  7.70268318e+03 -8.82413992e-01 
 7.79188802e+03 -2.81844332e-02  7.79188802e+03 -8.92721024e-01 
 7.88212595e+03 -2.81728427e-02  7.88212595e+03 -9.03146579e-01 
 7.97340892e+03 -2.81609829e-02  7.97340892e+03 -9.13692044e-01 
 8.06574904e+03 -2.81488477e-02  8.06574904e+03 -9.24358824e-01 
 8.15915855e+03 -2.81364306e-02  8.15915855e+03 -9.35148338e-01 
 8.25364983e+03 -2.81237252e-02  8.25364983e+03 -9.46062024e-01 
 8.34923543e+03 -2.81107247e-02  8.34923543e+03 -9.57101335e-01 
 8.44592800e+03 -2.80974223e-02  8.44592800e+03 -9.68267741e-01 
 8.54374036e+03 -2.80838111e-02  8.54374036e+03 -9.79562729e-01 
 8.64268550e+03 -2.80698838e-02  8.64268550e+03 -9.90987806e-01 
 8.74277651e+03 -2.80556332e-02  8.74277651e+03 -1.00254449e+00 
 8.84402669e+03 -2.80410519e-02  8.84402669e+03 -1.01423433e+00 
 8.94644944e+03 -2.80261320e-02  8.94644944e+03 -1.02605887e+00 
 9.05005835e+03 -2.80108659e-02  9.05005835e+03 -1.03801970e+00 
 9.15486716e+03 -2.79952454e-02  9.15486716e+03 -1.05011840e+00 
 9.26088975e+03 -2.79792625e-02  9.26088975e+03 -1.06235660e+00 
 9.36814020e+03 -2.79629087e-02  9.36814020e+03 -1.07473592e+00 
 9.47663271e+03 -2.79461755e-02  9.47663271e+03 -1.08725801e+00 
 9.58638168e+03 -2.79290541e-02  9.58638168e+03 -1.09992455e+00 
 9.69740165e+03 -2.79115355e-02  9.69740165e+03 -1.11273722e+00 
 9.80970735e+03 -2.78936106e-02  9.80970735e+03 -1.12569773e+00 
 9.92331366e+03 -2.78752699e-02  9.92331366e+03 -1.13880782e+00 
 1.00382356e+04 -2.78565039e-02  1.00382356e+04 -1.15206922e+00 
 1.01544885e+04 -2.78373027e-02  1.01544885e+04 -1.16548372e+00 
 1.02720878e+04 -2.78176564e-02  1.02720878e+04 -1.17905310e+00 
 1.03910489e+04 -2.77975546e-02  1.03910489e+04 -1.19277917e+00 
 1.05113877e+04 -2.77769868e-02  1.05113877e+04 -1.20666377e+00 
 1.06331202e+04 -2.77559424e-02  1.06331202e+04 -1.22070875e+00 
 1.07562625e+04 -2.77344102e-02  1.07562625e+04 -1.23491598e+00 
 1.08808308e+04 -2.77123790e-02  1.08808308e+04 -1.24928737e+00 
 1.10068418e+04 -2.76898374e-02  1.10068418e+04 -1.26382484e+00 
 1.11343122e+04 -2.76667736e-02  1.11343122e+04 -1.27853032e+00 
 1.12632587e+04 -2.76431756e-02  1.12632587e+04 -1.29340579e+00 
 1.13936986e+04 -2.76190310e-02  1.13936986e+04 -1.30845323e+00 
 1.15256492e+04 -2.75943273e-02  1.15256492e+04 -1.32367465e+00 
 1.16591278e+04 -2.75690516e-02  1.16591278e+04 -1.33907210e+00 
 1.17941523e+04 -2.75431908e-02  1.17941523e+04 -1.35464762e+00 
 1.19307404e+04 -2.75167314e-02  1.19307404e+04 -1.37040330e+00 
 1.20689105e+04 -2.74896595e-02  1.20689105e+04 -1.38634126e+00 
 1.22086806e+04 -2.74619612e-02  1.22086806e+04 -1.40246363e+00 
 1.23500695e+04 -2.74336221e-02  1.23500695e+04 -1.41877256e+00 
 1.24930957e+04 -2.74046274e-02  1.24930957e+04 -1.43527023e+00 
 1.26377784e+04 -2.73749621e-02  1.26377784e+04 -1.45195887e+00 
 1.27841366e+04 -2.73446108e-02  1.27841366e+04 -1.46884070e+00 
 1.29321898e+04 -2.73135576e-02  1.29321898e+04 -1.48591798e+00 
 1.30819576e+04 -2.72817867e-02  1.30819576e+04 -1.50319301e+00 
 1.32334599e+04 -2.72492813e-02  1.32334599e+04 -1.52066810e+00 
 1.33867167e+04 -2.72160249e-02  1.33867167e+04 -1.53834560e+00 
 1.35417484e+04 -2.71820000e-02  1.35417484e+04 -1.55622787e+00 
 1.36985755e+04 -2.71471892e-02  1.36985755e+04 -1.57431732e+00 
 1.38572188e+04 -2.71115744e-02  1.38572188e+04 -1.59261637e+00 
 1.40176994e+04 -2.70751372e-02  1.40176994e+04 -1.61112748e+00 
 1.41800385e+04 -2.70378588e-02  1.41800385e+04 -1.62985314e+00 
 1.43442576e+04 -2.69997200e-02  1.43442576e+04 -1.64879586e+00 
 1.45103786e+04 -2.69607011e-02  1.45103786e+04 -1.66795818e+00 
 1.46784234e+04 -2.69207820e-02  1.46784234e+04 -1.68734269e+00 
 1.48484144e+04 -2.68799421e-02  1.48484144e+04 -1.70695199e+00 
 1.50203740e+04 -2.68381604e-02  1.50203740e+04 -1.72678871e+00 
 1.51943251e+04 -2.67954155e-02  1.51943251e+04 -1.74685553e+00 
 1.53702907e+04 -2.67516853e-02  1.53702907e+04 -1.76715515e+00 
 1.55482942e+04 -2.67069474e-02  1.55482942e+04 -1.78769029e+00 
 1.57283591e+04 -2.66611788e-02  1.57283591e+04 -1.80846373e+00 
 1.59105094e+04 -2.66143562e-02  1.59105094e+04 -1.82947827e+00 
 1.60947691e+04 -2.65664554e-02  1.60947691e+04 -1.85073673e+00 
 1.62811628e+04 -2.65174519e-02  1.62811628e+04 -1.87224198e+00 
 1.64697151e+04 -2.64673208e-02  1.64697151e+04 -1.89399692e+00 
 1.66604510e+04 -2.64160364e-02  1.66604510e+04 -1.91600450e+00 
 1.68533958e+04 -2.63635724e-02  1.68533958e+04 -1.93826767e+00 
 1.70485751e+04 -2.63099022e-02  1.70485751e+04 -1.96078944e+00 
 1.72460148e+04 -2.62549983e-02  1.72460148e+04 -1.98357287e+00 
 1.74457411e+04 -2.61988329e-02  1.74457411e+04 -2.00662102e+00 
 1.76477804e+04 -2.61413773e-02  1.76477804e+04 -2.02993701e+00 
 1.78521595e+04 -2.60826024e-02  1.78521595e+04 -2.05352401e+00 
 1.80589055e+04 -2.60224783e-02  1.80589055e+04 -2.07738519e+00 
 1.82680458e+04 -2.59609745e-02  1.82680458e+04 -2.10152379e+00 
 1.84796082e+04 -2.58980599e-02  1.84796082e+04 -2.12594308e+00 
 1.86936208e+04 -2.58337026e-02  1.86936208e+04 -2.15064637e+00 
 1.89101117e+04 -2.57678701e-02  1.89101117e+04 -2.17563701e+00 
 1.91291099e+04 -2.57005291e-02  1.91291099e+04 -2.20091839e+00 
 1.93506443e+04 -2.56316458e-02  1.93506443e+04 -2.22649394e+00 
 1.95747443e+04 -2.55611853e-02  1.95747443e+04 -2.25236714e+00 
 1.98014396e+04 -2.54891123e-02  1.98014396e+04 -2.27854149e+00 
 2.00307602e+04 -2.54153906e-02  2.00307602e+04 -2.30502057e+00 
 2.02627366e+04 -2.53399830e-02  2.02627366e+04 -2.33180796e+00 
 2.04973996e+04 -2.52628520e-02  2.04973996e+04 -2.35890732e+00 
 2.07347801e+04 -2.51839588e-02  2.07347801e+04 -2.38632233e+00 
 2.09749098e+04 -2.51032641e-02  2.09749098e+04 -2.41405673e+00 
 2.12178204e+04 -2.50207275e-02  2.12178204e+04 -2.44211431e+00 
 2.14635442e+04 -2.49363079e-02  2.14635442e+04 -2.47049889e+00 
 2.17121137e+04 -2.48499634e-02  2.17121137e+04 -2.49921435e+00 
 2.19635619e+04 -2.47616511e-02  2.19635619e+04 -2.52826460e+00 
 2.22179221e+04 -2.46713270e-02  2.22179221e+04 -2.55765363e+00 
 2.24752280e+04 -2.45789466e-02  2.24752280e+04 -2.58738544e+00 
 2.27355138e+04 -2.44844642e-02  2.27355138e+04 -2.61746412e+00 
 2.29988140e+04 -2.43878330e-02  2.29988140e+04 -2.64789378e+00 
 2.32651635e+04 -2.42890055e-02  2.32651635e+04 -2.67867858e+00 
 2.35345976e+04 -2.41879332e-02  2.35345976e+04 -2.70982277e+00 
 2.38071520e+04 -2.40845663e-02  2.38071520e+04 -2.74133060e+00 
 2.40828628e+04 -2.39788543e-02  2.40828628e+04 -2.77320641e+00 
 2.43617666e+04 -2.38707454e-02  2.43617666e+04 -2.80545459e+00 
 2.46439005e+04 -2.37601869e-02  2.46439005e+04 -2.83807956e+00 
 2.49293017e+04 -2.36471249e-02  2.49293017e+04 -2.87108583e+00 
 2.52180082e+04 -2.35315045e-02  2.52180082e+04 -2.90447794e+00 
 2.55100581e+04 -2.34132696e-02  2.55100581e+04 -2.93826050e+00 
 2.58054904e+04 -2.32923630e-02  2.58054904e+04 -2.97243817e+00 
 2.61043440e+04 -2.31687262e-02  2.61043440e+04 -3.00701568e+00 
 2.64066586e+04 -2.30422998e-02  2.64066586e+04 -3.04199780e+00 
 2.67124744e+04 -2.29130229e-02  2.67124744e+04 -3.07738939e+00 
 2.70218318e+04 -2.27808336e-02  2.70218318e+04 -3.11319535e+00 
 2.73347718e+04 -2.26456687e-02  2.73347718e+04 -3.14942064e+00 
 2.76513361e+04 -2.25074635e-02  2.76513361e+04 -3.18607029e+00 
 2.79715664e+04 -2.23661525e-02  2.79715664e+04 -3.22314939e+00 
 2.82955054e+04 -2.22216685e-02  2.82955054e+04 -3.26066311e+00 
 2.86231959e+04 -2.20739432e-02  2.86231959e+04 -3.29861667e+00 
 2.89546814e+04 -2.19229068e-02  2.89546814e+04 -3.33701536e+00 
 2.92900058e+04 -2.17684883e-02  2.92900058e+04 -3.37586454e+00 
 2.96292136e+04 -2.16106152e-02  2.96292136e+04 -3.41516963e+00 
 2.99723498e+04 -2.14492137e-02  2.99723498e+04 -3.45493613e+00 
 3.03194599e+04 -2.12842085e-02  3.03194599e+04 -3.49516962e+00 
 3.06705898e+04 -2.11155229e-02  3.06705898e+04 -3.53587574e+00 
 3.10257862e+04 -2.09430788e-02  3.10257862e+04 -3.57706018e+00 
 3.13850961e+04 -2.07667967e-02  3.13850961e+04 -3.61872875e+00 
 3.17485672e+04 -2.05865953e-02  3.17485672e+04 -3.66088731e+00 
 3.21162476e+04 -2.04023920e-02  3.21162476e+04 -3.70354179e+00 
 3.24881861e+04 -2.02141029e-02  3.24881861e+04 -3.74669821e+00 
 3.28644321e+04 -2.00216421e-02  3.28644321e+04 -3.79036267e+00 
 3.32450354e+04 -1.98249224e-02  3.32450354e+04 -3.83454134e+00 
 3.36300464e+04 -1.96238551e-02  3.36300464e+04 -3.87924048e+00 
 3.40195163e+04 -1.94183497e-02  3.40195163e+04 -3.92446642e+00 
 3.44134966e+04 -1.92083143e-02  3.44134966e+04 -3.97022559e+00 
 3.48120396e+04 -1.89936551e-02  3.48120396e+04 -4.01652450e+00 
 3.52151982e+04 -1.87742771e-02  3.52151982e+04 -4.06336974e+00 
 3.56230257e+04 -1.85500831e-02  3.56230257e+04 -4.11076798e+00 
 3.60355763e+04 -1.83209747e-02  3.60355763e+04 -4.15872601e+00 
 3.64529046e+04 -1.80868517e-02  3.64529046e+04 -4.20725067e+00 
 3.68750660e+04 -1.78476120e-02  3.68750660e+04 -4.25634893e+00 
 3.73021165e+04 -1.76031521e-02  3.73021165e+04 -4.30602782e+00 
 3.77341126e+04 -1.73533666e-02  3.77341126e+04 -4.35629449e+00 
 3.81711117e+04 -1.70981485e-02  3.81711117e+04 -4.40715617e+00 
 3.86131717e+04 -1.68373891e-02  3.86131717e+04 -4.45862020e+00 
 3.90603512e+04 -1.65709777e-02  3.90603512e+04 -4.51069400e+00 
 3.95127095e+04 -1.62988023e-02  3.95127095e+04 -4.56338513e+00 
 3.99703065e+04 -1.60207489e-02  3.99703065e+04 -4.61670120e+00 
 4.04332030e+04 -1.57367018e-02  4.04332030e+04 -4.67064996e+00 
 4.09014603e+04 -1.54465436e-02  4.09014603e+04 -4.72523926e+00 
 4.13751404e+04 -1.51501551e-02  4.13751404e+04 -4.78047706e+00 
 4.18543063e+04 -1.48474155e-02  4.18543063e+04 -4.83637141e+00 
 4.23390214e+04 -1.45382023e-02  4.23390214e+04 -4.89293049e+00 
 4.28293500e+04 -1.42223911e-02  4.28293500e+04 -4.95016259e+00 
 4.33253571e+04 -1.38998560e-02  4.33253571e+04 -5.00807612e+00 
 4.38271084e+04 -1.35704692e-02  4.38271084e+04 -5.06667958e+00 
 4.43346705e+04 -1.32341015e-02  4.43346705e+04 -5.12598162e+00 
 4.48481108e+04 -1.28906218e-02  4.48481108e+04 -5.18599100e+00 
 4.53674971e+04 -1.25398976e-02  4.53674971e+04 -5.24671660e+00 
 4.58928985e+04 -1.21817945e-02  4.58928985e+04 -5.30816743e+00 
 4.64243846e+04 -1.18161769e-02  4.64243846e+04 -5.37035261e+00 
 4.69620258e+04 -1.14429072e-02  4.69620258e+04 -5.43328141e+00 
 4.75058934e+04 -1.10618467e-02  4.75058934e+04 -5.49696322e+00 
 4.80560596e+04 -1.06728551e-02  4.80560596e+04 -5.56140757e+00 
 4.86125973e+04 -1.02757904e-02  4.86125973e+04 -5.62662411e+00 
 4.91755802e+04 -9.87050969e-03  4.91755802e+04 -5.69262265e+00 
 4.97450830e+04 -9.45686829e-03  4.97450830e+04 -5.75941313e+00 
 5.03211813e+04 -9.03472046e-03  5.03211813e+04 -5.82700563e+00 
 5.09039513e+04 -8.60391919e-03  5.09039513e+04 -5.89541036e+00 
 5.14934704e+04 -8.16431630e-03  5.14934704e+04 -5.96463772e+00 
 5.20898168e+04 -7.71576255e-03  5.20898168e+04 -6.03469821e+00 
 5.26930694e+04 -7.25810764e-03  5.26930694e+04 -6.10560252e+00 
 5.33033083e+04 -6.79120038e-03  5.33033083e+04 -6.17736147e+00 
 5.39206144e+04 -6.31488872e-03  5.39206144e+04 -6.24998606e+00 
 5.45450695e+04 -5.82901984e-03  5.45450695e+04 -6.32348743e+00 
 5.51767564e+04 -5.33344030e-03  5.51767564e+04 -6.39787689e+00 
 5.58157589e+04 -4.82799611e-03  5.58157589e+04 -6.47316591e+00 
 5.64621617e+04 -4.31253282e-03  5.64621617e+04 -6.54936615e+00 
 5.71160505e+04 -3.78689571e-03  5.71160505e+04 -6.62648942e+00 
 5.77775120e+04 -3.25092987e-03  5.77775120e+04 -6.70454771e+00 
 5.84466339e+04 -2.70448035e-03  5.84466339e+04 -6.78355319e+00 
 5.91235049e+04 -2.14739230e-03  5.91235049e+04 -6.86351821e+00 
 5.98082147e+04 -1.57951116e-03  5.98082147e+04 -6.94445529e+00 
 6.05008542e+04 -1.00068277e-03  6.05008542e+04 -7.02637715e+00 
 6.12015151e+04 -4.10753609e-04  6.12015151e+04 -7.10929671e+00 
 6.19102904e+04  1.90429075e-04  6.19102904e+04 -7.19322706e+00 
 6.26272740e+04  8.03017037e-04  6.26272740e+04 -7.27818150e+00 
 6.33525610e+04  1.42716083e-03  6.33525610e+04 -7.36417352e+00 
 6.40862476e+04  2.06300960e-03  6.40862476e+04 -7.45121682e+00 
 6.48284310e+04  2.71071084e-03  6.48284310e+04 -7.53932531e+00 
 6.55792097e+04  3.37041015e-03  6.55792097e+04 -7.62851308e+00 
 6.63386831e+04  4.04225097e-03  6.63386831e+04 -7.71879448e+00 
 6.71069519e+04  4.72637434e-03  6.71069519e+04 -7.81018405e+00 
 6.78841182e+04  5.42291858e-03  6.78841182e+04 -7.90269653e+00 
 6.86702847e+04  6.13201900e-03  6.86702847e+04 -7.99634693e+00 
 6.94655559e+04  6.85380762e-03  6.94655559e+04 -8.09115045e+00 
 7.02700371e+04  7.58841277e-03  7.02700371e+04 -8.18712252e+00 
 7.10838351e+04  8.33595880e-03  7.10838351e+04 -8.28427884e+00 
 7.19070576e+04  9.09656570e-03  7.19070576e+04 -8.38263532e+00 
 7.27398139e+04  9.87034873e-03  7.27398139e+04 -8.48220810e+00 
 7.35822143e+04  1.06574180e-02  7.35822143e+04 -8.58301360e+00 
 7.44343706e+04  1.14578780e-02  7.44343706e+04 -8.68506847e+00 
 7.52963957e+04  1.22718273e-02  7.52963957e+04 -8.78838961e+00 
 7.61684039e+04  1.30993581e-02  7.61684039e+04 -8.89299418e+00 
 7.70505109e+04  1.39405553e-02  7.70505109e+04 -8.99889961e+00 
 7.79428335e+04  1.47954969e-02  7.79428335e+04 -9.10612358e+00 
 7.88454902e+04  1.56642526e-02  7.88454902e+04 -9.21468406e+00 
 7.97586005e+04  1.65468835e-02  7.97586005e+04 -9.32459927e+00 
 8.06822855e+04  1.74434420e-02  8.06822855e+04 -9.43588773e+00 
 8.16166678e+04  1.83539706e-02  8.16166678e+04 -9.54856821e+00 
 8.25618712e+04  1.92785015e-02  8.25618712e+04 -9.66265980e+00 
 8.35180209e+04  2.02170561e-02  8.35180209e+04 -9.77818185e+00 
 8.44852439e+04  2.11696441e-02  8.44852439e+04 -9.89515402e+00 
 8.54636682e+04  2.21362631e-02  8.54636682e+04 -1.00135962e+01 
 8.64534237e+04  2.31168976e-02  8.64534237e+04 -1.01335288e+01 
 8.74546416e+04  2.41115182e-02  8.74546416e+04 -1.02549722e+01 
 8.84674546e+04  2.51200812e-02  8.84674546e+04 -1.03779474e+01 
 8.94919970e+04  2.61425274e-02  8.94919970e+04 -1.05024755e+01 
 9.05284046e+04  2.71787816e-02  9.05284046e+04 -1.06285779e+01 
 9.15768148e+04  2.82287513e-02  9.15768148e+04 -1.07562766e+01 
 9.26373667e+04  2.92923263e-02  9.26373667e+04 -1.08855937e+01 
 9.37102009e+04  3.03693773e-02  9.37102009e+04 -1.10165515e+01 
 9.47954596e+04  3.14597553e-02  9.47954596e+04 -1.11491729e+01 
 9.58932866e+04  3.25632904e-02  9.58932866e+04 -1.12834811e+01 
 9.70038276e+04  3.36797907e-02  9.70038276e+04 -1.14194994e+01 
 9.81272298e+04  3.48090415e-02  9.81272298e+04 -1.15572517e+01 
 9.92636421e+04  3.59508041e-02  9.92636421e+04 -1.16967621e+01 
 1.00413215e+05  3.71048144e-02  1.00413215e+05 -1.18380551e+01 
 1.01576102e+05  3.82707821e-02  1.01576102e+05 -1.19811556e+01 
 1.02752455e+05  3.94483891e-02  1.02752455e+05 -1.21260886e+01 
 1.03942432e+05  4.06372888e-02  1.03942432e+05 -1.22728799e+01 
 1.05146191e+05  4.18371041e-02  1.05146191e+05 -1.24215552e+01 
 1.06363890e+05  4.30474268e-02  1.06363890e+05 -1.25721408e+01 
 1.07595691e+05  4.42678158e-02  1.07595691e+05 -1.27246634e+01 
 1.08841757e+05  4.54977957e-02  1.08841757e+05 -1.28791499e+01 
 1.10102255e+05  4.67368556e-02  1.10102255e+05 -1.30356276e+01 
 1.11377350e+05  4.79844475e-02  1.11377350e+05 -1.31941243e+01 
 1.12667212e+05  4.92399847e-02  1.12667212e+05 -1.33546681e+01 
 1.13972012e+05  5.05028404e-02  1.13972012e+05 -1.35172873e+01 
 1.15291923e+05  5.17723461e-02  1.15291923e+05 -1.36820108e+01 
 1.16627120e+05  5.30477901e-02  1.16627120e+05 -1.38488678e+01 
 1.17977779e+05  5.43284153e-02  1.17977779e+05 -1.40178877e+01 
 1.19344081e+05  5.56134183e-02  1.19344081e+05 -1.41891006e+01 
 1.20726206e+05  5.69019471e-02  1.20726206e+05 -1.43625366e+01 
 1.22124337e+05  5.81930996e-02  1.22124337e+05 -1.45382264e+01 
 1.23538660e+05  5.94859216e-02  1.23538660e+05 -1.47162011e+01 
 1.24969363e+05  6.07794054e-02  1.24969363e+05 -1.48964919e+01 
 1.26416634e+05  6.20724872e-02  1.26416634e+05 -1.50791306e+01 
 1.27880666e+05  6.33640462e-02  1.27880666e+05 -1.52641492e+01 
 1.29361653e+05  6.46529019e-02  1.29361653e+05 -1.54515803e+01 
 1.30859792e+05  6.59378123e-02  1.30859792e+05 -1.56414565e+01 
 1.32375280e+05  6.72174724e-02  1.32375280e+05 -1.58338110e+01 
 1.33908319e+05  6.84905117e-02  1.33908319e+05 -1.60286772e+01 
 1.35459113e+05  6.97554924e-02  1.35459113e+05 -1.62260889e+01 
 1.37027866e+05  7.10109073e-02  1.37027866e+05 -1.64260803e+01 
 1.38614787e+05  7.22551782e-02  1.38614787e+05 -1.66286858e+01 
 1.40220086e+05  7.34866530e-02  1.40220086e+05 -1.68339402e+01 
 1.41843976e+05  7.47036044e-02  1.41843976e+05 -1.70418784e+01 
 1.43486672e+05  7.59042276e-02  1.43486672e+05 -1.72525359e+01 
 1.45148393e+05  7.70866382e-02  1.45148393e+05 -1.74659483e+01 
 1.46829358e+05  7.82488700e-02  1.46829358e+05 -1.76821515e+01 
 1.48529790e+05  7.93888731e-02  1.48529790e+05 -1.79011818e+01 
 1.50249915e+05  8.05045121e-02  1.50249915e+05 -1.81230755e+01 
 1.51989960e+05  8.15935634e-02  1.51989960e+05 -1.83478694e+01 
 1.53750157e+05  8.26537139e-02  1.53750157e+05 -1.85756005e+01 
 1.55530739e+05  8.36825584e-02  1.55530739e+05 -1.88063058e+01 
 1.57331942e+05  8.46775981e-02  1.57331942e+05 -1.90400227e+01 
 1.59154005e+05  8.56362382e-02  1.59154005e+05 -1.92767888e+01 
 1.60997169e+05  8.65557864e-02  1.60997169e+05 -1.95166419e+01 
 1.62861678e+05  8.74334508e-02  1.62861678e+05 -1.97596197e+01 
 1.64747781e+05  8.82663381e-02  1.64747781e+05 -2.00057603e+01 
 1.66655726e+05  8.90514519e-02  1.66655726e+05 -2.02551019e+01 
 1.68585768e+05  8.97856910e-02  1.68585768e+05 -2.05076827e+01 
 1.70538161e+05  9.04658475e-02  1.70538161e+05 -2.07635411e+01 
 1.72513165e+05  9.10886055e-02  1.72513165e+05 -2.10227154e+01 
 1.74511042e+05  9.16505397e-02  1.74511042e+05 -2.12852442e+01 
 1.76532055e+05  9.21481135e-02  1.76532055e+05 -2.15511659e+01 
 1.78576475e+05  9.25776781e-02  1.78576475e+05 -2.18205189e+01 
 1.80644570e+05  9.29354712e-02  1.80644570e+05 -2.20933417e+01 
 1.82736617e+05  9.32176157e-02  1.82736617e+05 -2.23696727e+01 
 1.84852891e+05  9.34201188e-02  1.84852891e+05 -2.26495503e+01 
 1.86993674e+05  9.35388712e-02  1.86993674e+05 -2.29330125e+01 
 1.89159250e+05  9.35696462e-02  1.89159250e+05 -2.32200976e+01 
 1.91349905e+05  9.35080988e-02  1.91349905e+05 -2.35108435e+01 
 1.93565930e+05  9.33497659e-02  1.93565930e+05 -2.38052879e+01 
 1.95807618e+05  9.30900654e-02  1.95807618e+05 -2.41034682e+01 
 1.98075268e+05  9.27242958e-02  1.98075268e+05 -2.44054220e+01 
 2.00369179e+05  9.22476370e-02  2.00369179e+05 -2.47111860e+01 
 2.02689657e+05  9.16551494e-02  2.02689657e+05 -2.50207971e+01 
 2.05037007e+05  9.09417753e-02  2.05037007e+05 -2.53342916e+01 
 2.07411543e+05  9.01023382e-02  2.07411543e+05 -2.56517055e+01 
 2.09813578e+05  8.91315445e-02  2.09813578e+05 -2.59730745e+01 
 2.12243431e+05  8.80239838e-02  2.12243431e+05 -2.62984336e+01 
 2.14701424e+05  8.67741301e-02  2.14701424e+05 -2.66278176e+01 
 2.17187883e+05  8.53763431e-02  2.17187883e+05 -2.69612606e+01 
 2.19703138e+05  8.38248699e-02  2.19703138e+05 -2.72987964e+01 
 2.22247522e+05  8.21138461e-02  2.22247522e+05 -2.76404580e+01 
 2.24821372e+05  8.02372986e-02  2.24821372e+05 -2.79862778e+01 
 2.27425030e+05  7.81891468e-02  2.27425030e+05 -2.83362877e+01 
 2.30058842e+05  7.59632059e-02  2.30058842e+05 -2.86905188e+01 
 2.32723155e+05  7.35531889e-02  2.32723155e+05 -2.90490016e+01 
 2.35418324e+05  7.09527099e-02  2.35418324e+05 -2.94117658e+01 
 2.38144706e+05  6.81552867e-02  2.38144706e+05 -2.97788402e+01 
 2.40902662e+05  6.51543447e-02  2.40902662e+05 -3.01502530e+01 
 2.43692558e+05  6.19432203e-02  2.43692558e+05 -3.05260313e+01 
 2.46514763e+05  5.85151646e-02  2.46514763e+05 -3.09062015e+01 
 2.49369653e+05  5.48633477e-02  2.49369653e+05 -3.12907890e+01 
 2.52257605e+05  5.09808629e-02  2.52257605e+05 -3.16798184e+01 
 2.55179003e+05  4.68607317e-02  2.55179003e+05 -3.20733129e+01 
 2.58134233e+05  4.24959081e-02  2.58134233e+05 -3.24712952e+01 
 2.61123688e+05  3.78792840e-02  2.61123688e+05 -3.28737866e+01 
 2.64147764e+05  3.30036946e-02  2.64147764e+05 -3.32808073e+01 
 2.67206861e+05  2.78619237e-02  2.67206861e+05 -3.36923767e+01 
 2.70301386e+05  2.24467100e-02  2.70301386e+05 -3.41085128e+01 
 2.73431749e+05  1.67507526e-02  2.73431749e+05 -3.45292324e+01 
 2.76598365e+05  1.07667179e-02  2.76598365e+05 -3.49545512e+01 
 2.79801653e+05  4.48724533e-03  2.79801653e+05 -3.53844837e+01 
 2.83042038e+05 -2.09504518e-03  2.83042038e+05 -3.58190432e+01 
 2.86319950e+05 -8.98754671e-03  2.86319950e+05 -3.62582415e+01 
 2.89635824e+05 -1.61976581e-02  2.89635824e+05 -3.67020893e+01 
 2.92990099e+05 -2.37327766e-02  2.92990099e+05 -3.71505959e+01 
 2.96383220e+05 -3.16002906e-02  2.96383220e+05 -3.76037694e+01 
 2.99815637e+05 -3.98075715e-02  2.99815637e+05 -3.80616164e+01 
 3.03287805e+05 -4.83619665e-02  3.03287805e+05 -3.85241422e+01 
 3.06800183e+05 -5.72707902e-02  3.06800183e+05 -3.89913507e+01 
 3.10353239e+05 -6.65413164e-02  3.10353239e+05 -3.94632445e+01 
 3.13947443e+05 -7.61807705e-02  3.13947443e+05 -3.99398246e+01 
 3.17583271e+05 -8.61963205e-02  3.17583271e+05 -4.04210907e+01 
 3.21261205e+05 -9.65950689e-02  3.21261205e+05 -4.09070413e+01 
 3.24981734e+05 -1.07384044e-01  3.24981734e+05 -4.13976731e+01 
 3.28745351e+05 -1.18570192e-01  3.28745351e+05 -4.18929817e+01 
 3.32552554e+05 -1.30160368e-01  3.32552554e+05 -4.23929610e+01 
 3.36403848e+05 -1.42161325e-01  3.36403848e+05 -4.28976038e+01 
 3.40299744e+05 -1.54579711e-01  3.40299744e+05 -4.34069012e+01 
 3.44240758e+05 -1.67422054e-01  3.44240758e+05 -4.39208430e+01 
 3.48227413e+05 -1.80694757e-01  3.48227413e+05 -4.44394177e+01 
 3.52260238e+05 -1.94404089e-01  3.52260238e+05 -4.49626123e+01 
 3.56339767e+05 -2.08556176e-01  3.56339767e+05 -4.54904124e+01 
 3.60466541e+05 -2.23156991e-01  3.60466541e+05 -4.60228023e+01 
 3.64641107e+05 -2.38212349e-01  3.64641107e+05 -4.65597650e+01 
 3.68864019e+05 -2.53727896e-01  3.68864019e+05 -4.71012821e+01 
 3.73135837e+05 -2.69709101e-01  3.73135837e+05 -4.76473340e+01 
 3.77457126e+05 -2.86161248e-01  3.77457126e+05 -4.81978996e+01 
 3.81828460e+05 -3.03089430e-01  3.81828460e+05 -4.87529567e+01 
 3.86250419e+05 -3.20498539e-01  3.86250419e+05 -4.93124819e+01 
 3.90723589e+05 -3.38393260e-01  3.90723589e+05 -4.98764507e+01 
 3.95248562e+05 -3.56778061e-01  3.95248562e+05 -5.04448370e+01 
 3.99825939e+05 -3.75657191e-01  3.99825939e+05 -5.10176142e+01 
 4.04456327e+05 -3.95034665e-01  4.04456327e+05 -5.15947539e+01 
 4.09140339e+05 -4.14914268e-01  4.09140339e+05 -5.21762273e+01 
 4.13878597e+05 -4.35299537e-01  4.13878597e+05 -5.27620041e+01 
 4.18671729e+05 -4.56193763e-01  4.18671729e+05 -5.33520532e+01 
 4.23520370e+05 -4.77599985e-01  4.23520370e+05 -5.39463425e+01 
 4.28425163e+05 -4.99520978e-01  4.28425163e+05 -5.45448391e+01 
 4.33386759e+05 -5.21959254e-01  4.33386759e+05 -5.51475091e+01 
 4.38405814e+05 -5.44917054e-01  4.38405814e+05 -5.57543178e+01 
 4.43482996e+05 -5.68396345e-01  4.43482996e+05 -5.63652299e+01 
 4.48618977e+05 -5.92398815e-01  4.48618977e+05 -5.69802090e+01 
 4.53814437e+05 -6.16925867e-01  4.53814437e+05 -5.75992184e+01 
 4.59070066e+05 -6.41978618e-01  4.59070066e+05 -5.82222206e+01 
 4.64386560e+05 -6.67557897e-01  4.64386560e+05 -5.88491775e+01 
 4.69764625e+05 -6.93664238e-01  4.69764625e+05 -5.94800504e+01 
 4.75204974e+05 -7.20297881e-01  4.75204974e+05 -6.01148003e+01 
 4.80708327e+05 -7.47458765e-01  4.80708327e+05 -6.07533876e+01 
 4.86275414e+05 -7.75146534e-01  4.86275414e+05 -6.13957724e+01 
 4.91906974e+05 -8.03360528e-01  4.91906974e+05 -6.20419143e+01 
 4.97603753e+05 -8.32099787e-01  4.97603753e+05 -6.26917728e+01 
 5.03366507e+05 -8.61363046e-01  5.03366507e+05 -6.33453070e+01 
 5.09195999e+05 -8.91148740e-01  5.09195999e+05 -6.40024760e+01 
 5.15093002e+05 -9.21454997e-01  5.15093002e+05 -6.46632385e+01 
 5.21058299e+05 -9.52279647e-01  5.21058299e+05 -6.53275534e+01 
 5.27092679e+05 -9.83620214e-01  5.27092679e+05 -6.59953792e+01 
 5.33196944e+05 -1.01547393e+00  5.33196944e+05 -6.66666746e+01 
 5.39371903e+05 -1.04783771e+00  5.39371903e+05 -6.73413984e+01 
 5.45618374e+05 -1.08070818e+00  5.45618374e+05 -6.80195093e+01 
 5.51937185e+05 -1.11408170e+00  5.51937185e+05 -6.87009664e+01 
 5.58329174e+05 -1.14795428e+00  5.58329174e+05 -6.93857287e+01 
 5.64795189e+05 -1.18232169e+00  5.64795189e+05 -7.00737555e+01 
 5.71336088e+05 -1.21717939e+00  5.71336088e+05 -7.07650065e+01 
 5.77952736e+05 -1.25252257e+00  5.77952736e+05 -7.14594416e+01 
 5.84646012e+05 -1.28834612e+00  5.84646012e+05 -7.21570209e+01 
 5.91416802e+05 -1.32464467e+00  5.91416802e+05 -7.28577051e+01 
 5.98266006e+05 -1.36141259e+00  5.98266006e+05 -7.35614553e+01 
 6.05194529e+05 -1.39864397e+00  6.05194529e+05 -7.42682329e+01 
 6.12203293e+05 -1.43633263e+00  6.12203293e+05 -7.49779998e+01 
 6.19293224e+05 -1.47447215e+00  6.19293224e+05 -7.56907186e+01 
 6.26465265e+05 -1.51305586e+00  6.26465265e+05 -7.64063523e+01 
 6.33720365e+05 -1.55207684e+00  6.33720365e+05 -7.71248645e+01 
 6.41059486e+05 -1.59152794e+00  6.41059486e+05 -7.78462194e+01 
 6.48483601e+05 -1.63140177e+00  6.48483601e+05 -7.85703818e+01 
 6.55993696e+05 -1.67169071e+00  6.55993696e+05 -7.92973173e+01 
 6.63590765e+05 -1.71238693e+00  6.63590765e+05 -8.00269920e+01 
 6.71275815e+05 -1.75348239e+00  6.71275815e+05 -8.07593728e+01 
 6.79049866e+05 -1.79496883e+00  6.79049866e+05 -8.14944273e+01 
 6.86913949e+05 -1.83683782e+00  6.86913949e+05 -8.22321237e+01 
 6.94869105e+05 -1.87908072e+00  6.94869105e+05 -8.29724314e+01 
 7.02916391e+05 -1.92168871e+00  7.02916391e+05 -8.37153199e+01 
 7.11056872e+05 -1.96465279e+00  7.11056872e+05 -8.44607601e+01 
 7.19291628e+05 -2.00796380e+00  7.19291628e+05 -8.52087234e+01 
 7.27621750e+05 -2.05161243e+00  7.27621750e+05 -8.59591820e+01 
 7.36048344e+05 -2.09558920e+00  7.36048344e+05 -8.67121089e+01 
 7.44572527e+05 -2.13988451e+00  7.44572527e+05 -8.74674782e+01 
 7.53195428e+05 -2.18448859e+00  7.53195428e+05 -8.82252645e+01 
 7.61918191e+05 -2.22939158e+00  7.61918191e+05 -8.89854433e+01 
 7.70741972e+05 -2.27458349e+00  7.70741972e+05 -8.97479912e+01 
 7.79667942e+05 -2.32005421e+00  7.79667942e+05 -9.05128854e+01 
 7.88697283e+05 -2.36579356e+00  7.88697283e+05 -9.12801039e+01 
 7.97831193e+05 -2.41179122e+00  7.97831193e+05 -9.20496258e+01 
 8.07070883e+05 -2.45803684e+00  8.07070883e+05 -9.28214308e+01 
 8.16417578e+05 -2.50451995e+00  8.16417578e+05 -9.35954996e+01 
 8.25872518e+05 -2.55123006e+00  8.25872518e+05 -9.43718137e+01 
 8.35436955e+05 -2.59815658e+00  8.35436955e+05 -9.51503556e+01 
 8.45112157e+05 -2.64528890e+00  8.45112157e+05 -9.59311083e+01 
 8.54899409e+05 -2.69261636e+00  8.54899409e+05 -9.67140559e+01 
 8.64800006e+05 -2.74012829e+00  8.64800006e+05 -9.74991832e+01 
 8.74815263e+05 -2.78781398e+00  8.74815263e+05 -9.82864760e+01 
 8.84946506e+05 -2.83566270e+00  8.84946506e+05 -9.90759208e+01 
 8.95195080e+05 -2.88366375e+00  8.95195080e+05 -9.98675050e+01 
 9.05562342e+05 -2.93180641e+00  9.05562342e+05 -1.00661217e+02 
 9.16049667e+05 -2.98007999e+00  9.16049667e+05 -1.01457044e+02 
 9.26658447e+05 -3.02847381e+00  9.26658447e+05 -1.02254979e+02 
 9.37390086e+05 -3.07697725e+00  9.37390086e+05 -1.03055009e+02 
 9.48246009e+05 -3.12557971e+00  9.48246009e+05 -1.03857128e+02 
 9.59227655e+05 -3.17427065e+00  9.59227655e+05 -1.04661327e+02 
 9.70336479e+05 -3.22303960e+00  9.70336479e+05 -1.05467599e+02 
 9.81573954e+05 -3.27187614e+00  9.81573954e+05 -1.06275937e+02 
 9.92941571e+05 -3.32076994e+00  9.92941571e+05 -1.07086336e+02 
 1.00444084e+06 -3.36971077e+00  1.00444084e+06 -1.07898791e+02 
 1.01607327e+06 -3.41868849e+00  1.01607327e+06 -1.08713298e+02 
 1.02784043e+06 -3.46769305e+00  1.02784043e+06 -1.09529854e+02 
 1.03974386e+06 -3.51671454e+00  1.03974386e+06 -1.10348455e+02 
 1.05178514e+06 -3.56574315e+00  1.05178514e+06 -1.11169100e+02 
 1.06396587e+06 -3.61476923e+00  1.06396587e+06 -1.11991788e+02 
 1.07628767e+06 -3.66378325e+00  1.07628767e+06 -1.12816518e+02 
 1.08875217e+06 -3.71277584e+00  1.08875217e+06 -1.13643290e+02 
 1.10136102e+06 -3.76173779e+00  1.10136102e+06 -1.14472105e+02 
 1.11411589e+06 -3.81066005e+00  1.11411589e+06 -1.15302965e+02 
 1.12701847e+06 -3.85953376e+00  1.12701847e+06 -1.16135872e+02 
 1.14007049e+06 -3.90835023e+00  1.14007049e+06 -1.16970829e+02 
 1.15327365e+06 -3.95710099e+00  1.15327365e+06 -1.17807839e+02 
 1.16662972e+06 -4.00577773e+00  1.16662972e+06 -1.18646908e+02 
 1.18014047e+06 -4.05437241e+00  1.18014047e+06 -1.19488040e+02 
 1.19380769e+06 -4.10287715e+00  1.19380769e+06 -1.20331242e+02 
 1.20763319e+06 -4.15128434e+00  1.20763319e+06 -1.21176519e+02 
 1.22161880e+06 -4.19958659e+00  1.22161880e+06 -1.22023879e+02 
 1.23576638e+06 -4.24777677e+00  1.23576638e+06 -1.22873330e+02 
 1.25007780e+06 -4.29584799e+00  1.25007780e+06 -1.23724880e+02 
 1.26455496e+06 -4.34379362e+00  1.26455496e+06 -1.24578539e+02 
 1.27919978e+06 -4.39160731e+00  1.27919978e+06 -1.25434318e+02 
 1.29401421e+06 -4.43928300e+00  1.29401421e+06 -1.26292227e+02 
 1.30900020e+06 -4.48681490e+00  1.30900020e+06 -1.27152277e+02 
 1.32415974e+06 -4.53419753e+00  1.32415974e+06 -1.28014482e+02 
 1.33949485e+06 -4.58142570e+00  1.33949485e+06 -1.28878853e+02 
 1.35500755e+06 -4.62849454e+00  1.35500755e+06 -1.29745407e+02 
 1.37069990e+06 -4.67539951e+00  1.37069990e+06 -1.30614156e+02 
 1.38657399e+06 -4.72213640e+00  1.38657399e+06 -1.31485117e+02 
 1.40263192e+06 -4.76870133e+00  1.40263192e+06 -1.32358305e+02 
 1.41887581e+06 -4.81509076e+00  1.41887581e+06 -1.33233739e+02 
 1.43530782e+06 -4.86130152e+00  1.43530782e+06 -1.34111436e+02 
 1.45193013e+06 -4.90733081e+00  1.45193013e+06 -1.34991415e+02 
 1.46874495e+06 -4.95317618e+00  1.46874495e+06 -1.35873696e+02 
 1.48575450e+06 -4.99883558e+00  1.48575450e+06 -1.36758299e+02 
 1.50296103e+06 -5.04430733e+00  1.50296103e+06 -1.37645246e+02 
 1.52036684e+06 -5.08959018e+00  1.52036684e+06 -1.38534559e+02 
 1.53797422e+06 -5.13468326e+00  1.53797422e+06 -1.39426262e+02 
 1.55578551e+06 -5.17958611e+00  1.55578551e+06 -1.40320378e+02 
 1.57380308e+06 -5.22429873e+00  1.57380308e+06 -1.41216933e+02 
 1.59202931e+06 -5.26882152e+00  1.59202931e+06 -1.42115953e+02 
 1.61046661e+06 -5.31315533e+00  1.61046661e+06 -1.43017465e+02 
 1.62911744e+06 -5.35730147e+00  1.62911744e+06 -1.43921497e+02 
 1.64798426e+06 -5.40126171e+00  1.64798426e+06 -1.44828077e+02 
 1.66706959e+06 -5.44503828e+00  1.66706959e+06 -1.45737236e+02 
 1.68637593e+06 -5.48863391e+00  1.68637593e+06 -1.46649004e+02 
 1.70590587e+06 -5.53205178e+00  1.70590587e+06 -1.47563414e+02 
 1.72566198e+06 -5.57529562e+00  1.72566198e+06 -1.48480497e+02 
 1.74564689e+06 -5.61836964e+00  1.74564689e+06 -1.49400288e+02 
 1.76586324e+06 -5.66127856e+00  1.76586324e+06 -1.50322822e+02 
 1.78631372e+06 -5.70402765e+00  1.78631372e+06 -1.51248134e+02 
 1.80700103e+06 -5.74662272e+00  1.80700103e+06 -1.52176260e+02 
 1.82792793e+06 -5.78907013e+00  1.82792793e+06 -1.53107238e+02 
 1.84909717e+06 -5.83137678e+00  1.84909717e+06 -1.54041106e+02 
 1.87051159e+06 -5.87355017e+00  1.87051159e+06 -1.54977903e+02 
 1.89217400e+06 -5.91559838e+00  1.89217400e+06 -1.55917671e+02 
 1.91408728e+06 -5.95753007e+00  1.91408728e+06 -1.56860448e+02 
 1.93625434e+06 -5.99935453e+00  1.93625434e+06 -1.57806278e+02 
 1.95867812e+06 -6.04108166e+00  1.95867812e+06 -1.58755202e+02 
 1.98136159e+06 -6.08272198e+00  1.98136159e+06 -1.59707263e+02 
 2.00430776e+06 -6.12428669e+00  2.00430776e+06 -1.60662506e+02 
 2.02751966e+06 -6.16578762e+00  2.02751966e+06 -1.61620973e+02 
 2.05100039e+06 -6.20723727e+00  2.05100039e+06 -1.62582711e+02 
 2.07475304e+06 -6.24864883e+00  2.07475304e+06 -1.63547763e+02 
 2.09878077e+06 -6.29003620e+00  2.09878077e+06 -1.64516175e+02 
 2.12308677e+06 -6.33141396e+00  2.12308677e+06 -1.65487993e+02 
 2.14767426e+06 -6.37279746e+00  2.14767426e+06 -1.66463262e+02 
 2.17254649e+06 -6.41420274e+00  2.17254649e+06 -1.67442028e+02 
 2.19770677e+06 -6.45564661e+00  2.19770677e+06 -1.68424337e+02 
 2.22315843e+06 -6.49714665e+00  2.22315843e+06 -1.69410233e+02 
 2.24890485e+06 -6.53872121e+00  2.24890485e+06 -1.70399761e+02 
 2.27494944e+06 -6.58038943e+00  2.27494944e+06 -1.71392966e+02 
 2.30129565e+06 -6.62217124e+00  2.30129565e+06 -1.72389890e+02 
 2.32794697e+06 -6.66408739e+00  2.32794697e+06 -1.73390575e+02 
 2.35490695e+06 -6.70615947e+00  2.35490695e+06 -1.74395064e+02 
 2.38217915e+06 -6.74840988e+00  2.38217915e+06 -1.75403394e+02 
 2.40976718e+06 -6.79086187e+00  2.40976718e+06 -1.76415605e+02 
 2.43767472e+06 -6.83353954e+00  2.43767472e+06 -1.77431732e+02 
 2.46590545e+06 -6.87646786e+00  2.46590545e+06 -1.78451809e+02 
 2.49446313e+06 -6.91967265e+00  2.49446313e+06 -1.79475866e+02 
 2.52335153e+06 -6.96318060e+00  2.52335153e+06  1.79496067e+02 
 2.55257448e+06 -7.00701925e+00  2.55257448e+06  1.78463966e+02 
 2.58213587e+06 -7.05121702e+00  2.58213587e+06  1.77427809e+02 
 2.61203961e+06 -7.09580320e+00  2.61203961e+06  1.76387578e+02 
 2.64228966e+06 -7.14080792e+00  2.64228966e+06  1.75343261e+02 
 2.67289004e+06 -7.18626214e+00  2.67289004e+06  1.74294849e+02 
 2.70384481e+06 -7.23219767e+00  2.70384481e+06  1.73242338e+02 
 2.73515806e+06 -7.27864711e+00  2.73515806e+06  1.72185730e+02 
 2.76683395e+06 -7.32564385e+00  2.76683395e+06  1.71125034e+02 
 2.79887667e+06 -7.37322204e+00  2.79887667e+06  1.70060264e+02 
 2.83129049e+06 -7.42141655e+00  2.83129049e+06  1.68991443e+02 
 2.86407969e+06 -7.47026291e+00  2.86407969e+06  1.67918599e+02 
 2.89724862e+06 -7.51979732e+00  2.89724862e+06  1.66841770e+02 
 2.93080168e+06 -7.57005651e+00  2.93080168e+06  1.65761003e+02 
 2.96474332e+06 -7.62107778e+00  2.96474332e+06  1.64676352e+02 
 2.99907804e+06 -7.67289883e+00  2.99907804e+06  1.63587881e+02 
 3.03381039e+06 -7.72555775e+00  3.03381039e+06  1.62495667e+02 
 3.06894498e+06 -7.77909293e+00  3.06894498e+06  1.61399793e+02 
 3.10448646e+06 -7.83354290e+00  3.10448646e+06  1.60300357e+02 
 3.14043954e+06 -7.88894632e+00  3.14043954e+06  1.59197467e+02 
 3.17680900e+06 -7.94534180e+00  3.17680900e+06  1.58091243e+02 
 3.21359965e+06 -8.00276780e+00  3.21359965e+06  1.56981816e+02 
 3.25081638e+06 -8.06126248e+00  3.25081638e+06  1.55869333e+02 
 3.28846411e+06 -8.12086359e+00  3.28846411e+06  1.54753951e+02 
 3.32654785e+06 -8.18160829e+00  3.32654785e+06  1.53635842e+02 
 3.36507263e+06 -8.24353302e+00  3.36507263e+06  1.52515190e+02 
 3.40404356e+06 -8.30667329e+00  3.40404356e+06  1.51392194e+02 
 3.44346582e+06 -8.37106356e+00  3.44346582e+06  1.50267065e+02 
 3.48334463e+06 -8.43673702e+00  3.48334463e+06  1.49140028e+02 
 3.52368527e+06 -8.50372542e+00  3.52368527e+06  1.48011322e+02 
 3.56449310e+06 -8.57205890e+00  3.56449310e+06  1.46881198e+02 
 3.60577353e+06 -8.64176577e+00  3.60577353e+06  1.45749919e+02 
 3.64753203e+06 -8.71287236e+00  3.64753203e+06  1.44617760e+02 
 3.68977413e+06 -8.78540278e+00  3.68977413e+06  1.43485009e+02 
 3.73250543e+06 -8.85937881e+00  3.73250543e+06  1.42351962e+02 
 3.77573161e+06 -8.93481967e+00  3.77573161e+06  1.41218925e+02 
 3.81945839e+06 -9.01174187e+00  3.81945839e+06  1.40086215e+02 
 3.86369158e+06 -9.09015906e+00  3.86369158e+06  1.38954151e+02 
 3.90843702e+06 -9.17008190e+00  3.90843702e+06  1.37823063e+02 
 3.95370067e+06 -9.25151792e+00  3.95370067e+06  1.36693283e+02 
 3.99948851e+06 -9.33447143e+00  3.99948851e+06  1.35565147e+02 
 4.04580662e+06 -9.41894342e+00  4.04580662e+06  1.34438989e+02 
 4.09266114e+06 -9.50493152e+00  4.09266114e+06  1.33315147e+02 
 4.14005829e+06 -9.59242995e+00  4.14005829e+06  1.32193955e+02 
 4.18800434e+06 -9.68142953e+00  4.18800434e+06  1.31075742e+02 
 4.23650566e+06 -9.77191768e+00  4.23650566e+06  1.29960831e+02 
 4.28556866e+06 -9.86387850e+00  4.28556866e+06  1.28849540e+02 
 4.33519987e+06 -9.95729279e+00  4.33519987e+06  1.27742174e+02 
 4.38540586e+06 -1.00521382e+01  4.38540586e+06  1.26639030e+02 
 4.43619329e+06 -1.01483895e+01  4.43619329e+06  1.25540388e+02 
 4.48756888e+06 -1.02460183e+01  4.48756888e+06  1.24446516e+02 
 4.53953946e+06 -1.03449939e+01  4.53953946e+06  1.23357666e+02 
 4.59211190e+06 -1.04452828e+01  4.59211190e+06  1.22274071e+02 
 4.64529319e+06 -1.05468496e+01  4.64529319e+06  1.21195945e+02 
 4.69909037e+06 -1.06496568e+01  4.69909037e+06  1.20123483e+02 
 4.75351058e+06 -1.07536651e+01  4.75351058e+06  1.19056859e+02 
 4.80856103e+06 -1.08588339e+01  4.80856103e+06  1.17996225e+02 
 4.86424902e+06 -1.09651215e+01  4.86424902e+06  1.16941712e+02 
 4.92058193e+06 -1.10724852e+01  4.92058193e+06  1.15893427e+02 
 4.97756723e+06 -1.11808820e+01  4.97756723e+06  1.14851455e+02 
 5.03521248e+06 -1.12902684e+01  5.03521248e+06  1.13815860e+02 
 5.09352532e+06 -1.14006011e+01  5.09352532e+06  1.12786682e+02 
 5.15251348e+06 -1.15118371e+01  5.15251348e+06  1.11763942e+02 
 5.21218479e+06 -1.16239339e+01  5.21218479e+06  1.10747636e+02 
 5.27254715e+06 -1.17368499e+01  5.27254715e+06  1.09737744e+02 
 5.33360856e+06 -1.18505444e+01  5.33360856e+06  1.08734225e+02 
 5.39537713e+06 -1.19649782e+01  5.39537713e+06  1.07737020e+02 
 5.45786104e+06 -1.20801132e+01  5.45786104e+06  1.06746054e+02 
 5.52106858e+06 -1.21959133e+01  5.52106858e+06  1.05761234e+02 
 5.58500812e+06 -1.23123438e+01  5.58500812e+06  1.04782457e+02 
 5.64968815e+06 -1.24293720e+01  5.64968815e+06  1.03809603e+02 
 5.71511724e+06 -1.25469671e+01  5.71511724e+06  1.02842543e+02 
 5.78130406e+06 -1.26651005e+01  5.78130406e+06  1.01881138e+02 
 5.84825740e+06 -1.27837453e+01  5.84825740e+06  1.00925239e+02 
 5.91598612e+06 -1.29028769e+01  5.91598612e+06  9.99746916e+01 
 5.98449920e+06 -1.30224727e+01  5.98449920e+06  9.90293347e+01 
 6.05380574e+06 -1.31425123e+01  6.05380574e+06  9.80890030e+01 
 6.12391492e+06 -1.32629770e+01  6.12391492e+06  9.71535279e+01 
 6.19483603e+06 -1.33838504e+01  6.19483603e+06  9.62227388e+01 
 6.26657849e+06 -1.35051178e+01  6.26657849e+06  9.52964640e+01 
 6.33915179e+06 -1.36267663e+01  6.33915179e+06  9.43745319e+01 
 6.41256556e+06 -1.37487848e+01  6.41256556e+06  9.34567720e+01 
 6.48682954e+06 -1.38711638e+01  6.48682954e+06  9.25430150e+01 
 6.56195357e+06 -1.39938954e+01  6.56195357e+06  9.16330946e+01 
 6.63794761e+06 -1.41169730e+01  6.63794761e+06  9.07268472e+01 
 6.71482174e+06 -1.42403914e+01  6.71482174e+06  8.98241128e+01 
 6.79258615e+06 -1.43641465e+01  6.79258615e+06  8.89247353e+01 
 6.87125115e+06 -1.44882355e+01  6.87125115e+06  8.80285633e+01 
 6.95082717e+06 -1.46126563e+01  6.95082717e+06  8.71354496e+01 
 7.03132476e+06 -1.47374078e+01  7.03132476e+06  8.62452520e+01 
 7.11275460e+06 -1.48624899e+01  7.11275460e+06  8.53578333e+01 
 7.19512747e+06 -1.49879027e+01  7.19512747e+06  8.44730611e+01 
 7.27845431e+06 -1.51136473e+01  7.27845431e+06  8.35908082e+01 
 7.36274615e+06 -1.52397251e+01  7.36274615e+06  8.27109522e+01 
 7.44801418e+06 -1.53661379e+01  7.44801418e+06  8.18333756e+01 
 7.53426970e+06 -1.54928879e+01  7.53426970e+06  8.09579657e+01 
 7.62152414e+06 -1.56199774e+01  7.62152414e+06  8.00846141e+01 
 7.70978908e+06 -1.57474091e+01  7.70978908e+06  7.92132170e+01 
 7.79907622e+06 -1.58751857e+01  7.79907622e+06  7.83436748e+01 
 7.88939739e+06 -1.60033100e+01  7.88939739e+06  7.74758914e+01 
 7.98076457e+06 -1.61317849e+01  7.98076457e+06  7.66097748e+01 
 8.07318988e+06 -1.62606131e+01  8.07318988e+06  7.57452362e+01 
 8.16668556e+06 -1.63897974e+01  8.16668556e+06  7.48821898e+01 
 8.26126402e+06 -1.65193406e+01  8.26126402e+06  7.40205527e+01 
 8.35693779e+06 -1.66492453e+01  8.35693779e+06  7.31602447e+01 
 8.45371956e+06 -1.67795139e+01  8.45371956e+06  7.23011879e+01 
 8.55162216e+06 -1.69101487e+01  8.55162216e+06  7.14433062e+01 
 8.65065857e+06 -1.70411520e+01  8.65065857e+06  7.05865255e+01 
 8.75084193e+06 -1.71725258e+01  8.75084193e+06  6.97307731e+01 
 8.85218551e+06 -1.73042720e+01  8.85218551e+06  6.88759779e+01 
 8.95470275e+06 -1.74363923e+01  8.95470275e+06  6.80220694e+01 
 9.05840724e+06 -1.75688882e+01  9.05840724e+06  6.71689782e+01 
 9.16331273e+06 -1.77017612e+01  9.16331273e+06  6.63166358e+01 
 9.26943314e+06 -1.78350126e+01  9.26943314e+06  6.54649736e+01 
 9.37678253e+06 -1.79686433e+01  9.37678253e+06  6.46139239e+01 
 9.48537513e+06 -1.81026545e+01  9.48537513e+06  6.37634187e+01 
 9.59522534e+06 -1.82370470e+01  9.59522534e+06  6.29133902e+01 
 9.70634773e+06 -1.83718216e+01  9.70634773e+06  6.20637704e+01 
 9.81875703e+06 -1.85069790e+01  9.81875703e+06  6.12144911e+01 
 9.93246814e+06 -1.86425197e+01  9.93246814e+06  6.03654836e+01 
 1.00474961e+07 -1.87784445e+01  1.00474961e+07  5.95166790e+01 
 1.01638563e+07 -1.89147537e+01  1.01638563e+07  5.86680076e+01 
 1.02815640e+07 -1.90514479e+01  1.02815640e+07  5.78193994e+01 
 1.04006349e+07 -1.91885275e+01  1.04006349e+07  5.69707834e+01 
 1.05210847e+07 -1.93259932e+01  1.05210847e+07  5.61220883e+01 
 1.06429295e+07 -1.94638455e+01  1.06429295e+07  5.52732419e+01 
 1.07661854e+07 -1.96020849e+01  1.07661854e+07  5.44241712e+01 
 1.08908687e+07 -1.97407120e+01  1.08908687e+07  5.35748027e+01 
 1.10169959e+07 -1.98797278e+01  1.10169959e+07  5.27250619e+01 
 1.11445838e+07 -2.00191329e+01  1.11445838e+07  5.18748739e+01 
 1.12736493e+07 -2.01589284e+01  1.12736493e+07  5.10241628e+01 
 1.14042096e+07 -2.02991152e+01  1.14042096e+07  5.01728522e+01 
 1.15362818e+07 -2.04396947e+01  1.15362818e+07  4.93208650e+01 
 1.16698836e+07 -2.05806683e+01  1.16698836e+07  4.84681235e+01 
 1.18050326e+07 -2.07220374e+01  1.18050326e+07  4.76145495e+01 
 1.19417468e+07 -2.08638037e+01  1.19417468e+07  4.67600643e+01 
 1.20800443e+07 -2.10059694e+01  1.20800443e+07  4.59045887e+01 
 1.22199434e+07 -2.11485363e+01  1.22199434e+07  4.50480432e+01 
 1.23614627e+07 -2.12915070e+01  1.23614627e+07  4.41903480e+01 
 1.25046209e+07 -2.14348839e+01  1.25046209e+07  4.33314230e+01 
 1.26494370e+07 -2.15786700e+01  1.26494370e+07  4.24711879e+01 
 1.27959303e+07 -2.17228681e+01  1.27959303e+07  4.16095626e+01 
 1.29441200e+07 -2.18674817e+01  1.29441200e+07  4.07464666e+01 
 1.30940260e+07 -2.20125143e+01  1.30940260e+07  3.98818199e+01 
 1.32456680e+07 -2.21579697e+01  1.32456680e+07  3.90155423e+01 
 1.33990662e+07 -2.23038520e+01  1.33990662e+07  3.81475542e+01 
 1.35542409e+07 -2.24501655e+01  1.35542409e+07  3.72777761e+01 
 1.37112127e+07 -2.25969149e+01  1.37112127e+07  3.64061291e+01 
 1.38700024e+07 -2.27441051e+01  1.38700024e+07  3.55325348e+01 
 1.40306310e+07 -2.28917412e+01  1.40306310e+07  3.46569154e+01 
 1.41931199e+07 -2.30398288e+01  1.41931199e+07  3.37791939e+01 
 1.43574905e+07 -2.31883735e+01  1.43574905e+07  3.28992942e+01 
 1.45237648e+07 -2.33373814e+01  1.45237648e+07  3.20171408e+01 
 1.46919646e+07 -2.34868589e+01  1.46919646e+07  3.11326595e+01 
 1.48621124e+07 -2.36368124e+01  1.48621124e+07  3.02457771e+01 
 1.50342306e+07 -2.37872489e+01  1.50342306e+07  2.93564218e+01 
 1.52083422e+07 -2.39381756e+01  1.52083422e+07  2.84645227e+01 
 1.53844701e+07 -2.40895997e+01  1.53844701e+07  2.75700107e+01 
 1.55626378e+07 -2.42415291e+01  1.55626378e+07  2.66728179e+01 
 1.57428689e+07 -2.43939716e+01  1.57428689e+07  2.57728782e+01 
 1.59251872e+07 -2.45469354e+01  1.59251872e+07  2.48701269e+01 
 1.61096169e+07 -2.47004291e+01  1.61096169e+07  2.39645013e+01 
 1.62961825e+07 -2.48544614e+01  1.62961825e+07  2.30559405e+01 
 1.64849088e+07 -2.50090411e+01  1.64849088e+07  2.21443854e+01 
 1.66758206e+07 -2.51641774e+01  1.66758206e+07  2.12297790e+01 
 1.68689435e+07 -2.53198799e+01  1.68689435e+07  2.03120664e+01 
 1.70643029e+07 -2.54761581e+01  1.70643029e+07  1.93911950e+01 
 1.72619247e+07 -2.56330219e+01  1.72619247e+07  1.84671143e+01 
 1.74618352e+07 -2.57904814e+01  1.74618352e+07  1.75397762e+01 
 1.76640609e+07 -2.59485468e+01  1.76640609e+07  1.66091350e+01 
 1.78686285e+07 -2.61072285e+01  1.78686285e+07  1.56751476e+01 
 1.80755653e+07 -2.62665372e+01  1.80755653e+07  1.47377734e+01 
 1.82848985e+07 -2.64264836e+01  1.82848985e+07  1.37969745e+01 
 1.84966561e+07 -2.65870788e+01  1.84966561e+07  1.28527157e+01 
 1.87108661e+07 -2.67483338e+01  1.87108661e+07  1.19049646e+01 
 1.89275568e+07 -2.69102599e+01  1.89275568e+07  1.09536916e+01 
 1.91467570e+07 -2.70728684e+01  1.91467570e+07  9.99887017e+00 
 1.93684957e+07 -2.72361708e+01  1.93684957e+07  9.04047663e+00 
 1.95928024e+07 -2.74001787e+01  1.95928024e+07  8.07849044e+00 
 1.98197069e+07 -2.75649038e+01  1.98197069e+07  7.11289414e+00 
 2.00492391e+07 -2.77303578e+01  2.00492391e+07  6.14367346e+00 
 2.02814295e+07 -2.78965525e+01  2.02814295e+07  5.17081735e+00 
 2.05163089e+07 -2.80634999e+01  2.05163089e+07  4.19431804e+00 
 2.07539085e+07 -2.82312118e+01  2.07539085e+07  3.21417111e+00 
 2.09942597e+07 -2.83997003e+01  2.09942597e+07  2.23037550e+00 
 2.12373944e+07 -2.85689773e+01  2.12373944e+07  1.24293360e+00 
 2.14833448e+07 -2.87390547e+01  2.14833448e+07  2.51851289e-01 
 2.17321436e+07 -2.89099445e+01  2.17321436e+07 -7.42862061e-01 
 2.19838238e+07 -2.90816587e+01  2.19838238e+07 -1.74119350e+00 
 2.22384186e+07 -2.92542092e+01  2.22384186e+07 -2.74312647e+00 
 2.24959620e+07 -2.94276078e+01  2.24959620e+07 -3.74864080e+00 
 2.27564879e+07 -2.96018664e+01  2.27564879e+07 -4.75771262e+00 
 2.30200310e+07 -2.97769966e+01  2.30200310e+07 -5.77031438e+00 
 2.32866262e+07 -2.99530101e+01  2.32866262e+07 -6.78641478e+00 
 2.35563088e+07 -3.01299183e+01  2.35563088e+07 -7.80597877e+00 
 2.38291146e+07 -3.03077327e+01  2.38291146e+07 -8.82896753e+00 
 2.41050798e+07 -3.04864646e+01  2.41050798e+07 -9.85533841e+00 
 2.43842409e+07 -3.06661249e+01  2.43842409e+07 -1.08850449e+01 
 2.46666350e+07 -3.08467248e+01  2.46666350e+07 -1.19180368e+01 
 2.49522996e+07 -3.10282748e+01  2.49522996e+07 -1.29542599e+01 
 2.52412724e+07 -3.12107856e+01  2.52412724e+07 -1.39936562e+01 
 2.55335918e+07 -3.13942676e+01  2.55335918e+07 -1.50361637e+01 
 2.58292965e+07 -3.15787308e+01  2.58292965e+07 -1.60817168e+01 
 2.61284258e+07 -3.17641852e+01  2.61284258e+07 -1.71302456e+01 
 2.64310194e+07 -3.19506404e+01  2.64310194e+07 -1.81816768e+01 
 2.67371172e+07 -3.21381057e+01  2.67371172e+07 -1.92359328e+01 
 2.70467600e+07 -3.23265902e+01  2.70467600e+07 -2.02929323e+01 
 2.73599888e+07 -3.25161027e+01  2.73599888e+07 -2.13525902e+01 
 2.76768451e+07 -3.27066516e+01  2.76768451e+07 -2.24148175e+01 
 2.79973709e+07 -3.28982451e+01  2.79973709e+07 -2.34795212e+01 
 2.83216087e+07 -3.30908910e+01  2.83216087e+07 -2.45466047e+01 
 2.86496015e+07 -3.32845967e+01  2.86496015e+07 -2.56159676e+01 
 2.89813928e+07 -3.34793693e+01  2.89813928e+07 -2.66875054e+01 
 2.93170265e+07 -3.36752153e+01  2.93170265e+07 -2.77611103e+01 
 2.96565473e+07 -3.38721411e+01  2.96565473e+07 -2.88366705e+01 
 3.00000000e+07 -3.40701525e+01  3.00000000e+07 -2.99140705e+01 
