blk,modo_db,f_hz,vin_pk,k_att,caso,p_q132,p_q133,icmax_q132,icmin_q132,icmax_q133,icmin_q133,p_q122,icmax_q122,p_q125,p_q127,p_q121a,p_q121b,p_q117,p_q118,p_q106,p_jq110a,p_jq110b,p_r134,p_r135,p_r130,p_r131,p_r123,p_r126,p_rsep,p_rsep2,irms_rsep,irms_rsep2,p_q132_w1,p_q132_w2,voutpk,p_rail
A,0,1000,0,1,0,0.213981,0.213522,0.0145565,0.0145565,-0.0145581,-0.0145581,0.0865987,-0.00644248,0.0863844,0.0109835,0.00150947,0.00177561,0.00986079,0.00990891,0.0640756,0.0193252,0.0189111,0.00476244,0.00476355,2.45247E-07,2.45439E-07,0.00384452,0.00383312,0,0,0,0,0.213981,0.213981,-0.0165756,3.22485
F1,0,1000,0,1,0,0.214234,0.213267,0.0145573,0.0145573,-0.0145572,-0.0145572,0.0867043,-0.0064424,0.0862771,0.0109834,0.00150946,0.00177557,0.00986072,0.00990885,0.0640029,0.0193615,0.0189467,0.00476297,0.00476297,2.45205E-07,2.45478E-07,0.00384441,0.00383306,2.22698E-21,0,6.8835E-12,0,0.214234,0.214234,-0.0331465,3.22485
F2,0,1000,0,1,0,0.214234,0.213267,0.0145573,0.0145573,-0.0145572,-0.0145572,0.0867043,-0.0064424,0.0862771,0.0109834,0.00150946,0.00177557,0.00986072,0.00990885,0.0640029,0.0193615,0.0189467,0.00476297,0.00476297,2.45205E-07,2.45478E-07,0.00384441,0.00383306,1.28537E-22,0,1.65373E-12,0,0.214234,0.214234,-0.0331465,3.22485
B,0,1000,0,1,0,0.214234,0.213267,0.0145573,0.0145573,-0.0145572,-0.0145572,0.0867043,-0.0064424,0.0862771,0.0109834,0.00150946,0.00177557,0.00986072,0.00990885,0.0640029,0.0193615,0.0189467,0.00476297,0.00476297,2.45205E-07,2.45478E-07,0.00384441,0.00383306,5.65124E-23,0,1.09654E-12,0,0.214234,0.214234,-0.0331465,3.22485
A,0,1000,0,1,1,0.213981,0.213522,0.0145565,0.0145565,-0.0145581,-0.0145581,0.0865987,-0.00644248,0.0863844,0.0109835,0.00150947,0.00177561,0.00986079,0.00990891,0.0640756,0.0193252,0.0189111,0.00476244,0.00476355,2.45247E-07,2.45439E-07,0.00384452,0.00383312,0,0,0,0,0.213981,0.213981,-0.0165756,3.22485
F1,0,1000,0,1,1,0.214234,0.213267,0.0145573,0.0145573,-0.0145572,-0.0145572,0.0867043,-0.0064424,0.0862771,0.0109834,0.00150946,0.00177557,0.00986072,0.00990885,0.0640029,0.0193615,0.0189467,0.00476297,0.00476297,2.45205E-07,2.45478E-07,0.00384441,0.00383306,3.52204E-26,0,2.74217E-14,0,0.214234,0.214234,-0.0331465,3.22485
F2,0,1000,0,1,1,0.214234,0.213267,0.0145573,0.0145573,-0.0145572,-0.0145572,0.0867043,-0.0064424,0.0862771,0.0109834,0.00150946,0.00177557,0.00986072,0.00990885,0.0640029,0.0193615,0.0189467,0.00476297,0.00476297,2.45205E-07,2.45478E-07,0.00384441,0.00383306,3.45635E-26,0,2.70241E-14,0,0.214234,0.214234,-0.0331465,3.22485
B,0,1000,0,1,1,0.214234,0.213267,0.0145573,0.0145573,-0.0145572,-0.0145572,0.0867043,-0.0064424,0.0862771,0.0109834,0.00150946,0.00177557,0.00986072,0.00990885,0.0640029,0.0193615,0.0189467,0.00476297,0.00476297,2.45205E-07,2.45478E-07,0.00384441,0.00383306,3.59032E-26,0,2.76248E-14,0,0.214234,0.214234,-0.0331465,3.22485
A,0,1000,0,1,2,0.213981,0.213522,0.0145565,0.0145565,-0.0145581,-0.0145581,0.0865987,-0.00644248,0.0863844,0.0109835,0.00150947,0.00177561,0.00986079,0.00990891,0.0640756,0.0193252,0.0189111,0.00476244,0.00476355,2.45247E-07,2.45439E-07,0.00384452,0.00383312,0,0,0,0,0.213981,0.213981,-0.0165756,3.22485
F1,0,1000,0,1,2,0.214234,0.213267,0.0145573,0.0145573,-0.0145572,-0.0145572,0.0867043,-0.0064424,0.0862771,0.0109834,0.00150946,0.00177557,0.00986072,0.00990885,0.0640029,0.0193615,0.0189467,0.00476297,0.00476297,2.45205E-07,2.45478E-07,0.00384441,0.00383306,3.79489E-26,0,2.8404E-14,0,0.214234,0.214234,-0.0331465,3.22485
F2,0,1000,0,1,2,0.214234,0.213267,0.0145573,0.0145573,-0.0145572,-0.0145572,0.0867043,-0.0064424,0.0862771,0.0109834,0.00150946,0.00177557,0.00986072,0.00990885,0.0640029,0.0193615,0.0189467,0.00476297,0.00476297,2.45205E-07,2.45478E-07,0.00384441,0.00383306,1.28537E-22,0,1.65373E-12,0,0.214234,0.214234,-0.0331465,3.22485
B,0,1000,0,1,2,0.214234,0.213267,0.0145573,0.0145573,-0.0145572,-0.0145572,0.0867043,-0.0064424,0.0862771,0.0109834,0.00150946,0.00177557,0.00986072,0.00990885,0.0640029,0.0193615,0.0189467,0.00476297,0.00476297,2.45205E-07,2.45478E-07,0.00384441,0.00383306,5.65124E-23,0,1.09654E-12,0,0.214234,0.214234,-0.0331465,3.22485
A,0,1000,0,1,3,0.213981,0.213522,0.0145565,0.0145565,-0.0145581,-0.0145581,0.0865987,-0.00644248,0.0863844,0.0109835,0.00150947,0.00177561,0.00986079,0.00990891,0.0640756,0.0193252,0.0189111,0.00476244,0.00476355,2.45247E-07,2.45439E-07,0.00384452,0.00383312,0,0,0,0,0.213981,0.213981,-0.0165756,3.22485
F1,0,1000,0,1,3,0.214234,0.213267,0.0145573,0.0145573,-0.0145572,-0.0145572,0.0867043,-0.0064424,0.0862771,0.0109834,0.00150946,0.00177557,0.00986072,0.00990885,0.0640029,0.0193615,0.0189467,0.00476297,0.00476297,2.45205E-07,2.45478E-07,0.00384441,0.00383306,2.22699E-21,0,6.88351E-12,0,0.214234,0.214234,-0.0331465,3.22485
F2,0,1000,0,1,3,0.214234,0.213267,0.0145573,0.0145573,-0.0145572,-0.0145572,0.0867043,-0.0064424,0.0862771,0.0109834,0.00150946,0.00177557,0.00986072,0.00990885,0.0640029,0.0193615,0.0189467,0.00476297,0.00476297,2.45205E-07,2.45478E-07,0.00384441,0.00383306,3.80723E-26,0,2.87208E-14,0,0.214234,0.214234,-0.0331465,3.22485
B,0,1000,0,1,3,0.214234,0.213267,0.0145573,0.0145573,-0.0145572,-0.0145572,0.0867043,-0.0064424,0.0862771,0.0109834,0.00150946,0.00177557,0.00986072,0.00990885,0.0640029,0.0193615,0.0189467,0.00476297,0.00476297,2.45205E-07,2.45478E-07,0.00384441,0.00383306,5.65124E-23,0,1.09654E-12,0,0.214234,0.214234,-0.0331465,3.22485
A,0,1000,0,1,4,0.213981,0.213522,0.0145565,0.0145565,-0.0145581,-0.0145581,0.0865987,-0.00644248,0.0863844,0.0109835,0.00150947,0.00177561,0.00986079,0.00990891,0.0640756,0.0193252,0.0189111,0.00476244,0.00476355,2.45247E-07,2.45439E-07,0.00384452,0.00383312,0,0,0,0,0.213981,0.213981,-0.0165756,3.22485
F1,0,1000,0,1,4,0.214234,0.213267,0.0145573,0.0145573,-0.0145572,-0.0145572,0.0867043,-0.0064424,0.0862771,0.0109834,0.00150946,0.00177557,0.00986072,0.00990885,0.0640029,0.0193615,0.0189467,0.00476297,0.00476297,2.45205E-07,2.45478E-07,0.00384441,0.00383306,2.22699E-21,0,6.88351E-12,0,0.214234,0.214234,-0.0331465,3.22485
F2,0,1000,0,1,4,0.214234,0.213267,0.0145573,0.0145573,-0.0145572,-0.0145572,0.0867043,-0.0064424,0.0862771,0.0109834,0.00150946,0.00177557,0.00986072,0.00990885,0.0640029,0.0193615,0.0189467,0.00476297,0.00476297,2.45205E-07,2.45478E-07,0.00384441,0.00383306,1.28537E-22,0,1.65373E-12,0,0.214234,0.214234,-0.0331465,3.22485
B,0,1000,0,1,4,0.214234,0.213267,0.0145573,0.0145573,-0.0145572,-0.0145572,0.0867043,-0.0064424,0.0862771,0.0109834,0.00150946,0.00177557,0.00986072,0.00990885,0.0640029,0.0193615,0.0189467,0.00476297,0.00476297,2.45205E-07,2.45478E-07,0.00384441,0.00383306,3.73381E-26,0,2.7609E-14,0,0.214234,0.214234,-0.0331465,3.22485
A,0,1000,0,1,5,0.213981,0.213522,0.0145565,0.0145565,-0.0145581,-0.0145581,0.0865987,-0.00644248,0.0863844,0.0109835,0.00150947,0.00177561,0.00986079,0.00990891,0.0640756,0.0193252,0.0189111,0.00476244,0.00476355,2.45247E-07,2.45439E-07,0.00384452,0.00383312,0,0,0,0,0.213981,0.213981,-0.0165756,3.22485
F1,0,1000,0,1,5,0.214234,0.213267,0.0145573,0.0145573,-0.0145572,-0.0145572,0.0867043,-0.0064424,0.0862771,0.0109834,0.00150946,0.00177557,0.00986072,0.00990885,0.0640029,0.0193615,0.0189467,0.00476297,0.00476297,2.45205E-07,2.45478E-07,0.00384441,0.00383306,2.68061E-26,0,2.40626E-14,0,0.214234,0.214234,-0.0331465,3.22485
F2,0,1000,0,1,5,0.214234,0.213267,0.0145573,0.0145573,-0.0145572,-0.0145572,0.0867043,-0.0064424,0.0862771,0.0109834,0.00150946,0.00177557,0.00986072,0.00990885,0.0640029,0.0193615,0.0189467,0.00476297,0.00476297,2.45205E-07,2.45478E-07,0.00384441,0.00383306,1.28537E-22,0,1.65373E-12,0,0.214234,0.214234,-0.0331465,3.22485
B,0,1000,0,1,5,0.214234,0.213267,0.0145573,0.0145573,-0.0145572,-0.0145572,0.0867043,-0.0064424,0.0862771,0.0109834,0.00150946,0.00177557,0.00986072,0.00990885,0.0640029,0.0193615,0.0189467,0.00476297,0.00476297,2.45205E-07,2.45478E-07,0.00384441,0.00383306,5.65124E-23,0,1.09654E-12,0,0.214234,0.214234,-0.0331465,3.22485
A,0,1000,0,1,6,0.213981,0.213522,0.0145565,0.0145565,-0.0145581,-0.0145581,0.0865987,-0.00644248,0.0863844,0.0109835,0.00150947,0.00177561,0.00986079,0.00990891,0.0640756,0.0193252,0.0189111,0.00476244,0.00476355,2.45247E-07,2.45439E-07,0.00384452,0.00383312,0,0,0,0,0.213981,0.213981,-0.0165756,3.22485
F1,0,1000,0,1,6,0.214234,0.213267,0.0145573,0.0145573,-0.0145572,-0.0145572,0.0867043,-0.0064424,0.0862771,0.0109834,0.00150946,0.00177557,0.00986072,0.00990885,0.0640029,0.0193615,0.0189467,0.00476297,0.00476297,2.45205E-07,2.45478E-07,0.00384441,0.00383306,1.03516E-23,0,4.69458E-13,0,0.214234,0.214234,-0.0331465,3.22485
F2,0,1000,0,1,6,0.214234,0.213267,0.0145573,0.0145573,-0.0145572,-0.0145572,0.0867043,-0.0064424,0.0862771,0.0109834,0.00150946,0.00177557,0.00986072,0.00990885,0.0640029,0.0193615,0.0189467,0.00476297,0.00476297,2.45205E-07,2.45478E-07,0.00384441,0.00383306,1.28537E-22,0,1.65373E-12,0,0.214234,0.214234,-0.0331465,3.22485
B,0,1000,0,1,6,0.214234,0.213267,0.0145573,0.0145573,-0.0145572,-0.0145572,0.0867043,-0.0064424,0.0862771,0.0109834,0.00150946,0.00177557,0.00986072,0.00990885,0.0640029,0.0193615,0.0189467,0.00476297,0.00476297,2.45205E-07,2.45478E-07,0.00384441,0.00383306,5.65122E-23,0,1.09653E-12,0,0.214234,0.214234,-0.0331465,3.22485
A,0,1000,0.4243,1,0,0.213976,0.213517,0.0145788,0.0145342,-0.0145383,-0.0145779,0.0865982,-0.00643931,0.0863847,0.0109835,0.00150947,0.00177561,0.00986079,0.00990891,0.0640757,0.0193251,0.0189111,0.00476245,0.00476355,2.45254E-07,2.45446E-07,0.00384452,0.00383312,0,0,0,0,0.213976,0.213976,0.4076,3.22485
F1,0,1000,0.4243,1,0,0.214228,0.213264,0.0145792,0.0145352,-0.0145377,-0.0145768,0.0867038,-0.00643923,0.0862773,0.0109834,0.00150946,0.00177557,0.00986072,0.00990886,0.0640031,0.0193614,0.0189466,0.00476293,0.00476301,2.4521E-07,2.45488E-07,0.00384441,0.00383306,4.3708E-08,0,3.04952E-05,0,0.214228,0.214228,0.390905,3.22485
F2,0,1000,0.4243,1,0,0.214233,0.213267,0.0145625,0.0145521,-0.0145543,-0.0145602,0.0867038,-0.00643954,0.0862773,0.0109834,0.00150946,0.00177557,0.00986072,0.00990886,0.0640031,0.0193614,0.0189466,0.00476296,0.00476297,2.4521E-07,2.45484E-07,0.00384441,0.00383306,2.06737E-09,0,6.63224E-06,0,0.214233,0.214233,0.390906,3.22485
B,0,1000,0.4243,1,0,0.214233,0.213267,0.0145609,0.0145537,-0.0145558,-0.0145586,0.0867039,-0.00643957,0.0862773,0.0109834,0.00150946,0.00177557,0.00986072,0.00990886,0.0640031,0.0193614,0.0189466,0.00476297,0.00476297,2.45209E-07,2.45484E-07,0.00384441,0.00383306,8.93948E-10,0,4.36121E-06,0,0.214233,0.214233,0.390906,3.22485
A,0,1000,0.4243,1,1,0.213976,0.213517,0.0145788,0.0145342,-0.0145383,-0.0145779,0.0865981,-0.00643931,0.0863847,0.0109835,0.00150947,0.00177561,0.0098608,0.00990891,0.0640757,0.0193251,0.0189111,0.00476245,0.00476355,2.45255E-07,2.45446E-07,0.00384452,0.00383312,0,0,0,0,0.213976,0.213976,0.407596,3.22635
F1,0,1000,0.4243,1,1,0.213692,0.21275,0.0182348,0.0109467,-0.0109938,-0.0181876,0.0866873,-0.00636447,0.0862774,0.0109829,0.00150946,0.00177557,0.00986072,0.00990885,0.0640031,0.0193614,0.0189467,0.00492272,0.00491948,2.53138E-07,2.53268E-07,0.00384468,0.00383306,0.00125818,0,0.00517395,0,0.213621,0.213685,0.390747,3.22635
F2,0,1000,0.4243,1,1,0.213692,0.21275,0.0182348,0.0109467,-0.0109938,-0.0181876,0.0866873,-0.00636447,0.0862774,0.0109829,0.00150946,0.00177557,0.00986072,0.00990885,0.0640031,0.0193614,0.0189467,0.00492272,0.00491948,2.53138E-07,2.53268E-07,0.00384468,0.00383306,0.00125818,0,0.00517395,0,0.213621,0.213685,0.390747,3.22635
B,0,1000,0.4243,1,1,0.213692,0.21275,0.0182348,0.0109467,-0.0109938,-0.0181876,0.0866873,-0.00636447,0.0862774,0.0109829,0.00150946,0.00177557,0.00986072,0.00990885,0.0640031,0.0193614,0.0189467,0.00492272,0.00491948,2.53138E-07,2.53268E-07,0.00384468,0.00383306,0.00125818,0,0.00517395,0,0.213621,0.213685,0.390747,3.22635
A,0,1000,0.4243,1,2,0.213976,0.213517,0.0145788,0.0145342,-0.0145383,-0.0145779,0.0865982,-0.00643931,0.0863847,0.0109835,0.00150947,0.00177561,0.00986079,0.00990891,0.0640757,0.0193251,0.0189111,0.00476245,0.00476355,2.45254E-07,2.45446E-07,0.00384452,0.00383312,0,0,0,0,0.213976,0.213976,0.4076,3.22535
F1,0,1000,0.4243,1,2,0.213659,0.21278,0.0182347,0.0109468,-0.0109939,-0.0181875,0.086687,-0.00636447,0.086277,0.0109829,0.00150946,0.00177556,0.00986073,0.00990885,0.0640031,0.0193614,0.0189467,0.00492131,0.00492098,2.53067E-07,2.53343E-07,0.00384463,0.00383306,0.00125855,0,0.00517471,0,0.213619,0.213619,0.390748,3.22535
F2,0,1000,0.4243,1,2,0.214233,0.213267,0.0145625,0.0145521,-0.0145543,-0.0145602,0.0867038,-0.00643954,0.0862773,0.0109834,0.00150946,0.00177557,0.00986072,0.00990886,0.0640031,0.0193614,0.0189466,0.00476296,0.00476297,2.4521E-07,2.45484E-07,0.00384441,0.00383306,2.06737E-09,0,6.63224E-06,0,0.214233,0.214233,0.390906,3.22535
B,0,1000,0.4243,1,2,0.214233,0.213267,0.0145609,0.0145537,-0.0145558,-0.0145586,0.0867039,-0.00643957,0.0862773,0.0109834,0.00150946,0.00177557,0.00986072,0.00990886,0.0640031,0.0193614,0.0189466,0.00476297,0.00476297,2.45209E-07,2.45484E-07,0.00384441,0.00383306,8.93948E-10,0,4.36121E-06,0,0.214233,0.214233,0.390906,3.22535
A,0,1000,0.4243,1,3,0.213976,0.213517,0.0145788,0.0145342,-0.0145383,-0.0145779,0.0865982,-0.00643931,0.0863847,0.0109835,0.00150947,0.00177561,0.00986079,0.00990891,0.0640757,0.0193251,0.0189111,0.00476245,0.00476355,2.45254E-07,2.45446E-07,0.00384452,0.00383312,0,0,0,0,0.213976,0.213976,0.4076,3.22535
F1,0,1000,0.4243,1,3,0.214228,0.213264,0.0145792,0.0145352,-0.0145377,-0.0145768,0.0867038,-0.00643923,0.0862773,0.0109834,0.00150946,0.00177557,0.00986072,0.00990886,0.0640031,0.0193614,0.0189466,0.00476293,0.00476301,2.4521E-07,2.45488E-07,0.00384441,0.00383306,4.3708E-08,0,3.04952E-05,0,0.214228,0.214228,0.390905,3.22535
F2,0,1000,0.4243,1,3,0.213659,0.21278,0.0182347,0.0109468,-0.0109939,-0.0181875,0.086687,-0.00636447,0.086277,0.0109829,0.00150946,0.00177556,0.00986073,0.00990885,0.0640031,0.0193614,0.0189467,0.00492131,0.00492098,2.53067E-07,2.53343E-07,0.00384463,0.00383306,0.00125855,0,0.00517471,0,0.213619,0.213619,0.390748,3.22535
B,0,1000,0.4243,1,3,0.214233,0.213267,0.0145609,0.0145537,-0.0145558,-0.0145586,0.0867039,-0.00643957,0.0862773,0.0109834,0.00150946,0.00177557,0.00986072,0.00990886,0.0640031,0.0193614,0.0189466,0.00476297,0.00476297,2.45209E-07,2.45484E-07,0.00384441,0.00383306,8.93948E-10,0,4.36121E-06,0,0.214233,0.214233,0.390906,3.22535
A,0,1000,0.4243,1,4,0.213976,0.213517,0.0145788,0.0145342,-0.0145383,-0.0145779,0.0865982,-0.00643931,0.0863847,0.0109835,0.00150947,0.00177561,0.00986079,0.00990891,0.0640757,0.0193251,0.0189111,0.00476245,0.00476355,2.45254E-07,2.45446E-07,0.00384452,0.00383312,0,0,0,0,0.213976,0.213976,0.4076,3.22535
F1,0,1000,0.4243,1,4,0.214228,0.213264,0.0145792,0.0145352,-0.0145377,-0.0145768,0.0867038,-0.00643923,0.0862773,0.0109834,0.00150946,0.00177557,0.00986072,0.00990886,0.0640031,0.0193614,0.0189466,0.00476293,0.00476301,2.4521E-07,2.45488E-07,0.00384441,0.00383306,4.3708E-08,0,3.04952E-05,0,0.214228,0.214228,0.390905,3.22535
F2,0,1000,0.4243,1,4,0.214233,0.213267,0.0145625,0.0145521,-0.0145543,-0.0145602,0.0867038,-0.00643954,0.0862773,0.0109834,0.00150946,0.00177557,0.00986072,0.00990886,0.0640031,0.0193614,0.0189466,0.00476296,0.00476297,2.4521E-07,2.45484E-07,0.00384441,0.00383306,2.06737E-09,0,6.63224E-06,0,0.214233,0.214233,0.390906,3.22535
B,0,1000,0.4243,1,4,0.213659,0.212781,0.0182347,0.0109468,-0.0109939,-0.0181875,0.086687,-0.00636447,0.086277,0.0109829,0.00150946,0.00177556,0.00986073,0.00990885,0.0640031,0.0193614,0.0189467,0.0049213,0.00492098,2.53067E-07,2.53343E-07,0.00384463,0.00383306,0.00125855,0,0.00517471,0,0.213619,0.213619,0.390748,3.22535
A,0,1000,0.4243,1,5,0.213976,0.213517,0.0145788,0.0145342,-0.0145383,-0.0145779,0.0865982,-0.00643931,0.0863847,0.0109835,0.00150947,0.00177561,0.00986079,0.00990891,0.0640757,0.0193251,0.0189111,0.00476245,0.00476355,2.45254E-07,2.45446E-07,0.00384452,0.00383312,0,0,0,0,0.213976,0.213976,0.4076,3.22523
F1,0,1000,0.4243,1,5,0.213692,0.212794,0.0177671,0.0113981,-0.0114397,-0.0177254,0.0866889,-0.00637395,0.0862771,0.010983,0.00150946,0.00177556,0.00986072,0.00990885,0.0640031,0.0193614,0.0189467,0.00488386,0.00488359,2.51265E-07,2.51538E-07,0.00384458,0.00383306,0.000961248,0,0.0045224,0,0.213661,0.213661,0.39075,3.22523
F2,0,1000,0.4243,1,5,0.214233,0.213267,0.0145625,0.0145521,-0.0145543,-0.0145602,0.0867038,-0.00643954,0.0862773,0.0109834,0.00150946,0.00177557,0.00986072,0.00990886,0.0640031,0.0193614,0.0189466,0.00476296,0.00476297,2.4521E-07,2.45484E-07,0.00384441,0.00383306,2.06737E-09,0,6.63224E-06,0,0.214233,0.214233,0.390906,3.22523
B,0,1000,0.4243,1,5,0.214233,0.213267,0.0145609,0.0145537,-0.0145558,-0.0145586,0.0867039,-0.00643957,0.0862773,0.0109834,0.00150946,0.00177557,0.00986072,0.00990886,0.0640031,0.0193614,0.0189466,0.00476297,0.00476297,2.45209E-07,2.45484E-07,0.00384441,0.00383306,8.93948E-10,0,4.36121E-06,0,0.214233,0.214233,0.390906,3.22523
A,0,1000,0.4243,1,6,0.213976,0.213517,0.0145788,0.0145342,-0.0145383,-0.0145779,0.0865982,-0.00643931,0.0863847,0.0109835,0.00150947,0.00177561,0.00986079,0.00990891,0.0640757,0.0193251,0.0189111,0.00476245,0.00476355,2.45254E-07,2.45446E-07,0.00384452,0.00383312,0,0,0,0,0.213976,0.213976,0.4076,3.22492
F1,0,1000,0.4243,1,6,0.213948,0.213003,0.0159623,0.0131614,-0.0131813,-0.015943,0.0866973,-0.00641087,0.0862772,0.0109832,0.00150946,0.00177557,0.00986072,0.00990885,0.0640031,0.0193614,0.0189467,0.00478621,0.00478635,2.46471E-07,2.46754E-07,0.00384444,0.00383306,0.000185863,0,0.0019886,0,0.21394,0.213944,0.390815,3.22492
F2,0,1000,0.4243,1,6,0.214233,0.213267,0.0145625,0.0145521,-0.0145543,-0.0145602,0.0867038,-0.00643954,0.0862773,0.0109834,0.00150946,0.00177557,0.00986072,0.00990886,0.0640031,0.0193614,0.0189466,0.00476296,0.00476297,2.4521E-07,2.45484E-07,0.00384441,0.00383306,2.06737E-09,0,6.63224E-06,0,0.214233,0.214233,0.390906,3.22492
B,0,1000,0.4243,1,6,0.214233,0.213267,0.0145609,0.0145537,-0.0145558,-0.0145586,0.0867039,-0.00643957,0.0862773,0.0109834,0.00150946,0.00177557,0.00986072,0.00990886,0.0640031,0.0193614,0.0189466,0.00476297,0.00476297,2.45209E-07,2.45484E-07,0.00384441,0.00383306,8.93948E-10,0,4.36121E-06,0,0.214233,0.214233,0.390906,3.22492
A,0,1000,1.4142,1,0,0.213927,0.213474,0.0146307,0.014482,-0.0144919,-0.014624,0.0865919,-0.00643189,0.0863872,0.0109834,0.00150946,0.00177561,0.00986078,0.00990888,0.0640772,0.019324,0.0189105,0.00476247,0.00476356,2.45331E-07,2.4552E-07,0.00384452,0.0038331,0,0,0,0,0.213927,0.213927,1.39712,3.22484
F1,0,1000,1.4142,1,0,0.214178,0.213223,0.0146303,0.0144836,-0.0144922,-0.0146224,0.0866975,-0.00643182,0.0862798,0.0109833,0.00150945,0.00177557,0.0098607,0.00990883,0.0640045,0.0193603,0.0189461,0.00476285,0.00476312,2.45281E-07,2.45567E-07,0.0038444,0.00383305,4.85359E-07,0,0.000101621,0,0.214178,0.214178,1.38011,3.22484
F2,0,1000,1.4142,1,0,0.214221,0.213259,0.0145745,0.0145398,-0.0145473,-0.0145669,0.0866984,-0.00643285,0.0862798,0.0109833,0.00150945,0.00177557,0.0098607,0.00990883,0.0640045,0.0193603,0.0189461,0.00476292,0.00476294,2.45263E-07,2.45536E-07,0.0038444,0.00383305,2.29573E-08,0,2.2101E-05,0,0.214221,0.214221,1.38012,3.22484
B,0,1000,1.4142,1,0,0.214224,0.213263,0.0145692,0.0145451,-0.0145525,-0.0145616,0.0866985,-0.00643295,0.0862798,0.0109833,0.00150945,0.00177557,0.0098607,0.00990883,0.0640045,0.0193603,0.0189461,0.00476293,0.00476293,2.45261E-07,2.45534E-07,0.0038444,0.00383305,9.92691E-09,0,1.45331E-05,0,0.214224,0.214225,1.38012,3.22484
A,0,1000,1.4142,1,1,0.213927,0.213474,0.0146307,0.014482,-0.0144919,-0.014624,0.0865919,-0.00643189,0.0863872,0.0109834,0.00150946,0.00177561,0.00986078,0.00990888,0.0640772,0.019324,0.0189105,0.00476247,0.00476356,2.45331E-07,2.4552E-07,0.00384452,0.0038331,0,0,0,0,0.213927,0.213927,1.3971,3.24655
F1,0,1000,1.4142,1,1,0.209018,0.208325,0.0272314,0.00295952,-0.00310153,-0.0270899,0.0865129,-0.00618083,0.0862795,0.0109774,0.00150945,0.0017755,0.00986073,0.00990879,0.0640045,0.0193598,0.0189466,0.00657523,0.0065428,3.35656E-07,3.34493E-07,0.00384745,0.00383304,0.0139795,0,0.0172464,0,0.208834,0.208931,1.37956,3.24655
F2,0,1000,1.4142,1,1,0.209018,0.208325,0.0272314,0.00295952,-0.00310153,-0.0270899,0.0865129,-0.00618083,0.0862795,0.0109774,0.00150945,0.0017755,0.00986073,0.00990879,0.0640045,0.0193598,0.0189466,0.00657523,0.0065428,3.35656E-07,3.34493E-07,0.00384745,0.00383304,0.0139795,0,0.0172464,0,0.208834,0.208931,1.37956,3.24655
B,0,1000,1.4142,1,1,0.209018,0.208325,0.0272314,0.00295952,-0.00310154,-0.0270899,0.0865129,-0.00618083,0.0862795,0.0109774,0.00150945,0.0017755,0.00986073,0.00990879,0.0640045,0.0193598,0.0189466,0.00657523,0.0065428,3.35656E-07,3.34493E-07,0.00384745,0.00383304,0.0139795,0,0.0172464,0,0.208834,0.208931,1.37956,3.24655
A,0,1000,1.4142,1,2,0.213927,0.213474,0.0146307,0.014482,-0.0144919,-0.014624,0.0865919,-0.00643189,0.0863872,0.0109834,0.00150946,0.00177561,0.00986078,0.00990888,0.0640772,0.019324,0.0189105,0.00476247,0.00476356,2.45331E-07,2.4552E-07,0.00384452,0.0038331,0,0,0,0,0.213927,0.213927,1.39708,3.23208
F1,0,1000,1.4142,1,2,0.209023,0.208321,0.0272315,0.00295938,-0.00310139,-0.0270901,0.0865129,-0.00618084,0.0862796,0.0109774,0.00150945,0.0017755,0.00986073,0.00990879,0.0640045,0.0193598,0.0189466,0.0065754,0.00654259,3.35665E-07,3.34482E-07,0.00384745,0.00383304,0.0139793,0,0.0172463,0,0.208835,0.20894,1.37954,3.23208
F2,0,1000,1.4142,1,2,0.214221,0.213259,0.0145745,0.0145398,-0.0145473,-0.0145669,0.0866984,-0.00643285,0.0862798,0.0109833,0.00150945,0.00177557,0.0098607,0.00990883,0.0640046,0.0193603,0.0189461,0.00476292,0.00476294,2.45263E-07,2.45536E-07,0.0038444,0.00383305,2.29554E-08,0,2.21001E-05,0,0.21422,0.214221,1.38008,3.23208
B,0,1000,1.4142,1,2,0.214224,0.213263,0.0145692,0.0145451,-0.0145525,-0.0145616,0.0866985,-0.00643295,0.0862798,0.0109833,0.00150945,0.00177557,0.0098607,0.00990883,0.0640046,0.0193603,0.0189461,0.00476293,0.00476293,2.45261E-07,2.45533E-07,0.0038444,0.00383305,9.9261E-09,0,1.45325E-05,0,0.214224,0.214224,1.38008,3.23208
A,0,1000,1.4142,1,3,0.213927,0.213474,0.0146307,0.014482,-0.0144919,-0.014624,0.0865919,-0.00643189,0.0863872,0.0109834,0.00150946,0.00177561,0.00986078,0.00990888,0.0640772,0.019324,0.0189105,0.00476247,0.00476356,2.45331E-07,2.4552E-07,0.00384452,0.0038331,0,0,0,0,0.213927,0.213927,1.39708,3.23208
F1,0,1000,1.4142,1,3,0.214178,0.213223,0.0146303,0.0144836,-0.0144922,-0.0146224,0.0866975,-0.00643182,0.0862798,0.0109833,0.00150945,0.00177557,0.00986071,0.00990883,0.0640046,0.0193603,0.0189461,0.00476285,0.00476312,2.45281E-07,2.45566E-07,0.0038444,0.00383305,4.85319E-07,0,0.000101617,0,0.214178,0.214178,1.38008,3.23208
F2,0,1000,1.4142,1,3,0.209023,0.208321,0.0272315,0.00295938,-0.00310139,-0.0270901,0.0865129,-0.00618084,0.0862796,0.0109774,0.00150945,0.0017755,0.00986073,0.00990879,0.0640045,0.0193598,0.0189466,0.0065754,0.00654259,3.35665E-07,3.34482E-07,0.00384745,0.00383304,0.0139793,0,0.0172463,0,0.208835,0.20894,1.37954,3.23208
B,0,1000,1.4142,1,3,0.214224,0.213263,0.0145692,0.0145451,-0.0145525,-0.0145616,0.0866985,-0.00643295,0.0862798,0.0109833,0.00150945,0.00177557,0.0098607,0.00990883,0.0640046,0.0193603,0.0189461,0.00476293,0.00476293,2.45261E-07,2.45533E-07,0.0038444,0.00383305,9.9261E-09,0,1.45325E-05,0,0.214224,0.214224,1.38008,3.23208
A,0,1000,1.4142,1,4,0.213927,0.213474,0.0146307,0.014482,-0.0144919,-0.014624,0.0865919,-0.00643189,0.0863872,0.0109834,0.00150946,0.00177561,0.00986078,0.00990888,0.0640772,0.019324,0.0189105,0.00476247,0.00476356,2.45331E-07,2.4552E-07,0.00384452,0.0038331,0,0,0,0,0.213927,0.213927,1.39708,3.23208
F1,0,1000,1.4142,1,4,0.214178,0.213223,0.0146303,0.0144836,-0.0144922,-0.0146224,0.0866975,-0.00643182,0.0862798,0.0109833,0.00150945,0.00177557,0.00986071,0.00990883,0.0640046,0.0193603,0.0189461,0.00476285,0.00476312,2.45281E-07,2.45566E-07,0.0038444,0.00383305,4.85319E-07,0,0.000101617,0,0.214178,0.214178,1.38008,3.23208
F2,0,1000,1.4142,1,4,0.214221,0.213259,0.0145745,0.0145398,-0.0145473,-0.0145669,0.0866984,-0.00643285,0.0862798,0.0109833,0.00150945,0.00177557,0.0098607,0.00990883,0.0640046,0.0193603,0.0189461,0.00476292,0.00476294,2.45263E-07,2.45536E-07,0.0038444,0.00383305,2.29554E-08,0,2.21001E-05,0,0.21422,0.214221,1.38008,3.23208
B,0,1000,1.4142,1,4,0.209023,0.208321,0.0272315,0.00295938,-0.0031014,-0.0270901,0.0865129,-0.00618084,0.0862796,0.0109774,0.00150945,0.0017755,0.00986073,0.00990879,0.0640045,0.0193598,0.0189466,0.0065754,0.00654259,3.35665E-07,3.34482E-07,0.00384745,0.00383304,0.0139793,0,0.0172462,0,0.208835,0.20894,1.37954,3.23208
A,0,1000,1.4142,1,5,0.213927,0.213474,0.0146307,0.014482,-0.0144919,-0.014624,0.0865919,-0.00643189,0.0863872,0.0109834,0.00150946,0.00177561,0.00986078,0.00990888,0.0640772,0.019324,0.0189105,0.00476247,0.00476356,2.45331E-07,2.4552E-07,0.00384452,0.0038331,0,0,0,0,0.213927,0.213927,1.39709,3.22992
F1,0,1000,1.4142,1,5,0.208906,0.208162,0.0255304,0.00431322,-0.00444412,-0.0253999,0.0865335,-0.00621308,0.0862799,0.0109789,0.00150945,0.00177552,0.00986073,0.0099088,0.0640045,0.0193598,0.0189466,0.00613732,0.00611125,3.14359E-07,3.13468E-07,0.00384676,0.00383304,0.0106763,0,0.0150717,0,0.208761,0.208841,1.37955,3.22992
F2,0,1000,1.4142,1,5,0.214221,0.213259,0.0145745,0.0145398,-0.0145473,-0.0145669,0.0866984,-0.00643285,0.0862798,0.0109833,0.00150945,0.00177557,0.0098607,0.00990883,0.0640046,0.0193603,0.0189461,0.00476292,0.00476294,2.45263E-07,2.45536E-07,0.0038444,0.00383305,2.29556E-08,0,2.21002E-05,0,0.21422,0.214221,1.38009,3.22992
B,0,1000,1.4142,1,5,0.214224,0.213263,0.0145692,0.0145451,-0.0145525,-0.0145616,0.0866985,-0.00643295,0.0862798,0.0109833,0.00150945,0.00177557,0.0098607,0.00990883,0.0640046,0.0193603,0.0189461,0.00476293,0.00476293,2.45261E-07,2.45533E-07,0.0038444,0.00383305,9.92619E-09,0,1.45326E-05,0,0.214224,0.214224,1.38009,3.22992
A,0,1000,1.4142,1,6,0.213927,0.213474,0.0146307,0.014482,-0.0144919,-0.014624,0.0865919,-0.00643189,0.0863872,0.0109834,0.00150946,0.00177561,0.00986078,0.00990888,0.0640772,0.019324,0.0189105,0.00476247,0.00476356,2.45331E-07,2.4552E-07,0.00384452,0.0038331,0,0,0,0,0.213927,0.213927,1.39712,3.22566
F1,0,1000,1.4142,1,6,0.211145,0.21027,0.019279,0.0099439,-0.0100101,-0.0192151,0.0866259,-0.00633717,0.08628,0.0109822,0.00150945,0.00177556,0.00986072,0.00990881,0.0640045,0.01936,0.0189464,0.00502487,0.00501999,2.59479E-07,2.59527E-07,0.00384489,0.00383304,0.00206403,0,0.00662688,0,0.211108,0.211136,1.37981,3.22566
F2,0,1000,1.4142,1,6,0.214221,0.213259,0.0145745,0.0145398,-0.0145473,-0.0145669,0.0866984,-0.00643285,0.0862798,0.0109833,0.00150945,0.00177557,0.0098607,0.00990883,0.0640045,0.0193603,0.0189461,0.00476292,0.00476294,2.45263E-07,2.45536E-07,0.0038444,0.00383305,2.29573E-08,0,2.2101E-05,0,0.214221,0.214221,1.38012,3.22566
B,0,1000,1.4142,1,6,0.214224,0.213263,0.0145692,0.0145451,-0.0145525,-0.0145616,0.0866985,-0.00643295,0.0862798,0.0109833,0.00150945,0.00177557,0.0098607,0.00990883,0.0640045,0.0193603,0.0189461,0.00476293,0.00476293,2.45261E-07,2.45534E-07,0.0038444,0.00383305,9.92691E-09,0,1.45331E-05,0,0.214224,0.214225,1.38012,3.22566
A,0,1000,2.8284,1,0,0.213766,0.21333,0.0147045,0.0144072,-0.0144253,-0.0146896,0.0865712,-0.00642123,0.0863955,0.0109832,0.00150944,0.0017756,0.00986075,0.00990877,0.0640821,0.0193202,0.0189087,0.00476253,0.00476359,2.45584E-07,2.45763E-07,0.0038445,0.00383306,0,0,0,0,0.213765,0.213766,2.81073,3.2248
F1,0,1000,2.8284,1,0,0.214016,0.213084,0.0147029,0.0144095,-0.0144268,-0.0146872,0.0866769,-0.00642117,0.086288,0.0109831,0.00150944,0.00177557,0.00986068,0.00990872,0.0640094,0.0193565,0.0189443,0.00476277,0.00476328,2.45526E-07,2.45815E-07,0.00384438,0.003833,1.94088E-06,0,0.000203212,0,0.214015,0.214016,2.79334,3.2248
F2,0,1000,2.8284,1,0,0.21418,0.213235,0.0145914,0.0145219,-0.014537,-0.0145762,0.0866803,-0.00642324,0.0862881,0.0109831,0.00150944,0.00177557,0.00986067,0.00990872,0.0640094,0.0193565,0.0189443,0.0047628,0.00476282,2.4544E-07,2.45706E-07,0.00384439,0.003833,9.18028E-08,0,4.41956E-05,0,0.21418,0.21418,2.79335,3.2248
B,0,1000,2.8284,1,0,0.214196,0.21325,0.0145808,0.0145325,-0.0145475,-0.0145658,0.0866806,-0.00642343,0.0862881,0.0109831,0.00150944,0.00177557,0.00986067,0.00990872,0.0640094,0.0193566,0.0189443,0.0047628,0.0047628,2.45431E-07,2.45697E-07,0.00384439,0.003833,3.96962E-08,0,2.9062E-05,0,0.214195,0.214196,2.79335,3.2248
A,0,1000,2.8284,1,1,0.213766,0.21333,0.0147045,0.0144072,-0.0144254,-0.0146896,0.0865712,-0.00642123,0.0863955,0.0109832,0.00150944,0.0017756,0.00986075,0.00990877,0.0640821,0.0193202,0.0189087,0.00476253,0.00476359,2.45584E-07,2.45764E-07,0.0038445,0.00383306,0,0,0,0,0.213766,0.213766,2.8107,3.5713
F1,0,1000,2.8284,1,1,0.234684,0.23383,0.0482502,4.28567E-09,-2.07188E-08,-0.048253,0.0859023,-0.00590784,0.0862827,0.0108963,0.0015094,0.00177533,0.00986073,0.00990858,0.0640093,0.0193547,0.0189461,0.0144649,0.0144584,7.41732E-07,7.42444E-07,0.00385731,0.00383297,0.0559179,0,0.0344927,0,0.234346,0.234541,2.79237,3.5713
F2,0,1000,2.8284,1,1,0.234684,0.23383,0.0482502,4.28567E-09,-2.07188E-08,-0.048253,0.0859023,-0.00590784,0.0862827,0.0108963,0.0015094,0.00177533,0.00986073,0.00990858,0.0640093,0.0193547,0.0189461,0.0144649,0.0144584,7.41732E-07,7.42444E-07,0.00385731,0.00383297,0.0559179,0,0.0344927,0,0.234346,0.234541,2.79237,3.5713
B,0,1000,2.8284,1,1,0.234684,0.23383,0.0482502,4.28577E-09,-2.07189E-08,-0.048253,0.0859023,-0.00590784,0.0862827,0.0108963,0.0015094,0.00177533,0.00986073,0.00990858,0.0640093,0.0193547,0.0189461,0.0144649,0.0144584,7.41732E-07,7.42444E-07,0.00385731,0.00383297,0.0559179,0,0.0344926,0,0.234346,0.234541,2.79237,3.5713
A,0,1000,2.8284,1,2,0.213766,0.21333,0.0147045,0.0144072,-0.0144253,-0.0146896,0.0865712,-0.00642123,0.0863955,0.0109832,0.00150944,0.0017756,0.00986075,0.00990877,0.0640821,0.0193202,0.0189087,0.00476253,0.00476359,2.45584E-07,2.45763E-07,0.0038445,0.00383306,0,0,0,0,0.213765,0.213766,2.81073,3.34029
F1,0,1000,2.8284,1,2,0.23472,0.233791,0.0482524,5.59446E-09,-1.99908E-08,-0.0482551,0.0859027,-0.00590783,0.0862832,0.0108964,0.0015094,0.00177534,0.00986073,0.00990858,0.0640093,0.0193547,0.0189461,0.014466,0.0144558,7.41782E-07,7.42309E-07,0.00385738,0.00383297,0.055915,0,0.0344918,0,0.234349,0.234612,2.79253,3.34029
F2,0,1000,2.8284,1,2,0.21418,0.213235,0.0145914,0.0145219,-0.014537,-0.0145762,0.0866803,-0.00642324,0.0862881,0.0109831,0.00150944,0.00177557,0.00986067,0.00990872,0.0640094,0.0193565,0.0189443,0.0047628,0.00476282,2.4544E-07,2.45706E-07,0.00384439,0.003833,9.18028E-08,0,4.41956E-05,0,0.21418,0.21418,2.79335,3.34029
B,0,1000,2.8284,1,2,0.214196,0.21325,0.0145808,0.0145325,-0.0145475,-0.0145658,0.0866806,-0.00642343,0.0862881,0.0109831,0.00150944,0.00177557,0.00986067,0.00990872,0.0640094,0.0193566,0.0189443,0.0047628,0.0047628,2.45431E-07,2.45697E-07,0.00384439,0.003833,3.96962E-08,0,2.9062E-05,0,0.214195,0.214196,2.79335,3.34029
A,0,1000,2.8284,1,3,0.213766,0.21333,0.0147045,0.0144072,-0.0144253,-0.0146896,0.0865712,-0.00642123,0.0863955,0.0109832,0.00150944,0.0017756,0.00986075,0.00990877,0.0640821,0.0193202,0.0189087,0.00476253,0.00476359,2.45584E-07,2.45763E-07,0.0038445,0.00383306,0,0,0,0,0.213765,0.213766,2.81073,3.34029
F1,0,1000,2.8284,1,3,0.214016,0.213084,0.0147029,0.0144095,-0.0144268,-0.0146872,0.0866769,-0.00642117,0.086288,0.0109831,0.00150944,0.00177557,0.00986068,0.00990872,0.0640094,0.0193565,0.0189443,0.00476277,0.00476328,2.45526E-07,2.45815E-07,0.00384438,0.003833,1.94088E-06,0,0.000203212,0,0.214015,0.214016,2.79334,3.34029
F2,0,1000,2.8284,1,3,0.23472,0.233791,0.0482524,5.59551E-09,-1.99899E-08,-0.0482551,0.0859027,-0.00590783,0.0862832,0.0108964,0.0015094,0.00177534,0.00986073,0.00990858,0.0640093,0.0193547,0.0189461,0.014466,0.0144558,7.41782E-07,7.42308E-07,0.00385738,0.00383297,0.055915,0,0.0344917,0,0.234349,0.234612,2.79253,3.34029
B,0,1000,2.8284,1,3,0.214196,0.21325,0.0145808,0.0145325,-0.0145475,-0.0145658,0.0866806,-0.00642343,0.0862881,0.0109831,0.00150944,0.00177557,0.00986067,0.00990872,0.0640094,0.0193566,0.0189443,0.0047628,0.0047628,2.45431E-07,2.45697E-07,0.00384439,0.003833,3.96962E-08,0,2.9062E-05,0,0.214195,0.214196,2.79335,3.34029
A,0,1000,2.8284,1,4,0.213766,0.21333,0.0147045,0.0144072,-0.0144253,-0.0146896,0.0865712,-0.00642123,0.0863955,0.0109832,0.00150944,0.0017756,0.00986075,0.00990877,0.0640821,0.0193202,0.0189087,0.00476253,0.00476359,2.45584E-07,2.45763E-07,0.0038445,0.00383306,0,0,0,0,0.213765,0.213766,2.81073,3.34029
F1,0,1000,2.8284,1,4,0.214016,0.213084,0.0147029,0.0144095,-0.0144268,-0.0146872,0.0866769,-0.00642117,0.086288,0.0109831,0.00150944,0.00177557,0.00986068,0.00990872,0.0640094,0.0193565,0.0189443,0.00476277,0.00476328,2.45526E-07,2.45815E-07,0.00384438,0.003833,1.94088E-06,0,0.000203212,0,0.214015,0.214016,2.79334,3.34029
F2,0,1000,2.8284,1,4,0.21418,0.213235,0.0145914,0.0145219,-0.014537,-0.0145762,0.0866803,-0.00642324,0.0862881,0.0109831,0.00150944,0.00177557,0.00986067,0.00990872,0.0640094,0.0193565,0.0189443,0.0047628,0.00476282,2.4544E-07,2.45706E-07,0.00384439,0.003833,9.18028E-08,0,4.41956E-05,0,0.21418,0.21418,2.79335,3.34029
B,0,1000,2.8284,1,4,0.23472,0.233791,0.0482524,5.59512E-09,-1.99905E-08,-0.0482551,0.0859027,-0.00590783,0.0862832,0.0108964,0.0015094,0.00177534,0.00986073,0.00990858,0.0640093,0.0193547,0.0189461,0.014466,0.0144558,7.41782E-07,7.42308E-07,0.00385738,0.00383297,0.0559149,0,0.0344917,0,0.234349,0.234612,2.79253,3.34029
A,0,1000,2.8284,1,5,0.213766,0.21333,0.0147045,0.0144072,-0.0144253,-0.0146896,0.0865712,-0.00642123,0.0863955,0.0109832,0.00150944,0.0017756,0.00986075,0.00990877,0.0640821,0.0193202,0.0189087,0.00476253,0.00476359,2.45584E-07,2.45763E-07,0.0038445,0.00383306,0,0,0,0,0.213765,0.213766,2.81073,3.29695
F1,0,1000,2.8284,1,5,0.217886,0.217028,0.0421625,1.97046E-07,-2.72809E-07,-0.0421646,0.0860009,-0.00597406,0.0862839,0.0109285,0.0015094,0.0017754,0.00986073,0.00990859,0.0640093,0.0193547,0.0189461,0.0116064,0.0115878,5.96093E-07,5.95984E-07,0.00385437,0.00383297,0.042701,0,0.0301419,0,0.217586,0.217799,2.79247,3.29695
F2,0,1000,2.8284,1,5,0.21418,0.213235,0.0145914,0.0145219,-0.014537,-0.0145762,0.0866803,-0.00642324,0.0862881,0.0109831,0.00150944,0.00177557,0.00986067,0.00990872,0.0640094,0.0193565,0.0189443,0.0047628,0.00476282,2.4544E-07,2.45706E-07,0.00384439,0.003833,9.18028E-08,0,4.41956E-05,0,0.21418,0.21418,2.79335,3.29695
B,0,1000,2.8284,1,5,0.214196,0.21325,0.0145808,0.0145325,-0.0145475,-0.0145658,0.0866806,-0.00642343,0.0862881,0.0109831,0.00150944,0.00177557,0.00986067,0.00990872,0.0640094,0.0193566,0.0189443,0.0047628,0.0047628,2.45431E-07,2.45697E-07,0.00384439,0.003833,3.96962E-08,0,2.9062E-05,0,0.214195,0.214196,2.79335,3.29695
A,0,1000,2.8284,1,6,0.213766,0.21333,0.0147045,0.0144072,-0.0144253,-0.0146896,0.0865712,-0.00642123,0.0863955,0.0109832,0.00150944,0.0017756,0.00986075,0.00990877,0.0640821,0.0193202,0.0189087,0.00476253,0.00476359,2.45584E-07,2.45763E-07,0.0038445,0.00383306,0,0,0,0,0.213765,0.213766,2.81073,3.22847
F1,0,1000,2.8284,1,6,0.202132,0.201424,0.0241457,0.00548186,-0.00561028,-0.0240225,0.0863898,-0.00623109,0.0862893,0.0109784,0.00150942,0.00177554,0.0098607,0.00990865,0.0640094,0.0193554,0.0189454,0.00582172,0.00579816,3.03094E-07,3.02251E-07,0.00384645,0.00383299,0.00825394,0,0.013252,0,0.202037,0.202122,2.79272,3.22847
F2,0,1000,2.8284,1,6,0.21418,0.213235,0.0145914,0.0145219,-0.014537,-0.0145762,0.0866803,-0.00642324,0.0862881,0.0109831,0.00150944,0.00177557,0.00986067,0.00990872,0.0640094,0.0193565,0.0189443,0.0047628,0.00476282,2.4544E-07,2.45706E-07,0.00384439,0.003833,9.18021E-08,0,4.41955E-05,0,0.21418,0.21418,2.79335,3.22847
B,0,1000,2.8284,1,6,0.214196,0.21325,0.0145808,0.0145325,-0.0145475,-0.0145658,0.0866806,-0.00642343,0.0862881,0.0109831,0.00150944,0.00177557,0.00986067,0.00990872,0.0640094,0.0193566,0.0189443,0.0047628,0.0047628,2.45431E-07,2.45697E-07,0.00384439,0.003833,3.96959E-08,0,2.90619E-05,0,0.214195,0.214196,2.79335,3.22847
A,0,1000,3.818,1,0,0.213589,0.213172,0.014756,0.0143546,-0.0143786,-0.0147353,0.0865485,-0.00641373,0.0864046,0.010983,0.00150942,0.0017756,0.00986072,0.00990864,0.0640875,0.0193161,0.0189067,0.0047626,0.00476361,2.45862E-07,2.4603E-07,0.00384449,0.00383301,0,0,0,0,0.213588,0.213589,3.80003,3.22476
F1,0,1000,3.818,1,0,0.213839,0.212931,0.0147536,0.0143575,-0.0143809,-0.0147324,0.0866543,-0.00641368,0.086297,0.0109829,0.00150941,0.00177556,0.00986064,0.00990859,0.0640147,0.0193524,0.0189423,0.00476274,0.0047634,2.45797E-07,2.46085E-07,0.00384436,0.00383295,3.53628E-06,0,0.000274299,0,0.213837,0.213839,3.78233,3.22476
F2,0,1000,3.818,1,0,0.214136,0.213208,0.014603,0.0145092,-0.0145296,-0.0145826,0.0866604,-0.00641648,0.0862971,0.0109829,0.00150941,0.00177556,0.00986064,0.00990859,0.0640147,0.0193524,0.0189423,0.00476266,0.00476268,2.45634E-07,2.45892E-07,0.00384437,0.00383295,1.67265E-07,0,5.96559E-05,0,0.214135,0.214136,3.78235,3.22476
B,0,1000,3.818,1,0,0.214164,0.213235,0.0145887,0.0145236,-0.0145438,-0.0145685,0.086661,-0.00641673,0.0862971,0.0109829,0.00150941,0.00177556,0.00986064,0.00990859,0.0640147,0.0193525,0.0189423,0.00476266,0.00476266,2.45619E-07,2.45876E-07,0.00384437,0.00383295,7.23267E-08,0,3.92284E-05,0,0.214163,0.214164,3.78235,3.22476
A,0,1000,3.818,1,1,0.213589,0.213171,0.014756,0.0143546,-0.0143786,-0.0147353,0.0865486,-0.00641373,0.0864045,0.010983,0.00150942,0.0017756,0.00986071,0.00990865,0.0640874,0.0193161,0.0189067,0.0047626,0.00476361,2.45862E-07,2.46031E-07,0.00384448,0.00383301,0,0,0,0,0.213589,0.213589,3.80001,3.97988
F1,0,1000,3.818,1,1,0.269896,0.268875,0.0651186,-4.48368E-07,4.35983E-07,-0.0651235,0.0851801,-0.00571005,0.0862938,0.0107898,0.00150935,0.00177513,0.0098607,0.00990837,0.0640145,0.0193491,0.0189457,0.0248343,0.024849,1.29871E-06,1.30131E-06,0.00386857,0.00383288,0.101896,0,0.0465617,0,0.269444,0.269666,3.78097,3.97988
F2,0,1000,3.818,1,1,0.269896,0.268875,0.0651186,-4.48368E-07,4.35983E-07,-0.0651235,0.0851801,-0.00571005,0.0862938,0.0107898,0.00150935,0.00177513,0.0098607,0.00990837,0.0640145,0.0193491,0.0189457,0.0248343,0.024849,1.29871E-06,1.30131E-06,0.00386857,0.00383288,0.101896,0,0.0465617,0,0.269444,0.269666,3.78097,3.97988
B,0,1000,3.818,1,1,0.269896,0.268875,0.0651186,-4.48368E-07,4.35983E-07,-0.0651235,0.0851801,-0.00571005,0.0862938,0.0107898,0.00150935,0.00177513,0.0098607,0.00990837,0.0640145,0.0193491,0.0189457,0.0248343,0.024849,1.29871E-06,1.30131E-06,0.00386857,0.00383288,0.101895,0,0.0465617,0,0.269444,0.269666,3.78097,3.97988
A,0,1000,3.818,1,2,0.213589,0.213172,0.014756,0.0143546,-0.0143786,-0.0147353,0.0865485,-0.00641373,0.0864046,0.010983,0.00150942,0.0017756,0.00986072,0.00990864,0.0640875,0.0193161,0.0189067,0.0047626,0.00476361,2.45862E-07,2.4603E-07,0.00384449,0.00383301,0,0,0,0,0.213588,0.213589,3.80003,3.47642
F1,0,1000,3.818,1,2,0.270006,0.268773,0.0651248,-2.8434E-07,3.24096E-07,-0.0651295,0.0851812,-0.00571011,0.0862953,0.01079,0.00150935,0.00177516,0.00986068,0.00990835,0.0640146,0.0193491,0.0189456,0.0248376,0.0248395,1.29885E-06,1.30081E-06,0.00386876,0.00383288,0.101884,0,0.0465591,0,0.269464,0.26988,3.78114,3.47642
F2,0,1000,3.818,1,2,0.214136,0.213208,0.014603,0.0145092,-0.0145296,-0.0145826,0.0866604,-0.00641648,0.0862971,0.0109829,0.00150941,0.00177556,0.00986064,0.00990859,0.0640147,0.0193524,0.0189423,0.00476266,0.00476268,2.45634E-07,2.45892E-07,0.00384437,0.00383295,1.67265E-07,0,5.9656E-05,0,0.214135,0.214136,3.78235,3.47642
B,0,1000,3.818,1,2,0.214164,0.213235,0.0145887,0.0145236,-0.0145438,-0.0145685,0.086661,-0.00641673,0.0862971,0.0109829,0.00150941,0.00177556,0.00986064,0.00990859,0.0640147,0.0193525,0.0189423,0.00476266,0.00476266,2.45619E-07,2.45876E-07,0.00384437,0.00383295,7.23267E-08,0,3.92284E-05,0,0.214163,0.214164,3.78235,3.47642
A,0,1000,3.818,1,3,0.213589,0.213172,0.014756,0.0143546,-0.0143786,-0.0147353,0.0865485,-0.00641373,0.0864046,0.010983,0.00150942,0.0017756,0.00986072,0.00990864,0.0640875,0.0193161,0.0189067,0.0047626,0.00476361,2.45862E-07,2.4603E-07,0.00384449,0.00383301,0,0,0,0,0.213588,0.213589,3.80003,3.47642
F1,0,1000,3.818,1,3,0.213839,0.212931,0.0147536,0.0143575,-0.0143809,-0.0147324,0.0866543,-0.00641368,0.086297,0.0109829,0.00150941,0.00177556,0.00986064,0.00990859,0.0640147,0.0193524,0.0189423,0.00476274,0.0047634,2.45797E-07,2.46085E-07,0.00384436,0.00383295,3.53628E-06,0,0.000274299,0,0.213837,0.213839,3.78233,3.47642
F2,0,1000,3.818,1,3,0.270006,0.268773,0.0651248,-2.84339E-07,3.24097E-07,-0.0651295,0.0851812,-0.00571011,0.0862953,0.01079,0.00150935,0.00177516,0.00986068,0.00990835,0.0640146,0.0193491,0.0189456,0.0248376,0.0248395,1.29885E-06,1.30081E-06,0.00386876,0.00383288,0.101884,0,0.0465591,0,0.269464,0.26988,3.78114,3.47642
B,0,1000,3.818,1,3,0.214164,0.213235,0.0145887,0.0145236,-0.0145438,-0.0145685,0.086661,-0.00641673,0.0862971,0.0109829,0.00150941,0.00177556,0.00986064,0.00990859,0.0640147,0.0193525,0.0189423,0.00476266,0.00476266,2.45619E-07,2.45876E-07,0.00384437,0.00383295,7.23267E-08,0,3.92284E-05,0,0.214163,0.214164,3.78235,3.47642
A,0,1000,3.818,1,4,0.213589,0.213172,0.014756,0.0143546,-0.0143786,-0.0147353,0.0865485,-0.00641373,0.0864046,0.010983,0.00150942,0.0017756,0.00986072,0.00990864,0.0640875,0.0193161,0.0189067,0.0047626,0.00476361,2.45862E-07,2.4603E-07,0.00384449,0.00383301,0,0,0,0,0.213588,0.213589,3.80003,3.47642
F1,0,1000,3.818,1,4,0.213839,0.212931,0.0147536,0.0143575,-0.0143809,-0.0147324,0.0866543,-0.00641368,0.086297,0.0109829,0.00150941,0.00177556,0.00986064,0.00990859,0.0640147,0.0193524,0.0189423,0.00476274,0.0047634,2.45797E-07,2.46085E-07,0.00384436,0.00383295,3.53629E-06,0,0.0002743,0,0.213837,0.213839,3.78233,3.47642
F2,0,1000,3.818,1,4,0.214136,0.213208,0.014603,0.0145092,-0.0145296,-0.0145826,0.0866604,-0.00641648,0.0862971,0.0109829,0.00150941,0.00177556,0.00986064,0.00990859,0.0640147,0.0193524,0.0189423,0.00476266,0.00476268,2.45634E-07,2.45892E-07,0.00384437,0.00383295,1.67265E-07,0,5.9656E-05,0,0.214135,0.214136,3.78235,3.47642
B,0,1000,3.818,1,4,0.270006,0.268773,0.0651248,-2.84342E-07,3.24094E-07,-0.0651295,0.0851812,-0.00571011,0.0862953,0.01079,0.00150935,0.00177516,0.00986068,0.00990835,0.0640146,0.0193491,0.0189456,0.0248376,0.0248395,1.29885E-06,1.30081E-06,0.00386876,0.00383288,0.101884,0,0.0465591,0,0.269464,0.26988,3.78114,3.47642
A,0,1000,3.818,1,5,0.213589,0.213172,0.014756,0.0143546,-0.0143786,-0.0147353,0.0865485,-0.00641373,0.0864046,0.010983,0.00150942,0.0017756,0.00986072,0.00990864,0.0640875,0.0193161,0.0189067,0.0047626,0.00476361,2.45862E-07,2.4603E-07,0.00384449,0.00383301,0,0,0,0,0.213588,0.213589,3.80003,3.4081
F1,0,1000,3.818,1,5,0.244918,0.243797,0.0569077,-2.13322E-07,2.34927E-07,-0.0569117,0.0853741,-0.00580233,0.086295,0.0108421,0.00150935,0.00177527,0.00986071,0.00990835,0.0640146,0.0193491,0.0189457,0.01936,0.019353,1.01008E-06,1.01116E-06,0.00386307,0.00383289,0.0778055,0,0.040687,0,0.244536,0.244829,3.78108,3.4081
F2,0,1000,3.818,1,5,0.214136,0.213208,0.014603,0.0145092,-0.0145296,-0.0145826,0.0866604,-0.00641648,0.0862971,0.0109829,0.00150941,0.00177556,0.00986064,0.00990859,0.0640147,0.0193524,0.0189423,0.00476266,0.00476268,2.45634E-07,2.45892E-07,0.00384437,0.00383295,1.67265E-07,0,5.9656E-05,0,0.214135,0.214136,3.78235,3.4081
B,0,1000,3.818,1,5,0.214164,0.213235,0.0145887,0.0145236,-0.0145438,-0.0145685,0.086661,-0.00641673,0.0862971,0.0109829,0.00150941,0.00177556,0.00986064,0.00990859,0.0640147,0.0193525,0.0189423,0.00476266,0.00476266,2.45619E-07,2.45876E-07,0.00384437,0.00383295,7.23267E-08,0,3.92284E-05,0,0.214163,0.214164,3.78235,3.4081
A,0,1000,3.818,1,6,0.213589,0.213172,0.014756,0.0143546,-0.0143786,-0.0147353,0.0865485,-0.00641373,0.0864046,0.010983,0.00150942,0.0017756,0.00986072,0.00990864,0.0640875,0.0193161,0.0189067,0.0047626,0.00476361,2.45862E-07,2.4603E-07,0.00384449,0.00383301,0,0,0,0,0.213587,0.213589,3.80004,3.23269
F1,0,1000,3.818,1,6,0.192807,0.192251,0.0277416,0.00256458,-0.00272343,-0.0275901,0.0861289,-0.0061556,0.0862994,0.0109736,0.00150939,0.00177552,0.00986069,0.00990846,0.0640147,0.0193504,0.0189443,0.00672027,0.00667806,3.52641E-07,3.50904E-07,0.00384817,0.00383293,0.0150389,0,0.0178879,0,0.192664,0.192796,3.78148,3.23269
F2,0,1000,3.818,1,6,0.214136,0.213208,0.014603,0.0145092,-0.0145296,-0.0145826,0.0866604,-0.00641648,0.0862971,0.0109829,0.00150941,0.00177556,0.00986064,0.00990859,0.0640147,0.0193524,0.0189423,0.00476266,0.00476268,2.45634E-07,2.45892E-07,0.00384437,0.00383295,1.67265E-07,0,5.96559E-05,0,0.214135,0.214136,3.78235,3.23269
B,0,1000,3.818,1,6,0.214164,0.213235,0.0145887,0.0145236,-0.0145438,-0.0145685,0.086661,-0.00641673,0.0862971,0.0109829,0.00150941,0.00177556,0.00986064,0.00990859,0.0640147,0.0193525,0.0189423,0.00476266,0.00476266,2.45619E-07,2.45876E-07,0.00384437,0.00383295,7.23265E-08,0,3.92283E-05,0,0.214163,0.214164,3.78235,3.23269
A,0,20000,0,1,0,0.213981,0.213522,0.0145565,0.0145565,-0.0145581,-0.0145581,0.0865987,-0.00644248,0.0863844,0.0109835,0.00150947,0.00177561,0.00986079,0.00990891,0.0640756,0.0193252,0.0189111,0.00476244,0.00476355,2.45247E-07,2.45439E-07,0.00384452,0.00383312,0,0,0,0,0.213981,0.213981,-0.0165756,3.22485
F1,0,20000,0,1,0,0.214234,0.213267,0.0145573,0.0145573,-0.0145572,-0.0145572,0.0867043,-0.0064424,0.0862771,0.0109834,0.00150946,0.00177557,0.00986072,0.00990885,0.0640029,0.0193615,0.0189467,0.00476297,0.00476297,2.45205E-07,2.45478E-07,0.00384441,0.00383306,2.22708E-21,0,6.88366E-12,0,0.214234,0.214234,-0.0331465,3.22485
F2,0,20000,0,1,0,0.214234,0.213267,0.0145573,0.0145573,-0.0145572,-0.0145572,0.0867043,-0.0064424,0.0862771,0.0109834,0.00150946,0.00177557,0.00986072,0.00990885,0.0640029,0.0193615,0.0189467,0.00476297,0.00476297,2.45205E-07,2.45478E-07,0.00384441,0.00383306,1.28536E-22,0,1.65372E-12,0,0.214234,0.214234,-0.0331465,3.22485
B,0,20000,0,1,0,0.214234,0.213267,0.0145573,0.0145573,-0.0145572,-0.0145572,0.0867043,-0.0064424,0.0862771,0.0109834,0.00150946,0.00177557,0.00986072,0.00990885,0.0640029,0.0193615,0.0189467,0.00476297,0.00476297,2.45205E-07,2.45478E-07,0.00384441,0.00383306,5.65136E-23,0,1.09655E-12,0,0.214234,0.214234,-0.0331465,3.22485
A,0,20000,0,1,1,0.213981,0.213522,0.0145565,0.0145565,-0.0145581,-0.0145581,0.0865987,-0.00644248,0.0863844,0.0109835,0.00150947,0.00177561,0.00986079,0.00990891,0.0640756,0.0193252,0.0189111,0.00476244,0.00476355,2.45247E-07,2.45439E-07,0.00384452,0.00383312,0,0,0,0,0.213981,0.213981,-0.0165756,3.22485
F1,0,20000,0,1,1,0.214234,0.213267,0.0145573,0.0145573,-0.0145572,-0.0145572,0.0867043,-0.0064424,0.0862771,0.0109834,0.00150946,0.00177557,0.00986072,0.00990885,0.0640029,0.0193615,0.0189467,0.00476297,0.00476297,2.45205E-07,2.45478E-07,0.00384441,0.00383306,3.03399E-26,0,2.53946E-14,0,0.214234,0.214234,-0.0331465,3.22485
F2,0,20000,0,1,1,0.214234,0.213267,0.0145573,0.0145573,-0.0145572,-0.0145572,0.0867043,-0.0064424,0.0862771,0.0109834,0.00150946,0.00177557,0.00986072,0.00990885,0.0640029,0.0193615,0.0189467,0.00476297,0.00476297,2.45205E-07,2.45478E-07,0.00384441,0.00383306,3.15358E-26,0,2.59023E-14,0,0.214234,0.214234,-0.0331465,3.22485
B,0,20000,0,1,1,0.214234,0.213267,0.0145573,0.0145573,-0.0145572,-0.0145572,0.0867043,-0.0064424,0.0862771,0.0109834,0.00150946,0.00177557,0.00986072,0.00990885,0.0640029,0.0193615,0.0189467,0.00476297,0.00476297,2.45205E-07,2.45478E-07,0.00384441,0.00383306,2.95304E-26,0,2.50637E-14,0,0.214234,0.214234,-0.0331465,3.22485
A,0,20000,0,1,2,0.213981,0.213522,0.0145565,0.0145565,-0.0145581,-0.0145581,0.0865987,-0.00644248,0.0863844,0.0109835,0.00150947,0.00177561,0.00986079,0.00990891,0.0640756,0.0193252,0.0189111,0.00476244,0.00476355,2.45247E-07,2.45439E-07,0.00384452,0.00383312,0,0,0,0,0.213981,0.213981,-0.0165756,3.22485
F1,0,20000,0,1,2,0.214234,0.213267,0.0145573,0.0145573,-0.0145572,-0.0145572,0.0867043,-0.0064424,0.0862771,0.0109834,0.00150946,0.00177557,0.00986072,0.00990885,0.0640029,0.0193615,0.0189467,0.00476297,0.00476297,2.45205E-07,2.45478E-07,0.00384441,0.00383306,3.10423E-26,0,2.56261E-14,0,0.214234,0.214234,-0.0331465,3.22485
F2,0,20000,0,1,2,0.214234,0.213267,0.0145573,0.0145573,-0.0145572,-0.0145572,0.0867043,-0.0064424,0.0862771,0.0109834,0.00150946,0.00177557,0.00986072,0.00990885,0.0640029,0.0193615,0.0189467,0.00476297,0.00476297,2.45205E-07,2.45478E-07,0.00384441,0.00383306,1.28536E-22,0,1.65372E-12,0,0.214234,0.214234,-0.0331465,3.22485
B,0,20000,0,1,2,0.214234,0.213267,0.0145573,0.0145573,-0.0145572,-0.0145572,0.0867043,-0.0064424,0.0862771,0.0109834,0.00150946,0.00177557,0.00986072,0.00990885,0.0640029,0.0193615,0.0189467,0.00476297,0.00476297,2.45205E-07,2.45478E-07,0.00384441,0.00383306,5.65136E-23,0,1.09655E-12,0,0.214234,0.214234,-0.0331465,3.22485
A,0,20000,0,1,3,0.213981,0.213522,0.0145565,0.0145565,-0.0145581,-0.0145581,0.0865987,-0.00644248,0.0863844,0.0109835,0.00150947,0.00177561,0.00986079,0.00990891,0.0640756,0.0193252,0.0189111,0.00476244,0.00476355,2.45247E-07,2.45439E-07,0.00384452,0.00383312,0,0,0,0,0.213981,0.213981,-0.0165756,3.22485
F1,0,20000,0,1,3,0.214234,0.213267,0.0145573,0.0145573,-0.0145572,-0.0145572,0.0867043,-0.0064424,0.0862771,0.0109834,0.00150946,0.00177557,0.00986072,0.00990885,0.0640029,0.0193615,0.0189467,0.00476297,0.00476297,2.45205E-07,2.45478E-07,0.00384441,0.00383306,2.22709E-21,0,6.88366E-12,0,0.214234,0.214234,-0.0331465,3.22485
F2,0,20000,0,1,3,0.214234,0.213267,0.0145573,0.0145573,-0.0145572,-0.0145572,0.0867043,-0.0064424,0.0862771,0.0109834,0.00150946,0.00177557,0.00986072,0.00990885,0.0640029,0.0193615,0.0189467,0.00476297,0.00476297,2.45205E-07,2.45478E-07,0.00384441,0.00383306,3.03514E-26,0,2.54051E-14,0,0.214234,0.214234,-0.0331465,3.22485
B,0,20000,0,1,3,0.214234,0.213267,0.0145573,0.0145573,-0.0145572,-0.0145572,0.0867043,-0.0064424,0.0862771,0.0109834,0.00150946,0.00177557,0.00986072,0.00990885,0.0640029,0.0193615,0.0189467,0.00476297,0.00476297,2.45205E-07,2.45478E-07,0.00384441,0.00383306,5.65137E-23,0,1.09655E-12,0,0.214234,0.214234,-0.0331465,3.22485
A,0,20000,0,1,4,0.213981,0.213522,0.0145565,0.0145565,-0.0145581,-0.0145581,0.0865987,-0.00644248,0.0863844,0.0109835,0.00150947,0.00177561,0.00986079,0.00990891,0.0640756,0.0193252,0.0189111,0.00476244,0.00476355,2.45247E-07,2.45439E-07,0.00384452,0.00383312,0,0,0,0,0.213981,0.213981,-0.0165756,3.22485
F1,0,20000,0,1,4,0.214234,0.213267,0.0145573,0.0145573,-0.0145572,-0.0145572,0.0867043,-0.0064424,0.0862771,0.0109834,0.00150946,0.00177557,0.00986072,0.00990885,0.0640029,0.0193615,0.0189467,0.00476297,0.00476297,2.45205E-07,2.45478E-07,0.00384441,0.00383306,2.22708E-21,0,6.88366E-12,0,0.214234,0.214234,-0.0331465,3.22485
F2,0,20000,0,1,4,0.214234,0.213267,0.0145573,0.0145573,-0.0145572,-0.0145572,0.0867043,-0.0064424,0.0862771,0.0109834,0.00150946,0.00177557,0.00986072,0.00990885,0.0640029,0.0193615,0.0189467,0.00476297,0.00476297,2.45205E-07,2.45478E-07,0.00384441,0.00383306,1.28536E-22,0,1.65372E-12,0,0.214234,0.214234,-0.0331465,3.22485
B,0,20000,0,1,4,0.214234,0.213267,0.0145573,0.0145573,-0.0145572,-0.0145572,0.0867043,-0.0064424,0.0862771,0.0109834,0.00150946,0.00177557,0.00986072,0.00990885,0.0640029,0.0193615,0.0189467,0.00476297,0.00476297,2.45205E-07,2.45478E-07,0.00384441,0.00383306,3.00709E-26,0,2.53758E-14,0,0.214234,0.214234,-0.0331465,3.22485
A,0,20000,0,1,5,0.213981,0.213522,0.0145565,0.0145565,-0.0145581,-0.0145581,0.0865987,-0.00644248,0.0863844,0.0109835,0.00150947,0.00177561,0.00986079,0.00990891,0.0640756,0.0193252,0.0189111,0.00476244,0.00476355,2.45247E-07,2.45439E-07,0.00384452,0.00383312,0,0,0,0,0.213981,0.213981,-0.0165756,3.22485
F1,0,20000,0,1,5,0.214234,0.213267,0.0145573,0.0145573,-0.0145572,-0.0145572,0.0867043,-0.0064424,0.0862771,0.0109834,0.00150946,0.00177557,0.00986072,0.00990885,0.0640029,0.0193615,0.0189467,0.00476297,0.00476297,2.45205E-07,2.45478E-07,0.00384441,0.00383306,2.08277E-26,0,2.10634E-14,0,0.214234,0.214234,-0.0331465,3.22485
F2,0,20000,0,1,5,0.214234,0.213267,0.0145573,0.0145573,-0.0145572,-0.0145572,0.0867043,-0.0064424,0.0862771,0.0109834,0.00150946,0.00177557,0.00986072,0.00990885,0.0640029,0.0193615,0.0189467,0.00476297,0.00476297,2.45205E-07,2.45478E-07,0.00384441,0.00383306,1.28536E-22,0,1.65372E-12,0,0.214234,0.214234,-0.0331465,3.22485
B,0,20000,0,1,5,0.214234,0.213267,0.0145573,0.0145573,-0.0145572,-0.0145572,0.0867043,-0.0064424,0.0862771,0.0109834,0.00150946,0.00177557,0.00986072,0.00990885,0.0640029,0.0193615,0.0189467,0.00476297,0.00476297,2.45205E-07,2.45478E-07,0.00384441,0.00383306,5.65136E-23,0,1.09655E-12,0,0.214234,0.214234,-0.0331465,3.22485
A,0,20000,0,1,6,0.213981,0.213522,0.0145565,0.0145565,-0.0145581,-0.0145581,0.0865987,-0.00644248,0.0863844,0.0109835,0.00150947,0.00177561,0.00986079,0.00990891,0.0640756,0.0193252,0.0189111,0.00476244,0.00476355,2.45247E-07,2.45439E-07,0.00384452,0.00383312,0,0,0,0,0.213981,0.213981,-0.0165756,3.22485
F1,0,20000,0,1,6,0.214234,0.213267,0.0145573,0.0145573,-0.0145572,-0.0145572,0.0867043,-0.0064424,0.0862771,0.0109834,0.00150946,0.00177557,0.00986072,0.00990885,0.0640029,0.0193615,0.0189467,0.00476297,0.00476297,2.45205E-07,2.45478E-07,0.00384441,0.00383306,1.04266E-23,0,4.70997E-13,0,0.214234,0.214234,-0.0331465,3.22485
F2,0,20000,0,1,6,0.214234,0.213267,0.0145573,0.0145573,-0.0145572,-0.0145572,0.0867043,-0.0064424,0.0862771,0.0109834,0.00150946,0.00177557,0.00986072,0.00990885,0.0640029,0.0193615,0.0189467,0.00476297,0.00476297,2.45205E-07,2.45478E-07,0.00384441,0.00383306,1.28536E-22,0,1.65372E-12,0,0.214234,0.214234,-0.0331465,3.22485
B,0,20000,0,1,6,0.214234,0.213267,0.0145573,0.0145573,-0.0145572,-0.0145572,0.0867043,-0.0064424,0.0862771,0.0109834,0.00150946,0.00177557,0.00986072,0.00990885,0.0640029,0.0193615,0.0189467,0.00476297,0.00476297,2.45205E-07,2.45478E-07,0.00384441,0.00383306,5.65136E-23,0,1.09655E-12,0,0.214234,0.214234,-0.0331465,3.22485
A,0,20000,0.4243,1,0,0.213976,0.213517,0.0145788,0.0145342,-0.0145381,-0.0145781,0.0865981,-0.00641404,0.0863847,0.0109835,0.00150947,0.00177557,0.00986077,0.00990889,0.0640757,0.0193251,0.0189111,0.00476245,0.00476355,2.45264E-07,2.45461E-07,0.00384455,0.00383311,0,0,0,0,0.213976,0.213976,0.407527,3.22485
F1,0,20000,0.4243,1,0,0.214229,0.213263,0.0145793,0.0145353,-0.0145375,-0.0145769,0.0867037,-0.00641398,0.0862773,0.0109834,0.00150946,0.00177554,0.00986069,0.00990884,0.0640031,0.0193614,0.0189466,0.00476297,0.00476297,2.45222E-07,2.455E-07,0.00384444,0.00383306,4.36644E-08,0,3.048E-05,0,0.214229,0.214229,0.390627,3.22485
F2,0,20000,0.4243,1,0,0.214233,0.213267,0.0145625,0.0145521,-0.0145534,-0.0145611,0.0867038,-0.00641407,0.0862773,0.0109834,0.00150946,0.00177554,0.0098607,0.00990884,0.0640031,0.0193614,0.0189466,0.00476297,0.00476297,2.45219E-07,2.45498E-07,0.00384444,0.00383306,2.06524E-09,0,6.62883E-06,0,0.214233,0.214233,0.390628,3.22485
B,0,20000,0.4243,1,0,0.214233,0.213267,0.0145609,0.0145537,-0.0145544,-0.01456,0.0867038,-0.00641407,0.0862773,0.0109834,0.00150946,0.00177554,0.0098607,0.00990884,0.0640031,0.0193614,0.0189466,0.00476297,0.00476297,2.45219E-07,2.45498E-07,0.00384444,0.00383306,8.93025E-10,0,4.35896E-06,0,0.214233,0.214233,0.390629,3.22485
A,0,20000,0.4243,1,1,0.213976,0.213517,0.0145788,0.0145342,-0.0145382,-0.0145781,0.0865981,-0.00641401,0.0863847,0.0109835,0.00150947,0.00177557,0.00986077,0.00990889,0.0640757,0.0193251,0.0189111,0.00476245,0.00476355,2.45264E-07,2.45461E-07,0.00384455,0.00383311,0,0,0,0,0.213976,0.213976,0.407334,3.22714
F1,0,20000,0.4243,1,1,0.213427,0.212478,0.0190906,0.0101269,-0.0101843,-0.0190331,0.0866786,-0.00633728,0.0862774,0.0109827,0.00150946,0.0017755,0.00986067,0.00990883,0.0640031,0.0193613,0.0189467,0.00500584,0.0050001,2.57396E-07,2.57469E-07,0.00384491,0.00383306,0.00190806,0,0.00637158,0,0.213426,0.213426,0.390639,3.22714
F2,0,20000,0.4243,1,1,0.213427,0.212478,0.0190906,0.0101269,-0.0101843,-0.0190331,0.0866786,-0.00633728,0.0862774,0.0109827,0.00150946,0.0017755,0.00986067,0.00990883,0.0640031,0.0193613,0.0189467,0.00500584,0.0050001,2.57396E-07,2.57469E-07,0.00384491,0.00383306,0.00190806,0,0.00637158,0,0.213426,0.213426,0.390639,3.22714
B,0,20000,0.4243,1,1,0.213427,0.212478,0.0190906,0.0101269,-0.0101843,-0.0190331,0.0866786,-0.00633728,0.0862774,0.0109827,0.00150946,0.0017755,0.00986067,0.00990883,0.0640031,0.0193613,0.0189467,0.00500584,0.0050001,2.57396E-07,2.57469E-07,0.00384491,0.00383306,0.00190805,0,0.00637158,0,0.213426,0.213426,0.390639,3.22714
A,0,20000,0.4243,1,2,0.213976,0.213517,0.0145788,0.0145342,-0.0145381,-0.0145781,0.0865981,-0.00641404,0.0863847,0.0109835,0.00150947,0.00177557,0.00986077,0.00990889,0.0640757,0.0193251,0.0189111,0.00476245,0.00476355,2.45264E-07,2.45461E-07,0.00384455,0.00383311,0,0,0,0,0.213976,0.213976,0.407514,3.22561
F1,0,20000,0.4243,1,2,0.213427,0.212477,0.0190958,0.010122,-0.01018,-0.0190377,0.0866787,-0.00633733,0.0862774,0.0109827,0.00150946,0.0017755,0.00986068,0.00990882,0.0640031,0.0193613,0.0189467,0.00500584,0.00500005,2.57398E-07,2.57464E-07,0.00384492,0.00383306,0.00190784,0,0.00637122,0,0.213427,0.213427,0.390247,3.22561
F2,0,20000,0.4243,1,2,0.214233,0.213267,0.0145625,0.0145521,-0.0145534,-0.0145611,0.0867038,-0.00641407,0.0862773,0.0109834,0.00150946,0.00177554,0.0098607,0.00990884,0.0640031,0.0193614,0.0189466,0.00476297,0.00476297,2.45219E-07,2.45498E-07,0.00384444,0.00383306,2.06524E-09,0,6.62882E-06,0,0.214233,0.214233,0.390605,3.22561
B,0,20000,0.4243,1,2,0.214233,0.213267,0.0145609,0.0145537,-0.0145544,-0.01456,0.0867038,-0.00641407,0.0862773,0.0109834,0.00150946,0.00177554,0.0098607,0.00990884,0.0640031,0.0193614,0.0189466,0.00476297,0.00476297,2.45219E-07,2.45498E-07,0.00384444,0.00383306,8.93023E-10,0,4.35896E-06,0,0.214233,0.214233,0.390605,3.22561
A,0,20000,0.4243,1,3,0.213976,0.213517,0.0145788,0.0145342,-0.0145381,-0.0145781,0.0865981,-0.00641404,0.0863847,0.0109835,0.00150947,0.00177557,0.00986077,0.00990889,0.0640757,0.0193251,0.0189111,0.00476245,0.00476355,2.45264E-07,2.45461E-07,0.00384455,0.00383311,0,0,0,0,0.213976,0.213976,0.407514,3.22561
F1,0,20000,0.4243,1,3,0.214229,0.213263,0.0145793,0.0145353,-0.0145375,-0.0145769,0.0867037,-0.00641398,0.0862773,0.0109834,0.00150946,0.00177554,0.0098607,0.00990884,0.0640031,0.0193614,0.0189466,0.00476297,0.00476297,2.45222E-07,2.455E-07,0.00384444,0.00383306,4.36643E-08,0,3.048E-05,0,0.214229,0.214229,0.390603,3.22561
F2,0,20000,0.4243,1,3,0.213427,0.212477,0.0190958,0.010122,-0.01018,-0.0190377,0.0866787,-0.00633733,0.0862774,0.0109827,0.00150946,0.0017755,0.00986068,0.00990882,0.0640031,0.0193613,0.0189467,0.00500584,0.00500005,2.57398E-07,2.57464E-07,0.00384492,0.00383306,0.00190784,0,0.00637122,0,0.213427,0.213427,0.390247,3.22561
B,0,20000,0.4243,1,3,0.214233,0.213267,0.0145609,0.0145537,-0.0145544,-0.01456,0.0867038,-0.00641407,0.0862773,0.0109834,0.00150946,0.00177554,0.0098607,0.00990884,0.0640031,0.0193614,0.0189466,0.00476297,0.00476297,2.45219E-07,2.45498E-07,0.00384444,0.00383306,8.93023E-10,0,4.35896E-06,0,0.214233,0.214233,0.390605,3.22561
A,0,20000,0.4243,1,4,0.213976,0.213517,0.0145788,0.0145342,-0.0145381,-0.0145781,0.0865981,-0.00641404,0.0863847,0.0109835,0.00150947,0.00177557,0.00986077,0.00990889,0.0640757,0.0193251,0.0189111,0.00476245,0.00476355,2.45264E-07,2.45461E-07,0.00384455,0.00383311,0,0,0,0,0.213976,0.213976,0.407515,3.22561
F1,0,20000,0.4243,1,4,0.214229,0.213263,0.0145793,0.0145353,-0.0145375,-0.0145769,0.0867037,-0.00641398,0.0862773,0.0109834,0.00150946,0.00177554,0.0098607,0.00990884,0.0640031,0.0193614,0.0189466,0.00476297,0.00476297,2.45222E-07,2.455E-07,0.00384444,0.00383306,4.36643E-08,0,3.048E-05,0,0.214229,0.214229,0.390603,3.22561
F2,0,20000,0.4243,1,4,0.214233,0.213267,0.0145625,0.0145521,-0.0145534,-0.0145611,0.0867038,-0.00641407,0.0862773,0.0109834,0.00150946,0.00177554,0.0098607,0.00990884,0.0640031,0.0193614,0.0189466,0.00476297,0.00476297,2.45219E-07,2.45498E-07,0.00384444,0.00383306,2.06524E-09,0,6.62882E-06,0,0.214233,0.214233,0.390605,3.22561
B,0,20000,0.4243,1,4,0.213427,0.212477,0.0190958,0.010122,-0.01018,-0.0190377,0.0866787,-0.00633733,0.0862774,0.0109827,0.00150946,0.0017755,0.00986068,0.00990882,0.0640031,0.0193613,0.0189467,0.00500584,0.00500005,2.57398E-07,2.57464E-07,0.00384492,0.00383306,0.00190784,0,0.00637122,0,0.213427,0.213427,0.390247,3.22561
A,0,20000,0.4243,1,5,0.213976,0.213517,0.0145788,0.0145342,-0.0145381,-0.0145781,0.0865981,-0.00641405,0.0863847,0.0109835,0.00150947,0.00177557,0.00986077,0.00990889,0.0640757,0.0193251,0.0189111,0.00476245,0.00476355,2.45264E-07,2.45461E-07,0.00384455,0.00383311,0,0,0,0,0.213976,0.213976,0.40751,3.22537
F1,0,20000,0.4243,1,5,0.213544,0.212591,0.0182933,0.0108904,-0.0109387,-0.0182449,0.0866838,-0.00635325,0.0862774,0.0109829,0.00150946,0.00177551,0.00986068,0.00990882,0.0640031,0.0193613,0.0189467,0.00492815,0.00492417,2.53584E-07,2.53719E-07,0.00384478,0.00383306,0.00129844,0,0.00525609,0,0.213544,0.213544,0.390291,3.22537
F2,0,20000,0.4243,1,5,0.214233,0.213267,0.0145625,0.0145521,-0.0145534,-0.0145611,0.0867038,-0.00641407,0.0862773,0.0109834,0.00150946,0.00177554,0.0098607,0.00990884,0.0640031,0.0193614,0.0189466,0.00476297,0.00476297,2.45219E-07,2.45498E-07,0.00384444,0.00383306,2.06523E-09,0,6.62882E-06,0,0.214233,0.214233,0.390597,3.22537
B,0,20000,0.4243,1,5,0.214233,0.213267,0.0145609,0.0145537,-0.0145544,-0.01456,0.0867038,-0.00641407,0.0862773,0.0109834,0.00150946,0.00177554,0.0098607,0.00990884,0.0640031,0.0193614,0.0189466,0.00476297,0.00476297,2.45219E-07,2.45498E-07,0.00384444,0.00383306,8.93022E-10,0,4.35896E-06,0,0.214233,0.214233,0.390598,3.22537
A,0,20000,0.4243,1,6,0.213976,0.213517,0.0145788,0.0145342,-0.0145381,-0.0145781,0.0865981,-0.00641405,0.0863847,0.0109835,0.00150947,0.00177557,0.00986077,0.00990889,0.0640757,0.0193251,0.0189111,0.00476245,0.00476355,2.45264E-07,2.45461E-07,0.00384455,0.00383311,0,0,0,0,0.213976,0.213976,0.407511,3.22493
F1,0,20000,0.4243,1,6,0.213942,0.212981,0.0159986,0.0131259,-0.0131462,-0.0159783,0.0866969,-0.00639625,0.0862774,0.0109832,0.00150946,0.00177553,0.00986069,0.00990883,0.0640031,0.0193613,0.0189466,0.00478781,0.00478718,2.4659E-07,2.46849E-07,0.0038445,0.00383306,0.000195539,0,0.00203971,0,0.213942,0.213942,0.390467,3.22493
F2,0,20000,0.4243,1,6,0.214233,0.213267,0.0145625,0.0145521,-0.0145534,-0.0145611,0.0867038,-0.00641407,0.0862773,0.0109834,0.00150946,0.00177554,0.0098607,0.00990884,0.0640031,0.0193614,0.0189466,0.00476297,0.00476297,2.45219E-07,2.45498E-07,0.00384444,0.00383306,2.06523E-09,0,6.62882E-06,0,0.214233,0.214233,0.390598,3.22493
B,0,20000,0.4243,1,6,0.214233,0.213267,0.0145609,0.0145537,-0.0145544,-0.01456,0.0867038,-0.00641407,0.0862773,0.0109834,0.00150946,0.00177554,0.0098607,0.00990884,0.0640031,0.0193614,0.0189466,0.00476297,0.00476297,2.45219E-07,2.45498E-07,0.00384444,0.00383306,8.93022E-10,0,4.35896E-06,0,0.214233,0.214233,0.390598,3.22493
A,0,20000,1.4142,1,0,0.213927,0.213474,0.0146306,0.014482,-0.0144914,-0.0146246,0.0865917,-0.00634767,0.0863871,0.0109834,0.00150948,0.00177521,0.0098606,0.00990866,0.0640773,0.0193238,0.0189103,0.00476246,0.00476356,2.45442E-07,2.45679E-07,0.00384492,0.0038331,0,0,0,0,0.213927,0.213927,1.39698,3.22484
F1,0,20000,1.4142,1,0,0.214181,0.21322,0.0146304,0.0144838,-0.0144915,-0.0146227,0.0866974,-0.00634765,0.0862798,0.0109833,0.00150947,0.00177518,0.00986052,0.00990861,0.0640046,0.0193601,0.0189459,0.00476298,0.00476298,2.45399E-07,2.45718E-07,0.00384481,0.00383304,4.85069E-07,0,0.000101591,0,0.21418,0.214181,1.37932,3.22484
F2,0,20000,1.4142,1,0,0.214221,0.213259,0.0145745,0.0145397,-0.0145446,-0.0145701,0.0866982,-0.00634793,0.0862798,0.0109833,0.00150947,0.00177518,0.00986052,0.00990861,0.0640046,0.0193601,0.0189459,0.00476293,0.00476293,2.45372E-07,2.45691E-07,0.0038448,0.00383304,2.29428E-08,0,2.2094E-05,0,0.21422,0.214221,1.37933,3.22484
B,0,20000,1.4142,1,0,0.214224,0.213263,0.0145692,0.0145451,-0.0145481,-0.0145667,0.0866983,-0.00634796,0.0862798,0.0109833,0.00150947,0.00177518,0.00986052,0.00990861,0.0640046,0.0193601,0.0189459,0.00476293,0.00476293,2.4537E-07,2.45688E-07,0.0038448,0.00383304,9.92064E-09,0,1.45285E-05,0,0.214224,0.214224,1.37933,3.22484
A,0,20000,1.4142,1,1,0.213927,0.213474,0.0146306,0.0144821,-0.0144915,-0.0146246,0.0865917,-0.00634755,0.0863871,0.0109834,0.00150948,0.00177521,0.00986058,0.00990868,0.0640772,0.0193238,0.0189104,0.00476246,0.00476356,2.4544E-07,2.45681E-07,0.0038449,0.0038331,0,0,0,0,0.213927,0.213927,1.39625,3.26704
F1,0,20000,1.4142,1,1,0.207971,0.207137,0.0306338,0.000825182,-0.000952022,-0.0305075,0.0864161,-0.00608431,0.0862799,0.0109726,0.00150947,0.00177478,0.00986033,0.00990845,0.0640046,0.0193592,0.0189467,0.00758526,0.00753271,3.88155E-07,3.86662E-07,0.00385019,0.00383303,0.0211964,0,0.0212365,0,0.207966,0.207966,1.37937,3.26704
F2,0,20000,1.4142,1,1,0.207971,0.207137,0.0306338,0.000825182,-0.000952022,-0.0305075,0.0864161,-0.00608431,0.0862799,0.0109726,0.00150947,0.00177478,0.00986033,0.00990845,0.0640046,0.0193592,0.0189467,0.00758526,0.00753271,3.88155E-07,3.86662E-07,0.00385019,0.00383303,0.0211964,0,0.0212365,0,0.207966,0.207966,1.37937,3.26704
B,0,20000,1.4142,1,1,0.207971,0.207137,0.0306338,0.000825183,-0.000952023,-0.0305075,0.0864161,-0.00608431,0.0862799,0.0109726,0.00150947,0.00177478,0.00986033,0.00990845,0.0640046,0.0193592,0.0189467,0.00758525,0.00753271,3.88155E-07,3.86662E-07,0.00385019,0.00383303,0.0211964,0,0.0212365,0,0.207966,0.207966,1.37937,3.26704
A,0,20000,1.4142,1,2,0.213927,0.213474,0.0146306,0.014482,-0.0144914,-0.0146246,0.0865917,-0.00634767,0.0863871,0.0109834,0.00150948,0.00177521,0.0098606,0.00990866,0.0640773,0.0193238,0.0189103,0.00476246,0.00476356,2.45442E-07,2.45679E-07,0.00384492,0.0038331,0,0,0,0,0.213927,0.213927,1.397,3.23891
F1,0,20000,1.4142,1,2,0.207974,0.207135,0.0306553,0.000815804,-0.000943215,-0.0305284,0.0864163,-0.00608409,0.08628,0.0109726,0.00150946,0.00177478,0.00986035,0.00990842,0.0640047,0.0193593,0.0189466,0.00758509,0.00753237,3.88154E-07,3.86639E-07,0.00385021,0.00383303,0.0211941,0,0.0212353,0,0.207972,0.207972,1.37813,3.23891
F2,0,20000,1.4142,1,2,0.214221,0.213259,0.0145745,0.0145397,-0.0145446,-0.0145701,0.0866982,-0.00634793,0.0862798,0.0109833,0.00150947,0.00177518,0.00986052,0.00990861,0.0640046,0.0193601,0.0189459,0.00476293,0.00476293,2.45372E-07,2.45691E-07,0.0038448,0.00383304,2.29429E-08,0,2.2094E-05,0,0.21422,0.214221,1.37937,3.23891
B,0,20000,1.4142,1,2,0.214224,0.213263,0.0145692,0.0145451,-0.0145481,-0.0145666,0.0866983,-0.00634795,0.0862798,0.0109833,0.00150947,0.00177518,0.00986052,0.00990861,0.0640046,0.0193601,0.0189459,0.00476293,0.00476293,2.4537E-07,2.45688E-07,0.0038448,0.00383304,9.92066E-09,0,1.45285E-05,0,0.214224,0.214224,1.37937,3.23891
A,0,20000,1.4142,1,3,0.213927,0.213474,0.0146306,0.014482,-0.0144914,-0.0146246,0.0865917,-0.00634767,0.0863871,0.0109834,0.00150948,0.00177521,0.0098606,0.00990866,0.0640773,0.0193238,0.0189103,0.00476246,0.00476356,2.45442E-07,2.45679E-07,0.00384492,0.0038331,0,0,0,0,0.213927,0.213927,1.397,3.23891
F1,0,20000,1.4142,1,3,0.214181,0.21322,0.0146304,0.0144838,-0.0144915,-0.0146227,0.0866974,-0.00634766,0.0862798,0.0109833,0.00150947,0.00177518,0.00986052,0.00990861,0.0640046,0.0193601,0.0189459,0.00476298,0.00476298,2.45399E-07,2.45718E-07,0.00384481,0.00383304,4.8507E-07,0,0.000101591,0,0.21418,0.214181,1.37936,3.23891
F2,0,20000,1.4142,1,3,0.207974,0.207135,0.0306553,0.000815806,-0.000943217,-0.0305284,0.0864163,-0.00608409,0.08628,0.0109726,0.00150946,0.00177478,0.00986035,0.00990842,0.0640047,0.0193593,0.0189466,0.00758509,0.00753237,3.88154E-07,3.86639E-07,0.00385021,0.00383303,0.0211941,0,0.0212353,0,0.207972,0.207972,1.37813,3.23891
B,0,20000,1.4142,1,3,0.214224,0.213263,0.0145692,0.0145451,-0.0145481,-0.0145666,0.0866983,-0.00634795,0.0862798,0.0109833,0.00150947,0.00177518,0.00986052,0.00990861,0.0640046,0.0193601,0.0189459,0.00476293,0.00476293,2.4537E-07,2.45688E-07,0.0038448,0.00383304,9.92066E-09,0,1.45285E-05,0,0.214224,0.214224,1.37937,3.23891
A,0,20000,1.4142,1,4,0.213927,0.213474,0.0146306,0.014482,-0.0144914,-0.0146246,0.0865917,-0.00634767,0.0863871,0.0109834,0.00150948,0.00177521,0.0098606,0.00990866,0.0640773,0.0193238,0.0189103,0.00476246,0.00476356,2.45442E-07,2.45679E-07,0.00384492,0.0038331,0,0,0,0,0.213927,0.213927,1.397,3.23891
F1,0,20000,1.4142,1,4,0.214181,0.21322,0.0146304,0.0144838,-0.0144915,-0.0146227,0.0866974,-0.00634766,0.0862798,0.0109833,0.00150947,0.00177518,0.00986052,0.00990861,0.0640046,0.0193601,0.0189459,0.00476298,0.00476298,2.45399E-07,2.45718E-07,0.00384481,0.00383304,4.8507E-07,0,0.000101591,0,0.21418,0.214181,1.37936,3.23891
F2,0,20000,1.4142,1,4,0.214221,0.213259,0.0145745,0.0145397,-0.0145446,-0.0145701,0.0866982,-0.00634793,0.0862798,0.0109833,0.00150947,0.00177518,0.00986052,0.00990861,0.0640046,0.0193601,0.0189459,0.00476293,0.00476293,2.45372E-07,2.45691E-07,0.0038448,0.00383304,2.29429E-08,0,2.2094E-05,0,0.21422,0.214221,1.37937,3.23891
B,0,20000,1.4142,1,4,0.207974,0.207135,0.0306553,0.000815805,-0.000943215,-0.0305284,0.0864163,-0.00608409,0.08628,0.0109726,0.00150946,0.00177478,0.00986035,0.00990842,0.0640047,0.0193593,0.0189466,0.00758509,0.00753237,3.88154E-07,3.86639E-07,0.00385021,0.00383303,0.0211941,0,0.0212353,0,0.207972,0.207972,1.37813,3.23891
A,0,20000,1.4142,1,5,0.213927,0.213474,0.0146306,0.014482,-0.0144914,-0.0146246,0.0865917,-0.00634767,0.0863871,0.0109834,0.00150948,0.00177521,0.0098606,0.00990866,0.0640773,0.0193238,0.0189103,0.00476246,0.00476356,2.45442E-07,2.45679E-07,0.00384492,0.0038331,0,0,0,0,0.213927,0.213927,1.39699,3.23239
F1,0,20000,1.4142,1,5,0.207465,0.206627,0.0274501,0.00279398,-0.00293839,-0.0273062,0.0864754,-0.00614222,0.0862806,0.010977,0.00150946,0.00177488,0.00986039,0.00990846,0.0640046,0.0193594,0.0189465,0.00663886,0.00659749,3.40908E-07,3.3974E-07,0.00384857,0.00383303,0.0144243,0,0.0175186,0,0.207463,0.207463,1.37832,3.23239
F2,0,20000,1.4142,1,5,0.214221,0.213259,0.0145745,0.0145397,-0.0145446,-0.0145701,0.0866982,-0.00634793,0.0862798,0.0109833,0.00150947,0.00177518,0.00986052,0.00990861,0.0640046,0.0193601,0.0189459,0.00476293,0.00476293,2.45372E-07,2.45691E-07,0.0038448,0.00383304,2.29428E-08,0,2.2094E-05,0,0.21422,0.214221,1.37935,3.23239
B,0,20000,1.4142,1,5,0.214224,0.213263,0.0145692,0.0145451,-0.0145481,-0.0145666,0.0866983,-0.00634795,0.0862798,0.0109833,0.00150947,0.00177518,0.00986052,0.00990861,0.0640046,0.0193601,0.0189459,0.00476293,0.00476293,2.4537E-07,2.45688E-07,0.0038448,0.00383304,9.92065E-09,0,1.45285E-05,0,0.214224,0.214224,1.37935,3.23239
A,0,20000,1.4142,1,6,0.213927,0.213474,0.0146306,0.014482,-0.0144914,-0.0146246,0.0865917,-0.00634768,0.0863871,0.0109834,0.00150948,0.00177521,0.0098606,0.00990866,0.0640773,0.0193238,0.0189103,0.00476246,0.00476356,2.45442E-07,2.45679E-07,0.00384492,0.0038331,0,0,0,0,0.213927,0.213927,1.39697,3.2257
F1,0,20000,1.4142,1,6,0.211007,0.210093,0.0194023,0.00982753,-0.00989484,-0.0193354,0.086622,-0.00628843,0.0862802,0.0109821,0.00150947,0.00177509,0.00986048,0.00990855,0.0640046,0.0193598,0.0189462,0.00503962,0.00503252,2.60656E-07,2.60744E-07,0.0038455,0.00383304,0.00217225,0,0.0067984,0,0.211006,0.211007,1.37887,3.2257
F2,0,20000,1.4142,1,6,0.214221,0.213259,0.0145745,0.0145397,-0.0145446,-0.0145701,0.0866982,-0.00634794,0.0862798,0.0109833,0.00150947,0.00177518,0.00986052,0.00990861,0.0640046,0.0193601,0.0189459,0.00476293,0.00476293,2.45372E-07,2.45691E-07,0.0038448,0.00383304,2.29428E-08,0,2.2094E-05,0,0.21422,0.214221,1.37931,3.2257
B,0,20000,1.4142,1,6,0.214224,0.213263,0.0145692,0.0145451,-0.0145481,-0.0145667,0.0866983,-0.00634796,0.0862798,0.0109833,0.00150947,0.00177518,0.00986052,0.00990861,0.0640046,0.0193601,0.0189459,0.00476293,0.00476293,2.4537E-07,2.45688E-07,0.0038448,0.00383304,9.92064E-09,0,1.45285E-05,0,0.214224,0.214224,1.37931,3.2257
A,0,20000,2.8284,1,0,0.213766,0.213329,0.0147045,0.0144072,-0.0144246,-0.0146909,0.0865708,-0.00625267,0.0863953,0.0109832,0.0015095,0.00177403,0.00986003,0.0099079,0.0640824,0.0193197,0.0189081,0.00476253,0.00476358,2.46033E-07,2.464E-07,0.00384612,0.00383305,0,0,0,0,0.213766,0.213766,2.811,3.2248
F1,0,20000,2.8284,1,0,0.214022,0.213078,0.0147033,0.0144099,-0.0144256,-0.0146881,0.0866766,-0.00625274,0.0862878,0.0109831,0.00150949,0.00177399,0.00985995,0.00990785,0.0640097,0.019356,0.0189437,0.00476303,0.00476301,2.45987E-07,2.46438E-07,0.00384601,0.00383299,1.94036E-06,0,0.000203186,0,0.214022,0.214022,2.7934,3.2248
F2,0,20000,2.8284,1,0,0.214181,0.213234,0.0145914,0.0145218,-0.0145322,-0.0145833,0.0866799,-0.00625323,0.0862878,0.0109831,0.00150949,0.001774,0.00985995,0.00990785,0.0640097,0.019356,0.0189436,0.00476281,0.0047628,2.4588E-07,2.46329E-07,0.003846,0.00383299,9.17753E-08,0,4.4189E-05,0,0.214181,0.214181,2.79341,3.2248
B,0,20000,2.8284,1,0,0.214196,0.213249,0.0145808,0.0145324,-0.0145393,-0.0145765,0.0866802,-0.00625328,0.0862878,0.0109831,0.00150949,0.001774,0.00985995,0.00990785,0.0640097,0.019356,0.0189436,0.0047628,0.00476279,2.4587E-07,2.46319E-07,0.003846,0.00383299,3.96843E-08,0,2.90577E-05,0,0.214196,0.214196,2.79341,3.2248
A,0,20000,2.8284,1,1,0.213766,0.213329,0.0147044,0.0144072,-0.0144245,-0.0146909,0.0865708,-0.00625276,0.0863953,0.0109832,0.0015095,0.00177403,0.00986004,0.00990789,0.0640824,0.0193197,0.018908,0.00476253,0.00476358,2.46034E-07,2.46399E-07,0.00384613,0.00383305,0,0,0,0,0.213766,0.213766,2.81087,3.83588
F1,0,20000,2.8284,1,1,0.258575,0.257254,0.0594069,-2.23315E-05,1.99937E-05,-0.0594156,0.0854673,-0.00567864,0.0862863,0.0108285,0.00150949,0.00177188,0.00985861,0.00990725,0.06401,0.0193516,0.018947,0.0209404,0.0209258,1.09885E-06,1.10258E-06,0.00386983,0.00383294,0.0847728,0,0.0424698,0,0.258591,0.25858,2.78938,3.83588
F2,0,20000,2.8284,1,1,0.258575,0.257254,0.0594069,-2.23315E-05,1.99937E-05,-0.0594156,0.0854673,-0.00567864,0.0862863,0.0108285,0.00150949,0.00177188,0.00985861,0.00990725,0.06401,0.0193516,0.018947,0.0209404,0.0209258,1.09885E-06,1.10258E-06,0.00386983,0.00383294,0.0847728,0,0.0424698,0,0.258591,0.25858,2.78938,3.83588
B,0,20000,2.8284,1,1,0.258575,0.257254,0.0594069,-2.23315E-05,1.99938E-05,-0.0594156,0.0854673,-0.00567864,0.0862863,0.0108285,0.00150949,0.00177188,0.00985861,0.00990725,0.06401,0.0193516,0.018947,0.0209404,0.0209258,1.09885E-06,1.10258E-06,0.00386983,0.00383294,0.0847728,0,0.0424698,0,0.258591,0.25858,2.78938,3.83588
A,0,20000,2.8284,1,2,0.213766,0.21333,0.0147045,0.0144071,-0.0144245,-0.0146909,0.0865708,-0.00625279,0.0863953,0.0109832,0.0015095,0.00177403,0.00986004,0.00990789,0.0640824,0.0193197,0.018908,0.00476253,0.00476358,2.46035E-07,2.46399E-07,0.00384613,0.00383305,0,0,0,0,0.213766,0.213766,2.81078,3.42848
F1,0,20000,2.8284,1,2,0.258607,0.257215,0.0594063,-2.16717E-05,1.89559E-05,-0.0594143,0.0854665,-0.00567765,0.0862864,0.0108285,0.00150949,0.00177188,0.00985861,0.00990726,0.06401,0.0193516,0.018947,0.0209405,0.0209251,1.09888E-06,1.10257E-06,0.00386978,0.00383294,0.0847723,0,0.0424696,0,0.258624,0.258612,2.78913,3.42848
F2,0,20000,2.8284,1,2,0.214181,0.213234,0.0145914,0.0145218,-0.0145323,-0.0145833,0.0866799,-0.00625337,0.0862878,0.0109831,0.00150949,0.001774,0.00985997,0.00990784,0.0640097,0.019356,0.0189436,0.00476281,0.0047628,2.45881E-07,2.46328E-07,0.00384601,0.00383299,9.17722E-08,0,4.41883E-05,0,0.21418,0.214181,2.79231,3.42848
B,0,20000,2.8284,1,2,0.214196,0.213249,0.0145807,0.0145324,-0.0145393,-0.0145765,0.0866803,-0.00625341,0.0862878,0.0109831,0.00150949,0.001774,0.00985997,0.00990784,0.0640097,0.019356,0.0189436,0.0047628,0.00476279,2.45871E-07,2.46319E-07,0.00384601,0.00383299,3.9683E-08,0,2.90572E-05,0,0.214195,0.214196,2.79231,3.42848
A,0,20000,2.8284,1,3,0.213766,0.21333,0.0147045,0.0144071,-0.0144245,-0.0146909,0.0865708,-0.00625279,0.0863953,0.0109832,0.0015095,0.00177403,0.00986004,0.00990789,0.0640824,0.0193197,0.018908,0.00476253,0.00476358,2.46035E-07,2.46399E-07,0.00384613,0.00383305,0,0,0,0,0.213766,0.213766,2.81078,3.42848
F1,0,20000,2.8284,1,3,0.214022,0.213078,0.0147033,0.0144099,-0.0144256,-0.014688,0.0866766,-0.00625291,0.0862878,0.0109831,0.00150949,0.00177399,0.00985996,0.00990784,0.0640097,0.019356,0.0189436,0.00476303,0.00476301,2.45988E-07,2.46438E-07,0.00384602,0.00383299,1.94029E-06,0,0.000203182,0,0.214021,0.214022,2.7923,3.42848
F2,0,20000,2.8284,1,3,0.258607,0.257215,0.0594063,-2.16718E-05,1.89559E-05,-0.0594143,0.0854665,-0.00567765,0.0862864,0.0108285,0.00150949,0.00177188,0.00985861,0.00990726,0.06401,0.0193516,0.018947,0.0209405,0.0209251,1.09888E-06,1.10257E-06,0.00386978,0.00383294,0.0847723,0,0.0424696,0,0.258624,0.258612,2.78913,3.42848
B,0,20000,2.8284,1,3,0.214196,0.213249,0.0145807,0.0145324,-0.0145393,-0.0145765,0.0866803,-0.00625341,0.0862878,0.0109831,0.00150949,0.001774,0.00985997,0.00990784,0.0640097,0.019356,0.0189436,0.0047628,0.00476279,2.45871E-07,2.46319E-07,0.00384601,0.00383299,3.9683E-08,0,2.90572E-05,0,0.214195,0.214196,2.79231,3.42848
A,0,20000,2.8284,1,4,0.213766,0.21333,0.0147045,0.0144071,-0.0144245,-0.0146909,0.0865708,-0.00625279,0.0863953,0.0109832,0.0015095,0.00177403,0.00986004,0.00990789,0.0640824,0.0193197,0.018908,0.00476253,0.00476358,2.46035E-07,2.46399E-07,0.00384613,0.00383305,0,0,0,0,0.213766,0.213766,2.81079,3.42848
F1,0,20000,2.8284,1,4,0.214022,0.213078,0.0147033,0.0144099,-0.0144256,-0.014688,0.0866766,-0.00625291,0.0862878,0.0109831,0.00150949,0.00177399,0.00985996,0.00990784,0.0640097,0.019356,0.0189436,0.00476303,0.00476301,2.45988E-07,2.46438E-07,0.00384602,0.00383299,1.94029E-06,0,0.000203182,0,0.214021,0.214022,2.7923,3.42848
F2,0,20000,2.8284,1,4,0.214181,0.213234,0.0145914,0.0145218,-0.0145323,-0.0145833,0.0866799,-0.00625337,0.0862878,0.0109831,0.00150949,0.001774,0.00985997,0.00990784,0.0640097,0.019356,0.0189436,0.00476281,0.0047628,2.45881E-07,2.46328E-07,0.00384601,0.00383299,9.17722E-08,0,4.41883E-05,0,0.21418,0.214181,2.79232,3.42848
B,0,20000,2.8284,1,4,0.258607,0.257215,0.0594063,-2.16518E-05,1.89578E-05,-0.0594143,0.0854665,-0.00567766,0.0862864,0.0108285,0.00150949,0.00177188,0.00985861,0.00990726,0.06401,0.0193516,0.018947,0.0209405,0.0209251,1.09888E-06,1.10257E-06,0.00386978,0.00383294,0.0847722,0,0.0424696,0,0.258624,0.258612,2.78913,3.42848
A,0,20000,2.8284,1,5,0.213766,0.213329,0.0147045,0.0144071,-0.0144246,-0.0146909,0.0865708,-0.00625277,0.0863953,0.0109832,0.0015095,0.00177403,0.00986004,0.00990789,0.0640824,0.0193197,0.018908,0.00476253,0.00476358,2.46035E-07,2.46399E-07,0.00384613,0.00383305,0,0,0,0,0.213766,0.213766,2.81085,3.3459
F1,0,20000,2.8284,1,5,0.230567,0.229368,0.0490089,-1.80455E-05,1.59823E-05,-0.0490128,0.0857447,-0.00578996,0.0862853,0.0108914,0.00150948,0.00177248,0.00985908,0.00990729,0.0640099,0.0193525,0.0189464,0.0148617,0.0148407,7.75881E-07,7.77961E-07,0.00386229,0.00383295,0.0576957,0,0.0350367,0,0.230574,0.230568,2.79057,3.3459
F2,0,20000,2.8284,1,5,0.214181,0.213234,0.0145914,0.0145218,-0.0145323,-0.0145833,0.0866799,-0.00625335,0.0862878,0.0109831,0.00150949,0.001774,0.00985996,0.00990784,0.0640097,0.019356,0.0189436,0.00476281,0.0047628,2.45881E-07,2.46328E-07,0.00384601,0.00383299,9.17726E-08,0,4.41884E-05,0,0.21418,0.214181,2.79249,3.3459
B,0,20000,2.8284,1,5,0.214196,0.213249,0.0145807,0.0145324,-0.0145393,-0.0145765,0.0866803,-0.00625339,0.0862878,0.0109831,0.00150949,0.001774,0.00985996,0.00990784,0.0640097,0.019356,0.0189436,0.0047628,0.00476279,2.45871E-07,2.46319E-07,0.00384601,0.00383299,3.96831E-08,0,2.90572E-05,0,0.214195,0.214196,2.79249,3.3459
A,0,20000,2.8284,1,6,0.213766,0.213329,0.0147045,0.0144071,-0.0144246,-0.0146909,0.0865708,-0.00625275,0.0863953,0.0109832,0.0015095,0.00177403,0.00986004,0.00990789,0.0640824,0.0193197,0.018908,0.00476253,0.00476358,2.46034E-07,2.46399E-07,0.00384613,0.00383305,0,0,0,0,0.213766,0.213766,2.81093,3.2287
F1,0,20000,2.8284,1,6,0.201551,0.200788,0.0244063,0.00525751,-0.00538748,-0.0242775,0.086374,-0.00613363,0.0862895,0.0109782,0.00150948,0.00177362,0.00985977,0.00990763,0.0640097,0.0193547,0.0189448,0.00587988,0.00585209,3.07813E-07,3.0736E-07,0.00384883,0.00383298,0.00868912,0,0.0135969,0,0.201547,0.20155,2.79187,3.2287
F2,0,20000,2.8284,1,6,0.214181,0.213234,0.0145914,0.0145218,-0.0145323,-0.0145833,0.0866799,-0.00625332,0.0862878,0.0109831,0.00150949,0.001774,0.00985996,0.00990784,0.0640097,0.019356,0.0189436,0.00476281,0.0047628,2.4588E-07,2.46328E-07,0.00384601,0.00383299,9.17731E-08,0,4.41885E-05,0,0.21418,0.214181,2.79271,3.2287
B,0,20000,2.8284,1,6,0.214196,0.213249,0.0145807,0.0145324,-0.0145393,-0.0145765,0.0866802,-0.00625337,0.0862878,0.0109831,0.00150949,0.001774,0.00985996,0.00990784,0.0640097,0.019356,0.0189436,0.0047628,0.00476279,2.45871E-07,2.46319E-07,0.00384601,0.00383299,3.96834E-08,0,2.90573E-05,0,0.214195,0.214196,2.79271,3.2287
A,0,20000,3.818,1,0,0.213589,0.213171,0.0147559,0.0143545,-0.0143776,-0.0147371,0.086548,-0.00618644,0.0864044,0.010983,0.00150952,0.00177272,0.0098594,0.00990707,0.0640881,0.0193151,0.0189055,0.0047626,0.00476361,2.46689E-07,2.47192E-07,0.00384747,0.003833,0,0,0,0,0.213589,0.213589,3.79977,3.22476
F1,0,20000,3.818,1,0,0.213848,0.212922,0.014754,0.0143579,-0.0143793,-0.0147335,0.086654,-0.00618649,0.0862967,0.0109829,0.00150951,0.00177269,0.00985933,0.00990702,0.0640153,0.0193514,0.0189411,0.00476309,0.00476304,2.4664E-07,2.4723E-07,0.00384736,0.00383294,3.53552E-06,0,0.00027427,0,0.213847,0.213848,3.78031,3.22476
F2,0,20000,3.818,1,0,0.214137,0.213207,0.0146031,0.0145091,-0.0145237,-0.0145929,0.08666,-0.00618725,0.0862967,0.0109829,0.00150951,0.0017727,0.00985933,0.00990702,0.0640153,0.0193514,0.0189411,0.00476267,0.00476266,2.46444E-07,2.47031E-07,0.00384734,0.00383294,1.67223E-07,0,5.96486E-05,0,0.214136,0.214137,3.78033,3.22476
B,0,20000,3.818,1,0,0.214165,0.213234,0.0145887,0.0145233,-0.0145333,-0.0145836,0.0866605,-0.0061873,0.0862967,0.0109829,0.00150951,0.0017727,0.00985933,0.00990702,0.0640153,0.0193514,0.0189411,0.00476266,0.00476265,2.46427E-07,2.47013E-07,0.00384734,0.00383294,7.23086E-08,0,3.92235E-05,0,0.214164,0.214165,3.78033,3.22476
A,0,20000,3.818,1,1,0.21359,0.213171,0.014756,0.0143549,-0.0143779,-0.0147372,0.0865478,-0.00618612,0.0864041,0.010983,0.00150953,0.00177272,0.00985935,0.00990712,0.0640879,0.019315,0.0189057,0.0047626,0.00476361,2.46685E-07,2.47199E-07,0.00384744,0.003833,0,0,0,0,0.21359,0.21359,3.79708,4.37232
F1,0,20000,3.818,1,1,0.297997,0.296198,0.0800749,-3.31387E-05,2.89065E-05,-0.0800987,0.0843457,-0.00539831,0.0863046,0.0106857,0.0015096,0.00176845,0.00985458,0.0099078,0.0640165,0.0193379,0.0189519,0.0369491,0.0369413,2.00405E-06,2.01199E-06,0.00389252,0.00383283,0.154449,0,0.0573251,0,0.298005,0.298017,3.78031,4.37232
F2,0,20000,3.818,1,1,0.297997,0.296198,0.0800749,-3.3139E-05,2.89064E-05,-0.0800987,0.0843457,-0.00539831,0.0863046,0.0106857,0.0015096,0.00176845,0.00985458,0.0099078,0.0640165,0.0193379,0.0189519,0.0369491,0.0369413,2.00405E-06,2.01199E-06,0.00389252,0.00383283,0.154449,0,0.0573251,0,0.298005,0.298017,3.78031,4.37232
B,0,20000,3.818,1,1,0.297999,0.296198,0.080075,-3.33549E-05,2.88415E-05,-0.0800987,0.0843457,-0.00539824,0.0863046,0.0106857,0.0015096,0.00176845,0.00985458,0.0099078,0.0640165,0.0193379,0.0189519,0.0369491,0.0369413,2.00405E-06,2.01199E-06,0.00389252,0.00383283,0.154449,0,0.0573251,0,0.298007,0.298019,3.78031,4.37232
A,0,20000,3.818,1,2,0.213589,0.213172,0.0147557,0.0143547,-0.0143778,-0.0147371,0.0865483,-0.0061862,0.0864044,0.010983,0.00150951,0.00177272,0.00985945,0.00990702,0.0640881,0.0193151,0.0189054,0.0047626,0.00476361,2.46694E-07,2.47188E-07,0.00384751,0.003833,0,0,0,0,0.213587,0.213589,3.7938,3.6072
F1,0,20000,3.818,1,2,0.297937,0.29615,0.0800205,-2.79015E-05,2.6876E-05,-0.0800408,0.0843473,-0.00539636,0.0863048,0.0106857,0.00150957,0.00176844,0.00985474,0.00990765,0.0640166,0.0193381,0.0189515,0.0369429,0.0369345,2.004E-06,2.0119E-06,0.00389262,0.00383283,0.154417,0,0.0573191,0,0.297987,0.297942,3.77875,3.6072
F2,0,20000,3.818,1,2,0.214137,0.213207,0.0146031,0.014509,-0.0145237,-0.0145928,0.0866603,-0.0061869,0.0862967,0.0109829,0.0015095,0.0017727,0.00985938,0.00990697,0.0640153,0.0193515,0.018941,0.00476268,0.00476266,2.46449E-07,2.47027E-07,0.00384737,0.00383294,1.67207E-07,0,5.96457E-05,0,0.214135,0.214137,3.77955,3.6072
B,0,20000,3.818,1,2,0.214165,0.213234,0.0145887,0.0145233,-0.0145333,-0.0145836,0.0866609,-0.00618698,0.0862967,0.0109829,0.0015095,0.0017727,0.00985938,0.00990697,0.0640153,0.0193515,0.018941,0.00476266,0.00476265,2.46431E-07,2.47009E-07,0.00384737,0.00383294,7.23015E-08,0,3.92216E-05,0,0.214162,0.214165,3.77955,3.6072
A,0,20000,3.818,1,3,0.213589,0.213172,0.0147557,0.0143547,-0.0143777,-0.0147371,0.0865483,-0.0061862,0.0864044,0.010983,0.00150951,0.00177272,0.00985945,0.00990702,0.0640881,0.0193151,0.0189054,0.0047626,0.00476361,2.46694E-07,2.47188E-07,0.00384751,0.003833,0,0,0,0,0.213587,0.213589,3.79379,3.6072
F1,0,20000,3.818,1,3,0.213848,0.212922,0.0147541,0.0143583,-0.0143796,-0.0147338,0.0866543,-0.00618607,0.0862967,0.0109829,0.0015095,0.00177269,0.00985937,0.00990697,0.0640153,0.0193515,0.018941,0.00476309,0.00476304,2.46645E-07,2.47226E-07,0.00384739,0.00383294,3.53518E-06,0,0.000274257,0,0.213845,0.213848,3.77953,3.6072
F2,0,20000,3.818,1,3,0.297937,0.29615,0.0800208,-2.78596E-05,2.68712E-05,-0.0800411,0.0843473,-0.00539635,0.0863048,0.0106857,0.00150957,0.00176844,0.00985474,0.00990765,0.0640166,0.0193381,0.0189515,0.0369429,0.0369345,2.004E-06,2.0119E-06,0.00389262,0.00383283,0.154417,0,0.0573191,0,0.297987,0.297942,3.77874,3.6072
B,0,20000,3.818,1,3,0.214165,0.213234,0.0145887,0.0145233,-0.0145333,-0.0145836,0.0866609,-0.00618698,0.0862967,0.0109829,0.0015095,0.0017727,0.00985938,0.00990697,0.0640153,0.0193515,0.018941,0.00476266,0.00476265,2.46431E-07,2.47009E-07,0.00384737,0.00383294,7.23015E-08,0,3.92216E-05,0,0.214162,0.214165,3.77954,3.6072
A,0,20000,3.818,1,4,0.213589,0.213172,0.0147558,0.0143547,-0.0143778,-0.0147371,0.0865483,-0.00618618,0.0864044,0.010983,0.00150951,0.00177273,0.00985945,0.00990701,0.0640881,0.0193151,0.0189053,0.0047626,0.00476361,2.46694E-07,2.47188E-07,0.00384751,0.003833,0,0,0,0,0.213587,0.213589,3.79458,3.60721
F1,0,20000,3.818,1,4,0.213848,0.212922,0.0147541,0.0143583,-0.0143795,-0.0147338,0.0866543,-0.00618606,0.0862967,0.0109829,0.0015095,0.00177269,0.00985938,0.00990696,0.0640153,0.0193515,0.018941,0.00476309,0.00476304,2.46645E-07,2.47226E-07,0.00384739,0.00383294,3.53515E-06,0,0.000274256,0,0.213845,0.213848,3.78008,3.60721
F2,0,20000,3.818,1,4,0.214137,0.213207,0.0146031,0.014509,-0.0145237,-0.0145928,0.0866603,-0.00618689,0.0862967,0.0109829,0.0015095,0.0017727,0.00985938,0.00990697,0.0640153,0.0193515,0.018941,0.00476268,0.00476266,2.46449E-07,2.47026E-07,0.00384737,0.00383294,1.67206E-07,0,5.96454E-05,0,0.214135,0.214137,3.78008,3.60721
B,0,20000,3.818,1,4,0.29794,0.296148,0.080014,-2.90145E-05,2.78316E-05,-0.0800389,0.0843473,-0.0053967,0.0863048,0.0106857,0.00150957,0.00176844,0.00985474,0.00990765,0.0640166,0.0193381,0.0189515,0.0369429,0.0369345,2.00398E-06,2.01187E-06,0.00389262,0.00383283,0.154416,0,0.0573189,0,0.297992,0.297945,3.77917,3.60721
A,0,20000,3.818,1,5,0.213589,0.213171,0.0147559,0.0143545,-0.0143776,-0.0147371,0.086548,-0.0061865,0.0864044,0.010983,0.00150951,0.00177272,0.00985941,0.00990706,0.0640881,0.0193151,0.0189055,0.0047626,0.00476361,2.4669E-07,2.47193E-07,0.00384748,0.003833,0,0,0,0,0.213588,0.213589,3.79944,3.48505
F1,0,20000,3.818,1,5,0.261344,0.25984,0.066131,-2.20924E-05,2.08308E-05,-0.0661437,0.0848858,-0.0055583,0.0862997,0.0107816,0.00150953,0.00176956,0.00985672,0.00990668,0.064016,0.0193428,0.0189479,0.0255829,0.0255713,1.37055E-06,1.37609E-06,0.0038784,0.00383286,0.105118,0,0.0472923,0,0.261366,0.261349,3.77641,3.48505
F2,0,20000,3.818,1,5,0.214137,0.213207,0.0146031,0.014509,-0.0145237,-0.0145929,0.08666,-0.00618731,0.0862967,0.0109829,0.00150951,0.0017727,0.00985933,0.00990701,0.0640153,0.0193514,0.0189411,0.00476267,0.00476266,2.46445E-07,2.47031E-07,0.00384734,0.00383294,1.67222E-07,0,5.96483E-05,0,0.214136,0.214137,3.7797,3.48505
B,0,20000,3.818,1,5,0.214165,0.213234,0.0145887,0.0145233,-0.0145333,-0.0145836,0.0866606,-0.00618737,0.0862967,0.0109829,0.00150951,0.0017727,0.00985934,0.00990701,0.0640153,0.0193514,0.0189411,0.00476266,0.00476265,2.46427E-07,2.47013E-07,0.00384734,0.00383294,7.2308E-08,0,3.92233E-05,0,0.214164,0.214165,3.7797,3.48505
A,0,20000,3.818,1,6,0.213589,0.213171,0.0147559,0.0143545,-0.0143776,-0.0147371,0.086548,-0.00618648,0.0864044,0.010983,0.00150951,0.00177272,0.00985941,0.00990706,0.0640881,0.0193151,0.0189055,0.0047626,0.00476361,2.4669E-07,2.47192E-07,0.00384748,0.003833,0,0,0,0,0.213589,0.213589,3.79952,3.2333
F1,0,20000,3.818,1,6,0.191829,0.191204,0.0281183,0.0022962,-0.00245526,-0.0279619,0.0860999,-0.00602392,0.0862996,0.010973,0.0015095,0.001772,0.00985893,0.00990667,0.0640153,0.0193488,0.0189433,0.00683,0.00678215,3.61562E-07,3.6064E-07,0.00385253,0.00383292,0.0158325,0,0.0183538,0,0.191821,0.191827,3.77858,3.2333
F2,0,20000,3.818,1,6,0.214137,0.213207,0.0146031,0.014509,-0.0145237,-0.0145929,0.08666,-0.00618729,0.0862967,0.0109829,0.00150951,0.0017727,0.00985933,0.00990702,0.0640153,0.0193514,0.0189411,0.00476267,0.00476266,2.46444E-07,2.4703E-07,0.00384734,0.00383294,1.67222E-07,0,5.96483E-05,0,0.214136,0.214137,3.77985,3.2333
B,0,20000,3.818,1,6,0.214165,0.213234,0.0145887,0.0145233,-0.0145333,-0.0145836,0.0866606,-0.00618735,0.0862967,0.0109829,0.00150951,0.0017727,0.00985933,0.00990702,0.0640153,0.0193514,0.0189411,0.00476266,0.00476265,2.46427E-07,2.47013E-07,0.00384734,0.00383294,7.23081E-08,0,3.92234E-05,0,0.214164,0.214165,3.77985,3.2333
A,10,1000,3.818,0.25,0,0.213592,0.213175,0.0147542,0.0143564,-0.0143803,-0.0147335,0.0865486,-0.00641376,0.0864046,0.010983,0.00150942,0.0017756,0.00986072,0.00990864,0.0640875,0.0193161,0.0189067,0.0047626,0.0047636,2.4586E-07,2.46027E-07,0.00384449,0.00383301,0,0,0,0,0.213591,0.213592,3.80004,3.22477
F1,10,1000,3.818,0.25,0,0.213839,0.212931,0.0147536,0.0143575,-0.0143809,-0.0147324,0.0866543,-0.00641368,0.086297,0.0109829,0.00150941,0.00177556,0.00986064,0.00990859,0.0640147,0.0193524,0.0189423,0.00476274,0.0047634,2.45797E-07,2.46085E-07,0.00384436,0.00383295,3.53626E-06,0,0.000274298,0,0.213837,0.213839,3.78234,3.22477
F2,10,1000,3.818,0.25,0,0.214136,0.213208,0.014603,0.0145092,-0.0145296,-0.0145826,0.0866604,-0.00641648,0.0862971,0.0109829,0.00150941,0.00177556,0.00986064,0.00990859,0.0640147,0.0193524,0.0189423,0.00476266,0.00476268,2.45634E-07,2.45892E-07,0.00384437,0.00383295,1.67264E-07,0,5.96557E-05,0,0.214135,0.214136,3.78235,3.22477
B,10,1000,3.818,0.25,0,0.213426,0.211984,0.0152469,0.0138382,-0.0138918,-0.0152518,0.0868589,-0.00640884,0.0860794,0.0109823,0.00150946,0.00177545,0.00986089,0.00990887,0.0640581,0.0193333,0.0189201,0.004759,0.00477785,2.45691E-07,2.47151E-07,0.00384381,0.00383289,4.45976E-08,0,3.0804E-05,0,0.213423,0.213426,2.93097,3.22477
A,10,1000,3.818,0.25,1,0.213593,0.213175,0.0147542,0.0143564,-0.0143804,-0.0147335,0.0865486,-0.00641376,0.0864046,0.010983,0.00150942,0.0017756,0.00986071,0.00990864,0.0640874,0.0193161,0.0189067,0.0047626,0.0047636,2.4586E-07,2.46028E-07,0.00384449,0.00383301,0,0,0,0,0.213591,0.213592,3.79985,3.8739
F1,10,1000,3.818,0.25,1,0.269963,0.268814,0.065123,-2.82445E-07,3.40811E-07,-0.0651278,0.0851807,-0.00571012,0.0862947,0.0107899,0.00150935,0.00177515,0.00986069,0.00990836,0.0640145,0.0193491,0.0189457,0.0248363,0.0248434,1.29879E-06,1.30101E-06,0.00386868,0.00383288,0.101889,0,0.0465602,0,0.269459,0.269795,3.78097,3.8739
F2,10,1000,3.818,0.25,1,0.269963,0.268814,0.065123,-2.82445E-07,3.40811E-07,-0.0651278,0.0851807,-0.00571012,0.0862947,0.0107899,0.00150935,0.00177515,0.00986069,0.00990836,0.0640145,0.0193491,0.0189457,0.0248363,0.0248434,1.29879E-06,1.30101E-06,0.00386868,0.00383288,0.101889,0,0.0465602,0,0.269459,0.269795,3.78097,3.8739
B,10,1000,3.818,0.25,1,0.243862,0.242003,0.0521724,-8.25226E-08,9.23835E-08,-0.0522378,0.0859678,-0.00586207,0.0860729,0.0108724,0.00150942,0.00177513,0.00986099,0.00990873,0.064058,0.0193329,0.0189206,0.0165599,0.0165989,8.51411E-07,8.55609E-07,0.00385899,0.00383285,0.0627285,0,0.0365328,0,0.243492,0.243738,2.92804,3.8739
A,10,1000,3.818,0.25,2,0.213592,0.213175,0.0147542,0.0143564,-0.0143803,-0.0147335,0.0865486,-0.00641376,0.0864046,0.010983,0.00150942,0.0017756,0.00986072,0.00990864,0.0640875,0.0193161,0.0189067,0.0047626,0.0047636,2.4586E-07,2.46027E-07,0.00384449,0.00383301,0,0,0,0,0.213591,0.213592,3.80004,3.47643
F1,10,1000,3.818,0.25,2,0.270008,0.268771,0.0651248,-2.84256E-07,3.24199E-07,-0.0651296,0.0851812,-0.00571011,0.0862953,0.01079,0.00150935,0.00177517,0.00986068,0.00990835,0.0640146,0.0193491,0.0189456,0.0248377,0.0248394,1.29885E-06,1.3008E-06,0.00386877,0.00383288,0.101884,0,0.0465591,0,0.269464,0.269884,3.78114,3.47643
F2,10,1000,3.818,0.25,2,0.214136,0.213208,0.014603,0.0145092,-0.0145296,-0.0145826,0.0866604,-0.00641648,0.0862971,0.0109829,0.00150941,0.00177556,0.00986064,0.00990859,0.0640147,0.0193524,0.0189423,0.00476266,0.00476268,2.45634E-07,2.45892E-07,0.00384437,0.00383295,1.67264E-07,0,5.96557E-05,0,0.214135,0.214136,3.78235,3.47643
B,10,1000,3.818,0.25,2,0.213426,0.211984,0.0152469,0.0138382,-0.0138918,-0.0152518,0.0868589,-0.00640884,0.0860794,0.0109823,0.00150946,0.00177545,0.00986089,0.00990887,0.0640581,0.0193333,0.0189201,0.004759,0.00477785,2.45691E-07,2.47151E-07,0.00384381,0.00383289,4.45976E-08,0,3.0804E-05,0,0.213423,0.213426,2.93097,3.47643
A,10,1000,3.818,0.25,4,0.213592,0.213175,0.0147542,0.0143564,-0.0143803,-0.0147335,0.0865486,-0.00641376,0.0864047,0.010983,0.00150942,0.0017756,0.00986072,0.00990864,0.0640875,0.0193161,0.0189066,0.0047626,0.0047636,2.45861E-07,2.46027E-07,0.00384449,0.00383301,0,0,0,0,0.213591,0.213592,3.80016,3.37051
F1,10,1000,3.818,0.25,4,0.213839,0.212931,0.0147536,0.0143575,-0.0143809,-0.0147324,0.0866543,-0.00641368,0.0862971,0.0109829,0.00150941,0.00177556,0.00986064,0.00990858,0.0640147,0.0193524,0.0189423,0.00476274,0.0047634,2.45797E-07,2.46085E-07,0.00384437,0.00383295,3.53577E-06,0,0.00027428,0,0.213837,0.213839,3.78245,3.37051
F2,10,1000,3.818,0.25,4,0.214136,0.213208,0.014603,0.0145092,-0.0145296,-0.0145826,0.0866604,-0.00641648,0.0862971,0.0109829,0.00150941,0.00177556,0.00986064,0.00990859,0.0640147,0.0193524,0.0189422,0.00476266,0.00476268,2.45634E-07,2.45891E-07,0.00384437,0.00383295,1.67241E-07,0,5.96516E-05,0,0.214135,0.214136,3.78246,3.37051
B,10,1000,3.818,0.25,4,0.243922,0.241935,0.0521703,-8.47288E-08,9.67835E-08,-0.0522359,0.0859685,-0.00586212,0.0860736,0.0108725,0.00150942,0.00177515,0.00986098,0.00990872,0.064058,0.0193329,0.0189205,0.0165614,0.0165939,8.51477E-07,8.55353E-07,0.0038591,0.00383285,0.0627227,0,0.0365312,0,0.243498,0.243859,2.92815,3.37051
A,10,1000,3.818,0.25,5,0.213592,0.213175,0.0147542,0.0143564,-0.0143803,-0.0147335,0.0865486,-0.00641376,0.0864046,0.010983,0.00150942,0.0017756,0.00986072,0.00990864,0.0640875,0.0193161,0.0189067,0.0047626,0.0047636,2.4586E-07,2.46027E-07,0.00384449,0.00383301,0,0,0,0,0.213591,0.213592,3.80004,3.40811
F1,10,1000,3.818,0.25,5,0.244919,0.243796,0.0569078,-2.13323E-07,2.34883E-07,-0.0569118,0.0853741,-0.00580233,0.086295,0.0108421,0.00150935,0.00177527,0.00986071,0.00990835,0.0640146,0.0193491,0.0189457,0.01936,0.0193528,1.01008E-06,1.01115E-06,0.00386307,0.00383289,0.0778052,0,0.040687,0,0.244536,0.244832,3.78109,3.40811
F2,10,1000,3.818,0.25,5,0.214136,0.213208,0.014603,0.0145092,-0.0145296,-0.0145826,0.0866604,-0.00641648,0.0862971,0.0109829,0.00150941,0.00177556,0.00986064,0.00990859,0.0640147,0.0193524,0.0189423,0.00476266,0.00476268,2.45634E-07,2.45892E-07,0.00384437,0.00383295,1.67264E-07,0,5.96557E-05,0,0.214135,0.214136,3.78235,3.40811
B,10,1000,3.818,0.25,5,0.213426,0.211984,0.0152469,0.0138382,-0.0138918,-0.0152518,0.0868589,-0.00640884,0.0860794,0.0109823,0.00150946,0.00177545,0.00986089,0.00990887,0.0640581,0.0193333,0.0189201,0.004759,0.00477785,2.45691E-07,2.47151E-07,0.00384381,0.00383289,4.45976E-08,0,3.0804E-05,0,0.213423,0.213426,2.93097,3.40811
A,10,1000,3.818,0.5,0,0.213592,0.213175,0.0147545,0.014356,-0.01438,-0.0147339,0.0865486,-0.00641375,0.0864047,0.010983,0.00150942,0.0017756,0.00986072,0.00990864,0.0640875,0.0193161,0.0189067,0.0047626,0.0047636,2.45861E-07,2.46027E-07,0.00384449,0.00383301,0,0,0,0,0.21359,0.213592,3.80009,3.22476
F1,10,1000,3.818,0.5,0,0.213839,0.212931,0.0147536,0.0143575,-0.0143809,-0.0147324,0.0866543,-0.00641368,0.086297,0.0109829,0.00150941,0.00177556,0.00986064,0.00990859,0.0640147,0.0193524,0.0189423,0.00476274,0.0047634,2.45797E-07,2.46085E-07,0.00384436,0.00383295,3.53608E-06,0,0.000274291,0,0.213837,0.213839,3.78239,3.22476
F2,10,1000,3.818,0.5,0,0.214136,0.213208,0.014603,0.0145092,-0.0145296,-0.0145826,0.0866604,-0.00641648,0.0862971,0.0109829,0.00150941,0.00177556,0.00986064,0.00990859,0.0640147,0.0193524,0.0189422,0.00476266,0.00476268,2.45634E-07,2.45892E-07,0.00384437,0.00383295,1.67255E-07,0,5.96542E-05,0,0.214135,0.214136,3.7824,3.22476
B,10,1000,3.818,0.5,0,0.210398,0.208767,0.0159475,0.0131319,-0.0132158,-0.0159341,0.0867975,-0.00637527,0.0860317,0.0109807,0.00150941,0.00177541,0.00986103,0.00990859,0.064042,0.0193399,0.0189289,0.00477426,0.00479586,2.48846E-07,2.50517E-07,0.00384367,0.00383264,1.78158E-07,0,6.15679E-05,0,0.210387,0.210396,5.91023,3.22476
A,10,1000,3.818,0.5,1,0.213592,0.213174,0.0147545,0.014356,-0.01438,-0.0147339,0.0865486,-0.00641375,0.0864046,0.010983,0.00150942,0.0017756,0.00986072,0.00990864,0.0640875,0.0193161,0.0189067,0.0047626,0.00476361,2.45861E-07,2.46028E-07,0.00384449,0.00383301,0,0,0,0,0.213591,0.213592,3.79994,4.32831
F1,10,1000,3.818,0.5,1,0.269981,0.268796,0.0651238,-2.79721E-07,3.3209E-07,-0.0651287,0.0851809,-0.00571011,0.086295,0.01079,0.00150935,0.00177516,0.00986069,0.00990836,0.0640146,0.0193491,0.0189456,0.0248369,0.0248417,1.29882E-06,1.30093E-06,0.00386872,0.00383288,0.101887,0,0.0465597,0,0.26946,0.269831,3.78105,4.32831
F2,10,1000,3.818,0.5,1,0.269981,0.268796,0.0651238,-2.79721E-07,3.3209E-07,-0.0651287,0.0851809,-0.00571011,0.086295,0.01079,0.00150935,0.00177516,0.00986069,0.00990836,0.0640146,0.0193491,0.0189456,0.0248369,0.0248417,1.29882E-06,1.30093E-06,0.00386872,0.00383288,0.101887,0,0.0465597,0,0.26946,0.269831,3.78105,4.32831
B,10,1000,3.818,0.5,1,0.332064,0.327403,0.104216,-8.20549E-07,1.04577E-06,-0.10428,0.0828149,-0.00521663,0.0860446,0.0105022,0.00150926,0.00177413,0.00986062,0.00990869,0.0640418,0.0193364,0.0189323,0.0617213,0.0618668,3.45397E-06,3.47348E-06,0.00391047,0.00383245,0.250528,0,0.0730096,0,0.331125,0.331795,5.90298,4.32831
A,10,1000,3.818,0.5,2,0.213592,0.213175,0.0147545,0.014356,-0.01438,-0.0147339,0.0865486,-0.00641375,0.0864047,0.010983,0.00150942,0.0017756,0.00986072,0.00990864,0.0640875,0.0193161,0.0189067,0.0047626,0.0047636,2.45861E-07,2.46027E-07,0.00384449,0.00383301,0,0,0,0,0.21359,0.213592,3.80009,3.47642
F1,10,1000,3.818,0.5,2,0.270023,0.268757,0.0651251,-2.76426E-07,3.65389E-07,-0.06513,0.0851813,-0.00571009,0.0862955,0.01079,0.00150935,0.00177517,0.00986068,0.00990835,0.0640146,0.0193491,0.0189456,0.0248382,0.0248381,1.29888E-06,1.30074E-06,0.00386879,0.00383288,0.101883,0,0.0465587,0,0.269466,0.269913,3.78118,3.47642
F2,10,1000,3.818,0.5,2,0.214136,0.213208,0.014603,0.0145092,-0.0145296,-0.0145826,0.0866604,-0.00641648,0.0862971,0.0109829,0.00150941,0.00177556,0.00986064,0.00990859,0.0640147,0.0193524,0.0189422,0.00476266,0.00476268,2.45634E-07,2.45892E-07,0.00384437,0.00383295,1.67255E-07,0,5.96542E-05,0,0.214135,0.214136,3.7824,3.47642
B,10,1000,3.818,0.5,2,0.210398,0.208767,0.0159475,0.0131319,-0.0132158,-0.0159341,0.0867975,-0.00637527,0.0860317,0.0109807,0.00150941,0.00177541,0.00986103,0.00990859,0.064042,0.0193399,0.0189289,0.00477426,0.00479586,2.48846E-07,2.50517E-07,0.00384367,0.00383264,1.78158E-07,0,6.15679E-05,0,0.210387,0.210396,5.91023,3.47642
A,10,1000,3.818,0.5,4,0.213592,0.213175,0.0147546,0.014356,-0.01438,-0.0147339,0.0865486,-0.00641375,0.0864047,0.010983,0.00150942,0.0017756,0.00986072,0.00990863,0.0640875,0.0193161,0.0189066,0.0047626,0.0047636,2.45861E-07,2.46027E-07,0.00384449,0.00383301,0,0,0,0,0.213589,0.213592,3.80023,3.82488
F1,10,1000,3.818,0.5,4,0.213839,0.212931,0.0147536,0.0143574,-0.0143809,-0.0147324,0.0866544,-0.00641368,0.0862971,0.0109829,0.00150941,0.00177556,0.00986065,0.00990858,0.0640147,0.0193524,0.0189423,0.00476274,0.0047634,2.45797E-07,2.46084E-07,0.00384437,0.00383295,3.53527E-06,0,0.00027426,0,0.213836,0.213839,3.78251,3.82488
F2,10,1000,3.818,0.5,4,0.214136,0.213208,0.014603,0.0145092,-0.0145296,-0.0145826,0.0866604,-0.00641647,0.0862971,0.0109829,0.00150941,0.00177556,0.00986064,0.00990858,0.0640147,0.0193524,0.0189422,0.00476266,0.00476268,2.45635E-07,2.45891E-07,0.00384437,0.00383295,1.67217E-07,0,5.96474E-05,0,0.214134,0.214136,3.78252,3.82488
B,10,1000,3.818,0.5,4,0.332273,0.3273,0.104216,-1.0666E-06,1.35151E-06,-0.104281,0.0828168,-0.00521645,0.0860471,0.0105025,0.00150925,0.00177418,0.00986059,0.00990867,0.0640419,0.0193365,0.0189322,0.0617275,0.061843,3.45416E-06,3.47214E-06,0.00391076,0.00383245,0.250499,0,0.0730053,0,0.331167,0.332188,5.90311,3.82488
A,10,1000,3.818,0.5,5,0.213592,0.213175,0.0147545,0.014356,-0.01438,-0.0147339,0.0865486,-0.00641375,0.0864047,0.010983,0.00150942,0.0017756,0.00986072,0.00990864,0.0640875,0.0193161,0.0189067,0.0047626,0.0047636,2.45861E-07,2.46027E-07,0.00384449,0.00383301,0,0,0,0,0.21359,0.213592,3.80009,3.40809
F1,10,1000,3.818,0.5,5,0.244929,0.243784,0.0569086,-2.13171E-07,2.34703E-07,-0.0569125,0.0853743,-0.00580232,0.0862952,0.0108421,0.00150935,0.00177527,0.0098607,0.00990835,0.0640146,0.0193491,0.0189457,0.0193601,0.0193518,1.01008E-06,1.0111E-06,0.00386309,0.00383289,0.0778034,0,0.0406865,0,0.244537,0.244852,3.78113,3.40809
F2,10,1000,3.818,0.5,5,0.214136,0.213208,0.014603,0.0145092,-0.0145296,-0.0145826,0.0866604,-0.00641648,0.0862971,0.0109829,0.00150941,0.00177556,0.00986064,0.00990859,0.0640147,0.0193524,0.0189422,0.00476266,0.00476268,2.45634E-07,2.45892E-07,0.00384437,0.00383295,1.67255E-07,0,5.96542E-05,0,0.214135,0.214136,3.7824,3.40809
B,10,1000,3.818,0.5,5,0.210398,0.208767,0.0159475,0.0131319,-0.0132158,-0.0159341,0.0867975,-0.00637527,0.0860317,0.0109807,0.00150941,0.00177541,0.00986103,0.00990859,0.064042,0.0193399,0.0189289,0.00477426,0.00479586,2.48846E-07,2.50517E-07,0.00384367,0.00383264,1.78158E-07,0,6.15678E-05,0,0.210387,0.210396,5.91023,3.40809
A,10,1000,3.818,0.79,0,0.21359,0.213173,0.0147553,0.0143553,-0.0143793,-0.0147346,0.0865485,-0.00641374,0.0864047,0.010983,0.00150942,0.0017756,0.00986072,0.00990864,0.0640875,0.0193161,0.0189067,0.0047626,0.00476361,2.45862E-07,2.46029E-07,0.00384449,0.00383301,0,0,0,0,0.213589,0.21359,3.80005,3.22474
F1,10,1000,3.818,0.79,0,0.213839,0.212931,0.0147536,0.0143575,-0.0143809,-0.0147324,0.0866543,-0.00641368,0.086297,0.0109829,0.00150941,0.00177556,0.00986064,0.00990859,0.0640147,0.0193524,0.0189423,0.00476274,0.0047634,2.45797E-07,2.46085E-07,0.00384436,0.00383295,3.53622E-06,0,0.000274297,0,0.213837,0.213839,3.78235,3.22474
F2,10,1000,3.818,0.79,0,0.214136,0.213208,0.014603,0.0145092,-0.0145296,-0.0145826,0.0866604,-0.00641648,0.0862971,0.0109829,0.00150941,0.00177556,0.00986064,0.00990859,0.0640147,0.0193524,0.0189423,0.00476266,0.00476268,2.45634E-07,2.45892E-07,0.00384437,0.00383295,1.67262E-07,0,5.96554E-05,0,0.214135,0.214136,3.78236,3.22474
B,10,1000,3.818,0.79,0,0.204212,0.202454,0.0167627,0.0123105,-0.01243,-0.0167279,0.0866041,-0.00633548,0.0860075,0.0109776,0.00150932,0.00177535,0.00986133,0.00990801,0.0640249,0.0193456,0.0189389,0.00480645,0.00483033,2.55353E-07,2.57207E-07,0.00384354,0.00383217,4.45515E-07,0,9.73604E-05,0,0.204188,0.204208,9.37586,3.22474
A,10,1000,3.818,0.79,1,0.213591,0.213173,0.0147552,0.0143553,-0.0143793,-0.0147346,0.0865486,-0.00641374,0.0864046,0.010983,0.00150942,0.0017756,0.00986071,0.00990864,0.0640874,0.0193161,0.0189067,0.0047626,0.00476361,2.45861E-07,2.46029E-07,0.00384449,0.00383301,0,0,0,0,0.213589,0.21359,3.79985,4.88892
F1,10,1000,3.818,0.79,1,0.269964,0.268813,0.065123,-2.80027E-07,3.39735E-07,-0.0651279,0.0851807,-0.00571012,0.0862947,0.0107899,0.00150935,0.00177515,0.00986069,0.00990836,0.0640145,0.0193491,0.0189457,0.0248363,0.0248433,1.29879E-06,1.30101E-06,0.00386869,0.00383288,0.101889,0,0.0465602,0,0.269458,0.269797,3.78098,4.88892
F2,10,1000,3.818,0.79,1,0.269964,0.268813,0.065123,-2.80027E-07,3.39735E-07,-0.0651279,0.0851807,-0.00571012,0.0862947,0.0107899,0.00150935,0.00177515,0.00986069,0.00990836,0.0640145,0.0193491,0.0189457,0.0248363,0.0248433,1.29879E-06,1.30101E-06,0.00386869,0.00383288,0.101889,0,0.0465602,0,0.269458,0.269797,3.78098,4.88892
B,10,1000,3.818,0.79,1,0.333248,0.326249,0.164498,-1.34628E-06,1.96733E-06,-0.163621,0.0755973,-0.00435731,0.0861298,0.00999355,0.00150943,0.00177214,0.00983984,0.00992779,0.0640309,0.0192854,0.0189925,0.152889,0.152812,9.79155E-06,9.81138E-06,0.00403463,0.0038317,0.624305,0,0.115252,0,0.331573,0.332701,9.36135,4.88892
A,10,1000,3.818,0.79,2,0.21359,0.213173,0.0147553,0.0143553,-0.0143793,-0.0147346,0.0865485,-0.00641374,0.0864047,0.010983,0.00150942,0.0017756,0.00986072,0.00990864,0.0640875,0.0193161,0.0189067,0.0047626,0.00476361,2.45862E-07,2.46029E-07,0.00384449,0.00383301,0,0,0,0,0.213589,0.21359,3.80005,3.47641
F1,10,1000,3.818,0.79,2,0.270011,0.268768,0.0651249,-2.84126E-07,3.24348E-07,-0.0651297,0.0851812,-0.00571011,0.0862954,0.01079,0.00150935,0.00177517,0.00986068,0.00990835,0.0640146,0.0193491,0.0189456,0.0248378,0.0248391,1.29886E-06,1.30079E-06,0.00386877,0.00383288,0.101884,0,0.046559,0,0.269464,0.26989,3.78115,3.47641
F2,10,1000,3.818,0.79,2,0.214136,0.213208,0.014603,0.0145092,-0.0145296,-0.0145826,0.0866604,-0.00641648,0.0862971,0.0109829,0.00150941,0.00177556,0.00986064,0.00990859,0.0640147,0.0193524,0.0189423,0.00476266,0.00476268,2.45634E-07,2.45892E-07,0.00384437,0.00383295,1.67262E-07,0,5.96554E-05,0,0.214135,0.214136,3.78236,3.47641
B,10,1000,3.818,0.79,2,0.204212,0.202454,0.0167627,0.0123105,-0.01243,-0.0167279,0.0866041,-0.00633548,0.0860075,0.0109776,0.00150932,0.00177535,0.00986133,0.00990801,0.0640249,0.0193456,0.0189389,0.00480645,0.00483033,2.55353E-07,2.57207E-07,0.00384354,0.00383217,4.45515E-07,0,9.73604E-05,0,0.204188,0.204208,9.37586,3.47641
A,10,1000,3.818,0.79,4,0.21359,0.213173,0.0147553,0.0143553,-0.0143793,-0.0147346,0.0865486,-0.00641374,0.0864047,0.010983,0.00150942,0.0017756,0.00986072,0.00990863,0.0640875,0.0193161,0.0189066,0.0047626,0.00476361,2.45862E-07,2.46028E-07,0.00384449,0.00383301,0,0,0,0,0.213588,0.21359,3.80023,4.38548
F1,10,1000,3.818,0.79,4,0.213839,0.212931,0.0147536,0.0143574,-0.0143809,-0.0147324,0.0866544,-0.00641368,0.0862971,0.0109829,0.00150941,0.00177556,0.00986065,0.00990858,0.0640147,0.0193524,0.0189423,0.00476274,0.0047634,2.45797E-07,2.46084E-07,0.00384437,0.00383295,3.53522E-06,0,0.000274258,0,0.213836,0.213839,3.78251,4.38548
F2,10,1000,3.818,0.79,4,0.214136,0.213208,0.014603,0.0145092,-0.0145296,-0.0145826,0.0866604,-0.00641647,0.0862971,0.0109829,0.00150941,0.00177556,0.00986065,0.00990858,0.0640147,0.0193524,0.0189422,0.00476266,0.00476268,2.45635E-07,2.45891E-07,0.00384437,0.00383295,1.67214E-07,0,5.96469E-05,0,0.214134,0.214136,3.78252,4.38548
B,10,1000,3.818,0.79,4,0.333614,0.326078,0.164499,-1.4359E-06,2.98098E-06,-0.163631,0.0756025,-0.00435711,0.0861351,0.00999416,0.00150942,0.00177223,0.0098398,0.00992773,0.064031,0.0192855,0.0189924,0.152911,0.152743,9.7919E-06,9.80695E-06,0.00403517,0.0038317,0.624217,0,0.115244,0,0.331554,0.333471,9.36165,4.38548
A,10,1000,3.818,0.79,5,0.21359,0.213173,0.0147553,0.0143553,-0.0143793,-0.0147346,0.0865485,-0.00641374,0.0864047,0.010983,0.00150942,0.0017756,0.00986072,0.00990864,0.0640875,0.0193161,0.0189067,0.0047626,0.00476361,2.45862E-07,2.46029E-07,0.00384449,0.00383301,0,0,0,0,0.213589,0.21359,3.80005,3.40809
F1,10,1000,3.818,0.79,5,0.244921,0.243793,0.056908,-2.13322E-07,2.34814E-07,-0.0569119,0.0853742,-0.00580233,0.0862951,0.0108421,0.00150935,0.00177527,0.00986071,0.00990835,0.0640146,0.0193491,0.0189457,0.01936,0.0193526,1.01008E-06,1.01114E-06,0.00386307,0.00383289,0.0778048,0,0.0406869,0,0.244537,0.244836,3.7811,3.40809
F2,10,1000,3.818,0.79,5,0.214136,0.213208,0.014603,0.0145092,-0.0145296,-0.0145826,0.0866604,-0.00641648,0.0862971,0.0109829,0.00150941,0.00177556,0.00986064,0.00990859,0.0640147,0.0193524,0.0189423,0.00476266,0.00476268,2.45634E-07,2.45892E-07,0.00384437,0.00383295,1.67262E-07,0,5.96554E-05,0,0.214135,0.214136,3.78236,3.40809
B,10,1000,3.818,0.79,5,0.204212,0.202454,0.0167627,0.0123105,-0.01243,-0.0167279,0.0866041,-0.00633548,0.0860075,0.0109776,0.00150932,0.00177535,0.00986133,0.00990801,0.0640249,0.0193456,0.0189389,0.00480645,0.00483033,2.55353E-07,2.57207E-07,0.00384354,0.00383217,4.45515E-07,0,9.73604E-05,0,0.204188,0.204208,9.37586,3.40809
A,10,1000,3.818,1,0,0.213589,0.213172,0.014756,0.0143546,-0.0143786,-0.0147353,0.0865485,-0.00641373,0.0864046,0.010983,0.00150942,0.0017756,0.00986072,0.00990864,0.0640875,0.0193161,0.0189067,0.0047626,0.00476361,2.45862E-07,2.4603E-07,0.00384449,0.00383301,0,0,0,0,0.213588,0.213589,3.80003,3.22473
F1,10,1000,3.818,1,0,0.213839,0.212931,0.0147536,0.0143575,-0.0143809,-0.0147324,0.0866543,-0.00641368,0.086297,0.0109829,0.00150941,0.00177556,0.00986064,0.00990859,0.0640147,0.0193524,0.0189423,0.00476274,0.0047634,2.45797E-07,2.46085E-07,0.00384436,0.00383295,3.53629E-06,0,0.000274299,0,0.213837,0.213839,3.78233,3.22473
F2,10,1000,3.818,1,0,0.214136,0.213208,0.014603,0.0145092,-0.0145296,-0.0145826,0.0866604,-0.00641648,0.0862971,0.0109829,0.00150941,0.00177556,0.00986064,0.00990859,0.0640147,0.0193524,0.0189423,0.00476266,0.00476268,2.45634E-07,2.45892E-07,0.00384437,0.00383295,1.67265E-07,0,5.9656E-05,0,0.214135,0.214136,3.78235,3.22473
B,10,1000,3.818,1,0,0.197902,0.196113,0.0173569,0.011712,-0.0118577,-0.0173065,0.0863792,-0.00630574,0.0860111,0.0109746,0.00150921,0.00177529,0.00986163,0.00990742,0.0640136,0.0193483,0.0189462,0.00483971,0.00486462,2.62084E-07,2.64032E-07,0.00384345,0.0038317,7.16228E-07,0,0.000123446,0,0.197864,0.197893,11.9014,3.22473
A,10,1000,3.818,1,1,0.213589,0.213171,0.014756,0.0143545,-0.0143786,-0.0147353,0.0865486,-0.00641371,0.0864045,0.010983,0.00150942,0.0017756,0.00986071,0.00990865,0.0640874,0.0193161,0.0189067,0.0047626,0.00476361,2.45862E-07,2.46031E-07,0.00384448,0.00383301,0,0,0,0,0.213588,0.213589,3.80023,5.16603
F1,10,1000,3.818,1,1,0.269879,0.268884,0.0651254,-2.84682E-07,3.77714E-07,-0.0651295,0.08518,-0.0057101,0.0862936,0.0107898,0.00150935,0.00177513,0.0098607,0.00990837,0.0640145,0.0193491,0.0189457,0.0248341,0.0248503,1.2987E-06,1.30138E-06,0.00386855,0.00383288,0.101897,0,0.046562,0,0.26927,0.269816,3.78124,5.16603
F2,10,1000,3.818,1,1,0.269879,0.268884,0.0651254,-2.84682E-07,3.77714E-07,-0.0651295,0.08518,-0.0057101,0.0862936,0.0107898,0.00150935,0.00177513,0.0098607,0.00990837,0.0640145,0.0193491,0.0189457,0.0248341,0.0248503,1.2987E-06,1.30138E-06,0.00386855,0.00383288,0.101897,0,0.046562,0,0.26927,0.269816,3.78124,5.16603
B,10,1000,3.818,1,1,0.300956,0.286823,0.203134,-5.38239E-06,1.51572E-05,-0.199993,0.0598018,-0.00160885,0.085085,0.00880556,0.00141517,0.0016521,0.0096699,0.00980609,0.0631765,0.0182724,0.0193761,0.211726,0.21251,1.43986E-05,1.4538E-05,0.00415363,0.00361969,0.867362,0,0.135847,0,0.298435,0.300653,10.7378,5.16603
A,10,1000,3.818,1,2,0.213589,0.213172,0.014756,0.0143546,-0.0143786,-0.0147353,0.0865485,-0.00641373,0.0864046,0.010983,0.00150942,0.0017756,0.00986072,0.00990864,0.0640875,0.0193161,0.0189067,0.0047626,0.00476361,2.45862E-07,2.4603E-07,0.00384449,0.00383301,0,0,0,0,0.213588,0.213589,3.80003,3.4764
F1,10,1000,3.818,1,2,0.270006,0.268773,0.0651248,-2.84346E-07,3.24089E-07,-0.0651295,0.0851812,-0.00571011,0.0862953,0.01079,0.00150935,0.00177516,0.00986068,0.00990835,0.0640146,0.0193491,0.0189456,0.0248376,0.0248395,1.29885E-06,1.30081E-06,0.00386876,0.00383288,0.101884,0,0.0465592,0,0.269464,0.269879,3.78114,3.4764
F2,10,1000,3.818,1,2,0.214136,0.213208,0.014603,0.0145092,-0.0145296,-0.0145826,0.0866604,-0.00641648,0.0862971,0.0109829,0.00150941,0.00177556,0.00986064,0.00990859,0.0640147,0.0193524,0.0189423,0.00476266,0.00476268,2.45634E-07,2.45892E-07,0.00384437,0.00383295,1.67265E-07,0,5.96559E-05,0,0.214135,0.214136,3.78235,3.4764
B,10,1000,3.818,1,2,0.197902,0.196113,0.0173569,0.011712,-0.0118577,-0.0173065,0.0863792,-0.00630574,0.0860111,0.0109746,0.00150921,0.00177529,0.00986163,0.00990742,0.0640136,0.0193483,0.0189462,0.00483971,0.00486462,2.62084E-07,2.64032E-07,0.00384345,0.0038317,7.16228E-07,0,0.000123446,0,0.197864,0.197893,11.9014,3.4764
A,10,1000,3.818,1,4,0.213589,0.213172,0.014756,0.0143546,-0.0143786,-0.0147353,0.0865485,-0.00641371,0.0864046,0.010983,0.00150942,0.0017756,0.00986072,0.00990864,0.0640875,0.0193161,0.0189067,0.0047626,0.00476361,2.45862E-07,2.4603E-07,0.00384449,0.00383301,0,0,0,0,0.213588,0.213589,3.80025,4.66255
F1,10,1000,3.818,1,4,0.213839,0.212931,0.0147536,0.0143574,-0.0143809,-0.0147324,0.0866544,-0.00641367,0.086297,0.0109829,0.00150941,0.00177556,0.00986064,0.00990859,0.0640147,0.0193524,0.0189423,0.00476274,0.0047634,2.45797E-07,2.46085E-07,0.00384436,0.00383295,3.5365E-06,0,0.000274307,0,0.213838,0.213839,3.78252,4.66255
F2,10,1000,3.818,1,4,0.214136,0.213208,0.014603,0.0145092,-0.0145296,-0.0145826,0.0866604,-0.00641646,0.086297,0.0109829,0.00150941,0.00177556,0.00986064,0.00990859,0.0640147,0.0193525,0.0189423,0.00476266,0.00476268,2.45634E-07,2.45892E-07,0.00384437,0.00383295,1.67275E-07,0,5.96577E-05,0,0.214136,0.214137,3.78253,4.66255
B,10,1000,3.818,1,4,0.301428,0.286667,0.202976,-7.5838E-06,1.61452E-05,-0.199955,0.0598196,-0.00159997,0.0850905,0.00880706,0.00141517,0.00165229,0.00967002,0.00980585,0.0631766,0.0182732,0.0193754,0.211757,0.212437,1.4399E-05,1.45308E-05,0.00415436,0.00361979,0.867285,0,0.135841,0,0.29968,0.300351,10.736,4.66255
A,10,1000,3.818,1,5,0.213589,0.213172,0.014756,0.0143546,-0.0143786,-0.0147353,0.0865485,-0.00641373,0.0864046,0.010983,0.00150942,0.0017756,0.00986072,0.00990864,0.0640875,0.0193161,0.0189067,0.0047626,0.00476361,2.45862E-07,2.4603E-07,0.00384449,0.00383301,0,0,0,0,0.213588,0.213589,3.80003,3.40808
F1,10,1000,3.818,1,5,0.244918,0.243797,0.0569077,-2.13322E-07,2.3493E-07,-0.0569116,0.0853741,-0.00580233,0.086295,0.0108421,0.00150935,0.00177527,0.00986071,0.00990835,0.0640146,0.0193491,0.0189457,0.01936,0.019353,1.01008E-06,1.01116E-06,0.00386307,0.00383289,0.0778055,0,0.040687,0,0.244536,0.244829,3.78108,3.40808
F2,10,1000,3.818,1,5,0.214136,0.213208,0.014603,0.0145092,-0.0145296,-0.0145826,0.0866604,-0.00641648,0.0862971,0.0109829,0.00150941,0.00177556,0.00986064,0.00990859,0.0640147,0.0193524,0.0189423,0.00476266,0.00476268,2.45634E-07,2.45892E-07,0.00384437,0.00383295,1.67265E-07,0,5.9656E-05,0,0.214135,0.214136,3.78235,3.40808
B,10,1000,3.818,1,5,0.197902,0.196113,0.0173569,0.011712,-0.0118577,-0.0173065,0.0863792,-0.00630574,0.0860111,0.0109746,0.00150921,0.00177529,0.00986163,0.00990742,0.0640136,0.0193483,0.0189462,0.00483971,0.00486462,2.62084E-07,2.64032E-07,0.00384345,0.0038317,7.16228E-07,0,0.000123446,0,0.197864,0.197893,11.9014,3.40808
A,10,20000,3.818,0.25,0,0.213593,0.213175,0.0147541,0.0143563,-0.0143793,-0.0147354,0.0865481,-0.00618644,0.0864044,0.010983,0.00150952,0.00177272,0.0098594,0.00990707,0.0640881,0.0193151,0.0189055,0.0047626,0.0047636,2.46687E-07,2.4719E-07,0.00384747,0.003833,0,0,0,0,0.213592,0.213593,3.79978,3.22476
F1,10,20000,3.818,0.25,0,0.213848,0.212922,0.014754,0.0143579,-0.0143793,-0.0147335,0.086654,-0.0061865,0.0862967,0.0109829,0.00150951,0.00177269,0.00985933,0.00990702,0.0640153,0.0193514,0.0189411,0.00476309,0.00476304,2.4664E-07,2.4723E-07,0.00384736,0.00383294,3.53552E-06,0,0.00027427,0,0.213847,0.213848,3.78034,3.22476
F2,10,20000,3.818,0.25,0,0.214137,0.213207,0.0146031,0.0145091,-0.0145237,-0.0145929,0.08666,-0.00618724,0.0862967,0.0109829,0.00150951,0.0017727,0.00985933,0.00990702,0.0640153,0.0193514,0.0189411,0.00476267,0.00476266,2.46444E-07,2.47031E-07,0.00384734,0.00383294,1.67223E-07,0,5.96486E-05,0,0.214136,0.214137,3.78036,3.22476
B,10,20000,3.818,0.25,0,0.213431,0.211987,0.0152451,0.0138401,-0.0138928,-0.0152509,0.086859,-0.00623801,0.0860789,0.0109823,0.00150952,0.00177367,0.00986009,0.00990788,0.0640584,0.0193315,0.0189205,0.00475897,0.00477783,2.46236E-07,2.47925E-07,0.00384567,0.00383288,4.44234E-08,0,3.07438E-05,0,0.21343,0.213431,2.9232,3.22476
A,10,20000,3.818,0.25,1,0.213593,0.213175,0.0147543,0.0143563,-0.0143794,-0.0147354,0.086548,-0.00618624,0.0864043,0.010983,0.00150952,0.00177272,0.00985939,0.00990708,0.064088,0.019315,0.0189055,0.0047626,0.0047636,2.46686E-07,2.47192E-07,0.00384746,0.003833,0,0,0,0,0.213593,0.213593,3.80032,4.23203
F1,10,20000,3.818,0.25,1,0.297954,0.296166,0.0801592,-3.13255E-05,3.39723E-05,-0.080185,0.0843452,-0.00540623,0.0863047,0.0106855,0.00150959,0.00176846,0.00985458,0.00990777,0.0640166,0.0193378,0.0189519,0.0369465,0.0369399,2.00325E-06,2.01173E-06,0.00389249,0.00383283,0.154437,0,0.0573227,0,0.297979,0.297967,3.77953,4.23203
F2,10,20000,3.818,0.25,1,0.297954,0.296166,0.0801592,-3.13255E-05,3.39723E-05,-0.080185,0.0843452,-0.00540623,0.0863047,0.0106855,0.00150959,0.00176846,0.00985458,0.00990777,0.0640166,0.0193378,0.0189519,0.0369465,0.0369399,2.00325E-06,2.01173E-06,0.00389249,0.00383283,0.154437,0,0.0573227,0,0.297979,0.297967,3.77953,4.23203
B,10,20000,3.818,0.25,1,0.269535,0.266966,0.0638247,-1.71923E-05,1.70599E-05,-0.0638989,0.0854777,-0.00561565,0.0860777,0.0107976,0.00150953,0.00177113,0.00985842,0.00990736,0.0640589,0.0193279,0.0189228,0.0240221,0.024063,1.26698E-06,1.27586E-06,0.00387324,0.00383282,0.0943577,0,0.0448064,0,0.269559,0.269548,2.91255,4.23203
A,10,20000,3.818,0.25,2,0.213593,0.213175,0.0147542,0.0143563,-0.0143793,-0.0147354,0.086548,-0.00618637,0.0864043,0.010983,0.00150952,0.00177272,0.0098594,0.00990707,0.0640881,0.0193151,0.0189055,0.0047626,0.0047636,2.46687E-07,2.47191E-07,0.00384747,0.003833,0,0,0,0,0.213592,0.213593,3.80009,3.60727
F1,10,20000,3.818,0.25,2,0.298094,0.296239,0.0801671,-3.01265E-05,2.24615E-05,-0.080187,0.0843464,-0.00540582,0.0863044,0.0106859,0.00150957,0.00176838,0.0098549,0.00990754,0.0640165,0.0193385,0.0189513,0.0369452,0.0369391,2.00268E-06,2.0114E-06,0.00389253,0.00383283,0.154436,0,0.0573226,0,0.298124,0.298104,3.77756,3.60727
F2,10,20000,3.818,0.25,2,0.214137,0.213207,0.014603,0.014509,-0.0145237,-0.0145929,0.0866599,-0.00618716,0.0862967,0.0109829,0.00150951,0.0017727,0.00985932,0.00990702,0.0640153,0.0193514,0.0189411,0.00476267,0.00476266,2.46444E-07,2.47032E-07,0.00384734,0.00383294,1.67225E-07,0,5.96489E-05,0,0.214136,0.214137,3.78107,3.60727
B,10,20000,3.818,0.25,2,0.213431,0.211987,0.015245,0.0138403,-0.0138929,-0.0152509,0.0868589,-0.00623796,0.0860789,0.0109823,0.00150952,0.00177367,0.00986008,0.00990789,0.0640584,0.0193315,0.0189206,0.00475897,0.00477783,2.46236E-07,2.47926E-07,0.00384567,0.00383288,4.44239E-08,0,3.0744E-05,0,0.21343,0.213431,2.92244,3.60727
A,10,20000,3.818,0.25,4,0.213593,0.213175,0.0147541,0.0143563,-0.0143793,-0.0147354,0.0865481,-0.00618644,0.0864044,0.010983,0.00150952,0.00177272,0.0098594,0.00990706,0.0640881,0.0193151,0.0189055,0.0047626,0.0047636,2.46687E-07,2.4719E-07,0.00384747,0.003833,0,0,0,0,0.213592,0.213593,3.79978,3.46692
F1,10,20000,3.818,0.25,4,0.213848,0.212922,0.014754,0.0143579,-0.0143793,-0.0147335,0.086654,-0.0061865,0.0862967,0.0109829,0.00150951,0.00177269,0.00985933,0.00990701,0.0640153,0.0193514,0.0189411,0.00476309,0.00476304,2.46641E-07,2.4723E-07,0.00384736,0.00383294,3.53552E-06,0,0.00027427,0,0.213847,0.213848,3.78034,3.46692
F2,10,20000,3.818,0.25,4,0.214137,0.213207,0.0146031,0.0145091,-0.0145237,-0.0145929,0.08666,-0.00618724,0.0862967,0.0109829,0.00150951,0.0017727,0.00985933,0.00990702,0.0640153,0.0193514,0.0189411,0.00476267,0.00476266,2.46444E-07,2.47031E-07,0.00384734,0.00383294,1.67223E-07,0,5.96486E-05,0,0.214136,0.214137,3.78036,3.46692
B,10,20000,3.818,0.25,4,0.269611,0.267051,0.0638866,-1.74765E-05,1.24205E-05,-0.0639604,0.085478,-0.00561599,0.0860777,0.0107978,0.00150953,0.00177114,0.00985843,0.00990734,0.0640589,0.019328,0.0189227,0.0240208,0.0240613,1.26665E-06,1.27542E-06,0.00387329,0.00383282,0.0943539,0,0.0448055,0,0.269643,0.269621,2.91368,3.46692
A,10,20000,3.818,0.25,5,0.213593,0.213175,0.0147541,0.0143563,-0.0143793,-0.0147353,0.0865481,-0.0061865,0.0864044,0.010983,0.00150952,0.00177272,0.00985941,0.00990706,0.0640881,0.0193151,0.0189055,0.0047626,0.0047636,2.46688E-07,2.4719E-07,0.00384748,0.003833,0,0,0,0,0.213592,0.213593,3.79952,3.48506
F1,10,20000,3.818,0.25,5,0.261348,0.259844,0.0661323,-2.21956E-05,2.0965E-05,-0.0661449,0.0848858,-0.0055584,0.0862997,0.0107816,0.00150953,0.00176956,0.00985672,0.00990668,0.064016,0.0193427,0.0189479,0.0255829,0.0255713,1.37054E-06,1.37608E-06,0.0038784,0.00383286,0.105118,0,0.0472923,0,0.261369,0.261353,3.7766,3.48506
F2,10,20000,3.818,0.25,5,0.214137,0.213207,0.0146031,0.014509,-0.0145237,-0.0145929,0.08666,-0.0061873,0.0862967,0.0109829,0.00150951,0.0017727,0.00985933,0.00990701,0.0640153,0.0193514,0.0189411,0.00476267,0.00476266,2.46445E-07,2.47031E-07,0.00384734,0.00383294,1.67222E-07,0,5.96484E-05,0,0.214136,0.214137,3.77985,3.48506
B,10,20000,3.818,0.25,5,0.213431,0.211987,0.0152452,0.01384,-0.0138928,-0.0152509,0.086859,-0.00623804,0.0860789,0.0109823,0.00150952,0.00177367,0.00986009,0.00990788,0.0640584,0.0193315,0.0189205,0.00475897,0.00477783,2.46236E-07,2.47925E-07,0.00384568,0.00383288,4.44231E-08,0,3.07437E-05,0,0.213429,0.213431,2.92362,3.48506
A,10,20000,3.818,0.5,0,0.213592,0.213174,0.0147545,0.0143559,-0.014379,-0.0147357,0.086548,-0.00618644,0.0864044,0.010983,0.00150952,0.00177272,0.0098594,0.00990707,0.0640881,0.0193151,0.0189055,0.0047626,0.0047636,2.46688E-07,2.4719E-07,0.00384747,0.003833,0,0,0,0,0.213591,0.213592,3.79978,3.22476
F1,10,20000,3.818,0.5,0,0.213848,0.212922,0.014754,0.0143579,-0.0143793,-0.0147335,0.086654,-0.00618649,0.0862967,0.0109829,0.00150951,0.00177269,0.00985933,0.00990702,0.0640153,0.0193514,0.0189411,0.00476309,0.00476304,2.4664E-07,2.4723E-07,0.00384736,0.00383294,3.53552E-06,0,0.00027427,0,0.213847,0.213848,3.78034,3.22476
F2,10,20000,3.818,0.5,0,0.214137,0.213207,0.0146031,0.0145091,-0.0145237,-0.0145929,0.08666,-0.00618724,0.0862967,0.0109829,0.00150951,0.0017727,0.00985933,0.00990702,0.0640153,0.0193514,0.0189411,0.00476267,0.00476266,2.46444E-07,2.47031E-07,0.00384734,0.00383294,1.67223E-07,0,5.96486E-05,0,0.214136,0.214137,3.78035,3.22476
B,10,20000,3.818,0.5,0,0.210413,0.208784,0.0159442,0.0131359,-0.0132181,-0.0159326,0.0867965,-0.00603408,0.0860319,0.0109807,0.00150967,0.00176826,0.00985724,0.00990525,0.0640438,0.0193315,0.0189317,0.00477419,0.00479574,2.51083E-07,2.53675E-07,0.00385119,0.00383263,1.77467E-07,0,6.14483E-05,0,0.210409,0.210412,5.89467,3.22476
A,10,20000,3.818,0.5,1,0.213592,0.213174,0.0147544,0.0143562,-0.0143792,-0.0147357,0.0865483,-0.00618619,0.0864044,0.010983,0.00150951,0.00177273,0.00985945,0.00990701,0.0640881,0.0193151,0.0189053,0.0047626,0.0047636,2.46692E-07,2.47186E-07,0.00384751,0.003833,0,0,0,0,0.21359,0.213592,3.79472,4.80014
F1,10,20000,3.818,0.5,1,0.29793,0.296139,0.0800174,-2.93568E-05,2.84455E-05,-0.0800413,0.0843472,-0.00539704,0.0863048,0.0106856,0.00150957,0.00176845,0.00985473,0.00990766,0.0640166,0.0193381,0.0189516,0.0369432,0.036935,2.0039E-06,2.01192E-06,0.00389261,0.00383283,0.154416,0,0.0573188,0,0.297982,0.297934,3.77928,4.80014
F2,10,20000,3.818,0.5,1,0.29793,0.296139,0.0800174,-2.93568E-05,2.84455E-05,-0.0800413,0.0843472,-0.00539704,0.0863048,0.0106856,0.00150957,0.00176845,0.00985473,0.00990766,0.0640166,0.0193381,0.0189516,0.0369432,0.036935,2.0039E-06,2.01192E-06,0.00389261,0.00383283,0.154416,0,0.0573188,0,0.297982,0.297934,3.77928,4.80014
B,10,20000,3.818,0.5,1,0.348148,0.344048,0.127156,-8.81838E-05,6.31598E-05,-0.127645,0.0805295,-0.00472763,0.0862259,0.0103214,0.00151098,0.00175727,0.00979849,0.00995215,0.0640629,0.0191979,0.0190413,0.0914417,0.0913378,5.42682E-06,5.45093E-06,0.00397461,0.00383242,0.372285,0,0.0889998,0,0.348264,0.348158,5.8673,4.80014
A,10,20000,3.818,0.5,2,0.213592,0.213174,0.0147545,0.014356,-0.014379,-0.0147357,0.086548,-0.00618636,0.0864043,0.010983,0.00150952,0.00177272,0.0098594,0.00990707,0.0640881,0.0193151,0.0189055,0.0047626,0.0047636,2.46687E-07,2.47191E-07,0.00384747,0.003833,0,0,0,0,0.213592,0.213592,3.80013,3.60725
F1,10,20000,3.818,0.5,2,0.298114,0.296226,0.0801671,-2.43448E-05,2.37953E-05,-0.0801876,0.084346,-0.00540431,0.0863045,0.010686,0.00150957,0.00176838,0.00985492,0.00990756,0.0640165,0.0193385,0.0189513,0.0369453,0.0369383,2.00261E-06,2.01138E-06,0.00389248,0.00383283,0.154436,0,0.0573227,0,0.298144,0.298123,3.77772,3.60725
F2,10,20000,3.818,0.5,2,0.214137,0.213207,0.014603,0.014509,-0.0145237,-0.0145929,0.0866599,-0.00618715,0.0862967,0.0109829,0.00150951,0.0017727,0.00985932,0.00990702,0.0640153,0.0193514,0.0189411,0.00476267,0.00476266,2.46444E-07,2.47032E-07,0.00384734,0.00383294,1.67226E-07,0,5.9649E-05,0,0.214136,0.214137,3.78116,3.60725
B,10,20000,3.818,0.5,2,0.210413,0.208784,0.0159439,0.0131364,-0.0132183,-0.0159326,0.0867964,-0.00603396,0.0860319,0.0109807,0.00150967,0.00176826,0.00985723,0.00990525,0.0640438,0.0193315,0.0189318,0.00477419,0.00479574,2.51083E-07,2.53677E-07,0.00385119,0.00383263,1.77469E-07,0,6.14487E-05,0,0.21041,0.210412,5.89294,3.60725
A,10,20000,3.818,0.5,4,0.213592,0.213174,0.0147542,0.0143561,-0.0143791,-0.0147356,0.0865483,-0.00618628,0.0864044,0.010983,0.00150951,0.00177272,0.00985944,0.00990703,0.0640881,0.0193151,0.0189054,0.0047626,0.0047636,2.46691E-07,2.47187E-07,0.0038475,0.003833,0,0,0,0,0.21359,0.213592,3.79391,4.03523
F1,10,20000,3.818,0.5,4,0.213848,0.212922,0.014754,0.0143582,-0.0143795,-0.0147337,0.0866542,-0.0061861,0.0862967,0.0109829,0.0015095,0.00177269,0.00985936,0.00990698,0.0640153,0.0193515,0.018941,0.00476309,0.00476304,2.46644E-07,2.47226E-07,0.00384739,0.00383294,3.53524E-06,0,0.000274259,0,0.213846,0.213848,3.77797,4.03523
F2,10,20000,3.818,0.5,4,0.214137,0.213207,0.0146031,0.014509,-0.0145237,-0.0145928,0.0866602,-0.00618696,0.0862967,0.0109829,0.0015095,0.0017727,0.00985937,0.00990698,0.0640153,0.0193515,0.018941,0.00476267,0.00476266,2.46448E-07,2.47027E-07,0.00384737,0.00383294,1.6721E-07,0,5.96461E-05,0,0.214135,0.214137,3.77798,4.03523
B,10,20000,3.818,0.5,4,0.348233,0.34428,0.127167,-8.4066E-05,6.85894E-05,-0.127705,0.0805336,-0.00473345,0.0862256,0.0103222,0.00151098,0.00175726,0.00979856,0.00995206,0.0640629,0.0191982,0.0190411,0.0914451,0.0913406,5.4264E-06,5.44947E-06,0.00397482,0.00383242,0.372299,0,0.0890015,0,0.348341,0.348243,5.87068,4.03523
A,10,20000,3.818,0.5,5,0.213592,0.213174,0.0147545,0.0143559,-0.014379,-0.0147357,0.0865481,-0.00618649,0.0864044,0.010983,0.00150952,0.00177272,0.00985941,0.00990706,0.0640881,0.0193151,0.0189055,0.0047626,0.0047636,2.46688E-07,2.47191E-07,0.00384748,0.003833,0,0,0,0,0.213591,0.213592,3.79952,3.48505
F1,10,20000,3.818,0.5,5,0.261348,0.259843,0.0661323,-2.21482E-05,2.11169E-05,-0.066145,0.0848858,-0.00555838,0.0862997,0.0107816,0.00150953,0.00176956,0.00985672,0.00990668,0.064016,0.0193427,0.0189479,0.0255829,0.0255713,1.37054E-06,1.37611E-06,0.0038784,0.00383286,0.105118,0,0.0472923,0,0.261369,0.261353,3.77661,3.48505
F2,10,20000,3.818,0.5,5,0.214137,0.213207,0.0146031,0.014509,-0.0145237,-0.0145929,0.08666,-0.0061873,0.0862967,0.0109829,0.00150951,0.0017727,0.00985933,0.00990701,0.0640153,0.0193514,0.0189411,0.00476267,0.00476266,2.46445E-07,2.47031E-07,0.00384734,0.00383294,1.67222E-07,0,5.96483E-05,0,0.214136,0.214137,3.77985,3.48505
B,10,20000,3.818,0.5,5,0.210413,0.208784,0.0159444,0.0131357,-0.013218,-0.0159326,0.0867965,-0.00603416,0.0860319,0.0109807,0.00150967,0.00176826,0.00985725,0.00990524,0.0640438,0.0193315,0.0189317,0.00477419,0.00479574,2.51085E-07,2.53677E-07,0.0038512,0.00383263,1.77465E-07,0,6.14481E-05,0,0.210409,0.210412,5.89549,3.48505
A,10,20000,3.818,0.79,0,0.213591,0.213173,0.0147552,0.0143552,-0.0143783,-0.0147364,0.086548,-0.00618644,0.0864044,0.010983,0.00150952,0.00177272,0.0098594,0.00990707,0.0640881,0.0193151,0.0189055,0.0047626,0.0047636,2.46689E-07,2.47192E-07,0.00384747,0.003833,0,0,0,0,0.21359,0.213591,3.79978,3.22474
F1,10,20000,3.818,0.79,0,0.213848,0.212922,0.014754,0.0143579,-0.0143793,-0.0147335,0.086654,-0.00618649,0.0862967,0.0109829,0.00150951,0.00177269,0.00985933,0.00990702,0.0640153,0.0193514,0.0189411,0.00476309,0.00476304,2.4664E-07,2.4723E-07,0.00384736,0.00383294,3.53552E-06,0,0.00027427,0,0.213847,0.213848,3.78033,3.22474
F2,10,20000,3.818,0.79,0,0.214137,0.213207,0.0146031,0.0145091,-0.0145237,-0.0145929,0.08666,-0.00618724,0.0862967,0.0109829,0.00150951,0.0017727,0.00985933,0.00990702,0.0640153,0.0193514,0.0189411,0.00476267,0.00476266,2.46444E-07,2.47031E-07,0.00384734,0.00383294,1.67223E-07,0,5.96486E-05,0,0.214136,0.214137,3.78035,3.22474
B,10,20000,3.818,0.79,0,0.2042,0.202555,0.016758,0.0123174,-0.0124338,-0.0167266,0.0865712,-0.00579632,0.0860402,0.0109777,0.0015103,0.00175739,0.00984145,0.00990978,0.0640332,0.0193022,0.0189647,0.00480702,0.0048293,2.61313E-07,2.65498E-07,0.00386256,0.00383216,4.43632E-07,0,9.71546E-05,0,0.204192,0.204198,9.35126,3.22474
A,10,20000,3.818,0.79,1,0.213591,0.213173,0.0147552,0.0143552,-0.0143783,-0.0147363,0.0865481,-0.00618655,0.0864044,0.010983,0.00150951,0.00177272,0.00985941,0.00990706,0.0640881,0.0193151,0.0189055,0.0047626,0.0047636,2.4669E-07,2.47191E-07,0.00384748,0.003833,0,0,0,0,0.21359,0.213591,3.79908,5.43924
F1,10,20000,3.818,0.79,1,0.29792,0.296142,0.0801508,-1.8193E-05,2.29224E-05,-0.0801746,0.0843444,-0.00540105,0.0863048,0.0106856,0.00150958,0.00176843,0.00985467,0.00990774,0.0640166,0.0193379,0.0189518,0.0369452,0.0369369,2.00335E-06,2.0115E-06,0.00389242,0.00383283,0.154428,0,0.0573212,0,0.297953,0.297932,3.77496,5.43924
F2,10,20000,3.818,0.79,1,0.29792,0.296142,0.0801508,-1.8193E-05,2.29224E-05,-0.0801746,0.0843444,-0.00540105,0.0863048,0.0106856,0.00150958,0.00176843,0.00985467,0.00990774,0.0640166,0.0193379,0.0189518,0.0369452,0.0369369,2.00335E-06,2.0115E-06,0.00389242,0.00383283,0.154428,0,0.0573212,0,0.297953,0.297932,3.77496,5.43924
B,10,20000,3.818,0.79,1,0.281064,0.295098,0.192148,-0.000113087,8.92119E-05,-0.195562,0.0699396,-0.00283763,0.0873256,0.00971905,0.00151128,0.00174265,0.00944264,0.0102688,0.0641678,0.0182937,0.019814,0.215917,0.214336,1.51692E-05,1.50508E-05,0.00423228,0.00383208,0.879836,0,0.136821,0,0.281151,0.281075,9.0168,5.43924
A,10,20000,3.818,0.79,2,0.213591,0.213173,0.0147552,0.0143552,-0.0143783,-0.0147364,0.086548,-0.00618638,0.0864043,0.010983,0.00150952,0.00177272,0.0098594,0.00990707,0.0640881,0.0193151,0.0189055,0.0047626,0.0047636,2.46688E-07,2.47192E-07,0.00384747,0.003833,0,0,0,0,0.21359,0.213591,3.80004,3.60725
F1,10,20000,3.818,0.79,2,0.298052,0.296235,0.0801657,-2.78632E-05,2.31103E-05,-0.080186,0.0843465,-0.00540513,0.0863043,0.0106859,0.00150957,0.00176838,0.00985491,0.00990753,0.0640165,0.0193385,0.0189513,0.036945,0.0369391,2.00264E-06,2.01153E-06,0.00389254,0.00383283,0.154436,0,0.0573225,0,0.298083,0.298062,3.77738,3.60725
F2,10,20000,3.818,0.79,2,0.214137,0.213207,0.014603,0.014509,-0.0145237,-0.0145929,0.0866599,-0.00618718,0.0862967,0.0109829,0.00150951,0.0017727,0.00985933,0.00990702,0.0640153,0.0193514,0.0189411,0.00476267,0.00476266,2.46444E-07,2.47032E-07,0.00384734,0.00383294,1.67225E-07,0,5.96488E-05,0,0.214136,0.214137,3.78094,3.60725
B,10,20000,3.818,0.79,2,0.2042,0.202555,0.0167577,0.012318,-0.012434,-0.0167266,0.0865709,-0.00579655,0.0860404,0.0109777,0.00151031,0.0017574,0.00984137,0.00990984,0.0640332,0.0193021,0.0189648,0.00480702,0.0048293,2.61313E-07,2.65504E-07,0.00386255,0.00383216,4.43636E-07,0,9.71549E-05,0,0.204192,0.204197,9.34937,3.60725
A,10,20000,3.818,0.79,4,0.213591,0.213173,0.014755,0.0143552,-0.0143784,-0.0147363,0.0865482,-0.00618638,0.0864044,0.010983,0.00150951,0.00177272,0.00985943,0.00990704,0.0640881,0.0193151,0.0189054,0.0047626,0.0047636,2.46691E-07,2.47189E-07,0.00384749,0.003833,0,0,0,0,0.213589,0.213591,3.79585,4.67447
F1,10,20000,3.818,0.79,4,0.213848,0.212922,0.0147539,0.0143581,-0.0143795,-0.0147337,0.0866541,-0.00618615,0.0862968,0.0109829,0.0015095,0.00177269,0.00985936,0.00990699,0.0640153,0.0193515,0.0189411,0.00476309,0.00476304,2.46643E-07,2.47227E-07,0.00384738,0.00383294,3.5353E-06,0,0.000274261,0,0.213846,0.213848,3.77599,4.67447
F2,10,20000,3.818,0.79,4,0.214137,0.213207,0.0146031,0.014509,-0.0145237,-0.0145928,0.0866602,-0.00618704,0.0862967,0.0109829,0.0015095,0.0017727,0.00985936,0.00990699,0.0640153,0.0193515,0.018941,0.00476267,0.00476266,2.46447E-07,2.47028E-07,0.00384736,0.00383294,1.67213E-07,0,5.96467E-05,0,0.214135,0.214137,3.776,4.67447
B,10,20000,3.818,0.79,4,0.281925,0.29538,0.192322,-0.000189671,8.70569E-05,-0.195513,0.0700594,-0.00257793,0.0873016,0.00972015,0.00151129,0.00174244,0.00944637,0.0102683,0.0641677,0.0182955,0.0198127,0.215951,0.214345,1.52006E-05,1.50034E-05,0.00423362,0.0038321,0.879906,0,0.136826,0,0.282048,0.281909,9.02342,4.67447
A,10,20000,3.818,0.79,5,0.213591,0.213173,0.0147552,0.0143553,-0.0143783,-0.0147365,0.0865479,-0.00618627,0.0864043,0.010983,0.00150952,0.00177272,0.00985939,0.00990708,0.064088,0.019315,0.0189055,0.0047626,0.0047636,2.46688E-07,2.47194E-07,0.00384746,0.003833,0,0,0,0,0.21359,0.213591,3.80033,3.4851
F1,10,20000,3.818,0.79,5,0.261308,0.259772,0.0661457,-1.75464E-05,1.83148E-05,-0.0661561,0.0848848,-0.00556186,0.0862998,0.0107814,0.00150954,0.00176955,0.00985671,0.00990669,0.064016,0.0193427,0.018948,0.0255852,0.0255733,1.37057E-06,1.37626E-06,0.00387832,0.00383286,0.105122,0,0.0472933,0,0.261324,0.261314,3.77932,3.4851
F2,10,20000,3.818,0.79,5,0.214137,0.213207,0.014603,0.014509,-0.0145237,-0.0145929,0.0866599,-0.00618705,0.0862967,0.0109829,0.00150951,0.0017727,0.00985932,0.00990703,0.0640152,0.0193514,0.0189411,0.00476267,0.00476266,2.46443E-07,2.47033E-07,0.00384733,0.00383294,1.67229E-07,0,5.96495E-05,0,0.214137,0.214137,3.78199,3.4851
B,10,20000,3.818,0.79,5,0.204199,0.202555,0.0167567,0.0123176,-0.0124347,-0.0167265,0.0865706,-0.00579685,0.0860404,0.0109777,0.00151031,0.0017574,0.00984134,0.00990987,0.0640332,0.019302,0.0189649,0.00480702,0.0048293,2.61313E-07,2.65508E-07,0.00386254,0.00383216,4.43646E-07,0,9.7156E-05,0,0.204193,0.204197,9.34407,3.4851
A,10,20000,3.818,1,0,0.213589,0.213172,0.0147558,0.0143545,-0.0143776,-0.014737,0.086548,-0.00618656,0.0864044,0.010983,0.00150951,0.00177272,0.00985941,0.00990706,0.0640881,0.0193151,0.0189055,0.0047626,0.00476361,2.46691E-07,2.47192E-07,0.00384748,0.003833,0,0,0,0,0.213588,0.213589,3.79906,3.22474
F1,10,20000,3.818,1,0,0.213848,0.212922,0.0147539,0.014358,-0.0143793,-0.0147335,0.086654,-0.00618637,0.0862967,0.0109829,0.00150951,0.00177269,0.00985933,0.00990701,0.0640153,0.0193514,0.0189411,0.00476309,0.00476304,2.46641E-07,2.4723E-07,0.00384737,0.00383294,3.53546E-06,0,0.000274268,0,0.213846,0.213848,3.77902,3.22474
F2,10,20000,3.818,1,0,0.214137,0.213207,0.0146031,0.014509,-0.0145237,-0.0145929,0.08666,-0.00618733,0.0862967,0.0109829,0.00150951,0.0017727,0.00985934,0.00990701,0.0640153,0.0193515,0.0189411,0.00476267,0.00476266,2.46445E-07,2.47031E-07,0.00384735,0.00383294,1.6722E-07,0,5.96481E-05,0,0.214136,0.214137,3.77903,3.22474
B,10,20000,3.818,1,0,0.197711,0.196483,0.0173523,0.0117204,-0.0118625,-0.0173062,0.0862206,-0.00562339,0.0861738,0.010975,0.00151165,0.0017466,0.0097938,0.00994509,0.0640394,0.0191999,0.0190526,0.00484314,0.00486037,2.72572E-07,2.78266E-07,0.00387452,0.00383176,7.12469E-07,0,0.000123122,0,0.197699,0.197708,11.8738,3.22474
A,10,20000,3.818,1,1,0.213591,0.21317,0.0147566,0.0143538,-0.0143767,-0.0147381,0.086549,-0.00618574,0.0864037,0.010983,0.00150951,0.00177273,0.00985946,0.00990701,0.0640876,0.0193154,0.0189056,0.0047626,0.00476361,2.46695E-07,2.47189E-07,0.00384751,0.003833,0,0,0,0,0.213591,0.213591,3.80037,5.66865
F1,10,20000,3.818,1,1,0.297882,0.29612,0.0801751,-2.29887E-05,2.76055E-05,-0.0801972,0.0843468,-0.00539199,0.0863041,0.0106856,0.00150957,0.00176845,0.00985476,0.00990761,0.0640161,0.0193384,0.0189517,0.0369489,0.0369399,2.00414E-06,2.01212E-06,0.0038926,0.00383283,0.154446,0,0.0573137,0,0.29788,0.297909,3.78061,5.66865
F2,10,20000,3.818,1,1,0.297882,0.29612,0.0801751,-2.29887E-05,2.76055E-05,-0.0801972,0.0843468,-0.00539199,0.0863041,0.0106856,0.00150957,0.00176845,0.00985476,0.00990761,0.0640161,0.0193384,0.0189517,0.0369489,0.0369399,2.00414E-06,2.01212E-06,0.0038926,0.00383283,0.154446,0,0.0573137,0,0.29788,0.297909,3.78061,5.66865
B,10,20000,3.818,1,1,0.253413,0.248059,0.19414,-0.000197028,0.000336011,-0.201614,0.0526052,-0.0001178,0.0862383,0.00847659,0.00136162,0.00156193,0.00906468,0.0101566,0.0632204,0.0166103,0.020634,0.265397,0.270552,1.90689E-05,2.00537E-05,0.00469226,0.00358764,1.09656,0,0.152675,0,0.253607,0.253276,9.07949,5.66865
A,10,20000,3.818,1,2,0.213589,0.213171,0.014756,0.0143546,-0.0143777,-0.0147372,0.0865479,-0.00618619,0.0864043,0.010983,0.00150952,0.00177272,0.00985938,0.00990709,0.064088,0.019315,0.0189056,0.0047626,0.00476361,2.46688E-07,2.47196E-07,0.00384746,0.003833,0,0,0,0,0.213589,0.21359,3.8002,3.60722
F1,10,20000,3.818,1,2,0.297966,0.29626,0.0801561,-3.18637E-05,3.65158E-05,-0.0801821,0.0843466,-0.00540716,0.0863043,0.0106858,0.00150957,0.00176838,0.00985487,0.00990752,0.0640165,0.0193385,0.0189513,0.0369458,0.0369393,2.00338E-06,2.01168E-06,0.0038926,0.00383283,0.154442,0,0.0573238,0,0.297991,0.297978,3.78018,3.60722
F2,10,20000,3.818,1,2,0.214137,0.213207,0.014603,0.014509,-0.0145237,-0.0145929,0.0866598,-0.00618697,0.0862966,0.0109829,0.00150951,0.0017727,0.00985931,0.00990704,0.0640152,0.0193514,0.0189412,0.00476267,0.00476266,2.46443E-07,2.47034E-07,0.00384733,0.00383294,1.67232E-07,0,5.96501E-05,0,0.214137,0.214137,3.78251,3.60722
B,10,20000,3.818,1,2,0.197709,0.196483,0.0173498,0.0117182,-0.0118653,-0.0173077,0.0862193,-0.00562357,0.0861744,0.010975,0.00151169,0.00174665,0.00979354,0.00994532,0.0640395,0.0191994,0.0190531,0.00484315,0.00486036,2.72579E-07,2.78287E-07,0.00387446,0.00383176,7.12515E-07,0,0.000123126,0,0.197701,0.197705,11.8572,3.60722
A,10,20000,3.818,1,4,0.21359,0.213171,0.0147569,0.0143536,-0.0143764,-0.0147383,0.0865483,-0.00618567,0.0864039,0.010983,0.00150952,0.00177272,0.00985939,0.00990708,0.0640878,0.0193152,0.0189056,0.0047626,0.00476361,2.46689E-07,2.47196E-07,0.00384746,0.003833,0,0,0,0,0.21359,0.213589,3.80038,4.90408
F1,10,20000,3.818,1,4,0.213848,0.212921,0.0147542,0.0143579,-0.0143792,-0.0147338,0.0866542,-0.00618599,0.0862963,0.0109828,0.00150951,0.00177269,0.00985931,0.00990703,0.064015,0.0193515,0.0189413,0.00476309,0.00476304,2.4664E-07,2.47233E-07,0.00384735,0.00383294,3.53652E-06,0,0.000274233,0,0.213847,0.213848,3.78268,4.90408
F2,10,20000,3.818,1,4,0.214138,0.213206,0.0146031,0.0145089,-0.0145236,-0.0145929,0.0866602,-0.00618678,0.0862963,0.0109829,0.00150951,0.0017727,0.00985932,0.00990703,0.064015,0.0193515,0.0189413,0.00476267,0.00476266,2.46443E-07,2.47034E-07,0.00384733,0.00383294,1.67271E-07,0,5.96405E-05,0,0.214137,0.214137,3.78269,4.90408
B,10,20000,3.818,1,4,0.25418,0.24919,0.194039,-0.000248763,0.000510153,-0.201978,0.0526756,4.59671E-05,0.0862984,0.00848459,0.00136166,0.00156168,0.00906603,0.0101562,0.0632205,0.0166125,0.0206325,0.265517,0.270652,1.90923E-05,2.06397E-05,0.00469256,0.00358809,1.09703,0,0.152704,0,0.253889,0.254572,9.08062,4.90408
A,10,20000,3.818,1,5,0.213589,0.213172,0.0147558,0.0143545,-0.0143776,-0.0147369,0.0865481,-0.00618656,0.0864044,0.010983,0.00150951,0.00177272,0.00985942,0.00990705,0.0640881,0.0193151,0.0189054,0.0047626,0.00476361,2.46692E-07,2.47192E-07,0.00384748,0.003833,0,0,0,0,0.213588,0.213589,3.79814,3.48499
F1,10,20000,3.818,1,5,0.261218,0.259821,0.0661079,-1.8677E-05,2.49783E-05,-0.066126,0.0848866,-0.0055577,0.0862996,0.0107816,0.00150953,0.00176956,0.00985674,0.00990665,0.064016,0.0193428,0.0189479,0.0255809,0.0255705,1.3708E-06,1.37634E-06,0.00387848,0.00383286,0.105116,0,0.0472917,0,0.261242,0.261221,3.77399,3.48499
F2,10,20000,3.818,1,5,0.214137,0.213207,0.0146031,0.014509,-0.0145237,-0.0145928,0.0866601,-0.00618721,0.0862967,0.0109829,0.0015095,0.0017727,0.00985935,0.009907,0.0640153,0.0193515,0.0189411,0.00476267,0.00476266,2.46446E-07,2.4703E-07,0.00384735,0.00383294,1.67218E-07,0,5.96476E-05,0,0.214136,0.214137,3.77756,3.48499
B,10,20000,3.818,1,5,0.19771,0.196484,0.0173524,0.0117192,-0.0118622,-0.0173054,0.0862202,-0.00562351,0.0861743,0.010975,0.00151167,0.00174665,0.00979365,0.0099452,0.0640395,0.0191996,0.0190528,0.00484315,0.00486036,2.72579E-07,2.78284E-07,0.00387454,0.00383176,7.12459E-07,0,0.000123121,0,0.197698,0.197708,11.8764,3.48499
