 2.00000000e-01 -5.45081065e+00  2.00000000e-01  6.78862338e+01 
 2.02316202e-01 -5.36511122e+00  2.02316202e-01  6.76552004e+01 
 2.04659228e-01 -5.27969658e+00  2.04659228e-01  6.74222680e+01 
 2.07029388e-01 -5.19457140e+00  2.07029388e-01  6.71874366e+01 
 2.09426997e-01 -5.10974041e+00  2.09426997e-01  6.69507065e+01 
 2.11852373e-01 -5.02520836e+00  2.11852373e-01  6.67120788e+01 
 2.14305837e-01 -4.94098004e+00  2.14305837e-01  6.64715549e+01 
 2.16787715e-01 -4.85706027e+00  2.16787715e-01  6.62291368e+01 
 2.19298335e-01 -4.77345392e+00  2.19298335e-01  6.59848271e+01 
 2.21838031e-01 -4.69016586e+00  2.21838031e-01  6.57386290e+01 
 2.24407140e-01 -4.60720102e+00  2.24407140e-01  6.54905462e+01 
 2.27006001e-01 -4.52456434e+00  2.27006001e-01  6.52405829e+01 
 2.29634959e-01 -4.44226078e+00  2.29634959e-01  6.49887441e+01 
 2.32294364e-01 -4.36029534e+00  2.32294364e-01  6.47350354e+01 
 2.34984567e-01 -4.27867303e+00  2.34984567e-01  6.44794629e+01 
 2.37705925e-01 -4.19739889e+00  2.37705925e-01  6.42220335e+01 
 2.40458800e-01 -4.11647795e+00  2.40458800e-01  6.39627544e+01 
 2.43243555e-01 -4.03591529e+00  2.43243555e-01  6.37016340e+01 
 2.46060561e-01 -3.95571598e+00  2.46060561e-01  6.34386808e+01 
 2.48910190e-01 -3.87588512e+00  2.48910190e-01  6.31739044e+01 
 2.51792821e-01 -3.79642778e+00  2.51792821e-01  6.29073149e+01 
 2.54708836e-01 -3.71734909e+00  2.54708836e-01  6.26389232e+01 
 2.57658622e-01 -3.63865413e+00  2.57658622e-01  6.23687407e+01 
 2.60642568e-01 -3.56034801e+00  2.60642568e-01  6.20967797e+01 
 2.63661072e-01 -3.48243584e+00  2.63661072e-01  6.18230531e+01 
 2.66714534e-01 -3.40492270e+00  2.66714534e-01  6.15475748e+01 
 2.69803357e-01 -3.32781369e+00  2.69803357e-01  6.12703589e+01 
 2.72927952e-01 -3.25111387e+00  2.72927952e-01  6.09914209e+01 
 2.76088733e-01 -3.17482832e+00  2.76088733e-01  6.07107765e+01 
 2.79286119e-01 -3.09896206e+00  2.79286119e-01  6.04284423e+01 
 2.82520534e-01 -3.02352014e+00  2.82520534e-01  6.01444360e+01 
 2.85792407e-01 -2.94850754e+00  2.85792407e-01  5.98587754e+01 
 2.89102171e-01 -2.87392924e+00  2.89102171e-01  5.95714798e+01 
 2.92450266e-01 -2.79979018e+00  2.92450266e-01  5.92825686e+01 
 2.95837135e-01 -2.72609526e+00  2.95837135e-01  5.89920624e+01 
 2.99263228e-01 -2.65284937e+00  2.99263228e-01  5.86999824e+01 
 3.02728998e-01 -2.58005733e+00  3.02728998e-01  5.84063506e+01 
 3.06234905e-01 -2.50772392e+00  3.06234905e-01  5.81111899e+01 
 3.09781414e-01 -2.43585390e+00  3.09781414e-01  5.78145236e+01 
 3.13368996e-01 -2.36445194e+00  3.13368996e-01  5.75163761e+01 
 3.16998125e-01 -2.29352268e+00  3.16998125e-01  5.72167724e+01 
 3.20669283e-01 -2.22307069e+00  3.20669283e-01  5.69157385e+01 
 3.24382957e-01 -2.15310050e+00  3.24382957e-01  5.66133008e+01 
 3.28139639e-01 -2.08361655e+00  3.28139639e-01  5.63094866e+01 
 3.31939827e-01 -2.01462323e+00  3.31939827e-01  5.60043241e+01 
 3.35784025e-01 -1.94612483e+00  3.35784025e-01  5.56978419e+01 
 3.39672743e-01 -1.87812560e+00  3.39672743e-01  5.53900697e+01 
 3.43606496e-01 -1.81062968e+00  3.43606496e-01  5.50810376e+01 
 3.47585805e-01 -1.74364115e+00  3.47585805e-01  5.47707767e+01 
 3.51611200e-01 -1.67716398e+00  3.51611200e-01  5.44593185e+01 
 3.55683212e-01 -1.61120208e+00  3.55683212e-01  5.41466954e+01 
 3.59802383e-01 -1.54575925e+00  3.59802383e-01  5.38329404e+01 
 3.63969257e-01 -1.48083917e+00  3.63969257e-01  5.35180872e+01 
 3.68184388e-01 -1.41644547e+00  3.68184388e-01  5.32021701e+01 
 3.72448335e-01 -1.35258163e+00  3.72448335e-01  5.28852240e+01 
 3.76761663e-01 -1.28925104e+00  3.76761663e-01  5.25672845e+01 
 3.81124943e-01 -1.22645700e+00  3.81124943e-01  5.22483877e+01 
 3.85538754e-01 -1.16420267e+00  3.85538754e-01  5.19285705e+01 
 3.90003682e-01 -1.10249110e+00  3.90003682e-01  5.16078701e+01 
 3.94520318e-01 -1.04132522e+00  3.94520318e-01  5.12863244e+01 
 3.99089261e-01 -9.80707844e-01  3.99089261e-01  5.09639718e+01 
 4.03711118e-01 -9.20641664e-01  4.03711118e-01  5.06408511e+01 
 4.08386500e-01 -8.61129235e-01  4.08386500e-01  5.03170017e+01 
 4.13116027e-01 -8.02172987e-01  4.13116027e-01  4.99924635e+01 
 4.17900328e-01 -7.43775217e-01  4.17900328e-01  4.96672768e+01 
 4.22740035e-01 -6.85938086e-01  4.22740035e-01  4.93414821e+01 
 4.27635791e-01 -6.28663621e-01  4.27635791e-01  4.90151206e+01 
 4.32588245e-01 -5.71953706e-01  4.32588245e-01  4.86882337e+01 
 4.37598053e-01 -5.15810089e-01  4.37598053e-01  4.83608633e+01 
 4.42665880e-01 -4.60234370e-01  4.42665880e-01  4.80330513e+01 
 4.47792398e-01 -4.05228009e-01  4.47792398e-01  4.77048402e+01 
 4.52978286e-01 -3.50792317e-01  4.52978286e-01  4.73762726e+01 
 4.58224231e-01 -2.96928461e-01  4.58224231e-01  4.70473914e+01 
 4.63530930e-01 -2.43637455e-01  4.63530930e-01  4.67182397e+01 
 4.68899086e-01 -1.90920168e-01  4.68899086e-01  4.63888608e+01 
 4.74329410e-01 -1.38777316e-01  4.74329410e-01  4.60592979e+01 
 4.79822623e-01 -8.72094645e-02  4.79822623e-01  4.57295947e+01 
 4.85379453e-01 -3.62170267e-02  4.85379453e-01  4.53997949e+01 
 4.91000637e-01  1.41997361e-02  4.91000637e-01  4.50699420e+01 
 4.96686920e-01  6.40407151e-02  4.96686920e-01  4.47400798e+01 
 5.02439056e-01  1.13305954e-01  5.02439056e-01  4.44102521e+01 
 5.08257807e-01  1.61995650e-01  5.08257807e-01  4.40805025e+01 
 5.14143945e-01  2.10110151e-01  5.14143945e-01  4.37508747e+01 
 5.20098251e-01  2.57649959e-01  5.20098251e-01  4.34214123e+01 
 5.26121513e-01  3.04615726e-01  5.26121513e-01  4.30921588e+01 
 5.32214531e-01  3.51008255e-01  5.32214531e-01  4.27631574e+01 
 5.38378112e-01  3.96828500e-01  5.38378112e-01  4.24344513e+01 
 5.44613074e-01  4.42077562e-01  5.44613074e-01  4.21060835e+01 
 5.50920243e-01  4.86756693e-01  5.50920243e-01  4.17780968e+01 
 5.57300455e-01  5.30867287e-01  5.57300455e-01  4.14505336e+01 
 5.63754556e-01  5.74410887e-01  5.63754556e-01  4.11234361e+01 
 5.70283403e-01  6.17389177e-01  5.70283403e-01  4.07968464e+01 
 5.76887860e-01  6.59803985e-01  5.76887860e-01  4.04708058e+01 
 5.83568804e-01  7.01657277e-01  5.83568804e-01  4.01453558e+01 
 5.90327119e-01  7.42951156e-01  5.90327119e-01  3.98205371e+01 
 5.97163703e-01  7.83687864e-01  5.97163703e-01  3.94963902e+01 
 6.04079461e-01  8.23869773e-01  6.04079461e-01  3.91729551e+01 
 6.11075310e-01  8.63499388e-01  6.11075310e-01  3.88502713e+01 
 6.18152179e-01  9.02579341e-01  6.18152179e-01  3.85283780e+01 
 6.25311005e-01  9.41112391e-01  6.25311005e-01  3.82073138e+01 
 6.32552737e-01  9.79101421e-01  6.32552737e-01  3.78871168e+01 
 6.39878336e-01  1.01654943e+00  6.39878336e-01  3.75678244e+01 
 6.47288773e-01  1.05345954e+00  6.47288773e-01  3.72494738e+01 
 6.54785030e-01  1.08983499e+00  6.54785030e-01  3.69321012e+01 
 6.62368101e-01  1.12567912e+00  6.62368101e-01  3.66157425e+01 
 6.70038992e-01  1.16099538e+00  6.70038992e-01  3.63004330e+01 
 6.77798719e-01  1.19578734e+00  6.77798719e-01  3.59862073e+01 
 6.85648312e-01  1.23005865e+00  6.85648312e-01  3.56730992e+01 
 6.93588812e-01  1.26381308e+00  6.93588812e-01  3.53611420e+01 
 7.01621270e-01  1.29705447e+00  7.01621270e-01  3.50503684e+01 
 7.09746752e-01  1.32978677e+00  7.09746752e-01  3.47408104e+01 
 7.17966335e-01  1.36201402e+00  7.17966335e-01  3.44324991e+01 
 7.26281110e-01  1.39374034e+00  7.26281110e-01  3.41254652e+01 
 7.34692178e-01  1.42496992e+00  7.34692178e-01  3.38197383e+01 
 7.43200655e-01  1.45570703e+00  7.43200655e-01  3.35153477e+01 
 7.51807668e-01  1.48595604e+00  7.51807668e-01  3.32123217e+01 
 7.60514359e-01  1.51572136e+00  7.60514359e-01  3.29106880e+01 
 7.69321883e-01  1.54500748e+00  7.69321883e-01  3.26104733e+01 
 7.78231406e-01  1.57381895e+00  7.78231406e-01  3.23117040e+01 
 7.87244111e-01  1.60216038e+00  7.87244111e-01  3.20144052e+01 
 7.96361192e-01  1.63003643e+00  7.96361192e-01  3.17186018e+01 
 8.05583858e-01  1.65745183e+00  8.05583858e-01  3.14243174e+01 
 8.14913332e-01  1.68441134e+00  8.14913332e-01  3.11315752e+01 
 8.24350851e-01  1.71091977e+00  8.24350851e-01  3.08403976e+01 
 8.33897665e-01  1.73698199e+00  8.33897665e-01  3.05508060e+01 
 8.43555041e-01  1.76260287e+00  8.43555041e-01  3.02628214e+01 
 8.53324260e-01  1.78778736e+00  8.53324260e-01  2.99764636e+01 
 8.63206616e-01  1.81254040e+00  8.63206616e-01  2.96917519e+01 
 8.73203419e-01  1.83686700e+00  8.73203419e-01  2.94087049e+01 
 8.83315996e-01  1.86077216e+00  8.83315996e-01  2.91273403e+01 
 8.93545686e-01  1.88426091e+00  8.93545686e-01  2.88476750e+01 
 9.03893847e-01  1.90733831e+00  9.03893847e-01  2.85697253e+01 
 9.14361849e-01  1.93000944e+00  9.14361849e-01  2.82935067e+01 
 9.24951082e-01  1.95227937e+00  9.24951082e-01  2.80190338e+01 
 9.35662949e-01  1.97415319e+00  9.35662949e-01  2.77463208e+01 
 9.46498870e-01  1.99563600e+00  9.46498870e-01  2.74753808e+01 
 9.57460281e-01  2.01673292e+00  9.57460281e-01  2.72062264e+01 
 9.68548637e-01  2.03744902e+00  9.68548637e-01  2.69388695e+01 
 9.79765408e-01  2.05778943e+00  9.79765408e-01  2.66733211e+01 
 9.91112080e-01  2.07775924e+00  9.91112080e-01  2.64095918e+01 
 1.00259016e+00  2.09736354e+00  1.00259016e+00  2.61476911e+01 
 1.01420116e+00  2.11660741e+00  1.01420116e+00  2.58876283e+01 
 1.02594664e+00  2.13549592e+00  1.02594664e+00  2.56294116e+01 
 1.03782813e+00  2.15403412e+00  1.03782813e+00  2.53730488e+01 
 1.04984723e+00  2.17222706e+00  1.04984723e+00  2.51185470e+01 
 1.06200552e+00  2.19007976e+00  1.06200552e+00  2.48659125e+01 
 1.07430462e+00  2.20759722e+00  1.07430462e+00  2.46151513e+01 
 1.08674615e+00  2.22478441e+00  1.08674615e+00  2.43662684e+01 
 1.09933176e+00  2.24164629e+00  1.09933176e+00  2.41192684e+01 
 1.11206313e+00  2.25818779e+00  1.11206313e+00  2.38741554e+01 
 1.12494195e+00  2.27441381e+00  1.12494195e+00  2.36309327e+01 
 1.13796991e+00  2.29032922e+00  1.13796991e+00  2.33896031e+01 
 1.15114875e+00  2.30593885e+00  1.15114875e+00  2.31501689e+01 
 1.16448021e+00  2.32124751e+00  1.16448021e+00  2.29126317e+01 
 1.17796607e+00  2.33625998e+00  1.17796607e+00  2.26769929e+01 
 1.19160810e+00  2.35098098e+00  1.19160810e+00  2.24432529e+01 
 1.20540813e+00  2.36541521e+00  1.20540813e+00  2.22114119e+01 
 1.21936797e+00  2.37956734e+00  1.21936797e+00  2.19814697e+01 
 1.23348948e+00  2.39344198e+00  1.23348948e+00  2.17534252e+01 
 1.24777453e+00  2.40704372e+00  1.24777453e+00  2.15272772e+01 
 1.26222502e+00  2.42037708e+00  1.26222502e+00  2.13030239e+01 
 1.27684286e+00  2.43344656e+00  1.27684286e+00  2.10806630e+01 
 1.29162999e+00  2.44625662e+00  1.29162999e+00  2.08601918e+01 
 1.30658837e+00  2.45881166e+00  1.30658837e+00  2.06416073e+01 
 1.32171998e+00  2.47111604e+00  1.32171998e+00  2.04249058e+01 
 1.33702683e+00  2.48317408e+00  1.33702683e+00  2.02100835e+01 
 1.35251095e+00  2.49499003e+00  1.35251095e+00  1.99971361e+01 
 1.36817439e+00  2.50656813e+00  1.36817439e+00  1.97860588e+01 
 1.38401923e+00  2.51791255e+00  1.38401923e+00  1.95768466e+01 
 1.40004757e+00  2.52902740e+00  1.40004757e+00  1.93694940e+01 
 1.41626153e+00  2.53991676e+00  1.41626153e+00  1.91639953e+01 
 1.43266327e+00  2.55058467e+00  1.43266327e+00  1.89603444e+01 
 1.44925496e+00  2.56103509e+00  1.44925496e+00  1.87585349e+01 
 1.46603879e+00  2.57127195e+00  1.46603879e+00  1.85585600e+01 
 1.48301700e+00  2.58129912e+00  1.48301700e+00  1.83604128e+01 
 1.50019183e+00  2.59112044e+00  1.50019183e+00  1.81640858e+01 
 1.51756557e+00  2.60073967e+00  1.51756557e+00  1.79695716e+01 
 1.53514051e+00  2.61016054e+00  1.53514051e+00  1.77768623e+01 
 1.55291899e+00  2.61938672e+00  1.55291899e+00  1.75859497e+01 
 1.57090335e+00  2.62842184e+00  1.57090335e+00  1.73968255e+01 
 1.58909600e+00  2.63726947e+00  1.58909600e+00  1.72094812e+01 
 1.60749933e+00  2.64593311e+00  1.60749933e+00  1.70239078e+01 
 1.62611580e+00  2.65441626e+00  1.62611580e+00  1.68400964e+01 
 1.64494786e+00  2.66272232e+00  1.64494786e+00  1.66580378e+01 
 1.66399802e+00  2.67085466e+00  1.66399802e+00  1.64777225e+01 
 1.68326879e+00  2.67881660e+00  1.68326879e+00  1.62991408e+01 
 1.70276274e+00  2.68661141e+00  1.70276274e+00  1.61222830e+01 
 1.72248245e+00  2.69424230e+00  1.72248245e+00  1.59471392e+01 
 1.74243054e+00  2.70171245e+00  1.74243054e+00  1.57736992e+01 
 1.76260964e+00  2.70902497e+00  1.76260964e+00  1.56019526e+01 
 1.78302244e+00  2.71618293e+00  1.78302244e+00  1.54318892e+01 
 1.80367164e+00  2.72318935e+00  1.80367164e+00  1.52634983e+01 
 1.82455997e+00  2.73004720e+00  1.82455997e+00  1.50967692e+01 
 1.84569022e+00  2.73675940e+00  1.84569022e+00  1.49316912e+01 
 1.86706517e+00  2.74332883e+00  1.86706517e+00  1.47682532e+01 
 1.88868767e+00  2.74975832e+00  1.88868767e+00  1.46064444e+01 
 1.91056058e+00  2.75605065e+00  1.91056058e+00  1.44462534e+01 
 1.93268680e+00  2.76220854e+00  1.93268680e+00  1.42876692e+01 
 1.95506926e+00  2.76823470e+00  1.95506926e+00  1.41306805e+01 
 1.97771094e+00  2.77413175e+00  1.97771094e+00  1.39752757e+01 
 2.00061483e+00  2.77990230e+00  2.00061483e+00  1.38214436e+01 
 2.02378396e+00  2.78554890e+00  2.02378396e+00  1.36691725e+01 
 2.04722142e+00  2.79107405e+00  2.04722142e+00  1.35184508e+01 
 2.07093031e+00  2.79648021e+00  2.07093031e+00  1.33692670e+01 
 2.09491378e+00  2.80176981e+00  2.09491378e+00  1.32216093e+01 
 2.11917499e+00  2.80694522e+00  2.11917499e+00  1.30754661e+01 
 2.14371718e+00  2.81200877e+00  2.14371718e+00  1.29308255e+01 
 2.16854358e+00  2.81696275e+00  2.16854358e+00  1.27876757e+01 
 2.19365751e+00  2.82180942e+00  2.19365751e+00  1.26460049e+01 
 2.21906227e+00  2.82655099e+00  2.21906227e+00  1.25058013e+01 
 2.24476125e+00  2.83118961e+00  2.24476125e+00  1.23670529e+01 
 2.27075785e+00  2.83572742e+00  2.27075785e+00  1.22297480e+01 
 2.29705552e+00  2.84016652e+00  2.29705552e+00  1.20938745e+01 
 2.32365774e+00  2.84450894e+00  2.32365774e+00  1.19594207e+01 
 2.35056804e+00  2.84875670e+00  2.35056804e+00  1.18263745e+01 
 2.37778999e+00  2.85291178e+00  2.37778999e+00  1.16947242e+01 
 2.40532720e+00  2.85697610e+00  2.40532720e+00  1.15644577e+01 
 2.43318331e+00  2.86095158e+00  2.43318331e+00  1.14355633e+01 
 2.46136203e+00  2.86484007e+00  2.46136203e+00  1.13080290e+01 
 2.48986709e+00  2.86864341e+00  2.48986709e+00  1.11818430e+01 
 2.51870226e+00  2.87236338e+00  2.51870226e+00  1.10569934e+01 
 2.54787137e+00  2.87600174e+00  2.54787137e+00  1.09334685e+01 
 2.57737829e+00  2.87956022e+00  2.57737829e+00  1.08112565e+01 
 2.60722693e+00  2.88304050e+00  2.60722693e+00  1.06903455e+01 
 2.63742125e+00  2.88644425e+00  2.63742125e+00  1.05707240e+01 
 2.66796525e+00  2.88977310e+00  2.66796525e+00  1.04523801e+01 
 2.69886298e+00  2.89302862e+00  2.69886298e+00  1.03353023e+01 
 2.73011854e+00  2.89621239e+00  2.73011854e+00  1.02194789e+01 
 2.76173606e+00  2.89932594e+00  2.76173606e+00  1.01048984e+01 
 2.79371975e+00  2.90237076e+00  2.79371975e+00  9.99154926e+00 
 2.82607385e+00  2.90534833e+00  2.82607385e+00  9.87941994e+00 
 2.85880263e+00  2.90826008e+00  2.85880263e+00  9.76849904e+00 
 2.89191045e+00  2.91110744e+00  2.89191045e+00  9.65877520e+00 
 2.92540169e+00  2.91389177e+00  2.92540169e+00  9.55023707e+00 
 2.95928080e+00  2.91661445e+00  2.95928080e+00  9.44287339e+00 
 2.99355225e+00  2.91927679e+00  2.99355225e+00  9.33667293e+00 
 3.02822061e+00  2.92188010e+00  3.02822061e+00  9.23162453e+00 
 3.06329046e+00  2.92442565e+00  3.06329046e+00  9.12771709e+00 
 3.09876645e+00  2.92691469e+00  3.09876645e+00  9.02493957e+00 
 3.13465329e+00  2.92934845e+00  3.13465329e+00  8.92328099e+00 
 3.17095574e+00  2.93172812e+00  3.17095574e+00  8.82273042e+00 
 3.20767861e+00  2.93405487e+00  3.20767861e+00  8.72327702e+00 
 3.24482676e+00  2.93632986e+00  3.24482676e+00  8.62491000e+00 
 3.28240513e+00  2.93855421e+00  3.28240513e+00  8.52761863e+00 
 3.32041869e+00  2.94072902e+00  3.32041869e+00  8.43139225e+00 
 3.35887249e+00  2.94285537e+00  3.35887249e+00  8.33622029e+00 
 3.39777162e+00  2.94493432e+00  3.39777162e+00  8.24209222e+00 
 3.43712125e+00  2.94696691e+00  3.43712125e+00  8.14899759e+00 
 3.47692658e+00  2.94895414e+00  3.47692658e+00  8.05692604e+00 
 3.51719290e+00  2.95089700e+00  3.51719290e+00  7.96586725e+00 
 3.55792554e+00  2.95279648e+00  3.55792554e+00  7.87581099e+00 
 3.59912991e+00  2.95465352e+00  3.59912991e+00  7.78674710e+00 
 3.64081146e+00  2.95646905e+00  3.64081146e+00  7.69866549e+00 
 3.68297573e+00  2.95824398e+00  3.68297573e+00  7.61155615e+00 
 3.72562831e+00  2.95997920e+00  3.72562831e+00  7.52540915e+00 
 3.76877484e+00  2.96167559e+00  3.76877484e+00  7.44021461e+00 
 3.81242106e+00  2.96333401e+00  3.81242106e+00  7.35596275e+00 
 3.85657274e+00  2.96495528e+00  3.85657274e+00  7.27264386e+00 
 3.90123574e+00  2.96654022e+00  3.90123574e+00  7.19024829e+00 
 3.94641599e+00  2.96808964e+00  3.94641599e+00  7.10876650e+00 
 3.99211947e+00  2.96960432e+00  3.99211947e+00  7.02818898e+00 
 4.03835224e+00  2.97108503e+00  4.03835224e+00  6.94850634e+00 
 4.08512043e+00  2.97253252e+00  4.08512043e+00  6.86970925e+00 
 4.13243025e+00  2.97394752e+00  4.13243025e+00  6.79178844e+00 
 4.18028796e+00  2.97533076e+00  4.18028796e+00  6.71473473e+00 
 4.22869991e+00  2.97668293e+00  4.22869991e+00  6.63853904e+00 
 4.27767252e+00  2.97800472e+00  4.27767252e+00  6.56319233e+00 
 4.32721228e+00  2.97929681e+00  4.32721228e+00  6.48868565e+00 
 4.37732577e+00  2.98055986e+00  4.37732577e+00  6.41501014e+00 
 4.42801962e+00  2.98179451e+00  4.42801962e+00  6.34215699e+00 
 4.47930055e+00  2.98300139e+00  4.47930055e+00  6.27011751e+00 
 4.53117537e+00  2.98418112e+00  4.53117537e+00  6.19888303e+00 
 4.58365095e+00  2.98533430e+00  4.58365095e+00  6.12844501e+00 
 4.63673425e+00  2.98646152e+00  4.63673425e+00  6.05879494e+00 
 4.69043232e+00  2.98756337e+00  4.69043232e+00  5.98992443e+00 
 4.74475225e+00  2.98864040e+00  4.74475225e+00  5.92182513e+00 
 4.79970127e+00  2.98969317e+00  4.79970127e+00  5.85448879e+00 
 4.85528665e+00  2.99072222e+00  4.85528665e+00  5.78790723e+00 
 4.91151577e+00  2.99172808e+00  4.91151577e+00  5.72207232e+00 
 4.96839608e+00  2.99271126e+00  4.96839608e+00  5.65697605e+00 
 5.02593512e+00  2.99367228e+00  5.02593512e+00  5.59261045e+00 
 5.08414052e+00  2.99461162e+00  5.08414052e+00  5.52896763e+00 
 5.14302000e+00  2.99552978e+00  5.14302000e+00  5.46603980e+00 
 5.20258136e+00  2.99642722e+00  5.20258136e+00  5.40381920e+00 
 5.26283250e+00  2.99730441e+00  5.26283250e+00  5.34229818e+00 
 5.32378141e+00  2.99816181e+00  5.32378141e+00  5.28146915e+00 
 5.38543617e+00  2.99899984e+00  5.38543617e+00  5.22132460e+00 
 5.44780495e+00  2.99981896e+00  5.44780495e+00  5.16185707e+00 
 5.51089603e+00  3.00061958e+00  5.51089603e+00  5.10305920e+00 
 5.57471776e+00  3.00140211e+00  5.57471776e+00  5.04492369e+00 
 5.63927862e+00  3.00216697e+00  5.63927862e+00  4.98744330e+00 
 5.70458716e+00  3.00291454e+00  5.70458716e+00  4.93061088e+00 
 5.77065203e+00  3.00364522e+00  5.77065203e+00  4.87441934e+00 
 5.83748200e+00  3.00435938e+00  5.83748200e+00  4.81886166e+00 
 5.90508593e+00  3.00505740e+00  5.90508593e+00  4.76393090e+00 
 5.97347279e+00  3.00573964e+00  5.97347279e+00  4.70962017e+00 
 6.04265163e+00  3.00640645e+00  6.04265163e+00  4.65592267e+00 
 6.11263163e+00  3.00705818e+00  6.11263163e+00  4.60283165e+00 
 6.18342207e+00  3.00769516e+00  6.18342207e+00  4.55034044e+00 
 6.25503234e+00  3.00831774e+00  6.25503234e+00  4.49844242e+00 
 6.32747192e+00  3.00892623e+00  6.32747192e+00  4.44713107e+00 
 6.40075043e+00  3.00952095e+00  6.40075043e+00  4.39639990e+00 
 6.47487758e+00  3.01010221e+00  6.47487758e+00  4.34624251e+00 
 6.54986319e+00  3.01067031e+00  6.54986319e+00  4.29665256e+00 
 6.62571722e+00  3.01122555e+00  6.62571722e+00  4.24762376e+00 
 6.70244971e+00  3.01176822e+00  6.70244971e+00  4.19914991e+00 
 6.78007084e+00  3.01229860e+00  6.78007084e+00  4.15122485e+00 
 6.85859090e+00  3.01281697e+00  6.85859090e+00  4.10384250e+00 
 6.93802030e+00  3.01332360e+00  6.93802030e+00  4.05699683e+00 
 7.01836957e+00  3.01381876e+00  7.01836957e+00  4.01068189e+00 
 7.09964937e+00  3.01430269e+00  7.09964937e+00  3.96489178e+00 
 7.18187048e+00  3.01477566e+00  7.18187048e+00  3.91962065e+00 
 7.26504378e+00  3.01523792e+00  7.26504378e+00  3.87486274e+00 
 7.34918032e+00  3.01568970e+00  7.34918032e+00  3.83061232e+00 
 7.43429124e+00  3.01613124e+00  7.43429124e+00  3.78686374e+00 
 7.52038784e+00  3.01656277e+00  7.52038784e+00  3.74361141e+00 
 7.60748151e+00  3.01698452e+00  7.60748151e+00  3.70084978e+00 
 7.69558382e+00  3.01739671e+00  7.69558382e+00  3.65857338e+00 
 7.78470645e+00  3.01779955e+00  7.78470645e+00  3.61677679e+00 
 7.87486120e+00  3.01819326e+00  7.87486120e+00  3.57545464e+00 
 7.96606004e+00  3.01857804e+00  7.96606004e+00  3.53460163e+00 
 8.05831505e+00  3.01895410e+00  8.05831505e+00  3.49421250e+00 
 8.15163847e+00  3.01932162e+00  8.15163847e+00  3.45428206e+00 
 8.24604267e+00  3.01968081e+00  8.24604267e+00  3.41480517e+00 
 8.34154016e+00  3.02003186e+00  8.34154016e+00  3.37577675e+00 
 8.43814361e+00  3.02037494e+00  8.43814361e+00  3.33719176e+00 
 8.53586583e+00  3.02071023e+00  8.53586583e+00  3.29904524e+00 
 8.63471977e+00  3.02103792e+00  8.63471977e+00  3.26133226e+00 
 8.73471853e+00  3.02135817e+00  8.73471853e+00  3.22404794e+00 
 8.83587539e+00  3.02167116e+00  8.83587539e+00  3.18718748e+00 
 8.93820374e+00  3.02197704e+00  8.93820374e+00  3.15074610e+00 
 9.04171716e+00  3.02227598e+00  9.04171716e+00  3.11471910e+00 
 9.14642936e+00  3.02256814e+00  9.14642936e+00  3.07910180e+00 
 9.25235424e+00  3.02285366e+00  9.25235424e+00  3.04388961e+00 
 9.35950584e+00  3.02313271e+00  9.35950584e+00  3.00907794e+00 
 9.46789836e+00  3.02340542e+00  9.46789836e+00  2.97466231e+00 
 9.57754617e+00  3.02367194e+00  9.57754617e+00  2.94063823e+00 
 9.68846382e+00  3.02393240e+00  9.68846382e+00  2.90700129e+00 
 9.80066601e+00  3.02418696e+00  9.80066601e+00  2.87374713e+00 
 9.91416761e+00  3.02443573e+00  9.91416761e+00  2.84087143e+00 
 1.00289837e+01  3.02467886e+00  1.00289837e+01  2.80836991e+00 
 1.01451294e+01  3.02491646e+00  1.01451294e+01  2.77623835e+00 
 1.02626203e+01  3.02514867e+00  1.02626203e+01  2.74447256e+00 
 1.03814717e+01  3.02537561e+00  1.03814717e+01  2.71306843e+00 
 1.05016997e+01  3.02559739e+00  1.05016997e+01  2.68202185e+00 
 1.06233199e+01  3.02581414e+00  1.06233199e+01  2.65132878e+00 
 1.07463487e+01  3.02602596e+00  1.07463487e+01  2.62098523e+00 
 1.08708023e+01  3.02623297e+00  1.08708023e+01  2.59098724e+00 
 1.09966971e+01  3.02643528e+00  1.09966971e+01  2.56133089e+00 
 1.11240500e+01  3.02663300e+00  1.11240500e+01  2.53201233e+00 
 1.12528777e+01  3.02682622e+00  1.12528777e+01  2.50302771e+00 
 1.13831974e+01  3.02701505e+00  1.13831974e+01  2.47437327e+00 
 1.15150263e+01  3.02719960e+00  1.15150263e+01  2.44604525e+00 
 1.16483819e+01  3.02737995e+00  1.16483819e+01  2.41803997e+00 
 1.17832819e+01  3.02755620e+00  1.17832819e+01  2.39035374e+00 
 1.19197442e+01  3.02772845e+00  1.19197442e+01  2.36298297e+00 
 1.20577869e+01  3.02789679e+00  1.20577869e+01  2.33592406e+00 
 1.21974282e+01  3.02806130e+00  1.21974282e+01  2.30917348e+00 
 1.23386867e+01  3.02822207e+00  1.23386867e+01  2.28272773e+00 
 1.24815812e+01  3.02837919e+00  1.24815812e+01  2.25658335e+00 
 1.26261305e+01  3.02853274e+00  1.26261305e+01  2.23073692e+00 
 1.27723538e+01  3.02868280e+00  1.27723538e+01  2.20518504e+00 
 1.29202705e+01  3.02882945e+00  1.29202705e+01  2.17992437e+00 
 1.30699003e+01  3.02897277e+00  1.30699003e+01  2.15495161e+00 
 1.32212629e+01  3.02911284e+00  1.32212629e+01  2.13026348e+00 
 1.33743785e+01  3.02924971e+00  1.33743785e+01  2.10585674e+00 
 1.35292673e+01  3.02938348e+00  1.35292673e+01  2.08172818e+00 
 1.36859499e+01  3.02951421e+00  1.36859499e+01  2.05787466e+00 
 1.38444470e+01  3.02964197e+00  1.38444470e+01  2.03429303e+00 
 1.40047796e+01  3.02976682e+00  1.40047796e+01  2.01098021e+00 
 1.41669691e+01  3.02988884e+00  1.41669691e+01  1.98793312e+00 
 1.43310369e+01  3.03000809e+00  1.43310369e+01  1.96514876e+00 
 1.44970048e+01  3.03012462e+00  1.44970048e+01  1.94262411e+00 
 1.46648947e+01  3.03023851e+00  1.46648947e+01  1.92035623e+00 
 1.48347290e+01  3.03034980e+00  1.48347290e+01  1.89834219e+00 
 1.50065301e+01  3.03045857e+00  1.50065301e+01  1.87657910e+00 
 1.51803209e+01  3.03056487e+00  1.51803209e+01  1.85506409e+00 
 1.53561243e+01  3.03066875e+00  1.53561243e+01  1.83379433e+00 
 1.55339637e+01  3.03077027e+00  1.55339637e+01  1.81276704e+00 
 1.57138627e+01  3.03086948e+00  1.57138627e+01  1.79197945e+00 
 1.58958451e+01  3.03096644e+00  1.58958451e+01  1.77142881e+00 
 1.60799350e+01  3.03106119e+00  1.60799350e+01  1.75111243e+00 
 1.62661569e+01  3.03115379e+00  1.62661569e+01  1.73102764e+00 
 1.64545354e+01  3.03124428e+00  1.64545354e+01  1.71117178e+00 
 1.66450955e+01  3.03133272e+00  1.66450955e+01  1.69154225e+00 
 1.68378625e+01  3.03141915e+00  1.68378625e+01  1.67213646e+00 
 1.70328619e+01  3.03150362e+00  1.70328619e+01  1.65295186e+00 
 1.72301197e+01  3.03158616e+00  1.72301197e+01  1.63398592e+00 
 1.74296618e+01  3.03166683e+00  1.74296618e+01  1.61523615e+00 
 1.76315149e+01  3.03174567e+00  1.76315149e+01  1.59670006e+00 
 1.78357056e+01  3.03182271e+00  1.78357056e+01  1.57837523e+00 
 1.80422611e+01  3.03189800e+00  1.80422611e+01  1.56025923e+00 
 1.82512087e+01  3.03197158e+00  1.82512087e+01  1.54234967e+00 
 1.84625761e+01  3.03204349e+00  1.84625761e+01  1.52464421e+00 
 1.86763914e+01  3.03211377e+00  1.86763914e+01  1.50714049e+00 
 1.88926828e+01  3.03218245e+00  1.88926828e+01  1.48983623e+00 
 1.91114791e+01  3.03224956e+00  1.91114791e+01  1.47272912e+00 
 1.93328093e+01  3.03231516e+00  1.93328093e+01  1.45581692e+00 
 1.95567028e+01  3.03237926e+00  1.95567028e+01  1.43909740e+00 
 1.97831891e+01  3.03244190e+00  1.97831891e+01  1.42256835e+00 
 2.00122984e+01  3.03250312e+00  2.00122984e+01  1.40622759e+00 
 2.02440610e+01  3.03256295e+00  2.02440610e+01  1.39007297e+00 
 2.04785077e+01  3.03262142e+00  2.04785077e+01  1.37410234e+00 
 2.07156695e+01  3.03267856e+00  2.07156695e+01  1.35831362e+00 
 2.09555778e+01  3.03273441e+00  2.09555778e+01  1.34270470e+00 
 2.11982645e+01  3.03278898e+00  2.11982645e+01  1.32727353e+00 
 2.14437618e+01  3.03284232e+00  2.14437618e+01  1.31201808e+00 
 2.16921022e+01  3.03289444e+00  2.16921022e+01  1.29693632e+00 
 2.19433187e+01  3.03294537e+00  2.19433187e+01  1.28202628e+00 
 2.21974444e+01  3.03299516e+00  2.21974444e+01  1.26728597e+00 
 2.24545132e+01  3.03304380e+00  2.24545132e+01  1.25271346e+00 
 2.27145591e+01  3.03309135e+00  2.27145591e+01  1.23830681e+00 
 2.29776167e+01  3.03313781e+00  2.29776167e+01  1.22406413e+00 
 2.32437206e+01  3.03318322e+00  2.32437206e+01  1.20998353e+00 
 2.35129064e+01  3.03322760e+00  2.35129064e+01  1.19606316e+00 
 2.37852095e+01  3.03327096e+00  2.37852095e+01  1.18230117e+00 
 2.40606663e+01  3.03331335e+00  2.40606663e+01  1.16869574e+00 
 2.43393131e+01  3.03335477e+00  2.43393131e+01  1.15524509e+00 
 2.46211869e+01  3.03339525e+00  2.46211869e+01  1.14194742e+00 
 2.49063250e+01  3.03343480e+00  2.49063250e+01  1.12880099e+00 
 2.51947654e+01  3.03347346e+00  2.51947654e+01  1.11580405e+00 
 2.54865462e+01  3.03351125e+00  2.54865462e+01  1.10295489e+00 
 2.57817061e+01  3.03354817e+00  2.57817061e+01  1.09025181e+00 
 2.60802843e+01  3.03358426e+00  2.60802843e+01  1.07769313e+00 
 2.63823203e+01  3.03361952e+00  2.63823203e+01  1.06527719e+00 
 2.66878542e+01  3.03365399e+00  2.66878542e+01  1.05300235e+00 
 2.69969265e+01  3.03368767e+00  2.69969265e+01  1.04086698e+00 
 2.73095781e+01  3.03372058e+00  2.73095781e+01  1.02886948e+00 
 2.76258506e+01  3.03375275e+00  2.76258506e+01  1.01700827e+00 
 2.79457858e+01  3.03378419e+00  2.79457858e+01  1.00528177e+00 
 2.82694262e+01  3.03381491e+00  2.82694262e+01  9.93688436e-01 
 2.85968147e+01  3.03384494e+00  2.85968147e+01  9.82226733e-01 
 2.89279946e+01  3.03387428e+00  2.89279946e+01  9.70895145e-01 
 2.92630100e+01  3.03390296e+00  2.92630100e+01  9.59692173e-01 
 2.96019052e+01  3.03393098e+00  2.96019052e+01  9.48616335e-01 
 2.99447251e+01  3.03395837e+00  2.99447251e+01  9.37666167e-01 
 3.02915152e+01  3.03398514e+00  3.02915152e+01  9.26840218e-01 
 3.06423215e+01  3.03401130e+00  3.06423215e+01  9.16137058e-01 
 3.09971905e+01  3.03403686e+00  3.09971905e+01  9.05555271e-01 
 3.13561693e+01  3.03406185e+00  3.13561693e+01  8.95093455e-01 
 3.17193054e+01  3.03408626e+00  3.17193054e+01  8.84750226e-01 
 3.20866469e+01  3.03411013e+00  3.20866469e+01  8.74524217e-01 
 3.24582427e+01  3.03413345e+00  3.24582427e+01  8.64414074e-01 
 3.28341419e+01  3.03415624e+00  3.28341419e+01  8.54418459e-01 
 3.32143943e+01  3.03417851e+00  3.32143943e+01  8.44536049e-01 
 3.35990505e+01  3.03420028e+00  3.35990505e+01  8.34765536e-01 
 3.39881614e+01  3.03422155e+00  3.39881614e+01  8.25105627e-01 
 3.43817786e+01  3.03424234e+00  3.43817786e+01  8.15555044e-01 
 3.47799543e+01  3.03426266e+00  3.47799543e+01  8.06112523e-01 
 3.51827413e+01  3.03428251e+00  3.51827413e+01  7.96776813e-01 
 3.55901929e+01  3.03430192e+00  3.55901929e+01  7.87546680e-01 
 3.60023633e+01  3.03432088e+00  3.60023633e+01  7.78420900e-01 
 3.64193070e+01  3.03433941e+00  3.64193070e+01  7.69398267e-01 
 3.68410793e+01  3.03435753e+00  3.68410793e+01  7.60477585e-01 
 3.72677361e+01  3.03437523e+00  3.72677361e+01  7.51657674e-01 
 3.76993341e+01  3.03439253e+00  3.76993341e+01  7.42937366e-01 
 3.81359304e+01  3.03440943e+00  3.81359304e+01  7.34315507e-01 
 3.85775830e+01  3.03442595e+00  3.85775830e+01  7.25790955e-01 
 3.90243503e+01  3.03444210e+00  3.90243503e+01  7.17362581e-01 
 3.94762917e+01  3.03445788e+00  3.94762917e+01  7.09029269e-01 
 3.99334670e+01  3.03447330e+00  3.99334670e+01  7.00789917e-01 
 4.03959368e+01  3.03448837e+00  4.03959368e+01  6.92643433e-01 
 4.08637625e+01  3.03450310e+00  4.08637625e+01  6.84588738e-01 
 4.13370061e+01  3.03451750e+00  4.13370061e+01  6.76624767e-01 
 4.18157303e+01  3.03453156e+00  4.18157303e+01  6.68750463e-01 
 4.22999987e+01  3.03454531e+00  4.22999987e+01  6.60964785e-01 
 4.27898753e+01  3.03455875e+00  4.27898753e+01  6.53266701e-01 
 4.32854253e+01  3.03457188e+00  4.32854253e+01  6.45655192e-01 
 4.37867142e+01  3.03458471e+00  4.37867142e+01  6.38129250e-01 
 4.42938085e+01  3.03459725e+00  4.42938085e+01  6.30687879e-01 
 4.48067755e+01  3.03460950e+00  4.48067755e+01  6.23330092e-01 
 4.53256831e+01  3.03462148e+00  4.53256831e+01  6.16054915e-01 
 4.58506003e+01  3.03463319e+00  4.58506003e+01  6.08861386e-01 
 4.63815965e+01  3.03464462e+00  4.63815965e+01  6.01748550e-01 
 4.69187422e+01  3.03465580e+00  4.69187422e+01  5.94715466e-01 
 4.74621085e+01  3.03466673e+00  4.74621085e+01  5.87761202e-01 
 4.80117676e+01  3.03467741e+00  4.80117676e+01  5.80884837e-01 
 4.85677923e+01  3.03468784e+00  4.85677923e+01  5.74085461e-01 
 4.91302564e+01  3.03469804e+00  4.91302564e+01  5.67362173e-01 
 4.96992343e+01  3.03470800e+00  4.96992343e+01  5.60714081e-01 
 5.02748016e+01  3.03471774e+00  5.02748016e+01  5.54140306e-01 
 5.08570345e+01  3.03472726e+00  5.08570345e+01  5.47639977e-01 
 5.14460103e+01  3.03473656e+00  5.14460103e+01  5.41212233e-01 
 5.20418070e+01  3.03474565e+00  5.20418070e+01  5.34856221e-01 
 5.26445036e+01  3.03475453e+00  5.26445036e+01  5.28571101e-01 
 5.32541801e+01  3.03476321e+00  5.32541801e+01  5.22356039e-01 
 5.38709172e+01  3.03477170e+00  5.38709172e+01  5.16210212e-01 
 5.44947968e+01  3.03477999e+00  5.44947968e+01  5.10132807e-01 
 5.51259015e+01  3.03478809e+00  5.51259015e+01  5.04123017e-01 
 5.57643151e+01  3.03479601e+00  5.57643151e+01  4.98180046e-01 
 5.64101221e+01  3.03480375e+00  5.64101221e+01  4.92303108e-01 
 5.70634082e+01  3.03481131e+00  5.70634082e+01  4.86491424e-01 
 5.77242601e+01  3.03481870e+00  5.77242601e+01  4.80744223e-01 
 5.83927652e+01  3.03482592e+00  5.83927652e+01  4.75060745e-01 
 5.90690124e+01  3.03483298e+00  5.90690124e+01  4.69440235e-01 
 5.97530911e+01  3.03483988e+00  5.97530911e+01  4.63881950e-01 
 6.04450922e+01  3.03484662e+00  6.04450922e+01  4.58385153e-01 
 6.11451073e+01  3.03485321e+00  6.11451073e+01  4.52949116e-01 
 6.18532294e+01  3.03485964e+00  6.18532294e+01  4.47573119e-01 
 6.25695522e+01  3.03486594e+00  6.25695522e+01  4.42256448e-01 
 6.32941707e+01  3.03487208e+00  6.32941707e+01  4.36998400e-01 
 6.40271811e+01  3.03487809e+00  6.40271811e+01  4.31798278e-01 
 6.47686804e+01  3.03488396e+00  6.47686804e+01  4.26655393e-01 
 6.55187671e+01  3.03488970e+00  6.55187671e+01  4.21569064e-01 
 6.62775405e+01  3.03489531e+00  6.62775405e+01  4.16538616e-01 
 6.70451013e+01  3.03490079e+00  6.70451013e+01  4.11563383e-01 
 6.78215512e+01  3.03490614e+00  6.78215512e+01  4.06642705e-01 
 6.86069932e+01  3.03491138e+00  6.86069932e+01  4.01775931e-01 
 6.94015314e+01  3.03491649e+00  6.94015314e+01  3.96962416e-01 
 7.02052711e+01  3.03492149e+00  7.02052711e+01  3.92201521e-01 
 7.10183190e+01  3.03492637e+00  7.10183190e+01  3.87492616e-01 
 7.18407828e+01  3.03493114e+00  7.18407828e+01  3.82835077e-01 
 7.26727715e+01  3.03493581e+00  7.26727715e+01  3.78228287e-01 
 7.35143955e+01  3.03494037e+00  7.35143955e+01  3.73671635e-01 
 7.43657664e+01  3.03494482e+00  7.43657664e+01  3.69164517e-01 
 7.52269970e+01  3.03494917e+00  7.52269970e+01  3.64706336e-01 
 7.60982015e+01  3.03495342e+00  7.60982015e+01  3.60296502e-01 
 7.69794955e+01  3.03495758e+00  7.69794955e+01  3.55934429e-01 
 7.78709957e+01  3.03496164e+00  7.78709957e+01  3.51619539e-01 
 7.87728204e+01  3.03496561e+00  7.87728204e+01  3.47351262e-01 
 7.96850891e+01  3.03496949e+00  7.96850891e+01  3.43129031e-01 
 8.06079229e+01  3.03497328e+00  8.06079229e+01  3.38952286e-01 
 8.15414439e+01  3.03497698e+00  8.15414439e+01  3.34820474e-01 
 8.24857761e+01  3.03498060e+00  8.24857761e+01  3.30733048e-01 
 8.34410446e+01  3.03498414e+00  8.34410446e+01  3.26689465e-01 
 8.44073761e+01  3.03498760e+00  8.44073761e+01  3.22689190e-01 
 8.53848987e+01  3.03499097e+00  8.53848987e+01  3.18731693e-01 
 8.63737419e+01  3.03499427e+00  8.63737419e+01  3.14816449e-01 
 8.73740370e+01  3.03499750e+00  8.73740370e+01  3.10942939e-01 
 8.83859165e+01  3.03500065e+00  8.83859165e+01  3.07110650e-01 
 8.94095146e+01  3.03500373e+00  8.94095146e+01  3.03319074e-01 
 9.04449670e+01  3.03500674e+00  9.04449670e+01  2.99567708e-01 
 9.14924110e+01  3.03500968e+00  9.14924110e+01  2.95856055e-01 
 9.25519854e+01  3.03501255e+00  9.25519854e+01  2.92183623e-01 
 9.36238307e+01  3.03501536e+00  9.36238307e+01  2.88549926e-01 
 9.47080892e+01  3.03501810e+00  9.47080892e+01  2.84954481e-01 
 9.58049044e+01  3.03502078e+00  9.58049044e+01  2.81396813e-01 
 9.69144218e+01  3.03502340e+00  9.69144218e+01  2.77876449e-01 
 9.80367886e+01  3.03502596e+00  9.80367886e+01  2.74392924e-01 
 9.91721535e+01  3.03502846e+00  9.91721535e+01  2.70945774e-01 
 1.00320667e+02  3.03503090e+00  1.00320667e+02  2.67534545e-01 
 1.01482482e+02  3.03503329e+00  1.01482482e+02  2.64158782e-01 
 1.02657751e+02  3.03503562e+00  1.02657751e+02  2.60818039e-01 
 1.03846632e+02  3.03503790e+00  1.03846632e+02  2.57511873e-01 
 1.05049280e+02  3.03504013e+00  1.05049280e+02  2.54239846e-01 
 1.06265857e+02  3.03504231e+00  1.06265857e+02  2.51001525e-01 
 1.07496523e+02  3.03504443e+00  1.07496523e+02  2.47796478e-01 
 1.08741441e+02  3.03504651e+00  1.08741441e+02  2.44624283e-01 
 1.10000777e+02  3.03504854e+00  1.10000777e+02  2.41484518e-01 
 1.11274697e+02  3.03505052e+00  1.11274697e+02  2.38376768e-01 
 1.12563370e+02  3.03505246e+00  1.12563370e+02  2.35300620e-01 
 1.13866967e+02  3.03505435e+00  1.13866967e+02  2.32255666e-01 
 1.15185661e+02  3.03505620e+00  1.15185661e+02  2.29241504e-01 
 1.16519628e+02  3.03505801e+00  1.16519628e+02  2.26257732e-01 
 1.17869043e+02  3.03505977e+00  1.17869043e+02  2.23303957e-01 
 1.19234085e+02  3.03506150e+00  1.19234085e+02  2.20379786e-01 
 1.20614936e+02  3.03506318e+00  1.20614936e+02  2.17484831e-01 
 1.22011779e+02  3.03506483e+00  1.22011779e+02  2.14618710e-01 
 1.23424798e+02  3.03506644e+00  1.23424798e+02  2.11781042e-01 
 1.24854182e+02  3.03506801e+00  1.24854182e+02  2.08971450e-01 
 1.26300119e+02  3.03506954e+00  1.26300119e+02  2.06189563e-01 
 1.27762802e+02  3.03507104e+00  1.27762802e+02  2.03435012e-01 
 1.29242424e+02  3.03507251e+00  1.29242424e+02  2.00707431e-01 
 1.30739182e+02  3.03507394e+00  1.30739182e+02  1.98006458e-01 
 1.32253273e+02  3.03507533e+00  1.32253273e+02  1.95331737e-01 
 1.33784900e+02  3.03507670e+00  1.33784900e+02  1.92682912e-01 
 1.35334264e+02  3.03507803e+00  1.35334264e+02  1.90059633e-01 
 1.36901571e+02  3.03507933e+00  1.36901571e+02  1.87461550e-01 
 1.38487029e+02  3.03508060e+00  1.38487029e+02  1.84888321e-01 
 1.40090849e+02  3.03508185e+00  1.40090849e+02  1.82339603e-01 
 1.41713242e+02  3.03508306e+00  1.41713242e+02  1.79815060e-01 
 1.43354425e+02  3.03508424e+00  1.43354425e+02  1.77314356e-01 
 1.45014614e+02  3.03508540e+00  1.45014614e+02  1.74837159e-01 
 1.46694029e+02  3.03508653e+00  1.46694029e+02  1.72383142e-01 
 1.48392894e+02  3.03508763e+00  1.48392894e+02  1.69951979e-01 
 1.50111433e+02  3.03508871e+00  1.50111433e+02  1.67543348e-01 
 1.51849875e+02  3.03508976e+00  1.51849875e+02  1.65156930e-01 
 1.53608450e+02  3.03509079e+00  1.53608450e+02  1.62792407e-01 
 1.55387391e+02  3.03509179e+00  1.55387391e+02  1.60449467e-01 
 1.57186933e+02  3.03509277e+00  1.57186933e+02  1.58127800e-01 
 1.59007317e+02  3.03509373e+00  1.59007317e+02  1.55827096e-01 
 1.60848782e+02  3.03509466e+00  1.60848782e+02  1.53547052e-01 
 1.62711573e+02  3.03509557e+00  1.62711573e+02  1.51287365e-01 
 1.64595937e+02  3.03509646e+00  1.64595937e+02  1.49047735e-01 
 1.66502124e+02  3.03509733e+00  1.66502124e+02  1.46827866e-01 
 1.68430387e+02  3.03509818e+00  1.68430387e+02  1.44627463e-01 
 1.70380981e+02  3.03509901e+00  1.70380981e+02  1.42446235e-01 
 1.72354164e+02  3.03509981e+00  1.72354164e+02  1.40283892e-01 
 1.74350199e+02  3.03510060e+00  1.74350199e+02  1.38140148e-01 
 1.76369351e+02  3.03510137e+00  1.76369351e+02  1.36014718e-01 
 1.78411886e+02  3.03510212e+00  1.78411886e+02  1.33907321e-01 
 1.80478075e+02  3.03510285e+00  1.80478075e+02  1.31817677e-01 
 1.82568193e+02  3.03510356e+00  1.82568193e+02  1.29745510e-01 
 1.84682517e+02  3.03510426e+00  1.84682517e+02  1.27690544e-01 
 1.86821327e+02  3.03510494e+00  1.86821327e+02  1.25652507e-01 
 1.88984907e+02  3.03510560e+00  1.88984907e+02  1.23631129e-01 
 1.91173543e+02  3.03510625e+00  1.91173543e+02  1.21626142e-01 
 1.93387525e+02  3.03510688e+00  1.93387525e+02  1.19637281e-01 
 1.95627148e+02  3.03510749e+00  1.95627148e+02  1.17664281e-01 
 1.97892707e+02  3.03510809e+00  1.97892707e+02  1.15706881e-01 
 2.00184505e+02  3.03510867e+00  2.00184505e+02  1.13764821e-01 
 2.02502843e+02  3.03510924e+00  2.02502843e+02  1.11837844e-01 
 2.04848030e+02  3.03510980e+00  2.04848030e+02  1.09925695e-01 
 2.07220377e+02  3.03511034e+00  2.07220377e+02  1.08028119e-01 
 2.09620198e+02  3.03511086e+00  2.09620198e+02  1.06144866e-01 
 2.12047812e+02  3.03511138e+00  2.12047812e+02  1.04275686e-01 
 2.14503539e+02  3.03511188e+00  2.14503539e+02  1.02420331e-01 
 2.16987707e+02  3.03511236e+00  2.16987707e+02  1.00578555e-01 
 2.19500643e+02  3.03511284e+00  2.19500643e+02  9.87501130e-02 
 2.22042682e+02  3.03511330e+00  2.22042682e+02  9.69347638e-02 
 2.24614160e+02  3.03511375e+00  2.24614160e+02  9.51322663e-02 
 2.27215419e+02  3.03511418e+00  2.27215419e+02  9.33423814e-02 
 2.29846803e+02  3.03511461e+00  2.29846803e+02  9.15648720e-02 
 2.32508661e+02  3.03511502e+00  2.32508661e+02  8.97995024e-02 
 2.35201345e+02  3.03511542e+00  2.35201345e+02  8.80460384e-02 
 2.37925214e+02  3.03511581e+00  2.37925214e+02  8.63042477e-02 
 2.40680628e+02  3.03511619e+00  2.40680628e+02  8.45738993e-02 
 2.43467953e+02  3.03511656e+00  2.43467953e+02  8.28547638e-02 
 2.46287557e+02  3.03511692e+00  2.46287557e+02  8.11466132e-02 
 2.49139816e+02  3.03511727e+00  2.49139816e+02  7.94492212e-02 
 2.52025106e+02  3.03511760e+00  2.52025106e+02  7.77623627e-02 
 2.54943811e+02  3.03511793e+00  2.54943811e+02  7.60858140e-02 
 2.57896318e+02  3.03511825e+00  2.57896318e+02  7.44193529e-02 
 2.60883017e+02  3.03511856e+00  2.60883017e+02  7.27627583e-02 
 2.63904306e+02  3.03511886e+00  2.63904306e+02  7.11158108e-02 
 2.66960584e+02  3.03511914e+00  2.66960584e+02  6.94782920e-02 
 2.70052257e+02  3.03511942e+00  2.70052257e+02  6.78499846e-02 
 2.73179734e+02  3.03511969e+00  2.73179734e+02  6.62306729e-02 
 2.76343431e+02  3.03511996e+00  2.76343431e+02  6.46201422e-02 
 2.79543767e+02  3.03512021e+00  2.79543767e+02  6.30181790e-02 
 2.82781166e+02  3.03512045e+00  2.82781166e+02  6.14245708e-02 
 2.86056057e+02  3.03512069e+00  2.86056057e+02  5.98391063e-02 
 2.89368875e+02  3.03512092e+00  2.89368875e+02  5.82615755e-02 
 2.92720058e+02  3.03512114e+00  2.92720058e+02  5.66917691e-02 
 2.96110052e+02  3.03512135e+00  2.96110052e+02  5.51294790e-02 
 2.99539305e+02  3.03512155e+00  2.99539305e+02  5.35744980e-02 
 3.03008272e+02  3.03512174e+00  3.03008272e+02  5.20266201e-02 
 3.06517414e+02  3.03512193e+00  3.06517414e+02  5.04856399e-02 
 3.10067195e+02  3.03512211e+00  3.10067195e+02  4.89513533e-02 
 3.13658086e+02  3.03512228e+00  3.13658086e+02  4.74235567e-02 
 3.17290563e+02  3.03512245e+00  3.17290563e+02  4.59020476e-02 
 3.20965108e+02  3.03512260e+00  3.20965108e+02  4.43866243e-02 
 3.24682207e+02  3.03512275e+00  3.24682207e+02  4.28770859e-02 
 3.28442355e+02  3.03512289e+00  3.28442355e+02  4.13732323e-02 
 3.32246049e+02  3.03512303e+00  3.32246049e+02  3.98748640e-02 
 3.36093793e+02  3.03512315e+00  3.36093793e+02  3.83817824e-02 
 3.39986099e+02  3.03512327e+00  3.39986099e+02  3.68937895e-02 
 3.43923481e+02  3.03512339e+00  3.43923481e+02  3.54106881e-02 
 3.47906461e+02  3.03512349e+00  3.47906461e+02  3.39322815e-02 
 3.51935569e+02  3.03512359e+00  3.51935569e+02  3.24583738e-02 
 3.56011338e+02  3.03512369e+00  3.56011338e+02  3.09887695e-02 
 3.60134309e+02  3.03512377e+00  3.60134309e+02  2.95232737e-02 
 3.64305027e+02  3.03512385e+00  3.64305027e+02  2.80616922e-02 
 3.68524047e+02  3.03512392e+00  3.68524047e+02  2.66038312e-02 
 3.72791927e+02  3.03512399e+00  3.72791927e+02  2.51494975e-02 
 3.77109234e+02  3.03512405e+00  3.77109234e+02  2.36984981e-02 
 3.81476539e+02  3.03512410e+00  3.81476539e+02  2.22506407e-02 
 3.85894423e+02  3.03512414e+00  3.85894423e+02  2.08057334e-02 
 3.90363469e+02  3.03512418e+00  3.90363469e+02  1.93635845e-02 
 3.94884272e+02  3.03512421e+00  3.94884272e+02  1.79240030e-02 
 3.99457430e+02  3.03512424e+00  3.99457430e+02  1.64867979e-02 
 4.04083550e+02  3.03512426e+00  4.04083550e+02  1.50517786e-02 
 4.08763246e+02  3.03512427e+00  4.08763246e+02  1.36187550e-02 
 4.13497136e+02  3.03512428e+00  4.13497136e+02  1.21875370e-02 
 4.18285850e+02  3.03512428e+00  4.18285850e+02  1.07579348e-02 
 4.23130023e+02  3.03512427e+00  4.23130023e+02  9.32975900e-03 
 4.28030295e+02  3.03512426e+00  4.28030295e+02  7.90282017e-03 
 4.32987318e+02  3.03512424e+00  4.32987318e+02  6.47692914e-03 
 4.38001748e+02  3.03512421e+00  4.38001748e+02  5.05189686e-03 
 4.43074250e+02  3.03512418e+00  4.43074250e+02  3.62753439e-03 
 4.48205497e+02  3.03512414e+00  4.48205497e+02  2.20365289e-03 
 4.53396168e+02  3.03512409e+00  4.53396168e+02  7.80063586e-04 
 4.58646954e+02  3.03512404e+00  4.58646954e+02 -6.43422271e-04 
 4.63958548e+02  3.03512398e+00  4.63958548e+02 -2.06699341e-03 
 4.69331656e+02  3.03512392e+00  4.69331656e+02 -3.49083856e-03 
 4.74766990e+02  3.03512384e+00  4.74766990e+02 -4.91514651e-03 
 4.80265271e+02  3.03512376e+00  4.80265271e+02 -6.34010609e-03 
 4.85827227e+02  3.03512368e+00  4.85827227e+02 -7.76590623e-03 
 4.91453597e+02  3.03512358e+00  4.91453597e+02 -9.19273595e-03 
 4.97145125e+02  3.03512348e+00  4.97145125e+02 -1.06207844e-02 
 5.02902567e+02  3.03512338e+00  5.02902567e+02 -1.20502410e-02 
 5.08726686e+02  3.03512326e+00  5.08726686e+02 -1.34812952e-02 
 5.14618255e+02  3.03512314e+00  5.14618255e+02 -1.49141367e-02 
 5.20578053e+02  3.03512302e+00  5.20578053e+02 -1.63489556e-02 
 5.26606872e+02  3.03512288e+00  5.26606872e+02 -1.77859420e-02 
 5.32705511e+02  3.03512274e+00  5.32705511e+02 -1.92252864e-02 
 5.38874778e+02  3.03512259e+00  5.38874778e+02 -2.06671798e-02 
 5.45115492e+02  3.03512243e+00  5.45115492e+02 -2.21118132e-02 
 5.51428479e+02  3.03512227e+00  5.51428479e+02 -2.35593781e-02 
 5.57814577e+02  3.03512209e+00  5.57814577e+02 -2.50100666e-02 
 5.64274633e+02  3.03512191e+00  5.64274633e+02 -2.64640710e-02 
 5.70809503e+02  3.03512173e+00  5.70809503e+02 -2.79215839e-02 
 5.77420053e+02  3.03512153e+00  5.77420053e+02 -2.93827987e-02 
 5.84107159e+02  3.03512133e+00  5.84107159e+02 -3.08479091e-02 
 5.90871709e+02  3.03512112e+00  5.90871709e+02 -3.23171093e-02 
 5.97714600e+02  3.03512090e+00  5.97714600e+02 -3.37905941e-02 
 6.04636738e+02  3.03512067e+00  6.04636738e+02 -3.52685589e-02 
 6.11639042e+02  3.03512043e+00  6.11639042e+02 -3.67511996e-02 
 6.18722439e+02  3.03512019e+00  6.18722439e+02 -3.82387128e-02 
 6.25887869e+02  3.03511993e+00  6.25887869e+02 -3.97312956e-02 
 6.33136282e+02  3.03511967e+00  6.33136282e+02 -4.12291461e-02 
 6.40468639e+02  3.03511940e+00  6.40468639e+02 -4.27324628e-02 
 6.47885912e+02  3.03511912e+00  6.47885912e+02 -4.42414449e-02 
 6.55389084e+02  3.03511883e+00  6.55389084e+02 -4.57562925e-02 
 6.62979151e+02  3.03511853e+00  6.62979151e+02 -4.72772066e-02 
 6.70657118e+02  3.03511822e+00  6.70657118e+02 -4.88043887e-02 
 6.78424004e+02  3.03511790e+00  6.78424004e+02 -5.03380412e-02 
 6.86280839e+02  3.03511758e+00  6.86280839e+02 -5.18783676e-02 
 6.94228663e+02  3.03511724e+00  6.94228663e+02 -5.34255720e-02 
 7.02268532e+02  3.03511689e+00  7.02268532e+02 -5.49798596e-02 
 7.10401510e+02  3.03511653e+00  7.10401510e+02 -5.65414364e-02 
 7.18628676e+02  3.03511616e+00  7.18628676e+02 -5.81105095e-02 
 7.26951121e+02  3.03511578e+00  7.26951121e+02 -5.96872868e-02 
 7.35369948e+02  3.03511539e+00  7.35369948e+02 -6.12719775e-02 
 7.43886274e+02  3.03511499e+00  7.43886274e+02 -6.28647917e-02 
 7.52501228e+02  3.03511457e+00  7.52501228e+02 -6.44659404e-02 
 7.61215951e+02  3.03511415e+00  7.61215951e+02 -6.60756360e-02 
 7.70031600e+02  3.03511371e+00  7.70031600e+02 -6.76940919e-02 
 7.78949343e+02  3.03511326e+00  7.78949343e+02 -6.93215226e-02 
 7.87970362e+02  3.03511280e+00  7.87970362e+02 -7.09581439e-02 
 7.97095854e+02  3.03511232e+00  7.97095854e+02 -7.26041729e-02 
 8.06327028e+02  3.03511183e+00  8.06327028e+02 -7.42598277e-02 
 8.15665108e+02  3.03511133e+00  8.15665108e+02 -7.59253277e-02 
 8.25111333e+02  3.03511082e+00  8.25111333e+02 -7.76008940e-02 
 8.34666955e+02  3.03511029e+00  8.34666955e+02 -7.92867484e-02 
 8.44333240e+02  3.03510975e+00  8.44333240e+02 -8.09831147e-02 
 8.54111471e+02  3.03510919e+00  8.54111471e+02 -8.26902176e-02 
 8.64002944e+02  3.03510862e+00  8.64002944e+02 -8.44082835e-02 
 8.74008970e+02  3.03510804e+00  8.74008970e+02 -8.61375401e-02 
 8.84130875e+02  3.03510744e+00  8.84130875e+02 -8.78782168e-02 
 8.94370003e+02  3.03510682e+00  8.94370003e+02 -8.96305443e-02 
 9.04727710e+02  3.03510619e+00  9.04727710e+02 -9.13947548e-02 
 9.15205369e+02  3.03510554e+00  9.15205369e+02 -9.31710823e-02 
 9.25804371e+02  3.03510488e+00  9.25804371e+02 -9.49597624e-02 
 9.36526119e+02  3.03510420e+00  9.36526119e+02 -9.67610320e-02 
 9.47372037e+02  3.03510350e+00  9.47372037e+02 -9.85751300e-02 
 9.58343561e+02  3.03510278e+00  9.58343561e+02 -1.00402297e-01 
 9.69442146e+02  3.03510205e+00  9.69442146e+02 -1.02242775e-01 
 9.80669264e+02  3.03510130e+00  9.80669264e+02 -1.04096808e-01 
 9.92026404e+02  3.03510053e+00  9.92026404e+02 -1.05964642e-01 
 1.00351507e+03  3.03509974e+00  1.00351507e+03 -1.07846525e-01 
 1.01513679e+03  3.03509893e+00  1.01513679e+03 -1.09742706e-01 
 1.02689310e+03  3.03509810e+00  1.02689310e+03 -1.11653436e-01 
 1.03878555e+03  3.03509725e+00  1.03878555e+03 -1.13578969e-01 
 1.05081574e+03  3.03509638e+00  1.05081574e+03 -1.15519560e-01 
 1.06298524e+03  3.03509549e+00  1.06298524e+03 -1.17475466e-01 
 1.07529569e+03  3.03509458e+00  1.07529569e+03 -1.19446947e-01 
 1.08774869e+03  3.03509364e+00  1.08774869e+03 -1.21434263e-01 
 1.10034592e+03  3.03509268e+00  1.10034592e+03 -1.23437679e-01 
 1.11308904e+03  3.03509170e+00  1.11308904e+03 -1.25457460e-01 
 1.12597973e+03  3.03509070e+00  1.12597973e+03 -1.27493874e-01 
 1.13901971e+03  3.03508967e+00  1.13901971e+03 -1.29547190e-01 
 1.15221071e+03  3.03508861e+00  1.15221071e+03 -1.31617681e-01 
 1.16555447e+03  3.03508753e+00  1.16555447e+03 -1.33705621e-01 
 1.17905277e+03  3.03508642e+00  1.17905277e+03 -1.35811288e-01 
 1.19270739e+03  3.03508529e+00  1.19270739e+03 -1.37934960e-01 
 1.20652015e+03  3.03508413e+00  1.20652015e+03 -1.40076919e-01 
 1.22049287e+03  3.03508295e+00  1.22049287e+03 -1.42237448e-01 
 1.23462740e+03  3.03508173e+00  1.23462740e+03 -1.44416835e-01 
 1.24892564e+03  3.03508048e+00  1.24892564e+03 -1.46615367e-01 
 1.26338945e+03  3.03507921e+00  1.26338945e+03 -1.48833337e-01 
 1.27802078e+03  3.03507790e+00  1.27802078e+03 -1.51071039e-01 
 1.29282155e+03  3.03507657e+00  1.29282155e+03 -1.53328769e-01 
 1.30779373e+03  3.03507520e+00  1.30779373e+03 -1.55606826e-01 
 1.32293930e+03  3.03507380e+00  1.32293930e+03 -1.57905513e-01 
 1.33826027e+03  3.03507236e+00  1.33826027e+03 -1.60225134e-01 
 1.35375867e+03  3.03507090e+00  1.35375867e+03 -1.62565996e-01 
 1.36943656e+03  3.03506939e+00  1.36943656e+03 -1.64928410e-01 
 1.38529602e+03  3.03506786e+00  1.38529602e+03 -1.67312690e-01 
 1.40133915e+03  3.03506628e+00  1.40133915e+03 -1.69719151e-01 
 1.41756807e+03  3.03506467e+00  1.41756807e+03 -1.72148111e-01 
 1.43398494e+03  3.03506302e+00  1.43398494e+03 -1.74599894e-01 
 1.45059193e+03  3.03506133e+00  1.45059193e+03 -1.77074824e-01 
 1.46739125e+03  3.03505960e+00  1.46739125e+03 -1.79573229e-01 
 1.48438512e+03  3.03505783e+00  1.48438512e+03 -1.82095440e-01 
 1.50157580e+03  3.03505602e+00  1.50157580e+03 -1.84641792e-01 
 1.51896556e+03  3.03505416e+00  1.51896556e+03 -1.87212623e-01 
 1.53655671e+03  3.03505227e+00  1.53655671e+03 -1.89808272e-01 
 1.55435159e+03  3.03505032e+00  1.55435159e+03 -1.92429084e-01 
 1.57235255e+03  3.03504833e+00  1.57235255e+03 -1.95075407e-01 
 1.59056198e+03  3.03504630e+00  1.59056198e+03 -1.97747590e-01 
 1.60898229e+03  3.03504422e+00  1.60898229e+03 -2.00445989e-01 
 1.62761593e+03  3.03504208e+00  1.62761593e+03 -2.03170961e-01 
 1.64646536e+03  3.03503990e+00  1.64646536e+03 -2.05922868e-01 
 1.66553309e+03  3.03503767e+00  1.66553309e+03 -2.08702073e-01 
 1.68482165e+03  3.03503538e+00  1.68482165e+03 -2.11508945e-01 
 1.70433358e+03  3.03503304e+00  1.70433358e+03 -2.14343857e-01 
 1.72407148e+03  3.03503065e+00  1.72407148e+03 -2.17207184e-01 
 1.74403797e+03  3.03502820e+00  1.74403797e+03 -2.20099306e-01 
 1.76423569e+03  3.03502569e+00  1.76423569e+03 -2.23020605e-01 
 1.78466732e+03  3.03502312e+00  1.78466732e+03 -2.25971470e-01 
 1.80533557e+03  3.03502050e+00  1.80533557e+03 -2.28952291e-01 
 1.82624317e+03  3.03501781e+00  1.82624317e+03 -2.31963463e-01 
 1.84739291e+03  3.03501506e+00  1.84739291e+03 -2.35005385e-01 
 1.86878759e+03  3.03501224e+00  1.86878759e+03 -2.38078461e-01 
 1.89043003e+03  3.03500936e+00  1.89043003e+03 -2.41183098e-01 
 1.91232312e+03  3.03500641e+00  1.91232312e+03 -2.44319707e-01 
 1.93446975e+03  3.03500339e+00  1.93446975e+03 -2.47488703e-01 
 1.95687286e+03  3.03500030e+00  1.95687286e+03 -2.50690508e-01 
 1.97953542e+03  3.03499714e+00  1.97953542e+03 -2.53925545e-01 
 2.00246044e+03  3.03499391e+00  2.00246044e+03 -2.57194243e-01 
 2.02565095e+03  3.03499059e+00  2.02565095e+03 -2.60497036e-01 
 2.04911003e+03  3.03498721e+00  2.04911003e+03 -2.63834360e-01 
 2.07284080e+03  3.03498374e+00  2.07284080e+03 -2.67206658e-01 
 2.09684638e+03  3.03498019e+00  2.09684638e+03 -2.70614377e-01 
 2.12112998e+03  3.03497656e+00  2.12112998e+03 -2.74057969e-01 
 2.14569480e+03  3.03497284e+00  2.14569480e+03 -2.77537890e-01 
 2.17054412e+03  3.03496904e+00  2.17054412e+03 -2.81054601e-01 
 2.19568121e+03  3.03496515e+00  2.19568121e+03 -2.84608568e-01 
 2.22110941e+03  3.03496117e+00  2.22110941e+03 -2.88200262e-01 
 2.24683210e+03  3.03495709e+00  2.24683210e+03 -2.91830159e-01 
 2.27285268e+03  3.03495292e+00  2.27285268e+03 -2.95498740e-01 
 2.29917461e+03  3.03494865e+00  2.29917461e+03 -2.99206491e-01 
 2.32580137e+03  3.03494428e+00  2.32580137e+03 -3.02953904e-01 
 2.35273649e+03  3.03493981e+00  2.35273649e+03 -3.06741474e-01 
 2.37998356e+03  3.03493524e+00  2.37998356e+03 -3.10569705e-01 
 2.40754617e+03  3.03493056e+00  2.40754617e+03 -3.14439102e-01 
 2.43542798e+03  3.03492577e+00  2.43542798e+03 -3.18350179e-01 
 2.46363269e+03  3.03492087e+00  2.46363269e+03 -3.22303453e-01 
 2.49216405e+03  3.03491585e+00  2.49216405e+03 -3.26299450e-01 
 2.52102582e+03  3.03491072e+00  2.52102582e+03 -3.30338698e-01 
 2.55022184e+03  3.03490546e+00  2.55022184e+03 -3.34421731e-01 
 2.57975598e+03  3.03490009e+00  2.57975598e+03 -3.38549092e-01 
 2.60963216e+03  3.03489459e+00  2.60963216e+03 -3.42721328e-01 
 2.63985434e+03  3.03488896e+00  2.63985434e+03 -3.46938989e-01 
 2.67042651e+03  3.03488320e+00  2.67042651e+03 -3.51202637e-01 
 2.70135274e+03  3.03487730e+00  2.70135274e+03 -3.55512834e-01 
 2.73263713e+03  3.03487127e+00  2.73263713e+03 -3.59870153e-01 
 2.76428383e+03  3.03486510e+00  2.76428383e+03 -3.64275171e-01 
 2.79629703e+03  3.03485878e+00  2.79629703e+03 -3.68728470e-01 
 2.82868097e+03  3.03485231e+00  2.82868097e+03 -3.73230641e-01 
 2.86143995e+03  3.03484570e+00  2.86143995e+03 -3.77782281e-01 
 2.89457831e+03  3.03483893e+00  2.89457831e+03 -3.82383992e-01 
 2.92810044e+03  3.03483200e+00  2.92810044e+03 -3.87036384e-01 
 2.96201080e+03  3.03482491e+00  2.96201080e+03 -3.91740072e-01 
 2.99631387e+03  3.03481766e+00  2.99631387e+03 -3.96495681e-01 
 3.03101421e+03  3.03481024e+00  3.03101421e+03 -4.01303840e-01 
 3.06611641e+03  3.03480264e+00  3.06611641e+03 -4.06165185e-01 
 3.10162514e+03  3.03479487e+00  3.10162514e+03 -4.11080360e-01 
 3.13754508e+03  3.03478692e+00  3.13754508e+03 -4.16050017e-01 
 3.17388102e+03  3.03477878e+00  3.17388102e+03 -4.21074814e-01 
 3.21063777e+03  3.03477045e+00  3.21063777e+03 -4.26155416e-01 
 3.24782019e+03  3.03476192e+00  3.24782019e+03 -4.31292495e-01 
 3.28543323e+03  3.03475320e+00  3.28543323e+03 -4.36486733e-01 
 3.32348186e+03  3.03474428e+00  3.32348186e+03 -4.41738816e-01 
 3.36197113e+03  3.03473514e+00  3.36197113e+03 -4.47049441e-01 
 3.40090615e+03  3.03472580e+00  3.40090615e+03 -4.52419311e-01 
 3.44029207e+03  3.03471623e+00  3.44029207e+03 -4.57849135e-01 
 3.48013412e+03  3.03470645e+00  3.48013412e+03 -4.63339635e-01 
 3.52043759e+03  3.03469643e+00  3.52043759e+03 -4.68891535e-01 
 3.56120781e+03  3.03468618e+00  3.56120781e+03 -4.74505573e-01 
 3.60245019e+03  3.03467570e+00  3.60245019e+03 -4.80182489e-01 
 3.64417019e+03  3.03466497e+00  3.64417019e+03 -4.85923037e-01 
 3.68637336e+03  3.03465399e+00  3.68637336e+03 -4.91727976e-01 
 3.72906528e+03  3.03464275e+00  3.72906528e+03 -4.97598075e-01 
 3.77225162e+03  3.03463125e+00  3.77225162e+03 -5.03534110e-01 
 3.81593810e+03  3.03461948e+00  3.81593810e+03 -5.09536868e-01 
 3.86013052e+03  3.03460744e+00  3.86013052e+03 -5.15607142e-01 
 3.90483472e+03  3.03459512e+00  3.90483472e+03 -5.21745737e-01 
 3.95005665e+03  3.03458251e+00  3.95005665e+03 -5.27953464e-01 
 3.99580229e+03  3.03456961e+00  3.99580229e+03 -5.34231145e-01 
 4.04207771e+03  3.03455641e+00  4.04207771e+03 -5.40579612e-01 
 4.08888905e+03  3.03454290e+00  4.08888905e+03 -5.46999703e-01 
 4.13624251e+03  3.03452907e+00  4.13624251e+03 -5.53492269e-01 
 4.18414437e+03  3.03451493e+00  4.18414437e+03 -5.60058169e-01 
 4.23260098e+03  3.03450045e+00  4.23260098e+03 -5.66698271e-01 
 4.28161877e+03  3.03448564e+00  4.28161877e+03 -5.73413455e-01 
 4.33120424e+03  3.03447048e+00  4.33120424e+03 -5.80204607e-01 
 4.38136395e+03  3.03445497e+00  4.38136395e+03 -5.87072628e-01 
 4.43210457e+03  3.03443909e+00  4.43210457e+03 -5.94018425e-01 
 4.48343281e+03  3.03442285e+00  4.48343281e+03 -6.01042917e-01 
 4.53535548e+03  3.03440623e+00  4.53535548e+03 -6.08147034e-01 
 4.58787948e+03  3.03438922e+00  4.58787948e+03 -6.15331714e-01 
 4.64101175e+03  3.03437182e+00  4.64101175e+03 -6.22597909e-01 
 4.69475935e+03  3.03435401e+00  4.69475935e+03 -6.29946579e-01 
 4.74912940e+03  3.03433578e+00  4.74912940e+03 -6.37378696e-01 
 4.80412911e+03  3.03431713e+00  4.80412911e+03 -6.44895242e-01 
 4.85976577e+03  3.03429805e+00  4.85976577e+03 -6.52497212e-01 
 4.91604676e+03  3.03427852e+00  4.91604676e+03 -6.60185611e-01 
 4.97297954e+03  3.03425854e+00  4.97297954e+03 -6.67961455e-01 
 5.03057166e+03  3.03423809e+00  5.03057166e+03 -6.75825773e-01 
 5.08883076e+03  3.03421717e+00  5.08883076e+03 -6.83779603e-01 
 5.14776455e+03  3.03419576e+00  5.14776455e+03 -6.91823997e-01 
 5.20738086e+03  3.03417385e+00  5.20738086e+03 -6.99960018e-01 
 5.26768758e+03  3.03415143e+00  5.26768758e+03 -7.08188742e-01 
 5.32869272e+03  3.03412849e+00  5.32869272e+03 -7.16511257e-01 
 5.39040436e+03  3.03410501e+00  5.39040436e+03 -7.24928661e-01 
 5.45283068e+03  3.03408099e+00  5.45283068e+03 -7.33442067e-01 
 5.51597996e+03  3.03405640e+00  5.51597996e+03 -7.42052600e-01 
 5.57986057e+03  3.03403125e+00  5.57986057e+03 -7.50761397e-01 
 5.64448099e+03  3.03400551e+00  5.64448099e+03 -7.59569610e-01 
 5.70984977e+03  3.03397917e+00  5.70984977e+03 -7.68478400e-01 
 5.77597559e+03  3.03395222e+00  5.77597559e+03 -7.77488946e-01 
 5.84286722e+03  3.03392463e+00  5.84286722e+03 -7.86602436e-01 
 5.91053351e+03  3.03389641e+00  5.91053351e+03 -7.95820075e-01 
 5.97898345e+03  3.03386753e+00  5.97898345e+03 -8.05143080e-01 
 6.04822611e+03  3.03383798e+00  6.04822611e+03 -8.14572680e-01 
 6.11827067e+03  3.03380774e+00  6.11827067e+03 -8.24110122e-01 
 6.18912642e+03  3.03377679e+00  6.18912642e+03 -8.33756665e-01 
 6.26080275e+03  3.03374513e+00  6.26080275e+03 -8.43513580e-01 
 6.33330916e+03  3.03371273e+00  6.33330916e+03 -8.53382157e-01 
 6.40665527e+03  3.03367957e+00  6.40665527e+03 -8.63363697e-01 
 6.48085080e+03  3.03364564e+00  6.48085080e+03 -8.73459517e-01 
 6.55590559e+03  3.03361092e+00  6.55590559e+03 -8.83670950e-01 
 6.63182959e+03  3.03357540e+00  6.63182959e+03 -8.93999342e-01 
 6.70863287e+03  3.03353904e+00  6.70863287e+03 -9.04446055e-01 
 6.78632561e+03  3.03350185e+00  6.78632561e+03 -9.15012468e-01 
 6.86491811e+03  3.03346378e+00  6.86491811e+03 -9.25699973e-01 
 6.94442078e+03  3.03342483e+00  6.94442078e+03 -9.36509981e-01 
 7.02484418e+03  3.03338497e+00  7.02484418e+03 -9.47443915e-01 
 7.10619897e+03  3.03334418e+00  7.10619897e+03 -9.58503218e-01 
 7.18849592e+03  3.03330245e+00  7.18849592e+03 -9.69689346e-01 
 7.27174595e+03  3.03325974e+00  7.27174595e+03 -9.81003774e-01 
 7.35596011e+03  3.03321604e+00  7.35596011e+03 -9.92447993e-01 
 7.44114955e+03  3.03317132e+00  7.44114955e+03 -1.00402351e+00 
 7.52732557e+03  3.03312556e+00  7.52732557e+03 -1.01573185e+00 
 7.61449959e+03  3.03307874e+00  7.61449959e+03 -1.02757456e+00 
 7.70268318e+03  3.03303083e+00  7.70268318e+03 -1.03955319e+00 
 7.79188802e+03  3.03298180e+00  7.79188802e+03 -1.05166932e+00 
 7.88212595e+03  3.03293163e+00  7.88212595e+03 -1.06392455e+00 
 7.97340892e+03  3.03288029e+00  7.97340892e+03 -1.07632048e+00 
 8.06574904e+03  3.03282776e+00  8.06574904e+03 -1.08885876e+00 
 8.15915855e+03  3.03277401e+00  8.15915855e+03 -1.10154103e+00 
 8.25364983e+03  3.03271900e+00  8.25364983e+03 -1.11436896e+00 
 8.34923543e+03  3.03266272e+00  8.34923543e+03 -1.12734423e+00 
 8.44592800e+03  3.03260512e+00  8.44592800e+03 -1.14046856e+00 
 8.54374036e+03  3.03254619e+00  8.54374036e+03 -1.15374366e+00 
 8.64268550e+03  3.03248588e+00  8.64268550e+03 -1.16717129e+00 
 8.74277651e+03  3.03242418e+00  8.74277651e+03 -1.18075320e+00 
 8.84402669e+03  3.03236103e+00  8.84402669e+03 -1.19449118e+00 
 8.94644944e+03  3.03229642e+00  8.94644944e+03 -1.20838704e+00 
 9.05005835e+03  3.03223030e+00  9.05005835e+03 -1.22244261e+00 
 9.15486716e+03  3.03216265e+00  9.15486716e+03 -1.23665972e+00 
 9.26088975e+03  3.03209342e+00  9.26088975e+03 -1.25104024e+00 
 9.36814020e+03  3.03202258e+00  9.36814020e+03 -1.26558606e+00 
 9.47663271e+03  3.03195010e+00  9.47663271e+03 -1.28029909e+00 
 9.58638168e+03  3.03187592e+00  9.58638168e+03 -1.29518127e+00 
 9.69740165e+03  3.03180003e+00  9.69740165e+03 -1.31023453e+00 
 9.80970735e+03  3.03172236e+00  9.80970735e+03 -1.32546086e+00 
 9.92331366e+03  3.03164290e+00  9.92331366e+03 -1.34086225e+00 
 1.00382356e+04  3.03156158e+00  1.00382356e+04 -1.35644071e+00 
 1.01544885e+04  3.03147837e+00  1.01544885e+04 -1.37219830e+00 
 1.02720878e+04  3.03139323e+00  1.02720878e+04 -1.38813708e+00 
 1.03910489e+04  3.03130611e+00  1.03910489e+04 -1.40425912e+00 
 1.05113877e+04  3.03121696e+00  1.05113877e+04 -1.42056655e+00 
 1.06331202e+04  3.03112574e+00  1.06331202e+04 -1.43706149e+00 
 1.07562625e+04  3.03103240e+00  1.07562625e+04 -1.45374610e+00 
 1.08808308e+04  3.03093688e+00  1.08808308e+04 -1.47062257e+00 
 1.10068418e+04  3.03083915e+00  1.10068418e+04 -1.48769310e+00 
 1.11343122e+04  3.03073915e+00  1.11343122e+04 -1.50495993e+00 
 1.12632587e+04  3.03063682e+00  1.12632587e+04 -1.52242530e+00 
 1.13936986e+04  3.03053211e+00  1.13936986e+04 -1.54009150e+00 
 1.15256492e+04  3.03042497e+00  1.15256492e+04 -1.55796084e+00 
 1.16591278e+04  3.03031534e+00  1.16591278e+04 -1.57603565e+00 
 1.17941523e+04  3.03020316e+00  1.17941523e+04 -1.59431828e+00 
 1.19307404e+04  3.03008838e+00  1.19307404e+04 -1.61281113e+00 
 1.20689105e+04  3.02997092e+00  1.20689105e+04 -1.63151660e+00 
 1.22086806e+04  3.02985074e+00  1.22086806e+04 -1.65043712e+00 
 1.23500695e+04  3.02972777e+00  1.23500695e+04 -1.66957517e+00 
 1.24930957e+04  3.02960193e+00  1.24930957e+04 -1.68893324e+00 
 1.26377784e+04  3.02947318e+00  1.26377784e+04 -1.70851384e+00 
 1.27841366e+04  3.02934143e+00  1.27841366e+04 -1.72831953e+00 
 1.29321898e+04  3.02920663e+00  1.29321898e+04 -1.74835287e+00 
 1.30819576e+04  3.02906869e+00  1.30819576e+04 -1.76861647e+00 
 1.32334599e+04  3.02892755e+00  1.32334599e+04 -1.78911297e+00 
 1.33867167e+04  3.02878313e+00  1.33867167e+04 -1.80984503e+00 
 1.35417484e+04  3.02863535e+00  1.35417484e+04 -1.83081533e+00 
 1.36985755e+04  3.02848415e+00  1.36985755e+04 -1.85202661e+00 
 1.38572188e+04  3.02832943e+00  1.38572188e+04 -1.87348160e+00 
 1.40176994e+04  3.02817113e+00  1.40176994e+04 -1.89518308e+00 
 1.41800385e+04  3.02800914e+00  1.41800385e+04 -1.91713388e+00 
 1.43442576e+04  3.02784340e+00  1.43442576e+04 -1.93933683e+00 
 1.45103786e+04  3.02767381e+00  1.45103786e+04 -1.96179480e+00 
 1.46784234e+04  3.02750029e+00  1.46784234e+04 -1.98451070e+00 
 1.48484144e+04  3.02732273e+00  1.48484144e+04 -2.00748746e+00 
 1.50203740e+04  3.02714106e+00  1.50203740e+04 -2.03072806e+00 
 1.51943251e+04  3.02695517e+00  1.51943251e+04 -2.05423548e+00 
 1.53702907e+04  3.02676497e+00  1.53702907e+04 -2.07801277e+00 
 1.55482942e+04  3.02657035e+00  1.55482942e+04 -2.10206298e+00 
 1.57283591e+04  3.02637122e+00  1.57283591e+04 -2.12638923e+00 
 1.59105094e+04  3.02616748e+00  1.59105094e+04 -2.15099463e+00 
 1.60947691e+04  3.02595900e+00  1.60947691e+04 -2.17588235e+00 
 1.62811628e+04  3.02574570e+00  1.62811628e+04 -2.20105559e+00 
 1.64697151e+04  3.02552744e+00  1.64697151e+04 -2.22651760e+00 
 1.66604510e+04  3.02530413e+00  1.66604510e+04 -2.25227163e+00 
 1.68533958e+04  3.02507564e+00  1.68533958e+04 -2.27832098e+00 
 1.70485751e+04  3.02484185e+00  1.70485751e+04 -2.30466901e+00 
 1.72460148e+04  3.02460265e+00  1.72460148e+04 -2.33131908e+00 
 1.74457411e+04  3.02435790e+00  1.74457411e+04 -2.35827460e+00 
 1.76477804e+04  3.02410748e+00  1.76477804e+04 -2.38553902e+00 
 1.78521595e+04  3.02385126e+00  1.78521595e+04 -2.41311582e+00 
 1.80589055e+04  3.02358910e+00  1.80589055e+04 -2.44100852e+00 
 1.82680458e+04  3.02332087e+00  1.82680458e+04 -2.46922069e+00 
 1.84796082e+04  3.02304643e+00  1.84796082e+04 -2.49775590e+00 
 1.86936208e+04  3.02276564e+00  1.86936208e+04 -2.52661781e+00 
 1.89101117e+04  3.02247834e+00  1.89101117e+04 -2.55581007e+00 
 1.91291099e+04  3.02218439e+00  1.91291099e+04 -2.58533639e+00 
 1.93506443e+04  3.02188364e+00  1.93506443e+04 -2.61520053e+00 
 1.95747443e+04  3.02157593e+00  1.95747443e+04 -2.64540626e+00 
 1.98014396e+04  3.02126110e+00  1.98014396e+04 -2.67595742e+00 
 2.00307602e+04  3.02093898e+00  2.00307602e+04 -2.70685787e+00 
 2.02627366e+04  3.02060941e+00  2.02627366e+04 -2.73811151e+00 
 2.04973996e+04  3.02027222e+00  2.04973996e+04 -2.76972230e+00 
 2.07347801e+04  3.01992724e+00  2.07347801e+04 -2.80169420e+00 
 2.09749098e+04  3.01957428e+00  2.09749098e+04 -2.83403126e+00 
 2.12178204e+04  3.01921316e+00  2.12178204e+04 -2.86673754e+00 
 2.14635442e+04  3.01884369e+00  2.14635442e+04 -2.89981715e+00 
 2.17121137e+04  3.01846568e+00  2.17121137e+04 -2.93327423e+00 
 2.19635619e+04  3.01807895e+00  2.19635619e+04 -2.96711299e+00 
 2.22179221e+04  3.01768327e+00  2.22179221e+04 -3.00133765e+00 
 2.24752280e+04  3.01727847e+00  2.24752280e+04 -3.03595249e+00 
 2.27355138e+04  3.01686431e+00  2.27355138e+04 -3.07096184e+00 
 2.29988140e+04  3.01644060e+00  2.29988140e+04 -3.10637005e+00 
 2.32651635e+04  3.01600710e+00  2.32651635e+04 -3.14218153e+00 
 2.35345976e+04  3.01556360e+00  2.35345976e+04 -3.17840073e+00 
 2.38071520e+04  3.01510987e+00  2.38071520e+04 -3.21503214e+00 
 2.40828628e+04  3.01464568e+00  2.40828628e+04 -3.25208030e+00 
 2.43617666e+04  3.01417078e+00  2.43617666e+04 -3.28954979e+00 
 2.46439005e+04  3.01368494e+00  2.46439005e+04 -3.32744524e+00 
 2.49293017e+04  3.01318789e+00  2.49293017e+04 -3.36577132e+00 
 2.52180082e+04  3.01267940e+00  2.52180082e+04 -3.40453274e+00 
 2.55100581e+04  3.01215919e+00  2.55100581e+04 -3.44373426e+00 
 2.58054904e+04  3.01162700e+00  2.58054904e+04 -3.48338069e+00 
 2.61043440e+04  3.01108255e+00  2.61043440e+04 -3.52347688e+00 
 2.64066586e+04  3.01052558e+00  2.64066586e+04 -3.56402773e+00 
 2.67124744e+04  3.00995579e+00  2.67124744e+04 -3.60503817e+00 
 2.70218318e+04  3.00937289e+00  2.70218318e+04 -3.64651321e+00 
 2.73347718e+04  3.00877658e+00  2.73347718e+04 -3.68845787e+00 
 2.76513361e+04  3.00816657e+00  2.76513361e+04 -3.73087723e+00 
 2.79715664e+04  3.00754253e+00  2.79715664e+04 -3.77377643e+00 
 2.82955054e+04  3.00690416e+00  2.82955054e+04 -3.81716063e+00 
 2.86231959e+04  3.00625112e+00  2.86231959e+04 -3.86103506e+00 
 2.89546814e+04  3.00558309e+00  2.89546814e+04 -3.90540498e+00 
 2.92900058e+04  3.00489972e+00  2.92900058e+04 -3.95027572e+00 
 2.96292136e+04  3.00420068e+00  2.96292136e+04 -3.99565263e+00 
 2.99723498e+04  3.00348559e+00  2.99723498e+04 -4.04154112e+00 
 3.03194599e+04  3.00275412e+00  3.03194599e+04 -4.08794664e+00 
 3.06705898e+04  3.00200587e+00  3.06705898e+04 -4.13487471e+00 
 3.10257862e+04  3.00124048e+00  3.10257862e+04 -4.18233087e+00 
 3.13850961e+04  3.00045756e+00  3.13850961e+04 -4.23032071e+00 
 3.17485672e+04  2.99965672e+00  3.17485672e+04 -4.27884988e+00 
 3.21162476e+04  2.99883754e+00  3.21162476e+04 -4.32792408e+00 
 3.24881861e+04  2.99799963e+00  3.24881861e+04 -4.37754904e+00 
 3.28644321e+04  2.99714256e+00  3.28644321e+04 -4.42773054e+00 
 3.32450354e+04  2.99626589e+00  3.32450354e+04 -4.47847443e+00 
 3.36300464e+04  2.99536920e+00  3.36300464e+04 -4.52978656e+00 
 3.40195163e+04  2.99445203e+00  3.40195163e+04 -4.58167289e+00 
 3.44134966e+04  2.99351393e+00  3.44134966e+04 -4.63413936e+00 
 3.48120396e+04  2.99255442e+00  3.48120396e+04 -4.68719200e+00 
 3.52151982e+04  2.99157303e+00  3.52151982e+04 -4.74083688e+00 
 3.56230257e+04  2.99056928e+00  3.56230257e+04 -4.79508011e+00 
 3.60355763e+04  2.98954265e+00  3.60355763e+04 -4.84992783e+00 
 3.64529046e+04  2.98849265e+00  3.64529046e+04 -4.90538625e+00 
 3.68750660e+04  2.98741876e+00  3.68750660e+04 -4.96146161e+00 
 3.73021165e+04  2.98632044e+00  3.73021165e+04 -5.01816021e+00 
 3.77341126e+04  2.98519716e+00  3.77341126e+04 -5.07548838e+00 
 3.81711117e+04  2.98404835e+00  3.81711117e+04 -5.13345248e+00 
 3.86131717e+04  2.98287346e+00  3.86131717e+04 -5.19205895e+00 
 3.90603512e+04  2.98167190e+00  3.90603512e+04 -5.25131425e+00 
 3.95127095e+04  2.98044310e+00  3.95127095e+04 -5.31122488e+00 
 3.99703065e+04  2.97918645e+00  3.99703065e+04 -5.37179739e+00 
 4.04332030e+04  2.97790133e+00  4.04332030e+04 -5.43303837e+00 
 4.09014603e+04  2.97658713e+00  4.09014603e+04 -5.49495444e+00 
 4.13751404e+04  2.97524319e+00  4.13751404e+04 -5.55755227e+00 
 4.18543063e+04  2.97386888e+00  4.18543063e+04 -5.62083858e+00 
 4.23390214e+04  2.97246352e+00  4.23390214e+04 -5.68482010e+00 
 4.28293500e+04  2.97102644e+00  4.28293500e+04 -5.74950362e+00 
 4.33253571e+04  2.96955694e+00  4.33253571e+04 -5.81489597e+00 
 4.38271084e+04  2.96805432e+00  4.38271084e+04 -5.88100398e+00 
 4.43346705e+04  2.96651786e+00  4.43346705e+04 -5.94783457e+00 
 4.48481108e+04  2.96494682e+00  4.48481108e+04 -6.01539464e+00 
 4.53674971e+04  2.96334046e+00  4.53674971e+04 -6.08369116e+00 
 4.58928985e+04  2.96169800e+00  4.58928985e+04 -6.15273112e+00 
 4.64243846e+04  2.96001866e+00  4.64243846e+04 -6.22252154e+00 
 4.69620258e+04  2.95830166e+00  4.69620258e+04 -6.29306946e+00 
 4.75058934e+04  2.95654618e+00  4.75058934e+04 -6.36438196e+00 
 4.80560596e+04  2.95475140e+00  4.80560596e+04 -6.43646615e+00 
 4.86125973e+04  2.95291646e+00  4.86125973e+04 -6.50932915e+00 
 4.91755802e+04  2.95104052e+00  4.91755802e+04 -6.58297813e+00 
 4.97450830e+04  2.94912268e+00  4.97450830e+04 -6.65742025e+00 
 5.03211813e+04  2.94716208e+00  5.03211813e+04 -6.73266271e+00 
 5.09039513e+04  2.94515778e+00  5.09039513e+04 -6.80871273e+00 
 5.14934704e+04  2.94310886e+00  5.14934704e+04 -6.88557755e+00 
 5.20898168e+04  2.94101438e+00  5.20898168e+04 -6.96326441e+00 
 5.26930694e+04  2.93887338e+00  5.26930694e+04 -7.04178059e+00 
 5.33033083e+04  2.93668487e+00  5.33033083e+04 -7.12113334e+00 
 5.39206144e+04  2.93444786e+00  5.39206144e+04 -7.20132997e+00 
 5.45450695e+04  2.93216132e+00  5.45450695e+04 -7.28237777e+00 
 5.51767564e+04  2.92982422e+00  5.51767564e+04 -7.36428404e+00 
 5.58157589e+04  2.92743551e+00  5.58157589e+04 -7.44705609e+00 
 5.64621617e+04  2.92499410e+00  5.64621617e+04 -7.53070121e+00 
 5.71160505e+04  2.92249891e+00  5.71160505e+04 -7.61522672e+00 
 5.77775120e+04  2.91994881e+00  5.77775120e+04 -7.70063993e+00 
 5.84466339e+04  2.91734269e+00  5.84466339e+04 -7.78694812e+00 
 5.91235049e+04  2.91467937e+00  5.91235049e+04 -7.87415859e+00 
 5.98082147e+04  2.91195769e+00  5.98082147e+04 -7.96227861e+00 
 6.05008542e+04  2.90917646e+00  6.05008542e+04 -8.05131546e+00 
 6.12015151e+04  2.90633445e+00  6.12015151e+04 -8.14127637e+00 
 6.19102904e+04  2.90343044e+00  6.19102904e+04 -8.23216858e+00 
 6.26272740e+04  2.90046315e+00  6.26272740e+04 -8.32399929e+00 
 6.33525610e+04  2.89743132e+00  6.33525610e+04 -8.41677567e+00 
 6.40862476e+04  2.89433365e+00  6.40862476e+04 -8.51050489e+00 
 6.48284310e+04  2.89116881e+00  6.48284310e+04 -8.60519406e+00 
 6.55792097e+04  2.88793546e+00  6.55792097e+04 -8.70085026e+00 
 6.63386831e+04  2.88463224e+00  6.63386831e+04 -8.79748053e+00 
 6.71069519e+04  2.88125776e+00  6.71069519e+04 -8.89509187e+00 
 6.78841182e+04  2.87781061e+00  6.78841182e+04 -8.99369125e+00 
 6.86702847e+04  2.87428935e+00  6.86702847e+04 -9.09328555e+00 
 6.94655559e+04  2.87069254e+00  6.94655559e+04 -9.19388163e+00 
 7.02700371e+04  2.86701871e+00  7.02700371e+04 -9.29548627e+00 
 7.10838351e+04  2.86326635e+00  7.10838351e+04 -9.39810622e+00 
 7.19070576e+04  2.85943394e+00  7.19070576e+04 -9.50174811e+00 
 7.27398139e+04  2.85551994e+00  7.27398139e+04 -9.60641855e+00 
 7.35822143e+04  2.85152279e+00  7.35822143e+04 -9.71212405e+00 
 7.44343706e+04  2.84744090e+00  7.44343706e+04 -9.81887104e+00 
 7.52963957e+04  2.84327265e+00  7.52963957e+04 -9.92666587e+00 
 7.61684039e+04  2.83901643e+00  7.61684039e+04 -1.00355148e+01 
 7.70505109e+04  2.83467057e+00  7.70505109e+04 -1.01454240e+01 
 7.79428335e+04  2.83023339e+00  7.79428335e+04 -1.02563995e+01 
 7.88454902e+04  2.82570321e+00  7.88454902e+04 -1.03684474e+01 
 7.97586005e+04  2.82107830e+00  7.97586005e+04 -1.04815733e+01 
 8.06822855e+04  2.81635691e+00  8.06822855e+04 -1.05957832e+01 
 8.16166678e+04  2.81153728e+00  8.16166678e+04 -1.07110826e+01 
 8.25618712e+04  2.80661764e+00  8.25618712e+04 -1.08274769e+01 
 8.35180209e+04  2.80159617e+00  8.35180209e+04 -1.09449717e+01 
 8.44852439e+04  2.79647104e+00  8.44852439e+04 -1.10635720e+01 
 8.54636682e+04  2.79124041e+00  8.54636682e+04 -1.11832830e+01 
 8.64534237e+04  2.78590241e+00  8.64534237e+04 -1.13041097e+01 
 8.74546416e+04  2.78045515e+00  8.74546416e+04 -1.14260567e+01 
 8.84674546e+04  2.77489673e+00  8.84674546e+04 -1.15491288e+01 
 8.94919970e+04  2.76922522e+00  8.94919970e+04 -1.16733304e+01 
 9.05284046e+04  2.76343867e+00  9.05284046e+04 -1.17986659e+01 
 9.15768148e+04  2.75753512e+00  9.15768148e+04 -1.19251392e+01 
 9.26373667e+04  2.75151259e+00  9.26373667e+04 -1.20527544e+01 
 9.37102009e+04  2.74536909e+00  9.37102009e+04 -1.21815152e+01 
 9.47954596e+04  2.73910259e+00  9.47954596e+04 -1.23114252e+01 
 9.58932866e+04  2.73271107e+00  9.58932866e+04 -1.24424878e+01 
 9.70038276e+04  2.72619248e+00  9.70038276e+04 -1.25747060e+01 
 9.81272298e+04  2.71954477e+00  9.81272298e+04 -1.27080828e+01 
 9.92636421e+04  2.71276586e+00  9.92636421e+04 -1.28426210e+01 
 1.00413215e+05  2.70585366e+00  1.00413215e+05 -1.29783231e+01 
 1.01576102e+05  2.69880607e+00  1.01576102e+05 -1.31151912e+01 
 1.02752455e+05  2.69162099e+00  1.02752455e+05 -1.32532276e+01 
 1.03942432e+05  2.68429630e+00  1.03942432e+05 -1.33924338e+01 
 1.05146191e+05  2.67682987e+00  1.05146191e+05 -1.35328116e+01 
 1.06363890e+05  2.66921957e+00  1.06363890e+05 -1.36743622e+01 
 1.07595691e+05  2.66146324e+00  1.07595691e+05 -1.38170865e+01 
 1.08841757e+05  2.65355874e+00  1.08841757e+05 -1.39609855e+01 
 1.10102255e+05  2.64550392e+00  1.10102255e+05 -1.41060596e+01 
 1.11377350e+05  2.63729662e+00  1.11377350e+05 -1.42523090e+01 
 1.12667212e+05  2.62893468e+00  1.12667212e+05 -1.43997337e+01 
 1.13972012e+05  2.62041594e+00  1.13972012e+05 -1.45483334e+01 
 1.15291923e+05  2.61173825e+00  1.15291923e+05 -1.46981074e+01 
 1.16627120e+05  2.60289944e+00  1.16627120e+05 -1.48490548e+01 
 1.17977779e+05  2.59389736e+00  1.17977779e+05 -1.50011745e+01 
 1.19344081e+05  2.58472987e+00  1.19344081e+05 -1.51544648e+01 
 1.20726206e+05  2.57539482e+00  1.20726206e+05 -1.53089239e+01 
 1.22124337e+05  2.56589008e+00  1.22124337e+05 -1.54645499e+01 
 1.23538660e+05  2.55621353e+00  1.23538660e+05 -1.56213401e+01 
 1.24969363e+05  2.54636306e+00  1.24969363e+05 -1.57792918e+01 
 1.26416634e+05  2.53633658e+00  1.26416634e+05 -1.59384021e+01 
 1.27880666e+05  2.52613200e+00  1.27880666e+05 -1.60986674e+01 
 1.29361653e+05  2.51574725e+00  1.29361653e+05 -1.62600840e+01 
 1.30859792e+05  2.50518031e+00  1.30859792e+05 -1.64226480e+01 
 1.32375280e+05  2.49442914e+00  1.32375280e+05 -1.65863549e+01 
 1.33908319e+05  2.48349176e+00  1.33908319e+05 -1.67512000e+01 
 1.35459113e+05  2.47236618e+00  1.35459113e+05 -1.69171784e+01 
 1.37027866e+05  2.46105046e+00  1.37027866e+05 -1.70842847e+01 
 1.38614787e+05  2.44954270e+00  1.38614787e+05 -1.72525132e+01 
 1.40220086e+05  2.43784101e+00  1.40220086e+05 -1.74218579e+01 
 1.41843976e+05  2.42594354e+00  1.41843976e+05 -1.75923125e+01 
 1.43486672e+05  2.41384849e+00  1.43486672e+05 -1.77638704e+01 
 1.45148393e+05  2.40155410e+00  1.45148393e+05 -1.79365246e+01 
 1.46829358e+05  2.38905862e+00  1.46829358e+05 -1.81102679e+01 
 1.48529790e+05  2.37636038e+00  1.48529790e+05 -1.82850926e+01 
 1.50249915e+05  2.36345774e+00  1.50249915e+05 -1.84609910e+01 
 1.51989960e+05  2.35034913e+00  1.51989960e+05 -1.86379548e+01 
 1.53750157e+05  2.33703299e+00  1.53750157e+05 -1.88159755e+01 
 1.55530739e+05  2.32350785e+00  1.55530739e+05 -1.89950444e+01 
 1.57331942e+05  2.30977229e+00  1.57331942e+05 -1.91751525e+01 
 1.59154005e+05  2.29582495e+00  1.59154005e+05 -1.93562904e+01 
 1.60997169e+05  2.28166451e+00  1.60997169e+05 -1.95384486e+01 
 1.62861678e+05  2.26728974e+00  1.62861678e+05 -1.97216173e+01 
 1.64747781e+05  2.25269946e+00  1.64747781e+05 -1.99057863e+01 
 1.66655726e+05  2.23789258e+00  1.66655726e+05 -2.00909454e+01 
 1.68585768e+05  2.22286806e+00  1.68585768e+05 -2.02770841e+01 
 1.70538161e+05  2.20762494e+00  1.70538161e+05 -2.04641917e+01 
 1.72513165e+05  2.19216235e+00  1.72513165e+05 -2.06522572e+01 
 1.74511042e+05  2.17647947e+00  1.74511042e+05 -2.08412696e+01 
 1.76532055e+05  2.16057559e+00  1.76532055e+05 -2.10312175e+01 
 1.78576475e+05  2.14445007e+00  1.78576475e+05 -2.12220897e+01 
 1.80644570e+05  2.12810235e+00  1.80644570e+05 -2.14138745e+01 
 1.82736617e+05  2.11153198e+00  1.82736617e+05 -2.16065604e+01 
 1.84852891e+05  2.09473856e+00  1.84852891e+05 -2.18001356e+01 
 1.86993674e+05  2.07772183e+00  1.86993674e+05 -2.19945882e+01 
 1.89159250e+05  2.06048159e+00  1.89159250e+05 -2.21899065e+01 
 1.91349905e+05  2.04301775e+00  1.91349905e+05 -2.23860785e+01 
 1.93565930e+05  2.02533031e+00  1.93565930e+05 -2.25830924e+01 
 1.95807618e+05  2.00741936e+00  1.95807618e+05 -2.27809361e+01 
 1.98075268e+05  1.98928512e+00  1.98075268e+05 -2.29795979e+01 
 2.00369179e+05  1.97092789e+00  2.00369179e+05 -2.31790660e+01 
 2.02689657e+05  1.95234808e+00  2.02689657e+05 -2.33793286e+01 
 2.05037007e+05  1.93354619e+00  2.05037007e+05 -2.35803741e+01 
 2.07411543e+05  1.91452285e+00  2.07411543e+05 -2.37821910e+01 
 2.09813578e+05  1.89527878e+00  2.09813578e+05 -2.39847680e+01 
 2.12243431e+05  1.87581480e+00  2.12243431e+05 -2.41880940e+01 
 2.14701424e+05  1.85613187e+00  2.14701424e+05 -2.43921580e+01 
 2.17187883e+05  1.83623102e+00  2.17187883e+05 -2.45969494e+01 
 2.19703138e+05  1.81611342e+00  2.19703138e+05 -2.48024577e+01 
 2.22247522e+05  1.79578033e+00  2.22247522e+05 -2.50086728e+01 
 2.24821372e+05  1.77523312e+00  2.24821372e+05 -2.52155850e+01 
 2.27425030e+05  1.75447327e+00  2.27425030e+05 -2.54231848e+01 
 2.30058842e+05  1.73350237e+00  2.30058842e+05 -2.56314631e+01 
 2.32723155e+05  1.71232213e+00  2.32723155e+05 -2.58404114e+01 
 2.35418324e+05  1.69093434e+00  2.35418324e+05 -2.60500215e+01 
 2.38144706e+05  1.66934092e+00  2.38144706e+05 -2.62602857e+01 
 2.40902662e+05  1.64754388e+00  2.40902662e+05 -2.64711968e+01 
 2.43692558e+05  1.62554534e+00  2.43692558e+05 -2.66827481e+01 
 2.46514763e+05  1.60334751e+00  2.46514763e+05 -2.68949337e+01 
 2.49369653e+05  1.58095273e+00  2.49369653e+05 -2.71077480e+01 
 2.52257605e+05  1.55836341e+00  2.52257605e+05 -2.73211862e+01 
 2.55179003e+05  1.53558206e+00  2.55179003e+05 -2.75352440e+01 
 2.58134233e+05  1.51261129e+00  2.58134233e+05 -2.77499181e+01 
 2.61123688e+05  1.48945380e+00  2.61123688e+05 -2.79652056e+01 
 2.64147764e+05  1.46611238e+00  2.64147764e+05 -2.81811046e+01 
 2.67206861e+05  1.44258990e+00  2.67206861e+05 -2.83976137e+01 
 2.70301386e+05  1.41888931e+00  2.70301386e+05 -2.86147325e+01 
 2.73431749e+05  1.39501365e+00  2.73431749e+05 -2.88324614e+01 
 2.76598365e+05  1.37096603e+00  2.76598365e+05 -2.90508017e+01 
 2.79801653e+05  1.34674962e+00  2.79801653e+05 -2.92697554e+01 
 2.83042038e+05  1.32236768e+00  2.83042038e+05 -2.94893256e+01 
 2.86319950e+05  1.29782352e+00  2.86319950e+05 -2.97095162e+01 
 2.89635824e+05  1.27312051e+00  2.89635824e+05 -2.99303322e+01 
 2.92990099e+05  1.24826207e+00  2.92990099e+05 -3.01517794e+01 
 2.96383220e+05  1.22325169e+00  2.96383220e+05 -3.03738647e+01 
 2.99815637e+05  1.19809288e+00  2.99815637e+05 -3.05965960e+01 
 3.03287805e+05  1.17278921e+00  3.03287805e+05 -3.08199822e+01 
 3.06800183e+05  1.14734428e+00  3.06800183e+05 -3.10440332e+01 
 3.10353239e+05  1.12176171e+00  3.10353239e+05 -3.12687602e+01 
 3.13947443e+05  1.09604517e+00  3.13947443e+05 -3.14941751e+01 
 3.17583271e+05  1.07019832e+00  3.17583271e+05 -3.17202912e+01 
 3.21261205e+05  1.04422486e+00  3.21261205e+05 -3.19471228e+01 
 3.24981734e+05  1.01812848e+00  3.24981734e+05 -3.21746853e+01 
 3.28745351e+05  9.91912893e-01  3.28745351e+05 -3.24029952e+01 
 3.32552554e+05  9.65581791e-01  3.32552554e+05 -3.26320701e+01 
 3.36403848e+05  9.39138867e-01  3.36403848e+05 -3.28619289e+01 
 3.40299744e+05  9.12587800e-01  3.40299744e+05 -3.30925914e+01 
 3.44240758e+05  8.85932247e-01  3.44240758e+05 -3.33240788e+01 
 3.48227413e+05  8.59175840e-01  3.48227413e+05 -3.35564131e+01 
 3.52260238e+05  8.32322181e-01  3.52260238e+05 -3.37896177e+01 
 3.56339767e+05  8.05374834e-01  3.56339767e+05 -3.40237171e+01 
 3.60466541e+05  7.78337318e-01  3.60466541e+05 -3.42587368e+01 
 3.64641107e+05  7.51213106e-01  3.64641107e+05 -3.44947035e+01 
 3.68864019e+05  7.24005614e-01  3.68864019e+05 -3.47316451e+01 
 3.73135837e+05  6.96718198e-01  3.73135837e+05 -3.49695905e+01 
 3.77457126e+05  6.69354147e-01  3.77457126e+05 -3.52085696e+01 
 3.81828460e+05  6.41916681e-01  3.81828460e+05 -3.54486136e+01 
 3.86250419e+05  6.14408938e-01  3.86250419e+05 -3.56897546e+01 
 3.90723589e+05  5.86833977e-01  3.90723589e+05 -3.59320258e+01 
 3.95248562e+05  5.59194767e-01  3.95248562e+05 -3.61754615e+01 
 3.99825939e+05  5.31494184e-01  3.99825939e+05 -3.64200968e+01 
 4.04456327e+05  5.03735006e-01  4.04456327e+05 -3.66659680e+01 
 4.09140339e+05  4.75919905e-01  4.09140339e+05 -3.69131124e+01 
 4.13878597e+05  4.48051448e-01  4.13878597e+05 -3.71615680e+01 
 4.18671729e+05  4.20132087e-01  4.18671729e+05 -3.74113739e+01 
 4.23520370e+05  3.92164157e-01  4.23520370e+05 -3.76625701e+01 
 4.28425163e+05  3.64149872e-01  4.28425163e+05 -3.79151975e+01 
 4.33386759e+05  3.36091318e-01  4.33386759e+05 -3.81692976e+01 
 4.38405814e+05  3.07990454e-01  4.38405814e+05 -3.84249130e+01 
 4.43482996e+05  2.79849102e-01  4.43482996e+05 -3.86820870e+01 
 4.48618977e+05  2.51668949e-01  4.48618977e+05 -3.89408635e+01 
 4.53814437e+05  2.23451541e-01  4.53814437e+05 -3.92012873e+01 
 4.59070066e+05  1.95198281e-01  4.59070066e+05 -3.94634037e+01 
 4.64386560e+05  1.66910424e-01  4.64386560e+05 -3.97272589e+01 
 4.69764625e+05  1.38589076e-01  4.69764625e+05 -3.99928995e+01 
 4.75204974e+05  1.10235191e-01  4.75204974e+05 -4.02603728e+01 
 4.80708327e+05  8.18495717e-02  4.80708327e+05 -4.05297264e+01 
 4.86275414e+05  5.34328611e-02  4.86275414e+05 -4.08010088e+01 
 4.91906974e+05  2.49855465e-02  4.91906974e+05 -4.10742687e+01 
 4.97603753e+05 -3.49204430e-03  4.97603753e+05 -4.13495552e+01 
 5.03366507e+05 -3.19997442e-02  5.03366507e+05 -4.16269180e+01 
 5.09195999e+05 -6.05375474e-02  5.09195999e+05 -4.19064069e+01 
 5.15093002e+05 -8.91056105e-02  5.15093002e+05 -4.21880723e+01 
 5.21058299e+05 -1.17704253e-01  5.21058299e+05 -4.24719645e+01 
 5.27092679e+05 -1.46333957e-01  5.27092679e+05 -4.27581345e+01 
 5.33196944e+05 -1.74995369e-01  5.33196944e+05 -4.30466330e+01 
 5.39371903e+05 -2.03689297e-01  5.39371903e+05 -4.33375113e+01 
 5.45618374e+05 -2.32416713e-01  5.45618374e+05 -4.36308205e+01 
 5.51937185e+05 -2.61178748e-01  5.51937185e+05 -4.39266120e+01 
 5.58329174e+05 -2.89976699e-01  5.58329174e+05 -4.42249372e+01 
 5.64795189e+05 -3.18812017e-01  5.64795189e+05 -4.45258473e+01 
 5.71336088e+05 -3.47686316e-01  5.71336088e+05 -4.48293937e+01 
 5.77952736e+05 -3.76601364e-01  5.77952736e+05 -4.51356277e+01 
 5.84646012e+05 -4.05559085e-01  5.84646012e+05 -4.54446004e+01 
 5.91416802e+05 -4.34561557e-01  5.91416802e+05 -4.57563629e+01 
 5.98266006e+05 -4.63611006e-01  5.98266006e+05 -4.60709659e+01 
 6.05194529e+05 -4.92709810e-01  6.05194529e+05 -4.63884600e+01 
 6.12203293e+05 -5.21860488e-01  6.12203293e+05 -4.67088957e+01 
 6.19293224e+05 -5.51065706e-01  6.19293224e+05 -4.70323231e+01 
 6.26465265e+05 -5.80328266e-01  6.26465265e+05 -4.73587918e+01 
 6.33720365e+05 -6.09651108e-01  6.33720365e+05 -4.76883515e+01 
 6.41059486e+05 -6.39037306e-01  6.41059486e+05 -4.80210510e+01 
 6.48483601e+05 -6.68490060e-01  6.48483601e+05 -4.83569390e+01 
 6.55993696e+05 -6.98012698e-01  6.55993696e+05 -4.86960639e+01 
 6.63590765e+05 -7.27608669e-01  6.63590765e+05 -4.90384732e+01 
 6.71275815e+05 -7.57281538e-01  6.71275815e+05 -4.93842143e+01 
 6.79049866e+05 -7.87034984e-01  6.79049866e+05 -4.97333339e+01 
 6.86913949e+05 -8.16872794e-01  6.86913949e+05 -5.00858783e+01 
 6.94869105e+05 -8.46798859e-01  6.94869105e+05 -5.04418929e+01 
 7.02916391e+05 -8.76817169e-01  7.02916391e+05 -5.08014229e+01 
 7.11056872e+05 -9.06931808e-01  7.11056872e+05 -5.11645127e+01 
 7.19291628e+05 -9.37146950e-01  7.19291628e+05 -5.15312061e+01 
 7.27621750e+05 -9.67466852e-01  7.27621750e+05 -5.19015462e+01 
 7.36048344e+05 -9.97895850e-01  7.36048344e+05 -5.22755755e+01 
 7.44572527e+05 -1.02843835e+00  7.44572527e+05 -5.26533358e+01 
 7.53195428e+05 -1.05909884e+00  7.53195428e+05 -5.30348681e+01 
 7.61918191e+05 -1.08988186e+00  7.61918191e+05 -5.34202128e+01 
 7.70741972e+05 -1.12079199e+00  7.70741972e+05 -5.38094095e+01 
 7.79667942e+05 -1.15183390e+00  7.79667942e+05 -5.42024971e+01 
 7.88697283e+05 -1.18301226e+00  7.88697283e+05 -5.45995138e+01 
 7.97831193e+05 -1.21433182e+00  7.97831193e+05 -5.50004968e+01 
 8.07070883e+05 -1.24579735e+00  8.07070883e+05 -5.54054828e+01 
 8.16417578e+05 -1.27741362e+00  8.16417578e+05 -5.58145076e+01 
 8.25872518e+05 -1.30918547e+00  8.25872518e+05 -5.62276062e+01 
 8.35436955e+05 -1.34111772e+00  8.35436955e+05 -5.66448129e+01 
 8.45112157e+05 -1.37321520e+00  8.45112157e+05 -5.70661611e+01 
 8.54899409e+05 -1.40548277e+00  8.54899409e+05 -5.74916834e+01 
 8.64800006e+05 -1.43792525e+00  8.64800006e+05 -5.79214118e+01 
 8.74815263e+05 -1.47054748e+00  8.74815263e+05 -5.83553774e+01 
 8.84946506e+05 -1.50335428e+00  8.84946506e+05 -5.87936104e+01 
 8.95195080e+05 -1.53635042e+00  8.95195080e+05 -5.92361403e+01 
 9.05562342e+05 -1.56954069e+00  9.05562342e+05 -5.96829961e+01 
 9.16049667e+05 -1.60292979e+00  9.16049667e+05 -6.01342055e+01 
 9.26658447e+05 -1.63652244e+00  9.26658447e+05 -6.05897959e+01 
 9.37390086e+05 -1.67032325e+00  9.37390086e+05 -6.10497938e+01 
 9.48246009e+05 -1.70433683e+00  9.48246009e+05 -6.15142249e+01 
 9.59227655e+05 -1.73856770e+00  9.59227655e+05 -6.19831143e+01 
 9.70336479e+05 -1.77302032e+00  9.70336479e+05 -6.24564863e+01 
 9.81573954e+05 -1.80769910e+00  9.81573954e+05 -6.29343647e+01 
 9.92941571e+05 -1.84260833e+00  9.92941571e+05 -6.34167725e+01 
 1.00444084e+06 -1.87775227e+00  1.00444084e+06 -6.39037319e+01 
 1.01607327e+06 -1.91313504e+00  1.01607327e+06 -6.43952649e+01 
 1.02784043e+06 -1.94876070e+00  1.02784043e+06 -6.48913924e+01 
 1.03974386e+06 -1.98463320e+00  1.03974386e+06 -6.53921352e+01 
 1.05178514e+06 -2.02075639e+00  1.05178514e+06 -6.58975133e+01 
 1.06396587e+06 -2.05713399e+00  1.06396587e+06 -6.64075463e+01 
 1.07628767e+06 -2.09376962e+00  1.07628767e+06 -6.69222531e+01 
 1.08875217e+06 -2.13066678e+00  1.08875217e+06 -6.74416524e+01 
 1.10136102e+06 -2.16782883e+00  1.10136102e+06 -6.79657624e+01 
 1.11411589e+06 -2.20525902e+00  1.11411589e+06 -6.84946008e+01 
 1.12701847e+06 -2.24296044e+00  1.12701847e+06 -6.90281853e+01 
 1.14007049e+06 -2.28093607e+00  1.14007049e+06 -6.95665329e+01 
 1.15327365e+06 -2.31918871e+00  1.15327365e+06 -7.01096605e+01 
 1.16662972e+06 -2.35772105e+00  1.16662972e+06 -7.06575849e+01 
 1.18014047e+06 -2.39653559e+00  1.18014047e+06 -7.12103224e+01 
 1.19380769e+06 -2.43563469e+00  1.19380769e+06 -7.17678896e+01 
 1.20763319e+06 -2.47502058e+00  1.20763319e+06 -7.23303026e+01 
 1.22161880e+06 -2.51469527e+00  1.22161880e+06 -7.28975778e+01 
 1.23576638e+06 -2.55466066e+00  1.23576638e+06 -7.34697313e+01 
 1.25007780e+06 -2.59491846e+00  1.25007780e+06 -7.40467796e+01 
 1.26455496e+06 -2.63547019e+00  1.26455496e+06 -7.46287390e+01 
 1.27919978e+06 -2.67631724e+00  1.27919978e+06 -7.52156262e+01 
 1.29401421e+06 -2.71746081e+00  1.29401421e+06 -7.58074581e+01 
 1.30900020e+06 -2.75890190e+00  1.30900020e+06 -7.64042518e+01 
 1.32415974e+06 -2.80064138e+00  1.32415974e+06 -7.70060247e+01 
 1.33949485e+06 -2.84267993e+00  1.33949485e+06 -7.76127949e+01 
 1.35500755e+06 -2.88501803e+00  1.35500755e+06 -7.82245807e+01 
 1.37069990e+06 -2.92765602e+00  1.37069990e+06 -7.88414009e+01 
 1.38657399e+06 -2.97059405e+00  1.38657399e+06 -7.94632752e+01 
 1.40263192e+06 -3.01383210e+00  1.40263192e+06 -8.00902238e+01 
 1.41887581e+06 -3.05736999e+00  1.41887581e+06 -8.07222675e+01 
 1.43530782e+06 -3.10120736e+00  1.43530782e+06 -8.13594282e+01 
 1.45193013e+06 -3.14534369e+00  1.45193013e+06 -8.20017285e+01 
 1.46874495e+06 -3.18977831e+00  1.46874495e+06 -8.26491919e+01 
 1.48575450e+06 -3.23451038e+00  1.48575450e+06 -8.33018432e+01 
 1.50296103e+06 -3.27953893e+00  1.50296103e+06 -8.39597081e+01 
 1.52036684e+06 -3.32486281e+00  1.52036684e+06 -8.46228134e+01 
 1.53797422e+06 -3.37048078e+00  1.53797422e+06 -8.52911874e+01 
 1.55578551e+06 -3.41639143e+00  1.55578551e+06 -8.59648595e+01 
 1.57380308e+06 -3.46259324e+00  1.57380308e+06 -8.66438608e+01 
 1.59202931e+06 -3.50908458e+00  1.59202931e+06 -8.73282236e+01 
 1.61046661e+06 -3.55586372e+00  1.61046661e+06 -8.80179820e+01 
 1.62911744e+06 -3.60292882e+00  1.62911744e+06 -8.87131716e+01 
 1.64798426e+06 -3.65027798e+00  1.64798426e+06 -8.94138299e+01 
 1.66706959e+06 -3.69790922e+00  1.66706959e+06 -9.01199959e+01 
 1.68637593e+06 -3.74582050e+00  1.68637593e+06 -9.08317109e+01 
 1.70590587e+06 -3.79400975e+00  1.70590587e+06 -9.15490180e+01 
 1.72566198e+06 -3.84247488e+00  1.72566198e+06 -9.22719623e+01 
 1.74564689e+06 -3.89121380e+00  1.74564689e+06 -9.30005911e+01 
 1.76586324e+06 -3.94022441e+00  1.76586324e+06 -9.37349539e+01 
 1.78631372e+06 -3.98950466e+00  1.78631372e+06 -9.44751024e+01 
 1.80700103e+06 -4.03905257e+00  1.80700103e+06 -9.52210909e+01 
 1.82792793e+06 -4.08886622e+00  1.82792793e+06 -9.59729757e+01 
 1.84909717e+06 -4.13894379e+00  1.84909717e+06 -9.67308161e+01 
 1.87051159e+06 -4.18928361e+00  1.87051159e+06 -9.74946736e+01 
 1.89217400e+06 -4.23988416e+00  1.89217400e+06 -9.82646123e+01 
 1.91408728e+06 -4.29074412e+00  1.91408728e+06 -9.90406992e+01 
 1.93625434e+06 -4.34186238e+00  1.93625434e+06 -9.98230037e+01 
 1.95867812e+06 -4.39323809e+00  1.95867812e+06 -1.00611598e+02 
 1.98136159e+06 -4.44487069e+00  1.98136159e+06 -1.01406558e+02 
 2.00430776e+06 -4.49675997e+00  2.00430776e+06 -1.02207960e+02 
 2.02751966e+06 -4.54890608e+00  2.02751966e+06 -1.03015885e+02 
 2.05100039e+06 -4.60130956e+00  2.05100039e+06 -1.03830418e+02 
 2.07475304e+06 -4.65397146e+00  2.07475304e+06 -1.04651643e+02 
 2.09878077e+06 -4.70689328e+00  2.09878077e+06 -1.05479650e+02 
 2.12308677e+06 -4.76007712e+00  2.12308677e+06 -1.06314530e+02 
 2.14767426e+06 -4.81352567e+00  2.14767426e+06 -1.07156378e+02 
 2.17254649e+06 -4.86724227e+00  2.17254649e+06 -1.08005289e+02 
 2.19770677e+06 -4.92123099e+00  2.19770677e+06 -1.08861364e+02 
 2.22315843e+06 -4.97549667e+00  2.22315843e+06 -1.09724702e+02 
 2.24890485e+06 -5.03004498e+00  2.24890485e+06 -1.10595408e+02 
 2.27494944e+06 -5.08488248e+00  2.27494944e+06 -1.11473586e+02 
 2.30129565e+06 -5.14001671e+00  2.30129565e+06 -1.12359343e+02 
 2.32794697e+06 -5.19545620e+00  2.32794697e+06 -1.13252788e+02 
 2.35490695e+06 -5.25121059e+00  2.35490695e+06 -1.14154028e+02 
 2.38217915e+06 -5.30729065e+00  2.38217915e+06 -1.15063175e+02 
 2.40976718e+06 -5.36370839e+00  2.40976718e+06 -1.15980337e+02 
 2.43767472e+06 -5.42047709e+00  2.43767472e+06 -1.16905626e+02 
 2.46590545e+06 -5.47761137e+00  2.46590545e+06 -1.17839148e+02 
 2.49446313e+06 -5.53512727e+00  2.49446313e+06 -1.18781014e+02 
 2.52335153e+06 -5.59304228e+00  2.52335153e+06 -1.19731327e+02 
 2.55257448e+06 -5.65137545e+00  2.55257448e+06 -1.20690192e+02 
 2.58213587e+06 -5.71014736e+00  2.58213587e+06 -1.21657709e+02 
 2.61203961e+06 -5.76938025e+00  2.61203961e+06 -1.22633973e+02 
 2.64228966e+06 -5.82909800e+00  2.64228966e+06 -1.23619075e+02 
 2.67289004e+06 -5.88932619e+00  2.67289004e+06 -1.24613101e+02 
 2.70384481e+06 -5.95009211e+00  2.70384481e+06 -1.25616128e+02 
 2.73515806e+06 -6.01142479e+00  2.73515806e+06 -1.26628227e+02 
 2.76683395e+06 -6.07335497e+00  2.76683395e+06 -1.27649458e+02 
 2.79887667e+06 -6.13591513e+00  2.79887667e+06 -1.28679873e+02 
 2.83129049e+06 -6.19913939e+00  2.83129049e+06 -1.29719510e+02 
 2.86407969e+06 -6.26306353e+00  2.86407969e+06 -1.30768397e+02 
 2.89724862e+06 -6.32772491e+00  2.89724862e+06 -1.31826546e+02 
 2.93080168e+06 -6.39316233e+00  2.93080168e+06 -1.32893955e+02 
 2.96474332e+06 -6.45941600e+00  2.96474332e+06 -1.33970605e+02 
 2.99907804e+06 -6.52652736e+00  2.99907804e+06 -1.35056459e+02 
 3.03381039e+06 -6.59453892e+00  3.03381039e+06 -1.36151461e+02 
 3.06894498e+06 -6.66349411e+00  3.06894498e+06 -1.37255534e+02 
 3.10448646e+06 -6.73343706e+00  3.10448646e+06 -1.38368581e+02 
 3.14043954e+06 -6.80441235e+00  3.14043954e+06 -1.39490482e+02 
 3.17680900e+06 -6.87646478e+00  3.17680900e+06 -1.40621092e+02 
 3.21359965e+06 -6.94963910e+00  3.21359965e+06 -1.41760243e+02 
 3.25081638e+06 -7.02397964e+00  3.25081638e+06 -1.42907743e+02 
 3.28846411e+06 -7.09953006e+00  3.28846411e+06 -1.44063372e+02 
 3.32654785e+06 -7.17633299e+00  3.32654785e+06 -1.45226887e+02 
 3.36507263e+06 -7.25442964e+00  3.36507263e+06 -1.46398018e+02 
 3.40404356e+06 -7.33385945e+00  3.40404356e+06 -1.47576470e+02 
 3.44346582e+06 -7.41465973e+00  3.44346582e+06 -1.48761923e+02 
 3.48334463e+06 -7.49686527e+00  3.48334463e+06 -1.49954032e+02 
 3.52368527e+06 -7.58050798e+00  3.52368527e+06 -1.51152430e+02 
 3.56449310e+06 -7.66561651e+00  3.56449310e+06 -1.52356729e+02 
 3.60577353e+06 -7.75221592e+00  3.60577353e+06 -1.53566521e+02 
 3.64753203e+06 -7.84032736e+00  3.64753203e+06 -1.54781380e+02 
 3.68977413e+06 -7.92996780e+00  3.68977413e+06 -1.56000863e+02 
 3.73250543e+06 -8.02114972e+00  3.73250543e+06 -1.57224516e+02 
 3.77573161e+06 -8.11388096e+00  3.77573161e+06 -1.58451875e+02 
 3.81945839e+06 -8.20816451e+00  3.81945839e+06 -1.59682467e+02 
 3.86369158e+06 -8.30399842e+00  3.86369158e+06 -1.60915817e+02 
 3.90843702e+06 -8.40137573e+00  3.90843702e+06 -1.62151447e+02 
 3.95370067e+06 -8.50028448e+00  3.95370067e+06 -1.63388883e+02 
 3.99948851e+06 -8.60070776e+00  3.99948851e+06 -1.64627656e+02 
 4.04580662e+06 -8.70262382e+00  4.04580662e+06 -1.65867308e+02 
 4.09266114e+06 -8.80600625e+00  4.09266114e+06 -1.67107389e+02 
 4.14005829e+06 -8.91082422e+00  4.14005829e+06 -1.68347469e+02 
 4.18800434e+06 -9.01704274e+00  4.18800434e+06 -1.69587132e+02 
 4.23650566e+06 -9.12462301e+00  4.23650566e+06 -1.70825985e+02 
 4.28556866e+06 -9.23352275e+00  4.28556866e+06 -1.72063656e+02 
 4.33519987e+06 -9.34369668e+00  4.33519987e+06 -1.73299801e+02 
 4.38540586e+06 -9.45509687e+00  4.38540586e+06 -1.74534098e+02 
 4.43619329e+06 -9.56767322e+00  4.43619329e+06 -1.75766256e+02 
 4.48756888e+06 -9.68137395e+00  4.48756888e+06 -1.76996010e+02 
 4.53953946e+06 -9.79614606e+00  4.53953946e+06 -1.78223127e+02 
 4.59211190e+06 -9.91193574e+00  4.59211190e+06 -1.79447401e+02 
 4.64529319e+06 -1.00286889e+01  4.64529319e+06  1.79331343e+02 
 4.69909037e+06 -1.01463516e+01  4.69909037e+06  1.78113255e+02 
 4.75351058e+06 -1.02648704e+01  4.75351058e+06  1.76898454e+02 
 4.80856103e+06 -1.03841929e+01  4.80856103e+06  1.75687033e+02 
 4.86424902e+06 -1.05042678e+01  4.86424902e+06  1.74479060e+02 
 4.92058193e+06 -1.06250457e+01  4.92058193e+06  1.73274580e+02 
 4.97756723e+06 -1.07464787e+01  4.97756723e+06  1.72073616e+02 
 5.03521248e+06 -1.08685215e+01  5.03521248e+06  1.70876170e+02 
 5.09352532e+06 -1.09911308e+01  5.09352532e+06  1.69682225e+02 
 5.15251348e+06 -1.11142661e+01  5.15251348e+06  1.68491750e+02 
 5.21218479e+06 -1.12378893e+01  5.21218479e+06  1.67304699e+02 
 5.27254715e+06 -1.13619652e+01  5.27254715e+06  1.66121014e+02 
 5.33360856e+06 -1.14864613e+01  5.33360856e+06  1.64940627e+02 
 5.39537713e+06 -1.16113480e+01  5.39537713e+06  1.63763460e+02 
 5.45786104e+06 -1.17365985e+01  5.45786104e+06  1.62589433e+02 
 5.52106858e+06 -1.18621885e+01  5.52106858e+06  1.61418457e+02 
 5.58500812e+06 -1.19880969e+01  5.58500812e+06  1.60250442e+02 
 5.64968815e+06 -1.21143047e+01  5.64968815e+06  1.59085299e+02 
 5.71511724e+06 -1.22407957e+01  5.71511724e+06  1.57922935e+02 
 5.78130406e+06 -1.23675561e+01  5.78130406e+06  1.56763262e+02 
 5.84825740e+06 -1.24945742e+01  5.84825740e+06  1.55606193e+02 
 5.91598612e+06 -1.26218405e+01  5.91598612e+06  1.54451645e+02 
 5.98449920e+06 -1.27493475e+01  5.98449920e+06  1.53299540e+02 
 6.05380574e+06 -1.28770894e+01  6.05380574e+06  1.52149804e+02 
 6.12391492e+06 -1.30050622e+01  6.12391492e+06  1.51002369e+02 
 6.19483603e+06 -1.31332633e+01  6.19483603e+06  1.49857175e+02 
 6.26657849e+06 -1.32616914e+01  6.26657849e+06  1.48714168e+02 
 6.33915179e+06 -1.33903464e+01  6.33915179e+06  1.47573300e+02 
 6.41256556e+06 -1.35192292e+01  6.41256556e+06  1.46434532e+02 
 6.48682954e+06 -1.36483418e+01  6.48682954e+06  1.45297830e+02 
 6.56195357e+06 -1.37776866e+01  6.56195357e+06  1.44163169e+02 
 6.63794761e+06 -1.39072668e+01  6.63794761e+06  1.43030530e+02 
 6.71482174e+06 -1.40370861e+01  6.71482174e+06  1.41899902e+02 
 6.79258615e+06 -1.41671484e+01  6.79258615e+06  1.40771281e+02 
 6.87125115e+06 -1.42974581e+01  6.87125115e+06  1.39644668e+02 
 6.95082717e+06 -1.44280194e+01  6.95082717e+06  1.38520072e+02 
 7.03132476e+06 -1.45588369e+01  7.03132476e+06  1.37397506e+02 
 7.11275460e+06 -1.46899149e+01  7.11275460e+06  1.36276989e+02 
 7.19512747e+06 -1.48212578e+01  7.19512747e+06  1.35158547e+02 
 7.27845431e+06 -1.49528695e+01  7.27845431e+06  1.34042207e+02 
 7.36274615e+06 -1.50847541e+01  7.36274615e+06  1.32928004e+02 
 7.44801418e+06 -1.52169149e+01  7.44801418e+06  1.31815974e+02 
 7.53426970e+06 -1.53493552e+01  7.53426970e+06  1.30706157e+02 
 7.62152414e+06 -1.54820779e+01  7.62152414e+06  1.29598596e+02 
 7.70978908e+06 -1.56150852e+01  7.70978908e+06  1.28493337e+02 
 7.79907622e+06 -1.57483792e+01  7.79907622e+06  1.27390427e+02 
 7.88939739e+06 -1.58819611e+01  7.88939739e+06  1.26289914e+02 
 7.98076457e+06 -1.60158322e+01  7.98076457e+06  1.25191848e+02 
 8.07318988e+06 -1.61499926e+01  8.07318988e+06  1.24096279e+02 
 8.16668556e+06 -1.62844426e+01  8.16668556e+06  1.23003258e+02 
 8.26126402e+06 -1.64191814e+01  8.26126402e+06  1.21912835e+02 
 8.35693779e+06 -1.65542081e+01  8.35693779e+06  1.20825060e+02 
 8.45371956e+06 -1.66895211e+01  8.45371956e+06  1.19739980e+02 
 8.55162216e+06 -1.68251183e+01  8.55162216e+06  1.18657643e+02 
 8.65065857e+06 -1.69609974e+01  8.65065857e+06  1.17578096e+02 
 8.75084193e+06 -1.70971552e+01  8.75084193e+06  1.16501381e+02 
 8.85218551e+06 -1.72335885e+01  8.85218551e+06  1.15427541e+02 
 8.95470275e+06 -1.73702934e+01  8.95470275e+06  1.14356614e+02 
 9.05840724e+06 -1.75072658e+01  9.05840724e+06  1.13288638e+02 
 9.16331273e+06 -1.76445011e+01  9.16331273e+06  1.12223646e+02 
 9.26943314e+06 -1.77819943e+01  9.26943314e+06  1.11161668e+02 
 9.37678253e+06 -1.79197403e+01  9.37678253e+06  1.10102732e+02 
 9.48537513e+06 -1.80577336e+01  9.48537513e+06  1.09046861e+02 
 9.59522534e+06 -1.81959683e+01  9.59522534e+06  1.07994077e+02 
 9.70634773e+06 -1.83344386e+01  9.70634773e+06  1.06944395e+02 
 9.81875703e+06 -1.84731382e+01  9.81875703e+06  1.05897830e+02 
 9.93246814e+06 -1.86120608e+01  9.93246814e+06  1.04854390e+02 
 1.00474961e+07 -1.87511998e+01  1.00474961e+07  1.03814081e+02 
 1.01638563e+07 -1.88905487e+01  1.01638563e+07  1.02776903e+02 
 1.02815640e+07 -1.90301008e+01  1.02815640e+07  1.01742856e+02 
 1.04006349e+07 -1.91698493e+01  1.04006349e+07  1.00711932e+02 
 1.05210847e+07 -1.93097874e+01  1.05210847e+07  9.96841216e+01 
 1.06429295e+07 -1.94499084e+01  1.06429295e+07  9.86594099e+01 
 1.07661854e+07 -1.95902055e+01  1.07661854e+07  9.76377791e+01 
 1.08908687e+07 -1.97306720e+01  1.08908687e+07  9.66192073e+01 
 1.10169959e+07 -1.98713014e+01  1.10169959e+07  9.56036688e+01 
 1.11445838e+07 -2.00120870e+01  1.11445838e+07  9.45911343e+01 
 1.12736493e+07 -2.01530224e+01  1.12736493e+07  9.35815706e+01 
 1.14042096e+07 -2.02941014e+01  1.14042096e+07  9.25749411e+01 
 1.15362818e+07 -2.04353180e+01  1.15362818e+07  9.15712058e+01 
 1.16698836e+07 -2.05766661e+01  1.16698836e+07  9.05703213e+01 
 1.18050326e+07 -2.07181401e+01  1.18050326e+07  8.95722407e+01 
 1.19417468e+07 -2.08597345e+01  1.19417468e+07  8.85769143e+01 
 1.20800443e+07 -2.10014440e+01  1.20800443e+07  8.75842892e+01 
 1.22199434e+07 -2.11432636e+01  1.22199434e+07  8.65943096e+01 
 1.23614627e+07 -2.12851886e+01  1.23614627e+07  8.56069169e+01 
 1.25046209e+07 -2.14272144e+01  1.25046209e+07  8.46220498e+01 
 1.26494370e+07 -2.15693368e+01  1.26494370e+07  8.36396446e+01 
 1.27959303e+07 -2.17115520e+01  1.27959303e+07  8.26596352e+01 
 1.29441200e+07 -2.18538564e+01  1.29441200e+07  8.16819533e+01 
 1.30940260e+07 -2.19962467e+01  1.30940260e+07  8.07065283e+01 
 1.32456680e+07 -2.21387199e+01  1.32456680e+07  7.97332878e+01 
 1.33990662e+07 -2.22812734e+01  1.33990662e+07  7.87621577e+01 
 1.35542409e+07 -2.24239048e+01  1.35542409e+07  7.77930619e+01 
 1.37112127e+07 -2.25666123e+01  1.37112127e+07  7.68259230e+01 
 1.38700024e+07 -2.27093941e+01  1.38700024e+07  7.58606623e+01 
 1.40306310e+07 -2.28522490e+01  1.40306310e+07  7.48971996e+01 
 1.41931199e+07 -2.29951760e+01  1.41931199e+07  7.39354538e+01 
 1.43574905e+07 -2.31381745e+01  1.43574905e+07  7.29753428e+01 
 1.45237648e+07 -2.32812442e+01  1.45237648e+07  7.20167836e+01 
 1.46919646e+07 -2.34243852e+01  1.46919646e+07  7.10596926e+01 
 1.48621124e+07 -2.35675980e+01  1.48621124e+07  7.01039857e+01 
 1.50342306e+07 -2.37108832e+01  1.50342306e+07  6.91495784e+01 
 1.52083422e+07 -2.38542419e+01  1.52083422e+07  6.81963857e+01 
 1.53844701e+07 -2.39976756e+01  1.53844701e+07  6.72443228e+01 
 1.55626378e+07 -2.41411860e+01  1.55626378e+07  6.62933045e+01 
 1.57428689e+07 -2.42847751e+01  1.57428689e+07  6.53432462e+01 
 1.59251872e+07 -2.44284454e+01  1.59251872e+07  6.43940631e+01 
 1.61096169e+07 -2.45721994e+01  1.61096169e+07  6.34456710e+01 
 1.62961825e+07 -2.47160403e+01  1.62961825e+07  6.24979861e+01 
 1.64849088e+07 -2.48599712e+01  1.64849088e+07  6.15509251e+01 
 1.66758206e+07 -2.50039957e+01  1.66758206e+07  6.06044058e+01 
 1.68689435e+07 -2.51481178e+01  1.68689435e+07  5.96583463e+01 
 1.70643029e+07 -2.52923415e+01  1.70643029e+07  5.87126659e+01 
 1.72619247e+07 -2.54366713e+01  1.72619247e+07  5.77672851e+01 
 1.74618352e+07 -2.55811117e+01  1.74618352e+07  5.68221251e+01 
 1.76640609e+07 -2.57256678e+01  1.76640609e+07  5.58771088e+01 
 1.78686285e+07 -2.58703446e+01  1.78686285e+07  5.49321601e+01 
 1.80755653e+07 -2.60151475e+01  1.80755653e+07  5.39872045e+01 
 1.82848985e+07 -2.61600822e+01  1.82848985e+07  5.30421690e+01 
 1.84966561e+07 -2.63051544e+01  1.84966561e+07  5.20969821e+01 
 1.87108661e+07 -2.64503702e+01  1.87108661e+07  5.11515742e+01 
 1.89275568e+07 -2.65957357e+01  1.89275568e+07  5.02058774e+01 
 1.91467570e+07 -2.67412574e+01  1.91467570e+07  4.92598255e+01 
 1.93684957e+07 -2.68869419e+01  1.93684957e+07  4.83133544e+01 
 1.95928024e+07 -2.70327957e+01  1.95928024e+07  4.73664020e+01 
 1.98197069e+07 -2.71788259e+01  1.98197069e+07  4.64189084e+01 
 2.00492391e+07 -2.73250394e+01  2.00492391e+07  4.54708155e+01 
 2.02814295e+07 -2.74714434e+01  2.02814295e+07  4.45220679e+01 
 2.05163089e+07 -2.76180452e+01  2.05163089e+07  4.35726121e+01 
 2.07539085e+07 -2.77648520e+01  2.07539085e+07  4.26223971e+01 
 2.09942597e+07 -2.79118714e+01  2.09942597e+07  4.16713744e+01 
 2.12373944e+07 -2.80591109e+01  2.12373944e+07  4.07194979e+01 
 2.14833448e+07 -2.82065782e+01  2.14833448e+07  3.97667240e+01 
 2.17321436e+07 -2.83542810e+01  2.17321436e+07  3.88130117e+01 
 2.19838238e+07 -2.85022269e+01  2.19838238e+07  3.78583227e+01 
 2.22384186e+07 -2.86504238e+01  2.22384186e+07  3.69026213e+01 
 2.24959620e+07 -2.87988795e+01  2.24959620e+07  3.59458745e+01 
 2.27564879e+07 -2.89476019e+01  2.27564879e+07  3.49880522e+01 
 2.30200310e+07 -2.90965987e+01  2.30200310e+07  3.40291270e+01 
 2.32866262e+07 -2.92458779e+01  2.32866262e+07  3.30690744e+01 
 2.35563088e+07 -2.93954472e+01  2.35563088e+07  3.21078729e+01 
 2.38291146e+07 -2.95453144e+01  2.38291146e+07  3.11455037e+01 
 2.41050798e+07 -2.96954874e+01  2.41050798e+07  3.01819511e+01 
 2.43842409e+07 -2.98459739e+01  2.43842409e+07  2.92172025e+01 
 2.46666350e+07 -2.99967814e+01  2.46666350e+07  2.82512480e+01 
 2.49522996e+07 -3.01479177e+01  2.49522996e+07  2.72840812e+01 
 2.52412724e+07 -3.02993902e+01  2.52412724e+07  2.63156982e+01 
 2.55335918e+07 -3.04512064e+01  2.55335918e+07  2.53460988e+01 
 2.58292965e+07 -3.06033735e+01  2.58292965e+07  2.43752855e+01 
 2.61284258e+07 -3.07558988e+01  2.61284258e+07  2.34032641e+01 
 2.64310194e+07 -3.09087895e+01  2.64310194e+07  2.24300435e+01 
 2.67371172e+07 -3.10620523e+01  2.67371172e+07  2.14556357e+01 
 2.70467600e+07 -3.12156942e+01  2.70467600e+07  2.04800561e+01 
 2.73599888e+07 -3.13697218e+01  2.73599888e+07  1.95033230e+01 
 2.76768451e+07 -3.15241416e+01  2.76768451e+07  1.85254580e+01 
 2.79973709e+07 -3.16789599e+01  2.79973709e+07  1.75464859e+01 
 2.83216087e+07 -3.18341828e+01  2.83216087e+07  1.65664348e+01 
 2.86496015e+07 -3.19898162e+01  2.86496015e+07  1.55853357e+01 
 2.89813928e+07 -3.21458660e+01  2.89813928e+07  1.46032232e+01 
 2.93170265e+07 -3.23023374e+01  2.93170265e+07  1.36201346e+01 
 2.96565473e+07 -3.24592359e+01  2.96565473e+07  1.26361107e+01 
 3.00000000e+07 -3.26165665e+01  3.00000000e+07  1.16511953e+01 
