 2.00000000e-01 -8.49332563e+00  2.00000000e-01  6.78862543e+01 
 2.02316202e-01 -8.40762621e+00  2.02316202e-01  6.76552211e+01 
 2.04659228e-01 -8.32221156e+00  2.04659228e-01  6.74222889e+01 
 2.07029388e-01 -8.23708638e+00  2.07029388e-01  6.71874577e+01 
 2.09426997e-01 -8.15225539e+00  2.09426997e-01  6.69507279e+01 
 2.11852373e-01 -8.06772333e+00  2.11852373e-01  6.67121004e+01 
 2.14305837e-01 -7.98349501e+00  2.14305837e-01  6.64715768e+01 
 2.16787715e-01 -7.89957524e+00  2.16787715e-01  6.62291589e+01 
 2.19298335e-01 -7.81596888e+00  2.19298335e-01  6.59848495e+01 
 2.21838031e-01 -7.73268082e+00  2.21838031e-01  6.57386516e+01 
 2.24407140e-01 -7.64971598e+00  2.24407140e-01  6.54905690e+01 
 2.27006001e-01 -7.56707929e+00  2.27006001e-01  6.52406060e+01 
 2.29634959e-01 -7.48477573e+00  2.29634959e-01  6.49887675e+01 
 2.32294364e-01 -7.40281029e+00  2.32294364e-01  6.47350590e+01 
 2.34984567e-01 -7.32118797e+00  2.34984567e-01  6.44794868e+01 
 2.37705925e-01 -7.23991382e+00  2.37705925e-01  6.42220576e+01 
 2.40458800e-01 -7.15899288e+00  2.40458800e-01  6.39627788e+01 
 2.43243555e-01 -7.07843022e+00  2.43243555e-01  6.37016586e+01 
 2.46060561e-01 -6.99823090e+00  2.46060561e-01  6.34387057e+01 
 2.48910190e-01 -6.91840003e+00  2.48910190e-01  6.31739296e+01 
 2.51792821e-01 -6.83894270e+00  2.51792821e-01  6.29073404e+01 
 2.54708836e-01 -6.75986399e+00  2.54708836e-01  6.26389489e+01 
 2.57658622e-01 -6.68116903e+00  2.57658622e-01  6.23687667e+01 
 2.60642568e-01 -6.60286291e+00  2.60642568e-01  6.20968060e+01 
 2.63661072e-01 -6.52495073e+00  2.63661072e-01  6.18230798e+01 
 2.66714534e-01 -6.44743759e+00  2.66714534e-01  6.15476017e+01 
 2.69803357e-01 -6.37032857e+00  2.69803357e-01  6.12703862e+01 
 2.72927952e-01 -6.29362875e+00  2.72927952e-01  6.09914484e+01 
 2.76088733e-01 -6.21734319e+00  2.76088733e-01  6.07108043e+01 
 2.79286119e-01 -6.14147693e+00  2.79286119e-01  6.04284705e+01 
 2.82520534e-01 -6.06603500e+00  2.82520534e-01  6.01444644e+01 
 2.85792407e-01 -5.99102240e+00  2.85792407e-01  5.98588042e+01 
 2.89102171e-01 -5.91644409e+00  2.89102171e-01  5.95715088e+01 
 2.92450266e-01 -5.84230503e+00  2.92450266e-01  5.92825979e+01 
 2.95837135e-01 -5.76861011e+00  2.95837135e-01  5.89920921e+01 
 2.99263228e-01 -5.69536421e+00  2.99263228e-01  5.87000124e+01 
 3.02728998e-01 -5.62257216e+00  3.02728998e-01  5.84063810e+01 
 3.06234905e-01 -5.55023875e+00  3.06234905e-01  5.81112205e+01 
 3.09781414e-01 -5.47836872e+00  3.09781414e-01  5.78145545e+01 
 3.13368996e-01 -5.40696675e+00  3.13368996e-01  5.75164074e+01 
 3.16998125e-01 -5.33603749e+00  3.16998125e-01  5.72168041e+01 
 3.20669283e-01 -5.26558550e+00  3.20669283e-01  5.69157705e+01 
 3.24382957e-01 -5.19561530e+00  3.24382957e-01  5.66133331e+01 
 3.28139639e-01 -5.12613135e+00  3.28139639e-01  5.63095193e+01 
 3.31939827e-01 -5.05713801e+00  3.31939827e-01  5.60043571e+01 
 3.35784025e-01 -4.98863961e+00  3.35784025e-01  5.56978753e+01 
 3.39672743e-01 -4.92064037e+00  3.39672743e-01  5.53901035e+01 
 3.43606496e-01 -4.85314445e+00  3.43606496e-01  5.50810718e+01 
 3.47585805e-01 -4.78615591e+00  3.47585805e-01  5.47708112e+01 
 3.51611200e-01 -4.71967874e+00  3.51611200e-01  5.44593534e+01 
 3.55683212e-01 -4.65371684e+00  3.55683212e-01  5.41467307e+01 
 3.59802383e-01 -4.58827399e+00  3.59802383e-01  5.38329760e+01 
 3.63969257e-01 -4.52335391e+00  3.63969257e-01  5.35181232e+01 
 3.68184388e-01 -4.45896020e+00  3.68184388e-01  5.32022065e+01 
 3.72448335e-01 -4.39509635e+00  3.72448335e-01  5.28852607e+01 
 3.76761663e-01 -4.33176577e+00  3.76761663e-01  5.25673216e+01 
 3.81124943e-01 -4.26897172e+00  3.81124943e-01  5.22484253e+01 
 3.85538754e-01 -4.20671738e+00  3.85538754e-01  5.19286085e+01 
 3.90003682e-01 -4.14500580e+00  3.90003682e-01  5.16079085e+01 
 3.94520318e-01 -4.08383991e+00  3.94520318e-01  5.12863632e+01 
 3.99089261e-01 -4.02322253e+00  3.99089261e-01  5.09640110e+01 
 4.03711118e-01 -3.96315635e+00  4.03711118e-01  5.06408907e+01 
 4.08386500e-01 -3.90364391e+00  4.08386500e-01  5.03170418e+01 
 4.13116027e-01 -3.84468766e+00  4.13116027e-01  4.99925040e+01 
 4.17900328e-01 -3.78628988e+00  4.17900328e-01  4.96673177e+01 
 4.22740035e-01 -3.72845274e+00  4.22740035e-01  4.93415234e+01 
 4.27635791e-01 -3.67117827e+00  4.27635791e-01  4.90151624e+01 
 4.32588245e-01 -3.61446835e+00  4.32588245e-01  4.86882760e+01 
 4.37598053e-01 -3.55832473e+00  4.37598053e-01  4.83609060e+01 
 4.42665880e-01 -3.50274900e+00  4.42665880e-01  4.80330944e+01 
 4.47792398e-01 -3.44774263e+00  4.47792398e-01  4.77048838e+01 
 4.52978286e-01 -3.39330694e+00  4.52978286e-01  4.73763167e+01 
 4.58224231e-01 -3.33944307e+00  4.58224231e-01  4.70474360e+01 
 4.63530930e-01 -3.28615206e+00  4.63530930e-01  4.67182847e+01 
 4.68899086e-01 -3.23343477e+00  4.68899086e-01  4.63889062e+01 
 4.74329410e-01 -3.18129191e+00  4.74329410e-01  4.60593439e+01 
 4.79822623e-01 -3.12972405e+00  4.79822623e-01  4.57296412e+01 
 4.85379453e-01 -3.07873160e+00  4.85379453e-01  4.53998418e+01 
 4.91000637e-01 -3.02831483e+00  4.91000637e-01  4.50699895e+01 
 4.96686920e-01 -2.97847385e+00  4.96686920e-01  4.47401278e+01 
 5.02439056e-01 -2.92920860e+00  5.02439056e-01  4.44103006e+01 
 5.08257807e-01 -2.88051890e+00  5.08257807e-01  4.40805515e+01 
 5.14143945e-01 -2.83240439e+00  5.14143945e-01  4.37509242e+01 
 5.20098251e-01 -2.78486458e+00  5.20098251e-01  4.34214624e+01 
 5.26121513e-01 -2.73789880e+00  5.26121513e-01  4.30922093e+01 
 5.32214531e-01 -2.69150627e+00  5.32214531e-01  4.27632085e+01 
 5.38378112e-01 -2.64568602e+00  5.38378112e-01  4.24345029e+01 
 5.44613074e-01 -2.60043695e+00  5.44613074e-01  4.21061357e+01 
 5.50920243e-01 -2.55575781e+00  5.50920243e-01  4.17781495e+01 
 5.57300455e-01 -2.51164721e+00  5.57300455e-01  4.14505869e+01 
 5.63754556e-01 -2.46810360e+00  5.63754556e-01  4.11234900e+01 
 5.70283403e-01 -2.42512531e+00  5.70283403e-01  4.07969008e+01 
 5.76887860e-01 -2.38271049e+00  5.76887860e-01  4.04708609e+01 
 5.83568804e-01 -2.34085719e+00  5.83568804e-01  4.01454114e+01 
 5.90327119e-01 -2.29956331e+00  5.90327119e-01  3.98205933e+01 
 5.97163703e-01 -2.25882659e+00  5.97163703e-01  3.94964470e+01 
 6.04079461e-01 -2.21864468e+00  6.04079461e-01  3.91730125e+01 
 6.11075310e-01 -2.17901506e+00  6.11075310e-01  3.88503293e+01 
 6.18152179e-01 -2.13993510e+00  6.18152179e-01  3.85284367e+01 
 6.25311005e-01 -2.10140204e+00  6.25311005e-01  3.82073731e+01 
 6.32552737e-01 -2.06341301e+00  6.32552737e-01  3.78871767e+01 
 6.39878336e-01 -2.02596499e+00  6.39878336e-01  3.75678850e+01 
 6.47288773e-01 -1.98905487e+00  6.47288773e-01  3.72495349e+01 
 6.54785030e-01 -1.95267942e+00  6.54785030e-01  3.69321630e+01 
 6.62368101e-01 -1.91683528e+00  6.62368101e-01  3.66158050e+01 
 6.70038992e-01 -1.88151901e+00  6.70038992e-01  3.63004962e+01 
 6.77798719e-01 -1.84672705e+00  6.77798719e-01  3.59862711e+01 
 6.85648312e-01 -1.81245573e+00  6.85648312e-01  3.56731637e+01 
 6.93588812e-01 -1.77870130e+00  6.93588812e-01  3.53612072e+01 
 7.01621270e-01 -1.74545990e+00  7.01621270e-01  3.50504344e+01 
 7.09746752e-01 -1.71272759e+00  7.09746752e-01  3.47408770e+01 
 7.17966335e-01 -1.68050034e+00  7.17966335e-01  3.44325665e+01 
 7.26281110e-01 -1.64877402e+00  7.26281110e-01  3.41255332e+01 
 7.34692178e-01 -1.61754443e+00  7.34692178e-01  3.38198071e+01 
 7.43200655e-01 -1.58680731e+00  7.43200655e-01  3.35154173e+01 
 7.51807668e-01 -1.55655829e+00  7.51807668e-01  3.32123920e+01 
 7.60514359e-01 -1.52679297e+00  7.60514359e-01  3.29107590e+01 
 7.69321883e-01 -1.49750684e+00  7.69321883e-01  3.26105451e+01 
 7.78231406e-01 -1.46869537e+00  7.78231406e-01  3.23117765e+01 
 7.87244111e-01 -1.44035394e+00  7.87244111e-01  3.20144786e+01 
 7.96361192e-01 -1.41247788e+00  7.96361192e-01  3.17186759e+01 
 8.05583858e-01 -1.38506247e+00  8.05583858e-01  3.14243923e+01 
 8.14913332e-01 -1.35810296e+00  8.14913332e-01  3.11316510e+01 
 8.24350851e-01 -1.33159452e+00  8.24350851e-01  3.08404742e+01 
 8.33897665e-01 -1.30553230e+00  8.33897665e-01  3.05508834e+01 
 8.43555041e-01 -1.27991141e+00  8.43555041e-01  3.02628996e+01 
 8.53324260e-01 -1.25472692e+00  8.53324260e-01  2.99765426e+01 
 8.63206616e-01 -1.22997387e+00  8.63206616e-01  2.96918319e+01 
 8.73203419e-01 -1.20564727e+00  8.73203419e-01  2.94087857e+01 
 8.83315996e-01 -1.18174211e+00  8.83315996e-01  2.91274220e+01 
 8.93545686e-01 -1.15825335e+00  8.93545686e-01  2.88477576e+01 
 9.03893847e-01 -1.13517594e+00  9.03893847e-01  2.85698088e+01 
 9.14361849e-01 -1.11250481e+00  9.14361849e-01  2.82935911e+01 
 9.24951082e-01 -1.09023488e+00  9.24951082e-01  2.80191191e+01 
 9.35662949e-01 -1.06836105e+00  9.35662949e-01  2.77464070e+01 
 9.46498870e-01 -1.04687823e+00  9.46498870e-01  2.74754680e+01 
 9.57460281e-01 -1.02578132e+00  9.57460281e-01  2.72063146e+01 
 9.68548637e-01 -1.00506520e+00  9.68548637e-01  2.69389586e+01 
 9.79765408e-01 -9.84724788e-01  9.79765408e-01  2.66734112e+01 
 9.91112080e-01 -9.64754976e-01  9.91112080e-01  2.64096828e+01 
 1.00259016e+00 -9.45150674e-01  1.00259016e+00  2.61477832e+01 
 1.01420116e+00 -9.25906803e-01  1.01420116e+00  2.58877213e+01 
 1.02594664e+00 -9.07018290e-01  1.02594664e+00  2.56295057e+01 
 1.03782813e+00 -8.88480082e-01  1.03782813e+00  2.53731439e+01 
 1.04984723e+00 -8.70287137e-01  1.04984723e+00  2.51186431e+01 
 1.06200552e+00 -8.52434435e-01  1.06200552e+00  2.48660097e+01 
 1.07430462e+00 -8.34916974e-01  1.07430462e+00  2.46152495e+01 
 1.08674615e+00 -8.17729777e-01  1.08674615e+00  2.43663677e+01 
 1.09933176e+00 -8.00867890e-01  1.09933176e+00  2.41193689e+01 
 1.11206313e+00 -7.84326385e-01  1.11206313e+00  2.38742570e+01 
 1.12494195e+00 -7.68100362e-01  1.12494195e+00  2.36310354e+01 
 1.13796991e+00 -7.52184952e-01  1.13796991e+00  2.33897069e+01 
 1.15114875e+00 -7.36575317e-01  1.15114875e+00  2.31502738e+01 
 1.16448021e+00 -7.21266651e-01  1.16448021e+00  2.29127379e+01 
 1.17796607e+00 -7.06254183e-01  1.17796607e+00  2.26771002e+01 
 1.19160810e+00 -6.91533180e-01  1.19160810e+00  2.24433614e+01 
 1.20540813e+00 -6.77098942e-01  1.20540813e+00  2.22115216e+01 
 1.21936797e+00 -6.62946810e-01  1.21936797e+00  2.19815806e+01 
 1.23348948e+00 -6.49072166e-01  1.23348948e+00  2.17535373e+01 
 1.24777453e+00 -6.35470429e-01  1.24777453e+00  2.15273906e+01 
 1.26222502e+00 -6.22137064e-01  1.26222502e+00  2.13031385e+01 
 1.27684286e+00 -6.09067575e-01  1.27684286e+00  2.10807789e+01 
 1.29162999e+00 -5.96257513e-01  1.29162999e+00  2.08603090e+01 
 1.30658837e+00 -5.83702471e-01  1.30658837e+00  2.06417258e+01 
 1.32171998e+00 -5.71398088e-01  1.32171998e+00  2.04250257e+01 
 1.33702683e+00 -5.59340051e-01  1.33702683e+00  2.02102047e+01 
 1.35251095e+00 -5.47524092e-01  1.35251095e+00  1.99972586e+01 
 1.36817439e+00 -5.35945991e-01  1.36817439e+00  1.97861827e+01 
 1.38401923e+00 -5.24601574e-01  1.38401923e+00  1.95769719e+01 
 1.40004757e+00 -5.13486720e-01  1.40004757e+00  1.93696207e+01 
 1.41626153e+00 -5.02597352e-01  1.41626153e+00  1.91641234e+01 
 1.43266327e+00 -4.91929445e-01  1.43266327e+00  1.89604740e+01 
 1.44925496e+00 -4.81479024e-01  1.44925496e+00  1.87586659e+01 
 1.46603879e+00 -4.71242163e-01  1.46603879e+00  1.85586925e+01 
 1.48301700e+00 -4.61214986e-01  1.48301700e+00  1.83605467e+01 
 1.50019183e+00 -4.51393667e-01  1.50019183e+00  1.81642213e+01 
 1.51756557e+00 -4.41774433e-01  1.51756557e+00  1.79697086e+01 
 1.53514051e+00 -4.32353560e-01  1.53514051e+00  1.77770008e+01 
 1.55291899e+00 -4.23127374e-01  1.55291899e+00  1.75860898e+01 
 1.57090335e+00 -4.14092254e-01  1.57090335e+00  1.73969672e+01 
 1.58909600e+00 -4.05244629e-01  1.58909600e+00  1.72096244e+01 
 1.60749933e+00 -3.96580978e-01  1.60749933e+00  1.70240527e+01 
 1.62611580e+00 -3.88097831e-01  1.62611580e+00  1.68402429e+01 
 1.64494786e+00 -3.79791770e-01  1.64494786e+00  1.66581859e+01 
 1.66399802e+00 -3.71659427e-01  1.66399802e+00  1.64778723e+01 
 1.68326879e+00 -3.63697484e-01  1.68326879e+00  1.62992923e+01 
 1.70276274e+00 -3.55902673e-01  1.70276274e+00  1.61224362e+01 
 1.72248245e+00 -3.48271777e-01  1.72248245e+00  1.59472941e+01 
 1.74243054e+00 -3.40801628e-01  1.74243054e+00  1.57738558e+01 
 1.76260964e+00 -3.33489108e-01  1.76260964e+00  1.56021111e+01 
 1.78302244e+00 -3.26331149e-01  1.78302244e+00  1.54320494e+01 
 1.80367164e+00 -3.19324729e-01  1.80367164e+00  1.52636603e+01 
 1.82455997e+00 -3.12466878e-01  1.82455997e+00  1.50969331e+01 
 1.84569022e+00 -3.05754673e-01  1.84569022e+00  1.49318569e+01 
 1.86706517e+00 -2.99185240e-01  1.86706517e+00  1.47684208e+01 
 1.88868767e+00 -2.92755749e-01  1.88868767e+00  1.46066139e+01 
 1.91056058e+00 -2.86463421e-01  1.91056058e+00  1.44464249e+01 
 1.93268680e+00 -2.80305523e-01  1.93268680e+00  1.42878426e+01 
 1.95506926e+00 -2.74279367e-01  1.95506926e+00  1.41308558e+01 
 1.97771094e+00 -2.68382312e-01  1.97771094e+00  1.39754531e+01 
 2.00061483e+00 -2.62611761e-01  2.00061483e+00  1.38216229e+01 
 2.02378396e+00 -2.56965164e-01  2.02378396e+00  1.36693539e+01 
 2.04722142e+00 -2.51440014e-01  2.04722142e+00  1.35186343e+01 
 2.07093031e+00 -2.46033850e-01  2.07093031e+00  1.33694526e+01 
 2.09491378e+00 -2.40744251e-01  2.09491378e+00  1.32217970e+01 
 2.11917499e+00 -2.35568842e-01  2.11917499e+00  1.30756559e+01 
 2.14371718e+00 -2.30505290e-01  2.14371718e+00  1.29310174e+01 
 2.16854358e+00 -2.25551303e-01  2.16854358e+00  1.27878698e+01 
 2.19365751e+00 -2.20704632e-01  2.19365751e+00  1.26462013e+01 
 2.21906227e+00 -2.15963068e-01  2.21906227e+00  1.25059999e+01 
 2.24476125e+00 -2.11324443e-01  2.24476125e+00  1.23672538e+01 
 2.27075785e+00 -2.06786628e-01  2.27075785e+00  1.22299512e+01 
 2.29705552e+00 -2.02347534e-01  2.29705552e+00  1.20940800e+01 
 2.32365774e+00 -1.98005112e-01  2.32365774e+00  1.19596285e+01 
 2.35056804e+00 -1.93757350e-01  2.35056804e+00  1.18265847e+01 
 2.37778999e+00 -1.89602273e-01  2.37778999e+00  1.16949368e+01 
 2.40532720e+00 -1.85537946e-01  2.40532720e+00  1.15646728e+01 
 2.43318331e+00 -1.81562468e-01  2.43318331e+00  1.14357808e+01 
 2.46136203e+00 -1.77673975e-01  2.46136203e+00  1.13082490e+01 
 2.48986709e+00 -1.73870641e-01  2.48986709e+00  1.11820655e+01 
 2.51870226e+00 -1.70150672e-01  2.51870226e+00  1.10572184e+01 
 2.54787137e+00 -1.66512310e-01  2.54787137e+00  1.09336961e+01 
 2.57737829e+00 -1.62953831e-01  2.57737829e+00  1.08114867e+01 
 2.60722693e+00 -1.59473544e-01  2.60722693e+00  1.06905784e+01 
 2.63742125e+00 -1.56069792e-01  2.63742125e+00  1.05709595e+01 
 2.66796525e+00 -1.52740949e-01  2.66796525e+00  1.04526183e+01 
 2.69886298e+00 -1.49485424e-01  2.69886298e+00  1.03355433e+01 
 2.73011854e+00 -1.46301653e-01  2.73011854e+00  1.02197226e+01 
 2.76173606e+00 -1.43188107e-01  2.76173606e+00  1.01051449e+01 
 2.79371975e+00 -1.40143285e-01  2.79371975e+00  9.99179857e+00 
 2.82607385e+00 -1.37165717e-01  2.82607385e+00  9.87967211e+00 
 2.85880263e+00 -1.34253962e-01  2.85880263e+00  9.76875411e+00 
 2.89191045e+00 -1.31406607e-01  2.89191045e+00  9.65903318e+00 
 2.92540169e+00 -1.28622271e-01  2.92540169e+00  9.55049802e+00 
 2.95928080e+00 -1.25899596e-01  2.95928080e+00  9.44313733e+00 
 2.99355225e+00 -1.23237255e-01  2.99355225e+00  9.33693989e+00 
 3.02822061e+00 -1.20633946e-01  3.02822061e+00  9.23189456e+00 
 3.06329046e+00 -1.18088395e-01  3.06329046e+00  9.12799023e+00 
 3.09876645e+00 -1.15599353e-01  3.09876645e+00  9.02521584e+00 
 3.13465329e+00 -1.13165597e-01  3.13465329e+00  8.92356043e+00 
 3.17095574e+00 -1.10785929e-01  3.17095574e+00  8.82301308e+00 
 3.20767861e+00 -1.08459175e-01  3.20767861e+00  8.72356293e+00 
 3.24482676e+00 -1.06184187e-01  3.24482676e+00  8.62519919e+00 
 3.28240513e+00 -1.03959838e-01  3.28240513e+00  8.52791114e+00 
 3.32041869e+00 -1.01785027e-01  3.32041869e+00  8.43168813e+00 
 3.35887249e+00 -9.96586749e-02  3.35887249e+00  8.33651956e+00 
 3.39777162e+00 -9.75797241e-02  3.39777162e+00  8.24239494e+00 
 3.43712125e+00 -9.55471403e-02  3.43712125e+00  8.14930379e+00 
 3.47692658e+00 -9.35599103e-02  3.47692658e+00  8.05723576e+00 
 3.51719290e+00 -9.16170420e-02  3.51719290e+00  7.96618053e+00 
 3.55792554e+00 -8.97175645e-02  3.55792554e+00  7.87612788e+00 
 3.59912991e+00 -8.78605269e-02  3.59912991e+00  7.78706763e+00 
 3.64081146e+00 -8.60449987e-02  3.64081146e+00  7.69898972e+00 
 3.68297573e+00 -8.42700686e-02  3.68297573e+00  7.61188411e+00 
 3.72562831e+00 -8.25348450e-02  3.72562831e+00  7.52574088e+00 
 3.76877484e+00 -8.08384549e-02  3.76877484e+00  7.44055016e+00 
 3.81242106e+00 -7.91800438e-02  3.81242106e+00  7.35630217e+00 
 3.85657274e+00 -7.75587756e-02  3.85657274e+00  7.27298719e+00 
 3.90123574e+00 -7.59738317e-02  3.90123574e+00  7.19059558e+00 
 3.94641599e+00 -7.44244111e-02  3.94641599e+00  7.10911778e+00 
 3.99211947e+00 -7.29097298e-02  3.99211947e+00  7.02854432e+00 
 4.03835224e+00 -7.14290208e-02  4.03835224e+00  6.94886577e+00 
 4.08512043e+00 -6.99815331e-02  4.08512043e+00  6.87007282e+00 
 4.13243025e+00 -6.85665323e-02  4.13243025e+00  6.79215620e+00 
 4.18028796e+00 -6.71832992e-02  4.18028796e+00  6.71510674e+00 
 4.22869991e+00 -6.58311306e-02  4.22869991e+00  6.63891533e+00 
 4.27767252e+00 -6.45093382e-02  4.27767252e+00  6.56357296e+00 
 4.32721228e+00 -6.32172484e-02  4.32721228e+00  6.48907067e+00 
 4.37732577e+00 -6.19542023e-02  4.37732577e+00  6.41539960e+00 
 4.42801962e+00 -6.07195553e-02  4.42801962e+00  6.34255095e+00 
 4.47930055e+00 -5.95126765e-02  4.47930055e+00  6.27051600e+00 
 4.53117537e+00 -5.83329490e-02  4.53117537e+00  6.19928613e+00 
 4.58365095e+00 -5.71797690e-02  4.58365095e+00  6.12885275e+00 
 4.63673425e+00 -5.60525459e-02  4.63673425e+00  6.05920739e+00 
 4.69043232e+00 -5.49507019e-02  4.69043232e+00  5.99034164e+00 
 4.74475225e+00 -5.38736719e-02  4.74475225e+00  5.92224716e+00 
 4.79970127e+00 -5.28209030e-02  4.79970127e+00  5.85491569e+00 
 4.85528665e+00 -5.17918543e-02  4.85528665e+00  5.78833905e+00 
 4.91151577e+00 -5.07859969e-02  4.91151577e+00  5.72250913e+00 
 4.96839608e+00 -4.98028132e-02  4.96839608e+00  5.65741790e+00 
 5.02593512e+00 -4.88417971e-02  5.02593512e+00  5.59305740e+00 
 5.08414052e+00 -4.79024535e-02  5.08414052e+00  5.52941975e+00 
 5.14302000e+00 -4.69842982e-02  5.14302000e+00  5.46649714e+00 
 5.20258136e+00 -4.60868576e-02  5.20258136e+00  5.40428182e+00 
 5.26283250e+00 -4.52096684e-02  5.26283250e+00  5.34276615e+00 
 5.32378141e+00 -4.43522776e-02  5.32378141e+00  5.28194253e+00 
 5.38543617e+00 -4.35142421e-02  5.38543617e+00  5.22180344e+00 
 5.44780495e+00 -4.26951286e-02  5.44780495e+00  5.16234145e+00 
 5.51089603e+00 -4.18945132e-02  5.51089603e+00  5.10354917e+00 
 5.57471776e+00 -4.11119816e-02  5.57471776e+00  5.04541932e+00 
 5.63927862e+00 -4.03471283e-02  5.63927862e+00  4.98794466e+00 
 5.70458716e+00 -3.95995570e-02  5.70458716e+00  4.93111803e+00 
 5.77065203e+00 -3.88688801e-02  5.77065203e+00  4.87493236e+00 
 5.83748200e+00 -3.81547184e-02  5.83748200e+00  4.81938061e+00 
 5.90508593e+00 -3.74567014e-02  5.90508593e+00  4.76445585e+00 
 5.97347279e+00 -3.67744665e-02  5.97347279e+00  4.71015119e+00 
 6.04265163e+00 -3.61076593e-02  6.04265163e+00  4.65645982e+00 
 6.11263163e+00 -3.54559332e-02  6.11263163e+00  4.60337501e+00 
 6.18342207e+00 -3.48189493e-02  6.18342207e+00  4.55089008e+00 
 6.25503234e+00 -3.41963761e-02  6.25503234e+00  4.49899842e+00 
 6.32747192e+00 -3.35878897e-02  6.32747192e+00  4.44769350e+00 
 6.40075043e+00 -3.29931731e-02  6.40075043e+00  4.39696884e+00 
 6.47487758e+00 -3.24119166e-02  6.47487758e+00  4.34681803e+00 
 6.54986319e+00 -3.18438173e-02  6.54986319e+00  4.29723473e+00 
 6.62571722e+00 -3.12885790e-02  6.62571722e+00  4.24821266e+00 
 6.70244971e+00 -3.07459121e-02  6.70244971e+00  4.19974562e+00 
 6.78007084e+00 -3.02155334e-02  6.78007084e+00  4.15182746e+00 
 6.85859090e+00 -2.96971662e-02  6.85859090e+00  4.10445208e+00 
 6.93802030e+00 -2.91905398e-02  6.93802030e+00  4.05761346e+00 
 7.01836957e+00 -2.86953895e-02  7.01836957e+00  4.01130566e+00 
 7.09964937e+00 -2.82114567e-02  7.09964937e+00  3.96552276e+00 
 7.18187048e+00 -2.77384884e-02  7.18187048e+00  3.92025893e+00 
 7.26504378e+00 -2.72762374e-02  7.26504378e+00  3.87550841e+00 
 7.34918032e+00 -2.68244617e-02  7.34918032e+00  3.83126546e+00 
 7.43429124e+00 -2.63829252e-02  7.43429124e+00  3.78752444e+00 
 7.52038784e+00 -2.59513967e-02  7.52038784e+00  3.74427976e+00 
 7.60748151e+00 -2.55296503e-02  7.60748151e+00  3.70152587e+00 
 7.69558382e+00 -2.51174652e-02  7.69558382e+00  3.65925729e+00 
 7.78470645e+00 -2.47146254e-02  7.78470645e+00  3.61746862e+00 
 7.87486120e+00 -2.43209199e-02  7.87486120e+00  3.57615448e+00 
 7.96606004e+00 -2.39361423e-02  7.96606004e+00  3.53530956e+00 
 8.05831505e+00 -2.35600910e-02  8.05831505e+00  3.49492863e+00 
 8.15163847e+00 -2.31925688e-02  8.15163847e+00  3.45500648e+00 
 8.24604267e+00 -2.28333827e-02  8.24604267e+00  3.41553798e+00 
 8.34154016e+00 -2.24823446e-02  8.34154016e+00  3.37651804e+00 
 8.43814361e+00 -2.21392700e-02  8.43814361e+00  3.33794164e+00 
 8.53586583e+00 -2.18039789e-02  8.53586583e+00  3.29980381e+00 
 8.63471977e+00 -2.14762954e-02  8.63471977e+00  3.26209961e+00 
 8.73471853e+00 -2.11560472e-02  8.73471853e+00  3.22482418e+00 
 8.83587539e+00 -2.08430663e-02  8.83587539e+00  3.18797270e+00 
 8.93820374e+00 -2.05371881e-02  8.93820374e+00  3.15154042e+00 
 9.04171716e+00 -2.02382520e-02  9.04171716e+00  3.11552262e+00 
 9.14642936e+00 -1.99461007e-02  9.14642936e+00  3.07991463e+00 
 9.25235424e+00 -1.96605809e-02  9.25235424e+00  3.04471185e+00 
 9.35950584e+00 -1.93815422e-02  9.35950584e+00  3.00990972e+00 
 9.46789836e+00 -1.91088380e-02  9.46789836e+00  2.97550371e+00 
 9.57754617e+00 -1.88423248e-02  9.57754617e+00  2.94148938e+00 
 9.68846382e+00 -1.85818624e-02  9.68846382e+00  2.90786231e+00 
 9.80066601e+00 -1.83273138e-02  9.80066601e+00  2.87461812e+00 
 9.91416761e+00 -1.80785449e-02  9.91416761e+00  2.84175251e+00 
 1.00289837e+01 -1.78354249e-02  1.00289837e+01  2.80926120e+00 
 1.01451294e+01 -1.75978257e-02  1.01451294e+01  2.77713997e+00 
 1.02626203e+01 -1.73656223e-02  1.02626203e+01  2.74538464e+00 
 1.03814717e+01 -1.71386923e-02  1.03814717e+01  2.71399107e+00 
 1.05016997e+01 -1.69169162e-02  1.05016997e+01  2.68295519e+00 
 1.06233199e+01 -1.67001773e-02  1.06233199e+01  2.65227294e+00 
 1.07463487e+01 -1.64883612e-02  1.07463487e+01  2.62194033e+00 
 1.08708023e+01 -1.62813564e-02  1.08708023e+01  2.59195341e+00 
 1.09966971e+01 -1.60790538e-02  1.09966971e+01  2.56230827e+00 
 1.11240500e+01 -1.58813468e-02  1.11240500e+01  2.53300103e+00 
 1.12528777e+01 -1.56881310e-02  1.12528777e+01  2.50402788e+00 
 1.13831974e+01 -1.54993048e-02  1.13831974e+01  2.47538503e+00 
 1.15150263e+01 -1.53147684e-02  1.15150263e+01  2.44706874e+00 
 1.16483819e+01 -1.51344246e-02  1.16483819e+01  2.41907532e+00 
 1.17832819e+01 -1.49581782e-02  1.17832819e+01  2.39140110e+00 
 1.19197442e+01 -1.47859363e-02  1.19197442e+01  2.36404247e+00 
 1.20577869e+01 -1.46176081e-02  1.20577869e+01  2.33699585e+00 
 1.21974282e+01 -1.44531046e-02  1.21974282e+01  2.31025770e+00 
 1.23386867e+01 -1.42923392e-02  1.23386867e+01  2.28382453e+00 
 1.24815812e+01 -1.41352269e-02  1.24815812e+01  2.25769287e+00 
 1.26261305e+01 -1.39816848e-02  1.26261305e+01  2.23185930e+00 
 1.27723538e+01 -1.38316319e-02  1.27723538e+01  2.20632044e+00 
 1.29202705e+01 -1.36849890e-02  1.29202705e+01  2.18107295e+00 
 1.30699003e+01 -1.35416787e-02  1.30699003e+01  2.15611351e+00 
 1.32212629e+01 -1.34016253e-02  1.32212629e+01  2.13143885e+00 
 1.33743785e+01 -1.32647549e-02  1.33743785e+01  2.10704574e+00 
 1.35292673e+01 -1.31309951e-02  1.35292673e+01  2.08293099e+00 
 1.36859499e+01 -1.30002753e-02  1.36859499e+01  2.05909142e+00 
 1.38444470e+01 -1.28725266e-02  1.38444470e+01  2.03552390e+00 
 1.40047796e+01 -1.27476813e-02  1.40047796e+01  2.01222536e+00 
 1.41669691e+01 -1.26256737e-02  1.41669691e+01  1.98919272e+00 
 1.43310369e+01 -1.25064391e-02  1.43310369e+01  1.96642297e+00 
 1.44970048e+01 -1.23899147e-02  1.44970048e+01  1.94391311e+00 
 1.46648947e+01 -1.22760388e-02  1.46648947e+01  1.92166019e+00 
 1.48347290e+01 -1.21647514e-02  1.48347290e+01  1.89966128e+00 
 1.50065301e+01 -1.20559935e-02  1.50065301e+01  1.87791349e+00 
 1.51803209e+01 -1.19497077e-02  1.51803209e+01  1.85641397e+00 
 1.53561243e+01 -1.18458378e-02  1.53561243e+01  1.83515989e+00 
 1.55339637e+01 -1.17443290e-02  1.55339637e+01  1.81414844e+00 
 1.57138627e+01 -1.16451276e-02  1.57138627e+01  1.79337688e+00 
 1.58958451e+01 -1.15481812e-02  1.58958451e+01  1.77284247e+00 
 1.60799350e+01 -1.14534385e-02  1.60799350e+01  1.75254250e+00 
 1.62661569e+01 -1.13608494e-02  1.62661569e+01  1.73247430e+00 
 1.64545354e+01 -1.12703649e-02  1.64545354e+01  1.71263524e+00 
 1.66450955e+01 -1.11819374e-02  1.66450955e+01  1.69302270e+00 
 1.68378625e+01 -1.10955199e-02  1.68378625e+01  1.67363410e+00 
 1.70328619e+01 -1.10110669e-02  1.70328619e+01  1.65446689e+00 
 1.72301197e+01 -1.09285336e-02  1.72301197e+01  1.63551854e+00 
 1.74296618e+01 -1.08478765e-02  1.74296618e+01  1.61678656e+00 
 1.76315149e+01 -1.07690528e-02  1.76315149e+01  1.59826847e+00 
 1.78357056e+01 -1.06920209e-02  1.78357056e+01  1.57996185e+00 
 1.80422611e+01 -1.06167401e-02  1.80422611e+01  1.56186427e+00 
 1.82512087e+01 -1.05431706e-02  1.82512087e+01  1.54397336e+00 
 1.84625761e+01 -1.04712734e-02  1.84625761e+01  1.52628675e+00 
 1.86763914e+01 -1.04010105e-02  1.86763914e+01  1.50880211e+00 
 1.88926828e+01 -1.03323448e-02  1.88926828e+01  1.49151714e+00 
 1.91114791e+01 -1.02652400e-02  1.91114791e+01  1.47442956e+00 
 1.93328093e+01 -1.01996606e-02  1.93328093e+01  1.45753711e+00 
 1.95567028e+01 -1.01355718e-02  1.95567028e+01  1.44083756e+00 
 1.97831891e+01 -1.00729399e-02  1.97831891e+01  1.42432872e+00 
 2.00122984e+01 -1.00117316e-02  2.00122984e+01  1.40800841e+00 
 2.02440610e+01 -9.95191464e-03  2.02440610e+01  1.39187447e+00 
 2.04785077e+01 -9.89345736e-03  2.04785077e+01  1.37592477e+00 
 2.07156695e+01 -9.83632883e-03  2.07156695e+01  1.36015721e+00 
 2.09555778e+01 -9.78049885e-03  2.09555778e+01  1.34456971e+00 
 2.11982645e+01 -9.72593789e-03  2.11982645e+01  1.32916021e+00 
 2.14437618e+01 -9.67261709e-03  2.14437618e+01  1.31392667e+00 
 2.16921022e+01 -9.62050825e-03  2.16921022e+01  1.29886709e+00 
 2.19433187e+01 -9.56958382e-03  2.19433187e+01  1.28397948e+00 
 2.21974444e+01 -9.51981686e-03  2.21974444e+01  1.26926186e+00 
 2.24545132e+01 -9.47118106e-03  2.24545132e+01  1.25471230e+00 
 2.27145591e+01 -9.42365069e-03  2.27145591e+01  1.24032888e+00 
 2.29776167e+01 -9.37720062e-03  2.29776167e+01  1.22610969e+00 
 2.32437206e+01 -9.33180628e-03  2.32437206e+01  1.21205286e+00 
 2.35129064e+01 -9.28744366e-03  2.35129064e+01  1.19815653e+00 
 2.37852095e+01 -9.24408932e-03  2.37852095e+01  1.18441886e+00 
 2.40606663e+01 -9.20172032e-03  2.40606663e+01  1.17083804e+00 
 2.43393131e+01 -9.16031425e-03  2.43393131e+01  1.15741227e+00 
 2.46211869e+01 -9.11984923e-03  2.46211869e+01  1.14413979e+00 
 2.49063250e+01 -9.08030385e-03  2.49063250e+01  1.13101883e+00 
 2.51947654e+01 -9.04165721e-03  2.51947654e+01  1.11804766e+00 
 2.54865462e+01 -9.00388887e-03  2.54865462e+01  1.10522457e+00 
 2.57817061e+01 -8.96697886e-03  2.57817061e+01  1.09254786e+00 
 2.60802843e+01 -8.93090766e-03  2.60802843e+01  1.08001586e+00 
 2.63823203e+01 -8.89565621e-03  2.63823203e+01  1.06762691e+00 
 2.66878542e+01 -8.86120586e-03  2.66878542e+01  1.05537937e+00 
 2.69969265e+01 -8.82753841e-03  2.69969265e+01  1.04327162e+00 
 2.73095781e+01 -8.79463606e-03  2.73095781e+01  1.03130206e+00 
 2.76258506e+01 -8.76248140e-03  2.76258506e+01  1.01946912e+00 
 2.79457858e+01 -8.73105744e-03  2.79457858e+01  1.00777121e+00 
 2.82694262e+01 -8.70034758e-03  2.82694262e+01  9.96206805e-01 
 2.85968147e+01 -8.67033557e-03  2.85968147e+01  9.84774365e-01 
 2.89279946e+01 -8.64100556e-03  2.89279946e+01  9.73472380e-01 
 2.92630100e+01 -8.61234203e-03  2.92630100e+01  9.62299355e-01 
 2.96019052e+01 -8.58432984e-03  2.96019052e+01  9.51253812e-01 
 2.99447251e+01 -8.55695419e-03  2.99447251e+01  9.40334289e-01 
 3.02915152e+01 -8.53020060e-03  3.02915152e+01  9.29539344e-01 
 3.06423215e+01 -8.50405493e-03  3.06423215e+01  9.18867546e-01 
 3.09971905e+01 -8.47850337e-03  3.09971905e+01  9.08317485e-01 
 3.13561693e+01 -8.45353242e-03  3.13561693e+01  8.97887764e-01 
 3.17193054e+01 -8.42912887e-03  3.17193054e+01  8.87577003e-01 
 3.20866469e+01 -8.40527983e-03  3.20866469e+01  8.77383838e-01 
 3.24582427e+01 -8.38197270e-03  3.24582427e+01  8.67306921e-01 
 3.28341419e+01 -8.35919516e-03  3.28341419e+01  8.57344917e-01 
 3.32143943e+01 -8.33693517e-03  3.32143943e+01  8.47496508e-01 
 3.35990505e+01 -8.31518098e-03  3.35990505e+01  8.37760392e-01 
 3.39881614e+01 -8.29392109e-03  3.39881614e+01  8.28135278e-01 
 3.43817786e+01 -8.27314427e-03  3.43817786e+01  8.18619894e-01 
 3.47799543e+01 -8.25283954e-03  3.47799543e+01  8.09212980e-01 
 3.51827413e+01 -8.23299616e-03  3.51827413e+01  7.99913291e-01 
 3.55901929e+01 -8.21360367e-03  3.55901929e+01  7.90719595e-01 
 3.60023633e+01 -8.19465181e-03  3.60023633e+01  7.81630677e-01 
 3.64193070e+01 -8.17613056e-03  3.64193070e+01  7.72645332e-01 
 3.68410793e+01 -8.15803015e-03  3.68410793e+01  7.63762371e-01 
 3.72677361e+01 -8.14034102e-03  3.72677361e+01  7.54980618e-01 
 3.76993341e+01 -8.12305382e-03  3.76993341e+01  7.46298911e-01 
 3.81359304e+01 -8.10615941e-03  3.81359304e+01  7.37716100e-01 
 3.85775830e+01 -8.08964887e-03  3.85775830e+01  7.29231049e-01 
 3.90243503e+01 -8.07351349e-03  3.90243503e+01  7.20842634e-01 
 3.94762917e+01 -8.05774473e-03  3.94762917e+01  7.12549745e-01 
 3.99334670e+01 -8.04233427e-03  3.99334670e+01  7.04351283e-01 
 4.03959368e+01 -8.02727397e-03  4.03959368e+01  6.96246164e-01 
 4.08637625e+01 -8.01255587e-03  4.08637625e+01  6.88233313e-01 
 4.13370061e+01 -7.99817220e-03  4.13370061e+01  6.80311670e-01 
 4.18157303e+01 -7.98411536e-03  4.18157303e+01  6.72480186e-01 
 4.22999987e+01 -7.97037793e-03  4.22999987e+01  6.64737824e-01 
 4.27898753e+01 -7.95695265e-03  4.27898753e+01  6.57083558e-01 
 4.32854253e+01 -7.94383243e-03  4.32854253e+01  6.49516374e-01 
 4.37867142e+01 -7.93101033e-03  4.37867142e+01  6.42035271e-01 
 4.42938085e+01 -7.91847960e-03  4.42938085e+01  6.34639258e-01 
 4.48067755e+01 -7.90623360e-03  4.48067755e+01  6.27327355e-01 
 4.53256831e+01 -7.89426587e-03  4.53256831e+01  6.20098594e-01 
 4.58506003e+01 -7.88257009e-03  4.58506003e+01  6.12952017e-01 
 4.63815965e+01 -7.87114008e-03  4.63815965e+01  6.05886678e-01 
 4.69187422e+01 -7.85996981e-03  4.69187422e+01  5.98901641e-01 
 4.74621085e+01 -7.84905336e-03  4.74621085e+01  5.91995981e-01 
 4.80117676e+01 -7.83838499e-03  4.80117676e+01  5.85168782e-01 
 4.85677923e+01 -7.82795905e-03  4.85677923e+01  5.78419142e-01 
 4.91302564e+01 -7.81777003e-03  4.91302564e+01  5.71746165e-01 
 4.96992343e+01 -7.80781256e-03  4.96992343e+01  5.65148967e-01 
 5.02748016e+01 -7.79808137e-03  5.02748016e+01  5.58626676e-01 
 5.08570345e+01 -7.78857132e-03  5.08570345e+01  5.52178426e-01 
 5.14460103e+01 -7.77927739e-03  5.14460103e+01  5.45803364e-01 
 5.20418070e+01 -7.77019467e-03  5.20418070e+01  5.39500646e-01 
 5.26445036e+01 -7.76131836e-03  5.26445036e+01  5.33269435e-01 
 5.32541801e+01 -7.75264378e-03  5.32541801e+01  5.27108906e-01 
 5.38709172e+01 -7.74416633e-03  5.38709172e+01  5.21018245e-01 
 5.44947968e+01 -7.73588155e-03  5.44947968e+01  5.14996643e-01 
 5.51259015e+01 -7.72778505e-03  5.51259015e+01  5.09043302e-01 
 5.57643151e+01 -7.71987256e-03  5.57643151e+01  5.03157435e-01 
 5.64101221e+01 -7.71213990e-03  5.64101221e+01  4.97338261e-01 
 5.70634082e+01 -7.70458297e-03  5.70634082e+01  4.91585009e-01 
 5.77242601e+01 -7.69719780e-03  5.77242601e+01  4.85896917e-01 
 5.83927652e+01 -7.68998047e-03  5.83927652e+01  4.80273232e-01 
 5.90690124e+01 -7.68292717e-03  5.90690124e+01  4.74713207e-01 
 5.97530911e+01 -7.67603418e-03  5.97530911e+01  4.69216108e-01 
 6.04450922e+01 -7.66929786e-03  6.04450922e+01  4.63781204e-01 
 6.11451073e+01 -7.66271463e-03  6.11451073e+01  4.58407777e-01 
 6.18532294e+01 -7.65628104e-03  6.18532294e+01  4.53095114e-01 
 6.25695522e+01 -7.64999366e-03  6.25695522e+01  4.47842511e-01 
 6.32941707e+01 -7.64384919e-03  6.32941707e+01  4.42649272e-01 
 6.40271811e+01 -7.63784438e-03  6.40271811e+01  4.37514709e-01 
 6.47686804e+01 -7.63197604e-03  6.47686804e+01  4.32438142e-01 
 6.55187671e+01 -7.62624109e-03  6.55187671e+01  4.27418898e-01 
 6.62775405e+01 -7.62063649e-03  6.62775405e+01  4.22456311e-01 
 6.70451013e+01 -7.61515927e-03  6.70451013e+01  4.17549725e-01 
 6.78215512e+01 -7.60980654e-03  6.78215512e+01  4.12698489e-01 
 6.86069932e+01 -7.60457547e-03  6.86069932e+01  4.07901960e-01 
 6.94015314e+01 -7.59946330e-03  6.94015314e+01  4.03159502e-01 
 7.02052711e+01 -7.59446732e-03  7.02052711e+01  3.98470488e-01 
 7.10183190e+01 -7.58958490e-03  7.10183190e+01  3.93834295e-01 
 7.18407828e+01 -7.58481345e-03  7.18407828e+01  3.89250310e-01 
 7.26727715e+01 -7.58015044e-03  7.26727715e+01  3.84717924e-01 
 7.35143955e+01 -7.57559342e-03  7.35143955e+01  3.80236538e-01 
 7.43657664e+01 -7.57113997e-03  7.43657664e+01  3.75805557e-01 
 7.52269970e+01 -7.56678774e-03  7.52269970e+01  3.71424394e-01 
 7.60982015e+01 -7.56253443e-03  7.60982015e+01  3.67092468e-01 
 7.69794955e+01 -7.55837779e-03  7.69794955e+01  3.62809206e-01 
 7.78709957e+01 -7.55431561e-03  7.78709957e+01  3.58574040e-01 
 7.87728204e+01 -7.55034576e-03  7.87728204e+01  3.54386408e-01 
 7.96850891e+01 -7.54646613e-03  7.96850891e+01  3.50245755e-01 
 8.06079229e+01 -7.54267467e-03  8.06079229e+01  3.46151533e-01 
 8.15414439e+01 -7.53896938e-03  8.15414439e+01  3.42103199e-01 
 8.24857761e+01 -7.53534829e-03  8.24857761e+01  3.38100216e-01 
 8.34410446e+01 -7.53180949e-03  8.34410446e+01  3.34142055e-01 
 8.44073761e+01 -7.52835111e-03  8.44073761e+01  3.30228189e-01 
 8.53848987e+01 -7.52497132e-03  8.53848987e+01  3.26358102e-01 
 8.63737419e+01 -7.52166833e-03  8.63737419e+01  3.22531279e-01 
 8.73740370e+01 -7.51844039e-03  8.73740370e+01  3.18747213e-01 
 8.83859165e+01 -7.51528580e-03  8.83859165e+01  3.15005403e-01 
 8.94095146e+01 -7.51220288e-03  8.94095146e+01  3.11305354e-01 
 9.04449670e+01 -7.50919001e-03  9.04449670e+01  3.07646574e-01 
 9.14924110e+01 -7.50624559e-03  9.14924110e+01  3.04028578e-01 
 9.25519854e+01 -7.50336807e-03  9.25519854e+01  3.00450888e-01 
 9.36238307e+01 -7.50055591e-03  9.36238307e+01  2.96913028e-01 
 9.47080892e+01 -7.49780764e-03  9.47080892e+01  2.93414530e-01 
 9.58049044e+01 -7.49512180e-03  9.58049044e+01  2.89954931e-01 
 9.69144218e+01 -7.49249696e-03  9.69144218e+01  2.86533771e-01 
 9.80367886e+01 -7.48993174e-03  9.80367886e+01  2.83150597e-01 
 9.91721535e+01 -7.48742479e-03  9.91721535e+01  2.79804962e-01 
 1.00320667e+02 -7.48497476e-03  1.00320667e+02  2.76496420e-01 
 1.01482482e+02 -7.48258037e-03  1.01482482e+02  2.73224534e-01 
 1.02657751e+02 -7.48024035e-03  1.02657751e+02  2.69988870e-01 
 1.03846632e+02 -7.47795347e-03  1.03846632e+02  2.66789000e-01 
 1.05049280e+02 -7.47571850e-03  1.05049280e+02  2.63624498e-01 
 1.06265857e+02 -7.47353427e-03  1.06265857e+02  2.60494946e-01 
 1.07496523e+02 -7.47139962e-03  1.07496523e+02  2.57399929e-01 
 1.08741441e+02 -7.46931342e-03  1.08741441e+02  2.54339036e-01 
 1.10000777e+02 -7.46727457e-03  1.10000777e+02  2.51311862e-01 
 1.11274697e+02 -7.46528198e-03  1.11274697e+02  2.48318005e-01 
 1.12563370e+02 -7.46333461e-03  1.12563370e+02  2.45357069e-01 
 1.13866967e+02 -7.46143142e-03  1.13866967e+02  2.42428661e-01 
 1.15185661e+02 -7.45957140e-03  1.15185661e+02  2.39532393e-01 
 1.16519628e+02 -7.45775357e-03  1.16519628e+02  2.36667881e-01 
 1.17869043e+02 -7.45597696e-03  1.17869043e+02  2.33834745e-01 
 1.19234085e+02 -7.45424065e-03  1.19234085e+02  2.31032610e-01 
 1.20614936e+02 -7.45254369e-03  1.20614936e+02  2.28261104e-01 
 1.22011779e+02 -7.45088521e-03  1.22011779e+02  2.25519860e-01 
 1.23424798e+02 -7.44926431e-03  1.23424798e+02  2.22808515e-01 
 1.24854182e+02 -7.44768014e-03  1.24854182e+02  2.20126709e-01 
 1.26300119e+02 -7.44613187e-03  1.26300119e+02  2.17474086e-01 
 1.27762802e+02 -7.44461867e-03  1.27762802e+02  2.14850295e-01 
 1.29242424e+02 -7.44313973e-03  1.29242424e+02  2.12254989e-01 
 1.30739182e+02 -7.44169429e-03  1.30739182e+02  2.09687822e-01 
 1.32253273e+02 -7.44028156e-03  1.32253273e+02  2.07148455e-01 
 1.33784900e+02 -7.43890081e-03  1.33784900e+02  2.04636551e-01 
 1.35334264e+02 -7.43755130e-03  1.35334264e+02  2.02151778e-01 
 1.36901571e+02 -7.43623232e-03  1.36901571e+02  1.99693805e-01 
 1.38487029e+02 -7.43494317e-03  1.38487029e+02  1.97262307e-01 
 1.40090849e+02 -7.43368316e-03  1.40090849e+02  1.94856962e-01 
 1.41713242e+02 -7.43245163e-03  1.41713242e+02  1.92477450e-01 
 1.43354425e+02 -7.43124792e-03  1.43354425e+02  1.90123457e-01 
 1.45014614e+02 -7.43007140e-03  1.45014614e+02  1.87794670e-01 
 1.46694029e+02 -7.42892145e-03  1.46694029e+02  1.85490780e-01 
 1.48392894e+02 -7.42779745e-03  1.48392894e+02  1.83211483e-01 
 1.50111433e+02 -7.42669881e-03  1.50111433e+02  1.80956475e-01 
 1.51849875e+02 -7.42562495e-03  1.51849875e+02  1.78725458e-01 
 1.53608450e+02 -7.42457530e-03  1.53608450e+02  1.76518137e-01 
 1.55387391e+02 -7.42354931e-03  1.55387391e+02  1.74334218e-01 
 1.57186933e+02 -7.42254642e-03  1.57186933e+02  1.72173412e-01 
 1.59007317e+02 -7.42156611e-03  1.59007317e+02  1.70035433e-01 
 1.60848782e+02 -7.42060785e-03  1.60848782e+02  1.67919996e-01 
 1.62711573e+02 -7.41967115e-03  1.62711573e+02  1.65826823e-01 
 1.64595937e+02 -7.41875550e-03  1.64595937e+02  1.63755635e-01 
 1.66502124e+02 -7.41786042e-03  1.66502124e+02  1.61706157e-01 
 1.68430387e+02 -7.41698544e-03  1.68430387e+02  1.59678118e-01 
 1.70380981e+02 -7.41613009e-03  1.70380981e+02  1.57671250e-01 
 1.72354164e+02 -7.41529391e-03  1.72354164e+02  1.55685285e-01 
 1.74350199e+02 -7.41447647e-03  1.74350199e+02  1.53719962e-01 
 1.76369351e+02 -7.41367734e-03  1.76369351e+02  1.51775018e-01 
 1.78411886e+02 -7.41289608e-03  1.78411886e+02  1.49850197e-01 
 1.80478075e+02 -7.41213228e-03  1.80478075e+02  1.47945243e-01 
 1.82568193e+02 -7.41138554e-03  1.82568193e+02  1.46059903e-01 
 1.84682517e+02 -7.41065547e-03  1.84682517e+02  1.44193928e-01 
 1.86821327e+02 -7.40994167e-03  1.86821327e+02  1.42347071e-01 
 1.88984907e+02 -7.40924378e-03  1.88984907e+02  1.40519086e-01 
 1.91173543e+02 -7.40856141e-03  1.91173543e+02  1.38709731e-01 
 1.93387525e+02 -7.40789420e-03  1.93387525e+02  1.36918766e-01 
 1.95627148e+02 -7.40724181e-03  1.95627148e+02  1.35145954e-01 
 1.97892707e+02 -7.40660389e-03  1.97892707e+02  1.33391060e-01 
 2.00184505e+02 -7.40598010e-03  2.00184505e+02  1.31653851e-01 
 2.02502843e+02 -7.40537011e-03  2.02502843e+02  1.29934096e-01 
 2.04848030e+02 -7.40477359e-03  2.04848030e+02  1.28231569e-01 
 2.07220377e+02 -7.40419023e-03  2.07220377e+02  1.26546042e-01 
 2.09620198e+02 -7.40361972e-03  2.09620198e+02  1.24877293e-01 
 2.12047812e+02 -7.40306176e-03  2.12047812e+02  1.23225101e-01 
 2.14503539e+02 -7.40251605e-03  2.14503539e+02  1.21589246e-01 
 2.16987707e+02 -7.40198230e-03  2.16987707e+02  1.19969511e-01 
 2.19500643e+02 -7.40146023e-03  2.19500643e+02  1.18365682e-01 
 2.22042682e+02 -7.40094957e-03  2.22042682e+02  1.16777547e-01 
 2.24614160e+02 -7.40045003e-03  2.24614160e+02  1.15204893e-01 
 2.27215419e+02 -7.39996137e-03  2.27215419e+02  1.13647514e-01 
 2.29846803e+02 -7.39948331e-03  2.29846803e+02  1.12105202e-01 
 2.32508661e+02 -7.39901561e-03  2.32508661e+02  1.10577754e-01 
 2.35201345e+02 -7.39855802e-03  2.35201345e+02  1.09064966e-01 
 2.37925214e+02 -7.39811029e-03  2.37925214e+02  1.07566638e-01 
 2.40680628e+02 -7.39767218e-03  2.40680628e+02  1.06082571e-01 
 2.43467953e+02 -7.39724348e-03  2.43467953e+02  1.04612569e-01 
 2.46287557e+02 -7.39682394e-03  2.46287557e+02  1.03156437e-01 
 2.49139816e+02 -7.39641334e-03  2.49139816e+02  1.01713982e-01 
 2.52025106e+02 -7.39601147e-03  2.52025106e+02  1.00285012e-01 
 2.54943811e+02 -7.39561812e-03  2.54943811e+02  9.88693375e-02 
 2.57896318e+02 -7.39523307e-03  2.57896318e+02  9.74667717e-02 
 2.60883017e+02 -7.39485613e-03  2.60883017e+02  9.60771283e-02 
 2.63904306e+02 -7.39448708e-03  2.63904306e+02  9.47002230e-02 
 2.66960584e+02 -7.39412574e-03  2.66960584e+02  9.33358732e-02 
 2.70052257e+02 -7.39377192e-03  2.70052257e+02  9.19838981e-02 
 2.73179734e+02 -7.39342543e-03  2.73179734e+02  9.06441185e-02 
 2.76343431e+02 -7.39308607e-03  2.76343431e+02  8.93163567e-02 
 2.79543767e+02 -7.39275368e-03  2.79543767e+02  8.80004366e-02 
 2.82781166e+02 -7.39242808e-03  2.82781166e+02  8.66961839e-02 
 2.86056057e+02 -7.39210910e-03  2.86056057e+02  8.54034255e-02 
 2.89368875e+02 -7.39179655e-03  2.89368875e+02  8.41219901e-02 
 2.92720058e+02 -7.39149029e-03  2.92720058e+02  8.28517079e-02 
 2.96110052e+02 -7.39119015e-03  2.96110052e+02  8.15924103e-02 
 2.99539305e+02 -7.39089596e-03  2.99539305e+02  8.03439304e-02 
 3.03008272e+02 -7.39060758e-03  3.03008272e+02  7.91061028e-02 
 3.06517414e+02 -7.39032485e-03  3.06517414e+02  7.78787632e-02 
 3.10067195e+02 -7.39004761e-03  3.10067195e+02  7.66617491e-02 
 3.13658086e+02 -7.38977573e-03  3.13658086e+02  7.54548989e-02 
 3.17290563e+02 -7.38950906e-03  3.17290563e+02  7.42580527e-02 
 3.20965108e+02 -7.38924745e-03  3.20965108e+02  7.30710519e-02 
 3.24682207e+02 -7.38899077e-03  3.24682207e+02  7.18937391e-02 
 3.28442355e+02 -7.38873888e-03  3.28442355e+02  7.07259581e-02 
 3.32246049e+02 -7.38849166e-03  3.32246049e+02  6.95675541e-02 
 3.36093793e+02 -7.38824896e-03  3.36093793e+02  6.84183736e-02 
 3.39986099e+02 -7.38801065e-03  3.39986099e+02  6.72782642e-02 
 3.43923481e+02 -7.38777662e-03  3.43923481e+02  6.61470747e-02 
 3.47906461e+02 -7.38754674e-03  3.47906461e+02  6.50246553e-02 
 3.51935569e+02 -7.38732089e-03  3.51935569e+02  6.39108569e-02 
 3.56011338e+02 -7.38709894e-03  3.56011338e+02  6.28055321e-02 
 3.60134309e+02 -7.38688078e-03  3.60134309e+02  6.17085341e-02 
 3.64305027e+02 -7.38666630e-03  3.64305027e+02  6.06197177e-02 
 3.68524047e+02 -7.38645537e-03  3.68524047e+02  5.95389384e-02 
 3.72791927e+02 -7.38624789e-03  3.72791927e+02  5.84660530e-02 
 3.77109234e+02 -7.38604375e-03  3.77109234e+02  5.74009191e-02 
 3.81476539e+02 -7.38584284e-03  3.81476539e+02  5.63433957e-02 
 3.85894423e+02 -7.38564506e-03  3.85894423e+02  5.52933424e-02 
 3.90363469e+02 -7.38545029e-03  3.90363469e+02  5.42506200e-02 
 3.94884272e+02 -7.38525843e-03  3.94884272e+02  5.32150904e-02 
 3.99457430e+02 -7.38506939e-03  3.99457430e+02  5.21866161e-02 
 4.04083550e+02 -7.38488306e-03  4.04083550e+02  5.11650609e-02 
 4.08763246e+02 -7.38469934e-03  4.08763246e+02  5.01502894e-02 
 4.13497136e+02 -7.38451814e-03  4.13497136e+02  4.91421669e-02 
 4.18285850e+02 -7.38433937e-03  4.18285850e+02  4.81405598e-02 
 4.23130023e+02 -7.38416291e-03  4.23130023e+02  4.71453353e-02 
 4.28030295e+02 -7.38398869e-03  4.28030295e+02  4.61563615e-02 
 4.32987318e+02 -7.38381661e-03  4.32987318e+02  4.51735072e-02 
 4.38001748e+02 -7.38364658e-03  4.38001748e+02  4.41966422e-02 
 4.43074250e+02 -7.38347851e-03  4.43074250e+02  4.32256369e-02 
 4.48205497e+02 -7.38331230e-03  4.48205497e+02  4.22603625e-02 
 4.53396168e+02 -7.38314788e-03  4.53396168e+02  4.13006912e-02 
 4.58646954e+02 -7.38298515e-03  4.58646954e+02  4.03464956e-02 
 4.63958548e+02 -7.38282402e-03  4.63958548e+02  3.93976493e-02 
 4.69331656e+02 -7.38266442e-03  4.69331656e+02  3.84540264e-02 
 4.74766990e+02 -7.38250626e-03  4.74766990e+02  3.75155018e-02 
 4.80265271e+02 -7.38234945e-03  4.80265271e+02  3.65819512e-02 
 4.85827227e+02 -7.38219391e-03  4.85827227e+02  3.56532506e-02 
 4.91453597e+02 -7.38203956e-03  4.91453597e+02  3.47292771e-02 
 4.97145125e+02 -7.38188632e-03  4.97145125e+02  3.38099081e-02 
 5.02902567e+02 -7.38173409e-03  5.02902567e+02  3.28950217e-02 
 5.08726686e+02 -7.38158282e-03  5.08726686e+02  3.19844965e-02 
 5.14618255e+02 -7.38143241e-03  5.14618255e+02  3.10782120e-02 
 5.20578053e+02 -7.38128278e-03  5.20578053e+02  3.01760479e-02 
 5.26606872e+02 -7.38113385e-03  5.26606872e+02  2.92778846e-02 
 5.32705511e+02 -7.38098556e-03  5.32705511e+02  2.83836030e-02 
 5.38874778e+02 -7.38083781e-03  5.38874778e+02  2.74930845e-02 
 5.45115492e+02 -7.38069052e-03  5.45115492e+02  2.66062112e-02 
 5.51428479e+02 -7.38054363e-03  5.51428479e+02  2.57228653e-02 
 5.57814577e+02 -7.38039705e-03  5.57814577e+02  2.48429298e-02 
 5.64274633e+02 -7.38025071e-03  5.64274633e+02  2.39662881e-02 
 5.70809503e+02 -7.38010452e-03  5.70809503e+02  2.30928238e-02 
 5.77420053e+02 -7.37995842e-03  5.77420053e+02  2.22224212e-02 
 5.84107159e+02 -7.37981231e-03  5.84107159e+02  2.13549649e-02 
 5.90871709e+02 -7.37966614e-03  5.90871709e+02  2.04903398e-02 
 5.97714600e+02 -7.37951980e-03  5.97714600e+02  1.96284314e-02 
 6.04636738e+02 -7.37937324e-03  6.04636738e+02  1.87691253e-02 
 6.11639042e+02 -7.37922637e-03  6.11639042e+02  1.79123076e-02 
 6.18722439e+02 -7.37907912e-03  6.18722439e+02  1.70578647e-02 
 6.25887869e+02 -7.37893140e-03  6.25887869e+02  1.62056834e-02 
 6.33136282e+02 -7.37878314e-03  6.33136282e+02  1.53556506e-02 
 6.40468639e+02 -7.37863425e-03  6.40468639e+02  1.45076536e-02 
 6.47885912e+02 -7.37848467e-03  6.47885912e+02  1.36615801e-02 
 6.55389084e+02 -7.37833431e-03  6.55389084e+02  1.28173177e-02 
 6.62979151e+02 -7.37818309e-03  6.62979151e+02  1.19747547e-02 
 6.70657118e+02 -7.37803093e-03  6.70657118e+02  1.11337792e-02 
 6.78424004e+02 -7.37787775e-03  6.78424004e+02  1.02942798e-02 
 6.86280839e+02 -7.37772347e-03  6.86280839e+02  9.45614511e-03 
 6.94228663e+02 -7.37756800e-03  6.94228663e+02  8.61926409e-03 
 7.02268532e+02 -7.37741128e-03  7.02268532e+02  7.78352576e-03 
 7.10401510e+02 -7.37725320e-03  7.10401510e+02  6.94881929e-03 
 7.18628676e+02 -7.37709369e-03  7.18628676e+02  6.11503402e-03 
 7.26951121e+02 -7.37693266e-03  7.26951121e+02  5.28205940e-03 
 7.35369948e+02 -7.37677003e-03  7.35369948e+02  4.44978498e-03 
 7.43886274e+02 -7.37660572e-03  7.43886274e+02  3.61810041e-03 
 7.52501228e+02 -7.37643963e-03  7.52501228e+02  2.78689543e-03 
 7.61215951e+02 -7.37627167e-03  7.61215951e+02  1.95605982e-03 
 7.70031600e+02 -7.37610176e-03  7.70031600e+02  1.12548343e-03 
 7.78949343e+02 -7.37592981e-03  7.78949343e+02  2.95056124e-04 
 7.87970362e+02 -7.37575572e-03  7.87970362e+02 -5.35332198e-04 
 7.97095854e+02 -7.37557941e-03  7.97095854e+02 -1.36579164e-03 
 8.06327028e+02 -7.37540078e-03  8.06327028e+02 -2.19643230e-03 
 8.15665108e+02 -7.37521973e-03  8.15665108e+02 -3.02736433e-03 
 8.25111333e+02 -7.37503617e-03  8.25111333e+02 -3.85869790e-03 
 8.34666955e+02 -7.37485001e-03  8.34666955e+02 -4.69054322e-03 
 8.44333240e+02 -7.37466113e-03  8.44333240e+02 -5.52301061e-03 
 8.54111471e+02 -7.37446945e-03  8.54111471e+02 -6.35621042e-03 
 8.64002944e+02 -7.37427487e-03  8.64002944e+02 -7.19025315e-03 
 8.74008970e+02 -7.37407727e-03  8.74008970e+02 -8.02524937e-03 
 8.84130875e+02 -7.37387655e-03  8.84130875e+02 -8.86130981e-03 
 8.94370003e+02 -7.37367261e-03  8.94370003e+02 -9.69854530e-03 
 9.04727710e+02 -7.37346534e-03  9.04727710e+02 -1.05370669e-02 
 9.15205369e+02 -7.37325463e-03  9.15205369e+02 -1.13769857e-02 
 9.25804371e+02 -7.37304036e-03  9.25804371e+02 -1.22184132e-02 
 9.36526119e+02 -7.37282243e-03  9.36526119e+02 -1.30614608e-02 
 9.47372037e+02 -7.37260072e-03  9.47372037e+02 -1.39062404e-02 
 9.58343561e+02 -7.37237511e-03  9.58343561e+02 -1.47528640e-02 
 9.69442146e+02 -7.37214548e-03  9.69442146e+02 -1.56014439e-02 
 9.80669264e+02 -7.37191170e-03  9.80669264e+02 -1.64520925e-02 
 9.92026404e+02 -7.37167366e-03  9.92026404e+02 -1.73049226e-02 
 1.00351507e+03 -7.37143124e-03  1.00351507e+03 -1.81600474e-02 
 1.01513679e+03 -7.37118429e-03  1.01513679e+03 -1.90175802e-02 
 1.02689310e+03 -7.37093269e-03  1.02689310e+03 -1.98776347e-02 
 1.03878555e+03 -7.37067630e-03  1.03878555e+03 -2.07403250e-02 
 1.05081574e+03 -7.37041500e-03  1.05081574e+03 -2.16057654e-02 
 1.06298524e+03 -7.37014864e-03  1.06298524e+03 -2.24740708e-02 
 1.07529569e+03 -7.36987708e-03  1.07529569e+03 -2.33453561e-02 
 1.08774869e+03 -7.36960017e-03  1.08774869e+03 -2.42197371e-02 
 1.10034592e+03 -7.36931777e-03  1.10034592e+03 -2.50973295e-02 
 1.11308904e+03 -7.36902973e-03  1.11308904e+03 -2.59782499e-02 
 1.12597973e+03 -7.36873590e-03  1.12597973e+03 -2.68626149e-02 
 1.13901971e+03 -7.36843612e-03  1.13901971e+03 -2.77505419e-02 
 1.15221071e+03 -7.36813023e-03  1.15221071e+03 -2.86421485e-02 
 1.16555447e+03 -7.36781807e-03  1.16555447e+03 -2.95375531e-02 
 1.17905277e+03 -7.36749948e-03  1.17905277e+03 -3.04368743e-02 
 1.19270739e+03 -7.36717428e-03  1.19270739e+03 -3.13402315e-02 
 1.20652015e+03 -7.36684230e-03  1.20652015e+03 -3.22477443e-02 
 1.22049287e+03 -7.36650337e-03  1.22049287e+03 -3.31595331e-02 
 1.23462740e+03 -7.36615731e-03  1.23462740e+03 -3.40757189e-02 
 1.24892564e+03 -7.36580393e-03  1.24892564e+03 -3.49964231e-02 
 1.26338945e+03 -7.36544305e-03  1.26338945e+03 -3.59217678e-02 
 1.27802078e+03 -7.36507447e-03  1.27802078e+03 -3.68518757e-02 
 1.29282155e+03 -7.36469800e-03  1.29282155e+03 -3.77868702e-02 
 1.30779373e+03 -7.36431344e-03  1.30779373e+03 -3.87268752e-02 
 1.32293930e+03 -7.36392058e-03  1.32293930e+03 -3.96720154e-02 
 1.33826027e+03 -7.36351923e-03  1.33826027e+03 -4.06224161e-02 
 1.35375867e+03 -7.36310915e-03  1.35375867e+03 -4.15782034e-02 
 1.36943656e+03 -7.36269015e-03  1.36943656e+03 -4.25395039e-02 
 1.38529602e+03 -7.36226199e-03  1.38529602e+03 -4.35064453e-02 
 1.40133915e+03 -7.36182444e-03  1.40133915e+03 -4.44791556e-02 
 1.41756807e+03 -7.36137729e-03  1.41756807e+03 -4.54577639e-02 
 1.43398494e+03 -7.36092028e-03  1.43398494e+03 -4.64424000e-02 
 1.45059193e+03 -7.36045318e-03  1.45059193e+03 -4.74331944e-02 
 1.46739125e+03 -7.35997573e-03  1.46739125e+03 -4.84302786e-02 
 1.48438512e+03 -7.35948770e-03  1.48438512e+03 -4.94337847e-02 
 1.50157580e+03 -7.35898880e-03  1.50157580e+03 -5.04438458e-02 
 1.51896556e+03 -7.35847879e-03  1.51896556e+03 -5.14605959e-02 
 1.53655671e+03 -7.35795740e-03  1.53655671e+03 -5.24841699e-02 
 1.55435159e+03 -7.35742434e-03  1.55435159e+03 -5.35147034e-02 
 1.57235255e+03 -7.35687933e-03  1.57235255e+03 -5.45523332e-02 
 1.59056198e+03 -7.35632208e-03  1.59056198e+03 -5.55971968e-02 
 1.60898229e+03 -7.35575230e-03  1.60898229e+03 -5.66494328e-02 
 1.62761593e+03 -7.35516969e-03  1.62761593e+03 -5.77091807e-02 
 1.64646536e+03 -7.35457394e-03  1.64646536e+03 -5.87765812e-02 
 1.66553309e+03 -7.35396472e-03  1.66553309e+03 -5.98517758e-02 
 1.68482165e+03 -7.35334173e-03  1.68482165e+03 -6.09349070e-02 
 1.70433358e+03 -7.35270462e-03  1.70433358e+03 -6.20261185e-02 
 1.72407148e+03 -7.35205306e-03  1.72407148e+03 -6.31255551e-02 
 1.74403797e+03 -7.35138671e-03  1.74403797e+03 -6.42333625e-02 
 1.76423569e+03 -7.35070521e-03  1.76423569e+03 -6.53496877e-02 
 1.78466732e+03 -7.35000819e-03  1.78466732e+03 -6.64746788e-02 
 1.80533557e+03 -7.34929530e-03  1.80533557e+03 -6.76084848e-02 
 1.82624317e+03 -7.34856615e-03  1.82624317e+03 -6.87512564e-02 
 1.84739291e+03 -7.34782036e-03  1.84739291e+03 -6.99031449e-02 
 1.86878759e+03 -7.34705752e-03  1.86878759e+03 -7.10643032e-02 
 1.89043003e+03 -7.34627725e-03  1.89043003e+03 -7.22348853e-02 
 1.91232312e+03 -7.34547911e-03  1.91232312e+03 -7.34150464e-02 
 1.93446975e+03 -7.34466269e-03  1.93446975e+03 -7.46049432e-02 
 1.95687286e+03 -7.34382756e-03  1.95687286e+03 -7.58047333e-02 
 1.97953542e+03 -7.34297328e-03  1.97953542e+03 -7.70145760e-02 
 2.00246044e+03 -7.34209938e-03  2.00246044e+03 -7.82346318e-02 
 2.02565095e+03 -7.34120541e-03  2.02565095e+03 -7.94650624e-02 
 2.04911003e+03 -7.34029089e-03  2.04911003e+03 -8.07060311e-02 
 2.07284080e+03 -7.33935535e-03  2.07284080e+03 -8.19577025e-02 
 2.09684638e+03 -7.33839827e-03  2.09684638e+03 -8.32202426e-02 
 2.12112998e+03 -7.33741916e-03  2.12112998e+03 -8.44938190e-02 
 2.14569480e+03 -7.33641749e-03  2.14569480e+03 -8.57786005e-02 
 2.17054412e+03 -7.33539274e-03  2.17054412e+03 -8.70747576e-02 
 2.19568121e+03 -7.33434436e-03  2.19568121e+03 -8.83824622e-02 
 2.22110941e+03 -7.33327180e-03  2.22110941e+03 -8.97018878e-02 
 2.24683210e+03 -7.33217448e-03  2.24683210e+03 -9.10332095e-02 
 2.27285268e+03 -7.33105183e-03  2.27285268e+03 -9.23766039e-02 
 2.29917461e+03 -7.32990325e-03  2.29917461e+03 -9.37322491e-02 
 2.32580137e+03 -7.32872813e-03  2.32580137e+03 -9.51003251e-02 
 2.35273649e+03 -7.32752584e-03  2.35273649e+03 -9.64810133e-02 
 2.37998356e+03 -7.32629576e-03  2.37998356e+03 -9.78744969e-02 
 2.40754617e+03 -7.32503723e-03  2.40754617e+03 -9.92809609e-02 
 2.43542798e+03 -7.32374958e-03  2.43542798e+03 -1.00700592e-01 
 2.46363269e+03 -7.32243213e-03  2.46363269e+03 -1.02133578e-01 
 2.49216405e+03 -7.32108418e-03  2.49216405e+03 -1.03580109e-01 
 2.52102582e+03 -7.31970501e-03  2.52102582e+03 -1.05040378e-01 
 2.55022184e+03 -7.31829390e-03  2.55022184e+03 -1.06514578e-01 
 2.57975598e+03 -7.31685010e-03  2.57975598e+03 -1.08002904e-01 
 2.60963216e+03 -7.31537284e-03  2.60963216e+03 -1.09505555e-01 
 2.63985434e+03 -7.31386134e-03  2.63985434e+03 -1.11022729e-01 
 2.67042651e+03 -7.31231479e-03  2.67042651e+03 -1.12554629e-01 
 2.70135274e+03 -7.31073239e-03  2.70135274e+03 -1.14101456e-01 
 2.73263713e+03 -7.30911328e-03  2.73263713e+03 -1.15663417e-01 
 2.76428383e+03 -7.30745661e-03  2.76428383e+03 -1.17240718e-01 
 2.79629703e+03 -7.30576151e-03  2.79629703e+03 -1.18833570e-01 
 2.82868097e+03 -7.30402707e-03  2.82868097e+03 -1.20442182e-01 
 2.86143995e+03 -7.30225238e-03  2.86143995e+03 -1.22066770e-01 
 2.89457831e+03 -7.30043649e-03  2.89457831e+03 -1.23707549e-01 
 2.92810044e+03 -7.29857844e-03  2.92810044e+03 -1.25364735e-01 
 2.96201080e+03 -7.29667725e-03  2.96201080e+03 -1.27038550e-01 
 2.99631387e+03 -7.29473191e-03  2.99631387e+03 -1.28729215e-01 
 3.03101421e+03 -7.29274139e-03  3.03101421e+03 -1.30436955e-01 
 3.06611641e+03 -7.29070463e-03  3.06611641e+03 -1.32161997e-01 
 3.10162514e+03 -7.28862056e-03  3.10162514e+03 -1.33904569e-01 
 3.13754508e+03 -7.28648806e-03  3.13754508e+03 -1.35664903e-01 
 3.17388102e+03 -7.28430602e-03  3.17388102e+03 -1.37443232e-01 
 3.21063777e+03 -7.28207327e-03  3.21063777e+03 -1.39239793e-01 
 3.24782019e+03 -7.27978863e-03  3.24782019e+03 -1.41054824e-01 
 3.28543323e+03 -7.27745090e-03  3.28543323e+03 -1.42888565e-01 
 3.32348186e+03 -7.27505882e-03  3.32348186e+03 -1.44741262e-01 
 3.36197113e+03 -7.27261113e-03  3.36197113e+03 -1.46613158e-01 
 3.40090615e+03 -7.27010655e-03  3.40090615e+03 -1.48504504e-01 
 3.44029207e+03 -7.26754373e-03  3.44029207e+03 -1.50415549e-01 
 3.48013412e+03 -7.26492132e-03  3.48013412e+03 -1.52346549e-01 
 3.52043759e+03 -7.26223794e-03  3.52043759e+03 -1.54297759e-01 
 3.56120781e+03 -7.25949216e-03  3.56120781e+03 -1.56269438e-01 
 3.60245019e+03 -7.25668252e-03  3.60245019e+03 -1.58261848e-01 
 3.64417019e+03 -7.25380754e-03  3.64417019e+03 -1.60275254e-01 
 3.68637336e+03 -7.25086570e-03  3.68637336e+03 -1.62309923e-01 
 3.72906528e+03 -7.24785543e-03  3.72906528e+03 -1.64366126e-01 
 3.77225162e+03 -7.24477514e-03  3.77225162e+03 -1.66444135e-01 
 3.81593810e+03 -7.24162320e-03  3.81593810e+03 -1.68544227e-01 
 3.86013052e+03 -7.23839794e-03  3.86013052e+03 -1.70666680e-01 
 3.90483472e+03 -7.23509765e-03  3.90483472e+03 -1.72811776e-01 
 3.95005665e+03 -7.23172059e-03  3.95005665e+03 -1.74979801e-01 
 3.99580229e+03 -7.22826495e-03  3.99580229e+03 -1.77171042e-01 
 4.04207771e+03 -7.22472893e-03  4.04207771e+03 -1.79385791e-01 
 4.08888905e+03 -7.22111063e-03  4.08888905e+03 -1.81624341e-01 
 4.13624251e+03 -7.21740815e-03  4.13624251e+03 -1.83886991e-01 
 4.18414437e+03 -7.21361952e-03  4.18414437e+03 -1.86174040e-01 
 4.23260098e+03 -7.20974274e-03  4.23260098e+03 -1.88485793e-01 
 4.28161877e+03 -7.20577575e-03  4.28161877e+03 -1.90822557e-01 
 4.33120424e+03 -7.20171646e-03  4.33120424e+03 -1.93184642e-01 
 4.38136395e+03 -7.19756271e-03  4.38136395e+03 -1.95572363e-01 
 4.43210457e+03 -7.19331230e-03  4.43210457e+03 -1.97986037e-01 
 4.48343281e+03 -7.18896299e-03  4.48343281e+03 -2.00425984e-01 
 4.53535548e+03 -7.18451247e-03  4.53535548e+03 -2.02892529e-01 
 4.58787948e+03 -7.17995838e-03  4.58787948e+03 -2.05386000e-01 
 4.64101175e+03 -7.17529832e-03  4.64101175e+03 -2.07906727e-01 
 4.69475935e+03 -7.17052981e-03  4.69475935e+03 -2.10455048e-01 
 4.74912940e+03 -7.16565033e-03  4.74912940e+03 -2.13031299e-01 
 4.80412911e+03 -7.16065731e-03  4.80412911e+03 -2.15635825e-01 
 4.85976577e+03 -7.15554808e-03  4.85976577e+03 -2.18268970e-01 
 4.91604676e+03 -7.15031996e-03  4.91604676e+03 -2.20931086e-01 
 4.97297954e+03 -7.14497017e-03  4.97297954e+03 -2.23622526e-01 
 5.03057166e+03 -7.13949588e-03  5.03057166e+03 -2.26343649e-01 
 5.08883076e+03 -7.13389420e-03  5.08883076e+03 -2.29094815e-01 
 5.14776455e+03 -7.12816216e-03  5.14776455e+03 -2.31876392e-01 
 5.20738086e+03 -7.12229672e-03  5.20738086e+03 -2.34688750e-01 
 5.26768758e+03 -7.11629479e-03  5.26768758e+03 -2.37532261e-01 
 5.32869272e+03 -7.11015318e-03  5.32869272e+03 -2.40407306e-01 
 5.39040436e+03 -7.10386865e-03  5.39040436e+03 -2.43314266e-01 
 5.45283068e+03 -7.09743787e-03  5.45283068e+03 -2.46253529e-01 
 5.51597996e+03 -7.09085744e-03  5.51597996e+03 -2.49225484e-01 
 5.57986057e+03 -7.08412388e-03  5.57986057e+03 -2.52230529e-01 
 5.64448099e+03 -7.07723362e-03  5.64448099e+03 -2.55269063e-01 
 5.70984977e+03 -7.07018303e-03  5.70984977e+03 -2.58341491e-01 
 5.77597559e+03 -7.06296836e-03  5.77597559e+03 -2.61448222e-01 
 5.84286722e+03 -7.05558581e-03  5.84286722e+03 -2.64589668e-01 
 5.91053351e+03 -7.04803147e-03  5.91053351e+03 -2.67766250e-01 
 5.97898345e+03 -7.04030135e-03  5.97898345e+03 -2.70978389e-01 
 6.04822611e+03 -7.03239136e-03  6.04822611e+03 -2.74226514e-01 
 6.11827067e+03 -7.02429731e-03  6.11827067e+03 -2.77511057e-01 
 6.18912642e+03 -7.01601492e-03  6.18912642e+03 -2.80832457e-01 
 6.26080275e+03 -7.00753983e-03  6.26080275e+03 -2.84191154e-01 
 6.33330916e+03 -6.99886754e-03  6.33330916e+03 -2.87587598e-01 
 6.40665527e+03 -6.98999347e-03  6.40665527e+03 -2.91022241e-01 
 6.48085080e+03 -6.98091293e-03  6.48085080e+03 -2.94495540e-01 
 6.55590559e+03 -6.97162112e-03  6.55590559e+03 -2.98007959e-01 
 6.63182959e+03 -6.96211314e-03  6.63182959e+03 -3.01559965e-01 
 6.70863287e+03 -6.95238395e-03  6.70863287e+03 -3.05152034e-01 
 6.78632561e+03 -6.94242841e-03  6.78632561e+03 -3.08784642e-01 
 6.86491811e+03 -6.93224127e-03  6.86491811e+03 -3.12458276e-01 
 6.94442078e+03 -6.92181714e-03  6.94442078e+03 -3.16173424e-01 
 7.02484418e+03 -6.91115052e-03  7.02484418e+03 -3.19930584e-01 
 7.10619897e+03 -6.90023577e-03  7.10619897e+03 -3.23730256e-01 
 7.18849592e+03 -6.88906713e-03  7.18849592e+03 -3.27572946e-01 
 7.27174595e+03 -6.87763869e-03  7.27174595e+03 -3.31459169e-01 
 7.35596011e+03 -6.86594443e-03  7.35596011e+03 -3.35389443e-01 
 7.44114955e+03 -6.85397816e-03  7.44114955e+03 -3.39364292e-01 
 7.52732557e+03 -6.84173358e-03  7.52732557e+03 -3.43384248e-01 
 7.61449959e+03 -6.82920421e-03  7.61449959e+03 -3.47449848e-01 
 7.70268318e+03 -6.81638344e-03  7.70268318e+03 -3.51561633e-01 
 7.79188802e+03 -6.80326451e-03  7.79188802e+03 -3.55720155e-01 
 7.88212595e+03 -6.78984049e-03  7.88212595e+03 -3.59925968e-01 
 7.97340892e+03 -6.77610429e-03  7.97340892e+03 -3.64179635e-01 
 8.06574904e+03 -6.76204868e-03  8.06574904e+03 -3.68481724e-01 
 8.15915855e+03 -6.74766624e-03  8.15915855e+03 -3.72832811e-01 
 8.25364983e+03 -6.73294937e-03  8.25364983e+03 -3.77233477e-01 
 8.34923543e+03 -6.71789032e-03  8.34923543e+03 -3.81684312e-01 
 8.44592800e+03 -6.70248114e-03  8.44592800e+03 -3.86185910e-01 
 8.54374036e+03 -6.68671372e-03  8.54374036e+03 -3.90738874e-01 
 8.64268550e+03 -6.67057973e-03  8.64268550e+03 -3.95343813e-01 
 8.74277651e+03 -6.65407068e-03  8.74277651e+03 -4.00001345e-01 
 8.84402669e+03 -6.63717785e-03  8.84402669e+03 -4.04712092e-01 
 8.94644944e+03 -6.61989236e-03  8.94644944e+03 -4.09476685e-01 
 9.05005835e+03 -6.60220509e-03  9.05005835e+03 -4.14295763e-01 
 9.15486716e+03 -6.58410671e-03  9.15486716e+03 -4.19169972e-01 
 9.26088975e+03 -6.56558771e-03  9.26088975e+03 -4.24099965e-01 
 9.36814020e+03 -6.54663833e-03  9.36814020e+03 -4.29086402e-01 
 9.47663271e+03 -6.52724858e-03  9.47663271e+03 -4.34129953e-01 
 9.58638168e+03 -6.50740826e-03  9.58638168e+03 -4.39231295e-01 
 9.69740165e+03 -6.48710693e-03  9.69740165e+03 -4.44391110e-01 
 9.80970735e+03 -6.46633389e-03  9.80970735e+03 -4.49610093e-01 
 9.92331366e+03 -6.44507823e-03  9.92331366e+03 -4.54888943e-01 
 1.00382356e+04 -6.42332875e-03  1.00382356e+04 -4.60228370e-01 
 1.01544885e+04 -6.40107401e-03  1.01544885e+04 -4.65629091e-01 
 1.02720878e+04 -6.37830232e-03  1.02720878e+04 -4.71091832e-01 
 1.03910489e+04 -6.35500170e-03  1.03910489e+04 -4.76617326e-01 
 1.05113877e+04 -6.33115989e-03  1.05113877e+04 -4.82206316e-01 
 1.06331202e+04 -6.30676437e-03  1.06331202e+04 -4.87859556e-01 
 1.07562625e+04 -6.28180231e-03  1.07562625e+04 -4.93577804e-01 
 1.08808308e+04 -6.25626061e-03  1.08808308e+04 -4.99361830e-01 
 1.10068418e+04 -6.23012584e-03  1.10068418e+04 -5.05212414e-01 
 1.11343122e+04 -6.20338429e-03  1.11343122e+04 -5.11130343e-01 
 1.12632587e+04 -6.17602190e-03  1.12632587e+04 -5.17116415e-01 
 1.13936986e+04 -6.14802433e-03  1.13936986e+04 -5.23171436e-01 
 1.15256492e+04 -6.11937687e-03  1.15256492e+04 -5.29296222e-01 
 1.16591278e+04 -6.09006449e-03  1.16591278e+04 -5.35491601e-01 
 1.17941523e+04 -6.06007183e-03  1.17941523e+04 -5.41758407e-01 
 1.19307404e+04 -6.02938315e-03  1.19307404e+04 -5.48097487e-01 
 1.20689105e+04 -5.99798237e-03  1.20689105e+04 -5.54509697e-01 
 1.22086806e+04 -5.96585303e-03  1.22086806e+04 -5.60995902e-01 
 1.23500695e+04 -5.93297829e-03  1.23500695e+04 -5.67556981e-01 
 1.24930957e+04 -5.89934094e-03  1.24930957e+04 -5.74193820e-01 
 1.26377784e+04 -5.86492335e-03  1.26377784e+04 -5.80907316e-01 
 1.27841366e+04 -5.82970752e-03  1.27841366e+04 -5.87698379e-01 
 1.29321898e+04 -5.79367502e-03  1.29321898e+04 -5.94567927e-01 
 1.30819576e+04 -5.75680698e-03  1.30819576e+04 -6.01516893e-01 
 1.32334599e+04 -5.71908414e-03  1.32334599e+04 -6.08546217e-01 
 1.33867167e+04 -5.68048676e-03  1.33867167e+04 -6.15656852e-01 
 1.35417484e+04 -5.64099468e-03  1.35417484e+04 -6.22849764e-01 
 1.36985755e+04 -5.60058726e-03  1.36985755e+04 -6.30125928e-01 
 1.38572188e+04 -5.55924339e-03  1.38572188e+04 -6.37486334e-01 
 1.40176994e+04 -5.51694150e-03  1.40176994e+04 -6.44931981e-01 
 1.41800385e+04 -5.47365949e-03  1.41800385e+04 -6.52463882e-01 
 1.43442576e+04 -5.42937480e-03  1.43442576e+04 -6.60083061e-01 
 1.45103786e+04 -5.38406432e-03  1.45103786e+04 -6.67790556e-01 
 1.46784234e+04 -5.33770443e-03  1.46784234e+04 -6.75587416e-01 
 1.48484144e+04 -5.29027098e-03  1.48484144e+04 -6.83474705e-01 
 1.50203740e+04 -5.24173925e-03  1.50203740e+04 -6.91453497e-01 
 1.51943251e+04 -5.19208399e-03  1.51943251e+04 -6.99524882e-01 
 1.53702907e+04 -5.14127934e-03  1.53702907e+04 -7.07689962e-01 
 1.55482942e+04 -5.08929887e-03  1.55482942e+04 -7.15949852e-01 
 1.57283591e+04 -5.03611556e-03  1.57283591e+04 -7.24305683e-01 
 1.59105094e+04 -4.98170177e-03  1.59105094e+04 -7.32758597e-01 
 1.60947691e+04 -4.92602923e-03  1.60947691e+04 -7.41309751e-01 
 1.62811628e+04 -4.86906902e-03  1.62811628e+04 -7.49960319e-01 
 1.64697151e+04 -4.81079159e-03  1.64697151e+04 -7.58711486e-01 
 1.66604510e+04 -4.75116672e-03  1.66604510e+04 -7.67564452e-01 
 1.68533958e+04 -4.69016348e-03  1.68533958e+04 -7.76520435e-01 
 1.70485751e+04 -4.62775026e-03  1.70485751e+04 -7.85580664e-01 
 1.72460148e+04 -4.56389475e-03  1.72460148e+04 -7.94746387e-01 
 1.74457411e+04 -4.49856389e-03  1.74457411e+04 -8.04018866e-01 
 1.76477804e+04 -4.43172388e-03  1.76477804e+04 -8.13399377e-01 
 1.78521595e+04 -4.36334017e-03  1.78521595e+04 -8.22889216e-01 
 1.80589055e+04 -4.29337742e-03  1.80589055e+04 -8.32489691e-01 
 1.82680458e+04 -4.22179951e-03  1.82680458e+04 -8.42202129e-01 
 1.84796082e+04 -4.14856951e-03  1.84796082e+04 -8.52027873e-01 
 1.86936208e+04 -4.07364963e-03  1.86936208e+04 -8.61968284e-01 
 1.89101117e+04 -3.99700127e-03  1.89101117e+04 -8.72024739e-01 
 1.91291099e+04 -3.91858496e-03  1.91291099e+04 -8.82198632e-01 
 1.93506443e+04 -3.83836033e-03  1.93506443e+04 -8.92491375e-01 
 1.95747443e+04 -3.75628612e-03  1.95747443e+04 -9.02904400e-01 
 1.98014396e+04 -3.67232016e-03  1.98014396e+04 -9.13439155e-01 
 2.00307602e+04 -3.58641931e-03  2.00307602e+04 -9.24097107e-01 
 2.02627366e+04 -3.49853950e-03  2.02627366e+04 -9.34879741e-01 
 2.04973996e+04 -3.40863567e-03  2.04973996e+04 -9.45788563e-01 
 2.07347801e+04 -3.31666174e-03  2.07347801e+04 -9.56825097e-01 
 2.09749098e+04 -3.22257064e-03  2.09749098e+04 -9.67990886e-01 
 2.12178204e+04 -3.12631423e-03  2.12178204e+04 -9.79287495e-01 
 2.14635442e+04 -3.02784331e-03  2.14635442e+04 -9.90716508e-01 
 2.17121137e+04 -2.92710761e-03  2.17121137e+04 -1.00227953e+00 
 2.19635619e+04 -2.82405572e-03  2.19635619e+04 -1.01397818e+00 
 2.22179221e+04 -2.71863512e-03  2.22179221e+04 -1.02581412e+00 
 2.24752280e+04 -2.61079213e-03  2.24752280e+04 -1.03778900e+00 
 2.27355138e+04 -2.50047187e-03  2.27355138e+04 -1.04990452e+00 
 2.29988140e+04 -2.38761828e-03  2.29988140e+04 -1.06216240e+00 
 2.32651635e+04 -2.27217406e-03  2.32651635e+04 -1.07456435e+00 
 2.35345976e+04 -2.15408064e-03  2.35345976e+04 -1.08711215e+00 
 2.38071520e+04 -2.03327819e-03  2.38071520e+04 -1.09980758e+00 
 2.40828628e+04 -1.90970557e-03  2.40828628e+04 -1.11265243e+00 
 2.43617666e+04 -1.78330030e-03  2.43617666e+04 -1.12564853e+00 
 2.46439005e+04 -1.65399854e-03  2.46439005e+04 -1.13879775e+00 
 2.49293017e+04 -1.52173507e-03  2.49293017e+04 -1.15210195e+00 
 2.52180082e+04 -1.38644325e-03  2.52180082e+04 -1.16556304e+00 
 2.55100581e+04 -1.24805501e-03  2.55100581e+04 -1.17918295e+00 
 2.58054904e+04 -1.10650078e-03  2.58054904e+04 -1.19296363e+00 
 2.61043440e+04 -9.61709514e-04  2.61043440e+04 -1.20690706e+00 
 2.64066586e+04 -8.13608630e-04  2.64066586e+04 -1.22101524e+00 
 2.67124744e+04 -6.62123984e-04  2.67124744e+04 -1.23529023e+00 
 2.70218318e+04 -5.07179842e-04  2.70218318e+04 -1.24973407e+00 
 2.73347718e+04 -3.48698852e-04  2.73347718e+04 -1.26434885e+00 
 2.76513361e+04 -1.86602005e-04  2.76513361e+04 -1.27913670e+00 
 2.79715664e+04 -2.08086134e-05  2.79715664e+04 -1.29409977e+00 
 2.82955054e+04  1.48763729e-04  2.82955054e+04 -1.30924023e+00 
 2.86231959e+04  3.22199175e-04  2.86231959e+04 -1.32456029e+00 
 2.89546814e+04  4.99583660e-04  2.89546814e+04 -1.34006219e+00 
 2.92900058e+04  6.81004932e-04  2.92900058e+04 -1.35574819e+00 
 2.96292136e+04  8.66552587e-04  2.96292136e+04 -1.37162061e+00 
 2.99723498e+04  1.05631811e-03  2.99723498e+04 -1.38768178e+00 
 3.03194599e+04  1.25039488e-03  3.03194599e+04 -1.40393406e+00 
 3.06705898e+04  1.44887826e-03  3.06705898e+04 -1.42037985e+00 
 3.10257862e+04  1.65186558e-03  3.10257862e+04 -1.43702159e+00 
 3.13850961e+04  1.85945619e-03  3.13850961e+04 -1.45386175e+00 
 3.17485672e+04  2.07175151e-03  3.17485672e+04 -1.47090283e+00 
 3.21162476e+04  2.28885503e-03  3.21162476e+04 -1.48814736e+00 
 3.24881861e+04  2.51087242e-03  3.24881861e+04 -1.50559794e+00 
 3.28644321e+04  2.73791145e-03  3.28644321e+04 -1.52325716e+00 
 3.32450354e+04  2.97008216e-03  3.32450354e+04 -1.54112769e+00 
 3.36300464e+04  3.20749680e-03  3.36300464e+04 -1.55921221e+00 
 3.40195163e+04  3.45026989e-03  3.40195163e+04 -1.57751345e+00 
 3.44134966e+04  3.69851830e-03  3.44134966e+04 -1.59603418e+00 
 3.48120396e+04  3.95236122e-03  3.48120396e+04 -1.61477721e+00 
 3.52151982e+04  4.21192027e-03  3.52151982e+04 -1.63374539e+00 
 3.56230257e+04  4.47731948e-03  3.56230257e+04 -1.65294161e+00 
 3.60355763e+04  4.74868537e-03  3.60355763e+04 -1.67236882e+00 
 3.64529046e+04  5.02614694e-03  3.64529046e+04 -1.69202998e+00 
 3.68750660e+04  5.30983578e-03  3.68750660e+04 -1.71192813e+00 
 3.73021165e+04  5.59988604e-03  3.73021165e+04 -1.73206633e+00 
 3.77341126e+04  5.89643450e-03  3.77341126e+04 -1.75244770e+00 
 3.81711117e+04  6.19962063e-03  3.81711117e+04 -1.77307540e+00 
 3.86131717e+04  6.50958657e-03  3.86131717e+04 -1.79395265e+00 
 3.90603512e+04  6.82647723e-03  3.90603512e+04 -1.81508270e+00 
 3.95127095e+04  7.15044030e-03  3.95127095e+04 -1.83646887e+00 
 3.99703065e+04  7.48162628e-03  3.99703065e+04 -1.85811451e+00 
 4.04332030e+04  7.82018853e-03  4.04332030e+04 -1.88002303e+00 
 4.09014603e+04  8.16628331e-03  4.09014603e+04 -1.90219791e+00 
 4.13751404e+04  8.52006983e-03  4.13751404e+04 -1.92464267e+00 
 4.18543063e+04  8.88171025e-03  4.18543063e+04 -1.94736086e+00 
 4.23390214e+04  9.25136975e-03  4.23390214e+04 -1.97035614e+00 
 4.28293500e+04  9.62921654e-03  4.28293500e+04 -1.99363217e+00 
 4.33253571e+04  1.00154219e-02  4.33253571e+04 -2.01719272e+00 
 4.38271084e+04  1.04101603e-02  4.38271084e+04 -2.04104157e+00 
 4.43346705e+04  1.08136093e-02  4.43346705e+04 -2.06518261e+00 
 4.48481108e+04  1.12259496e-02  4.48481108e+04 -2.08961975e+00 
 4.53674971e+04  1.16473651e-02  4.53674971e+04 -2.11435699e+00 
 4.58928985e+04  1.20780431e-02  4.58928985e+04 -2.13939838e+00 
 4.64243846e+04  1.25181741e-02  4.64243846e+04 -2.16474803e+00 
 4.69620258e+04  1.29679518e-02  4.69620258e+04 -2.19041015e+00 
 4.75058934e+04  1.34275733e-02  4.75058934e+04 -2.21638897e+00 
 4.80560596e+04  1.38972391e-02  4.80560596e+04 -2.24268883e+00 
 4.86125973e+04  1.43771531e-02  4.86125973e+04 -2.26931411e+00 
 4.91755802e+04  1.48675225e-02  4.91755802e+04 -2.29626930e+00 
 4.97450830e+04  1.53685580e-02  4.97450830e+04 -2.32355892e+00 
 5.03211813e+04  1.58804737e-02  5.03211813e+04 -2.35118760e+00 
 5.09039513e+04  1.64034872e-02  5.09039513e+04 -2.37916003e+00 
 5.14934704e+04  1.69378196e-02  5.14934704e+04 -2.40748099e+00 
 5.20898168e+04  1.74836955e-02  5.20898168e+04 -2.43615531e+00 
 5.26930694e+04  1.80413428e-02  5.26930694e+04 -2.46518794e+00 
 5.33033083e+04  1.86109933e-02  5.33033083e+04 -2.49458390e+00 
 5.39206144e+04  1.91928819e-02  5.39206144e+04 -2.52434829e+00 
 5.45450695e+04  1.97872472e-02  5.45450695e+04 -2.55448629e+00 
 5.51767564e+04  2.03943314e-02  5.51767564e+04 -2.58500319e+00 
 5.58157589e+04  2.10143802e-02  5.58157589e+04 -2.61590435e+00 
 5.64621617e+04  2.16476426e-02  5.64621617e+04 -2.64719524e+00 
 5.71160505e+04  2.22943712e-02  5.71160505e+04 -2.67888140e+00 
 5.77775120e+04  2.29548223e-02  5.77775120e+04 -2.71096850e+00 
 5.84466339e+04  2.36292552e-02  5.84466339e+04 -2.74346227e+00 
 5.91235049e+04  2.43179331e-02  5.91235049e+04 -2.77636858e+00 
 5.98082147e+04  2.50211223e-02  5.98082147e+04 -2.80969336e+00 
 6.05008542e+04  2.57390926e-02  6.05008542e+04 -2.84344268e+00 
 6.12015151e+04  2.64721171e-02  6.12015151e+04 -2.87762269e+00 
 6.19102904e+04  2.72204721e-02  6.19102904e+04 -2.91223968e+00 
 6.26272740e+04  2.79844373e-02  6.26272740e+04 -2.94730001e+00 
 6.33525610e+04  2.87642955e-02  6.33525610e+04 -2.98281019e+00 
 6.40862476e+04  2.95603327e-02  6.40862476e+04 -3.01877683e+00 
 6.48284310e+04  3.03728379e-02  6.48284310e+04 -3.05520664e+00 
 6.55792097e+04  3.12021029e-02  6.55792097e+04 -3.09210648e+00 
 6.63386831e+04  3.20484228e-02  6.63386831e+04 -3.12948333e+00 
 6.71069519e+04  3.29120951e-02  6.71069519e+04 -3.16734427e+00 
 6.78841182e+04  3.37934203e-02  6.78841182e+04 -3.20569652e+00 
 6.86702847e+04  3.46927014e-02  6.86702847e+04 -3.24454745e+00 
 6.94655559e+04  3.56102440e-02  6.94655559e+04 -3.28390453e+00 
 7.02700371e+04  3.65463558e-02  7.02700371e+04 -3.32377538e+00 
 7.10838351e+04  3.75013471e-02  7.10838351e+04 -3.36416777e+00 
 7.19070576e+04  3.84755301e-02  7.19070576e+04 -3.40508959e+00 
 7.27398139e+04  3.94692190e-02  7.27398139e+04 -3.44654889e+00 
 7.35822143e+04  4.04827298e-02  7.35822143e+04 -3.48855385e+00 
 7.44343706e+04  4.15163802e-02  7.44343706e+04 -3.53111281e+00 
 7.52963957e+04  4.25704891e-02  7.52963957e+04 -3.57423426e+00 
 7.61684039e+04  4.36453770e-02  7.61684039e+04 -3.61792684e+00 
 7.70505109e+04  4.47413652e-02  7.70505109e+04 -3.66219936e+00 
 7.79428335e+04  4.58587759e-02  7.79428335e+04 -3.70706077e+00 
 7.88454902e+04  4.69979320e-02  7.88454902e+04 -3.75252021e+00 
 7.97586005e+04  4.81591566e-02  7.97586005e+04 -3.79858696e+00 
 8.06822855e+04  4.93427729e-02  8.06822855e+04 -3.84527049e+00 
 8.16166678e+04  5.05491042e-02  8.16166678e+04 -3.89258044e+00 
 8.25618712e+04  5.17784730e-02  8.25618712e+04 -3.94052661e+00 
 8.35180209e+04  5.30312014e-02  8.35180209e+04 -3.98911899e+00 
 8.44852439e+04  5.43076100e-02  8.44852439e+04 -4.03836776e+00 
 8.54636682e+04  5.56080185e-02  8.54636682e+04 -4.08828328e+00 
 8.64534237e+04  5.69327444e-02  8.64534237e+04 -4.13887608e+00 
 8.74546416e+04  5.82821034e-02  8.74546416e+04 -4.19015692e+00 
 8.84674546e+04  5.96564087e-02  8.84674546e+04 -4.24213671e+00 
 8.94919970e+04  6.10559704e-02  8.94919970e+04 -4.29482660e+00 
 9.05284046e+04  6.24810956e-02  9.05284046e+04 -4.34823792e+00 
 9.15768148e+04  6.39320873e-02  9.15768148e+04 -4.40238220e+00 
 9.26373667e+04  6.54092446e-02  9.26373667e+04 -4.45727120e+00 
 9.37102009e+04  6.69128619e-02  9.37102009e+04 -4.51291686e+00 
 9.47954596e+04  6.84432283e-02  9.47954596e+04 -4.56933136e+00 
 9.58932866e+04  7.00006274e-02  9.58932866e+04 -4.62652709e+00 
 9.70038276e+04  7.15853364e-02  9.70038276e+04 -4.68451667e+00 
 9.81272298e+04  7.31976259e-02  9.81272298e+04 -4.74331291e+00 
 9.92636421e+04  7.48377592e-02  9.92636421e+04 -4.80292890e+00 
 1.00413215e+05  7.65059913e-02  1.00413215e+05 -4.86337791e+00 
 1.01576102e+05  7.82025692e-02  1.01576102e+05 -4.92467347e+00 
 1.02752455e+05  7.99277302e-02  1.02752455e+05 -4.98682935e+00 
 1.03942432e+05  8.16817020e-02  1.03942432e+05 -5.04985955e+00 
 1.05146191e+05  8.34647016e-02  1.05146191e+05 -5.11377831e+00 
 1.06363890e+05  8.52769348e-02  1.06363890e+05 -5.17860012e+00 
 1.07595691e+05  8.71185953e-02  1.07595691e+05 -5.24433973e+00 
 1.08841757e+05  8.89898642e-02  1.08841757e+05 -5.31101210e+00 
 1.10102255e+05  9.08909088e-02  1.10102255e+05 -5.37863250e+00 
 1.11377350e+05  9.28218822e-02  1.11377350e+05 -5.44721641e+00 
 1.12667212e+05  9.47829222e-02  1.12667212e+05 -5.51677960e+00 
 1.13972012e+05  9.67741506e-02  1.13972012e+05 -5.58733808e+00 
 1.15291923e+05  9.87956721e-02  1.15291923e+05 -5.65890813e+00 
 1.16627120e+05  1.00847574e-01  1.16627120e+05 -5.73150630e+00 
 1.17977779e+05  1.02929924e-01  1.17977779e+05 -5.80514940e+00 
 1.19344081e+05  1.05042770e-01  1.19344081e+05 -5.87985451e+00 
 1.20726206e+05  1.07186141e-01  1.20726206e+05 -5.95563899e+00 
 1.22124337e+05  1.09360042e-01  1.22124337e+05 -6.03252046e+00 
 1.23538660e+05  1.11564456e-01  1.23538660e+05 -6.11051683e+00 
 1.24969363e+05  1.13799343e-01  1.24969363e+05 -6.18964627e+00 
 1.26416634e+05  1.16064637e-01  1.26416634e+05 -6.26992723e+00 
 1.27880666e+05  1.18360247e-01  1.27880666e+05 -6.35137844e+00 
 1.29361653e+05  1.20686053e-01  1.29361653e+05 -6.43401891e+00 
 1.30859792e+05  1.23041910e-01  1.30859792e+05 -6.51786792e+00 
 1.32375280e+05  1.25427641e-01  1.32375280e+05 -6.60294504e+00 
 1.33908319e+05  1.27843039e-01  1.33908319e+05 -6.68927011e+00 
 1.35459113e+05  1.30287865e-01  1.35459113e+05 -6.77686326e+00 
 1.37027866e+05  1.32761847e-01  1.37027866e+05 -6.86574488e+00 
 1.38614787e+05  1.35264681e-01  1.38614787e+05 -6.95593566e+00 
 1.40220086e+05  1.37796024e-01  1.40220086e+05 -7.04745654e+00 
 1.41843976e+05  1.40355499e-01  1.41843976e+05 -7.14032876e+00 
 1.43486672e+05  1.42942689e-01  1.43486672e+05 -7.23457381e+00 
 1.45148393e+05  1.45557140e-01  1.45148393e+05 -7.33021349e+00 
 1.46829358e+05  1.48198355e-01  1.46829358e+05 -7.42726982e+00 
 1.48529790e+05  1.50865796e-01  1.48529790e+05 -7.52576514e+00 
 1.50249915e+05  1.53558883e-01  1.50249915e+05 -7.62572201e+00 
 1.51989960e+05  1.56276990e-01  1.51989960e+05 -7.72716327e+00 
 1.53750157e+05  1.59019446e-01  1.53750157e+05 -7.83011204e+00 
 1.55530739e+05  1.61785533e-01  1.55530739e+05 -7.93459166e+00 
 1.57331942e+05  1.64574482e-01  1.57331942e+05 -8.04062573e+00 
 1.59154005e+05  1.67385478e-01  1.59154005e+05 -8.14823812e+00 
 1.60997169e+05  1.70217654e-01  1.60997169e+05 -8.25745292e+00 
 1.62861678e+05  1.73070087e-01  1.62861678e+05 -8.36829446e+00 
 1.64747781e+05  1.75941805e-01  1.64747781e+05 -8.48078731e+00 
 1.66655726e+05  1.78831779e-01  1.66655726e+05 -8.59495625e+00 
 1.68585768e+05  1.81738923e-01  1.68585768e+05 -8.71082631e+00 
 1.70538161e+05  1.84662095e-01  1.70538161e+05 -8.82842269e+00 
 1.72513165e+05  1.87600094e-01  1.72513165e+05 -8.94777084e+00 
 1.74511042e+05  1.90551656e-01  1.74511042e+05 -9.06889638e+00 
 1.76532055e+05  1.93515461e-01  1.76532055e+05 -9.19182514e+00 
 1.78576475e+05  1.96490123e-01  1.78576475e+05 -9.31658312e+00 
 1.80644570e+05  1.99474194e-01  1.80644570e+05 -9.44319651e+00 
 1.82736617e+05  2.02466160e-01  1.82736617e+05 -9.57169165e+00 
 1.84852891e+05  2.05464443e-01  1.84852891e+05 -9.70209506e+00 
 1.86993674e+05  2.08467398e-01  1.86993674e+05 -9.83443338e+00 
 1.89159250e+05  2.11473311e-01  1.89159250e+05 -9.96873341e+00 
 1.91349905e+05  2.14480401e-01  1.91349905e+05 -1.01050221e+01 
 1.93565930e+05  2.17486818e-01  1.93565930e+05 -1.02433264e+01 
 1.95807618e+05  2.20490638e-01  1.95807618e+05 -1.03836736e+01 
 1.98075268e+05  2.23489871e-01  1.98075268e+05 -1.05260909e+01 
 2.00369179e+05  2.26482450e-01  2.00369179e+05 -1.06706056e+01 
 2.02689657e+05  2.29466240e-01  2.02689657e+05 -1.08172451e+01 
 2.05037007e+05  2.32439029e-01  2.05037007e+05 -1.09660369e+01 
 2.07411543e+05  2.35398534e-01  2.07411543e+05 -1.11170086e+01 
 2.09813578e+05  2.38342395e-01  2.09813578e+05 -1.12701876e+01 
 2.12243431e+05  2.41268180e-01  2.12243431e+05 -1.14256015e+01 
 2.14701424e+05  2.44173379e-01  2.14701424e+05 -1.15832781e+01 
 2.17187883e+05  2.47055409e-01  2.17187883e+05 -1.17432448e+01 
 2.19703138e+05  2.49911610e-01  2.19703138e+05 -1.19055292e+01 
 2.22247522e+05  2.52739246e-01  2.22247522e+05 -1.20701590e+01 
 2.24821372e+05  2.55535506e-01  2.24821372e+05 -1.22371616e+01 
 2.27425030e+05  2.58297502e-01  2.27425030e+05 -1.24065645e+01 
 2.30058842e+05  2.61022270e-01  2.30058842e+05 -1.25783950e+01 
 2.32723155e+05  2.63706771e-01  2.32723155e+05 -1.27526807e+01 
 2.35418324e+05  2.66347889e-01  2.35418324e+05 -1.29294485e+01 
 2.38144706e+05  2.68942434e-01  2.38144706e+05 -1.31087257e+01 
 2.40902662e+05  2.71487142e-01  2.40902662e+05 -1.32905393e+01 
 2.43692558e+05  2.73978671e-01  2.43692558e+05 -1.34749161e+01 
 2.46514763e+05  2.76413608e-01  2.46514763e+05 -1.36618828e+01 
 2.49369653e+05  2.78788466e-01  2.49369653e+05 -1.38514661e+01 
 2.52257605e+05  2.81099684e-01  2.52257605e+05 -1.40436922e+01 
 2.55179003e+05  2.83343631e-01  2.55179003e+05 -1.42385873e+01 
 2.58134233e+05  2.85516603e-01  2.58134233e+05 -1.44361775e+01 
 2.61123688e+05  2.87614827e-01  2.61123688e+05 -1.46364885e+01 
 2.64147764e+05  2.89634459e-01  2.64147764e+05 -1.48395459e+01 
 2.67206861e+05  2.91571590e-01  2.67206861e+05 -1.50453749e+01 
 2.70301386e+05  2.93422242e-01  2.70301386e+05 -1.52540007e+01 
 2.73431749e+05  2.95182369e-01  2.73431749e+05 -1.54654479e+01 
 2.76598365e+05  2.96847865e-01  2.76598365e+05 -1.56797411e+01 
 2.79801653e+05  2.98414557e-01  2.79801653e+05 -1.58969046e+01 
 2.83042038e+05  2.99878211e-01  2.83042038e+05 -1.61169622e+01 
 2.86319950e+05  3.01234534e-01  2.86319950e+05 -1.63399376e+01 
 2.89635824e+05  3.02479173e-01  2.89635824e+05 -1.65658540e+01 
 2.92990099e+05  3.03607716e-01  2.92990099e+05 -1.67947344e+01 
 2.96383220e+05  3.04615699e-01  2.96383220e+05 -1.70266014e+01 
 2.99815637e+05  3.05498600e-01  2.99815637e+05 -1.72614773e+01 
 3.03287805e+05  3.06251848e-01  3.03287805e+05 -1.74993839e+01 
 3.06800183e+05  3.06870818e-01  3.06800183e+05 -1.77403429e+01 
 3.10353239e+05  3.07350839e-01  3.10353239e+05 -1.79843753e+01 
 3.13947443e+05  3.07687192e-01  3.13947443e+05 -1.82315020e+01 
 3.17583271e+05  3.07875112e-01  3.17583271e+05 -1.84817433e+01 
 3.21261205e+05  3.07909793e-01  3.21261205e+05 -1.87351192e+01 
 3.24981734e+05  3.07786384e-01  3.24981734e+05 -1.89916493e+01 
 3.28745351e+05  3.07499999e-01  3.28745351e+05 -1.92513527e+01 
 3.32552554e+05  3.07045712e-01  3.32552554e+05 -1.95142481e+01 
 3.36403848e+05  3.06418561e-01  3.36403848e+05 -1.97803540e+01 
 3.40299744e+05  3.05613552e-01  3.40299744e+05 -2.00496881e+01 
 3.44240758e+05  3.04625660e-01  3.44240758e+05 -2.03222679e+01 
 3.48227413e+05  3.03449830e-01  3.48227413e+05 -2.05981105e+01 
 3.52260238e+05  3.02080978e-01  3.52260238e+05 -2.08772323e+01 
 3.56339767e+05  3.00513998e-01  3.56339767e+05 -2.11596496e+01 
 3.60466541e+05  2.98743758e-01  3.60466541e+05 -2.14453780e+01 
 3.64641107e+05  2.96765105e-01  3.64641107e+05 -2.17344326e+01 
 3.68864019e+05  2.94572869e-01  3.68864019e+05 -2.20268284e+01 
 3.73135837e+05  2.92161860e-01  3.73135837e+05 -2.23225796e+01 
 3.77457126e+05  2.89526875e-01  3.77457126e+05 -2.26217000e+01 
 3.81828460e+05  2.86662696e-01  3.81828460e+05 -2.29242031e+01 
 3.86250419e+05  2.83564096e-01  3.86250419e+05 -2.32301018e+01 
 3.90723589e+05  2.80225837e-01  3.90723589e+05 -2.35394085e+01 
 3.95248562e+05  2.76642675e-01  3.95248562e+05 -2.38521352e+01 
 3.99825939e+05  2.72809360e-01  3.99825939e+05 -2.41682936e+01 
 4.04456327e+05  2.68720639e-01  4.04456327e+05 -2.44878947e+01 
 4.09140339e+05  2.64371259e-01  4.09140339e+05 -2.48109490e+01 
 4.13878597e+05  2.59755964e-01  4.13878597e+05 -2.51374668e+01 
 4.18671729e+05  2.54869506e-01  4.18671729e+05 -2.54674578e+01 
 4.23520370e+05  2.49706637e-01  4.23520370e+05 -2.58009311e+01 
 4.28425163e+05  2.44262118e-01  4.28425163e+05 -2.61378956e+01 
 4.33386759e+05  2.38530717e-01  4.33386759e+05 -2.64783595e+01 
 4.38405814e+05  2.32507212e-01  4.38405814e+05 -2.68223307e+01 
 4.43482996e+05  2.26186395e-01  4.43482996e+05 -2.71698167e+01 
 4.48618977e+05  2.19563070e-01  4.48618977e+05 -2.75208242e+01 
 4.53814437e+05  2.12632059e-01  4.53814437e+05 -2.78753599e+01 
 4.59070066e+05  2.05388198e-01  4.59070066e+05 -2.82334297e+01 
 4.64386560e+05  1.97826346e-01  4.64386560e+05 -2.85950391e+01 
 4.69764625e+05  1.89941384e-01  4.69764625e+05 -2.89601934e+01 
 4.75204974e+05  1.81728213e-01  4.75204974e+05 -2.93288972e+01 
 4.80708327e+05  1.73181761e-01  4.80708327e+05 -2.97011547e+01 
 4.86275414e+05  1.64296984e-01  4.86275414e+05 -3.00769696e+01 
 4.91906974e+05  1.55068867e-01  4.91906974e+05 -3.04563453e+01 
 4.97603753e+05  1.45492423e-01  4.97603753e+05 -3.08392847e+01 
 5.03366507e+05  1.35562703e-01  5.03366507e+05 -3.12257903e+01 
 5.09195999e+05  1.25274788e-01  5.09195999e+05 -3.16158639e+01 
 5.15093002e+05  1.14623799e-01  5.15093002e+05 -3.20095073e+01 
 5.21058299e+05  1.03604894e-01  5.21058299e+05 -3.24067215e+01 
 5.27092679e+05  9.22132732e-02  5.27092679e+05 -3.28075072e+01 
 5.33196944e+05  8.04441788e-02  5.33196944e+05 -3.32118647e+01 
 5.39371903e+05  6.82928984e-02  5.39371903e+05 -3.36197938e+01 
 5.45618374e+05  5.57547669e-02  5.45618374e+05 -3.40312940e+01 
 5.51937185e+05  4.28251680e-02  5.51937185e+05 -3.44463642e+01 
 5.58329174e+05  2.94995372e-02  5.58329174e+05 -3.48650030e+01 
 5.64795189e+05  1.57733637e-02  5.64795189e+05 -3.52872085e+01 
 5.71336088e+05  1.64219236e-03  5.71336088e+05 -3.57129786e+01 
 5.77952736e+05 -1.28983733e-02  5.77952736e+05 -3.61423104e+01 
 5.84646012e+05 -2.78526695e-02  5.84646012e+05 -3.65752011e+01 
 5.91416802e+05 -4.32249693e-02  5.91416802e+05 -3.70116470e+01 
 5.98266006e+05 -5.90194802e-02  5.98266006e+05 -3.74516442e+01 
 6.05194529e+05 -7.52403421e-02  6.05194529e+05 -3.78951886e+01 
 6.12203293e+05 -9.18916240e-02  6.12203293e+05 -3.83422754e+01 
 6.19293224e+05 -1.08977322e-01  6.19293224e+05 -3.87928996e+01 
 6.26465265e+05 -1.26501358e-01  6.26465265e+05 -3.92470557e+01 
 6.33720365e+05 -1.44467572e-01  6.33720365e+05 -3.97047380e+01 
 6.41059486e+05 -1.62879727e-01  6.41059486e+05 -4.01659403e+01 
 6.48483601e+05 -1.81741500e-01  6.48483601e+05 -4.06306560e+01 
 6.55993696e+05 -2.01056482e-01  6.55993696e+05 -4.10988783e+01 
 6.63590765e+05 -2.20828174e-01  6.63590765e+05 -4.15705999e+01 
 6.71275815e+05 -2.41059987e-01  6.71275815e+05 -4.20458133e+01 
 6.79049866e+05 -2.61755233e-01  6.79049866e+05 -4.25245106e+01 
 6.86913949e+05 -2.82917128e-01  6.86913949e+05 -4.30066835e+01 
 6.94869105e+05 -3.04548789e-01  6.94869105e+05 -4.34923235e+01 
 7.02916391e+05 -3.26653225e-01  7.02916391e+05 -4.39814218e+01 
 7.11056872e+05 -3.49233341e-01  7.11056872e+05 -4.44739693e+01 
 7.19291628e+05 -3.72291930e-01  7.19291628e+05 -4.49699567e+01 
 7.27621750e+05 -3.95831672e-01  7.27621750e+05 -4.54693742e+01 
 7.36048344e+05 -4.19855132e-01  7.36048344e+05 -4.59722120e+01 
 7.44572527e+05 -4.44364753e-01  7.44572527e+05 -4.64784600e+01 
 7.53195428e+05 -4.69362860e-01  7.53195428e+05 -4.69881077e+01 
 7.61918191e+05 -4.94851647e-01  7.61918191e+05 -4.75011447e+01 
 7.70741972e+05 -5.20833184e-01  7.70741972e+05 -4.80175603e+01 
 7.79667942e+05 -5.47309407e-01  7.79667942e+05 -4.85373435e+01 
 7.88697283e+05 -5.74282117e-01  7.88697283e+05 -4.90604833e+01 
 7.97831193e+05 -6.01752978e-01  7.97831193e+05 -4.95869684e+01 
 8.07070883e+05 -6.29723514e-01  8.07070883e+05 -5.01167877e+01 
 8.16417578e+05 -6.58195104e-01  8.16417578e+05 -5.06499298e+01 
 8.25872518e+05 -6.87168981e-01  8.25872518e+05 -5.11863831e+01 
 8.35436955e+05 -7.16646228e-01  8.35436955e+05 -5.17261363e+01 
 8.45112157e+05 -7.46627775e-01  8.45112157e+05 -5.22691777e+01 
 8.54899409e+05 -7.77114400e-01  8.54899409e+05 -5.28154960e+01 
 8.64800006e+05 -8.08106719e-01  8.64800006e+05 -5.33650796e+01 
 8.74815263e+05 -8.39605191e-01  8.74815263e+05 -5.39179172e+01 
 8.84946506e+05 -8.71610110e-01  8.84946506e+05 -5.44739974e+01 
 8.95195080e+05 -9.04121606e-01  8.95195080e+05 -5.50333089e+01 
 9.05562342e+05 -9.37139639e-01  9.05562342e+05 -5.55958408e+01 
 9.16049667e+05 -9.70664003e-01  9.16049667e+05 -5.61615822e+01 
 9.26658447e+05 -1.00469432e+00  9.26658447e+05 -5.67305223e+01 
 9.37390086e+05 -1.03923002e+00  9.37390086e+05 -5.73026508e+01 
 9.48246009e+05 -1.07427039e+00  9.48246009e+05 -5.78779574e+01 
 9.59227655e+05 -1.10981452e+00  9.59227655e+05 -5.84564322e+01 
 9.70336479e+05 -1.14586132e+00  9.70336479e+05 -5.90380659e+01 
 9.81573954e+05 -1.18240951e+00  9.81573954e+05 -5.96228491e+01 
 9.92941571e+05 -1.21945765e+00  9.92941571e+05 -6.02107732e+01 
 1.00444084e+06 -1.25700411e+00  1.00444084e+06 -6.08018298e+01 
 1.01607327e+06 -1.29504706e+00  1.01607327e+06 -6.13960112e+01 
 1.02784043e+06 -1.33358449e+00  1.02784043e+06 -6.19933101e+01 
 1.03974386e+06 -1.37261423e+00  1.03974386e+06 -6.25937198e+01 
 1.05178514e+06 -1.41213390e+00  1.05178514e+06 -6.31972341e+01 
 1.06396587e+06 -1.45214092e+00  1.06396587e+06 -6.38038477e+01 
 1.07628767e+06 -1.49263255e+00  1.07628767e+06 -6.44135557e+01 
 1.08875217e+06 -1.53360585e+00  1.08875217e+06 -6.50263541e+01 
 1.10136102e+06 -1.57505771e+00  1.10136102e+06 -6.56422396e+01 
 1.11411589e+06 -1.61698480e+00  1.11411589e+06 -6.62612098e+01 
 1.12701847e+06 -1.65938363e+00  1.12701847e+06 -6.68832632e+01 
 1.14007049e+06 -1.70225054e+00  1.14007049e+06 -6.75083990e+01 
 1.15327365e+06 -1.74558164e+00  1.15327365e+06 -6.81366175e+01 
 1.16662972e+06 -1.78937291e+00  1.16662972e+06 -6.87679199e+01 
 1.18014047e+06 -1.83362012e+00  1.18014047e+06 -6.94023087e+01 
 1.19380769e+06 -1.87831886e+00  1.19380769e+06 -7.00397872e+01 
 1.20763319e+06 -1.92346456e+00  1.20763319e+06 -7.06803599e+01 
 1.22161880e+06 -1.96905247e+00  1.22161880e+06 -7.13240326e+01 
 1.23576638e+06 -2.01507768e+00  1.23576638e+06 -7.19708122e+01 
 1.25007780e+06 -2.06153508e+00  1.25007780e+06 -7.26207069e+01 
 1.26455496e+06 -2.10841943e+00  1.26455496e+06 -7.32737265e+01 
 1.27919978e+06 -2.15572532e+00  1.27919978e+06 -7.39298817e+01 
 1.29401421e+06 -2.20344717e+00  1.29401421e+06 -7.45891850e+01 
 1.30900020e+06 -2.25157928e+00  1.30900020e+06 -7.52516503e+01 
 1.32415974e+06 -2.30011576e+00  1.32415974e+06 -7.59172929e+01 
 1.33949485e+06 -2.34905061e+00  1.33949485e+06 -7.65861298e+01 
 1.35500755e+06 -2.39837768e+00  1.35500755e+06 -7.72581796e+01 
 1.37069990e+06 -2.44809068e+00  1.37069990e+06 -7.79334626e+01 
 1.38657399e+06 -2.49818321e+00  1.38657399e+06 -7.86120008e+01 
 1.40263192e+06 -2.54864876e+00  1.40263192e+06 -7.92938180e+01 
 1.41887581e+06 -2.59948067e+00  1.41887581e+06 -7.99789399e+01 
 1.43530782e+06 -2.65067220e+00  1.43530782e+06 -8.06673941e+01 
 1.45193013e+06 -2.70221653e+00  1.45193013e+06 -8.13592099e+01 
 1.46874495e+06 -2.75410671e+00  1.46874495e+06 -8.20544189e+01 
 1.48575450e+06 -2.80633575e+00  1.48575450e+06 -8.27530546e+01 
 1.50296103e+06 -2.85889656e+00  1.50296103e+06 -8.34551526e+01 
 1.52036684e+06 -2.91178200e+00  1.52036684e+06 -8.41607507e+01 
 1.53797422e+06 -2.96498488e+00  1.53797422e+06 -8.48698890e+01 
 1.55578551e+06 -3.01849798e+00  1.55578551e+06 -8.55826096e+01 
 1.57380308e+06 -3.07231404e+00  1.57380308e+06 -8.62989572e+01 
 1.59202931e+06 -3.12642579e+00  1.59202931e+06 -8.70189788e+01 
 1.61046661e+06 -3.18082594e+00  1.61046661e+06 -8.77427236e+01 
 1.62911744e+06 -3.23550725e+00  1.62911744e+06 -8.84702436e+01 
 1.64798426e+06 -3.29046248e+00  1.64798426e+06 -8.92015932e+01 
 1.66706959e+06 -3.34568444e+00  1.66706959e+06 -8.99368292e+01 
 1.68637593e+06 -3.40116599e+00  1.68637593e+06 -9.06760114e+01 
 1.70590587e+06 -3.45690008e+00  1.70590587e+06 -9.14192020e+01 
 1.72566198e+06 -3.51287975e+00  1.72566198e+06 -9.21664660e+01 
 1.74564689e+06 -3.56909815e+00  1.74564689e+06 -9.29178712e+01 
 1.76586324e+06 -3.62554858e+00  1.76586324e+06 -9.36734883e+01 
 1.78631372e+06 -3.68222448e+00  1.78631372e+06 -9.44333907e+01 
 1.80700103e+06 -3.73911948e+00  1.80700103e+06 -9.51976549e+01 
 1.82792793e+06 -3.79622742e+00  1.82792793e+06 -9.59663602e+01 
 1.84909717e+06 -3.85354237e+00  1.84909717e+06 -9.67395889e+01 
 1.87051159e+06 -3.91105864e+00  1.87051159e+06 -9.75174264e+01 
 1.89217400e+06 -3.96877086e+00  1.89217400e+06 -9.82999612e+01 
 1.91408728e+06 -4.02667396e+00  1.91408728e+06 -9.90872846e+01 
 1.93625434e+06 -4.08476322e+00  1.93625434e+06 -9.98794911e+01 
 1.95867812e+06 -4.14303432e+00  1.95867812e+06 -1.00676678e+02 
 1.98136159e+06 -4.20148335e+00  1.98136159e+06 -1.01478947e+02 
 2.00430776e+06 -4.26010686e+00  2.00430776e+06 -1.02286401e+02 
 2.02751966e+06 -4.31890191e+00  2.02751966e+06 -1.03099148e+02 
 2.05100039e+06 -4.37786608e+00  2.05100039e+06 -1.03917296e+02 
 2.07475304e+06 -4.43699757e+00  2.07475304e+06 -1.04740958e+02 
 2.09878077e+06 -4.49629518e+00  2.09878077e+06 -1.05570251e+02 
 2.12308677e+06 -4.55575840e+00  2.12308677e+06 -1.06405294e+02 
 2.14767426e+06 -4.61538746e+00  2.14767426e+06 -1.07246206e+02 
 2.17254649e+06 -4.67518336e+00  2.17254649e+06 -1.08093112e+02 
 2.19770677e+06 -4.73514795e+00  2.19770677e+06 -1.08946139e+02 
 2.22315843e+06 -4.79528395e+00  2.22315843e+06 -1.09805415e+02 
 2.24890485e+06 -4.85559506e+00  2.24890485e+06 -1.10671072e+02 
 2.27494944e+06 -4.91608597e+00  2.27494944e+06 -1.11543240e+02 
 2.30129565e+06 -4.97676244e+00  2.30129565e+06 -1.12422056e+02 
 2.32794697e+06 -5.03763138e+00  2.32794697e+06 -1.13307655e+02 
 2.35490695e+06 -5.09870090e+00  2.35490695e+06 -1.14200174e+02 
 2.38217915e+06 -5.15998034e+00  2.38217915e+06 -1.15099749e+02 
 2.40976718e+06 -5.22148041e+00  2.40976718e+06 -1.16006519e+02 
 2.43767472e+06 -5.28321317e+00  2.43767472e+06 -1.16920622e+02 
 2.46590545e+06 -5.34519216e+00  2.46590545e+06 -1.17842193e+02 
 2.49446313e+06 -5.40743241e+00  2.49446313e+06 -1.18771368e+02 
 2.52335153e+06 -5.46995055e+00  2.52335153e+06 -1.19708281e+02 
 2.55257448e+06 -5.53276481e+00  2.55257448e+06 -1.20653063e+02 
 2.58213587e+06 -5.59589512e+00  2.58213587e+06 -1.21605841e+02 
 2.61203961e+06 -5.65936313e+00  2.61203961e+06 -1.22566738e+02 
 2.64228966e+06 -5.72319224e+00  2.64228966e+06 -1.23535873e+02 
 2.67289004e+06 -5.78740767e+00  2.67289004e+06 -1.24513359e+02 
 2.70384481e+06 -5.85203645e+00  2.70384481e+06 -1.25499300e+02 
 2.73515806e+06 -5.91710745e+00  2.73515806e+06 -1.26493795e+02 
 2.76683395e+06 -5.98265136e+00  2.76683395e+06 -1.27496931e+02 
 2.79887667e+06 -6.04870072e+00  2.79887667e+06 -1.28508788e+02 
 2.83129049e+06 -6.11528983e+00  2.83129049e+06 -1.29529430e+02 
 2.86407969e+06 -6.18245476e+00  2.86407969e+06 -1.30558913e+02 
 2.89724862e+06 -6.25023327e+00  2.89724862e+06 -1.31597277e+02 
 2.93080168e+06 -6.31866471e+00  2.93080168e+06 -1.32644545e+02 
 2.96474332e+06 -6.38778994e+00  2.96474332e+06 -1.33700726e+02 
 2.99907804e+06 -6.45765119e+00  2.99907804e+06 -1.34765809e+02 
 3.03381039e+06 -6.52829190e+00  3.03381039e+06 -1.35839766e+02 
 3.06894498e+06 -6.59975656e+00  3.06894498e+06 -1.36922546e+02 
 3.10448646e+06 -6.67209052e+00  3.10448646e+06 -1.38014078e+02 
 3.14043954e+06 -6.74533971e+00  3.14043954e+06 -1.39114268e+02 
 3.17680900e+06 -6.81955044e+00  3.17680900e+06 -1.40222998e+02 
 3.21359965e+06 -6.89476913e+00  3.21359965e+06 -1.41340124e+02 
 3.25081638e+06 -6.97104194e+00  3.25081638e+06 -1.42465478e+02 
 3.28846411e+06 -7.04841453e+00  3.28846411e+06 -1.43598867e+02 
 3.32654785e+06 -7.12693165e+00  3.32654785e+06 -1.44740071e+02 
 3.36507263e+06 -7.20663684e+00  3.36507263e+06 -1.45888842e+02 
 3.40404356e+06 -7.28757202e+00  3.40404356e+06 -1.47044909e+02 
 3.44346582e+06 -7.36977714e+00  3.44346582e+06 -1.48207972e+02 
 3.48334463e+06 -7.45328978e+00  3.48334463e+06 -1.49377709e+02 
 3.52368527e+06 -7.53814480e+00  3.52368527e+06 -1.50553772e+02 
 3.56449310e+06 -7.62437394e+00  3.56449310e+06 -1.51735792e+02 
 3.60577353e+06 -7.71200550e+00  3.60577353e+06 -1.52923377e+02 
 3.64753203e+06 -7.80106397e+00  3.64753203e+06 -1.54116119e+02 
 3.68977413e+06 -7.89156978e+00  3.68977413e+06 -1.55313590e+02 
 3.73250543e+06 -7.98353899e+00  3.73250543e+06 -1.56515349e+02 
 3.77573161e+06 -8.07698308e+00  3.77573161e+06 -1.57720944e+02 
 3.81945839e+06 -8.17190878e+00  3.81945839e+06 -1.58929913e+02 
 3.86369158e+06 -8.26831789e+00  3.86369158e+06 -1.60141790e+02 
 3.90843702e+06 -8.36620726e+00  3.90843702e+06 -1.61356105e+02 
 3.95370067e+06 -8.46556874e+00  3.95370067e+06 -1.62572389e+02 
 3.99948851e+06 -8.56638922e+00  3.99948851e+06 -1.63790178e+02 
 4.04580662e+06 -8.66865074e+00  4.04580662e+06 -1.65009015e+02 
 4.09266114e+06 -8.77233061e+00  4.09266114e+06 -1.66228453e+02 
 4.14005829e+06 -8.87740167e+00  4.14005829e+06 -1.67448061e+02 
 4.18800434e+06 -8.98383250e+00  4.18800434e+06 -1.68667420e+02 
 4.23650566e+06 -9.09158778e+00  4.23650566e+06 -1.69886136e+02 
 4.28556866e+06 -9.20062863e+00  4.28556866e+06 -1.71103830e+02 
 4.33519987e+06 -9.31091296e+00  4.33519987e+06 -1.72320153e+02 
 4.38540586e+06 -9.42239595e+00  4.38540586e+06 -1.73534776e+02 
 4.43619329e+06 -9.53503045e+00  4.43619329e+06 -1.74747400e+02 
 4.48756888e+06 -9.64876747e+00  4.48756888e+06 -1.75957752e+02 
 4.53953946e+06 -9.76355660e+00  4.53953946e+06 -1.77165588e+02 
 4.59211190e+06 -9.87934650e+00  4.59211190e+06 -1.78370691e+02 
 4.64529319e+06 -9.99608537e+00  4.64529319e+06 -1.79572876e+02 
 4.69909037e+06 -1.01137213e+01  4.69909037e+06  1.79228019e+02 
 4.75351058e+06 -1.02322029e+01  4.75351058e+06  1.78032124e+02 
 4.80856103e+06 -1.03514795e+01  4.80856103e+06  1.76839545e+02 
 4.86424902e+06 -1.04715013e+01  4.86424902e+06  1.75650363e+02 
 4.92058193e+06 -1.05922204e+01  4.92058193e+06  1.74464635e+02 
 4.97756723e+06 -1.07135903e+01  4.97756723e+06  1.73282396e+02 
 5.03521248e+06 -1.08355667e+01  5.03521248e+06  1.72103660e+02 
 5.09352532e+06 -1.09581074e+01  5.09352532e+06  1.70928424e+02 
 5.15251348e+06 -1.10811728e+01  5.15251348e+06  1.69756669e+02 
 5.21218479e+06 -1.12047255e+01  5.21218479e+06  1.68588360e+02 
 5.27254715e+06 -1.13287309e+01  5.27254715e+06  1.67423450e+02 
 5.33360856e+06 -1.14531572e+01  5.33360856e+06  1.66261884e+02 
 5.39537713e+06 -1.15779751e+01  5.39537713e+06  1.65103596e+02 
 5.45786104e+06 -1.17031582e+01  5.45786104e+06  1.63948514e+02 
 5.52106858e+06 -1.18286826e+01  5.52106858e+06  1.62796562e+02 
 5.58500812e+06 -1.19545272e+01  5.58500812e+06  1.61647660e+02 
 5.64968815e+06 -1.20806735e+01  5.64968815e+06  1.60501728e+02 
 5.71511724e+06 -1.22071050e+01  5.71511724e+06  1.59358683e+02 
 5.78130406e+06 -1.23338082e+01  5.78130406e+06  1.58218446e+02 
 5.84825740e+06 -1.24607713e+01  5.84825740e+06  1.57080939e+02 
 5.91598612e+06 -1.25879848e+01  5.91598612e+06  1.55946087e+02 
 5.98449920e+06 -1.27154411e+01  5.98449920e+06  1.54813821e+02 
 6.05380574e+06 -1.28431342e+01  6.05380574e+06  1.53684074e+02 
 6.12391492e+06 -1.29710601e+01  6.12391492e+06  1.52556788e+02 
 6.19483603e+06 -1.30992159e+01  6.19483603e+06  1.51431907e+02 
 6.26657849e+06 -1.32276002e+01  6.26657849e+06  1.50309387e+02 
 6.33915179e+06 -1.33562127e+01  6.33915179e+06  1.49189185e+02 
 6.41256556e+06 -1.34850542e+01  6.41256556e+06  1.48071268e+02 
 6.48682954e+06 -1.36141262e+01  6.48682954e+06  1.46955611e+02 
 6.56195357e+06 -1.37434310e+01  6.56195357e+06  1.45842193e+02 
 6.63794761e+06 -1.38729717e+01  6.63794761e+06  1.44731003e+02 
 6.71482174e+06 -1.40027514e+01  6.71482174e+06  1.43622034e+02 
 6.79258615e+06 -1.41327740e+01  6.79258615e+06  1.42515288e+02 
 6.87125115e+06 -1.42630435e+01  6.87125115e+06  1.41410771e+02 
 6.95082717e+06 -1.43935639e+01  6.95082717e+06  1.40308498e+02 
 7.03132476e+06 -1.45243395e+01  7.03132476e+06  1.39208487e+02 
 7.11275460e+06 -1.46553743e+01  7.11275460e+06  1.38110763e+02 
 7.19512747e+06 -1.47866723e+01  7.19512747e+06  1.37015355e+02 
 7.27845431e+06 -1.49182374e+01  7.27845431e+06  1.35922296e+02 
 7.36274615e+06 -1.50500731e+01  7.36274615e+06  1.34831624e+02 
 7.44801418e+06 -1.51821826e+01  7.44801418e+06  1.33743382e+02 
 7.53426970e+06 -1.53145689e+01  7.53426970e+06  1.32657613e+02 
 7.62152414e+06 -1.54472344e+01  7.62152414e+06  1.31574365e+02 
 7.70978908e+06 -1.55801813e+01  7.70978908e+06  1.30493688e+02 
 7.79907622e+06 -1.57134112e+01  7.79907622e+06  1.29415632e+02 
 7.88939739e+06 -1.58469252e+01  7.88939739e+06  1.28340250e+02 
 7.98076457e+06 -1.59807241e+01  7.98076457e+06  1.27267597e+02 
 8.07318988e+06 -1.61148080e+01  8.07318988e+06  1.26197726e+02 
 8.16668556e+06 -1.62491766e+01  8.16668556e+06  1.25130692e+02 
 8.26126402e+06 -1.63838291e+01  8.26126402e+06  1.24066548e+02 
 8.35693779e+06 -1.65187641e+01  8.35693779e+06  1.23005348e+02 
 8.45371956e+06 -1.66539798e+01  8.45371956e+06  1.21947145e+02 
 8.55162216e+06 -1.67894740e+01  8.55162216e+06  1.20891989e+02 
 8.65065857e+06 -1.69252439e+01  8.65065857e+06  1.19839930e+02 
 8.75084193e+06 -1.70612862e+01  8.75084193e+06  1.18791016e+02 
 8.85218551e+06 -1.71975974e+01  8.85218551e+06  1.17745291e+02 
 8.95470275e+06 -1.73341732e+01  8.95470275e+06  1.16702799e+02 
 9.05840724e+06 -1.74710095e+01  9.05840724e+06  1.15663579e+02 
 9.16331273e+06 -1.76081012e+01  9.16331273e+06  1.14627669e+02 
 9.26943314e+06 -1.77454432e+01  9.26943314e+06  1.13595103e+02 
 9.37678253e+06 -1.78830302e+01  9.37678253e+06  1.12565912e+02 
 9.48537513e+06 -1.80208563e+01  9.48537513e+06  1.11540123e+02 
 9.59522534e+06 -1.81589156e+01  9.59522534e+06  1.10517761e+02 
 9.70634773e+06 -1.82972019e+01  9.70634773e+06  1.09498847e+02 
 9.81875703e+06 -1.84357087e+01  9.81875703e+06  1.08483395e+02 
 9.93246814e+06 -1.85744294e+01  9.93246814e+06  1.07471421e+02 
 1.00474961e+07 -1.87133574e+01  1.00474961e+07  1.06462932e+02 
 1.01638563e+07 -1.88524858e+01  1.01638563e+07  1.05457934e+02 
 1.02815640e+07 -1.89918077e+01  1.02815640e+07  1.04456428e+02 
 1.04006349e+07 -1.91313161e+01  1.04006349e+07  1.03458412e+02 
 1.05210847e+07 -1.92710041e+01  1.05210847e+07  1.02463879e+02 
 1.06429295e+07 -1.94108647e+01  1.06429295e+07  1.01472819e+02 
 1.07661854e+07 -1.95508908e+01  1.07661854e+07  1.00485217e+02 
 1.08908687e+07 -1.96910757e+01  1.08908687e+07  9.95010560e+01 
 1.10169959e+07 -1.98314124e+01  1.10169959e+07  9.85203138e+01 
 1.11445838e+07 -1.99718943e+01  1.11445838e+07  9.75429650e+01 
 1.12736493e+07 -2.01125147e+01  1.12736493e+07  9.65689807e+01 
 1.14042096e+07 -2.02532672e+01  1.14042096e+07  9.55983283e+01 
 1.15362818e+07 -2.03941454e+01  1.15362818e+07  9.46309721e+01 
 1.16698836e+07 -2.05351433e+01  1.16698836e+07  9.36668727e+01 
 1.18050326e+07 -2.06762549e+01  1.18050326e+07  9.27059877e+01 
 1.19417468e+07 -2.08174745e+01  1.19417468e+07  9.17482717e+01 
 1.20800443e+07 -2.09587967e+01  1.20800443e+07  9.07936762e+01 
 1.22199434e+07 -2.11002162e+01  1.22199434e+07  8.98421498e+01 
 1.23614627e+07 -2.12417281e+01  1.23614627e+07  8.88936385e+01 
 1.25046209e+07 -2.13833276e+01  1.25046209e+07  8.79480857e+01 
 1.26494370e+07 -2.15250103e+01  1.26494370e+07  8.70054323e+01 
 1.27959303e+07 -2.16667721e+01  1.27959303e+07  8.60656170e+01 
 1.29441200e+07 -2.18086093e+01  1.29441200e+07  8.51285763e+01 
 1.30940260e+07 -2.19505182e+01  1.30940260e+07  8.41942444e+01 
 1.32456680e+07 -2.20924957e+01  1.32456680e+07  8.32625540e+01 
 1.33990662e+07 -2.22345389e+01  1.33990662e+07  8.23334359e+01 
 1.35542409e+07 -2.23766452e+01  1.35542409e+07  8.14068193e+01 
 1.37112127e+07 -2.25188125e+01  1.37112127e+07  8.04826320e+01 
 1.38700024e+07 -2.26610388e+01  1.38700024e+07  7.95608003e+01 
 1.40306310e+07 -2.28033225e+01  1.40306310e+07  7.86412495e+01 
 1.41931199e+07 -2.29456625e+01  1.41931199e+07  7.77239040e+01 
 1.43574905e+07 -2.30880579e+01  1.43574905e+07  7.68086871e+01 
 1.45237648e+07 -2.32305080e+01  1.45237648e+07  7.58955214e+01 
 1.46919646e+07 -2.33730127e+01  1.46919646e+07  7.49843289e+01 
 1.48621124e+07 -2.35155721e+01  1.48621124e+07  7.40750313e+01 
 1.50342306e+07 -2.36581867e+01  1.50342306e+07  7.31675498e+01 
 1.52083422e+07 -2.38008571e+01  1.52083422e+07  7.22618054e+01 
 1.53844701e+07 -2.39435845e+01  1.53844701e+07  7.13577192e+01 
 1.55626378e+07 -2.40863702e+01  1.55626378e+07  7.04552121e+01 
 1.57428689e+07 -2.42292160e+01  1.57428689e+07  6.95542055e+01 
 1.59251872e+07 -2.43721239e+01  1.59251872e+07  6.86546209e+01 
 1.61096169e+07 -2.45150963e+01  1.61096169e+07  6.77563803e+01 
 1.62961825e+07 -2.46581356e+01  1.62961825e+07  6.68594064e+01 
 1.64849088e+07 -2.48012449e+01  1.64849088e+07  6.59636223e+01 
 1.66758206e+07 -2.49444273e+01  1.66758206e+07  6.50689521e+01 
 1.68689435e+07 -2.50876862e+01  1.68689435e+07  6.41753207e+01 
 1.70643029e+07 -2.52310254e+01  1.70643029e+07  6.32826541e+01 
 1.72619247e+07 -2.53744488e+01  1.72619247e+07  6.23908794e+01 
 1.74618352e+07 -2.55179606e+01  1.74618352e+07  6.14999248e+01 
 1.76640609e+07 -2.56615653e+01  1.76640609e+07  6.06097200e+01 
 1.78686285e+07 -2.58052675e+01  1.78686285e+07  5.97201959e+01 
 1.80755653e+07 -2.59490722e+01  1.80755653e+07  5.88312851e+01 
 1.82848985e+07 -2.60929843e+01  1.82848985e+07  5.79429217e+01 
 1.84966561e+07 -2.62370093e+01  1.84966561e+07  5.70550415e+01 
 1.87108661e+07 -2.63811527e+01  1.87108661e+07  5.61675822e+01 
 1.89275568e+07 -2.65254199e+01  1.89275568e+07  5.52804832e+01 
 1.91467570e+07 -2.66698170e+01  1.91467570e+07  5.43936858e+01 
 1.93684957e+07 -2.68143498e+01  1.93684957e+07  5.35071335e+01 
 1.95928024e+07 -2.69590246e+01  1.95928024e+07  5.26207719e+01 
 1.98197069e+07 -2.71038474e+01  1.98197069e+07  5.17345485e+01 
 2.00492391e+07 -2.72488249e+01  2.00492391e+07  5.08484133e+01 
 2.02814295e+07 -2.73939633e+01  2.02814295e+07  4.99623184e+01 
 2.05163089e+07 -2.75392694e+01  2.05163089e+07  4.90762186e+01 
 2.07539085e+07 -2.76847498e+01  2.07539085e+07  4.81900708e+01 
 2.09942597e+07 -2.78304113e+01  2.09942597e+07  4.73038344e+01 
 2.12373944e+07 -2.79762607e+01  2.12373944e+07  4.64174717e+01 
 2.14833448e+07 -2.81223049e+01  2.14833448e+07  4.55309471e+01 
 2.17321436e+07 -2.82685508e+01  2.17321436e+07  4.46442281e+01 
 2.19838238e+07 -2.84150054e+01  2.19838238e+07  4.37572847e+01 
 2.22384186e+07 -2.85616757e+01  2.22384186e+07  4.28700896e+01 
 2.24959620e+07 -2.87085686e+01  2.24959620e+07  4.19826185e+01 
 2.27564879e+07 -2.88556912e+01  2.27564879e+07  4.10948498e+01 
 2.30200310e+07 -2.90030504e+01  2.30200310e+07  4.02067648e+01 
 2.32866262e+07 -2.91506531e+01  2.32866262e+07  3.93183477e+01 
 2.35563088e+07 -2.92985063e+01  2.35563088e+07  3.84295858e+01 
 2.38291146e+07 -2.94466169e+01  2.38291146e+07  3.75404693e+01 
 2.41050798e+07 -2.95949916e+01  2.41050798e+07  3.66509915e+01 
 2.43842409e+07 -2.97436372e+01  2.43842409e+07  3.57611485e+01 
 2.46666350e+07 -2.98925602e+01  2.46666350e+07  3.48709399e+01 
 2.49522996e+07 -3.00417674e+01  2.49522996e+07  3.39803681e+01 
 2.52412724e+07 -3.01912650e+01  2.52412724e+07  3.30894388e+01 
 2.55335918e+07 -3.03410595e+01  2.55335918e+07  3.21981607e+01 
 2.58292965e+07 -3.04911570e+01  2.58292965e+07  3.13065459e+01 
 2.61284258e+07 -3.06415636e+01  2.61284258e+07  3.04146095e+01 
 2.64310194e+07 -3.07922852e+01  2.64310194e+07  2.95223699e+01 
 2.67371172e+07 -3.09433275e+01  2.67371172e+07  2.86298487e+01 
 2.70467600e+07 -3.10946960e+01  2.70467600e+07  2.77370707e+01 
 2.73599888e+07 -3.12463963e+01  2.73599888e+07  2.68440640e+01 
 2.76768451e+07 -3.13984333e+01  2.76768451e+07  2.59508598e+01 
 2.79973709e+07 -3.15508121e+01  2.79973709e+07  2.50574926e+01 
 2.83216087e+07 -3.17035375e+01  2.83216087e+07  2.41640003e+01 
 2.86496015e+07 -3.18566139e+01  2.86496015e+07  2.32704239e+01 
 2.89813928e+07 -3.20100456e+01  2.89813928e+07  2.23768075e+01 
 2.93170265e+07 -3.21638367e+01  2.93170265e+07  2.14831986e+01 
 2.96565473e+07 -3.23179908e+01  2.96565473e+07  2.05896479e+01 
 3.00000000e+07 -3.24725114e+01  3.00000000e+07  1.96962091e+01 
