 2.00000000e-01 -8.49704674e+00  2.00000000e-01  6.78862542e+01 
 2.02316202e-01 -8.41134731e+00  2.02316202e-01  6.76552211e+01 
 2.04659228e-01 -8.32593267e+00  2.04659228e-01  6.74222889e+01 
 2.07029388e-01 -8.24080749e+00  2.07029388e-01  6.71874577e+01 
 2.09426997e-01 -8.15597649e+00  2.09426997e-01  6.69507279e+01 
 2.11852373e-01 -8.07144444e+00  2.11852373e-01  6.67121004e+01 
 2.14305837e-01 -7.98721611e+00  2.14305837e-01  6.64715767e+01 
 2.16787715e-01 -7.90329634e+00  2.16787715e-01  6.62291589e+01 
 2.19298335e-01 -7.81968998e+00  2.19298335e-01  6.59848495e+01 
 2.21838031e-01 -7.73640193e+00  2.21838031e-01  6.57386516e+01 
 2.24407140e-01 -7.65343708e+00  2.24407140e-01  6.54905690e+01 
 2.27006001e-01 -7.57080039e+00  2.27006001e-01  6.52406059e+01 
 2.29634959e-01 -7.48849683e+00  2.29634959e-01  6.49887674e+01 
 2.32294364e-01 -7.40653139e+00  2.32294364e-01  6.47350590e+01 
 2.34984567e-01 -7.32490908e+00  2.34984567e-01  6.44794868e+01 
 2.37705925e-01 -7.24363492e+00  2.37705925e-01  6.42220576e+01 
 2.40458800e-01 -7.16271398e+00  2.40458800e-01  6.39627788e+01 
 2.43243555e-01 -7.08215132e+00  2.43243555e-01  6.37016586e+01 
 2.46060561e-01 -7.00195201e+00  2.46060561e-01  6.34387057e+01 
 2.48910190e-01 -6.92212114e+00  2.48910190e-01  6.31739296e+01 
 2.51792821e-01 -6.84266380e+00  2.51792821e-01  6.29073404e+01 
 2.54708836e-01 -6.76358510e+00  2.54708836e-01  6.26389489e+01 
 2.57658622e-01 -6.68489014e+00  2.57658622e-01  6.23687667e+01 
 2.60642568e-01 -6.60658401e+00  2.60642568e-01  6.20968060e+01 
 2.63661072e-01 -6.52867184e+00  2.63661072e-01  6.18230797e+01 
 2.66714534e-01 -6.45115869e+00  2.66714534e-01  6.15476016e+01 
 2.69803357e-01 -6.37404967e+00  2.69803357e-01  6.12703861e+01 
 2.72927952e-01 -6.29734985e+00  2.72927952e-01  6.09914483e+01 
 2.76088733e-01 -6.22106429e+00  2.76088733e-01  6.07108042e+01 
 2.79286119e-01 -6.14519804e+00  2.79286119e-01  6.04284704e+01 
 2.82520534e-01 -6.06975611e+00  2.82520534e-01  6.01444643e+01 
 2.85792407e-01 -5.99474350e+00  2.85792407e-01  5.98588041e+01 
 2.89102171e-01 -5.92016520e+00  2.89102171e-01  5.95715087e+01 
 2.92450266e-01 -5.84602613e+00  2.92450266e-01  5.92825979e+01 
 2.95837135e-01 -5.77233121e+00  2.95837135e-01  5.89920920e+01 
 2.99263228e-01 -5.69908531e+00  2.99263228e-01  5.87000124e+01 
 3.02728998e-01 -5.62629327e+00  3.02728998e-01  5.84063809e+01 
 3.06234905e-01 -5.55395986e+00  3.06234905e-01  5.81112205e+01 
 3.09781414e-01 -5.48208982e+00  3.09781414e-01  5.78145545e+01 
 3.13368996e-01 -5.41068786e+00  3.13368996e-01  5.75164073e+01 
 3.16998125e-01 -5.33975859e+00  3.16998125e-01  5.72168041e+01 
 3.20669283e-01 -5.26930660e+00  3.20669283e-01  5.69157704e+01 
 3.24382957e-01 -5.19933641e+00  3.24382957e-01  5.66133331e+01 
 3.28139639e-01 -5.12985245e+00  3.28139639e-01  5.63095193e+01 
 3.31939827e-01 -5.06085912e+00  3.31939827e-01  5.60043571e+01 
 3.35784025e-01 -4.99236072e+00  3.35784025e-01  5.56978753e+01 
 3.39672743e-01 -4.92436148e+00  3.39672743e-01  5.53901034e+01 
 3.43606496e-01 -4.85686555e+00  3.43606496e-01  5.50810717e+01 
 3.47585805e-01 -4.78987702e+00  3.47585805e-01  5.47708111e+01 
 3.51611200e-01 -4.72339985e+00  3.51611200e-01  5.44593533e+01 
 3.55683212e-01 -4.65743794e+00  3.55683212e-01  5.41467306e+01 
 3.59802383e-01 -4.59199510e+00  3.59802383e-01  5.38329760e+01 
 3.63969257e-01 -4.52707502e+00  3.63969257e-01  5.35181232e+01 
 3.68184388e-01 -4.46268131e+00  3.68184388e-01  5.32022064e+01 
 3.72448335e-01 -4.39881746e+00  3.72448335e-01  5.28852607e+01 
 3.76761663e-01 -4.33548687e+00  3.76761663e-01  5.25673216e+01 
 3.81124943e-01 -4.27269282e+00  3.81124943e-01  5.22484252e+01 
 3.85538754e-01 -4.21043848e+00  3.85538754e-01  5.19286084e+01 
 3.90003682e-01 -4.14872690e+00  3.90003682e-01  5.16079084e+01 
 3.94520318e-01 -4.08756102e+00  3.94520318e-01  5.12863631e+01 
 3.99089261e-01 -4.02694364e+00  3.99089261e-01  5.09640109e+01 
 4.03711118e-01 -3.96687745e+00  4.03711118e-01  5.06408907e+01 
 4.08386500e-01 -3.90736502e+00  4.08386500e-01  5.03170417e+01 
 4.13116027e-01 -3.84840876e+00  4.13116027e-01  4.99925039e+01 
 4.17900328e-01 -3.79001099e+00  4.17900328e-01  4.96673176e+01 
 4.22740035e-01 -3.73217385e+00  4.22740035e-01  4.93415234e+01 
 4.27635791e-01 -3.67489938e+00  4.27635791e-01  4.90151623e+01 
 4.32588245e-01 -3.61818946e+00  4.32588245e-01  4.86882759e+01 
 4.37598053e-01 -3.56204583e+00  4.37598053e-01  4.83609059e+01 
 4.42665880e-01 -3.50647011e+00  4.42665880e-01  4.80330944e+01 
 4.47792398e-01 -3.45146374e+00  4.47792398e-01  4.77048837e+01 
 4.52978286e-01 -3.39702804e+00  4.52978286e-01  4.73763166e+01 
 4.58224231e-01 -3.34316418e+00  4.58224231e-01  4.70474359e+01 
 4.63530930e-01 -3.28987316e+00  4.63530930e-01  4.67182847e+01 
 4.68899086e-01 -3.23715587e+00  4.68899086e-01  4.63889062e+01 
 4.74329410e-01 -3.18501301e+00  4.74329410e-01  4.60593438e+01 
 4.79822623e-01 -3.13344515e+00  4.79822623e-01  4.57296411e+01 
 4.85379453e-01 -3.08245271e+00  4.85379453e-01  4.53998418e+01 
 4.91000637e-01 -3.03203594e+00  4.91000637e-01  4.50699894e+01 
 4.96686920e-01 -2.98219495e+00  4.96686920e-01  4.47401277e+01 
 5.02439056e-01 -2.93292971e+00  5.02439056e-01  4.44103005e+01 
 5.08257807e-01 -2.88424001e+00  5.08257807e-01  4.40805514e+01 
 5.14143945e-01 -2.83612550e+00  5.14143945e-01  4.37509242e+01 
 5.20098251e-01 -2.78858568e+00  5.20098251e-01  4.34214623e+01 
 5.26121513e-01 -2.74161991e+00  5.26121513e-01  4.30922093e+01 
 5.32214531e-01 -2.69522737e+00  5.32214531e-01  4.27632084e+01 
 5.38378112e-01 -2.64940712e+00  5.38378112e-01  4.24345029e+01 
 5.44613074e-01 -2.60415805e+00  5.44613074e-01  4.21061356e+01 
 5.50920243e-01 -2.55947892e+00  5.50920243e-01  4.17781495e+01 
 5.57300455e-01 -2.51536832e+00  5.57300455e-01  4.14505868e+01 
 5.63754556e-01 -2.47182471e+00  5.63754556e-01  4.11234899e+01 
 5.70283403e-01 -2.42884641e+00  5.70283403e-01  4.07969007e+01 
 5.76887860e-01 -2.38643160e+00  5.76887860e-01  4.04708608e+01 
 5.83568804e-01 -2.34457830e+00  5.83568804e-01  4.01454113e+01 
 5.90327119e-01 -2.30328441e+00  5.90327119e-01  3.98205932e+01 
 5.97163703e-01 -2.26254770e+00  5.97163703e-01  3.94964469e+01 
 6.04079461e-01 -2.22236578e+00  6.04079461e-01  3.91730124e+01 
 6.11075310e-01 -2.18273616e+00  6.11075310e-01  3.88503292e+01 
 6.18152179e-01 -2.14365620e+00  6.18152179e-01  3.85284366e+01 
 6.25311005e-01 -2.10512315e+00  6.25311005e-01  3.82073730e+01 
 6.32552737e-01 -2.06713411e+00  6.32552737e-01  3.78871766e+01 
 6.39878336e-01 -2.02968609e+00  6.39878336e-01  3.75678849e+01 
 6.47288773e-01 -1.99277597e+00  6.47288773e-01  3.72495348e+01 
 6.54785030e-01 -1.95640052e+00  6.54785030e-01  3.69321629e+01 
 6.62368101e-01 -1.92055639e+00  6.62368101e-01  3.66158049e+01 
 6.70038992e-01 -1.88524012e+00  6.70038992e-01  3.63004961e+01 
 6.77798719e-01 -1.85044815e+00  6.77798719e-01  3.59862710e+01 
 6.85648312e-01 -1.81617684e+00  6.85648312e-01  3.56731636e+01 
 6.93588812e-01 -1.78242241e+00  6.93588812e-01  3.53612071e+01 
 7.01621270e-01 -1.74918101e+00  7.01621270e-01  3.50504343e+01 
 7.09746752e-01 -1.71644870e+00  7.09746752e-01  3.47408769e+01 
 7.17966335e-01 -1.68422144e+00  7.17966335e-01  3.44325664e+01 
 7.26281110e-01 -1.65249512e+00  7.26281110e-01  3.41255331e+01 
 7.34692178e-01 -1.62126554e+00  7.34692178e-01  3.38198070e+01 
 7.43200655e-01 -1.59052841e+00  7.43200655e-01  3.35154171e+01 
 7.51807668e-01 -1.56027940e+00  7.51807668e-01  3.32123919e+01 
 7.60514359e-01 -1.53051407e+00  7.60514359e-01  3.29107589e+01 
 7.69321883e-01 -1.50122795e+00  7.69321883e-01  3.26105450e+01 
 7.78231406e-01 -1.47241647e+00  7.78231406e-01  3.23117764e+01 
 7.87244111e-01 -1.44407504e+00  7.87244111e-01  3.20144785e+01 
 7.96361192e-01 -1.41619898e+00  7.96361192e-01  3.17186758e+01 
 8.05583858e-01 -1.38878358e+00  8.05583858e-01  3.14243922e+01 
 8.14913332e-01 -1.36182406e+00  8.14913332e-01  3.11316509e+01 
 8.24350851e-01 -1.33531562e+00  8.24350851e-01  3.08404741e+01 
 8.33897665e-01 -1.30925341e+00  8.33897665e-01  3.05508833e+01 
 8.43555041e-01 -1.28363252e+00  8.43555041e-01  3.02628995e+01 
 8.53324260e-01 -1.25844802e+00  8.53324260e-01  2.99765425e+01 
 8.63206616e-01 -1.23369497e+00  8.63206616e-01  2.96918317e+01 
 8.73203419e-01 -1.20936837e+00  8.73203419e-01  2.94087856e+01 
 8.83315996e-01 -1.18546321e+00  8.83315996e-01  2.91274218e+01 
 8.93545686e-01 -1.16197445e+00  8.93545686e-01  2.88477575e+01 
 9.03893847e-01 -1.13889704e+00  9.03893847e-01  2.85698087e+01 
 9.14361849e-01 -1.11622591e+00  9.14361849e-01  2.82935909e+01 
 9.24951082e-01 -1.09395598e+00  9.24951082e-01  2.80191190e+01 
 9.35662949e-01 -1.07208215e+00  9.35662949e-01  2.77464069e+01 
 9.46498870e-01 -1.05059934e+00  9.46498870e-01  2.74754678e+01 
 9.57460281e-01 -1.02950242e+00  9.57460281e-01  2.72063144e+01 
 9.68548637e-01 -1.00878631e+00  9.68548637e-01  2.69389585e+01 
 9.79765408e-01 -9.88445892e-01  9.79765408e-01  2.66734111e+01 
 9.91112080e-01 -9.68476080e-01  9.91112080e-01  2.64096827e+01 
 1.00259016e+00 -9.48871779e-01  1.00259016e+00  2.61477830e+01 
 1.01420116e+00 -9.29627907e-01  1.01420116e+00  2.58877212e+01 
 1.02594664e+00 -9.10739395e-01  1.02594664e+00  2.56295055e+01 
 1.03782813e+00 -8.92201186e-01  1.03782813e+00  2.53731438e+01 
 1.04984723e+00 -8.74008242e-01  1.04984723e+00  2.51186430e+01 
 1.06200552e+00 -8.56155539e-01  1.06200552e+00  2.48660096e+01 
 1.07430462e+00 -8.38638079e-01  1.07430462e+00  2.46152494e+01 
 1.08674615e+00 -8.21450882e-01  1.08674615e+00  2.43663676e+01 
 1.09933176e+00 -8.04588995e-01  1.09933176e+00  2.41193687e+01 
 1.11206313e+00 -7.88047489e-01  1.11206313e+00  2.38742568e+01 
 1.12494195e+00 -7.71821466e-01  1.12494195e+00  2.36310352e+01 
 1.13796991e+00 -7.55906057e-01  1.13796991e+00  2.33897067e+01 
 1.15114875e+00 -7.40296421e-01  1.15114875e+00  2.31502737e+01 
 1.16448021e+00 -7.24987755e-01  1.16448021e+00  2.29127377e+01 
 1.17796607e+00 -7.09975288e-01  1.17796607e+00  2.26771000e+01 
 1.19160810e+00 -6.95254284e-01  1.19160810e+00  2.24433612e+01 
 1.20540813e+00 -6.80820046e-01  1.20540813e+00  2.22115215e+01 
 1.21936797e+00 -6.66667915e-01  1.21936797e+00  2.19815804e+01 
 1.23348948e+00 -6.52793271e-01  1.23348948e+00  2.17535372e+01 
 1.24777453e+00 -6.39191534e-01  1.24777453e+00  2.15273904e+01 
 1.26222502e+00 -6.25858169e-01  1.26222502e+00  2.13031383e+01 
 1.27684286e+00 -6.12788680e-01  1.27684286e+00  2.10807787e+01 
 1.29162999e+00 -5.99978618e-01  1.29162999e+00  2.08603088e+01 
 1.30658837e+00 -5.87423575e-01  1.30658837e+00  2.06417256e+01 
 1.32171998e+00 -5.75119193e-01  1.32171998e+00  2.04250255e+01 
 1.33702683e+00 -5.63061156e-01  1.33702683e+00  2.02102045e+01 
 1.35251095e+00 -5.51245197e-01  1.35251095e+00  1.99972584e+01 
 1.36817439e+00 -5.39667095e-01  1.36817439e+00  1.97861825e+01 
 1.38401923e+00 -5.28322679e-01  1.38401923e+00  1.95769717e+01 
 1.40004757e+00 -5.17207825e-01  1.40004757e+00  1.93696205e+01 
 1.41626153e+00 -5.06318457e-01  1.41626153e+00  1.91641232e+01 
 1.43266327e+00 -4.95650550e-01  1.43266327e+00  1.89604738e+01 
 1.44925496e+00 -4.85200129e-01  1.44925496e+00  1.87586657e+01 
 1.46603879e+00 -4.74963268e-01  1.46603879e+00  1.85586923e+01 
 1.48301700e+00 -4.64936090e-01  1.48301700e+00  1.83605465e+01 
 1.50019183e+00 -4.55114772e-01  1.50019183e+00  1.81642211e+01 
 1.51756557e+00 -4.45495538e-01  1.51756557e+00  1.79697084e+01 
 1.53514051e+00 -4.36074665e-01  1.53514051e+00  1.77770006e+01 
 1.55291899e+00 -4.26848479e-01  1.55291899e+00  1.75860896e+01 
 1.57090335e+00 -4.17813359e-01  1.57090335e+00  1.73969670e+01 
 1.58909600e+00 -4.08965734e-01  1.58909600e+00  1.72096242e+01 
 1.60749933e+00 -4.00302082e-01  1.60749933e+00  1.70240524e+01 
 1.62611580e+00 -3.91818936e-01  1.62611580e+00  1.68402427e+01 
 1.64494786e+00 -3.83512875e-01  1.64494786e+00  1.66581857e+01 
 1.66399802e+00 -3.75380532e-01  1.66399802e+00  1.64778720e+01 
 1.68326879e+00 -3.67418589e-01  1.68326879e+00  1.62992921e+01 
 1.70276274e+00 -3.59623778e-01  1.70276274e+00  1.61224360e+01 
 1.72248245e+00 -3.51992882e-01  1.72248245e+00  1.59472939e+01 
 1.74243054e+00 -3.44522733e-01  1.74243054e+00  1.57738556e+01 
 1.76260964e+00 -3.37210213e-01  1.76260964e+00  1.56021108e+01 
 1.78302244e+00 -3.30052253e-01  1.78302244e+00  1.54320492e+01 
 1.80367164e+00 -3.23045834e-01  1.80367164e+00  1.52636601e+01 
 1.82455997e+00 -3.16187983e-01  1.82455997e+00  1.50969328e+01 
 1.84569022e+00 -3.09475778e-01  1.84569022e+00  1.49318567e+01 
 1.86706517e+00 -3.02906344e-01  1.86706517e+00  1.47684206e+01 
 1.88868767e+00 -2.96476854e-01  1.88868767e+00  1.46066136e+01 
 1.91056058e+00 -2.90184526e-01  1.91056058e+00  1.44464246e+01 
 1.93268680e+00 -2.84026628e-01  1.93268680e+00  1.42878424e+01 
 1.95506926e+00 -2.78000472e-01  1.95506926e+00  1.41308556e+01 
 1.97771094e+00 -2.72103416e-01  1.97771094e+00  1.39754528e+01 
 2.00061483e+00 -2.66332866e-01  2.00061483e+00  1.38216227e+01 
 2.02378396e+00 -2.60686269e-01  2.02378396e+00  1.36693536e+01 
 2.04722142e+00 -2.55161119e-01  2.04722142e+00  1.35186340e+01 
 2.07093031e+00 -2.49754954e-01  2.07093031e+00  1.33694523e+01 
 2.09491378e+00 -2.44465355e-01  2.09491378e+00  1.32217967e+01 
 2.11917499e+00 -2.39289947e-01  2.11917499e+00  1.30756556e+01 
 2.14371718e+00 -2.34226394e-01  2.14371718e+00  1.29310171e+01 
 2.16854358e+00 -2.29272408e-01  2.16854358e+00  1.27878695e+01 
 2.19365751e+00 -2.24425737e-01  2.19365751e+00  1.26462010e+01 
 2.21906227e+00 -2.19684173e-01  2.21906227e+00  1.25059996e+01 
 2.24476125e+00 -2.15045548e-01  2.24476125e+00  1.23672535e+01 
 2.27075785e+00 -2.10507733e-01  2.27075785e+00  1.22299508e+01 
 2.29705552e+00 -2.06068639e-01  2.29705552e+00  1.20940797e+01 
 2.32365774e+00 -2.01726217e-01  2.32365774e+00  1.19596282e+01 
 2.35056804e+00 -1.97478454e-01  2.35056804e+00  1.18265844e+01 
 2.37778999e+00 -1.93323378e-01  2.37778999e+00  1.16949365e+01 
 2.40532720e+00 -1.89259050e-01  2.40532720e+00  1.15646724e+01 
 2.43318331e+00 -1.85283572e-01  2.43318331e+00  1.14357804e+01 
 2.46136203e+00 -1.81395080e-01  2.46136203e+00  1.13082486e+01 
 2.48986709e+00 -1.77591746e-01  2.48986709e+00  1.11820651e+01 
 2.51870226e+00 -1.73871777e-01  2.51870226e+00  1.10572181e+01 
 2.54787137e+00 -1.70233415e-01  2.54787137e+00  1.09336958e+01 
 2.57737829e+00 -1.66674935e-01  2.57737829e+00  1.08114863e+01 
 2.60722693e+00 -1.63194649e-01  2.60722693e+00  1.06905780e+01 
 2.63742125e+00 -1.59790896e-01  2.63742125e+00  1.05709591e+01 
 2.66796525e+00 -1.56462054e-01  2.66796525e+00  1.04526180e+01 
 2.69886298e+00 -1.53206528e-01  2.69886298e+00  1.03355429e+01 
 2.73011854e+00 -1.50022758e-01  2.73011854e+00  1.02197223e+01 
 2.76173606e+00 -1.46909211e-01  2.76173606e+00  1.01051445e+01 
 2.79371975e+00 -1.43864389e-01  2.79371975e+00  9.99179817e+00 
 2.82607385e+00 -1.40886821e-01  2.82607385e+00  9.87967171e+00 
 2.85880263e+00 -1.37975066e-01  2.85880263e+00  9.76875370e+00 
 2.89191045e+00 -1.35127712e-01  2.89191045e+00  9.65903278e+00 
 2.92540169e+00 -1.32343375e-01  2.92540169e+00  9.55049761e+00 
 2.95928080e+00 -1.29620701e-01  2.95928080e+00  9.44313691e+00 
 2.99355225e+00 -1.26958359e-01  2.99355225e+00  9.33693947e+00 
 3.02822061e+00 -1.24355051e-01  3.02822061e+00  9.23189414e+00 
 3.06329046e+00 -1.21809500e-01  3.06329046e+00  9.12798980e+00 
 3.09876645e+00 -1.19320458e-01  3.09876645e+00  9.02521541e+00 
 3.13465329e+00 -1.16886701e-01  3.13465329e+00  8.92355999e+00 
 3.17095574e+00 -1.14507033e-01  3.17095574e+00  8.82301263e+00 
 3.20767861e+00 -1.12180280e-01  3.20767861e+00  8.72356247e+00 
 3.24482676e+00 -1.09905291e-01  3.24482676e+00  8.62519873e+00 
 3.28240513e+00 -1.07680943e-01  3.28240513e+00  8.52791068e+00 
 3.32041869e+00 -1.05506132e-01  3.32041869e+00  8.43168766e+00 
 3.35887249e+00 -1.03379780e-01  3.35887249e+00  8.33651909e+00 
 3.39777162e+00 -1.01300829e-01  3.39777162e+00  8.24239446e+00 
 3.43712125e+00 -9.92682450e-02  3.43712125e+00  8.14930331e+00 
 3.47692658e+00 -9.72810149e-02  3.47692658e+00  8.05723527e+00 
 3.51719290e+00 -9.53381467e-02  3.51719290e+00  7.96618004e+00 
 3.55792554e+00 -9.34386692e-02  3.55792554e+00  7.87612738e+00 
 3.59912991e+00 -9.15816316e-02  3.59912991e+00  7.78706713e+00 
 3.64081146e+00 -8.97661033e-02  3.64081146e+00  7.69898920e+00 
 3.68297573e+00 -8.79911733e-02  3.68297573e+00  7.61188359e+00 
 3.72562831e+00 -8.62559497e-02  3.72562831e+00  7.52574036e+00 
 3.76877484e+00 -8.45595596e-02  3.76877484e+00  7.44054964e+00 
 3.81242106e+00 -8.29011485e-02  3.81242106e+00  7.35630164e+00 
 3.85657274e+00 -8.12798803e-02  3.85657274e+00  7.27298665e+00 
 3.90123574e+00 -7.96949364e-02  3.90123574e+00  7.19059503e+00 
 3.94641599e+00 -7.81455157e-02  3.94641599e+00  7.10911723e+00 
 3.99211947e+00 -7.66308345e-02  3.99211947e+00  7.02854376e+00 
 4.03835224e+00 -7.51501254e-02  4.03835224e+00  6.94886521e+00 
 4.08512043e+00 -7.37026378e-02  4.08512043e+00  6.87007224e+00 
 4.13243025e+00 -7.22876369e-02  4.13243025e+00  6.79215562e+00 
 4.18028796e+00 -7.09044039e-02  4.18028796e+00  6.71510615e+00 
 4.22869991e+00 -6.95522353e-02  4.22869991e+00  6.63891474e+00 
 4.27767252e+00 -6.82304428e-02  4.27767252e+00  6.56357236e+00 
 4.32721228e+00 -6.69383530e-02  4.32721228e+00  6.48907006e+00 
 4.37732577e+00 -6.56753070e-02  4.37732577e+00  6.41539898e+00 
 4.42801962e+00 -6.44406599e-02  4.42801962e+00  6.34255033e+00 
 4.47930055e+00 -6.32337812e-02  4.47930055e+00  6.27051537e+00 
 4.53117537e+00 -6.20540537e-02  4.53117537e+00  6.19928549e+00 
 4.58365095e+00 -6.09008736e-02  4.58365095e+00  6.12885211e+00 
 4.63673425e+00 -5.97736505e-02  4.63673425e+00  6.05920674e+00 
 4.69043232e+00 -5.86718066e-02  4.69043232e+00  5.99034098e+00 
 4.74475225e+00 -5.75947766e-02  4.74475225e+00  5.92224650e+00 
 4.79970127e+00 -5.65420077e-02  4.79970127e+00  5.85491502e+00 
 4.85528665e+00 -5.55129590e-02  4.85528665e+00  5.78833837e+00 
 4.91151577e+00 -5.45071015e-02  4.91151577e+00  5.72250845e+00 
 4.96839608e+00 -5.35239178e-02  4.96839608e+00  5.65741721e+00 
 5.02593512e+00 -5.25629017e-02  5.02593512e+00  5.59305670e+00 
 5.08414052e+00 -5.16235582e-02  5.08414052e+00  5.52941904e+00 
 5.14302000e+00 -5.07054029e-02  5.14302000e+00  5.46649641e+00 
 5.20258136e+00 -4.98079622e-02  5.20258136e+00  5.40428109e+00 
 5.26283250e+00 -4.89307730e-02  5.26283250e+00  5.34276541e+00 
 5.32378141e+00 -4.80733823e-02  5.32378141e+00  5.28194178e+00 
 5.38543617e+00 -4.72353468e-02  5.38543617e+00  5.22180268e+00 
 5.44780495e+00 -4.64162333e-02  5.44780495e+00  5.16234068e+00 
 5.51089603e+00 -4.56156179e-02  5.51089603e+00  5.10354840e+00 
 5.57471776e+00 -4.48330862e-02  5.57471776e+00  5.04541854e+00 
 5.63927862e+00 -4.40682330e-02  5.63927862e+00  4.98794387e+00 
 5.70458716e+00 -4.33206617e-02  5.70458716e+00  4.93111723e+00 
 5.77065203e+00 -4.25899847e-02  5.77065203e+00  4.87493155e+00 
 5.83748200e+00 -4.18758231e-02  5.83748200e+00  4.81937979e+00 
 5.90508593e+00 -4.11778061e-02  5.90508593e+00  4.76445502e+00 
 5.97347279e+00 -4.04955712e-02  5.97347279e+00  4.71015035e+00 
 6.04265163e+00 -3.98287640e-02  6.04265163e+00  4.65645897e+00 
 6.11263163e+00 -3.91770379e-02  6.11263163e+00  4.60337415e+00 
 6.18342207e+00 -3.85400539e-02  6.18342207e+00  4.55088921e+00 
 6.25503234e+00 -3.79174808e-02  6.25503234e+00  4.49899754e+00 
 6.32747192e+00 -3.73089943e-02  6.32747192e+00  4.44769261e+00 
 6.40075043e+00 -3.67142778e-02  6.40075043e+00  4.39696794e+00 
 6.47487758e+00 -3.61330213e-02  6.47487758e+00  4.34681712e+00 
 6.54986319e+00 -3.55649220e-02  6.54986319e+00  4.29723381e+00 
 6.62571722e+00 -3.50096837e-02  6.62571722e+00  4.24821173e+00 
 6.70244971e+00 -3.44670167e-02  6.70244971e+00  4.19974468e+00 
 6.78007084e+00 -3.39366381e-02  6.78007084e+00  4.15182650e+00 
 6.85859090e+00 -3.34182709e-02  6.85859090e+00  4.10445111e+00 
 6.93802030e+00 -3.29116445e-02  6.93802030e+00  4.05761249e+00 
 7.01836957e+00 -3.24164942e-02  7.01836957e+00  4.01130467e+00 
 7.09964937e+00 -3.19325614e-02  7.09964937e+00  3.96552176e+00 
 7.18187048e+00 -3.14595931e-02  7.18187048e+00  3.92025793e+00 
 7.26504378e+00 -3.09973420e-02  7.26504378e+00  3.87550739e+00 
 7.34918032e+00 -3.05455664e-02  7.34918032e+00  3.83126443e+00 
 7.43429124e+00 -3.01040299e-02  7.43429124e+00  3.78752340e+00 
 7.52038784e+00 -2.96725014e-02  7.52038784e+00  3.74427870e+00 
 7.60748151e+00 -2.92507550e-02  7.60748151e+00  3.70152480e+00 
 7.69558382e+00 -2.88385698e-02  7.69558382e+00  3.65925621e+00 
 7.78470645e+00 -2.84357300e-02  7.78470645e+00  3.61746753e+00 
 7.87486120e+00 -2.80420246e-02  7.87486120e+00  3.57615337e+00 
 7.96606004e+00 -2.76572470e-02  7.96606004e+00  3.53530845e+00 
 8.05831505e+00 -2.72811957e-02  8.05831505e+00  3.49492750e+00 
 8.15163847e+00 -2.69136734e-02  8.15163847e+00  3.45500534e+00 
 8.24604267e+00 -2.65544874e-02  8.24604267e+00  3.41553682e+00 
 8.34154016e+00 -2.62034492e-02  8.34154016e+00  3.37651687e+00 
 8.43814361e+00 -2.58603746e-02  8.43814361e+00  3.33794046e+00 
 8.53586583e+00 -2.55250836e-02  8.53586583e+00  3.29980261e+00 
 8.63471977e+00 -2.51974000e-02  8.63471977e+00  3.26209839e+00 
 8.73471853e+00 -2.48771519e-02  8.73471853e+00  3.22482295e+00 
 8.83587539e+00 -2.45641709e-02  8.83587539e+00  3.18797146e+00 
 8.93820374e+00 -2.42582928e-02  8.93820374e+00  3.15153917e+00 
 9.04171716e+00 -2.39593566e-02  9.04171716e+00  3.11552135e+00 
 9.14642936e+00 -2.36672054e-02  9.14642936e+00  3.07991335e+00 
 9.25235424e+00 -2.33816855e-02  9.25235424e+00  3.04471055e+00 
 9.35950584e+00 -2.31026468e-02  9.35950584e+00  3.00990840e+00 
 9.46789836e+00 -2.28299426e-02  9.46789836e+00  2.97550239e+00 
 9.57754617e+00 -2.25634294e-02  9.57754617e+00  2.94148804e+00 
 9.68846382e+00 -2.23029671e-02  9.68846382e+00  2.90786095e+00 
 9.80066601e+00 -2.20484184e-02  9.80066601e+00  2.87461675e+00 
 9.91416761e+00 -2.17996496e-02  9.91416761e+00  2.84175112e+00 
 1.00289837e+01 -2.15565296e-02  1.00289837e+01  2.80925980e+00 
 1.01451294e+01 -2.13189304e-02  1.01451294e+01  2.77713855e+00 
 1.02626203e+01 -2.10867270e-02  1.02626203e+01  2.74538320e+00 
 1.03814717e+01 -2.08597970e-02  1.03814717e+01  2.71398962e+00 
 1.05016997e+01 -2.06380209e-02  1.05016997e+01  2.68295371e+00 
 1.06233199e+01 -2.04212819e-02  1.06233199e+01  2.65227145e+00 
 1.07463487e+01 -2.02094659e-02  1.07463487e+01  2.62193882e+00 
 1.08708023e+01 -2.00024611e-02  1.08708023e+01  2.59195188e+00 
 1.09966971e+01 -1.98001585e-02  1.09966971e+01  2.56230672e+00 
 1.11240500e+01 -1.96024514e-02  1.11240500e+01  2.53299947e+00 
 1.12528777e+01 -1.94092357e-02  1.12528777e+01  2.50402630e+00 
 1.13831974e+01 -1.92204094e-02  1.13831974e+01  2.47538343e+00 
 1.15150263e+01 -1.90358731e-02  1.15150263e+01  2.44706713e+00 
 1.16483819e+01 -1.88555292e-02  1.16483819e+01  2.41907369e+00 
 1.17832819e+01 -1.86792829e-02  1.17832819e+01  2.39139945e+00 
 1.19197442e+01 -1.85070410e-02  1.19197442e+01  2.36404080e+00 
 1.20577869e+01 -1.83387127e-02  1.20577869e+01  2.33699416e+00 
 1.21974282e+01 -1.81742093e-02  1.21974282e+01  2.31025599e+00 
 1.23386867e+01 -1.80134438e-02  1.23386867e+01  2.28382280e+00 
 1.24815812e+01 -1.78563315e-02  1.24815812e+01  2.25769112e+00 
 1.26261305e+01 -1.77027895e-02  1.26261305e+01  2.23185753e+00 
 1.27723538e+01 -1.75527366e-02  1.27723538e+01  2.20631865e+00 
 1.29202705e+01 -1.74060937e-02  1.29202705e+01  2.18107113e+00 
 1.30699003e+01 -1.72627834e-02  1.30699003e+01  2.15611167e+00 
 1.32212629e+01 -1.71227300e-02  1.32212629e+01  2.13143699e+00 
 1.33743785e+01 -1.69858595e-02  1.33743785e+01  2.10704386e+00 
 1.35292673e+01 -1.68520997e-02  1.35292673e+01  2.08292909e+00 
 1.36859499e+01 -1.67213800e-02  1.36859499e+01  2.05908949e+00 
 1.38444470e+01 -1.65936312e-02  1.38444470e+01  2.03552196e+00 
 1.40047796e+01 -1.64687860e-02  1.40047796e+01  2.01222339e+00 
 1.41669691e+01 -1.63467783e-02  1.41669691e+01  1.98919074e+00 
 1.43310369e+01 -1.62275438e-02  1.43310369e+01  1.96642096e+00 
 1.44970048e+01 -1.61110194e-02  1.44970048e+01  1.94391108e+00 
 1.46648947e+01 -1.59971435e-02  1.46648947e+01  1.92165813e+00 
 1.48347290e+01 -1.58858560e-02  1.48347290e+01  1.89965920e+00 
 1.50065301e+01 -1.57770981e-02  1.50065301e+01  1.87791139e+00 
 1.51803209e+01 -1.56708123e-02  1.51803209e+01  1.85641184e+00 
 1.53561243e+01 -1.55669425e-02  1.53561243e+01  1.83515773e+00 
 1.55339637e+01 -1.54654337e-02  1.55339637e+01  1.81414626e+00 
 1.57138627e+01 -1.53662323e-02  1.57138627e+01  1.79337468e+00 
 1.58958451e+01 -1.52692859e-02  1.58958451e+01  1.77284024e+00 
 1.60799350e+01 -1.51745431e-02  1.60799350e+01  1.75254024e+00 
 1.62661569e+01 -1.50819540e-02  1.62661569e+01  1.73247202e+00 
 1.64545354e+01 -1.49914696e-02  1.64545354e+01  1.71263293e+00 
 1.66450955e+01 -1.49030421e-02  1.66450955e+01  1.69302036e+00 
 1.68378625e+01 -1.48166246e-02  1.68378625e+01  1.67363174e+00 
 1.70328619e+01 -1.47321716e-02  1.70328619e+01  1.65446450e+00 
 1.72301197e+01 -1.46496383e-02  1.72301197e+01  1.63551612e+00 
 1.74296618e+01 -1.45689811e-02  1.74296618e+01  1.61678411e+00 
 1.76315149e+01 -1.44901575e-02  1.76315149e+01  1.59826600e+00 
 1.78357056e+01 -1.44131256e-02  1.78357056e+01  1.57995935e+00 
 1.80422611e+01 -1.43378448e-02  1.80422611e+01  1.56186174e+00 
 1.82512087e+01 -1.42642752e-02  1.82512087e+01  1.54397080e+00 
 1.84625761e+01 -1.41923780e-02  1.84625761e+01  1.52628416e+00 
 1.86763914e+01 -1.41221152e-02  1.86763914e+01  1.50879949e+00 
 1.88926828e+01 -1.40534495e-02  1.88926828e+01  1.49151449e+00 
 1.91114791e+01 -1.39863447e-02  1.91114791e+01  1.47442687e+00 
 1.93328093e+01 -1.39207652e-02  1.93328093e+01  1.45753439e+00 
 1.95567028e+01 -1.38566765e-02  1.95567028e+01  1.44083482e+00 
 1.97831891e+01 -1.37940445e-02  1.97831891e+01  1.42432595e+00 
 2.00122984e+01 -1.37328363e-02  2.00122984e+01  1.40800560e+00 
 2.02440610e+01 -1.36730193e-02  2.02440610e+01  1.39187163e+00 
 2.04785077e+01 -1.36145620e-02  2.04785077e+01  1.37592190e+00 
 2.07156695e+01 -1.35574335e-02  2.07156695e+01  1.36015431e+00 
 2.09555778e+01 -1.35016035e-02  2.09555778e+01  1.34456677e+00 
 2.11982645e+01 -1.34470426e-02  2.11982645e+01  1.32915723e+00 
 2.14437618e+01 -1.33937218e-02  2.14437618e+01  1.31392366e+00 
 2.16921022e+01 -1.33416129e-02  2.16921022e+01  1.29886405e+00 
 2.19433187e+01 -1.32906885e-02  2.19433187e+01  1.28397640e+00 
 2.21974444e+01 -1.32409215e-02  2.21974444e+01  1.26925875e+00 
 2.24545132e+01 -1.31922857e-02  2.24545132e+01  1.25470915e+00 
 2.27145591e+01 -1.31447554e-02  2.27145591e+01  1.24032569e+00 
 2.29776167e+01 -1.30983053e-02  2.29776167e+01  1.22610646e+00 
 2.32437206e+01 -1.30529109e-02  2.32437206e+01  1.21204960e+00 
 2.35129064e+01 -1.30085483e-02  2.35129064e+01  1.19815323e+00 
 2.37852095e+01 -1.29651940e-02  2.37852095e+01  1.18441552e+00 
 2.40606663e+01 -1.29228250e-02  2.40606663e+01  1.17083466e+00 
 2.43393131e+01 -1.28814189e-02  2.43393131e+01  1.15740886e+00 
 2.46211869e+01 -1.28409539e-02  2.46211869e+01  1.14413633e+00 
 2.49063250e+01 -1.28014085e-02  2.49063250e+01  1.13101533e+00 
 2.51947654e+01 -1.27627619e-02  2.51947654e+01  1.11804412e+00 
 2.54865462e+01 -1.27249935e-02  2.54865462e+01  1.10522099e+00 
 2.57817061e+01 -1.26880835e-02  2.57817061e+01  1.09254424e+00 
 2.60802843e+01 -1.26520123e-02  2.60802843e+01  1.08001220e+00 
 2.63823203e+01 -1.26167609e-02  2.63823203e+01  1.06762321e+00 
 2.66878542e+01 -1.25823105e-02  2.66878542e+01  1.05537562e+00 
 2.69969265e+01 -1.25486431e-02  2.69969265e+01  1.04326783e+00 
 2.73095781e+01 -1.25157407e-02  2.73095781e+01  1.03129823e+00 
 2.76258506e+01 -1.24835861e-02  2.76258506e+01  1.01946524e+00 
 2.79457858e+01 -1.24521621e-02  2.79457858e+01  1.00776729e+00 
 2.82694262e+01 -1.24214522e-02  2.82694262e+01  9.96202838e-01 
 2.85968147e+01 -1.23914402e-02  2.85968147e+01  9.84770352e-01 
 2.89279946e+01 -1.23621102e-02  2.89279946e+01  9.73468320e-01 
 2.92630100e+01 -1.23334467e-02  2.92630100e+01  9.62295248e-01 
 2.96019052e+01 -1.23054345e-02  2.96019052e+01  9.51249657e-01 
 2.99447251e+01 -1.22780588e-02  2.99447251e+01  9.40330087e-01 
 3.02915152e+01 -1.22513053e-02  3.02915152e+01  9.29535092e-01 
 3.06423215e+01 -1.22251596e-02  3.06423215e+01  9.18863245e-01 
 3.09971905e+01 -1.21996080e-02  3.09971905e+01  9.08313134e-01 
 3.13561693e+01 -1.21746371e-02  3.13561693e+01  8.97883363e-01 
 3.17193054e+01 -1.21502335e-02  3.17193054e+01  8.87572551e-01 
 3.20866469e+01 -1.21263845e-02  3.20866469e+01  8.77379335e-01 
 3.24582427e+01 -1.21030774e-02  3.24582427e+01  8.67302365e-01 
 3.28341419e+01 -1.20802998e-02  3.28341419e+01  8.57340309e-01 
 3.32143943e+01 -1.20580398e-02  3.32143943e+01  8.47491847e-01 
 3.35990505e+01 -1.20362856e-02  3.35990505e+01  8.37755676e-01 
 3.39881614e+01 -1.20150258e-02  3.39881614e+01  8.28130508e-01 
 3.43817786e+01 -1.19942489e-02  3.43817786e+01  8.18615069e-01 
 3.47799543e+01 -1.19739442e-02  3.47799543e+01  8.09208099e-01 
 3.51827413e+01 -1.19541008e-02  3.51827413e+01  7.99908353e-01 
 3.55901929e+01 -1.19347083e-02  3.55901929e+01  7.90714600e-01 
 3.60023633e+01 -1.19157565e-02  3.60023633e+01  7.81625624e-01 
 3.64193070e+01 -1.18972352e-02  3.64193070e+01  7.72640220e-01 
 3.68410793e+01 -1.18791348e-02  3.68410793e+01  7.63757200e-01 
 3.72677361e+01 -1.18614457e-02  3.72677361e+01  7.54975387e-01 
 3.76993341e+01 -1.18441585e-02  3.76993341e+01  7.46293620e-01 
 3.81359304e+01 -1.18272641e-02  3.81359304e+01  7.37710748e-01 
 3.85775830e+01 -1.18107535e-02  3.85775830e+01  7.29225634e-01 
 3.90243503e+01 -1.17946181e-02  3.90243503e+01  7.20837157e-01 
 3.94762917e+01 -1.17788494e-02  3.94762917e+01  7.12544204e-01 
 3.99334670e+01 -1.17634389e-02  3.99334670e+01  7.04345679e-01 
 4.03959368e+01 -1.17483786e-02  4.03959368e+01  6.96240494e-01 
 4.08637625e+01 -1.17336605e-02  4.08637625e+01  6.88227578e-01 
 4.13370061e+01 -1.17192768e-02  4.13370061e+01  6.80305869e-01 
 4.18157303e+01 -1.17052200e-02  4.18157303e+01  6.72474317e-01 
 4.22999987e+01 -1.16914826e-02  4.22999987e+01  6.64731887e-01 
 4.27898753e+01 -1.16780573e-02  4.27898753e+01  6.57077552e-01 
 4.32854253e+01 -1.16649371e-02  4.32854253e+01  6.49510299e-01 
 4.37867142e+01 -1.16521150e-02  4.37867142e+01  6.42029126e-01 
 4.42938085e+01 -1.16395842e-02  4.42938085e+01  6.34633042e-01 
 4.48067755e+01 -1.16273382e-02  4.48067755e+01  6.27321067e-01 
 4.53256831e+01 -1.16153705e-02  4.53256831e+01  6.20092233e-01 
 4.58506003e+01 -1.16036747e-02  4.58506003e+01  6.12945582e-01 
 4.63815965e+01 -1.15922447e-02  4.63815965e+01  6.05880168e-01 
 4.69187422e+01 -1.15810744e-02  4.69187422e+01  5.98895056e-01 
 4.74621085e+01 -1.15701580e-02  4.74621085e+01  5.91989319e-01 
 4.80117676e+01 -1.15594896e-02  4.80117676e+01  5.85162044e-01 
 4.85677923e+01 -1.15490637e-02  4.85677923e+01  5.78412325e-01 
 4.91302564e+01 -1.15388747e-02  4.91302564e+01  5.71739269e-01 
 4.96992343e+01 -1.15289172e-02  4.96992343e+01  5.65141992e-01 
 5.02748016e+01 -1.15191860e-02  5.02748016e+01  5.58619620e-01 
 5.08570345e+01 -1.15096759e-02  5.08570345e+01  5.52171289e-01 
 5.14460103e+01 -1.15003820e-02  5.14460103e+01  5.45796144e-01 
 5.20418070e+01 -1.14912993e-02  5.20418070e+01  5.39493341e-01 
 5.26445036e+01 -1.14824230e-02  5.26445036e+01  5.33262046e-01 
 5.32541801e+01 -1.14737484e-02  5.32541801e+01  5.27101432e-01 
 5.38709172e+01 -1.14652710e-02  5.38709172e+01  5.21010684e-01 
 5.44947968e+01 -1.14569862e-02  5.44947968e+01  5.14988994e-01 
 5.51259015e+01 -1.14488897e-02  5.51259015e+01  5.09035565e-01 
 5.57643151e+01 -1.14409772e-02  5.57643151e+01  5.03149608e-01 
 5.64101221e+01 -1.14332445e-02  5.64101221e+01  4.97330344e-01 
 5.70634082e+01 -1.14256876e-02  5.70634082e+01  4.91577000e-01 
 5.77242601e+01 -1.14183024e-02  5.77242601e+01  4.85888816e-01 
 5.83927652e+01 -1.14110851e-02  5.83927652e+01  4.80265036e-01 
 5.90690124e+01 -1.14040318e-02  5.90690124e+01  4.74704917e-01 
 5.97530911e+01 -1.13971388e-02  5.97530911e+01  4.69207722e-01 
 6.04450922e+01 -1.13904025e-02  6.04450922e+01  4.63772721e-01 
 6.11451073e+01 -1.13838192e-02  6.11451073e+01  4.58399196e-01 
 6.18532294e+01 -1.13773856e-02  6.18532294e+01  4.53086433e-01 
 6.25695522e+01 -1.13710983e-02  6.25695522e+01  4.47833729e-01 
 6.32941707e+01 -1.13649538e-02  6.32941707e+01  4.42640389e-01 
 6.40271811e+01 -1.13589490e-02  6.40271811e+01  4.37505723e-01 
 6.47686804e+01 -1.13530806e-02  6.47686804e+01  4.32429052e-01 
 6.55187671e+01 -1.13473457e-02  6.55187671e+01  4.27409702e-01 
 6.62775405e+01 -1.13417411e-02  6.62775405e+01  4.22447009e-01 
 6.70451013e+01 -1.13362639e-02  6.70451013e+01  4.17540315e-01 
 6.78215512e+01 -1.13309111e-02  6.78215512e+01  4.12688970e-01 
 6.86069932e+01 -1.13256801e-02  6.86069932e+01  4.07892331e-01 
 6.94015314e+01 -1.13205679e-02  6.94015314e+01  4.03149762e-01 
 7.02052711e+01 -1.13155719e-02  7.02052711e+01  3.98460635e-01 
 7.10183190e+01 -1.13106895e-02  7.10183190e+01  3.93824328e-01 
 7.18407828e+01 -1.13059180e-02  7.18407828e+01  3.89240227e-01 
 7.26727715e+01 -1.13012550e-02  7.26727715e+01  3.84707725e-01 
 7.35143955e+01 -1.12966980e-02  7.35143955e+01  3.80226220e-01 
 7.43657664e+01 -1.12922445e-02  7.43657664e+01  3.75795120e-01 
 7.52269970e+01 -1.12878923e-02  7.52269970e+01  3.71413836e-01 
 7.60982015e+01 -1.12836390e-02  7.60982015e+01  3.67081788e-01 
 7.69794955e+01 -1.12794823e-02  7.69794955e+01  3.62798402e-01 
 7.78709957e+01 -1.12754202e-02  7.78709957e+01  3.58563111e-01 
 7.87728204e+01 -1.12714503e-02  7.87728204e+01  3.54375352e-01 
 7.96850891e+01 -1.12675707e-02  7.96850891e+01  3.50234571e-01 
 8.06079229e+01 -1.12637792e-02  8.06079229e+01  3.46140220e-01 
 8.15414439e+01 -1.12600739e-02  8.15414439e+01  3.42091755e-01 
 8.24857761e+01 -1.12564528e-02  8.24857761e+01  3.38088640e-01 
 8.34410446e+01 -1.12529140e-02  8.34410446e+01  3.34130344e-01 
 8.44073761e+01 -1.12494556e-02  8.44073761e+01  3.30216343e-01 
 8.53848987e+01 -1.12460759e-02  8.53848987e+01  3.26346118e-01 
 8.63737419e+01 -1.12427729e-02  8.63737419e+01  3.22519156e-01 
 8.73740370e+01 -1.12395449e-02  8.73740370e+01  3.18734950e-01 
 8.83859165e+01 -1.12363903e-02  8.83859165e+01  3.14992999e-01 
 8.94095146e+01 -1.12333074e-02  8.94095146e+01  3.11292805e-01 
 9.04449670e+01 -1.12302945e-02  9.04449670e+01  3.07633880e-01 
 9.14924110e+01 -1.12273501e-02  9.14924110e+01  3.04015737e-01 
 9.25519854e+01 -1.12244726e-02  9.25519854e+01  3.00437898e-01 
 9.36238307e+01 -1.12216604e-02  9.36238307e+01  2.96899888e-01 
 9.47080892e+01 -1.12189121e-02  9.47080892e+01  2.93401238e-01 
 9.58049044e+01 -1.12162263e-02  9.58049044e+01  2.89941485e-01 
 9.69144218e+01 -1.12136015e-02  9.69144218e+01  2.86520169e-01 
 9.80367886e+01 -1.12110362e-02  9.80367886e+01  2.83136838e-01 
 9.91721535e+01 -1.12085293e-02  9.91721535e+01  2.79791043e-01 
 1.00320667e+02 -1.12060792e-02  1.00320667e+02  2.76482340e-01 
 1.01482482e+02 -1.12036848e-02  1.01482482e+02  2.73210291e-01 
 1.02657751e+02 -1.12013448e-02  1.02657751e+02  2.69974463e-01 
 1.03846632e+02 -1.11990579e-02  1.03846632e+02  2.66774425e-01 
 1.05049280e+02 -1.11968230e-02  1.05049280e+02  2.63609755e-01 
 1.06265857e+02 -1.11946387e-02  1.06265857e+02  2.60480032e-01 
 1.07496523e+02 -1.11925041e-02  1.07496523e+02  2.57384842e-01 
 1.08741441e+02 -1.11904179e-02  1.08741441e+02  2.54323774e-01 
 1.10000777e+02 -1.11883790e-02  1.10000777e+02  2.51296424e-01 
 1.11274697e+02 -1.11863864e-02  1.11274697e+02  2.48302388e-01 
 1.12563370e+02 -1.11844390e-02  1.12563370e+02  2.45341271e-01 
 1.13866967e+02 -1.11825358e-02  1.13866967e+02  2.42412680e-01 
 1.15185661e+02 -1.11806758e-02  1.15185661e+02  2.39516227e-01 
 1.16519628e+02 -1.11788580e-02  1.16519628e+02  2.36651528e-01 
 1.17869043e+02 -1.11770814e-02  1.17869043e+02  2.33818203e-01 
 1.19234085e+02 -1.11753450e-02  1.19234085e+02  2.31015876e-01 
 1.20614936e+02 -1.11736481e-02  1.20614936e+02  2.28244176e-01 
 1.22011779e+02 -1.11719896e-02  1.22011779e+02  2.25502736e-01 
 1.23424798e+02 -1.11703687e-02  1.23424798e+02  2.22791193e-01 
 1.24854182e+02 -1.11687845e-02  1.24854182e+02  2.20109186e-01 
 1.26300119e+02 -1.11672362e-02  1.26300119e+02  2.17456360e-01 
 1.27762802e+02 -1.11657230e-02  1.27762802e+02  2.14832364e-01 
 1.29242424e+02 -1.11642441e-02  1.29242424e+02  2.12236850e-01 
 1.30739182e+02 -1.11627986e-02  1.30739182e+02  2.09669473e-01 
 1.32253273e+02 -1.11613859e-02  1.32253273e+02  2.07129894e-01 
 1.33784900e+02 -1.11600051e-02  1.33784900e+02  2.04617775e-01 
 1.35334264e+02 -1.11586556e-02  1.35334264e+02  2.02132784e-01 
 1.36901571e+02 -1.11573366e-02  1.36901571e+02  1.99674591e-01 
 1.38487029e+02 -1.11560474e-02  1.38487029e+02  1.97242871e-01 
 1.40090849e+02 -1.11547874e-02  1.40090849e+02  1.94837300e-01 
 1.41713242e+02 -1.11535559e-02  1.41713242e+02  1.92457561e-01 
 1.43354425e+02 -1.11523522e-02  1.43354425e+02  1.90103337e-01 
 1.45014614e+02 -1.11511756e-02  1.45014614e+02  1.87774317e-01 
 1.46694029e+02 -1.11500257e-02  1.46694029e+02  1.85470192e-01 
 1.48392894e+02 -1.11489017e-02  1.48392894e+02  1.83190656e-01 
 1.50111433e+02 -1.11478030e-02  1.50111433e+02  1.80935407e-01 
 1.51849875e+02 -1.11467291e-02  1.51849875e+02  1.78704146e-01 
 1.53608450e+02 -1.11456795e-02  1.53608450e+02  1.76496578e-01 
 1.55387391e+02 -1.11446535e-02  1.55387391e+02  1.74312409e-01 
 1.57186933e+02 -1.11436506e-02  1.57186933e+02  1.72151351e-01 
 1.59007317e+02 -1.11426702e-02  1.59007317e+02  1.70013116e-01 
 1.60848782e+02 -1.11417120e-02  1.60848782e+02  1.67897422e-01 
 1.62711573e+02 -1.11407753e-02  1.62711573e+02  1.65803987e-01 
 1.64595937e+02 -1.11398596e-02  1.64595937e+02  1.63732534e-01 
 1.66502124e+02 -1.11389645e-02  1.66502124e+02  1.61682789e-01 
 1.68430387e+02 -1.11380895e-02  1.68430387e+02  1.59654480e-01 
 1.70380981e+02 -1.11372342e-02  1.70380981e+02  1.57647337e-01 
 1.72354164e+02 -1.11363980e-02  1.72354164e+02  1.55661096e-01 
 1.74350199e+02 -1.11355805e-02  1.74350199e+02  1.53695492e-01 
 1.76369351e+02 -1.11347814e-02  1.76369351e+02  1.51750265e-01 
 1.78411886e+02 -1.11340001e-02  1.78411886e+02  1.49825157e-01 
 1.80478075e+02 -1.11332363e-02  1.80478075e+02  1.47919913e-01 
 1.82568193e+02 -1.11324895e-02  1.82568193e+02  1.46034280e-01 
 1.84682517e+02 -1.11317594e-02  1.84682517e+02  1.44168008e-01 
 1.86821327e+02 -1.11310456e-02  1.86821327e+02  1.42320851e-01 
 1.88984907e+02 -1.11303477e-02  1.88984907e+02  1.40492562e-01 
 1.91173543e+02 -1.11296653e-02  1.91173543e+02  1.38682900e-01 
 1.93387525e+02 -1.11289981e-02  1.93387525e+02  1.36891624e-01 
 1.95627148e+02 -1.11283457e-02  1.95627148e+02  1.35118498e-01 
 1.97892707e+02 -1.11277077e-02  1.97892707e+02  1.33363286e-01 
 2.00184505e+02 -1.11270839e-02  2.00184505e+02  1.31625755e-01 
 2.02502843e+02 -1.11264739e-02  2.02502843e+02  1.29905675e-01 
 2.04848030e+02 -1.11258774e-02  2.04848030e+02  1.28202819e-01 
 2.07220377e+02 -1.11252940e-02  2.07220377e+02  1.26516959e-01 
 2.09620198e+02 -1.11247235e-02  2.09620198e+02  1.24847874e-01 
 2.12047812e+02 -1.11241655e-02  2.12047812e+02  1.23195341e-01 
 2.14503539e+02 -1.11236197e-02  2.14503539e+02  1.21559141e-01 
 2.16987707e+02 -1.11230860e-02  2.16987707e+02  1.19939058e-01 
 2.19500643e+02 -1.11225639e-02  2.19500643e+02  1.18334876e-01 
 2.22042682e+02 -1.11220532e-02  2.22042682e+02  1.16746383e-01 
 2.24614160e+02 -1.11215536e-02  2.24614160e+02  1.15173369e-01 
 2.27215419e+02 -1.11210649e-02  2.27215419e+02  1.13615625e-01 
 2.29846803e+02 -1.11205869e-02  2.29846803e+02  1.12072944e-01 
 2.32508661e+02 -1.11201191e-02  2.32508661e+02  1.10545122e-01 
 2.35201345e+02 -1.11196615e-02  2.35201345e+02  1.09031956e-01 
 2.37925214e+02 -1.11192137e-02  2.37925214e+02  1.07533246e-01 
 2.40680628e+02 -1.11187756e-02  2.40680628e+02  1.06048792e-01 
 2.43467953e+02 -1.11183469e-02  2.43467953e+02  1.04578399e-01 
 2.46287557e+02 -1.11179273e-02  2.46287557e+02  1.03121871e-01 
 2.49139816e+02 -1.11175167e-02  2.49139816e+02  1.01679015e-01 
 2.52025106e+02 -1.11171148e-02  2.52025106e+02  1.00249640e-01 
 2.54943811e+02 -1.11167214e-02  2.54943811e+02  9.88335567e-02 
 2.57896318e+02 -1.11163363e-02  2.57896318e+02  9.74305765e-02 
 2.60883017e+02 -1.11159593e-02  2.60883017e+02  9.60405139e-02 
 2.63904306e+02 -1.11155903e-02  2.63904306e+02  9.46631846e-02 
 2.66960584e+02 -1.11152289e-02  2.66960584e+02  9.32984059e-02 
 2.70052257e+02 -1.11148750e-02  2.70052257e+02  9.19459969e-02 
 2.73179734e+02 -1.11145285e-02  2.73179734e+02  9.06057783e-02 
 2.76343431e+02 -1.11141891e-02  2.76343431e+02  8.92775725e-02 
 2.79543767e+02 -1.11138567e-02  2.79543767e+02  8.79612032e-02 
 2.82781166e+02 -1.11135310e-02  2.82781166e+02  8.66564961e-02 
 2.86056057e+02 -1.11132120e-02  2.86056057e+02  8.53632781e-02 
 2.89368875e+02 -1.11128994e-02  2.89368875e+02  8.40813778e-02 
 2.92720058e+02 -1.11125931e-02  2.92720058e+02  8.28106252e-02 
 2.96110052e+02 -1.11122929e-02  2.96110052e+02  8.15508519e-02 
 2.99539305e+02 -1.11119987e-02  2.99539305e+02  8.03018907e-02 
 3.03008272e+02 -1.11117103e-02  3.03008272e+02  7.90635762e-02 
 3.06517414e+02 -1.11114275e-02  3.06517414e+02  7.78357442e-02 
 3.10067195e+02 -1.11111502e-02  3.10067195e+02  7.66182318e-02 
 3.13658086e+02 -1.11108783e-02  3.13658086e+02  7.54108777e-02 
 3.17290563e+02 -1.11106116e-02  3.17290563e+02  7.42135217e-02 
 3.20965108e+02 -1.11103499e-02  3.20965108e+02  7.30260052e-02 
 3.24682207e+02 -1.11100932e-02  3.24682207e+02  7.18481706e-02 
 3.28442355e+02 -1.11098412e-02  3.28442355e+02  7.06798619e-02 
 3.32246049e+02 -1.11095939e-02  3.32246049e+02  6.95209241e-02 
 3.36093793e+02 -1.11093512e-02  3.36093793e+02  6.83712036e-02 
 3.39986099e+02 -1.11091128e-02  3.39986099e+02  6.72305479e-02 
 3.43923481e+02 -1.11088787e-02  3.43923481e+02  6.60988058e-02 
 3.47906461e+02 -1.11086488e-02  3.47906461e+02  6.49758273e-02 
 3.51935569e+02 -1.11084229e-02  3.51935569e+02  6.38614635e-02 
 3.56011338e+02 -1.11082009e-02  3.56011338e+02  6.27555666e-02 
 3.60134309e+02 -1.11079827e-02  3.60134309e+02  6.16579901e-02 
 3.64305027e+02 -1.11077681e-02  3.64305027e+02  6.05685883e-02 
 3.68524047e+02 -1.11075571e-02  3.68524047e+02  5.94872169e-02 
 3.72791927e+02 -1.11073496e-02  3.72791927e+02  5.84137324e-02 
 3.77109234e+02 -1.11071454e-02  3.77109234e+02  5.73479927e-02 
 3.81476539e+02 -1.11069444e-02  3.81476539e+02  5.62898562e-02 
 3.85894423e+02 -1.11067465e-02  3.85894423e+02  5.52391829e-02 
 3.90363469e+02 -1.11065517e-02  3.90363469e+02  5.41958333e-02 
 3.94884272e+02 -1.11063597e-02  3.94884272e+02  5.31596692e-02 
 3.99457430e+02 -1.11061706e-02  3.99457430e+02  5.21305531e-02 
 4.04083550e+02 -1.11059842e-02  4.04083550e+02  5.11083487e-02 
 4.08763246e+02 -1.11058004e-02  4.08763246e+02  5.00929203e-02 
 4.13497136e+02 -1.11056191e-02  4.13497136e+02  4.90841335e-02 
 4.18285850e+02 -1.11054403e-02  4.18285850e+02  4.80818543e-02 
 4.23130023e+02 -1.11052637e-02  4.23130023e+02  4.70859499e-02 
 4.28030295e+02 -1.11050894e-02  4.28030295e+02  4.60962884e-02 
 4.32987318e+02 -1.11049172e-02  4.32987318e+02  4.51127384e-02 
 4.38001748e+02 -1.11047471e-02  4.38001748e+02  4.41351696e-02 
 4.43074250e+02 -1.11045789e-02  4.43074250e+02  4.31634524e-02 
 4.48205497e+02 -1.11044126e-02  4.48205497e+02  4.21974579e-02 
 4.53396168e+02 -1.11042481e-02  4.53396168e+02  4.12370580e-02 
 4.58646954e+02 -1.11040853e-02  4.58646954e+02  4.02821255e-02 
 4.63958548e+02 -1.11039240e-02  4.63958548e+02  3.93325337e-02 
 4.69331656e+02 -1.11037643e-02  4.69331656e+02  3.83881567e-02 
 4.74766990e+02 -1.11036060e-02  4.74766990e+02  3.74488693e-02 
 4.80265271e+02 -1.11034491e-02  4.80265271e+02  3.65145470e-02 
 4.85827227e+02 -1.11032935e-02  4.85827227e+02  3.55850658e-02 
 4.91453597e+02 -1.11031390e-02  4.91453597e+02  3.46603027e-02 
 4.97145125e+02 -1.11029856e-02  4.97145125e+02  3.37401349e-02 
 5.02902567e+02 -1.11028333e-02  5.02902567e+02  3.28244404e-02 
 5.08726686e+02 -1.11026819e-02  5.08726686e+02  3.19130979e-02 
 5.14618255e+02 -1.11025313e-02  5.14618255e+02  3.10059864e-02 
 5.20578053e+02 -1.11023816e-02  5.20578053e+02  3.01029859e-02 
 5.26606872e+02 -1.11022325e-02  5.26606872e+02  2.92039764e-02 
 5.32705511e+02 -1.11020841e-02  5.32705511e+02  2.83088389e-02 
 5.38874778e+02 -1.11019362e-02  5.38874778e+02  2.74174546e-02 
 5.45115492e+02 -1.11017887e-02  5.45115492e+02  2.65297054e-02 
 5.51428479e+02 -1.11016417e-02  5.51428479e+02  2.56454735e-02 
 5.57814577e+02 -1.11014950e-02  5.57814577e+02  2.47646418e-02 
 5.64274633e+02 -1.11013485e-02  5.64274633e+02  2.38870933e-02 
 5.70809503e+02 -1.11012021e-02  5.70809503e+02  2.30127119e-02 
 5.77420053e+02 -1.11010559e-02  5.77420053e+02  2.21413815e-02 
 5.84107159e+02 -1.11009096e-02  5.84107159e+02  2.12729867e-02 
 5.90871709e+02 -1.11007632e-02  5.90871709e+02  2.04074122e-02 
 5.97714600e+02 -1.11006167e-02  5.97714600e+02  1.95445434e-02 
 6.04636738e+02 -1.11004700e-02  6.04636738e+02  1.86842658e-02 
 6.11639042e+02 -1.11003229e-02  6.11639042e+02  1.78264654e-02 
 6.18722439e+02 -1.11001755e-02  6.18722439e+02  1.69710284e-02 
 6.25887869e+02 -1.11000276e-02  6.25887869e+02  1.61178414e-02 
 6.33136282e+02 -1.10998791e-02  6.33136282e+02  1.52667913e-02 
 6.40468639e+02 -1.10997300e-02  6.40468639e+02  1.44177652e-02 
 6.47885912e+02 -1.10995802e-02  6.47885912e+02  1.35706507e-02 
 6.55389084e+02 -1.10994296e-02  6.55389084e+02  1.27253353e-02 
 6.62979151e+02 -1.10992782e-02  6.62979151e+02  1.18817070e-02 
 6.70657118e+02 -1.10991258e-02  6.70657118e+02  1.10396539e-02 
 6.78424004e+02 -1.10989724e-02  6.78424004e+02  1.01990644e-02 
 6.86280839e+02 -1.10988179e-02  6.86280839e+02  9.35982707e-03 
 6.94228663e+02 -1.10986622e-02  6.94228663e+02  8.52183060e-03 
 7.02268532e+02 -1.10985052e-02  7.02268532e+02  7.68496389e-03 
 7.10401510e+02 -1.10983469e-02  7.10401510e+02  6.84911597e-03 
 7.18628676e+02 -1.10981871e-02  7.18628676e+02  6.01417604e-03 
 7.26951121e+02 -1.10980258e-02  7.26951121e+02  5.18003338e-03 
 7.35369948e+02 -1.10978630e-02  7.35369948e+02  4.34657739e-03 
 7.43886274e+02 -1.10976984e-02  7.43886274e+02  3.51369758e-03 
 7.52501228e+02 -1.10975320e-02  7.52501228e+02  2.68128351e-03 
 7.61215951e+02 -1.10973637e-02  7.61215951e+02  1.84922481e-03 
 7.70031600e+02 -1.10971935e-02  7.70031600e+02  1.01741115e-03 
 7.78949343e+02 -1.10970213e-02  7.78949343e+02  1.85732263e-04 
 7.87970362e+02 -1.10968469e-02  7.87970362e+02 -6.45922139e-04 
 7.97095854e+02 -1.10966703e-02  7.97095854e+02 -1.47766232e-03 
 8.06327028e+02 -1.10964913e-02  8.06327028e+02 -2.30959856e-03 
 8.15665108e+02 -1.10963099e-02  8.15665108e+02 -3.14184117e-03 
 8.25111333e+02 -1.10961260e-02  8.25111333e+02 -3.97450050e-03 
 8.34666955e+02 -1.10959395e-02  8.34666955e+02 -4.80768693e-03 
 8.44333240e+02 -1.10957503e-02  8.44333240e+02 -5.64151096e-03 
 8.54111471e+02 -1.10955583e-02  8.54111471e+02 -6.47608313e-03 
 8.64002944e+02 -1.10953633e-02  8.64002944e+02 -7.31151411e-03 
 8.74008970e+02 -1.10951653e-02  8.74008970e+02 -8.14791466e-03 
 8.84130875e+02 -1.10949642e-02  8.84130875e+02 -8.98539568e-03 
 8.94370003e+02 -1.10947599e-02  8.94370003e+02 -9.82406821e-03 
 9.04727710e+02 -1.10945522e-02  9.04727710e+02 -1.06640435e-02 
 9.15205369e+02 -1.10943411e-02  9.15205369e+02 -1.15054328e-02 
 9.25804371e+02 -1.10941264e-02  9.25804371e+02 -1.23483478e-02 
 9.36526119e+02 -1.10939080e-02  9.36526119e+02 -1.31929002e-02 
 9.47372037e+02 -1.10936859e-02  9.47372037e+02 -1.40392020e-02 
 9.58343561e+02 -1.10934598e-02  9.58343561e+02 -1.48873655e-02 
 9.69442146e+02 -1.10932297e-02  9.69442146e+02 -1.57375030e-02 
 9.80669264e+02 -1.10929955e-02  9.80669264e+02 -1.65897273e-02 
 9.92026404e+02 -1.10927569e-02  9.92026404e+02 -1.74441514e-02 
 1.00351507e+03 -1.10925140e-02  1.00351507e+03 -1.83008886e-02 
 1.01513679e+03 -1.10922665e-02  1.01513679e+03 -1.91600525e-02 
 1.02689310e+03 -1.10920144e-02  1.02689310e+03 -2.00217570e-02 
 1.03878555e+03 -1.10917575e-02  1.03878555e+03 -2.08861163e-02 
 1.05081574e+03 -1.10914956e-02  1.05081574e+03 -2.17532452e-02 
 1.06298524e+03 -1.10912287e-02  1.06298524e+03 -2.26232585e-02 
 1.07529569e+03 -1.10909566e-02  1.07529569e+03 -2.34962716e-02 
 1.08774869e+03 -1.10906791e-02  1.08774869e+03 -2.43724003e-02 
 1.10034592e+03 -1.10903961e-02  1.10034592e+03 -2.52517607e-02 
 1.11308904e+03 -1.10901074e-02  1.11308904e+03 -2.61344695e-02 
 1.12597973e+03 -1.10898130e-02  1.12597973e+03 -2.70206438e-02 
 1.13901971e+03 -1.10895126e-02  1.13901971e+03 -2.79104009e-02 
 1.15221071e+03 -1.10892060e-02  1.15221071e+03 -2.88038589e-02 
 1.16555447e+03 -1.10888932e-02  1.16555447e+03 -2.97011362e-02 
 1.17905277e+03 -1.10885739e-02  1.17905277e+03 -3.06023519e-02 
 1.19270739e+03 -1.10882480e-02  1.19270739e+03 -3.15076254e-02 
 1.20652015e+03 -1.10879153e-02  1.20652015e+03 -3.24170768e-02 
 1.22049287e+03 -1.10875756e-02  1.22049287e+03 -3.33308267e-02 
 1.23462740e+03 -1.10872288e-02  1.23462740e+03 -3.42489963e-02 
 1.24892564e+03 -1.10868747e-02  1.24892564e+03 -3.51717072e-02 
 1.26338945e+03 -1.10865130e-02  1.26338945e+03 -3.60990819e-02 
 1.27802078e+03 -1.10861436e-02  1.27802078e+03 -3.70312433e-02 
 1.29282155e+03 -1.10857663e-02  1.29282155e+03 -3.79683150e-02 
 1.30779373e+03 -1.10853809e-02  1.30779373e+03 -3.89104213e-02 
 1.32293930e+03 -1.10849872e-02  1.32293930e+03 -3.98576872e-02 
 1.33826027e+03 -1.10845849e-02  1.33826027e+03 -4.08102382e-02 
 1.35375867e+03 -1.10841739e-02  1.35375867e+03 -4.17682006e-02 
 1.36943656e+03 -1.10837540e-02  1.36943656e+03 -4.27317015e-02 
 1.38529602e+03 -1.10833249e-02  1.38529602e+03 -4.37008687e-02 
 1.40133915e+03 -1.10828864e-02  1.40133915e+03 -4.46758306e-02 
 1.41756807e+03 -1.10824382e-02  1.41756807e+03 -4.56567167e-02 
 1.43398494e+03 -1.10819802e-02  1.43398494e+03 -4.66436568e-02 
 1.45059193e+03 -1.10815120e-02  1.45059193e+03 -4.76367820e-02 
 1.46739125e+03 -1.10810335e-02  1.46739125e+03 -4.86362239e-02 
 1.48438512e+03 -1.10805444e-02  1.48438512e+03 -4.96421151e-02 
 1.50157580e+03 -1.10800444e-02  1.50157580e+03 -5.06545889e-02 
 1.51896556e+03 -1.10795332e-02  1.51896556e+03 -5.16737796e-02 
 1.53655671e+03 -1.10790107e-02  1.53655671e+03 -5.26998225e-02 
 1.55435159e+03 -1.10784764e-02  1.55435159e+03 -5.37328535e-02 
 1.57235255e+03 -1.10779302e-02  1.57235255e+03 -5.47730096e-02 
 1.59056198e+03 -1.10773717e-02  1.59056198e+03 -5.58204289e-02 
 1.60898229e+03 -1.10768006e-02  1.60898229e+03 -5.68752502e-02 
 1.62761593e+03 -1.10762167e-02  1.62761593e+03 -5.79376133e-02 
 1.64646536e+03 -1.10756196e-02  1.64646536e+03 -5.90076593e-02 
 1.66553309e+03 -1.10750090e-02  1.66553309e+03 -6.00855300e-02 
 1.68482165e+03 -1.10743846e-02  1.68482165e+03 -6.11713683e-02 
 1.70433358e+03 -1.10737460e-02  1.70433358e+03 -6.22653183e-02 
 1.72407148e+03 -1.10730930e-02  1.72407148e+03 -6.33675250e-02 
 1.74403797e+03 -1.10724252e-02  1.74403797e+03 -6.44781347e-02 
 1.76423569e+03 -1.10717421e-02  1.76423569e+03 -6.55972947e-02 
 1.78466732e+03 -1.10710435e-02  1.78466732e+03 -6.67251533e-02 
 1.80533557e+03 -1.10703290e-02  1.80533557e+03 -6.78618601e-02 
 1.82624317e+03 -1.10695982e-02  1.82624317e+03 -6.90075660e-02 
 1.84739291e+03 -1.10688507e-02  1.84739291e+03 -7.01624228e-02 
 1.86878759e+03 -1.10680862e-02  1.86878759e+03 -7.13265838e-02 
 1.89043003e+03 -1.10673041e-02  1.89043003e+03 -7.25002034e-02 
 1.91232312e+03 -1.10665042e-02  1.91232312e+03 -7.36834372e-02 
 1.93446975e+03 -1.10656859e-02  1.93446975e+03 -7.48764422e-02 
 1.95687286e+03 -1.10648489e-02  1.95687286e+03 -7.60793766e-02 
 1.97953542e+03 -1.10639926e-02  1.97953542e+03 -7.72924000e-02 
 2.00246044e+03 -1.10631167e-02  2.00246044e+03 -7.85156732e-02 
 2.02565095e+03 -1.10622207e-02  2.02565095e+03 -7.97493586e-02 
 2.04911003e+03 -1.10613041e-02  2.04911003e+03 -8.09936197e-02 
 2.07284080e+03 -1.10603665e-02  2.07284080e+03 -8.22486217e-02 
 2.09684638e+03 -1.10594072e-02  2.09684638e+03 -8.35145310e-02 
 2.12112998e+03 -1.10584259e-02  2.12112998e+03 -8.47915155e-02 
 2.14569480e+03 -1.10574219e-02  2.14569480e+03 -8.60797447e-02 
 2.17054412e+03 -1.10563948e-02  2.17054412e+03 -8.73793893e-02 
 2.19568121e+03 -1.10553441e-02  2.19568121e+03 -8.86906219e-02 
 2.22110941e+03 -1.10542690e-02  2.22110941e+03 -9.00136164e-02 
 2.24683210e+03 -1.10531692e-02  2.24683210e+03 -9.13485482e-02 
 2.27285268e+03 -1.10520440e-02  2.27285268e+03 -9.26955945e-02 
 2.29917461e+03 -1.10508928e-02  2.29917461e+03 -9.40549340e-02 
 2.32580137e+03 -1.10497150e-02  2.32580137e+03 -9.54267470e-02 
 2.35273649e+03 -1.10485100e-02  2.35273649e+03 -9.68112156e-02 
 2.37998356e+03 -1.10472771e-02  2.37998356e+03 -9.82085233e-02 
 2.40754617e+03 -1.10460157e-02  2.40754617e+03 -9.96188556e-02 
 2.43542798e+03 -1.10447251e-02  2.43542798e+03 -1.01042400e-01 
 2.46363269e+03 -1.10434046e-02  2.46363269e+03 -1.02479344e-01 
 2.49216405e+03 -1.10420536e-02  2.49216405e+03 -1.03929880e-01 
 2.52102582e+03 -1.10406713e-02  2.52102582e+03 -1.05394200e-01 
 2.55022184e+03 -1.10392569e-02  2.55022184e+03 -1.06872497e-01 
 2.57975598e+03 -1.10378098e-02  2.57975598e+03 -1.08364969e-01 
 2.60963216e+03 -1.10363292e-02  2.60963216e+03 -1.09871812e-01 
 2.63985434e+03 -1.10348142e-02  2.63985434e+03 -1.11393228e-01 
 2.67042651e+03 -1.10332642e-02  2.67042651e+03 -1.12929418e-01 
 2.70135274e+03 -1.10316781e-02  2.70135274e+03 -1.14480586e-01 
 2.73263713e+03 -1.10300553e-02  2.73263713e+03 -1.16046938e-01 
 2.76428383e+03 -1.10283949e-02  2.76428383e+03 -1.17628681e-01 
 2.79629703e+03 -1.10266959e-02  2.79629703e+03 -1.19226025e-01 
 2.82868097e+03 -1.10249575e-02  2.82868097e+03 -1.20839183e-01 
 2.86143995e+03 -1.10231787e-02  2.86143995e+03 -1.22468369e-01 
 2.89457831e+03 -1.10213587e-02  2.89457831e+03 -1.24113798e-01 
 2.92810044e+03 -1.10194964e-02  2.92810044e+03 -1.25775689e-01 
 2.96201080e+03 -1.10175909e-02  2.96201080e+03 -1.27454264e-01 
 2.99631387e+03 -1.10156411e-02  2.99631387e+03 -1.29149743e-01 
 3.03101421e+03 -1.10136460e-02  3.03101421e+03 -1.30862353e-01 
 3.06611641e+03 -1.10116046e-02  3.06611641e+03 -1.32592322e-01 
 3.10162514e+03 -1.10095157e-02  3.10162514e+03 -1.34339877e-01 
 3.13754508e+03 -1.10073783e-02  3.13754508e+03 -1.36105252e-01 
 3.17388102e+03 -1.10051913e-02  3.17388102e+03 -1.37888681e-01 
 3.21063777e+03 -1.10029534e-02  3.21063777e+03 -1.39690401e-01 
 3.24782019e+03 -1.10006636e-02  3.24782019e+03 -1.41510650e-01 
 3.28543323e+03 -1.09983205e-02  3.28543323e+03 -1.43349671e-01 
 3.32348186e+03 -1.09959229e-02  3.32348186e+03 -1.45207707e-01 
 3.36197113e+03 -1.09934696e-02  3.36197113e+03 -1.47085006e-01 
 3.40090615e+03 -1.09909593e-02  3.40090615e+03 -1.48981816e-01 
 3.44029207e+03 -1.09883906e-02  3.44029207e+03 -1.50898390e-01 
 3.48013412e+03 -1.09857622e-02  3.48013412e+03 -1.52834981e-01 
 3.52043759e+03 -1.09830727e-02  3.52043759e+03 -1.54791847e-01 
 3.56120781e+03 -1.09803206e-02  3.56120781e+03 -1.56769249e-01 
 3.60245019e+03 -1.09775046e-02  3.60245019e+03 -1.58767447e-01 
 3.64417019e+03 -1.09746230e-02  3.64417019e+03 -1.60786709e-01 
 3.68637336e+03 -1.09716744e-02  3.68637336e+03 -1.62827301e-01 
 3.72906528e+03 -1.09686572e-02  3.72906528e+03 -1.64889496e-01 
 3.77225162e+03 -1.09655699e-02  3.77225162e+03 -1.66973566e-01 
 3.81593810e+03 -1.09624107e-02  3.81593810e+03 -1.69079789e-01 
 3.86013052e+03 -1.09591781e-02  3.86013052e+03 -1.71208444e-01 
 3.90483472e+03 -1.09558702e-02  3.90483472e+03 -1.73359815e-01 
 3.95005665e+03 -1.09524854e-02  3.95005665e+03 -1.75534187e-01 
 3.99580229e+03 -1.09490219e-02  3.99580229e+03 -1.77731849e-01 
 4.04207771e+03 -1.09454778e-02  4.04207771e+03 -1.79953092e-01 
 4.08888905e+03 -1.09418512e-02  4.08888905e+03 -1.82198212e-01 
 4.13624251e+03 -1.09381402e-02  4.13624251e+03 -1.84467508e-01 
 4.18414437e+03 -1.09343429e-02  4.18414437e+03 -1.86761280e-01 
 4.23260098e+03 -1.09304572e-02  4.23260098e+03 -1.89079834e-01 
 4.28161877e+03 -1.09264812e-02  4.28161877e+03 -1.91423478e-01 
 4.33120424e+03 -1.09224126e-02  4.33120424e+03 -1.93792523e-01 
 4.38136395e+03 -1.09182493e-02  4.38136395e+03 -1.96187284e-01 
 4.43210457e+03 -1.09139891e-02  4.43210457e+03 -1.98608079e-01 
 4.48343281e+03 -1.09096299e-02  4.48343281e+03 -2.01055230e-01 
 4.53535548e+03 -1.09051691e-02  4.53535548e+03 -2.03529062e-01 
 4.58787948e+03 -1.09006046e-02  4.58787948e+03 -2.06029905e-01 
 4.64101175e+03 -1.08959339e-02  4.64101175e+03 -2.08558090e-01 
 4.69475935e+03 -1.08911544e-02  4.69475935e+03 -2.11113954e-01 
 4.74912940e+03 -1.08862638e-02  4.74912940e+03 -2.13697836e-01 
 4.80412911e+03 -1.08812593e-02  4.80412911e+03 -2.16310081e-01 
 4.85976577e+03 -1.08761384e-02  4.85976577e+03 -2.18951035e-01 
 4.91604676e+03 -1.08708983e-02  4.91604676e+03 -2.21621050e-01 
 4.97297954e+03 -1.08655362e-02  4.97297954e+03 -2.24320481e-01 
 5.03057166e+03 -1.08600494e-02  5.03057166e+03 -2.27049687e-01 
 5.08883076e+03 -1.08544349e-02  5.08883076e+03 -2.29809030e-01 
 5.14776455e+03 -1.08486897e-02  5.14776455e+03 -2.32598879e-01 
 5.20738086e+03 -1.08428108e-02  5.20738086e+03 -2.35419604e-01 
 5.26768758e+03 -1.08367951e-02  5.26768758e+03 -2.38271580e-01 
 5.32869272e+03 -1.08306394e-02  5.32869272e+03 -2.41155187e-01 
 5.39040436e+03 -1.08243405e-02  5.39040436e+03 -2.44070808e-01 
 5.45283068e+03 -1.08178949e-02  5.45283068e+03 -2.47018832e-01 
 5.51597996e+03 -1.08112994e-02  5.51597996e+03 -2.49999651e-01 
 5.57986057e+03 -1.08045504e-02  5.57986057e+03 -2.53013662e-01 
 5.64448099e+03 -1.07976444e-02  5.64448099e+03 -2.56061266e-01 
 5.70984977e+03 -1.07905776e-02  5.70984977e+03 -2.59142868e-01 
 5.77597559e+03 -1.07833464e-02  5.77597559e+03 -2.62258880e-01 
 5.84286722e+03 -1.07759469e-02  5.84286722e+03 -2.65409715e-01 
 5.91053351e+03 -1.07683753e-02  5.91053351e+03 -2.68595794e-01 
 5.97898345e+03 -1.07606274e-02  5.97898345e+03 -2.71817541e-01 
 6.04822611e+03 -1.07526993e-02  6.04822611e+03 -2.75075384e-01 
 6.11827067e+03 -1.07445867e-02  6.11827067e+03 -2.78369759e-01 
 6.18912642e+03 -1.07362853e-02  6.18912642e+03 -2.81701103e-01 
 6.26080275e+03 -1.07277907e-02  6.26080275e+03 -2.85069861e-01 
 6.33330916e+03 -1.07190986e-02  6.33330916e+03 -2.88476481e-01 
 6.40665527e+03 -1.07102041e-02  6.40665527e+03 -2.91921419e-01 
 6.48085080e+03 -1.07011028e-02  6.48085080e+03 -2.95405131e-01 
 6.55590559e+03 -1.06917897e-02  6.55590559e+03 -2.98928085e-01 
 6.63182959e+03 -1.06822599e-02  6.63182959e+03 -3.02490748e-01 
 6.70863287e+03 -1.06725084e-02  6.70863287e+03 -3.06093596e-01 
 6.78632561e+03 -1.06625300e-02  6.78632561e+03 -3.09737109e-01 
 6.86491811e+03 -1.06523195e-02  6.86491811e+03 -3.13421774e-01 
 6.94442078e+03 -1.06418714e-02  6.94442078e+03 -3.17148081e-01 
 7.02484418e+03 -1.06311803e-02  7.02484418e+03 -3.20916529e-01 
 7.10619897e+03 -1.06202405e-02  7.10619897e+03 -3.24727619e-01 
 7.18849592e+03 -1.06090463e-02  7.18849592e+03 -3.28581861e-01 
 7.27174595e+03 -1.05975916e-02  7.27174595e+03 -3.32479769e-01 
 7.35596011e+03 -1.05858705e-02  7.35596011e+03 -3.36421862e-01 
 7.44114955e+03 -1.05738768e-02  7.44114955e+03 -3.40408669e-01 
 7.52732557e+03 -1.05616041e-02  7.52732557e+03 -3.44440720e-01 
 7.61449959e+03 -1.05490460e-02  7.61449959e+03 -3.48518555e-01 
 7.70268318e+03 -1.05361958e-02  7.70268318e+03 -3.52642719e-01 
 7.79188802e+03 -1.05230468e-02  7.79188802e+03 -3.56813761e-01 
 7.88212595e+03 -1.05095919e-02  7.88212595e+03 -3.61032240e-01 
 7.97340892e+03 -1.04958242e-02  7.97340892e+03 -3.65298719e-01 
 8.06574904e+03 -1.04817363e-02  8.06574904e+03 -3.69613769e-01 
 8.15915855e+03 -1.04673209e-02  8.15915855e+03 -3.73977967e-01 
 8.25364983e+03 -1.04525702e-02  8.25364983e+03 -3.78391897e-01 
 8.34923543e+03 -1.04374766e-02  8.34923543e+03 -3.82856148e-01 
 8.44592800e+03 -1.04220321e-02  8.44592800e+03 -3.87371318e-01 
 8.54374036e+03 -1.04062284e-02  8.54374036e+03 -3.91938011e-01 
 8.64268550e+03 -1.03900574e-02  8.64268550e+03 -3.96556839e-01 
 8.74277651e+03 -1.03735104e-02  8.74277651e+03 -4.01228419e-01 
 8.84402669e+03 -1.03565788e-02  8.84402669e+03 -4.05953378e-01 
 8.94644944e+03 -1.03392536e-02  8.94644944e+03 -4.10732348e-01 
 9.05005835e+03 -1.03215257e-02  9.05005835e+03 -4.15565969e-01 
 9.15486716e+03 -1.03033858e-02  9.15486716e+03 -4.20454889e-01 
 9.26088975e+03 -1.02848243e-02  9.26088975e+03 -4.25399764e-01 
 9.36814020e+03 -1.02658314e-02  9.36814020e+03 -4.30401255e-01 
 9.47663271e+03 -1.02463971e-02  9.47663271e+03 -4.35460035e-01 
 9.58638168e+03 -1.02265112e-02  9.58638168e+03 -4.40576781e-01 
 9.69740165e+03 -1.02061632e-02  9.69740165e+03 -4.45752180e-01 
 9.80970735e+03 -1.01853425e-02  9.80970735e+03 -4.50986927e-01 
 9.92331366e+03 -1.01640379e-02  9.92331366e+03 -4.56281724e-01 
 1.00382356e+04 -1.01422385e-02  1.00382356e+04 -4.61637283e-01 
 1.01544885e+04 -1.01199326e-02  1.01544885e+04 -4.67054322e-01 
 1.02720878e+04 -1.00971086e-02  1.02720878e+04 -4.72533569e-01 
 1.03910489e+04 -1.00737544e-02  1.03910489e+04 -4.78075762e-01 
 1.05113877e+04 -1.00498578e-02  1.05113877e+04 -4.83681645e-01 
 1.06331202e+04 -1.00254062e-02  1.06331202e+04 -4.89351971e-01 
 1.07562625e+04 -1.00003868e-02  1.07562625e+04 -4.95087505e-01 
 1.08808308e+04 -9.97478637e-03  1.08808308e+04 -5.00889017e-01 
 1.10068418e+04 -9.94859151e-03  1.10068418e+04 -5.06757290e-01 
 1.11343122e+04 -9.92178847e-03  1.11343122e+04 -5.12693112e-01 
 1.12632587e+04 -9.89436317e-03  1.12632587e+04 -5.18697284e-01 
 1.13936986e+04 -9.86630121e-03  1.13936986e+04 -5.24770615e-01 
 1.15256492e+04 -9.83758786e-03  1.15256492e+04 -5.30913924e-01 
 1.16591278e+04 -9.80820807e-03  1.16591278e+04 -5.37128040e-01 
 1.17941523e+04 -9.77814641e-03  1.17941523e+04 -5.43413800e-01 
 1.19307404e+04 -9.74738714e-03  1.19307404e+04 -5.49772054e-01 
 1.20689105e+04 -9.71591411e-03  1.20689105e+04 -5.56203660e-01 
 1.22086806e+04 -9.68371084e-03  1.22086806e+04 -5.62709486e-01 
 1.23500695e+04 -9.65076045e-03  1.23500695e+04 -5.69290413e-01 
 1.24930957e+04 -9.61704568e-03  1.24930957e+04 -5.75947329e-01 
 1.26377784e+04 -9.58254888e-03  1.26377784e+04 -5.82681136e-01 
 1.27841366e+04 -9.54725199e-03  1.27841366e+04 -5.89492744e-01 
 1.29321898e+04 -9.51113653e-03  1.29321898e+04 -5.96383077e-01 
 1.30819576e+04 -9.47418361e-03  1.30819576e+04 -6.03353067e-01 
 1.32334599e+04 -9.43637390e-03  1.32334599e+04 -6.10403659e-01 
 1.33867167e+04 -9.39768764e-03  1.33867167e+04 -6.17535809e-01 
 1.35417484e+04 -9.35810459e-03  1.35417484e+04 -6.24750485e-01 
 1.36985755e+04 -9.31760409e-03  1.36985755e+04 -6.32048666e-01 
 1.38572188e+04 -9.27616498e-03  1.38572188e+04 -6.39431343e-01 
 1.40176994e+04 -9.23376561e-03  1.40176994e+04 -6.46899520e-01 
 1.41800385e+04 -9.19038387e-03  1.41800385e+04 -6.54454211e-01 
 1.43442576e+04 -9.14599711e-03  1.43442576e+04 -6.62096445e-01 
 1.45103786e+04 -9.10058218e-03  1.45103786e+04 -6.69827261e-01 
 1.46784234e+04 -9.05411542e-03  1.46784234e+04 -6.77647713e-01 
 1.48484144e+04 -9.00657260e-03  1.48484144e+04 -6.85558867e-01 
 1.50203740e+04 -8.95792896e-03  1.50203740e+04 -6.93561801e-01 
 1.51943251e+04 -8.90815916e-03  1.51943251e+04 -7.01657608e-01 
 1.53702907e+04 -8.85723732e-03  1.53702907e+04 -7.09847392e-01 
 1.55482942e+04 -8.80513693e-03  1.55482942e+04 -7.18132274e-01 
 1.57283591e+04 -8.75183090e-03  1.57283591e+04 -7.26513385e-01 
 1.59105094e+04 -8.69729152e-03  1.59105094e+04 -7.34991872e-01 
 1.60947691e+04 -8.64149047e-03  1.60947691e+04 -7.43568897e-01 
 1.62811628e+04 -8.58439876e-03  1.62811628e+04 -7.52245635e-01 
 1.64697151e+04 -8.52598677e-03  1.64697151e+04 -7.61023274e-01 
 1.66604510e+04 -8.46622418e-03  1.66604510e+04 -7.69903021e-01 
 1.68533958e+04 -8.40508003e-03  1.68533958e+04 -7.78886094e-01 
 1.70485751e+04 -8.34252261e-03  1.70485751e+04 -7.87973728e-01 
 1.72460148e+04 -8.27851954e-03  1.72460148e+04 -7.97167173e-01 
 1.74457411e+04 -8.21303768e-03  1.74457411e+04 -8.06467694e-01 
 1.76477804e+04 -8.14604315e-03  1.76477804e+04 -8.15876574e-01 
 1.78521595e+04 -8.07750132e-03  1.78521595e+04 -8.25395110e-01 
 1.80589055e+04 -8.00737676e-03  1.80589055e+04 -8.35024614e-01 
 1.82680458e+04 -7.93563328e-03  1.82680458e+04 -8.44766419e-01 
 1.84796082e+04 -7.86223383e-03  1.84796082e+04 -8.54621870e-01 
 1.86936208e+04 -7.78714056e-03  1.86936208e+04 -8.64592332e-01 
 1.89101117e+04 -7.71031477e-03  1.89101117e+04 -8.74679186e-01 
 1.91291099e+04 -7.63171689e-03  1.91291099e+04 -8.84883831e-01 
 1.93506443e+04 -7.55130646e-03  1.93506443e+04 -8.95207684e-01 
 1.95747443e+04 -7.46904212e-03  1.95747443e+04 -9.05652178e-01 
 1.98014396e+04 -7.38488159e-03  1.98014396e+04 -9.16218766e-01 
 2.00307602e+04 -7.29878165e-03  2.00307602e+04 -9.26908921e-01 
 2.02627366e+04 -7.21069809e-03  2.02627366e+04 -9.37724132e-01 
 2.04973996e+04 -7.12058577e-03  2.04973996e+04 -9.48665908e-01 
 2.07347801e+04 -7.02839849e-03  2.07347801e+04 -9.59735778e-01 
 2.09749098e+04 -6.93408905e-03  2.09749098e+04 -9.70935290e-01 
 2.12178204e+04 -6.83760922e-03  2.12178204e+04 -9.82266014e-01 
 2.14635442e+04 -6.73890968e-03  2.14635442e+04 -9.93729536e-01 
 2.17121137e+04 -6.63794002e-03  2.17121137e+04 -1.00532747e+00 
 2.19635619e+04 -6.53464872e-03  2.19635619e+04 -1.01706144e+00 
 2.22179221e+04 -6.42898312e-03  2.22179221e+04 -1.02893310e+00 
 2.24752280e+04 -6.32088942e-03  2.24752280e+04 -1.04094412e+00 
 2.27355138e+04 -6.21031261e-03  2.27355138e+04 -1.05309620e+00 
 2.29988140e+04 -6.09719648e-03  2.29988140e+04 -1.06539105e+00 
 2.32651635e+04 -5.98148359e-03  2.32651635e+04 -1.07783042e+00 
 2.35345976e+04 -5.86311525e-03  2.35345976e+04 -1.09041606e+00 
 2.38071520e+04 -5.74203146e-03  2.38071520e+04 -1.10314977e+00 
 2.40828628e+04 -5.61817094e-03  2.40828628e+04 -1.11603335e+00 
 2.43617666e+04 -5.49147106e-03  2.43617666e+04 -1.12906863e+00 
 2.46439005e+04 -5.36186782e-03  2.46439005e+04 -1.14225748e+00 
 2.49293017e+04 -5.22929584e-03  2.49293017e+04 -1.15560177e+00 
 2.52180082e+04 -5.09368831e-03  2.52180082e+04 -1.16910342e+00 
 2.55100581e+04 -4.95497699e-03  2.55100581e+04 -1.18276435e+00 
 2.58054904e+04 -4.81309215e-03  2.58054904e+04 -1.19658653e+00 
 2.61043440e+04 -4.66796256e-03  2.61043440e+04 -1.21057194e+00 
 2.64066586e+04 -4.51951547e-03  2.64066586e+04 -1.22472261e+00 
 2.67124744e+04 -4.36767653e-03  2.67124744e+04 -1.23904055e+00 
 2.70218318e+04 -4.21236984e-03  2.70218318e+04 -1.25352785e+00 
 2.73347718e+04 -4.05351784e-03  2.73347718e+04 -1.26818661e+00 
 2.76513361e+04 -3.89104132e-03  2.76513361e+04 -1.28301894e+00 
 2.79715664e+04 -3.72485941e-03  2.79715664e+04 -1.29802700e+00 
 2.82955054e+04 -3.55488948e-03  2.82955054e+04 -1.31321297e+00 
 2.86231959e+04 -3.38104717e-03  2.86231959e+04 -1.32857908e+00 
 2.89546814e+04 -3.20324633e-03  2.89546814e+04 -1.34412755e+00 
 2.92900058e+04 -3.02139898e-03  2.92900058e+04 -1.35986068e+00 
 2.96292136e+04 -2.83541531e-03  2.96292136e+04 -1.37578077e+00 
 2.99723498e+04 -2.64520361e-03  2.99723498e+04 -1.39189016e+00 
 3.03194599e+04 -2.45067023e-03  3.03194599e+04 -1.40819122e+00 
 3.06705898e+04 -2.25171960e-03  3.06705898e+04 -1.42468636e+00 
 3.10257862e+04 -2.04825412e-03  3.10257862e+04 -1.44137802e+00 
 3.13850961e+04 -1.84017419e-03  3.13850961e+04 -1.45826867e+00 
 3.17485672e+04 -1.62737814e-03  3.17485672e+04 -1.47536084e+00 
 3.21162476e+04 -1.40976219e-03  3.21162476e+04 -1.49265705e+00 
 3.24881861e+04 -1.18722042e-03  3.24881861e+04 -1.51015991e+00 
 3.28644321e+04 -9.59644756e-04  3.28644321e+04 -1.52787202e+00 
 3.32450354e+04 -7.26924896e-04  3.32450354e+04 -1.54579605e+00 
 3.36300464e+04 -4.88948292e-04  3.36300464e+04 -1.56393469e+00 
 3.40195163e+04 -2.45600110e-04  3.40195163e+04 -1.58229069e+00 
 3.44134966e+04  3.23680898e-06  3.44134966e+04 -1.60086680e+00 
 3.48120396e+04  2.57681989e-04  3.48120396e+04 -1.61966587e+00 
 3.52151982e+04  5.17857354e-04  3.52151982e+04 -1.63869073e+00 
 3.56230257e+04  7.83887272e-04  3.56230257e+04 -1.65794430e+00 
 3.60355763e+04  1.05589859e-03  3.60355763e+04 -1.67742951e+00 
 3.64529046e+04  1.33402067e-03  3.64529046e+04 -1.69714936e+00 
 3.68750660e+04  1.61838543e-03  3.68750660e+04 -1.71710687e+00 
 3.73021165e+04  1.90912741e-03  3.73021165e+04 -1.73730513e+00 
 3.77341126e+04  2.20638374e-03  3.77341126e+04 -1.75774726e+00 
 3.81711117e+04  2.51029427e-03  3.81711117e+04 -1.77843642e+00 
 3.86131717e+04  2.82100153e-03  3.86131717e+04 -1.79937585e+00 
 3.90603512e+04  3.13865083e-03  3.90603512e+04 -1.82056880e+00 
 3.95127095e+04  3.46339026e-03  3.95127095e+04 -1.84201860e+00 
 3.99703065e+04  3.79537073e-03  3.99703065e+04 -1.86372861e+00 
 4.04332030e+04  4.13474604e-03  4.04332030e+04 -1.88570226e+00 
 4.09014603e+04  4.48167288e-03  4.09014603e+04 -1.90794301e+00 
 4.13751404e+04  4.83631090e-03  4.13751404e+04 -1.93045441e+00 
 4.18543063e+04  5.19882271e-03  4.18543063e+04 -1.95324003e+00 
 4.23390214e+04  5.56937396e-03  4.23390214e+04 -1.97630351e+00 
 4.28293500e+04  5.94813335e-03  4.28293500e+04 -1.99964855e+00 
 4.33253571e+04  6.33527266e-03  4.33253571e+04 -2.02327890e+00 
 4.38271084e+04  6.73096681e-03  4.38271084e+04 -2.04719837e+00 
 4.43346705e+04  7.13539387e-03  4.43346705e+04 -2.07141085e+00 
 4.48481108e+04  7.54873511e-03  4.48481108e+04 -2.09592026e+00 
 4.53674971e+04  7.97117501e-03  4.53674971e+04 -2.12073062e+00 
 4.58928985e+04  8.40290134e-03  4.58928985e+04 -2.14584597e+00 
 4.64243846e+04  8.84410512e-03  4.64243846e+04 -2.17127046e+00 
 4.69620258e+04  9.29498071e-03  4.69620258e+04 -2.19700827e+00 
 4.75058934e+04  9.75572581e-03  4.75058934e+04 -2.22306368e+00 
 4.80560596e+04  1.02265415e-02  4.80560596e+04 -2.24944101e+00 
 4.86125973e+04  1.07076322e-02  4.86125973e+04 -2.27614468e+00 
 4.91755802e+04  1.11992059e-02  4.91755802e+04 -2.30317916e+00 
 4.97450830e+04  1.17014738e-02  4.97450830e+04 -2.33054901e+00 
 5.03211813e+04  1.22146508e-02  5.03211813e+04 -2.35825884e+00 
 5.09039513e+04  1.27389551e-02  5.09039513e+04 -2.38631338e+00 
 5.14934704e+04  1.32746085e-02  5.14934704e+04 -2.41471739e+00 
 5.20898168e+04  1.38218363e-02  5.20898168e+04 -2.44347575e+00 
 5.26930694e+04  1.43808672e-02  5.26930694e+04 -2.47259340e+00 
 5.33033083e+04  1.49519335e-02  5.33033083e+04 -2.50207536e+00 
 5.39206144e+04  1.55352712e-02  5.39206144e+04 -2.53192676e+00 
 5.45450695e+04  1.61311195e-02  5.45450695e+04 -2.56215279e+00 
 5.51767564e+04  1.67397215e-02  5.51767564e+04 -2.59275875e+00 
 5.58157589e+04  1.73613234e-02  5.58157589e+04 -2.62375001e+00 
 5.64621617e+04  1.79961754e-02  5.64621617e+04 -2.65513205e+00 
 5.71160505e+04  1.86445309e-02  5.71160505e+04 -2.68691043e+00 
 5.77775120e+04  1.93066469e-02  5.77775120e+04 -2.71909083e+00 
 5.84466339e+04  1.99827838e-02  5.84466339e+04 -2.75167899e+00 
 5.91235049e+04  2.06732055e-02  5.91235049e+04 -2.78468079e+00 
 5.98082147e+04  2.13781794e-02  5.98082147e+04 -2.81810219e+00 
 6.05008542e+04  2.20979762e-02  6.05008542e+04 -2.85194925e+00 
 6.12015151e+04  2.28328700e-02  6.12015151e+04 -2.88622816e+00 
 6.19102904e+04  2.35831381e-02  6.19102904e+04 -2.92094519e+00 
 6.26272740e+04  2.43490613e-02  6.26272740e+04 -2.95610675e+00 
 6.33525610e+04  2.51309234e-02  6.33525610e+04 -2.99171934e+00 
 6.40862476e+04  2.59290114e-02  6.40862476e+04 -3.02778958e+00 
 6.48284310e+04  2.67436154e-02  6.48284310e+04 -3.06432423e+00 
 6.55792097e+04  2.75750286e-02  6.55792097e+04 -3.10133013e+00 
 6.63386831e+04  2.84235469e-02  6.63386831e+04 -3.13881428e+00 
 6.71069519e+04  2.92894693e-02  6.71069519e+04 -3.17678378e+00 
 6.78841182e+04  3.01730974e-02  6.78841182e+04 -3.21524587e+00 
 6.86702847e+04  3.10747353e-02  6.86702847e+04 -3.25420793e+00 
 6.94655559e+04  3.19946900e-02  6.94655559e+04 -3.29367745e+00 
 7.02700371e+04  3.29332706e-02  7.02700371e+04 -3.33366206e+00 
 7.10838351e+04  3.38907886e-02  7.10838351e+04 -3.37416955e+00 
 7.19070576e+04  3.48675576e-02  7.19070576e+04 -3.41520783e+00 
 7.27398139e+04  3.58638932e-02  7.27398139e+04 -3.45678495e+00 
 7.35822143e+04  3.68801128e-02  7.35822143e+04 -3.49890913e+00 
 7.44343706e+04  3.79165355e-02  7.44343706e+04 -3.54158871e+00 
 7.52963957e+04  3.89734819e-02  7.52963957e+04 -3.58483220e+00 
 7.61684039e+04  4.00512740e-02  7.61684039e+04 -3.62864827e+00 
 7.70505109e+04  4.11502345e-02  7.70505109e+04 -3.67304573e+00 
 7.79428335e+04  4.22706874e-02  7.79428335e+04 -3.71803357e+00 
 7.88454902e+04  4.34129571e-02  7.88454902e+04 -3.76362092e+00 
 7.97586005e+04  4.45773684e-02  7.97586005e+04 -3.80981710e+00 
 8.06822855e+04  4.57642465e-02  8.06822855e+04 -3.85663159e+00 
 8.16166678e+04  4.69739161e-02  8.16166678e+04 -3.90407404e+00 
 8.25618712e+04  4.82067017e-02  8.25618712e+04 -3.95215429e+00 
 8.35180209e+04  4.94629271e-02  8.35180209e+04 -4.00088234e+00 
 8.44852439e+04  5.07429151e-02  8.44852439e+04 -4.05026839e+00 
 8.54636682e+04  5.20469870e-02  8.54636682e+04 -4.10032281e+00 
 8.64534237e+04  5.33754626e-02  8.64534237e+04 -4.15105617e+00 
 8.74546416e+04  5.47286595e-02  8.74546416e+04 -4.20247923e+00 
 8.84674546e+04  5.61068928e-02  8.84674546e+04 -4.25460294e+00 
 8.94919970e+04  5.75104750e-02  8.94919970e+04 -4.30743846e+00 
 9.05284046e+04  5.89397152e-02  9.05284046e+04 -4.36099715e+00 
 9.15768148e+04  6.03949189e-02  9.15768148e+04 -4.41529055e+00 
 9.26373667e+04  6.18763872e-02  9.26373667e+04 -4.47033044e+00 
 9.37102009e+04  6.33844170e-02  9.37102009e+04 -4.52612880e+00 
 9.47954596e+04  6.49192997e-02  9.47954596e+04 -4.58269783e+00 
 9.58932866e+04  6.64813214e-02  9.58932866e+04 -4.64004993e+00 
 9.70038276e+04  6.80707619e-02  9.70038276e+04 -4.69819775e+00 
 9.81272298e+04  6.96878942e-02  9.81272298e+04 -4.75715413e+00 
 9.92636421e+04  7.13329844e-02  9.92636421e+04 -4.81693217e+00 
 1.00413215e+05  7.30062901e-02  1.00413215e+05 -4.87754518e+00 
 1.01576102e+05  7.47080611e-02  1.01576102e+05 -4.93900672e+00 
 1.02752455e+05  7.64385375e-02  1.02752455e+05 -5.00133056e+00 
 1.03942432e+05  7.81979499e-02  1.03942432e+05 -5.06453075e+00 
 1.05146191e+05  7.99865182e-02  1.05146191e+05 -5.12862154e+00 
 1.06363890e+05  8.18044514e-02  1.06363890e+05 -5.19361746e+00 
 1.07595691e+05  8.36519462e-02  1.07595691e+05 -5.25953327e+00 
 1.08841757e+05  8.55291867e-02  1.08841757e+05 -5.32638399e+00 
 1.10102255e+05  8.74363437e-02  1.10102255e+05 -5.39418488e+00 
 1.11377350e+05  8.93735736e-02  1.11377350e+05 -5.46295148e+00 
 1.12667212e+05  9.13410174e-02  1.12667212e+05 -5.53269956e+00 
 1.13972012e+05  9.33388005e-02  1.13972012e+05 -5.60344518e+00 
 1.15291923e+05  9.53670312e-02  1.15291923e+05 -5.67520465e+00 
 1.16627120e+05  9.74258001e-02  1.16627120e+05 -5.74799454e+00 
 1.17977779e+05  9.95151790e-02  1.17977779e+05 -5.82183169e+00 
 1.19344081e+05  1.01635220e-01  1.19344081e+05 -5.89673323e+00 
 1.20726206e+05  1.03785955e-01  1.20726206e+05 -5.97271654e+00 
 1.22124337e+05  1.05967394e-01  1.22124337e+05 -6.04979927e+00 
 1.23538660e+05  1.08179524e-01  1.23538660e+05 -6.12799937e+00 
 1.24969363e+05  1.10422308e-01  1.24969363e+05 -6.20733504e+00 
 1.26416634e+05  1.12695685e-01  1.26416634e+05 -6.28782476e+00 
 1.27880666e+05  1.14999569e-01  1.27880666e+05 -6.36948730e+00 
 1.29361653e+05  1.17333844e-01  1.29361653e+05 -6.45234171e+00 
 1.30859792e+05  1.19698369e-01  1.30859792e+05 -6.53640731e+00 
 1.32375280e+05  1.22092972e-01  1.32375280e+05 -6.62170370e+00 
 1.33908319e+05  1.24517451e-01  1.33908319e+05 -6.70825075e+00 
 1.35459113e+05  1.26971572e-01  1.35459113e+05 -6.79606864e+00 
 1.37027866e+05  1.29455069e-01  1.37027866e+05 -6.88517780e+00 
 1.38614787e+05  1.31967640e-01  1.38614787e+05 -6.97559894e+00 
 1.40220086e+05  1.34508951e-01  1.40220086e+05 -7.06735307e+00 
 1.41843976e+05  1.37078627e-01  1.41843976e+05 -7.16046146e+00 
 1.43486672e+05  1.39676259e-01  1.43486672e+05 -7.25494564e+00 
 1.45148393e+05  1.42301396e-01  1.45148393e+05 -7.35082745e+00 
 1.46829358e+05  1.44953550e-01  1.46829358e+05 -7.44812897e+00 
 1.48529790e+05  1.47632187e-01  1.48529790e+05 -7.54687256e+00 
 1.50249915e+05  1.50336732e-01  1.50249915e+05 -7.64708085e+00 
 1.51989960e+05  1.53066567e-01  1.51989960e+05 -7.74877672e+00 
 1.53750157e+05  1.55821026e-01  1.53750157e+05 -7.85198333e+00 
 1.55530739e+05  1.58599397e-01  1.55530739e+05 -7.95672407e+00 
 1.57331942e+05  1.61400920e-01  1.57331942e+05 -8.06302261e+00 
 1.59154005e+05  1.64224784e-01  1.59154005e+05 -8.17090284e+00 
 1.60997169e+05  1.67070129e-01  1.60997169e+05 -8.28038892e+00 
 1.62861678e+05  1.69936041e-01  1.62861678e+05 -8.39150523e+00 
 1.64747781e+05  1.72821553e-01  1.64747781e+05 -8.50427639e+00 
 1.66655726e+05  1.75725643e-01  1.66655726e+05 -8.61872725e+00 
 1.68585768e+05  1.78647235e-01  1.68585768e+05 -8.73488287e+00 
 1.70538161e+05  1.81585191e-01  1.70538161e+05 -8.85276854e+00 
 1.72513165e+05  1.84538320e-01  1.72513165e+05 -8.97240975e+00 
 1.74511042e+05  1.87505366e-01  1.74511042e+05 -9.09383219e+00 
 1.76532055e+05  1.90485016e-01  1.76532055e+05 -9.21706173e+00 
 1.78576475e+05  1.93475892e-01  1.78576475e+05 -9.34212446e+00 
 1.80644570e+05  1.96476554e-01  1.80644570e+05 -9.46904662e+00 
 1.82736617e+05  1.99485498e-01  1.82736617e+05 -9.59785462e+00 
 1.84852891e+05  2.02501154e-01  1.84852891e+05 -9.72857504e+00 
 1.86993674e+05  2.05521886e-01  1.86993674e+05 -9.86123461e+00 
 1.89159250e+05  2.08545989e-01  1.89159250e+05 -9.99586018e+00 
 1.91349905e+05  2.11571690e-01  1.91349905e+05 -1.01324788e+01 
 1.93565930e+05  2.14597149e-01  1.93565930e+05 -1.02711175e+01 
 1.95807618e+05  2.17620453e-01  1.95807618e+05 -1.04118035e+01 
 1.98075268e+05  2.20639619e-01  1.98075268e+05 -1.05545643e+01 
 2.00369179e+05  2.23652592e-01  2.00369179e+05 -1.06994271e+01 
 2.02689657e+05  2.26657246e-01  2.02689657e+05 -1.08464195e+01 
 2.05037007e+05  2.29651381e-01  2.05037007e+05 -1.09955690e+01 
 2.07411543e+05  2.32632721e-01  2.07411543e+05 -1.11469033e+01 
 2.09813578e+05  2.35598920e-01  2.09813578e+05 -1.13004500e+01 
 2.12243431e+05  2.38547555e-01  2.12243431e+05 -1.14562368e+01 
 2.14701424e+05  2.41476127e-01  2.14701424e+05 -1.16142912e+01 
 2.17187883e+05  2.44382066e-01  2.17187883e+05 -1.17746412e+01 
 2.19703138e+05  2.47262721e-01  2.19703138e+05 -1.19373143e+01 
 2.22247522e+05  2.50115369e-01  2.22247522e+05 -1.21023381e+01 
 2.24821372e+05  2.52937209e-01  2.24821372e+05 -1.22697404e+01 
 2.27425030e+05  2.55725367e-01  2.27425030e+05 -1.24395486e+01 
 2.30058842e+05  2.58476891e-01  2.30058842e+05 -1.26117904e+01 
 2.32723155e+05  2.61188753e-01  2.32723155e+05 -1.27864930e+01 
 2.35418324e+05  2.63857850e-01  2.35418324e+05 -1.29636839e+01 
 2.38144706e+05  2.66481006e-01  2.38144706e+05 -1.31433903e+01 
 2.40902662e+05  2.69054968e-01  2.40902662e+05 -1.33256392e+01 
 2.43692558e+05  2.71576408e-01  2.43692558e+05 -1.35104577e+01 
 2.46514763e+05  2.74041926e-01  2.46514763e+05 -1.36978727e+01 
 2.49369653e+05  2.76448049e-01  2.49369653e+05 -1.38879107e+01 
 2.52257605e+05  2.78791229e-01  2.52257605e+05 -1.40805984e+01 
 2.55179003e+05  2.81067848e-01  2.55179003e+05 -1.42759619e+01 
 2.58134233e+05  2.83274218e-01  2.58134233e+05 -1.44740274e+01 
 2.61123688e+05  2.85406579e-01  2.61123688e+05 -1.46748210e+01 
 2.64147764e+05  2.87461102e-01  2.64147764e+05 -1.48783681e+01 
 2.67206861e+05  2.89433892e-01  2.67206861e+05 -1.50846943e+01 
 2.70301386e+05  2.91320984e-01  2.70301386e+05 -1.52938247e+01 
 2.73431749e+05  2.93118351e-01  2.73431749e+05 -1.55057844e+01 
 2.76598365e+05  2.94821898e-01  2.76598365e+05 -1.57205979e+01 
 2.79801653e+05  2.96427470e-01  2.79801653e+05 -1.59382896e+01 
 2.83042038e+05  2.97930847e-01  2.83042038e+05 -1.61588837e+01 
 2.86319950e+05  2.99327752e-01  2.86319950e+05 -1.63824039e+01 
 2.89635824e+05  3.00613846e-01  2.89635824e+05 -1.66088736e+01 
 2.92990099e+05  3.01784735e-01  2.92990099e+05 -1.68383160e+01 
 2.96383220e+05  3.02835970e-01  2.96383220e+05 -1.70707539e+01 
 2.99815637e+05  3.03763045e-01  2.99815637e+05 -1.73062097e+01 
 3.03287805e+05  3.04561405e-01  3.03287805e+05 -1.75447056e+01 
 3.06800183e+05  3.05226441e-01  3.06800183e+05 -1.77862631e+01 
 3.10353239e+05  3.05753500e-01  3.10353239e+05 -1.80309038e+01 
 3.13947443e+05  3.06137878e-01  3.13947443e+05 -1.82786485e+01 
 3.17583271e+05  3.06374827e-01  3.17583271e+05 -1.85295178e+01 
 3.21261205e+05  3.06459556e-01  3.21261205e+05 -1.87835320e+01 
 3.24981734e+05  3.06387235e-01  3.24981734e+05 -1.90407108e+01 
 3.28745351e+05  3.06152991e-01  3.28745351e+05 -1.93010736e+01 
 3.32552554e+05  3.05751915e-01  3.32552554e+05 -1.95646393e+01 
 3.36403848e+05  3.05179064e-01  3.36403848e+05 -1.98314266e+01 
 3.40299744e+05  3.04429460e-01  3.40299744e+05 -2.01014534e+01 
 3.44240758e+05  3.03498094e-01  3.44240758e+05 -2.03747376e+01 
 3.48227413e+05  3.02379929e-01  3.48227413e+05 -2.06512963e+01 
 3.52260238e+05  3.01069898e-01  3.52260238e+05 -2.09311465e+01 
 3.56339767e+05  2.99562911e-01  3.56339767e+05 -2.12143044e+01 
 3.60466541e+05  2.97853854e-01  3.60466541e+05 -2.15007859e+01 
 3.64641107e+05  2.95937591e-01  3.64641107e+05 -2.17906067e+01 
 3.68864019e+05  2.93808968e-01  3.68864019e+05 -2.20837817e+01 
 3.73135837e+05  2.91462813e-01  3.73135837e+05 -2.23803256e+01 
 3.77457126e+05  2.88893938e-01  3.77457126e+05 -2.26802523e+01 
 3.81828460e+05  2.86097143e-01  3.81828460e+05 -2.29835758e+01 
 3.86250419e+05  2.83067216e-01  3.86250419e+05 -2.32903091e+01 
 3.90723589e+05  2.79798937e-01  3.90723589e+05 -2.36004650e+01 
 3.95248562e+05  2.76287077e-01  3.95248562e+05 -2.39140559e+01 
 3.99825939e+05  2.72526403e-01  3.99825939e+05 -2.42310937e+01 
 4.04456327e+05  2.68511677e-01  4.04456327e+05 -2.45515896e+01 
 4.09140339e+05  2.64237661e-01  4.09140339e+05 -2.48755547e+01 
 4.13878597e+05  2.59699117e-01  4.13878597e+05 -2.52029995e+01 
 4.18671729e+05  2.54890810e-01  4.18671729e+05 -2.55339340e+01 
 4.23520370e+05  2.49807507e-01  4.23520370e+05 -2.58683678e+01 
 4.28425163e+05  2.44443984e-01  4.28425163e+05 -2.62063099e+01 
 4.33386759e+05  2.38795023e-01  4.33386759e+05 -2.65477691e+01 
 4.38405814e+05  2.32855418e-01  4.38405814e+05 -2.68927536e+01 
 4.43482996e+05  2.26619971e-01  4.43482996e+05 -2.72412712e+01 
 4.48618977e+05  2.20083502e-01  4.48618977e+05 -2.75933291e+01 
 4.53814437e+05  2.13240845e-01  4.53814437e+05 -2.79489342e+01 
 4.59070066e+05  2.06086848e-01  4.59070066e+05 -2.83080929e+01 
 4.64386560e+05  1.98616384e-01  4.64386560e+05 -2.86708113e+01 
 4.69764625e+05  1.90824342e-01  4.69764625e+05 -2.90370948e+01 
 4.75204974e+05  1.82705636e-01  4.75204974e+05 -2.94069486e+01 
 4.80708327e+05  1.74255206e-01  4.80708327e+05 -2.97803772e+01 
 4.86275414e+05  1.65468016e-01  4.86275414e+05 -3.01573849e+01 
 4.91906974e+05  1.56339060e-01  4.91906974e+05 -3.05379754e+01 
 4.97603753e+05  1.46863362e-01  4.97603753e+05 -3.09221520e+01 
 5.03366507e+05  1.37035978e-01  5.03366507e+05 -3.13099177e+01 
 5.09195999e+05  1.26851999e-01  5.09195999e+05 -3.17012750e+01 
 5.15093002e+05  1.16306552e-01  5.15093002e+05 -3.20962257e+01 
 5.21058299e+05  1.05394802e-01  5.21058299e+05 -3.24947717e+01 
 5.27092679e+05  9.41119534e-02  5.27092679e+05 -3.28969139e+01 
 5.33196944e+05  8.24532536e-02  5.33196944e+05 -3.33026532e+01 
 5.39371903e+05  7.04139940e-02  5.39371903e+05 -3.37119900e+01 
 5.45618374e+05  5.79895124e-02  5.45618374e+05 -3.41249240e+01 
 5.51937185e+05  4.51751950e-02  5.51937185e+05 -3.45414549e+01 
 5.58329174e+05  3.19664785e-02  5.58329174e+05 -3.49615817e+01 
 5.64795189e+05  1.83588525e-02  5.64795189e+05 -3.53853030e+01 
 5.71336088e+05  4.34786160e-03  5.71336088e+05 -3.58126172e+01 
 5.77952736e+05 -1.00708922e-02  5.77952736e+05 -3.62435221e+01 
 5.84646012e+05 -2.49017474e-02  5.84646012e+05 -3.66780151e+01 
 5.91416802e+05 -4.01489804e-02  5.91416802e+05 -3.71160934e+01 
 5.98266006e+05 -5.58168031e-02  5.98266006e+05 -3.75577535e+01 
 6.05194529e+05 -7.19093607e-02  6.05194529e+05 -3.80029918e+01 
 6.12203293e+05 -8.84307289e-02  6.12203293e+05 -3.84518042e+01 
 6.19293224e+05 -1.05384911e-01  6.19293224e+05 -3.89041861e+01 
 6.26465265e+05 -1.22775838e-01  6.26465265e+05 -3.93601328e+01 
 6.33720365e+05 -1.40607359e-01  6.33720365e+05 -3.98196389e+01 
 6.41059486e+05 -1.58883249e-01  6.41059486e+05 -4.02826990e+01 
 6.48483601e+05 -1.77607196e-01  6.48483601e+05 -4.07493070e+01 
 6.55993696e+05 -1.96782805e-01  6.55993696e+05 -4.12194567e+01 
 6.63590765e+05 -2.16413591e-01  6.63590765e+05 -4.16931414e+01 
 6.71275815e+05 -2.36502980e-01  6.71275815e+05 -4.21703542e+01 
 6.79049866e+05 -2.57054303e-01  6.79049866e+05 -4.26510877e+01 
 6.86913949e+05 -2.78070793e-01  6.86913949e+05 -4.31353345e+01 
 6.94869105e+05 -2.99555586e-01  6.94869105e+05 -4.36230865e+01 
 7.02916391e+05 -3.21511713e-01  7.02916391e+05 -4.41143355e+01 
 7.11056872e+05 -3.43942100e-01  7.11056872e+05 -4.46090732e+01 
 7.19291628e+05 -3.66849563e-01  7.19291628e+05 -4.51072906e+01 
 7.27621750e+05 -3.90236807e-01  7.27621750e+05 -4.56089789e+01 
 7.36048344e+05 -4.14106423e-01  7.36048344e+05 -4.61141288e+01 
 7.44572527e+05 -4.38460883e-01  7.44572527e+05 -4.66227306e+01 
 7.53195428e+05 -4.63302537e-01  7.53195428e+05 -4.71347749e+01 
 7.61918191e+05 -4.88633612e-01  7.61918191e+05 -4.76502516e+01 
 7.70741972e+05 -5.14456207e-01  7.70741972e+05 -4.81691506e+01 
 7.79667942e+05 -5.40772291e-01  7.79667942e+05 -4.86914618e+01 
 7.88697283e+05 -5.67583699e-01  7.88697283e+05 -4.92171746e+01 
 7.97831193e+05 -5.94892131e-01  7.97831193e+05 -4.97462787e+01 
 8.07070883e+05 -6.22699146e-01  8.07070883e+05 -5.02787632e+01 
 8.16417578e+05 -6.51006162e-01  8.16417578e+05 -5.08146176e+01 
 8.25872518e+05 -6.79814449e-01  8.25872518e+05 -5.13538310e+01 
 8.35436955e+05 -7.09125132e-01  8.35436955e+05 -5.18963925e+01 
 8.45112157e+05 -7.38939182e-01  8.45112157e+05 -5.24422914e+01 
 8.54899409e+05 -7.69257419e-01  8.54899409e+05 -5.29915168e+01 
 8.64800006e+05 -8.00080504e-01  8.64800006e+05 -5.35440578e+01 
 8.74815263e+05 -8.31408941e-01  8.74815263e+05 -5.40999038e+01 
 8.84946506e+05 -8.63243070e-01  8.84946506e+05 -5.46590440e+01 
 8.95195080e+05 -8.95583068e-01  8.95195080e+05 -5.52214679e+01 
 9.05562342e+05 -9.28428945e-01  9.05562342e+05 -5.57871651e+01 
 9.16049667e+05 -9.61780543e-01  9.16049667e+05 -5.63561254e+01 
 9.26658447e+05 -9.95637532e-01  9.26658447e+05 -5.69283386e+01 
 9.37390086e+05 -1.02999941e+00  9.37390086e+05 -5.75037951e+01 
 9.48246009e+05 -1.06486550e+00  9.48246009e+05 -5.80824853e+01 
 9.59227655e+05 -1.10023494e+00  9.59227655e+05 -5.86643999e+01 
 9.70336479e+05 -1.13610671e+00  9.70336479e+05 -5.92495302e+01 
 9.81573954e+05 -1.17247959e+00  9.81573954e+05 -5.98378675e+01 
 9.92941571e+05 -1.20935219e+00  9.92941571e+05 -6.04294039e+01 
 1.00444084e+06 -1.24672292e+00  1.00444084e+06 -6.10241316e+01 
 1.01607327e+06 -1.28459004e+00  1.01607327e+06 -6.16220435e+01 
 1.02784043e+06 -1.32295159e+00  1.02784043e+06 -6.22231329e+01 
 1.03974386e+06 -1.36180544e+00  1.03974386e+06 -6.28273939e+01 
 1.05178514e+06 -1.40114928e+00  1.05178514e+06 -6.34348209e+01 
 1.06396587e+06 -1.44098062e+00  1.06396587e+06 -6.40454091e+01 
 1.07628767e+06 -1.48129675e+00  1.07628767e+06 -6.46591544e+01 
 1.08875217e+06 -1.52209481e+00  1.08875217e+06 -6.52760533e+01 
 1.10136102e+06 -1.56337174e+00  1.10136102e+06 -6.58961034e+01 
 1.11411589e+06 -1.60512429e+00  1.11411589e+06 -6.65193027e+01 
 1.12701847e+06 -1.64734903e+00  1.12701847e+06 -6.71456503e+01 
 1.14007049e+06 -1.69004235e+00  1.14007049e+06 -6.77751462e+01 
 1.15327365e+06 -1.73320046e+00  1.15327365e+06 -6.84077912e+01 
 1.16662972e+06 -1.77681938e+00  1.16662972e+06 -6.90435874e+01 
 1.18014047e+06 -1.82089495e+00  1.18014047e+06 -6.96825375e+01 
 1.19380769e+06 -1.86542284e+00  1.19380769e+06 -7.03246458e+01 
 1.20763319e+06 -1.91039854e+00  1.20763319e+06 -7.09699173e+01 
 1.22161880e+06 -1.95581738e+00  1.22161880e+06 -7.16183584e+01 
 1.23576638e+06 -2.00167449e+00  1.23576638e+06 -7.22699768e+01 
 1.25007780e+06 -2.04796487e+00  1.25007780e+06 -7.29247813e+01 
 1.26455496e+06 -2.09468333e+00  1.26455496e+06 -7.35827821e+01 
 1.27919978e+06 -2.14182453e+00  1.27919978e+06 -7.42439908e+01 
 1.29401421e+06 -2.18938297e+00  1.29401421e+06 -7.49084205e+01 
 1.30900020e+06 -2.23735300e+00  1.30900020e+06 -7.55760856e+01 
 1.32415974e+06 -2.28572884e+00  1.32415974e+06 -7.62470023e+01 
 1.33949485e+06 -2.33450453e+00  1.33949485e+06 -7.69211880e+01 
 1.35500755e+06 -2.38367401e+00  1.35500755e+06 -7.75986622e+01 
 1.37069990e+06 -2.43323106e+00  1.37069990e+06 -7.82794457e+01 
 1.38657399e+06 -2.48316936e+00  1.38657399e+06 -7.89635612e+01 
 1.40263192e+06 -2.53348246e+00  1.40263192e+06 -7.96510333e+01 
 1.41887581e+06 -2.58416379e+00  1.41887581e+06 -8.03418882e+01 
 1.43530782e+06 -2.63520669e+00  1.43530782e+06 -8.10361541e+01 
 1.45193013e+06 -2.68660441e+00  1.45193013e+06 -8.17338612e+01 
 1.46874495e+06 -2.73835008e+00  1.46874495e+06 -8.24350417e+01 
 1.48575450e+06 -2.79043677e+00  1.48575450e+06 -8.31397298e+01 
 1.50296103e+06 -2.84285750e+00  1.50296103e+06 -8.38479619e+01 
 1.52036684e+06 -2.89560521e+00  1.52036684e+06 -8.45597764e+01 
 1.53797422e+06 -2.94867277e+00  1.53797422e+06 -8.52752141e+01 
 1.55578551e+06 -3.00205306e+00  1.55578551e+06 -8.59943179e+01 
 1.57380308e+06 -3.05573889e+00  1.57380308e+06 -8.67171332e+01 
 1.59202931e+06 -3.10972309e+00  1.59202931e+06 -8.74437077e+01 
 1.61046661e+06 -3.16399846e+00  1.61046661e+06 -8.81740914e+01 
 1.62911744e+06 -3.21855783e+00  1.62911744e+06 -8.89083371e+01 
 1.64798426e+06 -3.27339407e+00  1.64798426e+06 -8.96464997e+01 
 1.66706959e+06 -3.32850006e+00  1.66706959e+06 -9.03886372e+01 
 1.68637593e+06 -3.38386878e+00  1.68637593e+06 -9.11348099e+01 
 1.70590587e+06 -3.43949326e+00  1.70590587e+06 -9.18850808e+01 
 1.72566198e+06 -3.49536664e+00  1.72566198e+06 -9.26395157e+01 
 1.74564689e+06 -3.55148219e+00  1.74564689e+06 -9.33981834e+01 
 1.76586324e+06 -3.60783328e+00  1.76586324e+06 -9.41611551e+01 
 1.78631372e+06 -3.66441348e+00  1.78631372e+06 -9.49285053e+01 
 1.80700103e+06 -3.72121652e+00  1.80700103e+06 -9.57003111e+01 
 1.82792793e+06 -3.77823636e+00  1.82792793e+06 -9.64766528e+01 
 1.84909717e+06 -3.83546717e+00  1.84909717e+06 -9.72576136e+01 
 1.87051159e+06 -3.89290340e+00  1.87051159e+06 -9.80432796e+01 
 1.89217400e+06 -3.95053978e+00  1.89217400e+06 -9.88337400e+01 
 1.91408728e+06 -4.00837138e+00  1.91408728e+06 -9.96290873e+01 
 1.93625434e+06 -4.06639362e+00  1.93625434e+06 -1.00429417e+02 
 1.95867812e+06 -4.12460230e+00  1.95867812e+06 -1.01234827e+02 
 1.98136159e+06 -4.18299365e+00  1.98136159e+06 -1.02045419e+02 
 2.00430776e+06 -4.24156437e+00  2.00430776e+06 -1.02861299e+02 
 2.02751966e+06 -4.30031166e+00  2.02751966e+06 -1.03682573e+02 
 2.05100039e+06 -4.35923328e+00  2.05100039e+06 -1.04509352e+02 
 2.07475304e+06 -4.41832756e+00  2.07475304e+06 -1.05341750e+02 
 2.09878077e+06 -4.47759348e+00  2.09878077e+06 -1.06179883e+02 
 2.12308677e+06 -4.53703071e+00  2.12308677e+06 -1.07023871e+02 
 2.14767426e+06 -4.59663965e+00  2.14767426e+06 -1.07873837e+02 
 2.17254649e+06 -4.65642149e+00  2.17254649e+06 -1.08729904e+02 
 2.19770677e+06 -4.71637826e+00  2.19770677e+06 -1.09592200e+02 
 2.22315843e+06 -4.77651290e+00  2.22315843e+06 -1.10460854e+02 
 2.24890485e+06 -4.83682930e+00  2.24890485e+06 -1.11335998e+02 
 2.27494944e+06 -4.89733237e+00  2.27494944e+06 -1.12217766e+02 
 2.30129565e+06 -4.95802810e+00  2.30129565e+06 -1.13106292e+02 
 2.32794697e+06 -5.01892362e+00  2.32794697e+06 -1.14001713e+02 
 2.35490695e+06 -5.08002726e+00  2.35490695e+06 -1.14904167e+02 
 2.38217915e+06 -5.14134864e+00  2.38217915e+06 -1.15813790e+02 
 2.40976718e+06 -5.20289869e+00  2.40976718e+06 -1.16730722e+02 
 2.43767472e+06 -5.26468975e+00  2.43767472e+06 -1.17655100e+02 
 2.46590545e+06 -5.32673561e+00  2.46590545e+06 -1.18587062e+02 
 2.49446313e+06 -5.38905160e+00  2.49446313e+06 -1.19526743e+02 
 2.52335153e+06 -5.45165461e+00  2.52335153e+06 -1.20474277e+02 
 2.55257448e+06 -5.51456316e+00  2.55257448e+06 -1.21429795e+02 
 2.58213587e+06 -5.57779748e+00  2.58213587e+06 -1.22393424e+02 
 2.61203961e+06 -5.64137952e+00  2.61203961e+06 -1.23365288e+02 
 2.64228966e+06 -5.70533298e+00  2.64228966e+06 -1.24345506e+02 
 2.67289004e+06 -5.76968338e+00  2.67289004e+06 -1.25334189e+02 
 2.70384481e+06 -5.83445807e+00  2.70384481e+06 -1.26331442e+02 
 2.73515806e+06 -5.89968623e+00  2.73515806e+06 -1.27337363e+02 
 2.76683395e+06 -5.96539887e+00  2.76683395e+06 -1.28352039e+02 
 2.79887667e+06 -6.03162881e+00  2.79887667e+06 -1.29375548e+02 
 2.83129049e+06 -6.09841069e+00  2.83129049e+06 -1.30407955e+02 
 2.86407969e+06 -6.16578087e+00  2.86407969e+06 -1.31449313e+02 
 2.89724862e+06 -6.23377740e+00  2.89724862e+06 -1.32499661e+02 
 2.93080168e+06 -6.30243992e+00  2.93080168e+06 -1.33559022e+02 
 2.96474332e+06 -6.37180956e+00  2.96474332e+06 -1.34627403e+02 
 2.99907804e+06 -6.44192881e+00  2.99907804e+06 -1.35704790e+02 
 3.03381039e+06 -6.51284135e+00  3.03381039e+06 -1.36791154e+02 
 3.06894498e+06 -6.58459190e+00  3.06894498e+06 -1.37886443e+02 
 3.10448646e+06 -6.65722599e+00  3.10448646e+06 -1.38990582e+02 
 3.14043954e+06 -6.73078974e+00  3.14043954e+06 -1.40103475e+02 
 3.17680900e+06 -6.80532961e+00  3.17680900e+06 -1.41225001e+02 
 3.21359965e+06 -6.88089210e+00  3.21359965e+06 -1.42355014e+02 
 3.25081638e+06 -6.95752348e+00  3.25081638e+06 -1.43493345e+02 
 3.28846411e+06 -7.03526943e+00  3.28846411e+06 -1.44639796e+02 
 3.32654785e+06 -7.11417471e+00  3.32654785e+06 -1.45794143e+02 
 3.36507263e+06 -7.19428281e+00  3.36507263e+06 -1.46956138e+02 
 3.40404356e+06 -7.27563557e+00  3.40404356e+06 -1.48125504e+02 
 3.44346582e+06 -7.35827280e+00  3.44346582e+06 -1.49301940e+02 
 3.48334463e+06 -7.44223189e+00  3.48334463e+06 -1.50485121e+02 
 3.52368527e+06 -7.52754748e+00  3.52368527e+06 -1.51674694e+02 
 3.56449310e+06 -7.61425101e+00  3.56449310e+06 -1.52870289e+02 
 3.60577353e+06 -7.70237047e+00  3.60577353e+06 -1.54071510e+02 
 3.64753203e+06 -7.79192996e+00  3.64753203e+06 -1.55277947e+02 
 3.68977413e+06 -7.88294950e+00  3.68977413e+06 -1.56489169e+02 
 3.73250543e+06 -7.97544467e+00  3.73250543e+06 -1.57704733e+02 
 3.77573161e+06 -8.06942644e+00  3.77573161e+06 -1.58924185e+02 
 3.81945839e+06 -8.16490098e+00  3.81945839e+06 -1.60147062e+02 
 3.86369158e+06 -8.26186952e+00  3.86369158e+06 -1.61372894e+02 
 3.90843702e+06 -8.36032829e+00  3.90843702e+06 -1.62601212e+02 
 3.95370067e+06 -8.46026849e+00  3.95370067e+06 -1.63831545e+02 
 3.99948851e+06 -8.56167636e+00  3.99948851e+06 -1.65063430e+02 
 4.04580662e+06 -8.66453325e+00  4.04580662e+06 -1.66296409e+02 
 4.09266114e+06 -8.76881578e+00  4.09266114e+06 -1.67530035e+02 
 4.14005829e+06 -8.87449609e+00  4.14005829e+06 -1.68763876e+02 
 4.18800434e+06 -8.98154208e+00  4.18800434e+06 -1.69997518e+02 
 4.23650566e+06 -9.08991773e+00  4.23650566e+06 -1.71230564e+02 
 4.28556866e+06 -9.19958347e+00  4.28556866e+06 -1.72462641e+02 
 4.33519987e+06 -9.31049655e+00  4.33519987e+06 -1.73693397e+02 
 4.38540586e+06 -9.42261151e+00  4.38540586e+06 -1.74922510e+02 
 4.43619329e+06 -9.53588058e+00  4.43619329e+06 -1.76149680e+02 
 4.48756888e+06 -9.65025415e+00  4.48756888e+06 -1.77374639e+02 
 4.53953946e+06 -9.76568125e+00  4.53953946e+06 -1.78597145e+02 
 4.59211190e+06 -9.88211001e+00  4.59211190e+06 -1.79816986e+02 
 4.64529319e+06 -9.99948812e+00  4.64529319e+06  1.78966021e+02 
 4.69909037e+06 -1.01177632e+01  4.69909037e+06  1.77752034e+02 
 4.75351058e+06 -1.02368834e+01  4.75351058e+06  1.76541178e+02 
 4.80856103e+06 -1.03567976e+01  4.80856103e+06  1.75333557e+02 
 4.86424902e+06 -1.04774558e+01  4.86424902e+06  1.74129247e+02 
 4.92058193e+06 -1.05988096e+01  4.92058193e+06  1.72928300e+02 
 4.97756723e+06 -1.07208123e+01  4.97756723e+06  1.71730747e+02 
 5.03521248e+06 -1.08434193e+01  5.03521248e+06  1.70536598e+02 
 5.09352532e+06 -1.09665881e+01  5.09352532e+06  1.69345847e+02 
 5.15251348e+06 -1.10902788e+01  5.15251348e+06  1.68158469e+02 
 5.21218479e+06 -1.12144540e+01  5.21218479e+06  1.66974425e+02 
 5.27254715e+06 -1.13390789e+01  5.27254715e+06  1.65793665e+02 
 5.33360856e+06 -1.14641215e+01  5.33360856e+06  1.64616128e+02 
 5.39537713e+06 -1.15895523e+01  5.39537713e+06  1.63441744e+02 
 5.45786104e+06 -1.17153449e+01  5.45786104e+06  1.62270439e+02 
 5.52106858e+06 -1.18414753e+01  5.52106858e+06  1.61102130e+02 
 5.58500812e+06 -1.19679223e+01  5.58500812e+06  1.59936736e+02 
 5.64968815e+06 -1.20946671e+01  5.64968815e+06  1.58774169e+02 
 5.71511724e+06 -1.22216936e+01  5.71511724e+06  1.57614345e+02 
 5.78130406e+06 -1.23489878e+01  5.78130406e+06  1.56457181e+02 
 5.84825740e+06 -1.24765381e+01  5.84825740e+06  1.55302593e+02 
 5.91598612e+06 -1.26043349e+01  5.91598612e+06  1.54150504e+02 
 5.98449920e+06 -1.27323706e+01  5.98449920e+06  1.53000840e+02 
 6.05380574e+06 -1.28606392e+01  6.05380574e+06  1.51853531e+02 
 6.12391492e+06 -1.29891364e+01  6.12391492e+06  1.50708514e+02 
 6.19483603e+06 -1.31178597e+01  6.19483603e+06  1.49565730e+02 
 6.26657849e+06 -1.32468073e+01  6.26657849e+06  1.48425130e+02 
 6.33915179e+06 -1.33759791e+01  6.33915179e+06  1.47286669e+02 
 6.41256556e+06 -1.35053758e+01  6.41256556e+06  1.46150309e+02 
 6.48682954e+06 -1.36349990e+01  6.48682954e+06  1.45016020e+02 
 6.56195357e+06 -1.37648508e+01  6.56195357e+06  1.43883778e+02 
 6.63794761e+06 -1.38949344e+01  6.63794761e+06  1.42753568e+02 
 6.71482174e+06 -1.40252529e+01  6.71482174e+06  1.41625380e+02 
 6.79258615e+06 -1.41558103e+01  6.79258615e+06  1.40499210e+02 
 6.87125115e+06 -1.42866104e+01  6.87125115e+06  1.39375062e+02 
 6.95082717e+06 -1.44176573e+01  6.95082717e+06  1.38252944e+02 
 7.03132476e+06 -1.45489553e+01  7.03132476e+06  1.37132872e+02 
 7.11275460e+06 -1.46805084e+01  7.11275460e+06  1.36014866e+02 
 7.19512747e+06 -1.48123207e+01  7.19512747e+06  1.34898951e+02 
 7.27845431e+06 -1.49443961e+01  7.27845431e+06  1.33785156e+02 
 7.36274615e+06 -1.50767381e+01  7.36274615e+06  1.32673515e+02 
 7.44801418e+06 -1.52093500e+01  7.44801418e+06  1.31564064e+02 
 7.53426970e+06 -1.53422347e+01  7.53426970e+06  1.30456845e+02 
 7.62152414e+06 -1.54753949e+01  7.62152414e+06  1.29351899e+02 
 7.70978908e+06 -1.56088327e+01  7.70978908e+06  1.28249271e+02 
 7.79907622e+06 -1.57425498e+01  7.79907622e+06  1.27149009e+02 
 7.88939739e+06 -1.58765475e+01  7.88939739e+06  1.26051161e+02 
 7.98076457e+06 -1.60108264e+01  7.98076457e+06  1.24955774e+02 
 8.07318988e+06 -1.61453870e+01  8.07318988e+06  1.23862900e+02 
 8.16668556e+06 -1.62802290e+01  8.16668556e+06  1.22772587e+02 
 8.26126402e+06 -1.64153517e+01  8.26126402e+06  1.21684885e+02 
 8.35693779e+06 -1.65507539e+01  8.35693779e+06  1.20599843e+02 
 8.45371956e+06 -1.66864340e+01  8.45371956e+06  1.19517507e+02 
 8.55162216e+06 -1.68223897e+01  8.55162216e+06  1.18437924e+02 
 8.65065857e+06 -1.69586186e+01  8.65065857e+06  1.17361138e+02 
 8.75084193e+06 -1.70951175e+01  8.75084193e+06  1.16287193e+02 
 8.85218551e+06 -1.72318830e+01  8.85218551e+06  1.15216128e+02 
 8.95470275e+06 -1.73689112e+01  8.95470275e+06  1.14147981e+02 
 9.05840724e+06 -1.75061979e+01  9.05840724e+06  1.13082788e+02 
 9.16331273e+06 -1.76437384e+01  9.16331273e+06  1.12020580e+02 
 9.26943314e+06 -1.77815280e+01  9.26943314e+06  1.10961387e+02 
 9.37678253e+06 -1.79195613e+01  9.37678253e+06  1.09905236e+02 
 9.48537513e+06 -1.80578328e+01  9.48537513e+06  1.08852148e+02 
 9.59522534e+06 -1.81963368e+01  9.59522534e+06  1.07802142e+02 
 9.70634773e+06 -1.83350673e+01  9.70634773e+06  1.06755234e+02 
 9.81875703e+06 -1.84740183e+01  9.81875703e+06  1.05711435e+02 
 9.93246814e+06 -1.86131833e+01  9.93246814e+06  1.04670754e+02 
 1.00474961e+07 -1.87525559e+01  1.00474961e+07  1.03633195e+02 
 1.01638563e+07 -1.88921297e+01  1.01638563e+07  1.02598757e+02 
 1.02815640e+07 -1.90318979e+01  1.02815640e+07  1.01567437e+02 
 1.04006349e+07 -1.91718540e+01  1.04006349e+07  1.00539227e+02 
 1.05210847e+07 -1.93119912e+01  1.05210847e+07  9.95141163e+01 
 1.06429295e+07 -1.94523029e+01  1.06429295e+07  9.84920887e+01 
 1.07661854e+07 -1.95927825e+01  1.07661854e+07  9.74731252e+01 
 1.08908687e+07 -1.97334233e+01  1.08908687e+07  9.64572027e+01 
 1.10169959e+07 -1.98742190e+01  1.10169959e+07  9.54442946e+01 
 1.11445838e+07 -2.00151630e+01  1.11445838e+07  9.44343702e+01 
 1.12736493e+07 -2.01562491e+01  1.12736493e+07  9.34273955e+01 
 1.14042096e+07 -2.02974713e+01  1.14042096e+07  9.24233331e+01 
 1.15362818e+07 -2.04388235e+01  1.15362818e+07  9.14221418e+01 
 1.16698836e+07 -2.05803000e+01  1.16698836e+07  9.04237773e+01 
 1.18050326e+07 -2.07218953e+01  1.18050326e+07  8.94281922e+01 
 1.19417468e+07 -2.08636040e+01  1.19417468e+07  8.84353359e+01 
 1.20800443e+07 -2.10054210e+01  1.20800443e+07  8.74451546e+01 
 1.22199434e+07 -2.11473415e+01  1.22199434e+07  8.64575919e+01 
 1.23614627e+07 -2.12893609e+01  1.23614627e+07  8.54725886e+01 
 1.25046209e+07 -2.14314748e+01  1.25046209e+07  8.44900829e+01 
 1.26494370e+07 -2.15736793e+01  1.26494370e+07  8.35100105e+01 
 1.27959303e+07 -2.17159707e+01  1.27959303e+07  8.25323048e+01 
 1.29441200e+07 -2.18583454e+01  1.29441200e+07  8.15568970e+01 
 1.30940260e+07 -2.20008004e+01  1.30940260e+07  8.05837162e+01 
 1.32456680e+07 -2.21433330e+01  1.32456680e+07  7.96126897e+01 
 1.33990662e+07 -2.22859405e+01  1.33990662e+07  7.86437428e+01 
 1.35542409e+07 -2.24286210e+01  1.35542409e+07  7.76767995e+01 
 1.37112127e+07 -2.25713725e+01  1.37112127e+07  7.67117819e+01 
 1.38700024e+07 -2.27141937e+01  1.38700024e+07  7.57486112e+01 
 1.40306310e+07 -2.28570834e+01  1.40306310e+07  7.47872071e+01 
 1.41931199e+07 -2.30000408e+01  1.41931199e+07  7.38274884e+01 
 1.43574905e+07 -2.31430655e+01  1.43574905e+07  7.28693727e+01 
 1.45237648e+07 -2.32861573e+01  1.45237648e+07  7.19127772e+01 
 1.46919646e+07 -2.34293165e+01  1.46919646e+07  7.09576183e+01 
 1.48621124e+07 -2.35725437e+01  1.48621124e+07  7.00038117e+01 
 1.50342306e+07 -2.37158397e+01  1.50342306e+07  6.90512729e+01 
 1.52083422e+07 -2.38592057e+01  1.52083422e+07  6.80999173e+01 
 1.53844701e+07 -2.40026435e+01  1.53844701e+07  6.71496599e+01 
 1.55626378e+07 -2.41461547e+01  1.55626378e+07  6.62004159e+01 
 1.57428689e+07 -2.42897416e+01  1.57428689e+07  6.52521005e+01 
 1.59251872e+07 -2.44334068e+01  1.59251872e+07  6.43046294e+01 
 1.61096169e+07 -2.45771530e+01  1.61096169e+07  6.33579184e+01 
 1.62961825e+07 -2.47209833e+01  1.62961825e+07  6.24118839e+01 
 1.64849088e+07 -2.48649013e+01  1.64849088e+07  6.14664431e+01 
 1.66758206e+07 -2.50089105e+01  1.66758206e+07  6.05215137e+01 
 1.68689435e+07 -2.51530150e+01  1.68689435e+07  5.95770142e+01 
 1.70643029e+07 -2.52972189e+01  1.70643029e+07  5.86328643e+01 
 1.72619247e+07 -2.54415269e+01  1.72619247e+07  5.76889846e+01 
 1.74618352e+07 -2.55859437e+01  1.74618352e+07  5.67452968e+01 
 1.76640609e+07 -2.57304743e+01  1.76640609e+07  5.58017239e+01 
 1.78686285e+07 -2.58751239e+01  1.78686285e+07  5.48581903e+01 
 1.80755653e+07 -2.60198981e+01  1.80755653e+07  5.39146218e+01 
 1.82848985e+07 -2.61648025e+01  1.82848985e+07  5.29709457e+01 
 1.84966561e+07 -2.63098430e+01  1.84966561e+07  5.20270910e+01 
 1.87108661e+07 -2.64550258e+01  1.87108661e+07  5.10829883e+01 
 1.89275568e+07 -2.66003571e+01  1.89275568e+07  5.01385700e+01 
 1.91467570e+07 -2.67458435e+01  1.91467570e+07  4.91937705e+01 
 1.93684957e+07 -2.68914915e+01  1.93684957e+07  4.82485261e+01 
 1.95928024e+07 -2.70373080e+01  1.95928024e+07  4.73027749e+01 
 1.98197069e+07 -2.71832998e+01  1.98197069e+07  4.63564574e+01 
 2.00492391e+07 -2.73294742e+01  2.00492391e+07  4.54095161e+01 
 2.02814295e+07 -2.74758383e+01  2.02814295e+07  4.44618957e+01 
 2.05163089e+07 -2.76223994e+01  2.05163089e+07  4.35135433e+01 
 2.07539085e+07 -2.77691650e+01  2.07539085e+07  4.25644083e+01 
 2.09942597e+07 -2.79161427e+01  2.09942597e+07  4.16144426e+01 
 2.12373944e+07 -2.80633399e+01  2.12373944e+07  4.06636003e+01 
 2.14833448e+07 -2.82107644e+01  2.14833448e+07  3.97118384e+01 
 2.17321436e+07 -2.83584240e+01  2.17321436e+07  3.87591162e+01 
 2.19838238e+07 -2.85063265e+01  2.19838238e+07  3.78053959e+01 
 2.22384186e+07 -2.86544796e+01  2.22384186e+07  3.68506420e+01 
 2.24959620e+07 -2.88028913e+01  2.24959620e+07  3.58948221e+01 
 2.27564879e+07 -2.89515694e+01  2.27564879e+07  3.49379064e+01 
 2.30200310e+07 -2.91005218e+01  2.30200310e+07  3.39798679e+01 
 2.32866262e+07 -2.92497565e+01  2.32866262e+07  3.30206825e+01 
 2.35563088e+07 -2.93992812e+01  2.35563088e+07  3.20603290e+01 
 2.38291146e+07 -2.95491038e+01  2.38291146e+07  3.10987890e+01 
 2.41050798e+07 -2.96992322e+01  2.41050798e+07  3.01360473e+01 
 2.43842409e+07 -2.98496740e+01  2.43842409e+07  2.91720915e+01 
 2.46666350e+07 -3.00004370e+01  2.46666350e+07  2.82069122e+01 
 2.49522996e+07 -3.01515289e+01  2.49522996e+07  2.72405031e+01 
 2.52412724e+07 -3.03029570e+01  2.52412724e+07  2.62728611e+01 
 2.55335918e+07 -3.04547290e+01  2.55335918e+07  2.53039861e+01 
 2.58292965e+07 -3.06068522e+01  2.58292965e+07  2.43338808e+01 
 2.61284258e+07 -3.07593337e+01  2.61284258e+07  2.33625516e+01 
 2.64310194e+07 -3.09121807e+01  2.64310194e+07  2.23900076e+01 
 2.67371172e+07 -3.10654002e+01  2.67371172e+07  2.14162613e+01 
 2.70467600e+07 -3.12189991e+01  2.70467600e+07  2.04413281e+01 
 2.73599888e+07 -3.13729839e+01  2.73599888e+07  1.94652269e+01 
 2.76768451e+07 -3.15273612e+01  2.76768451e+07  1.84879796e+01 
 2.79973709e+07 -3.16821373e+01  2.79973709e+07  1.75096113e+01 
 2.83216087e+07 -3.18373184e+01  2.83216087e+07  1.65301503e+01 
 2.86496015e+07 -3.19929103e+01  2.86496015e+07  1.55496281e+01 
 2.89813928e+07 -3.21489189e+01  2.89813928e+07  1.45680792e+01 
 2.93170265e+07 -3.23053496e+01  2.93170265e+07  1.35855417e+01 
 2.96565473e+07 -3.24622078e+01  2.96565473e+07  1.26020564e+01 
 3.00000000e+07 -3.26194983e+01  3.00000000e+07  1.16176674e+01 
