warning, model type mismatch in line
    q121a nmiri nmiri nme1 ls350
warning, model type mismatch in line
    q121b nhi nmiri nme2 ls350

Note: No compatibility mode selected!


Circuit: tb_loop__g10_cm470p_r1.33k.cir - l40 esplorazione da tb_loop.cir, rg0l40 fb 0 12.4k; alter r138 = 4.99k; alter c124 = 470p; alter r128 = 1.33k

Warning: Model issue on line 122 :
  .model lsk489a njf(beta=2.2m betatce=-.5 rd=11 rs=30 lambda=4.3m vto=-1. ...
unrecognized parameter (isr) - ignored
unrecognized parameter (alpha) - ignored
unrecognized parameter (vk) - ignored
unrecognized parameter (mj) - ignored

 Resistor: Simple linear resistor
     device                  r138
      model                     R
 resistance                  4990

 Capacitor: Fixed capacitor
     device                  c124
      model                     C
capacitance               4.7e-10

 Resistor: Simple linear resistor
     device                  r128
      model                     R
 resistance                  1330

 Resistor: Simple linear resistor
     device                rg0l40
      model                     R
 resistance                 12400

Doing analysis at TEMP = 27.000000 and TNOM = 27.000000

Using SPARSE 1.3 as Direct Linear Solver

No. of Data Rows : 801
fcross              =  8.77234e+05
pmarg               =  6.88514e+01
tdc                 =  8.11613e+01
mode=0db  rload=100k  rsrc=1m  pos=1  C=1f
fcross = 8.772340e+05
pmarg = 6.885138e+01
tdc = 8.116135e+01
Doing analysis at TEMP = 27.000000 and TNOM = 27.000000

Using SPARSE 1.3 as Direct Linear Solver

No. of Data Rows : 801
fcross              =  8.79456e+05
pmarg               =  6.85721e+01
tdc                 =  8.11613e+01
mode=0db  rload=100k  rsrc=1m  pos=1  C=47p
fcross = 8.794559e+05
pmarg = 6.857214e+01
tdc = 8.116135e+01
Doing analysis at TEMP = 27.000000 and TNOM = 27.000000

Using SPARSE 1.3 as Direct Linear Solver

No. of Data Rows : 801
fcross              =  8.81864e+05
pmarg               =  6.82529e+01
tdc                 =  8.11613e+01
mode=0db  rload=100k  rsrc=1m  pos=1  C=100p
fcross = 8.818643e+05
pmarg = 6.825293e+01
tdc = 8.116135e+01
Doing analysis at TEMP = 27.000000 and TNOM = 27.000000

Using SPARSE 1.3 as Direct Linear Solver

No. of Data Rows : 801
fcross              =  8.86892e+05
pmarg               =  6.75163e+01
tdc                 =  8.11613e+01
mode=0db  rload=100k  rsrc=1m  pos=1  C=220p
fcross = 8.868922e+05
pmarg = 6.751635e+01
tdc = 8.116135e+01
Doing analysis at TEMP = 27.000000 and TNOM = 27.000000

Using SPARSE 1.3 as Direct Linear Solver

No. of Data Rows : 801
fcross              =  8.95240e+05
pmarg               =  6.59474e+01
tdc                 =  8.11613e+01
mode=0db  rload=100k  rsrc=1m  pos=1  C=470p
fcross = 8.952397e+05
pmarg = 6.594741e+01
tdc = 8.116135e+01
Doing analysis at TEMP = 27.000000 and TNOM = 27.000000

Using SPARSE 1.3 as Direct Linear Solver

No. of Data Rows : 801
fcross              =  9.01006e+05
pmarg               =  6.28034e+01
tdc                 =  8.11613e+01
mode=0db  rload=100k  rsrc=1m  pos=1  C=1n
fcross = 9.010064e+05
pmarg = 6.280336e+01
tdc = 8.116134e+01
Doing analysis at TEMP = 27.000000 and TNOM = 27.000000

Using SPARSE 1.3 as Direct Linear Solver

No. of Data Rows : 801
fcross              =  8.92360e+05
pmarg               =  6.05232e+01
tdc                 =  8.11613e+01
mode=0db  rload=100k  rsrc=1m  pos=1  C=1.5n
fcross = 8.923604e+05
pmarg = 6.052323e+01
tdc = 8.116134e+01
Doing analysis at TEMP = 27.000000 and TNOM = 27.000000

Using SPARSE 1.3 as Direct Linear Solver

No. of Data Rows : 801
fcross              =  8.68187e+05
pmarg               =  5.86381e+01
tdc                 =  8.11613e+01
mode=0db  rload=100k  rsrc=1m  pos=1  C=2.2n
fcross = 8.681871e+05
pmarg = 5.863810e+01
tdc = 8.116134e+01
Doing analysis at TEMP = 27.000000 and TNOM = 27.000000

Using SPARSE 1.3 as Direct Linear Solver

No. of Data Rows : 801
fcross              =  8.48769e+05
pmarg               =  5.79974e+01
tdc                 =  8.11613e+01
mode=0db  rload=100k  rsrc=1m  pos=1  C=2.7n
fcross = 8.487686e+05
pmarg = 5.799736e+01
tdc = 8.116134e+01
Doing analysis at TEMP = 27.000000 and TNOM = 27.000000

Using SPARSE 1.3 as Direct Linear Solver

No. of Data Rows : 801
fcross              =  8.26788e+05
pmarg               =  5.77061e+01
tdc                 =  8.11613e+01
mode=0db  rload=100k  rsrc=1m  pos=1  C=3.3n
fcross = 8.267885e+05
pmarg = 5.770614e+01
tdc = 8.116133e+01
Doing analysis at TEMP = 27.000000 and TNOM = 27.000000

Using SPARSE 1.3 as Direct Linear Solver

No. of Data Rows : 801
fcross              =  7.85685e+05
pmarg               =  5.80148e+01
tdc                 =  8.11613e+01
mode=0db  rload=100k  rsrc=1m  pos=1  C=4.7n
fcross = 7.856853e+05
pmarg = 5.801476e+01
tdc = 8.116133e+01
Doing analysis at TEMP = 27.000000 and TNOM = 27.000000

Using SPARSE 1.3 as Direct Linear Solver

No. of Data Rows : 801
fcross              =  8.77234e+05
pmarg               =  6.88514e+01
tdc                 =  8.11613e+01
mode=0db  rload=100k  rsrc=1m  pos=2  C=1f
fcross = 8.772340e+05
pmarg = 6.885138e+01
tdc = 8.116135e+01
Doing analysis at TEMP = 27.000000 and TNOM = 27.000000

Using SPARSE 1.3 as Direct Linear Solver

No. of Data Rows : 801
fcross              =  8.79504e+05
pmarg               =  6.85723e+01
tdc                 =  8.11613e+01
mode=0db  rload=100k  rsrc=1m  pos=2  C=47p
fcross = 8.795045e+05
pmarg = 6.857227e+01
tdc = 8.116135e+01
Doing analysis at TEMP = 27.000000 and TNOM = 27.000000

Using SPARSE 1.3 as Direct Linear Solver

No. of Data Rows : 801
fcross              =  8.82082e+05
pmarg               =  6.82541e+01
tdc                 =  8.11613e+01
mode=0db  rload=100k  rsrc=1m  pos=2  C=100p
fcross = 8.820821e+05
pmarg = 6.825407e+01
tdc = 8.116135e+01
Doing analysis at TEMP = 27.000000 and TNOM = 27.000000

Using SPARSE 1.3 as Direct Linear Solver

No. of Data Rows : 801
fcross              =  8.87985e+05
pmarg               =  6.75198e+01
tdc                 =  8.11613e+01
mode=0db  rload=100k  rsrc=1m  pos=2  C=220p
fcross = 8.879852e+05
pmarg = 6.751977e+01
tdc = 8.116134e+01
Doing analysis at TEMP = 27.000000 and TNOM = 27.000000

Using SPARSE 1.3 as Direct Linear Solver

No. of Data Rows : 801
fcross              =  9.00841e+05
pmarg               =  6.59182e+01
tdc                 =  8.11613e+01
mode=0db  rload=100k  rsrc=1m  pos=2  C=470p
fcross = 9.008410e+05
pmarg = 6.591822e+01
tdc = 8.116134e+01
Doing analysis at TEMP = 27.000000 and TNOM = 27.000000

Using SPARSE 1.3 as Direct Linear Solver

No. of Data Rows : 801
fcross              =  9.30187e+05
pmarg               =  6.21755e+01
tdc                 =  8.11613e+01
mode=0db  rload=100k  rsrc=1m  pos=2  C=1n
fcross = 9.301873e+05
pmarg = 6.217547e+01
tdc = 8.116133e+01
Doing analysis at TEMP = 27.000000 and TNOM = 27.000000

Using SPARSE 1.3 as Direct Linear Solver

No. of Data Rows : 801
fcross              =  9.60822e+05
pmarg               =  5.81232e+01
tdc                 =  8.11613e+01
mode=0db  rload=100k  rsrc=1m  pos=2  C=1.5n
fcross = 9.608223e+05
pmarg = 5.812320e+01
tdc = 8.116132e+01
Doing analysis at TEMP = 27.000000 and TNOM = 27.000000

Using SPARSE 1.3 as Direct Linear Solver

No. of Data Rows : 801
fcross              =  1.00782e+06
pmarg               =  5.14198e+01
tdc                 =  8.11613e+01
mode=0db  rload=100k  rsrc=1m  pos=2  C=2.2n
fcross = 1.007824e+06
pmarg = 5.141984e+01
tdc = 8.116130e+01
Doing analysis at TEMP = 27.000000 and TNOM = 27.000000

Using SPARSE 1.3 as Direct Linear Solver

No. of Data Rows : 801
fcross              =  1.04217e+06
pmarg               =  4.58491e+01
tdc                 =  8.11613e+01
mode=0db  rload=100k  rsrc=1m  pos=2  C=2.7n
fcross = 1.042171e+06
pmarg = 4.584906e+01
tdc = 8.116129e+01
Doing analysis at TEMP = 27.000000 and TNOM = 27.000000

Using SPARSE 1.3 as Direct Linear Solver

No. of Data Rows : 801
fcross              =  1.07807e+06
pmarg               =  3.85777e+01
tdc                 =  8.11613e+01
mode=0db  rload=100k  rsrc=1m  pos=2  C=3.3n
fcross = 1.078073e+06
pmarg = 3.857775e+01
tdc = 8.116128e+01
Doing analysis at TEMP = 27.000000 and TNOM = 27.000000

Using SPARSE 1.3 as Direct Linear Solver

No. of Data Rows : 801
fcross              =  1.10046e+06
pmarg               =  2.37119e+01
tdc                 =  8.11613e+01
mode=0db  rload=100k  rsrc=1m  pos=2  C=4.7n
fcross = 1.100456e+06
pmarg = 2.371195e+01
tdc = 8.116125e+01
Doing analysis at TEMP = 27.000000 and TNOM = 27.000000

Using SPARSE 1.3 as Direct Linear Solver

No. of Data Rows : 801
fcross              =  8.77171e+05
pmarg               =  6.85770e+01
tdc                 =  8.11613e+01
mode=0db  rload=100k  rsrc=1k  pos=1  C=1f
fcross = 8.771710e+05
pmarg = 6.857697e+01
tdc = 8.116135e+01
Doing analysis at TEMP = 27.000000 and TNOM = 27.000000

Using SPARSE 1.3 as Direct Linear Solver

No. of Data Rows : 801
fcross              =  8.79392e+05
pmarg               =  6.82971e+01
tdc                 =  8.11613e+01
mode=0db  rload=100k  rsrc=1k  pos=1  C=47p
fcross = 8.793923e+05
pmarg = 6.829706e+01
tdc = 8.116135e+01
Doing analysis at TEMP = 27.000000 and TNOM = 27.000000

Using SPARSE 1.3 as Direct Linear Solver

No. of Data Rows : 801
fcross              =  8.81800e+05
pmarg               =  6.79771e+01
tdc                 =  8.11613e+01
mode=0db  rload=100k  rsrc=1k  pos=1  C=100p
fcross = 8.818001e+05
pmarg = 6.797713e+01
tdc = 8.116135e+01
Doing analysis at TEMP = 27.000000 and TNOM = 27.000000

Using SPARSE 1.3 as Direct Linear Solver

No. of Data Rows : 801
fcross              =  8.86827e+05
pmarg               =  6.72390e+01
tdc                 =  8.11613e+01
mode=0db  rload=100k  rsrc=1k  pos=1  C=220p
fcross = 8.868267e+05
pmarg = 6.723905e+01
tdc = 8.116135e+01
Doing analysis at TEMP = 27.000000 and TNOM = 27.000000

Using SPARSE 1.3 as Direct Linear Solver

No. of Data Rows : 801
fcross              =  8.95170e+05
pmarg               =  6.56677e+01
tdc                 =  8.11613e+01
mode=0db  rload=100k  rsrc=1k  pos=1  C=470p
fcross = 8.951703e+05
pmarg = 6.566773e+01
tdc = 8.116134e+01
Doing analysis at TEMP = 27.000000 and TNOM = 27.000000

Using SPARSE 1.3 as Direct Linear Solver

No. of Data Rows : 801
fcross              =  9.00936e+05
pmarg               =  6.25222e+01
tdc                 =  8.11613e+01
mode=0db  rload=100k  rsrc=1k  pos=1  C=1n
fcross = 9.009365e+05
pmarg = 6.252218e+01
tdc = 8.116134e+01
Doing analysis at TEMP = 27.000000 and TNOM = 27.000000

Using SPARSE 1.3 as Direct Linear Solver

No. of Data Rows : 801
fcross              =  8.92294e+05
pmarg               =  6.02448e+01
tdc                 =  8.11613e+01
mode=0db  rload=100k  rsrc=1k  pos=1  C=1.5n
fcross = 8.922945e+05
pmarg = 6.024485e+01
tdc = 8.116134e+01
Doing analysis at TEMP = 27.000000 and TNOM = 27.000000

Using SPARSE 1.3 as Direct Linear Solver

No. of Data Rows : 801
fcross              =  8.68131e+05
pmarg               =  5.83671e+01
tdc                 =  8.11613e+01
mode=0db  rload=100k  rsrc=1k  pos=1  C=2.2n
fcross = 8.681311e+05
pmarg = 5.836706e+01
tdc = 8.116134e+01
Doing analysis at TEMP = 27.000000 and TNOM = 27.000000

Using SPARSE 1.3 as Direct Linear Solver

No. of Data Rows : 801
fcross              =  8.48718e+05
pmarg               =  5.77322e+01
tdc                 =  8.11613e+01
mode=0db  rload=100k  rsrc=1k  pos=1  C=2.7n
fcross = 8.487181e+05
pmarg = 5.773222e+01
tdc = 8.116133e+01
Doing analysis at TEMP = 27.000000 and TNOM = 27.000000

Using SPARSE 1.3 as Direct Linear Solver

No. of Data Rows : 801
fcross              =  8.26743e+05
pmarg               =  5.74477e+01
tdc                 =  8.11613e+01
mode=0db  rload=100k  rsrc=1k  pos=1  C=3.3n
fcross = 8.267430e+05
pmarg = 5.744769e+01
tdc = 8.116133e+01
Doing analysis at TEMP = 27.000000 and TNOM = 27.000000

Using SPARSE 1.3 as Direct Linear Solver

No. of Data Rows : 801
fcross              =  7.85647e+05
pmarg               =  5.77689e+01
tdc                 =  8.11613e+01
mode=0db  rload=100k  rsrc=1k  pos=1  C=4.7n
fcross = 7.856471e+05
pmarg = 5.776887e+01
tdc = 8.116132e+01
Doing analysis at TEMP = 27.000000 and TNOM = 27.000000

Using SPARSE 1.3 as Direct Linear Solver

No. of Data Rows : 801
fcross              =  8.77171e+05
pmarg               =  6.85770e+01
tdc                 =  8.11613e+01
mode=0db  rload=100k  rsrc=1k  pos=2  C=1f
fcross = 8.771710e+05
pmarg = 6.857697e+01
tdc = 8.116135e+01
Doing analysis at TEMP = 27.000000 and TNOM = 27.000000

Using SPARSE 1.3 as Direct Linear Solver

No. of Data Rows : 801
fcross              =  8.79441e+05
pmarg               =  6.82972e+01
tdc                 =  8.11613e+01
mode=0db  rload=100k  rsrc=1k  pos=2  C=47p
fcross = 8.794409e+05
pmarg = 6.829718e+01
tdc = 8.116135e+01
Doing analysis at TEMP = 27.000000 and TNOM = 27.000000

Using SPARSE 1.3 as Direct Linear Solver

No. of Data Rows : 801
fcross              =  8.82018e+05
pmarg               =  6.79782e+01
tdc                 =  8.11613e+01
mode=0db  rload=100k  rsrc=1k  pos=2  C=100p
fcross = 8.820178e+05
pmarg = 6.797820e+01
tdc = 8.116134e+01
Doing analysis at TEMP = 27.000000 and TNOM = 27.000000

Using SPARSE 1.3 as Direct Linear Solver

No. of Data Rows : 801
fcross              =  8.87919e+05
pmarg               =  6.72421e+01
tdc                 =  8.11613e+01
mode=0db  rload=100k  rsrc=1k  pos=2  C=220p
fcross = 8.879194e+05
pmarg = 6.724214e+01
tdc = 8.116134e+01
Doing analysis at TEMP = 27.000000 and TNOM = 27.000000

Using SPARSE 1.3 as Direct Linear Solver

No. of Data Rows : 801
fcross              =  9.00770e+05
pmarg               =  6.56368e+01
tdc                 =  8.11613e+01
mode=0db  rload=100k  rsrc=1k  pos=2  C=470p
fcross = 9.007696e+05
pmarg = 6.563680e+01
tdc = 8.116134e+01
Doing analysis at TEMP = 27.000000 and TNOM = 27.000000

Using SPARSE 1.3 as Direct Linear Solver

No. of Data Rows : 801
fcross              =  9.30105e+05
pmarg               =  6.18855e+01
tdc                 =  8.11613e+01
mode=0db  rload=100k  rsrc=1k  pos=2  C=1n
fcross = 9.301047e+05
pmarg = 6.188548e+01
tdc = 8.116133e+01
Doing analysis at TEMP = 27.000000 and TNOM = 27.000000

Using SPARSE 1.3 as Direct Linear Solver

No. of Data Rows : 801
fcross              =  9.60723e+05
pmarg               =  5.78246e+01
tdc                 =  8.11613e+01
mode=0db  rload=100k  rsrc=1k  pos=2  C=1.5n
fcross = 9.607232e+05
pmarg = 5.782460e+01
tdc = 8.116132e+01
Doing analysis at TEMP = 27.000000 and TNOM = 27.000000

Using SPARSE 1.3 as Direct Linear Solver

No. of Data Rows : 801
fcross              =  1.00770e+06
pmarg               =  5.11085e+01
tdc                 =  8.11613e+01
mode=0db  rload=100k  rsrc=1k  pos=2  C=2.2n
fcross = 1.007699e+06
pmarg = 5.110854e+01
tdc = 8.116130e+01
Doing analysis at TEMP = 27.000000 and TNOM = 27.000000

Using SPARSE 1.3 as Direct Linear Solver

No. of Data Rows : 801
fcross              =  1.04203e+06
pmarg               =  4.55289e+01
tdc                 =  8.11613e+01
mode=0db  rload=100k  rsrc=1k  pos=2  C=2.7n
fcross = 1.042027e+06
pmarg = 4.552886e+01
tdc = 8.116129e+01
Doing analysis at TEMP = 27.000000 and TNOM = 27.000000

Using SPARSE 1.3 as Direct Linear Solver

No. of Data Rows : 801
fcross              =  1.07791e+06
pmarg               =  3.82492e+01
tdc                 =  8.11613e+01
mode=0db  rload=100k  rsrc=1k  pos=2  C=3.3n
fcross = 1.077908e+06
pmarg = 3.824917e+01
tdc = 8.116128e+01
Doing analysis at TEMP = 27.000000 and TNOM = 27.000000

Using SPARSE 1.3 as Direct Linear Solver

No. of Data Rows : 801
fcross              =  1.10032e+06
pmarg               =  2.33775e+01
tdc                 =  8.11612e+01
mode=0db  rload=100k  rsrc=1k  pos=2  C=4.7n
fcross = 1.100321e+06
pmarg = 2.337752e+01
tdc = 8.116125e+01
Doing analysis at TEMP = 27.000000 and TNOM = 27.000000

Using SPARSE 1.3 as Direct Linear Solver

No. of Data Rows : 801
fcross              =  8.76951e+05
pmarg               =  6.81699e+01
tdc                 =  8.11613e+01
mode=0db  rload=100k  rsrc=2.5k  pos=1  C=1f
fcross = 8.769512e+05
pmarg = 6.816986e+01
tdc = 8.116135e+01
Doing analysis at TEMP = 27.000000 and TNOM = 27.000000

Using SPARSE 1.3 as Direct Linear Solver

No. of Data Rows : 801
fcross              =  8.79170e+05
pmarg               =  6.78890e+01
tdc                 =  8.11613e+01
mode=0db  rload=100k  rsrc=2.5k  pos=1  C=47p
fcross = 8.791704e+05
pmarg = 6.788904e+01
tdc = 8.116135e+01
Doing analysis at TEMP = 27.000000 and TNOM = 27.000000

Using SPARSE 1.3 as Direct Linear Solver

No. of Data Rows : 801
fcross              =  8.81576e+05
pmarg               =  6.75681e+01
tdc                 =  8.11613e+01
mode=0db  rload=100k  rsrc=2.5k  pos=1  C=100p
fcross = 8.815758e+05
pmarg = 6.756811e+01
tdc = 8.116135e+01
Doing analysis at TEMP = 27.000000 and TNOM = 27.000000

Using SPARSE 1.3 as Direct Linear Solver

No. of Data Rows : 801
fcross              =  8.86598e+05
pmarg               =  6.68280e+01
tdc                 =  8.11613e+01
mode=0db  rload=100k  rsrc=2.5k  pos=1  C=220p
fcross = 8.865976e+05
pmarg = 6.682800e+01
tdc = 8.116135e+01
Doing analysis at TEMP = 27.000000 and TNOM = 27.000000

Using SPARSE 1.3 as Direct Linear Solver

No. of Data Rows : 801
fcross              =  8.94927e+05
pmarg               =  6.52536e+01
tdc                 =  8.11613e+01
mode=0db  rload=100k  rsrc=2.5k  pos=1  C=470p
fcross = 8.949270e+05
pmarg = 6.525365e+01
tdc = 8.116135e+01
Doing analysis at TEMP = 27.000000 and TNOM = 27.000000

Using SPARSE 1.3 as Direct Linear Solver

No. of Data Rows : 801
fcross              =  9.00691e+05
pmarg               =  6.21066e+01
tdc                 =  8.11613e+01
mode=0db  rload=100k  rsrc=2.5k  pos=1  C=1n
fcross = 9.006906e+05
pmarg = 6.210658e+01
tdc = 8.116134e+01
Doing analysis at TEMP = 27.000000 and TNOM = 27.000000

Using SPARSE 1.3 as Direct Linear Solver

No. of Data Rows : 801
fcross              =  8.92062e+05
pmarg               =  5.98336e+01
tdc                 =  8.11613e+01
mode=0db  rload=100k  rsrc=2.5k  pos=1  C=1.5n
fcross = 8.920618e+05
pmarg = 5.983363e+01
tdc = 8.116134e+01
Doing analysis at TEMP = 27.000000 and TNOM = 27.000000

Using SPARSE 1.3 as Direct Linear Solver

No. of Data Rows : 801
fcross              =  8.67933e+05
pmarg               =  5.79663e+01
tdc                 =  8.11613e+01
mode=0db  rload=100k  rsrc=2.5k  pos=1  C=2.2n
fcross = 8.679332e+05
pmarg = 5.796629e+01
tdc = 8.116134e+01
Doing analysis at TEMP = 27.000000 and TNOM = 27.000000

Using SPARSE 1.3 as Direct Linear Solver

No. of Data Rows : 801
fcross              =  8.48540e+05
pmarg               =  5.73398e+01
tdc                 =  8.11613e+01
mode=0db  rload=100k  rsrc=2.5k  pos=1  C=2.7n
fcross = 8.485395e+05
pmarg = 5.733984e+01
tdc = 8.116134e+01
Doing analysis at TEMP = 27.000000 and TNOM = 27.000000

Using SPARSE 1.3 as Direct Linear Solver

No. of Data Rows : 801
fcross              =  8.26582e+05
pmarg               =  5.70648e+01
tdc                 =  8.11613e+01
mode=0db  rload=100k  rsrc=2.5k  pos=1  C=3.3n
fcross = 8.265821e+05
pmarg = 5.706485e+01
tdc = 8.116133e+01
Doing analysis at TEMP = 27.000000 and TNOM = 27.000000

Using SPARSE 1.3 as Direct Linear Solver

No. of Data Rows : 801
fcross              =  7.85512e+05
pmarg               =  5.74040e+01
tdc                 =  8.11613e+01
mode=0db  rload=100k  rsrc=2.5k  pos=1  C=4.7n
fcross = 7.855123e+05
pmarg = 5.740402e+01
tdc = 8.116133e+01
Doing analysis at TEMP = 27.000000 and TNOM = 27.000000

Using SPARSE 1.3 as Direct Linear Solver

No. of Data Rows : 801
fcross              =  8.76951e+05
pmarg               =  6.81699e+01
tdc                 =  8.11613e+01
mode=0db  rload=100k  rsrc=2.5k  pos=2  C=1f
fcross = 8.769512e+05
pmarg = 6.816986e+01
tdc = 8.116135e+01
Doing analysis at TEMP = 27.000000 and TNOM = 27.000000

Using SPARSE 1.3 as Direct Linear Solver

No. of Data Rows : 801
fcross              =  8.79219e+05
pmarg               =  6.78891e+01
tdc                 =  8.11613e+01
mode=0db  rload=100k  rsrc=2.5k  pos=2  C=47p
fcross = 8.792189e+05
pmarg = 6.788913e+01
tdc = 8.116135e+01
Doing analysis at TEMP = 27.000000 and TNOM = 27.000000

Using SPARSE 1.3 as Direct Linear Solver

No. of Data Rows : 801
fcross              =  8.81793e+05
pmarg               =  6.75691e+01
tdc                 =  8.11613e+01
mode=0db  rload=100k  rsrc=2.5k  pos=2  C=100p
fcross = 8.817933e+05
pmarg = 6.756908e+01
tdc = 8.116135e+01
Doing analysis at TEMP = 27.000000 and TNOM = 27.000000

Using SPARSE 1.3 as Direct Linear Solver

No. of Data Rows : 801
fcross              =  8.87689e+05
pmarg               =  6.68306e+01
tdc                 =  8.11613e+01
mode=0db  rload=100k  rsrc=2.5k  pos=2  C=220p
fcross = 8.876891e+05
pmarg = 6.683058e+01
tdc = 8.116135e+01
Doing analysis at TEMP = 27.000000 and TNOM = 27.000000

Using SPARSE 1.3 as Direct Linear Solver

No. of Data Rows : 801
fcross              =  9.00520e+05
pmarg               =  6.52202e+01
tdc                 =  8.11613e+01
mode=0db  rload=100k  rsrc=2.5k  pos=2  C=470p
fcross = 9.005195e+05
pmarg = 6.522018e+01
tdc = 8.116134e+01
Doing analysis at TEMP = 27.000000 and TNOM = 27.000000

Using SPARSE 1.3 as Direct Linear Solver

No. of Data Rows : 801
fcross              =  9.29814e+05
pmarg               =  6.14575e+01
tdc                 =  8.11613e+01
mode=0db  rload=100k  rsrc=2.5k  pos=2  C=1n
fcross = 9.298136e+05
pmarg = 6.145751e+01
tdc = 8.116133e+01
Doing analysis at TEMP = 27.000000 and TNOM = 27.000000

Using SPARSE 1.3 as Direct Linear Solver

No. of Data Rows : 801
fcross              =  9.60372e+05
pmarg               =  5.73860e+01
tdc                 =  8.11613e+01
mode=0db  rload=100k  rsrc=2.5k  pos=2  C=1.5n
fcross = 9.603715e+05
pmarg = 5.738605e+01
tdc = 8.116132e+01
Doing analysis at TEMP = 27.000000 and TNOM = 27.000000

Using SPARSE 1.3 as Direct Linear Solver

No. of Data Rows : 801
fcross              =  1.00725e+06
pmarg               =  5.06557e+01
tdc                 =  8.11613e+01
mode=0db  rload=100k  rsrc=2.5k  pos=2  C=2.2n
fcross = 1.007248e+06
pmarg = 5.065569e+01
tdc = 8.116130e+01
Doing analysis at TEMP = 27.000000 and TNOM = 27.000000

Using SPARSE 1.3 as Direct Linear Solver

No. of Data Rows : 801
fcross              =  1.04151e+06
pmarg               =  4.50671e+01
tdc                 =  8.11613e+01
mode=0db  rload=100k  rsrc=2.5k  pos=2  C=2.7n
fcross = 1.041506e+06
pmarg = 4.506707e+01
tdc = 8.116129e+01
Doing analysis at TEMP = 27.000000 and TNOM = 27.000000

Using SPARSE 1.3 as Direct Linear Solver

No. of Data Rows : 801
fcross              =  1.07731e+06
pmarg               =  3.77817e+01
tdc                 =  8.11613e+01
mode=0db  rload=100k  rsrc=2.5k  pos=2  C=3.3n
fcross = 1.077307e+06
pmarg = 3.778167e+01
tdc = 8.116128e+01
Doing analysis at TEMP = 27.000000 and TNOM = 27.000000

Using SPARSE 1.3 as Direct Linear Solver
 Reference value :  1.62181e+06
No. of Data Rows : 801
fcross              =  1.09982e+06
pmarg               =  2.29050e+01
tdc                 =  8.11613e+01
mode=0db  rload=100k  rsrc=2.5k  pos=2  C=4.7n
fcross = 1.099816e+06
pmarg = 2.290497e+01
tdc = 8.116125e+01
Doing analysis at TEMP = 27.000000 and TNOM = 27.000000

Using SPARSE 1.3 as Direct Linear Solver

No. of Data Rows : 801
fcross              =  8.76937e+05
pmarg               =  6.81507e+01
tdc                 =  8.11613e+01
mode=0db  rload=100k  rsrc=2.571k  pos=1  C=1f
fcross = 8.769371e+05
pmarg = 6.815073e+01
tdc = 8.116135e+01
Doing analysis at TEMP = 27.000000 and TNOM = 27.000000

Using SPARSE 1.3 as Direct Linear Solver

No. of Data Rows : 801
fcross              =  8.79156e+05
pmarg               =  6.78699e+01
tdc                 =  8.11613e+01
mode=0db  rload=100k  rsrc=2.571k  pos=1  C=47p
fcross = 8.791561e+05
pmarg = 6.786987e+01
tdc = 8.116135e+01
Doing analysis at TEMP = 27.000000 and TNOM = 27.000000

Using SPARSE 1.3 as Direct Linear Solver

No. of Data Rows : 801
fcross              =  8.81561e+05
pmarg               =  6.75489e+01
tdc                 =  8.11613e+01
mode=0db  rload=100k  rsrc=2.571k  pos=1  C=100p
fcross = 8.815614e+05
pmarg = 6.754890e+01
tdc = 8.116135e+01
Doing analysis at TEMP = 27.000000 and TNOM = 27.000000

Using SPARSE 1.3 as Direct Linear Solver

No. of Data Rows : 801
fcross              =  8.86583e+05
pmarg               =  6.68087e+01
tdc                 =  8.11613e+01
mode=0db  rload=100k  rsrc=2.571k  pos=1  C=220p
fcross = 8.865829e+05
pmarg = 6.680869e+01
tdc = 8.116135e+01
Doing analysis at TEMP = 27.000000 and TNOM = 27.000000

Using SPARSE 1.3 as Direct Linear Solver

No. of Data Rows : 801
fcross              =  8.94911e+05
pmarg               =  6.52342e+01
tdc                 =  8.11613e+01
mode=0db  rload=100k  rsrc=2.571k  pos=1  C=470p
fcross = 8.949114e+05
pmarg = 6.523421e+01
tdc = 8.116135e+01
Doing analysis at TEMP = 27.000000 and TNOM = 27.000000

Using SPARSE 1.3 as Direct Linear Solver

No. of Data Rows : 801
fcross              =  9.00675e+05
pmarg               =  6.20871e+01
tdc                 =  8.11613e+01
mode=0db  rload=100k  rsrc=2.571k  pos=1  C=1n
fcross = 9.006748e+05
pmarg = 6.208710e+01
tdc = 8.116134e+01
Doing analysis at TEMP = 27.000000 and TNOM = 27.000000

Using SPARSE 1.3 as Direct Linear Solver

No. of Data Rows : 801
fcross              =  8.92047e+05
pmarg               =  5.98144e+01
tdc                 =  8.11613e+01
mode=0db  rload=100k  rsrc=2.571k  pos=1  C=1.5n
fcross = 8.920468e+05
pmarg = 5.981437e+01
tdc = 8.116134e+01
Doing analysis at TEMP = 27.000000 and TNOM = 27.000000

Using SPARSE 1.3 as Direct Linear Solver

No. of Data Rows : 801
fcross              =  8.67920e+05
pmarg               =  5.79475e+01
tdc                 =  8.11613e+01
mode=0db  rload=100k  rsrc=2.571k  pos=1  C=2.2n
fcross = 8.679205e+05
pmarg = 5.794750e+01
tdc = 8.116134e+01
Doing analysis at TEMP = 27.000000 and TNOM = 27.000000

Using SPARSE 1.3 as Direct Linear Solver

No. of Data Rows : 801
fcross              =  8.48528e+05
pmarg               =  5.73214e+01
tdc                 =  8.11613e+01
mode=0db  rload=100k  rsrc=2.571k  pos=1  C=2.7n
fcross = 8.485281e+05
pmarg = 5.732143e+01
tdc = 8.116134e+01
Doing analysis at TEMP = 27.000000 and TNOM = 27.000000

Using SPARSE 1.3 as Direct Linear Solver

No. of Data Rows : 801
fcross              =  8.26572e+05
pmarg               =  5.70469e+01
tdc                 =  8.11613e+01
mode=0db  rload=100k  rsrc=2.571k  pos=1  C=3.3n
fcross = 8.265718e+05
pmarg = 5.704688e+01
tdc = 8.116133e+01
Doing analysis at TEMP = 27.000000 and TNOM = 27.000000

Using SPARSE 1.3 as Direct Linear Solver

No. of Data Rows : 801
fcross              =  7.85504e+05
pmarg               =  5.73869e+01
tdc                 =  8.11613e+01
mode=0db  rload=100k  rsrc=2.571k  pos=1  C=4.7n
fcross = 7.855037e+05
pmarg = 5.738687e+01
tdc = 8.116133e+01
Doing analysis at TEMP = 27.000000 and TNOM = 27.000000

Using SPARSE 1.3 as Direct Linear Solver

No. of Data Rows : 801
fcross              =  8.76937e+05
pmarg               =  6.81507e+01
tdc                 =  8.11613e+01
mode=0db  rload=100k  rsrc=2.571k  pos=2  C=1f
fcross = 8.769371e+05
pmarg = 6.815073e+01
tdc = 8.116135e+01
Doing analysis at TEMP = 27.000000 and TNOM = 27.000000

Using SPARSE 1.3 as Direct Linear Solver

No. of Data Rows : 801
fcross              =  8.79205e+05
pmarg               =  6.78700e+01
tdc                 =  8.11613e+01
mode=0db  rload=100k  rsrc=2.571k  pos=2  C=47p
fcross = 8.792047e+05
pmarg = 6.786995e+01
tdc = 8.116135e+01
Doing analysis at TEMP = 27.000000 and TNOM = 27.000000

Using SPARSE 1.3 as Direct Linear Solver

No. of Data Rows : 801
fcross              =  8.81779e+05
pmarg               =  6.75499e+01
tdc                 =  8.11613e+01
mode=0db  rload=100k  rsrc=2.571k  pos=2  C=100p
fcross = 8.817789e+05
pmarg = 6.754986e+01
tdc = 8.116135e+01
Doing analysis at TEMP = 27.000000 and TNOM = 27.000000

Using SPARSE 1.3 as Direct Linear Solver

No. of Data Rows : 801
fcross              =  8.87674e+05
pmarg               =  6.68113e+01
tdc                 =  8.11613e+01
mode=0db  rload=100k  rsrc=2.571k  pos=2  C=220p
fcross = 8.876743e+05
pmarg = 6.681125e+01
tdc = 8.116135e+01
Doing analysis at TEMP = 27.000000 and TNOM = 27.000000

Using SPARSE 1.3 as Direct Linear Solver

No. of Data Rows : 801
fcross              =  9.00503e+05
pmarg               =  6.52006e+01
tdc                 =  8.11613e+01
mode=0db  rload=100k  rsrc=2.571k  pos=2  C=470p
fcross = 9.005035e+05
pmarg = 6.520063e+01
tdc = 8.116134e+01
Doing analysis at TEMP = 27.000000 and TNOM = 27.000000

Using SPARSE 1.3 as Direct Linear Solver

No. of Data Rows : 801
fcross              =  9.29795e+05
pmarg               =  6.14375e+01
tdc                 =  8.11613e+01
mode=0db  rload=100k  rsrc=2.571k  pos=2  C=1n
fcross = 9.297949e+05
pmarg = 6.143747e+01
tdc = 8.116133e+01
Doing analysis at TEMP = 27.000000 and TNOM = 27.000000

Using SPARSE 1.3 as Direct Linear Solver

No. of Data Rows : 801
fcross              =  9.60349e+05
pmarg               =  5.73656e+01
tdc                 =  8.11613e+01
mode=0db  rload=100k  rsrc=2.571k  pos=2  C=1.5n
fcross = 9.603489e+05
pmarg = 5.736557e+01
tdc = 8.116132e+01
Doing analysis at TEMP = 27.000000 and TNOM = 27.000000

Using SPARSE 1.3 as Direct Linear Solver

No. of Data Rows : 801
fcross              =  1.00722e+06
pmarg               =  5.06347e+01
tdc                 =  8.11613e+01
mode=0db  rload=100k  rsrc=2.571k  pos=2  C=2.2n
fcross = 1.007219e+06
pmarg = 5.063469e+01
tdc = 8.116130e+01
Doing analysis at TEMP = 27.000000 and TNOM = 27.000000

Using SPARSE 1.3 as Direct Linear Solver

No. of Data Rows : 801
fcross              =  1.04147e+06
pmarg               =  4.50458e+01
tdc                 =  8.11613e+01
mode=0db  rload=100k  rsrc=2.571k  pos=2  C=2.7n
fcross = 1.041473e+06
pmarg = 4.504577e+01
tdc = 8.116129e+01
Doing analysis at TEMP = 27.000000 and TNOM = 27.000000

Using SPARSE 1.3 as Direct Linear Solver

No. of Data Rows : 801
fcross              =  1.07727e+06
pmarg               =  3.77603e+01
tdc                 =  8.11613e+01
mode=0db  rload=100k  rsrc=2.571k  pos=2  C=3.3n
fcross = 1.077269e+06
pmarg = 3.776031e+01
tdc = 8.116128e+01
Doing analysis at TEMP = 27.000000 and TNOM = 27.000000

Using SPARSE 1.3 as Direct Linear Solver

No. of Data Rows : 801
fcross              =  1.09978e+06
pmarg               =  2.28835e+01
tdc                 =  8.11613e+01
mode=0db  rload=100k  rsrc=2.571k  pos=2  C=4.7n
fcross = 1.099783e+06
pmarg = 2.288348e+01
tdc = 8.116125e+01
Doing analysis at TEMP = 27.000000 and TNOM = 27.000000

Using SPARSE 1.3 as Direct Linear Solver

No. of Data Rows : 801
fcross              =  8.76929e+05
pmarg               =  6.81400e+01
tdc                 =  8.11613e+01
mode=0db  rload=100k  rsrc=2.611k  pos=1  C=1f
fcross = 8.769290e+05
pmarg = 6.813996e+01
tdc = 8.116135e+01
Doing analysis at TEMP = 27.000000 and TNOM = 27.000000

Using SPARSE 1.3 as Direct Linear Solver

No. of Data Rows : 801
fcross              =  8.79148e+05
pmarg               =  6.78591e+01
tdc                 =  8.11613e+01
mode=0db  rload=100k  rsrc=2.611k  pos=1  C=47p
fcross = 8.791479e+05
pmarg = 6.785907e+01
tdc = 8.116135e+01
Doing analysis at TEMP = 27.000000 and TNOM = 27.000000

Using SPARSE 1.3 as Direct Linear Solver

No. of Data Rows : 801
fcross              =  8.81553e+05
pmarg               =  6.75381e+01
tdc                 =  8.11613e+01
mode=0db  rload=100k  rsrc=2.611k  pos=1  C=100p
fcross = 8.815531e+05
pmarg = 6.753808e+01
tdc = 8.116135e+01
Doing analysis at TEMP = 27.000000 and TNOM = 27.000000

Using SPARSE 1.3 as Direct Linear Solver

No. of Data Rows : 801
fcross              =  8.86574e+05
pmarg               =  6.67978e+01
tdc                 =  8.11613e+01
mode=0db  rload=100k  rsrc=2.611k  pos=1  C=220p
fcross = 8.865745e+05
pmarg = 6.679782e+01
tdc = 8.116135e+01
Doing analysis at TEMP = 27.000000 and TNOM = 27.000000

Using SPARSE 1.3 as Direct Linear Solver

No. of Data Rows : 801
fcross              =  8.94902e+05
pmarg               =  6.52233e+01
tdc                 =  8.11613e+01
mode=0db  rload=100k  rsrc=2.611k  pos=1  C=470p
fcross = 8.949024e+05
pmarg = 6.522327e+01
tdc = 8.116135e+01
Doing analysis at TEMP = 27.000000 and TNOM = 27.000000

Using SPARSE 1.3 as Direct Linear Solver

No. of Data Rows : 801
fcross              =  9.00666e+05
pmarg               =  6.20761e+01
tdc                 =  8.11613e+01
mode=0db  rload=100k  rsrc=2.611k  pos=1  C=1n
fcross = 9.006658e+05
pmarg = 6.207613e+01
tdc = 8.116134e+01
Doing analysis at TEMP = 27.000000 and TNOM = 27.000000

Using SPARSE 1.3 as Direct Linear Solver

No. of Data Rows : 801
fcross              =  8.92038e+05
pmarg               =  5.98035e+01
tdc                 =  8.11613e+01
mode=0db  rload=100k  rsrc=2.611k  pos=1  C=1.5n
fcross = 8.920382e+05
pmarg = 5.980352e+01
tdc = 8.116134e+01
Doing analysis at TEMP = 27.000000 and TNOM = 27.000000

Using SPARSE 1.3 as Direct Linear Solver

No. of Data Rows : 801
fcross              =  8.67913e+05
pmarg               =  5.79369e+01
tdc                 =  8.11613e+01
mode=0db  rload=100k  rsrc=2.611k  pos=1  C=2.2n
fcross = 8.679132e+05
pmarg = 5.793692e+01
tdc = 8.116134e+01
Doing analysis at TEMP = 27.000000 and TNOM = 27.000000

Using SPARSE 1.3 as Direct Linear Solver

No. of Data Rows : 801
fcross              =  8.48521e+05
pmarg               =  5.73111e+01
tdc                 =  8.11613e+01
mode=0db  rload=100k  rsrc=2.611k  pos=1  C=2.7n
fcross = 8.485215e+05
pmarg = 5.731107e+01
tdc = 8.116134e+01
Doing analysis at TEMP = 27.000000 and TNOM = 27.000000

Using SPARSE 1.3 as Direct Linear Solver

No. of Data Rows : 801
fcross              =  8.26566e+05
pmarg               =  5.70368e+01
tdc                 =  8.11613e+01
mode=0db  rload=100k  rsrc=2.611k  pos=1  C=3.3n
fcross = 8.265659e+05
pmarg = 5.703676e+01
tdc = 8.116133e+01
Doing analysis at TEMP = 27.000000 and TNOM = 27.000000

Using SPARSE 1.3 as Direct Linear Solver

No. of Data Rows : 801
fcross              =  7.85499e+05
pmarg               =  5.73772e+01
tdc                 =  8.11613e+01
mode=0db  rload=100k  rsrc=2.611k  pos=1  C=4.7n
fcross = 7.854987e+05
pmarg = 5.737721e+01
tdc = 8.116133e+01
Doing analysis at TEMP = 27.000000 and TNOM = 27.000000

Using SPARSE 1.3 as Direct Linear Solver

No. of Data Rows : 801
fcross              =  8.76929e+05
pmarg               =  6.81400e+01
tdc                 =  8.11613e+01
mode=0db  rload=100k  rsrc=2.611k  pos=2  C=1f
fcross = 8.769290e+05
pmarg = 6.813996e+01
tdc = 8.116135e+01
Doing analysis at TEMP = 27.000000 and TNOM = 27.000000

Using SPARSE 1.3 as Direct Linear Solver

No. of Data Rows : 801
fcross              =  8.79196e+05
pmarg               =  6.78592e+01
tdc                 =  8.11613e+01
mode=0db  rload=100k  rsrc=2.611k  pos=2  C=47p
fcross = 8.791965e+05
pmarg = 6.785916e+01
tdc = 8.116135e+01
Doing analysis at TEMP = 27.000000 and TNOM = 27.000000

Using SPARSE 1.3 as Direct Linear Solver

No. of Data Rows : 801
fcross              =  8.81771e+05
pmarg               =  6.75390e+01
tdc                 =  8.11613e+01
mode=0db  rload=100k  rsrc=2.611k  pos=2  C=100p
fcross = 8.817707e+05
pmarg = 6.753904e+01
tdc = 8.116135e+01
Doing analysis at TEMP = 27.000000 and TNOM = 27.000000

Using SPARSE 1.3 as Direct Linear Solver

No. of Data Rows : 801
fcross              =  8.87666e+05
pmarg               =  6.68004e+01
tdc                 =  8.11613e+01
mode=0db  rload=100k  rsrc=2.611k  pos=2  C=220p
fcross = 8.876658e+05
pmarg = 6.680037e+01
tdc = 8.116135e+01
Doing analysis at TEMP = 27.000000 and TNOM = 27.000000

Using SPARSE 1.3 as Direct Linear Solver

No. of Data Rows : 801
fcross              =  9.00494e+05
pmarg               =  6.51896e+01
tdc                 =  8.11613e+01
mode=0db  rload=100k  rsrc=2.611k  pos=2  C=470p
fcross = 9.004943e+05
pmarg = 6.518963e+01
tdc = 8.116134e+01
Doing analysis at TEMP = 27.000000 and TNOM = 27.000000

Using SPARSE 1.3 as Direct Linear Solver

No. of Data Rows : 801
fcross              =  9.29784e+05
pmarg               =  6.14262e+01
tdc                 =  8.11613e+01
mode=0db  rload=100k  rsrc=2.611k  pos=2  C=1n
fcross = 9.297842e+05
pmarg = 6.142619e+01
tdc = 8.116133e+01
Doing analysis at TEMP = 27.000000 and TNOM = 27.000000

Using SPARSE 1.3 as Direct Linear Solver

No. of Data Rows : 801
fcross              =  9.60336e+05
pmarg               =  5.73541e+01
tdc                 =  8.11613e+01
mode=0db  rload=100k  rsrc=2.611k  pos=2  C=1.5n
fcross = 9.603359e+05
pmarg = 5.735405e+01
tdc = 8.116132e+01
Doing analysis at TEMP = 27.000000 and TNOM = 27.000000

Using SPARSE 1.3 as Direct Linear Solver

No. of Data Rows : 801
fcross              =  1.00720e+06
pmarg               =  5.06229e+01
tdc                 =  8.11613e+01
mode=0db  rload=100k  rsrc=2.611k  pos=2  C=2.2n
fcross = 1.007203e+06
pmarg = 5.062287e+01
tdc = 8.116130e+01
Doing analysis at TEMP = 27.000000 and TNOM = 27.000000

Using SPARSE 1.3 as Direct Linear Solver

No. of Data Rows : 801
fcross              =  1.04145e+06
pmarg               =  4.50338e+01
tdc                 =  8.11613e+01
mode=0db  rload=100k  rsrc=2.611k  pos=2  C=2.7n
fcross = 1.041454e+06
pmarg = 4.503380e+01
tdc = 8.116129e+01
Doing analysis at TEMP = 27.000000 and TNOM = 27.000000

Using SPARSE 1.3 as Direct Linear Solver

No. of Data Rows : 801
fcross              =  1.07725e+06
pmarg               =  3.77483e+01
tdc                 =  8.11613e+01
mode=0db  rload=100k  rsrc=2.611k  pos=2  C=3.3n
fcross = 1.077246e+06
pmarg = 3.774830e+01
tdc = 8.116128e+01
Doing analysis at TEMP = 27.000000 and TNOM = 27.000000

Using SPARSE 1.3 as Direct Linear Solver

No. of Data Rows : 801
fcross              =  1.09976e+06
pmarg               =  2.28714e+01
tdc                 =  8.11613e+01
mode=0db  rload=100k  rsrc=2.611k  pos=2  C=4.7n
fcross = 1.099764e+06
pmarg = 2.287140e+01
tdc = 8.116125e+01
Doing analysis at TEMP = 27.000000 and TNOM = 27.000000

Using SPARSE 1.3 as Direct Linear Solver

No. of Data Rows : 801
fcross              =  8.75971e+05
pmarg               =  6.88350e+01
tdc                 =  8.09565e+01
mode=0db  rload=10k  rsrc=1m  pos=1  C=1f
fcross = 8.759712e+05
pmarg = 6.883496e+01
tdc = 8.095652e+01
Doing analysis at TEMP = 27.000000 and TNOM = 27.000000

Using SPARSE 1.3 as Direct Linear Solver

No. of Data Rows : 801
fcross              =  8.78162e+05
pmarg               =  6.85589e+01
tdc                 =  8.09565e+01
mode=0db  rload=10k  rsrc=1m  pos=1  C=47p
fcross = 8.781616e+05
pmarg = 6.855888e+01
tdc = 8.095652e+01
Doing analysis at TEMP = 27.000000 and TNOM = 27.000000

Using SPARSE 1.3 as Direct Linear Solver

No. of Data Rows : 801
fcross              =  8.80536e+05
pmarg               =  6.82433e+01
tdc                 =  8.09565e+01
mode=0db  rload=10k  rsrc=1m  pos=1  C=100p
fcross = 8.805360e+05
pmarg = 6.824334e+01
tdc = 8.095653e+01
Doing analysis at TEMP = 27.000000 and TNOM = 27.000000

Using SPARSE 1.3 as Direct Linear Solver

No. of Data Rows : 801
fcross              =  8.85494e+05
pmarg               =  6.75154e+01
tdc                 =  8.09565e+01
mode=0db  rload=10k  rsrc=1m  pos=1  C=220p
fcross = 8.854941e+05
pmarg = 6.751542e+01
tdc = 8.095654e+01
Doing analysis at TEMP = 27.000000 and TNOM = 27.000000

Using SPARSE 1.3 as Direct Linear Solver

No. of Data Rows : 801
fcross              =  8.93696e+05
pmarg               =  6.59666e+01
tdc                 =  8.09566e+01
mode=0db  rload=10k  rsrc=1m  pos=1  C=470p
fcross = 8.936958e+05
pmarg = 6.596662e+01
tdc = 8.095655e+01
Doing analysis at TEMP = 27.000000 and TNOM = 27.000000

Using SPARSE 1.3 as Direct Linear Solver

No. of Data Rows : 801
fcross              =  8.99473e+05
pmarg               =  6.28583e+01
tdc                 =  8.09566e+01
mode=0db  rload=10k  rsrc=1m  pos=1  C=1n
fcross = 8.994734e+05
pmarg = 6.285830e+01
tdc = 8.095659e+01
Doing analysis at TEMP = 27.000000 and TNOM = 27.000000

Using SPARSE 1.3 as Direct Linear Solver

No. of Data Rows : 801
fcross              =  8.91079e+05
pmarg               =  6.05956e+01
tdc                 =  8.09566e+01
mode=0db  rload=10k  rsrc=1m  pos=1  C=1.5n
fcross = 8.910794e+05
pmarg = 6.059560e+01
tdc = 8.095663e+01
Doing analysis at TEMP = 27.000000 and TNOM = 27.000000

Using SPARSE 1.3 as Direct Linear Solver

No. of Data Rows : 801
fcross              =  8.67367e+05
pmarg               =  5.87108e+01
tdc                 =  8.09567e+01
mode=0db  rload=10k  rsrc=1m  pos=1  C=2.2n
fcross = 8.673673e+05
pmarg = 5.871076e+01
tdc = 8.095668e+01
Doing analysis at TEMP = 27.000000 and TNOM = 27.000000

Using SPARSE 1.3 as Direct Linear Solver

No. of Data Rows : 801
fcross              =  8.48200e+05
pmarg               =  5.80637e+01
tdc                 =  8.09567e+01
mode=0db  rload=10k  rsrc=1m  pos=1  C=2.7n
fcross = 8.481997e+05
pmarg = 5.806365e+01
tdc = 8.095671e+01
Doing analysis at TEMP = 27.000000 and TNOM = 27.000000

Using SPARSE 1.3 as Direct Linear Solver

No. of Data Rows : 801
fcross              =  8.26433e+05
pmarg               =  5.77632e+01
tdc                 =  8.09568e+01
mode=0db  rload=10k  rsrc=1m  pos=1  C=3.3n
fcross = 8.264333e+05
pmarg = 5.776316e+01
tdc = 8.095675e+01
Doing analysis at TEMP = 27.000000 and TNOM = 27.000000

Using SPARSE 1.3 as Direct Linear Solver

No. of Data Rows : 801
fcross              =  7.85592e+05
pmarg               =  5.80530e+01
tdc                 =  8.09569e+01
mode=0db  rload=10k  rsrc=1m  pos=1  C=4.7n
fcross = 7.855919e+05
pmarg = 5.805300e+01
tdc = 8.095685e+01
Doing analysis at TEMP = 27.000000 and TNOM = 27.000000

Using SPARSE 1.3 as Direct Linear Solver

No. of Data Rows : 801
fcross              =  8.75971e+05
pmarg               =  6.88350e+01
tdc                 =  8.09565e+01
mode=0db  rload=10k  rsrc=1m  pos=2  C=1f
fcross = 8.759712e+05
pmarg = 6.883496e+01
tdc = 8.095652e+01
Doing analysis at TEMP = 27.000000 and TNOM = 27.000000

Using SPARSE 1.3 as Direct Linear Solver

No. of Data Rows : 801
fcross              =  8.78228e+05
pmarg               =  6.85566e+01
tdc                 =  8.09565e+01
mode=0db  rload=10k  rsrc=1m  pos=2  C=47p
fcross = 8.782284e+05
pmarg = 6.855665e+01
tdc = 8.095652e+01
Doing analysis at TEMP = 27.000000 and TNOM = 27.000000

Using SPARSE 1.3 as Direct Linear Solver

No. of Data Rows : 801
fcross              =  8.80791e+05
pmarg               =  6.82394e+01
tdc                 =  8.09565e+01
mode=0db  rload=10k  rsrc=1m  pos=2  C=100p
fcross = 8.807908e+05
pmarg = 6.823936e+01
tdc = 8.095652e+01
Doing analysis at TEMP = 27.000000 and TNOM = 27.000000

Using SPARSE 1.3 as Direct Linear Solver

No. of Data Rows : 801
fcross              =  8.86658e+05
pmarg               =  6.75073e+01
tdc                 =  8.09565e+01
mode=0db  rload=10k  rsrc=1m  pos=2  C=220p
fcross = 8.866584e+05
pmarg = 6.750727e+01
tdc = 8.095651e+01
Doing analysis at TEMP = 27.000000 and TNOM = 27.000000

Using SPARSE 1.3 as Direct Linear Solver

No. of Data Rows : 801
fcross              =  8.99396e+05
pmarg               =  6.59120e+01
tdc                 =  8.09565e+01
mode=0db  rload=10k  rsrc=1m  pos=2  C=470p
fcross = 8.993956e+05
pmarg = 6.591195e+01
tdc = 8.095651e+01
Doing analysis at TEMP = 27.000000 and TNOM = 27.000000

Using SPARSE 1.3 as Direct Linear Solver

No. of Data Rows : 801
fcross              =  9.28492e+05
pmarg               =  6.21852e+01
tdc                 =  8.09565e+01
mode=0db  rload=10k  rsrc=1m  pos=2  C=1n
fcross = 9.284917e+05
pmarg = 6.218522e+01
tdc = 8.095650e+01
Doing analysis at TEMP = 27.000000 and TNOM = 27.000000

Using SPARSE 1.3 as Direct Linear Solver

No. of Data Rows : 801
fcross              =  9.58757e+05
pmarg               =  5.81579e+01
tdc                 =  8.09565e+01
mode=0db  rload=10k  rsrc=1m  pos=2  C=1.5n
fcross = 9.587574e+05
pmarg = 5.815791e+01
tdc = 8.095649e+01
Doing analysis at TEMP = 27.000000 and TNOM = 27.000000

Using SPARSE 1.3 as Direct Linear Solver

No. of Data Rows : 801
fcross              =  1.00515e+06
pmarg               =  5.15069e+01
tdc                 =  8.09565e+01
mode=0db  rload=10k  rsrc=1m  pos=2  C=2.2n
fcross = 1.005146e+06
pmarg = 5.150692e+01
tdc = 8.095647e+01
Doing analysis at TEMP = 27.000000 and TNOM = 27.000000

Using SPARSE 1.3 as Direct Linear Solver

No. of Data Rows : 801
fcross              =  1.03904e+06
pmarg               =  4.59865e+01
tdc                 =  8.09565e+01
mode=0db  rload=10k  rsrc=1m  pos=2  C=2.7n
fcross = 1.039045e+06
pmarg = 4.598651e+01
tdc = 8.095646e+01
Doing analysis at TEMP = 27.000000 and TNOM = 27.000000

Using SPARSE 1.3 as Direct Linear Solver

No. of Data Rows : 801
fcross              =  1.07442e+06
pmarg               =  3.87951e+01
tdc                 =  8.09564e+01
mode=0db  rload=10k  rsrc=1m  pos=2  C=3.3n
fcross = 1.074420e+06
pmarg = 3.879510e+01
tdc = 8.095645e+01
Doing analysis at TEMP = 27.000000 and TNOM = 27.000000

Using SPARSE 1.3 as Direct Linear Solver

No. of Data Rows : 801
fcross              =  1.09732e+06
pmarg               =  2.39981e+01
tdc                 =  8.09564e+01
mode=0db  rload=10k  rsrc=1m  pos=2  C=4.7n
fcross = 1.097321e+06
pmarg = 2.399810e+01
tdc = 8.095642e+01
Doing analysis at TEMP = 27.000000 and TNOM = 27.000000

Using SPARSE 1.3 as Direct Linear Solver

No. of Data Rows : 801
fcross              =  8.75908e+05
pmarg               =  6.85609e+01
tdc                 =  8.09565e+01
mode=0db  rload=10k  rsrc=1k  pos=1  C=1f
fcross = 8.759084e+05
pmarg = 6.856094e+01
tdc = 8.095652e+01
Doing analysis at TEMP = 27.000000 and TNOM = 27.000000

Using SPARSE 1.3 as Direct Linear Solver

No. of Data Rows : 801
fcross              =  8.78098e+05
pmarg               =  6.82842e+01
tdc                 =  8.09565e+01
mode=0db  rload=10k  rsrc=1k  pos=1  C=47p
fcross = 8.780982e+05
pmarg = 6.828420e+01
tdc = 8.095652e+01
Doing analysis at TEMP = 27.000000 and TNOM = 27.000000

Using SPARSE 1.3 as Direct Linear Solver

No. of Data Rows : 801
fcross              =  8.80472e+05
pmarg               =  6.79679e+01
tdc                 =  8.09565e+01
mode=0db  rload=10k  rsrc=1k  pos=1  C=100p
fcross = 8.804720e+05
pmarg = 6.796795e+01
tdc = 8.095652e+01
Doing analysis at TEMP = 27.000000 and TNOM = 27.000000

Using SPARSE 1.3 as Direct Linear Solver

No. of Data Rows : 801
fcross              =  8.85429e+05
pmarg               =  6.72386e+01
tdc                 =  8.09565e+01
mode=0db  rload=10k  rsrc=1k  pos=1  C=220p
fcross = 8.854288e+05
pmarg = 6.723856e+01
tdc = 8.095653e+01
Doing analysis at TEMP = 27.000000 and TNOM = 27.000000

Using SPARSE 1.3 as Direct Linear Solver

No. of Data Rows : 801
fcross              =  8.93627e+05
pmarg               =  6.56874e+01
tdc                 =  8.09566e+01
mode=0db  rload=10k  rsrc=1k  pos=1  C=470p
fcross = 8.936266e+05
pmarg = 6.568742e+01
tdc = 8.095655e+01
Doing analysis at TEMP = 27.000000 and TNOM = 27.000000

Using SPARSE 1.3 as Direct Linear Solver
 Reference value :  9.33254e+05
No. of Data Rows : 801
fcross              =  8.99404e+05
pmarg               =  6.25776e+01
tdc                 =  8.09566e+01
mode=0db  rload=10k  rsrc=1k  pos=1  C=1n
fcross = 8.994038e+05
pmarg = 6.257759e+01
tdc = 8.095659e+01
Doing analysis at TEMP = 27.000000 and TNOM = 27.000000

Using SPARSE 1.3 as Direct Linear Solver

No. of Data Rows : 801
fcross              =  8.91015e+05
pmarg               =  6.03175e+01
tdc                 =  8.09566e+01
mode=0db  rload=10k  rsrc=1k  pos=1  C=1.5n
fcross = 8.910152e+05
pmarg = 6.031755e+01
tdc = 8.095662e+01
Doing analysis at TEMP = 27.000000 and TNOM = 27.000000

Using SPARSE 1.3 as Direct Linear Solver

No. of Data Rows : 801
fcross              =  8.67311e+05
pmarg               =  5.84400e+01
tdc                 =  8.09567e+01
mode=0db  rload=10k  rsrc=1k  pos=1  C=2.2n
fcross = 8.673113e+05
pmarg = 5.843997e+01
tdc = 8.095667e+01
Doing analysis at TEMP = 27.000000 and TNOM = 27.000000

Using SPARSE 1.3 as Direct Linear Solver

No. of Data Rows : 801
fcross              =  8.48149e+05
pmarg               =  5.77987e+01
tdc                 =  8.09567e+01
mode=0db  rload=10k  rsrc=1k  pos=1  C=2.7n
fcross = 8.481492e+05
pmarg = 5.779869e+01
tdc = 8.095671e+01
Doing analysis at TEMP = 27.000000 and TNOM = 27.000000

Using SPARSE 1.3 as Direct Linear Solver

No. of Data Rows : 801
fcross              =  8.26388e+05
pmarg               =  5.75048e+01
tdc                 =  8.09568e+01
mode=0db  rload=10k  rsrc=1k  pos=1  C=3.3n
fcross = 8.263878e+05
pmarg = 5.750483e+01
tdc = 8.095675e+01
Doing analysis at TEMP = 27.000000 and TNOM = 27.000000

Using SPARSE 1.3 as Direct Linear Solver

No. of Data Rows : 801
fcross              =  7.85554e+05
pmarg               =  5.78071e+01
tdc                 =  8.09568e+01
mode=0db  rload=10k  rsrc=1k  pos=1  C=4.7n
fcross = 7.855537e+05
pmarg = 5.780715e+01
tdc = 8.095685e+01
Doing analysis at TEMP = 27.000000 and TNOM = 27.000000

Using SPARSE 1.3 as Direct Linear Solver

No. of Data Rows : 801
fcross              =  8.75908e+05
pmarg               =  6.85609e+01
tdc                 =  8.09565e+01
mode=0db  rload=10k  rsrc=1k  pos=2  C=1f
fcross = 8.759084e+05
pmarg = 6.856094e+01
tdc = 8.095652e+01
Doing analysis at TEMP = 27.000000 and TNOM = 27.000000

Using SPARSE 1.3 as Direct Linear Solver

No. of Data Rows : 801
fcross              =  8.78165e+05
pmarg               =  6.82819e+01
tdc                 =  8.09565e+01
mode=0db  rload=10k  rsrc=1k  pos=2  C=47p
fcross = 8.781650e+05
pmarg = 6.828195e+01
tdc = 8.095652e+01
Doing analysis at TEMP = 27.000000 and TNOM = 27.000000

Using SPARSE 1.3 as Direct Linear Solver

No. of Data Rows : 801
fcross              =  8.80727e+05
pmarg               =  6.79639e+01
tdc                 =  8.09565e+01
mode=0db  rload=10k  rsrc=1k  pos=2  C=100p
fcross = 8.807267e+05
pmarg = 6.796390e+01
tdc = 8.095651e+01
Doing analysis at TEMP = 27.000000 and TNOM = 27.000000

Using SPARSE 1.3 as Direct Linear Solver

No. of Data Rows : 801
fcross              =  8.86593e+05
pmarg               =  6.72300e+01
tdc                 =  8.09565e+01
mode=0db  rload=10k  rsrc=1k  pos=2  C=220p
fcross = 8.865928e+05
pmarg = 6.723004e+01
tdc = 8.095651e+01
Doing analysis at TEMP = 27.000000 and TNOM = 27.000000

Using SPARSE 1.3 as Direct Linear Solver

No. of Data Rows : 801
fcross              =  8.99325e+05
pmarg               =  6.56310e+01
tdc                 =  8.09565e+01
mode=0db  rload=10k  rsrc=1k  pos=2  C=470p
fcross = 8.993245e+05
pmarg = 6.563098e+01
tdc = 8.095651e+01
Doing analysis at TEMP = 27.000000 and TNOM = 27.000000

Using SPARSE 1.3 as Direct Linear Solver

No. of Data Rows : 801
fcross              =  9.28410e+05
pmarg               =  6.18958e+01
tdc                 =  8.09565e+01
mode=0db  rload=10k  rsrc=1k  pos=2  C=1n
fcross = 9.284095e+05
pmarg = 6.189575e+01
tdc = 8.095650e+01
Doing analysis at TEMP = 27.000000 and TNOM = 27.000000

Using SPARSE 1.3 as Direct Linear Solver

No. of Data Rows : 801
fcross              =  9.58659e+05
pmarg               =  5.78599e+01
tdc                 =  8.09565e+01
mode=0db  rload=10k  rsrc=1k  pos=2  C=1.5n
fcross = 9.586588e+05
pmarg = 5.785994e+01
tdc = 8.095649e+01
Doing analysis at TEMP = 27.000000 and TNOM = 27.000000

Using SPARSE 1.3 as Direct Linear Solver

No. of Data Rows : 801
fcross              =  1.00502e+06
pmarg               =  5.11964e+01
tdc                 =  8.09565e+01
mode=0db  rload=10k  rsrc=1k  pos=2  C=2.2n
fcross = 1.005021e+06
pmarg = 5.119643e+01
tdc = 8.095647e+01
Doing analysis at TEMP = 27.000000 and TNOM = 27.000000

Using SPARSE 1.3 as Direct Linear Solver

No. of Data Rows : 801
fcross              =  1.03890e+06
pmarg               =  4.56672e+01
tdc                 =  8.09565e+01
mode=0db  rload=10k  rsrc=1k  pos=2  C=2.7n
fcross = 1.038902e+06
pmarg = 4.566723e+01
tdc = 8.095646e+01
Doing analysis at TEMP = 27.000000 and TNOM = 27.000000

Using SPARSE 1.3 as Direct Linear Solver

No. of Data Rows : 801
fcross              =  1.07426e+06
pmarg               =  3.84676e+01
tdc                 =  8.09564e+01
mode=0db  rload=10k  rsrc=1k  pos=2  C=3.3n
fcross = 1.074257e+06
pmarg = 3.846757e+01
tdc = 8.095645e+01
Doing analysis at TEMP = 27.000000 and TNOM = 27.000000

Using SPARSE 1.3 as Direct Linear Solver

No. of Data Rows : 801
fcross              =  1.09719e+06
pmarg               =  2.36646e+01
tdc                 =  8.09564e+01
mode=0db  rload=10k  rsrc=1k  pos=2  C=4.7n
fcross = 1.097187e+06
pmarg = 2.366456e+01
tdc = 8.095642e+01
Doing analysis at TEMP = 27.000000 and TNOM = 27.000000

Using SPARSE 1.3 as Direct Linear Solver

No. of Data Rows : 801
fcross              =  8.75689e+05
pmarg               =  6.81544e+01
tdc                 =  8.09565e+01
mode=0db  rload=10k  rsrc=2.5k  pos=1  C=1f
fcross = 8.756893e+05
pmarg = 6.815442e+01
tdc = 8.095652e+01
Doing analysis at TEMP = 27.000000 and TNOM = 27.000000

Using SPARSE 1.3 as Direct Linear Solver

No. of Data Rows : 801
fcross              =  8.77877e+05
pmarg               =  6.78768e+01
tdc                 =  8.09565e+01
mode=0db  rload=10k  rsrc=2.5k  pos=1  C=47p
fcross = 8.778770e+05
pmarg = 6.787677e+01
tdc = 8.095652e+01
Doing analysis at TEMP = 27.000000 and TNOM = 27.000000

Using SPARSE 1.3 as Direct Linear Solver

No. of Data Rows : 801
fcross              =  8.80248e+05
pmarg               =  6.75595e+01
tdc                 =  8.09565e+01
mode=0db  rload=10k  rsrc=2.5k  pos=1  C=100p
fcross = 8.802485e+05
pmarg = 6.755955e+01
tdc = 8.095653e+01
Doing analysis at TEMP = 27.000000 and TNOM = 27.000000

Using SPARSE 1.3 as Direct Linear Solver

No. of Data Rows : 801
fcross              =  8.85201e+05
pmarg               =  6.68281e+01
tdc                 =  8.09565e+01
mode=0db  rload=10k  rsrc=2.5k  pos=1  C=220p
fcross = 8.852005e+05
pmarg = 6.682815e+01
tdc = 8.095654e+01
Doing analysis at TEMP = 27.000000 and TNOM = 27.000000

Using SPARSE 1.3 as Direct Linear Solver

No. of Data Rows : 801
fcross              =  8.93384e+05
pmarg               =  6.52740e+01
tdc                 =  8.09566e+01
mode=0db  rload=10k  rsrc=2.5k  pos=1  C=470p
fcross = 8.933843e+05
pmarg = 6.527403e+01
tdc = 8.095655e+01
Doing analysis at TEMP = 27.000000 and TNOM = 27.000000

Using SPARSE 1.3 as Direct Linear Solver

No. of Data Rows : 801
fcross              =  8.99159e+05
pmarg               =  6.21627e+01
tdc                 =  8.09566e+01
mode=0db  rload=10k  rsrc=2.5k  pos=1  C=1n
fcross = 8.991589e+05
pmarg = 6.216268e+01
tdc = 8.095659e+01
Doing analysis at TEMP = 27.000000 and TNOM = 27.000000

Using SPARSE 1.3 as Direct Linear Solver

No. of Data Rows : 801
fcross              =  8.90789e+05
pmarg               =  5.99067e+01
tdc                 =  8.09566e+01
mode=0db  rload=10k  rsrc=2.5k  pos=1  C=1.5n
fcross = 8.907885e+05
pmarg = 5.990667e+01
tdc = 8.095663e+01
Doing analysis at TEMP = 27.000000 and TNOM = 27.000000

Using SPARSE 1.3 as Direct Linear Solver

No. of Data Rows : 801
fcross              =  8.67114e+05
pmarg               =  5.80396e+01
tdc                 =  8.09567e+01
mode=0db  rload=10k  rsrc=2.5k  pos=1  C=2.2n
fcross = 8.671137e+05
pmarg = 5.803957e+01
tdc = 8.095668e+01
Doing analysis at TEMP = 27.000000 and TNOM = 27.000000

Using SPARSE 1.3 as Direct Linear Solver

No. of Data Rows : 801
fcross              =  8.47971e+05
pmarg               =  5.74066e+01
tdc                 =  8.09567e+01
mode=0db  rload=10k  rsrc=2.5k  pos=1  C=2.7n
fcross = 8.479707e+05
pmarg = 5.740657e+01
tdc = 8.095671e+01
Doing analysis at TEMP = 27.000000 and TNOM = 27.000000

Using SPARSE 1.3 as Direct Linear Solver

No. of Data Rows : 801
fcross              =  8.26227e+05
pmarg               =  5.71221e+01
tdc                 =  8.09568e+01
mode=0db  rload=10k  rsrc=2.5k  pos=1  C=3.3n
fcross = 8.262270e+05
pmarg = 5.712215e+01
tdc = 8.095675e+01
Doing analysis at TEMP = 27.000000 and TNOM = 27.000000

Using SPARSE 1.3 as Direct Linear Solver

No. of Data Rows : 801
fcross              =  7.85419e+05
pmarg               =  5.74423e+01
tdc                 =  8.09569e+01
mode=0db  rload=10k  rsrc=2.5k  pos=1  C=4.7n
fcross = 7.854189e+05
pmarg = 5.744234e+01
tdc = 8.095685e+01
Doing analysis at TEMP = 27.000000 and TNOM = 27.000000

Using SPARSE 1.3 as Direct Linear Solver

No. of Data Rows : 801
fcross              =  8.75689e+05
pmarg               =  6.81544e+01
tdc                 =  8.09565e+01
mode=0db  rload=10k  rsrc=2.5k  pos=2  C=1f
fcross = 8.756893e+05
pmarg = 6.815442e+01
tdc = 8.095652e+01
Doing analysis at TEMP = 27.000000 and TNOM = 27.000000

Using SPARSE 1.3 as Direct Linear Solver

No. of Data Rows : 801
fcross              =  8.77944e+05
pmarg               =  6.78745e+01
tdc                 =  8.09565e+01
mode=0db  rload=10k  rsrc=2.5k  pos=2  C=47p
fcross = 8.779437e+05
pmarg = 6.787449e+01
tdc = 8.095652e+01
Doing analysis at TEMP = 27.000000 and TNOM = 27.000000

Using SPARSE 1.3 as Direct Linear Solver

No. of Data Rows : 801
fcross              =  8.80503e+05
pmarg               =  6.75554e+01
tdc                 =  8.09565e+01
mode=0db  rload=10k  rsrc=2.5k  pos=2  C=100p
fcross = 8.805029e+05
pmarg = 6.755538e+01
tdc = 8.095652e+01
Doing analysis at TEMP = 27.000000 and TNOM = 27.000000

Using SPARSE 1.3 as Direct Linear Solver

No. of Data Rows : 801
fcross              =  8.86363e+05
pmarg               =  6.68191e+01
tdc                 =  8.09565e+01
mode=0db  rload=10k  rsrc=2.5k  pos=2  C=220p
fcross = 8.863632e+05
pmarg = 6.681910e+01
tdc = 8.095652e+01
Doing analysis at TEMP = 27.000000 and TNOM = 27.000000

Using SPARSE 1.3 as Direct Linear Solver

No. of Data Rows : 801
fcross              =  8.99075e+05
pmarg               =  6.52150e+01
tdc                 =  8.09565e+01
mode=0db  rload=10k  rsrc=2.5k  pos=2  C=470p
fcross = 8.990754e+05
pmarg = 6.521503e+01
tdc = 8.095651e+01
Doing analysis at TEMP = 27.000000 and TNOM = 27.000000

Using SPARSE 1.3 as Direct Linear Solver

No. of Data Rows : 801
fcross              =  9.28120e+05
pmarg               =  6.14686e+01
tdc                 =  8.09565e+01
mode=0db  rload=10k  rsrc=2.5k  pos=2  C=1n
fcross = 9.281197e+05
pmarg = 6.146855e+01
tdc = 8.095650e+01
Doing analysis at TEMP = 27.000000 and TNOM = 27.000000

Using SPARSE 1.3 as Direct Linear Solver

No. of Data Rows : 801
fcross              =  9.58309e+05
pmarg               =  5.74223e+01
tdc                 =  8.09565e+01
mode=0db  rload=10k  rsrc=2.5k  pos=2  C=1.5n
fcross = 9.583091e+05
pmarg = 5.742229e+01
tdc = 8.095649e+01
Doing analysis at TEMP = 27.000000 and TNOM = 27.000000

Using SPARSE 1.3 as Direct Linear Solver

No. of Data Rows : 801
fcross              =  1.00457e+06
pmarg               =  5.07447e+01
tdc                 =  8.09565e+01
mode=0db  rload=10k  rsrc=2.5k  pos=2  C=2.2n
fcross = 1.004574e+06
pmarg = 5.074469e+01
tdc = 8.095647e+01
Doing analysis at TEMP = 27.000000 and TNOM = 27.000000

Using SPARSE 1.3 as Direct Linear Solver

No. of Data Rows : 801
fcross              =  1.03839e+06
pmarg               =  4.52067e+01
tdc                 =  8.09565e+01
mode=0db  rload=10k  rsrc=2.5k  pos=2  C=2.7n
fcross = 1.038386e+06
pmarg = 4.520668e+01
tdc = 8.095646e+01
Doing analysis at TEMP = 27.000000 and TNOM = 27.000000

Using SPARSE 1.3 as Direct Linear Solver

No. of Data Rows : 801
fcross              =  1.07366e+06
pmarg               =  3.80014e+01
tdc                 =  8.09565e+01
mode=0db  rload=10k  rsrc=2.5k  pos=2  C=3.3n
fcross = 1.073662e+06
pmarg = 3.800138e+01
tdc = 8.095645e+01
Doing analysis at TEMP = 27.000000 and TNOM = 27.000000

Using SPARSE 1.3 as Direct Linear Solver

No. of Data Rows : 801
fcross              =  1.09669e+06
pmarg               =  2.31931e+01
tdc                 =  8.09564e+01
mode=0db  rload=10k  rsrc=2.5k  pos=2  C=4.7n
fcross = 1.096685e+06
pmarg = 2.319310e+01
tdc = 8.095642e+01
Doing analysis at TEMP = 27.000000 and TNOM = 27.000000

Using SPARSE 1.3 as Direct Linear Solver

No. of Data Rows : 801
fcross              =  8.75675e+05
pmarg               =  6.81353e+01
tdc                 =  8.09565e+01
mode=0db  rload=10k  rsrc=2.571k  pos=1  C=1f
fcross = 8.756753e+05
pmarg = 6.813532e+01
tdc = 8.095652e+01
Doing analysis at TEMP = 27.000000 and TNOM = 27.000000

Using SPARSE 1.3 as Direct Linear Solver

No. of Data Rows : 801
fcross              =  8.77863e+05
pmarg               =  6.78576e+01
tdc                 =  8.09565e+01
mode=0db  rload=10k  rsrc=2.571k  pos=1  C=47p
fcross = 8.778628e+05
pmarg = 6.785763e+01
tdc = 8.095652e+01
Doing analysis at TEMP = 27.000000 and TNOM = 27.000000

Using SPARSE 1.3 as Direct Linear Solver

No. of Data Rows : 801
fcross              =  8.80234e+05
pmarg               =  6.75404e+01
tdc                 =  8.09565e+01
mode=0db  rload=10k  rsrc=2.571k  pos=1  C=100p
fcross = 8.802341e+05
pmarg = 6.754036e+01
tdc = 8.095653e+01
Doing analysis at TEMP = 27.000000 and TNOM = 27.000000

Using SPARSE 1.3 as Direct Linear Solver

No. of Data Rows : 801
fcross              =  8.85186e+05
pmarg               =  6.68089e+01
tdc                 =  8.09565e+01
mode=0db  rload=10k  rsrc=2.571k  pos=1  C=220p
fcross = 8.851859e+05
pmarg = 6.680887e+01
tdc = 8.095654e+01
Doing analysis at TEMP = 27.000000 and TNOM = 27.000000

Using SPARSE 1.3 as Direct Linear Solver

No. of Data Rows : 801
fcross              =  8.93369e+05
pmarg               =  6.52546e+01
tdc                 =  8.09566e+01
mode=0db  rload=10k  rsrc=2.571k  pos=1  C=470p
fcross = 8.933688e+05
pmarg = 6.525463e+01
tdc = 8.095655e+01
Doing analysis at TEMP = 27.000000 and TNOM = 27.000000

Using SPARSE 1.3 as Direct Linear Solver

No. of Data Rows : 801
fcross              =  8.99143e+05
pmarg               =  6.21432e+01
tdc                 =  8.09566e+01
mode=0db  rload=10k  rsrc=2.571k  pos=1  C=1n
fcross = 8.991431e+05
pmarg = 6.214323e+01
tdc = 8.095659e+01
Doing analysis at TEMP = 27.000000 and TNOM = 27.000000

Using SPARSE 1.3 as Direct Linear Solver

No. of Data Rows : 801
fcross              =  8.90774e+05
pmarg               =  5.98874e+01
tdc                 =  8.09566e+01
mode=0db  rload=10k  rsrc=2.571k  pos=1  C=1.5n
fcross = 8.907740e+05
pmarg = 5.988741e+01
tdc = 8.095663e+01
Doing analysis at TEMP = 27.000000 and TNOM = 27.000000

Using SPARSE 1.3 as Direct Linear Solver

No. of Data Rows : 801
fcross              =  8.67101e+05
pmarg               =  5.80208e+01
tdc                 =  8.09567e+01
mode=0db  rload=10k  rsrc=2.571k  pos=1  C=2.2n
fcross = 8.671010e+05
pmarg = 5.802079e+01
tdc = 8.095668e+01
Doing analysis at TEMP = 27.000000 and TNOM = 27.000000

Using SPARSE 1.3 as Direct Linear Solver

No. of Data Rows : 801
fcross              =  8.47959e+05
pmarg               =  5.73882e+01
tdc                 =  8.09567e+01
mode=0db  rload=10k  rsrc=2.571k  pos=1  C=2.7n
fcross = 8.479593e+05
pmarg = 5.738817e+01
tdc = 8.095671e+01
Doing analysis at TEMP = 27.000000 and TNOM = 27.000000

Using SPARSE 1.3 as Direct Linear Solver

No. of Data Rows : 801
fcross              =  8.26217e+05
pmarg               =  5.71042e+01
tdc                 =  8.09568e+01
mode=0db  rload=10k  rsrc=2.571k  pos=1  C=3.3n
fcross = 8.262167e+05
pmarg = 5.710418e+01
tdc = 8.095675e+01
Doing analysis at TEMP = 27.000000 and TNOM = 27.000000

Using SPARSE 1.3 as Direct Linear Solver

No. of Data Rows : 801
fcross              =  7.85410e+05
pmarg               =  5.74252e+01
tdc                 =  8.09569e+01
mode=0db  rload=10k  rsrc=2.571k  pos=1  C=4.7n
fcross = 7.854102e+05
pmarg = 5.742520e+01
tdc = 8.095685e+01
Doing analysis at TEMP = 27.000000 and TNOM = 27.000000

Using SPARSE 1.3 as Direct Linear Solver

No. of Data Rows : 801
fcross              =  8.75675e+05
pmarg               =  6.81353e+01
tdc                 =  8.09565e+01
mode=0db  rload=10k  rsrc=2.571k  pos=2  C=1f
fcross = 8.756753e+05
pmarg = 6.813532e+01
tdc = 8.095652e+01
Doing analysis at TEMP = 27.000000 and TNOM = 27.000000

Using SPARSE 1.3 as Direct Linear Solver

No. of Data Rows : 801
fcross              =  8.77930e+05
pmarg               =  6.78553e+01
tdc                 =  8.09565e+01
mode=0db  rload=10k  rsrc=2.571k  pos=2  C=47p
fcross = 8.779295e+05
pmarg = 6.785535e+01
tdc = 8.095652e+01
Doing analysis at TEMP = 27.000000 and TNOM = 27.000000

Using SPARSE 1.3 as Direct Linear Solver

No. of Data Rows : 801
fcross              =  8.80489e+05
pmarg               =  6.75362e+01
tdc                 =  8.09565e+01
mode=0db  rload=10k  rsrc=2.571k  pos=2  C=100p
fcross = 8.804886e+05
pmarg = 6.753619e+01
tdc = 8.095652e+01
Doing analysis at TEMP = 27.000000 and TNOM = 27.000000

Using SPARSE 1.3 as Direct Linear Solver

No. of Data Rows : 801
fcross              =  8.86349e+05
pmarg               =  6.67998e+01
tdc                 =  8.09565e+01
mode=0db  rload=10k  rsrc=2.571k  pos=2  C=220p
fcross = 8.863485e+05
pmarg = 6.679980e+01
tdc = 8.095652e+01
Doing analysis at TEMP = 27.000000 and TNOM = 27.000000

Using SPARSE 1.3 as Direct Linear Solver

No. of Data Rows : 801
fcross              =  8.99059e+05
pmarg               =  6.51955e+01
tdc                 =  8.09565e+01
mode=0db  rload=10k  rsrc=2.571k  pos=2  C=470p
fcross = 8.990594e+05
pmarg = 6.519551e+01
tdc = 8.095651e+01
Doing analysis at TEMP = 27.000000 and TNOM = 27.000000

Using SPARSE 1.3 as Direct Linear Solver

No. of Data Rows : 801
fcross              =  9.28101e+05
pmarg               =  6.14485e+01
tdc                 =  8.09565e+01
mode=0db  rload=10k  rsrc=2.571k  pos=2  C=1n
fcross = 9.281010e+05
pmarg = 6.144855e+01
tdc = 8.095650e+01
Doing analysis at TEMP = 27.000000 and TNOM = 27.000000

Using SPARSE 1.3 as Direct Linear Solver

No. of Data Rows : 801
fcross              =  9.58287e+05
pmarg               =  5.74019e+01
tdc                 =  8.09565e+01
mode=0db  rload=10k  rsrc=2.571k  pos=2  C=1.5n
fcross = 9.582865e+05
pmarg = 5.740186e+01
tdc = 8.095649e+01
Doing analysis at TEMP = 27.000000 and TNOM = 27.000000

Using SPARSE 1.3 as Direct Linear Solver

No. of Data Rows : 801
fcross              =  1.00455e+06
pmarg               =  5.07237e+01
tdc                 =  8.09565e+01
mode=0db  rload=10k  rsrc=2.571k  pos=2  C=2.2n
fcross = 1.004546e+06
pmarg = 5.072374e+01
tdc = 8.095647e+01
Doing analysis at TEMP = 27.000000 and TNOM = 27.000000

Using SPARSE 1.3 as Direct Linear Solver

No. of Data Rows : 801
fcross              =  1.03835e+06
pmarg               =  4.51854e+01
tdc                 =  8.09565e+01
mode=0db  rload=10k  rsrc=2.571k  pos=2  C=2.7n
fcross = 1.038353e+06
pmarg = 4.518543e+01
tdc = 8.095646e+01
Doing analysis at TEMP = 27.000000 and TNOM = 27.000000

Using SPARSE 1.3 as Direct Linear Solver

No. of Data Rows : 801
fcross              =  1.07362e+06
pmarg               =  3.79801e+01
tdc                 =  8.09565e+01
mode=0db  rload=10k  rsrc=2.571k  pos=2  C=3.3n
fcross = 1.073623e+06
pmarg = 3.798007e+01
tdc = 8.095645e+01
Doing analysis at TEMP = 27.000000 and TNOM = 27.000000

Using SPARSE 1.3 as Direct Linear Solver

No. of Data Rows : 801
fcross              =  1.09665e+06
pmarg               =  2.31716e+01
tdc                 =  8.09564e+01
mode=0db  rload=10k  rsrc=2.571k  pos=2  C=4.7n
fcross = 1.096653e+06
pmarg = 2.317165e+01
tdc = 8.095642e+01
Doing analysis at TEMP = 27.000000 and TNOM = 27.000000

Using SPARSE 1.3 as Direct Linear Solver

No. of Data Rows : 801
fcross              =  8.75667e+05
pmarg               =  6.81246e+01
tdc                 =  8.09565e+01
mode=0db  rload=10k  rsrc=2.611k  pos=1  C=1f
fcross = 8.756672e+05
pmarg = 6.812457e+01
tdc = 8.095652e+01
Doing analysis at TEMP = 27.000000 and TNOM = 27.000000

Using SPARSE 1.3 as Direct Linear Solver

No. of Data Rows : 801
fcross              =  8.77855e+05
pmarg               =  6.78469e+01
tdc                 =  8.09565e+01
mode=0db  rload=10k  rsrc=2.611k  pos=1  C=47p
fcross = 8.778547e+05
pmarg = 6.784685e+01
tdc = 8.095652e+01
Doing analysis at TEMP = 27.000000 and TNOM = 27.000000

Using SPARSE 1.3 as Direct Linear Solver

No. of Data Rows : 801
fcross              =  8.80226e+05
pmarg               =  6.75296e+01
tdc                 =  8.09565e+01
mode=0db  rload=10k  rsrc=2.611k  pos=1  C=100p
fcross = 8.802259e+05
pmarg = 6.752956e+01
tdc = 8.095653e+01
Doing analysis at TEMP = 27.000000 and TNOM = 27.000000

Using SPARSE 1.3 as Direct Linear Solver

No. of Data Rows : 801
fcross              =  8.85177e+05
pmarg               =  6.67980e+01
tdc                 =  8.09565e+01
mode=0db  rload=10k  rsrc=2.611k  pos=1  C=220p
fcross = 8.851775e+05
pmarg = 6.679802e+01
tdc = 8.095654e+01
Doing analysis at TEMP = 27.000000 and TNOM = 27.000000

Using SPARSE 1.3 as Direct Linear Solver

No. of Data Rows : 801
fcross              =  8.93360e+05
pmarg               =  6.52437e+01
tdc                 =  8.09566e+01
mode=0db  rload=10k  rsrc=2.611k  pos=1  C=470p
fcross = 8.933598e+05
pmarg = 6.524371e+01
tdc = 8.095655e+01
Doing analysis at TEMP = 27.000000 and TNOM = 27.000000

Using SPARSE 1.3 as Direct Linear Solver

No. of Data Rows : 801
fcross              =  8.99134e+05
pmarg               =  6.21323e+01
tdc                 =  8.09566e+01
mode=0db  rload=10k  rsrc=2.611k  pos=1  C=1n
fcross = 8.991341e+05
pmarg = 6.213228e+01
tdc = 8.095659e+01
Doing analysis at TEMP = 27.000000 and TNOM = 27.000000

Using SPARSE 1.3 as Direct Linear Solver

No. of Data Rows : 801
fcross              =  8.90766e+05
pmarg               =  5.98766e+01
tdc                 =  8.09566e+01
mode=0db  rload=10k  rsrc=2.611k  pos=1  C=1.5n
fcross = 8.907656e+05
pmarg = 5.987657e+01
tdc = 8.095663e+01
Doing analysis at TEMP = 27.000000 and TNOM = 27.000000

Using SPARSE 1.3 as Direct Linear Solver

No. of Data Rows : 801
fcross              =  8.67094e+05
pmarg               =  5.80102e+01
tdc                 =  8.09567e+01
mode=0db  rload=10k  rsrc=2.611k  pos=1  C=2.2n
fcross = 8.670937e+05
pmarg = 5.801022e+01
tdc = 8.095668e+01
Doing analysis at TEMP = 27.000000 and TNOM = 27.000000

Using SPARSE 1.3 as Direct Linear Solver

No. of Data Rows : 801
fcross              =  8.47953e+05
pmarg               =  5.73778e+01
tdc                 =  8.09567e+01
mode=0db  rload=10k  rsrc=2.611k  pos=1  C=2.7n
fcross = 8.479527e+05
pmarg = 5.737782e+01
tdc = 8.095671e+01
Doing analysis at TEMP = 27.000000 and TNOM = 27.000000

Using SPARSE 1.3 as Direct Linear Solver

No. of Data Rows : 801
fcross              =  8.26211e+05
pmarg               =  5.70941e+01
tdc                 =  8.09568e+01
mode=0db  rload=10k  rsrc=2.611k  pos=1  C=3.3n
fcross = 8.262107e+05
pmarg = 5.709407e+01
tdc = 8.095675e+01
Doing analysis at TEMP = 27.000000 and TNOM = 27.000000

Using SPARSE 1.3 as Direct Linear Solver

No. of Data Rows : 801
fcross              =  7.85405e+05
pmarg               =  5.74155e+01
tdc                 =  8.09569e+01
mode=0db  rload=10k  rsrc=2.611k  pos=1  C=4.7n
fcross = 7.854053e+05
pmarg = 5.741554e+01
tdc = 8.095685e+01
Doing analysis at TEMP = 27.000000 and TNOM = 27.000000

Using SPARSE 1.3 as Direct Linear Solver
 Reference value :  5.37032e+06
No. of Data Rows : 801
fcross              =  8.75667e+05
pmarg               =  6.81246e+01
tdc                 =  8.09565e+01
mode=0db  rload=10k  rsrc=2.611k  pos=2  C=1f
fcross = 8.756672e+05
pmarg = 6.812457e+01
tdc = 8.095652e+01
Doing analysis at TEMP = 27.000000 and TNOM = 27.000000

Using SPARSE 1.3 as Direct Linear Solver

No. of Data Rows : 801
fcross              =  8.77921e+05
pmarg               =  6.78446e+01
tdc                 =  8.09565e+01
mode=0db  rload=10k  rsrc=2.611k  pos=2  C=47p
fcross = 8.779214e+05
pmarg = 6.784457e+01
tdc = 8.095652e+01
Doing analysis at TEMP = 27.000000 and TNOM = 27.000000

Using SPARSE 1.3 as Direct Linear Solver

No. of Data Rows : 801
fcross              =  8.80480e+05
pmarg               =  6.75254e+01
tdc                 =  8.09565e+01
mode=0db  rload=10k  rsrc=2.611k  pos=2  C=100p
fcross = 8.804803e+05
pmarg = 6.752538e+01
tdc = 8.095652e+01
Doing analysis at TEMP = 27.000000 and TNOM = 27.000000

Using SPARSE 1.3 as Direct Linear Solver

No. of Data Rows : 801
fcross              =  8.86340e+05
pmarg               =  6.67889e+01
tdc                 =  8.09565e+01
mode=0db  rload=10k  rsrc=2.611k  pos=2  C=220p
fcross = 8.863401e+05
pmarg = 6.678893e+01
tdc = 8.095652e+01
Doing analysis at TEMP = 27.000000 and TNOM = 27.000000

Using SPARSE 1.3 as Direct Linear Solver

No. of Data Rows : 801
fcross              =  8.99050e+05
pmarg               =  6.51845e+01
tdc                 =  8.09565e+01
mode=0db  rload=10k  rsrc=2.611k  pos=2  C=470p
fcross = 8.990502e+05
pmarg = 6.518452e+01
tdc = 8.095651e+01
Doing analysis at TEMP = 27.000000 and TNOM = 27.000000

Using SPARSE 1.3 as Direct Linear Solver

No. of Data Rows : 801
fcross              =  9.28090e+05
pmarg               =  6.14373e+01
tdc                 =  8.09565e+01
mode=0db  rload=10k  rsrc=2.611k  pos=2  C=1n
fcross = 9.280904e+05
pmarg = 6.143728e+01
tdc = 8.095650e+01
Doing analysis at TEMP = 27.000000 and TNOM = 27.000000

Using SPARSE 1.3 as Direct Linear Solver

No. of Data Rows : 801
fcross              =  9.58274e+05
pmarg               =  5.73904e+01
tdc                 =  8.09565e+01
mode=0db  rload=10k  rsrc=2.611k  pos=2  C=1.5n
fcross = 9.582736e+05
pmarg = 5.739037e+01
tdc = 8.095649e+01
Doing analysis at TEMP = 27.000000 and TNOM = 27.000000

Using SPARSE 1.3 as Direct Linear Solver

No. of Data Rows : 801
fcross              =  1.00453e+06
pmarg               =  5.07119e+01
tdc                 =  8.09565e+01
mode=0db  rload=10k  rsrc=2.611k  pos=2  C=2.2n
fcross = 1.004529e+06
pmarg = 5.071195e+01
tdc = 8.095647e+01
Doing analysis at TEMP = 27.000000 and TNOM = 27.000000

Using SPARSE 1.3 as Direct Linear Solver

No. of Data Rows : 801
fcross              =  1.03833e+06
pmarg               =  4.51735e+01
tdc                 =  8.09565e+01
mode=0db  rload=10k  rsrc=2.611k  pos=2  C=2.7n
fcross = 1.038334e+06
pmarg = 4.517349e+01
tdc = 8.095646e+01
Doing analysis at TEMP = 27.000000 and TNOM = 27.000000

Using SPARSE 1.3 as Direct Linear Solver

No. of Data Rows : 801
fcross              =  1.07360e+06
pmarg               =  3.79681e+01
tdc                 =  8.09565e+01
mode=0db  rload=10k  rsrc=2.611k  pos=2  C=3.3n
fcross = 1.073601e+06
pmarg = 3.796810e+01
tdc = 8.095645e+01
Doing analysis at TEMP = 27.000000 and TNOM = 27.000000

Using SPARSE 1.3 as Direct Linear Solver

No. of Data Rows : 801
fcross              =  1.09663e+06
Note: Starting dynamic gmin stepping
Warning: Dynamic gmin stepping failed
Note: Starting true gmin stepping
Note: True gmin stepping completed
pmarg               =  2.31596e+01
tdc                 =  8.09564e+01
mode=0db  rload=10k  rsrc=2.611k  pos=2  C=4.7n
fcross = 1.096634e+06
pmarg = 2.315960e+01
tdc = 8.095642e+01
Doing analysis at TEMP = 27.000000 and TNOM = 27.000000

Using SPARSE 1.3 as Direct Linear Solver

No. of Data Rows : 801
fcross              =  8.71971e+05
Note: Starting dynamic gmin stepping
Warning: Dynamic gmin stepping failed
Note: Starting true gmin stepping
Note: True gmin stepping completed
pmarg               =  7.39588e+01
tdc                 =  7.87868e+01
mode=3db  rload=100k  rsrc=1m  pos=1  C=1f
fcross = 8.719714e+05
pmarg = 7.395880e+01
tdc = 7.878676e+01
Doing analysis at TEMP = 27.000000 and TNOM = 27.000000

Using SPARSE 1.3 as Direct Linear Solver

No. of Data Rows : 801
fcross              =  8.74316e+05
Note: Starting dynamic gmin stepping
Warning: Dynamic gmin stepping failed
Note: Starting true gmin stepping
Note: True gmin stepping completed
pmarg               =  7.36659e+01
tdc                 =  7.87868e+01
mode=3db  rload=100k  rsrc=1m  pos=1  C=47p
fcross = 8.743164e+05
pmarg = 7.366590e+01
tdc = 7.878676e+01
Doing analysis at TEMP = 27.000000 and TNOM = 27.000000

Using SPARSE 1.3 as Direct Linear Solver

No. of Data Rows : 801
fcross              =  8.76860e+05
Note: Starting dynamic gmin stepping
Warning: Dynamic gmin stepping failed
Note: Starting true gmin stepping
Note: True gmin stepping completed
pmarg               =  7.33319e+01
tdc                 =  7.87868e+01
mode=3db  rload=100k  rsrc=1m  pos=1  C=100p
fcross = 8.768600e+05
pmarg = 7.333195e+01
tdc = 7.878676e+01
Doing analysis at TEMP = 27.000000 and TNOM = 27.000000

Using SPARSE 1.3 as Direct Linear Solver

No. of Data Rows : 801
fcross              =  8.82176e+05
Note: Starting dynamic gmin stepping
Warning: Dynamic gmin stepping failed
Note: Starting true gmin stepping
Note: True gmin stepping completed
pmarg               =  7.25649e+01
tdc                 =  7.87868e+01
mode=3db  rload=100k  rsrc=1m  pos=1  C=220p
fcross = 8.821763e+05
pmarg = 7.256485e+01
tdc = 7.878676e+01
Doing analysis at TEMP = 27.000000 and TNOM = 27.000000

Using SPARSE 1.3 as Direct Linear Solver

No. of Data Rows : 801
fcross              =  8.90908e+05
Note: Starting dynamic gmin stepping
Warning: Dynamic gmin stepping failed
Note: Starting true gmin stepping
Note: True gmin stepping completed
pmarg               =  7.09509e+01
tdc                 =  7.87868e+01
mode=3db  rload=100k  rsrc=1m  pos=1  C=470p
fcross = 8.909082e+05
pmarg = 7.095091e+01
tdc = 7.878676e+01
Doing analysis at TEMP = 27.000000 and TNOM = 27.000000

Using SPARSE 1.3 as Direct Linear Solver

No. of Data Rows : 801
fcross              =  8.97022e+05
Note: Starting dynamic gmin stepping
Warning: Dynamic gmin stepping failed
Note: Starting true gmin stepping
Note: True gmin stepping completed
pmarg               =  6.77910e+01
tdc                 =  7.87868e+01
mode=3db  rload=100k  rsrc=1m  pos=1  C=1n
fcross = 8.970224e+05
pmarg = 6.779105e+01
tdc = 7.878676e+01
Doing analysis at TEMP = 27.000000 and TNOM = 27.000000

Using SPARSE 1.3 as Direct Linear Solver

No. of Data Rows : 801
fcross              =  8.87990e+05
Note: Starting dynamic gmin stepping
Warning: Dynamic gmin stepping failed
Note: Starting true gmin stepping
Note: True gmin stepping completed
pmarg               =  6.55936e+01
tdc                 =  7.87868e+01
mode=3db  rload=100k  rsrc=1m  pos=1  C=1.5n
fcross = 8.879902e+05
pmarg = 6.559356e+01
tdc = 7.878676e+01
Doing analysis at TEMP = 27.000000 and TNOM = 27.000000

Using SPARSE 1.3 as Direct Linear Solver

No. of Data Rows : 801
fcross              =  8.62617e+05
Note: Starting dynamic gmin stepping
Warning: Dynamic gmin stepping failed
Note: Starting true gmin stepping
Note: True gmin stepping completed
pmarg               =  6.39099e+01
tdc                 =  7.87868e+01
mode=3db  rload=100k  rsrc=1m  pos=1  C=2.2n
fcross = 8.626168e+05
pmarg = 6.390986e+01
tdc = 7.878676e+01
Doing analysis at TEMP = 27.000000 and TNOM = 27.000000

Using SPARSE 1.3 as Direct Linear Solver

No. of Data Rows : 801
fcross              =  8.42232e+05
Note: Starting dynamic gmin stepping
Warning: Dynamic gmin stepping failed
Note: Starting true gmin stepping
Note: True gmin stepping completed
pmarg               =  6.34248e+01
tdc                 =  7.87868e+01
mode=3db  rload=100k  rsrc=1m  pos=1  C=2.7n
fcross = 8.422318e+05
pmarg = 6.342478e+01
tdc = 7.878675e+01
Doing analysis at TEMP = 27.000000 and TNOM = 27.000000

Using SPARSE 1.3 as Direct Linear Solver

No. of Data Rows : 801
fcross              =  8.19107e+05
Note: Starting dynamic gmin stepping
Warning: Dynamic gmin stepping failed
Note: Starting true gmin stepping
Note: True gmin stepping completed
pmarg               =  6.33079e+01
tdc                 =  7.87868e+01
mode=3db  rload=100k  rsrc=1m  pos=1  C=3.3n
fcross = 8.191066e+05
pmarg = 6.330791e+01
tdc = 7.878675e+01
Doing analysis at TEMP = 27.000000 and TNOM = 27.000000

Using SPARSE 1.3 as Direct Linear Solver

No. of Data Rows : 801
fcross              =  7.75702e+05
Note: Starting dynamic gmin stepping
Warning: Dynamic gmin stepping failed
Note: Starting true gmin stepping
Note: True gmin stepping completed
pmarg               =  6.39385e+01
tdc                 =  7.87867e+01
mode=3db  rload=100k  rsrc=1m  pos=1  C=4.7n
fcross = 7.757020e+05
pmarg = 6.393851e+01
tdc = 7.878674e+01
Doing analysis at TEMP = 27.000000 and TNOM = 27.000000

Using SPARSE 1.3 as Direct Linear Solver

No. of Data Rows : 801
fcross              =  8.71971e+05
Note: Starting dynamic gmin stepping
Warning: Dynamic gmin stepping failed
Note: Starting true gmin stepping
Note: True gmin stepping completed
pmarg               =  7.39588e+01
tdc                 =  7.87868e+01
mode=3db  rload=100k  rsrc=1m  pos=2  C=1f
fcross = 8.719714e+05
pmarg = 7.395880e+01
tdc = 7.878676e+01
Doing analysis at TEMP = 27.000000 and TNOM = 27.000000

Using SPARSE 1.3 as Direct Linear Solver

No. of Data Rows : 801
fcross              =  8.74368e+05
Note: Starting dynamic gmin stepping
Warning: Dynamic gmin stepping failed
Note: Starting true gmin stepping
Note: True gmin stepping completed
pmarg               =  7.36657e+01
tdc                 =  7.87868e+01
mode=3db  rload=100k  rsrc=1m  pos=2  C=47p
fcross = 8.743677e+05
pmarg = 7.366565e+01
tdc = 7.878676e+01
Doing analysis at TEMP = 27.000000 and TNOM = 27.000000

Using SPARSE 1.3 as Direct Linear Solver

No. of Data Rows : 801
fcross              =  8.77090e+05
Note: Starting dynamic gmin stepping
Warning: Dynamic gmin stepping failed
Note: Starting true gmin stepping
Note: True gmin stepping completed
pmarg               =  7.33314e+01
tdc                 =  7.87868e+01
mode=3db  rload=100k  rsrc=1m  pos=2  C=100p
fcross = 8.770901e+05
pmarg = 7.333138e+01
tdc = 7.878676e+01
Doing analysis at TEMP = 27.000000 and TNOM = 27.000000

Using SPARSE 1.3 as Direct Linear Solver

No. of Data Rows : 801
fcross              =  8.83333e+05
Note: Starting dynamic gmin stepping
Warning: Dynamic gmin stepping failed
Note: Starting true gmin stepping
Note: True gmin stepping completed
pmarg               =  7.25597e+01
tdc                 =  7.87868e+01
mode=3db  rload=100k  rsrc=1m  pos=2  C=220p
fcross = 8.833328e+05
pmarg = 7.255971e+01
tdc = 7.878676e+01
Doing analysis at TEMP = 27.000000 and TNOM = 27.000000

Using SPARSE 1.3 as Direct Linear Solver

No. of Data Rows : 801
fcross              =  8.96822e+05
Note: Starting dynamic gmin stepping
Warning: Dynamic gmin stepping failed
Note: Starting true gmin stepping
Note: True gmin stepping completed
pmarg               =  7.08792e+01
tdc                 =  7.87868e+01
mode=3db  rload=100k  rsrc=1m  pos=2  C=470p
fcross = 8.968217e+05
pmarg = 7.087923e+01
tdc = 7.878676e+01
Doing analysis at TEMP = 27.000000 and TNOM = 27.000000

Using SPARSE 1.3 as Direct Linear Solver

No. of Data Rows : 801
fcross              =  9.27874e+05
Note: Starting dynamic gmin stepping
Warning: Dynamic gmin stepping failed
Note: Starting true gmin stepping
Note: True gmin stepping completed
pmarg               =  6.69432e+01
tdc                 =  7.87867e+01
mode=3db  rload=100k  rsrc=1m  pos=2  C=1n
fcross = 9.278743e+05
pmarg = 6.694323e+01
tdc = 7.878674e+01
Doing analysis at TEMP = 27.000000 and TNOM = 27.000000

Using SPARSE 1.3 as Direct Linear Solver

No. of Data Rows : 801
fcross              =  9.60426e+05
Note: Starting dynamic gmin stepping
Warning: Dynamic gmin stepping failed
Note: Starting true gmin stepping
Note: True gmin stepping completed
pmarg               =  6.26749e+01
tdc                 =  7.87867e+01
mode=3db  rload=100k  rsrc=1m  pos=2  C=1.5n
fcross = 9.604259e+05
pmarg = 6.267486e+01
tdc = 7.878674e+01
Doing analysis at TEMP = 27.000000 and TNOM = 27.000000

Using SPARSE 1.3 as Direct Linear Solver

No. of Data Rows : 801
fcross              =  1.01088e+06
Note: Starting dynamic gmin stepping
Warning: Dynamic gmin stepping failed
Note: Starting true gmin stepping
Note: True gmin stepping completed
pmarg               =  5.55879e+01
tdc                 =  7.87867e+01
mode=3db  rload=100k  rsrc=1m  pos=2  C=2.2n
fcross = 1.010876e+06
pmarg = 5.558790e+01
tdc = 7.878672e+01
Doing analysis at TEMP = 27.000000 and TNOM = 27.000000

Using SPARSE 1.3 as Direct Linear Solver

No. of Data Rows : 801
fcross              =  1.04797e+06
Note: Starting dynamic gmin stepping
Warning: Dynamic gmin stepping failed
Note: Starting true gmin stepping
Note: True gmin stepping completed
pmarg               =  4.96909e+01
tdc                 =  7.87867e+01
mode=3db  rload=100k  rsrc=1m  pos=2  C=2.7n
fcross = 1.047966e+06
pmarg = 4.969090e+01
tdc = 7.878671e+01
Doing analysis at TEMP = 27.000000 and TNOM = 27.000000

Using SPARSE 1.3 as Direct Linear Solver

No. of Data Rows : 801
fcross              =  1.08681e+06
Note: Starting dynamic gmin stepping
Warning: Dynamic gmin stepping failed
Note: Starting true gmin stepping
Note: True gmin stepping completed
pmarg               =  4.20168e+01
tdc                 =  7.87867e+01
mode=3db  rload=100k  rsrc=1m  pos=2  C=3.3n
fcross = 1.086808e+06
pmarg = 4.201681e+01
tdc = 7.878670e+01
Doing analysis at TEMP = 27.000000 and TNOM = 27.000000

Using SPARSE 1.3 as Direct Linear Solver
 Reference value :  1.00000e+00
No. of Data Rows : 801
fcross              =  1.10901e+06
Note: Starting dynamic gmin stepping
Note: Dynamic gmin stepping completed
pmarg               =  2.69194e+01
tdc                 =  7.87867e+01
mode=3db  rload=100k  rsrc=1m  pos=2  C=4.7n
fcross = 1.109014e+06
pmarg = 2.691939e+01
tdc = 7.878667e+01
Doing analysis at TEMP = 27.000000 and TNOM = 27.000000

Using SPARSE 1.3 as Direct Linear Solver

No. of Data Rows : 801
fcross              =  8.71905e+05
Note: Starting dynamic gmin stepping
Note: Dynamic gmin stepping completed
pmarg               =  7.36865e+01
tdc                 =  7.87868e+01
mode=3db  rload=100k  rsrc=1k  pos=1  C=1f
fcross = 8.719047e+05
pmarg = 7.368650e+01
tdc = 7.878676e+01
Doing analysis at TEMP = 27.000000 and TNOM = 27.000000

Using SPARSE 1.3 as Direct Linear Solver

No. of Data Rows : 801
fcross              =  8.74249e+05
Note: Starting dynamic gmin stepping
Note: Dynamic gmin stepping completed
pmarg               =  7.33929e+01
tdc                 =  7.87868e+01
mode=3db  rload=100k  rsrc=1k  pos=1  C=47p
fcross = 8.742490e+05
pmarg = 7.339290e+01
tdc = 7.878676e+01
Doing analysis at TEMP = 27.000000 and TNOM = 27.000000

Using SPARSE 1.3 as Direct Linear Solver

No. of Data Rows : 801
fcross              =  8.76792e+05
Note: Starting dynamic gmin stepping
Note: Dynamic gmin stepping completed
pmarg               =  7.30582e+01
tdc                 =  7.87868e+01
mode=3db  rload=100k  rsrc=1k  pos=1  C=100p
fcross = 8.767919e+05
pmarg = 7.305819e+01
tdc = 7.878676e+01
Doing analysis at TEMP = 27.000000 and TNOM = 27.000000

Using SPARSE 1.3 as Direct Linear Solver

No. of Data Rows : 801
fcross              =  8.82107e+05
Note: Starting dynamic gmin stepping
Note: Dynamic gmin stepping completed
pmarg               =  7.22895e+01
tdc                 =  7.87868e+01
mode=3db  rload=100k  rsrc=1k  pos=1  C=220p
fcross = 8.821067e+05
pmarg = 7.228953e+01
tdc = 7.878676e+01
Doing analysis at TEMP = 27.000000 and TNOM = 27.000000

Using SPARSE 1.3 as Direct Linear Solver

No. of Data Rows : 801
fcross              =  8.90836e+05
Note: Starting dynamic gmin stepping
Note: Dynamic gmin stepping completed
pmarg               =  7.06730e+01
tdc                 =  7.87868e+01
mode=3db  rload=100k  rsrc=1k  pos=1  C=470p
fcross = 8.908363e+05
pmarg = 7.067305e+01
tdc = 7.878676e+01
Doing analysis at TEMP = 27.000000 and TNOM = 27.000000

Using SPARSE 1.3 as Direct Linear Solver

No. of Data Rows : 801
fcross              =  8.96948e+05
Note: Starting dynamic gmin stepping
Note: Dynamic gmin stepping completed
pmarg               =  6.75117e+01
tdc                 =  7.87868e+01
mode=3db  rload=100k  rsrc=1k  pos=1  C=1n
fcross = 8.969482e+05
pmarg = 6.751166e+01
tdc = 7.878676e+01
Doing analysis at TEMP = 27.000000 and TNOM = 27.000000

Using SPARSE 1.3 as Direct Linear Solver

No. of Data Rows : 801
fcross              =  8.87922e+05
Note: Starting dynamic gmin stepping
Note: Dynamic gmin stepping completed
pmarg               =  6.53170e+01
tdc                 =  7.87868e+01
mode=3db  rload=100k  rsrc=1k  pos=1  C=1.5n
fcross = 8.879218e+05
pmarg = 6.531700e+01
tdc = 7.878676e+01
Doing analysis at TEMP = 27.000000 and TNOM = 27.000000

Using SPARSE 1.3 as Direct Linear Solver

No. of Data Rows : 801
fcross              =  8.62558e+05
Note: Starting dynamic gmin stepping
Note: Dynamic gmin stepping completed
pmarg               =  6.36410e+01
tdc                 =  7.87868e+01
mode=3db  rload=100k  rsrc=1k  pos=1  C=2.2n
fcross = 8.625575e+05
pmarg = 6.364103e+01
tdc = 7.878675e+01
Doing analysis at TEMP = 27.000000 and TNOM = 27.000000

Using SPARSE 1.3 as Direct Linear Solver

No. of Data Rows : 801
fcross              =  8.42179e+05
Note: Starting dynamic gmin stepping
Note: Dynamic gmin stepping completed
pmarg               =  6.31621e+01
tdc                 =  7.87868e+01
mode=3db  rload=100k  rsrc=1k  pos=1  C=2.7n
fcross = 8.421785e+05
pmarg = 6.316210e+01
tdc = 7.878675e+01
Doing analysis at TEMP = 27.000000 and TNOM = 27.000000

Using SPARSE 1.3 as Direct Linear Solver

No. of Data Rows : 801
fcross              =  8.19059e+05
Note: Starting dynamic gmin stepping
Note: Dynamic gmin stepping completed
pmarg               =  6.30523e+01
tdc                 =  7.87868e+01
mode=3db  rload=100k  rsrc=1k  pos=1  C=3.3n
fcross = 8.190586e+05
pmarg = 6.305226e+01
tdc = 7.878675e+01
Doing analysis at TEMP = 27.000000 and TNOM = 27.000000

Using SPARSE 1.3 as Direct Linear Solver

No. of Data Rows : 801
fcross              =  7.75663e+05
Note: Starting dynamic gmin stepping
Note: Dynamic gmin stepping completed
pmarg               =  6.36961e+01
tdc                 =  7.87867e+01
mode=3db  rload=100k  rsrc=1k  pos=1  C=4.7n
fcross = 7.756627e+05
pmarg = 6.369606e+01
tdc = 7.878674e+01
Doing analysis at TEMP = 27.000000 and TNOM = 27.000000

Using SPARSE 1.3 as Direct Linear Solver

No. of Data Rows : 801
fcross              =  8.71905e+05
Note: Starting dynamic gmin stepping
Note: Dynamic gmin stepping completed
pmarg               =  7.36865e+01
tdc                 =  7.87868e+01
mode=3db  rload=100k  rsrc=1k  pos=2  C=1f
fcross = 8.719047e+05
pmarg = 7.368650e+01
tdc = 7.878676e+01
Doing analysis at TEMP = 27.000000 and TNOM = 27.000000

Using SPARSE 1.3 as Direct Linear Solver

No. of Data Rows : 801
fcross              =  8.74300e+05
Note: Starting dynamic gmin stepping
Note: Dynamic gmin stepping completed
pmarg               =  7.33926e+01
tdc                 =  7.87868e+01
mode=3db  rload=100k  rsrc=1k  pos=2  C=47p
fcross = 8.743003e+05
pmarg = 7.339264e+01
tdc = 7.878676e+01
Doing analysis at TEMP = 27.000000 and TNOM = 27.000000

Using SPARSE 1.3 as Direct Linear Solver

No. of Data Rows : 801
fcross              =  8.77022e+05
Note: Starting dynamic gmin stepping
Note: Dynamic gmin stepping completed
pmarg               =  7.30575e+01
tdc                 =  7.87868e+01
mode=3db  rload=100k  rsrc=1k  pos=2  C=100p
fcross = 8.770220e+05
pmarg = 7.305755e+01
tdc = 7.878676e+01
Doing analysis at TEMP = 27.000000 and TNOM = 27.000000

Using SPARSE 1.3 as Direct Linear Solver

No. of Data Rows : 801
fcross              =  8.83263e+05
Note: Starting dynamic gmin stepping
Note: Dynamic gmin stepping completed
pmarg               =  7.22840e+01
tdc                 =  7.87868e+01
mode=3db  rload=100k  rsrc=1k  pos=2  C=220p
fcross = 8.832628e+05
pmarg = 7.228402e+01
tdc = 7.878676e+01
Doing analysis at TEMP = 27.000000 and TNOM = 27.000000

Using SPARSE 1.3 as Direct Linear Solver

No. of Data Rows : 801
fcross              =  8.96746e+05
Note: Starting dynamic gmin stepping
Note: Dynamic gmin stepping completed
pmarg               =  7.05996e+01
tdc                 =  7.87868e+01
mode=3db  rload=100k  rsrc=1k  pos=2  C=470p
fcross = 8.967459e+05
pmarg = 7.059961e+01
tdc = 7.878675e+01
Doing analysis at TEMP = 27.000000 and TNOM = 27.000000

Using SPARSE 1.3 as Direct Linear Solver

No. of Data Rows : 801
fcross              =  9.27786e+05
Note: Starting dynamic gmin stepping
Note: Dynamic gmin stepping completed
pmarg               =  6.66546e+01
tdc                 =  7.87867e+01
mode=3db  rload=100k  rsrc=1k  pos=2  C=1n
fcross = 9.277860e+05
pmarg = 6.665461e+01
tdc = 7.878674e+01
Doing analysis at TEMP = 27.000000 and TNOM = 27.000000

Using SPARSE 1.3 as Direct Linear Solver

No. of Data Rows : 801
fcross              =  9.60320e+05
Note: Starting dynamic gmin stepping
Note: Dynamic gmin stepping completed
pmarg               =  6.23772e+01
tdc                 =  7.87867e+01
mode=3db  rload=100k  rsrc=1k  pos=2  C=1.5n
fcross = 9.603197e+05
pmarg = 6.237717e+01
tdc = 7.878674e+01
Doing analysis at TEMP = 27.000000 and TNOM = 27.000000

Using SPARSE 1.3 as Direct Linear Solver

No. of Data Rows : 801
fcross              =  1.01074e+06
Note: Starting dynamic gmin stepping
Note: Dynamic gmin stepping completed
pmarg               =  5.52767e+01
tdc                 =  7.87867e+01
mode=3db  rload=100k  rsrc=1k  pos=2  C=2.2n
fcross = 1.010740e+06
pmarg = 5.527672e+01
tdc = 7.878672e+01
Doing analysis at TEMP = 27.000000 and TNOM = 27.000000

Using SPARSE 1.3 as Direct Linear Solver

No. of Data Rows : 801
fcross              =  1.04780e+06
Note: Starting dynamic gmin stepping
Note: Dynamic gmin stepping completed
pmarg               =  4.93707e+01
tdc                 =  7.87867e+01
mode=3db  rload=100k  rsrc=1k  pos=2  C=2.7n
fcross = 1.047805e+06
pmarg = 4.937068e+01
tdc = 7.878671e+01
Doing analysis at TEMP = 27.000000 and TNOM = 27.000000

Using SPARSE 1.3 as Direct Linear Solver

No. of Data Rows : 801
fcross              =  1.08663e+06
Note: Starting dynamic gmin stepping
Note: Dynamic gmin stepping completed
pmarg               =  4.16871e+01
tdc                 =  7.87867e+01
mode=3db  rload=100k  rsrc=1k  pos=2  C=3.3n
fcross = 1.086630e+06
pmarg = 4.168710e+01
tdc = 7.878670e+01
Doing analysis at TEMP = 27.000000 and TNOM = 27.000000

Using SPARSE 1.3 as Direct Linear Solver

No. of Data Rows : 801
fcross              =  1.10887e+06
pmarg               =  2.65836e+01
tdc                 =  7.87867e+01
mode=3db  rload=100k  rsrc=1k  pos=2  C=4.7n
fcross = 1.108870e+06
pmarg = 2.658362e+01
tdc = 7.878667e+01
Doing analysis at TEMP = 27.000000 and TNOM = 27.000000

Using SPARSE 1.3 as Direct Linear Solver

No. of Data Rows : 801
fcross              =  8.71672e+05
pmarg               =  7.32835e+01
tdc                 =  7.87868e+01
mode=3db  rload=100k  rsrc=2.5k  pos=1  C=1f
fcross = 8.716719e+05
pmarg = 7.328347e+01
tdc = 7.878676e+01
Doing analysis at TEMP = 27.000000 and TNOM = 27.000000

Using SPARSE 1.3 as Direct Linear Solver

No. of Data Rows : 801
fcross              =  8.74014e+05
pmarg               =  7.29889e+01
tdc                 =  7.87868e+01
mode=3db  rload=100k  rsrc=2.5k  pos=1  C=47p
fcross = 8.740138e+05
pmarg = 7.298892e+01
tdc = 7.878676e+01
Doing analysis at TEMP = 27.000000 and TNOM = 27.000000

Using SPARSE 1.3 as Direct Linear Solver

No. of Data Rows : 801
fcross              =  8.76554e+05
pmarg               =  7.26532e+01
tdc                 =  7.87868e+01
mode=3db  rload=100k  rsrc=2.5k  pos=1  C=100p
fcross = 8.765541e+05
pmarg = 7.265318e+01
tdc = 7.878676e+01
Doing analysis at TEMP = 27.000000 and TNOM = 27.000000

Using SPARSE 1.3 as Direct Linear Solver

No. of Data Rows : 801
fcross              =  8.81863e+05
pmarg               =  7.18824e+01
tdc                 =  7.87868e+01
mode=3db  rload=100k  rsrc=2.5k  pos=1  C=220p
fcross = 8.818634e+05
pmarg = 7.188240e+01
tdc = 7.878676e+01
Doing analysis at TEMP = 27.000000 and TNOM = 27.000000

Using SPARSE 1.3 as Direct Linear Solver

No. of Data Rows : 801
fcross              =  8.90584e+05
pmarg               =  7.02626e+01
tdc                 =  7.87868e+01
mode=3db  rload=100k  rsrc=2.5k  pos=1  C=470p
fcross = 8.905843e+05
pmarg = 7.026262e+01
tdc = 7.878676e+01
Doing analysis at TEMP = 27.000000 and TNOM = 27.000000

Using SPARSE 1.3 as Direct Linear Solver

No. of Data Rows : 801
fcross              =  8.96687e+05
pmarg               =  6.70998e+01
tdc                 =  7.87868e+01
mode=3db  rload=100k  rsrc=2.5k  pos=1  C=1n
fcross = 8.966871e+05
pmarg = 6.709984e+01
tdc = 7.878676e+01
Doing analysis at TEMP = 27.000000 and TNOM = 27.000000

Using SPARSE 1.3 as Direct Linear Solver

No. of Data Rows : 801
fcross              =  8.87680e+05
pmarg               =  6.49094e+01
tdc                 =  7.87868e+01
mode=3db  rload=100k  rsrc=2.5k  pos=1  C=1.5n
fcross = 8.876805e+05
pmarg = 6.490944e+01
tdc = 7.878676e+01
Doing analysis at TEMP = 27.000000 and TNOM = 27.000000

Using SPARSE 1.3 as Direct Linear Solver

No. of Data Rows : 801
fcross              =  8.62348e+05
pmarg               =  6.32445e+01
tdc                 =  7.87868e+01
mode=3db  rload=100k  rsrc=2.5k  pos=1  C=2.2n
fcross = 8.623482e+05
pmarg = 6.324449e+01
tdc = 7.878675e+01
Doing analysis at TEMP = 27.000000 and TNOM = 27.000000

Using SPARSE 1.3 as Direct Linear Solver

No. of Data Rows : 801
fcross              =  8.41990e+05
pmarg               =  6.27743e+01
tdc                 =  7.87868e+01
mode=3db  rload=100k  rsrc=2.5k  pos=1  C=2.7n
fcross = 8.419900e+05
pmarg = 6.277426e+01
tdc = 7.878675e+01
Doing analysis at TEMP = 27.000000 and TNOM = 27.000000

Using SPARSE 1.3 as Direct Linear Solver

No. of Data Rows : 801
fcross              =  8.18889e+05
pmarg               =  6.26743e+01
tdc                 =  7.87868e+01
mode=3db  rload=100k  rsrc=2.5k  pos=1  C=3.3n
fcross = 8.188893e+05
pmarg = 6.267433e+01
tdc = 7.878675e+01
Doing analysis at TEMP = 27.000000 and TNOM = 27.000000

Using SPARSE 1.3 as Direct Linear Solver

No. of Data Rows : 801
fcross              =  7.75524e+05
pmarg               =  6.33369e+01
tdc                 =  7.87867e+01
mode=3db  rload=100k  rsrc=2.5k  pos=1  C=4.7n
fcross = 7.755239e+05
pmarg = 6.333692e+01
tdc = 7.878674e+01
Doing analysis at TEMP = 27.000000 and TNOM = 27.000000

Using SPARSE 1.3 as Direct Linear Solver

No. of Data Rows : 801
fcross              =  8.71672e+05
pmarg               =  7.32835e+01
tdc                 =  7.87868e+01
mode=3db  rload=100k  rsrc=2.5k  pos=2  C=1f
fcross = 8.716719e+05
pmarg = 7.328347e+01
tdc = 7.878676e+01
Doing analysis at TEMP = 27.000000 and TNOM = 27.000000

Using SPARSE 1.3 as Direct Linear Solver

No. of Data Rows : 801
fcross              =  8.74065e+05
pmarg               =  7.29886e+01
tdc                 =  7.87868e+01
mode=3db  rload=100k  rsrc=2.5k  pos=2  C=47p
fcross = 8.740651e+05
pmarg = 7.298863e+01
tdc = 7.878676e+01
Doing analysis at TEMP = 27.000000 and TNOM = 27.000000

Using SPARSE 1.3 as Direct Linear Solver

No. of Data Rows : 801
fcross              =  8.76784e+05
pmarg               =  7.26524e+01
tdc                 =  7.87868e+01
mode=3db  rload=100k  rsrc=2.5k  pos=2  C=100p
fcross = 8.767839e+05
pmarg = 7.265243e+01
tdc = 7.878676e+01
Doing analysis at TEMP = 27.000000 and TNOM = 27.000000

Using SPARSE 1.3 as Direct Linear Solver

No. of Data Rows : 801
fcross              =  8.83018e+05
pmarg               =  7.18764e+01
tdc                 =  7.87868e+01
mode=3db  rload=100k  rsrc=2.5k  pos=2  C=220p
fcross = 8.830181e+05
pmarg = 7.187637e+01
tdc = 7.878676e+01
Doing analysis at TEMP = 27.000000 and TNOM = 27.000000

Using SPARSE 1.3 as Direct Linear Solver

No. of Data Rows : 801
fcross              =  8.96480e+05
pmarg               =  7.01868e+01
tdc                 =  7.87868e+01
mode=3db  rload=100k  rsrc=2.5k  pos=2  C=470p
fcross = 8.964801e+05
pmarg = 7.018675e+01
tdc = 7.878675e+01
Doing analysis at TEMP = 27.000000 and TNOM = 27.000000

Using SPARSE 1.3 as Direct Linear Solver

No. of Data Rows : 801
fcross              =  9.27475e+05
pmarg               =  6.62300e+01
tdc                 =  7.87867e+01
mode=3db  rload=100k  rsrc=2.5k  pos=2  C=1n
fcross = 9.274750e+05
pmarg = 6.623000e+01
tdc = 7.878674e+01
Doing analysis at TEMP = 27.000000 and TNOM = 27.000000

Using SPARSE 1.3 as Direct Linear Solver

No. of Data Rows : 801
fcross              =  9.59943e+05
pmarg               =  6.19416e+01
tdc                 =  7.87867e+01
mode=3db  rload=100k  rsrc=2.5k  pos=2  C=1.5n
fcross = 9.599430e+05
pmarg = 6.194162e+01
tdc = 7.878673e+01
Doing analysis at TEMP = 27.000000 and TNOM = 27.000000

Using SPARSE 1.3 as Direct Linear Solver

No. of Data Rows : 801
fcross              =  1.01025e+06
pmarg               =  5.48263e+01
tdc                 =  7.87867e+01
mode=3db  rload=100k  rsrc=2.5k  pos=2  C=2.2n
fcross = 1.010255e+06
pmarg = 5.482634e+01
tdc = 7.878672e+01
Doing analysis at TEMP = 27.000000 and TNOM = 27.000000

Using SPARSE 1.3 as Direct Linear Solver

No. of Data Rows : 801
fcross              =  1.04722e+06
pmarg               =  4.89128e+01
tdc                 =  7.87867e+01
mode=3db  rload=100k  rsrc=2.5k  pos=2  C=2.7n
fcross = 1.047219e+06
pmarg = 4.891277e+01
tdc = 7.878671e+01
Doing analysis at TEMP = 27.000000 and TNOM = 27.000000

Using SPARSE 1.3 as Direct Linear Solver

No. of Data Rows : 801
fcross              =  1.08598e+06
pmarg               =  4.12215e+01
tdc                 =  7.87867e+01
mode=3db  rload=100k  rsrc=2.5k  pos=2  C=3.3n
fcross = 1.085980e+06
pmarg = 4.122148e+01
tdc = 7.878670e+01
Doing analysis at TEMP = 27.000000 and TNOM = 27.000000

Using SPARSE 1.3 as Direct Linear Solver
 Reference value :  1.69824e+07
No. of Data Rows : 801
fcross              =  1.10833e+06
Note: Starting dynamic gmin stepping
Warning: Dynamic gmin stepping failed
Note: Starting true gmin stepping
Note: True gmin stepping completed
pmarg               =  2.61122e+01
tdc                 =  7.87867e+01
mode=3db  rload=100k  rsrc=2.5k  pos=2  C=4.7n
fcross = 1.108331e+06
pmarg = 2.611223e+01
tdc = 7.878667e+01
Doing analysis at TEMP = 27.000000 and TNOM = 27.000000

Using SPARSE 1.3 as Direct Linear Solver

No. of Data Rows : 801
fcross              =  8.71657e+05
Note: Starting dynamic gmin stepping
Warning: Dynamic gmin stepping failed
Note: Starting true gmin stepping
Note: True gmin stepping completed
pmarg               =  7.32646e+01
tdc                 =  7.87868e+01
mode=3db  rload=100k  rsrc=2.571k  pos=1  C=1f
fcross = 8.716570e+05
pmarg = 7.326456e+01
tdc = 7.878676e+01
Doing analysis at TEMP = 27.000000 and TNOM = 27.000000

Using SPARSE 1.3 as Direct Linear Solver

No. of Data Rows : 801
fcross              =  8.73999e+05
Note: Starting dynamic gmin stepping
Warning: Dynamic gmin stepping failed
Note: Starting true gmin stepping
Note: True gmin stepping completed
pmarg               =  7.29700e+01
tdc                 =  7.87868e+01
mode=3db  rload=100k  rsrc=2.571k  pos=1  C=47p
fcross = 8.739987e+05
pmarg = 7.296996e+01
tdc = 7.878676e+01
Doing analysis at TEMP = 27.000000 and TNOM = 27.000000

Using SPARSE 1.3 as Direct Linear Solver

No. of Data Rows : 801
fcross              =  8.76539e+05
Note: Starting dynamic gmin stepping
Warning: Dynamic gmin stepping failed
Note: Starting true gmin stepping
Note: True gmin stepping completed
pmarg               =  7.26342e+01
tdc                 =  7.87868e+01
mode=3db  rload=100k  rsrc=2.571k  pos=1  C=100p
fcross = 8.765388e+05
pmarg = 7.263418e+01
tdc = 7.878676e+01
Doing analysis at TEMP = 27.000000 and TNOM = 27.000000

Using SPARSE 1.3 as Direct Linear Solver

No. of Data Rows : 801
fcross              =  8.81848e+05
Note: Starting dynamic gmin stepping
Warning: Dynamic gmin stepping failed
Note: Starting true gmin stepping
Note: True gmin stepping completed
pmarg               =  7.18633e+01
tdc                 =  7.87868e+01
mode=3db  rload=100k  rsrc=2.571k  pos=1  C=220p
fcross = 8.818478e+05
pmarg = 7.186331e+01
tdc = 7.878676e+01
Doing analysis at TEMP = 27.000000 and TNOM = 27.000000

Using SPARSE 1.3 as Direct Linear Solver

No. of Data Rows : 801
fcross              =  8.90568e+05
Note: Starting dynamic gmin stepping
Warning: Dynamic gmin stepping failed
Note: Starting true gmin stepping
Note: True gmin stepping completed
pmarg               =  7.02434e+01
tdc                 =  7.87868e+01
mode=3db  rload=100k  rsrc=2.571k  pos=1  C=470p
fcross = 8.905682e+05
pmarg = 7.024339e+01
tdc = 7.878676e+01
Doing analysis at TEMP = 27.000000 and TNOM = 27.000000

Using SPARSE 1.3 as Direct Linear Solver

No. of Data Rows : 801
fcross              =  8.96670e+05
Note: Starting dynamic gmin stepping
Warning: Dynamic gmin stepping failed
Note: Starting true gmin stepping
Note: True gmin stepping completed
pmarg               =  6.70806e+01
tdc                 =  7.87868e+01
mode=3db  rload=100k  rsrc=2.571k  pos=1  C=1n
fcross = 8.966704e+05
pmarg = 6.708056e+01
tdc = 7.878676e+01
Doing analysis at TEMP = 27.000000 and TNOM = 27.000000

Using SPARSE 1.3 as Direct Linear Solver

No. of Data Rows : 801
fcross              =  8.87665e+05
Note: Starting dynamic gmin stepping
Warning: Dynamic gmin stepping failed
Note: Starting true gmin stepping
Note: True gmin stepping completed
pmarg               =  6.48904e+01
tdc                 =  7.87868e+01
mode=3db  rload=100k  rsrc=2.571k  pos=1  C=1.5n
fcross = 8.876650e+05
pmarg = 6.489037e+01
tdc = 7.878676e+01
Doing analysis at TEMP = 27.000000 and TNOM = 27.000000

Using SPARSE 1.3 as Direct Linear Solver

No. of Data Rows : 801
fcross              =  8.62335e+05
Note: Starting dynamic gmin stepping
Warning: Dynamic gmin stepping failed
Note: Starting true gmin stepping
Note: True gmin stepping completed
pmarg               =  6.32259e+01
tdc                 =  7.87868e+01
mode=3db  rload=100k  rsrc=2.571k  pos=1  C=2.2n
fcross = 8.623348e+05
pmarg = 6.322592e+01
tdc = 7.878675e+01
Doing analysis at TEMP = 27.000000 and TNOM = 27.000000

Using SPARSE 1.3 as Direct Linear Solver

No. of Data Rows : 801
fcross              =  8.41978e+05
Note: Starting dynamic gmin stepping
Warning: Dynamic gmin stepping failed
Note: Starting true gmin stepping
Note: True gmin stepping completed
pmarg               =  6.27561e+01
tdc                 =  7.87868e+01
mode=3db  rload=100k  rsrc=2.571k  pos=1  C=2.7n
fcross = 8.419779e+05
pmarg = 6.275609e+01
tdc = 7.878675e+01
Doing analysis at TEMP = 27.000000 and TNOM = 27.000000

Using SPARSE 1.3 as Direct Linear Solver

No. of Data Rows : 801
fcross              =  8.18878e+05
Note: Starting dynamic gmin stepping
Warning: Dynamic gmin stepping failed
Note: Starting true gmin stepping
Note: True gmin stepping completed
pmarg               =  6.26566e+01
tdc                 =  7.87868e+01
mode=3db  rload=100k  rsrc=2.571k  pos=1  C=3.3n
fcross = 8.188784e+05
pmarg = 6.265662e+01
tdc = 7.878675e+01
Doing analysis at TEMP = 27.000000 and TNOM = 27.000000

Using SPARSE 1.3 as Direct Linear Solver

No. of Data Rows : 801
fcross              =  7.75515e+05
Note: Starting dynamic gmin stepping
Warning: Dynamic gmin stepping failed
Note: Starting true gmin stepping
Note: True gmin stepping completed
pmarg               =  6.33201e+01
tdc                 =  7.87867e+01
mode=3db  rload=100k  rsrc=2.571k  pos=1  C=4.7n
fcross = 7.755150e+05
pmarg = 6.332006e+01
tdc = 7.878674e+01
Doing analysis at TEMP = 27.000000 and TNOM = 27.000000

Using SPARSE 1.3 as Direct Linear Solver

No. of Data Rows : 801
fcross              =  8.71657e+05
Note: Starting dynamic gmin stepping
Warning: Dynamic gmin stepping failed
Note: Starting true gmin stepping
Note: True gmin stepping completed
pmarg               =  7.32646e+01
tdc                 =  7.87868e+01
mode=3db  rload=100k  rsrc=2.571k  pos=2  C=1f
fcross = 8.716570e+05
pmarg = 7.326456e+01
tdc = 7.878676e+01
Doing analysis at TEMP = 27.000000 and TNOM = 27.000000

Using SPARSE 1.3 as Direct Linear Solver

No. of Data Rows : 801
fcross              =  8.74050e+05
Note: Starting dynamic gmin stepping
Warning: Dynamic gmin stepping failed
Note: Starting true gmin stepping
Note: True gmin stepping completed
pmarg               =  7.29697e+01
tdc                 =  7.87868e+01
mode=3db  rload=100k  rsrc=2.571k  pos=2  C=47p
fcross = 8.740500e+05
pmarg = 7.296967e+01
tdc = 7.878676e+01
Doing analysis at TEMP = 27.000000 and TNOM = 27.000000

Using SPARSE 1.3 as Direct Linear Solver

No. of Data Rows : 801
fcross              =  8.76769e+05
Note: Starting dynamic gmin stepping
Warning: Dynamic gmin stepping failed
Note: Starting true gmin stepping
Note: True gmin stepping completed
pmarg               =  7.26334e+01
tdc                 =  7.87868e+01
mode=3db  rload=100k  rsrc=2.571k  pos=2  C=100p
fcross = 8.767686e+05
pmarg = 7.263343e+01
tdc = 7.878676e+01
Doing analysis at TEMP = 27.000000 and TNOM = 27.000000

Using SPARSE 1.3 as Direct Linear Solver

No. of Data Rows : 801
fcross              =  8.83002e+05
Note: Starting dynamic gmin stepping
Warning: Dynamic gmin stepping failed
Note: Starting true gmin stepping
Note: True gmin stepping completed
pmarg               =  7.18573e+01
tdc                 =  7.87868e+01
mode=3db  rload=100k  rsrc=2.571k  pos=2  C=220p
fcross = 8.830024e+05
pmarg = 7.185726e+01
tdc = 7.878676e+01
Doing analysis at TEMP = 27.000000 and TNOM = 27.000000

Using SPARSE 1.3 as Direct Linear Solver

No. of Data Rows : 801
fcross              =  8.96463e+05
Note: Starting dynamic gmin stepping
Warning: Dynamic gmin stepping failed
Note: Starting true gmin stepping
Note: True gmin stepping completed
pmarg               =  7.01674e+01
tdc                 =  7.87868e+01
mode=3db  rload=100k  rsrc=2.571k  pos=2  C=470p
fcross = 8.964630e+05
pmarg = 7.016741e+01
tdc = 7.878675e+01
Doing analysis at TEMP = 27.000000 and TNOM = 27.000000

Using SPARSE 1.3 as Direct Linear Solver

No. of Data Rows : 801
fcross              =  9.27455e+05
Note: Starting dynamic gmin stepping
Warning: Dynamic gmin stepping failed
Note: Starting true gmin stepping
Note: True gmin stepping completed
pmarg               =  6.62102e+01
tdc                 =  7.87867e+01
mode=3db  rload=100k  rsrc=2.571k  pos=2  C=1n
fcross = 9.274550e+05
pmarg = 6.621016e+01
tdc = 7.878674e+01
Doing analysis at TEMP = 27.000000 and TNOM = 27.000000

Using SPARSE 1.3 as Direct Linear Solver

No. of Data Rows : 801
fcross              =  9.59919e+05
Note: Starting dynamic gmin stepping
Warning: Dynamic gmin stepping failed
Note: Starting true gmin stepping
Note: True gmin stepping completed
pmarg               =  6.19213e+01
tdc                 =  7.87867e+01
mode=3db  rload=100k  rsrc=2.571k  pos=2  C=1.5n
fcross = 9.599188e+05
pmarg = 6.192134e+01
tdc = 7.878674e+01
Doing analysis at TEMP = 27.000000 and TNOM = 27.000000

Using SPARSE 1.3 as Direct Linear Solver

No. of Data Rows : 801
fcross              =  1.01022e+06
Note: Starting dynamic gmin stepping
Warning: Dynamic gmin stepping failed
Note: Starting true gmin stepping
Note: True gmin stepping completed
pmarg               =  5.48055e+01
tdc                 =  7.87867e+01
mode=3db  rload=100k  rsrc=2.571k  pos=2  C=2.2n
fcross = 1.010224e+06
pmarg = 5.480552e+01
tdc = 7.878672e+01
Doing analysis at TEMP = 27.000000 and TNOM = 27.000000

Using SPARSE 1.3 as Direct Linear Solver

No. of Data Rows : 801
fcross              =  1.04718e+06
Note: Starting dynamic gmin stepping
Warning: Dynamic gmin stepping failed
Note: Starting true gmin stepping
Note: True gmin stepping completed
pmarg               =  4.88918e+01
tdc                 =  7.87867e+01
mode=3db  rload=100k  rsrc=2.571k  pos=2  C=2.7n
fcross = 1.047182e+06
pmarg = 4.889177e+01
tdc = 7.878671e+01
Doing analysis at TEMP = 27.000000 and TNOM = 27.000000

Using SPARSE 1.3 as Direct Linear Solver

No. of Data Rows : 801
fcross              =  1.08594e+06
Note: Starting dynamic gmin stepping
Warning: Dynamic gmin stepping failed
Note: Starting true gmin stepping
Note: True gmin stepping completed
pmarg               =  4.12003e+01
tdc                 =  7.87867e+01
mode=3db  rload=100k  rsrc=2.571k  pos=2  C=3.3n
fcross = 1.085938e+06
pmarg = 4.120031e+01
tdc = 7.878670e+01
Doing analysis at TEMP = 27.000000 and TNOM = 27.000000

Using SPARSE 1.3 as Direct Linear Solver

No. of Data Rows : 801
fcross              =  1.10830e+06
Note: Starting dynamic gmin stepping
Warning: Dynamic gmin stepping failed
Note: Starting true gmin stepping
Note: True gmin stepping completed
pmarg               =  2.60909e+01
tdc                 =  7.87867e+01
mode=3db  rload=100k  rsrc=2.571k  pos=2  C=4.7n
fcross = 1.108295e+06
pmarg = 2.609088e+01
tdc = 7.878667e+01
Doing analysis at TEMP = 27.000000 and TNOM = 27.000000

Using SPARSE 1.3 as Direct Linear Solver

No. of Data Rows : 801
fcross              =  8.71648e+05
Note: Starting dynamic gmin stepping
Warning: Dynamic gmin stepping failed
Note: Starting true gmin stepping
Note: True gmin stepping completed
pmarg               =  7.32539e+01
tdc                 =  7.87868e+01
mode=3db  rload=100k  rsrc=2.611k  pos=1  C=1f
fcross = 8.716484e+05
pmarg = 7.325391e+01
tdc = 7.878676e+01
Doing analysis at TEMP = 27.000000 and TNOM = 27.000000

Using SPARSE 1.3 as Direct Linear Solver

No. of Data Rows : 801
fcross              =  8.73990e+05
Note: Starting dynamic gmin stepping
Warning: Dynamic gmin stepping failed
Note: Starting true gmin stepping
Note: True gmin stepping completed
pmarg               =  7.29593e+01
tdc                 =  7.87868e+01
mode=3db  rload=100k  rsrc=2.611k  pos=1  C=47p
fcross = 8.739901e+05
pmarg = 7.295929e+01
tdc = 7.878676e+01
Doing analysis at TEMP = 27.000000 and TNOM = 27.000000

Using SPARSE 1.3 as Direct Linear Solver

No. of Data Rows : 801
fcross              =  8.76530e+05
Note: Starting dynamic gmin stepping
Warning: Dynamic gmin stepping failed
Note: Starting true gmin stepping
Note: True gmin stepping completed
pmarg               =  7.26235e+01
tdc                 =  7.87868e+01
mode=3db  rload=100k  rsrc=2.611k  pos=1  C=100p
fcross = 8.765300e+05
pmarg = 7.262348e+01
tdc = 7.878676e+01
Doing analysis at TEMP = 27.000000 and TNOM = 27.000000

Using SPARSE 1.3 as Direct Linear Solver

No. of Data Rows : 801
fcross              =  8.81839e+05
Note: Starting dynamic gmin stepping
Warning: Dynamic gmin stepping failed
Note: Starting true gmin stepping
Note: True gmin stepping completed
pmarg               =  7.18526e+01
tdc                 =  7.87868e+01
mode=3db  rload=100k  rsrc=2.611k  pos=1  C=220p
fcross = 8.818388e+05
pmarg = 7.185257e+01
tdc = 7.878676e+01
Doing analysis at TEMP = 27.000000 and TNOM = 27.000000

Using SPARSE 1.3 as Direct Linear Solver

No. of Data Rows : 801
fcross              =  8.90559e+05
Note: Starting dynamic gmin stepping
Warning: Dynamic gmin stepping failed
Note: Starting true gmin stepping
Note: True gmin stepping completed
pmarg               =  7.02326e+01
tdc                 =  7.87868e+01
mode=3db  rload=100k  rsrc=2.611k  pos=1  C=470p
fcross = 8.905589e+05
pmarg = 7.023256e+01
tdc = 7.878676e+01
Doing analysis at TEMP = 27.000000 and TNOM = 27.000000

Using SPARSE 1.3 as Direct Linear Solver
 Reference value :  1.00000e+00
No. of Data Rows : 801
fcross              =  8.96661e+05
Note: Starting dynamic gmin stepping
Warning: Dynamic gmin stepping failed
Note: Starting true gmin stepping
Note: True gmin stepping completed
pmarg               =  6.70697e+01
tdc                 =  7.87868e+01
mode=3db  rload=100k  rsrc=2.611k  pos=1  C=1n
fcross = 8.966607e+05
pmarg = 6.706972e+01
tdc = 7.878676e+01
Doing analysis at TEMP = 27.000000 and TNOM = 27.000000

Using SPARSE 1.3 as Direct Linear Solver

No. of Data Rows : 801
fcross              =  8.87656e+05
Note: Starting dynamic gmin stepping
Warning: Dynamic gmin stepping failed
Note: Starting true gmin stepping
Note: True gmin stepping completed
pmarg               =  6.48796e+01
tdc                 =  7.87868e+01
mode=3db  rload=100k  rsrc=2.611k  pos=1  C=1.5n
fcross = 8.876561e+05
pmarg = 6.487964e+01
tdc = 7.878676e+01
Doing analysis at TEMP = 27.000000 and TNOM = 27.000000

Using SPARSE 1.3 as Direct Linear Solver

No. of Data Rows : 801
fcross              =  8.62327e+05
Note: Starting dynamic gmin stepping
Warning: Dynamic gmin stepping failed
Note: Starting true gmin stepping
Note: True gmin stepping completed
pmarg               =  6.32155e+01
tdc                 =  7.87868e+01
mode=3db  rload=100k  rsrc=2.611k  pos=1  C=2.2n
fcross = 8.623271e+05
pmarg = 6.321547e+01
tdc = 7.878675e+01
Doing analysis at TEMP = 27.000000 and TNOM = 27.000000

Using SPARSE 1.3 as Direct Linear Solver

No. of Data Rows : 801
fcross              =  8.41971e+05
Note: Starting dynamic gmin stepping
Warning: Dynamic gmin stepping failed
Note: Starting true gmin stepping
Note: True gmin stepping completed
pmarg               =  6.27459e+01
tdc                 =  7.87868e+01
mode=3db  rload=100k  rsrc=2.611k  pos=1  C=2.7n
fcross = 8.419710e+05
pmarg = 6.274586e+01
tdc = 7.878675e+01
Doing analysis at TEMP = 27.000000 and TNOM = 27.000000

Using SPARSE 1.3 as Direct Linear Solver

No. of Data Rows : 801
fcross              =  8.18872e+05
Note: Starting dynamic gmin stepping
Warning: Dynamic gmin stepping failed
Note: Starting true gmin stepping
Note: True gmin stepping completed
pmarg               =  6.26466e+01
tdc                 =  7.87868e+01
mode=3db  rload=100k  rsrc=2.611k  pos=1  C=3.3n
fcross = 8.188721e+05
pmarg = 6.264664e+01
tdc = 7.878675e+01
Doing analysis at TEMP = 27.000000 and TNOM = 27.000000

Using SPARSE 1.3 as Direct Linear Solver

No. of Data Rows : 801
fcross              =  7.75510e+05
Note: Starting dynamic gmin stepping
Warning: Dynamic gmin stepping failed
Note: Starting true gmin stepping
Note: True gmin stepping completed
pmarg               =  6.33106e+01
tdc                 =  7.87867e+01
mode=3db  rload=100k  rsrc=2.611k  pos=1  C=4.7n
fcross = 7.755099e+05
pmarg = 6.331057e+01
tdc = 7.878674e+01
Doing analysis at TEMP = 27.000000 and TNOM = 27.000000

Using SPARSE 1.3 as Direct Linear Solver

No. of Data Rows : 801
fcross              =  8.71648e+05
Note: Starting dynamic gmin stepping
Warning: Dynamic gmin stepping failed
Note: Starting true gmin stepping
Note: True gmin stepping completed
pmarg               =  7.32539e+01
tdc                 =  7.87868e+01
mode=3db  rload=100k  rsrc=2.611k  pos=2  C=1f
fcross = 8.716484e+05
pmarg = 7.325391e+01
tdc = 7.878676e+01
Doing analysis at TEMP = 27.000000 and TNOM = 27.000000

Using SPARSE 1.3 as Direct Linear Solver

No. of Data Rows : 801
fcross              =  8.74041e+05
Note: Starting dynamic gmin stepping
Warning: Dynamic gmin stepping failed
Note: Starting true gmin stepping
Note: True gmin stepping completed
pmarg               =  7.29590e+01
tdc                 =  7.87868e+01
mode=3db  rload=100k  rsrc=2.611k  pos=2  C=47p
fcross = 8.740413e+05
pmarg = 7.295900e+01
tdc = 7.878676e+01
Doing analysis at TEMP = 27.000000 and TNOM = 27.000000

Using SPARSE 1.3 as Direct Linear Solver

No. of Data Rows : 801
fcross              =  8.76760e+05
Note: Starting dynamic gmin stepping
Warning: Dynamic gmin stepping failed
Note: Starting true gmin stepping
Note: True gmin stepping completed
pmarg               =  7.26227e+01
tdc                 =  7.87868e+01
mode=3db  rload=100k  rsrc=2.611k  pos=2  C=100p
fcross = 8.767598e+05
pmarg = 7.262273e+01
tdc = 7.878676e+01
Doing analysis at TEMP = 27.000000 and TNOM = 27.000000

Using SPARSE 1.3 as Direct Linear Solver

No. of Data Rows : 801
fcross              =  8.82993e+05
Note: Starting dynamic gmin stepping
Warning: Dynamic gmin stepping failed
Note: Starting true gmin stepping
Note: True gmin stepping completed
pmarg               =  7.18465e+01
tdc                 =  7.87868e+01
mode=3db  rload=100k  rsrc=2.611k  pos=2  C=220p
fcross = 8.829934e+05
pmarg = 7.184650e+01
tdc = 7.878676e+01
Doing analysis at TEMP = 27.000000 and TNOM = 27.000000

Using SPARSE 1.3 as Direct Linear Solver

No. of Data Rows : 801
fcross              =  8.96453e+05
Note: Starting dynamic gmin stepping
Warning: Dynamic gmin stepping failed
Note: Starting true gmin stepping
Note: True gmin stepping completed
pmarg               =  7.01565e+01
tdc                 =  7.87868e+01
mode=3db  rload=100k  rsrc=2.611k  pos=2  C=470p
fcross = 8.964532e+05
pmarg = 7.015652e+01
tdc = 7.878675e+01
Doing analysis at TEMP = 27.000000 and TNOM = 27.000000

Using SPARSE 1.3 as Direct Linear Solver

No. of Data Rows : 801
fcross              =  9.27444e+05
Note: Starting dynamic gmin stepping
Warning: Dynamic gmin stepping failed
Note: Starting true gmin stepping
Note: True gmin stepping completed
pmarg               =  6.61990e+01
tdc                 =  7.87867e+01
mode=3db  rload=100k  rsrc=2.611k  pos=2  C=1n
fcross = 9.274435e+05
pmarg = 6.619899e+01
tdc = 7.878674e+01
Doing analysis at TEMP = 27.000000 and TNOM = 27.000000

Using SPARSE 1.3 as Direct Linear Solver

No. of Data Rows : 801
fcross              =  9.59905e+05
Note: Starting dynamic gmin stepping
Warning: Dynamic gmin stepping failed
Note: Starting true gmin stepping
Note: True gmin stepping completed
pmarg               =  6.19099e+01
tdc                 =  7.87867e+01
mode=3db  rload=100k  rsrc=2.611k  pos=2  C=1.5n
fcross = 9.599049e+05
pmarg = 6.190993e+01
tdc = 7.878674e+01
Doing analysis at TEMP = 27.000000 and TNOM = 27.000000

Using SPARSE 1.3 as Direct Linear Solver

No. of Data Rows : 801
fcross              =  1.01021e+06
Note: Starting dynamic gmin stepping
Warning: Dynamic gmin stepping failed
Note: Starting true gmin stepping
Note: True gmin stepping completed
pmarg               =  5.47938e+01
tdc                 =  7.87867e+01
mode=3db  rload=100k  rsrc=2.611k  pos=2  C=2.2n
fcross = 1.010206e+06
pmarg = 5.479381e+01
tdc = 7.878672e+01
Doing analysis at TEMP = 27.000000 and TNOM = 27.000000

Using SPARSE 1.3 as Direct Linear Solver

No. of Data Rows : 801
fcross              =  1.04716e+06
Note: Starting dynamic gmin stepping
Warning: Dynamic gmin stepping failed
Note: Starting true gmin stepping
Note: True gmin stepping completed
pmarg               =  4.88800e+01
tdc                 =  7.87867e+01
mode=3db  rload=100k  rsrc=2.611k  pos=2  C=2.7n
fcross = 1.047160e+06
pmarg = 4.887996e+01
tdc = 7.878671e+01
Doing analysis at TEMP = 27.000000 and TNOM = 27.000000

Using SPARSE 1.3 as Direct Linear Solver

No. of Data Rows : 801
fcross              =  1.08591e+06
Note: Starting dynamic gmin stepping
Warning: Dynamic gmin stepping failed
Note: Starting true gmin stepping
Note: True gmin stepping completed
pmarg               =  4.11884e+01
tdc                 =  7.87867e+01
mode=3db  rload=100k  rsrc=2.611k  pos=2  C=3.3n
fcross = 1.085913e+06
pmarg = 4.118842e+01
tdc = 7.878670e+01
Doing analysis at TEMP = 27.000000 and TNOM = 27.000000

Using SPARSE 1.3 as Direct Linear Solver

No. of Data Rows : 801
fcross              =  1.10828e+06
Note: Starting dynamic gmin stepping
Warning: Dynamic gmin stepping failed
Note: Starting true gmin stepping
Note: True gmin stepping completed
pmarg               =  2.60789e+01
tdc                 =  7.87867e+01
mode=3db  rload=100k  rsrc=2.611k  pos=2  C=4.7n
fcross = 1.108275e+06
pmarg = 2.607889e+01
tdc = 7.878667e+01
Doing analysis at TEMP = 27.000000 and TNOM = 27.000000

Using SPARSE 1.3 as Direct Linear Solver

No. of Data Rows : 801
fcross              =  8.70630e+05
Note: Starting dynamic gmin stepping
Warning: Dynamic gmin stepping failed
Note: Starting true gmin stepping
Note: True gmin stepping completed
pmarg               =  7.39521e+01
tdc                 =  7.85893e+01
mode=3db  rload=10k  rsrc=1m  pos=1  C=1f
fcross = 8.706302e+05
pmarg = 7.395211e+01
tdc = 7.858930e+01
Doing analysis at TEMP = 27.000000 and TNOM = 27.000000

Using SPARSE 1.3 as Direct Linear Solver

No. of Data Rows : 801
fcross              =  8.72934e+05
Note: Starting dynamic gmin stepping
Warning: Dynamic gmin stepping failed
Note: Starting true gmin stepping
Note: True gmin stepping completed
pmarg               =  7.36628e+01
tdc                 =  7.85893e+01
mode=3db  rload=10k  rsrc=1m  pos=1  C=47p
fcross = 8.729338e+05
pmarg = 7.366279e+01
tdc = 7.858931e+01
Doing analysis at TEMP = 27.000000 and TNOM = 27.000000

Using SPARSE 1.3 as Direct Linear Solver

No. of Data Rows : 801
fcross              =  8.75441e+05
Note: Starting dynamic gmin stepping
Warning: Dynamic gmin stepping failed
Note: Starting true gmin stepping
Note: True gmin stepping completed
pmarg               =  7.33328e+01
tdc                 =  7.85893e+01
mode=3db  rload=10k  rsrc=1m  pos=1  C=100p
fcross = 8.754408e+05
pmarg = 7.333276e+01
tdc = 7.858931e+01
Doing analysis at TEMP = 27.000000 and TNOM = 27.000000

Using SPARSE 1.3 as Direct Linear Solver

No. of Data Rows : 801
fcross              =  8.80682e+05
Note: Starting dynamic gmin stepping
Warning: Dynamic gmin stepping failed
Note: Starting true gmin stepping
Note: True gmin stepping completed
pmarg               =  7.25749e+01
tdc                 =  7.85893e+01
mode=3db  rload=10k  rsrc=1m  pos=1  C=220p
fcross = 8.806820e+05
pmarg = 7.257490e+01
tdc = 7.858932e+01
Doing analysis at TEMP = 27.000000 and TNOM = 27.000000

Using SPARSE 1.3 as Direct Linear Solver

No. of Data Rows : 801
fcross              =  8.89301e+05
Note: Starting dynamic gmin stepping
Warning: Dynamic gmin stepping failed
Note: Starting true gmin stepping
Note: True gmin stepping completed
pmarg               =  7.09808e+01
tdc                 =  7.85893e+01
mode=3db  rload=10k  rsrc=1m  pos=1  C=470p
fcross = 8.893012e+05
pmarg = 7.098075e+01
tdc = 7.858933e+01
Doing analysis at TEMP = 27.000000 and TNOM = 27.000000

Using SPARSE 1.3 as Direct Linear Solver

No. of Data Rows : 801
fcross              =  8.95387e+05
Note: Starting dynamic gmin stepping
Warning: Dynamic gmin stepping failed
Note: Starting true gmin stepping
Note: True gmin stepping completed
pmarg               =  6.78579e+01
tdc                 =  7.85894e+01
mode=3db  rload=10k  rsrc=1m  pos=1  C=1n
fcross = 8.953871e+05
pmarg = 6.785793e+01
tdc = 7.858937e+01
Doing analysis at TEMP = 27.000000 and TNOM = 27.000000

Using SPARSE 1.3 as Direct Linear Solver

No. of Data Rows : 801
fcross              =  8.86648e+05
Note: Starting dynamic gmin stepping
Warning: Dynamic gmin stepping failed
Note: Starting true gmin stepping
Note: True gmin stepping completed
pmarg               =  6.56750e+01
tdc                 =  7.85894e+01
mode=3db  rload=10k  rsrc=1m  pos=1  C=1.5n
fcross = 8.866484e+05
pmarg = 6.567499e+01
tdc = 7.858941e+01
Doing analysis at TEMP = 27.000000 and TNOM = 27.000000

Using SPARSE 1.3 as Direct Linear Solver

No. of Data Rows : 801
fcross              =  8.61737e+05
Note: Starting dynamic gmin stepping
Warning: Dynamic gmin stepping failed
Note: Starting true gmin stepping
Note: True gmin stepping completed
pmarg               =  6.39893e+01
tdc                 =  7.85895e+01
mode=3db  rload=10k  rsrc=1m  pos=1  C=2.2n
fcross = 8.617373e+05
pmarg = 6.398933e+01
tdc = 7.858945e+01
Doing analysis at TEMP = 27.000000 and TNOM = 27.000000

Using SPARSE 1.3 as Direct Linear Solver
 Reference value :  2.39883e+00
No. of Data Rows : 801
fcross              =  8.41618e+05
Note: Starting dynamic gmin stepping
Warning: Dynamic gmin stepping failed
Note: Starting true gmin stepping
Note: True gmin stepping completed
pmarg               =  6.34960e+01
tdc                 =  7.85895e+01
mode=3db  rload=10k  rsrc=1m  pos=1  C=2.7n
fcross = 8.416181e+05
pmarg = 6.349599e+01
tdc = 7.858949e+01
Doing analysis at TEMP = 27.000000 and TNOM = 27.000000

Using SPARSE 1.3 as Direct Linear Solver

No. of Data Rows : 801
fcross              =  8.18720e+05
Note: Starting dynamic gmin stepping
Warning: Dynamic gmin stepping failed
Note: Starting true gmin stepping
Note: True gmin stepping completed
pmarg               =  6.33682e+01
tdc                 =  7.85895e+01
mode=3db  rload=10k  rsrc=1m  pos=1  C=3.3n
fcross = 8.187199e+05
pmarg = 6.336824e+01
tdc = 7.858953e+01
Doing analysis at TEMP = 27.000000 and TNOM = 27.000000

Using SPARSE 1.3 as Direct Linear Solver

No. of Data Rows : 801
fcross              =  7.75598e+05
Note: Starting dynamic gmin stepping
Warning: Dynamic gmin stepping failed
Note: Starting true gmin stepping
Note: True gmin stepping completed
pmarg               =  6.39780e+01
tdc                 =  7.85896e+01
mode=3db  rload=10k  rsrc=1m  pos=1  C=4.7n
fcross = 7.755978e+05
pmarg = 6.397800e+01
tdc = 7.858963e+01
Doing analysis at TEMP = 27.000000 and TNOM = 27.000000

Using SPARSE 1.3 as Direct Linear Solver

No. of Data Rows : 801
fcross              =  8.70630e+05
Note: Starting dynamic gmin stepping
Warning: Dynamic gmin stepping failed
Note: Starting true gmin stepping
Note: True gmin stepping completed
pmarg               =  7.39521e+01
tdc                 =  7.85893e+01
mode=3db  rload=10k  rsrc=1m  pos=2  C=1f
fcross = 8.706302e+05
pmarg = 7.395211e+01
tdc = 7.858930e+01
Doing analysis at TEMP = 27.000000 and TNOM = 27.000000

Using SPARSE 1.3 as Direct Linear Solver

No. of Data Rows : 801
fcross              =  8.73004e+05
Note: Starting dynamic gmin stepping
Warning: Dynamic gmin stepping failed
Note: Starting true gmin stepping
Note: True gmin stepping completed
pmarg               =  7.36601e+01
tdc                 =  7.85893e+01
mode=3db  rload=10k  rsrc=1m  pos=2  C=47p
fcross = 8.730043e+05
pmarg = 7.366007e+01
tdc = 7.858930e+01
Doing analysis at TEMP = 27.000000 and TNOM = 27.000000

Using SPARSE 1.3 as Direct Linear Solver

No. of Data Rows : 801
fcross              =  8.75710e+05
Note: Starting dynamic gmin stepping
Warning: Dynamic gmin stepping failed
Note: Starting true gmin stepping
Note: True gmin stepping completed
pmarg               =  7.33269e+01
tdc                 =  7.85893e+01
mode=3db  rload=10k  rsrc=1m  pos=2  C=100p
fcross = 8.757099e+05
pmarg = 7.332686e+01
tdc = 7.858930e+01
Doing analysis at TEMP = 27.000000 and TNOM = 27.000000

Using SPARSE 1.3 as Direct Linear Solver

No. of Data Rows : 801
fcross              =  8.81914e+05
Note: Starting dynamic gmin stepping
Warning: Dynamic gmin stepping failed
Note: Starting true gmin stepping
Note: True gmin stepping completed
pmarg               =  7.25577e+01
tdc                 =  7.85893e+01
mode=3db  rload=10k  rsrc=1m  pos=2  C=220p
fcross = 8.819135e+05
pmarg = 7.255775e+01
tdc = 7.858930e+01
Doing analysis at TEMP = 27.000000 and TNOM = 27.000000

Using SPARSE 1.3 as Direct Linear Solver

No. of Data Rows : 801
fcross              =  8.95278e+05
Note: Starting dynamic gmin stepping
Warning: Dynamic gmin stepping failed
Note: Starting true gmin stepping
Note: True gmin stepping completed
pmarg               =  7.08843e+01
tdc                 =  7.85893e+01
mode=3db  rload=10k  rsrc=1m  pos=2  C=470p
fcross = 8.952776e+05
pmarg = 7.088431e+01
tdc = 7.858929e+01
Doing analysis at TEMP = 27.000000 and TNOM = 27.000000

Using SPARSE 1.3 as Direct Linear Solver

No. of Data Rows : 801
fcross              =  9.26060e+05
Note: Starting dynamic gmin stepping
Warning: Dynamic gmin stepping failed
Note: Starting true gmin stepping
Note: True gmin stepping completed
pmarg               =  6.69665e+01
tdc                 =  7.85893e+01
mode=3db  rload=10k  rsrc=1m  pos=2  C=1n
fcross = 9.260603e+05
pmarg = 6.696649e+01
tdc = 7.858928e+01
Doing analysis at TEMP = 27.000000 and TNOM = 27.000000

Using SPARSE 1.3 as Direct Linear Solver

No. of Data Rows : 801
fcross              =  9.58219e+05
Note: Starting dynamic gmin stepping
Warning: Dynamic gmin stepping failed
Note: Starting true gmin stepping
Note: True gmin stepping completed
pmarg               =  6.27259e+01
tdc                 =  7.85893e+01
mode=3db  rload=10k  rsrc=1m  pos=2  C=1.5n
fcross = 9.582190e+05
pmarg = 6.272592e+01
tdc = 7.858927e+01
Doing analysis at TEMP = 27.000000 and TNOM = 27.000000

Using SPARSE 1.3 as Direct Linear Solver

No. of Data Rows : 801
fcross              =  1.00801e+06
Note: Starting dynamic gmin stepping
Warning: Dynamic gmin stepping failed
Note: Starting true gmin stepping
Note: True gmin stepping completed
pmarg               =  5.56971e+01
tdc                 =  7.85893e+01
mode=3db  rload=10k  rsrc=1m  pos=2  C=2.2n
fcross = 1.008008e+06
pmarg = 5.569712e+01
tdc = 7.858926e+01
Doing analysis at TEMP = 27.000000 and TNOM = 27.000000

Using SPARSE 1.3 as Direct Linear Solver

No. of Data Rows : 801
fcross              =  1.04458e+06
Note: Starting dynamic gmin stepping
Warning: Dynamic gmin stepping failed
Note: Starting true gmin stepping
Note: True gmin stepping completed
pmarg               =  4.98582e+01
tdc                 =  7.85892e+01
mode=3db  rload=10k  rsrc=1m  pos=2  C=2.7n
fcross = 1.044580e+06
pmarg = 4.985816e+01
tdc = 7.858925e+01
Doing analysis at TEMP = 27.000000 and TNOM = 27.000000

Using SPARSE 1.3 as Direct Linear Solver

No. of Data Rows : 801
fcross              =  1.08290e+06
Note: Starting dynamic gmin stepping
Warning: Dynamic gmin stepping failed
Note: Starting true gmin stepping
Note: True gmin stepping completed
pmarg               =  4.22674e+01
tdc                 =  7.85892e+01
mode=3db  rload=10k  rsrc=1m  pos=2  C=3.3n
fcross = 1.082899e+06
pmarg = 4.226737e+01
tdc = 7.858924e+01
Doing analysis at TEMP = 27.000000 and TNOM = 27.000000

Using SPARSE 1.3 as Direct Linear Solver

No. of Data Rows : 801
fcross              =  1.10571e+06
Note: Starting dynamic gmin stepping
Note: Dynamic gmin stepping completed
pmarg               =  2.72341e+01
tdc                 =  7.85892e+01
mode=3db  rload=10k  rsrc=1m  pos=2  C=4.7n
fcross = 1.105711e+06
pmarg = 2.723414e+01
tdc = 7.858921e+01
Doing analysis at TEMP = 27.000000 and TNOM = 27.000000

Using SPARSE 1.3 as Direct Linear Solver

No. of Data Rows : 801
fcross              =  8.70565e+05
Note: Starting dynamic gmin stepping
Note: Dynamic gmin stepping completed
pmarg               =  7.36802e+01
tdc                 =  7.85893e+01
mode=3db  rload=10k  rsrc=1k  pos=1  C=1f
fcross = 8.705652e+05
pmarg = 7.368019e+01
tdc = 7.858930e+01
Doing analysis at TEMP = 27.000000 and TNOM = 27.000000

Using SPARSE 1.3 as Direct Linear Solver

No. of Data Rows : 801
fcross              =  8.72867e+05
Note: Starting dynamic gmin stepping
Note: Dynamic gmin stepping completed
pmarg               =  7.33902e+01
tdc                 =  7.85893e+01
mode=3db  rload=10k  rsrc=1k  pos=1  C=47p
fcross = 8.728666e+05
pmarg = 7.339022e+01
tdc = 7.858931e+01
Doing analysis at TEMP = 27.000000 and TNOM = 27.000000

Using SPARSE 1.3 as Direct Linear Solver

No. of Data Rows : 801
fcross              =  8.75373e+05
Note: Starting dynamic gmin stepping
Note: Dynamic gmin stepping completed
pmarg               =  7.30594e+01
tdc                 =  7.85893e+01
mode=3db  rload=10k  rsrc=1k  pos=1  C=100p
fcross = 8.753730e+05
pmarg = 7.305945e+01
tdc = 7.858931e+01
Doing analysis at TEMP = 27.000000 and TNOM = 27.000000

Using SPARSE 1.3 as Direct Linear Solver

No. of Data Rows : 801
fcross              =  8.80613e+05
Note: Starting dynamic gmin stepping
Note: Dynamic gmin stepping completed
pmarg               =  7.23000e+01
tdc                 =  7.85893e+01
mode=3db  rload=10k  rsrc=1k  pos=1  C=220p
fcross = 8.806126e+05
pmarg = 7.230004e+01
tdc = 7.858932e+01
Doing analysis at TEMP = 27.000000 and TNOM = 27.000000

Using SPARSE 1.3 as Direct Linear Solver

No. of Data Rows : 801
fcross              =  8.89230e+05
Note: Starting dynamic gmin stepping
Note: Dynamic gmin stepping completed
pmarg               =  7.07034e+01
tdc                 =  7.85893e+01
mode=3db  rload=10k  rsrc=1k  pos=1  C=470p
fcross = 8.892296e+05
pmarg = 7.070339e+01
tdc = 7.858933e+01
Doing analysis at TEMP = 27.000000 and TNOM = 27.000000

Using SPARSE 1.3 as Direct Linear Solver

No. of Data Rows : 801
fcross              =  8.95313e+05
Note: Starting dynamic gmin stepping
Note: Dynamic gmin stepping completed
pmarg               =  6.75790e+01
tdc                 =  7.85894e+01
mode=3db  rload=10k  rsrc=1k  pos=1  C=1n
fcross = 8.953132e+05
pmarg = 6.757905e+01
tdc = 7.858937e+01
Doing analysis at TEMP = 27.000000 and TNOM = 27.000000

Using SPARSE 1.3 as Direct Linear Solver

No. of Data Rows : 801
fcross              =  8.86580e+05
Note: Starting dynamic gmin stepping
Note: Dynamic gmin stepping completed
pmarg               =  6.53988e+01
tdc                 =  7.85894e+01
mode=3db  rload=10k  rsrc=1k  pos=1  C=1.5n
fcross = 8.865802e+05
pmarg = 6.539885e+01
tdc = 7.858941e+01
Doing analysis at TEMP = 27.000000 and TNOM = 27.000000

Using SPARSE 1.3 as Direct Linear Solver

No. of Data Rows : 801
fcross              =  8.61678e+05
Note: Starting dynamic gmin stepping
Note: Dynamic gmin stepping completed
pmarg               =  6.37208e+01
tdc                 =  7.85895e+01
mode=3db  rload=10k  rsrc=1k  pos=1  C=2.2n
fcross = 8.616782e+05
pmarg = 6.372077e+01
tdc = 7.858945e+01
Doing analysis at TEMP = 27.000000 and TNOM = 27.000000

Using SPARSE 1.3 as Direct Linear Solver

No. of Data Rows : 801
fcross              =  8.41565e+05
Note: Starting dynamic gmin stepping
Note: Dynamic gmin stepping completed
pmarg               =  6.32335e+01
tdc                 =  7.85895e+01
mode=3db  rload=10k  rsrc=1k  pos=1  C=2.7n
fcross = 8.415648e+05
pmarg = 6.323351e+01
tdc = 7.858949e+01
Doing analysis at TEMP = 27.000000 and TNOM = 27.000000

Using SPARSE 1.3 as Direct Linear Solver

No. of Data Rows : 801
fcross              =  8.18672e+05
Note: Starting dynamic gmin stepping
Note: Dynamic gmin stepping completed
pmarg               =  6.31127e+01
tdc                 =  7.85895e+01
mode=3db  rload=10k  rsrc=1k  pos=1  C=3.3n
fcross = 8.186720e+05
pmarg = 6.311270e+01
tdc = 7.858953e+01
Doing analysis at TEMP = 27.000000 and TNOM = 27.000000

Using SPARSE 1.3 as Direct Linear Solver

No. of Data Rows : 801
fcross              =  7.75558e+05
Note: Starting dynamic gmin stepping
Note: Dynamic gmin stepping completed
pmarg               =  6.37356e+01
tdc                 =  7.85896e+01
mode=3db  rload=10k  rsrc=1k  pos=1  C=4.7n
fcross = 7.755585e+05
pmarg = 6.373558e+01
tdc = 7.858963e+01
Doing analysis at TEMP = 27.000000 and TNOM = 27.000000

Using SPARSE 1.3 as Direct Linear Solver

No. of Data Rows : 801
fcross              =  8.70565e+05
Note: Starting dynamic gmin stepping
Note: Dynamic gmin stepping completed
pmarg               =  7.36802e+01
tdc                 =  7.85893e+01
mode=3db  rload=10k  rsrc=1k  pos=2  C=1f
fcross = 8.705652e+05
pmarg = 7.368019e+01
tdc = 7.858930e+01
Doing analysis at TEMP = 27.000000 and TNOM = 27.000000

Using SPARSE 1.3 as Direct Linear Solver
 Reference value :  1.00000e+00
No. of Data Rows : 801
fcross              =  8.72937e+05
Note: Starting dynamic gmin stepping
Note: Dynamic gmin stepping completed
pmarg               =  7.33875e+01
tdc                 =  7.85893e+01
mode=3db  rload=10k  rsrc=1k  pos=2  C=47p
fcross = 8.729371e+05
pmarg = 7.338747e+01
tdc = 7.858930e+01
Doing analysis at TEMP = 27.000000 and TNOM = 27.000000

Using SPARSE 1.3 as Direct Linear Solver

No. of Data Rows : 801
fcross              =  8.75642e+05
Note: Starting dynamic gmin stepping
Note: Dynamic gmin stepping completed
pmarg               =  7.30535e+01
tdc                 =  7.85893e+01
mode=3db  rload=10k  rsrc=1k  pos=2  C=100p
fcross = 8.756420e+05
pmarg = 7.305346e+01
tdc = 7.858930e+01
Doing analysis at TEMP = 27.000000 and TNOM = 27.000000

Using SPARSE 1.3 as Direct Linear Solver

No. of Data Rows : 801
fcross              =  8.81844e+05
Note: Starting dynamic gmin stepping
Note: Dynamic gmin stepping completed
pmarg               =  7.22825e+01
tdc                 =  7.85893e+01
mode=3db  rload=10k  rsrc=1k  pos=2  C=220p
fcross = 8.818438e+05
pmarg = 7.228250e+01
tdc = 7.858930e+01
Doing analysis at TEMP = 27.000000 and TNOM = 27.000000

Using SPARSE 1.3 as Direct Linear Solver

No. of Data Rows : 801
fcross              =  8.95202e+05
Note: Starting dynamic gmin stepping
Note: Dynamic gmin stepping completed
pmarg               =  7.06052e+01
tdc                 =  7.85893e+01
mode=3db  rload=10k  rsrc=1k  pos=2  C=470p
fcross = 8.952020e+05
pmarg = 7.060517e+01
tdc = 7.858929e+01
Doing analysis at TEMP = 27.000000 and TNOM = 27.000000

Using SPARSE 1.3 as Direct Linear Solver

No. of Data Rows : 801
fcross              =  9.25972e+05
Note: Starting dynamic gmin stepping
Note: Dynamic gmin stepping completed
pmarg               =  6.66784e+01
tdc                 =  7.85893e+01
mode=3db  rload=10k  rsrc=1k  pos=2  C=1n
fcross = 9.259725e+05
pmarg = 6.667843e+01
tdc = 7.858928e+01
Doing analysis at TEMP = 27.000000 and TNOM = 27.000000

Using SPARSE 1.3 as Direct Linear Solver

No. of Data Rows : 801
fcross              =  9.58113e+05
Note: Starting dynamic gmin stepping
Note: Dynamic gmin stepping completed
pmarg               =  6.24289e+01
tdc                 =  7.85893e+01
mode=3db  rload=10k  rsrc=1k  pos=2  C=1.5n
fcross = 9.581134e+05
pmarg = 6.242890e+01
tdc = 7.858927e+01
Doing analysis at TEMP = 27.000000 and TNOM = 27.000000

Using SPARSE 1.3 as Direct Linear Solver

No. of Data Rows : 801
fcross              =  1.00787e+06
Note: Starting dynamic gmin stepping
Note: Dynamic gmin stepping completed
pmarg               =  5.53868e+01
tdc                 =  7.85893e+01
mode=3db  rload=10k  rsrc=1k  pos=2  C=2.2n
fcross = 1.007873e+06
pmarg = 5.538679e+01
tdc = 7.858926e+01
Doing analysis at TEMP = 27.000000 and TNOM = 27.000000

Using SPARSE 1.3 as Direct Linear Solver

No. of Data Rows : 801
fcross              =  1.04443e+06
Note: Starting dynamic gmin stepping
Note: Dynamic gmin stepping completed
pmarg               =  4.95385e+01
tdc                 =  7.85892e+01
mode=3db  rload=10k  rsrc=1k  pos=2  C=2.7n
fcross = 1.044426e+06
pmarg = 4.953846e+01
tdc = 7.858925e+01
Doing analysis at TEMP = 27.000000 and TNOM = 27.000000

Using SPARSE 1.3 as Direct Linear Solver

No. of Data Rows : 801
fcross              =  1.08272e+06
Note: Starting dynamic gmin stepping
Note: Dynamic gmin stepping completed
pmarg               =  4.19388e+01
tdc                 =  7.85892e+01
mode=3db  rload=10k  rsrc=1k  pos=2  C=3.3n
fcross = 1.082722e+06
pmarg = 4.193876e+01
tdc = 7.858924e+01
Doing analysis at TEMP = 27.000000 and TNOM = 27.000000

Using SPARSE 1.3 as Direct Linear Solver

No. of Data Rows : 801
fcross              =  1.10557e+06
pmarg               =  2.68993e+01
tdc                 =  7.85892e+01
mode=3db  rload=10k  rsrc=1k  pos=2  C=4.7n
fcross = 1.105568e+06
pmarg = 2.689931e+01
tdc = 7.858921e+01
Doing analysis at TEMP = 27.000000 and TNOM = 27.000000

Using SPARSE 1.3 as Direct Linear Solver

No. of Data Rows : 801
fcross              =  8.70338e+05
pmarg               =  7.32776e+01
tdc                 =  7.85893e+01
mode=3db  rload=10k  rsrc=2.5k  pos=1  C=1f
fcross = 8.703384e+05
pmarg = 7.327765e+01
tdc = 7.858930e+01
Doing analysis at TEMP = 27.000000 and TNOM = 27.000000

Using SPARSE 1.3 as Direct Linear Solver

No. of Data Rows : 801
fcross              =  8.72632e+05
pmarg               =  7.29869e+01
tdc                 =  7.85893e+01
mode=3db  rload=10k  rsrc=2.5k  pos=1  C=47p
fcross = 8.726323e+05
pmarg = 7.298686e+01
tdc = 7.858931e+01
Doing analysis at TEMP = 27.000000 and TNOM = 27.000000

Using SPARSE 1.3 as Direct Linear Solver

No. of Data Rows : 801
fcross              =  8.75136e+05
pmarg               =  7.26551e+01
tdc                 =  7.85893e+01
mode=3db  rload=10k  rsrc=2.5k  pos=1  C=100p
fcross = 8.751361e+05
pmarg = 7.265509e+01
tdc = 7.858931e+01
Doing analysis at TEMP = 27.000000 and TNOM = 27.000000

Using SPARSE 1.3 as Direct Linear Solver

No. of Data Rows : 801
fcross              =  8.80370e+05
pmarg               =  7.18936e+01
tdc                 =  7.85893e+01
mode=3db  rload=10k  rsrc=2.5k  pos=1  C=220p
fcross = 8.803703e+05
pmarg = 7.189359e+01
tdc = 7.858932e+01
Doing analysis at TEMP = 27.000000 and TNOM = 27.000000

Using SPARSE 1.3 as Direct Linear Solver

No. of Data Rows : 801
fcross              =  8.88979e+05
pmarg               =  7.02937e+01
tdc                 =  7.85893e+01
mode=3db  rload=10k  rsrc=2.5k  pos=1  C=470p
fcross = 8.889787e+05
pmarg = 7.029368e+01
tdc = 7.858933e+01
Doing analysis at TEMP = 27.000000 and TNOM = 27.000000

Using SPARSE 1.3 as Direct Linear Solver

No. of Data Rows : 801
fcross              =  8.95053e+05
pmarg               =  6.71679e+01
tdc                 =  7.85894e+01
mode=3db  rload=10k  rsrc=2.5k  pos=1  C=1n
fcross = 8.950532e+05
pmarg = 6.716794e+01
tdc = 7.858937e+01
Doing analysis at TEMP = 27.000000 and TNOM = 27.000000

Using SPARSE 1.3 as Direct Linear Solver

No. of Data Rows : 801
fcross              =  8.86340e+05
pmarg               =  6.49919e+01
tdc                 =  7.85894e+01
mode=3db  rload=10k  rsrc=2.5k  pos=1  C=1.5n
fcross = 8.863395e+05
pmarg = 6.499188e+01
tdc = 7.858941e+01
Doing analysis at TEMP = 27.000000 and TNOM = 27.000000

Using SPARSE 1.3 as Direct Linear Solver

No. of Data Rows : 801
fcross              =  8.61469e+05
pmarg               =  6.33246e+01
tdc                 =  7.85895e+01
mode=3db  rload=10k  rsrc=2.5k  pos=1  C=2.2n
fcross = 8.614691e+05
pmarg = 6.332462e+01
tdc = 7.858945e+01
Doing analysis at TEMP = 27.000000 and TNOM = 27.000000

Using SPARSE 1.3 as Direct Linear Solver

No. of Data Rows : 801
fcross              =  8.41376e+05
pmarg               =  6.28459e+01
tdc                 =  7.85895e+01
mode=3db  rload=10k  rsrc=2.5k  pos=1  C=2.7n
fcross = 8.413765e+05
pmarg = 6.284595e+01
tdc = 7.858949e+01
Doing analysis at TEMP = 27.000000 and TNOM = 27.000000

Using SPARSE 1.3 as Direct Linear Solver

No. of Data Rows : 801
fcross              =  8.18503e+05
pmarg               =  6.27350e+01
tdc                 =  7.85895e+01
mode=3db  rload=10k  rsrc=2.5k  pos=1  C=3.3n
fcross = 8.185026e+05
pmarg = 6.273496e+01
tdc = 7.858953e+01
Doing analysis at TEMP = 27.000000 and TNOM = 27.000000

Using SPARSE 1.3 as Direct Linear Solver

No. of Data Rows : 801
fcross              =  7.75420e+05
pmarg               =  6.33765e+01
tdc                 =  7.85896e+01
mode=3db  rload=10k  rsrc=2.5k  pos=1  C=4.7n
fcross = 7.754197e+05
pmarg = 6.337650e+01
tdc = 7.858963e+01
Doing analysis at TEMP = 27.000000 and TNOM = 27.000000

Using SPARSE 1.3 as Direct Linear Solver

No. of Data Rows : 801
fcross              =  8.70338e+05
pmarg               =  7.32776e+01
tdc                 =  7.85893e+01
mode=3db  rload=10k  rsrc=2.5k  pos=2  C=1f
fcross = 8.703384e+05
pmarg = 7.327765e+01
tdc = 7.858930e+01
Doing analysis at TEMP = 27.000000 and TNOM = 27.000000

Using SPARSE 1.3 as Direct Linear Solver

No. of Data Rows : 801
fcross              =  8.72703e+05
pmarg               =  7.29841e+01
tdc                 =  7.85893e+01
mode=3db  rload=10k  rsrc=2.5k  pos=2  C=47p
fcross = 8.727027e+05
pmarg = 7.298409e+01
tdc = 7.858930e+01
Doing analysis at TEMP = 27.000000 and TNOM = 27.000000

Using SPARSE 1.3 as Direct Linear Solver

No. of Data Rows : 801
fcross              =  8.75405e+05
pmarg               =  7.26490e+01
tdc                 =  7.85893e+01
mode=3db  rload=10k  rsrc=2.5k  pos=2  C=100p
fcross = 8.754048e+05
pmarg = 7.264898e+01
tdc = 7.858930e+01
Doing analysis at TEMP = 27.000000 and TNOM = 27.000000

Using SPARSE 1.3 as Direct Linear Solver

No. of Data Rows : 801
fcross              =  8.81600e+05
pmarg               =  7.18755e+01
tdc                 =  7.85893e+01
mode=3db  rload=10k  rsrc=2.5k  pos=2  C=220p
fcross = 8.816000e+05
pmarg = 7.187551e+01
tdc = 7.858930e+01
Doing analysis at TEMP = 27.000000 and TNOM = 27.000000

Using SPARSE 1.3 as Direct Linear Solver

No. of Data Rows : 801
fcross              =  8.94937e+05
pmarg               =  7.01930e+01
tdc                 =  7.85893e+01
mode=3db  rload=10k  rsrc=2.5k  pos=2  C=470p
fcross = 8.949373e+05
pmarg = 7.019301e+01
tdc = 7.858929e+01
Doing analysis at TEMP = 27.000000 and TNOM = 27.000000

Using SPARSE 1.3 as Direct Linear Solver

No. of Data Rows : 801
fcross              =  9.25663e+05
pmarg               =  6.62546e+01
tdc                 =  7.85893e+01
mode=3db  rload=10k  rsrc=2.5k  pos=2  C=1n
fcross = 9.256629e+05
pmarg = 6.625463e+01
tdc = 7.858928e+01
Doing analysis at TEMP = 27.000000 and TNOM = 27.000000

Using SPARSE 1.3 as Direct Linear Solver

No. of Data Rows : 801
fcross              =  9.57739e+05
pmarg               =  6.19943e+01
tdc                 =  7.85893e+01
mode=3db  rload=10k  rsrc=2.5k  pos=2  C=1.5n
fcross = 9.577389e+05
pmarg = 6.199430e+01
tdc = 7.858927e+01
Doing analysis at TEMP = 27.000000 and TNOM = 27.000000

Using SPARSE 1.3 as Direct Linear Solver

No. of Data Rows : 801
fcross              =  1.00739e+06
pmarg               =  5.49376e+01
tdc                 =  7.85893e+01
mode=3db  rload=10k  rsrc=2.5k  pos=2  C=2.2n
fcross = 1.007392e+06
pmarg = 5.493759e+01
tdc = 7.858926e+01
Doing analysis at TEMP = 27.000000 and TNOM = 27.000000

Using SPARSE 1.3 as Direct Linear Solver

No. of Data Rows : 801
fcross              =  1.04387e+06
pmarg               =  4.90801e+01
tdc                 =  7.85892e+01
mode=3db  rload=10k  rsrc=2.5k  pos=2  C=2.7n
fcross = 1.043867e+06
pmarg = 4.908014e+01
tdc = 7.858925e+01
Doing analysis at TEMP = 27.000000 and TNOM = 27.000000

Using SPARSE 1.3 as Direct Linear Solver

No. of Data Rows : 801
fcross              =  1.08208e+06
pmarg               =  4.14745e+01
tdc                 =  7.85892e+01
mode=3db  rload=10k  rsrc=2.5k  pos=2  C=3.3n
fcross = 1.082078e+06
pmarg = 4.147449e+01
tdc = 7.858924e+01
Doing analysis at TEMP = 27.000000 and TNOM = 27.000000

Using SPARSE 1.3 as Direct Linear Solver

No. of Data Rows : 801
fcross              =  1.10503e+06
Note: Starting dynamic gmin stepping
Warning: Dynamic gmin stepping failed
Note: Starting true gmin stepping
Note: True gmin stepping completed
pmarg               =  2.64290e+01
tdc                 =  7.85892e+01
mode=3db  rload=10k  rsrc=2.5k  pos=2  C=4.7n
fcross = 1.105032e+06
pmarg = 2.642903e+01
tdc = 7.858921e+01
Doing analysis at TEMP = 27.000000 and TNOM = 27.000000

Using SPARSE 1.3 as Direct Linear Solver

No. of Data Rows : 801
fcross              =  8.70324e+05
Note: Starting dynamic gmin stepping
Warning: Dynamic gmin stepping failed
Note: Starting true gmin stepping
Note: True gmin stepping completed
pmarg               =  7.32588e+01
tdc                 =  7.85893e+01
mode=3db  rload=10k  rsrc=2.571k  pos=1  C=1f
fcross = 8.703238e+05
pmarg = 7.325876e+01
tdc = 7.858930e+01
Doing analysis at TEMP = 27.000000 and TNOM = 27.000000

Using SPARSE 1.3 as Direct Linear Solver

No. of Data Rows : 801
fcross              =  8.72617e+05
Note: Starting dynamic gmin stepping
Warning: Dynamic gmin stepping failed
Note: Starting true gmin stepping
Note: True gmin stepping completed
pmarg               =  7.29679e+01
tdc                 =  7.85893e+01
mode=3db  rload=10k  rsrc=2.571k  pos=1  C=47p
fcross = 8.726173e+05
pmarg = 7.296794e+01
tdc = 7.858931e+01
Doing analysis at TEMP = 27.000000 and TNOM = 27.000000

Using SPARSE 1.3 as Direct Linear Solver

No. of Data Rows : 801
fcross              =  8.75121e+05
Note: Starting dynamic gmin stepping
Warning: Dynamic gmin stepping failed
Note: Starting true gmin stepping
Note: True gmin stepping completed
pmarg               =  7.26361e+01
tdc                 =  7.85893e+01
mode=3db  rload=10k  rsrc=2.571k  pos=1  C=100p
fcross = 8.751208e+05
pmarg = 7.263612e+01
tdc = 7.858931e+01
Doing analysis at TEMP = 27.000000 and TNOM = 27.000000

Using SPARSE 1.3 as Direct Linear Solver

No. of Data Rows : 801
fcross              =  8.80355e+05
Note: Starting dynamic gmin stepping
Warning: Dynamic gmin stepping failed
Note: Starting true gmin stepping
Note: True gmin stepping completed
pmarg               =  7.18745e+01
tdc                 =  7.85893e+01
mode=3db  rload=10k  rsrc=2.571k  pos=1  C=220p
fcross = 8.803547e+05
pmarg = 7.187453e+01
tdc = 7.858932e+01
Doing analysis at TEMP = 27.000000 and TNOM = 27.000000

Using SPARSE 1.3 as Direct Linear Solver

No. of Data Rows : 801
fcross              =  8.88963e+05
Note: Starting dynamic gmin stepping
Warning: Dynamic gmin stepping failed
Note: Starting true gmin stepping
Note: True gmin stepping completed
pmarg               =  7.02745e+01
tdc                 =  7.85893e+01
mode=3db  rload=10k  rsrc=2.571k  pos=1  C=470p
fcross = 8.889626e+05
pmarg = 7.027448e+01
tdc = 7.858933e+01
Doing analysis at TEMP = 27.000000 and TNOM = 27.000000

Using SPARSE 1.3 as Direct Linear Solver

No. of Data Rows : 801
fcross              =  8.95037e+05
Note: Starting dynamic gmin stepping
Warning: Dynamic gmin stepping failed
Note: Starting true gmin stepping
Note: True gmin stepping completed
pmarg               =  6.71487e+01
tdc                 =  7.85894e+01
mode=3db  rload=10k  rsrc=2.571k  pos=1  C=1n
fcross = 8.950365e+05
pmarg = 6.714870e+01
tdc = 7.858937e+01
Doing analysis at TEMP = 27.000000 and TNOM = 27.000000

Using SPARSE 1.3 as Direct Linear Solver

No. of Data Rows : 801
fcross              =  8.86324e+05
Note: Starting dynamic gmin stepping
Warning: Dynamic gmin stepping failed
Note: Starting true gmin stepping
Note: True gmin stepping completed
pmarg               =  6.49728e+01
tdc                 =  7.85894e+01
mode=3db  rload=10k  rsrc=2.571k  pos=1  C=1.5n
fcross = 8.863241e+05
pmarg = 6.497283e+01
tdc = 7.858941e+01
Doing analysis at TEMP = 27.000000 and TNOM = 27.000000

Using SPARSE 1.3 as Direct Linear Solver

No. of Data Rows : 801
fcross              =  8.61456e+05
Note: Starting dynamic gmin stepping
Warning: Dynamic gmin stepping failed
Note: Starting true gmin stepping
Note: True gmin stepping completed
pmarg               =  6.33061e+01
tdc                 =  7.85895e+01
mode=3db  rload=10k  rsrc=2.571k  pos=1  C=2.2n
fcross = 8.614557e+05
pmarg = 6.330607e+01
tdc = 7.858945e+01
Doing analysis at TEMP = 27.000000 and TNOM = 27.000000

Using SPARSE 1.3 as Direct Linear Solver
 Reference value :  7.24436e+03
No. of Data Rows : 801
fcross              =  8.41364e+05
Note: Starting dynamic gmin stepping
Warning: Dynamic gmin stepping failed
Note: Starting true gmin stepping
Note: True gmin stepping completed
pmarg               =  6.28278e+01
tdc                 =  7.85895e+01
mode=3db  rload=10k  rsrc=2.571k  pos=1  C=2.7n
fcross = 8.413643e+05
pmarg = 6.282779e+01
tdc = 7.858949e+01
Doing analysis at TEMP = 27.000000 and TNOM = 27.000000

Using SPARSE 1.3 as Direct Linear Solver

No. of Data Rows : 801
fcross              =  8.18492e+05
Note: Starting dynamic gmin stepping
Warning: Dynamic gmin stepping failed
Note: Starting true gmin stepping
Note: True gmin stepping completed
pmarg               =  6.27173e+01
tdc                 =  7.85895e+01
mode=3db  rload=10k  rsrc=2.571k  pos=1  C=3.3n
fcross = 8.184917e+05
pmarg = 6.271725e+01
tdc = 7.858953e+01
Doing analysis at TEMP = 27.000000 and TNOM = 27.000000

Using SPARSE 1.3 as Direct Linear Solver

No. of Data Rows : 801
fcross              =  7.75411e+05
Note: Starting dynamic gmin stepping
Warning: Dynamic gmin stepping failed
Note: Starting true gmin stepping
Note: True gmin stepping completed
pmarg               =  6.33596e+01
tdc                 =  7.85896e+01
mode=3db  rload=10k  rsrc=2.571k  pos=1  C=4.7n
fcross = 7.754107e+05
pmarg = 6.335964e+01
tdc = 7.858963e+01
Doing analysis at TEMP = 27.000000 and TNOM = 27.000000

Using SPARSE 1.3 as Direct Linear Solver

No. of Data Rows : 801
fcross              =  8.70324e+05
Note: Starting dynamic gmin stepping
Warning: Dynamic gmin stepping failed
Note: Starting true gmin stepping
Note: True gmin stepping completed
pmarg               =  7.32588e+01
tdc                 =  7.85893e+01
mode=3db  rload=10k  rsrc=2.571k  pos=2  C=1f
fcross = 8.703238e+05
pmarg = 7.325876e+01
tdc = 7.858930e+01
Doing analysis at TEMP = 27.000000 and TNOM = 27.000000

Using SPARSE 1.3 as Direct Linear Solver

No. of Data Rows : 801
fcross              =  8.72688e+05
Note: Starting dynamic gmin stepping
Warning: Dynamic gmin stepping failed
Note: Starting true gmin stepping
Note: True gmin stepping completed
pmarg               =  7.29652e+01
tdc                 =  7.85893e+01
mode=3db  rload=10k  rsrc=2.571k  pos=2  C=47p
fcross = 8.726876e+05
pmarg = 7.296517e+01
tdc = 7.858930e+01
Doing analysis at TEMP = 27.000000 and TNOM = 27.000000

Using SPARSE 1.3 as Direct Linear Solver

No. of Data Rows : 801
fcross              =  8.75390e+05
Note: Starting dynamic gmin stepping
Warning: Dynamic gmin stepping failed
Note: Starting true gmin stepping
Note: True gmin stepping completed
pmarg               =  7.26300e+01
tdc                 =  7.85893e+01
mode=3db  rload=10k  rsrc=2.571k  pos=2  C=100p
fcross = 8.753895e+05
pmarg = 7.263001e+01
tdc = 7.858930e+01
Doing analysis at TEMP = 27.000000 and TNOM = 27.000000

Using SPARSE 1.3 as Direct Linear Solver

No. of Data Rows : 801
fcross              =  8.81584e+05
Note: Starting dynamic gmin stepping
Warning: Dynamic gmin stepping failed
Note: Starting true gmin stepping
Note: True gmin stepping completed
pmarg               =  7.18564e+01
tdc                 =  7.85893e+01
mode=3db  rload=10k  rsrc=2.571k  pos=2  C=220p
fcross = 8.815844e+05
pmarg = 7.185642e+01
tdc = 7.858930e+01
Doing analysis at TEMP = 27.000000 and TNOM = 27.000000

Using SPARSE 1.3 as Direct Linear Solver

No. of Data Rows : 801
fcross              =  8.94920e+05
Note: Starting dynamic gmin stepping
Warning: Dynamic gmin stepping failed
Note: Starting true gmin stepping
Note: True gmin stepping completed
pmarg               =  7.01737e+01
tdc                 =  7.85893e+01
mode=3db  rload=10k  rsrc=2.571k  pos=2  C=470p
fcross = 8.949203e+05
pmarg = 7.017370e+01
tdc = 7.858929e+01
Doing analysis at TEMP = 27.000000 and TNOM = 27.000000

Using SPARSE 1.3 as Direct Linear Solver

No. of Data Rows : 801
fcross              =  9.25643e+05
Note: Starting dynamic gmin stepping
Warning: Dynamic gmin stepping failed
Note: Starting true gmin stepping
Note: True gmin stepping completed
pmarg               =  6.62348e+01
tdc                 =  7.85893e+01
mode=3db  rload=10k  rsrc=2.571k  pos=2  C=1n
fcross = 9.256430e+05
pmarg = 6.623482e+01
tdc = 7.858928e+01
Doing analysis at TEMP = 27.000000 and TNOM = 27.000000

Using SPARSE 1.3 as Direct Linear Solver

No. of Data Rows : 801
fcross              =  9.57715e+05
Note: Starting dynamic gmin stepping
Warning: Dynamic gmin stepping failed
Note: Starting true gmin stepping
Note: True gmin stepping completed
pmarg               =  6.19741e+01
tdc                 =  7.85893e+01
mode=3db  rload=10k  rsrc=2.571k  pos=2  C=1.5n
fcross = 9.577148e+05
pmarg = 6.197406e+01
tdc = 7.858927e+01
Doing analysis at TEMP = 27.000000 and TNOM = 27.000000

Using SPARSE 1.3 as Direct Linear Solver

No. of Data Rows : 801
fcross              =  1.00736e+06
Note: Starting dynamic gmin stepping
Warning: Dynamic gmin stepping failed
Note: Starting true gmin stepping
Note: True gmin stepping completed
pmarg               =  5.49168e+01
tdc                 =  7.85893e+01
mode=3db  rload=10k  rsrc=2.571k  pos=2  C=2.2n
fcross = 1.007361e+06
pmarg = 5.491682e+01
tdc = 7.858926e+01
Doing analysis at TEMP = 27.000000 and TNOM = 27.000000

Using SPARSE 1.3 as Direct Linear Solver

No. of Data Rows : 801
fcross              =  1.04383e+06
Note: Starting dynamic gmin stepping
Warning: Dynamic gmin stepping failed
Note: Starting true gmin stepping
Note: True gmin stepping completed
pmarg               =  4.90591e+01
tdc                 =  7.85892e+01
mode=3db  rload=10k  rsrc=2.571k  pos=2  C=2.7n
fcross = 1.043831e+06
pmarg = 4.905909e+01
tdc = 7.858925e+01
Doing analysis at TEMP = 27.000000 and TNOM = 27.000000

Using SPARSE 1.3 as Direct Linear Solver

No. of Data Rows : 801
fcross              =  1.08204e+06
Note: Starting dynamic gmin stepping
Warning: Dynamic gmin stepping failed
Note: Starting true gmin stepping
Note: True gmin stepping completed
pmarg               =  4.14534e+01
tdc                 =  7.85892e+01
mode=3db  rload=10k  rsrc=2.571k  pos=2  C=3.3n
fcross = 1.082037e+06
pmarg = 4.145337e+01
tdc = 7.858924e+01
Doing analysis at TEMP = 27.000000 and TNOM = 27.000000

Using SPARSE 1.3 as Direct Linear Solver

No. of Data Rows : 801
fcross              =  1.10500e+06
Note: Starting dynamic gmin stepping
Warning: Dynamic gmin stepping failed
Note: Starting true gmin stepping
Note: True gmin stepping completed
pmarg               =  2.64077e+01
tdc                 =  7.85892e+01
mode=3db  rload=10k  rsrc=2.571k  pos=2  C=4.7n
fcross = 1.104997e+06
pmarg = 2.640773e+01
tdc = 7.858921e+01
Doing analysis at TEMP = 27.000000 and TNOM = 27.000000

Using SPARSE 1.3 as Direct Linear Solver

No. of Data Rows : 801
fcross              =  8.70315e+05
Note: Starting dynamic gmin stepping
Warning: Dynamic gmin stepping failed
Note: Starting true gmin stepping
Note: True gmin stepping completed
pmarg               =  7.32481e+01
tdc                 =  7.85893e+01
mode=3db  rload=10k  rsrc=2.611k  pos=1  C=1f
fcross = 8.703155e+05
pmarg = 7.324812e+01
tdc = 7.858930e+01
Doing analysis at TEMP = 27.000000 and TNOM = 27.000000

Using SPARSE 1.3 as Direct Linear Solver

No. of Data Rows : 801
fcross              =  8.72609e+05
Note: Starting dynamic gmin stepping
Warning: Dynamic gmin stepping failed
Note: Starting true gmin stepping
Note: True gmin stepping completed
pmarg               =  7.29573e+01
tdc                 =  7.85893e+01
mode=3db  rload=10k  rsrc=2.611k  pos=1  C=47p
fcross = 8.726086e+05
pmarg = 7.295729e+01
tdc = 7.858931e+01
Doing analysis at TEMP = 27.000000 and TNOM = 27.000000

Using SPARSE 1.3 as Direct Linear Solver

No. of Data Rows : 801
fcross              =  8.75112e+05
Note: Starting dynamic gmin stepping
Warning: Dynamic gmin stepping failed
Note: Starting true gmin stepping
Note: True gmin stepping completed
pmarg               =  7.26254e+01
tdc                 =  7.85893e+01
mode=3db  rload=10k  rsrc=2.611k  pos=1  C=100p
fcross = 8.751121e+05
pmarg = 7.262544e+01
tdc = 7.858931e+01
Doing analysis at TEMP = 27.000000 and TNOM = 27.000000

Using SPARSE 1.3 as Direct Linear Solver

No. of Data Rows : 801
fcross              =  8.80346e+05
Note: Starting dynamic gmin stepping
Warning: Dynamic gmin stepping failed
Note: Starting true gmin stepping
Note: True gmin stepping completed
pmarg               =  7.18638e+01
tdc                 =  7.85893e+01
mode=3db  rload=10k  rsrc=2.611k  pos=1  C=220p
fcross = 8.803458e+05
pmarg = 7.186380e+01
tdc = 7.858932e+01
Doing analysis at TEMP = 27.000000 and TNOM = 27.000000

Using SPARSE 1.3 as Direct Linear Solver

No. of Data Rows : 801
fcross              =  8.88953e+05
Note: Starting dynamic gmin stepping
Warning: Dynamic gmin stepping failed
Note: Starting true gmin stepping
Note: True gmin stepping completed
pmarg               =  7.02637e+01
tdc                 =  7.85893e+01
mode=3db  rload=10k  rsrc=2.611k  pos=1  C=470p
fcross = 8.889533e+05
pmarg = 7.026367e+01
tdc = 7.858933e+01
Doing analysis at TEMP = 27.000000 and TNOM = 27.000000

Using SPARSE 1.3 as Direct Linear Solver

No. of Data Rows : 801
fcross              =  8.95027e+05
Note: Starting dynamic gmin stepping
Warning: Dynamic gmin stepping failed
Note: Starting true gmin stepping
Note: True gmin stepping completed
pmarg               =  6.71379e+01
tdc                 =  7.85894e+01
mode=3db  rload=10k  rsrc=2.611k  pos=1  C=1n
fcross = 8.950269e+05
pmarg = 6.713787e+01
tdc = 7.858937e+01
Doing analysis at TEMP = 27.000000 and TNOM = 27.000000

Using SPARSE 1.3 as Direct Linear Solver

No. of Data Rows : 801
fcross              =  8.86315e+05
Note: Starting dynamic gmin stepping
Warning: Dynamic gmin stepping failed
Note: Starting true gmin stepping
Note: True gmin stepping completed
pmarg               =  6.49621e+01
tdc                 =  7.85894e+01
mode=3db  rload=10k  rsrc=2.611k  pos=1  C=1.5n
fcross = 8.863152e+05
pmarg = 6.496212e+01
tdc = 7.858941e+01
Doing analysis at TEMP = 27.000000 and TNOM = 27.000000

Using SPARSE 1.3 as Direct Linear Solver

No. of Data Rows : 801
fcross              =  8.61448e+05
Note: Starting dynamic gmin stepping
Warning: Dynamic gmin stepping failed
Note: Starting true gmin stepping
Note: True gmin stepping completed
pmarg               =  6.32956e+01
tdc                 =  7.85895e+01
mode=3db  rload=10k  rsrc=2.611k  pos=1  C=2.2n
fcross = 8.614480e+05
pmarg = 6.329563e+01
tdc = 7.858945e+01
Doing analysis at TEMP = 27.000000 and TNOM = 27.000000

Using SPARSE 1.3 as Direct Linear Solver

No. of Data Rows : 801
fcross              =  8.41357e+05
Note: Starting dynamic gmin stepping
Warning: Dynamic gmin stepping failed
Note: Starting true gmin stepping
Note: True gmin stepping completed
pmarg               =  6.28176e+01
tdc                 =  7.85895e+01
mode=3db  rload=10k  rsrc=2.611k  pos=1  C=2.7n
fcross = 8.413574e+05
pmarg = 6.281757e+01
tdc = 7.858949e+01
Doing analysis at TEMP = 27.000000 and TNOM = 27.000000

Using SPARSE 1.3 as Direct Linear Solver

No. of Data Rows : 801
fcross              =  8.18485e+05
Note: Starting dynamic gmin stepping
Warning: Dynamic gmin stepping failed
Note: Starting true gmin stepping
Note: True gmin stepping completed
pmarg               =  6.27073e+01
tdc                 =  7.85895e+01
mode=3db  rload=10k  rsrc=2.611k  pos=1  C=3.3n
fcross = 8.184855e+05
pmarg = 6.270728e+01
tdc = 7.858953e+01
Doing analysis at TEMP = 27.000000 and TNOM = 27.000000

Using SPARSE 1.3 as Direct Linear Solver

No. of Data Rows : 801
fcross              =  7.75406e+05
Note: Starting dynamic gmin stepping
Warning: Dynamic gmin stepping failed
Note: Starting true gmin stepping
Note: True gmin stepping completed
pmarg               =  6.33501e+01
tdc                 =  7.85896e+01
mode=3db  rload=10k  rsrc=2.611k  pos=1  C=4.7n
fcross = 7.754056e+05
pmarg = 6.335015e+01
tdc = 7.858963e+01
Doing analysis at TEMP = 27.000000 and TNOM = 27.000000

Using SPARSE 1.3 as Direct Linear Solver

No. of Data Rows : 801
fcross              =  8.70315e+05
Note: Starting dynamic gmin stepping
Warning: Dynamic gmin stepping failed
Note: Starting true gmin stepping
Note: True gmin stepping completed
pmarg               =  7.32481e+01
tdc                 =  7.85893e+01
mode=3db  rload=10k  rsrc=2.611k  pos=2  C=1f
fcross = 8.703155e+05
pmarg = 7.324812e+01
tdc = 7.858930e+01
Doing analysis at TEMP = 27.000000 and TNOM = 27.000000

Using SPARSE 1.3 as Direct Linear Solver

No. of Data Rows : 801
fcross              =  8.72679e+05
Note: Starting dynamic gmin stepping
Warning: Dynamic gmin stepping failed
Note: Starting true gmin stepping
Note: True gmin stepping completed
pmarg               =  7.29545e+01
tdc                 =  7.85893e+01
mode=3db  rload=10k  rsrc=2.611k  pos=2  C=47p
fcross = 8.726790e+05
pmarg = 7.295451e+01
tdc = 7.858930e+01
Doing analysis at TEMP = 27.000000 and TNOM = 27.000000

Using SPARSE 1.3 as Direct Linear Solver
 Reference value :  1.00000e+00
No. of Data Rows : 801
fcross              =  8.75381e+05
Note: Starting dynamic gmin stepping
Warning: Dynamic gmin stepping failed
Note: Starting true gmin stepping
Note: True gmin stepping completed
pmarg               =  7.26193e+01
tdc                 =  7.85893e+01
mode=3db  rload=10k  rsrc=2.611k  pos=2  C=100p
fcross = 8.753808e+05
pmarg = 7.261932e+01
tdc = 7.858930e+01
Doing analysis at TEMP = 27.000000 and TNOM = 27.000000

Using SPARSE 1.3 as Direct Linear Solver

No. of Data Rows : 801
fcross              =  8.81575e+05
Note: Starting dynamic gmin stepping
Warning: Dynamic gmin stepping failed
Note: Starting true gmin stepping
Note: True gmin stepping completed
pmarg               =  7.18457e+01
tdc                 =  7.85893e+01
mode=3db  rload=10k  rsrc=2.611k  pos=2  C=220p
fcross = 8.815754e+05
pmarg = 7.184568e+01
tdc = 7.858930e+01
Doing analysis at TEMP = 27.000000 and TNOM = 27.000000

Using SPARSE 1.3 as Direct Linear Solver

No. of Data Rows : 801
fcross              =  8.94911e+05
Note: Starting dynamic gmin stepping
Warning: Dynamic gmin stepping failed
Note: Starting true gmin stepping
Note: True gmin stepping completed
pmarg               =  7.01628e+01
tdc                 =  7.85893e+01
mode=3db  rload=10k  rsrc=2.611k  pos=2  C=470p
fcross = 8.949106e+05
pmarg = 7.016283e+01
tdc = 7.858929e+01
Doing analysis at TEMP = 27.000000 and TNOM = 27.000000

Using SPARSE 1.3 as Direct Linear Solver

No. of Data Rows : 801
fcross              =  9.25632e+05
Note: Starting dynamic gmin stepping
Warning: Dynamic gmin stepping failed
Note: Starting true gmin stepping
Note: True gmin stepping completed
pmarg               =  6.62237e+01
tdc                 =  7.85893e+01
mode=3db  rload=10k  rsrc=2.611k  pos=2  C=1n
fcross = 9.256315e+05
pmarg = 6.622368e+01
tdc = 7.858928e+01
Doing analysis at TEMP = 27.000000 and TNOM = 27.000000

Using SPARSE 1.3 as Direct Linear Solver

No. of Data Rows : 801
fcross              =  9.57701e+05
Note: Starting dynamic gmin stepping
Warning: Dynamic gmin stepping failed
Note: Starting true gmin stepping
Note: True gmin stepping completed
pmarg               =  6.19627e+01
tdc                 =  7.85893e+01
mode=3db  rload=10k  rsrc=2.611k  pos=2  C=1.5n
fcross = 9.577010e+05
pmarg = 6.196268e+01
tdc = 7.858927e+01
Doing analysis at TEMP = 27.000000 and TNOM = 27.000000

Using SPARSE 1.3 as Direct Linear Solver

No. of Data Rows : 801
fcross              =  1.00734e+06
Note: Starting dynamic gmin stepping
Warning: Dynamic gmin stepping failed
Note: Starting true gmin stepping
Note: True gmin stepping completed
pmarg               =  5.49051e+01
tdc                 =  7.85893e+01
mode=3db  rload=10k  rsrc=2.611k  pos=2  C=2.2n
fcross = 1.007343e+06
pmarg = 5.490514e+01
tdc = 7.858926e+01
Doing analysis at TEMP = 27.000000 and TNOM = 27.000000

Using SPARSE 1.3 as Direct Linear Solver

No. of Data Rows : 801
fcross              =  1.04381e+06
Note: Starting dynamic gmin stepping
Warning: Dynamic gmin stepping failed
Note: Starting true gmin stepping
Note: True gmin stepping completed
pmarg               =  4.90473e+01
tdc                 =  7.85892e+01
mode=3db  rload=10k  rsrc=2.611k  pos=2  C=2.7n
fcross = 1.043810e+06
pmarg = 4.904725e+01
tdc = 7.858925e+01
Doing analysis at TEMP = 27.000000 and TNOM = 27.000000

Using SPARSE 1.3 as Direct Linear Solver

No. of Data Rows : 801
fcross              =  1.08201e+06
Note: Starting dynamic gmin stepping
Warning: Dynamic gmin stepping failed
Note: Starting true gmin stepping
Note: True gmin stepping completed
pmarg               =  4.14415e+01
tdc                 =  7.85892e+01
mode=3db  rload=10k  rsrc=2.611k  pos=2  C=3.3n
fcross = 1.082013e+06
pmarg = 4.144151e+01
tdc = 7.858924e+01
Doing analysis at TEMP = 27.000000 and TNOM = 27.000000

Using SPARSE 1.3 as Direct Linear Solver

No. of Data Rows : 801
fcross              =  1.10498e+06
pmarg               =  2.63958e+01
tdc                 =  7.85892e+01
mode=3db  rload=10k  rsrc=2.611k  pos=2  C=4.7n
fcross = 1.104977e+06
pmarg = 2.639577e+01
tdc = 7.858921e+01
Doing analysis at TEMP = 27.000000 and TNOM = 27.000000

Using SPARSE 1.3 as Direct Linear Solver

No. of Data Rows : 801
fcross              =  4.86721e+05
pmarg               =  1.07820e+02
tdc                 =  7.12617e+01
mode=10db  rload=100k  rsrc=1m  pos=1  C=1f
fcross = 4.867206e+05
pmarg = 1.078195e+02
tdc = 7.126175e+01
Doing analysis at TEMP = 27.000000 and TNOM = 27.000000

Using SPARSE 1.3 as Direct Linear Solver

No. of Data Rows : 801
fcross              =  4.87442e+05
pmarg               =  1.07693e+02
tdc                 =  7.12617e+01
mode=10db  rload=100k  rsrc=1m  pos=1  C=47p
fcross = 4.874424e+05
pmarg = 1.076934e+02
tdc = 7.126175e+01
Doing analysis at TEMP = 27.000000 and TNOM = 27.000000

Using SPARSE 1.3 as Direct Linear Solver

No. of Data Rows : 801
fcross              =  4.88224e+05
pmarg               =  1.07550e+02
tdc                 =  7.12617e+01
mode=10db  rload=100k  rsrc=1m  pos=1  C=100p
fcross = 4.882244e+05
pmarg = 1.075505e+02
tdc = 7.126175e+01
Doing analysis at TEMP = 27.000000 and TNOM = 27.000000

Using SPARSE 1.3 as Direct Linear Solver

No. of Data Rows : 801
fcross              =  4.89867e+05
pmarg               =  1.07225e+02
tdc                 =  7.12617e+01
mode=10db  rload=100k  rsrc=1m  pos=1  C=220p
fcross = 4.898667e+05
pmarg = 1.072246e+02
tdc = 7.126175e+01
Doing analysis at TEMP = 27.000000 and TNOM = 27.000000

Using SPARSE 1.3 as Direct Linear Solver

No. of Data Rows : 801
fcross              =  4.92742e+05
pmarg               =  1.06536e+02
tdc                 =  7.12617e+01
mode=10db  rload=100k  rsrc=1m  pos=1  C=470p
fcross = 4.927422e+05
pmarg = 1.065356e+02
tdc = 7.126175e+01
Doing analysis at TEMP = 27.000000 and TNOM = 27.000000

Using SPARSE 1.3 as Direct Linear Solver

No. of Data Rows : 801
fcross              =  4.95644e+05
pmarg               =  1.05106e+02
tdc                 =  7.12617e+01
mode=10db  rload=100k  rsrc=1m  pos=1  C=1n
fcross = 4.956440e+05
pmarg = 1.051056e+02
tdc = 7.126175e+01
Doing analysis at TEMP = 27.000000 and TNOM = 27.000000

Using SPARSE 1.3 as Direct Linear Solver

No. of Data Rows : 801
fcross              =  4.94298e+05
pmarg               =  1.03875e+02
tdc                 =  7.12617e+01
mode=10db  rload=100k  rsrc=1m  pos=1  C=1.5n
fcross = 4.942977e+05
pmarg = 1.038752e+02
tdc = 7.126175e+01
Doing analysis at TEMP = 27.000000 and TNOM = 27.000000

Using SPARSE 1.3 as Direct Linear Solver

No. of Data Rows : 801
fcross              =  4.86877e+05
pmarg               =  1.02459e+02
tdc                 =  7.12617e+01
mode=10db  rload=100k  rsrc=1m  pos=1  C=2.2n
fcross = 4.868775e+05
pmarg = 1.024586e+02
tdc = 7.126174e+01
Doing analysis at TEMP = 27.000000 and TNOM = 27.000000

Using SPARSE 1.3 as Direct Linear Solver

No. of Data Rows : 801
fcross              =  4.78985e+05
pmarg               =  1.01680e+02
tdc                 =  7.12617e+01
mode=10db  rload=100k  rsrc=1m  pos=1  C=2.7n
fcross = 4.789853e+05
pmarg = 1.016799e+02
tdc = 7.126174e+01
Doing analysis at TEMP = 27.000000 and TNOM = 27.000000

Using SPARSE 1.3 as Direct Linear Solver

No. of Data Rows : 801
fcross              =  4.68228e+05
pmarg               =  1.00964e+02
tdc                 =  7.12617e+01
mode=10db  rload=100k  rsrc=1m  pos=1  C=3.3n
fcross = 4.682281e+05
pmarg = 1.009642e+02
tdc = 7.126174e+01
Doing analysis at TEMP = 27.000000 and TNOM = 27.000000

Using SPARSE 1.3 as Direct Linear Solver

No. of Data Rows : 801
fcross              =  4.42830e+05
pmarg               =  9.99592e+01
tdc                 =  7.12617e+01
mode=10db  rload=100k  rsrc=1m  pos=1  C=4.7n
fcross = 4.428298e+05
pmarg = 9.995924e+01
tdc = 7.126174e+01
Doing analysis at TEMP = 27.000000 and TNOM = 27.000000

Using SPARSE 1.3 as Direct Linear Solver

No. of Data Rows : 801
fcross              =  4.86721e+05
pmarg               =  1.07820e+02
tdc                 =  7.12617e+01
mode=10db  rload=100k  rsrc=1m  pos=2  C=1f
fcross = 4.867206e+05
pmarg = 1.078195e+02
tdc = 7.126175e+01
Doing analysis at TEMP = 27.000000 and TNOM = 27.000000

Using SPARSE 1.3 as Direct Linear Solver

No. of Data Rows : 801
fcross              =  4.87457e+05
pmarg               =  1.07693e+02
tdc                 =  7.12617e+01
mode=10db  rload=100k  rsrc=1m  pos=2  C=47p
fcross = 4.874569e+05
pmarg = 1.076932e+02
tdc = 7.126175e+01
Doing analysis at TEMP = 27.000000 and TNOM = 27.000000

Using SPARSE 1.3 as Direct Linear Solver

No. of Data Rows : 801
fcross              =  4.88289e+05
pmarg               =  1.07550e+02
tdc                 =  7.12617e+01
mode=10db  rload=100k  rsrc=1m  pos=2  C=100p
fcross = 4.882886e+05
pmarg = 1.075502e+02
tdc = 7.126175e+01
Doing analysis at TEMP = 27.000000 and TNOM = 27.000000

Using SPARSE 1.3 as Direct Linear Solver

No. of Data Rows : 801
fcross              =  4.90189e+05
pmarg               =  1.07223e+02
tdc                 =  7.12617e+01
mode=10db  rload=100k  rsrc=1m  pos=2  C=220p
fcross = 4.901885e+05
pmarg = 1.072228e+02
tdc = 7.126175e+01
Doing analysis at TEMP = 27.000000 and TNOM = 27.000000

Using SPARSE 1.3 as Direct Linear Solver

No. of Data Rows : 801
fcross              =  4.94266e+05
pmarg               =  1.06523e+02
tdc                 =  7.12617e+01
mode=10db  rload=100k  rsrc=1m  pos=2  C=470p
fcross = 4.942657e+05
pmarg = 1.065227e+02
tdc = 7.126174e+01
Doing analysis at TEMP = 27.000000 and TNOM = 27.000000

Using SPARSE 1.3 as Direct Linear Solver

No. of Data Rows : 801
fcross              =  5.03049e+05
pmarg               =  1.04979e+02
tdc                 =  7.12617e+01
mode=10db  rload=100k  rsrc=1m  pos=2  C=1n
fcross = 5.030488e+05
pmarg = 1.049789e+02
tdc = 7.126173e+01
Doing analysis at TEMP = 27.000000 and TNOM = 27.000000

Using SPARSE 1.3 as Direct Linear Solver

No. of Data Rows : 801
fcross              =  5.11616e+05
pmarg               =  1.03436e+02
tdc                 =  7.12617e+01
mode=10db  rload=100k  rsrc=1m  pos=2  C=1.5n
fcross = 5.116159e+05
pmarg = 1.034360e+02
tdc = 7.126172e+01
Doing analysis at TEMP = 27.000000 and TNOM = 27.000000

Using SPARSE 1.3 as Direct Linear Solver

No. of Data Rows : 801
fcross              =  5.23976e+05
pmarg               =  1.01128e+02
tdc                 =  7.12617e+01
mode=10db  rload=100k  rsrc=1m  pos=2  C=2.2n
fcross = 5.239758e+05
pmarg = 1.011278e+02
tdc = 7.126171e+01
Doing analysis at TEMP = 27.000000 and TNOM = 27.000000

Using SPARSE 1.3 as Direct Linear Solver

No. of Data Rows : 801
fcross              =  5.33008e+05
pmarg               =  9.93672e+01
tdc                 =  7.12617e+01
mode=10db  rload=100k  rsrc=1m  pos=2  C=2.7n
fcross = 5.330083e+05
pmarg = 9.936722e+01
tdc = 7.126170e+01
Doing analysis at TEMP = 27.000000 and TNOM = 27.000000

Using SPARSE 1.3 as Direct Linear Solver

No. of Data Rows : 801
fcross              =  5.43816e+05
pmarg               =  9.71386e+01
tdc                 =  7.12617e+01
mode=10db  rload=100k  rsrc=1m  pos=2  C=3.3n
fcross = 5.438156e+05
pmarg = 9.713865e+01
tdc = 7.126169e+01
Doing analysis at TEMP = 27.000000 and TNOM = 27.000000

Using SPARSE 1.3 as Direct Linear Solver

No. of Data Rows : 801
fcross              =  5.67263e+05
pmarg               =  9.15232e+01
tdc                 =  7.12617e+01
mode=10db  rload=100k  rsrc=1m  pos=2  C=4.7n
fcross = 5.672631e+05
pmarg = 9.152325e+01
tdc = 7.126167e+01
Doing analysis at TEMP = 27.000000 and TNOM = 27.000000

Using SPARSE 1.3 as Direct Linear Solver

No. of Data Rows : 801
fcross              =  4.86700e+05
pmarg               =  1.07667e+02
tdc                 =  7.12617e+01
mode=10db  rload=100k  rsrc=1k  pos=1  C=1f
fcross = 4.867001e+05
pmarg = 1.076669e+02
tdc = 7.126175e+01
Doing analysis at TEMP = 27.000000 and TNOM = 27.000000

Using SPARSE 1.3 as Direct Linear Solver

No. of Data Rows : 801
fcross              =  4.87422e+05
pmarg               =  1.07541e+02
tdc                 =  7.12617e+01
mode=10db  rload=100k  rsrc=1k  pos=1  C=47p
fcross = 4.874218e+05
pmarg = 1.075405e+02
tdc = 7.126175e+01
Doing analysis at TEMP = 27.000000 and TNOM = 27.000000

Using SPARSE 1.3 as Direct Linear Solver

No. of Data Rows : 801
fcross              =  4.88204e+05
pmarg               =  1.07397e+02
tdc                 =  7.12617e+01
mode=10db  rload=100k  rsrc=1k  pos=1  C=100p
fcross = 4.882037e+05
pmarg = 1.073974e+02
tdc = 7.126175e+01
Doing analysis at TEMP = 27.000000 and TNOM = 27.000000

Using SPARSE 1.3 as Direct Linear Solver

No. of Data Rows : 801
fcross              =  4.89845e+05
pmarg               =  1.07071e+02
tdc                 =  7.12617e+01
mode=10db  rload=100k  rsrc=1k  pos=1  C=220p
fcross = 4.898450e+05
pmarg = 1.070711e+02
tdc = 7.126175e+01
Doing analysis at TEMP = 27.000000 and TNOM = 27.000000

Using SPARSE 1.3 as Direct Linear Solver

No. of Data Rows : 801
fcross              =  4.92720e+05
pmarg               =  1.06381e+02
tdc                 =  7.12617e+01
mode=10db  rload=100k  rsrc=1k  pos=1  C=470p
fcross = 4.927200e+05
pmarg = 1.063812e+02
tdc = 7.126175e+01
Doing analysis at TEMP = 27.000000 and TNOM = 27.000000

Using SPARSE 1.3 as Direct Linear Solver

No. of Data Rows : 801
fcross              =  4.95621e+05
pmarg               =  1.04950e+02
tdc                 =  7.12617e+01
mode=10db  rload=100k  rsrc=1k  pos=1  C=1n
fcross = 4.956215e+05
pmarg = 1.049503e+02
tdc = 7.126175e+01
Doing analysis at TEMP = 27.000000 and TNOM = 27.000000

Using SPARSE 1.3 as Direct Linear Solver

No. of Data Rows : 801
fcross              =  4.94276e+05
pmarg               =  1.03720e+02
tdc                 =  7.12617e+01
mode=10db  rload=100k  rsrc=1k  pos=1  C=1.5n
fcross = 4.942755e+05
pmarg = 1.037205e+02
tdc = 7.126175e+01
Doing analysis at TEMP = 27.000000 and TNOM = 27.000000

Using SPARSE 1.3 as Direct Linear Solver

No. of Data Rows : 801
fcross              =  4.86857e+05
pmarg               =  1.02306e+02
tdc                 =  7.12617e+01
mode=10db  rload=100k  rsrc=1k  pos=1  C=2.2n
fcross = 4.868574e+05
pmarg = 1.023062e+02
tdc = 7.126174e+01
Doing analysis at TEMP = 27.000000 and TNOM = 27.000000

Using SPARSE 1.3 as Direct Linear Solver

No. of Data Rows : 801
fcross              =  4.78967e+05
pmarg               =  1.01530e+02
tdc                 =  7.12617e+01
mode=10db  rload=100k  rsrc=1k  pos=1  C=2.7n
fcross = 4.789665e+05
pmarg = 1.015299e+02
tdc = 7.126174e+01
Doing analysis at TEMP = 27.000000 and TNOM = 27.000000

Using SPARSE 1.3 as Direct Linear Solver

No. of Data Rows : 801
fcross              =  4.68211e+05
pmarg               =  1.00818e+02
tdc                 =  7.12617e+01
mode=10db  rload=100k  rsrc=1k  pos=1  C=3.3n
fcross = 4.682114e+05
pmarg = 1.008176e+02
tdc = 7.126174e+01
Doing analysis at TEMP = 27.000000 and TNOM = 27.000000

Using SPARSE 1.3 as Direct Linear Solver

No. of Data Rows : 801
fcross              =  4.42817e+05
pmarg               =  9.98204e+01
tdc                 =  7.12617e+01
mode=10db  rload=100k  rsrc=1k  pos=1  C=4.7n
fcross = 4.428170e+05
pmarg = 9.982037e+01
tdc = 7.126174e+01
Doing analysis at TEMP = 27.000000 and TNOM = 27.000000

Using SPARSE 1.3 as Direct Linear Solver

No. of Data Rows : 801
fcross              =  4.86700e+05
pmarg               =  1.07667e+02
tdc                 =  7.12617e+01
mode=10db  rload=100k  rsrc=1k  pos=2  C=1f
fcross = 4.867001e+05
pmarg = 1.076669e+02
tdc = 7.126175e+01
Doing analysis at TEMP = 27.000000 and TNOM = 27.000000

Using SPARSE 1.3 as Direct Linear Solver

No. of Data Rows : 801
fcross              =  4.87436e+05
pmarg               =  1.07540e+02
tdc                 =  7.12617e+01
mode=10db  rload=100k  rsrc=1k  pos=2  C=47p
fcross = 4.874363e+05
pmarg = 1.075404e+02
tdc = 7.126175e+01
Doing analysis at TEMP = 27.000000 and TNOM = 27.000000

Using SPARSE 1.3 as Direct Linear Solver

No. of Data Rows : 801
fcross              =  4.88268e+05
pmarg               =  1.07397e+02
tdc                 =  7.12617e+01
mode=10db  rload=100k  rsrc=1k  pos=2  C=100p
fcross = 4.882679e+05
pmarg = 1.073970e+02
tdc = 7.126175e+01
Doing analysis at TEMP = 27.000000 and TNOM = 27.000000

Using SPARSE 1.3 as Direct Linear Solver

No. of Data Rows : 801
fcross              =  4.90167e+05
pmarg               =  1.07069e+02
tdc                 =  7.12617e+01
mode=10db  rload=100k  rsrc=1k  pos=2  C=220p
fcross = 4.901668e+05
pmarg = 1.070692e+02
tdc = 7.126175e+01
Doing analysis at TEMP = 27.000000 and TNOM = 27.000000

Using SPARSE 1.3 as Direct Linear Solver

No. of Data Rows : 801
fcross              =  4.94243e+05
pmarg               =  1.06368e+02
tdc                 =  7.12617e+01
mode=10db  rload=100k  rsrc=1k  pos=2  C=470p
fcross = 4.942433e+05
pmarg = 1.063678e+02
tdc = 7.126174e+01
Doing analysis at TEMP = 27.000000 and TNOM = 27.000000

Using SPARSE 1.3 as Direct Linear Solver

No. of Data Rows : 801
fcross              =  5.03024e+05
pmarg               =  1.04821e+02
tdc                 =  7.12617e+01
mode=10db  rload=100k  rsrc=1k  pos=2  C=1n
fcross = 5.030240e+05
pmarg = 1.048214e+02
tdc = 7.126173e+01
Doing analysis at TEMP = 27.000000 and TNOM = 27.000000

Using SPARSE 1.3 as Direct Linear Solver

No. of Data Rows : 801
fcross              =  5.11589e+05
pmarg               =  1.03276e+02
tdc                 =  7.12617e+01
mode=10db  rload=100k  rsrc=1k  pos=2  C=1.5n
fcross = 5.115895e+05
pmarg = 1.032760e+02
tdc = 7.126172e+01
Doing analysis at TEMP = 27.000000 and TNOM = 27.000000

Using SPARSE 1.3 as Direct Linear Solver

No. of Data Rows : 801
fcross              =  5.23946e+05
pmarg               =  1.00964e+02
tdc                 =  7.12617e+01
mode=10db  rload=100k  rsrc=1k  pos=2  C=2.2n
fcross = 5.239459e+05
pmarg = 1.009641e+02
tdc = 7.126171e+01
Doing analysis at TEMP = 27.000000 and TNOM = 27.000000

Using SPARSE 1.3 as Direct Linear Solver

No. of Data Rows : 801
fcross              =  5.32975e+05
pmarg               =  9.92009e+01
tdc                 =  7.12617e+01
mode=10db  rload=100k  rsrc=1k  pos=2  C=2.7n
fcross = 5.329752e+05
pmarg = 9.920095e+01
tdc = 7.126170e+01
Doing analysis at TEMP = 27.000000 and TNOM = 27.000000

Using SPARSE 1.3 as Direct Linear Solver

No. of Data Rows : 801
fcross              =  5.43779e+05
pmarg               =  9.69693e+01
tdc                 =  7.12617e+01
mode=10db  rload=100k  rsrc=1k  pos=2  C=3.3n
fcross = 5.437786e+05
pmarg = 9.696934e+01
tdc = 7.126169e+01
Doing analysis at TEMP = 27.000000 and TNOM = 27.000000

Using SPARSE 1.3 as Direct Linear Solver
 Reference value :  1.58489e+06
No. of Data Rows : 801
fcross              =  5.67217e+05
pmarg               =  9.13476e+01
tdc                 =  7.12617e+01
mode=10db  rload=100k  rsrc=1k  pos=2  C=4.7n
fcross = 5.672168e+05
pmarg = 9.134760e+01
tdc = 7.126167e+01
Doing analysis at TEMP = 27.000000 and TNOM = 27.000000

Using SPARSE 1.3 as Direct Linear Solver

No. of Data Rows : 801
fcross              =  4.86628e+05
pmarg               =  1.07439e+02
tdc                 =  7.12617e+01
mode=10db  rload=100k  rsrc=2.5k  pos=1  C=1f
fcross = 4.866279e+05
pmarg = 1.074393e+02
tdc = 7.126175e+01
Doing analysis at TEMP = 27.000000 and TNOM = 27.000000

Using SPARSE 1.3 as Direct Linear Solver

No. of Data Rows : 801
fcross              =  4.87349e+05
pmarg               =  1.07313e+02
tdc                 =  7.12617e+01
mode=10db  rload=100k  rsrc=2.5k  pos=1  C=47p
fcross = 4.873492e+05
pmarg = 1.073127e+02
tdc = 7.126175e+01
Doing analysis at TEMP = 27.000000 and TNOM = 27.000000

Using SPARSE 1.3 as Direct Linear Solver

No. of Data Rows : 801
fcross              =  4.88131e+05
pmarg               =  1.07169e+02
tdc                 =  7.12617e+01
mode=10db  rload=100k  rsrc=2.5k  pos=1  C=100p
fcross = 4.881307e+05
pmarg = 1.071692e+02
tdc = 7.126175e+01
Doing analysis at TEMP = 27.000000 and TNOM = 27.000000

Using SPARSE 1.3 as Direct Linear Solver

No. of Data Rows : 801
fcross              =  4.89769e+05
pmarg               =  1.06842e+02
tdc                 =  7.12617e+01
mode=10db  rload=100k  rsrc=2.5k  pos=1  C=220p
fcross = 4.897691e+05
pmarg = 1.068423e+02
tdc = 7.126175e+01
Doing analysis at TEMP = 27.000000 and TNOM = 27.000000

Using SPARSE 1.3 as Direct Linear Solver

No. of Data Rows : 801
fcross              =  4.92642e+05
pmarg               =  1.06151e+02
tdc                 =  7.12617e+01
mode=10db  rload=100k  rsrc=2.5k  pos=1  C=470p
fcross = 4.926421e+05
pmarg = 1.061513e+02
tdc = 7.126175e+01
Doing analysis at TEMP = 27.000000 and TNOM = 27.000000

Using SPARSE 1.3 as Direct Linear Solver

No. of Data Rows : 801
fcross              =  4.95542e+05
pmarg               =  1.04719e+02
tdc                 =  7.12617e+01
mode=10db  rload=100k  rsrc=2.5k  pos=1  C=1n
fcross = 4.955419e+05
pmarg = 1.047193e+02
tdc = 7.126175e+01
Doing analysis at TEMP = 27.000000 and TNOM = 27.000000

Using SPARSE 1.3 as Direct Linear Solver

No. of Data Rows : 801
fcross              =  4.94197e+05
pmarg               =  1.03490e+02
tdc                 =  7.12617e+01
mode=10db  rload=100k  rsrc=2.5k  pos=1  C=1.5n
fcross = 4.941971e+05
pmarg = 1.034903e+02
tdc = 7.126175e+01
Doing analysis at TEMP = 27.000000 and TNOM = 27.000000

Using SPARSE 1.3 as Direct Linear Solver

No. of Data Rows : 801
fcross              =  4.86786e+05
pmarg               =  1.02079e+02
tdc                 =  7.12617e+01
mode=10db  rload=100k  rsrc=2.5k  pos=1  C=2.2n
fcross = 4.867861e+05
pmarg = 1.020794e+02
tdc = 7.126174e+01
Doing analysis at TEMP = 27.000000 and TNOM = 27.000000

Using SPARSE 1.3 as Direct Linear Solver

No. of Data Rows : 801
fcross              =  4.78900e+05
pmarg               =  1.01307e+02
tdc                 =  7.12617e+01
mode=10db  rload=100k  rsrc=2.5k  pos=1  C=2.7n
fcross = 4.788997e+05
pmarg = 1.013068e+02
tdc = 7.126174e+01
Doing analysis at TEMP = 27.000000 and TNOM = 27.000000

Using SPARSE 1.3 as Direct Linear Solver

No. of Data Rows : 801
fcross              =  4.68152e+05
pmarg               =  1.00599e+02
tdc                 =  7.12617e+01
mode=10db  rload=100k  rsrc=2.5k  pos=1  C=3.3n
fcross = 4.681517e+05
pmarg = 1.005993e+02
tdc = 7.126174e+01
Doing analysis at TEMP = 27.000000 and TNOM = 27.000000

Using SPARSE 1.3 as Direct Linear Solver

No. of Data Rows : 801
fcross              =  4.42771e+05
pmarg               =  9.96134e+01
tdc                 =  7.12617e+01
mode=10db  rload=100k  rsrc=2.5k  pos=1  C=4.7n
fcross = 4.427715e+05
pmarg = 9.961338e+01
tdc = 7.126174e+01
Doing analysis at TEMP = 27.000000 and TNOM = 27.000000

Using SPARSE 1.3 as Direct Linear Solver

No. of Data Rows : 801
fcross              =  4.86628e+05
pmarg               =  1.07439e+02
tdc                 =  7.12617e+01
mode=10db  rload=100k  rsrc=2.5k  pos=2  C=1f
fcross = 4.866279e+05
pmarg = 1.074393e+02
tdc = 7.126175e+01
Doing analysis at TEMP = 27.000000 and TNOM = 27.000000

Using SPARSE 1.3 as Direct Linear Solver

No. of Data Rows : 801
fcross              =  4.87364e+05
pmarg               =  1.07312e+02
tdc                 =  7.12617e+01
mode=10db  rload=100k  rsrc=2.5k  pos=2  C=47p
fcross = 4.873638e+05
pmarg = 1.073125e+02
tdc = 7.126175e+01
Doing analysis at TEMP = 27.000000 and TNOM = 27.000000

Using SPARSE 1.3 as Direct Linear Solver

No. of Data Rows : 801
fcross              =  4.88195e+05
pmarg               =  1.07169e+02
tdc                 =  7.12617e+01
mode=10db  rload=100k  rsrc=2.5k  pos=2  C=100p
fcross = 4.881948e+05
pmarg = 1.071688e+02
tdc = 7.126175e+01
Doing analysis at TEMP = 27.000000 and TNOM = 27.000000

Using SPARSE 1.3 as Direct Linear Solver

No. of Data Rows : 801
fcross              =  4.90090e+05
pmarg               =  1.06840e+02
tdc                 =  7.12617e+01
mode=10db  rload=100k  rsrc=2.5k  pos=2  C=220p
fcross = 4.900904e+05
pmarg = 1.068403e+02
tdc = 7.126175e+01
Doing analysis at TEMP = 27.000000 and TNOM = 27.000000

Using SPARSE 1.3 as Direct Linear Solver

No. of Data Rows : 801
fcross              =  4.94164e+05
pmarg               =  1.06137e+02
tdc                 =  7.12617e+01
mode=10db  rload=100k  rsrc=2.5k  pos=2  C=470p
fcross = 4.941643e+05
pmarg = 1.061372e+02
tdc = 7.126174e+01
Doing analysis at TEMP = 27.000000 and TNOM = 27.000000

Using SPARSE 1.3 as Direct Linear Solver

No. of Data Rows : 801
fcross              =  5.02937e+05
pmarg               =  1.04587e+02
tdc                 =  7.12617e+01
mode=10db  rload=100k  rsrc=2.5k  pos=2  C=1n
fcross = 5.029366e+05
pmarg = 1.045872e+02
tdc = 7.126173e+01
Doing analysis at TEMP = 27.000000 and TNOM = 27.000000

Using SPARSE 1.3 as Direct Linear Solver

No. of Data Rows : 801
fcross              =  5.11496e+05
pmarg               =  1.03038e+02
tdc                 =  7.12617e+01
mode=10db  rload=100k  rsrc=2.5k  pos=2  C=1.5n
fcross = 5.114960e+05
pmarg = 1.030381e+02
tdc = 7.126172e+01
Doing analysis at TEMP = 27.000000 and TNOM = 27.000000

Using SPARSE 1.3 as Direct Linear Solver

No. of Data Rows : 801
fcross              =  5.23840e+05
pmarg               =  1.00721e+02
tdc                 =  7.12617e+01
mode=10db  rload=100k  rsrc=2.5k  pos=2  C=2.2n
fcross = 5.238398e+05
pmarg = 1.007215e+02
tdc = 7.126171e+01
Doing analysis at TEMP = 27.000000 and TNOM = 27.000000

Using SPARSE 1.3 as Direct Linear Solver

No. of Data Rows : 801
fcross              =  5.32858e+05
pmarg               =  9.89550e+01
tdc                 =  7.12617e+01
mode=10db  rload=100k  rsrc=2.5k  pos=2  C=2.7n
fcross = 5.328577e+05
pmarg = 9.895502e+01
tdc = 7.126170e+01
Doing analysis at TEMP = 27.000000 and TNOM = 27.000000

Using SPARSE 1.3 as Direct Linear Solver

No. of Data Rows : 801
fcross              =  5.43647e+05
pmarg               =  9.67196e+01
tdc                 =  7.12617e+01
mode=10db  rload=100k  rsrc=2.5k  pos=2  C=3.3n
fcross = 5.436468e+05
pmarg = 9.671963e+01
tdc = 7.126169e+01
Doing analysis at TEMP = 27.000000 and TNOM = 27.000000

Using SPARSE 1.3 as Direct Linear Solver

No. of Data Rows : 801
fcross              =  5.67051e+05
pmarg               =  9.10907e+01
tdc                 =  7.12617e+01
mode=10db  rload=100k  rsrc=2.5k  pos=2  C=4.7n
fcross = 5.670507e+05
pmarg = 9.109068e+01
tdc = 7.126167e+01
Doing analysis at TEMP = 27.000000 and TNOM = 27.000000

Using SPARSE 1.3 as Direct Linear Solver

No. of Data Rows : 801
fcross              =  4.86623e+05
pmarg               =  1.07429e+02
tdc                 =  7.12617e+01
mode=10db  rload=100k  rsrc=2.571k  pos=1  C=1f
fcross = 4.866233e+05
pmarg = 1.074286e+02
tdc = 7.126175e+01
Doing analysis at TEMP = 27.000000 and TNOM = 27.000000

Using SPARSE 1.3 as Direct Linear Solver

No. of Data Rows : 801
fcross              =  4.87345e+05
pmarg               =  1.07302e+02
tdc                 =  7.12617e+01
mode=10db  rload=100k  rsrc=2.571k  pos=1  C=47p
fcross = 4.873446e+05
pmarg = 1.073019e+02
tdc = 7.126175e+01
Doing analysis at TEMP = 27.000000 and TNOM = 27.000000

Using SPARSE 1.3 as Direct Linear Solver

No. of Data Rows : 801
fcross              =  4.88126e+05
pmarg               =  1.07158e+02
tdc                 =  7.12617e+01
mode=10db  rload=100k  rsrc=2.571k  pos=1  C=100p
fcross = 4.881260e+05
pmarg = 1.071584e+02
tdc = 7.126175e+01
Doing analysis at TEMP = 27.000000 and TNOM = 27.000000

Using SPARSE 1.3 as Direct Linear Solver

No. of Data Rows : 801
fcross              =  4.89764e+05
pmarg               =  1.06832e+02
tdc                 =  7.12617e+01
mode=10db  rload=100k  rsrc=2.571k  pos=1  C=220p
fcross = 4.897643e+05
pmarg = 1.068315e+02
tdc = 7.126175e+01
Doing analysis at TEMP = 27.000000 and TNOM = 27.000000

Using SPARSE 1.3 as Direct Linear Solver

No. of Data Rows : 801
fcross              =  4.92637e+05
pmarg               =  1.06140e+02
tdc                 =  7.12617e+01
mode=10db  rload=100k  rsrc=2.571k  pos=1  C=470p
fcross = 4.926370e+05
pmarg = 1.061404e+02
tdc = 7.126175e+01
Doing analysis at TEMP = 27.000000 and TNOM = 27.000000

Using SPARSE 1.3 as Direct Linear Solver

No. of Data Rows : 801
fcross              =  4.95537e+05
pmarg               =  1.04708e+02
tdc                 =  7.12617e+01
mode=10db  rload=100k  rsrc=2.571k  pos=1  C=1n
fcross = 4.955368e+05
pmarg = 1.047084e+02
tdc = 7.126175e+01
Doing analysis at TEMP = 27.000000 and TNOM = 27.000000

Using SPARSE 1.3 as Direct Linear Solver

No. of Data Rows : 801
fcross              =  4.94192e+05
pmarg               =  1.03479e+02
tdc                 =  7.12617e+01
mode=10db  rload=100k  rsrc=2.571k  pos=1  C=1.5n
fcross = 4.941921e+05
pmarg = 1.034794e+02
tdc = 7.126175e+01
Doing analysis at TEMP = 27.000000 and TNOM = 27.000000

Using SPARSE 1.3 as Direct Linear Solver

No. of Data Rows : 801
fcross              =  4.86781e+05
pmarg               =  1.02069e+02
tdc                 =  7.12617e+01
mode=10db  rload=100k  rsrc=2.571k  pos=1  C=2.2n
fcross = 4.867815e+05
pmarg = 1.020687e+02
tdc = 7.126174e+01
Doing analysis at TEMP = 27.000000 and TNOM = 27.000000

Using SPARSE 1.3 as Direct Linear Solver

No. of Data Rows : 801
fcross              =  4.78895e+05
pmarg               =  1.01296e+02
tdc                 =  7.12617e+01
mode=10db  rload=100k  rsrc=2.571k  pos=1  C=2.7n
fcross = 4.788954e+05
pmarg = 1.012963e+02
tdc = 7.126174e+01
Doing analysis at TEMP = 27.000000 and TNOM = 27.000000

Using SPARSE 1.3 as Direct Linear Solver

No. of Data Rows : 801
fcross              =  4.68148e+05
pmarg               =  1.00589e+02
tdc                 =  7.12617e+01
mode=10db  rload=100k  rsrc=2.571k  pos=1  C=3.3n
fcross = 4.681479e+05
pmarg = 1.005890e+02
tdc = 7.126174e+01
Doing analysis at TEMP = 27.000000 and TNOM = 27.000000

Using SPARSE 1.3 as Direct Linear Solver

No. of Data Rows : 801
fcross              =  4.42769e+05
pmarg               =  9.96036e+01
tdc                 =  7.12617e+01
mode=10db  rload=100k  rsrc=2.571k  pos=1  C=4.7n
fcross = 4.427686e+05
pmarg = 9.960362e+01
tdc = 7.126174e+01
Doing analysis at TEMP = 27.000000 and TNOM = 27.000000

Using SPARSE 1.3 as Direct Linear Solver

No. of Data Rows : 801
fcross              =  4.86623e+05
pmarg               =  1.07429e+02
tdc                 =  7.12617e+01
mode=10db  rload=100k  rsrc=2.571k  pos=2  C=1f
fcross = 4.866233e+05
pmarg = 1.074286e+02
tdc = 7.126175e+01
Doing analysis at TEMP = 27.000000 and TNOM = 27.000000

Using SPARSE 1.3 as Direct Linear Solver

No. of Data Rows : 801
fcross              =  4.87359e+05
pmarg               =  1.07302e+02
tdc                 =  7.12617e+01
mode=10db  rload=100k  rsrc=2.571k  pos=2  C=47p
fcross = 4.873591e+05
pmarg = 1.073018e+02
tdc = 7.126175e+01
Doing analysis at TEMP = 27.000000 and TNOM = 27.000000

Using SPARSE 1.3 as Direct Linear Solver

No. of Data Rows : 801
fcross              =  4.88190e+05
pmarg               =  1.07158e+02
tdc                 =  7.12617e+01
mode=10db  rload=100k  rsrc=2.571k  pos=2  C=100p
fcross = 4.881901e+05
pmarg = 1.071581e+02
tdc = 7.126175e+01
Doing analysis at TEMP = 27.000000 and TNOM = 27.000000

Using SPARSE 1.3 as Direct Linear Solver

No. of Data Rows : 801
fcross              =  4.90085e+05
pmarg               =  1.06829e+02
tdc                 =  7.12617e+01
mode=10db  rload=100k  rsrc=2.571k  pos=2  C=220p
fcross = 4.900855e+05
pmarg = 1.068295e+02
tdc = 7.126175e+01
Doing analysis at TEMP = 27.000000 and TNOM = 27.000000

Using SPARSE 1.3 as Direct Linear Solver

No. of Data Rows : 801
fcross              =  4.94159e+05
pmarg               =  1.06126e+02
tdc                 =  7.12617e+01
mode=10db  rload=100k  rsrc=2.571k  pos=2  C=470p
fcross = 4.941592e+05
pmarg = 1.061263e+02
tdc = 7.126174e+01
Doing analysis at TEMP = 27.000000 and TNOM = 27.000000

Using SPARSE 1.3 as Direct Linear Solver

No. of Data Rows : 801
fcross              =  5.02931e+05
pmarg               =  1.04576e+02
tdc                 =  7.12617e+01
mode=10db  rload=100k  rsrc=2.571k  pos=2  C=1n
fcross = 5.029309e+05
pmarg = 1.045762e+02
tdc = 7.126173e+01
Doing analysis at TEMP = 27.000000 and TNOM = 27.000000

Using SPARSE 1.3 as Direct Linear Solver

No. of Data Rows : 801
fcross              =  5.11490e+05
pmarg               =  1.03027e+02
tdc                 =  7.12617e+01
mode=10db  rload=100k  rsrc=2.571k  pos=2  C=1.5n
fcross = 5.114900e+05
pmarg = 1.030270e+02
tdc = 7.126172e+01
Doing analysis at TEMP = 27.000000 and TNOM = 27.000000

Using SPARSE 1.3 as Direct Linear Solver

No. of Data Rows : 801
fcross              =  5.23833e+05
pmarg               =  1.00710e+02
tdc                 =  7.12617e+01
mode=10db  rload=100k  rsrc=2.571k  pos=2  C=2.2n
fcross = 5.238330e+05
pmarg = 1.007101e+02
tdc = 7.126171e+01
Doing analysis at TEMP = 27.000000 and TNOM = 27.000000

Using SPARSE 1.3 as Direct Linear Solver

No. of Data Rows : 801
fcross              =  5.32850e+05
pmarg               =  9.89435e+01
tdc                 =  7.12617e+01
mode=10db  rload=100k  rsrc=2.571k  pos=2  C=2.7n
fcross = 5.328501e+05
pmarg = 9.894348e+01
tdc = 7.126170e+01
Doing analysis at TEMP = 27.000000 and TNOM = 27.000000

Using SPARSE 1.3 as Direct Linear Solver

No. of Data Rows : 801
fcross              =  5.43638e+05
pmarg               =  9.67079e+01
tdc                 =  7.12617e+01
mode=10db  rload=100k  rsrc=2.571k  pos=2  C=3.3n
fcross = 5.436383e+05
pmarg = 9.670794e+01
tdc = 7.126169e+01
Doing analysis at TEMP = 27.000000 and TNOM = 27.000000

Using SPARSE 1.3 as Direct Linear Solver

No. of Data Rows : 801
fcross              =  5.67040e+05
pmarg               =  9.10787e+01
tdc                 =  7.12617e+01
mode=10db  rload=100k  rsrc=2.571k  pos=2  C=4.7n
fcross = 5.670400e+05
pmarg = 9.107871e+01
tdc = 7.126167e+01
Doing analysis at TEMP = 27.000000 and TNOM = 27.000000

Using SPARSE 1.3 as Direct Linear Solver

No. of Data Rows : 801
fcross              =  4.86621e+05
pmarg               =  1.07423e+02
tdc                 =  7.12617e+01
mode=10db  rload=100k  rsrc=2.611k  pos=1  C=1f
fcross = 4.866206e+05
pmarg = 1.074226e+02
tdc = 7.126175e+01
Doing analysis at TEMP = 27.000000 and TNOM = 27.000000

Using SPARSE 1.3 as Direct Linear Solver

No. of Data Rows : 801
fcross              =  4.87342e+05
pmarg               =  1.07296e+02
tdc                 =  7.12617e+01
mode=10db  rload=100k  rsrc=2.611k  pos=1  C=47p
fcross = 4.873419e+05
pmarg = 1.072959e+02
tdc = 7.126175e+01
Doing analysis at TEMP = 27.000000 and TNOM = 27.000000

Using SPARSE 1.3 as Direct Linear Solver

No. of Data Rows : 801
fcross              =  4.88123e+05
pmarg               =  1.07152e+02
tdc                 =  7.12617e+01
mode=10db  rload=100k  rsrc=2.611k  pos=1  C=100p
fcross = 4.881233e+05
pmarg = 1.071524e+02
tdc = 7.126175e+01
Doing analysis at TEMP = 27.000000 and TNOM = 27.000000

Using SPARSE 1.3 as Direct Linear Solver

No. of Data Rows : 801
fcross              =  4.89762e+05
pmarg               =  1.06825e+02
tdc                 =  7.12617e+01
mode=10db  rload=100k  rsrc=2.611k  pos=1  C=220p
fcross = 4.897616e+05
pmarg = 1.068254e+02
tdc = 7.126175e+01
Doing analysis at TEMP = 27.000000 and TNOM = 27.000000

Using SPARSE 1.3 as Direct Linear Solver

No. of Data Rows : 801
fcross              =  4.92634e+05
pmarg               =  1.06134e+02
tdc                 =  7.12617e+01
mode=10db  rload=100k  rsrc=2.611k  pos=1  C=470p
fcross = 4.926342e+05
pmarg = 1.061343e+02
tdc = 7.126175e+01
Doing analysis at TEMP = 27.000000 and TNOM = 27.000000

Using SPARSE 1.3 as Direct Linear Solver

No. of Data Rows : 801
fcross              =  4.95534e+05
pmarg               =  1.04702e+02
tdc                 =  7.12617e+01
mode=10db  rload=100k  rsrc=2.611k  pos=1  C=1n
fcross = 4.955338e+05
pmarg = 1.047023e+02
tdc = 7.126175e+01
Doing analysis at TEMP = 27.000000 and TNOM = 27.000000

Using SPARSE 1.3 as Direct Linear Solver

No. of Data Rows : 801
fcross              =  4.94189e+05
pmarg               =  1.03473e+02
tdc                 =  7.12617e+01
mode=10db  rload=100k  rsrc=2.611k  pos=1  C=1.5n
fcross = 4.941892e+05
pmarg = 1.034733e+02
tdc = 7.126175e+01
Doing analysis at TEMP = 27.000000 and TNOM = 27.000000

Using SPARSE 1.3 as Direct Linear Solver

No. of Data Rows : 801
fcross              =  4.86779e+05
pmarg               =  1.02063e+02
tdc                 =  7.12617e+01
mode=10db  rload=100k  rsrc=2.611k  pos=1  C=2.2n
fcross = 4.867789e+05
pmarg = 1.020627e+02
tdc = 7.126174e+01
Doing analysis at TEMP = 27.000000 and TNOM = 27.000000

Using SPARSE 1.3 as Direct Linear Solver

No. of Data Rows : 801
fcross              =  4.78893e+05
pmarg               =  1.01290e+02
tdc                 =  7.12617e+01
mode=10db  rload=100k  rsrc=2.611k  pos=1  C=2.7n
fcross = 4.788929e+05
pmarg = 1.012904e+02
tdc = 7.126174e+01
Doing analysis at TEMP = 27.000000 and TNOM = 27.000000

Using SPARSE 1.3 as Direct Linear Solver

No. of Data Rows : 801
fcross              =  4.68146e+05
pmarg               =  1.00583e+02
tdc                 =  7.12617e+01
mode=10db  rload=100k  rsrc=2.611k  pos=1  C=3.3n
fcross = 4.681457e+05
pmarg = 1.005832e+02
tdc = 7.126174e+01
Doing analysis at TEMP = 27.000000 and TNOM = 27.000000

Using SPARSE 1.3 as Direct Linear Solver

No. of Data Rows : 801
fcross              =  4.42767e+05
pmarg               =  9.95981e+01
tdc                 =  7.12617e+01
mode=10db  rload=100k  rsrc=2.611k  pos=1  C=4.7n
fcross = 4.427669e+05
pmarg = 9.959813e+01
tdc = 7.126174e+01
Doing analysis at TEMP = 27.000000 and TNOM = 27.000000

Using SPARSE 1.3 as Direct Linear Solver

No. of Data Rows : 801
fcross              =  4.86621e+05
pmarg               =  1.07423e+02
tdc                 =  7.12617e+01
mode=10db  rload=100k  rsrc=2.611k  pos=2  C=1f
fcross = 4.866206e+05
pmarg = 1.074226e+02
tdc = 7.126175e+01
Doing analysis at TEMP = 27.000000 and TNOM = 27.000000

Using SPARSE 1.3 as Direct Linear Solver

No. of Data Rows : 801
fcross              =  4.87356e+05
pmarg               =  1.07296e+02
tdc                 =  7.12617e+01
mode=10db  rload=100k  rsrc=2.611k  pos=2  C=47p
fcross = 4.873564e+05
pmarg = 1.072957e+02
tdc = 7.126175e+01
Doing analysis at TEMP = 27.000000 and TNOM = 27.000000

Using SPARSE 1.3 as Direct Linear Solver

No. of Data Rows : 801
fcross              =  4.88187e+05
pmarg               =  1.07152e+02
tdc                 =  7.12617e+01
mode=10db  rload=100k  rsrc=2.611k  pos=2  C=100p
fcross = 4.881874e+05
pmarg = 1.071520e+02
tdc = 7.126175e+01
Doing analysis at TEMP = 27.000000 and TNOM = 27.000000

Using SPARSE 1.3 as Direct Linear Solver

No. of Data Rows : 801
fcross              =  4.90083e+05
pmarg               =  1.06823e+02
tdc                 =  7.12617e+01
mode=10db  rload=100k  rsrc=2.611k  pos=2  C=220p
fcross = 4.900826e+05
pmarg = 1.068234e+02
tdc = 7.126175e+01
Doing analysis at TEMP = 27.000000 and TNOM = 27.000000

Using SPARSE 1.3 as Direct Linear Solver

No. of Data Rows : 801
fcross              =  4.94156e+05
pmarg               =  1.06120e+02
tdc                 =  7.12617e+01
mode=10db  rload=100k  rsrc=2.611k  pos=2  C=470p
fcross = 4.941563e+05
pmarg = 1.061202e+02
tdc = 7.126174e+01
Doing analysis at TEMP = 27.000000 and TNOM = 27.000000

Using SPARSE 1.3 as Direct Linear Solver

No. of Data Rows : 801
fcross              =  5.02928e+05
pmarg               =  1.04570e+02
tdc                 =  7.12617e+01
mode=10db  rload=100k  rsrc=2.611k  pos=2  C=1n
fcross = 5.029277e+05
pmarg = 1.045700e+02
tdc = 7.126173e+01
Doing analysis at TEMP = 27.000000 and TNOM = 27.000000

Using SPARSE 1.3 as Direct Linear Solver

No. of Data Rows : 801
fcross              =  5.11487e+05
pmarg               =  1.03021e+02
tdc                 =  7.12617e+01
mode=10db  rload=100k  rsrc=2.611k  pos=2  C=1.5n
fcross = 5.114866e+05
pmarg = 1.030207e+02
tdc = 7.126172e+01
Doing analysis at TEMP = 27.000000 and TNOM = 27.000000

Using SPARSE 1.3 as Direct Linear Solver

No. of Data Rows : 801
fcross              =  5.23829e+05
pmarg               =  1.00704e+02
tdc                 =  7.12617e+01
mode=10db  rload=100k  rsrc=2.611k  pos=2  C=2.2n
fcross = 5.238290e+05
pmarg = 1.007037e+02
tdc = 7.126171e+01
Doing analysis at TEMP = 27.000000 and TNOM = 27.000000

Using SPARSE 1.3 as Direct Linear Solver

No. of Data Rows : 801
fcross              =  5.32846e+05
pmarg               =  9.89370e+01
tdc                 =  7.12617e+01
mode=10db  rload=100k  rsrc=2.611k  pos=2  C=2.7n
fcross = 5.328458e+05
pmarg = 9.893699e+01
tdc = 7.126170e+01
Doing analysis at TEMP = 27.000000 and TNOM = 27.000000

Using SPARSE 1.3 as Direct Linear Solver

No. of Data Rows : 801
fcross              =  5.43633e+05
pmarg               =  9.67014e+01
tdc                 =  7.12617e+01
mode=10db  rload=100k  rsrc=2.611k  pos=2  C=3.3n
fcross = 5.436335e+05
pmarg = 9.670136e+01
tdc = 7.126169e+01
Doing analysis at TEMP = 27.000000 and TNOM = 27.000000

Using SPARSE 1.3 as Direct Linear Solver

No. of Data Rows : 801
fcross              =  5.67034e+05
pmarg               =  9.10720e+01
tdc                 =  7.12617e+01
mode=10db  rload=100k  rsrc=2.611k  pos=2  C=4.7n
fcross = 5.670339e+05
pmarg = 9.107198e+01
tdc = 7.126167e+01
Doing analysis at TEMP = 27.000000 and TNOM = 27.000000

Using SPARSE 1.3 as Direct Linear Solver

No. of Data Rows : 801
fcross              =  4.85482e+05
pmarg               =  1.07816e+02
tdc                 =  7.10779e+01
mode=10db  rload=10k  rsrc=1m  pos=1  C=1f
fcross = 4.854824e+05
pmarg = 1.078161e+02
tdc = 7.107786e+01
Doing analysis at TEMP = 27.000000 and TNOM = 27.000000

Using SPARSE 1.3 as Direct Linear Solver

No. of Data Rows : 801
fcross              =  4.86193e+05
pmarg               =  1.07691e+02
tdc                 =  7.10779e+01
mode=10db  rload=10k  rsrc=1m  pos=1  C=47p
fcross = 4.861928e+05
pmarg = 1.076915e+02
tdc = 7.107786e+01
Doing analysis at TEMP = 27.000000 and TNOM = 27.000000

Using SPARSE 1.3 as Direct Linear Solver

No. of Data Rows : 801
fcross              =  4.86962e+05
pmarg               =  1.07550e+02
tdc                 =  7.10779e+01
mode=10db  rload=10k  rsrc=1m  pos=1  C=100p
fcross = 4.869624e+05
pmarg = 1.075504e+02
tdc = 7.107787e+01
Doing analysis at TEMP = 27.000000 and TNOM = 27.000000

Using SPARSE 1.3 as Direct Linear Solver
 Reference value :  1.94984e+05
No. of Data Rows : 801
fcross              =  4.88576e+05
pmarg               =  1.07229e+02
tdc                 =  7.10779e+01
mode=10db  rload=10k  rsrc=1m  pos=1  C=220p
fcross = 4.885764e+05
pmarg = 1.072288e+02
tdc = 7.107788e+01
Doing analysis at TEMP = 27.000000 and TNOM = 27.000000

Using SPARSE 1.3 as Direct Linear Solver

No. of Data Rows : 801
fcross              =  4.91372e+05
pmarg               =  1.06551e+02
tdc                 =  7.10779e+01
mode=10db  rload=10k  rsrc=1m  pos=1  C=470p
fcross = 4.913718e+05
pmarg = 1.065510e+02
tdc = 7.107789e+01
Doing analysis at TEMP = 27.000000 and TNOM = 27.000000

Using SPARSE 1.3 as Direct Linear Solver

No. of Data Rows : 801
fcross              =  4.94250e+05
pmarg               =  1.05139e+02
tdc                 =  7.10779e+01
mode=10db  rload=10k  rsrc=1m  pos=1  C=1n
fcross = 4.942501e+05
pmarg = 1.051391e+02
tdc = 7.107793e+01
Doing analysis at TEMP = 27.000000 and TNOM = 27.000000

Using SPARSE 1.3 as Direct Linear Solver

No. of Data Rows : 801
fcross              =  4.92965e+05
pmarg               =  1.03923e+02
tdc                 =  7.10780e+01
mode=10db  rload=10k  rsrc=1m  pos=1  C=1.5n
fcross = 4.929651e+05
pmarg = 1.039227e+02
tdc = 7.107796e+01
Doing analysis at TEMP = 27.000000 and TNOM = 27.000000

Using SPARSE 1.3 as Direct Linear Solver

No. of Data Rows : 801
fcross              =  4.85758e+05
pmarg               =  1.02516e+02
tdc                 =  7.10780e+01
mode=10db  rload=10k  rsrc=1m  pos=1  C=2.2n
fcross = 4.857576e+05
pmarg = 1.025157e+02
tdc = 7.107800e+01
Doing analysis at TEMP = 27.000000 and TNOM = 27.000000

Using SPARSE 1.3 as Direct Linear Solver

No. of Data Rows : 801
fcross              =  4.78033e+05
pmarg               =  1.01740e+02
tdc                 =  7.10780e+01
mode=10db  rload=10k  rsrc=1m  pos=1  C=2.7n
fcross = 4.780326e+05
pmarg = 1.017396e+02
tdc = 7.107804e+01
Doing analysis at TEMP = 27.000000 and TNOM = 27.000000

Using SPARSE 1.3 as Direct Linear Solver

No. of Data Rows : 801
fcross              =  4.67463e+05
pmarg               =  1.01024e+02
tdc                 =  7.10781e+01
mode=10db  rload=10k  rsrc=1m  pos=1  C=3.3n
fcross = 4.674635e+05
pmarg = 1.010238e+02
tdc = 7.107808e+01
Doing analysis at TEMP = 27.000000 and TNOM = 27.000000

Using SPARSE 1.3 as Direct Linear Solver

No. of Data Rows : 801
fcross              =  4.42410e+05
pmarg               =  1.00011e+02
tdc                 =  7.10782e+01
mode=10db  rload=10k  rsrc=1m  pos=1  C=4.7n
fcross = 4.424098e+05
pmarg = 1.000115e+02
tdc = 7.107817e+01
Doing analysis at TEMP = 27.000000 and TNOM = 27.000000

Using SPARSE 1.3 as Direct Linear Solver

No. of Data Rows : 801
fcross              =  4.85482e+05
pmarg               =  1.07816e+02
tdc                 =  7.10779e+01
mode=10db  rload=10k  rsrc=1m  pos=2  C=1f
fcross = 4.854824e+05
pmarg = 1.078161e+02
tdc = 7.107786e+01
Doing analysis at TEMP = 27.000000 and TNOM = 27.000000

Using SPARSE 1.3 as Direct Linear Solver

No. of Data Rows : 801
fcross              =  4.86213e+05
pmarg               =  1.07690e+02
tdc                 =  7.10779e+01
mode=10db  rload=10k  rsrc=1m  pos=2  C=47p
fcross = 4.862132e+05
pmarg = 1.076903e+02
tdc = 7.107786e+01
Doing analysis at TEMP = 27.000000 and TNOM = 27.000000

Using SPARSE 1.3 as Direct Linear Solver

No. of Data Rows : 801
fcross              =  4.87038e+05
pmarg               =  1.07548e+02
tdc                 =  7.10779e+01
mode=10db  rload=10k  rsrc=1m  pos=2  C=100p
fcross = 4.870384e+05
pmarg = 1.075478e+02
tdc = 7.107786e+01
Doing analysis at TEMP = 27.000000 and TNOM = 27.000000

Using SPARSE 1.3 as Direct Linear Solver

No. of Data Rows : 801
fcross              =  4.88911e+05
pmarg               =  1.07223e+02
tdc                 =  7.10779e+01
mode=10db  rload=10k  rsrc=1m  pos=2  C=220p
fcross = 4.889113e+05
pmarg = 1.072225e+02
tdc = 7.107786e+01
Doing analysis at TEMP = 27.000000 and TNOM = 27.000000

Using SPARSE 1.3 as Direct Linear Solver

No. of Data Rows : 801
fcross              =  4.92928e+05
pmarg               =  1.06527e+02
tdc                 =  7.10779e+01
mode=10db  rload=10k  rsrc=1m  pos=2  C=470p
fcross = 4.929282e+05
pmarg = 1.065271e+02
tdc = 7.107785e+01
Doing analysis at TEMP = 27.000000 and TNOM = 27.000000

Using SPARSE 1.3 as Direct Linear Solver

No. of Data Rows : 801
fcross              =  5.01591e+05
pmarg               =  1.04993e+02
tdc                 =  7.10778e+01
mode=10db  rload=10k  rsrc=1m  pos=2  C=1n
fcross = 5.015915e+05
pmarg = 1.049933e+02
tdc = 7.107784e+01
Doing analysis at TEMP = 27.000000 and TNOM = 27.000000

Using SPARSE 1.3 as Direct Linear Solver

No. of Data Rows : 801
fcross              =  5.10082e+05
pmarg               =  1.03458e+02
tdc                 =  7.10778e+01
mode=10db  rload=10k  rsrc=1m  pos=2  C=1.5n
fcross = 5.100823e+05
pmarg = 1.034581e+02
tdc = 7.107784e+01
Doing analysis at TEMP = 27.000000 and TNOM = 27.000000

Using SPARSE 1.3 as Direct Linear Solver

No. of Data Rows : 801
fcross              =  5.22271e+05
pmarg               =  1.01166e+02
tdc                 =  7.10778e+01
mode=10db  rload=10k  rsrc=1m  pos=2  C=2.2n
fcross = 5.222707e+05
pmarg = 1.011665e+02
tdc = 7.107782e+01
Doing analysis at TEMP = 27.000000 and TNOM = 27.000000

Using SPARSE 1.3 as Direct Linear Solver

No. of Data Rows : 801
fcross              =  5.31148e+05
pmarg               =  9.94215e+01
tdc                 =  7.10778e+01
mode=10db  rload=10k  rsrc=1m  pos=2  C=2.7n
fcross = 5.311480e+05
pmarg = 9.942146e+01
tdc = 7.107781e+01
Doing analysis at TEMP = 27.000000 and TNOM = 27.000000

Using SPARSE 1.3 as Direct Linear Solver

No. of Data Rows : 801
fcross              =  5.41766e+05
pmarg               =  9.72137e+01
tdc                 =  7.10778e+01
mode=10db  rload=10k  rsrc=1m  pos=2  C=3.3n
fcross = 5.417664e+05
pmarg = 9.721375e+01
tdc = 7.107780e+01
Doing analysis at TEMP = 27.000000 and TNOM = 27.000000

Using SPARSE 1.3 as Direct Linear Solver

No. of Data Rows : 801
fcross              =  5.64773e+05
pmarg               =  9.16576e+01
tdc                 =  7.10778e+01
mode=10db  rload=10k  rsrc=1m  pos=2  C=4.7n
fcross = 5.647726e+05
pmarg = 9.165759e+01
tdc = 7.107778e+01
Doing analysis at TEMP = 27.000000 and TNOM = 27.000000

Using SPARSE 1.3 as Direct Linear Solver

No. of Data Rows : 801
fcross              =  4.85462e+05
pmarg               =  1.07664e+02
tdc                 =  7.10779e+01
mode=10db  rload=10k  rsrc=1k  pos=1  C=1f
fcross = 4.854621e+05
pmarg = 1.076638e+02
tdc = 7.107786e+01
Doing analysis at TEMP = 27.000000 and TNOM = 27.000000

Using SPARSE 1.3 as Direct Linear Solver

No. of Data Rows : 801
fcross              =  4.86172e+05
pmarg               =  1.07539e+02
tdc                 =  7.10779e+01
mode=10db  rload=10k  rsrc=1k  pos=1  C=47p
fcross = 4.861723e+05
pmarg = 1.075390e+02
tdc = 7.107786e+01
Doing analysis at TEMP = 27.000000 and TNOM = 27.000000

Using SPARSE 1.3 as Direct Linear Solver

No. of Data Rows : 801
fcross              =  4.86942e+05
pmarg               =  1.07398e+02
tdc                 =  7.10779e+01
mode=10db  rload=10k  rsrc=1k  pos=1  C=100p
fcross = 4.869418e+05
pmarg = 1.073976e+02
tdc = 7.107787e+01
Doing analysis at TEMP = 27.000000 and TNOM = 27.000000

Using SPARSE 1.3 as Direct Linear Solver

No. of Data Rows : 801
fcross              =  4.88556e+05
pmarg               =  1.07076e+02
tdc                 =  7.10779e+01
mode=10db  rload=10k  rsrc=1k  pos=1  C=220p
fcross = 4.885555e+05
pmarg = 1.070756e+02
tdc = 7.107788e+01
Doing analysis at TEMP = 27.000000 and TNOM = 27.000000

Using SPARSE 1.3 as Direct Linear Solver

No. of Data Rows : 801
fcross              =  4.91350e+05
pmarg               =  1.06397e+02
tdc                 =  7.10779e+01
mode=10db  rload=10k  rsrc=1k  pos=1  C=470p
fcross = 4.913498e+05
pmarg = 1.063970e+02
tdc = 7.107789e+01
Doing analysis at TEMP = 27.000000 and TNOM = 27.000000

Using SPARSE 1.3 as Direct Linear Solver

No. of Data Rows : 801
fcross              =  4.94228e+05
pmarg               =  1.04984e+02
tdc                 =  7.10779e+01
mode=10db  rload=10k  rsrc=1k  pos=1  C=1n
fcross = 4.942277e+05
pmarg = 1.049842e+02
tdc = 7.107793e+01
Doing analysis at TEMP = 27.000000 and TNOM = 27.000000

Using SPARSE 1.3 as Direct Linear Solver

No. of Data Rows : 801
fcross              =  4.92943e+05
pmarg               =  1.03768e+02
tdc                 =  7.10780e+01
mode=10db  rload=10k  rsrc=1k  pos=1  C=1.5n
fcross = 4.929430e+05
pmarg = 1.037684e+02
tdc = 7.107796e+01
Doing analysis at TEMP = 27.000000 and TNOM = 27.000000

Using SPARSE 1.3 as Direct Linear Solver

No. of Data Rows : 801
fcross              =  4.85738e+05
pmarg               =  1.02364e+02
tdc                 =  7.10780e+01
mode=10db  rload=10k  rsrc=1k  pos=1  C=2.2n
fcross = 4.857376e+05
pmarg = 1.023636e+02
tdc = 7.107800e+01
Doing analysis at TEMP = 27.000000 and TNOM = 27.000000

Using SPARSE 1.3 as Direct Linear Solver

No. of Data Rows : 801
fcross              =  4.78014e+05
pmarg               =  1.01590e+02
tdc                 =  7.10780e+01
mode=10db  rload=10k  rsrc=1k  pos=1  C=2.7n
fcross = 4.780143e+05
pmarg = 1.015899e+02
tdc = 7.107804e+01
Doing analysis at TEMP = 27.000000 and TNOM = 27.000000

Using SPARSE 1.3 as Direct Linear Solver

No. of Data Rows : 801
fcross              =  4.67447e+05
pmarg               =  1.00877e+02
tdc                 =  7.10781e+01
mode=10db  rload=10k  rsrc=1k  pos=1  C=3.3n
fcross = 4.674472e+05
pmarg = 1.008773e+02
tdc = 7.107808e+01
Doing analysis at TEMP = 27.000000 and TNOM = 27.000000

Using SPARSE 1.3 as Direct Linear Solver

No. of Data Rows : 801
fcross              =  4.42397e+05
pmarg               =  9.98727e+01
tdc                 =  7.10782e+01
mode=10db  rload=10k  rsrc=1k  pos=1  C=4.7n
fcross = 4.423970e+05
pmarg = 9.987272e+01
tdc = 7.107817e+01
Doing analysis at TEMP = 27.000000 and TNOM = 27.000000

Using SPARSE 1.3 as Direct Linear Solver

No. of Data Rows : 801
fcross              =  4.85462e+05
pmarg               =  1.07664e+02
tdc                 =  7.10779e+01
mode=10db  rload=10k  rsrc=1k  pos=2  C=1f
fcross = 4.854621e+05
pmarg = 1.076638e+02
tdc = 7.107786e+01
Doing analysis at TEMP = 27.000000 and TNOM = 27.000000

Using SPARSE 1.3 as Direct Linear Solver

No. of Data Rows : 801
fcross              =  4.86193e+05
pmarg               =  1.07538e+02
tdc                 =  7.10779e+01
mode=10db  rload=10k  rsrc=1k  pos=2  C=47p
fcross = 4.861927e+05
pmarg = 1.075378e+02
tdc = 7.107786e+01
Doing analysis at TEMP = 27.000000 and TNOM = 27.000000

Using SPARSE 1.3 as Direct Linear Solver

No. of Data Rows : 801
fcross              =  4.87018e+05
pmarg               =  1.07395e+02
tdc                 =  7.10779e+01
mode=10db  rload=10k  rsrc=1k  pos=2  C=100p
fcross = 4.870178e+05
pmarg = 1.073950e+02
tdc = 7.107786e+01
Doing analysis at TEMP = 27.000000 and TNOM = 27.000000

Using SPARSE 1.3 as Direct Linear Solver

No. of Data Rows : 801
fcross              =  4.88890e+05
pmarg               =  1.07069e+02
tdc                 =  7.10779e+01
mode=10db  rload=10k  rsrc=1k  pos=2  C=220p
fcross = 4.888903e+05
pmarg = 1.070692e+02
tdc = 7.107786e+01
Doing analysis at TEMP = 27.000000 and TNOM = 27.000000

Using SPARSE 1.3 as Direct Linear Solver

No. of Data Rows : 801
fcross              =  4.92906e+05
pmarg               =  1.06373e+02
tdc                 =  7.10779e+01
mode=10db  rload=10k  rsrc=1k  pos=2  C=470p
fcross = 4.929059e+05
pmarg = 1.063726e+02
tdc = 7.107785e+01
Doing analysis at TEMP = 27.000000 and TNOM = 27.000000

Using SPARSE 1.3 as Direct Linear Solver

No. of Data Rows : 801
fcross              =  5.01567e+05
pmarg               =  1.04836e+02
tdc                 =  7.10778e+01
mode=10db  rload=10k  rsrc=1k  pos=2  C=1n
fcross = 5.015669e+05
pmarg = 1.048363e+02
tdc = 7.107784e+01
Doing analysis at TEMP = 27.000000 and TNOM = 27.000000

Using SPARSE 1.3 as Direct Linear Solver

No. of Data Rows : 801
fcross              =  5.10056e+05
pmarg               =  1.03299e+02
tdc                 =  7.10778e+01
mode=10db  rload=10k  rsrc=1k  pos=2  C=1.5n
fcross = 5.100561e+05
pmarg = 1.032985e+02
tdc = 7.107783e+01
Doing analysis at TEMP = 27.000000 and TNOM = 27.000000

Using SPARSE 1.3 as Direct Linear Solver

No. of Data Rows : 801
fcross              =  5.22241e+05
pmarg               =  1.01003e+02
tdc                 =  7.10778e+01
mode=10db  rload=10k  rsrc=1k  pos=2  C=2.2n
fcross = 5.222410e+05
pmarg = 1.010033e+02
tdc = 7.107782e+01
Doing analysis at TEMP = 27.000000 and TNOM = 27.000000

Using SPARSE 1.3 as Direct Linear Solver

No. of Data Rows : 801
fcross              =  5.31115e+05
pmarg               =  9.92558e+01
tdc                 =  7.10778e+01
mode=10db  rload=10k  rsrc=1k  pos=2  C=2.7n
fcross = 5.311152e+05
pmarg = 9.925576e+01
tdc = 7.107781e+01
Doing analysis at TEMP = 27.000000 and TNOM = 27.000000

Using SPARSE 1.3 as Direct Linear Solver

No. of Data Rows : 801
fcross              =  5.41730e+05
pmarg               =  9.70451e+01
tdc                 =  7.10778e+01
mode=10db  rload=10k  rsrc=1k  pos=2  C=3.3n
fcross = 5.417297e+05
pmarg = 9.704507e+01
tdc = 7.107780e+01
Doing analysis at TEMP = 27.000000 and TNOM = 27.000000

Using SPARSE 1.3 as Direct Linear Solver

No. of Data Rows : 801
fcross              =  5.64727e+05
pmarg               =  9.14827e+01
tdc                 =  7.10778e+01
mode=10db  rload=10k  rsrc=1k  pos=2  C=4.7n
fcross = 5.647268e+05
pmarg = 9.148270e+01
tdc = 7.107778e+01
Doing analysis at TEMP = 27.000000 and TNOM = 27.000000

Using SPARSE 1.3 as Direct Linear Solver

No. of Data Rows : 801
fcross              =  4.85390e+05
pmarg               =  1.07437e+02
tdc                 =  7.10779e+01
mode=10db  rload=10k  rsrc=2.5k  pos=1  C=1f
fcross = 4.853903e+05
pmarg = 1.074368e+02
tdc = 7.107786e+01
Doing analysis at TEMP = 27.000000 and TNOM = 27.000000

Using SPARSE 1.3 as Direct Linear Solver

No. of Data Rows : 801
fcross              =  4.86100e+05
pmarg               =  1.07312e+02
tdc                 =  7.10779e+01
mode=10db  rload=10k  rsrc=2.5k  pos=1  C=47p
fcross = 4.861001e+05
pmarg = 1.073117e+02
tdc = 7.107786e+01
Doing analysis at TEMP = 27.000000 and TNOM = 27.000000

Using SPARSE 1.3 as Direct Linear Solver

No. of Data Rows : 801
fcross              =  4.86869e+05
pmarg               =  1.07170e+02
tdc                 =  7.10779e+01
mode=10db  rload=10k  rsrc=2.5k  pos=1  C=100p
fcross = 4.868692e+05
pmarg = 1.071700e+02
tdc = 7.107787e+01
Doing analysis at TEMP = 27.000000 and TNOM = 27.000000

Using SPARSE 1.3 as Direct Linear Solver

No. of Data Rows : 801
fcross              =  4.88482e+05
pmarg               =  1.06847e+02
tdc                 =  7.10779e+01
mode=10db  rload=10k  rsrc=2.5k  pos=1  C=220p
fcross = 4.884820e+05
pmarg = 1.068473e+02
tdc = 7.107788e+01
Doing analysis at TEMP = 27.000000 and TNOM = 27.000000

Using SPARSE 1.3 as Direct Linear Solver

No. of Data Rows : 801
fcross              =  4.91272e+05
pmarg               =  1.06168e+02
tdc                 =  7.10779e+01
mode=10db  rload=10k  rsrc=2.5k  pos=1  C=470p
fcross = 4.912723e+05
pmarg = 1.061677e+02
tdc = 7.107789e+01
Doing analysis at TEMP = 27.000000 and TNOM = 27.000000

Using SPARSE 1.3 as Direct Linear Solver

No. of Data Rows : 801
fcross              =  4.94149e+05
pmarg               =  1.04754e+02
tdc                 =  7.10779e+01
mode=10db  rload=10k  rsrc=2.5k  pos=1  C=1n
fcross = 4.941486e+05
pmarg = 1.047539e+02
tdc = 7.107793e+01
Doing analysis at TEMP = 27.000000 and TNOM = 27.000000

Using SPARSE 1.3 as Direct Linear Solver

No. of Data Rows : 801
fcross              =  4.92865e+05
pmarg               =  1.03539e+02
tdc                 =  7.10780e+01
mode=10db  rload=10k  rsrc=2.5k  pos=1  C=1.5n
fcross = 4.928651e+05
pmarg = 1.035388e+02
tdc = 7.107796e+01
Doing analysis at TEMP = 27.000000 and TNOM = 27.000000

Using SPARSE 1.3 as Direct Linear Solver

No. of Data Rows : 801
fcross              =  4.85667e+05
pmarg               =  1.02137e+02
tdc                 =  7.10780e+01
mode=10db  rload=10k  rsrc=2.5k  pos=1  C=2.2n
fcross = 4.856666e+05
pmarg = 1.021373e+02
tdc = 7.107800e+01
Doing analysis at TEMP = 27.000000 and TNOM = 27.000000

Using SPARSE 1.3 as Direct Linear Solver

No. of Data Rows : 801
fcross              =  4.77950e+05
pmarg               =  1.01367e+02
tdc                 =  7.10780e+01
mode=10db  rload=10k  rsrc=2.5k  pos=1  C=2.7n
fcross = 4.779496e+05
pmarg = 1.013670e+02
tdc = 7.107804e+01
Doing analysis at TEMP = 27.000000 and TNOM = 27.000000

Using SPARSE 1.3 as Direct Linear Solver

No. of Data Rows : 801
fcross              =  4.67389e+05
pmarg               =  1.00659e+02
tdc                 =  7.10781e+01
mode=10db  rload=10k  rsrc=2.5k  pos=1  C=3.3n
fcross = 4.673892e+05
pmarg = 1.006593e+02
tdc = 7.107808e+01
Doing analysis at TEMP = 27.000000 and TNOM = 27.000000

Using SPARSE 1.3 as Direct Linear Solver

No. of Data Rows : 801
fcross              =  4.42351e+05
pmarg               =  9.96659e+01
tdc                 =  7.10782e+01
mode=10db  rload=10k  rsrc=2.5k  pos=1  C=4.7n
fcross = 4.423515e+05
pmarg = 9.966593e+01
tdc = 7.107817e+01
Doing analysis at TEMP = 27.000000 and TNOM = 27.000000

Using SPARSE 1.3 as Direct Linear Solver

No. of Data Rows : 801
fcross              =  4.85390e+05
pmarg               =  1.07437e+02
tdc                 =  7.10779e+01
mode=10db  rload=10k  rsrc=2.5k  pos=2  C=1f
fcross = 4.853903e+05
pmarg = 1.074368e+02
tdc = 7.107786e+01
Doing analysis at TEMP = 27.000000 and TNOM = 27.000000

Using SPARSE 1.3 as Direct Linear Solver

No. of Data Rows : 801
fcross              =  4.86120e+05
pmarg               =  1.07311e+02
tdc                 =  7.10779e+01
mode=10db  rload=10k  rsrc=2.5k  pos=2  C=47p
fcross = 4.861205e+05
pmarg = 1.073105e+02
tdc = 7.107786e+01
Doing analysis at TEMP = 27.000000 and TNOM = 27.000000

Using SPARSE 1.3 as Direct Linear Solver

No. of Data Rows : 801
fcross              =  4.86945e+05
pmarg               =  1.07167e+02
tdc                 =  7.10779e+01
mode=10db  rload=10k  rsrc=2.5k  pos=2  C=100p
fcross = 4.869451e+05
pmarg = 1.071674e+02
tdc = 7.107786e+01
Doing analysis at TEMP = 27.000000 and TNOM = 27.000000

Using SPARSE 1.3 as Direct Linear Solver

No. of Data Rows : 801
fcross              =  4.88817e+05
pmarg               =  1.06841e+02
tdc                 =  7.10779e+01
mode=10db  rload=10k  rsrc=2.5k  pos=2  C=220p
fcross = 4.888166e+05
pmarg = 1.068408e+02
tdc = 7.107786e+01
Doing analysis at TEMP = 27.000000 and TNOM = 27.000000

Using SPARSE 1.3 as Direct Linear Solver

No. of Data Rows : 801
fcross              =  4.92827e+05
pmarg               =  1.06143e+02
tdc                 =  7.10779e+01
mode=10db  rload=10k  rsrc=2.5k  pos=2  C=470p
fcross = 4.928274e+05
pmarg = 1.061426e+02
tdc = 7.107785e+01
Doing analysis at TEMP = 27.000000 and TNOM = 27.000000

Using SPARSE 1.3 as Direct Linear Solver

No. of Data Rows : 801
fcross              =  5.01480e+05
pmarg               =  1.04603e+02
tdc                 =  7.10778e+01
mode=10db  rload=10k  rsrc=2.5k  pos=2  C=1n
fcross = 5.014800e+05
pmarg = 1.046027e+02
tdc = 7.107784e+01
Doing analysis at TEMP = 27.000000 and TNOM = 27.000000

Using SPARSE 1.3 as Direct Linear Solver

No. of Data Rows : 801
fcross              =  5.09963e+05
pmarg               =  1.03061e+02
tdc                 =  7.10778e+01
mode=10db  rload=10k  rsrc=2.5k  pos=2  C=1.5n
fcross = 5.099632e+05
pmarg = 1.030614e+02
tdc = 7.107783e+01
Doing analysis at TEMP = 27.000000 and TNOM = 27.000000

Using SPARSE 1.3 as Direct Linear Solver

No. of Data Rows : 801
fcross              =  5.22136e+05
pmarg               =  1.00761e+02
tdc                 =  7.10778e+01
mode=10db  rload=10k  rsrc=2.5k  pos=2  C=2.2n
fcross = 5.221357e+05
pmarg = 1.007615e+02
tdc = 7.107782e+01
Doing analysis at TEMP = 27.000000 and TNOM = 27.000000

Using SPARSE 1.3 as Direct Linear Solver

No. of Data Rows : 801
fcross              =  5.30999e+05
pmarg               =  9.90107e+01
tdc                 =  7.10778e+01
mode=10db  rload=10k  rsrc=2.5k  pos=2  C=2.7n
fcross = 5.309986e+05
pmarg = 9.901067e+01
tdc = 7.107781e+01
Doing analysis at TEMP = 27.000000 and TNOM = 27.000000

Using SPARSE 1.3 as Direct Linear Solver

No. of Data Rows : 801
fcross              =  5.41599e+05
pmarg               =  9.67963e+01
tdc                 =  7.10778e+01
mode=10db  rload=10k  rsrc=2.5k  pos=2  C=3.3n
fcross = 5.415990e+05
pmarg = 9.679627e+01
tdc = 7.107780e+01
Doing analysis at TEMP = 27.000000 and TNOM = 27.000000

Using SPARSE 1.3 as Direct Linear Solver

No. of Data Rows : 801
fcross              =  5.64562e+05
pmarg               =  9.12268e+01
tdc                 =  7.10778e+01
mode=10db  rload=10k  rsrc=2.5k  pos=2  C=4.7n
fcross = 5.645625e+05
pmarg = 9.122685e+01
tdc = 7.107778e+01
Doing analysis at TEMP = 27.000000 and TNOM = 27.000000

Using SPARSE 1.3 as Direct Linear Solver

No. of Data Rows : 801
fcross              =  4.85386e+05
pmarg               =  1.07426e+02
tdc                 =  7.10779e+01
mode=10db  rload=10k  rsrc=2.571k  pos=1  C=1f
fcross = 4.853857e+05
pmarg = 1.074261e+02
tdc = 7.107786e+01
Doing analysis at TEMP = 27.000000 and TNOM = 27.000000

Using SPARSE 1.3 as Direct Linear Solver

No. of Data Rows : 801
fcross              =  4.86095e+05
pmarg               =  1.07301e+02
tdc                 =  7.10779e+01
mode=10db  rload=10k  rsrc=2.571k  pos=1  C=47p
fcross = 4.860955e+05
pmarg = 1.073010e+02
tdc = 7.107786e+01
Doing analysis at TEMP = 27.000000 and TNOM = 27.000000

Using SPARSE 1.3 as Direct Linear Solver

No. of Data Rows : 801
fcross              =  4.86865e+05
pmarg               =  1.07159e+02
tdc                 =  7.10779e+01
mode=10db  rload=10k  rsrc=2.571k  pos=1  C=100p
fcross = 4.868645e+05
pmarg = 1.071593e+02
tdc = 7.107787e+01
Doing analysis at TEMP = 27.000000 and TNOM = 27.000000

Using SPARSE 1.3 as Direct Linear Solver

No. of Data Rows : 801
fcross              =  4.88477e+05
pmarg               =  1.06837e+02
tdc                 =  7.10779e+01
mode=10db  rload=10k  rsrc=2.571k  pos=1  C=220p
fcross = 4.884773e+05
pmarg = 1.068365e+02
tdc = 7.107788e+01
Doing analysis at TEMP = 27.000000 and TNOM = 27.000000

Using SPARSE 1.3 as Direct Linear Solver

No. of Data Rows : 801
fcross              =  4.91267e+05
pmarg               =  1.06157e+02
tdc                 =  7.10779e+01
mode=10db  rload=10k  rsrc=2.571k  pos=1  C=470p
fcross = 4.912673e+05
pmarg = 1.061569e+02
tdc = 7.107789e+01
Doing analysis at TEMP = 27.000000 and TNOM = 27.000000

Using SPARSE 1.3 as Direct Linear Solver

No. of Data Rows : 801
fcross              =  4.94144e+05
pmarg               =  1.04743e+02
tdc                 =  7.10779e+01
mode=10db  rload=10k  rsrc=2.571k  pos=1  C=1n
fcross = 4.941435e+05
pmarg = 1.047430e+02
tdc = 7.107793e+01
Doing analysis at TEMP = 27.000000 and TNOM = 27.000000

Using SPARSE 1.3 as Direct Linear Solver
 Reference value :  1.31826e+07
No. of Data Rows : 801
fcross              =  4.92860e+05
pmarg               =  1.03528e+02
tdc                 =  7.10780e+01
mode=10db  rload=10k  rsrc=2.571k  pos=1  C=1.5n
fcross = 4.928601e+05
pmarg = 1.035280e+02
tdc = 7.107796e+01
Doing analysis at TEMP = 27.000000 and TNOM = 27.000000

Using SPARSE 1.3 as Direct Linear Solver

No. of Data Rows : 801
fcross              =  4.85662e+05
pmarg               =  1.02127e+02
tdc                 =  7.10780e+01
mode=10db  rload=10k  rsrc=2.571k  pos=1  C=2.2n
fcross = 4.856620e+05
pmarg = 1.021267e+02
tdc = 7.107800e+01
Doing analysis at TEMP = 27.000000 and TNOM = 27.000000

Using SPARSE 1.3 as Direct Linear Solver

No. of Data Rows : 801
fcross              =  4.77945e+05
pmarg               =  1.01357e+02
tdc                 =  7.10780e+01
mode=10db  rload=10k  rsrc=2.571k  pos=1  C=2.7n
fcross = 4.779454e+05
pmarg = 1.013566e+02
tdc = 7.107804e+01
Doing analysis at TEMP = 27.000000 and TNOM = 27.000000

Using SPARSE 1.3 as Direct Linear Solver

No. of Data Rows : 801
fcross              =  4.67386e+05
pmarg               =  1.00649e+02
tdc                 =  7.10781e+01
mode=10db  rload=10k  rsrc=2.571k  pos=1  C=3.3n
fcross = 4.673855e+05
pmarg = 1.006490e+02
tdc = 7.107808e+01
Doing analysis at TEMP = 27.000000 and TNOM = 27.000000

Using SPARSE 1.3 as Direct Linear Solver

No. of Data Rows : 801
fcross              =  4.42349e+05
pmarg               =  9.96562e+01
tdc                 =  7.10782e+01
mode=10db  rload=10k  rsrc=2.571k  pos=1  C=4.7n
fcross = 4.423485e+05
pmarg = 9.965618e+01
tdc = 7.107817e+01
Doing analysis at TEMP = 27.000000 and TNOM = 27.000000

Using SPARSE 1.3 as Direct Linear Solver

No. of Data Rows : 801
fcross              =  4.85386e+05
pmarg               =  1.07426e+02
tdc                 =  7.10779e+01
mode=10db  rload=10k  rsrc=2.571k  pos=2  C=1f
fcross = 4.853857e+05
pmarg = 1.074261e+02
tdc = 7.107786e+01
Doing analysis at TEMP = 27.000000 and TNOM = 27.000000

Using SPARSE 1.3 as Direct Linear Solver

No. of Data Rows : 801
fcross              =  4.86116e+05
pmarg               =  1.07300e+02
tdc                 =  7.10779e+01
mode=10db  rload=10k  rsrc=2.571k  pos=2  C=47p
fcross = 4.861159e+05
pmarg = 1.072998e+02
tdc = 7.107786e+01
Doing analysis at TEMP = 27.000000 and TNOM = 27.000000

Using SPARSE 1.3 as Direct Linear Solver

No. of Data Rows : 801
fcross              =  4.86940e+05
pmarg               =  1.07157e+02
tdc                 =  7.10779e+01
mode=10db  rload=10k  rsrc=2.571k  pos=2  C=100p
fcross = 4.869404e+05
pmarg = 1.071567e+02
tdc = 7.107786e+01
Doing analysis at TEMP = 27.000000 and TNOM = 27.000000

Using SPARSE 1.3 as Direct Linear Solver

No. of Data Rows : 801
fcross              =  4.88812e+05
pmarg               =  1.06830e+02
tdc                 =  7.10779e+01
mode=10db  rload=10k  rsrc=2.571k  pos=2  C=220p
fcross = 4.888118e+05
pmarg = 1.068300e+02
tdc = 7.107786e+01
Doing analysis at TEMP = 27.000000 and TNOM = 27.000000

Using SPARSE 1.3 as Direct Linear Solver

No. of Data Rows : 801
fcross              =  4.92822e+05
pmarg               =  1.06132e+02
tdc                 =  7.10779e+01
mode=10db  rload=10k  rsrc=2.571k  pos=2  C=470p
fcross = 4.928223e+05
pmarg = 1.061317e+02
tdc = 7.107785e+01
Doing analysis at TEMP = 27.000000 and TNOM = 27.000000

Using SPARSE 1.3 as Direct Linear Solver

No. of Data Rows : 801
fcross              =  5.01474e+05
pmarg               =  1.04592e+02
tdc                 =  7.10778e+01
mode=10db  rload=10k  rsrc=2.571k  pos=2  C=1n
fcross = 5.014744e+05
pmarg = 1.045917e+02
tdc = 7.107784e+01
Doing analysis at TEMP = 27.000000 and TNOM = 27.000000

Using SPARSE 1.3 as Direct Linear Solver

No. of Data Rows : 801
fcross              =  5.09957e+05
pmarg               =  1.03050e+02
tdc                 =  7.10778e+01
mode=10db  rload=10k  rsrc=2.571k  pos=2  C=1.5n
fcross = 5.099573e+05
pmarg = 1.030503e+02
tdc = 7.107783e+01
Doing analysis at TEMP = 27.000000 and TNOM = 27.000000

Using SPARSE 1.3 as Direct Linear Solver

No. of Data Rows : 801
fcross              =  5.22129e+05
pmarg               =  1.00750e+02
tdc                 =  7.10778e+01
mode=10db  rload=10k  rsrc=2.571k  pos=2  C=2.2n
fcross = 5.221289e+05
pmarg = 1.007501e+02
tdc = 7.107782e+01
Doing analysis at TEMP = 27.000000 and TNOM = 27.000000

Using SPARSE 1.3 as Direct Linear Solver

No. of Data Rows : 801
fcross              =  5.30991e+05
pmarg               =  9.89992e+01
tdc                 =  7.10778e+01
mode=10db  rload=10k  rsrc=2.571k  pos=2  C=2.7n
fcross = 5.309911e+05
pmarg = 9.899917e+01
tdc = 7.107781e+01
Doing analysis at TEMP = 27.000000 and TNOM = 27.000000

Using SPARSE 1.3 as Direct Linear Solver

No. of Data Rows : 801
fcross              =  5.41591e+05
pmarg               =  9.67846e+01
tdc                 =  7.10778e+01
mode=10db  rload=10k  rsrc=2.571k  pos=2  C=3.3n
fcross = 5.415906e+05
pmarg = 9.678462e+01
tdc = 7.107780e+01
Doing analysis at TEMP = 27.000000 and TNOM = 27.000000

Using SPARSE 1.3 as Direct Linear Solver

No. of Data Rows : 801
fcross              =  5.64552e+05
pmarg               =  9.12149e+01
tdc                 =  7.10778e+01
mode=10db  rload=10k  rsrc=2.571k  pos=2  C=4.7n
fcross = 5.645519e+05
pmarg = 9.121493e+01
tdc = 7.107778e+01
Doing analysis at TEMP = 27.000000 and TNOM = 27.000000

Using SPARSE 1.3 as Direct Linear Solver

No. of Data Rows : 801
fcross              =  4.85383e+05
pmarg               =  1.07420e+02
tdc                 =  7.10779e+01
mode=10db  rload=10k  rsrc=2.611k  pos=1  C=1f
fcross = 4.853831e+05
pmarg = 1.074201e+02
tdc = 7.107786e+01
Doing analysis at TEMP = 27.000000 and TNOM = 27.000000

Using SPARSE 1.3 as Direct Linear Solver

No. of Data Rows : 801
fcross              =  4.86093e+05
pmarg               =  1.07295e+02
tdc                 =  7.10779e+01
mode=10db  rload=10k  rsrc=2.611k  pos=1  C=47p
fcross = 4.860928e+05
pmarg = 1.072950e+02
tdc = 7.107786e+01
Doing analysis at TEMP = 27.000000 and TNOM = 27.000000

Using SPARSE 1.3 as Direct Linear Solver

No. of Data Rows : 801
fcross              =  4.86862e+05
pmarg               =  1.07153e+02
tdc                 =  7.10779e+01
mode=10db  rload=10k  rsrc=2.611k  pos=1  C=100p
fcross = 4.868618e+05
pmarg = 1.071533e+02
tdc = 7.107787e+01
Doing analysis at TEMP = 27.000000 and TNOM = 27.000000

Using SPARSE 1.3 as Direct Linear Solver

No. of Data Rows : 801
fcross              =  4.88475e+05
pmarg               =  1.06830e+02
tdc                 =  7.10779e+01
mode=10db  rload=10k  rsrc=2.611k  pos=1  C=220p
fcross = 4.884746e+05
pmarg = 1.068304e+02
tdc = 7.107788e+01
Doing analysis at TEMP = 27.000000 and TNOM = 27.000000

Using SPARSE 1.3 as Direct Linear Solver

No. of Data Rows : 801
fcross              =  4.91264e+05
pmarg               =  1.06151e+02
tdc                 =  7.10779e+01
mode=10db  rload=10k  rsrc=2.611k  pos=1  C=470p
fcross = 4.912644e+05
pmarg = 1.061508e+02
tdc = 7.107789e+01
Doing analysis at TEMP = 27.000000 and TNOM = 27.000000

Using SPARSE 1.3 as Direct Linear Solver

No. of Data Rows : 801
fcross              =  4.94141e+05
pmarg               =  1.04737e+02
tdc                 =  7.10779e+01
mode=10db  rload=10k  rsrc=2.611k  pos=1  C=1n
fcross = 4.941406e+05
pmarg = 1.047369e+02
tdc = 7.107793e+01
Doing analysis at TEMP = 27.000000 and TNOM = 27.000000

Using SPARSE 1.3 as Direct Linear Solver

No. of Data Rows : 801
fcross              =  4.92857e+05
pmarg               =  1.03522e+02
tdc                 =  7.10780e+01
mode=10db  rload=10k  rsrc=2.611k  pos=1  C=1.5n
fcross = 4.928572e+05
pmarg = 1.035219e+02
tdc = 7.107796e+01
Doing analysis at TEMP = 27.000000 and TNOM = 27.000000

Using SPARSE 1.3 as Direct Linear Solver

No. of Data Rows : 801
fcross              =  4.85659e+05
pmarg               =  1.02121e+02
tdc                 =  7.10780e+01
mode=10db  rload=10k  rsrc=2.611k  pos=1  C=2.2n
fcross = 4.856594e+05
pmarg = 1.021207e+02
tdc = 7.107800e+01
Doing analysis at TEMP = 27.000000 and TNOM = 27.000000

Using SPARSE 1.3 as Direct Linear Solver

No. of Data Rows : 801
fcross              =  4.77943e+05
pmarg               =  1.01351e+02
tdc                 =  7.10780e+01
mode=10db  rload=10k  rsrc=2.611k  pos=1  C=2.7n
fcross = 4.779430e+05
pmarg = 1.013506e+02
tdc = 7.107804e+01
Doing analysis at TEMP = 27.000000 and TNOM = 27.000000

Using SPARSE 1.3 as Direct Linear Solver

No. of Data Rows : 801
fcross              =  4.67383e+05
pmarg               =  1.00643e+02
tdc                 =  7.10781e+01
mode=10db  rload=10k  rsrc=2.611k  pos=1  C=3.3n
fcross = 4.673834e+05
pmarg = 1.006432e+02
tdc = 7.107808e+01
Doing analysis at TEMP = 27.000000 and TNOM = 27.000000

Using SPARSE 1.3 as Direct Linear Solver

No. of Data Rows : 801
fcross              =  4.42347e+05
pmarg               =  9.96507e+01
tdc                 =  7.10782e+01
mode=10db  rload=10k  rsrc=2.611k  pos=1  C=4.7n
fcross = 4.423468e+05
pmarg = 9.965069e+01
tdc = 7.107817e+01
Doing analysis at TEMP = 27.000000 and TNOM = 27.000000

Using SPARSE 1.3 as Direct Linear Solver

No. of Data Rows : 801
fcross              =  4.85383e+05
pmarg               =  1.07420e+02
tdc                 =  7.10779e+01
mode=10db  rload=10k  rsrc=2.611k  pos=2  C=1f
fcross = 4.853831e+05
pmarg = 1.074201e+02
tdc = 7.107786e+01
Doing analysis at TEMP = 27.000000 and TNOM = 27.000000

Using SPARSE 1.3 as Direct Linear Solver

No. of Data Rows : 801
fcross              =  4.86113e+05
pmarg               =  1.07294e+02
tdc                 =  7.10779e+01
mode=10db  rload=10k  rsrc=2.611k  pos=2  C=47p
fcross = 4.861132e+05
pmarg = 1.072938e+02
tdc = 7.107786e+01
Doing analysis at TEMP = 27.000000 and TNOM = 27.000000

Using SPARSE 1.3 as Direct Linear Solver

No. of Data Rows : 801
fcross              =  4.86938e+05
pmarg               =  1.07151e+02
tdc                 =  7.10779e+01
mode=10db  rload=10k  rsrc=2.611k  pos=2  C=100p
fcross = 4.869378e+05
pmarg = 1.071506e+02
tdc = 7.107786e+01
Doing analysis at TEMP = 27.000000 and TNOM = 27.000000

Using SPARSE 1.3 as Direct Linear Solver

No. of Data Rows : 801
fcross              =  4.88809e+05
pmarg               =  1.06824e+02
tdc                 =  7.10779e+01
mode=10db  rload=10k  rsrc=2.611k  pos=2  C=220p
fcross = 4.888091e+05
pmarg = 1.068239e+02
tdc = 7.107786e+01
Doing analysis at TEMP = 27.000000 and TNOM = 27.000000

Using SPARSE 1.3 as Direct Linear Solver

No. of Data Rows : 801
fcross              =  4.92819e+05
pmarg               =  1.06126e+02
tdc                 =  7.10779e+01
mode=10db  rload=10k  rsrc=2.611k  pos=2  C=470p
fcross = 4.928194e+05
pmarg = 1.061256e+02
tdc = 7.107785e+01
Doing analysis at TEMP = 27.000000 and TNOM = 27.000000

Using SPARSE 1.3 as Direct Linear Solver

No. of Data Rows : 801
fcross              =  5.01471e+05
pmarg               =  1.04586e+02
tdc                 =  7.10778e+01
mode=10db  rload=10k  rsrc=2.611k  pos=2  C=1n
fcross = 5.014712e+05
pmarg = 1.045855e+02
tdc = 7.107784e+01
Doing analysis at TEMP = 27.000000 and TNOM = 27.000000

Using SPARSE 1.3 as Direct Linear Solver

No. of Data Rows : 801
fcross              =  5.09954e+05
pmarg               =  1.03044e+02
tdc                 =  7.10778e+01
mode=10db  rload=10k  rsrc=2.611k  pos=2  C=1.5n
fcross = 5.099538e+05
pmarg = 1.030440e+02
tdc = 7.107783e+01
Doing analysis at TEMP = 27.000000 and TNOM = 27.000000

Using SPARSE 1.3 as Direct Linear Solver

No. of Data Rows : 801
fcross              =  5.22125e+05
pmarg               =  1.00744e+02
tdc                 =  7.10778e+01
mode=10db  rload=10k  rsrc=2.611k  pos=2  C=2.2n
fcross = 5.221250e+05
pmarg = 1.007437e+02
tdc = 7.107782e+01
Doing analysis at TEMP = 27.000000 and TNOM = 27.000000

Using SPARSE 1.3 as Direct Linear Solver

No. of Data Rows : 801
fcross              =  5.30987e+05
pmarg               =  9.89927e+01
tdc                 =  7.10778e+01
mode=10db  rload=10k  rsrc=2.611k  pos=2  C=2.7n
fcross = 5.309868e+05
pmarg = 9.899270e+01
tdc = 7.107781e+01
Doing analysis at TEMP = 27.000000 and TNOM = 27.000000

Using SPARSE 1.3 as Direct Linear Solver

No. of Data Rows : 801
fcross              =  5.41586e+05
pmarg               =  9.67781e+01
tdc                 =  7.10778e+01
mode=10db  rload=10k  rsrc=2.611k  pos=2  C=3.3n
fcross = 5.415858e+05
pmarg = 9.677807e+01
tdc = 7.107780e+01
Doing analysis at TEMP = 27.000000 and TNOM = 27.000000

Using SPARSE 1.3 as Direct Linear Solver

No. of Data Rows : 801
fcross              =  5.64546e+05
pmarg               =  9.12082e+01
tdc                 =  7.10778e+01
mode=10db  rload=10k  rsrc=2.611k  pos=2  C=4.7n
fcross = 5.645458e+05
pmarg = 9.120823e+01
tdc = 7.107778e+01
Note: Simulation executed from .control section 
