cella,variante,f_hz,amp,gm,rl,grandezza,uscita,picco_V,t_picco_s,finestra_s,esito,nota
gm0x3_1k_iii_i,l29d2_iii,1000,3.818,0a3,100k,A_ins,MAINJACK,4.034,1.000021,2.000,SOPRA,riferimento g0sempre_1k_iii
gm0x3_1k_iii_i,l29d2_iii,1000,3.818,0a3,100k,A_rel,MAINJACK,4.034,8.000021,2.000,SOPRA,riferimento g0mai_1k_iii
gm0x3_1k_iii_i,l29d2_iii,1000,3.818,0a3,100k,B2,MAINJACK,6.514e-08,7.526979,,sotto,mute da t_ins+t_grad+20 ms a t_rel
gm0x3_1k_iii_i,l29d2_iii,1000,3.818,0a3,100k,C1_ins,MAINJACK,0.0006548,2.353927,,sotto,"diagnostica, cond 1"
gm0x3_1k_iii_i,l29d2_iii,1000,3.818,0a3,100k,C1_rel,MAINJACK,0.0005264,14.171354,,sotto,"diagnostica, cond 1"
gm0x3_1k_iii_i,l29d2_iii,1000,3.818,0a3,100k,C2_ins,MAINJACK,0.0006548,2.353927,,sotto,"riferimento g0sempre_1k_iii, cond 1"
gm0x3_1k_iii_i,l29d2_iii,1000,3.818,0a3,100k,C2_rel,MAINJACK,0.000497,14.171344,,sotto,"riferimento g0mai_1k_iii, cond 1"
gm0x3_1k_iii_i,l29d2_iii,1000,3.818,0a3,100k,S_ins,MAINJACK,7.163,6.040000,,sotto,dB in 100 ms sopra -70 dB; pieno 3.813 V da g0mai_1k_iii
gm0x3_1k_iii_i,l29d2_iii,1000,3.818,0a3,100k,S_rel,MAINJACK,5.729,10.908000,,sotto,dB in 100 ms sopra -70 dB; pieno 3.813 V da g0mai_1k_iii
gm0x3_1k_iii_i,l29d2_iii,1000,3.818,0a3,100k,A_ins,FIXJACK1,4.035,1.000021,2.000,SOPRA,riferimento g0sempre_1k_iii
gm0x3_1k_iii_i,l29d2_iii,1000,3.818,0a3,100k,A_rel,FIXJACK1,4.035,8.000021,2.000,SOPRA,riferimento g0mai_1k_iii
gm0x3_1k_iii_i,l29d2_iii,1000,3.818,0a3,100k,B2,FIXJACK1,6.683e-08,7.526865,,sotto,mute da t_ins+t_grad+20 ms a t_rel
gm0x3_1k_iii_i,l29d2_iii,1000,3.818,0a3,100k,C1_ins,FIXJACK1,0.0006549,2.353927,,sotto,"diagnostica, cond 1"
gm0x3_1k_iii_i,l29d2_iii,1000,3.818,0a3,100k,C1_rel,FIXJACK1,0.0003678,14.171354,,sotto,"diagnostica, cond 1"
gm0x3_1k_iii_i,l29d2_iii,1000,3.818,0a3,100k,C2_ins,FIXJACK1,0.0006549,2.353927,,sotto,"riferimento g0sempre_1k_iii, cond 1"
gm0x3_1k_iii_i,l29d2_iii,1000,3.818,0a3,100k,C2_rel,FIXJACK1,0.0003392,14.171344,,sotto,"riferimento g0mai_1k_iii, cond 1"
gm0x3_1k_iii_i,l29d2_iii,1000,3.818,0a3,100k,S_ins,FIXJACK1,7.163,6.040000,,sotto,dB in 100 ms sopra -70 dB; pieno 3.814 V da g0mai_1k_iii
gm0x3_1k_iii_i,l29d2_iii,1000,3.818,0a3,100k,S_rel,FIXJACK1,5.36,10.959000,,sotto,dB in 100 ms sopra -70 dB; pieno 3.814 V da g0mai_1k_iii
gm0x3_1k_iii_i,l29d2_iii,1000,3.818,0a3,100k,A_ins,FIXJACK2,4.035,1.000021,2.000,SOPRA,riferimento g0sempre_1k_iii
gm0x3_1k_iii_i,l29d2_iii,1000,3.818,0a3,100k,A_rel,FIXJACK2,4.035,8.000021,2.000,SOPRA,riferimento g0mai_1k_iii
gm0x3_1k_iii_i,l29d2_iii,1000,3.818,0a3,100k,B2,FIXJACK2,6.683e-08,7.526865,,sotto,mute da t_ins+t_grad+20 ms a t_rel
gm0x3_1k_iii_i,l29d2_iii,1000,3.818,0a3,100k,C1_ins,FIXJACK2,0.0006549,2.353927,,sotto,"diagnostica, cond 1"
gm0x3_1k_iii_i,l29d2_iii,1000,3.818,0a3,100k,C1_rel,FIXJACK2,0.0003678,14.171354,,sotto,"diagnostica, cond 1"
gm0x3_1k_iii_i,l29d2_iii,1000,3.818,0a3,100k,C2_ins,FIXJACK2,0.0006549,2.353927,,sotto,"riferimento g0sempre_1k_iii, cond 1"
gm0x3_1k_iii_i,l29d2_iii,1000,3.818,0a3,100k,C2_rel,FIXJACK2,0.0003392,14.171344,,sotto,"riferimento g0mai_1k_iii, cond 1"
gm0x3_1k_iii_i,l29d2_iii,1000,3.818,0a3,100k,S_ins,FIXJACK2,7.163,6.040000,,sotto,dB in 100 ms sopra -70 dB; pieno 3.814 V da g0mai_1k_iii
gm0x3_1k_iii_i,l29d2_iii,1000,3.818,0a3,100k,S_rel,FIXJACK2,5.36,10.959000,,sotto,dB in 100 ms sopra -70 dB; pieno 3.814 V da g0mai_1k_iii
gm0x3_1k_iii_c,l29d2_iii,1000,3.818,0a3,100k,A_ins,MAINJACK,3.947e-08,8.000312,2.000,sotto,riferimento g3sempre_1k_iii
gm0x3_1k_iii_c,l29d2_iii,1000,3.818,0a3,100k,A_rel,MAINJACK,5.729,10.000021,2.000,SOPRA,riferimento g3mai_1k_iii
gm0x3_1k_iii_c,l29d2_iii,1000,3.818,0a3,100k,B2,MAINJACK,6.691e-11,9.999990,,sotto,mute da t_ins+t_grad+20 ms a t_rel
gm0x3_1k_iii_c,l29d2_iii,1000,3.818,0a3,100k,C1_ins,MAINJACK,3.924e-08,8.000312,,sotto,"diagnostica, cond 1"
gm0x3_1k_iii_c,l29d2_iii,1000,3.818,0a3,100k,C1_rel,MAINJACK,1.024e-05,10.001333,,sotto,"diagnostica, cond 1"
gm0x3_1k_iii_c,l29d2_iii,1000,3.818,0a3,100k,C2_ins,MAINJACK,3.924e-08,8.000312,,sotto,"riferimento g3sempre_1k_iii, cond 1"
gm0x3_1k_iii_c,l29d2_iii,1000,3.818,0a3,100k,C2_rel,MAINJACK,7.24e-05,10.001146,,sotto,"riferimento g3mai_1k_iii, cond 1"
gm0x3_1k_iii_c,l29d2_iii,1000,3.818,0a3,100k,S_ins,MAINJACK,0,,,sotto,dB in 100 ms sopra -70 dB; pieno 5.415 V da g3mai_1k_iii
gm0x3_1k_iii_c,l29d2_iii,1000,3.818,0a3,100k,S_rel,MAINJACK,0,,,sotto,dB in 100 ms sopra -70 dB; pieno 5.415 V da g3mai_1k_iii
gm0x3_1k_iii_c,l29d2_iii,1000,3.818,0a3,100k,A_ins,FIXJACK1,5.745e-11,9.999990,2.000,sotto,riferimento g3sempre_1k_iii
gm0x3_1k_iii_c,l29d2_iii,1000,3.818,0a3,100k,A_rel,FIXJACK1,4.035,10.000021,2.000,SOPRA,riferimento g3mai_1k_iii
gm0x3_1k_iii_c,l29d2_iii,1000,3.818,0a3,100k,B2,FIXJACK1,5.659e-11,9.999990,,sotto,mute da t_ins+t_grad+20 ms a t_rel
gm0x3_1k_iii_c,l29d2_iii,1000,3.818,0a3,100k,C1_ins,FIXJACK1,2.525e-12,8.000531,,sotto,"diagnostica, cond 1"
gm0x3_1k_iii_c,l29d2_iii,1000,3.818,0a3,100k,C1_rel,FIXJACK1,7.227e-06,10.001333,,sotto,"diagnostica, cond 1"
gm0x3_1k_iii_c,l29d2_iii,1000,3.818,0a3,100k,C2_ins,FIXJACK1,2.525e-12,8.000531,,sotto,"riferimento g3sempre_1k_iii, cond 1"
gm0x3_1k_iii_c,l29d2_iii,1000,3.818,0a3,100k,C2_rel,FIXJACK1,3.99e-05,10.001146,,sotto,"riferimento g3mai_1k_iii, cond 1"
gm0x3_1k_iii_c,l29d2_iii,1000,3.818,0a3,100k,S_ins,FIXJACK1,0,,,sotto,dB in 100 ms sopra -70 dB; pieno 3.814 V da g3mai_1k_iii
gm0x3_1k_iii_c,l29d2_iii,1000,3.818,0a3,100k,S_rel,FIXJACK1,0,,,sotto,dB in 100 ms sopra -70 dB; pieno 3.814 V da g3mai_1k_iii
gm0x3_1k_iii_c,l29d2_iii,1000,3.818,0a3,100k,A_ins,FIXJACK2,5.745e-11,9.999990,2.000,sotto,riferimento g3sempre_1k_iii
gm0x3_1k_iii_c,l29d2_iii,1000,3.818,0a3,100k,A_rel,FIXJACK2,4.035,10.000021,2.000,SOPRA,riferimento g3mai_1k_iii
gm0x3_1k_iii_c,l29d2_iii,1000,3.818,0a3,100k,B2,FIXJACK2,5.659e-11,9.999990,,sotto,mute da t_ins+t_grad+20 ms a t_rel
gm0x3_1k_iii_c,l29d2_iii,1000,3.818,0a3,100k,C1_ins,FIXJACK2,2.524e-12,8.000531,,sotto,"diagnostica, cond 1"
gm0x3_1k_iii_c,l29d2_iii,1000,3.818,0a3,100k,C1_rel,FIXJACK2,7.227e-06,10.001333,,sotto,"diagnostica, cond 1"
gm0x3_1k_iii_c,l29d2_iii,1000,3.818,0a3,100k,C2_ins,FIXJACK2,2.524e-12,8.000531,,sotto,"riferimento g3sempre_1k_iii, cond 1"
gm0x3_1k_iii_c,l29d2_iii,1000,3.818,0a3,100k,C2_rel,FIXJACK2,3.99e-05,10.001146,,sotto,"riferimento g3mai_1k_iii, cond 1"
gm0x3_1k_iii_c,l29d2_iii,1000,3.818,0a3,100k,S_ins,FIXJACK2,0,,,sotto,dB in 100 ms sopra -70 dB; pieno 3.814 V da g3mai_1k_iii
gm0x3_1k_iii_c,l29d2_iii,1000,3.818,0a3,100k,S_rel,FIXJACK2,0,,,sotto,dB in 100 ms sopra -70 dB; pieno 3.814 V da g3mai_1k_iii
gm3x0_1k_iii_i,l29d2_iii,1000,3.818,3a0,100k,A_ins,MAINJACK,5.729,1.000021,2.000,SOPRA,riferimento g3sempre_1k_iii
gm3x0_1k_iii_i,l29d2_iii,1000,3.818,3a0,100k,A_rel,MAINJACK,5.729,8.000021,2.000,SOPRA,riferimento g3mai_1k_iii
gm3x0_1k_iii_i,l29d2_iii,1000,3.818,3a0,100k,B2,MAINJACK,8.879e-08,7.526990,,sotto,mute da t_ins+t_grad+20 ms a t_rel
gm3x0_1k_iii_i,l29d2_iii,1000,3.818,3a0,100k,C1_ins,MAINJACK,0.0009423,2.353927,,sotto,"diagnostica, cond 1"
gm3x0_1k_iii_i,l29d2_iii,1000,3.818,3a0,100k,C1_rel,MAINJACK,0.0003679,14.170354,,sotto,"diagnostica, cond 1"
gm3x0_1k_iii_i,l29d2_iii,1000,3.818,3a0,100k,C2_ins,MAINJACK,0.0009423,2.353927,,sotto,"riferimento g3sempre_1k_iii, cond 1"
gm3x0_1k_iii_i,l29d2_iii,1000,3.818,3a0,100k,C2_rel,MAINJACK,0.0003164,14.163344,,sotto,"riferimento g3mai_1k_iii, cond 1"
gm3x0_1k_iii_i,l29d2_iii,1000,3.818,3a0,100k,S_ins,MAINJACK,7.163,6.040000,,sotto,dB in 100 ms sopra -70 dB; pieno 5.415 V da g3mai_1k_iii
gm3x0_1k_iii_i,l29d2_iii,1000,3.818,3a0,100k,S_rel,MAINJACK,5.047,11.014000,,sotto,dB in 100 ms sopra -70 dB; pieno 5.415 V da g3mai_1k_iii
gm3x0_1k_iii_i,l29d2_iii,1000,3.818,3a0,100k,A_ins,FIXJACK1,4.035,1.000021,2.000,SOPRA,riferimento g3sempre_1k_iii
gm3x0_1k_iii_i,l29d2_iii,1000,3.818,3a0,100k,A_rel,FIXJACK1,4.035,8.000021,2.000,SOPRA,riferimento g3mai_1k_iii
gm3x0_1k_iii_i,l29d2_iii,1000,3.818,3a0,100k,B2,FIXJACK1,6.421e-08,7.526833,,sotto,mute da t_ins+t_grad+20 ms a t_rel
gm3x0_1k_iii_i,l29d2_iii,1000,3.818,3a0,100k,C1_ins,FIXJACK1,0.0006551,2.353927,,sotto,"diagnostica, cond 1"
gm3x0_1k_iii_i,l29d2_iii,1000,3.818,3a0,100k,C1_rel,FIXJACK1,0.000368,14.170354,,sotto,"diagnostica, cond 1"
gm3x0_1k_iii_i,l29d2_iii,1000,3.818,3a0,100k,C2_ins,FIXJACK1,0.0006551,2.353927,,sotto,"riferimento g3sempre_1k_iii, cond 1"
gm3x0_1k_iii_i,l29d2_iii,1000,3.818,3a0,100k,C2_rel,FIXJACK1,0.0003394,14.163344,,sotto,"riferimento g3mai_1k_iii, cond 1"
gm3x0_1k_iii_i,l29d2_iii,1000,3.818,3a0,100k,S_ins,FIXJACK1,7.163,6.040000,,sotto,dB in 100 ms sopra -70 dB; pieno 3.814 V da g3mai_1k_iii
gm3x0_1k_iii_i,l29d2_iii,1000,3.818,3a0,100k,S_rel,FIXJACK1,5.36,10.959000,,sotto,dB in 100 ms sopra -70 dB; pieno 3.814 V da g3mai_1k_iii
gm3x0_1k_iii_i,l29d2_iii,1000,3.818,3a0,100k,A_ins,FIXJACK2,4.035,1.000021,2.000,SOPRA,riferimento g3sempre_1k_iii
gm3x0_1k_iii_i,l29d2_iii,1000,3.818,3a0,100k,A_rel,FIXJACK2,4.035,8.000021,2.000,SOPRA,riferimento g3mai_1k_iii
gm3x0_1k_iii_i,l29d2_iii,1000,3.818,3a0,100k,B2,FIXJACK2,6.421e-08,7.526833,,sotto,mute da t_ins+t_grad+20 ms a t_rel
gm3x0_1k_iii_i,l29d2_iii,1000,3.818,3a0,100k,C1_ins,FIXJACK2,0.0006551,2.353927,,sotto,"diagnostica, cond 1"
gm3x0_1k_iii_i,l29d2_iii,1000,3.818,3a0,100k,C1_rel,FIXJACK2,0.000368,14.170354,,sotto,"diagnostica, cond 1"
gm3x0_1k_iii_i,l29d2_iii,1000,3.818,3a0,100k,C2_ins,FIXJACK2,0.0006551,2.353927,,sotto,"riferimento g3sempre_1k_iii, cond 1"
gm3x0_1k_iii_i,l29d2_iii,1000,3.818,3a0,100k,C2_rel,FIXJACK2,0.0003394,14.163344,,sotto,"riferimento g3mai_1k_iii, cond 1"
gm3x0_1k_iii_i,l29d2_iii,1000,3.818,3a0,100k,S_ins,FIXJACK2,7.163,6.040000,,sotto,dB in 100 ms sopra -70 dB; pieno 3.814 V da g3mai_1k_iii
gm3x0_1k_iii_i,l29d2_iii,1000,3.818,3a0,100k,S_rel,FIXJACK2,5.36,10.959000,,sotto,dB in 100 ms sopra -70 dB; pieno 3.814 V da g3mai_1k_iii
gm3x0_1k_iii_c,l29d2_iii,1000,3.818,3a0,100k,A_ins,MAINJACK,3.661e-08,8.000010,2.000,sotto,riferimento g0sempre_1k_iii
gm3x0_1k_iii_c,l29d2_iii,1000,3.818,3a0,100k,A_rel,MAINJACK,4.034,10.000021,2.000,SOPRA,riferimento g0mai_1k_iii
gm3x0_1k_iii_c,l29d2_iii,1000,3.818,3a0,100k,B2,MAINJACK,2.412e-11,9.999990,,sotto,mute da t_ins+t_grad+20 ms a t_rel
gm3x0_1k_iii_c,l29d2_iii,1000,3.818,3a0,100k,C1_ins,MAINJACK,3.495e-08,8.000010,,sotto,"diagnostica, cond 1"
gm3x0_1k_iii_c,l29d2_iii,1000,3.818,3a0,100k,C1_rel,MAINJACK,7.652e-06,10.001333,,sotto,"diagnostica, cond 1"
gm3x0_1k_iii_c,l29d2_iii,1000,3.818,3a0,100k,C2_ins,MAINJACK,3.495e-08,8.000010,,sotto,"riferimento g0sempre_1k_iii, cond 1"
gm3x0_1k_iii_c,l29d2_iii,1000,3.818,3a0,100k,C2_rel,MAINJACK,4.088e-05,10.001146,,sotto,"riferimento g0mai_1k_iii, cond 1"
gm3x0_1k_iii_c,l29d2_iii,1000,3.818,3a0,100k,S_ins,MAINJACK,0,,,sotto,dB in 100 ms sopra -70 dB; pieno 3.813 V da g0mai_1k_iii
gm3x0_1k_iii_c,l29d2_iii,1000,3.818,3a0,100k,S_rel,MAINJACK,0,,,sotto,dB in 100 ms sopra -70 dB; pieno 3.813 V da g0mai_1k_iii
gm3x0_1k_iii_c,l29d2_iii,1000,3.818,3a0,100k,A_ins,FIXJACK1,2.979e-11,9.999990,2.000,sotto,riferimento g0sempre_1k_iii
gm3x0_1k_iii_c,l29d2_iii,1000,3.818,3a0,100k,A_rel,FIXJACK1,4.035,10.000021,2.000,SOPRA,riferimento g0mai_1k_iii
gm3x0_1k_iii_c,l29d2_iii,1000,3.818,3a0,100k,B2,FIXJACK1,2.893e-11,9.999990,,sotto,mute da t_ins+t_grad+20 ms a t_rel
gm3x0_1k_iii_c,l29d2_iii,1000,3.818,3a0,100k,C1_ins,FIXJACK1,2.088e-12,8.000042,,sotto,"diagnostica, cond 1"
gm3x0_1k_iii_c,l29d2_iii,1000,3.818,3a0,100k,C1_rel,FIXJACK1,7.655e-06,10.001333,,sotto,"diagnostica, cond 1"
gm3x0_1k_iii_c,l29d2_iii,1000,3.818,3a0,100k,C2_ins,FIXJACK1,2.088e-12,8.000042,,sotto,"riferimento g0sempre_1k_iii, cond 1"
gm3x0_1k_iii_c,l29d2_iii,1000,3.818,3a0,100k,C2_rel,FIXJACK1,4.089e-05,10.001146,,sotto,"riferimento g0mai_1k_iii, cond 1"
gm3x0_1k_iii_c,l29d2_iii,1000,3.818,3a0,100k,S_ins,FIXJACK1,0,,,sotto,dB in 100 ms sopra -70 dB; pieno 3.814 V da g0mai_1k_iii
gm3x0_1k_iii_c,l29d2_iii,1000,3.818,3a0,100k,S_rel,FIXJACK1,0,,,sotto,dB in 100 ms sopra -70 dB; pieno 3.814 V da g0mai_1k_iii
gm3x0_1k_iii_c,l29d2_iii,1000,3.818,3a0,100k,A_ins,FIXJACK2,2.979e-11,9.999990,2.000,sotto,riferimento g0sempre_1k_iii
gm3x0_1k_iii_c,l29d2_iii,1000,3.818,3a0,100k,A_rel,FIXJACK2,4.035,10.000021,2.000,SOPRA,riferimento g0mai_1k_iii
gm3x0_1k_iii_c,l29d2_iii,1000,3.818,3a0,100k,B2,FIXJACK2,2.893e-11,9.999990,,sotto,mute da t_ins+t_grad+20 ms a t_rel
gm3x0_1k_iii_c,l29d2_iii,1000,3.818,3a0,100k,C1_ins,FIXJACK2,2.088e-12,8.000042,,sotto,"diagnostica, cond 1"
gm3x0_1k_iii_c,l29d2_iii,1000,3.818,3a0,100k,C1_rel,FIXJACK2,7.655e-06,10.001333,,sotto,"diagnostica, cond 1"
gm3x0_1k_iii_c,l29d2_iii,1000,3.818,3a0,100k,C2_ins,FIXJACK2,2.088e-12,8.000042,,sotto,"riferimento g0sempre_1k_iii, cond 1"
gm3x0_1k_iii_c,l29d2_iii,1000,3.818,3a0,100k,C2_rel,FIXJACK2,4.089e-05,10.001146,,sotto,"riferimento g0mai_1k_iii, cond 1"
gm3x0_1k_iii_c,l29d2_iii,1000,3.818,3a0,100k,S_ins,FIXJACK2,0,,,sotto,dB in 100 ms sopra -70 dB; pieno 3.814 V da g0mai_1k_iii
gm3x0_1k_iii_c,l29d2_iii,1000,3.818,3a0,100k,S_rel,FIXJACK2,0,,,sotto,dB in 100 ms sopra -70 dB; pieno 3.814 V da g0mai_1k_iii
gm3x10_1k_iii_i,l29d2_iii,1000,3.818,3a10,100k,A_ins,MAINJACK,5.729,1.000021,2.000,SOPRA,riferimento g3sempre_1k_iii
gm3x10_1k_iii_i,l29d2_iii,1000,3.818,3a10,100k,A_rel,MAINJACK,5.729,8.000021,2.000,SOPRA,riferimento g3mai_1k_iii
gm3x10_1k_iii_i,l29d2_iii,1000,3.818,3a10,100k,B2,MAINJACK,8.879e-08,7.526990,,sotto,mute da t_ins+t_grad+20 ms a t_rel
gm3x10_1k_iii_i,l29d2_iii,1000,3.818,3a10,100k,C1_ins,MAINJACK,0.0009423,2.353927,,sotto,"diagnostica, cond 1"
gm3x10_1k_iii_i,l29d2_iii,1000,3.818,3a10,100k,C1_rel,MAINJACK,0.001214,14.200354,,SOPRA,"diagnostica, cond 1"
gm3x10_1k_iii_i,l29d2_iii,1000,3.818,3a10,100k,C2_ins,MAINJACK,0.0009423,2.353927,,sotto,"riferimento g3sempre_1k_iii, cond 1"
gm3x10_1k_iii_i,l29d2_iii,1000,3.818,3a10,100k,C2_rel,MAINJACK,0.00116,14.199354,,SOPRA,"riferimento g3mai_1k_iii, cond 1"
gm3x10_1k_iii_i,l29d2_iii,1000,3.818,3a10,100k,S_ins,MAINJACK,7.163,6.040000,,sotto,dB in 100 ms sopra -70 dB; pieno 5.415 V da g3mai_1k_iii
gm3x10_1k_iii_i,l29d2_iii,1000,3.818,3a10,100k,S_rel,MAINJACK,6.08,10.844000,,sotto,dB in 100 ms sopra -70 dB; pieno 5.415 V da g3mai_1k_iii
gm3x10_1k_iii_i,l29d2_iii,1000,3.818,3a10,100k,A_ins,FIXJACK1,4.035,1.000021,2.000,SOPRA,riferimento g3sempre_1k_iii
gm3x10_1k_iii_i,l29d2_iii,1000,3.818,3a10,100k,A_rel,FIXJACK1,4.035,8.000021,2.000,SOPRA,riferimento g3mai_1k_iii
gm3x10_1k_iii_i,l29d2_iii,1000,3.818,3a10,100k,B2,FIXJACK1,6.421e-08,7.526833,,sotto,mute da t_ins+t_grad+20 ms a t_rel
gm3x10_1k_iii_i,l29d2_iii,1000,3.818,3a10,100k,C1_ins,FIXJACK1,0.0006551,2.353927,,sotto,"diagnostica, cond 1"
gm3x10_1k_iii_i,l29d2_iii,1000,3.818,3a10,100k,C1_rel,FIXJACK1,0.0003678,14.170354,,sotto,"diagnostica, cond 1"
gm3x10_1k_iii_i,l29d2_iii,1000,3.818,3a10,100k,C2_ins,FIXJACK1,0.0006551,2.353927,,sotto,"riferimento g3sempre_1k_iii, cond 1"
gm3x10_1k_iii_i,l29d2_iii,1000,3.818,3a10,100k,C2_rel,FIXJACK1,0.0003389,14.173344,,sotto,"riferimento g3mai_1k_iii, cond 1"
gm3x10_1k_iii_i,l29d2_iii,1000,3.818,3a10,100k,S_ins,FIXJACK1,7.163,6.040000,,sotto,dB in 100 ms sopra -70 dB; pieno 3.814 V da g3mai_1k_iii
gm3x10_1k_iii_i,l29d2_iii,1000,3.818,3a10,100k,S_rel,FIXJACK1,5.36,10.959000,,sotto,dB in 100 ms sopra -70 dB; pieno 3.814 V da g3mai_1k_iii
gm3x10_1k_iii_i,l29d2_iii,1000,3.818,3a10,100k,A_ins,FIXJACK2,4.035,1.000021,2.000,SOPRA,riferimento g3sempre_1k_iii
gm3x10_1k_iii_i,l29d2_iii,1000,3.818,3a10,100k,A_rel,FIXJACK2,4.035,8.000021,2.000,SOPRA,riferimento g3mai_1k_iii
gm3x10_1k_iii_i,l29d2_iii,1000,3.818,3a10,100k,B2,FIXJACK2,6.421e-08,7.526833,,sotto,mute da t_ins+t_grad+20 ms a t_rel
gm3x10_1k_iii_i,l29d2_iii,1000,3.818,3a10,100k,C1_ins,FIXJACK2,0.0006551,2.353927,,sotto,"diagnostica, cond 1"
gm3x10_1k_iii_i,l29d2_iii,1000,3.818,3a10,100k,C1_rel,FIXJACK2,0.0003678,14.170354,,sotto,"diagnostica, cond 1"
gm3x10_1k_iii_i,l29d2_iii,1000,3.818,3a10,100k,C2_ins,FIXJACK2,0.0006551,2.353927,,sotto,"riferimento g3sempre_1k_iii, cond 1"
gm3x10_1k_iii_i,l29d2_iii,1000,3.818,3a10,100k,C2_rel,FIXJACK2,0.0003389,14.173344,,sotto,"riferimento g3mai_1k_iii, cond 1"
gm3x10_1k_iii_i,l29d2_iii,1000,3.818,3a10,100k,S_ins,FIXJACK2,7.163,6.040000,,sotto,dB in 100 ms sopra -70 dB; pieno 3.814 V da g3mai_1k_iii
gm3x10_1k_iii_i,l29d2_iii,1000,3.818,3a10,100k,S_rel,FIXJACK2,5.36,10.959000,,sotto,dB in 100 ms sopra -70 dB; pieno 3.814 V da g3mai_1k_iii
gm3x10_1k_iii_c,l29d2_iii,1000,3.818,3a10,100k,A_ins,MAINJACK,7.538e-08,8.000312,2.000,sotto,riferimento g10sempre_1k_iii
gm3x10_1k_iii_c,l29d2_iii,1000,3.818,3a10,100k,A_rel,MAINJACK,12.72,10.000021,2.000,SOPRA,riferimento g10mai_1k_iii
gm3x10_1k_iii_c,l29d2_iii,1000,3.818,3a10,100k,B2,MAINJACK,1.251e-10,9.999990,,sotto,mute da t_ins+t_grad+20 ms a t_rel
gm3x10_1k_iii_c,l29d2_iii,1000,3.818,3a10,100k,C1_ins,MAINJACK,7.506e-08,8.000312,,sotto,"diagnostica, cond 1"
gm3x10_1k_iii_c,l29d2_iii,1000,3.818,3a10,100k,C1_rel,MAINJACK,2.251e-05,10.001333,,sotto,"diagnostica, cond 1"
gm3x10_1k_iii_c,l29d2_iii,1000,3.818,3a10,100k,C2_ins,MAINJACK,7.506e-08,8.000312,,sotto,"riferimento g10sempre_1k_iii, cond 1"
gm3x10_1k_iii_c,l29d2_iii,1000,3.818,3a10,100k,C2_rel,MAINJACK,0.000349,10.001135,,sotto,"riferimento g10mai_1k_iii, cond 1"
gm3x10_1k_iii_c,l29d2_iii,1000,3.818,3a10,100k,S_ins,MAINJACK,0,,,sotto,dB in 100 ms sopra -70 dB; pieno 12.02 V da g10mai_1k_iii
gm3x10_1k_iii_c,l29d2_iii,1000,3.818,3a10,100k,S_rel,MAINJACK,0,,,sotto,dB in 100 ms sopra -70 dB; pieno 12.02 V da g10mai_1k_iii
gm3x10_1k_iii_c,l29d2_iii,1000,3.818,3a10,100k,A_ins,FIXJACK1,4.852e-11,9.999990,2.000,sotto,riferimento g10sempre_1k_iii
gm3x10_1k_iii_c,l29d2_iii,1000,3.818,3a10,100k,A_rel,FIXJACK1,4.035,10.000021,2.000,SOPRA,riferimento g10mai_1k_iii
gm3x10_1k_iii_c,l29d2_iii,1000,3.818,3a10,100k,B2,FIXJACK1,4.766e-11,9.999990,,sotto,mute da t_ins+t_grad+20 ms a t_rel
gm3x10_1k_iii_c,l29d2_iii,1000,3.818,3a10,100k,C1_ins,FIXJACK1,2.397e-12,8.000531,,sotto,"diagnostica, cond 1"
gm3x10_1k_iii_c,l29d2_iii,1000,3.818,3a10,100k,C1_rel,FIXJACK1,7.182e-06,10.001333,,sotto,"diagnostica, cond 1"
gm3x10_1k_iii_c,l29d2_iii,1000,3.818,3a10,100k,C2_ins,FIXJACK1,2.397e-12,8.000531,,sotto,"riferimento g10sempre_1k_iii, cond 1"
gm3x10_1k_iii_c,l29d2_iii,1000,3.818,3a10,100k,C2_rel,FIXJACK1,3.947e-05,10.002156,,sotto,"riferimento g10mai_1k_iii, cond 1"
gm3x10_1k_iii_c,l29d2_iii,1000,3.818,3a10,100k,S_ins,FIXJACK1,0,,,sotto,dB in 100 ms sopra -70 dB; pieno 3.814 V da g10mai_1k_iii
gm3x10_1k_iii_c,l29d2_iii,1000,3.818,3a10,100k,S_rel,FIXJACK1,0,,,sotto,dB in 100 ms sopra -70 dB; pieno 3.814 V da g10mai_1k_iii
gm3x10_1k_iii_c,l29d2_iii,1000,3.818,3a10,100k,A_ins,FIXJACK2,4.852e-11,9.999990,2.000,sotto,riferimento g10sempre_1k_iii
gm3x10_1k_iii_c,l29d2_iii,1000,3.818,3a10,100k,A_rel,FIXJACK2,4.035,10.000021,2.000,SOPRA,riferimento g10mai_1k_iii
gm3x10_1k_iii_c,l29d2_iii,1000,3.818,3a10,100k,B2,FIXJACK2,4.766e-11,9.999990,,sotto,mute da t_ins+t_grad+20 ms a t_rel
gm3x10_1k_iii_c,l29d2_iii,1000,3.818,3a10,100k,C1_ins,FIXJACK2,2.395e-12,8.000531,,sotto,"diagnostica, cond 1"
gm3x10_1k_iii_c,l29d2_iii,1000,3.818,3a10,100k,C1_rel,FIXJACK2,7.182e-06,10.001333,,sotto,"diagnostica, cond 1"
gm3x10_1k_iii_c,l29d2_iii,1000,3.818,3a10,100k,C2_ins,FIXJACK2,2.395e-12,8.000531,,sotto,"riferimento g10sempre_1k_iii, cond 1"
gm3x10_1k_iii_c,l29d2_iii,1000,3.818,3a10,100k,C2_rel,FIXJACK2,3.947e-05,10.002156,,sotto,"riferimento g10mai_1k_iii, cond 1"
gm3x10_1k_iii_c,l29d2_iii,1000,3.818,3a10,100k,S_ins,FIXJACK2,0,,,sotto,dB in 100 ms sopra -70 dB; pieno 3.814 V da g10mai_1k_iii
gm3x10_1k_iii_c,l29d2_iii,1000,3.818,3a10,100k,S_rel,FIXJACK2,0,,,sotto,dB in 100 ms sopra -70 dB; pieno 3.814 V da g10mai_1k_iii
gm10x3_1k_iii_i,l29d2_iii,1000,3.818,10a3,100k,A_ins,MAINJACK,12.72,1.000021,2.000,SOPRA,riferimento g10sempre_1k_iii
gm10x3_1k_iii_i,l29d2_iii,1000,3.818,10a3,100k,A_rel,MAINJACK,12.72,8.000021,2.000,SOPRA,riferimento g10mai_1k_iii
gm10x3_1k_iii_i,l29d2_iii,1000,3.818,10a3,100k,B2,MAINJACK,2.054e-07,7.526969,,sotto,mute da t_ins+t_grad+20 ms a t_rel
gm10x3_1k_iii_i,l29d2_iii,1000,3.818,10a3,100k,C1_ins,MAINJACK,0.002218,2.353927,,SOPRA,"diagnostica, cond 1"
gm10x3_1k_iii_i,l29d2_iii,1000,3.818,10a3,100k,C1_rel,MAINJACK,0.0005262,14.179354,,sotto,"diagnostica, cond 1"
gm10x3_1k_iii_i,l29d2_iii,1000,3.818,10a3,100k,C2_ins,MAINJACK,0.002218,2.353927,,SOPRA,"riferimento g10sempre_1k_iii, cond 1"
gm10x3_1k_iii_i,l29d2_iii,1000,3.818,10a3,100k,C2_rel,MAINJACK,0.0004684,13.683156,,sotto,"riferimento g10mai_1k_iii, cond 1"
gm10x3_1k_iii_i,l29d2_iii,1000,3.818,10a3,100k,S_ins,MAINJACK,7.163,6.040000,,sotto,dB in 100 ms sopra -70 dB; pieno 12.02 V da g10mai_1k_iii
gm10x3_1k_iii_i,l29d2_iii,1000,3.818,10a3,100k,S_rel,MAINJACK,4.847,11.091000,,sotto,dB in 100 ms sopra -70 dB; pieno 12.02 V da g10mai_1k_iii
gm10x3_1k_iii_i,l29d2_iii,1000,3.818,10a3,100k,A_ins,FIXJACK1,4.035,1.000021,2.000,SOPRA,riferimento g10sempre_1k_iii
gm10x3_1k_iii_i,l29d2_iii,1000,3.818,10a3,100k,A_rel,FIXJACK1,4.035,8.000021,2.000,SOPRA,riferimento g10mai_1k_iii
gm10x3_1k_iii_i,l29d2_iii,1000,3.818,10a3,100k,B2,FIXJACK1,6.666e-08,7.526792,,sotto,mute da t_ins+t_grad+20 ms a t_rel
gm10x3_1k_iii_i,l29d2_iii,1000,3.818,10a3,100k,C1_ins,FIXJACK1,0.0006538,2.353927,,sotto,"diagnostica, cond 1"
gm10x3_1k_iii_i,l29d2_iii,1000,3.818,10a3,100k,C1_rel,FIXJACK1,0.0003677,14.161354,,sotto,"diagnostica, cond 1"
gm10x3_1k_iii_i,l29d2_iii,1000,3.818,10a3,100k,C2_ins,FIXJACK1,0.0006538,2.353927,,sotto,"riferimento g10sempre_1k_iii, cond 1"
gm10x3_1k_iii_i,l29d2_iii,1000,3.818,10a3,100k,C2_rel,FIXJACK1,0.0003397,14.162344,,sotto,"riferimento g10mai_1k_iii, cond 1"
gm10x3_1k_iii_i,l29d2_iii,1000,3.818,10a3,100k,S_ins,FIXJACK1,7.163,6.040000,,sotto,dB in 100 ms sopra -70 dB; pieno 3.814 V da g10mai_1k_iii
gm10x3_1k_iii_i,l29d2_iii,1000,3.818,10a3,100k,S_rel,FIXJACK1,5.36,10.959000,,sotto,dB in 100 ms sopra -70 dB; pieno 3.814 V da g10mai_1k_iii
gm10x3_1k_iii_i,l29d2_iii,1000,3.818,10a3,100k,A_ins,FIXJACK2,4.035,1.000021,2.000,SOPRA,riferimento g10sempre_1k_iii
gm10x3_1k_iii_i,l29d2_iii,1000,3.818,10a3,100k,A_rel,FIXJACK2,4.035,8.000021,2.000,SOPRA,riferimento g10mai_1k_iii
gm10x3_1k_iii_i,l29d2_iii,1000,3.818,10a3,100k,B2,FIXJACK2,6.666e-08,7.526792,,sotto,mute da t_ins+t_grad+20 ms a t_rel
gm10x3_1k_iii_i,l29d2_iii,1000,3.818,10a3,100k,C1_ins,FIXJACK2,0.0006538,2.353927,,sotto,"diagnostica, cond 1"
gm10x3_1k_iii_i,l29d2_iii,1000,3.818,10a3,100k,C1_rel,FIXJACK2,0.0003677,14.161354,,sotto,"diagnostica, cond 1"
gm10x3_1k_iii_i,l29d2_iii,1000,3.818,10a3,100k,C2_ins,FIXJACK2,0.0006538,2.353927,,sotto,"riferimento g10sempre_1k_iii, cond 1"
gm10x3_1k_iii_i,l29d2_iii,1000,3.818,10a3,100k,C2_rel,FIXJACK2,0.0003397,14.162344,,sotto,"riferimento g10mai_1k_iii, cond 1"
gm10x3_1k_iii_i,l29d2_iii,1000,3.818,10a3,100k,S_ins,FIXJACK2,7.163,6.040000,,sotto,dB in 100 ms sopra -70 dB; pieno 3.814 V da g10mai_1k_iii
gm10x3_1k_iii_i,l29d2_iii,1000,3.818,10a3,100k,S_rel,FIXJACK2,5.36,10.959000,,sotto,dB in 100 ms sopra -70 dB; pieno 3.814 V da g10mai_1k_iii
gm10x3_1k_iii_c,l29d2_iii,1000,3.818,10a3,100k,A_ins,MAINJACK,7.674e-09,8.000417,2.000,sotto,riferimento g3sempre_1k_iii
gm10x3_1k_iii_c,l29d2_iii,1000,3.818,10a3,100k,A_rel,MAINJACK,5.729,10.000021,2.000,SOPRA,riferimento g3mai_1k_iii
gm10x3_1k_iii_c,l29d2_iii,1000,3.818,10a3,100k,B2,MAINJACK,7.464e-11,9.999990,,sotto,mute da t_ins+t_grad+20 ms a t_rel
gm10x3_1k_iii_c,l29d2_iii,1000,3.818,10a3,100k,C1_ins,MAINJACK,7.756e-09,8.000417,,sotto,"diagnostica, cond 1"
gm10x3_1k_iii_c,l29d2_iii,1000,3.818,10a3,100k,C1_rel,MAINJACK,1.048e-05,10.001333,,sotto,"diagnostica, cond 1"
gm10x3_1k_iii_c,l29d2_iii,1000,3.818,10a3,100k,C2_ins,MAINJACK,7.756e-09,8.000417,,sotto,"riferimento g3sempre_1k_iii, cond 1"
gm10x3_1k_iii_c,l29d2_iii,1000,3.818,10a3,100k,C2_rel,MAINJACK,7.269e-05,10.001146,,sotto,"riferimento g3mai_1k_iii, cond 1"
gm10x3_1k_iii_c,l29d2_iii,1000,3.818,10a3,100k,S_ins,MAINJACK,0,,,sotto,dB in 100 ms sopra -70 dB; pieno 5.415 V da g3mai_1k_iii
gm10x3_1k_iii_c,l29d2_iii,1000,3.818,10a3,100k,S_rel,MAINJACK,0,,,sotto,dB in 100 ms sopra -70 dB; pieno 5.415 V da g3mai_1k_iii
gm10x3_1k_iii_c,l29d2_iii,1000,3.818,10a3,100k,A_ins,FIXJACK1,6.398e-11,9.999990,2.000,sotto,riferimento g3sempre_1k_iii
gm10x3_1k_iii_c,l29d2_iii,1000,3.818,10a3,100k,A_rel,FIXJACK1,4.035,10.000021,2.000,SOPRA,riferimento g3mai_1k_iii
gm10x3_1k_iii_c,l29d2_iii,1000,3.818,10a3,100k,B2,FIXJACK1,6.312e-11,9.999990,,sotto,mute da t_ins+t_grad+20 ms a t_rel
gm10x3_1k_iii_c,l29d2_iii,1000,3.818,10a3,100k,C1_ins,FIXJACK1,2.031e-12,7.980000,,sotto,"diagnostica, cond 1"
gm10x3_1k_iii_c,l29d2_iii,1000,3.818,10a3,100k,C1_rel,FIXJACK1,7.389e-06,10.001333,,sotto,"diagnostica, cond 1"
gm10x3_1k_iii_c,l29d2_iii,1000,3.818,10a3,100k,C2_ins,FIXJACK1,2.031e-12,7.980000,,sotto,"riferimento g3sempre_1k_iii, cond 1"
gm10x3_1k_iii_c,l29d2_iii,1000,3.818,10a3,100k,C2_rel,FIXJACK1,4.011e-05,10.001146,,sotto,"riferimento g3mai_1k_iii, cond 1"
gm10x3_1k_iii_c,l29d2_iii,1000,3.818,10a3,100k,S_ins,FIXJACK1,0,,,sotto,dB in 100 ms sopra -70 dB; pieno 3.814 V da g3mai_1k_iii
gm10x3_1k_iii_c,l29d2_iii,1000,3.818,10a3,100k,S_rel,FIXJACK1,0,,,sotto,dB in 100 ms sopra -70 dB; pieno 3.814 V da g3mai_1k_iii
gm10x3_1k_iii_c,l29d2_iii,1000,3.818,10a3,100k,A_ins,FIXJACK2,6.398e-11,9.999990,2.000,sotto,riferimento g3sempre_1k_iii
gm10x3_1k_iii_c,l29d2_iii,1000,3.818,10a3,100k,A_rel,FIXJACK2,4.035,10.000021,2.000,SOPRA,riferimento g3mai_1k_iii
gm10x3_1k_iii_c,l29d2_iii,1000,3.818,10a3,100k,B2,FIXJACK2,6.312e-11,9.999990,,sotto,mute da t_ins+t_grad+20 ms a t_rel
gm10x3_1k_iii_c,l29d2_iii,1000,3.818,10a3,100k,C1_ins,FIXJACK2,2.031e-12,7.980000,,sotto,"diagnostica, cond 1"
gm10x3_1k_iii_c,l29d2_iii,1000,3.818,10a3,100k,C1_rel,FIXJACK2,7.389e-06,10.001333,,sotto,"diagnostica, cond 1"
gm10x3_1k_iii_c,l29d2_iii,1000,3.818,10a3,100k,C2_ins,FIXJACK2,2.031e-12,7.980000,,sotto,"riferimento g3sempre_1k_iii, cond 1"
gm10x3_1k_iii_c,l29d2_iii,1000,3.818,10a3,100k,C2_rel,FIXJACK2,4.011e-05,10.001146,,sotto,"riferimento g3mai_1k_iii, cond 1"
gm10x3_1k_iii_c,l29d2_iii,1000,3.818,10a3,100k,S_ins,FIXJACK2,0,,,sotto,dB in 100 ms sopra -70 dB; pieno 3.814 V da g3mai_1k_iii
gm10x3_1k_iii_c,l29d2_iii,1000,3.818,10a3,100k,S_rel,FIXJACK2,0,,,sotto,dB in 100 ms sopra -70 dB; pieno 3.814 V da g3mai_1k_iii
gm0x10_1k_iii_i,l29d2_iii,1000,3.818,0a10,100k,A_ins,MAINJACK,4.034,1.000021,2.000,SOPRA,riferimento g0sempre_1k_iii
gm0x10_1k_iii_i,l29d2_iii,1000,3.818,0a10,100k,A_rel,MAINJACK,4.034,8.000021,2.000,SOPRA,riferimento g0mai_1k_iii
gm0x10_1k_iii_i,l29d2_iii,1000,3.818,0a10,100k,B2,MAINJACK,6.514e-08,7.526979,,sotto,mute da t_ins+t_grad+20 ms a t_rel
gm0x10_1k_iii_i,l29d2_iii,1000,3.818,0a10,100k,C1_ins,MAINJACK,0.0006548,2.353927,,sotto,"diagnostica, cond 1"
gm0x10_1k_iii_i,l29d2_iii,1000,3.818,0a10,100k,C1_rel,MAINJACK,0.001215,14.193354,,SOPRA,"diagnostica, cond 1"
gm0x10_1k_iii_i,l29d2_iii,1000,3.818,0a10,100k,C2_ins,MAINJACK,0.0006548,2.353927,,sotto,"riferimento g0sempre_1k_iii, cond 1"
gm0x10_1k_iii_i,l29d2_iii,1000,3.818,0a10,100k,C2_rel,MAINJACK,0.001185,14.193354,,SOPRA,"riferimento g0mai_1k_iii, cond 1"
gm0x10_1k_iii_i,l29d2_iii,1000,3.818,0a10,100k,S_ins,MAINJACK,7.163,6.040000,,sotto,dB in 100 ms sopra -70 dB; pieno 3.813 V da g0mai_1k_iii
gm0x10_1k_iii_i,l29d2_iii,1000,3.818,0a10,100k,S_rel,MAINJACK,6.104,10.832000,,sotto,dB in 100 ms sopra -70 dB; pieno 3.813 V da g0mai_1k_iii
gm0x10_1k_iii_i,l29d2_iii,1000,3.818,0a10,100k,A_ins,FIXJACK1,4.035,1.000021,2.000,SOPRA,riferimento g0sempre_1k_iii
gm0x10_1k_iii_i,l29d2_iii,1000,3.818,0a10,100k,A_rel,FIXJACK1,4.035,8.000021,2.000,SOPRA,riferimento g0mai_1k_iii
gm0x10_1k_iii_i,l29d2_iii,1000,3.818,0a10,100k,B2,FIXJACK1,6.683e-08,7.526865,,sotto,mute da t_ins+t_grad+20 ms a t_rel
gm0x10_1k_iii_i,l29d2_iii,1000,3.818,0a10,100k,C1_ins,FIXJACK1,0.0006549,2.353927,,sotto,"diagnostica, cond 1"
gm0x10_1k_iii_i,l29d2_iii,1000,3.818,0a10,100k,C1_rel,FIXJACK1,0.0003677,14.186354,,sotto,"diagnostica, cond 1"
gm0x10_1k_iii_i,l29d2_iii,1000,3.818,0a10,100k,C2_ins,FIXJACK1,0.0006549,2.353927,,sotto,"riferimento g0sempre_1k_iii, cond 1"
gm0x10_1k_iii_i,l29d2_iii,1000,3.818,0a10,100k,C2_rel,FIXJACK1,0.0003389,14.172344,,sotto,"riferimento g0mai_1k_iii, cond 1"
gm0x10_1k_iii_i,l29d2_iii,1000,3.818,0a10,100k,S_ins,FIXJACK1,7.163,6.040000,,sotto,dB in 100 ms sopra -70 dB; pieno 3.814 V da g0mai_1k_iii
gm0x10_1k_iii_i,l29d2_iii,1000,3.818,0a10,100k,S_rel,FIXJACK1,5.36,10.959000,,sotto,dB in 100 ms sopra -70 dB; pieno 3.814 V da g0mai_1k_iii
gm0x10_1k_iii_i,l29d2_iii,1000,3.818,0a10,100k,A_ins,FIXJACK2,4.035,1.000021,2.000,SOPRA,riferimento g0sempre_1k_iii
gm0x10_1k_iii_i,l29d2_iii,1000,3.818,0a10,100k,A_rel,FIXJACK2,4.035,8.000021,2.000,SOPRA,riferimento g0mai_1k_iii
gm0x10_1k_iii_i,l29d2_iii,1000,3.818,0a10,100k,B2,FIXJACK2,6.683e-08,7.526865,,sotto,mute da t_ins+t_grad+20 ms a t_rel
gm0x10_1k_iii_i,l29d2_iii,1000,3.818,0a10,100k,C1_ins,FIXJACK2,0.0006549,2.353927,,sotto,"diagnostica, cond 1"
gm0x10_1k_iii_i,l29d2_iii,1000,3.818,0a10,100k,C1_rel,FIXJACK2,0.0003677,14.186354,,sotto,"diagnostica, cond 1"
gm0x10_1k_iii_i,l29d2_iii,1000,3.818,0a10,100k,C2_ins,FIXJACK2,0.0006549,2.353927,,sotto,"riferimento g0sempre_1k_iii, cond 1"
gm0x10_1k_iii_i,l29d2_iii,1000,3.818,0a10,100k,C2_rel,FIXJACK2,0.0003389,14.172344,,sotto,"riferimento g0mai_1k_iii, cond 1"
gm0x10_1k_iii_i,l29d2_iii,1000,3.818,0a10,100k,S_ins,FIXJACK2,7.163,6.040000,,sotto,dB in 100 ms sopra -70 dB; pieno 3.814 V da g0mai_1k_iii
gm0x10_1k_iii_i,l29d2_iii,1000,3.818,0a10,100k,S_rel,FIXJACK2,5.36,10.959000,,sotto,dB in 100 ms sopra -70 dB; pieno 3.814 V da g0mai_1k_iii
gm0x10_1k_iii_c,l29d2_iii,1000,3.818,0a10,100k,A_ins,MAINJACK,1.782e-07,8.000312,2.000,sotto,riferimento g10sempre_1k_iii
gm0x10_1k_iii_c,l29d2_iii,1000,3.818,0a10,100k,A_rel,MAINJACK,12.72,10.000021,2.000,SOPRA,riferimento g10mai_1k_iii
gm0x10_1k_iii_c,l29d2_iii,1000,3.818,0a10,100k,B2,MAINJACK,5.622e-11,8.027094,,sotto,mute da t_ins+t_grad+20 ms a t_rel
gm0x10_1k_iii_c,l29d2_iii,1000,3.818,0a10,100k,C1_ins,MAINJACK,1.775e-07,8.000312,,sotto,"diagnostica, cond 1"
gm0x10_1k_iii_c,l29d2_iii,1000,3.818,0a10,100k,C1_rel,MAINJACK,2.363e-05,10.001333,,sotto,"diagnostica, cond 1"
gm0x10_1k_iii_c,l29d2_iii,1000,3.818,0a10,100k,C2_ins,MAINJACK,1.775e-07,8.000312,,sotto,"riferimento g10sempre_1k_iii, cond 1"
gm0x10_1k_iii_c,l29d2_iii,1000,3.818,0a10,100k,C2_rel,MAINJACK,0.0003492,10.001135,,sotto,"riferimento g10mai_1k_iii, cond 1"
gm0x10_1k_iii_c,l29d2_iii,1000,3.818,0a10,100k,S_ins,MAINJACK,0,,,sotto,dB in 100 ms sopra -70 dB; pieno 12.02 V da g10mai_1k_iii
gm0x10_1k_iii_c,l29d2_iii,1000,3.818,0a10,100k,S_rel,MAINJACK,0,,,sotto,dB in 100 ms sopra -70 dB; pieno 12.02 V da g10mai_1k_iii
gm0x10_1k_iii_c,l29d2_iii,1000,3.818,0a10,100k,A_ins,FIXJACK1,2.101e-12,8.000656,2.000,sotto,riferimento g10sempre_1k_iii
gm0x10_1k_iii_c,l29d2_iii,1000,3.818,0a10,100k,A_rel,FIXJACK1,4.035,10.000021,2.000,SOPRA,riferimento g10mai_1k_iii
gm0x10_1k_iii_c,l29d2_iii,1000,3.818,0a10,100k,B2,FIXJACK1,2.308e-12,8.020094,,sotto,mute da t_ins+t_grad+20 ms a t_rel
gm0x10_1k_iii_c,l29d2_iii,1000,3.818,0a10,100k,C1_ins,FIXJACK1,3.506e-12,8.000312,,sotto,"diagnostica, cond 1"
gm0x10_1k_iii_c,l29d2_iii,1000,3.818,0a10,100k,C1_rel,FIXJACK1,7.538e-06,10.001333,,sotto,"diagnostica, cond 1"
gm0x10_1k_iii_c,l29d2_iii,1000,3.818,0a10,100k,C2_ins,FIXJACK1,3.506e-12,8.000312,,sotto,"riferimento g10sempre_1k_iii, cond 1"
gm0x10_1k_iii_c,l29d2_iii,1000,3.818,0a10,100k,C2_rel,FIXJACK1,3.993e-05,10.001146,,sotto,"riferimento g10mai_1k_iii, cond 1"
gm0x10_1k_iii_c,l29d2_iii,1000,3.818,0a10,100k,S_ins,FIXJACK1,0,,,sotto,dB in 100 ms sopra -70 dB; pieno 3.814 V da g10mai_1k_iii
gm0x10_1k_iii_c,l29d2_iii,1000,3.818,0a10,100k,S_rel,FIXJACK1,0,,,sotto,dB in 100 ms sopra -70 dB; pieno 3.814 V da g10mai_1k_iii
gm0x10_1k_iii_c,l29d2_iii,1000,3.818,0a10,100k,A_ins,FIXJACK2,2.101e-12,8.000656,2.000,sotto,riferimento g10sempre_1k_iii
gm0x10_1k_iii_c,l29d2_iii,1000,3.818,0a10,100k,A_rel,FIXJACK2,4.035,10.000021,2.000,SOPRA,riferimento g10mai_1k_iii
gm0x10_1k_iii_c,l29d2_iii,1000,3.818,0a10,100k,B2,FIXJACK2,2.308e-12,8.020094,,sotto,mute da t_ins+t_grad+20 ms a t_rel
gm0x10_1k_iii_c,l29d2_iii,1000,3.818,0a10,100k,C1_ins,FIXJACK2,3.51e-12,8.000312,,sotto,"diagnostica, cond 1"
gm0x10_1k_iii_c,l29d2_iii,1000,3.818,0a10,100k,C1_rel,FIXJACK2,7.538e-06,10.001333,,sotto,"diagnostica, cond 1"
gm0x10_1k_iii_c,l29d2_iii,1000,3.818,0a10,100k,C2_ins,FIXJACK2,3.51e-12,8.000312,,sotto,"riferimento g10sempre_1k_iii, cond 1"
gm0x10_1k_iii_c,l29d2_iii,1000,3.818,0a10,100k,C2_rel,FIXJACK2,3.993e-05,10.001146,,sotto,"riferimento g10mai_1k_iii, cond 1"
gm0x10_1k_iii_c,l29d2_iii,1000,3.818,0a10,100k,S_ins,FIXJACK2,0,,,sotto,dB in 100 ms sopra -70 dB; pieno 3.814 V da g10mai_1k_iii
gm0x10_1k_iii_c,l29d2_iii,1000,3.818,0a10,100k,S_rel,FIXJACK2,0,,,sotto,dB in 100 ms sopra -70 dB; pieno 3.814 V da g10mai_1k_iii
gm10x0_1k_iii_i,l29d2_iii,1000,3.818,10a0,100k,A_ins,MAINJACK,12.72,1.000021,2.000,SOPRA,riferimento g10sempre_1k_iii
gm10x0_1k_iii_i,l29d2_iii,1000,3.818,10a0,100k,A_rel,MAINJACK,12.72,8.000021,2.000,SOPRA,riferimento g10mai_1k_iii
gm10x0_1k_iii_i,l29d2_iii,1000,3.818,10a0,100k,B2,MAINJACK,2.054e-07,7.526969,,sotto,mute da t_ins+t_grad+20 ms a t_rel
gm10x0_1k_iii_i,l29d2_iii,1000,3.818,10a0,100k,C1_ins,MAINJACK,0.002218,2.353927,,SOPRA,"diagnostica, cond 1"
gm10x0_1k_iii_i,l29d2_iii,1000,3.818,10a0,100k,C1_rel,MAINJACK,0.0003679,14.170354,,sotto,"diagnostica, cond 1"
gm10x0_1k_iii_i,l29d2_iii,1000,3.818,10a0,100k,C2_ins,MAINJACK,0.002218,2.353927,,SOPRA,"riferimento g10sempre_1k_iii, cond 1"
gm10x0_1k_iii_i,l29d2_iii,1000,3.818,10a0,100k,C2_rel,MAINJACK,0.0004294,13.678146,,sotto,"riferimento g10mai_1k_iii, cond 1"
gm10x0_1k_iii_i,l29d2_iii,1000,3.818,10a0,100k,S_ins,MAINJACK,7.163,6.040000,,sotto,dB in 100 ms sopra -70 dB; pieno 12.02 V da g10mai_1k_iii
gm10x0_1k_iii_i,l29d2_iii,1000,3.818,10a0,100k,S_rel,MAINJACK,4.694,11.153000,,sotto,dB in 100 ms sopra -70 dB; pieno 12.02 V da g10mai_1k_iii
gm10x0_1k_iii_i,l29d2_iii,1000,3.818,10a0,100k,A_ins,FIXJACK1,4.035,1.000021,2.000,SOPRA,riferimento g10sempre_1k_iii
gm10x0_1k_iii_i,l29d2_iii,1000,3.818,10a0,100k,A_rel,FIXJACK1,4.035,8.000021,2.000,SOPRA,riferimento g10mai_1k_iii
gm10x0_1k_iii_i,l29d2_iii,1000,3.818,10a0,100k,B2,FIXJACK1,6.666e-08,7.526792,,sotto,mute da t_ins+t_grad+20 ms a t_rel
gm10x0_1k_iii_i,l29d2_iii,1000,3.818,10a0,100k,C1_ins,FIXJACK1,0.0006538,2.353927,,sotto,"diagnostica, cond 1"
gm10x0_1k_iii_i,l29d2_iii,1000,3.818,10a0,100k,C1_rel,FIXJACK1,0.000368,14.170354,,sotto,"diagnostica, cond 1"
gm10x0_1k_iii_i,l29d2_iii,1000,3.818,10a0,100k,C2_ins,FIXJACK1,0.0006538,2.353927,,sotto,"riferimento g10sempre_1k_iii, cond 1"
gm10x0_1k_iii_i,l29d2_iii,1000,3.818,10a0,100k,C2_rel,FIXJACK1,0.0003395,14.163344,,sotto,"riferimento g10mai_1k_iii, cond 1"
gm10x0_1k_iii_i,l29d2_iii,1000,3.818,10a0,100k,S_ins,FIXJACK1,7.163,6.040000,,sotto,dB in 100 ms sopra -70 dB; pieno 3.814 V da g10mai_1k_iii
gm10x0_1k_iii_i,l29d2_iii,1000,3.818,10a0,100k,S_rel,FIXJACK1,5.36,10.959000,,sotto,dB in 100 ms sopra -70 dB; pieno 3.814 V da g10mai_1k_iii
gm10x0_1k_iii_i,l29d2_iii,1000,3.818,10a0,100k,A_ins,FIXJACK2,4.035,1.000021,2.000,SOPRA,riferimento g10sempre_1k_iii
gm10x0_1k_iii_i,l29d2_iii,1000,3.818,10a0,100k,A_rel,FIXJACK2,4.035,8.000021,2.000,SOPRA,riferimento g10mai_1k_iii
gm10x0_1k_iii_i,l29d2_iii,1000,3.818,10a0,100k,B2,FIXJACK2,6.666e-08,7.526792,,sotto,mute da t_ins+t_grad+20 ms a t_rel
gm10x0_1k_iii_i,l29d2_iii,1000,3.818,10a0,100k,C1_ins,FIXJACK2,0.0006538,2.353927,,sotto,"diagnostica, cond 1"
gm10x0_1k_iii_i,l29d2_iii,1000,3.818,10a0,100k,C1_rel,FIXJACK2,0.000368,14.170354,,sotto,"diagnostica, cond 1"
gm10x0_1k_iii_i,l29d2_iii,1000,3.818,10a0,100k,C2_ins,FIXJACK2,0.0006538,2.353927,,sotto,"riferimento g10sempre_1k_iii, cond 1"
gm10x0_1k_iii_i,l29d2_iii,1000,3.818,10a0,100k,C2_rel,FIXJACK2,0.0003395,14.163344,,sotto,"riferimento g10mai_1k_iii, cond 1"
gm10x0_1k_iii_i,l29d2_iii,1000,3.818,10a0,100k,S_ins,FIXJACK2,7.163,6.040000,,sotto,dB in 100 ms sopra -70 dB; pieno 3.814 V da g10mai_1k_iii
gm10x0_1k_iii_i,l29d2_iii,1000,3.818,10a0,100k,S_rel,FIXJACK2,5.36,10.959000,,sotto,dB in 100 ms sopra -70 dB; pieno 3.814 V da g10mai_1k_iii
gm10x0_1k_iii_c,l29d2_iii,1000,3.818,10a0,100k,A_ins,MAINJACK,2.122e-07,8.000312,2.000,sotto,riferimento g0sempre_1k_iii
gm10x0_1k_iii_c,l29d2_iii,1000,3.818,10a0,100k,A_rel,MAINJACK,4.034,10.000021,2.000,SOPRA,riferimento g0mai_1k_iii
gm10x0_1k_iii_c,l29d2_iii,1000,3.818,10a0,100k,B2,MAINJACK,4.815e-11,8.026594,,sotto,mute da t_ins+t_grad+20 ms a t_rel
gm10x0_1k_iii_c,l29d2_iii,1000,3.818,10a0,100k,C1_ins,MAINJACK,2.115e-07,8.000312,,sotto,"diagnostica, cond 1"
gm10x0_1k_iii_c,l29d2_iii,1000,3.818,10a0,100k,C1_rel,MAINJACK,7.221e-06,10.001323,,sotto,"diagnostica, cond 1"
gm10x0_1k_iii_c,l29d2_iii,1000,3.818,10a0,100k,C2_ins,MAINJACK,2.115e-07,8.000312,,sotto,"riferimento g0sempre_1k_iii, cond 1"
gm10x0_1k_iii_c,l29d2_iii,1000,3.818,10a0,100k,C2_rel,MAINJACK,4.024e-05,10.002146,,sotto,"riferimento g0mai_1k_iii, cond 1"
gm10x0_1k_iii_c,l29d2_iii,1000,3.818,10a0,100k,S_ins,MAINJACK,0,,,sotto,dB in 100 ms sopra -70 dB; pieno 3.813 V da g0mai_1k_iii
gm10x0_1k_iii_c,l29d2_iii,1000,3.818,10a0,100k,S_rel,MAINJACK,0,,,sotto,dB in 100 ms sopra -70 dB; pieno 3.813 V da g0mai_1k_iii
gm10x0_1k_iii_c,l29d2_iii,1000,3.818,10a0,100k,A_ins,FIXJACK1,4.043e-11,9.999990,2.000,sotto,riferimento g0sempre_1k_iii
gm10x0_1k_iii_c,l29d2_iii,1000,3.818,10a0,100k,A_rel,FIXJACK1,4.035,10.000021,2.000,SOPRA,riferimento g0mai_1k_iii
gm10x0_1k_iii_c,l29d2_iii,1000,3.818,10a0,100k,B2,FIXJACK1,3.957e-11,9.999990,,sotto,mute da t_ins+t_grad+20 ms a t_rel
gm10x0_1k_iii_c,l29d2_iii,1000,3.818,10a0,100k,C1_ins,FIXJACK1,4.533e-12,8.000708,,sotto,"diagnostica, cond 1"
gm10x0_1k_iii_c,l29d2_iii,1000,3.818,10a0,100k,C1_rel,FIXJACK1,7.224e-06,10.001323,,sotto,"diagnostica, cond 1"
gm10x0_1k_iii_c,l29d2_iii,1000,3.818,10a0,100k,C2_ins,FIXJACK1,4.533e-12,8.000708,,sotto,"riferimento g0sempre_1k_iii, cond 1"
gm10x0_1k_iii_c,l29d2_iii,1000,3.818,10a0,100k,C2_rel,FIXJACK1,4.025e-05,10.002146,,sotto,"riferimento g0mai_1k_iii, cond 1"
gm10x0_1k_iii_c,l29d2_iii,1000,3.818,10a0,100k,S_ins,FIXJACK1,0,,,sotto,dB in 100 ms sopra -70 dB; pieno 3.814 V da g0mai_1k_iii
gm10x0_1k_iii_c,l29d2_iii,1000,3.818,10a0,100k,S_rel,FIXJACK1,0,,,sotto,dB in 100 ms sopra -70 dB; pieno 3.814 V da g0mai_1k_iii
gm10x0_1k_iii_c,l29d2_iii,1000,3.818,10a0,100k,A_ins,FIXJACK2,4.043e-11,9.999990,2.000,sotto,riferimento g0sempre_1k_iii
gm10x0_1k_iii_c,l29d2_iii,1000,3.818,10a0,100k,A_rel,FIXJACK2,4.035,10.000021,2.000,SOPRA,riferimento g0mai_1k_iii
gm10x0_1k_iii_c,l29d2_iii,1000,3.818,10a0,100k,B2,FIXJACK2,3.957e-11,9.999990,,sotto,mute da t_ins+t_grad+20 ms a t_rel
gm10x0_1k_iii_c,l29d2_iii,1000,3.818,10a0,100k,C1_ins,FIXJACK2,4.535e-12,8.000708,,sotto,"diagnostica, cond 1"
gm10x0_1k_iii_c,l29d2_iii,1000,3.818,10a0,100k,C1_rel,FIXJACK2,7.224e-06,10.001323,,sotto,"diagnostica, cond 1"
gm10x0_1k_iii_c,l29d2_iii,1000,3.818,10a0,100k,C2_ins,FIXJACK2,4.535e-12,8.000708,,sotto,"riferimento g0sempre_1k_iii, cond 1"
gm10x0_1k_iii_c,l29d2_iii,1000,3.818,10a0,100k,C2_rel,FIXJACK2,4.025e-05,10.002146,,sotto,"riferimento g0mai_1k_iii, cond 1"
gm10x0_1k_iii_c,l29d2_iii,1000,3.818,10a0,100k,S_ins,FIXJACK2,0,,,sotto,dB in 100 ms sopra -70 dB; pieno 3.814 V da g0mai_1k_iii
gm10x0_1k_iii_c,l29d2_iii,1000,3.818,10a0,100k,S_rel,FIXJACK2,0,,,sotto,dB in 100 ms sopra -70 dB; pieno 3.814 V da g0mai_1k_iii
gm0x3_20_iii_i,l29d2_iii,20,3.818,0a3,100k,A_ins,MAINJACK,4.06,1.000031,2.000,SOPRA,riferimento g0sempre_20_iii
gm0x3_20_iii_i,l29d2_iii,20,3.818,0a3,100k,A_rel,MAINJACK,4.06,8.000031,2.000,SOPRA,riferimento g0mai_20_iii
gm0x3_20_iii_i,l29d2_iii,20,3.818,0a3,100k,B2,MAINJACK,2.767e-06,7.526313,,sotto,mute da t_ins+t_grad+20 ms a t_rel
gm0x3_20_iii_i,l29d2_iii,20,3.818,0a3,100k,C1_ins,MAINJACK,0.002539,5.499698,,SOPRA,"diagnostica, cond 7.22"
gm0x3_20_iii_i,l29d2_iii,20,3.818,0a3,100k,C1_rel,MAINJACK,0.00315,14.024750,,SOPRA,"diagnostica, cond 7.22"
gm0x3_20_iii_i,l29d2_iii,20,3.818,0a3,100k,C2_ins,MAINJACK,0.002539,5.499698,,SOPRA,"riferimento g0sempre_20_iii, cond 7.22"
gm0x3_20_iii_i,l29d2_iii,20,3.818,0a3,100k,C2_rel,MAINJACK,0.00315,13.999760,,SOPRA,"riferimento g0mai_20_iii, cond 7.22"
gm0x3_20_iii_i,l29d2_iii,20,3.818,0a3,100k,S_ins,MAINJACK,7.158,6.030000,,sotto,dB in 100 ms sopra -70 dB; pieno 3.811 V da g0mai_20_iii
gm0x3_20_iii_i,l29d2_iii,20,3.818,0a3,100k,S_rel,MAINJACK,3.839,11.837000,,sotto,dB in 100 ms sopra -70 dB; pieno 3.811 V da g0mai_20_iii
gm0x3_20_iii_i,l29d2_iii,20,3.818,0a3,100k,A_ins,FIXJACK1,4.063,1.000031,2.000,SOPRA,riferimento g0sempre_20_iii
gm0x3_20_iii_i,l29d2_iii,20,3.818,0a3,100k,A_rel,FIXJACK1,4.063,8.000031,2.000,SOPRA,riferimento g0mai_20_iii
gm0x3_20_iii_i,l29d2_iii,20,3.818,0a3,100k,B2,FIXJACK1,2.738e-06,7.526375,,sotto,mute da t_ins+t_grad+20 ms a t_rel
gm0x3_20_iii_i,l29d2_iii,20,3.818,0a3,100k,C1_ins,FIXJACK1,0.00254,5.499771,,SOPRA,"diagnostica, cond 7.22"
gm0x3_20_iii_i,l29d2_iii,20,3.818,0a3,100k,C1_rel,FIXJACK1,0.002219,14.024823,,SOPRA,"diagnostica, cond 7.22"
gm0x3_20_iii_i,l29d2_iii,20,3.818,0a3,100k,C2_ins,FIXJACK1,0.00254,5.499771,,SOPRA,"riferimento g0sempre_20_iii, cond 7.22"
gm0x3_20_iii_i,l29d2_iii,20,3.818,0a3,100k,C2_rel,FIXJACK1,0.00222,13.999823,,SOPRA,"riferimento g0mai_20_iii, cond 7.22"
gm0x3_20_iii_i,l29d2_iii,20,3.818,0a3,100k,S_ins,FIXJACK1,7.158,6.030000,,sotto,dB in 100 ms sopra -70 dB; pieno 3.813 V da g0mai_20_iii
gm0x3_20_iii_i,l29d2_iii,20,3.818,0a3,100k,S_rel,FIXJACK1,3.839,11.837000,,sotto,dB in 100 ms sopra -70 dB; pieno 3.813 V da g0mai_20_iii
gm0x3_20_iii_i,l29d2_iii,20,3.818,0a3,100k,A_ins,FIXJACK2,4.063,1.000031,2.000,SOPRA,riferimento g0sempre_20_iii
gm0x3_20_iii_i,l29d2_iii,20,3.818,0a3,100k,A_rel,FIXJACK2,4.063,8.000031,2.000,SOPRA,riferimento g0mai_20_iii
gm0x3_20_iii_i,l29d2_iii,20,3.818,0a3,100k,B2,FIXJACK2,2.738e-06,7.526375,,sotto,mute da t_ins+t_grad+20 ms a t_rel
gm0x3_20_iii_i,l29d2_iii,20,3.818,0a3,100k,C1_ins,FIXJACK2,0.00254,5.499771,,SOPRA,"diagnostica, cond 7.22"
gm0x3_20_iii_i,l29d2_iii,20,3.818,0a3,100k,C1_rel,FIXJACK2,0.002219,14.024823,,SOPRA,"diagnostica, cond 7.22"
gm0x3_20_iii_i,l29d2_iii,20,3.818,0a3,100k,C2_ins,FIXJACK2,0.00254,5.499771,,SOPRA,"riferimento g0sempre_20_iii, cond 7.22"
gm0x3_20_iii_i,l29d2_iii,20,3.818,0a3,100k,C2_rel,FIXJACK2,0.00222,13.999823,,SOPRA,"riferimento g0mai_20_iii, cond 7.22"
gm0x3_20_iii_i,l29d2_iii,20,3.818,0a3,100k,S_ins,FIXJACK2,7.158,6.030000,,sotto,dB in 100 ms sopra -70 dB; pieno 3.813 V da g0mai_20_iii
gm0x3_20_iii_i,l29d2_iii,20,3.818,0a3,100k,S_rel,FIXJACK2,3.839,11.837000,,sotto,dB in 100 ms sopra -70 dB; pieno 3.813 V da g0mai_20_iii
gm0x3_20_iii_c,l29d2_iii,20,3.818,0a3,100k,A_ins,MAINJACK,6.686e-08,8.000531,2.000,sotto,riferimento g3sempre_20_iii
gm0x3_20_iii_c,l29d2_iii,20,3.818,0a3,100k,A_rel,MAINJACK,5.766,10.000031,2.000,SOPRA,riferimento g3mai_20_iii
gm0x3_20_iii_c,l29d2_iii,20,3.818,0a3,100k,B2,MAINJACK,3.818e-11,8.026938,,sotto,mute da t_ins+t_grad+20 ms a t_rel
gm0x3_20_iii_c,l29d2_iii,20,3.818,0a3,100k,C1_ins,MAINJACK,6.674e-08,8.000531,,sotto,"diagnostica, cond 7.22"
gm0x3_20_iii_c,l29d2_iii,20,3.818,0a3,100k,C1_rel,MAINJACK,3.466e-07,10.001490,,sotto,"diagnostica, cond 7.22"
gm0x3_20_iii_c,l29d2_iii,20,3.818,0a3,100k,C2_ins,MAINJACK,6.674e-08,8.000531,,sotto,"riferimento g3sempre_20_iii, cond 7.22"
gm0x3_20_iii_c,l29d2_iii,20,3.818,0a3,100k,C2_rel,MAINJACK,2.452e-06,10.107396,,sotto,"riferimento g3mai_20_iii, cond 7.22"
gm0x3_20_iii_c,l29d2_iii,20,3.818,0a3,100k,S_ins,MAINJACK,0,,,sotto,dB in 100 ms sopra -70 dB; pieno 5.413 V da g3mai_20_iii
gm0x3_20_iii_c,l29d2_iii,20,3.818,0a3,100k,S_rel,MAINJACK,0,,,sotto,dB in 100 ms sopra -70 dB; pieno 5.413 V da g3mai_20_iii
gm0x3_20_iii_c,l29d2_iii,20,3.818,0a3,100k,A_ins,FIXJACK1,3.221e-12,8.000531,2.000,sotto,riferimento g3sempre_20_iii
gm0x3_20_iii_c,l29d2_iii,20,3.818,0a3,100k,A_rel,FIXJACK1,4.063,10.000031,2.000,SOPRA,riferimento g3mai_20_iii
gm0x3_20_iii_c,l29d2_iii,20,3.818,0a3,100k,B2,FIXJACK1,1.647e-15,8.036510,,sotto,mute da t_ins+t_grad+20 ms a t_rel
gm0x3_20_iii_c,l29d2_iii,20,3.818,0a3,100k,C1_ins,FIXJACK1,3.22e-12,8.000531,,sotto,"diagnostica, cond 7.22"
gm0x3_20_iii_c,l29d2_iii,20,3.818,0a3,100k,C1_rel,FIXJACK1,2.446e-07,10.001490,,sotto,"diagnostica, cond 7.22"
gm0x3_20_iii_c,l29d2_iii,20,3.818,0a3,100k,C2_ins,FIXJACK1,3.22e-12,8.000531,,sotto,"riferimento g3sempre_20_iii, cond 7.22"
gm0x3_20_iii_c,l29d2_iii,20,3.818,0a3,100k,C2_rel,FIXJACK1,1.12e-06,10.107573,,sotto,"riferimento g3mai_20_iii, cond 7.22"
gm0x3_20_iii_c,l29d2_iii,20,3.818,0a3,100k,S_ins,FIXJACK1,0,,,sotto,dB in 100 ms sopra -70 dB; pieno 3.813 V da g3mai_20_iii
gm0x3_20_iii_c,l29d2_iii,20,3.818,0a3,100k,S_rel,FIXJACK1,0,,,sotto,dB in 100 ms sopra -70 dB; pieno 3.813 V da g3mai_20_iii
gm0x3_20_iii_c,l29d2_iii,20,3.818,0a3,100k,A_ins,FIXJACK2,3.222e-12,8.000531,2.000,sotto,riferimento g3sempre_20_iii
gm0x3_20_iii_c,l29d2_iii,20,3.818,0a3,100k,A_rel,FIXJACK2,4.063,10.000031,2.000,SOPRA,riferimento g3mai_20_iii
gm0x3_20_iii_c,l29d2_iii,20,3.818,0a3,100k,B2,FIXJACK2,1.62e-15,8.035438,,sotto,mute da t_ins+t_grad+20 ms a t_rel
gm0x3_20_iii_c,l29d2_iii,20,3.818,0a3,100k,C1_ins,FIXJACK2,3.22e-12,8.000531,,sotto,"diagnostica, cond 7.22"
gm0x3_20_iii_c,l29d2_iii,20,3.818,0a3,100k,C1_rel,FIXJACK2,2.446e-07,10.001490,,sotto,"diagnostica, cond 7.22"
gm0x3_20_iii_c,l29d2_iii,20,3.818,0a3,100k,C2_ins,FIXJACK2,3.22e-12,8.000531,,sotto,"riferimento g3sempre_20_iii, cond 7.22"
gm0x3_20_iii_c,l29d2_iii,20,3.818,0a3,100k,C2_rel,FIXJACK2,1.12e-06,10.107573,,sotto,"riferimento g3mai_20_iii, cond 7.22"
gm0x3_20_iii_c,l29d2_iii,20,3.818,0a3,100k,S_ins,FIXJACK2,0,,,sotto,dB in 100 ms sopra -70 dB; pieno 3.813 V da g3mai_20_iii
gm0x3_20_iii_c,l29d2_iii,20,3.818,0a3,100k,S_rel,FIXJACK2,0,,,sotto,dB in 100 ms sopra -70 dB; pieno 3.813 V da g3mai_20_iii
gm3x0_20_iii_i,l29d2_iii,20,3.818,3a0,100k,A_ins,MAINJACK,5.766,1.000031,2.000,SOPRA,riferimento g3sempre_20_iii
gm3x0_20_iii_i,l29d2_iii,20,3.818,3a0,100k,A_rel,MAINJACK,5.766,8.000031,2.000,SOPRA,riferimento g3mai_20_iii
gm3x0_20_iii_i,l29d2_iii,20,3.818,3a0,100k,B2,MAINJACK,3.929e-06,7.526313,,sotto,mute da t_ins+t_grad+20 ms a t_rel
gm3x0_20_iii_i,l29d2_iii,20,3.818,3a0,100k,C1_ins,MAINJACK,0.003605,5.499698,,SOPRA,"diagnostica, cond 7.22"
gm3x0_20_iii_i,l29d2_iii,20,3.818,3a0,100k,C1_rel,MAINJACK,0.002218,14.024750,,SOPRA,"diagnostica, cond 7.22"
gm3x0_20_iii_i,l29d2_iii,20,3.818,3a0,100k,C2_ins,MAINJACK,0.003605,5.499698,,SOPRA,"riferimento g3sempre_20_iii, cond 7.22"
gm3x0_20_iii_i,l29d2_iii,20,3.818,3a0,100k,C2_rel,MAINJACK,0.00222,13.999760,,SOPRA,"riferimento g3mai_20_iii, cond 7.22"
gm3x0_20_iii_i,l29d2_iii,20,3.818,3a0,100k,S_ins,MAINJACK,7.158,6.030000,,sotto,dB in 100 ms sopra -70 dB; pieno 5.413 V da g3mai_20_iii
gm3x0_20_iii_i,l29d2_iii,20,3.818,3a0,100k,S_rel,MAINJACK,3.79,11.887000,,sotto,dB in 100 ms sopra -70 dB; pieno 5.413 V da g3mai_20_iii
gm3x0_20_iii_i,l29d2_iii,20,3.818,3a0,100k,A_ins,FIXJACK1,4.063,1.000031,2.000,SOPRA,riferimento g3sempre_20_iii
gm3x0_20_iii_i,l29d2_iii,20,3.818,3a0,100k,A_rel,FIXJACK1,4.063,8.000031,2.000,SOPRA,riferimento g3mai_20_iii
gm3x0_20_iii_i,l29d2_iii,20,3.818,3a0,100k,B2,FIXJACK1,2.738e-06,7.526375,,sotto,mute da t_ins+t_grad+20 ms a t_rel
gm3x0_20_iii_i,l29d2_iii,20,3.818,3a0,100k,C1_ins,FIXJACK1,0.00254,5.499771,,SOPRA,"diagnostica, cond 7.22"
gm3x0_20_iii_i,l29d2_iii,20,3.818,3a0,100k,C1_rel,FIXJACK1,0.002219,14.024812,,SOPRA,"diagnostica, cond 7.22"
gm3x0_20_iii_i,l29d2_iii,20,3.818,3a0,100k,C2_ins,FIXJACK1,0.00254,5.499771,,SOPRA,"riferimento g3sempre_20_iii, cond 7.22"
gm3x0_20_iii_i,l29d2_iii,20,3.818,3a0,100k,C2_rel,FIXJACK1,0.00222,13.999823,,SOPRA,"riferimento g3mai_20_iii, cond 7.22"
gm3x0_20_iii_i,l29d2_iii,20,3.818,3a0,100k,S_ins,FIXJACK1,7.158,6.030000,,sotto,dB in 100 ms sopra -70 dB; pieno 3.813 V da g3mai_20_iii
gm3x0_20_iii_i,l29d2_iii,20,3.818,3a0,100k,S_rel,FIXJACK1,3.839,11.837000,,sotto,dB in 100 ms sopra -70 dB; pieno 3.813 V da g3mai_20_iii
gm3x0_20_iii_i,l29d2_iii,20,3.818,3a0,100k,A_ins,FIXJACK2,4.063,1.000031,2.000,SOPRA,riferimento g3sempre_20_iii
gm3x0_20_iii_i,l29d2_iii,20,3.818,3a0,100k,A_rel,FIXJACK2,4.063,8.000031,2.000,SOPRA,riferimento g3mai_20_iii
gm3x0_20_iii_i,l29d2_iii,20,3.818,3a0,100k,B2,FIXJACK2,2.738e-06,7.526375,,sotto,mute da t_ins+t_grad+20 ms a t_rel
gm3x0_20_iii_i,l29d2_iii,20,3.818,3a0,100k,C1_ins,FIXJACK2,0.00254,5.499771,,SOPRA,"diagnostica, cond 7.22"
gm3x0_20_iii_i,l29d2_iii,20,3.818,3a0,100k,C1_rel,FIXJACK2,0.002219,14.024812,,SOPRA,"diagnostica, cond 7.22"
gm3x0_20_iii_i,l29d2_iii,20,3.818,3a0,100k,C2_ins,FIXJACK2,0.00254,5.499771,,SOPRA,"riferimento g3sempre_20_iii, cond 7.22"
gm3x0_20_iii_i,l29d2_iii,20,3.818,3a0,100k,C2_rel,FIXJACK2,0.00222,13.999823,,SOPRA,"riferimento g3mai_20_iii, cond 7.22"
gm3x0_20_iii_i,l29d2_iii,20,3.818,3a0,100k,S_ins,FIXJACK2,7.158,6.030000,,sotto,dB in 100 ms sopra -70 dB; pieno 3.813 V da g3mai_20_iii
gm3x0_20_iii_i,l29d2_iii,20,3.818,3a0,100k,S_rel,FIXJACK2,3.839,11.837000,,sotto,dB in 100 ms sopra -70 dB; pieno 3.813 V da g3mai_20_iii
gm3x0_20_iii_c,l29d2_iii,20,3.818,3a0,100k,A_ins,MAINJACK,4.297e-09,8.000010,2.000,sotto,riferimento g0sempre_20_iii
gm3x0_20_iii_c,l29d2_iii,20,3.818,3a0,100k,A_rel,MAINJACK,4.06,10.000031,2.000,SOPRA,riferimento g0mai_20_iii
gm3x0_20_iii_c,l29d2_iii,20,3.818,3a0,100k,B2,MAINJACK,5.378e-14,9.999990,,sotto,mute da t_ins+t_grad+20 ms a t_rel
gm3x0_20_iii_c,l29d2_iii,20,3.818,3a0,100k,C1_ins,MAINJACK,4.297e-09,8.000010,,sotto,"diagnostica, cond 7.22"
gm3x0_20_iii_c,l29d2_iii,20,3.818,3a0,100k,C1_rel,MAINJACK,2.431e-07,10.001479,,sotto,"diagnostica, cond 7.22"
gm3x0_20_iii_c,l29d2_iii,20,3.818,3a0,100k,C2_ins,MAINJACK,4.297e-09,8.000010,,sotto,"riferimento g0sempre_20_iii, cond 7.22"
gm3x0_20_iii_c,l29d2_iii,20,3.818,3a0,100k,C2_rel,MAINJACK,1.121e-06,10.107573,,sotto,"riferimento g0mai_20_iii, cond 7.22"
gm3x0_20_iii_c,l29d2_iii,20,3.818,3a0,100k,S_ins,MAINJACK,0,,,sotto,dB in 100 ms sopra -70 dB; pieno 3.811 V da g0mai_20_iii
gm3x0_20_iii_c,l29d2_iii,20,3.818,3a0,100k,S_rel,MAINJACK,0,,,sotto,dB in 100 ms sopra -70 dB; pieno 3.811 V da g0mai_20_iii
gm3x0_20_iii_c,l29d2_iii,20,3.818,3a0,100k,A_ins,FIXJACK1,1.007e-13,8.000010,2.000,sotto,riferimento g0sempre_20_iii
gm3x0_20_iii_c,l29d2_iii,20,3.818,3a0,100k,A_rel,FIXJACK1,4.063,10.000031,2.000,SOPRA,riferimento g0mai_20_iii
gm3x0_20_iii_c,l29d2_iii,20,3.818,3a0,100k,B2,FIXJACK1,6.452e-14,9.999990,,sotto,mute da t_ins+t_grad+20 ms a t_rel
gm3x0_20_iii_c,l29d2_iii,20,3.818,3a0,100k,C1_ins,FIXJACK1,9.824e-14,8.000010,,sotto,"diagnostica, cond 7.22"
gm3x0_20_iii_c,l29d2_iii,20,3.818,3a0,100k,C1_rel,FIXJACK1,2.436e-07,10.001479,,sotto,"diagnostica, cond 7.22"
gm3x0_20_iii_c,l29d2_iii,20,3.818,3a0,100k,C2_ins,FIXJACK1,9.824e-14,8.000010,,sotto,"riferimento g0sempre_20_iii, cond 7.22"
gm3x0_20_iii_c,l29d2_iii,20,3.818,3a0,100k,C2_rel,FIXJACK1,1.12e-06,10.107573,,sotto,"riferimento g0mai_20_iii, cond 7.22"
gm3x0_20_iii_c,l29d2_iii,20,3.818,3a0,100k,S_ins,FIXJACK1,0,,,sotto,dB in 100 ms sopra -70 dB; pieno 3.813 V da g0mai_20_iii
gm3x0_20_iii_c,l29d2_iii,20,3.818,3a0,100k,S_rel,FIXJACK1,0,,,sotto,dB in 100 ms sopra -70 dB; pieno 3.813 V da g0mai_20_iii
gm3x0_20_iii_c,l29d2_iii,20,3.818,3a0,100k,A_ins,FIXJACK2,1.004e-13,8.000010,2.000,sotto,riferimento g0sempre_20_iii
gm3x0_20_iii_c,l29d2_iii,20,3.818,3a0,100k,A_rel,FIXJACK2,4.063,10.000031,2.000,SOPRA,riferimento g0mai_20_iii
gm3x0_20_iii_c,l29d2_iii,20,3.818,3a0,100k,B2,FIXJACK2,6.451e-14,9.999990,,sotto,mute da t_ins+t_grad+20 ms a t_rel
gm3x0_20_iii_c,l29d2_iii,20,3.818,3a0,100k,C1_ins,FIXJACK2,9.794e-14,8.000010,,sotto,"diagnostica, cond 7.22"
gm3x0_20_iii_c,l29d2_iii,20,3.818,3a0,100k,C1_rel,FIXJACK2,2.436e-07,10.001479,,sotto,"diagnostica, cond 7.22"
gm3x0_20_iii_c,l29d2_iii,20,3.818,3a0,100k,C2_ins,FIXJACK2,9.794e-14,8.000010,,sotto,"riferimento g0sempre_20_iii, cond 7.22"
gm3x0_20_iii_c,l29d2_iii,20,3.818,3a0,100k,C2_rel,FIXJACK2,1.12e-06,10.107573,,sotto,"riferimento g0mai_20_iii, cond 7.22"
gm3x0_20_iii_c,l29d2_iii,20,3.818,3a0,100k,S_ins,FIXJACK2,0,,,sotto,dB in 100 ms sopra -70 dB; pieno 3.813 V da g0mai_20_iii
gm3x0_20_iii_c,l29d2_iii,20,3.818,3a0,100k,S_rel,FIXJACK2,0,,,sotto,dB in 100 ms sopra -70 dB; pieno 3.813 V da g0mai_20_iii
gm3x10_20_iii_i,l29d2_iii,20,3.818,3a10,100k,A_ins,MAINJACK,5.766,1.000031,2.000,SOPRA,riferimento g3sempre_20_iii
gm3x10_20_iii_i,l29d2_iii,20,3.818,3a10,100k,A_rel,MAINJACK,5.766,8.000031,2.000,SOPRA,riferimento g3mai_20_iii
gm3x10_20_iii_i,l29d2_iii,20,3.818,3a10,100k,B2,MAINJACK,3.929e-06,7.526313,,sotto,mute da t_ins+t_grad+20 ms a t_rel
gm3x10_20_iii_i,l29d2_iii,20,3.818,3a10,100k,C1_ins,MAINJACK,0.003605,5.499698,,SOPRA,"diagnostica, cond 7.22"
gm3x10_20_iii_i,l29d2_iii,20,3.818,3a10,100k,C1_rel,MAINJACK,0.006986,13.999771,,SOPRA,"diagnostica, cond 7.22"
gm3x10_20_iii_i,l29d2_iii,20,3.818,3a10,100k,C2_ins,MAINJACK,0.003605,5.499698,,SOPRA,"riferimento g3sempre_20_iii, cond 7.22"
gm3x10_20_iii_i,l29d2_iii,20,3.818,3a10,100k,C2_rel,MAINJACK,0.006988,13.999771,,SOPRA,"riferimento g3mai_20_iii, cond 7.22"
gm3x10_20_iii_i,l29d2_iii,20,3.818,3a10,100k,S_ins,MAINJACK,7.158,6.030000,,sotto,dB in 100 ms sopra -70 dB; pieno 5.413 V da g3mai_20_iii
gm3x10_20_iii_i,l29d2_iii,20,3.818,3a10,100k,S_rel,MAINJACK,3.868,11.176000,,sotto,dB in 100 ms sopra -70 dB; pieno 5.413 V da g3mai_20_iii
gm3x10_20_iii_i,l29d2_iii,20,3.818,3a10,100k,A_ins,FIXJACK1,4.063,1.000031,2.000,SOPRA,riferimento g3sempre_20_iii
gm3x10_20_iii_i,l29d2_iii,20,3.818,3a10,100k,A_rel,FIXJACK1,4.063,8.000031,2.000,SOPRA,riferimento g3mai_20_iii
gm3x10_20_iii_i,l29d2_iii,20,3.818,3a10,100k,B2,FIXJACK1,2.738e-06,7.526375,,sotto,mute da t_ins+t_grad+20 ms a t_rel
gm3x10_20_iii_i,l29d2_iii,20,3.818,3a10,100k,C1_ins,FIXJACK1,0.00254,5.499771,,SOPRA,"diagnostica, cond 7.22"
gm3x10_20_iii_i,l29d2_iii,20,3.818,3a10,100k,C1_rel,FIXJACK1,0.002219,14.024823,,SOPRA,"diagnostica, cond 7.22"
gm3x10_20_iii_i,l29d2_iii,20,3.818,3a10,100k,C2_ins,FIXJACK1,0.00254,5.499771,,SOPRA,"riferimento g3sempre_20_iii, cond 7.22"
gm3x10_20_iii_i,l29d2_iii,20,3.818,3a10,100k,C2_rel,FIXJACK1,0.00222,13.999823,,SOPRA,"riferimento g3mai_20_iii, cond 7.22"
gm3x10_20_iii_i,l29d2_iii,20,3.818,3a10,100k,S_ins,FIXJACK1,7.158,6.030000,,sotto,dB in 100 ms sopra -70 dB; pieno 3.813 V da g3mai_20_iii
gm3x10_20_iii_i,l29d2_iii,20,3.818,3a10,100k,S_rel,FIXJACK1,3.839,11.837000,,sotto,dB in 100 ms sopra -70 dB; pieno 3.813 V da g3mai_20_iii
gm3x10_20_iii_i,l29d2_iii,20,3.818,3a10,100k,A_ins,FIXJACK2,4.063,1.000031,2.000,SOPRA,riferimento g3sempre_20_iii
gm3x10_20_iii_i,l29d2_iii,20,3.818,3a10,100k,A_rel,FIXJACK2,4.063,8.000031,2.000,SOPRA,riferimento g3mai_20_iii
gm3x10_20_iii_i,l29d2_iii,20,3.818,3a10,100k,B2,FIXJACK2,2.738e-06,7.526375,,sotto,mute da t_ins+t_grad+20 ms a t_rel
gm3x10_20_iii_i,l29d2_iii,20,3.818,3a10,100k,C1_ins,FIXJACK2,0.00254,5.499771,,SOPRA,"diagnostica, cond 7.22"
gm3x10_20_iii_i,l29d2_iii,20,3.818,3a10,100k,C1_rel,FIXJACK2,0.002219,14.024823,,SOPRA,"diagnostica, cond 7.22"
gm3x10_20_iii_i,l29d2_iii,20,3.818,3a10,100k,C2_ins,FIXJACK2,0.00254,5.499771,,SOPRA,"riferimento g3sempre_20_iii, cond 7.22"
gm3x10_20_iii_i,l29d2_iii,20,3.818,3a10,100k,C2_rel,FIXJACK2,0.00222,13.999823,,SOPRA,"riferimento g3mai_20_iii, cond 7.22"
gm3x10_20_iii_i,l29d2_iii,20,3.818,3a10,100k,S_ins,FIXJACK2,7.158,6.030000,,sotto,dB in 100 ms sopra -70 dB; pieno 3.813 V da g3mai_20_iii
gm3x10_20_iii_i,l29d2_iii,20,3.818,3a10,100k,S_rel,FIXJACK2,3.839,11.837000,,sotto,dB in 100 ms sopra -70 dB; pieno 3.813 V da g3mai_20_iii
gm3x10_20_iii_c,l29d2_iii,20,3.818,3a10,100k,A_ins,MAINJACK,1.524e-07,8.000531,2.000,sotto,riferimento g10sempre_20_iii
gm3x10_20_iii_c,l29d2_iii,20,3.818,3a10,100k,A_rel,MAINJACK,12.79,10.000031,2.000,SOPRA,riferimento g10mai_20_iii
gm3x10_20_iii_c,l29d2_iii,20,3.818,3a10,100k,B2,MAINJACK,5.545e-11,8.026802,,sotto,mute da t_ins+t_grad+20 ms a t_rel
gm3x10_20_iii_c,l29d2_iii,20,3.818,3a10,100k,C1_ins,MAINJACK,1.522e-07,8.000531,,sotto,"diagnostica, cond 7.22"
gm3x10_20_iii_c,l29d2_iii,20,3.818,3a10,100k,C1_rel,MAINJACK,7.687e-07,10.001479,,sotto,"diagnostica, cond 7.22"
gm3x10_20_iii_c,l29d2_iii,20,3.818,3a10,100k,C2_ins,MAINJACK,1.522e-07,8.000531,,sotto,"riferimento g10sempre_20_iii, cond 7.22"
gm3x10_20_iii_c,l29d2_iii,20,3.818,3a10,100k,C2_rel,MAINJACK,0.0001464,10.024771,,sotto,"riferimento g10mai_20_iii, cond 7.22"
gm3x10_20_iii_c,l29d2_iii,20,3.818,3a10,100k,S_ins,MAINJACK,0,,,sotto,dB in 100 ms sopra -70 dB; pieno 12.01 V da g10mai_20_iii
gm3x10_20_iii_c,l29d2_iii,20,3.818,3a10,100k,S_rel,MAINJACK,0,,,sotto,dB in 100 ms sopra -70 dB; pieno 12.01 V da g10mai_20_iii
gm3x10_20_iii_c,l29d2_iii,20,3.818,3a10,100k,A_ins,FIXJACK1,6.81e-12,8.000531,2.000,sotto,riferimento g10sempre_20_iii
gm3x10_20_iii_c,l29d2_iii,20,3.818,3a10,100k,A_rel,FIXJACK1,4.063,10.000031,2.000,SOPRA,riferimento g10mai_20_iii
gm3x10_20_iii_c,l29d2_iii,20,3.818,3a10,100k,B2,FIXJACK1,7.267e-14,9.999990,,sotto,mute da t_ins+t_grad+20 ms a t_rel
gm3x10_20_iii_c,l29d2_iii,20,3.818,3a10,100k,C1_ins,FIXJACK1,6.809e-12,8.000531,,sotto,"diagnostica, cond 7.22"
gm3x10_20_iii_c,l29d2_iii,20,3.818,3a10,100k,C1_rel,FIXJACK1,2.445e-07,10.001479,,sotto,"diagnostica, cond 7.22"
gm3x10_20_iii_c,l29d2_iii,20,3.818,3a10,100k,C2_ins,FIXJACK1,6.809e-12,8.000531,,sotto,"riferimento g10sempre_20_iii, cond 7.22"
gm3x10_20_iii_c,l29d2_iii,20,3.818,3a10,100k,C2_rel,FIXJACK1,1.12e-06,10.107573,,sotto,"riferimento g10mai_20_iii, cond 7.22"
gm3x10_20_iii_c,l29d2_iii,20,3.818,3a10,100k,S_ins,FIXJACK1,0,,,sotto,dB in 100 ms sopra -70 dB; pieno 3.813 V da g10mai_20_iii
gm3x10_20_iii_c,l29d2_iii,20,3.818,3a10,100k,S_rel,FIXJACK1,0,,,sotto,dB in 100 ms sopra -70 dB; pieno 3.813 V da g10mai_20_iii
gm3x10_20_iii_c,l29d2_iii,20,3.818,3a10,100k,A_ins,FIXJACK2,6.811e-12,8.000531,2.000,sotto,riferimento g10sempre_20_iii
gm3x10_20_iii_c,l29d2_iii,20,3.818,3a10,100k,A_rel,FIXJACK2,4.063,10.000031,2.000,SOPRA,riferimento g10mai_20_iii
gm3x10_20_iii_c,l29d2_iii,20,3.818,3a10,100k,B2,FIXJACK2,7.267e-14,9.999990,,sotto,mute da t_ins+t_grad+20 ms a t_rel
gm3x10_20_iii_c,l29d2_iii,20,3.818,3a10,100k,C1_ins,FIXJACK2,6.81e-12,8.000531,,sotto,"diagnostica, cond 7.22"
gm3x10_20_iii_c,l29d2_iii,20,3.818,3a10,100k,C1_rel,FIXJACK2,2.445e-07,10.001479,,sotto,"diagnostica, cond 7.22"
gm3x10_20_iii_c,l29d2_iii,20,3.818,3a10,100k,C2_ins,FIXJACK2,6.81e-12,8.000531,,sotto,"riferimento g10sempre_20_iii, cond 7.22"
gm3x10_20_iii_c,l29d2_iii,20,3.818,3a10,100k,C2_rel,FIXJACK2,1.12e-06,10.107573,,sotto,"riferimento g10mai_20_iii, cond 7.22"
gm3x10_20_iii_c,l29d2_iii,20,3.818,3a10,100k,S_ins,FIXJACK2,0,,,sotto,dB in 100 ms sopra -70 dB; pieno 3.813 V da g10mai_20_iii
gm3x10_20_iii_c,l29d2_iii,20,3.818,3a10,100k,S_rel,FIXJACK2,0,,,sotto,dB in 100 ms sopra -70 dB; pieno 3.813 V da g10mai_20_iii
gm10x3_20_iii_i,l29d2_iii,20,3.818,10a3,100k,A_ins,MAINJACK,12.79,1.000031,2.000,SOPRA,riferimento g10sempre_20_iii
gm10x3_20_iii_i,l29d2_iii,20,3.818,10a3,100k,A_rel,MAINJACK,12.79,8.000031,2.000,SOPRA,riferimento g10mai_20_iii
gm10x3_20_iii_i,l29d2_iii,20,3.818,10a3,100k,B2,MAINJACK,8.715e-06,7.526313,,sotto,mute da t_ins+t_grad+20 ms a t_rel
gm10x3_20_iii_i,l29d2_iii,20,3.818,10a3,100k,C1_ins,MAINJACK,0.008,5.499698,,SOPRA,"diagnostica, cond 7.22"
gm10x3_20_iii_i,l29d2_iii,20,3.818,10a3,100k,C1_rel,MAINJACK,0.00315,14.024750,,SOPRA,"diagnostica, cond 7.22"
gm10x3_20_iii_i,l29d2_iii,20,3.818,10a3,100k,C2_ins,MAINJACK,0.008,5.499698,,SOPRA,"riferimento g10sempre_20_iii, cond 7.22"
gm10x3_20_iii_i,l29d2_iii,20,3.818,10a3,100k,C2_rel,MAINJACK,0.003296,14.024760,,SOPRA,"riferimento g10mai_20_iii, cond 7.22"
gm10x3_20_iii_i,l29d2_iii,20,3.818,10a3,100k,S_ins,MAINJACK,7.158,6.030000,,sotto,dB in 100 ms sopra -70 dB; pieno 12.01 V da g10mai_20_iii
gm10x3_20_iii_i,l29d2_iii,20,3.818,10a3,100k,S_rel,MAINJACK,3.653,11.987000,,sotto,dB in 100 ms sopra -70 dB; pieno 12.01 V da g10mai_20_iii
gm10x3_20_iii_i,l29d2_iii,20,3.818,10a3,100k,A_ins,FIXJACK1,4.063,1.000031,2.000,SOPRA,riferimento g10sempre_20_iii
gm10x3_20_iii_i,l29d2_iii,20,3.818,10a3,100k,A_rel,FIXJACK1,4.063,8.000031,2.000,SOPRA,riferimento g10mai_20_iii
gm10x3_20_iii_i,l29d2_iii,20,3.818,10a3,100k,B2,FIXJACK1,2.738e-06,7.526375,,sotto,mute da t_ins+t_grad+20 ms a t_rel
gm10x3_20_iii_i,l29d2_iii,20,3.818,10a3,100k,C1_ins,FIXJACK1,0.00254,5.499771,,SOPRA,"diagnostica, cond 7.22"
gm10x3_20_iii_i,l29d2_iii,20,3.818,10a3,100k,C1_rel,FIXJACK1,0.002219,14.024823,,SOPRA,"diagnostica, cond 7.22"
gm10x3_20_iii_i,l29d2_iii,20,3.818,10a3,100k,C2_ins,FIXJACK1,0.00254,5.499771,,SOPRA,"riferimento g10sempre_20_iii, cond 7.22"
gm10x3_20_iii_i,l29d2_iii,20,3.818,10a3,100k,C2_rel,FIXJACK1,0.00222,13.999833,,SOPRA,"riferimento g10mai_20_iii, cond 7.22"
gm10x3_20_iii_i,l29d2_iii,20,3.818,10a3,100k,S_ins,FIXJACK1,7.158,6.030000,,sotto,dB in 100 ms sopra -70 dB; pieno 3.813 V da g10mai_20_iii
gm10x3_20_iii_i,l29d2_iii,20,3.818,10a3,100k,S_rel,FIXJACK1,3.839,11.837000,,sotto,dB in 100 ms sopra -70 dB; pieno 3.813 V da g10mai_20_iii
gm10x3_20_iii_i,l29d2_iii,20,3.818,10a3,100k,A_ins,FIXJACK2,4.063,1.000031,2.000,SOPRA,riferimento g10sempre_20_iii
gm10x3_20_iii_i,l29d2_iii,20,3.818,10a3,100k,A_rel,FIXJACK2,4.063,8.000031,2.000,SOPRA,riferimento g10mai_20_iii
gm10x3_20_iii_i,l29d2_iii,20,3.818,10a3,100k,B2,FIXJACK2,2.738e-06,7.526375,,sotto,mute da t_ins+t_grad+20 ms a t_rel
gm10x3_20_iii_i,l29d2_iii,20,3.818,10a3,100k,C1_ins,FIXJACK2,0.00254,5.499771,,SOPRA,"diagnostica, cond 7.22"
gm10x3_20_iii_i,l29d2_iii,20,3.818,10a3,100k,C1_rel,FIXJACK2,0.002219,14.024823,,SOPRA,"diagnostica, cond 7.22"
gm10x3_20_iii_i,l29d2_iii,20,3.818,10a3,100k,C2_ins,FIXJACK2,0.00254,5.499771,,SOPRA,"riferimento g10sempre_20_iii, cond 7.22"
gm10x3_20_iii_i,l29d2_iii,20,3.818,10a3,100k,C2_rel,FIXJACK2,0.00222,13.999833,,SOPRA,"riferimento g10mai_20_iii, cond 7.22"
gm10x3_20_iii_i,l29d2_iii,20,3.818,10a3,100k,S_ins,FIXJACK2,7.158,6.030000,,sotto,dB in 100 ms sopra -70 dB; pieno 3.813 V da g10mai_20_iii
gm10x3_20_iii_i,l29d2_iii,20,3.818,10a3,100k,S_rel,FIXJACK2,3.839,11.837000,,sotto,dB in 100 ms sopra -70 dB; pieno 3.813 V da g10mai_20_iii
gm10x3_20_iii_c,l29d2_iii,20,3.818,10a3,100k,A_ins,MAINJACK,7.742e-09,8.000417,2.000,sotto,riferimento g3sempre_20_iii
gm10x3_20_iii_c,l29d2_iii,20,3.818,10a3,100k,A_rel,MAINJACK,5.766,10.000031,2.000,SOPRA,riferimento g3mai_20_iii
gm10x3_20_iii_c,l29d2_iii,20,3.818,10a3,100k,B2,MAINJACK,1.291e-11,8.026917,,sotto,mute da t_ins+t_grad+20 ms a t_rel
gm10x3_20_iii_c,l29d2_iii,20,3.818,10a3,100k,C1_ins,MAINJACK,7.702e-09,8.000417,,sotto,"diagnostica, cond 7.22"
gm10x3_20_iii_c,l29d2_iii,20,3.818,10a3,100k,C1_rel,MAINJACK,3.467e-07,10.001479,,sotto,"diagnostica, cond 7.22"
gm10x3_20_iii_c,l29d2_iii,20,3.818,10a3,100k,C2_ins,MAINJACK,7.702e-09,8.000417,,sotto,"riferimento g3sempre_20_iii, cond 7.22"
gm10x3_20_iii_c,l29d2_iii,20,3.818,10a3,100k,C2_rel,MAINJACK,2.452e-06,10.107396,,sotto,"riferimento g3mai_20_iii, cond 7.22"
gm10x3_20_iii_c,l29d2_iii,20,3.818,10a3,100k,S_ins,MAINJACK,0,,,sotto,dB in 100 ms sopra -70 dB; pieno 5.413 V da g3mai_20_iii
gm10x3_20_iii_c,l29d2_iii,20,3.818,10a3,100k,S_rel,MAINJACK,0,,,sotto,dB in 100 ms sopra -70 dB; pieno 5.413 V da g3mai_20_iii
gm10x3_20_iii_c,l29d2_iii,20,3.818,10a3,100k,A_ins,FIXJACK1,8.578e-13,8.000615,2.000,sotto,riferimento g3sempre_20_iii
gm10x3_20_iii_c,l29d2_iii,20,3.818,10a3,100k,A_rel,FIXJACK1,4.063,10.000031,2.000,SOPRA,riferimento g3mai_20_iii
gm10x3_20_iii_c,l29d2_iii,20,3.818,10a3,100k,B2,FIXJACK1,9.011e-14,9.999990,,sotto,mute da t_ins+t_grad+20 ms a t_rel
gm10x3_20_iii_c,l29d2_iii,20,3.818,10a3,100k,C1_ins,FIXJACK1,8.567e-13,8.000615,,sotto,"diagnostica, cond 7.22"
gm10x3_20_iii_c,l29d2_iii,20,3.818,10a3,100k,C1_rel,FIXJACK1,2.447e-07,10.001479,,sotto,"diagnostica, cond 7.22"
gm10x3_20_iii_c,l29d2_iii,20,3.818,10a3,100k,C2_ins,FIXJACK1,8.566e-13,8.000615,,sotto,"riferimento g3sempre_20_iii, cond 7.22"
gm10x3_20_iii_c,l29d2_iii,20,3.818,10a3,100k,C2_rel,FIXJACK1,1.12e-06,10.107573,,sotto,"riferimento g3mai_20_iii, cond 7.22"
gm10x3_20_iii_c,l29d2_iii,20,3.818,10a3,100k,S_ins,FIXJACK1,0,,,sotto,dB in 100 ms sopra -70 dB; pieno 3.813 V da g3mai_20_iii
gm10x3_20_iii_c,l29d2_iii,20,3.818,10a3,100k,S_rel,FIXJACK1,0,,,sotto,dB in 100 ms sopra -70 dB; pieno 3.813 V da g3mai_20_iii
gm10x3_20_iii_c,l29d2_iii,20,3.818,10a3,100k,A_ins,FIXJACK2,8.57e-13,8.000615,2.000,sotto,riferimento g3sempre_20_iii
gm10x3_20_iii_c,l29d2_iii,20,3.818,10a3,100k,A_rel,FIXJACK2,4.063,10.000031,2.000,SOPRA,riferimento g3mai_20_iii
gm10x3_20_iii_c,l29d2_iii,20,3.818,10a3,100k,B2,FIXJACK2,9.011e-14,9.999990,,sotto,mute da t_ins+t_grad+20 ms a t_rel
gm10x3_20_iii_c,l29d2_iii,20,3.818,10a3,100k,C1_ins,FIXJACK2,8.559e-13,8.000615,,sotto,"diagnostica, cond 7.22"
gm10x3_20_iii_c,l29d2_iii,20,3.818,10a3,100k,C1_rel,FIXJACK2,2.447e-07,10.001479,,sotto,"diagnostica, cond 7.22"
gm10x3_20_iii_c,l29d2_iii,20,3.818,10a3,100k,C2_ins,FIXJACK2,8.559e-13,8.000615,,sotto,"riferimento g3sempre_20_iii, cond 7.22"
gm10x3_20_iii_c,l29d2_iii,20,3.818,10a3,100k,C2_rel,FIXJACK2,1.12e-06,10.107573,,sotto,"riferimento g3mai_20_iii, cond 7.22"
gm10x3_20_iii_c,l29d2_iii,20,3.818,10a3,100k,S_ins,FIXJACK2,0,,,sotto,dB in 100 ms sopra -70 dB; pieno 3.813 V da g3mai_20_iii
gm10x3_20_iii_c,l29d2_iii,20,3.818,10a3,100k,S_rel,FIXJACK2,0,,,sotto,dB in 100 ms sopra -70 dB; pieno 3.813 V da g3mai_20_iii
gm0x10_20_iii_i,l29d2_iii,20,3.818,0a10,100k,A_ins,MAINJACK,4.06,1.000031,2.000,SOPRA,riferimento g0sempre_20_iii
gm0x10_20_iii_i,l29d2_iii,20,3.818,0a10,100k,A_rel,MAINJACK,4.06,8.000031,2.000,SOPRA,riferimento g0mai_20_iii
gm0x10_20_iii_i,l29d2_iii,20,3.818,0a10,100k,B2,MAINJACK,2.767e-06,7.526313,,sotto,mute da t_ins+t_grad+20 ms a t_rel
gm0x10_20_iii_i,l29d2_iii,20,3.818,0a10,100k,C1_ins,MAINJACK,0.002539,5.499698,,SOPRA,"diagnostica, cond 7.22"
gm0x10_20_iii_i,l29d2_iii,20,3.818,0a10,100k,C1_rel,MAINJACK,0.006986,13.999771,,SOPRA,"diagnostica, cond 7.22"
gm0x10_20_iii_i,l29d2_iii,20,3.818,0a10,100k,C2_ins,MAINJACK,0.002539,5.499698,,SOPRA,"riferimento g0sempre_20_iii, cond 7.22"
gm0x10_20_iii_i,l29d2_iii,20,3.818,0a10,100k,C2_rel,MAINJACK,0.006987,13.999771,,SOPRA,"riferimento g0mai_20_iii, cond 7.22"
gm0x10_20_iii_i,l29d2_iii,20,3.818,0a10,100k,S_ins,MAINJACK,7.158,6.030000,,sotto,dB in 100 ms sopra -70 dB; pieno 3.811 V da g0mai_20_iii
gm0x10_20_iii_i,l29d2_iii,20,3.818,0a10,100k,S_rel,MAINJACK,4.06,11.101000,,sotto,dB in 100 ms sopra -70 dB; pieno 3.811 V da g0mai_20_iii
gm0x10_20_iii_i,l29d2_iii,20,3.818,0a10,100k,A_ins,FIXJACK1,4.063,1.000031,2.000,SOPRA,riferimento g0sempre_20_iii
gm0x10_20_iii_i,l29d2_iii,20,3.818,0a10,100k,A_rel,FIXJACK1,4.063,8.000031,2.000,SOPRA,riferimento g0mai_20_iii
gm0x10_20_iii_i,l29d2_iii,20,3.818,0a10,100k,B2,FIXJACK1,2.738e-06,7.526375,,sotto,mute da t_ins+t_grad+20 ms a t_rel
gm0x10_20_iii_i,l29d2_iii,20,3.818,0a10,100k,C1_ins,FIXJACK1,0.00254,5.499771,,SOPRA,"diagnostica, cond 7.22"
gm0x10_20_iii_i,l29d2_iii,20,3.818,0a10,100k,C1_rel,FIXJACK1,0.002219,14.024812,,SOPRA,"diagnostica, cond 7.22"
gm0x10_20_iii_i,l29d2_iii,20,3.818,0a10,100k,C2_ins,FIXJACK1,0.00254,5.499771,,SOPRA,"riferimento g0sempre_20_iii, cond 7.22"
gm0x10_20_iii_i,l29d2_iii,20,3.818,0a10,100k,C2_rel,FIXJACK1,0.00222,13.999823,,SOPRA,"riferimento g0mai_20_iii, cond 7.22"
gm0x10_20_iii_i,l29d2_iii,20,3.818,0a10,100k,S_ins,FIXJACK1,7.158,6.030000,,sotto,dB in 100 ms sopra -70 dB; pieno 3.813 V da g0mai_20_iii
gm0x10_20_iii_i,l29d2_iii,20,3.818,0a10,100k,S_rel,FIXJACK1,3.839,11.837000,,sotto,dB in 100 ms sopra -70 dB; pieno 3.813 V da g0mai_20_iii
gm0x10_20_iii_i,l29d2_iii,20,3.818,0a10,100k,A_ins,FIXJACK2,4.063,1.000031,2.000,SOPRA,riferimento g0sempre_20_iii
gm0x10_20_iii_i,l29d2_iii,20,3.818,0a10,100k,A_rel,FIXJACK2,4.063,8.000031,2.000,SOPRA,riferimento g0mai_20_iii
gm0x10_20_iii_i,l29d2_iii,20,3.818,0a10,100k,B2,FIXJACK2,2.738e-06,7.526375,,sotto,mute da t_ins+t_grad+20 ms a t_rel
gm0x10_20_iii_i,l29d2_iii,20,3.818,0a10,100k,C1_ins,FIXJACK2,0.00254,5.499771,,SOPRA,"diagnostica, cond 7.22"
gm0x10_20_iii_i,l29d2_iii,20,3.818,0a10,100k,C1_rel,FIXJACK2,0.002219,14.024812,,SOPRA,"diagnostica, cond 7.22"
gm0x10_20_iii_i,l29d2_iii,20,3.818,0a10,100k,C2_ins,FIXJACK2,0.00254,5.499771,,SOPRA,"riferimento g0sempre_20_iii, cond 7.22"
gm0x10_20_iii_i,l29d2_iii,20,3.818,0a10,100k,C2_rel,FIXJACK2,0.00222,13.999823,,SOPRA,"riferimento g0mai_20_iii, cond 7.22"
gm0x10_20_iii_i,l29d2_iii,20,3.818,0a10,100k,S_ins,FIXJACK2,7.158,6.030000,,sotto,dB in 100 ms sopra -70 dB; pieno 3.813 V da g0mai_20_iii
gm0x10_20_iii_i,l29d2_iii,20,3.818,0a10,100k,S_rel,FIXJACK2,3.839,11.837000,,sotto,dB in 100 ms sopra -70 dB; pieno 3.813 V da g0mai_20_iii
gm0x10_20_iii_c,l29d2_iii,20,3.818,0a10,100k,A_ins,MAINJACK,1.854e-07,8.000312,2.000,sotto,riferimento g10sempre_20_iii
gm0x10_20_iii_c,l29d2_iii,20,3.818,0a10,100k,A_rel,MAINJACK,12.79,10.000031,2.000,SOPRA,riferimento g10mai_20_iii
gm0x10_20_iii_c,l29d2_iii,20,3.818,0a10,100k,B2,MAINJACK,6.38e-11,8.027021,,sotto,mute da t_ins+t_grad+20 ms a t_rel
gm0x10_20_iii_c,l29d2_iii,20,3.818,0a10,100k,C1_ins,MAINJACK,1.852e-07,8.000312,,sotto,"diagnostica, cond 7.22"
gm0x10_20_iii_c,l29d2_iii,20,3.818,0a10,100k,C1_rel,MAINJACK,7.692e-07,10.001490,,sotto,"diagnostica, cond 7.22"
gm0x10_20_iii_c,l29d2_iii,20,3.818,0a10,100k,C2_ins,MAINJACK,1.852e-07,8.000312,,sotto,"riferimento g10sempre_20_iii, cond 7.22"
gm0x10_20_iii_c,l29d2_iii,20,3.818,0a10,100k,C2_rel,MAINJACK,0.0001464,10.024771,,sotto,"riferimento g10mai_20_iii, cond 7.22"
gm0x10_20_iii_c,l29d2_iii,20,3.818,0a10,100k,S_ins,MAINJACK,0,,,sotto,dB in 100 ms sopra -70 dB; pieno 12.01 V da g10mai_20_iii
gm0x10_20_iii_c,l29d2_iii,20,3.818,0a10,100k,S_rel,MAINJACK,0,,,sotto,dB in 100 ms sopra -70 dB; pieno 12.01 V da g10mai_20_iii
gm0x10_20_iii_c,l29d2_iii,20,3.818,0a10,100k,A_ins,FIXJACK1,4.127e-11,8.000531,2.000,sotto,riferimento g10sempre_20_iii
gm0x10_20_iii_c,l29d2_iii,20,3.818,0a10,100k,A_rel,FIXJACK1,4.063,10.000031,2.000,SOPRA,riferimento g10mai_20_iii
gm0x10_20_iii_c,l29d2_iii,20,3.818,0a10,100k,B2,FIXJACK1,5.001e-15,8.026021,,sotto,mute da t_ins+t_grad+20 ms a t_rel
gm0x10_20_iii_c,l29d2_iii,20,3.818,0a10,100k,C1_ins,FIXJACK1,4.122e-11,8.000531,,sotto,"diagnostica, cond 7.22"
gm0x10_20_iii_c,l29d2_iii,20,3.818,0a10,100k,C1_rel,FIXJACK1,2.447e-07,10.001490,,sotto,"diagnostica, cond 7.22"
gm0x10_20_iii_c,l29d2_iii,20,3.818,0a10,100k,C2_ins,FIXJACK1,4.122e-11,8.000531,,sotto,"riferimento g10sempre_20_iii, cond 7.22"
gm0x10_20_iii_c,l29d2_iii,20,3.818,0a10,100k,C2_rel,FIXJACK1,1.12e-06,10.107573,,sotto,"riferimento g10mai_20_iii, cond 7.22"
gm0x10_20_iii_c,l29d2_iii,20,3.818,0a10,100k,S_ins,FIXJACK1,0,,,sotto,dB in 100 ms sopra -70 dB; pieno 3.813 V da g10mai_20_iii
gm0x10_20_iii_c,l29d2_iii,20,3.818,0a10,100k,S_rel,FIXJACK1,0,,,sotto,dB in 100 ms sopra -70 dB; pieno 3.813 V da g10mai_20_iii
gm0x10_20_iii_c,l29d2_iii,20,3.818,0a10,100k,A_ins,FIXJACK2,4.127e-11,8.000531,2.000,sotto,riferimento g10sempre_20_iii
gm0x10_20_iii_c,l29d2_iii,20,3.818,0a10,100k,A_rel,FIXJACK2,4.063,10.000031,2.000,SOPRA,riferimento g10mai_20_iii
gm0x10_20_iii_c,l29d2_iii,20,3.818,0a10,100k,B2,FIXJACK2,4.981e-15,8.026021,,sotto,mute da t_ins+t_grad+20 ms a t_rel
gm0x10_20_iii_c,l29d2_iii,20,3.818,0a10,100k,C1_ins,FIXJACK2,4.122e-11,8.000531,,sotto,"diagnostica, cond 7.22"
gm0x10_20_iii_c,l29d2_iii,20,3.818,0a10,100k,C1_rel,FIXJACK2,2.447e-07,10.001490,,sotto,"diagnostica, cond 7.22"
gm0x10_20_iii_c,l29d2_iii,20,3.818,0a10,100k,C2_ins,FIXJACK2,4.122e-11,8.000531,,sotto,"riferimento g10sempre_20_iii, cond 7.22"
gm0x10_20_iii_c,l29d2_iii,20,3.818,0a10,100k,C2_rel,FIXJACK2,1.12e-06,10.107573,,sotto,"riferimento g10mai_20_iii, cond 7.22"
gm0x10_20_iii_c,l29d2_iii,20,3.818,0a10,100k,S_ins,FIXJACK2,0,,,sotto,dB in 100 ms sopra -70 dB; pieno 3.813 V da g10mai_20_iii
gm0x10_20_iii_c,l29d2_iii,20,3.818,0a10,100k,S_rel,FIXJACK2,0,,,sotto,dB in 100 ms sopra -70 dB; pieno 3.813 V da g10mai_20_iii
gm10x0_20_iii_i,l29d2_iii,20,3.818,10a0,100k,A_ins,MAINJACK,12.79,1.000031,2.000,SOPRA,riferimento g10sempre_20_iii
gm10x0_20_iii_i,l29d2_iii,20,3.818,10a0,100k,A_rel,MAINJACK,12.79,8.000031,2.000,SOPRA,riferimento g10mai_20_iii
gm10x0_20_iii_i,l29d2_iii,20,3.818,10a0,100k,B2,MAINJACK,8.715e-06,7.526313,,sotto,mute da t_ins+t_grad+20 ms a t_rel
gm10x0_20_iii_i,l29d2_iii,20,3.818,10a0,100k,C1_ins,MAINJACK,0.008,5.499698,,SOPRA,"diagnostica, cond 7.22"
gm10x0_20_iii_i,l29d2_iii,20,3.818,10a0,100k,C1_rel,MAINJACK,0.002218,14.024750,,SOPRA,"diagnostica, cond 7.22"
gm10x0_20_iii_i,l29d2_iii,20,3.818,10a0,100k,C2_ins,MAINJACK,0.008,5.499698,,SOPRA,"riferimento g10sempre_20_iii, cond 7.22"
gm10x0_20_iii_i,l29d2_iii,20,3.818,10a0,100k,C2_rel,MAINJACK,0.002364,14.024760,,SOPRA,"riferimento g10mai_20_iii, cond 7.22"
gm10x0_20_iii_i,l29d2_iii,20,3.818,10a0,100k,S_ins,MAINJACK,7.158,6.030000,,sotto,dB in 100 ms sopra -70 dB; pieno 12.01 V da g10mai_20_iii
gm10x0_20_iii_i,l29d2_iii,20,3.818,10a0,100k,S_rel,MAINJACK,3.543,12.072000,,sotto,dB in 100 ms sopra -70 dB; pieno 12.01 V da g10mai_20_iii
gm10x0_20_iii_i,l29d2_iii,20,3.818,10a0,100k,A_ins,FIXJACK1,4.063,1.000031,2.000,SOPRA,riferimento g10sempre_20_iii
gm10x0_20_iii_i,l29d2_iii,20,3.818,10a0,100k,A_rel,FIXJACK1,4.063,8.000031,2.000,SOPRA,riferimento g10mai_20_iii
gm10x0_20_iii_i,l29d2_iii,20,3.818,10a0,100k,B2,FIXJACK1,2.738e-06,7.526375,,sotto,mute da t_ins+t_grad+20 ms a t_rel
gm10x0_20_iii_i,l29d2_iii,20,3.818,10a0,100k,C1_ins,FIXJACK1,0.00254,5.499771,,SOPRA,"diagnostica, cond 7.22"
gm10x0_20_iii_i,l29d2_iii,20,3.818,10a0,100k,C1_rel,FIXJACK1,0.002219,14.024823,,SOPRA,"diagnostica, cond 7.22"
gm10x0_20_iii_i,l29d2_iii,20,3.818,10a0,100k,C2_ins,FIXJACK1,0.00254,5.499771,,SOPRA,"riferimento g10sempre_20_iii, cond 7.22"
gm10x0_20_iii_i,l29d2_iii,20,3.818,10a0,100k,C2_rel,FIXJACK1,0.00222,13.999823,,SOPRA,"riferimento g10mai_20_iii, cond 7.22"
gm10x0_20_iii_i,l29d2_iii,20,3.818,10a0,100k,S_ins,FIXJACK1,7.158,6.030000,,sotto,dB in 100 ms sopra -70 dB; pieno 3.813 V da g10mai_20_iii
gm10x0_20_iii_i,l29d2_iii,20,3.818,10a0,100k,S_rel,FIXJACK1,3.839,11.837000,,sotto,dB in 100 ms sopra -70 dB; pieno 3.813 V da g10mai_20_iii
gm10x0_20_iii_i,l29d2_iii,20,3.818,10a0,100k,A_ins,FIXJACK2,4.063,1.000031,2.000,SOPRA,riferimento g10sempre_20_iii
gm10x0_20_iii_i,l29d2_iii,20,3.818,10a0,100k,A_rel,FIXJACK2,4.063,8.000031,2.000,SOPRA,riferimento g10mai_20_iii
gm10x0_20_iii_i,l29d2_iii,20,3.818,10a0,100k,B2,FIXJACK2,2.738e-06,7.526375,,sotto,mute da t_ins+t_grad+20 ms a t_rel
gm10x0_20_iii_i,l29d2_iii,20,3.818,10a0,100k,C1_ins,FIXJACK2,0.00254,5.499771,,SOPRA,"diagnostica, cond 7.22"
gm10x0_20_iii_i,l29d2_iii,20,3.818,10a0,100k,C1_rel,FIXJACK2,0.002219,14.024823,,SOPRA,"diagnostica, cond 7.22"
gm10x0_20_iii_i,l29d2_iii,20,3.818,10a0,100k,C2_ins,FIXJACK2,0.00254,5.499771,,SOPRA,"riferimento g10sempre_20_iii, cond 7.22"
gm10x0_20_iii_i,l29d2_iii,20,3.818,10a0,100k,C2_rel,FIXJACK2,0.00222,13.999823,,SOPRA,"riferimento g10mai_20_iii, cond 7.22"
gm10x0_20_iii_i,l29d2_iii,20,3.818,10a0,100k,S_ins,FIXJACK2,7.158,6.030000,,sotto,dB in 100 ms sopra -70 dB; pieno 3.813 V da g10mai_20_iii
gm10x0_20_iii_i,l29d2_iii,20,3.818,10a0,100k,S_rel,FIXJACK2,3.839,11.837000,,sotto,dB in 100 ms sopra -70 dB; pieno 3.813 V da g10mai_20_iii
gm10x0_20_iii_c,l29d2_iii,20,3.818,10a0,100k,A_ins,MAINJACK,1.134e-07,8.000906,2.000,sotto,riferimento g0sempre_20_iii
gm10x0_20_iii_c,l29d2_iii,20,3.818,10a0,100k,A_rel,MAINJACK,4.06,10.000031,2.000,SOPRA,riferimento g0mai_20_iii
gm10x0_20_iii_c,l29d2_iii,20,3.818,10a0,100k,B2,MAINJACK,2.216e-11,8.027729,,sotto,mute da t_ins+t_grad+20 ms a t_rel
gm10x0_20_iii_c,l29d2_iii,20,3.818,10a0,100k,C1_ins,MAINJACK,1.133e-07,8.000906,,sotto,"diagnostica, cond 7.22"
gm10x0_20_iii_c,l29d2_iii,20,3.818,10a0,100k,C1_rel,MAINJACK,2.44e-07,10.001479,,sotto,"diagnostica, cond 7.22"
gm10x0_20_iii_c,l29d2_iii,20,3.818,10a0,100k,C2_ins,MAINJACK,1.133e-07,8.000906,,sotto,"riferimento g0sempre_20_iii, cond 7.22"
gm10x0_20_iii_c,l29d2_iii,20,3.818,10a0,100k,C2_rel,MAINJACK,1.121e-06,10.107563,,sotto,"riferimento g0mai_20_iii, cond 7.22"
gm10x0_20_iii_c,l29d2_iii,20,3.818,10a0,100k,S_ins,MAINJACK,0,,,sotto,dB in 100 ms sopra -70 dB; pieno 3.811 V da g0mai_20_iii
gm10x0_20_iii_c,l29d2_iii,20,3.818,10a0,100k,S_rel,MAINJACK,0,,,sotto,dB in 100 ms sopra -70 dB; pieno 3.811 V da g0mai_20_iii
gm10x0_20_iii_c,l29d2_iii,20,3.818,10a0,100k,A_ins,FIXJACK1,3.347e-12,8.000906,2.000,sotto,riferimento g0sempre_20_iii
gm10x0_20_iii_c,l29d2_iii,20,3.818,10a0,100k,A_rel,FIXJACK1,4.063,10.000031,2.000,SOPRA,riferimento g0mai_20_iii
gm10x0_20_iii_c,l29d2_iii,20,3.818,10a0,100k,B2,FIXJACK1,8.791e-14,9.999990,,sotto,mute da t_ins+t_grad+20 ms a t_rel
gm10x0_20_iii_c,l29d2_iii,20,3.818,10a0,100k,C1_ins,FIXJACK1,3.348e-12,8.000906,,sotto,"diagnostica, cond 7.22"
gm10x0_20_iii_c,l29d2_iii,20,3.818,10a0,100k,C1_rel,FIXJACK1,2.445e-07,10.001479,,sotto,"diagnostica, cond 7.22"
gm10x0_20_iii_c,l29d2_iii,20,3.818,10a0,100k,C2_ins,FIXJACK1,3.348e-12,8.000906,,sotto,"riferimento g0sempre_20_iii, cond 7.22"
gm10x0_20_iii_c,l29d2_iii,20,3.818,10a0,100k,C2_rel,FIXJACK1,1.12e-06,10.107573,,sotto,"riferimento g0mai_20_iii, cond 7.22"
gm10x0_20_iii_c,l29d2_iii,20,3.818,10a0,100k,S_ins,FIXJACK1,0,,,sotto,dB in 100 ms sopra -70 dB; pieno 3.813 V da g0mai_20_iii
gm10x0_20_iii_c,l29d2_iii,20,3.818,10a0,100k,S_rel,FIXJACK1,0,,,sotto,dB in 100 ms sopra -70 dB; pieno 3.813 V da g0mai_20_iii
gm10x0_20_iii_c,l29d2_iii,20,3.818,10a0,100k,A_ins,FIXJACK2,3.347e-12,8.000906,2.000,sotto,riferimento g0sempre_20_iii
gm10x0_20_iii_c,l29d2_iii,20,3.818,10a0,100k,A_rel,FIXJACK2,4.063,10.000031,2.000,SOPRA,riferimento g0mai_20_iii
gm10x0_20_iii_c,l29d2_iii,20,3.818,10a0,100k,B2,FIXJACK2,8.795e-14,9.999990,,sotto,mute da t_ins+t_grad+20 ms a t_rel
gm10x0_20_iii_c,l29d2_iii,20,3.818,10a0,100k,C1_ins,FIXJACK2,3.348e-12,8.000906,,sotto,"diagnostica, cond 7.22"
gm10x0_20_iii_c,l29d2_iii,20,3.818,10a0,100k,C1_rel,FIXJACK2,2.445e-07,10.001479,,sotto,"diagnostica, cond 7.22"
gm10x0_20_iii_c,l29d2_iii,20,3.818,10a0,100k,C2_ins,FIXJACK2,3.348e-12,8.000906,,sotto,"riferimento g0sempre_20_iii, cond 7.22"
gm10x0_20_iii_c,l29d2_iii,20,3.818,10a0,100k,C2_rel,FIXJACK2,1.12e-06,10.107573,,sotto,"riferimento g0mai_20_iii, cond 7.22"
gm10x0_20_iii_c,l29d2_iii,20,3.818,10a0,100k,S_ins,FIXJACK2,0,,,sotto,dB in 100 ms sopra -70 dB; pieno 3.813 V da g0mai_20_iii
gm10x0_20_iii_c,l29d2_iii,20,3.818,10a0,100k,S_rel,FIXJACK2,0,,,sotto,dB in 100 ms sopra -70 dB; pieno 3.813 V da g0mai_20_iii
gm0x3_lz_iii_i,l29d2_iii,1000,0,0a3,100k,A_ins,MAINJACK,4.134e-09,2.362312,2.000,sotto,riferimento g0sempre_lz_iii
gm0x3_lz_iii_i,l29d2_iii,1000,0,0a3,100k,A_rel,MAINJACK,5.219e-08,8.000312,2.000,sotto,riferimento g0mai_lz_iii
gm0x3_lz_iii_i,l29d2_iii,1000,0,0a3,100k,B2,MAINJACK,6.167e-10,7.520000,,sotto,mute da t_ins+t_grad+20 ms a t_rel
gm0x3_lz_iii_i,l29d2_iii,1000,0,0a3,100k,A_ins,FIXJACK1,4.142e-09,2.362500,2.000,sotto,riferimento g0sempre_lz_iii
gm0x3_lz_iii_i,l29d2_iii,1000,0,0a3,100k,A_rel,FIXJACK1,1.041e-11,9.317573,2.000,sotto,riferimento g0mai_lz_iii
gm0x3_lz_iii_i,l29d2_iii,1000,0,0a3,100k,B2,FIXJACK1,3.474e-09,7.520000,,sotto,mute da t_ins+t_grad+20 ms a t_rel
gm0x3_lz_iii_i,l29d2_iii,1000,0,0a3,100k,A_ins,FIXJACK2,4.141e-09,2.362469,2.000,sotto,riferimento g0sempre_lz_iii
gm0x3_lz_iii_i,l29d2_iii,1000,0,0a3,100k,A_rel,FIXJACK2,1.137e-11,9.395927,2.000,sotto,riferimento g0mai_lz_iii
gm0x3_lz_iii_i,l29d2_iii,1000,0,0a3,100k,B2,FIXJACK2,3.474e-09,7.520000,,sotto,mute da t_ins+t_grad+20 ms a t_rel
gm0x3_lz_iii_c,l29d2_iii,1000,0,0a3,100k,A_ins,MAINJACK,5.219e-08,8.000312,2.000,sotto,riferimento g3sempre_lz_iii
gm0x3_lz_iii_c,l29d2_iii,1000,0,0a3,100k,A_rel,MAINJACK,1.439e-08,11.323052,2.000,sotto,riferimento g3mai_lz_iii
gm0x3_lz_iii_c,l29d2_iii,1000,0,0a3,100k,B2,MAINJACK,1.558e-11,8.026792,,sotto,mute da t_ins+t_grad+20 ms a t_rel
gm0x3_lz_iii_c,l29d2_iii,1000,0,0a3,100k,A_ins,FIXJACK1,6.731e-13,8.000312,2.000,sotto,riferimento g3sempre_lz_iii
gm0x3_lz_iii_c,l29d2_iii,1000,0,0a3,100k,A_rel,FIXJACK1,1.013e-08,11.323187,2.000,sotto,riferimento g3mai_lz_iii
gm0x3_lz_iii_c,l29d2_iii,1000,0,0a3,100k,B2,FIXJACK1,3.226e-16,8.026802,,sotto,mute da t_ins+t_grad+20 ms a t_rel
gm0x3_lz_iii_c,l29d2_iii,1000,0,0a3,100k,A_ins,FIXJACK2,6.727e-13,8.000312,2.000,sotto,riferimento g3sempre_lz_iii
gm0x3_lz_iii_c,l29d2_iii,1000,0,0a3,100k,A_rel,FIXJACK2,1.013e-08,11.323187,2.000,sotto,riferimento g3mai_lz_iii
gm0x3_lz_iii_c,l29d2_iii,1000,0,0a3,100k,B2,FIXJACK2,3.466e-16,8.026802,,sotto,mute da t_ins+t_grad+20 ms a t_rel
gm3x0_lz_iii_i,l29d2_iii,1000,0,3a0,100k,A_ins,MAINJACK,5.869e-09,2.362344,2.000,sotto,riferimento g3sempre_lz_iii
gm3x0_lz_iii_i,l29d2_iii,1000,0,3a0,100k,A_rel,MAINJACK,4.276e-09,8.000010,2.000,sotto,riferimento g3mai_lz_iii
gm3x0_lz_iii_i,l29d2_iii,1000,0,3a0,100k,B2,MAINJACK,8.757e-10,7.520000,,sotto,mute da t_ins+t_grad+20 ms a t_rel
gm3x0_lz_iii_i,l29d2_iii,1000,0,3a0,100k,A_ins,FIXJACK1,4.143e-09,2.362563,2.000,sotto,riferimento g3sempre_lz_iii
gm3x0_lz_iii_i,l29d2_iii,1000,0,3a0,100k,A_rel,FIXJACK1,1.132e-11,9.868406,2.000,sotto,riferimento g3mai_lz_iii
gm3x0_lz_iii_i,l29d2_iii,1000,0,3a0,100k,B2,FIXJACK1,3.474e-09,7.520000,,sotto,mute da t_ins+t_grad+20 ms a t_rel
gm3x0_lz_iii_i,l29d2_iii,1000,0,3a0,100k,A_ins,FIXJACK2,4.141e-09,2.362437,2.000,sotto,riferimento g3sempre_lz_iii
gm3x0_lz_iii_i,l29d2_iii,1000,0,3a0,100k,A_rel,FIXJACK2,1.074e-11,9.767510,2.000,sotto,riferimento g3mai_lz_iii
gm3x0_lz_iii_i,l29d2_iii,1000,0,3a0,100k,B2,FIXJACK2,3.474e-09,7.520000,,sotto,mute da t_ins+t_grad+20 ms a t_rel
gm3x0_lz_iii_c,l29d2_iii,1000,0,3a0,100k,A_ins,MAINJACK,4.276e-09,8.000010,2.000,sotto,riferimento g0sempre_lz_iii
gm3x0_lz_iii_c,l29d2_iii,1000,0,3a0,100k,A_rel,MAINJACK,1.013e-08,11.323240,2.000,sotto,riferimento g0mai_lz_iii
gm3x0_lz_iii_c,l29d2_iii,1000,0,3a0,100k,B2,MAINJACK,2.263e-13,8.028365,,sotto,mute da t_ins+t_grad+20 ms a t_rel
gm3x0_lz_iii_c,l29d2_iii,1000,0,3a0,100k,A_ins,FIXJACK1,9.683e-14,8.000010,2.000,sotto,riferimento g0sempre_lz_iii
gm3x0_lz_iii_c,l29d2_iii,1000,0,3a0,100k,A_rel,FIXJACK1,1.013e-08,11.323219,2.000,sotto,riferimento g0mai_lz_iii
gm3x0_lz_iii_c,l29d2_iii,1000,0,3a0,100k,B2,FIXJACK1,6.39e-17,9.999990,,sotto,mute da t_ins+t_grad+20 ms a t_rel
gm3x0_lz_iii_c,l29d2_iii,1000,0,3a0,100k,A_ins,FIXJACK2,9.742e-14,8.000010,2.000,sotto,riferimento g0sempre_lz_iii
gm3x0_lz_iii_c,l29d2_iii,1000,0,3a0,100k,A_rel,FIXJACK2,1.013e-08,11.323229,2.000,sotto,riferimento g0mai_lz_iii
gm3x0_lz_iii_c,l29d2_iii,1000,0,3a0,100k,B2,FIXJACK2,5.55e-17,8.027740,,sotto,mute da t_ins+t_grad+20 ms a t_rel
gm3x10_lz_iii_i,l29d2_iii,1000,0,3a10,100k,A_ins,MAINJACK,5.869e-09,2.362344,2.000,sotto,riferimento g3sempre_lz_iii
gm3x10_lz_iii_i,l29d2_iii,1000,0,3a10,100k,A_rel,MAINJACK,1.086e-07,8.000531,2.000,sotto,riferimento g3mai_lz_iii
gm3x10_lz_iii_i,l29d2_iii,1000,0,3a10,100k,B2,MAINJACK,8.757e-10,7.520000,,sotto,mute da t_ins+t_grad+20 ms a t_rel
gm3x10_lz_iii_i,l29d2_iii,1000,0,3a10,100k,A_ins,FIXJACK1,4.143e-09,2.362563,2.000,sotto,riferimento g3sempre_lz_iii
gm3x10_lz_iii_i,l29d2_iii,1000,0,3a10,100k,A_rel,FIXJACK1,2.287e-11,8.000312,2.000,sotto,riferimento g3mai_lz_iii
gm3x10_lz_iii_i,l29d2_iii,1000,0,3a10,100k,B2,FIXJACK1,3.474e-09,7.520000,,sotto,mute da t_ins+t_grad+20 ms a t_rel
gm3x10_lz_iii_i,l29d2_iii,1000,0,3a10,100k,A_ins,FIXJACK2,4.141e-09,2.362437,2.000,sotto,riferimento g3sempre_lz_iii
gm3x10_lz_iii_i,l29d2_iii,1000,0,3a10,100k,A_rel,FIXJACK2,2.299e-11,8.000312,2.000,sotto,riferimento g3mai_lz_iii
gm3x10_lz_iii_i,l29d2_iii,1000,0,3a10,100k,B2,FIXJACK2,3.474e-09,7.520000,,sotto,mute da t_ins+t_grad+20 ms a t_rel
gm3x10_lz_iii_c,l29d2_iii,1000,0,3a10,100k,A_ins,MAINJACK,1.086e-07,8.000531,2.000,sotto,riferimento g10sempre_lz_iii
gm3x10_lz_iii_c,l29d2_iii,1000,0,3a10,100k,A_rel,MAINJACK,3.193e-08,11.323281,2.000,sotto,riferimento g10mai_lz_iii
gm3x10_lz_iii_c,l29d2_iii,1000,0,3a10,100k,B2,MAINJACK,4.21e-11,8.026823,,sotto,mute da t_ins+t_grad+20 ms a t_rel
gm3x10_lz_iii_c,l29d2_iii,1000,0,3a10,100k,A_ins,FIXJACK1,2.686e-11,8.000312,2.000,sotto,riferimento g10sempre_lz_iii
gm3x10_lz_iii_c,l29d2_iii,1000,0,3a10,100k,A_rel,FIXJACK1,1.013e-08,11.323302,2.000,sotto,riferimento g10mai_lz_iii
gm3x10_lz_iii_c,l29d2_iii,1000,0,3a10,100k,B2,FIXJACK1,7.805e-15,8.027073,,sotto,mute da t_ins+t_grad+20 ms a t_rel
gm3x10_lz_iii_c,l29d2_iii,1000,0,3a10,100k,A_ins,FIXJACK2,2.686e-11,8.000312,2.000,sotto,riferimento g10sempre_lz_iii
gm3x10_lz_iii_c,l29d2_iii,1000,0,3a10,100k,A_rel,FIXJACK2,1.013e-08,11.323302,2.000,sotto,riferimento g10mai_lz_iii
gm3x10_lz_iii_c,l29d2_iii,1000,0,3a10,100k,B2,FIXJACK2,7.851e-15,8.027073,,sotto,mute da t_ins+t_grad+20 ms a t_rel
gm10x3_lz_iii_i,l29d2_iii,1000,0,10a3,100k,A_ins,MAINJACK,1.302e-08,2.362260,2.000,sotto,riferimento g10sempre_lz_iii
gm10x3_lz_iii_i,l29d2_iii,1000,0,10a3,100k,A_rel,MAINJACK,1.273e-08,8.000010,2.000,sotto,riferimento g10mai_lz_iii
gm10x3_lz_iii_i,l29d2_iii,1000,0,10a3,100k,B2,MAINJACK,1.943e-09,7.520000,,sotto,mute da t_ins+t_grad+20 ms a t_rel
gm10x3_lz_iii_i,l29d2_iii,1000,0,10a3,100k,A_ins,FIXJACK1,4.144e-09,2.362667,2.000,sotto,riferimento g10sempre_lz_iii
gm10x3_lz_iii_i,l29d2_iii,1000,0,10a3,100k,A_rel,FIXJACK1,1.036e-11,9.631500,2.000,sotto,riferimento g10mai_lz_iii
gm10x3_lz_iii_i,l29d2_iii,1000,0,10a3,100k,B2,FIXJACK1,3.474e-09,7.520000,,sotto,mute da t_ins+t_grad+20 ms a t_rel
gm10x3_lz_iii_i,l29d2_iii,1000,0,10a3,100k,A_ins,FIXJACK2,4.141e-09,2.362365,2.000,sotto,riferimento g10sempre_lz_iii
gm10x3_lz_iii_i,l29d2_iii,1000,0,10a3,100k,A_rel,FIXJACK2,1.024e-11,9.170687,2.000,sotto,riferimento g10mai_lz_iii
gm10x3_lz_iii_i,l29d2_iii,1000,0,10a3,100k,B2,FIXJACK2,3.474e-09,7.520000,,sotto,mute da t_ins+t_grad+20 ms a t_rel
gm10x3_lz_iii_c,l29d2_iii,1000,0,10a3,100k,A_ins,MAINJACK,1.275e-08,8.000010,2.000,sotto,riferimento g3sempre_lz_iii
gm10x3_lz_iii_c,l29d2_iii,1000,0,10a3,100k,A_rel,MAINJACK,1.439e-08,11.323063,2.000,sotto,riferimento g3mai_lz_iii
gm10x3_lz_iii_c,l29d2_iii,1000,0,10a3,100k,B2,MAINJACK,7.85e-12,8.027135,,sotto,mute da t_ins+t_grad+20 ms a t_rel
gm10x3_lz_iii_c,l29d2_iii,1000,0,10a3,100k,A_ins,FIXJACK1,3.237e-13,8.000010,2.000,sotto,riferimento g3sempre_lz_iii
gm10x3_lz_iii_c,l29d2_iii,1000,0,10a3,100k,A_rel,FIXJACK1,1.013e-08,11.323052,2.000,sotto,riferimento g3mai_lz_iii
gm10x3_lz_iii_c,l29d2_iii,1000,0,10a3,100k,B2,FIXJACK1,2.134e-16,8.028302,,sotto,mute da t_ins+t_grad+20 ms a t_rel
gm10x3_lz_iii_c,l29d2_iii,1000,0,10a3,100k,A_ins,FIXJACK2,3.238e-13,8.000010,2.000,sotto,riferimento g3sempre_lz_iii
gm10x3_lz_iii_c,l29d2_iii,1000,0,10a3,100k,A_rel,FIXJACK2,1.013e-08,11.323177,2.000,sotto,riferimento g3mai_lz_iii
gm10x3_lz_iii_c,l29d2_iii,1000,0,10a3,100k,B2,FIXJACK2,2.122e-16,8.027302,,sotto,mute da t_ins+t_grad+20 ms a t_rel
gm0x10_lz_iii_i,l29d2_iii,1000,0,0a10,100k,A_ins,MAINJACK,4.134e-09,2.362312,2.000,sotto,riferimento g0sempre_lz_iii
gm0x10_lz_iii_i,l29d2_iii,1000,0,0a10,100k,A_rel,MAINJACK,1.704e-07,8.000312,2.000,sotto,riferimento g0mai_lz_iii
gm0x10_lz_iii_i,l29d2_iii,1000,0,0a10,100k,B2,MAINJACK,6.167e-10,7.520000,,sotto,mute da t_ins+t_grad+20 ms a t_rel
gm0x10_lz_iii_i,l29d2_iii,1000,0,0a10,100k,A_ins,FIXJACK1,4.142e-09,2.362500,2.000,sotto,riferimento g0sempre_lz_iii
gm0x10_lz_iii_i,l29d2_iii,1000,0,0a10,100k,A_rel,FIXJACK1,1.041e-11,9.317573,2.000,sotto,riferimento g0mai_lz_iii
gm0x10_lz_iii_i,l29d2_iii,1000,0,0a10,100k,B2,FIXJACK1,3.474e-09,7.520000,,sotto,mute da t_ins+t_grad+20 ms a t_rel
gm0x10_lz_iii_i,l29d2_iii,1000,0,0a10,100k,A_ins,FIXJACK2,4.141e-09,2.362469,2.000,sotto,riferimento g0sempre_lz_iii
gm0x10_lz_iii_i,l29d2_iii,1000,0,0a10,100k,A_rel,FIXJACK2,1.137e-11,9.395927,2.000,sotto,riferimento g0mai_lz_iii
gm0x10_lz_iii_i,l29d2_iii,1000,0,0a10,100k,B2,FIXJACK2,3.474e-09,7.520000,,sotto,mute da t_ins+t_grad+20 ms a t_rel
gm0x10_lz_iii_c,l29d2_iii,1000,0,0a10,100k,A_ins,MAINJACK,1.704e-07,8.000312,2.000,sotto,riferimento g10sempre_lz_iii
gm0x10_lz_iii_c,l29d2_iii,1000,0,0a10,100k,A_rel,MAINJACK,3.194e-08,11.323156,2.000,sotto,riferimento g10mai_lz_iii
gm0x10_lz_iii_c,l29d2_iii,1000,0,0a10,100k,B2,MAINJACK,7.697e-11,8.026740,,sotto,mute da t_ins+t_grad+20 ms a t_rel
gm0x10_lz_iii_c,l29d2_iii,1000,0,0a10,100k,A_ins,FIXJACK1,3.048e-12,8.000760,2.000,sotto,riferimento g10sempre_lz_iii
gm0x10_lz_iii_c,l29d2_iii,1000,0,0a10,100k,A_rel,FIXJACK1,1.013e-08,11.323250,2.000,sotto,riferimento g10mai_lz_iii
gm0x10_lz_iii_c,l29d2_iii,1000,0,0a10,100k,B2,FIXJACK1,1.323e-15,8.027240,,sotto,mute da t_ins+t_grad+20 ms a t_rel
gm0x10_lz_iii_c,l29d2_iii,1000,0,0a10,100k,A_ins,FIXJACK2,3.046e-12,8.000760,2.000,sotto,riferimento g10sempre_lz_iii
gm0x10_lz_iii_c,l29d2_iii,1000,0,0a10,100k,A_rel,FIXJACK2,1.013e-08,11.323000,2.000,sotto,riferimento g10mai_lz_iii
gm0x10_lz_iii_c,l29d2_iii,1000,0,0a10,100k,B2,FIXJACK2,1.323e-15,8.027240,,sotto,mute da t_ins+t_grad+20 ms a t_rel
gm10x0_lz_iii_i,l29d2_iii,1000,0,10a0,100k,A_ins,MAINJACK,1.302e-08,2.362260,2.000,sotto,riferimento g10sempre_lz_iii
gm10x0_lz_iii_i,l29d2_iii,1000,0,10a0,100k,A_rel,MAINJACK,1.468e-07,8.000312,2.000,sotto,riferimento g10mai_lz_iii
gm10x0_lz_iii_i,l29d2_iii,1000,0,10a0,100k,B2,MAINJACK,1.943e-09,7.520000,,sotto,mute da t_ins+t_grad+20 ms a t_rel
gm10x0_lz_iii_i,l29d2_iii,1000,0,10a0,100k,A_ins,FIXJACK1,4.144e-09,2.362667,2.000,sotto,riferimento g10sempre_lz_iii
gm10x0_lz_iii_i,l29d2_iii,1000,0,10a0,100k,A_rel,FIXJACK1,1.036e-11,9.631500,2.000,sotto,riferimento g10mai_lz_iii
gm10x0_lz_iii_i,l29d2_iii,1000,0,10a0,100k,B2,FIXJACK1,3.474e-09,7.520000,,sotto,mute da t_ins+t_grad+20 ms a t_rel
gm10x0_lz_iii_i,l29d2_iii,1000,0,10a0,100k,A_ins,FIXJACK2,4.141e-09,2.362365,2.000,sotto,riferimento g10sempre_lz_iii
gm10x0_lz_iii_i,l29d2_iii,1000,0,10a0,100k,A_rel,FIXJACK2,1.024e-11,9.170687,2.000,sotto,riferimento g10mai_lz_iii
gm10x0_lz_iii_i,l29d2_iii,1000,0,10a0,100k,B2,FIXJACK2,3.474e-09,7.520000,,sotto,mute da t_ins+t_grad+20 ms a t_rel
gm10x0_lz_iii_c,l29d2_iii,1000,0,10a0,100k,A_ins,MAINJACK,1.468e-07,8.000312,2.000,sotto,riferimento g0sempre_lz_iii
gm10x0_lz_iii_c,l29d2_iii,1000,0,10a0,100k,A_rel,MAINJACK,1.013e-08,11.323063,2.000,sotto,riferimento g0mai_lz_iii
gm10x0_lz_iii_c,l29d2_iii,1000,0,10a0,100k,B2,MAINJACK,2.526e-11,8.026646,,sotto,mute da t_ins+t_grad+20 ms a t_rel
gm10x0_lz_iii_c,l29d2_iii,1000,0,10a0,100k,A_ins,FIXJACK1,1.131e-11,8.000312,2.000,sotto,riferimento g0sempre_lz_iii
gm10x0_lz_iii_c,l29d2_iii,1000,0,10a0,100k,A_rel,FIXJACK1,1.013e-08,11.322990,2.000,sotto,riferimento g0mai_lz_iii
gm10x0_lz_iii_c,l29d2_iii,1000,0,10a0,100k,B2,FIXJACK1,3.023e-15,8.026885,,sotto,mute da t_ins+t_grad+20 ms a t_rel
gm10x0_lz_iii_c,l29d2_iii,1000,0,10a0,100k,A_ins,FIXJACK2,1.131e-11,8.000312,2.000,sotto,riferimento g0sempre_lz_iii
gm10x0_lz_iii_c,l29d2_iii,1000,0,10a0,100k,A_rel,FIXJACK2,1.013e-08,11.323198,2.000,sotto,riferimento g0mai_lz_iii
gm10x0_lz_iii_c,l29d2_iii,1000,0,10a0,100k,B2,FIXJACK2,2.878e-15,8.026885,,sotto,mute da t_ins+t_grad+20 ms a t_rel
pav_gm0x10_0_iii,pavimento,1000,0,0a10,100k,A_pav,MAINJACK,1.57e-11,1.559396,2.000,sotto,contro gm0x10_lz_iii_i
pav_gm0x10_0_iii,pavimento,1000,0,0a10,100k,A_pav,FIXJACK1,1.427e-11,1.474187,2.000,sotto,contro gm0x10_lz_iii_i
pav_gm0x10_0_iii,pavimento,1000,0,0a10,100k,A_pav,FIXJACK2,1.439e-11,2.080906,2.000,sotto,contro gm0x10_lz_iii_i
pav_gm0x10_1_iii,pavimento,1000,0,0a10,100k,A_pav,MAINJACK,9.939e-08,8.000531,2.000,sotto,contro gm0x10_lz_iii_i
pav_gm0x10_1_iii,pavimento,1000,0,0a10,100k,A_pav,FIXJACK1,2.805e-11,8.000010,2.000,sotto,contro gm0x10_lz_iii_i
pav_gm0x10_1_iii,pavimento,1000,0,0a10,100k,A_pav,FIXJACK2,2.805e-11,8.000010,2.000,sotto,contro gm0x10_lz_iii_i
pav_gm0x10_2_iii,pavimento,1000,0,0a10,100k,A_pav,MAINJACK,4.699e-11,11.930323,2.000,sotto,contro gm0x10_lz_iii_i
pav_gm0x10_2_iii,pavimento,1000,0,0a10,100k,A_pav,FIXJACK1,1.623e-11,10.594542,2.000,sotto,contro gm0x10_lz_iii_i
pav_gm0x10_2_iii,pavimento,1000,0,0a10,100k,A_pav,FIXJACK2,1.46e-11,11.927437,2.000,sotto,contro gm0x10_lz_iii_i
tm0x6_1k_iii_i,l29d2_iii,1000,3.818,t0a6,100k,A_ins,MAINJACK,12.72,1.000021,2.000,SOPRA,riferimento g10sempre_1k_iii
tm0x6_1k_iii_i,l29d2_iii,1000,3.818,t0a6,100k,A_rel,MAINJACK,12.72,8.000021,2.000,SOPRA,riferimento g10mai_1k_iii
tm0x6_1k_iii_i,l29d2_iii,1000,3.818,t0a6,100k,B2,MAINJACK,2.054e-07,7.526969,,sotto,mute da t_ins+t_grad+20 ms a t_rel
tm0x6_1k_iii_i,l29d2_iii,1000,3.818,t0a6,100k,C1_ins,MAINJACK,0.002218,2.353927,,SOPRA,"diagnostica, cond 1"
tm0x6_1k_iii_i,l29d2_iii,1000,3.818,t0a6,100k,C1_rel,MAINJACK,0.0005863,14.178354,,sotto,"diagnostica, cond 1"
tm0x6_1k_iii_i,l29d2_iii,1000,3.818,t0a6,100k,C2_ins,MAINJACK,0.002218,2.353927,,SOPRA,"riferimento g10sempre_1k_iii, cond 1"
tm0x6_1k_iii_i,l29d2_iii,1000,3.818,t0a6,100k,C2_rel,MAINJACK,0.0004827,13.678156,,sotto,"riferimento g10mai_1k_iii, cond 1"
tm0x6_1k_iii_i,l29d2_iii,1000,3.818,t0a6,100k,S_ins,MAINJACK,7.163,6.040000,,sotto,dB in 100 ms sopra -70 dB; pieno 12.02 V da g10mai_1k_iii
tm0x6_1k_iii_i,l29d2_iii,1000,3.818,t0a6,100k,S_rel,MAINJACK,4.885,11.072000,,sotto,dB in 100 ms sopra -70 dB; pieno 12.02 V da g10mai_1k_iii
tm0x6_1k_iii_i,l29d2_iii,1000,3.818,t0a6,100k,A_ins,FIXJACK1,4.035,1.000021,2.000,SOPRA,riferimento g10sempre_1k_iii
tm0x6_1k_iii_i,l29d2_iii,1000,3.818,t0a6,100k,A_rel,FIXJACK1,4.035,8.000021,2.000,SOPRA,riferimento g10mai_1k_iii
tm0x6_1k_iii_i,l29d2_iii,1000,3.818,t0a6,100k,B2,FIXJACK1,6.666e-08,7.526792,,sotto,mute da t_ins+t_grad+20 ms a t_rel
tm0x6_1k_iii_i,l29d2_iii,1000,3.818,t0a6,100k,C1_ins,FIXJACK1,0.0006538,2.353927,,sotto,"diagnostica, cond 1"
tm0x6_1k_iii_i,l29d2_iii,1000,3.818,t0a6,100k,C1_rel,FIXJACK1,0.0003678,14.174354,,sotto,"diagnostica, cond 1"
tm0x6_1k_iii_i,l29d2_iii,1000,3.818,t0a6,100k,C2_ins,FIXJACK1,0.0006538,2.353927,,sotto,"riferimento g10sempre_1k_iii, cond 1"
tm0x6_1k_iii_i,l29d2_iii,1000,3.818,t0a6,100k,C2_rel,FIXJACK1,0.0003397,14.162344,,sotto,"riferimento g10mai_1k_iii, cond 1"
tm0x6_1k_iii_i,l29d2_iii,1000,3.818,t0a6,100k,S_ins,FIXJACK1,7.163,6.040000,,sotto,dB in 100 ms sopra -70 dB; pieno 3.814 V da g10mai_1k_iii
tm0x6_1k_iii_i,l29d2_iii,1000,3.818,t0a6,100k,S_rel,FIXJACK1,5.36,10.959000,,sotto,dB in 100 ms sopra -70 dB; pieno 3.814 V da g10mai_1k_iii
tm0x6_1k_iii_i,l29d2_iii,1000,3.818,t0a6,100k,A_ins,FIXJACK2,4.035,1.000021,2.000,SOPRA,riferimento g10sempre_1k_iii
tm0x6_1k_iii_i,l29d2_iii,1000,3.818,t0a6,100k,A_rel,FIXJACK2,4.035,8.000021,2.000,SOPRA,riferimento g10mai_1k_iii
tm0x6_1k_iii_i,l29d2_iii,1000,3.818,t0a6,100k,B2,FIXJACK2,6.666e-08,7.526792,,sotto,mute da t_ins+t_grad+20 ms a t_rel
tm0x6_1k_iii_i,l29d2_iii,1000,3.818,t0a6,100k,C1_ins,FIXJACK2,0.0006538,2.353927,,sotto,"diagnostica, cond 1"
tm0x6_1k_iii_i,l29d2_iii,1000,3.818,t0a6,100k,C1_rel,FIXJACK2,0.0003678,14.174354,,sotto,"diagnostica, cond 1"
tm0x6_1k_iii_i,l29d2_iii,1000,3.818,t0a6,100k,C2_ins,FIXJACK2,0.0006538,2.353927,,sotto,"riferimento g10sempre_1k_iii, cond 1"
tm0x6_1k_iii_i,l29d2_iii,1000,3.818,t0a6,100k,C2_rel,FIXJACK2,0.0003397,14.162344,,sotto,"riferimento g10mai_1k_iii, cond 1"
tm0x6_1k_iii_i,l29d2_iii,1000,3.818,t0a6,100k,S_ins,FIXJACK2,7.163,6.040000,,sotto,dB in 100 ms sopra -70 dB; pieno 3.814 V da g10mai_1k_iii
tm0x6_1k_iii_i,l29d2_iii,1000,3.818,t0a6,100k,S_rel,FIXJACK2,5.36,10.959000,,sotto,dB in 100 ms sopra -70 dB; pieno 3.814 V da g10mai_1k_iii
tm0x6_1k_iii_c,l29d2_iii,1000,3.818,t0a6,100k,A_ins,MAINJACK,5.735e-08,8.000615,2.000,sotto,riferimento t6sempre_1k_iii
tm0x6_1k_iii_c,l29d2_iii,1000,3.818,t0a6,100k,A_rel,MAINJACK,6.371,10.000021,2.000,SOPRA,riferimento t6mai_1k_iii
tm0x6_1k_iii_c,l29d2_iii,1000,3.818,t0a6,100k,B2,MAINJACK,3.181e-11,9.999990,,sotto,mute da t_ins+t_grad+20 ms a t_rel
tm0x6_1k_iii_c,l29d2_iii,1000,3.818,t0a6,100k,C1_ins,MAINJACK,5.721e-08,8.000615,,sotto,"diagnostica, cond 1"
tm0x6_1k_iii_c,l29d2_iii,1000,3.818,t0a6,100k,C1_rel,MAINJACK,1.203e-05,10.001333,,sotto,"diagnostica, cond 1"
tm0x6_1k_iii_c,l29d2_iii,1000,3.818,t0a6,100k,C2_ins,MAINJACK,5.721e-08,8.000615,,sotto,"riferimento t6sempre_1k_iii, cond 1"
tm0x6_1k_iii_c,l29d2_iii,1000,3.818,t0a6,100k,C2_rel,MAINJACK,9.564e-05,10.001146,,sotto,"riferimento t6mai_1k_iii, cond 1"
tm0x6_1k_iii_c,l29d2_iii,1000,3.818,t0a6,100k,S_ins,MAINJACK,0,,,sotto,dB in 100 ms sopra -70 dB; pieno 6.021 V da t6mai_1k_iii
tm0x6_1k_iii_c,l29d2_iii,1000,3.818,t0a6,100k,S_rel,MAINJACK,0,,,sotto,dB in 100 ms sopra -70 dB; pieno 6.021 V da t6mai_1k_iii
tm0x6_1k_iii_c,l29d2_iii,1000,3.818,t0a6,100k,A_ins,FIXJACK1,2.498e-11,9.999990,2.000,sotto,riferimento t6sempre_1k_iii
tm0x6_1k_iii_c,l29d2_iii,1000,3.818,t0a6,100k,A_rel,FIXJACK1,4.035,10.000021,2.000,SOPRA,riferimento t6mai_1k_iii
tm0x6_1k_iii_c,l29d2_iii,1000,3.818,t0a6,100k,B2,FIXJACK1,2.412e-11,9.999990,,sotto,mute da t_ins+t_grad+20 ms a t_rel
tm0x6_1k_iii_c,l29d2_iii,1000,3.818,t0a6,100k,C1_ins,FIXJACK1,2.337e-11,8.001312,,sotto,"diagnostica, cond 1"
tm0x6_1k_iii_c,l29d2_iii,1000,3.818,t0a6,100k,C1_rel,FIXJACK1,7.663e-06,10.001333,,sotto,"diagnostica, cond 1"
tm0x6_1k_iii_c,l29d2_iii,1000,3.818,t0a6,100k,C2_ins,FIXJACK1,2.337e-11,8.001312,,sotto,"riferimento t6sempre_1k_iii, cond 1"
tm0x6_1k_iii_c,l29d2_iii,1000,3.818,t0a6,100k,C2_rel,FIXJACK1,4.056e-05,10.001146,,sotto,"riferimento t6mai_1k_iii, cond 1"
tm0x6_1k_iii_c,l29d2_iii,1000,3.818,t0a6,100k,S_ins,FIXJACK1,0,,,sotto,dB in 100 ms sopra -70 dB; pieno 3.814 V da t6mai_1k_iii
tm0x6_1k_iii_c,l29d2_iii,1000,3.818,t0a6,100k,S_rel,FIXJACK1,0,,,sotto,dB in 100 ms sopra -70 dB; pieno 3.814 V da t6mai_1k_iii
tm0x6_1k_iii_c,l29d2_iii,1000,3.818,t0a6,100k,A_ins,FIXJACK2,2.498e-11,9.999990,2.000,sotto,riferimento t6sempre_1k_iii
tm0x6_1k_iii_c,l29d2_iii,1000,3.818,t0a6,100k,A_rel,FIXJACK2,4.035,10.000021,2.000,SOPRA,riferimento t6mai_1k_iii
tm0x6_1k_iii_c,l29d2_iii,1000,3.818,t0a6,100k,B2,FIXJACK2,2.412e-11,9.999990,,sotto,mute da t_ins+t_grad+20 ms a t_rel
tm0x6_1k_iii_c,l29d2_iii,1000,3.818,t0a6,100k,C1_ins,FIXJACK2,2.336e-11,8.001312,,sotto,"diagnostica, cond 1"
tm0x6_1k_iii_c,l29d2_iii,1000,3.818,t0a6,100k,C1_rel,FIXJACK2,7.663e-06,10.001333,,sotto,"diagnostica, cond 1"
tm0x6_1k_iii_c,l29d2_iii,1000,3.818,t0a6,100k,C2_ins,FIXJACK2,2.336e-11,8.001312,,sotto,"riferimento t6sempre_1k_iii, cond 1"
tm0x6_1k_iii_c,l29d2_iii,1000,3.818,t0a6,100k,C2_rel,FIXJACK2,4.056e-05,10.001146,,sotto,"riferimento t6mai_1k_iii, cond 1"
tm0x6_1k_iii_c,l29d2_iii,1000,3.818,t0a6,100k,S_ins,FIXJACK2,0,,,sotto,dB in 100 ms sopra -70 dB; pieno 3.814 V da t6mai_1k_iii
tm0x6_1k_iii_c,l29d2_iii,1000,3.818,t0a6,100k,S_rel,FIXJACK2,0,,,sotto,dB in 100 ms sopra -70 dB; pieno 3.814 V da t6mai_1k_iii
tm6x0_1k_iii_i,l29d2_iii,1000,3.818,t6a0,100k,A_ins,MAINJACK,6.371,1.000021,2.000,SOPRA,riferimento t6sempre_1k_iii
tm6x0_1k_iii_i,l29d2_iii,1000,3.818,t6a0,100k,A_rel,MAINJACK,6.371,8.000021,2.000,SOPRA,riferimento t6mai_1k_iii
tm6x0_1k_iii_i,l29d2_iii,1000,3.818,t6a0,100k,B2,MAINJACK,1.035e-07,7.526969,,sotto,mute da t_ins+t_grad+20 ms a t_rel
tm6x0_1k_iii_i,l29d2_iii,1000,3.818,t6a0,100k,C1_ins,MAINJACK,0.001057,2.353927,,SOPRA,"diagnostica, cond 1"
tm6x0_1k_iii_i,l29d2_iii,1000,3.818,t6a0,100k,C1_rel,MAINJACK,0.001215,14.195354,,SOPRA,"diagnostica, cond 1"
tm6x0_1k_iii_i,l29d2_iii,1000,3.818,t6a0,100k,C2_ins,MAINJACK,0.001057,2.353927,,SOPRA,"riferimento t6sempre_1k_iii, cond 1"
tm6x0_1k_iii_i,l29d2_iii,1000,3.818,t6a0,100k,C2_rel,MAINJACK,0.001148,14.195354,,SOPRA,"riferimento t6mai_1k_iii, cond 1"
tm6x0_1k_iii_i,l29d2_iii,1000,3.818,t6a0,100k,S_ins,MAINJACK,7.163,6.040000,,sotto,dB in 100 ms sopra -70 dB; pieno 6.021 V da t6mai_1k_iii
tm6x0_1k_iii_i,l29d2_iii,1000,3.818,t6a0,100k,S_rel,MAINJACK,6.043,10.860000,,sotto,dB in 100 ms sopra -70 dB; pieno 6.021 V da t6mai_1k_iii
tm6x0_1k_iii_i,l29d2_iii,1000,3.818,t6a0,100k,A_ins,FIXJACK1,4.035,1.000021,2.000,SOPRA,riferimento t6sempre_1k_iii
tm6x0_1k_iii_i,l29d2_iii,1000,3.818,t6a0,100k,A_rel,FIXJACK1,4.035,8.000021,2.000,SOPRA,riferimento t6mai_1k_iii
tm6x0_1k_iii_i,l29d2_iii,1000,3.818,t6a0,100k,B2,FIXJACK1,6.722e-08,7.526760,,sotto,mute da t_ins+t_grad+20 ms a t_rel
tm6x0_1k_iii_i,l29d2_iii,1000,3.818,t6a0,100k,C1_ins,FIXJACK1,0.0006545,2.353927,,sotto,"diagnostica, cond 1"
tm6x0_1k_iii_i,l29d2_iii,1000,3.818,t6a0,100k,C1_rel,FIXJACK1,0.0003677,14.184354,,sotto,"diagnostica, cond 1"
tm6x0_1k_iii_i,l29d2_iii,1000,3.818,t6a0,100k,C2_ins,FIXJACK1,0.0006545,2.353927,,sotto,"riferimento t6sempre_1k_iii, cond 1"
tm6x0_1k_iii_i,l29d2_iii,1000,3.818,t6a0,100k,C2_rel,FIXJACK1,0.0003388,14.173344,,sotto,"riferimento t6mai_1k_iii, cond 1"
tm6x0_1k_iii_i,l29d2_iii,1000,3.818,t6a0,100k,S_ins,FIXJACK1,7.163,6.040000,,sotto,dB in 100 ms sopra -70 dB; pieno 3.814 V da t6mai_1k_iii
tm6x0_1k_iii_i,l29d2_iii,1000,3.818,t6a0,100k,S_rel,FIXJACK1,5.36,10.959000,,sotto,dB in 100 ms sopra -70 dB; pieno 3.814 V da t6mai_1k_iii
tm6x0_1k_iii_i,l29d2_iii,1000,3.818,t6a0,100k,A_ins,FIXJACK2,4.035,1.000021,2.000,SOPRA,riferimento t6sempre_1k_iii
tm6x0_1k_iii_i,l29d2_iii,1000,3.818,t6a0,100k,A_rel,FIXJACK2,4.035,8.000021,2.000,SOPRA,riferimento t6mai_1k_iii
tm6x0_1k_iii_i,l29d2_iii,1000,3.818,t6a0,100k,B2,FIXJACK2,6.722e-08,7.526760,,sotto,mute da t_ins+t_grad+20 ms a t_rel
tm6x0_1k_iii_i,l29d2_iii,1000,3.818,t6a0,100k,C1_ins,FIXJACK2,0.0006545,2.353927,,sotto,"diagnostica, cond 1"
tm6x0_1k_iii_i,l29d2_iii,1000,3.818,t6a0,100k,C1_rel,FIXJACK2,0.0003677,14.184354,,sotto,"diagnostica, cond 1"
tm6x0_1k_iii_i,l29d2_iii,1000,3.818,t6a0,100k,C2_ins,FIXJACK2,0.0006545,2.353927,,sotto,"riferimento t6sempre_1k_iii, cond 1"
tm6x0_1k_iii_i,l29d2_iii,1000,3.818,t6a0,100k,C2_rel,FIXJACK2,0.0003388,14.173344,,sotto,"riferimento t6mai_1k_iii, cond 1"
tm6x0_1k_iii_i,l29d2_iii,1000,3.818,t6a0,100k,S_ins,FIXJACK2,7.163,6.040000,,sotto,dB in 100 ms sopra -70 dB; pieno 3.814 V da t6mai_1k_iii
tm6x0_1k_iii_i,l29d2_iii,1000,3.818,t6a0,100k,S_rel,FIXJACK2,5.36,10.959000,,sotto,dB in 100 ms sopra -70 dB; pieno 3.814 V da t6mai_1k_iii
tm6x0_1k_iii_c,l29d2_iii,1000,3.818,t6a0,100k,A_ins,MAINJACK,1.107e-07,8.001312,2.000,sotto,riferimento g10sempre_1k_iii
tm6x0_1k_iii_c,l29d2_iii,1000,3.818,t6a0,100k,A_rel,MAINJACK,12.72,10.000021,2.000,SOPRA,riferimento g10mai_1k_iii
tm6x0_1k_iii_c,l29d2_iii,1000,3.818,t6a0,100k,B2,MAINJACK,1.656e-10,9.999990,,sotto,mute da t_ins+t_grad+20 ms a t_rel
tm6x0_1k_iii_c,l29d2_iii,1000,3.818,t6a0,100k,C1_ins,MAINJACK,1.103e-07,8.001312,,sotto,"diagnostica, cond 1"
tm6x0_1k_iii_c,l29d2_iii,1000,3.818,t6a0,100k,C1_rel,MAINJACK,2.309e-05,10.001333,,sotto,"diagnostica, cond 1"
tm6x0_1k_iii_c,l29d2_iii,1000,3.818,t6a0,100k,C2_ins,MAINJACK,1.103e-07,8.001312,,sotto,"riferimento g10sempre_1k_iii, cond 1"
tm6x0_1k_iii_c,l29d2_iii,1000,3.818,t6a0,100k,C2_rel,MAINJACK,0.0003491,10.001135,,sotto,"riferimento g10mai_1k_iii, cond 1"
tm6x0_1k_iii_c,l29d2_iii,1000,3.818,t6a0,100k,S_ins,MAINJACK,0,,,sotto,dB in 100 ms sopra -70 dB; pieno 12.02 V da g10mai_1k_iii
tm6x0_1k_iii_c,l29d2_iii,1000,3.818,t6a0,100k,S_rel,MAINJACK,0,,,sotto,dB in 100 ms sopra -70 dB; pieno 12.02 V da g10mai_1k_iii
tm6x0_1k_iii_c,l29d2_iii,1000,3.818,t6a0,100k,A_ins,FIXJACK1,1.145e-10,8.001312,2.000,sotto,riferimento g10sempre_1k_iii
tm6x0_1k_iii_c,l29d2_iii,1000,3.818,t6a0,100k,A_rel,FIXJACK1,4.035,10.000021,2.000,SOPRA,riferimento g10mai_1k_iii
tm6x0_1k_iii_c,l29d2_iii,1000,3.818,t6a0,100k,B2,FIXJACK1,6.3e-11,9.999990,,sotto,mute da t_ins+t_grad+20 ms a t_rel
tm6x0_1k_iii_c,l29d2_iii,1000,3.818,t6a0,100k,C1_ins,FIXJACK1,1.158e-10,8.001312,,sotto,"diagnostica, cond 1"
tm6x0_1k_iii_c,l29d2_iii,1000,3.818,t6a0,100k,C1_rel,FIXJACK1,7.367e-06,10.001333,,sotto,"diagnostica, cond 1"
tm6x0_1k_iii_c,l29d2_iii,1000,3.818,t6a0,100k,C2_ins,FIXJACK1,1.158e-10,8.001312,,sotto,"riferimento g10sempre_1k_iii, cond 1"
tm6x0_1k_iii_c,l29d2_iii,1000,3.818,t6a0,100k,C2_rel,FIXJACK1,3.968e-05,10.001146,,sotto,"riferimento g10mai_1k_iii, cond 1"
tm6x0_1k_iii_c,l29d2_iii,1000,3.818,t6a0,100k,S_ins,FIXJACK1,0,,,sotto,dB in 100 ms sopra -70 dB; pieno 3.814 V da g10mai_1k_iii
tm6x0_1k_iii_c,l29d2_iii,1000,3.818,t6a0,100k,S_rel,FIXJACK1,0,,,sotto,dB in 100 ms sopra -70 dB; pieno 3.814 V da g10mai_1k_iii
tm6x0_1k_iii_c,l29d2_iii,1000,3.818,t6a0,100k,A_ins,FIXJACK2,1.145e-10,8.001312,2.000,sotto,riferimento g10sempre_1k_iii
tm6x0_1k_iii_c,l29d2_iii,1000,3.818,t6a0,100k,A_rel,FIXJACK2,4.035,10.000021,2.000,SOPRA,riferimento g10mai_1k_iii
tm6x0_1k_iii_c,l29d2_iii,1000,3.818,t6a0,100k,B2,FIXJACK2,6.3e-11,9.999990,,sotto,mute da t_ins+t_grad+20 ms a t_rel
tm6x0_1k_iii_c,l29d2_iii,1000,3.818,t6a0,100k,C1_ins,FIXJACK2,1.158e-10,8.001312,,sotto,"diagnostica, cond 1"
tm6x0_1k_iii_c,l29d2_iii,1000,3.818,t6a0,100k,C1_rel,FIXJACK2,7.367e-06,10.001333,,sotto,"diagnostica, cond 1"
tm6x0_1k_iii_c,l29d2_iii,1000,3.818,t6a0,100k,C2_ins,FIXJACK2,1.158e-10,8.001312,,sotto,"riferimento g10sempre_1k_iii, cond 1"
tm6x0_1k_iii_c,l29d2_iii,1000,3.818,t6a0,100k,C2_rel,FIXJACK2,3.968e-05,10.001146,,sotto,"riferimento g10mai_1k_iii, cond 1"
tm6x0_1k_iii_c,l29d2_iii,1000,3.818,t6a0,100k,S_ins,FIXJACK2,0,,,sotto,dB in 100 ms sopra -70 dB; pieno 3.814 V da g10mai_1k_iii
tm6x0_1k_iii_c,l29d2_iii,1000,3.818,t6a0,100k,S_rel,FIXJACK2,0,,,sotto,dB in 100 ms sopra -70 dB; pieno 3.814 V da g10mai_1k_iii
tm6x12_1k_iii_i,l29d2_iii,1000,3.818,t6a12,100k,A_ins,MAINJACK,6.371,1.000021,2.000,SOPRA,riferimento t6sempre_1k_iii
tm6x12_1k_iii_i,l29d2_iii,1000,3.818,t6a12,100k,A_rel,MAINJACK,6.371,8.000021,2.000,SOPRA,riferimento t6mai_1k_iii
tm6x12_1k_iii_i,l29d2_iii,1000,3.818,t6a12,100k,B2,MAINJACK,1.035e-07,7.526969,,sotto,mute da t_ins+t_grad+20 ms a t_rel
tm6x12_1k_iii_i,l29d2_iii,1000,3.818,t6a12,100k,C1_ins,MAINJACK,0.001057,2.353927,,SOPRA,"diagnostica, cond 1"
tm6x12_1k_iii_i,l29d2_iii,1000,3.818,t6a12,100k,C1_rel,MAINJACK,0.0002917,14.159354,,sotto,"diagnostica, cond 1"
tm6x12_1k_iii_i,l29d2_iii,1000,3.818,t6a12,100k,C2_ins,MAINJACK,0.001057,2.353927,,SOPRA,"riferimento t6sempre_1k_iii, cond 1"
tm6x12_1k_iii_i,l29d2_iii,1000,3.818,t6a12,100k,C2_rel,MAINJACK,0.0002286,14.158333,,sotto,"riferimento t6mai_1k_iii, cond 1"
tm6x12_1k_iii_i,l29d2_iii,1000,3.818,t6a12,100k,S_ins,MAINJACK,7.163,6.040000,,sotto,dB in 100 ms sopra -70 dB; pieno 6.021 V da t6mai_1k_iii
tm6x12_1k_iii_i,l29d2_iii,1000,3.818,t6a12,100k,S_rel,MAINJACK,4.887,11.071000,,sotto,dB in 100 ms sopra -70 dB; pieno 6.021 V da t6mai_1k_iii
tm6x12_1k_iii_i,l29d2_iii,1000,3.818,t6a12,100k,A_ins,FIXJACK1,4.035,1.000021,2.000,SOPRA,riferimento t6sempre_1k_iii
tm6x12_1k_iii_i,l29d2_iii,1000,3.818,t6a12,100k,A_rel,FIXJACK1,4.035,8.000021,2.000,SOPRA,riferimento t6mai_1k_iii
tm6x12_1k_iii_i,l29d2_iii,1000,3.818,t6a12,100k,B2,FIXJACK1,6.722e-08,7.526760,,sotto,mute da t_ins+t_grad+20 ms a t_rel
tm6x12_1k_iii_i,l29d2_iii,1000,3.818,t6a12,100k,C1_ins,FIXJACK1,0.0006545,2.353927,,sotto,"diagnostica, cond 1"
tm6x12_1k_iii_i,l29d2_iii,1000,3.818,t6a12,100k,C1_rel,FIXJACK1,0.000368,14.159354,,sotto,"diagnostica, cond 1"
tm6x12_1k_iii_i,l29d2_iii,1000,3.818,t6a12,100k,C2_ins,FIXJACK1,0.0006545,2.353927,,sotto,"riferimento t6sempre_1k_iii, cond 1"
tm6x12_1k_iii_i,l29d2_iii,1000,3.818,t6a12,100k,C2_rel,FIXJACK1,0.0003391,14.162344,,sotto,"riferimento t6mai_1k_iii, cond 1"
tm6x12_1k_iii_i,l29d2_iii,1000,3.818,t6a12,100k,S_ins,FIXJACK1,7.163,6.040000,,sotto,dB in 100 ms sopra -70 dB; pieno 3.814 V da t6mai_1k_iii
tm6x12_1k_iii_i,l29d2_iii,1000,3.818,t6a12,100k,S_rel,FIXJACK1,5.36,10.959000,,sotto,dB in 100 ms sopra -70 dB; pieno 3.814 V da t6mai_1k_iii
tm6x12_1k_iii_i,l29d2_iii,1000,3.818,t6a12,100k,A_ins,FIXJACK2,4.035,1.000021,2.000,SOPRA,riferimento t6sempre_1k_iii
tm6x12_1k_iii_i,l29d2_iii,1000,3.818,t6a12,100k,A_rel,FIXJACK2,4.035,8.000021,2.000,SOPRA,riferimento t6mai_1k_iii
tm6x12_1k_iii_i,l29d2_iii,1000,3.818,t6a12,100k,B2,FIXJACK2,6.722e-08,7.526760,,sotto,mute da t_ins+t_grad+20 ms a t_rel
tm6x12_1k_iii_i,l29d2_iii,1000,3.818,t6a12,100k,C1_ins,FIXJACK2,0.0006545,2.353927,,sotto,"diagnostica, cond 1"
tm6x12_1k_iii_i,l29d2_iii,1000,3.818,t6a12,100k,C1_rel,FIXJACK2,0.000368,14.159354,,sotto,"diagnostica, cond 1"
tm6x12_1k_iii_i,l29d2_iii,1000,3.818,t6a12,100k,C2_ins,FIXJACK2,0.0006545,2.353927,,sotto,"riferimento t6sempre_1k_iii, cond 1"
tm6x12_1k_iii_i,l29d2_iii,1000,3.818,t6a12,100k,C2_rel,FIXJACK2,0.0003391,14.162344,,sotto,"riferimento t6mai_1k_iii, cond 1"
tm6x12_1k_iii_i,l29d2_iii,1000,3.818,t6a12,100k,S_ins,FIXJACK2,7.163,6.040000,,sotto,dB in 100 ms sopra -70 dB; pieno 3.814 V da t6mai_1k_iii
tm6x12_1k_iii_i,l29d2_iii,1000,3.818,t6a12,100k,S_rel,FIXJACK2,5.36,10.959000,,sotto,dB in 100 ms sopra -70 dB; pieno 3.814 V da t6mai_1k_iii
tm6x12_1k_iii_c,l29d2_iii,1000,3.818,t6a12,100k,A_ins,MAINJACK,3.607e-08,8.001531,2.000,sotto,riferimento t12sempre_1k_iii
tm6x12_1k_iii_c,l29d2_iii,1000,3.818,t6a12,100k,A_rel,MAINJACK,3.217,10.000021,2.000,SOPRA,riferimento t12mai_1k_iii
tm6x12_1k_iii_c,l29d2_iii,1000,3.818,t6a12,100k,B2,MAINJACK,3.752e-11,9.999990,,sotto,mute da t_ins+t_grad+20 ms a t_rel
tm6x12_1k_iii_c,l29d2_iii,1000,3.818,t6a12,100k,C1_ins,MAINJACK,3.616e-08,8.001531,,sotto,"diagnostica, cond 1"
tm6x12_1k_iii_c,l29d2_iii,1000,3.818,t6a12,100k,C1_rel,MAINJACK,5.728e-06,10.001333,,sotto,"diagnostica, cond 1"
tm6x12_1k_iii_c,l29d2_iii,1000,3.818,t6a12,100k,C2_ins,MAINJACK,3.616e-08,8.001531,,sotto,"riferimento t12sempre_1k_iii, cond 1"
tm6x12_1k_iii_c,l29d2_iii,1000,3.818,t6a12,100k,C2_rel,MAINJACK,3.249e-05,10.002156,,sotto,"riferimento t12mai_1k_iii, cond 1"
tm6x12_1k_iii_c,l29d2_iii,1000,3.818,t6a12,100k,S_ins,MAINJACK,0,,,sotto,dB in 100 ms sopra -70 dB; pieno 3.04 V da t12mai_1k_iii
tm6x12_1k_iii_c,l29d2_iii,1000,3.818,t6a12,100k,S_rel,MAINJACK,0,,,sotto,dB in 100 ms sopra -70 dB; pieno 3.04 V da t12mai_1k_iii
tm6x12_1k_iii_c,l29d2_iii,1000,3.818,t6a12,100k,A_ins,FIXJACK1,5.737e-11,9.999990,2.000,sotto,riferimento t12sempre_1k_iii
tm6x12_1k_iii_c,l29d2_iii,1000,3.818,t6a12,100k,A_rel,FIXJACK1,4.035,10.000021,2.000,SOPRA,riferimento t12mai_1k_iii
tm6x12_1k_iii_c,l29d2_iii,1000,3.818,t6a12,100k,B2,FIXJACK1,5.651e-11,9.999990,,sotto,mute da t_ins+t_grad+20 ms a t_rel
tm6x12_1k_iii_c,l29d2_iii,1000,3.818,t6a12,100k,C1_ins,FIXJACK1,1.38e-11,8.000406,,sotto,"diagnostica, cond 1"
tm6x12_1k_iii_c,l29d2_iii,1000,3.818,t6a12,100k,C1_rel,FIXJACK1,7.226e-06,10.001333,,sotto,"diagnostica, cond 1"
tm6x12_1k_iii_c,l29d2_iii,1000,3.818,t6a12,100k,C2_ins,FIXJACK1,1.38e-11,8.000406,,sotto,"riferimento t12sempre_1k_iii, cond 1"
tm6x12_1k_iii_c,l29d2_iii,1000,3.818,t6a12,100k,C2_rel,FIXJACK1,4.001e-05,10.002156,,sotto,"riferimento t12mai_1k_iii, cond 1"
tm6x12_1k_iii_c,l29d2_iii,1000,3.818,t6a12,100k,S_ins,FIXJACK1,0,,,sotto,dB in 100 ms sopra -70 dB; pieno 3.814 V da t12mai_1k_iii
tm6x12_1k_iii_c,l29d2_iii,1000,3.818,t6a12,100k,S_rel,FIXJACK1,0,,,sotto,dB in 100 ms sopra -70 dB; pieno 3.814 V da t12mai_1k_iii
tm6x12_1k_iii_c,l29d2_iii,1000,3.818,t6a12,100k,A_ins,FIXJACK2,5.737e-11,9.999990,2.000,sotto,riferimento t12sempre_1k_iii
tm6x12_1k_iii_c,l29d2_iii,1000,3.818,t6a12,100k,A_rel,FIXJACK2,4.035,10.000021,2.000,SOPRA,riferimento t12mai_1k_iii
tm6x12_1k_iii_c,l29d2_iii,1000,3.818,t6a12,100k,B2,FIXJACK2,5.651e-11,9.999990,,sotto,mute da t_ins+t_grad+20 ms a t_rel
tm6x12_1k_iii_c,l29d2_iii,1000,3.818,t6a12,100k,C1_ins,FIXJACK2,1.38e-11,8.000406,,sotto,"diagnostica, cond 1"
tm6x12_1k_iii_c,l29d2_iii,1000,3.818,t6a12,100k,C1_rel,FIXJACK2,7.226e-06,10.001333,,sotto,"diagnostica, cond 1"
tm6x12_1k_iii_c,l29d2_iii,1000,3.818,t6a12,100k,C2_ins,FIXJACK2,1.38e-11,8.000406,,sotto,"riferimento t12sempre_1k_iii, cond 1"
tm6x12_1k_iii_c,l29d2_iii,1000,3.818,t6a12,100k,C2_rel,FIXJACK2,4.001e-05,10.002156,,sotto,"riferimento t12mai_1k_iii, cond 1"
tm6x12_1k_iii_c,l29d2_iii,1000,3.818,t6a12,100k,S_ins,FIXJACK2,0,,,sotto,dB in 100 ms sopra -70 dB; pieno 3.814 V da t12mai_1k_iii
tm6x12_1k_iii_c,l29d2_iii,1000,3.818,t6a12,100k,S_rel,FIXJACK2,0,,,sotto,dB in 100 ms sopra -70 dB; pieno 3.814 V da t12mai_1k_iii
tm12x6_1k_iii_i,l29d2_iii,1000,3.818,t12a6,100k,A_ins,MAINJACK,3.217,1.000021,2.000,SOPRA,riferimento t12sempre_1k_iii
tm12x6_1k_iii_i,l29d2_iii,1000,3.818,t12a6,100k,A_rel,MAINJACK,3.217,8.000021,2.000,SOPRA,riferimento t12mai_1k_iii
tm12x6_1k_iii_i,l29d2_iii,1000,3.818,t12a6,100k,B2,MAINJACK,5.094e-08,7.526969,,sotto,mute da t_ins+t_grad+20 ms a t_rel
tm12x6_1k_iii_i,l29d2_iii,1000,3.818,t12a6,100k,C1_ins,MAINJACK,0.0005225,2.353927,,sotto,"diagnostica, cond 1"
tm12x6_1k_iii_i,l29d2_iii,1000,3.818,t12a6,100k,C1_rel,MAINJACK,0.0005863,14.179354,,sotto,"diagnostica, cond 1"
tm12x6_1k_iii_i,l29d2_iii,1000,3.818,t12a6,100k,C2_ins,MAINJACK,0.0005225,2.353927,,sotto,"riferimento t12sempre_1k_iii, cond 1"
tm12x6_1k_iii_i,l29d2_iii,1000,3.818,t12a6,100k,C2_rel,MAINJACK,0.0005654,14.183354,,sotto,"riferimento t12mai_1k_iii, cond 1"
tm12x6_1k_iii_i,l29d2_iii,1000,3.818,t12a6,100k,S_ins,MAINJACK,7.163,6.040000,,sotto,dB in 100 ms sopra -70 dB; pieno 3.04 V da t12mai_1k_iii
tm12x6_1k_iii_i,l29d2_iii,1000,3.818,t12a6,100k,S_rel,MAINJACK,6.04,10.861000,,sotto,dB in 100 ms sopra -70 dB; pieno 3.04 V da t12mai_1k_iii
tm12x6_1k_iii_i,l29d2_iii,1000,3.818,t12a6,100k,A_ins,FIXJACK1,4.035,1.000021,2.000,SOPRA,riferimento t12sempre_1k_iii
tm12x6_1k_iii_i,l29d2_iii,1000,3.818,t12a6,100k,A_rel,FIXJACK1,4.035,8.000021,2.000,SOPRA,riferimento t12mai_1k_iii
tm12x6_1k_iii_i,l29d2_iii,1000,3.818,t12a6,100k,B2,FIXJACK1,6.588e-08,7.526750,,sotto,mute da t_ins+t_grad+20 ms a t_rel
tm12x6_1k_iii_i,l29d2_iii,1000,3.818,t12a6,100k,C1_ins,FIXJACK1,0.0006551,2.353927,,sotto,"diagnostica, cond 1"
tm12x6_1k_iii_i,l29d2_iii,1000,3.818,t12a6,100k,C1_rel,FIXJACK1,0.0003678,14.171354,,sotto,"diagnostica, cond 1"
tm12x6_1k_iii_i,l29d2_iii,1000,3.818,t12a6,100k,C2_ins,FIXJACK1,0.0006551,2.353927,,sotto,"riferimento t12sempre_1k_iii, cond 1"
tm12x6_1k_iii_i,l29d2_iii,1000,3.818,t12a6,100k,C2_rel,FIXJACK1,0.0003391,14.163344,,sotto,"riferimento t12mai_1k_iii, cond 1"
tm12x6_1k_iii_i,l29d2_iii,1000,3.818,t12a6,100k,S_ins,FIXJACK1,7.163,6.040000,,sotto,dB in 100 ms sopra -70 dB; pieno 3.814 V da t12mai_1k_iii
tm12x6_1k_iii_i,l29d2_iii,1000,3.818,t12a6,100k,S_rel,FIXJACK1,5.36,10.959000,,sotto,dB in 100 ms sopra -70 dB; pieno 3.814 V da t12mai_1k_iii
tm12x6_1k_iii_i,l29d2_iii,1000,3.818,t12a6,100k,A_ins,FIXJACK2,4.035,1.000021,2.000,SOPRA,riferimento t12sempre_1k_iii
tm12x6_1k_iii_i,l29d2_iii,1000,3.818,t12a6,100k,A_rel,FIXJACK2,4.035,8.000021,2.000,SOPRA,riferimento t12mai_1k_iii
tm12x6_1k_iii_i,l29d2_iii,1000,3.818,t12a6,100k,B2,FIXJACK2,6.588e-08,7.526750,,sotto,mute da t_ins+t_grad+20 ms a t_rel
tm12x6_1k_iii_i,l29d2_iii,1000,3.818,t12a6,100k,C1_ins,FIXJACK2,0.0006551,2.353927,,sotto,"diagnostica, cond 1"
tm12x6_1k_iii_i,l29d2_iii,1000,3.818,t12a6,100k,C1_rel,FIXJACK2,0.0003678,14.171354,,sotto,"diagnostica, cond 1"
tm12x6_1k_iii_i,l29d2_iii,1000,3.818,t12a6,100k,C2_ins,FIXJACK2,0.0006551,2.353927,,sotto,"riferimento t12sempre_1k_iii, cond 1"
tm12x6_1k_iii_i,l29d2_iii,1000,3.818,t12a6,100k,C2_rel,FIXJACK2,0.0003391,14.163344,,sotto,"riferimento t12mai_1k_iii, cond 1"
tm12x6_1k_iii_i,l29d2_iii,1000,3.818,t12a6,100k,S_ins,FIXJACK2,7.163,6.040000,,sotto,dB in 100 ms sopra -70 dB; pieno 3.814 V da t12mai_1k_iii
tm12x6_1k_iii_i,l29d2_iii,1000,3.818,t12a6,100k,S_rel,FIXJACK2,5.36,10.959000,,sotto,dB in 100 ms sopra -70 dB; pieno 3.814 V da t12mai_1k_iii
tm12x6_1k_iii_c,l29d2_iii,1000,3.818,t12a6,100k,A_ins,MAINJACK,4.278e-08,8.001312,2.000,sotto,riferimento t6sempre_1k_iii
tm12x6_1k_iii_c,l29d2_iii,1000,3.818,t12a6,100k,A_rel,MAINJACK,6.371,10.000021,2.000,SOPRA,riferimento t6mai_1k_iii
tm12x6_1k_iii_c,l29d2_iii,1000,3.818,t12a6,100k,B2,MAINJACK,7.365e-11,9.999990,,sotto,mute da t_ins+t_grad+20 ms a t_rel
tm12x6_1k_iii_c,l29d2_iii,1000,3.818,t12a6,100k,C1_ins,MAINJACK,4.262e-08,8.001312,,sotto,"diagnostica, cond 1"
tm12x6_1k_iii_c,l29d2_iii,1000,3.818,t12a6,100k,C1_rel,MAINJACK,1.183e-05,10.001333,,sotto,"diagnostica, cond 1"
tm12x6_1k_iii_c,l29d2_iii,1000,3.818,t12a6,100k,C2_ins,MAINJACK,4.262e-08,8.001312,,sotto,"riferimento t6sempre_1k_iii, cond 1"
tm12x6_1k_iii_c,l29d2_iii,1000,3.818,t12a6,100k,C2_rel,MAINJACK,9.535e-05,10.001146,,sotto,"riferimento t6mai_1k_iii, cond 1"
tm12x6_1k_iii_c,l29d2_iii,1000,3.818,t12a6,100k,S_ins,MAINJACK,0,,,sotto,dB in 100 ms sopra -70 dB; pieno 6.021 V da t6mai_1k_iii
tm12x6_1k_iii_c,l29d2_iii,1000,3.818,t12a6,100k,S_rel,MAINJACK,0,,,sotto,dB in 100 ms sopra -70 dB; pieno 6.021 V da t6mai_1k_iii
tm12x6_1k_iii_c,l29d2_iii,1000,3.818,t12a6,100k,A_ins,FIXJACK1,5.678e-11,9.999990,2.000,sotto,riferimento t6sempre_1k_iii
tm12x6_1k_iii_c,l29d2_iii,1000,3.818,t12a6,100k,A_rel,FIXJACK1,4.035,10.000021,2.000,SOPRA,riferimento t6mai_1k_iii
tm12x6_1k_iii_c,l29d2_iii,1000,3.818,t12a6,100k,B2,FIXJACK1,5.591e-11,9.999990,,sotto,mute da t_ins+t_grad+20 ms a t_rel
tm12x6_1k_iii_c,l29d2_iii,1000,3.818,t12a6,100k,C1_ins,FIXJACK1,1.368e-11,8.001312,,sotto,"diagnostica, cond 1"
tm12x6_1k_iii_c,l29d2_iii,1000,3.818,t12a6,100k,C1_rel,FIXJACK1,7.537e-06,10.001333,,sotto,"diagnostica, cond 1"
tm12x6_1k_iii_c,l29d2_iii,1000,3.818,t12a6,100k,C2_ins,FIXJACK1,1.368e-11,8.001312,,sotto,"riferimento t6sempre_1k_iii, cond 1"
tm12x6_1k_iii_c,l29d2_iii,1000,3.818,t12a6,100k,C2_rel,FIXJACK1,4.038e-05,10.001146,,sotto,"riferimento t6mai_1k_iii, cond 1"
tm12x6_1k_iii_c,l29d2_iii,1000,3.818,t12a6,100k,S_ins,FIXJACK1,0,,,sotto,dB in 100 ms sopra -70 dB; pieno 3.814 V da t6mai_1k_iii
tm12x6_1k_iii_c,l29d2_iii,1000,3.818,t12a6,100k,S_rel,FIXJACK1,0,,,sotto,dB in 100 ms sopra -70 dB; pieno 3.814 V da t6mai_1k_iii
tm12x6_1k_iii_c,l29d2_iii,1000,3.818,t12a6,100k,A_ins,FIXJACK2,5.678e-11,9.999990,2.000,sotto,riferimento t6sempre_1k_iii
tm12x6_1k_iii_c,l29d2_iii,1000,3.818,t12a6,100k,A_rel,FIXJACK2,4.035,10.000021,2.000,SOPRA,riferimento t6mai_1k_iii
tm12x6_1k_iii_c,l29d2_iii,1000,3.818,t12a6,100k,B2,FIXJACK2,5.591e-11,9.999990,,sotto,mute da t_ins+t_grad+20 ms a t_rel
tm12x6_1k_iii_c,l29d2_iii,1000,3.818,t12a6,100k,C1_ins,FIXJACK2,1.368e-11,8.001312,,sotto,"diagnostica, cond 1"
tm12x6_1k_iii_c,l29d2_iii,1000,3.818,t12a6,100k,C1_rel,FIXJACK2,7.537e-06,10.001333,,sotto,"diagnostica, cond 1"
tm12x6_1k_iii_c,l29d2_iii,1000,3.818,t12a6,100k,C2_ins,FIXJACK2,1.368e-11,8.001312,,sotto,"riferimento t6sempre_1k_iii, cond 1"
tm12x6_1k_iii_c,l29d2_iii,1000,3.818,t12a6,100k,C2_rel,FIXJACK2,4.038e-05,10.001146,,sotto,"riferimento t6mai_1k_iii, cond 1"
tm12x6_1k_iii_c,l29d2_iii,1000,3.818,t12a6,100k,S_ins,FIXJACK2,0,,,sotto,dB in 100 ms sopra -70 dB; pieno 3.814 V da t6mai_1k_iii
tm12x6_1k_iii_c,l29d2_iii,1000,3.818,t12a6,100k,S_rel,FIXJACK2,0,,,sotto,dB in 100 ms sopra -70 dB; pieno 3.814 V da t6mai_1k_iii
tm0x12_1k_iii_i,l29d2_iii,1000,3.818,t0a12,100k,A_ins,MAINJACK,12.72,1.000021,2.000,SOPRA,riferimento g10sempre_1k_iii
tm0x12_1k_iii_i,l29d2_iii,1000,3.818,t0a12,100k,A_rel,MAINJACK,12.72,8.000021,2.000,SOPRA,riferimento g10mai_1k_iii
tm0x12_1k_iii_i,l29d2_iii,1000,3.818,t0a12,100k,B2,MAINJACK,2.054e-07,7.526969,,sotto,mute da t_ins+t_grad+20 ms a t_rel
tm0x12_1k_iii_i,l29d2_iii,1000,3.818,t0a12,100k,C1_ins,MAINJACK,0.002218,2.353927,,SOPRA,"diagnostica, cond 1"
tm0x12_1k_iii_i,l29d2_iii,1000,3.818,t0a12,100k,C1_rel,MAINJACK,0.0002917,14.170354,,sotto,"diagnostica, cond 1"
tm0x12_1k_iii_i,l29d2_iii,1000,3.818,t0a12,100k,C2_ins,MAINJACK,0.002218,2.353927,,SOPRA,"riferimento g10sempre_1k_iii, cond 1"
tm0x12_1k_iii_i,l29d2_iii,1000,3.818,t0a12,100k,C2_rel,MAINJACK,0.0004088,13.678146,,sotto,"riferimento g10mai_1k_iii, cond 1"
tm0x12_1k_iii_i,l29d2_iii,1000,3.818,t0a12,100k,S_ins,MAINJACK,7.163,6.040000,,sotto,dB in 100 ms sopra -70 dB; pieno 12.02 V da g10mai_1k_iii
tm0x12_1k_iii_i,l29d2_iii,1000,3.818,t0a12,100k,S_rel,MAINJACK,4.584,11.194000,,sotto,dB in 100 ms sopra -70 dB; pieno 12.02 V da g10mai_1k_iii
tm0x12_1k_iii_i,l29d2_iii,1000,3.818,t0a12,100k,A_ins,FIXJACK1,4.035,1.000021,2.000,SOPRA,riferimento g10sempre_1k_iii
tm0x12_1k_iii_i,l29d2_iii,1000,3.818,t0a12,100k,A_rel,FIXJACK1,4.035,8.000021,2.000,SOPRA,riferimento g10mai_1k_iii
tm0x12_1k_iii_i,l29d2_iii,1000,3.818,t0a12,100k,B2,FIXJACK1,6.666e-08,7.526792,,sotto,mute da t_ins+t_grad+20 ms a t_rel
tm0x12_1k_iii_i,l29d2_iii,1000,3.818,t0a12,100k,C1_ins,FIXJACK1,0.0006538,2.353927,,sotto,"diagnostica, cond 1"
tm0x12_1k_iii_i,l29d2_iii,1000,3.818,t0a12,100k,C1_rel,FIXJACK1,0.000368,14.175354,,sotto,"diagnostica, cond 1"
tm0x12_1k_iii_i,l29d2_iii,1000,3.818,t0a12,100k,C2_ins,FIXJACK1,0.0006538,2.353927,,sotto,"riferimento g10sempre_1k_iii, cond 1"
tm0x12_1k_iii_i,l29d2_iii,1000,3.818,t0a12,100k,C2_rel,FIXJACK1,0.0003398,14.162344,,sotto,"riferimento g10mai_1k_iii, cond 1"
tm0x12_1k_iii_i,l29d2_iii,1000,3.818,t0a12,100k,S_ins,FIXJACK1,7.163,6.040000,,sotto,dB in 100 ms sopra -70 dB; pieno 3.814 V da g10mai_1k_iii
tm0x12_1k_iii_i,l29d2_iii,1000,3.818,t0a12,100k,S_rel,FIXJACK1,5.36,10.959000,,sotto,dB in 100 ms sopra -70 dB; pieno 3.814 V da g10mai_1k_iii
tm0x12_1k_iii_i,l29d2_iii,1000,3.818,t0a12,100k,A_ins,FIXJACK2,4.035,1.000021,2.000,SOPRA,riferimento g10sempre_1k_iii
tm0x12_1k_iii_i,l29d2_iii,1000,3.818,t0a12,100k,A_rel,FIXJACK2,4.035,8.000021,2.000,SOPRA,riferimento g10mai_1k_iii
tm0x12_1k_iii_i,l29d2_iii,1000,3.818,t0a12,100k,B2,FIXJACK2,6.666e-08,7.526792,,sotto,mute da t_ins+t_grad+20 ms a t_rel
tm0x12_1k_iii_i,l29d2_iii,1000,3.818,t0a12,100k,C1_ins,FIXJACK2,0.0006538,2.353927,,sotto,"diagnostica, cond 1"
tm0x12_1k_iii_i,l29d2_iii,1000,3.818,t0a12,100k,C1_rel,FIXJACK2,0.000368,14.175354,,sotto,"diagnostica, cond 1"
tm0x12_1k_iii_i,l29d2_iii,1000,3.818,t0a12,100k,C2_ins,FIXJACK2,0.0006538,2.353927,,sotto,"riferimento g10sempre_1k_iii, cond 1"
tm0x12_1k_iii_i,l29d2_iii,1000,3.818,t0a12,100k,C2_rel,FIXJACK2,0.0003398,14.162344,,sotto,"riferimento g10mai_1k_iii, cond 1"
tm0x12_1k_iii_i,l29d2_iii,1000,3.818,t0a12,100k,S_ins,FIXJACK2,7.163,6.040000,,sotto,dB in 100 ms sopra -70 dB; pieno 3.814 V da g10mai_1k_iii
tm0x12_1k_iii_i,l29d2_iii,1000,3.818,t0a12,100k,S_rel,FIXJACK2,5.36,10.959000,,sotto,dB in 100 ms sopra -70 dB; pieno 3.814 V da g10mai_1k_iii
tm0x12_1k_iii_c,l29d2_iii,1000,3.818,t0a12,100k,A_ins,MAINJACK,5.972e-08,8.000615,2.000,sotto,riferimento t12sempre_1k_iii
tm0x12_1k_iii_c,l29d2_iii,1000,3.818,t0a12,100k,A_rel,MAINJACK,3.217,10.000021,2.000,SOPRA,riferimento t12mai_1k_iii
tm0x12_1k_iii_c,l29d2_iii,1000,3.818,t0a12,100k,B2,MAINJACK,5.744e-12,8.025594,,sotto,mute da t_ins+t_grad+20 ms a t_rel
tm0x12_1k_iii_c,l29d2_iii,1000,3.818,t0a12,100k,C1_ins,MAINJACK,5.945e-08,8.000615,,sotto,"diagnostica, cond 1"
tm0x12_1k_iii_c,l29d2_iii,1000,3.818,t0a12,100k,C1_rel,MAINJACK,6.075e-06,10.001333,,sotto,"diagnostica, cond 1"
tm0x12_1k_iii_c,l29d2_iii,1000,3.818,t0a12,100k,C2_ins,MAINJACK,5.945e-08,8.000615,,sotto,"riferimento t12sempre_1k_iii, cond 1"
tm0x12_1k_iii_c,l29d2_iii,1000,3.818,t0a12,100k,C2_rel,MAINJACK,3.264e-05,10.002156,,sotto,"riferimento t12mai_1k_iii, cond 1"
tm0x12_1k_iii_c,l29d2_iii,1000,3.818,t0a12,100k,S_ins,MAINJACK,0,,,sotto,dB in 100 ms sopra -70 dB; pieno 3.04 V da t12mai_1k_iii
tm0x12_1k_iii_c,l29d2_iii,1000,3.818,t0a12,100k,S_rel,MAINJACK,0,,,sotto,dB in 100 ms sopra -70 dB; pieno 3.04 V da t12mai_1k_iii
tm0x12_1k_iii_c,l29d2_iii,1000,3.818,t0a12,100k,A_ins,FIXJACK1,2.98e-11,8.000010,2.000,sotto,riferimento t12sempre_1k_iii
tm0x12_1k_iii_c,l29d2_iii,1000,3.818,t0a12,100k,A_rel,FIXJACK1,4.035,10.000021,2.000,SOPRA,riferimento t12mai_1k_iii
tm0x12_1k_iii_c,l29d2_iii,1000,3.818,t0a12,100k,B2,FIXJACK1,2.312e-12,8.020594,,sotto,mute da t_ins+t_grad+20 ms a t_rel
tm0x12_1k_iii_c,l29d2_iii,1000,3.818,t0a12,100k,C1_ins,FIXJACK1,2.844e-11,8.000010,,sotto,"diagnostica, cond 1"
tm0x12_1k_iii_c,l29d2_iii,1000,3.818,t0a12,100k,C1_rel,FIXJACK1,7.662e-06,10.001333,,sotto,"diagnostica, cond 1"
tm0x12_1k_iii_c,l29d2_iii,1000,3.818,t0a12,100k,C2_ins,FIXJACK1,2.844e-11,8.000010,,sotto,"riferimento t12sempre_1k_iii, cond 1"
tm0x12_1k_iii_c,l29d2_iii,1000,3.818,t0a12,100k,C2_rel,FIXJACK1,4.022e-05,10.001146,,sotto,"riferimento t12mai_1k_iii, cond 1"
tm0x12_1k_iii_c,l29d2_iii,1000,3.818,t0a12,100k,S_ins,FIXJACK1,0,,,sotto,dB in 100 ms sopra -70 dB; pieno 3.814 V da t12mai_1k_iii
tm0x12_1k_iii_c,l29d2_iii,1000,3.818,t0a12,100k,S_rel,FIXJACK1,0,,,sotto,dB in 100 ms sopra -70 dB; pieno 3.814 V da t12mai_1k_iii
tm0x12_1k_iii_c,l29d2_iii,1000,3.818,t0a12,100k,A_ins,FIXJACK2,2.98e-11,8.000010,2.000,sotto,riferimento t12sempre_1k_iii
tm0x12_1k_iii_c,l29d2_iii,1000,3.818,t0a12,100k,A_rel,FIXJACK2,4.035,10.000021,2.000,SOPRA,riferimento t12mai_1k_iii
tm0x12_1k_iii_c,l29d2_iii,1000,3.818,t0a12,100k,B2,FIXJACK2,2.312e-12,8.020594,,sotto,mute da t_ins+t_grad+20 ms a t_rel
tm0x12_1k_iii_c,l29d2_iii,1000,3.818,t0a12,100k,C1_ins,FIXJACK2,2.844e-11,8.000010,,sotto,"diagnostica, cond 1"
tm0x12_1k_iii_c,l29d2_iii,1000,3.818,t0a12,100k,C1_rel,FIXJACK2,7.662e-06,10.001333,,sotto,"diagnostica, cond 1"
tm0x12_1k_iii_c,l29d2_iii,1000,3.818,t0a12,100k,C2_ins,FIXJACK2,2.844e-11,8.000010,,sotto,"riferimento t12sempre_1k_iii, cond 1"
tm0x12_1k_iii_c,l29d2_iii,1000,3.818,t0a12,100k,C2_rel,FIXJACK2,4.022e-05,10.001146,,sotto,"riferimento t12mai_1k_iii, cond 1"
tm0x12_1k_iii_c,l29d2_iii,1000,3.818,t0a12,100k,S_ins,FIXJACK2,0,,,sotto,dB in 100 ms sopra -70 dB; pieno 3.814 V da t12mai_1k_iii
tm0x12_1k_iii_c,l29d2_iii,1000,3.818,t0a12,100k,S_rel,FIXJACK2,0,,,sotto,dB in 100 ms sopra -70 dB; pieno 3.814 V da t12mai_1k_iii
tm12x0_1k_iii_i,l29d2_iii,1000,3.818,t12a0,100k,A_ins,MAINJACK,3.217,1.000021,2.000,SOPRA,riferimento t12sempre_1k_iii
tm12x0_1k_iii_i,l29d2_iii,1000,3.818,t12a0,100k,A_rel,MAINJACK,3.217,8.000021,2.000,SOPRA,riferimento t12mai_1k_iii
tm12x0_1k_iii_i,l29d2_iii,1000,3.818,t12a0,100k,B2,MAINJACK,5.094e-08,7.526969,,sotto,mute da t_ins+t_grad+20 ms a t_rel
tm12x0_1k_iii_i,l29d2_iii,1000,3.818,t12a0,100k,C1_ins,MAINJACK,0.0005225,2.353927,,sotto,"diagnostica, cond 1"
tm12x0_1k_iii_i,l29d2_iii,1000,3.818,t12a0,100k,C1_rel,MAINJACK,0.001214,14.200354,,SOPRA,"diagnostica, cond 1"
tm12x0_1k_iii_i,l29d2_iii,1000,3.818,t12a0,100k,C2_ins,MAINJACK,0.0005225,2.353927,,sotto,"riferimento t12sempre_1k_iii, cond 1"
tm12x0_1k_iii_i,l29d2_iii,1000,3.818,t12a0,100k,C2_rel,MAINJACK,0.001193,14.200354,,SOPRA,"riferimento t12mai_1k_iii, cond 1"
tm12x0_1k_iii_i,l29d2_iii,1000,3.818,t12a0,100k,S_ins,MAINJACK,7.163,6.040000,,sotto,dB in 100 ms sopra -70 dB; pieno 3.04 V da t12mai_1k_iii
tm12x0_1k_iii_i,l29d2_iii,1000,3.818,t12a0,100k,S_rel,MAINJACK,6.104,10.832000,,sotto,dB in 100 ms sopra -70 dB; pieno 3.04 V da t12mai_1k_iii
tm12x0_1k_iii_i,l29d2_iii,1000,3.818,t12a0,100k,A_ins,FIXJACK1,4.035,1.000021,2.000,SOPRA,riferimento t12sempre_1k_iii
tm12x0_1k_iii_i,l29d2_iii,1000,3.818,t12a0,100k,A_rel,FIXJACK1,4.035,8.000021,2.000,SOPRA,riferimento t12mai_1k_iii
tm12x0_1k_iii_i,l29d2_iii,1000,3.818,t12a0,100k,B2,FIXJACK1,6.588e-08,7.526750,,sotto,mute da t_ins+t_grad+20 ms a t_rel
tm12x0_1k_iii_i,l29d2_iii,1000,3.818,t12a0,100k,C1_ins,FIXJACK1,0.0006551,2.353927,,sotto,"diagnostica, cond 1"
tm12x0_1k_iii_i,l29d2_iii,1000,3.818,t12a0,100k,C1_rel,FIXJACK1,0.0003678,14.169354,,sotto,"diagnostica, cond 1"
tm12x0_1k_iii_i,l29d2_iii,1000,3.818,t12a0,100k,C2_ins,FIXJACK1,0.0006551,2.353927,,sotto,"riferimento t12sempre_1k_iii, cond 1"
tm12x0_1k_iii_i,l29d2_iii,1000,3.818,t12a0,100k,C2_rel,FIXJACK1,0.0003389,14.177344,,sotto,"riferimento t12mai_1k_iii, cond 1"
tm12x0_1k_iii_i,l29d2_iii,1000,3.818,t12a0,100k,S_ins,FIXJACK1,7.163,6.040000,,sotto,dB in 100 ms sopra -70 dB; pieno 3.814 V da t12mai_1k_iii
tm12x0_1k_iii_i,l29d2_iii,1000,3.818,t12a0,100k,S_rel,FIXJACK1,5.36,10.959000,,sotto,dB in 100 ms sopra -70 dB; pieno 3.814 V da t12mai_1k_iii
tm12x0_1k_iii_i,l29d2_iii,1000,3.818,t12a0,100k,A_ins,FIXJACK2,4.035,1.000021,2.000,SOPRA,riferimento t12sempre_1k_iii
tm12x0_1k_iii_i,l29d2_iii,1000,3.818,t12a0,100k,A_rel,FIXJACK2,4.035,8.000021,2.000,SOPRA,riferimento t12mai_1k_iii
tm12x0_1k_iii_i,l29d2_iii,1000,3.818,t12a0,100k,B2,FIXJACK2,6.588e-08,7.526750,,sotto,mute da t_ins+t_grad+20 ms a t_rel
tm12x0_1k_iii_i,l29d2_iii,1000,3.818,t12a0,100k,C1_ins,FIXJACK2,0.0006551,2.353927,,sotto,"diagnostica, cond 1"
tm12x0_1k_iii_i,l29d2_iii,1000,3.818,t12a0,100k,C1_rel,FIXJACK2,0.0003678,14.169354,,sotto,"diagnostica, cond 1"
tm12x0_1k_iii_i,l29d2_iii,1000,3.818,t12a0,100k,C2_ins,FIXJACK2,0.0006551,2.353927,,sotto,"riferimento t12sempre_1k_iii, cond 1"
tm12x0_1k_iii_i,l29d2_iii,1000,3.818,t12a0,100k,C2_rel,FIXJACK2,0.0003389,14.177344,,sotto,"riferimento t12mai_1k_iii, cond 1"
tm12x0_1k_iii_i,l29d2_iii,1000,3.818,t12a0,100k,S_ins,FIXJACK2,7.163,6.040000,,sotto,dB in 100 ms sopra -70 dB; pieno 3.814 V da t12mai_1k_iii
tm12x0_1k_iii_i,l29d2_iii,1000,3.818,t12a0,100k,S_rel,FIXJACK2,5.36,10.959000,,sotto,dB in 100 ms sopra -70 dB; pieno 3.814 V da t12mai_1k_iii
tm12x0_1k_iii_c,l29d2_iii,1000,3.818,t12a0,100k,A_ins,MAINJACK,1.62e-07,8.001010,2.000,sotto,riferimento g10sempre_1k_iii
tm12x0_1k_iii_c,l29d2_iii,1000,3.818,t12a0,100k,A_rel,MAINJACK,12.72,10.000021,2.000,SOPRA,riferimento g10mai_1k_iii
tm12x0_1k_iii_c,l29d2_iii,1000,3.818,t12a0,100k,B2,MAINJACK,1.659e-10,9.999990,,sotto,mute da t_ins+t_grad+20 ms a t_rel
tm12x0_1k_iii_c,l29d2_iii,1000,3.818,t12a0,100k,C1_ins,MAINJACK,1.615e-07,8.001010,,sotto,"diagnostica, cond 1"
tm12x0_1k_iii_c,l29d2_iii,1000,3.818,t12a0,100k,C1_rel,MAINJACK,2.314e-05,10.001333,,sotto,"diagnostica, cond 1"
tm12x0_1k_iii_c,l29d2_iii,1000,3.818,t12a0,100k,C2_ins,MAINJACK,1.615e-07,8.001010,,sotto,"riferimento g10sempre_1k_iii, cond 1"
tm12x0_1k_iii_c,l29d2_iii,1000,3.818,t12a0,100k,C2_rel,MAINJACK,0.0003491,10.001135,,sotto,"riferimento g10mai_1k_iii, cond 1"
tm12x0_1k_iii_c,l29d2_iii,1000,3.818,t12a0,100k,S_ins,MAINJACK,0,,,sotto,dB in 100 ms sopra -70 dB; pieno 12.02 V da g10mai_1k_iii
tm12x0_1k_iii_c,l29d2_iii,1000,3.818,t12a0,100k,S_rel,MAINJACK,0,,,sotto,dB in 100 ms sopra -70 dB; pieno 12.02 V da g10mai_1k_iii
tm12x0_1k_iii_c,l29d2_iii,1000,3.818,t12a0,100k,A_ins,FIXJACK1,6.239e-09,8.001010,2.000,sotto,riferimento g10sempre_1k_iii
tm12x0_1k_iii_c,l29d2_iii,1000,3.818,t12a0,100k,A_rel,FIXJACK1,4.035,10.000021,2.000,SOPRA,riferimento g10mai_1k_iii
tm12x0_1k_iii_c,l29d2_iii,1000,3.818,t12a0,100k,B2,FIXJACK1,6.311e-11,9.999990,,sotto,mute da t_ins+t_grad+20 ms a t_rel
tm12x0_1k_iii_c,l29d2_iii,1000,3.818,t12a0,100k,C1_ins,FIXJACK1,6.215e-09,8.001010,,sotto,"diagnostica, cond 1"
tm12x0_1k_iii_c,l29d2_iii,1000,3.818,t12a0,100k,C1_rel,FIXJACK1,7.384e-06,10.001333,,sotto,"diagnostica, cond 1"
tm12x0_1k_iii_c,l29d2_iii,1000,3.818,t12a0,100k,C2_ins,FIXJACK1,6.215e-09,8.001010,,sotto,"riferimento g10sempre_1k_iii, cond 1"
tm12x0_1k_iii_c,l29d2_iii,1000,3.818,t12a0,100k,C2_rel,FIXJACK1,3.971e-05,10.001146,,sotto,"riferimento g10mai_1k_iii, cond 1"
tm12x0_1k_iii_c,l29d2_iii,1000,3.818,t12a0,100k,S_ins,FIXJACK1,0,,,sotto,dB in 100 ms sopra -70 dB; pieno 3.814 V da g10mai_1k_iii
tm12x0_1k_iii_c,l29d2_iii,1000,3.818,t12a0,100k,S_rel,FIXJACK1,0,,,sotto,dB in 100 ms sopra -70 dB; pieno 3.814 V da g10mai_1k_iii
tm12x0_1k_iii_c,l29d2_iii,1000,3.818,t12a0,100k,A_ins,FIXJACK2,6.239e-09,8.001010,2.000,sotto,riferimento g10sempre_1k_iii
tm12x0_1k_iii_c,l29d2_iii,1000,3.818,t12a0,100k,A_rel,FIXJACK2,4.035,10.000021,2.000,SOPRA,riferimento g10mai_1k_iii
tm12x0_1k_iii_c,l29d2_iii,1000,3.818,t12a0,100k,B2,FIXJACK2,6.311e-11,9.999990,,sotto,mute da t_ins+t_grad+20 ms a t_rel
tm12x0_1k_iii_c,l29d2_iii,1000,3.818,t12a0,100k,C1_ins,FIXJACK2,6.215e-09,8.001010,,sotto,"diagnostica, cond 1"
tm12x0_1k_iii_c,l29d2_iii,1000,3.818,t12a0,100k,C1_rel,FIXJACK2,7.384e-06,10.001333,,sotto,"diagnostica, cond 1"
tm12x0_1k_iii_c,l29d2_iii,1000,3.818,t12a0,100k,C2_ins,FIXJACK2,6.215e-09,8.001010,,sotto,"riferimento g10sempre_1k_iii, cond 1"
tm12x0_1k_iii_c,l29d2_iii,1000,3.818,t12a0,100k,C2_rel,FIXJACK2,3.971e-05,10.001146,,sotto,"riferimento g10mai_1k_iii, cond 1"
tm12x0_1k_iii_c,l29d2_iii,1000,3.818,t12a0,100k,S_ins,FIXJACK2,0,,,sotto,dB in 100 ms sopra -70 dB; pieno 3.814 V da g10mai_1k_iii
tm12x0_1k_iii_c,l29d2_iii,1000,3.818,t12a0,100k,S_rel,FIXJACK2,0,,,sotto,dB in 100 ms sopra -70 dB; pieno 3.814 V da g10mai_1k_iii
tm0x6_lz_iii_i,l29d2_iii,1000,0,t0a6,100k,A_ins,MAINJACK,1.302e-08,2.362260,2.000,sotto,riferimento g10sempre_lz_iii
tm0x6_lz_iii_i,l29d2_iii,1000,0,t0a6,100k,A_rel,MAINJACK,5.848e-08,8.000615,2.000,sotto,riferimento g10mai_lz_iii
tm0x6_lz_iii_i,l29d2_iii,1000,0,t0a6,100k,B2,MAINJACK,1.943e-09,7.520000,,sotto,mute da t_ins+t_grad+20 ms a t_rel
tm0x6_lz_iii_i,l29d2_iii,1000,0,t0a6,100k,A_ins,FIXJACK1,4.144e-09,2.362667,2.000,sotto,riferimento g10sempre_lz_iii
tm0x6_lz_iii_i,l29d2_iii,1000,0,t0a6,100k,A_rel,FIXJACK1,1.751e-11,8.001156,2.000,sotto,riferimento g10mai_lz_iii
tm0x6_lz_iii_i,l29d2_iii,1000,0,t0a6,100k,B2,FIXJACK1,3.474e-09,7.520000,,sotto,mute da t_ins+t_grad+20 ms a t_rel
tm0x6_lz_iii_i,l29d2_iii,1000,0,t0a6,100k,A_ins,FIXJACK2,4.141e-09,2.362365,2.000,sotto,riferimento g10sempre_lz_iii
tm0x6_lz_iii_i,l29d2_iii,1000,0,t0a6,100k,A_rel,FIXJACK2,1.702e-11,8.001156,2.000,sotto,riferimento g10mai_lz_iii
tm0x6_lz_iii_i,l29d2_iii,1000,0,t0a6,100k,B2,FIXJACK2,3.474e-09,7.520000,,sotto,mute da t_ins+t_grad+20 ms a t_rel
tm0x6_lz_iii_c,l29d2_iii,1000,0,t0a6,100k,A_ins,MAINJACK,5.849e-08,8.000615,2.000,sotto,riferimento t6sempre_lz_iii
tm0x6_lz_iii_c,l29d2_iii,1000,0,t0a6,100k,A_rel,MAINJACK,1.6e-08,11.322917,2.000,sotto,riferimento t6mai_lz_iii
tm0x6_lz_iii_c,l29d2_iii,1000,0,t0a6,100k,B2,MAINJACK,1.064e-11,8.028260,,sotto,mute da t_ins+t_grad+20 ms a t_rel
tm0x6_lz_iii_c,l29d2_iii,1000,0,t0a6,100k,A_ins,FIXJACK1,1.389e-11,8.001156,2.000,sotto,riferimento t6sempre_lz_iii
tm0x6_lz_iii_c,l29d2_iii,1000,0,t0a6,100k,A_rel,FIXJACK1,1.013e-08,11.323094,2.000,sotto,riferimento t6mai_lz_iii
tm0x6_lz_iii_c,l29d2_iii,1000,0,t0a6,100k,B2,FIXJACK1,3.077e-16,8.020094,,sotto,mute da t_ins+t_grad+20 ms a t_rel
tm0x6_lz_iii_c,l29d2_iii,1000,0,t0a6,100k,A_ins,FIXJACK2,1.389e-11,8.001156,2.000,sotto,riferimento t6sempre_lz_iii
tm0x6_lz_iii_c,l29d2_iii,1000,0,t0a6,100k,A_rel,FIXJACK2,1.013e-08,11.323417,2.000,sotto,riferimento t6mai_lz_iii
tm0x6_lz_iii_c,l29d2_iii,1000,0,t0a6,100k,B2,FIXJACK2,3.148e-16,8.020094,,sotto,mute da t_ins+t_grad+20 ms a t_rel
tm6x0_lz_iii_i,l29d2_iii,1000,0,t6a0,100k,A_ins,MAINJACK,6.527e-09,2.362240,2.000,sotto,riferimento t6sempre_lz_iii
tm6x0_lz_iii_i,l29d2_iii,1000,0,t6a0,100k,A_rel,MAINJACK,8.51e-08,8.001312,2.000,sotto,riferimento t6mai_lz_iii
tm6x0_lz_iii_i,l29d2_iii,1000,0,t6a0,100k,B2,MAINJACK,9.736e-10,7.520000,,sotto,mute da t_ins+t_grad+20 ms a t_rel
tm6x0_lz_iii_i,l29d2_iii,1000,0,t6a0,100k,A_ins,FIXJACK1,4.141e-09,2.362552,2.000,sotto,riferimento t6sempre_lz_iii
tm6x0_lz_iii_i,l29d2_iii,1000,0,t6a0,100k,A_rel,FIXJACK1,2.716e-09,8.000406,2.000,sotto,riferimento t6mai_lz_iii
tm6x0_lz_iii_i,l29d2_iii,1000,0,t6a0,100k,B2,FIXJACK1,3.474e-09,7.520000,,sotto,mute da t_ins+t_grad+20 ms a t_rel
tm6x0_lz_iii_i,l29d2_iii,1000,0,t6a0,100k,A_ins,FIXJACK2,4.142e-09,2.362312,2.000,sotto,riferimento t6sempre_lz_iii
tm6x0_lz_iii_i,l29d2_iii,1000,0,t6a0,100k,A_rel,FIXJACK2,2.714e-09,8.000406,2.000,sotto,riferimento t6mai_lz_iii
tm6x0_lz_iii_i,l29d2_iii,1000,0,t6a0,100k,B2,FIXJACK2,3.474e-09,7.520000,,sotto,mute da t_ins+t_grad+20 ms a t_rel
tm6x0_lz_iii_c,l29d2_iii,1000,0,t6a0,100k,A_ins,MAINJACK,8.51e-08,8.001312,2.000,sotto,riferimento g10sempre_lz_iii
tm6x0_lz_iii_c,l29d2_iii,1000,0,t6a0,100k,A_rel,MAINJACK,3.193e-08,11.323083,2.000,sotto,riferimento g10mai_lz_iii
tm6x0_lz_iii_c,l29d2_iii,1000,0,t6a0,100k,B2,MAINJACK,2.092e-11,8.027510,,sotto,mute da t_ins+t_grad+20 ms a t_rel
tm6x0_lz_iii_c,l29d2_iii,1000,0,t6a0,100k,A_ins,FIXJACK1,2.714e-09,8.000406,2.000,sotto,riferimento g10sempre_lz_iii
tm6x0_lz_iii_c,l29d2_iii,1000,0,t6a0,100k,A_rel,FIXJACK1,1.013e-08,11.323250,2.000,sotto,riferimento g10mai_lz_iii
tm6x0_lz_iii_c,l29d2_iii,1000,0,t6a0,100k,B2,FIXJACK1,6.461e-13,8.026833,,sotto,mute da t_ins+t_grad+20 ms a t_rel
tm6x0_lz_iii_c,l29d2_iii,1000,0,t6a0,100k,A_ins,FIXJACK2,2.714e-09,8.000406,2.000,sotto,riferimento g10sempre_lz_iii
tm6x0_lz_iii_c,l29d2_iii,1000,0,t6a0,100k,A_rel,FIXJACK2,1.013e-08,11.323344,2.000,sotto,riferimento g10mai_lz_iii
tm6x0_lz_iii_c,l29d2_iii,1000,0,t6a0,100k,B2,FIXJACK2,6.462e-13,8.026833,,sotto,mute da t_ins+t_grad+20 ms a t_rel
tm6x12_lz_iii_i,l29d2_iii,1000,0,t6a12,100k,A_ins,MAINJACK,6.527e-09,2.362240,2.000,sotto,riferimento t6sempre_lz_iii
tm6x12_lz_iii_i,l29d2_iii,1000,0,t6a12,100k,A_rel,MAINJACK,2.931e-08,8.000615,2.000,sotto,riferimento t6mai_lz_iii
tm6x12_lz_iii_i,l29d2_iii,1000,0,t6a12,100k,B2,MAINJACK,9.736e-10,7.520000,,sotto,mute da t_ins+t_grad+20 ms a t_rel
tm6x12_lz_iii_i,l29d2_iii,1000,0,t6a12,100k,A_ins,FIXJACK1,4.141e-09,2.362552,2.000,sotto,riferimento t6sempre_lz_iii
tm6x12_lz_iii_i,l29d2_iii,1000,0,t6a12,100k,A_rel,FIXJACK1,1.087e-11,9.763677,2.000,sotto,riferimento t6mai_lz_iii
tm6x12_lz_iii_i,l29d2_iii,1000,0,t6a12,100k,B2,FIXJACK1,3.474e-09,7.520000,,sotto,mute da t_ins+t_grad+20 ms a t_rel
tm6x12_lz_iii_i,l29d2_iii,1000,0,t6a12,100k,A_ins,FIXJACK2,4.142e-09,2.362312,2.000,sotto,riferimento t6sempre_lz_iii
tm6x12_lz_iii_i,l29d2_iii,1000,0,t6a12,100k,A_rel,FIXJACK2,1.14e-11,8.498083,2.000,sotto,riferimento t6mai_lz_iii
tm6x12_lz_iii_i,l29d2_iii,1000,0,t6a12,100k,B2,FIXJACK2,3.474e-09,7.520000,,sotto,mute da t_ins+t_grad+20 ms a t_rel
tm6x12_lz_iii_c,l29d2_iii,1000,0,t6a12,100k,A_ins,MAINJACK,2.931e-08,8.000615,2.000,sotto,riferimento t12sempre_lz_iii
tm6x12_lz_iii_c,l29d2_iii,1000,0,t6a12,100k,A_rel,MAINJACK,8.093e-09,11.323000,2.000,sotto,riferimento t12mai_lz_iii
tm6x12_lz_iii_c,l29d2_iii,1000,0,t6a12,100k,B2,MAINJACK,6.238e-12,8.028031,,sotto,mute da t_ins+t_grad+20 ms a t_rel
tm6x12_lz_iii_c,l29d2_iii,1000,0,t6a12,100k,A_ins,FIXJACK1,1.593e-12,8.001531,2.000,sotto,riferimento t12sempre_lz_iii
tm6x12_lz_iii_c,l29d2_iii,1000,0,t6a12,100k,A_rel,FIXJACK1,1.013e-08,11.323229,2.000,sotto,riferimento t12mai_lz_iii
tm6x12_lz_iii_c,l29d2_iii,1000,0,t6a12,100k,B2,FIXJACK1,9.945e-16,8.031313,,sotto,mute da t_ins+t_grad+20 ms a t_rel
tm6x12_lz_iii_c,l29d2_iii,1000,0,t6a12,100k,A_ins,FIXJACK2,1.599e-12,8.001531,2.000,sotto,riferimento t12sempre_lz_iii
tm6x12_lz_iii_c,l29d2_iii,1000,0,t6a12,100k,A_rel,FIXJACK2,1.013e-08,11.323250,2.000,sotto,riferimento t12mai_lz_iii
tm6x12_lz_iii_c,l29d2_iii,1000,0,t6a12,100k,B2,FIXJACK2,7.983e-16,8.029312,,sotto,mute da t_ins+t_grad+20 ms a t_rel
tm12x6_lz_iii_i,l29d2_iii,1000,0,t12a6,100k,A_ins,MAINJACK,3.302e-09,2.362479,2.000,sotto,riferimento t12sempre_lz_iii
tm12x6_lz_iii_i,l29d2_iii,1000,0,t12a6,100k,A_rel,MAINJACK,7.345e-08,8.001531,2.000,sotto,riferimento t12mai_lz_iii
tm12x6_lz_iii_i,l29d2_iii,1000,0,t12a6,100k,B2,MAINJACK,4.915e-10,7.520000,,sotto,mute da t_ins+t_grad+20 ms a t_rel
tm12x6_lz_iii_i,l29d2_iii,1000,0,t12a6,100k,A_ins,FIXJACK1,4.14e-09,2.362240,2.000,sotto,riferimento t12sempre_lz_iii
tm12x6_lz_iii_i,l29d2_iii,1000,0,t12a6,100k,A_rel,FIXJACK1,1.49e-09,8.001312,2.000,sotto,riferimento t12mai_lz_iii
tm12x6_lz_iii_i,l29d2_iii,1000,0,t12a6,100k,B2,FIXJACK1,3.474e-09,7.520000,,sotto,mute da t_ins+t_grad+20 ms a t_rel
tm12x6_lz_iii_i,l29d2_iii,1000,0,t12a6,100k,A_ins,FIXJACK2,4.142e-09,2.362323,2.000,sotto,riferimento t12sempre_lz_iii
tm12x6_lz_iii_i,l29d2_iii,1000,0,t12a6,100k,A_rel,FIXJACK2,1.487e-09,8.001312,2.000,sotto,riferimento t12mai_lz_iii
tm12x6_lz_iii_i,l29d2_iii,1000,0,t12a6,100k,B2,FIXJACK2,3.474e-09,7.520000,,sotto,mute da t_ins+t_grad+20 ms a t_rel
tm12x6_lz_iii_c,l29d2_iii,1000,0,t12a6,100k,A_ins,MAINJACK,7.345e-08,8.001531,2.000,sotto,riferimento t6sempre_lz_iii
tm12x6_lz_iii_c,l29d2_iii,1000,0,t12a6,100k,A_rel,MAINJACK,1.601e-08,11.323063,2.000,sotto,riferimento t6mai_lz_iii
tm12x6_lz_iii_c,l29d2_iii,1000,0,t12a6,100k,B2,MAINJACK,1.925e-11,8.028021,,sotto,mute da t_ins+t_grad+20 ms a t_rel
tm12x6_lz_iii_c,l29d2_iii,1000,0,t12a6,100k,A_ins,FIXJACK1,1.488e-09,8.001312,2.000,sotto,riferimento t6sempre_lz_iii
tm12x6_lz_iii_c,l29d2_iii,1000,0,t12a6,100k,A_rel,FIXJACK1,1.013e-08,11.323208,2.000,sotto,riferimento t6mai_lz_iii
tm12x6_lz_iii_c,l29d2_iii,1000,0,t12a6,100k,B2,FIXJACK1,3.428e-13,8.027771,,sotto,mute da t_ins+t_grad+20 ms a t_rel
tm12x6_lz_iii_c,l29d2_iii,1000,0,t12a6,100k,A_ins,FIXJACK2,1.488e-09,8.001312,2.000,sotto,riferimento t6sempre_lz_iii
tm12x6_lz_iii_c,l29d2_iii,1000,0,t12a6,100k,A_rel,FIXJACK2,1.013e-08,11.323417,2.000,sotto,riferimento t6mai_lz_iii
tm12x6_lz_iii_c,l29d2_iii,1000,0,t12a6,100k,B2,FIXJACK2,3.43e-13,8.027771,,sotto,mute da t_ins+t_grad+20 ms a t_rel
tm0x12_lz_iii_i,l29d2_iii,1000,0,t0a12,100k,A_ins,MAINJACK,1.302e-08,2.362260,2.000,sotto,riferimento g10sempre_lz_iii
tm0x12_lz_iii_i,l29d2_iii,1000,0,t0a12,100k,A_rel,MAINJACK,9.894e-08,8.000406,2.000,sotto,riferimento g10mai_lz_iii
tm0x12_lz_iii_i,l29d2_iii,1000,0,t0a12,100k,B2,MAINJACK,1.943e-09,7.520000,,sotto,mute da t_ins+t_grad+20 ms a t_rel
tm0x12_lz_iii_i,l29d2_iii,1000,0,t0a12,100k,A_ins,FIXJACK1,4.144e-09,2.362667,2.000,sotto,riferimento g10sempre_lz_iii
tm0x12_lz_iii_i,l29d2_iii,1000,0,t0a12,100k,A_rel,FIXJACK1,4.869e-11,8.000406,2.000,sotto,riferimento g10mai_lz_iii
tm0x12_lz_iii_i,l29d2_iii,1000,0,t0a12,100k,B2,FIXJACK1,3.474e-09,7.520000,,sotto,mute da t_ins+t_grad+20 ms a t_rel
tm0x12_lz_iii_i,l29d2_iii,1000,0,t0a12,100k,A_ins,FIXJACK2,4.141e-09,2.362365,2.000,sotto,riferimento g10sempre_lz_iii
tm0x12_lz_iii_i,l29d2_iii,1000,0,t0a12,100k,A_rel,FIXJACK2,5.047e-11,8.000406,2.000,sotto,riferimento g10mai_lz_iii
tm0x12_lz_iii_i,l29d2_iii,1000,0,t0a12,100k,B2,FIXJACK2,3.474e-09,7.520000,,sotto,mute da t_ins+t_grad+20 ms a t_rel
tm0x12_lz_iii_c,l29d2_iii,1000,0,t0a12,100k,A_ins,MAINJACK,9.894e-08,8.000406,2.000,sotto,riferimento t12sempre_lz_iii
tm0x12_lz_iii_c,l29d2_iii,1000,0,t0a12,100k,A_rel,MAINJACK,8.092e-09,11.323063,2.000,sotto,riferimento t12mai_lz_iii
tm0x12_lz_iii_c,l29d2_iii,1000,0,t0a12,100k,B2,MAINJACK,2.592e-11,8.026844,,sotto,mute da t_ins+t_grad+20 ms a t_rel
tm0x12_lz_iii_c,l29d2_iii,1000,0,t0a12,100k,A_ins,FIXJACK1,4.926e-11,8.000406,2.000,sotto,riferimento t12sempre_lz_iii
tm0x12_lz_iii_c,l29d2_iii,1000,0,t0a12,100k,A_rel,FIXJACK1,1.013e-08,11.323052,2.000,sotto,riferimento t12mai_lz_iii
tm0x12_lz_iii_c,l29d2_iii,1000,0,t0a12,100k,B2,FIXJACK1,1.221e-14,8.027083,,sotto,mute da t_ins+t_grad+20 ms a t_rel
tm0x12_lz_iii_c,l29d2_iii,1000,0,t0a12,100k,A_ins,FIXJACK2,4.926e-11,8.000406,2.000,sotto,riferimento t12sempre_lz_iii
tm0x12_lz_iii_c,l29d2_iii,1000,0,t0a12,100k,A_rel,FIXJACK2,1.013e-08,11.323250,2.000,sotto,riferimento t12mai_lz_iii
tm0x12_lz_iii_c,l29d2_iii,1000,0,t0a12,100k,B2,FIXJACK2,1.216e-14,8.027083,,sotto,mute da t_ins+t_grad+20 ms a t_rel
tm12x0_lz_iii_i,l29d2_iii,1000,0,t12a0,100k,A_ins,MAINJACK,3.302e-09,2.362479,2.000,sotto,riferimento t12sempre_lz_iii
tm12x0_lz_iii_i,l29d2_iii,1000,0,t12a0,100k,A_rel,MAINJACK,7.857e-08,8.001312,2.000,sotto,riferimento t12mai_lz_iii
tm12x0_lz_iii_i,l29d2_iii,1000,0,t12a0,100k,B2,MAINJACK,4.915e-10,7.520000,,sotto,mute da t_ins+t_grad+20 ms a t_rel
tm12x0_lz_iii_i,l29d2_iii,1000,0,t12a0,100k,A_ins,FIXJACK1,4.14e-09,2.362240,2.000,sotto,riferimento t12sempre_lz_iii
tm12x0_lz_iii_i,l29d2_iii,1000,0,t12a0,100k,A_rel,FIXJACK1,4.633e-11,8.001312,2.000,sotto,riferimento t12mai_lz_iii
tm12x0_lz_iii_i,l29d2_iii,1000,0,t12a0,100k,B2,FIXJACK1,3.474e-09,7.520000,,sotto,mute da t_ins+t_grad+20 ms a t_rel
tm12x0_lz_iii_i,l29d2_iii,1000,0,t12a0,100k,A_ins,FIXJACK2,4.142e-09,2.362323,2.000,sotto,riferimento t12sempre_lz_iii
tm12x0_lz_iii_i,l29d2_iii,1000,0,t12a0,100k,A_rel,FIXJACK2,4.358e-11,8.001312,2.000,sotto,riferimento t12mai_lz_iii
tm12x0_lz_iii_i,l29d2_iii,1000,0,t12a0,100k,B2,FIXJACK2,3.474e-09,7.520000,,sotto,mute da t_ins+t_grad+20 ms a t_rel
tm12x0_lz_iii_c,l29d2_iii,1000,0,t12a0,100k,A_ins,MAINJACK,7.858e-08,8.001312,2.000,sotto,riferimento g10sempre_lz_iii
tm12x0_lz_iii_c,l29d2_iii,1000,0,t12a0,100k,A_rel,MAINJACK,3.194e-08,11.323063,2.000,sotto,riferimento g10mai_lz_iii
tm12x0_lz_iii_c,l29d2_iii,1000,0,t12a0,100k,B2,MAINJACK,2.047e-11,8.027958,,sotto,mute da t_ins+t_grad+20 ms a t_rel
tm12x0_lz_iii_c,l29d2_iii,1000,0,t12a0,100k,A_ins,FIXJACK1,4.457e-11,8.001312,2.000,sotto,riferimento g10sempre_lz_iii
tm12x0_lz_iii_c,l29d2_iii,1000,0,t12a0,100k,A_rel,FIXJACK1,1.013e-08,11.323250,2.000,sotto,riferimento g10mai_lz_iii
tm12x0_lz_iii_c,l29d2_iii,1000,0,t12a0,100k,B2,FIXJACK1,1.065e-14,8.027875,,sotto,mute da t_ins+t_grad+20 ms a t_rel
tm12x0_lz_iii_c,l29d2_iii,1000,0,t12a0,100k,A_ins,FIXJACK2,4.457e-11,8.001312,2.000,sotto,riferimento g10sempre_lz_iii
tm12x0_lz_iii_c,l29d2_iii,1000,0,t12a0,100k,A_rel,FIXJACK2,1.013e-08,11.323177,2.000,sotto,riferimento g10mai_lz_iii
tm12x0_lz_iii_c,l29d2_iii,1000,0,t12a0,100k,B2,FIXJACK2,1.096e-14,8.027875,,sotto,mute da t_ins+t_grad+20 ms a t_rel
x01000_dpamax_iii_i,l29d2_iii_dpamax,1000,0,g0a10_t0a0,100k,A_ins,MAINJACK,8.894e-06,2.362344,2.000,sotto,riferimento rsempre_g0t0_dpamax_iii
x01000_dpamax_iii_i,l29d2_iii_dpamax,1000,0,g0a10_t0a0,100k,A_rel,MAINJACK,4.425e-07,8.000312,2.000,sotto,riferimento rmai_g0t0_dpamax_iii
x01000_dpamax_iii_i,l29d2_iii_dpamax,1000,0,g0a10_t0a0,100k,B2,MAINJACK,1.308e-06,7.520000,,sotto,mute da t_ins+t_grad+20 ms a t_rel
x01000_dpamax_iii_i,l29d2_iii_dpamax,1000,0,g0a10_t0a0,100k,A_ins,FIXJACK1,8.913e-06,2.362406,2.000,sotto,riferimento rsempre_g0t0_dpamax_iii
x01000_dpamax_iii_i,l29d2_iii_dpamax,1000,0,g0a10_t0a0,100k,A_rel,FIXJACK1,1.199e-11,9.246958,2.000,sotto,riferimento rmai_g0t0_dpamax_iii
x01000_dpamax_iii_i,l29d2_iii_dpamax,1000,0,g0a10_t0a0,100k,B2,FIXJACK1,7.364e-06,7.520000,,sotto,mute da t_ins+t_grad+20 ms a t_rel
x01000_dpamax_iii_i,l29d2_iii_dpamax,1000,0,g0a10_t0a0,100k,A_ins,FIXJACK2,8.913e-06,2.362406,2.000,sotto,riferimento rsempre_g0t0_dpamax_iii
x01000_dpamax_iii_i,l29d2_iii_dpamax,1000,0,g0a10_t0a0,100k,A_rel,FIXJACK2,1.146e-11,8.630937,2.000,sotto,riferimento rmai_g0t0_dpamax_iii
x01000_dpamax_iii_i,l29d2_iii_dpamax,1000,0,g0a10_t0a0,100k,B2,FIXJACK2,7.364e-06,7.520000,,sotto,mute da t_ins+t_grad+20 ms a t_rel
x01000_dpamax_iii_c,l29d2_iii_dpamax,1000,0,g0a10_t0a0,100k,A_ins,MAINJACK,4.425e-07,8.000312,2.000,sotto,riferimento rsempre_g10t0_dpamax_iii
x01000_dpamax_iii_c,l29d2_iii_dpamax,1000,0,g0a10_t0a0,100k,A_rel,MAINJACK,6.968e-05,11.323125,2.000,sotto,riferimento rmai_g10t0_dpamax_iii
x01000_dpamax_iii_c,l29d2_iii_dpamax,1000,0,g0a10_t0a0,100k,B2,MAINJACK,1.273e-10,8.026906,,sotto,mute da t_ins+t_grad+20 ms a t_rel
x01000_dpamax_iii_c,l29d2_iii_dpamax,1000,0,g0a10_t0a0,100k,A_ins,FIXJACK1,3.051e-12,8.000312,2.000,sotto,riferimento rsempre_g10t0_dpamax_iii
x01000_dpamax_iii_c,l29d2_iii_dpamax,1000,0,g0a10_t0a0,100k,A_rel,FIXJACK1,2.21e-05,11.323187,2.000,sotto,riferimento rmai_g10t0_dpamax_iii
x01000_dpamax_iii_c,l29d2_iii_dpamax,1000,0,g0a10_t0a0,100k,B2,FIXJACK1,1.973e-15,8.026156,,sotto,mute da t_ins+t_grad+20 ms a t_rel
x01000_dpamax_iii_c,l29d2_iii_dpamax,1000,0,g0a10_t0a0,100k,A_ins,FIXJACK2,3.048e-12,8.000312,2.000,sotto,riferimento rsempre_g10t0_dpamax_iii
x01000_dpamax_iii_c,l29d2_iii_dpamax,1000,0,g0a10_t0a0,100k,A_rel,FIXJACK2,2.21e-05,11.323187,2.000,sotto,riferimento rmai_g10t0_dpamax_iii
x01000_dpamax_iii_c,l29d2_iii_dpamax,1000,0,g0a10_t0a0,100k,B2,FIXJACK2,1.899e-15,8.026156,,sotto,mute da t_ins+t_grad+20 ms a t_rel
x10000_dpamax_iii_i,l29d2_iii_dpamax,1000,0,g10a0_t0a0,100k,A_ins,MAINJACK,2.803e-05,2.362344,2.000,sotto,riferimento rsempre_g10t0_dpamax_iii
x10000_dpamax_iii_i,l29d2_iii_dpamax,1000,0,g10a0_t0a0,100k,A_rel,MAINJACK,2.75e-07,8.000312,2.000,sotto,riferimento rmai_g10t0_dpamax_iii
x10000_dpamax_iii_i,l29d2_iii_dpamax,1000,0,g10a0_t0a0,100k,B2,MAINJACK,4.123e-06,7.520000,,sotto,mute da t_ins+t_grad+20 ms a t_rel
x10000_dpamax_iii_i,l29d2_iii_dpamax,1000,0,g10a0_t0a0,100k,A_ins,FIXJACK1,8.913e-06,2.362406,2.000,sotto,riferimento rsempre_g10t0_dpamax_iii
x10000_dpamax_iii_i,l29d2_iii_dpamax,1000,0,g10a0_t0a0,100k,A_rel,FIXJACK1,1.119e-11,9.614917,2.000,sotto,riferimento rmai_g10t0_dpamax_iii
x10000_dpamax_iii_i,l29d2_iii_dpamax,1000,0,g10a0_t0a0,100k,B2,FIXJACK1,7.364e-06,7.520000,,sotto,mute da t_ins+t_grad+20 ms a t_rel
x10000_dpamax_iii_i,l29d2_iii_dpamax,1000,0,g10a0_t0a0,100k,A_ins,FIXJACK2,8.913e-06,2.362406,2.000,sotto,riferimento rsempre_g10t0_dpamax_iii
x10000_dpamax_iii_i,l29d2_iii_dpamax,1000,0,g10a0_t0a0,100k,A_rel,FIXJACK2,1.043e-11,8.064990,2.000,sotto,riferimento rmai_g10t0_dpamax_iii
x10000_dpamax_iii_i,l29d2_iii_dpamax,1000,0,g10a0_t0a0,100k,B2,FIXJACK2,7.364e-06,7.520000,,sotto,mute da t_ins+t_grad+20 ms a t_rel
x10000_dpamax_iii_c,l29d2_iii_dpamax,1000,0,g10a0_t0a0,100k,A_ins,MAINJACK,2.75e-07,8.000312,2.000,sotto,riferimento rsempre_g0t0_dpamax_iii
x10000_dpamax_iii_c,l29d2_iii_dpamax,1000,0,g10a0_t0a0,100k,A_rel,MAINJACK,2.211e-05,11.323125,2.000,sotto,riferimento rmai_g0t0_dpamax_iii
x10000_dpamax_iii_c,l29d2_iii_dpamax,1000,0,g10a0_t0a0,100k,B2,MAINJACK,4.947e-11,8.026719,,sotto,mute da t_ins+t_grad+20 ms a t_rel
x10000_dpamax_iii_c,l29d2_iii_dpamax,1000,0,g10a0_t0a0,100k,A_ins,FIXJACK1,8.217e-12,8.000312,2.000,sotto,riferimento rsempre_g0t0_dpamax_iii
x10000_dpamax_iii_c,l29d2_iii_dpamax,1000,0,g10a0_t0a0,100k,A_rel,FIXJACK1,2.21e-05,11.323187,2.000,sotto,riferimento rmai_g0t0_dpamax_iii
x10000_dpamax_iii_c,l29d2_iii_dpamax,1000,0,g10a0_t0a0,100k,B2,FIXJACK1,2.025e-15,8.026469,,sotto,mute da t_ins+t_grad+20 ms a t_rel
x10000_dpamax_iii_c,l29d2_iii_dpamax,1000,0,g10a0_t0a0,100k,A_ins,FIXJACK2,8.214e-12,8.000312,2.000,sotto,riferimento rsempre_g0t0_dpamax_iii
x10000_dpamax_iii_c,l29d2_iii_dpamax,1000,0,g10a0_t0a0,100k,A_rel,FIXJACK2,2.21e-05,11.323187,2.000,sotto,riferimento rmai_g0t0_dpamax_iii
x10000_dpamax_iii_c,l29d2_iii_dpamax,1000,0,g10a0_t0a0,100k,B2,FIXJACK2,1.878e-15,8.026469,,sotto,mute da t_ins+t_grad+20 ms a t_rel
x1010012_dpamax_iii_i,l29d2_iii_dpamax,1000,0,g10a10_t0a12,100k,A_ins,MAINJACK,2.803e-05,2.362344,2.000,sotto,riferimento rsempre_g10t0_dpamax_iii
x1010012_dpamax_iii_i,l29d2_iii_dpamax,1000,0,g10a10_t0a12,100k,A_rel,MAINJACK,1.432e-07,8.000615,2.000,sotto,riferimento rmai_g10t0_dpamax_iii
x1010012_dpamax_iii_i,l29d2_iii_dpamax,1000,0,g10a10_t0a12,100k,B2,MAINJACK,4.123e-06,7.520000,,sotto,mute da t_ins+t_grad+20 ms a t_rel
x1010012_dpamax_iii_i,l29d2_iii_dpamax,1000,0,g10a10_t0a12,100k,A_ins,FIXJACK1,8.913e-06,2.362406,2.000,sotto,riferimento rsempre_g10t0_dpamax_iii
x1010012_dpamax_iii_i,l29d2_iii_dpamax,1000,0,g10a10_t0a12,100k,A_rel,FIXJACK1,2.907e-10,8.001010,2.000,sotto,riferimento rmai_g10t0_dpamax_iii
x1010012_dpamax_iii_i,l29d2_iii_dpamax,1000,0,g10a10_t0a12,100k,B2,FIXJACK1,7.364e-06,7.520000,,sotto,mute da t_ins+t_grad+20 ms a t_rel
x1010012_dpamax_iii_i,l29d2_iii_dpamax,1000,0,g10a10_t0a12,100k,A_ins,FIXJACK2,8.913e-06,2.362406,2.000,sotto,riferimento rsempre_g10t0_dpamax_iii
x1010012_dpamax_iii_i,l29d2_iii_dpamax,1000,0,g10a10_t0a12,100k,A_rel,FIXJACK2,2.899e-10,8.001010,2.000,sotto,riferimento rmai_g10t0_dpamax_iii
x1010012_dpamax_iii_i,l29d2_iii_dpamax,1000,0,g10a10_t0a12,100k,B2,FIXJACK2,7.364e-06,7.520000,,sotto,mute da t_ins+t_grad+20 ms a t_rel
x1010012_dpamax_iii_c,l29d2_iii_dpamax,1000,0,g10a10_t0a12,100k,A_ins,MAINJACK,1.432e-07,8.000615,2.000,sotto,riferimento rsempre_g10t12_dpamax_iii
x1010012_dpamax_iii_c,l29d2_iii_dpamax,1000,0,g10a10_t0a12,100k,A_rel,MAINJACK,1.763e-05,11.323125,2.000,sotto,riferimento rmai_g10t12_dpamax_iii
x1010012_dpamax_iii_c,l29d2_iii_dpamax,1000,0,g10a10_t0a12,100k,B2,MAINJACK,1.783e-11,8.027823,,sotto,mute da t_ins+t_grad+20 ms a t_rel
x1010012_dpamax_iii_c,l29d2_iii_dpamax,1000,0,g10a10_t0a12,100k,A_ins,FIXJACK1,2.917e-10,8.001010,2.000,sotto,riferimento rsempre_g10t12_dpamax_iii
x1010012_dpamax_iii_c,l29d2_iii_dpamax,1000,0,g10a10_t0a12,100k,A_rel,FIXJACK1,2.21e-05,11.323187,2.000,sotto,riferimento rmai_g10t12_dpamax_iii
x1010012_dpamax_iii_c,l29d2_iii_dpamax,1000,0,g10a10_t0a12,100k,B2,FIXJACK1,7.218e-14,8.027563,,sotto,mute da t_ins+t_grad+20 ms a t_rel
x1010012_dpamax_iii_c,l29d2_iii_dpamax,1000,0,g10a10_t0a12,100k,A_ins,FIXJACK2,2.918e-10,8.001010,2.000,sotto,riferimento rsempre_g10t12_dpamax_iii
x1010012_dpamax_iii_c,l29d2_iii_dpamax,1000,0,g10a10_t0a12,100k,A_rel,FIXJACK2,2.21e-05,11.323187,2.000,sotto,riferimento rmai_g10t12_dpamax_iii
x1010012_dpamax_iii_c,l29d2_iii_dpamax,1000,0,g10a10_t0a12,100k,B2,FIXJACK2,7.159e-14,8.027563,,sotto,mute da t_ins+t_grad+20 ms a t_rel
x1010120_dpamax_iii_i,l29d2_iii_dpamax,1000,0,g10a10_t12a0,100k,A_ins,MAINJACK,7.09e-06,2.362344,2.000,sotto,riferimento rsempre_g10t12_dpamax_iii
x1010120_dpamax_iii_i,l29d2_iii_dpamax,1000,0,g10a10_t12a0,100k,A_rel,MAINJACK,2.976e-07,8.001312,2.000,sotto,riferimento rmai_g10t12_dpamax_iii
x1010120_dpamax_iii_i,l29d2_iii_dpamax,1000,0,g10a10_t12a0,100k,B2,MAINJACK,1.043e-06,7.520000,,sotto,mute da t_ins+t_grad+20 ms a t_rel
x1010120_dpamax_iii_i,l29d2_iii_dpamax,1000,0,g10a10_t12a0,100k,A_ins,FIXJACK1,8.913e-06,2.362406,2.000,sotto,riferimento rsempre_g10t12_dpamax_iii
x1010120_dpamax_iii_i,l29d2_iii_dpamax,1000,0,g10a10_t12a0,100k,A_rel,FIXJACK1,1.065e-09,8.001156,2.000,sotto,riferimento rmai_g10t12_dpamax_iii
x1010120_dpamax_iii_i,l29d2_iii_dpamax,1000,0,g10a10_t12a0,100k,B2,FIXJACK1,7.364e-06,7.520000,,sotto,mute da t_ins+t_grad+20 ms a t_rel
x1010120_dpamax_iii_i,l29d2_iii_dpamax,1000,0,g10a10_t12a0,100k,A_ins,FIXJACK2,8.913e-06,2.362406,2.000,sotto,riferimento rsempre_g10t12_dpamax_iii
x1010120_dpamax_iii_i,l29d2_iii_dpamax,1000,0,g10a10_t12a0,100k,A_rel,FIXJACK2,1.06e-09,8.001156,2.000,sotto,riferimento rmai_g10t12_dpamax_iii
x1010120_dpamax_iii_i,l29d2_iii_dpamax,1000,0,g10a10_t12a0,100k,B2,FIXJACK2,7.364e-06,7.520000,,sotto,mute da t_ins+t_grad+20 ms a t_rel
x1010120_dpamax_iii_c,l29d2_iii_dpamax,1000,0,g10a10_t12a0,100k,A_ins,MAINJACK,2.976e-07,8.001312,2.000,sotto,riferimento rsempre_g10t0_dpamax_iii
x1010120_dpamax_iii_c,l29d2_iii_dpamax,1000,0,g10a10_t12a0,100k,A_rel,MAINJACK,6.968e-05,11.323125,2.000,sotto,riferimento rmai_g10t0_dpamax_iii
x1010120_dpamax_iii_c,l29d2_iii_dpamax,1000,0,g10a10_t12a0,100k,B2,MAINJACK,1.42e-11,8.029073,,sotto,mute da t_ins+t_grad+20 ms a t_rel
x1010120_dpamax_iii_c,l29d2_iii_dpamax,1000,0,g10a10_t12a0,100k,A_ins,FIXJACK1,1.065e-09,8.001156,2.000,sotto,riferimento rsempre_g10t0_dpamax_iii
x1010120_dpamax_iii_c,l29d2_iii_dpamax,1000,0,g10a10_t12a0,100k,A_rel,FIXJACK1,2.21e-05,11.323187,2.000,sotto,riferimento rmai_g10t0_dpamax_iii
x1010120_dpamax_iii_c,l29d2_iii_dpamax,1000,0,g10a10_t12a0,100k,B2,FIXJACK1,2.604e-13,8.027500,,sotto,mute da t_ins+t_grad+20 ms a t_rel
x1010120_dpamax_iii_c,l29d2_iii_dpamax,1000,0,g10a10_t12a0,100k,A_ins,FIXJACK2,1.065e-09,8.001156,2.000,sotto,riferimento rsempre_g10t0_dpamax_iii
x1010120_dpamax_iii_c,l29d2_iii_dpamax,1000,0,g10a10_t12a0,100k,A_rel,FIXJACK2,2.21e-05,11.323187,2.000,sotto,riferimento rmai_g10t0_dpamax_iii
x1010120_dpamax_iii_c,l29d2_iii_dpamax,1000,0,g10a10_t12a0,100k,B2,FIXJACK2,2.598e-13,8.027740,,sotto,mute da t_ins+t_grad+20 ms a t_rel
xm_dpamax_iii,l29d2_iii_dpamax,1000,0,10,100k,A_ins,MAINJACK,2.803e-05,2.362344,2.000,sotto,riferimento rsempre_g10t0_dpamax_iii
xm_dpamax_iii,l29d2_iii_dpamax,1000,0,10,100k,A_rel,MAINJACK,6.958e-05,9.823125,2.000,sotto,riferimento rmai_g10t0_dpamax_iii
xm_dpamax_iii,l29d2_iii_dpamax,1000,0,10,100k,B2,MAINJACK,4.123e-06,7.520000,,sotto,mute da t_ins+t_grad+20 ms a t_rel
xm_dpamax_iii,l29d2_iii_dpamax,1000,0,10,100k,A_ins,FIXJACK1,8.913e-06,2.362406,2.000,sotto,riferimento rsempre_g10t0_dpamax_iii
xm_dpamax_iii,l29d2_iii_dpamax,1000,0,10,100k,A_rel,FIXJACK1,2.207e-05,9.823187,2.000,sotto,riferimento rmai_g10t0_dpamax_iii
xm_dpamax_iii,l29d2_iii_dpamax,1000,0,10,100k,B2,FIXJACK1,7.364e-06,7.520000,,sotto,mute da t_ins+t_grad+20 ms a t_rel
xm_dpamax_iii,l29d2_iii_dpamax,1000,0,10,100k,A_ins,FIXJACK2,8.913e-06,2.362406,2.000,sotto,riferimento rsempre_g10t0_dpamax_iii
xm_dpamax_iii,l29d2_iii_dpamax,1000,0,10,100k,A_rel,FIXJACK2,2.207e-05,9.823187,2.000,sotto,riferimento rmai_g10t0_dpamax_iii
xm_dpamax_iii,l29d2_iii_dpamax,1000,0,10,100k,B2,FIXJACK2,7.364e-06,7.520000,,sotto,mute da t_ins+t_grad+20 ms a t_rel
x01000_dpminmax_iii_i,l29d2_iii_dpminmax,1000,0,g0a10_t0a0,100k,A_ins,MAINJACK,8.894e-06,2.362344,2.000,sotto,riferimento rsempre_g0t0_dpminmax_iii
x01000_dpminmax_iii_i,l29d2_iii_dpminmax,1000,0,g0a10_t0a0,100k,A_rel,MAINJACK,1.725e-07,8.000312,2.000,sotto,riferimento rmai_g0t0_dpminmax_iii
x01000_dpminmax_iii_i,l29d2_iii_dpminmax,1000,0,g0a10_t0a0,100k,B2,MAINJACK,1.309e-06,7.520000,,sotto,mute da t_ins+t_grad+20 ms a t_rel
x01000_dpminmax_iii_i,l29d2_iii_dpminmax,1000,0,g0a10_t0a0,100k,A_ins,FIXJACK1,8.913e-06,2.362406,2.000,sotto,riferimento rsempre_g0t0_dpminmax_iii
x01000_dpminmax_iii_i,l29d2_iii_dpminmax,1000,0,g0a10_t0a0,100k,A_rel,FIXJACK1,1.12e-11,8.336427,2.000,sotto,riferimento rmai_g0t0_dpminmax_iii
x01000_dpminmax_iii_i,l29d2_iii_dpminmax,1000,0,g0a10_t0a0,100k,B2,FIXJACK1,7.364e-06,7.520000,,sotto,mute da t_ins+t_grad+20 ms a t_rel
x01000_dpminmax_iii_i,l29d2_iii_dpminmax,1000,0,g0a10_t0a0,100k,A_ins,FIXJACK2,8.913e-06,2.362406,2.000,sotto,riferimento rsempre_g0t0_dpminmax_iii
x01000_dpminmax_iii_i,l29d2_iii_dpminmax,1000,0,g0a10_t0a0,100k,A_rel,FIXJACK2,1.434e-11,9.721500,2.000,sotto,riferimento rmai_g0t0_dpminmax_iii
x01000_dpminmax_iii_i,l29d2_iii_dpminmax,1000,0,g0a10_t0a0,100k,B2,FIXJACK2,7.364e-06,7.520000,,sotto,mute da t_ins+t_grad+20 ms a t_rel
x01000_dpminmax_iii_c,l29d2_iii_dpminmax,1000,0,g0a10_t0a0,100k,A_ins,MAINJACK,1.725e-07,8.000312,2.000,sotto,riferimento rsempre_g10t0_dpminmax_iii
x01000_dpminmax_iii_c,l29d2_iii_dpminmax,1000,0,g0a10_t0a0,100k,A_rel,MAINJACK,6.968e-05,11.323125,2.000,sotto,riferimento rmai_g10t0_dpminmax_iii
x01000_dpminmax_iii_c,l29d2_iii_dpminmax,1000,0,g0a10_t0a0,100k,B2,MAINJACK,5.69e-11,8.027021,,sotto,mute da t_ins+t_grad+20 ms a t_rel
x01000_dpminmax_iii_c,l29d2_iii_dpminmax,1000,0,g0a10_t0a0,100k,A_ins,FIXJACK1,1.255e-12,8.000531,2.000,sotto,riferimento rsempre_g10t0_dpminmax_iii
x01000_dpminmax_iii_c,l29d2_iii_dpminmax,1000,0,g0a10_t0a0,100k,A_rel,FIXJACK1,2.21e-05,11.323187,2.000,sotto,riferimento rmai_g10t0_dpminmax_iii
x01000_dpminmax_iii_c,l29d2_iii_dpminmax,1000,0,g0a10_t0a0,100k,B2,FIXJACK1,1.399e-15,8.026521,,sotto,mute da t_ins+t_grad+20 ms a t_rel
x01000_dpminmax_iii_c,l29d2_iii_dpminmax,1000,0,g0a10_t0a0,100k,A_ins,FIXJACK2,1.268e-12,8.000531,2.000,sotto,riferimento rsempre_g10t0_dpminmax_iii
x01000_dpminmax_iii_c,l29d2_iii_dpminmax,1000,0,g0a10_t0a0,100k,A_rel,FIXJACK2,2.21e-05,11.323187,2.000,sotto,riferimento rmai_g10t0_dpminmax_iii
x01000_dpminmax_iii_c,l29d2_iii_dpminmax,1000,0,g0a10_t0a0,100k,B2,FIXJACK2,6.644e-16,8.026521,,sotto,mute da t_ins+t_grad+20 ms a t_rel
x10000_dpminmax_iii_i,l29d2_iii_dpminmax,1000,0,g10a0_t0a0,100k,A_ins,MAINJACK,2.803e-05,2.362344,2.000,sotto,riferimento rsempre_g10t0_dpminmax_iii
x10000_dpminmax_iii_i,l29d2_iii_dpminmax,1000,0,g10a0_t0a0,100k,A_rel,MAINJACK,4.062e-07,8.000312,2.000,sotto,riferimento rmai_g10t0_dpminmax_iii
x10000_dpminmax_iii_i,l29d2_iii_dpminmax,1000,0,g10a0_t0a0,100k,B2,MAINJACK,4.124e-06,7.520000,,sotto,mute da t_ins+t_grad+20 ms a t_rel
x10000_dpminmax_iii_i,l29d2_iii_dpminmax,1000,0,g10a0_t0a0,100k,A_ins,FIXJACK1,8.913e-06,2.362406,2.000,sotto,riferimento rsempre_g10t0_dpminmax_iii
x10000_dpminmax_iii_i,l29d2_iii_dpminmax,1000,0,g10a0_t0a0,100k,A_rel,FIXJACK1,1.166e-11,8.000312,2.000,sotto,riferimento rmai_g10t0_dpminmax_iii
x10000_dpminmax_iii_i,l29d2_iii_dpminmax,1000,0,g10a0_t0a0,100k,B2,FIXJACK1,7.364e-06,7.520000,,sotto,mute da t_ins+t_grad+20 ms a t_rel
x10000_dpminmax_iii_i,l29d2_iii_dpminmax,1000,0,g10a0_t0a0,100k,A_ins,FIXJACK2,8.913e-06,2.362406,2.000,sotto,riferimento rsempre_g10t0_dpminmax_iii
x10000_dpminmax_iii_i,l29d2_iii_dpminmax,1000,0,g10a0_t0a0,100k,A_rel,FIXJACK2,1.39e-11,8.633781,2.000,sotto,riferimento rmai_g10t0_dpminmax_iii
x10000_dpminmax_iii_i,l29d2_iii_dpminmax,1000,0,g10a0_t0a0,100k,B2,FIXJACK2,7.364e-06,7.520000,,sotto,mute da t_ins+t_grad+20 ms a t_rel
x10000_dpminmax_iii_c,l29d2_iii_dpminmax,1000,0,g10a0_t0a0,100k,A_ins,MAINJACK,4.062e-07,8.000312,2.000,sotto,riferimento rsempre_g0t0_dpminmax_iii
x10000_dpminmax_iii_c,l29d2_iii_dpminmax,1000,0,g10a0_t0a0,100k,A_rel,MAINJACK,2.211e-05,11.323125,2.000,sotto,riferimento rmai_g0t0_dpminmax_iii
x10000_dpminmax_iii_c,l29d2_iii_dpminmax,1000,0,g10a0_t0a0,100k,B2,MAINJACK,7.009e-11,8.026646,,sotto,mute da t_ins+t_grad+20 ms a t_rel
x10000_dpminmax_iii_c,l29d2_iii_dpminmax,1000,0,g10a0_t0a0,100k,A_ins,FIXJACK1,7.76e-12,8.000312,2.000,sotto,riferimento rsempre_g0t0_dpminmax_iii
x10000_dpminmax_iii_c,l29d2_iii_dpminmax,1000,0,g10a0_t0a0,100k,A_rel,FIXJACK1,2.21e-05,11.323187,2.000,sotto,riferimento rmai_g0t0_dpminmax_iii
x10000_dpminmax_iii_c,l29d2_iii_dpminmax,1000,0,g10a0_t0a0,100k,B2,FIXJACK1,1.888e-15,8.026531,,sotto,mute da t_ins+t_grad+20 ms a t_rel
x10000_dpminmax_iii_c,l29d2_iii_dpminmax,1000,0,g10a0_t0a0,100k,A_ins,FIXJACK2,7.76e-12,8.000312,2.000,sotto,riferimento rsempre_g0t0_dpminmax_iii
x10000_dpminmax_iii_c,l29d2_iii_dpminmax,1000,0,g10a0_t0a0,100k,A_rel,FIXJACK2,2.21e-05,11.323187,2.000,sotto,riferimento rmai_g0t0_dpminmax_iii
x10000_dpminmax_iii_c,l29d2_iii_dpminmax,1000,0,g10a0_t0a0,100k,B2,FIXJACK2,1.82e-15,8.026531,,sotto,mute da t_ins+t_grad+20 ms a t_rel
x1010012_dpminmax_iii_i,l29d2_iii_dpminmax,1000,0,g10a10_t0a12,100k,A_ins,MAINJACK,2.803e-05,2.362344,2.000,sotto,riferimento rsempre_g10t0_dpminmax_iii
x1010012_dpminmax_iii_i,l29d2_iii_dpminmax,1000,0,g10a10_t0a12,100k,A_rel,MAINJACK,1.328e-07,8.000615,2.000,sotto,riferimento rmai_g10t0_dpminmax_iii
x1010012_dpminmax_iii_i,l29d2_iii_dpminmax,1000,0,g10a10_t0a12,100k,B2,MAINJACK,4.124e-06,7.520000,,sotto,mute da t_ins+t_grad+20 ms a t_rel
x1010012_dpminmax_iii_i,l29d2_iii_dpminmax,1000,0,g10a10_t0a12,100k,A_ins,FIXJACK1,8.913e-06,2.362406,2.000,sotto,riferimento rsempre_g10t0_dpminmax_iii
x1010012_dpminmax_iii_i,l29d2_iii_dpminmax,1000,0,g10a10_t0a12,100k,A_rel,FIXJACK1,7.911e-10,8.000010,2.000,sotto,riferimento rmai_g10t0_dpminmax_iii
x1010012_dpminmax_iii_i,l29d2_iii_dpminmax,1000,0,g10a10_t0a12,100k,B2,FIXJACK1,7.364e-06,7.520000,,sotto,mute da t_ins+t_grad+20 ms a t_rel
x1010012_dpminmax_iii_i,l29d2_iii_dpminmax,1000,0,g10a10_t0a12,100k,A_ins,FIXJACK2,8.913e-06,2.362406,2.000,sotto,riferimento rsempre_g10t0_dpminmax_iii
x1010012_dpminmax_iii_i,l29d2_iii_dpminmax,1000,0,g10a10_t0a12,100k,A_rel,FIXJACK2,7.908e-10,8.000010,2.000,sotto,riferimento rmai_g10t0_dpminmax_iii
x1010012_dpminmax_iii_i,l29d2_iii_dpminmax,1000,0,g10a10_t0a12,100k,B2,FIXJACK2,7.364e-06,7.520000,,sotto,mute da t_ins+t_grad+20 ms a t_rel
x1010012_dpminmax_iii_c,l29d2_iii_dpminmax,1000,0,g10a10_t0a12,100k,A_ins,MAINJACK,1.328e-07,8.000615,2.000,sotto,riferimento rsempre_g10t12_dpminmax_iii
x1010012_dpminmax_iii_c,l29d2_iii_dpminmax,1000,0,g10a10_t0a12,100k,A_rel,MAINJACK,1.763e-05,11.323125,2.000,sotto,riferimento rmai_g10t12_dpminmax_iii
x1010012_dpminmax_iii_c,l29d2_iii_dpminmax,1000,0,g10a10_t0a12,100k,B2,MAINJACK,1.007e-11,8.028385,,sotto,mute da t_ins+t_grad+20 ms a t_rel
x1010012_dpminmax_iii_c,l29d2_iii_dpminmax,1000,0,g10a10_t0a12,100k,A_ins,FIXJACK1,7.93e-10,8.000010,2.000,sotto,riferimento rsempre_g10t12_dpminmax_iii
x1010012_dpminmax_iii_c,l29d2_iii_dpminmax,1000,0,g10a10_t0a12,100k,A_rel,FIXJACK1,2.21e-05,11.323187,2.000,sotto,riferimento rmai_g10t12_dpminmax_iii
x1010012_dpminmax_iii_c,l29d2_iii_dpminmax,1000,0,g10a10_t0a12,100k,B2,FIXJACK1,1.92e-13,8.026385,,sotto,mute da t_ins+t_grad+20 ms a t_rel
x1010012_dpminmax_iii_c,l29d2_iii_dpminmax,1000,0,g10a10_t0a12,100k,A_ins,FIXJACK2,7.93e-10,8.000010,2.000,sotto,riferimento rsempre_g10t12_dpminmax_iii
x1010012_dpminmax_iii_c,l29d2_iii_dpminmax,1000,0,g10a10_t0a12,100k,A_rel,FIXJACK2,2.21e-05,11.323187,2.000,sotto,riferimento rmai_g10t12_dpminmax_iii
x1010012_dpminmax_iii_c,l29d2_iii_dpminmax,1000,0,g10a10_t0a12,100k,B2,FIXJACK2,1.915e-13,8.026385,,sotto,mute da t_ins+t_grad+20 ms a t_rel
x1010120_dpminmax_iii_i,l29d2_iii_dpminmax,1000,0,g10a10_t12a0,100k,A_ins,MAINJACK,7.09e-06,2.362344,2.000,sotto,riferimento rsempre_g10t12_dpminmax_iii
x1010120_dpminmax_iii_i,l29d2_iii_dpminmax,1000,0,g10a10_t12a0,100k,A_rel,MAINJACK,5.963e-07,8.001531,2.000,sotto,riferimento rmai_g10t12_dpminmax_iii
x1010120_dpminmax_iii_i,l29d2_iii_dpminmax,1000,0,g10a10_t12a0,100k,B2,MAINJACK,1.043e-06,7.520000,,sotto,mute da t_ins+t_grad+20 ms a t_rel
x1010120_dpminmax_iii_i,l29d2_iii_dpminmax,1000,0,g10a10_t12a0,100k,A_ins,FIXJACK1,8.913e-06,2.362406,2.000,sotto,riferimento rsempre_g10t12_dpminmax_iii
x1010120_dpminmax_iii_i,l29d2_iii_dpminmax,1000,0,g10a10_t12a0,100k,A_rel,FIXJACK1,3.23e-08,8.001302,2.000,sotto,riferimento rmai_g10t12_dpminmax_iii
x1010120_dpminmax_iii_i,l29d2_iii_dpminmax,1000,0,g10a10_t12a0,100k,B2,FIXJACK1,7.364e-06,7.520000,,sotto,mute da t_ins+t_grad+20 ms a t_rel
x1010120_dpminmax_iii_i,l29d2_iii_dpminmax,1000,0,g10a10_t12a0,100k,A_ins,FIXJACK2,8.913e-06,2.362406,2.000,sotto,riferimento rsempre_g10t12_dpminmax_iii
x1010120_dpminmax_iii_i,l29d2_iii_dpminmax,1000,0,g10a10_t12a0,100k,A_rel,FIXJACK2,3.23e-08,8.001302,2.000,sotto,riferimento rmai_g10t12_dpminmax_iii
x1010120_dpminmax_iii_i,l29d2_iii_dpminmax,1000,0,g10a10_t12a0,100k,B2,FIXJACK2,7.364e-06,7.520000,,sotto,mute da t_ins+t_grad+20 ms a t_rel
x1010120_dpminmax_iii_c,l29d2_iii_dpminmax,1000,0,g10a10_t12a0,100k,A_ins,MAINJACK,5.963e-07,8.001531,2.000,sotto,riferimento rsempre_g10t0_dpminmax_iii
x1010120_dpminmax_iii_c,l29d2_iii_dpminmax,1000,0,g10a10_t12a0,100k,A_rel,MAINJACK,6.968e-05,11.323125,2.000,sotto,riferimento rmai_g10t0_dpminmax_iii
x1010120_dpminmax_iii_c,l29d2_iii_dpminmax,1000,0,g10a10_t12a0,100k,B2,MAINJACK,1.308e-10,8.028073,,sotto,mute da t_ins+t_grad+20 ms a t_rel
x1010120_dpminmax_iii_c,l29d2_iii_dpminmax,1000,0,g10a10_t12a0,100k,A_ins,FIXJACK1,3.23e-08,8.001302,2.000,sotto,riferimento rsempre_g10t0_dpminmax_iii
x1010120_dpminmax_iii_c,l29d2_iii_dpminmax,1000,0,g10a10_t12a0,100k,A_rel,FIXJACK1,2.21e-05,11.323187,2.000,sotto,riferimento rmai_g10t0_dpminmax_iii
x1010120_dpminmax_iii_c,l29d2_iii_dpminmax,1000,0,g10a10_t12a0,100k,B2,FIXJACK1,7.193e-12,8.027958,,sotto,mute da t_ins+t_grad+20 ms a t_rel
x1010120_dpminmax_iii_c,l29d2_iii_dpminmax,1000,0,g10a10_t12a0,100k,A_ins,FIXJACK2,3.23e-08,8.001302,2.000,sotto,riferimento rsempre_g10t0_dpminmax_iii
x1010120_dpminmax_iii_c,l29d2_iii_dpminmax,1000,0,g10a10_t12a0,100k,A_rel,FIXJACK2,2.21e-05,11.323187,2.000,sotto,riferimento rmai_g10t0_dpminmax_iii
x1010120_dpminmax_iii_c,l29d2_iii_dpminmax,1000,0,g10a10_t12a0,100k,B2,FIXJACK2,7.194e-12,8.027958,,sotto,mute da t_ins+t_grad+20 ms a t_rel
xm_dpminmax_iii,l29d2_iii_dpminmax,1000,0,10,100k,A_ins,MAINJACK,2.803e-05,2.362344,2.000,sotto,riferimento rsempre_g10t0_dpminmax_iii
xm_dpminmax_iii,l29d2_iii_dpminmax,1000,0,10,100k,A_rel,MAINJACK,6.958e-05,9.823125,2.000,sotto,riferimento rmai_g10t0_dpminmax_iii
xm_dpminmax_iii,l29d2_iii_dpminmax,1000,0,10,100k,B2,MAINJACK,4.124e-06,7.520000,,sotto,mute da t_ins+t_grad+20 ms a t_rel
xm_dpminmax_iii,l29d2_iii_dpminmax,1000,0,10,100k,A_ins,FIXJACK1,8.913e-06,2.362406,2.000,sotto,riferimento rsempre_g10t0_dpminmax_iii
xm_dpminmax_iii,l29d2_iii_dpminmax,1000,0,10,100k,A_rel,FIXJACK1,2.207e-05,9.823187,2.000,sotto,riferimento rmai_g10t0_dpminmax_iii
xm_dpminmax_iii,l29d2_iii_dpminmax,1000,0,10,100k,B2,FIXJACK1,7.364e-06,7.520000,,sotto,mute da t_ins+t_grad+20 ms a t_rel
xm_dpminmax_iii,l29d2_iii_dpminmax,1000,0,10,100k,A_ins,FIXJACK2,8.913e-06,2.362406,2.000,sotto,riferimento rsempre_g10t0_dpminmax_iii
xm_dpminmax_iii,l29d2_iii_dpminmax,1000,0,10,100k,A_rel,FIXJACK2,2.207e-05,9.823187,2.000,sotto,riferimento rmai_g10t0_dpminmax_iii
xm_dpminmax_iii,l29d2_iii_dpminmax,1000,0,10,100k,B2,FIXJACK2,7.364e-06,7.520000,,sotto,mute da t_ins+t_grad+20 ms a t_rel
x01000_dpmaxmax_iii_i,l29d2_iii_dpmaxmax,1000,0,g0a10_t0a0,100k,A_ins,MAINJACK,8.895e-06,2.362344,2.000,sotto,riferimento rsempre_g0t0_dpmaxmax_iii
x01000_dpmaxmax_iii_i,l29d2_iii_dpmaxmax,1000,0,g0a10_t0a0,100k,A_rel,MAINJACK,4.911e-07,8.000156,2.000,sotto,riferimento rmai_g0t0_dpmaxmax_iii
x01000_dpmaxmax_iii_i,l29d2_iii_dpmaxmax,1000,0,g0a10_t0a0,100k,B2,MAINJACK,1.309e-06,7.520000,,sotto,mute da t_ins+t_grad+20 ms a t_rel
x01000_dpmaxmax_iii_i,l29d2_iii_dpmaxmax,1000,0,g0a10_t0a0,100k,A_ins,FIXJACK1,8.914e-06,2.362406,2.000,sotto,riferimento rsempre_g0t0_dpmaxmax_iii
x01000_dpmaxmax_iii_i,l29d2_iii_dpmaxmax,1000,0,g0a10_t0a0,100k,A_rel,FIXJACK1,3.132e-11,8.000312,2.000,sotto,riferimento rmai_g0t0_dpmaxmax_iii
x01000_dpmaxmax_iii_i,l29d2_iii_dpmaxmax,1000,0,g0a10_t0a0,100k,B2,FIXJACK1,7.365e-06,7.520000,,sotto,mute da t_ins+t_grad+20 ms a t_rel
x01000_dpmaxmax_iii_i,l29d2_iii_dpmaxmax,1000,0,g0a10_t0a0,100k,A_ins,FIXJACK2,8.914e-06,2.362406,2.000,sotto,riferimento rsempre_g0t0_dpmaxmax_iii
x01000_dpmaxmax_iii_i,l29d2_iii_dpmaxmax,1000,0,g0a10_t0a0,100k,A_rel,FIXJACK2,3.428e-11,8.000312,2.000,sotto,riferimento rmai_g0t0_dpmaxmax_iii
x01000_dpmaxmax_iii_i,l29d2_iii_dpmaxmax,1000,0,g0a10_t0a0,100k,B2,FIXJACK2,7.365e-06,7.520000,,sotto,mute da t_ins+t_grad+20 ms a t_rel
x01000_dpmaxmax_iii_c,l29d2_iii_dpmaxmax,1000,0,g0a10_t0a0,100k,A_ins,MAINJACK,4.911e-07,8.000156,2.000,sotto,riferimento rsempre_g10t0_dpmaxmax_iii
x01000_dpmaxmax_iii_c,l29d2_iii_dpmaxmax,1000,0,g0a10_t0a0,100k,A_rel,MAINJACK,6.969e-05,11.323125,2.000,sotto,riferimento rmai_g10t0_dpmaxmax_iii
x01000_dpmaxmax_iii_c,l29d2_iii_dpmaxmax,1000,0,g0a10_t0a0,100k,B2,MAINJACK,2.869e-10,8.026948,,sotto,mute da t_ins+t_grad+20 ms a t_rel
x01000_dpmaxmax_iii_c,l29d2_iii_dpmaxmax,1000,0,g0a10_t0a0,100k,A_ins,FIXJACK1,3.011e-11,8.000312,2.000,sotto,riferimento rsempre_g10t0_dpmaxmax_iii
x01000_dpmaxmax_iii_c,l29d2_iii_dpmaxmax,1000,0,g0a10_t0a0,100k,A_rel,FIXJACK1,2.21e-05,11.323187,2.000,sotto,riferimento rmai_g10t0_dpmaxmax_iii
x01000_dpmaxmax_iii_c,l29d2_iii_dpmaxmax,1000,0,g0a10_t0a0,100k,B2,FIXJACK1,1.378e-14,8.026948,,sotto,mute da t_ins+t_grad+20 ms a t_rel
x01000_dpmaxmax_iii_c,l29d2_iii_dpmaxmax,1000,0,g0a10_t0a0,100k,A_ins,FIXJACK2,3.012e-11,8.000312,2.000,sotto,riferimento rsempre_g10t0_dpmaxmax_iii
x01000_dpmaxmax_iii_c,l29d2_iii_dpmaxmax,1000,0,g0a10_t0a0,100k,A_rel,FIXJACK2,2.21e-05,11.323187,2.000,sotto,riferimento rmai_g10t0_dpmaxmax_iii
x01000_dpmaxmax_iii_c,l29d2_iii_dpmaxmax,1000,0,g0a10_t0a0,100k,B2,FIXJACK2,1.319e-14,8.026448,,sotto,mute da t_ins+t_grad+20 ms a t_rel
x10000_dpmaxmax_iii_i,l29d2_iii_dpmaxmax,1000,0,g10a0_t0a0,100k,A_ins,MAINJACK,2.803e-05,2.362344,2.000,sotto,riferimento rsempre_g10t0_dpmaxmax_iii
x10000_dpmaxmax_iii_i,l29d2_iii_dpmaxmax,1000,0,g10a0_t0a0,100k,A_rel,MAINJACK,4.247e-07,8.000312,2.000,sotto,riferimento rmai_g10t0_dpmaxmax_iii
x10000_dpmaxmax_iii_i,l29d2_iii_dpmaxmax,1000,0,g10a0_t0a0,100k,B2,MAINJACK,4.124e-06,7.520000,,sotto,mute da t_ins+t_grad+20 ms a t_rel
x10000_dpmaxmax_iii_i,l29d2_iii_dpmaxmax,1000,0,g10a0_t0a0,100k,A_ins,FIXJACK1,8.914e-06,2.362406,2.000,sotto,riferimento rsempre_g10t0_dpmaxmax_iii
x10000_dpmaxmax_iii_i,l29d2_iii_dpmaxmax,1000,0,g10a0_t0a0,100k,A_rel,FIXJACK1,2.234e-11,8.000312,2.000,sotto,riferimento rmai_g10t0_dpmaxmax_iii
x10000_dpmaxmax_iii_i,l29d2_iii_dpmaxmax,1000,0,g10a0_t0a0,100k,B2,FIXJACK1,7.365e-06,7.520000,,sotto,mute da t_ins+t_grad+20 ms a t_rel
x10000_dpmaxmax_iii_i,l29d2_iii_dpmaxmax,1000,0,g10a0_t0a0,100k,A_ins,FIXJACK2,8.914e-06,2.362406,2.000,sotto,riferimento rsempre_g10t0_dpmaxmax_iii
x10000_dpmaxmax_iii_i,l29d2_iii_dpmaxmax,1000,0,g10a0_t0a0,100k,A_rel,FIXJACK2,2.096e-11,8.000312,2.000,sotto,riferimento rmai_g10t0_dpmaxmax_iii
x10000_dpmaxmax_iii_i,l29d2_iii_dpmaxmax,1000,0,g10a0_t0a0,100k,B2,FIXJACK2,7.365e-06,7.520000,,sotto,mute da t_ins+t_grad+20 ms a t_rel
x10000_dpmaxmax_iii_c,l29d2_iii_dpmaxmax,1000,0,g10a0_t0a0,100k,A_ins,MAINJACK,4.247e-07,8.000312,2.000,sotto,riferimento rsempre_g0t0_dpmaxmax_iii
x10000_dpmaxmax_iii_c,l29d2_iii_dpmaxmax,1000,0,g10a0_t0a0,100k,A_rel,MAINJACK,2.211e-05,11.323125,2.000,sotto,riferimento rmai_g0t0_dpmaxmax_iii
x10000_dpmaxmax_iii_c,l29d2_iii_dpmaxmax,1000,0,g10a0_t0a0,100k,B2,MAINJACK,8.251e-11,8.026646,,sotto,mute da t_ins+t_grad+20 ms a t_rel
x10000_dpmaxmax_iii_c,l29d2_iii_dpmaxmax,1000,0,g10a0_t0a0,100k,A_ins,FIXJACK1,2.134e-11,8.000312,2.000,sotto,riferimento rsempre_g0t0_dpmaxmax_iii
x10000_dpmaxmax_iii_c,l29d2_iii_dpmaxmax,1000,0,g10a0_t0a0,100k,A_rel,FIXJACK1,2.21e-05,11.323187,2.000,sotto,riferimento rmai_g0t0_dpmaxmax_iii
x10000_dpmaxmax_iii_c,l29d2_iii_dpmaxmax,1000,0,g10a0_t0a0,100k,B2,FIXJACK1,1.887e-15,8.026427,,sotto,mute da t_ins+t_grad+20 ms a t_rel
x10000_dpmaxmax_iii_c,l29d2_iii_dpmaxmax,1000,0,g10a0_t0a0,100k,A_ins,FIXJACK2,2.134e-11,8.000312,2.000,sotto,riferimento rsempre_g0t0_dpmaxmax_iii
x10000_dpmaxmax_iii_c,l29d2_iii_dpmaxmax,1000,0,g10a0_t0a0,100k,A_rel,FIXJACK2,2.21e-05,11.323187,2.000,sotto,riferimento rmai_g0t0_dpmaxmax_iii
x10000_dpmaxmax_iii_c,l29d2_iii_dpmaxmax,1000,0,g10a0_t0a0,100k,B2,FIXJACK2,1.756e-15,8.027177,,sotto,mute da t_ins+t_grad+20 ms a t_rel
x1010012_dpmaxmax_iii_i,l29d2_iii_dpmaxmax,1000,0,g10a10_t0a12,100k,A_ins,MAINJACK,2.803e-05,2.362344,2.000,sotto,riferimento rsempre_g10t0_dpmaxmax_iii
x1010012_dpmaxmax_iii_i,l29d2_iii_dpmaxmax,1000,0,g10a10_t0a12,100k,A_rel,MAINJACK,1.321e-07,8.000615,2.000,sotto,riferimento rmai_g10t0_dpmaxmax_iii
x1010012_dpmaxmax_iii_i,l29d2_iii_dpmaxmax,1000,0,g10a10_t0a12,100k,B2,MAINJACK,4.124e-06,7.520000,,sotto,mute da t_ins+t_grad+20 ms a t_rel
x1010012_dpmaxmax_iii_i,l29d2_iii_dpmaxmax,1000,0,g10a10_t0a12,100k,A_ins,FIXJACK1,8.914e-06,2.362406,2.000,sotto,riferimento rsempre_g10t0_dpmaxmax_iii
x1010012_dpmaxmax_iii_i,l29d2_iii_dpmaxmax,1000,0,g10a10_t0a12,100k,A_rel,FIXJACK1,8.416e-11,8.001531,2.000,sotto,riferimento rmai_g10t0_dpmaxmax_iii
x1010012_dpmaxmax_iii_i,l29d2_iii_dpmaxmax,1000,0,g10a10_t0a12,100k,B2,FIXJACK1,7.365e-06,7.520000,,sotto,mute da t_ins+t_grad+20 ms a t_rel
x1010012_dpmaxmax_iii_i,l29d2_iii_dpmaxmax,1000,0,g10a10_t0a12,100k,A_ins,FIXJACK2,8.914e-06,2.362406,2.000,sotto,riferimento rsempre_g10t0_dpmaxmax_iii
x1010012_dpmaxmax_iii_i,l29d2_iii_dpmaxmax,1000,0,g10a10_t0a12,100k,A_rel,FIXJACK2,7.821e-11,8.001531,2.000,sotto,riferimento rmai_g10t0_dpmaxmax_iii
x1010012_dpmaxmax_iii_i,l29d2_iii_dpmaxmax,1000,0,g10a10_t0a12,100k,B2,FIXJACK2,7.365e-06,7.520000,,sotto,mute da t_ins+t_grad+20 ms a t_rel
x1010012_dpmaxmax_iii_c,l29d2_iii_dpmaxmax,1000,0,g10a10_t0a12,100k,A_ins,MAINJACK,1.321e-07,8.000615,2.000,sotto,riferimento rsempre_g10t12_dpmaxmax_iii
x1010012_dpmaxmax_iii_c,l29d2_iii_dpmaxmax,1000,0,g10a10_t0a12,100k,A_rel,MAINJACK,1.763e-05,11.323125,2.000,sotto,riferimento rmai_g10t12_dpmaxmax_iii
x1010012_dpmaxmax_iii_c,l29d2_iii_dpmaxmax,1000,0,g10a10_t0a12,100k,B2,MAINJACK,2.231e-11,8.028063,,sotto,mute da t_ins+t_grad+20 ms a t_rel
x1010012_dpmaxmax_iii_c,l29d2_iii_dpmaxmax,1000,0,g10a10_t0a12,100k,A_ins,FIXJACK1,8.711e-11,8.001531,2.000,sotto,riferimento rsempre_g10t12_dpmaxmax_iii
x1010012_dpmaxmax_iii_c,l29d2_iii_dpmaxmax,1000,0,g10a10_t0a12,100k,A_rel,FIXJACK1,2.21e-05,11.323187,2.000,sotto,riferimento rmai_g10t12_dpmaxmax_iii
x1010012_dpmaxmax_iii_c,l29d2_iii_dpmaxmax,1000,0,g10a10_t0a12,100k,B2,FIXJACK1,2.225e-14,8.028063,,sotto,mute da t_ins+t_grad+20 ms a t_rel
x1010012_dpmaxmax_iii_c,l29d2_iii_dpmaxmax,1000,0,g10a10_t0a12,100k,A_ins,FIXJACK2,8.71e-11,8.001531,2.000,sotto,riferimento rsempre_g10t12_dpmaxmax_iii
x1010012_dpmaxmax_iii_c,l29d2_iii_dpmaxmax,1000,0,g10a10_t0a12,100k,A_rel,FIXJACK2,2.21e-05,11.323187,2.000,sotto,riferimento rmai_g10t12_dpmaxmax_iii
x1010012_dpmaxmax_iii_c,l29d2_iii_dpmaxmax,1000,0,g10a10_t0a12,100k,B2,FIXJACK2,2.197e-14,8.028063,,sotto,mute da t_ins+t_grad+20 ms a t_rel
x1010120_dpmaxmax_iii_i,l29d2_iii_dpmaxmax,1000,0,g10a10_t12a0,100k,A_ins,MAINJACK,7.09e-06,2.362344,2.000,sotto,riferimento rsempre_g10t12_dpmaxmax_iii
x1010120_dpmaxmax_iii_i,l29d2_iii_dpmaxmax,1000,0,g10a10_t12a0,100k,A_rel,MAINJACK,2.235e-07,8.001312,2.000,sotto,riferimento rmai_g10t12_dpmaxmax_iii
x1010120_dpmaxmax_iii_i,l29d2_iii_dpmaxmax,1000,0,g10a10_t12a0,100k,B2,MAINJACK,1.043e-06,7.520000,,sotto,mute da t_ins+t_grad+20 ms a t_rel
x1010120_dpmaxmax_iii_i,l29d2_iii_dpmaxmax,1000,0,g10a10_t12a0,100k,A_ins,FIXJACK1,8.914e-06,2.362406,2.000,sotto,riferimento rsempre_g10t12_dpmaxmax_iii
x1010120_dpmaxmax_iii_i,l29d2_iii_dpmaxmax,1000,0,g10a10_t12a0,100k,A_rel,FIXJACK1,1.852e-10,8.001312,2.000,sotto,riferimento rmai_g10t12_dpmaxmax_iii
x1010120_dpmaxmax_iii_i,l29d2_iii_dpmaxmax,1000,0,g10a10_t12a0,100k,B2,FIXJACK1,7.365e-06,7.520000,,sotto,mute da t_ins+t_grad+20 ms a t_rel
x1010120_dpmaxmax_iii_i,l29d2_iii_dpmaxmax,1000,0,g10a10_t12a0,100k,A_ins,FIXJACK2,8.914e-06,2.362406,2.000,sotto,riferimento rsempre_g10t12_dpmaxmax_iii
x1010120_dpmaxmax_iii_i,l29d2_iii_dpmaxmax,1000,0,g10a10_t12a0,100k,A_rel,FIXJACK2,1.809e-10,8.001312,2.000,sotto,riferimento rmai_g10t12_dpmaxmax_iii
x1010120_dpmaxmax_iii_i,l29d2_iii_dpmaxmax,1000,0,g10a10_t12a0,100k,B2,FIXJACK2,7.365e-06,7.520000,,sotto,mute da t_ins+t_grad+20 ms a t_rel
x1010120_dpmaxmax_iii_c,l29d2_iii_dpmaxmax,1000,0,g10a10_t12a0,100k,A_ins,MAINJACK,2.235e-07,8.001312,2.000,sotto,riferimento rsempre_g10t0_dpmaxmax_iii
x1010120_dpmaxmax_iii_c,l29d2_iii_dpmaxmax,1000,0,g10a10_t12a0,100k,A_rel,MAINJACK,6.969e-05,11.323125,2.000,sotto,riferimento rmai_g10t0_dpmaxmax_iii
x1010120_dpmaxmax_iii_c,l29d2_iii_dpmaxmax,1000,0,g10a10_t12a0,100k,B2,MAINJACK,1.346e-11,8.028344,,sotto,mute da t_ins+t_grad+20 ms a t_rel
x1010120_dpmaxmax_iii_c,l29d2_iii_dpmaxmax,1000,0,g10a10_t12a0,100k,A_ins,FIXJACK1,1.821e-10,8.001312,2.000,sotto,riferimento rsempre_g10t0_dpmaxmax_iii
x1010120_dpmaxmax_iii_c,l29d2_iii_dpmaxmax,1000,0,g10a10_t12a0,100k,A_rel,FIXJACK1,2.21e-05,11.323187,2.000,sotto,riferimento rmai_g10t0_dpmaxmax_iii
x1010120_dpmaxmax_iii_c,l29d2_iii_dpmaxmax,1000,0,g10a10_t12a0,100k,B2,FIXJACK1,6.368e-14,8.027417,,sotto,mute da t_ins+t_grad+20 ms a t_rel
x1010120_dpmaxmax_iii_c,l29d2_iii_dpmaxmax,1000,0,g10a10_t12a0,100k,A_ins,FIXJACK2,1.821e-10,8.001312,2.000,sotto,riferimento rsempre_g10t0_dpmaxmax_iii
x1010120_dpmaxmax_iii_c,l29d2_iii_dpmaxmax,1000,0,g10a10_t12a0,100k,A_rel,FIXJACK2,2.21e-05,11.323187,2.000,sotto,riferimento rmai_g10t0_dpmaxmax_iii
x1010120_dpmaxmax_iii_c,l29d2_iii_dpmaxmax,1000,0,g10a10_t12a0,100k,B2,FIXJACK2,6.317e-14,8.027667,,sotto,mute da t_ins+t_grad+20 ms a t_rel
xm_dpmaxmax_iii,l29d2_iii_dpmaxmax,1000,0,10,100k,A_ins,MAINJACK,2.803e-05,2.362344,2.000,sotto,riferimento rsempre_g10t0_dpmaxmax_iii
xm_dpmaxmax_iii,l29d2_iii_dpmaxmax,1000,0,10,100k,A_rel,MAINJACK,6.959e-05,9.823125,2.000,sotto,riferimento rmai_g10t0_dpmaxmax_iii
xm_dpmaxmax_iii,l29d2_iii_dpmaxmax,1000,0,10,100k,B2,MAINJACK,4.124e-06,7.520000,,sotto,mute da t_ins+t_grad+20 ms a t_rel
xm_dpmaxmax_iii,l29d2_iii_dpmaxmax,1000,0,10,100k,A_ins,FIXJACK1,8.914e-06,2.362406,2.000,sotto,riferimento rsempre_g10t0_dpmaxmax_iii
xm_dpmaxmax_iii,l29d2_iii_dpmaxmax,1000,0,10,100k,A_rel,FIXJACK1,2.207e-05,9.823187,2.000,sotto,riferimento rmai_g10t0_dpmaxmax_iii
xm_dpmaxmax_iii,l29d2_iii_dpmaxmax,1000,0,10,100k,B2,FIXJACK1,7.365e-06,7.520000,,sotto,mute da t_ins+t_grad+20 ms a t_rel
xm_dpmaxmax_iii,l29d2_iii_dpmaxmax,1000,0,10,100k,A_ins,FIXJACK2,8.914e-06,2.362406,2.000,sotto,riferimento rsempre_g10t0_dpmaxmax_iii
xm_dpmaxmax_iii,l29d2_iii_dpmaxmax,1000,0,10,100k,A_rel,FIXJACK2,2.207e-05,9.823187,2.000,sotto,riferimento rmai_g10t0_dpmaxmax_iii
xm_dpmaxmax_iii,l29d2_iii_dpmaxmax,1000,0,10,100k,B2,FIXJACK2,7.365e-06,7.520000,,sotto,mute da t_ins+t_grad+20 ms a t_rel
mh01_1k_iii,l29d2_iii_h01,1000,3.818,10,100k,A_ins,MAINJACK,12.72,1.000021,2.000,SOPRA,riferimento g10sempre_1k_iii
mh01_1k_iii,l29d2_iii_h01,1000,3.818,10,100k,A_rel,MAINJACK,12.72,7.600021,2.000,SOPRA,riferimento g10mai_1k_iii
mh01_1k_iii,l29d2_iii_h01,1000,3.818,10,100k,B2,MAINJACK,2.054e-07,7.526969,,sotto,mute da t_ins+t_grad+20 ms a t_rel
mh01_1k_iii,l29d2_iii_h01,1000,3.818,10,100k,C1_ins,MAINJACK,0.002218,2.353927,,SOPRA,"diagnostica, cond 1"
mh01_1k_iii,l29d2_iii_h01,1000,3.818,10,100k,C1_rel,MAINJACK,0.001214,11.801354,,SOPRA,"diagnostica, cond 1"
mh01_1k_iii,l29d2_iii_h01,1000,3.818,10,100k,C2_ins,MAINJACK,0.002218,2.353927,,SOPRA,"riferimento g10sempre_1k_iii, cond 1"
mh01_1k_iii,l29d2_iii_h01,1000,3.818,10,100k,C2_rel,MAINJACK,0.0009786,11.778677,,sotto,"riferimento g10mai_1k_iii, cond 1"
mh01_1k_iii,l29d2_iii_h01,1000,3.818,10,100k,S_ins,MAINJACK,7.163,6.040000,,sotto,dB in 100 ms sopra -70 dB; pieno 12.02 V da g10mai_1k_iii
mh01_1k_iii,l29d2_iii_h01,1000,3.818,10,100k,S_rel,MAINJACK,5.445,8.479000,,sotto,dB in 100 ms sopra -70 dB; pieno 12.02 V da g10mai_1k_iii
mh01_1k_iii,l29d2_iii_h01,1000,3.818,10,100k,A_ins,FIXJACK1,4.035,1.000021,2.000,SOPRA,riferimento g10sempre_1k_iii
mh01_1k_iii,l29d2_iii_h01,1000,3.818,10,100k,A_rel,FIXJACK1,4.035,7.600021,2.000,SOPRA,riferimento g10mai_1k_iii
mh01_1k_iii,l29d2_iii_h01,1000,3.818,10,100k,B2,FIXJACK1,6.666e-08,7.526792,,sotto,mute da t_ins+t_grad+20 ms a t_rel
mh01_1k_iii,l29d2_iii_h01,1000,3.818,10,100k,C1_ins,FIXJACK1,0.0006538,2.353927,,sotto,"diagnostica, cond 1"
mh01_1k_iii,l29d2_iii_h01,1000,3.818,10,100k,C1_rel,FIXJACK1,0.0003678,11.768354,,sotto,"diagnostica, cond 1"
mh01_1k_iii,l29d2_iii_h01,1000,3.818,10,100k,C2_ins,FIXJACK1,0.0006538,2.353927,,sotto,"riferimento g10sempre_1k_iii, cond 1"
mh01_1k_iii,l29d2_iii_h01,1000,3.818,10,100k,C2_rel,FIXJACK1,0.0003394,11.779344,,sotto,"riferimento g10mai_1k_iii, cond 1"
mh01_1k_iii,l29d2_iii_h01,1000,3.818,10,100k,S_ins,FIXJACK1,7.163,6.040000,,sotto,dB in 100 ms sopra -70 dB; pieno 3.814 V da g10mai_1k_iii
mh01_1k_iii,l29d2_iii_h01,1000,3.818,10,100k,S_rel,FIXJACK1,5.445,8.479000,,sotto,dB in 100 ms sopra -70 dB; pieno 3.814 V da g10mai_1k_iii
mh01_1k_iii,l29d2_iii_h01,1000,3.818,10,100k,A_ins,FIXJACK2,4.035,1.000021,2.000,SOPRA,riferimento g10sempre_1k_iii
mh01_1k_iii,l29d2_iii_h01,1000,3.818,10,100k,A_rel,FIXJACK2,4.035,7.600021,2.000,SOPRA,riferimento g10mai_1k_iii
mh01_1k_iii,l29d2_iii_h01,1000,3.818,10,100k,B2,FIXJACK2,6.666e-08,7.526792,,sotto,mute da t_ins+t_grad+20 ms a t_rel
mh01_1k_iii,l29d2_iii_h01,1000,3.818,10,100k,C1_ins,FIXJACK2,0.0006538,2.353927,,sotto,"diagnostica, cond 1"
mh01_1k_iii,l29d2_iii_h01,1000,3.818,10,100k,C1_rel,FIXJACK2,0.0003678,11.768354,,sotto,"diagnostica, cond 1"
mh01_1k_iii,l29d2_iii_h01,1000,3.818,10,100k,C2_ins,FIXJACK2,0.0006538,2.353927,,sotto,"riferimento g10sempre_1k_iii, cond 1"
mh01_1k_iii,l29d2_iii_h01,1000,3.818,10,100k,C2_rel,FIXJACK2,0.0003394,11.779344,,sotto,"riferimento g10mai_1k_iii, cond 1"
mh01_1k_iii,l29d2_iii_h01,1000,3.818,10,100k,S_ins,FIXJACK2,7.163,6.040000,,sotto,dB in 100 ms sopra -70 dB; pieno 3.814 V da g10mai_1k_iii
mh01_1k_iii,l29d2_iii_h01,1000,3.818,10,100k,S_rel,FIXJACK2,5.445,8.479000,,sotto,dB in 100 ms sopra -70 dB; pieno 3.814 V da g10mai_1k_iii
mev_1k_iii,l29d2_iii_ev,1000,3.818,10,100k,A_ins,MAINJACK,12.72,1.000021,2.000,SOPRA,riferimento g10sempre_1k_iii
mev_1k_iii,l29d2_iii_ev,1000,3.818,10,100k,A_rel,MAINJACK,12.72,8.500021,2.000,SOPRA,riferimento g10mai_1k_iii
mev_1k_iii,l29d2_iii_ev,1000,3.818,10,100k,B2,MAINJACK,2.054e-07,7.526969,,sotto,mute da t_ins+t_grad+20 ms a t_rel
mev_1k_iii,l29d2_iii_ev,1000,3.818,10,100k,C1_ins,MAINJACK,0.002218,2.353927,,SOPRA,"diagnostica, cond 1"
mev_1k_iii,l29d2_iii_ev,1000,3.818,10,100k,C1_rel,MAINJACK,0.001214,12.701354,,SOPRA,"diagnostica, cond 1"
mev_1k_iii,l29d2_iii_ev,1000,3.818,10,100k,C2_ins,MAINJACK,0.002218,2.353927,,SOPRA,"riferimento g10sempre_1k_iii, cond 1"
mev_1k_iii,l29d2_iii_ev,1000,3.818,10,100k,C2_rel,MAINJACK,0.0009785,12.674677,,sotto,"riferimento g10mai_1k_iii, cond 1"
mev_1k_iii,l29d2_iii_ev,1000,3.818,10,100k,S_ins,MAINJACK,7.163,6.040000,,sotto,dB in 100 ms sopra -70 dB; pieno 12.02 V da g10mai_1k_iii
mev_1k_iii,l29d2_iii_ev,1000,3.818,10,100k,S_rel,MAINJACK,5.32,9.437000,,sotto,dB in 100 ms sopra -70 dB; pieno 12.02 V da g10mai_1k_iii
mev_1k_iii,l29d2_iii_ev,1000,3.818,10,100k,A_ins,FIXJACK1,4.035,1.000021,2.000,SOPRA,riferimento g10sempre_1k_iii
mev_1k_iii,l29d2_iii_ev,1000,3.818,10,100k,A_rel,FIXJACK1,4.035,8.500021,2.000,SOPRA,riferimento g10mai_1k_iii
mev_1k_iii,l29d2_iii_ev,1000,3.818,10,100k,B2,FIXJACK1,6.666e-08,7.526792,,sotto,mute da t_ins+t_grad+20 ms a t_rel
mev_1k_iii,l29d2_iii_ev,1000,3.818,10,100k,C1_ins,FIXJACK1,0.0006538,2.353927,,sotto,"diagnostica, cond 1"
mev_1k_iii,l29d2_iii_ev,1000,3.818,10,100k,C1_rel,FIXJACK1,0.0003678,12.673354,,sotto,"diagnostica, cond 1"
mev_1k_iii,l29d2_iii_ev,1000,3.818,10,100k,C2_ins,FIXJACK1,0.0006538,2.353927,,sotto,"riferimento g10sempre_1k_iii, cond 1"
mev_1k_iii,l29d2_iii_ev,1000,3.818,10,100k,C2_rel,FIXJACK1,0.0003394,12.675344,,sotto,"riferimento g10mai_1k_iii, cond 1"
mev_1k_iii,l29d2_iii_ev,1000,3.818,10,100k,S_ins,FIXJACK1,7.163,6.040000,,sotto,dB in 100 ms sopra -70 dB; pieno 3.814 V da g10mai_1k_iii
mev_1k_iii,l29d2_iii_ev,1000,3.818,10,100k,S_rel,FIXJACK1,5.32,9.437000,,sotto,dB in 100 ms sopra -70 dB; pieno 3.814 V da g10mai_1k_iii
mev_1k_iii,l29d2_iii_ev,1000,3.818,10,100k,A_ins,FIXJACK2,4.035,1.000021,2.000,SOPRA,riferimento g10sempre_1k_iii
mev_1k_iii,l29d2_iii_ev,1000,3.818,10,100k,A_rel,FIXJACK2,4.035,8.500021,2.000,SOPRA,riferimento g10mai_1k_iii
mev_1k_iii,l29d2_iii_ev,1000,3.818,10,100k,B2,FIXJACK2,6.666e-08,7.526792,,sotto,mute da t_ins+t_grad+20 ms a t_rel
mev_1k_iii,l29d2_iii_ev,1000,3.818,10,100k,C1_ins,FIXJACK2,0.0006538,2.353927,,sotto,"diagnostica, cond 1"
mev_1k_iii,l29d2_iii_ev,1000,3.818,10,100k,C1_rel,FIXJACK2,0.0003678,12.673354,,sotto,"diagnostica, cond 1"
mev_1k_iii,l29d2_iii_ev,1000,3.818,10,100k,C2_ins,FIXJACK2,0.0006538,2.353927,,sotto,"riferimento g10sempre_1k_iii, cond 1"
mev_1k_iii,l29d2_iii_ev,1000,3.818,10,100k,C2_rel,FIXJACK2,0.0003394,12.675344,,sotto,"riferimento g10mai_1k_iii, cond 1"
mev_1k_iii,l29d2_iii_ev,1000,3.818,10,100k,S_ins,FIXJACK2,7.163,6.040000,,sotto,dB in 100 ms sopra -70 dB; pieno 3.814 V da g10mai_1k_iii
mev_1k_iii,l29d2_iii_ev,1000,3.818,10,100k,S_rel,FIXJACK2,5.32,9.437000,,sotto,dB in 100 ms sopra -70 dB; pieno 3.814 V da g10mai_1k_iii
rele_1k_iii,rele_contro_norele,1000,3.818,10,100k,A_ins,MAINJACK,0.0001265,7.501458,1.000,SOPRA,riferimento mnorele_1k_iii
rele_1k_iii,rele_contro_norele,1000,3.818,10,100k,A_rel,MAINJACK,5.913e-05,8.500906,2.000,sotto,riferimento mnorele_1k_iii
rele_1k_iii,rele_contro_norele,1000,3.818,10,100k,B2,MAINJACK,2.054e-07,7.526969,,sotto,mute da t_ins+t_grad+20 ms a t_rel
rele_1k_iii,rele_contro_norele,1000,3.818,10,100k,C1_ins,MAINJACK,7.231e-05,7.500031,,sotto,"diagnostica, cond 1"
rele_1k_iii,rele_contro_norele,1000,3.818,10,100k,C1_rel,MAINJACK,3.982e-05,8.501031,,sotto,"diagnostica, cond 1"
rele_1k_iii,rele_contro_norele,1000,3.818,10,100k,C2_ins,MAINJACK,7.231e-05,7.500031,,sotto,"riferimento mnorele_1k_iii, cond 1"
rele_1k_iii,rele_contro_norele,1000,3.818,10,100k,C2_rel,MAINJACK,3.988e-05,8.501031,,sotto,"riferimento mnorele_1k_iii, cond 1"
rele_1k_iii,rele_contro_norele,1000,3.818,10,100k,S_ins,MAINJACK,0,,,sotto,dB in 100 ms sopra -70 dB; pieno 12.02 V da mnorele_1k_iii
rele_1k_iii,rele_contro_norele,1000,3.818,10,100k,S_rel,MAINJACK,0,,,sotto,dB in 100 ms sopra -70 dB; pieno 12.02 V da mnorele_1k_iii
rele_1k_iii,rele_contro_norele,1000,3.818,10,100k,A_ins,FIXJACK1,4.016e-05,7.501458,1.000,"sotto, finestra corta: non accetta",riferimento mnorele_1k_iii
rele_1k_iii,rele_contro_norele,1000,3.818,10,100k,A_rel,FIXJACK1,1.877e-05,8.500906,2.000,sotto,riferimento mnorele_1k_iii
rele_1k_iii,rele_contro_norele,1000,3.818,10,100k,B2,FIXJACK1,6.666e-08,7.526792,,sotto,mute da t_ins+t_grad+20 ms a t_rel
rele_1k_iii,rele_contro_norele,1000,3.818,10,100k,C1_ins,FIXJACK1,2.288e-05,7.500031,,sotto,"diagnostica, cond 1"
rele_1k_iii,rele_contro_norele,1000,3.818,10,100k,C1_rel,FIXJACK1,1.253e-05,8.501031,,sotto,"diagnostica, cond 1"
rele_1k_iii,rele_contro_norele,1000,3.818,10,100k,C2_ins,FIXJACK1,2.288e-05,7.500031,,sotto,"riferimento mnorele_1k_iii, cond 1"
rele_1k_iii,rele_contro_norele,1000,3.818,10,100k,C2_rel,FIXJACK1,1.255e-05,8.501031,,sotto,"riferimento mnorele_1k_iii, cond 1"
rele_1k_iii,rele_contro_norele,1000,3.818,10,100k,S_ins,FIXJACK1,0,,,sotto,dB in 100 ms sopra -70 dB; pieno 3.814 V da mnorele_1k_iii
rele_1k_iii,rele_contro_norele,1000,3.818,10,100k,S_rel,FIXJACK1,0,,,sotto,dB in 100 ms sopra -70 dB; pieno 3.814 V da mnorele_1k_iii
rele_1k_iii,rele_contro_norele,1000,3.818,10,100k,A_ins,FIXJACK2,4.016e-05,7.501458,1.000,"sotto, finestra corta: non accetta",riferimento mnorele_1k_iii
rele_1k_iii,rele_contro_norele,1000,3.818,10,100k,A_rel,FIXJACK2,1.877e-05,8.500906,2.000,sotto,riferimento mnorele_1k_iii
rele_1k_iii,rele_contro_norele,1000,3.818,10,100k,B2,FIXJACK2,6.666e-08,7.526792,,sotto,mute da t_ins+t_grad+20 ms a t_rel
rele_1k_iii,rele_contro_norele,1000,3.818,10,100k,C1_ins,FIXJACK2,2.288e-05,7.500031,,sotto,"diagnostica, cond 1"
rele_1k_iii,rele_contro_norele,1000,3.818,10,100k,C1_rel,FIXJACK2,1.253e-05,8.501031,,sotto,"diagnostica, cond 1"
rele_1k_iii,rele_contro_norele,1000,3.818,10,100k,C2_ins,FIXJACK2,2.288e-05,7.500031,,sotto,"riferimento mnorele_1k_iii, cond 1"
rele_1k_iii,rele_contro_norele,1000,3.818,10,100k,C2_rel,FIXJACK2,1.255e-05,8.501031,,sotto,"riferimento mnorele_1k_iii, cond 1"
rele_1k_iii,rele_contro_norele,1000,3.818,10,100k,S_ins,FIXJACK2,0,,,sotto,dB in 100 ms sopra -70 dB; pieno 3.814 V da mnorele_1k_iii
rele_1k_iii,rele_contro_norele,1000,3.818,10,100k,S_rel,FIXJACK2,0,,,sotto,dB in 100 ms sopra -70 dB; pieno 3.814 V da mnorele_1k_iii
mh2_1k_iii,l29d2_iii_h2,1000,3.818,10,100k,A_ins,MAINJACK,12.72,1.000021,2.000,SOPRA,riferimento g10sempre_1k_iii
mh2_1k_iii,l29d2_iii_h2,1000,3.818,10,100k,A_rel,MAINJACK,12.72,9.500021,2.000,SOPRA,riferimento g10mai_1k_iii
mh2_1k_iii,l29d2_iii_h2,1000,3.818,10,100k,B2,MAINJACK,2.054e-07,7.526969,,sotto,mute da t_ins+t_grad+20 ms a t_rel
mh2_1k_iii,l29d2_iii_h2,1000,3.818,10,100k,C1_ins,MAINJACK,0.002218,2.353927,,SOPRA,"diagnostica, cond 1"
mh2_1k_iii,l29d2_iii_h2,1000,3.818,10,100k,C1_rel,MAINJACK,0.001214,13.698354,,SOPRA,"diagnostica, cond 1"
mh2_1k_iii,l29d2_iii_h2,1000,3.818,10,100k,C2_ins,MAINJACK,0.002218,2.353927,,SOPRA,"riferimento g10sempre_1k_iii, cond 1"
mh2_1k_iii,l29d2_iii_h2,1000,3.818,10,100k,C2_rel,MAINJACK,0.0009787,13.666677,,sotto,"riferimento g10mai_1k_iii, cond 1"
mh2_1k_iii,l29d2_iii_h2,1000,3.818,10,100k,S_ins,MAINJACK,7.163,6.040000,,sotto,dB in 100 ms sopra -70 dB; pieno 12.02 V da g10mai_1k_iii
mh2_1k_iii,l29d2_iii_h2,1000,3.818,10,100k,S_rel,MAINJACK,5.35,10.457000,,sotto,dB in 100 ms sopra -70 dB; pieno 12.02 V da g10mai_1k_iii
mh2_1k_iii,l29d2_iii_h2,1000,3.818,10,100k,A_ins,FIXJACK1,4.035,1.000021,2.000,SOPRA,riferimento g10sempre_1k_iii
mh2_1k_iii,l29d2_iii_h2,1000,3.818,10,100k,A_rel,FIXJACK1,4.035,9.500021,2.000,SOPRA,riferimento g10mai_1k_iii
mh2_1k_iii,l29d2_iii_h2,1000,3.818,10,100k,B2,FIXJACK1,6.666e-08,7.526792,,sotto,mute da t_ins+t_grad+20 ms a t_rel
mh2_1k_iii,l29d2_iii_h2,1000,3.818,10,100k,C1_ins,FIXJACK1,0.0006538,2.353927,,sotto,"diagnostica, cond 1"
mh2_1k_iii,l29d2_iii_h2,1000,3.818,10,100k,C1_rel,FIXJACK1,0.0003678,13.671354,,sotto,"diagnostica, cond 1"
mh2_1k_iii,l29d2_iii_h2,1000,3.818,10,100k,C2_ins,FIXJACK1,0.0006538,2.353927,,sotto,"riferimento g10sempre_1k_iii, cond 1"
mh2_1k_iii,l29d2_iii_h2,1000,3.818,10,100k,C2_rel,FIXJACK1,0.0003393,13.678344,,sotto,"riferimento g10mai_1k_iii, cond 1"
mh2_1k_iii,l29d2_iii_h2,1000,3.818,10,100k,S_ins,FIXJACK1,7.163,6.040000,,sotto,dB in 100 ms sopra -70 dB; pieno 3.814 V da g10mai_1k_iii
mh2_1k_iii,l29d2_iii_h2,1000,3.818,10,100k,S_rel,FIXJACK1,5.35,10.457000,,sotto,dB in 100 ms sopra -70 dB; pieno 3.814 V da g10mai_1k_iii
mh2_1k_iii,l29d2_iii_h2,1000,3.818,10,100k,A_ins,FIXJACK2,4.035,1.000021,2.000,SOPRA,riferimento g10sempre_1k_iii
mh2_1k_iii,l29d2_iii_h2,1000,3.818,10,100k,A_rel,FIXJACK2,4.035,9.500021,2.000,SOPRA,riferimento g10mai_1k_iii
mh2_1k_iii,l29d2_iii_h2,1000,3.818,10,100k,B2,FIXJACK2,6.666e-08,7.526792,,sotto,mute da t_ins+t_grad+20 ms a t_rel
mh2_1k_iii,l29d2_iii_h2,1000,3.818,10,100k,C1_ins,FIXJACK2,0.0006538,2.353927,,sotto,"diagnostica, cond 1"
mh2_1k_iii,l29d2_iii_h2,1000,3.818,10,100k,C1_rel,FIXJACK2,0.0003678,13.671354,,sotto,"diagnostica, cond 1"
mh2_1k_iii,l29d2_iii_h2,1000,3.818,10,100k,C2_ins,FIXJACK2,0.0006538,2.353927,,sotto,"riferimento g10sempre_1k_iii, cond 1"
mh2_1k_iii,l29d2_iii_h2,1000,3.818,10,100k,C2_rel,FIXJACK2,0.0003393,13.678344,,sotto,"riferimento g10mai_1k_iii, cond 1"
mh2_1k_iii,l29d2_iii_h2,1000,3.818,10,100k,S_ins,FIXJACK2,7.163,6.040000,,sotto,dB in 100 ms sopra -70 dB; pieno 3.814 V da g10mai_1k_iii
mh2_1k_iii,l29d2_iii_h2,1000,3.818,10,100k,S_rel,FIXJACK2,5.35,10.457000,,sotto,dB in 100 ms sopra -70 dB; pieno 3.814 V da g10mai_1k_iii
mh20_1k_iii,l29d2_iii_h20,1000,3.818,10,100k,A_ins,MAINJACK,12.72,1.000021,2.000,SOPRA,riferimento g10sempre_1k_iii
mh20_1k_iii,l29d2_iii_h20,1000,3.818,10,100k,A_rel,MAINJACK,12.72,27.500021,2.000,SOPRA,riferimento g10mai_1k_iii
mh20_1k_iii,l29d2_iii_h20,1000,3.818,10,100k,B2,MAINJACK,2.054e-07,7.526969,,sotto,mute da t_ins+t_grad+20 ms a t_rel
mh20_1k_iii,l29d2_iii_h20,1000,3.818,10,100k,C1_ins,MAINJACK,0.002218,2.353927,,SOPRA,"diagnostica, cond 1"
mh20_1k_iii,l29d2_iii_h20,1000,3.818,10,100k,C1_rel,MAINJACK,0.001215,31.697354,,SOPRA,"diagnostica, cond 1"
mh20_1k_iii,l29d2_iii_h20,1000,3.818,10,100k,C2_ins,MAINJACK,0.002218,2.353927,,SOPRA,"riferimento g10sempre_1k_iii, cond 1"
mh20_1k_iii,l29d2_iii_h20,1000,3.818,10,100k,C2_rel,MAINJACK,0.000979,31.668677,,sotto,"riferimento g10mai_1k_iii, cond 1"
mh20_1k_iii,l29d2_iii_h20,1000,3.818,10,100k,S_ins,MAINJACK,7.163,6.040000,,sotto,dB in 100 ms sopra -70 dB; pieno 12.02 V da g10mai_1k_iii
mh20_1k_iii,l29d2_iii_h20,1000,3.818,10,100k,S_rel,MAINJACK,5.37,28.460000,,sotto,dB in 100 ms sopra -70 dB; pieno 12.02 V da g10mai_1k_iii
mh20_1k_iii,l29d2_iii_h20,1000,3.818,10,100k,A_ins,FIXJACK1,4.035,1.000021,2.000,SOPRA,riferimento g10sempre_1k_iii
mh20_1k_iii,l29d2_iii_h20,1000,3.818,10,100k,A_rel,FIXJACK1,4.035,27.500021,2.000,SOPRA,riferimento g10mai_1k_iii
mh20_1k_iii,l29d2_iii_h20,1000,3.818,10,100k,B2,FIXJACK1,6.666e-08,7.526792,,sotto,mute da t_ins+t_grad+20 ms a t_rel
mh20_1k_iii,l29d2_iii_h20,1000,3.818,10,100k,C1_ins,FIXJACK1,0.0006538,2.353927,,sotto,"diagnostica, cond 1"
mh20_1k_iii,l29d2_iii_h20,1000,3.818,10,100k,C1_rel,FIXJACK1,0.0003676,31.688354,,sotto,"diagnostica, cond 1"
mh20_1k_iii,l29d2_iii_h20,1000,3.818,10,100k,C2_ins,FIXJACK1,0.0006538,2.353927,,sotto,"riferimento g10sempre_1k_iii, cond 1"
mh20_1k_iii,l29d2_iii_h20,1000,3.818,10,100k,C2_rel,FIXJACK1,0.0003392,31.669344,,sotto,"riferimento g10mai_1k_iii, cond 1"
mh20_1k_iii,l29d2_iii_h20,1000,3.818,10,100k,S_ins,FIXJACK1,7.163,6.040000,,sotto,dB in 100 ms sopra -70 dB; pieno 3.814 V da g10mai_1k_iii
mh20_1k_iii,l29d2_iii_h20,1000,3.818,10,100k,S_rel,FIXJACK1,5.37,28.460000,,sotto,dB in 100 ms sopra -70 dB; pieno 3.814 V da g10mai_1k_iii
mh20_1k_iii,l29d2_iii_h20,1000,3.818,10,100k,A_ins,FIXJACK2,4.035,1.000021,2.000,SOPRA,riferimento g10sempre_1k_iii
mh20_1k_iii,l29d2_iii_h20,1000,3.818,10,100k,A_rel,FIXJACK2,4.035,27.500021,2.000,SOPRA,riferimento g10mai_1k_iii
mh20_1k_iii,l29d2_iii_h20,1000,3.818,10,100k,B2,FIXJACK2,6.666e-08,7.526792,,sotto,mute da t_ins+t_grad+20 ms a t_rel
mh20_1k_iii,l29d2_iii_h20,1000,3.818,10,100k,C1_ins,FIXJACK2,0.0006538,2.353927,,sotto,"diagnostica, cond 1"
mh20_1k_iii,l29d2_iii_h20,1000,3.818,10,100k,C1_rel,FIXJACK2,0.0003676,31.688354,,sotto,"diagnostica, cond 1"
mh20_1k_iii,l29d2_iii_h20,1000,3.818,10,100k,C2_ins,FIXJACK2,0.0006538,2.353927,,sotto,"riferimento g10sempre_1k_iii, cond 1"
mh20_1k_iii,l29d2_iii_h20,1000,3.818,10,100k,C2_rel,FIXJACK2,0.0003392,31.669344,,sotto,"riferimento g10mai_1k_iii, cond 1"
mh20_1k_iii,l29d2_iii_h20,1000,3.818,10,100k,S_ins,FIXJACK2,7.163,6.040000,,sotto,dB in 100 ms sopra -70 dB; pieno 3.814 V da g10mai_1k_iii
mh20_1k_iii,l29d2_iii_h20,1000,3.818,10,100k,S_rel,FIXJACK2,5.37,28.460000,,sotto,dB in 100 ms sopra -70 dB; pieno 3.814 V da g10mai_1k_iii
mh01_20_iii,l29d2_iii_h01,20,3.818,10,100k,A_ins,MAINJACK,12.79,1.000031,2.000,SOPRA,riferimento g10sempre_20_iii
mh01_20_iii,l29d2_iii_h01,20,3.818,10,100k,A_rel,MAINJACK,12.79,7.600031,2.000,SOPRA,riferimento g10mai_20_iii
mh01_20_iii,l29d2_iii_h01,20,3.818,10,100k,B2,MAINJACK,8.715e-06,7.526313,,sotto,mute da t_ins+t_grad+20 ms a t_rel
mh01_20_iii,l29d2_iii_h01,20,3.818,10,100k,C1_ins,MAINJACK,0.008,5.499698,,SOPRA,"diagnostica, cond 7.22"
mh01_20_iii,l29d2_iii_h01,20,3.818,10,100k,C1_rel,MAINJACK,0.006986,11.599771,,SOPRA,"diagnostica, cond 7.22"
mh01_20_iii,l29d2_iii_h01,20,3.818,10,100k,C2_ins,MAINJACK,0.008,5.499698,,SOPRA,"riferimento g10sempre_20_iii, cond 7.22"
mh01_20_iii,l29d2_iii_h01,20,3.818,10,100k,C2_rel,MAINJACK,0.007131,11.624760,,SOPRA,"riferimento g10mai_20_iii, cond 7.22"
mh01_20_iii,l29d2_iii_h01,20,3.818,10,100k,S_ins,MAINJACK,7.158,6.030000,,sotto,dB in 100 ms sopra -70 dB; pieno 12.01 V da g10mai_20_iii
mh01_20_iii,l29d2_iii_h01,20,3.818,10,100k,S_rel,MAINJACK,4.938,8.505000,,sotto,dB in 100 ms sopra -70 dB; pieno 12.01 V da g10mai_20_iii
mh01_20_iii,l29d2_iii_h01,20,3.818,10,100k,A_ins,FIXJACK1,4.063,1.000031,2.000,SOPRA,riferimento g10sempre_20_iii
mh01_20_iii,l29d2_iii_h01,20,3.818,10,100k,A_rel,FIXJACK1,4.063,7.600031,2.000,SOPRA,riferimento g10mai_20_iii
mh01_20_iii,l29d2_iii_h01,20,3.818,10,100k,B2,FIXJACK1,2.738e-06,7.526375,,sotto,mute da t_ins+t_grad+20 ms a t_rel
mh01_20_iii,l29d2_iii_h01,20,3.818,10,100k,C1_ins,FIXJACK1,0.00254,5.499771,,SOPRA,"diagnostica, cond 7.22"
mh01_20_iii,l29d2_iii_h01,20,3.818,10,100k,C1_rel,FIXJACK1,0.002219,11.624823,,SOPRA,"diagnostica, cond 7.22"
mh01_20_iii,l29d2_iii_h01,20,3.818,10,100k,C2_ins,FIXJACK1,0.00254,5.499771,,SOPRA,"riferimento g10sempre_20_iii, cond 7.22"
mh01_20_iii,l29d2_iii_h01,20,3.818,10,100k,C2_rel,FIXJACK1,0.00222,11.599823,,SOPRA,"riferimento g10mai_20_iii, cond 7.22"
mh01_20_iii,l29d2_iii_h01,20,3.818,10,100k,S_ins,FIXJACK1,7.158,6.030000,,sotto,dB in 100 ms sopra -70 dB; pieno 3.813 V da g10mai_20_iii
mh01_20_iii,l29d2_iii_h01,20,3.818,10,100k,S_rel,FIXJACK1,4.937,8.505000,,sotto,dB in 100 ms sopra -70 dB; pieno 3.813 V da g10mai_20_iii
mh01_20_iii,l29d2_iii_h01,20,3.818,10,100k,A_ins,FIXJACK2,4.063,1.000031,2.000,SOPRA,riferimento g10sempre_20_iii
mh01_20_iii,l29d2_iii_h01,20,3.818,10,100k,A_rel,FIXJACK2,4.063,7.600031,2.000,SOPRA,riferimento g10mai_20_iii
mh01_20_iii,l29d2_iii_h01,20,3.818,10,100k,B2,FIXJACK2,2.738e-06,7.526375,,sotto,mute da t_ins+t_grad+20 ms a t_rel
mh01_20_iii,l29d2_iii_h01,20,3.818,10,100k,C1_ins,FIXJACK2,0.00254,5.499771,,SOPRA,"diagnostica, cond 7.22"
mh01_20_iii,l29d2_iii_h01,20,3.818,10,100k,C1_rel,FIXJACK2,0.002219,11.624823,,SOPRA,"diagnostica, cond 7.22"
mh01_20_iii,l29d2_iii_h01,20,3.818,10,100k,C2_ins,FIXJACK2,0.00254,5.499771,,SOPRA,"riferimento g10sempre_20_iii, cond 7.22"
mh01_20_iii,l29d2_iii_h01,20,3.818,10,100k,C2_rel,FIXJACK2,0.00222,11.599823,,SOPRA,"riferimento g10mai_20_iii, cond 7.22"
mh01_20_iii,l29d2_iii_h01,20,3.818,10,100k,S_ins,FIXJACK2,7.158,6.030000,,sotto,dB in 100 ms sopra -70 dB; pieno 3.813 V da g10mai_20_iii
mh01_20_iii,l29d2_iii_h01,20,3.818,10,100k,S_rel,FIXJACK2,4.937,8.505000,,sotto,dB in 100 ms sopra -70 dB; pieno 3.813 V da g10mai_20_iii
mev_20_iii,l29d2_iii_ev,20,3.818,10,100k,A_ins,MAINJACK,12.79,1.000031,2.000,SOPRA,riferimento g10sempre_20_iii
mev_20_iii,l29d2_iii_ev,20,3.818,10,100k,A_rel,MAINJACK,12.79,8.500031,2.000,SOPRA,riferimento g10mai_20_iii
mev_20_iii,l29d2_iii_ev,20,3.818,10,100k,B2,MAINJACK,8.715e-06,7.526313,,sotto,mute da t_ins+t_grad+20 ms a t_rel
mev_20_iii,l29d2_iii_ev,20,3.818,10,100k,C1_ins,MAINJACK,0.008,5.499698,,SOPRA,"diagnostica, cond 7.22"
mev_20_iii,l29d2_iii_ev,20,3.818,10,100k,C1_rel,MAINJACK,0.006986,12.499771,,SOPRA,"diagnostica, cond 7.22"
mev_20_iii,l29d2_iii_ev,20,3.818,10,100k,C2_ins,MAINJACK,0.008,5.499698,,SOPRA,"riferimento g10sempre_20_iii, cond 7.22"
mev_20_iii,l29d2_iii_ev,20,3.818,10,100k,C2_rel,MAINJACK,0.007131,12.524760,,SOPRA,"riferimento g10mai_20_iii, cond 7.22"
mev_20_iii,l29d2_iii_ev,20,3.818,10,100k,S_ins,MAINJACK,7.158,6.030000,,sotto,dB in 100 ms sopra -70 dB; pieno 12.01 V da g10mai_20_iii
mev_20_iii,l29d2_iii_ev,20,3.818,10,100k,S_rel,MAINJACK,4.128,9.555000,,sotto,dB in 100 ms sopra -70 dB; pieno 12.01 V da g10mai_20_iii
mev_20_iii,l29d2_iii_ev,20,3.818,10,100k,A_ins,FIXJACK1,4.063,1.000031,2.000,SOPRA,riferimento g10sempre_20_iii
mev_20_iii,l29d2_iii_ev,20,3.818,10,100k,A_rel,FIXJACK1,4.063,8.500031,2.000,SOPRA,riferimento g10mai_20_iii
mev_20_iii,l29d2_iii_ev,20,3.818,10,100k,B2,FIXJACK1,2.738e-06,7.526375,,sotto,mute da t_ins+t_grad+20 ms a t_rel
mev_20_iii,l29d2_iii_ev,20,3.818,10,100k,C1_ins,FIXJACK1,0.00254,5.499771,,SOPRA,"diagnostica, cond 7.22"
mev_20_iii,l29d2_iii_ev,20,3.818,10,100k,C1_rel,FIXJACK1,0.002219,12.524823,,SOPRA,"diagnostica, cond 7.22"
mev_20_iii,l29d2_iii_ev,20,3.818,10,100k,C2_ins,FIXJACK1,0.00254,5.499771,,SOPRA,"riferimento g10sempre_20_iii, cond 7.22"
mev_20_iii,l29d2_iii_ev,20,3.818,10,100k,C2_rel,FIXJACK1,0.00222,12.499823,,SOPRA,"riferimento g10mai_20_iii, cond 7.22"
mev_20_iii,l29d2_iii_ev,20,3.818,10,100k,S_ins,FIXJACK1,7.158,6.030000,,sotto,dB in 100 ms sopra -70 dB; pieno 3.813 V da g10mai_20_iii
mev_20_iii,l29d2_iii_ev,20,3.818,10,100k,S_rel,FIXJACK1,4.128,9.555000,,sotto,dB in 100 ms sopra -70 dB; pieno 3.813 V da g10mai_20_iii
mev_20_iii,l29d2_iii_ev,20,3.818,10,100k,A_ins,FIXJACK2,4.063,1.000031,2.000,SOPRA,riferimento g10sempre_20_iii
mev_20_iii,l29d2_iii_ev,20,3.818,10,100k,A_rel,FIXJACK2,4.063,8.500031,2.000,SOPRA,riferimento g10mai_20_iii
mev_20_iii,l29d2_iii_ev,20,3.818,10,100k,B2,FIXJACK2,2.738e-06,7.526375,,sotto,mute da t_ins+t_grad+20 ms a t_rel
mev_20_iii,l29d2_iii_ev,20,3.818,10,100k,C1_ins,FIXJACK2,0.00254,5.499771,,SOPRA,"diagnostica, cond 7.22"
mev_20_iii,l29d2_iii_ev,20,3.818,10,100k,C1_rel,FIXJACK2,0.002219,12.524823,,SOPRA,"diagnostica, cond 7.22"
mev_20_iii,l29d2_iii_ev,20,3.818,10,100k,C2_ins,FIXJACK2,0.00254,5.499771,,SOPRA,"riferimento g10sempre_20_iii, cond 7.22"
mev_20_iii,l29d2_iii_ev,20,3.818,10,100k,C2_rel,FIXJACK2,0.00222,12.499823,,SOPRA,"riferimento g10mai_20_iii, cond 7.22"
mev_20_iii,l29d2_iii_ev,20,3.818,10,100k,S_ins,FIXJACK2,7.158,6.030000,,sotto,dB in 100 ms sopra -70 dB; pieno 3.813 V da g10mai_20_iii
mev_20_iii,l29d2_iii_ev,20,3.818,10,100k,S_rel,FIXJACK2,4.128,9.555000,,sotto,dB in 100 ms sopra -70 dB; pieno 3.813 V da g10mai_20_iii
rele_20_iii,rele_contro_norele,20,3.818,10,100k,A_ins,MAINJACK,0.0001283,7.500031,1.000,SOPRA,riferimento mnorele_20_iii
rele_20_iii,rele_contro_norele,20,3.818,10,100k,A_rel,MAINJACK,5.094e-05,8.500031,2.000,sotto,riferimento mnorele_20_iii
rele_20_iii,rele_contro_norele,20,3.818,10,100k,B2,MAINJACK,8.715e-06,7.526313,,sotto,mute da t_ins+t_grad+20 ms a t_rel
rele_20_iii,rele_contro_norele,20,3.818,10,100k,C1_ins,MAINJACK,9.307e-05,7.500031,,sotto,"diagnostica, cond 7.22"
rele_20_iii,rele_contro_norele,20,3.818,10,100k,C1_rel,MAINJACK,2.668e-06,8.501490,,sotto,"diagnostica, cond 7.22"
rele_20_iii,rele_contro_norele,20,3.818,10,100k,C2_ins,MAINJACK,9.299e-05,7.500031,,sotto,"riferimento mnorele_20_iii, cond 7.22"
rele_20_iii,rele_contro_norele,20,3.818,10,100k,C2_rel,MAINJACK,2.731e-06,8.501490,,sotto,"riferimento mnorele_20_iii, cond 7.22"
rele_20_iii,rele_contro_norele,20,3.818,10,100k,S_ins,MAINJACK,0,,,sotto,dB in 100 ms sopra -70 dB; pieno 12.01 V da mnorele_20_iii
rele_20_iii,rele_contro_norele,20,3.818,10,100k,S_rel,MAINJACK,0,,,sotto,dB in 100 ms sopra -70 dB; pieno 12.01 V da mnorele_20_iii
rele_20_iii,rele_contro_norele,20,3.818,10,100k,A_ins,FIXJACK1,4.075e-05,7.500031,1.000,"sotto, finestra corta: non accetta",riferimento mnorele_20_iii
rele_20_iii,rele_contro_norele,20,3.818,10,100k,A_rel,FIXJACK1,1.618e-05,8.500031,2.000,sotto,riferimento mnorele_20_iii
rele_20_iii,rele_contro_norele,20,3.818,10,100k,B2,FIXJACK1,2.738e-06,7.526375,,sotto,mute da t_ins+t_grad+20 ms a t_rel
rele_20_iii,rele_contro_norele,20,3.818,10,100k,C1_ins,FIXJACK1,2.952e-05,7.500031,,sotto,"diagnostica, cond 7.22"
rele_20_iii,rele_contro_norele,20,3.818,10,100k,C1_rel,FIXJACK1,8.486e-07,8.501490,,sotto,"diagnostica, cond 7.22"
rele_20_iii,rele_contro_norele,20,3.818,10,100k,C2_ins,FIXJACK1,2.949e-05,7.500031,,sotto,"riferimento mnorele_20_iii, cond 7.22"
rele_20_iii,rele_contro_norele,20,3.818,10,100k,C2_rel,FIXJACK1,8.686e-07,8.501490,,sotto,"riferimento mnorele_20_iii, cond 7.22"
rele_20_iii,rele_contro_norele,20,3.818,10,100k,S_ins,FIXJACK1,0,,,sotto,dB in 100 ms sopra -70 dB; pieno 3.813 V da mnorele_20_iii
rele_20_iii,rele_contro_norele,20,3.818,10,100k,S_rel,FIXJACK1,0,,,sotto,dB in 100 ms sopra -70 dB; pieno 3.813 V da mnorele_20_iii
rele_20_iii,rele_contro_norele,20,3.818,10,100k,A_ins,FIXJACK2,4.075e-05,7.500031,1.000,"sotto, finestra corta: non accetta",riferimento mnorele_20_iii
rele_20_iii,rele_contro_norele,20,3.818,10,100k,A_rel,FIXJACK2,1.618e-05,8.500031,2.000,sotto,riferimento mnorele_20_iii
rele_20_iii,rele_contro_norele,20,3.818,10,100k,B2,FIXJACK2,2.738e-06,7.526375,,sotto,mute da t_ins+t_grad+20 ms a t_rel
rele_20_iii,rele_contro_norele,20,3.818,10,100k,C1_ins,FIXJACK2,2.952e-05,7.500031,,sotto,"diagnostica, cond 7.22"
rele_20_iii,rele_contro_norele,20,3.818,10,100k,C1_rel,FIXJACK2,8.486e-07,8.501490,,sotto,"diagnostica, cond 7.22"
rele_20_iii,rele_contro_norele,20,3.818,10,100k,C2_ins,FIXJACK2,2.949e-05,7.500031,,sotto,"riferimento mnorele_20_iii, cond 7.22"
rele_20_iii,rele_contro_norele,20,3.818,10,100k,C2_rel,FIXJACK2,8.686e-07,8.501490,,sotto,"riferimento mnorele_20_iii, cond 7.22"
rele_20_iii,rele_contro_norele,20,3.818,10,100k,S_ins,FIXJACK2,0,,,sotto,dB in 100 ms sopra -70 dB; pieno 3.813 V da mnorele_20_iii
rele_20_iii,rele_contro_norele,20,3.818,10,100k,S_rel,FIXJACK2,0,,,sotto,dB in 100 ms sopra -70 dB; pieno 3.813 V da mnorele_20_iii
mh2_20_iii,l29d2_iii_h2,20,3.818,10,100k,A_ins,MAINJACK,12.79,1.000031,2.000,SOPRA,riferimento g10sempre_20_iii
mh2_20_iii,l29d2_iii_h2,20,3.818,10,100k,A_rel,MAINJACK,12.79,9.500031,2.000,SOPRA,riferimento g10mai_20_iii
mh2_20_iii,l29d2_iii_h2,20,3.818,10,100k,B2,MAINJACK,8.715e-06,7.526313,,sotto,mute da t_ins+t_grad+20 ms a t_rel
mh2_20_iii,l29d2_iii_h2,20,3.818,10,100k,C1_ins,MAINJACK,0.008,5.499698,,SOPRA,"diagnostica, cond 7.22"
mh2_20_iii,l29d2_iii_h2,20,3.818,10,100k,C1_rel,MAINJACK,0.006986,13.499771,,SOPRA,"diagnostica, cond 7.22"
mh2_20_iii,l29d2_iii_h2,20,3.818,10,100k,C2_ins,MAINJACK,0.008,5.499698,,SOPRA,"riferimento g10sempre_20_iii, cond 7.22"
mh2_20_iii,l29d2_iii_h2,20,3.818,10,100k,C2_rel,MAINJACK,0.007131,13.524760,,SOPRA,"riferimento g10mai_20_iii, cond 7.22"
mh2_20_iii,l29d2_iii_h2,20,3.818,10,100k,S_ins,MAINJACK,7.158,6.030000,,sotto,dB in 100 ms sopra -70 dB; pieno 12.01 V da g10mai_20_iii
mh2_20_iii,l29d2_iii_h2,20,3.818,10,100k,S_rel,MAINJACK,3.727,11.412000,,sotto,dB in 100 ms sopra -70 dB; pieno 12.01 V da g10mai_20_iii
mh2_20_iii,l29d2_iii_h2,20,3.818,10,100k,A_ins,FIXJACK1,4.063,1.000031,2.000,SOPRA,riferimento g10sempre_20_iii
mh2_20_iii,l29d2_iii_h2,20,3.818,10,100k,A_rel,FIXJACK1,4.063,9.500031,2.000,SOPRA,riferimento g10mai_20_iii
mh2_20_iii,l29d2_iii_h2,20,3.818,10,100k,B2,FIXJACK1,2.738e-06,7.526375,,sotto,mute da t_ins+t_grad+20 ms a t_rel
mh2_20_iii,l29d2_iii_h2,20,3.818,10,100k,C1_ins,FIXJACK1,0.00254,5.499771,,SOPRA,"diagnostica, cond 7.22"
mh2_20_iii,l29d2_iii_h2,20,3.818,10,100k,C1_rel,FIXJACK1,0.002219,13.524823,,SOPRA,"diagnostica, cond 7.22"
mh2_20_iii,l29d2_iii_h2,20,3.818,10,100k,C2_ins,FIXJACK1,0.00254,5.499771,,SOPRA,"riferimento g10sempre_20_iii, cond 7.22"
mh2_20_iii,l29d2_iii_h2,20,3.818,10,100k,C2_rel,FIXJACK1,0.00222,13.499823,,SOPRA,"riferimento g10mai_20_iii, cond 7.22"
mh2_20_iii,l29d2_iii_h2,20,3.818,10,100k,S_ins,FIXJACK1,7.158,6.030000,,sotto,dB in 100 ms sopra -70 dB; pieno 3.813 V da g10mai_20_iii
mh2_20_iii,l29d2_iii_h2,20,3.818,10,100k,S_rel,FIXJACK1,3.726,11.412000,,sotto,dB in 100 ms sopra -70 dB; pieno 3.813 V da g10mai_20_iii
mh2_20_iii,l29d2_iii_h2,20,3.818,10,100k,A_ins,FIXJACK2,4.063,1.000031,2.000,SOPRA,riferimento g10sempre_20_iii
mh2_20_iii,l29d2_iii_h2,20,3.818,10,100k,A_rel,FIXJACK2,4.063,9.500031,2.000,SOPRA,riferimento g10mai_20_iii
mh2_20_iii,l29d2_iii_h2,20,3.818,10,100k,B2,FIXJACK2,2.738e-06,7.526375,,sotto,mute da t_ins+t_grad+20 ms a t_rel
mh2_20_iii,l29d2_iii_h2,20,3.818,10,100k,C1_ins,FIXJACK2,0.00254,5.499771,,SOPRA,"diagnostica, cond 7.22"
mh2_20_iii,l29d2_iii_h2,20,3.818,10,100k,C1_rel,FIXJACK2,0.002219,13.524823,,SOPRA,"diagnostica, cond 7.22"
mh2_20_iii,l29d2_iii_h2,20,3.818,10,100k,C2_ins,FIXJACK2,0.00254,5.499771,,SOPRA,"riferimento g10sempre_20_iii, cond 7.22"
mh2_20_iii,l29d2_iii_h2,20,3.818,10,100k,C2_rel,FIXJACK2,0.00222,13.499823,,SOPRA,"riferimento g10mai_20_iii, cond 7.22"
mh2_20_iii,l29d2_iii_h2,20,3.818,10,100k,S_ins,FIXJACK2,7.158,6.030000,,sotto,dB in 100 ms sopra -70 dB; pieno 3.813 V da g10mai_20_iii
mh2_20_iii,l29d2_iii_h2,20,3.818,10,100k,S_rel,FIXJACK2,3.726,11.412000,,sotto,dB in 100 ms sopra -70 dB; pieno 3.813 V da g10mai_20_iii
mh20_20_iii,l29d2_iii_h20,20,3.818,10,100k,A_ins,MAINJACK,12.79,1.000031,2.000,SOPRA,riferimento g10sempre_20_iii
mh20_20_iii,l29d2_iii_h20,20,3.818,10,100k,A_rel,MAINJACK,12.79,27.500031,2.000,SOPRA,riferimento g10mai_20_iii
mh20_20_iii,l29d2_iii_h20,20,3.818,10,100k,B2,MAINJACK,8.715e-06,7.526313,,sotto,mute da t_ins+t_grad+20 ms a t_rel
mh20_20_iii,l29d2_iii_h20,20,3.818,10,100k,C1_ins,MAINJACK,0.008,5.499698,,SOPRA,"diagnostica, cond 7.22"
mh20_20_iii,l29d2_iii_h20,20,3.818,10,100k,C1_rel,MAINJACK,0.006986,31.499771,,SOPRA,"diagnostica, cond 7.22"
mh20_20_iii,l29d2_iii_h20,20,3.818,10,100k,C2_ins,MAINJACK,0.008,5.499698,,SOPRA,"riferimento g10sempre_20_iii, cond 7.22"
mh20_20_iii,l29d2_iii_h20,20,3.818,10,100k,C2_rel,MAINJACK,0.007131,31.524760,,SOPRA,"riferimento g10mai_20_iii, cond 7.22"
mh20_20_iii,l29d2_iii_h20,20,3.818,10,100k,S_ins,MAINJACK,7.158,6.030000,,sotto,dB in 100 ms sopra -70 dB; pieno 12.01 V da g10mai_20_iii
mh20_20_iii,l29d2_iii_h20,20,3.818,10,100k,S_rel,MAINJACK,3.839,29.337000,,sotto,dB in 100 ms sopra -70 dB; pieno 12.01 V da g10mai_20_iii
mh20_20_iii,l29d2_iii_h20,20,3.818,10,100k,A_ins,FIXJACK1,4.063,1.000031,2.000,SOPRA,riferimento g10sempre_20_iii
mh20_20_iii,l29d2_iii_h20,20,3.818,10,100k,A_rel,FIXJACK1,4.063,27.500031,2.000,SOPRA,riferimento g10mai_20_iii
mh20_20_iii,l29d2_iii_h20,20,3.818,10,100k,B2,FIXJACK1,2.738e-06,7.526375,,sotto,mute da t_ins+t_grad+20 ms a t_rel
mh20_20_iii,l29d2_iii_h20,20,3.818,10,100k,C1_ins,FIXJACK1,0.00254,5.499771,,SOPRA,"diagnostica, cond 7.22"
mh20_20_iii,l29d2_iii_h20,20,3.818,10,100k,C1_rel,FIXJACK1,0.002219,31.524823,,SOPRA,"diagnostica, cond 7.22"
mh20_20_iii,l29d2_iii_h20,20,3.818,10,100k,C2_ins,FIXJACK1,0.00254,5.499771,,SOPRA,"riferimento g10sempre_20_iii, cond 7.22"
mh20_20_iii,l29d2_iii_h20,20,3.818,10,100k,C2_rel,FIXJACK1,0.00222,31.499823,,SOPRA,"riferimento g10mai_20_iii, cond 7.22"
mh20_20_iii,l29d2_iii_h20,20,3.818,10,100k,S_ins,FIXJACK1,7.158,6.030000,,sotto,dB in 100 ms sopra -70 dB; pieno 3.813 V da g10mai_20_iii
mh20_20_iii,l29d2_iii_h20,20,3.818,10,100k,S_rel,FIXJACK1,3.839,29.337000,,sotto,dB in 100 ms sopra -70 dB; pieno 3.813 V da g10mai_20_iii
mh20_20_iii,l29d2_iii_h20,20,3.818,10,100k,A_ins,FIXJACK2,4.063,1.000031,2.000,SOPRA,riferimento g10sempre_20_iii
mh20_20_iii,l29d2_iii_h20,20,3.818,10,100k,A_rel,FIXJACK2,4.063,27.500031,2.000,SOPRA,riferimento g10mai_20_iii
mh20_20_iii,l29d2_iii_h20,20,3.818,10,100k,B2,FIXJACK2,2.738e-06,7.526375,,sotto,mute da t_ins+t_grad+20 ms a t_rel
mh20_20_iii,l29d2_iii_h20,20,3.818,10,100k,C1_ins,FIXJACK2,0.00254,5.499771,,SOPRA,"diagnostica, cond 7.22"
mh20_20_iii,l29d2_iii_h20,20,3.818,10,100k,C1_rel,FIXJACK2,0.002219,31.524823,,SOPRA,"diagnostica, cond 7.22"
mh20_20_iii,l29d2_iii_h20,20,3.818,10,100k,C2_ins,FIXJACK2,0.00254,5.499771,,SOPRA,"riferimento g10sempre_20_iii, cond 7.22"
mh20_20_iii,l29d2_iii_h20,20,3.818,10,100k,C2_rel,FIXJACK2,0.00222,31.499823,,SOPRA,"riferimento g10mai_20_iii, cond 7.22"
mh20_20_iii,l29d2_iii_h20,20,3.818,10,100k,S_ins,FIXJACK2,7.158,6.030000,,sotto,dB in 100 ms sopra -70 dB; pieno 3.813 V da g10mai_20_iii
mh20_20_iii,l29d2_iii_h20,20,3.818,10,100k,S_rel,FIXJACK2,3.839,29.337000,,sotto,dB in 100 ms sopra -70 dB; pieno 3.813 V da g10mai_20_iii
mh01_lz_iii,l29d2_iii_h01,1000,0,10,100k,A_ins,MAINJACK,1.302e-08,2.362260,2.000,sotto,riferimento g10sempre_lz_iii
mh01_lz_iii,l29d2_iii_h01,1000,0,10,100k,A_rel,MAINJACK,3.181e-08,8.923031,2.000,sotto,riferimento g10mai_lz_iii
mh01_lz_iii,l29d2_iii_h01,1000,0,10,100k,B2,MAINJACK,1.943e-09,7.520000,,sotto,mute da t_ins+t_grad+20 ms a t_rel
mh01_lz_iii,l29d2_iii_h01,1000,0,10,100k,A_ins,FIXJACK1,4.144e-09,2.362667,2.000,sotto,riferimento g10sempre_lz_iii
mh01_lz_iii,l29d2_iii_h01,1000,0,10,100k,A_rel,FIXJACK1,1.009e-08,8.923042,2.000,sotto,riferimento g10mai_lz_iii
mh01_lz_iii,l29d2_iii_h01,1000,0,10,100k,B2,FIXJACK1,3.474e-09,7.520000,,sotto,mute da t_ins+t_grad+20 ms a t_rel
mh01_lz_iii,l29d2_iii_h01,1000,0,10,100k,A_ins,FIXJACK2,4.141e-09,2.362365,2.000,sotto,riferimento g10sempre_lz_iii
mh01_lz_iii,l29d2_iii_h01,1000,0,10,100k,A_rel,FIXJACK2,1.009e-08,8.923365,2.000,sotto,riferimento g10mai_lz_iii
mh01_lz_iii,l29d2_iii_h01,1000,0,10,100k,B2,FIXJACK2,3.474e-09,7.520000,,sotto,mute da t_ins+t_grad+20 ms a t_rel
mev_lz_iii,l29d2_iii_ev,1000,0,10,100k,A_ins,MAINJACK,1.302e-08,2.362260,2.000,sotto,riferimento g10sempre_lz_iii
mev_lz_iii,l29d2_iii_ev,1000,0,10,100k,A_rel,MAINJACK,3.189e-08,9.823177,2.000,sotto,riferimento g10mai_lz_iii
mev_lz_iii,l29d2_iii_ev,1000,0,10,100k,B2,MAINJACK,1.943e-09,7.520000,,sotto,mute da t_ins+t_grad+20 ms a t_rel
mev_lz_iii,l29d2_iii_ev,1000,0,10,100k,A_ins,FIXJACK1,4.144e-09,2.362667,2.000,sotto,riferimento g10sempre_lz_iii
mev_lz_iii,l29d2_iii_ev,1000,0,10,100k,A_rel,FIXJACK1,1.012e-08,9.823177,2.000,sotto,riferimento g10mai_lz_iii
mev_lz_iii,l29d2_iii_ev,1000,0,10,100k,B2,FIXJACK1,3.474e-09,7.520000,,sotto,mute da t_ins+t_grad+20 ms a t_rel
mev_lz_iii,l29d2_iii_ev,1000,0,10,100k,A_ins,FIXJACK2,4.141e-09,2.362365,2.000,sotto,riferimento g10sempre_lz_iii
mev_lz_iii,l29d2_iii_ev,1000,0,10,100k,A_rel,FIXJACK2,1.012e-08,9.823177,2.000,sotto,riferimento g10mai_lz_iii
mev_lz_iii,l29d2_iii_ev,1000,0,10,100k,B2,FIXJACK2,3.474e-09,7.520000,,sotto,mute da t_ins+t_grad+20 ms a t_rel
mh2_lz_iii,l29d2_iii_h2,1000,0,10,100k,A_ins,MAINJACK,1.302e-08,2.362260,2.000,sotto,riferimento g10sempre_lz_iii
mh2_lz_iii,l29d2_iii_h2,1000,0,10,100k,A_rel,MAINJACK,3.193e-08,10.823146,2.000,sotto,riferimento g10mai_lz_iii
mh2_lz_iii,l29d2_iii_h2,1000,0,10,100k,B2,MAINJACK,1.943e-09,7.520000,,sotto,mute da t_ins+t_grad+20 ms a t_rel
mh2_lz_iii,l29d2_iii_h2,1000,0,10,100k,A_ins,FIXJACK1,4.144e-09,2.362667,2.000,sotto,riferimento g10sempre_lz_iii
mh2_lz_iii,l29d2_iii_h2,1000,0,10,100k,A_rel,FIXJACK1,1.013e-08,10.823156,2.000,sotto,riferimento g10mai_lz_iii
mh2_lz_iii,l29d2_iii_h2,1000,0,10,100k,B2,FIXJACK1,3.474e-09,7.520000,,sotto,mute da t_ins+t_grad+20 ms a t_rel
mh2_lz_iii,l29d2_iii_h2,1000,0,10,100k,A_ins,FIXJACK2,4.141e-09,2.362365,2.000,sotto,riferimento g10sempre_lz_iii
mh2_lz_iii,l29d2_iii_h2,1000,0,10,100k,A_rel,FIXJACK2,1.013e-08,10.823156,2.000,sotto,riferimento g10mai_lz_iii
mh2_lz_iii,l29d2_iii_h2,1000,0,10,100k,B2,FIXJACK2,3.474e-09,7.520000,,sotto,mute da t_ins+t_grad+20 ms a t_rel
mh20_lz_iii,l29d2_iii_h20,1000,0,10,100k,A_ins,MAINJACK,1.302e-08,2.362260,2.000,sotto,riferimento g10sempre_lz_iii
mh20_lz_iii,l29d2_iii_h20,1000,0,10,100k,A_rel,MAINJACK,3.195e-08,28.823125,2.000,sotto,riferimento g10mai_lz_iii
mh20_lz_iii,l29d2_iii_h20,1000,0,10,100k,B2,MAINJACK,1.943e-09,7.520000,,sotto,mute da t_ins+t_grad+20 ms a t_rel
mh20_lz_iii,l29d2_iii_h20,1000,0,10,100k,A_ins,FIXJACK1,4.144e-09,2.362667,2.000,sotto,riferimento g10sempre_lz_iii
mh20_lz_iii,l29d2_iii_h20,1000,0,10,100k,A_rel,FIXJACK1,1.014e-08,28.823208,2.000,sotto,riferimento g10mai_lz_iii
mh20_lz_iii,l29d2_iii_h20,1000,0,10,100k,B2,FIXJACK1,3.474e-09,7.520000,,sotto,mute da t_ins+t_grad+20 ms a t_rel
mh20_lz_iii,l29d2_iii_h20,1000,0,10,100k,A_ins,FIXJACK2,4.141e-09,2.362365,2.000,sotto,riferimento g10sempre_lz_iii
mh20_lz_iii,l29d2_iii_h20,1000,0,10,100k,A_rel,FIXJACK2,1.013e-08,28.823187,2.000,sotto,riferimento g10mai_lz_iii
mh20_lz_iii,l29d2_iii_h20,1000,0,10,100k,B2,FIXJACK2,3.474e-09,7.520000,,sotto,mute da t_ins+t_grad+20 ms a t_rel
pav_mev_0_iii,pavimento,1000,0,10,100k,A_pav,MAINJACK,4.336e-11,2.929625,2.000,sotto,contro mev_lz_iii
pav_mev_0_iii,pavimento,1000,0,10,100k,A_pav,FIXJACK1,1.556e-11,1.954792,2.000,sotto,contro mev_lz_iii
pav_mev_0_iii,pavimento,1000,0,10,100k,A_pav,FIXJACK2,1.552e-11,1.567198,2.000,sotto,contro mev_lz_iii
pav_mev_1_iii,pavimento,1000,0,10,100k,A_pav,MAINJACK,1.931e-09,7.500417,2.000,sotto,contro mev_lz_iii
pav_mev_1_iii,pavimento,1000,0,10,100k,A_pav,FIXJACK1,3.498e-09,7.500417,2.000,sotto,contro mev_lz_iii
pav_mev_1_iii,pavimento,1000,0,10,100k,A_pav,FIXJACK2,3.496e-09,7.500417,2.000,sotto,contro mev_lz_iii
pav_mev_2_iii,pavimento,1000,0,10,100k,A_pav,MAINJACK,5.025e-11,10.269042,2.000,sotto,contro mev_lz_iii
pav_mev_2_iii,pavimento,1000,0,10,100k,A_pav,FIXJACK1,1.463e-11,9.471292,2.000,sotto,contro mev_lz_iii
pav_mev_2_iii,pavimento,1000,0,10,100k,A_pav,FIXJACK2,1.584e-11,9.158510,2.000,sotto,contro mev_lz_iii
on_r10s_iii,accensione_iii,1000,0,10,100k,A_ins,MAINJACK,1.554e-07,0.132875,2.000,sotto,riferimento g10sempre_lz_iii
on_r10s_iii,accensione_iii,1000,0,10,100k,A_rel,MAINJACK,3.193e-08,3.923094,2.000,sotto,riferimento g10mai_lz_iii
on_r10s_iii,accensione_iii,1000,0,10,100k,B2,MAINJACK,1.554e-07,0.132875,,sotto,mute da t_ins+t_grad+20 ms a t_rel
on_r10s_iii,accensione_iii,1000,0,10,100k,A_ins,FIXJACK1,1.074e-06,0.136740,2.000,sotto,riferimento g10sempre_lz_iii
on_r10s_iii,accensione_iii,1000,0,10,100k,A_rel,FIXJACK1,1.014e-08,3.923240,2.000,sotto,riferimento g10mai_lz_iii
on_r10s_iii,accensione_iii,1000,0,10,100k,B2,FIXJACK1,1.074e-06,0.136740,,sotto,mute da t_ins+t_grad+20 ms a t_rel
on_r10s_iii,accensione_iii,1000,0,10,100k,A_ins,FIXJACK2,1.074e-06,0.136740,2.000,sotto,riferimento g10sempre_lz_iii
on_r10s_iii,accensione_iii,1000,0,10,100k,A_rel,FIXJACK2,1.013e-08,3.923240,2.000,sotto,riferimento g10mai_lz_iii
on_r10s_iii,accensione_iii,1000,0,10,100k,B2,FIXJACK2,1.074e-06,0.136740,,sotto,mute da t_ins+t_grad+20 ms a t_rel
on_r10p_iii,accensione_iii,1000,0,10,100k,A_ins,MAINJACK,7.348e-07,0.150031,2.000,sotto,riferimento g10sempre_lz_iii
on_r10p_iii,accensione_iii,1000,0,10,100k,A_rel,MAINJACK,3.194e-08,3.923229,2.000,sotto,riferimento g10mai_lz_iii
on_r10p_iii,accensione_iii,1000,0,10,100k,B2,MAINJACK,7.348e-07,0.150031,,sotto,mute da t_ins+t_grad+20 ms a t_rel
on_r10p_iii,accensione_iii,1000,0,10,100k,A_ins,FIXJACK1,3.841e-07,0.150031,2.000,sotto,riferimento g10sempre_lz_iii
on_r10p_iii,accensione_iii,1000,0,10,100k,A_rel,FIXJACK1,1.013e-08,3.923229,2.000,sotto,riferimento g10mai_lz_iii
on_r10p_iii,accensione_iii,1000,0,10,100k,B2,FIXJACK1,3.841e-07,0.150031,,sotto,mute da t_ins+t_grad+20 ms a t_rel
on_r10p_iii,accensione_iii,1000,0,10,100k,A_ins,FIXJACK2,3.841e-07,0.150031,2.000,sotto,riferimento g10sempre_lz_iii
on_r10p_iii,accensione_iii,1000,0,10,100k,A_rel,FIXJACK2,1.013e-08,3.923125,2.000,sotto,riferimento g10mai_lz_iii
on_r10p_iii,accensione_iii,1000,0,10,100k,B2,FIXJACK2,3.841e-07,0.150031,,sotto,mute da t_ins+t_grad+20 ms a t_rel
on_r10m_iii,accensione_iii,1000,0,10,100k,A_ins,MAINJACK,4.964e-08,0.180990,2.000,sotto,riferimento g10sempre_lz_iii
on_r10m_iii,accensione_iii,1000,0,10,100k,A_rel,MAINJACK,3.194e-08,3.923125,2.000,sotto,riferimento g10mai_lz_iii
on_r10m_iii,accensione_iii,1000,0,10,100k,B2,MAINJACK,4.964e-08,0.180990,,sotto,mute da t_ins+t_grad+20 ms a t_rel
on_r10m_iii,accensione_iii,1000,0,10,100k,A_ins,FIXJACK1,8.884e-07,0.185979,2.000,sotto,riferimento g10sempre_lz_iii
on_r10m_iii,accensione_iii,1000,0,10,100k,A_rel,FIXJACK1,1.013e-08,3.923198,2.000,sotto,riferimento g10mai_lz_iii
on_r10m_iii,accensione_iii,1000,0,10,100k,B2,FIXJACK1,8.884e-07,0.185979,,sotto,mute da t_ins+t_grad+20 ms a t_rel
on_r10m_iii,accensione_iii,1000,0,10,100k,A_ins,FIXJACK2,8.884e-07,0.185979,2.000,sotto,riferimento g10sempre_lz_iii
on_r10m_iii,accensione_iii,1000,0,10,100k,A_rel,FIXJACK2,1.013e-08,3.923125,2.000,sotto,riferimento g10mai_lz_iii
on_r10m_iii,accensione_iii,1000,0,10,100k,B2,FIXJACK2,8.884e-07,0.185979,,sotto,mute da t_ins+t_grad+20 ms a t_rel
on_r300s_iii,accensione_iii,1000,0,10,100k,A_ins,MAINJACK,3.12e-09,0.228448,2.000,sotto,riferimento g10sempre_lz_iii
on_r300s_iii,accensione_iii,1000,0,10,100k,A_rel,MAINJACK,3.193e-08,3.923083,2.000,sotto,riferimento g10mai_lz_iii
on_r300s_iii,accensione_iii,1000,0,10,100k,B2,MAINJACK,3.12e-09,0.228448,,sotto,mute da t_ins+t_grad+20 ms a t_rel
on_r300s_iii,accensione_iii,1000,0,10,100k,A_ins,FIXJACK1,1.337e-06,0.243875,2.000,sotto,riferimento g10sempre_lz_iii
on_r300s_iii,accensione_iii,1000,0,10,100k,A_rel,FIXJACK1,1.013e-08,3.923208,2.000,sotto,riferimento g10mai_lz_iii
on_r300s_iii,accensione_iii,1000,0,10,100k,B2,FIXJACK1,1.337e-06,0.243875,,sotto,mute da t_ins+t_grad+20 ms a t_rel
on_r300s_iii,accensione_iii,1000,0,10,100k,A_ins,FIXJACK2,1.337e-06,0.243875,2.000,sotto,riferimento g10sempre_lz_iii
on_r300s_iii,accensione_iii,1000,0,10,100k,A_rel,FIXJACK2,1.013e-08,3.923156,2.000,sotto,riferimento g10mai_lz_iii
on_r300s_iii,accensione_iii,1000,0,10,100k,B2,FIXJACK2,1.337e-06,0.243875,,sotto,mute da t_ins+t_grad+20 ms a t_rel
on_r300p_iii,accensione_iii,1000,0,10,100k,A_ins,MAINJACK,1.699e-09,0.231219,2.000,sotto,riferimento g10sempre_lz_iii
on_r300p_iii,accensione_iii,1000,0,10,100k,A_rel,MAINJACK,3.195e-08,3.923229,2.000,sotto,riferimento g10mai_lz_iii
on_r300p_iii,accensione_iii,1000,0,10,100k,B2,MAINJACK,1.699e-09,0.231219,,sotto,mute da t_ins+t_grad+20 ms a t_rel
on_r300p_iii,accensione_iii,1000,0,10,100k,A_ins,FIXJACK1,4.416e-06,0.292354,2.000,sotto,riferimento g10sempre_lz_iii
on_r300p_iii,accensione_iii,1000,0,10,100k,A_rel,FIXJACK1,1.014e-08,3.923229,2.000,sotto,riferimento g10mai_lz_iii
on_r300p_iii,accensione_iii,1000,0,10,100k,B2,FIXJACK1,4.416e-06,0.292354,,sotto,mute da t_ins+t_grad+20 ms a t_rel
on_r300p_iii,accensione_iii,1000,0,10,100k,A_ins,FIXJACK2,4.416e-06,0.292354,2.000,sotto,riferimento g10sempre_lz_iii
on_r300p_iii,accensione_iii,1000,0,10,100k,A_rel,FIXJACK2,1.013e-08,3.923229,2.000,sotto,riferimento g10mai_lz_iii
on_r300p_iii,accensione_iii,1000,0,10,100k,B2,FIXJACK2,4.416e-06,0.292354,,sotto,mute da t_ins+t_grad+20 ms a t_rel
on_r300m_iii,accensione_iii,1000,0,10,100k,A_ins,MAINJACK,1.213e-08,0.274802,2.000,sotto,riferimento g10sempre_lz_iii
on_r300m_iii,accensione_iii,1000,0,10,100k,A_rel,MAINJACK,3.193e-08,3.923260,2.000,sotto,riferimento g10mai_lz_iii
on_r300m_iii,accensione_iii,1000,0,10,100k,B2,MAINJACK,1.213e-08,0.274802,,sotto,mute da t_ins+t_grad+20 ms a t_rel
on_r300m_iii,accensione_iii,1000,0,10,100k,A_ins,FIXJACK1,1.698e-07,0.284229,2.000,sotto,riferimento g10sempre_lz_iii
on_r300m_iii,accensione_iii,1000,0,10,100k,A_rel,FIXJACK1,1.013e-08,3.923198,2.000,sotto,riferimento g10mai_lz_iii
on_r300m_iii,accensione_iii,1000,0,10,100k,B2,FIXJACK1,1.698e-07,0.284229,,sotto,mute da t_ins+t_grad+20 ms a t_rel
on_r300m_iii,accensione_iii,1000,0,10,100k,A_ins,FIXJACK2,1.698e-07,0.284229,2.000,sotto,riferimento g10sempre_lz_iii
on_r300m_iii,accensione_iii,1000,0,10,100k,A_rel,FIXJACK2,1.013e-08,3.923292,2.000,sotto,riferimento g10mai_lz_iii
on_r300m_iii,accensione_iii,1000,0,10,100k,B2,FIXJACK2,1.698e-07,0.284229,,sotto,mute da t_ins+t_grad+20 ms a t_rel
g10mai_1k_iii,rif,1000,3.818,10,100k,C_pav,MAINJACK,0.0003406,1.128125,,sotto,"pavimento di C a 1.000 s, cond 1"
g10mai_1k_iii,rif,1000,3.818,10,100k,C_pav,MAINJACK,0.0003406,8.537125,,sotto,"pavimento di C a 8.500 s, cond 1"
g10mai_1k_iii,rif,1000,3.818,10,100k,C_pav,FIXJACK1,3.685e-05,1.190146,,sotto,"pavimento di C a 1.000 s, cond 1"
g10mai_1k_iii,rif,1000,3.818,10,100k,C_pav,FIXJACK1,3.683e-05,8.569146,,sotto,"pavimento di C a 8.500 s, cond 1"
g10mai_1k_iii,rif,1000,3.818,10,100k,C_pav,FIXJACK2,3.685e-05,1.190146,,sotto,"pavimento di C a 1.000 s, cond 1"
g10mai_1k_iii,rif,1000,3.818,10,100k,C_pav,FIXJACK2,3.683e-05,8.569146,,sotto,"pavimento di C a 8.500 s, cond 1"
g10sempre_1k_iii,rif,1000,3.818,10,100k,B1,MAINJACK,2.494e-12,4.798917,,sotto,"riferimento sempre in mute, da 0,5 s"
g10sempre_1k_iii,rif,1000,3.818,10,100k,B1,FIXJACK1,9.494e-13,21.436917,,sotto,"riferimento sempre in mute, da 0,5 s"
g10sempre_1k_iii,rif,1000,3.818,10,100k,B1,FIXJACK2,9.494e-13,25.076917,,sotto,"riferimento sempre in mute, da 0,5 s"
g0mai_1k_iii,rif,1000,3.818,0,100k,C_pav,MAINJACK,3.708e-05,1.027146,,sotto,"pavimento di C a 1.000 s, cond 1"
g0mai_1k_iii,rif,1000,3.818,0,100k,C_pav,MAINJACK,3.708e-05,8.520146,,sotto,"pavimento di C a 8.500 s, cond 1"
g0mai_1k_iii,rif,1000,3.818,0,100k,C_pav,FIXJACK1,3.709e-05,1.027146,,sotto,"pavimento di C a 1.000 s, cond 1"
g0mai_1k_iii,rif,1000,3.818,0,100k,C_pav,FIXJACK1,3.709e-05,8.520146,,sotto,"pavimento di C a 8.500 s, cond 1"
g0mai_1k_iii,rif,1000,3.818,0,100k,C_pav,FIXJACK2,3.709e-05,1.027146,,sotto,"pavimento di C a 1.000 s, cond 1"
g0mai_1k_iii,rif,1000,3.818,0,100k,C_pav,FIXJACK2,3.709e-05,8.520146,,sotto,"pavimento di C a 8.500 s, cond 1"
g0sempre_1k_iii,rif,1000,3.818,0,100k,B1,MAINJACK,7.915e-13,14.216917,,sotto,"riferimento sempre in mute, da 0,5 s"
g0sempre_1k_iii,rif,1000,3.818,0,100k,B1,FIXJACK1,9.494e-13,16.775917,,sotto,"riferimento sempre in mute, da 0,5 s"
g0sempre_1k_iii,rif,1000,3.818,0,100k,B1,FIXJACK2,9.494e-13,17.876917,,sotto,"riferimento sempre in mute, da 0,5 s"
g3mai_1k_iii,rif,1000,3.818,3,100k,C_pav,MAINJACK,6.815e-05,0.986146,,sotto,"pavimento di C a 1.000 s, cond 1"
g3mai_1k_iii,rif,1000,3.818,3,100k,C_pav,MAINJACK,6.815e-05,8.483146,,sotto,"pavimento di C a 8.500 s, cond 1"
g3mai_1k_iii,rif,1000,3.818,3,100k,C_pav,FIXJACK1,3.689e-05,0.986146,,sotto,"pavimento di C a 1.000 s, cond 1"
g3mai_1k_iii,rif,1000,3.818,3,100k,C_pav,FIXJACK1,3.689e-05,8.483146,,sotto,"pavimento di C a 8.500 s, cond 1"
g3mai_1k_iii,rif,1000,3.818,3,100k,C_pav,FIXJACK2,3.689e-05,0.986146,,sotto,"pavimento di C a 1.000 s, cond 1"
g3mai_1k_iii,rif,1000,3.818,3,100k,C_pav,FIXJACK2,3.689e-05,8.483146,,sotto,"pavimento di C a 8.500 s, cond 1"
g3sempre_1k_iii,rif,1000,3.818,3,100k,B1,MAINJACK,1.124e-12,18.516917,,sotto,"riferimento sempre in mute, da 0,5 s"
g3sempre_1k_iii,rif,1000,3.818,3,100k,B1,FIXJACK1,9.494e-13,8.357917,,sotto,"riferimento sempre in mute, da 0,5 s"
g3sempre_1k_iii,rif,1000,3.818,3,100k,B1,FIXJACK2,9.494e-13,18.760917,,sotto,"riferimento sempre in mute, da 0,5 s"
g10mai_20_iii,rif,20,3.818,10,100k,C_pav,MAINJACK,0.0001463,1.024771,,sotto,"pavimento di C a 1.000 s, cond 7.22"
g10mai_20_iii,rif,20,3.818,10,100k,C_pav,MAINJACK,0.0001463,8.574771,,sotto,"pavimento di C a 8.500 s, cond 7.22"
g10mai_20_iii,rif,20,3.818,10,100k,C_pav,FIXJACK1,1.123e-06,1.007562,,sotto,"pavimento di C a 1.000 s, cond 7.22"
g10mai_20_iii,rif,20,3.818,10,100k,C_pav,FIXJACK1,1.122e-06,8.657573,,sotto,"pavimento di C a 8.500 s, cond 7.22"
g10mai_20_iii,rif,20,3.818,10,100k,C_pav,FIXJACK2,1.123e-06,1.007562,,sotto,"pavimento di C a 1.000 s, cond 7.22"
g10mai_20_iii,rif,20,3.818,10,100k,C_pav,FIXJACK2,1.122e-06,8.657573,,sotto,"pavimento di C a 8.500 s, cond 7.22"
g10sempre_20_iii,rif,20,3.818,10,100k,B1,MAINJACK,1.497e-16,4.612542,,sotto,"riferimento sempre in mute, da 0,5 s"
g10sempre_20_iii,rif,20,3.818,10,100k,B1,FIXJACK1,6.039e-17,35.286260,,sotto,"riferimento sempre in mute, da 0,5 s"
g10sempre_20_iii,rif,20,3.818,10,100k,B1,FIXJACK2,5.815e-17,18.686760,,sotto,"riferimento sempre in mute, da 0,5 s"
g0mai_20_iii,rif,20,3.818,0,100k,C_pav,MAINJACK,1.124e-06,1.007552,,sotto,"pavimento di C a 1.000 s, cond 7.22"
g0mai_20_iii,rif,20,3.818,0,100k,C_pav,MAINJACK,1.124e-06,8.557552,,sotto,"pavimento di C a 8.500 s, cond 7.22"
g0mai_20_iii,rif,20,3.818,0,100k,C_pav,FIXJACK1,1.123e-06,1.007562,,sotto,"pavimento di C a 1.000 s, cond 7.22"
g0mai_20_iii,rif,20,3.818,0,100k,C_pav,FIXJACK1,1.122e-06,8.657573,,sotto,"pavimento di C a 8.500 s, cond 7.22"
g0mai_20_iii,rif,20,3.818,0,100k,C_pav,FIXJACK2,1.123e-06,1.007562,,sotto,"pavimento di C a 1.000 s, cond 7.22"
g0mai_20_iii,rif,20,3.818,0,100k,C_pav,FIXJACK2,1.122e-06,8.657573,,sotto,"pavimento di C a 8.500 s, cond 7.22"
g0sempre_20_iii,rif,20,3.818,0,100k,B1,MAINJACK,5.422e-17,18.541010,,sotto,"riferimento sempre in mute, da 0,5 s"
g0sempre_20_iii,rif,20,3.818,0,100k,B1,FIXJACK1,5.831e-17,8.460510,,sotto,"riferimento sempre in mute, da 0,5 s"
g0sempre_20_iii,rif,20,3.818,0,100k,B1,FIXJACK2,6.118e-17,13.188010,,sotto,"riferimento sempre in mute, da 0,5 s"
g3mai_20_iii,rif,20,3.818,3,100k,C_pav,MAINJACK,2.456e-06,1.007385,,sotto,"pavimento di C a 1.000 s, cond 7.22"
g3mai_20_iii,rif,20,3.818,3,100k,C_pav,MAINJACK,2.456e-06,8.507396,,sotto,"pavimento di C a 8.500 s, cond 7.22"
g3mai_20_iii,rif,20,3.818,3,100k,C_pav,FIXJACK1,1.123e-06,1.007562,,sotto,"pavimento di C a 1.000 s, cond 7.22"
g3mai_20_iii,rif,20,3.818,3,100k,C_pav,FIXJACK1,1.122e-06,8.657562,,sotto,"pavimento di C a 8.500 s, cond 7.22"
g3mai_20_iii,rif,20,3.818,3,100k,C_pav,FIXJACK2,1.123e-06,1.007562,,sotto,"pavimento di C a 1.000 s, cond 7.22"
g3mai_20_iii,rif,20,3.818,3,100k,C_pav,FIXJACK2,1.122e-06,8.657562,,sotto,"pavimento di C a 8.500 s, cond 7.22"
g3sempre_20_iii,rif,20,3.818,3,100k,B1,MAINJACK,7.35e-17,7.485510,,sotto,"riferimento sempre in mute, da 0,5 s"
g3sempre_20_iii,rif,20,3.818,3,100k,B1,FIXJACK1,6.368e-17,13.539010,,sotto,"riferimento sempre in mute, da 0,5 s"
g3sempre_20_iii,rif,20,3.818,3,100k,B1,FIXJACK2,5.908e-17,7.737510,,sotto,"riferimento sempre in mute, da 0,5 s"
g10sempre_lz_iii,rif,1000,0,10,100k,B1,MAINJACK,6.056e-17,12.347042,,sotto,"riferimento sempre in mute, da 0,5 s"
g10sempre_lz_iii,rif,1000,0,10,100k,B1,FIXJACK1,2.195e-17,5.033010,,sotto,"riferimento sempre in mute, da 0,5 s"
g10sempre_lz_iii,rif,1000,0,10,100k,B1,FIXJACK2,2.126e-17,14.967510,,sotto,"riferimento sempre in mute, da 0,5 s"
g0sempre_lz_iii,rif,1000,0,0,100k,B1,MAINJACK,1.921e-17,17.754510,,sotto,"riferimento sempre in mute, da 0,5 s"
g0sempre_lz_iii,rif,1000,0,0,100k,B1,FIXJACK1,2.022e-17,6.267510,,sotto,"riferimento sempre in mute, da 0,5 s"
g0sempre_lz_iii,rif,1000,0,0,100k,B1,FIXJACK2,2.278e-17,7.716010,,sotto,"riferimento sempre in mute, da 0,5 s"
g3sempre_lz_iii,rif,1000,0,3,100k,B1,MAINJACK,2.323e-17,10.656740,,sotto,"riferimento sempre in mute, da 0,5 s"
g3sempre_lz_iii,rif,1000,0,3,100k,B1,FIXJACK1,2.123e-17,11.249510,,sotto,"riferimento sempre in mute, da 0,5 s"
g3sempre_lz_iii,rif,1000,0,3,100k,B1,FIXJACK2,2.307e-17,17.651510,,sotto,"riferimento sempre in mute, da 0,5 s"
t6mai_1k_iii,rif,1000,3.818,10,100k,C_pav,MAINJACK,9.023e-05,1.035146,,sotto,"pavimento di C a 1.000 s, cond 1"
t6mai_1k_iii,rif,1000,3.818,10,100k,C_pav,MAINJACK,9.024e-05,8.537146,,sotto,"pavimento di C a 8.500 s, cond 1"
t6mai_1k_iii,rif,1000,3.818,10,100k,C_pav,FIXJACK1,3.706e-05,1.035146,,sotto,"pavimento di C a 1.000 s, cond 1"
t6mai_1k_iii,rif,1000,3.818,10,100k,C_pav,FIXJACK1,3.706e-05,8.537146,,sotto,"pavimento di C a 8.500 s, cond 1"
t6mai_1k_iii,rif,1000,3.818,10,100k,C_pav,FIXJACK2,3.706e-05,1.035146,,sotto,"pavimento di C a 1.000 s, cond 1"
t6mai_1k_iii,rif,1000,3.818,10,100k,C_pav,FIXJACK2,3.706e-05,8.537146,,sotto,"pavimento di C a 8.500 s, cond 1"
t6sempre_1k_iii,rif,1000,3.818,10,100k,B1,MAINJACK,1.249e-12,10.007417,,sotto,"riferimento sempre in mute, da 0,5 s"
t6sempre_1k_iii,rif,1000,3.818,10,100k,B1,FIXJACK1,9.494e-13,3.464417,,sotto,"riferimento sempre in mute, da 0,5 s"
t6sempre_1k_iii,rif,1000,3.818,10,100k,B1,FIXJACK2,9.494e-13,5.182917,,sotto,"riferimento sempre in mute, da 0,5 s"
t12mai_1k_iii,rif,1000,3.818,10,100k,C_pav,MAINJACK,2.986e-05,1.126156,,sotto,"pavimento di C a 1.000 s, cond 1"
t12mai_1k_iii,rif,1000,3.818,10,100k,C_pav,MAINJACK,2.986e-05,8.602156,,sotto,"pavimento di C a 8.500 s, cond 1"
t12mai_1k_iii,rif,1000,3.818,10,100k,C_pav,FIXJACK1,3.69e-05,1.093146,,sotto,"pavimento di C a 1.000 s, cond 1"
t12mai_1k_iii,rif,1000,3.818,10,100k,C_pav,FIXJACK1,3.689e-05,8.532146,,sotto,"pavimento di C a 8.500 s, cond 1"
t12mai_1k_iii,rif,1000,3.818,10,100k,C_pav,FIXJACK2,3.69e-05,1.093146,,sotto,"pavimento di C a 1.000 s, cond 1"
t12mai_1k_iii,rif,1000,3.818,10,100k,C_pav,FIXJACK2,3.689e-05,8.532146,,sotto,"pavimento di C a 8.500 s, cond 1"
t12sempre_1k_iii,rif,1000,3.818,10,100k,B1,MAINJACK,6.308e-13,6.519417,,sotto,"riferimento sempre in mute, da 0,5 s"
t12sempre_1k_iii,rif,1000,3.818,10,100k,B1,FIXJACK1,9.494e-13,4.061917,,sotto,"riferimento sempre in mute, da 0,5 s"
t12sempre_1k_iii,rif,1000,3.818,10,100k,B1,FIXJACK2,9.494e-13,15.724917,,sotto,"riferimento sempre in mute, da 0,5 s"
t6sempre_lz_iii,rif,1000,0,10,100k,B1,MAINJACK,4.463e-17,14.331969,,sotto,"riferimento sempre in mute, da 0,5 s"
t6sempre_lz_iii,rif,1000,0,10,100k,B1,FIXJACK1,2.276e-17,1.295229,,sotto,"riferimento sempre in mute, da 0,5 s"
t6sempre_lz_iii,rif,1000,0,10,100k,B1,FIXJACK2,2.277e-17,13.601469,,sotto,"riferimento sempre in mute, da 0,5 s"
t12sempre_lz_iii,rif,1000,0,10,100k,B1,MAINJACK,3.763e-17,14.371719,,sotto,"riferimento sempre in mute, da 0,5 s"
t12sempre_lz_iii,rif,1000,0,10,100k,B1,FIXJACK1,2.179e-17,13.027219,,sotto,"riferimento sempre in mute, da 0,5 s"
t12sempre_lz_iii,rif,1000,0,10,100k,B1,FIXJACK2,2.443e-17,9.438719,,sotto,"riferimento sempre in mute, da 0,5 s"
rsempre_g10t0_dpamax_iii,rif_dpamax,1000,0,10,100k,B1,MAINJACK,4.782e-17,12.014792,,sotto,"riferimento sempre in mute, da 0,5 s"
rsempre_g10t0_dpamax_iii,rif_dpamax,1000,0,10,100k,B1,FIXJACK1,2.164e-17,11.706771,,sotto,"riferimento sempre in mute, da 0,5 s"
rsempre_g10t0_dpamax_iii,rif_dpamax,1000,0,10,100k,B1,FIXJACK2,2.197e-17,18.416000,,sotto,"riferimento sempre in mute, da 0,5 s"
rsempre_g0t0_dpamax_iii,rif_dpamax,1000,0,0,100k,B1,MAINJACK,1.809e-17,9.375792,,sotto,"riferimento sempre in mute, da 0,5 s"
rsempre_g0t0_dpamax_iii,rif_dpamax,1000,0,0,100k,B1,FIXJACK1,2.209e-17,18.664771,,sotto,"riferimento sempre in mute, da 0,5 s"
rsempre_g0t0_dpamax_iii,rif_dpamax,1000,0,0,100k,B1,FIXJACK2,2.036e-17,2.406760,,sotto,"riferimento sempre in mute, da 0,5 s"
rsempre_g10t12_dpamax_iii,rif_dpamax,1000,0,10,100k,B1,MAINJACK,3.977e-17,17.998521,,sotto,"riferimento sempre in mute, da 0,5 s"
rsempre_g10t12_dpamax_iii,rif_dpamax,1000,0,10,100k,B1,FIXJACK1,2.285e-17,16.511021,,sotto,"riferimento sempre in mute, da 0,5 s"
rsempre_g10t12_dpamax_iii,rif_dpamax,1000,0,10,100k,B1,FIXJACK2,2.191e-17,1.650771,,sotto,"riferimento sempre in mute, da 0,5 s"
rsempre_g10t0_dpminmax_iii,rif_dpminmax,1000,0,10,100k,B1,MAINJACK,4.996e-17,9.604313,,sotto,"riferimento sempre in mute, da 0,5 s"
rsempre_g10t0_dpminmax_iii,rif_dpminmax,1000,0,10,100k,B1,FIXJACK1,2.326e-17,1.701542,,sotto,"riferimento sempre in mute, da 0,5 s"
rsempre_g10t0_dpminmax_iii,rif_dpminmax,1000,0,10,100k,B1,FIXJACK2,2.527e-17,15.604792,,sotto,"riferimento sempre in mute, da 0,5 s"
rsempre_g0t0_dpminmax_iii,rif_dpminmax,1000,0,0,100k,B1,MAINJACK,1.856e-17,9.400792,,sotto,"riferimento sempre in mute, da 0,5 s"
rsempre_g0t0_dpminmax_iii,rif_dpminmax,1000,0,0,100k,B1,FIXJACK1,2.296e-17,15.719552,,sotto,"riferimento sempre in mute, da 0,5 s"
rsempre_g0t0_dpminmax_iii,rif_dpminmax,1000,0,0,100k,B1,FIXJACK2,2.564e-17,17.510552,,sotto,"riferimento sempre in mute, da 0,5 s"
rsempre_g10t12_dpminmax_iii,rif_dpminmax,1000,0,10,100k,B1,MAINJACK,3.664e-17,17.717792,,sotto,"riferimento sempre in mute, da 0,5 s"
rsempre_g10t12_dpminmax_iii,rif_dpminmax,1000,0,10,100k,B1,FIXJACK1,2.149e-17,9.701802,,sotto,"riferimento sempre in mute, da 0,5 s"
rsempre_g10t12_dpminmax_iii,rif_dpminmax,1000,0,10,100k,B1,FIXJACK2,2.548e-17,14.724562,,sotto,"riferimento sempre in mute, da 0,5 s"
rsempre_g10t0_dpmaxmax_iii,rif_dpmaxmax,1000,0,10,100k,B1,MAINJACK,4.838e-17,9.520250,,sotto,"riferimento sempre in mute, da 0,5 s"
rsempre_g10t0_dpmaxmax_iii,rif_dpmaxmax,1000,0,10,100k,B1,FIXJACK1,2.097e-17,5.956583,,sotto,"riferimento sempre in mute, da 0,5 s"
rsempre_g10t0_dpmaxmax_iii,rif_dpmaxmax,1000,0,10,100k,B1,FIXJACK2,2.658e-17,5.947063,,sotto,"riferimento sempre in mute, da 0,5 s"
rsempre_g0t0_dpmaxmax_iii,rif_dpmaxmax,1000,0,0,100k,B1,MAINJACK,1.857e-17,11.043823,,sotto,"riferimento sempre in mute, da 0,5 s"
rsempre_g0t0_dpmaxmax_iii,rif_dpmaxmax,1000,0,0,100k,B1,FIXJACK1,2.46e-17,5.753312,,sotto,"riferimento sempre in mute, da 0,5 s"
rsempre_g0t0_dpmaxmax_iii,rif_dpmaxmax,1000,0,0,100k,B1,FIXJACK2,2.651e-17,18.669313,,sotto,"riferimento sempre in mute, da 0,5 s"
rsempre_g10t12_dpmaxmax_iii,rif_dpmaxmax,1000,0,10,100k,B1,MAINJACK,3.945e-17,7.482844,,sotto,"riferimento sempre in mute, da 0,5 s"
rsempre_g10t12_dpmaxmax_iii,rif_dpmaxmax,1000,0,10,100k,B1,FIXJACK1,2.203e-17,9.426427,,sotto,"riferimento sempre in mute, da 0,5 s"
rsempre_g10t12_dpmaxmax_iii,rif_dpmaxmax,1000,0,10,100k,B1,FIXJACK2,2.798e-17,10.971312,,sotto,"riferimento sempre in mute, da 0,5 s"
