blk,modo_db,f_hz,vin_pk,k_att,caso,p_q132,p_q133,icmax_q132,icmin_q132,icmax_q133,icmin_q133,p_q122,icmax_q122,p_q125,p_q127,p_q121a,p_q121b,p_q117,p_q118,p_q106,p_jq110a,p_jq110b,p_r134,p_r135,p_r130,p_r131,p_r123,p_r126,p_rsep,p_rsep2,irms_rsep,irms_rsep2,p_q132_w1,p_q132_w2,voutpk,p_rail
A,0,1000,0,1,0,0.29837,0.299658,0.0204969,0.0204969,-0.0206087,-0.0206087,0.141735,-0.010713,0.142119,0.0196602,0.00156708,0.00170462,0.00985429,0.00995491,0.0640879,0.0206168,0.0204494,0.00942381,0.00942444,3.99396E-07,7.86485E-08,0.0106063,0.0104128,0,0,0,0,0.29837,0.29837,-0.00662318,4.46554
F1,0,1000,0,1,0,0.298509,0.299515,0.0204972,0.0204972,-0.0206083,-0.0206083,0.141805,-0.0107129,0.142048,0.0196601,0.00156708,0.00170461,0.00985428,0.00995491,0.064058,0.0206317,0.0204642,0.00942403,0.00942403,3.99262E-07,7.86933E-08,0.0106062,0.0104128,1.80278E-22,0,1.95849E-12,0,0.298509,0.298509,-0.0132456,4.46554
F2,0,1000,0,1,0,0.298509,0.299515,0.0204972,0.0204972,-0.0206083,-0.0206083,0.141805,-0.0107129,0.142048,0.0196601,0.00156708,0.00170461,0.00985428,0.00995491,0.064058,0.0206317,0.0204642,0.00942403,0.00942403,3.99262E-07,7.86933E-08,0.0106062,0.0104128,1.04387E-23,0,4.71276E-13,0,0.298509,0.298509,-0.0132456,4.46554
B,0,1000,0,1,0,0.298509,0.299515,0.0204972,0.0204972,-0.0206083,-0.0206083,0.141805,-0.0107129,0.142048,0.0196601,0.00156708,0.00170461,0.00985428,0.00995491,0.064058,0.0206317,0.0204642,0.00942403,0.00942403,3.99262E-07,7.86933E-08,0.0106062,0.0104128,4.60196E-24,0,3.12913E-13,0,0.298509,0.298509,-0.0132456,4.46554
A,0,1000,0,1,1,0.29837,0.299658,0.0204969,0.0204969,-0.0206087,-0.0206087,0.141735,-0.010713,0.142119,0.0196602,0.00156708,0.00170462,0.00985429,0.00995491,0.0640879,0.0206168,0.0204494,0.00942381,0.00942444,3.99396E-07,7.86485E-08,0.0106063,0.0104128,0,0,0,0,0.29837,0.29837,-0.00662318,4.46554
F1,0,1000,0,1,1,0.298509,0.299515,0.0204972,0.0204972,-0.0206083,-0.0206083,0.141805,-0.0107129,0.142048,0.0196601,0.00156708,0.00170461,0.00985428,0.00995491,0.064058,0.0206317,0.0204642,0.00942403,0.00942403,3.99262E-07,7.86933E-08,0.0106062,0.0104128,2.99434E-25,0,7.99962E-14,0,0.298509,0.298509,-0.0132456,4.46554
F2,0,1000,0,1,1,0.298509,0.299515,0.0204972,0.0204972,-0.0206083,-0.0206083,0.141805,-0.0107129,0.142048,0.0196601,0.00156708,0.00170461,0.00985428,0.00995491,0.064058,0.0206317,0.0204642,0.00942403,0.00942403,3.99262E-07,7.86933E-08,0.0106062,0.0104128,2.84046E-25,0,7.67814E-14,0,0.298509,0.298509,-0.0132456,4.46554
B,0,1000,0,1,1,0.298509,0.299515,0.0204972,0.0204972,-0.0206083,-0.0206083,0.141805,-0.0107129,0.142048,0.0196601,0.00156708,0.00170461,0.00985428,0.00995491,0.064058,0.0206317,0.0204642,0.00942403,0.00942403,3.99262E-07,7.86933E-08,0.0106062,0.0104128,2.91441E-25,0,7.88252E-14,0,0.298509,0.298509,-0.0132456,4.46554
A,0,1000,0,1,2,0.29837,0.299658,0.0204969,0.0204969,-0.0206087,-0.0206087,0.141735,-0.010713,0.142119,0.0196602,0.00156708,0.00170462,0.00985429,0.00995491,0.0640879,0.0206168,0.0204494,0.00942381,0.00942444,3.99396E-07,7.86485E-08,0.0106063,0.0104128,0,0,0,0,0.29837,0.29837,-0.00662318,4.46554
F1,0,1000,0,1,2,0.298509,0.299515,0.0204972,0.0204972,-0.0206083,-0.0206083,0.141805,-0.0107129,0.142048,0.0196601,0.00156708,0.00170461,0.00985428,0.00995491,0.064058,0.0206317,0.0204642,0.00942403,0.00942403,3.99262E-07,7.86933E-08,0.0106062,0.0104128,3.18985E-25,0,8.20038E-14,0,0.298509,0.298509,-0.0132456,4.46554
F2,0,1000,0,1,2,0.298509,0.299515,0.0204972,0.0204972,-0.0206083,-0.0206083,0.141805,-0.0107129,0.142048,0.0196601,0.00156708,0.00170461,0.00985428,0.00995491,0.064058,0.0206317,0.0204642,0.00942403,0.00942403,3.99262E-07,7.86933E-08,0.0106062,0.0104128,1.04389E-23,0,4.71281E-13,0,0.298509,0.298509,-0.0132456,4.46554
B,0,1000,0,1,2,0.298509,0.299515,0.0204972,0.0204972,-0.0206083,-0.0206083,0.141805,-0.0107129,0.142048,0.0196601,0.00156708,0.00170461,0.00985428,0.00995491,0.064058,0.0206317,0.0204642,0.00942403,0.00942403,3.99262E-07,7.86933E-08,0.0106062,0.0104128,4.60196E-24,0,3.12913E-13,0,0.298509,0.298509,-0.0132456,4.46554
A,0,1000,0,1,3,0.29837,0.299658,0.0204969,0.0204969,-0.0206087,-0.0206087,0.141735,-0.010713,0.142119,0.0196602,0.00156708,0.00170462,0.00985429,0.00995491,0.0640879,0.0206168,0.0204494,0.00942381,0.00942444,3.99396E-07,7.86485E-08,0.0106063,0.0104128,0,0,0,0,0.29837,0.29837,-0.00662318,4.46554
F1,0,1000,0,1,3,0.298509,0.299515,0.0204972,0.0204972,-0.0206083,-0.0206083,0.141805,-0.0107129,0.142048,0.0196601,0.00156708,0.00170461,0.00985428,0.00995491,0.064058,0.0206317,0.0204642,0.00942403,0.00942403,3.99262E-07,7.86933E-08,0.0106062,0.0104128,1.80275E-22,0,1.95848E-12,0,0.298509,0.298509,-0.0132456,4.46554
F2,0,1000,0,1,3,0.298509,0.299515,0.0204972,0.0204972,-0.0206083,-0.0206083,0.141805,-0.0107129,0.142048,0.0196601,0.00156708,0.00170461,0.00985428,0.00995491,0.064058,0.0206317,0.0204642,0.00942403,0.00942403,3.99262E-07,7.86933E-08,0.0106062,0.0104128,3.0369E-25,0,8.08264E-14,0,0.298509,0.298509,-0.0132456,4.46554
B,0,1000,0,1,3,0.298509,0.299515,0.0204972,0.0204972,-0.0206083,-0.0206083,0.141805,-0.0107129,0.142048,0.0196601,0.00156708,0.00170461,0.00985428,0.00995491,0.064058,0.0206317,0.0204642,0.00942403,0.00942403,3.99262E-07,7.86933E-08,0.0106062,0.0104128,4.60195E-24,0,3.12912E-13,0,0.298509,0.298509,-0.0132456,4.46554
A,0,1000,0,1,4,0.29837,0.299658,0.0204969,0.0204969,-0.0206087,-0.0206087,0.141735,-0.010713,0.142119,0.0196602,0.00156708,0.00170462,0.00985429,0.00995491,0.0640879,0.0206168,0.0204494,0.00942381,0.00942444,3.99396E-07,7.86485E-08,0.0106063,0.0104128,0,0,0,0,0.29837,0.29837,-0.00662318,4.46554
F1,0,1000,0,1,4,0.298509,0.299515,0.0204972,0.0204972,-0.0206083,-0.0206083,0.141805,-0.0107129,0.142048,0.0196601,0.00156708,0.00170461,0.00985428,0.00995491,0.064058,0.0206317,0.0204642,0.00942403,0.00942403,3.99262E-07,7.86933E-08,0.0106062,0.0104128,1.80274E-22,0,1.95848E-12,0,0.298509,0.298509,-0.0132456,4.46554
F2,0,1000,0,1,4,0.298509,0.299515,0.0204972,0.0204972,-0.0206083,-0.0206083,0.141805,-0.0107129,0.142048,0.0196601,0.00156708,0.00170461,0.00985428,0.00995491,0.064058,0.0206317,0.0204642,0.00942403,0.00942403,3.99262E-07,7.86933E-08,0.0106062,0.0104128,1.04386E-23,0,4.71274E-13,0,0.298509,0.298509,-0.0132456,4.46554
B,0,1000,0,1,4,0.298509,0.299515,0.0204972,0.0204972,-0.0206083,-0.0206083,0.141805,-0.0107129,0.142048,0.0196601,0.00156708,0.00170461,0.00985428,0.00995491,0.064058,0.0206317,0.0204642,0.00942403,0.00942403,3.99262E-07,7.86933E-08,0.0106062,0.0104128,2.96267E-25,0,7.95683E-14,0,0.298509,0.298509,-0.0132456,4.46554
A,0,1000,0,1,5,0.29837,0.299658,0.0204969,0.0204969,-0.0206087,-0.0206087,0.141735,-0.010713,0.142119,0.0196602,0.00156708,0.00170462,0.00985429,0.00995491,0.0640879,0.0206168,0.0204494,0.00942381,0.00942444,3.99396E-07,7.86485E-08,0.0106063,0.0104128,0,0,0,0,0.29837,0.29837,-0.00662318,4.46554
F1,0,1000,0,1,5,0.298509,0.299515,0.0204972,0.0204972,-0.0206083,-0.0206083,0.141805,-0.0107129,0.142048,0.0196601,0.00156708,0.00170461,0.00985428,0.00995491,0.064058,0.0206317,0.0204642,0.00942403,0.00942403,3.99262E-07,7.86933E-08,0.0106062,0.0104128,2.16268E-25,0,6.80785E-14,0,0.298509,0.298509,-0.0132456,4.46554
F2,0,1000,0,1,5,0.298509,0.299515,0.0204972,0.0204972,-0.0206083,-0.0206083,0.141805,-0.0107129,0.142048,0.0196601,0.00156708,0.00170461,0.00985428,0.00995491,0.064058,0.0206317,0.0204642,0.00942403,0.00942403,3.99262E-07,7.86933E-08,0.0106062,0.0104128,1.04387E-23,0,4.71273E-13,0,0.298509,0.298509,-0.0132456,4.46554
B,0,1000,0,1,5,0.298509,0.299515,0.0204972,0.0204972,-0.0206083,-0.0206083,0.141805,-0.0107129,0.142048,0.0196601,0.00156708,0.00170461,0.00985428,0.00995491,0.064058,0.0206317,0.0204642,0.00942403,0.00942403,3.99262E-07,7.86933E-08,0.0106062,0.0104128,4.60189E-24,0,3.12909E-13,0,0.298509,0.298509,-0.0132456,4.46554
A,0,1000,0,1,6,0.29837,0.299658,0.0204969,0.0204969,-0.0206087,-0.0206087,0.141735,-0.010713,0.142119,0.0196602,0.00156708,0.00170462,0.00985429,0.00995491,0.0640879,0.0206168,0.0204494,0.00942381,0.00942444,3.99396E-07,7.86485E-08,0.0106063,0.0104128,0,0,0,0,0.29837,0.29837,-0.00662318,4.46554
F1,0,1000,0,1,6,0.298509,0.299515,0.0204972,0.0204972,-0.0206083,-0.0206083,0.141805,-0.0107129,0.142048,0.0196601,0.00156708,0.00170461,0.00985428,0.00995491,0.064058,0.0206317,0.0204642,0.00942403,0.00942403,3.99262E-07,7.86933E-08,0.0106062,0.0104128,8.7119E-25,0,1.36025E-13,0,0.298509,0.298509,-0.0132456,4.46554
F2,0,1000,0,1,6,0.298509,0.299515,0.0204972,0.0204972,-0.0206083,-0.0206083,0.141805,-0.0107129,0.142048,0.0196601,0.00156708,0.00170461,0.00985428,0.00995491,0.064058,0.0206317,0.0204642,0.00942403,0.00942403,3.99262E-07,7.86933E-08,0.0106062,0.0104128,1.04386E-23,0,4.71272E-13,0,0.298509,0.298509,-0.0132456,4.46554
B,0,1000,0,1,6,0.298509,0.299515,0.0204972,0.0204972,-0.0206083,-0.0206083,0.141805,-0.0107129,0.142048,0.0196601,0.00156708,0.00170461,0.00985428,0.00995491,0.064058,0.0206317,0.0204642,0.00942403,0.00942403,3.99262E-07,7.86933E-08,0.0106062,0.0104128,4.60193E-24,0,3.12911E-13,0,0.298509,0.298509,-0.0132456,4.46554
A,0,1000,0.4243,1,0,0.298363,0.299654,0.0205226,0.0204707,-0.0205951,-0.0206218,0.141734,-0.0107076,0.142119,0.0196602,0.00156708,0.00170462,0.00985429,0.00995492,0.0640879,0.0206167,0.0204494,0.00942372,0.00942434,3.99482E-07,7.86969E-08,0.0106063,0.0104128,0,0,0,0,0.298363,0.298363,0.417621,4.46553
F1,0,1000,0.4243,1,0,0.298501,0.299511,0.0205225,0.0204712,-0.020595,-0.0206211,0.141804,-0.0107075,0.142048,0.0196601,0.00156708,0.00170461,0.00985428,0.00995491,0.0640581,0.0206316,0.0204642,0.00942388,0.00942399,3.99347E-07,7.87422E-08,0.0106062,0.0104128,4.37315E-08,0,3.05034E-05,0,0.298501,0.298501,0.410947,4.46553
F2,0,1000,0.4243,1,0,0.298506,0.299514,0.0205059,0.020488,-0.0206043,-0.0206118,0.141804,-0.0107077,0.142048,0.0196601,0.00156708,0.00170461,0.00985428,0.00995491,0.0640581,0.0206316,0.0204642,0.00942393,0.00942393,3.99341E-07,7.8739E-08,0.0106062,0.0104128,2.06848E-09,0,6.63402E-06,0,0.298506,0.298506,0.410948,4.46553
B,0,1000,0.4243,1,0,0.298506,0.299515,0.0205043,0.0204895,-0.0206027,-0.0206134,0.141804,-0.0107078,0.142048,0.0196601,0.00156708,0.00170461,0.00985428,0.00995491,0.0640581,0.0206316,0.0204642,0.00942393,0.00942393,3.9934E-07,7.87388E-08,0.0106062,0.0104128,8.94426E-10,0,4.36238E-06,0,0.298506,0.298506,0.410948,4.46553
A,0,1000,0.4243,1,1,0.298363,0.299654,0.0205226,0.0204707,-0.0205951,-0.0206218,0.141734,-0.0107076,0.142119,0.0196602,0.00156708,0.00170462,0.00985429,0.00995491,0.0640879,0.0206167,0.0204494,0.00942372,0.00942434,3.99483E-07,7.86968E-08,0.0106063,0.0104128,0,0,0,0,0.298363,0.298363,0.417612,4.46645
F1,0,1000,0.4243,1,1,0.297851,0.298917,0.0241469,0.0168881,-0.0169943,-0.0242634,0.141794,-0.0106554,0.142048,0.0196595,0.00156708,0.00170462,0.00985427,0.00995491,0.0640581,0.0206316,0.0204642,0.0095797,0.00958226,4.07983E-07,8.07579E-08,0.0106065,0.0104128,0.0012598,0,0.00517729,0,0.297803,0.297821,0.410861,4.46645
F2,0,1000,0.4243,1,1,0.297851,0.298917,0.0241469,0.0168881,-0.0169943,-0.0242634,0.141794,-0.0106554,0.142048,0.0196595,0.00156708,0.00170462,0.00985427,0.00995491,0.0640581,0.0206316,0.0204642,0.0095797,0.00958226,4.07983E-07,8.07579E-08,0.0106065,0.0104128,0.0012598,0,0.00517729,0,0.297803,0.297821,0.410861,4.46645
B,0,1000,0.4243,1,1,0.297851,0.298917,0.0241469,0.0168881,-0.0169943,-0.0242634,0.141794,-0.0106554,0.142048,0.0196595,0.00156708,0.00170462,0.00985427,0.00995491,0.0640581,0.0206316,0.0204642,0.0095797,0.00958226,4.07983E-07,8.07579E-08,0.0106065,0.0104128,0.0012598,0,0.00517729,0,0.297803,0.297821,0.410861,4.46645
A,0,1000,0.4243,1,2,0.298363,0.299654,0.0205226,0.0204707,-0.0205951,-0.0206218,0.141734,-0.0107076,0.142119,0.0196602,0.00156708,0.00170462,0.00985429,0.00995491,0.0640879,0.0206167,0.0204494,0.00942372,0.00942434,3.99483E-07,7.86968E-08,0.0106063,0.0104128,0,0,0,0,0.298363,0.298363,0.417613,4.46583
F1,0,1000,0.4243,1,2,0.297851,0.298917,0.0241469,0.0168881,-0.0169943,-0.0242634,0.141794,-0.0106554,0.142048,0.0196595,0.00156708,0.00170462,0.00985427,0.00995491,0.0640581,0.0206316,0.0204642,0.00957969,0.00958227,4.07982E-07,8.0758E-08,0.0106065,0.0104128,0.0012598,0,0.00517729,0,0.297803,0.297821,0.410862,4.46583
F2,0,1000,0.4243,1,2,0.298506,0.299514,0.0205059,0.020488,-0.0206043,-0.0206118,0.141804,-0.0107077,0.142048,0.0196601,0.00156708,0.00170461,0.00985428,0.00995491,0.0640581,0.0206316,0.0204642,0.00942393,0.00942393,3.99341E-07,7.8739E-08,0.0106062,0.0104128,2.06822E-09,0,6.6336E-06,0,0.298506,0.298506,0.410938,4.46583
B,0,1000,0.4243,1,2,0.298506,0.299515,0.0205043,0.0204895,-0.0206027,-0.0206134,0.141804,-0.0107078,0.142048,0.0196601,0.00156708,0.00170461,0.00985428,0.00995491,0.0640581,0.0206316,0.0204642,0.00942393,0.00942393,3.9934E-07,7.87387E-08,0.0106062,0.0104128,8.94314E-10,0,4.36211E-06,0,0.298506,0.298506,0.410938,4.46583
A,0,1000,0.4243,1,3,0.298363,0.299654,0.0205226,0.0204707,-0.0205951,-0.0206218,0.141734,-0.0107076,0.142119,0.0196602,0.00156708,0.00170462,0.00985429,0.00995491,0.0640879,0.0206167,0.0204494,0.00942372,0.00942434,3.99483E-07,7.86968E-08,0.0106063,0.0104128,0,0,0,0,0.298363,0.298363,0.417613,4.46583
F1,0,1000,0.4243,1,3,0.298501,0.299512,0.0205225,0.0204712,-0.020595,-0.0206211,0.141804,-0.0107075,0.142048,0.0196601,0.00156708,0.00170461,0.00985428,0.00995491,0.0640581,0.0206316,0.0204642,0.00942388,0.00942399,3.99347E-07,7.87422E-08,0.0106062,0.0104128,4.3726E-08,0,3.05015E-05,0,0.298501,0.298501,0.410938,4.46583
F2,0,1000,0.4243,1,3,0.297851,0.298917,0.0241469,0.0168881,-0.0169943,-0.0242634,0.141794,-0.0106554,0.142048,0.0196595,0.00156708,0.00170462,0.00985427,0.00995491,0.0640581,0.0206316,0.0204642,0.00957969,0.00958227,4.07982E-07,8.0758E-08,0.0106065,0.0104128,0.0012598,0,0.00517729,0,0.297803,0.297821,0.410862,4.46583
B,0,1000,0.4243,1,3,0.298506,0.299515,0.0205043,0.0204895,-0.0206027,-0.0206134,0.141804,-0.0107078,0.142048,0.0196601,0.00156708,0.00170461,0.00985428,0.00995491,0.0640581,0.0206316,0.0204642,0.00942393,0.00942393,3.9934E-07,7.87387E-08,0.0106062,0.0104128,8.94314E-10,0,4.36211E-06,0,0.298506,0.298506,0.410938,4.46583
A,0,1000,0.4243,1,4,0.298363,0.299654,0.0205226,0.0204707,-0.0205951,-0.0206218,0.141734,-0.0107076,0.142119,0.0196602,0.00156708,0.00170462,0.00985429,0.00995491,0.0640879,0.0206167,0.0204494,0.00942372,0.00942434,3.99483E-07,7.86968E-08,0.0106063,0.0104128,0,0,0,0,0.298363,0.298363,0.417613,4.46583
F1,0,1000,0.4243,1,4,0.298501,0.299512,0.0205225,0.0204712,-0.020595,-0.0206211,0.141804,-0.0107075,0.142048,0.0196601,0.00156708,0.00170461,0.00985428,0.00995491,0.0640581,0.0206316,0.0204642,0.00942388,0.00942399,3.99347E-07,7.87422E-08,0.0106062,0.0104128,4.3726E-08,0,3.05015E-05,0,0.298501,0.298501,0.410938,4.46583
F2,0,1000,0.4243,1,4,0.298506,0.299514,0.0205059,0.020488,-0.0206043,-0.0206118,0.141804,-0.0107077,0.142048,0.0196601,0.00156708,0.00170461,0.00985428,0.00995491,0.0640581,0.0206316,0.0204642,0.00942393,0.00942393,3.99341E-07,7.8739E-08,0.0106062,0.0104128,2.06822E-09,0,6.6336E-06,0,0.298506,0.298506,0.410938,4.46583
B,0,1000,0.4243,1,4,0.297851,0.298917,0.0241469,0.0168881,-0.0169943,-0.0242634,0.141794,-0.0106554,0.142048,0.0196595,0.00156708,0.00170462,0.00985427,0.00995491,0.0640581,0.0206316,0.0204642,0.00957969,0.00958227,4.07982E-07,8.0758E-08,0.0106065,0.0104128,0.0012598,0,0.00517729,0,0.297803,0.297821,0.410862,4.46583
A,0,1000,0.4243,1,5,0.298363,0.299654,0.0205226,0.0204707,-0.0205951,-0.0206218,0.141734,-0.0107076,0.142119,0.0196602,0.00156708,0.00170462,0.00985429,0.00995491,0.0640879,0.0206167,0.0204494,0.00942372,0.00942434,3.99483E-07,7.86968E-08,0.0106063,0.0104128,0,0,0,0,0.298363,0.298363,0.417614,4.46576
F1,0,1000,0.4243,1,5,0.297903,0.298956,0.0236849,0.01734,-0.0174488,-0.0237987,0.141795,-0.0106619,0.142048,0.0196596,0.00156708,0.00170462,0.00985427,0.00995491,0.0640581,0.0206316,0.0204642,0.00954287,0.00954476,4.06161E-07,8.03569E-08,0.0106064,0.0104128,0.000962143,0,0.0045245,0,0.297867,0.297879,0.41086,4.46576
F2,0,1000,0.4243,1,5,0.298506,0.299514,0.0205059,0.020488,-0.0206043,-0.0206118,0.141804,-0.0107077,0.142048,0.0196601,0.00156708,0.00170461,0.00985428,0.00995491,0.0640581,0.0206316,0.0204642,0.00942393,0.00942393,3.99341E-07,7.8739E-08,0.0106062,0.0104128,2.06826E-09,0,6.63366E-06,0,0.298506,0.298506,0.41094,4.46576
B,0,1000,0.4243,1,5,0.298506,0.299515,0.0205043,0.0204895,-0.0206027,-0.0206134,0.141804,-0.0107078,0.142048,0.0196601,0.00156708,0.00170461,0.00985428,0.00995491,0.0640581,0.0206316,0.0204642,0.00942393,0.00942393,3.9934E-07,7.87387E-08,0.0106062,0.0104128,8.9433E-10,0,4.36214E-06,0,0.298506,0.298506,0.41094,4.46576
A,0,1000,0.4243,1,6,0.298363,0.299654,0.0205226,0.0204707,-0.0205951,-0.0206218,0.141734,-0.0107076,0.142119,0.0196602,0.00156708,0.00170462,0.00985429,0.00995492,0.0640879,0.0206167,0.0204494,0.00942372,0.00942434,3.99482E-07,7.86969E-08,0.0106063,0.0104128,0,0,0,0,0.298363,0.298363,0.417618,4.46557
F1,0,1000,0.4243,1,6,0.298209,0.299231,0.0218968,0.0191022,-0.0192202,-0.0220018,0.141799,-0.0106876,0.142048,0.0196599,0.00156708,0.00170461,0.00985428,0.00995491,0.0640581,0.0206316,0.0204642,0.0094468,0.00944727,4.01038E-07,7.91849E-08,0.0106062,0.0104128,0.00018599,0,0.00198928,0,0.2982,0.298206,0.410891,4.46557
F2,0,1000,0.4243,1,6,0.298506,0.299514,0.0205059,0.020488,-0.0206043,-0.0206118,0.141804,-0.0107077,0.142048,0.0196601,0.00156708,0.00170461,0.00985428,0.00995491,0.0640581,0.0206316,0.0204642,0.00942393,0.00942393,3.99341E-07,7.8739E-08,0.0106062,0.0104128,2.06837E-09,0,6.63384E-06,0,0.298506,0.298506,0.410944,4.46557
B,0,1000,0.4243,1,6,0.298506,0.299515,0.0205043,0.0204895,-0.0206027,-0.0206134,0.141804,-0.0107078,0.142048,0.0196601,0.00156708,0.00170461,0.00985428,0.00995491,0.0640581,0.0206316,0.0204642,0.00942393,0.00942393,3.9934E-07,7.87387E-08,0.0106062,0.0104128,8.94378E-10,0,4.36226E-06,0,0.298506,0.298506,0.410944,4.46557
A,0,1000,1.4142,1,0,0.298289,0.299607,0.0205807,0.0204075,-0.0205615,-0.0206503,0.141722,-0.0106948,0.14212,0.0196598,0.00156708,0.00170462,0.00985429,0.00995491,0.0640885,0.0206163,0.0204492,0.0094228,0.00942335,4.00373E-07,7.91839E-08,0.0106062,0.0104128,0,0,0,0,0.298289,0.298289,1.40726,4.46538
F1,0,1000,1.4142,1,0,0.298426,0.299467,0.0205798,0.0204085,-0.0205622,-0.0206491,0.141792,-0.0106948,0.14205,0.0196597,0.00156708,0.00170461,0.00985428,0.00995491,0.0640587,0.0206312,0.020464,0.00942281,0.00942314,4.00229E-07,7.92305E-08,0.0106061,0.0104128,4.85581E-07,0,0.000101644,0,0.298426,0.298427,1.40048,4.46538
F2,0,1000,1.4142,1,0,0.298469,0.299505,0.0205244,0.0204645,-0.0205929,-0.020618,0.141793,-0.0106955,0.14205,0.0196597,0.00156708,0.00170461,0.00985428,0.00995491,0.0640587,0.0206312,0.020464,0.00942293,0.00942293,4.00147E-07,7.91986E-08,0.0106061,0.0104128,2.29677E-08,0,2.2106E-05,0,0.298469,0.298469,1.40048,4.46538
B,0,1000,1.4142,1,0,0.298473,0.299508,0.0205191,0.0204698,-0.0205876,-0.0206233,0.141793,-0.0106956,0.14205,0.0196597,0.00156708,0.00170461,0.00985428,0.00995491,0.0640587,0.0206312,0.020464,0.00942293,0.00942293,4.00139E-07,7.91956E-08,0.0106061,0.0104128,9.93142E-09,0,1.45364E-05,0,0.298473,0.298473,1.40048,4.46538
A,0,1000,1.4142,1,1,0.298289,0.299607,0.0205807,0.0204075,-0.0205615,-0.0206503,0.141722,-0.0106948,0.14212,0.0196598,0.00156708,0.00170462,0.00985429,0.00995491,0.0640885,0.0206163,0.0204492,0.0094228,0.00942335,4.00373E-07,7.91841E-08,0.0106062,0.0104128,0,0,0,0,0.298289,0.298289,1.40724,4.47702
F1,0,1000,1.4142,1,1,0.29166,0.29282,0.0328616,0.00866696,-0.00876468,-0.0329916,0.141681,-0.0105224,0.14205,0.0196537,0.00156707,0.00170475,0.0098541,0.00995489,0.0640587,0.020631,0.0204643,0.0111842,0.0111792,4.98049E-07,1.01922E-07,0.0106103,0.0104128,0.013994,0,0.0172553,0,0.291466,0.291588,1.40021,4.47702
F2,0,1000,1.4142,1,1,0.29166,0.29282,0.0328616,0.00866696,-0.00876468,-0.0329916,0.141681,-0.0105224,0.14205,0.0196537,0.00156707,0.00170475,0.0098541,0.00995489,0.0640587,0.020631,0.0204643,0.0111842,0.0111792,4.98049E-07,1.01922E-07,0.0106103,0.0104128,0.013994,0,0.0172553,0,0.291466,0.291588,1.40021,4.47702
B,0,1000,1.4142,1,1,0.29166,0.29282,0.0328616,0.00866696,-0.00876468,-0.0329916,0.141681,-0.0105224,0.14205,0.0196537,0.00156707,0.00170475,0.0098541,0.00995489,0.0640587,0.020631,0.0204643,0.0111842,0.0111792,4.98049E-07,1.01922E-07,0.0106103,0.0104128,0.013994,0,0.0172553,0,0.291466,0.291588,1.40021,4.47702
A,0,1000,1.4142,1,2,0.298289,0.299607,0.0205807,0.0204075,-0.0205615,-0.0206503,0.141722,-0.0106948,0.14212,0.0196598,0.00156708,0.00170462,0.00985429,0.00995491,0.0640886,0.0206163,0.0204492,0.0094228,0.00942335,4.00373E-07,7.91837E-08,0.0106062,0.0104128,0,0,0,0,0.298289,0.298289,1.40731,4.46926
F1,0,1000,1.4142,1,2,0.291679,0.292804,0.0328621,0.00866661,-0.00876423,-0.0329922,0.14168,-0.0105224,0.14205,0.0196537,0.00156707,0.00170475,0.0098541,0.00995489,0.0640587,0.0206309,0.0204643,0.0111853,0.011178,4.98093E-07,1.0191E-07,0.0106103,0.0104128,0.0139933,0,0.0172549,0,0.291467,0.291624,1.40029,4.46926
F2,0,1000,1.4142,1,2,0.298469,0.299505,0.0205244,0.0204645,-0.0205929,-0.020618,0.141793,-0.0106955,0.14205,0.0196597,0.00156708,0.00170461,0.00985428,0.00995491,0.0640587,0.0206312,0.020464,0.00942293,0.00942293,4.00147E-07,7.91983E-08,0.0106061,0.0104128,2.29653E-08,0,2.21048E-05,0,0.298469,0.298469,1.40053,4.46926
B,0,1000,1.4142,1,2,0.298473,0.299508,0.0205191,0.0204698,-0.0205876,-0.0206233,0.141793,-0.0106956,0.14205,0.0196597,0.00156708,0.00170461,0.00985428,0.00995491,0.0640587,0.0206312,0.020464,0.00942293,0.00942293,4.00139E-07,7.91954E-08,0.0106061,0.0104128,9.93035E-09,0,1.45356E-05,0,0.298472,0.298473,1.40053,4.46926
A,0,1000,1.4142,1,3,0.298289,0.299607,0.0205807,0.0204075,-0.0205615,-0.0206503,0.141722,-0.0106948,0.14212,0.0196598,0.00156708,0.00170462,0.00985429,0.00995491,0.0640886,0.0206163,0.0204492,0.0094228,0.00942335,4.00373E-07,7.91837E-08,0.0106062,0.0104128,0,0,0,0,0.298289,0.298289,1.40731,4.46926
F1,0,1000,1.4142,1,3,0.298426,0.299467,0.0205798,0.0204085,-0.0205622,-0.0206491,0.141792,-0.0106948,0.14205,0.0196597,0.00156708,0.00170461,0.00985428,0.00995491,0.0640587,0.0206312,0.020464,0.00942281,0.00942314,4.00229E-07,7.92303E-08,0.0106061,0.0104128,4.85528E-07,0,0.000101639,0,0.298426,0.298426,1.40053,4.46926
F2,0,1000,1.4142,1,3,0.291679,0.292804,0.0328621,0.00866661,-0.00876423,-0.0329922,0.14168,-0.0105224,0.14205,0.0196537,0.00156707,0.00170475,0.0098541,0.00995489,0.0640587,0.0206309,0.0204643,0.0111853,0.011178,4.98093E-07,1.0191E-07,0.0106103,0.0104128,0.0139933,0,0.0172549,0,0.291467,0.291624,1.40029,4.46926
B,0,1000,1.4142,1,3,0.298473,0.299508,0.0205191,0.0204698,-0.0205876,-0.0206233,0.141793,-0.0106956,0.14205,0.0196597,0.00156708,0.00170461,0.00985428,0.00995491,0.0640587,0.0206312,0.020464,0.00942293,0.00942293,4.00139E-07,7.91954E-08,0.0106061,0.0104128,9.93035E-09,0,1.45356E-05,0,0.298472,0.298473,1.40053,4.46926
A,0,1000,1.4142,1,4,0.298289,0.299607,0.0205807,0.0204075,-0.0205615,-0.0206503,0.141722,-0.0106948,0.14212,0.0196598,0.00156708,0.00170462,0.00985429,0.00995491,0.0640886,0.0206163,0.0204492,0.0094228,0.00942335,4.00373E-07,7.91837E-08,0.0106062,0.0104128,0,0,0,0,0.298289,0.298289,1.40731,4.46926
F1,0,1000,1.4142,1,4,0.298426,0.299467,0.0205798,0.0204085,-0.0205622,-0.0206491,0.141792,-0.0106948,0.14205,0.0196597,0.00156708,0.00170461,0.00985428,0.00995491,0.0640587,0.0206312,0.020464,0.00942281,0.00942314,4.00229E-07,7.92303E-08,0.0106061,0.0104128,4.85528E-07,0,0.000101639,0,0.298426,0.298426,1.40053,4.46926
F2,0,1000,1.4142,1,4,0.298469,0.299505,0.0205244,0.0204645,-0.0205929,-0.020618,0.141793,-0.0106955,0.14205,0.0196597,0.00156708,0.00170461,0.00985428,0.00995491,0.0640587,0.0206312,0.020464,0.00942293,0.00942293,4.00147E-07,7.91983E-08,0.0106061,0.0104128,2.29653E-08,0,2.21048E-05,0,0.298469,0.298469,1.40053,4.46926
B,0,1000,1.4142,1,4,0.291679,0.292804,0.0328621,0.00866661,-0.00876423,-0.0329922,0.14168,-0.0105224,0.14205,0.0196537,0.00156707,0.00170475,0.0098541,0.00995489,0.0640587,0.0206309,0.0204643,0.0111853,0.011178,4.98093E-07,1.0191E-07,0.0106103,0.0104128,0.0139933,0,0.0172548,0,0.291467,0.291625,1.40029,4.46926
A,0,1000,1.4142,1,5,0.298289,0.299607,0.0205807,0.0204075,-0.0205615,-0.0206503,0.141722,-0.0106948,0.14212,0.0196598,0.00156708,0.00170462,0.00985429,0.00995491,0.0640886,0.0206163,0.0204492,0.0094228,0.00942335,4.00373E-07,7.91837E-08,0.0106062,0.0104128,0,0,0,0,0.298289,0.298289,1.40731,4.46822
F1,0,1000,1.4142,1,5,0.292104,0.293204,0.0312626,0.0101164,-0.0102219,-0.0313836,0.141691,-0.0105438,0.14205,0.0196546,0.00156707,0.00170472,0.00985414,0.00995489,0.0640587,0.0206309,0.0204643,0.0107659,0.0107588,4.77262E-07,9.73515E-08,0.0106094,0.0104128,0.0106861,0,0.0150786,0,0.291939,0.292062,1.40027,4.46822
F2,0,1000,1.4142,1,5,0.298469,0.299505,0.0205244,0.0204645,-0.0205929,-0.020618,0.141793,-0.0106955,0.14205,0.0196597,0.00156708,0.00170461,0.00985428,0.00995491,0.0640587,0.0206312,0.020464,0.00942293,0.00942293,4.00147E-07,7.91983E-08,0.0106061,0.0104128,2.29651E-08,0,2.21048E-05,0,0.298468,0.298469,1.40053,4.46822
B,0,1000,1.4142,1,5,0.298473,0.299508,0.0205191,0.0204698,-0.0205876,-0.0206233,0.141793,-0.0106956,0.14205,0.0196597,0.00156708,0.00170461,0.00985428,0.00995491,0.0640587,0.0206312,0.020464,0.00942293,0.00942293,4.00139E-07,7.91954E-08,0.0106061,0.0104128,9.93031E-09,0,1.45356E-05,0,0.298472,0.298473,1.40053,4.46822
A,0,1000,1.4142,1,6,0.298289,0.299607,0.0205807,0.0204075,-0.0205615,-0.0206503,0.141722,-0.0106948,0.14212,0.0196598,0.00156708,0.00170462,0.00985429,0.00995491,0.0640886,0.0206163,0.0204492,0.0094228,0.00942335,4.00373E-07,7.91836E-08,0.0106062,0.0104128,0,0,0,0,0.298289,0.298289,1.40733,4.46585
F1,0,1000,1.4142,1,6,0.295243,0.296301,0.0251818,0.0158683,-0.0160029,-0.0252729,0.141745,-0.0106285,0.14205,0.0196578,0.00156708,0.00170464,0.00985424,0.0099549,0.0640587,0.020631,0.0204642,0.00968133,0.00967811,4.19256E-07,8.41598E-08,0.010607,0.0104128,0.00206508,0,0.00662856,0,0.2952,0.295242,1.40038,4.46585
F2,0,1000,1.4142,1,6,0.298469,0.299505,0.0205244,0.0204645,-0.0205929,-0.020618,0.141793,-0.0106955,0.14205,0.0196597,0.00156708,0.00170461,0.00985428,0.00995491,0.0640587,0.0206312,0.020464,0.00942293,0.00942293,4.00147E-07,7.91982E-08,0.0106061,0.0104128,2.29638E-08,0,2.21041E-05,0,0.298468,0.298469,1.40055,4.46585
B,0,1000,1.4142,1,6,0.298473,0.299508,0.0205191,0.0204698,-0.0205876,-0.0206233,0.141793,-0.0106956,0.14205,0.0196597,0.00156708,0.00170461,0.00985428,0.00995491,0.0640587,0.0206312,0.020464,0.00942293,0.00942293,4.00139E-07,7.91953E-08,0.0106061,0.0104128,9.92975E-09,0,1.45352E-05,0,0.298472,0.298473,1.40055,4.46585
A,0,1000,2.8284,1,0,0.298046,0.299452,0.0206593,0.0203123,-0.020509,-0.0206855,0.141684,-0.0106762,0.142125,0.0196584,0.00156708,0.0017046,0.00985429,0.00995491,0.0640905,0.0206147,0.0204487,0.00941972,0.00942005,4.03329E-07,8.08247E-08,0.010606,0.0104128,0,0,0,0,0.298046,0.298047,2.82124,4.46488
F1,0,1000,2.8284,1,0,0.298183,0.299318,0.0206573,0.020314,-0.020511,-0.0206835,0.141754,-0.0106762,0.142055,0.0196583,0.00156708,0.00170458,0.00985428,0.00995491,0.0640607,0.0206297,0.0204635,0.00941953,0.00942004,4.03169E-07,8.0873E-08,0.0106058,0.0104128,1.94272E-06,0,0.000203309,0,0.298182,0.298183,2.81426,4.46488
F2,0,1000,2.8284,1,0,0.298347,0.299472,0.0205465,0.0204259,-0.0205713,-0.0206228,0.141757,-0.0106777,0.142055,0.0196584,0.00156708,0.00170458,0.00985428,0.00995491,0.0640607,0.0206297,0.0204635,0.00941962,0.0094196,4.02824E-07,8.0746E-08,0.0106058,0.0104128,9.18899E-08,0,4.42166E-05,0,0.298347,0.298348,2.81426,4.46488
B,0,1000,2.8284,1,0,0.298363,0.299487,0.0205359,0.0204366,-0.0205607,-0.0206333,0.141757,-0.0106779,0.142055,0.0196584,0.00156708,0.00170458,0.00985428,0.00995491,0.0640607,0.0206297,0.0204635,0.00941962,0.0094196,4.02791E-07,8.07342E-08,0.0106058,0.0104128,3.97339E-08,0,2.90758E-05,0,0.298363,0.298363,2.81426,4.46488
A,0,1000,2.8284,1,1,0.298046,0.299452,0.0206593,0.0203123,-0.020509,-0.0206855,0.141684,-0.0106762,0.142125,0.0196584,0.00156708,0.0017046,0.00985429,0.00995491,0.0640906,0.0206147,0.0204487,0.00941972,0.00942005,4.0333E-07,8.08236E-08,0.010606,0.0104128,0,0,0,0,0.298045,0.298046,2.82114,4.57626
F1,0,1000,2.8284,1,1,0.281363,0.282639,0.0483336,4.57713E-05,-5.66875E-05,-0.0485963,0.141344,-0.0103412,0.142055,0.0196266,0.00156705,0.00170566,0.00985308,0.00995472,0.0640607,0.0206289,0.0204643,0.0171899,0.0171753,8.40425E-07,1.85312E-07,0.0106307,0.0104128,0.0559751,0,0.0345103,0,0.280952,0.28123,2.81377,4.57626
F2,0,1000,2.8284,1,1,0.281363,0.282639,0.0483336,4.57713E-05,-5.66875E-05,-0.0485963,0.141344,-0.0103412,0.142055,0.0196266,0.00156705,0.00170566,0.00985308,0.00995472,0.0640607,0.0206289,0.0204643,0.0171899,0.0171753,8.40425E-07,1.85312E-07,0.0106307,0.0104128,0.0559751,0,0.0345103,0,0.280952,0.28123,2.81377,4.57626
B,0,1000,2.8284,1,1,0.281363,0.282639,0.0483336,4.57715E-05,-5.66877E-05,-0.0485963,0.141344,-0.0103412,0.142055,0.0196266,0.00156705,0.00170566,0.00985308,0.00995472,0.0640607,0.0206289,0.0204643,0.0171899,0.0171753,8.40425E-07,1.85312E-07,0.0106307,0.0104128,0.0559751,0,0.0345103,0,0.280952,0.28123,2.81377,4.57626
A,0,1000,2.8284,1,2,0.298046,0.299452,0.0206593,0.0203123,-0.020509,-0.0206855,0.141684,-0.0106762,0.142125,0.0196584,0.00156708,0.0017046,0.00985429,0.00995491,0.0640906,0.0206147,0.0204487,0.00941972,0.00942005,4.0333E-07,8.08236E-08,0.010606,0.0104128,0,0,0,0,0.298045,0.298046,2.82113,4.50201
F1,0,1000,2.8284,1,2,0.281362,0.28264,0.0483336,4.57724E-05,-5.66894E-05,-0.0485962,0.141344,-0.0103412,0.142055,0.0196266,0.00156705,0.00170566,0.00985308,0.00995472,0.0640607,0.0206289,0.0204643,0.0171899,0.0171754,8.40423E-07,1.85313E-07,0.0106307,0.0104128,0.0559753,0,0.0345103,0,0.280952,0.281227,2.81376,4.50201
F2,0,1000,2.8284,1,2,0.298347,0.299472,0.0205465,0.0204259,-0.0205713,-0.0206228,0.141756,-0.0106777,0.142055,0.0196584,0.00156708,0.00170458,0.00985429,0.0099549,0.0640607,0.0206296,0.0204635,0.00941962,0.0094196,4.02825E-07,8.07449E-08,0.0106058,0.0104128,9.18711E-08,0,4.4212E-05,0,0.298347,0.298347,2.81421,4.50201
B,0,1000,2.8284,1,2,0.298363,0.299487,0.0205359,0.0204366,-0.0205607,-0.0206333,0.141757,-0.0106779,0.142055,0.0196584,0.00156708,0.00170458,0.00985429,0.0099549,0.0640607,0.0206296,0.0204635,0.00941962,0.0094196,4.02792E-07,8.07332E-08,0.0106058,0.0104128,3.97258E-08,0,2.90728E-05,0,0.298362,0.298363,2.81421,4.50201
A,0,1000,2.8284,1,3,0.298046,0.299452,0.0206593,0.0203123,-0.020509,-0.0206855,0.141684,-0.0106762,0.142125,0.0196584,0.00156708,0.0017046,0.00985429,0.00995491,0.0640906,0.0206147,0.0204487,0.00941972,0.00942005,4.0333E-07,8.08236E-08,0.010606,0.0104128,0,0,0,0,0.298045,0.298046,2.82113,4.502
F1,0,1000,2.8284,1,3,0.298182,0.299318,0.0206573,0.020314,-0.020511,-0.0206835,0.141754,-0.0106762,0.142055,0.0196583,0.00156708,0.00170458,0.00985429,0.0099549,0.0640607,0.0206296,0.0204635,0.00941953,0.00942004,4.03169E-07,8.08719E-08,0.0106058,0.0104128,1.94232E-06,0,0.000203288,0,0.298181,0.298183,2.8142,4.502
F2,0,1000,2.8284,1,3,0.281362,0.28264,0.0483336,4.57723E-05,-5.66892E-05,-0.0485962,0.141344,-0.0103412,0.142055,0.0196266,0.00156705,0.00170566,0.00985308,0.00995472,0.0640607,0.0206289,0.0204643,0.0171899,0.0171754,8.40423E-07,1.85313E-07,0.0106307,0.0104128,0.0559753,0,0.0345103,0,0.280952,0.281227,2.81376,4.502
B,0,1000,2.8284,1,3,0.298363,0.299487,0.0205359,0.0204366,-0.0205607,-0.0206333,0.141757,-0.0106779,0.142055,0.0196584,0.00156708,0.00170458,0.00985429,0.0099549,0.0640607,0.0206296,0.0204635,0.00941962,0.0094196,4.02792E-07,8.07332E-08,0.0106058,0.0104128,3.97257E-08,0,2.90728E-05,0,0.298362,0.298363,2.81421,4.502
A,0,1000,2.8284,1,4,0.298046,0.299452,0.0206593,0.0203123,-0.020509,-0.0206855,0.141684,-0.0106762,0.142125,0.0196584,0.00156708,0.0017046,0.00985429,0.00995491,0.0640906,0.0206147,0.0204487,0.00941972,0.00942005,4.0333E-07,8.08236E-08,0.010606,0.0104128,0,0,0,0,0.298045,0.298046,2.82113,4.502
F1,0,1000,2.8284,1,4,0.298182,0.299318,0.0206573,0.020314,-0.020511,-0.0206835,0.141754,-0.0106762,0.142055,0.0196583,0.00156708,0.00170458,0.00985429,0.0099549,0.0640607,0.0206296,0.0204635,0.00941953,0.00942004,4.03169E-07,8.08719E-08,0.0106058,0.0104128,1.94232E-06,0,0.000203288,0,0.298181,0.298183,2.8142,4.502
F2,0,1000,2.8284,1,4,0.298347,0.299472,0.0205465,0.0204259,-0.0205713,-0.0206228,0.141756,-0.0106777,0.142055,0.0196584,0.00156708,0.00170458,0.00985429,0.0099549,0.0640607,0.0206296,0.0204635,0.00941962,0.0094196,4.02825E-07,8.07449E-08,0.0106058,0.0104128,9.1871E-08,0,4.4212E-05,0,0.298347,0.298347,2.81421,4.502
B,0,1000,2.8284,1,4,0.281362,0.28264,0.0483336,4.57724E-05,-5.66894E-05,-0.0485962,0.141344,-0.0103412,0.142055,0.0196266,0.00156705,0.00170566,0.00985308,0.00995472,0.0640607,0.0206289,0.0204643,0.0171899,0.0171754,8.40423E-07,1.85313E-07,0.0106307,0.0104128,0.0559752,0,0.0345103,0,0.280952,0.281227,2.81376,4.502
A,0,1000,2.8284,1,5,0.298046,0.299452,0.0206593,0.0203123,-0.020509,-0.0206855,0.141684,-0.0106762,0.142125,0.0196584,0.00156708,0.0017046,0.00985429,0.00995491,0.0640906,0.0206147,0.0204487,0.00941972,0.00942005,4.0333E-07,8.08239E-08,0.010606,0.0104128,0,0,0,0,0.298046,0.298046,2.8211,4.48363
F1,0,1000,2.8284,1,5,0.276388,0.277664,0.0432263,0.00096715,-0.00104914,-0.0433936,0.141358,-0.0103778,0.142056,0.0196352,0.00156706,0.00170522,0.00985355,0.0099548,0.0640607,0.0206287,0.0204644,0.0150327,0.0150027,7.29241E-07,1.59598E-07,0.010622,0.0104128,0.0427475,0,0.0301583,0,0.276068,0.276271,2.81365,4.48363
F2,0,1000,2.8284,1,5,0.298347,0.299472,0.0205465,0.0204259,-0.0205713,-0.0206228,0.141756,-0.0106777,0.142055,0.0196584,0.00156708,0.00170458,0.00985429,0.0099549,0.0640607,0.0206297,0.0204635,0.00941962,0.0094196,4.02824E-07,8.07452E-08,0.0106058,0.0104128,9.18757E-08,0,4.42132E-05,0,0.298347,0.298347,2.81416,4.48363
B,0,1000,2.8284,1,5,0.298363,0.299487,0.0205359,0.0204366,-0.0205607,-0.0206333,0.141757,-0.0106779,0.142055,0.0196584,0.00156708,0.00170458,0.00985429,0.0099549,0.0640607,0.0206297,0.0204635,0.00941962,0.0094196,4.02791E-07,8.07334E-08,0.0106058,0.0104128,3.97278E-08,0,2.90736E-05,0,0.298362,0.298363,2.81416,4.48363
A,0,1000,2.8284,1,6,0.298046,0.299452,0.0206593,0.0203123,-0.020509,-0.0206855,0.141684,-0.0106762,0.142125,0.0196584,0.00156708,0.0017046,0.00985429,0.00995491,0.0640906,0.0206147,0.0204487,0.00941972,0.00942005,4.03329E-07,8.08241E-08,0.010606,0.0104128,0,0,0,0,0.298046,0.298046,2.82115,4.46688
F1,0,1000,2.8284,1,6,0.285518,0.286691,0.0299349,0.0113069,-0.0114672,-0.0300058,0.141565,-0.0105436,0.142055,0.0196506,0.00156707,0.00170473,0.00985413,0.00995488,0.0640607,0.020629,0.0204642,0.0104587,0.010443,4.80431E-07,1.01268E-07,0.0106095,0.0104128,0.0082623,0,0.0132587,0,0.285429,0.2855,2.8138,4.46688
F2,0,1000,2.8284,1,6,0.298347,0.299472,0.0205465,0.0204259,-0.0205713,-0.0206228,0.141756,-0.0106777,0.142055,0.0196584,0.00156708,0.00170458,0.00985428,0.0099549,0.0640607,0.0206297,0.0204635,0.00941962,0.0094196,4.02824E-07,8.07454E-08,0.0106058,0.0104128,9.18805E-08,0,4.42143E-05,0,0.298347,0.298348,2.81416,4.46688
B,0,1000,2.8284,1,6,0.298363,0.299487,0.0205359,0.0204366,-0.0205607,-0.0206333,0.141757,-0.0106779,0.142055,0.0196584,0.00156708,0.00170458,0.00985429,0.0099549,0.0640607,0.0206297,0.0204635,0.00941962,0.0094196,4.02791E-07,8.07337E-08,0.0106058,0.0104128,3.97298E-08,0,2.90743E-05,0,0.298362,0.298363,2.81416,4.46688
A,0,1000,3.818,1,0,0.297779,0.299283,0.0207113,0.0202417,-0.0204694,-0.0207059,0.141642,-0.0106629,0.14213,0.0196569,0.00156708,0.00170457,0.00985429,0.00995491,0.0640926,0.0206131,0.0204482,0.0094163,0.0094164,4.06608E-07,8.26877E-08,0.0106057,0.0104128,0,0,0,0,0.297779,0.29778,3.81087,4.46432
F1,0,1000,3.818,1,0,0.297915,0.299153,0.0207085,0.0202439,-0.0204722,-0.0207034,0.141712,-0.0106628,0.14206,0.0196568,0.00156708,0.00170456,0.00985428,0.0099549,0.0640628,0.020628,0.020463,0.00941597,0.00941652,4.06434E-07,8.27372E-08,0.0106056,0.0104128,3.54097E-06,0,0.000274481,0,0.297915,0.297916,3.80378,4.46432
F2,0,1000,3.818,1,0,0.298213,0.299436,0.020559,0.0203952,-0.020552,-0.020624,0.141716,-0.0106649,0.14206,0.019657,0.00156708,0.00170456,0.00985428,0.0099549,0.0640628,0.020628,0.020463,0.00941596,0.0094159,4.05793E-07,8.2502E-08,0.0106055,0.0104128,1.67486E-07,0,5.96954E-05,0,0.298214,0.298214,3.80379,4.46432
B,0,1000,3.818,1,0,0.298241,0.299463,0.0205447,0.0204095,-0.0205377,-0.0206375,0.141717,-0.0106651,0.14206,0.019657,0.00156708,0.00170456,0.00985428,0.0099549,0.0640628,0.020628,0.020463,0.00941595,0.0094159,4.05731E-07,8.24802E-08,0.0106055,0.0104128,7.24224E-08,0,3.92543E-05,0,0.298242,0.298242,3.80379,4.46432
A,0,1000,3.818,1,1,0.297779,0.299283,0.0207113,0.0202417,-0.0204694,-0.0207059,0.141642,-0.0106629,0.14213,0.0196569,0.00156708,0.00170457,0.00985429,0.00995491,0.0640927,0.0206131,0.0204481,0.00941631,0.0094164,4.06609E-07,8.26864E-08,0.0106057,0.0104128,0,0,0,0,0.297779,0.297779,3.81078,4.89055
F1,0,1000,3.818,1,1,0.301332,0.302859,0.0651349,-1.24434E-08,-2.07472E-09,-0.0655081,0.14106,-0.0102224,0.142059,0.0195709,0.00156699,0.00170816,0.00985047,0.00995423,0.0640627,0.0206272,0.0204638,0.026684,0.0267041,1.41093E-06,3.34413E-07,0.0106778,0.0104128,0.102008,0,0.0465873,0,0.300907,0.301071,3.8033,4.89055
F2,0,1000,3.818,1,1,0.301332,0.302859,0.0651349,-1.24434E-08,-2.07472E-09,-0.0655081,0.14106,-0.0102224,0.142059,0.0195709,0.00156699,0.00170816,0.00985047,0.00995423,0.0640627,0.0206272,0.0204638,0.026684,0.0267041,1.41093E-06,3.34413E-07,0.0106778,0.0104128,0.102008,0,0.0465873,0,0.300907,0.301071,3.8033,4.89055
B,0,1000,3.818,1,1,0.301332,0.302859,0.0651349,-1.24431E-08,-2.07509E-09,-0.0655081,0.14106,-0.0102224,0.142059,0.0195709,0.00156699,0.00170816,0.00985047,0.00995423,0.0640627,0.0206272,0.0204638,0.0266839,0.0267041,1.41093E-06,3.34413E-07,0.0106778,0.0104128,0.102008,0,0.0465873,0,0.300907,0.301071,3.8033,4.89055
A,0,1000,3.818,1,2,0.297779,0.299283,0.0207113,0.0202417,-0.0204694,-0.0207059,0.141642,-0.0106629,0.14213,0.0196569,0.00156708,0.00170457,0.00985429,0.00995491,0.0640927,0.0206131,0.0204481,0.00941631,0.0094164,4.06609E-07,8.26871E-08,0.0106057,0.0104128,0,0,0,0,0.297779,0.297779,3.81084,4.60641
F1,0,1000,3.818,1,2,0.301308,0.302882,0.0651366,-1.38021E-08,-1.49664E-09,-0.0655098,0.14106,-0.0102224,0.142059,0.0195709,0.00156699,0.00170815,0.00985047,0.00995423,0.0640626,0.0206272,0.0204638,0.026683,0.0267063,1.4109E-06,3.3444E-07,0.0106777,0.0104128,0.10201,0,0.0465878,0,0.300905,0.301025,3.80337,4.60641
F2,0,1000,3.818,1,2,0.298213,0.299436,0.020559,0.0203952,-0.020552,-0.020624,0.141716,-0.0106649,0.14206,0.019657,0.00156708,0.00170456,0.00985429,0.0099549,0.0640628,0.020628,0.0204629,0.00941596,0.0094159,4.05793E-07,8.25015E-08,0.0106055,0.0104128,1.67474E-07,0,5.96933E-05,0,0.298213,0.298214,3.80374,4.60641
B,0,1000,3.818,1,2,0.298241,0.299463,0.0205447,0.0204095,-0.0205377,-0.0206375,0.141717,-0.0106651,0.14206,0.019657,0.00156708,0.00170456,0.00985429,0.0099549,0.0640628,0.020628,0.0204629,0.00941595,0.0094159,4.05732E-07,8.24797E-08,0.0106055,0.0104128,7.24173E-08,0,3.92529E-05,0,0.298241,0.298242,3.80374,4.60641
A,0,1000,3.818,1,3,0.297779,0.299283,0.0207113,0.0202417,-0.0204694,-0.0207059,0.141642,-0.0106629,0.14213,0.0196569,0.00156708,0.00170457,0.00985429,0.00995491,0.0640927,0.0206131,0.0204481,0.00941631,0.0094164,4.06609E-07,8.26871E-08,0.0106057,0.0104128,0,0,0,0,0.297779,0.297779,3.81084,4.6064
F1,0,1000,3.818,1,3,0.297915,0.299153,0.0207085,0.0202439,-0.0204722,-0.0207034,0.141712,-0.0106628,0.14206,0.0196568,0.00156708,0.00170456,0.00985428,0.0099549,0.0640628,0.020628,0.020463,0.00941597,0.00941652,4.06434E-07,8.27367E-08,0.0106056,0.0104128,3.54072E-06,0,0.000274471,0,0.297915,0.297916,3.80374,4.6064
F2,0,1000,3.818,1,3,0.301308,0.302882,0.0651366,-1.3799E-08,-1.4978E-09,-0.0655098,0.14106,-0.0102224,0.142059,0.0195709,0.00156699,0.00170815,0.00985047,0.00995423,0.0640626,0.0206272,0.0204638,0.026683,0.0267063,1.4109E-06,3.3444E-07,0.0106777,0.0104128,0.10201,0,0.0465878,0,0.300905,0.301025,3.80337,4.6064
B,0,1000,3.818,1,3,0.298241,0.299463,0.0205447,0.0204095,-0.0205377,-0.0206375,0.141717,-0.0106651,0.14206,0.019657,0.00156708,0.00170456,0.00985429,0.0099549,0.0640628,0.020628,0.0204629,0.00941595,0.0094159,4.05732E-07,8.24797E-08,0.0106055,0.0104128,7.24172E-08,0,3.92529E-05,0,0.298241,0.298242,3.80374,4.6064
A,0,1000,3.818,1,4,0.297779,0.299283,0.0207113,0.0202417,-0.0204694,-0.0207059,0.141642,-0.0106629,0.14213,0.0196569,0.00156708,0.00170457,0.00985429,0.00995491,0.0640927,0.0206131,0.0204481,0.00941631,0.0094164,4.06609E-07,8.26871E-08,0.0106057,0.0104128,0,0,0,0,0.297779,0.297779,3.81084,4.6064
F1,0,1000,3.818,1,4,0.297915,0.299153,0.0207085,0.0202439,-0.0204722,-0.0207034,0.141712,-0.0106628,0.14206,0.0196568,0.00156708,0.00170456,0.00985428,0.0099549,0.0640628,0.020628,0.020463,0.00941597,0.00941652,4.06434E-07,8.27367E-08,0.0106056,0.0104128,3.54072E-06,0,0.000274471,0,0.297915,0.297916,3.80374,4.6064
F2,0,1000,3.818,1,4,0.298213,0.299436,0.020559,0.0203952,-0.020552,-0.020624,0.141716,-0.0106649,0.14206,0.019657,0.00156708,0.00170456,0.00985429,0.0099549,0.0640628,0.020628,0.0204629,0.00941596,0.0094159,4.05793E-07,8.25015E-08,0.0106055,0.0104128,1.67474E-07,0,5.96933E-05,0,0.298213,0.298214,3.80374,4.6064
B,0,1000,3.818,1,4,0.301308,0.302882,0.0651366,-1.37994E-08,-1.49789E-09,-0.0655098,0.14106,-0.0102224,0.142059,0.0195709,0.00156699,0.00170815,0.00985047,0.00995423,0.0640626,0.0206272,0.0204638,0.026683,0.0267063,1.4109E-06,3.3444E-07,0.0106777,0.0104128,0.10201,0,0.0465878,0,0.300905,0.301025,3.80337,4.6064
A,0,1000,3.818,1,5,0.297779,0.299283,0.0207113,0.0202417,-0.0204694,-0.0207059,0.141642,-0.0106629,0.14213,0.0196569,0.00156708,0.00170457,0.00985429,0.00995491,0.0640927,0.0206131,0.0204481,0.00941631,0.0094164,4.06609E-07,8.26872E-08,0.0106057,0.0104128,0,0,0,0,0.297779,0.297779,3.81085,4.54955
F1,0,1000,3.818,1,5,0.281852,0.283279,0.0569241,5.69321E-07,-6.59172E-07,-0.057249,0.141064,-0.0102711,0.142058,0.0195956,0.00156702,0.00170684,0.00985183,0.00995449,0.0640627,0.0206267,0.0204643,0.0215248,0.0215313,1.12472E-06,2.63543E-07,0.0106533,0.0104128,0.0779071,0,0.0407136,0,0.281526,0.281613,3.80328,4.54955
F2,0,1000,3.818,1,5,0.298213,0.299436,0.020559,0.0203952,-0.020552,-0.020624,0.141716,-0.0106649,0.14206,0.019657,0.00156708,0.00170456,0.00985429,0.0099549,0.0640628,0.020628,0.0204629,0.00941596,0.0094159,4.05793E-07,8.25016E-08,0.0106055,0.0104128,1.67478E-07,0,5.9694E-05,0,0.298214,0.298214,3.80376,4.54955
B,0,1000,3.818,1,5,0.298241,0.299463,0.0205447,0.0204095,-0.0205377,-0.0206375,0.141717,-0.0106651,0.14206,0.019657,0.00156708,0.00170456,0.00985429,0.0099549,0.0640628,0.020628,0.0204629,0.00941595,0.0094159,4.05732E-07,8.24798E-08,0.0106055,0.0104128,7.2419E-08,0,3.92534E-05,0,0.298241,0.298242,3.80376,4.54955
A,0,1000,3.818,1,6,0.297779,0.299283,0.0207113,0.0202417,-0.0204694,-0.0207059,0.141642,-0.0106629,0.14213,0.0196569,0.00156708,0.00170457,0.00985429,0.00995491,0.0640927,0.0206131,0.0204481,0.0094163,0.0094164,4.06609E-07,8.26874E-08,0.0106057,0.0104128,0,0,0,0,0.297779,0.297779,3.81086,4.46826
F1,0,1000,3.818,1,6,0.274965,0.276273,0.0333227,0.00817729,-0.00835724,-0.0333791,0.141364,-0.0104828,0.142061,0.0196425,0.00156707,0.00170482,0.00985399,0.00995486,0.0640628,0.0206268,0.0204642,0.0113192,0.0112901,5.49603E-07,1.21376E-07,0.0106122,0.0104128,0.01506,0,0.0179004,0,0.274856,0.274914,3.80327,4.46826
F2,0,1000,3.818,1,6,0.298213,0.299436,0.020559,0.0203952,-0.020552,-0.020624,0.141716,-0.0106649,0.14206,0.019657,0.00156708,0.00170456,0.00985429,0.0099549,0.0640628,0.020628,0.0204629,0.00941596,0.0094159,4.05793E-07,8.25018E-08,0.0106055,0.0104128,1.67482E-07,0,5.96946E-05,0,0.298214,0.298214,3.80377,4.46826
B,0,1000,3.818,1,6,0.298241,0.299463,0.0205447,0.0204095,-0.0205377,-0.0206375,0.141717,-0.0106651,0.14206,0.019657,0.00156708,0.00170456,0.00985429,0.0099549,0.0640628,0.020628,0.0204629,0.00941595,0.0094159,4.05732E-07,8.248E-08,0.0106055,0.0104128,7.24203E-08,0,3.92538E-05,0,0.298242,0.298242,3.80377,4.46826
A,0,20000,0,1,0,0.29837,0.299658,0.0204969,0.0204969,-0.0206087,-0.0206087,0.141735,-0.010713,0.142119,0.0196602,0.00156708,0.00170462,0.00985429,0.00995491,0.0640879,0.0206168,0.0204494,0.00942381,0.00942444,3.99396E-07,7.86485E-08,0.0106063,0.0104128,0,0,0,0,0.29837,0.29837,-0.00662318,4.46554
F1,0,20000,0,1,0,0.298509,0.299515,0.0204972,0.0204972,-0.0206083,-0.0206083,0.141805,-0.0107129,0.142048,0.0196601,0.00156708,0.00170461,0.00985428,0.00995491,0.064058,0.0206317,0.0204642,0.00942403,0.00942403,3.99262E-07,7.86933E-08,0.0106062,0.0104128,1.80232E-22,0,1.95825E-12,0,0.298509,0.298509,-0.0132456,4.46554
F2,0,20000,0,1,0,0.298509,0.299515,0.0204972,0.0204972,-0.0206083,-0.0206083,0.141805,-0.0107129,0.142048,0.0196601,0.00156708,0.00170461,0.00985428,0.00995491,0.064058,0.0206317,0.0204642,0.00942403,0.00942403,3.99262E-07,7.86933E-08,0.0106062,0.0104128,1.04356E-23,0,4.71205E-13,0,0.298509,0.298509,-0.0132456,4.46554
B,0,20000,0,1,0,0.298509,0.299515,0.0204972,0.0204972,-0.0206083,-0.0206083,0.141805,-0.0107129,0.142048,0.0196601,0.00156708,0.00170461,0.00985428,0.00995491,0.064058,0.0206317,0.0204642,0.00942403,0.00942403,3.99262E-07,7.86933E-08,0.0106062,0.0104128,4.60106E-24,0,3.12882E-13,0,0.298509,0.298509,-0.0132456,4.46554
A,0,20000,0,1,1,0.29837,0.299658,0.0204969,0.0204969,-0.0206087,-0.0206087,0.141735,-0.010713,0.142119,0.0196602,0.00156708,0.00170462,0.00985429,0.00995491,0.0640879,0.0206168,0.0204494,0.00942381,0.00942444,3.99396E-07,7.86485E-08,0.0106063,0.0104128,0,0,0,0,0.29837,0.29837,-0.00662318,4.46554
F1,0,20000,0,1,1,0.298509,0.299515,0.0204972,0.0204972,-0.0206083,-0.0206083,0.141805,-0.0107129,0.142048,0.0196601,0.00156708,0.00170461,0.00985428,0.00995491,0.064058,0.0206317,0.0204642,0.00942403,0.00942403,3.99262E-07,7.86933E-08,0.0106062,0.0104128,2.9769E-25,0,7.93086E-14,0,0.298509,0.298509,-0.0132456,4.46554
F2,0,20000,0,1,1,0.298509,0.299515,0.0204972,0.0204972,-0.0206083,-0.0206083,0.141805,-0.0107129,0.142048,0.0196601,0.00156708,0.00170461,0.00985428,0.00995491,0.064058,0.0206317,0.0204642,0.00942403,0.00942403,3.99262E-07,7.86933E-08,0.0106062,0.0104128,2.81024E-25,0,7.72665E-14,0,0.298509,0.298509,-0.0132456,4.46554
B,0,20000,0,1,1,0.298509,0.299515,0.0204972,0.0204972,-0.0206083,-0.0206083,0.141805,-0.0107129,0.142048,0.0196601,0.00156708,0.00170461,0.00985428,0.00995491,0.064058,0.0206317,0.0204642,0.00942403,0.00942403,3.99262E-07,7.86933E-08,0.0106062,0.0104128,2.82767E-25,0,7.76484E-14,0,0.298509,0.298509,-0.0132456,4.46554
A,0,20000,0,1,2,0.29837,0.299658,0.0204969,0.0204969,-0.0206087,-0.0206087,0.141735,-0.010713,0.142119,0.0196602,0.00156708,0.00170462,0.00985429,0.00995491,0.0640879,0.0206168,0.0204494,0.00942381,0.00942444,3.99396E-07,7.86485E-08,0.0106063,0.0104128,0,0,0,0,0.29837,0.29837,-0.00662318,4.46554
F1,0,20000,0,1,2,0.298509,0.299515,0.0204972,0.0204972,-0.0206083,-0.0206083,0.141805,-0.0107129,0.142048,0.0196601,0.00156708,0.00170461,0.00985428,0.00995491,0.064058,0.0206317,0.0204642,0.00942403,0.00942403,3.99262E-07,7.86933E-08,0.0106062,0.0104128,2.96222E-25,0,7.94577E-14,0,0.298509,0.298509,-0.0132456,4.46554
F2,0,20000,0,1,2,0.298509,0.299515,0.0204972,0.0204972,-0.0206083,-0.0206083,0.141805,-0.0107129,0.142048,0.0196601,0.00156708,0.00170461,0.00985428,0.00995491,0.064058,0.0206317,0.0204642,0.00942403,0.00942403,3.99262E-07,7.86933E-08,0.0106062,0.0104128,1.04356E-23,0,4.71204E-13,0,0.298509,0.298509,-0.0132456,4.46554
B,0,20000,0,1,2,0.298509,0.299515,0.0204972,0.0204972,-0.0206083,-0.0206083,0.141805,-0.0107129,0.142048,0.0196601,0.00156708,0.00170461,0.00985428,0.00995491,0.064058,0.0206317,0.0204642,0.00942403,0.00942403,3.99262E-07,7.86933E-08,0.0106062,0.0104128,4.60105E-24,0,3.12881E-13,0,0.298509,0.298509,-0.0132456,4.46554
A,0,20000,0,1,3,0.29837,0.299658,0.0204969,0.0204969,-0.0206087,-0.0206087,0.141735,-0.010713,0.142119,0.0196602,0.00156708,0.00170462,0.00985429,0.00995491,0.0640879,0.0206168,0.0204494,0.00942381,0.00942444,3.99396E-07,7.86485E-08,0.0106063,0.0104128,0,0,0,0,0.29837,0.29837,-0.00662318,4.46554
F1,0,20000,0,1,3,0.298509,0.299515,0.0204972,0.0204972,-0.0206083,-0.0206083,0.141805,-0.0107129,0.142048,0.0196601,0.00156708,0.00170461,0.00985428,0.00995491,0.064058,0.0206317,0.0204642,0.00942403,0.00942403,3.99262E-07,7.86933E-08,0.0106062,0.0104128,1.80233E-22,0,1.95825E-12,0,0.298509,0.298509,-0.0132456,4.46554
F2,0,20000,0,1,3,0.298509,0.299515,0.0204972,0.0204972,-0.0206083,-0.0206083,0.141805,-0.0107129,0.142048,0.0196601,0.00156708,0.00170461,0.00985428,0.00995491,0.064058,0.0206317,0.0204642,0.00942403,0.00942403,3.99262E-07,7.86933E-08,0.0106062,0.0104128,2.83881E-25,0,7.78336E-14,0,0.298509,0.298509,-0.0132456,4.46554
B,0,20000,0,1,3,0.298509,0.299515,0.0204972,0.0204972,-0.0206083,-0.0206083,0.141805,-0.0107129,0.142048,0.0196601,0.00156708,0.00170461,0.00985428,0.00995491,0.064058,0.0206317,0.0204642,0.00942403,0.00942403,3.99262E-07,7.86933E-08,0.0106062,0.0104128,4.60105E-24,0,3.12881E-13,0,0.298509,0.298509,-0.0132456,4.46554
A,0,20000,0,1,4,0.29837,0.299658,0.0204969,0.0204969,-0.0206087,-0.0206087,0.141735,-0.010713,0.142119,0.0196602,0.00156708,0.00170462,0.00985429,0.00995491,0.0640879,0.0206168,0.0204494,0.00942381,0.00942444,3.99396E-07,7.86485E-08,0.0106063,0.0104128,0,0,0,0,0.29837,0.29837,-0.00662318,4.46554
F1,0,20000,0,1,4,0.298509,0.299515,0.0204972,0.0204972,-0.0206083,-0.0206083,0.141805,-0.0107129,0.142048,0.0196601,0.00156708,0.00170461,0.00985428,0.00995491,0.064058,0.0206317,0.0204642,0.00942403,0.00942403,3.99262E-07,7.86933E-08,0.0106062,0.0104128,1.80232E-22,0,1.95825E-12,0,0.298509,0.298509,-0.0132456,4.46554
F2,0,20000,0,1,4,0.298509,0.299515,0.0204972,0.0204972,-0.0206083,-0.0206083,0.141805,-0.0107129,0.142048,0.0196601,0.00156708,0.00170461,0.00985428,0.00995491,0.064058,0.0206317,0.0204642,0.00942403,0.00942403,3.99262E-07,7.86933E-08,0.0106062,0.0104128,1.04357E-23,0,4.71207E-13,0,0.298509,0.298509,-0.0132456,4.46554
B,0,20000,0,1,4,0.298509,0.299515,0.0204972,0.0204972,-0.0206083,-0.0206083,0.141805,-0.0107129,0.142048,0.0196601,0.00156708,0.00170461,0.00985428,0.00995491,0.064058,0.0206317,0.0204642,0.00942403,0.00942403,3.99262E-07,7.86933E-08,0.0106062,0.0104128,2.78122E-25,0,7.68957E-14,0,0.298509,0.298509,-0.0132456,4.46554
A,0,20000,0,1,5,0.29837,0.299658,0.0204969,0.0204969,-0.0206087,-0.0206087,0.141735,-0.010713,0.142119,0.0196602,0.00156708,0.00170462,0.00985429,0.00995491,0.0640879,0.0206168,0.0204494,0.00942381,0.00942444,3.99396E-07,7.86485E-08,0.0106063,0.0104128,0,0,0,0,0.29837,0.29837,-0.00662318,4.46554
F1,0,20000,0,1,5,0.298509,0.299515,0.0204972,0.0204972,-0.0206083,-0.0206083,0.141805,-0.0107129,0.142048,0.0196601,0.00156708,0.00170461,0.00985428,0.00995491,0.064058,0.0206317,0.0204642,0.00942403,0.00942403,3.99262E-07,7.86933E-08,0.0106062,0.0104128,2.05823E-25,0,6.63093E-14,0,0.298509,0.298509,-0.0132456,4.46554
F2,0,20000,0,1,5,0.298509,0.299515,0.0204972,0.0204972,-0.0206083,-0.0206083,0.141805,-0.0107129,0.142048,0.0196601,0.00156708,0.00170461,0.00985428,0.00995491,0.064058,0.0206317,0.0204642,0.00942403,0.00942403,3.99262E-07,7.86933E-08,0.0106062,0.0104128,1.04355E-23,0,4.71204E-13,0,0.298509,0.298509,-0.0132456,4.46554
B,0,20000,0,1,5,0.298509,0.299515,0.0204972,0.0204972,-0.0206083,-0.0206083,0.141805,-0.0107129,0.142048,0.0196601,0.00156708,0.00170461,0.00985428,0.00995491,0.064058,0.0206317,0.0204642,0.00942403,0.00942403,3.99262E-07,7.86933E-08,0.0106062,0.0104128,4.60102E-24,0,3.1288E-13,0,0.298509,0.298509,-0.0132456,4.46554
A,0,20000,0,1,6,0.29837,0.299658,0.0204969,0.0204969,-0.0206087,-0.0206087,0.141735,-0.010713,0.142119,0.0196602,0.00156708,0.00170462,0.00985429,0.00995491,0.0640879,0.0206168,0.0204494,0.00942381,0.00942444,3.99396E-07,7.86485E-08,0.0106063,0.0104128,0,0,0,0,0.29837,0.29837,-0.00662318,4.46554
F1,0,20000,0,1,6,0.298509,0.299515,0.0204972,0.0204972,-0.0206083,-0.0206083,0.141805,-0.0107129,0.142048,0.0196601,0.00156708,0.00170461,0.00985428,0.00995491,0.064058,0.0206317,0.0204642,0.00942403,0.00942403,3.99262E-07,7.86933E-08,0.0106062,0.0104128,8.74952E-25,0,1.36478E-13,0,0.298509,0.298509,-0.0132456,4.46554
F2,0,20000,0,1,6,0.298509,0.299515,0.0204972,0.0204972,-0.0206083,-0.0206083,0.141805,-0.0107129,0.142048,0.0196601,0.00156708,0.00170461,0.00985428,0.00995491,0.064058,0.0206317,0.0204642,0.00942403,0.00942403,3.99262E-07,7.86933E-08,0.0106062,0.0104128,1.04356E-23,0,4.71205E-13,0,0.298509,0.298509,-0.0132456,4.46554
B,0,20000,0,1,6,0.298509,0.299515,0.0204972,0.0204972,-0.0206083,-0.0206083,0.141805,-0.0107129,0.142048,0.0196601,0.00156708,0.00170461,0.00985428,0.00995491,0.064058,0.0206317,0.0204642,0.00942403,0.00942403,3.99262E-07,7.86933E-08,0.0106062,0.0104128,4.60104E-24,0,3.12881E-13,0,0.298509,0.298509,-0.0132456,4.46554
A,0,20000,0.4243,1,0,0.298363,0.299654,0.0205226,0.0204707,-0.0205942,-0.0206229,0.141734,-0.010678,0.142119,0.0196602,0.00156708,0.00170459,0.00985426,0.0099549,0.0640879,0.0206167,0.0204494,0.00942372,0.00942434,3.99585E-07,7.88097E-08,0.0106064,0.0104128,0,0,0,0,0.298363,0.298363,0.417723,4.46552
F1,0,20000,0.4243,1,0,0.298502,0.299511,0.0205226,0.0204712,-0.020594,-0.0206222,0.141803,-0.0106779,0.142048,0.0196601,0.00156708,0.00170458,0.00985426,0.0099549,0.0640581,0.0206316,0.0204642,0.00942393,0.00942393,3.99452E-07,7.88547E-08,0.0106062,0.0104128,4.37689E-08,0,3.05165E-05,0,0.298502,0.298502,0.411315,4.46552
F2,0,20000,0.4243,1,0,0.298506,0.299514,0.0205059,0.020488,-0.0206017,-0.0206145,0.141804,-0.010678,0.142048,0.0196601,0.00156708,0.00170458,0.00985426,0.0099549,0.0640581,0.0206316,0.0204642,0.00942393,0.00942393,3.99442E-07,7.88504E-08,0.0106062,0.0104128,2.07018E-09,0,6.63675E-06,0,0.298506,0.298506,0.411315,4.46552
B,0,20000,0.4243,1,0,0.298506,0.299515,0.0205043,0.0204895,-0.0206006,-0.0206155,0.141804,-0.010678,0.142048,0.0196601,0.00156708,0.00170458,0.00985426,0.0099549,0.0640581,0.0206316,0.0204642,0.00942393,0.00942393,3.99441E-07,7.885E-08,0.0106062,0.0104128,8.9516E-10,0,4.36417E-06,0,0.298506,0.298506,0.411315,4.46552
A,0,20000,0.4243,1,1,0.298363,0.299654,0.0205226,0.0204707,-0.0205942,-0.0206229,0.141734,-0.010678,0.142119,0.0196602,0.00156708,0.00170459,0.00985426,0.0099549,0.0640879,0.0206167,0.0204494,0.00942372,0.00942434,3.99585E-07,7.88097E-08,0.0106064,0.0104128,0,0,0,0,0.298363,0.298363,0.417714,4.46694
F1,0,20000,0.4243,1,1,0.297557,0.298565,0.0249993,0.0160571,-0.0161618,-0.0251175,0.141788,-0.0106215,0.142048,0.0196593,0.00156708,0.00170457,0.00985421,0.00995489,0.0640581,0.0206316,0.0204642,0.00966347,0.00966167,4.13432E-07,8.26428E-08,0.0106069,0.0104128,0.0019136,0,0.00638083,0,0.297556,0.297556,0.411198,4.46694
F2,0,20000,0.4243,1,1,0.297557,0.298565,0.0249993,0.0160571,-0.0161618,-0.0251175,0.141788,-0.0106215,0.142048,0.0196593,0.00156708,0.00170457,0.00985421,0.00995489,0.0640581,0.0206316,0.0204642,0.00966347,0.00966167,4.13432E-07,8.26428E-08,0.0106069,0.0104128,0.0019136,0,0.00638083,0,0.297556,0.297556,0.411198,4.46694
B,0,20000,0.4243,1,1,0.297557,0.298565,0.0249993,0.0160571,-0.0161618,-0.0251175,0.141788,-0.0106215,0.142048,0.0196593,0.00156708,0.00170457,0.00985421,0.00995489,0.0640581,0.0206316,0.0204642,0.00966347,0.00966167,4.13432E-07,8.26428E-08,0.0106069,0.0104128,0.0019136,0,0.00638083,0,0.297556,0.297556,0.411198,4.46694
A,0,20000,0.4243,1,2,0.298363,0.299654,0.0205226,0.0204707,-0.0205942,-0.0206229,0.141734,-0.010678,0.142119,0.0196602,0.00156708,0.00170459,0.00985426,0.0099549,0.0640879,0.0206167,0.0204494,0.00942372,0.00942434,3.99585E-07,7.88094E-08,0.0106064,0.0104128,0,0,0,0,0.298363,0.298363,0.417797,4.46599
F1,0,20000,0.4243,1,2,0.297557,0.298565,0.025001,0.0160556,-0.0161604,-0.0251192,0.141788,-0.0106216,0.142048,0.0196593,0.00156708,0.00170457,0.00985422,0.00995489,0.0640581,0.0206316,0.0204642,0.00966347,0.00966165,4.13434E-07,8.2642E-08,0.0106069,0.0104128,0.00191355,0,0.00638075,0,0.297556,0.297556,0.411155,4.46599
F2,0,20000,0.4243,1,2,0.298506,0.299514,0.0205059,0.020488,-0.0206017,-0.0206145,0.141804,-0.010678,0.142048,0.0196601,0.00156708,0.00170458,0.00985426,0.0099549,0.0640581,0.0206316,0.0204642,0.00942393,0.00942393,3.99443E-07,7.88502E-08,0.0106062,0.0104128,2.07013E-09,0,6.63667E-06,0,0.298506,0.298506,0.411304,4.46599
B,0,20000,0.4243,1,2,0.298506,0.299515,0.0205043,0.0204895,-0.0206006,-0.0206155,0.141804,-0.010678,0.142048,0.0196601,0.00156708,0.00170458,0.00985426,0.0099549,0.0640581,0.0206316,0.0204642,0.00942393,0.00942393,3.99442E-07,7.88498E-08,0.0106062,0.0104128,8.95138E-10,0,4.36412E-06,0,0.298506,0.298506,0.411304,4.46599
A,0,20000,0.4243,1,3,0.298363,0.299654,0.0205226,0.0204707,-0.0205942,-0.0206229,0.141734,-0.010678,0.142119,0.0196602,0.00156708,0.00170459,0.00985426,0.0099549,0.0640879,0.0206167,0.0204494,0.00942372,0.00942434,3.99585E-07,7.88094E-08,0.0106064,0.0104128,0,0,0,0,0.298363,0.298363,0.417797,4.46599
F1,0,20000,0.4243,1,3,0.298502,0.299511,0.0205226,0.0204712,-0.020594,-0.0206222,0.141803,-0.0106779,0.142048,0.0196601,0.00156708,0.00170458,0.00985426,0.0099549,0.0640581,0.0206316,0.0204642,0.00942393,0.00942393,3.99452E-07,7.88544E-08,0.0106062,0.0104128,4.37678E-08,0,3.05161E-05,0,0.298502,0.298502,0.411303,4.46599
F2,0,20000,0.4243,1,3,0.297557,0.298565,0.025001,0.0160556,-0.0161604,-0.0251192,0.141788,-0.0106216,0.142048,0.0196593,0.00156708,0.00170457,0.00985422,0.00995489,0.0640581,0.0206316,0.0204642,0.00966347,0.00966165,4.13434E-07,8.2642E-08,0.0106069,0.0104128,0.00191355,0,0.00638075,0,0.297556,0.297556,0.411155,4.46599
B,0,20000,0.4243,1,3,0.298506,0.299515,0.0205043,0.0204895,-0.0206006,-0.0206155,0.141804,-0.010678,0.142048,0.0196601,0.00156708,0.00170458,0.00985426,0.0099549,0.0640581,0.0206316,0.0204642,0.00942393,0.00942393,3.99442E-07,7.88498E-08,0.0106062,0.0104128,8.95138E-10,0,4.36412E-06,0,0.298506,0.298506,0.411304,4.46599
A,0,20000,0.4243,1,4,0.298363,0.299654,0.0205226,0.0204707,-0.0205942,-0.0206229,0.141734,-0.010678,0.142119,0.0196602,0.00156708,0.00170459,0.00985426,0.0099549,0.0640879,0.0206167,0.0204494,0.00942372,0.00942434,3.99585E-07,7.88094E-08,0.0106064,0.0104128,0,0,0,0,0.298363,0.298363,0.417797,4.46599
F1,0,20000,0.4243,1,4,0.298502,0.299511,0.0205226,0.0204712,-0.020594,-0.0206222,0.141803,-0.0106779,0.142048,0.0196601,0.00156708,0.00170458,0.00985426,0.0099549,0.0640581,0.0206316,0.0204642,0.00942393,0.00942393,3.99452E-07,7.88544E-08,0.0106062,0.0104128,4.37678E-08,0,3.05161E-05,0,0.298502,0.298502,0.411303,4.46599
F2,0,20000,0.4243,1,4,0.298506,0.299514,0.0205059,0.020488,-0.0206017,-0.0206145,0.141804,-0.010678,0.142048,0.0196601,0.00156708,0.00170458,0.00985426,0.0099549,0.0640581,0.0206316,0.0204642,0.00942393,0.00942393,3.99443E-07,7.88502E-08,0.0106062,0.0104128,2.07013E-09,0,6.63667E-06,0,0.298506,0.298506,0.411304,4.46599
B,0,20000,0.4243,1,4,0.297557,0.298565,0.025001,0.0160556,-0.0161604,-0.0251192,0.141788,-0.0106216,0.142048,0.0196593,0.00156708,0.00170457,0.00985422,0.00995489,0.0640581,0.0206316,0.0204642,0.00966347,0.00966165,4.13434E-07,8.2642E-08,0.0106069,0.0104128,0.00191355,0,0.00638074,0,0.297556,0.297556,0.411155,4.46599
A,0,20000,0.4243,1,5,0.298363,0.299654,0.0205226,0.0204707,-0.0205942,-0.0206229,0.141734,-0.010678,0.142119,0.0196602,0.00156708,0.00170459,0.00985426,0.0099549,0.0640879,0.0206167,0.0204494,0.00942372,0.00942434,3.99585E-07,7.88095E-08,0.0106064,0.0104128,0,0,0,0,0.298363,0.298363,0.417792,4.46584
F1,0,20000,0.4243,1,5,0.297721,0.298729,0.0242086,0.0168272,-0.0169354,-0.0243232,0.141791,-0.0106329,0.142048,0.0196595,0.00156708,0.00170457,0.00985423,0.00995489,0.0640581,0.0206316,0.0204642,0.00958693,0.00958551,4.09315E-07,8.15879E-08,0.0106067,0.0104128,0.00130219,0,0.00526367,0,0.297721,0.297721,0.411178,4.46584
F2,0,20000,0.4243,1,5,0.298506,0.299514,0.0205059,0.020488,-0.0206017,-0.0206145,0.141804,-0.010678,0.142048,0.0196601,0.00156708,0.00170458,0.00985426,0.0099549,0.0640581,0.0206316,0.0204642,0.00942393,0.00942393,3.99443E-07,7.88502E-08,0.0106062,0.0104128,2.07013E-09,0,6.63667E-06,0,0.298506,0.298506,0.411308,4.46584
B,0,20000,0.4243,1,5,0.298506,0.299515,0.0205043,0.0204895,-0.0206006,-0.0206155,0.141804,-0.010678,0.142048,0.0196601,0.00156708,0.00170458,0.00985426,0.0099549,0.0640581,0.0206316,0.0204642,0.00942393,0.00942393,3.99442E-07,7.88498E-08,0.0106062,0.0104128,8.9514E-10,0,4.36412E-06,0,0.298506,0.298506,0.411308,4.46584
A,0,20000,0.4243,1,6,0.298363,0.299654,0.0205226,0.0204707,-0.0205942,-0.0206229,0.141734,-0.010678,0.142119,0.0196602,0.00156708,0.00170459,0.00985426,0.0099549,0.0640879,0.0206167,0.0204494,0.00942372,0.00942434,3.99585E-07,7.88096E-08,0.0106064,0.0104128,0,0,0,0,0.298363,0.298363,0.417763,4.46557
F1,0,20000,0.4243,1,6,0.2982,0.299209,0.0219346,0.0190649,-0.0191827,-0.0220393,0.141799,-0.0106636,0.142048,0.0196599,0.00156708,0.00170458,0.00985425,0.0099549,0.0640581,0.0206316,0.0204642,0.00944851,0.00944806,4.01408E-07,7.94776E-08,0.0106063,0.0104128,0.000196044,0,0.00204234,0,0.2982,0.2982,0.411261,4.46557
F2,0,20000,0.4243,1,6,0.298506,0.299514,0.0205059,0.020488,-0.0206017,-0.0206145,0.141804,-0.010678,0.142048,0.0196601,0.00156708,0.00170458,0.00985426,0.0099549,0.0640581,0.0206316,0.0204642,0.00942393,0.00942393,3.99442E-07,7.88503E-08,0.0106062,0.0104128,2.07016E-09,0,6.63671E-06,0,0.298506,0.298506,0.411319,4.46557
B,0,20000,0.4243,1,6,0.298506,0.299515,0.0205043,0.0204895,-0.0206006,-0.0206155,0.141804,-0.010678,0.142048,0.0196601,0.00156708,0.00170458,0.00985426,0.0099549,0.0640581,0.0206316,0.0204642,0.00942393,0.00942393,3.99441E-07,7.88499E-08,0.0106062,0.0104128,8.9515E-10,0,4.36415E-06,0,0.298506,0.298506,0.411319,4.46557
A,0,20000,1.4142,1,0,0.298289,0.299607,0.0205807,0.0204076,-0.0205588,-0.0206546,0.141722,-0.0105963,0.14212,0.0196598,0.0015671,0.00170427,0.00985409,0.00995474,0.0640886,0.020616,0.0204491,0.00942281,0.00942336,4.01531E-07,8.04312E-08,0.0106068,0.0104128,0,0,0,0,0.29829,0.29829,1.40762,4.46537
F1,0,20000,1.4142,1,0,0.298429,0.299465,0.0205801,0.0204087,-0.0205592,-0.0206533,0.141792,-0.0105962,0.14205,0.0196597,0.0015671,0.00170426,0.00985409,0.00995474,0.0640588,0.0206309,0.0204639,0.00942301,0.00942296,4.01396E-07,8.04773E-08,0.0106067,0.0104128,4.86232E-07,0,0.000101712,0,0.298429,0.298429,1.40179,4.46537
F2,0,20000,1.4142,1,0,0.298469,0.299504,0.0205246,0.0204645,-0.0205852,-0.0206283,0.141792,-0.0105966,0.14205,0.0196597,0.0015671,0.00170426,0.00985409,0.00995474,0.0640588,0.0206309,0.0204639,0.00942295,0.00942293,4.0129E-07,8.04305E-08,0.0106067,0.0104128,2.29978E-08,0,2.21205E-05,0,0.298469,0.298469,1.40179,4.46537
B,0,20000,1.4142,1,0,0.298473,0.299508,0.0205194,0.0204698,-0.0205813,-0.0206312,0.141792,-0.0105967,0.14205,0.0196597,0.0015671,0.00170426,0.00985409,0.00995474,0.0640588,0.0206309,0.0204639,0.00942294,0.00942293,4.0128E-07,8.04261E-08,0.0106067,0.0104128,9.94441E-09,0,1.45459E-05,0,0.298473,0.298473,1.40179,4.46537
A,0,20000,1.4142,1,1,0.298289,0.299607,0.0205807,0.0204076,-0.0205589,-0.0206546,0.141722,-0.0105962,0.14212,0.0196598,0.0015671,0.00170427,0.00985411,0.00995473,0.0640886,0.020616,0.0204491,0.00942281,0.00942336,4.01536E-07,8.04298E-08,0.0106068,0.0104128,0,0,0,0,0.298289,0.298289,1.40797,4.48461
F1,0,20000,1.4142,1,1,0.288479,0.2895,0.0358644,0.00604345,-0.00613804,-0.0360015,0.141621,-0.0104026,0.142052,0.0196506,0.00156711,0.00170421,0.00985358,0.00995462,0.0640589,0.0206303,0.0204643,0.0121215,0.0121007,5.60787E-07,1.24646E-07,0.0106146,0.0104128,0.0212569,0,0.0212668,0,0.288476,0.288477,1.40083,4.48461
F2,0,20000,1.4142,1,1,0.288479,0.2895,0.0358644,0.00604345,-0.00613804,-0.0360015,0.141621,-0.0104026,0.142052,0.0196506,0.00156711,0.00170421,0.00985358,0.00995462,0.0640589,0.0206303,0.0204643,0.0121215,0.0121007,5.60787E-07,1.24646E-07,0.0106146,0.0104128,0.0212569,0,0.0212668,0,0.288476,0.288477,1.40083,4.48461
B,0,20000,1.4142,1,1,0.288479,0.2895,0.0358644,0.00604345,-0.00613804,-0.0360015,0.141621,-0.0104026,0.142052,0.0196506,0.00156711,0.00170421,0.00985358,0.00995462,0.0640589,0.0206303,0.0204643,0.0121215,0.0121007,5.60787E-07,1.24646E-07,0.0106146,0.0104128,0.0212569,0,0.0212668,0,0.288476,0.288477,1.40083,4.48461
A,0,20000,1.4142,1,2,0.29829,0.299607,0.0205808,0.0204076,-0.0205588,-0.0206546,0.141722,-0.0105962,0.14212,0.0196598,0.0015671,0.00170427,0.00985409,0.00995475,0.0640886,0.020616,0.0204492,0.00942281,0.00942336,4.01529E-07,8.04321E-08,0.0106068,0.0104128,0,0,0,0,0.29829,0.29829,1.4069,4.47178
F1,0,20000,1.4142,1,2,0.288477,0.289501,0.0358412,0.00606023,-0.00615266,-0.0359804,0.141621,-0.0104023,0.142051,0.0196505,0.00156711,0.00170421,0.00985356,0.00995464,0.0640589,0.0206303,0.0204644,0.0121216,0.0121011,5.60774E-07,1.24656E-07,0.0106146,0.0104128,0.0212589,0,0.0212677,0,0.288472,0.288472,1.40125,4.47178
F2,0,20000,1.4142,1,2,0.298469,0.299504,0.0205246,0.0204645,-0.0205852,-0.0206283,0.141792,-0.0105966,0.14205,0.0196597,0.0015671,0.00170426,0.00985408,0.00995474,0.0640588,0.0206309,0.020464,0.00942295,0.00942293,4.01288E-07,8.04314E-08,0.0106067,0.0104128,2.29985E-08,0,2.21208E-05,0,0.298469,0.298469,1.40143,4.47178
B,0,20000,1.4142,1,2,0.298473,0.299508,0.0205194,0.0204698,-0.0205813,-0.0206312,0.141792,-0.0105966,0.14205,0.0196597,0.0015671,0.00170426,0.00985408,0.00995474,0.0640588,0.0206309,0.020464,0.00942294,0.00942293,4.01278E-07,8.0427E-08,0.0106067,0.0104128,9.94472E-09,0,1.45461E-05,0,0.298473,0.298473,1.40143,4.47178
A,0,20000,1.4142,1,3,0.29829,0.299607,0.0205808,0.0204076,-0.0205588,-0.0206546,0.141722,-0.0105962,0.14212,0.0196598,0.0015671,0.00170427,0.00985409,0.00995475,0.0640886,0.020616,0.0204492,0.00942281,0.00942336,4.01529E-07,8.04321E-08,0.0106068,0.0104128,0,0,0,0,0.29829,0.29829,1.4069,4.47178
F1,0,20000,1.4142,1,3,0.298429,0.299464,0.0205801,0.0204087,-0.0205592,-0.0206534,0.141792,-0.0105962,0.14205,0.0196597,0.0015671,0.00170426,0.00985408,0.00995474,0.0640588,0.0206309,0.020464,0.00942301,0.00942296,4.01393E-07,8.04782E-08,0.0106067,0.0104128,4.86247E-07,0,0.000101714,0,0.29843,0.29843,1.40143,4.47178
F2,0,20000,1.4142,1,3,0.288477,0.289501,0.0358412,0.00606023,-0.00615266,-0.0359804,0.141621,-0.0104023,0.142051,0.0196505,0.00156711,0.00170421,0.00985356,0.00995464,0.0640589,0.0206303,0.0204644,0.0121216,0.0121011,5.60774E-07,1.24656E-07,0.0106146,0.0104128,0.0212589,0,0.0212677,0,0.288472,0.288472,1.40125,4.47178
B,0,20000,1.4142,1,3,0.298473,0.299508,0.0205194,0.0204698,-0.0205813,-0.0206312,0.141792,-0.0105966,0.14205,0.0196597,0.0015671,0.00170426,0.00985408,0.00995474,0.0640588,0.0206309,0.020464,0.00942294,0.00942293,4.01278E-07,8.0427E-08,0.0106067,0.0104128,9.94472E-09,0,1.45461E-05,0,0.298473,0.298473,1.40143,4.47178
A,0,20000,1.4142,1,4,0.29829,0.299607,0.0205808,0.0204076,-0.0205588,-0.0206546,0.141722,-0.0105962,0.14212,0.0196598,0.0015671,0.00170427,0.00985409,0.00995475,0.0640886,0.020616,0.0204492,0.00942281,0.00942336,4.01529E-07,8.04321E-08,0.0106068,0.0104128,0,0,0,0,0.29829,0.29829,1.4069,4.47178
F1,0,20000,1.4142,1,4,0.298429,0.299464,0.0205801,0.0204087,-0.0205592,-0.0206534,0.141792,-0.0105962,0.14205,0.0196597,0.0015671,0.00170426,0.00985408,0.00995474,0.0640588,0.0206309,0.020464,0.00942301,0.00942296,4.01393E-07,8.04782E-08,0.0106067,0.0104128,4.86247E-07,0,0.000101714,0,0.29843,0.29843,1.40143,4.47178
F2,0,20000,1.4142,1,4,0.298469,0.299504,0.0205246,0.0204645,-0.0205852,-0.0206283,0.141792,-0.0105966,0.14205,0.0196597,0.0015671,0.00170426,0.00985408,0.00995474,0.0640588,0.0206309,0.020464,0.00942295,0.00942293,4.01288E-07,8.04314E-08,0.0106067,0.0104128,2.29985E-08,0,2.21208E-05,0,0.298469,0.298469,1.40143,4.47178
B,0,20000,1.4142,1,4,0.288477,0.289501,0.0358413,0.00606022,-0.00615264,-0.0359804,0.141621,-0.0104023,0.142051,0.0196505,0.00156711,0.00170421,0.00985356,0.00995464,0.0640589,0.0206303,0.0204644,0.0121216,0.0121011,5.60774E-07,1.24656E-07,0.0106146,0.0104128,0.0212588,0,0.0212677,0,0.288472,0.288472,1.40125,4.47178
A,0,20000,1.4142,1,5,0.29829,0.299607,0.0205808,0.0204076,-0.0205588,-0.0206546,0.141722,-0.0105962,0.14212,0.0196598,0.0015671,0.00170427,0.00985409,0.00995475,0.0640886,0.020616,0.0204492,0.00942281,0.00942336,4.01529E-07,8.0432E-08,0.0106068,0.0104128,0,0,0,0,0.29829,0.29829,1.40698,4.46938
F1,0,20000,1.4142,1,5,0.289979,0.291003,0.0330609,0.00848109,-0.00858384,-0.0331866,0.141654,-0.0104436,0.142051,0.0196529,0.00156711,0.0017042,0.0098537,0.00995466,0.0640588,0.0206304,0.0204643,0.0112493,0.0112332,5.12867E-07,1.11844E-07,0.0106122,0.0104128,0.0144668,0,0.0175444,0,0.289975,0.289975,1.40126,4.46938
F2,0,20000,1.4142,1,5,0.298469,0.299504,0.0205246,0.0204645,-0.0205852,-0.0206283,0.141792,-0.0105966,0.14205,0.0196597,0.0015671,0.00170426,0.00985408,0.00995474,0.0640588,0.0206309,0.020464,0.00942295,0.00942293,4.01288E-07,8.04313E-08,0.0106067,0.0104128,2.29984E-08,0,2.21208E-05,0,0.298469,0.298469,1.40148,4.46938
B,0,20000,1.4142,1,5,0.298473,0.299508,0.0205194,0.0204698,-0.0205813,-0.0206312,0.141792,-0.0105966,0.14205,0.0196597,0.0015671,0.00170426,0.00985408,0.00995474,0.0640588,0.0206309,0.020464,0.00942294,0.00942293,4.01278E-07,8.04269E-08,0.0106067,0.0104128,9.94469E-09,0,1.45461E-05,0,0.298473,0.298473,1.40148,4.46938
A,0,20000,1.4142,1,6,0.29829,0.299607,0.0205808,0.0204076,-0.0205588,-0.0206546,0.141722,-0.0105963,0.14212,0.0196598,0.0015671,0.00170427,0.00985409,0.00995475,0.0640886,0.020616,0.0204492,0.00942281,0.00942336,4.0153E-07,8.04317E-08,0.0106068,0.0104128,0,0,0,0,0.29829,0.29829,1.40729,4.46587
F1,0,20000,1.4142,1,6,0.295082,0.296113,0.0253082,0.0157461,-0.0158795,-0.0253985,0.141742,-0.0105485,0.14205,0.0196577,0.0015671,0.00170422,0.00985398,0.00995471,0.0640588,0.0206307,0.0204641,0.0096964,0.00969118,4.23246E-07,8.74601E-08,0.0106079,0.0104128,0.00217792,0,0.00680726,0,0.295081,0.295082,1.40151,4.46587
F2,0,20000,1.4142,1,6,0.298469,0.299504,0.0205246,0.0204645,-0.0205852,-0.0206283,0.141792,-0.0105966,0.14205,0.0196597,0.0015671,0.00170426,0.00985409,0.00995474,0.0640588,0.0206309,0.0204639,0.00942295,0.00942293,4.01289E-07,8.0431E-08,0.0106067,0.0104128,2.29982E-08,0,2.21207E-05,0,0.298469,0.298469,1.40165,4.46587
B,0,20000,1.4142,1,6,0.298473,0.299508,0.0205194,0.0204698,-0.0205813,-0.0206312,0.141792,-0.0105967,0.14205,0.0196597,0.0015671,0.00170426,0.00985409,0.00995474,0.0640588,0.0206309,0.0204639,0.00942294,0.00942293,4.01279E-07,8.04266E-08,0.0106067,0.0104128,9.94457E-09,0,1.4546E-05,0,0.298473,0.298473,1.40165,4.46587
A,0,20000,2.8284,1,0,0.298047,0.299453,0.0206595,0.0203125,-0.0205047,-0.0206968,0.141683,-0.0104794,0.142125,0.0196585,0.00156717,0.00170322,0.0098535,0.00995425,0.0640909,0.0206138,0.0204484,0.00941977,0.0094201,4.08006E-07,8.58328E-08,0.0106084,0.0104128,0,0,0,0,0.298047,0.298047,2.8204,4.46487
F1,0,20000,2.8284,1,0,0.298188,0.299313,0.0206579,0.0203144,-0.020506,-0.0206949,0.141753,-0.0104794,0.142055,0.0196584,0.00156716,0.0017032,0.00985349,0.00995425,0.0640612,0.0206286,0.0204631,0.00941995,0.0094197,4.07865E-07,8.58829E-08,0.0106082,0.0104128,1.94498E-06,0,0.000203428,0,0.298188,0.298188,2.8161,4.46487
F2,0,20000,2.8284,1,0,0.298347,0.299472,0.0205476,0.0204261,-0.0205574,-0.0206466,0.141755,-0.0104801,0.142055,0.0196585,0.00156716,0.00170321,0.00985349,0.00995425,0.0640612,0.0206286,0.0204631,0.00941968,0.00941962,4.0744E-07,8.5693E-08,0.0106082,0.0104128,9.19937E-08,0,4.42416E-05,0,0.298348,0.298348,2.81611,4.46487
B,0,20000,2.8284,1,0,0.298363,0.299488,0.0205374,0.0204367,-0.0205488,-0.0206512,0.141755,-0.0104802,0.142055,0.0196585,0.00156716,0.00170321,0.00985349,0.00995425,0.0640612,0.0206286,0.0204631,0.00941967,0.00941963,4.07401E-07,8.56752E-08,0.0106082,0.0104128,3.97788E-08,0,2.90922E-05,0,0.298363,0.298363,2.81611,4.46487
A,0,20000,2.8284,1,1,0.298047,0.299453,0.0206594,0.0203124,-0.0205047,-0.0206968,0.141683,-0.0104795,0.142125,0.0196585,0.00156717,0.00170322,0.0098535,0.00995425,0.0640909,0.0206138,0.0204484,0.00941976,0.00942009,4.08058E-07,8.58546E-08,0.0106084,0.0104128,0,0,0,0,0.298047,0.298047,2.82147,4.77067
F1,0,20000,2.8284,1,1,0.2939,0.294898,0.0594469,-2.75218E-05,2.34684E-05,-0.0597832,0.141184,-0.00974088,0.142059,0.0195951,0.00156719,0.00170405,0.00984838,0.00995419,0.0640618,0.0206247,0.0204659,0.0230342,0.0230192,1.42832E-06,5.03318E-07,0.0106756,0.0104128,0.0850293,0,0.0425339,0,0.293895,0.293895,2.81599,4.77067
F2,0,20000,2.8284,1,1,0.2939,0.294898,0.0594469,-2.75218E-05,2.34684E-05,-0.0597832,0.141184,-0.00974088,0.142059,0.0195951,0.00156719,0.00170405,0.00984838,0.00995419,0.0640618,0.0206247,0.0204659,0.0230342,0.0230192,1.42832E-06,5.03318E-07,0.0106756,0.0104128,0.0850293,0,0.0425339,0,0.293895,0.293895,2.81599,4.77067
B,0,20000,2.8284,1,1,0.2939,0.294898,0.0594468,-2.75217E-05,2.34684E-05,-0.0597832,0.141184,-0.00974088,0.142059,0.0195951,0.00156719,0.00170405,0.00984838,0.00995419,0.0640618,0.0206247,0.0204659,0.0230342,0.0230192,1.42832E-06,5.03318E-07,0.0106756,0.0104128,0.0850293,0,0.0425339,0,0.293895,0.293895,2.81599,4.77067
A,0,20000,2.8284,1,2,0.298046,0.299453,0.0206593,0.0203123,-0.0205048,-0.0206968,0.141683,-0.0104793,0.142125,0.0196585,0.00156716,0.00170322,0.00985353,0.00995422,0.064091,0.0206138,0.0204483,0.00941976,0.00942009,4.08073E-07,8.58543E-08,0.0106084,0.0104128,0,0,0,0,0.298046,0.298046,2.82252,4.5667
F1,0,20000,2.8284,1,2,0.293967,0.294844,0.0594587,-2.94848E-05,1.66235E-05,-0.0598192,0.141185,-0.00973522,0.14206,0.0195953,0.00156718,0.00170404,0.00984846,0.00995414,0.0640619,0.0206248,0.0204657,0.0230314,0.0230139,1.42956E-06,5.03773E-07,0.0106755,0.0104128,0.0850233,0,0.0425324,0,0.293969,0.293962,2.81442,4.5667
F2,0,20000,2.8284,1,2,0.298347,0.299473,0.0205476,0.0204261,-0.0205574,-0.0206465,0.141755,-0.0104799,0.142055,0.0196584,0.00156716,0.00170321,0.00985353,0.00995421,0.0640613,0.0206286,0.020463,0.00941967,0.00941961,4.07507E-07,8.57143E-08,0.0106083,0.0104128,9.19847E-08,0,4.42394E-05,0,0.298346,0.298347,2.81598,4.5667
B,0,20000,2.8284,1,2,0.298362,0.299488,0.0205373,0.0204367,-0.0205489,-0.0206513,0.141755,-0.01048,0.142055,0.0196585,0.00156716,0.00170321,0.00985353,0.00995421,0.0640613,0.0206286,0.020463,0.00941966,0.00941962,4.07467E-07,8.56964E-08,0.0106082,0.0104128,3.97749E-08,0,2.90908E-05,0,0.298361,0.298362,2.81598,4.5667
A,0,20000,2.8284,1,3,0.298046,0.299453,0.0206593,0.0203123,-0.0205048,-0.0206968,0.141683,-0.0104793,0.142125,0.0196585,0.00156716,0.00170322,0.00985353,0.00995422,0.064091,0.0206138,0.0204483,0.00941976,0.00942009,4.08067E-07,8.58532E-08,0.0106084,0.0104128,0,0,0,0,0.298046,0.298047,2.82251,4.5667
F1,0,20000,2.8284,1,3,0.298187,0.299313,0.0206579,0.0203144,-0.0205061,-0.0206948,0.141753,-0.0104791,0.142055,0.0196584,0.00156716,0.0017032,0.00985353,0.00995421,0.0640613,0.0206286,0.020463,0.00941994,0.00941969,4.07927E-07,8.59031E-08,0.0106083,0.0104128,1.94479E-06,0,0.000203417,0,0.298187,0.298187,2.81596,4.5667
F2,0,20000,2.8284,1,3,0.293962,0.294849,0.0594585,-2.87911E-05,1.66722E-05,-0.059819,0.141185,-0.00973511,0.14206,0.0195953,0.00156718,0.00170404,0.00984845,0.00995414,0.0640619,0.0206248,0.0204657,0.0230314,0.023014,1.42951E-06,5.03784E-07,0.0106755,0.0104128,0.0850233,0,0.0425324,0,0.293963,0.293957,2.8144,4.5667
B,0,20000,2.8284,1,3,0.298362,0.299488,0.0205373,0.0204367,-0.0205489,-0.0206513,0.141755,-0.01048,0.142055,0.0196585,0.00156716,0.00170321,0.00985353,0.00995421,0.0640613,0.0206286,0.020463,0.00941966,0.00941962,4.07462E-07,8.56953E-08,0.0106082,0.0104128,3.97749E-08,0,2.90908E-05,0,0.298361,0.298362,2.81596,4.5667
A,0,20000,2.8284,1,4,0.298046,0.299453,0.0206593,0.0203123,-0.0205048,-0.0206968,0.141683,-0.0104793,0.142125,0.0196585,0.00156716,0.00170322,0.00985353,0.00995422,0.064091,0.0206138,0.0204483,0.00941976,0.00942009,4.08067E-07,8.58532E-08,0.0106084,0.0104128,0,0,0,0,0.298046,0.298047,2.82251,4.5667
F1,0,20000,2.8284,1,4,0.298187,0.299313,0.0206579,0.0203144,-0.0205061,-0.0206948,0.141753,-0.0104791,0.142055,0.0196584,0.00156716,0.0017032,0.00985353,0.00995421,0.0640613,0.0206286,0.020463,0.00941994,0.00941969,4.07927E-07,8.59031E-08,0.0106083,0.0104128,1.94479E-06,0,0.000203417,0,0.298187,0.298187,2.81596,4.5667
F2,0,20000,2.8284,1,4,0.298347,0.299473,0.0205476,0.0204261,-0.0205574,-0.0206465,0.141755,-0.0104799,0.142055,0.0196584,0.00156716,0.00170321,0.00985353,0.00995421,0.0640613,0.0206286,0.020463,0.00941967,0.00941961,4.07501E-07,8.57132E-08,0.0106083,0.0104128,9.19847E-08,0,4.42394E-05,0,0.298346,0.298347,2.81596,4.5667
B,0,20000,2.8284,1,4,0.293962,0.294849,0.0594585,-2.88125E-05,1.66668E-05,-0.059819,0.141185,-0.00973511,0.14206,0.0195953,0.00156718,0.00170404,0.00984845,0.00995414,0.0640619,0.0206248,0.0204657,0.0230314,0.023014,1.42951E-06,5.03784E-07,0.0106755,0.0104128,0.0850232,0,0.0425324,0,0.293964,0.293957,2.8144,4.5667
A,0,20000,2.8284,1,5,0.298047,0.299453,0.0206593,0.0203123,-0.0205047,-0.0206968,0.141683,-0.0104793,0.142125,0.0196585,0.00156716,0.00170322,0.00985353,0.00995422,0.064091,0.0206138,0.0204483,0.00941977,0.0094201,4.08023E-07,8.58307E-08,0.0106084,0.0104128,0,0,0,0,0.298046,0.298047,2.82263,4.5054
F1,0,20000,2.8284,1,5,0.276111,0.277079,0.0490919,2.53738E-05,-3.2701E-05,-0.04937,0.141236,-0.010057,0.142058,0.0196225,0.00156719,0.00170327,0.00985093,0.00995408,0.0640616,0.0206258,0.020465,0.0175403,0.0175072,9.59736E-07,2.74797E-07,0.0106418,0.0104128,0.0578606,0,0.0350868,0,0.276104,0.276106,2.81524,4.5054
F2,0,20000,2.8284,1,5,0.298347,0.299473,0.0205476,0.0204261,-0.0205574,-0.0206465,0.141755,-0.0104799,0.142055,0.0196585,0.00156716,0.00170321,0.00985353,0.00995422,0.0640613,0.0206286,0.020463,0.00941968,0.00941962,4.07457E-07,8.56908E-08,0.0106082,0.0104128,9.19857E-08,0,4.42397E-05,0,0.298347,0.298347,2.81635,4.5054
B,0,20000,2.8284,1,5,0.298362,0.299488,0.0205373,0.0204367,-0.0205489,-0.0206513,0.141755,-0.01048,0.142055,0.0196585,0.00156716,0.00170321,0.00985353,0.00995422,0.0640613,0.0206286,0.020463,0.00941967,0.00941963,4.07417E-07,8.5673E-08,0.0106082,0.0104128,3.97753E-08,0,2.9091E-05,0,0.298362,0.298362,2.81635,4.5054
A,0,20000,2.8284,1,6,0.298047,0.299453,0.0206594,0.0203124,-0.0205047,-0.0206968,0.141683,-0.0104795,0.142125,0.0196585,0.00156716,0.00170322,0.0098535,0.00995425,0.0640909,0.0206138,0.0204484,0.00941977,0.0094201,4.08007E-07,8.58315E-08,0.0106084,0.0104128,0,0,0,0,0.298047,0.298047,2.82144,4.46699
F1,0,20000,2.8284,1,6,0.284865,0.285967,0.0301917,0.0110667,-0.0112253,-0.0302613,0.141552,-0.0103829,0.142057,0.0196503,0.00156718,0.00170303,0.00985303,0.00995417,0.0640613,0.0206275,0.020464,0.0105179,0.0104967,4.96699E-07,1.14742E-07,0.0106133,0.0104128,0.00871152,0,0.0136144,0,0.28486,0.284862,2.81635,4.46699
F2,0,20000,2.8284,1,6,0.298347,0.299473,0.0205476,0.0204261,-0.0205574,-0.0206466,0.141755,-0.0104803,0.142055,0.0196585,0.00156716,0.00170321,0.0098535,0.00995424,0.0640612,0.0206286,0.0204631,0.00941968,0.00941962,4.07442E-07,8.56917E-08,0.0106082,0.0104128,9.19918E-08,0,4.42411E-05,0,0.298347,0.298348,2.81667,4.46699
B,0,20000,2.8284,1,6,0.298363,0.299488,0.0205373,0.0204367,-0.0205488,-0.0206512,0.141755,-0.0104804,0.142055,0.0196585,0.00156716,0.00170321,0.0098535,0.00995424,0.0640612,0.0206286,0.0204631,0.00941967,0.00941963,4.07402E-07,8.56738E-08,0.0106082,0.0104128,3.97779E-08,0,2.90919E-05,0,0.298363,0.298363,2.81667,4.46699
A,0,20000,3.818,1,0,0.297779,0.299285,0.0207116,0.0202421,-0.0204646,-0.0207243,0.14164,-0.0103977,0.142131,0.019657,0.00156724,0.00170205,0.0098527,0.00995385,0.0640936,0.0206109,0.0204478,0.0094164,0.00941649,4.152E-07,9.18625E-08,0.0106101,0.0104128,0,0,0,0,0.297779,0.29778,3.81049,4.46431
F1,0,20000,3.818,1,0,0.297921,0.299149,0.0207093,0.0202445,-0.0204663,-0.0207218,0.141709,-0.0103976,0.142061,0.0196569,0.00156724,0.00170204,0.0098527,0.00995384,0.0640641,0.0206256,0.0204624,0.00941657,0.00941609,4.15054E-07,9.19166E-08,0.01061,0.0104128,3.54403E-06,0,0.0002746,0,0.297921,0.297921,3.80659,4.46431
F2,0,20000,3.818,1,0,0.298211,0.299439,0.0205614,0.0203954,-0.0205342,-0.0206588,0.141713,-0.0103988,0.142061,0.0196571,0.00156724,0.00170205,0.0098527,0.00995384,0.0640641,0.0206256,0.0204624,0.00941607,0.00941595,4.14274E-07,9.15652E-08,0.0106099,0.0104128,1.67626E-07,0,5.97203E-05,0,0.298212,0.298212,3.80659,4.46431
B,0,20000,3.818,1,0,0.298239,0.299467,0.0205481,0.0204098,-0.0205223,-0.0206642,0.141713,-0.0103989,0.142061,0.0196571,0.00156724,0.00170205,0.00985271,0.00995384,0.0640641,0.0206256,0.0204624,0.00941605,0.00941597,4.14201E-07,9.15321E-08,0.0106099,0.0104128,7.24825E-08,0,3.92707E-05,0,0.298239,0.298239,3.80659,4.46431
A,0,20000,3.818,1,1,0.297778,0.299285,0.0207118,0.0202417,-0.0204644,-0.0207243,0.14164,-0.0103973,0.142131,0.019657,0.00156723,0.00170205,0.00985276,0.00995379,0.0640937,0.0206109,0.0204476,0.00941638,0.00941646,4.1535E-07,9.19162E-08,0.0106102,0.0104128,0,0,0,0,0.297777,0.297778,3.81144,5.24347
F1,0,20000,3.818,1,1,0.322763,0.323743,0.0801719,-4.19575E-05,3.90461E-05,-0.0806923,0.140675,-0.00921887,0.14208,0.0195115,0.00156739,0.00170409,0.00983659,0.00995766,0.064067,0.0206069,0.020477,0.0384778,0.0384773,2.89064E-06,1.22425E-06,0.0107706,0.0104128,0.154863,0,0.0574018,0,0.322776,0.322764,3.80094,5.24347
F2,0,20000,3.818,1,1,0.322763,0.323743,0.0801719,-4.19575E-05,3.90461E-05,-0.0806923,0.140675,-0.00921887,0.14208,0.0195115,0.00156739,0.00170409,0.00983659,0.00995766,0.064067,0.0206069,0.020477,0.0384778,0.0384773,2.89064E-06,1.22425E-06,0.0107706,0.0104128,0.154863,0,0.0574018,0,0.322776,0.322764,3.80094,5.24347
B,0,20000,3.818,1,1,0.322763,0.323743,0.0801718,-4.19577E-05,3.9046E-05,-0.0806923,0.140675,-0.00921887,0.14208,0.0195115,0.00156739,0.00170409,0.00983659,0.00995766,0.064067,0.0206069,0.020477,0.0384778,0.0384773,2.89063E-06,1.22425E-06,0.0107706,0.0104128,0.154863,0,0.0574018,0,0.322776,0.322764,3.80094,5.24347
A,0,20000,3.818,1,2,0.297778,0.299285,0.0207117,0.0202418,-0.0204645,-0.0207243,0.14164,-0.0103973,0.142131,0.019657,0.00156723,0.00170205,0.00985276,0.00995379,0.0640937,0.0206109,0.0204476,0.00941638,0.00941646,4.1534E-07,9.19119E-08,0.0106102,0.0104128,0,0,0,0,0.297777,0.297778,3.81102,4.72403
F1,0,20000,3.818,1,2,0.322784,0.323772,0.080161,-2.93288E-05,4.72505E-05,-0.0806889,0.140674,-0.00921668,0.14208,0.0195115,0.00156739,0.00170401,0.00983677,0.00995753,0.0640669,0.0206073,0.0204767,0.0384782,0.0384771,2.89172E-06,1.22442E-06,0.0107703,0.0104128,0.154864,0,0.057402,0,0.322798,0.322786,3.80033,4.72403
F2,0,20000,3.818,1,2,0.29821,0.299439,0.0205615,0.0203953,-0.0205343,-0.0206588,0.141713,-0.0103982,0.142062,0.019657,0.00156723,0.00170205,0.00985276,0.00995378,0.0640642,0.0206257,0.0204622,0.00941605,0.00941593,4.14413E-07,9.16146E-08,0.01061,0.0104128,1.67605E-07,0,5.97166E-05,0,0.298209,0.29821,3.80338,4.72403
B,0,20000,3.818,1,2,0.298238,0.299467,0.020548,0.0204097,-0.0205222,-0.020664,0.141713,-0.0103983,0.142062,0.019657,0.00156723,0.00170205,0.00985276,0.00995378,0.0640642,0.0206257,0.0204622,0.00941603,0.00941595,4.1434E-07,9.15815E-08,0.01061,0.0104128,7.24738E-08,0,3.92683E-05,0,0.298236,0.298238,3.80338,4.72403
A,0,20000,3.818,1,3,0.297778,0.299285,0.0207117,0.0202418,-0.0204645,-0.0207243,0.14164,-0.0103973,0.142131,0.019657,0.00156723,0.00170205,0.00985276,0.00995379,0.0640937,0.0206109,0.0204476,0.00941638,0.00941646,4.1534E-07,9.19119E-08,0.0106102,0.0104128,0,0,0,0,0.297777,0.297778,3.81102,4.72402
F1,0,20000,3.818,1,3,0.29792,0.299149,0.0207096,0.0202446,-0.0204665,-0.020722,0.141709,-0.0103971,0.142062,0.0196569,0.00156723,0.00170204,0.00985275,0.00995378,0.0640642,0.0206257,0.0204622,0.00941655,0.00941607,4.15194E-07,9.19661E-08,0.0106101,0.0104128,3.54361E-06,0,0.000274583,0,0.297918,0.29792,3.80337,4.72402
F2,0,20000,3.818,1,3,0.322784,0.323772,0.080161,-2.93742E-05,4.7225E-05,-0.0806889,0.140674,-0.00921669,0.14208,0.0195115,0.00156739,0.00170401,0.00983677,0.00995753,0.0640669,0.0206073,0.0204767,0.0384782,0.0384771,2.89172E-06,1.22442E-06,0.0107703,0.0104128,0.154864,0,0.057402,0,0.322798,0.322785,3.80034,4.72402
B,0,20000,3.818,1,3,0.298238,0.299467,0.020548,0.0204097,-0.0205222,-0.020664,0.141713,-0.0103983,0.142062,0.019657,0.00156723,0.00170205,0.00985276,0.00995378,0.0640642,0.0206257,0.0204622,0.00941603,0.00941595,4.1434E-07,9.15815E-08,0.01061,0.0104128,7.24738E-08,0,3.92683E-05,0,0.298236,0.298238,3.80338,4.72402
A,0,20000,3.818,1,4,0.297778,0.299285,0.0207117,0.0202418,-0.0204645,-0.0207243,0.14164,-0.0103973,0.142131,0.019657,0.00156723,0.00170205,0.00985276,0.00995379,0.0640937,0.0206109,0.0204476,0.00941638,0.00941646,4.1534E-07,9.19119E-08,0.0106102,0.0104128,0,0,0,0,0.297777,0.297778,3.81102,4.72402
F1,0,20000,3.818,1,4,0.29792,0.299149,0.0207096,0.0202446,-0.0204665,-0.020722,0.141709,-0.0103971,0.142062,0.0196569,0.00156723,0.00170204,0.00985275,0.00995378,0.0640642,0.0206257,0.0204622,0.00941655,0.00941607,4.15194E-07,9.19661E-08,0.0106101,0.0104128,3.54361E-06,0,0.000274584,0,0.297918,0.29792,3.80337,4.72402
F2,0,20000,3.818,1,4,0.29821,0.299439,0.0205615,0.0203953,-0.0205343,-0.0206588,0.141713,-0.0103982,0.142062,0.019657,0.00156723,0.00170205,0.00985276,0.00995378,0.0640642,0.0206257,0.0204622,0.00941605,0.00941593,4.14413E-07,9.16146E-08,0.01061,0.0104128,1.67605E-07,0,5.97167E-05,0,0.298209,0.29821,3.80338,4.72402
B,0,20000,3.818,1,4,0.322784,0.323772,0.080161,-2.93503E-05,4.72383E-05,-0.0806889,0.140674,-0.00921669,0.14208,0.0195115,0.00156739,0.00170401,0.00983677,0.00995753,0.0640669,0.0206073,0.0204767,0.0384782,0.0384771,2.89172E-06,1.22442E-06,0.0107703,0.0104128,0.154864,0,0.057402,0,0.322798,0.322785,3.80034,4.72402
A,0,20000,3.818,1,5,0.297779,0.299285,0.0207116,0.020242,-0.0204646,-0.0207243,0.14164,-0.0103977,0.142131,0.019657,0.00156724,0.00170205,0.0098527,0.00995385,0.0640936,0.0206109,0.0204478,0.00941638,0.00941647,4.15297E-07,9.19016E-08,0.0106102,0.0104128,0,0,0,0,0.297779,0.297779,3.81073,4.61405
F1,0,20000,3.818,1,5,0.292416,0.293127,0.0661627,-5.23073E-05,4.48844E-05,-0.0665989,0.140829,-0.00951379,0.14207,0.0195629,0.00156733,0.00170288,0.00984377,0.00995508,0.0640655,0.0206157,0.02047,0.0274407,0.0274233,1.90444E-06,7.4341E-07,0.0107078,0.0104128,0.105422,0,0.0473607,0,0.292412,0.292409,3.80713,4.61405
F2,0,20000,3.818,1,5,0.298211,0.299439,0.0205614,0.0203954,-0.0205342,-0.0206588,0.141713,-0.0103988,0.142061,0.019657,0.00156724,0.00170205,0.00985271,0.00995384,0.0640641,0.0206256,0.0204624,0.00941605,0.00941593,4.1437E-07,9.1604E-08,0.0106099,0.0104128,1.67625E-07,0,5.97202E-05,0,0.298211,0.298211,3.80671,4.61405
B,0,20000,3.818,1,5,0.298239,0.299467,0.0205481,0.0204097,-0.0205223,-0.0206642,0.141713,-0.0103989,0.142061,0.0196571,0.00156724,0.00170205,0.00985271,0.00995384,0.0640641,0.0206256,0.0204624,0.00941603,0.00941595,4.14297E-07,9.15709E-08,0.0106099,0.0104128,7.24822E-08,0,3.92706E-05,0,0.298239,0.298239,3.80671,4.61405
A,0,20000,3.818,1,6,0.297779,0.299285,0.0207116,0.0202418,-0.0204644,-0.0207242,0.14164,-0.0103976,0.142131,0.019657,0.00156723,0.00170205,0.00985273,0.00995382,0.0640937,0.0206109,0.0204477,0.0094164,0.00941649,4.15222E-07,9.18596E-08,0.0106102,0.0104128,0,0,0,0,0.297778,0.297779,3.81257,4.4685
F1,0,20000,3.818,1,6,0.2738,0.274984,0.0336787,0.00785849,-0.00803866,-0.0337326,0.14134,-0.0102656,0.142065,0.0196419,0.00156726,0.00170172,0.00985172,0.00995383,0.0640644,0.0206232,0.0204642,0.0114277,0.0113885,5.80047E-07,1.46571E-07,0.0106194,0.0104128,0.0158727,0,0.0183771,0,0.273791,0.273796,3.80605,4.4685
F2,0,20000,3.818,1,6,0.298211,0.29944,0.0205614,0.0203953,-0.0205342,-0.0206589,0.141713,-0.0103984,0.142062,0.0196571,0.00156723,0.00170205,0.00985273,0.00995382,0.0640642,0.0206257,0.0204623,0.00941607,0.00941595,4.14296E-07,9.15626E-08,0.01061,0.0104128,1.67615E-07,0,5.97183E-05,0,0.29821,0.298211,3.80669,4.4685
B,0,20000,3.818,1,6,0.298239,0.299467,0.0205481,0.0204097,-0.0205222,-0.0206641,0.141713,-0.0103985,0.142062,0.0196571,0.00156723,0.00170205,0.00985274,0.00995382,0.0640642,0.0206257,0.0204623,0.00941605,0.00941597,4.14223E-07,9.15295E-08,0.01061,0.0104128,7.24779E-08,0,3.92694E-05,0,0.298238,0.298239,3.80669,4.4685
A,10,1000,3.818,0.25,0,0.297783,0.299286,0.0207095,0.0202435,-0.0204712,-0.0207042,0.141642,-0.0106629,0.14213,0.0196569,0.00156708,0.00170457,0.00985429,0.00995491,0.0640926,0.0206131,0.0204482,0.0094163,0.00941639,4.06601E-07,8.26849E-08,0.0106057,0.0104128,0,0,0,0,0.297783,0.297783,3.81087,4.46442
F1,10,1000,3.818,0.25,0,0.297915,0.299153,0.0207085,0.0202439,-0.0204722,-0.0207034,0.141712,-0.0106628,0.14206,0.0196568,0.00156708,0.00170456,0.00985428,0.0099549,0.0640628,0.020628,0.020463,0.00941597,0.00941652,4.06434E-07,8.27372E-08,0.0106056,0.0104128,3.54097E-06,0,0.000274481,0,0.297915,0.297916,3.80378,4.46442
F2,10,1000,3.818,0.25,0,0.298213,0.299436,0.020559,0.0203952,-0.020552,-0.020624,0.141716,-0.0106649,0.14206,0.019657,0.00156708,0.00170456,0.00985428,0.0099549,0.0640628,0.020628,0.020463,0.00941596,0.0094159,4.05793E-07,8.2502E-08,0.0106055,0.0104128,1.67486E-07,0,5.96954E-05,0,0.298214,0.298214,3.80379,4.46442
B,10,1000,3.818,0.25,0,0.297495,0.29827,0.0212078,0.0197487,-0.01996,-0.0212415,0.141872,-0.0106659,0.141917,0.0196574,0.00156708,0.00170456,0.00985432,0.00995494,0.0640807,0.02062,0.0204533,0.00941965,0.00942899,4.05248E-07,8.19926E-08,0.0106055,0.0104128,4.47768E-08,0,3.08658E-05,0,0.297494,0.297494,2.97515,4.46442
A,10,1000,3.818,0.25,1,0.297782,0.299286,0.0207095,0.0202435,-0.0204712,-0.0207042,0.141642,-0.0106629,0.14213,0.0196569,0.00156708,0.00170457,0.00985429,0.00995491,0.0640927,0.0206131,0.0204481,0.0094163,0.0094164,4.06601E-07,8.26836E-08,0.0106057,0.0104128,0,0,0,0,0.297782,0.297783,3.81078,4.80599
F1,10,1000,3.818,0.25,1,0.301332,0.302859,0.0651349,-1.24394E-08,-2.07834E-09,-0.0655081,0.14106,-0.0102224,0.142059,0.0195709,0.00156699,0.00170816,0.00985047,0.00995423,0.0640627,0.0206272,0.0204638,0.026684,0.0267041,1.41093E-06,3.34413E-07,0.0106778,0.0104128,0.102008,0,0.0465873,0,0.300907,0.301071,3.8033,4.80599
F2,10,1000,3.818,0.25,1,0.301332,0.302859,0.0651349,-1.24393E-08,-2.07832E-09,-0.0655081,0.14106,-0.0102224,0.142059,0.0195709,0.00156699,0.00170816,0.00985047,0.00995423,0.0640627,0.0206272,0.0204638,0.026684,0.0267041,1.41093E-06,3.34413E-07,0.0106778,0.0104128,0.102008,0,0.0465873,0,0.300907,0.301071,3.8033,4.80599
B,10,1000,3.818,0.25,1,0.285256,0.286239,0.0523129,3.23779E-06,-4.18159E-06,-0.0526378,0.14143,-0.0103147,0.141914,0.0196156,0.00156704,0.0017061,0.00985262,0.00995466,0.0640806,0.02062,0.0204533,0.0190424,0.019063,9.46004E-07,2.12473E-07,0.0106393,0.0104128,0.063021,0,0.0366179,0,0.284904,0.28504,2.97369,4.80599
A,10,1000,3.818,0.25,2,0.297783,0.299286,0.0207095,0.0202435,-0.0204712,-0.0207042,0.141642,-0.0106629,0.14213,0.0196569,0.00156708,0.00170457,0.00985429,0.00995491,0.0640927,0.0206131,0.0204481,0.0094163,0.00941639,4.06601E-07,8.26843E-08,0.0106057,0.0104128,0,0,0,0,0.297782,0.297783,3.81084,4.60651
F1,10,1000,3.818,0.25,2,0.301308,0.302882,0.0651367,-1.38432E-08,-1.48177E-09,-0.0655099,0.14106,-0.0102224,0.142059,0.0195709,0.00156699,0.00170815,0.00985047,0.00995423,0.0640626,0.0206272,0.0204638,0.026683,0.0267064,1.4109E-06,3.34441E-07,0.0106777,0.0104128,0.10201,0,0.0465878,0,0.300905,0.301023,3.80337,4.60651
F2,10,1000,3.818,0.25,2,0.298213,0.299436,0.020559,0.0203952,-0.020552,-0.020624,0.141716,-0.0106649,0.14206,0.019657,0.00156708,0.00170456,0.00985429,0.0099549,0.0640628,0.020628,0.0204629,0.00941596,0.0094159,4.05793E-07,8.25015E-08,0.0106055,0.0104128,1.67475E-07,0,5.96934E-05,0,0.298214,0.298214,3.80375,4.60651
B,10,1000,3.818,0.25,2,0.297495,0.29827,0.0212078,0.0197487,-0.01996,-0.0212415,0.141872,-0.0106659,0.141917,0.0196574,0.00156708,0.00170456,0.00985432,0.00995494,0.0640807,0.02062,0.0204533,0.00941965,0.00942899,4.05248E-07,8.19922E-08,0.0106055,0.0104128,4.47738E-08,0,3.08648E-05,0,0.297494,0.297494,2.9751,4.60651
A,10,1000,3.818,0.25,4,0.297783,0.299286,0.0207095,0.0202435,-0.0204712,-0.0207042,0.141642,-0.0106629,0.14213,0.0196569,0.00156708,0.00170457,0.00985429,0.00995491,0.0640926,0.0206131,0.0204482,0.0094163,0.00941639,4.06601E-07,8.26849E-08,0.0106057,0.0104128,0,0,0,0,0.297783,0.297783,3.81087,4.52185
F1,10,1000,3.818,0.25,4,0.297915,0.299153,0.0207085,0.0202439,-0.0204722,-0.0207034,0.141712,-0.0106628,0.14206,0.0196568,0.00156708,0.00170456,0.00985428,0.0099549,0.0640628,0.020628,0.020463,0.00941597,0.00941652,4.06434E-07,8.27372E-08,0.0106056,0.0104128,3.54097E-06,0,0.000274481,0,0.297915,0.297916,3.80378,4.52185
F2,10,1000,3.818,0.25,4,0.298213,0.299436,0.020559,0.0203952,-0.020552,-0.020624,0.141716,-0.0106649,0.14206,0.019657,0.00156708,0.00170456,0.00985428,0.0099549,0.0640628,0.020628,0.020463,0.00941596,0.0094159,4.05793E-07,8.2502E-08,0.0106055,0.0104128,1.67486E-07,0,5.96954E-05,0,0.298214,0.298214,3.80379,4.52185
B,10,1000,3.818,0.25,4,0.285221,0.286269,0.0523133,3.24202E-06,-4.17924E-06,-0.0526382,0.141431,-0.0103147,0.141914,0.0196156,0.00156704,0.0017061,0.00985262,0.00995466,0.0640806,0.02062,0.0204533,0.0190408,0.0190658,9.45944E-07,2.12505E-07,0.0106392,0.0104128,0.0630237,0,0.0366187,0,0.284902,0.284969,2.97383,4.52185
A,10,1000,3.818,0.25,5,0.297783,0.299286,0.0207095,0.0202435,-0.0204712,-0.0207042,0.141642,-0.0106629,0.14213,0.0196569,0.00156708,0.00170457,0.00985429,0.00995491,0.0640927,0.0206131,0.0204481,0.0094163,0.00941639,4.06601E-07,8.26845E-08,0.0106057,0.0104128,0,0,0,0,0.297783,0.297783,3.81085,4.54966
F1,10,1000,3.818,0.25,5,0.281852,0.283278,0.0569241,5.69313E-07,-6.59167E-07,-0.057249,0.141064,-0.0102711,0.142058,0.0195956,0.00156702,0.00170684,0.00985183,0.00995449,0.0640627,0.0206267,0.0204643,0.0215248,0.0215313,1.12472E-06,2.63543E-07,0.0106533,0.0104128,0.0779071,0,0.0407136,0,0.281526,0.281615,3.80328,4.54966
F2,10,1000,3.818,0.25,5,0.298213,0.299436,0.020559,0.0203952,-0.020552,-0.020624,0.141716,-0.0106649,0.14206,0.019657,0.00156708,0.00170456,0.00985429,0.0099549,0.0640628,0.020628,0.0204629,0.00941596,0.0094159,4.05793E-07,8.25016E-08,0.0106055,0.0104128,1.67478E-07,0,5.96939E-05,0,0.298214,0.298214,3.80376,4.54966
B,10,1000,3.818,0.25,5,0.297495,0.29827,0.0212078,0.0197487,-0.01996,-0.0212415,0.141872,-0.0106659,0.141917,0.0196574,0.00156708,0.00170456,0.00985432,0.00995494,0.0640807,0.02062,0.0204533,0.00941965,0.00942899,4.05248E-07,8.19923E-08,0.0106055,0.0104128,4.47746E-08,0,3.08651E-05,0,0.297494,0.297494,2.97511,4.54966
A,10,1000,3.818,0.5,0,0.297782,0.299285,0.0207099,0.0202431,-0.0204709,-0.0207045,0.141642,-0.0106629,0.14213,0.0196569,0.00156708,0.00170457,0.00985429,0.00995491,0.0640926,0.0206131,0.0204482,0.0094163,0.0094164,4.06602E-07,8.26854E-08,0.0106057,0.0104128,0,0,0,0,0.297782,0.297782,3.81087,4.46381
F1,10,1000,3.818,0.5,0,0.297915,0.299153,0.0207085,0.0202439,-0.0204722,-0.0207034,0.141712,-0.0106628,0.14206,0.0196568,0.00156708,0.00170456,0.00985428,0.0099549,0.0640628,0.020628,0.020463,0.00941597,0.00941652,4.06434E-07,8.27372E-08,0.0106056,0.0104128,3.54097E-06,0,0.000274481,0,0.297915,0.297916,3.80378,4.46381
F2,10,1000,3.818,0.5,0,0.298213,0.299436,0.020559,0.0203952,-0.020552,-0.020624,0.141716,-0.0106649,0.14206,0.019657,0.00156708,0.00170456,0.00985428,0.0099549,0.0640628,0.020628,0.020463,0.00941596,0.0094159,4.05793E-07,8.2502E-08,0.0106055,0.0104128,1.67486E-07,0,5.96954E-05,0,0.298214,0.298214,3.80379,4.46381
B,10,1000,3.818,0.5,0,0.293996,0.295006,0.0218987,0.0189748,-0.0192861,-0.0218341,0.141712,-0.0106153,0.141884,0.0196496,0.00156708,0.00170445,0.00985438,0.00995494,0.0640741,0.0206225,0.0204573,0.00942177,0.00942858,4.25295E-07,9.25846E-08,0.0106043,0.0104127,1.78883E-07,0,6.16929E-05,0,0.29399,0.293991,5.9674,4.46381
A,10,1000,3.818,0.5,1,0.297782,0.299286,0.0207099,0.0202431,-0.0204709,-0.0207045,0.141642,-0.0106629,0.14213,0.0196569,0.00156708,0.00170457,0.00985429,0.00995491,0.0640927,0.0206131,0.0204481,0.0094163,0.0094164,4.06603E-07,8.26843E-08,0.0106057,0.0104128,0,0,0,0,0.297781,0.297782,3.81078,5.21456
F1,10,1000,3.818,0.5,1,0.301332,0.302859,0.0651349,-1.32896E-08,2.05404E-09,-0.0655081,0.14106,-0.0102224,0.142059,0.0195709,0.00156699,0.00170816,0.00985047,0.00995423,0.0640627,0.0206272,0.0204638,0.026684,0.0267041,1.41093E-06,3.34413E-07,0.0106778,0.0104128,0.102008,0,0.0465873,0,0.300907,0.301071,3.8033,5.21456
F2,10,1000,3.818,0.5,1,0.301332,0.302859,0.0651349,-1.32896E-08,2.05406E-09,-0.0655081,0.14106,-0.0102224,0.142059,0.0195709,0.00156699,0.00170816,0.00985047,0.00995423,0.0640627,0.0206272,0.0204638,0.026684,0.0267041,1.41093E-06,3.34413E-07,0.0106778,0.0104128,0.102008,0,0.0465873,0,0.300907,0.301071,3.8033,5.21456
B,10,1000,3.818,0.5,1,0.349435,0.349926,0.104385,-5.32487E-06,4.13378E-06,-0.105012,0.139767,-0.00984959,0.141888,0.0193708,0.00156681,0.00171526,0.00984286,0.00995296,0.0640737,0.0206236,0.0204565,0.0631162,0.0632414,4.00562E-06,1.16107E-06,0.0108256,0.0104126,0.251735,0,0.0731852,0,0.348704,0.348988,5.96329,5.21456
A,10,1000,3.818,0.5,2,0.297782,0.299285,0.0207099,0.0202431,-0.0204709,-0.0207045,0.141642,-0.0106629,0.14213,0.0196569,0.00156708,0.00170457,0.00985429,0.00995491,0.0640927,0.0206131,0.0204481,0.0094163,0.0094164,4.06602E-07,8.26849E-08,0.0106057,0.0104128,0,0,0,0,0.297782,0.297782,3.81084,4.6059
F1,10,1000,3.818,0.5,2,0.301308,0.302882,0.0651366,-1.38375E-08,-1.48378E-09,-0.0655099,0.14106,-0.0102224,0.142059,0.0195709,0.00156699,0.00170815,0.00985047,0.00995423,0.0640626,0.0206272,0.0204638,0.026683,0.0267064,1.4109E-06,3.34441E-07,0.0106777,0.0104128,0.10201,0,0.0465878,0,0.300905,0.301024,3.80337,4.6059
F2,10,1000,3.818,0.5,2,0.298213,0.299436,0.020559,0.0203952,-0.020552,-0.020624,0.141716,-0.0106649,0.14206,0.019657,0.00156708,0.00170456,0.00985429,0.0099549,0.0640628,0.020628,0.0204629,0.00941596,0.0094159,4.05793E-07,8.25015E-08,0.0106055,0.0104128,1.67475E-07,0,5.96934E-05,0,0.298214,0.298214,3.80375,4.6059
B,10,1000,3.818,0.5,2,0.293996,0.295006,0.0218987,0.0189748,-0.0192862,-0.0218341,0.141712,-0.0106153,0.141884,0.0196496,0.00156708,0.00170445,0.00985439,0.00995493,0.0640741,0.0206225,0.0204573,0.00942177,0.00942858,4.25295E-07,9.25833E-08,0.0106043,0.0104127,1.7887E-07,0,6.16908E-05,0,0.293989,0.293992,5.96729,4.6059
A,10,1000,3.818,0.5,4,0.297782,0.299285,0.0207099,0.0202431,-0.0204709,-0.0207045,0.141642,-0.0106629,0.14213,0.0196569,0.00156708,0.00170457,0.00985429,0.00995491,0.0640926,0.0206131,0.0204482,0.0094163,0.0094164,4.06602E-07,8.26855E-08,0.0106057,0.0104128,0,0,0,0,0.297782,0.297782,3.81087,4.93042
F1,10,1000,3.818,0.5,4,0.297915,0.299153,0.0207085,0.0202439,-0.0204722,-0.0207034,0.141712,-0.0106628,0.14206,0.0196568,0.00156708,0.00170456,0.00985428,0.0099549,0.0640628,0.020628,0.020463,0.00941597,0.00941652,4.06434E-07,8.27373E-08,0.0106056,0.0104128,3.54097E-06,0,0.000274481,0,0.297915,0.297916,3.80378,4.93042
F2,10,1000,3.818,0.5,4,0.298213,0.299436,0.020559,0.0203952,-0.020552,-0.020624,0.141716,-0.0106649,0.14206,0.019657,0.00156708,0.00170456,0.00985428,0.0099549,0.0640628,0.020628,0.020463,0.00941596,0.0094159,4.05793E-07,8.25021E-08,0.0106055,0.0104128,1.67486E-07,0,5.96954E-05,0,0.298214,0.298214,3.80379,4.93042
B,10,1000,3.818,0.5,4,0.349372,0.349982,0.104387,-6.46087E-06,4.51596E-06,-0.105012,0.139768,-0.00984886,0.141886,0.0193707,0.00156682,0.00171525,0.00984286,0.00995297,0.0640736,0.0206236,0.0204566,0.0631128,0.0632508,4.00566E-06,1.16124E-06,0.0108254,0.0104126,0.251746,0,0.0731868,0,0.348707,0.348851,5.96361,4.93042
A,10,1000,3.818,0.5,5,0.297782,0.299285,0.0207099,0.0202431,-0.0204709,-0.0207045,0.141642,-0.0106629,0.14213,0.0196569,0.00156708,0.00170457,0.00985429,0.00995491,0.0640927,0.0206131,0.0204481,0.0094163,0.0094164,4.06602E-07,8.2685E-08,0.0106057,0.0104128,0,0,0,0,0.297782,0.297782,3.81085,4.54905
F1,10,1000,3.818,0.5,5,0.281852,0.283278,0.0569241,5.69314E-07,-6.59167E-07,-0.057249,0.141064,-0.0102711,0.142058,0.0195956,0.00156702,0.00170684,0.00985183,0.00995449,0.0640627,0.0206267,0.0204643,0.0215248,0.0215313,1.12472E-06,2.63543E-07,0.0106533,0.0104128,0.0779071,0,0.0407136,0,0.281526,0.281614,3.80328,4.54905
F2,10,1000,3.818,0.5,5,0.298213,0.299436,0.020559,0.0203952,-0.020552,-0.020624,0.141716,-0.0106649,0.14206,0.019657,0.00156708,0.00170456,0.00985429,0.0099549,0.0640628,0.020628,0.0204629,0.00941596,0.0094159,4.05793E-07,8.25016E-08,0.0106055,0.0104128,1.67478E-07,0,5.96939E-05,0,0.298214,0.298214,3.80376,4.54905
B,10,1000,3.818,0.5,5,0.293996,0.295006,0.0218987,0.0189748,-0.0192862,-0.0218341,0.141712,-0.0106153,0.141884,0.0196496,0.00156708,0.00170445,0.00985438,0.00995493,0.0640741,0.0206225,0.0204573,0.00942177,0.00942858,4.25295E-07,9.25836E-08,0.0106043,0.0104127,1.78874E-07,0,6.16914E-05,0,0.293989,0.293992,5.96732,4.54905
A,10,1000,3.818,0.79,0,0.297781,0.299284,0.0207106,0.0202424,-0.0204701,-0.0207052,0.141642,-0.0106629,0.14213,0.0196569,0.00156708,0.00170457,0.00985429,0.00995491,0.0640926,0.0206131,0.0204482,0.0094163,0.0094164,4.06605E-07,8.26865E-08,0.0106057,0.0104128,0,0,0,0,0.297781,0.297781,3.81087,4.46248
F1,10,1000,3.818,0.79,0,0.297915,0.299153,0.0207085,0.0202439,-0.0204722,-0.0207034,0.141712,-0.0106628,0.14206,0.0196568,0.00156708,0.00170456,0.00985428,0.0099549,0.0640628,0.020628,0.020463,0.00941597,0.00941652,4.06434E-07,8.27372E-08,0.0106056,0.0104128,3.54097E-06,0,0.000274481,0,0.297915,0.297916,3.80378,4.46248
F2,10,1000,3.818,0.79,0,0.298213,0.299436,0.020559,0.0203952,-0.020552,-0.020624,0.141716,-0.0106649,0.14206,0.019657,0.00156708,0.00170456,0.00985428,0.0099549,0.0640628,0.020628,0.020463,0.00941596,0.0094159,4.05793E-07,8.2502E-08,0.0106055,0.0104128,1.67486E-07,0,5.96954E-05,0,0.298214,0.298214,3.80379,4.46248
B,10,1000,3.818,0.79,0,0.286826,0.288574,0.022672,0.0180199,-0.0184775,-0.022456,0.1413,-0.0105442,0.141863,0.0196314,0.00156709,0.00170413,0.00985464,0.00995494,0.0640672,0.0206242,0.0204623,0.00942502,0.0094238,4.69077E-07,1.20116E-07,0.0106004,0.0104125,4.47306E-07,0,9.75559E-05,0,0.28681,0.286814,9.44844,4.46248
A,10,1000,3.818,0.79,1,0.29778,0.299284,0.0207106,0.0202424,-0.0204701,-0.0207052,0.141642,-0.0106629,0.14213,0.0196569,0.00156708,0.00170457,0.00985429,0.00995491,0.0640927,0.0206131,0.0204481,0.0094163,0.0094164,4.06606E-07,8.26853E-08,0.0106057,0.0104128,0,0,0,0,0.29778,0.297781,3.81078,5.76143
F1,10,1000,3.818,0.79,1,0.301331,0.302859,0.0651348,-1.45516E-07,6.18519E-08,-0.0655081,0.14106,-0.0102224,0.142059,0.0195709,0.00156699,0.00170816,0.00985047,0.00995423,0.0640627,0.0206272,0.0204638,0.026684,0.0267041,1.41093E-06,3.34413E-07,0.0106778,0.0104128,0.102008,0,0.0465873,0,0.300906,0.30107,3.8033,5.76143
F2,10,1000,3.818,0.79,1,0.301331,0.302859,0.0651348,-1.45516E-07,6.18519E-08,-0.0655081,0.14106,-0.0102224,0.142059,0.0195709,0.00156699,0.00170816,0.00985047,0.00995423,0.0640627,0.0206272,0.0204638,0.026684,0.0267041,1.41093E-06,3.34413E-07,0.0106778,0.0104128,0.102008,0,0.0465873,0,0.300906,0.30107,3.8033,5.76143
B,10,1000,3.818,0.79,1,0.341573,0.340905,0.164572,-1.00755E-05,4.02653E-06,-0.165124,0.132526,-0.00864226,0.141866,0.0187898,0.00156627,0.00171966,0.00982905,0.00995365,0.0640503,0.0206028,0.020469,0.15448,0.154661,1.33985E-05,6.36382E-06,0.0110539,0.0104056,0.628543,0,0.115643,0,0.340199,0.340741,9.43806,5.76143
A,10,1000,3.818,0.79,2,0.29778,0.299284,0.0207106,0.0202424,-0.0204701,-0.0207052,0.141642,-0.0106629,0.14213,0.0196569,0.00156708,0.00170457,0.00985429,0.00995491,0.0640927,0.0206131,0.0204481,0.0094163,0.0094164,4.06606E-07,8.2686E-08,0.0106057,0.0104128,0,0,0,0,0.29778,0.297781,3.81084,4.60457
F1,10,1000,3.818,0.79,2,0.301308,0.302882,0.0651366,-1.38237E-08,-1.48879E-09,-0.0655099,0.14106,-0.0102224,0.142059,0.0195709,0.00156699,0.00170815,0.00985047,0.00995423,0.0640626,0.0206272,0.0204638,0.026683,0.0267063,1.4109E-06,3.34441E-07,0.0106777,0.0104128,0.10201,0,0.0465878,0,0.300905,0.301024,3.80337,4.60457
F2,10,1000,3.818,0.79,2,0.298213,0.299436,0.020559,0.0203952,-0.020552,-0.020624,0.141716,-0.0106649,0.14206,0.019657,0.00156708,0.00170456,0.00985429,0.0099549,0.0640628,0.020628,0.0204629,0.00941596,0.0094159,4.05793E-07,8.25015E-08,0.0106055,0.0104128,1.67475E-07,0,5.96933E-05,0,0.298214,0.298214,3.80375,4.60457
B,10,1000,3.818,0.79,2,0.286827,0.288575,0.0226719,0.0180199,-0.0184775,-0.022456,0.1413,-0.0105442,0.141863,0.0196314,0.00156708,0.00170413,0.00985464,0.00995493,0.0640672,0.0206242,0.0204623,0.00942502,0.0094238,4.69075E-07,1.20112E-07,0.0106004,0.0104125,4.47275E-07,0,9.75525E-05,0,0.286809,0.286815,9.44826,4.60457
A,10,1000,3.818,0.79,4,0.297781,0.299284,0.0207106,0.0202424,-0.0204701,-0.0207052,0.141642,-0.0106629,0.14213,0.0196569,0.00156708,0.00170457,0.00985429,0.00995491,0.0640926,0.0206131,0.0204482,0.0094163,0.0094164,4.06605E-07,8.26866E-08,0.0106057,0.0104128,0,0,0,0,0.297781,0.297781,3.81087,5.47732
F1,10,1000,3.818,0.79,4,0.297915,0.299153,0.0207085,0.0202439,-0.0204722,-0.0207034,0.141712,-0.0106628,0.14206,0.0196568,0.00156708,0.00170456,0.00985428,0.0099549,0.0640628,0.020628,0.020463,0.00941597,0.00941652,4.06434E-07,8.27373E-08,0.0106056,0.0104128,3.54097E-06,0,0.000274481,0,0.297915,0.297916,3.80378,5.47732
F2,10,1000,3.818,0.79,4,0.298213,0.299436,0.020559,0.0203952,-0.020552,-0.020624,0.141716,-0.0106649,0.14206,0.019657,0.00156708,0.00170456,0.00985428,0.0099549,0.0640628,0.020628,0.020463,0.00941596,0.0094159,4.05793E-07,8.25021E-08,0.0106055,0.0104128,1.67486E-07,0,5.96954E-05,0,0.298214,0.298214,3.80379,5.47732
B,10,1000,3.818,0.79,4,0.341343,0.340885,0.164584,-7.47348E-06,3.79746E-06,-0.165119,0.132525,-0.00864049,0.141863,0.0187894,0.00156626,0.00171963,0.00982903,0.00995365,0.0640501,0.0206027,0.020469,0.154472,0.154685,1.33989E-05,6.36475E-06,0.0110535,0.0104056,0.62857,0,0.115645,0,0.340101,0.340372,9.4383,5.47732
A,10,1000,3.818,0.79,5,0.29778,0.299284,0.0207106,0.0202424,-0.0204701,-0.0207052,0.141642,-0.0106629,0.14213,0.0196569,0.00156708,0.00170457,0.00985429,0.00995491,0.0640927,0.0206131,0.0204481,0.0094163,0.0094164,4.06606E-07,8.26861E-08,0.0106057,0.0104128,0,0,0,0,0.297781,0.297781,3.81085,4.54771
F1,10,1000,3.818,0.79,5,0.281852,0.283278,0.0569241,5.69317E-07,-6.59169E-07,-0.057249,0.141064,-0.0102711,0.142058,0.0195956,0.00156702,0.00170684,0.00985183,0.00995449,0.0640627,0.0206267,0.0204643,0.0215248,0.0215313,1.12472E-06,2.63543E-07,0.0106533,0.0104128,0.0779071,0,0.0407136,0,0.281526,0.281614,3.80328,4.54771
F2,10,1000,3.818,0.79,5,0.298213,0.299436,0.020559,0.0203952,-0.020552,-0.020624,0.141716,-0.0106649,0.14206,0.019657,0.00156708,0.00170456,0.00985429,0.0099549,0.0640628,0.020628,0.0204629,0.00941596,0.0094159,4.05793E-07,8.25016E-08,0.0106055,0.0104128,1.67478E-07,0,5.9694E-05,0,0.298214,0.298214,3.80376,4.54771
B,10,1000,3.818,0.79,5,0.286826,0.288574,0.022672,0.0180199,-0.0184775,-0.022456,0.1413,-0.0105442,0.141863,0.0196314,0.00156708,0.00170413,0.00985464,0.00995493,0.0640672,0.0206242,0.0204623,0.00942502,0.0094238,4.69075E-07,1.20113E-07,0.0106004,0.0104125,4.47284E-07,0,9.75535E-05,0,0.286809,0.286815,9.44831,4.54771
A,10,1000,3.818,1,0,0.297779,0.299283,0.0207113,0.0202417,-0.0204694,-0.0207059,0.141642,-0.0106629,0.14213,0.0196569,0.00156708,0.00170457,0.00985429,0.00995491,0.0640926,0.0206131,0.0204482,0.0094163,0.0094164,4.06609E-07,8.26877E-08,0.0106057,0.0104128,0,0,0,0,0.297779,0.29778,3.81087,4.46069
F1,10,1000,3.818,1,0,0.297915,0.299153,0.0207085,0.0202439,-0.0204722,-0.0207034,0.141712,-0.0106628,0.14206,0.0196568,0.00156708,0.00170456,0.00985428,0.0099549,0.0640628,0.020628,0.020463,0.00941597,0.00941652,4.06434E-07,8.27372E-08,0.0106056,0.0104128,3.54097E-06,0,0.000274481,0,0.297915,0.297916,3.80378,4.46069
F2,10,1000,3.818,1,0,0.298213,0.299436,0.020559,0.0203952,-0.020552,-0.020624,0.141716,-0.0106649,0.14206,0.019657,0.00156708,0.00170456,0.00985428,0.0099549,0.0640628,0.020628,0.020463,0.00941596,0.0094159,4.05793E-07,8.2502E-08,0.0106055,0.0104128,1.67486E-07,0,5.96954E-05,0,0.298214,0.298214,3.80379,4.46069
B,10,1000,3.818,1,0,0.279311,0.282114,0.0232115,0.0172378,-0.0178703,-0.0228039,0.140659,-0.0104205,0.141829,0.0195946,0.00156675,0.00170266,0.00985379,0.00995321,0.0640505,0.0206196,0.0204618,0.00942281,0.00941025,5.18813E-07,1.61296E-07,0.0105813,0.0104078,7.19078E-07,0,0.000123691,0,0.279287,0.27929,11.9854,4.46069
A,10,1000,3.818,1,1,0.297779,0.299283,0.0207115,0.0202417,-0.0204694,-0.0207059,0.141642,-0.0106629,0.142131,0.0196569,0.00156708,0.00170457,0.0098543,0.0099549,0.0640928,0.020613,0.020448,0.00941631,0.00941641,4.06611E-07,8.2683E-08,0.0106057,0.0104128,0,0,0,0,0.297776,0.297779,3.81091,6.02609
F1,10,1000,3.818,1,1,0.301456,0.302737,0.0651408,-1.6353E-08,-1.84867E-08,-0.0655137,0.14106,-0.0102224,0.142062,0.019571,0.00156699,0.00170817,0.00985047,0.00995422,0.0640628,0.0206272,0.0204637,0.0266891,0.0266921,1.41108E-06,3.34262E-07,0.0106781,0.0104128,0.101994,0,0.0465843,0,0.300826,0.30141,3.80349,6.02609
F2,10,1000,3.818,1,1,0.301456,0.302737,0.0651408,-1.6353E-08,-1.84868E-08,-0.0655137,0.14106,-0.0102224,0.142062,0.019571,0.00156699,0.00170817,0.00985047,0.00995422,0.0640628,0.0206272,0.0204637,0.0266891,0.0266921,1.41108E-06,3.34262E-07,0.0106781,0.0104128,0.101994,0,0.0465843,0,0.300826,0.30141,3.80349,6.02609
B,10,1000,3.818,1,1,0.308455,0.293749,0.202223,-4.61255E-05,0.000117412,-0.20154,0.105881,-0.00349839,0.137504,0.0163357,0.00144232,0.00155335,0.00964834,0.00962416,0.0622021,0.0193792,0.020292,0.213493,0.215685,2.09712E-05,1.4124E-05,0.0102976,0.00966957,0.875402,0,0.136473,0,0.305998,0.308109,10.7289,6.02609
A,10,1000,3.818,1,2,0.297779,0.299283,0.0207113,0.0202417,-0.0204694,-0.0207059,0.141642,-0.0106629,0.14213,0.0196569,0.00156708,0.00170457,0.00985429,0.00995491,0.0640927,0.0206131,0.0204481,0.00941631,0.0094164,4.06609E-07,8.26871E-08,0.0106057,0.0104128,0,0,0,0,0.297779,0.297779,3.81084,4.60278
F1,10,1000,3.818,1,2,0.301308,0.302882,0.0651366,-1.38204E-08,-1.65357E-09,-0.0655098,0.14106,-0.0102224,0.142059,0.0195709,0.00156699,0.00170815,0.00985047,0.00995423,0.0640626,0.0206272,0.0204638,0.026683,0.0267063,1.4109E-06,3.3444E-07,0.0106777,0.0104128,0.10201,0,0.0465878,0,0.300905,0.301025,3.80337,4.60278
F2,10,1000,3.818,1,2,0.298213,0.299436,0.020559,0.0203952,-0.020552,-0.020624,0.141716,-0.0106649,0.14206,0.019657,0.00156708,0.00170456,0.00985429,0.0099549,0.0640628,0.020628,0.0204629,0.00941596,0.0094159,4.05793E-07,8.25015E-08,0.0106055,0.0104128,1.67474E-07,0,5.96933E-05,0,0.298213,0.298214,3.80374,4.60278
B,10,1000,3.818,1,2,0.279313,0.282116,0.0232114,0.0172378,-0.0178702,-0.0228039,0.140659,-0.0104205,0.14183,0.0195946,0.00156675,0.00170266,0.0098538,0.00995321,0.0640505,0.0206196,0.0204618,0.00942282,0.00941025,5.18808E-07,1.6129E-07,0.0105814,0.0104078,7.19027E-07,0,0.000123687,0,0.279286,0.279292,11.9851,4.60278
A,10,1000,3.818,1,4,0.297779,0.299282,0.0207113,0.0202417,-0.0204694,-0.0207059,0.141642,-0.0106629,0.14213,0.0196569,0.00156708,0.00170457,0.00985429,0.00995491,0.0640926,0.0206131,0.0204482,0.0094163,0.0094164,4.06609E-07,8.2688E-08,0.0106057,0.0104128,0,0,0,0,0.297776,0.297779,3.81085,5.74208
F1,10,1000,3.818,1,4,0.297915,0.299153,0.0207085,0.0202439,-0.0204722,-0.0207034,0.141712,-0.0106628,0.14206,0.0196568,0.00156708,0.00170456,0.00985428,0.0099549,0.0640628,0.020628,0.020463,0.00941597,0.00941652,4.06434E-07,8.27375E-08,0.0106056,0.0104128,3.54099E-06,0,0.000274481,0,0.297912,0.297915,3.80378,5.74208
F2,10,1000,3.818,1,4,0.298213,0.299436,0.020559,0.0203952,-0.020552,-0.020624,0.141716,-0.0106649,0.14206,0.019657,0.00156708,0.00170456,0.00985428,0.0099549,0.0640628,0.020628,0.020463,0.00941595,0.0094159,4.05793E-07,8.25023E-08,0.0106055,0.0104128,1.67487E-07,0,5.96953E-05,0,0.298211,0.298212,3.80379,5.74208
B,10,1000,3.818,1,4,0.307762,0.293784,0.202282,-1.88052E-05,0.000150807,-0.201519,0.105841,-0.00349973,0.137473,0.0163325,0.0014423,0.00155322,0.00964801,0.00962414,0.0622022,0.0193781,0.0202926,0.213432,0.215815,2.09741E-05,1.41262E-05,0.0102964,0.00966957,0.875528,0,0.136483,0,0.304014,0.308703,10.7289,5.74208
A,10,1000,3.818,1,5,0.297779,0.299283,0.0207113,0.0202417,-0.0204694,-0.0207059,0.141642,-0.0106629,0.14213,0.0196569,0.00156708,0.00170457,0.00985429,0.00995491,0.0640927,0.0206131,0.0204481,0.00941631,0.0094164,4.06609E-07,8.26872E-08,0.0106057,0.0104128,0,0,0,0,0.297779,0.297779,3.81085,4.54593
F1,10,1000,3.818,1,5,0.281852,0.283279,0.0569241,5.69298E-07,-6.59036E-07,-0.057249,0.141064,-0.0102711,0.142058,0.0195956,0.00156702,0.00170684,0.00985183,0.00995449,0.0640627,0.0206267,0.0204643,0.0215248,0.0215313,1.12472E-06,2.63543E-07,0.0106533,0.0104128,0.0779071,0,0.0407136,0,0.281526,0.281613,3.80328,4.54593
F2,10,1000,3.818,1,5,0.298213,0.299436,0.020559,0.0203952,-0.020552,-0.020624,0.141716,-0.0106649,0.14206,0.019657,0.00156708,0.00170456,0.00985429,0.0099549,0.0640628,0.020628,0.0204629,0.00941596,0.0094159,4.05793E-07,8.25016E-08,0.0106055,0.0104128,1.67478E-07,0,5.9694E-05,0,0.298214,0.298214,3.80376,4.54593
B,10,1000,3.818,1,5,0.279312,0.282115,0.0232115,0.0172378,-0.0178702,-0.0228039,0.140659,-0.0104205,0.14183,0.0195946,0.00156675,0.00170266,0.0098538,0.00995321,0.0640505,0.0206196,0.0204618,0.00942282,0.00941025,5.18809E-07,1.61292E-07,0.0105814,0.0104078,7.19044E-07,0,0.000123688,0,0.279286,0.279291,11.9852,4.54593
A,10,20000,3.818,0.25,0,0.297782,0.299288,0.0207098,0.0202438,-0.0204662,-0.0207229,0.14164,-0.0103977,0.142131,0.019657,0.00156724,0.00170205,0.0098527,0.00995385,0.0640936,0.0206109,0.0204478,0.0094164,0.00941648,4.1519E-07,9.18579E-08,0.0106101,0.0104128,0,0,0,0,0.297783,0.297783,3.8105,4.46441
F1,10,20000,3.818,0.25,0,0.297921,0.299149,0.0207093,0.0202445,-0.0204663,-0.0207218,0.141709,-0.0103976,0.142061,0.0196569,0.00156724,0.00170204,0.0098527,0.00995384,0.0640641,0.0206256,0.0204624,0.00941657,0.00941609,4.15054E-07,9.19166E-08,0.01061,0.0104128,3.54403E-06,0,0.0002746,0,0.297921,0.297921,3.80659,4.46441
F2,10,20000,3.818,0.25,0,0.298211,0.299439,0.0205614,0.0203954,-0.0205342,-0.0206588,0.141713,-0.0103988,0.142061,0.0196571,0.00156724,0.00170205,0.0098527,0.00995384,0.0640641,0.0206256,0.0204624,0.00941607,0.00941595,4.14274E-07,9.15652E-08,0.0106099,0.0104128,1.67626E-07,0,5.97203E-05,0,0.298212,0.298212,3.8066,4.46441
B,10,20000,3.818,0.25,0,0.297507,0.298287,0.0212027,0.0197534,-0.0199633,-0.0212391,0.14187,-0.0104622,0.14192,0.0196575,0.00156718,0.001703,0.00985342,0.00995421,0.0640813,0.0206156,0.0204561,0.00941977,0.00942901,4.10779E-07,8.79004E-08,0.0106082,0.0104128,4.41973E-08,0,3.06655E-05,0,0.297506,0.297506,2.95376,4.46441
A,10,20000,3.818,0.25,1,0.297781,0.299288,0.02071,0.0202436,-0.0204661,-0.0207229,0.14164,-0.0103973,0.142131,0.0196569,0.00156723,0.00170205,0.00985276,0.00995379,0.0640937,0.0206109,0.0204476,0.00941637,0.00941645,4.1537E-07,9.19195E-08,0.0106102,0.0104128,0,0,0,0,0.29778,0.297781,3.81104,5.11615
F1,10,20000,3.818,0.25,1,0.322733,0.323752,0.0801664,-3.4492E-05,4.53867E-05,-0.0806902,0.140664,-0.00921495,0.14208,0.0195113,0.00156738,0.00170401,0.00983672,0.0099575,0.0640669,0.0206072,0.0204766,0.0384784,0.0384779,2.89162E-06,1.22452E-06,0.0107703,0.0104128,0.154864,0,0.0574019,0,0.322747,0.322734,3.8004,5.11615
F2,10,20000,3.818,0.25,1,0.322733,0.323752,0.0801664,-3.4492E-05,4.53867E-05,-0.0806902,0.140664,-0.00921495,0.14208,0.0195113,0.00156738,0.00170401,0.00983672,0.0099575,0.0640669,0.0206072,0.0204766,0.0384784,0.0384779,2.89162E-06,1.22452E-06,0.0107703,0.0104128,0.154864,0,0.0574019,0,0.322747,0.322734,3.8004,5.11615
B,10,20000,3.818,0.25,1,0.301147,0.301543,0.0637022,-4.02409E-05,3.24933E-05,-0.0641681,0.141248,-0.00961443,0.141929,0.0195799,0.0015672,0.00170417,0.00984693,0.00995432,0.0640821,0.0206105,0.0204597,0.0257931,0.0258006,1.67675E-06,6.248E-07,0.0106921,0.0104127,0.0938906,0,0.0446954,0,0.30117,0.301149,2.94133,5.11615
A,10,20000,3.818,0.25,2,0.297782,0.299288,0.02071,0.0202436,-0.0204661,-0.020723,0.14164,-0.0103973,0.142131,0.019657,0.00156723,0.00170205,0.00985276,0.00995379,0.0640937,0.0206109,0.0204476,0.00941638,0.00941646,4.15329E-07,9.19073E-08,0.0106102,0.0104128,0,0,0,0,0.29778,0.297782,3.81102,4.72413
F1,10,20000,3.818,0.25,2,0.322784,0.323772,0.080161,-2.93733E-05,4.72256E-05,-0.0806889,0.140674,-0.00921669,0.14208,0.0195115,0.00156739,0.00170401,0.00983677,0.00995753,0.0640669,0.0206073,0.0204767,0.0384782,0.0384771,2.89172E-06,1.22442E-06,0.0107703,0.0104128,0.154864,0,0.057402,0,0.322798,0.322785,3.80034,4.72413
F2,10,20000,3.818,0.25,2,0.29821,0.299439,0.0205615,0.0203953,-0.0205343,-0.0206588,0.141713,-0.0103982,0.142062,0.019657,0.00156723,0.00170205,0.00985276,0.00995378,0.0640642,0.0206257,0.0204622,0.00941605,0.00941593,4.14413E-07,9.16146E-08,0.01061,0.0104128,1.67605E-07,0,5.97167E-05,0,0.298209,0.29821,3.80338,4.72413
B,10,20000,3.818,0.25,2,0.297508,0.298286,0.021204,0.0197527,-0.0199633,-0.0212383,0.14187,-0.0104617,0.141919,0.0196575,0.00156717,0.001703,0.00985347,0.00995416,0.0640813,0.0206157,0.020456,0.00941975,0.009429,4.10869E-07,8.79282E-08,0.0106083,0.0104128,4.4192E-08,0,3.06636E-05,0,0.297504,0.297507,2.95687,4.72413
A,10,20000,3.818,0.25,4,0.297782,0.299288,0.0207098,0.0202439,-0.0204662,-0.0207229,0.14164,-0.0103977,0.142131,0.019657,0.00156724,0.00170205,0.0098527,0.00995385,0.0640936,0.0206109,0.0204478,0.00941638,0.00941646,4.15282E-07,9.19014E-08,0.0106101,0.0104128,0,0,0,0,0.297783,0.297783,3.8105,4.59672
F1,10,20000,3.818,0.25,4,0.29792,0.299148,0.0207093,0.0202446,-0.0204664,-0.0207218,0.141709,-0.0103976,0.142061,0.0196569,0.00156724,0.00170204,0.0098527,0.00995384,0.0640641,0.0206256,0.0204624,0.00941655,0.00941607,4.15146E-07,9.196E-08,0.01061,0.0104128,3.54403E-06,0,0.0002746,0,0.29792,0.297921,3.80659,4.59672
F2,10,20000,3.818,0.25,4,0.298211,0.299439,0.0205614,0.0203954,-0.0205342,-0.0206588,0.141713,-0.0103988,0.142061,0.019657,0.00156724,0.00170205,0.0098527,0.00995384,0.0640641,0.0206256,0.0204624,0.00941605,0.00941593,4.14366E-07,9.16085E-08,0.0106099,0.0104128,1.67626E-07,0,5.97203E-05,0,0.298211,0.298211,3.8066,4.59672
B,10,20000,3.818,0.25,4,0.301144,0.301604,0.0636645,-2.05469E-05,2.38947E-05,-0.0641161,0.141253,-0.00965521,0.141928,0.0195801,0.00156721,0.00170418,0.0098469,0.00995432,0.0640821,0.0206105,0.0204597,0.0257944,0.0258055,1.67307E-06,6.22992E-07,0.0106923,0.0104127,0.0939061,0,0.0446991,0,0.30115,0.301149,2.94404,4.59672
A,10,20000,3.818,0.25,5,0.297782,0.299288,0.0207098,0.0202438,-0.0204662,-0.0207228,0.14164,-0.0103978,0.142131,0.019657,0.00156724,0.00170205,0.0098527,0.00995385,0.0640936,0.0206109,0.0204478,0.00941638,0.00941646,4.15287E-07,9.18971E-08,0.0106102,0.0104128,0,0,0,0,0.297783,0.297783,3.81072,4.61415
F1,10,20000,3.818,0.25,5,0.292416,0.293127,0.0661626,-5.2271E-05,4.48828E-05,-0.0665988,0.140829,-0.00951396,0.14207,0.0195629,0.00156733,0.00170288,0.00984377,0.00995508,0.0640655,0.0206157,0.02047,0.0274407,0.0274233,1.90443E-06,7.43406E-07,0.0107078,0.0104128,0.105422,0,0.0473607,0,0.292411,0.29241,3.80712,4.61415
F2,10,20000,3.818,0.25,5,0.298211,0.299439,0.0205614,0.0203954,-0.0205342,-0.0206588,0.141713,-0.0103988,0.142061,0.019657,0.00156724,0.00170205,0.00985271,0.00995384,0.0640641,0.0206256,0.0204624,0.00941605,0.00941593,4.1437E-07,9.16041E-08,0.0106099,0.0104128,1.67625E-07,0,5.97202E-05,0,0.298211,0.298211,3.80671,4.61415
B,10,20000,3.818,0.25,5,0.297507,0.298286,0.0212027,0.0197535,-0.0199633,-0.0212391,0.14187,-0.0104622,0.14192,0.0196575,0.00156718,0.001703,0.00985342,0.0099542,0.0640813,0.0206156,0.0204561,0.00941976,0.009429,4.10837E-07,8.7923E-08,0.0106082,0.0104128,4.41971E-08,0,3.06654E-05,0,0.297506,0.297506,2.95401,4.61415
A,10,20000,3.818,0.5,0,0.297782,0.299287,0.0207102,0.0202435,-0.0204659,-0.0207231,0.14164,-0.0103977,0.142131,0.019657,0.00156724,0.00170205,0.0098527,0.00995385,0.0640936,0.0206109,0.0204478,0.0094164,0.00941648,4.15192E-07,9.18588E-08,0.0106101,0.0104128,0,0,0,0,0.297782,0.297782,3.8105,4.46382
F1,10,20000,3.818,0.5,0,0.297921,0.299149,0.0207093,0.0202445,-0.0204663,-0.0207218,0.141709,-0.0103976,0.142061,0.0196569,0.00156724,0.00170204,0.0098527,0.00995384,0.0640641,0.0206256,0.0204624,0.00941657,0.00941609,4.15054E-07,9.19166E-08,0.01061,0.0104128,3.54403E-06,0,0.0002746,0,0.297921,0.297921,3.80659,4.46382
F2,10,20000,3.818,0.5,0,0.298211,0.299439,0.0205614,0.0203954,-0.0205342,-0.0206588,0.141713,-0.0103988,0.142061,0.0196571,0.00156724,0.00170205,0.0098527,0.00995384,0.0640641,0.0206256,0.0204624,0.00941607,0.00941595,4.14274E-07,9.15652E-08,0.0106099,0.0104128,1.67626E-07,0,5.97203E-05,0,0.298212,0.298212,3.8066,4.46382
B,10,20000,3.818,0.5,0,0.294028,0.295092,0.0218893,0.0189839,-0.0192937,-0.0218308,0.141693,-0.0102112,0.141904,0.0196501,0.00156755,0.00169822,0.00984834,0.0099544,0.0640774,0.0205994,0.0204733,0.0094225,0.00942853,4.47956E-07,1.1674E-07,0.0106156,0.0104127,1.7654E-07,0,6.12877E-05,0,0.294024,0.294025,5.92466,4.46382
A,10,20000,3.818,0.5,1,0.297781,0.299288,0.0207106,0.0202431,-0.0204656,-0.0207235,0.14164,-0.0103972,0.142131,0.0196569,0.00156722,0.00170206,0.00985278,0.00995377,0.0640937,0.020611,0.0204476,0.00941636,0.00941644,4.15411E-07,9.19315E-08,0.0106103,0.0104128,0,0,0,0,0.297779,0.297781,3.81258,5.64624
F1,10,20000,3.818,0.5,1,0.322754,0.323724,0.0802708,-7.46532E-05,7.06499E-05,-0.0807947,0.14067,-0.00913559,0.142081,0.0195113,0.00156739,0.00170415,0.00983635,0.00995781,0.064067,0.0206064,0.0204774,0.0384707,0.0384726,2.90474E-06,1.23378E-06,0.0107711,0.0104128,0.154821,0,0.0574098,0,0.322772,0.322755,3.80735,5.64624
F2,10,20000,3.818,0.5,1,0.322754,0.323724,0.0802708,-7.46532E-05,7.06499E-05,-0.0807947,0.14067,-0.00913559,0.142081,0.0195113,0.00156739,0.00170415,0.00983635,0.00995781,0.064067,0.0206064,0.0204774,0.0384707,0.0384726,2.90474E-06,1.23378E-06,0.0107711,0.0104128,0.154821,0,0.0574098,0,0.322772,0.322755,3.80735,5.64624
B,10,20000,3.818,0.5,1,0.361301,0.362406,0.126629,-0.000207599,0.000169505,-0.12854,0.137931,-0.00836176,0.142321,0.0192411,0.0015693,0.00170177,0.00974889,0.0100205,0.064106,0.0204124,0.0206266,0.0915169,0.0918564,8.5395E-06,4.0526E-06,0.011038,0.0104127,0.370008,0,0.0887546,0,0.361409,0.361288,5.90637,5.64624
A,10,20000,3.818,0.5,2,0.297781,0.299288,0.0207104,0.0202433,-0.0204658,-0.0207232,0.14164,-0.0103973,0.142131,0.019657,0.00156723,0.00170205,0.00985276,0.00995379,0.0640937,0.0206109,0.0204476,0.00941638,0.00941646,4.15343E-07,9.19107E-08,0.0106102,0.0104128,0,0,0,0,0.297779,0.297781,3.81102,4.72353
F1,10,20000,3.818,0.5,2,0.322776,0.323761,0.0801605,-2.92134E-05,4.69829E-05,-0.0806888,0.140674,-0.00921689,0.14208,0.0195115,0.00156739,0.00170404,0.0098367,0.00995758,0.0640669,0.0206071,0.0204768,0.038478,0.0384769,2.89119E-06,1.22441E-06,0.0107704,0.0104128,0.154863,0,0.0574018,0,0.322789,0.322777,3.80031,4.72353
F2,10,20000,3.818,0.5,2,0.29821,0.299439,0.0205615,0.0203953,-0.0205343,-0.0206589,0.141713,-0.0103982,0.142062,0.019657,0.00156723,0.00170205,0.00985276,0.00995378,0.0640642,0.0206257,0.0204622,0.00941605,0.00941593,4.14424E-07,9.16172E-08,0.01061,0.0104128,1.67605E-07,0,5.97166E-05,0,0.298209,0.29821,3.80338,4.72353
B,10,20000,3.818,0.5,2,0.294028,0.295091,0.0218912,0.018983,-0.0192929,-0.0218289,0.141694,-0.0102107,0.141903,0.0196499,0.00156753,0.00169822,0.00984842,0.00995431,0.0640774,0.0205996,0.0204731,0.00942244,0.00942846,4.48319E-07,1.16883E-07,0.0106157,0.0104127,1.76519E-07,0,6.1284E-05,0,0.29402,0.294027,5.93078,4.72353
A,10,20000,3.818,0.5,4,0.297782,0.299287,0.0207105,0.0202431,-0.0204656,-0.0207234,0.14164,-0.0103972,0.142131,0.019657,0.00156722,0.00170206,0.00985281,0.00995374,0.0640936,0.0206111,0.0204476,0.00941637,0.00941646,4.15378E-07,9.19118E-08,0.0106103,0.0104128,0,0,0,0,0.297781,0.297781,3.81257,5.12687
F1,10,20000,3.818,0.5,4,0.297921,0.299148,0.0207097,0.0202444,-0.0204663,-0.0207221,0.14171,-0.0103971,0.142061,0.0196569,0.00156722,0.00170204,0.0098528,0.00995374,0.0640641,0.0206258,0.0204622,0.00941655,0.00941607,4.1524E-07,9.19698E-08,0.0106101,0.0104128,3.54275E-06,0,0.000274595,0,0.29792,0.29792,3.80714,5.12687
F2,10,20000,3.818,0.5,4,0.298211,0.299439,0.0205615,0.0203953,-0.0205342,-0.0206589,0.141714,-0.0103982,0.142061,0.019657,0.00156722,0.00170205,0.00985281,0.00995374,0.0640641,0.0206259,0.0204622,0.00941605,0.00941593,4.14459E-07,9.16184E-08,0.0106101,0.0104128,1.67565E-07,0,5.97191E-05,0,0.29821,0.298211,3.80715,5.12687
B,10,20000,3.818,0.5,4,0.361365,0.362509,0.126628,-0.000235005,0.000184219,-0.128597,0.137945,-0.00839149,0.14232,0.0192417,0.00156929,0.00170173,0.00974917,0.0100206,0.0641059,0.0204129,0.0206266,0.0915202,0.0918589,8.54622E-06,4.05933E-06,0.0110381,0.0104127,0.370019,0,0.0887463,0,0.361435,0.361345,5.90855,5.12687
A,10,20000,3.818,0.5,5,0.297781,0.299287,0.0207102,0.0202435,-0.0204659,-0.0207231,0.14164,-0.0103978,0.142131,0.019657,0.00156724,0.00170205,0.0098527,0.00995385,0.0640936,0.0206109,0.0204478,0.00941638,0.00941646,4.15289E-07,9.1898E-08,0.0106102,0.0104128,0,0,0,0,0.297782,0.297782,3.81072,4.61355
F1,10,20000,3.818,0.5,5,0.292416,0.293128,0.0661626,-5.22828E-05,4.48908E-05,-0.0665988,0.140829,-0.0095139,0.14207,0.0195629,0.00156733,0.00170288,0.00984377,0.00995508,0.0640655,0.0206157,0.02047,0.0274407,0.0274233,1.90444E-06,7.43407E-07,0.0107078,0.0104128,0.105422,0,0.0473607,0,0.292412,0.292409,3.80712,4.61355
F2,10,20000,3.818,0.5,5,0.298211,0.299439,0.0205614,0.0203954,-0.0205342,-0.0206588,0.141713,-0.0103988,0.142061,0.019657,0.00156724,0.00170205,0.00985271,0.00995384,0.0640641,0.0206256,0.0204624,0.00941605,0.00941593,4.1437E-07,9.1604E-08,0.0106099,0.0104128,1.67625E-07,0,5.97202E-05,0,0.298211,0.298211,3.80671,4.61355
B,10,20000,3.818,0.5,5,0.294027,0.295092,0.0218894,0.018984,-0.0192935,-0.0218308,0.141693,-0.0102112,0.141904,0.01965,0.00156755,0.00169822,0.00984834,0.0099544,0.0640774,0.0205994,0.0204733,0.00942246,0.00942848,4.48221E-07,1.16831E-07,0.0106156,0.0104127,1.7654E-07,0,6.12876E-05,0,0.294023,0.294025,5.92517,4.61355
A,10,20000,3.818,0.79,0,0.29778,0.299286,0.0207108,0.0202428,-0.0204652,-0.0207237,0.14164,-0.0103977,0.142131,0.019657,0.00156724,0.00170205,0.0098527,0.00995385,0.0640936,0.0206109,0.0204478,0.00941639,0.00941648,4.15237E-07,9.18794E-08,0.0106101,0.0104128,0,0,0,0,0.297781,0.297781,3.81054,4.46253
F1,10,20000,3.818,0.79,0,0.29792,0.299148,0.0207093,0.0202445,-0.0204663,-0.0207218,0.141709,-0.0103976,0.142061,0.0196569,0.00156724,0.00170204,0.0098527,0.00995384,0.0640641,0.0206256,0.0204624,0.00941657,0.00941608,4.15095E-07,9.19354E-08,0.01061,0.0104128,3.54403E-06,0,0.0002746,0,0.297921,0.297921,3.80661,4.46253
F2,10,20000,3.818,0.79,0,0.298211,0.299439,0.0205614,0.0203954,-0.0205342,-0.0206587,0.141713,-0.0103988,0.142061,0.0196571,0.00156724,0.00170205,0.0098527,0.00995384,0.0640641,0.0206256,0.0204624,0.00941606,0.00941595,4.14315E-07,9.1584E-08,0.0106099,0.0104128,1.67625E-07,0,5.97203E-05,0,0.298211,0.298212,3.80662,4.46253
B,10,20000,3.818,0.79,0,0.286711,0.289018,0.0226597,0.0180337,-0.0184909,-0.0224553,0.141126,-0.00991838,0.142046,0.0196331,0.00156892,0.00168862,0.00981419,0.00997811,0.0640847,0.0205078,0.0205511,0.00942979,0.00942135,5.29345E-07,1.83978E-07,0.0106298,0.0104125,4.41002E-07,0,9.68661E-05,0,0.286704,0.286706,9.38083,4.46253
A,10,20000,3.818,0.79,1,0.297778,0.299288,0.0207117,0.0202422,-0.0204648,-0.0207244,0.141639,-0.0103971,0.142132,0.0196569,0.00156722,0.00170206,0.00985279,0.00995376,0.064094,0.0206109,0.0204474,0.00941637,0.00941645,4.15409E-07,9.1929E-08,0.0106103,0.0104128,0,0,0,0,0.297778,0.297778,3.8126,6.27331
F1,10,20000,3.818,0.79,1,0.322698,0.323661,0.0802415,-5.56147E-05,4.65182E-05,-0.0807976,0.140672,-0.00915999,0.142082,0.0195113,0.00156739,0.00170418,0.00983637,0.00995781,0.0640673,0.0206063,0.0204772,0.0384669,0.0384658,2.89431E-06,1.23094E-06,0.010771,0.0104128,0.15481,0,0.0574103,0,0.322708,0.322697,3.80716,6.27331
F2,10,20000,3.818,0.79,1,0.322698,0.323661,0.0802415,-5.56147E-05,4.65182E-05,-0.0807976,0.140672,-0.00915999,0.142082,0.0195113,0.00156739,0.00170418,0.00983637,0.00995781,0.0640673,0.0206063,0.0204772,0.0384669,0.0384658,2.89431E-06,1.23094E-06,0.010771,0.0104128,0.15481,0,0.0574103,0,0.322708,0.322697,3.80716,6.27331
B,10,20000,3.818,0.79,1,0.291213,0.305461,0.189235,-0.000353549,0.000244859,-0.197221,0.124461,-0.00676103,0.14415,0.0184185,0.00156992,0.0016848,0.00935115,0.010353,0.064201,0.0193887,0.021449,0.214226,0.216757,2.63207E-05,1.7055E-05,0.0115107,0.0103963,0.879237,0,0.136812,0,0.291385,0.291121,9.0196,6.27331
A,10,20000,3.818,0.79,2,0.297779,0.299286,0.020711,0.0202426,-0.0204651,-0.0207238,0.14164,-0.0103973,0.142131,0.019657,0.00156723,0.00170205,0.00985276,0.00995379,0.0640937,0.0206109,0.0204476,0.00941638,0.00941646,4.15336E-07,9.19108E-08,0.0106102,0.0104128,0,0,0,0,0.297778,0.297779,3.81102,4.72224
F1,10,20000,3.818,0.79,2,0.322784,0.323771,0.080161,-2.93281E-05,4.73294E-05,-0.0806889,0.140674,-0.0092167,0.14208,0.0195115,0.00156739,0.00170402,0.00983677,0.00995753,0.0640669,0.0206073,0.0204767,0.0384782,0.0384771,2.8918E-06,1.22445E-06,0.0107703,0.0104128,0.154864,0,0.057402,0,0.322798,0.322786,3.80034,4.72224
F2,10,20000,3.818,0.79,2,0.29821,0.299439,0.0205614,0.0203953,-0.0205343,-0.0206588,0.141713,-0.0103982,0.142062,0.019657,0.00156723,0.00170205,0.00985276,0.00995378,0.0640642,0.0206257,0.0204622,0.00941605,0.00941593,4.14414E-07,9.16154E-08,0.01061,0.0104128,1.67605E-07,0,5.97166E-05,0,0.298209,0.29821,3.80338,4.72224
B,10,20000,3.818,0.79,2,0.286711,0.289018,0.0226601,0.0180337,-0.0184883,-0.0224569,0.141127,-0.0099196,0.142046,0.0196328,0.00156891,0.00168864,0.00981425,0.00997803,0.0640848,0.0205078,0.020551,0.00942967,0.00942122,5.29963E-07,1.84285E-07,0.01063,0.0104125,4.40947E-07,0,9.686E-05,0,0.286696,0.286708,9.39021,4.72224
A,10,20000,3.818,0.79,4,0.29778,0.299286,0.0207115,0.0202421,-0.0204647,-0.0207243,0.14164,-0.0103972,0.142131,0.019657,0.00156723,0.00170206,0.00985276,0.00995379,0.0640935,0.020611,0.0204477,0.00941637,0.00941646,4.15355E-07,9.19163E-08,0.0106102,0.0104128,0,0,0,0,0.29778,0.297782,3.8126,5.75414
F1,10,20000,3.818,0.79,4,0.297921,0.299148,0.0207097,0.0202444,-0.0204663,-0.0207221,0.141709,-0.010397,0.142061,0.0196569,0.00156723,0.00170204,0.00985275,0.00995379,0.064064,0.0206257,0.0204623,0.00941655,0.00941606,4.15213E-07,9.19723E-08,0.0106101,0.0104128,3.54282E-06,0,0.000274616,0,0.29792,0.297922,3.80715,5.75414
F2,10,20000,3.818,0.79,4,0.298211,0.299439,0.0205615,0.0203953,-0.0205342,-0.0206588,0.141713,-0.0103981,0.142061,0.019657,0.00156723,0.00170205,0.00985276,0.00995379,0.064064,0.0206258,0.0204623,0.00941604,0.00941593,4.14433E-07,9.16208E-08,0.01061,0.0104128,1.67568E-07,0,5.97237E-05,0,0.29821,0.298212,3.80715,5.75414
B,10,20000,3.818,0.79,4,0.291342,0.305525,0.189292,-0.000323041,0.000247186,-0.197212,0.124506,-0.00669601,0.144148,0.0184199,0.00156987,0.00168487,0.0093513,0.0103532,0.0642007,0.0193891,0.0214495,0.214252,0.216774,2.63876E-05,1.71239E-05,0.0115119,0.0103963,0.879331,0,0.136808,0,0.291344,0.291398,9.01849,5.75414
A,10,20000,3.818,0.79,5,0.29778,0.299286,0.0207108,0.0202428,-0.0204652,-0.0207237,0.14164,-0.0103977,0.142131,0.019657,0.00156724,0.00170205,0.0098527,0.00995385,0.0640936,0.0206109,0.0204478,0.00941637,0.00941646,4.15329E-07,9.19148E-08,0.0106102,0.0104128,0,0,0,0,0.29778,0.29778,3.81073,4.61226
F1,10,20000,3.818,0.79,5,0.292377,0.293096,0.0661634,-5.17628E-05,4.35642E-05,-0.0666002,0.140829,-0.00951396,0.14207,0.0195628,0.00156733,0.00170288,0.00984377,0.00995507,0.0640655,0.0206157,0.02047,0.0274408,0.0274234,1.90449E-06,7.43462E-07,0.0107078,0.0104128,0.105423,0,0.0473607,0,0.292391,0.292351,3.80711,4.61226
F2,10,20000,3.818,0.79,5,0.298211,0.299439,0.0205614,0.0203954,-0.0205342,-0.0206587,0.141713,-0.0103988,0.142061,0.019657,0.00156724,0.00170205,0.00985271,0.00995384,0.0640641,0.0206256,0.0204624,0.00941604,0.00941593,4.14406E-07,9.16191E-08,0.0106099,0.0104128,1.67625E-07,0,5.97202E-05,0,0.298211,0.298211,3.80671,4.61226
B,10,20000,3.818,0.79,5,0.286709,0.289017,0.0226597,0.0180338,-0.0184906,-0.0224553,0.141125,-0.00991833,0.142046,0.0196328,0.00156893,0.00168864,0.00981413,0.00997815,0.0640847,0.0205076,0.0205512,0.00942966,0.00942121,5.30165E-07,1.84185E-07,0.0106299,0.0104125,4.41E-07,0,9.68659E-05,0,0.286701,0.286703,9.3815,4.61226
A,10,20000,3.818,1,0,0.297778,0.299285,0.0207117,0.0202419,-0.0204645,-0.0207244,0.14164,-0.0103973,0.142131,0.019657,0.00156723,0.00170205,0.00985276,0.00995379,0.0640937,0.0206109,0.0204476,0.0094164,0.00941649,4.15244E-07,9.18624E-08,0.0106102,0.0104128,0,0,0,0,0.297777,0.297778,3.81093,4.46087
F1,10,20000,3.818,1,0,0.29792,0.299149,0.0207096,0.0202446,-0.0204665,-0.0207221,0.141709,-0.0103971,0.142062,0.0196569,0.00156723,0.00170204,0.00985275,0.00995379,0.0640642,0.0206257,0.0204622,0.00941657,0.00941609,4.15098E-07,9.19167E-08,0.0106101,0.0104128,3.5436E-06,0,0.000274583,0,0.297918,0.29792,3.80323,4.46087
F2,10,20000,3.818,1,0,0.298211,0.29944,0.0205615,0.0203953,-0.0205343,-0.0206587,0.141713,-0.0103982,0.142062,0.0196571,0.00156723,0.00170205,0.00985276,0.00995379,0.0640642,0.0206257,0.0204622,0.00941607,0.00941595,4.14317E-07,9.15653E-08,0.01061,0.0104128,1.67605E-07,0,5.97166E-05,0,0.298209,0.298211,3.80324,4.46087
B,10,20000,3.818,1,0,0.278766,0.283314,0.0231961,0.0172581,-0.017877,-0.0228558,0.14015,-0.00970454,0.142399,0.0196014,0.00157074,0.00167865,0.00973852,0.0100395,0.0641005,0.0203123,0.0207052,0.00943702,0.00940239,6.23324E-07,2.76539E-07,0.0106332,0.0104088,7.07441E-07,0,0.000122687,0,0.278748,0.278761,11.9106,4.46087
A,10,20000,3.818,1,1,0.297782,0.299282,0.0207118,0.0202418,-0.0204637,-0.0207243,0.141642,-0.0103973,0.142129,0.0196569,0.00156722,0.00170206,0.00985279,0.00995376,0.0640929,0.0206114,0.020448,0.00941636,0.00941646,4.15422E-07,9.19327E-08,0.0106103,0.0104128,0,0,0,0,0.297781,0.297782,3.81257,6.51724
F1,10,20000,3.818,1,1,0.322572,0.323562,0.0802181,-3.04357E-05,3.023E-05,-0.0807302,0.140668,-0.00918227,0.142079,0.0195112,0.00156739,0.00170419,0.00983645,0.0099577,0.0640662,0.0206068,0.0204777,0.0384554,0.0384463,2.87748E-06,1.21704E-06,0.0107705,0.0104128,0.15474,0,0.0574076,0,0.322582,0.322569,3.80616,6.51724
F2,10,20000,3.818,1,1,0.322572,0.323562,0.0802181,-3.04357E-05,3.023E-05,-0.0807302,0.140668,-0.00918227,0.142079,0.0195112,0.00156739,0.00170419,0.00983645,0.0099577,0.0640662,0.0206068,0.0204777,0.0384554,0.0384463,2.87748E-06,1.21704E-06,0.0107705,0.0104128,0.15474,0,0.0574076,0,0.322582,0.322569,3.80616,6.51724
B,10,20000,3.818,1,1,0.248317,0.260956,0.190168,-0.000872096,0.00297738,-0.204308,0.0960273,-0.00134496,0.141867,0.0160922,0.00142161,0.00149387,0.00871596,0.0103432,0.0624983,0.0169405,0.0222256,0.268714,0.279628,3.64292E-05,4.45183E-05,0.011503,0.00965397,1.12039,0,0.154386,0,0.248347,0.248372,9.22386,6.51724
A,10,20000,3.818,1,2,0.297778,0.299285,0.0207118,0.0202418,-0.0204644,-0.0207245,0.14164,-0.0103973,0.142131,0.019657,0.00156723,0.00170205,0.00985276,0.00995379,0.0640937,0.0206109,0.0204476,0.00941638,0.00941646,4.15366E-07,9.19256E-08,0.0106102,0.0104128,0,0,0,0,0.297777,0.297778,3.81169,4.72056
F1,10,20000,3.818,1,2,0.322777,0.323718,0.0802315,-8.06234E-05,6.99204E-05,-0.0806941,0.140677,-0.00919255,0.142081,0.0195114,0.0015674,0.00170418,0.00983638,0.00995784,0.064067,0.0206064,0.0204775,0.0384774,0.0384769,2.89068E-06,1.22502E-06,0.0107708,0.0104128,0.154859,0,0.0574013,0,0.32279,0.322777,3.80465,4.72056
F2,10,20000,3.818,1,2,0.29821,0.299439,0.0205615,0.0203953,-0.0205342,-0.0206588,0.141713,-0.0103982,0.142062,0.019657,0.00156723,0.00170205,0.00985276,0.00995379,0.0640642,0.0206257,0.0204622,0.00941604,0.00941592,4.1444E-07,9.16284E-08,0.01061,0.0104128,1.67607E-07,0,5.9717E-05,0,0.298209,0.29821,3.80707,4.72056
B,10,20000,3.818,1,2,0.278759,0.283311,0.0232009,0.0172507,-0.0178711,-0.0228596,0.140147,-0.00970462,0.1424,0.0196006,0.0015708,0.00167874,0.00973827,0.0100397,0.0641005,0.0203117,0.0207056,0.00943672,0.00940202,6.24878E-07,2.76963E-07,0.0106333,0.0104088,7.07442E-07,0,0.000122687,0,0.278741,0.278754,11.9117,4.72056
A,10,20000,3.818,1,4,0.297782,0.299281,0.0207118,0.0202418,-0.0204643,-0.0207243,0.141642,-0.0103973,0.142129,0.0196569,0.00156723,0.00170206,0.00985273,0.00995382,0.0640928,0.0206113,0.0204482,0.00941636,0.00941646,4.15389E-07,9.19363E-08,0.0106102,0.0104128,0,0,0,0,0.297781,0.297782,3.81257,5.99913
F1,10,20000,3.818,1,4,0.297924,0.299145,0.0207097,0.0202444,-0.0204663,-0.0207221,0.141711,-0.0103971,0.14206,0.0196568,0.00156723,0.00170204,0.00985273,0.00995381,0.0640633,0.020626,0.0204628,0.00941653,0.00941606,4.15241E-07,9.19904E-08,0.01061,0.0104128,3.54129E-06,0,0.000274633,0,0.297922,0.297924,3.80713,5.99913
F2,10,20000,3.818,1,4,0.298215,0.299435,0.0205615,0.0203953,-0.0205342,-0.0206588,0.141715,-0.0103982,0.142059,0.019657,0.00156723,0.00170205,0.00985273,0.00995381,0.0640633,0.0206261,0.0204628,0.00941603,0.00941592,4.14461E-07,9.16388E-08,0.01061,0.0104128,1.67496E-07,0,5.97275E-05,0,0.298213,0.298215,3.80714,5.99913
B,10,20000,3.818,1,4,0.248241,0.260205,0.189436,-0.000851293,0.00299769,-0.204355,0.0960135,-0.00142124,0.141831,0.0160857,0.00142159,0.0014942,0.00871867,0.0103409,0.0624982,0.0169462,0.0222216,0.268839,0.279777,3.628E-05,4.0899E-05,0.01149,0.00965421,1.12096,0,0.154426,0,0.248526,0.248058,9.22575,5.99913
A,10,20000,3.818,1,5,0.297778,0.299285,0.0207115,0.020242,-0.0204646,-0.0207243,0.14164,-0.0103978,0.142131,0.0196569,0.00156724,0.00170205,0.00985271,0.00995384,0.0640936,0.0206109,0.0204478,0.00941637,0.00941646,4.15349E-07,9.19222E-08,0.0106102,0.0104128,0,0,0,0,0.297779,0.297779,3.81123,4.61058
F1,10,20000,3.818,1,5,0.292369,0.293082,0.0661704,-5.22665E-05,4.30934E-05,-0.0666079,0.140829,-0.00950321,0.142071,0.0195628,0.00156733,0.00170289,0.00984372,0.0099551,0.0640655,0.0206156,0.0204701,0.0274402,0.0274229,1.90565E-06,7.44222E-07,0.0107079,0.0104128,0.105421,0,0.0473604,0,0.292384,0.292343,3.80723,4.61058
F2,10,20000,3.818,1,5,0.298211,0.299439,0.0205614,0.0203953,-0.0205342,-0.0206587,0.141713,-0.0103987,0.142061,0.019657,0.00156724,0.00170205,0.00985271,0.00995384,0.0640641,0.0206256,0.0204624,0.00941604,0.00941592,4.14422E-07,9.16245E-08,0.0106099,0.0104128,1.67623E-07,0,5.97199E-05,0,0.298211,0.298211,3.80694,4.61058
B,10,20000,3.818,1,5,0.27876,0.283311,0.0231993,0.0172598,-0.0178837,-0.0228551,0.140149,-0.00970593,0.142401,0.0196011,0.00157082,0.00167877,0.00973821,0.0100398,0.0641008,0.0203117,0.020706,0.00943683,0.00940218,6.25249E-07,2.75392E-07,0.0106335,0.0104089,7.07522E-07,0,0.000122694,0,0.278751,0.278751,11.9024,4.61058
A,3,1000,3.818,0.25,0,0.297783,0.299286,0.0207095,0.0202435,-0.0204712,-0.0207042,0.141642,-0.0106629,0.14213,0.0196569,0.00156708,0.00170457,0.00985429,0.00995491,0.0640926,0.0206131,0.0204482,0.0094163,0.00941639,4.06601E-07,8.26849E-08,0.0106057,0.0104128,0,0,0,0,0.297783,0.297783,3.81087,4.46459
F1,3,1000,3.818,0.25,0,0.297915,0.299153,0.0207085,0.0202439,-0.0204722,-0.0207034,0.141712,-0.0106628,0.14206,0.0196568,0.00156708,0.00170456,0.00985428,0.0099549,0.0640628,0.020628,0.020463,0.00941597,0.00941652,4.06434E-07,8.27372E-08,0.0106056,0.0104128,3.54097E-06,0,0.000274481,0,0.297915,0.297916,3.80378,4.46459
F2,3,1000,3.818,0.25,0,0.298213,0.299436,0.020559,0.0203952,-0.020552,-0.020624,0.141716,-0.0106649,0.14206,0.019657,0.00156708,0.00170456,0.00985428,0.0099549,0.0640628,0.020628,0.020463,0.00941596,0.0094159,4.05793E-07,8.2502E-08,0.0106055,0.0104128,1.67486E-07,0,5.96954E-05,0,0.298214,0.298214,3.80379,4.46459
B,3,1000,3.818,0.25,0,0.298339,0.299465,0.0206492,0.0203377,-0.0204912,-0.0207225,0.141777,-0.0106945,0.142065,0.0196597,0.00156708,0.00170461,0.00985429,0.00995492,0.0640807,0.0206202,0.0204531,0.00942226,0.00942425,4.00259E-07,7.9222E-08,0.0106061,0.0104128,9.09379E-09,0,1.39099E-05,0,0.298339,0.298339,1.34081,4.46459
A,3,1000,3.818,0.25,1,0.297782,0.299286,0.0207095,0.0202435,-0.0204712,-0.0207042,0.141642,-0.0106629,0.14213,0.0196569,0.00156708,0.00170457,0.00985429,0.00995491,0.0640927,0.0206131,0.0204481,0.0094163,0.0094164,4.06601E-07,8.26836E-08,0.0106057,0.0104128,0,0,0,0,0.297782,0.297783,3.81078,4.75232
F1,3,1000,3.818,0.25,1,0.301332,0.302859,0.0651349,-1.24394E-08,-2.07833E-09,-0.0655081,0.14106,-0.0102224,0.142059,0.0195709,0.00156699,0.00170816,0.00985047,0.00995423,0.0640627,0.0206272,0.0204638,0.026684,0.0267041,1.41093E-06,3.34413E-07,0.0106778,0.0104128,0.102008,0,0.0465873,0,0.300907,0.301071,3.8033,4.75232
F2,3,1000,3.818,0.25,1,0.301332,0.302859,0.0651349,-1.24394E-08,-2.07832E-09,-0.0655081,0.14106,-0.0102224,0.142059,0.0195709,0.00156699,0.00170816,0.00985047,0.00995423,0.0640627,0.0206272,0.0204638,0.026684,0.0267041,1.41093E-06,3.34413E-07,0.0106778,0.0104128,0.102008,0,0.0465873,0,0.300907,0.301071,3.8033,4.75232
B,3,1000,3.818,0.25,1,0.292061,0.29336,0.0324215,0.00906173,-0.00916183,-0.0325535,0.141674,-0.010529,0.142065,0.0196542,0.00156708,0.00170473,0.00985413,0.0099549,0.0640807,0.0206201,0.0204532,0.0110609,0.0110621,4.91086E-07,1.00291E-07,0.0106099,0.0104128,0.0128066,0,0.016507,0,0.291903,0.291964,1.34041,4.75232
A,3,1000,3.818,0.25,2,0.297783,0.299286,0.0207095,0.0202435,-0.0204712,-0.0207042,0.141642,-0.0106629,0.14213,0.0196569,0.00156708,0.00170457,0.00985429,0.00995491,0.0640927,0.0206131,0.0204481,0.0094163,0.00941639,4.06601E-07,8.26843E-08,0.0106057,0.0104128,0,0,0,0,0.297782,0.297783,3.81084,4.60667
F1,3,1000,3.818,0.25,2,0.301308,0.302882,0.0651367,-1.38431E-08,-1.48182E-09,-0.0655099,0.14106,-0.0102224,0.142059,0.0195709,0.00156699,0.00170815,0.00985047,0.00995423,0.0640626,0.0206272,0.0204638,0.026683,0.0267064,1.4109E-06,3.34441E-07,0.0106777,0.0104128,0.10201,0,0.0465878,0,0.300905,0.301023,3.80337,4.60667
F2,3,1000,3.818,0.25,2,0.298213,0.299436,0.020559,0.0203952,-0.020552,-0.020624,0.141716,-0.0106649,0.14206,0.019657,0.00156708,0.00170456,0.00985429,0.0099549,0.0640628,0.020628,0.0204629,0.00941596,0.0094159,4.05793E-07,8.25015E-08,0.0106055,0.0104128,1.67475E-07,0,5.96934E-05,0,0.298214,0.298214,3.80375,4.60667
B,3,1000,3.818,0.25,2,0.298339,0.299465,0.0206492,0.0203377,-0.0204912,-0.0207225,0.141777,-0.0106945,0.142065,0.0196597,0.00156708,0.00170461,0.00985429,0.00995492,0.0640807,0.0206202,0.0204531,0.00942226,0.00942425,4.00259E-07,7.92219E-08,0.0106061,0.0104128,9.09317E-09,0,1.39094E-05,0,0.298339,0.298339,1.34079,4.60667
A,3,1000,3.818,0.25,4,0.297783,0.299286,0.0207095,0.0202435,-0.0204712,-0.0207042,0.141642,-0.0106629,0.14213,0.0196569,0.00156708,0.00170457,0.00985429,0.00995491,0.0640926,0.0206131,0.0204482,0.0094163,0.00941639,4.06601E-07,8.26849E-08,0.0106057,0.0104128,0,0,0,0,0.297783,0.297783,3.81087,4.46817
F1,3,1000,3.818,0.25,4,0.297915,0.299153,0.0207085,0.0202439,-0.0204722,-0.0207034,0.141712,-0.0106628,0.14206,0.0196568,0.00156708,0.00170456,0.00985428,0.0099549,0.0640628,0.020628,0.020463,0.00941597,0.00941652,4.06434E-07,8.27372E-08,0.0106056,0.0104128,3.54097E-06,0,0.000274481,0,0.297915,0.297916,3.80378,4.46817
F2,3,1000,3.818,0.25,4,0.298213,0.299436,0.020559,0.0203952,-0.020552,-0.020624,0.141716,-0.0106649,0.14206,0.019657,0.00156708,0.00170456,0.00985428,0.0099549,0.0640628,0.020628,0.020463,0.00941596,0.0094159,4.05793E-07,8.2502E-08,0.0106055,0.0104128,1.67486E-07,0,5.96954E-05,0,0.298214,0.298214,3.80379,4.46817
B,3,1000,3.818,0.25,4,0.292045,0.293375,0.032421,0.00906214,-0.00916232,-0.0325528,0.141674,-0.010529,0.142064,0.0196542,0.00156708,0.00170473,0.00985413,0.00995491,0.0640807,0.0206201,0.0204532,0.01106,0.0110631,4.91047E-07,1.00301E-07,0.0106099,0.0104128,0.0128071,0,0.0165073,0,0.291902,0.291932,1.34046,4.46817
A,3,1000,3.818,0.25,5,0.297783,0.299286,0.0207095,0.0202435,-0.0204712,-0.0207042,0.141642,-0.0106629,0.14213,0.0196569,0.00156708,0.00170457,0.00985429,0.00995491,0.0640927,0.0206131,0.0204481,0.0094163,0.00941639,4.06601E-07,8.26845E-08,0.0106057,0.0104128,0,0,0,0,0.297783,0.297783,3.81085,4.54982
F1,3,1000,3.818,0.25,5,0.281852,0.283278,0.0569241,5.69313E-07,-6.59167E-07,-0.057249,0.141064,-0.0102711,0.142058,0.0195956,0.00156702,0.00170684,0.00985183,0.00995449,0.0640627,0.0206267,0.0204643,0.0215248,0.0215313,1.12472E-06,2.63543E-07,0.0106533,0.0104128,0.0779071,0,0.0407136,0,0.281526,0.281615,3.80328,4.54982
F2,3,1000,3.818,0.25,5,0.298213,0.299436,0.020559,0.0203952,-0.020552,-0.020624,0.141716,-0.0106649,0.14206,0.019657,0.00156708,0.00170456,0.00985429,0.0099549,0.0640628,0.020628,0.0204629,0.00941596,0.0094159,4.05793E-07,8.25016E-08,0.0106055,0.0104128,1.67478E-07,0,5.96939E-05,0,0.298214,0.298214,3.80376,4.54982
B,3,1000,3.818,0.25,5,0.298339,0.299465,0.0206492,0.0203377,-0.0204912,-0.0207225,0.141777,-0.0106945,0.142065,0.0196597,0.00156708,0.00170461,0.00985429,0.00995492,0.0640807,0.0206202,0.0204531,0.00942226,0.00942425,4.00259E-07,7.92219E-08,0.0106061,0.0104128,9.09334E-09,0,1.39095E-05,0,0.298339,0.298339,1.3408,4.54982
A,3,1000,3.818,0.5,0,0.297782,0.299285,0.0207099,0.0202431,-0.0204709,-0.0207045,0.141642,-0.0106629,0.14213,0.0196569,0.00156708,0.00170457,0.00985429,0.00995491,0.0640926,0.0206131,0.0204482,0.0094163,0.0094164,4.06602E-07,8.26854E-08,0.0106057,0.0104128,0,0,0,0,0.297782,0.297782,3.81087,4.46447
F1,3,1000,3.818,0.5,0,0.297915,0.299153,0.0207085,0.0202439,-0.0204722,-0.0207034,0.141712,-0.0106628,0.14206,0.0196568,0.00156708,0.00170456,0.00985428,0.0099549,0.0640628,0.020628,0.020463,0.00941597,0.00941652,4.06434E-07,8.27372E-08,0.0106056,0.0104128,3.54097E-06,0,0.000274481,0,0.297915,0.297916,3.80378,4.46447
F2,3,1000,3.818,0.5,0,0.298213,0.299436,0.020559,0.0203952,-0.020552,-0.020624,0.141716,-0.0106649,0.14206,0.019657,0.00156708,0.00170456,0.00985428,0.0099549,0.0640628,0.020628,0.020463,0.00941596,0.0094159,4.05793E-07,8.2502E-08,0.0106055,0.0104128,1.67486E-07,0,5.96954E-05,0,0.298214,0.298214,3.80379,4.46447
B,3,1000,3.818,0.5,0,0.298013,0.299129,0.020797,0.0201739,-0.0203684,-0.0208296,0.141765,-0.0106758,0.142044,0.0196584,0.00156708,0.00170459,0.00985429,0.00995492,0.0640741,0.0206231,0.0204567,0.0094198,0.00942181,4.03248E-07,8.08587E-08,0.0106058,0.0104128,3.63298E-08,0,2.78024E-05,0,0.298013,0.298013,2.68934,4.46447
A,3,1000,3.818,0.5,1,0.297782,0.299286,0.0207099,0.0202431,-0.0204709,-0.0207045,0.141642,-0.0106629,0.14213,0.0196569,0.00156708,0.00170457,0.00985429,0.00995491,0.0640927,0.0206131,0.0204481,0.0094163,0.0094164,4.06603E-07,8.26842E-08,0.0106057,0.0104128,0,0,0,0,0.297781,0.297782,3.81078,4.77904
F1,3,1000,3.818,0.5,1,0.301332,0.302859,0.0651349,-1.24398E-08,-2.07815E-09,-0.0655081,0.14106,-0.0102224,0.142059,0.0195709,0.00156699,0.00170816,0.00985047,0.00995423,0.0640627,0.0206272,0.0204638,0.026684,0.0267041,1.41093E-06,3.34413E-07,0.0106778,0.0104128,0.102008,0,0.0465873,0,0.300907,0.301071,3.8033,4.77904
F2,3,1000,3.818,0.5,1,0.301332,0.302859,0.0651349,-1.24397E-08,-2.07813E-09,-0.0655081,0.14106,-0.0102224,0.142059,0.0195709,0.00156699,0.00170816,0.00985047,0.00995423,0.0640627,0.0206272,0.0204638,0.026684,0.0267041,1.41093E-06,3.34413E-07,0.0106778,0.0104128,0.102008,0,0.0465873,0,0.300907,0.301071,3.8033,4.77904
B,3,1000,3.818,0.5,1,0.280656,0.28206,0.0467412,0.000134875,-0.000161066,-0.0469857,0.14138,-0.0103528,0.142044,0.0196304,0.00156706,0.00170548,0.00985327,0.00995477,0.0640741,0.0206227,0.0204571,0.0165049,0.0164981,8.00607E-07,1.75421E-07,0.0106273,0.0104128,0.0511626,0,0.0329934,0,0.280329,0.280456,2.6886,4.77904
A,3,1000,3.818,0.5,2,0.297782,0.299285,0.0207099,0.0202431,-0.0204709,-0.0207045,0.141642,-0.0106629,0.14213,0.0196569,0.00156708,0.00170457,0.00985429,0.00995491,0.0640927,0.0206131,0.0204481,0.0094163,0.0094164,4.06602E-07,8.26849E-08,0.0106057,0.0104128,0,0,0,0,0.297782,0.297782,3.81084,4.60656
F1,3,1000,3.818,0.5,2,0.301308,0.302882,0.0651366,-1.38374E-08,-1.48386E-09,-0.0655099,0.14106,-0.0102224,0.142059,0.0195709,0.00156699,0.00170815,0.00985047,0.00995423,0.0640626,0.0206272,0.0204638,0.026683,0.0267064,1.4109E-06,3.34441E-07,0.0106777,0.0104128,0.10201,0,0.0465878,0,0.300905,0.301024,3.80337,4.60656
F2,3,1000,3.818,0.5,2,0.298213,0.299436,0.020559,0.0203952,-0.020552,-0.020624,0.141716,-0.0106649,0.14206,0.019657,0.00156708,0.00170456,0.00985429,0.0099549,0.0640628,0.020628,0.0204629,0.00941596,0.0094159,4.05793E-07,8.25015E-08,0.0106055,0.0104128,1.67475E-07,0,5.96934E-05,0,0.298214,0.298214,3.80375,4.60656
B,3,1000,3.818,0.5,2,0.298013,0.299129,0.020797,0.0201739,-0.0203684,-0.0208296,0.141765,-0.0106758,0.142044,0.0196584,0.00156708,0.00170459,0.00985429,0.00995492,0.0640741,0.0206231,0.0204567,0.0094198,0.00942181,4.03249E-07,8.08584E-08,0.0106058,0.0104128,3.63273E-08,0,2.78015E-05,0,0.298012,0.298013,2.68931,4.60656
A,3,1000,3.818,0.5,4,0.297782,0.299285,0.0207099,0.0202431,-0.0204709,-0.0207045,0.141642,-0.0106629,0.14213,0.0196569,0.00156708,0.00170457,0.00985429,0.00995491,0.0640926,0.0206131,0.0204482,0.0094163,0.0094164,4.06602E-07,8.26854E-08,0.0106057,0.0104128,0,0,0,0,0.297782,0.297782,3.81087,4.4949
F1,3,1000,3.818,0.5,4,0.297915,0.299153,0.0207085,0.0202439,-0.0204722,-0.0207034,0.141712,-0.0106628,0.14206,0.0196568,0.00156708,0.00170456,0.00985428,0.0099549,0.0640628,0.020628,0.020463,0.00941597,0.00941652,4.06434E-07,8.27372E-08,0.0106056,0.0104128,3.54097E-06,0,0.000274481,0,0.297915,0.297916,3.80378,4.4949
F2,3,1000,3.818,0.5,4,0.298213,0.299436,0.020559,0.0203952,-0.020552,-0.020624,0.141716,-0.0106649,0.14206,0.019657,0.00156708,0.00170456,0.00985428,0.0099549,0.0640628,0.020628,0.020463,0.00941596,0.0094159,4.05793E-07,8.2502E-08,0.0106055,0.0104128,1.67486E-07,0,5.96954E-05,0,0.298214,0.298214,3.80379,4.4949
B,3,1000,3.818,0.5,4,0.280623,0.282087,0.0467394,0.000134978,-0.000161214,-0.0469839,0.14138,-0.0103528,0.142043,0.0196304,0.00156706,0.00170548,0.00985327,0.00995477,0.0640741,0.0206227,0.0204572,0.0165033,0.0165005,8.00543E-07,1.75447E-07,0.0106273,0.0104128,0.0511648,0,0.0329941,0,0.280327,0.28039,2.68869,4.4949
A,3,1000,3.818,0.5,5,0.297782,0.299285,0.0207099,0.0202431,-0.0204709,-0.0207045,0.141642,-0.0106629,0.14213,0.0196569,0.00156708,0.00170457,0.00985429,0.00995491,0.0640927,0.0206131,0.0204481,0.0094163,0.0094164,4.06602E-07,8.2685E-08,0.0106057,0.0104128,0,0,0,0,0.297782,0.297782,3.81085,4.5497
F1,3,1000,3.818,0.5,5,0.281852,0.283278,0.0569241,5.69314E-07,-6.59167E-07,-0.057249,0.141064,-0.0102711,0.142058,0.0195956,0.00156702,0.00170684,0.00985183,0.00995449,0.0640627,0.0206267,0.0204643,0.0215248,0.0215313,1.12472E-06,2.63543E-07,0.0106533,0.0104128,0.0779071,0,0.0407136,0,0.281526,0.281614,3.80328,4.5497
F2,3,1000,3.818,0.5,5,0.298213,0.299436,0.020559,0.0203952,-0.020552,-0.020624,0.141716,-0.0106649,0.14206,0.019657,0.00156708,0.00170456,0.00985429,0.0099549,0.0640628,0.020628,0.0204629,0.00941596,0.0094159,4.05793E-07,8.25016E-08,0.0106055,0.0104128,1.67478E-07,0,5.96939E-05,0,0.298214,0.298214,3.80376,4.5497
B,3,1000,3.818,0.5,5,0.298013,0.299129,0.020797,0.0201739,-0.0203684,-0.0208296,0.141765,-0.0106758,0.142044,0.0196584,0.00156708,0.00170459,0.00985429,0.00995492,0.0640741,0.0206231,0.0204567,0.0094198,0.00942181,4.03249E-07,8.08585E-08,0.0106058,0.0104128,3.6328E-08,0,2.78017E-05,0,0.298012,0.298013,2.68932,4.5497
A,3,1000,3.818,0.79,0,0.297781,0.299284,0.0207106,0.0202424,-0.0204701,-0.0207052,0.141642,-0.0106629,0.14213,0.0196569,0.00156708,0.00170457,0.00985429,0.00995491,0.0640926,0.0206131,0.0204482,0.0094163,0.0094164,4.06605E-07,8.26865E-08,0.0106057,0.0104128,0,0,0,0,0.297781,0.297781,3.81087,4.46423
F1,3,1000,3.818,0.79,0,0.297915,0.299153,0.0207085,0.0202439,-0.0204722,-0.0207034,0.141712,-0.0106628,0.14206,0.0196568,0.00156708,0.00170456,0.00985428,0.0099549,0.0640628,0.020628,0.020463,0.00941597,0.00941652,4.06434E-07,8.27372E-08,0.0106056,0.0104128,3.54097E-06,0,0.000274481,0,0.297915,0.297916,3.80378,4.46423
F2,3,1000,3.818,0.79,0,0.298213,0.299436,0.020559,0.0203952,-0.020552,-0.020624,0.141716,-0.0106649,0.14206,0.019657,0.00156708,0.00170456,0.00985428,0.0099549,0.0640628,0.020628,0.020463,0.00941596,0.0094159,4.05793E-07,8.2502E-08,0.0106055,0.0104128,1.67486E-07,0,5.96954E-05,0,0.298214,0.298214,3.80379,4.46423
B,3,1000,3.818,0.79,0,0.297318,0.298495,0.0209631,0.0199756,-0.02022,-0.0209458,0.141719,-0.0106531,0.142024,0.0196556,0.00156708,0.00170454,0.00985431,0.00995492,0.0640673,0.0206259,0.0204607,0.00941501,0.0094167,4.0938E-07,8.42729E-08,0.0106053,0.0104128,9.08459E-08,0,4.39647E-05,0,0.297317,0.297318,4.25819,4.46423
A,3,1000,3.818,0.79,1,0.29778,0.299284,0.0207106,0.0202424,-0.0204701,-0.0207052,0.141642,-0.0106629,0.14213,0.0196569,0.00156708,0.00170457,0.00985429,0.00995491,0.0640927,0.0206131,0.0204481,0.0094163,0.0094164,4.06606E-07,8.26853E-08,0.0106057,0.0104128,0,0,0,0,0.29778,0.297781,3.81078,4.95514
F1,3,1000,3.818,0.79,1,0.301331,0.302859,0.0651349,-2.12071E-08,-1.52506E-08,-0.0655081,0.14106,-0.0102224,0.142059,0.0195709,0.00156699,0.00170816,0.00985047,0.00995423,0.0640627,0.0206272,0.0204638,0.026684,0.0267041,1.41093E-06,3.34413E-07,0.0106778,0.0104128,0.102008,0,0.0465873,0,0.300906,0.301071,3.8033,4.95514
F2,3,1000,3.818,0.79,1,0.301331,0.302859,0.0651349,-2.12071E-08,-1.52506E-08,-0.0655081,0.14106,-0.0102224,0.142059,0.0195709,0.00156699,0.00170816,0.00985047,0.00995423,0.0640627,0.0206272,0.0204638,0.026684,0.0267041,1.41093E-06,3.34413E-07,0.0106778,0.0104128,0.102008,0,0.0465873,0,0.300906,0.301071,3.8033,4.95514
B,3,1000,3.818,0.79,1,0.313694,0.315115,0.0736045,-4.15425E-07,3.80259E-07,-0.0740362,0.140899,-0.0101554,0.142025,0.0195354,0.00156695,0.00170965,0.00984892,0.00995395,0.0640671,0.0206257,0.020461,0.0329464,0.0329831,1.81104E-06,4.46149E-07,0.0107067,0.0104128,0.127939,0,0.0521738,0,0.313227,0.313407,4.25727,4.95514
A,3,1000,3.818,0.79,2,0.29778,0.299284,0.0207106,0.0202424,-0.0204701,-0.0207052,0.141642,-0.0106629,0.14213,0.0196569,0.00156708,0.00170457,0.00985429,0.00995491,0.0640927,0.0206131,0.0204481,0.0094163,0.0094164,4.06606E-07,8.2686E-08,0.0106057,0.0104128,0,0,0,0,0.29778,0.297781,3.81084,4.60632
F1,3,1000,3.818,0.79,2,0.301308,0.302882,0.0651366,-1.38235E-08,-1.48885E-09,-0.0655099,0.14106,-0.0102224,0.142059,0.0195709,0.00156699,0.00170815,0.00985047,0.00995423,0.0640626,0.0206272,0.0204638,0.026683,0.0267063,1.4109E-06,3.34441E-07,0.0106777,0.0104128,0.10201,0,0.0465878,0,0.300905,0.301024,3.80337,4.60632
F2,3,1000,3.818,0.79,2,0.298213,0.299436,0.020559,0.0203952,-0.020552,-0.020624,0.141716,-0.0106649,0.14206,0.019657,0.00156708,0.00170456,0.00985429,0.0099549,0.0640628,0.020628,0.0204629,0.00941596,0.0094159,4.05793E-07,8.25015E-08,0.0106055,0.0104128,1.67475E-07,0,5.96933E-05,0,0.298214,0.298214,3.80375,4.60632
B,3,1000,3.818,0.79,2,0.297318,0.298495,0.0209631,0.0199756,-0.02022,-0.0209458,0.141719,-0.0106531,0.142024,0.0196556,0.00156708,0.00170454,0.00985431,0.00995491,0.0640673,0.0206259,0.0204607,0.00941502,0.0094167,4.09381E-07,8.42722E-08,0.0106053,0.0104128,9.08396E-08,0,4.39632E-05,0,0.297317,0.297318,4.25814,4.60632
A,3,1000,3.818,0.79,4,0.297781,0.299284,0.0207106,0.0202424,-0.0204701,-0.0207052,0.141642,-0.0106629,0.14213,0.0196569,0.00156708,0.00170457,0.00985429,0.00995491,0.0640926,0.0206131,0.0204482,0.0094163,0.0094164,4.06605E-07,8.26866E-08,0.0106057,0.0104128,0,0,0,0,0.297781,0.297781,3.81087,4.671
F1,3,1000,3.818,0.79,4,0.297915,0.299153,0.0207085,0.0202439,-0.0204722,-0.0207034,0.141712,-0.0106628,0.14206,0.0196568,0.00156708,0.00170456,0.00985428,0.0099549,0.0640628,0.020628,0.020463,0.00941597,0.00941652,4.06434E-07,8.27373E-08,0.0106056,0.0104128,3.54097E-06,0,0.000274481,0,0.297915,0.297916,3.80378,4.671
F2,3,1000,3.818,0.79,4,0.298213,0.299436,0.020559,0.0203952,-0.020552,-0.020624,0.141716,-0.0106649,0.14206,0.019657,0.00156708,0.00170456,0.00985428,0.0099549,0.0640628,0.020628,0.020463,0.00941596,0.0094159,4.05793E-07,8.2502E-08,0.0106055,0.0104128,1.67486E-07,0,5.96954E-05,0,0.298214,0.298214,3.80379,4.671
B,3,1000,3.818,0.79,4,0.313646,0.315162,0.0736014,-4.17295E-07,3.94589E-07,-0.0740329,0.1409,-0.0101555,0.142024,0.0195354,0.00156695,0.00170964,0.00984892,0.00995396,0.064067,0.0206257,0.0204611,0.0329446,0.0329881,1.811E-06,4.46217E-07,0.0107066,0.0104128,0.127944,0,0.0521749,0,0.313224,0.313312,4.25744,4.671
A,3,1000,3.818,0.79,5,0.29778,0.299284,0.0207106,0.0202424,-0.0204701,-0.0207052,0.141642,-0.0106629,0.14213,0.0196569,0.00156708,0.00170457,0.00985429,0.00995491,0.0640927,0.0206131,0.0204481,0.0094163,0.0094164,4.06606E-07,8.26861E-08,0.0106057,0.0104128,0,0,0,0,0.297781,0.297781,3.81085,4.54946
F1,3,1000,3.818,0.79,5,0.281852,0.283278,0.0569241,5.69317E-07,-6.59169E-07,-0.057249,0.141064,-0.0102711,0.142058,0.0195956,0.00156702,0.00170684,0.00985183,0.00995449,0.0640627,0.0206267,0.0204643,0.0215248,0.0215313,1.12472E-06,2.63543E-07,0.0106533,0.0104128,0.0779071,0,0.0407136,0,0.281526,0.281614,3.80328,4.54946
F2,3,1000,3.818,0.79,5,0.298213,0.299436,0.020559,0.0203952,-0.020552,-0.020624,0.141716,-0.0106649,0.14206,0.019657,0.00156708,0.00170456,0.00985429,0.0099549,0.0640628,0.020628,0.0204629,0.00941596,0.0094159,4.05793E-07,8.25016E-08,0.0106055,0.0104128,1.67478E-07,0,5.9694E-05,0,0.298214,0.298214,3.80376,4.54946
B,3,1000,3.818,0.79,5,0.297318,0.298495,0.0209631,0.0199756,-0.02022,-0.0209458,0.141719,-0.0106531,0.142024,0.0196556,0.00156708,0.00170454,0.00985431,0.00995491,0.0640673,0.0206259,0.0204607,0.00941502,0.0094167,4.0938E-07,8.42724E-08,0.0106053,0.0104128,9.08415E-08,0,4.39636E-05,0,0.297317,0.297318,4.25815,4.54946
A,3,1000,3.818,1,0,0.297779,0.299283,0.0207113,0.0202417,-0.0204694,-0.0207059,0.141642,-0.0106629,0.14213,0.0196569,0.00156708,0.00170457,0.00985429,0.00995491,0.0640926,0.0206131,0.0204482,0.0094163,0.0094164,4.06608E-07,8.26877E-08,0.0106057,0.0104128,0,0,0,0,0.297779,0.29778,3.81087,4.46398
F1,3,1000,3.818,1,0,0.297915,0.299153,0.0207085,0.0202439,-0.0204722,-0.0207034,0.141712,-0.0106628,0.14206,0.0196568,0.00156708,0.00170456,0.00985428,0.0099549,0.0640628,0.020628,0.020463,0.00941597,0.00941652,4.06434E-07,8.27372E-08,0.0106056,0.0104128,3.54097E-06,0,0.000274481,0,0.297915,0.297916,3.80378,4.46398
F2,3,1000,3.818,1,0,0.298213,0.299436,0.020559,0.0203952,-0.020552,-0.020624,0.141716,-0.0106649,0.14206,0.019657,0.00156708,0.00170456,0.00985428,0.0099549,0.0640628,0.020628,0.020463,0.00941596,0.0094159,4.05793E-07,8.2502E-08,0.0106055,0.0104128,1.67486E-07,0,5.96954E-05,0,0.298214,0.298214,3.80379,4.46398
B,3,1000,3.818,1,0,0.296596,0.297869,0.0210801,0.0198253,-0.0201082,-0.0210239,0.141662,-0.0106359,0.142012,0.0196528,0.00156708,0.00170449,0.00985433,0.00995491,0.0640628,0.0206274,0.0204636,0.00941014,0.00941132,4.15742E-07,8.79492E-08,0.0106048,0.0104128,1.46046E-07,0,5.57438E-05,0,0.296594,0.296595,5.40157,4.46398
A,3,1000,3.818,1,1,0.297779,0.299283,0.0207113,0.0202417,-0.0204694,-0.0207059,0.141642,-0.0106629,0.14213,0.0196569,0.00156708,0.00170457,0.00985429,0.00995491,0.0640927,0.0206131,0.0204481,0.00941631,0.0094164,4.06609E-07,8.26865E-08,0.0106057,0.0104128,0,0,0,0,0.297779,0.297779,3.81078,5.11779
F1,3,1000,3.818,1,1,0.301332,0.302859,0.0651349,-1.33692E-08,7.83994E-10,-0.0655081,0.14106,-0.0102224,0.142059,0.0195709,0.00156699,0.00170816,0.00985047,0.00995423,0.0640627,0.0206272,0.0204638,0.026684,0.0267041,1.41093E-06,3.34413E-07,0.0106778,0.0104128,0.102008,0,0.0465873,0,0.300907,0.301071,3.8033,5.11779
F2,3,1000,3.818,1,1,0.301332,0.302859,0.0651349,-1.33692E-08,7.83928E-10,-0.0655081,0.14106,-0.0102224,0.142059,0.0195709,0.00156699,0.00170816,0.00985047,0.00995423,0.0640627,0.0206272,0.0204638,0.026684,0.0267041,1.41093E-06,3.34413E-07,0.0106778,0.0104128,0.102008,0,0.0465873,0,0.300907,0.301071,3.8033,5.11779
B,3,1000,3.818,1,1,0.338173,0.339524,0.0932659,-1.18939E-06,1.10946E-06,-0.0938082,0.140202,-0.00997328,0.142017,0.0194366,0.00156686,0.00171329,0.00984502,0.00995327,0.0640624,0.020627,0.0204642,0.0509098,0.0509778,3.07159E-06,8.35648E-07,0.0107813,0.0104127,0.205672,0,0.0661513,0,0.337535,0.33778,5.40004,5.11779
A,3,1000,3.818,1,2,0.297779,0.299283,0.0207113,0.0202417,-0.0204694,-0.0207059,0.141642,-0.0106629,0.14213,0.0196569,0.00156708,0.00170457,0.00985429,0.00995491,0.0640927,0.0206131,0.0204481,0.00941631,0.0094164,4.06609E-07,8.26871E-08,0.0106057,0.0104128,0,0,0,0,0.297779,0.297779,3.81084,4.60607
F1,3,1000,3.818,1,2,0.301308,0.302882,0.0651366,-1.38031E-08,-1.49632E-09,-0.0655098,0.14106,-0.0102224,0.142059,0.0195709,0.00156699,0.00170815,0.00985047,0.00995423,0.0640626,0.0206272,0.0204638,0.026683,0.0267063,1.4109E-06,3.3444E-07,0.0106777,0.0104128,0.10201,0,0.0465878,0,0.300905,0.301025,3.80337,4.60607
F2,3,1000,3.818,1,2,0.298213,0.299436,0.020559,0.0203952,-0.020552,-0.020624,0.141716,-0.0106649,0.14206,0.019657,0.00156708,0.00170456,0.00985429,0.0099549,0.0640628,0.020628,0.0204629,0.00941596,0.0094159,4.05793E-07,8.25015E-08,0.0106055,0.0104128,1.67474E-07,0,5.96933E-05,0,0.298213,0.298214,3.80374,4.60607
B,3,1000,3.818,1,2,0.296596,0.297869,0.0210801,0.0198253,-0.0201082,-0.0210239,0.141662,-0.0106359,0.142012,0.0196528,0.00156708,0.00170449,0.00985433,0.00995491,0.0640628,0.0206274,0.0204635,0.00941014,0.00941132,4.15742E-07,8.79482E-08,0.0106048,0.0104128,1.46036E-07,0,5.57418E-05,0,0.296594,0.296595,5.4015,4.60607
A,3,1000,3.818,1,4,0.297779,0.299283,0.0207113,0.0202417,-0.0204694,-0.0207059,0.141642,-0.0106629,0.14213,0.0196569,0.00156708,0.00170457,0.00985429,0.00995491,0.0640926,0.0206131,0.0204482,0.0094163,0.0094164,4.06609E-07,8.26877E-08,0.0106057,0.0104128,0,0,0,0,0.297779,0.29778,3.81087,4.83366
F1,3,1000,3.818,1,4,0.297915,0.299153,0.0207085,0.0202439,-0.0204722,-0.0207034,0.141712,-0.0106628,0.14206,0.0196568,0.00156708,0.00170456,0.00985428,0.0099549,0.0640628,0.020628,0.020463,0.00941597,0.00941652,4.06434E-07,8.27373E-08,0.0106056,0.0104128,3.54097E-06,0,0.000274481,0,0.297915,0.297916,3.80378,4.83366
F2,3,1000,3.818,1,4,0.298213,0.299436,0.020559,0.0203952,-0.020552,-0.020624,0.141716,-0.0106649,0.14206,0.019657,0.00156708,0.00170456,0.00985428,0.0099549,0.0640628,0.020628,0.020463,0.00941596,0.0094159,4.05793E-07,8.25021E-08,0.0106055,0.0104128,1.67486E-07,0,5.96954E-05,0,0.298214,0.298214,3.80379,4.83366
B,3,1000,3.818,1,4,0.338108,0.339577,0.0932618,-1.15263E-06,1.13519E-06,-0.0938039,0.140202,-0.00997326,0.142016,0.0194366,0.00156686,0.00171328,0.00984502,0.00995327,0.0640624,0.020627,0.0204642,0.0509069,0.0509857,3.07155E-06,8.35774E-07,0.0107811,0.0104127,0.20568,0,0.0661527,0,0.337528,0.33765,5.40024,4.83366
A,3,1000,3.818,1,5,0.297779,0.299283,0.0207113,0.0202417,-0.0204694,-0.0207059,0.141642,-0.0106629,0.14213,0.0196569,0.00156708,0.00170457,0.00985429,0.00995491,0.0640927,0.0206131,0.0204481,0.00941631,0.0094164,4.06609E-07,8.26872E-08,0.0106057,0.0104128,0,0,0,0,0.297779,0.297779,3.81085,4.54921
F1,3,1000,3.818,1,5,0.281852,0.283279,0.0569241,5.69321E-07,-6.59172E-07,-0.057249,0.141064,-0.0102711,0.142058,0.0195956,0.00156702,0.00170684,0.00985183,0.00995449,0.0640627,0.0206267,0.0204643,0.0215248,0.0215313,1.12472E-06,2.63543E-07,0.0106533,0.0104128,0.0779071,0,0.0407136,0,0.281526,0.281613,3.80328,4.54921
F2,3,1000,3.818,1,5,0.298213,0.299436,0.020559,0.0203952,-0.020552,-0.020624,0.141716,-0.0106649,0.14206,0.019657,0.00156708,0.00170456,0.00985429,0.0099549,0.0640628,0.020628,0.0204629,0.00941596,0.0094159,4.05793E-07,8.25016E-08,0.0106055,0.0104128,1.67478E-07,0,5.9694E-05,0,0.298214,0.298214,3.80376,4.54921
B,3,1000,3.818,1,5,0.296596,0.297869,0.0210801,0.0198253,-0.0201082,-0.0210239,0.141662,-0.0106359,0.142012,0.0196528,0.00156708,0.00170449,0.00985433,0.00995491,0.0640628,0.0206274,0.0204635,0.00941014,0.00941132,4.15742E-07,8.79484E-08,0.0106048,0.0104128,1.46039E-07,0,5.57425E-05,0,0.296594,0.296595,5.40153,4.54921
A,3,20000,3.818,0.25,0,0.297782,0.299288,0.0207098,0.0202438,-0.0204662,-0.0207229,0.14164,-0.0103977,0.142131,0.019657,0.00156724,0.00170205,0.0098527,0.00995385,0.0640936,0.0206109,0.0204478,0.0094164,0.00941648,4.1519E-07,9.18579E-08,0.0106101,0.0104128,0,0,0,0,0.297783,0.297783,3.8105,4.46458
F1,3,20000,3.818,0.25,0,0.297921,0.299149,0.0207093,0.0202445,-0.0204663,-0.0207218,0.141709,-0.0103976,0.142061,0.0196569,0.00156724,0.00170204,0.0098527,0.00995384,0.0640641,0.0206256,0.0204624,0.00941657,0.00941609,4.15054E-07,9.19166E-08,0.01061,0.0104128,3.54403E-06,0,0.0002746,0,0.297921,0.297921,3.8066,4.46458
F2,3,20000,3.818,0.25,0,0.298211,0.299439,0.0205614,0.0203954,-0.0205342,-0.0206588,0.141713,-0.0103988,0.142061,0.0196571,0.00156724,0.00170205,0.0098527,0.00995384,0.0640641,0.0206256,0.0204624,0.00941607,0.00941595,4.14274E-07,9.15652E-08,0.0106099,0.0104128,1.67626E-07,0,5.97203E-05,0,0.298212,0.298212,3.8066,4.46458
B,3,20000,3.818,0.25,0,0.298339,0.299467,0.0206489,0.020338,-0.0204901,-0.0207238,0.141776,-0.0106008,0.142066,0.0196597,0.0015671,0.00170429,0.00985411,0.00995477,0.0640809,0.0206194,0.0204535,0.00942228,0.00942425,4.01334E-07,8.03786E-08,0.0106066,0.0104128,9.06367E-09,0,1.38868E-05,0,0.298339,0.298339,1.33906,4.46458
A,3,20000,3.818,0.25,1,0.297781,0.299288,0.02071,0.0202436,-0.0204661,-0.0207229,0.14164,-0.0103973,0.142131,0.019657,0.00156723,0.00170205,0.00985276,0.00995379,0.0640937,0.0206109,0.0204476,0.00941637,0.00941645,4.1534E-07,9.1912E-08,0.0106102,0.0104128,0,0,0,0,0.29778,0.297782,3.81149,4.98986
F1,3,20000,3.818,0.25,1,0.322764,0.323742,0.0801731,-4.33487E-05,3.81148E-05,-0.0806927,0.140675,-0.00921923,0.14208,0.0195115,0.00156739,0.0017041,0.00983657,0.00995768,0.064067,0.0206068,0.0204771,0.0384777,0.0384773,2.89053E-06,1.22425E-06,0.0107706,0.0104128,0.154863,0,0.0574017,0,0.322776,0.322765,3.80101,4.98986
F2,3,20000,3.818,0.25,1,0.322764,0.323742,0.0801731,-4.33487E-05,3.81148E-05,-0.0806927,0.140675,-0.00921923,0.14208,0.0195115,0.00156739,0.0017041,0.00983657,0.00995768,0.064067,0.0206068,0.0204771,0.0384777,0.0384773,2.89053E-06,1.22425E-06,0.0107706,0.0104128,0.154863,0,0.0574017,0,0.322776,0.322765,3.80101,4.98986
B,3,20000,3.818,0.25,1,0.289194,0.290305,0.0352549,0.00656228,-0.00666205,-0.0353923,0.14162,-0.010415,0.142067,0.0196513,0.0015671,0.00170425,0.00985366,0.00995464,0.064081,0.0206188,0.0204538,0.0119218,0.0119047,5.48481E-07,1.20985E-07,0.0106139,0.0104128,0.0193583,0,0.0202948,0,0.289193,0.289193,1.3369,4.98986
A,3,20000,3.818,0.25,2,0.297782,0.299288,0.02071,0.0202436,-0.0204661,-0.020723,0.14164,-0.0103973,0.142131,0.019657,0.00156723,0.00170205,0.00985276,0.00995379,0.0640937,0.0206109,0.0204476,0.00941638,0.00941646,4.15329E-07,9.19073E-08,0.0106102,0.0104128,0,0,0,0,0.29778,0.297782,3.81102,4.7243
F1,3,20000,3.818,0.25,2,0.322784,0.323772,0.080161,-2.93532E-05,4.72367E-05,-0.0806889,0.140674,-0.00921669,0.14208,0.0195115,0.00156739,0.00170401,0.00983677,0.00995753,0.0640669,0.0206073,0.0204767,0.0384782,0.0384771,2.89172E-06,1.22442E-06,0.0107703,0.0104128,0.154864,0,0.057402,0,0.322798,0.322785,3.80034,4.7243
F2,3,20000,3.818,0.25,2,0.29821,0.299439,0.0205615,0.0203953,-0.0205343,-0.0206588,0.141713,-0.0103982,0.142062,0.019657,0.00156723,0.00170205,0.00985276,0.00995378,0.0640642,0.0206257,0.0204622,0.00941605,0.00941593,4.14413E-07,9.16146E-08,0.01061,0.0104128,1.67605E-07,0,5.97166E-05,0,0.298209,0.29821,3.80338,4.7243
B,3,20000,3.818,0.25,2,0.298339,0.299467,0.0206489,0.0203381,-0.0204903,-0.0207239,0.141776,-0.0106009,0.142066,0.0196597,0.0015671,0.00170429,0.00985413,0.00995474,0.0640809,0.0206195,0.0204534,0.00942228,0.00942425,4.01356E-07,8.03822E-08,0.0106067,0.0104128,9.06257E-09,0,1.3886E-05,0,0.298338,0.298339,1.33752,4.7243
A,3,20000,3.818,0.25,4,0.297782,0.299288,0.0207098,0.0202438,-0.0204662,-0.0207229,0.14164,-0.0103977,0.142131,0.019657,0.00156724,0.00170205,0.0098527,0.00995385,0.0640936,0.0206109,0.0204478,0.0094164,0.00941648,4.1519E-07,9.18579E-08,0.0106101,0.0104128,0,0,0,0,0.297783,0.297783,3.8105,4.47042
F1,3,20000,3.818,0.25,4,0.297921,0.299149,0.0207093,0.0202445,-0.0204663,-0.0207218,0.141709,-0.0103976,0.142061,0.0196569,0.00156724,0.00170204,0.0098527,0.00995384,0.0640641,0.0206256,0.0204624,0.00941657,0.00941609,4.15054E-07,9.19166E-08,0.01061,0.0104128,3.54403E-06,0,0.0002746,0,0.297921,0.297921,3.8066,4.47042
F2,3,20000,3.818,0.25,4,0.298211,0.299439,0.0205614,0.0203954,-0.0205342,-0.0206588,0.141713,-0.0103988,0.142061,0.0196571,0.00156724,0.00170205,0.0098527,0.00995384,0.0640641,0.0206256,0.0204624,0.00941607,0.00941595,4.14274E-07,9.15652E-08,0.0106099,0.0104128,1.67626E-07,0,5.97203E-05,0,0.298212,0.298212,3.8066,4.47042
B,3,20000,3.818,0.25,4,0.289193,0.290307,0.0352685,0.0065479,-0.006645,-0.0354083,0.14162,-0.0104155,0.142067,0.0196513,0.00156711,0.00170425,0.00985364,0.00995467,0.0640809,0.0206188,0.0204539,0.011922,0.011905,5.4844E-07,1.20981E-07,0.0106139,0.0104128,0.0193605,0,0.020296,0,0.28919,0.28919,1.33797,4.47042
A,3,20000,3.818,0.25,5,0.297782,0.299288,0.0207098,0.0202438,-0.0204662,-0.0207228,0.14164,-0.0103978,0.142131,0.019657,0.00156724,0.00170205,0.0098527,0.00995385,0.0640936,0.0206109,0.0204478,0.00941638,0.00941646,4.15287E-07,9.1897E-08,0.0106102,0.0104128,0,0,0,0,0.297783,0.297783,3.81072,4.61432
F1,3,20000,3.818,0.25,5,0.292415,0.293128,0.0661626,-5.2246E-05,4.49631E-05,-0.0665988,0.140829,-0.00951469,0.14207,0.0195629,0.00156733,0.00170288,0.00984377,0.00995508,0.0640655,0.0206157,0.02047,0.0274407,0.0274233,1.90442E-06,7.43403E-07,0.0107078,0.0104128,0.105422,0,0.0473607,0,0.292411,0.292407,3.80712,4.61432
F2,3,20000,3.818,0.25,5,0.298211,0.299439,0.0205614,0.0203954,-0.0205342,-0.0206588,0.141713,-0.0103988,0.142061,0.019657,0.00156724,0.00170205,0.00985271,0.00995384,0.0640641,0.0206256,0.0204624,0.00941605,0.00941593,4.1437E-07,9.16039E-08,0.0106099,0.0104128,1.67625E-07,0,5.97202E-05,0,0.298211,0.298211,3.80671,4.61432
B,3,20000,3.818,0.25,5,0.298339,0.299467,0.0206489,0.020338,-0.0204901,-0.0207238,0.141776,-0.0106008,0.142066,0.0196597,0.0015671,0.00170429,0.00985411,0.00995476,0.0640809,0.0206194,0.0204535,0.00942228,0.00942425,4.01345E-07,8.03834E-08,0.0106066,0.0104128,9.06363E-09,0,1.38868E-05,0,0.298339,0.298339,1.33903,4.61432
A,3,20000,3.818,0.5,0,0.297782,0.299287,0.0207102,0.0202435,-0.0204659,-0.0207231,0.14164,-0.0103977,0.142131,0.019657,0.00156724,0.00170205,0.0098527,0.00995385,0.0640936,0.0206109,0.0204478,0.00941639,0.00941648,4.15202E-07,9.18605E-08,0.0106101,0.0104128,0,0,0,0,0.297782,0.297782,3.8105,4.46446
F1,3,20000,3.818,0.5,0,0.297921,0.299149,0.0207093,0.0202445,-0.0204663,-0.0207218,0.141709,-0.0103976,0.142061,0.0196569,0.00156724,0.00170204,0.0098527,0.00995384,0.0640641,0.0206256,0.0204624,0.00941657,0.00941609,4.15065E-07,9.19184E-08,0.01061,0.0104128,3.54403E-06,0,0.0002746,0,0.297921,0.297921,3.80659,4.46446
F2,3,20000,3.818,0.5,0,0.298211,0.299439,0.0205614,0.0203954,-0.0205342,-0.0206588,0.141713,-0.0103988,0.142061,0.0196571,0.00156724,0.00170205,0.0098527,0.00995384,0.0640641,0.0206256,0.0204624,0.00941607,0.00941595,4.14284E-07,9.1567E-08,0.0106099,0.0104128,1.67626E-07,0,5.97203E-05,0,0.298212,0.298212,3.8066,4.46446
B,3,20000,3.818,0.5,0,0.298013,0.299132,0.0207965,0.0201744,-0.0203667,-0.0208329,0.141763,-0.0104887,0.142046,0.0196584,0.00156716,0.00170332,0.00985358,0.00995431,0.0640747,0.02062,0.0204584,0.00941987,0.00942185,4.07585E-07,8.54955E-08,0.0106081,0.0104128,3.62095E-08,0,2.77564E-05,0,0.298012,0.298013,2.68585,4.46446
A,3,20000,3.818,0.5,1,0.297781,0.299288,0.0207104,0.0202432,-0.0204658,-0.0207232,0.14164,-0.0103973,0.142131,0.019657,0.00156723,0.00170205,0.00985276,0.00995379,0.0640937,0.0206109,0.0204476,0.00941637,0.00941645,4.15364E-07,9.19201E-08,0.0106102,0.0104128,0,0,0,0,0.29778,0.297781,3.81146,5.07105
F1,3,20000,3.818,0.5,1,0.322746,0.323738,0.080173,-4.17438E-05,3.91259E-05,-0.080693,0.140675,-0.00921935,0.142081,0.0195113,0.00156739,0.0017041,0.00983657,0.00995769,0.064067,0.0206068,0.0204771,0.038478,0.0384775,2.89069E-06,1.22447E-06,0.0107705,0.0104128,0.154862,0,0.0574017,0,0.322759,0.322747,3.80102,5.07105
F2,3,20000,3.818,0.5,1,0.322746,0.323738,0.080173,-4.17438E-05,3.91259E-05,-0.080693,0.140675,-0.00921935,0.142081,0.0195113,0.00156739,0.0017041,0.00983657,0.00995769,0.064067,0.0206068,0.0204771,0.038478,0.0384775,2.89069E-06,1.22447E-06,0.0107705,0.0104128,0.154862,0,0.0574017,0,0.322759,0.322747,3.80102,5.07105
B,3,20000,3.818,0.5,1,0.2913,0.292141,0.057118,-1.34072E-05,1.29271E-05,-0.0574699,0.141235,-0.00980755,0.14205,0.0196026,0.00156717,0.00170402,0.00984927,0.00995413,0.0640753,0.0206164,0.0204609,0.0217114,0.021698,1.30521E-06,4.41636E-07,0.0106665,0.0104128,0.077326,0,0.0405615,0,0.291304,0.291299,2.68212,5.07105
A,3,20000,3.818,0.5,2,0.297781,0.299288,0.0207104,0.0202433,-0.0204658,-0.0207232,0.14164,-0.0103973,0.142131,0.019657,0.00156723,0.00170205,0.00985276,0.00995379,0.0640937,0.0206109,0.0204476,0.00941638,0.00941646,4.15331E-07,9.19082E-08,0.0106102,0.0104128,0,0,0,0,0.297779,0.297781,3.81102,4.72418
F1,3,20000,3.818,0.5,2,0.322784,0.323772,0.080161,-2.93446E-05,4.72414E-05,-0.0806889,0.140674,-0.00921669,0.14208,0.0195115,0.00156739,0.00170401,0.00983677,0.00995753,0.0640669,0.0206073,0.0204767,0.0384782,0.0384771,2.89172E-06,1.22442E-06,0.0107703,0.0104128,0.154864,0,0.057402,0,0.322798,0.322785,3.80034,4.72418
F2,3,20000,3.818,0.5,2,0.29821,0.299439,0.0205615,0.0203953,-0.0205343,-0.0206588,0.141713,-0.0103982,0.142062,0.019657,0.00156723,0.00170205,0.00985276,0.00995378,0.0640642,0.0206257,0.0204622,0.00941605,0.00941593,4.14413E-07,9.16146E-08,0.01061,0.0104128,1.67605E-07,0,5.97167E-05,0,0.298209,0.29821,3.80338,4.72418
B,3,20000,3.818,0.5,2,0.298013,0.299132,0.0207967,0.0201748,-0.0203672,-0.0208332,0.141763,-0.0104888,0.142046,0.0196584,0.00156715,0.00170333,0.00985362,0.00995427,0.0640748,0.0206201,0.0204583,0.00941987,0.00942184,4.07654E-07,8.55162E-08,0.0106081,0.0104128,3.62051E-08,0,2.77547E-05,0,0.298011,0.298012,2.68279,4.72418
A,3,20000,3.818,0.5,4,0.297782,0.299287,0.0207102,0.0202435,-0.0204659,-0.0207232,0.14164,-0.0103977,0.142131,0.019657,0.00156724,0.00170205,0.0098527,0.00995385,0.0640936,0.0206109,0.0204478,0.00941639,0.00941647,4.15229E-07,9.18808E-08,0.0106101,0.0104128,0,0,0,0,0.297782,0.297782,3.8105,4.55152
F1,3,20000,3.818,0.5,4,0.29792,0.299149,0.0207093,0.0202446,-0.0204663,-0.0207218,0.141709,-0.0103976,0.142061,0.0196569,0.00156724,0.00170204,0.0098527,0.00995384,0.0640641,0.0206256,0.0204624,0.00941656,0.00941608,4.15091E-07,9.19385E-08,0.01061,0.0104128,3.54403E-06,0,0.0002746,0,0.297921,0.297921,3.80659,4.55152
F2,3,20000,3.818,0.5,4,0.298211,0.299439,0.0205614,0.0203954,-0.0205342,-0.0206588,0.141713,-0.0103988,0.142061,0.0196571,0.00156724,0.00170205,0.0098527,0.00995384,0.0640641,0.0206256,0.0204624,0.00941606,0.00941594,4.1431E-07,9.1587E-08,0.0106099,0.0104128,1.67626E-07,0,5.97203E-05,0,0.298211,0.298212,3.8066,4.55152
B,3,20000,3.818,0.5,4,0.291334,0.292253,0.057228,-1.50283E-05,1.2472E-05,-0.0575744,0.141235,-0.00978759,0.142049,0.019603,0.00156718,0.00170403,0.00984922,0.00995417,0.0640752,0.0206163,0.020461,0.021709,0.0216973,1.30551E-06,4.42231E-07,0.0106666,0.0104128,0.0773342,0,0.0405637,0,0.291332,0.29133,2.68276,4.55152
A,3,20000,3.818,0.5,5,0.297781,0.299287,0.0207102,0.0202435,-0.0204659,-0.0207231,0.14164,-0.0103978,0.142131,0.019657,0.00156724,0.00170205,0.0098527,0.00995385,0.0640936,0.0206109,0.0204478,0.00941638,0.00941646,4.15289E-07,9.1898E-08,0.0106102,0.0104128,0,0,0,0,0.297782,0.297782,3.81072,4.6142
F1,3,20000,3.818,0.5,5,0.292416,0.293128,0.0661626,-5.22821E-05,4.48907E-05,-0.0665988,0.140829,-0.00951391,0.14207,0.0195629,0.00156733,0.00170288,0.00984377,0.00995508,0.0640655,0.0206157,0.02047,0.0274407,0.0274233,1.90444E-06,7.43407E-07,0.0107078,0.0104128,0.105422,0,0.0473607,0,0.292412,0.292409,3.80712,4.6142
F2,3,20000,3.818,0.5,5,0.298211,0.299439,0.0205614,0.0203954,-0.0205342,-0.0206588,0.141713,-0.0103988,0.142061,0.019657,0.00156724,0.00170205,0.00985271,0.00995384,0.0640641,0.0206256,0.0204624,0.00941605,0.00941593,4.1437E-07,9.1604E-08,0.0106099,0.0104128,1.67625E-07,0,5.97201E-05,0,0.298211,0.298211,3.80671,4.6142
B,3,20000,3.818,0.5,5,0.298013,0.299132,0.0207965,0.0201744,-0.0203667,-0.0208329,0.141763,-0.0104887,0.142046,0.0196584,0.00156716,0.00170332,0.00985358,0.00995431,0.0640747,0.02062,0.0204584,0.00941987,0.00942184,4.07627E-07,8.55133E-08,0.0106081,0.0104128,3.62093E-08,0,2.77563E-05,0,0.298012,0.298013,2.68577,4.6142
A,3,20000,3.818,0.79,0,0.29778,0.299286,0.0207108,0.0202427,-0.0204652,-0.0207237,0.14164,-0.0103978,0.142131,0.019657,0.00156724,0.00170205,0.00985271,0.00995384,0.0640936,0.0206109,0.0204478,0.0094164,0.00941648,4.15219E-07,9.18634E-08,0.0106102,0.0104128,0,0,0,0,0.297781,0.297781,3.81119,4.46422
F1,3,20000,3.818,0.79,0,0.29792,0.299149,0.0207094,0.0202445,-0.0204663,-0.0207219,0.141709,-0.0103975,0.142061,0.0196569,0.00156724,0.00170204,0.0098527,0.00995384,0.0640641,0.0206256,0.0204624,0.00941657,0.00941609,4.15077E-07,9.19194E-08,0.01061,0.0104128,3.54399E-06,0,0.000274598,0,0.29792,0.297921,3.80691,4.46422
F2,3,20000,3.818,0.79,0,0.298211,0.299439,0.0205614,0.0203954,-0.0205342,-0.0206588,0.141713,-0.0103987,0.142061,0.0196571,0.00156724,0.00170205,0.00985271,0.00995384,0.0640641,0.0206256,0.0204624,0.00941607,0.00941595,4.14296E-07,9.15681E-08,0.0106099,0.0104128,1.67624E-07,0,5.97199E-05,0,0.298211,0.298212,3.80692,4.46422
B,3,20000,3.818,0.79,0,0.297318,0.298504,0.0209621,0.0199764,-0.0202178,-0.0209531,0.141714,-0.0103581,0.142027,0.0196558,0.00156728,0.00170138,0.00985218,0.00995373,0.0640688,0.0206173,0.0204657,0.0094152,0.0094168,4.20358E-07,9.59786E-08,0.0106109,0.0104128,9.05425E-08,0,4.38912E-05,0,0.297318,0.297318,4.2522,4.46422
A,3,20000,3.818,0.79,1,0.297779,0.299287,0.0207111,0.0202427,-0.0204653,-0.0207239,0.14164,-0.0103973,0.142131,0.0196569,0.00156722,0.00170205,0.00985278,0.00995377,0.0640937,0.020611,0.0204475,0.00941637,0.00941645,4.15398E-07,9.19307E-08,0.0106102,0.0104128,0,0,0,0,0.297777,0.297779,3.80775,5.32828
F1,3,20000,3.818,0.79,1,0.322843,0.323889,0.0800882,-6.91286E-05,7.7072E-05,-0.0806509,0.140669,-0.00921662,0.142081,0.0195113,0.0015674,0.00170423,0.00983623,0.00995794,0.0640671,0.020606,0.0204777,0.038476,0.038476,2.8903E-06,1.23069E-06,0.0107709,0.0104128,0.154849,0,0.0573992,0,0.32286,0.322848,3.8005,5.32828
F2,3,20000,3.818,0.79,1,0.322843,0.323889,0.0800882,-6.91286E-05,7.7072E-05,-0.0806509,0.140669,-0.00921662,0.142081,0.0195113,0.0015674,0.00170423,0.00983623,0.00995794,0.0640671,0.020606,0.0204777,0.038476,0.038476,2.8903E-06,1.23069E-06,0.0107709,0.0104128,0.154849,0,0.0573992,0,0.32286,0.322848,3.8005,5.32828
B,3,20000,3.818,0.79,1,0.335976,0.336925,0.0902605,-4.80775E-05,7.00072E-05,-0.090965,0.140329,-0.00903584,0.14207,0.0194625,0.00156761,0.00170401,0.00982609,0.00996335,0.0640742,0.0205799,0.0204958,0.0479809,0.0480064,3.81361E-06,1.68236E-06,0.0108239,0.0104127,0.193088,0,0.0640957,0,0.336012,0.335979,4.24934,5.32828
A,3,20000,3.818,0.79,2,0.297779,0.299286,0.020711,0.0202426,-0.0204651,-0.0207238,0.14164,-0.0103973,0.142131,0.019657,0.00156723,0.00170205,0.00985276,0.00995379,0.0640937,0.0206109,0.0204476,0.00941638,0.00941646,4.15346E-07,9.19117E-08,0.0106102,0.0104128,0,0,0,0,0.297778,0.297779,3.81102,4.72394
F1,3,20000,3.818,0.79,2,0.322778,0.323755,0.0801615,-2.99664E-05,4.76246E-05,-0.0806892,0.140673,-0.00921651,0.14208,0.0195115,0.00156739,0.00170401,0.00983677,0.00995753,0.0640669,0.0206073,0.0204767,0.0384784,0.0384771,2.89179E-06,1.22433E-06,0.0107703,0.0104128,0.154864,0,0.057402,0,0.322792,0.322779,3.80036,4.72394
F2,3,20000,3.818,0.79,2,0.29821,0.299439,0.0205614,0.0203953,-0.0205343,-0.0206587,0.141713,-0.0103982,0.142062,0.019657,0.00156723,0.00170205,0.00985276,0.00995378,0.0640642,0.0206257,0.0204622,0.00941605,0.00941593,4.14424E-07,9.16163E-08,0.01061,0.0104128,1.67605E-07,0,5.97166E-05,0,0.298209,0.29821,3.80338,4.72394
B,3,20000,3.818,0.79,2,0.297318,0.298503,0.0209629,0.0199773,-0.0202183,-0.020953,0.141715,-0.0103585,0.142027,0.0196557,0.00156727,0.00170138,0.00985224,0.00995366,0.0640689,0.0206174,0.0204656,0.00941518,0.00941677,4.20517E-07,9.60414E-08,0.010611,0.0104128,9.05326E-08,0,4.38888E-05,0,0.297315,0.297318,4.24781,4.72394
A,3,20000,3.818,0.79,4,0.297779,0.299287,0.0207111,0.0202428,-0.0204653,-0.0207238,0.14164,-0.0103973,0.142131,0.019657,0.00156722,0.00170205,0.00985278,0.00995377,0.0640937,0.020611,0.0204475,0.00941638,0.00941646,4.15356E-07,9.19141E-08,0.0106102,0.0104128,0,0,0,0,0.297777,0.297779,3.80722,4.80883
F1,3,20000,3.818,0.79,4,0.29792,0.299149,0.0207096,0.0202449,-0.0204666,-0.020722,0.141709,-0.0103972,0.142062,0.0196569,0.00156722,0.00170204,0.00985278,0.00995376,0.0640642,0.0206257,0.0204622,0.00941655,0.00941606,4.15214E-07,9.19703E-08,0.0106101,0.0104128,3.54344E-06,0,0.000274577,0,0.297917,0.29792,3.80098,4.80883
F2,3,20000,3.818,0.79,4,0.29821,0.29944,0.0205615,0.0203954,-0.0205343,-0.0206588,0.141713,-0.0103983,0.142062,0.019657,0.00156722,0.00170205,0.00985279,0.00995376,0.0640642,0.0206257,0.0204622,0.00941605,0.00941593,4.14434E-07,9.16188E-08,0.01061,0.0104128,1.67597E-07,0,5.97152E-05,0,0.298208,0.29821,3.80098,4.80883
B,3,20000,3.818,0.79,4,0.336085,0.337038,0.0902691,-6.07273E-05,8.00258E-05,-0.0909751,0.140331,-0.00904853,0.14207,0.0194628,0.0015676,0.00170396,0.00982626,0.00996322,0.0640742,0.0205803,0.0204955,0.0479812,0.048007,3.81342E-06,1.68273E-06,0.0108239,0.0104127,0.193092,0,0.0640963,0,0.336121,0.336089,4.2497,4.80883
A,3,20000,3.818,0.79,5,0.29778,0.299286,0.0207109,0.0202428,-0.0204652,-0.0207237,0.14164,-0.0103977,0.142131,0.019657,0.00156724,0.00170205,0.0098527,0.00995385,0.0640936,0.0206109,0.0204478,0.00941638,0.00941647,4.15293E-07,9.18998E-08,0.0106102,0.0104128,0,0,0,0,0.29778,0.297781,3.81073,4.61396
F1,3,20000,3.818,0.79,5,0.292416,0.293127,0.0661627,-5.23011E-05,4.48832E-05,-0.0665989,0.140829,-0.00951382,0.14207,0.0195629,0.00156733,0.00170288,0.00984377,0.00995508,0.0640655,0.0206157,0.02047,0.0274407,0.0274233,1.90444E-06,7.43409E-07,0.0107078,0.0104128,0.105422,0,0.0473607,0,0.292412,0.292409,3.80713,4.61396
F2,3,20000,3.818,0.79,5,0.298211,0.299439,0.0205614,0.0203954,-0.0205342,-0.0206588,0.141713,-0.0103988,0.142061,0.019657,0.00156724,0.00170205,0.00985271,0.00995384,0.0640641,0.0206256,0.0204624,0.00941605,0.00941593,4.1437E-07,9.1604E-08,0.0106099,0.0104128,1.67625E-07,0,5.97201E-05,0,0.298211,0.298211,3.80671,4.61396
B,3,20000,3.818,0.79,5,0.297318,0.298503,0.0209622,0.0199763,-0.0202178,-0.0209531,0.141714,-0.0103581,0.142027,0.0196557,0.00156729,0.00170138,0.00985217,0.00995373,0.0640688,0.0206173,0.0204658,0.00941518,0.00941678,4.20453E-07,9.60233E-08,0.0106109,0.0104128,9.05433E-08,0,4.38914E-05,0,0.297317,0.297318,4.25253,4.61396
A,3,20000,3.818,1,0,0.297779,0.299285,0.0207114,0.020242,-0.0204645,-0.0207242,0.14164,-0.0103979,0.142131,0.019657,0.00156724,0.00170205,0.00985271,0.00995384,0.0640936,0.0206109,0.0204478,0.0094164,0.00941649,4.15211E-07,9.18654E-08,0.0106102,0.0104128,0,0,0,0,0.297779,0.297779,3.81175,4.46397
F1,3,20000,3.818,1,0,0.29792,0.299149,0.0207094,0.0202445,-0.0204663,-0.0207219,0.141709,-0.0103974,0.142062,0.0196569,0.00156723,0.00170204,0.00985271,0.00995383,0.0640641,0.0206256,0.0204624,0.00941657,0.00941609,4.15066E-07,9.19195E-08,0.01061,0.0104128,3.54395E-06,0,0.000274597,0,0.29792,0.297921,3.8071,4.46397
F2,3,20000,3.818,1,0,0.298211,0.299439,0.0205614,0.0203953,-0.0205342,-0.0206588,0.141713,-0.0103986,0.142061,0.0196571,0.00156723,0.00170205,0.00985272,0.00995383,0.0640641,0.0206256,0.0204623,0.00941607,0.00941595,4.14285E-07,9.15681E-08,0.0106099,0.0104128,1.67622E-07,0,5.97195E-05,0,0.298211,0.298211,3.80711,4.46397
B,3,20000,3.818,1,0,0.296594,0.297886,0.0210796,0.0198263,-0.0201058,-0.0210353,0.141653,-0.0102629,0.142019,0.0196531,0.00156743,0.00169941,0.00985006,0.00995382,0.0640655,0.0206117,0.0204733,0.00941047,0.0094115,4.33547E-07,1.06966E-07,0.0106139,0.0104127,1.45553E-07,0,5.56496E-05,0,0.296592,0.296593,5.39317,4.46397
A,3,20000,3.818,1,1,0.297778,0.299285,0.0207121,0.0202413,-0.020464,-0.0207249,0.14164,-0.010397,0.142131,0.0196569,0.00156724,0.00170205,0.00985272,0.00995383,0.0640937,0.0206109,0.0204477,0.00941636,0.00941645,4.154E-07,9.19457E-08,0.0106102,0.0104128,0,0,0,0,0.297776,0.297778,3.81259,5.53775
F1,3,20000,3.818,1,1,0.322747,0.32374,0.0802705,-8.07351E-05,8.14385E-05,-0.080801,0.140668,-0.00913537,0.142081,0.0195112,0.00156741,0.00170416,0.00983625,0.00995792,0.064067,0.0206061,0.0204777,0.0384742,0.0384759,2.90401E-06,1.23327E-06,0.0107709,0.0104128,0.154837,0,0.057416,0,0.322766,0.322751,3.80727,5.53775
F2,3,20000,3.818,1,1,0.322747,0.32374,0.0802705,-8.07351E-05,8.14385E-05,-0.080801,0.140668,-0.00913537,0.142081,0.0195112,0.00156741,0.00170416,0.00983625,0.00995792,0.064067,0.0206061,0.0204777,0.0384742,0.0384759,2.90401E-06,1.23327E-06,0.0107709,0.0104128,0.154837,0,0.057416,0,0.322766,0.322751,3.80727,5.53775
B,3,20000,3.818,1,1,0.355596,0.35636,0.11453,-0.000159831,0.000144112,-0.115581,0.138955,-0.00853324,0.14216,0.0193229,0.00156867,0.00170268,0.00977887,0.00999738,0.0640849,0.0204758,0.020586,0.0752696,0.0754116,6.72761E-06,3.1353E-06,0.0109634,0.0104127,0.309639,0,0.0811937,0,0.355629,0.355622,5.39386,5.53775
A,3,20000,3.818,1,2,0.297778,0.299285,0.0207117,0.0202418,-0.0204645,-0.0207243,0.14164,-0.0103973,0.142131,0.019657,0.00156723,0.00170205,0.00985276,0.00995379,0.0640937,0.0206109,0.0204476,0.00941638,0.00941646,4.1534E-07,9.19119E-08,0.0106102,0.0104128,0,0,0,0,0.297777,0.297778,3.81102,4.72369
F1,3,20000,3.818,1,2,0.322784,0.323772,0.080161,-2.93059E-05,4.72636E-05,-0.0806889,0.140674,-0.00921668,0.14208,0.0195115,0.00156739,0.00170401,0.00983677,0.00995753,0.0640669,0.0206073,0.0204767,0.0384782,0.0384771,2.89172E-06,1.22442E-06,0.0107703,0.0104128,0.154864,0,0.057402,0,0.322798,0.322786,3.80033,4.72369
F2,3,20000,3.818,1,2,0.29821,0.299439,0.0205615,0.0203953,-0.0205343,-0.0206588,0.141713,-0.0103982,0.142062,0.019657,0.00156723,0.00170205,0.00985276,0.00995378,0.0640642,0.0206257,0.0204622,0.00941605,0.00941593,4.14413E-07,9.16146E-08,0.01061,0.0104128,1.67605E-07,0,5.97166E-05,0,0.298209,0.29821,3.80338,4.72369
B,3,20000,3.818,1,2,0.296593,0.297886,0.0210802,0.0198275,-0.0201063,-0.0210345,0.141654,-0.0102634,0.142019,0.019653,0.00156742,0.00169941,0.00985012,0.00995376,0.0640655,0.0206118,0.0204732,0.00941043,0.00941145,4.33801E-07,1.0707E-07,0.010614,0.0104127,1.45539E-07,0,5.56468E-05,0,0.296589,0.296592,5.38833,4.72369
A,3,20000,3.818,1,4,0.297778,0.299285,0.0207121,0.0202415,-0.0204641,-0.0207246,0.14164,-0.0103971,0.142131,0.0196569,0.00156723,0.00170205,0.00985273,0.00995382,0.0640936,0.0206109,0.0204477,0.00941637,0.00941646,4.15369E-07,9.19285E-08,0.0106102,0.0104128,0,0,0,0,0.297778,0.297779,3.81259,5.0183
F1,3,20000,3.818,1,4,0.29792,0.299148,0.0207097,0.0202444,-0.0204663,-0.0207221,0.141709,-0.0103972,0.142062,0.0196569,0.00156723,0.00170204,0.00985273,0.00995381,0.0640642,0.0206256,0.0204623,0.00941654,0.00941606,4.15223E-07,9.19827E-08,0.01061,0.0104128,3.54303E-06,0,0.000274639,0,0.29792,0.29792,3.80713,5.0183
F2,3,20000,3.818,1,4,0.298211,0.299439,0.0205615,0.0203953,-0.0205342,-0.0206588,0.141713,-0.0103982,0.142062,0.019657,0.00156723,0.00170205,0.00985274,0.00995381,0.0640642,0.0206257,0.0204623,0.00941604,0.00941592,4.14442E-07,9.16312E-08,0.01061,0.0104128,1.67578E-07,0,5.97286E-05,0,0.29821,0.298211,3.80714,5.0183
B,3,20000,3.818,1,4,0.355672,0.356444,0.114527,-0.000168689,0.000154313,-0.115581,0.138964,-0.00853734,0.14216,0.0193235,0.00156865,0.00170256,0.00977916,0.00999734,0.0640848,0.0204765,0.0205857,0.0752708,0.0754107,6.74039E-06,3.14194E-06,0.0109636,0.0104127,0.309637,0,0.081191,0,0.355729,0.355641,5.39275,5.0183
A,3,20000,3.818,1,5,0.297779,0.299285,0.0207116,0.020242,-0.0204646,-0.0207243,0.14164,-0.0103977,0.142131,0.019657,0.00156724,0.00170205,0.0098527,0.00995385,0.0640936,0.0206109,0.0204478,0.00941638,0.00941647,4.15297E-07,9.19016E-08,0.0106102,0.0104128,0,0,0,0,0.297779,0.297779,3.81073,4.61371
F1,3,20000,3.818,1,5,0.292416,0.293128,0.0661628,-5.23232E-05,4.48776E-05,-0.066599,0.140829,-0.00951372,0.14207,0.0195629,0.00156733,0.00170288,0.00984377,0.00995508,0.0640655,0.0206157,0.02047,0.0274407,0.0274233,1.90444E-06,7.43412E-07,0.0107078,0.0104128,0.105422,0,0.0473607,0,0.292412,0.292409,3.80713,4.61371
F2,3,20000,3.818,1,5,0.298211,0.299439,0.0205614,0.0203954,-0.0205342,-0.0206588,0.141713,-0.0103988,0.142061,0.019657,0.00156724,0.00170205,0.00985271,0.00995384,0.0640641,0.0206256,0.0204624,0.00941605,0.00941593,4.1437E-07,9.1604E-08,0.0106099,0.0104128,1.67625E-07,0,5.97201E-05,0,0.298211,0.298211,3.80672,4.61371
B,3,20000,3.818,1,5,0.296593,0.297886,0.0210792,0.0198262,-0.0201059,-0.0210353,0.141653,-0.0102629,0.142019,0.019653,0.00156744,0.00169941,0.00985004,0.00995383,0.0640655,0.0206117,0.0204734,0.00941043,0.00941146,4.33736E-07,1.07036E-07,0.0106139,0.0104127,1.45556E-07,0,5.56501E-05,0,0.296592,0.296593,5.39437,4.61371
