warning, model type mismatch in line
    q121a nmiri nmiri nme1 ls350
warning, model type mismatch in line
    q121b nhi nmiri nme2 ls350

Note: No compatibility mode selected!


Circuit: tb_e4_uscite.cir - l13: e4 (zout) sulle tre uscite, nei tre modi, in ogni posizione di trim e attenuatore

Warning: Model issue on line 122 :
  .model lsk489a njf(beta=2.2m betatce=-.5 rd=11 rs=30 lambda=4.3m vto=-1. ...
unrecognized parameter (isr) - ignored
unrecognized parameter (alpha) - ignored
unrecognized parameter (vk) - ignored
unrecognized parameter (mj) - ignored

Note: Starting dynamic gmin stepping
Warning: Dynamic gmin stepping failed
Note: Starting true gmin stepping
Note: True gmin stepping completed
Note: Starting dynamic gmin stepping
Warning: Dynamic gmin stepping failed
Note: Starting true gmin stepping
Note: True gmin stepping completed
Note: Starting dynamic gmin stepping
Warning: Dynamic gmin stepping failed
Note: Starting true gmin stepping
Note: True gmin stepping completed
Note: Starting dynamic gmin stepping
Warning: Dynamic gmin stepping failed
Note: Starting true gmin stepping
Note: True gmin stepping completed
Note: Starting dynamic gmin stepping
Warning: Dynamic gmin stepping failed
Note: Starting true gmin stepping
Warning: True gmin stepping failed
Note: Starting source stepping
Note: Source stepping completed
Note: Starting dynamic gmin stepping
Warning: Dynamic gmin stepping failed
Note: Starting true gmin stepping
Warning: True gmin stepping failed
Note: Starting source stepping
Note: Source stepping completed
Doing analysis at TEMP = 27.000000 and TNOM = 27.000000

Using SPARSE 1.3 as Direct Linear Solver

No. of Data Rows : 81
g1k                 =  -1.40009e+02
GAIN trim=0 att=0 mode=0db
g1k = -1.40009e+02
Doing analysis at TEMP = 27.000000 and TNOM = 27.000000

Using SPARSE 1.3 as Direct Linear Solver

No. of Data Rows : 81
zrmax               =  6.00363e+01 at=  2.00000e+01
zr20                =  6.00363e+01
zr1k                =  4.70173e+01
zr20k               =  4.70120e+01
zm20                =  1.69338e+03
zm1k                =  5.79336e+01
zn1k                =  2.58199e-02
zn20k               =  2.68134e-01
CELL out=main trim=0 att=0 mode=0db
zrmax = 6.003632e+01
zr20 = 6.003632e+01
zr1k = 4.701726e+01
zr20k = 4.701201e+01
zm20 = 1.693378e+03
zm1k = 5.793360e+01
zn1k = 2.581991e-02
zn20k = 2.681338e-01
Doing analysis at TEMP = 27.000000 and TNOM = 27.000000

Using SPARSE 1.3 as Direct Linear Solver

No. of Data Rows : 81
zrmax               =  5.31177e+01 at=  2.00000e+01
zr20                =  5.31177e+01
zr1k                =  4.70198e+01
zr20k               =  4.70188e+01
zm20                =  1.69361e+03
zm1k                =  5.79402e+01
zn1k                =  2.58193e-02
zn20k               =  2.68017e-01
CELL out=fix1 trim=0 att=0 mode=0db
zrmax = 5.311775e+01
zr20 = 5.311775e+01
zr1k = 4.701984e+01
zr20k = 4.701883e+01
zm20 = 1.693610e+03
zm1k = 5.794019e+01
zn1k = 2.581931e-02
zn20k = 2.680166e-01
Doing analysis at TEMP = 27.000000 and TNOM = 27.000000

Using SPARSE 1.3 as Direct Linear Solver

No. of Data Rows : 81
zrmax               =  5.31177e+01 at=  2.00000e+01
zr20                =  5.31177e+01
zr1k                =  4.70198e+01
zr20k               =  4.70188e+01
zm20                =  1.69361e+03
zm1k                =  5.79402e+01
zn1k                =  2.58193e-02
zn20k               =  2.68017e-01
CELL out=fix2 trim=0 att=0 mode=0db
zrmax = 5.311775e+01
zr20 = 5.311775e+01
zr1k = 4.701984e+01
zr20k = 4.701883e+01
zm20 = 1.693610e+03
zm1k = 5.794019e+01
zn1k = 2.581931e-02
zn20k = 2.680166e-01
Doing analysis at TEMP = 27.000000 and TNOM = 27.000000

Using SPARSE 1.3 as Direct Linear Solver

No. of Data Rows : 81
g1k                 =  -1.36962e+02
GAIN trim=0 att=0 mode=3db
g1k = -1.36963e+02
Doing analysis at TEMP = 27.000000 and TNOM = 27.000000

Using SPARSE 1.3 as Direct Linear Solver
 Reference value :  2.00000e+01Note: Starting dynamic gmin stepping
Warning: Dynamic gmin stepping failed
Note: Starting true gmin stepping
Warning: True gmin stepping failed
Note: Starting source stepping
Note: Source stepping completed
Note: Starting dynamic gmin stepping
Warning: Dynamic gmin stepping failed
Note: Starting true gmin stepping
Warning: True gmin stepping failed
Note: Starting source stepping
Note: Source stepping completed
Note: Starting dynamic gmin stepping
Warning: Dynamic gmin stepping failed
Note: Starting true gmin stepping
Warning: True gmin stepping failed
Note: Starting source stepping
Note: Source stepping completed
Note: Starting dynamic gmin stepping
Warning: Dynamic gmin stepping failed
Note: Starting true gmin stepping
Warning: True gmin stepping failed
Note: Starting source stepping
Note: Source stepping completed
Note: Starting dynamic gmin stepping
Warning: Dynamic gmin stepping failed
Note: Starting true gmin stepping
Warning: True gmin stepping failed
Note: Starting source stepping
Note: Source stepping completed
Note: Starting dynamic gmin stepping
Warning: Dynamic gmin stepping failed
Note: Starting true gmin stepping
Warning: True gmin stepping failed
Note: Starting source stepping
Note: Source stepping completed

No. of Data Rows : 81
zrmax               =  6.00456e+01 at=  2.00000e+01
zr20                =  6.00456e+01
zr1k                =  4.70266e+01
zr20k               =  4.70329e+01
zm20                =  1.69338e+03
zm1k                =  5.79379e+01
zn1k                =  3.66645e-02
zn20k               =  3.79981e-01
CELL out=main trim=0 att=0 mode=3db
zrmax = 6.004559e+01
zr20 = 6.004559e+01
zr1k = 4.702657e+01
zr20k = 4.703295e+01
zm20 = 1.693378e+03
zm1k = 5.793791e+01
zn1k = 3.666452e-02
zn20k = 3.799808e-01
Doing analysis at TEMP = 27.000000 and TNOM = 27.000000

Using SPARSE 1.3 as Direct Linear Solver

No. of Data Rows : 81
zrmax               =  5.31177e+01 at=  2.00000e+01
zr20                =  5.31177e+01
zr1k                =  4.70198e+01
zr20k               =  4.70188e+01
zm20                =  1.69361e+03
zm1k                =  5.79402e+01
zn1k                =  2.58193e-02
zn20k               =  2.68016e-01
CELL out=fix1 trim=0 att=0 mode=3db
zrmax = 5.311775e+01
zr20 = 5.311775e+01
zr1k = 4.701984e+01
zr20k = 4.701883e+01
zm20 = 1.693610e+03
zm1k = 5.794019e+01
zn1k = 2.581929e-02
zn20k = 2.680164e-01
Doing analysis at TEMP = 27.000000 and TNOM = 27.000000

Using SPARSE 1.3 as Direct Linear Solver

No. of Data Rows : 81
zrmax               =  5.31177e+01 at=  2.00000e+01
zr20                =  5.31177e+01
zr1k                =  4.70198e+01
zr20k               =  4.70188e+01
zm20                =  1.69361e+03
zm1k                =  5.79402e+01
zn1k                =  2.58193e-02
zn20k               =  2.68016e-01
CELL out=fix2 trim=0 att=0 mode=3db
zrmax = 5.311775e+01
zr20 = 5.311775e+01
zr1k = 4.701984e+01
zr20k = 4.701883e+01
zm20 = 1.693610e+03
zm1k = 5.794019e+01
zn1k = 2.581929e-02
zn20k = 2.680164e-01
Doing analysis at TEMP = 27.000000 and TNOM = 27.000000

Using SPARSE 1.3 as Direct Linear Solver

No. of Data Rows : 81
g1k                 =  -1.30039e+02
GAIN trim=0 att=0 mode=10db
g1k = -1.30039e+02
Doing analysis at TEMP = 27.000000 and TNOM = 27.000000

Using SPARSE 1.3 as Direct Linear Solver

No. of Data Rows : 81
zrmax               =  6.00838e+01 at=  2.00000e+01
zr20                =  6.00838e+01
zr1k                =  4.70650e+01
zr20k               =  4.71371e+01
zm20                =  1.69338e+03
zm1k                =  5.79557e+01
zn1k                =  8.13447e-02
zn20k               =  8.39161e-01
CELL out=main trim=0 att=0 mode=10db
zrmax = 6.008382e+01
zr20 = 6.008382e+01
zr1k = 4.706496e+01
zr20k = 4.713715e+01
zm20 = 1.693378e+03
zm1k = 5.795574e+01
zn1k = 8.134471e-02
zn20k = 8.391610e-01
Doing analysis at TEMP = 27.000000 and TNOM = 27.000000

Using SPARSE 1.3 as Direct Linear Solver

No. of Data Rows : 81
zrmax               =  5.31177e+01 at=  2.00000e+01
zr20                =  5.31177e+01
zr1k                =  4.70198e+01
zr20k               =  4.70188e+01
zm20                =  1.69361e+03
zm1k                =  5.79402e+01
zn1k                =  2.58193e-02
zn20k               =  2.68017e-01
CELL out=fix1 trim=0 att=0 mode=10db
zrmax = 5.311775e+01
zr20 = 5.311775e+01
zr1k = 4.701984e+01
zr20k = 4.701883e+01
zm20 = 1.693610e+03
zm1k = 5.794019e+01
zn1k = 2.581933e-02
zn20k = 2.680169e-01
Doing analysis at TEMP = 27.000000 and TNOM = 27.000000

Using SPARSE 1.3 as Direct Linear Solver
 Reference value :  2.00000e+01Note: Starting dynamic gmin stepping
Warning: Dynamic gmin stepping failed
Note: Starting true gmin stepping
Warning: True gmin stepping failed
Note: Starting source stepping
Note: Source stepping completed
Note: Starting dynamic gmin stepping
Warning: Dynamic gmin stepping failed
Note: Starting true gmin stepping
Warning: True gmin stepping failed
Note: Starting source stepping
Note: Source stepping completed
Note: Starting dynamic gmin stepping
Warning: Dynamic gmin stepping failed
Note: Starting true gmin stepping
Warning: True gmin stepping failed
Note: Starting source stepping
Note: Source stepping completed
Note: Starting dynamic gmin stepping
Warning: Dynamic gmin stepping failed
Note: Starting true gmin stepping
Warning: True gmin stepping failed
Note: Starting source stepping
Note: Source stepping completed
Note: Starting dynamic gmin stepping
Warning: Dynamic gmin stepping failed
Note: Starting true gmin stepping
Warning: True gmin stepping failed
Note: Starting source stepping
Note: Source stepping completed
Note: Starting dynamic gmin stepping
Warning: Dynamic gmin stepping failed
Note: Starting true gmin stepping
Warning: True gmin stepping failed
Note: Starting source stepping
Note: Source stepping completed

No. of Data Rows : 81
zrmax               =  5.31177e+01 at=  2.00000e+01
zr20                =  5.31177e+01
zr1k                =  4.70198e+01
zr20k               =  4.70188e+01
zm20                =  1.69361e+03
zm1k                =  5.79402e+01
zn1k                =  2.58193e-02
zn20k               =  2.68017e-01
CELL out=fix2 trim=0 att=0 mode=10db
zrmax = 5.311775e+01
zr20 = 5.311775e+01
zr1k = 4.701984e+01
zr20k = 4.701883e+01
zm20 = 1.693610e+03
zm1k = 5.794019e+01
zn1k = 2.581933e-02
zn20k = 2.680169e-01
Doing analysis at TEMP = 27.000000 and TNOM = 27.000000

Using SPARSE 1.3 as Direct Linear Solver

No. of Data Rows : 81
g1k                 =  -1.20661e+01
GAIN trim=0 att=25 mode=0db
g1k = -1.20661e+01
Doing analysis at TEMP = 27.000000 and TNOM = 27.000000

Using SPARSE 1.3 as Direct Linear Solver

No. of Data Rows : 81
zrmax               =  6.00363e+01 at=  2.00000e+01
zr20                =  6.00363e+01
zr1k                =  4.70173e+01
zr20k               =  4.70120e+01
zm20                =  1.69338e+03
zm1k                =  5.79336e+01
zn1k                =  2.58190e-02
zn20k               =  2.68133e-01
CELL out=main trim=0 att=25 mode=0db
zrmax = 6.003632e+01
zr20 = 6.003632e+01
zr1k = 4.701726e+01
zr20k = 4.701195e+01
zm20 = 1.693378e+03
zm1k = 5.793360e+01
zn1k = 2.581904e-02
zn20k = 2.681325e-01
Doing analysis at TEMP = 27.000000 and TNOM = 27.000000

Using SPARSE 1.3 as Direct Linear Solver

No. of Data Rows : 81
zrmax               =  5.31177e+01 at=  2.00000e+01
zr20                =  5.31177e+01
zr1k                =  4.70198e+01
zr20k               =  4.70188e+01
zm20                =  1.69361e+03
zm1k                =  5.79402e+01
zn1k                =  2.58193e-02
zn20k               =  2.68017e-01
CELL out=fix1 trim=0 att=25 mode=0db
zrmax = 5.311775e+01
zr20 = 5.311775e+01
zr1k = 4.701984e+01
zr20k = 4.701883e+01
zm20 = 1.693610e+03
zm1k = 5.794019e+01
zn1k = 2.581932e-02
zn20k = 2.680166e-01
Doing analysis at TEMP = 27.000000 and TNOM = 27.000000

Using SPARSE 1.3 as Direct Linear Solver

No. of Data Rows : 81
zrmax               =  5.31177e+01 at=  2.00000e+01
zr20                =  5.31177e+01
zr1k                =  4.70198e+01
zr20k               =  4.70188e+01
zm20                =  1.69361e+03
zm1k                =  5.79402e+01
zn1k                =  2.58193e-02
zn20k               =  2.68017e-01
CELL out=fix2 trim=0 att=25 mode=0db
zrmax = 5.311775e+01
zr20 = 5.311775e+01
zr1k = 4.701984e+01
zr20k = 4.701883e+01
zm20 = 1.693610e+03
zm1k = 5.794019e+01
zn1k = 2.581932e-02
zn20k = 2.680166e-01
Doing analysis at TEMP = 27.000000 and TNOM = 27.000000

Using SPARSE 1.3 as Direct Linear Solver

No. of Data Rows : 81
g1k                 =  -9.01992e+00
GAIN trim=0 att=25 mode=3db
g1k = -9.01993e+00
Doing analysis at TEMP = 27.000000 and TNOM = 27.000000

Using SPARSE 1.3 as Direct Linear Solver
 Reference value :  2.00000e+01Note: Starting dynamic gmin stepping
Warning: Dynamic gmin stepping failed
Note: Starting true gmin stepping
Warning: True gmin stepping failed
Note: Starting source stepping
Note: Source stepping completed
Note: Starting dynamic gmin stepping
Warning: Dynamic gmin stepping failed
Note: Starting true gmin stepping
Warning: True gmin stepping failed
Note: Starting source stepping
Note: Source stepping completed
Note: Starting dynamic gmin stepping
Note: Dynamic gmin stepping completed
Note: Starting dynamic gmin stepping
Note: Dynamic gmin stepping completed
Note: Starting dynamic gmin stepping
Note: Dynamic gmin stepping completed
Note: Starting dynamic gmin stepping
Note: Dynamic gmin stepping completed

No. of Data Rows : 81
zrmax               =  6.00456e+01 at=  2.00000e+01
zr20                =  6.00456e+01
zr1k                =  4.70266e+01
zr20k               =  4.70329e+01
zm20                =  1.69338e+03
zm1k                =  5.79379e+01
zn1k                =  3.66630e-02
zn20k               =  3.79980e-01
CELL out=main trim=0 att=25 mode=3db
zrmax = 6.004559e+01
zr20 = 6.004559e+01
zr1k = 4.702657e+01
zr20k = 4.703287e+01
zm20 = 1.693378e+03
zm1k = 5.793790e+01
zn1k = 3.666296e-02
zn20k = 3.799801e-01
Doing analysis at TEMP = 27.000000 and TNOM = 27.000000

Using SPARSE 1.3 as Direct Linear Solver

No. of Data Rows : 81
zrmax               =  5.31177e+01 at=  2.00000e+01
zr20                =  5.31177e+01
zr1k                =  4.70198e+01
zr20k               =  4.70188e+01
zm20                =  1.69361e+03
zm1k                =  5.79402e+01
zn1k                =  2.58193e-02
zn20k               =  2.68017e-01
CELL out=fix1 trim=0 att=25 mode=3db
zrmax = 5.311775e+01
zr20 = 5.311775e+01
zr1k = 4.701984e+01
zr20k = 4.701883e+01
zm20 = 1.693610e+03
zm1k = 5.794019e+01
zn1k = 2.581933e-02
zn20k = 2.680169e-01
Doing analysis at TEMP = 27.000000 and TNOM = 27.000000

Using SPARSE 1.3 as Direct Linear Solver

No. of Data Rows : 81
zrmax               =  5.31177e+01 at=  2.00000e+01
zr20                =  5.31177e+01
zr1k                =  4.70198e+01
zr20k               =  4.70188e+01
zm20                =  1.69361e+03
zm1k                =  5.79402e+01
zn1k                =  2.58193e-02
zn20k               =  2.68017e-01
CELL out=fix2 trim=0 att=25 mode=3db
zrmax = 5.311775e+01
zr20 = 5.311775e+01
zr1k = 4.701984e+01
zr20k = 4.701883e+01
zm20 = 1.693610e+03
zm1k = 5.794019e+01
zn1k = 2.581933e-02
zn20k = 2.680169e-01
Doing analysis at TEMP = 27.000000 and TNOM = 27.000000

Using SPARSE 1.3 as Direct Linear Solver

No. of Data Rows : 81
g1k                 =  -2.09681e+00
GAIN trim=0 att=25 mode=10db
g1k = -2.09681e+00
Doing analysis at TEMP = 27.000000 and TNOM = 27.000000

Using SPARSE 1.3 as Direct Linear Solver

No. of Data Rows : 81
zrmax               =  6.00838e+01 at=  2.00000e+01
zr20                =  6.00838e+01
zr1k                =  4.70649e+01
zr20k               =  4.71370e+01
zm20                =  1.69338e+03
zm1k                =  5.79557e+01
zn1k                =  8.13378e-02
zn20k               =  8.39161e-01
CELL out=main trim=0 att=25 mode=10db
zrmax = 6.008381e+01
zr20 = 6.008381e+01
zr1k = 4.706495e+01
zr20k = 4.713697e+01
zm20 = 1.693378e+03
zm1k = 5.795573e+01
zn1k = 8.133777e-02
zn20k = 8.391610e-01
Doing analysis at TEMP = 27.000000 and TNOM = 27.000000

Using SPARSE 1.3 as Direct Linear Solver

No. of Data Rows : 81
zrmax               =  5.31177e+01 at=  2.00000e+01
zr20                =  5.31177e+01
zr1k                =  4.70198e+01
zr20k               =  4.70188e+01
zm20                =  1.69361e+03
zm1k                =  5.79402e+01
zn1k                =  2.58193e-02
zn20k               =  2.68017e-01
CELL out=fix1 trim=0 att=25 mode=10db
zrmax = 5.311775e+01
zr20 = 5.311775e+01
zr1k = 4.701984e+01
zr20k = 4.701883e+01
zm20 = 1.693610e+03
zm1k = 5.794019e+01
zn1k = 2.581931e-02
zn20k = 2.680166e-01
Doing analysis at TEMP = 27.000000 and TNOM = 27.000000

Using SPARSE 1.3 as Direct Linear Solver

No. of Data Rows : 81
zrmax               =  5.31177e+01 at=  2.00000e+01
zr20                =  5.31177e+01
zr1k                =  4.70198e+01
zr20k               =  4.70188e+01
zm20                =  1.69361e+03
zm1k                =  5.79402e+01
zn1k                =  2.58193e-02
zn20k               =  2.68017e-01
CELL out=fix2 trim=0 att=25 mode=10db
zrmax = 5.311775e+01
zr20 = 5.311775e+01
zr1k = 4.701984e+01
zr20k = 4.701883e+01
zm20 = 1.693610e+03
zm1k = 5.794019e+01
zn1k = 2.581931e-02
zn20k = 2.680166e-01
Doing analysis at TEMP = 27.000000 and TNOM = 27.000000

Using SPARSE 1.3 as Direct Linear Solver

No. of Data Rows : 81
g1k                 =  -6.05093e+00
GAIN trim=0 att=50 mode=0db
g1k = -6.05093e+00
Doing analysis at TEMP = 27.000000 and TNOM = 27.000000

Using SPARSE 1.3 Note: Starting dynamic gmin stepping
Warning: Dynamic gmin stepping failed
Note: Starting true gmin stepping
Warning: True gmin stepping failed
Note: Starting source stepping
Note: Source stepping completed
as Direct Linear Solver

No. of Data Rows : 81
zrmax               =  6.00363e+01 at=  2.00000e+01
zr20                =  6.00363e+01
zr1k                =  4.70173e+01
zr20k               =  4.70119e+01
zm20                =  1.69338e+03
zm1k                =  5.79336e+01
zn1k                =  2.58182e-02
zn20k               =  2.68130e-01
CELL out=main trim=0 att=50 mode=0db
zrmax = 6.003631e+01
zr20 = 6.003631e+01
zr1k = 4.701726e+01
zr20k = 4.701193e+01
zm20 = 1.693378e+03
zm1k = 5.793360e+01
zn1k = 2.581816e-02
zn20k = 2.681303e-01
Doing analysis at TEMP = 27.000000 and TNOM = 27.000000

Using SPARSE 1.3 as Direct Linear Solver

No. of Data Rows : 81
zrmax               =  5.31177e+01 at=  2.00000e+01
zr20                =  5.31177e+01
zr1k                =  4.70198e+01
zr20k               =  4.70188e+01
zm20                =  1.69361e+03
zm1k                =  5.79402e+01
zn1k                =  2.58193e-02
zn20k               =  2.68017e-01
CELL out=fix1 trim=0 att=50 mode=0db
zrmax = 5.311775e+01
zr20 = 5.311775e+01
zr1k = 4.701984e+01
zr20k = 4.701883e+01
zm20 = 1.693610e+03
zm1k = 5.794019e+01
zn1k = 2.581931e-02
zn20k = 2.680166e-01
Doing analysis at TEMP = 27.000000 and TNOM = 27.000000

Using SPARSE 1.3 as Direct Linear Solver

No. of Data Rows : 81
zrmax               =  5.31177e+01 at=  2.00000e+01
zr20                =  5.31177e+01
zr1k                =  4.70198e+01
zr20k               =  4.70188e+01
zm20                =  1.69361e+03
zm1k                =  5.79402e+01
zn1k                =  2.58193e-02
zn20k               =  2.68017e-01
CELL out=fix2 trim=0 att=50 mode=0db
zrmax = 5.311775e+01
zr20 = 5.311775e+01
zr1k = 4.701984e+01
zr20k = 4.701883e+01
zm20 = 1.693610e+03
zm1k = 5.794019e+01
zn1k = 2.581931e-02
zn20k = 2.680166e-01
Doing analysis at TEMP = 27.000000 and TNOM = 27.000000

Using SPARSE 1.3 as Direct Linear Solver

No. of Data Rows : 81
g1k                 =  -3.00474e+00
GAIN trim=0 att=50 mode=3db
g1k = -3.00474e+00
Doing analysis at TEMP = 27.000000 and TNOM = 27.000000

Using SPARSE 1.3 as Direct Linear Solver

No. of Data Rows : 81
zrmax               =  6.00456e+01 at=  2.00000e+01
zr20                =  6.00456e+01
zr1k                =  4.70266e+01
zr20k               =  4.70328e+01
zm20                =  1.69338e+03
zm1k                =  5.79379e+01
zn1k                =  3.66613e-02
zn20k               =  3.79977e-01
CELL out=main trim=0 att=50 mode=3db
zrmax = 6.004559e+01
zr20 = 6.004559e+01
zr1k = 4.702656e+01
zr20k = 4.703284e+01
zm20 = 1.693378e+03
zm1k = 5.793790e+01
zn1k = 3.666132e-02
zn20k = 3.799765e-01
Doing analysis at TEMP = 27.000000 and TNOM = 27.000000

Using SPARSE 1.3 as Direct Linear Solver

No. of Data Rows : 81
zrmax               =  5.31177e+01 at=  2.00000e+01
zr20                =  5.31177e+01
zr1k                =  4.70198e+01
zr20k               =  4.70188e+01
zm20                =  1.69361e+03
zm1k                =  5.79402e+01
zn1k                =  2.58193e-02
zn20k               =  2.68017e-01
CELL out=fix1 trim=0 att=50 mode=3db
zrmax = 5.311775e+01
zr20 = 5.311775e+01
zr1k = 4.701984e+01
zr20k = 4.701883e+01
zm20 = 1.693610e+03
zm1k = 5.794019e+01
zn1k = 2.581931e-02
zn20k = 2.680166e-01
Doing analysis at TEMP = 27.000000 and TNOM = 27.000000

Using SPARSE 1.3 as Direct Linear Solver

No. of Data Rows : 81
zrmax               =  5.31177e+01 at=  2.00000e+01
zr20                =  5.31177e+01
zr1k                =  4.70198e+01
zr20k               =  4.70188e+01
zm20                =  1.69361e+03
zm1k                =  5.79402e+01
zn1k                =  2.58193e-02
zn20k               =  2.68017e-01
CELL out=fix2 trim=0 att=50 mode=3db
zrmax = 5.311775e+01
zr20 = 5.311775e+01
zr1k = 4.701984e+01
zr20k = 4.701883e+01
zm20 = 1.693610e+03
zm1k = 5.794019e+01
zn1k = 2.581931e-02
zn20k = 2.680166e-01
Doing analysis at TEMP = 27.000000 and TNOM = 27.000000

Using SPARSE 1.3 as Direct Linear Solver

No. of Data Rows : 81
g1k                 =  3.91838e+00
GAIN trim=0 att=50 mode=10db
g1k = 3.918376e+00
Doing analysis at TEMP = 27.000000 and TNOM = 27.00000Note: Starting dynamic gmin stepping
Warning: Dynamic gmin stepping failed
Note: Starting true gmin stepping
Warning: True gmin stepping failed
Note: Starting source stepping
Note: Source stepping completed
0

Using SPARSE 1.3 as Direct Linear Solver
 Reference value :  2.00000e+01Note: Starting dynamic gmin stepping
Warning: Dynamic gmin stepping failed
Note: Starting true gmin stepping
Warning: True gmin stepping failed
Note: Starting source stepping
Note: Source stepping completed
Note: Starting dynamic gmin stepping
Warning: Dynamic gmin stepping failed
Note: Starting true gmin stepping
Warning: True gmin stepping failed
Note: Starting source stepping
Note: Source stepping completed
Note: Starting dynamic gmin stepping
Warning: Dynamic gmin stepping failed
Note: Starting true gmin stepping
Warning: True gmin stepping failed
Note: Starting source stepping
Note: Source stepping completed
Note: Starting dynamic gmin stepping
Warning: Dynamic gmin stepping failed
Note: Starting true gmin stepping
Warning: True gmin stepping failed
Note: Starting source stepping
Note: Source stepping completed
Note: Starting dynamic gmin stepping
Warning: Dynamic gmin stepping failed
Note: Starting true gmin stepping
Warning: True gmin stepping failed
Note: Starting source stepping
Note: Source stepping completed
Note: Starting dynamic gmin stepping
Warning: Dynamic gmin stepping failed
Note: Starting true gmin stepping
Warning: True gmin stepping failed
Note: Starting source stepping
Note: Source stepping completed
Note: Starting dynamic gmin stepping
Warning: Dynamic gmin stepping failed
Note: Starting true gmin stepping
Warning: True gmin stepping failed
Note: Starting source stepping
Note: Source stepping completed

No. of Data Rows : 81
zrmax               =  6.00838e+01 at=  2.00000e+01
zr20                =  6.00838e+01
zr1k                =  4.70649e+01
zr20k               =  4.71369e+01
zm20                =  1.69338e+03
zm1k                =  5.79557e+01
zn1k                =  8.13310e-02
zn20k               =  8.39155e-01
CELL out=main trim=0 att=50 mode=10db
zrmax = 6.008380e+01
zr20 = 6.008380e+01
zr1k = 4.706494e+01
zr20k = 4.713691e+01
zm20 = 1.693378e+03
zm1k = 5.795573e+01
zn1k = 8.133099e-02
zn20k = 8.391549e-01
Doing analysis at TEMP = 27.000000 and TNOM = 27.000000

Using SPARSE 1.3 as Direct Linear Solver

No. of Data Rows : 81
zrmax               =  5.31177e+01 at=  2.00000e+01
zr20                =  5.31177e+01
zr1k                =  4.70198e+01
zr20k               =  4.70188e+01
zm20                =  1.69361e+03
zm1k                =  5.79402e+01
zn1k                =  2.58193e-02
zn20k               =  2.68017e-01
CELL out=fix1 trim=0 att=50 mode=10db
zrmax = 5.311775e+01
zr20 = 5.311775e+01
zr1k = 4.701984e+01
zr20k = 4.701883e+01
zm20 = 1.693610e+03
zm1k = 5.794019e+01
zn1k = 2.581932e-02
zn20k = 2.680166e-01
Doing analysis at TEMP = 27.000000 and TNOM = 27.000000

Using SPARSE 1.3 as Direct Linear Solver

No. of Data Rows : 81
zrmax               =  5.31177e+01 at=  2.00000e+01
zr20                =  5.31177e+01
zr1k                =  4.70198e+01
zr20k               =  4.70188e+01
zm20                =  1.69361e+03
zm1k                =  5.79402e+01
zn1k                =  2.58193e-02
zn20k               =  2.68017e-01
CELL out=fix2 trim=0 att=50 mode=10db
zrmax = 5.311775e+01
zr20 = 5.311775e+01
zr1k = 4.701984e+01
zr20k = 4.701883e+01
zm20 = 1.693610e+03
zm1k = 5.794019e+01
zn1k = 2.581932e-02
zn20k = 2.680166e-01
Doing analysis at TEMP = 27.000000 and TNOM = 27.000000

Using SPARSE 1.3 as Direct Linear Solver

No. of Data Rows : 81
g1k                 =  -2.52369e+00
GAIN trim=0 att=75 mode=0db
g1k = -2.52369e+00
Doing analysis at TEMP = 27.000000 and TNOM = 27.000000

Using SPARSE 1.3 as Direct Linear Solver

No. of Data Rows : 81
zrmax               =  6.00363e+01 at=  2.00000e+01
zr20                =  6.00363e+01
zr1k                =  4.70173e+01
zr20k               =  4.70120e+01
zm20                =  1.69338e+03
zm1k                =  5.79336e+01
zn1k                =  2.58173e-02
zn20k               =  2.68127e-01
CELL out=main trim=0 att=75 mode=0db
zrmax = 6.003631e+01
zr20 = 6.003631e+01
zr1k = 4.701726e+01
zr20k = 4.701195e+01
zm20 = 1.693378e+03
zm1k = 5.793360e+01
zn1k = 2.581729e-02
zn20k = 2.681274e-01
Doing analysis at TEMP = 27.000000 and TNOM = 27.000000

Using SPARSE 1.3 as Direct Linear Solver

No. of Data Rows : 81
zrmax               =  5.31177e+01 at=  2.00000e+01
zr20                =  5.31177e+01
zr1k                =  4.70198e+01
zr20k               =  4.70188e+01
zm20                =  1.69361e+03
zm1k                =  5.79402e+01
zn1k                =  2.58193e-02
zn20k               =  2.68017e-01
CELL out=fix1 trim=0 att=75 mode=0db
zrmax = 5.311775e+01
zr20 = 5.311775e+01
zr1k = 4.701984e+01
zr20k = 4.701883e+01
zm20 = 1.693610e+03
zm1k = 5.794019e+01
zn1k = 2.581932e-02
zn20k = 2.680167e-01
Doing analysis at TEMP = 27.000000 and TNOM = 27.000000

Using SPARSE 1.3 as Direct Linear Solver

No. of Data Rows : 81
zrmax               =  5.31177e+01 at=  2.00000e+01
zr20                =  5.31177e+01
zr1k                =  4.70198e+01
zr20k               =  4.70188e+01
zm20                =  1.69361e+03
zm1k                =  5.79402e+01
zn1k                =  2.58193e-02
zn20k               =  2.68017e-01
CELL out=fix2 trim=0 att=75 mode=0db
zrmax = 5.311775e+01
zr20 = 5.311775e+01
zr1k = 4.701984e+01
zr20k = 4.701883e+01
zm20 = 1.693610e+03
zm1k = 5.794019e+01
zn1k = 2.581932e-02
zn20k = 2.680167e-01
Doing analysis at TEMP = 27.000000 and TNOM = 27.000000

Using SPARSE 1.3 as Direct Linear Solver
 Reference value :  6.32456e+03Note: Starting dynamic gmin stepping
Warning: Dynamic gmin stepping failed
Note: Starting true gmin stepping
Warning: True gmin stepping failed
Note: Starting source stepping
Note: Source stepping completed
Note: Starting dynamic gmin stepping
Warning: Dynamic gmin stepping failed
Note: Starting true gmin stepping
Warning: True gmin stepping failed
Note: Starting source stepping
Note: Source stepping completed
Note: Starting dynamic gmin stepping
Warning: Dynamic gmin stepping failed
Note: Starting true gmin stepping
Warning: True gmin stepping failed
Note: Starting source stepping
Note: Source stepping completed
Note: Starting dynamic gmin stepping
Warning: Dynamic gmin stepping failed
Note: Starting true gmin stepping
Warning: True gmin stepping failed
Note: Starting source stepping
Note: Source stepping completed
Note: Starting dynamic gmin stepping
Warning: Dynamic gmin stepping failed
Note: Starting true gmin stepping
Warning: True gmin stepping failed
Note: Starting source stepping
Note: Source stepping completed
Note: Starting dynamic gmin stepping
Warning: Dynamic gmin stepping failed
Note: Starting true gmin stepping
Warning: True gmin stepping failed
Note: Starting source stepping
Note: Source stepping completed
Note: Starting dynamic gmin stepping
Warning: Dynamic gmin stepping failed
Note: Starting true gmin stepping
Warning: True gmin stepping failed
Note: Starting source stepping
Note: Source stepping completed

No. of Data Rows : 81
g1k                 =  5.22500e-01
GAIN trim=0 att=75 mode=3db
g1k = 5.224997e-01
Doing analysis at TEMP = 27.000000 and TNOM = 27.000000

Using SPARSE 1.3 as Direct Linear Solver

No. of Data Rows : 81
zrmax               =  6.00456e+01 at=  2.00000e+01
zr20                =  6.00456e+01
zr1k                =  4.70266e+01
zr20k               =  4.70329e+01
zm20                =  1.69338e+03
zm1k                =  5.79379e+01
zn1k                =  3.66597e-02
zn20k               =  3.79972e-01
CELL out=main trim=0 att=75 mode=3db
zrmax = 6.004559e+01
zr20 = 6.004559e+01
zr1k = 4.702656e+01
zr20k = 4.703286e+01
zm20 = 1.693378e+03
zm1k = 5.793790e+01
zn1k = 3.665969e-02
zn20k = 3.799716e-01
Doing analysis at TEMP = 27.000000 and TNOM = 27.000000

Using SPARSE 1.3 as Direct Linear Solver

No. of Data Rows : 81
zrmax               =  5.31177e+01 at=  2.00000e+01
zr20                =  5.31177e+01
zr1k                =  4.70198e+01
zr20k               =  4.70188e+01
zm20                =  1.69361e+03
zm1k                =  5.79402e+01
zn1k                =  2.58193e-02
zn20k               =  2.68016e-01
CELL out=fix1 trim=0 att=75 mode=3db
zrmax = 5.311775e+01
zr20 = 5.311775e+01
zr1k = 4.701984e+01
zr20k = 4.701883e+01
zm20 = 1.693610e+03
zm1k = 5.794019e+01
zn1k = 2.581929e-02
zn20k = 2.680164e-01
Doing analysis at TEMP = 27.000000 and TNOM = 27.000000

Using SPARSE 1.3 as Direct Linear Solver

No. of Data Rows : 81
zrmax               =  5.31177e+01 at=  2.00000e+01
zr20                =  5.31177e+01
zr1k                =  4.70198e+01
zr20k               =  4.70188e+01
zm20                =  1.69361e+03
zm1k                =  5.79402e+01
zn1k                =  2.58193e-02
zn20k               =  2.68016e-01
CELL out=fix2 trim=0 att=75 mode=3db
zrmax = 5.311775e+01
zr20 = 5.311775e+01
zr1k = 4.701984e+01
zr20k = 4.701883e+01
zm20 = 1.693610e+03
zm1k = 5.794019e+01
zn1k = 2.581929e-02
zn20k = 2.680164e-01
Doing analysis at TEMP = 27.000000 and TNOM = 27.000000

Using SPARSE 1.3 as Direct Linear Solver

No. of Data Rows : 81
g1k                 =  7.44562e+00
GAIN trim=0 att=75 mode=10db
g1k = 7.445618e+00
Doing analysis at TEMP = 27.000000 and TNOM = 27.000000

Using SPARSE 1.3 as Direct Linear Solver

No. of Data Rows : 81
zrmax               =  6.00838e+01 at=  2.00000e+01
zr20                =  6.00838e+01
zr1k                =  4.70649e+01
zr20k               =  4.71370e+01
zm20                =  1.69338e+03
zm1k                =  5.79557e+01
zn1k                =  8.13242e-02
zn20k               =  8.39140e-01
CELL out=main trim=0 att=75 mode=10db
zrmax = 6.008379e+01
zr20 = 6.008379e+01
zr1k = 4.706493e+01
zr20k = 4.713695e+01
zm20 = 1.693378e+03
zm1k = 5.795572e+01
zn1k = 8.132416e-02
zn20k = 8.391401e-01
Doing analysis at TEMP = 27.000000 and TNOM = 27.000000

Using SPARSE 1.3 as Direct Linear Solver

No. of Data Rows : 81
zrmax               =  5.31177e+01 at=  2.00000e+01
zr20                =  5.31177e+01
zr1k                =  4.70198e+01
zr20k               =  4.70188e+01
zm20                =  1.69361e+03
zm1k                =  5.79402e+01
zn1k                =  2.58193e-02
zn20k               =  2.68016e-01
CELL out=fix1 trim=0 att=75 mode=10db
zrmax = 5.311775e+01
zr20 = 5.311775e+01
zr1k = 4.701984e+01
zr20k = 4.701883e+01
zm20 = 1.693610e+03
zm1k = 5.794019e+01
zn1k = 2.581929e-02
zn20k = 2.680164e-01
Doing analysis at TEMP = 27.000000 and TNOM = 27.000000

Using SPARSE 1.3 as Direct Linear Solver
 Reference value :  2.00000e+01Note: Starting dynamic gmin stepping
Warning: Dynamic gmin stepping failed
Note: Starting true gmin stepping
Warning: True gmin stepping failed
Note: Starting source stepping
Note: Source stepping completed
Note: Starting dynamic gmin stepping
Warning: Dynamic gmin stepping failed
Note: Starting true gmin stepping
Warning: True gmin stepping failed
Note: Starting source stepping
Note: Source stepping completed
Note: Starting dynamic gmin stepping
Warning: Dynamic gmin stepping failed
Note: Starting true gmin stepping
Warning: True gmin stepping failed
Note: Starting source stepping
Note: Source stepping completed
Note: Starting dynamic gmin stepping
Warning: Dynamic gmin stepping failed
Note: Starting true gmin stepping
Warning: True gmin stepping failed
Note: Starting source stepping
Note: Source stepping completed
Note: Starting dynamic gmin stepping
Warning: Dynamic gmin stepping failed
Note: Starting true gmin stepping
Warning: True gmin stepping failed
Note: Starting source stepping
Note: Source stepping completed
Note: Starting dynamic gmin stepping
Warning: Dynamic gmin stepping failed
Note: Starting true gmin stepping
Warning: True gmin stepping failed
Note: Starting source stepping
Note: Source stepping completed
Note: Starting dynamic gmin stepping
Warning: Dynamic gmin stepping failed
Note: Starting true gmin stepping
Warning: True gmin stepping failed
Note: Starting source stepping
Note: Source stepping completed

No. of Data Rows : 81
zrmax               =  5.31177e+01 at=  2.00000e+01
zr20                =  5.31177e+01
zr1k                =  4.70198e+01
zr20k               =  4.70188e+01
zm20                =  1.69361e+03
zm1k                =  5.79402e+01
zn1k                =  2.58193e-02
zn20k               =  2.68016e-01
CELL out=fix2 trim=0 att=75 mode=10db
zrmax = 5.311775e+01
zr20 = 5.311775e+01
zr1k = 4.701984e+01
zr20k = 4.701883e+01
zm20 = 1.693610e+03
zm1k = 5.794019e+01
zn1k = 2.581929e-02
zn20k = 2.680164e-01
Doing analysis at TEMP = 27.000000 and TNOM = 27.000000

Using SPARSE 1.3 as Direct Linear Solver

No. of Data Rows : 81
g1k                 =  -8.64877e-03
GAIN trim=0 att=100 mode=0db
g1k = -8.64877e-03
Doing analysis at TEMP = 27.000000 and TNOM = 27.000000

Using SPARSE 1.3 as Direct Linear Solver

No. of Data Rows : 81
zrmax               =  6.00363e+01 at=  2.00000e+01
zr20                =  6.00363e+01
zr1k                =  4.70173e+01
zr20k               =  4.70120e+01
zm20                =  1.69338e+03
zm1k                =  5.79336e+01
zn1k                =  2.58164e-02
zn20k               =  2.68124e-01
CELL out=main trim=0 att=100 mode=0db
zrmax = 6.003631e+01
zr20 = 6.003631e+01
zr1k = 4.701726e+01
zr20k = 4.701201e+01
zm20 = 1.693378e+03
zm1k = 5.793360e+01
zn1k = 2.581642e-02
zn20k = 2.681236e-01
Doing analysis at TEMP = 27.000000 and TNOM = 27.000000

Using SPARSE 1.3 as Direct Linear Solver

No. of Data Rows : 81
zrmax               =  5.31177e+01 at=  2.00000e+01
zr20                =  5.31177e+01
zr1k                =  4.70198e+01
zr20k               =  4.70188e+01
zm20                =  1.69361e+03
zm1k                =  5.79402e+01
zn1k                =  2.58193e-02
zn20k               =  2.68017e-01
CELL out=fix1 trim=0 att=100 mode=0db
zrmax = 5.311775e+01
zr20 = 5.311775e+01
zr1k = 4.701984e+01
zr20k = 4.701883e+01
zm20 = 1.693610e+03
zm1k = 5.794019e+01
zn1k = 2.581932e-02
zn20k = 2.680167e-01
Doing analysis at TEMP = 27.000000 and TNOM = 27.000000

Using SPARSE 1.3 as Direct Linear Solver

No. of Data Rows : 81
zrmax               =  5.31177e+01 at=  2.00000e+01
zr20                =  5.31177e+01
zr1k                =  4.70198e+01
zr20k               =  4.70188e+01
zm20                =  1.69361e+03
zm1k                =  5.79402e+01
zn1k                =  2.58193e-02
zn20k               =  2.68017e-01
CELL out=fix2 trim=0 att=100 mode=0db
zrmax = 5.311775e+01
zr20 = 5.311775e+01
zr1k = 4.701984e+01
zr20k = 4.701883e+01
zm20 = 1.693610e+03
zm1k = 5.794019e+01
zn1k = 2.581932e-02
zn20k = 2.680167e-01
Doing analysis at TEMP = 27.000000 and TNOM = 27.000000

Using SPARSE 1.3 as Direct Linear Solver

No. of Data Rows : 81
g1k                 =  3.03754e+00
GAIN trim=0 att=100 mode=3db
g1k = 3.037544e+00
Doing analysis at TEMP = 27.000000 and TNOM = 27.000000

Using SPARSE 1.3 as Direct Linear Solver

No. of Data Rows : 81
zrmax               =  6.00456e+01 at=  2.00000e+01
zr20                =  6.00456e+01
zr1k                =  4.70266e+01
zr20k               =  4.70329e+01
zm20                =  1.69338e+03
zm1k                =  5.79379e+01
zn1k                =  3.66581e-02
zn20k               =  3.79965e-01
CELL out=main trim=0 att=100 mode=3db
zrmax = 6.004559e+01
zr20 = 6.004559e+01
zr1k = 4.702656e+01
zr20k = 4.703294e+01
zm20 = 1.693378e+03
zm1k = 5.793790e+01
zn1k = 3.665807e-02
zn20k = 3.799649e-01
Doing analysis at TEMP = 27.000000 and TNOM = 27.000000

Using SPARSE 1.3 as Direct Linear Solver
 Reference value :  2.00000e+02Note: Starting dynamic gmin stepping
Warning: Dynamic gmin stepping failed
Note: Starting true gmin stepping
Warning: True gmin stepping failed
Note: Starting source stepping
Note: Source stepping completed
Note: Starting dynamic gmin stepping
Note: Dynamic gmin stepping completed
Note: Starting dynamic gmin stepping
Note: Dynamic gmin stepping completed
Note: Starting dynamic gmin stepping
Note: Dynamic gmin stepping completed
Note: Starting dynamic gmin stepping
Note: Dynamic gmin stepping completed
Note: Starting dynamic gmin stepping
Warning: Dynamic gmin stepping failed
Note: Starting true gmin stepping
Warning: True gmin stepping failed
Note: Starting source stepping
Note: Source stepping completed
Note: Starting dynamic gmin stepping
Warning: Dynamic gmin stepping failed
Note: Starting true gmin stepping
Warning: True gmin stepping failed
Note: Starting source stepping
Note: Source stepping completed

No. of Data Rows : 81
zrmax               =  5.31177e+01 at=  2.00000e+01
zr20                =  5.31177e+01
zr1k                =  4.70198e+01
zr20k               =  4.70188e+01
zm20                =  1.69361e+03
zm1k                =  5.79402e+01
zn1k                =  2.58193e-02
zn20k               =  2.68016e-01
CELL out=fix1 trim=0 att=100 mode=3db
zrmax = 5.311775e+01
zr20 = 5.311775e+01
zr1k = 4.701984e+01
zr20k = 4.701883e+01
zm20 = 1.693610e+03
zm1k = 5.794019e+01
zn1k = 2.581929e-02
zn20k = 2.680161e-01
Doing analysis at TEMP = 27.000000 and TNOM = 27.000000

Using SPARSE 1.3 as Direct Linear Solver

No. of Data Rows : 81
zrmax               =  5.31177e+01 at=  2.00000e+01
zr20                =  5.31177e+01
zr1k                =  4.70198e+01
zr20k               =  4.70188e+01
zm20                =  1.69361e+03
zm1k                =  5.79402e+01
zn1k                =  2.58193e-02
zn20k               =  2.68016e-01
CELL out=fix2 trim=0 att=100 mode=3db
zrmax = 5.311775e+01
zr20 = 5.311775e+01
zr1k = 4.701984e+01
zr20k = 4.701883e+01
zm20 = 1.693610e+03
zm1k = 5.794019e+01
zn1k = 2.581929e-02
zn20k = 2.680161e-01
Doing analysis at TEMP = 27.000000 and TNOM = 27.000000

Using SPARSE 1.3 as Direct Linear Solver

No. of Data Rows : 81
g1k                 =  9.96066e+00
GAIN trim=0 att=100 mode=10db
g1k = 9.960662e+00
Doing analysis at TEMP = 27.000000 and TNOM = 27.000000

Using SPARSE 1.3 as Direct Linear Solver

No. of Data Rows : 81
zrmax               =  6.00838e+01 at=  2.00000e+01
zr20                =  6.00838e+01
zr1k                =  4.70649e+01
zr20k               =  4.71371e+01
zm20                =  1.69338e+03
zm1k                =  5.79557e+01
zn1k                =  8.13175e-02
zn20k               =  8.39119e-01
CELL out=main trim=0 att=100 mode=10db
zrmax = 6.008379e+01
zr20 = 6.008379e+01
zr1k = 4.706493e+01
zr20k = 4.713711e+01
zm20 = 1.693378e+03
zm1k = 5.795572e+01
zn1k = 8.131748e-02
zn20k = 8.391186e-01
Doing analysis at TEMP = 27.000000 and TNOM = 27.000000

Using SPARSE 1.3 as Direct Linear Solver

No. of Data Rows : 81
zrmax               =  5.31177e+01 at=  2.00000e+01
zr20                =  5.31177e+01
zr1k                =  4.70198e+01
zr20k               =  4.70188e+01
zm20                =  1.69361e+03
zm1k                =  5.79402e+01
zn1k                =  2.58193e-02
zn20k               =  2.68017e-01
CELL out=fix1 trim=0 att=100 mode=10db
zrmax = 5.311775e+01
zr20 = 5.311775e+01
zr1k = 4.701984e+01
zr20k = 4.701883e+01
zm20 = 1.693610e+03
zm1k = 5.794019e+01
zn1k = 2.581931e-02
zn20k = 2.680166e-01
Doing analysis at TEMP = 27.000000 and TNOM = 27.000000

Using SPARSE 1.3 as Direct Linear Solver

No. of Data Rows : 81
zrmax               =  5.31177e+01 at=  2.00000e+01
zr20                =  5.31177e+01
zr1k                =  4.70198e+01
zr20k               =  4.70188e+01
zm20                =  1.69361e+03
zm1k                =  5.79402e+01
zn1k                =  2.58193e-02
zn20k               =  2.68017e-01
CELL out=fix2 trim=0 att=100 mode=10db
zrmax = 5.311775e+01
zr20 = 5.311775e+01
zr1k = 4.701984e+01
zr20k = 4.701883e+01
zm20 = 1.693610e+03
zm1k = 5.794019e+01
zn1k = 2.581931e-02
zn20k = 2.680166e-01
Doing analysis at TEMP = 27.000000 and TNOM = 27.000000

Using SPARSE 1.3 as Direct Linear Solver

No. of Data Rows : 81
g1k                 =  -1.46008e+02
GAIN trim=6 att=0 mode=0db
g1k = -1.46008e+02
Doing analysis at TEMP = 27.000000 and TNOM = 27.000000

Using SPARSE 1.3 as Direct Linear Solver

No. of Data Rows : 81
zrmax               =  6.00363e+01 at=  2.00000e+01
zr20                =  6.00363e+01
zr1k                =  4.70173e+01
zr20k               =  4.70120e+01
zm20                =  1.69338e+03
zm1k                =  5.79336e+01
zn1k                =  2.58199e-02
zn20k               =  2.68134e-01
CELL out=main trim=6 att=0 mode=0db
zrmax = 6.003632e+01
zr20 = 6.003632e+01
zr1k = 4.701726e+01
zr20k = 4.701201e+01
zm20 = 1.693378e+03
zm1k = 5.793360e+01
zn1k = 2.581989e-02
zn20k = 2.681336e-01
Doing analysis at TEMP = 27.000000 and TNOM = 27.000000

Using SPARSE 1Note: Starting dynamic gmin stepping
Warning: Dynamic gmin stepping failed
Note: Starting true gmin stepping
Warning: True gmin stepping failed
Note: Starting source stepping
Note: Source stepping completed
Note: Starting dynamic gmin stepping
Warning: Dynamic gmin stepping failed
Note: Starting true gmin stepping
Warning: True gmin stepping failed
Note: Starting source stepping
Note: Source stepping completed
.3 as Direct Linear Solver

No. of Data Rows : 81
zrmax               =  5.31177e+01 at=  2.00000e+01
zr20                =  5.31177e+01
zr1k                =  4.70198e+01
zr20k               =  4.70188e+01
zm20                =  1.69361e+03
zm1k                =  5.79402e+01
zn1k                =  2.58193e-02
zn20k               =  2.68016e-01
CELL out=fix1 trim=6 att=0 mode=0db
zrmax = 5.311775e+01
zr20 = 5.311775e+01
zr1k = 4.701984e+01
zr20k = 4.701883e+01
zm20 = 1.693610e+03
zm1k = 5.794019e+01
zn1k = 2.581929e-02
zn20k = 2.680163e-01
Doing analysis at TEMP = 27.000000 and TNOM = 27.000000

Using SPARSE 1.3 as Direct Linear Solver

No. of Data Rows : 81
zrmax               =  5.31177e+01 at=  2.00000e+01
zr20                =  5.31177e+01
zr1k                =  4.70198e+01
zr20k               =  4.70188e+01
zm20                =  1.69361e+03
zm1k                =  5.79402e+01
zn1k                =  2.58193e-02
zn20k               =  2.68016e-01
CELL out=fix2 trim=6 att=0 mode=0db
zrmax = 5.311775e+01
zr20 = 5.311775e+01
zr1k = 4.701984e+01
zr20k = 4.701883e+01
zm20 = 1.693610e+03
zm1k = 5.794019e+01
zn1k = 2.581929e-02
zn20k = 2.680163e-01
Doing analysis at TEMP = 27.000000 and TNOM = 27.000000

Using SPARSE 1.3 as Direct Linear Solver

No. of Data Rows : 81
g1k                 =  -1.42962e+02
GAIN trim=6 att=0 mode=3db
g1k = -1.42962e+02
Doing analysis at TEMP = 27.000000 and TNOM = 27.000000

Using SPARSE 1.3 as Direct Linear Solver

No. of Data Rows : 81
zrmax               =  6.00456e+01 at=  2.00000e+01
zr20                =  6.00456e+01
zr1k                =  4.70266e+01
zr20k               =  4.70329e+01
zm20                =  1.69338e+03
zm1k                =  5.79379e+01
zn1k                =  3.66646e-02
zn20k               =  3.79981e-01
CELL out=main trim=6 att=0 mode=3db
zrmax = 6.004559e+01
zr20 = 6.004559e+01
zr1k = 4.702657e+01
zr20k = 4.703295e+01
zm20 = 1.693378e+03
zm1k = 5.793791e+01
zn1k = 3.666455e-02
zn20k = 3.799810e-01
Doing analysis at TEMP = 27.000000 and TNOM = 27.000000

Using SPARSE 1.3 as Direct Linear Solver
 Reference value :  2.00000e+01Note: Starting dynamic gmin stepping
Note: Dynamic gmin stepping completed
Note: Starting dynamic gmin stepping
Note: Dynamic gmin stepping completed
Note: Starting dynamic gmin stepping
Note: Dynamic gmin stepping completed
Note: Starting dynamic gmin stepping
Note: Dynamic gmin stepping completed
Note: Starting dynamic gmin stepping
Warning: Dynamic gmin stepping failed
Note: Starting true gmin stepping
Warning: True gmin stepping failed
Note: Starting source stepping
Note: Source stepping completed
Note: Starting dynamic gmin stepping
Warning: Dynamic gmin stepping failed
Note: Starting true gmin stepping
Warning: True gmin stepping failed
Note: Starting source stepping
Note: Source stepping completed

No. of Data Rows : 81
zrmax               =  5.31177e+01 at=  2.00000e+01
zr20                =  5.31177e+01
zr1k                =  4.70198e+01
zr20k               =  4.70188e+01
zm20                =  1.69361e+03
zm1k                =  5.79402e+01
zn1k                =  2.58193e-02
zn20k               =  2.68017e-01
CELL out=fix1 trim=6 att=0 mode=3db
zrmax = 5.311775e+01
zr20 = 5.311775e+01
zr1k = 4.701984e+01
zr20k = 4.701883e+01
zm20 = 1.693610e+03
zm1k = 5.794019e+01
zn1k = 2.581931e-02
zn20k = 2.680166e-01
Doing analysis at TEMP = 27.000000 and TNOM = 27.000000

Using SPARSE 1.3 as Direct Linear Solver

No. of Data Rows : 81
zrmax               =  5.31177e+01 at=  2.00000e+01
zr20                =  5.31177e+01
zr1k                =  4.70198e+01
zr20k               =  4.70188e+01
zm20                =  1.69361e+03
zm1k                =  5.79402e+01
zn1k                =  2.58193e-02
zn20k               =  2.68017e-01
CELL out=fix2 trim=6 att=0 mode=3db
zrmax = 5.311775e+01
zr20 = 5.311775e+01
zr1k = 4.701984e+01
zr20k = 4.701883e+01
zm20 = 1.693610e+03
zm1k = 5.794019e+01
zn1k = 2.581931e-02
zn20k = 2.680166e-01
Doing analysis at TEMP = 27.000000 and TNOM = 27.000000

Using SPARSE 1.3 as Direct Linear Solver

No. of Data Rows : 81
g1k                 =  -1.36039e+02
GAIN trim=6 att=0 mode=10db
g1k = -1.36038e+02
Doing analysis at TEMP = 27.000000 and TNOM = 27.000000

Using SPARSE 1.3 as Direct Linear Solver

No. of Data Rows : 81
zrmax               =  6.00838e+01 at=  2.00000e+01
zr20                =  6.00838e+01
zr1k                =  4.70650e+01
zr20k               =  4.71371e+01
zm20                =  1.69338e+03
zm1k                =  5.79557e+01
zn1k                =  8.13447e-02
zn20k               =  8.39160e-01
CELL out=main trim=6 att=0 mode=10db
zrmax = 6.008382e+01
zr20 = 6.008382e+01
zr1k = 4.706496e+01
zr20k = 4.713715e+01
zm20 = 1.693378e+03
zm1k = 5.795574e+01
zn1k = 8.134465e-02
zn20k = 8.391599e-01
Doing analysis at TEMP = 27.000000 and TNOM = 27.000000

Using SPARSE 1.3 as Direct Linear Solver

No. of Data Rows : 81
zrmax               =  5.31177e+01 at=  2.00000e+01
zr20                =  5.31177e+01
zr1k                =  4.70198e+01
zr20k               =  4.70188e+01
zm20                =  1.69361e+03
zm1k                =  5.79402e+01
zn1k                =  2.58193e-02
zn20k               =  2.68017e-01
CELL out=fix1 trim=6 att=0 mode=10db
zrmax = 5.311775e+01
zr20 = 5.311775e+01
zr1k = 4.701984e+01
zr20k = 4.701883e+01
zm20 = 1.693610e+03
zm1k = 5.794019e+01
zn1k = 2.581931e-02
zn20k = 2.680166e-01
Doing analysis at TEMP = 27.000000 and TNOM = 27.000000

Using SPARSE 1.3 as Direct Linear Solver

No. of Data Rows : 81
zrmax               =  5.31177e+01 at=  2.00000e+01
zr20                =  5.31177e+01
zr1k                =  4.70198e+01
zr20k               =  4.70188e+01
zm20                =  1.69361e+03
zm1k                =  5.79402e+01
zn1k                =  2.58193e-02
zn20k               =  2.68017e-01
CELL out=fix2 trim=6 att=0 mode=10db
zrmax = 5.311775e+01
zr20 = 5.311775e+01
zr1k = 4.701984e+01
zr20k = 4.701883e+01
zm20 = 1.693610e+03
zm1k = 5.794019e+01
zn1k = 2.581931e-02
zn20k = 2.680166e-01
Doing analysis at TEMP = 27.000000 and TNOM = 27.000000

Using SPARSE 1.3 as Direct Linear Solver

No. of Data Rows : 81
g1k                 =  -1.80655e+01
GAIN trim=6 att=25 mode=0db
g1k = -1.80655e+01
Doing analysis at TEMP = 27.000000 and TNOM = 27.000000

Using SPARSE 1.3 as Direct Linear Solver

No. of Data Rows : 81
zrmax               =  6.00363e+01 at=  2.00000e+01
zr20                =  6.00363e+01
zr1k                =  4.70173e+01
zr20k               =  4.70120e+01
zm20                =  1.69338e+03
zm1k                =  5.79336e+01
zn1k                =  2.58195e-02
zn20k               =  2.68134e-01
CELL out=main trim=6 att=25 mode=0db
zrmax = 6.003632e+01
zr20 = 6.003632e+01
zr1k = 4.701726e+01
zr20k = 4.701195e+01
zm20 = 1.693378e+03
zm1k = 5.793360e+01
zn1k = 2.581948e-02
zn20k = 2.681339e-01
Doing analysis at TEMP = 27.000000 and TNOM = 27.000000

Using SPARSE 1.3 as DirNote: Starting dynamic gmin stepping
Warning: Dynamic gmin stepping failed
Note: Starting true gmin stepping
Warning: True gmin stepping failed
Note: Starting source stepping
Note: Source stepping completed
Note: Starting dynamic gmin stepping
Warning: Dynamic gmin stepping failed
Note: Starting true gmin stepping
Warning: True gmin stepping failed
Note: Starting source stepping
Note: Source stepping completed
Note: Starting dynamic gmin stepping
Warning: Dynamic gmin stepping failed
Note: Starting true gmin stepping
Note: True gmin stepping completed
ect Linear Solver

No. of Data Rows : 81
zrmax               =  5.31177e+01 at=  2.00000e+01
zr20                =  5.31177e+01
zr1k                =  4.70198e+01
zr20k               =  4.70188e+01
zm20                =  1.69361e+03
zm1k                =  5.79402e+01
zn1k                =  2.58193e-02
zn20k               =  2.68017e-01
CELL out=fix1 trim=6 att=25 mode=0db
zrmax = 5.311775e+01
zr20 = 5.311775e+01
zr1k = 4.701984e+01
zr20k = 4.701883e+01
zm20 = 1.693610e+03
zm1k = 5.794019e+01
zn1k = 2.581932e-02
zn20k = 2.680167e-01
Doing analysis at TEMP = 27.000000 and TNOM = 27.000000

Using SPARSE 1.3 as Direct Linear Solver

No. of Data Rows : 81
zrmax               =  5.31177e+01 at=  2.00000e+01
zr20                =  5.31177e+01
zr1k                =  4.70198e+01
zr20k               =  4.70188e+01
zm20                =  1.69361e+03
zm1k                =  5.79402e+01
zn1k                =  2.58193e-02
zn20k               =  2.68017e-01
CELL out=fix2 trim=6 att=25 mode=0db
zrmax = 5.311775e+01
zr20 = 5.311775e+01
zr1k = 4.701984e+01
zr20k = 4.701883e+01
zm20 = 1.693610e+03
zm1k = 5.794019e+01
zn1k = 2.581932e-02
zn20k = 2.680167e-01
Doing analysis at TEMP = 27.000000 and TNOM = 27.000000

Using SPARSE 1.3 as Direct Linear Solver
 Reference value :  2.00000e+01Note: Starting dynamic gmin stepping
Warning: Dynamic gmin stepping failed
Note: Starting true gmin stepping
Note: True gmin stepping completed
Note: Starting dynamic gmin stepping
Warning: Dynamic gmin stepping failed
Note: Starting true gmin stepping
Note: True gmin stepping completed
Note: Starting dynamic gmin stepping
Warning: Dynamic gmin stepping failed
Note: Starting true gmin stepping
Note: True gmin stepping completed
Note: Starting dynamic gmin stepping
Warning: Dynamic gmin stepping failed
Note: Starting true gmin stepping
Warning: True gmin stepping failed
Note: Starting source stepping
Note: Source stepping completed
Note: Starting dynamic gmin stepping
Warning: Dynamic gmin stepping failed
Note: Starting true gmin stepping
Warning: True gmin stepping failed
Note: Starting source stepping
Note: Source stepping completed
Note: Starting dynamic gmin stepping
Warning: Dynamic gmin stepping failed
Note: Starting true gmin stepping
Warning: True gmin stepping failed
Note: Starting source stepping
Note: Source stepping completed
Note: Starting dynamic gmin stepping
Warning: Dynamic gmin stepping failed
Note: Starting true gmin stepping
Warning: True gmin stepping failed
Note: Starting source stepping
Note: Source stepping completed

No. of Data Rows : 81
g1k                 =  -1.50193e+01
GAIN trim=6 att=25 mode=3db
g1k = -1.50193e+01
Doing analysis at TEMP = 27.000000 and TNOM = 27.000000

Using SPARSE 1.3 as Direct Linear Solver

No. of Data Rows : 81
zrmax               =  6.00456e+01 at=  2.00000e+01
zr20                =  6.00456e+01
zr1k                =  4.70266e+01
zr20k               =  4.70329e+01
zm20                =  1.69338e+03
zm1k                =  5.79379e+01
zn1k                =  3.66637e-02
zn20k               =  3.79982e-01
CELL out=main trim=6 att=25 mode=3db
zrmax = 6.004559e+01
zr20 = 6.004559e+01
zr1k = 4.702657e+01
zr20k = 4.703287e+01
zm20 = 1.693378e+03
zm1k = 5.793790e+01
zn1k = 3.666374e-02
zn20k = 3.799815e-01
Doing analysis at TEMP = 27.000000 and TNOM = 27.000000

Using SPARSE 1.3 as Direct Linear Solver

No. of Data Rows : 81
zrmax               =  5.31177e+01 at=  2.00000e+01
zr20                =  5.31177e+01
zr1k                =  4.70198e+01
zr20k               =  4.70188e+01
zm20                =  1.69361e+03
zm1k                =  5.79402e+01
zn1k                =  2.58193e-02
zn20k               =  2.68017e-01
CELL out=fix1 trim=6 att=25 mode=3db
zrmax = 5.311775e+01
zr20 = 5.311775e+01
zr1k = 4.701984e+01
zr20k = 4.701883e+01
zm20 = 1.693610e+03
zm1k = 5.794019e+01
zn1k = 2.581931e-02
zn20k = 2.680166e-01
Doing analysis at TEMP = 27.000000 and TNOM = 27.000000

Using SPARSE 1.3 as Direct Linear Solver

No. of Data Rows : 81
zrmax               =  5.31177e+01 at=  2.00000e+01
zr20                =  5.31177e+01
zr1k                =  4.70198e+01
zr20k               =  4.70188e+01
zm20                =  1.69361e+03
zm1k                =  5.79402e+01
zn1k                =  2.58193e-02
zn20k               =  2.68017e-01
CELL out=fix2 trim=6 att=25 mode=3db
zrmax = 5.311775e+01
zr20 = 5.311775e+01
zr1k = 4.701984e+01
zr20k = 4.701883e+01
zm20 = 1.693610e+03
zm1k = 5.794019e+01
zn1k = 2.581931e-02
zn20k = 2.680166e-01
Doing analysis at TEMP = 27.000000 and TNOM = 27.000000

Using SPARSE 1.3 as Direct Linear Solver

No. of Data Rows : 81
g1k                 =  -8.09622e+00
GAIN trim=6 att=25 mode=10db
g1k = -8.09622e+00
Doing analysis at TEMP = 27.000000 and TNOM = 27.000000

Using SPARSE 1.3 as Direct Linear Solver

No. of Data Rows : 81
zrmax               =  6.00838e+01 at=  2.00000e+01
zr20                =  6.00838e+01
zr1k                =  4.70650e+01
zr20k               =  4.71370e+01
zm20                =  1.69338e+03
zm1k                =  5.79557e+01
zn1k                =  8.13412e-02
zn20k               =  8.39167e-01
CELL out=main trim=6 att=25 mode=10db
zrmax = 6.008381e+01
zr20 = 6.008381e+01
zr1k = 4.706495e+01
zr20k = 4.713697e+01
zm20 = 1.693378e+03
zm1k = 5.795574e+01
zn1k = 8.134122e-02
zn20k = 8.391667e-01
Doing analysis at TEMP = 27.000000 and TNOM = 27.000000

Using SPARSE 1.3 as Direct Linear Solver

No. of Data Rows : 81
zrmax               =  5.31177e+01 at=  2.00000e+01
zr20                =  5.31177e+01
zr1k                =  4.70198e+01
zr20k               =  4.70188e+01
zm20                =  1.69361e+03
zm1k                =  5.79402e+01
zn1k                =  2.58193e-02
zn20k               =  2.68017e-01
CELL out=fix1 trim=6 att=25 mode=10db
zrmax = 5.311775e+01
zr20 = 5.311775e+01
zr1k = 4.701984e+01
zr20k = 4.701883e+01
zm20 = 1.693610e+03
zm1k = 5.794019e+01
zn1k = 2.581932e-02
zn20k = 2.680166e-01
Doing analysis at TEMP = 27.000000 and TNOM = 27.000000

Using SPARSE 1.3 as Direct Linear Solver
 Reference value :  2.00000e+01Note: Starting dynamic gmin stepping
Warning: Dynamic gmin stepping failed
Note: Starting true gmin stepping
Warning: True gmin stepping failed
Note: Starting source stepping
Note: Source stepping completed
Note: Starting dynamic gmin stepping
Warning: Dynamic gmin stepping failed
Note: Starting true gmin stepping
Warning: True gmin stepping failed
Note: Starting source stepping
Note: Source stepping completed
Note: Starting dynamic gmin stepping
Warning: Dynamic gmin stepping failed
Note: Starting true gmin stepping
Warning: True gmin stepping failed
Note: Starting source stepping
Note: Source stepping completed
Note: Starting dynamic gmin stepping
Warning: Dynamic gmin stepping failed
Note: Starting true gmin stepping
Warning: True gmin stepping failed
Note: Starting source stepping
Note: Source stepping completed

No. of Data Rows : 81
zrmax               =  5.31177e+01 at=  2.00000e+01
zr20                =  5.31177e+01
zr1k                =  4.70198e+01
zr20k               =  4.70188e+01
zm20                =  1.69361e+03
zm1k                =  5.79402e+01
zn1k                =  2.58193e-02
zn20k               =  2.68017e-01
CELL out=fix2 trim=6 att=25 mode=10db
zrmax = 5.311775e+01
zr20 = 5.311775e+01
zr1k = 4.701984e+01
zr20k = 4.701883e+01
zm20 = 1.693610e+03
zm1k = 5.794019e+01
zn1k = 2.581932e-02
zn20k = 2.680166e-01
Doing analysis at TEMP = 27.000000 and TNOM = 27.000000

Using SPARSE 1.3 as Direct Linear Solver

No. of Data Rows : 81
g1k                 =  -1.20510e+01
GAIN trim=6 att=50 mode=0db
g1k = -1.20510e+01
Doing analysis at TEMP = 27.000000 and TNOM = 27.000000

Using SPARSE 1.3 as Direct Linear Solver

No. of Data Rows : 81
zrmax               =  6.00363e+01 at=  2.00000e+01
zr20                =  6.00363e+01
zr1k                =  4.70173e+01
zr20k               =  4.70119e+01
zm20                =  1.69338e+03
zm1k                =  5.79336e+01
zn1k                =  2.58191e-02
zn20k               =  2.68133e-01
CELL out=main trim=6 att=50 mode=0db
zrmax = 6.003632e+01
zr20 = 6.003632e+01
zr1k = 4.701726e+01
zr20k = 4.701193e+01
zm20 = 1.693378e+03
zm1k = 5.793360e+01
zn1k = 2.581905e-02
zn20k = 2.681333e-01
Doing analysis at TEMP = 27.000000 and TNOM = 27.000000

Using SPARSE 1.3 as Direct Linear Solver

No. of Data Rows : 81
zrmax               =  5.31177e+01 at=  2.00000e+01
zr20                =  5.31177e+01
zr1k                =  4.70198e+01
zr20k               =  4.70188e+01
zm20                =  1.69361e+03
zm1k                =  5.79402e+01
zn1k                =  2.58193e-02
zn20k               =  2.68017e-01
CELL out=fix1 trim=6 att=50 mode=0db
zrmax = 5.311775e+01
zr20 = 5.311775e+01
zr1k = 4.701984e+01
zr20k = 4.701883e+01
zm20 = 1.693610e+03
zm1k = 5.794019e+01
zn1k = 2.581933e-02
zn20k = 2.680169e-01
Doing analysis at TEMP = 27.000000 and TNOM = 27.000000

Using SPARSE 1.3 as Direct Linear Solver

No. of Data Rows : 81
zrmax               =  5.31177e+01 at=  2.00000e+01
zr20                =  5.31177e+01
zr1k                =  4.70198e+01
zr20k               =  4.70188e+01
zm20                =  1.69361e+03
zm1k                =  5.79402e+01
zn1k                =  2.58193e-02
zn20k               =  2.68017e-01
CELL out=fix2 trim=6 att=50 mode=0db
zrmax = 5.311775e+01
zr20 = 5.311775e+01
zr1k = 4.701984e+01
zr20k = 4.701883e+01
zm20 = 1.693610e+03
zm1k = 5.794019e+01
zn1k = 2.581933e-02
zn20k = 2.680169e-01
Doing analysis at TEMP = 27.000000 and TNOM = 27.000000

Using SPARSE 1.3 as Direct Linear Solver

No. of Data Rows : 81
g1k                 =  -9.00484e+00
GAIN trim=6 att=50 mode=3db
g1k = -9.00484e+00
Doing analysis at TEMP = 27.000000 and TNOM = 27.000000

Using SPARSE 1.3 as Direct Linear Solver

No. of Data Rows : 81
zrmax               =  6.00456e+01 at=  2.00000e+01
zr20                =  6.00456e+01
zr1k                =  4.70266e+01
zr20k               =  4.70328e+01
zm20                =  1.69338e+03
zm1k                =  5.79379e+01
zn1k                =  3.66629e-02
zn20k               =  3.79981e-01
CELL out=main trim=6 att=50 mode=3db
zrmax = 6.004559e+01
zr20 = 6.004559e+01
zr1k = 4.702657e+01
zr20k = 4.703284e+01
zm20 = 1.693378e+03
zm1k = 5.793790e+01
zn1k = 3.666293e-02
zn20k = 3.799805e-01
Doing analysis at TEMP = 27.000000 and TNOM = 27.000000

Using SPARSE 1.3 as Direct Linear Solver

No. of Data Rows : 81
zrmax               =  5.31177e+01 at=  2.00000e+01
zr20                =  5.31177e+01
zr1k                =  4.70198e+01
zr20k               =  4.70188e+01
zm20                =  1.69361e+03
zm1k                =  5.79402e+01
zn1k                =  2.58193e-02
zn20k               =  2.68017e-01
CELL out=fix1 trim=6 att=50 mode=3db
zrmax = 5.311775e+01
zr20 = 5.311775e+01
zr1k = 4.701984e+01
zr20k = 4.701883e+01
zm20 = 1.693610e+03
zm1k = 5.794019e+01
zn1k = 2.581931e-02
zn20k = 2.680166e-01
Doing analysis at TEMP = 27.000000 and TNOM = 27.000000

Using SPARSE 1.3 as Note: Starting dynamic gmin stepping
Warning: Dynamic gmin stepping failed
Note: Starting true gmin stepping
Warning: True gmin stepping failed
Note: Starting source stepping
Note: Source stepping completed
Note: Starting dynamic gmin stepping
Warning: Dynamic gmin stepping failed
Note: Starting true gmin stepping
Warning: True gmin stepping failed
Note: Starting source stepping
Note: Source stepping completed
Note: Starting dynamic gmin stepping
Warning: Dynamic gmin stepping failed
Note: Starting true gmin stepping
Warning: True gmin stepping failed
Note: Starting source stepping
Note: Source stepping completed
Note: Starting dynamic gmin stepping
Warning: Dynamic gmin stepping failed
Note: Starting true gmin stepping
Warning: True gmin stepping failed
Note: Starting source stepping
Note: Source stepping completed
Direct Linear Solver

No. of Data Rows : 81
zrmax               =  5.31177e+01 at=  2.00000e+01
zr20                =  5.31177e+01
zr1k                =  4.70198e+01
zr20k               =  4.70188e+01
zm20                =  1.69361e+03
zm1k                =  5.79402e+01
zn1k                =  2.58193e-02
zn20k               =  2.68017e-01
CELL out=fix2 trim=6 att=50 mode=3db
zrmax = 5.311775e+01
zr20 = 5.311775e+01
zr1k = 4.701984e+01
zr20k = 4.701883e+01
zm20 = 1.693610e+03
zm1k = 5.794019e+01
zn1k = 2.581931e-02
zn20k = 2.680166e-01
Doing analysis at TEMP = 27.000000 and TNOM = 27.000000

Using SPARSE 1.3 as Direct Linear Solver

No. of Data Rows : 81
g1k                 =  -2.08173e+00
GAIN trim=6 att=50 mode=10db
g1k = -2.08173e+00
Doing analysis at TEMP = 27.000000 and TNOM = 27.000000

Using SPARSE 1.3 as Direct Linear Solver

No. of Data Rows : 81
zrmax               =  6.00838e+01 at=  2.00000e+01
zr20                =  6.00838e+01
zr1k                =  4.70649e+01
zr20k               =  4.71369e+01
zm20                =  1.69338e+03
zm1k                =  5.79557e+01
zn1k                =  8.13377e-02
zn20k               =  8.39165e-01
CELL out=main trim=6 att=50 mode=10db
zrmax = 6.008381e+01
zr20 = 6.008381e+01
zr1k = 4.706495e+01
zr20k = 4.713691e+01
zm20 = 1.693378e+03
zm1k = 5.795573e+01
zn1k = 8.133772e-02
zn20k = 8.391653e-01
Doing analysis at TEMP = 27.000000 and TNOM = 27.000000

Using SPARSE 1.3 as Direct Linear Solver

No. of Data Rows : 81
zrmax               =  5.31177e+01 at=  2.00000e+01
zr20                =  5.31177e+01
zr1k                =  4.70198e+01
zr20k               =  4.70188e+01
zm20                =  1.69361e+03
zm1k                =  5.79402e+01
zn1k                =  2.58193e-02
zn20k               =  2.68016e-01
CELL out=fix1 trim=6 att=50 mode=10db
zrmax = 5.311775e+01
zr20 = 5.311775e+01
zr1k = 4.701984e+01
zr20k = 4.701883e+01
zm20 = 1.693610e+03
zm1k = 5.794019e+01
zn1k = 2.581929e-02
zn20k = 2.680164e-01
Doing analysis at TEMP = 27.000000 and TNOM = 27.000000

Using SPARSE 1.3 as Direct Linear Solver
 Reference value :  2.00000e+01Note: Starting dynamic gmin stepping
Warning: Dynamic gmin stepping failed
Note: Starting true gmin stepping
Warning: True gmin stepping failed
Note: Starting source stepping
Note: Source stepping completed
Note: Starting dynamic gmin stepping
Warning: Dynamic gmin stepping failed
Note: Starting true gmin stepping
Warning: True gmin stepping failed
Note: Starting source stepping
Note: Source stepping completed
Note: Starting dynamic gmin stepping
Warning: Dynamic gmin stepping failed
Note: Starting true gmin stepping
Warning: True gmin stepping failed
Note: Starting source stepping
Note: Source stepping completed
Note: Starting dynamic gmin stepping
Warning: Dynamic gmin stepping failed
Note: Starting true gmin stepping
Warning: True gmin stepping failed
Note: Starting source stepping
Note: Source stepping completed
Note: Starting dynamic gmin stepping
Warning: Dynamic gmin stepping failed
Note: Starting true gmin stepping
Warning: True gmin stepping failed
Note: Starting source stepping
Note: Source stepping completed
Note: Starting dynamic gmin stepping
Warning: Dynamic gmin stepping failed
Note: Starting true gmin stepping
Warning: True gmin stepping failed
Note: Starting source stepping
Note: Source stepping completed
Note: Starting dynamic gmin stepping
Warning: Dynamic gmin stepping failed
Note: Starting true gmin stepping
Warning: True gmin stepping failed
Note: Starting source stepping
Note: Source stepping completed

No. of Data Rows : 81
zrmax               =  5.31177e+01 at=  2.00000e+01
zr20                =  5.31177e+01
zr1k                =  4.70198e+01
zr20k               =  4.70188e+01
zm20                =  1.69361e+03
zm1k                =  5.79402e+01
zn1k                =  2.58193e-02
zn20k               =  2.68016e-01
CELL out=fix2 trim=6 att=50 mode=10db
zrmax = 5.311775e+01
zr20 = 5.311775e+01
zr1k = 4.701984e+01
zr20k = 4.701883e+01
zm20 = 1.693610e+03
zm1k = 5.794019e+01
zn1k = 2.581929e-02
zn20k = 2.680164e-01
Doing analysis at TEMP = 27.000000 and TNOM = 27.000000

Using SPARSE 1.3 as Direct Linear Solver

No. of Data Rows : 81
g1k                 =  -8.52494e+00
GAIN trim=6 att=75 mode=0db
g1k = -8.52494e+00
Doing analysis at TEMP = 27.000000 and TNOM = 27.000000

Using SPARSE 1.3 as Direct Linear Solver

No. of Data Rows : 81
zrmax               =  6.00363e+01 at=  2.00000e+01
zr20                =  6.00363e+01
zr1k                =  4.70173e+01
zr20k               =  4.70119e+01
zm20                =  1.69338e+03
zm1k                =  5.79336e+01
zn1k                =  2.58186e-02
zn20k               =  2.68131e-01
CELL out=main trim=6 att=75 mode=0db
zrmax = 6.003632e+01
zr20 = 6.003632e+01
zr1k = 4.701726e+01
zr20k = 4.701195e+01
zm20 = 1.693378e+03
zm1k = 5.793360e+01
zn1k = 2.581858e-02
zn20k = 2.681312e-01
Doing analysis at TEMP = 27.000000 and TNOM = 27.000000

Using SPARSE 1.3 as Direct Linear Solver

No. of Data Rows : 81
zrmax               =  5.31177e+01 at=  2.00000e+01
zr20                =  5.31177e+01
zr1k                =  4.70198e+01
zr20k               =  4.70188e+01
zm20                =  1.69361e+03
zm1k                =  5.79402e+01
zn1k                =  2.58193e-02
zn20k               =  2.68016e-01
CELL out=fix1 trim=6 att=75 mode=0db
zrmax = 5.311775e+01
zr20 = 5.311775e+01
zr1k = 4.701984e+01
zr20k = 4.701883e+01
zm20 = 1.693610e+03
zm1k = 5.794019e+01
zn1k = 2.581929e-02
zn20k = 2.680164e-01
Doing analysis at TEMP = 27.000000 and TNOM = 27.000000

Using SPARSE 1.3 as Direct Linear Solver

No. of Data Rows : 81
zrmax               =  5.31177e+01 at=  2.00000e+01
zr20                =  5.31177e+01
zr1k                =  4.70198e+01
zr20k               =  4.70188e+01
zm20                =  1.69361e+03
zm1k                =  5.79402e+01
zn1k                =  2.58193e-02
zn20k               =  2.68016e-01
CELL out=fix2 trim=6 att=75 mode=0db
zrmax = 5.311775e+01
zr20 = 5.311775e+01
zr1k = 4.701984e+01
zr20k = 4.701883e+01
zm20 = 1.693610e+03
zm1k = 5.794019e+01
zn1k = 2.581929e-02
zn20k = 2.680164e-01
Doing analysis at TEMP = 27.000000 and TNOM = 27.000000

Using SPARSE 1.3 as Direct Linear Solver

No. of Data Rows : 81
g1k                 =  -5.47875e+00
GAIN trim=6 att=75 mode=3db
g1k = -5.47875e+00
Doing analysis at TEMP = 27.000000 and TNOM = 27.000000

Using SPARSE 1.3 as Direct Linear Solver

No. of Data Rows : 81
zrmax               =  6.00456e+01 at=  2.00000e+01
zr20                =  6.00456e+01
zr1k                =  4.70266e+01
zr20k               =  4.70329e+01
zm20                =  1.69338e+03
zm1k                =  5.79379e+01
zn1k                =  3.66621e-02
zn20k               =  3.79978e-01
CELL out=main trim=6 att=75 mode=3db
zrmax = 6.004559e+01
zr20 = 6.004559e+01
zr1k = 4.702657e+01
zr20k = 4.703286e+01
zm20 = 1.693378e+03
zm1k = 5.793790e+01
zn1k = 3.666213e-02
zn20k = 3.799781e-01
Doing analysis at TEMP = 27.000000 and TNOM = 27.000000

Using SPARSE 1.3 as Direct Linear Solver

No. of Data Rows : 81
zrmax               =  5.31177e+01 at=  2.00000e+01
zr20                =  5.31177e+01
zr1k                =  4.70198e+01
zr20k               =  4.70188e+01
zm20                =  1.69361e+03
zm1k                =  5.79402e+01
zn1k                =  2.58193e-02
zn20k               =  2.68017e-01
CELL out=fix1 trim=6 att=75 mode=3db
zrmax = 5.311775e+01
zr20 = 5.311775e+01
zr1k = 4.701984e+01
zr20k = 4.701883e+01
zm20 = 1.693610e+03
zm1k = 5.794019e+01
zn1k = 2.581932e-02
zn20k = 2.680166e-01
Doing analysis at TEMP = 27.000000 and TNOM = 27.000000

Using SPARSE 1.3 as Note: Starting dynamic gmin stepping
Warning: Dynamic gmin stepping failed
Note: Starting true gmin stepping
Warning: True gmin stepping failed
Note: Starting source stepping
Note: Source stepping completed
Direct Linear Solver
 Reference value :  2.00000e+01Note: Starting dynamic gmin stepping
Warning: Dynamic gmin stepping failed
Note: Starting true gmin stepping
Warning: True gmin stepping failed
Note: Starting source stepping
Note: Source stepping completed
Note: Starting dynamic gmin stepping
Warning: Dynamic gmin stepping failed
Note: Starting true gmin stepping
Warning: True gmin stepping failed
Note: Starting source stepping
Note: Source stepping completed
Note: Starting dynamic gmin stepping
Warning: Dynamic gmin stepping failed
Note: Starting true gmin stepping
Warning: True gmin stepping failed
Note: Starting source stepping
Note: Source stepping completed
Note: Starting dynamic gmin stepping
Warning: Dynamic gmin stepping failed
Note: Starting true gmin stepping
Warning: True gmin stepping failed
Note: Starting source stepping
Note: Source stepping completed

No. of Data Rows : 81
zrmax               =  5.31177e+01 at=  2.00000e+01
zr20                =  5.31177e+01
zr1k                =  4.70198e+01
zr20k               =  4.70188e+01
zm20                =  1.69361e+03
zm1k                =  5.79402e+01
zn1k                =  2.58193e-02
zn20k               =  2.68017e-01
CELL out=fix2 trim=6 att=75 mode=3db
zrmax = 5.311775e+01
zr20 = 5.311775e+01
zr1k = 4.701984e+01
zr20k = 4.701883e+01
zm20 = 1.693610e+03
zm1k = 5.794019e+01
zn1k = 2.581932e-02
zn20k = 2.680166e-01
Doing analysis at TEMP = 27.000000 and TNOM = 27.000000

Using SPARSE 1.3 as Direct Linear Solver

No. of Data Rows : 81
g1k                 =  1.44437e+00
GAIN trim=6 att=75 mode=10db
g1k = 1.444368e+00
Doing analysis at TEMP = 27.000000 and TNOM = 27.000000

Using SPARSE 1.3 as Direct Linear Solver

No. of Data Rows : 81
zrmax               =  6.00838e+01 at=  2.00000e+01
zr20                =  6.00838e+01
zr1k                =  4.70649e+01
zr20k               =  4.71369e+01
zm20                =  1.69338e+03
zm1k                =  5.79557e+01
zn1k                =  8.13343e-02
zn20k               =  8.39157e-01
CELL out=main trim=6 att=75 mode=10db
zrmax = 6.008381e+01
zr20 = 6.008381e+01
zr1k = 4.706494e+01
zr20k = 4.713694e+01
zm20 = 1.693378e+03
zm1k = 5.795573e+01
zn1k = 8.133429e-02
zn20k = 8.391571e-01
Doing analysis at TEMP = 27.000000 and TNOM = 27.000000

Using SPARSE 1.3 as Direct Linear Solver

No. of Data Rows : 81
zrmax               =  5.31177e+01 at=  2.00000e+01
zr20                =  5.31177e+01
zr1k                =  4.70198e+01
zr20k               =  4.70188e+01
zm20                =  1.69361e+03
zm1k                =  5.79402e+01
zn1k                =  2.58193e-02
zn20k               =  2.68016e-01
CELL out=fix1 trim=6 att=75 mode=10db
zrmax = 5.311775e+01
zr20 = 5.311775e+01
zr1k = 4.701984e+01
zr20k = 4.701883e+01
zm20 = 1.693610e+03
zm1k = 5.794019e+01
zn1k = 2.581929e-02
zn20k = 2.680164e-01
Doing analysis at TEMP = 27.000000 and TNOM = 27.000000

Using SPARSE 1.3 as Direct Linear Solver

No. of Data Rows : 81
zrmax               =  5.31177e+01 at=  2.00000e+01
zr20                =  5.31177e+01
zr1k                =  4.70198e+01
zr20k               =  4.70188e+01
zm20                =  1.69361e+03
zm1k                =  5.79402e+01
zn1k                =  2.58193e-02
zn20k               =  2.68016e-01
CELL out=fix2 trim=6 att=75 mode=10db
zrmax = 5.311775e+01
zr20 = 5.311775e+01
zr1k = 4.701984e+01
zr20k = 4.701883e+01
zm20 = 1.693610e+03
zm1k = 5.794019e+01
zn1k = 2.581929e-02
zn20k = 2.680164e-01
Doing analysis at TEMP = 27.000000 and TNOM = 27.000000

Using SPARSE 1.3 as Direct Linear Solver

No. of Data Rows : 81
g1k                 =  -6.01151e+00
GAIN trim=6 att=100 mode=0db
g1k = -6.01151e+00
Doing analysis at TEMP = 27.000000 and TNOM = 27.000000

Using SPARSE 1.3 as Direct Linear Solver

No. of Data Rows : 81
zrmax               =  6.00363e+01 at=  2.00000e+01
zr20                =  6.00363e+01
zr1k                =  4.70173e+01
zr20k               =  4.70120e+01
zm20                =  1.69338e+03
zm1k                =  5.79336e+01
zn1k                =  2.58182e-02
zn20k               =  2.68129e-01
CELL out=main trim=6 att=100 mode=0db
zrmax = 6.003631e+01
zr20 = 6.003631e+01
zr1k = 4.701726e+01
zr20k = 4.701200e+01
zm20 = 1.693378e+03
zm1k = 5.793360e+01
zn1k = 2.581815e-02
zn20k = 2.681290e-01
Doing analysis at TEMP = 27.000000 and TNOM = 27.000000

Using SPARSE 1.3 as Direct Linear Solver

No. of Data Rows : 81
zrmax               =  5.31177e+01 at=  2.00000e+01
zr20                =  5.31177e+01
zr1k                =  4.70198e+01
zr20k               =  4.70188e+01
zm20                =  1.69361e+03
zm1k                =  5.79402e+01
zn1k                =  2.58193e-02
zn20k               =  2.68017e-01
CELL out=fix1 trim=6 att=100 mode=0db
zrmax = 5.311775e+01
zr20 = 5.311775e+01
zr1k = 4.701984e+01
zr20k = 4.701883e+01
zm20 = 1.693610e+03
zm1k = 5.794019e+01
zn1k = 2.581931e-02
zn20k = 2.680166e-01
Doing analysis at TEMP = 27.000000 and TNOM = 27.000000

Using SPARSE 1.Note: Starting dynamic gmin stepping
Warning: Dynamic gmin stepping failed
Note: Starting true gmin stepping
Warning: True gmin stepping failed
Note: Starting source stepping
Note: Source stepping completed
Note: Starting dynamic gmin stepping
Warning: Dynamic gmin stepping failed
Note: Starting true gmin stepping
Warning: True gmin stepping failed
Note: Starting source stepping
Note: Source stepping completed
Note: Starting dynamic gmin stepping
Warning: Dynamic gmin stepping failed
Note: Starting true gmin stepping
Warning: True gmin stepping failed
Note: Starting source stepping
Note: Source stepping completed
3 as Direct Linear Solver

No. of Data Rows : 81
zrmax               =  5.31177e+01 at=  2.00000e+01
zr20                =  5.31177e+01
zr1k                =  4.70198e+01
zr20k               =  4.70188e+01
zm20                =  1.69361e+03
zm1k                =  5.79402e+01
zn1k                =  2.58193e-02
zn20k               =  2.68017e-01
CELL out=fix2 trim=6 att=100 mode=0db
zrmax = 5.311775e+01
zr20 = 5.311775e+01
zr1k = 4.701984e+01
zr20k = 4.701883e+01
zm20 = 1.693610e+03
zm1k = 5.794019e+01
zn1k = 2.581931e-02
zn20k = 2.680166e-01
Doing analysis at TEMP = 27.000000 and TNOM = 27.000000

Using SPARSE 1.3 as Direct Linear Solver

No. of Data Rows : 81
g1k                 =  -2.96532e+00
GAIN trim=6 att=100 mode=3db
g1k = -2.96532e+00
Doing analysis at TEMP = 27.000000 and TNOM = 27.000000

Using SPARSE 1.3 as Direct Linear Solver

No. of Data Rows : 81
zrmax               =  6.00456e+01 at=  2.00000e+01
zr20                =  6.00456e+01
zr1k                =  4.70266e+01
zr20k               =  4.70329e+01
zm20                =  1.69338e+03
zm1k                =  5.79379e+01
zn1k                =  3.66613e-02
zn20k               =  3.79974e-01
CELL out=main trim=6 att=100 mode=3db
zrmax = 6.004559e+01
zr20 = 6.004559e+01
zr1k = 4.702657e+01
zr20k = 4.703292e+01
zm20 = 1.693378e+03
zm1k = 5.793790e+01
zn1k = 3.666131e-02
zn20k = 3.799739e-01
Doing analysis at TEMP = 27.000000 and TNOM = 27.000000

Using SPARSE 1.3 as Direct Linear Solver

No. of Data Rows : 81
zrmax               =  5.31177e+01 at=  2.00000e+01
zr20                =  5.31177e+01
zr1k                =  4.70198e+01
zr20k               =  4.70188e+01
zm20                =  1.69361e+03
zm1k                =  5.79402e+01
zn1k                =  2.58193e-02
zn20k               =  2.68017e-01
CELL out=fix1 trim=6 att=100 mode=3db
zrmax = 5.311775e+01
zr20 = 5.311775e+01
zr1k = 4.701984e+01
zr20k = 4.701883e+01
zm20 = 1.693610e+03
zm1k = 5.794019e+01
zn1k = 2.581931e-02
zn20k = 2.680166e-01
Doing analysis at TEMP = 27.000000 and TNOM = 27.000000

Using SPARSE 1.3 as Direct Linear Solver

No. of Data Rows : 81
zrmax               =  5.31177e+01 at=  2.00000e+01
zr20                =  5.31177e+01
zr1k                =  4.70198e+01
zr20k               =  4.70188e+01
zm20                =  1.69361e+03
zm1k                =  5.79402e+01
zn1k                =  2.58193e-02
zn20k               =  2.68017e-01
CELL out=fix2 trim=6 att=100 mode=3db
zrmax = 5.311775e+01
zr20 = 5.311775e+01
zr1k = 4.701984e+01
zr20k = 4.701883e+01
zm20 = 1.693610e+03
zm1k = 5.794019e+01
zn1k = 2.581931e-02
zn20k = 2.680166e-01
Doing analysis at TEMP = 27.000000 and TNOM = 27.000000

Using SPARSE 1.3 as Direct Linear Solver

No. of Data Rows : 81
g1k                 =  3.95780e+00
GAIN trim=6 att=100 mode=10db
g1k = 3.957799e+00
Doing analysis at TEMP = 27.000000 and TNOM = 27.000000

Using SPARSE 1.3 as Direct Linear Solver

No. of Data Rows : 81
zrmax               =  6.00838e+01 at=  2.00000e+01
zr20                =  6.00838e+01
zr1k                =  4.70649e+01
zr20k               =  4.71371e+01
zm20                =  1.69338e+03
zm1k                =  5.79557e+01
zn1k                =  8.13309e-02
zn20k               =  8.39142e-01
CELL out=main trim=6 att=100 mode=10db
zrmax = 6.008380e+01
zr20 = 6.008380e+01
zr1k = 4.706494e+01
zr20k = 4.713709e+01
zm20 = 1.693378e+03
zm1k = 5.795573e+01
zn1k = 8.133092e-02
zn20k = 8.391421e-01
Doing analysis at TEMP = 27.000000 and TNOM = 27.000000

Using SPARSE 1.3 as Direct Linear Solver

No. of Data Rows : 81
zrmax               =  5.31177e+01 at=  2.00000e+01
zr20                =  5.31177e+01
zr1k                =  4.70198e+01
zr20k               =  4.70188e+01
zm20                =  1.69361e+03
zm1k                =  5.79402e+01
zn1k                =  2.58193e-02
zn20k               =  2.68017e-01
CELL out=fix1 trim=6 att=100 mode=10db
zrmax = 5.311775e+01
zr20 = 5.311775e+01
zr1k = 4.701984e+01
zr20k = 4.701883e+01
zm20 = 1.693610e+03
zm1k = 5.794019e+01
zn1k = 2.581931e-02
zn20k = 2.680166e-01
Doing analysis at TEMP = 27.000000 and TNONote: Starting dynamic gmin stepping
Warning: Dynamic gmin stepping failed
Note: Starting true gmin stepping
Warning: True gmin stepping failed
Note: Starting source stepping
Note: Source stepping completed
M = 27.000000

Using SPARSE 1.3 as Direct Linear Solver
 Reference value :  2.00000e+01Note: Starting dynamic gmin stepping
Warning: Dynamic gmin stepping failed
Note: Starting true gmin stepping
Warning: True gmin stepping failed
Note: Starting source stepping
Note: Source stepping completed
Note: Starting dynamic gmin stepping
Warning: Dynamic gmin stepping failed
Note: Starting true gmin stepping
Warning: True gmin stepping failed
Note: Starting source stepping
Note: Source stepping completed
Note: Starting dynamic gmin stepping
Warning: Dynamic gmin stepping failed
Note: Starting true gmin stepping
Warning: True gmin stepping failed
Note: Starting source stepping
Note: Source stepping completed
Note: Starting dynamic gmin stepping
Warning: Dynamic gmin stepping failed
Note: Starting true gmin stepping
Warning: True gmin stepping failed
Note: Starting source stepping
Note: Source stepping completed
Note: Starting dynamic gmin stepping
Warning: Dynamic gmin stepping failed
Note: Starting true gmin stepping
Note: True gmin stepping completed
Note: Starting dynamic gmin stepping
Warning: Dynamic gmin stepping failed
Note: Starting true gmin stepping
Note: True gmin stepping completed
Note: Starting dynamic gmin stepping
Warning: Dynamic gmin stepping failed
Note: Starting true gmin stepping
Note: True gmin stepping completed

No. of Data Rows : 81
zrmax               =  5.31177e+01 at=  2.00000e+01
zr20                =  5.31177e+01
zr1k                =  4.70198e+01
zr20k               =  4.70188e+01
zm20                =  1.69361e+03
zm1k                =  5.79402e+01
zn1k                =  2.58193e-02
zn20k               =  2.68017e-01
CELL out=fix2 trim=6 att=100 mode=10db
zrmax = 5.311775e+01
zr20 = 5.311775e+01
zr1k = 4.701984e+01
zr20k = 4.701883e+01
zm20 = 1.693610e+03
zm1k = 5.794019e+01
zn1k = 2.581931e-02
zn20k = 2.680166e-01
Doing analysis at TEMP = 27.000000 and TNOM = 27.000000

Using SPARSE 1.3 as Direct Linear Solver

No. of Data Rows : 81
g1k                 =  -1.51945e+02
GAIN trim=12 att=0 mode=0db
g1k = -1.51945e+02
Doing analysis at TEMP = 27.000000 and TNOM = 27.000000

Using SPARSE 1.3 as Direct Linear Solver

No. of Data Rows : 81
zrmax               =  6.00363e+01 at=  2.00000e+01
zr20                =  6.00363e+01
zr1k                =  4.70173e+01
zr20k               =  4.70120e+01
zm20                =  1.69338e+03
zm1k                =  5.79336e+01
zn1k                =  2.58199e-02
zn20k               =  2.68134e-01
CELL out=main trim=12 att=0 mode=0db
zrmax = 6.003632e+01
zr20 = 6.003632e+01
zr1k = 4.701726e+01
zr20k = 4.701201e+01
zm20 = 1.693378e+03
zm1k = 5.793360e+01
zn1k = 2.581989e-02
zn20k = 2.681336e-01
Doing analysis at TEMP = 27.000000 and TNOM = 27.000000

Using SPARSE 1.3 as Direct Linear Solver

No. of Data Rows : 81
zrmax               =  5.31177e+01 at=  2.00000e+01
zr20                =  5.31177e+01
zr1k                =  4.70198e+01
zr20k               =  4.70188e+01
zm20                =  1.69361e+03
zm1k                =  5.79402e+01
zn1k                =  2.58193e-02
zn20k               =  2.68016e-01
CELL out=fix1 trim=12 att=0 mode=0db
zrmax = 5.311775e+01
zr20 = 5.311775e+01
zr1k = 4.701984e+01
zr20k = 4.701883e+01
zm20 = 1.693610e+03
zm1k = 5.794019e+01
zn1k = 2.581929e-02
zn20k = 2.680163e-01
Doing analysis at TEMP = 27.000000 and TNOM = 27.000000

Using SPARSE 1.3 as Direct Linear Solver

No. of Data Rows : 81
zrmax               =  5.31177e+01 at=  2.00000e+01
zr20                =  5.31177e+01
zr1k                =  4.70198e+01
zr20k               =  4.70188e+01
zm20                =  1.69361e+03
zm1k                =  5.79402e+01
zn1k                =  2.58193e-02
zn20k               =  2.68016e-01
CELL out=fix2 trim=12 att=0 mode=0db
zrmax = 5.311775e+01
zr20 = 5.311775e+01
zr1k = 4.701984e+01
zr20k = 4.701883e+01
zm20 = 1.693610e+03
zm1k = 5.794019e+01
zn1k = 2.581929e-02
zn20k = 2.680163e-01
Doing analysis at TEMP = 27.000000 and TNOM = 27.000000

Using SPARSE 1.3 as Direct Linear Solver

No. of Data Rows : 81
g1k                 =  -1.48899e+02
GAIN trim=12 att=0 mode=3db
g1k = -1.48899e+02
Doing analysis at TEMP = 27.000000 and TNOM = 27.000000

Using SPARSE 1.3 as Direct Linear Solver

No. of Data Rows : 81
zrmax               =  6.00456e+01 at=  2.00000e+01
zr20                =  6.00456e+01
zr1k                =  4.70266e+01
zr20k               =  4.70329e+01
zm20                =  1.69338e+03
zm1k                =  5.79379e+01
zn1k                =  3.66645e-02
zn20k               =  3.79981e-01
CELL out=main trim=12 att=0 mode=3db
zrmax = 6.004559e+01
zr20 = 6.004559e+01
zr1k = 4.702657e+01
zr20k = 4.703295e+01
zm20 = 1.693378e+03
zm1k = 5.793791e+01
zn1k = 3.666455e-02
zn20k = 3.799810e-01
Doing analysis at TEMP = 27.000000 and TNOM = 27.000000

Using SPARSE 1.3 as Direct Linear Solver

No. of Data Rows : 81
zrmax               =  5.31177e+01 at=  2.00000e+01
zr20                =  5.31177e+01
zr1k                =  4.70198e+01
zr20k               =  4.70188e+01
zm20                =  1.69361e+03
zm1k                =  5.79402e+01
zn1k                =  2.58193e-02
zn20k               =  2.68017e-01
CELL out=fix1 trim=12 att=0 mode=3db
zrmax = 5.311775e+01
zr20 = 5.311775e+01
zr1k = 4.701984e+01
zr20k = 4.701883e+01
zm20 = 1.693610e+03
zm1k = 5.794019e+01
zn1k = 2.581931e-02
zn20k = 2.680166e-01
Doing analysis at TEMP = 27.000000 and TNOM = 27.000000

Using SPARSE 1.3 asNote: Starting dynamic gmin stepping
Warning: Dynamic gmin stepping failed
Note: Starting true gmin stepping
Note: True gmin stepping completed
Note: Starting dynamic gmin stepping
Warning: Dynamic gmin stepping failed
Note: Starting true gmin stepping
Note: True gmin stepping completed
 Direct Linear Solver

No. of Data Rows : 81
zrmax               =  5.31177e+01 at=  2.00000e+01
zr20                =  5.31177e+01
zr1k                =  4.70198e+01
zr20k               =  4.70188e+01
zm20                =  1.69361e+03
zm1k                =  5.79402e+01
zn1k                =  2.58193e-02
zn20k               =  2.68017e-01
CELL out=fix2 trim=12 att=0 mode=3db
zrmax = 5.311775e+01
zr20 = 5.311775e+01
zr1k = 4.701984e+01
zr20k = 4.701883e+01
zm20 = 1.693610e+03
zm1k = 5.794019e+01
zn1k = 2.581931e-02
zn20k = 2.680166e-01
Doing analysis at TEMP = 27.000000 and TNOM = 27.000000

Using SPARSE 1.3 as Direct Linear Solver
 Reference value :  7.96214e+02Note: Starting dynamic gmin stepping
Warning: Dynamic gmin stepping failed
Note: Starting true gmin stepping
Note: True gmin stepping completed
Note: Starting dynamic gmin stepping
Warning: Dynamic gmin stepping failed
Note: Starting true gmin stepping
Note: True gmin stepping completed
Note: Starting dynamic gmin stepping
Warning: Dynamic gmin stepping failed
Note: Starting true gmin stepping
Note: True gmin stepping completed
Note: Starting dynamic gmin stepping
Warning: Dynamic gmin stepping failed
Note: Starting true gmin stepping
Warning: True gmin stepping failed
Note: Starting source stepping
Note: Source stepping completed

No. of Data Rows : 81
g1k                 =  -1.41976e+02
GAIN trim=12 att=0 mode=10db
g1k = -1.41976e+02
Doing analysis at TEMP = 27.000000 and TNOM = 27.000000

Using SPARSE 1.3 as Direct Linear Solver

No. of Data Rows : 81
zrmax               =  6.00838e+01 at=  2.00000e+01
zr20                =  6.00838e+01
zr1k                =  4.70650e+01
zr20k               =  4.71371e+01
zm20                =  1.69338e+03
zm1k                =  5.79557e+01
zn1k                =  8.13447e-02
zn20k               =  8.39160e-01
CELL out=main trim=12 att=0 mode=10db
zrmax = 6.008382e+01
zr20 = 6.008382e+01
zr1k = 4.706496e+01
zr20k = 4.713715e+01
zm20 = 1.693378e+03
zm1k = 5.795574e+01
zn1k = 8.134465e-02
zn20k = 8.391599e-01
Doing analysis at TEMP = 27.000000 and TNOM = 27.000000

Using SPARSE 1.3 as Direct Linear Solver

No. of Data Rows : 81
zrmax               =  5.31177e+01 at=  2.00000e+01
zr20                =  5.31177e+01
zr1k                =  4.70198e+01
zr20k               =  4.70188e+01
zm20                =  1.69361e+03
zm1k                =  5.79402e+01
zn1k                =  2.58193e-02
zn20k               =  2.68017e-01
CELL out=fix1 trim=12 att=0 mode=10db
zrmax = 5.311775e+01
zr20 = 5.311775e+01
zr1k = 4.701984e+01
zr20k = 4.701883e+01
zm20 = 1.693610e+03
zm1k = 5.794019e+01
zn1k = 2.581931e-02
zn20k = 2.680166e-01
Doing analysis at TEMP = 27.000000 and TNOM = 27.000000

Using SPARSE 1.3 as Direct Linear Solver

No. of Data Rows : 81
zrmax               =  5.31177e+01 at=  2.00000e+01
zr20                =  5.31177e+01
zr1k                =  4.70198e+01
zr20k               =  4.70188e+01
zm20                =  1.69361e+03
zm1k                =  5.79402e+01
zn1k                =  2.58193e-02
zn20k               =  2.68017e-01
CELL out=fix2 trim=12 att=0 mode=10db
zrmax = 5.311775e+01
zr20 = 5.311775e+01
zr1k = 4.701984e+01
zr20k = 4.701883e+01
zm20 = 1.693610e+03
zm1k = 5.794019e+01
zn1k = 2.581931e-02
zn20k = 2.680166e-01
Doing analysis at TEMP = 27.000000 and TNOM = 27.000000

Using SPARSE 1.3 as Direct Linear Solver

No. of Data Rows : 81
g1k                 =  -2.40027e+01
GAIN trim=12 att=25 mode=0db
g1k = -2.40027e+01
Doing analysis at TEMP = 27.000000 and TNOM = 27.000000

Using SPARSE 1.3 as Direct Linear Solver

No. of Data Rows : 81
zrmax               =  6.00363e+01 at=  2.00000e+01
zr20                =  6.00363e+01
zr1k                =  4.70173e+01
zr20k               =  4.70120e+01
zm20                =  1.69338e+03
zm1k                =  5.79336e+01
zn1k                =  2.58197e-02
zn20k               =  2.68134e-01
CELL out=main trim=12 att=25 mode=0db
zrmax = 6.003632e+01
zr20 = 6.003632e+01
zr1k = 4.701726e+01
zr20k = 4.701195e+01
zm20 = 1.693378e+03
zm1k = 5.793360e+01
zn1k = 2.581969e-02
zn20k = 2.681344e-01
Doing analysis at TEMP = 27.000000 and TNOM = 27.000000

Using SPARSE 1.3 as Direct Linear Solver

No. of Data Rows : 81
zrmax               =  5.31177e+01 at=  2.00000e+01
zr20                =  5.31177e+01
zr1k                =  4.70198e+01
zr20k               =  4.70188e+01
zm20                =  1.69361e+03
zm1k                =  5.79402e+01
zn1k                =  2.58193e-02
zn20k               =  2.68017e-01
CELL out=fix1 trim=12 att=25 mode=0db
zrmax = 5.311775e+01
zr20 = 5.311775e+01
zr1k = 4.701984e+01
zr20k = 4.701883e+01
zm20 = 1.693610e+03
zm1k = 5.794019e+01
zn1k = 2.581931e-02
zn20k = 2.680166e-01
Doing analysis at TEMP = 27.000000 and TNOM = 27.000000

Using SPARSE 1.3 as Direct Linear Solver

No. of Data Rows : 81
zrmax               =  5.31177e+01 at=  2.00000e+01
zr20                =  5.31177e+01
zr1k                =  4.70198e+01
zr20k               =  4.70188e+01
zm20                =  1.69361e+03
zm1k                =  5.79402e+01
zn1k                =  2.58193e-02
zn20k               =  2.68017e-01
CELL out=fix2 trim=12 att=25 mode=0db
zrmax = 5.311775e+01
zr20 = 5.311775e+01
zr1k = 4.701984e+01
zr20k = 4.701883e+01
zm20 = 1.693610e+03
zm1k = 5.794019e+01
zn1k = 2.581931e-02
zn20k = 2.680166e-01
Doing analysis at TEMP = 27.000000 and TNOM = 27.000000

Using SPARSE Note: Starting dynamic gmin stepping
Warning: Dynamic gmin stepping failed
Note: Starting true gmin stepping
Warning: True gmin stepping failed
Note: Starting source stepping
Note: Source stepping completed
Note: Starting dynamic gmin stepping
Warning: Dynamic gmin stepping failed
Note: Starting true gmin stepping
Warning: True gmin stepping failed
Note: Starting source stepping
Note: Source stepping completed
Note: Starting dynamic gmin stepping
Warning: Dynamic gmin stepping failed
Note: Starting true gmin stepping
Warning: True gmin stepping failed
Note: Starting source stepping
Note: Source stepping completed
Note: Starting dynamic gmin stepping
Warning: Dynamic gmin stepping failed
Note: Starting true gmin stepping
Warning: True gmin stepping failed
Note: Starting source stepping
Note: Source stepping completed
1.3 as Direct Linear Solver

No. of Data Rows : 81
g1k                 =  -2.09565e+01
GAIN trim=12 att=25 mode=3db
g1k = -2.09565e+01
Doing analysis at TEMP = 27.000000 and TNOM = 27.000000

Using SPARSE 1.3 as Direct Linear Solver

No. of Data Rows : 81
zrmax               =  6.00456e+01 at=  2.00000e+01
zr20                =  6.00456e+01
zr1k                =  4.70266e+01
zr20k               =  4.70329e+01
zm20                =  1.69338e+03
zm1k                =  5.79379e+01
zn1k                =  3.66641e-02
zn20k               =  3.79982e-01
CELL out=main trim=12 att=25 mode=3db
zrmax = 6.004559e+01
zr20 = 6.004559e+01
zr1k = 4.702657e+01
zr20k = 4.703287e+01
zm20 = 1.693378e+03
zm1k = 5.793790e+01
zn1k = 3.666411e-02
zn20k = 3.799822e-01
Doing analysis at TEMP = 27.000000 and TNOM = 27.000000

Using SPARSE 1.3 as Direct Linear Solver

No. of Data Rows : 81
zrmax               =  5.31177e+01 at=  2.00000e+01
zr20                =  5.31177e+01
zr1k                =  4.70198e+01
zr20k               =  4.70188e+01
zm20                =  1.69361e+03
zm1k                =  5.79402e+01
zn1k                =  2.58193e-02
zn20k               =  2.68016e-01
CELL out=fix1 trim=12 att=25 mode=3db
zrmax = 5.311775e+01
zr20 = 5.311775e+01
zr1k = 4.701984e+01
zr20k = 4.701883e+01
zm20 = 1.693610e+03
zm1k = 5.794019e+01
zn1k = 2.581929e-02
zn20k = 2.680163e-01
Doing analysis at TEMP = 27.000000 and TNOM = 27.000000

Using SPARSE 1.3 as Direct Linear Solver

No. of Data Rows : 81
zrmax               =  5.31177e+01 at=  2.00000e+01
zr20                =  5.31177e+01
zr1k                =  4.70198e+01
zr20k               =  4.70188e+01
zm20                =  1.69361e+03
zm1k                =  5.79402e+01
zn1k                =  2.58193e-02
zn20k               =  2.68016e-01
CELL out=fix2 trim=12 att=25 mode=3db
zrmax = 5.311775e+01
zr20 = 5.311775e+01
zr1k = 4.701984e+01
zr20k = 4.701883e+01
zm20 = 1.693610e+03
zm1k = 5.794019e+01
zn1k = 2.581929e-02
zn20k = 2.680163e-01
Doing analysis at TEMP = 27.000000 and TNOM = 27.000000

Using SPARSE 1.3 as Direct Linear Solver

No. of Data Rows : 81
g1k                 =  -1.40334e+01
GAIN trim=12 att=25 mode=10db
g1k = -1.40334e+01
Doing analysis at TEMP = 27.000000 and TNOM = 27.000000

Using SPARSE 1.3 as Direct Linear Solver

No. of Data Rows : 81
zrmax               =  6.00838e+01 at=  2.00000e+01
zr20                =  6.00838e+01
zr1k                =  4.70650e+01
zr20k               =  4.71370e+01
zm20                =  1.69338e+03
zm1k                =  5.79557e+01
zn1k                =  8.13429e-02
zn20k               =  8.39169e-01
CELL out=main trim=12 att=25 mode=10db
zrmax = 6.008381e+01
zr20 = 6.008381e+01
zr1k = 4.706495e+01
zr20k = 4.713698e+01
zm20 = 1.693378e+03
zm1k = 5.795574e+01
zn1k = 8.134291e-02
zn20k = 8.391690e-01
Doing analysis at TEMP = 27.000000 and TNOM = 27.000000

Using SPARSE 1.3 as Direct Linear Solver

No. of Data Rows : 81
zrmax               =  5.31177e+01 at=  2.00000e+01
zr20                =  5.31177e+01
zr1k                =  4.70198e+01
zr20k               =  4.70188e+01
zm20                =  1.69361e+03
zm1k                =  5.79402e+01
zn1k                =  2.58193e-02
zn20k               =  2.68017e-01
CELL out=fix1 trim=12 att=25 mode=10db
zrmax = 5.311775e+01
zr20 = 5.311775e+01
zr1k = 4.701984e+01
zr20k = 4.701883e+01
zm20 = 1.693610e+03
zm1k = 5.794019e+01
zn1k = 2.581931e-02
zn20k = 2.680166e-01
Doing analysis at TEMP = 27.000000 and TNOM = 27.000000

Using SPARSE 1.3 as Direct Linear Solver

No. of Data Rows : 81
zrmax               =  5.31177e+01 at=  2.00000e+01
zr20                =  5.31177e+01
zr1k                =  4.70198e+01
zr20k               =  4.70188e+01
zm20                =  1.69361e+03
zm1k                =  5.79402e+01
zn1k                =  2.58193e-02
zn20k               =  2.68017e-01
CELL out=fix2 trim=12 att=25 mode=10db
zrmax = 5.311775e+01
zr20 = 5.311775e+01
zr1k = 4.701984e+01
zr20k = 4.701883e+01
zm20 = 1.693610e+03
zm1k = 5.794019e+01
zn1k = 2.581931e-02
zn20k = 2.680166e-01
Doing analysis at TEMP = 27.000000 andNote: Starting dynamic gmin stepping
Warning: Dynamic gmin stepping failed
Note: Starting true gmin stepping
Warning: True gmin stepping failed
Note: Starting source stepping
Note: Source stepping completed
 TNOM = 27.000000

Using SPARSE 1.3 as Direct Linear Solver
 Reference value :  2.00000e+01Note: Starting dynamic gmin stepping
Warning: Dynamic gmin stepping failed
Note: Starting true gmin stepping
Warning: True gmin stepping failed
Note: Starting source stepping
Note: Source stepping completed
Note: Starting dynamic gmin stepping
Warning: Dynamic gmin stepping failed
Note: Starting true gmin stepping
Warning: True gmin stepping failed
Note: Starting source stepping
Note: Source stepping completed
Note: Starting dynamic gmin stepping
Warning: Dynamic gmin stepping failed
Note: Starting true gmin stepping
Warning: True gmin stepping failed
Note: Starting source stepping
Note: Source stepping completed

No. of Data Rows : 81
g1k                 =  -1.79881e+01
GAIN trim=12 att=50 mode=0db
g1k = -1.79881e+01
Doing analysis at TEMP = 27.000000 and TNOM = 27.000000

Using SPARSE 1.3 as Direct Linear Solver

No. of Data Rows : 81
zrmax               =  6.00363e+01 at=  2.00000e+01
zr20                =  6.00363e+01
zr1k                =  4.70173e+01
zr20k               =  4.70119e+01
zm20                =  1.69338e+03
zm1k                =  5.79336e+01
zn1k                =  2.58195e-02
zn20k               =  2.68134e-01
CELL out=main trim=12 att=50 mode=0db
zrmax = 6.003632e+01
zr20 = 6.003632e+01
zr1k = 4.701726e+01
zr20k = 4.701193e+01
zm20 = 1.693378e+03
zm1k = 5.793360e+01
zn1k = 2.581948e-02
zn20k = 2.681343e-01
Doing analysis at TEMP = 27.000000 and TNOM = 27.000000

Using SPARSE 1.3 as Direct Linear Solver

No. of Data Rows : 81
zrmax               =  5.31177e+01 at=  2.00000e+01
zr20                =  5.31177e+01
zr1k                =  4.70198e+01
zr20k               =  4.70188e+01
zm20                =  1.69361e+03
zm1k                =  5.79402e+01
zn1k                =  2.58193e-02
zn20k               =  2.68017e-01
CELL out=fix1 trim=12 att=50 mode=0db
zrmax = 5.311775e+01
zr20 = 5.311775e+01
zr1k = 4.701984e+01
zr20k = 4.701883e+01
zm20 = 1.693610e+03
zm1k = 5.794019e+01
zn1k = 2.581932e-02
zn20k = 2.680167e-01
Doing analysis at TEMP = 27.000000 and TNOM = 27.000000

Using SPARSE 1.3 as Direct Linear Solver

No. of Data Rows : 81
zrmax               =  5.31177e+01 at=  2.00000e+01
zr20                =  5.31177e+01
zr1k                =  4.70198e+01
zr20k               =  4.70188e+01
zm20                =  1.69361e+03
zm1k                =  5.79402e+01
zn1k                =  2.58193e-02
zn20k               =  2.68017e-01
CELL out=fix2 trim=12 att=50 mode=0db
zrmax = 5.311775e+01
zr20 = 5.311775e+01
zr1k = 4.701984e+01
zr20k = 4.701883e+01
zm20 = 1.693610e+03
zm1k = 5.794019e+01
zn1k = 2.581932e-02
zn20k = 2.680167e-01
Doing analysis at TEMP = 27.000000 and TNOM = 27.000000

Using SPARSE 1.3 as Direct Linear Solver

No. of Data Rows : 81
g1k                 =  -1.49419e+01
GAIN trim=12 att=50 mode=3db
g1k = -1.49419e+01
Doing analysis at TEMP = 27.000000 and TNOM = 27.000000

Using SPARSE 1.3 as Direct Linear Solver

No. of Data Rows : 81
zrmax               =  6.00456e+01 at=  2.00000e+01
zr20                =  6.00456e+01
zr1k                =  4.70266e+01
zr20k               =  4.70328e+01
zm20                =  1.69338e+03
zm1k                =  5.79379e+01
zn1k                =  3.66637e-02
zn20k               =  3.79982e-01
CELL out=main trim=12 att=50 mode=3db
zrmax = 6.004559e+01
zr20 = 6.004559e+01
zr1k = 4.702657e+01
zr20k = 4.703284e+01
zm20 = 1.693378e+03
zm1k = 5.793790e+01
zn1k = 3.666374e-02
zn20k = 3.799825e-01
Doing analysis at TEMP = 27.000000 and TNOM = 27.000000

Using SPARSE 1.3 as Direct Linear Solver

No. of Data Rows : 81
zrmax               =  5.31177e+01 at=  2.00000e+01
zr20                =  5.31177e+01
zr1k                =  4.70198e+01
zr20k               =  4.70188e+01
zm20                =  1.69361e+03
zm1k                =  5.79402e+01
zn1k                =  2.58193e-02
zn20k               =  2.68017e-01
CELL out=fix1 trim=12 att=50 mode=3db
zrmax = 5.311775e+01
zr20 = 5.311775e+01
zr1k = 4.701984e+01
zr20k = 4.701883e+01
zm20 = 1.693610e+03
zm1k = 5.794019e+01
zn1k = 2.581931e-02
zn20k = 2.680166e-01
Doing analysis at TEMP = 27.000000 and TNOM = 27.000000

Using SPARSE 1.3 as Direct Linear Solver

No. of Data Rows : 81
zrmax               =  5.31177e+01 at=  2.00000e+01
zr20                =  5.31177e+01
zr1k                =  4.70198e+01
zr20k               =  4.70188e+01
zm20                =  1.69361e+03
zm1k                =  5.79402e+01
zn1k                =  2.58193e-02
zn20k               =  2.68017e-01
CELL out=fix2 trim=12 att=50 mode=3db
zrmax = 5.311775e+01
zr20 = 5.311775e+01
zr1k = 4.701984e+01
zr20k = 4.701883e+01
zm20 = 1.693610e+03
zm1k = 5.794019e+01
zn1k = 2.581931e-02
zn20k = 2.680166e-01
Doing analysis at TEMP = 27.000000 and TNOM = 27.000000

Using SPARSE Note: Starting dynamic gmin stepping
Warning: Dynamic gmin stepping failed
Note: Starting true gmin stepping
Warning: True gmin stepping failed
Note: Starting source stepping
Note: Source stepping completed
Note: Starting dynamic gmin stepping
Warning: Dynamic gmin stepping failed
Note: Starting true gmin stepping
Warning: True gmin stepping failed
Note: Starting source stepping
Note: Source stepping completed
Note: Starting dynamic gmin stepping
Warning: Dynamic gmin stepping failed
Note: Starting true gmin stepping
Warning: True gmin stepping failed
Note: Starting source stepping
Note: Source stepping completed
Note: Starting dynamic gmin stepping
Warning: Dynamic gmin stepping failed
Note: Starting true gmin stepping
Warning: True gmin stepping failed
Note: Starting source stepping
Note: Source stepping completed
1.3 as Direct Linear Solver

No. of Data Rows : 81
g1k                 =  -8.01878e+00
GAIN trim=12 att=50 mode=10db
g1k = -8.01878e+00
Doing analysis at TEMP = 27.000000 and TNOM = 27.000000

Using SPARSE 1.3 as Direct Linear Solver

No. of Data Rows : 81
zrmax               =  6.00838e+01 at=  2.00000e+01
zr20                =  6.00838e+01
zr1k                =  4.70650e+01
zr20k               =  4.71369e+01
zm20                =  1.69338e+03
zm1k                =  5.79557e+01
zn1k                =  8.13412e-02
zn20k               =  8.39171e-01
CELL out=main trim=12 att=50 mode=10db
zrmax = 6.008381e+01
zr20 = 6.008381e+01
zr1k = 4.706495e+01
zr20k = 4.713691e+01
zm20 = 1.693378e+03
zm1k = 5.795574e+01
zn1k = 8.134117e-02
zn20k = 8.391706e-01
Doing analysis at TEMP = 27.000000 and TNOM = 27.000000

Using SPARSE 1.3 as Direct Linear Solver

No. of Data Rows : 81
zrmax               =  5.31177e+01 at=  2.00000e+01
zr20                =  5.31177e+01
zr1k                =  4.70198e+01
zr20k               =  4.70188e+01
zm20                =  1.69361e+03
zm1k                =  5.79402e+01
zn1k                =  2.58193e-02
zn20k               =  2.68017e-01
CELL out=fix1 trim=12 att=50 mode=10db
zrmax = 5.311775e+01
zr20 = 5.311775e+01
zr1k = 4.701984e+01
zr20k = 4.701883e+01
zm20 = 1.693610e+03
zm1k = 5.794019e+01
zn1k = 2.581931e-02
zn20k = 2.680166e-01
Doing analysis at TEMP = 27.000000 and TNOM = 27.000000

Using SPARSE 1.3 as Direct Linear Solver

No. of Data Rows : 81
zrmax               =  5.31177e+01 at=  2.00000e+01
zr20                =  5.31177e+01
zr1k                =  4.70198e+01
zr20k               =  4.70188e+01
zm20                =  1.69361e+03
zm1k                =  5.79402e+01
zn1k                =  2.58193e-02
zn20k               =  2.68017e-01
CELL out=fix2 trim=12 att=50 mode=10db
zrmax = 5.311775e+01
zr20 = 5.311775e+01
zr1k = 4.701984e+01
zr20k = 4.701883e+01
zm20 = 1.693610e+03
zm1k = 5.794019e+01
zn1k = 2.581931e-02
zn20k = 2.680166e-01
Doing analysis at TEMP = 27.000000 and TNOM = 27.000000

Using SPARSE 1.3 as Direct Linear Solver

No. of Data Rows : 81
g1k                 =  -1.44617e+01
GAIN trim=12 att=75 mode=0db
g1k = -1.44618e+01
Doing analysis at TEMP = 27.000000 and TNOM = 27.000000

Using SPARSE 1.3 as Direct Linear Solver

No. of Data Rows : 81
zrmax               =  6.00363e+01 at=  2.00000e+01
zr20                =  6.00363e+01
zr1k                =  4.70173e+01
zr20k               =  4.70119e+01
zm20                =  1.69338e+03
zm1k                =  5.79336e+01
zn1k                =  2.58193e-02
zn20k               =  2.68133e-01
CELL out=main trim=12 att=75 mode=0db
zrmax = 6.003632e+01
zr20 = 6.003632e+01
zr1k = 4.701726e+01
zr20k = 4.701195e+01
zm20 = 1.693378e+03
zm1k = 5.793360e+01
zn1k = 2.581925e-02
zn20k = 2.681333e-01
Doing analysis at TEMP = 27.000000 and TNOM = 27.000000

Using SPARSE 1.3 as Direct Linear Solver

No. of Data Rows : 81
zrmax               =  5.31177e+01 at=  2.00000e+01
zr20                =  5.31177e+01
zr1k                =  4.70198e+01
zr20k               =  4.70188e+01
zm20                =  1.69361e+03
zm1k                =  5.79402e+01
zn1k                =  2.58193e-02
zn20k               =  2.68017e-01
CELL out=fix1 trim=12 att=75 mode=0db
zrmax = 5.311775e+01
zr20 = 5.311775e+01
zr1k = 4.701984e+01
zr20k = 4.701883e+01
zm20 = 1.693610e+03
zm1k = 5.794019e+01
zn1k = 2.581932e-02
zn20k = 2.680166e-01
Doing analysis at TEMP = 27.000000 and TNOM = 27.000000

Using SPARSE 1.3 as Direct Linear Solver

No. of Data Rows : 81
zrmax               =  5.31177e+01 at=  2.00000e+01
zr20                =  5.31177e+01
zr1k                =  4.70198e+01
zr20k               =  4.70188e+01
zm20                =  1.69361e+03
zm1k                =  5.79402e+01
zn1k                =  2.58193e-02
zn20k               =  2.68017e-01
CELL out=fix2 trim=12 att=75 mode=0db
zrmax = 5.311775e+01
zr20 = 5.311775e+01
zr1k = 4.701984e+01
zr20k = 4.701883e+01
zm20 = 1.693610e+03
zm1k = 5.794019e+01
zn1k = 2.581932e-02
zn20k = 2.680166e-01
Doing analysis at TEMP = 27.000000 and TNOM = 27.000000

Using SPARSE 1.3 as Direct Linear Solver

No. of Data Rows : 81
g1k                 =  -1.14156e+01
GAIN trim=12 att=75 mode=3db
g1k = -1.14156e+01
Doing analysis at TEMP = 27.000000 and TNOM = 27.000000

Using SPARSE 1.3 as Direct Linear Solver

No. of Data Rows : 81
zrmax               =  6.00456e+01 at=  2.00000e+01
zr20                =  6.00456e+01
zr1k                =  4.70266e+01
zr20k               =  4.70329e+01
zm20                =  1.69338e+03
zm1k                =  5.79379e+01
zn1k                =  3.66633e-02
zn20k               =  3.79981e-01
CELL out=main trim=12 att=75 mode=3db
zrmax = 6.004559e+01
zr20 = 6.004559e+01
zr1k = 4.702657e+01
zr20k = 4.703286e+01
zm20 = 1.693378e+03
zm1k = 5.793790e+01
zn1k = 3.666332e-02
zn20k = 3.799808e-01
Doing analysis at TEMP = 27.000000 and TNOM = 27.000000

Using SPARSE 1.3 as Direct Linear Solver

No. of Data Rows : 81
zrmax               =  5.31177e+01 at=  2.00000e+01
zr20                =  5.31177e+01
zr1k                =  4.70198e+01
zr20k               =  4.70188e+01
zm20                =  1.69361e+03
zm1k                =  5.79402e+01
zn1k                =  2.58193e-02
zn20k               =  2.68017e-01
CELL out=fix1 trim=12 att=75 mode=3db
zrmax = 5.311775e+01
zr20 = 5.311775e+01
zr1k = 4.701984e+01
zr20k = 4.701883e+01
zm20 = 1.693610e+03
zm1k = 5.794019e+01
zn1k = 2.581931e-02
zn20k = 2.680166e-01
Doing analysis at TEMP = 27.000000 and TNOM = 27.000000

Using SPARSE 1.3 as Direct Linear Solver

No. of Data Rows : 81
zrmax               =  5.31177e+01 at=  2.00000e+01
zr20                =  5.31177e+01
zr1k                =  4.70198e+01
zr20k               =  4.70188e+01
zm20                =  1.69361e+03
zm1k                =  5.79402e+01
zn1k                =  2.58193e-02
zn20k               =  2.68017e-01
CELL out=fix2 trim=12 att=75 mode=3db
zrmax = 5.311775e+01
zr20 = 5.311775e+01
zr1k = 4.701984e+01
zr20k = 4.701883e+01
zm20 = 1.693610e+03
zm1k = 5.794019e+01
zn1k = 2.581931e-02
zn20k = 2.680166e-01
Doing analysis at TEMP = 27.000000 and TNOM = 27.000000

Using SPARSE 1.3 as Direct Linear Solver

No. of Data Rows : 81
g1k                 =  -4.49244e+00
GAIN trim=12 att=75 mode=10db
g1k = -4.49244e+00
Doing analysis at TEMP = 27.000000 and TNOM = 27.000000

Using SPARSE 1.3 as Direct Linear Solver

No. of Data Rows : 81
zrmax               =  6.00838e+01 at=  2.00000e+01
zr20                =  6.00838e+01
zr1k                =  4.70649e+01
zr20k               =  4.71370e+01
zm20                =  1.69338e+03
zm1k                =  5.79557e+01
zn1k                =  8.13394e-02
zn20k               =  8.39165e-01
CELL out=main trim=12 att=75 mode=10db
zrmax = 6.008381e+01
zr20 = 6.008381e+01
zr1k = 4.706495e+01
zr20k = 4.713696e+01
zm20 = 1.693378e+03
zm1k = 5.795574e+01
zn1k = 8.133943e-02
zn20k = 8.391648e-01
Doing analysis at TEMP = 27.000000 and TNOM = 27.000000

Using SPARSE 1.3 as Direct Linear Solver

No. of Data Rows : 81
zrmax               =  5.31177e+01 at=  2.00000e+01
zr20                =  5.31177e+01
zr1k                =  4.70198e+01
zr20k               =  4.70188e+01
zm20                =  1.69361e+03
zm1k                =  5.79402e+01
zn1k                =  2.58193e-02
zn20k               =  2.68017e-01
CELL out=fix1 trim=12 att=75 mode=10db
zrmax = 5.311775e+01
zr20 = 5.311775e+01
zr1k = 4.701984e+01
zr20k = 4.701883e+01
zm20 = 1.693610e+03
zm1k = 5.794019e+01
zn1k = 2.581931e-02
zn20k = 2.680166e-01
Doing analysis at TEMP = 27.000000 and TNOM = 27.000000

Using SPARSE 1.3 as Direct Linear Solver

No. of Data Rows : 81
zrmax               =  5.31177e+01 at=  2.00000e+01
zr20                =  5.31177e+01
zr1k                =  4.70198e+01
zr20k               =  4.70188e+01
zm20                =  1.69361e+03
zm1k                =  5.79402e+01
zn1k                =  2.58193e-02
zn20k               =  2.68017e-01
CELL out=fix2 trim=12 att=75 mode=10db
zrmax = 5.311775e+01
zr20 = 5.311775e+01
zr1k = 4.701984e+01
zr20k = 4.701883e+01
zm20 = 1.693610e+03
zm1k = 5.794019e+01
zn1k = 2.581931e-02
zn20k = 2.680166e-01
Doing analysis at TEMP = 27.000000 and TNOM = 27.000000

Using SPARSE 1.3 as Direct Linear Solver

No. of Data Rows : 81
g1k                 =  -1.19480e+01
GAIN trim=12 att=100 mode=0db
g1k = -1.19480e+01
Doing analysis at TEMP = 27.000000 and TNOM = 27.000000

Using SPARSE 1.3 as Direct Linear Solver

No. of Data Rows : 81
zrmax               =  6.00363e+01 at=  2.00000e+01
zr20                =  6.00363e+01
zr1k                =  4.70173e+01
zr20k               =  4.70120e+01
zm20                =  1.69338e+03
zm1k                =  5.79336e+01
zn1k                =  2.58190e-02
zn20k               =  2.68131e-01
CELL out=main trim=12 att=100 mode=0db
zrmax = 6.003632e+01
zr20 = 6.003632e+01
zr1k = 4.701726e+01
zr20k = 4.701200e+01
zm20 = 1.693378e+03
zm1k = 5.793360e+01
zn1k = 2.581902e-02
zn20k = 2.681315e-01
Doing analysis at TEMP = 27.000000 and TNOM = 27.000000

Using SPARSE 1.3 as Direct Linear Solver

No. of Data Rows : 81
zrmax               =  5.31177e+01 at=  2.00000e+01
zr20                =  5.31177e+01
zr1k                =  4.70198e+01
zr20k               =  4.70188e+01
zm20                =  1.69361e+03
zm1k                =  5.79402e+01
zn1k                =  2.58193e-02
zn20k               =  2.68017e-01
CELL out=fix1 trim=12 att=100 mode=0db
zrmax = 5.311775e+01
zr20 = 5.311775e+01
zr1k = 4.701984e+01
zr20k = 4.701883e+01
zm20 = 1.693610e+03
zm1k = 5.794019e+01
zn1k = 2.581931e-02
zn20k = 2.680166e-01
Doing analysis at TEMP = 27.000000 and TNOM = 27.000000

Using SPARSE 1.3 as Direct Linear Solver
 Reference value :  2.00000e+01Note: Starting dynamic gmin stepping
Warning: Dynamic gmin stepping failed
Note: Starting true gmin stepping
Warning: True gmin stepping failed
Note: Starting source stepping
Note: Source stepping completed
Note: Starting dynamic gmin stepping
Warning: Dynamic gmin stepping failed
Note: Starting true gmin stepping
Warning: True gmin stepping failed
Note: Starting source stepping
Note: Source stepping completed
Note: Starting dynamic gmin stepping
Warning: Dynamic gmin stepping failed
Note: Starting true gmin stepping
Warning: True gmin stepping failed
Note: Starting source stepping
Note: Source stepping completed
Note: Starting dynamic gmin stepping
Warning: Dynamic gmin stepping failed
Note: Starting true gmin stepping
Warning: True gmin stepping failed
Note: Starting source stepping
Note: Source stepping completed
Note: Starting dynamic gmin stepping
Warning: Dynamic gmin stepping failed
Note: Starting true gmin stepping
Warning: True gmin stepping failed
Note: Starting source stepping
Note: Source stepping completed
Note: Starting dynamic gmin stepping
Warning: Dynamic gmin stepping failed
Note: Starting true gmin stepping
Warning: True gmin stepping failed
Note: Starting source stepping
Note: Source stepping completed
Note: Starting dynamic gmin stepping
Warning: Dynamic gmin stepping failed
Note: Starting true gmin stepping
Warning: True gmin stepping failed
Note: Starting source stepping
Note: Source stepping completed

No. of Data Rows : 81
zrmax               =  5.31177e+01 at=  2.00000e+01
zr20                =  5.31177e+01
zr1k                =  4.70198e+01
zr20k               =  4.70188e+01
zm20                =  1.69361e+03
zm1k                =  5.79402e+01
zn1k                =  2.58193e-02
zn20k               =  2.68017e-01
CELL out=fix2 trim=12 att=100 mode=0db
zrmax = 5.311775e+01
zr20 = 5.311775e+01
zr1k = 4.701984e+01
zr20k = 4.701883e+01
zm20 = 1.693610e+03
zm1k = 5.794019e+01
zn1k = 2.581931e-02
zn20k = 2.680166e-01
Doing analysis at TEMP = 27.000000 and TNOM = 27.000000

Using SPARSE 1.3 as Direct Linear Solver

No. of Data Rows : 81
g1k                 =  -8.90177e+00
GAIN trim=12 att=100 mode=3db
g1k = -8.90177e+00
Doing analysis at TEMP = 27.000000 and TNOM = 27.000000

Using SPARSE 1.3 as Direct Linear Solver

No. of Data Rows : 81
zrmax               =  6.00456e+01 at=  2.00000e+01
zr20                =  6.00456e+01
zr1k                =  4.70266e+01
zr20k               =  4.70329e+01
zm20                =  1.69338e+03
zm1k                =  5.79379e+01
zn1k                =  3.66629e-02
zn20k               =  3.79978e-01
CELL out=main trim=12 att=100 mode=3db
zrmax = 6.004559e+01
zr20 = 6.004559e+01
zr1k = 4.702657e+01
zr20k = 4.703293e+01
zm20 = 1.693378e+03
zm1k = 5.793790e+01
zn1k = 3.666292e-02
zn20k = 3.799777e-01
Doing analysis at TEMP = 27.000000 and TNOM = 27.000000

Using SPARSE 1.3 as Direct Linear Solver

No. of Data Rows : 81
zrmax               =  5.31177e+01 at=  2.00000e+01
zr20                =  5.31177e+01
zr1k                =  4.70198e+01
zr20k               =  4.70188e+01
zm20                =  1.69361e+03
zm1k                =  5.79402e+01
zn1k                =  2.58193e-02
zn20k               =  2.68017e-01
CELL out=fix1 trim=12 att=100 mode=3db
zrmax = 5.311775e+01
zr20 = 5.311775e+01
zr1k = 4.701984e+01
zr20k = 4.701883e+01
zm20 = 1.693610e+03
zm1k = 5.794019e+01
zn1k = 2.581932e-02
zn20k = 2.680166e-01
Doing analysis at TEMP = 27.000000 and TNOM = 27.000000

Using SPARSE 1.3 as Direct Linear Solver

No. of Data Rows : 81
zrmax               =  5.31177e+01 at=  2.00000e+01
zr20                =  5.31177e+01
zr1k                =  4.70198e+01
zr20k               =  4.70188e+01
zm20                =  1.69361e+03
zm1k                =  5.79402e+01
zn1k                =  2.58193e-02
zn20k               =  2.68017e-01
CELL out=fix2 trim=12 att=100 mode=3db
zrmax = 5.311775e+01
zr20 = 5.311775e+01
zr1k = 4.701984e+01
zr20k = 4.701883e+01
zm20 = 1.693610e+03
zm1k = 5.794019e+01
zn1k = 2.581932e-02
zn20k = 2.680166e-01
Doing analysis at TEMP = 27.000000 and TNOM = 27.000000

Using SPARSE 1.3 as Direct Linear Solver

No. of Data Rows : 81
g1k                 =  -1.97865e+00
GAIN trim=12 att=100 mode=10db
g1k = -1.97865e+00
Doing analysis at TEMP = 27.000000 and TNOM = 27.000000

Using SPARSE 1.3 as Direct Linear Solver

No. of Data Rows : 81
zrmax               =  6.00838e+01 at=  2.00000e+01
zr20                =  6.00838e+01
zr1k                =  4.70649e+01
zr20k               =  4.71371e+01
zm20                =  1.69338e+03
zm1k                =  5.79557e+01
zn1k                =  8.13377e-02
zn20k               =  8.39153e-01
CELL out=main trim=12 att=100 mode=10db
zrmax = 6.008381e+01
zr20 = 6.008381e+01
zr1k = 4.706495e+01
zr20k = 4.713711e+01
zm20 = 1.693378e+03
zm1k = 5.795573e+01
zn1k = 8.133773e-02
zn20k = 8.391526e-01
Doing analysis at TEMP = 27.000000 and TNOM = 27.000000

Using SPARSE 1.3 as Direct Linear Solver

No. of Data Rows : 81
zrmax               =  5.31177e+01 at=  2.00000e+01
zr20                =  5.31177e+01
zr1k                =  4.70198e+01
zr20k               =  4.70188e+01
zm20                =  1.69361e+03
zm1k                =  5.79402e+01
zn1k                =  2.58193e-02
zn20k               =  2.68017e-01
CELL out=fix1 trim=12 att=100 mode=10db
zrmax = 5.311775e+01
zr20 = 5.311775e+01
zr1k = 4.701984e+01
zr20k = 4.701883e+01
zm20 = 1.693610e+03
zm1k = 5.794019e+01
zn1k = 2.581933e-02
zn20k = 2.680169e-01
Doing analysis at TEMP = 27.000000 and TNOM = 27.000000

UsNote: Starting dynamic gmin stepping
Warning: Dynamic gmin stepping failed
Note: Starting true gmin stepping
Warning: True gmin stepping failed
Note: Starting source stepping
Note: Source stepping completed
ing SPARSE 1.3 as Direct Linear Solver

No. of Data Rows : 81
zrmax               =  5.31177e+01 at=  2.00000e+01
zr20                =  5.31177e+01
zr1k                =  4.70198e+01
zr20k               =  4.70188e+01
zm20                =  1.69361e+03
zm1k                =  5.79402e+01
zn1k                =  2.58193e-02
zn20k               =  2.68017e-01
CELL out=fix2 trim=12 att=100 mode=10db
zrmax = 5.311775e+01
zr20 = 5.311775e+01
zr1k = 4.701984e+01
zr20k = 4.701883e+01
zm20 = 1.693610e+03
zm1k = 5.794019e+01
zn1k = 2.581933e-02
zn20k = 2.680169e-01
Note: Simulation executed from .control section 
