 2.00000000e-01  1.39517829e+00  2.00000000e-01  6.78861859e+01 
 2.02316202e-01  1.48087770e+00  2.02316202e-01  6.76551519e+01 
 2.04659228e-01  1.56629233e+00  2.04659228e-01  6.74222190e+01 
 2.07029388e-01  1.65141749e+00  2.07029388e-01  6.71873871e+01 
 2.09426997e-01  1.73624846e+00  2.09426997e-01  6.69506565e+01 
 2.11852373e-01  1.82078050e+00  2.11852373e-01  6.67120282e+01 
 2.14305837e-01  1.90500880e+00  2.14305837e-01  6.64715038e+01 
 2.16787715e-01  1.98892855e+00  2.16787715e-01  6.62290851e+01 
 2.19298335e-01  2.07253489e+00  2.19298335e-01  6.59847749e+01 
 2.21838031e-01  2.15582293e+00  2.21838031e-01  6.57385762e+01 
 2.24407140e-01  2.23878775e+00  2.24407140e-01  6.54904928e+01 
 2.27006001e-01  2.32142442e+00  2.27006001e-01  6.52405290e+01 
 2.29634959e-01  2.40372796e+00  2.29634959e-01  6.49886896e+01 
 2.32294364e-01  2.48569338e+00  2.32294364e-01  6.47349804e+01 
 2.34984567e-01  2.56731568e+00  2.34984567e-01  6.44794073e+01 
 2.37705925e-01  2.64858980e+00  2.37705925e-01  6.42219772e+01 
 2.40458800e-01  2.72951072e+00  2.40458800e-01  6.39626976e+01 
 2.43243555e-01  2.81007336e+00  2.43243555e-01  6.37015765e+01 
 2.46060561e-01  2.89027265e+00  2.46060561e-01  6.34386228e+01 
 2.48910190e-01  2.97010350e+00  2.48910190e-01  6.31738458e+01 
 2.51792821e-01  3.04956081e+00  2.51792821e-01  6.29072557e+01 
 2.54708836e-01  3.12863949e+00  2.54708836e-01  6.26388633e+01 
 2.57658622e-01  3.20733443e+00  2.57658622e-01  6.23686802e+01 
 2.60642568e-01  3.28564053e+00  2.60642568e-01  6.20967185e+01 
 2.63661072e-01  3.36355268e+00  2.63661072e-01  6.18229914e+01 
 2.66714534e-01  3.44106580e+00  2.66714534e-01  6.15475123e+01 
 2.69803357e-01  3.51817479e+00  2.69803357e-01  6.12702959e+01 
 2.72927952e-01  3.59487458e+00  2.72927952e-01  6.09913572e+01 
 2.76088733e-01  3.67116012e+00  2.76088733e-01  6.07107121e+01 
 2.79286119e-01  3.74702635e+00  2.79286119e-01  6.04283773e+01 
 2.82520534e-01  3.82246825e+00  2.82520534e-01  6.01443702e+01 
 2.85792407e-01  3.89748083e+00  2.85792407e-01  5.98587091e+01 
 2.89102171e-01  3.97205911e+00  2.89102171e-01  5.95714127e+01 
 2.92450266e-01  4.04619815e+00  2.92450266e-01  5.92825008e+01 
 2.95837135e-01  4.11989304e+00  2.95837135e-01  5.89919939e+01 
 2.99263228e-01  4.19313891e+00  2.99263228e-01  5.86999133e+01 
 3.02728998e-01  4.26593093e+00  3.02728998e-01  5.84062808e+01 
 3.06234905e-01  4.33826431e+00  3.06234905e-01  5.81111193e+01 
 3.09781414e-01  4.41013431e+00  3.09781414e-01  5.78144523e+01 
 3.13368996e-01  4.48153625e+00  3.13368996e-01  5.75163041e+01 
 3.16998125e-01  4.55246548e+00  3.16998125e-01  5.72166997e+01 
 3.20669283e-01  4.62291744e+00  3.20669283e-01  5.69156650e+01 
 3.24382957e-01  4.69288761e+00  3.24382957e-01  5.66132265e+01 
 3.28139639e-01  4.76237153e+00  3.28139639e-01  5.63094116e+01 
 3.31939827e-01  4.83136483e+00  3.31939827e-01  5.60042483e+01 
 3.35784025e-01  4.89986320e+00  3.35784025e-01  5.56977654e+01 
 3.39672743e-01  4.96786241e+00  3.39672743e-01  5.53899924e+01 
 3.43606496e-01  5.03535830e+00  3.43606496e-01  5.50809596e+01 
 3.47585805e-01  5.10234681e+00  3.47585805e-01  5.47706979e+01 
 3.51611200e-01  5.16882395e+00  3.51611200e-01  5.44592389e+01 
 3.55683212e-01  5.23478582e+00  3.55683212e-01  5.41466150e+01 
 3.59802383e-01  5.30022863e+00  3.59802383e-01  5.38328592e+01 
 3.63969257e-01  5.36514868e+00  3.63969257e-01  5.35180052e+01 
 3.68184388e-01  5.42954236e+00  3.68184388e-01  5.32020872e+01 
 3.72448335e-01  5.49340617e+00  3.72448335e-01  5.28851403e+01 
 3.76761663e-01  5.55673672e+00  3.76761663e-01  5.25672000e+01 
 3.81124943e-01  5.61953074e+00  3.81124943e-01  5.22483024e+01 
 3.85538754e-01  5.68178504e+00  3.85538754e-01  5.19284843e+01 
 3.90003682e-01  5.74349659e+00  3.90003682e-01  5.16077831e+01 
 3.94520318e-01  5.80466244e+00  3.94520318e-01  5.12862365e+01 
 3.99089261e-01  5.86527978e+00  3.99089261e-01  5.09638830e+01 
 4.03711118e-01  5.92534594e+00  4.03711118e-01  5.06407615e+01 
 4.08386500e-01  5.98485834e+00  4.08386500e-01  5.03169112e+01 
 4.13116027e-01  6.04381456e+00  4.13116027e-01  4.99923721e+01 
 4.17900328e-01  6.10221230e+00  4.17900328e-01  4.96671845e+01 
 4.22740035e-01  6.16004940e+00  4.22740035e-01  4.93413889e+01 
 4.27635791e-01  6.21732384e+00  4.27635791e-01  4.90150265e+01 
 4.32588245e-01  6.27403372e+00  4.32588245e-01  4.86881387e+01 
 4.37598053e-01  6.33017731e+00  4.37598053e-01  4.83607673e+01 
 4.42665880e-01  6.38575300e+00  4.42665880e-01  4.80329544e+01 
 4.47792398e-01  6.44075933e+00  4.47792398e-01  4.77047424e+01 
 4.52978286e-01  6.49519499e+00  4.52978286e-01  4.73761738e+01 
 4.58224231e-01  6.54905882e+00  4.58224231e-01  4.70472917e+01 
 4.63530930e-01  6.60234980e+00  4.63530930e-01  4.67181390e+01 
 4.68899086e-01  6.65506706e+00  4.68899086e-01  4.63887590e+01 
 4.74329410e-01  6.70720988e+00  4.74329410e-01  4.60591952e+01 
 4.79822623e-01  6.75877770e+00  4.79822623e-01  4.57294910e+01 
 4.85379453e-01  6.80977011e+00  4.85379453e-01  4.53996902e+01 
 4.91000637e-01  6.86018684e+00  4.91000637e-01  4.50698363e+01 
 4.96686920e-01  6.91002779e+00  4.96686920e-01  4.47399731e+01 
 5.02439056e-01  6.95929300e+00  5.02439056e-01  4.44101443e+01 
 5.08257807e-01  7.00798267e+00  5.08257807e-01  4.40803937e+01 
 5.14143945e-01  7.05609714e+00  5.14143945e-01  4.37507648e+01 
 5.20098251e-01  7.10363692e+00  5.20098251e-01  4.34213013e+01 
 5.26121513e-01  7.15060266e+00  5.26121513e-01  4.30920467e+01 
 5.32214531e-01  7.19699516e+00  5.32214531e-01  4.27630442e+01 
 5.38378112e-01  7.24281537e+00  5.38378112e-01  4.24343370e+01 
 5.44613074e-01  7.28806440e+00  5.44613074e-01  4.21059682e+01 
 5.50920243e-01  7.33274350e+00  5.50920243e-01  4.17779803e+01 
 5.57300455e-01  7.37685407e+00  5.57300455e-01  4.14504160e+01 
 5.63754556e-01  7.42039764e+00  5.63754556e-01  4.11233174e+01 
 5.70283403e-01  7.46337590e+00  5.70283403e-01  4.07967264e+01 
 5.76887860e-01  7.50579068e+00  5.76887860e-01  4.04706848e+01 
 5.83568804e-01  7.54764394e+00  5.83568804e-01  4.01452335e+01 
 5.90327119e-01  7.58893780e+00  5.90327119e-01  3.98204136e+01 
 5.97163703e-01  7.62967447e+00  5.97163703e-01  3.94962655e+01 
 6.04079461e-01  7.66985636e+00  6.04079461e-01  3.91728292e+01 
 6.11075310e-01  7.70948594e+00  6.11075310e-01  3.88501442e+01 
 6.18152179e-01  7.74856587e+00  6.18152179e-01  3.85282497e+01 
 6.25311005e-01  7.78709889e+00  6.25311005e-01  3.82071842e+01 
 6.32552737e-01  7.82508789e+00  6.32552737e-01  3.78869859e+01 
 6.39878336e-01  7.86253587e+00  6.39878336e-01  3.75676923e+01 
 6.47288773e-01  7.89944596e+00  6.47288773e-01  3.72493403e+01 
 6.54785030e-01  7.93582138e+00  6.54785030e-01  3.69319665e+01 
 6.62368101e-01  7.97166548e+00  6.62368101e-01  3.66156065e+01 
 6.70038992e-01  8.00698172e+00  6.70038992e-01  3.63002957e+01 
 6.77798719e-01  8.04177365e+00  6.77798719e-01  3.59860685e+01 
 6.85648312e-01  8.07604493e+00  6.85648312e-01  3.56729591e+01 
 6.93588812e-01  8.10979933e+00  6.93588812e-01  3.53610005e+01 
 7.01621270e-01  8.14304070e+00  7.01621270e-01  3.50502256e+01 
 7.09746752e-01  8.17577297e+00  7.09746752e-01  3.47406661e+01 
 7.17966335e-01  8.20800020e+00  7.17966335e-01  3.44323534e+01 
 7.26281110e-01  8.23972649e+00  7.26281110e-01  3.41253180e+01 
 7.34692178e-01  8.27095604e+00  7.34692178e-01  3.38195897e+01 
 7.43200655e-01  8.30169313e+00  7.43200655e-01  3.35151977e+01 
 7.51807668e-01  8.33194212e+00  7.51807668e-01  3.32121702e+01 
 7.60514359e-01  8.36170741e+00  7.60514359e-01  3.29105349e+01 
 7.69321883e-01  8.39099351e+00  7.69321883e-01  3.26103188e+01 
 7.78231406e-01  8.41980495e+00  7.78231406e-01  3.23115479e+01 
 7.87244111e-01  8.44814636e+00  7.87244111e-01  3.20142476e+01 
 7.96361192e-01  8.47602239e+00  7.96361192e-01  3.17184425e+01 
 8.05583858e-01  8.50343776e+00  8.05583858e-01  3.14241566e+01 
 8.14913332e-01  8.53039725e+00  8.14913332e-01  3.11314128e+01 
 8.24350851e-01  8.55690566e+00  8.24350851e-01  3.08402335e+01 
 8.33897665e-01  8.58296785e+00  8.33897665e-01  3.05506403e+01 
 8.43555041e-01  8.60858871e+00  8.43555041e-01  3.02626540e+01 
 8.53324260e-01  8.63377317e+00  8.53324260e-01  2.99762945e+01 
 8.63206616e-01  8.65852620e+00  8.63206616e-01  2.96915812e+01 
 8.73203419e-01  8.68285277e+00  8.73203419e-01  2.94085324e+01 
 8.83315996e-01  8.70675791e+00  8.83315996e-01  2.91271661e+01 
 8.93545686e-01  8.73024664e+00  8.93545686e-01  2.88474990e+01 
 9.03893847e-01  8.75332402e+00  9.03893847e-01  2.85695475e+01 
 9.14361849e-01  8.77599513e+00  9.14361849e-01  2.82933271e+01 
 9.24951082e-01  8.79826504e+00  9.24951082e-01  2.80188524e+01 
 9.35662949e-01  8.82013884e+00  9.35662949e-01  2.77461375e+01 
 9.46498870e-01  8.84162163e+00  9.46498870e-01  2.74751957e+01 
 9.57460281e-01  8.86271852e+00  9.57460281e-01  2.72060394e+01 
 9.68548637e-01  8.88343461e+00  9.68548637e-01  2.69386806e+01 
 9.79765408e-01  8.90377500e+00  9.79765408e-01  2.66731303e+01 
 9.91112080e-01  8.92374479e+00  9.91112080e-01  2.64093989e+01 
 1.00259016e+00  8.94334907e+00  1.00259016e+00  2.61474963e+01 
 1.01420116e+00  8.96259292e+00  1.01420116e+00  2.58874315e+01 
 1.02594664e+00  8.98148141e+00  1.02594664e+00  2.56292127e+01 
 1.03782813e+00  9.00001960e+00  1.03782813e+00  2.53728479e+01 
 1.04984723e+00  9.01821252e+00  1.04984723e+00  2.51183440e+01 
 1.06200552e+00  9.03606520e+00  1.06200552e+00  2.48657074e+01 
 1.07430462e+00  9.05358264e+00  1.07430462e+00  2.46149440e+01 
 1.08674615e+00  9.07076982e+00  1.08674615e+00  2.43660590e+01 
 1.09933176e+00  9.08763169e+00  1.09933176e+00  2.41190569e+01 
 1.11206313e+00  9.10417317e+00  1.11206313e+00  2.38739416e+01 
 1.12494195e+00  9.12039917e+00  1.12494195e+00  2.36307167e+01 
 1.13796991e+00  9.13631456e+00  1.13796991e+00  2.33893848e+01 
 1.15114875e+00  9.15192418e+00  1.15114875e+00  2.31499483e+01 
 1.16448021e+00  9.16723283e+00  1.16448021e+00  2.29124089e+01 
 1.17796607e+00  9.18224528e+00  1.17796607e+00  2.26767677e+01 
 1.19160810e+00  9.19696626e+00  1.19160810e+00  2.24430253e+01 
 1.20540813e+00  9.21140048e+00  1.20540813e+00  2.22111820e+01 
 1.21936797e+00  9.22555260e+00  1.21936797e+00  2.19812373e+01 
 1.23348948e+00  9.23942722e+00  1.23348948e+00  2.17531903e+01 
 1.24777453e+00  9.25302894e+00  1.24777453e+00  2.15270398e+01 
 1.26222502e+00  9.26636229e+00  1.26222502e+00  2.13027840e+01 
 1.27684286e+00  9.27943176e+00  1.27684286e+00  2.10804206e+01 
 1.29162999e+00  9.29224181e+00  1.29162999e+00  2.08599468e+01 
 1.30658837e+00  9.30479684e+00  1.30658837e+00  2.06413597e+01 
 1.32171998e+00  9.31710120e+00  1.32171998e+00  2.04246556e+01 
 1.33702683e+00  9.32915922e+00  1.33702683e+00  2.02098306e+01 
 1.35251095e+00  9.34097517e+00  1.35251095e+00  1.99968805e+01 
 1.36817439e+00  9.35255326e+00  1.36817439e+00  1.97858004e+01 
 1.38401923e+00  9.36389766e+00  1.38401923e+00  1.95765854e+01 
 1.40004757e+00  9.37501250e+00  1.40004757e+00  1.93692301e+01 
 1.41626153e+00  9.38590185e+00  1.41626153e+00  1.91637285e+01 
 1.43266327e+00  9.39656974e+00  1.43266327e+00  1.89600748e+01 
 1.44925496e+00  9.40702015e+00  1.44925496e+00  1.87582623e+01 
 1.46603879e+00  9.41725700e+00  1.46603879e+00  1.85582845e+01 
 1.48301700e+00  9.42728416e+00  1.48301700e+00  1.83601343e+01 
 1.50019183e+00  9.43710547e+00  1.50019183e+00  1.81638043e+01 
 1.51756557e+00  9.44672469e+00  1.51756557e+00  1.79692871e+01 
 1.53514051e+00  9.45614555e+00  1.53514051e+00  1.77765746e+01 
 1.55291899e+00  9.46537173e+00  1.55291899e+00  1.75856589e+01 
 1.57090335e+00  9.47440683e+00  1.57090335e+00  1.73965316e+01 
 1.58909600e+00  9.48325445e+00  1.58909600e+00  1.72091840e+01 
 1.60749933e+00  9.49191809e+00  1.60749933e+00  1.70236074e+01 
 1.62611580e+00  9.50040122e+00  1.62611580e+00  1.68397928e+01 
 1.64494786e+00  9.50870727e+00  1.64494786e+00  1.66577308e+01 
 1.66399802e+00  9.51683961e+00  1.66399802e+00  1.64774121e+01 
 1.68326879e+00  9.52480154e+00  1.68326879e+00  1.62988271e+01 
 1.70276274e+00  9.53259634e+00  1.70276274e+00  1.61219659e+01 
 1.72248245e+00  9.54022723e+00  1.72248245e+00  1.59468185e+01 
 1.74243054e+00  9.54769736e+00  1.74243054e+00  1.57733750e+01 
 1.76260964e+00  9.55500987e+00  1.76260964e+00  1.56016249e+01 
 1.78302244e+00  9.56216782e+00  1.78302244e+00  1.54315578e+01 
 1.80367164e+00  9.56917424e+00  1.80367164e+00  1.52631633e+01 
 1.82455997e+00  9.57603208e+00  1.82455997e+00  1.50964305e+01 
 1.84569022e+00  9.58274427e+00  1.84569022e+00  1.49313487e+01 
 1.86706517e+00  9.58931370e+00  1.86706517e+00  1.47679070e+01 
 1.88868767e+00  9.59574318e+00  1.88868767e+00  1.46060943e+01 
 1.91056058e+00  9.60203550e+00  1.91056058e+00  1.44458995e+01 
 1.93268680e+00  9.60819339e+00  1.93268680e+00  1.42873114e+01 
 1.95506926e+00  9.61421954e+00  1.95506926e+00  1.41303186e+01 
 1.97771094e+00  9.62011658e+00  1.97771094e+00  1.39749099e+01 
 2.00061483e+00  9.62588713e+00  2.00061483e+00  1.38210737e+01 
 2.02378396e+00  9.63153372e+00  2.02378396e+00  1.36687984e+01 
 2.04722142e+00  9.63705886e+00  2.04722142e+00  1.35180726e+01 
 2.07093031e+00  9.64246502e+00  2.07093031e+00  1.33688846e+01 
 2.09491378e+00  9.64775461e+00  2.09491378e+00  1.32212227e+01 
 2.11917499e+00  9.65293001e+00  2.11917499e+00  1.30750751e+01 
 2.14371718e+00  9.65799356e+00  2.14371718e+00  1.29304301e+01 
 2.16854358e+00  9.66294754e+00  2.16854358e+00  1.27872759e+01 
 2.19365751e+00  9.66779420e+00  2.19365751e+00  1.26456007e+01 
 2.21906227e+00  9.67253576e+00  2.21906227e+00  1.25053925e+01 
 2.24476125e+00  9.67717438e+00  2.24476125e+00  1.23666396e+01 
 2.27075785e+00  9.68171219e+00  2.27075785e+00  1.22293300e+01 
 2.29705552e+00  9.68615127e+00  2.29705552e+00  1.20934519e+01 
 2.32365774e+00  9.69049369e+00  2.32365774e+00  1.19589933e+01 
 2.35056804e+00  9.69474145e+00  2.35056804e+00  1.18259424e+01 
 2.37778999e+00  9.69889652e+00  2.37778999e+00  1.16942872e+01 
 2.40532720e+00  9.70296084e+00  2.40532720e+00  1.15640158e+01 
 2.43318331e+00  9.70693631e+00  2.43318331e+00  1.14351164e+01 
 2.46136203e+00  9.71082480e+00  2.46136203e+00  1.13075770e+01 
 2.48986709e+00  9.71462813e+00  2.48986709e+00  1.11813859e+01 
 2.51870226e+00  9.71834809e+00  2.51870226e+00  1.10565312e+01 
 2.54787137e+00  9.72198645e+00  2.54787137e+00  1.09330011e+01 
 2.57737829e+00  9.72554492e+00  2.57737829e+00  1.08107838e+01 
 2.60722693e+00  9.72902521e+00  2.60722693e+00  1.06898675e+01 
 2.63742125e+00  9.73242895e+00  2.63742125e+00  1.05702406e+01 
 2.66796525e+00  9.73575779e+00  2.66796525e+00  1.04518913e+01 
 2.69886298e+00  9.73901331e+00  2.69886298e+00  1.03348079e+01 
 2.73011854e+00  9.74219708e+00  2.73011854e+00  1.02189790e+01 
 2.76173606e+00  9.74531062e+00  2.76173606e+00  1.01043928e+01 
 2.79371975e+00  9.74835544e+00  2.79371975e+00  9.99103789e+00 
 2.82607385e+00  9.75133301e+00  2.82607385e+00  9.87890278e+00 
 2.85880263e+00  9.75424476e+00  2.85880263e+00  9.76797603e+00 
 2.89191045e+00  9.75709211e+00  2.89191045e+00  9.65824625e+00 
 2.92540169e+00  9.75987644e+00  2.92540169e+00  9.54970212e+00 
 2.95928080e+00  9.76259911e+00  2.95928080e+00  9.44233237e+00 
 2.99355225e+00  9.76526145e+00  2.99355225e+00  9.33612576e+00 
 3.02822061e+00  9.76786476e+00  3.02822061e+00  9.23107115e+00 
 3.06329046e+00  9.77041030e+00  3.06329046e+00  9.12715743e+00 
 3.09876645e+00  9.77289934e+00  3.09876645e+00  9.02437354e+00 
 3.13465329e+00  9.77533309e+00  3.13465329e+00  8.92270852e+00 
 3.17095574e+00  9.77771276e+00  3.17095574e+00  8.82215145e+00 
 3.20767861e+00  9.78003951e+00  3.20767861e+00  8.72269146e+00 
 3.24482676e+00  9.78231450e+00  3.24482676e+00  8.62431776e+00 
 3.28240513e+00  9.78453884e+00  3.28240513e+00  8.52701965e+00 
 3.32041869e+00  9.78671365e+00  3.32041869e+00  8.43078645e+00 
 3.35887249e+00  9.78884000e+00  3.35887249e+00  8.33560758e+00 
 3.39777162e+00  9.79091895e+00  3.39777162e+00  8.24147252e+00 
 3.43712125e+00  9.79295153e+00  3.43712125e+00  8.14837083e+00 
 3.47692658e+00  9.79493876e+00  3.47692658e+00  8.05629212e+00 
 3.51719290e+00  9.79688162e+00  3.51719290e+00  7.96522610e+00 
 3.55792554e+00  9.79878110e+00  3.55792554e+00  7.87516252e+00 
 3.59912991e+00  9.80063813e+00  3.59912991e+00  7.78609122e+00 
 3.64081146e+00  9.80245366e+00  3.64081146e+00  7.69800212e+00 
 3.68297573e+00  9.80422859e+00  3.68297573e+00  7.61088520e+00 
 3.72562831e+00  9.80596381e+00  3.72562831e+00  7.52473053e+00 
 3.76877484e+00  9.80766020e+00  3.76877484e+00  7.43952823e+00 
 3.81242106e+00  9.80931861e+00  3.81242106e+00  7.35526852e+00 
 3.85657274e+00  9.81093988e+00  3.85657274e+00  7.27194169e+00 
 3.90123574e+00  9.81252482e+00  3.90123574e+00  7.18953809e+00 
 3.94641599e+00  9.81407424e+00  3.94641599e+00  7.10804816e+00 
 3.99211947e+00  9.81558892e+00  3.99211947e+00  7.02746242e+00 
 4.03835224e+00  9.81706962e+00  4.03835224e+00  6.94777146e+00 
 4.08512043e+00  9.81851711e+00  4.08512043e+00  6.86896595e+00 
 4.13243025e+00  9.81993211e+00  4.13243025e+00  6.79103662e+00 
 4.18028796e+00  9.82131534e+00  4.18028796e+00  6.71397430e+00 
 4.22869991e+00  9.82266751e+00  4.22869991e+00  6.63776989e+00 
 4.27767252e+00  9.82398930e+00  4.27767252e+00  6.56241436e+00 
 4.32721228e+00  9.82528139e+00  4.32721228e+00  6.48789876e+00 
 4.37732577e+00  9.82654443e+00  4.37732577e+00  6.41421422e+00 
 4.42801962e+00  9.82777908e+00  4.42801962e+00  6.34135195e+00 
 4.47930055e+00  9.82898596e+00  4.47930055e+00  6.26930322e+00 
 4.53117537e+00  9.83016568e+00  4.53117537e+00  6.19805940e+00 
 4.58365095e+00  9.83131886e+00  4.58365095e+00  6.12761192e+00 
 4.63673425e+00  9.83244609e+00  4.63673425e+00  6.05795229e+00 
 4.69043232e+00  9.83354793e+00  4.69043232e+00  5.98907210e+00 
 4.74475225e+00  9.83462496e+00  4.74475225e+00  5.92096302e+00 
 4.79970127e+00  9.83567773e+00  4.79970127e+00  5.85361677e+00 
 4.85528665e+00  9.83670678e+00  4.85528665e+00  5.78702519e+00 
 4.91151577e+00  9.83771263e+00  4.91151577e+00  5.72118014e+00 
 4.96839608e+00  9.83869582e+00  4.96839608e+00  5.65607362e+00 
 5.02593512e+00  9.83965683e+00  5.02593512e+00  5.59169764e+00 
 5.08414052e+00  9.84059618e+00  5.08414052e+00  5.52804433e+00 
 5.14302000e+00  9.84151433e+00  5.14302000e+00  5.46510588e+00 
 5.20258136e+00  9.84241177e+00  5.20258136e+00  5.40287454e+00 
 5.26283250e+00  9.84328896e+00  5.26283250e+00  5.34134265e+00 
 5.32378141e+00  9.84414635e+00  5.32378141e+00  5.28050263e+00 
 5.38543617e+00  9.84498439e+00  5.38543617e+00  5.22034696e+00 
 5.44780495e+00  9.84580350e+00  5.44780495e+00  5.16086818e+00 
 5.51089603e+00  9.84660412e+00  5.51089603e+00  5.10205893e+00 
 5.57471776e+00  9.84738665e+00  5.57471776e+00  5.04391190e+00 
 5.63927862e+00  9.84815150e+00  5.63927862e+00  4.98641986e+00 
 5.70458716e+00  9.84889907e+00  5.70458716e+00  4.92957566e+00 
 5.77065203e+00  9.84962975e+00  5.77065203e+00  4.87337220e+00 
 5.83748200e+00  9.85034391e+00  5.83748200e+00  4.81780246e+00 
 5.90508593e+00  9.85104193e+00  5.90508593e+00  4.76285950e+00 
 5.97347279e+00  9.85172416e+00  5.97347279e+00  4.70853643e+00 
 6.04265163e+00  9.85239097e+00  6.04265163e+00  4.65482644e+00 
 6.11263163e+00  9.85304270e+00  6.11263163e+00  4.60172279e+00 
 6.18342207e+00  9.85367968e+00  6.18342207e+00  4.54921879e+00 
 6.25503234e+00  9.85430226e+00  6.25503234e+00  4.49730785e+00 
 6.32747192e+00  9.85491074e+00  6.32747192e+00  4.44598342e+00 
 6.40075043e+00  9.85550546e+00  6.40075043e+00  4.39523903e+00 
 6.47487758e+00  9.85608672e+00  6.47487758e+00  4.34506826e+00 
 6.54986319e+00  9.85665482e+00  6.54986319e+00  4.29546476e+00 
 6.62571722e+00  9.85721006e+00  6.62571722e+00  4.24642227e+00 
 6.70244971e+00  9.85775273e+00  6.70244971e+00  4.19793456e+00 
 6.78007084e+00  9.85828311e+00  6.78007084e+00  4.14999549e+00 
 6.85859090e+00  9.85880147e+00  6.85859090e+00  4.10259896e+00 
 6.93802030e+00  9.85930810e+00  6.93802030e+00  4.05573895e+00 
 7.01836957e+00  9.85980325e+00  7.01836957e+00  4.00940950e+00 
 7.09964937e+00  9.86028719e+00  7.09964937e+00  3.96360470e+00 
 7.18187048e+00  9.86076016e+00  7.18187048e+00  3.91831873e+00 
 7.26504378e+00  9.86122241e+00  7.26504378e+00  3.87354579e+00 
 7.34918032e+00  9.86167419e+00  7.34918032e+00  3.82928018e+00 
 7.43429124e+00  9.86211572e+00  7.43429124e+00  3.78551623e+00 
 7.52038784e+00  9.86254725e+00  7.52038784e+00  3.74224834e+00 
 7.60748151e+00  9.86296900e+00  7.60748151e+00  3.69947098e+00 
 7.69558382e+00  9.86338119e+00  7.69558382e+00  3.65717867e+00 
 7.78470645e+00  9.86378403e+00  7.78470645e+00  3.61536598e+00 
 7.87486120e+00  9.86417774e+00  7.87486120e+00  3.57402754e+00 
 7.96606004e+00  9.86456252e+00  7.96606004e+00  3.53315805e+00 
 8.05831505e+00  9.86493857e+00  8.05831505e+00  3.49275225e+00 
 8.15163847e+00  9.86530610e+00  8.15163847e+00  3.45280495e+00 
 8.24604267e+00  9.86566528e+00  8.24604267e+00  3.41331101e+00 
 8.34154016e+00  9.86601632e+00  8.34154016e+00  3.37426533e+00 
 8.43814361e+00  9.86635940e+00  8.43814361e+00  3.33566290e+00 
 8.53586583e+00  9.86669469e+00  8.53586583e+00  3.29749872e+00 
 8.63471977e+00  9.86702238e+00  8.63471977e+00  3.25976787e+00 
 8.73471853e+00  9.86734263e+00  8.73471853e+00  3.22246549e+00 
 8.83587539e+00  9.86765561e+00  8.83587539e+00  3.18558675e+00 
 8.93820374e+00  9.86796149e+00  8.93820374e+00  3.14912688e+00 
 9.04171716e+00  9.86826043e+00  9.04171716e+00  3.11308117e+00 
 9.14642936e+00  9.86855259e+00  9.14642936e+00  3.07744495e+00 
 9.25235424e+00  9.86883811e+00  9.25235424e+00  3.04221362e+00 
 9.35950584e+00  9.86911715e+00  9.35950584e+00  3.00738259e+00 
 9.46789836e+00  9.86938986e+00  9.46789836e+00  2.97294737e+00 
 9.57754617e+00  9.86965637e+00  9.57754617e+00  2.93890347e+00 
 9.68846382e+00  9.86991684e+00  9.68846382e+00  2.90524649e+00 
 9.80066601e+00  9.87017139e+00  9.80066601e+00  2.87197205e+00 
 9.91416761e+00  9.87042016e+00  9.91416761e+00  2.83907584e+00 
 1.00289837e+01  9.87066329e+00  1.00289837e+01  2.80655357e+00 
 1.01451294e+01  9.87090089e+00  1.01451294e+01  2.77440102e+00 
 1.02626203e+01  9.87113310e+00  1.02626203e+01  2.74261400e+00 
 1.03814717e+01  9.87136003e+00  1.03814717e+01  2.71118838e+00 
 1.05016997e+01  9.87158181e+00  1.05016997e+01  2.68012008e+00 
 1.06233199e+01  9.87179855e+00  1.06233199e+01  2.64940503e+00 
 1.07463487e+01  9.87201037e+00  1.07463487e+01  2.61903924e+00 
 1.08708023e+01  9.87221738e+00  1.08708023e+01  2.58901876e+00 
 1.09966971e+01  9.87241969e+00  1.09966971e+01  2.55933966e+00 
 1.11240500e+01  9.87261740e+00  1.11240500e+01  2.52999807e+00 
 1.12528777e+01  9.87281062e+00  1.12528777e+01  2.50099018e+00 
 1.13831974e+01  9.87299945e+00  1.13831974e+01  2.47231218e+00 
 1.15150263e+01  9.87318399e+00  1.15150263e+01  2.44396033e+00 
 1.16483819e+01  9.87336434e+00  1.16483819e+01  2.41593094e+00 
 1.17832819e+01  9.87354059e+00  1.17832819e+01  2.38822034e+00 
 1.19197442e+01  9.87371283e+00  1.19197442e+01  2.36082489e+00 
 1.20577869e+01  9.87388117e+00  1.20577869e+01  2.33374104e+00 
 1.21974282e+01  9.87404567e+00  1.21974282e+01  2.30696522e+00 
 1.23386867e+01  9.87420644e+00  1.23386867e+01  2.28049394e+00 
 1.24815812e+01  9.87436356e+00  1.24815812e+01  2.25432373e+00 
 1.26261305e+01  9.87451711e+00  1.26261305e+01  2.22845116e+00 
 1.27723538e+01  9.87466716e+00  1.27723538e+01  2.20287286e+00 
 1.29202705e+01  9.87481381e+00  1.29202705e+01  2.17758546e+00 
 1.30699003e+01  9.87495713e+00  1.30699003e+01  2.15258565e+00 
 1.32212629e+01  9.87509719e+00  1.32212629e+01  2.12787015e+00 
 1.33743785e+01  9.87523406e+00  1.33743785e+01  2.10343573e+00 
 1.35292673e+01  9.87536783e+00  1.35292673e+01  2.07927919e+00 
 1.36859499e+01  9.87549855e+00  1.36859499e+01  2.05539734e+00 
 1.38444470e+01  9.87562631e+00  1.38444470e+01  2.03178707e+00 
 1.40047796e+01  9.87575116e+00  1.40047796e+01  2.00844526e+00 
 1.41669691e+01  9.87587317e+00  1.41669691e+01  1.98536886e+00 
 1.43310369e+01  9.87599241e+00  1.43310369e+01  1.96255483e+00 
 1.44970048e+01  9.87610894e+00  1.44970048e+01  1.94000019e+00 
 1.46648947e+01  9.87622282e+00  1.46648947e+01  1.91770196e+00 
 1.48347290e+01  9.87633412e+00  1.48347290e+01  1.89565722e+00 
 1.50065301e+01  9.87644288e+00  1.50065301e+01  1.87386308e+00 
 1.51803209e+01  9.87654917e+00  1.51803209e+01  1.85231665e+00 
 1.53561243e+01  9.87665305e+00  1.53561243e+01  1.83101512e+00 
 1.55339637e+01  9.87675456e+00  1.55339637e+01  1.80995569e+00 
 1.57138627e+01  9.87685377e+00  1.57138627e+01  1.78913557e+00 
 1.58958451e+01  9.87695072e+00  1.58958451e+01  1.76855204e+00 
 1.60799350e+01  9.87704547e+00  1.60799350e+01  1.74820239e+00 
 1.62661569e+01  9.87713807e+00  1.62661569e+01  1.72808393e+00 
 1.64545354e+01  9.87722856e+00  1.64545354e+01  1.70819403e+00 
 1.66450955e+01  9.87731699e+00  1.66450955e+01  1.68853006e+00 
 1.68378625e+01  9.87740342e+00  1.68378625e+01  1.66908943e+00 
 1.70328619e+01  9.87748788e+00  1.70328619e+01  1.64986958e+00 
 1.72301197e+01  9.87757042e+00  1.72301197e+01  1.63086799e+00 
 1.74296618e+01  9.87765108e+00  1.74296618e+01  1.61208214e+00 
 1.76315149e+01  9.87772991e+00  1.76315149e+01  1.59350957e+00 
 1.78357056e+01  9.87780695e+00  1.78357056e+01  1.57514783e+00 
 1.80422611e+01  9.87788224e+00  1.80422611e+01  1.55699449e+00 
 1.82512087e+01  9.87795582e+00  1.82512087e+01  1.53904717e+00 
 1.84625761e+01  9.87802772e+00  1.84625761e+01  1.52130350e+00 
 1.86763914e+01  9.87809799e+00  1.86763914e+01  1.50376115e+00 
 1.88926828e+01  9.87816666e+00  1.88926828e+01  1.48641778e+00 
 1.91114791e+01  9.87823378e+00  1.91114791e+01  1.46927113e+00 
 1.93328093e+01  9.87829936e+00  1.93328093e+01  1.45231893e+00 
 1.95567028e+01  9.87836346e+00  1.95567028e+01  1.43555894e+00 
 1.97831891e+01  9.87842610e+00  1.97831891e+01  1.41898896e+00 
 2.00122984e+01  9.87848732e+00  2.00122984e+01  1.40260679e+00 
 2.02440610e+01  9.87854714e+00  2.02440610e+01  1.38641027e+00 
 2.04785077e+01  9.87860561e+00  2.04785077e+01  1.37039727e+00 
 2.07156695e+01  9.87866274e+00  2.07156695e+01  1.35456568e+00 
 2.09555778e+01  9.87871858e+00  2.09555778e+01  1.33891340e+00 
 2.11982645e+01  9.87877315e+00  2.11982645e+01  1.32343837e+00 
 2.14437618e+01  9.87882648e+00  2.14437618e+01  1.30813855e+00 
 2.16921022e+01  9.87887860e+00  2.16921022e+01  1.29301191e+00 
 2.19433187e+01  9.87892953e+00  2.19433187e+01  1.27805646e+00 
 2.21974444e+01  9.87897930e+00  2.21974444e+01  1.26327022e+00 
 2.24545132e+01  9.87902795e+00  2.24545132e+01  1.24865125e+00 
 2.27145591e+01  9.87907549e+00  2.27145591e+01  1.23419760e+00 
 2.29776167e+01  9.87912194e+00  2.29776167e+01  1.21990738e+00 
 2.32437206e+01  9.87916735e+00  2.32437206e+01  1.20577869e+00 
 2.35129064e+01  9.87921172e+00  2.35129064e+01  1.19180966e+00 
 2.37852095e+01  9.87925508e+00  2.37852095e+01  1.17799846e+00 
 2.40606663e+01  9.87929746e+00  2.40606663e+01  1.16434325e+00 
 2.43393131e+01  9.87933887e+00  2.43393131e+01  1.15084223e+00 
 2.46211869e+01  9.87937934e+00  2.46211869e+01  1.13749362e+00 
 2.49063250e+01  9.87941890e+00  2.49063250e+01  1.12429565e+00 
 2.51947654e+01  9.87945755e+00  2.51947654e+01  1.11124659e+00 
 2.54865462e+01  9.87949533e+00  2.54865462e+01  1.09834469e+00 
 2.57817061e+01  9.87953225e+00  2.57817061e+01  1.08558827e+00 
 2.60802843e+01  9.87956833e+00  2.60802843e+01  1.07297563e+00 
 2.63823203e+01  9.87960359e+00  2.63823203e+01  1.06050510e+00 
 2.66878542e+01  9.87963805e+00  2.66878542e+01  1.04817504e+00 
 2.69969265e+01  9.87967172e+00  2.69969265e+01  1.03598381e+00 
 2.73095781e+01  9.87970463e+00  2.73095781e+01  1.02392981e+00 
 2.76258506e+01  9.87973680e+00  2.76258506e+01  1.01201143e+00 
 2.79457858e+01  9.87976823e+00  2.79457858e+01  1.00022711e+00 
 2.82694262e+01  9.87979895e+00  2.82694262e+01  9.88575289e-01 
 2.85968147e+01  9.87982897e+00  2.85968147e+01  9.77054418e-01 
 2.89279946e+01  9.87985830e+00  2.89279946e+01  9.65662976e-01 
 2.92630100e+01  9.87988698e+00  2.92630100e+01  9.54399458e-01 
 2.96019052e+01  9.87991500e+00  2.96019052e+01  9.43262373e-01 
 2.99447251e+01  9.87994238e+00  2.99447251e+01  9.32250247e-01 
 3.02915152e+01  9.87996914e+00  3.02915152e+01  9.21361625e-01 
 3.06423215e+01  9.87999529e+00  3.06423215e+01  9.10595065e-01 
 3.09971905e+01  9.88002085e+00  3.09971905e+01  8.99949143e-01 
 3.13561693e+01  9.88004583e+00  3.13561693e+01  8.89422450e-01 
 3.17193054e+01  9.88007024e+00  3.17193054e+01  8.79013593e-01 
 3.20866469e+01  9.88009410e+00  3.20866469e+01  8.68721195e-01 
 3.24582427e+01  9.88011741e+00  3.24582427e+01  8.58543895e-01 
 3.28341419e+01  9.88014020e+00  3.28341419e+01  8.48480345e-01 
 3.32143943e+01  9.88016247e+00  3.32143943e+01  8.38529213e-01 
 3.35990505e+01  9.88018423e+00  3.35990505e+01  8.28689182e-01 
 3.39881614e+01  9.88020549e+00  3.39881614e+01  8.18958951e-01 
 3.43817786e+01  9.88022628e+00  3.43817786e+01  8.09337231e-01 
 3.47799543e+01  9.88024659e+00  3.47799543e+01  7.99822748e-01 
 3.51827413e+01  9.88026644e+00  3.51827413e+01  7.90414244e-01 
 3.55901929e+01  9.88028584e+00  3.55901929e+01  7.81110473e-01 
 3.60023633e+01  9.88030480e+00  3.60023633e+01  7.71910203e-01 
 3.64193070e+01  9.88032332e+00  3.64193070e+01  7.62812216e-01 
 3.68410793e+01  9.88034143e+00  3.68410793e+01  7.53815308e-01 
 3.72677361e+01  9.88035912e+00  3.72677361e+01  7.44918288e-01 
 3.76993341e+01  9.88037642e+00  3.76993341e+01  7.36119979e-01 
 3.81359304e+01  9.88039332e+00  3.81359304e+01  7.27419214e-01 
 3.85775830e+01  9.88040983e+00  3.85775830e+01  7.18814842e-01 
 3.90243503e+01  9.88042597e+00  3.90243503e+01  7.10305725e-01 
 3.94762917e+01  9.88044175e+00  3.94762917e+01  7.01890734e-01 
 3.99334670e+01  9.88045716e+00  3.99334670e+01  6.93568757e-01 
 4.03959368e+01  9.88047223e+00  4.03959368e+01  6.85338691e-01 
 4.08637625e+01  9.88048695e+00  4.08637625e+01  6.77199446e-01 
 4.13370061e+01  9.88050134e+00  4.13370061e+01  6.69149944e-01 
 4.18157303e+01  9.88051540e+00  4.18157303e+01  6.61189120e-01 
 4.22999987e+01  9.88052914e+00  4.22999987e+01  6.53315920e-01 
 4.27898753e+01  9.88054257e+00  4.27898753e+01  6.45529300e-01 
 4.32854253e+01  9.88055569e+00  4.32854253e+01  6.37828229e-01 
 4.37867142e+01  9.88056852e+00  4.37867142e+01  6.30211689e-01 
 4.42938085e+01  9.88058105e+00  4.42938085e+01  6.22678669e-01 
 4.48067755e+01  9.88059330e+00  4.48067755e+01  6.15228172e-01 
 4.53256831e+01  9.88060527e+00  4.53256831e+01  6.07859211e-01 
 4.58506003e+01  9.88061697e+00  4.58506003e+01  6.00570811e-01 
 4.63815965e+01  9.88062840e+00  4.63815965e+01  5.93362006e-01 
 4.69187422e+01  9.88063958e+00  4.69187422e+01  5.86231842e-01 
 4.74621085e+01  9.88065050e+00  4.74621085e+01  5.79179373e-01 
 4.80117676e+01  9.88066117e+00  4.80117676e+01  5.72203665e-01 
 4.85677923e+01  9.88067159e+00  4.85677923e+01  5.65303796e-01 
 4.91302564e+01  9.88068178e+00  4.91302564e+01  5.58478850e-01 
 4.96992343e+01  9.88069174e+00  4.96992343e+01  5.51727923e-01 
 5.02748016e+01  9.88070147e+00  5.02748016e+01  5.45050122e-01 
 5.08570345e+01  9.88071098e+00  5.08570345e+01  5.38444562e-01 
 5.14460103e+01  9.88072028e+00  5.14460103e+01  5.31910367e-01 
 5.20418070e+01  9.88072936e+00  5.20418070e+01  5.25446673e-01 
 5.26445036e+01  9.88073824e+00  5.26445036e+01  5.19052622e-01 
 5.32541801e+01  9.88074691e+00  5.32541801e+01  5.12727368e-01 
 5.38709172e+01  9.88075539e+00  5.38709172e+01  5.06470072e-01 
 5.44947968e+01  9.88076367e+00  5.44947968e+01  5.00279907e-01 
 5.51259015e+01  9.88077177e+00  5.51259015e+01  4.94156051e-01 
 5.57643151e+01  9.88077968e+00  5.57643151e+01  4.88097693e-01 
 5.64101221e+01  9.88078741e+00  5.64101221e+01  4.82104032e-01 
 5.70634082e+01  9.88079496e+00  5.70634082e+01  4.76174271e-01 
 5.77242601e+01  9.88080234e+00  5.77242601e+01  4.70307627e-01 
 5.83927652e+01  9.88080956e+00  5.83927652e+01  4.64503321e-01 
 5.90690124e+01  9.88081661e+00  5.90690124e+01  4.58760585e-01 
 5.97530911e+01  9.88082350e+00  5.97530911e+01  4.53078658e-01 
 6.04450922e+01  9.88083023e+00  6.04450922e+01  4.47456786e-01 
 6.11451073e+01  9.88083681e+00  6.11451073e+01  4.41894226e-01 
 6.18532294e+01  9.88084324e+00  6.18532294e+01  4.36390239e-01 
 6.25695522e+01  9.88084952e+00  6.25695522e+01  4.30944097e-01 
 6.32941707e+01  9.88085566e+00  6.32941707e+01  4.25555078e-01 
 6.40271811e+01  9.88086166e+00  6.40271811e+01  4.20222468e-01 
 6.47686804e+01  9.88086752e+00  6.47686804e+01  4.14945560e-01 
 6.55187671e+01  9.88087325e+00  6.55187671e+01  4.09723656e-01 
 6.62775405e+01  9.88087885e+00  6.62775405e+01  4.04556062e-01 
 6.70451013e+01  9.88088432e+00  6.70451013e+01  3.99442094e-01 
 6.78215512e+01  9.88088966e+00  6.78215512e+01  3.94381076e-01 
 6.86069932e+01  9.88089489e+00  6.86069932e+01  3.89372335e-01 
 6.94015314e+01  9.88089999e+00  6.94015314e+01  3.84415208e-01 
 7.02052711e+01  9.88090498e+00  7.02052711e+01  3.79509039e-01 
 7.10183190e+01  9.88090985e+00  7.10183190e+01  3.74653177e-01 
 7.18407828e+01  9.88091461e+00  7.18407828e+01  3.69846978e-01 
 7.26727715e+01  9.88091926e+00  7.26727715e+01  3.65089807e-01 
 7.35143955e+01  9.88092381e+00  7.35143955e+01  3.60381031e-01 
 7.43657664e+01  9.88092825e+00  7.43657664e+01  3.55720028e-01 
 7.52269970e+01  9.88093259e+00  7.52269970e+01  3.51106179e-01 
 7.60982015e+01  9.88093684e+00  7.60982015e+01  3.46538874e-01 
 7.69794955e+01  9.88094098e+00  7.69794955e+01  3.42017506e-01 
 7.78709957e+01  9.88094503e+00  7.78709957e+01  3.37541477e-01 
 7.87728204e+01  9.88094899e+00  7.87728204e+01  3.33110193e-01 
 7.96850891e+01  9.88095285e+00  7.96850891e+01  3.28723067e-01 
 8.06079229e+01  9.88095663e+00  8.06079229e+01  3.24379518e-01 
 8.15414439e+01  9.88096032e+00  8.15414439e+01  3.20078970e-01 
 8.24857761e+01  9.88096393e+00  8.24857761e+01  3.15820852e-01 
 8.34410446e+01  9.88096745e+00  8.34410446e+01  3.11604602e-01 
 8.44073761e+01  9.88097089e+00  8.44073761e+01  3.07429659e-01 
 8.53848987e+01  9.88097425e+00  8.53848987e+01  3.03295471e-01 
 8.63737419e+01  9.88097754e+00  8.63737419e+01  2.99201490e-01 
 8.73740370e+01  9.88098075e+00  8.73740370e+01  2.95147172e-01 
 8.83859165e+01  9.88098389e+00  8.83859165e+01  2.91131981e-01 
 8.94095146e+01  9.88098695e+00  8.94095146e+01  2.87155384e-01 
 9.04449670e+01  9.88098994e+00  9.04449670e+01  2.83216855e-01 
 9.14924110e+01  9.88099287e+00  9.14924110e+01  2.79315871e-01 
 9.25519854e+01  9.88099572e+00  9.25519854e+01  2.75451915e-01 
 9.36238307e+01  9.88099851e+00  9.36238307e+01  2.71624475e-01 
 9.47080892e+01  9.88100124e+00  9.47080892e+01  2.67833044e-01 
 9.58049044e+01  9.88100390e+00  9.58049044e+01  2.64077119e-01 
 9.69144218e+01  9.88100650e+00  9.69144218e+01  2.60356203e-01 
 9.80367886e+01  9.88100904e+00  9.80367886e+01  2.56669802e-01 
 9.91721535e+01  9.88101153e+00  9.91721535e+01  2.53017427e-01 
 1.00320667e+02  9.88101395e+00  1.00320667e+02  2.49398595e-01 
 1.01482482e+02  9.88101632e+00  1.01482482e+02  2.45812826e-01 
 1.02657751e+02  9.88101863e+00  1.02657751e+02  2.42259644e-01 
 1.03846632e+02  9.88102089e+00  1.03846632e+02  2.38738579e-01 
 1.05049280e+02  9.88102310e+00  1.05049280e+02  2.35249163e-01 
 1.06265857e+02  9.88102525e+00  1.06265857e+02  2.31790934e-01 
 1.07496523e+02  9.88102736e+00  1.07496523e+02  2.28363435e-01 
 1.08741441e+02  9.88102941e+00  1.08741441e+02  2.24966210e-01 
 1.10000777e+02  9.88103142e+00  1.10000777e+02  2.21598809e-01 
 1.11274697e+02  9.88103338e+00  1.11274697e+02  2.18260785e-01 
 1.12563370e+02  9.88103529e+00  1.12563370e+02  2.14951697e-01 
 1.13866967e+02  9.88103716e+00  1.13866967e+02  2.11671106e-01 
 1.15185661e+02  9.88103899e+00  1.15185661e+02  2.08418577e-01 
 1.16519628e+02  9.88104077e+00  1.16519628e+02  2.05193678e-01 
 1.17869043e+02  9.88104251e+00  1.17869043e+02  2.01995982e-01 
 1.19234085e+02  9.88104420e+00  1.19234085e+02  1.98825065e-01 
 1.20614936e+02  9.88104586e+00  1.20614936e+02  1.95680508e-01 
 1.22011779e+02  9.88104748e+00  1.22011779e+02  1.92561892e-01 
 1.23424798e+02  9.88104906e+00  1.23424798e+02  1.89468805e-01 
 1.24854182e+02  9.88105060e+00  1.24854182e+02  1.86400837e-01 
 1.26300119e+02  9.88105211e+00  1.26300119e+02  1.83357581e-01 
 1.27762802e+02  9.88105357e+00  1.27762802e+02  1.80338633e-01 
 1.29242424e+02  9.88105501e+00  1.29242424e+02  1.77343593e-01 
 1.30739182e+02  9.88105641e+00  1.30739182e+02  1.74372065e-01 
 1.32253273e+02  9.88105777e+00  1.32253273e+02  1.71423654e-01 
 1.33784900e+02  9.88105910e+00  1.33784900e+02  1.68497970e-01 
 1.35334264e+02  9.88106040e+00  1.35334264e+02  1.65594624e-01 
 1.36901571e+02  9.88106167e+00  1.36901571e+02  1.62713232e-01 
 1.38487029e+02  9.88106291e+00  1.38487029e+02  1.59853412e-01 
 1.40090849e+02  9.88106411e+00  1.40090849e+02  1.57014784e-01 
 1.41713242e+02  9.88106529e+00  1.41713242e+02  1.54196973e-01 
 1.43354425e+02  9.88106643e+00  1.43354425e+02  1.51399604e-01 
 1.45014614e+02  9.88106755e+00  1.45014614e+02  1.48622307e-01 
 1.46694029e+02  9.88106864e+00  1.46694029e+02  1.45864715e-01 
 1.48392894e+02  9.88106970e+00  1.48392894e+02  1.43126460e-01 
 1.50111433e+02  9.88107074e+00  1.50111433e+02  1.40407181e-01 
 1.51849875e+02  9.88107175e+00  1.51849875e+02  1.37706516e-01 
 1.53608450e+02  9.88107273e+00  1.53608450e+02  1.35024108e-01 
 1.55387391e+02  9.88107369e+00  1.55387391e+02  1.32359601e-01 
 1.57186933e+02  9.88107463e+00  1.57186933e+02  1.29712641e-01 
 1.59007317e+02  9.88107554e+00  1.59007317e+02  1.27082879e-01 
 1.60848782e+02  9.88107642e+00  1.60848782e+02  1.24469965e-01 
 1.62711573e+02  9.88107728e+00  1.62711573e+02  1.21873553e-01 
 1.64595937e+02  9.88107812e+00  1.64595937e+02  1.19293298e-01 
 1.66502124e+02  9.88107894e+00  1.66502124e+02  1.16728859e-01 
 1.68430387e+02  9.88107974e+00  1.68430387e+02  1.14179896e-01 
 1.70380981e+02  9.88108051e+00  1.70380981e+02  1.11646070e-01 
 1.72354164e+02  9.88108126e+00  1.72354164e+02  1.09127046e-01 
 1.74350199e+02  9.88108199e+00  1.74350199e+02  1.06622490e-01 
 1.76369351e+02  9.88108271e+00  1.76369351e+02  1.04132069e-01 
 1.78411886e+02  9.88108340e+00  1.78411886e+02  1.01655455e-01 
 1.80478075e+02  9.88108407e+00  1.80478075e+02  9.91923172e-02 
 1.82568193e+02  9.88108472e+00  1.82568193e+02  9.67423304e-02 
 1.84682517e+02  9.88108536e+00  1.84682517e+02  9.43051695e-02 
 1.86821327e+02  9.88108597e+00  1.86821327e+02  9.18805115e-02 
 1.88984907e+02  9.88108657e+00  1.88984907e+02  8.94680347e-02 
 1.91173543e+02  9.88108715e+00  1.91173543e+02  8.70674195e-02 
 1.93387525e+02  9.88108771e+00  1.93387525e+02  8.46783475e-02 
 1.95627148e+02  9.88108825e+00  1.95627148e+02  8.23005020e-02 
 1.97892707e+02  9.88108878e+00  1.97892707e+02  7.99335678e-02 
 2.00184505e+02  9.88108929e+00  2.00184505e+02  7.75772311e-02 
 2.02502843e+02  9.88108979e+00  2.02502843e+02  7.52311794e-02 
 2.04848030e+02  9.88109026e+00  2.04848030e+02  7.28951018e-02 
 2.07220377e+02  9.88109072e+00  2.07220377e+02  7.05686885e-02 
 2.09620198e+02  9.88109117e+00  2.09620198e+02  6.82516311e-02 
 2.12047812e+02  9.88109160e+00  2.12047812e+02  6.59436224e-02 
 2.14503539e+02  9.88109202e+00  2.14503539e+02  6.36443564e-02 
 2.16987707e+02  9.88109242e+00  2.16987707e+02  6.13535283e-02 
 2.19500643e+02  9.88109280e+00  2.19500643e+02  5.90708343e-02 
 2.22042682e+02  9.88109317e+00  2.22042682e+02  5.67959719e-02 
 2.24614160e+02  9.88109353e+00  2.24614160e+02  5.45286394e-02 
 2.27215419e+02  9.88109387e+00  2.27215419e+02  5.22685363e-02 
 2.29846803e+02  9.88109420e+00  2.29846803e+02  5.00153628e-02 
 2.32508661e+02  9.88109451e+00  2.32508661e+02  4.77688204e-02 
 2.35201345e+02  9.88109481e+00  2.35201345e+02  4.55286110e-02 
 2.37925214e+02  9.88109510e+00  2.37925214e+02  4.32944378e-02 
 2.40680628e+02  9.88109537e+00  2.40680628e+02  4.10660045e-02 
 2.43467953e+02  9.88109564e+00  2.43467953e+02  3.88430156e-02 
 2.46287557e+02  9.88109588e+00  2.46287557e+02  3.66251765e-02 
 2.49139816e+02  9.88109612e+00  2.49139816e+02  3.44121932e-02 
 2.52025106e+02  9.88109634e+00  2.52025106e+02  3.22037721e-02 
 2.54943811e+02  9.88109655e+00  2.54943811e+02  2.99996205e-02 
 2.57896318e+02  9.88109674e+00  2.57896318e+02  2.77994463e-02 
 2.60883017e+02  9.88109693e+00  2.60883017e+02  2.56029576e-02 
 2.63904306e+02  9.88109710e+00  2.63904306e+02  2.34098633e-02 
 2.66960584e+02  9.88109726e+00  2.66960584e+02  2.12198727e-02 
 2.70052257e+02  9.88109740e+00  2.70052257e+02  1.90326953e-02 
 2.73179734e+02  9.88109754e+00  2.73179734e+02  1.68480412e-02 
 2.76343431e+02  9.88109766e+00  2.76343431e+02  1.46656208e-02 
 2.79543767e+02  9.88109777e+00  2.79543767e+02  1.24851446e-02 
 2.82781166e+02  9.88109787e+00  2.82781166e+02  1.03063237e-02 
 2.86056057e+02  9.88109795e+00  2.86056057e+02  8.12886918e-03 
 2.89368875e+02  9.88109803e+00  2.89368875e+02  5.95249228e-03 
 2.92720058e+02  9.88109809e+00  2.92720058e+02  3.77690451e-03 
 2.96110052e+02  9.88109814e+00  2.96110052e+02  1.60181741e-03 
 2.99539305e+02  9.88109818e+00  2.99539305e+02 -5.73057386e-04 
 3.03008272e+02  9.88109821e+00  3.03008272e+02 -2.74800823e-03 
 3.06517414e+02  9.88109822e+00  3.06517414e+02 -4.92332347e-03 
 3.10067195e+02  9.88109822e+00  3.10067195e+02 -7.09929153e-03 
 3.13658086e+02  9.88109822e+00  3.13658086e+02 -9.27620088e-03 
 3.17290563e+02  9.88109820e+00  3.17290563e+02 -1.14543401e-02 
 3.20965108e+02  9.88109816e+00  3.20965108e+02 -1.36339981e-02 
 3.24682207e+02  9.88109812e+00  3.24682207e+02 -1.58154637e-02 
 3.28442355e+02  9.88109807e+00  3.28442355e+02 -1.79990263e-02 
 3.32246049e+02  9.88109800e+00  3.32246049e+02 -2.01849752e-02 
 3.36093793e+02  9.88109792e+00  3.36093793e+02 -2.23736004e-02 
 3.39986099e+02  9.88109783e+00  3.39986099e+02 -2.45651919e-02 
 3.43923481e+02  9.88109773e+00  3.43923481e+02 -2.67600404e-02 
 3.47906461e+02  9.88109761e+00  3.47906461e+02 -2.89584368e-02 
 3.51935569e+02  9.88109748e+00  3.51935569e+02 -3.11606726e-02 
 3.56011338e+02  9.88109734e+00  3.56011338e+02 -3.33670398e-02 
 3.60134309e+02  9.88109719e+00  3.60134309e+02 -3.55778309e-02 
 3.64305027e+02  9.88109703e+00  3.64305027e+02 -3.77933390e-02 
 3.68524047e+02  9.88109685e+00  3.68524047e+02 -4.00138579e-02 
 3.72791927e+02  9.88109667e+00  3.72791927e+02 -4.22396819e-02 
 3.77109234e+02  9.88109646e+00  3.77109234e+02 -4.44711061e-02 
 3.81476539e+02  9.88109625e+00  3.81476539e+02 -4.67084264e-02 
 3.85894423e+02  9.88109602e+00  3.85894423e+02 -4.89519395e-02 
 3.90363469e+02  9.88109578e+00  3.90363469e+02 -5.12019427e-02 
 3.94884272e+02  9.88109553e+00  3.94884272e+02 -5.34587344e-02 
 3.99457430e+02  9.88109527e+00  3.99457430e+02 -5.57226137e-02 
 4.04083550e+02  9.88109499e+00  4.04083550e+02 -5.79938809e-02 
 4.08763246e+02  9.88109470e+00  4.08763246e+02 -6.02728371e-02 
 4.13497136e+02  9.88109439e+00  4.13497136e+02 -6.25597843e-02 
 4.18285850e+02  9.88109407e+00  4.18285850e+02 -6.48550258e-02 
 4.23130023e+02  9.88109374e+00  4.23130023e+02 -6.71588659e-02 
 4.28030295e+02  9.88109339e+00  4.28030295e+02 -6.94716101e-02 
 4.32987318e+02  9.88109303e+00  4.32987318e+02 -7.17935649e-02 
 4.38001748e+02  9.88109265e+00  4.38001748e+02 -7.41250383e-02 
 4.43074250e+02  9.88109226e+00  4.43074250e+02 -7.64663392e-02 
 4.48205497e+02  9.88109185e+00  4.48205497e+02 -7.88177783e-02 
 4.53396168e+02  9.88109143e+00  4.53396168e+02 -8.11796670e-02 
 4.58646954e+02  9.88109099e+00  4.58646954e+02 -8.35523188e-02 
 4.63958548e+02  9.88109054e+00  4.63958548e+02 -8.59360480e-02 
 4.69331656e+02  9.88109007e+00  4.69331656e+02 -8.83311707e-02 
 4.74766990e+02  9.88108959e+00  4.74766990e+02 -9.07380045e-02 
 4.80265271e+02  9.88108909e+00  4.80265271e+02 -9.31568685e-02 
 4.85827227e+02  9.88108857e+00  4.85827227e+02 -9.55880833e-02 
 4.91453597e+02  9.88108804e+00  4.91453597e+02 -9.80319713e-02 
 4.97145125e+02  9.88108749e+00  4.97145125e+02 -1.00488856e-01 
 5.02902567e+02  9.88108692e+00  5.02902567e+02 -1.02959065e-01 
 5.08726686e+02  9.88108633e+00  5.08726686e+02 -1.05442923e-01 
 5.14618255e+02  9.88108573e+00  5.14618255e+02 -1.07940761e-01 
 5.20578053e+02  9.88108510e+00  5.20578053e+02 -1.10452911e-01 
 5.26606872e+02  9.88108446e+00  5.26606872e+02 -1.12979704e-01 
 5.32705511e+02  9.88108380e+00  5.32705511e+02 -1.15521476e-01 
 5.38874778e+02  9.88108312e+00  5.38874778e+02 -1.18078564e-01 
 5.45115492e+02  9.88108242e+00  5.45115492e+02 -1.20651307e-01 
 5.51428479e+02  9.88108170e+00  5.51428479e+02 -1.23240046e-01 
 5.57814577e+02  9.88108096e+00  5.57814577e+02 -1.25845124e-01 
 5.64274633e+02  9.88108020e+00  5.64274633e+02 -1.28466887e-01 
 5.70809503e+02  9.88107942e+00  5.70809503e+02 -1.31105682e-01 
 5.77420053e+02  9.88107861e+00  5.77420053e+02 -1.33761859e-01 
 5.84107159e+02  9.88107779e+00  5.84107159e+02 -1.36435770e-01 
 5.90871709e+02  9.88107694e+00  5.90871709e+02 -1.39127770e-01 
 5.97714600e+02  9.88107607e+00  5.97714600e+02 -1.41838215e-01 
 6.04636738e+02  9.88107517e+00  6.04636738e+02 -1.44567466e-01 
 6.11639042e+02  9.88107425e+00  6.11639042e+02 -1.47315883e-01 
 6.18722439e+02  9.88107331e+00  6.18722439e+02 -1.50083831e-01 
 6.25887869e+02  9.88107234e+00  6.25887869e+02 -1.52871678e-01 
 6.33136282e+02  9.88107134e+00  6.33136282e+02 -1.55679792e-01 
 6.40468639e+02  9.88107032e+00  6.40468639e+02 -1.58508546e-01 
 6.47885912e+02  9.88106928e+00  6.47885912e+02 -1.61358315e-01 
 6.55389084e+02  9.88106820e+00  6.55389084e+02 -1.64229477e-01 
 6.62979151e+02  9.88106710e+00  6.62979151e+02 -1.67122412e-01 
 6.70657118e+02  9.88106597e+00  6.70657118e+02 -1.70037505e-01 
 6.78424004e+02  9.88106481e+00  6.78424004e+02 -1.72975141e-01 
 6.86280839e+02  9.88106362e+00  6.86280839e+02 -1.75935709e-01 
 6.94228663e+02  9.88106241e+00  6.94228663e+02 -1.78919604e-01 
 7.02268532e+02  9.88106116e+00  7.02268532e+02 -1.81927219e-01 
 7.10401510e+02  9.88105988e+00  7.10401510e+02 -1.84958954e-01 
 7.18628676e+02  9.88105856e+00  7.18628676e+02 -1.88015210e-01 
 7.26951121e+02  9.88105722e+00  7.26951121e+02 -1.91096393e-01 
 7.35369948e+02  9.88105584e+00  7.35369948e+02 -1.94202912e-01 
 7.43886274e+02  9.88105443e+00  7.43886274e+02 -1.97335178e-01 
 7.52501228e+02  9.88105298e+00  7.52501228e+02 -2.00493606e-01 
 7.61215951e+02  9.88105149e+00  7.61215951e+02 -2.03678615e-01 
 7.70031600e+02  9.88104997e+00  7.70031600e+02 -2.06890627e-01 
 7.78949343e+02  9.88104842e+00  7.78949343e+02 -2.10130069e-01 
 7.87970362e+02  9.88104682e+00  7.87970362e+02 -2.13397369e-01 
 7.97095854e+02  9.88104518e+00  7.97095854e+02 -2.16692961e-01 
 8.06327028e+02  9.88104351e+00  8.06327028e+02 -2.20017282e-01 
 8.15665108e+02  9.88104179e+00  8.15665108e+02 -2.23370772e-01 
 8.25111333e+02  9.88104004e+00  8.25111333e+02 -2.26753876e-01 
 8.34666955e+02  9.88103824e+00  8.34666955e+02 -2.30167042e-01 
 8.44333240e+02  9.88103639e+00  8.44333240e+02 -2.33610723e-01 
 8.54111471e+02  9.88103451e+00  8.54111471e+02 -2.37085376e-01 
 8.64002944e+02  9.88103257e+00  8.64002944e+02 -2.40591461e-01 
 8.74008970e+02  9.88103059e+00  8.74008970e+02 -2.44129442e-01 
 8.84130875e+02  9.88102857e+00  8.84130875e+02 -2.47699789e-01 
 8.94370003e+02  9.88102649e+00  8.94370003e+02 -2.51302976e-01 
 9.04727710e+02  9.88102436e+00  9.04727710e+02 -2.54939479e-01 
 9.15205369e+02  9.88102219e+00  9.15205369e+02 -2.58609781e-01 
 9.25804371e+02  9.88101996e+00  9.25804371e+02 -2.62314368e-01 
 9.36526119e+02  9.88101767e+00  9.36526119e+02 -2.66053732e-01 
 9.47372037e+02  9.88101534e+00  9.47372037e+02 -2.69828368e-01 
 9.58343561e+02  9.88101295e+00  9.58343561e+02 -2.73638777e-01 
 9.69442146e+02  9.88101050e+00  9.69442146e+02 -2.77485463e-01 
 9.80669264e+02  9.88100799e+00  9.80669264e+02 -2.81368937e-01 
 9.92026404e+02  9.88100542e+00  9.92026404e+02 -2.85289714e-01 
 1.00351507e+03  9.88100279e+00  1.00351507e+03 -2.89248312e-01 
 1.01513679e+03  9.88100010e+00  1.01513679e+03 -2.93245258e-01 
 1.02689310e+03  9.88099735e+00  1.02689310e+03 -2.97281080e-01 
 1.03878555e+03  9.88099453e+00  1.03878555e+03 -3.01356314e-01 
 1.05081574e+03  9.88099164e+00  1.05081574e+03 -3.05471500e-01 
 1.06298524e+03  9.88098869e+00  1.06298524e+03 -3.09627183e-01 
 1.07529569e+03  9.88098566e+00  1.07529569e+03 -3.13823914e-01 
 1.08774869e+03  9.88098257e+00  1.08774869e+03 -3.18062250e-01 
 1.10034592e+03  9.88097940e+00  1.10034592e+03 -3.22342752e-01 
 1.11308904e+03  9.88097615e+00  1.11308904e+03 -3.26665989e-01 
 1.12597973e+03  9.88097283e+00  1.12597973e+03 -3.31032532e-01 
 1.13901971e+03  9.88096943e+00  1.13901971e+03 -3.35442960e-01 
 1.15221071e+03  9.88096596e+00  1.15221071e+03 -3.39897859e-01 
 1.16555447e+03  9.88096240e+00  1.16555447e+03 -3.44397819e-01 
 1.17905277e+03  9.88095875e+00  1.17905277e+03 -3.48943436e-01 
 1.19270739e+03  9.88095502e+00  1.19270739e+03 -3.53535312e-01 
 1.20652015e+03  9.88095120e+00  1.20652015e+03 -3.58174057e-01 
 1.22049287e+03  9.88094730e+00  1.22049287e+03 -3.62860285e-01 
 1.23462740e+03  9.88094330e+00  1.23462740e+03 -3.67594618e-01 
 1.24892564e+03  9.88093920e+00  1.24892564e+03 -3.72377682e-01 
 1.26338945e+03  9.88093501e+00  1.26338945e+03 -3.77210112e-01 
 1.27802078e+03  9.88093073e+00  1.27802078e+03 -3.82092549e-01 
 1.29282155e+03  9.88092634e+00  1.29282155e+03 -3.87025639e-01 
 1.30779373e+03  9.88092185e+00  1.30779373e+03 -3.92010036e-01 
 1.32293930e+03  9.88091725e+00  1.32293930e+03 -3.97046402e-01 
 1.33826027e+03  9.88091255e+00  1.33826027e+03 -4.02135403e-01 
 1.35375867e+03  9.88090773e+00  1.35375867e+03 -4.07277713e-01 
 1.36943656e+03  9.88090281e+00  1.36943656e+03 -4.12474016e-01 
 1.38529602e+03  9.88089777e+00  1.38529602e+03 -4.17724998e-01 
 1.40133915e+03  9.88089260e+00  1.40133915e+03 -4.23031357e-01 
 1.41756807e+03  9.88088732e+00  1.41756807e+03 -4.28393795e-01 
 1.43398494e+03  9.88088192e+00  1.43398494e+03 -4.33813024e-01 
 1.45059193e+03  9.88087639e+00  1.45059193e+03 -4.39289760e-01 
 1.46739125e+03  9.88087073e+00  1.46739125e+03 -4.44824731e-01 
 1.48438512e+03  9.88086493e+00  1.48438512e+03 -4.50418670e-01 
 1.50157580e+03  9.88085901e+00  1.50157580e+03 -4.56072317e-01 
 1.51896556e+03  9.88085294e+00  1.51896556e+03 -4.61786423e-01 
 1.53655671e+03  9.88084673e+00  1.53655671e+03 -4.67561745e-01 
 1.55435159e+03  9.88084038e+00  1.55435159e+03 -4.73399047e-01 
 1.57235255e+03  9.88083387e+00  1.57235255e+03 -4.79299104e-01 
 1.59056198e+03  9.88082722e+00  1.59056198e+03 -4.85262698e-01 
 1.60898229e+03  9.88082041e+00  1.60898229e+03 -4.91290618e-01 
 1.62761593e+03  9.88081344e+00  1.62761593e+03 -4.97383664e-01 
 1.64646536e+03  9.88080631e+00  1.64646536e+03 -5.03542642e-01 
 1.66553309e+03  9.88079901e+00  1.66553309e+03 -5.09768370e-01 
 1.68482165e+03  9.88079154e+00  1.68482165e+03 -5.16061671e-01 
 1.70433358e+03  9.88078390e+00  1.70433358e+03 -5.22423381e-01 
 1.72407148e+03  9.88077608e+00  1.72407148e+03 -5.28854341e-01 
 1.74403797e+03  9.88076807e+00  1.74403797e+03 -5.35355405e-01 
 1.76423569e+03  9.88075988e+00  1.76423569e+03 -5.41927433e-01 
 1.78466732e+03  9.88075150e+00  1.78466732e+03 -5.48571297e-01 
 1.80533557e+03  9.88074292e+00  1.80533557e+03 -5.55287876e-01 
 1.82624317e+03  9.88073415e+00  1.82624317e+03 -5.62078060e-01 
 1.84739291e+03  9.88072516e+00  1.84739291e+03 -5.68942750e-01 
 1.86878759e+03  9.88071597e+00  1.86878759e+03 -5.75882855e-01 
 1.89043003e+03  9.88070656e+00  1.89043003e+03 -5.82899294e-01 
 1.91232312e+03  9.88069694e+00  1.91232312e+03 -5.89992997e-01 
 1.93446975e+03  9.88068709e+00  1.93446975e+03 -5.97164904e-01 
 1.95687286e+03  9.88067701e+00  1.95687286e+03 -6.04415965e-01 
 1.97953542e+03  9.88066669e+00  1.97953542e+03 -6.11747140e-01 
 2.00246044e+03  9.88065614e+00  2.00246044e+03 -6.19159401e-01 
 2.02565095e+03  9.88064533e+00  2.02565095e+03 -6.26653730e-01 
 2.04911003e+03  9.88063428e+00  2.04911003e+03 -6.34231120e-01 
 2.07284080e+03  9.88062297e+00  2.07284080e+03 -6.41892574e-01 
 2.09684638e+03  9.88061139e+00  2.09684638e+03 -6.49639108e-01 
 2.12112998e+03  9.88059955e+00  2.12112998e+03 -6.57471746e-01 
 2.14569480e+03  9.88058743e+00  2.14569480e+03 -6.65391528e-01 
 2.17054412e+03  9.88057502e+00  2.17054412e+03 -6.73399503e-01 
 2.19568121e+03  9.88056233e+00  2.19568121e+03 -6.81496730e-01 
 2.22110941e+03  9.88054934e+00  2.22110941e+03 -6.89684282e-01 
 2.24683210e+03  9.88053605e+00  2.24683210e+03 -6.97963245e-01 
 2.27285268e+03  9.88052245e+00  2.27285268e+03 -7.06334713e-01 
 2.29917461e+03  9.88050853e+00  2.29917461e+03 -7.14799798e-01 
 2.32580137e+03  9.88049428e+00  2.32580137e+03 -7.23359618e-01 
 2.35273649e+03  9.88047971e+00  2.35273649e+03 -7.32015309e-01 
 2.37998356e+03  9.88046479e+00  2.37998356e+03 -7.40768016e-01 
 2.40754617e+03  9.88044953e+00  2.40754617e+03 -7.49618898e-01 
 2.43542798e+03  9.88043391e+00  2.43542798e+03 -7.58569129e-01 
 2.46363269e+03  9.88041793e+00  2.46363269e+03 -7.67619892e-01 
 2.49216405e+03  9.88040157e+00  2.49216405e+03 -7.76772386e-01 
 2.52102582e+03  9.88038484e+00  2.52102582e+03 -7.86027825e-01 
 2.55022184e+03  9.88036771e+00  2.55022184e+03 -7.95387432e-01 
 2.57975598e+03  9.88035019e+00  2.57975598e+03 -8.04852447e-01 
 2.60963216e+03  9.88033225e+00  2.60963216e+03 -8.14424125e-01 
 2.63985434e+03  9.88031390e+00  2.63985434e+03 -8.24103731e-01 
 2.67042651e+03  9.88029512e+00  2.67042651e+03 -8.33892547e-01 
 2.70135274e+03  9.88027591e+00  2.70135274e+03 -8.43791870e-01 
 2.73263713e+03  9.88025624e+00  2.73263713e+03 -8.53803011e-01 
 2.76428383e+03  9.88023612e+00  2.76428383e+03 -8.63927293e-01 
 2.79629703e+03  9.88021553e+00  2.79629703e+03 -8.74166058e-01 
 2.82868097e+03  9.88019446e+00  2.82868097e+03 -8.84520662e-01 
 2.86143995e+03  9.88017290e+00  2.86143995e+03 -8.94992474e-01 
 2.89457831e+03  9.88015083e+00  2.89457831e+03 -9.05582880e-01 
 2.92810044e+03  9.88012826e+00  2.92810044e+03 -9.16293284e-01 
 2.96201080e+03  9.88010515e+00  2.96201080e+03 -9.27125101e-01 
 2.99631387e+03  9.88008151e+00  2.99631387e+03 -9.38079766e-01 
 3.03101421e+03  9.88005732e+00  3.03101421e+03 -9.49158729e-01 
 3.06611641e+03  9.88003256e+00  3.06611641e+03 -9.60363456e-01 
 3.10162514e+03  9.88000723e+00  3.10162514e+03 -9.71695429e-01 
 3.13754508e+03  9.87998130e+00  3.13754508e+03 -9.83156148e-01 
 3.17388102e+03  9.87995478e+00  3.17388102e+03 -9.94747130e-01 
 3.21063777e+03  9.87992763e+00  3.21063777e+03 -1.00646991e+00 
 3.24782019e+03  9.87989985e+00  3.24782019e+03 -1.01832603e+00 
 3.28543323e+03  9.87987143e+00  3.28543323e+03 -1.03031707e+00 
 3.32348186e+03  9.87984234e+00  3.32348186e+03 -1.04244462e+00 
 3.36197113e+03  9.87981258e+00  3.36197113e+03 -1.05471027e+00 
 3.40090615e+03  9.87978212e+00  3.40090615e+03 -1.06711565e+00 
 3.44029207e+03  9.87975096e+00  3.44029207e+03 -1.07966240e+00 
 3.48013412e+03  9.87971906e+00  3.48013412e+03 -1.09235217e+00 
 3.52043759e+03  9.87968643e+00  3.52043759e+03 -1.10518666e+00 
 3.56120781e+03  9.87965303e+00  3.56120781e+03 -1.11816755e+00 
 3.60245019e+03  9.87961886e+00  3.60245019e+03 -1.13129657e+00 
 3.64417019e+03  9.87958389e+00  3.64417019e+03 -1.14457544e+00 
 3.68637336e+03  9.87954811e+00  3.68637336e+03 -1.15800593e+00 
 3.72906528e+03  9.87951149e+00  3.72906528e+03 -1.17158980e+00 
 3.77225162e+03  9.87947402e+00  3.77225162e+03 -1.18532887e+00 
 3.81593810e+03  9.87943568e+00  3.81593810e+03 -1.19922493e+00 
 3.86013052e+03  9.87939644e+00  3.86013052e+03 -1.21327983e+00 
 3.90483472e+03  9.87935629e+00  3.90483472e+03 -1.22749544e+00 
 3.95005665e+03  9.87931521e+00  3.95005665e+03 -1.24187361e+00 
 3.99580229e+03  9.87927317e+00  3.99580229e+03 -1.25641627e+00 
 4.04207771e+03  9.87923015e+00  4.04207771e+03 -1.27112532e+00 
 4.08888905e+03  9.87918612e+00  4.08888905e+03 -1.28600271e+00 
 4.13624251e+03  9.87914108e+00  4.13624251e+03 -1.30105041e+00 
 4.18414437e+03  9.87909498e+00  4.18414437e+03 -1.31627041e+00 
 4.23260098e+03  9.87904781e+00  4.23260098e+03 -1.33166471e+00 
 4.28161877e+03  9.87899954e+00  4.28161877e+03 -1.34723536e+00 
 4.33120424e+03  9.87895015e+00  4.33120424e+03 -1.36298440e+00 
 4.38136395e+03  9.87889961e+00  4.38136395e+03 -1.37891392e+00 
 4.43210457e+03  9.87884789e+00  4.43210457e+03 -1.39502603e+00 
 4.48343281e+03  9.87879497e+00  4.48343281e+03 -1.41132284e+00 
 4.53535548e+03  9.87874081e+00  4.53535548e+03 -1.42780651e+00 
 4.58787948e+03  9.87868540e+00  4.58787948e+03 -1.44447922e+00 
 4.64101175e+03  9.87862869e+00  4.64101175e+03 -1.46134317e+00 
 4.69475935e+03  9.87857067e+00  4.69475935e+03 -1.47840058e+00 
 4.74912940e+03  9.87851129e+00  4.74912940e+03 -1.49565371e+00 
 4.80412911e+03  9.87845053e+00  4.80412911e+03 -1.51310483e+00 
 4.85976577e+03  9.87838835e+00  4.85976577e+03 -1.53075625e+00 
 4.91604676e+03  9.87832473e+00  4.91604676e+03 -1.54861030e+00 
 4.97297954e+03  9.87825963e+00  4.97297954e+03 -1.56666932e+00 
 5.03057166e+03  9.87819301e+00  5.03057166e+03 -1.58493571e+00 
 5.08883076e+03  9.87812484e+00  5.08883076e+03 -1.60341188e+00 
 5.14776455e+03  9.87805508e+00  5.14776455e+03 -1.62210025e+00 
 5.20738086e+03  9.87798370e+00  5.20738086e+03 -1.64100330e+00 
 5.26768758e+03  9.87791066e+00  5.26768758e+03 -1.66012351e+00 
 5.32869272e+03  9.87783592e+00  5.32869272e+03 -1.67946341e+00 
 5.39040436e+03  9.87775943e+00  5.39040436e+03 -1.69902555e+00 
 5.45283068e+03  9.87768117e+00  5.45283068e+03 -1.71881251e+00 
 5.51597996e+03  9.87760109e+00  5.51597996e+03 -1.73882689e+00 
 5.57986057e+03  9.87751914e+00  5.57986057e+03 -1.75907133e+00 
 5.64448099e+03  9.87743528e+00  5.64448099e+03 -1.77954849e+00 
 5.70984977e+03  9.87734947e+00  5.70984977e+03 -1.80026109e+00 
 5.77597559e+03  9.87726167e+00  5.77597559e+03 -1.82121183e+00 
 5.84286722e+03  9.87717182e+00  5.84286722e+03 -1.84240349e+00 
 5.91053351e+03  9.87707988e+00  5.91053351e+03 -1.86383885e+00 
 5.97898345e+03  9.87698580e+00  5.97898345e+03 -1.88552074e+00 
 6.04822611e+03  9.87688953e+00  6.04822611e+03 -1.90745200e+00 
 6.11827067e+03  9.87679102e+00  6.11827067e+03 -1.92963553e+00 
 6.18912642e+03  9.87669022e+00  6.18912642e+03 -1.95207425e+00 
 6.26080275e+03  9.87658707e+00  6.26080275e+03 -1.97477110e+00 
 6.33330916e+03  9.87648152e+00  6.33330916e+03 -1.99772907e+00 
 6.40665527e+03  9.87637352e+00  6.40665527e+03 -2.02095118e+00 
 6.48085080e+03  9.87626300e+00  6.48085080e+03 -2.04444049e+00 
 6.55590559e+03  9.87614991e+00  6.55590559e+03 -2.06820008e+00 
 6.63182959e+03  9.87603419e+00  6.63182959e+03 -2.09223307e+00 
 6.70863287e+03  9.87591578e+00  6.70863287e+03 -2.11654262e+00 
 6.78632561e+03  9.87579461e+00  6.78632561e+03 -2.14113194e+00 
 6.86491811e+03  9.87567062e+00  6.86491811e+03 -2.16600424e+00 
 6.94442078e+03  9.87554375e+00  6.94442078e+03 -2.19116279e+00 
 7.02484418e+03  9.87541392e+00  7.02484418e+03 -2.21661089e+00 
 7.10619897e+03  9.87528108e+00  7.10619897e+03 -2.24235190e+00 
 7.18849592e+03  9.87514514e+00  7.18849592e+03 -2.26838918e+00 
 7.27174595e+03  9.87500605e+00  7.27174595e+03 -2.29472615e+00 
 7.35596011e+03  9.87486371e+00  7.35596011e+03 -2.32136626e+00 
 7.44114955e+03  9.87471807e+00  7.44114955e+03 -2.34831301e+00 
 7.52732557e+03  9.87456904e+00  7.52732557e+03 -2.37556994e+00 
 7.61449959e+03  9.87441654e+00  7.61449959e+03 -2.40314060e+00 
 7.70268318e+03  9.87426050e+00  7.70268318e+03 -2.43102863e+00 
 7.79188802e+03  9.87410083e+00  7.79188802e+03 -2.45923766e+00 
 7.88212595e+03  9.87393744e+00  7.88212595e+03 -2.48777140e+00 
 7.97340892e+03  9.87377025e+00  7.97340892e+03 -2.51663358e+00 
 8.06574904e+03  9.87359918e+00  8.06574904e+03 -2.54582797e+00 
 8.15915855e+03  9.87342413e+00  8.15915855e+03 -2.57535840e+00 
 8.25364983e+03  9.87324500e+00  8.25364983e+03 -2.60522874e+00 
 8.34923543e+03  9.87306172e+00  8.34923543e+03 -2.63544288e+00 
 8.44592800e+03  9.87287417e+00  8.44592800e+03 -2.66600477e+00 
 8.54374036e+03  9.87268226e+00  8.54374036e+03 -2.69691841e+00 
 8.64268550e+03  9.87248588e+00  8.64268550e+03 -2.72818784e+00 
 8.74277651e+03  9.87228495e+00  8.74277651e+03 -2.75981714e+00 
 8.84402669e+03  9.87207934e+00  8.84402669e+03 -2.79181044e+00 
 8.94644944e+03  9.87186895e+00  8.94644944e+03 -2.82417192e+00 
 9.05005835e+03  9.87165368e+00  9.05005835e+03 -2.85690579e+00 
 9.15486716e+03  9.87143339e+00  9.15486716e+03 -2.89001632e+00 
 9.26088975e+03  9.87120799e+00  9.26088975e+03 -2.92350784e+00 
 9.36814020e+03  9.87097736e+00  9.36814020e+03 -2.95738470e+00 
 9.47663271e+03  9.87074136e+00  9.47663271e+03 -2.99165131e+00 
 9.58638168e+03  9.87049987e+00  9.58638168e+03 -3.02631214e+00 
 9.69740165e+03  9.87025278e+00  9.69740165e+03 -3.06137170e+00 
 9.80970735e+03  9.86999994e+00  9.80970735e+03 -3.09683455e+00 
 9.92331366e+03  9.86974123e+00  9.92331366e+03 -3.13270529e+00 
 1.00382356e+04  9.86947651e+00  1.00382356e+04 -3.16898860e+00 
 1.01544885e+04  9.86920565e+00  1.01544885e+04 -3.20568917e+00 
 1.02720878e+04  9.86892848e+00  1.02720878e+04 -3.24281179e+00 
 1.03910489e+04  9.86864489e+00  1.03910489e+04 -3.28036125e+00 
 1.05113877e+04  9.86835470e+00  1.05113877e+04 -3.31834244e+00 
 1.06331202e+04  9.86805777e+00  1.06331202e+04 -3.35676029e+00 
 1.07562625e+04  9.86775395e+00  1.07562625e+04 -3.39561975e+00 
 1.08808308e+04  9.86744308e+00  1.08808308e+04 -3.43492588e+00 
 1.10068418e+04  9.86712498e+00  1.10068418e+04 -3.47468375e+00 
 1.11343122e+04  9.86679951e+00  1.11343122e+04 -3.51489851e+00 
 1.12632587e+04  9.86646647e+00  1.12632587e+04 -3.55557535e+00 
 1.13936986e+04  9.86612570e+00  1.13936986e+04 -3.59671954e+00 
 1.15256492e+04  9.86577703e+00  1.15256492e+04 -3.63833638e+00 
 1.16591278e+04  9.86542026e+00  1.16591278e+04 -3.68043125e+00 
 1.17941523e+04  9.86505521e+00  1.17941523e+04 -3.72300957e+00 
 1.19307404e+04  9.86468169e+00  1.19307404e+04 -3.76607683e+00 
 1.20689105e+04  9.86429951e+00  1.20689105e+04 -3.80963858e+00 
 1.22086806e+04  9.86390845e+00  1.22086806e+04 -3.85370042e+00 
 1.23500695e+04  9.86350833e+00  1.23500695e+04 -3.89826803e+00 
 1.24930957e+04  9.86309892e+00  1.24930957e+04 -3.94334712e+00 
 1.26377784e+04  9.86268002e+00  1.26377784e+04 -3.98894349e+00 
 1.27841366e+04  9.86225140e+00  1.27841366e+04 -4.03506299e+00 
 1.29321898e+04  9.86181284e+00  1.29321898e+04 -4.08171154e+00 
 1.30819576e+04  9.86136412e+00  1.30819576e+04 -4.12889510e+00 
 1.32334599e+04  9.86090499e+00  1.32334599e+04 -4.17661973e+00 
 1.33867167e+04  9.86043521e+00  1.33867167e+04 -4.22489152e+00 
 1.35417484e+04  9.85995455e+00  1.35417484e+04 -4.27371665e+00 
 1.36985755e+04  9.85946274e+00  1.36985755e+04 -4.32310136e+00 
 1.38572188e+04  9.85895954e+00  1.38572188e+04 -4.37305193e+00 
 1.40176994e+04  9.85844468e+00  1.40176994e+04 -4.42357475e+00 
 1.41800385e+04  9.85791789e+00  1.41800385e+04 -4.47467624e+00 
 1.43442576e+04  9.85737890e+00  1.43442576e+04 -4.52636291e+00 
 1.45103786e+04  9.85682743e+00  1.45103786e+04 -4.57864132e+00 
 1.46784234e+04  9.85626318e+00  1.46784234e+04 -4.63151812e+00 
 1.48484144e+04  9.85568586e+00  1.48484144e+04 -4.68500002e+00 
 1.50203740e+04  9.85509518e+00  1.50203740e+04 -4.73909379e+00 
 1.51943251e+04  9.85449083e+00  1.51943251e+04 -4.79380628e+00 
 1.53702907e+04  9.85387249e+00  1.53702907e+04 -4.84914441e+00 
 1.55482942e+04  9.85323983e+00  1.55482942e+04 -4.90511517e+00 
 1.57283591e+04  9.85259254e+00  1.57283591e+04 -4.96172562e+00 
 1.59105094e+04  9.85193027e+00  1.59105094e+04 -5.01898289e+00 
 1.60947691e+04  9.85125269e+00  1.60947691e+04 -5.07689420e+00 
 1.62811628e+04  9.85055943e+00  1.62811628e+04 -5.13546682e+00 
 1.64697151e+04  9.84985014e+00  1.64697151e+04 -5.19470811e+00 
 1.66604510e+04  9.84912445e+00  1.66604510e+04 -5.25462550e+00 
 1.68533958e+04  9.84838199e+00  1.68533958e+04 -5.31522649e+00 
 1.70485751e+04  9.84762237e+00  1.70485751e+04 -5.37651866e+00 
 1.72460148e+04  9.84684519e+00  1.72460148e+04 -5.43850966e+00 
 1.74457411e+04  9.84605006e+00  1.74457411e+04 -5.50120723e+00 
 1.76477804e+04  9.84523656e+00  1.76477804e+04 -5.56461918e+00 
 1.78521595e+04  9.84440428e+00  1.78521595e+04 -5.62875339e+00 
 1.80589055e+04  9.84355278e+00  1.80589055e+04 -5.69361782e+00 
 1.82680458e+04  9.84268162e+00  1.82680458e+04 -5.75922052e+00 
 1.84796082e+04  9.84179036e+00  1.84796082e+04 -5.82556961e+00 
 1.86936208e+04  9.84087853e+00  1.86936208e+04 -5.89267328e+00 
 1.89101117e+04  9.83994566e+00  1.89101117e+04 -5.96053981e+00 
 1.91291099e+04  9.83899128e+00  1.91291099e+04 -6.02917757e+00 
 1.93506443e+04  9.83801489e+00  1.93506443e+04 -6.09859499e+00 
 1.95747443e+04  9.83701599e+00  1.95747443e+04 -6.16880059e+00 
 1.98014396e+04  9.83599407e+00  1.98014396e+04 -6.23980297e+00 
 2.00307602e+04  9.83494860e+00  2.00307602e+04 -6.31161081e+00 
 2.02627366e+04  9.83387905e+00  2.02627366e+04 -6.38423287e+00 
 2.04973996e+04  9.83278486e+00  2.04973996e+04 -6.45767801e+00 
 2.07347801e+04  9.83166548e+00  2.07347801e+04 -6.53195514e+00 
 2.09749098e+04  9.83052034e+00  2.09749098e+04 -6.60707328e+00 
 2.12178204e+04  9.82934884e+00  2.12178204e+04 -6.68304152e+00 
 2.14635442e+04  9.82815040e+00  2.14635442e+04 -6.75986904e+00 
 2.17121137e+04  9.82692439e+00  2.17121137e+04 -6.83756509e+00 
 2.19635619e+04  9.82567019e+00  2.19635619e+04 -6.91613901e+00 
 2.22179221e+04  9.82438716e+00  2.22179221e+04 -6.99560023e+00 
 2.24752280e+04  9.82307466e+00  2.24752280e+04 -7.07595827e+00 
 2.27355138e+04  9.82173200e+00  2.27355138e+04 -7.15722270e+00 
 2.29988140e+04  9.82035851e+00  2.29988140e+04 -7.23940322e+00 
 2.32651635e+04  9.81895350e+00  2.32651635e+04 -7.32250957e+00 
 2.35345976e+04  9.81751624e+00  2.35345976e+04 -7.40655161e+00 
 2.38071520e+04  9.81604602e+00  2.38071520e+04 -7.49153927e+00 
 2.40828628e+04  9.81454208e+00  2.40828628e+04 -7.57748255e+00 
 2.43617666e+04  9.81300366e+00  2.43617666e+04 -7.66439156e+00 
 2.46439005e+04  9.81143000e+00  2.46439005e+04 -7.75227647e+00 
 2.49293017e+04  9.80982029e+00  2.49293017e+04 -7.84114755e+00 
 2.52180082e+04  9.80817372e+00  2.52180082e+04 -7.93101515e+00 
 2.55100581e+04  9.80648947e+00  2.55100581e+04 -8.02188970e+00 
 2.58054904e+04  9.80476668e+00  2.58054904e+04 -8.11378171e+00 
 2.61043440e+04  9.80300450e+00  2.61043440e+04 -8.20670178e+00 
 2.64066586e+04  9.80120204e+00  2.64066586e+04 -8.30066059e+00 
 2.67124744e+04  9.79935839e+00  2.67124744e+04 -8.39566890e+00 
 2.70218318e+04  9.79747263e+00  2.70218318e+04 -8.49173757e+00 
 2.73347718e+04  9.79554383e+00  2.73347718e+04 -8.58887750e+00 
 2.76513361e+04  9.79357102e+00  2.76513361e+04 -8.68709972e+00 
 2.79715664e+04  9.79155322e+00  2.79715664e+04 -8.78641530e+00 
 2.82955054e+04  9.78948942e+00  2.82955054e+04 -8.88683541e+00 
 2.86231959e+04  9.78737860e+00  2.86231959e+04 -8.98837130e+00 
 2.89546814e+04  9.78521971e+00  2.89546814e+04 -9.09103430e+00 
 2.92900058e+04  9.78301168e+00  2.92900058e+04 -9.19483580e+00 
 2.96292136e+04  9.78075343e+00  2.96292136e+04 -9.29978728e+00 
 2.99723498e+04  9.77844383e+00  2.99723498e+04 -9.40590029e+00 
 3.03194599e+04  9.77608176e+00  3.03194599e+04 -9.51318648e+00 
 3.06705898e+04  9.77366604e+00  3.06705898e+04 -9.62165753e+00 
 3.10257862e+04  9.77119550e+00  3.10257862e+04 -9.73132523e+00 
 3.13850961e+04  9.76866891e+00  3.13850961e+04 -9.84220142e+00 
 3.17485672e+04  9.76608506e+00  3.17485672e+04 -9.95429803e+00 
 3.21162476e+04  9.76344266e+00  3.21162476e+04 -1.00676270e+01 
 3.24881861e+04  9.76074045e+00  3.24881861e+04 -1.01822005e+01 
 3.28644321e+04  9.75797709e+00  3.28644321e+04 -1.02980305e+01 
 3.32450354e+04  9.75515126e+00  3.32450354e+04 -1.04151293e+01 
 3.36300464e+04  9.75226157e+00  3.36300464e+04 -1.05335091e+01 
 3.40195163e+04  9.74930665e+00  3.40195163e+04 -1.06531823e+01 
 3.44134966e+04  9.74628505e+00  3.44134966e+04 -1.07741611e+01 
 3.48120396e+04  9.74319533e+00  3.48120396e+04 -1.08964581e+01 
 3.52151982e+04  9.74003600e+00  3.52151982e+04 -1.10200857e+01 
 3.56230257e+04  9.73680555e+00  3.56230257e+04 -1.11450564e+01 
 3.60355763e+04  9.73350243e+00  3.60355763e+04 -1.12713829e+01 
 3.64529046e+04  9.73012508e+00  3.64529046e+04 -1.13990777e+01 
 3.68750660e+04  9.72667187e+00  3.68750660e+04 -1.15281536e+01 
 3.73021165e+04  9.72314119e+00  3.73021165e+04 -1.16586234e+01 
 3.77341126e+04  9.71953134e+00  3.77341126e+04 -1.17904996e+01 
 3.81711117e+04  9.71584064e+00  3.81711117e+04 -1.19237953e+01 
 3.86131717e+04  9.71206735e+00  3.86131717e+04 -1.20585233e+01 
 3.90603512e+04  9.70820968e+00  3.90603512e+04 -1.21946963e+01 
 3.95127095e+04  9.70426585e+00  3.95127095e+04 -1.23323274e+01 
 3.99703065e+04  9.70023400e+00  3.99703065e+04 -1.24714294e+01 
 4.04332030e+04  9.69611226e+00  4.04332030e+04 -1.26120154e+01 
 4.09014603e+04  9.69189872e+00  4.09014603e+04 -1.27540984e+01 
 4.13751404e+04  9.68759144e+00  4.13751404e+04 -1.28976912e+01 
 4.18543063e+04  9.68318842e+00  4.18543063e+04 -1.30428070e+01 
 4.23390214e+04  9.67868764e+00  4.23390214e+04 -1.31894588e+01 
 4.28293500e+04  9.67408704e+00  4.28293500e+04 -1.33376595e+01 
 4.33253571e+04  9.66938453e+00  4.33253571e+04 -1.34874223e+01 
 4.38271084e+04  9.66457795e+00  4.38271084e+04 -1.36387602e+01 
 4.43346705e+04  9.65966515e+00  4.43346705e+04 -1.37916861e+01 
 4.48481108e+04  9.65464389e+00  4.48481108e+04 -1.39462131e+01 
 4.53674971e+04  9.64951192e+00  4.53674971e+04 -1.41023542e+01 
 4.58928985e+04  9.64426693e+00  4.58928985e+04 -1.42601224e+01 
 4.64243846e+04  9.63890660e+00  4.64243846e+04 -1.44195306e+01 
 4.69620258e+04  9.63342853e+00  4.69620258e+04 -1.45805917e+01 
 4.75058934e+04  9.62783029e+00  4.75058934e+04 -1.47433185e+01 
 4.80560596e+04  9.62210943e+00  4.80560596e+04 -1.49077240e+01 
 4.86125973e+04  9.61626342e+00  4.86125973e+04 -1.50738209e+01 
 4.91755802e+04  9.61028972e+00  4.91755802e+04 -1.52416219e+01 
 4.97450830e+04  9.60418573e+00  4.97450830e+04 -1.54111398e+01 
 5.03211813e+04  9.59794879e+00  5.03211813e+04 -1.55823870e+01 
 5.09039513e+04  9.59157622e+00  5.09039513e+04 -1.57553762e+01 
 5.14934704e+04  9.58506529e+00  5.14934704e+04 -1.59301197e+01 
 5.20898168e+04  9.57841321e+00  5.20898168e+04 -1.61066300e+01 
 5.26930694e+04  9.57161717e+00  5.26930694e+04 -1.62849194e+01 
 5.33033083e+04  9.56467428e+00  5.33033083e+04 -1.64649999e+01 
 5.39206144e+04  9.55758163e+00  5.39206144e+04 -1.66468836e+01 
 5.45450695e+04  9.55033625e+00  5.45450695e+04 -1.68305825e+01 
 5.51767564e+04  9.54293514e+00  5.51767564e+04 -1.70161085e+01 
 5.58157589e+04  9.53537522e+00  5.58157589e+04 -1.72034731e+01 
 5.64621617e+04  9.52765339e+00  5.64621617e+04 -1.73926880e+01 
 5.71160505e+04  9.51976650e+00  5.71160505e+04 -1.75837646e+01 
 5.77775120e+04  9.51171134e+00  5.77775120e+04 -1.77767141e+01 
 5.84466339e+04  9.50348466e+00  5.84466339e+04 -1.79715475e+01 
 5.91235049e+04  9.49508315e+00  5.91235049e+04 -1.81682759e+01 
 5.98082147e+04  9.48650347e+00  5.98082147e+04 -1.83669098e+01 
 6.05008542e+04  9.47774222e+00  6.05008542e+04 -1.85674600e+01 
 6.12015151e+04  9.46879596e+00  6.12015151e+04 -1.87699366e+01 
 6.19102904e+04  9.45966118e+00  6.19102904e+04 -1.89743498e+01 
 6.26272740e+04  9.45033435e+00  6.26272740e+04 -1.91807096e+01 
 6.33525610e+04  9.44081188e+00  6.33525610e+04 -1.93890255e+01 
 6.40862476e+04  9.43109012e+00  6.40862476e+04 -1.95993071e+01 
 6.48284310e+04  9.42116539e+00  6.48284310e+04 -1.98115635e+01 
 6.55792097e+04  9.41103396e+00  6.55792097e+04 -2.00258036e+01 
 6.63386831e+04  9.40069203e+00  6.63386831e+04 -2.02420360e+01 
 6.71069519e+04  9.39013579e+00  6.71069519e+04 -2.04602692e+01 
 6.78841182e+04  9.37936135e+00  6.78841182e+04 -2.06805112e+01 
 6.86702847e+04  9.36836479e+00  6.86702847e+04 -2.09027698e+01 
 6.94655559e+04  9.35714214e+00  6.94655559e+04 -2.11270524e+01 
 7.02700371e+04  9.34568938e+00  7.02700371e+04 -2.13533662e+01 
 7.10838351e+04  9.33400246e+00  7.10838351e+04 -2.15817180e+01 
 7.19070576e+04  9.32207727e+00  7.19070576e+04 -2.18121141e+01 
 7.27398139e+04  9.30990966e+00  7.27398139e+04 -2.20445606e+01 
 7.35822143e+04  9.29749544e+00  7.35822143e+04 -2.22790634e+01 
 7.44343706e+04  9.28483038e+00  7.44343706e+04 -2.25156276e+01 
 7.52963957e+04  9.27191021e+00  7.52963957e+04 -2.27542583e+01 
 7.61684039e+04  9.25873060e+00  7.61684039e+04 -2.29949598e+01 
 7.70505109e+04  9.24528720e+00  7.70505109e+04 -2.32377364e+01 
 7.79428335e+04  9.23157563e+00  7.79428335e+04 -2.34825917e+01 
 7.88454902e+04  9.21759144e+00  7.88454902e+04 -2.37295289e+01 
 7.97586005e+04  9.20333018e+00  7.97586005e+04 -2.39785508e+01 
 8.06822855e+04  9.18878734e+00  8.06822855e+04 -2.42296597e+01 
 8.16166678e+04  9.17395839e+00  8.16166678e+04 -2.44828573e+01 
 8.25618712e+04  9.15883876e+00  8.25618712e+04 -2.47381451e+01 
 8.35180209e+04  9.14342384e+00  8.35180209e+04 -2.49955238e+01 
 8.44852439e+04  9.12770903e+00  8.44852439e+04 -2.52549938e+01 
 8.54636682e+04  9.11168966e+00  8.54636682e+04 -2.55165548e+01 
 8.64534237e+04  9.09536105e+00  8.64534237e+04 -2.57802061e+01 
 8.74546416e+04  9.07871849e+00  8.74546416e+04 -2.60459464e+01 
 8.84674546e+04  9.06175727e+00  8.84674546e+04 -2.63137737e+01 
 8.94919970e+04  9.04447263e+00  8.94919970e+04 -2.65836857e+01 
 9.05284046e+04  9.02685981e+00  9.05284046e+04 -2.68556794e+01 
 9.15768148e+04  9.00891403e+00  9.15768148e+04 -2.71297512e+01 
 9.26373667e+04  8.99063050e+00  9.26373667e+04 -2.74058967e+01 
 9.37102009e+04  8.97200440e+00  9.37102009e+04 -2.76841112e+01 
 9.47954596e+04  8.95303093e+00  9.47954596e+04 -2.79643893e+01 
 9.58932866e+04  8.93370526e+00  9.58932866e+04 -2.82467249e+01 
 9.70038276e+04  8.91402257e+00  9.70038276e+04 -2.85311111e+01 
 9.81272298e+04  8.89397802e+00  9.81272298e+04 -2.88175408e+01 
 9.92636421e+04  8.87356678e+00  9.92636421e+04 -2.91060057e+01 
 1.00413215e+05  8.85278405e+00  1.00413215e+05 -2.93964973e+01 
 1.01576102e+05  8.83162498e+00  1.01576102e+05 -2.96890061e+01 
 1.02752455e+05  8.81008479e+00  1.02752455e+05 -2.99835221e+01 
 1.03942432e+05  8.78815867e+00  1.03942432e+05 -3.02800346e+01 
 1.05146191e+05  8.76584183e+00  1.05146191e+05 -3.05785320e+01 
 1.06363890e+05  8.74312953e+00  1.06363890e+05 -3.08790024e+01 
 1.07595691e+05  8.72001701e+00  1.07595691e+05 -3.11814327e+01 
 1.08841757e+05  8.69649957e+00  1.08841757e+05 -3.14858096e+01 
 1.10102255e+05  8.67257251e+00  1.10102255e+05 -3.17921186e+01 
 1.11377350e+05  8.64823117e+00  1.11377350e+05 -3.21003449e+01 
 1.12667212e+05  8.62347094e+00  1.12667212e+05 -3.24104727e+01 
 1.13972012e+05  8.59828723e+00  1.13972012e+05 -3.27224857e+01 
 1.15291923e+05  8.57267550e+00  1.15291923e+05 -3.30363666e+01 
 1.16627120e+05  8.54663126e+00  1.16627120e+05 -3.33520977e+01 
 1.17977779e+05  8.52015005e+00  1.17977779e+05 -3.36696604e+01 
 1.19344081e+05  8.49322748e+00  1.19344081e+05 -3.39890353e+01 
 1.20726206e+05  8.46585922e+00  1.20726206e+05 -3.43102024e+01 
 1.22124337e+05  8.43804099e+00  1.22124337e+05 -3.46331411e+01 
 1.23538660e+05  8.40976856e+00  1.23538660e+05 -3.49578298e+01 
 1.24969363e+05  8.38103780e+00  1.24969363e+05 -3.52842465e+01 
 1.26416634e+05  8.35184464e+00  1.26416634e+05 -3.56123682e+01 
 1.27880666e+05  8.32218506e+00  1.27880666e+05 -3.59421715e+01 
 1.29361653e+05  8.29205516e+00  1.29361653e+05 -3.62736321e+01 
 1.30859792e+05  8.26145108e+00  1.30859792e+05 -3.66067252e+01 
 1.32375280e+05  8.23036909e+00  1.32375280e+05 -3.69414250e+01 
 1.33908319e+05  8.19880552e+00  1.33908319e+05 -3.72777054e+01 
 1.35459113e+05  8.16675680e+00  1.35459113e+05 -3.76155395e+01 
 1.37027866e+05  8.13421947e+00  1.37027866e+05 -3.79548998e+01 
 1.38614787e+05  8.10119016e+00  1.38614787e+05 -3.82957581e+01 
 1.40220086e+05  8.06766560e+00  1.40220086e+05 -3.86380856e+01 
 1.41843976e+05  8.03364265e+00  1.41843976e+05 -3.89818530e+01 
 1.43486672e+05  7.99911826e+00  1.43486672e+05 -3.93270302e+01 
 1.45148393e+05  7.96408952e+00  1.45148393e+05 -3.96735869e+01 
 1.46829358e+05  7.92855362e+00  1.46829358e+05 -4.00214919e+01 
 1.48529790e+05  7.89250787e+00  1.48529790e+05 -4.03707136e+01 
 1.50249915e+05  7.85594974e+00  1.50249915e+05 -4.07212199e+01 
 1.51989960e+05  7.81887678e+00  1.51989960e+05 -4.10729782e+01 
 1.53750157e+05  7.78128672e+00  1.53750157e+05 -4.14259554e+01 
 1.55530739e+05  7.74317740e+00  1.55530739e+05 -4.17801179e+01 
 1.57331942e+05  7.70454680e+00  1.57331942e+05 -4.21354319e+01 
 1.59154005e+05  7.66539306e+00  1.59154005e+05 -4.24918629e+01 
 1.60997169e+05  7.62571444e+00  1.60997169e+05 -4.28493762e+01 
 1.62861678e+05  7.58550938e+00  1.62861678e+05 -4.32079367e+01 
 1.64747781e+05  7.54477644e+00  1.64747781e+05 -4.35675089e+01 
 1.66655726e+05  7.50351434e+00  1.66655726e+05 -4.39280571e+01 
 1.68585768e+05  7.46172198e+00  1.68585768e+05 -4.42895452e+01 
 1.70538161e+05  7.41939839e+00  1.70538161e+05 -4.46519370e+01 
 1.72513165e+05  7.37654277e+00  1.72513165e+05 -4.50151959e+01 
 1.74511042e+05  7.33315447e+00  1.74511042e+05 -4.53792852e+01 
 1.76532055e+05  7.28923304e+00  1.76532055e+05 -4.57441680e+01 
 1.78576475e+05  7.24477816e+00  1.78576475e+05 -4.61098074e+01 
 1.80644570e+05  7.19978968e+00  1.80644570e+05 -4.64761661e+01 
 1.82736617e+05  7.15426764e+00  1.82736617e+05 -4.68432070e+01 
 1.84852891e+05  7.10821224e+00  1.84852891e+05 -4.72108928e+01 
 1.86993674e+05  7.06162383e+00  1.86993674e+05 -4.75791862e+01 
 1.89159250e+05  7.01450298e+00  1.89159250e+05 -4.79480500e+01 
 1.91349905e+05  6.96685039e+00  1.91349905e+05 -4.83174468e+01 
 1.93565930e+05  6.91866694e+00  1.93565930e+05 -4.86873396e+01 
 1.95807618e+05  6.86995371e+00  1.95807618e+05 -4.90576913e+01 
 1.98075268e+05  6.82071193e+00  1.98075268e+05 -4.94284649e+01 
 2.00369179e+05  6.77094302e+00  2.00369179e+05 -4.97996237e+01 
 2.02689657e+05  6.72064855e+00  2.02689657e+05 -5.01711311e+01 
 2.05037007e+05  6.66983031e+00  2.05037007e+05 -5.05429509e+01 
 2.07411543e+05  6.61849022e+00  2.07411543e+05 -5.09150469e+01 
 2.09813578e+05  6.56663040e+00  2.09813578e+05 -5.12873834e+01 
 2.12243431e+05  6.51425313e+00  2.12243431e+05 -5.16599249e+01 
 2.14701424e+05  6.46136088e+00  2.14701424e+05 -5.20326364e+01 
 2.17187883e+05  6.40795628e+00  2.17187883e+05 -5.24054830e+01 
 2.19703138e+05  6.35404213e+00  2.19703138e+05 -5.27784306e+01 
 2.22247522e+05  6.29962141e+00  2.22247522e+05 -5.31514452e+01 
 2.24821372e+05  6.24469726e+00  2.24821372e+05 -5.35244934e+01 
 2.27425030e+05  6.18927299e+00  2.27425030e+05 -5.38975424e+01 
 2.30058842e+05  6.13335209e+00  2.30058842e+05 -5.42705599e+01 
 2.32723155e+05  6.07693820e+00  2.32723155e+05 -5.46435139e+01 
 2.35418324e+05  6.02003512e+00  2.35418324e+05 -5.50163734e+01 
 2.38144706e+05  5.96264682e+00  2.38144706e+05 -5.53891076e+01 
 2.40902662e+05  5.90477743e+00  2.40902662e+05 -5.57616867e+01 
 2.43692558e+05  5.84643124e+00  2.43692558e+05 -5.61340814e+01 
 2.46514763e+05  5.78761268e+00  2.46514763e+05 -5.65062629e+01 
 2.49369653e+05  5.72832635e+00  2.49369653e+05 -5.68782035e+01 
 2.52257605e+05  5.66857699e+00  2.52257605e+05 -5.72498759e+01 
 2.55179003e+05  5.60836950e+00  2.55179003e+05 -5.76212537e+01 
 2.58134233e+05  5.54770892e+00  2.58134233e+05 -5.79923114e+01 
 2.61123688e+05  5.48660042e+00  2.61123688e+05 -5.83630241e+01 
 2.64147764e+05  5.42504933e+00  2.64147764e+05 -5.87333678e+01 
 2.67206861e+05  5.36306111e+00  2.67206861e+05 -5.91033193e+01 
 2.70301386e+05  5.30064136e+00  2.70301386e+05 -5.94728564e+01 
 2.73431749e+05  5.23779581e+00  2.73431749e+05 -5.98419576e+01 
 2.76598365e+05  5.17453031e+00  2.76598365e+05 -6.02106025e+01 
 2.79801653e+05  5.11085086e+00  2.79801653e+05 -6.05787713e+01 
 2.83042038e+05  5.04676356e+00  2.83042038e+05 -6.09464456e+01 
 2.86319950e+05  4.98227464e+00  2.86319950e+05 -6.13136074e+01 
 2.89635824e+05  4.91739047e+00  2.89635824e+05 -6.16802402e+01 
 2.92990099e+05  4.85211750e+00  2.92990099e+05 -6.20463280e+01 
 2.96383220e+05  4.78646231e+00  2.96383220e+05 -6.24118562e+01 
 2.99815637e+05  4.72043160e+00  2.99815637e+05 -6.27768108e+01 
 3.03287805e+05  4.65403216e+00  3.03287805e+05 -6.31411793e+01 
 3.06800183e+05  4.58727089e+00  3.06800183e+05 -6.35049497e+01 
 3.10353239e+05  4.52015480e+00  3.10353239e+05 -6.38681113e+01 
 3.13947443e+05  4.45269098e+00  3.13947443e+05 -6.42306546e+01 
 3.17583271e+05  4.38488663e+00  3.17583271e+05 -6.45925708e+01 
 3.21261205e+05  4.31674905e+00  3.21261205e+05 -6.49538525e+01 
 3.24981734e+05  4.24828561e+00  3.24981734e+05 -6.53144931e+01 
 3.28745351e+05  4.17950378e+00  3.28745351e+05 -6.56744872e+01 
 3.32552554e+05  4.11041111e+00  3.32552554e+05 -6.60338305e+01 
 3.36403848e+05  4.04101523e+00  3.36403848e+05 -6.63925198e+01 
 3.40299744e+05  3.97132387e+00  3.40299744e+05 -6.67505529e+01 
 3.44240758e+05  3.90134481e+00  3.44240758e+05 -6.71079288e+01 
 3.48227413e+05  3.83108591e+00  3.48227413e+05 -6.74646476e+01 
 3.52260238e+05  3.76055512e+00  3.52260238e+05 -6.78207104e+01 
 3.56339767e+05  3.68976044e+00  3.56339767e+05 -6.81761195e+01 
 3.60466541e+05  3.61870994e+00  3.60466541e+05 -6.85308785e+01 
 3.64641107e+05  3.54741178e+00  3.64641107e+05 -6.88849917e+01 
 3.68864019e+05  3.47587414e+00  3.68864019e+05 -6.92384648e+01 
 3.73135837e+05  3.40410529e+00  3.73135837e+05 -6.95913047e+01 
 3.77457126e+05  3.33211355e+00  3.77457126e+05 -6.99435192e+01 
 3.81828460e+05  3.25990731e+00  3.81828460e+05 -7.02951175e+01 
 3.86250419e+05  3.18749500e+00  3.86250419e+05 -7.06461096e+01 
 3.90723589e+05  3.11488510e+00  3.90723589e+05 -7.09965069e+01 
 3.95248562e+05  3.04208615e+00  3.95248562e+05 -7.13463219e+01 
 3.99825939e+05  2.96910674e+00  3.99825939e+05 -7.16955681e+01 
 4.04456327e+05  2.89595550e+00  4.04456327e+05 -7.20442602e+01 
 4.09140339e+05  2.82264112e+00  4.09140339e+05 -7.23924142e+01 
 4.13878597e+05  2.74917231e+00  4.13878597e+05 -7.27400471e+01 
 4.18671729e+05  2.67555784e+00  4.18671729e+05 -7.30871769e+01 
 4.23520370e+05  2.60180652e+00  4.23520370e+05 -7.34338231e+01 
 4.28425163e+05  2.52792720e+00  4.28425163e+05 -7.37800059e+01 
 4.33386759e+05  2.45392877e+00  4.33386759e+05 -7.41257472e+01 
 4.38405814e+05  2.37982015e+00  4.38405814e+05 -7.44710695e+01 
 4.43482996e+05  2.30561030e+00  4.43482996e+05 -7.48159967e+01 
 4.48618977e+05  2.23130820e+00  4.48618977e+05 -7.51605540e+01 
 4.53814437e+05  2.15692290e+00  4.53814437e+05 -7.55047675e+01 
 4.59070066e+05  2.08246345e+00  4.59070066e+05 -7.58486644e+01 
 4.64386560e+05  2.00793894e+00  4.64386560e+05 -7.61922735e+01 
 4.69764625e+05  1.93335849e+00  4.69764625e+05 -7.65356242e+01 
 4.75204974e+05  1.85873125e+00  4.75204974e+05 -7.68787475e+01 
 4.80708327e+05  1.78406641e+00  4.80708327e+05 -7.72216753e+01 
 4.86275414e+05  1.70937316e+00  4.86275414e+05 -7.75644407e+01 
 4.91906974e+05  1.63466074e+00  4.91906974e+05 -7.79070782e+01 
 4.97603753e+05  1.55993841e+00  4.97603753e+05 -7.82496231e+01 
 5.03366507e+05  1.48521544e+00  5.03366507e+05 -7.85921122e+01 
 5.09195999e+05  1.41050115e+00  5.09195999e+05 -7.89345834e+01 
 5.15093002e+05  1.33580485e+00  5.15093002e+05 -7.92770756e+01 
 5.21058299e+05  1.26113590e+00  5.21058299e+05 -7.96196291e+01 
 5.27092679e+05  1.18650367e+00  5.27092679e+05 -7.99622853e+01 
 5.33196944e+05  1.11191755e+00  5.33196944e+05 -8.03050869e+01 
 5.39371903e+05  1.03738695e+00  5.39371903e+05 -8.06480776e+01 
 5.45618374e+05  9.62921287e-01  5.45618374e+05 -8.09913026e+01 
 5.51937185e+05  8.88530011e-01  5.51937185e+05 -8.13348081e+01 
 5.58329174e+05  8.14222580e-01  5.58329174e+05 -8.16786416e+01 
 5.64795189e+05  7.40008468e-01  5.64795189e+05 -8.20228518e+01 
 5.71336088e+05  6.65897165e-01  5.71336088e+05 -8.23674887e+01 
 5.77952736e+05  5.91898171e-01  5.77952736e+05 -8.27126035e+01 
 5.84646012e+05  5.18020998e-01  5.84646012e+05 -8.30582486e+01 
 5.91416802e+05  4.44275170e-01  5.91416802e+05 -8.34044777e+01 
 5.98266006e+05  3.70670220e-01  5.98266006e+05 -8.37513460e+01 
 6.05194529e+05  2.97215688e-01  6.05194529e+05 -8.40989095e+01 
 6.12203293e+05  2.23921121e-01  6.12203293e+05 -8.44472260e+01 
 6.19293224e+05  1.50796071e-01  6.19293224e+05 -8.47963543e+01 
 6.26465265e+05  7.78500952e-02  6.26465265e+05 -8.51463545e+01 
 6.33720365e+05  5.09275078e-03  6.33720365e+05 -8.54972882e+01 
 6.41059486e+05 -6.74664037e-02  6.41059486e+05 -8.58492182e+01 
 6.48483601e+05 -1.39817811e-01  6.48483601e+05 -8.62022086e+01 
 6.55993696e+05 -2.11951918e-01  6.55993696e+05 -8.65563249e+01 
 6.63590765e+05 -2.83859176e-01  6.63590765e+05 -8.69116342e+01 
 6.71275815e+05 -3.55530044e-01  6.71275815e+05 -8.72682045e+01 
 6.79049866e+05 -4.26954989e-01  6.79049866e+05 -8.76261056e+01 
 6.86913949e+05 -4.98124493e-01  6.86913949e+05 -8.79854085e+01 
 6.94869105e+05 -5.69029049e-01  6.94869105e+05 -8.83461856e+01 
 7.02916391e+05 -6.39659170e-01  7.02916391e+05 -8.87085109e+01 
 7.11056872e+05 -7.10005385e-01  7.11056872e+05 -8.90724596e+01 
 7.19291628e+05 -7.80058249e-01  7.19291628e+05 -8.94381084e+01 
 7.27621750e+05 -8.49808340e-01  7.27621750e+05 -8.98055357e+01 
 7.36048344e+05 -9.19246266e-01  7.36048344e+05 -9.01748210e+01 
 7.44572527e+05 -9.88362665e-01  7.44572527e+05 -9.05460455e+01 
 7.53195428e+05 -1.05714821e+00  7.53195428e+05 -9.09192920e+01 
 7.61918191e+05 -1.12559362e+00  7.61918191e+05 -9.12946446e+01 
 7.70741972e+05 -1.19368965e+00  7.70741972e+05 -9.16721889e+01 
 7.79667942e+05 -1.26142710e+00  7.79667942e+05 -9.20520123e+01 
 7.88697283e+05 -1.32879683e+00  7.88697283e+05 -9.24342034e+01 
 7.97831193e+05 -1.39578974e+00  7.97831193e+05 -9.28188527e+01 
 8.07070883e+05 -1.46239681e+00  8.07070883e+05 -9.32060520e+01 
 8.16417578e+05 -1.52860908e+00  8.16417578e+05 -9.35958948e+01 
 8.25872518e+05 -1.59441764e+00  8.25872518e+05 -9.39884762e+01 
 8.35436955e+05 -1.65981367e+00  8.35436955e+05 -9.43838930e+01 
 8.45112157e+05 -1.72478844e+00  8.45112157e+05 -9.47822433e+01 
 8.54899409e+05 -1.78933330e+00  8.54899409e+05 -9.51836271e+01 
 8.64800006e+05 -1.85343968e+00  8.64800006e+05 -9.55881460e+01 
 8.74815263e+05 -1.91709912e+00  8.74815263e+05 -9.59959032e+01 
 8.84946506e+05 -1.98030327e+00  8.84946506e+05 -9.64070036e+01 
 8.95195080e+05 -2.04304387e+00  8.95195080e+05 -9.68215538e+01 
 9.05562342e+05 -2.10531279e+00  9.05562342e+05 -9.72396618e+01 
 9.16049667e+05 -2.16710205e+00  9.16049667e+05 -9.76614378e+01 
 9.26658447e+05 -2.22840376e+00  9.26658447e+05 -9.80869931e+01 
 9.37390086e+05 -2.28921021e+00  9.37390086e+05 -9.85164411e+01 
 9.48246009e+05 -2.34951380e+00  9.48246009e+05 -9.89498969e+01 
 9.59227655e+05 -2.40930712e+00  9.59227655e+05 -9.93874770e+01 
 9.70336479e+05 -2.46858291e+00  9.70336479e+05 -9.98293000e+01 
 9.81573954e+05 -2.52733410e+00  9.81573954e+05 -1.00275486e+02 
 9.92941571e+05 -2.58555378e+00  9.92941571e+05 -1.00726157e+02 
 1.00444084e+06 -2.64323526e+00  1.00444084e+06 -1.01181436e+02 
 1.01607327e+06 -2.70037203e+00  1.01607327e+06 -1.01641448e+02 
 1.02784043e+06 -2.75695780e+00  1.02784043e+06 -1.02106321e+02 
 1.03974386e+06 -2.81298653e+00  1.03974386e+06 -1.02576184e+02 
 1.05178514e+06 -2.86845239e+00  1.05178514e+06 -1.03051167e+02 
 1.06396587e+06 -2.92334979e+00  1.06396587e+06 -1.03531401e+02 
 1.07628767e+06 -2.97767343e+00  1.07628767e+06 -1.04017021e+02 
 1.08875217e+06 -3.03141825e+00  1.08875217e+06 -1.04508163e+02 
 1.10136102e+06 -3.08457950e+00  1.10136102e+06 -1.05004964e+02 
 1.11411589e+06 -3.13715271e+00  1.11411589e+06 -1.05507562e+02 
 1.12701847e+06 -3.18913373e+00  1.12701847e+06 -1.06016099e+02 
 1.14007049e+06 -3.24051872e+00  1.14007049e+06 -1.06530716e+02 
 1.15327365e+06 -3.29130419e+00  1.15327365e+06 -1.07051559e+02 
 1.16662972e+06 -3.34148700e+00  1.16662972e+06 -1.07578771e+02 
 1.18014047e+06 -3.39106439e+00  1.18014047e+06 -1.08112501e+02 
 1.19380769e+06 -3.44003396e+00  1.19380769e+06 -1.08652897e+02 
 1.20763319e+06 -3.48839373e+00  1.20763319e+06 -1.09200110e+02 
 1.22161880e+06 -3.53614213e+00  1.22161880e+06 -1.09754291e+02 
 1.23576638e+06 -3.58327802e+00  1.23576638e+06 -1.10315595e+02 
 1.25007780e+06 -3.62980072e+00  1.25007780e+06 -1.10884175e+02 
 1.26455496e+06 -3.67571002e+00  1.26455496e+06 -1.11460190e+02 
 1.27919978e+06 -3.72100620e+00  1.27919978e+06 -1.12043795e+02 
 1.29401421e+06 -3.76569002e+00  1.29401421e+06 -1.12635151e+02 
 1.30900020e+06 -3.80976281e+00  1.30900020e+06 -1.13234418e+02 
 1.32415974e+06 -3.85322643e+00  1.32415974e+06 -1.13841759e+02 
 1.33949485e+06 -3.89608330e+00  1.33949485e+06 -1.14457335e+02 
 1.35500755e+06 -3.93833645e+00  1.35500755e+06 -1.15081312e+02 
 1.37069990e+06 -3.97998950e+00  1.37069990e+06 -1.15713855e+02 
 1.38657399e+06 -4.02104673e+00  1.38657399e+06 -1.16355131e+02 
 1.40263192e+06 -4.06151306e+00  1.40263192e+06 -1.17005307e+02 
 1.41887581e+06 -4.10139412e+00  1.41887581e+06 -1.17664551e+02 
 1.43530782e+06 -4.14069622e+00  1.43530782e+06 -1.18333033e+02 
 1.45193013e+06 -4.17942641e+00  1.45193013e+06 -1.19010923e+02 
 1.46874495e+06 -4.21759251e+00  1.46874495e+06 -1.19698392e+02 
 1.48575450e+06 -4.25520312e+00  1.48575450e+06 -1.20395612e+02 
 1.50296103e+06 -4.29226765e+00  1.50296103e+06 -1.21102753e+02 
 1.52036684e+06 -4.32879636e+00  1.52036684e+06 -1.21819989e+02 
 1.53797422e+06 -4.36480037e+00  1.53797422e+06 -1.22547492e+02 
 1.55578551e+06 -4.40029169e+00  1.55578551e+06 -1.23285435e+02 
 1.57380308e+06 -4.43528327e+00  1.57380308e+06 -1.24033990e+02 
 1.59202931e+06 -4.46978902e+00  1.59202931e+06 -1.24793329e+02 
 1.61046661e+06 -4.50382382e+00  1.61046661e+06 -1.25563625e+02 
 1.62911744e+06 -4.53740357e+00  1.62911744e+06 -1.26345050e+02 
 1.64798426e+06 -4.57054524e+00  1.64798426e+06 -1.27137774e+02 
 1.66706959e+06 -4.60326684e+00  1.66706959e+06 -1.27941967e+02 
 1.68637593e+06 -4.63558752e+00  1.68637593e+06 -1.28757800e+02 
 1.70590587e+06 -4.66752756e+00  1.70590587e+06 -1.29585438e+02 
 1.72566198e+06 -4.69910841e+00  1.72566198e+06 -1.30425050e+02 
 1.74564689e+06 -4.73035273e+00  1.74564689e+06 -1.31276799e+02 
 1.76586324e+06 -4.76128441e+00  1.76586324e+06 -1.32140847e+02 
 1.78631372e+06 -4.79192860e+00  1.78631372e+06 -1.33017355e+02 
 1.80700103e+06 -4.82231176e+00  1.80700103e+06 -1.33906481e+02 
 1.82792793e+06 -4.85246165e+00  1.82792793e+06 -1.34808379e+02 
 1.84909717e+06 -4.88240741e+00  1.84909717e+06 -1.35723201e+02 
 1.87051159e+06 -4.91217954e+00  1.87051159e+06 -1.36651094e+02 
 1.89217400e+06 -4.94180996e+00  1.89217400e+06 -1.37592202e+02 
 1.91408728e+06 -4.97133201e+00  1.91408728e+06 -1.38546666e+02 
 1.93625434e+06 -5.00078050e+00  1.93625434e+06 -1.39514619e+02 
 1.95867812e+06 -5.03019171e+00  1.95867812e+06 -1.40496191e+02 
 1.98136159e+06 -5.05960341e+00  1.98136159e+06 -1.41491507e+02 
 2.00430776e+06 -5.08905489e+00  2.00430776e+06 -1.42500683e+02 
 2.02751966e+06 -5.11858694e+00  2.02751966e+06 -1.43523831e+02 
 2.05100039e+06 -5.14824193e+00  2.05100039e+06 -1.44561056e+02 
 2.07475304e+06 -5.17806374e+00  2.07475304e+06 -1.45612453e+02 
 2.09878077e+06 -5.20809780e+00  2.09878077e+06 -1.46678110e+02 
 2.12308677e+06 -5.23839109e+00  2.12308677e+06 -1.47758106e+02 
 2.14767426e+06 -5.26899212e+00  2.14767426e+06 -1.48852512e+02 
 2.17254649e+06 -5.29995094e+00  2.17254649e+06 -1.49961387e+02 
 2.19770677e+06 -5.33131907e+00  2.19770677e+06 -1.51084780e+02 
 2.22315843e+06 -5.36314957e+00  2.22315843e+06 -1.52222729e+02 
 2.24890485e+06 -5.39549691e+00  2.24890485e+06 -1.53375259e+02 
 2.27494944e+06 -5.42841699e+00  2.27494944e+06 -1.54542382e+02 
 2.30129565e+06 -5.46196710e+00  2.30129565e+06 -1.55724099e+02 
 2.32794697e+06 -5.49620584e+00  2.32794697e+06 -1.56920395e+02 
 2.35490695e+06 -5.53119305e+00  2.35490695e+06 -1.58131240e+02 
 2.38217915e+06 -5.56698980e+00  2.38217915e+06 -1.59356589e+02 
 2.40976718e+06 -5.60365825e+00  2.40976718e+06 -1.60596381e+02 
 2.43767472e+06 -5.64126159e+00  2.43767472e+06 -1.61850537e+02 
 2.46590545e+06 -5.67986394e+00  2.46590545e+06 -1.63118961e+02 
 2.49446313e+06 -5.71953023e+00  2.49446313e+06 -1.64401539e+02 
 2.52335153e+06 -5.76032610e+00  2.52335153e+06 -1.65698139e+02 
 2.55257448e+06 -5.80231778e+00  2.55257448e+06 -1.67008606e+02 
 2.58213587e+06 -5.84557191e+00  2.58213587e+06 -1.68332769e+02 
 2.61203961e+06 -5.89015542e+00  2.61203961e+06 -1.69670434e+02 
 2.64228966e+06 -5.93613539e+00  2.64228966e+06 -1.71021385e+02 
 2.67289004e+06 -5.98357882e+00  2.67289004e+06 -1.72385386e+02 
 2.70384481e+06 -6.03255252e+00  2.70384481e+06 -1.73762180e+02 
 2.73515806e+06 -6.08312287e+00  2.73515806e+06 -1.75151485e+02 
 2.76683395e+06 -6.13535564e+00  2.76683395e+06 -1.76552998e+02 
 2.79887667e+06 -6.18931581e+00  2.79887667e+06 -1.77966393e+02 
 2.83129049e+06 -6.24506729e+00  2.83129049e+06 -1.79391322e+02 
 2.86407969e+06 -6.30267278e+00  2.86407969e+06  1.79172587e+02 
 2.89724862e+06 -6.36219348e+00  2.89724862e+06  1.77725728e+02 
 2.93080168e+06 -6.42368891e+00  2.93080168e+06  1.76268516e+02 
 2.96474332e+06 -6.48721663e+00  2.96474332e+06  1.74801390e+02 
 2.99907804e+06 -6.55283206e+00  2.99907804e+06  1.73324809e+02 
 3.03381039e+06 -6.62058820e+00  3.03381039e+06  1.71839253e+02 
 3.06894498e+06 -6.69053541e+00  3.06894498e+06  1.70345222e+02 
 3.10448646e+06 -6.76272120e+00  3.10448646e+06  1.68843235e+02 
 3.14043954e+06 -6.83719000e+00  3.14043954e+06  1.67333831e+02 
 3.17680900e+06 -6.91398292e+00  3.17680900e+06  1.65817564e+02 
 3.21359965e+06 -6.99313759e+00  3.21359965e+06  1.64295004e+02 
 3.25081638e+06 -7.07468790e+00  3.25081638e+06  1.62766735e+02 
 3.28846411e+06 -7.15866388e+00  3.28846411e+06  1.61233357e+02 
 3.32654785e+06 -7.24509148e+00  3.32654785e+06  1.59695477e+02 
 3.36507263e+06 -7.33399247e+00  3.36507263e+06  1.58153714e+02 
 3.40404356e+06 -7.42538424e+00  3.40404356e+06  1.56608694e+02 
 3.44346582e+06 -7.51927975e+00  3.44346582e+06  1.55061051e+02 
 3.48334463e+06 -7.61568740e+00  3.48334463e+06  1.53511420e+02 
 3.52368527e+06 -7.71461094e+00  3.52368527e+06  1.51960439e+02 
 3.56449310e+06 -7.81604947e+00  3.56449310e+06  1.50408747e+02 
 3.60577353e+06 -7.91999740e+00  3.60577353e+06  1.48856979e+02 
 3.64753203e+06 -8.02644444e+00  3.64753203e+06  1.47305765e+02 
 3.68977413e+06 -8.13537561e+00  3.68977413e+06  1.45755732e+02 
 3.73250543e+06 -8.24677134e+00  3.73250543e+06  1.44207493e+02 
 3.77573161e+06 -8.36060751e+00  3.77573161e+06  1.42661654e+02 
 3.81945839e+06 -8.47685560e+00  3.81945839e+06  1.41118808e+02 
 3.86369158e+06 -8.59548276e+00  3.86369158e+06  1.39579530e+02 
 3.90843702e+06 -8.71645200e+00  3.90843702e+06  1.38044380e+02 
 3.95370067e+06 -8.83972239e+00  3.95370067e+06  1.36513899e+02 
 3.99948851e+06 -8.96524920e+00  3.99948851e+06  1.34988608e+02 
 4.04580662e+06 -9.09298420e+00  4.04580662e+06  1.33469004e+02 
 4.09266114e+06 -9.22287583e+00  4.09266114e+06  1.31955561e+02 
 4.14005829e+06 -9.35486950e+00  4.14005829e+06  1.30448729e+02 
 4.18800434e+06 -9.48890788e+00  4.18800434e+06  1.28948930e+02 
 4.23650566e+06 -9.62493113e+00  4.23650566e+06  1.27456558e+02 
 4.28556866e+06 -9.76287725e+00  4.28556866e+06  1.25971981e+02 
 4.33519987e+06 -9.90268238e+00  4.33519987e+06  1.24495535e+02 
 4.38540586e+06 -1.00442811e+01  4.38540586e+06  1.23027527e+02 
 4.43619329e+06 -1.01876067e+01  4.43619329e+06  1.21568236e+02 
 4.48756888e+06 -1.03325917e+01  4.48756888e+06  1.20117908e+02 
 4.53953946e+06 -1.04791679e+01  4.53953946e+06  1.18676760e+02 
 4.59211190e+06 -1.06272667e+01  4.59211190e+06  1.17244978e+02 
 4.64529319e+06 -1.07768199e+01  4.64529319e+06  1.15822719e+02 
 4.69909037e+06 -1.09277592e+01  4.69909037e+06  1.14410109e+02 
 4.75351058e+06 -1.10800172e+01  4.75351058e+06  1.13007247e+02 
 4.80856103e+06 -1.12335272e+01  4.80856103e+06  1.11614202e+02 
 4.86424902e+06 -1.13882238e+01  4.86424902e+06  1.10231018e+02 
 4.92058193e+06 -1.15440428e+01  4.92058193e+06  1.08857711e+02 
 4.97756723e+06 -1.17009217e+01  4.97756723e+06  1.07494273e+02 
 5.03521248e+06 -1.18587999e+01  5.03521248e+06  1.06140672e+02 
 5.09352532e+06 -1.20176187e+01  5.09352532e+06  1.04796854e+02 
 5.15251348e+06 -1.21773216e+01  5.15251348e+06  1.03462744e+02 
 5.21218479e+06 -1.23378545e+01  5.21218479e+06  1.02138246e+02 
 5.27254715e+06 -1.24991655e+01  5.27254715e+06  1.00823248e+02 
 5.33360856e+06 -1.26612055e+01  5.33360856e+06  9.95176208e+01 
 5.39537713e+06 -1.28239279e+01  5.39537713e+06  9.82212192e+01 
 5.45786104e+06 -1.29872888e+01  5.45786104e+06  9.69338855e+01 
 5.52106858e+06 -1.31512470e+01  5.52106858e+06  9.56554501e+01 
 5.58500812e+06 -1.33157642e+01  5.58500812e+06  9.43857325e+01 
 5.64968815e+06 -1.34808047e+01  5.64968815e+06  9.31245436e+01 
 5.71511724e+06 -1.36463355e+01  5.71511724e+06  9.18716865e+01 
 5.78130406e+06 -1.38123264e+01  5.78130406e+06  9.06269583e+01 
 5.84825740e+06 -1.39787498e+01  5.84825740e+06  8.93901509e+01 
 5.91598612e+06 -1.41455809e+01  5.91598612e+06  8.81610528e+01 
 5.98449920e+06 -1.43127972e+01  5.98449920e+06  8.69394501e+01 
 6.05380574e+06 -1.44803788e+01  6.05380574e+06  8.57251273e+01 
 6.12391492e+06 -1.46483080e+01  6.12391492e+06  8.45178685e+01 
 6.19483603e+06 -1.48165697e+01  6.19483603e+06  8.33174587e+01 
 6.26657849e+06 -1.49851506e+01  6.26657849e+06  8.21236838e+01 
 6.33915179e+06 -1.51540398e+01  6.33915179e+06  8.09363324e+01 
 6.41256556e+06 -1.53232281e+01  6.41256556e+06  7.97551958e+01 
 6.48682954e+06 -1.54927083e+01  6.48682954e+06  7.85800685e+01 
 6.56195357e+06 -1.56624749e+01  6.56195357e+06  7.74107495e+01 
 6.63794761e+06 -1.58325240e+01  6.63794761e+06  7.62470421e+01 
 6.71482174e+06 -1.60028531e+01  6.71482174e+06  7.50887545e+01 
 6.79258615e+06 -1.61734613e+01  6.79258615e+06  7.39357000e+01 
 6.87125115e+06 -1.63443488e+01  6.87125115e+06  7.27876977e+01 
 6.95082717e+06 -1.65155171e+01  6.95082717e+06  7.16445722e+01 
 7.03132476e+06 -1.66869686e+01  7.03132476e+06  7.05061539e+01 
 7.11275460e+06 -1.68587069e+01  7.11275460e+06  6.93722794e+01 
 7.19512747e+06 -1.70307362e+01  7.19512747e+06  6.82427909e+01 
 7.27845431e+06 -1.72030616e+01  7.27845431e+06  6.71175372e+01 
 7.36274615e+06 -1.73756889e+01  7.36274615e+06  6.59963726e+01 
 7.44801418e+06 -1.75486244e+01  7.44801418e+06  6.48791576e+01 
 7.53426970e+06 -1.77218751e+01  7.53426970e+06  6.37657585e+01 
 7.62152414e+06 -1.78954482e+01  7.62152414e+06  6.26560475e+01 
 7.70978908e+06 -1.80693515e+01  7.70978908e+06  6.15499021e+01 
 7.79907622e+06 -1.82435929e+01  7.79907622e+06  6.04472056e+01 
 7.88939739e+06 -1.84181806e+01  7.88939739e+06  5.93478464e+01 
 7.98076457e+06 -1.85931232e+01  7.98076457e+06  5.82517182e+01 
 8.07318988e+06 -1.87684292e+01  8.07318988e+06  5.71587194e+01 
 8.16668556e+06 -1.89441072e+01  8.16668556e+06  5.60687532e+01 
 8.26126402e+06 -1.91201660e+01  8.26126402e+06  5.49817275e+01 
 8.35693779e+06 -1.92966143e+01  8.35693779e+06  5.38975544e+01 
 8.45371956e+06 -1.94734608e+01  8.45371956e+06  5.28161499e+01 
 8.55162216e+06 -1.96507141e+01  8.55162216e+06  5.17374342e+01 
 8.65065857e+06 -1.98283828e+01  8.65065857e+06  5.06613309e+01 
 8.75084193e+06 -2.00064753e+01  8.75084193e+06  4.95877674e+01 
 8.85218551e+06 -2.01850000e+01  8.85218551e+06  4.85166741e+01 
 8.95470275e+06 -2.03639651e+01  8.95470275e+06  4.74479844e+01 
 9.05840724e+06 -2.05433785e+01  9.05840724e+06  4.63816349e+01 
 9.16331273e+06 -2.07232481e+01  9.16331273e+06  4.53175645e+01 
 9.26943314e+06 -2.09035816e+01  9.26943314e+06  4.42557149e+01 
 9.37678253e+06 -2.10843864e+01  9.37678253e+06  4.31960298e+01 
 9.48537513e+06 -2.12656697e+01  9.48537513e+06  4.21384554e+01 
 9.59522534e+06 -2.14474385e+01  9.59522534e+06  4.10829395e+01 
 9.70634773e+06 -2.16296998e+01  9.70634773e+06  4.00294319e+01 
 9.81875703e+06 -2.18124601e+01  9.81875703e+06  3.89778841e+01 
 9.93246814e+06 -2.19957257e+01  9.93246814e+06  3.79282492e+01 
 1.00474961e+07 -2.21795029e+01  1.00474961e+07  3.68804814e+01 
 1.01638563e+07 -2.23637977e+01  1.01638563e+07  3.58345364e+01 
 1.02815640e+07 -2.25486157e+01  1.02815640e+07  3.47903710e+01 
 1.04006349e+07 -2.27339625e+01  1.04006349e+07  3.37479430e+01 
 1.05210847e+07 -2.29198434e+01  1.05210847e+07  3.27072112e+01 
 1.06429295e+07 -2.31062636e+01  1.06429295e+07  3.16681352e+01 
 1.07661854e+07 -2.32932280e+01  1.07661854e+07  3.06306752e+01 
 1.08908687e+07 -2.34807414e+01  1.08908687e+07  2.95947924e+01 
 1.10169959e+07 -2.36688082e+01  1.10169959e+07  2.85604483e+01 
 1.11445838e+07 -2.38574330e+01  1.11445838e+07  2.75276050e+01 
 1.12736493e+07 -2.40466198e+01  1.12736493e+07  2.64962251e+01 
 1.14042096e+07 -2.42363728e+01  1.14042096e+07  2.54662715e+01 
 1.15362818e+07 -2.44266959e+01  1.15362818e+07  2.44377075e+01 
 1.16698836e+07 -2.46175928e+01  1.16698836e+07  2.34104969e+01 
 1.18050326e+07 -2.48090671e+01  1.18050326e+07  2.23846033e+01 
 1.19417468e+07 -2.50011224e+01  1.19417468e+07  2.13599911e+01 
 1.20800443e+07 -2.51937619e+01  1.20800443e+07  2.03366244e+01 
 1.22199434e+07 -2.53869890e+01  1.22199434e+07  1.93144678e+01 
 1.23614627e+07 -2.55808068e+01  1.23614627e+07  1.82934859e+01 
 1.25046209e+07 -2.57752183e+01  1.25046209e+07  1.72736435e+01 
 1.26494370e+07 -2.59702264e+01  1.26494370e+07  1.62549055e+01 
 1.27959303e+07 -2.61658341e+01  1.27959303e+07  1.52372369e+01 
 1.29441200e+07 -2.63620441e+01  1.29441200e+07  1.42206030e+01 
 1.30940260e+07 -2.65588592e+01  1.30940260e+07  1.32049691e+01 
 1.32456680e+07 -2.67562819e+01  1.32456680e+07  1.21903004e+01 
 1.33990662e+07 -2.69543150e+01  1.33990662e+07  1.11765627e+01 
 1.35542409e+07 -2.71529608e+01  1.35542409e+07  1.01637216e+01 
 1.37112127e+07 -2.73522221e+01  1.37112127e+07  9.15174298e+00 
 1.38700024e+07 -2.75521011e+01  1.38700024e+07  8.14059290e+00 
 1.40306310e+07 -2.77526005e+01  1.40306310e+07  7.13023760e+00 
 1.41931199e+07 -2.79537225e+01  1.41931199e+07  6.12064357e+00 
 1.43574905e+07 -2.81554696e+01  1.43574905e+07  5.11177753e+00 
 1.45237648e+07 -2.83578441e+01  1.45237648e+07  4.10360649e+00 
 1.46919646e+07 -2.85608485e+01  1.46919646e+07  3.09609774e+00 
 1.48621124e+07 -2.87644851e+01  1.48621124e+07  2.08921895e+00 
 1.50342306e+07 -2.89687563e+01  1.50342306e+07  1.08293812e+00 
 1.52083422e+07 -2.91736644e+01  1.52083422e+07  7.72236810e-02 
 1.53844701e+07 -2.93792118e+01  1.53844701e+07 -9.27955484e-01 
 1.55626378e+07 -2.95854009e+01  1.55626378e+07 -1.93263002e+00 
 1.57428689e+07 -2.97922341e+01  1.57428689e+07 -2.93683005e+00 
 1.59251872e+07 -2.99997138e+01  1.59251872e+07 -3.94058511e+00 
 1.61096169e+07 -3.02078425e+01  1.61096169e+07 -4.94392415e+00 
 1.62961825e+07 -3.04166225e+01  1.62961825e+07 -5.94687544e+00 
 1.64849088e+07 -3.06260564e+01  1.64849088e+07 -6.94946658e+00 
 1.66758206e+07 -3.08361467e+01  1.66758206e+07 -7.95172440e+00 
 1.68689435e+07 -3.10468958e+01  1.68689435e+07 -8.95367494e+00 
 1.70643029e+07 -3.12583064e+01  1.70643029e+07 -9.95534340e+00 
 1.72619247e+07 -3.14703809e+01  1.72619247e+07 -1.09567541e+01 
 1.74618352e+07 -3.16831221e+01  1.74618352e+07 -1.19579304e+01 
 1.76640609e+07 -3.18965324e+01  1.76640609e+07 -1.29588947e+01 
 1.78686285e+07 -3.21106145e+01  1.78686285e+07 -1.39596683e+01 
 1.80755653e+07 -3.23253712e+01  1.80755653e+07 -1.49602714e+01 
 1.82848985e+07 -3.25408051e+01  1.82848985e+07 -1.59607233e+01 
 1.84966561e+07 -3.27569189e+01  1.84966561e+07 -1.69610417e+01 
 1.87108661e+07 -3.29737154e+01  1.87108661e+07 -1.79612434e+01 
 1.89275568e+07 -3.31911972e+01  1.89275568e+07 -1.89613437e+01 
 1.91467570e+07 -3.34093672e+01  1.91467570e+07 -1.99613566e+01 
 1.93684957e+07 -3.36282282e+01  1.93684957e+07 -2.09612947e+01 
 1.95928024e+07 -3.38477828e+01  1.95928024e+07 -2.19611693e+01 
 1.98197069e+07 -3.40680340e+01  1.98197069e+07 -2.29609900e+01 
 2.00492391e+07 -3.42889845e+01  2.00492391e+07 -2.39607649e+01 
 2.02814295e+07 -3.45106372e+01  2.02814295e+07 -2.49605004e+01 
 2.05163089e+07 -3.47329947e+01  2.05163089e+07 -2.59602015e+01 
 2.07539085e+07 -3.49560599e+01  2.07539085e+07 -2.69598713e+01 
 2.09942597e+07 -3.51798355e+01  2.09942597e+07 -2.79595112e+01 
 2.12373944e+07 -3.54043244e+01  2.12373944e+07 -2.89591207e+01 
 2.14833448e+07 -3.56295292e+01  2.14833448e+07 -2.99586977e+01 
 2.17321436e+07 -3.58554527e+01  2.17321436e+07 -3.09582379e+01 
 2.19838238e+07 -3.60820974e+01  2.19838238e+07 -3.19577352e+01 
 2.22384186e+07 -3.63094661e+01  2.22384186e+07 -3.29571816e+01 
 2.24959620e+07 -3.65375613e+01  2.24959620e+07 -3.39565668e+01 
 2.27564879e+07 -3.67663856e+01  2.27564879e+07 -3.49558788e+01 
 2.30200310e+07 -3.69959414e+01  2.30200310e+07 -3.59551030e+01 
 2.32866262e+07 -3.72262310e+01  2.32866262e+07 -3.69542232e+01 
 2.35563088e+07 -3.74572570e+01  2.35563088e+07 -3.79532204e+01 
 2.38291146e+07 -3.76890214e+01  2.38291146e+07 -3.89520738e+01 
 2.41050798e+07 -3.79215266e+01  2.41050798e+07 -3.99507602e+01 
 2.43842409e+07 -3.81547745e+01  2.43842409e+07 -4.09492539e+01 
 2.46666350e+07 -3.83887671e+01  2.46666350e+07 -4.19475271e+01 
 2.49522996e+07 -3.86235063e+01  2.49522996e+07 -4.29455494e+01 
 2.52412724e+07 -3.88589939e+01  2.52412724e+07 -4.39432881e+01 
 2.55335918e+07 -3.90952314e+01  2.55335918e+07 -4.49407080e+01 
 2.58292965e+07 -3.93322204e+01  2.58292965e+07 -4.59377715e+01 
 2.61284258e+07 -3.95699621e+01  2.61284258e+07 -4.69344384e+01 
 2.64310194e+07 -3.98084579e+01  2.64310194e+07 -4.79306659e+01 
 2.67371172e+07 -4.00477086e+01  2.67371172e+07 -4.89264088e+01 
 2.70467600e+07 -4.02877152e+01  2.70467600e+07 -4.99216192e+01 
 2.73599888e+07 -4.05284784e+01  2.73599888e+07 -5.09162467e+01 
 2.76768451e+07 -4.07699986e+01  2.76768451e+07 -5.19102381e+01 
 2.79973709e+07 -4.10122762e+01  2.79973709e+07 -5.29035379e+01 
 2.83216087e+07 -4.12553112e+01  2.83216087e+07 -5.38960875e+01 
 2.86496015e+07 -4.14991035e+01  2.86496015e+07 -5.48878260e+01 
 2.89813928e+07 -4.17436527e+01  2.89813928e+07 -5.58786896e+01 
 2.93170265e+07 -4.19889583e+01  2.93170265e+07 -5.68686122e+01 
 2.96565473e+07 -4.22350193e+01  2.96565473e+07 -5.78575245e+01 
 3.00000000e+07 -4.24818348e+01  3.00000000e+07 -5.88453549e+01 
