 2.00000000e-01 -7.06414493e+00  2.00000000e-01  6.78862425e+01 
 2.02316202e-01 -6.97844551e+00  2.02316202e-01  6.76552092e+01 
 2.04659228e-01 -6.89303086e+00  2.04659228e-01  6.74222769e+01 
 2.07029388e-01 -6.80790569e+00  2.07029388e-01  6.71874456e+01 
 2.09426997e-01 -6.72307469e+00  2.09426997e-01  6.69507157e+01 
 2.11852373e-01 -6.63854264e+00  2.11852373e-01  6.67120880e+01 
 2.14305837e-01 -6.55431432e+00  2.14305837e-01  6.64715642e+01 
 2.16787715e-01 -6.47039455e+00  2.16787715e-01  6.62291462e+01 
 2.19298335e-01 -6.38678819e+00  2.19298335e-01  6.59848367e+01 
 2.21838031e-01 -6.30350014e+00  2.21838031e-01  6.57386386e+01 
 2.24407140e-01 -6.22053529e+00  2.24407140e-01  6.54905559e+01 
 2.27006001e-01 -6.13789861e+00  2.27006001e-01  6.52405927e+01 
 2.29634959e-01 -6.05559505e+00  2.29634959e-01  6.49887541e+01 
 2.32294364e-01 -5.97362961e+00  2.32294364e-01  6.47350455e+01 
 2.34984567e-01 -5.89200730e+00  2.34984567e-01  6.44794731e+01 
 2.37705925e-01 -5.81073315e+00  2.37705925e-01  6.42220437e+01 
 2.40458800e-01 -5.72981221e+00  2.40458800e-01  6.39627648e+01 
 2.43243555e-01 -5.64924955e+00  2.43243555e-01  6.37016445e+01 
 2.46060561e-01 -5.56905024e+00  2.46060561e-01  6.34386914e+01 
 2.48910190e-01 -5.48921937e+00  2.48910190e-01  6.31739152e+01 
 2.51792821e-01 -5.40976204e+00  2.51792821e-01  6.29073258e+01 
 2.54708836e-01 -5.33068334e+00  2.54708836e-01  6.26389341e+01 
 2.57658622e-01 -5.25198838e+00  2.57658622e-01  6.23687518e+01 
 2.60642568e-01 -5.17368226e+00  2.60642568e-01  6.20967909e+01 
 2.63661072e-01 -5.09577008e+00  2.63661072e-01  6.18230645e+01 
 2.66714534e-01 -5.01825694e+00  2.66714534e-01  6.15475862e+01 
 2.69803357e-01 -4.94114793e+00  2.69803357e-01  6.12703705e+01 
 2.72927952e-01 -4.86444811e+00  2.72927952e-01  6.09914326e+01 
 2.76088733e-01 -4.78816255e+00  2.76088733e-01  6.07107883e+01 
 2.79286119e-01 -4.71229630e+00  2.79286119e-01  6.04284543e+01 
 2.82520534e-01 -4.63685437e+00  2.82520534e-01  6.01444481e+01 
 2.85792407e-01 -4.56184177e+00  2.85792407e-01  5.98587877e+01 
 2.89102171e-01 -4.48726346e+00  2.89102171e-01  5.95714921e+01 
 2.92450266e-01 -4.41312440e+00  2.92450266e-01  5.92825811e+01 
 2.95837135e-01 -4.33942948e+00  2.95837135e-01  5.89920750e+01 
 2.99263228e-01 -4.26618359e+00  2.99263228e-01  5.86999952e+01 
 3.02728998e-01 -4.19339154e+00  3.02728998e-01  5.84063636e+01 
 3.06234905e-01 -4.12105814e+00  3.06234905e-01  5.81112029e+01 
 3.09781414e-01 -4.04918811e+00  3.09781414e-01  5.78145368e+01 
 3.13368996e-01 -3.97778614e+00  3.13368996e-01  5.75163894e+01 
 3.16998125e-01 -3.90685688e+00  3.16998125e-01  5.72167859e+01 
 3.20669283e-01 -3.83640490e+00  3.20669283e-01  5.69157521e+01 
 3.24382957e-01 -3.76643470e+00  3.24382957e-01  5.66133145e+01 
 3.28139639e-01 -3.69695075e+00  3.28139639e-01  5.63095005e+01 
 3.31939827e-01 -3.62795742e+00  3.31939827e-01  5.60043381e+01 
 3.35784025e-01 -3.55945902e+00  3.35784025e-01  5.56978561e+01 
 3.39672743e-01 -3.49145979e+00  3.39672743e-01  5.53900841e+01 
 3.43606496e-01 -3.42396387e+00  3.43606496e-01  5.50810522e+01 
 3.47585805e-01 -3.35697533e+00  3.47585805e-01  5.47707914e+01 
 3.51611200e-01 -3.29049817e+00  3.51611200e-01  5.44593333e+01 
 3.55683212e-01 -3.22453626e+00  3.55683212e-01  5.41467104e+01 
 3.59802383e-01 -3.15909342e+00  3.59802383e-01  5.38329556e+01 
 3.63969257e-01 -3.09417335e+00  3.63969257e-01  5.35181025e+01 
 3.68184388e-01 -3.02977964e+00  3.68184388e-01  5.32021855e+01 
 3.72448335e-01 -2.96591580e+00  3.72448335e-01  5.28852396e+01 
 3.76761663e-01 -2.90258521e+00  3.76761663e-01  5.25673003e+01 
 3.81124943e-01 -2.83979117e+00  3.81124943e-01  5.22484037e+01 
 3.85538754e-01 -2.77753683e+00  3.85538754e-01  5.19285867e+01 
 3.90003682e-01 -2.71582525e+00  3.90003682e-01  5.16078864e+01 
 3.94520318e-01 -2.65465937e+00  3.94520318e-01  5.12863409e+01 
 3.99089261e-01 -2.59404200e+00  3.99089261e-01  5.09639884e+01 
 4.03711118e-01 -2.53397581e+00  4.03711118e-01  5.06408679e+01 
 4.08386500e-01 -2.47446338e+00  4.08386500e-01  5.03170188e+01 
 4.13116027e-01 -2.41550713e+00  4.13116027e-01  4.99924807e+01 
 4.17900328e-01 -2.35710936e+00  4.17900328e-01  4.96672941e+01 
 4.22740035e-01 -2.29927222e+00  4.22740035e-01  4.93414997e+01 
 4.27635791e-01 -2.24199776e+00  4.27635791e-01  4.90151384e+01 
 4.32588245e-01 -2.18528784e+00  4.32588245e-01  4.86882517e+01 
 4.37598053e-01 -2.12914422e+00  4.37598053e-01  4.83608814e+01 
 4.42665880e-01 -2.07356850e+00  4.42665880e-01  4.80330696e+01 
 4.47792398e-01 -2.01856213e+00  4.47792398e-01  4.77048587e+01 
 4.52978286e-01 -1.96412644e+00  4.52978286e-01  4.73762914e+01 
 4.58224231e-01 -1.91026258e+00  4.58224231e-01  4.70474104e+01 
 4.63530930e-01 -1.85697157e+00  4.63530930e-01  4.67182589e+01 
 4.68899086e-01 -1.80425428e+00  4.68899086e-01  4.63888801e+01 
 4.74329410e-01 -1.75211142e+00  4.74329410e-01  4.60593174e+01 
 4.79822623e-01 -1.70054357e+00  4.79822623e-01  4.57296145e+01 
 4.85379453e-01 -1.64955113e+00  4.85379453e-01  4.53998148e+01 
 4.91000637e-01 -1.59913436e+00  4.91000637e-01  4.50699622e+01 
 4.96686920e-01 -1.54929338e+00  4.96686920e-01  4.47401002e+01 
 5.02439056e-01 -1.50002814e+00  5.02439056e-01  4.44102727e+01 
 5.08257807e-01 -1.45133844e+00  5.08257807e-01  4.40805233e+01 
 5.14143945e-01 -1.40322394e+00  5.14143945e-01  4.37508958e+01 
 5.20098251e-01 -1.35568412e+00  5.20098251e-01  4.34214336e+01 
 5.26121513e-01 -1.30871835e+00  5.26121513e-01  4.30921802e+01 
 5.32214531e-01 -1.26232582e+00  5.32214531e-01  4.27631791e+01 
 5.38378112e-01 -1.21650557e+00  5.38378112e-01  4.24344732e+01 
 5.44613074e-01 -1.17125651e+00  5.44613074e-01  4.21061057e+01 
 5.50920243e-01 -1.12657738e+00  5.50920243e-01  4.17781192e+01 
 5.57300455e-01 -1.08246678e+00  5.57300455e-01  4.14505562e+01 
 5.63754556e-01 -1.03892318e+00  5.63754556e-01  4.11234590e+01 
 5.70283403e-01 -9.95944883e-01  5.70283403e-01  4.07968695e+01 
 5.76887860e-01 -9.53530072e-01  5.76887860e-01  4.04708292e+01 
 5.83568804e-01 -9.11676777e-01  5.83568804e-01  4.01453794e+01 
 5.90327119e-01 -8.70382895e-01  5.90327119e-01  3.98205609e+01 
 5.97163703e-01 -8.29646184e-01  5.97163703e-01  3.94964143e+01 
 6.04079461e-01 -7.89464272e-01  6.04079461e-01  3.91729794e+01 
 6.11075310e-01 -7.49834655e-01  6.11075310e-01  3.88502959e+01 
 6.18152179e-01 -7.10754699e-01  6.18152179e-01  3.85284029e+01 
 6.25311005e-01 -6.72221646e-01  6.25311005e-01  3.82073390e+01 
 6.32552737e-01 -6.34232613e-01  6.32552737e-01  3.78871422e+01 
 6.39878336e-01 -5.96784600e-01  6.39878336e-01  3.75678501e+01 
 6.47288773e-01 -5.59874485e-01  6.47288773e-01  3.72494997e+01 
 6.54785030e-01 -5.23499034e-01  6.54785030e-01  3.69321274e+01 
 6.62368101e-01 -4.87654903e-01  6.62368101e-01  3.66157690e+01 
 6.70038992e-01 -4.52338637e-01  6.70038992e-01  3.63004598e+01 
 6.77798719e-01 -4.17546677e-01  6.77798719e-01  3.59862343e+01 
 6.85648312e-01 -3.83275363e-01  6.85648312e-01  3.56731265e+01 
 6.93588812e-01 -3.49520936e-01  6.93588812e-01  3.53611697e+01 
 7.01621270e-01 -3.16279542e-01  7.01621270e-01  3.50503964e+01 
 7.09746752e-01 -2.83547235e-01  7.09746752e-01  3.47408386e+01 
 7.17966335e-01 -2.51319982e-01  7.17966335e-01  3.44325277e+01 
 7.26281110e-01 -2.19593665e-01  7.26281110e-01  3.41254940e+01 
 7.34692178e-01 -1.88364084e-01  7.34692178e-01  3.38197675e+01 
 7.43200655e-01 -1.57626963e-01  7.43200655e-01  3.35153772e+01 
 7.51807668e-01 -1.27377952e-01  7.51807668e-01  3.32123515e+01 
 7.60514359e-01 -9.76126298e-02  7.60514359e-01  3.29107181e+01 
 7.69321883e-01 -6.83265085e-02  7.69321883e-01  3.26105038e+01 
 7.78231406e-01 -3.95150378e-02  7.78231406e-01  3.23117347e+01 
 7.87244111e-01 -1.11736075e-02  7.87244111e-01  3.20144363e+01 
 7.96361192e-01  1.67024485e-02  7.96361192e-01  3.17186332e+01 
 8.05583858e-01  4.41178488e-02  8.05583858e-01  3.14243491e+01 
 8.14913332e-01  7.10773607e-02  8.14913332e-01  3.11316073e+01 
 8.24350851e-01  9.75857971e-02  8.24350851e-01  3.08404300e+01 
 8.33897665e-01  1.23648013e-01  8.33897665e-01  3.05508388e+01 
 8.43555041e-01  1.49268900e-01  8.43555041e-01  3.02628545e+01 
 8.53324260e-01  1.74453389e-01  8.53324260e-01  2.99764971e+01 
 8.63206616e-01  1.99206437e-01  8.63206616e-01  2.96917858e+01 
 8.73203419e-01  2.23533034e-01  8.73203419e-01  2.94087391e+01 
 8.83315996e-01  2.47438193e-01  8.83315996e-01  2.91273749e+01 
 8.93545686e-01  2.70926948e-01  8.93545686e-01  2.88477100e+01 
 9.03893847e-01  2.94004355e-01  9.03893847e-01  2.85697607e+01 
 9.14361849e-01  3.16675482e-01  9.14361849e-01  2.82935424e+01 
 9.24951082e-01  3.38945412e-01  9.24951082e-01  2.80190700e+01 
 9.35662949e-01  3.60819236e-01  9.35662949e-01  2.77463573e+01 
 9.46498870e-01  3.82302053e-01  9.46498870e-01  2.74754177e+01 
 9.57460281e-01  4.03398966e-01  9.57460281e-01  2.72062637e+01 
 9.68548637e-01  4.24115077e-01  9.68548637e-01  2.69389072e+01 
 9.79765408e-01  4.44455488e-01  9.79765408e-01  2.66733593e+01 
 9.91112080e-01  4.64425298e-01  9.91112080e-01  2.64096303e+01 
 1.00259016e+00  4.84029597e-01  1.00259016e+00  2.61477301e+01 
 1.01420116e+00  5.03273466e-01  1.01420116e+00  2.58876677e+01 
 1.02594664e+00  5.22161976e-01  1.02594664e+00  2.56294514e+01 
 1.03782813e+00  5.40700182e-01  1.03782813e+00  2.53730890e+01 
 1.04984723e+00  5.58893125e-01  1.04984723e+00  2.51185876e+01 
 1.06200552e+00  5.76745825e-01  1.06200552e+00  2.48659536e+01 
 1.07430462e+00  5.94263283e-01  1.07430462e+00  2.46151928e+01 
 1.08674615e+00  6.11450478e-01  1.08674615e+00  2.43663104e+01 
 1.09933176e+00  6.28312363e-01  1.09933176e+00  2.41193109e+01 
 1.11206313e+00  6.44853866e-01  1.11206313e+00  2.38741984e+01 
 1.12494195e+00  6.61079887e-01  1.12494195e+00  2.36309761e+01 
 1.13796991e+00  6.76995294e-01  1.13796991e+00  2.33896470e+01 
 1.15114875e+00  6.92604928e-01  1.15114875e+00  2.31502133e+01 
 1.16448021e+00  7.07913591e-01  1.16448021e+00  2.29126766e+01 
 1.17796607e+00  7.22926057e-01  1.17796607e+00  2.26770383e+01 
 1.19160810e+00  7.37647058e-01  1.19160810e+00  2.24432988e+01 
 1.20540813e+00  7.52081294e-01  1.20540813e+00  2.22114583e+01 
 1.21936797e+00  7.66233424e-01  1.21936797e+00  2.19815166e+01 
 1.23348948e+00  7.80108066e-01  1.23348948e+00  2.17534726e+01 
 1.24777453e+00  7.93709801e-01  1.24777453e+00  2.15273252e+01 
 1.26222502e+00  8.07043164e-01  1.26222502e+00  2.13030724e+01 
 1.27684286e+00  8.20112651e-01  1.27684286e+00  2.10807120e+01 
 1.29162999e+00  8.32922712e-01  1.29162999e+00  2.08602414e+01 
 1.30658837e+00  8.45477752e-01  1.30658837e+00  2.06416574e+01 
 1.32171998e+00  8.57782133e-01  1.32171998e+00  2.04249565e+01 
 1.33702683e+00  8.69840168e-01  1.33702683e+00  2.02101348e+01 
 1.35251095e+00  8.81656125e-01  1.35251095e+00  1.99971879e+01 
 1.36817439e+00  8.93234225e-01  1.36817439e+00  1.97861112e+01 
 1.38401923e+00  9.04578640e-01  1.38401923e+00  1.95768996e+01 
 1.40004757e+00  9.15693492e-01  1.40004757e+00  1.93695476e+01 
 1.41626153e+00  9.26582859e-01  1.41626153e+00  1.91640495e+01 
 1.43266327e+00  9.37250764e-01  1.43266327e+00  1.89603992e+01 
 1.44925496e+00  9.47701183e-01  1.44925496e+00  1.87585903e+01 
 1.46603879e+00  9.57938043e-01  1.46603879e+00  1.85586160e+01 
 1.48301700e+00  9.67965219e-01  1.48301700e+00  1.83604694e+01 
 1.50019183e+00  9.77786535e-01  1.50019183e+00  1.81641431e+01 
 1.51756557e+00  9.87405768e-01  1.51756557e+00  1.79696295e+01 
 1.53514051e+00  9.96826640e-01  1.53514051e+00  1.77769208e+01 
 1.55291899e+00  1.00605282e+00  1.55291899e+00  1.75860089e+01 
 1.57090335e+00  1.01508794e+00  1.57090335e+00  1.73968854e+01 
 1.58909600e+00  1.02393557e+00  1.58909600e+00  1.72095417e+01 
 1.60749933e+00  1.03259922e+00  1.60749933e+00  1.70239690e+01 
 1.62611580e+00  1.04108236e+00  1.62611580e+00  1.68401584e+01 
 1.64494786e+00  1.04938842e+00  1.64494786e+00  1.66581004e+01 
 1.66399802e+00  1.05752076e+00  1.66399802e+00  1.64777858e+01 
 1.68326879e+00  1.06548270e+00  1.68326879e+00  1.62992048e+01 
 1.70276274e+00  1.07327751e+00  1.70276274e+00  1.61223478e+01 
 1.72248245e+00  1.08090841e+00  1.72248245e+00  1.59472047e+01 
 1.74243054e+00  1.08837856e+00  1.74243054e+00  1.57737654e+01 
 1.76260964e+00  1.09569107e+00  1.76260964e+00  1.56020196e+01 
 1.78302244e+00  1.10284903e+00  1.78302244e+00  1.54319569e+01 
 1.80367164e+00  1.10985545e+00  1.80367164e+00  1.52635668e+01 
 1.82455997e+00  1.11671330e+00  1.82455997e+00  1.50968385e+01 
 1.84569022e+00  1.12342550e+00  1.84569022e+00  1.49317612e+01 
 1.86706517e+00  1.12999494e+00  1.86706517e+00  1.47683241e+01 
 1.88868767e+00  1.13642443e+00  1.88868767e+00  1.46065160e+01 
 1.91056058e+00  1.14271675e+00  1.91056058e+00  1.44463259e+01 
 1.93268680e+00  1.14887465e+00  1.93268680e+00  1.42877425e+01 
 1.95506926e+00  1.15490080e+00  1.95506926e+00  1.41307546e+01 
 1.97771094e+00  1.16079786e+00  1.97771094e+00  1.39753507e+01 
 2.00061483e+00  1.16656841e+00  2.00061483e+00  1.38215194e+01 
 2.02378396e+00  1.17221500e+00  2.02378396e+00  1.36692491e+01 
 2.04722142e+00  1.17774015e+00  2.04722142e+00  1.35185284e+01 
 2.07093031e+00  1.18314631e+00  2.07093031e+00  1.33693454e+01 
 2.09491378e+00  1.18843591e+00  2.09491378e+00  1.32216886e+01 
 2.11917499e+00  1.19361132e+00  2.11917499e+00  1.30755463e+01 
 2.14371718e+00  1.19867487e+00  2.14371718e+00  1.29309066e+01 
 2.16854358e+00  1.20362886e+00  2.16854358e+00  1.27877577e+01 
 2.19365751e+00  1.20847553e+00  2.19365751e+00  1.26460879e+01 
 2.21906227e+00  1.21321709e+00  2.21906227e+00  1.25058852e+01 
 2.24476125e+00  1.21785571e+00  2.24476125e+00  1.23671378e+01 
 2.27075785e+00  1.22239353e+00  2.27075785e+00  1.22298338e+01 
 2.29705552e+00  1.22683262e+00  2.29705552e+00  1.20939614e+01 
 2.32365774e+00  1.23117504e+00  2.32365774e+00  1.19595085e+01 
 2.35056804e+00  1.23542280e+00  2.35056804e+00  1.18264634e+01 
 2.37778999e+00  1.23957788e+00  2.37778999e+00  1.16948140e+01 
 2.40532720e+00  1.24364220e+00  2.40532720e+00  1.15645486e+01 
 2.43318331e+00  1.24761768e+00  2.43318331e+00  1.14356552e+01 
 2.46136203e+00  1.25150617e+00  2.46136203e+00  1.13081219e+01 
 2.48986709e+00  1.25530950e+00  2.48986709e+00  1.11819370e+01 
 2.51870226e+00  1.25902947e+00  2.51870226e+00  1.10570885e+01 
 2.54787137e+00  1.26266783e+00  2.54787137e+00  1.09335647e+01 
 2.57737829e+00  1.26622631e+00  2.57737829e+00  1.08113537e+01 
 2.60722693e+00  1.26970660e+00  2.60722693e+00  1.06904439e+01 
 2.63742125e+00  1.27311035e+00  2.63742125e+00  1.05708235e+01 
 2.66796525e+00  1.27643919e+00  2.66796525e+00  1.04524808e+01 
 2.69886298e+00  1.27969471e+00  2.69886298e+00  1.03354041e+01 
 2.73011854e+00  1.28287848e+00  2.73011854e+00  1.02195819e+01 
 2.76173606e+00  1.28599203e+00  2.76173606e+00  1.01050026e+01 
 2.79371975e+00  1.28903685e+00  2.79371975e+00  9.99165460e+00 
 2.82607385e+00  1.29201441e+00  2.82607385e+00  9.87952649e+00 
 2.85880263e+00  1.29492617e+00  2.85880263e+00  9.76860682e+00 
 2.89191045e+00  1.29777352e+00  2.89191045e+00  9.65888421e+00 
 2.92540169e+00  1.30055786e+00  2.92540169e+00  9.55034733e+00 
 2.95928080e+00  1.30328053e+00  2.95928080e+00  9.44298492e+00 
 2.99355225e+00  1.30594287e+00  2.99355225e+00  9.33678574e+00 
 3.02822061e+00  1.30854618e+00  3.02822061e+00  9.23173863e+00 
 3.06329046e+00  1.31109173e+00  3.06329046e+00  9.12783251e+00 
 3.09876645e+00  1.31358077e+00  3.09876645e+00  9.02505631e+00 
 3.13465329e+00  1.31601452e+00  3.13465329e+00  8.92339907e+00 
 3.17095574e+00  1.31839419e+00  3.17095574e+00  8.82284986e+00 
 3.20767861e+00  1.32072094e+00  3.20767861e+00  8.72339784e+00 
 3.24482676e+00  1.32299593e+00  3.24482676e+00  8.62503220e+00 
 3.28240513e+00  1.32522027e+00  3.28240513e+00  8.52774223e+00 
 3.32041869e+00  1.32739508e+00  3.32041869e+00  8.43151728e+00 
 3.35887249e+00  1.32952143e+00  3.35887249e+00  8.33634676e+00 
 3.39777162e+00  1.33160038e+00  3.39777162e+00  8.24222014e+00 
 3.43712125e+00  1.33363297e+00  3.43712125e+00  8.14912699e+00 
 3.47692658e+00  1.33562019e+00  3.47692658e+00  8.05705692e+00 
 3.51719290e+00  1.33756306e+00  3.51719290e+00  7.96599964e+00 
 3.55792554e+00  1.33946254e+00  3.55792554e+00  7.87594490e+00 
 3.59912991e+00  1.34131957e+00  3.59912991e+00  7.78688255e+00 
 3.64081146e+00  1.34313510e+00  3.64081146e+00  7.69880251e+00 
 3.68297573e+00  1.34491003e+00  3.68297573e+00  7.61169475e+00 
 3.72562831e+00  1.34664525e+00  3.72562831e+00  7.52554934e+00 
 3.76877484e+00  1.34834164e+00  3.76877484e+00  7.44035642e+00 
 3.81242106e+00  1.35000005e+00  3.81242106e+00  7.35610619e+00 
 3.85657274e+00  1.35162131e+00  3.85657274e+00  7.27278896e+00 
 3.90123574e+00  1.35320626e+00  3.90123574e+00  7.19039506e+00 
 3.94641599e+00  1.35475567e+00  3.94641599e+00  7.10891496e+00 
 3.99211947e+00  1.35627035e+00  3.99211947e+00  7.02833916e+00 
 4.03835224e+00  1.35775106e+00  4.03835224e+00  6.94865825e+00 
 4.08512043e+00  1.35919855e+00  4.08512043e+00  6.86986291e+00 
 4.13243025e+00  1.36061355e+00  4.13243025e+00  6.79194387e+00 
 4.18028796e+00  1.36199678e+00  4.18028796e+00  6.71489196e+00 
 4.22869991e+00  1.36334894e+00  4.22869991e+00  6.63869808e+00 
 4.27767252e+00  1.36467073e+00  4.27767252e+00  6.56335320e+00 
 4.32721228e+00  1.36596282e+00  4.32721228e+00  6.48884838e+00 
 4.37732577e+00  1.36722586e+00  4.37732577e+00  6.41517475e+00 
 4.42801962e+00  1.36846051e+00  4.42801962e+00  6.34232351e+00 
 4.47930055e+00  1.36966739e+00  4.47930055e+00  6.27028595e+00 
 4.53117537e+00  1.37084711e+00  4.53117537e+00  6.19905342e+00 
 4.58365095e+00  1.37200029e+00  4.58365095e+00  6.12861736e+00 
 4.63673425e+00  1.37312751e+00  4.63673425e+00  6.05896929e+00 
 4.69043232e+00  1.37422935e+00  4.69043232e+00  5.99010080e+00 
 4.74475225e+00  1.37530638e+00  4.74475225e+00  5.92200354e+00 
 4.79970127e+00  1.37635914e+00  4.79970127e+00  5.85466926e+00 
 4.85528665e+00  1.37738819e+00  4.85528665e+00  5.78808978e+00 
 4.91151577e+00  1.37839405e+00  4.91151577e+00  5.72225699e+00 
 4.96839608e+00  1.37937723e+00  4.96839608e+00  5.65716285e+00 
 5.02593512e+00  1.38033824e+00  5.02593512e+00  5.59279941e+00 
 5.08414052e+00  1.38127758e+00  5.08414052e+00  5.52915878e+00 
 5.14302000e+00  1.38219573e+00  5.14302000e+00  5.46623316e+00 
 5.20258136e+00  1.38309317e+00  5.20258136e+00  5.40401480e+00 
 5.26283250e+00  1.38397036e+00  5.26283250e+00  5.34249604e+00 
 5.32378141e+00  1.38482774e+00  5.32378141e+00  5.28166931e+00 
 5.38543617e+00  1.38566578e+00  5.38543617e+00  5.22152707e+00 
 5.44780495e+00  1.38648489e+00  5.44780495e+00  5.16206189e+00 
 5.51089603e+00  1.38728550e+00  5.51089603e+00  5.10326639e+00 
 5.57471776e+00  1.38806803e+00  5.57471776e+00  5.04513327e+00 
 5.63927862e+00  1.38883288e+00  5.63927862e+00  4.98765531e+00 
 5.70458716e+00  1.38958045e+00  5.70458716e+00  4.93082535e+00 
 5.77065203e+00  1.39031112e+00  5.77065203e+00  4.87463630e+00 
 5.83748200e+00  1.39102528e+00  5.83748200e+00  4.81908114e+00 
 5.90508593e+00  1.39172329e+00  5.90508593e+00  4.76415292e+00 
 5.97347279e+00  1.39240552e+00  5.97347279e+00  4.70984476e+00 
 6.04265163e+00  1.39307232e+00  6.04265163e+00  4.65614986e+00 
 6.11263163e+00  1.39372405e+00  6.11263163e+00  4.60306148e+00 
 6.18342207e+00  1.39436103e+00  6.18342207e+00  4.55057293e+00 
 6.25503234e+00  1.39498360e+00  6.25503234e+00  4.49867761e+00 
 6.32747192e+00  1.39559208e+00  6.32747192e+00  4.44736899e+00 
 6.40075043e+00  1.39618679e+00  6.40075043e+00  4.39664058e+00 
 6.47487758e+00  1.39676804e+00  6.47487758e+00  4.34648598e+00 
 6.54986319e+00  1.39733614e+00  6.54986319e+00  4.29689885e+00 
 6.62571722e+00  1.39789137e+00  6.62571722e+00  4.24787291e+00 
 6.70244971e+00  1.39843403e+00  6.70244971e+00  4.19940195e+00 
 6.78007084e+00  1.39896441e+00  6.78007084e+00  4.15147982e+00 
 6.85859090e+00  1.39948277e+00  6.85859090e+00  4.10410043e+00 
 6.93802030e+00  1.39998939e+00  6.93802030e+00  4.05725776e+00 
 7.01836957e+00  1.40048454e+00  7.01836957e+00  4.01094585e+00 
 7.09964937e+00  1.40096847e+00  7.09964937e+00  3.96515880e+00 
 7.18187048e+00  1.40144143e+00  7.18187048e+00  3.91989077e+00 
 7.26504378e+00  1.40190367e+00  7.26504378e+00  3.87513600e+00 
 7.34918032e+00  1.40235544e+00  7.34918032e+00  3.83088876e+00 
 7.43429124e+00  1.40279698e+00  7.43429124e+00  3.78714339e+00 
 7.52038784e+00  1.40322850e+00  7.52038784e+00  3.74389431e+00 
 7.60748151e+00  1.40365024e+00  7.60748151e+00  3.70113597e+00 
 7.69558382e+00  1.40406242e+00  7.69558382e+00  3.65886290e+00 
 7.78470645e+00  1.40446525e+00  7.78470645e+00  3.61706968e+00 
 7.87486120e+00  1.40485895e+00  7.87486120e+00  3.57575093e+00 
 7.96606004e+00  1.40524372e+00  7.96606004e+00  3.53490136e+00 
 8.05831505e+00  1.40561977e+00  8.05831505e+00  3.49451572e+00 
 8.15163847e+00  1.40598729e+00  8.15163847e+00  3.45458881e+00 
 8.24604267e+00  1.40634646e+00  8.24604267e+00  3.41511549e+00 
 8.34154016e+00  1.40669750e+00  8.34154016e+00  3.37609068e+00 
 8.43814361e+00  1.40704056e+00  8.43814361e+00  3.33750935e+00 
 8.53586583e+00  1.40737585e+00  8.53586583e+00  3.29936652e+00 
 8.63471977e+00  1.40770353e+00  8.63471977e+00  3.26165728e+00 
 8.73471853e+00  1.40802377e+00  8.73471853e+00  3.22437675e+00 
 8.83587539e+00  1.40833674e+00  8.83587539e+00  3.18752012e+00 
 8.93820374e+00  1.40864261e+00  8.93820374e+00  3.15108261e+00 
 9.04171716e+00  1.40894154e+00  9.04171716e+00  3.11505953e+00 
 9.14642936e+00  1.40923368e+00  9.14642936e+00  3.07944620e+00 
 9.25235424e+00  1.40951920e+00  9.25235424e+00  3.04423802e+00 
 9.35950584e+00  1.40979823e+00  9.35950584e+00  3.00943042e+00 
 9.46789836e+00  1.41007092e+00  9.46789836e+00  2.97501889e+00 
 9.57754617e+00  1.41033743e+00  9.57754617e+00  2.94099897e+00 
 9.68846382e+00  1.41059788e+00  9.68846382e+00  2.90736624e+00 
 9.80066601e+00  1.41085242e+00  9.80066601e+00  2.87411634e+00 
 9.91416761e+00  1.41110118e+00  9.91416761e+00  2.84124494e+00 
 1.00289837e+01  1.41134429e+00  1.00289837e+01  2.80874778e+00 
 1.01451294e+01  1.41158188e+00  1.01451294e+01  2.77662063e+00 
 1.02626203e+01  1.41181408e+00  1.02626203e+01  2.74485931e+00 
 1.03814717e+01  1.41204100e+00  1.03814717e+01  2.71345969e+00 
 1.05016997e+01  1.41226277e+00  1.05016997e+01  2.68241767e+00 
 1.06233199e+01  1.41247950e+00  1.06233199e+01  2.65172923e+00 
 1.07463487e+01  1.41269130e+00  1.07463487e+01  2.62139036e+00 
 1.08708023e+01  1.41289830e+00  1.08708023e+01  2.59139710e+00 
 1.09966971e+01  1.41310059e+00  1.09966971e+01  2.56174554e+00 
 1.11240500e+01  1.41329829e+00  1.11240500e+01  2.53243182e+00 
 1.12528777e+01  1.41349149e+00  1.12528777e+01  2.50345211e+00 
 1.13831974e+01  1.41368031e+00  1.13831974e+01  2.47480263e+00 
 1.15150263e+01  1.41386483e+00  1.15150263e+01  2.44647963e+00 
 1.16483819e+01  1.41404517e+00  1.16483819e+01  2.41847942e+00 
 1.17832819e+01  1.41422140e+00  1.17832819e+01  2.39079834e+00 
 1.19197442e+01  1.41439363e+00  1.19197442e+01  2.36343276e+00 
 1.20577869e+01  1.41456195e+00  1.20577869e+01  2.33637912e+00 
 1.21974282e+01  1.41472644e+00  1.21974282e+01  2.30963387e+00 
 1.23386867e+01  1.41488720e+00  1.23386867e+01  2.28319351e+00 
 1.24815812e+01  1.41504430e+00  1.24815812e+01  2.25705458e+00 
 1.26261305e+01  1.41519783e+00  1.26261305e+01  2.23121366e+00 
 1.27723538e+01  1.41534787e+00  1.27723538e+01  2.20566736e+00 
 1.29202705e+01  1.41549450e+00  1.29202705e+01  2.18041235e+00 
 1.30699003e+01  1.41563779e+00  1.30699003e+01  2.15544530e+00 
 1.32212629e+01  1.41577784e+00  1.32212629e+01  2.13076295e+00 
 1.33743785e+01  1.41591469e+00  1.33743785e+01  2.10636206e+00 
 1.35292673e+01  1.41604844e+00  1.35292673e+01  2.08223944e+00 
 1.36859499e+01  1.41617915e+00  1.36859499e+01  2.05839191e+00 
 1.38444470e+01  1.41630688e+00  1.38444470e+01  2.03481634e+00 
 1.40047796e+01  1.41643171e+00  1.40047796e+01  2.01150965e+00 
 1.41669691e+01  1.41655371e+00  1.41669691e+01  1.98846878e+00 
 1.43310369e+01  1.41667293e+00  1.43310369e+01  1.96569070e+00 
 1.44970048e+01  1.41678944e+00  1.44970048e+01  1.94317241e+00 
 1.46648947e+01  1.41690330e+00  1.46648947e+01  1.92091097e+00 
 1.48347290e+01  1.41701457e+00  1.48347290e+01  1.89890344e+00 
 1.50065301e+01  1.41712332e+00  1.50065301e+01  1.87714693e+00 
 1.51803209e+01  1.41722959e+00  1.51803209e+01  1.85563859e+00 
 1.53561243e+01  1.41733344e+00  1.53561243e+01  1.83437558e+00 
 1.55339637e+01  1.41743494e+00  1.55339637e+01  1.81335512e+00 
 1.57138627e+01  1.41753412e+00  1.57138627e+01  1.79257443e+00 
 1.58958451e+01  1.41763105e+00  1.58958451e+01  1.77203079e+00 
 1.60799350e+01  1.41772578e+00  1.60799350e+01  1.75172148e+00 
 1.62661569e+01  1.41781835e+00  1.62661569e+01  1.73164385e+00 
 1.64545354e+01  1.41790882e+00  1.64545354e+01  1.71179524e+00 
 1.66450955e+01  1.41799723e+00  1.66450955e+01  1.69217304e+00 
 1.68378625e+01  1.41808363e+00  1.68378625e+01  1.67277467e+00 
 1.70328619e+01  1.41816807e+00  1.70328619e+01  1.65359758e+00 
 1.72301197e+01  1.41825059e+00  1.72301197e+01  1.63463923e+00 
 1.74296618e+01  1.41833123e+00  1.74296618e+01  1.61589714e+00 
 1.76315149e+01  1.41841003e+00  1.76315149e+01  1.59736883e+00 
 1.78357056e+01  1.41848705e+00  1.78357056e+01  1.57905187e+00 
 1.80422611e+01  1.41856231e+00  1.80422611e+01  1.56094383e+00 
 1.82512087e+01  1.41863586e+00  1.82512087e+01  1.54304234e+00 
 1.84625761e+01  1.41870774e+00  1.84625761e+01  1.52534503e+00 
 1.86763914e+01  1.41877799e+00  1.86763914e+01  1.50784957e+00 
 1.88926828e+01  1.41884664e+00  1.88926828e+01  1.49055365e+00 
 1.91114791e+01  1.41891372e+00  1.91114791e+01  1.47345500e+00 
 1.93328093e+01  1.41897928e+00  1.93328093e+01  1.45655135e+00 
 1.95567028e+01  1.41904335e+00  1.95567028e+01  1.43984049e+00 
 1.97831891e+01  1.41910597e+00  1.97831891e+01  1.42332019e+00 
 2.00122984e+01  1.41916716e+00  2.00122984e+01  1.40698829e+00 
 2.02440610e+01  1.41922696e+00  2.02440610e+01  1.39084263e+00 
 2.04785077e+01  1.41928539e+00  2.04785077e+01  1.37488108e+00 
 2.07156695e+01  1.41934250e+00  2.07156695e+01  1.35910154e+00 
 2.09555778e+01  1.41939832e+00  2.09555778e+01  1.34350191e+00 
 2.11982645e+01  1.41945286e+00  2.11982645e+01  1.32808014e+00 
 2.14437618e+01  1.41950616e+00  2.14437618e+01  1.31283420e+00 
 2.16921022e+01  1.41955825e+00  2.16921022e+01  1.29776207e+00 
 2.19433187e+01  1.41960915e+00  2.19433187e+01  1.28286177e+00 
 2.21974444e+01  1.41965890e+00  2.21974444e+01  1.26813132e+00 
 2.24545132e+01  1.41970752e+00  2.24545132e+01  1.25356877e+00 
 2.27145591e+01  1.41975503e+00  2.27145591e+01  1.23917222e+00 
 2.29776167e+01  1.41980146e+00  2.29776167e+01  1.22493975e+00 
 2.32437206e+01  1.41984683e+00  2.32437206e+01  1.21086948e+00 
 2.35129064e+01  1.41989117e+00  2.35129064e+01  1.19695956e+00 
 2.37852095e+01  1.41993451e+00  2.37852095e+01  1.18320815e+00 
 2.40606663e+01  1.41997686e+00  2.40606663e+01  1.16961343e+00 
 2.43393131e+01  1.42001824e+00  2.43393131e+01  1.15617361e+00 
 2.46211869e+01  1.42005869e+00  2.46211869e+01  1.14288690e+00 
 2.49063250e+01  1.42009821e+00  2.49063250e+01  1.12975155e+00 
 2.51947654e+01  1.42013684e+00  2.51947654e+01  1.11676584e+00 
 2.54865462e+01  1.42017459e+00  2.54865462e+01  1.10392803e+00 
 2.57817061e+01  1.42021148e+00  2.57817061e+01  1.09123644e+00 
 2.60802843e+01  1.42024753e+00  2.60802843e+01  1.07868938e+00 
 2.63823203e+01  1.42028276e+00  2.63823203e+01  1.06628520e+00 
 2.66878542e+01  1.42031719e+00  2.66878542e+01  1.05402225e+00 
 2.69969265e+01  1.42035084e+00  2.69969265e+01  1.04189893e+00 
 2.73095781e+01  1.42038372e+00  2.73095781e+01  1.02991361e+00 
 2.76258506e+01  1.42041585e+00  2.76258506e+01  1.01806472e+00 
 2.79457858e+01  1.42044726e+00  2.79457858e+01  1.00635069e+00 
 2.82694262e+01  1.42047795e+00  2.82694262e+01  9.94769975e-01 
 2.85968147e+01  1.42050794e+00  2.85968147e+01  9.83321038e-01 
 2.89279946e+01  1.42053725e+00  2.89279946e+01  9.72002366e-01 
 2.92630100e+01  1.42056589e+00  2.92630100e+01  9.60812462e-01 
 2.96019052e+01  1.42059389e+00  2.96019052e+01  9.49749847e-01 
 2.99447251e+01  1.42062124e+00  2.99447251e+01  9.38813056e-01 
 3.02915152e+01  1.42064797e+00  3.02915152e+01  9.28000642e-01 
 3.06423215e+01  1.42067410e+00  3.06423215e+01  9.17311176e-01 
 3.09971905e+01  1.42069963e+00  3.09971905e+01  9.06743242e-01 
 3.13561693e+01  1.42072458e+00  3.13561693e+01  8.96295443e-01 
 3.17193054e+01  1.42074897e+00  3.17193054e+01  8.85966397e-01 
 3.20866469e+01  1.42077280e+00  3.20866469e+01  8.75754735e-01 
 3.24582427e+01  1.42079608e+00  3.24582427e+01  8.65659108e-01 
 3.28341419e+01  1.42081884e+00  3.28341419e+01  8.55678179e-01 
 3.32143943e+01  1.42084108e+00  3.32143943e+01  8.45810627e-01 
 3.35990505e+01  1.42086282e+00  3.35990505e+01  8.36055146e-01 
 3.39881614e+01  1.42088406e+00  3.39881614e+01  8.26410445e-01 
 3.43817786e+01  1.42090481e+00  3.43817786e+01  8.16875247e-01 
 3.47799543e+01  1.42092510e+00  3.47799543e+01  8.07448291e-01 
 3.51827413e+01  1.42094492e+00  3.51827413e+01  7.98128329e-01 
 3.55901929e+01  1.42096430e+00  3.55901929e+01  7.88914126e-01 
 3.60023633e+01  1.42098323e+00  3.60023633e+01  7.79804463e-01 
 3.64193070e+01  1.42100173e+00  3.64193070e+01  7.70798135e-01 
 3.68410793e+01  1.42101982e+00  3.68410793e+01  7.61893949e-01 
 3.72677361e+01  1.42103749e+00  3.72677361e+01  7.53090725e-01 
 3.76993341e+01  1.42105476e+00  3.76993341e+01  7.44387299e-01 
 3.81359304e+01  1.42107163e+00  3.81359304e+01  7.35782519e-01 
 3.85775830e+01  1.42108812e+00  3.85775830e+01  7.27275244e-01 
 3.90243503e+01  1.42110424e+00  3.90243503e+01  7.18864349e-01 
 3.94762917e+01  1.42111999e+00  3.94762917e+01  7.10548720e-01 
 3.99334670e+01  1.42113539e+00  3.99334670e+01  7.02327255e-01 
 4.03959368e+01  1.42115043e+00  4.03959368e+01  6.94198867e-01 
 4.08637625e+01  1.42116513e+00  4.08637625e+01  6.86162478e-01 
 4.13370061e+01  1.42117950e+00  4.13370061e+01  6.78217025e-01 
 4.18157303e+01  1.42119354e+00  4.18157303e+01  6.70361455e-01 
 4.22999987e+01  1.42120726e+00  4.22999987e+01  6.62594728e-01 
 4.27898753e+01  1.42122066e+00  4.27898753e+01  6.54915816e-01 
 4.32854253e+01  1.42123377e+00  4.32854253e+01  6.47323701e-01 
 4.37867142e+01  1.42124657e+00  4.37867142e+01  6.39817378e-01 
 4.42938085e+01  1.42125909e+00  4.42938085e+01  6.32395853e-01 
 4.48067755e+01  1.42127132e+00  4.48067755e+01  6.25058143e-01 
 4.53256831e+01  1.42128327e+00  4.53256831e+01  6.17803276e-01 
 4.58506003e+01  1.42129495e+00  4.58506003e+01  6.10630290e-01 
 4.63815965e+01  1.42130636e+00  4.63815965e+01  6.03538237e-01 
 4.69187422e+01  1.42131752e+00  4.69187422e+01  5.96526176e-01 
 4.74621085e+01  1.42132842e+00  4.74621085e+01  5.89593179e-01 
 4.80117676e+01  1.42133907e+00  4.80117676e+01  5.82738328e-01 
 4.85677923e+01  1.42134948e+00  4.85677923e+01  5.75960713e-01 
 4.91302564e+01  1.42135966e+00  4.91302564e+01  5.69259438e-01 
 4.96992343e+01  1.42136960e+00  4.96992343e+01  5.62633615e-01 
 5.02748016e+01  1.42137932e+00  5.02748016e+01  5.56082366e-01 
 5.08570345e+01  1.42138881e+00  5.08570345e+01  5.49604824e-01 
 5.14460103e+01  1.42139809e+00  5.14460103e+01  5.43200129e-01 
 5.20418070e+01  1.42140716e+00  5.20418070e+01  5.36867434e-01 
 5.26445036e+01  1.42141602e+00  5.26445036e+01  5.30605900e-01 
 5.32541801e+01  1.42142468e+00  5.32541801e+01  5.24414696e-01 
 5.38709172e+01  1.42143315e+00  5.38709172e+01  5.18293003e-01 
 5.44947968e+01  1.42144142e+00  5.44947968e+01  5.12240011e-01 
 5.51259015e+01  1.42144950e+00  5.51259015e+01  5.06254916e-01 
 5.57643151e+01  1.42145740e+00  5.57643151e+01  5.00336925e-01 
 5.64101221e+01  1.42146512e+00  5.64101221e+01  4.94485256e-01 
 5.70634082e+01  1.42147267e+00  5.70634082e+01  4.88699132e-01 
 5.77242601e+01  1.42148004e+00  5.77242601e+01  4.82977786e-01 
 5.83927652e+01  1.42148724e+00  5.83927652e+01  4.77320462e-01 
 5.90690124e+01  1.42149428e+00  5.90690124e+01  4.71726408e-01 
 5.97530911e+01  1.42150116e+00  5.97530911e+01  4.66194884e-01 
 6.04450922e+01  1.42150789e+00  6.04450922e+01  4.60725157e-01 
 6.11451073e+01  1.42151446e+00  6.11451073e+01  4.55316503e-01 
 6.18532294e+01  1.42152088e+00  6.18532294e+01  4.49968203e-01 
 6.25695522e+01  1.42152716e+00  6.25695522e+01  4.44679551e-01 
 6.32941707e+01  1.42153329e+00  6.32941707e+01  4.39449844e-01 
 6.40271811e+01  1.42153928e+00  6.40271811e+01  4.34278391e-01 
 6.47686804e+01  1.42154514e+00  6.47686804e+01  4.29164504e-01 
 6.55187671e+01  1.42155086e+00  6.55187671e+01  4.24107508e-01 
 6.62775405e+01  1.42155646e+00  6.62775405e+01  4.19106732e-01 
 6.70451013e+01  1.42156192e+00  6.70451013e+01  4.14161513e-01 
 6.78215512e+01  1.42156727e+00  6.78215512e+01  4.09271196e-01 
 6.86069932e+01  1.42157249e+00  6.86069932e+01  4.04435132e-01 
 6.94015314e+01  1.42157759e+00  6.94015314e+01  3.99652681e-01 
 7.02052711e+01  1.42158257e+00  7.02052711e+01  3.94923210e-01 
 7.10183190e+01  1.42158745e+00  7.10183190e+01  3.90246090e-01 
 7.18407828e+01  1.42159221e+00  7.18407828e+01  3.85620703e-01 
 7.26727715e+01  1.42159686e+00  7.26727715e+01  3.81046435e-01 
 7.35143955e+01  1.42160141e+00  7.35143955e+01  3.76522681e-01 
 7.43657664e+01  1.42160585e+00  7.43657664e+01  3.72048840e-01 
 7.52269970e+01  1.42161019e+00  7.52269970e+01  3.67624321e-01 
 7.60982015e+01  1.42161444e+00  7.60982015e+01  3.63248535e-01 
 7.69794955e+01  1.42161858e+00  7.69794955e+01  3.58920904e-01 
 7.78709957e+01  1.42162264e+00  7.78709957e+01  3.54640854e-01 
 7.87728204e+01  1.42162660e+00  7.87728204e+01  3.50407817e-01 
 7.96850891e+01  1.42163047e+00  7.96850891e+01  3.46221233e-01 
 8.06079229e+01  1.42163425e+00  8.06079229e+01  3.42080547e-01 
 8.15414439e+01  1.42163795e+00  8.15414439e+01  3.37985210e-01 
 8.24857761e+01  1.42164156e+00  8.24857761e+01  3.33934678e-01 
 8.34410446e+01  1.42164509e+00  8.34410446e+01  3.29928416e-01 
 8.44073761e+01  1.42164854e+00  8.44073761e+01  3.25965892e-01 
 8.53848987e+01  1.42165191e+00  8.53848987e+01  3.22046582e-01 
 8.63737419e+01  1.42165520e+00  8.63737419e+01  3.18169965e-01 
 8.73740370e+01  1.42165842e+00  8.73740370e+01  3.14335527e-01 
 8.83859165e+01  1.42166157e+00  8.83859165e+01  3.10542761e-01 
 8.94095146e+01  1.42166464e+00  8.94095146e+01  3.06791164e-01 
 9.04449670e+01  1.42166765e+00  9.04449670e+01  3.03080239e-01 
 9.14924110e+01  1.42167058e+00  9.14924110e+01  2.99409493e-01 
 9.25519854e+01  1.42167345e+00  9.25519854e+01  2.95778440e-01 
 9.36238307e+01  1.42167626e+00  9.36238307e+01  2.92186599e-01 
 9.47080892e+01  1.42167900e+00  9.47080892e+01  2.88633494e-01 
 9.58049044e+01  1.42168167e+00  9.58049044e+01  2.85118654e-01 
 9.69144218e+01  1.42168429e+00  9.69144218e+01  2.81641612e-01 
 9.80367886e+01  1.42168685e+00  9.80367886e+01  2.78201909e-01 
 9.91721535e+01  1.42168935e+00  9.91721535e+01  2.74799087e-01 
 1.00320667e+02  1.42169179e+00  1.00320667e+02  2.71432697e-01 
 1.01482482e+02  1.42169417e+00  1.01482482e+02  2.68102291e-01 
 1.02657751e+02  1.42169651e+00  1.02657751e+02  2.64807428e-01 
 1.03846632e+02  1.42169878e+00  1.03846632e+02  2.61547672e-01 
 1.05049280e+02  1.42170101e+00  1.05049280e+02  2.58322591e-01 
 1.06265857e+02  1.42170319e+00  1.06265857e+02  2.55131756e-01 
 1.07496523e+02  1.42170531e+00  1.07496523e+02  2.51974745e-01 
 1.08741441e+02  1.42170739e+00  1.08741441e+02  2.48851140e-01 
 1.10000777e+02  1.42170942e+00  1.10000777e+02  2.45760526e-01 
 1.11274697e+02  1.42171141e+00  1.11274697e+02  2.42702494e-01 
 1.12563370e+02  1.42171335e+00  1.12563370e+02  2.39676639e-01 
 1.13866967e+02  1.42171524e+00  1.13866967e+02  2.36682558e-01 
 1.15185661e+02  1.42171709e+00  1.15185661e+02  2.33719856e-01 
 1.16519628e+02  1.42171890e+00  1.16519628e+02  2.30788139e-01 
 1.17869043e+02  1.42172067e+00  1.17869043e+02  2.27887020e-01 
 1.19234085e+02  1.42172240e+00  1.19234085e+02  2.25016113e-01 
 1.20614936e+02  1.42172409e+00  1.20614936e+02  2.22175037e-01 
 1.22011779e+02  1.42172574e+00  1.22011779e+02  2.19363417e-01 
 1.23424798e+02  1.42172735e+00  1.23424798e+02  2.16580879e-01 
 1.24854182e+02  1.42172893e+00  1.24854182e+02  2.13827055e-01 
 1.26300119e+02  1.42173047e+00  1.26300119e+02  2.11101580e-01 
 1.27762802e+02  1.42173197e+00  1.27762802e+02  2.08404091e-01 
 1.29242424e+02  1.42173344e+00  1.29242424e+02  2.05734233e-01 
 1.30739182e+02  1.42173488e+00  1.30739182e+02  2.03091650e-01 
 1.32253273e+02  1.42173629e+00  1.32253273e+02  2.00475992e-01 
 1.33784900e+02  1.42173766e+00  1.33784900e+02  1.97886913e-01 
 1.35334264e+02  1.42173900e+00  1.35334264e+02  1.95324070e-01 
 1.36901571e+02  1.42174031e+00  1.36901571e+02  1.92787122e-01 
 1.38487029e+02  1.42174159e+00  1.38487029e+02  1.90275734e-01 
 1.40090849e+02  1.42174284e+00  1.40090849e+02  1.87789572e-01 
 1.41713242e+02  1.42174406e+00  1.41713242e+02  1.85328306e-01 
 1.43354425e+02  1.42174526e+00  1.43354425e+02  1.82891612e-01 
 1.45014614e+02  1.42174643e+00  1.45014614e+02  1.80479165e-01 
 1.46694029e+02  1.42174757e+00  1.46694029e+02  1.78090645e-01 
 1.48392894e+02  1.42174868e+00  1.48392894e+02  1.75725737e-01 
 1.50111433e+02  1.42174977e+00  1.50111433e+02  1.73384126e-01 
 1.51849875e+02  1.42175083e+00  1.51849875e+02  1.71065502e-01 
 1.53608450e+02  1.42175187e+00  1.53608450e+02  1.68769558e-01 
 1.55387391e+02  1.42175289e+00  1.55387391e+02  1.66495990e-01 
 1.57186933e+02  1.42175388e+00  1.57186933e+02  1.64244495e-01 
 1.59007317e+02  1.42175485e+00  1.59007317e+02  1.62014776e-01 
 1.60848782e+02  1.42175580e+00  1.60848782e+02  1.59806536e-01 
 1.62711573e+02  1.42175673e+00  1.62711573e+02  1.57619484e-01 
 1.64595937e+02  1.42175763e+00  1.64595937e+02  1.55453329e-01 
 1.66502124e+02  1.42175852e+00  1.66502124e+02  1.53307784e-01 
 1.68430387e+02  1.42175938e+00  1.68430387e+02  1.51182564e-01 
 1.70380981e+02  1.42176023e+00  1.70380981e+02  1.49077388e-01 
 1.72354164e+02  1.42176105e+00  1.72354164e+02  1.46991977e-01 
 1.74350199e+02  1.42176186e+00  1.74350199e+02  1.44926054e-01 
 1.76369351e+02  1.42176265e+00  1.76369351e+02  1.42879346e-01 
 1.78411886e+02  1.42176341e+00  1.78411886e+02  1.40851580e-01 
 1.80478075e+02  1.42176417e+00  1.80478075e+02  1.38842489e-01 
 1.82568193e+02  1.42176490e+00  1.82568193e+02  1.36851805e-01 
 1.84682517e+02  1.42176562e+00  1.84682517e+02  1.34879265e-01 
 1.86821327e+02  1.42176632e+00  1.86821327e+02  1.32924608e-01 
 1.88984907e+02  1.42176701e+00  1.88984907e+02  1.30987574e-01 
 1.91173543e+02  1.42176768e+00  1.91173543e+02  1.29067906e-01 
 1.93387525e+02  1.42176833e+00  1.93387525e+02  1.27165351e-01 
 1.95627148e+02  1.42176897e+00  1.95627148e+02  1.25279655e-01 
 1.97892707e+02  1.42176959e+00  1.97892707e+02  1.23410568e-01 
 2.00184505e+02  1.42177020e+00  2.00184505e+02  1.21557844e-01 
 2.02502843e+02  1.42177080e+00  2.02502843e+02  1.19721236e-01 
 2.04848030e+02  1.42177138e+00  2.04848030e+02  1.17900500e-01 
 2.07220377e+02  1.42177195e+00  2.07220377e+02  1.16095396e-01 
 2.09620198e+02  1.42177250e+00  2.09620198e+02  1.14305685e-01 
 2.12047812e+02  1.42177305e+00  2.12047812e+02  1.12531127e-01 
 2.14503539e+02  1.42177358e+00  2.14503539e+02  1.10771490e-01 
 2.16987707e+02  1.42177409e+00  2.16987707e+02  1.09026539e-01 
 2.19500643e+02  1.42177460e+00  2.19500643e+02  1.07296042e-01 
 2.22042682e+02  1.42177509e+00  2.22042682e+02  1.05579771e-01 
 2.24614160e+02  1.42177558e+00  2.24614160e+02  1.03877498e-01 
 2.27215419e+02  1.42177605e+00  2.27215419e+02  1.02188998e-01 
 2.29846803e+02  1.42177651e+00  2.29846803e+02  1.00514045e-01 
 2.32508661e+02  1.42177696e+00  2.32508661e+02  9.88524194e-02 
 2.35201345e+02  1.42177740e+00  2.35201345e+02  9.72038994e-02 
 2.37925214e+02  1.42177783e+00  2.37925214e+02  9.55682669e-02 
 2.40680628e+02  1.42177825e+00  2.40680628e+02  9.39453051e-02 
 2.43467953e+02  1.42177866e+00  2.43467953e+02  9.23347987e-02 
 2.46287557e+02  1.42177906e+00  2.46287557e+02  9.07365342e-02 
 2.49139816e+02  1.42177945e+00  2.49139816e+02  8.91502997e-02 
 2.52025106e+02  1.42177983e+00  2.52025106e+02  8.75758850e-02 
 2.54943811e+02  1.42178020e+00  2.54943811e+02  8.60130813e-02 
 2.57896318e+02  1.42178056e+00  2.57896318e+02  8.44616814e-02 
 2.60883017e+02  1.42178092e+00  2.60883017e+02  8.29214795e-02 
 2.63904306e+02  1.42178126e+00  2.63904306e+02  8.13922716e-02 
 2.66960584e+02  1.42178160e+00  2.66960584e+02  7.98738549e-02 
 2.70052257e+02  1.42178193e+00  2.70052257e+02  7.83660280e-02 
 2.73179734e+02  1.42178225e+00  2.73179734e+02  7.68685911e-02 
 2.76343431e+02  1.42178257e+00  2.76343431e+02  7.53813456e-02 
 2.79543767e+02  1.42178288e+00  2.79543767e+02  7.39040943e-02 
 2.82781166e+02  1.42178318e+00  2.82781166e+02  7.24366414e-02 
 2.86056057e+02  1.42178347e+00  2.86056057e+02  7.09787923e-02 
 2.89368875e+02  1.42178375e+00  2.89368875e+02  6.95303538e-02 
 2.92720058e+02  1.42178403e+00  2.92720058e+02  6.80911338e-02 
 2.96110052e+02  1.42178431e+00  2.96110052e+02  6.66609414e-02 
 2.99539305e+02  1.42178457e+00  2.99539305e+02  6.52395872e-02 
 3.03008272e+02  1.42178483e+00  3.03008272e+02  6.38268826e-02 
 3.06517414e+02  1.42178508e+00  3.06517414e+02  6.24226403e-02 
 3.10067195e+02  1.42178533e+00  3.10067195e+02  6.10266741e-02 
 3.13658086e+02  1.42178557e+00  3.13658086e+02  5.96387991e-02 
 3.17290563e+02  1.42178580e+00  3.17290563e+02  5.82588311e-02 
 3.20965108e+02  1.42178603e+00  3.20965108e+02  5.68865872e-02 
 3.24682207e+02  1.42178626e+00  3.24682207e+02  5.55218855e-02 
 3.28442355e+02  1.42178647e+00  3.28442355e+02  5.41645450e-02 
 3.32246049e+02  1.42178669e+00  3.32246049e+02  5.28143858e-02 
 3.36093793e+02  1.42178689e+00  3.36093793e+02  5.14712289e-02 
 3.39986099e+02  1.42178710e+00  3.39986099e+02  5.01348962e-02 
 3.43923481e+02  1.42178729e+00  3.43923481e+02  4.88052105e-02 
 3.47906461e+02  1.42178748e+00  3.47906461e+02  4.74819955e-02 
 3.51935569e+02  1.42178767e+00  3.51935569e+02  4.61650758e-02 
 3.56011338e+02  1.42178785e+00  3.56011338e+02  4.48542769e-02 
 3.60134309e+02  1.42178803e+00  3.60134309e+02  4.35494248e-02 
 3.64305027e+02  1.42178820e+00  3.64305027e+02  4.22503466e-02 
 3.68524047e+02  1.42178837e+00  3.68524047e+02  4.09568701e-02 
 3.72791927e+02  1.42178853e+00  3.72791927e+02  3.96688238e-02 
 3.77109234e+02  1.42178869e+00  3.77109234e+02  3.83860369e-02 
 3.81476539e+02  1.42178885e+00  3.81476539e+02  3.71083393e-02 
 3.85894423e+02  1.42178900e+00  3.85894423e+02  3.58355616e-02 
 3.90363469e+02  1.42178915e+00  3.90363469e+02  3.45675352e-02 
 3.94884272e+02  1.42178929e+00  3.94884272e+02  3.33040918e-02 
 3.99457430e+02  1.42178943e+00  3.99457430e+02  3.20450639e-02 
 4.04083550e+02  1.42178956e+00  4.04083550e+02  3.07902847e-02 
 4.08763246e+02  1.42178969e+00  4.08763246e+02  2.95395877e-02 
 4.13497136e+02  1.42178982e+00  4.13497136e+02  2.82928072e-02 
 4.18285850e+02  1.42178994e+00  4.18285850e+02  2.70497778e-02 
 4.23130023e+02  1.42179006e+00  4.23130023e+02  2.58103347e-02 
 4.28030295e+02  1.42179018e+00  4.28030295e+02  2.45743137e-02 
 4.32987318e+02  1.42179029e+00  4.32987318e+02  2.33415507e-02 
 4.38001748e+02  1.42179040e+00  4.38001748e+02  2.21118825e-02 
 4.43074250e+02  1.42179051e+00  4.43074250e+02  2.08851459e-02 
 4.48205497e+02  1.42179061e+00  4.48205497e+02  1.96611784e-02 
 4.53396168e+02  1.42179071e+00  4.53396168e+02  1.84398175e-02 
 4.58646954e+02  1.42179081e+00  4.58646954e+02  1.72209015e-02 
 4.63958548e+02  1.42179090e+00  4.63958548e+02  1.60042687e-02 
 4.69331656e+02  1.42179099e+00  4.69331656e+02  1.47897577e-02 
 4.74766990e+02  1.42179108e+00  4.74766990e+02  1.35772076e-02 
 4.80265271e+02  1.42179117e+00  4.80265271e+02  1.23664576e-02 
 4.85827227e+02  1.42179125e+00  4.85827227e+02  1.11573472e-02 
 4.91453597e+02  1.42179133e+00  4.91453597e+02  9.94971605e-03 
 4.97145125e+02  1.42179140e+00  4.97145125e+02  8.74340405e-03 
 5.02902567e+02  1.42179147e+00  5.02902567e+02  7.53825127e-03 
 5.08726686e+02  1.42179154e+00  5.08726686e+02  6.33409792e-03 
 5.14618255e+02  1.42179161e+00  5.14618255e+02  5.13078436e-03 
 5.20578053e+02  1.42179168e+00  5.20578053e+02  3.92815103e-03 
 5.26606872e+02  1.42179174e+00  5.26606872e+02  2.72603850e-03 
 5.32705511e+02  1.42179180e+00  5.32705511e+02  1.52428739e-03 
 5.38874778e+02  1.42179185e+00  5.38874778e+02  3.22738351e-04 
 5.45115492e+02  1.42179191e+00  5.45115492e+02 -8.78767908e-04 
 5.51428479e+02  1.42179196e+00  5.51428479e+02 -2.08039069e-03 
 5.57814577e+02  1.42179201e+00  5.57814577e+02 -3.28228932e-03 
 5.64274633e+02  1.42179206e+00  5.64274633e+02 -4.48462313e-03 
 5.70809503e+02  1.42179210e+00  5.70809503e+02 -5.68755155e-03 
 5.77420053e+02  1.42179214e+00  5.77420053e+02 -6.89123406e-03 
 5.84107159e+02  1.42179218e+00  5.84107159e+02 -8.09583025e-03 
 5.90871709e+02  1.42179222e+00  5.90871709e+02 -9.30149983e-03 
 5.97714600e+02  1.42179225e+00  5.97714600e+02 -1.05084026e-02 
 6.04636738e+02  1.42179228e+00  6.04636738e+02 -1.17166987e-02 
 6.11639042e+02  1.42179231e+00  6.11639042e+02 -1.29265483e-02 
 6.18722439e+02  1.42179234e+00  6.18722439e+02 -1.41381117e-02 
 6.25887869e+02  1.42179237e+00  6.25887869e+02 -1.53515495e-02 
 6.33136282e+02  1.42179239e+00  6.33136282e+02 -1.65670228e-02 
 6.40468639e+02  1.42179241e+00  6.40468639e+02 -1.77846926e-02 
 6.47885912e+02  1.42179243e+00  6.47885912e+02 -1.90047204e-02 
 6.55389084e+02  1.42179244e+00  6.55389084e+02 -2.02272679e-02 
 6.62979151e+02  1.42179246e+00  6.62979151e+02 -2.14524972e-02 
 6.70657118e+02  1.42179247e+00  6.70657118e+02 -2.26805708e-02 
 6.78424004e+02  1.42179248e+00  6.78424004e+02 -2.39116515e-02 
 6.86280839e+02  1.42179249e+00  6.86280839e+02 -2.51459025e-02 
 6.94228663e+02  1.42179249e+00  6.94228663e+02 -2.63834874e-02 
 7.02268532e+02  1.42179249e+00  7.02268532e+02 -2.76245704e-02 
 7.10401510e+02  1.42179249e+00  7.10401510e+02 -2.88693160e-02 
 7.18628676e+02  1.42179249e+00  7.18628676e+02 -3.01178891e-02 
 7.26951121e+02  1.42179249e+00  7.26951121e+02 -3.13704555e-02 
 7.35369948e+02  1.42179248e+00  7.35369948e+02 -3.26271810e-02 
 7.43886274e+02  1.42179247e+00  7.43886274e+02 -3.38882324e-02 
 7.52501228e+02  1.42179246e+00  7.52501228e+02 -3.51537769e-02 
 7.61215951e+02  1.42179245e+00  7.61215951e+02 -3.64239821e-02 
 7.70031600e+02  1.42179243e+00  7.70031600e+02 -3.76990166e-02 
 7.78949343e+02  1.42179241e+00  7.78949343e+02 -3.89790494e-02 
 7.87970362e+02  1.42179239e+00  7.87970362e+02 -4.02642502e-02 
 7.97095854e+02  1.42179237e+00  7.97095854e+02 -4.15547894e-02 
 8.06327028e+02  1.42179235e+00  8.06327028e+02 -4.28508381e-02 
 8.15665108e+02  1.42179232e+00  8.15665108e+02 -4.41525682e-02 
 8.25111333e+02  1.42179229e+00  8.25111333e+02 -4.54601521e-02 
 8.34666955e+02  1.42179226e+00  8.34666955e+02 -4.67737634e-02 
 8.44333240e+02  1.42179222e+00  8.44333240e+02 -4.80935761e-02 
 8.54111471e+02  1.42179219e+00  8.54111471e+02 -4.94197653e-02 
 8.64002944e+02  1.42179215e+00  8.64002944e+02 -5.07525067e-02 
 8.74008970e+02  1.42179211e+00  8.74008970e+02 -5.20919770e-02 
 8.84130875e+02  1.42179206e+00  8.84130875e+02 -5.34383540e-02 
 8.94370003e+02  1.42179202e+00  8.94370003e+02 -5.47918160e-02 
 9.04727710e+02  1.42179197e+00  9.04727710e+02 -5.61525425e-02 
 9.15205369e+02  1.42179192e+00  9.15205369e+02 -5.75207140e-02 
 9.25804371e+02  1.42179186e+00  9.25804371e+02 -5.88965118e-02 
 9.36526119e+02  1.42179181e+00  9.36526119e+02 -6.02801183e-02 
 9.47372037e+02  1.42179175e+00  9.47372037e+02 -6.16717169e-02 
 9.58343561e+02  1.42179169e+00  9.58343561e+02 -6.30714923e-02 
 9.69442146e+02  1.42179162e+00  9.69442146e+02 -6.44796299e-02 
 9.80669264e+02  1.42179155e+00  9.80669264e+02 -6.58963165e-02 
 9.92026404e+02  1.42179149e+00  9.92026404e+02 -6.73217398e-02 
 1.00351507e+03  1.42179141e+00  1.00351507e+03 -6.87560890e-02 
 1.01513679e+03  1.42179134e+00  1.01513679e+03 -7.01995541e-02 
 1.02689310e+03  1.42179126e+00  1.02689310e+03 -7.16523265e-02 
 1.03878555e+03  1.42179118e+00  1.03878555e+03 -7.31145988e-02 
 1.05081574e+03  1.42179109e+00  1.05081574e+03 -7.45865650e-02 
 1.06298524e+03  1.42179101e+00  1.06298524e+03 -7.60684202e-02 
 1.07529569e+03  1.42179092e+00  1.07529569e+03 -7.75603607e-02 
 1.08774869e+03  1.42179082e+00  1.08774869e+03 -7.90625846e-02 
 1.10034592e+03  1.42179073e+00  1.10034592e+03 -8.05752908e-02 
 1.11308904e+03  1.42179063e+00  1.11308904e+03 -8.20986800e-02 
 1.12597973e+03  1.42179053e+00  1.12597973e+03 -8.36329542e-02 
 1.13901971e+03  1.42179042e+00  1.13901971e+03 -8.51783167e-02 
 1.15221071e+03  1.42179031e+00  1.15221071e+03 -8.67349726e-02 
 1.16555447e+03  1.42179020e+00  1.16555447e+03 -8.83031280e-02 
 1.17905277e+03  1.42179008e+00  1.17905277e+03 -8.98829910e-02 
 1.19270739e+03  1.42178996e+00  1.19270739e+03 -9.14747710e-02 
 1.20652015e+03  1.42178984e+00  1.20652015e+03 -9.30786791e-02 
 1.22049287e+03  1.42178971e+00  1.22049287e+03 -9.46949279e-02 
 1.23462740e+03  1.42178958e+00  1.23462740e+03 -9.63237317e-02 
 1.24892564e+03  1.42178945e+00  1.24892564e+03 -9.79653065e-02 
 1.26338945e+03  1.42178931e+00  1.26338945e+03 -9.96198699e-02 
 1.27802078e+03  1.42178917e+00  1.27802078e+03 -1.01287641e-01 
 1.29282155e+03  1.42178902e+00  1.29282155e+03 -1.02968842e-01 
 1.30779373e+03  1.42178887e+00  1.30779373e+03 -1.04663694e-01 
 1.32293930e+03  1.42178872e+00  1.32293930e+03 -1.06372423e-01 
 1.33826027e+03  1.42178856e+00  1.33826027e+03 -1.08095255e-01 
 1.35375867e+03  1.42178839e+00  1.35375867e+03 -1.09832419e-01 
 1.36943656e+03  1.42178823e+00  1.36943656e+03 -1.11584145e-01 
 1.38529602e+03  1.42178806e+00  1.38529602e+03 -1.13350665e-01 
 1.40133915e+03  1.42178788e+00  1.40133915e+03 -1.15132214e-01 
 1.41756807e+03  1.42178770e+00  1.41756807e+03 -1.16929027e-01 
 1.43398494e+03  1.42178751e+00  1.43398494e+03 -1.18741343e-01 
 1.45059193e+03  1.42178732e+00  1.45059193e+03 -1.20569403e-01 
 1.46739125e+03  1.42178713e+00  1.46739125e+03 -1.22413447e-01 
 1.48438512e+03  1.42178692e+00  1.48438512e+03 -1.24273722e-01 
 1.50157580e+03  1.42178672e+00  1.50157580e+03 -1.26150473e-01 
 1.51896556e+03  1.42178651e+00  1.51896556e+03 -1.28043950e-01 
 1.53655671e+03  1.42178629e+00  1.53655671e+03 -1.29954403e-01 
 1.55435159e+03  1.42178607e+00  1.55435159e+03 -1.31882087e-01 
 1.57235255e+03  1.42178584e+00  1.57235255e+03 -1.33827255e-01 
 1.59056198e+03  1.42178561e+00  1.59056198e+03 -1.35790167e-01 
 1.60898229e+03  1.42178537e+00  1.60898229e+03 -1.37771082e-01 
 1.62761593e+03  1.42178512e+00  1.62761593e+03 -1.39770263e-01 
 1.64646536e+03  1.42178487e+00  1.64646536e+03 -1.41787976e-01 
 1.66553309e+03  1.42178461e+00  1.66553309e+03 -1.43824487e-01 
 1.68482165e+03  1.42178435e+00  1.68482165e+03 -1.45880067e-01 
 1.70433358e+03  1.42178407e+00  1.70433358e+03 -1.47954989e-01 
 1.72407148e+03  1.42178380e+00  1.72407148e+03 -1.50049526e-01 
 1.74403797e+03  1.42178351e+00  1.74403797e+03 -1.52163958e-01 
 1.76423569e+03  1.42178322e+00  1.76423569e+03 -1.54298564e-01 
 1.78466732e+03  1.42178292e+00  1.78466732e+03 -1.56453627e-01 
 1.80533557e+03  1.42178262e+00  1.80533557e+03 -1.58629434e-01 
 1.82624317e+03  1.42178230e+00  1.82624317e+03 -1.60826272e-01 
 1.84739291e+03  1.42178198e+00  1.84739291e+03 -1.63044433e-01 
 1.86878759e+03  1.42178165e+00  1.86878759e+03 -1.65284211e-01 
 1.89043003e+03  1.42178131e+00  1.89043003e+03 -1.67545902e-01 
 1.91232312e+03  1.42178097e+00  1.91232312e+03 -1.69829808e-01 
 1.93446975e+03  1.42178062e+00  1.93446975e+03 -1.72136230e-01 
 1.95687286e+03  1.42178025e+00  1.95687286e+03 -1.74465474e-01 
 1.97953542e+03  1.42177988e+00  1.97953542e+03 -1.76817849e-01 
 2.00246044e+03  1.42177950e+00  2.00246044e+03 -1.79193668e-01 
 2.02565095e+03  1.42177911e+00  2.02565095e+03 -1.81593244e-01 
 2.04911003e+03  1.42177872e+00  2.04911003e+03 -1.84016897e-01 
 2.07284080e+03  1.42177831e+00  2.07284080e+03 -1.86464947e-01 
 2.09684638e+03  1.42177789e+00  2.09684638e+03 -1.88937719e-01 
 2.12112998e+03  1.42177746e+00  2.12112998e+03 -1.91435541e-01 
 2.14569480e+03  1.42177703e+00  2.14569480e+03 -1.93958744e-01 
 2.17054412e+03  1.42177658e+00  2.17054412e+03 -1.96507662e-01 
 2.19568121e+03  1.42177612e+00  2.19568121e+03 -1.99082634e-01 
 2.22110941e+03  1.42177565e+00  2.22110941e+03 -2.01684001e-01 
 2.24683210e+03  1.42177517e+00  2.24683210e+03 -2.04312107e-01 
 2.27285268e+03  1.42177467e+00  2.27285268e+03 -2.06967302e-01 
 2.29917461e+03  1.42177417e+00  2.29917461e+03 -2.09649937e-01 
 2.32580137e+03  1.42177365e+00  2.32580137e+03 -2.12360368e-01 
 2.35273649e+03  1.42177313e+00  2.35273649e+03 -2.15098954e-01 
 2.37998356e+03  1.42177259e+00  2.37998356e+03 -2.17866059e-01 
 2.40754617e+03  1.42177203e+00  2.40754617e+03 -2.20662048e-01 
 2.43542798e+03  1.42177147e+00  2.43542798e+03 -2.23487294e-01 
 2.46363269e+03  1.42177088e+00  2.46363269e+03 -2.26342169e-01 
 2.49216405e+03  1.42177029e+00  2.49216405e+03 -2.29227054e-01 
 2.52102582e+03  1.42176968e+00  2.52102582e+03 -2.32142330e-01 
 2.55022184e+03  1.42176906e+00  2.55022184e+03 -2.35088384e-01 
 2.57975598e+03  1.42176842e+00  2.57975598e+03 -2.38065607e-01 
 2.60963216e+03  1.42176777e+00  2.60963216e+03 -2.41074392e-01 
 2.63985434e+03  1.42176711e+00  2.63985434e+03 -2.44115140e-01 
 2.67042651e+03  1.42176642e+00  2.67042651e+03 -2.47188253e-01 
 2.70135274e+03  1.42176572e+00  2.70135274e+03 -2.50294139e-01 
 2.73263713e+03  1.42176501e+00  2.73263713e+03 -2.53433209e-01 
 2.76428383e+03  1.42176428e+00  2.76428383e+03 -2.56605879e-01 
 2.79629703e+03  1.42176353e+00  2.79629703e+03 -2.59812571e-01 
 2.82868097e+03  1.42176276e+00  2.82868097e+03 -2.63053709e-01 
 2.86143995e+03  1.42176197e+00  2.86143995e+03 -2.66329723e-01 
 2.89457831e+03  1.42176117e+00  2.89457831e+03 -2.69641048e-01 
 2.92810044e+03  1.42176035e+00  2.92810044e+03 -2.72988122e-01 
 2.96201080e+03  1.42175951e+00  2.96201080e+03 -2.76371389e-01 
 2.99631387e+03  1.42175865e+00  2.99631387e+03 -2.79791297e-01 
 3.03101421e+03  1.42175776e+00  3.03101421e+03 -2.83248301e-01 
 3.06611641e+03  1.42175686e+00  3.06611641e+03 -2.86742858e-01 
 3.10162514e+03  1.42175594e+00  3.10162514e+03 -2.90275431e-01 
 3.13754508e+03  1.42175499e+00  3.13754508e+03 -2.93846490e-01 
 3.17388102e+03  1.42175403e+00  3.17388102e+03 -2.97456506e-01 
 3.21063777e+03  1.42175304e+00  3.21063777e+03 -3.01105960e-01 
 3.24782019e+03  1.42175202e+00  3.24782019e+03 -3.04795335e-01 
 3.28543323e+03  1.42175099e+00  3.28543323e+03 -3.08525119e-01 
 3.32348186e+03  1.42174993e+00  3.32348186e+03 -3.12295808e-01 
 3.36197113e+03  1.42174884e+00  3.36197113e+03 -3.16107902e-01 
 3.40090615e+03  1.42174773e+00  3.40090615e+03 -3.19961904e-01 
 3.44029207e+03  1.42174659e+00  3.44029207e+03 -3.23858328e-01 
 3.48013412e+03  1.42174543e+00  3.48013412e+03 -3.27797689e-01 
 3.52043759e+03  1.42174424e+00  3.52043759e+03 -3.31780509e-01 
 3.56120781e+03  1.42174302e+00  3.56120781e+03 -3.35807316e-01 
 3.60245019e+03  1.42174177e+00  3.60245019e+03 -3.39878645e-01 
 3.64417019e+03  1.42174050e+00  3.64417019e+03 -3.43995034e-01 
 3.68637336e+03  1.42173919e+00  3.68637336e+03 -3.48157031e-01 
 3.72906528e+03  1.42173785e+00  3.72906528e+03 -3.52365185e-01 
 3.77225162e+03  1.42173649e+00  3.77225162e+03 -3.56620057e-01 
 3.81593810e+03  1.42173509e+00  3.81593810e+03 -3.60922208e-01 
 3.86013052e+03  1.42173365e+00  3.86013052e+03 -3.65272210e-01 
 3.90483472e+03  1.42173219e+00  3.90483472e+03 -3.69670640e-01 
 3.95005665e+03  1.42173069e+00  3.95005665e+03 -3.74118080e-01 
 3.99580229e+03  1.42172915e+00  3.99580229e+03 -3.78615121e-01 
 4.04207771e+03  1.42172758e+00  4.04207771e+03 -3.83162357e-01 
 4.08888905e+03  1.42172597e+00  4.08888905e+03 -3.87760393e-01 
 4.13624251e+03  1.42172433e+00  4.13624251e+03 -3.92409837e-01 
 4.18414437e+03  1.42172265e+00  4.18414437e+03 -3.97111306e-01 
 4.23260098e+03  1.42172092e+00  4.23260098e+03 -4.01865424e-01 
 4.28161877e+03  1.42171916e+00  4.28161877e+03 -4.06672820e-01 
 4.33120424e+03  1.42171736e+00  4.33120424e+03 -4.11534131e-01 
 4.38136395e+03  1.42171551e+00  4.38136395e+03 -4.16450003e-01 
 4.43210457e+03  1.42171362e+00  4.43210457e+03 -4.21421087e-01 
 4.48343281e+03  1.42171169e+00  4.48343281e+03 -4.26448042e-01 
 4.53535548e+03  1.42170971e+00  4.53535548e+03 -4.31531534e-01 
 4.58787948e+03  1.42170768e+00  4.58787948e+03 -4.36672237e-01 
 4.64101175e+03  1.42170561e+00  4.64101175e+03 -4.41870832e-01 
 4.69475935e+03  1.42170349e+00  4.69475935e+03 -4.47128010e-01 
 4.74912940e+03  1.42170132e+00  4.74912940e+03 -4.52444466e-01 
 4.80412911e+03  1.42169910e+00  4.80412911e+03 -4.57820905e-01 
 4.85976577e+03  1.42169683e+00  4.85976577e+03 -4.63258041e-01 
 4.91604676e+03  1.42169451e+00  4.91604676e+03 -4.68756593e-01 
 4.97297954e+03  1.42169213e+00  4.97297954e+03 -4.74317292e-01 
 5.03057166e+03  1.42168969e+00  5.03057166e+03 -4.79940873e-01 
 5.08883076e+03  1.42168720e+00  5.08883076e+03 -4.85628082e-01 
 5.14776455e+03  1.42168465e+00  5.14776455e+03 -4.91379673e-01 
 5.20738086e+03  1.42168204e+00  5.20738086e+03 -4.97196410e-01 
 5.26768758e+03  1.42167937e+00  5.26768758e+03 -5.03079061e-01 
 5.32869272e+03  1.42167664e+00  5.32869272e+03 -5.09028409e-01 
 5.39040436e+03  1.42167385e+00  5.39040436e+03 -5.15045240e-01 
 5.45283068e+03  1.42167099e+00  5.45283068e+03 -5.21130353e-01 
 5.51597996e+03  1.42166806e+00  5.51597996e+03 -5.27284554e-01 
 5.57986057e+03  1.42166506e+00  5.57986057e+03 -5.33508659e-01 
 5.64448099e+03  1.42166200e+00  5.64448099e+03 -5.39803493e-01 
 5.70984977e+03  1.42165886e+00  5.70984977e+03 -5.46169890e-01 
 5.77597559e+03  1.42165565e+00  5.77597559e+03 -5.52608695e-01 
 5.84286722e+03  1.42165237e+00  5.84286722e+03 -5.59120760e-01 
 5.91053351e+03  1.42164900e+00  5.91053351e+03 -5.65706949e-01 
 5.97898345e+03  1.42164556e+00  5.97898345e+03 -5.72368135e-01 
 6.04822611e+03  1.42164205e+00  6.04822611e+03 -5.79105201e-01 
 6.11827067e+03  1.42163844e+00  6.11827067e+03 -5.85919039e-01 
 6.18912642e+03  1.42163476e+00  6.18912642e+03 -5.92810554e-01 
 6.26080275e+03  1.42163099e+00  6.26080275e+03 -5.99780658e-01 
 6.33330916e+03  1.42162713e+00  6.33330916e+03 -6.06830274e-01 
 6.40665527e+03  1.42162318e+00  6.40665527e+03 -6.13960339e-01 
 6.48085080e+03  1.42161914e+00  6.48085080e+03 -6.21171796e-01 
 6.55590559e+03  1.42161500e+00  6.55590559e+03 -6.28465602e-01 
 6.63182959e+03  1.42161077e+00  6.63182959e+03 -6.35842722e-01 
 6.70863287e+03  1.42160644e+00  6.70863287e+03 -6.43304136e-01 
 6.78632561e+03  1.42160201e+00  6.78632561e+03 -6.50850831e-01 
 6.86491811e+03  1.42159747e+00  6.86491811e+03 -6.58483808e-01 
 6.94442078e+03  1.42159283e+00  6.94442078e+03 -6.66204079e-01 
 7.02484418e+03  1.42158808e+00  7.02484418e+03 -6.74012667e-01 
 7.10619897e+03  1.42158322e+00  7.10619897e+03 -6.81910606e-01 
 7.18849592e+03  1.42157825e+00  7.18849592e+03 -6.89898944e-01 
 7.27174595e+03  1.42157316e+00  7.27174595e+03 -6.97978739e-01 
 7.35596011e+03  1.42156796e+00  7.35596011e+03 -7.06151062e-01 
 7.44114955e+03  1.42156263e+00  7.44114955e+03 -7.14416996e-01 
 7.52732557e+03  1.42155718e+00  7.52732557e+03 -7.22777637e-01 
 7.61449959e+03  1.42155160e+00  7.61449959e+03 -7.31234092e-01 
 7.70268318e+03  1.42154589e+00  7.70268318e+03 -7.39787482e-01 
 7.79188802e+03  1.42154005e+00  7.79188802e+03 -7.48438941e-01 
 7.88212595e+03  1.42153407e+00  7.88212595e+03 -7.57189615e-01 
 7.97340892e+03  1.42152795e+00  7.97340892e+03 -7.66040664e-01 
 8.06574904e+03  1.42152169e+00  8.06574904e+03 -7.74993261e-01 
 8.15915855e+03  1.42151529e+00  8.15915855e+03 -7.84048592e-01 
 8.25364983e+03  1.42150873e+00  8.25364983e+03 -7.93207857e-01 
 8.34923543e+03  1.42150202e+00  8.34923543e+03 -8.02472270e-01 
 8.44592800e+03  1.42149516e+00  8.44592800e+03 -8.11843058e-01 
 8.54374036e+03  1.42148814e+00  8.54374036e+03 -8.21321464e-01 
 8.64268550e+03  1.42148095e+00  8.64268550e+03 -8.30908743e-01 
 8.74277651e+03  1.42147360e+00  8.74277651e+03 -8.40606165e-01 
 8.84402669e+03  1.42146607e+00  8.84402669e+03 -8.50415016e-01 
 8.94644944e+03  1.42145837e+00  8.94644944e+03 -8.60336595e-01 
 9.05005835e+03  1.42145049e+00  9.05005835e+03 -8.70372217e-01 
 9.15486716e+03  1.42144242e+00  9.15486716e+03 -8.80523211e-01 
 9.26088975e+03  1.42143417e+00  9.26088975e+03 -8.90790923e-01 
 9.36814020e+03  1.42142573e+00  9.36814020e+03 -9.01176713e-01 
 9.47663271e+03  1.42141709e+00  9.47663271e+03 -9.11681957e-01 
 9.58638168e+03  1.42140824e+00  9.58638168e+03 -9.22308047e-01 
 9.69740165e+03  1.42139920e+00  9.69740165e+03 -9.33056390e-01 
 9.80970735e+03  1.42138994e+00  9.80970735e+03 -9.43928411e-01 
 9.92331366e+03  1.42138046e+00  9.92331366e+03 -9.54925550e-01 
 1.00382356e+04  1.42137077e+00  1.00382356e+04 -9.66049265e-01 
 1.01544885e+04  1.42136085e+00  1.01544885e+04 -9.77301027e-01 
 1.02720878e+04  1.42135069e+00  1.02720878e+04 -9.88682329e-01 
 1.03910489e+04  1.42134031e+00  1.03910489e+04 -1.00019468e+00 
 1.05113877e+04  1.42132968e+00  1.05113877e+04 -1.01183960e+00 
 1.06331202e+04  1.42131880e+00  1.06331202e+04 -1.02361864e+00 
 1.07562625e+04  1.42130767e+00  1.07562625e+04 -1.03553335e+00 
 1.08808308e+04  1.42129628e+00  1.08808308e+04 -1.04758531e+00 
 1.10068418e+04  1.42128462e+00  1.10068418e+04 -1.05977612e+00 
 1.11343122e+04  1.42127269e+00  1.11343122e+04 -1.07210740e+00 
 1.12632587e+04  1.42126049e+00  1.12632587e+04 -1.08458078e+00 
 1.13936986e+04  1.42124800e+00  1.13936986e+04 -1.09719790e+00 
 1.15256492e+04  1.42123522e+00  1.15256492e+04 -1.10996045e+00 
 1.16591278e+04  1.42122214e+00  1.16591278e+04 -1.12287011e+00 
 1.17941523e+04  1.42120876e+00  1.17941523e+04 -1.13592859e+00 
 1.19307404e+04  1.42119507e+00  1.19307404e+04 -1.14913762e+00 
 1.20689105e+04  1.42118105e+00  1.20689105e+04 -1.16249895e+00 
 1.22086806e+04  1.42116672e+00  1.22086806e+04 -1.17601435e+00 
 1.23500695e+04  1.42115204e+00  1.23500695e+04 -1.18968561e+00 
 1.24930957e+04  1.42113703e+00  1.24930957e+04 -1.20351454e+00 
 1.26377784e+04  1.42112166e+00  1.26377784e+04 -1.21750297e+00 
 1.27841366e+04  1.42110594e+00  1.27841366e+04 -1.23165275e+00 
 1.29321898e+04  1.42108985e+00  1.29321898e+04 -1.24596576e+00 
 1.30819576e+04  1.42107339e+00  1.30819576e+04 -1.26044389e+00 
 1.32334599e+04  1.42105655e+00  1.32334599e+04 -1.27508906e+00 
 1.33867167e+04  1.42103931e+00  1.33867167e+04 -1.28990321e+00 
 1.35417484e+04  1.42102167e+00  1.35417484e+04 -1.30488830e+00 
 1.36985755e+04  1.42100362e+00  1.36985755e+04 -1.32004632e+00 
 1.38572188e+04  1.42098515e+00  1.38572188e+04 -1.33537926e+00 
 1.40176994e+04  1.42096625e+00  1.40176994e+04 -1.35088916e+00 
 1.41800385e+04  1.42094691e+00  1.41800385e+04 -1.36657808e+00 
 1.43442576e+04  1.42092712e+00  1.43442576e+04 -1.38244809e+00 
 1.45103786e+04  1.42090687e+00  1.45103786e+04 -1.39850128e+00 
 1.46784234e+04  1.42088614e+00  1.46784234e+04 -1.41473980e+00 
 1.48484144e+04  1.42086494e+00  1.48484144e+04 -1.43116578e+00 
 1.50203740e+04  1.42084324e+00  1.50203740e+04 -1.44778139e+00 
 1.51943251e+04  1.42082104e+00  1.51943251e+04 -1.46458885e+00 
 1.53702907e+04  1.42079832e+00  1.53702907e+04 -1.48159037e+00 
 1.55482942e+04  1.42077507e+00  1.55482942e+04 -1.49878820e+00 
 1.57283591e+04  1.42075128e+00  1.57283591e+04 -1.51618462e+00 
 1.59105094e+04  1.42072693e+00  1.59105094e+04 -1.53378193e+00 
 1.60947691e+04  1.42070202e+00  1.60947691e+04 -1.55158246e+00 
 1.62811628e+04  1.42067653e+00  1.62811628e+04 -1.56958856e+00 
 1.64697151e+04  1.42065044e+00  1.64697151e+04 -1.58780262e+00 
 1.66604510e+04  1.42062375e+00  1.66604510e+04 -1.60622705e+00 
 1.68533958e+04  1.42059644e+00  1.68533958e+04 -1.62486428e+00 
 1.70485751e+04  1.42056849e+00  1.70485751e+04 -1.64371677e+00 
 1.72460148e+04  1.42053989e+00  1.72460148e+04 -1.66278704e+00 
 1.74457411e+04  1.42051063e+00  1.74457411e+04 -1.68207758e+00 
 1.76477804e+04  1.42048068e+00  1.76477804e+04 -1.70159097e+00 
 1.78521595e+04  1.42045004e+00  1.78521595e+04 -1.72132977e+00 
 1.80589055e+04  1.42041868e+00  1.80589055e+04 -1.74129661e+00 
 1.82680458e+04  1.42038660e+00  1.82680458e+04 -1.76149411e+00 
 1.84796082e+04  1.42035376e+00  1.84796082e+04 -1.78192495e+00 
 1.86936208e+04  1.42032017e+00  1.86936208e+04 -1.80259183e+00 
 1.89101117e+04  1.42028579e+00  1.89101117e+04 -1.82349749e+00 
 1.91291099e+04  1.42025061e+00  1.91291099e+04 -1.84464468e+00 
 1.93506443e+04  1.42021461e+00  1.93506443e+04 -1.86603621e+00 
 1.95747443e+04  1.42017778e+00  1.95747443e+04 -1.88767490e+00 
 1.98014396e+04  1.42014009e+00  1.98014396e+04 -1.90956361e+00 
 2.00307602e+04  1.42010152e+00  2.00307602e+04 -1.93170524e+00 
 2.02627366e+04  1.42006206e+00  2.02627366e+04 -1.95410271e+00 
 2.04973996e+04  1.42002167e+00  2.04973996e+04 -1.97675898e+00 
 2.07347801e+04  1.41998035e+00  2.07347801e+04 -1.99967705e+00 
 2.09749098e+04  1.41993806e+00  2.09749098e+04 -2.02285994e+00 
 2.12178204e+04  1.41989480e+00  2.12178204e+04 -2.04631072e+00 
 2.14635442e+04  1.41985052e+00  2.14635442e+04 -2.07003249e+00 
 2.17121137e+04  1.41980522e+00  2.17121137e+04 -2.09402837e+00 
 2.19635619e+04  1.41975886e+00  2.19635619e+04 -2.11830154e+00 
 2.22179221e+04  1.41971142e+00  2.22179221e+04 -2.14285521e+00 
 2.24752280e+04  1.41966288e+00  2.24752280e+04 -2.16769262e+00 
 2.27355138e+04  1.41961321e+00  2.27355138e+04 -2.19281704e+00 
 2.29988140e+04  1.41956239e+00  2.29988140e+04 -2.21823180e+00 
 2.32651635e+04  1.41951038e+00  2.32651635e+04 -2.24394025e+00 
 2.35345976e+04  1.41945717e+00  2.35345976e+04 -2.26994579e+00 
 2.38071520e+04  1.41940272e+00  2.38071520e+04 -2.29625184e+00 
 2.40828628e+04  1.41934700e+00  2.40828628e+04 -2.32286189e+00 
 2.43617666e+04  1.41928998e+00  2.43617666e+04 -2.34977944e+00 
 2.46439005e+04  1.41923164e+00  2.46439005e+04 -2.37700804e+00 
 2.49293017e+04  1.41917194e+00  2.49293017e+04 -2.40455129e+00 
 2.52180082e+04  1.41911086e+00  2.52180082e+04 -2.43241282e+00 
 2.55100581e+04  1.41904835e+00  2.55100581e+04 -2.46059632e+00 
 2.58054904e+04  1.41898440e+00  2.58054904e+04 -2.48910548e+00 
 2.61043440e+04  1.41891895e+00  2.61043440e+04 -2.51794409e+00 
 2.64066586e+04  1.41885199e+00  2.64066586e+04 -2.54711593e+00 
 2.67124744e+04  1.41878346e+00  2.67124744e+04 -2.57662485e+00 
 2.70218318e+04  1.41871335e+00  2.70218318e+04 -2.60647476e+00 
 2.73347718e+04  1.41864160e+00  2.73347718e+04 -2.63666957e+00 
 2.76513361e+04  1.41856819e+00  2.76513361e+04 -2.66721328e+00 
 2.79715664e+04  1.41849307e+00  2.79715664e+04 -2.69810990e+00 
 2.82955054e+04  1.41841621e+00  2.82955054e+04 -2.72936352e+00 
 2.86231959e+04  1.41833756e+00  2.86231959e+04 -2.76097823e+00 
 2.89546814e+04  1.41825708e+00  2.89546814e+04 -2.79295822e+00 
 2.92900058e+04  1.41817474e+00  2.92900058e+04 -2.82530769e+00 
 2.96292136e+04  1.41809048e+00  2.96292136e+04 -2.85803091e+00 
 2.99723498e+04  1.41800426e+00  2.99723498e+04 -2.89113218e+00 
 3.03194599e+04  1.41791604e+00  3.03194599e+04 -2.92461586e+00 
 3.06705898e+04  1.41782577e+00  3.06705898e+04 -2.95848636e+00 
 3.10257862e+04  1.41773341e+00  3.10257862e+04 -2.99274813e+00 
 3.13850961e+04  1.41763890e+00  3.13850961e+04 -3.02740569e+00 
 3.17485672e+04  1.41754219e+00  3.17485672e+04 -3.06246359e+00 
 3.21162476e+04  1.41744324e+00  3.21162476e+04 -3.09792645e+00 
 3.24881861e+04  1.41734199e+00  3.24881861e+04 -3.13379893e+00 
 3.28644321e+04  1.41723839e+00  3.28644321e+04 -3.17008575e+00 
 3.32450354e+04  1.41713239e+00  3.32450354e+04 -3.20679167e+00 
 3.36300464e+04  1.41702392e+00  3.36300464e+04 -3.24392153e+00 
 3.40195163e+04  1.41691294e+00  3.40195163e+04 -3.28148020e+00 
 3.44134966e+04  1.41679938e+00  3.44134966e+04 -3.31947261e+00 
 3.48120396e+04  1.41668319e+00  3.48120396e+04 -3.35790377e+00 
 3.52151982e+04  1.41656430e+00  3.52151982e+04 -3.39677871e+00 
 3.56230257e+04  1.41644265e+00  3.56230257e+04 -3.43610254e+00 
 3.60355763e+04  1.41631818e+00  3.60355763e+04 -3.47588043e+00 
 3.64529046e+04  1.41619082e+00  3.64529046e+04 -3.51611759e+00 
 3.68750660e+04  1.41606051e+00  3.68750660e+04 -3.55681930e+00 
 3.73021165e+04  1.41592718e+00  3.73021165e+04 -3.59799090e+00 
 3.77341126e+04  1.41579075e+00  3.77341126e+04 -3.63963780e+00 
 3.81711117e+04  1.41565116e+00  3.81711117e+04 -3.68176545e+00 
 3.86131717e+04  1.41550833e+00  3.86131717e+04 -3.72437938e+00 
 3.90603512e+04  1.41536219e+00  3.90603512e+04 -3.76748517e+00 
 3.95127095e+04  1.41521267e+00  3.95127095e+04 -3.81108846e+00 
 3.99703065e+04  1.41505967e+00  3.99703065e+04 -3.85519498e+00 
 4.04332030e+04  1.41490314e+00  4.04332030e+04 -3.89981049e+00 
 4.09014603e+04  1.41474297e+00  4.09014603e+04 -3.94494084e+00 
 4.13751404e+04  1.41457909e+00  4.13751404e+04 -3.99059193e+00 
 4.18543063e+04  1.41441142e+00  4.18543063e+04 -4.03676974e+00 
 4.23390214e+04  1.41423986e+00  4.23390214e+04 -4.08348030e+00 
 4.28293500e+04  1.41406433e+00  4.28293500e+04 -4.13072972e+00 
 4.33253571e+04  1.41388473e+00  4.33253571e+04 -4.17852418e+00 
 4.38271084e+04  1.41370098e+00  4.38271084e+04 -4.22686993e+00 
 4.43346705e+04  1.41351297e+00  4.43346705e+04 -4.27577327e+00 
 4.48481108e+04  1.41332060e+00  4.48481108e+04 -4.32524060e+00 
 4.53674971e+04  1.41312379e+00  4.53674971e+04 -4.37527836e+00 
 4.58928985e+04  1.41292242e+00  4.58928985e+04 -4.42589310e+00 
 4.64243846e+04  1.41271639e+00  4.64243846e+04 -4.47709141e+00 
 4.69620258e+04  1.41250560e+00  4.69620258e+04 -4.52887997e+00 
 4.75058934e+04  1.41228992e+00  4.75058934e+04 -4.58126553e+00 
 4.80560596e+04  1.41206926e+00  4.80560596e+04 -4.63425491e+00 
 4.86125973e+04  1.41184350e+00  4.86125973e+04 -4.68785502e+00 
 4.91755802e+04  1.41161252e+00  4.91755802e+04 -4.74207283e+00 
 4.97450830e+04  1.41137620e+00  4.97450830e+04 -4.79691539e+00 
 5.03211813e+04  1.41113442e+00  5.03211813e+04 -4.85238985e+00 
 5.09039513e+04  1.41088705e+00  5.09039513e+04 -4.90850341e+00 
 5.14934704e+04  1.41063396e+00  5.14934704e+04 -4.96526337e+00 
 5.20898168e+04  1.41037503e+00  5.20898168e+04 -5.02267709e+00 
 5.26930694e+04  1.41011012e+00  5.26930694e+04 -5.08075204e+00 
 5.33033083e+04  1.40983909e+00  5.33033083e+04 -5.13949575e+00 
 5.39206144e+04  1.40956181e+00  5.39206144e+04 -5.19891584e+00 
 5.45450695e+04  1.40927812e+00  5.45450695e+04 -5.25902001e+00 
 5.51767564e+04  1.40898789e+00  5.51767564e+04 -5.31981606e+00 
 5.58157589e+04  1.40869096e+00  5.58157589e+04 -5.38131185e+00 
 5.64621617e+04  1.40838719e+00  5.64621617e+04 -5.44351535e+00 
 5.71160505e+04  1.40807641e+00  5.71160505e+04 -5.50643460e+00 
 5.77775120e+04  1.40775846e+00  5.77775120e+04 -5.57007774e+00 
 5.84466339e+04  1.40743319e+00  5.84466339e+04 -5.63445299e+00 
 5.91235049e+04  1.40710042e+00  5.91235049e+04 -5.69956867e+00 
 5.98082147e+04  1.40675999e+00  5.98082147e+04 -5.76543318e+00 
 6.05008542e+04  1.40641171e+00  6.05008542e+04 -5.83205502e+00 
 6.12015151e+04  1.40605542e+00  6.12015151e+04 -5.89944278e+00 
 6.19102904e+04  1.40569092e+00  6.19102904e+04 -5.96760514e+00 
 6.26272740e+04  1.40531803e+00  6.26272740e+04 -6.03655087e+00 
 6.33525610e+04  1.40493657e+00  6.33525610e+04 -6.10628885e+00 
 6.40862476e+04  1.40454633e+00  6.40862476e+04 -6.17682805e+00 
 6.48284310e+04  1.40414712e+00  6.48284310e+04 -6.24817752e+00 
 6.55792097e+04  1.40373873e+00  6.55792097e+04 -6.32034642e+00 
 6.63386831e+04  1.40332096e+00  6.63386831e+04 -6.39334402e+00 
 6.71069519e+04  1.40289359e+00  6.71069519e+04 -6.46717968e+00 
 6.78841182e+04  1.40245641e+00  6.78841182e+04 -6.54186285e+00 
 6.86702847e+04  1.40200918e+00  6.86702847e+04 -6.61740310e+00 
 6.94655559e+04  1.40155170e+00  6.94655559e+04 -6.69381009e+00 
 7.02700371e+04  1.40108372e+00  7.02700371e+04 -6.77109358e+00 
 7.10838351e+04  1.40060500e+00  7.10838351e+04 -6.84926344e+00 
 7.19070576e+04  1.40011531e+00  7.19070576e+04 -6.92832965e+00 
 7.27398139e+04  1.39961440e+00  7.27398139e+04 -7.00830228e+00 
 7.35822143e+04  1.39910201e+00  7.35822143e+04 -7.08919153e+00 
 7.44343706e+04  1.39857789e+00  7.44343706e+04 -7.17100768e+00 
 7.52963957e+04  1.39804177e+00  7.52963957e+04 -7.25376115e+00 
 7.61684039e+04  1.39749338e+00  7.61684039e+04 -7.33746243e+00 
 7.70505109e+04  1.39693245e+00  7.70505109e+04 -7.42212216e+00 
 7.79428335e+04  1.39635869e+00  7.79428335e+04 -7.50775106e+00 
 7.88454902e+04  1.39577182e+00  7.88454902e+04 -7.59435998e+00 
 7.97586005e+04  1.39517154e+00  7.97586005e+04 -7.68195987e+00 
 8.06822855e+04  1.39455755e+00  8.06822855e+04 -7.77056182e+00 
 8.16166678e+04  1.39392955e+00  8.16166678e+04 -7.86017700e+00 
 8.25618712e+04  1.39328723e+00  8.25618712e+04 -7.95081673e+00 
 8.35180209e+04  1.39263025e+00  8.35180209e+04 -8.04249240e+00 
 8.44852439e+04  1.39195830e+00  8.44852439e+04 -8.13521557e+00 
 8.54636682e+04  1.39127105e+00  8.54636682e+04 -8.22899789e+00 
 8.64534237e+04  1.39056814e+00  8.64534237e+04 -8.32385113e+00 
 8.74546416e+04  1.38984924e+00  8.74546416e+04 -8.41978718e+00 
 8.84674546e+04  1.38911399e+00  8.84674546e+04 -8.51681806e+00 
 8.94919970e+04  1.38836202e+00  8.94919970e+04 -8.61495590e+00 
 9.05284046e+04  1.38759297e+00  9.05284046e+04 -8.71421297e+00 
 9.15768148e+04  1.38680645e+00  9.15768148e+04 -8.81460164e+00 
 9.26373667e+04  1.38600208e+00  9.26373667e+04 -8.91613443e+00 
 9.37102009e+04  1.38517946e+00  9.37102009e+04 -9.01882396e+00 
 9.47954596e+04  1.38433820e+00  9.47954596e+04 -9.12268300e+00 
 9.58932866e+04  1.38347788e+00  9.58932866e+04 -9.22772442e+00 
 9.70038276e+04  1.38259808e+00  9.70038276e+04 -9.33396125e+00 
 9.81272298e+04  1.38169837e+00  9.81272298e+04 -9.44140663e+00 
 9.92636421e+04  1.38077831e+00  9.92636421e+04 -9.55007382e+00 
 1.00413215e+05  1.37983747e+00  1.00413215e+05 -9.65997623e+00 
 1.01576102e+05  1.37887538e+00  1.01576102e+05 -9.77112739e+00 
 1.02752455e+05  1.37789157e+00  1.02752455e+05 -9.88354097e+00 
 1.03942432e+05  1.37688558e+00  1.03942432e+05 -9.99723076e+00 
 1.05146191e+05  1.37585692e+00  1.05146191e+05 -1.01122107e+01 
 1.06363890e+05  1.37480510e+00  1.06363890e+05 -1.02284948e+01 
 1.07595691e+05  1.37372961e+00  1.07595691e+05 -1.03460974e+01 
 1.08841757e+05  1.37262994e+00  1.08841757e+05 -1.04650327e+01 
 1.10102255e+05  1.37150556e+00  1.10102255e+05 -1.05853152e+01 
 1.11377350e+05  1.37035594e+00  1.11377350e+05 -1.07069595e+01 
 1.12667212e+05  1.36918053e+00  1.12667212e+05 -1.08299804e+01 
 1.13972012e+05  1.36797877e+00  1.13972012e+05 -1.09543927e+01 
 1.15291923e+05  1.36675011e+00  1.15291923e+05 -1.10802116e+01 
 1.16627120e+05  1.36549395e+00  1.16627120e+05 -1.12074520e+01 
 1.17977779e+05  1.36420972e+00  1.17977779e+05 -1.13361294e+01 
 1.19344081e+05  1.36289680e+00  1.19344081e+05 -1.14662592e+01 
 1.20726206e+05  1.36155458e+00  1.20726206e+05 -1.15978570e+01 
 1.22124337e+05  1.36018244e+00  1.22124337e+05 -1.17309385e+01 
 1.23538660e+05  1.35877974e+00  1.23538660e+05 -1.18655195e+01 
 1.24969363e+05  1.35734582e+00  1.24969363e+05 -1.20016162e+01 
 1.26416634e+05  1.35588003e+00  1.26416634e+05 -1.21392446e+01 
 1.27880666e+05  1.35438170e+00  1.27880666e+05 -1.22784210e+01 
 1.29361653e+05  1.35285012e+00  1.29361653e+05 -1.24191619e+01 
 1.30859792e+05  1.35128460e+00  1.30859792e+05 -1.25614840e+01 
 1.32375280e+05  1.34968443e+00  1.32375280e+05 -1.27054038e+01 
 1.33908319e+05  1.34804887e+00  1.33908319e+05 -1.28509384e+01 
 1.35459113e+05  1.34637718e+00  1.35459113e+05 -1.29981046e+01 
 1.37027866e+05  1.34466861e+00  1.37027866e+05 -1.31469199e+01 
 1.38614787e+05  1.34292239e+00  1.38614787e+05 -1.32974013e+01 
 1.40220086e+05  1.34113773e+00  1.40220086e+05 -1.34495665e+01 
 1.41843976e+05  1.33931383e+00  1.41843976e+05 -1.36034329e+01 
 1.43486672e+05  1.33744988e+00  1.43486672e+05 -1.37590185e+01 
 1.45148393e+05  1.33554505e+00  1.45148393e+05 -1.39163411e+01 
 1.46829358e+05  1.33359849e+00  1.46829358e+05 -1.40754188e+01 
 1.48529790e+05  1.33160936e+00  1.48529790e+05 -1.42362697e+01 
 1.50249915e+05  1.32957676e+00  1.50249915e+05 -1.43989123e+01 
 1.51989960e+05  1.32749982e+00  1.51989960e+05 -1.45633650e+01 
 1.53750157e+05  1.32537763e+00  1.53750157e+05 -1.47296466e+01 
 1.55530739e+05  1.32320926e+00  1.55530739e+05 -1.48977758e+01 
 1.57331942e+05  1.32099378e+00  1.57331942e+05 -1.50677715e+01 
 1.59154005e+05  1.31873022e+00  1.59154005e+05 -1.52396530e+01 
 1.60997169e+05  1.31641763e+00  1.60997169e+05 -1.54134394e+01 
 1.62861678e+05  1.31405502e+00  1.62861678e+05 -1.55891501e+01 
 1.64747781e+05  1.31164137e+00  1.64747781e+05 -1.57668047e+01 
 1.66655726e+05  1.30917567e+00  1.66655726e+05 -1.59464229e+01 
 1.68585768e+05  1.30665687e+00  1.68585768e+05 -1.61280246e+01 
 1.70538161e+05  1.30408392e+00  1.70538161e+05 -1.63116297e+01 
 1.72513165e+05  1.30145575e+00  1.72513165e+05 -1.64972583e+01 
 1.74511042e+05  1.29877127e+00  1.74511042e+05 -1.66849309e+01 
 1.76532055e+05  1.29602935e+00  1.76532055e+05 -1.68746678e+01 
 1.78576475e+05  1.29322888e+00  1.78576475e+05 -1.70664896e+01 
 1.80644570e+05  1.29036871e+00  1.80644570e+05 -1.72604171e+01 
 1.82736617e+05  1.28744767e+00  1.82736617e+05 -1.74564711e+01 
 1.84852891e+05  1.28446458e+00  1.84852891e+05 -1.76546727e+01 
 1.86993674e+05  1.28141823e+00  1.86993674e+05 -1.78550431e+01 
 1.89159250e+05  1.27830741e+00  1.89159250e+05 -1.80576035e+01 
 1.91349905e+05  1.27513087e+00  1.91349905e+05 -1.82623754e+01 
 1.93565930e+05  1.27188736e+00  1.93565930e+05 -1.84693805e+01 
 1.95807618e+05  1.26857559e+00  1.95807618e+05 -1.86786404e+01 
 1.98075268e+05  1.26519426e+00  1.98075268e+05 -1.88901772e+01 
 2.00369179e+05  1.26174206e+00  2.00369179e+05 -1.91040128e+01 
 2.02689657e+05  1.25821765e+00  2.02689657e+05 -1.93201694e+01 
 2.05037007e+05  1.25461966e+00  2.05037007e+05 -1.95386694e+01 
 2.07411543e+05  1.25094673e+00  2.07411543e+05 -1.97595351e+01 
 2.09813578e+05  1.24719745e+00  2.09813578e+05 -1.99827893e+01 
 2.12243431e+05  1.24337040e+00  2.12243431e+05 -2.02084546e+01 
 2.14701424e+05  1.23946415e+00  2.14701424e+05 -2.04365539e+01 
 2.17187883e+05  1.23547723e+00  2.17187883e+05 -2.06671103e+01 
 2.19703138e+05  1.23140817e+00  2.19703138e+05 -2.09001468e+01 
 2.22247522e+05  1.22725546e+00  2.22247522e+05 -2.11356869e+01 
 2.24821372e+05  1.22301758e+00  2.24821372e+05 -2.13737538e+01 
 2.27425030e+05  1.21869300e+00  2.27425030e+05 -2.16143712e+01 
 2.30058842e+05  1.21428014e+00  2.30058842e+05 -2.18575626e+01 
 2.32723155e+05  1.20977743e+00  2.32723155e+05 -2.21033521e+01 
 2.35418324e+05  1.20518325e+00  2.35418324e+05 -2.23517634e+01 
 2.38144706e+05  1.20049599e+00  2.38144706e+05 -2.26028207e+01 
 2.40902662e+05  1.19571399e+00  2.40902662e+05 -2.28565481e+01 
 2.43692558e+05  1.19083559e+00  2.43692558e+05 -2.31129700e+01 
 2.46514763e+05  1.18585910e+00  2.46514763e+05 -2.33721108e+01 
 2.49369653e+05  1.18078280e+00  2.49369653e+05 -2.36339951e+01 
 2.52257605e+05  1.17560497e+00  2.52257605e+05 -2.38986476e+01 
 2.55179003e+05  1.17032386e+00  2.55179003e+05 -2.41660931e+01 
 2.58134233e+05  1.16493769e+00  2.58134233e+05 -2.44363565e+01 
 2.61123688e+05  1.15944466e+00  2.61123688e+05 -2.47094628e+01 
 2.64147764e+05  1.15384296e+00  2.64147764e+05 -2.49854373e+01 
 2.67206861e+05  1.14813075e+00  2.67206861e+05 -2.52643052e+01 
 2.70301386e+05  1.14230618e+00  2.70301386e+05 -2.55460918e+01 
 2.73431749e+05  1.13636736e+00  2.73431749e+05 -2.58308227e+01 
 2.76598365e+05  1.13031239e+00  2.76598365e+05 -2.61185234e+01 
 2.79801653e+05  1.12413936e+00  2.79801653e+05 -2.64092197e+01 
 2.83042038e+05  1.11784632e+00  2.83042038e+05 -2.67029374e+01 
 2.86319950e+05  1.11143130e+00  2.86319950e+05 -2.69997023e+01 
 2.89635824e+05  1.10489234e+00  2.89635824e+05 -2.72995405e+01 
 2.92990099e+05  1.09822741e+00  2.92990099e+05 -2.76024781e+01 
 2.96383220e+05  1.09143450e+00  2.96383220e+05 -2.79085413e+01 
 2.99815637e+05  1.08451157e+00  2.99815637e+05 -2.82177563e+01 
 3.03287805e+05  1.07745654e+00  3.03287805e+05 -2.85301496e+01 
 3.06800183e+05  1.07026734e+00  3.06800183e+05 -2.88457476e+01 
 3.10353239e+05  1.06294186e+00  3.10353239e+05 -2.91645769e+01 
 3.13947443e+05  1.05547797e+00  3.13947443e+05 -2.94866641e+01 
 3.17583271e+05  1.04787354e+00  3.17583271e+05 -2.98120359e+01 
 3.21261205e+05  1.04012640e+00  3.21261205e+05 -3.01407191e+01 
 3.24981734e+05  1.03223437e+00  3.24981734e+05 -3.04727406e+01 
 3.28745351e+05  1.02419525e+00  3.28745351e+05 -3.08081273e+01 
 3.32552554e+05  1.01600682e+00  3.32552554e+05 -3.11469062e+01 
 3.36403848e+05  1.00766685e+00  3.36403848e+05 -3.14891044e+01 
 3.40299744e+05  9.99173076e-01  3.40299744e+05 -3.18347490e+01 
 3.44240758e+05  9.90523236e-01  3.44240758e+05 -3.21838672e+01 
 3.48227413e+05  9.81715038e-01  3.48227413e+05 -3.25364862e+01 
 3.52260238e+05  9.72746178e-01  3.52260238e+05 -3.28926334e+01 
 3.56339767e+05  9.63614332e-01  3.56339767e+05 -3.32523360e+01 
 3.60466541e+05  9.54317165e-01  3.60466541e+05 -3.36156216e+01 
 3.64641107e+05  9.44852323e-01  3.64641107e+05 -3.39825174e+01 
 3.68864019e+05  9.35217439e-01  3.68864019e+05 -3.43530510e+01 
 3.73135837e+05  9.25410130e-01  3.73135837e+05 -3.47272499e+01 
 3.77457126e+05  9.15428002e-01  3.77457126e+05 -3.51051415e+01 
 3.81828460e+05  9.05268644e-01  3.81828460e+05 -3.54867535e+01 
 3.86250419e+05  8.94929634e-01  3.86250419e+05 -3.58721135e+01 
 3.90723589e+05  8.84408539e-01  3.90723589e+05 -3.62612490e+01 
 3.95248562e+05  8.73702912e-01  3.95248562e+05 -3.66541877e+01 
 3.99825939e+05  8.62810299e-01  3.99825939e+05 -3.70509571e+01 
 4.04456327e+05  8.51728231e-01  4.04456327e+05 -3.74515850e+01 
 4.09140339e+05  8.40454234e-01  4.09140339e+05 -3.78560989e+01 
 4.13878597e+05  8.28985824e-01  4.13878597e+05 -3.82645264e+01 
 4.18671729e+05  8.17320510e-01  4.18671729e+05 -3.86768952e+01 
 4.23520370e+05  8.05455792e-01  4.23520370e+05 -3.90932330e+01 
 4.28425163e+05  7.93389167e-01  4.28425163e+05 -3.95135672e+01 
 4.33386759e+05  7.81118126e-01  4.33386759e+05 -3.99379255e+01 
 4.38405814e+05  7.68640156e-01  4.38405814e+05 -4.03663355e+01 
 4.43482996e+05  7.55952742e-01  4.43482996e+05 -4.07988246e+01 
 4.48618977e+05  7.43053367e-01  4.48618977e+05 -4.12354204e+01 
 4.53814437e+05  7.29939512e-01  4.53814437e+05 -4.16761503e+01 
 4.59070066e+05  7.16608661e-01  4.59070066e+05 -4.21210418e+01 
 4.64386560e+05  7.03058298e-01  4.64386560e+05 -4.25701222e+01 
 4.69764625e+05  6.89285911e-01  4.69764625e+05 -4.30234189e+01 
 4.75204974e+05  6.75288992e-01  4.75204974e+05 -4.34809591e+01 
 4.80708327e+05  6.61065039e-01  4.80708327e+05 -4.39427701e+01 
 4.86275414e+05  6.46611558e-01  4.86275414e+05 -4.44088791e+01 
 4.91906974e+05  6.31926061e-01  4.91906974e+05 -4.48793131e+01 
 4.97603753e+05  6.17006073e-01  4.97603753e+05 -4.53540993e+01 
 5.03366507e+05  6.01849129e-01  5.03366507e+05 -4.58332647e+01 
 5.09195999e+05  5.86452777e-01  5.09195999e+05 -4.63168360e+01 
 5.15093002e+05  5.70814581e-01  5.15093002e+05 -4.68048403e+01 
 5.21058299e+05  5.54932121e-01  5.21058299e+05 -4.72973043e+01 
 5.27092679e+05  5.38802993e-01  5.27092679e+05 -4.77942546e+01 
 5.33196944e+05  5.22424817e-01  5.33196944e+05 -4.82957180e+01 
 5.39371903e+05  5.05795230e-01  5.39371903e+05 -4.88017209e+01 
 5.45618374e+05  4.88911895e-01  5.45618374e+05 -4.93122899e+01 
 5.51937185e+05  4.71772499e-01  5.51937185e+05 -4.98274513e+01 
 5.58329174e+05  4.54374758e-01  5.58329174e+05 -5.03472316e+01 
 5.64795189e+05  4.36716413e-01  5.64795189e+05 -5.08716568e+01 
 5.71336088e+05  4.18795239e-01  5.71336088e+05 -5.14007533e+01 
 5.77952736e+05  4.00609042e-01  5.77952736e+05 -5.19345471e+01 
 5.84646012e+05  3.82155662e-01  5.84646012e+05 -5.24730643e+01 
 5.91416802e+05  3.63432976e-01  5.91416802e+05 -5.30163307e+01 
 5.98266006e+05  3.44438899e-01  5.98266006e+05 -5.35643724e+01 
 6.05194529e+05  3.25171386e-01  6.05194529e+05 -5.41172151e+01 
 6.12203293e+05  3.05628433e-01  6.12203293e+05 -5.46748847e+01 
 6.19293224e+05  2.85808080e-01  6.19293224e+05 -5.52374068e+01 
 6.26465265e+05  2.65708414e-01  6.26465265e+05 -5.58048070e+01 
 6.33720365e+05  2.45327568e-01  6.33720365e+05 -5.63771111e+01 
 6.41059486e+05  2.24663723e-01  6.41059486e+05 -5.69543447e+01 
 6.48483601e+05  2.03715113e-01  6.48483601e+05 -5.75365332e+01 
 6.55993696e+05  1.82480023e-01  6.55993696e+05 -5.81237022e+01 
 6.63590765e+05  1.60956791e-01  6.63590765e+05 -5.87158772e+01 
 6.71275815e+05  1.39143813e-01  6.71275815e+05 -5.93130838e+01 
 6.79049866e+05  1.17039541e-01  6.79049866e+05 -5.99153474e+01 
 6.86913949e+05  9.46424852e-02  6.86913949e+05 -6.05226935e+01 
 6.94869105e+05  7.19512149e-02  6.94869105e+05 -6.11351478e+01 
 7.02916391e+05  4.89643612e-02  7.02916391e+05 -6.17527357e+01 
 7.11056872e+05  2.56806170e-02  7.11056872e+05 -6.23754829e+01 
 7.19291628e+05  2.09873816e-03  7.19291628e+05 -6.30034150e+01 
 7.27621750e+05 -2.17824558e-02  7.27621750e+05 -6.36365578e+01 
 7.36048344e+05 -4.59640805e-02  7.36048344e+05 -6.42749370e+01 
 7.44572527e+05 -7.04471865e-02  7.44572527e+05 -6.49185787e+01 
 7.53195428e+05 -9.52327590e-02  7.53195428e+05 -6.55675087e+01 
 7.61918191e+05 -1.20321717e-01  7.61918191e+05 -6.62217533e+01 
 7.70741972e+05 -1.45714913e-01  7.70741972e+05 -6.68813386e+01 
 7.79667942e+05 -1.71413134e-01  7.79667942e+05 -6.75462911e+01 
 7.88697283e+05 -1.97417103e-01  7.88697283e+05 -6.82166374e+01 
 7.97831193e+05 -2.23727474e-01  7.97831193e+05 -6.88924041e+01 
 8.07070883e+05 -2.50344838e-01  8.07070883e+05 -6.95736183e+01 
 8.16417578e+05 -2.77269725e-01  8.16417578e+05 -7.02603071e+01 
 8.25872518e+05 -3.04502596e-01  8.25872518e+05 -7.09524979e+01 
 8.35436955e+05 -3.32043857e-01  8.35436955e+05 -7.16502182e+01 
 8.45112157e+05 -3.59893850e-01  8.45112157e+05 -7.23534960e+01 
 8.54899409e+05 -3.88052858e-01  8.54899409e+05 -7.30623595e+01 
 8.64800006e+05 -4.16521112e-01  8.64800006e+05 -7.37768369e+01 
 8.74815263e+05 -4.45298784e-01  8.74815263e+05 -7.44969571e+01 
 8.84946506e+05 -4.74385998e-01  8.84946506e+05 -7.52227492e+01 
 8.95195080e+05 -5.03782827e-01  8.95195080e+05 -7.59542424e+01 
 9.05562342e+05 -5.33489299e-01  9.05562342e+05 -7.66914666e+01 
 9.16049667e+05 -5.63505399e-01  9.16049667e+05 -7.74344518e+01 
 9.26658447e+05 -5.93831074e-01  9.26658447e+05 -7.81832284e+01 
 9.37390086e+05 -6.24466235e-01  9.37390086e+05 -7.89378274e+01 
 9.48246009e+05 -6.55410763e-01  9.48246009e+05 -7.96982799e+01 
 9.59227655e+05 -6.86664511e-01  9.59227655e+05 -8.04646176e+01 
 9.70336479e+05 -7.18227311e-01  9.70336479e+05 -8.12368726e+01 
 9.81573954e+05 -7.50098978e-01  9.81573954e+05 -8.20150773e+01 
 9.92941571e+05 -7.82279317e-01  9.92941571e+05 -8.27992647e+01 
 1.00444084e+06 -8.14768124e-01  1.00444084e+06 -8.35894681e+01 
 1.01607327e+06 -8.47565197e-01  1.01607327e+06 -8.43857214e+01 
 1.02784043e+06 -8.80670340e-01  1.02784043e+06 -8.51880589e+01 
 1.03974386e+06 -9.14083370e-01  1.03974386e+06 -8.59965151e+01 
 1.05178514e+06 -9.47804121e-01  1.05178514e+06 -8.68111254e+01 
 1.06396587e+06 -9.81832456e-01  1.06396587e+06 -8.76319253e+01 
 1.07628767e+06 -1.01616827e+00  1.07628767e+06 -8.84589508e+01 
 1.08875217e+06 -1.05081150e+00  1.08875217e+06 -8.92922386e+01 
 1.10136102e+06 -1.08576213e+00  1.10136102e+06 -9.01318256e+01 
 1.11411589e+06 -1.12102021e+00  1.11411589e+06 -9.09777491e+01 
 1.12701847e+06 -1.15658583e+00  1.12701847e+06 -9.18300471e+01 
 1.14007049e+06 -1.19245920e+00  1.14007049e+06 -9.26887577e+01 
 1.15327365e+06 -1.22864056e+00  1.15327365e+06 -9.35539195e+01 
 1.16662972e+06 -1.26513028e+00  1.16662972e+06 -9.44255717e+01 
 1.18014047e+06 -1.30192881e+00  1.18014047e+06 -9.53037535e+01 
 1.19380769e+06 -1.33903673e+00  1.19380769e+06 -9.61885047e+01 
 1.20763319e+06 -1.37645472e+00  1.20763319e+06 -9.70798654e+01 
 1.22161880e+06 -1.41418361e+00  1.22161880e+06 -9.79778759e+01 
 1.23576638e+06 -1.45222434e+00  1.23576638e+06 -9.88825767e+01 
 1.25007780e+06 -1.49057804e+00  1.25007780e+06 -9.97940089e+01 
 1.26455496e+06 -1.52924597e+00  1.26455496e+06 -1.00712213e+02 
 1.27919978e+06 -1.56822958e+00  1.27919978e+06 -1.01637231e+02 
 1.29401421e+06 -1.60753049e+00  1.29401421e+06 -1.02569104e+02 
 1.30900020e+06 -1.64715051e+00  1.30900020e+06 -1.03507873e+02 
 1.32415974e+06 -1.68709167e+00  1.32415974e+06 -1.04453580e+02 
 1.33949485e+06 -1.72735620e+00  1.33949485e+06 -1.05406267e+02 
 1.35500755e+06 -1.76794656e+00  1.35500755e+06 -1.06365974e+02 
 1.37069990e+06 -1.80886545e+00  1.37069990e+06 -1.07332743e+02 
 1.38657399e+06 -1.85011580e+00  1.38657399e+06 -1.08306615e+02 
 1.40263192e+06 -1.89170082e+00  1.40263192e+06 -1.09287632e+02 
 1.41887581e+06 -1.93362398e+00  1.41887581e+06 -1.10275833e+02 
 1.43530782e+06 -1.97588902e+00  1.43530782e+06 -1.11271260e+02 
 1.45193013e+06 -2.01849999e+00  1.45193013e+06 -1.12273952e+02 
 1.46874495e+06 -2.06146123e+00  1.46874495e+06 -1.13283948e+02 
 1.48575450e+06 -2.10477739e+00  1.48575450e+06 -1.14301288e+02 
 1.50296103e+06 -2.14845345e+00  1.50296103e+06 -1.15326010e+02 
 1.52036684e+06 -2.19249472e+00  1.52036684e+06 -1.16358151e+02 
 1.53797422e+06 -2.23690685e+00  1.53797422e+06 -1.17397748e+02 
 1.55578551e+06 -2.28169585e+00  1.55578551e+06 -1.18444838e+02 
 1.57380308e+06 -2.32686810e+00  1.57380308e+06 -1.19499454e+02 
 1.59202931e+06 -2.37243034e+00  1.59202931e+06 -1.20561633e+02 
 1.61046661e+06 -2.41838970e+00  1.61046661e+06 -1.21631405e+02 
 1.62911744e+06 -2.46475371e+00  1.62911744e+06 -1.22708803e+02 
 1.64798426e+06 -2.51153028e+00  1.64798426e+06 -1.23793857e+02 
 1.66706959e+06 -2.55872777e+00  1.66706959e+06 -1.24886596e+02 
 1.68637593e+06 -2.60635492e+00  1.68637593e+06 -1.25987048e+02 
 1.70590587e+06 -2.65442093e+00  1.70590587e+06 -1.27095239e+02 
 1.72566198e+06 -2.70293541e+00  1.72566198e+06 -1.28211192e+02 
 1.74564689e+06 -2.75190843e+00  1.74564689e+06 -1.29334930e+02 
 1.76586324e+06 -2.80135052e+00  1.76586324e+06 -1.30466474e+02 
 1.78631372e+06 -2.85127264e+00  1.78631372e+06 -1.31605841e+02 
 1.80700103e+06 -2.90168624e+00  1.80700103e+06 -1.32753049e+02 
 1.82792793e+06 -2.95260323e+00  1.82792793e+06 -1.33908111e+02 
 1.84909717e+06 -3.00403601e+00  1.84909717e+06 -1.35071038e+02 
 1.87051159e+06 -3.05599744e+00  1.87051159e+06 -1.36241841e+02 
 1.89217400e+06 -3.10850090e+00  1.89217400e+06 -1.37420525e+02 
 1.91408728e+06 -3.16156023e+00  1.91408728e+06 -1.38607095e+02 
 1.93625434e+06 -3.21518978e+00  1.93625434e+06 -1.39801551e+02 
 1.95867812e+06 -3.26940441e+00  1.95867812e+06 -1.41003891e+02 
 1.98136159e+06 -3.32421947e+00  1.98136159e+06 -1.42214110e+02 
 2.00430776e+06 -3.37965080e+00  2.00430776e+06 -1.43432200e+02 
 2.02751966e+06 -3.43571477e+00  2.02751966e+06 -1.44658149e+02 
 2.05100039e+06 -3.49242826e+00  2.05100039e+06 -1.45891941e+02 
 2.07475304e+06 -3.54980863e+00  2.07475304e+06 -1.47133558e+02 
 2.09878077e+06 -3.60787378e+00  2.09878077e+06 -1.48382977e+02 
 2.12308677e+06 -3.66664208e+00  2.12308677e+06 -1.49640171e+02 
 2.14767426e+06 -3.72613242e+00  2.14767426e+06 -1.50905110e+02 
 2.17254649e+06 -3.78636420e+00  2.17254649e+06 -1.52177757e+02 
 2.19770677e+06 -3.84735731e+00  2.19770677e+06 -1.53458075e+02 
 2.22315843e+06 -3.90913211e+00  2.22315843e+06 -1.54746018e+02 
 2.24890485e+06 -3.97170947e+00  2.24890485e+06 -1.56041538e+02 
 2.27494944e+06 -4.03511073e+00  2.27494944e+06 -1.57344581e+02 
 2.30129565e+06 -4.09935769e+00  2.30129565e+06 -1.58655089e+02 
 2.32794697e+06 -4.16447261e+00  2.32794697e+06 -1.59972997e+02 
 2.35490695e+06 -4.23047820e+00  2.35490695e+06 -1.61298236e+02 
 2.38217915e+06 -4.29739761e+00  2.38217915e+06 -1.62630732e+02 
 2.40976718e+06 -4.36525438e+00  2.40976718e+06 -1.63970402e+02 
 2.43767472e+06 -4.43407249e+00  2.43767472e+06 -1.65317161e+02 
 2.46590545e+06 -4.50387625e+00  2.46590545e+06 -1.66670916e+02 
 2.49446313e+06 -4.57469039e+00  2.49446313e+06 -1.68031568e+02 
 2.52335153e+06 -4.64653993e+00  2.52335153e+06 -1.69399010e+02 
 2.55257448e+06 -4.71945021e+00  2.55257448e+06 -1.70773131e+02 
 2.58213587e+06 -4.79344688e+00  2.58213587e+06 -1.72153811e+02 
 2.61203961e+06 -4.86855579e+00  2.61203961e+06 -1.73540923e+02 
 2.64228966e+06 -4.94480305e+00  2.64228966e+06 -1.74934334e+02 
 2.67289004e+06 -5.02221493e+00  2.67289004e+06 -1.76333902e+02 
 2.70384481e+06 -5.10081782e+00  2.70384481e+06 -1.77739479e+02 
 2.73515806e+06 -5.18063823e+00  2.73515806e+06 -1.79150907e+02 
 2.76683395e+06 -5.26170269e+00  2.76683395e+06  1.79431979e+02 
 2.79887667e+06 -5.34403774e+00  2.79887667e+06  1.78009351e+02 
 2.83129049e+06 -5.42766984e+00  2.83129049e+06  1.76581392e+02 
 2.86407969e+06 -5.51262531e+00  2.86407969e+06  1.75148291e+02 
 2.89724862e+06 -5.59893030e+00  2.89724862e+06  1.73710248e+02 
 2.93080168e+06 -5.68661069e+00  2.93080168e+06  1.72267470e+02 
 2.96474332e+06 -5.77569203e+00  2.96474332e+06  1.70820174e+02 
 2.99907804e+06 -5.86619944e+00  2.99907804e+06  1.69368585e+02 
 3.03381039e+06 -5.95815755e+00  3.03381039e+06  1.67912937e+02 
 3.06894498e+06 -6.05159042e+00  3.06894498e+06  1.66453476e+02 
 3.10448646e+06 -6.14652142e+00  3.10448646e+06  1.64990452e+02 
 3.14043954e+06 -6.24297316e+00  3.14043954e+06  1.63524128e+02 
 3.17680900e+06 -6.34096738e+00  3.17680900e+06  1.62054775e+02 
 3.21359965e+06 -6.44052485e+00  3.21359965e+06  1.60582671e+02 
 3.25081638e+06 -6.54166526e+00  3.25081638e+06  1.59108104e+02 
 3.28846411e+06 -6.64440714e+00  3.28846411e+06  1.57631371e+02 
 3.32654785e+06 -6.74876773e+00  3.32654785e+06  1.56152775e+02 
 3.36507263e+06 -6.85476285e+00  3.36507263e+06  1.54672628e+02 
 3.40404356e+06 -6.96240684e+00  3.40404356e+06  1.53191249e+02 
 3.44346582e+06 -7.07171244e+00  3.44346582e+06  1.51708964e+02 
 3.48334463e+06 -7.18269063e+00  3.48334463e+06  1.50226104e+02 
 3.52368527e+06 -7.29535062e+00  3.52368527e+06  1.48743007e+02 
 3.56449310e+06 -7.40969966e+00  3.56449310e+06  1.47260015e+02 
 3.60577353e+06 -7.52574302e+00  3.60577353e+06  1.45777473e+02 
 3.64753203e+06 -7.64348385e+00  3.64753203e+06  1.44295732e+02 
 3.68977413e+06 -7.76292313e+00  3.68977413e+06  1.42815142e+02 
 3.73250543e+06 -7.88405961e+00  3.73250543e+06  1.41336057e+02 
 3.77573161e+06 -8.00688969e+00  3.77573161e+06  1.39858831e+02 
 3.81945839e+06 -8.13140745e+00  3.81945839e+06  1.38383815e+02 
 3.86369158e+06 -8.25760457e+00  3.86369158e+06  1.36911361e+02 
 3.90843702e+06 -8.38547032e+00  3.90843702e+06  1.35441817e+02 
 3.95370067e+06 -8.51499153e+00  3.95370067e+06  1.33975526e+02 
 3.99948851e+06 -8.64615264e+00  3.99948851e+06  1.32512825e+02 
 4.04580662e+06 -8.77893568e+00  4.04580662e+06  1.31054048e+02 
 4.09266114e+06 -8.91332035e+00  4.09266114e+06  1.29599516e+02 
 4.14005829e+06 -9.04928405e+00  4.14005829e+06  1.28149546e+02 
 4.18800434e+06 -9.18680195e+00  4.18800434e+06  1.26704440e+02 
 4.23650566e+06 -9.32584712e+00  4.23650566e+06  1.25264493e+02 
 4.28556866e+06 -9.46639059e+00  4.28556866e+06  1.23829985e+02 
 4.33519987e+06 -9.60840149e+00  4.33519987e+06  1.22401182e+02 
 4.38540586e+06 -9.75184720e+00  4.38540586e+06  1.20978337e+02 
 4.43619329e+06 -9.89669349e+00  4.43619329e+06  1.19561687e+02 
 4.48756888e+06 -1.00429047e+01  4.48756888e+06  1.18151453e+02 
 4.53953946e+06 -1.01904438e+01  4.53953946e+06  1.16747839e+02 
 4.59211190e+06 -1.03392728e+01  4.59211190e+06  1.15351032e+02 
 4.64529319e+06 -1.04893528e+01  4.64529319e+06  1.13961200e+02 
 4.69909037e+06 -1.06406441e+01  4.69909037e+06  1.12578495e+02 
 4.75351058e+06 -1.07931065e+01  4.75351058e+06  1.11203048e+02 
 4.80856103e+06 -1.09466996e+01  4.80856103e+06  1.09834974e+02 
 4.86424902e+06 -1.11013828e+01  4.86424902e+06  1.08474367e+02 
 4.92058193e+06 -1.12571156e+01  4.92058193e+06  1.07121304e+02 
 4.97756723e+06 -1.14138578e+01  4.97756723e+06  1.05775844e+02 
 5.03521248e+06 -1.15715696e+01  5.03521248e+06  1.04438030e+02 
 5.09352532e+06 -1.17302120e+01  5.09352532e+06  1.03107884e+02 
 5.15251348e+06 -1.18897465e+01  5.15251348e+06  1.01785415e+02 
 5.21218479e+06 -1.20501359e+01  5.21218479e+06  1.00470614e+02 
 5.27254715e+06 -1.22113438e+01  5.27254715e+06  9.91634588e+01 
 5.33360856e+06 -1.23733353e+01  5.33360856e+06  9.78639112e+01 
 5.39537713e+06 -1.25360765e+01  5.39537713e+06  9.65719208e+01 
 5.45786104e+06 -1.26995354e+01  5.45786104e+06  9.52874243e+01 
 5.52106858e+06 -1.28636810e+01  5.52106858e+06  9.40103472e+01 
 5.58500812e+06 -1.30284842e+01  5.58500812e+06  9.27406046e+01 
 5.64968815e+06 -1.31939176e+01  5.64968815e+06  9.14781019e+01 
 5.71511724e+06 -1.33599552e+01  5.71511724e+06  9.02227366e+01 
 5.78130406e+06 -1.35265730e+01  5.78130406e+06  8.89743984e+01 
 5.84825740e+06 -1.36937485e+01  5.84825740e+06  8.77329709e+01 
 5.91598612e+06 -1.38614610e+01  5.91598612e+06  8.64983320e+01 
 5.98449920e+06 -1.40296915e+01  5.98449920e+06  8.52703553e+01 
 6.05380574e+06 -1.41984226e+01  6.05380574e+06  8.40489108e+01 
 6.12391492e+06 -1.43676386e+01  6.12391492e+06  8.28338655e+01 
 6.19483603e+06 -1.45373255e+01  6.19483603e+06  8.16250847e+01 
 6.26657849e+06 -1.47074706e+01  6.26657849e+06  8.04224324e+01 
 6.33915179e+06 -1.48780628e+01  6.33915179e+06  7.92257719e+01 
 6.41256556e+06 -1.50490925e+01  6.41256556e+06  7.80349669e+01 
 6.48682954e+06 -1.52205514e+01  6.48682954e+06  7.68498815e+01 
 6.56195357e+06 -1.53924323e+01  6.56195357e+06  7.56703810e+01 
 6.63794761e+06 -1.55647295e+01  6.63794761e+06  7.44963324e+01 
 6.71482174e+06 -1.57374381e+01  6.71482174e+06  7.33276047e+01 
 6.79258615e+06 -1.59105544e+01  6.79258615e+06  7.21640694e+01 
 6.87125115e+06 -1.60840758e+01  6.87125115e+06  7.10056004e+01 
 6.95082717e+06 -1.62580004e+01  6.95082717e+06  6.98520747e+01 
 7.03132476e+06 -1.64323271e+01  7.03132476e+06  6.87033723e+01 
 7.11275460e+06 -1.66070557e+01  7.11275460e+06  6.75593764e+01 
 7.19512747e+06 -1.67821865e+01  7.19512747e+06  6.64199737e+01 
 7.27845431e+06 -1.69577204e+01  7.27845431e+06  6.52850541e+01 
 7.36274615e+06 -1.71336589e+01  7.36274615e+06  6.41545113e+01 
 7.44801418e+06 -1.73100040e+01  7.44801418e+06  6.30282419e+01 
 7.53426970e+06 -1.74867580e+01  7.53426970e+06  6.19061465e+01 
 7.62152414e+06 -1.76639235e+01  7.62152414e+06  6.07881286e+01 
 7.70978908e+06 -1.78415037e+01  7.70978908e+06  5.96740954e+01 
 7.79907622e+06 -1.80195016e+01  7.79907622e+06  5.85639570e+01 
 7.88939739e+06 -1.81979207e+01  7.88939739e+06  5.74576268e+01 
 7.98076457e+06 -1.83767647e+01  7.98076457e+06  5.63550211e+01 
 8.07318988e+06 -1.85560370e+01  8.07318988e+06  5.52560590e+01 
 8.16668556e+06 -1.87357417e+01  8.16668556e+06  5.41606626e+01 
 8.26126402e+06 -1.89158824e+01  8.26126402e+06  5.30687562e+01 
 8.35693779e+06 -1.90964630e+01  8.35693779e+06  5.19802667e+01 
 8.45371956e+06 -1.92774874e+01  8.45371956e+06  5.08951234e+01 
 8.55162216e+06 -1.94589594e+01  8.55162216e+06  4.98132576e+01 
 8.65065857e+06 -1.96408828e+01  8.65065857e+06  4.87346024e+01 
 8.75084193e+06 -1.98232612e+01  8.75084193e+06  4.76590931e+01 
 8.85218551e+06 -2.00060985e+01  8.85218551e+06  4.65866665e+01 
 8.95470275e+06 -2.01893980e+01  8.95470275e+06  4.55172607e+01 
 9.05840724e+06 -2.03731633e+01  9.05840724e+06  4.44508157e+01 
 9.16331273e+06 -2.05573978e+01  9.16331273e+06  4.33872722e+01 
 9.26943314e+06 -2.07421048e+01  9.26943314e+06  4.23265725e+01 
 9.37678253e+06 -2.09272874e+01  9.37678253e+06  4.12686596e+01 
 9.48537513e+06 -2.11129486e+01  9.48537513e+06  4.02134775e+01 
 9.59522534e+06 -2.12990915e+01  9.59522534e+06  3.91609712e+01 
 9.70634773e+06 -2.14857188e+01  9.70634773e+06  3.81110859e+01 
 9.81875703e+06 -2.16728333e+01  9.81875703e+06  3.70637679e+01 
 9.93246814e+06 -2.18604376e+01  9.93246814e+06  3.60189637e+01 
 1.00474961e+07 -2.20485342e+01  1.00474961e+07  3.49766203e+01 
 1.01638563e+07 -2.22371255e+01  1.01638563e+07  3.39366851e+01 
 1.02815640e+07 -2.24262140e+01  1.02815640e+07  3.28991057e+01 
 1.04006349e+07 -2.26158017e+01  1.04006349e+07  3.18638300e+01 
 1.05210847e+07 -2.28058910e+01  1.05210847e+07  3.08308060e+01 
 1.06429295e+07 -2.29964838e+01  1.06429295e+07  2.97999819e+01 
 1.07661854e+07 -2.31875822e+01  1.07661854e+07  2.87713059e+01 
 1.08908687e+07 -2.33791882e+01  1.08908687e+07  2.77447264e+01 
 1.10169959e+07 -2.35713037e+01  1.10169959e+07  2.67201917e+01 
 1.11445838e+07 -2.37639306e+01  1.11445838e+07  2.56976501e+01 
 1.12736493e+07 -2.39570706e+01  1.12736493e+07  2.46770500e+01 
 1.14042096e+07 -2.41507256e+01  1.14042096e+07  2.36583396e+01 
 1.15362818e+07 -2.43448973e+01  1.15362818e+07  2.26414673e+01 
 1.16698836e+07 -2.45395876e+01  1.16698836e+07  2.16263812e+01 
 1.18050326e+07 -2.47347981e+01  1.18050326e+07  2.06130298e+01 
 1.19417468e+07 -2.49305306e+01  1.19417468e+07  1.96013610e+01 
 1.20800443e+07 -2.51267869e+01  1.20800443e+07  1.85913231e+01 
 1.22199434e+07 -2.53235686e+01  1.22199434e+07  1.75828644e+01 
 1.23614627e+07 -2.55208777e+01  1.23614627e+07  1.65759330e+01 
 1.25046209e+07 -2.57187159e+01  1.25046209e+07  1.55704773e+01 
 1.26494370e+07 -2.59170850e+01  1.26494370e+07  1.45664455e+01 
 1.27959303e+07 -2.61159868e+01  1.27959303e+07  1.35637861e+01 
 1.29441200e+07 -2.63154234e+01  1.29441200e+07  1.25624477e+01 
 1.30940260e+07 -2.65153965e+01  1.30940260e+07  1.15623789e+01 
 1.32456680e+07 -2.67159083e+01  1.32456680e+07  1.05635289e+01 
 1.33990662e+07 -2.69169607e+01  1.33990662e+07  9.56584656e+00 
 1.35542409e+07 -2.71185558e+01  1.35542409e+07  8.56928147e+00 
 1.37112127e+07 -2.73206959e+01  1.37112127e+07  7.57378334e+00 
 1.38700024e+07 -2.75233831e+01  1.38700024e+07  6.57930226e+00 
 1.40306310e+07 -2.77266197e+01  1.40306310e+07  5.58578870e+00 
 1.41931199e+07 -2.79304080e+01  1.41931199e+07  4.59319361e+00 
 1.43574905e+07 -2.81347506e+01  1.43574905e+07  3.60146839e+00 
 1.45237648e+07 -2.83396498e+01  1.45237648e+07  2.61056498e+00 
 1.46919646e+07 -2.85451082e+01  1.46919646e+07  1.62043592e+00 
 1.48621124e+07 -2.87511285e+01  1.48621124e+07  6.31034349e-01 
 1.50342306e+07 -2.89577134e+01  1.50342306e+07 -3.57685899e-01 
 1.52083422e+07 -2.91648656e+01  1.52083422e+07 -1.34577027e+00 
 1.53844701e+07 -2.93725881e+01  1.53844701e+07 -2.33326344e+00 
 1.55626378e+07 -2.95808837e+01  1.55626378e+07 -3.32020925e+00 
 1.57428689e+07 -2.97897556e+01  1.57428689e+07 -4.30665067e+00 
 1.59251872e+07 -2.99992066e+01  1.59251872e+07 -5.29262974e+00 
 1.61096169e+07 -3.02092401e+01  1.61096169e+07 -6.27818753e+00 
 1.62961825e+07 -3.04198593e+01  1.62961825e+07 -7.26336408e+00 
 1.64849088e+07 -3.06310673e+01  1.64849088e+07 -8.24819835e+00 
 1.66758206e+07 -3.08428677e+01  1.66758206e+07 -9.23272816e+00 
 1.68689435e+07 -3.10552639e+01  1.68689435e+07 -1.02169902e+01 
 1.70643029e+07 -3.12682592e+01  1.70643029e+07 -1.12010198e+01 
 1.72619247e+07 -3.14818574e+01  1.72619247e+07 -1.21848512e+01 
 1.74618352e+07 -3.16960619e+01  1.74618352e+07 -1.31685171e+01 
 1.76640609e+07 -3.19108765e+01  1.76640609e+07 -1.41520491e+01 
 1.78686285e+07 -3.21263049e+01  1.78686285e+07 -1.51354770e+01 
 1.80755653e+07 -3.23423509e+01  1.80755653e+07 -1.61188295e+01 
 1.82848985e+07 -3.25590182e+01  1.82848985e+07 -1.71021334e+01 
 1.84966561e+07 -3.27763107e+01  1.84966561e+07 -1.80854143e+01 
 1.87108661e+07 -3.29942324e+01  1.87108661e+07 -1.90686958e+01 
 1.89275568e+07 -3.32127870e+01  1.89275568e+07 -2.00520002e+01 
 1.91467570e+07 -3.34319786e+01  1.91467570e+07 -2.10353478e+01 
 1.93684957e+07 -3.36518112e+01  1.93684957e+07 -2.20187573e+01 
 1.95928024e+07 -3.38722886e+01  1.95928024e+07 -2.30022455e+01 
 1.98197069e+07 -3.40934149e+01  1.98197069e+07 -2.39858274e+01 
 2.00492391e+07 -3.43151941e+01  2.00492391e+07 -2.49695160e+01 
 2.02814295e+07 -3.45376302e+01  2.02814295e+07 -2.59533226e+01 
 2.05163089e+07 -3.47607272e+01  2.05163089e+07 -2.69372562e+01 
 2.07539085e+07 -3.49844891e+01  2.07539085e+07 -2.79213240e+01 
 2.09942597e+07 -3.52089198e+01  2.09942597e+07 -2.89055310e+01 
 2.12373944e+07 -3.54340232e+01  2.12373944e+07 -2.98898802e+01 
 2.14833448e+07 -3.56598033e+01  2.14833448e+07 -3.08743724e+01 
 2.17321436e+07 -3.58862640e+01  2.17321436e+07 -3.18590062e+01 
 2.19838238e+07 -3.61134090e+01  2.19838238e+07 -3.28437780e+01 
 2.22384186e+07 -3.63412421e+01  2.22384186e+07 -3.38286819e+01 
 2.24959620e+07 -3.65697671e+01  2.24959620e+07 -3.48137098e+01 
 2.27564879e+07 -3.67989876e+01  2.27564879e+07 -3.57988511e+01 
 2.30200310e+07 -3.70289072e+01  2.30200310e+07 -3.67840929e+01 
 2.32866262e+07 -3.72595294e+01  2.32866262e+07 -3.77694201e+01 
 2.35563088e+07 -3.74908575e+01  2.35563088e+07 -3.87548149e+01 
 2.38291146e+07 -3.77228950e+01  2.38291146e+07 -3.97402571e+01 
 2.41050798e+07 -3.79556449e+01  2.41050798e+07 -4.07257240e+01 
 2.43842409e+07 -3.81891105e+01  2.43842409e+07 -4.17111906e+01 
 2.46666350e+07 -3.84232946e+01  2.46666350e+07 -4.26966289e+01 
 2.49522996e+07 -3.86582001e+01  2.49522996e+07 -4.36820088e+01 
 2.52412724e+07 -3.88938298e+01  2.52412724e+07 -4.46672974e+01 
 2.55335918e+07 -3.91301862e+01  2.55335918e+07 -4.56524590e+01 
 2.58292965e+07 -3.93672716e+01  2.58292965e+07 -4.66374557e+01 
 2.61284258e+07 -3.96050884e+01  2.61284258e+07 -4.76222464e+01 
 2.64310194e+07 -3.98436386e+01  2.64310194e+07 -4.86067878e+01 
 2.67371172e+07 -4.00829242e+01  2.67371172e+07 -4.95910336e+01 
 2.70467600e+07 -4.03229467e+01  2.70467600e+07 -5.05749349e+01 
 2.73599888e+07 -4.05637077e+01  2.73599888e+07 -5.15584401e+01 
 2.76768451e+07 -4.08052085e+01  2.76768451e+07 -5.25414949e+01 
 2.79973709e+07 -4.10474502e+01  2.79973709e+07 -5.35240421e+01 
 2.83216087e+07 -4.12904335e+01  2.83216087e+07 -5.45060219e+01 
 2.86496015e+07 -4.15341592e+01  2.86496015e+07 -5.54873718e+01 
 2.89813928e+07 -4.17786275e+01  2.89813928e+07 -5.64680263e+01 
 2.93170265e+07 -4.20238385e+01  2.93170265e+07 -5.74479174e+01 
 2.96565473e+07 -4.22697922e+01  2.96565473e+07 -5.84269742e+01 
 3.00000000e+07 -4.25164880e+01  3.00000000e+07 -5.94051233e+01 
