 2.00000000e-01 -6.98145150e+00  2.00000000e-01  6.78862432e+01 
 2.02316202e-01 -6.89575208e+00  2.02316202e-01  6.76552098e+01 
 2.04659228e-01 -6.81033744e+00  2.04659228e-01  6.74222776e+01 
 2.07029388e-01 -6.72521226e+00  2.07029388e-01  6.71874462e+01 
 2.09426997e-01 -6.64038126e+00  2.09426997e-01  6.69507163e+01 
 2.11852373e-01 -6.55584921e+00  2.11852373e-01  6.67120887e+01 
 2.14305837e-01 -6.47162089e+00  2.14305837e-01  6.64715649e+01 
 2.16787715e-01 -6.38770112e+00  2.16787715e-01  6.62291469e+01 
 2.19298335e-01 -6.30409477e+00  2.19298335e-01  6.59848373e+01 
 2.21838031e-01 -6.22080671e+00  2.21838031e-01  6.57386393e+01 
 2.24407140e-01 -6.13784187e+00  2.24407140e-01  6.54905566e+01 
 2.27006001e-01 -6.05520518e+00  2.27006001e-01  6.52405934e+01 
 2.29634959e-01 -5.97290162e+00  2.29634959e-01  6.49887548e+01 
 2.32294364e-01 -5.89093618e+00  2.32294364e-01  6.47350462e+01 
 2.34984567e-01 -5.80931387e+00  2.34984567e-01  6.44794738e+01 
 2.37705925e-01 -5.72803972e+00  2.37705925e-01  6.42220445e+01 
 2.40458800e-01 -5.64711878e+00  2.40458800e-01  6.39627656e+01 
 2.43243555e-01 -5.56655612e+00  2.43243555e-01  6.37016452e+01 
 2.46060561e-01 -5.48635681e+00  2.46060561e-01  6.34386922e+01 
 2.48910190e-01 -5.40652594e+00  2.48910190e-01  6.31739159e+01 
 2.51792821e-01 -5.32706861e+00  2.51792821e-01  6.29073266e+01 
 2.54708836e-01 -5.24798991e+00  2.54708836e-01  6.26389349e+01 
 2.57658622e-01 -5.16929495e+00  2.57658622e-01  6.23687526e+01 
 2.60642568e-01 -5.09098883e+00  2.60642568e-01  6.20967917e+01 
 2.63661072e-01 -5.01307665e+00  2.63661072e-01  6.18230653e+01 
 2.66714534e-01 -4.93556351e+00  2.66714534e-01  6.15475870e+01 
 2.69803357e-01 -4.85845450e+00  2.69803357e-01  6.12703714e+01 
 2.72927952e-01 -4.78175468e+00  2.72927952e-01  6.09914334e+01 
 2.76088733e-01 -4.70546912e+00  2.76088733e-01  6.07107892e+01 
 2.79286119e-01 -4.62960287e+00  2.79286119e-01  6.04284552e+01 
 2.82520534e-01 -4.55416094e+00  2.82520534e-01  6.01444489e+01 
 2.85792407e-01 -4.47914834e+00  2.85792407e-01  5.98587886e+01 
 2.89102171e-01 -4.40457004e+00  2.89102171e-01  5.95714930e+01 
 2.92450266e-01 -4.33043097e+00  2.92450266e-01  5.92825820e+01 
 2.95837135e-01 -4.25673606e+00  2.95837135e-01  5.89920759e+01 
 2.99263228e-01 -4.18349016e+00  2.99263228e-01  5.86999961e+01 
 3.02728998e-01 -4.11069812e+00  3.02728998e-01  5.84063645e+01 
 3.06234905e-01 -4.03836471e+00  3.06234905e-01  5.81112039e+01 
 3.09781414e-01 -3.96649468e+00  3.09781414e-01  5.78145377e+01 
 3.13368996e-01 -3.89509272e+00  3.13368996e-01  5.75163904e+01 
 3.16998125e-01 -3.82416345e+00  3.16998125e-01  5.72167869e+01 
 3.20669283e-01 -3.75371147e+00  3.20669283e-01  5.69157531e+01 
 3.24382957e-01 -3.68374128e+00  3.24382957e-01  5.66133155e+01 
 3.28139639e-01 -3.61425732e+00  3.28139639e-01  5.63095015e+01 
 3.31939827e-01 -3.54526399e+00  3.31939827e-01  5.60043391e+01 
 3.35784025e-01 -3.47676559e+00  3.35784025e-01  5.56978572e+01 
 3.39672743e-01 -3.40876636e+00  3.39672743e-01  5.53900851e+01 
 3.43606496e-01 -3.34127044e+00  3.43606496e-01  5.50810532e+01 
 3.47585805e-01 -3.27428190e+00  3.47585805e-01  5.47707925e+01 
 3.51611200e-01 -3.20780474e+00  3.51611200e-01  5.44593344e+01 
 3.55683212e-01 -3.14184284e+00  3.55683212e-01  5.41467115e+01 
 3.59802383e-01 -3.07639999e+00  3.59802383e-01  5.38329567e+01 
 3.63969257e-01 -3.01147992e+00  3.63969257e-01  5.35181037e+01 
 3.68184388e-01 -2.94708621e+00  3.68184388e-01  5.32021867e+01 
 3.72448335e-01 -2.88322237e+00  3.72448335e-01  5.28852408e+01 
 3.76761663e-01 -2.81989178e+00  3.76761663e-01  5.25673014e+01 
 3.81124943e-01 -2.75709774e+00  3.81124943e-01  5.22484049e+01 
 3.85538754e-01 -2.69484340e+00  3.85538754e-01  5.19285879e+01 
 3.90003682e-01 -2.63313182e+00  3.90003682e-01  5.16078876e+01 
 3.94520318e-01 -2.57196594e+00  3.94520318e-01  5.12863421e+01 
 3.99089261e-01 -2.51134857e+00  3.99089261e-01  5.09639897e+01 
 4.03711118e-01 -2.45128238e+00  4.03711118e-01  5.06408692e+01 
 4.08386500e-01 -2.39176995e+00  4.08386500e-01  5.03170200e+01 
 4.13116027e-01 -2.33281370e+00  4.13116027e-01  4.99924820e+01 
 4.17900328e-01 -2.27441593e+00  4.17900328e-01  4.96672954e+01 
 4.22740035e-01 -2.21657880e+00  4.22740035e-01  4.93415010e+01 
 4.27635791e-01 -2.15930433e+00  4.27635791e-01  4.90151397e+01 
 4.32588245e-01 -2.10259441e+00  4.32588245e-01  4.86882530e+01 
 4.37598053e-01 -2.04645079e+00  4.37598053e-01  4.83608828e+01 
 4.42665880e-01 -1.99087507e+00  4.42665880e-01  4.80330710e+01 
 4.47792398e-01 -1.93586870e+00  4.47792398e-01  4.77048601e+01 
 4.52978286e-01 -1.88143301e+00  4.52978286e-01  4.73762928e+01 
 4.58224231e-01 -1.82756915e+00  4.58224231e-01  4.70474118e+01 
 4.63530930e-01 -1.77427814e+00  4.63530930e-01  4.67182603e+01 
 4.68899086e-01 -1.72156085e+00  4.68899086e-01  4.63888815e+01 
 4.74329410e-01 -1.66941800e+00  4.74329410e-01  4.60593189e+01 
 4.79822623e-01 -1.61785014e+00  4.79822623e-01  4.57296160e+01 
 4.85379453e-01 -1.56685770e+00  4.85379453e-01  4.53998163e+01 
 4.91000637e-01 -1.51644093e+00  4.91000637e-01  4.50699637e+01 
 4.96686920e-01 -1.46659995e+00  4.96686920e-01  4.47401017e+01 
 5.02439056e-01 -1.41733471e+00  5.02439056e-01  4.44102742e+01 
 5.08257807e-01 -1.36864501e+00  5.08257807e-01  4.40805249e+01 
 5.14143945e-01 -1.32053051e+00  5.14143945e-01  4.37508974e+01 
 5.20098251e-01 -1.27299070e+00  5.20098251e-01  4.34214352e+01 
 5.26121513e-01 -1.22602493e+00  5.26121513e-01  4.30921819e+01 
 5.32214531e-01 -1.17963239e+00  5.32214531e-01  4.27631807e+01 
 5.38378112e-01 -1.13381215e+00  5.38378112e-01  4.24344749e+01 
 5.44613074e-01 -1.08856308e+00  5.44613074e-01  4.21061074e+01 
 5.50920243e-01 -1.04388395e+00  5.50920243e-01  4.17781209e+01 
 5.57300455e-01 -9.99773351e-01  5.57300455e-01  4.14505579e+01 
 5.63754556e-01 -9.56229748e-01  5.63754556e-01  4.11234608e+01 
 5.70283403e-01 -9.13251454e-01  5.70283403e-01  4.07968712e+01 
 5.76887860e-01 -8.70836643e-01  5.76887860e-01  4.04708310e+01 
 5.83568804e-01 -8.28983349e-01  5.83568804e-01  4.01453812e+01 
 5.90327119e-01 -7.87689466e-01  5.90327119e-01  3.98205628e+01 
 5.97163703e-01 -7.46952756e-01  5.97163703e-01  3.94964161e+01 
 6.04079461e-01 -7.06770844e-01  6.04079461e-01  3.91729813e+01 
 6.11075310e-01 -6.67141227e-01  6.11075310e-01  3.88502978e+01 
 6.18152179e-01 -6.28061271e-01  6.18152179e-01  3.85284048e+01 
 6.25311005e-01 -5.89528217e-01  6.25311005e-01  3.82073409e+01 
 6.32552737e-01 -5.51539185e-01  6.32552737e-01  3.78871441e+01 
 6.39878336e-01 -5.14091171e-01  6.39878336e-01  3.75678521e+01 
 6.47288773e-01 -4.77181056e-01  6.47288773e-01  3.72495017e+01 
 6.54785030e-01 -4.40805606e-01  6.54785030e-01  3.69321294e+01 
 6.62368101e-01 -4.04961475e-01  6.62368101e-01  3.66157711e+01 
 6.70038992e-01 -3.69645209e-01  6.70038992e-01  3.63004619e+01 
 6.77798719e-01 -3.34853249e-01  6.77798719e-01  3.59862364e+01 
 6.85648312e-01 -3.00581935e-01  6.85648312e-01  3.56731286e+01 
 6.93588812e-01 -2.66827508e-01  6.93588812e-01  3.53611718e+01 
 7.01621270e-01 -2.33586113e-01  7.01621270e-01  3.50503986e+01 
 7.09746752e-01 -2.00853807e-01  7.09746752e-01  3.47408408e+01 
 7.17966335e-01 -1.68626554e-01  7.17966335e-01  3.44325299e+01 
 7.26281110e-01 -1.36900236e-01  7.26281110e-01  3.41254963e+01 
 7.34692178e-01 -1.05670656e-01  7.34692178e-01  3.38197698e+01 
 7.43200655e-01 -7.49335351e-02  7.43200655e-01  3.35153795e+01 
 7.51807668e-01 -4.46845239e-02  7.51807668e-01  3.32123538e+01 
 7.60514359e-01 -1.49192014e-02  7.60514359e-01  3.29107204e+01 
 7.69321883e-01  1.43669198e-02  7.69321883e-01  3.26105062e+01 
 7.78231406e-01  4.31783906e-02  7.78231406e-01  3.23117371e+01 
 7.87244111e-01  7.15198209e-02  7.87244111e-01  3.20144388e+01 
 7.96361192e-01  9.93958769e-02  7.96361192e-01  3.17186356e+01 
 8.05583858e-01  1.26811277e-01  8.05583858e-01  3.14243516e+01 
 8.14913332e-01  1.53770789e-01  8.14913332e-01  3.11316099e+01 
 8.24350851e-01  1.80279225e-01  8.24350851e-01  3.08404326e+01 
 8.33897665e-01  2.06341441e-01  8.33897665e-01  3.05508414e+01 
 8.43555041e-01  2.31962329e-01  8.43555041e-01  3.02628571e+01 
 8.53324260e-01  2.57146817e-01  8.53324260e-01  2.99764997e+01 
 8.63206616e-01  2.81899865e-01  8.63206616e-01  2.96917884e+01 
 8.73203419e-01  3.06226462e-01  8.73203419e-01  2.94087418e+01 
 8.83315996e-01  3.30131621e-01  8.83315996e-01  2.91273776e+01 
 8.93545686e-01  3.53620377e-01  8.93545686e-01  2.88477127e+01 
 9.03893847e-01  3.76697783e-01  9.03893847e-01  2.85697635e+01 
 9.14361849e-01  3.99368911e-01  9.14361849e-01  2.82935452e+01 
 9.24951082e-01  4.21638840e-01  9.24951082e-01  2.80190728e+01 
 9.35662949e-01  4.43512665e-01  9.35662949e-01  2.77463602e+01 
 9.46498870e-01  4.64995482e-01  9.46498870e-01  2.74754206e+01 
 9.57460281e-01  4.86092394e-01  9.57460281e-01  2.72062667e+01 
 9.68548637e-01  5.06808505e-01  9.68548637e-01  2.69389102e+01 
 9.79765408e-01  5.27148917e-01  9.79765408e-01  2.66733623e+01 
 9.91112080e-01  5.47118727e-01  9.91112080e-01  2.64096334e+01 
 1.00259016e+00  5.66723025e-01  1.00259016e+00  2.61477332e+01 
 1.01420116e+00  5.85966895e-01  1.01420116e+00  2.58876708e+01 
 1.02594664e+00  6.04855405e-01  1.02594664e+00  2.56294546e+01 
 1.03782813e+00  6.23393611e-01  1.03782813e+00  2.53730923e+01 
 1.04984723e+00  6.41586553e-01  1.04984723e+00  2.51185909e+01 
 1.06200552e+00  6.59439253e-01  1.06200552e+00  2.48659569e+01 
 1.07430462e+00  6.76956711e-01  1.07430462e+00  2.46151962e+01 
 1.08674615e+00  6.94143906e-01  1.08674615e+00  2.43663138e+01 
 1.09933176e+00  7.11005791e-01  1.09933176e+00  2.41193143e+01 
 1.11206313e+00  7.27547294e-01  1.11206313e+00  2.38742018e+01 
 1.12494195e+00  7.43773315e-01  1.12494195e+00  2.36309796e+01 
 1.13796991e+00  7.59688723e-01  1.13796991e+00  2.33896505e+01 
 1.15114875e+00  7.75298356e-01  1.15114875e+00  2.31502168e+01 
 1.16448021e+00  7.90607020e-01  1.16448021e+00  2.29126802e+01 
 1.17796607e+00  8.05619485e-01  1.17796607e+00  2.26770419e+01 
 1.19160810e+00  8.20340487e-01  1.19160810e+00  2.24433025e+01 
 1.20540813e+00  8.34774723e-01  1.20540813e+00  2.22114621e+01 
 1.21936797e+00  8.48926852e-01  1.21936797e+00  2.19815204e+01 
 1.23348948e+00  8.62801495e-01  1.23348948e+00  2.17534765e+01 
 1.24777453e+00  8.76403229e-01  1.24777453e+00  2.15273290e+01 
 1.26222502e+00  8.89736593e-01  1.26222502e+00  2.13030763e+01 
 1.27684286e+00  9.02806080e-01  1.27684286e+00  2.10807160e+01 
 1.29162999e+00  9.15616140e-01  1.29162999e+00  2.08602454e+01 
 1.30658837e+00  9.28171180e-01  1.30658837e+00  2.06416614e+01 
 1.32171998e+00  9.40475561e-01  1.32171998e+00  2.04249606e+01 
 1.33702683e+00  9.52533596e-01  1.33702683e+00  2.02101389e+01 
 1.35251095e+00  9.64349554e-01  1.35251095e+00  1.99971921e+01 
 1.36817439e+00  9.75927653e-01  1.36817439e+00  1.97861154e+01 
 1.38401923e+00  9.87272068e-01  1.38401923e+00  1.95769038e+01 
 1.40004757e+00  9.98386921e-01  1.40004757e+00  1.93695519e+01 
 1.41626153e+00  1.00927629e+00  1.41626153e+00  1.91640539e+01 
 1.43266327e+00  1.01994419e+00  1.43266327e+00  1.89604036e+01 
 1.44925496e+00  1.03039461e+00  1.44925496e+00  1.87585948e+01 
 1.46603879e+00  1.04063147e+00  1.46603879e+00  1.85586206e+01 
 1.48301700e+00  1.05065865e+00  1.48301700e+00  1.83604740e+01 
 1.50019183e+00  1.06047996e+00  1.50019183e+00  1.81641478e+01 
 1.51756557e+00  1.07009920e+00  1.51756557e+00  1.79696343e+01 
 1.53514051e+00  1.07952007e+00  1.53514051e+00  1.77769256e+01 
 1.55291899e+00  1.08874625e+00  1.55291899e+00  1.75860137e+01 
 1.57090335e+00  1.09778137e+00  1.57090335e+00  1.73968903e+01 
 1.58909600e+00  1.10662899e+00  1.58909600e+00  1.72095467e+01 
 1.60749933e+00  1.11529264e+00  1.60749933e+00  1.70239740e+01 
 1.62611580e+00  1.12377579e+00  1.62611580e+00  1.68401634e+01 
 1.64494786e+00  1.13208185e+00  1.64494786e+00  1.66581055e+01 
 1.66399802e+00  1.14021419e+00  1.66399802e+00  1.64777909e+01 
 1.68326879e+00  1.14817613e+00  1.68326879e+00  1.62992101e+01 
 1.70276274e+00  1.15597094e+00  1.70276274e+00  1.61223531e+01 
 1.72248245e+00  1.16360184e+00  1.72248245e+00  1.59472100e+01 
 1.74243054e+00  1.17107198e+00  1.74243054e+00  1.57737708e+01 
 1.76260964e+00  1.17838450e+00  1.76260964e+00  1.56020251e+01 
 1.78302244e+00  1.18554246e+00  1.78302244e+00  1.54319625e+01 
 1.80367164e+00  1.19254888e+00  1.80367164e+00  1.52635724e+01 
 1.82455997e+00  1.19940673e+00  1.82455997e+00  1.50968441e+01 
 1.84569022e+00  1.20611893e+00  1.84569022e+00  1.49317669e+01 
 1.86706517e+00  1.21268836e+00  1.86706517e+00  1.47683299e+01 
 1.88868767e+00  1.21911785e+00  1.88868767e+00  1.46065219e+01 
 1.91056058e+00  1.22541018e+00  1.91056058e+00  1.44463318e+01 
 1.93268680e+00  1.23156808e+00  1.93268680e+00  1.42877485e+01 
 1.95506926e+00  1.23759423e+00  1.95506926e+00  1.41307607e+01 
 1.97771094e+00  1.24349129e+00  1.97771094e+00  1.39753568e+01 
 2.00061483e+00  1.24926184e+00  2.00061483e+00  1.38215256e+01 
 2.02378396e+00  1.25490843e+00  2.02378396e+00  1.36692554e+01 
 2.04722142e+00  1.26043358e+00  2.04722142e+00  1.35185347e+01 
 2.07093031e+00  1.26583974e+00  2.07093031e+00  1.33693519e+01 
 2.09491378e+00  1.27112934e+00  2.09491378e+00  1.32216951e+01 
 2.11917499e+00  1.27630475e+00  2.11917499e+00  1.30755529e+01 
 2.14371718e+00  1.28136830e+00  2.14371718e+00  1.29309132e+01 
 2.16854358e+00  1.28632228e+00  2.16854358e+00  1.27877645e+01 
 2.19365751e+00  1.29116895e+00  2.19365751e+00  1.26460947e+01 
 2.21906227e+00  1.29591052e+00  2.21906227e+00  1.25058921e+01 
 2.24476125e+00  1.30054914e+00  2.24476125e+00  1.23671448e+01 
 2.27075785e+00  1.30508695e+00  2.27075785e+00  1.22298409e+01 
 2.29705552e+00  1.30952605e+00  2.29705552e+00  1.20939685e+01 
 2.32365774e+00  1.31386847e+00  2.32365774e+00  1.19595157e+01 
 2.35056804e+00  1.31811623e+00  2.35056804e+00  1.18264707e+01 
 2.37778999e+00  1.32227131e+00  2.37778999e+00  1.16948214e+01 
 2.40532720e+00  1.32633563e+00  2.40532720e+00  1.15645561e+01 
 2.43318331e+00  1.33031111e+00  2.43318331e+00  1.14356627e+01 
 2.46136203e+00  1.33419960e+00  2.46136203e+00  1.13081296e+01 
 2.48986709e+00  1.33800293e+00  2.48986709e+00  1.11819447e+01 
 2.51870226e+00  1.34172290e+00  2.51870226e+00  1.10570963e+01 
 2.54787137e+00  1.34536126e+00  2.54787137e+00  1.09335726e+01 
 2.57737829e+00  1.34891974e+00  2.57737829e+00  1.08113617e+01 
 2.60722693e+00  1.35240002e+00  2.60722693e+00  1.06904520e+01 
 2.63742125e+00  1.35580378e+00  2.63742125e+00  1.05708317e+01 
 2.66796525e+00  1.35913262e+00  2.66796525e+00  1.04524891e+01 
 2.69886298e+00  1.36238814e+00  2.69886298e+00  1.03354125e+01 
 2.73011854e+00  1.36557191e+00  2.73011854e+00  1.02195904e+01 
 2.76173606e+00  1.36868545e+00  2.76173606e+00  1.01050112e+01 
 2.79371975e+00  1.37173028e+00  2.79371975e+00  9.99166327e+00 
 2.82607385e+00  1.37470784e+00  2.82607385e+00  9.87953526e+00 
 2.85880263e+00  1.37761960e+00  2.85880263e+00  9.76861569e+00 
 2.89191045e+00  1.38046695e+00  2.89191045e+00  9.65889319e+00 
 2.92540169e+00  1.38325128e+00  2.92540169e+00  9.55035641e+00 
 2.95928080e+00  1.38597396e+00  2.95928080e+00  9.44299410e+00 
 2.99355225e+00  1.38863630e+00  2.99355225e+00  9.33679503e+00 
 3.02822061e+00  1.39123961e+00  3.02822061e+00  9.23174803e+00 
 3.06329046e+00  1.39378515e+00  3.06329046e+00  9.12784201e+00 
 3.09876645e+00  1.39627420e+00  3.09876645e+00  9.02506593e+00 
 3.13465329e+00  1.39870795e+00  3.13465329e+00  8.92340880e+00 
 3.17095574e+00  1.40108762e+00  3.17095574e+00  8.82285970e+00 
 3.20767861e+00  1.40341437e+00  3.20767861e+00  8.72340779e+00 
 3.24482676e+00  1.40568936e+00  3.24482676e+00  8.62504227e+00 
 3.28240513e+00  1.40791370e+00  3.28240513e+00  8.52775242e+00 
 3.32041869e+00  1.41008851e+00  3.32041869e+00  8.43152759e+00 
 3.35887249e+00  1.41221486e+00  3.35887249e+00  8.33635718e+00 
 3.39777162e+00  1.41429381e+00  3.39777162e+00  8.24223069e+00 
 3.43712125e+00  1.41632639e+00  3.43712125e+00  8.14913766e+00 
 3.47692658e+00  1.41831362e+00  3.47692658e+00  8.05706771e+00 
 3.51719290e+00  1.42025649e+00  3.51719290e+00  7.96601055e+00 
 3.55792554e+00  1.42215597e+00  3.55792554e+00  7.87595594e+00 
 3.59912991e+00  1.42401300e+00  3.59912991e+00  7.78689372e+00 
 3.64081146e+00  1.42582853e+00  3.64081146e+00  7.69881380e+00 
 3.68297573e+00  1.42760346e+00  3.68297573e+00  7.61170618e+00 
 3.72562831e+00  1.42933868e+00  3.72562831e+00  7.52556090e+00 
 3.76877484e+00  1.43103507e+00  3.76877484e+00  7.44036811e+00 
 3.81242106e+00  1.43269348e+00  3.81242106e+00  7.35611803e+00 
 3.85657274e+00  1.43431474e+00  3.85657274e+00  7.27280092e+00 
 3.90123574e+00  1.43589968e+00  3.90123574e+00  7.19040717e+00 
 3.94641599e+00  1.43744910e+00  3.94641599e+00  7.10892721e+00 
 3.99211947e+00  1.43896378e+00  3.99211947e+00  7.02835155e+00 
 4.03835224e+00  1.44044449e+00  4.03835224e+00  6.94867079e+00 
 4.08512043e+00  1.44189197e+00  4.08512043e+00  6.86987559e+00 
 4.13243025e+00  1.44330697e+00  4.13243025e+00  6.79195669e+00 
 4.18028796e+00  1.44469020e+00  4.18028796e+00  6.71490493e+00 
 4.22869991e+00  1.44604237e+00  4.22869991e+00  6.63871120e+00 
 4.27767252e+00  1.44736416e+00  4.27767252e+00  6.56336648e+00 
 4.32721228e+00  1.44865625e+00  4.32721228e+00  6.48886181e+00 
 4.37732577e+00  1.44991929e+00  4.37732577e+00  6.41518834e+00 
 4.42801962e+00  1.45115394e+00  4.42801962e+00  6.34233725e+00 
 4.47930055e+00  1.45236081e+00  4.47930055e+00  6.27029985e+00 
 4.53117537e+00  1.45354054e+00  4.53117537e+00  6.19906748e+00 
 4.58365095e+00  1.45469372e+00  4.58365095e+00  6.12863159e+00 
 4.63673425e+00  1.45582094e+00  4.63673425e+00  6.05898368e+00 
 4.69043232e+00  1.45692278e+00  4.69043232e+00  5.99011535e+00 
 4.74475225e+00  1.45799981e+00  4.74475225e+00  5.92201826e+00 
 4.79970127e+00  1.45905257e+00  4.79970127e+00  5.85468416e+00 
 4.85528665e+00  1.46008162e+00  4.85528665e+00  5.78810485e+00 
 4.91151577e+00  1.46108747e+00  4.91151577e+00  5.72227223e+00 
 4.96839608e+00  1.46207065e+00  4.96839608e+00  5.65717827e+00 
 5.02593512e+00  1.46303167e+00  5.02593512e+00  5.59281501e+00 
 5.08414052e+00  1.46397101e+00  5.08414052e+00  5.52917456e+00 
 5.14302000e+00  1.46488916e+00  5.14302000e+00  5.46624912e+00 
 5.20258136e+00  1.46578660e+00  5.20258136e+00  5.40403094e+00 
 5.26283250e+00  1.46666378e+00  5.26283250e+00  5.34251238e+00 
 5.32378141e+00  1.46752117e+00  5.32378141e+00  5.28168583e+00 
 5.38543617e+00  1.46835921e+00  5.38543617e+00  5.22154378e+00 
 5.44780495e+00  1.46917832e+00  5.44780495e+00  5.16207880e+00 
 5.51089603e+00  1.46997893e+00  5.51089603e+00  5.10328349e+00 
 5.57471776e+00  1.47076146e+00  5.57471776e+00  5.04515058e+00 
 5.63927862e+00  1.47152631e+00  5.63927862e+00  4.98767282e+00 
 5.70458716e+00  1.47227387e+00  5.70458716e+00  4.93084306e+00 
 5.77065203e+00  1.47300455e+00  5.77065203e+00  4.87465421e+00 
 5.83748200e+00  1.47371871e+00  5.83748200e+00  4.81909925e+00 
 5.90508593e+00  1.47441672e+00  5.90508593e+00  4.76417124e+00 
 5.97347279e+00  1.47509895e+00  5.97347279e+00  4.70986330e+00 
 6.04265163e+00  1.47576575e+00  6.04265163e+00  4.65616862e+00 
 6.11263163e+00  1.47641748e+00  6.11263163e+00  4.60308045e+00 
 6.18342207e+00  1.47705446e+00  6.18342207e+00  4.55059212e+00 
 6.25503234e+00  1.47767702e+00  6.25503234e+00  4.49869702e+00 
 6.32747192e+00  1.47828551e+00  6.32747192e+00  4.44738862e+00 
 6.40075043e+00  1.47888022e+00  6.40075043e+00  4.39666044e+00 
 6.47487758e+00  1.47946147e+00  6.47487758e+00  4.34650608e+00 
 6.54986319e+00  1.48002957e+00  6.54986319e+00  4.29691918e+00 
 6.62571722e+00  1.48058480e+00  6.62571722e+00  4.24789348e+00 
 6.70244971e+00  1.48112746e+00  6.70244971e+00  4.19942275e+00 
 6.78007084e+00  1.48165784e+00  6.78007084e+00  4.15150086e+00 
 6.85859090e+00  1.48217620e+00  6.85859090e+00  4.10412171e+00 
 6.93802030e+00  1.48268282e+00  6.93802030e+00  4.05727929e+00 
 7.01836957e+00  1.48317797e+00  7.01836957e+00  4.01096763e+00 
 7.09964937e+00  1.48366189e+00  7.09964937e+00  3.96518083e+00 
 7.18187048e+00  1.48413486e+00  7.18187048e+00  3.91991306e+00 
 7.26504378e+00  1.48459710e+00  7.26504378e+00  3.87515855e+00 
 7.34918032e+00  1.48504887e+00  7.34918032e+00  3.83091157e+00 
 7.43429124e+00  1.48549040e+00  7.43429124e+00  3.78716647e+00 
 7.52038784e+00  1.48592193e+00  7.52038784e+00  3.74391765e+00 
 7.60748151e+00  1.48634367e+00  7.60748151e+00  3.70115958e+00 
 7.69558382e+00  1.48675585e+00  7.69558382e+00  3.65888678e+00 
 7.78470645e+00  1.48715868e+00  7.78470645e+00  3.61709384e+00 
 7.87486120e+00  1.48755238e+00  7.87486120e+00  3.57577537e+00 
 7.96606004e+00  1.48793715e+00  7.96606004e+00  3.53492609e+00 
 8.05831505e+00  1.48831320e+00  8.05831505e+00  3.49454073e+00 
 8.15163847e+00  1.48868071e+00  8.15163847e+00  3.45461411e+00 
 8.24604267e+00  1.48903989e+00  8.24604267e+00  3.41514108e+00 
 8.34154016e+00  1.48939092e+00  8.34154016e+00  3.37611657e+00 
 8.43814361e+00  1.48973399e+00  8.43814361e+00  3.33753554e+00 
 8.53586583e+00  1.49006928e+00  8.53586583e+00  3.29939302e+00 
 8.63471977e+00  1.49039695e+00  8.63471977e+00  3.26168408e+00 
 8.73471853e+00  1.49071719e+00  8.73471853e+00  3.22440386e+00 
 8.83587539e+00  1.49103017e+00  8.83587539e+00  3.18754754e+00 
 8.93820374e+00  1.49133604e+00  8.93820374e+00  3.15111035e+00 
 9.04171716e+00  1.49163497e+00  9.04171716e+00  3.11508759e+00 
 9.14642936e+00  1.49192711e+00  9.14642936e+00  3.07947459e+00 
 9.25235424e+00  1.49221262e+00  9.25235424e+00  3.04426674e+00 
 9.35950584e+00  1.49249165e+00  9.35950584e+00  3.00945947e+00 
 9.46789836e+00  1.49276435e+00  9.46789836e+00  2.97504828e+00 
 9.57754617e+00  1.49303086e+00  9.57754617e+00  2.94102869e+00 
 9.68846382e+00  1.49329131e+00  9.68846382e+00  2.90739631e+00 
 9.80066601e+00  1.49354585e+00  9.80066601e+00  2.87414675e+00 
 9.91416761e+00  1.49379461e+00  9.91416761e+00  2.84127571e+00 
 1.00289837e+01  1.49403772e+00  1.00289837e+01  2.80877890e+00 
 1.01451294e+01  1.49427531e+00  1.01451294e+01  2.77665211e+00 
 1.02626203e+01  1.49450751e+00  1.02626203e+01  2.74489116e+00 
 1.03814717e+01  1.49473443e+00  1.03814717e+01  2.71349190e+00 
 1.05016997e+01  1.49495619e+00  1.05016997e+01  2.68245027e+00 
 1.06233199e+01  1.49517292e+00  1.06233199e+01  2.65176220e+00 
 1.07463487e+01  1.49538473e+00  1.07463487e+01  2.62142371e+00 
 1.08708023e+01  1.49559173e+00  1.08708023e+01  2.59143083e+00 
 1.09966971e+01  1.49579402e+00  1.09966971e+01  2.56177967e+00 
 1.11240500e+01  1.49599171e+00  1.11240500e+01  2.53246634e+00 
 1.12528777e+01  1.49618492e+00  1.12528777e+01  2.50348703e+00 
 1.13831974e+01  1.49637374e+00  1.13831974e+01  2.47483796e+00 
 1.15150263e+01  1.49655826e+00  1.15150263e+01  2.44651537e+00 
 1.16483819e+01  1.49673859e+00  1.16483819e+01  2.41851557e+00 
 1.17832819e+01  1.49691483e+00  1.17832819e+01  2.39083491e+00 
 1.19197442e+01  1.49708706e+00  1.19197442e+01  2.36346976e+00 
 1.20577869e+01  1.49725538e+00  1.20577869e+01  2.33641654e+00 
 1.21974282e+01  1.49741987e+00  1.21974282e+01  2.30967172e+00 
 1.23386867e+01  1.49758062e+00  1.23386867e+01  2.28323180e+00 
 1.24815812e+01  1.49773772e+00  1.24815812e+01  2.25709331e+00 
 1.26261305e+01  1.49789125e+00  1.26261305e+01  2.23125284e+00 
 1.27723538e+01  1.49804129e+00  1.27723538e+01  2.20570700e+00 
 1.29202705e+01  1.49818793e+00  1.29202705e+01  2.18045245e+00 
 1.30699003e+01  1.49833122e+00  1.30699003e+01  2.15548586e+00 
 1.32212629e+01  1.49847126e+00  1.32212629e+01  2.13080398e+00 
 1.33743785e+01  1.49860812e+00  1.33743785e+01  2.10640357e+00 
 1.35292673e+01  1.49874187e+00  1.35292673e+01  2.08228142e+00 
 1.36859499e+01  1.49887257e+00  1.36859499e+01  2.05843438e+00 
 1.38444470e+01  1.49900031e+00  1.38444470e+01  2.03485931e+00 
 1.40047796e+01  1.49912514e+00  1.40047796e+01  2.01155312e+00 
 1.41669691e+01  1.49924714e+00  1.41669691e+01  1.98851275e+00 
 1.43310369e+01  1.49936636e+00  1.43310369e+01  1.96573517e+00 
 1.44970048e+01  1.49948287e+00  1.44970048e+01  1.94321740e+00 
 1.46648947e+01  1.49959673e+00  1.46648947e+01  1.92095648e+00 
 1.48347290e+01  1.49970800e+00  1.48347290e+01  1.89894948e+00 
 1.50065301e+01  1.49981674e+00  1.50065301e+01  1.87719350e+00 
 1.51803209e+01  1.49992302e+00  1.51803209e+01  1.85568570e+00 
 1.53561243e+01  1.50002687e+00  1.53561243e+01  1.83442324e+00 
 1.55339637e+01  1.50012836e+00  1.55339637e+01  1.81340333e+00 
 1.57138627e+01  1.50022755e+00  1.57138627e+01  1.79262320e+00 
 1.58958451e+01  1.50032448e+00  1.58958451e+01  1.77208012e+00 
 1.60799350e+01  1.50041921e+00  1.60799350e+01  1.75177139e+00 
 1.62661569e+01  1.50051178e+00  1.62661569e+01  1.73169433e+00 
 1.64545354e+01  1.50060225e+00  1.64545354e+01  1.71184630e+00 
 1.66450955e+01  1.50069066e+00  1.66450955e+01  1.69222470e+00 
 1.68378625e+01  1.50077706e+00  1.68378625e+01  1.67282692e+00 
 1.70328619e+01  1.50086150e+00  1.70328619e+01  1.65365044e+00 
 1.72301197e+01  1.50094401e+00  1.72301197e+01  1.63469271e+00 
 1.74296618e+01  1.50102466e+00  1.74296618e+01  1.61595123e+00 
 1.76315149e+01  1.50110346e+00  1.76315149e+01  1.59742355e+00 
 1.78357056e+01  1.50118048e+00  1.78357056e+01  1.57910722e+00 
 1.80422611e+01  1.50125574e+00  1.80422611e+01  1.56099983e+00 
 1.82512087e+01  1.50132929e+00  1.82512087e+01  1.54309898e+00 
 1.84625761e+01  1.50140117e+00  1.84625761e+01  1.52540233e+00 
 1.86763914e+01  1.50147142e+00  1.86763914e+01  1.50790753e+00 
 1.88926828e+01  1.50154006e+00  1.88926828e+01  1.49061229e+00 
 1.91114791e+01  1.50160715e+00  1.91114791e+01  1.47351431e+00 
 1.93328093e+01  1.50167271e+00  1.93328093e+01  1.45661135e+00 
 1.95567028e+01  1.50173678e+00  1.95567028e+01  1.43990118e+00 
 1.97831891e+01  1.50179940e+00  1.97831891e+01  1.42338159e+00 
 2.00122984e+01  1.50186059e+00  2.00122984e+01  1.40705040e+00 
 2.02440610e+01  1.50192038e+00  2.02440610e+01  1.39090546e+00 
 2.04785077e+01  1.50197882e+00  2.04785077e+01  1.37494464e+00 
 2.07156695e+01  1.50203593e+00  2.07156695e+01  1.35916583e+00 
 2.09555778e+01  1.50209174e+00  2.09555778e+01  1.34356694e+00 
 2.11982645e+01  1.50214629e+00  2.11982645e+01  1.32814593e+00 
 2.14437618e+01  1.50219959e+00  2.14437618e+01  1.31290075e+00 
 2.16921022e+01  1.50225168e+00  2.16921022e+01  1.29782939e+00 
 2.19433187e+01  1.50230258e+00  2.19433187e+01  1.28292987e+00 
 2.21974444e+01  1.50235233e+00  2.21974444e+01  1.26820021e+00 
 2.24545132e+01  1.50240094e+00  2.24545132e+01  1.25363846e+00 
 2.27145591e+01  1.50244846e+00  2.27145591e+01  1.23924271e+00 
 2.29776167e+01  1.50249489e+00  2.29776167e+01  1.22501106e+00 
 2.32437206e+01  1.50254026e+00  2.32437206e+01  1.21094162e+00 
 2.35129064e+01  1.50258460e+00  2.35129064e+01  1.19703253e+00 
 2.37852095e+01  1.50262794e+00  2.37852095e+01  1.18328197e+00 
 2.40606663e+01  1.50267029e+00  2.40606663e+01  1.16968810e+00 
 2.43393131e+01  1.50271167e+00  2.43393131e+01  1.15624914e+00 
 2.46211869e+01  1.50275212e+00  2.46211869e+01  1.14296331e+00 
 2.49063250e+01  1.50279164e+00  2.49063250e+01  1.12982885e+00 
 2.51947654e+01  1.50283027e+00  2.51947654e+01  1.11684403e+00 
 2.54865462e+01  1.50286802e+00  2.54865462e+01  1.10400713e+00 
 2.57817061e+01  1.50290491e+00  2.57817061e+01  1.09131645e+00 
 2.60802843e+01  1.50294096e+00  2.60802843e+01  1.07877032e+00 
 2.63823203e+01  1.50297619e+00  2.63823203e+01  1.06636707e+00 
 2.66878542e+01  1.50301062e+00  2.66878542e+01  1.05410508e+00 
 2.69969265e+01  1.50304427e+00  2.69969265e+01  1.04198271e+00 
 2.73095781e+01  1.50307715e+00  2.73095781e+01  1.02999836e+00 
 2.76258506e+01  1.50310928e+00  2.76258506e+01  1.01815046e+00 
 2.79457858e+01  1.50314069e+00  2.79457858e+01  1.00643742e+00 
 2.82694262e+01  1.50317138e+00  2.82694262e+01  9.94857708e-01 
 2.85968147e+01  1.50320137e+00  2.85968147e+01  9.83409787e-01 
 2.89279946e+01  1.50323068e+00  2.89279946e+01  9.72092143e-01 
 2.92630100e+01  1.50325932e+00  2.92630100e+01  9.60903279e-01 
 2.96019052e+01  1.50328731e+00  2.96019052e+01  9.49841715e-01 
 2.99447251e+01  1.50331467e+00  2.99447251e+01  9.38905988e-01 
 3.02915152e+01  1.50334140e+00  3.02915152e+01  9.28094650e-01 
 3.06423215e+01  1.50336753e+00  3.06423215e+01  9.17406273e-01 
 3.09971905e+01  1.50339306e+00  3.09971905e+01  9.06839441e-01 
 3.13561693e+01  1.50341801e+00  3.13561693e+01  8.96392756e-01 
 3.17193054e+01  1.50344239e+00  3.17193054e+01  8.86064836e-01 
 3.20866469e+01  1.50346622e+00  3.20866469e+01  8.75854315e-01 
 3.24582427e+01  1.50348951e+00  3.24582427e+01  8.65759841e-01 
 3.28341419e+01  1.50351227e+00  3.28341419e+01  8.55780078e-01 
 3.32143943e+01  1.50353451e+00  3.32143943e+01  8.45913706e-01 
 3.35990505e+01  1.50355624e+00  3.35990505e+01  8.36159418e-01 
 3.39881614e+01  1.50357749e+00  3.39881614e+01  8.26515925e-01 
 3.43817786e+01  1.50359824e+00  3.43817786e+01  8.16981949e-01 
 3.47799543e+01  1.50361853e+00  3.47799543e+01  8.07556229e-01 
 3.51827413e+01  1.50363835e+00  3.51827413e+01  7.98237516e-01 
 3.55901929e+01  1.50365773e+00  3.55901929e+01  7.89024578e-01 
 3.60023633e+01  1.50367666e+00  3.60023633e+01  7.79916195e-01 
 3.64193070e+01  1.50369516e+00  3.64193070e+01  7.70911160e-01 
 3.68410793e+01  1.50371324e+00  3.68410793e+01  7.62008283e-01 
 3.72677361e+01  1.50373091e+00  3.72677361e+01  7.53206383e-01 
 3.76993341e+01  1.50374818e+00  3.76993341e+01  7.44504297e-01 
 3.81359304e+01  1.50376506e+00  3.81359304e+01  7.35900871e-01 
 3.85775830e+01  1.50378155e+00  3.85775830e+01  7.27394967e-01 
 3.90243503e+01  1.50379767e+00  3.90243503e+01  7.18985458e-01 
 3.94762917e+01  1.50381342e+00  3.94762917e+01  7.10671232e-01 
 3.99334670e+01  1.50382881e+00  3.99334670e+01  7.02451186e-01 
 4.03959368e+01  1.50384386e+00  4.03959368e+01  6.94324233e-01 
 4.08637625e+01  1.50385856e+00  4.08637625e+01  6.86289296e-01 
 4.13370061e+01  1.50387292e+00  4.13370061e+01  6.78345312e-01 
 4.18157303e+01  1.50388696e+00  4.18157303e+01  6.70491228e-01 
 4.22999987e+01  1.50390068e+00  4.22999987e+01  6.62726004e-01 
 4.27898753e+01  1.50391409e+00  4.27898753e+01  6.55048612e-01 
 4.32854253e+01  1.50392720e+00  4.32854253e+01  6.47458034e-01 
 4.37867142e+01  1.50394000e+00  4.37867142e+01  6.39953267e-01 
 4.42938085e+01  1.50395252e+00  4.42938085e+01  6.32533316e-01 
 4.48067755e+01  1.50396475e+00  4.48067755e+01  6.25197197e-01 
 4.53256831e+01  1.50397670e+00  4.53256831e+01  6.17943940e-01 
 4.58506003e+01  1.50398838e+00  4.58506003e+01  6.10772584e-01 
 4.63815965e+01  1.50399979e+00  4.63815965e+01  6.03682179e-01 
 4.69187422e+01  1.50401095e+00  4.69187422e+01  5.96671785e-01 
 4.74621085e+01  1.50402185e+00  4.74621085e+01  5.89740474e-01 
 4.80117676e+01  1.50403250e+00  4.80117676e+01  5.82887328e-01 
 4.85677923e+01  1.50404291e+00  4.85677923e+01  5.76111440e-01 
 4.91302564e+01  1.50405309e+00  4.91302564e+01  5.69411910e-01 
 4.96992343e+01  1.50406303e+00  4.96992343e+01  5.62787853e-01 
 5.02748016e+01  1.50407274e+00  5.02748016e+01  5.56238390e-01 
 5.08570345e+01  1.50408224e+00  5.08570345e+01  5.49762655e-01 
 5.14460103e+01  1.50409152e+00  5.14460103e+01  5.43359788e-01 
 5.20418070e+01  1.50410059e+00  5.20418070e+01  5.37028942e-01 
 5.26445036e+01  1.50410945e+00  5.26445036e+01  5.30769277e-01 
 5.32541801e+01  1.50411811e+00  5.32541801e+01  5.24579966e-01 
 5.38709172e+01  1.50412658e+00  5.38709172e+01  5.18460187e-01 
 5.44947968e+01  1.50413485e+00  5.44947968e+01  5.12409131e-01 
 5.51259015e+01  1.50414293e+00  5.51259015e+01  5.06425994e-01 
 5.57643151e+01  1.50415083e+00  5.57643151e+01  5.00509985e-01 
 5.64101221e+01  1.50415855e+00  5.64101221e+01  4.94660320e-01 
 5.70634082e+01  1.50416609e+00  5.70634082e+01  4.88876223e-01 
 5.77242601e+01  1.50417346e+00  5.77242601e+01  4.83156929e-01 
 5.83927652e+01  1.50418067e+00  5.83927652e+01  4.77501679e-01 
 5.90690124e+01  1.50418771e+00  5.90690124e+01  4.71909724e-01 
 5.97530911e+01  1.50419459e+00  5.97530911e+01  4.66380323e-01 
 6.04450922e+01  1.50420132e+00  6.04450922e+01  4.60912743e-01 
 6.11451073e+01  1.50420789e+00  6.11451073e+01  4.55506261e-01 
 6.18532294e+01  1.50421431e+00  6.18532294e+01  4.50160159e-01 
 6.25695522e+01  1.50422058e+00  6.25695522e+01  4.44873730e-01 
 6.32941707e+01  1.50422672e+00  6.32941707e+01  4.39646272e-01 
 6.40271811e+01  1.50423271e+00  6.40271811e+01  4.34477093e-01 
 6.47686804e+01  1.50423857e+00  6.47686804e+01  4.29365508e-01 
 6.55187671e+01  1.50424429e+00  6.55187671e+01  4.24310840e-01 
 6.62775405e+01  1.50424988e+00  6.62775405e+01  4.19312418e-01 
 6.70451013e+01  1.50425535e+00  6.70451013e+01  4.14369581e-01 
 6.78215512e+01  1.50426069e+00  6.78215512e+01  4.09481674e-01 
 6.86069932e+01  1.50426591e+00  6.86069932e+01  4.04648047e-01 
 6.94015314e+01  1.50427101e+00  6.94015314e+01  3.99868062e-01 
 7.02052711e+01  1.50427600e+00  7.02052711e+01  3.95141085e-01 
 7.10183190e+01  1.50428087e+00  7.10183190e+01  3.90466489e-01 
 7.18407828e+01  1.50428563e+00  7.18407828e+01  3.85843654e-01 
 7.26727715e+01  1.50429029e+00  7.26727715e+01  3.81271969e-01 
 7.35143955e+01  1.50429483e+00  7.35143955e+01  3.76750826e-01 
 7.43657664e+01  1.50429928e+00  7.43657664e+01  3.72279627e-01 
 7.52269970e+01  1.50430362e+00  7.52269970e+01  3.67857780e-01 
 7.60982015e+01  1.50430786e+00  7.60982015e+01  3.63484698e-01 
 7.69794955e+01  1.50431201e+00  7.69794955e+01  3.59159802e-01 
 7.78709957e+01  1.50431606e+00  7.78709957e+01  3.54882519e-01 
 7.87728204e+01  1.50432002e+00  7.87728204e+01  3.50652281e-01 
 7.96850891e+01  1.50432389e+00  7.96850891e+01  3.46468528e-01 
 8.06079229e+01  1.50432767e+00  8.06079229e+01  3.42330706e-01 
 8.15414439e+01  1.50433137e+00  8.15414439e+01  3.38238265e-01 
 8.24857761e+01  1.50433498e+00  8.24857761e+01  3.34190665e-01 
 8.34410446e+01  1.50433851e+00  8.34410446e+01  3.30187367e-01 
 8.44073761e+01  1.50434196e+00  8.44073761e+01  3.26227842e-01 
 8.53848987e+01  1.50434533e+00  8.53848987e+01  3.22311565e-01 
 8.63737419e+01  1.50434863e+00  8.63737419e+01  3.18438017e-01 
 8.73740370e+01  1.50435185e+00  8.73740370e+01  3.14606684e-01 
 8.83859165e+01  1.50435499e+00  8.83859165e+01  3.10817058e-01 
 8.94095146e+01  1.50435807e+00  8.94095146e+01  3.07068638e-01 
 9.04449670e+01  1.50436107e+00  9.04449670e+01  3.03360926e-01 
 9.14924110e+01  1.50436401e+00  9.14924110e+01  2.99693430e-01 
 9.25519854e+01  1.50436688e+00  9.25519854e+01  2.96065666e-01 
 9.36238307e+01  1.50436968e+00  9.36238307e+01  2.92477151e-01 
 9.47080892e+01  1.50437242e+00  9.47080892e+01  2.88927411e-01 
 9.58049044e+01  1.50437510e+00  9.58049044e+01  2.85415975e-01 
 9.69144218e+01  1.50437771e+00  9.69144218e+01  2.81942376e-01 
 9.80367886e+01  1.50438027e+00  9.80367886e+01  2.78506156e-01 
 9.91721535e+01  1.50438277e+00  9.91721535e+01  2.75106858e-01 
 1.00320667e+02  1.50438521e+00  1.00320667e+02  2.71744031e-01 
 1.01482482e+02  1.50438760e+00  1.01482482e+02  2.68417231e-01 
 1.02657751e+02  1.50438993e+00  1.02657751e+02  2.65126016e-01 
 1.03846632e+02  1.50439221e+00  1.03846632e+02  2.61869949e-01 
 1.05049280e+02  1.50439443e+00  1.05049280e+02  2.58648600e-01 
 1.06265857e+02  1.50439661e+00  1.06265857e+02  2.55461541e-01 
 1.07496523e+02  1.50439874e+00  1.07496523e+02  2.52308350e-01 
 1.08741441e+02  1.50440081e+00  1.08741441e+02  2.49188608e-01 
 1.10000777e+02  1.50440284e+00  1.10000777e+02  2.46101902e-01 
 1.11274697e+02  1.50440483e+00  1.11274697e+02  2.43047824e-01 
 1.12563370e+02  1.50440677e+00  1.12563370e+02  2.40025967e-01 
 1.13866967e+02  1.50440866e+00  1.13866967e+02  2.37035932e-01 
 1.15185661e+02  1.50441051e+00  1.15185661e+02  2.34077322e-01 
 1.16519628e+02  1.50441232e+00  1.16519628e+02  2.31149746e-01 
 1.17869043e+02  1.50441409e+00  1.17869043e+02  2.28252814e-01 
 1.19234085e+02  1.50441582e+00  1.19234085e+02  2.25386143e-01 
 1.20614936e+02  1.50441751e+00  1.20614936e+02  2.22549353e-01 
 1.22011779e+02  1.50441916e+00  1.22011779e+02  2.19742068e-01 
 1.23424798e+02  1.50442077e+00  1.23424798e+02  2.16963915e-01 
 1.24854182e+02  1.50442235e+00  1.24854182e+02  2.14214527e-01 
 1.26300119e+02  1.50442389e+00  1.26300119e+02  2.11493539e-01 
 1.27762802e+02  1.50442539e+00  1.27762802e+02  2.08800589e-01 
 1.29242424e+02  1.50442686e+00  1.29242424e+02  2.06135323e-01 
 1.30739182e+02  1.50442830e+00  1.30739182e+02  2.03497385e-01 
 1.32253273e+02  1.50442970e+00  1.32253273e+02  2.00886426e-01 
 1.33784900e+02  1.50443107e+00  1.33784900e+02  1.98302100e-01 
 1.35334264e+02  1.50443242e+00  1.35334264e+02  1.95744065e-01 
 1.36901571e+02  1.50443373e+00  1.36901571e+02  1.93211981e-01 
 1.38487029e+02  1.50443501e+00  1.38487029e+02  1.90705513e-01 
 1.40090849e+02  1.50443626e+00  1.40090849e+02  1.88224328e-01 
 1.41713242e+02  1.50443748e+00  1.41713242e+02  1.85768098e-01 
 1.43354425e+02  1.50443867e+00  1.43354425e+02  1.83336497e-01 
 1.45014614e+02  1.50443984e+00  1.45014614e+02  1.80929202e-01 
 1.46694029e+02  1.50444098e+00  1.46694029e+02  1.78545894e-01 
 1.48392894e+02  1.50444209e+00  1.48392894e+02  1.76186258e-01 
 1.50111433e+02  1.50444318e+00  1.50111433e+02  1.73849981e-01 
 1.51849875e+02  1.50444425e+00  1.51849875e+02  1.71536752e-01 
 1.53608450e+02  1.50444529e+00  1.53608450e+02  1.69246265e-01 
 1.55387391e+02  1.50444630e+00  1.55387391e+02  1.66978218e-01 
 1.57186933e+02  1.50444730e+00  1.57186933e+02  1.64732308e-01 
 1.59007317e+02  1.50444827e+00  1.59007317e+02  1.62508238e-01 
 1.60848782e+02  1.50444921e+00  1.60848782e+02  1.60305713e-01 
 1.62711573e+02  1.50445014e+00  1.62711573e+02  1.58124442e-01 
 1.64595937e+02  1.50445104e+00  1.64595937e+02  1.55964134e-01 
 1.66502124e+02  1.50445193e+00  1.66502124e+02  1.53824505e-01 
 1.68430387e+02  1.50445279e+00  1.68430387e+02  1.51705269e-01 
 1.70380981e+02  1.50445364e+00  1.70380981e+02  1.49606147e-01 
 1.72354164e+02  1.50445446e+00  1.72354164e+02  1.47526859e-01 
 1.74350199e+02  1.50445527e+00  1.74350199e+02  1.45467131e-01 
 1.76369351e+02  1.50445605e+00  1.76369351e+02  1.43426688e-01 
 1.78411886e+02  1.50445682e+00  1.78411886e+02  1.41405262e-01 
 1.80478075e+02  1.50445757e+00  1.80478075e+02  1.39402582e-01 
 1.82568193e+02  1.50445831e+00  1.82568193e+02  1.37418385e-01 
 1.84682517e+02  1.50445903e+00  1.84682517e+02  1.35452407e-01 
 1.86821327e+02  1.50445973e+00  1.86821327e+02  1.33504387e-01 
 1.88984907e+02  1.50446041e+00  1.88984907e+02  1.31574068e-01 
 1.91173543e+02  1.50446108e+00  1.91173543e+02  1.29661192e-01 
 1.93387525e+02  1.50446173e+00  1.93387525e+02  1.27765507e-01 
 1.95627148e+02  1.50446237e+00  1.95627148e+02  1.25886762e-01 
 1.97892707e+02  1.50446300e+00  1.97892707e+02  1.24024706e-01 
 2.00184505e+02  1.50446360e+00  2.00184505e+02  1.22179094e-01 
 2.02502843e+02  1.50446420e+00  2.02502843e+02  1.20349681e-01 
 2.04848030e+02  1.50446478e+00  2.04848030e+02  1.18536223e-01 
 2.07220377e+02  1.50446535e+00  2.07220377e+02  1.16738482e-01 
 2.09620198e+02  1.50446590e+00  2.09620198e+02  1.14956217e-01 
 2.12047812e+02  1.50446645e+00  2.12047812e+02  1.13189194e-01 
 2.14503539e+02  1.50446698e+00  2.14503539e+02  1.11437178e-01 
 2.16987707e+02  1.50446749e+00  2.16987707e+02  1.09699936e-01 
 2.19500643e+02  1.50446800e+00  2.19500643e+02  1.07977238e-01 
 2.22042682e+02  1.50446849e+00  2.22042682e+02  1.06268856e-01 
 2.24614160e+02  1.50446897e+00  2.24614160e+02  1.04574563e-01 
 2.27215419e+02  1.50446944e+00  2.27215419e+02  1.02894135e-01 
 2.29846803e+02  1.50446990e+00  2.29846803e+02  1.01227349e-01 
 2.32508661e+02  1.50447035e+00  2.32508661e+02  9.95739840e-02 
 2.35201345e+02  1.50447079e+00  2.35201345e+02  9.79338205e-02 
 2.37925214e+02  1.50447122e+00  2.37925214e+02  9.63066412e-02 
 2.40680628e+02  1.50447164e+00  2.40680628e+02  9.46922305e-02 
 2.43467953e+02  1.50447205e+00  2.43467953e+02  9.30903742e-02 
 2.46287557e+02  1.50447244e+00  2.46287557e+02  9.15008600e-02 
 2.49139816e+02  1.50447283e+00  2.49139816e+02  8.99234772e-02 
 2.52025106e+02  1.50447321e+00  2.52025106e+02  8.83580167e-02 
 2.54943811e+02  1.50447358e+00  2.54943811e+02  8.68042708e-02 
 2.57896318e+02  1.50447395e+00  2.57896318e+02  8.52620337e-02 
 2.60883017e+02  1.50447430e+00  2.60883017e+02  8.37311007e-02 
 2.63904306e+02  1.50447465e+00  2.63904306e+02  8.22112691e-02 
 2.66960584e+02  1.50447498e+00  2.66960584e+02  8.07023371e-02 
 2.70052257e+02  1.50447531e+00  2.70052257e+02  7.92041049e-02 
 2.73179734e+02  1.50447563e+00  2.73179734e+02  7.77163737e-02 
 2.76343431e+02  1.50447595e+00  2.76343431e+02  7.62389464e-02 
 2.79543767e+02  1.50447625e+00  2.79543767e+02  7.47716270e-02 
 2.82781166e+02  1.50447655e+00  2.82781166e+02  7.33142210e-02 
 2.86056057e+02  1.50447684e+00  2.86056057e+02  7.18665352e-02 
 2.89368875e+02  1.50447713e+00  2.89368875e+02  7.04283776e-02 
 2.92720058e+02  1.50447741e+00  2.92720058e+02  6.89995576e-02 
 2.96110052e+02  1.50447768e+00  2.96110052e+02  6.75798857e-02 
 2.99539305e+02  1.50447794e+00  2.99539305e+02  6.61691737e-02 
 3.03008272e+02  1.50447820e+00  3.03008272e+02  6.47672347e-02 
 3.06517414e+02  1.50447845e+00  3.06517414e+02  6.33738826e-02 
 3.10067195e+02  1.50447869e+00  3.10067195e+02  6.19889328e-02 
 3.13658086e+02  1.50447893e+00  3.13658086e+02  6.06122016e-02 
 3.17290563e+02  1.50447917e+00  3.17290563e+02  5.92435066e-02 
 3.20965108e+02  1.50447939e+00  3.20965108e+02  5.78826663e-02 
 3.24682207e+02  1.50447962e+00  3.24682207e+02  5.65295002e-02 
 3.28442355e+02  1.50447983e+00  3.28442355e+02  5.51838289e-02 
 3.32246049e+02  1.50448004e+00  3.32246049e+02  5.38454740e-02 
 3.36093793e+02  1.50448025e+00  3.36093793e+02  5.25142581e-02 
 3.39986099e+02  1.50448045e+00  3.39986099e+02  5.11900048e-02 
 3.43923481e+02  1.50448064e+00  3.43923481e+02  4.98725383e-02 
 3.47906461e+02  1.50448083e+00  3.47906461e+02  4.85616840e-02 
 3.51935569e+02  1.50448102e+00  3.51935569e+02  4.72572683e-02 
 3.56011338e+02  1.50448120e+00  3.56011338e+02  4.59591180e-02 
 3.60134309e+02  1.50448137e+00  3.60134309e+02  4.46670611e-02 
 3.64305027e+02  1.50448154e+00  3.64305027e+02  4.33809263e-02 
 3.68524047e+02  1.50448171e+00  3.68524047e+02  4.21005430e-02 
 3.72791927e+02  1.50448187e+00  3.72791927e+02  4.08257416e-02 
 3.77109234e+02  1.50448203e+00  3.77109234e+02  3.95563529e-02 
 3.81476539e+02  1.50448218e+00  3.81476539e+02  3.82922088e-02 
 3.85894423e+02  1.50448233e+00  3.85894423e+02  3.70331415e-02 
 3.90363469e+02  1.50448247e+00  3.90363469e+02  3.57789842e-02 
 3.94884272e+02  1.50448261e+00  3.94884272e+02  3.45295706e-02 
 3.99457430e+02  1.50448275e+00  3.99457430e+02  3.32847351e-02 
 4.04083550e+02  1.50448288e+00  4.04083550e+02  3.20443125e-02 
 4.08763246e+02  1.50448301e+00  4.08763246e+02  3.08081384e-02 
 4.13497136e+02  1.50448313e+00  4.13497136e+02  2.95760490e-02 
 4.18285850e+02  1.50448326e+00  4.18285850e+02  2.83478808e-02 
 4.23130023e+02  1.50448337e+00  4.23130023e+02  2.71234711e-02 
 4.28030295e+02  1.50448349e+00  4.28030295e+02  2.59026575e-02 
 4.32987318e+02  1.50448360e+00  4.32987318e+02  2.46852782e-02 
 4.38001748e+02  1.50448370e+00  4.38001748e+02  2.34711716e-02 
 4.43074250e+02  1.50448381e+00  4.43074250e+02  2.22601770e-02 
 4.48205497e+02  1.50448391e+00  4.48205497e+02  2.10521337e-02 
 4.53396168e+02  1.50448400e+00  4.53396168e+02  1.98468815e-02 
 4.58646954e+02  1.50448410e+00  4.58646954e+02  1.86442607e-02 
 4.63958548e+02  1.50448419e+00  4.63958548e+02  1.74441118e-02 
 4.69331656e+02  1.50448428e+00  4.69331656e+02  1.62462757e-02 
 4.74766990e+02  1.50448436e+00  4.74766990e+02  1.50505936e-02 
 4.80265271e+02  1.50448444e+00  4.80265271e+02  1.38569069e-02 
 4.85827227e+02  1.50448452e+00  4.85827227e+02  1.26650574e-02 
 4.91453597e+02  1.50448459e+00  4.91453597e+02  1.14748870e-02 
 4.97145125e+02  1.50448466e+00  4.97145125e+02  1.02862381e-02 
 5.02902567e+02  1.50448473e+00  5.02902567e+02  9.09895288e-03 
 5.08726686e+02  1.50448480e+00  5.08726686e+02  7.91287404e-03 
 5.14618255e+02  1.50448486e+00  5.14618255e+02  6.72784430e-03 
 5.20578053e+02  1.50448492e+00  5.20578053e+02  5.54370656e-03 
 5.26606872e+02  1.50448498e+00  5.26606872e+02  4.36030380e-03 
 5.32705511e+02  1.50448504e+00  5.32705511e+02  3.17747914e-03 
 5.38874778e+02  1.50448509e+00  5.38874778e+02  1.99507575e-03 
 5.45115492e+02  1.50448514e+00  5.45115492e+02  8.12936854e-04 
 5.51428479e+02  1.50448519e+00  5.51428479e+02 -3.69094268e-04 
 5.57814577e+02  1.50448523e+00  5.57814577e+02 -1.55117434e-03 
 5.64274633e+02  1.50448527e+00  5.64274633e+02 -2.73346008e-03 
 5.70809503e+02  1.50448531e+00  5.70809503e+02 -3.91610825e-03 
 5.77420053e+02  1.50448535e+00  5.77420053e+02 -5.09927564e-03 
 5.84107159e+02  1.50448538e+00  5.84107159e+02 -6.28311912e-03 
 5.90871709e+02  1.50448541e+00  5.90871709e+02 -7.46779566e-03 
 5.97714600e+02  1.50448544e+00  5.97714600e+02 -8.65346231e-03 
 6.04636738e+02  1.50448547e+00  6.04636738e+02 -9.84027628e-03 
 6.11639042e+02  1.50448549e+00  6.11639042e+02 -1.10283949e-02 
 6.18722439e+02  1.50448551e+00  6.18722439e+02 -1.22179758e-02 
 6.25887869e+02  1.50448553e+00  6.25887869e+02 -1.34091765e-02 
 6.33136282e+02  1.50448555e+00  6.33136282e+02 -1.46021551e-02 
 6.40468639e+02  1.50448556e+00  6.40468639e+02 -1.57970698e-02 
 6.47885912e+02  1.50448558e+00  6.47885912e+02 -1.69940788e-02 
 6.55389084e+02  1.50448559e+00  6.55389084e+02 -1.81933411e-02 
 6.62979151e+02  1.50448559e+00  6.62979151e+02 -1.93950154e-02 
 6.70657118e+02  1.50448560e+00  6.70657118e+02 -2.05992613e-02 
 6.78424004e+02  1.50448560e+00  6.78424004e+02 -2.18062383e-02 
 6.86280839e+02  1.50448560e+00  6.86280839e+02 -2.30161064e-02 
 6.94228663e+02  1.50448560e+00  6.94228663e+02 -2.42290261e-02 
 7.02268532e+02  1.50448559e+00  7.02268532e+02 -2.54451582e-02 
 7.10401510e+02  1.50448558e+00  7.10401510e+02 -2.66646639e-02 
 7.18628676e+02  1.50448557e+00  7.18628676e+02 -2.78877050e-02 
 7.26951121e+02  1.50448556e+00  7.26951121e+02 -2.91144435e-02 
 7.35369948e+02  1.50448555e+00  7.35369948e+02 -3.03450421e-02 
 7.43886274e+02  1.50448553e+00  7.43886274e+02 -3.15796640e-02 
 7.52501228e+02  1.50448551e+00  7.52501228e+02 -3.28184728e-02 
 7.61215951e+02  1.50448549e+00  7.61215951e+02 -3.40616329e-02 
 7.70031600e+02  1.50448546e+00  7.70031600e+02 -3.53093090e-02 
 7.78949343e+02  1.50448544e+00  7.78949343e+02 -3.65616665e-02 
 7.87970362e+02  1.50448541e+00  7.87970362e+02 -3.78188715e-02 
 7.97095854e+02  1.50448537e+00  7.97095854e+02 -3.90810907e-02 
 8.06327028e+02  1.50448534e+00  8.06327028e+02 -4.03484914e-02 
 8.15665108e+02  1.50448530e+00  8.15665108e+02 -4.16212417e-02 
 8.25111333e+02  1.50448526e+00  8.25111333e+02 -4.28995103e-02 
 8.34666955e+02  1.50448522e+00  8.34666955e+02 -4.41834666e-02 
 8.44333240e+02  1.50448517e+00  8.44333240e+02 -4.54732810e-02 
 8.54111471e+02  1.50448513e+00  8.54111471e+02 -4.67691244e-02 
 8.64002944e+02  1.50448508e+00  8.64002944e+02 -4.80711687e-02 
 8.74008970e+02  1.50448502e+00  8.74008970e+02 -4.93795864e-02 
 8.84130875e+02  1.50448497e+00  8.84130875e+02 -5.06945510e-02 
 8.94370003e+02  1.50448491e+00  8.94370003e+02 -5.20162370e-02 
 9.04727710e+02  1.50448485e+00  9.04727710e+02 -5.33448194e-02 
 9.15205369e+02  1.50448478e+00  9.15205369e+02 -5.46804745e-02 
 9.25804371e+02  1.50448472e+00  9.25804371e+02 -5.60233793e-02 
 9.36526119e+02  1.50448465e+00  9.36526119e+02 -5.73737120e-02 
 9.47372037e+02  1.50448458e+00  9.47372037e+02 -5.87316514e-02 
 9.58343561e+02  1.50448450e+00  9.58343561e+02 -6.00973778e-02 
 9.69442146e+02  1.50448442e+00  9.69442146e+02 -6.14710720e-02 
 9.80669264e+02  1.50448434e+00  9.80669264e+02 -6.28529164e-02 
 9.92026404e+02  1.50448425e+00  9.92026404e+02 -6.42430940e-02 
 1.00351507e+03  1.50448417e+00  1.00351507e+03 -6.56417892e-02 
 1.01513679e+03  1.50448408e+00  1.01513679e+03 -6.70491874e-02 
 1.02689310e+03  1.50448398e+00  1.02689310e+03 -6.84654753e-02 
 1.03878555e+03  1.50448388e+00  1.03878555e+03 -6.98908406e-02 
 1.05081574e+03  1.50448378e+00  1.05081574e+03 -7.13254722e-02 
 1.06298524e+03  1.50448368e+00  1.06298524e+03 -7.27695605e-02 
 1.07529569e+03  1.50448357e+00  1.07529569e+03 -7.42232968e-02 
 1.08774869e+03  1.50448346e+00  1.08774869e+03 -7.56868739e-02 
 1.10034592e+03  1.50448335e+00  1.10034592e+03 -7.71604859e-02 
 1.11308904e+03  1.50448323e+00  1.11308904e+03 -7.86443280e-02 
 1.12597973e+03  1.50448311e+00  1.12597973e+03 -8.01385972e-02 
 1.13901971e+03  1.50448298e+00  1.13901971e+03 -8.16434914e-02 
 1.15221071e+03  1.50448285e+00  1.15221071e+03 -8.31592102e-02 
 1.16555447e+03  1.50448272e+00  1.16555447e+03 -8.46859545e-02 
 1.17905277e+03  1.50448258e+00  1.17905277e+03 -8.62239268e-02 
 1.19270739e+03  1.50448244e+00  1.19270739e+03 -8.77733310e-02 
 1.20652015e+03  1.50448229e+00  1.20652015e+03 -8.93343724e-02 
 1.22049287e+03  1.50448214e+00  1.22049287e+03 -9.09072582e-02 
 1.23462740e+03  1.50448199e+00  1.23462740e+03 -9.24921967e-02 
 1.24892564e+03  1.50448183e+00  1.24892564e+03 -9.40893982e-02 
 1.26338945e+03  1.50448167e+00  1.26338945e+03 -9.56990744e-02 
 1.27802078e+03  1.50448150e+00  1.27802078e+03 -9.73214387e-02 
 1.29282155e+03  1.50448133e+00  1.29282155e+03 -9.89567063e-02 
 1.30779373e+03  1.50448115e+00  1.30779373e+03 -1.00605094e-01 
 1.32293930e+03  1.50448097e+00  1.32293930e+03 -1.02266820e-01 
 1.33826027e+03  1.50448079e+00  1.33826027e+03 -1.03942105e-01 
 1.35375867e+03  1.50448060e+00  1.35375867e+03 -1.05631171e-01 
 1.36943656e+03  1.50448040e+00  1.36943656e+03 -1.07334242e-01 
 1.38529602e+03  1.50448020e+00  1.38529602e+03 -1.09051544e-01 
 1.40133915e+03  1.50447999e+00  1.40133915e+03 -1.10783304e-01 
 1.41756807e+03  1.50447978e+00  1.41756807e+03 -1.12529752e-01 
 1.43398494e+03  1.50447956e+00  1.43398494e+03 -1.14291119e-01 
 1.45059193e+03  1.50447934e+00  1.45059193e+03 -1.16067640e-01 
 1.46739125e+03  1.50447911e+00  1.46739125e+03 -1.17859550e-01 
 1.48438512e+03  1.50447888e+00  1.48438512e+03 -1.19667085e-01 
 1.50157580e+03  1.50447864e+00  1.50157580e+03 -1.21490487e-01 
 1.51896556e+03  1.50447839e+00  1.51896556e+03 -1.23329996e-01 
 1.53655671e+03  1.50447814e+00  1.53655671e+03 -1.25185856e-01 
 1.55435159e+03  1.50447788e+00  1.55435159e+03 -1.27058314e-01 
 1.57235255e+03  1.50447761e+00  1.57235255e+03 -1.28947618e-01 
 1.59056198e+03  1.50447734e+00  1.59056198e+03 -1.30854019e-01 
 1.60898229e+03  1.50447706e+00  1.60898229e+03 -1.32777768e-01 
 1.62761593e+03  1.50447677e+00  1.62761593e+03 -1.34719121e-01 
 1.64646536e+03  1.50447648e+00  1.64646536e+03 -1.36678336e-01 
 1.66553309e+03  1.50447618e+00  1.66553309e+03 -1.38655672e-01 
 1.68482165e+03  1.50447587e+00  1.68482165e+03 -1.40651391e-01 
 1.70433358e+03  1.50447556e+00  1.70433358e+03 -1.42665758e-01 
 1.72407148e+03  1.50447523e+00  1.72407148e+03 -1.44699041e-01 
 1.74403797e+03  1.50447490e+00  1.74403797e+03 -1.46751508e-01 
 1.76423569e+03  1.50447456e+00  1.76423569e+03 -1.48823432e-01 
 1.78466732e+03  1.50447422e+00  1.78466732e+03 -1.50915087e-01 
 1.80533557e+03  1.50447386e+00  1.80533557e+03 -1.53026751e-01 
 1.82624317e+03  1.50447350e+00  1.82624317e+03 -1.55158703e-01 
 1.84739291e+03  1.50447312e+00  1.84739291e+03 -1.57311227e-01 
 1.86878759e+03  1.50447274e+00  1.86878759e+03 -1.59484608e-01 
 1.89043003e+03  1.50447235e+00  1.89043003e+03 -1.61679134e-01 
 1.91232312e+03  1.50447195e+00  1.91232312e+03 -1.63895095e-01 
 1.93446975e+03  1.50447154e+00  1.93446975e+03 -1.66132786e-01 
 1.95687286e+03  1.50447112e+00  1.95687286e+03 -1.68392504e-01 
 1.97953542e+03  1.50447069e+00  1.97953542e+03 -1.70674547e-01 
 2.00246044e+03  1.50447025e+00  2.00246044e+03 -1.72979219e-01 
 2.02565095e+03  1.50446979e+00  2.02565095e+03 -1.75306825e-01 
 2.04911003e+03  1.50446933e+00  2.04911003e+03 -1.77657673e-01 
 2.07284080e+03  1.50446886e+00  2.07284080e+03 -1.80032076e-01 
 2.09684638e+03  1.50446837e+00  2.09684638e+03 -1.82430348e-01 
 2.12112998e+03  1.50446788e+00  2.12112998e+03 -1.84852807e-01 
 2.14569480e+03  1.50446737e+00  2.14569480e+03 -1.87299774e-01 
 2.17054412e+03  1.50446685e+00  2.17054412e+03 -1.89771574e-01 
 2.19568121e+03  1.50446632e+00  2.19568121e+03 -1.92268534e-01 
 2.22110941e+03  1.50446577e+00  2.22110941e+03 -1.94790985e-01 
 2.24683210e+03  1.50446521e+00  2.24683210e+03 -1.97339262e-01 
 2.27285268e+03  1.50446464e+00  2.27285268e+03 -1.99913703e-01 
 2.29917461e+03  1.50446406e+00  2.29917461e+03 -2.02514649e-01 
 2.32580137e+03  1.50446346e+00  2.32580137e+03 -2.05142444e-01 
 2.35273649e+03  1.50446285e+00  2.35273649e+03 -2.07797438e-01 
 2.37998356e+03  1.50446222e+00  2.37998356e+03 -2.10479982e-01 
 2.40754617e+03  1.50446158e+00  2.40754617e+03 -2.13190432e-01 
 2.43542798e+03  1.50446092e+00  2.43542798e+03 -2.15929147e-01 
 2.46363269e+03  1.50446025e+00  2.46363269e+03 -2.18696490e-01 
 2.49216405e+03  1.50445956e+00  2.49216405e+03 -2.21492828e-01 
 2.52102582e+03  1.50445885e+00  2.52102582e+03 -2.24318532e-01 
 2.55022184e+03  1.50445813e+00  2.55022184e+03 -2.27173977e-01 
 2.57975598e+03  1.50445739e+00  2.57975598e+03 -2.30059540e-01 
 2.60963216e+03  1.50445664e+00  2.60963216e+03 -2.32975606e-01 
 2.63985434e+03  1.50445586e+00  2.63985434e+03 -2.35922559e-01 
 2.67042651e+03  1.50445507e+00  2.67042651e+03 -2.38900792e-01 
 2.70135274e+03  1.50445426e+00  2.70135274e+03 -2.41910698e-01 
 2.73263713e+03  1.50445343e+00  2.73263713e+03 -2.44952677e-01 
 2.76428383e+03  1.50445258e+00  2.76428383e+03 -2.48027132e-01 
 2.79629703e+03  1.50445172e+00  2.79629703e+03 -2.51134470e-01 
 2.82868097e+03  1.50445083e+00  2.82868097e+03 -2.54275105e-01 
 2.86143995e+03  1.50444992e+00  2.86143995e+03 -2.57449451e-01 
 2.89457831e+03  1.50444899e+00  2.89457831e+03 -2.60657930e-01 
 2.92810044e+03  1.50444803e+00  2.92810044e+03 -2.63900967e-01 
 2.96201080e+03  1.50444706e+00  2.96201080e+03 -2.67178993e-01 
 2.99631387e+03  1.50444606e+00  2.99631387e+03 -2.70492441e-01 
 3.03101421e+03  1.50444504e+00  3.03101421e+03 -2.73841751e-01 
 3.06611641e+03  1.50444399e+00  3.06611641e+03 -2.77227367e-01 
 3.10162514e+03  1.50444292e+00  3.10162514e+03 -2.80649738e-01 
 3.13754508e+03  1.50444183e+00  3.13754508e+03 -2.84109318e-01 
 3.17388102e+03  1.50444071e+00  3.17388102e+03 -2.87606565e-01 
 3.21063777e+03  1.50443956e+00  3.21063777e+03 -2.91141943e-01 
 3.24782019e+03  1.50443839e+00  3.24782019e+03 -2.94715920e-01 
 3.28543323e+03  1.50443718e+00  3.28543323e+03 -2.98328970e-01 
 3.32348186e+03  1.50443595e+00  3.32348186e+03 -3.01981573e-01 
 3.36197113e+03  1.50443470e+00  3.36197113e+03 -3.05674213e-01 
 3.40090615e+03  1.50443341e+00  3.40090615e+03 -3.09407379e-01 
 3.44029207e+03  1.50443209e+00  3.44029207e+03 -3.13181565e-01 
 3.48013412e+03  1.50443074e+00  3.48013412e+03 -3.16997273e-01 
 3.52043759e+03  1.50442936e+00  3.52043759e+03 -3.20855008e-01 
 3.56120781e+03  1.50442795e+00  3.56120781e+03 -3.24755282e-01 
 3.60245019e+03  1.50442651e+00  3.60245019e+03 -3.28698612e-01 
 3.64417019e+03  1.50442503e+00  3.64417019e+03 -3.32685520e-01 
 3.68637336e+03  1.50442351e+00  3.68637336e+03 -3.36716535e-01 
 3.72906528e+03  1.50442197e+00  3.72906528e+03 -3.40792191e-01 
 3.77225162e+03  1.50442038e+00  3.77225162e+03 -3.44913029e-01 
 3.81593810e+03  1.50441876e+00  3.81593810e+03 -3.49079595e-01 
 3.86013052e+03  1.50441710e+00  3.86013052e+03 -3.53292441e-01 
 3.90483472e+03  1.50441540e+00  3.90483472e+03 -3.57552126e-01 
 3.95005665e+03  1.50441366e+00  3.95005665e+03 -3.61859214e-01 
 3.99580229e+03  1.50441188e+00  3.99580229e+03 -3.66214277e-01 
 4.04207771e+03  1.50441006e+00  4.04207771e+03 -3.70617892e-01 
 4.08888905e+03  1.50440820e+00  4.08888905e+03 -3.75070642e-01 
 4.13624251e+03  1.50440630e+00  4.13624251e+03 -3.79573118e-01 
 4.18414437e+03  1.50440434e+00  4.18414437e+03 -3.84125916e-01 
 4.23260098e+03  1.50440235e+00  4.23260098e+03 -3.88729641e-01 
 4.28161877e+03  1.50440031e+00  4.28161877e+03 -3.93384902e-01 
 4.33120424e+03  1.50439822e+00  4.33120424e+03 -3.98092317e-01 
 4.38136395e+03  1.50439608e+00  4.38136395e+03 -4.02852509e-01 
 4.43210457e+03  1.50439389e+00  4.43210457e+03 -4.07666110e-01 
 4.48343281e+03  1.50439165e+00  4.48343281e+03 -4.12533758e-01 
 4.53535548e+03  1.50438936e+00  4.53535548e+03 -4.17456097e-01 
 4.58787948e+03  1.50438701e+00  4.58787948e+03 -4.22433781e-01 
 4.64101175e+03  1.50438461e+00  4.64101175e+03 -4.27467470e-01 
 4.69475935e+03  1.50438215e+00  4.69475935e+03 -4.32557829e-01 
 4.74912940e+03  1.50437964e+00  4.74912940e+03 -4.37705536e-01 
 4.80412911e+03  1.50437707e+00  4.80412911e+03 -4.42911270e-01 
 4.85976577e+03  1.50437444e+00  4.85976577e+03 -4.48175724e-01 
 4.91604676e+03  1.50437174e+00  4.91604676e+03 -4.53499594e-01 
 4.97297954e+03  1.50436899e+00  4.97297954e+03 -4.58883586e-01 
 5.03057166e+03  1.50436617e+00  5.03057166e+03 -4.64328415e-01 
 5.08883076e+03  1.50436328e+00  5.08883076e+03 -4.69834801e-01 
 5.14776455e+03  1.50436033e+00  5.14776455e+03 -4.75403474e-01 
 5.20738086e+03  1.50435730e+00  5.20738086e+03 -4.81035173e-01 
 5.26768758e+03  1.50435421e+00  5.26768758e+03 -4.86730645e-01 
 5.32869272e+03  1.50435105e+00  5.32869272e+03 -4.92490643e-01 
 5.39040436e+03  1.50434781e+00  5.39040436e+03 -4.98315932e-01 
 5.45283068e+03  1.50434449e+00  5.45283068e+03 -5.04207283e-01 
 5.51597996e+03  1.50434110e+00  5.51597996e+03 -5.10165479e-01 
 5.57986057e+03  1.50433763e+00  5.57986057e+03 -5.16191307e-01 
 5.64448099e+03  1.50433408e+00  5.64448099e+03 -5.22285568e-01 
 5.70984977e+03  1.50433045e+00  5.70984977e+03 -5.28449068e-01 
 5.77597559e+03  1.50432673e+00  5.77597559e+03 -5.34682625e-01 
 5.84286722e+03  1.50432292e+00  5.84286722e+03 -5.40987065e-01 
 5.91053351e+03  1.50431903e+00  5.91053351e+03 -5.47363224e-01 
 5.97898345e+03  1.50431504e+00  5.97898345e+03 -5.53811946e-01 
 6.04822611e+03  1.50431096e+00  6.04822611e+03 -5.60334087e-01 
 6.11827067e+03  1.50430679e+00  6.11827067e+03 -5.66930510e-01 
 6.18912642e+03  1.50430252e+00  6.18912642e+03 -5.73602091e-01 
 6.26080275e+03  1.50429815e+00  6.26080275e+03 -5.80349712e-01 
 6.33330916e+03  1.50429368e+00  6.33330916e+03 -5.87174270e-01 
 6.40665527e+03  1.50428911e+00  6.40665527e+03 -5.94076667e-01 
 6.48085080e+03  1.50428442e+00  6.48085080e+03 -6.01057819e-01 
 6.55590559e+03  1.50427963e+00  6.55590559e+03 -6.08118652e-01 
 6.63182959e+03  1.50427473e+00  6.63182959e+03 -6.15260100e-01 
 6.70863287e+03  1.50426971e+00  6.70863287e+03 -6.22483111e-01 
 6.78632561e+03  1.50426458e+00  6.78632561e+03 -6.29788641e-01 
 6.86491811e+03  1.50425933e+00  6.86491811e+03 -6.37177659e-01 
 6.94442078e+03  1.50425395e+00  6.94442078e+03 -6.44651144e-01 
 7.02484418e+03  1.50424845e+00  7.02484418e+03 -6.52210087e-01 
 7.10619897e+03  1.50424282e+00  7.10619897e+03 -6.59855488e-01 
 7.18849592e+03  1.50423706e+00  7.18849592e+03 -6.67588362e-01 
 7.27174595e+03  1.50423117e+00  7.27174595e+03 -6.75409734e-01 
 7.35596011e+03  1.50422513e+00  7.35596011e+03 -6.83320638e-01 
 7.44114955e+03  1.50421896e+00  7.44114955e+03 -6.91322125e-01 
 7.52732557e+03  1.50421264e+00  7.52732557e+03 -6.99415254e-01 
 7.61449959e+03  1.50420618e+00  7.61449959e+03 -7.07601098e-01 
 7.70268318e+03  1.50419957e+00  7.70268318e+03 -7.15880741e-01 
 7.79188802e+03  1.50419280e+00  7.79188802e+03 -7.24255280e-01 
 7.88212595e+03  1.50418587e+00  7.88212595e+03 -7.32725826e-01 
 7.97340892e+03  1.50417879e+00  7.97340892e+03 -7.41293500e-01 
 8.06574904e+03  1.50417154e+00  8.06574904e+03 -7.49959439e-01 
 8.15915855e+03  1.50416411e+00  8.15915855e+03 -7.58724790e-01 
 8.25364983e+03  1.50415652e+00  8.25364983e+03 -7.67590714e-01 
 8.34923543e+03  1.50414875e+00  8.34923543e+03 -7.76558386e-01 
 8.44592800e+03  1.50414080e+00  8.44592800e+03 -7.85628996e-01 
 8.54374036e+03  1.50413266e+00  8.54374036e+03 -7.94803743e-01 
 8.64268550e+03  1.50412433e+00  8.64268550e+03 -8.04083844e-01 
 8.74277651e+03  1.50411581e+00  8.74277651e+03 -8.13470529e-01 
 8.84402669e+03  1.50410710e+00  8.84402669e+03 -8.22965041e-01 
 8.94644944e+03  1.50409817e+00  8.94644944e+03 -8.32568638e-01 
 9.05005835e+03  1.50408904e+00  9.05005835e+03 -8.42282593e-01 
 9.15486716e+03  1.50407970e+00  9.15486716e+03 -8.52108191e-01 
 9.26088975e+03  1.50407014e+00  9.26088975e+03 -8.62046736e-01 
 9.36814020e+03  1.50406036e+00  9.36814020e+03 -8.72099543e-01 
 9.47663271e+03  1.50405035e+00  9.47663271e+03 -8.82267945e-01 
 9.58638168e+03  1.50404010e+00  9.58638168e+03 -8.92553288e-01 
 9.69740165e+03  1.50402962e+00  9.69740165e+03 -9.02956935e-01 
 9.80970735e+03  1.50401890e+00  9.80970735e+03 -9.13480264e-01 
 9.92331366e+03  1.50400792e+00  9.92331366e+03 -9.24124669e-01 
 1.00382356e+04  1.50399669e+00  1.00382356e+04 -9.34891559e-01 
 1.01544885e+04  1.50398520e+00  1.01544885e+04 -9.45782362e-01 
 1.02720878e+04  1.50397343e+00  1.02720878e+04 -9.56798520e-01 
 1.03910489e+04  1.50396140e+00  1.03910489e+04 -9.67941491e-01 
 1.05113877e+04  1.50394908e+00  1.05113877e+04 -9.79212753e-01 
 1.06331202e+04  1.50393648e+00  1.06331202e+04 -9.90613796e-01 
 1.07562625e+04  1.50392359e+00  1.07562625e+04 -1.00214613e+00 
 1.08808308e+04  1.50391039e+00  1.08808308e+04 -1.01381129e+00 
 1.10068418e+04  1.50389689e+00  1.10068418e+04 -1.02561081e+00 
 1.11343122e+04  1.50388307e+00  1.11343122e+04 -1.03754626e+00 
 1.12632587e+04  1.50386893e+00  1.12632587e+04 -1.04961921e+00 
 1.13936986e+04  1.50385446e+00  1.13936986e+04 -1.06183128e+00 
 1.15256492e+04  1.50383966e+00  1.15256492e+04 -1.07418406e+00 
 1.16591278e+04  1.50382451e+00  1.16591278e+04 -1.08667921e+00 
 1.17941523e+04  1.50380900e+00  1.17941523e+04 -1.09931837e+00 
 1.19307404e+04  1.50379314e+00  1.19307404e+04 -1.11210322e+00 
 1.20689105e+04  1.50377690e+00  1.20689105e+04 -1.12503545e+00 
 1.22086806e+04  1.50376029e+00  1.22086806e+04 -1.13811677e+00 
 1.23500695e+04  1.50374329e+00  1.23500695e+04 -1.15134892e+00 
 1.24930957e+04  1.50372590e+00  1.24930957e+04 -1.16473364e+00 
 1.26377784e+04  1.50370810e+00  1.26377784e+04 -1.17827272e+00 
 1.27841366e+04  1.50368989e+00  1.27841366e+04 -1.19196793e+00 
 1.29321898e+04  1.50367125e+00  1.29321898e+04 -1.20582110e+00 
 1.30819576e+04  1.50365218e+00  1.30819576e+04 -1.21983405e+00 
 1.32334599e+04  1.50363266e+00  1.32334599e+04 -1.23400865e+00 
 1.33867167e+04  1.50361269e+00  1.33867167e+04 -1.24834677e+00 
 1.35417484e+04  1.50359226e+00  1.35417484e+04 -1.26285030e+00 
 1.36985755e+04  1.50357135e+00  1.36985755e+04 -1.27752117e+00 
 1.38572188e+04  1.50354995e+00  1.38572188e+04 -1.29236132e+00 
 1.40176994e+04  1.50352805e+00  1.40176994e+04 -1.30737271e+00 
 1.41800385e+04  1.50350565e+00  1.41800385e+04 -1.32255733e+00 
 1.43442576e+04  1.50348272e+00  1.43442576e+04 -1.33791719e+00 
 1.45103786e+04  1.50345926e+00  1.45103786e+04 -1.35345432e+00 
 1.46784234e+04  1.50343525e+00  1.46784234e+04 -1.36917077e+00 
 1.48484144e+04  1.50341068e+00  1.48484144e+04 -1.38506863e+00 
 1.50203740e+04  1.50338555e+00  1.50203740e+04 -1.40115000e+00 
 1.51943251e+04  1.50335982e+00  1.51943251e+04 -1.41741701e+00 
 1.53702907e+04  1.50333350e+00  1.53702907e+04 -1.43387181e+00 
 1.55482942e+04  1.50330656e+00  1.55482942e+04 -1.45051657e+00 
 1.57283591e+04  1.50327900e+00  1.57283591e+04 -1.46735350e+00 
 1.59105094e+04  1.50325080e+00  1.59105094e+04 -1.48438483e+00 
 1.60947691e+04  1.50322194e+00  1.60947691e+04 -1.50161281e+00 
 1.62811628e+04  1.50319241e+00  1.62811628e+04 -1.51903971e+00 
 1.64697151e+04  1.50316219e+00  1.64697151e+04 -1.53666784e+00 
 1.66604510e+04  1.50313126e+00  1.66604510e+04 -1.55449953e+00 
 1.68533958e+04  1.50309962e+00  1.68533958e+04 -1.57253715e+00 
 1.70485751e+04  1.50306724e+00  1.70485751e+04 -1.59078307e+00 
 1.72460148e+04  1.50303411e+00  1.72460148e+04 -1.60923970e+00 
 1.74457411e+04  1.50300021e+00  1.74457411e+04 -1.62790950e+00 
 1.76477804e+04  1.50296551e+00  1.76477804e+04 -1.64679492e+00 
 1.78521595e+04  1.50293001e+00  1.78521595e+04 -1.66589847e+00 
 1.80589055e+04  1.50289369e+00  1.80589055e+04 -1.68522266e+00 
 1.82680458e+04  1.50285651e+00  1.82680458e+04 -1.70477006e+00 
 1.84796082e+04  1.50281848e+00  1.84796082e+04 -1.72454325e+00 
 1.86936208e+04  1.50277955e+00  1.86936208e+04 -1.74454483e+00 
 1.89101117e+04  1.50273973e+00  1.89101117e+04 -1.76477745e+00 
 1.91291099e+04  1.50269897e+00  1.91291099e+04 -1.78524380e+00 
 1.93506443e+04  1.50265727e+00  1.93506443e+04 -1.80594656e+00 
 1.95747443e+04  1.50261460e+00  1.95747443e+04 -1.82688847e+00 
 1.98014396e+04  1.50257093e+00  1.98014396e+04 -1.84807231e+00 
 2.00307602e+04  1.50252625e+00  2.00307602e+04 -1.86950087e+00 
 2.02627366e+04  1.50248053e+00  2.02627366e+04 -1.89117698e+00 
 2.04973996e+04  1.50243374e+00  2.04973996e+04 -1.91310351e+00 
 2.07347801e+04  1.50238587e+00  2.07347801e+04 -1.93528334e+00 
 2.09749098e+04  1.50233688e+00  2.09749098e+04 -1.95771941e+00 
 2.12178204e+04  1.50228675e+00  2.12178204e+04 -1.98041468e+00 
 2.14635442e+04  1.50223546e+00  2.14635442e+04 -2.00337215e+00 
 2.17121137e+04  1.50218297e+00  2.17121137e+04 -2.02659485e+00 
 2.19635619e+04  1.50212926e+00  2.19635619e+04 -2.05008584e+00 
 2.22179221e+04  1.50207430e+00  2.22179221e+04 -2.07384822e+00 
 2.24752280e+04  1.50201807e+00  2.24752280e+04 -2.09788513e+00 
 2.27355138e+04  1.50196052e+00  2.27355138e+04 -2.12219974e+00 
 2.29988140e+04  1.50190164e+00  2.29988140e+04 -2.14679527e+00 
 2.32651635e+04  1.50184139e+00  2.32651635e+04 -2.17167494e+00 
 2.35345976e+04  1.50177974e+00  2.35345976e+04 -2.19684205e+00 
 2.38071520e+04  1.50171665e+00  2.38071520e+04 -2.22229992e+00 
 2.40828628e+04  1.50165210e+00  2.40828628e+04 -2.24805190e+00 
 2.43617666e+04  1.50158604e+00  2.43617666e+04 -2.27410139e+00 
 2.46439005e+04  1.50151845e+00  2.46439005e+04 -2.30045182e+00 
 2.49293017e+04  1.50144929e+00  2.49293017e+04 -2.32710667e+00 
 2.52180082e+04  1.50137852e+00  2.52180082e+04 -2.35406944e+00 
 2.55100581e+04  1.50130611e+00  2.55100581e+04 -2.38134370e+00 
 2.58054904e+04  1.50123201e+00  2.58054904e+04 -2.40893304e+00 
 2.61043440e+04  1.50115619e+00  2.61043440e+04 -2.43684110e+00 
 2.64066586e+04  1.50107860e+00  2.64066586e+04 -2.46507154e+00 
 2.67124744e+04  1.50099921e+00  2.67124744e+04 -2.49362809e+00 
 2.70218318e+04  1.50091798e+00  2.70218318e+04 -2.52251451e+00 
 2.73347718e+04  1.50083486e+00  2.73347718e+04 -2.55173460e+00 
 2.76513361e+04  1.50074981e+00  2.76513361e+04 -2.58129221e+00 
 2.79715664e+04  1.50066278e+00  2.79715664e+04 -2.61119123e+00 
 2.82955054e+04  1.50057373e+00  2.82955054e+04 -2.64143559e+00 
 2.86231959e+04  1.50048260e+00  2.86231959e+04 -2.67202929e+00 
 2.89546814e+04  1.50038937e+00  2.89546814e+04 -2.70297633e+00 
 2.92900058e+04  1.50029396e+00  2.92900058e+04 -2.73428079e+00 
 2.96292136e+04  1.50019634e+00  2.96292136e+04 -2.76594680e+00 
 2.99723498e+04  1.50009645e+00  2.99723498e+04 -2.79797850e+00 
 3.03194599e+04  1.49999424e+00  3.03194599e+04 -2.83038012e+00 
 3.06705898e+04  1.49988965e+00  3.06705898e+04 -2.86315591e+00 
 3.10257862e+04  1.49978264e+00  3.10257862e+04 -2.89631019e+00 
 3.13850961e+04  1.49967314e+00  3.13850961e+04 -2.92984730e+00 
 3.17485672e+04  1.49956110e+00  3.17485672e+04 -2.96377165e+00 
 3.21162476e+04  1.49944646e+00  3.21162476e+04 -2.99808770e+00 
 3.24881861e+04  1.49932915e+00  3.24881861e+04 -3.03279995e+00 
 3.28644321e+04  1.49920912e+00  3.28644321e+04 -3.06791297e+00 
 3.32450354e+04  1.49908630e+00  3.32450354e+04 -3.10343135e+00 
 3.36300464e+04  1.49896063e+00  3.36300464e+04 -3.13935977e+00 
 3.40195163e+04  1.49883205e+00  3.40195163e+04 -3.17570292e+00 
 3.44134966e+04  1.49870048e+00  3.44134966e+04 -3.21246559e+00 
 3.48120396e+04  1.49856586e+00  3.48120396e+04 -3.24965259e+00 
 3.52151982e+04  1.49842811e+00  3.52151982e+04 -3.28726879e+00 
 3.56230257e+04  1.49828716e+00  3.56230257e+04 -3.32531912e+00 
 3.60355763e+04  1.49814295e+00  3.60355763e+04 -3.36380858e+00 
 3.64529046e+04  1.49799539e+00  3.64529046e+04 -3.40274220e+00 
 3.68750660e+04  1.49784440e+00  3.68750660e+04 -3.44212507e+00 
 3.73021165e+04  1.49768992e+00  3.73021165e+04 -3.48196237e+00 
 3.77341126e+04  1.49753185e+00  3.77341126e+04 -3.52225929e+00 
 3.81711117e+04  1.49737011e+00  3.81711117e+04 -3.56302111e+00 
 3.86131717e+04  1.49720463e+00  3.86131717e+04 -3.60425316e+00 
 3.90603512e+04  1.49703530e+00  3.90603512e+04 -3.64596084e+00 
 3.95127095e+04  1.49686205e+00  3.95127095e+04 -3.68814959e+00 
 3.99703065e+04  1.49668479e+00  3.99703065e+04 -3.73082492e+00 
 4.04332030e+04  1.49650341e+00  4.04332030e+04 -3.77399242e+00 
 4.09014603e+04  1.49631783e+00  4.09014603e+04 -3.81765772e+00 
 4.13751404e+04  1.49612795e+00  4.13751404e+04 -3.86182651e+00 
 4.18543063e+04  1.49593367e+00  4.18543063e+04 -3.90650456e+00 
 4.23390214e+04  1.49573489e+00  4.23390214e+04 -3.95169770e+00 
 4.28293500e+04  1.49553151e+00  4.28293500e+04 -3.99741182e+00 
 4.33253571e+04  1.49532341e+00  4.33253571e+04 -4.04365288e+00 
 4.38271084e+04  1.49511049e+00  4.38271084e+04 -4.09042690e+00 
 4.43346705e+04  1.49489265e+00  4.43346705e+04 -4.13773997e+00 
 4.48481108e+04  1.49466976e+00  4.48481108e+04 -4.18559826e+00 
 4.53674971e+04  1.49444171e+00  4.53674971e+04 -4.23400798e+00 
 4.58928985e+04  1.49420838e+00  4.58928985e+04 -4.28297545e+00 
 4.64243846e+04  1.49396965e+00  4.64243846e+04 -4.33250701e+00 
 4.69620258e+04  1.49372540e+00  4.69620258e+04 -4.38260912e+00 
 4.75058934e+04  1.49347549e+00  4.75058934e+04 -4.43328827e+00 
 4.80560596e+04  1.49321981e+00  4.80560596e+04 -4.48455104e+00 
 4.86125973e+04  1.49295821e+00  4.86125973e+04 -4.53640410e+00 
 4.91755802e+04  1.49269056e+00  4.91755802e+04 -4.58885416e+00 
 4.97450830e+04  1.49241672e+00  4.97450830e+04 -4.64190802e+00 
 5.03211813e+04  1.49213655e+00  5.03211813e+04 -4.69557255e+00 
 5.09039513e+04  1.49184991e+00  5.09039513e+04 -4.74985472e+00 
 5.14934704e+04  1.49155664e+00  5.14934704e+04 -4.80476153e+00 
 5.20898168e+04  1.49125660e+00  5.20898168e+04 -4.86030010e+00 
 5.26930694e+04  1.49094963e+00  5.26930694e+04 -4.91647760e+00 
 5.33033083e+04  1.49063556e+00  5.33033083e+04 -4.97330130e+00 
 5.39206144e+04  1.49031425e+00  5.39206144e+04 -5.03077852e+00 
 5.45450695e+04  1.48998552e+00  5.45450695e+04 -5.08891670e+00 
 5.51767564e+04  1.48964919e+00  5.51767564e+04 -5.14772332e+00 
 5.58157589e+04  1.48930511e+00  5.58157589e+04 -5.20720596e+00 
 5.64621617e+04  1.48895309e+00  5.64621617e+04 -5.26737230e+00 
 5.71160505e+04  1.48859295e+00  5.71160505e+04 -5.32823007e+00 
 5.77775120e+04  1.48822450e+00  5.77775120e+04 -5.38978710e+00 
 5.84466339e+04  1.48784756e+00  5.84466339e+04 -5.45205130e+00 
 5.91235049e+04  1.48746193e+00  5.91235049e+04 -5.51503068e+00 
 5.98082147e+04  1.48706741e+00  5.98082147e+04 -5.57873331e+00 
 6.05008542e+04  1.48666381e+00  6.05008542e+04 -5.64316737e+00 
 6.12015151e+04  1.48625090e+00  6.12015151e+04 -5.70834111e+00 
 6.19102904e+04  1.48582849e+00  6.19102904e+04 -5.77426289e+00 
 6.26272740e+04  1.48539636e+00  6.26272740e+04 -5.84094114e+00 
 6.33525610e+04  1.48495428e+00  6.33525610e+04 -5.90838439e+00 
 6.40862476e+04  1.48450202e+00  6.40862476e+04 -5.97660125e+00 
 6.48284310e+04  1.48403937e+00  6.48284310e+04 -6.04560042e+00 
 6.55792097e+04  1.48356607e+00  6.55792097e+04 -6.11539072e+00 
 6.63386831e+04  1.48308190e+00  6.63386831e+04 -6.18598104e+00 
 6.71069519e+04  1.48258660e+00  6.71069519e+04 -6.25738035e+00 
 6.78841182e+04  1.48207992e+00  6.78841182e+04 -6.32959775e+00 
 6.86702847e+04  1.48156160e+00  6.86702847e+04 -6.40264241e+00 
 6.94655559e+04  1.48103138e+00  6.94655559e+04 -6.47652360e+00 
 7.02700371e+04  1.48048899e+00  7.02700371e+04 -6.55125070e+00 
 7.10838351e+04  1.47993415e+00  7.10838351e+04 -6.62683317e+00 
 7.19070576e+04  1.47936659e+00  7.19070576e+04 -6.70328059e+00 
 7.27398139e+04  1.47878602e+00  7.27398139e+04 -6.78060261e+00 
 7.35822143e+04  1.47819214e+00  7.35822143e+04 -6.85880900e+00 
 7.44343706e+04  1.47758465e+00  7.44343706e+04 -6.93790963e+00 
 7.52963957e+04  1.47696325e+00  7.52963957e+04 -7.01791447e+00 
 7.61684039e+04  1.47632763e+00  7.61684039e+04 -7.09883359e+00 
 7.70505109e+04  1.47567745e+00  7.70505109e+04 -7.18067717e+00 
 7.79428335e+04  1.47501241e+00  7.79428335e+04 -7.26345547e+00 
 7.88454902e+04  1.47433215e+00  7.88454902e+04 -7.34717889e+00 
 7.97586005e+04  1.47363635e+00  7.97586005e+04 -7.43185792e+00 
 8.06822855e+04  1.47292465e+00  8.06822855e+04 -7.51750314e+00 
 8.16166678e+04  1.47219670e+00  8.16166678e+04 -7.60412526e+00 
 8.25618712e+04  1.47145213e+00  8.25618712e+04 -7.69173509e+00 
 8.35180209e+04  1.47069057e+00  8.35180209e+04 -7.78034354e+00 
 8.44852439e+04  1.46991164e+00  8.44852439e+04 -7.86996165e+00 
 8.54636682e+04  1.46911496e+00  8.54636682e+04 -7.96060054e+00 
 8.64534237e+04  1.46830013e+00  8.64534237e+04 -8.05227147e+00 
 8.74546416e+04  1.46746674e+00  8.74546416e+04 -8.14498579e+00 
 8.84674546e+04  1.46661438e+00  8.84674546e+04 -8.23875497e+00 
 8.94919970e+04  1.46574263e+00  8.94919970e+04 -8.33359060e+00 
 9.05284046e+04  1.46485107e+00  9.05284046e+04 -8.42950436e+00 
 9.15768148e+04  1.46393924e+00  9.15768148e+04 -8.52650808e+00 
 9.26373667e+04  1.46300670e+00  9.26373667e+04 -8.62461367e+00 
 9.37102009e+04  1.46205300e+00  9.37102009e+04 -8.72383317e+00 
 9.47954596e+04  1.46107766e+00  9.47954596e+04 -8.82417874e+00 
 9.58932866e+04  1.46008020e+00  9.58932866e+04 -8.92566265e+00 
 9.70038276e+04  1.45906015e+00  9.70038276e+04 -9.02829728e+00 
 9.81272298e+04  1.45801700e+00  9.81272298e+04 -9.13209514e+00 
 9.92636421e+04  1.45695024e+00  9.92636421e+04 -9.23706886e+00 
 1.00413215e+05  1.45585936e+00  1.00413215e+05 -9.34323118e+00 
 1.01576102e+05  1.45474382e+00  1.01576102e+05 -9.45059495e+00 
 1.02752455e+05  1.45360309e+00  1.02752455e+05 -9.55917317e+00 
 1.03942432e+05  1.45243661e+00  1.03942432e+05 -9.66897892e+00 
 1.05146191e+05  1.45124382e+00  1.05146191e+05 -9.78002544e+00 
 1.06363890e+05  1.45002415e+00  1.06363890e+05 -9.89232607e+00 
 1.07595691e+05  1.44877701e+00  1.07595691e+05 -1.00058943e+01 
 1.08841757e+05  1.44750181e+00  1.08841757e+05 -1.01207436e+01 
 1.10102255e+05  1.44619793e+00  1.10102255e+05 -1.02368878e+01 
 1.11377350e+05  1.44486475e+00  1.11377350e+05 -1.03543408e+01 
 1.12667212e+05  1.44350164e+00  1.12667212e+05 -1.04731163e+01 
 1.13972012e+05  1.44210795e+00  1.13972012e+05 -1.05932286e+01 
 1.15291923e+05  1.44068301e+00  1.15291923e+05 -1.07146918e+01 
 1.16627120e+05  1.43922617e+00  1.16627120e+05 -1.08375203e+01 
 1.17977779e+05  1.43773672e+00  1.17977779e+05 -1.09617285e+01 
 1.19344081e+05  1.43621398e+00  1.19344081e+05 -1.10873310e+01 
 1.20726206e+05  1.43465722e+00  1.20726206e+05 -1.12143425e+01 
 1.22124337e+05  1.43306572e+00  1.22124337e+05 -1.13427777e+01 
 1.23538660e+05  1.43143873e+00  1.23538660e+05 -1.14726517e+01 
 1.24969363e+05  1.42977550e+00  1.24969363e+05 -1.16039796e+01 
 1.26416634e+05  1.42807526e+00  1.26416634e+05 -1.17367764e+01 
 1.27880666e+05  1.42633722e+00  1.27880666e+05 -1.18710576e+01 
 1.29361653e+05  1.42456058e+00  1.29361653e+05 -1.20068386e+01 
 1.30859792e+05  1.42274453e+00  1.30859792e+05 -1.21441350e+01 
 1.32375280e+05  1.42088823e+00  1.32375280e+05 -1.22829625e+01 
 1.33908319e+05  1.41899083e+00  1.33908319e+05 -1.24233368e+01 
 1.35459113e+05  1.41705147e+00  1.35459113e+05 -1.25652740e+01 
 1.37027866e+05  1.41506927e+00  1.37027866e+05 -1.27087901e+01 
 1.38614787e+05  1.41304333e+00  1.38614787e+05 -1.28539013e+01 
 1.40220086e+05  1.41097274e+00  1.40220086e+05 -1.30006240e+01 
 1.41843976e+05  1.40885657e+00  1.41843976e+05 -1.31489745e+01 
 1.43486672e+05  1.40669388e+00  1.43486672e+05 -1.32989695e+01 
 1.45148393e+05  1.40448369e+00  1.45148393e+05 -1.34506256e+01 
 1.46829358e+05  1.40222502e+00  1.46829358e+05 -1.36039598e+01 
 1.48529790e+05  1.39991689e+00  1.48529790e+05 -1.37589888e+01 
 1.50249915e+05  1.39755825e+00  1.50249915e+05 -1.39157297e+01 
 1.51989960e+05  1.39514809e+00  1.51989960e+05 -1.40741998e+01 
 1.53750157e+05  1.39268535e+00  1.53750157e+05 -1.42344164e+01 
 1.55530739e+05  1.39016895e+00  1.55530739e+05 -1.43963968e+01 
 1.57331942e+05  1.38759780e+00  1.57331942e+05 -1.45601587e+01 
 1.59154005e+05  1.38497078e+00  1.59154005e+05 -1.47257196e+01 
 1.60997169e+05  1.38228678e+00  1.60997169e+05 -1.48930973e+01 
 1.62861678e+05  1.37954463e+00  1.62861678e+05 -1.50623098e+01 
 1.64747781e+05  1.37674317e+00  1.64747781e+05 -1.52333751e+01 
 1.66655726e+05  1.37388121e+00  1.66655726e+05 -1.54063113e+01 
 1.68585768e+05  1.37095753e+00  1.68585768e+05 -1.55811365e+01 
 1.70538161e+05  1.36797092e+00  1.70538161e+05 -1.57578693e+01 
 1.72513165e+05  1.36492010e+00  1.72513165e+05 -1.59365280e+01 
 1.74511042e+05  1.36180382e+00  1.74511042e+05 -1.61171312e+01 
 1.76532055e+05  1.35862078e+00  1.76532055e+05 -1.62996977e+01 
 1.78576475e+05  1.35536967e+00  1.78576475e+05 -1.64842461e+01 
 1.80644570e+05  1.35204915e+00  1.80644570e+05 -1.66707955e+01 
 1.82736617e+05  1.34865787e+00  1.82736617e+05 -1.68593648e+01 
 1.84852891e+05  1.34519444e+00  1.84852891e+05 -1.70499732e+01 
 1.86993674e+05  1.34165746e+00  1.86993674e+05 -1.72426398e+01 
 1.89159250e+05  1.33804552e+00  1.89159250e+05 -1.74373840e+01 
 1.91349905e+05  1.33435718e+00  1.91349905e+05 -1.76342252e+01 
 1.93565930e+05  1.33059095e+00  1.93565930e+05 -1.78331829e+01 
 1.95807618e+05  1.32674536e+00  1.95807618e+05 -1.80342767e+01 
 1.98075268e+05  1.32281889e+00  1.98075268e+05 -1.82375264e+01 
 2.00369179e+05  1.31881001e+00  2.00369179e+05 -1.84429518e+01 
 2.02689657e+05  1.31471716e+00  2.02689657e+05 -1.86505726e+01 
 2.05037007e+05  1.31053876e+00  2.05037007e+05 -1.88604090e+01 
 2.07411543e+05  1.30627321e+00  2.07411543e+05 -1.90724810e+01 
 2.09813578e+05  1.30191889e+00  2.09813578e+05 -1.92868087e+01 
 2.12243431e+05  1.29747414e+00  2.12243431e+05 -1.95034124e+01 
 2.14701424e+05  1.29293728e+00  2.14701424e+05 -1.97223125e+01 
 2.17187883e+05  1.28830663e+00  2.17187883e+05 -1.99435292e+01 
 2.19703138e+05  1.28358047e+00  2.19703138e+05 -2.01670831e+01 
 2.22247522e+05  1.27875705e+00  2.22247522e+05 -2.03929947e+01 
 2.24821372e+05  1.27383460e+00  2.24821372e+05 -2.06212847e+01 
 2.27425030e+05  1.26881134e+00  2.27425030e+05 -2.08519737e+01 
 2.30058842e+05  1.26368545e+00  2.30058842e+05 -2.10850825e+01 
 2.32723155e+05  1.25845509e+00  2.32723155e+05 -2.13206319e+01 
 2.35418324e+05  1.25311841e+00  2.35418324e+05 -2.15586428e+01 
 2.38144706e+05  1.24767351e+00  2.38144706e+05 -2.17991361e+01 
 2.40902662e+05  1.24211850e+00  2.40902662e+05 -2.20421328e+01 
 2.43692558e+05  1.23645143e+00  2.43692558e+05 -2.22876539e+01 
 2.46514763e+05  1.23067036e+00  2.46514763e+05 -2.25357206e+01 
 2.49369653e+05  1.22477330e+00  2.49369653e+05 -2.27863540e+01 
 2.52257605e+05  1.21875826e+00  2.52257605e+05 -2.30395753e+01 
 2.55179003e+05  1.21262320e+00  2.55179003e+05 -2.32954057e+01 
 2.58134233e+05  1.20636607e+00  2.58134233e+05 -2.35538664e+01 
 2.61123688e+05  1.19998482e+00  2.61123688e+05 -2.38149787e+01 
 2.64147764e+05  1.19347734e+00  2.64147764e+05 -2.40787640e+01 
 2.67206861e+05  1.18684151e+00  2.67206861e+05 -2.43452436e+01 
 2.70301386e+05  1.18007519e+00  2.70301386e+05 -2.46144389e+01 
 2.73431749e+05  1.17317623e+00  2.73431749e+05 -2.48863713e+01 
 2.76598365e+05  1.16614243e+00  2.76598365e+05 -2.51610621e+01 
 2.79801653e+05  1.15897159e+00  2.79801653e+05 -2.54385328e+01 
 2.83042038e+05  1.15166149e+00  2.83042038e+05 -2.57188048e+01 
 2.86319950e+05  1.14420986e+00  2.86319950e+05 -2.60018995e+01 
 2.89635824e+05  1.13661444e+00  2.89635824e+05 -2.62878384e+01 
 2.92990099e+05  1.12887294e+00  2.92990099e+05 -2.65766429e+01 
 2.96383220e+05  1.12098304e+00  2.96383220e+05 -2.68683343e+01 
 2.99815637e+05  1.11294241e+00  2.99815637e+05 -2.71629341e+01 
 3.03287805e+05  1.10474870e+00  3.03287805e+05 -2.74604637e+01 
 3.06800183e+05  1.09639953e+00  3.06800183e+05 -2.77609443e+01 
 3.10353239e+05  1.08789251e+00  3.10353239e+05 -2.80643975e+01 
 3.13947443e+05  1.07922523e+00  3.13947443e+05 -2.83708443e+01 
 3.17583271e+05  1.07039526e+00  3.17583271e+05 -2.86803061e+01 
 3.21261205e+05  1.06140015e+00  3.21261205e+05 -2.89928042e+01 
 3.24981734e+05  1.05223744e+00  3.24981734e+05 -2.93083597e+01 
 3.28745351e+05  1.04290465e+00  3.28745351e+05 -2.96269936e+01 
 3.32552554e+05  1.03339928e+00  3.32552554e+05 -2.99487272e+01 
 3.36403848e+05  1.02371881e+00  3.36403848e+05 -3.02735813e+01 
 3.40299744e+05  1.01386072e+00  3.40299744e+05 -3.06015769e+01 
 3.44240758e+05  1.00382247e+00  3.44240758e+05 -3.09327350e+01 
 3.48227413e+05  9.93601503e-01  3.48227413e+05 -3.12670762e+01 
 3.52260238e+05  9.83195247e-01  3.52260238e+05 -3.16046213e+01 
 3.56339767e+05  9.72601125e-01  3.56339767e+05 -3.19453909e+01 
 3.60466541e+05  9.61816544e-01  3.60466541e+05 -3.22894056e+01 
 3.64641107e+05  9.50838902e-01  3.64641107e+05 -3.26366857e+01 
 3.68864019e+05  9.39665590e-01  3.68864019e+05 -3.29872516e+01 
 3.73135837e+05  9.28293986e-01  3.73135837e+05 -3.33411236e+01 
 3.77457126e+05  9.16721464e-01  3.77457126e+05 -3.36983216e+01 
 3.81828460e+05  9.04945390e-01  3.81828460e+05 -3.40588657e+01 
 3.86250419e+05  8.92963126e-01  3.86250419e+05 -3.44227758e+01 
 3.90723589e+05  8.80772028e-01  3.90723589e+05 -3.47900715e+01 
 3.95248562e+05  8.68369449e-01  3.95248562e+05 -3.51607724e+01 
 3.99825939e+05  8.55752741e-01  3.99825939e+05 -3.55348980e+01 
 4.04456327e+05  8.42919256e-01  4.04456327e+05 -3.59124675e+01 
 4.09140339e+05  8.29866346e-01  4.09140339e+05 -3.62935001e+01 
 4.13878597e+05  8.16591363e-01  4.13878597e+05 -3.66780148e+01 
 4.18671729e+05  8.03091667e-01  4.18671729e+05 -3.70660303e+01 
 4.23520370e+05  7.89364619e-01  4.23520370e+05 -3.74575653e+01 
 4.28425163e+05  7.75407587e-01  4.28425163e+05 -3.78526382e+01 
 4.33386759e+05  7.61217950e-01  4.33386759e+05 -3.82512673e+01 
 4.38405814e+05  7.46793093e-01  4.38405814e+05 -3.86534707e+01 
 4.43482996e+05  7.32130416e-01  4.43482996e+05 -3.90592662e+01 
 4.48618977e+05  7.17227329e-01  4.48618977e+05 -3.94686715e+01 
 4.53814437e+05  7.02081258e-01  4.53814437e+05 -3.98817042e+01 
 4.59070066e+05  6.86689647e-01  4.59070066e+05 -4.02983815e+01 
 4.64386560e+05  6.71049959e-01  4.64386560e+05 -4.07187204e+01 
 4.69764625e+05  6.55159675e-01  4.69764625e+05 -4.11427378e+01 
 4.75204974e+05  6.39016303e-01  4.75204974e+05 -4.15704503e+01 
 4.80708327e+05  6.22617371e-01  4.80708327e+05 -4.20018743e+01 
 4.86275414e+05  6.05960439e-01  4.86275414e+05 -4.24370259e+01 
 4.91906974e+05  5.89043093e-01  4.91906974e+05 -4.28759212e+01 
 4.97603753e+05  5.71862953e-01  4.97603753e+05 -4.33185758e+01 
 5.03366507e+05  5.54417670e-01  5.03366507e+05 -4.37650051e+01 
 5.09195999e+05  5.36704934e-01  5.09195999e+05 -4.42152244e+01 
 5.15093002e+05  5.18722473e-01  5.15093002e+05 -4.46692487e+01 
 5.21058299e+05  5.00468055e-01  5.21058299e+05 -4.51270926e+01 
 5.27092679e+05  4.81939493e-01  5.27092679e+05 -4.55887707e+01 
 5.33196944e+05  4.63134646e-01  5.33196944e+05 -4.60542973e+01 
 5.39371903e+05  4.44051423e-01  5.39371903e+05 -4.65236862e+01 
 5.45618374e+05  4.24687781e-01  5.45618374e+05 -4.69969513e+01 
 5.51937185e+05  4.05041735e-01  5.51937185e+05 -4.74741060e+01 
 5.58329174e+05  3.85111355e-01  5.58329174e+05 -4.79551637e+01 
 5.64795189e+05  3.64894771e-01  5.64795189e+05 -4.84401374e+01 
 5.71336088e+05  3.44390176e-01  5.71336088e+05 -4.89290397e+01 
 5.77952736e+05  3.23595828e-01  5.77952736e+05 -4.94218834e+01 
 5.84646012e+05  3.02510052e-01  5.84646012e+05 -4.99186806e+01 
 5.91416802e+05  2.81131244e-01  5.91416802e+05 -5.04194435e+01 
 5.98266006e+05  2.59457875e-01  5.98266006e+05 -5.09241839e+01 
 6.05194529e+05  2.37488490e-01  6.05194529e+05 -5.14329135e+01 
 6.12203293e+05  2.15221717e-01  6.12203293e+05 -5.19456437e+01 
 6.19293224e+05  1.92656261e-01  6.19293224e+05 -5.24623857e+01 
 6.26465265e+05  1.69790916e-01  6.26465265e+05 -5.29831506e+01 
 6.33720365e+05  1.46624560e-01  6.33720365e+05 -5.35079492e+01 
 6.41059486e+05  1.23156165e-01  6.41059486e+05 -5.40367922e+01 
 6.48483601e+05  9.93847929e-02  6.48483601e+05 -5.45696900e+01 
 6.55993696e+05  7.53096015e-02  6.55993696e+05 -5.51066530e+01 
 6.63590765e+05  5.09298475e-02  6.63590765e+05 -5.56476913e+01 
 6.71275815e+05  2.62448877e-02  6.71275815e+05 -5.61928151e+01 
 6.79049866e+05  1.25418179e-03  6.79049866e+05 -5.67420342e+01 
 6.86913949e+05 -2.40427049e-02  6.86913949e+05 -5.72953585e+01 
 6.94869105e+05 -4.96460997e-02  6.94869105e+05 -5.78527976e+01 
 7.02916391e+05 -7.55562199e-02  7.02916391e+05 -5.84143612e+01 
 7.11056872e+05 -1.01773171e-01  7.11056872e+05 -5.89800589e+01 
 7.19291628e+05 -1.28296945e-01  7.19291628e+05 -5.95499002e+01 
 7.27621750e+05 -1.55127417e-01  7.27621750e+05 -6.01238946e+01 
 7.36048344e+05 -1.82264346e-01  7.36048344e+05 -6.07020515e+01 
 7.44572527e+05 -2.09707371e-01  7.44572527e+05 -6.12843804e+01 
 7.53195428e+05 -2.37456011e-01  7.53195428e+05 -6.18708908e+01 
 7.61918191e+05 -2.65509663e-01  7.61918191e+05 -6.24615923e+01 
 7.70741972e+05 -2.93867601e-01  7.70741972e+05 -6.30564944e+01 
 7.79667942e+05 -3.22528974e-01  7.79667942e+05 -6.36556069e+01 
 7.88697283e+05 -3.51492808e-01  7.88697283e+05 -6.42589394e+01 
 7.97831193e+05 -3.80758003e-01  7.97831193e+05 -6.48665019e+01 
 8.07070883e+05 -4.10323332e-01  8.07070883e+05 -6.54783044e+01 
 8.16417578e+05 -4.40187443e-01  8.16417578e+05 -6.60943571e+01 
 8.25872518e+05 -4.70348857e-01  8.25872518e+05 -6.67146705e+01 
 8.35436955e+05 -5.00805970e-01  8.35436955e+05 -6.73392551e+01 
 8.45112157e+05 -5.31557052e-01  8.45112157e+05 -6.79681218e+01 
 8.54899409e+05 -5.62600247e-01  8.54899409e+05 -6.86012816e+01 
 8.64800006e+05 -5.93933576e-01  8.64800006e+05 -6.92387459e+01 
 8.74815263e+05 -6.25554937e-01  8.74815263e+05 -6.98805264e+01 
 8.84946506e+05 -6.57462104e-01  8.84946506e+05 -7.05266352e+01 
 8.95195080e+05 -6.89652735e-01  8.95195080e+05 -7.11770844e+01 
 9.05562342e+05 -7.22124364e-01  9.05562342e+05 -7.18318870e+01 
 9.16049667e+05 -7.54874414e-01  9.16049667e+05 -7.24910558e+01 
 9.26658447e+05 -7.87900190e-01  9.26658447e+05 -7.31546046e+01 
 9.37390086e+05 -8.21198888e-01  9.37390086e+05 -7.38225472e+01 
 9.48246009e+05 -8.54767593e-01  9.48246009e+05 -7.44948981e+01 
 9.59227655e+05 -8.88603286e-01  9.59227655e+05 -7.51716722e+01 
 9.70336479e+05 -9.22702847e-01  9.70336479e+05 -7.58528849e+01 
 9.81573954e+05 -9.57063056e-01  9.81573954e+05 -7.65385521e+01 
 9.92941571e+05 -9.91680598e-01  9.92941571e+05 -7.72286903e+01 
 1.00444084e+06 -1.02655207e+00  1.00444084e+06 -7.79233165e+01 
 1.01607327e+06 -1.06167398e+00  1.01607327e+06 -7.86224484e+01 
 1.02784043e+06 -1.09704275e+00  1.02784043e+06 -7.93261042e+01 
 1.03974386e+06 -1.13265475e+00  1.03974386e+06 -8.00343027e+01 
 1.05178514e+06 -1.16850625e+00  1.05178514e+06 -8.07470634e+01 
 1.06396587e+06 -1.20459347e+00  1.06396587e+06 -8.14644064e+01 
 1.07628767e+06 -1.24091256e+00  1.07628767e+06 -8.21863525e+01 
 1.08875217e+06 -1.27745963e+00  1.08875217e+06 -8.29129232e+01 
 1.10136102e+06 -1.31423075e+00  1.10136102e+06 -8.36441407e+01 
 1.11411589e+06 -1.35122193e+00  1.11411589e+06 -8.43800277e+01 
 1.12701847e+06 -1.38842915e+00  1.12701847e+06 -8.51206079e+01 
 1.14007049e+06 -1.42584837e+00  1.14007049e+06 -8.58659056e+01 
 1.15327365e+06 -1.46347555e+00  1.15327365e+06 -8.66159458e+01 
 1.16662972e+06 -1.50130661e+00  1.16662972e+06 -8.73707543e+01 
 1.18014047e+06 -1.53933747e+00  1.18014047e+06 -8.81303576e+01 
 1.19380769e+06 -1.57756409e+00  1.19380769e+06 -8.88947830e+01 
 1.20763319e+06 -1.61598240e+00  1.20763319e+06 -8.96640585e+01 
 1.22161880e+06 -1.65458839e+00  1.22161880e+06 -9.04382128e+01 
 1.23576638e+06 -1.69337807e+00  1.23576638e+06 -9.12172755e+01 
 1.25007780e+06 -1.73234747e+00  1.25007780e+06 -9.20012770e+01 
 1.26455496e+06 -1.77149272e+00  1.26455496e+06 -9.27902482e+01 
 1.27919978e+06 -1.81080996e+00  1.27919978e+06 -9.35842210e+01 
 1.29401421e+06 -1.85029544e+00  1.29401421e+06 -9.43832278e+01 
 1.30900020e+06 -1.88994548e+00  1.30900020e+06 -9.51873021e+01 
 1.32415974e+06 -1.92975648e+00  1.32415974e+06 -9.59964779e+01 
 1.33949485e+06 -1.96972497e+00  1.33949485e+06 -9.68107898e+01 
 1.35500755e+06 -2.00984757e+00  1.35500755e+06 -9.76302735e+01 
 1.37069990e+06 -2.05012104e+00  1.37069990e+06 -9.84549650e+01 
 1.38657399e+06 -2.09054227e+00  1.38657399e+06 -9.92849012e+01 
 1.40263192e+06 -2.13110832e+00  1.40263192e+06 -1.00120120e+02 
 1.41887581e+06 -2.17181639e+00  1.41887581e+06 -1.00960659e+02 
 1.43530782e+06 -2.21266387e+00  1.43530782e+06 -1.01806558e+02 
 1.45193013e+06 -2.25364831e+00  1.45193013e+06 -1.02657855e+02 
 1.46874495e+06 -2.29476750e+00  1.46874495e+06 -1.03514592e+02 
 1.48575450e+06 -2.33601943e+00  1.48575450e+06 -1.04376808e+02 
 1.50296103e+06 -2.37740229e+00  1.50296103e+06 -1.05244546e+02 
 1.52036684e+06 -2.41891455e+00  1.52036684e+06 -1.06117846e+02 
 1.53797422e+06 -2.46055492e+00  1.53797422e+06 -1.06996752e+02 
 1.55578551e+06 -2.50232236e+00  1.55578551e+06 -1.07881306e+02 
 1.57380308e+06 -2.54421616e+00  1.57380308e+06 -1.08771551e+02 
 1.59202931e+06 -2.58623586e+00  1.59202931e+06 -1.09667532e+02 
 1.61046661e+06 -2.62838134e+00  1.61046661e+06 -1.10569291e+02 
 1.62911744e+06 -2.67065282e+00  1.62911744e+06 -1.11476875e+02 
 1.64798426e+06 -2.71305085e+00  1.64798426e+06 -1.12390327e+02 
 1.66706959e+06 -2.75557634e+00  1.66706959e+06 -1.13309693e+02 
 1.68637593e+06 -2.79823059e+00  1.68637593e+06 -1.14235018e+02 
 1.70590587e+06 -2.84101530e+00  1.70590587e+06 -1.15166348e+02 
 1.72566198e+06 -2.88393257e+00  1.72566198e+06 -1.16103728e+02 
 1.74564689e+06 -2.92698494e+00  1.74564689e+06 -1.17047204e+02 
 1.76586324e+06 -2.97017540e+00  1.76586324e+06 -1.17996823e+02 
 1.78631372e+06 -3.01350742e+00  1.78631372e+06 -1.18952630e+02 
 1.80700103e+06 -3.05698492e+00  1.80700103e+06 -1.19914670e+02 
 1.82792793e+06 -3.10061238e+00  1.82792793e+06 -1.20882990e+02 
 1.84909717e+06 -3.14439476e+00  1.84909717e+06 -1.21857636e+02 
 1.87051159e+06 -3.18833759e+00  1.87051159e+06 -1.22838651e+02 
 1.89217400e+06 -3.23244697e+00  1.89217400e+06 -1.23826082e+02 
 1.91408728e+06 -3.27672958e+00  1.91408728e+06 -1.24819973e+02 
 1.93625434e+06 -3.32119270e+00  1.93625434e+06 -1.25820368e+02 
 1.95867812e+06 -3.36584426e+00  1.95867812e+06 -1.26827310e+02 
 1.98136159e+06 -3.41069282e+00  1.98136159e+06 -1.27840841e+02 
 2.00430776e+06 -3.45574765e+00  2.00430776e+06 -1.28861005e+02 
 2.02751966e+06 -3.50101867e+00  2.02751966e+06 -1.29887841e+02 
 2.05100039e+06 -3.54651656e+00  2.05100039e+06 -1.30921389e+02 
 2.07475304e+06 -3.59225272e+00  2.07475304e+06 -1.31961688e+02 
 2.09878077e+06 -3.63823932e+00  2.09878077e+06 -1.33008776e+02 
 2.12308677e+06 -3.68448931e+00  2.12308677e+06 -1.34062689e+02 
 2.14767426e+06 -3.73101647e+00  2.14767426e+06 -1.35123459e+02 
 2.17254649e+06 -3.77783540e+00  2.17254649e+06 -1.36191121e+02 
 2.19770677e+06 -3.82496154e+00  2.19770677e+06 -1.37265703e+02 
 2.22315843e+06 -3.87241124e+00  2.22315843e+06 -1.38347234e+02 
 2.24890485e+06 -3.92020171e+00  2.24890485e+06 -1.39435740e+02 
 2.27494944e+06 -3.96835111e+00  2.27494944e+06 -1.40531243e+02 
 2.30129565e+06 -4.01687851e+00  2.30129565e+06 -1.41633763e+02 
 2.32794697e+06 -4.06580397e+00  2.32794697e+06 -1.42743317e+02 
 2.35490695e+06 -4.11514850e+00  2.35490695e+06 -1.43859918e+02 
 2.38217915e+06 -4.16493409e+00  2.38217915e+06 -1.44983576e+02 
 2.40976718e+06 -4.21518376e+00  2.40976718e+06 -1.46114295e+02 
 2.43767472e+06 -4.26592152e+00  2.43767472e+06 -1.47252076e+02 
 2.46590545e+06 -4.31717243e+00  2.46590545e+06 -1.48396916e+02 
 2.49446313e+06 -4.36896255e+00  2.49446313e+06 -1.49548803e+02 
 2.52335153e+06 -4.42131900e+00  2.52335153e+06 -1.50707725e+02 
 2.55257448e+06 -4.47426991e+00  2.55257448e+06 -1.51873659e+02 
 2.58213587e+06 -4.52784447e+00  2.58213587e+06 -1.53046578e+02 
 2.61203961e+06 -4.58207287e+00  2.61203961e+06 -1.54226448e+02 
 2.64228966e+06 -4.63698630e+00  2.64228966e+06 -1.55413225e+02 
 2.67289004e+06 -4.69261697e+00  2.67289004e+06 -1.56606861e+02 
 2.70384481e+06 -4.74899803e+00  2.70384481e+06 -1.57807297e+02 
 2.73515806e+06 -4.80616358e+00  2.73515806e+06 -1.59014465e+02 
 2.76683395e+06 -4.86414862e+00  2.76683395e+06 -1.60228289e+02 
 2.79887667e+06 -4.92298897e+00  2.79887667e+06 -1.61448680e+02 
 2.83129049e+06 -4.98272130e+00  2.83129049e+06 -1.62675543e+02 
 2.86407969e+06 -5.04338300e+00  2.86407969e+06 -1.63908767e+02 
 2.89724862e+06 -5.10501211e+00  2.89724862e+06 -1.65148231e+02 
 2.93080168e+06 -5.16764729e+00  2.93080168e+06 -1.66393803e+02 
 2.96474332e+06 -5.23132769e+00  2.96474332e+06 -1.67645337e+02 
 2.99907804e+06 -5.29609287e+00  2.99907804e+06 -1.68902673e+02 
 3.03381039e+06 -5.36198269e+00  3.03381039e+06 -1.70165638e+02 
 3.06894498e+06 -5.42903718e+00  3.06894498e+06 -1.71434044e+02 
 3.10448646e+06 -5.49729643e+00  3.10448646e+06 -1.72707689e+02 
 3.14043954e+06 -5.56680041e+00  3.14043954e+06 -1.73986354e+02 
 3.17680900e+06 -5.63758888e+00  3.17680900e+06 -1.75269807e+02 
 3.21359965e+06 -5.70970118e+00  3.21359965e+06 -1.76557797e+02 
 3.25081638e+06 -5.78317609e+00  3.25081638e+06 -1.77850061e+02 
 3.28846411e+06 -5.85805161e+00  3.28846411e+06 -1.79146316e+02 
 3.32654785e+06 -5.93436485e+00  3.32654785e+06  1.79553736e+02 
 3.36507263e+06 -6.01215173e+00  3.36507263e+06  1.78250408e+02 
 3.40404356e+06 -6.09144687e+00  3.40404356e+06  1.76944030e+02 
 3.44346582e+06 -6.17228336e+00  3.44346582e+06  1.75634948e+02 
 3.48334463e+06 -6.25469251e+00  3.48334463e+06  1.74323523e+02 
 3.52368527e+06 -6.33870370e+00  3.52368527e+06  1.73010131e+02 
 3.56449310e+06 -6.42434414e+00  3.56449310e+06  1.71695162e+02 
 3.60577353e+06 -6.51163866e+00  3.60577353e+06  1.70379019e+02 
 3.64753203e+06 -6.60060954e+00  3.64753203e+06  1.69062118e+02 
 3.68977413e+06 -6.69127626e+00  3.68977413e+06  1.67744887e+02 
 3.73250543e+06 -6.78365539e+00  3.73250543e+06  1.66427762e+02 
 3.77573161e+06 -6.87776036e+00  3.77573161e+06  1.65111191e+02 
 3.81945839e+06 -6.97360133e+00  3.81945839e+06  1.63795627e+02 
 3.86369158e+06 -7.07118504e+00  3.86369158e+06  1.62481530e+02 
 3.90843702e+06 -7.17051471e+00  3.90843702e+06  1.61169364e+02 
 3.95370067e+06 -7.27158991e+00  3.95370067e+06  1.59859595e+02 
 3.99948851e+06 -7.37440652e+00  3.99948851e+06  1.58552690e+02 
 4.04580662e+06 -7.47895666e+00  4.04580662e+06  1.57249115e+02 
 4.09266114e+06 -7.58522866e+00  4.09266114e+06  1.55949332e+02 
 4.14005829e+06 -7.69320709e+00  4.14005829e+06  1.54653798e+02 
 4.18800434e+06 -7.80287278e+00  4.18800434e+06  1.53362963e+02 
 4.23650566e+06 -7.91420290e+00  4.23650566e+06  1.52077267e+02 
 4.28556866e+06 -8.02717102e+00  4.28556866e+06  1.50797139e+02 
 4.33519987e+06 -8.14174724e+00  4.33519987e+06  1.49522997e+02 
 4.38540586e+06 -8.25789839e+00  4.38540586e+06  1.48255241e+02 
 4.43619329e+06 -8.37558810e+00  4.43619329e+06  1.46994256e+02 
 4.48756888e+06 -8.49477710e+00  4.48756888e+06  1.45740408e+02 
 4.53953946e+06 -8.61542337e+00  4.53953946e+06  1.44494046e+02 
 4.59211190e+06 -8.73748241e+00  4.59211190e+06  1.43255495e+02 
 4.64529319e+06 -8.86090751e+00  4.64529319e+06  1.42025060e+02 
 4.69909037e+06 -8.98564994e+00  4.69909037e+06  1.40803022e+02 
 4.75351058e+06 -9.11165933e+00  4.75351058e+06  1.39589639e+02 
 4.80856103e+06 -9.23888390e+00  4.80856103e+06  1.38385145e+02 
 4.86424902e+06 -9.36727072e+00  4.86424902e+06  1.37189748e+02 
 4.92058193e+06 -9.49676608e+00  4.92058193e+06  1.36003633e+02 
 4.97756723e+06 -9.62731570e+00  4.97756723e+06  1.34826958e+02 
 5.03521248e+06 -9.75886506e+00  5.03521248e+06  1.33659860e+02 
 5.09352532e+06 -9.89135961e+00  5.09352532e+06  1.32502448e+02 
 5.15251348e+06 -1.00247451e+01  5.15251348e+06  1.31354809e+02 
 5.21218479e+06 -1.01589678e+01  5.21218479e+06  1.30217007e+02 
 5.27254715e+06 -1.02939748e+01  5.27254715e+06  1.29089082e+02 
 5.33360856e+06 -1.04297139e+01  5.33360856e+06  1.27971057e+02 
 5.39537713e+06 -1.05661343e+01  5.39537713e+06  1.26862928e+02 
 5.45786104e+06 -1.07031864e+01  5.45786104e+06  1.25764678e+02 
 5.52106858e+06 -1.08408221e+01  5.52106858e+06  1.24676269e+02 
 5.58500812e+06 -1.09789949e+01  5.58500812e+06  1.23597644e+02 
 5.64968815e+06 -1.11176601e+01  5.64968815e+06  1.22528736e+02 
 5.71511724e+06 -1.12567747e+01  5.71511724e+06  1.21469458e+02 
 5.78130406e+06 -1.13962976e+01  5.78130406e+06  1.20419713e+02 
 5.84825740e+06 -1.15361897e+01  5.84825740e+06  1.19379391e+02 
 5.91598612e+06 -1.16764137e+01  5.91598612e+06  1.18348372e+02 
 5.98449920e+06 -1.18169346e+01  5.98449920e+06  1.17326527e+02 
 6.05380574e+06 -1.19577189e+01  6.05380574e+06  1.16313718e+02 
 6.12391492e+06 -1.20987355e+01  6.12391492e+06  1.15309800e+02 
 6.19483603e+06 -1.22399550e+01  6.19483603e+06  1.14314623e+02 
 6.26657849e+06 -1.23813501e+01  6.26657849e+06  1.13328030e+02 
 6.33915179e+06 -1.25228951e+01  6.33915179e+06  1.12349862e+02 
 6.41256556e+06 -1.26645662e+01  6.41256556e+06  1.11379955e+02 
 6.48682954e+06 -1.28063414e+01  6.48682954e+06  1.10418145e+02 
 6.56195357e+06 -1.29482004e+01  6.56195357e+06  1.09464264e+02 
 6.63794761e+06 -1.30901242e+01  6.63794761e+06  1.08518143e+02 
 6.71482174e+06 -1.32320955e+01  6.71482174e+06  1.07579616e+02 
 6.79258615e+06 -1.33740985e+01  6.79258615e+06  1.06648512e+02 
 6.87125115e+06 -1.35161187e+01  6.87125115e+06  1.05724664e+02 
 6.95082717e+06 -1.36581427e+01  6.95082717e+06  1.04807905e+02 
 7.03132476e+06 -1.38001584e+01  7.03132476e+06  1.03898070e+02 
 7.11275460e+06 -1.39421548e+01  7.11275460e+06  1.02994993e+02 
 7.19512747e+06 -1.40841220e+01  7.19512747e+06  1.02098512e+02 
 7.27845431e+06 -1.42260508e+01  7.27845431e+06  1.01208467e+02 
 7.36274615e+06 -1.43679332e+01  7.36274615e+06  1.00324699e+02 
 7.44801418e+06 -1.45097617e+01  7.44801418e+06  9.94470517e+01 
 7.53426970e+06 -1.46515298e+01  7.53426970e+06  9.85753705e+01 
 7.62152414e+06 -1.47932314e+01  7.62152414e+06  9.77095033e+01 
 7.70978908e+06 -1.49348614e+01  7.70978908e+06  9.68493004e+01 
 7.79907622e+06 -1.50764149e+01  7.79907622e+06  9.59946141e+01 
 7.88939739e+06 -1.52178877e+01  7.88939739e+06  9.51452989e+01 
 7.98076457e+06 -1.53592760e+01  7.98076457e+06  9.43012113e+01 
 8.07318988e+06 -1.55005765e+01  8.07318988e+06  9.34622099e+01 
 8.16668556e+06 -1.56417863e+01  8.16668556e+06  9.26281552e+01 
 8.26126402e+06 -1.57829029e+01  8.26126402e+06  9.17989096e+01 
 8.35693779e+06 -1.59239238e+01  8.35693779e+06  9.09743371e+01 
 8.45371956e+06 -1.60648473e+01  8.45371956e+06  9.01543036e+01 
 8.55162216e+06 -1.62056716e+01  8.55162216e+06  8.93386763e+01 
 8.65065857e+06 -1.63463954e+01  8.65065857e+06  8.85273239e+01 
 8.75084193e+06 -1.64870174e+01  8.75084193e+06  8.77201165e+01 
 8.85218551e+06 -1.66275367e+01  8.85218551e+06  8.69169254e+01 
 8.95470275e+06 -1.67679526e+01  8.95470275e+06  8.61176231e+01 
 9.05840724e+06 -1.69082645e+01  9.05840724e+06  8.53220830e+01 
 9.16331273e+06 -1.70484721e+01  9.16331273e+06  8.45301797e+01 
 9.26943314e+06 -1.71885751e+01  9.26943314e+06  8.37417884e+01 
 9.37678253e+06 -1.73285737e+01  9.37678253e+06  8.29567854e+01 
 9.48537513e+06 -1.74684680e+01  9.48537513e+06  8.21750476e+01 
 9.59522534e+06 -1.76082582e+01  9.59522534e+06  8.13964525e+01 
 9.70634773e+06 -1.77479450e+01  9.70634773e+06  8.06208783e+01 
 9.81875703e+06 -1.78875291e+01  9.81875703e+06  7.98482039e+01 
 9.93246814e+06 -1.80270112e+01  9.93246814e+06  7.90783086e+01 
 1.00474961e+07 -1.81663924e+01  1.00474961e+07  7.83110722e+01 
 1.01638563e+07 -1.83056738e+01  1.01638563e+07  7.75463750e+01 
 1.02815640e+07 -1.84448569e+01  1.02815640e+07  7.67840979e+01 
 1.04006349e+07 -1.85839431e+01  1.04006349e+07  7.60241219e+01 
 1.05210847e+07 -1.87229342e+01  1.05210847e+07  7.52663287e+01 
 1.06429295e+07 -1.88618321e+01  1.06429295e+07  7.45106005e+01 
 1.07661854e+07 -1.90006387e+01  1.07661854e+07  7.37568196e+01 
 1.08908687e+07 -1.91393564e+01  1.08908687e+07  7.30048690e+01 
 1.10169959e+07 -1.92779876e+01  1.10169959e+07  7.22546321e+01 
 1.11445838e+07 -1.94165350e+01  1.11445838e+07  7.15059926e+01 
 1.12736493e+07 -1.95550012e+01  1.12736493e+07  7.07588351e+01 
 1.14042096e+07 -1.96933894e+01  1.14042096e+07  7.00130441e+01 
 1.15362818e+07 -1.98317028e+01  1.15362818e+07  6.92685052e+01 
 1.16698836e+07 -1.99699448e+01  1.16698836e+07  6.85251042e+01 
 1.18050326e+07 -2.01081189e+01  1.18050326e+07  6.77827277e+01 
 1.19417468e+07 -2.02462290e+01  1.19417468e+07  6.70412629e+01 
 1.20800443e+07 -2.03842791e+01  1.20800443e+07  6.63005976e+01 
 1.22199434e+07 -2.05222735e+01  1.22199434e+07  6.55606204e+01 
 1.23614627e+07 -2.06602165e+01  1.23614627e+07  6.48212207e+01 
 1.25046209e+07 -2.07981128e+01  1.25046209e+07  6.40822885e+01 
 1.26494370e+07 -2.09359673e+01  1.26494370e+07  6.33437150e+01 
 1.27959303e+07 -2.10737849e+01  1.27959303e+07  6.26053920e+01 
 1.29441200e+07 -2.12115709e+01  1.29441200e+07  6.18672124e+01 
 1.30940260e+07 -2.13493309e+01  1.30940260e+07  6.11290701e+01 
 1.32456680e+07 -2.14870703e+01  1.32456680e+07  6.03908599e+01 
 1.33990662e+07 -2.16247951e+01  1.33990662e+07  5.96524781e+01 
 1.35542409e+07 -2.17625114e+01  1.35542409e+07  5.89138217e+01 
 1.37112127e+07 -2.19002253e+01  1.37112127e+07  5.81747891e+01 
 1.38700024e+07 -2.20379434e+01  1.38700024e+07  5.74352800e+01 
 1.40306310e+07 -2.21756722e+01  1.40306310e+07  5.66951954e+01 
 1.41931199e+07 -2.23134186e+01  1.41931199e+07  5.59544377e+01 
 1.43574905e+07 -2.24511895e+01  1.43574905e+07  5.52129105e+01 
 1.45237648e+07 -2.25889923e+01  1.45237648e+07  5.44705191e+01 
 1.46919646e+07 -2.27268341e+01  1.46919646e+07  5.37271703e+01 
 1.48621124e+07 -2.28647226e+01  1.48621124e+07  5.29827722e+01 
 1.50342306e+07 -2.30026654e+01  1.50342306e+07  5.22372349e+01 
 1.52083422e+07 -2.31406705e+01  1.52083422e+07  5.14904699e+01 
 1.53844701e+07 -2.32787457e+01  1.53844701e+07  5.07423905e+01 
 1.55626378e+07 -2.34168993e+01  1.55626378e+07  4.99929117e+01 
 1.57428689e+07 -2.35551396e+01  1.57428689e+07  4.92419504e+01 
 1.59251872e+07 -2.36934751e+01  1.59251872e+07  4.84894252e+01 
 1.61096169e+07 -2.38319143e+01  1.61096169e+07  4.77352567e+01 
 1.62961825e+07 -2.39704660e+01  1.62961825e+07  4.69793675e+01 
 1.64849088e+07 -2.41091390e+01  1.64849088e+07  4.62216820e+01 
 1.66758206e+07 -2.42479422e+01  1.66758206e+07  4.54621267e+01 
 1.68689435e+07 -2.43868848e+01  1.68689435e+07  4.47006302e+01 
 1.70643029e+07 -2.45259759e+01  1.70643029e+07  4.39371232e+01 
 1.72619247e+07 -2.46652247e+01  1.72619247e+07  4.31715385e+01 
 1.74618352e+07 -2.48046407e+01  1.74618352e+07  4.24038111e+01 
 1.76640609e+07 -2.49442333e+01  1.76640609e+07  4.16338781e+01 
 1.78686285e+07 -2.50840120e+01  1.78686285e+07  4.08616791e+01 
 1.80755653e+07 -2.52239864e+01  1.80755653e+07  4.00871557e+01 
 1.82848985e+07 -2.53641662e+01  1.82848985e+07  3.93102521e+01 
 1.84966561e+07 -2.55045610e+01  1.84966561e+07  3.85309146e+01 
 1.87108661e+07 -2.56451807e+01  1.87108661e+07  3.77490920e+01 
 1.89275568e+07 -2.57860350e+01  1.89275568e+07  3.69647356e+01 
 1.91467570e+07 -2.59271338e+01  1.91467570e+07  3.61777990e+01 
 1.93684957e+07 -2.60684869e+01  1.93684957e+07  3.53882385e+01 
 1.95928024e+07 -2.62101042e+01  1.95928024e+07  3.45960125e+01 
 1.98197069e+07 -2.63519957e+01  1.98197069e+07  3.38010824e+01 
 2.00492391e+07 -2.64941711e+01  2.00492391e+07  3.30034118e+01 
 2.02814295e+07 -2.66366404e+01  2.02814295e+07  3.22029672e+01 
 2.05163089e+07 -2.67794135e+01  2.05163089e+07  3.13997175e+01 
 2.07539085e+07 -2.69225003e+01  2.07539085e+07  3.05936344e+01 
 2.09942597e+07 -2.70659105e+01  2.09942597e+07  2.97846919e+01 
 2.12373944e+07 -2.72096539e+01  2.12373944e+07  2.89728673e+01 
 2.14833448e+07 -2.73537404e+01  2.14833448e+07  2.81581401e+01 
 2.17321436e+07 -2.74981795e+01  2.17321436e+07  2.73404927e+01 
 2.19838238e+07 -2.76429810e+01  2.19838238e+07  2.65199102e+01 
 2.22384186e+07 -2.77881544e+01  2.22384186e+07  2.56963808e+01 
 2.24959620e+07 -2.79337092e+01  2.24959620e+07  2.48698949e+01 
 2.27564879e+07 -2.80796548e+01  2.27564879e+07  2.40404463e+01 
 2.30200310e+07 -2.82260006e+01  2.30200310e+07  2.32080312e+01 
 2.32866262e+07 -2.83727557e+01  2.32866262e+07  2.23726489e+01 
 2.35563088e+07 -2.85199293e+01  2.35563088e+07  2.15343015e+01 
 2.38291146e+07 -2.86675304e+01  2.38291146e+07  2.06929938e+01 
 2.41050798e+07 -2.88155678e+01  2.41050798e+07  1.98487338e+01 
 2.43842409e+07 -2.89640502e+01  2.43842409e+07  1.90015321e+01 
 2.46666350e+07 -2.91129863e+01  2.46666350e+07  1.81514024e+01 
 2.49522996e+07 -2.92623844e+01  2.49522996e+07  1.72983613e+01 
 2.52412724e+07 -2.94122530e+01  2.52412724e+07  1.64424282e+01 
 2.55335918e+07 -2.95626000e+01  2.55335918e+07  1.55836256e+01 
 2.58292965e+07 -2.97134334e+01  2.58292965e+07  1.47219788e+01 
 2.61284258e+07 -2.98647610e+01  2.61284258e+07  1.38575162e+01 
 2.64310194e+07 -3.00165904e+01  2.64310194e+07  1.29902691e+01 
 2.67371172e+07 -3.01689288e+01  2.67371172e+07  1.21202716e+01 
 2.70467600e+07 -3.03217834e+01  2.70467600e+07  1.12475610e+01 
 2.73599888e+07 -3.04751612e+01  2.73599888e+07  1.03721773e+01 
 2.76768451e+07 -3.06290689e+01  2.76768451e+07  9.49416375e+00 
 2.79973709e+07 -3.07835128e+01  2.79973709e+07  8.61356632e+00 
 2.83216087e+07 -3.09384993e+01  2.83216087e+07  7.73043400e+00 
 2.86496015e+07 -3.10940343e+01  2.86496015e+07  6.84481872e+00 
 2.89813928e+07 -3.12501235e+01  2.89813928e+07  5.95677532e+00 
 2.93170265e+07 -3.14067722e+01  2.93170265e+07  5.06636158e+00 
 2.96565473e+07 -3.15639858e+01  2.96565473e+07  4.17363816e+00 
 3.00000000e+07 -3.17217689e+01  3.00000000e+07  3.27866861e+00 
