 2.00000000e-01  1.48159282e+00  2.00000000e-01  6.78861865e+01 
 2.02316202e-01  1.56729223e+00  2.02316202e-01  6.76551526e+01 
 2.04659228e-01  1.65270686e+00  2.04659228e-01  6.74222197e+01 
 2.07029388e-01  1.73783202e+00  2.07029388e-01  6.71873877e+01 
 2.09426997e-01  1.82266300e+00  2.09426997e-01  6.69506572e+01 
 2.11852373e-01  1.90719503e+00  2.11852373e-01  6.67120289e+01 
 2.14305837e-01  1.99142334e+00  2.14305837e-01  6.64715045e+01 
 2.16787715e-01  2.07534309e+00  2.16787715e-01  6.62290858e+01 
 2.19298335e-01  2.15894942e+00  2.19298335e-01  6.59847756e+01 
 2.21838031e-01  2.24223746e+00  2.21838031e-01  6.57385769e+01 
 2.24407140e-01  2.32520229e+00  2.24407140e-01  6.54904935e+01 
 2.27006001e-01  2.40783895e+00  2.27006001e-01  6.52405297e+01 
 2.29634959e-01  2.49014249e+00  2.29634959e-01  6.49886904e+01 
 2.32294364e-01  2.57210792e+00  2.32294364e-01  6.47349811e+01 
 2.34984567e-01  2.65373021e+00  2.34984567e-01  6.44794080e+01 
 2.37705925e-01  2.73500434e+00  2.37705925e-01  6.42219780e+01 
 2.40458800e-01  2.81592526e+00  2.40458800e-01  6.39626984e+01 
 2.43243555e-01  2.89648790e+00  2.43243555e-01  6.37015773e+01 
 2.46060561e-01  2.97668719e+00  2.46060561e-01  6.34386236e+01 
 2.48910190e-01  3.05651803e+00  2.48910190e-01  6.31738466e+01 
 2.51792821e-01  3.13597535e+00  2.51792821e-01  6.29072565e+01 
 2.54708836e-01  3.21505402e+00  2.54708836e-01  6.26388641e+01 
 2.57658622e-01  3.29374896e+00  2.57658622e-01  6.23686810e+01 
 2.60642568e-01  3.37205506e+00  2.60642568e-01  6.20967194e+01 
 2.63661072e-01  3.44996721e+00  2.63661072e-01  6.18229922e+01 
 2.66714534e-01  3.52748033e+00  2.66714534e-01  6.15475132e+01 
 2.69803357e-01  3.60458932e+00  2.69803357e-01  6.12702968e+01 
 2.72927952e-01  3.68128912e+00  2.72927952e-01  6.09913580e+01 
 2.76088733e-01  3.75757465e+00  2.76088733e-01  6.07107130e+01 
 2.79286119e-01  3.83344088e+00  2.79286119e-01  6.04283782e+01 
 2.82520534e-01  3.90888278e+00  2.82520534e-01  6.01443712e+01 
 2.85792407e-01  3.98389536e+00  2.85792407e-01  5.98587100e+01 
 2.89102171e-01  4.05847364e+00  2.89102171e-01  5.95714136e+01 
 2.92450266e-01  4.13261268e+00  2.92450266e-01  5.92825018e+01 
 2.95837135e-01  4.20630757e+00  2.95837135e-01  5.89919949e+01 
 2.99263228e-01  4.27955344e+00  2.99263228e-01  5.86999142e+01 
 3.02728998e-01  4.35234546e+00  3.02728998e-01  5.84062818e+01 
 3.06234905e-01  4.42467884e+00  3.06234905e-01  5.81111203e+01 
 3.09781414e-01  4.49654884e+00  3.09781414e-01  5.78144533e+01 
 3.13368996e-01  4.56795078e+00  3.13368996e-01  5.75163051e+01 
 3.16998125e-01  4.63888002e+00  3.16998125e-01  5.72167007e+01 
 3.20669283e-01  4.70933197e+00  3.20669283e-01  5.69156660e+01 
 3.24382957e-01  4.77930214e+00  3.24382957e-01  5.66132276e+01 
 3.28139639e-01  4.84878606e+00  3.28139639e-01  5.63094127e+01 
 3.31939827e-01  4.91777937e+00  3.31939827e-01  5.60042494e+01 
 3.35784025e-01  4.98627774e+00  3.35784025e-01  5.56977665e+01 
 3.39672743e-01  5.05427694e+00  3.39672743e-01  5.53899935e+01 
 3.43606496e-01  5.12177284e+00  3.43606496e-01  5.50809607e+01 
 3.47585805e-01  5.18876134e+00  3.47585805e-01  5.47706990e+01 
 3.51611200e-01  5.25523848e+00  3.51611200e-01  5.44592400e+01 
 3.55683212e-01  5.32120035e+00  3.55683212e-01  5.41466162e+01 
 3.59802383e-01  5.38664316e+00  3.59802383e-01  5.38328604e+01 
 3.63969257e-01  5.45156321e+00  3.63969257e-01  5.35180064e+01 
 3.68184388e-01  5.51595689e+00  3.68184388e-01  5.32020884e+01 
 3.72448335e-01  5.57982070e+00  3.72448335e-01  5.28851415e+01 
 3.76761663e-01  5.64315126e+00  3.76761663e-01  5.25672012e+01 
 3.81124943e-01  5.70594527e+00  3.81124943e-01  5.22483036e+01 
 3.85538754e-01  5.76819958e+00  3.85538754e-01  5.19284856e+01 
 3.90003682e-01  5.82991112e+00  3.90003682e-01  5.16077844e+01 
 3.94520318e-01  5.89107697e+00  3.94520318e-01  5.12862378e+01 
 3.99089261e-01  5.95169432e+00  3.99089261e-01  5.09638843e+01 
 4.03711118e-01  6.01176047e+00  4.03711118e-01  5.06407628e+01 
 4.08386500e-01  6.07127287e+00  4.08386500e-01  5.03169125e+01 
 4.13116027e-01  6.13022909e+00  4.13116027e-01  4.99923735e+01 
 4.17900328e-01  6.18862683e+00  4.17900328e-01  4.96671858e+01 
 4.22740035e-01  6.24646393e+00  4.22740035e-01  4.93413903e+01 
 4.27635791e-01  6.30373837e+00  4.27635791e-01  4.90150279e+01 
 4.32588245e-01  6.36044825e+00  4.32588245e-01  4.86881401e+01 
 4.37598053e-01  6.41659184e+00  4.37598053e-01  4.83607687e+01 
 4.42665880e-01  6.47216753e+00  4.42665880e-01  4.80329558e+01 
 4.47792398e-01  6.52717386e+00  4.47792398e-01  4.77047438e+01 
 4.52978286e-01  6.58160953e+00  4.52978286e-01  4.73761753e+01 
 4.58224231e-01  6.63547335e+00  4.58224231e-01  4.70472932e+01 
 4.63530930e-01  6.68876433e+00  4.63530930e-01  4.67181405e+01 
 4.68899086e-01  6.74148159e+00  4.68899086e-01  4.63887605e+01 
 4.74329410e-01  6.79362441e+00  4.74329410e-01  4.60591967e+01 
 4.79822623e-01  6.84519223e+00  4.79822623e-01  4.57294926e+01 
 4.85379453e-01  6.89618464e+00  4.85379453e-01  4.53996917e+01 
 4.91000637e-01  6.94660137e+00  4.91000637e-01  4.50698378e+01 
 4.96686920e-01  6.99644232e+00  4.96686920e-01  4.47399747e+01 
 5.02439056e-01  7.04570753e+00  5.02439056e-01  4.44101459e+01 
 5.08257807e-01  7.09439720e+00  5.08257807e-01  4.40803953e+01 
 5.14143945e-01  7.14251167e+00  5.14143945e-01  4.37507665e+01 
 5.20098251e-01  7.19005145e+00  5.20098251e-01  4.34213030e+01 
 5.26121513e-01  7.23701719e+00  5.26121513e-01  4.30920484e+01 
 5.32214531e-01  7.28340969e+00  5.32214531e-01  4.27630459e+01 
 5.38378112e-01  7.32922990e+00  5.38378112e-01  4.24343388e+01 
 5.44613074e-01  7.37447894e+00  5.44613074e-01  4.21059699e+01 
 5.50920243e-01  7.41915804e+00  5.50920243e-01  4.17779821e+01 
 5.57300455e-01  7.46326860e+00  5.57300455e-01  4.14504178e+01 
 5.63754556e-01  7.50681217e+00  5.63754556e-01  4.11233192e+01 
 5.70283403e-01  7.54979043e+00  5.70283403e-01  4.07967283e+01 
 5.76887860e-01  7.59220521e+00  5.76887860e-01  4.04706866e+01 
 5.83568804e-01  7.63405848e+00  5.83568804e-01  4.01452354e+01 
 5.90327119e-01  7.67535233e+00  5.90327119e-01  3.98204156e+01 
 5.97163703e-01  7.71608901e+00  5.97163703e-01  3.94962675e+01 
 6.04079461e-01  7.75627089e+00  6.04079461e-01  3.91728311e+01 
 6.11075310e-01  7.79590047e+00  6.11075310e-01  3.88501462e+01 
 6.18152179e-01  7.83498040e+00  6.18152179e-01  3.85282517e+01 
 6.25311005e-01  7.87351342e+00  6.25311005e-01  3.82071863e+01 
 6.32552737e-01  7.91150242e+00  6.32552737e-01  3.78869880e+01 
 6.39878336e-01  7.94895041e+00  6.39878336e-01  3.75676944e+01 
 6.47288773e-01  7.98586049e+00  6.47288773e-01  3.72493424e+01 
 6.54785030e-01  8.02223591e+00  6.54785030e-01  3.69319686e+01 
 6.62368101e-01  8.05808001e+00  6.62368101e-01  3.66156086e+01 
 6.70038992e-01  8.09339625e+00  6.70038992e-01  3.63002978e+01 
 6.77798719e-01  8.12818818e+00  6.77798719e-01  3.59860707e+01 
 6.85648312e-01  8.16245946e+00  6.85648312e-01  3.56729613e+01 
 6.93588812e-01  8.19621386e+00  6.93588812e-01  3.53610028e+01 
 7.01621270e-01  8.22945523e+00  7.01621270e-01  3.50502279e+01 
 7.09746752e-01  8.26218751e+00  7.09746752e-01  3.47406684e+01 
 7.17966335e-01  8.29441473e+00  7.17966335e-01  3.44323558e+01 
 7.26281110e-01  8.32614102e+00  7.26281110e-01  3.41253204e+01 
 7.34692178e-01  8.35737057e+00  7.34692178e-01  3.38195921e+01 
 7.43200655e-01  8.38810767e+00  7.43200655e-01  3.35152001e+01 
 7.51807668e-01  8.41835665e+00  7.51807668e-01  3.32121726e+01 
 7.60514359e-01  8.44812195e+00  7.60514359e-01  3.29105374e+01 
 7.69321883e-01  8.47740804e+00  7.69321883e-01  3.26103213e+01 
 7.78231406e-01  8.50621948e+00  7.78231406e-01  3.23115504e+01 
 7.87244111e-01  8.53456089e+00  7.87244111e-01  3.20142501e+01 
 7.96361192e-01  8.56243692e+00  7.96361192e-01  3.17184451e+01 
 8.05583858e-01  8.58985229e+00  8.05583858e-01  3.14241592e+01 
 8.14913332e-01  8.61681178e+00  8.14913332e-01  3.11314154e+01 
 8.24350851e-01  8.64332019e+00  8.24350851e-01  3.08402362e+01 
 8.33897665e-01  8.66938238e+00  8.33897665e-01  3.05506430e+01 
 8.43555041e-01  8.69500324e+00  8.43555041e-01  3.02626567e+01 
 8.53324260e-01  8.72018771e+00  8.53324260e-01  2.99762973e+01 
 8.63206616e-01  8.74494073e+00  8.63206616e-01  2.96915840e+01 
 8.73203419e-01  8.76926730e+00  8.73203419e-01  2.94085353e+01 
 8.83315996e-01  8.79317244e+00  8.83315996e-01  2.91271689e+01 
 8.93545686e-01  8.81666117e+00  8.93545686e-01  2.88475019e+01 
 9.03893847e-01  8.83973856e+00  9.03893847e-01  2.85695505e+01 
 9.14361849e-01  8.86240966e+00  9.14361849e-01  2.82933301e+01 
 9.24951082e-01  8.88467957e+00  9.24951082e-01  2.80188554e+01 
 9.35662949e-01  8.90655337e+00  9.35662949e-01  2.77461406e+01 
 9.46498870e-01  8.92803617e+00  9.46498870e-01  2.74751988e+01 
 9.57460281e-01  8.94913306e+00  9.57460281e-01  2.72060425e+01 
 9.68548637e-01  8.96984915e+00  9.68548637e-01  2.69386837e+01 
 9.79765408e-01  8.99018954e+00  9.79765408e-01  2.66731335e+01 
 9.91112080e-01  9.01015933e+00  9.91112080e-01  2.64094022e+01 
 1.00259016e+00  9.02976360e+00  1.00259016e+00  2.61474996e+01 
 1.01420116e+00  9.04900745e+00  1.01420116e+00  2.58874347e+01 
 1.02594664e+00  9.06789594e+00  1.02594664e+00  2.56292161e+01 
 1.03782813e+00  9.08643413e+00  1.03782813e+00  2.53728513e+01 
 1.04984723e+00  9.10462705e+00  1.04984723e+00  2.51183474e+01 
 1.06200552e+00  9.12247973e+00  1.06200552e+00  2.48657109e+01 
 1.07430462e+00  9.13999717e+00  1.07430462e+00  2.46149475e+01 
 1.08674615e+00  9.15718435e+00  1.08674615e+00  2.43660625e+01 
 1.09933176e+00  9.17404622e+00  1.09933176e+00  2.41190604e+01 
 1.11206313e+00  9.19058770e+00  1.11206313e+00  2.38739452e+01 
 1.12494195e+00  9.20681371e+00  1.12494195e+00  2.36307203e+01 
 1.13796991e+00  9.22272910e+00  1.13796991e+00  2.33893885e+01 
 1.15114875e+00  9.23833871e+00  1.15114875e+00  2.31499520e+01 
 1.16448021e+00  9.25364736e+00  1.16448021e+00  2.29124126e+01 
 1.17796607e+00  9.26865981e+00  1.17796607e+00  2.26767715e+01 
 1.19160810e+00  9.28338079e+00  1.19160810e+00  2.24430292e+01 
 1.20540813e+00  9.29781501e+00  1.20540813e+00  2.22111859e+01 
 1.21936797e+00  9.31196713e+00  1.21936797e+00  2.19812412e+01 
 1.23348948e+00  9.32584176e+00  1.23348948e+00  2.17531943e+01 
 1.24777453e+00  9.33944348e+00  1.24777453e+00  2.15270439e+01 
 1.26222502e+00  9.35277682e+00  1.26222502e+00  2.13027881e+01 
 1.27684286e+00  9.36584630e+00  1.27684286e+00  2.10804247e+01 
 1.29162999e+00  9.37865634e+00  1.29162999e+00  2.08599510e+01 
 1.30658837e+00  9.39121137e+00  1.30658837e+00  2.06413639e+01 
 1.32171998e+00  9.40351574e+00  1.32171998e+00  2.04246599e+01 
 1.33702683e+00  9.41557376e+00  1.33702683e+00  2.02098350e+01 
 1.35251095e+00  9.42738970e+00  1.35251095e+00  1.99968849e+01 
 1.36817439e+00  9.43896779e+00  1.36817439e+00  1.97858049e+01 
 1.38401923e+00  9.45031219e+00  1.38401923e+00  1.95765899e+01 
 1.40004757e+00  9.46142703e+00  1.40004757e+00  1.93692346e+01 
 1.41626153e+00  9.47231638e+00  1.41626153e+00  1.91637331e+01 
 1.43266327e+00  9.48298428e+00  1.43266327e+00  1.89600794e+01 
 1.44925496e+00  9.49343468e+00  1.44925496e+00  1.87582670e+01 
 1.46603879e+00  9.50367153e+00  1.46603879e+00  1.85582893e+01 
 1.48301700e+00  9.51369870e+00  1.48301700e+00  1.83601391e+01 
 1.50019183e+00  9.52352000e+00  1.50019183e+00  1.81638092e+01 
 1.51756557e+00  9.53313922e+00  1.51756557e+00  1.79692920e+01 
 1.53514051e+00  9.54256009e+00  1.53514051e+00  1.77765796e+01 
 1.55291899e+00  9.55178626e+00  1.55291899e+00  1.75856640e+01 
 1.57090335e+00  9.56082137e+00  1.57090335e+00  1.73965367e+01 
 1.58909600e+00  9.56966898e+00  1.58909600e+00  1.72091892e+01 
 1.60749933e+00  9.57833262e+00  1.60749933e+00  1.70236127e+01 
 1.62611580e+00  9.58681576e+00  1.62611580e+00  1.68397981e+01 
 1.64494786e+00  9.59512181e+00  1.64494786e+00  1.66577362e+01 
 1.66399802e+00  9.60325414e+00  1.66399802e+00  1.64774175e+01 
 1.68326879e+00  9.61121607e+00  1.68326879e+00  1.62988325e+01 
 1.70276274e+00  9.61901087e+00  1.70276274e+00  1.61219714e+01 
 1.72248245e+00  9.62664176e+00  1.72248245e+00  1.59468241e+01 
 1.74243054e+00  9.63411190e+00  1.74243054e+00  1.57733806e+01 
 1.76260964e+00  9.64142441e+00  1.76260964e+00  1.56016306e+01 
 1.78302244e+00  9.64858236e+00  1.78302244e+00  1.54315636e+01 
 1.80367164e+00  9.65558877e+00  1.80367164e+00  1.52631691e+01 
 1.82455997e+00  9.66244661e+00  1.82455997e+00  1.50964364e+01 
 1.84569022e+00  9.66915881e+00  1.84569022e+00  1.49313547e+01 
 1.86706517e+00  9.67572823e+00  1.86706517e+00  1.47679131e+01 
 1.88868767e+00  9.68215771e+00  1.88868767e+00  1.46061004e+01 
 1.91056058e+00  9.68845003e+00  1.91056058e+00  1.44459057e+01 
 1.93268680e+00  9.69460792e+00  1.93268680e+00  1.42873177e+01 
 1.95506926e+00  9.70063407e+00  1.95506926e+00  1.41303250e+01 
 1.97771094e+00  9.70653112e+00  1.97771094e+00  1.39749163e+01 
 2.00061483e+00  9.71230166e+00  2.00061483e+00  1.38210802e+01 
 2.02378396e+00  9.71794825e+00  2.02378396e+00  1.36688050e+01 
 2.04722142e+00  9.72347339e+00  2.04722142e+00  1.35180793e+01 
 2.07093031e+00  9.72887955e+00  2.07093031e+00  1.33688913e+01 
 2.09491378e+00  9.73416914e+00  2.09491378e+00  1.32212295e+01 
 2.11917499e+00  9.73934454e+00  2.11917499e+00  1.30750820e+01 
 2.14371718e+00  9.74440809e+00  2.14371718e+00  1.29304371e+01 
 2.16854358e+00  9.74936207e+00  2.16854358e+00  1.27872830e+01 
 2.19365751e+00  9.75420873e+00  2.19365751e+00  1.26456078e+01 
 2.21906227e+00  9.75895029e+00  2.21906227e+00  1.25053997e+01 
 2.24476125e+00  9.76358891e+00  2.24476125e+00  1.23666469e+01 
 2.27075785e+00  9.76812672e+00  2.27075785e+00  1.22293374e+01 
 2.29705552e+00  9.77256581e+00  2.29705552e+00  1.20934594e+01 
 2.32365774e+00  9.77690822e+00  2.32365774e+00  1.19590009e+01 
 2.35056804e+00  9.78115598e+00  2.35056804e+00  1.18259500e+01 
 2.37778999e+00  9.78531105e+00  2.37778999e+00  1.16942949e+01 
 2.40532720e+00  9.78937537e+00  2.40532720e+00  1.15640236e+01 
 2.43318331e+00  9.79335085e+00  2.43318331e+00  1.14351243e+01 
 2.46136203e+00  9.79723933e+00  2.46136203e+00  1.13075850e+01 
 2.48986709e+00  9.80104266e+00  2.48986709e+00  1.11813940e+01 
 2.51870226e+00  9.80476263e+00  2.51870226e+00  1.10565394e+01 
 2.54787137e+00  9.80840098e+00  2.54787137e+00  1.09330094e+01 
 2.57737829e+00  9.81195946e+00  2.57737829e+00  1.08107922e+01 
 2.60722693e+00  9.81543974e+00  2.60722693e+00  1.06898760e+01 
 2.63742125e+00  9.81884349e+00  2.63742125e+00  1.05702491e+01 
 2.66796525e+00  9.82217233e+00  2.66796525e+00  1.04518999e+01 
 2.69886298e+00  9.82542785e+00  2.69886298e+00  1.03348167e+01 
 2.73011854e+00  9.82861161e+00  2.73011854e+00  1.02189878e+01 
 2.76173606e+00  9.83172516e+00  2.76173606e+00  1.01044018e+01 
 2.79371975e+00  9.83476997e+00  2.79371975e+00  9.99104696e+00 
 2.82607385e+00  9.83774754e+00  2.82607385e+00  9.87891195e+00 
 2.85880263e+00  9.84065929e+00  2.85880263e+00  9.76798530e+00 
 2.89191045e+00  9.84350664e+00  2.89191045e+00  9.65825563e+00 
 2.92540169e+00  9.84629097e+00  2.92540169e+00  9.54971161e+00 
 2.95928080e+00  9.84901364e+00  2.95928080e+00  9.44234197e+00 
 2.99355225e+00  9.85167598e+00  2.99355225e+00  9.33613548e+00 
 3.02822061e+00  9.85427929e+00  3.02822061e+00  9.23108098e+00 
 3.06329046e+00  9.85682484e+00  3.06329046e+00  9.12716737e+00 
 3.09876645e+00  9.85931387e+00  3.09876645e+00  9.02438360e+00 
 3.13465329e+00  9.86174763e+00  3.13465329e+00  8.92271869e+00 
 3.17095574e+00  9.86412729e+00  3.17095574e+00  8.82216173e+00 
 3.20767861e+00  9.86645404e+00  3.20767861e+00  8.72270186e+00 
 3.24482676e+00  9.86872903e+00  3.24482676e+00  8.62432829e+00 
 3.28240513e+00  9.87095337e+00  3.28240513e+00  8.52703030e+00 
 3.32041869e+00  9.87312818e+00  3.32041869e+00  8.43079722e+00 
 3.35887249e+00  9.87525453e+00  3.35887249e+00  8.33561848e+00 
 3.39777162e+00  9.87733348e+00  3.39777162e+00  8.24148355e+00 
 3.43712125e+00  9.87936606e+00  3.43712125e+00  8.14838198e+00 
 3.47692658e+00  9.88135329e+00  3.47692658e+00  8.05630340e+00 
 3.51719290e+00  9.88329616e+00  3.51719290e+00  7.96523751e+00 
 3.55792554e+00  9.88519563e+00  3.55792554e+00  7.87517406e+00 
 3.59912991e+00  9.88705267e+00  3.59912991e+00  7.78610290e+00 
 3.64081146e+00  9.88886819e+00  3.64081146e+00  7.69801393e+00 
 3.68297573e+00  9.89064312e+00  3.68297573e+00  7.61089715e+00 
 3.72562831e+00  9.89237834e+00  3.72562831e+00  7.52474262e+00 
 3.76877484e+00  9.89407473e+00  3.76877484e+00  7.43954046e+00 
 3.81242106e+00  9.89573314e+00  3.81242106e+00  7.35528089e+00 
 3.85657274e+00  9.89735441e+00  3.85657274e+00  7.27195420e+00 
 3.90123574e+00  9.89893935e+00  3.90123574e+00  7.18955075e+00 
 3.94641599e+00  9.90048877e+00  3.94641599e+00  7.10806097e+00 
 3.99211947e+00  9.90200345e+00  3.99211947e+00  7.02747538e+00 
 4.03835224e+00  9.90348416e+00  4.03835224e+00  6.94778457e+00 
 4.08512043e+00  9.90493164e+00  4.08512043e+00  6.86897920e+00 
 4.13243025e+00  9.90634664e+00  4.13243025e+00  6.79105003e+00 
 4.18028796e+00  9.90772987e+00  4.18028796e+00  6.71398787e+00 
 4.22869991e+00  9.90908204e+00  4.22869991e+00  6.63778361e+00 
 4.27767252e+00  9.91040383e+00  4.27767252e+00  6.56242824e+00 
 4.32721228e+00  9.91169592e+00  4.32721228e+00  6.48791280e+00 
 4.37732577e+00  9.91295897e+00  4.37732577e+00  6.41422842e+00 
 4.42801962e+00  9.91419361e+00  4.42801962e+00  6.34136632e+00 
 4.47930055e+00  9.91540049e+00  4.47930055e+00  6.26931776e+00 
 4.53117537e+00  9.91658022e+00  4.53117537e+00  6.19807410e+00 
 4.58365095e+00  9.91773340e+00  4.58365095e+00  6.12762679e+00 
 4.63673425e+00  9.91886062e+00  4.63673425e+00  6.05796734e+00 
 4.69043232e+00  9.91996246e+00  4.69043232e+00  5.98908732e+00 
 4.74475225e+00  9.92103949e+00  4.74475225e+00  5.92097841e+00 
 4.79970127e+00  9.92209226e+00  4.79970127e+00  5.85363235e+00 
 4.85528665e+00  9.92312131e+00  4.85528665e+00  5.78704094e+00 
 4.91151577e+00  9.92412717e+00  4.91151577e+00  5.72119608e+00 
 4.96839608e+00  9.92511035e+00  4.96839608e+00  5.65608974e+00 
 5.02593512e+00  9.92607136e+00  5.02593512e+00  5.59171395e+00 
 5.08414052e+00  9.92701071e+00  5.08414052e+00  5.52806083e+00 
 5.14302000e+00  9.92792886e+00  5.14302000e+00  5.46512256e+00 
 5.20258136e+00  9.92882630e+00  5.20258136e+00  5.40289142e+00 
 5.26283250e+00  9.92970349e+00  5.26283250e+00  5.34135973e+00 
 5.32378141e+00  9.93056088e+00  5.32378141e+00  5.28051991e+00 
 5.38543617e+00  9.93139892e+00  5.38543617e+00  5.22036443e+00 
 5.44780495e+00  9.93221803e+00  5.44780495e+00  5.16088586e+00 
 5.51089603e+00  9.93301865e+00  5.51089603e+00  5.10207681e+00 
 5.57471776e+00  9.93380118e+00  5.57471776e+00  5.04392999e+00 
 5.63927862e+00  9.93456603e+00  5.63927862e+00  4.98643816e+00 
 5.70458716e+00  9.93531360e+00  5.70458716e+00  4.92959417e+00 
 5.77065203e+00  9.93604428e+00  5.77065203e+00  4.87339092e+00 
 5.83748200e+00  9.93675844e+00  5.83748200e+00  4.81782140e+00 
 5.90508593e+00  9.93745646e+00  5.90508593e+00  4.76287866e+00 
 5.97347279e+00  9.93813870e+00  5.97347279e+00  4.70855581e+00 
 6.04265163e+00  9.93880550e+00  6.04265163e+00  4.65484604e+00 
 6.11263163e+00  9.93945723e+00  6.11263163e+00  4.60174262e+00 
 6.18342207e+00  9.94009422e+00  6.18342207e+00  4.54923886e+00 
 6.25503234e+00  9.94071679e+00  6.25503234e+00  4.49732815e+00 
 6.32747192e+00  9.94132528e+00  6.32747192e+00  4.44600395e+00 
 6.40075043e+00  9.94191999e+00  6.40075043e+00  4.39525980e+00 
 6.47487758e+00  9.94250125e+00  6.47487758e+00  4.34508926e+00 
 6.54986319e+00  9.94306935e+00  6.54986319e+00  4.29548601e+00 
 6.62571722e+00  9.94362459e+00  6.62571722e+00  4.24644377e+00 
 6.70244971e+00  9.94416726e+00  6.70244971e+00  4.19795631e+00 
 6.78007084e+00  9.94469764e+00  6.78007084e+00  4.15001748e+00 
 6.85859090e+00  9.94521601e+00  6.85859090e+00  4.10262121e+00 
 6.93802030e+00  9.94572263e+00  6.93802030e+00  4.05576146e+00 
 7.01836957e+00  9.94621779e+00  7.01836957e+00  4.00943227e+00 
 7.09964937e+00  9.94670172e+00  7.09964937e+00  3.96362774e+00 
 7.18187048e+00  9.94717469e+00  7.18187048e+00  3.91834203e+00 
 7.26504378e+00  9.94763694e+00  7.26504378e+00  3.87356936e+00 
 7.34918032e+00  9.94808872e+00  7.34918032e+00  3.82930402e+00 
 7.43429124e+00  9.94853026e+00  7.43429124e+00  3.78554035e+00 
 7.52038784e+00  9.94896179e+00  7.52038784e+00  3.74227274e+00 
 7.60748151e+00  9.94938354e+00  7.60748151e+00  3.69949567e+00 
 7.69558382e+00  9.94979572e+00  7.69558382e+00  3.65720364e+00 
 7.78470645e+00  9.95019856e+00  7.78470645e+00  3.61539124e+00 
 7.87486120e+00  9.95059227e+00  7.87486120e+00  3.57405309e+00 
 7.96606004e+00  9.95097705e+00  7.96606004e+00  3.53318390e+00 
 8.05831505e+00  9.95135310e+00  8.05831505e+00  3.49277840e+00 
 8.15163847e+00  9.95172063e+00  8.15163847e+00  3.45283140e+00 
 8.24604267e+00  9.95207982e+00  8.24604267e+00  3.41333776e+00 
 8.34154016e+00  9.95243086e+00  8.34154016e+00  3.37429240e+00 
 8.43814361e+00  9.95277393e+00  8.43814361e+00  3.33569027e+00 
 8.53586583e+00  9.95310923e+00  8.53586583e+00  3.29752641e+00 
 8.63471977e+00  9.95343691e+00  8.63471977e+00  3.25979589e+00 
 8.73471853e+00  9.95375716e+00  8.73471853e+00  3.22249383e+00 
 8.83587539e+00  9.95407015e+00  8.83587539e+00  3.18561541e+00 
 8.93820374e+00  9.95437603e+00  8.93820374e+00  3.14915588e+00 
 9.04171716e+00  9.95467497e+00  9.04171716e+00  3.11311051e+00 
 9.14642936e+00  9.95496712e+00  9.14642936e+00  3.07747463e+00 
 9.25235424e+00  9.95525264e+00  9.25235424e+00  3.04224364e+00 
 9.35950584e+00  9.95553168e+00  9.35950584e+00  3.00741296e+00 
 9.46789836e+00  9.95580439e+00  9.46789836e+00  2.97297809e+00 
 9.57754617e+00  9.95607091e+00  9.57754617e+00  2.93893455e+00 
 9.68846382e+00  9.95633137e+00  9.68846382e+00  2.90527792e+00 
 9.80066601e+00  9.95658592e+00  9.80066601e+00  2.87200385e+00 
 9.91416761e+00  9.95683470e+00  9.91416761e+00  2.83910800e+00 
 1.00289837e+01  9.95707782e+00  1.00289837e+01  2.80658611e+00 
 1.01451294e+01  9.95731542e+00  1.01451294e+01  2.77443393e+00 
 1.02626203e+01  9.95754763e+00  1.02626203e+01  2.74264730e+00 
 1.03814717e+01  9.95777456e+00  1.03814717e+01  2.71122207e+00 
 1.05016997e+01  9.95799634e+00  1.05016997e+01  2.68015415e+00 
 1.06233199e+01  9.95821308e+00  1.06233199e+01  2.64943950e+00 
 1.07463487e+01  9.95842490e+00  1.07463487e+01  2.61907411e+00 
 1.08708023e+01  9.95863191e+00  1.08708023e+01  2.58905403e+00 
 1.09966971e+01  9.95883422e+00  1.09966971e+01  2.55937534e+00 
 1.11240500e+01  9.95903193e+00  1.11240500e+01  2.53003417e+00 
 1.12528777e+01  9.95922515e+00  1.12528777e+01  2.50102669e+00 
 1.13831974e+01  9.95941398e+00  1.13831974e+01  2.47234911e+00 
 1.15150263e+01  9.95959852e+00  1.15150263e+01  2.44399769e+00 
 1.16483819e+01  9.95977887e+00  1.16483819e+01  2.41596873e+00 
 1.17832819e+01  9.95995512e+00  1.17832819e+01  2.38825857e+00 
 1.19197442e+01  9.96012736e+00  1.19197442e+01  2.36086357e+00 
 1.20577869e+01  9.96029570e+00  1.20577869e+01  2.33378016e+00 
 1.21974282e+01  9.96046021e+00  1.21974282e+01  2.30700479e+00 
 1.23386867e+01  9.96062098e+00  1.23386867e+01  2.28053397e+00 
 1.24815812e+01  9.96077809e+00  1.24815812e+01  2.25436423e+00 
 1.26261305e+01  9.96093164e+00  1.26261305e+01  2.22849213e+00 
 1.27723538e+01  9.96108170e+00  1.27723538e+01  2.20291430e+00 
 1.29202705e+01  9.96122834e+00  1.29202705e+01  2.17762738e+00 
 1.30699003e+01  9.96137166e+00  1.30699003e+01  2.15262805e+00 
 1.32212629e+01  9.96151172e+00  1.32212629e+01  2.12791305e+00 
 1.33743785e+01  9.96164859e+00  1.33743785e+01  2.10347913e+00 
 1.35292673e+01  9.96178236e+00  1.35292673e+01  2.07932308e+00 
 1.36859499e+01  9.96191308e+00  1.36859499e+01  2.05544175e+00 
 1.38444470e+01  9.96204084e+00  1.38444470e+01  2.03183198e+00 
 1.40047796e+01  9.96216569e+00  1.40047796e+01  2.00849070e+00 
 1.41669691e+01  9.96228770e+00  1.41669691e+01  1.98541482e+00 
 1.43310369e+01  9.96240694e+00  1.43310369e+01  1.96260133e+00 
 1.44970048e+01  9.96252347e+00  1.44970048e+01  1.94004723e+00 
 1.46648947e+01  9.96263735e+00  1.46648947e+01  1.91774954e+00 
 1.48347290e+01  9.96274865e+00  1.48347290e+01  1.89570536e+00 
 1.50065301e+01  9.96285741e+00  1.50065301e+01  1.87391177e+00 
 1.51803209e+01  9.96296370e+00  1.51803209e+01  1.85236591e+00 
 1.53561243e+01  9.96306758e+00  1.53561243e+01  1.83106495e+00 
 1.55339637e+01  9.96316909e+00  1.55339637e+01  1.81000609e+00 
 1.57138627e+01  9.96326830e+00  1.57138627e+01  1.78918656e+00 
 1.58958451e+01  9.96336526e+00  1.58958451e+01  1.76860362e+00 
 1.60799350e+01  9.96346000e+00  1.60799350e+01  1.74825456e+00 
 1.62661569e+01  9.96355260e+00  1.62661569e+01  1.72813671e+00 
 1.64545354e+01  9.96364309e+00  1.64545354e+01  1.70824742e+00 
 1.66450955e+01  9.96373153e+00  1.66450955e+01  1.68858406e+00 
 1.68378625e+01  9.96381795e+00  1.68378625e+01  1.66914406e+00 
 1.70328619e+01  9.96390241e+00  1.70328619e+01  1.64992484e+00 
 1.72301197e+01  9.96398495e+00  1.72301197e+01  1.63092389e+00 
 1.74296618e+01  9.96406561e+00  1.74296618e+01  1.61213869e+00 
 1.76315149e+01  9.96414444e+00  1.76315149e+01  1.59356678e+00 
 1.78357056e+01  9.96422148e+00  1.78357056e+01  1.57520570e+00 
 1.80422611e+01  9.96429677e+00  1.80422611e+01  1.55705303e+00 
 1.82512087e+01  9.96437035e+00  1.82512087e+01  1.53910639e+00 
 1.84625761e+01  9.96444225e+00  1.84625761e+01  1.52136341e+00 
 1.86763914e+01  9.96451252e+00  1.86763914e+01  1.50382174e+00 
 1.88926828e+01  9.96458120e+00  1.88926828e+01  1.48647908e+00 
 1.91114791e+01  9.96464831e+00  1.91114791e+01  1.46933314e+00 
 1.93328093e+01  9.96471390e+00  1.93328093e+01  1.45238166e+00 
 1.95567028e+01  9.96477799e+00  1.95567028e+01  1.43562239e+00 
 1.97831891e+01  9.96484063e+00  1.97831891e+01  1.41905314e+00 
 2.00122984e+01  9.96490185e+00  2.00122984e+01  1.40267172e+00 
 2.02440610e+01  9.96496167e+00  2.02440610e+01  1.38647595e+00 
 2.04785077e+01  9.96502014e+00  2.04785077e+01  1.37046372e+00 
 2.07156695e+01  9.96507727e+00  2.07156695e+01  1.35463289e+00 
 2.09555778e+01  9.96513311e+00  2.09555778e+01  1.33898139e+00 
 2.11982645e+01  9.96518768e+00  2.11982645e+01  1.32350715e+00 
 2.14437618e+01  9.96524101e+00  2.14437618e+01  1.30820812e+00 
 2.16921022e+01  9.96529313e+00  2.16921022e+01  1.29308229e+00 
 2.19433187e+01  9.96534406e+00  2.19433187e+01  1.27812765e+00 
 2.21974444e+01  9.96539383e+00  2.21974444e+01  1.26334224e+00 
 2.24545132e+01  9.96544248e+00  2.24545132e+01  1.24872410e+00 
 2.27145591e+01  9.96549002e+00  2.27145591e+01  1.23427130e+00 
 2.29776167e+01  9.96553648e+00  2.29776167e+01  1.21998193e+00 
 2.32437206e+01  9.96558188e+00  2.32437206e+01  1.20585410e+00 
 2.35129064e+01  9.96562625e+00  2.35129064e+01  1.19188595e+00 
 2.37852095e+01  9.96566961e+00  2.37852095e+01  1.17807563e+00 
 2.40606663e+01  9.96571199e+00  2.40606663e+01  1.16442131e+00 
 2.43393131e+01  9.96575340e+00  2.43393131e+01  1.15092120e+00 
 2.46211869e+01  9.96579388e+00  2.46211869e+01  1.13757350e+00 
 2.49063250e+01  9.96583343e+00  2.49063250e+01  1.12437646e+00 
 2.51947654e+01  9.96587209e+00  2.51947654e+01  1.11132833e+00 
 2.54865462e+01  9.96590986e+00  2.54865462e+01  1.09842738e+00 
 2.57817061e+01  9.96594678e+00  2.57817061e+01  1.08567192e+00 
 2.60802843e+01  9.96598286e+00  2.60802843e+01  1.07306024e+00 
 2.63823203e+01  9.96601812e+00  2.63823203e+01  1.06059069e+00 
 2.66878542e+01  9.96605258e+00  2.66878542e+01  1.04826162e+00 
 2.69969265e+01  9.96608625e+00  2.69969265e+01  1.03607140e+00 
 2.73095781e+01  9.96611916e+00  2.73095781e+01  1.02401841e+00 
 2.76258506e+01  9.96615133e+00  2.76258506e+01  1.01210106e+00 
 2.79457858e+01  9.96618276e+00  2.79457858e+01  1.00031778e+00 
 2.82694262e+01  9.96621348e+00  2.82694262e+01  9.88667008e-01 
 2.85968147e+01  9.96624350e+00  2.85968147e+01  9.77147199e-01 
 2.89279946e+01  9.96627284e+00  2.89279946e+01  9.65756831e-01 
 2.92630100e+01  9.96630151e+00  2.92630100e+01  9.54494400e-01 
 2.96019052e+01  9.96632953e+00  2.96019052e+01  9.43358414e-01 
 2.99447251e+01  9.96635691e+00  2.99447251e+01  9.32347401e-01 
 3.02915152e+01  9.96638367e+00  3.02915152e+01  9.21459904e-01 
 3.06423215e+01  9.96640983e+00  3.06423215e+01  9.10694482e-01 
 3.09971905e+01  9.96643538e+00  3.09971905e+01  9.00049711e-01 
 3.13561693e+01  9.96646036e+00  3.13561693e+01  8.89524182e-01 
 3.17193054e+01  9.96648477e+00  3.17193054e+01  8.79116504e-01 
 3.20866469e+01  9.96650863e+00  3.20866469e+01  8.68825298e-01 
 3.24582427e+01  9.96653194e+00  3.24582427e+01  8.58649203e-01 
 3.28341419e+01  9.96655473e+00  3.28341419e+01  8.48586872e-01 
 3.32143943e+01  9.96657700e+00  3.32143943e+01  8.38636974e-01 
 3.35990505e+01  9.96659876e+00  3.35990505e+01  8.28798192e-01 
 3.39881614e+01  9.96662002e+00  3.39881614e+01  8.19069222e-01 
 3.43817786e+01  9.96664081e+00  3.43817786e+01  8.09448779e-01 
 3.47799543e+01  9.96666112e+00  3.47799543e+01  7.99935589e-01 
 3.51827413e+01  9.96668097e+00  3.51827413e+01  7.90528391e-01 
 3.55901929e+01  9.96670037e+00  3.55901929e+01  7.81225942e-01 
 3.60023633e+01  9.96671933e+00  3.60023633e+01  7.72027009e-01 
 3.64193070e+01  9.96673785e+00  3.64193070e+01  7.62930375e-01 
 3.68410793e+01  9.96675596e+00  3.68410793e+01  7.53934835e-01 
 3.72677361e+01  9.96677365e+00  3.72677361e+01  7.45039200e-01 
 3.76993341e+01  9.96679095e+00  3.76993341e+01  7.36242290e-01 
 3.81359304e+01  9.96680785e+00  3.81359304e+01  7.27542942e-01 
 3.85775830e+01  9.96682436e+00  3.85775830e+01  7.18940003e-01 
 3.90243503e+01  9.96684050e+00  3.90243503e+01  7.10432335e-01 
 3.94762917e+01  9.96685628e+00  3.94762917e+01  7.02018811e-01 
 3.99334670e+01  9.96687169e+00  3.99334670e+01  6.93698317e-01 
 4.03959368e+01  9.96688676e+00  4.03959368e+01  6.85469751e-01 
 4.08637625e+01  9.96690148e+00  4.08637625e+01  6.77332023e-01 
 4.13370061e+01  9.96691587e+00  4.13370061e+01  6.69284057e-01 
 4.18157303e+01  9.96692993e+00  4.18157303e+01  6.61324786e-01 
 4.22999987e+01  9.96694367e+00  4.22999987e+01  6.53453157e-01 
 4.27898753e+01  9.96695710e+00  4.27898753e+01  6.45668126e-01 
 4.32854253e+01  9.96697022e+00  4.32854253e+01  6.37968664e-01 
 4.37867142e+01  9.96698305e+00  4.37867142e+01  6.30353749e-01 
 4.42938085e+01  9.96699558e+00  4.42938085e+01  6.22822374e-01 
 4.48067755e+01  9.96700783e+00  4.48067755e+01  6.15373542e-01 
 4.53256831e+01  9.96701980e+00  4.53256831e+01  6.08006265e-01 
 4.58506003e+01  9.96703150e+00  4.58506003e+01  6.00719568e-01 
 4.63815965e+01  9.96704293e+00  4.63815965e+01  5.93512485e-01 
 4.69187422e+01  9.96705411e+00  4.69187422e+01  5.86384063e-01 
 4.74621085e+01  9.96706502e+00  4.74621085e+01  5.79333357e-01 
 4.80117676e+01  9.96707569e+00  4.80117676e+01  5.72359433e-01 
 4.85677923e+01  9.96708612e+00  4.85677923e+01  5.65461367e-01 
 4.91302564e+01  9.96709631e+00  4.91302564e+01  5.58638246e-01 
 4.96992343e+01  9.96710627e+00  4.96992343e+01  5.51889165e-01 
 5.02748016e+01  9.96711600e+00  5.02748016e+01  5.45213232e-01 
 5.08570345e+01  9.96712551e+00  5.08570345e+01  5.38609560e-01 
 5.14460103e+01  9.96713481e+00  5.14460103e+01  5.32077276e-01 
 5.20418070e+01  9.96714389e+00  5.20418070e+01  5.25615515e-01 
 5.26445036e+01  9.96715276e+00  5.26445036e+01  5.19223419e-01 
 5.32541801e+01  9.96716144e+00  5.32541801e+01  5.12900143e-01 
 5.38709172e+01  9.96716991e+00  5.38709172e+01  5.06644849e-01 
 5.44947968e+01  9.96717820e+00  5.44947968e+01  5.00456707e-01 
 5.51259015e+01  9.96718629e+00  5.51259015e+01  4.94334899e-01 
 5.57643151e+01  9.96719420e+00  5.57643151e+01  4.88278612e-01 
 5.64101221e+01  9.96720193e+00  5.64101221e+01  4.82287046e-01 
 5.70634082e+01  9.96720949e+00  5.70634082e+01  4.76359405e-01 
 5.77242601e+01  9.96721687e+00  5.77242601e+01  4.70494904e-01 
 5.83927652e+01  9.96722409e+00  5.83927652e+01  4.64692767e-01 
 5.90690124e+01  9.96723114e+00  5.90690124e+01  4.58952225e-01 
 5.97530911e+01  9.96723802e+00  5.97530911e+01  4.53272517e-01 
 6.04450922e+01  9.96724476e+00  6.04450922e+01  4.47652891e-01 
 6.11451073e+01  9.96725134e+00  6.11451073e+01  4.42092601e-01 
 6.18532294e+01  9.96725776e+00  6.18532294e+01  4.36590912e-01 
 6.25695522e+01  9.96726405e+00  6.25695522e+01  4.31147094e-01 
 6.32941707e+01  9.96727019e+00  6.32941707e+01  4.25760426e-01 
 6.40271811e+01  9.96727618e+00  6.40271811e+01  4.20430194e-01 
 6.47686804e+01  9.96728205e+00  6.47686804e+01  4.15155691e-01 
 6.55187671e+01  9.96728777e+00  6.55187671e+01  4.09936220e-01 
 6.62775405e+01  9.96729337e+00  6.62775405e+01  4.04771088e-01 
 6.70451013e+01  9.96729884e+00  6.70451013e+01  3.99659611e-01 
 6.78215512e+01  9.96730419e+00  6.78215512e+01  3.94601111e-01 
 6.86069932e+01  9.96730941e+00  6.86069932e+01  3.89594918e-01 
 6.94015314e+01  9.96731451e+00  6.94015314e+01  3.84640369e-01 
 7.02052711e+01  9.96731950e+00  7.02052711e+01  3.79736808e-01 
 7.10183190e+01  9.96732437e+00  7.10183190e+01  3.74883583e-01 
 7.18407828e+01  9.96732914e+00  7.18407828e+01  3.70080053e-01 
 7.26727715e+01  9.96733379e+00  7.26727715e+01  3.65325581e-01 
 7.35143955e+01  9.96733833e+00  7.35143955e+01  3.60619535e-01 
 7.43657664e+01  9.96734278e+00  7.43657664e+01  3.55961294e-01 
 7.52269970e+01  9.96734712e+00  7.52269970e+01  3.51350240e-01 
 7.60982015e+01  9.96735136e+00  7.60982015e+01  3.46785761e-01 
 7.69794955e+01  9.96735550e+00  7.69794955e+01  3.42267252e-01 
 7.78709957e+01  9.96735955e+00  7.78709957e+01  3.37794115e-01 
 7.87728204e+01  9.96736351e+00  7.87728204e+01  3.33365757e-01 
 7.96850891e+01  9.96736737e+00  7.96850891e+01  3.28981591e-01 
 8.06079229e+01  9.96737115e+00  8.06079229e+01  3.24641035e-01 
 8.15414439e+01  9.96737484e+00  8.15414439e+01  3.20343516e-01 
 8.24857761e+01  9.96737845e+00  8.24857761e+01  3.16088462e-01 
 8.34410446e+01  9.96738197e+00  8.34410446e+01  3.11875311e-01 
 8.44073761e+01  9.96738541e+00  8.44073761e+01  3.07703503e-01 
 8.53848987e+01  9.96738877e+00  8.53848987e+01  3.03572487e-01 
 8.63737419e+01  9.96739206e+00  8.63737419e+01  2.99481713e-01 
 8.73740370e+01  9.96739527e+00  8.73740370e+01  2.95430641e-01 
 8.83859165e+01  9.96739840e+00  8.83859165e+01  2.91418732e-01 
 8.94095146e+01  9.96740147e+00  8.94095146e+01  2.87445456e-01 
 9.04449670e+01  9.96740446e+00  9.04449670e+01  2.83510286e-01 
 9.14924110e+01  9.96740738e+00  9.14924110e+01  2.79612700e-01 
 9.25519854e+01  9.96741024e+00  9.25519854e+01  2.75752182e-01 
 9.36238307e+01  9.96741303e+00  9.36238307e+01  2.71928220e-01 
 9.47080892e+01  9.96741576e+00  9.47080892e+01  2.68140306e-01 
 9.58049044e+01  9.96741842e+00  9.58049044e+01  2.64387940e-01 
 9.69144218e+01  9.96742102e+00  9.69144218e+01  2.60670623e-01 
 9.80367886e+01  9.96742356e+00  9.80367886e+01  2.56987863e-01 
 9.91721535e+01  9.96742604e+00  9.91721535e+01  2.53339172e-01 
 1.00320667e+02  9.96742847e+00  1.00320667e+02  2.49724066e-01 
 1.01482482e+02  9.96743083e+00  1.01482482e+02  2.46142066e-01 
 1.02657751e+02  9.96743315e+00  1.02657751e+02  2.42592697e-01 
 1.03846632e+02  9.96743540e+00  1.03846632e+02  2.39075489e-01 
 1.05049280e+02  9.96743761e+00  1.05049280e+02  2.35589975e-01 
 1.06265857e+02  9.96743976e+00  1.06265857e+02  2.32135693e-01 
 1.07496523e+02  9.96744187e+00  1.07496523e+02  2.28712186e-01 
 1.08741441e+02  9.96744392e+00  1.08741441e+02  2.25319000e-01 
 1.10000777e+02  9.96744593e+00  1.10000777e+02  2.21955684e-01 
 1.11274697e+02  9.96744789e+00  1.11274697e+02  2.18621794e-01 
 1.12563370e+02  9.96744980e+00  1.12563370e+02  2.15316887e-01 
 1.13866967e+02  9.96745167e+00  1.13866967e+02  2.12040525e-01 
 1.15185661e+02  9.96745349e+00  1.15185661e+02  2.08792274e-01 
 1.16519628e+02  9.96745527e+00  1.16519628e+02  2.05571702e-01 
 1.17869043e+02  9.96745701e+00  1.17869043e+02  2.02378385e-01 
 1.19234085e+02  9.96745871e+00  1.19234085e+02  1.99211897e-01 
 1.20614936e+02  9.96746037e+00  1.20614936e+02  1.96071819e-01 
 1.22011779e+02  9.96746199e+00  1.22011779e+02  1.92957735e-01 
 1.23424798e+02  9.96746356e+00  1.23424798e+02  1.89869232e-01 
 1.24854182e+02  9.96746511e+00  1.24854182e+02  1.86805901e-01 
 1.26300119e+02  9.96746661e+00  1.26300119e+02  1.83767336e-01 
 1.27762802e+02  9.96746808e+00  1.27762802e+02  1.80753134e-01 
 1.29242424e+02  9.96746951e+00  1.29242424e+02  1.77762894e-01 
 1.30739182e+02  9.96747091e+00  1.30739182e+02  1.74796222e-01 
 1.32253273e+02  9.96747227e+00  1.32253273e+02  1.71852723e-01 
 1.33784900e+02  9.96747360e+00  1.33784900e+02  1.68932008e-01 
 1.35334264e+02  9.96747490e+00  1.35334264e+02  1.66033688e-01 
 1.36901571e+02  9.96747617e+00  1.36901571e+02  1.63157381e-01 
 1.38487029e+02  9.96747740e+00  1.38487029e+02  1.60302705e-01 
 1.40090849e+02  9.96747861e+00  1.40090849e+02  1.57469280e-01 
 1.41713242e+02  9.96747978e+00  1.41713242e+02  1.54656732e-01 
 1.43354425e+02  9.96748093e+00  1.43354425e+02  1.51864688e-01 
 1.45014614e+02  9.96748205e+00  1.45014614e+02  1.49092778e-01 
 1.46694029e+02  9.96748314e+00  1.46694029e+02  1.46340633e-01 
 1.48392894e+02  9.96748420e+00  1.48392894e+02  1.43607890e-01 
 1.50111433e+02  9.96748523e+00  1.50111433e+02  1.40894186e-01 
 1.51849875e+02  9.96748624e+00  1.51849875e+02  1.38199161e-01 
 1.53608450e+02  9.96748722e+00  1.53608450e+02  1.35522459e-01 
 1.55387391e+02  9.96748818e+00  1.55387391e+02  1.32863723e-01 
 1.57186933e+02  9.96748911e+00  1.57186933e+02  1.30222602e-01 
 1.59007317e+02  9.96749002e+00  1.59007317e+02  1.27598745e-01 
 1.60848782e+02  9.96749091e+00  1.60848782e+02  1.24991806e-01 
 1.62711573e+02  9.96749177e+00  1.62711573e+02  1.22401437e-01 
 1.64595937e+02  9.96749261e+00  1.64595937e+02  1.19827296e-01 
 1.66502124e+02  9.96749342e+00  1.66502124e+02  1.17269041e-01 
 1.68430387e+02  9.96749422e+00  1.68430387e+02  1.14726333e-01 
 1.70380981e+02  9.96749499e+00  1.70380981e+02  1.12198836e-01 
 1.72354164e+02  9.96749574e+00  1.72354164e+02  1.09686213e-01 
 1.74350199e+02  9.96749647e+00  1.74350199e+02  1.07188133e-01 
 1.76369351e+02  9.96749718e+00  1.76369351e+02  1.04704263e-01 
 1.78411886e+02  9.96749787e+00  1.78411886e+02  1.02234275e-01 
 1.80478075e+02  9.96749854e+00  1.80478075e+02  9.97778409e-02 
 1.82568193e+02  9.96749919e+00  1.82568193e+02  9.73346350e-02 
 1.84682517e+02  9.96749983e+00  1.84682517e+02  9.49043336e-02 
 1.86821327e+02  9.96750044e+00  1.86821327e+02  9.24866144e-02 
 1.88984907e+02  9.96750104e+00  1.88984907e+02  9.00811569e-02 
 1.91173543e+02  9.96750161e+00  1.91173543e+02  8.76876423e-02 
 1.93387525e+02  9.96750217e+00  1.93387525e+02  8.53057531e-02 
 1.95627148e+02  9.96750272e+00  1.95627148e+02  8.29351736e-02 
 1.97892707e+02  9.96750324e+00  1.97892707e+02  8.05755895e-02 
 2.00184505e+02  9.96750375e+00  2.00184505e+02  7.82266880e-02 
 2.02502843e+02  9.96750424e+00  2.02502843e+02  7.58881577e-02 
 2.04848030e+02  9.96750472e+00  2.04848030e+02  7.35596885e-02 
 2.07220377e+02  9.96750518e+00  2.07220377e+02  7.12409718e-02 
 2.09620198e+02  9.96750562e+00  2.09620198e+02  6.89317001e-02 
 2.12047812e+02  9.96750605e+00  2.12047812e+02  6.66315672e-02 
 2.14503539e+02  9.96750646e+00  2.14503539e+02  6.43402683e-02 
 2.16987707e+02  9.96750686e+00  2.16987707e+02  6.20574996e-02 
 2.19500643e+02  9.96750725e+00  2.19500643e+02  5.97829583e-02 
 2.22042682e+02  9.96750761e+00  2.22042682e+02  5.75163430e-02 
 2.24614160e+02  9.96750797e+00  2.24614160e+02  5.52573531e-02 
 2.27215419e+02  9.96750831e+00  2.27215419e+02  5.30056892e-02 
 2.29846803e+02  9.96750863e+00  2.29846803e+02  5.07610528e-02 
 2.32508661e+02  9.96750895e+00  2.32508661e+02  4.85231461e-02 
 2.35201345e+02  9.96750924e+00  2.35201345e+02  4.62916726e-02 
 2.37925214e+02  9.96750953e+00  2.37925214e+02  4.40663364e-02 
 2.40680628e+02  9.96750980e+00  2.40680628e+02  4.18468425e-02 
 2.43467953e+02  9.96751006e+00  2.43467953e+02  3.96328965e-02 
 2.46287557e+02  9.96751030e+00  2.46287557e+02  3.74242050e-02 
 2.49139816e+02  9.96751053e+00  2.49139816e+02  3.52204752e-02 
 2.52025106e+02  9.96751075e+00  2.52025106e+02  3.30214148e-02 
 2.54943811e+02  9.96751096e+00  2.54943811e+02  3.08267324e-02 
 2.57896318e+02  9.96751115e+00  2.57896318e+02  2.86361370e-02 
 2.60883017e+02  9.96751133e+00  2.60883017e+02  2.64493380e-02 
 2.63904306e+02  9.96751150e+00  2.63904306e+02  2.42660457e-02 
 2.66960584e+02  9.96751166e+00  2.66960584e+02  2.20859705e-02 
 2.70052257e+02  9.96751180e+00  2.70052257e+02  1.99088234e-02 
 2.73179734e+02  9.96751193e+00  2.73179734e+02  1.77343158e-02 
 2.76343431e+02  9.96751205e+00  2.76343431e+02  1.55621593e-02 
 2.79543767e+02  9.96751215e+00  2.79543767e+02  1.33920660e-02 
 2.82781166e+02  9.96751225e+00  2.82781166e+02  1.12237482e-02 
 2.86056057e+02  9.96751233e+00  2.86056057e+02  9.05691833e-03 
 2.89368875e+02  9.96751240e+00  2.89368875e+02  6.89128920e-03 
 2.92720058e+02  9.96751246e+00  2.92720058e+02  4.72657365e-03 
 2.96110052e+02  9.96751251e+00  2.96110052e+02  2.56248470e-03 
 2.99539305e+02  9.96751254e+00  2.99539305e+02  3.98735416e-04 
 3.03008272e+02  9.96751257e+00  3.03008272e+02 -1.76496106e-03 
 3.06517414e+02  9.96751258e+00  3.06517414e+02 -3.92889161e-03 
 3.10067195e+02  9.96751258e+00  3.10067195e+02 -6.09334311e-03 
 3.13658086e+02  9.96751256e+00  3.13658086e+02 -8.25860254e-03 
 3.17290563e+02  9.96751254e+00  3.17290563e+02 -1.04249570e-02 
 3.20965108e+02  9.96751250e+00  3.20965108e+02 -1.25926936e-02 
 3.24682207e+02  9.96751246e+00  3.24682207e+02 -1.47620999e-02 
 3.28442355e+02  9.96751240e+00  3.28442355e+02 -1.69334633e-02 
 3.32246049e+02  9.96751232e+00  3.32246049e+02 -1.91070719e-02 
 3.36093793e+02  9.96751224e+00  3.36093793e+02 -2.12832138e-02 
 3.39986099e+02  9.96751214e+00  3.39986099e+02 -2.34621776e-02 
 3.43923481e+02  9.96751204e+00  3.43923481e+02 -2.56442520e-02 
 3.47906461e+02  9.96751192e+00  3.47906461e+02 -2.78297264e-02 
 3.51935569e+02  9.96751178e+00  3.51935569e+02 -3.00188906e-02 
 3.56011338e+02  9.96751164e+00  3.56011338e+02 -3.22120347e-02 
 3.60134309e+02  9.96751148e+00  3.60134309e+02 -3.44094496e-02 
 3.64305027e+02  9.96751131e+00  3.64305027e+02 -3.66114267e-02 
 3.68524047e+02  9.96751113e+00  3.68524047e+02 -3.88182577e-02 
 3.72791927e+02  9.96751094e+00  3.72791927e+02 -4.10302354e-02 
 3.77109234e+02  9.96751073e+00  3.77109234e+02 -4.32476530e-02 
 3.81476539e+02  9.96751051e+00  3.81476539e+02 -4.54708044e-02 
 3.85894423e+02  9.96751028e+00  3.85894423e+02 -4.76999845e-02 
 3.90363469e+02  9.96751003e+00  3.90363469e+02 -4.99354888e-02 
 3.94884272e+02  9.96750977e+00  3.94884272e+02 -5.21776135e-02 
 3.99457430e+02  9.96750950e+00  3.99457430e+02 -5.44266562e-02 
 4.04083550e+02  9.96750921e+00  4.04083550e+02 -5.66829148e-02 
 4.08763246e+02  9.96750891e+00  4.08763246e+02 -5.89466885e-02 
 4.13497136e+02  9.96750860e+00  4.13497136e+02 -6.12182775e-02 
 4.18285850e+02  9.96750827e+00  4.18285850e+02 -6.34979829e-02 
 4.23130023e+02  9.96750793e+00  4.23130023e+02 -6.57861070e-02 
 4.28030295e+02  9.96750758e+00  4.28030295e+02 -6.80829532e-02 
 4.32987318e+02  9.96750721e+00  4.32987318e+02 -7.03888258e-02 
 4.38001748e+02  9.96750682e+00  4.38001748e+02 -7.27040308e-02 
 4.43074250e+02  9.96750642e+00  4.43074250e+02 -7.50288750e-02 
 4.48205497e+02  9.96750601e+00  4.48205497e+02 -7.73636666e-02 
 4.53396168e+02  9.96750558e+00  4.53396168e+02 -7.97087152e-02 
 4.58646954e+02  9.96750513e+00  4.58646954e+02 -8.20643316e-02 
 4.63958548e+02  9.96750467e+00  4.63958548e+02 -8.44308283e-02 
 4.69331656e+02  9.96750419e+00  4.69331656e+02 -8.68085190e-02 
 4.74766990e+02  9.96750370e+00  4.74766990e+02 -8.91977188e-02 
 4.80265271e+02  9.96750319e+00  4.80265271e+02 -9.15987445e-02 
 4.85827227e+02  9.96750266e+00  4.85827227e+02 -9.40119146e-02 
 4.91453597e+02  9.96750212e+00  4.91453597e+02 -9.64375488e-02 
 4.97145125e+02  9.96750155e+00  4.97145125e+02 -9.88759688e-02 
 5.02902567e+02  9.96750097e+00  5.02902567e+02 -1.01327498e-01 
 5.08726686e+02  9.96750038e+00  5.08726686e+02 -1.03792461e-01 
 5.14618255e+02  9.96749976e+00  5.14618255e+02 -1.06271185e-01 
 5.20578053e+02  9.96749913e+00  5.20578053e+02 -1.08763999e-01 
 5.26606872e+02  9.96749847e+00  5.26606872e+02 -1.11271232e-01 
 5.32705511e+02  9.96749780e+00  5.32705511e+02 -1.13793218e-01 
 5.38874778e+02  9.96749711e+00  5.38874778e+02 -1.16330291e-01 
 5.45115492e+02  9.96749640e+00  5.45115492e+02 -1.18882787e-01 
 5.51428479e+02  9.96749566e+00  5.51428479e+02 -1.21451045e-01 
 5.57814577e+02  9.96749491e+00  5.57814577e+02 -1.24035404e-01 
 5.64274633e+02  9.96749413e+00  5.64274633e+02 -1.26636208e-01 
 5.70809503e+02  9.96749334e+00  5.70809503e+02 -1.29253802e-01 
 5.77420053e+02  9.96749252e+00  5.77420053e+02 -1.31888532e-01 
 5.84107159e+02  9.96749168e+00  5.84107159e+02 -1.34540748e-01 
 5.90871709e+02  9.96749081e+00  5.90871709e+02 -1.37210801e-01 
 5.97714600e+02  9.96748993e+00  5.97714600e+02 -1.39899046e-01 
 6.04636738e+02  9.96748902e+00  6.04636738e+02 -1.42605839e-01 
 6.11639042e+02  9.96748808e+00  6.11639042e+02 -1.45331538e-01 
 6.18722439e+02  9.96748712e+00  6.18722439e+02 -1.48076505e-01 
 6.25887869e+02  9.96748613e+00  6.25887869e+02 -1.50841105e-01 
 6.33136282e+02  9.96748512e+00  6.33136282e+02 -1.53625702e-01 
 6.40468639e+02  9.96748408e+00  6.40468639e+02 -1.56430668e-01 
 6.47885912e+02  9.96748302e+00  6.47885912e+02 -1.59256373e-01 
 6.55389084e+02  9.96748193e+00  6.55389084e+02 -1.62103191e-01 
 6.62979151e+02  9.96748081e+00  6.62979151e+02 -1.64971502e-01 
 6.70657118e+02  9.96747966e+00  6.70657118e+02 -1.67861684e-01 
 6.78424004e+02  9.96747848e+00  6.78424004e+02 -1.70774121e-01 
 6.86280839e+02  9.96747727e+00  6.86280839e+02 -1.73709200e-01 
 6.94228663e+02  9.96747603e+00  6.94228663e+02 -1.76667308e-01 
 7.02268532e+02  9.96747476e+00  7.02268532e+02 -1.79648839e-01 
 7.10401510e+02  9.96747346e+00  7.10401510e+02 -1.82654187e-01 
 7.18628676e+02  9.96747212e+00  7.18628676e+02 -1.85683752e-01 
 7.26951121e+02  9.96747076e+00  7.26951121e+02 -1.88737934e-01 
 7.35369948e+02  9.96746935e+00  7.35369948e+02 -1.91817139e-01 
 7.43886274e+02  9.96746792e+00  7.43886274e+02 -1.94921774e-01 
 7.52501228e+02  9.96746644e+00  7.52501228e+02 -1.98052252e-01 
 7.61215951e+02  9.96746494e+00  7.61215951e+02 -2.01208987e-01 
 7.70031600e+02  9.96746339e+00  7.70031600e+02 -2.04392398e-01 
 7.78949343e+02  9.96746181e+00  7.78949343e+02 -2.07602907e-01 
 7.87970362e+02  9.96746018e+00  7.87970362e+02 -2.10840940e-01 
 7.97095854e+02  9.96745852e+00  7.97095854e+02 -2.14106925e-01 
 8.06327028e+02  9.96745682e+00  8.06327028e+02 -2.17401296e-01 
 8.15665108e+02  9.96745507e+00  8.15665108e+02 -2.20724489e-01 
 8.25111333e+02  9.96745329e+00  8.25111333e+02 -2.24076946e-01 
 8.34666955e+02  9.96745146e+00  8.34666955e+02 -2.27459110e-01 
 8.44333240e+02  9.96744958e+00  8.44333240e+02 -2.30871430e-01 
 8.54111471e+02  9.96744767e+00  8.54111471e+02 -2.34314358e-01 
 8.64002944e+02  9.96744570e+00  8.64002944e+02 -2.37788350e-01 
 8.74008970e+02  9.96744369e+00  8.74008970e+02 -2.41293868e-01 
 8.84130875e+02  9.96744163e+00  8.84130875e+02 -2.44831375e-01 
 8.94370003e+02  9.96743952e+00  8.94370003e+02 -2.48401341e-01 
 9.04727710e+02  9.96743735e+00  9.04727710e+02 -2.52004240e-01 
 9.15205369e+02  9.96743514e+00  9.15205369e+02 -2.55640548e-01 
 9.25804371e+02  9.96743288e+00  9.25804371e+02 -2.59310747e-01 
 9.36526119e+02  9.96743056e+00  9.36526119e+02 -2.63015325e-01 
 9.47372037e+02  9.96742818e+00  9.47372037e+02 -2.66754772e-01 
 9.58343561e+02  9.96742575e+00  9.58343561e+02 -2.70529584e-01 
 9.69442146e+02  9.96742326e+00  9.69442146e+02 -2.74340262e-01 
 9.80669264e+02  9.96742071e+00  9.80669264e+02 -2.78187310e-01 
 9.92026404e+02  9.96741810e+00  9.92026404e+02 -2.82071238e-01 
 1.00351507e+03  9.96741543e+00  1.00351507e+03 -2.85992562e-01 
 1.01513679e+03  9.96741269e+00  1.01513679e+03 -2.89951801e-01 
 1.02689310e+03  9.96740989e+00  1.02689310e+03 -2.93949480e-01 
 1.03878555e+03  9.96740703e+00  1.03878555e+03 -2.97986129e-01 
 1.05081574e+03  9.96740409e+00  1.05081574e+03 -3.02062283e-01 
 1.06298524e+03  9.96740109e+00  1.06298524e+03 -3.06178483e-01 
 1.07529569e+03  9.96739802e+00  1.07529569e+03 -3.10335273e-01 
 1.08774869e+03  9.96739487e+00  1.08774869e+03 -3.14533205e-01 
 1.10034592e+03  9.96739165e+00  1.10034592e+03 -3.18772836e-01 
 1.11308904e+03  9.96738835e+00  1.11308904e+03 -3.23054727e-01 
 1.12597973e+03  9.96738498e+00  1.12597973e+03 -3.27379446e-01 
 1.13901971e+03  9.96738152e+00  1.13901971e+03 -3.31747566e-01 
 1.15221071e+03  9.96737799e+00  1.15221071e+03 -3.36159666e-01 
 1.16555447e+03  9.96737437e+00  1.16555447e+03 -3.40616331e-01 
 1.17905277e+03  9.96737067e+00  1.17905277e+03 -3.45118152e-01 
 1.19270739e+03  9.96736687e+00  1.19270739e+03 -3.49665726e-01 
 1.20652015e+03  9.96736299e+00  1.20652015e+03 -3.54259655e-01 
 1.22049287e+03  9.96735902e+00  1.22049287e+03 -3.58900548e-01 
 1.23462740e+03  9.96735496e+00  1.23462740e+03 -3.63589020e-01 
 1.24892564e+03  9.96735080e+00  1.24892564e+03 -3.68325692e-01 
 1.26338945e+03  9.96734654e+00  1.26338945e+03 -3.73111194e-01 
 1.27802078e+03  9.96734218e+00  1.27802078e+03 -3.77946158e-01 
 1.29282155e+03  9.96733772e+00  1.29282155e+03 -3.82831225e-01 
 1.30779373e+03  9.96733316e+00  1.30779373e+03 -3.87767044e-01 
 1.32293930e+03  9.96732849e+00  1.32293930e+03 -3.92754268e-01 
 1.33826027e+03  9.96732371e+00  1.33826027e+03 -3.97793558e-01 
 1.35375867e+03  9.96731881e+00  1.35375867e+03 -4.02885583e-01 
 1.36943656e+03  9.96731381e+00  1.36943656e+03 -4.08031016e-01 
 1.38529602e+03  9.96730868e+00  1.38529602e+03 -4.13230541e-01 
 1.40133915e+03  9.96730344e+00  1.40133915e+03 -4.18484845e-01 
 1.41756807e+03  9.96729807e+00  1.41756807e+03 -4.23794626e-01 
 1.43398494e+03  9.96729258e+00  1.43398494e+03 -4.29160587e-01 
 1.45059193e+03  9.96728696e+00  1.45059193e+03 -4.34583440e-01 
 1.46739125e+03  9.96728120e+00  1.46739125e+03 -4.40063902e-01 
 1.48438512e+03  9.96727532e+00  1.48438512e+03 -4.45602701e-01 
 1.50157580e+03  9.96726929e+00  1.50157580e+03 -4.51200570e-01 
 1.51896556e+03  9.96726313e+00  1.51896556e+03 -4.56858251e-01 
 1.53655671e+03  9.96725682e+00  1.53655671e+03 -4.62576494e-01 
 1.55435159e+03  9.96725036e+00  1.55435159e+03 -4.68356057e-01 
 1.57235255e+03  9.96724375e+00  1.57235255e+03 -4.74197706e-01 
 1.59056198e+03  9.96723699e+00  1.59056198e+03 -4.80102214e-01 
 1.60898229e+03  9.96723007e+00  1.60898229e+03 -4.86070365e-01 
 1.62761593e+03  9.96722298e+00  1.62761593e+03 -4.92102949e-01 
 1.64646536e+03  9.96721574e+00  1.64646536e+03 -4.98200765e-01 
 1.66553309e+03  9.96720832e+00  1.66553309e+03 -5.04364622e-01 
 1.68482165e+03  9.96720073e+00  1.68482165e+03 -5.10595336e-01 
 1.70433358e+03  9.96719296e+00  1.70433358e+03 -5.16893733e-01 
 1.72407148e+03  9.96718501e+00  1.72407148e+03 -5.23260647e-01 
 1.74403797e+03  9.96717688e+00  1.74403797e+03 -5.29696922e-01 
 1.76423569e+03  9.96716855e+00  1.76423569e+03 -5.36203412e-01 
 1.78466732e+03  9.96716003e+00  1.78466732e+03 -5.42780977e-01 
 1.80533557e+03  9.96715132e+00  1.80533557e+03 -5.49430490e-01 
 1.82624317e+03  9.96714240e+00  1.82624317e+03 -5.56152832e-01 
 1.84739291e+03  9.96713327e+00  1.84739291e+03 -5.62948893e-01 
 1.86878759e+03  9.96712392e+00  1.86878759e+03 -5.69819574e-01 
 1.89043003e+03  9.96711436e+00  1.89043003e+03 -5.76765784e-01 
 1.91232312e+03  9.96710458e+00  1.91232312e+03 -5.83788445e-01 
 1.93446975e+03  9.96709457e+00  1.93446975e+03 -5.90888487e-01 
 1.95687286e+03  9.96708433e+00  1.95687286e+03 -5.98066850e-01 
 1.97953542e+03  9.96707384e+00  1.97953542e+03 -6.05324485e-01 
 2.00246044e+03  9.96706312e+00  2.00246044e+03 -6.12662354e-01 
 2.02565095e+03  9.96705214e+00  2.02565095e+03 -6.20081429e-01 
 2.04911003e+03  9.96704090e+00  2.04911003e+03 -6.27582693e-01 
 2.07284080e+03  9.96702941e+00  2.07284080e+03 -6.35167139e-01 
 2.09684638e+03  9.96701764e+00  2.09684638e+03 -6.42835772e-01 
 2.12112998e+03  9.96700560e+00  2.12112998e+03 -6.50589608e-01 
 2.14569480e+03  9.96699329e+00  2.14569480e+03 -6.58429674e-01 
 2.17054412e+03  9.96698068e+00  2.17054412e+03 -6.66357008e-01 
 2.19568121e+03  9.96696778e+00  2.19568121e+03 -6.74372661e-01 
 2.22110941e+03  9.96695458e+00  2.22110941e+03 -6.82477694e-01 
 2.24683210e+03  9.96694107e+00  2.24683210e+03 -6.90673181e-01 
 2.27285268e+03  9.96692725e+00  2.27285268e+03 -6.98960207e-01 
 2.29917461e+03  9.96691310e+00  2.29917461e+03 -7.07339870e-01 
 2.32580137e+03  9.96689862e+00  2.32580137e+03 -7.15813279e-01 
 2.35273649e+03  9.96688381e+00  2.35273649e+03 -7.24381557e-01 
 2.37998356e+03  9.96686865e+00  2.37998356e+03 -7.33045838e-01 
 2.40754617e+03  9.96685314e+00  2.40754617e+03 -7.41807270e-01 
 2.43542798e+03  9.96683727e+00  2.43542798e+03 -7.50667014e-01 
 2.46363269e+03  9.96682103e+00  2.46363269e+03 -7.59626241e-01 
 2.49216405e+03  9.96680441e+00  2.49216405e+03 -7.68686140e-01 
 2.52102582e+03  9.96678740e+00  2.52102582e+03 -7.77847908e-01 
 2.55022184e+03  9.96676999e+00  2.55022184e+03 -7.87112760e-01 
 2.57975598e+03  9.96675218e+00  2.57975598e+03 -7.96481923e-01 
 2.60963216e+03  9.96673396e+00  2.60963216e+03 -8.05956636e-01 
 2.63985434e+03  9.96671531e+00  2.63985434e+03 -8.15538154e-01 
 2.67042651e+03  9.96669622e+00  2.67042651e+03 -8.25227745e-01 
 2.70135274e+03  9.96667669e+00  2.70135274e+03 -8.35026694e-01 
 2.73263713e+03  9.96665671e+00  2.73263713e+03 -8.44936295e-01 
 2.76428383e+03  9.96663626e+00  2.76428383e+03 -8.54957862e-01 
 2.79629703e+03  9.96661533e+00  2.79629703e+03 -8.65092722e-01 
 2.82868097e+03  9.96659392e+00  2.82868097e+03 -8.75342215e-01 
 2.86143995e+03  9.96657201e+00  2.86143995e+03 -8.85707698e-01 
 2.89457831e+03  9.96654958e+00  2.89457831e+03 -8.96190543e-01 
 2.92810044e+03  9.96652664e+00  2.92810044e+03 -9.06792138e-01 
 2.96201080e+03  9.96650316e+00  2.96201080e+03 -9.17513886e-01 
 2.99631387e+03  9.96647913e+00  2.99631387e+03 -9.28357206e-01 
 3.03101421e+03  9.96645454e+00  3.03101421e+03 -9.39323532e-01 
 3.06611641e+03  9.96642938e+00  3.06611641e+03 -9.50414317e-01 
 3.10162514e+03  9.96640364e+00  3.10162514e+03 -9.61631027e-01 
 3.13754508e+03  9.96637729e+00  3.13754508e+03 -9.72975146e-01 
 3.17388102e+03  9.96635033e+00  3.17388102e+03 -9.84448177e-01 
 3.21063777e+03  9.96632275e+00  3.21063777e+03 -9.96051636e-01 
 3.24782019e+03  9.96629452e+00  3.24782019e+03 -1.00778706e+00 
 3.28543323e+03  9.96626563e+00  3.28543323e+03 -1.01965600e+00 
 3.32348186e+03  9.96623607e+00  3.32348186e+03 -1.03166002e+00 
 3.36197113e+03  9.96620582e+00  3.36197113e+03 -1.04380072e+00 
 3.40090615e+03  9.96617487e+00  3.40090615e+03 -1.05607970e+00 
 3.44029207e+03  9.96614319e+00  3.44029207e+03 -1.06849859e+00 
 3.48013412e+03  9.96611078e+00  3.48013412e+03 -1.08105902e+00 
 3.52043759e+03  9.96607761e+00  3.52043759e+03 -1.09376266e+00 
 3.56120781e+03  9.96604368e+00  3.56120781e+03 -1.10661118e+00 
 3.60245019e+03  9.96600895e+00  3.60245019e+03 -1.11960630e+00 
 3.64417019e+03  9.96597341e+00  3.64417019e+03 -1.13274972e+00 
 3.68637336e+03  9.96593704e+00  3.68637336e+03 -1.14604318e+00 
 3.72906528e+03  9.96589983e+00  3.72906528e+03 -1.15948844e+00 
 3.77225162e+03  9.96586175e+00  3.77225162e+03 -1.17308728e+00 
 3.81593810e+03  9.96582278e+00  3.81593810e+03 -1.18684150e+00 
 3.86013052e+03  9.96578291e+00  3.86013052e+03 -1.20075291e+00 
 3.90483472e+03  9.96574210e+00  3.90483472e+03 -1.21482335e+00 
 3.95005665e+03  9.96570035e+00  3.95005665e+03 -1.22905469e+00 
 3.99580229e+03  9.96565763e+00  3.99580229e+03 -1.24344879e+00 
 4.04207771e+03  9.96561390e+00  4.04207771e+03 -1.25800757e+00 
 4.08888905e+03  9.96556917e+00  4.08888905e+03 -1.27273295e+00 
 4.13624251e+03  9.96552339e+00  4.13624251e+03 -1.28762688e+00 
 4.18414437e+03  9.96547654e+00  4.18414437e+03 -1.30269132e+00 
 4.23260098e+03  9.96542860e+00  4.23260098e+03 -1.31792825e+00 
 4.28161877e+03  9.96537955e+00  4.28161877e+03 -1.33333971e+00 
 4.33120424e+03  9.96532935e+00  4.33120424e+03 -1.34892771e+00 
 4.38136395e+03  9.96527799e+00  4.38136395e+03 -1.36469432e+00 
 4.43210457e+03  9.96522543e+00  4.43210457e+03 -1.38064162e+00 
 4.48343281e+03  9.96517164e+00  4.48343281e+03 -1.39677172e+00 
 4.53535548e+03  9.96511661e+00  4.53535548e+03 -1.41308674e+00 
 4.58787948e+03  9.96506029e+00  4.58787948e+03 -1.42958885e+00 
 4.64101175e+03  9.96500266e+00  4.64101175e+03 -1.44628021e+00 
 4.69475935e+03  9.96494369e+00  4.69475935e+03 -1.46316303e+00 
 4.74912940e+03  9.96488335e+00  4.74912940e+03 -1.48023954e+00 
 4.80412911e+03  9.96482160e+00  4.80412911e+03 -1.49751200e+00 
 4.85976577e+03  9.96475841e+00  4.85976577e+03 -1.51498268e+00 
 4.91604676e+03  9.96469375e+00  4.91604676e+03 -1.53265388e+00 
 4.97297954e+03  9.96462759e+00  4.97297954e+03 -1.55052794e+00 
 5.03057166e+03  9.96455989e+00  5.03057166e+03 -1.56860722e+00 
 5.08883076e+03  9.96449061e+00  5.08883076e+03 -1.58689409e+00 
 5.14776455e+03  9.96441972e+00  5.14776455e+03 -1.60539098e+00 
 5.20738086e+03  9.96434717e+00  5.20738086e+03 -1.62410032e+00 
 5.26768758e+03  9.96427294e+00  5.26768758e+03 -1.64302457e+00 
 5.32869272e+03  9.96419698e+00  5.32869272e+03 -1.66216624e+00 
 5.39040436e+03  9.96411926e+00  5.39040436e+03 -1.68152784e+00 
 5.45283068e+03  9.96403972e+00  5.45283068e+03 -1.70111192e+00 
 5.51597996e+03  9.96395833e+00  5.51597996e+03 -1.72092108e+00 
 5.57986057e+03  9.96387505e+00  5.57986057e+03 -1.74095790e+00 
 5.64448099e+03  9.96378983e+00  5.64448099e+03 -1.76122504e+00 
 5.70984977e+03  9.96370262e+00  5.70984977e+03 -1.78172517e+00 
 5.77597559e+03  9.96361339e+00  5.77597559e+03 -1.80246098e+00 
 5.84286722e+03  9.96352208e+00  5.84286722e+03 -1.82343520e+00 
 5.91053351e+03  9.96342864e+00  5.91053351e+03 -1.84465060e+00 
 5.97898345e+03  9.96333303e+00  5.97898345e+03 -1.86610997e+00 
 6.04822611e+03  9.96323520e+00  6.04822611e+03 -1.88781612e+00 
 6.11827067e+03  9.96313508e+00  6.11827067e+03 -1.90977193e+00 
 6.18912642e+03  9.96303264e+00  6.18912642e+03 -1.93198027e+00 
 6.26080275e+03  9.96292781e+00  6.26080275e+03 -1.95444406e+00 
 6.33330916e+03  9.96282055e+00  6.33330916e+03 -1.97716627e+00 
 6.40665527e+03  9.96271079e+00  6.40665527e+03 -2.00014987e+00 
 6.48085080e+03  9.96259847e+00  6.48085080e+03 -2.02339789e+00 
 6.55590559e+03  9.96248354e+00  6.55590559e+03 -2.04691339e+00 
 6.63182959e+03  9.96236594e+00  6.63182959e+03 -2.07069945e+00 
 6.70863287e+03  9.96224560e+00  6.70863287e+03 -2.09475920e+00 
 6.78632561e+03  9.96212246e+00  6.78632561e+03 -2.11909580e+00 
 6.86491811e+03  9.96199645e+00  6.86491811e+03 -2.14371244e+00 
 6.94442078e+03  9.96186752e+00  6.94442078e+03 -2.16861236e+00 
 7.02484418e+03  9.96173558e+00  7.02484418e+03 -2.19379882e+00 
 7.10619897e+03  9.96160058e+00  7.10619897e+03 -2.21927513e+00 
 7.18849592e+03  9.96146243e+00  7.18849592e+03 -2.24504463e+00 
 7.27174595e+03  9.96132107e+00  7.27174595e+03 -2.27111071e+00 
 7.35596011e+03  9.96117643e+00  7.35596011e+03 -2.29747677e+00 
 7.44114955e+03  9.96102841e+00  7.44114955e+03 -2.32414627e+00 
 7.52732557e+03  9.96087696e+00  7.52732557e+03 -2.35112272e+00 
 7.61449959e+03  9.96072198e+00  7.61449959e+03 -2.37840964e+00 
 7.70268318e+03  9.96056340e+00  7.70268318e+03 -2.40601062e+00 
 7.79188802e+03  9.96040113e+00  7.79188802e+03 -2.43392925e+00 
 7.88212595e+03  9.96023509e+00  7.88212595e+03 -2.46216920e+00 
 7.97340892e+03  9.96006518e+00  7.97340892e+03 -2.49073417e+00 
 8.06574904e+03  9.95989133e+00  8.06574904e+03 -2.51962788e+00 
 8.15915855e+03  9.95971343e+00  8.15915855e+03 -2.54885412e+00 
 8.25364983e+03  9.95953139e+00  8.25364983e+03 -2.57841672e+00 
 8.34923543e+03  9.95934512e+00  8.34923543e+03 -2.60831953e+00 
 8.44592800e+03  9.95915453e+00  8.44592800e+03 -2.63856646e+00 
 8.54374036e+03  9.95895950e+00  8.54374036e+03 -2.66916146e+00 
 8.64268550e+03  9.95875993e+00  8.64268550e+03 -2.70010853e+00 
 8.74277651e+03  9.95855573e+00  8.74277651e+03 -2.73141170e+00 
 8.84402669e+03  9.95834678e+00  8.84402669e+03 -2.76307506e+00 
 8.94644944e+03  9.95813297e+00  8.94644944e+03 -2.79510274e+00 
 9.05005835e+03  9.95791420e+00  9.05005835e+03 -2.82749892e+00 
 9.15486716e+03  9.95769034e+00  9.15486716e+03 -2.86026782e+00 
 9.26088975e+03  9.95746127e+00  9.26088975e+03 -2.89341370e+00 
 9.36814020e+03  9.95722688e+00  9.36814020e+03 -2.92694088e+00 
 9.47663271e+03  9.95698705e+00  9.47663271e+03 -2.96085373e+00 
 9.58638168e+03  9.95674164e+00  9.58638168e+03 -2.99515665e+00 
 9.69740165e+03  9.95649054e+00  9.69740165e+03 -3.02985412e+00 
 9.80970735e+03  9.95623359e+00  9.80970735e+03 -3.06495063e+00 
 9.92331366e+03  9.95597068e+00  9.92331366e+03 -3.10045075e+00 
 1.00382356e+04  9.95570166e+00  1.00382356e+04 -3.13635909e+00 
 1.01544885e+04  9.95542639e+00  1.01544885e+04 -3.17268031e+00 
 1.02720878e+04  9.95514473e+00  1.02720878e+04 -3.20941913e+00 
 1.03910489e+04  9.95485652e+00  1.03910489e+04 -3.24658030e+00 
 1.05113877e+04  9.95456162e+00  1.05113877e+04 -3.28416864e+00 
 1.06331202e+04  9.95425987e+00  1.06331202e+04 -3.32218903e+00 
 1.07562625e+04  9.95395112e+00  1.07562625e+04 -3.36064638e+00 
 1.08808308e+04  9.95363520e+00  1.08808308e+04 -3.39954566e+00 
 1.10068418e+04  9.95331194e+00  1.10068418e+04 -3.43889192e+00 
 1.11343122e+04  9.95298117e+00  1.11343122e+04 -3.47869024e+00 
 1.12632587e+04  9.95264273e+00  1.12632587e+04 -3.51894575e+00 
 1.13936986e+04  9.95229643e+00  1.13936986e+04 -3.55966365e+00 
 1.15256492e+04  9.95194210e+00  1.15256492e+04 -3.60084920e+00 
 1.16591278e+04  9.95157954e+00  1.16591278e+04 -3.64250771e+00 
 1.17941523e+04  9.95120856e+00  1.17941523e+04 -3.68464453e+00 
 1.19307404e+04  9.95082898e+00  1.19307404e+04 -3.72726511e+00 
 1.20689105e+04  9.95044059e+00  1.20689105e+04 -3.77037491e+00 
 1.22086806e+04  9.95004320e+00  1.22086806e+04 -3.81397949e+00 
 1.23500695e+04  9.94963658e+00  1.23500695e+04 -3.85808445e+00 
 1.24930957e+04  9.94922053e+00  1.24930957e+04 -3.90269544e+00 
 1.26377784e+04  9.94879483e+00  1.26377784e+04 -3.94781820e+00 
 1.27841366e+04  9.94835926e+00  1.27841366e+04 -3.99345850e+00 
 1.29321898e+04  9.94791359e+00  1.29321898e+04 -4.03962219e+00 
 1.30819576e+04  9.94745758e+00  1.30819576e+04 -4.08631519e+00 
 1.32334599e+04  9.94699101e+00  1.32334599e+04 -4.13354345e+00 
 1.33867167e+04  9.94651361e+00  1.33867167e+04 -4.18131302e+00 
 1.35417484e+04  9.94602516e+00  1.35417484e+04 -4.22962999e+00 
 1.36985755e+04  9.94552538e+00  1.36985755e+04 -4.27850053e+00 
 1.38572188e+04  9.94501402e+00  1.38572188e+04 -4.32793086e+00 
 1.40176994e+04  9.94449082e+00  1.40176994e+04 -4.37792727e+00 
 1.41800385e+04  9.94395549e+00  1.41800385e+04 -4.42849613e+00 
 1.43442576e+04  9.94340776e+00  1.43442576e+04 -4.47964386e+00 
 1.45103786e+04  9.94284735e+00  1.45103786e+04 -4.53137696e+00 
 1.46784234e+04  9.94227396e+00  1.46784234e+04 -4.58370197e+00 
 1.48484144e+04  9.94168730e+00  1.48484144e+04 -4.63662553e+00 
 1.50203740e+04  9.94108705e+00  1.50203740e+04 -4.69015435e+00 
 1.51943251e+04  9.94047290e+00  1.51943251e+04 -4.74429517e+00 
 1.53702907e+04  9.93984455e+00  1.53702907e+04 -4.79905484e+00 
 1.55482942e+04  9.93920165e+00  1.55482942e+04 -4.85444027e+00 
 1.57283591e+04  9.93854388e+00  1.57283591e+04 -4.91045843e+00 
 1.59105094e+04  9.93787089e+00  1.59105094e+04 -4.96711636e+00 
 1.60947691e+04  9.93718234e+00  1.60947691e+04 -5.02442119e+00 
 1.62811628e+04  9.93647786e+00  1.62811628e+04 -5.08238011e+00 
 1.64697151e+04  9.93575710e+00  1.64697151e+04 -5.14100038e+00 
 1.66604510e+04  9.93501967e+00  1.66604510e+04 -5.20028934e+00 
 1.68533958e+04  9.93426520e+00  1.68533958e+04 -5.26025440e+00 
 1.70485751e+04  9.93349329e+00  1.70485751e+04 -5.32090304e+00 
 1.72460148e+04  9.93270355e+00  1.72460148e+04 -5.38224282e+00 
 1.74457411e+04  9.93189556e+00  1.74457411e+04 -5.44428139e+00 
 1.76477804e+04  9.93106891e+00  1.76477804e+04 -5.50702644e+00 
 1.78521595e+04  9.93022318e+00  1.78521595e+04 -5.57048576e+00 
 1.80589055e+04  9.92935792e+00  1.80589055e+04 -5.63466721e+00 
 1.82680458e+04  9.92847269e+00  1.82680458e+04 -5.69957874e+00 
 1.84796082e+04  9.92756702e+00  1.84796082e+04 -5.76522836e+00 
 1.86936208e+04  9.92664047e+00  1.86936208e+04 -5.83162415e+00 
 1.89101117e+04  9.92569254e+00  1.89101117e+04 -5.89877430e+00 
 1.91291099e+04  9.92472275e+00  1.91291099e+04 -5.96668705e+00 
 1.93506443e+04  9.92373060e+00  1.93506443e+04 -6.03537073e+00 
 1.95747443e+04  9.92271558e+00  1.95747443e+04 -6.10483374e+00 
 1.98014396e+04  9.92167717e+00  1.98014396e+04 -6.17508457e+00 
 2.00307602e+04  9.92061484e+00  2.00307602e+04 -6.24613179e+00 
 2.02627366e+04  9.91952804e+00  2.02627366e+04 -6.31798404e+00 
 2.04973996e+04  9.91841621e+00  2.04973996e+04 -6.39065005e+00 
 2.07347801e+04  9.91727879e+00  2.07347801e+04 -6.46413862e+00 
 2.09749098e+04  9.91611519e+00  2.09749098e+04 -6.53845864e+00 
 2.12178204e+04  9.91492482e+00  2.12178204e+04 -6.61361907e+00 
 2.14635442e+04  9.91370707e+00  2.14635442e+04 -6.68962897e+00 
 2.17121137e+04  9.91246131e+00  2.17121137e+04 -6.76649746e+00 
 2.19635619e+04  9.91118692e+00  2.19635619e+04 -6.84423375e+00 
 2.22179221e+04  9.90988325e+00  2.22179221e+04 -6.92284714e+00 
 2.24752280e+04  9.90854962e+00  2.24752280e+04 -7.00234701e+00 
 2.27355138e+04  9.90718537e+00  2.27355138e+04 -7.08274279e+00 
 2.29988140e+04  9.90578979e+00  2.29988140e+04 -7.16404404e+00 
 2.32651635e+04  9.90436219e+00  2.32651635e+04 -7.24626037e+00 
 2.35345976e+04  9.90290183e+00  2.35345976e+04 -7.32940148e+00 
 2.38071520e+04  9.90140798e+00  2.38071520e+04 -7.41347716e+00 
 2.40828628e+04  9.89987989e+00  2.40828628e+04 -7.49849727e+00 
 2.43617666e+04  9.89831677e+00  2.43617666e+04 -7.58447175e+00 
 2.46439005e+04  9.89671784e+00  2.46439005e+04 -7.67141063e+00 
 2.49293017e+04  9.89508230e+00  2.49293017e+04 -7.75932402e+00 
 2.52180082e+04  9.89340932e+00  2.52180082e+04 -7.84822211e+00 
 2.55100581e+04  9.89169806e+00  2.55100581e+04 -7.93811516e+00 
 2.58054904e+04  9.88994765e+00  2.58054904e+04 -8.02901354e+00 
 2.61043440e+04  9.88815723e+00  2.61043440e+04 -8.12092766e+00 
 2.64066586e+04  9.88632589e+00  2.64066586e+04 -8.21386805e+00 
 2.67124744e+04  9.88445273e+00  2.67124744e+04 -8.30784529e+00 
 2.70218318e+04  9.88253679e+00  2.70218318e+04 -8.40287004e+00 
 2.73347718e+04  9.88057712e+00  2.73347718e+04 -8.49895306e+00 
 2.76513361e+04  9.87857276e+00  2.76513361e+04 -8.59610517e+00 
 2.79715664e+04  9.87652270e+00  2.79715664e+04 -8.69433727e+00 
 2.82955054e+04  9.87442592e+00  2.82955054e+04 -8.79366035e+00 
 2.86231959e+04  9.87228138e+00  2.86231959e+04 -8.89408545e+00 
 2.89546814e+04  9.87008802e+00  2.89546814e+04 -8.99562371e+00 
 2.92900058e+04  9.86784476e+00  2.92900058e+04 -9.09828632e+00 
 2.96292136e+04  9.86555049e+00  2.96292136e+04 -9.20208458e+00 
 2.99723498e+04  9.86320407e+00  2.99723498e+04 -9.30702982e+00 
 3.03194599e+04  9.86080435e+00  3.03194599e+04 -9.41313347e+00 
 3.06705898e+04  9.85835015e+00  3.06705898e+04 -9.52040702e+00 
 3.10257862e+04  9.85584028e+00  3.10257862e+04 -9.62886203e+00 
 3.13850961e+04  9.85327349e+00  3.13850961e+04 -9.73851013e+00 
 3.17485672e+04  9.85064854e+00  3.17485672e+04 -9.84936301e+00 
 3.21162476e+04  9.84796415e+00  3.21162476e+04 -9.96143243e+00 
 3.24881861e+04  9.84521900e+00  3.24881861e+04 -1.00747302e+01 
 3.28644321e+04  9.84241177e+00  3.28644321e+04 -1.01892683e+01 
 3.32450354e+04  9.83954110e+00  3.32450354e+04 -1.03050585e+01 
 3.36300464e+04  9.83660559e+00  3.36300464e+04 -1.04221130e+01 
 3.40195163e+04  9.83360383e+00  3.40195163e+04 -1.05404437e+01 
 3.44134966e+04  9.83053437e+00  3.44134966e+04 -1.06600628e+01 
 3.48120396e+04  9.82739574e+00  3.48120396e+04 -1.07809825e+01 
 3.52151982e+04  9.82418644e+00  3.52151982e+04 -1.09032149e+01 
 3.56230257e+04  9.82090492e+00  3.56230257e+04 -1.10267724e+01 
 3.60355763e+04  9.81754962e+00  3.60355763e+04 -1.11516673e+01 
 3.64529046e+04  9.81411895e+00  3.64529046e+04 -1.12779119e+01 
 3.68750660e+04  9.81061127e+00  3.68750660e+04 -1.14055187e+01 
 3.73021165e+04  9.80702493e+00  3.73021165e+04 -1.15345000e+01 
 3.77341126e+04  9.80335822e+00  3.77341126e+04 -1.16648684e+01 
 3.81711117e+04  9.79960943e+00  3.81711117e+04 -1.17966363e+01 
 3.86131717e+04  9.79577678e+00  3.86131717e+04 -1.19298164e+01 
 3.90603512e+04  9.79185850e+00  3.90603512e+04 -1.20644212e+01 
 3.95127095e+04  9.78785273e+00  3.95127095e+04 -1.22004632e+01 
 3.99703065e+04  9.78375762e+00  3.99703065e+04 -1.23379552e+01 
 4.04332030e+04  9.77957127e+00  4.04332030e+04 -1.24769097e+01 
 4.09014603e+04  9.77529173e+00  4.09014603e+04 -1.26173394e+01 
 4.13751404e+04  9.77091704e+00  4.13751404e+04 -1.27592570e+01 
 4.18543063e+04  9.76644517e+00  4.18543063e+04 -1.29026750e+01 
 4.23390214e+04  9.76187408e+00  4.23390214e+04 -1.30476063e+01 
 4.28293500e+04  9.75720169e+00  4.28293500e+04 -1.31940634e+01 
 4.33253571e+04  9.75242585e+00  4.33253571e+04 -1.33420591e+01 
 4.38271084e+04  9.74754441e+00  4.38271084e+04 -1.34916059e+01 
 4.43346705e+04  9.74255516e+00  4.43346705e+04 -1.36427165e+01 
 4.48481108e+04  9.73745585e+00  4.48481108e+04 -1.37954036e+01 
 4.53674971e+04  9.73224418e+00  4.53674971e+04 -1.39496797e+01 
 4.58928985e+04  9.72691784e+00  4.58928985e+04 -1.41055573e+01 
 4.64243846e+04  9.72147445e+00  4.64243846e+04 -1.42630492e+01 
 4.69620258e+04  9.71591159e+00  4.69620258e+04 -1.44221676e+01 
 4.75058934e+04  9.71022681e+00  4.75058934e+04 -1.45829250e+01 
 4.80560596e+04  9.70441760e+00  4.80560596e+04 -1.47453340e+01 
 4.86125973e+04  9.69848143e+00  4.86125973e+04 -1.49094067e+01 
 4.91755802e+04  9.69241571e+00  4.91755802e+04 -1.50751554e+01 
 4.97450830e+04  9.68621779e+00  4.97450830e+04 -1.52425925e+01 
 5.03211813e+04  9.67988502e+00  5.03211813e+04 -1.54117299e+01 
 5.09039513e+04  9.67341466e+00  5.09039513e+04 -1.55825797e+01 
 5.14934704e+04  9.66680394e+00  5.14934704e+04 -1.57551540e+01 
 5.20898168e+04  9.66005005e+00  5.20898168e+04 -1.59294645e+01 
 5.26930694e+04  9.65315013e+00  5.26930694e+04 -1.61055230e+01 
 5.33033083e+04  9.64610128e+00  5.33033083e+04 -1.62833411e+01 
 5.39206144e+04  9.63890053e+00  5.39206144e+04 -1.64629305e+01 
 5.45450695e+04  9.63154489e+00  5.45450695e+04 -1.66443024e+01 
 5.51767564e+04  9.62403132e+00  5.51767564e+04 -1.68274682e+01 
 5.58157589e+04  9.61635670e+00  5.58157589e+04 -1.70124389e+01 
 5.64621617e+04  9.60851790e+00  5.64621617e+04 -1.71992256e+01 
 5.71160505e+04  9.60051172e+00  5.71160505e+04 -1.73878391e+01 
 5.77775120e+04  9.59233493e+00  5.77775120e+04 -1.75782900e+01 
 5.84466339e+04  9.58398423e+00  5.84466339e+04 -1.77705888e+01 
 5.91235049e+04  9.57545629e+00  5.91235049e+04 -1.79647457e+01 
 5.98082147e+04  9.56674772e+00  5.98082147e+04 -1.81607710e+01 
 6.05008542e+04  9.55785508e+00  6.05008542e+04 -1.83586744e+01 
 6.12015151e+04  9.54877490e+00  6.12015151e+04 -1.85584656e+01 
 6.19102904e+04  9.53950364e+00  6.19102904e+04 -1.87601541e+01 
 6.26272740e+04  9.53003771e+00  6.26272740e+04 -1.89637491e+01 
 6.33525610e+04  9.52037349e+00  6.33525610e+04 -1.91692597e+01 
 6.40862476e+04  9.51050731e+00  6.40862476e+04 -1.93766944e+01 
 6.48284310e+04  9.50043543e+00  6.48284310e+04 -1.95860618e+01 
 6.55792097e+04  9.49015409e+00  6.55792097e+04 -1.97973700e+01 
 6.63386831e+04  9.47965946e+00  6.63386831e+04 -2.00106270e+01 
 6.71069519e+04  9.46894768e+00  6.71069519e+04 -2.02258404e+01 
 6.78841182e+04  9.45801483e+00  6.78841182e+04 -2.04430174e+01 
 6.86702847e+04  9.44685695e+00  6.86702847e+04 -2.06621650e+01 
 6.94655559e+04  9.43547003e+00  6.94655559e+04 -2.08832899e+01 
 7.02700371e+04  9.42385002e+00  7.02700371e+04 -2.11063984e+01 
 7.10838351e+04  9.41199283e+00  7.10838351e+04 -2.13314964e+01 
 7.19070576e+04  9.39989431e+00  7.19070576e+04 -2.15585896e+01 
 7.27398139e+04  9.38755028e+00  7.27398139e+04 -2.17876831e+01 
 7.35822143e+04  9.37495650e+00  7.35822143e+04 -2.20187817e+01 
 7.44343706e+04  9.36210872e+00  7.44343706e+04 -2.22518900e+01 
 7.52963957e+04  9.34900263e+00  7.52963957e+04 -2.24870118e+01 
 7.61684039e+04  9.33563386e+00  7.61684039e+04 -2.27241509e+01 
 7.70505109e+04  9.32199803e+00  7.70505109e+04 -2.29633103e+01 
 7.79428335e+04  9.30809072e+00  7.79428335e+04 -2.32044928e+01 
 7.88454902e+04  9.29390746e+00  7.88454902e+04 -2.34477006e+01 
 7.97586005e+04  9.27944376e+00  7.97586005e+04 -2.36929355e+01 
 8.06822855e+04  9.26469507e+00  8.06822855e+04 -2.39401988e+01 
 8.16166678e+04  9.24965683e+00  8.16166678e+04 -2.41894913e+01 
 8.25618712e+04  9.23432445e+00  8.25618712e+04 -2.44408132e+01 
 8.35180209e+04  9.21869329e+00  8.35180209e+04 -2.46941644e+01 
 8.44852439e+04  9.20275871e+00  8.44852439e+04 -2.49495441e+01 
 8.54636682e+04  9.18651601e+00  8.54636682e+04 -2.52069510e+01 
 8.64534237e+04  9.16996049e+00  8.64534237e+04 -2.54663831e+01 
 8.74546416e+04  9.15308742e+00  8.74546416e+04 -2.57278382e+01 
 8.84674546e+04  9.13589205e+00  8.84674546e+04 -2.59913133e+01 
 8.94919970e+04  9.11836961e+00  8.94919970e+04 -2.62568046e+01 
 9.05284046e+04  9.10051530e+00  9.05284046e+04 -2.65243081e+01 
 9.15768148e+04  9.08232433e+00  9.15768148e+04 -2.67938189e+01 
 9.26373667e+04  9.06379188e+00  9.26373667e+04 -2.70653316e+01 
 9.37102009e+04  9.04491312e+00  9.37102009e+04 -2.73388402e+01 
 9.47954596e+04  9.02568322e+00  9.47954596e+04 -2.76143381e+01 
 9.58932866e+04  9.00609733e+00  9.58932866e+04 -2.78918178e+01 
 9.70038276e+04  8.98615063e+00  9.70038276e+04 -2.81712714e+01 
 9.81272298e+04  8.96583825e+00  9.81272298e+04 -2.84526902e+01 
 9.92636421e+04  8.94515537e+00  9.92636421e+04 -2.87360650e+01 
 1.00413215e+05  8.92409715e+00  1.00413215e+05 -2.90213857e+01 
 1.01576102e+05  8.90265875e+00  1.01576102e+05 -2.93086415e+01 
 1.02752455e+05  8.88083536e+00  1.02752455e+05 -2.95978212e+01 
 1.03942432e+05  8.85862218e+00  1.03942432e+05 -2.98889125e+01 
 1.05146191e+05  8.83601442e+00  1.05146191e+05 -3.01819028e+01 
 1.06363890e+05  8.81300731e+00  1.06363890e+05 -3.04767785e+01 
 1.07595691e+05  8.78959611e+00  1.07595691e+05 -3.07735253e+01 
 1.08841757e+05  8.76577611e+00  1.08841757e+05 -3.10721283e+01 
 1.10102255e+05  8.74154261e+00  1.10102255e+05 -3.13725718e+01 
 1.11377350e+05  8.71689097e+00  1.11377350e+05 -3.16748394e+01 
 1.12667212e+05  8.69181657e+00  1.12667212e+05 -3.19789139e+01 
 1.13972012e+05  8.66631482e+00  1.13972012e+05 -3.22847774e+01 
 1.15291923e+05  8.64038121e+00  1.15291923e+05 -3.25924115e+01 
 1.16627120e+05  8.61401123e+00  1.16627120e+05 -3.29017966e+01 
 1.17977779e+05  8.58720046e+00  1.17977779e+05 -3.32129127e+01 
 1.19344081e+05  8.55994452e+00  1.19344081e+05 -3.35257391e+01 
 1.20726206e+05  8.53223908e+00  1.20726206e+05 -3.38402541e+01 
 1.22124337e+05  8.50407989e+00  1.22124337e+05 -3.41564356e+01 
 1.23538660e+05  8.47546274e+00  1.23538660e+05 -3.44742605e+01 
 1.24969363e+05  8.44638353e+00  1.24969363e+05 -3.47937051e+01 
 1.26416634e+05  8.41683819e+00  1.26416634e+05 -3.51147451e+01 
 1.27880666e+05  8.38682275e+00  1.27880666e+05 -3.54373552e+01 
 1.29361653e+05  8.35633332e+00  1.29361653e+05 -3.57615098e+01 
 1.30859792e+05  8.32536608e+00  1.30859792e+05 -3.60871822e+01 
 1.32375280e+05  8.29391733e+00  1.32375280e+05 -3.64143454e+01 
 1.33908319e+05  8.26198344e+00  1.33908319e+05 -3.67429714e+01 
 1.35459113e+05  8.22956086e+00  1.35459113e+05 -3.70730318e+01 
 1.37027866e+05  8.19664617e+00  1.37027866e+05 -3.74044974e+01 
 1.38614787e+05  8.16323605e+00  1.38614787e+05 -3.77373384e+01 
 1.40220086e+05  8.12932727e+00  1.40220086e+05 -3.80715244e+01 
 1.41843976e+05  8.09491672e+00  1.41843976e+05 -3.84070244e+01 
 1.43486672e+05  8.06000140e+00  1.43486672e+05 -3.87438068e+01 
 1.45148393e+05  8.02457845e+00  1.45148393e+05 -3.90818395e+01 
 1.46829358e+05  7.98864509e+00  1.46829358e+05 -3.94210896e+01 
 1.48529790e+05  7.95219871e+00  1.48529790e+05 -3.97615241e+01 
 1.50249915e+05  7.91523679e+00  1.50249915e+05 -4.01031089e+01 
 1.51989960e+05  7.87775697e+00  1.51989960e+05 -4.04458100e+01 
 1.53750157e+05  7.83975701e+00  1.53750157e+05 -4.07895925e+01 
 1.55530739e+05  7.80123481e+00  1.55530739e+05 -4.11344212e+01 
 1.57331942e+05  7.76218840e+00  1.57331942e+05 -4.14802605e+01 
 1.59154005e+05  7.72261598e+00  1.59154005e+05 -4.18270743e+01 
 1.60997169e+05  7.68251588e+00  1.60997169e+05 -4.21748261e+01 
 1.62861678e+05  7.64188657e+00  1.62861678e+05 -4.25234793e+01 
 1.64747781e+05  7.60072668e+00  1.64747781e+05 -4.28729966e+01 
 1.66655726e+05  7.55903501e+00  1.66655726e+05 -4.32233407e+01 
 1.68585768e+05  7.51681048e+00  1.68585768e+05 -4.35744736e+01 
 1.70538161e+05  7.47405221e+00  1.70538161e+05 -4.39263576e+01 
 1.72513165e+05  7.43075946e+00  1.72513165e+05 -4.42789544e+01 
 1.74511042e+05  7.38693164e+00  1.74511042e+05 -4.46322255e+01 
 1.76532055e+05  7.34256834e+00  1.76532055e+05 -4.49861324e+01 
 1.78576475e+05  7.29766931e+00  1.78576475e+05 -4.53406363e+01 
 1.80644570e+05  7.25223448e+00  1.80644570e+05 -4.56956985e+01 
 1.82736617e+05  7.20626394e+00  1.82736617e+05 -4.60512799e+01 
 1.84852891e+05  7.15975794e+00  1.84852891e+05 -4.64073416e+01 
 1.86993674e+05  7.11271691e+00  1.86993674e+05 -4.67638447e+01 
 1.89159250e+05  7.06514146e+00  1.89159250e+05 -4.71207500e+01 
 1.91349905e+05  7.01703235e+00  1.91349905e+05 -4.74780187e+01 
 1.93565930e+05  6.96839054e+00  1.93565930e+05 -4.78356118e+01 
 1.95807618e+05  6.91921714e+00  1.95807618e+05 -4.81934906e+01 
 1.98075268e+05  6.86951346e+00  1.98075268e+05 -4.85516165e+01 
 2.00369179e+05  6.81928095e+00  2.00369179e+05 -4.89099509e+01 
 2.02689657e+05  6.76852126e+00  2.02689657e+05 -4.92684555e+01 
 2.05037007e+05  6.71723621e+00  2.05037007e+05 -4.96270923e+01 
 2.07411543e+05  6.66542779e+00  2.07411543e+05 -4.99858234e+01 
 2.09813578e+05  6.61309815e+00  2.09813578e+05 -5.03446114e+01 
 2.12243431e+05  6.56024963e+00  2.12243431e+05 -5.07034189e+01 
 2.14701424e+05  6.50688474e+00  2.14701424e+05 -5.10622091e+01 
 2.17187883e+05  6.45300615e+00  2.17187883e+05 -5.14209456e+01 
 2.19703138e+05  6.39861671e+00  2.19703138e+05 -5.17795921e+01 
 2.22247522e+05  6.34371943e+00  2.22247522e+05 -5.21381131e+01 
 2.24821372e+05  6.28831750e+00  2.24821372e+05 -5.24964734e+01 
 2.27425030e+05  6.23241425e+00  2.27425030e+05 -5.28546382e+01 
 2.30058842e+05  6.17601321e+00  2.30058842e+05 -5.32125733e+01 
 2.32723155e+05  6.11911804e+00  2.32723155e+05 -5.35702452e+01 
 2.35418324e+05  6.06173258e+00  2.35418324e+05 -5.39276206e+01 
 2.38144706e+05  6.00386081e+00  2.38144706e+05 -5.42846672e+01 
 2.40902662e+05  5.94550688e+00  2.40902662e+05 -5.46413530e+01 
 2.43692558e+05  5.88667511e+00  2.43692558e+05 -5.49976469e+01 
 2.46514763e+05  5.82736993e+00  2.46514763e+05 -5.53535183e+01 
 2.49369653e+05  5.76759596e+00  2.49369653e+05 -5.57089373e+01 
 2.52257605e+05  5.70735795e+00  2.52257605e+05 -5.60638748e+01 
 2.55179003e+05  5.64666079e+00  2.55179003e+05 -5.64183025e+01 
 2.58134233e+05  5.58550952e+00  2.58134233e+05 -5.67721926e+01 
 2.61123688e+05  5.52390932e+00  2.61123688e+05 -5.71255182e+01 
 2.64147764e+05  5.46186552e+00  2.64147764e+05 -5.74782535e+01 
 2.67206861e+05  5.39938355e+00  2.67206861e+05 -5.78303730e+01 
 2.70301386e+05  5.33646900e+00  2.70301386e+05 -5.81818523e+01 
 2.73431749e+05  5.27312759e+00  2.73431749e+05 -5.85326680e+01 
 2.76598365e+05  5.20936514e+00  2.76598365e+05 -5.88827972e+01 
 2.79801653e+05  5.14518763e+00  2.79801653e+05 -5.92322183e+01 
 2.83042038e+05  5.08060113e+00  2.83042038e+05 -5.95809102e+01 
 2.86319950e+05  5.01561183e+00  2.86319950e+05 -5.99288530e+01 
 2.89635824e+05  4.95022607e+00  2.89635824e+05 -6.02760276e+01 
 2.92990099e+05  4.88445025e+00  2.92990099e+05 -6.06224159e+01 
 2.96383220e+05  4.81829092e+00  2.96383220e+05 -6.09680007e+01 
 2.99815637e+05  4.75175471e+00  2.99815637e+05 -6.13127658e+01 
 3.03287805e+05  4.68484836e+00  3.03287805e+05 -6.16566959e+01 
 3.06800183e+05  4.61757873e+00  3.06800183e+05 -6.19997767e+01 
 3.10353239e+05  4.54995274e+00  3.10353239e+05 -6.23419950e+01 
 3.13947443e+05  4.48197743e+00  3.13947443e+05 -6.26833386e+01 
 3.17583271e+05  4.41365994e+00  3.17583271e+05 -6.30237961e+01 
 3.21261205e+05  4.34500746e+00  3.21261205e+05 -6.33633573e+01 
 3.24981734e+05  4.27602731e+00  3.24981734e+05 -6.37020129e+01 
 3.28745351e+05  4.20672687e+00  3.28745351e+05 -6.40397548e+01 
 3.32552554e+05  4.13711360e+00  3.32552554e+05 -6.43765758e+01 
 3.36403848e+05  4.06719504e+00  3.36403848e+05 -6.47124697e+01 
 3.40299744e+05  3.99697881e+00  3.40299744e+05 -6.50474314e+01 
 3.44240758e+05  3.92647261e+00  3.44240758e+05 -6.53814569e+01 
 3.48227413e+05  3.85568419e+00  3.48227413e+05 -6.57145432e+01 
 3.52260238e+05  3.78462137e+00  3.52260238e+05 -6.60466884e+01 
 3.56339767e+05  3.71329207e+00  3.56339767e+05 -6.63778915e+01 
 3.60466541e+05  3.64170423e+00  3.60466541e+05 -6.67081526e+01 
 3.64641107e+05  3.56986587e+00  3.64641107e+05 -6.70374730e+01 
 3.68864019e+05  3.49778507e+00  3.68864019e+05 -6.73658550e+01 
 3.73135837e+05  3.42546996e+00  3.73135837e+05 -6.76933018e+01 
 3.77457126e+05  3.35292873e+00  3.77457126e+05 -6.80198179e+01 
 3.81828460e+05  3.28016963e+00  3.81828460e+05 -6.83454087e+01 
 3.86250419e+05  3.20720094e+00  3.86250419e+05 -6.86700807e+01 
 3.90723589e+05  3.13403102e+00  3.90723589e+05 -6.89938414e+01 
 3.95248562e+05  3.06066823e+00  3.95248562e+05 -6.93166995e+01 
 3.99825939e+05  2.98712103e+00  3.99825939e+05 -6.96386647e+01 
 4.04456327e+05  2.91339788e+00  4.04456327e+05 -6.99597476e+01 
 4.09140339e+05  2.83950731e+00  4.09140339e+05 -7.02799602e+01 
 4.13878597e+05  2.76545787e+00  4.13878597e+05 -7.05993152e+01 
 4.18671729e+05  2.69125817e+00  4.18671729e+05 -7.09178265e+01 
 4.23520370e+05  2.61691683e+00  4.23520370e+05 -7.12355092e+01 
 4.28425163e+05  2.54244255e+00  4.28425163e+05 -7.15523792e+01 
 4.33386759e+05  2.46784401e+00  4.33386759e+05 -7.18684536e+01 
 4.38405814e+05  2.39312996e+00  4.38405814e+05 -7.21837505e+01 
 4.43482996e+05  2.31830918e+00  4.43482996e+05 -7.24982891e+01 
 4.48618977e+05  2.24339047e+00  4.48618977e+05 -7.28120897e+01 
 4.53814437e+05  2.16838267e+00  4.53814437e+05 -7.31251736e+01 
 4.59070066e+05  2.09329464e+00  4.59070066e+05 -7.34375630e+01 
 4.64386560e+05  2.01813527e+00  4.64386560e+05 -7.37492813e+01 
 4.69764625e+05  1.94291349e+00  4.69764625e+05 -7.40603531e+01 
 4.75204974e+05  1.86763823e+00  4.75204974e+05 -7.43708037e+01 
 4.80708327e+05  1.79231847e+00  4.80708327e+05 -7.46806597e+01 
 4.86275414e+05  1.71696322e+00  4.86275414e+05 -7.49899488e+01 
 4.91906974e+05  1.64158147e+00  4.91906974e+05 -7.52986995e+01 
 4.97603753e+05  1.56618228e+00  4.97603753e+05 -7.56069416e+01 
 5.03366507e+05  1.49077472e+00  5.03366507e+05 -7.59147058e+01 
 5.09195999e+05  1.41536786e+00  5.09195999e+05 -7.62220239e+01 
 5.15093002e+05  1.33997081e+00  5.15093002e+05 -7.65289288e+01 
 5.21058299e+05  1.26459269e+00  5.21058299e+05 -7.68354543e+01 
 5.27092679e+05  1.18924265e+00  5.27092679e+05 -7.71416356e+01 
 5.33196944e+05  1.11392986e+00  5.33196944e+05 -7.74475086e+01 
 5.39371903e+05  1.03866348e+00  5.39371903e+05 -7.77531105e+01 
 5.45618374e+05  9.63452714e-01  5.45618374e+05 -7.80584793e+01 
 5.51937185e+05  8.88306773e-01  5.51937185e+05 -7.83636545e+01 
 5.58329174e+05  8.13234883e-01  5.58329174e+05 -7.86686762e+01 
 5.64795189e+05  7.38246282e-01  5.64795189e+05 -7.89735860e+01 
 5.71336088e+05  6.63350223e-01  5.71336088e+05 -7.92784263e+01 
 5.77952736e+05  5.88555971e-01  5.77952736e+05 -7.95832406e+01 
 5.84646012e+05  5.13872802e-01  5.84646012e+05 -7.98880737e+01 
 5.91416802e+05  4.39310004e-01  5.91416802e+05 -8.01929712e+01 
 5.98266006e+05  3.64876872e-01  5.98266006e+05 -8.04979801e+01 
 6.05194529e+05  2.90582712e-01  6.05194529e+05 -8.08031484e+01 
 6.12203293e+05  2.16436835e-01  6.12203293e+05 -8.11085249e+01 
 6.19293224e+05  1.42448559e-01  6.19293224e+05 -8.14141601e+01 
 6.26465265e+05  6.86272073e-02  6.26465265e+05 -8.17201051e+01 
 6.33720365e+05 -5.01789286e-03  6.33720365e+05 -8.20264124e+01 
 6.41059486e+05 -7.84774124e-02  6.41059486e+05 -8.23331356e+01 
 6.48483601e+05 -1.51742021e-01  6.48483601e+05 -8.26403294e+01 
 6.55993696e+05 -2.24802389e-01  6.55993696e+05 -8.29480496e+01 
 6.63590765e+05 -2.97649188e-01  6.63590765e+05 -8.32563531e+01 
 6.71275815e+05 -3.70273094e-01  6.71275815e+05 -8.35652983e+01 
 6.79049866e+05 -4.42664788e-01  6.79049866e+05 -8.38749443e+01 
 6.86913949e+05 -5.14814959e-01  6.86913949e+05 -8.41853517e+01 
 6.94869105e+05 -5.86714304e-01  6.94869105e+05 -8.44965821e+01 
 7.02916391e+05 -6.58353531e-01  7.02916391e+05 -8.48086984e+01 
 7.11056872e+05 -7.29723363e-01  7.11056872e+05 -8.51217646e+01 
 7.19291628e+05 -8.00814535e-01  7.19291628e+05 -8.54358459e+01 
 7.27621750e+05 -8.71617804e-01  7.27621750e+05 -8.57510089e+01 
 7.36048344e+05 -9.42123945e-01  7.36048344e+05 -8.60673210e+01 
 7.44572527e+05 -1.01232375e+00  7.44572527e+05 -8.63848513e+01 
 7.53195428e+05 -1.08220806e+00  7.53195428e+05 -8.67036697e+01 
 7.61918191e+05 -1.15176770e+00  7.61918191e+05 -8.70238476e+01 
 7.70741972e+05 -1.22099358e+00  7.70741972e+05 -8.73454575e+01 
 7.79667942e+05 -1.28987659e+00  7.79667942e+05 -8.76685733e+01 
 7.88697283e+05 -1.35840771e+00  7.88697283e+05 -8.79932698e+01 
 7.97831193e+05 -1.42657793e+00  7.97831193e+05 -8.83196235e+01 
 8.07070883e+05 -1.49437827e+00  8.07070883e+05 -8.86477119e+01 
 8.16417578e+05 -1.56179985e+00  8.16417578e+05 -8.89776138e+01 
 8.25872518e+05 -1.62883378e+00  8.25872518e+05 -8.93094091e+01 
 8.35436955e+05 -1.69547128e+00  8.35436955e+05 -8.96431793e+01 
 8.45112157e+05 -1.76170359e+00  8.45112157e+05 -8.99790070e+01 
 8.54899409e+05 -1.82752204e+00  8.54899409e+05 -9.03169761e+01 
 8.64800006e+05 -1.89291801e+00  8.64800006e+05 -9.06571716e+01 
 8.74815263e+05 -1.95788298e+00  8.74815263e+05 -9.09996801e+01 
 8.84946506e+05 -2.02240846e+00  8.84946506e+05 -9.13445893e+01 
 8.95195080e+05 -2.08648610e+00  8.95195080e+05 -9.16919881e+01 
 9.05562342e+05 -2.15010761e+00  9.05562342e+05 -9.20419670e+01 
 9.16049667e+05 -2.21326478e+00  9.16049667e+05 -9.23946174e+01 
 9.26658447e+05 -2.27594952e+00  9.26658447e+05 -9.27500322e+01 
 9.37390086e+05 -2.33815383e+00  9.37390086e+05 -9.31083057e+01 
 9.48246009e+05 -2.39986985e+00  9.48246009e+05 -9.34695331e+01 
 9.59227655e+05 -2.46108980e+00  9.59227655e+05 -9.38338112e+01 
 9.70336479e+05 -2.52180603e+00  9.70336479e+05 -9.42012381e+01 
 9.81573954e+05 -2.58201104e+00  9.81573954e+05 -9.45719130e+01 
 9.92941571e+05 -2.64169745e+00  9.92941571e+05 -9.49459364e+01 
 1.00444084e+06 -2.70085801e+00  1.00444084e+06 -9.53234101e+01 
 1.01607327e+06 -2.75948565e+00  1.01607327e+06 -9.57044371e+01 
 1.02784043e+06 -2.81757343e+00  1.02784043e+06 -9.60891219e+01 
 1.03974386e+06 -2.87511459e+00  1.03974386e+06 -9.64775698e+01 
 1.05178514e+06 -2.93210253e+00  1.05178514e+06 -9.68698878e+01 
 1.06396587e+06 -2.98853083e+00  1.06396587e+06 -9.72661839e+01 
 1.07628767e+06 -3.04439327e+00  1.07628767e+06 -9.76665671e+01 
 1.08875217e+06 -3.09968382e+00  1.08875217e+06 -9.80711481e+01 
 1.10136102e+06 -3.15439664e+00  1.10136102e+06 -9.84800384e+01 
 1.11411589e+06 -3.20852611e+00  1.11411589e+06 -9.88933508e+01 
 1.12701847e+06 -3.26206685e+00  1.12701847e+06 -9.93111993e+01 
 1.14007049e+06 -3.31501369e+00  1.14007049e+06 -9.97336991e+01 
 1.15327365e+06 -3.36736170e+00  1.15327365e+06 -1.00160966e+02 
 1.16662972e+06 -3.41910622e+00  1.16662972e+06 -1.00593118e+02 
 1.18014047e+06 -3.47024281e+00  1.18014047e+06 -1.01030274e+02 
 1.19380769e+06 -3.52076736e+00  1.19380769e+06 -1.01472552e+02 
 1.20763319e+06 -3.57067597e+00  1.20763319e+06 -1.01920074e+02 
 1.22161880e+06 -3.61996510e+00  1.22161880e+06 -1.02372961e+02 
 1.23576638e+06 -3.66863145e+00  1.23576638e+06 -1.02831336e+02 
 1.25007780e+06 -3.71667208e+00  1.25007780e+06 -1.03295323e+02 
 1.26455496e+06 -3.76408434e+00  1.26455496e+06 -1.03765045e+02 
 1.27919978e+06 -3.81086595e+00  1.27919978e+06 -1.04240630e+02 
 1.29401421e+06 -3.85701496e+00  1.29401421e+06 -1.04722203e+02 
 1.30900020e+06 -3.90252977e+00  1.30900020e+06 -1.05209892e+02 
 1.32415974e+06 -3.94740917e+00  1.32415974e+06 -1.05703825e+02 
 1.33949485e+06 -3.99165235e+00  1.33949485e+06 -1.06204131e+02 
 1.35500755e+06 -4.03525886e+00  1.35500755e+06 -1.06710940e+02 
 1.37069990e+06 -4.07822870e+00  1.37069990e+06 -1.07224383e+02 
 1.38657399e+06 -4.12056229e+00  1.38657399e+06 -1.07744592e+02 
 1.40263192e+06 -4.16226049e+00  1.40263192e+06 -1.08271698e+02 
 1.41887581e+06 -4.20332461e+00  1.41887581e+06 -1.08805834e+02 
 1.43530782e+06 -4.24375645e+00  1.43530782e+06 -1.09347133e+02 
 1.45193013e+06 -4.28355829e+00  1.45193013e+06 -1.09895730e+02 
 1.46874495e+06 -4.32273291e+00  1.46874495e+06 -1.10451759e+02 
 1.48575450e+06 -4.36128364e+00  1.48575450e+06 -1.11015356e+02 
 1.50296103e+06 -4.39921431e+00  1.50296103e+06 -1.11586654e+02 
 1.52036684e+06 -4.43652932e+00  1.52036684e+06 -1.12165792e+02 
 1.53797422e+06 -4.47323368e+00  1.53797422e+06 -1.12752904e+02 
 1.55578551e+06 -4.50933294e+00  1.55578551e+06 -1.13348126e+02 
 1.57380308e+06 -4.54483330e+00  1.57380308e+06 -1.13951597e+02 
 1.59202931e+06 -4.57974158e+00  1.59202931e+06 -1.14563452e+02 
 1.61046661e+06 -4.61406525e+00  1.61046661e+06 -1.15183829e+02 
 1.62911744e+06 -4.64781247e+00  1.62911744e+06 -1.15812864e+02 
 1.64798426e+06 -4.68099207e+00  1.64798426e+06 -1.16450695e+02 
 1.66706959e+06 -4.71361361e+00  1.66706959e+06 -1.17097458e+02 
 1.68637593e+06 -4.74568740e+00  1.68637593e+06 -1.17753290e+02 
 1.70590587e+06 -4.77722449e+00  1.70590587e+06 -1.18418327e+02 
 1.72566198e+06 -4.80823674e+00  1.72566198e+06 -1.19092705e+02 
 1.74564689e+06 -4.83873680e+00  1.74564689e+06 -1.19776560e+02 
 1.76586324e+06 -4.86873816e+00  1.76586324e+06 -1.20470025e+02 
 1.78631372e+06 -4.89825518e+00  1.78631372e+06 -1.21173237e+02 
 1.80700103e+06 -4.92730309e+00  1.80700103e+06 -1.21886327e+02 
 1.82792793e+06 -4.95589804e+00  1.82792793e+06 -1.22609429e+02 
 1.84909717e+06 -4.98405714e+00  1.84909717e+06 -1.23342672e+02 
 1.87051159e+06 -5.01179842e+00  1.87051159e+06 -1.24086189e+02 
 1.89217400e+06 -5.03914095e+00  1.89217400e+06 -1.24840106e+02 
 1.91408728e+06 -5.06610479e+00  1.91408728e+06 -1.25604552e+02 
 1.93625434e+06 -5.09271107e+00  1.93625434e+06 -1.26379651e+02 
 1.95867812e+06 -5.11898199e+00  1.95867812e+06 -1.27165527e+02 
 1.98136159e+06 -5.14494088e+00  1.98136159e+06 -1.27962301e+02 
 2.00430776e+06 -5.17061217e+00  2.00430776e+06 -1.28770093e+02 
 2.02751966e+06 -5.19602148e+00  2.02751966e+06 -1.29589018e+02 
 2.05100039e+06 -5.22119564e+00  2.05100039e+06 -1.30419189e+02 
 2.07475304e+06 -5.24616267e+00  2.07475304e+06 -1.31260719e+02 
 2.09878077e+06 -5.27095188e+00  2.09878077e+06 -1.32113712e+02 
 2.12308677e+06 -5.29559383e+00  2.12308677e+06 -1.32978273e+02 
 2.14767426e+06 -5.32012040e+00  2.14767426e+06 -1.33854501e+02 
 2.17254649e+06 -5.34456482e+00  2.17254649e+06 -1.34742491e+02 
 2.19770677e+06 -5.36896166e+00  2.19770677e+06 -1.35642333e+02 
 2.22315843e+06 -5.39334688e+00  2.22315843e+06 -1.36554111e+02 
 2.24890485e+06 -5.41775783e+00  2.24890485e+06 -1.37477907e+02 
 2.27494944e+06 -5.44223332e+00  2.27494944e+06 -1.38413792e+02 
 2.30129565e+06 -5.46681357e+00  2.30129565e+06 -1.39361834e+02 
 2.32794697e+06 -5.49154028e+00  2.32794697e+06 -1.40322093e+02 
 2.35490695e+06 -5.51645659e+00  2.35490695e+06 -1.41294622e+02 
 2.38217915e+06 -5.54160714e+00  2.38217915e+06 -1.42279466e+02 
 2.40976718e+06 -5.56703805e+00  2.40976718e+06 -1.43276660e+02 
 2.43767472e+06 -5.59279691e+00  2.43767472e+06 -1.44286231e+02 
 2.46590545e+06 -5.61893279e+00  2.46590545e+06 -1.45308197e+02 
 2.49446313e+06 -5.64549622e+00  2.49446313e+06 -1.46342564e+02 
 2.52335153e+06 -5.67253916e+00  2.52335153e+06 -1.47389327e+02 
 2.55257448e+06 -5.70011502e+00  2.55257448e+06 -1.48448470e+02 
 2.58213587e+06 -5.72827858e+00  2.58213587e+06 -1.49519963e+02 
 2.61203961e+06 -5.75708597e+00  2.61203961e+06 -1.50603765e+02 
 2.64228966e+06 -5.78659460e+00  2.64228966e+06 -1.51699819e+02 
 2.67289004e+06 -5.81686315e+00  2.67289004e+06 -1.52808054e+02 
 2.70384481e+06 -5.84795145e+00  2.70384481e+06 -1.53928382e+02 
 2.73515806e+06 -5.87992042e+00  2.73515806e+06 -1.55060699e+02 
 2.76683395e+06 -5.91283197e+00  2.76683395e+06 -1.56204885e+02 
 2.79887667e+06 -5.94674892e+00  2.79887667e+06 -1.57360801e+02 
 2.83129049e+06 -5.98173483e+00  2.83129049e+06 -1.58528288e+02 
 2.86407969e+06 -6.01785395e+00  2.86407969e+06 -1.59707169e+02 
 2.89724862e+06 -6.05517099e+00  2.89724862e+06 -1.60897246e+02 
 2.93080168e+06 -6.09375101e+00  2.93080168e+06 -1.62098299e+02 
 2.96474332e+06 -6.13365924e+00  2.96474332e+06 -1.63310087e+02 
 2.99907804e+06 -6.17496089e+00  2.99907804e+06 -1.64532348e+02 
 3.03381039e+06 -6.21772093e+00  3.03381039e+06 -1.65764793e+02 
 3.06894498e+06 -6.26200390e+00  3.06894498e+06 -1.67007114e+02 
 3.10448646e+06 -6.30787366e+00  3.10448646e+06 -1.68258977e+02 
 3.14043954e+06 -6.35539316e+00  3.14043954e+06 -1.69520023e+02 
 3.17680900e+06 -6.40462418e+00  3.17680900e+06 -1.70789870e+02 
 3.21359965e+06 -6.45562704e+00  3.21359965e+06 -1.72068112e+02 
 3.25081638e+06 -6.50846037e+00  3.25081638e+06 -1.73354318e+02 
 3.28846411e+06 -6.56318078e+00  3.28846411e+06 -1.74648033e+02 
 3.32654785e+06 -6.61984258e+00  3.32654785e+06 -1.75948779e+02 
 3.36507263e+06 -6.67849752e+00  3.36507263e+06 -1.77256055e+02 
 3.40404356e+06 -6.73919443e+00  3.40404356e+06 -1.78569336e+02 
 3.44346582e+06 -6.80197899e+00  3.44346582e+06 -1.79888078e+02 
 3.48334463e+06 -6.86689340e+00  3.48334463e+06  1.78788284e+02 
 3.52368527e+06 -6.93397609e+00  3.52368527e+06  1.77460334e+02 
 3.56449310e+06 -7.00326149e+00  3.56449310e+06  1.76128674e+02 
 3.60577353e+06 -7.07477973e+00  3.60577353e+06  1.74793921e+02 
 3.64753203e+06 -7.14855641e+00  3.64753203e+06  1.73456706e+02 
 3.68977413e+06 -7.22461239e+00  3.68977413e+06  1.72117671e+02 
 3.73250543e+06 -7.30296358e+00  3.73250543e+06  1.70777468e+02 
 3.77573161e+06 -7.38362080e+00  3.77573161e+06  1.69436758e+02 
 3.81945839e+06 -7.46658959e+00  3.81945839e+06  1.68096203e+02 
 3.86369158e+06 -7.55187015e+00  3.86369158e+06  1.66756471e+02 
 3.90843702e+06 -7.63945725e+00  3.90843702e+06  1.65418226e+02 
 3.95370067e+06 -7.72934020e+00  3.95370067e+06  1.64082131e+02 
 3.99948851e+06 -7.82150285e+00  3.99948851e+06  1.62748841e+02 
 4.04580662e+06 -7.91592367e+00  4.04580662e+06  1.61419004e+02 
 4.09266114e+06 -8.01257578e+00  4.09266114e+06  1.60093253e+02 
 4.14005829e+06 -8.11142710e+00  4.14005829e+06  1.58772211e+02 
 4.18800434e+06 -8.21244055e+00  4.18800434e+06  1.57456479e+02 
 4.23650566e+06 -8.31557417e+00  4.23650566e+06  1.56146643e+02 
 4.28556866e+06 -8.42078146e+00  4.28556866e+06  1.54843262e+02 
 4.33519987e+06 -8.52801158e+00  4.33519987e+06  1.53546874e+02 
 4.38540586e+06 -8.63720966e+00  4.38540586e+06  1.52257989e+02 
 4.43619329e+06 -8.74831715e+00  4.43619329e+06  1.50977090e+02 
 4.48756888e+06 -8.86127219e+00  4.48756888e+06  1.49704628e+02 
 4.53953946e+06 -8.97600991e+00  4.53953946e+06  1.48441025e+02 
 4.59211190e+06 -9.09246291e+00  4.59211190e+06  1.47186668e+02 
 4.64529319e+06 -9.21056158e+00  4.64529319e+06  1.45941913e+02 
 4.69909037e+06 -9.33023456e+00  4.69909037e+06  1.44707081e+02 
 4.75351058e+06 -9.45140909e+00  4.75351058e+06  1.43482457e+02 
 4.80856103e+06 -9.57401149e+00  4.80856103e+06  1.42268294e+02 
 4.86424902e+06 -9.69796746e+00  4.86424902e+06  1.41064810e+02 
 4.92058193e+06 -9.82320255e+00  4.92058193e+06  1.39872189e+02 
 4.97756723e+06 -9.94964249e+00  4.97756723e+06  1.38690581e+02 
 5.03521248e+06 -1.00772135e+01  5.03521248e+06  1.37520104e+02 
 5.09352532e+06 -1.02058428e+01  5.09352532e+06  1.36360846e+02 
 5.15251348e+06 -1.03354587e+01  5.15251348e+06  1.35212861e+02 
 5.21218479e+06 -1.04659909e+01  5.21218479e+06  1.34076178e+02 
 5.27254715e+06 -1.05973709e+01  5.27254715e+06  1.32950796e+02 
 5.33360856e+06 -1.07295323e+01  5.33360856e+06  1.31836691e+02 
 5.39537713e+06 -1.08624105e+01  5.39537713e+06  1.30733810e+02 
 5.45786104e+06 -1.09959437e+01  5.45786104e+06  1.29642082e+02 
 5.52106858e+06 -1.11300722e+01  5.52106858e+06  1.28561413e+02 
 5.58500812e+06 -1.12647391e+01  5.58500812e+06  1.27491690e+02 
 5.64968815e+06 -1.13998900e+01  5.64968815e+06  1.26432785e+02 
 5.71511724e+06 -1.15354734e+01  5.71511724e+06  1.25384550e+02 
 5.78130406e+06 -1.16714406e+01  5.78130406e+06  1.24346828e+02 
 5.84825740e+06 -1.18077457e+01  5.84825740e+06  1.23319447e+02 
 5.91598612e+06 -1.19443455e+01  5.91598612e+06  1.22302227e+02 
 5.98449920e+06 -1.20811998e+01  5.98449920e+06  1.21294976e+02 
 6.05380574e+06 -1.22182709e+01  6.05380574e+06  1.20297496e+02 
 6.12391492e+06 -1.23555240e+01  6.12391492e+06  1.19309585e+02 
 6.19483603e+06 -1.24929268e+01  6.19483603e+06  1.18331033e+02 
 6.26657849e+06 -1.26304495e+01  6.26657849e+06  1.17361628e+02 
 6.33915179e+06 -1.27680650e+01  6.33915179e+06  1.16401157e+02 
 6.41256556e+06 -1.29057483e+01  6.41256556e+06  1.15449403e+02 
 6.48682954e+06 -1.30434767e+01  6.48682954e+06  1.14506150e+02 
 6.56195357e+06 -1.31812297e+01  6.56195357e+06  1.13571183e+02 
 6.63794761e+06 -1.33189889e+01  6.63794761e+06  1.12644286e+02 
 6.71482174e+06 -1.34567376e+01  6.71482174e+06  1.11725247e+02 
 6.79258615e+06 -1.35944611e+01  6.79258615e+06  1.10813856e+02 
 6.87125115e+06 -1.37321462e+01  6.87125115e+06  1.09909904e+02 
 6.95082717e+06 -1.38697814e+01  6.95082717e+06  1.09013187e+02 
 7.03132476e+06 -1.40073566e+01  7.03132476e+06  1.08123504e+02 
 7.11275460e+06 -1.41448631e+01  7.11275460e+06  1.07240657e+02 
 7.19512747e+06 -1.42822934e+01  7.19512747e+06  1.06364454e+02 
 7.27845431e+06 -1.44196412e+01  7.27845431e+06  1.05494706e+02 
 7.36274615e+06 -1.45569010e+01  7.36274615e+06  1.04631227e+02 
 7.44801418e+06 -1.46940687e+01  7.44801418e+06  1.03773838e+02 
 7.53426970e+06 -1.48311406e+01  7.53426970e+06  1.02922362e+02 
 7.62152414e+06 -1.49681140e+01  7.62152414e+06  1.02076628e+02 
 7.70978908e+06 -1.51049870e+01  7.70978908e+06  1.01236468e+02 
 7.79907622e+06 -1.52417582e+01  7.79907622e+06  1.00401719e+02 
 7.88939739e+06 -1.53784268e+01  7.88939739e+06  9.95722215e+01 
 7.98076457e+06 -1.55149925e+01  7.98076457e+06  9.87478208e+01 
 8.07318988e+06 -1.56514554e+01  8.07318988e+06  9.79283656e+01 
 8.16668556e+06 -1.57878162e+01  8.16668556e+06  9.71137082e+01 
 8.26126402e+06 -1.59240757e+01  8.26126402e+06  9.63037048e+01 
 8.35693779e+06 -1.60602351e+01  8.35693779e+06  9.54982146e+01 
 8.45371956e+06 -1.61962960e+01  8.45371956e+06  9.46971005e+01 
 8.55162216e+06 -1.63322602e+01  8.55162216e+06  9.39002281e+01 
 8.65065857e+06 -1.64681294e+01  8.65065857e+06  9.31074663e+01 
 8.75084193e+06 -1.66039060e+01  8.75084193e+06  9.23186863e+01 
 8.85218551e+06 -1.67395921e+01  8.85218551e+06  9.15337624e+01 
 8.95470275e+06 -1.68751902e+01  8.95470275e+06  9.07525710e+01 
 9.05840724e+06 -1.70107029e+01  9.05840724e+06  8.99749909e+01 
 9.16331273e+06 -1.71461327e+01  9.16331273e+06  8.92009029e+01 
 9.26943314e+06 -1.72814826e+01  9.26943314e+06  8.84301901e+01 
 9.37678253e+06 -1.74167552e+01  9.37678253e+06  8.76627373e+01 
 9.48537513e+06 -1.75519535e+01  9.48537513e+06  8.68984309e+01 
 9.59522534e+06 -1.76870804e+01  9.59522534e+06  8.61371592e+01 
 9.70634773e+06 -1.78221391e+01  9.70634773e+06  8.53788118e+01 
 9.81875703e+06 -1.79571325e+01  9.81875703e+06  8.46232799e+01 
 9.93246814e+06 -1.80920639e+01  9.93246814e+06  8.38704559e+01 
 1.00474961e+07 -1.82269365e+01  1.00474961e+07  8.31202334e+01 
 1.01638563e+07 -1.83617534e+01  1.01638563e+07  8.23725072e+01 
 1.02815640e+07 -1.84965181e+01  1.02815640e+07  8.16271732e+01 
 1.04006349e+07 -1.86312339e+01  1.04006349e+07  8.08841283e+01 
 1.05210847e+07 -1.87659041e+01  1.05210847e+07  8.01432703e+01 
 1.06429295e+07 -1.89005325e+01  1.06429295e+07  7.94044981e+01 
 1.07661854e+07 -1.90351223e+01  1.07661854e+07  7.86677111e+01 
 1.08908687e+07 -1.91696774e+01  1.08908687e+07  7.79328100e+01 
 1.10169959e+07 -1.93042013e+01  1.10169959e+07  7.71996959e+01 
 1.11445838e+07 -1.94386979e+01  1.11445838e+07  7.64682708e+01 
 1.12736493e+07 -1.95731710e+01  1.12736493e+07  7.57384375e+01 
 1.14042096e+07 -1.97076244e+01  1.14042096e+07  7.50100997e+01 
 1.15362818e+07 -1.98420622e+01  1.15362818e+07  7.42831614e+01 
 1.16698836e+07 -1.99764885e+01  1.16698836e+07  7.35575276e+01 
 1.18050326e+07 -2.01109075e+01  1.18050326e+07  7.28331042e+01 
 1.19417468e+07 -2.02453234e+01  1.19417468e+07  7.21097975e+01 
 1.20800443e+07 -2.03797406e+01  1.20800443e+07  7.13875147e+01 
 1.22199434e+07 -2.05141636e+01  1.22199434e+07  7.06661637e+01 
 1.23614627e+07 -2.06485969e+01  1.23614627e+07  6.99456533e+01 
 1.25046209e+07 -2.07830452e+01  1.25046209e+07  6.92258929e+01 
 1.26494370e+07 -2.09175134e+01  1.26494370e+07  6.85067930e+01 
 1.27959303e+07 -2.10520062e+01  1.27959303e+07  6.77882645e+01 
 1.29441200e+07 -2.11865288e+01  1.29441200e+07  6.70702195e+01 
 1.30940260e+07 -2.13210863e+01  1.30940260e+07  6.63525710e+01 
 1.32456680e+07 -2.14556838e+01  1.32456680e+07  6.56352328e+01 
 1.33990662e+07 -2.15903268e+01  1.33990662e+07  6.49181195e+01 
 1.35542409e+07 -2.17250207e+01  1.35542409e+07  6.42011471e+01 
 1.37112127e+07 -2.18597711e+01  1.37112127e+07  6.34842323e+01 
 1.38700024e+07 -2.19945837e+01  1.38700024e+07  6.27672929e+01 
 1.40306310e+07 -2.21294644e+01  1.40306310e+07  6.20502480e+01 
 1.41931199e+07 -2.22644191e+01  1.41931199e+07  6.13330176e+01 
 1.43574905e+07 -2.23994538e+01  1.43574905e+07  6.06155230e+01 
 1.45237648e+07 -2.25345748e+01  1.45237648e+07  5.98976867e+01 
 1.46919646e+07 -2.26697883e+01  1.46919646e+07  5.91794326e+01 
 1.48621124e+07 -2.28051008e+01  1.48621124e+07  5.84606856e+01 
 1.50342306e+07 -2.29405187e+01  1.50342306e+07  5.77413722e+01 
 1.52083422e+07 -2.30760487e+01  1.52083422e+07  5.70214202e+01 
 1.53844701e+07 -2.32116975e+01  1.53844701e+07  5.63007589e+01 
 1.55626378e+07 -2.33474720e+01  1.55626378e+07  5.55793190e+01 
 1.57428689e+07 -2.34833790e+01  1.57428689e+07  5.48570328e+01 
 1.59251872e+07 -2.36194258e+01  1.59251872e+07  5.41338341e+01 
 1.61096169e+07 -2.37556193e+01  1.61096169e+07  5.34096582e+01 
 1.62961825e+07 -2.38919668e+01  1.62961825e+07  5.26844424e+01 
 1.64849088e+07 -2.40284756e+01  1.64849088e+07  5.19581254e+01 
 1.66758206e+07 -2.41651531e+01  1.66758206e+07  5.12306477e+01 
 1.68689435e+07 -2.43020069e+01  1.68689435e+07  5.05019515e+01 
 1.70643029e+07 -2.44390444e+01  1.70643029e+07  4.97719811e+01 
 1.72619247e+07 -2.45762733e+01  1.72619247e+07  4.90406824e+01 
 1.74618352e+07 -2.47137013e+01  1.74618352e+07  4.83080033e+01 
 1.76640609e+07 -2.48513362e+01  1.76640609e+07  4.75738937e+01 
 1.78686285e+07 -2.49891857e+01  1.78686285e+07  4.68383054e+01 
 1.80755653e+07 -2.51272577e+01  1.80755653e+07  4.61011922e+01 
 1.82848985e+07 -2.52655601e+01  1.82848985e+07  4.53625101e+01 
 1.84966561e+07 -2.54041010e+01  1.84966561e+07  4.46222171e+01 
 1.87108661e+07 -2.55428882e+01  1.87108661e+07  4.38802735e+01 
 1.89275568e+07 -2.56819297e+01  1.89275568e+07  4.31366417e+01 
 1.91467570e+07 -2.58212337e+01  1.91467570e+07  4.23912861e+01 
 1.93684957e+07 -2.59608081e+01  1.93684957e+07  4.16441737e+01 
 1.95928024e+07 -2.61006611e+01  1.95928024e+07  4.08952737e+01 
 1.98197069e+07 -2.62408006e+01  1.98197069e+07  4.01445576e+01 
 2.00492391e+07 -2.63812348e+01  2.00492391e+07  3.93919992e+01 
 2.02814295e+07 -2.65219716e+01  2.02814295e+07  3.86375748e+01 
 2.05163089e+07 -2.66630191e+01  2.05163089e+07  3.78812631e+01 
 2.07539085e+07 -2.68043854e+01  2.07539085e+07  3.71230453e+01 
 2.09942597e+07 -2.69460783e+01  2.09942597e+07  3.63629051e+01 
 2.12373944e+07 -2.70881058e+01  2.12373944e+07  3.56008286e+01 
 2.14833448e+07 -2.72304758e+01  2.14833448e+07  3.48368047e+01 
 2.17321436e+07 -2.73731961e+01  2.17321436e+07  3.40708247e+01 
 2.19838238e+07 -2.75162745e+01  2.19838238e+07  3.33028826e+01 
 2.22384186e+07 -2.76597186e+01  2.22384186e+07  3.25329751e+01 
 2.24959620e+07 -2.78035361e+01  2.24959620e+07  3.17611014e+01 
 2.27564879e+07 -2.79477346e+01  2.27564879e+07  3.09872636e+01 
 2.30200310e+07 -2.80923213e+01  2.30200310e+07  3.02114663e+01 
 2.32866262e+07 -2.82373037e+01  2.32866262e+07  2.94337171e+01 
 2.35563088e+07 -2.83826889e+01  2.35563088e+07  2.86540263e+01 
 2.38291146e+07 -2.85284841e+01  2.38291146e+07  2.78724067e+01 
 2.41050798e+07 -2.86746962e+01  2.41050798e+07  2.70888744e+01 
 2.43842409e+07 -2.88213320e+01  2.43842409e+07  2.63034480e+01 
 2.46666350e+07 -2.89683983e+01  2.46666350e+07  2.55161491e+01 
 2.49522996e+07 -2.91159015e+01  2.49522996e+07  2.47270019e+01 
 2.52412724e+07 -2.92638480e+01  2.52412724e+07  2.39360338e+01 
 2.55335918e+07 -2.94122439e+01  2.55335918e+07  2.31432750e+01 
 2.58292965e+07 -2.95610953e+01  2.58292965e+07  2.23487585e+01 
 2.61284258e+07 -2.97104080e+01  2.61284258e+07  2.15525204e+01 
 2.64310194e+07 -2.98601876e+01  2.64310194e+07  2.07545994e+01 
 2.67371172e+07 -3.00104394e+01  2.67371172e+07  1.99550375e+01 
 2.70467600e+07 -3.01611687e+01  2.70467600e+07  1.91538793e+01 
 2.73599888e+07 -3.03123803e+01  2.73599888e+07  1.83511727e+01 
 2.76768451e+07 -3.04640790e+01  2.76768451e+07  1.75469682e+01 
 2.79973709e+07 -3.06162693e+01  2.79973709e+07  1.67413194e+01 
 2.83216087e+07 -3.07689553e+01  2.83216087e+07  1.59342829e+01 
 2.86496015e+07 -3.09221409e+01  2.86496015e+07  1.51259180e+01 
 2.89813928e+07 -3.10758298e+01  2.89813928e+07  1.43162872e+01 
 2.93170265e+07 -3.12300253e+01  2.93170265e+07  1.35054557e+01 
 2.96565473e+07 -3.13847306e+01  2.96565473e+07  1.26934917e+01 
 3.00000000e+07 -3.15399483e+01  3.00000000e+07  1.18804662e+01 
