cella,variante,f_hz,amp,gm,rl,grandezza,uscita,picco_V,t_picco_s,finestra_s,esito,nota
gm0x3_1k_iii_i,l29d2_iii,1000,3.818,0a3,100k,A_ins,MAINJACK,4.039,1.024490,2.000,SOPRA,riferimento g0sempre_1k_iii
gm0x3_1k_iii_i,l29d2_iii,1000,3.818,0a3,100k,A_rel,MAINJACK,4.033,3.024021,2.000,SOPRA,riferimento g0mai_1k_iii
gm0x3_1k_iii_i,l29d2_iii,1000,3.818,0a3,100k,B2,MAINJACK,0.002146,1.050792,,SOPRA,mute da t_ins+t_grad+20 ms a t_rel
gm0x3_1k_iii_i,l29d2_iii,1000,3.818,0a3,100k,B2g,MAINJACK,5.356e-06,1.160781,,sotto,jack grezzo da t_ins+t_grad+20 ms a t_rel (ADR-063)
gm0x3_1k_iii_i,l29d2_iii,1000,3.818,0a3,100k,C1_ins,MAINJACK,2.244,1.024490,,SOPRA,"diagnostica, cond 1"
gm0x3_1k_iii_i,l29d2_iii,1000,3.818,0a3,100k,C1_rel,MAINJACK,4.528e-06,3.127792,,sotto,"diagnostica, cond 1"
gm0x3_1k_iii_i,l29d2_iii,1000,3.818,0a3,100k,C2_ins,MAINJACK,2.244,1.024490,,SOPRA,"riferimento g0sempre_1k_iii, cond 1"
gm0x3_1k_iii_i,l29d2_iii,1000,3.818,0a3,100k,C2_rel,MAINJACK,2.13e-05,3.028167,,sotto,"riferimento g0mai_1k_iii, cond 1"
gm0x3_1k_iii_i,l29d2_iii,1000,3.818,0a3,100k,A_ins,FIXJACK1,4.039,1.024490,2.000,SOPRA,riferimento g0sempre_1k_iii
gm0x3_1k_iii_i,l29d2_iii,1000,3.818,0a3,100k,A_rel,FIXJACK1,4.034,3.024021,2.000,SOPRA,riferimento g0mai_1k_iii
gm0x3_1k_iii_i,l29d2_iii,1000,3.818,0a3,100k,B2,FIXJACK1,0.002151,1.050792,,SOPRA,mute da t_ins+t_grad+20 ms a t_rel
gm0x3_1k_iii_i,l29d2_iii,1000,3.818,0a3,100k,B2g,FIXJACK1,5.398e-06,1.160781,,sotto,jack grezzo da t_ins+t_grad+20 ms a t_rel (ADR-063)
gm0x3_1k_iii_i,l29d2_iii,1000,3.818,0a3,100k,C1_ins,FIXJACK1,2.244,1.024490,,SOPRA,"diagnostica, cond 1"
gm0x3_1k_iii_i,l29d2_iii,1000,3.818,0a3,100k,C1_rel,FIXJACK1,4.53e-06,3.127792,,sotto,"diagnostica, cond 1"
gm0x3_1k_iii_i,l29d2_iii,1000,3.818,0a3,100k,C2_ins,FIXJACK1,2.244,1.024490,,SOPRA,"riferimento g0sempre_1k_iii, cond 1"
gm0x3_1k_iii_i,l29d2_iii,1000,3.818,0a3,100k,C2_rel,FIXJACK1,2.127e-05,3.028167,,sotto,"riferimento g0mai_1k_iii, cond 1"
gm0x3_1k_iii_i,l29d2_iii,1000,3.818,0a3,100k,A_ins,FIXJACK2,4.039,1.024490,2.000,SOPRA,riferimento g0sempre_1k_iii
gm0x3_1k_iii_i,l29d2_iii,1000,3.818,0a3,100k,A_rel,FIXJACK2,4.034,3.024021,2.000,SOPRA,riferimento g0mai_1k_iii
gm0x3_1k_iii_i,l29d2_iii,1000,3.818,0a3,100k,B2,FIXJACK2,0.002151,1.050792,,SOPRA,mute da t_ins+t_grad+20 ms a t_rel
gm0x3_1k_iii_i,l29d2_iii,1000,3.818,0a3,100k,B2g,FIXJACK2,5.398e-06,1.160781,,sotto,jack grezzo da t_ins+t_grad+20 ms a t_rel (ADR-063)
gm0x3_1k_iii_i,l29d2_iii,1000,3.818,0a3,100k,C1_ins,FIXJACK2,2.244,1.024490,,SOPRA,"diagnostica, cond 1"
gm0x3_1k_iii_i,l29d2_iii,1000,3.818,0a3,100k,C1_rel,FIXJACK2,4.53e-06,3.127792,,sotto,"diagnostica, cond 1"
gm0x3_1k_iii_i,l29d2_iii,1000,3.818,0a3,100k,C2_ins,FIXJACK2,2.244,1.024490,,SOPRA,"riferimento g0sempre_1k_iii, cond 1"
gm0x3_1k_iii_i,l29d2_iii,1000,3.818,0a3,100k,C2_rel,FIXJACK2,2.127e-05,3.028167,,sotto,"riferimento g0mai_1k_iii, cond 1"
gm0x3_1k_iii_c,l29d2_iii,1000,3.818,0a3,100k,A_ins,MAINJACK,4.504e-06,4.375792,2.000,sotto,riferimento g3sempre_1k_iii
gm0x3_1k_iii_c,l29d2_iii,1000,3.818,0a3,100k,A_rel,MAINJACK,5.728,5.024021,2.000,SOPRA,riferimento g3mai_1k_iii
gm0x3_1k_iii_c,l29d2_iii,1000,3.818,0a3,100k,B2,MAINJACK,4.772e-06,4.375792,,sotto,mute da t_ins+t_grad+20 ms a t_rel
gm0x3_1k_iii_c,l29d2_iii,1000,3.818,0a3,100k,B2g,MAINJACK,5.722e-06,3.732781,,sotto,jack grezzo da t_ins+t_grad+20 ms a t_rel (ADR-063)
gm0x3_1k_iii_c,l29d2_iii,1000,3.818,0a3,100k,C1_ins,MAINJACK,4.528e-06,3.127792,,sotto,"diagnostica, cond 1"
gm0x3_1k_iii_c,l29d2_iii,1000,3.818,0a3,100k,C1_rel,MAINJACK,5.499,5.049042,,SOPRA,"diagnostica, cond 1"
gm0x3_1k_iii_c,l29d2_iii,1000,3.818,0a3,100k,C2_ins,MAINJACK,4.528e-06,3.127792,,sotto,"riferimento g3sempre_1k_iii, cond 1"
gm0x3_1k_iii_c,l29d2_iii,1000,3.818,0a3,100k,C2_rel,MAINJACK,5.499,5.049042,,SOPRA,"riferimento g3mai_1k_iii, cond 1"
gm0x3_1k_iii_c,l29d2_iii,1000,3.818,0a3,100k,A_ins,FIXJACK1,4.507e-06,4.375792,2.000,sotto,riferimento g3sempre_1k_iii
gm0x3_1k_iii_c,l29d2_iii,1000,3.818,0a3,100k,A_rel,FIXJACK1,4.034,5.024021,2.000,SOPRA,riferimento g3mai_1k_iii
gm0x3_1k_iii_c,l29d2_iii,1000,3.818,0a3,100k,B2,FIXJACK1,4.733e-06,4.375792,,sotto,mute da t_ins+t_grad+20 ms a t_rel
gm0x3_1k_iii_c,l29d2_iii,1000,3.818,0a3,100k,B2g,FIXJACK1,5.682e-06,3.732781,,sotto,jack grezzo da t_ins+t_grad+20 ms a t_rel (ADR-063)
gm0x3_1k_iii_c,l29d2_iii,1000,3.818,0a3,100k,C1_ins,FIXJACK1,4.53e-06,3.127792,,sotto,"diagnostica, cond 1"
gm0x3_1k_iii_c,l29d2_iii,1000,3.818,0a3,100k,C1_rel,FIXJACK1,3.877,5.049042,,SOPRA,"diagnostica, cond 1"
gm0x3_1k_iii_c,l29d2_iii,1000,3.818,0a3,100k,C2_ins,FIXJACK1,4.53e-06,3.127792,,sotto,"riferimento g3sempre_1k_iii, cond 1"
gm0x3_1k_iii_c,l29d2_iii,1000,3.818,0a3,100k,C2_rel,FIXJACK1,3.877,5.049042,,SOPRA,"riferimento g3mai_1k_iii, cond 1"
gm0x3_1k_iii_c,l29d2_iii,1000,3.818,0a3,100k,A_ins,FIXJACK2,4.507e-06,4.375792,2.000,sotto,riferimento g3sempre_1k_iii
gm0x3_1k_iii_c,l29d2_iii,1000,3.818,0a3,100k,A_rel,FIXJACK2,4.034,5.024021,2.000,SOPRA,riferimento g3mai_1k_iii
gm0x3_1k_iii_c,l29d2_iii,1000,3.818,0a3,100k,B2,FIXJACK2,4.733e-06,4.375792,,sotto,mute da t_ins+t_grad+20 ms a t_rel
gm0x3_1k_iii_c,l29d2_iii,1000,3.818,0a3,100k,B2g,FIXJACK2,5.682e-06,3.732781,,sotto,jack grezzo da t_ins+t_grad+20 ms a t_rel (ADR-063)
gm0x3_1k_iii_c,l29d2_iii,1000,3.818,0a3,100k,C1_ins,FIXJACK2,4.53e-06,3.127792,,sotto,"diagnostica, cond 1"
gm0x3_1k_iii_c,l29d2_iii,1000,3.818,0a3,100k,C1_rel,FIXJACK2,3.877,5.049042,,SOPRA,"diagnostica, cond 1"
gm0x3_1k_iii_c,l29d2_iii,1000,3.818,0a3,100k,C2_ins,FIXJACK2,4.53e-06,3.127792,,sotto,"riferimento g3sempre_1k_iii, cond 1"
gm0x3_1k_iii_c,l29d2_iii,1000,3.818,0a3,100k,C2_rel,FIXJACK2,3.877,5.049042,,SOPRA,"riferimento g3mai_1k_iii, cond 1"
gm3x0_1k_iii_i,l29d2_iii,1000,3.818,3a0,100k,A_ins,MAINJACK,5.736,1.024490,2.000,SOPRA,riferimento g3sempre_1k_iii
gm3x0_1k_iii_i,l29d2_iii,1000,3.818,3a0,100k,A_rel,MAINJACK,5.728,3.024021,2.000,SOPRA,riferimento g3mai_1k_iii
gm3x0_1k_iii_i,l29d2_iii,1000,3.818,3a0,100k,B2,MAINJACK,0.002993,1.050792,,SOPRA,mute da t_ins+t_grad+20 ms a t_rel
gm3x0_1k_iii_i,l29d2_iii,1000,3.818,3a0,100k,B2g,MAINJACK,1.368e-05,2.391781,,sotto,jack grezzo da t_ins+t_grad+20 ms a t_rel (ADR-063)
gm3x0_1k_iii_i,l29d2_iii,1000,3.818,3a0,100k,C1_ins,MAINJACK,3.187,1.024490,,SOPRA,"diagnostica, cond 1"
gm3x0_1k_iii_i,l29d2_iii,1000,3.818,3a0,100k,C1_rel,MAINJACK,1.009e-05,3.019792,,sotto,"diagnostica, cond 1"
gm3x0_1k_iii_i,l29d2_iii,1000,3.818,3a0,100k,C2_ins,MAINJACK,3.187,1.024490,,SOPRA,"riferimento g3sempre_1k_iii, cond 1"
gm3x0_1k_iii_i,l29d2_iii,1000,3.818,3a0,100k,C2_rel,MAINJACK,4.363e-05,3.016167,,sotto,"riferimento g3mai_1k_iii, cond 1"
gm3x0_1k_iii_i,l29d2_iii,1000,3.818,3a0,100k,A_ins,FIXJACK1,4.04,1.024490,2.000,SOPRA,riferimento g3sempre_1k_iii
gm3x0_1k_iii_i,l29d2_iii,1000,3.818,3a0,100k,A_rel,FIXJACK1,4.034,3.024021,2.000,SOPRA,riferimento g3mai_1k_iii
gm3x0_1k_iii_i,l29d2_iii,1000,3.818,3a0,100k,B2,FIXJACK1,0.00211,1.050792,,SOPRA,mute da t_ins+t_grad+20 ms a t_rel
gm3x0_1k_iii_i,l29d2_iii,1000,3.818,3a0,100k,B2g,FIXJACK1,9.673e-06,2.391781,,sotto,jack grezzo da t_ins+t_grad+20 ms a t_rel (ADR-063)
gm3x0_1k_iii_i,l29d2_iii,1000,3.818,3a0,100k,C1_ins,FIXJACK1,2.244,1.024490,,SOPRA,"diagnostica, cond 1"
gm3x0_1k_iii_i,l29d2_iii,1000,3.818,3a0,100k,C1_rel,FIXJACK1,7.098e-06,3.019792,,sotto,"diagnostica, cond 1"
gm3x0_1k_iii_i,l29d2_iii,1000,3.818,3a0,100k,C2_ins,FIXJACK1,2.244,1.024490,,SOPRA,"riferimento g3sempre_1k_iii, cond 1"
gm3x0_1k_iii_i,l29d2_iii,1000,3.818,3a0,100k,C2_rel,FIXJACK1,2.282e-05,3.016167,,sotto,"riferimento g3mai_1k_iii, cond 1"
gm3x0_1k_iii_i,l29d2_iii,1000,3.818,3a0,100k,A_ins,FIXJACK2,4.04,1.024490,2.000,SOPRA,riferimento g3sempre_1k_iii
gm3x0_1k_iii_i,l29d2_iii,1000,3.818,3a0,100k,A_rel,FIXJACK2,4.034,3.024021,2.000,SOPRA,riferimento g3mai_1k_iii
gm3x0_1k_iii_i,l29d2_iii,1000,3.818,3a0,100k,B2,FIXJACK2,0.00211,1.050792,,SOPRA,mute da t_ins+t_grad+20 ms a t_rel
gm3x0_1k_iii_i,l29d2_iii,1000,3.818,3a0,100k,B2g,FIXJACK2,9.673e-06,2.391781,,sotto,jack grezzo da t_ins+t_grad+20 ms a t_rel (ADR-063)
gm3x0_1k_iii_i,l29d2_iii,1000,3.818,3a0,100k,C1_ins,FIXJACK2,2.244,1.024490,,SOPRA,"diagnostica, cond 1"
gm3x0_1k_iii_i,l29d2_iii,1000,3.818,3a0,100k,C1_rel,FIXJACK2,7.098e-06,3.019792,,sotto,"diagnostica, cond 1"
gm3x0_1k_iii_i,l29d2_iii,1000,3.818,3a0,100k,C2_ins,FIXJACK2,2.244,1.024490,,SOPRA,"riferimento g3sempre_1k_iii, cond 1"
gm3x0_1k_iii_i,l29d2_iii,1000,3.818,3a0,100k,C2_rel,FIXJACK2,2.282e-05,3.016167,,sotto,"riferimento g3mai_1k_iii, cond 1"
gm3x0_1k_iii_c,l29d2_iii,1000,3.818,3a0,100k,A_ins,MAINJACK,8.986e-06,3.024292,2.000,sotto,riferimento g0sempre_1k_iii
gm3x0_1k_iii_c,l29d2_iii,1000,3.818,3a0,100k,A_rel,MAINJACK,4.033,5.024021,2.000,SOPRA,riferimento g0mai_1k_iii
gm3x0_1k_iii_c,l29d2_iii,1000,3.818,3a0,100k,B2,MAINJACK,8.402e-06,3.175510,,sotto,mute da t_ins+t_grad+20 ms a t_rel
gm3x0_1k_iii_c,l29d2_iii,1000,3.818,3a0,100k,B2g,MAINJACK,1.181e-05,3.934281,,sotto,jack grezzo da t_ins+t_grad+20 ms a t_rel (ADR-063)
gm3x0_1k_iii_c,l29d2_iii,1000,3.818,3a0,100k,C1_ins,MAINJACK,1.009e-05,3.019792,,sotto,"diagnostica, cond 1"
gm3x0_1k_iii_c,l29d2_iii,1000,3.818,3a0,100k,C1_rel,MAINJACK,3.861,5.049031,,SOPRA,"diagnostica, cond 1"
gm3x0_1k_iii_c,l29d2_iii,1000,3.818,3a0,100k,C2_ins,MAINJACK,1.009e-05,3.019792,,sotto,"riferimento g0sempre_1k_iii, cond 1"
gm3x0_1k_iii_c,l29d2_iii,1000,3.818,3a0,100k,C2_rel,MAINJACK,3.861,5.049031,,SOPRA,"riferimento g0mai_1k_iii, cond 1"
gm3x0_1k_iii_c,l29d2_iii,1000,3.818,3a0,100k,A_ins,FIXJACK1,6.323e-06,3.024292,2.000,sotto,riferimento g0sempre_1k_iii
gm3x0_1k_iii_c,l29d2_iii,1000,3.818,3a0,100k,A_rel,FIXJACK1,4.034,5.024021,2.000,SOPRA,riferimento g0mai_1k_iii
gm3x0_1k_iii_c,l29d2_iii,1000,3.818,3a0,100k,B2,FIXJACK1,6.002e-06,3.175510,,sotto,mute da t_ins+t_grad+20 ms a t_rel
gm3x0_1k_iii_c,l29d2_iii,1000,3.818,3a0,100k,B2g,FIXJACK1,8.221e-06,3.934281,,sotto,jack grezzo da t_ins+t_grad+20 ms a t_rel (ADR-063)
gm3x0_1k_iii_c,l29d2_iii,1000,3.818,3a0,100k,C1_ins,FIXJACK1,7.098e-06,3.019792,,sotto,"diagnostica, cond 1"
gm3x0_1k_iii_c,l29d2_iii,1000,3.818,3a0,100k,C1_rel,FIXJACK1,3.866,5.049031,,SOPRA,"diagnostica, cond 1"
gm3x0_1k_iii_c,l29d2_iii,1000,3.818,3a0,100k,C2_ins,FIXJACK1,7.098e-06,3.019792,,sotto,"riferimento g0sempre_1k_iii, cond 1"
gm3x0_1k_iii_c,l29d2_iii,1000,3.818,3a0,100k,C2_rel,FIXJACK1,3.866,5.049031,,SOPRA,"riferimento g0mai_1k_iii, cond 1"
gm3x0_1k_iii_c,l29d2_iii,1000,3.818,3a0,100k,A_ins,FIXJACK2,6.323e-06,3.024292,2.000,sotto,riferimento g0sempre_1k_iii
gm3x0_1k_iii_c,l29d2_iii,1000,3.818,3a0,100k,A_rel,FIXJACK2,4.034,5.024021,2.000,SOPRA,riferimento g0mai_1k_iii
gm3x0_1k_iii_c,l29d2_iii,1000,3.818,3a0,100k,B2,FIXJACK2,6.002e-06,3.175510,,sotto,mute da t_ins+t_grad+20 ms a t_rel
gm3x0_1k_iii_c,l29d2_iii,1000,3.818,3a0,100k,B2g,FIXJACK2,8.221e-06,3.934281,,sotto,jack grezzo da t_ins+t_grad+20 ms a t_rel (ADR-063)
gm3x0_1k_iii_c,l29d2_iii,1000,3.818,3a0,100k,C1_ins,FIXJACK2,7.098e-06,3.019792,,sotto,"diagnostica, cond 1"
gm3x0_1k_iii_c,l29d2_iii,1000,3.818,3a0,100k,C1_rel,FIXJACK2,3.866,5.049031,,SOPRA,"diagnostica, cond 1"
gm3x0_1k_iii_c,l29d2_iii,1000,3.818,3a0,100k,C2_ins,FIXJACK2,7.098e-06,3.019792,,sotto,"riferimento g0sempre_1k_iii, cond 1"
gm3x0_1k_iii_c,l29d2_iii,1000,3.818,3a0,100k,C2_rel,FIXJACK2,3.866,5.049031,,SOPRA,"riferimento g0mai_1k_iii, cond 1"
gm3x10_1k_iii_i,l29d2_iii,1000,3.818,3a10,100k,A_ins,MAINJACK,5.736,1.024490,2.000,SOPRA,riferimento g3sempre_1k_iii
gm3x10_1k_iii_i,l29d2_iii,1000,3.818,3a10,100k,A_rel,MAINJACK,5.728,3.024021,2.000,SOPRA,riferimento g3mai_1k_iii
gm3x10_1k_iii_i,l29d2_iii,1000,3.818,3a10,100k,B2,MAINJACK,0.002993,1.050792,,SOPRA,mute da t_ins+t_grad+20 ms a t_rel
gm3x10_1k_iii_i,l29d2_iii,1000,3.818,3a10,100k,B2g,MAINJACK,1.368e-05,2.391781,,sotto,jack grezzo da t_ins+t_grad+20 ms a t_rel (ADR-063)
gm3x10_1k_iii_i,l29d2_iii,1000,3.818,3a10,100k,C1_ins,MAINJACK,3.187,1.024490,,SOPRA,"diagnostica, cond 1"
gm3x10_1k_iii_i,l29d2_iii,1000,3.818,3a10,100k,C1_rel,MAINJACK,4.747e-05,3.024458,,sotto,"diagnostica, cond 1"
gm3x10_1k_iii_i,l29d2_iii,1000,3.818,3a10,100k,C2_ins,MAINJACK,3.187,1.024490,,SOPRA,"riferimento g3sempre_1k_iii, cond 1"
gm3x10_1k_iii_i,l29d2_iii,1000,3.818,3a10,100k,C2_rel,MAINJACK,4.625e-05,3.174135,,sotto,"riferimento g3mai_1k_iii, cond 1"
gm3x10_1k_iii_i,l29d2_iii,1000,3.818,3a10,100k,A_ins,FIXJACK1,4.04,1.024490,2.000,SOPRA,riferimento g3sempre_1k_iii
gm3x10_1k_iii_i,l29d2_iii,1000,3.818,3a10,100k,A_rel,FIXJACK1,4.034,3.024021,2.000,SOPRA,riferimento g3mai_1k_iii
gm3x10_1k_iii_i,l29d2_iii,1000,3.818,3a10,100k,B2,FIXJACK1,0.00211,1.050792,,SOPRA,mute da t_ins+t_grad+20 ms a t_rel
gm3x10_1k_iii_i,l29d2_iii,1000,3.818,3a10,100k,B2g,FIXJACK1,9.673e-06,2.391781,,sotto,jack grezzo da t_ins+t_grad+20 ms a t_rel (ADR-063)
gm3x10_1k_iii_i,l29d2_iii,1000,3.818,3a10,100k,C1_ins,FIXJACK1,2.244,1.024490,,SOPRA,"diagnostica, cond 1"
gm3x10_1k_iii_i,l29d2_iii,1000,3.818,3a10,100k,C1_rel,FIXJACK1,7.68e-06,3.120885,,sotto,"diagnostica, cond 1"
gm3x10_1k_iii_i,l29d2_iii,1000,3.818,3a10,100k,C2_ins,FIXJACK1,2.244,1.024490,,SOPRA,"riferimento g3sempre_1k_iii, cond 1"
gm3x10_1k_iii_i,l29d2_iii,1000,3.818,3a10,100k,C2_rel,FIXJACK1,2.472e-05,3.052406,,sotto,"riferimento g3mai_1k_iii, cond 1"
gm3x10_1k_iii_i,l29d2_iii,1000,3.818,3a10,100k,A_ins,FIXJACK2,4.04,1.024490,2.000,SOPRA,riferimento g3sempre_1k_iii
gm3x10_1k_iii_i,l29d2_iii,1000,3.818,3a10,100k,A_rel,FIXJACK2,4.034,3.024021,2.000,SOPRA,riferimento g3mai_1k_iii
gm3x10_1k_iii_i,l29d2_iii,1000,3.818,3a10,100k,B2,FIXJACK2,0.00211,1.050792,,SOPRA,mute da t_ins+t_grad+20 ms a t_rel
gm3x10_1k_iii_i,l29d2_iii,1000,3.818,3a10,100k,B2g,FIXJACK2,9.673e-06,2.391781,,sotto,jack grezzo da t_ins+t_grad+20 ms a t_rel (ADR-063)
gm3x10_1k_iii_i,l29d2_iii,1000,3.818,3a10,100k,C1_ins,FIXJACK2,2.244,1.024490,,SOPRA,"diagnostica, cond 1"
gm3x10_1k_iii_i,l29d2_iii,1000,3.818,3a10,100k,C1_rel,FIXJACK2,7.68e-06,3.120885,,sotto,"diagnostica, cond 1"
gm3x10_1k_iii_i,l29d2_iii,1000,3.818,3a10,100k,C2_ins,FIXJACK2,2.244,1.024490,,SOPRA,"riferimento g3sempre_1k_iii, cond 1"
gm3x10_1k_iii_i,l29d2_iii,1000,3.818,3a10,100k,C2_rel,FIXJACK2,2.472e-05,3.052406,,sotto,"riferimento g3mai_1k_iii, cond 1"
gm3x10_1k_iii_c,l29d2_iii,1000,3.818,3a10,100k,A_ins,MAINJACK,4.796e-05,3.024458,2.000,sotto,riferimento g10sempre_1k_iii
gm3x10_1k_iii_c,l29d2_iii,1000,3.818,3a10,100k,A_rel,MAINJACK,12.71,5.024021,2.000,SOPRA,riferimento g10mai_1k_iii
gm3x10_1k_iii_c,l29d2_iii,1000,3.818,3a10,100k,B2,MAINJACK,1.126e-05,3.074594,,sotto,mute da t_ins+t_grad+20 ms a t_rel
gm3x10_1k_iii_c,l29d2_iii,1000,3.818,3a10,100k,B2g,MAINJACK,1.293e-05,4.374781,,sotto,jack grezzo da t_ins+t_grad+20 ms a t_rel (ADR-063)
gm3x10_1k_iii_c,l29d2_iii,1000,3.818,3a10,100k,C1_ins,MAINJACK,4.747e-05,3.024458,,sotto,"diagnostica, cond 1"
gm3x10_1k_iii_c,l29d2_iii,1000,3.818,3a10,100k,C1_rel,MAINJACK,11.47,5.049031,,SOPRA,"diagnostica, cond 1"
gm3x10_1k_iii_c,l29d2_iii,1000,3.818,3a10,100k,C2_ins,MAINJACK,4.759e-05,3.024458,,sotto,"riferimento g10sempre_1k_iii, cond 1"
gm3x10_1k_iii_c,l29d2_iii,1000,3.818,3a10,100k,C2_rel,MAINJACK,11.47,5.049031,,SOPRA,"riferimento g10mai_1k_iii, cond 1"
gm3x10_1k_iii_c,l29d2_iii,1000,3.818,3a10,100k,A_ins,FIXJACK1,7.777e-06,3.661406,2.000,sotto,riferimento g10sempre_1k_iii
gm3x10_1k_iii_c,l29d2_iii,1000,3.818,3a10,100k,A_rel,FIXJACK1,4.035,5.024021,2.000,SOPRA,riferimento g10mai_1k_iii
gm3x10_1k_iii_c,l29d2_iii,1000,3.818,3a10,100k,B2,FIXJACK1,7.779e-06,3.661406,,sotto,mute da t_ins+t_grad+20 ms a t_rel
gm3x10_1k_iii_c,l29d2_iii,1000,3.818,3a10,100k,B2g,FIXJACK1,8.896e-06,4.374781,,sotto,jack grezzo da t_ins+t_grad+20 ms a t_rel (ADR-063)
gm3x10_1k_iii_c,l29d2_iii,1000,3.818,3a10,100k,C1_ins,FIXJACK1,7.68e-06,3.120885,,sotto,"diagnostica, cond 1"
gm3x10_1k_iii_c,l29d2_iii,1000,3.818,3a10,100k,C1_rel,FIXJACK1,3.873,5.049042,,SOPRA,"diagnostica, cond 1"
gm3x10_1k_iii_c,l29d2_iii,1000,3.818,3a10,100k,C2_ins,FIXJACK1,7.68e-06,3.120885,,sotto,"riferimento g10sempre_1k_iii, cond 1"
gm3x10_1k_iii_c,l29d2_iii,1000,3.818,3a10,100k,C2_rel,FIXJACK1,3.873,5.049042,,SOPRA,"riferimento g10mai_1k_iii, cond 1"
gm3x10_1k_iii_c,l29d2_iii,1000,3.818,3a10,100k,A_ins,FIXJACK2,7.777e-06,3.661406,2.000,sotto,riferimento g10sempre_1k_iii
gm3x10_1k_iii_c,l29d2_iii,1000,3.818,3a10,100k,A_rel,FIXJACK2,4.035,5.024021,2.000,SOPRA,riferimento g10mai_1k_iii
gm3x10_1k_iii_c,l29d2_iii,1000,3.818,3a10,100k,B2,FIXJACK2,7.779e-06,3.661406,,sotto,mute da t_ins+t_grad+20 ms a t_rel
gm3x10_1k_iii_c,l29d2_iii,1000,3.818,3a10,100k,B2g,FIXJACK2,8.896e-06,4.374781,,sotto,jack grezzo da t_ins+t_grad+20 ms a t_rel (ADR-063)
gm3x10_1k_iii_c,l29d2_iii,1000,3.818,3a10,100k,C1_ins,FIXJACK2,7.68e-06,3.120885,,sotto,"diagnostica, cond 1"
gm3x10_1k_iii_c,l29d2_iii,1000,3.818,3a10,100k,C1_rel,FIXJACK2,3.873,5.049042,,SOPRA,"diagnostica, cond 1"
gm3x10_1k_iii_c,l29d2_iii,1000,3.818,3a10,100k,C2_ins,FIXJACK2,7.68e-06,3.120885,,sotto,"riferimento g10sempre_1k_iii, cond 1"
gm3x10_1k_iii_c,l29d2_iii,1000,3.818,3a10,100k,C2_rel,FIXJACK2,3.873,5.049042,,SOPRA,"riferimento g10mai_1k_iii, cond 1"
gm10x3_1k_iii_i,l29d2_iii,1000,3.818,10a3,100k,A_ins,MAINJACK,12.72,1.024490,2.000,SOPRA,riferimento g10sempre_1k_iii
gm10x3_1k_iii_i,l29d2_iii,1000,3.818,10a3,100k,A_rel,MAINJACK,12.71,3.024021,2.000,SOPRA,riferimento g10mai_1k_iii
gm10x3_1k_iii_i,l29d2_iii,1000,3.818,10a3,100k,B2,MAINJACK,0.006736,1.050885,,SOPRA,mute da t_ins+t_grad+20 ms a t_rel
gm10x3_1k_iii_i,l29d2_iii,1000,3.818,10a3,100k,B2g,MAINJACK,1.345e-05,2.511781,,sotto,jack grezzo da t_ins+t_grad+20 ms a t_rel (ADR-063)
gm10x3_1k_iii_i,l29d2_iii,1000,3.818,10a3,100k,C1_ins,MAINJACK,7.066,1.024490,,SOPRA,"diagnostica, cond 1"
gm10x3_1k_iii_i,l29d2_iii,1000,3.818,10a3,100k,C1_rel,MAINJACK,1.145e-05,3.009885,,sotto,"diagnostica, cond 1"
gm10x3_1k_iii_i,l29d2_iii,1000,3.818,10a3,100k,C2_ins,MAINJACK,7.066,1.024490,,SOPRA,"riferimento g10sempre_1k_iii, cond 1"
gm10x3_1k_iii_i,l29d2_iii,1000,3.818,10a3,100k,C2_rel,MAINJACK,0.0005018,3.018510,,sotto,"riferimento g10mai_1k_iii, cond 1"
gm10x3_1k_iii_i,l29d2_iii,1000,3.818,10a3,100k,A_ins,FIXJACK1,4.039,1.024490,2.000,SOPRA,riferimento g10sempre_1k_iii
gm10x3_1k_iii_i,l29d2_iii,1000,3.818,10a3,100k,A_rel,FIXJACK1,4.035,3.024021,2.000,SOPRA,riferimento g10mai_1k_iii
gm10x3_1k_iii_i,l29d2_iii,1000,3.818,10a3,100k,B2,FIXJACK1,0.002141,1.050885,,SOPRA,mute da t_ins+t_grad+20 ms a t_rel
gm10x3_1k_iii_i,l29d2_iii,1000,3.818,10a3,100k,B2g,FIXJACK1,4.265e-06,2.511781,,sotto,jack grezzo da t_ins+t_grad+20 ms a t_rel (ADR-063)
gm10x3_1k_iii_i,l29d2_iii,1000,3.818,10a3,100k,C1_ins,FIXJACK1,2.244,1.024490,,SOPRA,"diagnostica, cond 1"
gm10x3_1k_iii_i,l29d2_iii,1000,3.818,10a3,100k,C1_rel,FIXJACK1,3.632e-06,3.009885,,sotto,"diagnostica, cond 1"
gm10x3_1k_iii_i,l29d2_iii,1000,3.818,10a3,100k,C2_ins,FIXJACK1,2.244,1.024490,,SOPRA,"riferimento g10sempre_1k_iii, cond 1"
gm10x3_1k_iii_i,l29d2_iii,1000,3.818,10a3,100k,C2_rel,FIXJACK1,2.049e-05,3.017406,,sotto,"riferimento g10mai_1k_iii, cond 1"
gm10x3_1k_iii_i,l29d2_iii,1000,3.818,10a3,100k,A_ins,FIXJACK2,4.039,1.024490,2.000,SOPRA,riferimento g10sempre_1k_iii
gm10x3_1k_iii_i,l29d2_iii,1000,3.818,10a3,100k,A_rel,FIXJACK2,4.035,3.024021,2.000,SOPRA,riferimento g10mai_1k_iii
gm10x3_1k_iii_i,l29d2_iii,1000,3.818,10a3,100k,B2,FIXJACK2,0.002141,1.050885,,SOPRA,mute da t_ins+t_grad+20 ms a t_rel
gm10x3_1k_iii_i,l29d2_iii,1000,3.818,10a3,100k,B2g,FIXJACK2,4.265e-06,2.511781,,sotto,jack grezzo da t_ins+t_grad+20 ms a t_rel (ADR-063)
gm10x3_1k_iii_i,l29d2_iii,1000,3.818,10a3,100k,C1_ins,FIXJACK2,2.244,1.024490,,SOPRA,"diagnostica, cond 1"
gm10x3_1k_iii_i,l29d2_iii,1000,3.818,10a3,100k,C1_rel,FIXJACK2,3.632e-06,3.009885,,sotto,"diagnostica, cond 1"
gm10x3_1k_iii_i,l29d2_iii,1000,3.818,10a3,100k,C2_ins,FIXJACK2,2.244,1.024490,,SOPRA,"riferimento g10sempre_1k_iii, cond 1"
gm10x3_1k_iii_i,l29d2_iii,1000,3.818,10a3,100k,C2_rel,FIXJACK2,2.049e-05,3.017406,,sotto,"riferimento g10mai_1k_iii, cond 1"
gm10x3_1k_iii_c,l29d2_iii,1000,3.818,10a3,100k,A_ins,MAINJACK,1.007e-06,3.024010,2.000,sotto,riferimento g3sempre_1k_iii
gm10x3_1k_iii_c,l29d2_iii,1000,3.818,10a3,100k,A_rel,MAINJACK,5.728,5.024021,2.000,SOPRA,riferimento g3mai_1k_iii
gm10x3_1k_iii_c,l29d2_iii,1000,3.818,10a3,100k,B2,MAINJACK,4.496e-07,3.046656,,sotto,mute da t_ins+t_grad+20 ms a t_rel
gm10x3_1k_iii_c,l29d2_iii,1000,3.818,10a3,100k,B2g,MAINJACK,4.042e-07,3.427656,,sotto,jack grezzo da t_ins+t_grad+20 ms a t_rel (ADR-063)
gm10x3_1k_iii_c,l29d2_iii,1000,3.818,10a3,100k,C1_ins,MAINJACK,1.145e-05,3.009885,,sotto,"diagnostica, cond 1"
gm10x3_1k_iii_c,l29d2_iii,1000,3.818,10a3,100k,C1_rel,MAINJACK,5.494,5.049042,,SOPRA,"diagnostica, cond 1"
gm10x3_1k_iii_c,l29d2_iii,1000,3.818,10a3,100k,C2_ins,MAINJACK,1.145e-05,3.009885,,sotto,"riferimento g3sempre_1k_iii, cond 1"
gm10x3_1k_iii_c,l29d2_iii,1000,3.818,10a3,100k,C2_rel,MAINJACK,5.494,5.049042,,SOPRA,"riferimento g3mai_1k_iii, cond 1"
gm10x3_1k_iii_c,l29d2_iii,1000,3.818,10a3,100k,A_ins,FIXJACK1,2.172e-07,3.024010,2.000,sotto,riferimento g3sempre_1k_iii
gm10x3_1k_iii_c,l29d2_iii,1000,3.818,10a3,100k,A_rel,FIXJACK1,4.034,5.024021,2.000,SOPRA,riferimento g3mai_1k_iii
gm10x3_1k_iii_c,l29d2_iii,1000,3.818,10a3,100k,B2,FIXJACK1,3.552e-07,3.046656,,sotto,mute da t_ins+t_grad+20 ms a t_rel
gm10x3_1k_iii_c,l29d2_iii,1000,3.818,10a3,100k,B2g,FIXJACK1,3.41e-07,4.943656,,sotto,jack grezzo da t_ins+t_grad+20 ms a t_rel (ADR-063)
gm10x3_1k_iii_c,l29d2_iii,1000,3.818,10a3,100k,C1_ins,FIXJACK1,3.632e-06,3.009885,,sotto,"diagnostica, cond 1"
gm10x3_1k_iii_c,l29d2_iii,1000,3.818,10a3,100k,C1_rel,FIXJACK1,3.872,5.049042,,SOPRA,"diagnostica, cond 1"
gm10x3_1k_iii_c,l29d2_iii,1000,3.818,10a3,100k,C2_ins,FIXJACK1,3.632e-06,3.009885,,sotto,"riferimento g3sempre_1k_iii, cond 1"
gm10x3_1k_iii_c,l29d2_iii,1000,3.818,10a3,100k,C2_rel,FIXJACK1,3.872,5.049042,,SOPRA,"riferimento g3mai_1k_iii, cond 1"
gm10x3_1k_iii_c,l29d2_iii,1000,3.818,10a3,100k,A_ins,FIXJACK2,2.172e-07,3.024010,2.000,sotto,riferimento g3sempre_1k_iii
gm10x3_1k_iii_c,l29d2_iii,1000,3.818,10a3,100k,A_rel,FIXJACK2,4.034,5.024021,2.000,SOPRA,riferimento g3mai_1k_iii
gm10x3_1k_iii_c,l29d2_iii,1000,3.818,10a3,100k,B2,FIXJACK2,3.552e-07,3.046656,,sotto,mute da t_ins+t_grad+20 ms a t_rel
gm10x3_1k_iii_c,l29d2_iii,1000,3.818,10a3,100k,B2g,FIXJACK2,3.41e-07,4.943656,,sotto,jack grezzo da t_ins+t_grad+20 ms a t_rel (ADR-063)
gm10x3_1k_iii_c,l29d2_iii,1000,3.818,10a3,100k,C1_ins,FIXJACK2,3.632e-06,3.009885,,sotto,"diagnostica, cond 1"
gm10x3_1k_iii_c,l29d2_iii,1000,3.818,10a3,100k,C1_rel,FIXJACK2,3.872,5.049042,,SOPRA,"diagnostica, cond 1"
gm10x3_1k_iii_c,l29d2_iii,1000,3.818,10a3,100k,C2_ins,FIXJACK2,3.632e-06,3.009885,,sotto,"riferimento g3sempre_1k_iii, cond 1"
gm10x3_1k_iii_c,l29d2_iii,1000,3.818,10a3,100k,C2_rel,FIXJACK2,3.872,5.049042,,SOPRA,"riferimento g3mai_1k_iii, cond 1"
gm0x10_1k_iii_i,l29d2_iii,1000,3.818,0a10,100k,A_ins,MAINJACK,4.039,1.024490,2.000,SOPRA,riferimento g0sempre_1k_iii
gm0x10_1k_iii_i,l29d2_iii,1000,3.818,0a10,100k,A_rel,MAINJACK,4.033,3.024021,2.000,SOPRA,riferimento g0mai_1k_iii
gm0x10_1k_iii_i,l29d2_iii,1000,3.818,0a10,100k,B2,MAINJACK,0.002146,1.050792,,SOPRA,mute da t_ins+t_grad+20 ms a t_rel
gm0x10_1k_iii_i,l29d2_iii,1000,3.818,0a10,100k,B2g,MAINJACK,5.356e-06,1.160781,,sotto,jack grezzo da t_ins+t_grad+20 ms a t_rel (ADR-063)
gm0x10_1k_iii_i,l29d2_iii,1000,3.818,0a10,100k,C1_ins,MAINJACK,2.244,1.024490,,SOPRA,"diagnostica, cond 1"
gm0x10_1k_iii_i,l29d2_iii,1000,3.818,0a10,100k,C1_rel,MAINJACK,5.106e-06,3.024313,,sotto,"diagnostica, cond 1"
gm0x10_1k_iii_i,l29d2_iii,1000,3.818,0a10,100k,C2_ins,MAINJACK,2.244,1.024490,,SOPRA,"riferimento g0sempre_1k_iii, cond 1"
gm0x10_1k_iii_i,l29d2_iii,1000,3.818,0a10,100k,C2_rel,MAINJACK,2.177e-05,3.150406,,sotto,"riferimento g0mai_1k_iii, cond 1"
gm0x10_1k_iii_i,l29d2_iii,1000,3.818,0a10,100k,A_ins,FIXJACK1,4.039,1.024490,2.000,SOPRA,riferimento g0sempre_1k_iii
gm0x10_1k_iii_i,l29d2_iii,1000,3.818,0a10,100k,A_rel,FIXJACK1,4.034,3.024021,2.000,SOPRA,riferimento g0mai_1k_iii
gm0x10_1k_iii_i,l29d2_iii,1000,3.818,0a10,100k,B2,FIXJACK1,0.002151,1.050792,,SOPRA,mute da t_ins+t_grad+20 ms a t_rel
gm0x10_1k_iii_i,l29d2_iii,1000,3.818,0a10,100k,B2g,FIXJACK1,5.398e-06,1.160781,,sotto,jack grezzo da t_ins+t_grad+20 ms a t_rel (ADR-063)
gm0x10_1k_iii_i,l29d2_iii,1000,3.818,0a10,100k,C1_ins,FIXJACK1,2.244,1.024490,,SOPRA,"diagnostica, cond 1"
gm0x10_1k_iii_i,l29d2_iii,1000,3.818,0a10,100k,C1_rel,FIXJACK1,4.404e-06,3.228594,,sotto,"diagnostica, cond 1"
gm0x10_1k_iii_i,l29d2_iii,1000,3.818,0a10,100k,C2_ins,FIXJACK1,2.244,1.024490,,SOPRA,"riferimento g0sempre_1k_iii, cond 1"
gm0x10_1k_iii_i,l29d2_iii,1000,3.818,0a10,100k,C2_rel,FIXJACK1,2.163e-05,3.150406,,sotto,"riferimento g0mai_1k_iii, cond 1"
gm0x10_1k_iii_i,l29d2_iii,1000,3.818,0a10,100k,A_ins,FIXJACK2,4.039,1.024490,2.000,SOPRA,riferimento g0sempre_1k_iii
gm0x10_1k_iii_i,l29d2_iii,1000,3.818,0a10,100k,A_rel,FIXJACK2,4.034,3.024021,2.000,SOPRA,riferimento g0mai_1k_iii
gm0x10_1k_iii_i,l29d2_iii,1000,3.818,0a10,100k,B2,FIXJACK2,0.002151,1.050792,,SOPRA,mute da t_ins+t_grad+20 ms a t_rel
gm0x10_1k_iii_i,l29d2_iii,1000,3.818,0a10,100k,B2g,FIXJACK2,5.398e-06,1.160781,,sotto,jack grezzo da t_ins+t_grad+20 ms a t_rel (ADR-063)
gm0x10_1k_iii_i,l29d2_iii,1000,3.818,0a10,100k,C1_ins,FIXJACK2,2.244,1.024490,,SOPRA,"diagnostica, cond 1"
gm0x10_1k_iii_i,l29d2_iii,1000,3.818,0a10,100k,C1_rel,FIXJACK2,4.404e-06,3.228594,,sotto,"diagnostica, cond 1"
gm0x10_1k_iii_i,l29d2_iii,1000,3.818,0a10,100k,C2_ins,FIXJACK2,2.244,1.024490,,SOPRA,"riferimento g0sempre_1k_iii, cond 1"
gm0x10_1k_iii_i,l29d2_iii,1000,3.818,0a10,100k,C2_rel,FIXJACK2,2.163e-05,3.150406,,sotto,"riferimento g0mai_1k_iii, cond 1"
gm0x10_1k_iii_c,l29d2_iii,1000,3.818,0a10,100k,A_ins,MAINJACK,5.073e-06,3.024313,2.000,sotto,riferimento g10sempre_1k_iii
gm0x10_1k_iii_c,l29d2_iii,1000,3.818,0a10,100k,A_rel,MAINJACK,12.71,5.024021,2.000,SOPRA,riferimento g10mai_1k_iii
gm0x10_1k_iii_c,l29d2_iii,1000,3.818,0a10,100k,B2,MAINJACK,5.146e-06,3.431594,,sotto,mute da t_ins+t_grad+20 ms a t_rel
gm0x10_1k_iii_c,l29d2_iii,1000,3.818,0a10,100k,B2g,MAINJACK,5.628e-06,3.831781,,sotto,jack grezzo da t_ins+t_grad+20 ms a t_rel (ADR-063)
gm0x10_1k_iii_c,l29d2_iii,1000,3.818,0a10,100k,C1_ins,MAINJACK,5.106e-06,3.024313,,sotto,"diagnostica, cond 1"
gm0x10_1k_iii_c,l29d2_iii,1000,3.818,0a10,100k,C1_rel,MAINJACK,11.47,5.049042,,SOPRA,"diagnostica, cond 1"
gm0x10_1k_iii_c,l29d2_iii,1000,3.818,0a10,100k,C2_ins,MAINJACK,5.064e-06,3.024313,,sotto,"riferimento g10sempre_1k_iii, cond 1"
gm0x10_1k_iii_c,l29d2_iii,1000,3.818,0a10,100k,C2_rel,MAINJACK,11.47,5.049042,,SOPRA,"riferimento g10mai_1k_iii, cond 1"
gm0x10_1k_iii_c,l29d2_iii,1000,3.818,0a10,100k,A_ins,FIXJACK1,4.473e-06,4.799406,2.000,sotto,riferimento g10sempre_1k_iii
gm0x10_1k_iii_c,l29d2_iii,1000,3.818,0a10,100k,A_rel,FIXJACK1,4.035,5.024021,2.000,SOPRA,riferimento g10mai_1k_iii
gm0x10_1k_iii_c,l29d2_iii,1000,3.818,0a10,100k,B2,FIXJACK1,4.579e-06,3.431594,,sotto,mute da t_ins+t_grad+20 ms a t_rel
gm0x10_1k_iii_c,l29d2_iii,1000,3.818,0a10,100k,B2g,FIXJACK1,5.234e-06,3.831781,,sotto,jack grezzo da t_ins+t_grad+20 ms a t_rel (ADR-063)
gm0x10_1k_iii_c,l29d2_iii,1000,3.818,0a10,100k,C1_ins,FIXJACK1,4.378e-06,3.068885,,sotto,"diagnostica, cond 1"
gm0x10_1k_iii_c,l29d2_iii,1000,3.818,0a10,100k,C1_rel,FIXJACK1,3.875,5.049042,,SOPRA,"diagnostica, cond 1"
gm0x10_1k_iii_c,l29d2_iii,1000,3.818,0a10,100k,C2_ins,FIXJACK1,4.378e-06,3.068885,,sotto,"riferimento g10sempre_1k_iii, cond 1"
gm0x10_1k_iii_c,l29d2_iii,1000,3.818,0a10,100k,C2_rel,FIXJACK1,3.875,5.049042,,SOPRA,"riferimento g10mai_1k_iii, cond 1"
gm0x10_1k_iii_c,l29d2_iii,1000,3.818,0a10,100k,A_ins,FIXJACK2,4.473e-06,4.799406,2.000,sotto,riferimento g10sempre_1k_iii
gm0x10_1k_iii_c,l29d2_iii,1000,3.818,0a10,100k,A_rel,FIXJACK2,4.035,5.024021,2.000,SOPRA,riferimento g10mai_1k_iii
gm0x10_1k_iii_c,l29d2_iii,1000,3.818,0a10,100k,B2,FIXJACK2,4.579e-06,3.431594,,sotto,mute da t_ins+t_grad+20 ms a t_rel
gm0x10_1k_iii_c,l29d2_iii,1000,3.818,0a10,100k,B2g,FIXJACK2,5.234e-06,3.831781,,sotto,jack grezzo da t_ins+t_grad+20 ms a t_rel (ADR-063)
gm0x10_1k_iii_c,l29d2_iii,1000,3.818,0a10,100k,C1_ins,FIXJACK2,4.378e-06,3.068885,,sotto,"diagnostica, cond 1"
gm0x10_1k_iii_c,l29d2_iii,1000,3.818,0a10,100k,C1_rel,FIXJACK2,3.875,5.049042,,SOPRA,"diagnostica, cond 1"
gm0x10_1k_iii_c,l29d2_iii,1000,3.818,0a10,100k,C2_ins,FIXJACK2,4.378e-06,3.068885,,sotto,"riferimento g10sempre_1k_iii, cond 1"
gm0x10_1k_iii_c,l29d2_iii,1000,3.818,0a10,100k,C2_rel,FIXJACK2,3.875,5.049042,,SOPRA,"riferimento g10mai_1k_iii, cond 1"
gm10x0_1k_iii_i,l29d2_iii,1000,3.818,10a0,100k,A_ins,MAINJACK,12.72,1.024490,2.000,SOPRA,riferimento g10sempre_1k_iii
gm10x0_1k_iii_i,l29d2_iii,1000,3.818,10a0,100k,A_rel,MAINJACK,12.71,3.024021,2.000,SOPRA,riferimento g10mai_1k_iii
gm10x0_1k_iii_i,l29d2_iii,1000,3.818,10a0,100k,B2,MAINJACK,0.006736,1.050885,,SOPRA,mute da t_ins+t_grad+20 ms a t_rel
gm10x0_1k_iii_i,l29d2_iii,1000,3.818,10a0,100k,B2g,MAINJACK,1.345e-05,2.511781,,sotto,jack grezzo da t_ins+t_grad+20 ms a t_rel (ADR-063)
gm10x0_1k_iii_i,l29d2_iii,1000,3.818,10a0,100k,C1_ins,MAINJACK,7.066,1.024490,,SOPRA,"diagnostica, cond 1"
gm10x0_1k_iii_i,l29d2_iii,1000,3.818,10a0,100k,C1_rel,MAINJACK,1.145e-05,3.009885,,sotto,"diagnostica, cond 1"
gm10x0_1k_iii_i,l29d2_iii,1000,3.818,10a0,100k,C2_ins,MAINJACK,7.066,1.024490,,SOPRA,"riferimento g10sempre_1k_iii, cond 1"
gm10x0_1k_iii_i,l29d2_iii,1000,3.818,10a0,100k,C2_rel,MAINJACK,0.0005018,3.018510,,sotto,"riferimento g10mai_1k_iii, cond 1"
gm10x0_1k_iii_i,l29d2_iii,1000,3.818,10a0,100k,A_ins,FIXJACK1,4.039,1.024490,2.000,SOPRA,riferimento g10sempre_1k_iii
gm10x0_1k_iii_i,l29d2_iii,1000,3.818,10a0,100k,A_rel,FIXJACK1,4.035,3.024021,2.000,SOPRA,riferimento g10mai_1k_iii
gm10x0_1k_iii_i,l29d2_iii,1000,3.818,10a0,100k,B2,FIXJACK1,0.002141,1.050885,,SOPRA,mute da t_ins+t_grad+20 ms a t_rel
gm10x0_1k_iii_i,l29d2_iii,1000,3.818,10a0,100k,B2g,FIXJACK1,4.265e-06,2.511781,,sotto,jack grezzo da t_ins+t_grad+20 ms a t_rel (ADR-063)
gm10x0_1k_iii_i,l29d2_iii,1000,3.818,10a0,100k,C1_ins,FIXJACK1,2.244,1.024490,,SOPRA,"diagnostica, cond 1"
gm10x0_1k_iii_i,l29d2_iii,1000,3.818,10a0,100k,C1_rel,FIXJACK1,3.632e-06,3.009885,,sotto,"diagnostica, cond 1"
gm10x0_1k_iii_i,l29d2_iii,1000,3.818,10a0,100k,C2_ins,FIXJACK1,2.244,1.024490,,SOPRA,"riferimento g10sempre_1k_iii, cond 1"
gm10x0_1k_iii_i,l29d2_iii,1000,3.818,10a0,100k,C2_rel,FIXJACK1,2.049e-05,3.017406,,sotto,"riferimento g10mai_1k_iii, cond 1"
gm10x0_1k_iii_i,l29d2_iii,1000,3.818,10a0,100k,A_ins,FIXJACK2,4.039,1.024490,2.000,SOPRA,riferimento g10sempre_1k_iii
gm10x0_1k_iii_i,l29d2_iii,1000,3.818,10a0,100k,A_rel,FIXJACK2,4.035,3.024021,2.000,SOPRA,riferimento g10mai_1k_iii
gm10x0_1k_iii_i,l29d2_iii,1000,3.818,10a0,100k,B2,FIXJACK2,0.002141,1.050885,,SOPRA,mute da t_ins+t_grad+20 ms a t_rel
gm10x0_1k_iii_i,l29d2_iii,1000,3.818,10a0,100k,B2g,FIXJACK2,4.265e-06,2.511781,,sotto,jack grezzo da t_ins+t_grad+20 ms a t_rel (ADR-063)
gm10x0_1k_iii_i,l29d2_iii,1000,3.818,10a0,100k,C1_ins,FIXJACK2,2.244,1.024490,,SOPRA,"diagnostica, cond 1"
gm10x0_1k_iii_i,l29d2_iii,1000,3.818,10a0,100k,C1_rel,FIXJACK2,3.632e-06,3.009885,,sotto,"diagnostica, cond 1"
gm10x0_1k_iii_i,l29d2_iii,1000,3.818,10a0,100k,C2_ins,FIXJACK2,2.244,1.024490,,SOPRA,"riferimento g10sempre_1k_iii, cond 1"
gm10x0_1k_iii_i,l29d2_iii,1000,3.818,10a0,100k,C2_rel,FIXJACK2,2.049e-05,3.017406,,sotto,"riferimento g10mai_1k_iii, cond 1"
gm10x0_1k_iii_c,l29d2_iii,1000,3.818,10a0,100k,A_ins,MAINJACK,9.168e-06,3.041469,2.000,sotto,riferimento g0sempre_1k_iii
gm10x0_1k_iii_c,l29d2_iii,1000,3.818,10a0,100k,A_rel,MAINJACK,4.033,5.024021,2.000,SOPRA,riferimento g0mai_1k_iii
gm10x0_1k_iii_c,l29d2_iii,1000,3.818,10a0,100k,B2,MAINJACK,8.971e-06,3.044354,,sotto,mute da t_ins+t_grad+20 ms a t_rel
gm10x0_1k_iii_c,l29d2_iii,1000,3.818,10a0,100k,B2g,MAINJACK,1.23e-05,3.524281,,sotto,jack grezzo da t_ins+t_grad+20 ms a t_rel (ADR-063)
gm10x0_1k_iii_c,l29d2_iii,1000,3.818,10a0,100k,C1_ins,MAINJACK,1.145e-05,3.009885,,sotto,"diagnostica, cond 1"
gm10x0_1k_iii_c,l29d2_iii,1000,3.818,10a0,100k,C1_rel,MAINJACK,3.868,5.049042,,SOPRA,"diagnostica, cond 1"
gm10x0_1k_iii_c,l29d2_iii,1000,3.818,10a0,100k,C2_ins,MAINJACK,1.145e-05,3.009885,,sotto,"riferimento g0sempre_1k_iii, cond 1"
gm10x0_1k_iii_c,l29d2_iii,1000,3.818,10a0,100k,C2_rel,MAINJACK,3.868,5.049042,,SOPRA,"riferimento g0mai_1k_iii, cond 1"
gm10x0_1k_iii_c,l29d2_iii,1000,3.818,10a0,100k,A_ins,FIXJACK1,2.954e-06,3.024771,2.000,sotto,riferimento g0sempre_1k_iii
gm10x0_1k_iii_c,l29d2_iii,1000,3.818,10a0,100k,A_rel,FIXJACK1,4.034,5.024021,2.000,SOPRA,riferimento g0mai_1k_iii
gm10x0_1k_iii_c,l29d2_iii,1000,3.818,10a0,100k,B2,FIXJACK1,2.902e-06,3.218510,,sotto,mute da t_ins+t_grad+20 ms a t_rel
gm10x0_1k_iii_c,l29d2_iii,1000,3.818,10a0,100k,B2g,FIXJACK1,4.041e-06,3.044281,,sotto,jack grezzo da t_ins+t_grad+20 ms a t_rel (ADR-063)
gm10x0_1k_iii_c,l29d2_iii,1000,3.818,10a0,100k,C1_ins,FIXJACK1,3.632e-06,3.009885,,sotto,"diagnostica, cond 1"
gm10x0_1k_iii_c,l29d2_iii,1000,3.818,10a0,100k,C1_rel,FIXJACK1,3.876,5.049042,,SOPRA,"diagnostica, cond 1"
gm10x0_1k_iii_c,l29d2_iii,1000,3.818,10a0,100k,C2_ins,FIXJACK1,3.632e-06,3.009885,,sotto,"riferimento g0sempre_1k_iii, cond 1"
gm10x0_1k_iii_c,l29d2_iii,1000,3.818,10a0,100k,C2_rel,FIXJACK1,3.876,5.049042,,SOPRA,"riferimento g0mai_1k_iii, cond 1"
gm10x0_1k_iii_c,l29d2_iii,1000,3.818,10a0,100k,A_ins,FIXJACK2,2.954e-06,3.024771,2.000,sotto,riferimento g0sempre_1k_iii
gm10x0_1k_iii_c,l29d2_iii,1000,3.818,10a0,100k,A_rel,FIXJACK2,4.034,5.024021,2.000,SOPRA,riferimento g0mai_1k_iii
gm10x0_1k_iii_c,l29d2_iii,1000,3.818,10a0,100k,B2,FIXJACK2,2.902e-06,3.218510,,sotto,mute da t_ins+t_grad+20 ms a t_rel
gm10x0_1k_iii_c,l29d2_iii,1000,3.818,10a0,100k,B2g,FIXJACK2,4.041e-06,3.044281,,sotto,jack grezzo da t_ins+t_grad+20 ms a t_rel (ADR-063)
gm10x0_1k_iii_c,l29d2_iii,1000,3.818,10a0,100k,C1_ins,FIXJACK2,3.632e-06,3.009885,,sotto,"diagnostica, cond 1"
gm10x0_1k_iii_c,l29d2_iii,1000,3.818,10a0,100k,C1_rel,FIXJACK2,3.876,5.049042,,SOPRA,"diagnostica, cond 1"
gm10x0_1k_iii_c,l29d2_iii,1000,3.818,10a0,100k,C2_ins,FIXJACK2,3.632e-06,3.009885,,sotto,"riferimento g0sempre_1k_iii, cond 1"
gm10x0_1k_iii_c,l29d2_iii,1000,3.818,10a0,100k,C2_rel,FIXJACK2,3.876,5.049042,,SOPRA,"riferimento g0mai_1k_iii, cond 1"
gm0x3_20_iii_i,l29d2_iii,20,3.818,0a3,100k,A_ins,MAINJACK,4.01,1.000031,2.000,SOPRA,riferimento g0sempre_20_iii
gm0x3_20_iii_i,l29d2_iii,20,3.818,0a3,100k,A_rel,MAINJACK,4.044,3.024031,2.000,SOPRA,riferimento g0mai_20_iii
gm0x3_20_iii_i,l29d2_iii,20,3.818,0a3,100k,B2,MAINJACK,0.2658,1.050521,,SOPRA,mute da t_ins+t_grad+20 ms a t_rel
gm0x3_20_iii_i,l29d2_iii,20,3.818,0a3,100k,B2g,MAINJACK,1.154e-05,1.051438,,sotto,jack grezzo da t_ins+t_grad+20 ms a t_rel (ADR-063)
gm0x3_20_iii_i,l29d2_iii,20,3.818,0a3,100k,C1_ins,MAINJACK,2.906,1.024042,,SOPRA,"diagnostica, cond 7.22"
gm0x3_20_iii_i,l29d2_iii,20,3.818,0a3,100k,C1_rel,MAINJACK,1.613e-05,3.024531,,sotto,"diagnostica, cond 7.22"
gm0x3_20_iii_i,l29d2_iii,20,3.818,0a3,100k,C2_ins,MAINJACK,2.906,1.024042,,SOPRA,"riferimento g0sempre_20_iii, cond 7.22"
gm0x3_20_iii_i,l29d2_iii,20,3.818,0a3,100k,C2_rel,MAINJACK,1.61e-05,3.024531,,sotto,"riferimento g0mai_20_iii, cond 7.22"
gm0x3_20_iii_i,l29d2_iii,20,3.818,0a3,100k,A_ins,FIXJACK1,4.063,1.000031,2.000,SOPRA,riferimento g0sempre_20_iii
gm0x3_20_iii_i,l29d2_iii,20,3.818,0a3,100k,A_rel,FIXJACK1,4.045,3.024031,2.000,SOPRA,riferimento g0mai_20_iii
gm0x3_20_iii_i,l29d2_iii,20,3.818,0a3,100k,B2,FIXJACK1,0.2296,1.051375,,SOPRA,mute da t_ins+t_grad+20 ms a t_rel
gm0x3_20_iii_i,l29d2_iii,20,3.818,0a3,100k,B2g,FIXJACK1,1.168e-05,1.051937,,sotto,jack grezzo da t_ins+t_grad+20 ms a t_rel (ADR-063)
gm0x3_20_iii_i,l29d2_iii,20,3.818,0a3,100k,C1_ins,FIXJACK1,2.861,1.024042,,SOPRA,"diagnostica, cond 7.22"
gm0x3_20_iii_i,l29d2_iii,20,3.818,0a3,100k,C1_rel,FIXJACK1,1.502e-05,3.024531,,sotto,"diagnostica, cond 7.22"
gm0x3_20_iii_i,l29d2_iii,20,3.818,0a3,100k,C2_ins,FIXJACK1,2.861,1.024042,,SOPRA,"riferimento g0sempre_20_iii, cond 7.22"
gm0x3_20_iii_i,l29d2_iii,20,3.818,0a3,100k,C2_rel,FIXJACK1,1.494e-05,3.024531,,sotto,"riferimento g0mai_20_iii, cond 7.22"
gm0x3_20_iii_i,l29d2_iii,20,3.818,0a3,100k,A_ins,FIXJACK2,4.063,1.000031,2.000,SOPRA,riferimento g0sempre_20_iii
gm0x3_20_iii_i,l29d2_iii,20,3.818,0a3,100k,A_rel,FIXJACK2,4.045,3.024031,2.000,SOPRA,riferimento g0mai_20_iii
gm0x3_20_iii_i,l29d2_iii,20,3.818,0a3,100k,B2,FIXJACK2,0.2296,1.051375,,SOPRA,mute da t_ins+t_grad+20 ms a t_rel
gm0x3_20_iii_i,l29d2_iii,20,3.818,0a3,100k,B2g,FIXJACK2,1.168e-05,1.051937,,sotto,jack grezzo da t_ins+t_grad+20 ms a t_rel (ADR-063)
gm0x3_20_iii_i,l29d2_iii,20,3.818,0a3,100k,C1_ins,FIXJACK2,2.861,1.024042,,SOPRA,"diagnostica, cond 7.22"
gm0x3_20_iii_i,l29d2_iii,20,3.818,0a3,100k,C1_rel,FIXJACK2,1.502e-05,3.024531,,sotto,"diagnostica, cond 7.22"
gm0x3_20_iii_i,l29d2_iii,20,3.818,0a3,100k,C2_ins,FIXJACK2,2.861,1.024042,,SOPRA,"riferimento g0sempre_20_iii, cond 7.22"
gm0x3_20_iii_i,l29d2_iii,20,3.818,0a3,100k,C2_rel,FIXJACK2,1.494e-05,3.024531,,sotto,"riferimento g0mai_20_iii, cond 7.22"
gm0x3_20_iii_c,l29d2_iii,20,3.818,0a3,100k,A_ins,MAINJACK,1.615e-05,3.024531,2.000,sotto,riferimento g3sempre_20_iii
gm0x3_20_iii_c,l29d2_iii,20,3.818,0a3,100k,A_rel,MAINJACK,5.743,5.024031,2.000,SOPRA,riferimento g3mai_20_iii
gm0x3_20_iii_c,l29d2_iii,20,3.818,0a3,100k,B2,MAINJACK,2.103e-07,3.050854,,sotto,mute da t_ins+t_grad+20 ms a t_rel
gm0x3_20_iii_c,l29d2_iii,20,3.818,0a3,100k,B2g,MAINJACK,1.15e-05,5.001344,,sotto,jack grezzo da t_ins+t_grad+20 ms a t_rel (ADR-063)
gm0x3_20_iii_c,l29d2_iii,20,3.818,0a3,100k,C1_ins,MAINJACK,1.613e-05,3.024531,,sotto,"diagnostica, cond 7.22"
gm0x3_20_iii_c,l29d2_iii,20,3.818,0a3,100k,C1_rel,MAINJACK,0.2174,5.050771,,SOPRA,"diagnostica, cond 7.22"
gm0x3_20_iii_c,l29d2_iii,20,3.818,0a3,100k,C2_ins,MAINJACK,1.613e-05,3.024531,,sotto,"riferimento g3sempre_20_iii, cond 7.22"
gm0x3_20_iii_c,l29d2_iii,20,3.818,0a3,100k,C2_rel,MAINJACK,0.2174,5.050771,,SOPRA,"riferimento g3mai_20_iii, cond 7.22"
gm0x3_20_iii_c,l29d2_iii,20,3.818,0a3,100k,A_ins,FIXJACK1,1.503e-05,3.024531,2.000,sotto,riferimento g3sempre_20_iii
gm0x3_20_iii_c,l29d2_iii,20,3.818,0a3,100k,A_rel,FIXJACK1,4.045,5.024031,2.000,SOPRA,riferimento g3mai_20_iii
gm0x3_20_iii_c,l29d2_iii,20,3.818,0a3,100k,B2,FIXJACK1,2.116e-07,3.050854,,sotto,mute da t_ins+t_grad+20 ms a t_rel
gm0x3_20_iii_c,l29d2_iii,20,3.818,0a3,100k,B2g,FIXJACK1,1.165e-05,5.002344,,sotto,jack grezzo da t_ins+t_grad+20 ms a t_rel (ADR-063)
gm0x3_20_iii_c,l29d2_iii,20,3.818,0a3,100k,C1_ins,FIXJACK1,1.502e-05,3.024531,,sotto,"diagnostica, cond 7.22"
gm0x3_20_iii_c,l29d2_iii,20,3.818,0a3,100k,C1_rel,FIXJACK1,0.1685,5.051094,,SOPRA,"diagnostica, cond 7.22"
gm0x3_20_iii_c,l29d2_iii,20,3.818,0a3,100k,C2_ins,FIXJACK1,1.502e-05,3.024531,,sotto,"riferimento g3sempre_20_iii, cond 7.22"
gm0x3_20_iii_c,l29d2_iii,20,3.818,0a3,100k,C2_rel,FIXJACK1,0.1685,5.051094,,SOPRA,"riferimento g3mai_20_iii, cond 7.22"
gm0x3_20_iii_c,l29d2_iii,20,3.818,0a3,100k,A_ins,FIXJACK2,1.503e-05,3.024531,2.000,sotto,riferimento g3sempre_20_iii
gm0x3_20_iii_c,l29d2_iii,20,3.818,0a3,100k,A_rel,FIXJACK2,4.045,5.024031,2.000,SOPRA,riferimento g3mai_20_iii
gm0x3_20_iii_c,l29d2_iii,20,3.818,0a3,100k,B2,FIXJACK2,2.116e-07,3.050854,,sotto,mute da t_ins+t_grad+20 ms a t_rel
gm0x3_20_iii_c,l29d2_iii,20,3.818,0a3,100k,B2g,FIXJACK2,1.165e-05,5.002344,,sotto,jack grezzo da t_ins+t_grad+20 ms a t_rel (ADR-063)
gm0x3_20_iii_c,l29d2_iii,20,3.818,0a3,100k,C1_ins,FIXJACK2,1.502e-05,3.024531,,sotto,"diagnostica, cond 7.22"
gm0x3_20_iii_c,l29d2_iii,20,3.818,0a3,100k,C1_rel,FIXJACK2,0.1685,5.051094,,SOPRA,"diagnostica, cond 7.22"
gm0x3_20_iii_c,l29d2_iii,20,3.818,0a3,100k,C2_ins,FIXJACK2,1.502e-05,3.024531,,sotto,"riferimento g3sempre_20_iii, cond 7.22"
gm0x3_20_iii_c,l29d2_iii,20,3.818,0a3,100k,C2_rel,FIXJACK2,0.1685,5.051094,,SOPRA,"riferimento g3mai_20_iii, cond 7.22"
gm3x0_20_iii_i,l29d2_iii,20,3.818,3a0,100k,A_ins,MAINJACK,5.694,1.000031,2.000,SOPRA,riferimento g3sempre_20_iii
gm3x0_20_iii_i,l29d2_iii,20,3.818,3a0,100k,A_rel,MAINJACK,5.743,3.024031,2.000,SOPRA,riferimento g3mai_20_iii
gm3x0_20_iii_i,l29d2_iii,20,3.818,3a0,100k,B2,MAINJACK,0.3774,1.050521,,SOPRA,mute da t_ins+t_grad+20 ms a t_rel
gm3x0_20_iii_i,l29d2_iii,20,3.818,3a0,100k,B2g,MAINJACK,2.226e-05,3.023990,,sotto,jack grezzo da t_ins+t_grad+20 ms a t_rel (ADR-063)
gm3x0_20_iii_i,l29d2_iii,20,3.818,3a0,100k,C1_ins,MAINJACK,4.127,1.024042,,SOPRA,"diagnostica, cond 7.22"
gm3x0_20_iii_i,l29d2_iii,20,3.818,3a0,100k,C1_rel,MAINJACK,1.488e-05,3.024427,,sotto,"diagnostica, cond 7.22"
gm3x0_20_iii_i,l29d2_iii,20,3.818,3a0,100k,C2_ins,MAINJACK,4.127,1.024042,,SOPRA,"riferimento g3sempre_20_iii, cond 7.22"
gm3x0_20_iii_i,l29d2_iii,20,3.818,3a0,100k,C2_rel,MAINJACK,1.441e-05,3.024427,,sotto,"riferimento g3mai_20_iii, cond 7.22"
gm3x0_20_iii_i,l29d2_iii,20,3.818,3a0,100k,A_ins,FIXJACK1,4.063,1.000031,2.000,SOPRA,riferimento g3sempre_20_iii
gm3x0_20_iii_i,l29d2_iii,20,3.818,3a0,100k,A_rel,FIXJACK1,4.045,3.024031,2.000,SOPRA,riferimento g3mai_20_iii
gm3x0_20_iii_i,l29d2_iii,20,3.818,3a0,100k,B2,FIXJACK1,0.2296,1.051385,,SOPRA,mute da t_ins+t_grad+20 ms a t_rel
gm3x0_20_iii_i,l29d2_iii,20,3.818,3a0,100k,B2g,FIXJACK1,1.584e-05,3.023990,,sotto,jack grezzo da t_ins+t_grad+20 ms a t_rel (ADR-063)
gm3x0_20_iii_i,l29d2_iii,20,3.818,3a0,100k,C1_ins,FIXJACK1,2.861,1.024042,,SOPRA,"diagnostica, cond 7.22"
gm3x0_20_iii_i,l29d2_iii,20,3.818,3a0,100k,C1_rel,FIXJACK1,1.052e-05,3.024427,,sotto,"diagnostica, cond 7.22"
gm3x0_20_iii_i,l29d2_iii,20,3.818,3a0,100k,C2_ins,FIXJACK1,2.861,1.024042,,SOPRA,"riferimento g3sempre_20_iii, cond 7.22"
gm3x0_20_iii_i,l29d2_iii,20,3.818,3a0,100k,C2_rel,FIXJACK1,1.06e-05,3.024427,,sotto,"riferimento g3mai_20_iii, cond 7.22"
gm3x0_20_iii_i,l29d2_iii,20,3.818,3a0,100k,A_ins,FIXJACK2,4.063,1.000031,2.000,SOPRA,riferimento g3sempre_20_iii
gm3x0_20_iii_i,l29d2_iii,20,3.818,3a0,100k,A_rel,FIXJACK2,4.045,3.024031,2.000,SOPRA,riferimento g3mai_20_iii
gm3x0_20_iii_i,l29d2_iii,20,3.818,3a0,100k,B2,FIXJACK2,0.2296,1.051385,,SOPRA,mute da t_ins+t_grad+20 ms a t_rel
gm3x0_20_iii_i,l29d2_iii,20,3.818,3a0,100k,B2g,FIXJACK2,1.584e-05,3.023990,,sotto,jack grezzo da t_ins+t_grad+20 ms a t_rel (ADR-063)
gm3x0_20_iii_i,l29d2_iii,20,3.818,3a0,100k,C1_ins,FIXJACK2,2.861,1.024042,,SOPRA,"diagnostica, cond 7.22"
gm3x0_20_iii_i,l29d2_iii,20,3.818,3a0,100k,C1_rel,FIXJACK2,1.052e-05,3.024427,,sotto,"diagnostica, cond 7.22"
gm3x0_20_iii_i,l29d2_iii,20,3.818,3a0,100k,C2_ins,FIXJACK2,2.861,1.024042,,SOPRA,"riferimento g3sempre_20_iii, cond 7.22"
gm3x0_20_iii_i,l29d2_iii,20,3.818,3a0,100k,C2_rel,FIXJACK2,1.06e-05,3.024427,,sotto,"riferimento g3mai_20_iii, cond 7.22"
gm3x0_20_iii_c,l29d2_iii,20,3.818,3a0,100k,A_ins,MAINJACK,1.483e-05,3.024427,2.000,sotto,riferimento g0sempre_20_iii
gm3x0_20_iii_c,l29d2_iii,20,3.818,3a0,100k,A_rel,MAINJACK,4.044,5.024031,2.000,SOPRA,riferimento g0mai_20_iii
gm3x0_20_iii_c,l29d2_iii,20,3.818,3a0,100k,B2,MAINJACK,3.187e-07,3.050323,,sotto,mute da t_ins+t_grad+20 ms a t_rel
gm3x0_20_iii_c,l29d2_iii,20,3.818,3a0,100k,B2g,MAINJACK,1.846e-05,4.001313,,sotto,jack grezzo da t_ins+t_grad+20 ms a t_rel (ADR-063)
gm3x0_20_iii_c,l29d2_iii,20,3.818,3a0,100k,C1_ins,MAINJACK,1.488e-05,3.024427,,sotto,"diagnostica, cond 7.22"
gm3x0_20_iii_c,l29d2_iii,20,3.818,3a0,100k,C1_rel,MAINJACK,0.1536,5.050729,,SOPRA,"diagnostica, cond 7.22"
gm3x0_20_iii_c,l29d2_iii,20,3.818,3a0,100k,C2_ins,MAINJACK,1.488e-05,3.024427,,sotto,"riferimento g0sempre_20_iii, cond 7.22"
gm3x0_20_iii_c,l29d2_iii,20,3.818,3a0,100k,C2_rel,MAINJACK,0.1536,5.050729,,SOPRA,"riferimento g0mai_20_iii, cond 7.22"
gm3x0_20_iii_c,l29d2_iii,20,3.818,3a0,100k,A_ins,FIXJACK1,1.049e-05,3.024427,2.000,sotto,riferimento g0sempre_20_iii
gm3x0_20_iii_c,l29d2_iii,20,3.818,3a0,100k,A_rel,FIXJACK1,4.045,5.024031,2.000,SOPRA,riferimento g0mai_20_iii
gm3x0_20_iii_c,l29d2_iii,20,3.818,3a0,100k,B2,FIXJACK1,2.267e-07,3.049823,,sotto,mute da t_ins+t_grad+20 ms a t_rel
gm3x0_20_iii_c,l29d2_iii,20,3.818,3a0,100k,B2g,FIXJACK1,1.314e-05,4.002313,,sotto,jack grezzo da t_ins+t_grad+20 ms a t_rel (ADR-063)
gm3x0_20_iii_c,l29d2_iii,20,3.818,3a0,100k,C1_ins,FIXJACK1,1.052e-05,3.024427,,sotto,"diagnostica, cond 7.22"
gm3x0_20_iii_c,l29d2_iii,20,3.818,3a0,100k,C1_rel,FIXJACK1,0.1688,5.051104,,SOPRA,"diagnostica, cond 7.22"
gm3x0_20_iii_c,l29d2_iii,20,3.818,3a0,100k,C2_ins,FIXJACK1,1.052e-05,3.024427,,sotto,"riferimento g0sempre_20_iii, cond 7.22"
gm3x0_20_iii_c,l29d2_iii,20,3.818,3a0,100k,C2_rel,FIXJACK1,0.1688,5.051104,,SOPRA,"riferimento g0mai_20_iii, cond 7.22"
gm3x0_20_iii_c,l29d2_iii,20,3.818,3a0,100k,A_ins,FIXJACK2,1.049e-05,3.024427,2.000,sotto,riferimento g0sempre_20_iii
gm3x0_20_iii_c,l29d2_iii,20,3.818,3a0,100k,A_rel,FIXJACK2,4.045,5.024031,2.000,SOPRA,riferimento g0mai_20_iii
gm3x0_20_iii_c,l29d2_iii,20,3.818,3a0,100k,B2,FIXJACK2,2.267e-07,3.049823,,sotto,mute da t_ins+t_grad+20 ms a t_rel
gm3x0_20_iii_c,l29d2_iii,20,3.818,3a0,100k,B2g,FIXJACK2,1.314e-05,4.002313,,sotto,jack grezzo da t_ins+t_grad+20 ms a t_rel (ADR-063)
gm3x0_20_iii_c,l29d2_iii,20,3.818,3a0,100k,C1_ins,FIXJACK2,1.052e-05,3.024427,,sotto,"diagnostica, cond 7.22"
gm3x0_20_iii_c,l29d2_iii,20,3.818,3a0,100k,C1_rel,FIXJACK2,0.1688,5.051104,,SOPRA,"diagnostica, cond 7.22"
gm3x0_20_iii_c,l29d2_iii,20,3.818,3a0,100k,C2_ins,FIXJACK2,1.052e-05,3.024427,,sotto,"riferimento g0sempre_20_iii, cond 7.22"
gm3x0_20_iii_c,l29d2_iii,20,3.818,3a0,100k,C2_rel,FIXJACK2,0.1688,5.051104,,SOPRA,"riferimento g0mai_20_iii, cond 7.22"
gm3x10_20_iii_i,l29d2_iii,20,3.818,3a10,100k,A_ins,MAINJACK,5.694,1.000031,2.000,SOPRA,riferimento g3sempre_20_iii
gm3x10_20_iii_i,l29d2_iii,20,3.818,3a10,100k,A_rel,MAINJACK,5.743,3.024031,2.000,SOPRA,riferimento g3mai_20_iii
gm3x10_20_iii_i,l29d2_iii,20,3.818,3a10,100k,B2,MAINJACK,0.3774,1.050521,,SOPRA,mute da t_ins+t_grad+20 ms a t_rel
gm3x10_20_iii_i,l29d2_iii,20,3.818,3a10,100k,B2g,MAINJACK,2.24e-05,3.023990,,sotto,jack grezzo da t_ins+t_grad+20 ms a t_rel (ADR-063)
gm3x10_20_iii_i,l29d2_iii,20,3.818,3a10,100k,C1_ins,MAINJACK,4.127,1.024042,,SOPRA,"diagnostica, cond 7.22"
gm3x10_20_iii_i,l29d2_iii,20,3.818,3a10,100k,C1_rel,MAINJACK,2.388e-05,3.024156,,sotto,"diagnostica, cond 7.22"
gm3x10_20_iii_i,l29d2_iii,20,3.818,3a10,100k,C2_ins,MAINJACK,4.127,1.024042,,SOPRA,"riferimento g3sempre_20_iii, cond 7.22"
gm3x10_20_iii_i,l29d2_iii,20,3.818,3a10,100k,C2_rel,MAINJACK,2.435e-05,3.024156,,sotto,"riferimento g3mai_20_iii, cond 7.22"
gm3x10_20_iii_i,l29d2_iii,20,3.818,3a10,100k,A_ins,FIXJACK1,4.063,1.000031,2.000,SOPRA,riferimento g3sempre_20_iii
gm3x10_20_iii_i,l29d2_iii,20,3.818,3a10,100k,A_rel,FIXJACK1,4.045,3.024031,2.000,SOPRA,riferimento g3mai_20_iii
gm3x10_20_iii_i,l29d2_iii,20,3.818,3a10,100k,B2,FIXJACK1,0.2296,1.051385,,SOPRA,mute da t_ins+t_grad+20 ms a t_rel
gm3x10_20_iii_i,l29d2_iii,20,3.818,3a10,100k,B2g,FIXJACK1,1.595e-05,3.023990,,sotto,jack grezzo da t_ins+t_grad+20 ms a t_rel (ADR-063)
gm3x10_20_iii_i,l29d2_iii,20,3.818,3a10,100k,C1_ins,FIXJACK1,2.861,1.024042,,SOPRA,"diagnostica, cond 7.22"
gm3x10_20_iii_i,l29d2_iii,20,3.818,3a10,100k,C1_rel,FIXJACK1,1.702e-05,3.024156,,sotto,"diagnostica, cond 7.22"
gm3x10_20_iii_i,l29d2_iii,20,3.818,3a10,100k,C2_ins,FIXJACK1,2.861,1.024042,,SOPRA,"riferimento g3sempre_20_iii, cond 7.22"
gm3x10_20_iii_i,l29d2_iii,20,3.818,3a10,100k,C2_rel,FIXJACK1,1.691e-05,3.024156,,sotto,"riferimento g3mai_20_iii, cond 7.22"
gm3x10_20_iii_i,l29d2_iii,20,3.818,3a10,100k,A_ins,FIXJACK2,4.063,1.000031,2.000,SOPRA,riferimento g3sempre_20_iii
gm3x10_20_iii_i,l29d2_iii,20,3.818,3a10,100k,A_rel,FIXJACK2,4.045,3.024031,2.000,SOPRA,riferimento g3mai_20_iii
gm3x10_20_iii_i,l29d2_iii,20,3.818,3a10,100k,B2,FIXJACK2,0.2296,1.051385,,SOPRA,mute da t_ins+t_grad+20 ms a t_rel
gm3x10_20_iii_i,l29d2_iii,20,3.818,3a10,100k,B2g,FIXJACK2,1.595e-05,3.023990,,sotto,jack grezzo da t_ins+t_grad+20 ms a t_rel (ADR-063)
gm3x10_20_iii_i,l29d2_iii,20,3.818,3a10,100k,C1_ins,FIXJACK2,2.861,1.024042,,SOPRA,"diagnostica, cond 7.22"
gm3x10_20_iii_i,l29d2_iii,20,3.818,3a10,100k,C1_rel,FIXJACK2,1.702e-05,3.024156,,sotto,"diagnostica, cond 7.22"
gm3x10_20_iii_i,l29d2_iii,20,3.818,3a10,100k,C2_ins,FIXJACK2,2.861,1.024042,,SOPRA,"riferimento g3sempre_20_iii, cond 7.22"
gm3x10_20_iii_i,l29d2_iii,20,3.818,3a10,100k,C2_rel,FIXJACK2,1.692e-05,3.024156,,sotto,"riferimento g3mai_20_iii, cond 7.22"
gm3x10_20_iii_c,l29d2_iii,20,3.818,3a10,100k,A_ins,MAINJACK,2.397e-05,3.024156,2.000,sotto,riferimento g10sempre_20_iii
gm3x10_20_iii_c,l29d2_iii,20,3.818,3a10,100k,A_rel,MAINJACK,12.74,5.024031,2.000,SOPRA,riferimento g10mai_20_iii
gm3x10_20_iii_c,l29d2_iii,20,3.818,3a10,100k,B2,MAINJACK,2.513e-07,3.050667,,sotto,mute da t_ins+t_grad+20 ms a t_rel
gm3x10_20_iii_c,l29d2_iii,20,3.818,3a10,100k,B2g,MAINJACK,1.821e-05,4.001417,,sotto,jack grezzo da t_ins+t_grad+20 ms a t_rel (ADR-063)
gm3x10_20_iii_c,l29d2_iii,20,3.818,3a10,100k,C1_ins,MAINJACK,2.388e-05,3.024156,,sotto,"diagnostica, cond 7.22"
gm3x10_20_iii_c,l29d2_iii,20,3.818,3a10,100k,C1_rel,MAINJACK,0.4822,5.050677,,SOPRA,"diagnostica, cond 7.22"
gm3x10_20_iii_c,l29d2_iii,20,3.818,3a10,100k,C2_ins,MAINJACK,2.388e-05,3.024156,,sotto,"riferimento g10sempre_20_iii, cond 7.22"
gm3x10_20_iii_c,l29d2_iii,20,3.818,3a10,100k,C2_rel,MAINJACK,0.4822,5.050677,,SOPRA,"riferimento g10mai_20_iii, cond 7.22"
gm3x10_20_iii_c,l29d2_iii,20,3.818,3a10,100k,A_ins,FIXJACK1,1.707e-05,3.024156,2.000,sotto,riferimento g10sempre_20_iii
gm3x10_20_iii_c,l29d2_iii,20,3.818,3a10,100k,A_rel,FIXJACK1,4.045,5.024031,2.000,SOPRA,riferimento g10mai_20_iii
gm3x10_20_iii_c,l29d2_iii,20,3.818,3a10,100k,B2,FIXJACK1,1.754e-07,3.050667,,sotto,mute da t_ins+t_grad+20 ms a t_rel
gm3x10_20_iii_c,l29d2_iii,20,3.818,3a10,100k,B2g,FIXJACK1,1.296e-05,4.001917,,sotto,jack grezzo da t_ins+t_grad+20 ms a t_rel (ADR-063)
gm3x10_20_iii_c,l29d2_iii,20,3.818,3a10,100k,C1_ins,FIXJACK1,1.702e-05,3.024156,,sotto,"diagnostica, cond 7.22"
gm3x10_20_iii_c,l29d2_iii,20,3.818,3a10,100k,C1_rel,FIXJACK1,0.1684,5.051177,,SOPRA,"diagnostica, cond 7.22"
gm3x10_20_iii_c,l29d2_iii,20,3.818,3a10,100k,C2_ins,FIXJACK1,1.702e-05,3.024156,,sotto,"riferimento g10sempre_20_iii, cond 7.22"
gm3x10_20_iii_c,l29d2_iii,20,3.818,3a10,100k,C2_rel,FIXJACK1,0.1684,5.051177,,SOPRA,"riferimento g10mai_20_iii, cond 7.22"
gm3x10_20_iii_c,l29d2_iii,20,3.818,3a10,100k,A_ins,FIXJACK2,1.707e-05,3.024156,2.000,sotto,riferimento g10sempre_20_iii
gm3x10_20_iii_c,l29d2_iii,20,3.818,3a10,100k,A_rel,FIXJACK2,4.045,5.024031,2.000,SOPRA,riferimento g10mai_20_iii
gm3x10_20_iii_c,l29d2_iii,20,3.818,3a10,100k,B2,FIXJACK2,1.754e-07,3.050667,,sotto,mute da t_ins+t_grad+20 ms a t_rel
gm3x10_20_iii_c,l29d2_iii,20,3.818,3a10,100k,B2g,FIXJACK2,1.296e-05,4.001917,,sotto,jack grezzo da t_ins+t_grad+20 ms a t_rel (ADR-063)
gm3x10_20_iii_c,l29d2_iii,20,3.818,3a10,100k,C1_ins,FIXJACK2,1.702e-05,3.024156,,sotto,"diagnostica, cond 7.22"
gm3x10_20_iii_c,l29d2_iii,20,3.818,3a10,100k,C1_rel,FIXJACK2,0.1684,5.051177,,SOPRA,"diagnostica, cond 7.22"
gm3x10_20_iii_c,l29d2_iii,20,3.818,3a10,100k,C2_ins,FIXJACK2,1.702e-05,3.024156,,sotto,"riferimento g10sempre_20_iii, cond 7.22"
gm3x10_20_iii_c,l29d2_iii,20,3.818,3a10,100k,C2_rel,FIXJACK2,0.1684,5.051177,,SOPRA,"riferimento g10mai_20_iii, cond 7.22"
gm10x3_20_iii_i,l29d2_iii,20,3.818,10a3,100k,A_ins,MAINJACK,12.63,1.000031,2.000,SOPRA,riferimento g10sempre_20_iii
gm10x3_20_iii_i,l29d2_iii,20,3.818,10a3,100k,A_rel,MAINJACK,12.74,3.024031,2.000,SOPRA,riferimento g10mai_20_iii
gm10x3_20_iii_i,l29d2_iii,20,3.818,10a3,100k,B2,MAINJACK,0.8375,1.050521,,SOPRA,mute da t_ins+t_grad+20 ms a t_rel
gm10x3_20_iii_i,l29d2_iii,20,3.818,10a3,100k,B2g,MAINJACK,1.674e-06,3.001510,,sotto,jack grezzo da t_ins+t_grad+20 ms a t_rel (ADR-063)
gm10x3_20_iii_i,l29d2_iii,20,3.818,10a3,100k,C1_ins,MAINJACK,9.158,1.024042,,SOPRA,"diagnostica, cond 7.22"
gm10x3_20_iii_i,l29d2_iii,20,3.818,10a3,100k,C1_rel,MAINJACK,2.442e-06,3.024010,,sotto,"diagnostica, cond 7.22"
gm10x3_20_iii_i,l29d2_iii,20,3.818,10a3,100k,C2_ins,MAINJACK,9.158,1.024042,,SOPRA,"riferimento g10sempre_20_iii, cond 7.22"
gm10x3_20_iii_i,l29d2_iii,20,3.818,10a3,100k,C2_rel,MAINJACK,0.0003241,3.073927,,sotto,"riferimento g10mai_20_iii, cond 7.22"
gm10x3_20_iii_i,l29d2_iii,20,3.818,10a3,100k,A_ins,FIXJACK1,4.063,1.000031,2.000,SOPRA,riferimento g10sempre_20_iii
gm10x3_20_iii_i,l29d2_iii,20,3.818,10a3,100k,A_rel,FIXJACK1,4.045,3.024031,2.000,SOPRA,riferimento g10mai_20_iii
gm10x3_20_iii_i,l29d2_iii,20,3.818,10a3,100k,B2,FIXJACK1,0.2296,1.051375,,SOPRA,mute da t_ins+t_grad+20 ms a t_rel
gm10x3_20_iii_i,l29d2_iii,20,3.818,10a3,100k,B2g,FIXJACK1,4.523e-07,3.002010,,sotto,jack grezzo da t_ins+t_grad+20 ms a t_rel (ADR-063)
gm10x3_20_iii_i,l29d2_iii,20,3.818,10a3,100k,C1_ins,FIXJACK1,2.861,1.024042,,SOPRA,"diagnostica, cond 7.22"
gm10x3_20_iii_i,l29d2_iii,20,3.818,10a3,100k,C1_rel,FIXJACK1,4.486e-07,3.024552,,sotto,"diagnostica, cond 7.22"
gm10x3_20_iii_i,l29d2_iii,20,3.818,10a3,100k,C2_ins,FIXJACK1,2.861,1.024042,,SOPRA,"riferimento g10sempre_20_iii, cond 7.22"
gm10x3_20_iii_i,l29d2_iii,20,3.818,10a3,100k,C2_rel,FIXJACK1,1.432e-06,3.097740,,sotto,"riferimento g10mai_20_iii, cond 7.22"
gm10x3_20_iii_i,l29d2_iii,20,3.818,10a3,100k,A_ins,FIXJACK2,4.063,1.000031,2.000,SOPRA,riferimento g10sempre_20_iii
gm10x3_20_iii_i,l29d2_iii,20,3.818,10a3,100k,A_rel,FIXJACK2,4.045,3.024031,2.000,SOPRA,riferimento g10mai_20_iii
gm10x3_20_iii_i,l29d2_iii,20,3.818,10a3,100k,B2,FIXJACK2,0.2296,1.051375,,SOPRA,mute da t_ins+t_grad+20 ms a t_rel
gm10x3_20_iii_i,l29d2_iii,20,3.818,10a3,100k,B2g,FIXJACK2,4.523e-07,3.002010,,sotto,jack grezzo da t_ins+t_grad+20 ms a t_rel (ADR-063)
gm10x3_20_iii_i,l29d2_iii,20,3.818,10a3,100k,C1_ins,FIXJACK2,2.861,1.024042,,SOPRA,"diagnostica, cond 7.22"
gm10x3_20_iii_i,l29d2_iii,20,3.818,10a3,100k,C1_rel,FIXJACK2,4.486e-07,3.024552,,sotto,"diagnostica, cond 7.22"
gm10x3_20_iii_i,l29d2_iii,20,3.818,10a3,100k,C2_ins,FIXJACK2,2.861,1.024042,,SOPRA,"riferimento g10sempre_20_iii, cond 7.22"
gm10x3_20_iii_i,l29d2_iii,20,3.818,10a3,100k,C2_rel,FIXJACK2,1.432e-06,3.147740,,sotto,"riferimento g10mai_20_iii, cond 7.22"
gm10x3_20_iii_c,l29d2_iii,20,3.818,10a3,100k,A_ins,MAINJACK,2.902e-06,3.024010,2.000,sotto,riferimento g3sempre_20_iii
gm10x3_20_iii_c,l29d2_iii,20,3.818,10a3,100k,A_rel,MAINJACK,5.743,5.024031,2.000,SOPRA,riferimento g3mai_20_iii
gm10x3_20_iii_c,l29d2_iii,20,3.818,10a3,100k,B2,MAINJACK,3.863e-08,3.963740,,sotto,mute da t_ins+t_grad+20 ms a t_rel
gm10x3_20_iii_c,l29d2_iii,20,3.818,10a3,100k,B2g,MAINJACK,1.666e-06,3.976229,,sotto,jack grezzo da t_ins+t_grad+20 ms a t_rel (ADR-063)
gm10x3_20_iii_c,l29d2_iii,20,3.818,10a3,100k,C1_ins,MAINJACK,2.442e-06,3.024010,,sotto,"diagnostica, cond 7.22"
gm10x3_20_iii_c,l29d2_iii,20,3.818,10a3,100k,C1_rel,MAINJACK,0.2173,5.050719,,SOPRA,"diagnostica, cond 7.22"
gm10x3_20_iii_c,l29d2_iii,20,3.818,10a3,100k,C2_ins,MAINJACK,2.442e-06,3.024010,,sotto,"riferimento g3sempre_20_iii, cond 7.22"
gm10x3_20_iii_c,l29d2_iii,20,3.818,10a3,100k,C2_rel,MAINJACK,0.2173,5.050719,,SOPRA,"riferimento g3mai_20_iii, cond 7.22"
gm10x3_20_iii_c,l29d2_iii,20,3.818,10a3,100k,A_ins,FIXJACK1,4.487e-07,3.024552,2.000,sotto,riferimento g3sempre_20_iii
gm10x3_20_iii_c,l29d2_iii,20,3.818,10a3,100k,A_rel,FIXJACK1,4.045,5.024031,2.000,SOPRA,riferimento g3mai_20_iii
gm10x3_20_iii_c,l29d2_iii,20,3.818,10a3,100k,B2,FIXJACK1,1.059e-08,3.062740,,sotto,mute da t_ins+t_grad+20 ms a t_rel
gm10x3_20_iii_c,l29d2_iii,20,3.818,10a3,100k,B2g,FIXJACK1,4.504e-07,4.001979,,sotto,jack grezzo da t_ins+t_grad+20 ms a t_rel (ADR-063)
gm10x3_20_iii_c,l29d2_iii,20,3.818,10a3,100k,C1_ins,FIXJACK1,4.486e-07,3.024552,,sotto,"diagnostica, cond 7.22"
gm10x3_20_iii_c,l29d2_iii,20,3.818,10a3,100k,C1_rel,FIXJACK1,0.1685,5.051104,,SOPRA,"diagnostica, cond 7.22"
gm10x3_20_iii_c,l29d2_iii,20,3.818,10a3,100k,C2_ins,FIXJACK1,4.486e-07,3.024552,,sotto,"riferimento g3sempre_20_iii, cond 7.22"
gm10x3_20_iii_c,l29d2_iii,20,3.818,10a3,100k,C2_rel,FIXJACK1,0.1685,5.051104,,SOPRA,"riferimento g3mai_20_iii, cond 7.22"
gm10x3_20_iii_c,l29d2_iii,20,3.818,10a3,100k,A_ins,FIXJACK2,4.487e-07,3.024552,2.000,sotto,riferimento g3sempre_20_iii
gm10x3_20_iii_c,l29d2_iii,20,3.818,10a3,100k,A_rel,FIXJACK2,4.045,5.024031,2.000,SOPRA,riferimento g3mai_20_iii
gm10x3_20_iii_c,l29d2_iii,20,3.818,10a3,100k,B2,FIXJACK2,1.059e-08,3.062740,,sotto,mute da t_ins+t_grad+20 ms a t_rel
gm10x3_20_iii_c,l29d2_iii,20,3.818,10a3,100k,B2g,FIXJACK2,4.504e-07,4.001979,,sotto,jack grezzo da t_ins+t_grad+20 ms a t_rel (ADR-063)
gm10x3_20_iii_c,l29d2_iii,20,3.818,10a3,100k,C1_ins,FIXJACK2,4.486e-07,3.024552,,sotto,"diagnostica, cond 7.22"
gm10x3_20_iii_c,l29d2_iii,20,3.818,10a3,100k,C1_rel,FIXJACK2,0.1685,5.051104,,SOPRA,"diagnostica, cond 7.22"
gm10x3_20_iii_c,l29d2_iii,20,3.818,10a3,100k,C2_ins,FIXJACK2,4.486e-07,3.024552,,sotto,"riferimento g3sempre_20_iii, cond 7.22"
gm10x3_20_iii_c,l29d2_iii,20,3.818,10a3,100k,C2_rel,FIXJACK2,0.1685,5.051104,,SOPRA,"riferimento g3mai_20_iii, cond 7.22"
gm0x10_20_iii_i,l29d2_iii,20,3.818,0a10,100k,A_ins,MAINJACK,4.01,1.000031,2.000,SOPRA,riferimento g0sempre_20_iii
gm0x10_20_iii_i,l29d2_iii,20,3.818,0a10,100k,A_rel,MAINJACK,4.044,3.024031,2.000,SOPRA,riferimento g0mai_20_iii
gm0x10_20_iii_i,l29d2_iii,20,3.818,0a10,100k,B2,MAINJACK,0.2658,1.050521,,SOPRA,mute da t_ins+t_grad+20 ms a t_rel
gm0x10_20_iii_i,l29d2_iii,20,3.818,0a10,100k,B2g,MAINJACK,1.154e-05,1.051438,,sotto,jack grezzo da t_ins+t_grad+20 ms a t_rel (ADR-063)
gm0x10_20_iii_i,l29d2_iii,20,3.818,0a10,100k,C1_ins,MAINJACK,2.906,1.024042,,SOPRA,"diagnostica, cond 7.22"
gm0x10_20_iii_i,l29d2_iii,20,3.818,0a10,100k,C1_rel,MAINJACK,3.236e-05,3.024458,,sotto,"diagnostica, cond 7.22"
gm0x10_20_iii_i,l29d2_iii,20,3.818,0a10,100k,C2_ins,MAINJACK,2.906,1.024042,,SOPRA,"riferimento g0sempre_20_iii, cond 7.22"
gm0x10_20_iii_i,l29d2_iii,20,3.818,0a10,100k,C2_rel,MAINJACK,3.232e-05,3.024458,,sotto,"riferimento g0mai_20_iii, cond 7.22"
gm0x10_20_iii_i,l29d2_iii,20,3.818,0a10,100k,A_ins,FIXJACK1,4.063,1.000031,2.000,SOPRA,riferimento g0sempre_20_iii
gm0x10_20_iii_i,l29d2_iii,20,3.818,0a10,100k,A_rel,FIXJACK1,4.045,3.024031,2.000,SOPRA,riferimento g0mai_20_iii
gm0x10_20_iii_i,l29d2_iii,20,3.818,0a10,100k,B2,FIXJACK1,0.2296,1.051375,,SOPRA,mute da t_ins+t_grad+20 ms a t_rel
gm0x10_20_iii_i,l29d2_iii,20,3.818,0a10,100k,B2g,FIXJACK1,1.168e-05,1.051937,,sotto,jack grezzo da t_ins+t_grad+20 ms a t_rel (ADR-063)
gm0x10_20_iii_i,l29d2_iii,20,3.818,0a10,100k,C1_ins,FIXJACK1,2.861,1.024042,,SOPRA,"diagnostica, cond 7.22"
gm0x10_20_iii_i,l29d2_iii,20,3.818,0a10,100k,C1_rel,FIXJACK1,1.447e-05,3.024833,,sotto,"diagnostica, cond 7.22"
gm0x10_20_iii_i,l29d2_iii,20,3.818,0a10,100k,C2_ins,FIXJACK1,2.861,1.024042,,SOPRA,"riferimento g0sempre_20_iii, cond 7.22"
gm0x10_20_iii_i,l29d2_iii,20,3.818,0a10,100k,C2_rel,FIXJACK1,1.442e-05,3.024833,,sotto,"riferimento g0mai_20_iii, cond 7.22"
gm0x10_20_iii_i,l29d2_iii,20,3.818,0a10,100k,A_ins,FIXJACK2,4.063,1.000031,2.000,SOPRA,riferimento g0sempre_20_iii
gm0x10_20_iii_i,l29d2_iii,20,3.818,0a10,100k,A_rel,FIXJACK2,4.045,3.024031,2.000,SOPRA,riferimento g0mai_20_iii
gm0x10_20_iii_i,l29d2_iii,20,3.818,0a10,100k,B2,FIXJACK2,0.2296,1.051375,,SOPRA,mute da t_ins+t_grad+20 ms a t_rel
gm0x10_20_iii_i,l29d2_iii,20,3.818,0a10,100k,B2g,FIXJACK2,1.168e-05,1.051937,,sotto,jack grezzo da t_ins+t_grad+20 ms a t_rel (ADR-063)
gm0x10_20_iii_i,l29d2_iii,20,3.818,0a10,100k,C1_ins,FIXJACK2,2.861,1.024042,,SOPRA,"diagnostica, cond 7.22"
gm0x10_20_iii_i,l29d2_iii,20,3.818,0a10,100k,C1_rel,FIXJACK2,1.447e-05,3.024833,,sotto,"diagnostica, cond 7.22"
gm0x10_20_iii_i,l29d2_iii,20,3.818,0a10,100k,C2_ins,FIXJACK2,2.861,1.024042,,SOPRA,"riferimento g0sempre_20_iii, cond 7.22"
gm0x10_20_iii_i,l29d2_iii,20,3.818,0a10,100k,C2_rel,FIXJACK2,1.442e-05,3.024833,,sotto,"riferimento g0mai_20_iii, cond 7.22"
gm0x10_20_iii_c,l29d2_iii,20,3.818,0a10,100k,A_ins,MAINJACK,3.242e-05,3.024458,2.000,sotto,riferimento g10sempre_20_iii
gm0x10_20_iii_c,l29d2_iii,20,3.818,0a10,100k,A_rel,MAINJACK,12.74,5.024031,2.000,SOPRA,riferimento g10mai_20_iii
gm0x10_20_iii_c,l29d2_iii,20,3.818,0a10,100k,B2,MAINJACK,1.759e-07,3.050583,,sotto,mute da t_ins+t_grad+20 ms a t_rel
gm0x10_20_iii_c,l29d2_iii,20,3.818,0a10,100k,B2g,MAINJACK,1.138e-05,5.001573,,sotto,jack grezzo da t_ins+t_grad+20 ms a t_rel (ADR-063)
gm0x10_20_iii_c,l29d2_iii,20,3.818,0a10,100k,C1_ins,MAINJACK,3.236e-05,3.024458,,sotto,"diagnostica, cond 7.22"
gm0x10_20_iii_c,l29d2_iii,20,3.818,0a10,100k,C1_rel,MAINJACK,0.4823,5.050708,,SOPRA,"diagnostica, cond 7.22"
gm0x10_20_iii_c,l29d2_iii,20,3.818,0a10,100k,C2_ins,MAINJACK,3.236e-05,3.024458,,sotto,"riferimento g10sempre_20_iii, cond 7.22"
gm0x10_20_iii_c,l29d2_iii,20,3.818,0a10,100k,C2_rel,MAINJACK,0.4824,5.050708,,SOPRA,"riferimento g10mai_20_iii, cond 7.22"
gm0x10_20_iii_c,l29d2_iii,20,3.818,0a10,100k,A_ins,FIXJACK1,1.449e-05,3.024833,2.000,sotto,riferimento g10sempre_20_iii
gm0x10_20_iii_c,l29d2_iii,20,3.818,0a10,100k,A_rel,FIXJACK1,4.045,5.024031,2.000,SOPRA,riferimento g10mai_20_iii
gm0x10_20_iii_c,l29d2_iii,20,3.818,0a10,100k,B2,FIXJACK1,1.687e-07,3.050583,,sotto,mute da t_ins+t_grad+20 ms a t_rel
gm0x10_20_iii_c,l29d2_iii,20,3.818,0a10,100k,B2g,FIXJACK1,1.152e-05,5.002073,,sotto,jack grezzo da t_ins+t_grad+20 ms a t_rel (ADR-063)
gm0x10_20_iii_c,l29d2_iii,20,3.818,0a10,100k,C1_ins,FIXJACK1,1.447e-05,3.024833,,sotto,"diagnostica, cond 7.22"
gm0x10_20_iii_c,l29d2_iii,20,3.818,0a10,100k,C1_rel,FIXJACK1,0.1686,5.051167,,SOPRA,"diagnostica, cond 7.22"
gm0x10_20_iii_c,l29d2_iii,20,3.818,0a10,100k,C2_ins,FIXJACK1,1.447e-05,3.024833,,sotto,"riferimento g10sempre_20_iii, cond 7.22"
gm0x10_20_iii_c,l29d2_iii,20,3.818,0a10,100k,C2_rel,FIXJACK1,0.1686,5.051167,,SOPRA,"riferimento g10mai_20_iii, cond 7.22"
gm0x10_20_iii_c,l29d2_iii,20,3.818,0a10,100k,A_ins,FIXJACK2,1.449e-05,3.024833,2.000,sotto,riferimento g10sempre_20_iii
gm0x10_20_iii_c,l29d2_iii,20,3.818,0a10,100k,A_rel,FIXJACK2,4.045,5.024031,2.000,SOPRA,riferimento g10mai_20_iii
gm0x10_20_iii_c,l29d2_iii,20,3.818,0a10,100k,B2,FIXJACK2,1.687e-07,3.050583,,sotto,mute da t_ins+t_grad+20 ms a t_rel
gm0x10_20_iii_c,l29d2_iii,20,3.818,0a10,100k,B2g,FIXJACK2,1.152e-05,5.002073,,sotto,jack grezzo da t_ins+t_grad+20 ms a t_rel (ADR-063)
gm0x10_20_iii_c,l29d2_iii,20,3.818,0a10,100k,C1_ins,FIXJACK2,1.447e-05,3.024833,,sotto,"diagnostica, cond 7.22"
gm0x10_20_iii_c,l29d2_iii,20,3.818,0a10,100k,C1_rel,FIXJACK2,0.1686,5.051167,,SOPRA,"diagnostica, cond 7.22"
gm0x10_20_iii_c,l29d2_iii,20,3.818,0a10,100k,C2_ins,FIXJACK2,1.447e-05,3.024833,,sotto,"riferimento g10sempre_20_iii, cond 7.22"
gm0x10_20_iii_c,l29d2_iii,20,3.818,0a10,100k,C2_rel,FIXJACK2,0.1686,5.051167,,SOPRA,"riferimento g10mai_20_iii, cond 7.22"
gm10x0_20_iii_i,l29d2_iii,20,3.818,10a0,100k,A_ins,MAINJACK,12.63,1.000031,2.000,SOPRA,riferimento g10sempre_20_iii
gm10x0_20_iii_i,l29d2_iii,20,3.818,10a0,100k,A_rel,MAINJACK,12.74,3.024031,2.000,SOPRA,riferimento g10mai_20_iii
gm10x0_20_iii_i,l29d2_iii,20,3.818,10a0,100k,B2,MAINJACK,0.8374,1.050521,,SOPRA,mute da t_ins+t_grad+20 ms a t_rel
gm10x0_20_iii_i,l29d2_iii,20,3.818,10a0,100k,B2g,MAINJACK,2.697e-06,3.023990,,sotto,jack grezzo da t_ins+t_grad+20 ms a t_rel (ADR-063)
gm10x0_20_iii_i,l29d2_iii,20,3.818,10a0,100k,C1_ins,MAINJACK,9.142,1.024042,,SOPRA,"diagnostica, cond 7.22"
gm10x0_20_iii_i,l29d2_iii,20,3.818,10a0,100k,C1_rel,MAINJACK,1.602e-05,3.024313,,sotto,"diagnostica, cond 7.22"
gm10x0_20_iii_i,l29d2_iii,20,3.818,10a0,100k,C2_ins,MAINJACK,9.142,1.024042,,SOPRA,"riferimento g10sempre_20_iii, cond 7.22"
gm10x0_20_iii_i,l29d2_iii,20,3.818,10a0,100k,C2_rel,MAINJACK,0.0003245,3.024000,,sotto,"riferimento g10mai_20_iii, cond 7.22"
gm10x0_20_iii_i,l29d2_iii,20,3.818,10a0,100k,A_ins,FIXJACK1,4.063,1.000031,2.000,SOPRA,riferimento g10sempre_20_iii
gm10x0_20_iii_i,l29d2_iii,20,3.818,10a0,100k,A_rel,FIXJACK1,4.045,3.024031,2.000,SOPRA,riferimento g10mai_20_iii
gm10x0_20_iii_i,l29d2_iii,20,3.818,10a0,100k,B2,FIXJACK1,0.2296,1.051375,,SOPRA,mute da t_ins+t_grad+20 ms a t_rel
gm10x0_20_iii_i,l29d2_iii,20,3.818,10a0,100k,B2g,FIXJACK1,8.122e-07,3.023990,,sotto,jack grezzo da t_ins+t_grad+20 ms a t_rel (ADR-063)
gm10x0_20_iii_i,l29d2_iii,20,3.818,10a0,100k,C1_ins,FIXJACK1,2.857,1.024042,,SOPRA,"diagnostica, cond 7.22"
gm10x0_20_iii_i,l29d2_iii,20,3.818,10a0,100k,C1_rel,FIXJACK1,5.412e-07,3.024719,,sotto,"diagnostica, cond 7.22"
gm10x0_20_iii_i,l29d2_iii,20,3.818,10a0,100k,C2_ins,FIXJACK1,2.857,1.024042,,SOPRA,"riferimento g10sempre_20_iii, cond 7.22"
gm10x0_20_iii_i,l29d2_iii,20,3.818,10a0,100k,C2_rel,FIXJACK1,1.428e-06,3.047646,,sotto,"riferimento g10mai_20_iii, cond 7.22"
gm10x0_20_iii_i,l29d2_iii,20,3.818,10a0,100k,A_ins,FIXJACK2,4.063,1.000031,2.000,SOPRA,riferimento g10sempre_20_iii
gm10x0_20_iii_i,l29d2_iii,20,3.818,10a0,100k,A_rel,FIXJACK2,4.045,3.024031,2.000,SOPRA,riferimento g10mai_20_iii
gm10x0_20_iii_i,l29d2_iii,20,3.818,10a0,100k,B2,FIXJACK2,0.2296,1.051375,,SOPRA,mute da t_ins+t_grad+20 ms a t_rel
gm10x0_20_iii_i,l29d2_iii,20,3.818,10a0,100k,B2g,FIXJACK2,8.122e-07,3.023990,,sotto,jack grezzo da t_ins+t_grad+20 ms a t_rel (ADR-063)
gm10x0_20_iii_i,l29d2_iii,20,3.818,10a0,100k,C1_ins,FIXJACK2,2.857,1.024042,,SOPRA,"diagnostica, cond 7.22"
gm10x0_20_iii_i,l29d2_iii,20,3.818,10a0,100k,C1_rel,FIXJACK2,5.412e-07,3.024719,,sotto,"diagnostica, cond 7.22"
gm10x0_20_iii_i,l29d2_iii,20,3.818,10a0,100k,C2_ins,FIXJACK2,2.857,1.024042,,SOPRA,"riferimento g10sempre_20_iii, cond 7.22"
gm10x0_20_iii_i,l29d2_iii,20,3.818,10a0,100k,C2_rel,FIXJACK2,1.428e-06,3.047646,,sotto,"riferimento g10mai_20_iii, cond 7.22"
gm10x0_20_iii_c,l29d2_iii,20,3.818,10a0,100k,A_ins,MAINJACK,1.602e-05,3.024313,2.000,sotto,riferimento g0sempre_20_iii
gm10x0_20_iii_c,l29d2_iii,20,3.818,10a0,100k,A_rel,MAINJACK,4.044,5.024031,2.000,SOPRA,riferimento g0mai_20_iii
gm10x0_20_iii_c,l29d2_iii,20,3.818,10a0,100k,B2,MAINJACK,3.285e-08,3.051146,,sotto,mute da t_ins+t_grad+20 ms a t_rel
gm10x0_20_iii_c,l29d2_iii,20,3.818,10a0,100k,B2g,MAINJACK,1.613e-06,5.001385,,sotto,jack grezzo da t_ins+t_grad+20 ms a t_rel (ADR-063)
gm10x0_20_iii_c,l29d2_iii,20,3.818,10a0,100k,C1_ins,MAINJACK,1.602e-05,3.024313,,sotto,"diagnostica, cond 7.22"
gm10x0_20_iii_c,l29d2_iii,20,3.818,10a0,100k,C1_rel,MAINJACK,0.153,5.050729,,SOPRA,"diagnostica, cond 7.22"
gm10x0_20_iii_c,l29d2_iii,20,3.818,10a0,100k,C2_ins,MAINJACK,1.602e-05,3.024313,,sotto,"riferimento g0sempre_20_iii, cond 7.22"
gm10x0_20_iii_c,l29d2_iii,20,3.818,10a0,100k,C2_rel,MAINJACK,0.153,5.050729,,SOPRA,"riferimento g0mai_20_iii, cond 7.22"
gm10x0_20_iii_c,l29d2_iii,20,3.818,10a0,100k,A_ins,FIXJACK1,5.408e-07,3.024719,2.000,sotto,riferimento g0sempre_20_iii
gm10x0_20_iii_c,l29d2_iii,20,3.818,10a0,100k,A_rel,FIXJACK1,4.045,5.024031,2.000,SOPRA,riferimento g0mai_20_iii
gm10x0_20_iii_c,l29d2_iii,20,3.818,10a0,100k,B2,FIXJACK1,9.198e-09,3.059146,,sotto,mute da t_ins+t_grad+20 ms a t_rel
gm10x0_20_iii_c,l29d2_iii,20,3.818,10a0,100k,B2g,FIXJACK1,4.861e-07,4.977135,,sotto,jack grezzo da t_ins+t_grad+20 ms a t_rel (ADR-063)
gm10x0_20_iii_c,l29d2_iii,20,3.818,10a0,100k,C1_ins,FIXJACK1,5.412e-07,3.024719,,sotto,"diagnostica, cond 7.22"
gm10x0_20_iii_c,l29d2_iii,20,3.818,10a0,100k,C1_rel,FIXJACK1,0.1685,5.051104,,SOPRA,"diagnostica, cond 7.22"
gm10x0_20_iii_c,l29d2_iii,20,3.818,10a0,100k,C2_ins,FIXJACK1,5.412e-07,3.024719,,sotto,"riferimento g0sempre_20_iii, cond 7.22"
gm10x0_20_iii_c,l29d2_iii,20,3.818,10a0,100k,C2_rel,FIXJACK1,0.1685,5.051104,,SOPRA,"riferimento g0mai_20_iii, cond 7.22"
gm10x0_20_iii_c,l29d2_iii,20,3.818,10a0,100k,A_ins,FIXJACK2,5.408e-07,3.024719,2.000,sotto,riferimento g0sempre_20_iii
gm10x0_20_iii_c,l29d2_iii,20,3.818,10a0,100k,A_rel,FIXJACK2,4.045,5.024031,2.000,SOPRA,riferimento g0mai_20_iii
gm10x0_20_iii_c,l29d2_iii,20,3.818,10a0,100k,B2,FIXJACK2,9.198e-09,3.059146,,sotto,mute da t_ins+t_grad+20 ms a t_rel
gm10x0_20_iii_c,l29d2_iii,20,3.818,10a0,100k,B2g,FIXJACK2,4.861e-07,4.977135,,sotto,jack grezzo da t_ins+t_grad+20 ms a t_rel (ADR-063)
gm10x0_20_iii_c,l29d2_iii,20,3.818,10a0,100k,C1_ins,FIXJACK2,5.412e-07,3.024719,,sotto,"diagnostica, cond 7.22"
gm10x0_20_iii_c,l29d2_iii,20,3.818,10a0,100k,C1_rel,FIXJACK2,0.1685,5.051104,,SOPRA,"diagnostica, cond 7.22"
gm10x0_20_iii_c,l29d2_iii,20,3.818,10a0,100k,C2_ins,FIXJACK2,5.412e-07,3.024719,,sotto,"riferimento g0sempre_20_iii, cond 7.22"
gm10x0_20_iii_c,l29d2_iii,20,3.818,10a0,100k,C2_rel,FIXJACK2,0.1685,5.051104,,SOPRA,"riferimento g0mai_20_iii, cond 7.22"
gm0x3_lz_iii_i,l29d2_iii,1000,0,0a3,100k,A_ins,MAINJACK,7.412e-12,1.008896,2.000,sotto,riferimento g0sempre_lz_iii
gm0x3_lz_iii_i,l29d2_iii,1000,0,0a3,100k,A_rel,MAINJACK,3.828e-09,3.024313,2.000,sotto,riferimento g0mai_lz_iii
gm0x3_lz_iii_i,l29d2_iii,1000,0,0a3,100k,B2,MAINJACK,4.912e-14,1.044000,,sotto,mute da t_ins+t_grad+20 ms a t_rel
gm0x3_lz_iii_i,l29d2_iii,1000,0,0a3,100k,A_ins,FIXJACK1,8.063e-12,1.018833,2.000,sotto,riferimento g0sempre_lz_iii
gm0x3_lz_iii_i,l29d2_iii,1000,0,0a3,100k,A_rel,FIXJACK1,1.079e-11,3.340302,2.000,sotto,riferimento g0mai_lz_iii
gm0x3_lz_iii_i,l29d2_iii,1000,0,0a3,100k,B2,FIXJACK1,2.417e-13,1.044000,,sotto,mute da t_ins+t_grad+20 ms a t_rel
gm0x3_lz_iii_i,l29d2_iii,1000,0,0a3,100k,A_ins,FIXJACK2,2.795e-11,1.021187,2.000,sotto,riferimento g0sempre_lz_iii
gm0x3_lz_iii_i,l29d2_iii,1000,0,0a3,100k,A_rel,FIXJACK2,2.955e-11,3.275354,2.000,sotto,riferimento g0mai_lz_iii
gm0x3_lz_iii_i,l29d2_iii,1000,0,0a3,100k,B2,FIXJACK2,3.16e-13,1.044000,,sotto,mute da t_ins+t_grad+20 ms a t_rel
gm0x3_lz_iii_c,l29d2_iii,1000,0,0a3,100k,A_ins,MAINJACK,3.832e-09,3.024313,2.000,sotto,riferimento g3sempre_lz_iii
gm0x3_lz_iii_c,l29d2_iii,1000,0,0a3,100k,A_rel,MAINJACK,2.176e-11,6.520271,2.000,sotto,riferimento g3mai_lz_iii
gm0x3_lz_iii_c,l29d2_iii,1000,0,0a3,100k,B2,MAINJACK,7.534e-13,3.050792,,sotto,mute da t_ins+t_grad+20 ms a t_rel
gm0x3_lz_iii_c,l29d2_iii,1000,0,0a3,100k,A_ins,FIXJACK1,1.627e-14,3.024313,2.000,sotto,riferimento g3sempre_lz_iii
gm0x3_lz_iii_c,l29d2_iii,1000,0,0a3,100k,A_rel,FIXJACK1,1.454e-11,6.586156,2.000,sotto,riferimento g3mai_lz_iii
gm0x3_lz_iii_c,l29d2_iii,1000,0,0a3,100k,B2,FIXJACK1,1.875e-17,4.634302,,sotto,mute da t_ins+t_grad+20 ms a t_rel
gm0x3_lz_iii_c,l29d2_iii,1000,0,0a3,100k,A_ins,FIXJACK2,1.53e-14,3.024313,2.000,sotto,riferimento g3sempre_lz_iii
gm0x3_lz_iii_c,l29d2_iii,1000,0,0a3,100k,A_rel,FIXJACK2,4.599e-11,5.371510,2.000,sotto,riferimento g3mai_lz_iii
gm0x3_lz_iii_c,l29d2_iii,1000,0,0a3,100k,B2,FIXJACK2,7.029e-17,3.491812,,sotto,mute da t_ins+t_grad+20 ms a t_rel
gm3x0_lz_iii_i,l29d2_iii,1000,0,3a0,100k,A_ins,MAINJACK,1.116e-11,1.023052,2.000,sotto,riferimento g3sempre_lz_iii
gm3x0_lz_iii_i,l29d2_iii,1000,0,3a0,100k,A_rel,MAINJACK,1.214e-08,3.024604,2.000,sotto,riferimento g3mai_lz_iii
gm3x0_lz_iii_i,l29d2_iii,1000,0,3a0,100k,B2,MAINJACK,1.825e-14,1.048260,,sotto,mute da t_ins+t_grad+20 ms a t_rel
gm3x0_lz_iii_i,l29d2_iii,1000,0,3a0,100k,A_ins,FIXJACK1,7.481e-12,1.012260,2.000,sotto,riferimento g3sempre_lz_iii
gm3x0_lz_iii_i,l29d2_iii,1000,0,3a0,100k,A_rel,FIXJACK1,1.013e-11,4.719531,2.000,sotto,riferimento g3mai_lz_iii
gm3x0_lz_iii_i,l29d2_iii,1000,0,3a0,100k,B2,FIXJACK1,2.064e-13,1.044000,,sotto,mute da t_ins+t_grad+20 ms a t_rel
gm3x0_lz_iii_i,l29d2_iii,1000,0,3a0,100k,A_ins,FIXJACK2,2.574e-11,1.007583,2.000,sotto,riferimento g3sempre_lz_iii
gm3x0_lz_iii_i,l29d2_iii,1000,0,3a0,100k,A_rel,FIXJACK2,3.062e-11,3.150531,2.000,sotto,riferimento g3mai_lz_iii
gm3x0_lz_iii_i,l29d2_iii,1000,0,3a0,100k,B2,FIXJACK2,3.041e-13,1.044000,,sotto,mute da t_ins+t_grad+20 ms a t_rel
gm3x0_lz_iii_c,l29d2_iii,1000,0,3a0,100k,A_ins,MAINJACK,1.214e-08,3.024604,2.000,sotto,riferimento g0sempre_lz_iii
gm3x0_lz_iii_c,l29d2_iii,1000,0,3a0,100k,A_rel,MAINJACK,1.678e-11,5.419875,2.000,sotto,riferimento g0mai_lz_iii
gm3x0_lz_iii_c,l29d2_iii,1000,0,3a0,100k,B2,MAINJACK,3.598e-12,3.051104,,sotto,mute da t_ins+t_grad+20 ms a t_rel
gm3x0_lz_iii_c,l29d2_iii,1000,0,3a0,100k,A_ins,FIXJACK1,1.229e-12,3.024604,2.000,sotto,riferimento g0sempre_lz_iii
gm3x0_lz_iii_c,l29d2_iii,1000,0,3a0,100k,A_rel,FIXJACK1,1.46e-11,6.187812,2.000,sotto,riferimento g0mai_lz_iii
gm3x0_lz_iii_c,l29d2_iii,1000,0,3a0,100k,B2,FIXJACK1,3.329e-16,3.051427,,sotto,mute da t_ins+t_grad+20 ms a t_rel
gm3x0_lz_iii_c,l29d2_iii,1000,0,3a0,100k,A_ins,FIXJACK2,1.228e-12,3.024604,2.000,sotto,riferimento g0sempre_lz_iii
gm3x0_lz_iii_c,l29d2_iii,1000,0,3a0,100k,A_rel,FIXJACK2,4.315e-11,5.464792,2.000,sotto,riferimento g0mai_lz_iii
gm3x0_lz_iii_c,l29d2_iii,1000,0,3a0,100k,B2,FIXJACK2,3.585e-16,3.050667,,sotto,mute da t_ins+t_grad+20 ms a t_rel
gm3x10_lz_iii_i,l29d2_iii,1000,0,3a10,100k,A_ins,MAINJACK,1.116e-11,1.023052,2.000,sotto,riferimento g3sempre_lz_iii
gm3x10_lz_iii_i,l29d2_iii,1000,0,3a10,100k,A_rel,MAINJACK,3.497e-08,3.024313,2.000,sotto,riferimento g3mai_lz_iii
gm3x10_lz_iii_i,l29d2_iii,1000,0,3a10,100k,B2,MAINJACK,8.345e-14,3.023990,,sotto,mute da t_ins+t_grad+20 ms a t_rel
gm3x10_lz_iii_i,l29d2_iii,1000,0,3a10,100k,A_ins,FIXJACK1,7.481e-12,1.012260,2.000,sotto,riferimento g3sempre_lz_iii
gm3x10_lz_iii_i,l29d2_iii,1000,0,3a10,100k,A_rel,FIXJACK1,1.013e-11,4.719531,2.000,sotto,riferimento g3mai_lz_iii
gm3x10_lz_iii_i,l29d2_iii,1000,0,3a10,100k,B2,FIXJACK1,2.064e-13,1.044000,,sotto,mute da t_ins+t_grad+20 ms a t_rel
gm3x10_lz_iii_i,l29d2_iii,1000,0,3a10,100k,A_ins,FIXJACK2,2.574e-11,1.007583,2.000,sotto,riferimento g3sempre_lz_iii
gm3x10_lz_iii_i,l29d2_iii,1000,0,3a10,100k,A_rel,FIXJACK2,3.062e-11,3.150531,2.000,sotto,riferimento g3mai_lz_iii
gm3x10_lz_iii_i,l29d2_iii,1000,0,3a10,100k,B2,FIXJACK2,3.041e-13,1.044000,,sotto,mute da t_ins+t_grad+20 ms a t_rel
gm3x10_lz_iii_c,l29d2_iii,1000,0,3a10,100k,A_ins,MAINJACK,3.497e-08,3.024313,2.000,sotto,riferimento g10sempre_lz_iii
gm3x10_lz_iii_c,l29d2_iii,1000,0,3a10,100k,A_rel,MAINJACK,4.4e-11,5.875677,2.000,sotto,riferimento g10mai_lz_iii
gm3x10_lz_iii_c,l29d2_iii,1000,0,3a10,100k,B2,MAINJACK,1.841e-11,3.050719,,sotto,mute da t_ins+t_grad+20 ms a t_rel
gm3x10_lz_iii_c,l29d2_iii,1000,0,3a10,100k,A_ins,FIXJACK1,5.39e-13,3.024010,2.000,sotto,riferimento g10sempre_lz_iii
gm3x10_lz_iii_c,l29d2_iii,1000,0,3a10,100k,A_rel,FIXJACK1,1.626e-11,6.657271,2.000,sotto,riferimento g10mai_lz_iii
gm3x10_lz_iii_c,l29d2_iii,1000,0,3a10,100k,B2,FIXJACK1,4.257e-16,3.049823,,sotto,mute da t_ins+t_grad+20 ms a t_rel
gm3x10_lz_iii_c,l29d2_iii,1000,0,3a10,100k,A_ins,FIXJACK2,5.396e-13,3.024010,2.000,sotto,riferimento g10sempre_lz_iii
gm3x10_lz_iii_c,l29d2_iii,1000,0,3a10,100k,A_rel,FIXJACK2,4.365e-11,5.257833,2.000,sotto,riferimento g10mai_lz_iii
gm3x10_lz_iii_c,l29d2_iii,1000,0,3a10,100k,B2,FIXJACK2,2.597e-16,3.050323,,sotto,mute da t_ins+t_grad+20 ms a t_rel
gm10x3_lz_iii_i,l29d2_iii,1000,0,10a3,100k,A_ins,MAINJACK,2.676e-11,1.016417,2.000,sotto,riferimento g10sempre_lz_iii
gm10x3_lz_iii_i,l29d2_iii,1000,0,10a3,100k,A_rel,MAINJACK,2.982e-08,3.024010,2.000,sotto,riferimento g10mai_lz_iii
gm10x3_lz_iii_i,l29d2_iii,1000,0,10a3,100k,B2,MAINJACK,1.011e-13,3.023990,,sotto,mute da t_ins+t_grad+20 ms a t_rel
gm10x3_lz_iii_i,l29d2_iii,1000,0,10a3,100k,A_ins,FIXJACK1,8.679e-12,1.018750,2.000,sotto,riferimento g10sempre_lz_iii
gm10x3_lz_iii_i,l29d2_iii,1000,0,10a3,100k,A_rel,FIXJACK1,1.117e-11,3.438302,2.000,sotto,riferimento g10mai_lz_iii
gm10x3_lz_iii_i,l29d2_iii,1000,0,10a3,100k,B2,FIXJACK1,2.361e-13,1.044000,,sotto,mute da t_ins+t_grad+20 ms a t_rel
gm10x3_lz_iii_i,l29d2_iii,1000,0,10a3,100k,A_ins,FIXJACK2,2.831e-11,1.007260,2.000,sotto,riferimento g10sempre_lz_iii
gm10x3_lz_iii_i,l29d2_iii,1000,0,10a3,100k,A_rel,FIXJACK2,3.079e-11,3.835427,2.000,sotto,riferimento g10mai_lz_iii
gm10x3_lz_iii_i,l29d2_iii,1000,0,10a3,100k,B2,FIXJACK2,3.578e-13,1.044000,,sotto,mute da t_ins+t_grad+20 ms a t_rel
gm10x3_lz_iii_c,l29d2_iii,1000,0,10a3,100k,A_ins,MAINJACK,2.981e-08,3.024010,2.000,sotto,riferimento g3sempre_lz_iii
gm10x3_lz_iii_c,l29d2_iii,1000,0,10a3,100k,A_rel,MAINJACK,2.123e-11,5.269031,2.000,sotto,riferimento g3mai_lz_iii
gm10x3_lz_iii_c,l29d2_iii,1000,0,10a3,100k,B2,MAINJACK,5.893e-12,3.050417,,sotto,mute da t_ins+t_grad+20 ms a t_rel
gm10x3_lz_iii_c,l29d2_iii,1000,0,10a3,100k,A_ins,FIXJACK1,6.219e-13,3.024010,2.000,sotto,riferimento g3sempre_lz_iii
gm10x3_lz_iii_c,l29d2_iii,1000,0,10a3,100k,A_rel,FIXJACK1,1.45e-11,6.924073,2.000,sotto,riferimento g3mai_lz_iii
gm10x3_lz_iii_c,l29d2_iii,1000,0,10a3,100k,B2,FIXJACK1,1.713e-16,3.050615,,sotto,mute da t_ins+t_grad+20 ms a t_rel
gm10x3_lz_iii_c,l29d2_iii,1000,0,10a3,100k,A_ins,FIXJACK2,6.217e-13,3.024010,2.000,sotto,riferimento g3sempre_lz_iii
gm10x3_lz_iii_c,l29d2_iii,1000,0,10a3,100k,A_rel,FIXJACK2,4.8e-11,5.898094,2.000,sotto,riferimento g3mai_lz_iii
gm10x3_lz_iii_c,l29d2_iii,1000,0,10a3,100k,B2,FIXJACK2,1.787e-16,3.048865,,sotto,mute da t_ins+t_grad+20 ms a t_rel
gm0x10_lz_iii_i,l29d2_iii,1000,0,0a10,100k,A_ins,MAINJACK,7.412e-12,1.008896,2.000,sotto,riferimento g0sempre_lz_iii
gm0x10_lz_iii_i,l29d2_iii,1000,0,0a10,100k,A_rel,MAINJACK,4.131e-08,3.024010,2.000,sotto,riferimento g0mai_lz_iii
gm0x10_lz_iii_i,l29d2_iii,1000,0,0a10,100k,B2,MAINJACK,9.038e-14,3.023990,,sotto,mute da t_ins+t_grad+20 ms a t_rel
gm0x10_lz_iii_i,l29d2_iii,1000,0,0a10,100k,A_ins,FIXJACK1,8.063e-12,1.018833,2.000,sotto,riferimento g0sempre_lz_iii
gm0x10_lz_iii_i,l29d2_iii,1000,0,0a10,100k,A_rel,FIXJACK1,1.079e-11,3.340302,2.000,sotto,riferimento g0mai_lz_iii
gm0x10_lz_iii_i,l29d2_iii,1000,0,0a10,100k,B2,FIXJACK1,2.417e-13,1.044000,,sotto,mute da t_ins+t_grad+20 ms a t_rel
gm0x10_lz_iii_i,l29d2_iii,1000,0,0a10,100k,A_ins,FIXJACK2,2.795e-11,1.021187,2.000,sotto,riferimento g0sempre_lz_iii
gm0x10_lz_iii_i,l29d2_iii,1000,0,0a10,100k,A_rel,FIXJACK2,2.955e-11,3.275354,2.000,sotto,riferimento g0mai_lz_iii
gm0x10_lz_iii_i,l29d2_iii,1000,0,0a10,100k,B2,FIXJACK2,3.16e-13,1.044000,,sotto,mute da t_ins+t_grad+20 ms a t_rel
gm0x10_lz_iii_c,l29d2_iii,1000,0,0a10,100k,A_ins,MAINJACK,4.131e-08,3.024010,2.000,sotto,riferimento g10sempre_lz_iii
gm0x10_lz_iii_c,l29d2_iii,1000,0,0a10,100k,A_rel,MAINJACK,4.68e-11,5.746583,2.000,sotto,riferimento g10mai_lz_iii
gm0x10_lz_iii_c,l29d2_iii,1000,0,0a10,100k,B2,MAINJACK,1.605e-11,3.050667,,sotto,mute da t_ins+t_grad+20 ms a t_rel
gm0x10_lz_iii_c,l29d2_iii,1000,0,0a10,100k,A_ins,FIXJACK1,2.33e-12,3.024010,2.000,sotto,riferimento g10sempre_lz_iii
gm0x10_lz_iii_c,l29d2_iii,1000,0,0a10,100k,A_rel,FIXJACK1,1.53e-11,5.049417,2.000,sotto,riferimento g10mai_lz_iii
gm0x10_lz_iii_c,l29d2_iii,1000,0,0a10,100k,B2,FIXJACK1,8.358e-16,3.049917,,sotto,mute da t_ins+t_grad+20 ms a t_rel
gm0x10_lz_iii_c,l29d2_iii,1000,0,0a10,100k,A_ins,FIXJACK2,2.331e-12,3.024010,2.000,sotto,riferimento g10sempre_lz_iii
gm0x10_lz_iii_c,l29d2_iii,1000,0,0a10,100k,A_rel,FIXJACK2,4.673e-11,6.532365,2.000,sotto,riferimento g10mai_lz_iii
gm0x10_lz_iii_c,l29d2_iii,1000,0,0a10,100k,B2,FIXJACK2,8.308e-16,3.049417,,sotto,mute da t_ins+t_grad+20 ms a t_rel
gm10x0_lz_iii_i,l29d2_iii,1000,0,10a0,100k,A_ins,MAINJACK,2.676e-11,1.016417,2.000,sotto,riferimento g10sempre_lz_iii
gm10x0_lz_iii_i,l29d2_iii,1000,0,10a0,100k,A_rel,MAINJACK,1.237e-08,3.024313,2.000,sotto,riferimento g10mai_lz_iii
gm10x0_lz_iii_i,l29d2_iii,1000,0,10a0,100k,B2,MAINJACK,2.124e-14,1.052927,,sotto,mute da t_ins+t_grad+20 ms a t_rel
gm10x0_lz_iii_i,l29d2_iii,1000,0,10a0,100k,A_ins,FIXJACK1,8.679e-12,1.018750,2.000,sotto,riferimento g10sempre_lz_iii
gm10x0_lz_iii_i,l29d2_iii,1000,0,10a0,100k,A_rel,FIXJACK1,1.117e-11,3.438302,2.000,sotto,riferimento g10mai_lz_iii
gm10x0_lz_iii_i,l29d2_iii,1000,0,10a0,100k,B2,FIXJACK1,2.361e-13,1.044000,,sotto,mute da t_ins+t_grad+20 ms a t_rel
gm10x0_lz_iii_i,l29d2_iii,1000,0,10a0,100k,A_ins,FIXJACK2,2.831e-11,1.007260,2.000,sotto,riferimento g10sempre_lz_iii
gm10x0_lz_iii_i,l29d2_iii,1000,0,10a0,100k,A_rel,FIXJACK2,3.079e-11,3.835427,2.000,sotto,riferimento g10mai_lz_iii
gm10x0_lz_iii_i,l29d2_iii,1000,0,10a0,100k,B2,FIXJACK2,3.578e-13,1.044000,,sotto,mute da t_ins+t_grad+20 ms a t_rel
gm10x0_lz_iii_c,l29d2_iii,1000,0,10a0,100k,A_ins,MAINJACK,1.237e-08,3.024313,2.000,sotto,riferimento g0sempre_lz_iii
gm10x0_lz_iii_c,l29d2_iii,1000,0,10a0,100k,A_rel,MAINJACK,1.609e-11,5.521552,2.000,sotto,riferimento g0mai_lz_iii
gm10x0_lz_iii_c,l29d2_iii,1000,0,10a0,100k,B2,MAINJACK,2.833e-12,3.050802,,sotto,mute da t_ins+t_grad+20 ms a t_rel
gm10x0_lz_iii_c,l29d2_iii,1000,0,10a0,100k,A_ins,FIXJACK1,9.136e-14,3.024708,2.000,sotto,riferimento g0sempre_lz_iii
gm10x0_lz_iii_c,l29d2_iii,1000,0,10a0,100k,A_rel,FIXJACK1,1.433e-11,6.674354,2.000,sotto,riferimento g0mai_lz_iii
gm10x0_lz_iii_c,l29d2_iii,1000,0,10a0,100k,B2,FIXJACK1,2.304e-16,4.411417,,sotto,mute da t_ins+t_grad+20 ms a t_rel
gm10x0_lz_iii_c,l29d2_iii,1000,0,10a0,100k,A_ins,FIXJACK2,8.92e-14,3.024708,2.000,sotto,riferimento g0sempre_lz_iii
gm10x0_lz_iii_c,l29d2_iii,1000,0,10a0,100k,A_rel,FIXJACK2,4.529e-11,5.764448,2.000,sotto,riferimento g0mai_lz_iii
gm10x0_lz_iii_c,l29d2_iii,1000,0,10a0,100k,B2,FIXJACK2,4.463e-16,4.818167,,sotto,mute da t_ins+t_grad+20 ms a t_rel
pav_gm0x10_0_iii,pavimento,1000,0,0a10,100k,A_pav,MAINJACK,9.859e-12,1.005979,2.000,sotto,contro gm0x10_lz_iii_i
pav_gm0x10_0_iii,pavimento,1000,0,0a10,100k,A_pav,FIXJACK1,9.403e-12,1.009010,2.000,sotto,contro gm0x10_lz_iii_i
pav_gm0x10_0_iii,pavimento,1000,0,0a10,100k,A_pav,FIXJACK2,2.953e-11,1.022302,2.000,sotto,contro gm0x10_lz_iii_i
pav_gm0x10_1_iii,pavimento,1000,0,0a10,100k,A_pav,MAINJACK,4.455e-08,3.024010,2.000,sotto,contro gm0x10_lz_iii_i
pav_gm0x10_1_iii,pavimento,1000,0,0a10,100k,A_pav,FIXJACK1,9.687e-12,3.024531,2.000,sotto,contro gm0x10_lz_iii_i
pav_gm0x10_1_iii,pavimento,1000,0,0a10,100k,A_pav,FIXJACK2,9.684e-12,3.024531,2.000,sotto,contro gm0x10_lz_iii_i
pav_gm0x10_2_iii,pavimento,1000,0,0a10,100k,A_pav,MAINJACK,4.864e-11,5.834552,2.000,sotto,contro gm0x10_lz_iii_i
pav_gm0x10_2_iii,pavimento,1000,0,0a10,100k,A_pav,FIXJACK1,1.63e-11,5.049042,2.000,sotto,contro gm0x10_lz_iii_i
pav_gm0x10_2_iii,pavimento,1000,0,0a10,100k,A_pav,FIXJACK2,3.868e-11,6.917385,2.000,sotto,contro gm0x10_lz_iii_i
tm0x6_1k_iii_i,l29d2_iii,1000,3.818,t0a6,100k,A_ins,MAINJACK,12.72,1.024490,2.000,SOPRA,riferimento g10sempre_1k_iii
tm0x6_1k_iii_i,l29d2_iii,1000,3.818,t0a6,100k,A_rel,MAINJACK,12.71,3.024021,2.000,SOPRA,riferimento g10mai_1k_iii
tm0x6_1k_iii_i,l29d2_iii,1000,3.818,t0a6,100k,B2,MAINJACK,0.006736,1.050885,,SOPRA,mute da t_ins+t_grad+20 ms a t_rel
tm0x6_1k_iii_i,l29d2_iii,1000,3.818,t0a6,100k,B2g,MAINJACK,1.345e-05,2.511781,,sotto,jack grezzo da t_ins+t_grad+20 ms a t_rel (ADR-063)
tm0x6_1k_iii_i,l29d2_iii,1000,3.818,t0a6,100k,C1_ins,MAINJACK,7.066,1.024490,,SOPRA,"diagnostica, cond 1"
tm0x6_1k_iii_i,l29d2_iii,1000,3.818,t0a6,100k,C1_rel,MAINJACK,1.296e-05,3.024615,,sotto,"diagnostica, cond 1"
tm0x6_1k_iii_i,l29d2_iii,1000,3.818,t0a6,100k,C2_ins,MAINJACK,7.066,1.024490,,SOPRA,"riferimento g10sempre_1k_iii, cond 1"
tm0x6_1k_iii_i,l29d2_iii,1000,3.818,t0a6,100k,C2_rel,MAINJACK,0.000502,3.238510,,sotto,"riferimento g10mai_1k_iii, cond 1"
tm0x6_1k_iii_i,l29d2_iii,1000,3.818,t0a6,100k,A_ins,FIXJACK1,4.039,1.024490,2.000,SOPRA,riferimento g10sempre_1k_iii
tm0x6_1k_iii_i,l29d2_iii,1000,3.818,t0a6,100k,A_rel,FIXJACK1,4.035,3.024021,2.000,SOPRA,riferimento g10mai_1k_iii
tm0x6_1k_iii_i,l29d2_iii,1000,3.818,t0a6,100k,B2,FIXJACK1,0.002141,1.050885,,SOPRA,mute da t_ins+t_grad+20 ms a t_rel
tm0x6_1k_iii_i,l29d2_iii,1000,3.818,t0a6,100k,B2g,FIXJACK1,4.265e-06,2.511781,,sotto,jack grezzo da t_ins+t_grad+20 ms a t_rel (ADR-063)
tm0x6_1k_iii_i,l29d2_iii,1000,3.818,t0a6,100k,C1_ins,FIXJACK1,2.244,1.024490,,SOPRA,"diagnostica, cond 1"
tm0x6_1k_iii_i,l29d2_iii,1000,3.818,t0a6,100k,C1_rel,FIXJACK1,3.632e-06,3.009885,,sotto,"diagnostica, cond 1"
tm0x6_1k_iii_i,l29d2_iii,1000,3.818,t0a6,100k,C2_ins,FIXJACK1,2.244,1.024490,,SOPRA,"riferimento g10sempre_1k_iii, cond 1"
tm0x6_1k_iii_i,l29d2_iii,1000,3.818,t0a6,100k,C2_rel,FIXJACK1,2.049e-05,3.017406,,sotto,"riferimento g10mai_1k_iii, cond 1"
tm0x6_1k_iii_i,l29d2_iii,1000,3.818,t0a6,100k,A_ins,FIXJACK2,4.039,1.024490,2.000,SOPRA,riferimento g10sempre_1k_iii
tm0x6_1k_iii_i,l29d2_iii,1000,3.818,t0a6,100k,A_rel,FIXJACK2,4.035,3.024021,2.000,SOPRA,riferimento g10mai_1k_iii
tm0x6_1k_iii_i,l29d2_iii,1000,3.818,t0a6,100k,B2,FIXJACK2,0.002141,1.050885,,SOPRA,mute da t_ins+t_grad+20 ms a t_rel
tm0x6_1k_iii_i,l29d2_iii,1000,3.818,t0a6,100k,B2g,FIXJACK2,4.265e-06,2.511781,,sotto,jack grezzo da t_ins+t_grad+20 ms a t_rel (ADR-063)
tm0x6_1k_iii_i,l29d2_iii,1000,3.818,t0a6,100k,C1_ins,FIXJACK2,2.244,1.024490,,SOPRA,"diagnostica, cond 1"
tm0x6_1k_iii_i,l29d2_iii,1000,3.818,t0a6,100k,C1_rel,FIXJACK2,3.632e-06,3.009885,,sotto,"diagnostica, cond 1"
tm0x6_1k_iii_i,l29d2_iii,1000,3.818,t0a6,100k,C2_ins,FIXJACK2,2.244,1.024490,,SOPRA,"riferimento g10sempre_1k_iii, cond 1"
tm0x6_1k_iii_i,l29d2_iii,1000,3.818,t0a6,100k,C2_rel,FIXJACK2,2.049e-05,3.017406,,sotto,"riferimento g10mai_1k_iii, cond 1"
tm0x6_1k_iii_c,l29d2_iii,1000,3.818,t0a6,100k,A_ins,MAINJACK,1.387e-05,3.024615,2.000,sotto,riferimento t6sempre_1k_iii
tm0x6_1k_iii_c,l29d2_iii,1000,3.818,t0a6,100k,A_rel,MAINJACK,6.315,5.024021,2.000,SOPRA,riferimento t6mai_1k_iii
tm0x6_1k_iii_c,l29d2_iii,1000,3.818,t0a6,100k,B2,MAINJACK,1.052e-05,3.709760,,sotto,mute da t_ins+t_grad+20 ms a t_rel
tm0x6_1k_iii_c,l29d2_iii,1000,3.818,t0a6,100k,B2g,MAINJACK,1.401e-05,3.202781,,sotto,jack grezzo da t_ins+t_grad+20 ms a t_rel (ADR-063)
tm0x6_1k_iii_c,l29d2_iii,1000,3.818,t0a6,100k,C1_ins,MAINJACK,1.296e-05,3.024615,,sotto,"diagnostica, cond 1"
tm0x6_1k_iii_c,l29d2_iii,1000,3.818,t0a6,100k,C1_rel,MAINJACK,6.071,5.049042,,SOPRA,"diagnostica, cond 1"
tm0x6_1k_iii_c,l29d2_iii,1000,3.818,t0a6,100k,C2_ins,MAINJACK,1.296e-05,3.024615,,sotto,"riferimento t6sempre_1k_iii, cond 1"
tm0x6_1k_iii_c,l29d2_iii,1000,3.818,t0a6,100k,C2_rel,MAINJACK,6.071,5.049042,,SOPRA,"riferimento t6mai_1k_iii, cond 1"
tm0x6_1k_iii_c,l29d2_iii,1000,3.818,t0a6,100k,A_ins,FIXJACK1,3.201e-06,3.642760,2.000,sotto,riferimento t6sempre_1k_iii
tm0x6_1k_iii_c,l29d2_iii,1000,3.818,t0a6,100k,A_rel,FIXJACK1,4.034,5.024021,2.000,SOPRA,riferimento t6mai_1k_iii
tm0x6_1k_iii_c,l29d2_iii,1000,3.818,t0a6,100k,B2,FIXJACK1,3.469e-06,3.709760,,sotto,mute da t_ins+t_grad+20 ms a t_rel
tm0x6_1k_iii_c,l29d2_iii,1000,3.818,t0a6,100k,B2g,FIXJACK1,4.545e-06,3.202781,,sotto,jack grezzo da t_ins+t_grad+20 ms a t_rel (ADR-063)
tm0x6_1k_iii_c,l29d2_iii,1000,3.818,t0a6,100k,C1_ins,FIXJACK1,3.632e-06,3.009885,,sotto,"diagnostica, cond 1"
tm0x6_1k_iii_c,l29d2_iii,1000,3.818,t0a6,100k,C1_rel,FIXJACK1,3.878,5.049042,,SOPRA,"diagnostica, cond 1"
tm0x6_1k_iii_c,l29d2_iii,1000,3.818,t0a6,100k,C2_ins,FIXJACK1,3.632e-06,3.009885,,sotto,"riferimento t6sempre_1k_iii, cond 1"
tm0x6_1k_iii_c,l29d2_iii,1000,3.818,t0a6,100k,C2_rel,FIXJACK1,3.878,5.049042,,SOPRA,"riferimento t6mai_1k_iii, cond 1"
tm0x6_1k_iii_c,l29d2_iii,1000,3.818,t0a6,100k,A_ins,FIXJACK2,3.201e-06,3.642760,2.000,sotto,riferimento t6sempre_1k_iii
tm0x6_1k_iii_c,l29d2_iii,1000,3.818,t0a6,100k,A_rel,FIXJACK2,4.034,5.024021,2.000,SOPRA,riferimento t6mai_1k_iii
tm0x6_1k_iii_c,l29d2_iii,1000,3.818,t0a6,100k,B2,FIXJACK2,3.469e-06,3.709760,,sotto,mute da t_ins+t_grad+20 ms a t_rel
tm0x6_1k_iii_c,l29d2_iii,1000,3.818,t0a6,100k,B2g,FIXJACK2,4.545e-06,3.202781,,sotto,jack grezzo da t_ins+t_grad+20 ms a t_rel (ADR-063)
tm0x6_1k_iii_c,l29d2_iii,1000,3.818,t0a6,100k,C1_ins,FIXJACK2,3.632e-06,3.009885,,sotto,"diagnostica, cond 1"
tm0x6_1k_iii_c,l29d2_iii,1000,3.818,t0a6,100k,C1_rel,FIXJACK2,3.878,5.049042,,SOPRA,"diagnostica, cond 1"
tm0x6_1k_iii_c,l29d2_iii,1000,3.818,t0a6,100k,C2_ins,FIXJACK2,3.632e-06,3.009885,,sotto,"riferimento t6sempre_1k_iii, cond 1"
tm0x6_1k_iii_c,l29d2_iii,1000,3.818,t0a6,100k,C2_rel,FIXJACK2,3.878,5.049042,,SOPRA,"riferimento t6mai_1k_iii, cond 1"
tm6x0_1k_iii_i,l29d2_iii,1000,3.818,t6a0,100k,A_ins,MAINJACK,6.32,1.024490,2.000,SOPRA,riferimento t6sempre_1k_iii
tm6x0_1k_iii_i,l29d2_iii,1000,3.818,t6a0,100k,A_rel,MAINJACK,6.315,3.024021,2.000,SOPRA,riferimento t6mai_1k_iii
tm6x0_1k_iii_i,l29d2_iii,1000,3.818,t6a0,100k,B2,MAINJACK,0.00339,1.050979,,SOPRA,mute da t_ins+t_grad+20 ms a t_rel
tm6x0_1k_iii_i,l29d2_iii,1000,3.818,t6a0,100k,B2g,MAINJACK,4.348e-05,2.654781,,sotto,jack grezzo da t_ins+t_grad+20 ms a t_rel (ADR-063)
tm6x0_1k_iii_i,l29d2_iii,1000,3.818,t6a0,100k,C1_ins,MAINJACK,3.51,1.024490,,SOPRA,"diagnostica, cond 1"
tm6x0_1k_iii_i,l29d2_iii,1000,3.818,t6a0,100k,C1_rel,MAINJACK,3.122e-05,3.018063,,sotto,"diagnostica, cond 1"
tm6x0_1k_iii_i,l29d2_iii,1000,3.818,t6a0,100k,C2_ins,MAINJACK,3.51,1.024490,,SOPRA,"riferimento t6sempre_1k_iii, cond 1"
tm6x0_1k_iii_i,l29d2_iii,1000,3.818,t6a0,100k,C2_rel,MAINJACK,8.225e-05,3.016938,,sotto,"riferimento t6mai_1k_iii, cond 1"
tm6x0_1k_iii_i,l29d2_iii,1000,3.818,t6a0,100k,A_ins,FIXJACK1,4.04,1.024490,2.000,SOPRA,riferimento t6sempre_1k_iii
tm6x0_1k_iii_i,l29d2_iii,1000,3.818,t6a0,100k,A_rel,FIXJACK1,4.034,3.024021,2.000,SOPRA,riferimento t6mai_1k_iii
tm6x0_1k_iii_i,l29d2_iii,1000,3.818,t6a0,100k,B2,FIXJACK1,0.002168,1.050979,,SOPRA,mute da t_ins+t_grad+20 ms a t_rel
tm6x0_1k_iii_i,l29d2_iii,1000,3.818,t6a0,100k,B2g,FIXJACK1,2.782e-05,2.654781,,sotto,jack grezzo da t_ins+t_grad+20 ms a t_rel (ADR-063)
tm6x0_1k_iii_i,l29d2_iii,1000,3.818,t6a0,100k,C1_ins,FIXJACK1,2.244,1.024490,,SOPRA,"diagnostica, cond 1"
tm6x0_1k_iii_i,l29d2_iii,1000,3.818,t6a0,100k,C1_rel,FIXJACK1,1.995e-05,3.018063,,sotto,"diagnostica, cond 1"
tm6x0_1k_iii_i,l29d2_iii,1000,3.818,t6a0,100k,C2_ins,FIXJACK1,2.244,1.024490,,SOPRA,"riferimento t6sempre_1k_iii, cond 1"
tm6x0_1k_iii_i,l29d2_iii,1000,3.818,t6a0,100k,C2_rel,FIXJACK1,3.342e-05,3.020896,,sotto,"riferimento t6mai_1k_iii, cond 1"
tm6x0_1k_iii_i,l29d2_iii,1000,3.818,t6a0,100k,A_ins,FIXJACK2,4.04,1.024490,2.000,SOPRA,riferimento t6sempre_1k_iii
tm6x0_1k_iii_i,l29d2_iii,1000,3.818,t6a0,100k,A_rel,FIXJACK2,4.034,3.024021,2.000,SOPRA,riferimento t6mai_1k_iii
tm6x0_1k_iii_i,l29d2_iii,1000,3.818,t6a0,100k,B2,FIXJACK2,0.002168,1.050979,,SOPRA,mute da t_ins+t_grad+20 ms a t_rel
tm6x0_1k_iii_i,l29d2_iii,1000,3.818,t6a0,100k,B2g,FIXJACK2,2.782e-05,2.654781,,sotto,jack grezzo da t_ins+t_grad+20 ms a t_rel (ADR-063)
tm6x0_1k_iii_i,l29d2_iii,1000,3.818,t6a0,100k,C1_ins,FIXJACK2,2.244,1.024490,,SOPRA,"diagnostica, cond 1"
tm6x0_1k_iii_i,l29d2_iii,1000,3.818,t6a0,100k,C1_rel,FIXJACK2,1.995e-05,3.018063,,sotto,"diagnostica, cond 1"
tm6x0_1k_iii_i,l29d2_iii,1000,3.818,t6a0,100k,C2_ins,FIXJACK2,2.244,1.024490,,SOPRA,"riferimento t6sempre_1k_iii, cond 1"
tm6x0_1k_iii_i,l29d2_iii,1000,3.818,t6a0,100k,C2_rel,FIXJACK2,3.342e-05,3.020896,,sotto,"riferimento t6mai_1k_iii, cond 1"
tm6x0_1k_iii_c,l29d2_iii,1000,3.818,t6a0,100k,A_ins,MAINJACK,2.892e-05,3.024625,2.000,sotto,riferimento g10sempre_1k_iii
tm6x0_1k_iii_c,l29d2_iii,1000,3.818,t6a0,100k,A_rel,MAINJACK,12.71,5.024021,2.000,SOPRA,riferimento g10mai_1k_iii
tm6x0_1k_iii_c,l29d2_iii,1000,3.818,t6a0,100k,B2,MAINJACK,1.141e-06,3.044156,,sotto,mute da t_ins+t_grad+20 ms a t_rel
tm6x0_1k_iii_c,l29d2_iii,1000,3.818,t6a0,100k,B2g,MAINJACK,9.296e-07,3.044135,,sotto,jack grezzo da t_ins+t_grad+20 ms a t_rel (ADR-063)
tm6x0_1k_iii_c,l29d2_iii,1000,3.818,t6a0,100k,C1_ins,MAINJACK,3.122e-05,3.018063,,sotto,"diagnostica, cond 1"
tm6x0_1k_iii_c,l29d2_iii,1000,3.818,t6a0,100k,C1_rel,MAINJACK,11.47,5.049031,,SOPRA,"diagnostica, cond 1"
tm6x0_1k_iii_c,l29d2_iii,1000,3.818,t6a0,100k,C2_ins,MAINJACK,3.081e-05,3.018063,,sotto,"riferimento g10sempre_1k_iii, cond 1"
tm6x0_1k_iii_c,l29d2_iii,1000,3.818,t6a0,100k,C2_rel,MAINJACK,11.47,5.049031,,SOPRA,"riferimento g10mai_1k_iii, cond 1"
tm6x0_1k_iii_c,l29d2_iii,1000,3.818,t6a0,100k,A_ins,FIXJACK1,1.748e-05,3.024625,2.000,sotto,riferimento g10sempre_1k_iii
tm6x0_1k_iii_c,l29d2_iii,1000,3.818,t6a0,100k,A_rel,FIXJACK1,4.035,5.024021,2.000,SOPRA,riferimento g10mai_1k_iii
tm6x0_1k_iii_c,l29d2_iii,1000,3.818,t6a0,100k,B2,FIXJACK1,4.734e-07,3.044156,,sotto,mute da t_ins+t_grad+20 ms a t_rel
tm6x0_1k_iii_c,l29d2_iii,1000,3.818,t6a0,100k,B2g,FIXJACK1,3.408e-07,4.059156,,sotto,jack grezzo da t_ins+t_grad+20 ms a t_rel (ADR-063)
tm6x0_1k_iii_c,l29d2_iii,1000,3.818,t6a0,100k,C1_ins,FIXJACK1,1.995e-05,3.018063,,sotto,"diagnostica, cond 1"
tm6x0_1k_iii_c,l29d2_iii,1000,3.818,t6a0,100k,C1_rel,FIXJACK1,3.873,5.049042,,SOPRA,"diagnostica, cond 1"
tm6x0_1k_iii_c,l29d2_iii,1000,3.818,t6a0,100k,C2_ins,FIXJACK1,1.995e-05,3.018063,,sotto,"riferimento g10sempre_1k_iii, cond 1"
tm6x0_1k_iii_c,l29d2_iii,1000,3.818,t6a0,100k,C2_rel,FIXJACK1,3.873,5.049042,,SOPRA,"riferimento g10mai_1k_iii, cond 1"
tm6x0_1k_iii_c,l29d2_iii,1000,3.818,t6a0,100k,A_ins,FIXJACK2,1.748e-05,3.024625,2.000,sotto,riferimento g10sempre_1k_iii
tm6x0_1k_iii_c,l29d2_iii,1000,3.818,t6a0,100k,A_rel,FIXJACK2,4.035,5.024021,2.000,SOPRA,riferimento g10mai_1k_iii
tm6x0_1k_iii_c,l29d2_iii,1000,3.818,t6a0,100k,B2,FIXJACK2,4.734e-07,3.044156,,sotto,mute da t_ins+t_grad+20 ms a t_rel
tm6x0_1k_iii_c,l29d2_iii,1000,3.818,t6a0,100k,B2g,FIXJACK2,3.408e-07,4.059156,,sotto,jack grezzo da t_ins+t_grad+20 ms a t_rel (ADR-063)
tm6x0_1k_iii_c,l29d2_iii,1000,3.818,t6a0,100k,C1_ins,FIXJACK2,1.995e-05,3.018063,,sotto,"diagnostica, cond 1"
tm6x0_1k_iii_c,l29d2_iii,1000,3.818,t6a0,100k,C1_rel,FIXJACK2,3.873,5.049042,,SOPRA,"diagnostica, cond 1"
tm6x0_1k_iii_c,l29d2_iii,1000,3.818,t6a0,100k,C2_ins,FIXJACK2,1.995e-05,3.018063,,sotto,"riferimento g10sempre_1k_iii, cond 1"
tm6x0_1k_iii_c,l29d2_iii,1000,3.818,t6a0,100k,C2_rel,FIXJACK2,3.873,5.049042,,SOPRA,"riferimento g10mai_1k_iii, cond 1"
tm6x12_1k_iii_i,l29d2_iii,1000,3.818,t6a12,100k,A_ins,MAINJACK,6.32,1.024490,2.000,SOPRA,riferimento t6sempre_1k_iii
tm6x12_1k_iii_i,l29d2_iii,1000,3.818,t6a12,100k,A_rel,MAINJACK,6.315,3.024021,2.000,SOPRA,riferimento t6mai_1k_iii
tm6x12_1k_iii_i,l29d2_iii,1000,3.818,t6a12,100k,B2,MAINJACK,0.00339,1.050979,,SOPRA,mute da t_ins+t_grad+20 ms a t_rel
tm6x12_1k_iii_i,l29d2_iii,1000,3.818,t6a12,100k,B2g,MAINJACK,4.348e-05,2.654781,,sotto,jack grezzo da t_ins+t_grad+20 ms a t_rel (ADR-063)
tm6x12_1k_iii_i,l29d2_iii,1000,3.818,t6a12,100k,C1_ins,MAINJACK,3.51,1.024490,,SOPRA,"diagnostica, cond 1"
tm6x12_1k_iii_i,l29d2_iii,1000,3.818,t6a12,100k,C1_rel,MAINJACK,3.156e-05,3.115021,,sotto,"diagnostica, cond 1"
tm6x12_1k_iii_i,l29d2_iii,1000,3.818,t6a12,100k,C2_ins,MAINJACK,3.51,1.024490,,SOPRA,"riferimento t6sempre_1k_iii, cond 1"
tm6x12_1k_iii_i,l29d2_iii,1000,3.818,t6a12,100k,C2_rel,MAINJACK,8.51e-05,3.130937,,sotto,"riferimento t6mai_1k_iii, cond 1"
tm6x12_1k_iii_i,l29d2_iii,1000,3.818,t6a12,100k,A_ins,FIXJACK1,4.04,1.024490,2.000,SOPRA,riferimento t6sempre_1k_iii
tm6x12_1k_iii_i,l29d2_iii,1000,3.818,t6a12,100k,A_rel,FIXJACK1,4.034,3.024021,2.000,SOPRA,riferimento t6mai_1k_iii
tm6x12_1k_iii_i,l29d2_iii,1000,3.818,t6a12,100k,B2,FIXJACK1,0.002168,1.050979,,SOPRA,mute da t_ins+t_grad+20 ms a t_rel
tm6x12_1k_iii_i,l29d2_iii,1000,3.818,t6a12,100k,B2g,FIXJACK1,2.782e-05,2.654781,,sotto,jack grezzo da t_ins+t_grad+20 ms a t_rel (ADR-063)
tm6x12_1k_iii_i,l29d2_iii,1000,3.818,t6a12,100k,C1_ins,FIXJACK1,2.244,1.024490,,SOPRA,"diagnostica, cond 1"
tm6x12_1k_iii_i,l29d2_iii,1000,3.818,t6a12,100k,C1_rel,FIXJACK1,2.016e-05,3.115021,,sotto,"diagnostica, cond 1"
tm6x12_1k_iii_i,l29d2_iii,1000,3.818,t6a12,100k,C2_ins,FIXJACK1,2.244,1.024490,,SOPRA,"riferimento t6sempre_1k_iii, cond 1"
tm6x12_1k_iii_i,l29d2_iii,1000,3.818,t6a12,100k,C2_rel,FIXJACK1,3.555e-05,3.245896,,sotto,"riferimento t6mai_1k_iii, cond 1"
tm6x12_1k_iii_i,l29d2_iii,1000,3.818,t6a12,100k,A_ins,FIXJACK2,4.04,1.024490,2.000,SOPRA,riferimento t6sempre_1k_iii
tm6x12_1k_iii_i,l29d2_iii,1000,3.818,t6a12,100k,A_rel,FIXJACK2,4.034,3.024021,2.000,SOPRA,riferimento t6mai_1k_iii
tm6x12_1k_iii_i,l29d2_iii,1000,3.818,t6a12,100k,B2,FIXJACK2,0.002168,1.050979,,SOPRA,mute da t_ins+t_grad+20 ms a t_rel
tm6x12_1k_iii_i,l29d2_iii,1000,3.818,t6a12,100k,B2g,FIXJACK2,2.782e-05,2.654781,,sotto,jack grezzo da t_ins+t_grad+20 ms a t_rel (ADR-063)
tm6x12_1k_iii_i,l29d2_iii,1000,3.818,t6a12,100k,C1_ins,FIXJACK2,2.244,1.024490,,SOPRA,"diagnostica, cond 1"
tm6x12_1k_iii_i,l29d2_iii,1000,3.818,t6a12,100k,C1_rel,FIXJACK2,2.016e-05,3.115021,,sotto,"diagnostica, cond 1"
tm6x12_1k_iii_i,l29d2_iii,1000,3.818,t6a12,100k,C2_ins,FIXJACK2,2.244,1.024490,,SOPRA,"riferimento t6sempre_1k_iii, cond 1"
tm6x12_1k_iii_i,l29d2_iii,1000,3.818,t6a12,100k,C2_rel,FIXJACK2,3.555e-05,3.245896,,sotto,"riferimento t6mai_1k_iii, cond 1"
tm6x12_1k_iii_c,l29d2_iii,1000,3.818,t6a12,100k,A_ins,MAINJACK,3.334e-05,3.708531,2.000,sotto,riferimento t12sempre_1k_iii
tm6x12_1k_iii_c,l29d2_iii,1000,3.818,t6a12,100k,A_rel,MAINJACK,3.194,5.024021,2.000,SOPRA,riferimento t12mai_1k_iii
tm6x12_1k_iii_c,l29d2_iii,1000,3.818,t6a12,100k,B2,MAINJACK,3.318e-05,3.708531,,sotto,mute da t_ins+t_grad+20 ms a t_rel
tm6x12_1k_iii_c,l29d2_iii,1000,3.818,t6a12,100k,B2g,MAINJACK,4.326e-05,3.147281,,sotto,jack grezzo da t_ins+t_grad+20 ms a t_rel (ADR-063)
tm6x12_1k_iii_c,l29d2_iii,1000,3.818,t6a12,100k,C1_ins,MAINJACK,3.156e-05,3.115021,,sotto,"diagnostica, cond 1"
tm6x12_1k_iii_c,l29d2_iii,1000,3.818,t6a12,100k,C1_rel,MAINJACK,3.082,5.049042,,SOPRA,"diagnostica, cond 1"
tm6x12_1k_iii_c,l29d2_iii,1000,3.818,t6a12,100k,C2_ins,MAINJACK,3.156e-05,3.115021,,sotto,"riferimento t12sempre_1k_iii, cond 1"
tm6x12_1k_iii_c,l29d2_iii,1000,3.818,t6a12,100k,C2_rel,MAINJACK,3.082,5.049042,,SOPRA,"riferimento t12mai_1k_iii, cond 1"
tm6x12_1k_iii_c,l29d2_iii,1000,3.818,t6a12,100k,A_ins,FIXJACK1,2.13e-05,3.708531,2.000,sotto,riferimento t12sempre_1k_iii
tm6x12_1k_iii_c,l29d2_iii,1000,3.818,t6a12,100k,A_rel,FIXJACK1,4.034,5.024021,2.000,SOPRA,riferimento t12mai_1k_iii
tm6x12_1k_iii_c,l29d2_iii,1000,3.818,t6a12,100k,B2,FIXJACK1,2.106e-05,3.708531,,sotto,mute da t_ins+t_grad+20 ms a t_rel
tm6x12_1k_iii_c,l29d2_iii,1000,3.818,t6a12,100k,B2g,FIXJACK1,2.777e-05,3.147281,,sotto,jack grezzo da t_ins+t_grad+20 ms a t_rel (ADR-063)
tm6x12_1k_iii_c,l29d2_iii,1000,3.818,t6a12,100k,C1_ins,FIXJACK1,2.016e-05,3.115021,,sotto,"diagnostica, cond 1"
tm6x12_1k_iii_c,l29d2_iii,1000,3.818,t6a12,100k,C1_rel,FIXJACK1,3.882,5.049042,,SOPRA,"diagnostica, cond 1"
tm6x12_1k_iii_c,l29d2_iii,1000,3.818,t6a12,100k,C2_ins,FIXJACK1,2.016e-05,3.115021,,sotto,"riferimento t12sempre_1k_iii, cond 1"
tm6x12_1k_iii_c,l29d2_iii,1000,3.818,t6a12,100k,C2_rel,FIXJACK1,3.882,5.049042,,SOPRA,"riferimento t12mai_1k_iii, cond 1"
tm6x12_1k_iii_c,l29d2_iii,1000,3.818,t6a12,100k,A_ins,FIXJACK2,2.13e-05,3.708531,2.000,sotto,riferimento t12sempre_1k_iii
tm6x12_1k_iii_c,l29d2_iii,1000,3.818,t6a12,100k,A_rel,FIXJACK2,4.034,5.024021,2.000,SOPRA,riferimento t12mai_1k_iii
tm6x12_1k_iii_c,l29d2_iii,1000,3.818,t6a12,100k,B2,FIXJACK2,2.106e-05,3.708531,,sotto,mute da t_ins+t_grad+20 ms a t_rel
tm6x12_1k_iii_c,l29d2_iii,1000,3.818,t6a12,100k,B2g,FIXJACK2,2.777e-05,3.147281,,sotto,jack grezzo da t_ins+t_grad+20 ms a t_rel (ADR-063)
tm6x12_1k_iii_c,l29d2_iii,1000,3.818,t6a12,100k,C1_ins,FIXJACK2,2.016e-05,3.115021,,sotto,"diagnostica, cond 1"
tm6x12_1k_iii_c,l29d2_iii,1000,3.818,t6a12,100k,C1_rel,FIXJACK2,3.882,5.049042,,SOPRA,"diagnostica, cond 1"
tm6x12_1k_iii_c,l29d2_iii,1000,3.818,t6a12,100k,C2_ins,FIXJACK2,2.016e-05,3.115021,,sotto,"riferimento t12sempre_1k_iii, cond 1"
tm6x12_1k_iii_c,l29d2_iii,1000,3.818,t6a12,100k,C2_rel,FIXJACK2,3.882,5.049042,,SOPRA,"riferimento t12mai_1k_iii, cond 1"
tm12x6_1k_iii_i,l29d2_iii,1000,3.818,t12a6,100k,A_ins,MAINJACK,3.196,1.024490,2.000,SOPRA,riferimento t12sempre_1k_iii
tm12x6_1k_iii_i,l29d2_iii,1000,3.818,t12a6,100k,A_rel,MAINJACK,3.194,3.024021,2.000,SOPRA,riferimento t12mai_1k_iii
tm12x6_1k_iii_i,l29d2_iii,1000,3.818,t12a6,100k,B2,MAINJACK,0.00172,1.050792,,SOPRA,mute da t_ins+t_grad+20 ms a t_rel
tm12x6_1k_iii_i,l29d2_iii,1000,3.818,t12a6,100k,B2g,MAINJACK,3.304e-05,2.854281,,sotto,jack grezzo da t_ins+t_grad+20 ms a t_rel (ADR-063)
tm12x6_1k_iii_i,l29d2_iii,1000,3.818,t12a6,100k,C1_ins,MAINJACK,1.775,1.024490,,SOPRA,"diagnostica, cond 1"
tm12x6_1k_iii_i,l29d2_iii,1000,3.818,t12a6,100k,C1_rel,MAINJACK,2.456e-05,3.176760,,sotto,"diagnostica, cond 1"
tm12x6_1k_iii_i,l29d2_iii,1000,3.818,t12a6,100k,C2_ins,MAINJACK,1.775,1.024490,,SOPRA,"riferimento t12sempre_1k_iii, cond 1"
tm12x6_1k_iii_i,l29d2_iii,1000,3.818,t12a6,100k,C2_rel,MAINJACK,3.873e-05,3.059146,,sotto,"riferimento t12mai_1k_iii, cond 1"
tm12x6_1k_iii_i,l29d2_iii,1000,3.818,t12a6,100k,A_ins,FIXJACK1,4.04,1.024490,2.000,SOPRA,riferimento t12sempre_1k_iii
tm12x6_1k_iii_i,l29d2_iii,1000,3.818,t12a6,100k,A_rel,FIXJACK1,4.034,3.024021,2.000,SOPRA,riferimento t12mai_1k_iii
tm12x6_1k_iii_i,l29d2_iii,1000,3.818,t12a6,100k,B2,FIXJACK1,0.002172,1.050792,,SOPRA,mute da t_ins+t_grad+20 ms a t_rel
tm12x6_1k_iii_i,l29d2_iii,1000,3.818,t12a6,100k,B2g,FIXJACK1,4.177e-05,2.854281,,sotto,jack grezzo da t_ins+t_grad+20 ms a t_rel (ADR-063)
tm12x6_1k_iii_i,l29d2_iii,1000,3.818,t12a6,100k,C1_ins,FIXJACK1,2.244,1.024490,,SOPRA,"diagnostica, cond 1"
tm12x6_1k_iii_i,l29d2_iii,1000,3.818,t12a6,100k,C1_rel,FIXJACK1,3.102e-05,3.176760,,sotto,"diagnostica, cond 1"
tm12x6_1k_iii_i,l29d2_iii,1000,3.818,t12a6,100k,C2_ins,FIXJACK1,2.244,1.024490,,SOPRA,"riferimento t12sempre_1k_iii, cond 1"
tm12x6_1k_iii_i,l29d2_iii,1000,3.818,t12a6,100k,C2_rel,FIXJACK1,4.34e-05,3.059146,,sotto,"riferimento t12mai_1k_iii, cond 1"
tm12x6_1k_iii_i,l29d2_iii,1000,3.818,t12a6,100k,A_ins,FIXJACK2,4.04,1.024490,2.000,SOPRA,riferimento t12sempre_1k_iii
tm12x6_1k_iii_i,l29d2_iii,1000,3.818,t12a6,100k,A_rel,FIXJACK2,4.034,3.024021,2.000,SOPRA,riferimento t12mai_1k_iii
tm12x6_1k_iii_i,l29d2_iii,1000,3.818,t12a6,100k,B2,FIXJACK2,0.002172,1.050792,,SOPRA,mute da t_ins+t_grad+20 ms a t_rel
tm12x6_1k_iii_i,l29d2_iii,1000,3.818,t12a6,100k,B2g,FIXJACK2,4.177e-05,2.854281,,sotto,jack grezzo da t_ins+t_grad+20 ms a t_rel (ADR-063)
tm12x6_1k_iii_i,l29d2_iii,1000,3.818,t12a6,100k,C1_ins,FIXJACK2,2.244,1.024490,,SOPRA,"diagnostica, cond 1"
tm12x6_1k_iii_i,l29d2_iii,1000,3.818,t12a6,100k,C1_rel,FIXJACK2,3.102e-05,3.176760,,sotto,"diagnostica, cond 1"
tm12x6_1k_iii_i,l29d2_iii,1000,3.818,t12a6,100k,C2_ins,FIXJACK2,2.244,1.024490,,SOPRA,"riferimento t12sempre_1k_iii, cond 1"
tm12x6_1k_iii_i,l29d2_iii,1000,3.818,t12a6,100k,C2_rel,FIXJACK2,4.34e-05,3.059146,,sotto,"riferimento t12mai_1k_iii, cond 1"
tm12x6_1k_iii_c,l29d2_iii,1000,3.818,t12a6,100k,A_ins,MAINJACK,2.555e-05,4.827760,2.000,sotto,riferimento t6sempre_1k_iii
tm12x6_1k_iii_c,l29d2_iii,1000,3.818,t12a6,100k,A_rel,MAINJACK,6.315,5.024021,2.000,SOPRA,riferimento t6mai_1k_iii
tm12x6_1k_iii_c,l29d2_iii,1000,3.818,t12a6,100k,B2,MAINJACK,2.59e-05,4.827760,,sotto,mute da t_ins+t_grad+20 ms a t_rel
tm12x6_1k_iii_c,l29d2_iii,1000,3.818,t12a6,100k,B2g,MAINJACK,3.325e-05,3.150781,,sotto,jack grezzo da t_ins+t_grad+20 ms a t_rel (ADR-063)
tm12x6_1k_iii_c,l29d2_iii,1000,3.818,t12a6,100k,C1_ins,MAINJACK,2.456e-05,3.176760,,sotto,"diagnostica, cond 1"
tm12x6_1k_iii_c,l29d2_iii,1000,3.818,t12a6,100k,C1_rel,MAINJACK,6.078,5.049042,,SOPRA,"diagnostica, cond 1"
tm12x6_1k_iii_c,l29d2_iii,1000,3.818,t12a6,100k,C2_ins,MAINJACK,2.456e-05,3.176760,,sotto,"riferimento t6sempre_1k_iii, cond 1"
tm12x6_1k_iii_c,l29d2_iii,1000,3.818,t12a6,100k,C2_rel,MAINJACK,6.078,5.049042,,SOPRA,"riferimento t6mai_1k_iii, cond 1"
tm12x6_1k_iii_c,l29d2_iii,1000,3.818,t12a6,100k,A_ins,FIXJACK1,3.227e-05,4.827760,2.000,sotto,riferimento t6sempre_1k_iii
tm12x6_1k_iii_c,l29d2_iii,1000,3.818,t12a6,100k,A_rel,FIXJACK1,4.034,5.024021,2.000,SOPRA,riferimento t6mai_1k_iii
tm12x6_1k_iii_c,l29d2_iii,1000,3.818,t12a6,100k,B2,FIXJACK1,3.254e-05,4.827760,,sotto,mute da t_ins+t_grad+20 ms a t_rel
tm12x6_1k_iii_c,l29d2_iii,1000,3.818,t12a6,100k,B2g,FIXJACK1,4.185e-05,3.150781,,sotto,jack grezzo da t_ins+t_grad+20 ms a t_rel (ADR-063)
tm12x6_1k_iii_c,l29d2_iii,1000,3.818,t12a6,100k,C1_ins,FIXJACK1,3.102e-05,3.176760,,sotto,"diagnostica, cond 1"
tm12x6_1k_iii_c,l29d2_iii,1000,3.818,t12a6,100k,C1_rel,FIXJACK1,3.891,5.049042,,SOPRA,"diagnostica, cond 1"
tm12x6_1k_iii_c,l29d2_iii,1000,3.818,t12a6,100k,C2_ins,FIXJACK1,3.102e-05,3.176760,,sotto,"riferimento t6sempre_1k_iii, cond 1"
tm12x6_1k_iii_c,l29d2_iii,1000,3.818,t12a6,100k,C2_rel,FIXJACK1,3.891,5.049042,,SOPRA,"riferimento t6mai_1k_iii, cond 1"
tm12x6_1k_iii_c,l29d2_iii,1000,3.818,t12a6,100k,A_ins,FIXJACK2,3.227e-05,4.827760,2.000,sotto,riferimento t6sempre_1k_iii
tm12x6_1k_iii_c,l29d2_iii,1000,3.818,t12a6,100k,A_rel,FIXJACK2,4.034,5.024021,2.000,SOPRA,riferimento t6mai_1k_iii
tm12x6_1k_iii_c,l29d2_iii,1000,3.818,t12a6,100k,B2,FIXJACK2,3.254e-05,4.827760,,sotto,mute da t_ins+t_grad+20 ms a t_rel
tm12x6_1k_iii_c,l29d2_iii,1000,3.818,t12a6,100k,B2g,FIXJACK2,4.185e-05,3.150781,,sotto,jack grezzo da t_ins+t_grad+20 ms a t_rel (ADR-063)
tm12x6_1k_iii_c,l29d2_iii,1000,3.818,t12a6,100k,C1_ins,FIXJACK2,3.102e-05,3.176760,,sotto,"diagnostica, cond 1"
tm12x6_1k_iii_c,l29d2_iii,1000,3.818,t12a6,100k,C1_rel,FIXJACK2,3.891,5.049042,,SOPRA,"diagnostica, cond 1"
tm12x6_1k_iii_c,l29d2_iii,1000,3.818,t12a6,100k,C2_ins,FIXJACK2,3.102e-05,3.176760,,sotto,"riferimento t6sempre_1k_iii, cond 1"
tm12x6_1k_iii_c,l29d2_iii,1000,3.818,t12a6,100k,C2_rel,FIXJACK2,3.891,5.049042,,SOPRA,"riferimento t6mai_1k_iii, cond 1"
tm0x12_1k_iii_i,l29d2_iii,1000,3.818,t0a12,100k,A_ins,MAINJACK,12.72,1.024490,2.000,SOPRA,riferimento g10sempre_1k_iii
tm0x12_1k_iii_i,l29d2_iii,1000,3.818,t0a12,100k,A_rel,MAINJACK,12.71,3.024021,2.000,SOPRA,riferimento g10mai_1k_iii
tm0x12_1k_iii_i,l29d2_iii,1000,3.818,t0a12,100k,B2,MAINJACK,0.006736,1.050885,,SOPRA,mute da t_ins+t_grad+20 ms a t_rel
tm0x12_1k_iii_i,l29d2_iii,1000,3.818,t0a12,100k,B2g,MAINJACK,1.345e-05,2.511781,,sotto,jack grezzo da t_ins+t_grad+20 ms a t_rel (ADR-063)
tm0x12_1k_iii_i,l29d2_iii,1000,3.818,t0a12,100k,C1_ins,MAINJACK,7.066,1.024490,,SOPRA,"diagnostica, cond 1"
tm0x12_1k_iii_i,l29d2_iii,1000,3.818,t0a12,100k,C1_rel,MAINJACK,1.145e-05,3.009885,,sotto,"diagnostica, cond 1"
tm0x12_1k_iii_i,l29d2_iii,1000,3.818,t0a12,100k,C2_ins,MAINJACK,7.066,1.024490,,SOPRA,"riferimento g10sempre_1k_iii, cond 1"
tm0x12_1k_iii_i,l29d2_iii,1000,3.818,t0a12,100k,C2_rel,MAINJACK,0.0005018,3.018510,,sotto,"riferimento g10mai_1k_iii, cond 1"
tm0x12_1k_iii_i,l29d2_iii,1000,3.818,t0a12,100k,A_ins,FIXJACK1,4.039,1.024490,2.000,SOPRA,riferimento g10sempre_1k_iii
tm0x12_1k_iii_i,l29d2_iii,1000,3.818,t0a12,100k,A_rel,FIXJACK1,4.035,3.024021,2.000,SOPRA,riferimento g10mai_1k_iii
tm0x12_1k_iii_i,l29d2_iii,1000,3.818,t0a12,100k,B2,FIXJACK1,0.002141,1.050885,,SOPRA,mute da t_ins+t_grad+20 ms a t_rel
tm0x12_1k_iii_i,l29d2_iii,1000,3.818,t0a12,100k,B2g,FIXJACK1,4.265e-06,2.511781,,sotto,jack grezzo da t_ins+t_grad+20 ms a t_rel (ADR-063)
tm0x12_1k_iii_i,l29d2_iii,1000,3.818,t0a12,100k,C1_ins,FIXJACK1,2.244,1.024490,,SOPRA,"diagnostica, cond 1"
tm0x12_1k_iii_i,l29d2_iii,1000,3.818,t0a12,100k,C1_rel,FIXJACK1,3.632e-06,3.009885,,sotto,"diagnostica, cond 1"
tm0x12_1k_iii_i,l29d2_iii,1000,3.818,t0a12,100k,C2_ins,FIXJACK1,2.244,1.024490,,SOPRA,"riferimento g10sempre_1k_iii, cond 1"
tm0x12_1k_iii_i,l29d2_iii,1000,3.818,t0a12,100k,C2_rel,FIXJACK1,2.049e-05,3.017406,,sotto,"riferimento g10mai_1k_iii, cond 1"
tm0x12_1k_iii_i,l29d2_iii,1000,3.818,t0a12,100k,A_ins,FIXJACK2,4.039,1.024490,2.000,SOPRA,riferimento g10sempre_1k_iii
tm0x12_1k_iii_i,l29d2_iii,1000,3.818,t0a12,100k,A_rel,FIXJACK2,4.035,3.024021,2.000,SOPRA,riferimento g10mai_1k_iii
tm0x12_1k_iii_i,l29d2_iii,1000,3.818,t0a12,100k,B2,FIXJACK2,0.002141,1.050885,,SOPRA,mute da t_ins+t_grad+20 ms a t_rel
tm0x12_1k_iii_i,l29d2_iii,1000,3.818,t0a12,100k,B2g,FIXJACK2,4.265e-06,2.511781,,sotto,jack grezzo da t_ins+t_grad+20 ms a t_rel (ADR-063)
tm0x12_1k_iii_i,l29d2_iii,1000,3.818,t0a12,100k,C1_ins,FIXJACK2,2.244,1.024490,,SOPRA,"diagnostica, cond 1"
tm0x12_1k_iii_i,l29d2_iii,1000,3.818,t0a12,100k,C1_rel,FIXJACK2,3.632e-06,3.009885,,sotto,"diagnostica, cond 1"
tm0x12_1k_iii_i,l29d2_iii,1000,3.818,t0a12,100k,C2_ins,FIXJACK2,2.244,1.024490,,SOPRA,"riferimento g10sempre_1k_iii, cond 1"
tm0x12_1k_iii_i,l29d2_iii,1000,3.818,t0a12,100k,C2_rel,FIXJACK2,2.049e-05,3.017406,,sotto,"riferimento g10mai_1k_iii, cond 1"
tm0x12_1k_iii_c,l29d2_iii,1000,3.818,t0a12,100k,A_ins,MAINJACK,9.59e-06,3.024615,2.000,sotto,riferimento t12sempre_1k_iii
tm0x12_1k_iii_c,l29d2_iii,1000,3.818,t0a12,100k,A_rel,MAINJACK,3.194,5.024021,2.000,SOPRA,riferimento t12mai_1k_iii
tm0x12_1k_iii_c,l29d2_iii,1000,3.818,t0a12,100k,B2,MAINJACK,2.724e-07,3.046656,,sotto,mute da t_ins+t_grad+20 ms a t_rel
tm0x12_1k_iii_c,l29d2_iii,1000,3.818,t0a12,100k,B2g,MAINJACK,2.252e-07,3.127156,,sotto,jack grezzo da t_ins+t_grad+20 ms a t_rel (ADR-063)
tm0x12_1k_iii_c,l29d2_iii,1000,3.818,t0a12,100k,C1_ins,MAINJACK,1.145e-05,3.009885,,sotto,"diagnostica, cond 1"
tm0x12_1k_iii_c,l29d2_iii,1000,3.818,t0a12,100k,C1_rel,MAINJACK,3.07,5.049042,,SOPRA,"diagnostica, cond 1"
tm0x12_1k_iii_c,l29d2_iii,1000,3.818,t0a12,100k,C2_ins,MAINJACK,1.145e-05,3.009885,,sotto,"riferimento t12sempre_1k_iii, cond 1"
tm0x12_1k_iii_c,l29d2_iii,1000,3.818,t0a12,100k,C2_rel,MAINJACK,3.07,5.049042,,SOPRA,"riferimento t12mai_1k_iii, cond 1"
tm0x12_1k_iii_c,l29d2_iii,1000,3.818,t0a12,100k,A_ins,FIXJACK1,2.175e-07,3.024010,2.000,sotto,riferimento t12sempre_1k_iii
tm0x12_1k_iii_c,l29d2_iii,1000,3.818,t0a12,100k,A_rel,FIXJACK1,4.034,5.024021,2.000,SOPRA,riferimento t12mai_1k_iii
tm0x12_1k_iii_c,l29d2_iii,1000,3.818,t0a12,100k,B2,FIXJACK1,3.552e-07,3.046656,,sotto,mute da t_ins+t_grad+20 ms a t_rel
tm0x12_1k_iii_c,l29d2_iii,1000,3.818,t0a12,100k,B2g,FIXJACK1,3.415e-07,4.729156,,sotto,jack grezzo da t_ins+t_grad+20 ms a t_rel (ADR-063)
tm0x12_1k_iii_c,l29d2_iii,1000,3.818,t0a12,100k,C1_ins,FIXJACK1,3.632e-06,3.009885,,sotto,"diagnostica, cond 1"
tm0x12_1k_iii_c,l29d2_iii,1000,3.818,t0a12,100k,C1_rel,FIXJACK1,3.875,5.049042,,SOPRA,"diagnostica, cond 1"
tm0x12_1k_iii_c,l29d2_iii,1000,3.818,t0a12,100k,C2_ins,FIXJACK1,3.632e-06,3.009885,,sotto,"riferimento t12sempre_1k_iii, cond 1"
tm0x12_1k_iii_c,l29d2_iii,1000,3.818,t0a12,100k,C2_rel,FIXJACK1,3.875,5.049042,,SOPRA,"riferimento t12mai_1k_iii, cond 1"
tm0x12_1k_iii_c,l29d2_iii,1000,3.818,t0a12,100k,A_ins,FIXJACK2,2.175e-07,3.024010,2.000,sotto,riferimento t12sempre_1k_iii
tm0x12_1k_iii_c,l29d2_iii,1000,3.818,t0a12,100k,A_rel,FIXJACK2,4.034,5.024021,2.000,SOPRA,riferimento t12mai_1k_iii
tm0x12_1k_iii_c,l29d2_iii,1000,3.818,t0a12,100k,B2,FIXJACK2,3.552e-07,3.046656,,sotto,mute da t_ins+t_grad+20 ms a t_rel
tm0x12_1k_iii_c,l29d2_iii,1000,3.818,t0a12,100k,B2g,FIXJACK2,3.415e-07,4.729156,,sotto,jack grezzo da t_ins+t_grad+20 ms a t_rel (ADR-063)
tm0x12_1k_iii_c,l29d2_iii,1000,3.818,t0a12,100k,C1_ins,FIXJACK2,3.632e-06,3.009885,,sotto,"diagnostica, cond 1"
tm0x12_1k_iii_c,l29d2_iii,1000,3.818,t0a12,100k,C1_rel,FIXJACK2,3.875,5.049042,,SOPRA,"diagnostica, cond 1"
tm0x12_1k_iii_c,l29d2_iii,1000,3.818,t0a12,100k,C2_ins,FIXJACK2,3.632e-06,3.009885,,sotto,"riferimento t12sempre_1k_iii, cond 1"
tm0x12_1k_iii_c,l29d2_iii,1000,3.818,t0a12,100k,C2_rel,FIXJACK2,3.875,5.049042,,SOPRA,"riferimento t12mai_1k_iii, cond 1"
tm12x0_1k_iii_i,l29d2_iii,1000,3.818,t12a0,100k,A_ins,MAINJACK,3.196,1.024490,2.000,SOPRA,riferimento t12sempre_1k_iii
tm12x0_1k_iii_i,l29d2_iii,1000,3.818,t12a0,100k,A_rel,MAINJACK,3.194,3.024021,2.000,SOPRA,riferimento t12mai_1k_iii
tm12x0_1k_iii_i,l29d2_iii,1000,3.818,t12a0,100k,B2,MAINJACK,0.00172,1.050792,,SOPRA,mute da t_ins+t_grad+20 ms a t_rel
tm12x0_1k_iii_i,l29d2_iii,1000,3.818,t12a0,100k,B2g,MAINJACK,3.304e-05,2.854281,,sotto,jack grezzo da t_ins+t_grad+20 ms a t_rel (ADR-063)
tm12x0_1k_iii_i,l29d2_iii,1000,3.818,t12a0,100k,C1_ins,MAINJACK,1.775,1.024490,,SOPRA,"diagnostica, cond 1"
tm12x0_1k_iii_i,l29d2_iii,1000,3.818,t12a0,100k,C1_rel,MAINJACK,2.804e-05,3.070885,,sotto,"diagnostica, cond 1"
tm12x0_1k_iii_i,l29d2_iii,1000,3.818,t12a0,100k,C2_ins,MAINJACK,1.775,1.024490,,SOPRA,"riferimento t12sempre_1k_iii, cond 1"
tm12x0_1k_iii_i,l29d2_iii,1000,3.818,t12a0,100k,C2_rel,MAINJACK,4.319e-05,3.086885,,sotto,"riferimento t12mai_1k_iii, cond 1"
tm12x0_1k_iii_i,l29d2_iii,1000,3.818,t12a0,100k,A_ins,FIXJACK1,4.04,1.024490,2.000,SOPRA,riferimento t12sempre_1k_iii
tm12x0_1k_iii_i,l29d2_iii,1000,3.818,t12a0,100k,A_rel,FIXJACK1,4.034,3.024021,2.000,SOPRA,riferimento t12mai_1k_iii
tm12x0_1k_iii_i,l29d2_iii,1000,3.818,t12a0,100k,B2,FIXJACK1,0.002172,1.050792,,SOPRA,mute da t_ins+t_grad+20 ms a t_rel
tm12x0_1k_iii_i,l29d2_iii,1000,3.818,t12a0,100k,B2g,FIXJACK1,4.177e-05,2.854281,,sotto,jack grezzo da t_ins+t_grad+20 ms a t_rel (ADR-063)
tm12x0_1k_iii_i,l29d2_iii,1000,3.818,t12a0,100k,C1_ins,FIXJACK1,2.244,1.024490,,SOPRA,"diagnostica, cond 1"
tm12x0_1k_iii_i,l29d2_iii,1000,3.818,t12a0,100k,C1_rel,FIXJACK1,3.53e-05,3.070885,,sotto,"diagnostica, cond 1"
tm12x0_1k_iii_i,l29d2_iii,1000,3.818,t12a0,100k,C2_ins,FIXJACK1,2.244,1.024490,,SOPRA,"riferimento t12sempre_1k_iii, cond 1"
tm12x0_1k_iii_i,l29d2_iii,1000,3.818,t12a0,100k,C2_rel,FIXJACK1,5.043e-05,3.086885,,sotto,"riferimento t12mai_1k_iii, cond 1"
tm12x0_1k_iii_i,l29d2_iii,1000,3.818,t12a0,100k,A_ins,FIXJACK2,4.04,1.024490,2.000,SOPRA,riferimento t12sempre_1k_iii
tm12x0_1k_iii_i,l29d2_iii,1000,3.818,t12a0,100k,A_rel,FIXJACK2,4.034,3.024021,2.000,SOPRA,riferimento t12mai_1k_iii
tm12x0_1k_iii_i,l29d2_iii,1000,3.818,t12a0,100k,B2,FIXJACK2,0.002172,1.050792,,SOPRA,mute da t_ins+t_grad+20 ms a t_rel
tm12x0_1k_iii_i,l29d2_iii,1000,3.818,t12a0,100k,B2g,FIXJACK2,4.177e-05,2.854281,,sotto,jack grezzo da t_ins+t_grad+20 ms a t_rel (ADR-063)
tm12x0_1k_iii_i,l29d2_iii,1000,3.818,t12a0,100k,C1_ins,FIXJACK2,2.244,1.024490,,SOPRA,"diagnostica, cond 1"
tm12x0_1k_iii_i,l29d2_iii,1000,3.818,t12a0,100k,C1_rel,FIXJACK2,3.53e-05,3.070885,,sotto,"diagnostica, cond 1"
tm12x0_1k_iii_i,l29d2_iii,1000,3.818,t12a0,100k,C2_ins,FIXJACK2,2.244,1.024490,,SOPRA,"riferimento t12sempre_1k_iii, cond 1"
tm12x0_1k_iii_i,l29d2_iii,1000,3.818,t12a0,100k,C2_rel,FIXJACK2,5.043e-05,3.086885,,sotto,"riferimento t12mai_1k_iii, cond 1"
tm12x0_1k_iii_c,l29d2_iii,1000,3.818,t12a0,100k,A_ins,MAINJACK,2.762e-05,3.040365,2.000,sotto,riferimento g10sempre_1k_iii
tm12x0_1k_iii_c,l29d2_iii,1000,3.818,t12a0,100k,A_rel,MAINJACK,12.71,5.024021,2.000,SOPRA,riferimento g10mai_1k_iii
tm12x0_1k_iii_c,l29d2_iii,1000,3.818,t12a0,100k,B2,MAINJACK,2.786e-05,5.006604,,sotto,mute da t_ins+t_grad+20 ms a t_rel
tm12x0_1k_iii_c,l29d2_iii,1000,3.818,t12a0,100k,B2g,MAINJACK,3.143e-05,4.925281,,sotto,jack grezzo da t_ins+t_grad+20 ms a t_rel (ADR-063)
tm12x0_1k_iii_c,l29d2_iii,1000,3.818,t12a0,100k,C1_ins,MAINJACK,2.804e-05,3.070885,,sotto,"diagnostica, cond 1"
tm12x0_1k_iii_c,l29d2_iii,1000,3.818,t12a0,100k,C1_rel,MAINJACK,11.47,5.049031,,SOPRA,"diagnostica, cond 1"
tm12x0_1k_iii_c,l29d2_iii,1000,3.818,t12a0,100k,C2_ins,MAINJACK,2.795e-05,3.070885,,sotto,"riferimento g10sempre_1k_iii, cond 1"
tm12x0_1k_iii_c,l29d2_iii,1000,3.818,t12a0,100k,C2_rel,MAINJACK,11.47,5.049031,,SOPRA,"riferimento g10mai_1k_iii, cond 1"
tm12x0_1k_iii_c,l29d2_iii,1000,3.818,t12a0,100k,A_ins,FIXJACK1,3.49e-05,3.040365,2.000,sotto,riferimento g10sempre_1k_iii
tm12x0_1k_iii_c,l29d2_iii,1000,3.818,t12a0,100k,A_rel,FIXJACK1,4.035,5.024021,2.000,SOPRA,riferimento g10mai_1k_iii
tm12x0_1k_iii_c,l29d2_iii,1000,3.818,t12a0,100k,B2,FIXJACK1,3.481e-05,3.049885,,sotto,mute da t_ins+t_grad+20 ms a t_rel
tm12x0_1k_iii_c,l29d2_iii,1000,3.818,t12a0,100k,B2g,FIXJACK1,3.914e-05,4.925281,,sotto,jack grezzo da t_ins+t_grad+20 ms a t_rel (ADR-063)
tm12x0_1k_iii_c,l29d2_iii,1000,3.818,t12a0,100k,C1_ins,FIXJACK1,3.53e-05,3.070885,,sotto,"diagnostica, cond 1"
tm12x0_1k_iii_c,l29d2_iii,1000,3.818,t12a0,100k,C1_rel,FIXJACK1,3.874,5.049042,,SOPRA,"diagnostica, cond 1"
tm12x0_1k_iii_c,l29d2_iii,1000,3.818,t12a0,100k,C2_ins,FIXJACK1,3.53e-05,3.070885,,sotto,"riferimento g10sempre_1k_iii, cond 1"
tm12x0_1k_iii_c,l29d2_iii,1000,3.818,t12a0,100k,C2_rel,FIXJACK1,3.874,5.049042,,SOPRA,"riferimento g10mai_1k_iii, cond 1"
tm12x0_1k_iii_c,l29d2_iii,1000,3.818,t12a0,100k,A_ins,FIXJACK2,3.49e-05,3.040365,2.000,sotto,riferimento g10sempre_1k_iii
tm12x0_1k_iii_c,l29d2_iii,1000,3.818,t12a0,100k,A_rel,FIXJACK2,4.035,5.024021,2.000,SOPRA,riferimento g10mai_1k_iii
tm12x0_1k_iii_c,l29d2_iii,1000,3.818,t12a0,100k,B2,FIXJACK2,3.481e-05,3.049885,,sotto,mute da t_ins+t_grad+20 ms a t_rel
tm12x0_1k_iii_c,l29d2_iii,1000,3.818,t12a0,100k,B2g,FIXJACK2,3.914e-05,4.925281,,sotto,jack grezzo da t_ins+t_grad+20 ms a t_rel (ADR-063)
tm12x0_1k_iii_c,l29d2_iii,1000,3.818,t12a0,100k,C1_ins,FIXJACK2,3.53e-05,3.070885,,sotto,"diagnostica, cond 1"
tm12x0_1k_iii_c,l29d2_iii,1000,3.818,t12a0,100k,C1_rel,FIXJACK2,3.874,5.049042,,SOPRA,"diagnostica, cond 1"
tm12x0_1k_iii_c,l29d2_iii,1000,3.818,t12a0,100k,C2_ins,FIXJACK2,3.53e-05,3.070885,,sotto,"riferimento g10sempre_1k_iii, cond 1"
tm12x0_1k_iii_c,l29d2_iii,1000,3.818,t12a0,100k,C2_rel,FIXJACK2,3.874,5.049042,,SOPRA,"riferimento g10mai_1k_iii, cond 1"
tm0x6_lz_iii_i,l29d2_iii,1000,0,t0a6,100k,A_ins,MAINJACK,2.676e-11,1.016417,2.000,sotto,riferimento g10sempre_lz_iii
tm0x6_lz_iii_i,l29d2_iii,1000,0,t0a6,100k,A_rel,MAINJACK,4.792e-08,3.025010,2.000,sotto,riferimento g10mai_lz_iii
tm0x6_lz_iii_i,l29d2_iii,1000,0,t0a6,100k,B2,MAINJACK,2.124e-14,1.052927,,sotto,mute da t_ins+t_grad+20 ms a t_rel
tm0x6_lz_iii_i,l29d2_iii,1000,0,t0a6,100k,A_ins,FIXJACK1,8.679e-12,1.018750,2.000,sotto,riferimento g10sempre_lz_iii
tm0x6_lz_iii_i,l29d2_iii,1000,0,t0a6,100k,A_rel,FIXJACK1,5.969e-10,3.025010,2.000,sotto,riferimento g10mai_lz_iii
tm0x6_lz_iii_i,l29d2_iii,1000,0,t0a6,100k,B2,FIXJACK1,2.361e-13,1.044000,,sotto,mute da t_ins+t_grad+20 ms a t_rel
tm0x6_lz_iii_i,l29d2_iii,1000,0,t0a6,100k,A_ins,FIXJACK2,2.831e-11,1.007260,2.000,sotto,riferimento g10sempre_lz_iii
tm0x6_lz_iii_i,l29d2_iii,1000,0,t0a6,100k,A_rel,FIXJACK2,5.916e-10,3.025010,2.000,sotto,riferimento g10mai_lz_iii
tm0x6_lz_iii_i,l29d2_iii,1000,0,t0a6,100k,B2,FIXJACK2,3.578e-13,1.044000,,sotto,mute da t_ins+t_grad+20 ms a t_rel
tm0x6_lz_iii_c,l29d2_iii,1000,0,t0a6,100k,A_ins,MAINJACK,4.791e-08,3.025010,2.000,sotto,riferimento t6sempre_lz_iii
tm0x6_lz_iii_c,l29d2_iii,1000,0,t0a6,100k,A_rel,MAINJACK,3.484e-11,6.117729,2.000,sotto,riferimento t6mai_lz_iii
tm0x6_lz_iii_c,l29d2_iii,1000,0,t0a6,100k,B2,MAINJACK,1.503e-11,3.051625,,sotto,mute da t_ins+t_grad+20 ms a t_rel
tm0x6_lz_iii_c,l29d2_iii,1000,0,t0a6,100k,A_ins,FIXJACK1,5.926e-10,3.025010,2.000,sotto,riferimento t6sempre_lz_iii
tm0x6_lz_iii_c,l29d2_iii,1000,0,t0a6,100k,A_rel,FIXJACK1,1.475e-11,6.836260,2.000,sotto,riferimento t6mai_lz_iii
tm0x6_lz_iii_c,l29d2_iii,1000,0,t0a6,100k,B2,FIXJACK1,1.454e-13,3.051594,,sotto,mute da t_ins+t_grad+20 ms a t_rel
tm0x6_lz_iii_c,l29d2_iii,1000,0,t0a6,100k,A_ins,FIXJACK2,5.926e-10,3.025010,2.000,sotto,riferimento t6sempre_lz_iii
tm0x6_lz_iii_c,l29d2_iii,1000,0,t0a6,100k,A_rel,FIXJACK2,5.043e-11,6.964667,2.000,sotto,riferimento t6mai_lz_iii
tm0x6_lz_iii_c,l29d2_iii,1000,0,t0a6,100k,B2,FIXJACK2,1.454e-13,3.051625,,sotto,mute da t_ins+t_grad+20 ms a t_rel
tm6x0_lz_iii_i,l29d2_iii,1000,0,t6a0,100k,A_ins,MAINJACK,1.849e-11,1.003281,2.000,sotto,riferimento t6sempre_lz_iii
tm6x0_lz_iii_i,l29d2_iii,1000,0,t6a0,100k,A_rel,MAINJACK,6.298e-08,3.025010,2.000,sotto,riferimento t6mai_lz_iii
tm6x0_lz_iii_i,l29d2_iii,1000,0,t6a0,100k,B2,MAINJACK,3.257e-14,1.044000,,sotto,mute da t_ins+t_grad+20 ms a t_rel
tm6x0_lz_iii_i,l29d2_iii,1000,0,t6a0,100k,A_ins,FIXJACK1,8.169e-12,1.024302,2.000,sotto,riferimento t6sempre_lz_iii
tm6x0_lz_iii_i,l29d2_iii,1000,0,t6a0,100k,A_rel,FIXJACK1,3.171e-09,3.025010,2.000,sotto,riferimento t6mai_lz_iii
tm6x0_lz_iii_i,l29d2_iii,1000,0,t6a0,100k,B2,FIXJACK1,9.295e-15,1.049167,,sotto,mute da t_ins+t_grad+20 ms a t_rel
tm6x0_lz_iii_i,l29d2_iii,1000,0,t6a0,100k,A_ins,FIXJACK2,2.526e-11,1.019427,2.000,sotto,riferimento t6sempre_lz_iii
tm6x0_lz_iii_i,l29d2_iii,1000,0,t6a0,100k,A_rel,FIXJACK2,3.178e-09,3.025010,2.000,sotto,riferimento t6mai_lz_iii
tm6x0_lz_iii_i,l29d2_iii,1000,0,t6a0,100k,B2,FIXJACK2,5.761e-13,1.044000,,sotto,mute da t_ins+t_grad+20 ms a t_rel
tm6x0_lz_iii_c,l29d2_iii,1000,0,t6a0,100k,A_ins,MAINJACK,6.298e-08,3.025010,2.000,sotto,riferimento g10sempre_lz_iii
tm6x0_lz_iii_c,l29d2_iii,1000,0,t6a0,100k,A_rel,MAINJACK,4.535e-11,6.350656,2.000,sotto,riferimento g10mai_lz_iii
tm6x0_lz_iii_c,l29d2_iii,1000,0,t6a0,100k,B2,MAINJACK,2.523e-11,3.051729,,sotto,mute da t_ins+t_grad+20 ms a t_rel
tm6x0_lz_iii_c,l29d2_iii,1000,0,t6a0,100k,A_ins,FIXJACK1,3.174e-09,3.025010,2.000,sotto,riferimento g10sempre_lz_iii
tm6x0_lz_iii_c,l29d2_iii,1000,0,t6a0,100k,A_rel,FIXJACK1,1.628e-11,6.406719,2.000,sotto,riferimento g10mai_lz_iii
tm6x0_lz_iii_c,l29d2_iii,1000,0,t6a0,100k,B2,FIXJACK1,7.155e-13,3.051490,,sotto,mute da t_ins+t_grad+20 ms a t_rel
tm6x0_lz_iii_c,l29d2_iii,1000,0,t6a0,100k,A_ins,FIXJACK2,3.174e-09,3.025010,2.000,sotto,riferimento g10sempre_lz_iii
tm6x0_lz_iii_c,l29d2_iii,1000,0,t6a0,100k,A_rel,FIXJACK2,4.535e-11,5.799719,2.000,sotto,riferimento g10mai_lz_iii
tm6x0_lz_iii_c,l29d2_iii,1000,0,t6a0,100k,B2,FIXJACK2,7.155e-13,3.051542,,sotto,mute da t_ins+t_grad+20 ms a t_rel
tm6x12_lz_iii_i,l29d2_iii,1000,0,t6a12,100k,A_ins,MAINJACK,1.849e-11,1.003281,2.000,sotto,riferimento t6sempre_lz_iii
tm6x12_lz_iii_i,l29d2_iii,1000,0,t6a12,100k,A_rel,MAINJACK,2.489e-08,3.025010,2.000,sotto,riferimento t6mai_lz_iii
tm6x12_lz_iii_i,l29d2_iii,1000,0,t6a12,100k,B2,MAINJACK,3.257e-14,1.044000,,sotto,mute da t_ins+t_grad+20 ms a t_rel
tm6x12_lz_iii_i,l29d2_iii,1000,0,t6a12,100k,A_ins,FIXJACK1,8.169e-12,1.024302,2.000,sotto,riferimento t6sempre_lz_iii
tm6x12_lz_iii_i,l29d2_iii,1000,0,t6a12,100k,A_rel,FIXJACK1,9.702e-12,3.473281,2.000,sotto,riferimento t6mai_lz_iii
tm6x12_lz_iii_i,l29d2_iii,1000,0,t6a12,100k,B2,FIXJACK1,9.295e-15,1.049167,,sotto,mute da t_ins+t_grad+20 ms a t_rel
tm6x12_lz_iii_i,l29d2_iii,1000,0,t6a12,100k,A_ins,FIXJACK2,2.526e-11,1.019427,2.000,sotto,riferimento t6sempre_lz_iii
tm6x12_lz_iii_i,l29d2_iii,1000,0,t6a12,100k,A_rel,FIXJACK2,3.359e-11,3.816865,2.000,sotto,riferimento t6mai_lz_iii
tm6x12_lz_iii_i,l29d2_iii,1000,0,t6a12,100k,B2,FIXJACK2,5.761e-13,1.044000,,sotto,mute da t_ins+t_grad+20 ms a t_rel
tm6x12_lz_iii_c,l29d2_iii,1000,0,t6a12,100k,A_ins,MAINJACK,2.49e-08,3.025010,2.000,sotto,riferimento t12sempre_lz_iii
tm6x12_lz_iii_c,l29d2_iii,1000,0,t6a12,100k,A_rel,MAINJACK,3.492e-11,6.736260,2.000,sotto,riferimento t12mai_lz_iii
tm6x12_lz_iii_c,l29d2_iii,1000,0,t6a12,100k,B2,MAINJACK,8.725e-12,3.051698,,sotto,mute da t_ins+t_grad+20 ms a t_rel
tm6x12_lz_iii_c,l29d2_iii,1000,0,t6a12,100k,A_ins,FIXJACK1,9.443e-13,3.025010,2.000,sotto,riferimento t12sempre_lz_iii
tm6x12_lz_iii_c,l29d2_iii,1000,0,t6a12,100k,A_rel,FIXJACK1,1.556e-11,6.568792,2.000,sotto,riferimento t12mai_lz_iii
tm6x12_lz_iii_c,l29d2_iii,1000,0,t6a12,100k,B2,FIXJACK1,2.071e-16,3.048698,,sotto,mute da t_ins+t_grad+20 ms a t_rel
tm6x12_lz_iii_c,l29d2_iii,1000,0,t6a12,100k,A_ins,FIXJACK2,9.455e-13,3.025010,2.000,sotto,riferimento t12sempre_lz_iii
tm6x12_lz_iii_c,l29d2_iii,1000,0,t6a12,100k,A_rel,FIXJACK2,4.476e-11,6.682417,2.000,sotto,riferimento t12mai_lz_iii
tm6x12_lz_iii_c,l29d2_iii,1000,0,t6a12,100k,B2,FIXJACK2,3.451e-16,3.051198,,sotto,mute da t_ins+t_grad+20 ms a t_rel
tm12x6_lz_iii_i,l29d2_iii,1000,0,t12a6,100k,A_ins,MAINJACK,1.709e-11,1.013406,2.000,sotto,riferimento t12sempre_lz_iii
tm12x6_lz_iii_i,l29d2_iii,1000,0,t12a6,100k,A_rel,MAINJACK,2.108e-08,3.025010,2.000,sotto,riferimento t12mai_lz_iii
tm12x6_lz_iii_i,l29d2_iii,1000,0,t12a6,100k,B2,MAINJACK,2.502e-14,1.047979,,sotto,mute da t_ins+t_grad+20 ms a t_rel
tm12x6_lz_iii_i,l29d2_iii,1000,0,t12a6,100k,A_ins,FIXJACK1,8.4e-12,1.005781,2.000,sotto,riferimento t12sempre_lz_iii
tm12x6_lz_iii_i,l29d2_iii,1000,0,t12a6,100k,A_rel,FIXJACK1,3.571e-11,3.025010,2.000,sotto,riferimento t12mai_lz_iii
tm12x6_lz_iii_i,l29d2_iii,1000,0,t12a6,100k,B2,FIXJACK1,6.151e-14,1.044000,,sotto,mute da t_ins+t_grad+20 ms a t_rel
tm12x6_lz_iii_i,l29d2_iii,1000,0,t12a6,100k,A_ins,FIXJACK2,3.112e-11,1.023677,2.000,sotto,riferimento t12sempre_lz_iii
tm12x6_lz_iii_i,l29d2_iii,1000,0,t12a6,100k,A_rel,FIXJACK2,3.865e-11,3.025010,2.000,sotto,riferimento t12mai_lz_iii
tm12x6_lz_iii_i,l29d2_iii,1000,0,t12a6,100k,B2,FIXJACK2,3.577e-13,1.044000,,sotto,mute da t_ins+t_grad+20 ms a t_rel
tm12x6_lz_iii_c,l29d2_iii,1000,0,t12a6,100k,A_ins,MAINJACK,2.108e-08,3.025010,2.000,sotto,riferimento t6sempre_lz_iii
tm12x6_lz_iii_c,l29d2_iii,1000,0,t12a6,100k,A_rel,MAINJACK,3.652e-11,5.281479,2.000,sotto,riferimento t6mai_lz_iii
tm12x6_lz_iii_c,l29d2_iii,1000,0,t12a6,100k,B2,MAINJACK,7.176e-12,3.051677,,sotto,mute da t_ins+t_grad+20 ms a t_rel
tm12x6_lz_iii_c,l29d2_iii,1000,0,t12a6,100k,A_ins,FIXJACK1,4.094e-11,3.025010,2.000,sotto,riferimento t6sempre_lz_iii
tm12x6_lz_iii_c,l29d2_iii,1000,0,t12a6,100k,A_rel,FIXJACK1,1.361e-11,6.650365,2.000,sotto,riferimento t6mai_lz_iii
tm12x6_lz_iii_c,l29d2_iii,1000,0,t12a6,100k,B2,FIXJACK1,9.063e-15,3.051687,,sotto,mute da t_ins+t_grad+20 ms a t_rel
tm12x6_lz_iii_c,l29d2_iii,1000,0,t12a6,100k,A_ins,FIXJACK2,4.094e-11,3.025010,2.000,sotto,riferimento t6sempre_lz_iii
tm12x6_lz_iii_c,l29d2_iii,1000,0,t12a6,100k,A_rel,FIXJACK2,4.456e-11,6.169885,2.000,sotto,riferimento t6mai_lz_iii
tm12x6_lz_iii_c,l29d2_iii,1000,0,t12a6,100k,B2,FIXJACK2,9.047e-15,3.051438,,sotto,mute da t_ins+t_grad+20 ms a t_rel
tm0x12_lz_iii_i,l29d2_iii,1000,0,t0a12,100k,A_ins,MAINJACK,2.676e-11,1.016417,2.000,sotto,riferimento g10sempre_lz_iii
tm0x12_lz_iii_i,l29d2_iii,1000,0,t0a12,100k,A_rel,MAINJACK,5.018e-08,3.025531,2.000,sotto,riferimento g10mai_lz_iii
tm0x12_lz_iii_i,l29d2_iii,1000,0,t0a12,100k,B2,MAINJACK,2.124e-14,1.052927,,sotto,mute da t_ins+t_grad+20 ms a t_rel
tm0x12_lz_iii_i,l29d2_iii,1000,0,t0a12,100k,A_ins,FIXJACK1,8.679e-12,1.018750,2.000,sotto,riferimento g10sempre_lz_iii
tm0x12_lz_iii_i,l29d2_iii,1000,0,t0a12,100k,A_rel,FIXJACK1,1.117e-11,3.438302,2.000,sotto,riferimento g10mai_lz_iii
tm0x12_lz_iii_i,l29d2_iii,1000,0,t0a12,100k,B2,FIXJACK1,2.361e-13,1.044000,,sotto,mute da t_ins+t_grad+20 ms a t_rel
tm0x12_lz_iii_i,l29d2_iii,1000,0,t0a12,100k,A_ins,FIXJACK2,2.831e-11,1.007260,2.000,sotto,riferimento g10sempre_lz_iii
tm0x12_lz_iii_i,l29d2_iii,1000,0,t0a12,100k,A_rel,FIXJACK2,3.079e-11,3.835427,2.000,sotto,riferimento g10mai_lz_iii
tm0x12_lz_iii_i,l29d2_iii,1000,0,t0a12,100k,B2,FIXJACK2,3.578e-13,1.044000,,sotto,mute da t_ins+t_grad+20 ms a t_rel
tm0x12_lz_iii_c,l29d2_iii,1000,0,t0a12,100k,A_ins,MAINJACK,5.018e-08,3.025531,2.000,sotto,riferimento t12sempre_lz_iii
tm0x12_lz_iii_c,l29d2_iii,1000,0,t0a12,100k,A_rel,MAINJACK,3.64e-11,6.399917,2.000,sotto,riferimento t12mai_lz_iii
tm0x12_lz_iii_c,l29d2_iii,1000,0,t0a12,100k,B2,MAINJACK,1.718e-11,3.051948,,sotto,mute da t_ins+t_grad+20 ms a t_rel
tm0x12_lz_iii_c,l29d2_iii,1000,0,t0a12,100k,A_ins,FIXJACK1,7.163e-12,3.025531,2.000,sotto,riferimento t12sempre_lz_iii
tm0x12_lz_iii_c,l29d2_iii,1000,0,t0a12,100k,A_rel,FIXJACK1,1.433e-11,5.336802,2.000,sotto,riferimento t12mai_lz_iii
tm0x12_lz_iii_c,l29d2_iii,1000,0,t0a12,100k,B2,FIXJACK1,2.193e-15,3.051844,,sotto,mute da t_ins+t_grad+20 ms a t_rel
tm0x12_lz_iii_c,l29d2_iii,1000,0,t0a12,100k,A_ins,FIXJACK2,7.163e-12,3.025531,2.000,sotto,riferimento t12sempre_lz_iii
tm0x12_lz_iii_c,l29d2_iii,1000,0,t0a12,100k,A_rel,FIXJACK2,4.606e-11,6.780375,2.000,sotto,riferimento t12mai_lz_iii
tm0x12_lz_iii_c,l29d2_iii,1000,0,t0a12,100k,B2,FIXJACK2,2.168e-15,3.051344,,sotto,mute da t_ins+t_grad+20 ms a t_rel
tm12x0_lz_iii_i,l29d2_iii,1000,0,t12a0,100k,A_ins,MAINJACK,1.709e-11,1.013406,2.000,sotto,riferimento t12sempre_lz_iii
tm12x0_lz_iii_i,l29d2_iii,1000,0,t12a0,100k,A_rel,MAINJACK,9.741e-08,3.025010,2.000,sotto,riferimento t12mai_lz_iii
tm12x0_lz_iii_i,l29d2_iii,1000,0,t12a0,100k,B2,MAINJACK,2.502e-14,1.047979,,sotto,mute da t_ins+t_grad+20 ms a t_rel
tm12x0_lz_iii_i,l29d2_iii,1000,0,t12a0,100k,A_ins,FIXJACK1,8.4e-12,1.005781,2.000,sotto,riferimento t12sempre_lz_iii
tm12x0_lz_iii_i,l29d2_iii,1000,0,t12a0,100k,A_rel,FIXJACK1,4.833e-09,3.025010,2.000,sotto,riferimento t12mai_lz_iii
tm12x0_lz_iii_i,l29d2_iii,1000,0,t12a0,100k,B2,FIXJACK1,6.151e-14,1.044000,,sotto,mute da t_ins+t_grad+20 ms a t_rel
tm12x0_lz_iii_i,l29d2_iii,1000,0,t12a0,100k,A_ins,FIXJACK2,3.112e-11,1.023677,2.000,sotto,riferimento t12sempre_lz_iii
tm12x0_lz_iii_i,l29d2_iii,1000,0,t12a0,100k,A_rel,FIXJACK2,4.836e-09,3.025010,2.000,sotto,riferimento t12mai_lz_iii
tm12x0_lz_iii_i,l29d2_iii,1000,0,t12a0,100k,B2,FIXJACK2,3.577e-13,1.044000,,sotto,mute da t_ins+t_grad+20 ms a t_rel
tm12x0_lz_iii_c,l29d2_iii,1000,0,t12a0,100k,A_ins,MAINJACK,9.741e-08,3.025010,2.000,sotto,riferimento g10sempre_lz_iii
tm12x0_lz_iii_c,l29d2_iii,1000,0,t12a0,100k,A_rel,MAINJACK,4.39e-11,6.095031,2.000,sotto,riferimento g10mai_lz_iii
tm12x0_lz_iii_c,l29d2_iii,1000,0,t12a0,100k,B2,MAINJACK,3.825e-11,3.051740,,sotto,mute da t_ins+t_grad+20 ms a t_rel
tm12x0_lz_iii_c,l29d2_iii,1000,0,t12a0,100k,A_ins,FIXJACK1,4.838e-09,3.025010,2.000,sotto,riferimento g10sempre_lz_iii
tm12x0_lz_iii_c,l29d2_iii,1000,0,t12a0,100k,A_rel,FIXJACK1,1.468e-11,5.183948,2.000,sotto,riferimento g10mai_lz_iii
tm12x0_lz_iii_c,l29d2_iii,1000,0,t12a0,100k,B2,FIXJACK1,1.047e-12,3.051500,,sotto,mute da t_ins+t_grad+20 ms a t_rel
tm12x0_lz_iii_c,l29d2_iii,1000,0,t12a0,100k,A_ins,FIXJACK2,4.838e-09,3.025010,2.000,sotto,riferimento g10sempre_lz_iii
tm12x0_lz_iii_c,l29d2_iii,1000,0,t12a0,100k,A_rel,FIXJACK2,4.808e-11,6.397208,2.000,sotto,riferimento g10mai_lz_iii
tm12x0_lz_iii_c,l29d2_iii,1000,0,t12a0,100k,B2,FIXJACK2,1.047e-12,3.051510,,sotto,mute da t_ins+t_grad+20 ms a t_rel
x01000_dpamax_iii_i,l29d2_iii_dpamax,1000,0,g0a10_t0a0,100k,A_ins,MAINJACK,9.532e-12,1.004833,2.000,sotto,riferimento rsempre_g0t0_dpamax_iii
x01000_dpamax_iii_i,l29d2_iii_dpamax,1000,0,g0a10_t0a0,100k,A_rel,MAINJACK,1.216e-07,3.024313,2.000,sotto,riferimento rmai_g0t0_dpamax_iii
x01000_dpamax_iii_i,l29d2_iii_dpamax,1000,0,g0a10_t0a0,100k,B2,MAINJACK,8.905e-09,3.023990,,sotto,mute da t_ins+t_grad+20 ms a t_rel
x01000_dpamax_iii_i,l29d2_iii_dpamax,1000,0,g0a10_t0a0,100k,A_ins,FIXJACK1,8.54e-12,1.004833,2.000,sotto,riferimento rsempre_g0t0_dpamax_iii
x01000_dpamax_iii_i,l29d2_iii_dpamax,1000,0,g0a10_t0a0,100k,A_rel,FIXJACK1,1.16e-11,3.024010,2.000,sotto,riferimento rmai_g0t0_dpamax_iii
x01000_dpamax_iii_i,l29d2_iii_dpamax,1000,0,g0a10_t0a0,100k,B2,FIXJACK1,7.761e-13,3.023990,,sotto,mute da t_ins+t_grad+20 ms a t_rel
x01000_dpamax_iii_i,l29d2_iii_dpamax,1000,0,g0a10_t0a0,100k,A_ins,FIXJACK2,2.921e-11,1.003104,2.000,sotto,riferimento rsempre_g0t0_dpamax_iii
x01000_dpamax_iii_i,l29d2_iii_dpamax,1000,0,g0a10_t0a0,100k,A_rel,FIXJACK2,3.261e-11,3.898687,2.000,sotto,riferimento rmai_g0t0_dpamax_iii
x01000_dpamax_iii_i,l29d2_iii_dpamax,1000,0,g0a10_t0a0,100k,B2,FIXJACK2,2.378e-12,1.044000,,sotto,mute da t_ins+t_grad+20 ms a t_rel
x01000_dpamax_iii_c,l29d2_iii_dpamax,1000,0,g0a10_t0a0,100k,A_ins,MAINJACK,1.216e-07,3.024313,2.000,sotto,riferimento rsempre_g10t0_dpamax_iii
x01000_dpamax_iii_c,l29d2_iii_dpamax,1000,0,g0a10_t0a0,100k,A_rel,MAINJACK,5.429e-11,5.393292,2.000,sotto,riferimento rmai_g10t0_dpamax_iii
x01000_dpamax_iii_c,l29d2_iii_dpamax,1000,0,g0a10_t0a0,100k,B2,MAINJACK,4.494e-11,3.050656,,sotto,mute da t_ins+t_grad+20 ms a t_rel
x01000_dpamax_iii_c,l29d2_iii_dpamax,1000,0,g0a10_t0a0,100k,A_ins,FIXJACK1,9.94e-12,3.024010,2.000,sotto,riferimento rsempre_g10t0_dpamax_iii
x01000_dpamax_iii_c,l29d2_iii_dpamax,1000,0,g0a10_t0a0,100k,A_rel,FIXJACK1,1.459e-11,6.246500,2.000,sotto,riferimento rmai_g10t0_dpamax_iii
x01000_dpamax_iii_c,l29d2_iii_dpamax,1000,0,g0a10_t0a0,100k,B2,FIXJACK1,1.896e-15,3.050073,,sotto,mute da t_ins+t_grad+20 ms a t_rel
x01000_dpamax_iii_c,l29d2_iii_dpamax,1000,0,g0a10_t0a0,100k,A_ins,FIXJACK2,9.942e-12,3.024010,2.000,sotto,riferimento rsempre_g10t0_dpamax_iii
x01000_dpamax_iii_c,l29d2_iii_dpamax,1000,0,g0a10_t0a0,100k,A_rel,FIXJACK2,4.394e-11,6.801177,2.000,sotto,riferimento rmai_g10t0_dpamax_iii
x01000_dpamax_iii_c,l29d2_iii_dpamax,1000,0,g0a10_t0a0,100k,B2,FIXJACK2,1.913e-15,3.050833,,sotto,mute da t_ins+t_grad+20 ms a t_rel
x10000_dpamax_iii_i,l29d2_iii_dpamax,1000,0,g10a0_t0a0,100k,A_ins,MAINJACK,2.299e-11,1.005615,2.000,sotto,riferimento rsempre_g10t0_dpamax_iii
x10000_dpamax_iii_i,l29d2_iii_dpamax,1000,0,g10a0_t0a0,100k,A_rel,MAINJACK,7.999e-08,3.024313,2.000,sotto,riferimento rmai_g10t0_dpamax_iii
x10000_dpamax_iii_i,l29d2_iii_dpamax,1000,0,g10a0_t0a0,100k,B2,MAINJACK,1.25e-09,3.023990,,sotto,mute da t_ins+t_grad+20 ms a t_rel
x10000_dpamax_iii_i,l29d2_iii_dpamax,1000,0,g10a0_t0a0,100k,A_ins,FIXJACK1,7.976e-12,1.017375,2.000,sotto,riferimento rsempre_g10t0_dpamax_iii
x10000_dpamax_iii_i,l29d2_iii_dpamax,1000,0,g10a0_t0a0,100k,A_rel,FIXJACK1,1.134e-11,4.767188,2.000,sotto,riferimento rmai_g10t0_dpamax_iii
x10000_dpamax_iii_i,l29d2_iii_dpamax,1000,0,g10a0_t0a0,100k,B2,FIXJACK1,4.654e-13,3.023990,,sotto,mute da t_ins+t_grad+20 ms a t_rel
x10000_dpamax_iii_i,l29d2_iii_dpamax,1000,0,g10a0_t0a0,100k,A_ins,FIXJACK2,3.197e-11,1.001937,2.000,sotto,riferimento rsempre_g10t0_dpamax_iii
x10000_dpamax_iii_i,l29d2_iii_dpamax,1000,0,g10a0_t0a0,100k,A_rel,FIXJACK2,3.052e-11,4.664083,2.000,sotto,riferimento rmai_g10t0_dpamax_iii
x10000_dpamax_iii_i,l29d2_iii_dpamax,1000,0,g10a0_t0a0,100k,B2,FIXJACK2,2.486e-12,1.044000,,sotto,mute da t_ins+t_grad+20 ms a t_rel
x10000_dpamax_iii_c,l29d2_iii_dpamax,1000,0,g10a0_t0a0,100k,A_ins,MAINJACK,7.999e-08,3.024313,2.000,sotto,riferimento rsempre_g0t0_dpamax_iii
x10000_dpamax_iii_c,l29d2_iii_dpamax,1000,0,g10a0_t0a0,100k,A_rel,MAINJACK,1.442e-11,5.426604,2.000,sotto,riferimento rmai_g0t0_dpamax_iii
x10000_dpamax_iii_c,l29d2_iii_dpamax,1000,0,g10a0_t0a0,100k,B2,MAINJACK,3.614e-11,3.050885,,sotto,mute da t_ins+t_grad+20 ms a t_rel
x10000_dpamax_iii_c,l29d2_iii_dpamax,1000,0,g10a0_t0a0,100k,A_ins,FIXJACK1,7.763e-12,3.024708,2.000,sotto,riferimento rsempre_g0t0_dpamax_iii
x10000_dpamax_iii_c,l29d2_iii_dpamax,1000,0,g10a0_t0a0,100k,A_rel,FIXJACK1,1.57e-11,6.710594,2.000,sotto,riferimento rmai_g0t0_dpamax_iii
x10000_dpamax_iii_c,l29d2_iii_dpamax,1000,0,g10a0_t0a0,100k,B2,FIXJACK1,7.232e-16,3.051531,,sotto,mute da t_ins+t_grad+20 ms a t_rel
x10000_dpamax_iii_c,l29d2_iii_dpamax,1000,0,g10a0_t0a0,100k,A_ins,FIXJACK2,7.765e-12,3.024708,2.000,sotto,riferimento rsempre_g0t0_dpamax_iii
x10000_dpamax_iii_c,l29d2_iii_dpamax,1000,0,g10a0_t0a0,100k,A_rel,FIXJACK2,4.376e-11,5.514667,2.000,sotto,riferimento rmai_g0t0_dpamax_iii
x10000_dpamax_iii_c,l29d2_iii_dpamax,1000,0,g10a0_t0a0,100k,B2,FIXJACK2,7.72e-16,3.051281,,sotto,mute da t_ins+t_grad+20 ms a t_rel
x1010012_dpamax_iii_i,l29d2_iii_dpamax,1000,0,g10a10_t0a12,100k,A_ins,MAINJACK,2.299e-11,1.005615,2.000,sotto,riferimento rsempre_g10t0_dpamax_iii
x1010012_dpamax_iii_i,l29d2_iii_dpamax,1000,0,g10a10_t0a12,100k,A_rel,MAINJACK,4.075e-07,3.025531,2.000,sotto,riferimento rmai_g10t0_dpamax_iii
x1010012_dpamax_iii_i,l29d2_iii_dpamax,1000,0,g10a10_t0a12,100k,B2,MAINJACK,4.214e-14,1.044000,,sotto,mute da t_ins+t_grad+20 ms a t_rel
x1010012_dpamax_iii_i,l29d2_iii_dpamax,1000,0,g10a10_t0a12,100k,A_ins,FIXJACK1,7.976e-12,1.017375,2.000,sotto,riferimento rsempre_g10t0_dpamax_iii
x1010012_dpamax_iii_i,l29d2_iii_dpamax,1000,0,g10a10_t0a12,100k,A_rel,FIXJACK1,6.104e-10,3.025531,2.000,sotto,riferimento rmai_g10t0_dpamax_iii
x1010012_dpamax_iii_i,l29d2_iii_dpamax,1000,0,g10a10_t0a12,100k,B2,FIXJACK1,2.958e-14,1.048365,,sotto,mute da t_ins+t_grad+20 ms a t_rel
x1010012_dpamax_iii_i,l29d2_iii_dpamax,1000,0,g10a10_t0a12,100k,A_ins,FIXJACK2,3.197e-11,1.001937,2.000,sotto,riferimento rsempre_g10t0_dpamax_iii
x1010012_dpamax_iii_i,l29d2_iii_dpamax,1000,0,g10a10_t0a12,100k,A_rel,FIXJACK2,6.137e-10,3.025531,2.000,sotto,riferimento rmai_g10t0_dpamax_iii
x1010012_dpamax_iii_i,l29d2_iii_dpamax,1000,0,g10a10_t0a12,100k,B2,FIXJACK2,2.486e-12,1.044000,,sotto,mute da t_ins+t_grad+20 ms a t_rel
x1010012_dpamax_iii_c,l29d2_iii_dpamax,1000,0,g10a10_t0a12,100k,A_ins,MAINJACK,4.075e-07,3.025531,2.000,sotto,riferimento rsempre_g10t12_dpamax_iii
x1010012_dpamax_iii_c,l29d2_iii_dpamax,1000,0,g10a10_t0a12,100k,A_rel,MAINJACK,3.421e-11,6.777635,2.000,sotto,riferimento rmai_g10t12_dpamax_iii
x1010012_dpamax_iii_c,l29d2_iii_dpamax,1000,0,g10a10_t0a12,100k,B2,MAINJACK,2.022e-10,3.051844,,sotto,mute da t_ins+t_grad+20 ms a t_rel
x1010012_dpamax_iii_c,l29d2_iii_dpamax,1000,0,g10a10_t0a12,100k,A_ins,FIXJACK1,6.101e-10,3.025531,2.000,sotto,riferimento rsempre_g10t12_dpamax_iii
x1010012_dpamax_iii_c,l29d2_iii_dpamax,1000,0,g10a10_t0a12,100k,A_rel,FIXJACK1,1.598e-11,5.049635,2.000,sotto,riferimento rmai_g10t12_dpamax_iii
x1010012_dpamax_iii_c,l29d2_iii_dpamax,1000,0,g10a10_t0a12,100k,B2,FIXJACK1,1.596e-13,3.052125,,sotto,mute da t_ins+t_grad+20 ms a t_rel
x1010012_dpamax_iii_c,l29d2_iii_dpamax,1000,0,g10a10_t0a12,100k,A_ins,FIXJACK2,6.1e-10,3.025531,2.000,sotto,riferimento rsempre_g10t12_dpamax_iii
x1010012_dpamax_iii_c,l29d2_iii_dpamax,1000,0,g10a10_t0a12,100k,A_rel,FIXJACK2,4.503e-11,5.445885,2.000,sotto,riferimento rmai_g10t12_dpamax_iii
x1010012_dpamax_iii_c,l29d2_iii_dpamax,1000,0,g10a10_t0a12,100k,B2,FIXJACK2,1.594e-13,3.051875,,sotto,mute da t_ins+t_grad+20 ms a t_rel
x1010120_dpamax_iii_i,l29d2_iii_dpamax,1000,0,g10a10_t12a0,100k,A_ins,MAINJACK,1.897e-11,1.008906,2.000,sotto,riferimento rsempre_g10t12_dpamax_iii
x1010120_dpamax_iii_i,l29d2_iii_dpamax,1000,0,g10a10_t12a0,100k,A_rel,MAINJACK,3.966e-07,3.025010,2.000,sotto,riferimento rmai_g10t12_dpamax_iii
x1010120_dpamax_iii_i,l29d2_iii_dpamax,1000,0,g10a10_t12a0,100k,B2,MAINJACK,2.764e-14,1.044000,,sotto,mute da t_ins+t_grad+20 ms a t_rel
x1010120_dpamax_iii_i,l29d2_iii_dpamax,1000,0,g10a10_t12a0,100k,A_ins,FIXJACK1,7.993e-12,1.005729,2.000,sotto,riferimento rsempre_g10t12_dpamax_iii
x1010120_dpamax_iii_i,l29d2_iii_dpamax,1000,0,g10a10_t12a0,100k,A_rel,FIXJACK1,1.982e-08,3.025010,2.000,sotto,riferimento rmai_g10t12_dpamax_iii
x1010120_dpamax_iii_i,l29d2_iii_dpamax,1000,0,g10a10_t12a0,100k,B2,FIXJACK1,3.58e-14,1.044000,,sotto,mute da t_ins+t_grad+20 ms a t_rel
x1010120_dpamax_iii_i,l29d2_iii_dpamax,1000,0,g10a10_t12a0,100k,A_ins,FIXJACK2,3.162e-11,1.001083,2.000,sotto,riferimento rsempre_g10t12_dpamax_iii
x1010120_dpamax_iii_i,l29d2_iii_dpamax,1000,0,g10a10_t12a0,100k,A_rel,FIXJACK2,1.982e-08,3.025010,2.000,sotto,riferimento rmai_g10t12_dpamax_iii
x1010120_dpamax_iii_i,l29d2_iii_dpamax,1000,0,g10a10_t12a0,100k,B2,FIXJACK2,1.654e-12,1.044000,,sotto,mute da t_ins+t_grad+20 ms a t_rel
x1010120_dpamax_iii_c,l29d2_iii_dpamax,1000,0,g10a10_t12a0,100k,A_ins,MAINJACK,3.966e-07,3.025010,2.000,sotto,riferimento rsempre_g10t0_dpamax_iii
x1010120_dpamax_iii_c,l29d2_iii_dpamax,1000,0,g10a10_t12a0,100k,A_rel,MAINJACK,4.989e-11,5.196302,2.000,sotto,riferimento rmai_g10t0_dpamax_iii
x1010120_dpamax_iii_c,l29d2_iii_dpamax,1000,0,g10a10_t12a0,100k,B2,MAINJACK,1.337e-10,3.051677,,sotto,mute da t_ins+t_grad+20 ms a t_rel
x1010120_dpamax_iii_c,l29d2_iii_dpamax,1000,0,g10a10_t12a0,100k,A_ins,FIXJACK1,1.982e-08,3.025010,2.000,sotto,riferimento rsempre_g10t0_dpamax_iii
x1010120_dpamax_iii_c,l29d2_iii_dpamax,1000,0,g10a10_t12a0,100k,A_rel,FIXJACK1,1.407e-11,6.873760,2.000,sotto,riferimento rmai_g10t0_dpamax_iii
x1010120_dpamax_iii_c,l29d2_iii_dpamax,1000,0,g10a10_t12a0,100k,B2,FIXJACK1,4.444e-12,3.051521,,sotto,mute da t_ins+t_grad+20 ms a t_rel
x1010120_dpamax_iii_c,l29d2_iii_dpamax,1000,0,g10a10_t12a0,100k,A_ins,FIXJACK2,1.982e-08,3.025010,2.000,sotto,riferimento rsempre_g10t0_dpamax_iii
x1010120_dpamax_iii_c,l29d2_iii_dpamax,1000,0,g10a10_t12a0,100k,A_rel,FIXJACK2,4.787e-11,5.593531,2.000,sotto,riferimento rmai_g10t0_dpamax_iii
x1010120_dpamax_iii_c,l29d2_iii_dpamax,1000,0,g10a10_t12a0,100k,B2,FIXJACK2,4.444e-12,3.051521,,sotto,mute da t_ins+t_grad+20 ms a t_rel
xm_dpamax_iii,l29d2_iii_dpamax,1000,0,10,100k,A_ins,MAINJACK,2.299e-11,1.005615,2.000,sotto,riferimento rsempre_g10t0_dpamax_iii
xm_dpamax_iii,l29d2_iii_dpamax,1000,0,10,100k,A_rel,MAINJACK,5.106e-11,4.896635,2.000,sotto,riferimento rmai_g10t0_dpamax_iii
xm_dpamax_iii,l29d2_iii_dpamax,1000,0,10,100k,B2,MAINJACK,4.214e-14,1.044000,,sotto,mute da t_ins+t_grad+20 ms a t_rel
xm_dpamax_iii,l29d2_iii_dpamax,1000,0,10,100k,A_ins,FIXJACK1,7.976e-12,1.017375,2.000,sotto,riferimento rsempre_g10t0_dpamax_iii
xm_dpamax_iii,l29d2_iii_dpamax,1000,0,10,100k,A_rel,FIXJACK1,1.624e-11,4.008667,2.000,sotto,riferimento rmai_g10t0_dpamax_iii
xm_dpamax_iii,l29d2_iii_dpamax,1000,0,10,100k,B2,FIXJACK1,2.958e-14,1.048365,,sotto,mute da t_ins+t_grad+20 ms a t_rel
xm_dpamax_iii,l29d2_iii_dpamax,1000,0,10,100k,A_ins,FIXJACK2,3.197e-11,1.001937,2.000,sotto,riferimento rsempre_g10t0_dpamax_iii
xm_dpamax_iii,l29d2_iii_dpamax,1000,0,10,100k,A_rel,FIXJACK2,4.826e-11,3.817385,2.000,sotto,riferimento rmai_g10t0_dpamax_iii
xm_dpamax_iii,l29d2_iii_dpamax,1000,0,10,100k,B2,FIXJACK2,2.486e-12,1.044000,,sotto,mute da t_ins+t_grad+20 ms a t_rel
x01000_dpminmax_iii_i,l29d2_iii_dpminmax,1000,0,g0a10_t0a0,100k,A_ins,MAINJACK,7.721e-12,1.015542,2.000,sotto,riferimento rsempre_g0t0_dpminmax_iii
x01000_dpminmax_iii_i,l29d2_iii_dpminmax,1000,0,g0a10_t0a0,100k,A_rel,MAINJACK,1.332e-07,3.024313,2.000,sotto,riferimento rmai_g0t0_dpminmax_iii
x01000_dpminmax_iii_i,l29d2_iii_dpminmax,1000,0,g0a10_t0a0,100k,B2,MAINJACK,9.229e-09,3.023990,,sotto,mute da t_ins+t_grad+20 ms a t_rel
x01000_dpminmax_iii_i,l29d2_iii_dpminmax,1000,0,g0a10_t0a0,100k,A_ins,FIXJACK1,8.444e-12,1.012000,2.000,sotto,riferimento rsempre_g0t0_dpminmax_iii
x01000_dpminmax_iii_i,l29d2_iii_dpminmax,1000,0,g0a10_t0a0,100k,A_rel,FIXJACK1,1.014e-11,3.931271,2.000,sotto,riferimento rmai_g0t0_dpminmax_iii
x01000_dpminmax_iii_i,l29d2_iii_dpminmax,1000,0,g0a10_t0a0,100k,B2,FIXJACK1,3.178e-13,3.023990,,sotto,mute da t_ins+t_grad+20 ms a t_rel
x01000_dpminmax_iii_i,l29d2_iii_dpminmax,1000,0,g0a10_t0a0,100k,A_ins,FIXJACK2,2.098e-11,1.010375,2.000,sotto,riferimento rsempre_g0t0_dpminmax_iii
x01000_dpminmax_iii_i,l29d2_iii_dpminmax,1000,0,g0a10_t0a0,100k,A_rel,FIXJACK2,2.237e-11,4.869688,2.000,sotto,riferimento rmai_g0t0_dpminmax_iii
x01000_dpminmax_iii_i,l29d2_iii_dpminmax,1000,0,g0a10_t0a0,100k,B2,FIXJACK2,1.21e-12,1.044000,,sotto,mute da t_ins+t_grad+20 ms a t_rel
x01000_dpminmax_iii_c,l29d2_iii_dpminmax,1000,0,g0a10_t0a0,100k,A_ins,MAINJACK,1.332e-07,3.024313,2.000,sotto,riferimento rsempre_g10t0_dpminmax_iii
x01000_dpminmax_iii_c,l29d2_iii_dpminmax,1000,0,g0a10_t0a0,100k,A_rel,MAINJACK,4.996e-11,5.271302,2.000,sotto,riferimento rmai_g10t0_dpminmax_iii
x01000_dpminmax_iii_c,l29d2_iii_dpminmax,1000,0,g0a10_t0a0,100k,B2,MAINJACK,7.737e-11,3.050833,,sotto,mute da t_ins+t_grad+20 ms a t_rel
x01000_dpminmax_iii_c,l29d2_iii_dpminmax,1000,0,g0a10_t0a0,100k,A_ins,FIXJACK1,4.064e-12,3.024010,2.000,sotto,riferimento rsempre_g10t0_dpminmax_iii
x01000_dpminmax_iii_c,l29d2_iii_dpminmax,1000,0,g0a10_t0a0,100k,A_rel,FIXJACK1,1.802e-11,5.049031,2.000,sotto,riferimento rmai_g10t0_dpminmax_iii
x01000_dpminmax_iii_c,l29d2_iii_dpminmax,1000,0,g0a10_t0a0,100k,B2,FIXJACK1,1.537e-15,3.051510,,sotto,mute da t_ins+t_grad+20 ms a t_rel
x01000_dpminmax_iii_c,l29d2_iii_dpminmax,1000,0,g0a10_t0a0,100k,A_ins,FIXJACK2,4.067e-12,3.024010,2.000,sotto,riferimento rsempre_g10t0_dpminmax_iii
x01000_dpminmax_iii_c,l29d2_iii_dpminmax,1000,0,g0a10_t0a0,100k,A_rel,FIXJACK2,3.082e-11,5.935406,2.000,sotto,riferimento rmai_g10t0_dpminmax_iii
x01000_dpminmax_iii_c,l29d2_iii_dpminmax,1000,0,g0a10_t0a0,100k,B2,FIXJACK2,1.128e-15,3.050760,,sotto,mute da t_ins+t_grad+20 ms a t_rel
x10000_dpminmax_iii_i,l29d2_iii_dpminmax,1000,0,g10a0_t0a0,100k,A_ins,MAINJACK,3.071e-11,1.014104,2.000,sotto,riferimento rsempre_g10t0_dpminmax_iii
x10000_dpminmax_iii_i,l29d2_iii_dpminmax,1000,0,g10a0_t0a0,100k,A_rel,MAINJACK,8.577e-08,3.024313,2.000,sotto,riferimento rmai_g10t0_dpminmax_iii
x10000_dpminmax_iii_i,l29d2_iii_dpminmax,1000,0,g10a0_t0a0,100k,B2,MAINJACK,1.252e-09,3.023990,,sotto,mute da t_ins+t_grad+20 ms a t_rel
x10000_dpminmax_iii_i,l29d2_iii_dpminmax,1000,0,g10a0_t0a0,100k,A_ins,FIXJACK1,8.291e-12,1.012198,2.000,sotto,riferimento rsempre_g10t0_dpminmax_iii
x10000_dpminmax_iii_i,l29d2_iii_dpminmax,1000,0,g10a0_t0a0,100k,A_rel,FIXJACK1,1.029e-11,4.056583,2.000,sotto,riferimento rmai_g10t0_dpminmax_iii
x10000_dpminmax_iii_i,l29d2_iii_dpminmax,1000,0,g10a0_t0a0,100k,B2,FIXJACK1,3.291e-13,3.023990,,sotto,mute da t_ins+t_grad+20 ms a t_rel
x10000_dpminmax_iii_i,l29d2_iii_dpminmax,1000,0,g10a0_t0a0,100k,A_ins,FIXJACK2,2.067e-11,1.000458,2.000,sotto,riferimento rsempre_g10t0_dpminmax_iii
x10000_dpminmax_iii_i,l29d2_iii_dpminmax,1000,0,g10a0_t0a0,100k,A_rel,FIXJACK2,2.169e-11,4.143396,2.000,sotto,riferimento rmai_g10t0_dpminmax_iii
x10000_dpminmax_iii_i,l29d2_iii_dpminmax,1000,0,g10a0_t0a0,100k,B2,FIXJACK2,1.227e-12,1.044000,,sotto,mute da t_ins+t_grad+20 ms a t_rel
x10000_dpminmax_iii_c,l29d2_iii_dpminmax,1000,0,g10a0_t0a0,100k,A_ins,MAINJACK,8.576e-08,3.024313,2.000,sotto,riferimento rsempre_g0t0_dpminmax_iii
x10000_dpminmax_iii_c,l29d2_iii_dpminmax,1000,0,g10a0_t0a0,100k,A_rel,MAINJACK,1.778e-11,5.049417,2.000,sotto,riferimento rmai_g0t0_dpminmax_iii
x10000_dpminmax_iii_c,l29d2_iii_dpminmax,1000,0,g10a0_t0a0,100k,B2,MAINJACK,3.013e-11,3.050719,,sotto,mute da t_ins+t_grad+20 ms a t_rel
x10000_dpminmax_iii_c,l29d2_iii_dpminmax,1000,0,g10a0_t0a0,100k,A_ins,FIXJACK1,4.193e-12,3.024010,2.000,sotto,riferimento rsempre_g0t0_dpminmax_iii
x10000_dpminmax_iii_c,l29d2_iii_dpminmax,1000,0,g10a0_t0a0,100k,A_rel,FIXJACK1,1.409e-11,5.448917,2.000,sotto,riferimento rmai_g0t0_dpminmax_iii
x10000_dpminmax_iii_c,l29d2_iii_dpminmax,1000,0,g10a0_t0a0,100k,B2,FIXJACK1,5.044e-16,3.049542,,sotto,mute da t_ins+t_grad+20 ms a t_rel
x10000_dpminmax_iii_c,l29d2_iii_dpminmax,1000,0,g10a0_t0a0,100k,A_ins,FIXJACK2,4.196e-12,3.024010,2.000,sotto,riferimento rsempre_g0t0_dpminmax_iii
x10000_dpminmax_iii_c,l29d2_iii_dpminmax,1000,0,g10a0_t0a0,100k,A_rel,FIXJACK2,3.135e-11,5.518865,2.000,sotto,riferimento rmai_g0t0_dpminmax_iii
x10000_dpminmax_iii_c,l29d2_iii_dpminmax,1000,0,g10a0_t0a0,100k,B2,FIXJACK2,4.408e-16,3.049792,,sotto,mute da t_ins+t_grad+20 ms a t_rel
x1010012_dpminmax_iii_i,l29d2_iii_dpminmax,1000,0,g10a10_t0a12,100k,A_ins,MAINJACK,3.071e-11,1.014104,2.000,sotto,riferimento rsempre_g10t0_dpminmax_iii
x1010012_dpminmax_iii_i,l29d2_iii_dpminmax,1000,0,g10a10_t0a12,100k,A_rel,MAINJACK,2.718e-07,3.025010,2.000,sotto,riferimento rmai_g10t0_dpminmax_iii
x1010012_dpminmax_iii_i,l29d2_iii_dpminmax,1000,0,g10a10_t0a12,100k,B2,MAINJACK,1.123e-14,1.050729,,sotto,mute da t_ins+t_grad+20 ms a t_rel
x1010012_dpminmax_iii_i,l29d2_iii_dpminmax,1000,0,g10a10_t0a12,100k,A_ins,FIXJACK1,8.291e-12,1.012198,2.000,sotto,riferimento rsempre_g10t0_dpminmax_iii
x1010012_dpminmax_iii_i,l29d2_iii_dpminmax,1000,0,g10a10_t0a12,100k,A_rel,FIXJACK1,3.031e-10,3.025010,2.000,sotto,riferimento rmai_g10t0_dpminmax_iii
x1010012_dpminmax_iii_i,l29d2_iii_dpminmax,1000,0,g10a10_t0a12,100k,B2,FIXJACK1,1.492e-14,1.044000,,sotto,mute da t_ins+t_grad+20 ms a t_rel
x1010012_dpminmax_iii_i,l29d2_iii_dpminmax,1000,0,g10a10_t0a12,100k,A_ins,FIXJACK2,2.067e-11,1.000458,2.000,sotto,riferimento rsempre_g10t0_dpminmax_iii
x1010012_dpminmax_iii_i,l29d2_iii_dpminmax,1000,0,g10a10_t0a12,100k,A_rel,FIXJACK2,2.988e-10,3.025010,2.000,sotto,riferimento rmai_g10t0_dpminmax_iii
x1010012_dpminmax_iii_i,l29d2_iii_dpminmax,1000,0,g10a10_t0a12,100k,B2,FIXJACK2,1.227e-12,1.044000,,sotto,mute da t_ins+t_grad+20 ms a t_rel
x1010012_dpminmax_iii_c,l29d2_iii_dpminmax,1000,0,g10a10_t0a12,100k,A_ins,MAINJACK,2.718e-07,3.025010,2.000,sotto,riferimento rsempre_g10t12_dpminmax_iii
x1010012_dpminmax_iii_c,l29d2_iii_dpminmax,1000,0,g10a10_t0a12,100k,A_rel,MAINJACK,3.544e-11,6.066948,2.000,sotto,riferimento rmai_g10t12_dpminmax_iii
x1010012_dpminmax_iii_c,l29d2_iii_dpminmax,1000,0,g10a10_t0a12,100k,B2,MAINJACK,9.939e-11,3.051656,,sotto,mute da t_ins+t_grad+20 ms a t_rel
x1010012_dpminmax_iii_c,l29d2_iii_dpminmax,1000,0,g10a10_t0a12,100k,A_ins,FIXJACK1,3.04e-10,3.025010,2.000,sotto,riferimento rsempre_g10t12_dpminmax_iii
x1010012_dpminmax_iii_c,l29d2_iii_dpminmax,1000,0,g10a10_t0a12,100k,A_rel,FIXJACK1,1.428e-11,6.595542,2.000,sotto,riferimento rmai_g10t12_dpminmax_iii
x1010012_dpminmax_iii_c,l29d2_iii_dpminmax,1000,0,g10a10_t0a12,100k,B2,FIXJACK1,6.532e-14,3.051500,,sotto,mute da t_ins+t_grad+20 ms a t_rel
x1010012_dpminmax_iii_c,l29d2_iii_dpminmax,1000,0,g10a10_t0a12,100k,A_ins,FIXJACK2,3.04e-10,3.025010,2.000,sotto,riferimento rsempre_g10t12_dpminmax_iii
x1010012_dpminmax_iii_c,l29d2_iii_dpminmax,1000,0,g10a10_t0a12,100k,A_rel,FIXJACK2,2.989e-11,6.164667,2.000,sotto,riferimento rmai_g10t12_dpminmax_iii
x1010012_dpminmax_iii_c,l29d2_iii_dpminmax,1000,0,g10a10_t0a12,100k,B2,FIXJACK2,6.527e-14,3.051479,,sotto,mute da t_ins+t_grad+20 ms a t_rel
x1010120_dpminmax_iii_i,l29d2_iii_dpminmax,1000,0,g10a10_t12a0,100k,A_ins,MAINJACK,1.791e-11,1.013656,2.000,sotto,riferimento rsempre_g10t12_dpminmax_iii
x1010120_dpminmax_iii_i,l29d2_iii_dpminmax,1000,0,g10a10_t12a0,100k,A_rel,MAINJACK,3.937e-07,3.025010,2.000,sotto,riferimento rmai_g10t12_dpminmax_iii
x1010120_dpminmax_iii_i,l29d2_iii_dpminmax,1000,0,g10a10_t12a0,100k,B2,MAINJACK,4.095e-14,1.050729,,sotto,mute da t_ins+t_grad+20 ms a t_rel
x1010120_dpminmax_iii_i,l29d2_iii_dpminmax,1000,0,g10a10_t12a0,100k,A_ins,FIXJACK1,7.828e-12,1.020083,2.000,sotto,riferimento rsempre_g10t12_dpminmax_iii
x1010120_dpminmax_iii_i,l29d2_iii_dpminmax,1000,0,g10a10_t12a0,100k,A_rel,FIXJACK1,1.954e-08,3.025010,2.000,sotto,riferimento rmai_g10t12_dpminmax_iii
x1010120_dpminmax_iii_i,l29d2_iii_dpminmax,1000,0,g10a10_t12a0,100k,B2,FIXJACK1,3.245e-14,1.044000,,sotto,mute da t_ins+t_grad+20 ms a t_rel
x1010120_dpminmax_iii_i,l29d2_iii_dpminmax,1000,0,g10a10_t12a0,100k,A_ins,FIXJACK2,1.89e-11,1.002083,2.000,sotto,riferimento rsempre_g10t12_dpminmax_iii
x1010120_dpminmax_iii_i,l29d2_iii_dpminmax,1000,0,g10a10_t12a0,100k,A_rel,FIXJACK2,1.954e-08,3.025010,2.000,sotto,riferimento rmai_g10t12_dpminmax_iii
x1010120_dpminmax_iii_i,l29d2_iii_dpminmax,1000,0,g10a10_t12a0,100k,B2,FIXJACK2,1.507e-12,1.044000,,sotto,mute da t_ins+t_grad+20 ms a t_rel
x1010120_dpminmax_iii_c,l29d2_iii_dpminmax,1000,0,g10a10_t12a0,100k,A_ins,MAINJACK,3.937e-07,3.025010,2.000,sotto,riferimento rsempre_g10t0_dpminmax_iii
x1010120_dpminmax_iii_c,l29d2_iii_dpminmax,1000,0,g10a10_t12a0,100k,A_rel,MAINJACK,4.529e-11,6.625125,2.000,sotto,riferimento rmai_g10t0_dpminmax_iii
x1010120_dpminmax_iii_c,l29d2_iii_dpminmax,1000,0,g10a10_t12a0,100k,B2,MAINJACK,1.977e-10,3.051781,,sotto,mute da t_ins+t_grad+20 ms a t_rel
x1010120_dpminmax_iii_c,l29d2_iii_dpminmax,1000,0,g10a10_t12a0,100k,A_ins,FIXJACK1,1.955e-08,3.025010,2.000,sotto,riferimento rsempre_g10t0_dpminmax_iii
x1010120_dpminmax_iii_c,l29d2_iii_dpminmax,1000,0,g10a10_t12a0,100k,A_rel,FIXJACK1,1.479e-11,5.450333,2.000,sotto,riferimento rmai_g10t0_dpminmax_iii
x1010120_dpminmax_iii_c,l29d2_iii_dpminmax,1000,0,g10a10_t12a0,100k,B2,FIXJACK1,3.791e-12,3.051427,,sotto,mute da t_ins+t_grad+20 ms a t_rel
x1010120_dpminmax_iii_c,l29d2_iii_dpminmax,1000,0,g10a10_t12a0,100k,A_ins,FIXJACK2,1.955e-08,3.025010,2.000,sotto,riferimento rsempre_g10t0_dpminmax_iii
x1010120_dpminmax_iii_c,l29d2_iii_dpminmax,1000,0,g10a10_t12a0,100k,A_rel,FIXJACK2,3.154e-11,6.748031,2.000,sotto,riferimento rmai_g10t0_dpminmax_iii
x1010120_dpminmax_iii_c,l29d2_iii_dpminmax,1000,0,g10a10_t12a0,100k,B2,FIXJACK2,3.791e-12,3.051417,,sotto,mute da t_ins+t_grad+20 ms a t_rel
xm_dpminmax_iii,l29d2_iii_dpminmax,1000,0,10,100k,A_ins,MAINJACK,3.071e-11,1.014104,2.000,sotto,riferimento rsempre_g10t0_dpminmax_iii
xm_dpminmax_iii,l29d2_iii_dpminmax,1000,0,10,100k,A_rel,MAINJACK,4.706e-11,3.308688,2.000,sotto,riferimento rmai_g10t0_dpminmax_iii
xm_dpminmax_iii,l29d2_iii_dpminmax,1000,0,10,100k,B2,MAINJACK,1.123e-14,1.050729,,sotto,mute da t_ins+t_grad+20 ms a t_rel
xm_dpminmax_iii,l29d2_iii_dpminmax,1000,0,10,100k,A_ins,FIXJACK1,8.291e-12,1.012198,2.000,sotto,riferimento rsempre_g10t0_dpminmax_iii
xm_dpminmax_iii,l29d2_iii_dpminmax,1000,0,10,100k,A_rel,FIXJACK1,1.47e-11,3.596927,2.000,sotto,riferimento rmai_g10t0_dpminmax_iii
xm_dpminmax_iii,l29d2_iii_dpminmax,1000,0,10,100k,B2,FIXJACK1,1.492e-14,1.044000,,sotto,mute da t_ins+t_grad+20 ms a t_rel
xm_dpminmax_iii,l29d2_iii_dpminmax,1000,0,10,100k,A_ins,FIXJACK2,2.067e-11,1.000458,2.000,sotto,riferimento rsempre_g10t0_dpminmax_iii
xm_dpminmax_iii,l29d2_iii_dpminmax,1000,0,10,100k,A_rel,FIXJACK2,3.371e-11,4.868344,2.000,sotto,riferimento rmai_g10t0_dpminmax_iii
xm_dpminmax_iii,l29d2_iii_dpminmax,1000,0,10,100k,B2,FIXJACK2,1.227e-12,1.044000,,sotto,mute da t_ins+t_grad+20 ms a t_rel
x01000_dpmaxmax_iii_i,l29d2_iii_dpmaxmax,1000,0,g0a10_t0a0,100k,A_ins,MAINJACK,8.278e-12,1.014656,2.000,sotto,riferimento rsempre_g0t0_dpmaxmax_iii
x01000_dpmaxmax_iii_i,l29d2_iii_dpmaxmax,1000,0,g0a10_t0a0,100k,A_rel,MAINJACK,9.215e-08,3.024302,2.000,sotto,riferimento rmai_g0t0_dpmaxmax_iii
x01000_dpmaxmax_iii_i,l29d2_iii_dpmaxmax,1000,0,g0a10_t0a0,100k,B2,MAINJACK,1.348e-14,1.052198,,sotto,mute da t_ins+t_grad+20 ms a t_rel
x01000_dpmaxmax_iii_i,l29d2_iii_dpmaxmax,1000,0,g0a10_t0a0,100k,A_ins,FIXJACK1,8.302e-12,1.009354,2.000,sotto,riferimento rsempre_g0t0_dpmaxmax_iii
x01000_dpmaxmax_iii_i,l29d2_iii_dpmaxmax,1000,0,g0a10_t0a0,100k,A_rel,FIXJACK1,2.203e-11,3.024531,2.000,sotto,riferimento rmai_g0t0_dpmaxmax_iii
x01000_dpmaxmax_iii_i,l29d2_iii_dpmaxmax,1000,0,g0a10_t0a0,100k,B2,FIXJACK1,1.965e-13,1.044000,,sotto,mute da t_ins+t_grad+20 ms a t_rel
x01000_dpmaxmax_iii_i,l29d2_iii_dpmaxmax,1000,0,g0a10_t0a0,100k,A_ins,FIXJACK2,8.396e-12,1.021323,2.000,sotto,riferimento rsempre_g0t0_dpmaxmax_iii
x01000_dpmaxmax_iii_i,l29d2_iii_dpmaxmax,1000,0,g0a10_t0a0,100k,A_rel,FIXJACK2,2.446e-11,3.024531,2.000,sotto,riferimento rmai_g0t0_dpmaxmax_iii
x01000_dpmaxmax_iii_i,l29d2_iii_dpmaxmax,1000,0,g0a10_t0a0,100k,B2,FIXJACK2,1.106e-13,1.044000,,sotto,mute da t_ins+t_grad+20 ms a t_rel
x01000_dpmaxmax_iii_c,l29d2_iii_dpmaxmax,1000,0,g0a10_t0a0,100k,A_ins,MAINJACK,9.216e-08,3.024302,2.000,sotto,riferimento rsempre_g10t0_dpmaxmax_iii
x01000_dpmaxmax_iii_c,l29d2_iii_dpmaxmax,1000,0,g0a10_t0a0,100k,A_rel,MAINJACK,4.761e-11,5.937833,2.000,sotto,riferimento rmai_g10t0_dpmaxmax_iii
x01000_dpmaxmax_iii_c,l29d2_iii_dpmaxmax,1000,0,g0a10_t0a0,100k,B2,MAINJACK,3.425e-12,3.050292,,sotto,mute da t_ins+t_grad+20 ms a t_rel
x01000_dpmaxmax_iii_c,l29d2_iii_dpmaxmax,1000,0,g0a10_t0a0,100k,A_ins,FIXJACK1,2.381e-11,3.024531,2.000,sotto,riferimento rsempre_g10t0_dpmaxmax_iii
x01000_dpmaxmax_iii_c,l29d2_iii_dpmaxmax,1000,0,g0a10_t0a0,100k,A_rel,FIXJACK1,1.475e-11,5.751323,2.000,sotto,riferimento rmai_g10t0_dpmaxmax_iii
x01000_dpmaxmax_iii_c,l29d2_iii_dpmaxmax,1000,0,g0a10_t0a0,100k,B2,FIXJACK1,5.301e-15,3.051292,,sotto,mute da t_ins+t_grad+20 ms a t_rel
x01000_dpmaxmax_iii_c,l29d2_iii_dpmaxmax,1000,0,g0a10_t0a0,100k,A_ins,FIXJACK2,2.381e-11,3.024531,2.000,sotto,riferimento rsempre_g10t0_dpmaxmax_iii
x01000_dpmaxmax_iii_c,l29d2_iii_dpmaxmax,1000,0,g0a10_t0a0,100k,A_rel,FIXJACK2,1.412e-11,6.517719,2.000,sotto,riferimento rmai_g10t0_dpmaxmax_iii
x01000_dpmaxmax_iii_c,l29d2_iii_dpmaxmax,1000,0,g0a10_t0a0,100k,B2,FIXJACK2,5.097e-15,3.051042,,sotto,mute da t_ins+t_grad+20 ms a t_rel
x10000_dpmaxmax_iii_i,l29d2_iii_dpmaxmax,1000,0,g10a0_t0a0,100k,A_ins,MAINJACK,2.428e-11,1.014719,2.000,sotto,riferimento rsempre_g10t0_dpmaxmax_iii
x10000_dpmaxmax_iii_i,l29d2_iii_dpmaxmax,1000,0,g10a0_t0a0,100k,A_rel,MAINJACK,1.057e-07,3.024313,2.000,sotto,riferimento rmai_g10t0_dpmaxmax_iii
x10000_dpmaxmax_iii_i,l29d2_iii_dpmaxmax,1000,0,g10a0_t0a0,100k,B2,MAINJACK,5.715e-14,1.050062,,sotto,mute da t_ins+t_grad+20 ms a t_rel
x10000_dpmaxmax_iii_i,l29d2_iii_dpmaxmax,1000,0,g10a0_t0a0,100k,A_ins,FIXJACK1,8.105e-12,1.012323,2.000,sotto,riferimento rsempre_g10t0_dpmaxmax_iii
x10000_dpmaxmax_iii_i,l29d2_iii_dpmaxmax,1000,0,g10a0_t0a0,100k,A_rel,FIXJACK1,1.118e-11,3.080740,2.000,sotto,riferimento rmai_g10t0_dpmaxmax_iii
x10000_dpmaxmax_iii_i,l29d2_iii_dpmaxmax,1000,0,g10a0_t0a0,100k,B2,FIXJACK1,1.95e-13,1.044000,,sotto,mute da t_ins+t_grad+20 ms a t_rel
x10000_dpmaxmax_iii_i,l29d2_iii_dpmaxmax,1000,0,g10a0_t0a0,100k,A_ins,FIXJACK2,9.333e-12,1.001333,2.000,sotto,riferimento rsempre_g10t0_dpmaxmax_iii
x10000_dpmaxmax_iii_i,l29d2_iii_dpmaxmax,1000,0,g10a0_t0a0,100k,A_rel,FIXJACK2,9.616e-12,3.888125,2.000,sotto,riferimento rmai_g10t0_dpmaxmax_iii
x10000_dpmaxmax_iii_i,l29d2_iii_dpmaxmax,1000,0,g10a0_t0a0,100k,B2,FIXJACK2,8.104e-14,1.044000,,sotto,mute da t_ins+t_grad+20 ms a t_rel
x10000_dpmaxmax_iii_c,l29d2_iii_dpmaxmax,1000,0,g10a0_t0a0,100k,A_ins,MAINJACK,1.057e-07,3.024313,2.000,sotto,riferimento rsempre_g0t0_dpmaxmax_iii
x10000_dpmaxmax_iii_c,l29d2_iii_dpmaxmax,1000,0,g10a0_t0a0,100k,A_rel,MAINJACK,1.574e-11,5.742000,2.000,sotto,riferimento rmai_g0t0_dpmaxmax_iii
x10000_dpmaxmax_iii_c,l29d2_iii_dpmaxmax,1000,0,g10a0_t0a0,100k,B2,MAINJACK,3.729e-11,3.050958,,sotto,mute da t_ins+t_grad+20 ms a t_rel
x10000_dpmaxmax_iii_c,l29d2_iii_dpmaxmax,1000,0,g10a0_t0a0,100k,A_ins,FIXJACK1,7.294e-13,3.024708,2.000,sotto,riferimento rsempre_g0t0_dpmaxmax_iii
x10000_dpmaxmax_iii_c,l29d2_iii_dpmaxmax,1000,0,g10a0_t0a0,100k,A_rel,FIXJACK1,1.52e-11,6.979115,2.000,sotto,riferimento rmai_g0t0_dpmaxmax_iii
x10000_dpmaxmax_iii_c,l29d2_iii_dpmaxmax,1000,0,g10a0_t0a0,100k,B2,FIXJACK1,2.861e-16,3.051677,,sotto,mute da t_ins+t_grad+20 ms a t_rel
x10000_dpmaxmax_iii_c,l29d2_iii_dpmaxmax,1000,0,g10a0_t0a0,100k,A_ins,FIXJACK2,7.272e-13,3.024708,2.000,sotto,riferimento rsempre_g0t0_dpmaxmax_iii
x10000_dpmaxmax_iii_c,l29d2_iii_dpmaxmax,1000,0,g10a0_t0a0,100k,A_rel,FIXJACK2,1.475e-11,5.717865,2.000,sotto,riferimento rmai_g0t0_dpmaxmax_iii
x10000_dpmaxmax_iii_c,l29d2_iii_dpmaxmax,1000,0,g10a0_t0a0,100k,B2,FIXJACK2,2.185e-16,3.051000,,sotto,mute da t_ins+t_grad+20 ms a t_rel
x1010012_dpmaxmax_iii_i,l29d2_iii_dpmaxmax,1000,0,g10a10_t0a12,100k,A_ins,MAINJACK,2.428e-11,1.014719,2.000,sotto,riferimento rsempre_g10t0_dpmaxmax_iii
x1010012_dpmaxmax_iii_i,l29d2_iii_dpmaxmax,1000,0,g10a10_t0a12,100k,A_rel,MAINJACK,5.056e-08,3.025313,2.000,sotto,riferimento rmai_g10t0_dpmaxmax_iii
x1010012_dpmaxmax_iii_i,l29d2_iii_dpmaxmax,1000,0,g10a10_t0a12,100k,B2,MAINJACK,5.715e-14,1.050062,,sotto,mute da t_ins+t_grad+20 ms a t_rel
x1010012_dpmaxmax_iii_i,l29d2_iii_dpmaxmax,1000,0,g10a10_t0a12,100k,A_ins,FIXJACK1,8.105e-12,1.012323,2.000,sotto,riferimento rsempre_g10t0_dpmaxmax_iii
x1010012_dpmaxmax_iii_i,l29d2_iii_dpmaxmax,1000,0,g10a10_t0a12,100k,A_rel,FIXJACK1,8.231e-11,3.025458,2.000,sotto,riferimento rmai_g10t0_dpmaxmax_iii
x1010012_dpmaxmax_iii_i,l29d2_iii_dpmaxmax,1000,0,g10a10_t0a12,100k,B2,FIXJACK1,1.95e-13,1.044000,,sotto,mute da t_ins+t_grad+20 ms a t_rel
x1010012_dpmaxmax_iii_i,l29d2_iii_dpmaxmax,1000,0,g10a10_t0a12,100k,A_ins,FIXJACK2,9.333e-12,1.001333,2.000,sotto,riferimento rsempre_g10t0_dpmaxmax_iii
x1010012_dpmaxmax_iii_i,l29d2_iii_dpmaxmax,1000,0,g10a10_t0a12,100k,A_rel,FIXJACK2,8.21e-11,3.025458,2.000,sotto,riferimento rmai_g10t0_dpmaxmax_iii
x1010012_dpmaxmax_iii_i,l29d2_iii_dpmaxmax,1000,0,g10a10_t0a12,100k,B2,FIXJACK2,8.104e-14,1.044000,,sotto,mute da t_ins+t_grad+20 ms a t_rel
x1010012_dpmaxmax_iii_c,l29d2_iii_dpmaxmax,1000,0,g10a10_t0a12,100k,A_ins,MAINJACK,5.056e-08,3.025313,2.000,sotto,riferimento rsempre_g10t12_dpmaxmax_iii
x1010012_dpmaxmax_iii_c,l29d2_iii_dpmaxmax,1000,0,g10a10_t0a12,100k,A_rel,MAINJACK,3.587e-11,5.852417,2.000,sotto,riferimento rmai_g10t12_dpmaxmax_iii
x1010012_dpmaxmax_iii_c,l29d2_iii_dpmaxmax,1000,0,g10a10_t0a12,100k,B2,MAINJACK,2.17e-12,3.051760,,sotto,mute da t_ins+t_grad+20 ms a t_rel
x1010012_dpmaxmax_iii_c,l29d2_iii_dpmaxmax,1000,0,g10a10_t0a12,100k,A_ins,FIXJACK1,8.09e-11,3.025458,2.000,sotto,riferimento rsempre_g10t12_dpmaxmax_iii
x1010012_dpmaxmax_iii_c,l29d2_iii_dpmaxmax,1000,0,g10a10_t0a12,100k,A_rel,FIXJACK1,1.498e-11,6.017896,2.000,sotto,riferimento rmai_g10t12_dpmaxmax_iii
x1010012_dpmaxmax_iii_c,l29d2_iii_dpmaxmax,1000,0,g10a10_t0a12,100k,B2,FIXJACK1,1.981e-14,3.052021,,sotto,mute da t_ins+t_grad+20 ms a t_rel
x1010012_dpmaxmax_iii_c,l29d2_iii_dpmaxmax,1000,0,g10a10_t0a12,100k,A_ins,FIXJACK2,8.09e-11,3.025458,2.000,sotto,riferimento rsempre_g10t12_dpmaxmax_iii
x1010012_dpmaxmax_iii_c,l29d2_iii_dpmaxmax,1000,0,g10a10_t0a12,100k,A_rel,FIXJACK2,1.415e-11,6.490958,2.000,sotto,riferimento rmai_g10t12_dpmaxmax_iii
x1010012_dpmaxmax_iii_c,l29d2_iii_dpmaxmax,1000,0,g10a10_t0a12,100k,B2,FIXJACK2,1.992e-14,3.052260,,sotto,mute da t_ins+t_grad+20 ms a t_rel
x1010120_dpmaxmax_iii_i,l29d2_iii_dpmaxmax,1000,0,g10a10_t12a0,100k,A_ins,MAINJACK,1.883e-11,1.018990,2.000,sotto,riferimento rsempre_g10t12_dpmaxmax_iii
x1010120_dpmaxmax_iii_i,l29d2_iii_dpmaxmax,1000,0,g10a10_t12a0,100k,A_rel,MAINJACK,3.911e-07,3.025010,2.000,sotto,riferimento rmai_g10t12_dpmaxmax_iii
x1010120_dpmaxmax_iii_i,l29d2_iii_dpmaxmax,1000,0,g10a10_t12a0,100k,B2,MAINJACK,6.532e-15,1.044000,,sotto,mute da t_ins+t_grad+20 ms a t_rel
x1010120_dpmaxmax_iii_i,l29d2_iii_dpmaxmax,1000,0,g10a10_t12a0,100k,A_ins,FIXJACK1,8.019e-12,1.002740,2.000,sotto,riferimento rsempre_g10t12_dpmaxmax_iii
x1010120_dpmaxmax_iii_i,l29d2_iii_dpmaxmax,1000,0,g10a10_t12a0,100k,A_rel,FIXJACK1,1.94e-08,3.025010,2.000,sotto,riferimento rmai_g10t12_dpmaxmax_iii
x1010120_dpmaxmax_iii_i,l29d2_iii_dpmaxmax,1000,0,g10a10_t12a0,100k,B2,FIXJACK1,1.253e-13,1.044000,,sotto,mute da t_ins+t_grad+20 ms a t_rel
x1010120_dpmaxmax_iii_i,l29d2_iii_dpmaxmax,1000,0,g10a10_t12a0,100k,A_ins,FIXJACK2,8.918e-12,1.019906,2.000,sotto,riferimento rsempre_g10t12_dpmaxmax_iii
x1010120_dpmaxmax_iii_i,l29d2_iii_dpmaxmax,1000,0,g10a10_t12a0,100k,A_rel,FIXJACK2,1.94e-08,3.025010,2.000,sotto,riferimento rmai_g10t12_dpmaxmax_iii
x1010120_dpmaxmax_iii_i,l29d2_iii_dpmaxmax,1000,0,g10a10_t12a0,100k,B2,FIXJACK2,2.408e-14,1.046656,,sotto,mute da t_ins+t_grad+20 ms a t_rel
x1010120_dpmaxmax_iii_c,l29d2_iii_dpmaxmax,1000,0,g10a10_t12a0,100k,A_ins,MAINJACK,3.911e-07,3.025010,2.000,sotto,riferimento rsempre_g10t0_dpmaxmax_iii
x1010120_dpmaxmax_iii_c,l29d2_iii_dpmaxmax,1000,0,g10a10_t12a0,100k,A_rel,MAINJACK,4.753e-11,5.425771,2.000,sotto,riferimento rmai_g10t0_dpmaxmax_iii
x1010120_dpmaxmax_iii_c,l29d2_iii_dpmaxmax,1000,0,g10a10_t12a0,100k,B2,MAINJACK,1.532e-10,3.051750,,sotto,mute da t_ins+t_grad+20 ms a t_rel
x1010120_dpmaxmax_iii_c,l29d2_iii_dpmaxmax,1000,0,g10a10_t12a0,100k,A_ins,FIXJACK1,1.94e-08,3.025010,2.000,sotto,riferimento rsempre_g10t0_dpmaxmax_iii
x1010120_dpmaxmax_iii_c,l29d2_iii_dpmaxmax,1000,0,g10a10_t12a0,100k,A_rel,FIXJACK1,1.548e-11,6.274250,2.000,sotto,riferimento rmai_g10t0_dpmaxmax_iii
x1010120_dpmaxmax_iii_c,l29d2_iii_dpmaxmax,1000,0,g10a10_t12a0,100k,B2,FIXJACK1,4.243e-12,3.051479,,sotto,mute da t_ins+t_grad+20 ms a t_rel
x1010120_dpmaxmax_iii_c,l29d2_iii_dpmaxmax,1000,0,g10a10_t12a0,100k,A_ins,FIXJACK2,1.94e-08,3.025010,2.000,sotto,riferimento rsempre_g10t0_dpmaxmax_iii
x1010120_dpmaxmax_iii_c,l29d2_iii_dpmaxmax,1000,0,g10a10_t12a0,100k,A_rel,FIXJACK2,1.545e-11,6.999208,2.000,sotto,riferimento rmai_g10t0_dpmaxmax_iii
x1010120_dpmaxmax_iii_c,l29d2_iii_dpmaxmax,1000,0,g10a10_t12a0,100k,B2,FIXJACK2,4.243e-12,3.051510,,sotto,mute da t_ins+t_grad+20 ms a t_rel
xm_dpmaxmax_iii,l29d2_iii_dpmaxmax,1000,0,10,100k,A_ins,MAINJACK,2.428e-11,1.014719,2.000,sotto,riferimento rsempre_g10t0_dpmaxmax_iii
xm_dpmaxmax_iii,l29d2_iii_dpmaxmax,1000,0,10,100k,A_rel,MAINJACK,4.97e-11,4.105406,2.000,sotto,riferimento rmai_g10t0_dpmaxmax_iii
xm_dpmaxmax_iii,l29d2_iii_dpmaxmax,1000,0,10,100k,B2,MAINJACK,5.715e-14,1.050062,,sotto,mute da t_ins+t_grad+20 ms a t_rel
xm_dpmaxmax_iii,l29d2_iii_dpmaxmax,1000,0,10,100k,A_ins,FIXJACK1,8.105e-12,1.012323,2.000,sotto,riferimento rsempre_g10t0_dpmaxmax_iii
xm_dpmaxmax_iii,l29d2_iii_dpmaxmax,1000,0,10,100k,A_rel,FIXJACK1,1.422e-11,3.080740,2.000,sotto,riferimento rmai_g10t0_dpmaxmax_iii
xm_dpmaxmax_iii,l29d2_iii_dpmaxmax,1000,0,10,100k,B2,FIXJACK1,1.95e-13,1.044000,,sotto,mute da t_ins+t_grad+20 ms a t_rel
xm_dpmaxmax_iii,l29d2_iii_dpmaxmax,1000,0,10,100k,A_ins,FIXJACK2,9.333e-12,1.001333,2.000,sotto,riferimento rsempre_g10t0_dpmaxmax_iii
xm_dpmaxmax_iii,l29d2_iii_dpmaxmax,1000,0,10,100k,A_rel,FIXJACK2,1.403e-11,4.043719,2.000,sotto,riferimento rmai_g10t0_dpmaxmax_iii
xm_dpmaxmax_iii,l29d2_iii_dpmaxmax,1000,0,10,100k,B2,FIXJACK2,8.104e-14,1.044000,,sotto,mute da t_ins+t_grad+20 ms a t_rel
mh01_1k_iii,l29d2_iii_h01,1000,3.818,10,100k,A_ins,MAINJACK,12.72,1.024490,0.100,SOPRA,riferimento g10sempre_1k_iii
mh01_1k_iii,l29d2_iii_h01,1000,3.818,10,100k,A_rel,MAINJACK,12.71,1.100021,2.000,SOPRA,riferimento g10mai_1k_iii
mh01_1k_iii,l29d2_iii_h01,1000,3.818,10,100k,B2,MAINJACK,0.006736,1.050885,,SOPRA,mute da t_ins+t_grad+20 ms a t_rel
mh01_1k_iii,l29d2_iii_h01,1000,3.818,10,100k,B2g,MAINJACK,1.301e-05,1.081781,,sotto,jack grezzo da t_ins+t_grad+20 ms a t_rel (ADR-063)
mh01_1k_iii,l29d2_iii_h01,1000,3.818,10,100k,C1_ins,MAINJACK,11.47,1.125031,,SOPRA,"diagnostica, cond 1"
mh01_1k_iii,l29d2_iii_h01,1000,3.818,10,100k,C1_rel,MAINJACK,11.47,1.125031,,SOPRA,"diagnostica, cond 1"
mh01_1k_iii,l29d2_iii_h01,1000,3.818,10,100k,C2_ins,MAINJACK,11.47,1.125031,,SOPRA,"riferimento g10sempre_1k_iii, cond 1"
mh01_1k_iii,l29d2_iii_h01,1000,3.818,10,100k,C2_rel,MAINJACK,11.47,1.125031,,SOPRA,"riferimento g10mai_1k_iii, cond 1"
mh01_1k_iii,l29d2_iii_h01,1000,3.818,10,100k,A_ins,FIXJACK1,4.039,1.024490,0.100,SOPRA,riferimento g10sempre_1k_iii
mh01_1k_iii,l29d2_iii_h01,1000,3.818,10,100k,A_rel,FIXJACK1,4.035,1.100021,2.000,SOPRA,riferimento g10mai_1k_iii
mh01_1k_iii,l29d2_iii_h01,1000,3.818,10,100k,B2,FIXJACK1,0.002141,1.050885,,SOPRA,mute da t_ins+t_grad+20 ms a t_rel
mh01_1k_iii,l29d2_iii_h01,1000,3.818,10,100k,B2g,FIXJACK1,4.126e-06,1.081781,,sotto,jack grezzo da t_ins+t_grad+20 ms a t_rel (ADR-063)
mh01_1k_iii,l29d2_iii_h01,1000,3.818,10,100k,C1_ins,FIXJACK1,3.873,1.125042,,SOPRA,"diagnostica, cond 1"
mh01_1k_iii,l29d2_iii_h01,1000,3.818,10,100k,C1_rel,FIXJACK1,3.873,1.125042,,SOPRA,"diagnostica, cond 1"
mh01_1k_iii,l29d2_iii_h01,1000,3.818,10,100k,C2_ins,FIXJACK1,3.873,1.125042,,SOPRA,"riferimento g10sempre_1k_iii, cond 1"
mh01_1k_iii,l29d2_iii_h01,1000,3.818,10,100k,C2_rel,FIXJACK1,3.873,1.125042,,SOPRA,"riferimento g10mai_1k_iii, cond 1"
mh01_1k_iii,l29d2_iii_h01,1000,3.818,10,100k,A_ins,FIXJACK2,4.039,1.024490,0.100,SOPRA,riferimento g10sempre_1k_iii
mh01_1k_iii,l29d2_iii_h01,1000,3.818,10,100k,A_rel,FIXJACK2,4.035,1.100021,2.000,SOPRA,riferimento g10mai_1k_iii
mh01_1k_iii,l29d2_iii_h01,1000,3.818,10,100k,B2,FIXJACK2,0.002141,1.050885,,SOPRA,mute da t_ins+t_grad+20 ms a t_rel
mh01_1k_iii,l29d2_iii_h01,1000,3.818,10,100k,B2g,FIXJACK2,4.126e-06,1.081781,,sotto,jack grezzo da t_ins+t_grad+20 ms a t_rel (ADR-063)
mh01_1k_iii,l29d2_iii_h01,1000,3.818,10,100k,C1_ins,FIXJACK2,3.873,1.125042,,SOPRA,"diagnostica, cond 1"
mh01_1k_iii,l29d2_iii_h01,1000,3.818,10,100k,C1_rel,FIXJACK2,3.873,1.125042,,SOPRA,"diagnostica, cond 1"
mh01_1k_iii,l29d2_iii_h01,1000,3.818,10,100k,C2_ins,FIXJACK2,3.873,1.125042,,SOPRA,"riferimento g10sempre_1k_iii, cond 1"
mh01_1k_iii,l29d2_iii_h01,1000,3.818,10,100k,C2_rel,FIXJACK2,3.873,1.125042,,SOPRA,"riferimento g10mai_1k_iii, cond 1"
mev_1k_iii,l29d2_iii_ev,1000,3.818,10,100k,A_ins,MAINJACK,12.72,1.024490,1.000,SOPRA,riferimento g10sempre_1k_iii
mev_1k_iii,l29d2_iii_ev,1000,3.818,10,100k,A_rel,MAINJACK,12.71,2.000021,2.000,SOPRA,riferimento g10mai_1k_iii
mev_1k_iii,l29d2_iii_ev,1000,3.818,10,100k,B2,MAINJACK,0.006736,1.050885,,SOPRA,mute da t_ins+t_grad+20 ms a t_rel
mev_1k_iii,l29d2_iii_ev,1000,3.818,10,100k,B2g,MAINJACK,1.344e-05,1.936781,,sotto,jack grezzo da t_ins+t_grad+20 ms a t_rel (ADR-063)
mev_1k_iii,l29d2_iii_ev,1000,3.818,10,100k,C1_ins,MAINJACK,7.066,1.024490,,SOPRA,"diagnostica, cond 1"
mev_1k_iii,l29d2_iii_ev,1000,3.818,10,100k,C1_rel,MAINJACK,11.48,2.025042,,SOPRA,"diagnostica, cond 1"
mev_1k_iii,l29d2_iii_ev,1000,3.818,10,100k,C2_ins,MAINJACK,7.066,1.024490,,SOPRA,"riferimento g10sempre_1k_iii, cond 1"
mev_1k_iii,l29d2_iii_ev,1000,3.818,10,100k,C2_rel,MAINJACK,11.48,2.025042,,SOPRA,"riferimento g10mai_1k_iii, cond 1"
mev_1k_iii,l29d2_iii_ev,1000,3.818,10,100k,A_ins,FIXJACK1,4.039,1.024490,1.000,SOPRA,riferimento g10sempre_1k_iii
mev_1k_iii,l29d2_iii_ev,1000,3.818,10,100k,A_rel,FIXJACK1,4.035,2.000021,2.000,SOPRA,riferimento g10mai_1k_iii
mev_1k_iii,l29d2_iii_ev,1000,3.818,10,100k,B2,FIXJACK1,0.002141,1.050885,,SOPRA,mute da t_ins+t_grad+20 ms a t_rel
mev_1k_iii,l29d2_iii_ev,1000,3.818,10,100k,B2g,FIXJACK1,4.263e-06,1.936781,,sotto,jack grezzo da t_ins+t_grad+20 ms a t_rel (ADR-063)
mev_1k_iii,l29d2_iii_ev,1000,3.818,10,100k,C1_ins,FIXJACK1,2.244,1.024490,,SOPRA,"diagnostica, cond 1"
mev_1k_iii,l29d2_iii_ev,1000,3.818,10,100k,C1_rel,FIXJACK1,3.877,2.025042,,SOPRA,"diagnostica, cond 1"
mev_1k_iii,l29d2_iii_ev,1000,3.818,10,100k,C2_ins,FIXJACK1,2.244,1.024490,,SOPRA,"riferimento g10sempre_1k_iii, cond 1"
mev_1k_iii,l29d2_iii_ev,1000,3.818,10,100k,C2_rel,FIXJACK1,3.877,2.025042,,SOPRA,"riferimento g10mai_1k_iii, cond 1"
mev_1k_iii,l29d2_iii_ev,1000,3.818,10,100k,A_ins,FIXJACK2,4.039,1.024490,1.000,SOPRA,riferimento g10sempre_1k_iii
mev_1k_iii,l29d2_iii_ev,1000,3.818,10,100k,A_rel,FIXJACK2,4.035,2.000021,2.000,SOPRA,riferimento g10mai_1k_iii
mev_1k_iii,l29d2_iii_ev,1000,3.818,10,100k,B2,FIXJACK2,0.002141,1.050885,,SOPRA,mute da t_ins+t_grad+20 ms a t_rel
mev_1k_iii,l29d2_iii_ev,1000,3.818,10,100k,B2g,FIXJACK2,4.263e-06,1.936781,,sotto,jack grezzo da t_ins+t_grad+20 ms a t_rel (ADR-063)
mev_1k_iii,l29d2_iii_ev,1000,3.818,10,100k,C1_ins,FIXJACK2,2.244,1.024490,,SOPRA,"diagnostica, cond 1"
mev_1k_iii,l29d2_iii_ev,1000,3.818,10,100k,C1_rel,FIXJACK2,3.877,2.025042,,SOPRA,"diagnostica, cond 1"
mev_1k_iii,l29d2_iii_ev,1000,3.818,10,100k,C2_ins,FIXJACK2,2.244,1.024490,,SOPRA,"riferimento g10sempre_1k_iii, cond 1"
mev_1k_iii,l29d2_iii_ev,1000,3.818,10,100k,C2_rel,FIXJACK2,3.877,2.025042,,SOPRA,"riferimento g10mai_1k_iii, cond 1"
mh2_1k_iii,l29d2_iii_h2,1000,3.818,10,100k,A_ins,MAINJACK,12.72,1.024490,2.000,SOPRA,riferimento g10sempre_1k_iii
mh2_1k_iii,l29d2_iii_h2,1000,3.818,10,100k,A_rel,MAINJACK,12.71,3.000021,2.000,SOPRA,riferimento g10mai_1k_iii
mh2_1k_iii,l29d2_iii_h2,1000,3.818,10,100k,B2,MAINJACK,0.006736,1.050885,,SOPRA,mute da t_ins+t_grad+20 ms a t_rel
mh2_1k_iii,l29d2_iii_h2,1000,3.818,10,100k,B2g,MAINJACK,1.345e-05,2.511781,,sotto,jack grezzo da t_ins+t_grad+20 ms a t_rel (ADR-063)
mh2_1k_iii,l29d2_iii_h2,1000,3.818,10,100k,C1_ins,MAINJACK,7.066,1.024490,,SOPRA,"diagnostica, cond 1"
mh2_1k_iii,l29d2_iii_h2,1000,3.818,10,100k,C1_rel,MAINJACK,11.47,3.025031,,SOPRA,"diagnostica, cond 1"
mh2_1k_iii,l29d2_iii_h2,1000,3.818,10,100k,C2_ins,MAINJACK,7.066,1.024490,,SOPRA,"riferimento g10sempre_1k_iii, cond 1"
mh2_1k_iii,l29d2_iii_h2,1000,3.818,10,100k,C2_rel,MAINJACK,11.47,3.025031,,SOPRA,"riferimento g10mai_1k_iii, cond 1"
mh2_1k_iii,l29d2_iii_h2,1000,3.818,10,100k,A_ins,FIXJACK1,4.039,1.024490,2.000,SOPRA,riferimento g10sempre_1k_iii
mh2_1k_iii,l29d2_iii_h2,1000,3.818,10,100k,A_rel,FIXJACK1,4.035,3.000021,2.000,SOPRA,riferimento g10mai_1k_iii
mh2_1k_iii,l29d2_iii_h2,1000,3.818,10,100k,B2,FIXJACK1,0.002141,1.050885,,SOPRA,mute da t_ins+t_grad+20 ms a t_rel
mh2_1k_iii,l29d2_iii_h2,1000,3.818,10,100k,B2g,FIXJACK1,4.265e-06,2.511781,,sotto,jack grezzo da t_ins+t_grad+20 ms a t_rel (ADR-063)
mh2_1k_iii,l29d2_iii_h2,1000,3.818,10,100k,C1_ins,FIXJACK1,2.244,1.024490,,SOPRA,"diagnostica, cond 1"
mh2_1k_iii,l29d2_iii_h2,1000,3.818,10,100k,C1_rel,FIXJACK1,3.873,3.025042,,SOPRA,"diagnostica, cond 1"
mh2_1k_iii,l29d2_iii_h2,1000,3.818,10,100k,C2_ins,FIXJACK1,2.244,1.024490,,SOPRA,"riferimento g10sempre_1k_iii, cond 1"
mh2_1k_iii,l29d2_iii_h2,1000,3.818,10,100k,C2_rel,FIXJACK1,3.873,3.025042,,SOPRA,"riferimento g10mai_1k_iii, cond 1"
mh2_1k_iii,l29d2_iii_h2,1000,3.818,10,100k,A_ins,FIXJACK2,4.039,1.024490,2.000,SOPRA,riferimento g10sempre_1k_iii
mh2_1k_iii,l29d2_iii_h2,1000,3.818,10,100k,A_rel,FIXJACK2,4.035,3.000021,2.000,SOPRA,riferimento g10mai_1k_iii
mh2_1k_iii,l29d2_iii_h2,1000,3.818,10,100k,B2,FIXJACK2,0.002141,1.050885,,SOPRA,mute da t_ins+t_grad+20 ms a t_rel
mh2_1k_iii,l29d2_iii_h2,1000,3.818,10,100k,B2g,FIXJACK2,4.265e-06,2.511781,,sotto,jack grezzo da t_ins+t_grad+20 ms a t_rel (ADR-063)
mh2_1k_iii,l29d2_iii_h2,1000,3.818,10,100k,C1_ins,FIXJACK2,2.244,1.024490,,SOPRA,"diagnostica, cond 1"
mh2_1k_iii,l29d2_iii_h2,1000,3.818,10,100k,C1_rel,FIXJACK2,3.873,3.025042,,SOPRA,"diagnostica, cond 1"
mh2_1k_iii,l29d2_iii_h2,1000,3.818,10,100k,C2_ins,FIXJACK2,2.244,1.024490,,SOPRA,"riferimento g10sempre_1k_iii, cond 1"
mh2_1k_iii,l29d2_iii_h2,1000,3.818,10,100k,C2_rel,FIXJACK2,3.873,3.025042,,SOPRA,"riferimento g10mai_1k_iii, cond 1"
mh20_1k_iii,l29d2_iii_h20,1000,3.818,10,100k,A_ins,MAINJACK,12.72,1.024490,2.000,SOPRA,riferimento g10sempre_1k_iii
mh20_1k_iii,l29d2_iii_h20,1000,3.818,10,100k,A_rel,MAINJACK,12.71,21.000021,2.000,SOPRA,riferimento g10mai_1k_iii
mh20_1k_iii,l29d2_iii_h20,1000,3.818,10,100k,B2,MAINJACK,0.006736,1.050885,,SOPRA,mute da t_ins+t_grad+20 ms a t_rel
mh20_1k_iii,l29d2_iii_h20,1000,3.818,10,100k,B2g,MAINJACK,1.365e-05,17.487281,,sotto,jack grezzo da t_ins+t_grad+20 ms a t_rel (ADR-063)
mh20_1k_iii,l29d2_iii_h20,1000,3.818,10,100k,C1_ins,MAINJACK,7.066,1.024490,,SOPRA,"diagnostica, cond 1"
mh20_1k_iii,l29d2_iii_h20,1000,3.818,10,100k,C1_rel,MAINJACK,11.47,21.025042,,SOPRA,"diagnostica, cond 1"
mh20_1k_iii,l29d2_iii_h20,1000,3.818,10,100k,C2_ins,MAINJACK,7.066,1.024490,,SOPRA,"riferimento g10sempre_1k_iii, cond 1"
mh20_1k_iii,l29d2_iii_h20,1000,3.818,10,100k,C2_rel,MAINJACK,11.47,21.025042,,SOPRA,"riferimento g10mai_1k_iii, cond 1"
mh20_1k_iii,l29d2_iii_h20,1000,3.818,10,100k,A_ins,FIXJACK1,4.039,1.024490,2.000,SOPRA,riferimento g10sempre_1k_iii
mh20_1k_iii,l29d2_iii_h20,1000,3.818,10,100k,A_rel,FIXJACK1,4.035,21.000021,2.000,SOPRA,riferimento g10mai_1k_iii
mh20_1k_iii,l29d2_iii_h20,1000,3.818,10,100k,B2,FIXJACK1,0.002141,1.050885,,SOPRA,mute da t_ins+t_grad+20 ms a t_rel
mh20_1k_iii,l29d2_iii_h20,1000,3.818,10,100k,B2g,FIXJACK1,4.328e-06,17.487281,,sotto,jack grezzo da t_ins+t_grad+20 ms a t_rel (ADR-063)
mh20_1k_iii,l29d2_iii_h20,1000,3.818,10,100k,C1_ins,FIXJACK1,2.244,1.024490,,SOPRA,"diagnostica, cond 1"
mh20_1k_iii,l29d2_iii_h20,1000,3.818,10,100k,C1_rel,FIXJACK1,3.873,21.025042,,SOPRA,"diagnostica, cond 1"
mh20_1k_iii,l29d2_iii_h20,1000,3.818,10,100k,C2_ins,FIXJACK1,2.244,1.024490,,SOPRA,"riferimento g10sempre_1k_iii, cond 1"
mh20_1k_iii,l29d2_iii_h20,1000,3.818,10,100k,C2_rel,FIXJACK1,3.873,21.025042,,SOPRA,"riferimento g10mai_1k_iii, cond 1"
mh20_1k_iii,l29d2_iii_h20,1000,3.818,10,100k,A_ins,FIXJACK2,4.039,1.024490,2.000,SOPRA,riferimento g10sempre_1k_iii
mh20_1k_iii,l29d2_iii_h20,1000,3.818,10,100k,A_rel,FIXJACK2,4.035,21.000021,2.000,SOPRA,riferimento g10mai_1k_iii
mh20_1k_iii,l29d2_iii_h20,1000,3.818,10,100k,B2,FIXJACK2,0.002141,1.050885,,SOPRA,mute da t_ins+t_grad+20 ms a t_rel
mh20_1k_iii,l29d2_iii_h20,1000,3.818,10,100k,B2g,FIXJACK2,4.328e-06,17.487281,,sotto,jack grezzo da t_ins+t_grad+20 ms a t_rel (ADR-063)
mh20_1k_iii,l29d2_iii_h20,1000,3.818,10,100k,C1_ins,FIXJACK2,2.244,1.024490,,SOPRA,"diagnostica, cond 1"
mh20_1k_iii,l29d2_iii_h20,1000,3.818,10,100k,C1_rel,FIXJACK2,3.873,21.025042,,SOPRA,"diagnostica, cond 1"
mh20_1k_iii,l29d2_iii_h20,1000,3.818,10,100k,C2_ins,FIXJACK2,2.244,1.024490,,SOPRA,"riferimento g10sempre_1k_iii, cond 1"
mh20_1k_iii,l29d2_iii_h20,1000,3.818,10,100k,C2_rel,FIXJACK2,3.873,21.025042,,SOPRA,"riferimento g10mai_1k_iii, cond 1"
mh01_20_iii,l29d2_iii_h01,20,3.818,10,100k,A_ins,MAINJACK,12.63,1.000031,0.100,SOPRA,riferimento g10sempre_20_iii
mh01_20_iii,l29d2_iii_h01,20,3.818,10,100k,A_rel,MAINJACK,12.63,1.100031,2.000,SOPRA,riferimento g10mai_20_iii
mh01_20_iii,l29d2_iii_h01,20,3.818,10,100k,B2,MAINJACK,0.8375,1.050521,,SOPRA,mute da t_ins+t_grad+20 ms a t_rel
mh01_20_iii,l29d2_iii_h01,20,3.818,10,100k,B2g,MAINJACK,1.674e-06,1.076260,,sotto,jack grezzo da t_ins+t_grad+20 ms a t_rel (ADR-063)
mh01_20_iii,l29d2_iii_h01,20,3.818,10,100k,C1_ins,MAINJACK,9.158,1.024042,,SOPRA,"diagnostica, cond 7.22"
mh01_20_iii,l29d2_iii_h01,20,3.818,10,100k,C1_rel,MAINJACK,0.593,1.125594,,SOPRA,"diagnostica, cond 7.22"
mh01_20_iii,l29d2_iii_h01,20,3.818,10,100k,C2_ins,MAINJACK,9.158,1.024042,,SOPRA,"riferimento g10sempre_20_iii, cond 7.22"
mh01_20_iii,l29d2_iii_h01,20,3.818,10,100k,C2_rel,MAINJACK,0.5931,1.125594,,SOPRA,"riferimento g10mai_20_iii, cond 7.22"
mh01_20_iii,l29d2_iii_h01,20,3.818,10,100k,A_ins,FIXJACK1,4.063,1.000031,0.100,SOPRA,riferimento g10sempre_20_iii
mh01_20_iii,l29d2_iii_h01,20,3.818,10,100k,A_rel,FIXJACK1,4.063,1.100031,2.000,SOPRA,riferimento g10mai_20_iii
mh01_20_iii,l29d2_iii_h01,20,3.818,10,100k,B2,FIXJACK1,0.2296,1.051375,,SOPRA,mute da t_ins+t_grad+20 ms a t_rel
mh01_20_iii,l29d2_iii_h01,20,3.818,10,100k,B2g,FIXJACK1,4.523e-07,1.052010,,sotto,jack grezzo da t_ins+t_grad+20 ms a t_rel (ADR-063)
mh01_20_iii,l29d2_iii_h01,20,3.818,10,100k,C1_ins,FIXJACK1,2.861,1.024042,,SOPRA,"diagnostica, cond 7.22"
mh01_20_iii,l29d2_iii_h01,20,3.818,10,100k,C1_rel,FIXJACK1,0.1502,1.126583,,SOPRA,"diagnostica, cond 7.22"
mh01_20_iii,l29d2_iii_h01,20,3.818,10,100k,C2_ins,FIXJACK1,2.861,1.024042,,SOPRA,"riferimento g10sempre_20_iii, cond 7.22"
mh01_20_iii,l29d2_iii_h01,20,3.818,10,100k,C2_rel,FIXJACK1,0.1502,1.126583,,SOPRA,"riferimento g10mai_20_iii, cond 7.22"
mh01_20_iii,l29d2_iii_h01,20,3.818,10,100k,A_ins,FIXJACK2,4.063,1.000031,0.100,SOPRA,riferimento g10sempre_20_iii
mh01_20_iii,l29d2_iii_h01,20,3.818,10,100k,A_rel,FIXJACK2,4.063,1.100031,2.000,SOPRA,riferimento g10mai_20_iii
mh01_20_iii,l29d2_iii_h01,20,3.818,10,100k,B2,FIXJACK2,0.2296,1.051375,,SOPRA,mute da t_ins+t_grad+20 ms a t_rel
mh01_20_iii,l29d2_iii_h01,20,3.818,10,100k,B2g,FIXJACK2,4.523e-07,1.052010,,sotto,jack grezzo da t_ins+t_grad+20 ms a t_rel (ADR-063)
mh01_20_iii,l29d2_iii_h01,20,3.818,10,100k,C1_ins,FIXJACK2,2.861,1.024042,,SOPRA,"diagnostica, cond 7.22"
mh01_20_iii,l29d2_iii_h01,20,3.818,10,100k,C1_rel,FIXJACK2,0.1502,1.126583,,SOPRA,"diagnostica, cond 7.22"
mh01_20_iii,l29d2_iii_h01,20,3.818,10,100k,C2_ins,FIXJACK2,2.861,1.024042,,SOPRA,"riferimento g10sempre_20_iii, cond 7.22"
mh01_20_iii,l29d2_iii_h01,20,3.818,10,100k,C2_rel,FIXJACK2,0.1502,1.126583,,SOPRA,"riferimento g10mai_20_iii, cond 7.22"
mev_20_iii,l29d2_iii_ev,20,3.818,10,100k,A_ins,MAINJACK,12.63,1.000031,1.000,SOPRA,riferimento g10sempre_20_iii
mev_20_iii,l29d2_iii_ev,20,3.818,10,100k,A_rel,MAINJACK,12.63,2.000031,2.000,SOPRA,riferimento g10mai_20_iii
mev_20_iii,l29d2_iii_ev,20,3.818,10,100k,B2,MAINJACK,0.8375,1.050521,,SOPRA,mute da t_ins+t_grad+20 ms a t_rel
mev_20_iii,l29d2_iii_ev,20,3.818,10,100k,B2g,MAINJACK,1.674e-06,1.976260,,sotto,jack grezzo da t_ins+t_grad+20 ms a t_rel (ADR-063)
mev_20_iii,l29d2_iii_ev,20,3.818,10,100k,C1_ins,MAINJACK,9.158,1.024042,,SOPRA,"diagnostica, cond 7.22"
mev_20_iii,l29d2_iii_ev,20,3.818,10,100k,C1_rel,MAINJACK,0.5932,2.025594,,SOPRA,"diagnostica, cond 7.22"
mev_20_iii,l29d2_iii_ev,20,3.818,10,100k,C2_ins,MAINJACK,9.158,1.024042,,SOPRA,"riferimento g10sempre_20_iii, cond 7.22"
mev_20_iii,l29d2_iii_ev,20,3.818,10,100k,C2_rel,MAINJACK,0.5933,2.025594,,SOPRA,"riferimento g10mai_20_iii, cond 7.22"
mev_20_iii,l29d2_iii_ev,20,3.818,10,100k,A_ins,FIXJACK1,4.063,1.000031,1.000,SOPRA,riferimento g10sempre_20_iii
mev_20_iii,l29d2_iii_ev,20,3.818,10,100k,A_rel,FIXJACK1,4.063,2.000031,2.000,SOPRA,riferimento g10mai_20_iii
mev_20_iii,l29d2_iii_ev,20,3.818,10,100k,B2,FIXJACK1,0.2296,1.051375,,SOPRA,mute da t_ins+t_grad+20 ms a t_rel
mev_20_iii,l29d2_iii_ev,20,3.818,10,100k,B2g,FIXJACK1,4.523e-07,1.952010,,sotto,jack grezzo da t_ins+t_grad+20 ms a t_rel (ADR-063)
mev_20_iii,l29d2_iii_ev,20,3.818,10,100k,C1_ins,FIXJACK1,2.861,1.024042,,SOPRA,"diagnostica, cond 7.22"
mev_20_iii,l29d2_iii_ev,20,3.818,10,100k,C1_rel,FIXJACK1,0.1503,2.026573,,SOPRA,"diagnostica, cond 7.22"
mev_20_iii,l29d2_iii_ev,20,3.818,10,100k,C2_ins,FIXJACK1,2.861,1.024042,,SOPRA,"riferimento g10sempre_20_iii, cond 7.22"
mev_20_iii,l29d2_iii_ev,20,3.818,10,100k,C2_rel,FIXJACK1,0.1503,2.026573,,SOPRA,"riferimento g10mai_20_iii, cond 7.22"
mev_20_iii,l29d2_iii_ev,20,3.818,10,100k,A_ins,FIXJACK2,4.063,1.000031,1.000,SOPRA,riferimento g10sempre_20_iii
mev_20_iii,l29d2_iii_ev,20,3.818,10,100k,A_rel,FIXJACK2,4.063,2.000031,2.000,SOPRA,riferimento g10mai_20_iii
mev_20_iii,l29d2_iii_ev,20,3.818,10,100k,B2,FIXJACK2,0.2296,1.051375,,SOPRA,mute da t_ins+t_grad+20 ms a t_rel
mev_20_iii,l29d2_iii_ev,20,3.818,10,100k,B2g,FIXJACK2,4.523e-07,1.952010,,sotto,jack grezzo da t_ins+t_grad+20 ms a t_rel (ADR-063)
mev_20_iii,l29d2_iii_ev,20,3.818,10,100k,C1_ins,FIXJACK2,2.861,1.024042,,SOPRA,"diagnostica, cond 7.22"
mev_20_iii,l29d2_iii_ev,20,3.818,10,100k,C1_rel,FIXJACK2,0.1503,2.026573,,SOPRA,"diagnostica, cond 7.22"
mev_20_iii,l29d2_iii_ev,20,3.818,10,100k,C2_ins,FIXJACK2,2.861,1.024042,,SOPRA,"riferimento g10sempre_20_iii, cond 7.22"
mev_20_iii,l29d2_iii_ev,20,3.818,10,100k,C2_rel,FIXJACK2,0.1503,2.026573,,SOPRA,"riferimento g10mai_20_iii, cond 7.22"
mh2_20_iii,l29d2_iii_h2,20,3.818,10,100k,A_ins,MAINJACK,12.63,1.000031,2.000,SOPRA,riferimento g10sempre_20_iii
mh2_20_iii,l29d2_iii_h2,20,3.818,10,100k,A_rel,MAINJACK,12.63,3.000031,2.000,SOPRA,riferimento g10mai_20_iii
mh2_20_iii,l29d2_iii_h2,20,3.818,10,100k,B2,MAINJACK,0.8375,1.050521,,SOPRA,mute da t_ins+t_grad+20 ms a t_rel
mh2_20_iii,l29d2_iii_h2,20,3.818,10,100k,B2g,MAINJACK,1.674e-06,2.976260,,sotto,jack grezzo da t_ins+t_grad+20 ms a t_rel (ADR-063)
mh2_20_iii,l29d2_iii_h2,20,3.818,10,100k,C1_ins,MAINJACK,9.158,1.024042,,SOPRA,"diagnostica, cond 7.22"
mh2_20_iii,l29d2_iii_h2,20,3.818,10,100k,C1_rel,MAINJACK,0.5934,3.025594,,SOPRA,"diagnostica, cond 7.22"
mh2_20_iii,l29d2_iii_h2,20,3.818,10,100k,C2_ins,MAINJACK,9.158,1.024042,,SOPRA,"riferimento g10sempre_20_iii, cond 7.22"
mh2_20_iii,l29d2_iii_h2,20,3.818,10,100k,C2_rel,MAINJACK,0.5935,3.025594,,SOPRA,"riferimento g10mai_20_iii, cond 7.22"
mh2_20_iii,l29d2_iii_h2,20,3.818,10,100k,A_ins,FIXJACK1,4.063,1.000031,2.000,SOPRA,riferimento g10sempre_20_iii
mh2_20_iii,l29d2_iii_h2,20,3.818,10,100k,A_rel,FIXJACK1,4.063,3.000031,2.000,SOPRA,riferimento g10mai_20_iii
mh2_20_iii,l29d2_iii_h2,20,3.818,10,100k,B2,FIXJACK1,0.2296,1.051375,,SOPRA,mute da t_ins+t_grad+20 ms a t_rel
mh2_20_iii,l29d2_iii_h2,20,3.818,10,100k,B2g,FIXJACK1,4.523e-07,2.952010,,sotto,jack grezzo da t_ins+t_grad+20 ms a t_rel (ADR-063)
mh2_20_iii,l29d2_iii_h2,20,3.818,10,100k,C1_ins,FIXJACK1,2.861,1.024042,,SOPRA,"diagnostica, cond 7.22"
mh2_20_iii,l29d2_iii_h2,20,3.818,10,100k,C1_rel,FIXJACK1,0.1503,3.026573,,SOPRA,"diagnostica, cond 7.22"
mh2_20_iii,l29d2_iii_h2,20,3.818,10,100k,C2_ins,FIXJACK1,2.861,1.024042,,SOPRA,"riferimento g10sempre_20_iii, cond 7.22"
mh2_20_iii,l29d2_iii_h2,20,3.818,10,100k,C2_rel,FIXJACK1,0.1503,3.026573,,SOPRA,"riferimento g10mai_20_iii, cond 7.22"
mh2_20_iii,l29d2_iii_h2,20,3.818,10,100k,A_ins,FIXJACK2,4.063,1.000031,2.000,SOPRA,riferimento g10sempre_20_iii
mh2_20_iii,l29d2_iii_h2,20,3.818,10,100k,A_rel,FIXJACK2,4.063,3.000031,2.000,SOPRA,riferimento g10mai_20_iii
mh2_20_iii,l29d2_iii_h2,20,3.818,10,100k,B2,FIXJACK2,0.2296,1.051375,,SOPRA,mute da t_ins+t_grad+20 ms a t_rel
mh2_20_iii,l29d2_iii_h2,20,3.818,10,100k,B2g,FIXJACK2,4.523e-07,2.952010,,sotto,jack grezzo da t_ins+t_grad+20 ms a t_rel (ADR-063)
mh2_20_iii,l29d2_iii_h2,20,3.818,10,100k,C1_ins,FIXJACK2,2.861,1.024042,,SOPRA,"diagnostica, cond 7.22"
mh2_20_iii,l29d2_iii_h2,20,3.818,10,100k,C1_rel,FIXJACK2,0.1503,3.026573,,SOPRA,"diagnostica, cond 7.22"
mh2_20_iii,l29d2_iii_h2,20,3.818,10,100k,C2_ins,FIXJACK2,2.861,1.024042,,SOPRA,"riferimento g10sempre_20_iii, cond 7.22"
mh2_20_iii,l29d2_iii_h2,20,3.818,10,100k,C2_rel,FIXJACK2,0.1503,3.026573,,SOPRA,"riferimento g10mai_20_iii, cond 7.22"
mh20_20_iii,l29d2_iii_h20,20,3.818,10,100k,A_ins,MAINJACK,12.63,1.000031,2.000,SOPRA,riferimento g10sempre_20_iii
mh20_20_iii,l29d2_iii_h20,20,3.818,10,100k,A_rel,MAINJACK,12.63,21.000031,2.000,SOPRA,riferimento g10mai_20_iii
mh20_20_iii,l29d2_iii_h20,20,3.818,10,100k,B2,MAINJACK,0.8375,1.050521,,SOPRA,mute da t_ins+t_grad+20 ms a t_rel
mh20_20_iii,l29d2_iii_h20,20,3.818,10,100k,B2g,MAINJACK,1.674e-06,4.001510,,sotto,jack grezzo da t_ins+t_grad+20 ms a t_rel (ADR-063)
mh20_20_iii,l29d2_iii_h20,20,3.818,10,100k,C1_ins,MAINJACK,9.158,1.024042,,SOPRA,"diagnostica, cond 7.22"
mh20_20_iii,l29d2_iii_h20,20,3.818,10,100k,C1_rel,MAINJACK,0.5931,21.025594,,SOPRA,"diagnostica, cond 7.22"
mh20_20_iii,l29d2_iii_h20,20,3.818,10,100k,C2_ins,MAINJACK,9.158,1.024042,,SOPRA,"riferimento g10sempre_20_iii, cond 7.22"
mh20_20_iii,l29d2_iii_h20,20,3.818,10,100k,C2_rel,MAINJACK,0.5933,21.025594,,SOPRA,"riferimento g10mai_20_iii, cond 7.22"
mh20_20_iii,l29d2_iii_h20,20,3.818,10,100k,A_ins,FIXJACK1,4.063,1.000031,2.000,SOPRA,riferimento g10sempre_20_iii
mh20_20_iii,l29d2_iii_h20,20,3.818,10,100k,A_rel,FIXJACK1,4.063,21.000031,2.000,SOPRA,riferimento g10mai_20_iii
mh20_20_iii,l29d2_iii_h20,20,3.818,10,100k,B2,FIXJACK1,0.2296,1.051375,,SOPRA,mute da t_ins+t_grad+20 ms a t_rel
mh20_20_iii,l29d2_iii_h20,20,3.818,10,100k,B2g,FIXJACK1,4.523e-07,4.002010,,sotto,jack grezzo da t_ins+t_grad+20 ms a t_rel (ADR-063)
mh20_20_iii,l29d2_iii_h20,20,3.818,10,100k,C1_ins,FIXJACK1,2.861,1.024042,,SOPRA,"diagnostica, cond 7.22"
mh20_20_iii,l29d2_iii_h20,20,3.818,10,100k,C1_rel,FIXJACK1,0.1503,21.026583,,SOPRA,"diagnostica, cond 7.22"
mh20_20_iii,l29d2_iii_h20,20,3.818,10,100k,C2_ins,FIXJACK1,2.861,1.024042,,SOPRA,"riferimento g10sempre_20_iii, cond 7.22"
mh20_20_iii,l29d2_iii_h20,20,3.818,10,100k,C2_rel,FIXJACK1,0.1503,21.026583,,SOPRA,"riferimento g10mai_20_iii, cond 7.22"
mh20_20_iii,l29d2_iii_h20,20,3.818,10,100k,A_ins,FIXJACK2,4.063,1.000031,2.000,SOPRA,riferimento g10sempre_20_iii
mh20_20_iii,l29d2_iii_h20,20,3.818,10,100k,A_rel,FIXJACK2,4.063,21.000031,2.000,SOPRA,riferimento g10mai_20_iii
mh20_20_iii,l29d2_iii_h20,20,3.818,10,100k,B2,FIXJACK2,0.2296,1.051375,,SOPRA,mute da t_ins+t_grad+20 ms a t_rel
mh20_20_iii,l29d2_iii_h20,20,3.818,10,100k,B2g,FIXJACK2,4.523e-07,4.002010,,sotto,jack grezzo da t_ins+t_grad+20 ms a t_rel (ADR-063)
mh20_20_iii,l29d2_iii_h20,20,3.818,10,100k,C1_ins,FIXJACK2,2.861,1.024042,,SOPRA,"diagnostica, cond 7.22"
mh20_20_iii,l29d2_iii_h20,20,3.818,10,100k,C1_rel,FIXJACK2,0.1503,21.026583,,SOPRA,"diagnostica, cond 7.22"
mh20_20_iii,l29d2_iii_h20,20,3.818,10,100k,C2_ins,FIXJACK2,2.861,1.024042,,SOPRA,"riferimento g10sempre_20_iii, cond 7.22"
mh20_20_iii,l29d2_iii_h20,20,3.818,10,100k,C2_rel,FIXJACK2,0.1503,21.026583,,SOPRA,"riferimento g10mai_20_iii, cond 7.22"
mh01_lz_iii,l29d2_iii_h01,1000,0,10,100k,A_ins,MAINJACK,2.676e-11,1.016417,0.100,"sotto, finestra corta: non accetta",riferimento g10sempre_lz_iii
mh01_lz_iii,l29d2_iii_h01,1000,0,10,100k,A_rel,MAINJACK,4.822e-11,1.166833,2.000,sotto,riferimento g10mai_lz_iii
mh01_lz_iii,l29d2_iii_h01,1000,0,10,100k,B2,MAINJACK,2.124e-14,1.052927,,sotto,mute da t_ins+t_grad+20 ms a t_rel
mh01_lz_iii,l29d2_iii_h01,1000,0,10,100k,A_ins,FIXJACK1,8.679e-12,1.018750,0.100,"sotto, finestra corta: non accetta",riferimento g10sempre_lz_iii
mh01_lz_iii,l29d2_iii_h01,1000,0,10,100k,A_rel,FIXJACK1,1.489e-11,2.784542,2.000,sotto,riferimento g10mai_lz_iii
mh01_lz_iii,l29d2_iii_h01,1000,0,10,100k,B2,FIXJACK1,2.361e-13,1.044000,,sotto,mute da t_ins+t_grad+20 ms a t_rel
mh01_lz_iii,l29d2_iii_h01,1000,0,10,100k,A_ins,FIXJACK2,2.831e-11,1.007260,0.100,"sotto, finestra corta: non accetta",riferimento g10sempre_lz_iii
mh01_lz_iii,l29d2_iii_h01,1000,0,10,100k,A_rel,FIXJACK2,4.469e-11,2.182740,2.000,sotto,riferimento g10mai_lz_iii
mh01_lz_iii,l29d2_iii_h01,1000,0,10,100k,B2,FIXJACK2,3.578e-13,1.044000,,sotto,mute da t_ins+t_grad+20 ms a t_rel
mev_lz_iii,l29d2_iii_ev,1000,0,10,100k,A_ins,MAINJACK,2.676e-11,1.016417,1.000,"sotto, finestra corta: non accetta",riferimento g10sempre_lz_iii
mev_lz_iii,l29d2_iii_ev,1000,0,10,100k,A_rel,MAINJACK,4.862e-11,2.291969,2.000,sotto,riferimento g10mai_lz_iii
mev_lz_iii,l29d2_iii_ev,1000,0,10,100k,B2,MAINJACK,2.124e-14,1.052927,,sotto,mute da t_ins+t_grad+20 ms a t_rel
mev_lz_iii,l29d2_iii_ev,1000,0,10,100k,A_ins,FIXJACK1,8.679e-12,1.018750,1.000,"sotto, finestra corta: non accetta",riferimento g10sempre_lz_iii
mev_lz_iii,l29d2_iii_ev,1000,0,10,100k,A_rel,FIXJACK1,1.561e-11,2.894479,2.000,sotto,riferimento g10mai_lz_iii
mev_lz_iii,l29d2_iii_ev,1000,0,10,100k,B2,FIXJACK1,2.361e-13,1.044000,,sotto,mute da t_ins+t_grad+20 ms a t_rel
mev_lz_iii,l29d2_iii_ev,1000,0,10,100k,A_ins,FIXJACK2,2.831e-11,1.007260,1.000,"sotto, finestra corta: non accetta",riferimento g10sempre_lz_iii
mev_lz_iii,l29d2_iii_ev,1000,0,10,100k,A_rel,FIXJACK2,4.445e-11,3.152229,2.000,sotto,riferimento g10mai_lz_iii
mev_lz_iii,l29d2_iii_ev,1000,0,10,100k,B2,FIXJACK2,3.578e-13,1.044000,,sotto,mute da t_ins+t_grad+20 ms a t_rel
mh2_lz_iii,l29d2_iii_h2,1000,0,10,100k,A_ins,MAINJACK,2.676e-11,1.016417,2.000,sotto,riferimento g10sempre_lz_iii
mh2_lz_iii,l29d2_iii_h2,1000,0,10,100k,A_rel,MAINJACK,5.108e-11,3.647698,2.000,sotto,riferimento g10mai_lz_iii
mh2_lz_iii,l29d2_iii_h2,1000,0,10,100k,B2,MAINJACK,2.124e-14,1.052927,,sotto,mute da t_ins+t_grad+20 ms a t_rel
mh2_lz_iii,l29d2_iii_h2,1000,0,10,100k,A_ins,FIXJACK1,8.679e-12,1.018750,2.000,sotto,riferimento g10sempre_lz_iii
mh2_lz_iii,l29d2_iii_h2,1000,0,10,100k,A_rel,FIXJACK1,1.44e-11,3.350667,2.000,sotto,riferimento g10mai_lz_iii
mh2_lz_iii,l29d2_iii_h2,1000,0,10,100k,B2,FIXJACK1,2.361e-13,1.044000,,sotto,mute da t_ins+t_grad+20 ms a t_rel
mh2_lz_iii,l29d2_iii_h2,1000,0,10,100k,A_ins,FIXJACK2,2.831e-11,1.007260,2.000,sotto,riferimento g10sempre_lz_iii
mh2_lz_iii,l29d2_iii_h2,1000,0,10,100k,A_rel,FIXJACK2,4.517e-11,4.329906,2.000,sotto,riferimento g10mai_lz_iii
mh2_lz_iii,l29d2_iii_h2,1000,0,10,100k,B2,FIXJACK2,3.578e-13,1.044000,,sotto,mute da t_ins+t_grad+20 ms a t_rel
mh20_lz_iii,l29d2_iii_h20,1000,0,10,100k,A_ins,MAINJACK,2.676e-11,1.016417,2.000,sotto,riferimento g10sempre_lz_iii
mh20_lz_iii,l29d2_iii_h20,1000,0,10,100k,A_rel,MAINJACK,4.718e-11,21.586656,2.000,sotto,riferimento g10mai_lz_iii
mh20_lz_iii,l29d2_iii_h20,1000,0,10,100k,B2,MAINJACK,2.124e-14,1.052927,,sotto,mute da t_ins+t_grad+20 ms a t_rel
mh20_lz_iii,l29d2_iii_h20,1000,0,10,100k,A_ins,FIXJACK1,8.679e-12,1.018750,2.000,sotto,riferimento g10sempre_lz_iii
mh20_lz_iii,l29d2_iii_h20,1000,0,10,100k,A_rel,FIXJACK1,1.499e-11,21.274031,2.000,sotto,riferimento g10mai_lz_iii
mh20_lz_iii,l29d2_iii_h20,1000,0,10,100k,B2,FIXJACK1,2.361e-13,1.044000,,sotto,mute da t_ins+t_grad+20 ms a t_rel
mh20_lz_iii,l29d2_iii_h20,1000,0,10,100k,A_ins,FIXJACK2,2.831e-11,1.007260,2.000,sotto,riferimento g10sempre_lz_iii
mh20_lz_iii,l29d2_iii_h20,1000,0,10,100k,A_rel,FIXJACK2,4.676e-11,21.443385,2.000,sotto,riferimento g10mai_lz_iii
mh20_lz_iii,l29d2_iii_h20,1000,0,10,100k,B2,FIXJACK2,3.578e-13,1.044000,,sotto,mute da t_ins+t_grad+20 ms a t_rel
mev_20_r10k_iii,l29d2_iii_clic,20,3.818,10,10k,A_ins,MAINJACK,12.55,1.024042,1.000,SOPRA,riferimento g10sempre_20_r10k_iii
mev_20_r10k_iii,l29d2_iii_clic,20,3.818,10,10k,A_rel,MAINJACK,12,2.000031,2.000,SOPRA,riferimento g10mai_20_r10k_iii
mev_20_r10k_iii,l29d2_iii_clic,20,3.818,10,10k,B2,MAINJACK,0.9837,1.049479,,SOPRA,mute da t_ins+t_grad+20 ms a t_rel
mev_20_r10k_iii,l29d2_iii_clic,20,3.818,10,10k,B2g,MAINJACK,2.158e-07,1.076302,,sotto,jack grezzo da t_ins+t_grad+20 ms a t_rel (ADR-063)
mev_20_r10k_iii,l29d2_iii_clic,20,3.818,10,10k,C1_ins,MAINJACK,9.058,1.024042,,SOPRA,"diagnostica, cond 7.22"
mev_20_r10k_iii,l29d2_iii_clic,20,3.818,10,10k,C1_rel,MAINJACK,0.573,2.025594,,SOPRA,"diagnostica, cond 7.22"
mev_20_r10k_iii,l29d2_iii_clic,20,3.818,10,10k,C2_ins,MAINJACK,9.058,1.024042,,SOPRA,"riferimento g10sempre_20_r10k_iii, cond 7.22"
mev_20_r10k_iii,l29d2_iii_clic,20,3.818,10,10k,C2_rel,MAINJACK,0.5731,2.025594,,SOPRA,"riferimento g10mai_20_r10k_iii, cond 7.22"
mev_20_r10k_iii,l29d2_iii_clic,20,3.818,10,10k,A_ins,FIXJACK1,3.926,1.000031,1.000,SOPRA,riferimento g10sempre_20_r10k_iii
mev_20_r10k_iii,l29d2_iii_clic,20,3.818,10,10k,A_rel,FIXJACK1,3.926,2.000031,2.000,SOPRA,riferimento g10mai_20_r10k_iii
mev_20_r10k_iii,l29d2_iii_clic,20,3.818,10,10k,B2,FIXJACK1,0.278,1.050177,,SOPRA,mute da t_ins+t_grad+20 ms a t_rel
mev_20_r10k_iii,l29d2_iii_clic,20,3.818,10,10k,B2g,FIXJACK1,6.001e-08,1.052052,,sotto,jack grezzo da t_ins+t_grad+20 ms a t_rel (ADR-063)
mev_20_r10k_iii,l29d2_iii_clic,20,3.818,10,10k,C1_ins,FIXJACK1,2.879,1.024042,,SOPRA,"diagnostica, cond 7.22"
mev_20_r10k_iii,l29d2_iii_clic,20,3.818,10,10k,C1_rel,FIXJACK1,0.1438,2.026469,,SOPRA,"diagnostica, cond 7.22"
mev_20_r10k_iii,l29d2_iii_clic,20,3.818,10,10k,C2_ins,FIXJACK1,2.879,1.024042,,SOPRA,"riferimento g10sempre_20_r10k_iii, cond 7.22"
mev_20_r10k_iii,l29d2_iii_clic,20,3.818,10,10k,C2_rel,FIXJACK1,0.1438,2.026469,,SOPRA,"riferimento g10mai_20_r10k_iii, cond 7.22"
mev_20_r10k_iii,l29d2_iii_clic,20,3.818,10,10k,A_ins,FIXJACK2,3.926,1.000031,1.000,SOPRA,riferimento g10sempre_20_r10k_iii
mev_20_r10k_iii,l29d2_iii_clic,20,3.818,10,10k,A_rel,FIXJACK2,3.926,2.000031,2.000,SOPRA,riferimento g10mai_20_r10k_iii
mev_20_r10k_iii,l29d2_iii_clic,20,3.818,10,10k,B2,FIXJACK2,0.278,1.050177,,SOPRA,mute da t_ins+t_grad+20 ms a t_rel
mev_20_r10k_iii,l29d2_iii_clic,20,3.818,10,10k,B2g,FIXJACK2,6.002e-08,1.052052,,sotto,jack grezzo da t_ins+t_grad+20 ms a t_rel (ADR-063)
mev_20_r10k_iii,l29d2_iii_clic,20,3.818,10,10k,C1_ins,FIXJACK2,2.879,1.024042,,SOPRA,"diagnostica, cond 7.22"
mev_20_r10k_iii,l29d2_iii_clic,20,3.818,10,10k,C1_rel,FIXJACK2,0.1438,2.026469,,SOPRA,"diagnostica, cond 7.22"
mev_20_r10k_iii,l29d2_iii_clic,20,3.818,10,10k,C2_ins,FIXJACK2,2.879,1.024042,,SOPRA,"riferimento g10sempre_20_r10k_iii, cond 7.22"
mev_20_r10k_iii,l29d2_iii_clic,20,3.818,10,10k,C2_rel,FIXJACK2,0.1438,2.026469,,SOPRA,"riferimento g10mai_20_r10k_iii, cond 7.22"
mev_1k_r10k_iii,l29d2_iii_clic,1000,3.818,10,10k,A_ins,MAINJACK,12.67,1.024490,1.000,SOPRA,riferimento g10sempre_1k_r10k_iii
mev_1k_r10k_iii,l29d2_iii_clic,1000,3.818,10,10k,A_rel,MAINJACK,12.66,2.000021,2.000,SOPRA,riferimento g10mai_1k_r10k_iii
mev_1k_r10k_iii,l29d2_iii_clic,1000,3.818,10,10k,B2,MAINJACK,0.006703,1.050802,,SOPRA,mute da t_ins+t_grad+20 ms a t_rel
mev_1k_r10k_iii,l29d2_iii_clic,1000,3.818,10,10k,B2g,MAINJACK,3.987e-06,1.788281,,sotto,jack grezzo da t_ins+t_grad+20 ms a t_rel (ADR-063)
mev_1k_r10k_iii,l29d2_iii_clic,1000,3.818,10,10k,C1_ins,MAINJACK,7.037,1.024490,,SOPRA,"diagnostica, cond 1"
mev_1k_r10k_iii,l29d2_iii_clic,1000,3.818,10,10k,C1_rel,MAINJACK,11.43,2.025031,,SOPRA,"diagnostica, cond 1"
mev_1k_r10k_iii,l29d2_iii_clic,1000,3.818,10,10k,C2_ins,MAINJACK,7.037,1.024490,,SOPRA,"riferimento g10sempre_1k_r10k_iii, cond 1"
mev_1k_r10k_iii,l29d2_iii_clic,1000,3.818,10,10k,C2_rel,MAINJACK,11.43,2.025031,,SOPRA,"riferimento g10mai_1k_r10k_iii, cond 1"
mev_1k_r10k_iii,l29d2_iii_clic,1000,3.818,10,10k,A_ins,FIXJACK1,4.023,1.024490,1.000,SOPRA,riferimento g10sempre_1k_r10k_iii
mev_1k_r10k_iii,l29d2_iii_clic,1000,3.818,10,10k,A_rel,FIXJACK1,4.017,2.000021,2.000,SOPRA,riferimento g10mai_1k_r10k_iii
mev_1k_r10k_iii,l29d2_iii_clic,1000,3.818,10,10k,B2,FIXJACK1,0.002127,1.050802,,SOPRA,mute da t_ins+t_grad+20 ms a t_rel
mev_1k_r10k_iii,l29d2_iii_clic,1000,3.818,10,10k,B2g,FIXJACK1,1.254e-06,1.788281,,sotto,jack grezzo da t_ins+t_grad+20 ms a t_rel (ADR-063)
mev_1k_r10k_iii,l29d2_iii_clic,1000,3.818,10,10k,C1_ins,FIXJACK1,2.235,1.024490,,SOPRA,"diagnostica, cond 1"
mev_1k_r10k_iii,l29d2_iii_clic,1000,3.818,10,10k,C1_rel,FIXJACK1,3.858,2.025031,,SOPRA,"diagnostica, cond 1"
mev_1k_r10k_iii,l29d2_iii_clic,1000,3.818,10,10k,C2_ins,FIXJACK1,2.235,1.024490,,SOPRA,"riferimento g10sempre_1k_r10k_iii, cond 1"
mev_1k_r10k_iii,l29d2_iii_clic,1000,3.818,10,10k,C2_rel,FIXJACK1,3.858,2.025031,,SOPRA,"riferimento g10mai_1k_r10k_iii, cond 1"
mev_1k_r10k_iii,l29d2_iii_clic,1000,3.818,10,10k,A_ins,FIXJACK2,4.023,1.024490,1.000,SOPRA,riferimento g10sempre_1k_r10k_iii
mev_1k_r10k_iii,l29d2_iii_clic,1000,3.818,10,10k,A_rel,FIXJACK2,4.017,2.000021,2.000,SOPRA,riferimento g10mai_1k_r10k_iii
mev_1k_r10k_iii,l29d2_iii_clic,1000,3.818,10,10k,B2,FIXJACK2,0.002127,1.050802,,SOPRA,mute da t_ins+t_grad+20 ms a t_rel
mev_1k_r10k_iii,l29d2_iii_clic,1000,3.818,10,10k,B2g,FIXJACK2,1.254e-06,1.788281,,sotto,jack grezzo da t_ins+t_grad+20 ms a t_rel (ADR-063)
mev_1k_r10k_iii,l29d2_iii_clic,1000,3.818,10,10k,C1_ins,FIXJACK2,2.235,1.024490,,SOPRA,"diagnostica, cond 1"
mev_1k_r10k_iii,l29d2_iii_clic,1000,3.818,10,10k,C1_rel,FIXJACK2,3.858,2.025031,,SOPRA,"diagnostica, cond 1"
mev_1k_r10k_iii,l29d2_iii_clic,1000,3.818,10,10k,C2_ins,FIXJACK2,2.235,1.024490,,SOPRA,"riferimento g10sempre_1k_r10k_iii, cond 1"
mev_1k_r10k_iii,l29d2_iii_clic,1000,3.818,10,10k,C2_rel,FIXJACK2,3.858,2.025031,,SOPRA,"riferimento g10mai_1k_r10k_iii, cond 1"
pav_mev_0_iii,pavimento,1000,0,10,100k,A_pav,MAINJACK,4.213e-11,2.215583,2.000,sotto,contro mev_lz_iii
pav_mev_0_iii,pavimento,1000,0,10,100k,A_pav,FIXJACK1,1.569e-11,2.891844,2.000,sotto,contro mev_lz_iii
pav_mev_0_iii,pavimento,1000,0,10,100k,A_pav,FIXJACK2,3.937e-11,2.187927,2.000,sotto,contro mev_lz_iii
pav_mev_1_iii,pavimento,1000,0,10,100k,A_pav,MAINJACK,4.213e-11,2.215583,2.000,sotto,contro mev_lz_iii
pav_mev_1_iii,pavimento,1000,0,10,100k,A_pav,FIXJACK1,1.569e-11,2.891844,2.000,sotto,contro mev_lz_iii
pav_mev_1_iii,pavimento,1000,0,10,100k,A_pav,FIXJACK2,3.937e-11,2.187927,2.000,sotto,contro mev_lz_iii
pav_mev_2_iii,pavimento,1000,0,10,100k,A_pav,MAINJACK,4.244e-11,3.835948,2.000,sotto,contro mev_lz_iii
pav_mev_2_iii,pavimento,1000,0,10,100k,A_pav,FIXJACK1,1.569e-11,2.891844,2.000,sotto,contro mev_lz_iii
pav_mev_2_iii,pavimento,1000,0,10,100k,A_pav,FIXJACK2,3.937e-11,2.187927,2.000,sotto,contro mev_lz_iii
on_r10s_iii,accensione_iii,1000,0,10,100k,A_ins,MAINJACK,7.158e-08,0.133406,2.000,sotto,riferimento g10sempre_lz_iii
on_r10s_iii,accensione_iii,1000,0,10,100k,A_rel,MAINJACK,5.743e-11,2.715365,2.000,sotto,riferimento g10mai_lz_iii
on_r10s_iii,accensione_iii,1000,0,10,100k,B2,MAINJACK,7.158e-08,0.133406,,sotto,mute da t_ins+t_grad+20 ms a t_rel
on_r10s_iii,accensione_iii,1000,0,10,100k,A_ins,FIXJACK1,7.265e-07,0.134865,2.000,sotto,riferimento g10sempre_lz_iii
on_r10s_iii,accensione_iii,1000,0,10,100k,A_rel,FIXJACK1,1.488e-11,2.715365,2.000,sotto,riferimento g10mai_lz_iii
on_r10s_iii,accensione_iii,1000,0,10,100k,B2,FIXJACK1,7.265e-07,0.134865,,sotto,mute da t_ins+t_grad+20 ms a t_rel
on_r10s_iii,accensione_iii,1000,0,10,100k,A_ins,FIXJACK2,7.265e-07,0.134865,2.000,sotto,riferimento g10sempre_lz_iii
on_r10s_iii,accensione_iii,1000,0,10,100k,A_rel,FIXJACK2,5.123e-11,3.345750,2.000,sotto,riferimento g10mai_lz_iii
on_r10s_iii,accensione_iii,1000,0,10,100k,B2,FIXJACK2,7.265e-07,0.134865,,sotto,mute da t_ins+t_grad+20 ms a t_rel
off_r10s_d0_iii,spegnimento_iii,1000,0,10,100k,A_ins,MAINJACK,6.417e-05,1.000490,2.000,sotto,riferimento g10sempre_lz_iii
off_r10s_d0_iii,spegnimento_iii,1000,0,10,100k,B2,MAINJACK,1.153e-07,1.026885,,sotto,mute da t_ins+t_grad+20 ms a t_rel
off_r10s_d0_iii,spegnimento_iii,1000,0,10,100k,A_ins,FIXJACK1,2.044e-05,1.000490,2.000,sotto,riferimento g10sempre_lz_iii
off_r10s_d0_iii,spegnimento_iii,1000,0,10,100k,B2,FIXJACK1,3.679e-08,1.026885,,sotto,mute da t_ins+t_grad+20 ms a t_rel
off_r10s_d0_iii,spegnimento_iii,1000,0,10,100k,A_ins,FIXJACK2,2.044e-05,1.000490,2.000,sotto,riferimento g10sempre_lz_iii
off_r10s_d0_iii,spegnimento_iii,1000,0,10,100k,B2,FIXJACK2,3.679e-08,1.026885,,sotto,mute da t_ins+t_grad+20 ms a t_rel
off_r10s_d5_iii,spegnimento_iii,1000,0,10,100k,A_ins,MAINJACK,0.0005347,1.005490,2.000,SOPRA,riferimento g10sempre_lz_iii
off_r10s_d5_iii,spegnimento_iii,1000,0,10,100k,B2,MAINJACK,6.479e-06,1.031573,,sotto,mute da t_ins+t_grad+20 ms a t_rel
off_r10s_d5_iii,spegnimento_iii,1000,0,10,100k,A_ins,FIXJACK1,0.0001711,1.005490,2.000,SOPRA,riferimento g10sempre_lz_iii
off_r10s_d5_iii,spegnimento_iii,1000,0,10,100k,B2,FIXJACK1,2.053e-06,1.031583,,sotto,mute da t_ins+t_grad+20 ms a t_rel
off_r10s_d5_iii,spegnimento_iii,1000,0,10,100k,A_ins,FIXJACK2,0.0001711,1.005490,2.000,SOPRA,riferimento g10sempre_lz_iii
off_r10s_d5_iii,spegnimento_iii,1000,0,10,100k,B2,FIXJACK2,2.053e-06,1.031583,,sotto,mute da t_ins+t_grad+20 ms a t_rel
off_r10s_d20_iii,spegnimento_iii,1000,0,10,100k,A_ins,MAINJACK,0.5363,1.009417,2.000,SOPRA,riferimento g10sempre_lz_iii
off_r10s_d20_iii,spegnimento_iii,1000,0,10,100k,B2,MAINJACK,0.03806,1.020042,,SOPRA,mute da t_ins+t_grad+20 ms a t_rel
off_r10s_d20_iii,spegnimento_iii,1000,0,10,100k,A_ins,FIXJACK1,0.5313,1.009427,2.000,SOPRA,riferimento g10sempre_lz_iii
off_r10s_d20_iii,spegnimento_iii,1000,0,10,100k,B2,FIXJACK1,0.02351,1.020177,,SOPRA,mute da t_ins+t_grad+20 ms a t_rel
off_r10s_d20_iii,spegnimento_iii,1000,0,10,100k,A_ins,FIXJACK2,0.5313,1.009427,2.000,SOPRA,riferimento g10sempre_lz_iii
off_r10s_d20_iii,spegnimento_iii,1000,0,10,100k,B2,FIXJACK2,0.02351,1.020177,,SOPRA,mute da t_ins+t_grad+20 ms a t_rel
off_r10s_d100_iii,spegnimento_iii,1000,0,10,100k,A_ins,MAINJACK,0.5363,1.009417,2.000,SOPRA,riferimento g10sempre_lz_iii
off_r10s_d100_iii,spegnimento_iii,1000,0,10,100k,B2,MAINJACK,0.01954,1.020000,,SOPRA,mute da t_ins+t_grad+20 ms a t_rel
off_r10s_d100_iii,spegnimento_iii,1000,0,10,100k,A_ins,FIXJACK1,0.5313,1.009427,2.000,SOPRA,riferimento g10sempre_lz_iii
off_r10s_d100_iii,spegnimento_iii,1000,0,10,100k,B2,FIXJACK1,0.02261,1.020000,,SOPRA,mute da t_ins+t_grad+20 ms a t_rel
off_r10s_d100_iii,spegnimento_iii,1000,0,10,100k,A_ins,FIXJACK2,0.5313,1.009427,2.000,SOPRA,riferimento g10sempre_lz_iii
off_r10s_d100_iii,spegnimento_iii,1000,0,10,100k,B2,FIXJACK2,0.02261,1.020000,,SOPRA,mute da t_ins+t_grad+20 ms a t_rel
on_r10p_iii,accensione_iii,1000,0,10,100k,A_ins,MAINJACK,3.209e-06,0.151365,2.000,sotto,riferimento g10sempre_lz_iii
on_r10p_iii,accensione_iii,1000,0,10,100k,A_rel,MAINJACK,5.095e-11,2.995812,2.000,sotto,riferimento g10mai_lz_iii
on_r10p_iii,accensione_iii,1000,0,10,100k,B2,MAINJACK,3.209e-06,0.151365,,sotto,mute da t_ins+t_grad+20 ms a t_rel
on_r10p_iii,accensione_iii,1000,0,10,100k,A_ins,FIXJACK1,8.526e-07,0.151323,2.000,sotto,riferimento g10sempre_lz_iii
on_r10p_iii,accensione_iii,1000,0,10,100k,A_rel,FIXJACK1,1.704e-11,3.243729,2.000,sotto,riferimento g10mai_lz_iii
on_r10p_iii,accensione_iii,1000,0,10,100k,B2,FIXJACK1,8.526e-07,0.151323,,sotto,mute da t_ins+t_grad+20 ms a t_rel
on_r10p_iii,accensione_iii,1000,0,10,100k,A_ins,FIXJACK2,8.526e-07,0.151323,2.000,sotto,riferimento g10sempre_lz_iii
on_r10p_iii,accensione_iii,1000,0,10,100k,A_rel,FIXJACK2,4.395e-11,3.192719,2.000,sotto,riferimento g10mai_lz_iii
on_r10p_iii,accensione_iii,1000,0,10,100k,B2,FIXJACK2,8.526e-07,0.151323,,sotto,mute da t_ins+t_grad+20 ms a t_rel
off_r10p_d0_iii,spegnimento_iii,1000,0,10,100k,A_ins,MAINJACK,0.0001052,1.000521,2.000,SOPRA,riferimento g10sempre_lz_iii
off_r10p_d0_iii,spegnimento_iii,1000,0,10,100k,B2,MAINJACK,1.675e-07,1.026896,,sotto,mute da t_ins+t_grad+20 ms a t_rel
off_r10p_d0_iii,spegnimento_iii,1000,0,10,100k,A_ins,FIXJACK1,3.351e-05,1.000521,2.000,sotto,riferimento g10sempre_lz_iii
off_r10p_d0_iii,spegnimento_iii,1000,0,10,100k,B2,FIXJACK1,5.337e-08,1.026896,,sotto,mute da t_ins+t_grad+20 ms a t_rel
off_r10p_d0_iii,spegnimento_iii,1000,0,10,100k,A_ins,FIXJACK2,3.351e-05,1.000521,2.000,sotto,riferimento g10sempre_lz_iii
off_r10p_d0_iii,spegnimento_iii,1000,0,10,100k,B2,FIXJACK2,5.337e-08,1.026896,,sotto,mute da t_ins+t_grad+20 ms a t_rel
off_r10p_d5_iii,spegnimento_iii,1000,0,10,100k,A_ins,MAINJACK,0.002482,1.005490,2.000,SOPRA,riferimento g10sempre_lz_iii
off_r10p_d5_iii,spegnimento_iii,1000,0,10,100k,B2,MAINJACK,7.439e-05,1.030406,,sotto,mute da t_ins+t_grad+20 ms a t_rel
off_r10p_d5_iii,spegnimento_iii,1000,0,10,100k,A_ins,FIXJACK1,0.0008012,1.005490,2.000,SOPRA,riferimento g10sempre_lz_iii
off_r10p_d5_iii,spegnimento_iii,1000,0,10,100k,B2,FIXJACK1,2.387e-05,1.030406,,sotto,mute da t_ins+t_grad+20 ms a t_rel
off_r10p_d5_iii,spegnimento_iii,1000,0,10,100k,A_ins,FIXJACK2,0.0008012,1.005490,2.000,SOPRA,riferimento g10sempre_lz_iii
off_r10p_d5_iii,spegnimento_iii,1000,0,10,100k,B2,FIXJACK2,2.387e-05,1.030406,,sotto,mute da t_ins+t_grad+20 ms a t_rel
off_r10p_d20_iii,spegnimento_iii,1000,0,10,100k,A_ins,MAINJACK,2.237,1.009729,2.000,SOPRA,riferimento g10sempre_lz_iii
off_r10p_d20_iii,spegnimento_iii,1000,0,10,100k,B2,MAINJACK,0.1783,1.020042,,SOPRA,mute da t_ins+t_grad+20 ms a t_rel
off_r10p_d20_iii,spegnimento_iii,1000,0,10,100k,A_ins,FIXJACK1,1.094,1.009885,2.000,SOPRA,riferimento g10sempre_lz_iii
off_r10p_d20_iii,spegnimento_iii,1000,0,10,100k,B2,FIXJACK1,0.09212,1.020042,,SOPRA,mute da t_ins+t_grad+20 ms a t_rel
off_r10p_d20_iii,spegnimento_iii,1000,0,10,100k,A_ins,FIXJACK2,1.094,1.009885,2.000,SOPRA,riferimento g10sempre_lz_iii
off_r10p_d20_iii,spegnimento_iii,1000,0,10,100k,B2,FIXJACK2,0.09212,1.020042,,SOPRA,mute da t_ins+t_grad+20 ms a t_rel
off_r10p_d100_iii,spegnimento_iii,1000,0,10,100k,A_ins,MAINJACK,2.237,1.009729,2.000,SOPRA,riferimento g10sempre_lz_iii
off_r10p_d100_iii,spegnimento_iii,1000,0,10,100k,B2,MAINJACK,0.1582,1.059865,,SOPRA,mute da t_ins+t_grad+20 ms a t_rel
off_r10p_d100_iii,spegnimento_iii,1000,0,10,100k,A_ins,FIXJACK1,1.094,1.009885,2.000,SOPRA,riferimento g10sempre_lz_iii
off_r10p_d100_iii,spegnimento_iii,1000,0,10,100k,B2,FIXJACK1,0.07853,1.060031,,SOPRA,mute da t_ins+t_grad+20 ms a t_rel
off_r10p_d100_iii,spegnimento_iii,1000,0,10,100k,A_ins,FIXJACK2,1.094,1.009885,2.000,SOPRA,riferimento g10sempre_lz_iii
off_r10p_d100_iii,spegnimento_iii,1000,0,10,100k,B2,FIXJACK2,0.07853,1.060031,,SOPRA,mute da t_ins+t_grad+20 ms a t_rel
on_r10m_iii,accensione_iii,1000,0,10,100k,A_ins,MAINJACK,7.859e-08,0.182281,2.000,sotto,riferimento g10sempre_lz_iii
on_r10m_iii,accensione_iii,1000,0,10,100k,A_rel,MAINJACK,4.767e-11,4.572250,2.000,sotto,riferimento g10mai_lz_iii
on_r10m_iii,accensione_iii,1000,0,10,100k,B2,MAINJACK,7.859e-08,0.182281,,sotto,mute da t_ins+t_grad+20 ms a t_rel
on_r10m_iii,accensione_iii,1000,0,10,100k,A_ins,FIXJACK1,4.832e-07,0.184104,2.000,sotto,riferimento g10sempre_lz_iii
on_r10m_iii,accensione_iii,1000,0,10,100k,A_rel,FIXJACK1,1.544e-11,2.958250,2.000,sotto,riferimento g10mai_lz_iii
on_r10m_iii,accensione_iii,1000,0,10,100k,B2,FIXJACK1,4.832e-07,0.184104,,sotto,mute da t_ins+t_grad+20 ms a t_rel
on_r10m_iii,accensione_iii,1000,0,10,100k,A_ins,FIXJACK2,4.832e-07,0.184104,2.000,sotto,riferimento g10sempre_lz_iii
on_r10m_iii,accensione_iii,1000,0,10,100k,A_rel,FIXJACK2,4.472e-11,2.662708,2.000,sotto,riferimento g10mai_lz_iii
on_r10m_iii,accensione_iii,1000,0,10,100k,B2,FIXJACK2,4.832e-07,0.184104,,sotto,mute da t_ins+t_grad+20 ms a t_rel
off_r10m_d0_iii,spegnimento_iii,1000,0,10,100k,A_ins,MAINJACK,0.0001684,1.000521,2.000,SOPRA,riferimento g10sempre_lz_iii
off_r10m_d0_iii,spegnimento_iii,1000,0,10,100k,B2,MAINJACK,2.826e-07,1.026896,,sotto,mute da t_ins+t_grad+20 ms a t_rel
off_r10m_d0_iii,spegnimento_iii,1000,0,10,100k,A_ins,FIXJACK1,5.362e-05,1.000521,2.000,sotto,riferimento g10sempre_lz_iii
off_r10m_d0_iii,spegnimento_iii,1000,0,10,100k,B2,FIXJACK1,9.02e-08,1.026896,,sotto,mute da t_ins+t_grad+20 ms a t_rel
off_r10m_d0_iii,spegnimento_iii,1000,0,10,100k,A_ins,FIXJACK2,5.362e-05,1.000521,2.000,sotto,riferimento g10sempre_lz_iii
off_r10m_d0_iii,spegnimento_iii,1000,0,10,100k,B2,FIXJACK2,9.02e-08,1.026896,,sotto,mute da t_ins+t_grad+20 ms a t_rel
off_r10m_d5_iii,spegnimento_iii,1000,0,10,100k,A_ins,MAINJACK,0.001985,1.005490,2.000,SOPRA,riferimento g10sempre_lz_iii
off_r10m_d5_iii,spegnimento_iii,1000,0,10,100k,B2,MAINJACK,6.854e-05,1.030281,,sotto,mute da t_ins+t_grad+20 ms a t_rel
off_r10m_d5_iii,spegnimento_iii,1000,0,10,100k,A_ins,FIXJACK1,0.0006421,1.005490,2.000,SOPRA,riferimento g10sempre_lz_iii
off_r10m_d5_iii,spegnimento_iii,1000,0,10,100k,B2,FIXJACK1,2.202e-05,1.030281,,sotto,mute da t_ins+t_grad+20 ms a t_rel
off_r10m_d5_iii,spegnimento_iii,1000,0,10,100k,A_ins,FIXJACK2,0.0006421,1.005490,2.000,SOPRA,riferimento g10sempre_lz_iii
off_r10m_d5_iii,spegnimento_iii,1000,0,10,100k,B2,FIXJACK2,2.202e-05,1.030281,,sotto,mute da t_ins+t_grad+20 ms a t_rel
off_r10m_d100_iii,spegnimento_iii,1000,0,10,100k,A_ins,MAINJACK,13.73,1.009146,2.000,SOPRA,riferimento g10sempre_lz_iii
off_r10m_d100_iii,spegnimento_iii,1000,0,10,100k,B2,MAINJACK,5.062,1.058281,,SOPRA,mute da t_ins+t_grad+20 ms a t_rel
off_r10m_d100_iii,spegnimento_iii,1000,0,10,100k,A_ins,FIXJACK1,13.47,1.009167,2.000,SOPRA,riferimento g10sempre_lz_iii
off_r10m_d100_iii,spegnimento_iii,1000,0,10,100k,B2,FIXJACK1,5.123,1.058000,,SOPRA,mute da t_ins+t_grad+20 ms a t_rel
off_r10m_d100_iii,spegnimento_iii,1000,0,10,100k,A_ins,FIXJACK2,13.47,1.009167,2.000,SOPRA,riferimento g10sempre_lz_iii
off_r10m_d100_iii,spegnimento_iii,1000,0,10,100k,B2,FIXJACK2,5.123,1.058000,,SOPRA,mute da t_ins+t_grad+20 ms a t_rel
on_r300s_iii,accensione_iii,1000,0,10,100k,A_ins,MAINJACK,6.035e-09,0.227729,2.000,sotto,riferimento g10sempre_lz_iii
on_r300s_iii,accensione_iii,1000,0,10,100k,A_rel,MAINJACK,5.378e-11,2.801594,2.000,sotto,riferimento g10mai_lz_iii
on_r300s_iii,accensione_iii,1000,0,10,100k,B2,MAINJACK,6.035e-09,0.227729,,sotto,mute da t_ins+t_grad+20 ms a t_rel
on_r300s_iii,accensione_iii,1000,0,10,100k,A_ins,FIXJACK1,5.298e-08,0.230875,2.000,sotto,riferimento g10sempre_lz_iii
on_r300s_iii,accensione_iii,1000,0,10,100k,A_rel,FIXJACK1,1.649e-11,2.744010,2.000,sotto,riferimento g10mai_lz_iii
on_r300s_iii,accensione_iii,1000,0,10,100k,B2,FIXJACK1,5.298e-08,0.230875,,sotto,mute da t_ins+t_grad+20 ms a t_rel
on_r300s_iii,accensione_iii,1000,0,10,100k,A_ins,FIXJACK2,5.297e-08,0.230875,2.000,sotto,riferimento g10sempre_lz_iii
on_r300s_iii,accensione_iii,1000,0,10,100k,A_rel,FIXJACK2,5.175e-11,4.061302,2.000,sotto,riferimento g10mai_lz_iii
on_r300s_iii,accensione_iii,1000,0,10,100k,B2,FIXJACK2,5.297e-08,0.230875,,sotto,mute da t_ins+t_grad+20 ms a t_rel
off_r300s_d0_iii,spegnimento_iii,1000,0,10,100k,A_ins,MAINJACK,2.158e-06,1.000490,2.000,sotto,riferimento g10sempre_lz_iii
off_r300s_d0_iii,spegnimento_iii,1000,0,10,100k,B2,MAINJACK,3.872e-09,1.026885,,sotto,mute da t_ins+t_grad+20 ms a t_rel
off_r300s_d0_iii,spegnimento_iii,1000,0,10,100k,A_ins,FIXJACK1,6.874e-07,1.000490,2.000,sotto,riferimento g10sempre_lz_iii
off_r300s_d0_iii,spegnimento_iii,1000,0,10,100k,B2,FIXJACK1,1.236e-09,1.026885,,sotto,mute da t_ins+t_grad+20 ms a t_rel
off_r300s_d0_iii,spegnimento_iii,1000,0,10,100k,A_ins,FIXJACK2,6.874e-07,1.000490,2.000,sotto,riferimento g10sempre_lz_iii
off_r300s_d0_iii,spegnimento_iii,1000,0,10,100k,B2,FIXJACK2,1.236e-09,1.026885,,sotto,mute da t_ins+t_grad+20 ms a t_rel
off_r300s_d5_iii,spegnimento_iii,1000,0,10,100k,A_ins,MAINJACK,2.486e-05,1.005490,2.000,sotto,riferimento g10sempre_lz_iii
off_r300s_d5_iii,spegnimento_iii,1000,0,10,100k,B2,MAINJACK,3.061e-07,1.031427,,sotto,mute da t_ins+t_grad+20 ms a t_rel
off_r300s_d5_iii,spegnimento_iii,1000,0,10,100k,A_ins,FIXJACK1,7.959e-06,1.005490,2.000,sotto,riferimento g10sempre_lz_iii
off_r300s_d5_iii,spegnimento_iii,1000,0,10,100k,B2,FIXJACK1,9.73e-08,1.031427,,sotto,mute da t_ins+t_grad+20 ms a t_rel
off_r300s_d5_iii,spegnimento_iii,1000,0,10,100k,A_ins,FIXJACK2,7.959e-06,1.005490,2.000,sotto,riferimento g10sempre_lz_iii
off_r300s_d5_iii,spegnimento_iii,1000,0,10,100k,B2,FIXJACK2,9.73e-08,1.031427,,sotto,mute da t_ins+t_grad+20 ms a t_rel
off_r300s_d20_iii,spegnimento_iii,1000,0,10,100k,A_ins,MAINJACK,0.0002212,1.020042,2.000,SOPRA,riferimento g10sempre_lz_iii
off_r300s_d20_iii,spegnimento_iii,1000,0,10,100k,B2,MAINJACK,0.0002212,1.020042,,SOPRA,mute da t_ins+t_grad+20 ms a t_rel
off_r300s_d20_iii,spegnimento_iii,1000,0,10,100k,A_ins,FIXJACK1,7.332e-05,1.020042,2.000,sotto,riferimento g10sempre_lz_iii
off_r300s_d20_iii,spegnimento_iii,1000,0,10,100k,B2,FIXJACK1,7.332e-05,1.020042,,sotto,mute da t_ins+t_grad+20 ms a t_rel
off_r300s_d20_iii,spegnimento_iii,1000,0,10,100k,A_ins,FIXJACK2,7.332e-05,1.020042,2.000,sotto,riferimento g10sempre_lz_iii
off_r300s_d20_iii,spegnimento_iii,1000,0,10,100k,B2,FIXJACK2,7.332e-05,1.020042,,sotto,mute da t_ins+t_grad+20 ms a t_rel
off_r300s_d100_iii,spegnimento_iii,1000,0,10,100k,A_ins,MAINJACK,0.0007936,1.100042,2.000,SOPRA,riferimento g10sempre_lz_iii
off_r300s_d100_iii,spegnimento_iii,1000,0,10,100k,B2,MAINJACK,0.0007936,1.100042,,SOPRA,mute da t_ins+t_grad+20 ms a t_rel
off_r300s_d100_iii,spegnimento_iii,1000,0,10,100k,A_ins,FIXJACK1,0.0003473,1.100042,2.000,SOPRA,riferimento g10sempre_lz_iii
off_r300s_d100_iii,spegnimento_iii,1000,0,10,100k,B2,FIXJACK1,0.0003473,1.100042,,SOPRA,mute da t_ins+t_grad+20 ms a t_rel
off_r300s_d100_iii,spegnimento_iii,1000,0,10,100k,A_ins,FIXJACK2,0.0003473,1.100042,2.000,SOPRA,riferimento g10sempre_lz_iii
off_r300s_d100_iii,spegnimento_iii,1000,0,10,100k,B2,FIXJACK2,0.0003473,1.100042,,SOPRA,mute da t_ins+t_grad+20 ms a t_rel
on_r300p_iii,accensione_iii,1000,0,10,100k,A_ins,MAINJACK,1.23e-09,0.229125,2.000,sotto,riferimento g10sempre_lz_iii
on_r300p_iii,accensione_iii,1000,0,10,100k,A_rel,MAINJACK,4.884e-11,3.246958,2.000,sotto,riferimento g10mai_lz_iii
on_r300p_iii,accensione_iii,1000,0,10,100k,B2,MAINJACK,1.23e-09,0.229125,,sotto,mute da t_ins+t_grad+20 ms a t_rel
on_r300p_iii,accensione_iii,1000,0,10,100k,A_ins,FIXJACK1,5.401e-06,0.286990,2.000,sotto,riferimento g10sempre_lz_iii
on_r300p_iii,accensione_iii,1000,0,10,100k,A_rel,FIXJACK1,1.704e-11,3.096479,2.000,sotto,riferimento g10mai_lz_iii
on_r300p_iii,accensione_iii,1000,0,10,100k,B2,FIXJACK1,5.401e-06,0.286990,,sotto,mute da t_ins+t_grad+20 ms a t_rel
on_r300p_iii,accensione_iii,1000,0,10,100k,A_ins,FIXJACK2,5.401e-06,0.286990,2.000,sotto,riferimento g10sempre_lz_iii
on_r300p_iii,accensione_iii,1000,0,10,100k,A_rel,FIXJACK2,5.054e-11,2.938219,2.000,sotto,riferimento g10mai_lz_iii
on_r300p_iii,accensione_iii,1000,0,10,100k,B2,FIXJACK2,5.401e-06,0.286990,,sotto,mute da t_ins+t_grad+20 ms a t_rel
off_r300p_d0_iii,spegnimento_iii,1000,0,10,100k,A_ins,MAINJACK,3.408e-06,1.000521,2.000,sotto,riferimento g10sempre_lz_iii
off_r300p_d0_iii,spegnimento_iii,1000,0,10,100k,B2,MAINJACK,5.491e-09,1.026969,,sotto,mute da t_ins+t_grad+20 ms a t_rel
off_r300p_d0_iii,spegnimento_iii,1000,0,10,100k,A_ins,FIXJACK1,1.086e-06,1.000521,2.000,sotto,riferimento g10sempre_lz_iii
off_r300p_d0_iii,spegnimento_iii,1000,0,10,100k,B2,FIXJACK1,1.751e-09,1.026969,,sotto,mute da t_ins+t_grad+20 ms a t_rel
off_r300p_d0_iii,spegnimento_iii,1000,0,10,100k,A_ins,FIXJACK2,1.086e-06,1.000521,2.000,sotto,riferimento g10sempre_lz_iii
off_r300p_d0_iii,spegnimento_iii,1000,0,10,100k,B2,FIXJACK2,1.751e-09,1.026969,,sotto,mute da t_ins+t_grad+20 ms a t_rel
off_r300p_d5_iii,spegnimento_iii,1000,0,10,100k,A_ins,MAINJACK,8.462e-05,1.005490,2.000,sotto,riferimento g10sempre_lz_iii
off_r300p_d5_iii,spegnimento_iii,1000,0,10,100k,B2,MAINJACK,2.459e-06,1.030417,,sotto,mute da t_ins+t_grad+20 ms a t_rel
off_r300p_d5_iii,spegnimento_iii,1000,0,10,100k,A_ins,FIXJACK1,2.731e-05,1.005490,2.000,sotto,riferimento g10sempre_lz_iii
off_r300p_d5_iii,spegnimento_iii,1000,0,10,100k,B2,FIXJACK1,7.89e-07,1.030417,,sotto,mute da t_ins+t_grad+20 ms a t_rel
off_r300p_d5_iii,spegnimento_iii,1000,0,10,100k,A_ins,FIXJACK2,2.731e-05,1.005490,2.000,sotto,riferimento g10sempre_lz_iii
off_r300p_d5_iii,spegnimento_iii,1000,0,10,100k,B2,FIXJACK2,7.89e-07,1.030417,,sotto,mute da t_ins+t_grad+20 ms a t_rel
off_r300p_d20_iii,spegnimento_iii,1000,0,10,100k,A_ins,MAINJACK,0.0005965,1.020042,2.000,SOPRA,riferimento g10sempre_lz_iii
off_r300p_d20_iii,spegnimento_iii,1000,0,10,100k,B2,MAINJACK,0.0005965,1.020042,,SOPRA,mute da t_ins+t_grad+20 ms a t_rel
off_r300p_d20_iii,spegnimento_iii,1000,0,10,100k,A_ins,FIXJACK1,0.0001985,1.020042,2.000,SOPRA,riferimento g10sempre_lz_iii
off_r300p_d20_iii,spegnimento_iii,1000,0,10,100k,B2,FIXJACK1,0.0001985,1.020042,,SOPRA,mute da t_ins+t_grad+20 ms a t_rel
off_r300p_d20_iii,spegnimento_iii,1000,0,10,100k,A_ins,FIXJACK2,0.0001985,1.020042,2.000,SOPRA,riferimento g10sempre_lz_iii
off_r300p_d20_iii,spegnimento_iii,1000,0,10,100k,B2,FIXJACK2,0.0001985,1.020042,,SOPRA,mute da t_ins+t_grad+20 ms a t_rel
off_r300p_d100_iii,spegnimento_iii,1000,0,10,100k,A_ins,MAINJACK,0.001675,1.100042,2.000,SOPRA,riferimento g10sempre_lz_iii
off_r300p_d100_iii,spegnimento_iii,1000,0,10,100k,B2,MAINJACK,0.001675,1.100042,,SOPRA,mute da t_ins+t_grad+20 ms a t_rel
off_r300p_d100_iii,spegnimento_iii,1000,0,10,100k,A_ins,FIXJACK1,0.0007811,1.100042,2.000,SOPRA,riferimento g10sempre_lz_iii
off_r300p_d100_iii,spegnimento_iii,1000,0,10,100k,B2,FIXJACK1,0.0007811,1.100042,,SOPRA,mute da t_ins+t_grad+20 ms a t_rel
off_r300p_d100_iii,spegnimento_iii,1000,0,10,100k,A_ins,FIXJACK2,0.0007811,1.100042,2.000,SOPRA,riferimento g10sempre_lz_iii
off_r300p_d100_iii,spegnimento_iii,1000,0,10,100k,B2,FIXJACK2,0.0007811,1.100042,,SOPRA,mute da t_ins+t_grad+20 ms a t_rel
on_r300m_iii,accensione_iii,1000,0,10,100k,A_ins,MAINJACK,1.849e-08,0.275906,2.000,sotto,riferimento g10sempre_lz_iii
on_r300m_iii,accensione_iii,1000,0,10,100k,A_rel,MAINJACK,5.062e-11,2.643875,2.000,sotto,riferimento g10mai_lz_iii
on_r300m_iii,accensione_iii,1000,0,10,100k,B2,MAINJACK,1.849e-08,0.275906,,sotto,mute da t_ins+t_grad+20 ms a t_rel
on_r300m_iii,accensione_iii,1000,0,10,100k,A_ins,FIXJACK1,2.722e-08,0.279406,2.000,sotto,riferimento g10sempre_lz_iii
on_r300m_iii,accensione_iii,1000,0,10,100k,A_rel,FIXJACK1,1.721e-11,2.935062,2.000,sotto,riferimento g10mai_lz_iii
on_r300m_iii,accensione_iii,1000,0,10,100k,B2,FIXJACK1,2.722e-08,0.279406,,sotto,mute da t_ins+t_grad+20 ms a t_rel
on_r300m_iii,accensione_iii,1000,0,10,100k,A_ins,FIXJACK2,2.722e-08,0.279406,2.000,sotto,riferimento g10sempre_lz_iii
on_r300m_iii,accensione_iii,1000,0,10,100k,A_rel,FIXJACK2,4.967e-11,3.193302,2.000,sotto,riferimento g10mai_lz_iii
on_r300m_iii,accensione_iii,1000,0,10,100k,B2,FIXJACK2,2.722e-08,0.279406,,sotto,mute da t_ins+t_grad+20 ms a t_rel
off_r300m_d0_iii,spegnimento_iii,1000,0,10,100k,A_ins,MAINJACK,5.54e-06,1.000490,2.000,sotto,riferimento g10sempre_lz_iii
off_r300m_d0_iii,spegnimento_iii,1000,0,10,100k,B2,MAINJACK,9.362e-09,1.026969,,sotto,mute da t_ins+t_grad+20 ms a t_rel
off_r300m_d0_iii,spegnimento_iii,1000,0,10,100k,A_ins,FIXJACK1,1.764e-06,1.000490,2.000,sotto,riferimento g10sempre_lz_iii
off_r300m_d0_iii,spegnimento_iii,1000,0,10,100k,B2,FIXJACK1,2.986e-09,1.026885,,sotto,mute da t_ins+t_grad+20 ms a t_rel
off_r300m_d0_iii,spegnimento_iii,1000,0,10,100k,A_ins,FIXJACK2,1.764e-06,1.000490,2.000,sotto,riferimento g10sempre_lz_iii
off_r300m_d0_iii,spegnimento_iii,1000,0,10,100k,B2,FIXJACK2,2.986e-09,1.026885,,sotto,mute da t_ins+t_grad+20 ms a t_rel
off_r300m_d5_iii,spegnimento_iii,1000,0,10,100k,A_ins,MAINJACK,5.983e-05,1.005490,2.000,sotto,riferimento g10sempre_lz_iii
off_r300m_d5_iii,spegnimento_iii,1000,0,10,100k,B2,MAINJACK,2.155e-06,1.030260,,sotto,mute da t_ins+t_grad+20 ms a t_rel
off_r300m_d5_iii,spegnimento_iii,1000,0,10,100k,A_ins,FIXJACK1,1.937e-05,1.005490,2.000,sotto,riferimento g10sempre_lz_iii
off_r300m_d5_iii,spegnimento_iii,1000,0,10,100k,B2,FIXJACK1,6.924e-07,1.030260,,sotto,mute da t_ins+t_grad+20 ms a t_rel
off_r300m_d5_iii,spegnimento_iii,1000,0,10,100k,A_ins,FIXJACK2,1.937e-05,1.005490,2.000,sotto,riferimento g10sempre_lz_iii
off_r300m_d5_iii,spegnimento_iii,1000,0,10,100k,B2,FIXJACK2,6.924e-07,1.030260,,sotto,mute da t_ins+t_grad+20 ms a t_rel
off_r300m_d20_iii,spegnimento_iii,1000,0,10,100k,A_ins,MAINJACK,0.0003762,1.020042,2.000,SOPRA,riferimento g10sempre_lz_iii
off_r300m_d20_iii,spegnimento_iii,1000,0,10,100k,B2,MAINJACK,0.0003762,1.020042,,SOPRA,mute da t_ins+t_grad+20 ms a t_rel
off_r300m_d20_iii,spegnimento_iii,1000,0,10,100k,A_ins,FIXJACK1,0.0001255,1.020042,2.000,SOPRA,riferimento g10sempre_lz_iii
off_r300m_d20_iii,spegnimento_iii,1000,0,10,100k,B2,FIXJACK1,0.0001255,1.020042,,SOPRA,mute da t_ins+t_grad+20 ms a t_rel
off_r300m_d20_iii,spegnimento_iii,1000,0,10,100k,A_ins,FIXJACK2,0.0001255,1.020042,2.000,SOPRA,riferimento g10sempre_lz_iii
off_r300m_d20_iii,spegnimento_iii,1000,0,10,100k,B2,FIXJACK2,0.0001255,1.020042,,SOPRA,mute da t_ins+t_grad+20 ms a t_rel
off_r300m_d100_iii,spegnimento_iii,1000,0,10,100k,A_ins,MAINJACK,0.0003242,1.100042,2.000,SOPRA,riferimento g10sempre_lz_iii
off_r300m_d100_iii,spegnimento_iii,1000,0,10,100k,B2,MAINJACK,0.0003242,1.100042,,SOPRA,mute da t_ins+t_grad+20 ms a t_rel
off_r300m_d100_iii,spegnimento_iii,1000,0,10,100k,A_ins,FIXJACK1,0.0002302,1.100042,2.000,SOPRA,riferimento g10sempre_lz_iii
off_r300m_d100_iii,spegnimento_iii,1000,0,10,100k,B2,FIXJACK1,0.0002302,1.100042,,SOPRA,mute da t_ins+t_grad+20 ms a t_rel
off_r300m_d100_iii,spegnimento_iii,1000,0,10,100k,A_ins,FIXJACK2,0.0002302,1.100042,2.000,SOPRA,riferimento g10sempre_lz_iii
off_r300m_d100_iii,spegnimento_iii,1000,0,10,100k,B2,FIXJACK2,0.0002302,1.100042,,SOPRA,mute da t_ins+t_grad+20 ms a t_rel
vol_g0_iii,l29d2_iii_vol,1000,0,0,100k,A_ins,MAINJACK,6.243e-06,1.000177,2.000,sotto,riferimento vrif_g0_iii
vol_g0_iii,l29d2_iii_vol,1000,0,0,100k,B2,MAINJACK,3.365e-07,1.033896,,sotto,mute da t_ins+t_grad+20 ms a t_rel
vol_g0_iii,l29d2_iii_vol,1000,0,0,100k,A_ins,FIXJACK1,5.781e-10,1.000010,2.000,sotto,riferimento vrif_g0_iii
vol_g0_iii,l29d2_iii_vol,1000,0,0,100k,B2,FIXJACK1,2.563e-11,1.020563,,sotto,mute da t_ins+t_grad+20 ms a t_rel
vol_g0_iii,l29d2_iii_vol,1000,0,0,100k,A_ins,FIXJACK2,5.708e-10,1.000010,2.000,sotto,riferimento vrif_g0_iii
vol_g0_iii,l29d2_iii_vol,1000,0,0,100k,B2,FIXJACK2,4.835e-11,1.020375,,sotto,mute da t_ins+t_grad+20 ms a t_rel
vol_g3_iii,l29d2_iii_vol,1000,0,3,100k,A_ins,MAINJACK,8.853e-06,1.000177,2.000,sotto,riferimento vrif_g3_iii
vol_g3_iii,l29d2_iii_vol,1000,0,3,100k,B2,MAINJACK,4.779e-07,1.033906,,sotto,mute da t_ins+t_grad+20 ms a t_rel
vol_g3_iii,l29d2_iii_vol,1000,0,3,100k,A_ins,FIXJACK1,5.772e-10,1.000010,2.000,sotto,riferimento vrif_g3_iii
vol_g3_iii,l29d2_iii_vol,1000,0,3,100k,B2,FIXJACK1,2.321e-11,1.020823,,sotto,mute da t_ins+t_grad+20 ms a t_rel
vol_g3_iii,l29d2_iii_vol,1000,0,3,100k,A_ins,FIXJACK2,5.847e-10,1.000531,2.000,sotto,riferimento vrif_g3_iii
vol_g3_iii,l29d2_iii_vol,1000,0,3,100k,B2,FIXJACK2,3.75e-11,1.023510,,sotto,mute da t_ins+t_grad+20 ms a t_rel
vol_g10_iii,l29d2_iii_vol,1000,0,10,100k,A_ins,MAINJACK,1.957e-05,1.000177,2.000,sotto,riferimento vrif_g10_iii
vol_g10_iii,l29d2_iii_vol,1000,0,10,100k,B2,MAINJACK,1.06e-06,1.033906,,sotto,mute da t_ins+t_grad+20 ms a t_rel
vol_g10_iii,l29d2_iii_vol,1000,0,10,100k,A_ins,FIXJACK1,5.767e-10,1.000010,2.000,sotto,riferimento vrif_g10_iii
vol_g10_iii,l29d2_iii_vol,1000,0,10,100k,B2,FIXJACK1,2.457e-11,1.020510,,sotto,mute da t_ins+t_grad+20 ms a t_rel
vol_g10_iii,l29d2_iii_vol,1000,0,10,100k,A_ins,FIXJACK2,5.806e-10,1.000531,2.000,sotto,riferimento vrif_g10_iii
vol_g10_iii,l29d2_iii_vol,1000,0,10,100k,B2,FIXJACK2,4.039e-11,1.020219,,sotto,mute da t_ins+t_grad+20 ms a t_rel
td0x6_r05_iii,l29d2_iii_trim05,1000,0,t0a6,100k,A_rel,MAINJACK,3.602e-06,3.556115,2.000,sotto,riferimento tdrif_t6_iii
td0x6_r05_iii,l29d2_iii_trim05,1000,0,t0a6,100k,B2,MAINJACK,1.586e-07,3.025010,,sotto,mute da t_ins+t_grad+20 ms a t_rel
td0x6_r05_iii,l29d2_iii_trim05,1000,0,t0a6,100k,A_rel,FIXJACK1,4.096e-11,3.549042,2.000,sotto,riferimento tdrif_t6_iii
td0x6_r05_iii,l29d2_iii_trim05,1000,0,t0a6,100k,B2,FIXJACK1,2.158e-10,3.025010,,sotto,mute da t_ins+t_grad+20 ms a t_rel
td0x6_r05_iii,l29d2_iii_trim05,1000,0,t0a6,100k,A_rel,FIXJACK2,4.556e-11,4.445135,2.000,sotto,riferimento tdrif_t6_iii
td0x6_r05_iii,l29d2_iii_trim05,1000,0,t0a6,100k,B2,FIXJACK2,2.157e-10,3.025010,,sotto,mute da t_ins+t_grad+20 ms a t_rel
td0x12_r05_iii,l29d2_iii_trim05,1000,0,t0a12,100k,A_rel,MAINJACK,5.323e-06,3.556104,2.000,sotto,riferimento tdrif_t12_iii
td0x12_r05_iii,l29d2_iii_trim05,1000,0,t0a12,100k,B2,MAINJACK,4.075e-07,3.025531,,sotto,mute da t_ins+t_grad+20 ms a t_rel
td0x12_r05_iii,l29d2_iii_trim05,1000,0,t0a12,100k,A_rel,FIXJACK1,1.419e-11,4.578615,2.000,sotto,riferimento tdrif_t12_iii
td0x12_r05_iii,l29d2_iii_trim05,1000,0,t0a12,100k,B2,FIXJACK1,6.101e-10,3.025531,,sotto,mute da t_ins+t_grad+20 ms a t_rel
td0x12_r05_iii,l29d2_iii_trim05,1000,0,t0a12,100k,A_rel,FIXJACK2,4.593e-11,5.273562,2.000,sotto,riferimento tdrif_t12_iii
td0x12_r05_iii,l29d2_iii_trim05,1000,0,t0a12,100k,B2,FIXJACK2,6.1e-10,3.025531,,sotto,mute da t_ins+t_grad+20 ms a t_rel
g10mai_1k_iii,rif,1000,3.818,10,100k,C_pav,MAINJACK,0.0004943,1.093510,,sotto,"pavimento di C a 1.000 s, cond 1"
g10mai_1k_iii,rif,1000,3.818,10,100k,C_pav,MAINJACK,0.0004941,2.069510,,sotto,"pavimento di C a 2.000 s, cond 1"
g10mai_1k_iii,rif,1000,3.818,10,100k,C_pav,FIXJACK1,1.862e-05,1.046156,,sotto,"pavimento di C a 1.000 s, cond 1"
g10mai_1k_iii,rif,1000,3.818,10,100k,C_pav,FIXJACK1,1.861e-05,2.072156,,sotto,"pavimento di C a 2.000 s, cond 1"
g10mai_1k_iii,rif,1000,3.818,10,100k,C_pav,FIXJACK2,1.862e-05,1.046156,,sotto,"pavimento di C a 1.000 s, cond 1"
g10mai_1k_iii,rif,1000,3.818,10,100k,C_pav,FIXJACK2,1.861e-05,2.072156,,sotto,"pavimento di C a 2.000 s, cond 1"
g10sempre_1k_iii,rif,1000,3.818,10,100k,B1,MAINJACK,9.32e-07,6.257156,,sotto,"riferimento sempre in mute, da 0,5 s"
g10sempre_1k_iii,rif,1000,3.818,10,100k,B1,FIXJACK1,3.409e-07,0.797156,,sotto,"riferimento sempre in mute, da 0,5 s"
g10sempre_1k_iii,rif,1000,3.818,10,100k,B1,FIXJACK2,3.409e-07,0.797156,,sotto,"riferimento sempre in mute, da 0,5 s"
g0mai_1k_iii,rif,1000,3.818,0,100k,C_pav,MAINJACK,1.878e-05,1.180156,,sotto,"pavimento di C a 1.000 s, cond 1"
g0mai_1k_iii,rif,1000,3.818,0,100k,C_pav,MAINJACK,1.878e-05,2.155156,,sotto,"pavimento di C a 2.000 s, cond 1"
g0mai_1k_iii,rif,1000,3.818,0,100k,C_pav,FIXJACK1,1.871e-05,1.180156,,sotto,"pavimento di C a 1.000 s, cond 1"
g0mai_1k_iii,rif,1000,3.818,0,100k,C_pav,FIXJACK1,1.871e-05,2.155156,,sotto,"pavimento di C a 2.000 s, cond 1"
g0mai_1k_iii,rif,1000,3.818,0,100k,C_pav,FIXJACK2,1.871e-05,1.180156,,sotto,"pavimento di C a 1.000 s, cond 1"
g0mai_1k_iii,rif,1000,3.818,0,100k,C_pav,FIXJACK2,1.871e-05,2.155156,,sotto,"pavimento di C a 2.000 s, cond 1"
g0sempre_1k_iii,rif,1000,3.818,0,100k,B1,MAINJACK,2.843e-07,0.500656,,sotto,"riferimento sempre in mute, da 0,5 s"
g0sempre_1k_iii,rif,1000,3.818,0,100k,B1,FIXJACK1,3.409e-07,0.500656,,sotto,"riferimento sempre in mute, da 0,5 s"
g0sempre_1k_iii,rif,1000,3.818,0,100k,B1,FIXJACK2,3.409e-07,0.500656,,sotto,"riferimento sempre in mute, da 0,5 s"
g3mai_1k_iii,rif,1000,3.818,3,100k,C_pav,MAINJACK,3.839e-05,1.189156,,sotto,"pavimento di C a 1.000 s, cond 1"
g3mai_1k_iii,rif,1000,3.818,3,100k,C_pav,MAINJACK,3.839e-05,2.153156,,sotto,"pavimento di C a 2.000 s, cond 1"
g3mai_1k_iii,rif,1000,3.818,3,100k,C_pav,FIXJACK1,1.868e-05,1.199156,,sotto,"pavimento di C a 1.000 s, cond 1"
g3mai_1k_iii,rif,1000,3.818,3,100k,C_pav,FIXJACK1,1.868e-05,2.153156,,sotto,"pavimento di C a 2.000 s, cond 1"
g3mai_1k_iii,rif,1000,3.818,3,100k,C_pav,FIXJACK2,1.868e-05,1.189156,,sotto,"pavimento di C a 1.000 s, cond 1"
g3mai_1k_iii,rif,1000,3.818,3,100k,C_pav,FIXJACK2,1.868e-05,2.153156,,sotto,"pavimento di C a 2.000 s, cond 1"
g3sempre_1k_iii,rif,1000,3.818,3,100k,B1,MAINJACK,4.037e-07,5.381656,,sotto,"riferimento sempre in mute, da 0,5 s"
g3sempre_1k_iii,rif,1000,3.818,3,100k,B1,FIXJACK1,3.41e-07,3.104656,,sotto,"riferimento sempre in mute, da 0,5 s"
g3sempre_1k_iii,rif,1000,3.818,3,100k,B1,FIXJACK2,3.41e-07,3.104656,,sotto,"riferimento sempre in mute, da 0,5 s"
g10mai_20_iii,rif,20,3.818,10,100k,C_pav,MAINJACK,0.0003241,1.023927,,sotto,"pavimento di C a 1.000 s, cond 7.22"
g10mai_20_iii,rif,20,3.818,10,100k,C_pav,MAINJACK,0.0003241,2.073927,,sotto,"pavimento di C a 2.000 s, cond 7.22"
g10mai_20_iii,rif,20,3.818,10,100k,C_pav,FIXJACK1,1.422e-06,1.197844,,sotto,"pavimento di C a 1.000 s, cond 7.22"
g10mai_20_iii,rif,20,3.818,10,100k,C_pav,FIXJACK1,1.422e-06,2.197844,,sotto,"pavimento di C a 2.000 s, cond 7.22"
g10mai_20_iii,rif,20,3.818,10,100k,C_pav,FIXJACK2,1.422e-06,1.197844,,sotto,"pavimento di C a 1.000 s, cond 7.22"
g10mai_20_iii,rif,20,3.818,10,100k,C_pav,FIXJACK2,1.422e-06,2.047833,,sotto,"pavimento di C a 2.000 s, cond 7.22"
g10sempre_20_iii,rif,20,3.818,10,100k,B1,MAINJACK,4.44e-10,8.288833,,sotto,"riferimento sempre in mute, da 0,5 s"
g10sempre_20_iii,rif,20,3.818,10,100k,B1,FIXJACK1,1.698e-10,16.739594,,sotto,"riferimento sempre in mute, da 0,5 s"
g10sempre_20_iii,rif,20,3.818,10,100k,B1,FIXJACK2,1.698e-10,8.839594,,sotto,"riferimento sempre in mute, da 0,5 s"
g0mai_20_iii,rif,20,3.818,0,100k,C_pav,MAINJACK,1.416e-06,1.007604,,sotto,"pavimento di C a 1.000 s, cond 7.22"
g0mai_20_iii,rif,20,3.818,0,100k,C_pav,MAINJACK,1.416e-06,2.157604,,sotto,"pavimento di C a 2.000 s, cond 7.22"
g0mai_20_iii,rif,20,3.818,0,100k,C_pav,FIXJACK1,1.422e-06,1.197844,,sotto,"pavimento di C a 1.000 s, cond 7.22"
g0mai_20_iii,rif,20,3.818,0,100k,C_pav,FIXJACK1,1.422e-06,1.997844,,sotto,"pavimento di C a 2.000 s, cond 7.22"
g0mai_20_iii,rif,20,3.818,0,100k,C_pav,FIXJACK2,1.422e-06,1.197833,,sotto,"pavimento di C a 1.000 s, cond 7.22"
g0mai_20_iii,rif,20,3.818,0,100k,C_pav,FIXJACK2,1.422e-06,2.147833,,sotto,"pavimento di C a 2.000 s, cond 7.22"
g0sempre_20_iii,rif,20,3.818,0,100k,B1,MAINJACK,1.409e-10,2.638833,,sotto,"riferimento sempre in mute, da 0,5 s"
g0sempre_20_iii,rif,20,3.818,0,100k,B1,FIXJACK1,1.698e-10,6.489594,,sotto,"riferimento sempre in mute, da 0,5 s"
g0sempre_20_iii,rif,20,3.818,0,100k,B1,FIXJACK2,1.698e-10,6.589594,,sotto,"riferimento sempre in mute, da 0,5 s"
g3mai_20_iii,rif,20,3.818,3,100k,C_pav,MAINJACK,3.087e-06,1.147438,,sotto,"pavimento di C a 1.000 s, cond 7.22"
g3mai_20_iii,rif,20,3.818,3,100k,C_pav,MAINJACK,3.087e-06,2.047438,,sotto,"pavimento di C a 2.000 s, cond 7.22"
g3mai_20_iii,rif,20,3.818,3,100k,C_pav,FIXJACK1,1.422e-06,1.197844,,sotto,"pavimento di C a 1.000 s, cond 7.22"
g3mai_20_iii,rif,20,3.818,3,100k,C_pav,FIXJACK1,1.422e-06,2.197844,,sotto,"pavimento di C a 2.000 s, cond 7.22"
g3mai_20_iii,rif,20,3.818,3,100k,C_pav,FIXJACK2,1.422e-06,1.197833,,sotto,"pavimento di C a 1.000 s, cond 7.22"
g3mai_20_iii,rif,20,3.818,3,100k,C_pav,FIXJACK2,1.422e-06,2.197833,,sotto,"pavimento di C a 2.000 s, cond 7.22"
g3sempre_20_iii,rif,20,3.818,3,100k,B1,MAINJACK,2.001e-10,4.788833,,sotto,"riferimento sempre in mute, da 0,5 s"
g3sempre_20_iii,rif,20,3.818,3,100k,B1,FIXJACK1,1.698e-10,4.689594,,sotto,"riferimento sempre in mute, da 0,5 s"
g3sempre_20_iii,rif,20,3.818,3,100k,B1,FIXJACK2,1.698e-10,2.089594,,sotto,"riferimento sempre in mute, da 0,5 s"
g10sempre_lz_iii,rif,1000,0,10,100k,B1,MAINJACK,5.389e-17,14.708948,,sotto,"riferimento sempre in mute, da 0,5 s"
g10sempre_lz_iii,rif,1000,0,10,100k,B1,FIXJACK1,2.208e-17,4.993781,,sotto,"riferimento sempre in mute, da 0,5 s"
g10sempre_lz_iii,rif,1000,0,10,100k,B1,FIXJACK2,6.191e-17,22.189250,,sotto,"riferimento sempre in mute, da 0,5 s"
g0sempre_lz_iii,rif,1000,0,0,100k,B1,MAINJACK,1.809e-17,2.553281,,sotto,"riferimento sempre in mute, da 0,5 s"
g0sempre_lz_iii,rif,1000,0,0,100k,B1,FIXJACK1,2.048e-17,2.824031,,sotto,"riferimento sempre in mute, da 0,5 s"
g0sempre_lz_iii,rif,1000,0,0,100k,B1,FIXJACK2,6.494e-17,2.324010,,sotto,"riferimento sempre in mute, da 0,5 s"
g3sempre_lz_iii,rif,1000,0,3,100k,B1,MAINJACK,2.362e-17,0.719500,,sotto,"riferimento sempre in mute, da 0,5 s"
g3sempre_lz_iii,rif,1000,0,3,100k,B1,FIXJACK1,2.211e-17,2.337531,,sotto,"riferimento sempre in mute, da 0,5 s"
g3sempre_lz_iii,rif,1000,0,3,100k,B1,FIXJACK2,5.893e-17,5.839281,,sotto,"riferimento sempre in mute, da 0,5 s"
t6mai_1k_iii,rif,1000,3.818,10,100k,C_pav,MAINJACK,6.37e-05,1.171156,,sotto,"pavimento di C a 1.000 s, cond 1"
t6mai_1k_iii,rif,1000,3.818,10,100k,C_pav,MAINJACK,6.37e-05,2.045156,,sotto,"pavimento di C a 2.000 s, cond 1"
t6mai_1k_iii,rif,1000,3.818,10,100k,C_pav,FIXJACK1,1.887e-05,1.110156,,sotto,"pavimento di C a 1.000 s, cond 1"
t6mai_1k_iii,rif,1000,3.818,10,100k,C_pav,FIXJACK1,1.887e-05,2.120156,,sotto,"pavimento di C a 2.000 s, cond 1"
t6mai_1k_iii,rif,1000,3.818,10,100k,C_pav,FIXJACK2,1.887e-05,1.110156,,sotto,"pavimento di C a 1.000 s, cond 1"
t6mai_1k_iii,rif,1000,3.818,10,100k,C_pav,FIXJACK2,1.887e-05,2.120156,,sotto,"pavimento di C a 2.000 s, cond 1"
t6sempre_1k_iii,rif,1000,3.818,10,100k,B1,MAINJACK,4.449e-07,4.539156,,sotto,"riferimento sempre in mute, da 0,5 s"
t6sempre_1k_iii,rif,1000,3.818,10,100k,B1,FIXJACK1,3.409e-07,3.913156,,sotto,"riferimento sempre in mute, da 0,5 s"
t6sempre_1k_iii,rif,1000,3.818,10,100k,B1,FIXJACK2,3.409e-07,3.913156,,sotto,"riferimento sempre in mute, da 0,5 s"
t12mai_1k_iii,rif,1000,3.818,10,100k,C_pav,MAINJACK,1.897e-05,1.177146,,sotto,"pavimento di C a 1.000 s, cond 1"
t12mai_1k_iii,rif,1000,3.818,10,100k,C_pav,MAINJACK,1.897e-05,2.112146,,sotto,"pavimento di C a 2.000 s, cond 1"
t12mai_1k_iii,rif,1000,3.818,10,100k,C_pav,FIXJACK1,1.863e-05,1.193156,,sotto,"pavimento di C a 1.000 s, cond 1"
t12mai_1k_iii,rif,1000,3.818,10,100k,C_pav,FIXJACK1,1.863e-05,2.187156,,sotto,"pavimento di C a 2.000 s, cond 1"
t12mai_1k_iii,rif,1000,3.818,10,100k,C_pav,FIXJACK2,1.863e-05,1.194156,,sotto,"pavimento di C a 1.000 s, cond 1"
t12mai_1k_iii,rif,1000,3.818,10,100k,C_pav,FIXJACK2,1.863e-05,2.187156,,sotto,"pavimento di C a 2.000 s, cond 1"
t12sempre_1k_iii,rif,1000,3.818,10,100k,B1,MAINJACK,2.25e-07,2.930156,,sotto,"riferimento sempre in mute, da 0,5 s"
t12sempre_1k_iii,rif,1000,3.818,10,100k,B1,FIXJACK1,3.41e-07,3.902656,,sotto,"riferimento sempre in mute, da 0,5 s"
t12sempre_1k_iii,rif,1000,3.818,10,100k,B1,FIXJACK2,3.41e-07,3.902656,,sotto,"riferimento sempre in mute, da 0,5 s"
t6sempre_lz_iii,rif,1000,0,10,100k,B1,MAINJACK,3.98e-17,2.233812,,sotto,"riferimento sempre in mute, da 0,5 s"
t6sempre_lz_iii,rif,1000,0,10,100k,B1,FIXJACK1,1.968e-17,1.403333,,sotto,"riferimento sempre in mute, da 0,5 s"
t6sempre_lz_iii,rif,1000,0,10,100k,B1,FIXJACK2,6.298e-17,0.868333,,sotto,"riferimento sempre in mute, da 0,5 s"
t12sempre_lz_iii,rif,1000,0,10,100k,B1,MAINJACK,3.665e-17,3.705583,,sotto,"riferimento sempre in mute, da 0,5 s"
t12sempre_lz_iii,rif,1000,0,10,100k,B1,FIXJACK1,2.075e-17,7.604854,,sotto,"riferimento sempre in mute, da 0,5 s"
t12sempre_lz_iii,rif,1000,0,10,100k,B1,FIXJACK2,5.995e-17,7.333833,,sotto,"riferimento sempre in mute, da 0,5 s"
rsempre_g10t0_dpamax_iii,rif_dpamax,1000,0,10,100k,B1,MAINJACK,5.118e-17,3.628583,,sotto,"riferimento sempre in mute, da 0,5 s"
rsempre_g10t0_dpamax_iii,rif_dpamax,1000,0,10,100k,B1,FIXJACK1,2.221e-17,1.253083,,sotto,"riferimento sempre in mute, da 0,5 s"
rsempre_g10t0_dpamax_iii,rif_dpamax,1000,0,10,100k,B1,FIXJACK2,5.79e-17,7.271833,,sotto,"riferimento sempre in mute, da 0,5 s"
rsempre_g0t0_dpamax_iii,rif_dpamax,1000,0,0,100k,B1,MAINJACK,2.027e-17,6.619083,,sotto,"riferimento sempre in mute, da 0,5 s"
rsempre_g0t0_dpamax_iii,rif_dpamax,1000,0,0,100k,B1,FIXJACK1,2.12e-17,3.096844,,sotto,"riferimento sempre in mute, da 0,5 s"
rsempre_g0t0_dpamax_iii,rif_dpamax,1000,0,0,100k,B1,FIXJACK2,5.996e-17,0.765083,,sotto,"riferimento sempre in mute, da 0,5 s"
rsempre_g10t12_dpamax_iii,rif_dpamax,1000,0,10,100k,B1,MAINJACK,3.842e-17,7.391323,,sotto,"riferimento sempre in mute, da 0,5 s"
rsempre_g10t12_dpamax_iii,rif_dpamax,1000,0,10,100k,B1,FIXJACK1,2.14e-17,6.584583,,sotto,"riferimento sempre in mute, da 0,5 s"
rsempre_g10t12_dpamax_iii,rif_dpamax,1000,0,10,100k,B1,FIXJACK2,5.824e-17,7.061760,,sotto,"riferimento sempre in mute, da 0,5 s"
rsempre_g10t0_dpminmax_iii,rif_dpminmax,1000,0,10,100k,B1,MAINJACK,4.987e-17,1.537792,,sotto,"riferimento sempre in mute, da 0,5 s"
rsempre_g10t0_dpminmax_iii,rif_dpminmax,1000,0,10,100k,B1,FIXJACK1,1.933e-17,2.015333,,sotto,"riferimento sempre in mute, da 0,5 s"
rsempre_g10t0_dpminmax_iii,rif_dpminmax,1000,0,10,100k,B1,FIXJACK2,3.781e-17,7.022802,,sotto,"riferimento sempre in mute, da 0,5 s"
rsempre_g0t0_dpminmax_iii,rif_dpminmax,1000,0,0,100k,B1,MAINJACK,1.834e-17,2.143833,,sotto,"riferimento sempre in mute, da 0,5 s"
rsempre_g0t0_dpminmax_iii,rif_dpminmax,1000,0,0,100k,B1,FIXJACK1,2.157e-17,4.777833,,sotto,"riferimento sempre in mute, da 0,5 s"
rsempre_g0t0_dpminmax_iii,rif_dpminmax,1000,0,0,100k,B1,FIXJACK2,4.013e-17,4.750333,,sotto,"riferimento sempre in mute, da 0,5 s"
rsempre_g10t12_dpminmax_iii,rif_dpminmax,1000,0,10,100k,B1,MAINJACK,3.479e-17,6.193083,,sotto,"riferimento sempre in mute, da 0,5 s"
rsempre_g10t12_dpminmax_iii,rif_dpminmax,1000,0,10,100k,B1,FIXJACK1,1.978e-17,2.646823,,sotto,"riferimento sempre in mute, da 0,5 s"
rsempre_g10t12_dpminmax_iii,rif_dpminmax,1000,0,10,100k,B1,FIXJACK2,3.831e-17,3.037823,,sotto,"riferimento sempre in mute, da 0,5 s"
rsempre_g10t0_dpmaxmax_iii,rif_dpmaxmax,1000,0,10,100k,B1,MAINJACK,5.4e-17,1.914792,,sotto,"riferimento sempre in mute, da 0,5 s"
rsempre_g10t0_dpmaxmax_iii,rif_dpmaxmax,1000,0,10,100k,B1,FIXJACK1,2.507e-17,6.342042,,sotto,"riferimento sempre in mute, da 0,5 s"
rsempre_g10t0_dpmaxmax_iii,rif_dpmaxmax,1000,0,10,100k,B1,FIXJACK2,1.921e-17,4.668542,,sotto,"riferimento sempre in mute, da 0,5 s"
rsempre_g0t0_dpmaxmax_iii,rif_dpmaxmax,1000,0,0,100k,B1,MAINJACK,1.714e-17,4.313792,,sotto,"riferimento sempre in mute, da 0,5 s"
rsempre_g0t0_dpmaxmax_iii,rif_dpmaxmax,1000,0,0,100k,B1,FIXJACK1,1.989e-17,4.307292,,sotto,"riferimento sempre in mute, da 0,5 s"
rsempre_g0t0_dpmaxmax_iii,rif_dpmaxmax,1000,0,0,100k,B1,FIXJACK2,2.167e-17,1.418042,,sotto,"riferimento sempre in mute, da 0,5 s"
rsempre_g10t12_dpmaxmax_iii,rif_dpmaxmax,1000,0,10,100k,B1,MAINJACK,3.879e-17,3.583323,,sotto,"riferimento sempre in mute, da 0,5 s"
rsempre_g10t12_dpmaxmax_iii,rif_dpmaxmax,1000,0,10,100k,B1,FIXJACK1,1.916e-17,2.966583,,sotto,"riferimento sempre in mute, da 0,5 s"
rsempre_g10t12_dpmaxmax_iii,rif_dpmaxmax,1000,0,10,100k,B1,FIXJACK2,1.945e-17,5.386583,,sotto,"riferimento sempre in mute, da 0,5 s"
g10mai_20k_iii,rif,20000,3.818,10,100k,C_pav,MAINJACK,0.02476,0.980125,,SOPRA,"pavimento di C a 1.000 s, cond 1"
g10mai_20k_iii,rif,20000,3.818,10,100k,C_pav,MAINJACK,0.02476,1.480125,,SOPRA,"pavimento di C a 1.500 s, cond 1"
g10mai_20k_iii,rif,20000,3.818,10,100k,C_pav,FIXJACK1,6.657e-05,0.980823,,sotto,"pavimento di C a 1.000 s, cond 1"
g10mai_20k_iii,rif,20000,3.818,10,100k,C_pav,FIXJACK1,6.657e-05,1.489323,,sotto,"pavimento di C a 1.500 s, cond 1"
g10mai_20k_iii,rif,20000,3.818,10,100k,C_pav,FIXJACK2,6.657e-05,0.980823,,sotto,"pavimento di C a 1.000 s, cond 1"
g10mai_20k_iii,rif,20000,3.818,10,100k,C_pav,FIXJACK2,6.657e-05,1.489323,,sotto,"pavimento di C a 1.500 s, cond 1"
g10mai_20_r10k_iii,rif,20,3.818,10,10k,C_pav,MAINJACK,0.0003291,1.173885,,sotto,"pavimento di C a 1.000 s, cond 7.22"
g10mai_20_r10k_iii,rif,20,3.818,10,10k,C_pav,MAINJACK,0.0003291,2.173885,,sotto,"pavimento di C a 2.000 s, cond 7.22"
g10mai_20_r10k_iii,rif,20,3.818,10,10k,C_pav,FIXJACK1,1.446e-06,1.107781,,sotto,"pavimento di C a 1.000 s, cond 7.22"
g10mai_20_r10k_iii,rif,20,3.818,10,10k,C_pav,FIXJACK1,1.446e-06,2.107781,,sotto,"pavimento di C a 2.000 s, cond 7.22"
g10mai_20_r10k_iii,rif,20,3.818,10,10k,C_pav,FIXJACK2,1.446e-06,1.107781,,sotto,"pavimento di C a 1.000 s, cond 7.22"
g10mai_20_r10k_iii,rif,20,3.818,10,10k,C_pav,FIXJACK2,1.446e-06,2.107792,,sotto,"pavimento di C a 2.000 s, cond 7.22"
g10sempre_20_r10k_iii,rif,20,3.818,10,10k,B1,MAINJACK,6.177e-11,3.988833,,sotto,"riferimento sempre in mute, da 0,5 s"
g10sempre_20_r10k_iii,rif,20,3.818,10,10k,B1,FIXJACK1,2.016e-11,3.139594,,sotto,"riferimento sempre in mute, da 0,5 s"
g10sempre_20_r10k_iii,rif,20,3.818,10,10k,B1,FIXJACK2,2.016e-11,1.939594,,sotto,"riferimento sempre in mute, da 0,5 s"
g10mai_1k_r10k_iii,rif,1000,3.818,10,10k,C_pav,MAINJACK,0.0005083,1.113510,,sotto,"pavimento di C a 1.000 s, cond 1"
g10mai_1k_r10k_iii,rif,1000,3.818,10,10k,C_pav,MAINJACK,0.0005084,2.195510,,sotto,"pavimento di C a 2.000 s, cond 1"
g10mai_1k_r10k_iii,rif,1000,3.818,10,10k,C_pav,FIXJACK1,1.882e-05,1.121156,,sotto,"pavimento di C a 1.000 s, cond 1"
g10mai_1k_r10k_iii,rif,1000,3.818,10,10k,C_pav,FIXJACK1,1.887e-05,2.195156,,sotto,"pavimento di C a 2.000 s, cond 1"
g10mai_1k_r10k_iii,rif,1000,3.818,10,10k,C_pav,FIXJACK2,1.882e-05,1.121156,,sotto,"pavimento di C a 1.000 s, cond 1"
g10mai_1k_r10k_iii,rif,1000,3.818,10,10k,C_pav,FIXJACK2,1.887e-05,2.195156,,sotto,"pavimento di C a 2.000 s, cond 1"
g10sempre_1k_r10k_iii,rif,1000,3.818,10,10k,B1,MAINJACK,1.297e-07,0.661156,,sotto,"riferimento sempre in mute, da 0,5 s"
g10sempre_1k_r10k_iii,rif,1000,3.818,10,10k,B1,FIXJACK1,4.048e-08,1.118156,,sotto,"riferimento sempre in mute, da 0,5 s"
g10sempre_1k_r10k_iii,rif,1000,3.818,10,10k,B1,FIXJACK2,4.048e-08,1.118156,,sotto,"riferimento sempre in mute, da 0,5 s"
g10mai_20k_r10k_iii,rif,20000,3.818,10,10k,C_pav,MAINJACK,0.02467,1.189125,,SOPRA,"pavimento di C a 1.000 s, cond 1"
g10mai_20k_r10k_iii,rif,20000,3.818,10,10k,C_pav,MAINJACK,0.02467,1.691875,,SOPRA,"pavimento di C a 1.500 s, cond 1"
g10mai_20k_r10k_iii,rif,20000,3.818,10,10k,C_pav,FIXJACK1,6.64e-05,1.121323,,sotto,"pavimento di C a 1.000 s, cond 1"
g10mai_20k_r10k_iii,rif,20000,3.818,10,10k,C_pav,FIXJACK1,6.64e-05,1.698323,,sotto,"pavimento di C a 1.500 s, cond 1"
g10mai_20k_r10k_iii,rif,20000,3.818,10,10k,C_pav,FIXJACK2,6.64e-05,1.147573,,sotto,"pavimento di C a 1.000 s, cond 1"
g10mai_20k_r10k_iii,rif,20000,3.818,10,10k,C_pav,FIXJACK2,6.64e-05,1.698323,,sotto,"pavimento di C a 1.500 s, cond 1"
