warning, model type mismatch in line
    q121a nmiri nmiri nme1 ls350
warning, model type mismatch in line
    q121b nhi nmiri nme2 ls350

Note: No compatibility mode selected!


Circuit: tb_loop__cm680p_r1.69k.cir - l40 esplorazione da tb_loop.cir, alter c124 = 680p; alter r128 = 1.69k

Warning: Model issue on line 122 :
  .model lsk489a njf(beta=2.2m betatce=-.5 rd=11 rs=30 lambda=4.3m vto=-1. ...
unrecognized parameter (isr) - ignored
unrecognized parameter (alpha) - ignored
unrecognized parameter (vk) - ignored
unrecognized parameter (mj) - ignored

 Capacitor: Fixed capacitor
     device                  c124
      model                     C
capacitance               6.8e-10

 Resistor: Simple linear resistor
     device                  r128
      model                     R
 resistance                  1690

Doing analysis at TEMP = 27.000000 and TNOM = 27.000000

Using SPARSE 1.3 as Direct Linear Solver

No. of Data Rows : 801
fcross              =  6.22015e+05
pmarg               =  6.81356e+01
tdc                 =  8.13446e+01
mode=0db  rload=100k  rsrc=1m  pos=1  C=1f
fcross = 6.220146e+05
pmarg = 6.813563e+01
tdc = 8.134462e+01
Doing analysis at TEMP = 27.000000 and TNOM = 27.000000

Using SPARSE 1.3 as Direct Linear Solver

No. of Data Rows : 801
fcross              =  6.22639e+05
pmarg               =  6.79756e+01
tdc                 =  8.13446e+01
mode=0db  rload=100k  rsrc=1m  pos=1  C=47p
fcross = 6.226389e+05
pmarg = 6.797563e+01
tdc = 8.134462e+01
Doing analysis at TEMP = 27.000000 and TNOM = 27.000000

Using SPARSE 1.3 as Direct Linear Solver

No. of Data Rows : 801
fcross              =  6.23308e+05
pmarg               =  6.77944e+01
tdc                 =  8.13446e+01
mode=0db  rload=100k  rsrc=1m  pos=1  C=100p
fcross = 6.233082e+05
pmarg = 6.779443e+01
tdc = 8.134462e+01
Doing analysis at TEMP = 27.000000 and TNOM = 27.000000

Using SPARSE 1.3 as Direct Linear Solver

No. of Data Rows : 801
fcross              =  6.24683e+05
pmarg               =  6.73820e+01
tdc                 =  8.13446e+01
mode=0db  rload=100k  rsrc=1m  pos=1  C=220p
fcross = 6.246825e+05
pmarg = 6.738196e+01
tdc = 8.134462e+01
Doing analysis at TEMP = 27.000000 and TNOM = 27.000000

Using SPARSE 1.3 as Direct Linear Solver

No. of Data Rows : 801
fcross              =  6.26877e+05
pmarg               =  6.65207e+01
tdc                 =  8.13446e+01
mode=0db  rload=100k  rsrc=1m  pos=1  C=470p
fcross = 6.268769e+05
pmarg = 6.652069e+01
tdc = 8.134461e+01
Doing analysis at TEMP = 27.000000 and TNOM = 27.000000

Using SPARSE 1.3 as Direct Linear Solver

No. of Data Rows : 801
fcross              =  6.28344e+05
pmarg               =  6.47616e+01
tdc                 =  8.13446e+01
mode=0db  rload=100k  rsrc=1m  pos=1  C=1n
fcross = 6.283440e+05
pmarg = 6.476164e+01
tdc = 8.134461e+01
Doing analysis at TEMP = 27.000000 and TNOM = 27.000000

Using SPARSE 1.3 as Direct Linear Solver

No. of Data Rows : 801
fcross              =  6.25912e+05
pmarg               =  6.33019e+01
tdc                 =  8.13446e+01
mode=0db  rload=100k  rsrc=1m  pos=1  C=1.5n
fcross = 6.259122e+05
pmarg = 6.330186e+01
tdc = 8.134460e+01
Doing analysis at TEMP = 27.000000 and TNOM = 27.000000

Using SPARSE 1.3 as Direct Linear Solver

No. of Data Rows : 801
fcross              =  6.17787e+05
pmarg               =  6.17266e+01
tdc                 =  8.13446e+01
mode=0db  rload=100k  rsrc=1m  pos=1  C=2.2n
fcross = 6.177868e+05
pmarg = 6.172661e+01
tdc = 8.134459e+01
Doing analysis at TEMP = 27.000000 and TNOM = 27.000000

Using SPARSE 1.3 as Direct Linear Solver

No. of Data Rows : 801
fcross              =  6.10136e+05
pmarg               =  6.09367e+01
tdc                 =  8.13446e+01
mode=0db  rload=100k  rsrc=1m  pos=1  C=2.7n
fcross = 6.101355e+05
pmarg = 6.093672e+01
tdc = 8.134459e+01
Doing analysis at TEMP = 27.000000 and TNOM = 27.000000

Using SPARSE 1.3 as Direct Linear Solver

No. of Data Rows : 801
fcross              =  6.00175e+05
pmarg               =  6.03039e+01
tdc                 =  8.13446e+01
mode=0db  rload=100k  rsrc=1m  pos=1  C=3.3n
fcross = 6.001749e+05
pmarg = 6.030389e+01
tdc = 8.134458e+01
Doing analysis at TEMP = 27.000000 and TNOM = 27.000000

Using SPARSE 1.3 as Direct Linear Solver

No. of Data Rows : 801
fcross              =  5.78085e+05
pmarg               =  5.97322e+01
tdc                 =  8.13446e+01
mode=0db  rload=100k  rsrc=1m  pos=1  C=4.7n
fcross = 5.780850e+05
pmarg = 5.973219e+01
tdc = 8.134457e+01
Doing analysis at TEMP = 27.000000 and TNOM = 27.000000

Using SPARSE 1.3 as Direct Linear Solver

No. of Data Rows : 801
fcross              =  6.22015e+05
pmarg               =  6.81356e+01
tdc                 =  8.13446e+01
mode=0db  rload=100k  rsrc=1m  pos=2  C=1f
fcross = 6.220146e+05
pmarg = 6.813563e+01
tdc = 8.134462e+01
Doing analysis at TEMP = 27.000000 and TNOM = 27.000000

Using SPARSE 1.3 as Direct Linear Solver

No. of Data Rows : 801
fcross              =  6.22654e+05
pmarg               =  6.79755e+01
tdc                 =  8.13446e+01
mode=0db  rload=100k  rsrc=1m  pos=2  C=47p
fcross = 6.226536e+05
pmarg = 6.797549e+01
tdc = 8.134462e+01
Doing analysis at TEMP = 27.000000 and TNOM = 27.000000

Using SPARSE 1.3 as Direct Linear Solver

No. of Data Rows : 801
fcross              =  6.23373e+05
pmarg               =  6.77942e+01
tdc                 =  8.13446e+01
mode=0db  rload=100k  rsrc=1m  pos=2  C=100p
fcross = 6.233733e+05
pmarg = 6.779421e+01
tdc = 8.134462e+01
Doing analysis at TEMP = 27.000000 and TNOM = 27.000000

Using SPARSE 1.3 as Direct Linear Solver

No. of Data Rows : 801
fcross              =  6.24999e+05
pmarg               =  6.73810e+01
tdc                 =  8.13446e+01
mode=0db  rload=100k  rsrc=1m  pos=2  C=220p
fcross = 6.249994e+05
pmarg = 6.738102e+01
tdc = 8.134461e+01
Doing analysis at TEMP = 27.000000 and TNOM = 27.000000

Using SPARSE 1.3 as Direct Linear Solver

No. of Data Rows : 801
fcross              =  6.28369e+05
pmarg               =  6.65080e+01
tdc                 =  8.13446e+01
mode=0db  rload=100k  rsrc=1m  pos=2  C=470p
fcross = 6.283687e+05
pmarg = 6.650801e+01
tdc = 8.134461e+01
Doing analysis at TEMP = 27.000000 and TNOM = 27.000000

Using SPARSE 1.3 as Direct Linear Solver

No. of Data Rows : 801
fcross              =  6.35529e+05
pmarg               =  6.45987e+01
tdc                 =  8.13446e+01
mode=0db  rload=100k  rsrc=1m  pos=2  C=1n
fcross = 6.355287e+05
pmarg = 6.459869e+01
tdc = 8.134459e+01
Doing analysis at TEMP = 27.000000 and TNOM = 27.000000

Using SPARSE 1.3 as Direct Linear Solver

No. of Data Rows : 801
fcross              =  6.42161e+05
pmarg               =  6.27280e+01
tdc                 =  8.13446e+01
mode=0db  rload=100k  rsrc=1m  pos=2  C=1.5n
fcross = 6.421610e+05
pmarg = 6.272797e+01
tdc = 8.134458e+01
Doing analysis at TEMP = 27.000000 and TNOM = 27.000000

Using SPARSE 1.3 as Direct Linear Solver

No. of Data Rows : 801
fcross              =  6.51151e+05
pmarg               =  5.99985e+01
tdc                 =  8.13446e+01
mode=0db  rload=100k  rsrc=1m  pos=2  C=2.2n
fcross = 6.511511e+05
pmarg = 5.999852e+01
tdc = 8.134456e+01
Doing analysis at TEMP = 27.000000 and TNOM = 27.000000

Using SPARSE 1.3 as Direct Linear Solver

No. of Data Rows : 801
fcross              =  6.57195e+05
pmarg               =  5.79787e+01
tdc                 =  8.13446e+01
mode=0db  rload=100k  rsrc=1m  pos=2  C=2.7n
fcross = 6.571951e+05
pmarg = 5.797868e+01
tdc = 8.134455e+01
Doing analysis at TEMP = 27.000000 and TNOM = 27.000000

Using SPARSE 1.3 as Direct Linear Solver

No. of Data Rows : 801
fcross              =  6.63895e+05
pmarg               =  5.54890e+01
tdc                 =  8.13445e+01
mode=0db  rload=100k  rsrc=1m  pos=2  C=3.3n
fcross = 6.638953e+05
pmarg = 5.548903e+01
tdc = 8.134454e+01
Doing analysis at TEMP = 27.000000 and TNOM = 27.000000

Using SPARSE 1.3 as Direct Linear Solver

No. of Data Rows : 801
fcross              =  6.75966e+05
Note: Starting dynamic gmin stepping
Note: Dynamic gmin stepping completed
pmarg               =  4.95295e+01
tdc                 =  8.13445e+01
mode=0db  rload=100k  rsrc=1m  pos=2  C=4.7n
fcross = 6.759659e+05
pmarg = 4.952954e+01
tdc = 8.134450e+01
Doing analysis at TEMP = 27.000000 and TNOM = 27.000000

Using SPARSE 1.3 as Direct Linear Solver

No. of Data Rows : 801
fcross              =  6.21992e+05
Note: Starting dynamic gmin stepping
Note: Dynamic gmin stepping completed
pmarg               =  6.79406e+01
tdc                 =  8.13446e+01
mode=0db  rload=100k  rsrc=1k  pos=1  C=1f
fcross = 6.219923e+05
pmarg = 6.794056e+01
tdc = 8.134462e+01
Doing analysis at TEMP = 27.000000 and TNOM = 27.000000

Using SPARSE 1.3 as Direct Linear Solver

No. of Data Rows : 801
fcross              =  6.22616e+05
Note: Starting dynamic gmin stepping
Note: Dynamic gmin stepping completed
pmarg               =  6.77804e+01
tdc                 =  8.13446e+01
mode=0db  rload=100k  rsrc=1k  pos=1  C=47p
fcross = 6.226165e+05
pmarg = 6.778038e+01
tdc = 8.134462e+01
Doing analysis at TEMP = 27.000000 and TNOM = 27.000000

Using SPARSE 1.3 as Direct Linear Solver

No. of Data Rows : 801
fcross              =  6.23286e+05
Note: Starting dynamic gmin stepping
Note: Dynamic gmin stepping completed
pmarg               =  6.75990e+01
tdc                 =  8.13446e+01
mode=0db  rload=100k  rsrc=1k  pos=1  C=100p
fcross = 6.232857e+05
pmarg = 6.759898e+01
tdc = 8.134462e+01
Doing analysis at TEMP = 27.000000 and TNOM = 27.000000

Using SPARSE 1.3 as Direct Linear Solver

No. of Data Rows : 801
fcross              =  6.24660e+05
Note: Starting dynamic gmin stepping
Note: Dynamic gmin stepping completed
pmarg               =  6.71861e+01
tdc                 =  8.13446e+01
mode=0db  rload=100k  rsrc=1k  pos=1  C=220p
fcross = 6.246599e+05
pmarg = 6.718610e+01
tdc = 8.134462e+01
Doing analysis at TEMP = 27.000000 and TNOM = 27.000000

Using SPARSE 1.3 as Direct Linear Solver

No. of Data Rows : 801
fcross              =  6.26854e+05
Note: Starting dynamic gmin stepping
Note: Dynamic gmin stepping completed
pmarg               =  6.63242e+01
tdc                 =  8.13446e+01
mode=0db  rload=100k  rsrc=1k  pos=1  C=470p
fcross = 6.268540e+05
pmarg = 6.632417e+01
tdc = 8.134461e+01
Doing analysis at TEMP = 27.000000 and TNOM = 27.000000

Using SPARSE 1.3 as Direct Linear Solver

No. of Data Rows : 801
fcross              =  6.28321e+05
Note: Starting dynamic gmin stepping
Note: Dynamic gmin stepping completed
pmarg               =  6.45647e+01
tdc                 =  8.13446e+01
mode=0db  rload=100k  rsrc=1k  pos=1  C=1n
fcross = 6.283210e+05
pmarg = 6.456472e+01
tdc = 8.134461e+01
Doing analysis at TEMP = 27.000000 and TNOM = 27.000000

Using SPARSE 1.3 as Direct Linear Solver

No. of Data Rows : 801
fcross              =  6.25890e+05
Note: Starting dynamic gmin stepping
Note: Dynamic gmin stepping completed
pmarg               =  6.31057e+01
tdc                 =  8.13446e+01
mode=0db  rload=100k  rsrc=1k  pos=1  C=1.5n
fcross = 6.258898e+05
pmarg = 6.310574e+01
tdc = 8.134460e+01
Doing analysis at TEMP = 27.000000 and TNOM = 27.000000

Using SPARSE 1.3 as Direct Linear Solver

No. of Data Rows : 801
fcross              =  6.17766e+05
Note: Starting dynamic gmin stepping
Note: Dynamic gmin stepping completed
pmarg               =  6.15331e+01
tdc                 =  8.13446e+01
mode=0db  rload=100k  rsrc=1k  pos=1  C=2.2n
fcross = 6.177656e+05
pmarg = 6.153305e+01
tdc = 8.134459e+01
Doing analysis at TEMP = 27.000000 and TNOM = 27.000000

Using SPARSE 1.3 as Direct Linear Solver

No. of Data Rows : 801
fcross              =  6.10116e+05
Note: Starting dynamic gmin stepping
Note: Dynamic gmin stepping completed
pmarg               =  6.07455e+01
tdc                 =  8.13446e+01
mode=0db  rload=100k  rsrc=1k  pos=1  C=2.7n
fcross = 6.101158e+05
pmarg = 6.074552e+01
tdc = 8.134459e+01
Doing analysis at TEMP = 27.000000 and TNOM = 27.000000

Using SPARSE 1.3 as Direct Linear Solver

No. of Data Rows : 801
fcross              =  6.00157e+05
Note: Starting dynamic gmin stepping
Note: Dynamic gmin stepping completed
pmarg               =  6.01158e+01
tdc                 =  8.13446e+01
mode=0db  rload=100k  rsrc=1k  pos=1  C=3.3n
fcross = 6.001568e+05
pmarg = 6.011576e+01
tdc = 8.134458e+01
Doing analysis at TEMP = 27.000000 and TNOM = 27.000000

Using SPARSE 1.3 as Direct Linear Solver

No. of Data Rows : 801
fcross              =  5.78069e+05
Note: Starting dynamic gmin stepping
Note: Dynamic gmin stepping completed
pmarg               =  5.95509e+01
tdc                 =  8.13446e+01
mode=0db  rload=100k  rsrc=1k  pos=1  C=4.7n
fcross = 5.780692e+05
pmarg = 5.955090e+01
tdc = 8.134457e+01
Doing analysis at TEMP = 27.000000 and TNOM = 27.000000

Using SPARSE 1.3 as Direct Linear Solver

No. of Data Rows : 801
fcross              =  6.21992e+05
Note: Starting dynamic gmin stepping
Note: Dynamic gmin stepping completed
pmarg               =  6.79406e+01
tdc                 =  8.13446e+01
mode=0db  rload=100k  rsrc=1k  pos=2  C=1f
fcross = 6.219923e+05
pmarg = 6.794056e+01
tdc = 8.134462e+01
Doing analysis at TEMP = 27.000000 and TNOM = 27.000000

Using SPARSE 1.3 as Direct Linear Solver

No. of Data Rows : 801
fcross              =  6.22631e+05
Note: Starting dynamic gmin stepping
Note: Dynamic gmin stepping completed
pmarg               =  6.77802e+01
tdc                 =  8.13446e+01
mode=0db  rload=100k  rsrc=1k  pos=2  C=47p
fcross = 6.226312e+05
pmarg = 6.778023e+01
tdc = 8.134462e+01
Doing analysis at TEMP = 27.000000 and TNOM = 27.000000

Using SPARSE 1.3 as Direct Linear Solver

No. of Data Rows : 801
fcross              =  6.23351e+05
Note: Starting dynamic gmin stepping
Note: Dynamic gmin stepping completed
pmarg               =  6.75987e+01
tdc                 =  8.13446e+01
mode=0db  rload=100k  rsrc=1k  pos=2  C=100p
fcross = 6.233508e+05
pmarg = 6.759873e+01
tdc = 8.134462e+01
Doing analysis at TEMP = 27.000000 and TNOM = 27.000000

Using SPARSE 1.3 as Direct Linear Solver

No. of Data Rows : 801
fcross              =  6.24977e+05
Note: Starting dynamic gmin stepping
Note: Dynamic gmin stepping completed
pmarg               =  6.71851e+01
tdc                 =  8.13446e+01
mode=0db  rload=100k  rsrc=1k  pos=2  C=220p
fcross = 6.249767e+05
pmarg = 6.718505e+01
tdc = 8.134461e+01
Doing analysis at TEMP = 27.000000 and TNOM = 27.000000

Using SPARSE 1.3 as Direct Linear Solver

No. of Data Rows : 801
fcross              =  6.28346e+05
Note: Starting dynamic gmin stepping
Note: Dynamic gmin stepping completed
pmarg               =  6.63110e+01
tdc                 =  8.13446e+01
mode=0db  rload=100k  rsrc=1k  pos=2  C=470p
fcross = 6.283456e+05
pmarg = 6.631102e+01
tdc = 8.134461e+01
Doing analysis at TEMP = 27.000000 and TNOM = 27.000000

Using SPARSE 1.3 as Direct Linear Solver
 Reference value :  3.54813e+04
No. of Data Rows : 801
fcross              =  6.35504e+05
Note: Starting dynamic gmin stepping
Note: Dynamic gmin stepping completed
pmarg               =  6.43996e+01
tdc                 =  8.13446e+01
mode=0db  rload=100k  rsrc=1k  pos=2  C=1n
fcross = 6.355040e+05
pmarg = 6.439957e+01
tdc = 8.134459e+01
Doing analysis at TEMP = 27.000000 and TNOM = 27.000000

Using SPARSE 1.3 as Direct Linear Solver

No. of Data Rows : 801
fcross              =  6.42135e+05
Note: Starting dynamic gmin stepping
Note: Dynamic gmin stepping completed
pmarg               =  6.25269e+01
tdc                 =  8.13446e+01
mode=0db  rload=100k  rsrc=1k  pos=2  C=1.5n
fcross = 6.421354e+05
pmarg = 6.252686e+01
tdc = 8.134458e+01
Doing analysis at TEMP = 27.000000 and TNOM = 27.000000

Using SPARSE 1.3 as Direct Linear Solver

No. of Data Rows : 801
fcross              =  6.51123e+05
Note: Starting dynamic gmin stepping
Note: Dynamic gmin stepping completed
pmarg               =  5.97948e+01
tdc                 =  8.13446e+01
mode=0db  rload=100k  rsrc=1k  pos=2  C=2.2n
fcross = 6.511235e+05
pmarg = 5.979478e+01
tdc = 8.134456e+01
Doing analysis at TEMP = 27.000000 and TNOM = 27.000000

Using SPARSE 1.3 as Direct Linear Solver

No. of Data Rows : 801
fcross              =  6.57167e+05
Note: Starting dynamic gmin stepping
Note: Dynamic gmin stepping completed
pmarg               =  5.77732e+01
tdc                 =  8.13446e+01
mode=0db  rload=100k  rsrc=1k  pos=2  C=2.7n
fcross = 6.571667e+05
pmarg = 5.777316e+01
tdc = 8.134455e+01
Doing analysis at TEMP = 27.000000 and TNOM = 27.000000

Using SPARSE 1.3 as Direct Linear Solver

No. of Data Rows : 801
fcross              =  6.63865e+05
Note: Starting dynamic gmin stepping
Note: Dynamic gmin stepping completed
pmarg               =  5.52816e+01
tdc                 =  8.13445e+01
mode=0db  rload=100k  rsrc=1k  pos=2  C=3.3n
fcross = 6.638650e+05
pmarg = 5.528162e+01
tdc = 8.134454e+01
Doing analysis at TEMP = 27.000000 and TNOM = 27.000000

Using SPARSE 1.3 as Direct Linear Solver

No. of Data Rows : 801
fcross              =  6.75934e+05
pmarg               =  4.93187e+01
tdc                 =  8.13445e+01
mode=0db  rload=100k  rsrc=1k  pos=2  C=4.7n
fcross = 6.759344e+05
pmarg = 4.931871e+01
tdc = 8.134450e+01
Doing analysis at TEMP = 27.000000 and TNOM = 27.000000

Using SPARSE 1.3 as Direct Linear Solver

No. of Data Rows : 801
fcross              =  6.21916e+05
pmarg               =  6.76501e+01
tdc                 =  8.13446e+01
mode=0db  rload=100k  rsrc=2.5k  pos=1  C=1f
fcross = 6.219158e+05
pmarg = 6.765009e+01
tdc = 8.134462e+01
Doing analysis at TEMP = 27.000000 and TNOM = 27.000000

Using SPARSE 1.3 as Direct Linear Solver

No. of Data Rows : 801
fcross              =  6.22540e+05
pmarg               =  6.74896e+01
tdc                 =  8.13446e+01
mode=0db  rload=100k  rsrc=2.5k  pos=1  C=47p
fcross = 6.225397e+05
pmarg = 6.748964e+01
tdc = 8.134462e+01
Doing analysis at TEMP = 27.000000 and TNOM = 27.000000

Using SPARSE 1.3 as Direct Linear Solver

No. of Data Rows : 801
fcross              =  6.23209e+05
pmarg               =  6.73080e+01
tdc                 =  8.13446e+01
mode=0db  rload=100k  rsrc=2.5k  pos=1  C=100p
fcross = 6.232086e+05
pmarg = 6.730795e+01
tdc = 8.134462e+01
Doing analysis at TEMP = 27.000000 and TNOM = 27.000000

Using SPARSE 1.3 as Direct Linear Solver

No. of Data Rows : 801
fcross              =  6.24582e+05
pmarg               =  6.68945e+01
tdc                 =  8.13446e+01
mode=0db  rload=100k  rsrc=2.5k  pos=1  C=220p
fcross = 6.245821e+05
pmarg = 6.689449e+01
tdc = 8.134462e+01
Doing analysis at TEMP = 27.000000 and TNOM = 27.000000

Using SPARSE 1.3 as Direct Linear Solver

No. of Data Rows : 801
fcross              =  6.26775e+05
pmarg               =  6.60317e+01
tdc                 =  8.13446e+01
mode=0db  rload=100k  rsrc=2.5k  pos=1  C=470p
fcross = 6.267753e+05
pmarg = 6.603167e+01
tdc = 8.134461e+01
Doing analysis at TEMP = 27.000000 and TNOM = 27.000000

Using SPARSE 1.3 as Direct Linear Solver

No. of Data Rows : 801
fcross              =  6.28242e+05
pmarg               =  6.42718e+01
tdc                 =  8.13446e+01
mode=0db  rload=100k  rsrc=2.5k  pos=1  C=1n
fcross = 6.282419e+05
pmarg = 6.427180e+01
tdc = 8.134461e+01
Doing analysis at TEMP = 27.000000 and TNOM = 27.000000

Using SPARSE 1.3 as Direct Linear Solver

No. of Data Rows : 801
fcross              =  6.25812e+05
pmarg               =  6.28141e+01
tdc                 =  8.13446e+01
mode=0db  rload=100k  rsrc=2.5k  pos=1  C=1.5n
fcross = 6.258122e+05
pmarg = 6.281411e+01
tdc = 8.134460e+01
Doing analysis at TEMP = 27.000000 and TNOM = 27.000000

Using SPARSE 1.3 as Direct Linear Solver

No. of Data Rows : 801
fcross              =  6.17692e+05
pmarg               =  6.12453e+01
tdc                 =  8.13446e+01
mode=0db  rload=100k  rsrc=2.5k  pos=1  C=2.2n
fcross = 6.176922e+05
pmarg = 6.124526e+01
tdc = 8.134459e+01
Doing analysis at TEMP = 27.000000 and TNOM = 27.000000

Using SPARSE 1.3 as Direct Linear Solver

No. of Data Rows : 801
fcross              =  6.10048e+05
pmarg               =  6.04612e+01
tdc                 =  8.13446e+01
mode=0db  rload=100k  rsrc=2.5k  pos=1  C=2.7n
fcross = 6.100475e+05
pmarg = 6.046117e+01
tdc = 8.134459e+01
Doing analysis at TEMP = 27.000000 and TNOM = 27.000000

Using SPARSE 1.3 as Direct Linear Solver

No. of Data Rows : 801
fcross              =  6.00094e+05
pmarg               =  5.98359e+01
tdc                 =  8.13446e+01
mode=0db  rload=100k  rsrc=2.5k  pos=1  C=3.3n
fcross = 6.000938e+05
pmarg = 5.983589e+01
tdc = 8.134458e+01
Doing analysis at TEMP = 27.000000 and TNOM = 27.000000

Using SPARSE 1.3 as Direct Linear Solver

No. of Data Rows : 801
fcross              =  5.78014e+05
pmarg               =  5.92810e+01
tdc                 =  8.13446e+01
mode=0db  rload=100k  rsrc=2.5k  pos=1  C=4.7n
fcross = 5.780142e+05
pmarg = 5.928099e+01
tdc = 8.134457e+01
Doing analysis at TEMP = 27.000000 and TNOM = 27.000000

Using SPARSE 1.3 as Direct Linear Solver

No. of Data Rows : 801
fcross              =  6.21916e+05
pmarg               =  6.76501e+01
tdc                 =  8.13446e+01
mode=0db  rload=100k  rsrc=2.5k  pos=2  C=1f
fcross = 6.219158e+05
pmarg = 6.765009e+01
tdc = 8.134462e+01
Doing analysis at TEMP = 27.000000 and TNOM = 27.000000

Using SPARSE 1.3 as Direct Linear Solver

No. of Data Rows : 801
fcross              =  6.22554e+05
pmarg               =  6.74895e+01
tdc                 =  8.13446e+01
mode=0db  rload=100k  rsrc=2.5k  pos=2  C=47p
fcross = 6.225544e+05
pmarg = 6.748949e+01
tdc = 8.134462e+01
Doing analysis at TEMP = 27.000000 and TNOM = 27.000000

Using SPARSE 1.3 as Direct Linear Solver

No. of Data Rows : 801
fcross              =  6.23274e+05
pmarg               =  6.73077e+01
tdc                 =  8.13446e+01
mode=0db  rload=100k  rsrc=2.5k  pos=2  C=100p
fcross = 6.232737e+05
pmarg = 6.730768e+01
tdc = 8.134462e+01
Doing analysis at TEMP = 27.000000 and TNOM = 27.000000

Using SPARSE 1.3 as Direct Linear Solver

No. of Data Rows : 801
fcross              =  6.24899e+05
pmarg               =  6.68933e+01
tdc                 =  8.13446e+01
mode=0db  rload=100k  rsrc=2.5k  pos=2  C=220p
fcross = 6.248988e+05
pmarg = 6.689330e+01
tdc = 8.134461e+01
Doing analysis at TEMP = 27.000000 and TNOM = 27.000000

Using SPARSE 1.3 as Direct Linear Solver

No. of Data Rows : 801
fcross              =  6.28266e+05
pmarg               =  6.60178e+01
tdc                 =  8.13446e+01
mode=0db  rload=100k  rsrc=2.5k  pos=2  C=470p
fcross = 6.282661e+05
pmarg = 6.601784e+01
tdc = 8.134461e+01
Doing analysis at TEMP = 27.000000 and TNOM = 27.000000

Using SPARSE 1.3 as Direct Linear Solver

No. of Data Rows : 801
fcross              =  6.35419e+05
pmarg               =  6.41035e+01
tdc                 =  8.13446e+01
mode=0db  rload=100k  rsrc=2.5k  pos=2  C=1n
fcross = 6.354187e+05
pmarg = 6.410346e+01
tdc = 8.134459e+01
Doing analysis at TEMP = 27.000000 and TNOM = 27.000000

Using SPARSE 1.3 as Direct Linear Solver

No. of Data Rows : 801
fcross              =  6.42047e+05
pmarg               =  6.22280e+01
tdc                 =  8.13446e+01
mode=0db  rload=100k  rsrc=2.5k  pos=2  C=1.5n
fcross = 6.420468e+05
pmarg = 6.222801e+01
tdc = 8.134458e+01
Doing analysis at TEMP = 27.000000 and TNOM = 27.000000

Using SPARSE 1.3 as Direct Linear Solver

No. of Data Rows : 801
fcross              =  6.51027e+05
pmarg               =  5.94924e+01
tdc                 =  8.13446e+01
mode=0db  rload=100k  rsrc=2.5k  pos=2  C=2.2n
fcross = 6.510273e+05
pmarg = 5.949242e+01
tdc = 8.134456e+01
Doing analysis at TEMP = 27.000000 and TNOM = 27.000000

Using SPARSE 1.3 as Direct Linear Solver

No. of Data Rows : 801
fcross              =  6.57067e+05
pmarg               =  5.74684e+01
tdc                 =  8.13446e+01
mode=0db  rload=100k  rsrc=2.5k  pos=2  C=2.7n
fcross = 6.570673e+05
pmarg = 5.746842e+01
tdc = 8.134455e+01
Doing analysis at TEMP = 27.000000 and TNOM = 27.000000

Using SPARSE 1.3 as Direct Linear Solver

No. of Data Rows : 801
fcross              =  6.63759e+05
pmarg               =  5.49745e+01
tdc                 =  8.13445e+01
mode=0db  rload=100k  rsrc=2.5k  pos=2  C=3.3n
fcross = 6.637586e+05
pmarg = 5.497454e+01
tdc = 8.134454e+01
Doing analysis at TEMP = 27.000000 and TNOM = 27.000000

Using SPARSE 1.3 as Direct Linear Solver

No. of Data Rows : 801
fcross              =  6.75822e+05
Note: Starting dynamic gmin stepping
Note: Dynamic gmin stepping completed
pmarg               =  4.90074e+01
tdc                 =  8.13445e+01
mode=0db  rload=100k  rsrc=2.5k  pos=2  C=4.7n
fcross = 6.758222e+05
pmarg = 4.900744e+01
tdc = 8.134450e+01
Doing analysis at TEMP = 27.000000 and TNOM = 27.000000

Using SPARSE 1.3 as Direct Linear Solver

No. of Data Rows : 801
fcross              =  6.21911e+05
Note: Starting dynamic gmin stepping
Note: Dynamic gmin stepping completed
pmarg               =  6.76364e+01
tdc                 =  8.13446e+01
mode=0db  rload=100k  rsrc=2.571k  pos=1  C=1f
fcross = 6.219109e+05
pmarg = 6.763641e+01
tdc = 8.134462e+01
Doing analysis at TEMP = 27.000000 and TNOM = 27.000000

Using SPARSE 1.3 as Direct Linear Solver

No. of Data Rows : 801
fcross              =  6.22535e+05
Note: Starting dynamic gmin stepping
Note: Dynamic gmin stepping completed
pmarg               =  6.74759e+01
tdc                 =  8.13446e+01
mode=0db  rload=100k  rsrc=2.571k  pos=1  C=47p
fcross = 6.225348e+05
pmarg = 6.747595e+01
tdc = 8.134462e+01
Doing analysis at TEMP = 27.000000 and TNOM = 27.000000

Using SPARSE 1.3 as Direct Linear Solver

No. of Data Rows : 801
fcross              =  6.23204e+05
Note: Starting dynamic gmin stepping
Note: Dynamic gmin stepping completed
pmarg               =  6.72942e+01
tdc                 =  8.13446e+01
mode=0db  rload=100k  rsrc=2.571k  pos=1  C=100p
fcross = 6.232037e+05
pmarg = 6.729424e+01
tdc = 8.134462e+01
Doing analysis at TEMP = 27.000000 and TNOM = 27.000000

Using SPARSE 1.3 as Direct Linear Solver

No. of Data Rows : 801
fcross              =  6.24577e+05
Note: Starting dynamic gmin stepping
Note: Dynamic gmin stepping completed
pmarg               =  6.68808e+01
tdc                 =  8.13446e+01
mode=0db  rload=100k  rsrc=2.571k  pos=1  C=220p
fcross = 6.245772e+05
pmarg = 6.688076e+01
tdc = 8.134462e+01
Doing analysis at TEMP = 27.000000 and TNOM = 27.000000

Using SPARSE 1.3 as Direct Linear Solver

No. of Data Rows : 801
fcross              =  6.26770e+05
Note: Starting dynamic gmin stepping
Note: Dynamic gmin stepping completed
pmarg               =  6.60179e+01
tdc                 =  8.13446e+01
mode=0db  rload=100k  rsrc=2.571k  pos=1  C=470p
fcross = 6.267703e+05
pmarg = 6.601790e+01
tdc = 8.134461e+01
Doing analysis at TEMP = 27.000000 and TNOM = 27.000000

Using SPARSE 1.3 as Direct Linear Solver

No. of Data Rows : 801
fcross              =  6.28237e+05
Note: Starting dynamic gmin stepping
Note: Dynamic gmin stepping completed
pmarg               =  6.42580e+01
tdc                 =  8.13446e+01
mode=0db  rload=100k  rsrc=2.571k  pos=1  C=1n
fcross = 6.282369e+05
pmarg = 6.425801e+01
tdc = 8.134461e+01
Doing analysis at TEMP = 27.000000 and TNOM = 27.000000

Using SPARSE 1.3 as Direct Linear Solver

No. of Data Rows : 801
fcross              =  6.25807e+05
Note: Starting dynamic gmin stepping
Note: Dynamic gmin stepping completed
pmarg               =  6.28004e+01
tdc                 =  8.13446e+01
mode=0db  rload=100k  rsrc=2.571k  pos=1  C=1.5n
fcross = 6.258072e+05
pmarg = 6.280038e+01
tdc = 8.134460e+01
Doing analysis at TEMP = 27.000000 and TNOM = 27.000000

Using SPARSE 1.3 as Direct Linear Solver

No. of Data Rows : 801
fcross              =  6.17688e+05
Note: Starting dynamic gmin stepping
Note: Dynamic gmin stepping completed
pmarg               =  6.12317e+01
tdc                 =  8.13446e+01
mode=0db  rload=100k  rsrc=2.571k  pos=1  C=2.2n
fcross = 6.176875e+05
pmarg = 6.123171e+01
tdc = 8.134459e+01
Doing analysis at TEMP = 27.000000 and TNOM = 27.000000

Using SPARSE 1.3 as Direct Linear Solver

No. of Data Rows : 801
fcross              =  6.10043e+05
Note: Starting dynamic gmin stepping
Note: Dynamic gmin stepping completed
pmarg               =  6.04478e+01
tdc                 =  8.13446e+01
mode=0db  rload=100k  rsrc=2.571k  pos=1  C=2.7n
fcross = 6.100432e+05
pmarg = 6.044779e+01
tdc = 8.134459e+01
Doing analysis at TEMP = 27.000000 and TNOM = 27.000000

Using SPARSE 1.3 as Direct Linear Solver

No. of Data Rows : 801
fcross              =  6.00090e+05
Note: Starting dynamic gmin stepping
Note: Dynamic gmin stepping completed
pmarg               =  5.98227e+01
tdc                 =  8.13446e+01
mode=0db  rload=100k  rsrc=2.571k  pos=1  C=3.3n
fcross = 6.000898e+05
pmarg = 5.982272e+01
tdc = 8.134458e+01
Doing analysis at TEMP = 27.000000 and TNOM = 27.000000

Using SPARSE 1.3 as Direct Linear Solver

No. of Data Rows : 801
fcross              =  5.78011e+05
Note: Starting dynamic gmin stepping
Note: Dynamic gmin stepping completed
pmarg               =  5.92683e+01
tdc                 =  8.13446e+01
mode=0db  rload=100k  rsrc=2.571k  pos=1  C=4.7n
fcross = 5.780107e+05
pmarg = 5.926828e+01
tdc = 8.134457e+01
Doing analysis at TEMP = 27.000000 and TNOM = 27.000000

Using SPARSE 1.3 as Direct Linear Solver

No. of Data Rows : 801
fcross              =  6.21911e+05
Note: Starting dynamic gmin stepping
Note: Dynamic gmin stepping completed
pmarg               =  6.76364e+01
tdc                 =  8.13446e+01
mode=0db  rload=100k  rsrc=2.571k  pos=2  C=1f
fcross = 6.219109e+05
pmarg = 6.763641e+01
tdc = 8.134462e+01
Doing analysis at TEMP = 27.000000 and TNOM = 27.000000

Using SPARSE 1.3 as Direct Linear Solver

No. of Data Rows : 801
fcross              =  6.22549e+05
Note: Starting dynamic gmin stepping
Note: Dynamic gmin stepping completed
pmarg               =  6.74758e+01
tdc                 =  8.13446e+01
mode=0db  rload=100k  rsrc=2.571k  pos=2  C=47p
fcross = 6.225495e+05
pmarg = 6.747579e+01
tdc = 8.134462e+01
Doing analysis at TEMP = 27.000000 and TNOM = 27.000000

Using SPARSE 1.3 as Direct Linear Solver

No. of Data Rows : 801
fcross              =  6.23269e+05
Note: Starting dynamic gmin stepping
Note: Dynamic gmin stepping completed
pmarg               =  6.72940e+01
tdc                 =  8.13446e+01
mode=0db  rload=100k  rsrc=2.571k  pos=2  C=100p
fcross = 6.232688e+05
pmarg = 6.729397e+01
tdc = 8.134462e+01
Doing analysis at TEMP = 27.000000 and TNOM = 27.000000

Using SPARSE 1.3 as Direct Linear Solver

No. of Data Rows : 801
fcross              =  6.24894e+05
Note: Starting dynamic gmin stepping
Note: Dynamic gmin stepping completed
pmarg               =  6.68796e+01
tdc                 =  8.13446e+01
mode=0db  rload=100k  rsrc=2.571k  pos=2  C=220p
fcross = 6.248938e+05
pmarg = 6.687956e+01
tdc = 8.134461e+01
Doing analysis at TEMP = 27.000000 and TNOM = 27.000000

Using SPARSE 1.3 as Direct Linear Solver

No. of Data Rows : 801
fcross              =  6.28261e+05
Note: Starting dynamic gmin stepping
Note: Dynamic gmin stepping completed
pmarg               =  6.60040e+01
tdc                 =  8.13446e+01
mode=0db  rload=100k  rsrc=2.571k  pos=2  C=470p
fcross = 6.282610e+05
pmarg = 6.600404e+01
tdc = 8.134461e+01
Doing analysis at TEMP = 27.000000 and TNOM = 27.000000

Using SPARSE 1.3 as Direct Linear Solver
 Reference value :  1.00000e+00
No. of Data Rows : 801
fcross              =  6.35413e+05
Note: Starting dynamic gmin stepping
Note: Dynamic gmin stepping completed
pmarg               =  6.40895e+01
tdc                 =  8.13446e+01
mode=0db  rload=100k  rsrc=2.571k  pos=2  C=1n
fcross = 6.354133e+05
pmarg = 6.408952e+01
tdc = 8.134459e+01
Doing analysis at TEMP = 27.000000 and TNOM = 27.000000

Using SPARSE 1.3 as Direct Linear Solver

No. of Data Rows : 801
fcross              =  6.42041e+05
Note: Starting dynamic gmin stepping
Note: Dynamic gmin stepping completed
pmarg               =  6.22139e+01
tdc                 =  8.13446e+01
mode=0db  rload=100k  rsrc=2.571k  pos=2  C=1.5n
fcross = 6.420411e+05
pmarg = 6.221395e+01
tdc = 8.134458e+01
Doing analysis at TEMP = 27.000000 and TNOM = 27.000000

Using SPARSE 1.3 as Direct Linear Solver

No. of Data Rows : 801
fcross              =  6.51021e+05
Note: Starting dynamic gmin stepping
Note: Dynamic gmin stepping completed
pmarg               =  5.94782e+01
tdc                 =  8.13446e+01
mode=0db  rload=100k  rsrc=2.571k  pos=2  C=2.2n
fcross = 6.510211e+05
pmarg = 5.947821e+01
tdc = 8.134456e+01
Doing analysis at TEMP = 27.000000 and TNOM = 27.000000

Using SPARSE 1.3 as Direct Linear Solver

No. of Data Rows : 801
fcross              =  6.57061e+05
Note: Starting dynamic gmin stepping
Note: Dynamic gmin stepping completed
pmarg               =  5.74541e+01
tdc                 =  8.13446e+01
mode=0db  rload=100k  rsrc=2.571k  pos=2  C=2.7n
fcross = 6.570609e+05
pmarg = 5.745411e+01
tdc = 8.134455e+01
Doing analysis at TEMP = 27.000000 and TNOM = 27.000000

Using SPARSE 1.3 as Direct Linear Solver

No. of Data Rows : 801
fcross              =  6.63752e+05
Note: Starting dynamic gmin stepping
Note: Dynamic gmin stepping completed
pmarg               =  5.49601e+01
tdc                 =  8.13445e+01
mode=0db  rload=100k  rsrc=2.571k  pos=2  C=3.3n
fcross = 6.637518e+05
pmarg = 5.496013e+01
tdc = 8.134454e+01
Doing analysis at TEMP = 27.000000 and TNOM = 27.000000

Using SPARSE 1.3 as Direct Linear Solver

No. of Data Rows : 801
fcross              =  6.75815e+05
Note: Starting dynamic gmin stepping
Warning: Dynamic gmin stepping failed
Note: Starting true gmin stepping
Note: True gmin stepping completed
pmarg               =  4.89929e+01
tdc                 =  8.13445e+01
mode=0db  rload=100k  rsrc=2.571k  pos=2  C=4.7n
fcross = 6.758150e+05
pmarg = 4.899286e+01
tdc = 8.134450e+01
Doing analysis at TEMP = 27.000000 and TNOM = 27.000000

Using SPARSE 1.3 as Direct Linear Solver

No. of Data Rows : 801
fcross              =  6.21908e+05
Note: Starting dynamic gmin stepping
Warning: Dynamic gmin stepping failed
Note: Starting true gmin stepping
Note: True gmin stepping completed
pmarg               =  6.76287e+01
tdc                 =  8.13446e+01
mode=0db  rload=100k  rsrc=2.611k  pos=1  C=1f
fcross = 6.219081e+05
pmarg = 6.762870e+01
tdc = 8.134462e+01
Doing analysis at TEMP = 27.000000 and TNOM = 27.000000

Using SPARSE 1.3 as Direct Linear Solver

No. of Data Rows : 801
fcross              =  6.22532e+05
Note: Starting dynamic gmin stepping
Warning: Dynamic gmin stepping failed
Note: Starting true gmin stepping
Note: True gmin stepping completed
pmarg               =  6.74682e+01
tdc                 =  8.13446e+01
mode=0db  rload=100k  rsrc=2.611k  pos=1  C=47p
fcross = 6.225320e+05
pmarg = 6.746823e+01
tdc = 8.134462e+01
Doing analysis at TEMP = 27.000000 and TNOM = 27.000000

Using SPARSE 1.3 as Direct Linear Solver

No. of Data Rows : 801
fcross              =  6.23201e+05
Note: Starting dynamic gmin stepping
Warning: Dynamic gmin stepping failed
Note: Starting true gmin stepping
Note: True gmin stepping completed
pmarg               =  6.72865e+01
tdc                 =  8.13446e+01
mode=0db  rload=100k  rsrc=2.611k  pos=1  C=100p
fcross = 6.232009e+05
pmarg = 6.728652e+01
tdc = 8.134462e+01
Doing analysis at TEMP = 27.000000 and TNOM = 27.000000

Using SPARSE 1.3 as Direct Linear Solver

No. of Data Rows : 801
fcross              =  6.24574e+05
Note: Starting dynamic gmin stepping
Warning: Dynamic gmin stepping failed
Note: Starting true gmin stepping
Note: True gmin stepping completed
pmarg               =  6.68730e+01
tdc                 =  8.13446e+01
mode=0db  rload=100k  rsrc=2.611k  pos=1  C=220p
fcross = 6.245743e+05
pmarg = 6.687302e+01
tdc = 8.134462e+01
Doing analysis at TEMP = 27.000000 and TNOM = 27.000000

Using SPARSE 1.3 as Direct Linear Solver

No. of Data Rows : 801
fcross              =  6.26767e+05
Note: Starting dynamic gmin stepping
Warning: Dynamic gmin stepping failed
Note: Starting true gmin stepping
Note: True gmin stepping completed
pmarg               =  6.60101e+01
tdc                 =  8.13446e+01
mode=0db  rload=100k  rsrc=2.611k  pos=1  C=470p
fcross = 6.267674e+05
pmarg = 6.601014e+01
tdc = 8.134461e+01
Doing analysis at TEMP = 27.000000 and TNOM = 27.000000

Using SPARSE 1.3 as Direct Linear Solver

No. of Data Rows : 801
fcross              =  6.28234e+05
Note: Starting dynamic gmin stepping
Warning: Dynamic gmin stepping failed
Note: Starting true gmin stepping
Note: True gmin stepping completed
pmarg               =  6.42502e+01
tdc                 =  8.13446e+01
mode=0db  rload=100k  rsrc=2.611k  pos=1  C=1n
fcross = 6.282340e+05
pmarg = 6.425024e+01
tdc = 8.134461e+01
Doing analysis at TEMP = 27.000000 and TNOM = 27.000000

Using SPARSE 1.3 as Direct Linear Solver

No. of Data Rows : 801
fcross              =  6.25804e+05
Note: Starting dynamic gmin stepping
Warning: Dynamic gmin stepping failed
Note: Starting true gmin stepping
Note: True gmin stepping completed
pmarg               =  6.27927e+01
tdc                 =  8.13446e+01
mode=0db  rload=100k  rsrc=2.611k  pos=1  C=1.5n
fcross = 6.258044e+05
pmarg = 6.279265e+01
tdc = 8.134460e+01
Doing analysis at TEMP = 27.000000 and TNOM = 27.000000

Using SPARSE 1.3 as Direct Linear Solver

No. of Data Rows : 801
fcross              =  6.17685e+05
Note: Starting dynamic gmin stepping
Warning: Dynamic gmin stepping failed
Note: Starting true gmin stepping
Note: True gmin stepping completed
pmarg               =  6.12241e+01
tdc                 =  8.13446e+01
mode=0db  rload=100k  rsrc=2.611k  pos=1  C=2.2n
fcross = 6.176848e+05
pmarg = 6.122409e+01
tdc = 8.134459e+01
Doing analysis at TEMP = 27.000000 and TNOM = 27.000000

Using SPARSE 1.3 as Direct Linear Solver

No. of Data Rows : 801
fcross              =  6.10041e+05
Note: Starting dynamic gmin stepping
Warning: Dynamic gmin stepping failed
Note: Starting true gmin stepping
Note: True gmin stepping completed
pmarg               =  6.04403e+01
tdc                 =  8.13446e+01
mode=0db  rload=100k  rsrc=2.611k  pos=1  C=2.7n
fcross = 6.100407e+05
pmarg = 6.044025e+01
tdc = 8.134459e+01
Doing analysis at TEMP = 27.000000 and TNOM = 27.000000

Using SPARSE 1.3 as Direct Linear Solver

No. of Data Rows : 801
fcross              =  6.00087e+05
Note: Starting dynamic gmin stepping
Warning: Dynamic gmin stepping failed
Note: Starting true gmin stepping
Note: True gmin stepping completed
pmarg               =  5.98153e+01
tdc                 =  8.13446e+01
mode=0db  rload=100k  rsrc=2.611k  pos=1  C=3.3n
fcross = 6.000875e+05
pmarg = 5.981529e+01
tdc = 8.134458e+01
Doing analysis at TEMP = 27.000000 and TNOM = 27.000000

Using SPARSE 1.3 as Direct Linear Solver

No. of Data Rows : 801
fcross              =  5.78009e+05
Note: Starting dynamic gmin stepping
Warning: Dynamic gmin stepping failed
Note: Starting true gmin stepping
Note: True gmin stepping completed
pmarg               =  5.92611e+01
tdc                 =  8.13446e+01
mode=0db  rload=100k  rsrc=2.611k  pos=1  C=4.7n
fcross = 5.780086e+05
pmarg = 5.926112e+01
tdc = 8.134457e+01
Doing analysis at TEMP = 27.000000 and TNOM = 27.000000

Using SPARSE 1.3 as Direct Linear Solver

No. of Data Rows : 801
fcross              =  6.21908e+05
Note: Starting dynamic gmin stepping
Warning: Dynamic gmin stepping failed
Note: Starting true gmin stepping
Note: True gmin stepping completed
pmarg               =  6.76287e+01
tdc                 =  8.13446e+01
mode=0db  rload=100k  rsrc=2.611k  pos=2  C=1f
fcross = 6.219081e+05
pmarg = 6.762870e+01
tdc = 8.134462e+01
Doing analysis at TEMP = 27.000000 and TNOM = 27.000000

Using SPARSE 1.3 as Direct Linear Solver

No. of Data Rows : 801
fcross              =  6.22547e+05
Note: Starting dynamic gmin stepping
Warning: Dynamic gmin stepping failed
Note: Starting true gmin stepping
Note: True gmin stepping completed
pmarg               =  6.74681e+01
tdc                 =  8.13446e+01
mode=0db  rload=100k  rsrc=2.611k  pos=2  C=47p
fcross = 6.225466e+05
pmarg = 6.746808e+01
tdc = 8.134462e+01
Doing analysis at TEMP = 27.000000 and TNOM = 27.000000

Using SPARSE 1.3 as Direct Linear Solver

No. of Data Rows : 801
fcross              =  6.23266e+05
Note: Starting dynamic gmin stepping
Warning: Dynamic gmin stepping failed
Note: Starting true gmin stepping
Note: True gmin stepping completed
pmarg               =  6.72862e+01
tdc                 =  8.13446e+01
mode=0db  rload=100k  rsrc=2.611k  pos=2  C=100p
fcross = 6.232659e+05
pmarg = 6.728625e+01
tdc = 8.134462e+01
Doing analysis at TEMP = 27.000000 and TNOM = 27.000000

Using SPARSE 1.3 as Direct Linear Solver

No. of Data Rows : 801
fcross              =  6.24891e+05
Note: Starting dynamic gmin stepping
Warning: Dynamic gmin stepping failed
Note: Starting true gmin stepping
Note: True gmin stepping completed
pmarg               =  6.68718e+01
tdc                 =  8.13446e+01
mode=0db  rload=100k  rsrc=2.611k  pos=2  C=220p
fcross = 6.248910e+05
pmarg = 6.687182e+01
tdc = 8.134461e+01
Doing analysis at TEMP = 27.000000 and TNOM = 27.000000

Using SPARSE 1.3 as Direct Linear Solver

No. of Data Rows : 801
fcross              =  6.28258e+05
Note: Starting dynamic gmin stepping
Warning: Dynamic gmin stepping failed
Note: Starting true gmin stepping
Note: True gmin stepping completed
pmarg               =  6.59963e+01
tdc                 =  8.13446e+01
mode=0db  rload=100k  rsrc=2.611k  pos=2  C=470p
fcross = 6.282581e+05
pmarg = 6.599626e+01
tdc = 8.134461e+01
Doing analysis at TEMP = 27.000000 and TNOM = 27.000000

Using SPARSE 1.3 as Direct Linear Solver

No. of Data Rows : 801
fcross              =  6.35410e+05
Note: Starting dynamic gmin stepping
Warning: Dynamic gmin stepping failed
Note: Starting true gmin stepping
Note: True gmin stepping completed
pmarg               =  6.40817e+01
tdc                 =  8.13446e+01
mode=0db  rload=100k  rsrc=2.611k  pos=2  C=1n
fcross = 6.354102e+05
pmarg = 6.408167e+01
tdc = 8.134459e+01
Doing analysis at TEMP = 27.000000 and TNOM = 27.000000

Using SPARSE 1.3 as Direct Linear Solver

No. of Data Rows : 801
fcross              =  6.42038e+05
Note: Starting dynamic gmin stepping
Warning: Dynamic gmin stepping failed
Note: Starting true gmin stepping
Note: True gmin stepping completed
pmarg               =  6.22060e+01
tdc                 =  8.13446e+01
mode=0db  rload=100k  rsrc=2.611k  pos=2  C=1.5n
fcross = 6.420379e+05
pmarg = 6.220603e+01
tdc = 8.134458e+01
Doing analysis at TEMP = 27.000000 and TNOM = 27.000000

Using SPARSE 1.3 as Direct Linear Solver

No. of Data Rows : 801
fcross              =  6.51018e+05
Note: Starting dynamic gmin stepping
Warning: Dynamic gmin stepping failed
Note: Starting true gmin stepping
Note: True gmin stepping completed
pmarg               =  5.94702e+01
tdc                 =  8.13446e+01
mode=0db  rload=100k  rsrc=2.611k  pos=2  C=2.2n
fcross = 6.510176e+05
pmarg = 5.947021e+01
tdc = 8.134456e+01
Doing analysis at TEMP = 27.000000 and TNOM = 27.000000

Using SPARSE 1.3 as Direct Linear Solver

No. of Data Rows : 801
fcross              =  6.57057e+05
Note: Starting dynamic gmin stepping
Warning: Dynamic gmin stepping failed
Note: Starting true gmin stepping
Note: True gmin stepping completed
pmarg               =  5.74460e+01
tdc                 =  8.13446e+01
mode=0db  rload=100k  rsrc=2.611k  pos=2  C=2.7n
fcross = 6.570573e+05
pmarg = 5.744605e+01
tdc = 8.134455e+01
Doing analysis at TEMP = 27.000000 and TNOM = 27.000000

Using SPARSE 1.3 as Direct Linear Solver

No. of Data Rows : 801
fcross              =  6.63748e+05
Note: Starting dynamic gmin stepping
Warning: Dynamic gmin stepping failed
Note: Starting true gmin stepping
Note: True gmin stepping completed
pmarg               =  5.49520e+01
tdc                 =  8.13445e+01
mode=0db  rload=100k  rsrc=2.611k  pos=2  C=3.3n
fcross = 6.637479e+05
pmarg = 5.495201e+01
tdc = 8.134454e+01
Doing analysis at TEMP = 27.000000 and TNOM = 27.000000

Using SPARSE 1.3 as Direct Linear Solver

No. of Data Rows : 801
fcross              =  6.75811e+05
pmarg               =  4.89846e+01
tdc                 =  8.13445e+01
mode=0db  rload=100k  rsrc=2.611k  pos=2  C=4.7n
fcross = 6.758108e+05
pmarg = 4.898465e+01
tdc = 8.134450e+01
Doing analysis at TEMP = 27.000000 and TNOM = 27.000000

Using SPARSE 1.3 as Direct Linear Solver
 Reference value :  3.80189e+03
No. of Data Rows : 801
fcross              =  6.21241e+05
pmarg               =  6.81302e+01
tdc                 =  8.11552e+01
mode=0db  rload=10k  rsrc=1m  pos=1  C=1f
fcross = 6.212410e+05
pmarg = 6.813022e+01
tdc = 8.115517e+01
Doing analysis at TEMP = 27.000000 and TNOM = 27.000000

Using SPARSE 1.3 as Direct Linear Solver

No. of Data Rows : 801
fcross              =  6.21857e+05
pmarg               =  6.79720e+01
tdc                 =  8.11552e+01
mode=0db  rload=10k  rsrc=1m  pos=1  C=47p
fcross = 6.218569e+05
pmarg = 6.797198e+01
tdc = 8.115518e+01
Doing analysis at TEMP = 27.000000 and TNOM = 27.000000

Using SPARSE 1.3 as Direct Linear Solver

No. of Data Rows : 801
fcross              =  6.22517e+05
pmarg               =  6.77928e+01
tdc                 =  8.11552e+01
mode=0db  rload=10k  rsrc=1m  pos=1  C=100p
fcross = 6.225175e+05
pmarg = 6.779276e+01
tdc = 8.115518e+01
Doing analysis at TEMP = 27.000000 and TNOM = 27.000000

Using SPARSE 1.3 as Direct Linear Solver

No. of Data Rows : 801
fcross              =  6.23874e+05
pmarg               =  6.73849e+01
tdc                 =  8.11552e+01
mode=0db  rload=10k  rsrc=1m  pos=1  C=220p
fcross = 6.238743e+05
pmarg = 6.738486e+01
tdc = 8.115519e+01
Doing analysis at TEMP = 27.000000 and TNOM = 27.000000

Using SPARSE 1.3 as Direct Linear Solver

No. of Data Rows : 801
fcross              =  6.26044e+05
pmarg               =  6.65332e+01
tdc                 =  8.11552e+01
mode=0db  rload=10k  rsrc=1m  pos=1  C=470p
fcross = 6.260438e+05
pmarg = 6.653319e+01
tdc = 8.115520e+01
Doing analysis at TEMP = 27.000000 and TNOM = 27.000000

Using SPARSE 1.3 as Direct Linear Solver

No. of Data Rows : 801
fcross              =  6.27514e+05
pmarg               =  6.47931e+01
tdc                 =  8.11552e+01
mode=0db  rload=10k  rsrc=1m  pos=1  C=1n
fcross = 6.275139e+05
pmarg = 6.479307e+01
tdc = 8.115523e+01
Doing analysis at TEMP = 27.000000 and TNOM = 27.000000

Using SPARSE 1.3 as Direct Linear Solver

No. of Data Rows : 801
fcross              =  6.25148e+05
pmarg               =  6.33468e+01
tdc                 =  8.11553e+01
mode=0db  rload=10k  rsrc=1m  pos=1  C=1.5n
fcross = 6.251476e+05
pmarg = 6.334680e+01
tdc = 8.115526e+01
Doing analysis at TEMP = 27.000000 and TNOM = 27.000000

Using SPARSE 1.3 as Direct Linear Solver

No. of Data Rows : 801
fcross              =  6.17171e+05
pmarg               =  6.17814e+01
tdc                 =  8.11553e+01
mode=0db  rload=10k  rsrc=1m  pos=1  C=2.2n
fcross = 6.171706e+05
pmarg = 6.178138e+01
tdc = 8.115531e+01
Doing analysis at TEMP = 27.000000 and TNOM = 27.000000

Using SPARSE 1.3 as Direct Linear Solver

No. of Data Rows : 801
fcross              =  6.09646e+05
pmarg               =  6.09927e+01
tdc                 =  8.11553e+01
mode=0db  rload=10k  rsrc=1m  pos=1  C=2.7n
fcross = 6.096459e+05
pmarg = 6.099265e+01
tdc = 8.115534e+01
Doing analysis at TEMP = 27.000000 and TNOM = 27.000000

Using SPARSE 1.3 as Direct Linear Solver

No. of Data Rows : 801
fcross              =  5.99815e+05
pmarg               =  6.03579e+01
tdc                 =  8.11554e+01
mode=0db  rload=10k  rsrc=1m  pos=1  C=3.3n
fcross = 5.998154e+05
pmarg = 6.035794e+01
tdc = 8.115537e+01
Doing analysis at TEMP = 27.000000 and TNOM = 27.000000

Using SPARSE 1.3 as Direct Linear Solver

No. of Data Rows : 801
fcross              =  5.77927e+05
pmarg               =  5.97765e+01
tdc                 =  8.11555e+01
mode=0db  rload=10k  rsrc=1m  pos=1  C=4.7n
fcross = 5.779269e+05
pmarg = 5.977649e+01
tdc = 8.115546e+01
Doing analysis at TEMP = 27.000000 and TNOM = 27.000000

Using SPARSE 1.3 as Direct Linear Solver

No. of Data Rows : 801
fcross              =  6.21241e+05
pmarg               =  6.81302e+01
tdc                 =  8.11552e+01
mode=0db  rload=10k  rsrc=1m  pos=2  C=1f
fcross = 6.212410e+05
pmarg = 6.813022e+01
tdc = 8.115517e+01
Doing analysis at TEMP = 27.000000 and TNOM = 27.000000

Using SPARSE 1.3 as Direct Linear Solver

No. of Data Rows : 801
fcross              =  6.21877e+05
pmarg               =  6.79705e+01
tdc                 =  8.11552e+01
mode=0db  rload=10k  rsrc=1m  pos=2  C=47p
fcross = 6.218767e+05
pmarg = 6.797049e+01
tdc = 8.115517e+01
Doing analysis at TEMP = 27.000000 and TNOM = 27.000000

Using SPARSE 1.3 as Direct Linear Solver

No. of Data Rows : 801
fcross              =  6.22593e+05
pmarg               =  6.77897e+01
tdc                 =  8.11552e+01
mode=0db  rload=10k  rsrc=1m  pos=2  C=100p
fcross = 6.225928e+05
pmarg = 6.778966e+01
tdc = 8.115517e+01
Doing analysis at TEMP = 27.000000 and TNOM = 27.000000

Using SPARSE 1.3 as Direct Linear Solver

No. of Data Rows : 801
fcross              =  6.24211e+05
pmarg               =  6.73775e+01
tdc                 =  8.11552e+01
mode=0db  rload=10k  rsrc=1m  pos=2  C=220p
fcross = 6.242107e+05
pmarg = 6.737753e+01
tdc = 8.115517e+01
Doing analysis at TEMP = 27.000000 and TNOM = 27.000000

Using SPARSE 1.3 as Direct Linear Solver

No. of Data Rows : 801
fcross              =  6.27563e+05
pmarg               =  6.65068e+01
tdc                 =  8.11552e+01
mode=0db  rload=10k  rsrc=1m  pos=2  C=470p
fcross = 6.275627e+05
pmarg = 6.650680e+01
tdc = 8.115516e+01
Doing analysis at TEMP = 27.000000 and TNOM = 27.000000

Using SPARSE 1.3 as Direct Linear Solver

No. of Data Rows : 801
fcross              =  6.34661e+05
pmarg               =  6.46036e+01
tdc                 =  8.11551e+01
mode=0db  rload=10k  rsrc=1m  pos=2  C=1n
fcross = 6.346611e+05
pmarg = 6.460359e+01
tdc = 8.115515e+01
Doing analysis at TEMP = 27.000000 and TNOM = 27.000000

Using SPARSE 1.3 as Direct Linear Solver

No. of Data Rows : 801
fcross              =  6.41256e+05
pmarg               =  6.27385e+01
tdc                 =  8.11551e+01
mode=0db  rload=10k  rsrc=1m  pos=2  C=1.5n
fcross = 6.412565e+05
pmarg = 6.273850e+01
tdc = 8.115513e+01
Doing analysis at TEMP = 27.000000 and TNOM = 27.000000

Using SPARSE 1.3 as Direct Linear Solver

No. of Data Rows : 801
fcross              =  6.50165e+05
pmarg               =  6.00192e+01
tdc                 =  8.11551e+01
mode=0db  rload=10k  rsrc=1m  pos=2  C=2.2n
fcross = 6.501653e+05
pmarg = 6.001923e+01
tdc = 8.115512e+01
Doing analysis at TEMP = 27.000000 and TNOM = 27.000000

Using SPARSE 1.3 as Direct Linear Solver

No. of Data Rows : 801
fcross              =  6.56173e+05
pmarg               =  5.80065e+01
tdc                 =  8.11551e+01
mode=0db  rload=10k  rsrc=1m  pos=2  C=2.7n
fcross = 6.561730e+05
pmarg = 5.800647e+01
tdc = 8.115510e+01
Doing analysis at TEMP = 27.000000 and TNOM = 27.000000

Using SPARSE 1.3 as Direct Linear Solver

No. of Data Rows : 801
fcross              =  6.62797e+05
pmarg               =  5.55280e+01
tdc                 =  8.11551e+01
mode=0db  rload=10k  rsrc=1m  pos=2  C=3.3n
fcross = 6.627971e+05
pmarg = 5.552802e+01
tdc = 8.115509e+01
Doing analysis at TEMP = 27.000000 and TNOM = 27.000000

Using SPARSE 1.3 as Direct Linear Solver

No. of Data Rows : 801
fcross              =  6.74797e+05
Note: Starting dynamic gmin stepping
Note: Dynamic gmin stepping completed
pmarg               =  4.95919e+01
tdc                 =  8.11551e+01
mode=0db  rload=10k  rsrc=1m  pos=2  C=4.7n
fcross = 6.747970e+05
pmarg = 4.959188e+01
tdc = 8.115505e+01
Doing analysis at TEMP = 27.000000 and TNOM = 27.000000

Using SPARSE 1.3 as Direct Linear Solver

No. of Data Rows : 801
fcross              =  6.21219e+05
Note: Starting dynamic gmin stepping
Note: Dynamic gmin stepping completed
pmarg               =  6.79354e+01
tdc                 =  8.11552e+01
mode=0db  rload=10k  rsrc=1k  pos=1  C=1f
fcross = 6.212187e+05
pmarg = 6.793540e+01
tdc = 8.115517e+01
Doing analysis at TEMP = 27.000000 and TNOM = 27.000000

Using SPARSE 1.3 as Direct Linear Solver

No. of Data Rows : 801
fcross              =  6.21835e+05
Note: Starting dynamic gmin stepping
Note: Dynamic gmin stepping completed
pmarg               =  6.77770e+01
tdc                 =  8.11552e+01
mode=0db  rload=10k  rsrc=1k  pos=1  C=47p
fcross = 6.218346e+05
pmarg = 6.777697e+01
tdc = 8.115517e+01
Doing analysis at TEMP = 27.000000 and TNOM = 27.000000

Using SPARSE 1.3 as Direct Linear Solver

No. of Data Rows : 801
fcross              =  6.22495e+05
Note: Starting dynamic gmin stepping
Note: Dynamic gmin stepping completed
pmarg               =  6.75976e+01
tdc                 =  8.11552e+01
mode=0db  rload=10k  rsrc=1k  pos=1  C=100p
fcross = 6.224951e+05
pmarg = 6.759756e+01
tdc = 8.115518e+01
Doing analysis at TEMP = 27.000000 and TNOM = 27.000000

Using SPARSE 1.3 as Direct Linear Solver

No. of Data Rows : 801
fcross              =  6.23852e+05
Note: Starting dynamic gmin stepping
Note: Dynamic gmin stepping completed
pmarg               =  6.71892e+01
tdc                 =  8.11552e+01
mode=0db  rload=10k  rsrc=1k  pos=1  C=220p
fcross = 6.238517e+05
pmarg = 6.718925e+01
tdc = 8.115519e+01
Doing analysis at TEMP = 27.000000 and TNOM = 27.000000

Using SPARSE 1.3 as Direct Linear Solver

No. of Data Rows : 801
fcross              =  6.26021e+05
Note: Starting dynamic gmin stepping
Note: Dynamic gmin stepping completed
pmarg               =  6.63369e+01
tdc                 =  8.11552e+01
mode=0db  rload=10k  rsrc=1k  pos=1  C=470p
fcross = 6.260209e+05
pmarg = 6.633693e+01
tdc = 8.115520e+01
Doing analysis at TEMP = 27.000000 and TNOM = 27.000000

Using SPARSE 1.3 as Direct Linear Solver

No. of Data Rows : 801
fcross              =  6.27491e+05
Note: Starting dynamic gmin stepping
Note: Dynamic gmin stepping completed
pmarg               =  6.45964e+01
tdc                 =  8.11552e+01
mode=0db  rload=10k  rsrc=1k  pos=1  C=1n
fcross = 6.274911e+05
pmarg = 6.459642e+01
tdc = 8.115523e+01
Doing analysis at TEMP = 27.000000 and TNOM = 27.000000

Using SPARSE 1.3 as Direct Linear Solver

No. of Data Rows : 801
fcross              =  6.25125e+05
Note: Starting dynamic gmin stepping
Note: Dynamic gmin stepping completed
pmarg               =  6.31509e+01
tdc                 =  8.11553e+01
mode=0db  rload=10k  rsrc=1k  pos=1  C=1.5n
fcross = 6.251252e+05
pmarg = 6.315092e+01
tdc = 8.115526e+01
Doing analysis at TEMP = 27.000000 and TNOM = 27.000000

Using SPARSE 1.3 as Direct Linear Solver

No. of Data Rows : 801
fcross              =  6.17150e+05
Note: Starting dynamic gmin stepping
Note: Dynamic gmin stepping completed
pmarg               =  6.15880e+01
tdc                 =  8.11553e+01
mode=0db  rload=10k  rsrc=1k  pos=1  C=2.2n
fcross = 6.171495e+05
pmarg = 6.158801e+01
tdc = 8.115531e+01
Doing analysis at TEMP = 27.000000 and TNOM = 27.000000

Using SPARSE 1.3 as Direct Linear Solver

No. of Data Rows : 801
fcross              =  6.09626e+05
Note: Starting dynamic gmin stepping
Note: Dynamic gmin stepping completed
pmarg               =  6.08016e+01
tdc                 =  8.11553e+01
mode=0db  rload=10k  rsrc=1k  pos=1  C=2.7n
fcross = 6.096263e+05
pmarg = 6.080161e+01
tdc = 8.115534e+01
Doing analysis at TEMP = 27.000000 and TNOM = 27.000000

Using SPARSE 1.3 as Direct Linear Solver

No. of Data Rows : 801
fcross              =  5.99797e+05
Note: Starting dynamic gmin stepping
Note: Dynamic gmin stepping completed
pmarg               =  6.01699e+01
tdc                 =  8.11554e+01
mode=0db  rload=10k  rsrc=1k  pos=1  C=3.3n
fcross = 5.997972e+05
pmarg = 6.016993e+01
tdc = 8.115537e+01
Doing analysis at TEMP = 27.000000 and TNOM = 27.000000

Using SPARSE 1.3 as Direct Linear Solver

No. of Data Rows : 801
fcross              =  5.77911e+05
Note: Starting dynamic gmin stepping
Note: Dynamic gmin stepping completed
pmarg               =  5.95952e+01
tdc                 =  8.11555e+01
mode=0db  rload=10k  rsrc=1k  pos=1  C=4.7n
fcross = 5.779111e+05
pmarg = 5.959525e+01
tdc = 8.115546e+01
Doing analysis at TEMP = 27.000000 and TNOM = 27.000000

Using SPARSE 1.3 as Direct Linear Solver

No. of Data Rows : 801
fcross              =  6.21219e+05
Note: Starting dynamic gmin stepping
Note: Dynamic gmin stepping completed
pmarg               =  6.79354e+01
tdc                 =  8.11552e+01
mode=0db  rload=10k  rsrc=1k  pos=2  C=1f
fcross = 6.212187e+05
pmarg = 6.793540e+01
tdc = 8.115517e+01
Doing analysis at TEMP = 27.000000 and TNOM = 27.000000

Using SPARSE 1.3 as Direct Linear Solver

No. of Data Rows : 801
fcross              =  6.21854e+05
Note: Starting dynamic gmin stepping
Note: Dynamic gmin stepping completed
pmarg               =  6.77755e+01
tdc                 =  8.11552e+01
mode=0db  rload=10k  rsrc=1k  pos=2  C=47p
fcross = 6.218544e+05
pmarg = 6.777548e+01
tdc = 8.115517e+01
Doing analysis at TEMP = 27.000000 and TNOM = 27.000000

Using SPARSE 1.3 as Direct Linear Solver

No. of Data Rows : 801
fcross              =  6.22570e+05
Note: Starting dynamic gmin stepping
Note: Dynamic gmin stepping completed
pmarg               =  6.75944e+01
tdc                 =  8.11552e+01
mode=0db  rload=10k  rsrc=1k  pos=2  C=100p
fcross = 6.225704e+05
pmarg = 6.759444e+01
tdc = 8.115517e+01
Doing analysis at TEMP = 27.000000 and TNOM = 27.000000

Using SPARSE 1.3 as Direct Linear Solver

No. of Data Rows : 801
fcross              =  6.24188e+05
Note: Starting dynamic gmin stepping
Note: Dynamic gmin stepping completed
pmarg               =  6.71818e+01
tdc                 =  8.11552e+01
mode=0db  rload=10k  rsrc=1k  pos=2  C=220p
fcross = 6.241881e+05
pmarg = 6.718181e+01
tdc = 8.115517e+01
Doing analysis at TEMP = 27.000000 and TNOM = 27.000000

Using SPARSE 1.3 as Direct Linear Solver

No. of Data Rows : 801
fcross              =  6.27540e+05
Note: Starting dynamic gmin stepping
Note: Dynamic gmin stepping completed
pmarg               =  6.63101e+01
tdc                 =  8.11552e+01
mode=0db  rload=10k  rsrc=1k  pos=2  C=470p
fcross = 6.275397e+05
pmarg = 6.631007e+01
tdc = 8.115516e+01
Doing analysis at TEMP = 27.000000 and TNOM = 27.000000

Using SPARSE 1.3 as Direct Linear Solver

No. of Data Rows : 801
fcross              =  6.34636e+05
Note: Starting dynamic gmin stepping
Note: Dynamic gmin stepping completed
pmarg               =  6.44047e+01
tdc                 =  8.11551e+01
mode=0db  rload=10k  rsrc=1k  pos=2  C=1n
fcross = 6.346365e+05
pmarg = 6.440474e+01
tdc = 8.115515e+01
Doing analysis at TEMP = 27.000000 and TNOM = 27.000000

Using SPARSE 1.3 as Direct Linear Solver

No. of Data Rows : 801
fcross              =  6.41231e+05
Note: Starting dynamic gmin stepping
Note: Dynamic gmin stepping completed
pmarg               =  6.25377e+01
tdc                 =  8.11551e+01
mode=0db  rload=10k  rsrc=1k  pos=2  C=1.5n
fcross = 6.412310e+05
pmarg = 6.253768e+01
tdc = 8.115513e+01
Doing analysis at TEMP = 27.000000 and TNOM = 27.000000

Using SPARSE 1.3 as Direct Linear Solver

No. of Data Rows : 801
fcross              =  6.50138e+05
Note: Starting dynamic gmin stepping
Note: Dynamic gmin stepping completed
pmarg               =  5.98158e+01
tdc                 =  8.11551e+01
mode=0db  rload=10k  rsrc=1k  pos=2  C=2.2n
fcross = 6.501378e+05
pmarg = 5.981579e+01
tdc = 8.115512e+01
Doing analysis at TEMP = 27.000000 and TNOM = 27.000000

Using SPARSE 1.3 as Direct Linear Solver

No. of Data Rows : 801
fcross              =  6.56145e+05
Note: Starting dynamic gmin stepping
Note: Dynamic gmin stepping completed
pmarg               =  5.78013e+01
tdc                 =  8.11551e+01
mode=0db  rload=10k  rsrc=1k  pos=2  C=2.7n
fcross = 6.561447e+05
pmarg = 5.780127e+01
tdc = 8.115510e+01
Doing analysis at TEMP = 27.000000 and TNOM = 27.000000

Using SPARSE 1.3 as Direct Linear Solver

No. of Data Rows : 801
fcross              =  6.62767e+05
Note: Starting dynamic gmin stepping
Note: Dynamic gmin stepping completed
pmarg               =  5.53209e+01
tdc                 =  8.11551e+01
mode=0db  rload=10k  rsrc=1k  pos=2  C=3.3n
fcross = 6.627669e+05
pmarg = 5.532095e+01
tdc = 8.115509e+01
Doing analysis at TEMP = 27.000000 and TNOM = 27.000000

Using SPARSE 1.3 as Direct Linear Solver

No. of Data Rows : 801
fcross              =  6.74766e+05
pmarg               =  4.93814e+01
tdc                 =  8.11551e+01
mode=0db  rload=10k  rsrc=1k  pos=2  C=4.7n
fcross = 6.747656e+05
pmarg = 4.938141e+01
tdc = 8.115505e+01
Doing analysis at TEMP = 27.000000 and TNOM = 27.000000

Using SPARSE 1.3 as Direct Linear Solver

No. of Data Rows : 801
fcross              =  6.21142e+05
pmarg               =  6.76453e+01
tdc                 =  8.11552e+01
mode=0db  rload=10k  rsrc=2.5k  pos=1  C=1f
fcross = 6.211424e+05
pmarg = 6.764529e+01
tdc = 8.115517e+01
Doing analysis at TEMP = 27.000000 and TNOM = 27.000000

Using SPARSE 1.3 as Direct Linear Solver

No. of Data Rows : 801
fcross              =  6.21758e+05
pmarg               =  6.74866e+01
tdc                 =  8.11552e+01
mode=0db  rload=10k  rsrc=2.5k  pos=1  C=47p
fcross = 6.217580e+05
pmarg = 6.748660e+01
tdc = 8.115517e+01
Doing analysis at TEMP = 27.000000 and TNOM = 27.000000

Using SPARSE 1.3 as Direct Linear Solver

No. of Data Rows : 801
fcross              =  6.22418e+05
pmarg               =  6.73069e+01
tdc                 =  8.11552e+01
mode=0db  rload=10k  rsrc=2.5k  pos=1  C=100p
fcross = 6.224182e+05
pmarg = 6.730690e+01
tdc = 8.115518e+01
Doing analysis at TEMP = 27.000000 and TNOM = 27.000000

Using SPARSE 1.3 as Direct Linear Solver
 Reference value :  1.00000e+00
No. of Data Rows : 801
fcross              =  6.23774e+05
pmarg               =  6.68980e+01
tdc                 =  8.11552e+01
mode=0db  rload=10k  rsrc=2.5k  pos=1  C=220p
fcross = 6.237742e+05
pmarg = 6.689802e+01
tdc = 8.115519e+01
Doing analysis at TEMP = 27.000000 and TNOM = 27.000000

Using SPARSE 1.3 as Direct Linear Solver

No. of Data Rows : 801
fcross              =  6.25942e+05
pmarg               =  6.60448e+01
tdc                 =  8.11552e+01
mode=0db  rload=10k  rsrc=2.5k  pos=1  C=470p
fcross = 6.259425e+05
pmarg = 6.604482e+01
tdc = 8.115520e+01
Doing analysis at TEMP = 27.000000 and TNOM = 27.000000

Using SPARSE 1.3 as Direct Linear Solver

No. of Data Rows : 801
fcross              =  6.27412e+05
pmarg               =  6.43039e+01
tdc                 =  8.11552e+01
mode=0db  rload=10k  rsrc=2.5k  pos=1  C=1n
fcross = 6.274122e+05
pmarg = 6.430388e+01
tdc = 8.115523e+01
Doing analysis at TEMP = 27.000000 and TNOM = 27.000000

Using SPARSE 1.3 as Direct Linear Solver

No. of Data Rows : 801
fcross              =  6.25048e+05
pmarg               =  6.28596e+01
tdc                 =  8.11553e+01
mode=0db  rload=10k  rsrc=2.5k  pos=1  C=1.5n
fcross = 6.250479e+05
pmarg = 6.285964e+01
tdc = 8.115526e+01
Doing analysis at TEMP = 27.000000 and TNOM = 27.000000

Using SPARSE 1.3 as Direct Linear Solver

No. of Data Rows : 801
fcross              =  6.17076e+05
pmarg               =  6.13005e+01
tdc                 =  8.11553e+01
mode=0db  rload=10k  rsrc=2.5k  pos=1  C=2.2n
fcross = 6.170762e+05
pmarg = 6.130050e+01
tdc = 8.115531e+01
Doing analysis at TEMP = 27.000000 and TNOM = 27.000000

Using SPARSE 1.3 as Direct Linear Solver

No. of Data Rows : 801
fcross              =  6.09558e+05
pmarg               =  6.05175e+01
tdc                 =  8.11553e+01
mode=0db  rload=10k  rsrc=2.5k  pos=1  C=2.7n
fcross = 6.095581e+05
pmarg = 6.051749e+01
tdc = 8.115534e+01
Doing analysis at TEMP = 27.000000 and TNOM = 27.000000

Using SPARSE 1.3 as Direct Linear Solver

No. of Data Rows : 801
fcross              =  5.99734e+05
pmarg               =  5.98902e+01
tdc                 =  8.11554e+01
mode=0db  rload=10k  rsrc=2.5k  pos=1  C=3.3n
fcross = 5.997343e+05
pmarg = 5.989022e+01
tdc = 8.115537e+01
Doing analysis at TEMP = 27.000000 and TNOM = 27.000000

Using SPARSE 1.3 as Direct Linear Solver

No. of Data Rows : 801
fcross              =  5.77856e+05
pmarg               =  5.93254e+01
tdc                 =  8.11555e+01
mode=0db  rload=10k  rsrc=2.5k  pos=1  C=4.7n
fcross = 5.778561e+05
pmarg = 5.932542e+01
tdc = 8.115546e+01
Doing analysis at TEMP = 27.000000 and TNOM = 27.000000

Using SPARSE 1.3 as Direct Linear Solver

No. of Data Rows : 801
fcross              =  6.21142e+05
pmarg               =  6.76453e+01
tdc                 =  8.11552e+01
mode=0db  rload=10k  rsrc=2.5k  pos=2  C=1f
fcross = 6.211424e+05
pmarg = 6.764529e+01
tdc = 8.115517e+01
Doing analysis at TEMP = 27.000000 and TNOM = 27.000000

Using SPARSE 1.3 as Direct Linear Solver

No. of Data Rows : 801
fcross              =  6.21778e+05
pmarg               =  6.74851e+01
tdc                 =  8.11552e+01
mode=0db  rload=10k  rsrc=2.5k  pos=2  C=47p
fcross = 6.217778e+05
pmarg = 6.748509e+01
tdc = 8.115517e+01
Doing analysis at TEMP = 27.000000 and TNOM = 27.000000

Using SPARSE 1.3 as Direct Linear Solver

No. of Data Rows : 801
fcross              =  6.22493e+05
pmarg               =  6.73037e+01
tdc                 =  8.11552e+01
mode=0db  rload=10k  rsrc=2.5k  pos=2  C=100p
fcross = 6.224935e+05
pmarg = 6.730374e+01
tdc = 8.115517e+01
Doing analysis at TEMP = 27.000000 and TNOM = 27.000000

Using SPARSE 1.3 as Direct Linear Solver

No. of Data Rows : 801
fcross              =  6.24110e+05
pmarg               =  6.68904e+01
tdc                 =  8.11552e+01
mode=0db  rload=10k  rsrc=2.5k  pos=2  C=220p
fcross = 6.241104e+05
pmarg = 6.689043e+01
tdc = 8.115517e+01
Doing analysis at TEMP = 27.000000 and TNOM = 27.000000

Using SPARSE 1.3 as Direct Linear Solver

No. of Data Rows : 801
fcross              =  6.27460e+05
pmarg               =  6.60173e+01
tdc                 =  8.11552e+01
mode=0db  rload=10k  rsrc=2.5k  pos=2  C=470p
fcross = 6.274604e+05
pmarg = 6.601726e+01
tdc = 8.115516e+01
Doing analysis at TEMP = 27.000000 and TNOM = 27.000000

Using SPARSE 1.3 as Direct Linear Solver

No. of Data Rows : 801
fcross              =  6.34551e+05
pmarg               =  6.41090e+01
tdc                 =  8.11551e+01
mode=0db  rload=10k  rsrc=2.5k  pos=2  C=1n
fcross = 6.345515e+05
pmarg = 6.410903e+01
tdc = 8.115515e+01
Doing analysis at TEMP = 27.000000 and TNOM = 27.000000

Using SPARSE 1.3 as Direct Linear Solver

No. of Data Rows : 801
fcross              =  6.41143e+05
pmarg               =  6.22392e+01
tdc                 =  8.11551e+01
mode=0db  rload=10k  rsrc=2.5k  pos=2  C=1.5n
fcross = 6.411426e+05
pmarg = 6.223924e+01
tdc = 8.115513e+01
Doing analysis at TEMP = 27.000000 and TNOM = 27.000000

Using SPARSE 1.3 as Direct Linear Solver

No. of Data Rows : 801
fcross              =  6.50042e+05
pmarg               =  5.95139e+01
tdc                 =  8.11551e+01
mode=0db  rload=10k  rsrc=2.5k  pos=2  C=2.2n
fcross = 6.500419e+05
pmarg = 5.951389e+01
tdc = 8.115512e+01
Doing analysis at TEMP = 27.000000 and TNOM = 27.000000

Using SPARSE 1.3 as Direct Linear Solver

No. of Data Rows : 801
fcross              =  6.56046e+05
pmarg               =  5.74970e+01
tdc                 =  8.11551e+01
mode=0db  rload=10k  rsrc=2.5k  pos=2  C=2.7n
fcross = 6.560456e+05
pmarg = 5.749700e+01
tdc = 8.115510e+01
Doing analysis at TEMP = 27.000000 and TNOM = 27.000000

Using SPARSE 1.3 as Direct Linear Solver

No. of Data Rows : 801
fcross              =  6.62661e+05
pmarg               =  5.50144e+01
tdc                 =  8.11551e+01
mode=0db  rload=10k  rsrc=2.5k  pos=2  C=3.3n
fcross = 6.626609e+05
pmarg = 5.501436e+01
tdc = 8.115509e+01
Doing analysis at TEMP = 27.000000 and TNOM = 27.000000

Using SPARSE 1.3 as Direct Linear Solver

No. of Data Rows : 801
fcross              =  6.74654e+05
Note: Starting dynamic gmin stepping
Note: Dynamic gmin stepping completed
pmarg               =  4.90707e+01
tdc                 =  8.11551e+01
mode=0db  rload=10k  rsrc=2.5k  pos=2  C=4.7n
fcross = 6.746538e+05
pmarg = 4.907066e+01
tdc = 8.115505e+01
Doing analysis at TEMP = 27.000000 and TNOM = 27.000000

Using SPARSE 1.3 as Direct Linear Solver

No. of Data Rows : 801
fcross              =  6.21138e+05
Note: Starting dynamic gmin stepping
Note: Dynamic gmin stepping completed
pmarg               =  6.76316e+01
tdc                 =  8.11552e+01
mode=0db  rload=10k  rsrc=2.571k  pos=1  C=1f
fcross = 6.211375e+05
pmarg = 6.763162e+01
tdc = 8.115517e+01
Doing analysis at TEMP = 27.000000 and TNOM = 27.000000

Using SPARSE 1.3 as Direct Linear Solver

No. of Data Rows : 801
fcross              =  6.21753e+05
Note: Starting dynamic gmin stepping
Note: Dynamic gmin stepping completed
pmarg               =  6.74729e+01
tdc                 =  8.11552e+01
mode=0db  rload=10k  rsrc=2.571k  pos=1  C=47p
fcross = 6.217531e+05
pmarg = 6.747292e+01
tdc = 8.115517e+01
Doing analysis at TEMP = 27.000000 and TNOM = 27.000000

Using SPARSE 1.3 as Direct Linear Solver

No. of Data Rows : 801
fcross              =  6.22413e+05
Note: Starting dynamic gmin stepping
Note: Dynamic gmin stepping completed
pmarg               =  6.72932e+01
tdc                 =  8.11552e+01
mode=0db  rload=10k  rsrc=2.571k  pos=1  C=100p
fcross = 6.224133e+05
pmarg = 6.729321e+01
tdc = 8.115518e+01
Doing analysis at TEMP = 27.000000 and TNOM = 27.000000

Using SPARSE 1.3 as Direct Linear Solver

No. of Data Rows : 801
fcross              =  6.23769e+05
Note: Starting dynamic gmin stepping
Note: Dynamic gmin stepping completed
pmarg               =  6.68843e+01
tdc                 =  8.11552e+01
mode=0db  rload=10k  rsrc=2.571k  pos=1  C=220p
fcross = 6.237692e+05
pmarg = 6.688430e+01
tdc = 8.115519e+01
Doing analysis at TEMP = 27.000000 and TNOM = 27.000000

Using SPARSE 1.3 as Direct Linear Solver

No. of Data Rows : 801
fcross              =  6.25937e+05
Note: Starting dynamic gmin stepping
Note: Dynamic gmin stepping completed
pmarg               =  6.60311e+01
tdc                 =  8.11552e+01
mode=0db  rload=10k  rsrc=2.571k  pos=1  C=470p
fcross = 6.259374e+05
pmarg = 6.603107e+01
tdc = 8.115520e+01
Doing analysis at TEMP = 27.000000 and TNOM = 27.000000

Using SPARSE 1.3 as Direct Linear Solver

No. of Data Rows : 801
fcross              =  6.27407e+05
Note: Starting dynamic gmin stepping
Note: Dynamic gmin stepping completed
pmarg               =  6.42901e+01
tdc                 =  8.11552e+01
mode=0db  rload=10k  rsrc=2.571k  pos=1  C=1n
fcross = 6.274072e+05
pmarg = 6.429010e+01
tdc = 8.115523e+01
Doing analysis at TEMP = 27.000000 and TNOM = 27.000000

Using SPARSE 1.3 as Direct Linear Solver

No. of Data Rows : 801
fcross              =  6.25043e+05
Note: Starting dynamic gmin stepping
Note: Dynamic gmin stepping completed
pmarg               =  6.28459e+01
tdc                 =  8.11553e+01
mode=0db  rload=10k  rsrc=2.571k  pos=1  C=1.5n
fcross = 6.250429e+05
pmarg = 6.284593e+01
tdc = 8.115526e+01
Doing analysis at TEMP = 27.000000 and TNOM = 27.000000

Using SPARSE 1.3 as Direct Linear Solver

No. of Data Rows : 801
fcross              =  6.17072e+05
Note: Starting dynamic gmin stepping
Note: Dynamic gmin stepping completed
pmarg               =  6.12870e+01
tdc                 =  8.11553e+01
mode=0db  rload=10k  rsrc=2.571k  pos=1  C=2.2n
fcross = 6.170715e+05
pmarg = 6.128697e+01
tdc = 8.115531e+01
Doing analysis at TEMP = 27.000000 and TNOM = 27.000000

Using SPARSE 1.3 as Direct Linear Solver

No. of Data Rows : 801
fcross              =  6.09554e+05
Note: Starting dynamic gmin stepping
Note: Dynamic gmin stepping completed
pmarg               =  6.05041e+01
tdc                 =  8.11553e+01
mode=0db  rload=10k  rsrc=2.571k  pos=1  C=2.7n
fcross = 6.095537e+05
pmarg = 6.050411e+01
tdc = 8.115534e+01
Doing analysis at TEMP = 27.000000 and TNOM = 27.000000

Using SPARSE 1.3 as Direct Linear Solver

No. of Data Rows : 801
fcross              =  5.99730e+05
Note: Starting dynamic gmin stepping
Note: Dynamic gmin stepping completed
pmarg               =  5.98771e+01
tdc                 =  8.11554e+01
mode=0db  rload=10k  rsrc=2.571k  pos=1  C=3.3n
fcross = 5.997303e+05
pmarg = 5.987705e+01
tdc = 8.115537e+01
Doing analysis at TEMP = 27.000000 and TNOM = 27.000000

Using SPARSE 1.3 as Direct Linear Solver

No. of Data Rows : 801
fcross              =  5.77853e+05
Note: Starting dynamic gmin stepping
Note: Dynamic gmin stepping completed
pmarg               =  5.93127e+01
tdc                 =  8.11555e+01
mode=0db  rload=10k  rsrc=2.571k  pos=1  C=4.7n
fcross = 5.778525e+05
pmarg = 5.931271e+01
tdc = 8.115546e+01
Doing analysis at TEMP = 27.000000 and TNOM = 27.000000

Using SPARSE 1.3 as Direct Linear Solver

No. of Data Rows : 801
fcross              =  6.21138e+05
Note: Starting dynamic gmin stepping
Note: Dynamic gmin stepping completed
pmarg               =  6.76316e+01
tdc                 =  8.11552e+01
mode=0db  rload=10k  rsrc=2.571k  pos=2  C=1f
fcross = 6.211375e+05
pmarg = 6.763162e+01
tdc = 8.115517e+01
Doing analysis at TEMP = 27.000000 and TNOM = 27.000000

Using SPARSE 1.3 as Direct Linear Solver

No. of Data Rows : 801
fcross              =  6.21773e+05
Note: Starting dynamic gmin stepping
Note: Dynamic gmin stepping completed
pmarg               =  6.74714e+01
tdc                 =  8.11552e+01
mode=0db  rload=10k  rsrc=2.571k  pos=2  C=47p
fcross = 6.217729e+05
pmarg = 6.747141e+01
tdc = 8.115517e+01
Doing analysis at TEMP = 27.000000 and TNOM = 27.000000

Using SPARSE 1.3 as Direct Linear Solver

No. of Data Rows : 801
fcross              =  6.22489e+05
Note: Starting dynamic gmin stepping
Note: Dynamic gmin stepping completed
pmarg               =  6.72901e+01
tdc                 =  8.11552e+01
mode=0db  rload=10k  rsrc=2.571k  pos=2  C=100p
fcross = 6.224886e+05
pmarg = 6.729005e+01
tdc = 8.115517e+01
Doing analysis at TEMP = 27.000000 and TNOM = 27.000000

Using SPARSE 1.3 as Direct Linear Solver

No. of Data Rows : 801
fcross              =  6.24105e+05
Note: Starting dynamic gmin stepping
Note: Dynamic gmin stepping completed
pmarg               =  6.68767e+01
tdc                 =  8.11552e+01
mode=0db  rload=10k  rsrc=2.571k  pos=2  C=220p
fcross = 6.241054e+05
pmarg = 6.687670e+01
tdc = 8.115517e+01
Doing analysis at TEMP = 27.000000 and TNOM = 27.000000

Using SPARSE 1.3 as Direct Linear Solver

No. of Data Rows : 801
fcross              =  6.27455e+05
Note: Starting dynamic gmin stepping
Note: Dynamic gmin stepping completed
pmarg               =  6.60035e+01
tdc                 =  8.11552e+01
mode=0db  rload=10k  rsrc=2.571k  pos=2  C=470p
fcross = 6.274554e+05
pmarg = 6.600347e+01
tdc = 8.115516e+01
Doing analysis at TEMP = 27.000000 and TNOM = 27.000000

Using SPARSE 1.3 as Direct Linear Solver

No. of Data Rows : 801
fcross              =  6.34546e+05
Note: Starting dynamic gmin stepping
Note: Dynamic gmin stepping completed
pmarg               =  6.40951e+01
tdc                 =  8.11551e+01
mode=0db  rload=10k  rsrc=2.571k  pos=2  C=1n
fcross = 6.345460e+05
pmarg = 6.409511e+01
tdc = 8.115515e+01
Doing analysis at TEMP = 27.000000 and TNOM = 27.000000

Using SPARSE 1.3 as Direct Linear Solver

No. of Data Rows : 801
fcross              =  6.41137e+05
Note: Starting dynamic gmin stepping
Note: Dynamic gmin stepping completed
pmarg               =  6.22252e+01
tdc                 =  8.11551e+01
mode=0db  rload=10k  rsrc=2.571k  pos=2  C=1.5n
fcross = 6.411369e+05
pmarg = 6.222520e+01
tdc = 8.115513e+01
Doing analysis at TEMP = 27.000000 and TNOM = 27.000000

Using SPARSE 1.3 as Direct Linear Solver

No. of Data Rows : 801
fcross              =  6.50036e+05
Note: Starting dynamic gmin stepping
Note: Dynamic gmin stepping completed
pmarg               =  5.94997e+01
tdc                 =  8.11551e+01
mode=0db  rload=10k  rsrc=2.571k  pos=2  C=2.2n
fcross = 6.500358e+05
pmarg = 5.949970e+01
tdc = 8.115512e+01
Doing analysis at TEMP = 27.000000 and TNOM = 27.000000

Using SPARSE 1.3 as Direct Linear Solver

No. of Data Rows : 801
fcross              =  6.56039e+05
Note: Starting dynamic gmin stepping
Note: Dynamic gmin stepping completed
pmarg               =  5.74827e+01
tdc                 =  8.11551e+01
mode=0db  rload=10k  rsrc=2.571k  pos=2  C=2.7n
fcross = 6.560393e+05
pmarg = 5.748271e+01
tdc = 8.115510e+01
Doing analysis at TEMP = 27.000000 and TNOM = 27.000000

Using SPARSE 1.3 as Direct Linear Solver

No. of Data Rows : 801
fcross              =  6.62654e+05
Note: Starting dynamic gmin stepping
Note: Dynamic gmin stepping completed
pmarg               =  5.50000e+01
tdc                 =  8.11551e+01
mode=0db  rload=10k  rsrc=2.571k  pos=2  C=3.3n
fcross = 6.626541e+05
pmarg = 5.499998e+01
tdc = 8.115509e+01
Doing analysis at TEMP = 27.000000 and TNOM = 27.000000

Using SPARSE 1.3 as Direct Linear Solver
 Reference value :  1.00000e+00
No. of Data Rows : 801
fcross              =  6.74647e+05
Note: Starting dynamic gmin stepping
Warning: Dynamic gmin stepping failed
Note: Starting true gmin stepping
Note: True gmin stepping completed
pmarg               =  4.90561e+01
tdc                 =  8.11551e+01
mode=0db  rload=10k  rsrc=2.571k  pos=2  C=4.7n
fcross = 6.746467e+05
pmarg = 4.905610e+01
tdc = 8.115505e+01
Doing analysis at TEMP = 27.000000 and TNOM = 27.000000

Using SPARSE 1.3 as Direct Linear Solver

No. of Data Rows : 801
fcross              =  6.21135e+05
Note: Starting dynamic gmin stepping
Warning: Dynamic gmin stepping failed
Note: Starting true gmin stepping
Note: True gmin stepping completed
pmarg               =  6.76239e+01
tdc                 =  8.11552e+01
mode=0db  rload=10k  rsrc=2.611k  pos=1  C=1f
fcross = 6.211347e+05
pmarg = 6.762393e+01
tdc = 8.115517e+01
Doing analysis at TEMP = 27.000000 and TNOM = 27.000000

Using SPARSE 1.3 as Direct Linear Solver

No. of Data Rows : 801
fcross              =  6.21750e+05
Note: Starting dynamic gmin stepping
Warning: Dynamic gmin stepping failed
Note: Starting true gmin stepping
Note: True gmin stepping completed
pmarg               =  6.74652e+01
tdc                 =  8.11552e+01
mode=0db  rload=10k  rsrc=2.611k  pos=1  C=47p
fcross = 6.217503e+05
pmarg = 6.746521e+01
tdc = 8.115517e+01
Doing analysis at TEMP = 27.000000 and TNOM = 27.000000

Using SPARSE 1.3 as Direct Linear Solver

No. of Data Rows : 801
fcross              =  6.22410e+05
Note: Starting dynamic gmin stepping
Warning: Dynamic gmin stepping failed
Note: Starting true gmin stepping
Note: True gmin stepping completed
pmarg               =  6.72855e+01
tdc                 =  8.11552e+01
mode=0db  rload=10k  rsrc=2.611k  pos=1  C=100p
fcross = 6.224104e+05
pmarg = 6.728550e+01
tdc = 8.115518e+01
Doing analysis at TEMP = 27.000000 and TNOM = 27.000000

Using SPARSE 1.3 as Direct Linear Solver

No. of Data Rows : 801
fcross              =  6.23766e+05
Note: Starting dynamic gmin stepping
Warning: Dynamic gmin stepping failed
Note: Starting true gmin stepping
Note: True gmin stepping completed
pmarg               =  6.68766e+01
tdc                 =  8.11552e+01
mode=0db  rload=10k  rsrc=2.611k  pos=1  C=220p
fcross = 6.237664e+05
pmarg = 6.687658e+01
tdc = 8.115519e+01
Doing analysis at TEMP = 27.000000 and TNOM = 27.000000

Using SPARSE 1.3 as Direct Linear Solver

No. of Data Rows : 801
fcross              =  6.25935e+05
Note: Starting dynamic gmin stepping
Warning: Dynamic gmin stepping failed
Note: Starting true gmin stepping
Note: True gmin stepping completed
pmarg               =  6.60233e+01
tdc                 =  8.11552e+01
mode=0db  rload=10k  rsrc=2.611k  pos=1  C=470p
fcross = 6.259346e+05
pmarg = 6.602332e+01
tdc = 8.115520e+01
Doing analysis at TEMP = 27.000000 and TNOM = 27.000000

Using SPARSE 1.3 as Direct Linear Solver

No. of Data Rows : 801
fcross              =  6.27404e+05
Note: Starting dynamic gmin stepping
Warning: Dynamic gmin stepping failed
Note: Starting true gmin stepping
Note: True gmin stepping completed
pmarg               =  6.42823e+01
tdc                 =  8.11552e+01
mode=0db  rload=10k  rsrc=2.611k  pos=1  C=1n
fcross = 6.274043e+05
pmarg = 6.428235e+01
tdc = 8.115523e+01
Doing analysis at TEMP = 27.000000 and TNOM = 27.000000

Using SPARSE 1.3 as Direct Linear Solver

No. of Data Rows : 801
fcross              =  6.25040e+05
Note: Starting dynamic gmin stepping
Warning: Dynamic gmin stepping failed
Note: Starting true gmin stepping
Note: True gmin stepping completed
pmarg               =  6.28382e+01
tdc                 =  8.11553e+01
mode=0db  rload=10k  rsrc=2.611k  pos=1  C=1.5n
fcross = 6.250401e+05
pmarg = 6.283821e+01
tdc = 8.115526e+01
Doing analysis at TEMP = 27.000000 and TNOM = 27.000000

Using SPARSE 1.3 as Direct Linear Solver

No. of Data Rows : 801
fcross              =  6.17069e+05
Note: Starting dynamic gmin stepping
Warning: Dynamic gmin stepping failed
Note: Starting true gmin stepping
Note: True gmin stepping completed
pmarg               =  6.12794e+01
tdc                 =  8.11553e+01
mode=0db  rload=10k  rsrc=2.611k  pos=1  C=2.2n
fcross = 6.170688e+05
pmarg = 6.127935e+01
tdc = 8.115531e+01
Doing analysis at TEMP = 27.000000 and TNOM = 27.000000

Using SPARSE 1.3 as Direct Linear Solver

No. of Data Rows : 801
fcross              =  6.09551e+05
Note: Starting dynamic gmin stepping
Warning: Dynamic gmin stepping failed
Note: Starting true gmin stepping
Note: True gmin stepping completed
pmarg               =  6.04966e+01
tdc                 =  8.11553e+01
mode=0db  rload=10k  rsrc=2.611k  pos=1  C=2.7n
fcross = 6.095512e+05
pmarg = 6.049658e+01
tdc = 8.115534e+01
Doing analysis at TEMP = 27.000000 and TNOM = 27.000000

Using SPARSE 1.3 as Direct Linear Solver

No. of Data Rows : 801
fcross              =  5.99728e+05
Note: Starting dynamic gmin stepping
Warning: Dynamic gmin stepping failed
Note: Starting true gmin stepping
Note: True gmin stepping completed
pmarg               =  5.98696e+01
tdc                 =  8.11554e+01
mode=0db  rload=10k  rsrc=2.611k  pos=1  C=3.3n
fcross = 5.997279e+05
pmarg = 5.986964e+01
tdc = 8.115537e+01
Doing analysis at TEMP = 27.000000 and TNOM = 27.000000

Using SPARSE 1.3 as Direct Linear Solver

No. of Data Rows : 801
fcross              =  5.77851e+05
Note: Starting dynamic gmin stepping
Warning: Dynamic gmin stepping failed
Note: Starting true gmin stepping
Note: True gmin stepping completed
pmarg               =  5.93056e+01
tdc                 =  8.11555e+01
mode=0db  rload=10k  rsrc=2.611k  pos=1  C=4.7n
fcross = 5.778505e+05
pmarg = 5.930556e+01
tdc = 8.115546e+01
Doing analysis at TEMP = 27.000000 and TNOM = 27.000000

Using SPARSE 1.3 as Direct Linear Solver

No. of Data Rows : 801
fcross              =  6.21135e+05
Note: Starting dynamic gmin stepping
Warning: Dynamic gmin stepping failed
Note: Starting true gmin stepping
Note: True gmin stepping completed
pmarg               =  6.76239e+01
tdc                 =  8.11552e+01
mode=0db  rload=10k  rsrc=2.611k  pos=2  C=1f
fcross = 6.211347e+05
pmarg = 6.762393e+01
tdc = 8.115517e+01
Doing analysis at TEMP = 27.000000 and TNOM = 27.000000

Using SPARSE 1.3 as Direct Linear Solver

No. of Data Rows : 801
fcross              =  6.21770e+05
Note: Starting dynamic gmin stepping
Warning: Dynamic gmin stepping failed
Note: Starting true gmin stepping
Note: True gmin stepping completed
pmarg               =  6.74637e+01
tdc                 =  8.11552e+01
mode=0db  rload=10k  rsrc=2.611k  pos=2  C=47p
fcross = 6.217701e+05
pmarg = 6.746371e+01
tdc = 8.115517e+01
Doing analysis at TEMP = 27.000000 and TNOM = 27.000000

Using SPARSE 1.3 as Direct Linear Solver

No. of Data Rows : 801
fcross              =  6.22486e+05
Note: Starting dynamic gmin stepping
Warning: Dynamic gmin stepping failed
Note: Starting true gmin stepping
Note: True gmin stepping completed
pmarg               =  6.72823e+01
tdc                 =  8.11552e+01
mode=0db  rload=10k  rsrc=2.611k  pos=2  C=100p
fcross = 6.224857e+05
pmarg = 6.728234e+01
tdc = 8.115517e+01
Doing analysis at TEMP = 27.000000 and TNOM = 27.000000

Using SPARSE 1.3 as Direct Linear Solver

No. of Data Rows : 801
fcross              =  6.24103e+05
Note: Starting dynamic gmin stepping
Warning: Dynamic gmin stepping failed
Note: Starting true gmin stepping
Note: True gmin stepping completed
pmarg               =  6.68690e+01
tdc                 =  8.11552e+01
mode=0db  rload=10k  rsrc=2.611k  pos=2  C=220p
fcross = 6.241026e+05
pmarg = 6.686897e+01
tdc = 8.115517e+01
Doing analysis at TEMP = 27.000000 and TNOM = 27.000000

Using SPARSE 1.3 as Direct Linear Solver

No. of Data Rows : 801
fcross              =  6.27452e+05
Note: Starting dynamic gmin stepping
Warning: Dynamic gmin stepping failed
Note: Starting true gmin stepping
Note: True gmin stepping completed
pmarg               =  6.59957e+01
tdc                 =  8.11552e+01
mode=0db  rload=10k  rsrc=2.611k  pos=2  C=470p
fcross = 6.274524e+05
pmarg = 6.599571e+01
tdc = 8.115516e+01
Doing analysis at TEMP = 27.000000 and TNOM = 27.000000

Using SPARSE 1.3 as Direct Linear Solver

No. of Data Rows : 801
fcross              =  6.34543e+05
Note: Starting dynamic gmin stepping
Warning: Dynamic gmin stepping failed
Note: Starting true gmin stepping
Note: True gmin stepping completed
pmarg               =  6.40873e+01
tdc                 =  8.11551e+01
mode=0db  rload=10k  rsrc=2.611k  pos=2  C=1n
fcross = 6.345429e+05
pmarg = 6.408727e+01
tdc = 8.115515e+01
Doing analysis at TEMP = 27.000000 and TNOM = 27.000000

Using SPARSE 1.3 as Direct Linear Solver

No. of Data Rows : 801
fcross              =  6.41134e+05
Note: Starting dynamic gmin stepping
Warning: Dynamic gmin stepping failed
Note: Starting true gmin stepping
Note: True gmin stepping completed
pmarg               =  6.22173e+01
tdc                 =  8.11551e+01
mode=0db  rload=10k  rsrc=2.611k  pos=2  C=1.5n
fcross = 6.411337e+05
pmarg = 6.221730e+01
tdc = 8.115513e+01
Doing analysis at TEMP = 27.000000 and TNOM = 27.000000

Using SPARSE 1.3 as Direct Linear Solver

No. of Data Rows : 801
fcross              =  6.50032e+05
Note: Starting dynamic gmin stepping
Warning: Dynamic gmin stepping failed
Note: Starting true gmin stepping
Note: True gmin stepping completed
pmarg               =  5.94917e+01
tdc                 =  8.11551e+01
mode=0db  rload=10k  rsrc=2.611k  pos=2  C=2.2n
fcross = 6.500322e+05
pmarg = 5.949171e+01
tdc = 8.115512e+01
Doing analysis at TEMP = 27.000000 and TNOM = 27.000000

Using SPARSE 1.3 as Direct Linear Solver

No. of Data Rows : 801
fcross              =  6.56036e+05
Note: Starting dynamic gmin stepping
Warning: Dynamic gmin stepping failed
Note: Starting true gmin stepping
Note: True gmin stepping completed
pmarg               =  5.74747e+01
tdc                 =  8.11551e+01
mode=0db  rload=10k  rsrc=2.611k  pos=2  C=2.7n
fcross = 6.560356e+05
pmarg = 5.747466e+01
tdc = 8.115510e+01
Doing analysis at TEMP = 27.000000 and TNOM = 27.000000

Using SPARSE 1.3 as Direct Linear Solver

No. of Data Rows : 801
fcross              =  6.62650e+05
Note: Starting dynamic gmin stepping
Warning: Dynamic gmin stepping failed
Note: Starting true gmin stepping
Note: True gmin stepping completed
pmarg               =  5.49919e+01
tdc                 =  8.11551e+01
mode=0db  rload=10k  rsrc=2.611k  pos=2  C=3.3n
fcross = 6.626502e+05
pmarg = 5.499187e+01
tdc = 8.115509e+01
Doing analysis at TEMP = 27.000000 and TNOM = 27.000000

Using SPARSE 1.3 as Direct Linear Solver

No. of Data Rows : 801
fcross              =  6.74643e+05
pmarg               =  4.90479e+01
tdc                 =  8.11551e+01
mode=0db  rload=10k  rsrc=2.611k  pos=2  C=4.7n
fcross = 6.746425e+05
pmarg = 4.904791e+01
tdc = 8.115505e+01
Doing analysis at TEMP = 27.000000 and TNOM = 27.000000

Using SPARSE 1.3 as Direct Linear Solver

No. of Data Rows : 801
fcross              =  5.79773e+05
pmarg               =  7.89423e+01
tdc                 =  7.78571e+01
mode=3db  rload=100k  rsrc=1m  pos=1  C=1f
fcross = 5.797727e+05
pmarg = 7.894225e+01
tdc = 7.785712e+01
Doing analysis at TEMP = 27.000000 and TNOM = 27.000000

Using SPARSE 1.3 as Direct Linear Solver

No. of Data Rows : 801
fcross              =  5.80364e+05
pmarg               =  7.87891e+01
tdc                 =  7.78571e+01
mode=3db  rload=100k  rsrc=1m  pos=1  C=47p
fcross = 5.803639e+05
pmarg = 7.878907e+01
tdc = 7.785712e+01
Doing analysis at TEMP = 27.000000 and TNOM = 27.000000

Using SPARSE 1.3 as Direct Linear Solver

No. of Data Rows : 801
fcross              =  5.80998e+05
pmarg               =  7.86161e+01
tdc                 =  7.78571e+01
mode=3db  rload=100k  rsrc=1m  pos=1  C=100p
fcross = 5.809979e+05
pmarg = 7.861608e+01
tdc = 7.785712e+01
Doing analysis at TEMP = 27.000000 and TNOM = 27.000000

Using SPARSE 1.3 as Direct Linear Solver

No. of Data Rows : 801
fcross              =  5.82301e+05
pmarg               =  7.82242e+01
tdc                 =  7.78571e+01
mode=3db  rload=100k  rsrc=1m  pos=1  C=220p
fcross = 5.823010e+05
pmarg = 7.822417e+01
tdc = 7.785711e+01
Doing analysis at TEMP = 27.000000 and TNOM = 27.000000

Using SPARSE 1.3 as Direct Linear Solver

No. of Data Rows : 801
fcross              =  5.84390e+05
pmarg               =  7.74134e+01
tdc                 =  7.78571e+01
mode=3db  rload=100k  rsrc=1m  pos=1  C=470p
fcross = 5.843903e+05
pmarg = 7.741344e+01
tdc = 7.785711e+01
Doing analysis at TEMP = 27.000000 and TNOM = 27.000000

Using SPARSE 1.3 as Direct Linear Solver

No. of Data Rows : 801
fcross              =  5.85843e+05
pmarg               =  7.57846e+01
tdc                 =  7.78571e+01
mode=3db  rload=100k  rsrc=1m  pos=1  C=1n
fcross = 5.858435e+05
pmarg = 7.578464e+01
tdc = 7.785711e+01
Doing analysis at TEMP = 27.000000 and TNOM = 27.000000

Using SPARSE 1.3 as Direct Linear Solver

No. of Data Rows : 801
fcross              =  5.83616e+05
pmarg               =  7.44560e+01
tdc                 =  7.78571e+01
mode=3db  rload=100k  rsrc=1m  pos=1  C=1.5n
fcross = 5.836160e+05
pmarg = 7.445603e+01
tdc = 7.785710e+01
Doing analysis at TEMP = 27.000000 and TNOM = 27.000000

Using SPARSE 1.3 as Direct Linear Solver
 Reference value :  2.23872e+04
No. of Data Rows : 801
fcross              =  5.75912e+05
pmarg               =  7.30470e+01
tdc                 =  7.78571e+01
mode=3db  rload=100k  rsrc=1m  pos=1  C=2.2n
fcross = 5.759121e+05
pmarg = 7.304701e+01
tdc = 7.785710e+01
Doing analysis at TEMP = 27.000000 and TNOM = 27.000000

Using SPARSE 1.3 as Direct Linear Solver

No. of Data Rows : 801
fcross              =  5.68502e+05
pmarg               =  7.23546e+01
tdc                 =  7.78571e+01
mode=3db  rload=100k  rsrc=1m  pos=1  C=2.7n
fcross = 5.685023e+05
pmarg = 7.235459e+01
tdc = 7.785709e+01
Doing analysis at TEMP = 27.000000 and TNOM = 27.000000

Using SPARSE 1.3 as Direct Linear Solver

No. of Data Rows : 801
fcross              =  5.58692e+05
pmarg               =  7.18167e+01
tdc                 =  7.78571e+01
mode=3db  rload=100k  rsrc=1m  pos=1  C=3.3n
fcross = 5.586916e+05
pmarg = 7.181671e+01
tdc = 7.785709e+01
Doing analysis at TEMP = 27.000000 and TNOM = 27.000000

Using SPARSE 1.3 as Direct Linear Solver

No. of Data Rows : 801
fcross              =  5.36286e+05
pmarg               =  7.13986e+01
tdc                 =  7.78571e+01
mode=3db  rload=100k  rsrc=1m  pos=1  C=4.7n
fcross = 5.362857e+05
pmarg = 7.139860e+01
tdc = 7.785707e+01
Doing analysis at TEMP = 27.000000 and TNOM = 27.000000

Using SPARSE 1.3 as Direct Linear Solver

No. of Data Rows : 801
fcross              =  5.79773e+05
pmarg               =  7.89423e+01
tdc                 =  7.78571e+01
mode=3db  rload=100k  rsrc=1m  pos=2  C=1f
fcross = 5.797727e+05
pmarg = 7.894225e+01
tdc = 7.785712e+01
Doing analysis at TEMP = 27.000000 and TNOM = 27.000000

Using SPARSE 1.3 as Direct Linear Solver

No. of Data Rows : 801
fcross              =  5.80378e+05
pmarg               =  7.87888e+01
tdc                 =  7.78571e+01
mode=3db  rload=100k  rsrc=1m  pos=2  C=47p
fcross = 5.803777e+05
pmarg = 7.878876e+01
tdc = 7.785711e+01
Doing analysis at TEMP = 27.000000 and TNOM = 27.000000

Using SPARSE 1.3 as Direct Linear Solver

No. of Data Rows : 801
fcross              =  5.81059e+05
pmarg               =  7.86151e+01
tdc                 =  7.78571e+01
mode=3db  rload=100k  rsrc=1m  pos=2  C=100p
fcross = 5.810592e+05
pmarg = 7.861507e+01
tdc = 7.785711e+01
Doing analysis at TEMP = 27.000000 and TNOM = 27.000000

Using SPARSE 1.3 as Direct Linear Solver

No. of Data Rows : 801
fcross              =  5.82599e+05
pmarg               =  7.82195e+01
tdc                 =  7.78571e+01
mode=3db  rload=100k  rsrc=1m  pos=2  C=220p
fcross = 5.825990e+05
pmarg = 7.821947e+01
tdc = 7.785711e+01
Doing analysis at TEMP = 27.000000 and TNOM = 27.000000

Using SPARSE 1.3 as Direct Linear Solver

No. of Data Rows : 801
fcross              =  5.85790e+05
pmarg               =  7.73849e+01
tdc                 =  7.78571e+01
mode=3db  rload=100k  rsrc=1m  pos=2  C=470p
fcross = 5.857899e+05
pmarg = 7.738491e+01
tdc = 7.785711e+01
Doing analysis at TEMP = 27.000000 and TNOM = 27.000000

Using SPARSE 1.3 as Direct Linear Solver

No. of Data Rows : 801
fcross              =  5.92543e+05
pmarg               =  7.55660e+01
tdc                 =  7.78571e+01
mode=3db  rload=100k  rsrc=1m  pos=2  C=1n
fcross = 5.925428e+05
pmarg = 7.556597e+01
tdc = 7.785709e+01
Doing analysis at TEMP = 27.000000 and TNOM = 27.000000

Using SPARSE 1.3 as Direct Linear Solver

No. of Data Rows : 801
fcross              =  5.98811e+05
pmarg               =  7.37909e+01
tdc                 =  7.78571e+01
mode=3db  rload=100k  rsrc=1m  pos=2  C=1.5n
fcross = 5.988109e+05
pmarg = 7.379090e+01
tdc = 7.785708e+01
Doing analysis at TEMP = 27.000000 and TNOM = 27.000000

Using SPARSE 1.3 as Direct Linear Solver

No. of Data Rows : 801
fcross              =  6.07298e+05
pmarg               =  7.12147e+01
tdc                 =  7.78571e+01
mode=3db  rload=100k  rsrc=1m  pos=2  C=2.2n
fcross = 6.072985e+05
pmarg = 7.121474e+01
tdc = 7.785707e+01
Doing analysis at TEMP = 27.000000 and TNOM = 27.000000

Using SPARSE 1.3 as Direct Linear Solver

No. of Data Rows : 801
fcross              =  6.13031e+05
pmarg               =  6.93173e+01
tdc                 =  7.78571e+01
mode=3db  rload=100k  rsrc=1m  pos=2  C=2.7n
fcross = 6.130313e+05
pmarg = 6.931734e+01
tdc = 7.785706e+01
Doing analysis at TEMP = 27.000000 and TNOM = 27.000000

Using SPARSE 1.3 as Direct Linear Solver

No. of Data Rows : 801
fcross              =  6.19414e+05
pmarg               =  6.69890e+01
tdc                 =  7.78570e+01
mode=3db  rload=100k  rsrc=1m  pos=2  C=3.3n
fcross = 6.194138e+05
pmarg = 6.698899e+01
tdc = 7.785704e+01
Doing analysis at TEMP = 27.000000 and TNOM = 27.000000

Using SPARSE 1.3 as Direct Linear Solver

No. of Data Rows : 801
fcross              =  6.31208e+05
pmarg               =  6.14489e+01
tdc                 =  7.78570e+01
mode=3db  rload=100k  rsrc=1m  pos=2  C=4.7n
fcross = 6.312083e+05
pmarg = 6.144892e+01
tdc = 7.785701e+01
Doing analysis at TEMP = 27.000000 and TNOM = 27.000000

Using SPARSE 1.3 as Direct Linear Solver

No. of Data Rows : 801
fcross              =  5.79752e+05
pmarg               =  7.87607e+01
tdc                 =  7.78571e+01
mode=3db  rload=100k  rsrc=1k  pos=1  C=1f
fcross = 5.797516e+05
pmarg = 7.876065e+01
tdc = 7.785712e+01
Doing analysis at TEMP = 27.000000 and TNOM = 27.000000

Using SPARSE 1.3 as Direct Linear Solver

No. of Data Rows : 801
fcross              =  5.80343e+05
pmarg               =  7.86073e+01
tdc                 =  7.78571e+01
mode=3db  rload=100k  rsrc=1k  pos=1  C=47p
fcross = 5.803426e+05
pmarg = 7.860730e+01
tdc = 7.785712e+01
Doing analysis at TEMP = 27.000000 and TNOM = 27.000000

Using SPARSE 1.3 as Direct Linear Solver

No. of Data Rows : 801
fcross              =  5.80977e+05
pmarg               =  7.84341e+01
tdc                 =  7.78571e+01
mode=3db  rload=100k  rsrc=1k  pos=1  C=100p
fcross = 5.809766e+05
pmarg = 7.843411e+01
tdc = 7.785712e+01
Doing analysis at TEMP = 27.000000 and TNOM = 27.000000

Using SPARSE 1.3 as Direct Linear Solver

No. of Data Rows : 801
fcross              =  5.82280e+05
pmarg               =  7.80418e+01
tdc                 =  7.78571e+01
mode=3db  rload=100k  rsrc=1k  pos=1  C=220p
fcross = 5.822795e+05
pmarg = 7.804181e+01
tdc = 7.785711e+01
Doing analysis at TEMP = 27.000000 and TNOM = 27.000000

Using SPARSE 1.3 as Direct Linear Solver

No. of Data Rows : 801
fcross              =  5.84369e+05
pmarg               =  7.72305e+01
tdc                 =  7.78571e+01
mode=3db  rload=100k  rsrc=1k  pos=1  C=470p
fcross = 5.843686e+05
pmarg = 7.723046e+01
tdc = 7.785711e+01
Doing analysis at TEMP = 27.000000 and TNOM = 27.000000

Using SPARSE 1.3 as Direct Linear Solver

No. of Data Rows : 801
fcross              =  5.85822e+05
pmarg               =  7.56013e+01
tdc                 =  7.78571e+01
mode=3db  rload=100k  rsrc=1k  pos=1  C=1n
fcross = 5.858216e+05
pmarg = 7.560126e+01
tdc = 7.785711e+01
Doing analysis at TEMP = 27.000000 and TNOM = 27.000000

Using SPARSE 1.3 as Direct Linear Solver

No. of Data Rows : 801
fcross              =  5.83595e+05
pmarg               =  7.42734e+01
tdc                 =  7.78571e+01
mode=3db  rload=100k  rsrc=1k  pos=1  C=1.5n
fcross = 5.835947e+05
pmarg = 7.427339e+01
tdc = 7.785710e+01
Doing analysis at TEMP = 27.000000 and TNOM = 27.000000

Using SPARSE 1.3 as Direct Linear Solver

No. of Data Rows : 801
fcross              =  5.75892e+05
pmarg               =  7.28668e+01
tdc                 =  7.78571e+01
mode=3db  rload=100k  rsrc=1k  pos=1  C=2.2n
fcross = 5.758920e+05
pmarg = 7.286679e+01
tdc = 7.785710e+01
Doing analysis at TEMP = 27.000000 and TNOM = 27.000000

Using SPARSE 1.3 as Direct Linear Solver

No. of Data Rows : 801
fcross              =  5.68484e+05
pmarg               =  7.21766e+01
tdc                 =  7.78571e+01
mode=3db  rload=100k  rsrc=1k  pos=1  C=2.7n
fcross = 5.684836e+05
pmarg = 7.217665e+01
tdc = 7.785709e+01
Doing analysis at TEMP = 27.000000 and TNOM = 27.000000

Using SPARSE 1.3 as Direct Linear Solver

No. of Data Rows : 801
fcross              =  5.58674e+05
pmarg               =  7.16418e+01
tdc                 =  7.78571e+01
mode=3db  rload=100k  rsrc=1k  pos=1  C=3.3n
fcross = 5.586743e+05
pmarg = 7.164179e+01
tdc = 7.785709e+01
Doing analysis at TEMP = 27.000000 and TNOM = 27.000000

Using SPARSE 1.3 as Direct Linear Solver

No. of Data Rows : 801
fcross              =  5.36271e+05
pmarg               =  7.12306e+01
tdc                 =  7.78571e+01
mode=3db  rload=100k  rsrc=1k  pos=1  C=4.7n
fcross = 5.362711e+05
pmarg = 7.123057e+01
tdc = 7.785707e+01
Doing analysis at TEMP = 27.000000 and TNOM = 27.000000

Using SPARSE 1.3 as Direct Linear Solver

No. of Data Rows : 801
fcross              =  5.79752e+05
pmarg               =  7.87607e+01
tdc                 =  7.78571e+01
mode=3db  rload=100k  rsrc=1k  pos=2  C=1f
fcross = 5.797516e+05
pmarg = 7.876065e+01
tdc = 7.785712e+01
Doing analysis at TEMP = 27.000000 and TNOM = 27.000000

Using SPARSE 1.3 as Direct Linear Solver

No. of Data Rows : 801
fcross              =  5.80356e+05
pmarg               =  7.86070e+01
tdc                 =  7.78571e+01
mode=3db  rload=100k  rsrc=1k  pos=2  C=47p
fcross = 5.803565e+05
pmarg = 7.860698e+01
tdc = 7.785711e+01
Doing analysis at TEMP = 27.000000 and TNOM = 27.000000

Using SPARSE 1.3 as Direct Linear Solver

No. of Data Rows : 801
fcross              =  5.81038e+05
pmarg               =  7.84331e+01
tdc                 =  7.78571e+01
mode=3db  rload=100k  rsrc=1k  pos=2  C=100p
fcross = 5.810379e+05
pmarg = 7.843308e+01
tdc = 7.785711e+01
Doing analysis at TEMP = 27.000000 and TNOM = 27.000000

Using SPARSE 1.3 as Direct Linear Solver

No. of Data Rows : 801
fcross              =  5.82577e+05
pmarg               =  7.80370e+01
tdc                 =  7.78571e+01
mode=3db  rload=100k  rsrc=1k  pos=2  C=220p
fcross = 5.825774e+05
pmarg = 7.803701e+01
tdc = 7.785711e+01
Doing analysis at TEMP = 27.000000 and TNOM = 27.000000

Using SPARSE 1.3 as Direct Linear Solver

No. of Data Rows : 801
fcross              =  5.85768e+05
pmarg               =  7.72015e+01
tdc                 =  7.78571e+01
mode=3db  rload=100k  rsrc=1k  pos=2  C=470p
fcross = 5.857679e+05
pmarg = 7.720150e+01
tdc = 7.785711e+01
Doing analysis at TEMP = 27.000000 and TNOM = 27.000000

Using SPARSE 1.3 as Direct Linear Solver

No. of Data Rows : 801
fcross              =  5.92519e+05
pmarg               =  7.53806e+01
tdc                 =  7.78571e+01
mode=3db  rload=100k  rsrc=1k  pos=2  C=1n
fcross = 5.925194e+05
pmarg = 7.538055e+01
tdc = 7.785709e+01
Doing analysis at TEMP = 27.000000 and TNOM = 27.000000

Using SPARSE 1.3 as Direct Linear Solver

No. of Data Rows : 801
fcross              =  5.98787e+05
pmarg               =  7.36036e+01
tdc                 =  7.78571e+01
mode=3db  rload=100k  rsrc=1k  pos=2  C=1.5n
fcross = 5.987866e+05
pmarg = 7.360361e+01
tdc = 7.785708e+01
Doing analysis at TEMP = 27.000000 and TNOM = 27.000000

Using SPARSE 1.3 as Direct Linear Solver

No. of Data Rows : 801
fcross              =  6.07272e+05
pmarg               =  7.10250e+01
tdc                 =  7.78571e+01
mode=3db  rload=100k  rsrc=1k  pos=2  C=2.2n
fcross = 6.072723e+05
pmarg = 7.102498e+01
tdc = 7.785707e+01
Doing analysis at TEMP = 27.000000 and TNOM = 27.000000

Using SPARSE 1.3 as Direct Linear Solver

No. of Data Rows : 801
fcross              =  6.13004e+05
pmarg               =  6.91259e+01
tdc                 =  7.78571e+01
mode=3db  rload=100k  rsrc=1k  pos=2  C=2.7n
fcross = 6.130044e+05
pmarg = 6.912589e+01
tdc = 7.785706e+01
Doing analysis at TEMP = 27.000000 and TNOM = 27.000000

Using SPARSE 1.3 as Direct Linear Solver

No. of Data Rows : 801
fcross              =  6.19385e+05
pmarg               =  6.67957e+01
tdc                 =  7.78570e+01
mode=3db  rload=100k  rsrc=1k  pos=2  C=3.3n
fcross = 6.193852e+05
pmarg = 6.679575e+01
tdc = 7.785704e+01
Doing analysis at TEMP = 27.000000 and TNOM = 27.000000

Using SPARSE 1.3 as Direct Linear Solver

No. of Data Rows : 801
fcross              =  6.31177e+05
pmarg               =  6.12524e+01
tdc                 =  7.78570e+01
mode=3db  rload=100k  rsrc=1k  pos=2  C=4.7n
fcross = 6.311773e+05
pmarg = 6.125241e+01
tdc = 7.785701e+01
Doing analysis at TEMP = 27.000000 and TNOM = 27.000000

Using SPARSE 1.3 as Direct Linear Solver

No. of Data Rows : 801
fcross              =  5.79679e+05
pmarg               =  7.84906e+01
tdc                 =  7.78571e+01
mode=3db  rload=100k  rsrc=2.5k  pos=1  C=1f
fcross = 5.796789e+05
pmarg = 7.849059e+01
tdc = 7.785712e+01
Doing analysis at TEMP = 27.000000 and TNOM = 27.000000

Using SPARSE 1.3 as Direct Linear Solver

No. of Data Rows : 801
fcross              =  5.80270e+05
pmarg               =  7.83370e+01
tdc                 =  7.78571e+01
mode=3db  rload=100k  rsrc=2.5k  pos=1  C=47p
fcross = 5.802696e+05
pmarg = 7.833699e+01
tdc = 7.785712e+01
Doing analysis at TEMP = 27.000000 and TNOM = 27.000000

Using SPARSE 1.3 as Direct Linear Solver

No. of Data Rows : 801
fcross              =  5.80903e+05
pmarg               =  7.81635e+01
tdc                 =  7.78571e+01
mode=3db  rload=100k  rsrc=2.5k  pos=1  C=100p
fcross = 5.809033e+05
pmarg = 7.816354e+01
tdc = 7.785711e+01
Doing analysis at TEMP = 27.000000 and TNOM = 27.000000

Using SPARSE 1.3 as Direct Linear Solver

No. of Data Rows : 801
fcross              =  5.82206e+05
pmarg               =  7.77707e+01
tdc                 =  7.78571e+01
mode=3db  rload=100k  rsrc=2.5k  pos=1  C=220p
fcross = 5.822056e+05
pmarg = 7.777069e+01
tdc = 7.785711e+01
Doing analysis at TEMP = 27.000000 and TNOM = 27.000000

Using SPARSE 1.3 as Direct Linear Solver

No. of Data Rows : 801
fcross              =  5.84294e+05
pmarg               =  7.69585e+01
tdc                 =  7.78571e+01
mode=3db  rload=100k  rsrc=2.5k  pos=1  C=470p
fcross = 5.842937e+05
pmarg = 7.695850e+01
tdc = 7.785711e+01
Doing analysis at TEMP = 27.000000 and TNOM = 27.000000

Using SPARSE 1.3 as Direct Linear Solver

No. of Data Rows : 801
fcross              =  5.85746e+05
pmarg               =  7.53289e+01
tdc                 =  7.78571e+01
mode=3db  rload=100k  rsrc=2.5k  pos=1  C=1n
fcross = 5.857463e+05
pmarg = 7.532887e+01
tdc = 7.785711e+01
Doing analysis at TEMP = 27.000000 and TNOM = 27.000000

Using SPARSE 1.3 as Direct Linear Solver

No. of Data Rows : 801
fcross              =  5.83521e+05
pmarg               =  7.40022e+01
tdc                 =  7.78571e+01
mode=3db  rload=100k  rsrc=2.5k  pos=1  C=1.5n
fcross = 5.835207e+05
pmarg = 7.400217e+01
tdc = 7.785710e+01
Doing analysis at TEMP = 27.000000 and TNOM = 27.000000

Using SPARSE 1.3 as Direct Linear Solver

No. of Data Rows : 801
fcross              =  5.75822e+05
pmarg               =  7.25992e+01
tdc                 =  7.78571e+01
mode=3db  rload=100k  rsrc=2.5k  pos=1  C=2.2n
fcross = 5.758221e+05
pmarg = 7.259918e+01
tdc = 7.785710e+01
Doing analysis at TEMP = 27.000000 and TNOM = 27.000000

Using SPARSE 1.3 as Direct Linear Solver

No. of Data Rows : 801
fcross              =  5.68418e+05
pmarg               =  7.19124e+01
tdc                 =  7.78571e+01
mode=3db  rload=100k  rsrc=2.5k  pos=1  C=2.7n
fcross = 5.684185e+05
pmarg = 7.191235e+01
tdc = 7.785709e+01
Doing analysis at TEMP = 27.000000 and TNOM = 27.000000

Using SPARSE 1.3 as Direct Linear Solver

No. of Data Rows : 801
fcross              =  5.58614e+05
pmarg               =  7.13819e+01
tdc                 =  7.78571e+01
mode=3db  rload=100k  rsrc=2.5k  pos=1  C=3.3n
fcross = 5.586144e+05
pmarg = 7.138187e+01
tdc = 7.785709e+01
Doing analysis at TEMP = 27.000000 and TNOM = 27.000000

Using SPARSE 1.3 as Direct Linear Solver

No. of Data Rows : 801
fcross              =  5.36220e+05
pmarg               =  7.09807e+01
tdc                 =  7.78571e+01
mode=3db  rload=100k  rsrc=2.5k  pos=1  C=4.7n
fcross = 5.362204e+05
pmarg = 7.098066e+01
tdc = 7.785707e+01
Doing analysis at TEMP = 27.000000 and TNOM = 27.000000

Using SPARSE 1.3 as Direct Linear Solver

No. of Data Rows : 801
fcross              =  5.79679e+05
pmarg               =  7.84906e+01
tdc                 =  7.78571e+01
mode=3db  rload=100k  rsrc=2.5k  pos=2  C=1f
fcross = 5.796789e+05
pmarg = 7.849059e+01
tdc = 7.785712e+01
Doing analysis at TEMP = 27.000000 and TNOM = 27.000000

Using SPARSE 1.3 as Direct Linear Solver

No. of Data Rows : 801
fcross              =  5.80283e+05
pmarg               =  7.83367e+01
tdc                 =  7.78571e+01
mode=3db  rload=100k  rsrc=2.5k  pos=2  C=47p
fcross = 5.802835e+05
pmarg = 7.833666e+01
tdc = 7.785711e+01
Doing analysis at TEMP = 27.000000 and TNOM = 27.000000

Using SPARSE 1.3 as Direct Linear Solver

No. of Data Rows : 801
fcross              =  5.80965e+05
pmarg               =  7.81625e+01
tdc                 =  7.78571e+01
mode=3db  rload=100k  rsrc=2.5k  pos=2  C=100p
fcross = 5.809645e+05
pmarg = 7.816248e+01
tdc = 7.785711e+01
Doing analysis at TEMP = 27.000000 and TNOM = 27.000000

Using SPARSE 1.3 as Direct Linear Solver

No. of Data Rows : 801
fcross              =  5.82503e+05
pmarg               =  7.77658e+01
tdc                 =  7.78571e+01
mode=3db  rload=100k  rsrc=2.5k  pos=2  C=220p
fcross = 5.825034e+05
pmarg = 7.776576e+01
tdc = 7.785711e+01
Doing analysis at TEMP = 27.000000 and TNOM = 27.000000

Using SPARSE 1.3 as Direct Linear Solver

No. of Data Rows : 801
fcross              =  5.85692e+05
pmarg               =  7.69289e+01
tdc                 =  7.78571e+01
mode=3db  rload=100k  rsrc=2.5k  pos=2  C=470p
fcross = 5.856923e+05
pmarg = 7.692890e+01
tdc = 7.785711e+01
Doing analysis at TEMP = 27.000000 and TNOM = 27.000000

Using SPARSE 1.3 as Direct Linear Solver

No. of Data Rows : 801
fcross              =  5.92438e+05
pmarg               =  7.51052e+01
tdc                 =  7.78571e+01
mode=3db  rload=100k  rsrc=2.5k  pos=2  C=1n
fcross = 5.924385e+05
pmarg = 7.510523e+01
tdc = 7.785709e+01
Doing analysis at TEMP = 27.000000 and TNOM = 27.000000

Using SPARSE 1.3 as Direct Linear Solver

No. of Data Rows : 801
fcross              =  5.98702e+05
pmarg               =  7.33257e+01
tdc                 =  7.78571e+01
mode=3db  rload=100k  rsrc=2.5k  pos=2  C=1.5n
fcross = 5.987024e+05
pmarg = 7.332572e+01
tdc = 7.785708e+01
Doing analysis at TEMP = 27.000000 and TNOM = 27.000000

Using SPARSE 1.3 as Direct Linear Solver

No. of Data Rows : 801
fcross              =  6.07181e+05
pmarg               =  7.07438e+01
tdc                 =  7.78571e+01
mode=3db  rload=100k  rsrc=2.5k  pos=2  C=2.2n
fcross = 6.071812e+05
pmarg = 7.074382e+01
tdc = 7.785707e+01
Doing analysis at TEMP = 27.000000 and TNOM = 27.000000

Using SPARSE 1.3 as Direct Linear Solver

No. of Data Rows : 801
fcross              =  6.12910e+05
pmarg               =  6.88425e+01
tdc                 =  7.78571e+01
mode=3db  rload=100k  rsrc=2.5k  pos=2  C=2.7n
fcross = 6.129101e+05
pmarg = 6.884249e+01
tdc = 7.785706e+01
Doing analysis at TEMP = 27.000000 and TNOM = 27.000000

Using SPARSE 1.3 as Direct Linear Solver

No. of Data Rows : 801
fcross              =  6.19285e+05
pmarg               =  6.65101e+01
tdc                 =  7.78570e+01
mode=3db  rload=100k  rsrc=2.5k  pos=2  C=3.3n
fcross = 6.192845e+05
pmarg = 6.651011e+01
tdc = 7.785704e+01
Doing analysis at TEMP = 27.000000 and TNOM = 27.000000

Using SPARSE 1.3 as Direct Linear Solver

No. of Data Rows : 801
fcross              =  6.31067e+05
pmarg               =  6.09629e+01
tdc                 =  7.78570e+01
mode=3db  rload=100k  rsrc=2.5k  pos=2  C=4.7n
fcross = 6.310673e+05
pmarg = 6.096293e+01
tdc = 7.785701e+01
Doing analysis at TEMP = 27.000000 and TNOM = 27.000000

Using SPARSE 1.3 as Direct Linear Solver

No. of Data Rows : 801
fcross              =  5.79674e+05
pmarg               =  7.84779e+01
tdc                 =  7.78571e+01
mode=3db  rload=100k  rsrc=2.571k  pos=1  C=1f
fcross = 5.796742e+05
pmarg = 7.847788e+01
tdc = 7.785712e+01
Doing analysis at TEMP = 27.000000 and TNOM = 27.000000

Using SPARSE 1.3 as Direct Linear Solver

No. of Data Rows : 801
fcross              =  5.80265e+05
pmarg               =  7.83243e+01
tdc                 =  7.78571e+01
mode=3db  rload=100k  rsrc=2.571k  pos=1  C=47p
fcross = 5.802650e+05
pmarg = 7.832427e+01
tdc = 7.785712e+01
Doing analysis at TEMP = 27.000000 and TNOM = 27.000000

Using SPARSE 1.3 as Direct Linear Solver

No. of Data Rows : 801
fcross              =  5.80899e+05
pmarg               =  7.81508e+01
tdc                 =  7.78571e+01
mode=3db  rload=100k  rsrc=2.571k  pos=1  C=100p
fcross = 5.808986e+05
pmarg = 7.815080e+01
tdc = 7.785711e+01
Doing analysis at TEMP = 27.000000 and TNOM = 27.000000

Using SPARSE 1.3 as Direct Linear Solver

No. of Data Rows : 801
fcross              =  5.82201e+05
pmarg               =  7.77579e+01
tdc                 =  7.78571e+01
mode=3db  rload=100k  rsrc=2.571k  pos=1  C=220p
fcross = 5.822009e+05
pmarg = 7.775793e+01
tdc = 7.785711e+01
Doing analysis at TEMP = 27.000000 and TNOM = 27.000000

Using SPARSE 1.3 as Direct Linear Solver

No. of Data Rows : 801
fcross              =  5.84289e+05
pmarg               =  7.69457e+01
tdc                 =  7.78571e+01
mode=3db  rload=100k  rsrc=2.571k  pos=1  C=470p
fcross = 5.842889e+05
pmarg = 7.694570e+01
tdc = 7.785711e+01
Doing analysis at TEMP = 27.000000 and TNOM = 27.000000

Using SPARSE 1.3 as Direct Linear Solver

No. of Data Rows : 801
fcross              =  5.85741e+05
pmarg               =  7.53161e+01
tdc                 =  7.78571e+01
mode=3db  rload=100k  rsrc=2.571k  pos=1  C=1n
fcross = 5.857415e+05
pmarg = 7.531606e+01
tdc = 7.785711e+01
Doing analysis at TEMP = 27.000000 and TNOM = 27.000000

Using SPARSE 1.3 as Direct Linear Solver

No. of Data Rows : 801
fcross              =  5.83516e+05
pmarg               =  7.39894e+01
tdc                 =  7.78571e+01
mode=3db  rload=100k  rsrc=2.571k  pos=1  C=1.5n
fcross = 5.835160e+05
pmarg = 7.398941e+01
tdc = 7.785710e+01
Doing analysis at TEMP = 27.000000 and TNOM = 27.000000

Using SPARSE 1.3 as Direct Linear Solver

No. of Data Rows : 801
fcross              =  5.75818e+05
pmarg               =  7.25866e+01
tdc                 =  7.78571e+01
mode=3db  rload=100k  rsrc=2.571k  pos=1  C=2.2n
fcross = 5.758176e+05
pmarg = 7.258660e+01
tdc = 7.785710e+01
Doing analysis at TEMP = 27.000000 and TNOM = 27.000000

Using SPARSE 1.3 as Direct Linear Solver

No. of Data Rows : 801
fcross              =  5.68414e+05
pmarg               =  7.18999e+01
tdc                 =  7.78571e+01
mode=3db  rload=100k  rsrc=2.571k  pos=1  C=2.7n
fcross = 5.684143e+05
pmarg = 7.189992e+01
tdc = 7.785709e+01
Doing analysis at TEMP = 27.000000 and TNOM = 27.000000

Using SPARSE 1.3 as Direct Linear Solver

No. of Data Rows : 801
fcross              =  5.58611e+05
pmarg               =  7.13696e+01
tdc                 =  7.78571e+01
mode=3db  rload=100k  rsrc=2.571k  pos=1  C=3.3n
fcross = 5.586105e+05
pmarg = 7.136964e+01
tdc = 7.785709e+01
Doing analysis at TEMP = 27.000000 and TNOM = 27.000000

Using SPARSE 1.3 as Direct Linear Solver

No. of Data Rows : 801
fcross              =  5.36217e+05
pmarg               =  7.09689e+01
tdc                 =  7.78571e+01
mode=3db  rload=100k  rsrc=2.571k  pos=1  C=4.7n
fcross = 5.362171e+05
pmarg = 7.096890e+01
tdc = 7.785707e+01
Doing analysis at TEMP = 27.000000 and TNOM = 27.000000

Using SPARSE 1.3 as Direct Linear Solver

No. of Data Rows : 801
fcross              =  5.79674e+05
pmarg               =  7.84779e+01
tdc                 =  7.78571e+01
mode=3db  rload=100k  rsrc=2.571k  pos=2  C=1f
fcross = 5.796742e+05
pmarg = 7.847788e+01
tdc = 7.785712e+01
Doing analysis at TEMP = 27.000000 and TNOM = 27.000000

Using SPARSE 1.3 as Direct Linear Solver

No. of Data Rows : 801
fcross              =  5.80279e+05
pmarg               =  7.83239e+01
tdc                 =  7.78571e+01
mode=3db  rload=100k  rsrc=2.571k  pos=2  C=47p
fcross = 5.802788e+05
pmarg = 7.832394e+01
tdc = 7.785711e+01
Doing analysis at TEMP = 27.000000 and TNOM = 27.000000

Using SPARSE 1.3 as Direct Linear Solver

No. of Data Rows : 801
fcross              =  5.80960e+05
pmarg               =  7.81497e+01
tdc                 =  7.78571e+01
mode=3db  rload=100k  rsrc=2.571k  pos=2  C=100p
fcross = 5.809598e+05
pmarg = 7.814974e+01
tdc = 7.785711e+01
Doing analysis at TEMP = 27.000000 and TNOM = 27.000000

Using SPARSE 1.3 as Direct Linear Solver

No. of Data Rows : 801
fcross              =  5.82499e+05
pmarg               =  7.77530e+01
tdc                 =  7.78571e+01
mode=3db  rload=100k  rsrc=2.571k  pos=2  C=220p
fcross = 5.824986e+05
pmarg = 7.775299e+01
tdc = 7.785711e+01
Doing analysis at TEMP = 27.000000 and TNOM = 27.000000

Using SPARSE 1.3 as Direct Linear Solver

No. of Data Rows : 801
fcross              =  5.85687e+05
pmarg               =  7.69161e+01
tdc                 =  7.78571e+01
mode=3db  rload=100k  rsrc=2.571k  pos=2  C=470p
fcross = 5.856875e+05
pmarg = 7.691608e+01
tdc = 7.785711e+01
Doing analysis at TEMP = 27.000000 and TNOM = 27.000000

Using SPARSE 1.3 as Direct Linear Solver

No. of Data Rows : 801
fcross              =  5.92433e+05
pmarg               =  7.50923e+01
tdc                 =  7.78571e+01
mode=3db  rload=100k  rsrc=2.571k  pos=2  C=1n
fcross = 5.924333e+05
pmarg = 7.509228e+01
tdc = 7.785709e+01
Doing analysis at TEMP = 27.000000 and TNOM = 27.000000

Using SPARSE 1.3 as Direct Linear Solver
 Reference value :  4.07380e+07
No. of Data Rows : 801
fcross              =  5.98697e+05
pmarg               =  7.33127e+01
tdc                 =  7.78571e+01
mode=3db  rload=100k  rsrc=2.571k  pos=2  C=1.5n
fcross = 5.986970e+05
pmarg = 7.331266e+01
tdc = 7.785708e+01
Doing analysis at TEMP = 27.000000 and TNOM = 27.000000

Using SPARSE 1.3 as Direct Linear Solver

No. of Data Rows : 801
fcross              =  6.07175e+05
pmarg               =  7.07306e+01
tdc                 =  7.78571e+01
mode=3db  rload=100k  rsrc=2.571k  pos=2  C=2.2n
fcross = 6.071754e+05
pmarg = 7.073061e+01
tdc = 7.785707e+01
Doing analysis at TEMP = 27.000000 and TNOM = 27.000000

Using SPARSE 1.3 as Direct Linear Solver

No. of Data Rows : 801
fcross              =  6.12904e+05
pmarg               =  6.88292e+01
tdc                 =  7.78571e+01
mode=3db  rload=100k  rsrc=2.571k  pos=2  C=2.7n
fcross = 6.129041e+05
pmarg = 6.882919e+01
tdc = 7.785706e+01
Doing analysis at TEMP = 27.000000 and TNOM = 27.000000

Using SPARSE 1.3 as Direct Linear Solver

No. of Data Rows : 801
fcross              =  6.19278e+05
pmarg               =  6.64967e+01
tdc                 =  7.78570e+01
mode=3db  rload=100k  rsrc=2.571k  pos=2  C=3.3n
fcross = 6.192781e+05
pmarg = 6.649672e+01
tdc = 7.785704e+01
Doing analysis at TEMP = 27.000000 and TNOM = 27.000000

Using SPARSE 1.3 as Direct Linear Solver

No. of Data Rows : 801
fcross              =  6.31060e+05
pmarg               =  6.09494e+01
tdc                 =  7.78570e+01
mode=3db  rload=100k  rsrc=2.571k  pos=2  C=4.7n
fcross = 6.310603e+05
pmarg = 6.094939e+01
tdc = 7.785701e+01
Doing analysis at TEMP = 27.000000 and TNOM = 27.000000

Using SPARSE 1.3 as Direct Linear Solver

No. of Data Rows : 801
fcross              =  5.79672e+05
pmarg               =  7.84707e+01
tdc                 =  7.78571e+01
mode=3db  rload=100k  rsrc=2.611k  pos=1  C=1f
fcross = 5.796715e+05
pmarg = 7.847072e+01
tdc = 7.785712e+01
Doing analysis at TEMP = 27.000000 and TNOM = 27.000000

Using SPARSE 1.3 as Direct Linear Solver

No. of Data Rows : 801
fcross              =  5.80262e+05
pmarg               =  7.83171e+01
tdc                 =  7.78571e+01
mode=3db  rload=100k  rsrc=2.611k  pos=1  C=47p
fcross = 5.802623e+05
pmarg = 7.831710e+01
tdc = 7.785712e+01
Doing analysis at TEMP = 27.000000 and TNOM = 27.000000

Using SPARSE 1.3 as Direct Linear Solver

No. of Data Rows : 801
fcross              =  5.80896e+05
pmarg               =  7.81436e+01
tdc                 =  7.78571e+01
mode=3db  rload=100k  rsrc=2.611k  pos=1  C=100p
fcross = 5.808959e+05
pmarg = 7.814363e+01
tdc = 7.785711e+01
Doing analysis at TEMP = 27.000000 and TNOM = 27.000000

Using SPARSE 1.3 as Direct Linear Solver

No. of Data Rows : 801
fcross              =  5.82198e+05
pmarg               =  7.77507e+01
tdc                 =  7.78571e+01
mode=3db  rload=100k  rsrc=2.611k  pos=1  C=220p
fcross = 5.821981e+05
pmarg = 7.775075e+01
tdc = 7.785711e+01
Doing analysis at TEMP = 27.000000 and TNOM = 27.000000

Using SPARSE 1.3 as Direct Linear Solver

No. of Data Rows : 801
fcross              =  5.84286e+05
pmarg               =  7.69385e+01
tdc                 =  7.78571e+01
mode=3db  rload=100k  rsrc=2.611k  pos=1  C=470p
fcross = 5.842861e+05
pmarg = 7.693850e+01
tdc = 7.785711e+01
Doing analysis at TEMP = 27.000000 and TNOM = 27.000000

Using SPARSE 1.3 as Direct Linear Solver

No. of Data Rows : 801
fcross              =  5.85739e+05
pmarg               =  7.53088e+01
tdc                 =  7.78571e+01
mode=3db  rload=100k  rsrc=2.611k  pos=1  C=1n
fcross = 5.857387e+05
pmarg = 7.530884e+01
tdc = 7.785711e+01
Doing analysis at TEMP = 27.000000 and TNOM = 27.000000

Using SPARSE 1.3 as Direct Linear Solver

No. of Data Rows : 801
fcross              =  5.83513e+05
pmarg               =  7.39822e+01
tdc                 =  7.78571e+01
mode=3db  rload=100k  rsrc=2.611k  pos=1  C=1.5n
fcross = 5.835133e+05
pmarg = 7.398223e+01
tdc = 7.785710e+01
Doing analysis at TEMP = 27.000000 and TNOM = 27.000000

Using SPARSE 1.3 as Direct Linear Solver

No. of Data Rows : 801
fcross              =  5.75815e+05
pmarg               =  7.25795e+01
tdc                 =  7.78571e+01
mode=3db  rload=100k  rsrc=2.611k  pos=1  C=2.2n
fcross = 5.758150e+05
pmarg = 7.257951e+01
tdc = 7.785710e+01
Doing analysis at TEMP = 27.000000 and TNOM = 27.000000

Using SPARSE 1.3 as Direct Linear Solver

No. of Data Rows : 801
fcross              =  5.68412e+05
pmarg               =  7.18929e+01
tdc                 =  7.78571e+01
mode=3db  rload=100k  rsrc=2.611k  pos=1  C=2.7n
fcross = 5.684119e+05
pmarg = 7.189292e+01
tdc = 7.785709e+01
Doing analysis at TEMP = 27.000000 and TNOM = 27.000000

Using SPARSE 1.3 as Direct Linear Solver

No. of Data Rows : 801
fcross              =  5.58608e+05
pmarg               =  7.13628e+01
tdc                 =  7.78571e+01
mode=3db  rload=100k  rsrc=2.611k  pos=1  C=3.3n
fcross = 5.586083e+05
pmarg = 7.136275e+01
tdc = 7.785709e+01
Doing analysis at TEMP = 27.000000 and TNOM = 27.000000

Using SPARSE 1.3 as Direct Linear Solver

No. of Data Rows : 801
fcross              =  5.36215e+05
pmarg               =  7.09623e+01
tdc                 =  7.78571e+01
mode=3db  rload=100k  rsrc=2.611k  pos=1  C=4.7n
fcross = 5.362152e+05
pmarg = 7.096227e+01
tdc = 7.785707e+01
Doing analysis at TEMP = 27.000000 and TNOM = 27.000000

Using SPARSE 1.3 as Direct Linear Solver

No. of Data Rows : 801
fcross              =  5.79672e+05
pmarg               =  7.84707e+01
tdc                 =  7.78571e+01
mode=3db  rload=100k  rsrc=2.611k  pos=2  C=1f
fcross = 5.796715e+05
pmarg = 7.847072e+01
tdc = 7.785712e+01
Doing analysis at TEMP = 27.000000 and TNOM = 27.000000

Using SPARSE 1.3 as Direct Linear Solver

No. of Data Rows : 801
fcross              =  5.80276e+05
pmarg               =  7.83168e+01
tdc                 =  7.78571e+01
mode=3db  rload=100k  rsrc=2.611k  pos=2  C=47p
fcross = 5.802761e+05
pmarg = 7.831677e+01
tdc = 7.785711e+01
Doing analysis at TEMP = 27.000000 and TNOM = 27.000000

Using SPARSE 1.3 as Direct Linear Solver

No. of Data Rows : 801
fcross              =  5.80957e+05
pmarg               =  7.81426e+01
tdc                 =  7.78571e+01
mode=3db  rload=100k  rsrc=2.611k  pos=2  C=100p
fcross = 5.809571e+05
pmarg = 7.814257e+01
tdc = 7.785711e+01
Doing analysis at TEMP = 27.000000 and TNOM = 27.000000

Using SPARSE 1.3 as Direct Linear Solver

No. of Data Rows : 801
fcross              =  5.82496e+05
pmarg               =  7.77458e+01
tdc                 =  7.78571e+01
mode=3db  rload=100k  rsrc=2.611k  pos=2  C=220p
fcross = 5.824959e+05
pmarg = 7.774581e+01
tdc = 7.785711e+01
Doing analysis at TEMP = 27.000000 and TNOM = 27.000000

Using SPARSE 1.3 as Direct Linear Solver

No. of Data Rows : 801
fcross              =  5.85685e+05
pmarg               =  7.69089e+01
tdc                 =  7.78571e+01
mode=3db  rload=100k  rsrc=2.611k  pos=2  C=470p
fcross = 5.856847e+05
pmarg = 7.690885e+01
tdc = 7.785711e+01
Doing analysis at TEMP = 27.000000 and TNOM = 27.000000

Using SPARSE 1.3 as Direct Linear Solver

No. of Data Rows : 801
fcross              =  5.92430e+05
pmarg               =  7.50850e+01
tdc                 =  7.78571e+01
mode=3db  rload=100k  rsrc=2.611k  pos=2  C=1n
fcross = 5.924303e+05
pmarg = 7.508499e+01
tdc = 7.785709e+01
Doing analysis at TEMP = 27.000000 and TNOM = 27.000000

Using SPARSE 1.3 as Direct Linear Solver

No. of Data Rows : 801
fcross              =  5.98694e+05
pmarg               =  7.33053e+01
tdc                 =  7.78571e+01
mode=3db  rload=100k  rsrc=2.611k  pos=2  C=1.5n
fcross = 5.986939e+05
pmarg = 7.330531e+01
tdc = 7.785708e+01
Doing analysis at TEMP = 27.000000 and TNOM = 27.000000

Using SPARSE 1.3 as Direct Linear Solver

No. of Data Rows : 801
fcross              =  6.07172e+05
pmarg               =  7.07232e+01
tdc                 =  7.78571e+01
mode=3db  rload=100k  rsrc=2.611k  pos=2  C=2.2n
fcross = 6.071720e+05
pmarg = 7.072318e+01
tdc = 7.785707e+01
Doing analysis at TEMP = 27.000000 and TNOM = 27.000000

Using SPARSE 1.3 as Direct Linear Solver

No. of Data Rows : 801
fcross              =  6.12901e+05
pmarg               =  6.88217e+01
tdc                 =  7.78571e+01
mode=3db  rload=100k  rsrc=2.611k  pos=2  C=2.7n
fcross = 6.129006e+05
pmarg = 6.882171e+01
tdc = 7.785706e+01
Doing analysis at TEMP = 27.000000 and TNOM = 27.000000

Using SPARSE 1.3 as Direct Linear Solver

No. of Data Rows : 801
fcross              =  6.19274e+05
pmarg               =  6.64892e+01
tdc                 =  7.78570e+01
mode=3db  rload=100k  rsrc=2.611k  pos=2  C=3.3n
fcross = 6.192744e+05
pmarg = 6.648918e+01
tdc = 7.785704e+01
Doing analysis at TEMP = 27.000000 and TNOM = 27.000000

Using SPARSE 1.3 as Direct Linear Solver

No. of Data Rows : 801
fcross              =  6.31056e+05
pmarg               =  6.09418e+01
tdc                 =  7.78570e+01
mode=3db  rload=100k  rsrc=2.611k  pos=2  C=4.7n
fcross = 6.310562e+05
pmarg = 6.094176e+01
tdc = 7.785701e+01
Doing analysis at TEMP = 27.000000 and TNOM = 27.000000

Using SPARSE 1.3 as Direct Linear Solver

No. of Data Rows : 801
fcross              =  5.78933e+05
pmarg               =  7.89480e+01
tdc                 =  7.76773e+01
mode=3db  rload=10k  rsrc=1m  pos=1  C=1f
fcross = 5.789332e+05
pmarg = 7.894799e+01
tdc = 7.767729e+01
Doing analysis at TEMP = 27.000000 and TNOM = 27.000000

Using SPARSE 1.3 as Direct Linear Solver

No. of Data Rows : 801
fcross              =  5.79516e+05
pmarg               =  7.87965e+01
tdc                 =  7.76773e+01
mode=3db  rload=10k  rsrc=1m  pos=1  C=47p
fcross = 5.795163e+05
pmarg = 7.879653e+01
tdc = 7.767729e+01
Doing analysis at TEMP = 27.000000 and TNOM = 27.000000

Using SPARSE 1.3 as Direct Linear Solver

No. of Data Rows : 801
fcross              =  5.80142e+05
pmarg               =  7.86255e+01
tdc                 =  7.76773e+01
mode=3db  rload=10k  rsrc=1m  pos=1  C=100p
fcross = 5.801417e+05
pmarg = 7.862549e+01
tdc = 7.767730e+01
Doing analysis at TEMP = 27.000000 and TNOM = 27.000000

Using SPARSE 1.3 as Direct Linear Solver

No. of Data Rows : 801
fcross              =  5.81428e+05
pmarg               =  7.82380e+01
tdc                 =  7.76773e+01
mode=3db  rload=10k  rsrc=1m  pos=1  C=220p
fcross = 5.814277e+05
pmarg = 7.823802e+01
tdc = 7.767730e+01
Doing analysis at TEMP = 27.000000 and TNOM = 27.000000

Using SPARSE 1.3 as Direct Linear Solver

No. of Data Rows : 801
fcross              =  5.83492e+05
pmarg               =  7.74365e+01
tdc                 =  7.76773e+01
mode=3db  rload=10k  rsrc=1m  pos=1  C=470p
fcross = 5.834924e+05
pmarg = 7.743651e+01
tdc = 7.767732e+01
Doing analysis at TEMP = 27.000000 and TNOM = 27.000000

Using SPARSE 1.3 as Direct Linear Solver

No. of Data Rows : 801
fcross              =  5.84947e+05
pmarg               =  7.58254e+01
tdc                 =  7.76773e+01
mode=3db  rload=10k  rsrc=1m  pos=1  C=1n
fcross = 5.849470e+05
pmarg = 7.582544e+01
tdc = 7.767735e+01
Doing analysis at TEMP = 27.000000 and TNOM = 27.000000

Using SPARSE 1.3 as Direct Linear Solver

No. of Data Rows : 801
fcross              =  5.82782e+05
pmarg               =  7.45091e+01
tdc                 =  7.76774e+01
mode=3db  rload=10k  rsrc=1m  pos=1  C=1.5n
fcross = 5.827817e+05
pmarg = 7.450913e+01
tdc = 7.767738e+01
Doing analysis at TEMP = 27.000000 and TNOM = 27.000000

Using SPARSE 1.3 as Direct Linear Solver

No. of Data Rows : 801
fcross              =  5.75229e+05
pmarg               =  7.31084e+01
tdc                 =  7.76774e+01
mode=3db  rload=10k  rsrc=1m  pos=1  C=2.2n
fcross = 5.752286e+05
pmarg = 7.310840e+01
tdc = 7.767742e+01
Doing analysis at TEMP = 27.000000 and TNOM = 27.000000

Using SPARSE 1.3 as Direct Linear Solver

No. of Data Rows : 801
fcross              =  5.67942e+05
pmarg               =  7.24166e+01
tdc                 =  7.76774e+01
mode=3db  rload=10k  rsrc=1m  pos=1  C=2.7n
fcross = 5.679421e+05
pmarg = 7.241661e+01
tdc = 7.767745e+01
Doing analysis at TEMP = 27.000000 and TNOM = 27.000000

Using SPARSE 1.3 as Direct Linear Solver

No. of Data Rows : 801
fcross              =  5.58267e+05
pmarg               =  7.18762e+01
tdc                 =  7.76775e+01
mode=3db  rload=10k  rsrc=1m  pos=1  C=3.3n
fcross = 5.582668e+05
pmarg = 7.187615e+01
tdc = 7.767748e+01
Doing analysis at TEMP = 27.000000 and TNOM = 27.000000

Using SPARSE 1.3 as Direct Linear Solver

No. of Data Rows : 801
fcross              =  5.36085e+05
pmarg               =  7.14471e+01
tdc                 =  7.76776e+01
mode=3db  rload=10k  rsrc=1m  pos=1  C=4.7n
fcross = 5.360848e+05
pmarg = 7.144709e+01
tdc = 7.767756e+01
Doing analysis at TEMP = 27.000000 and TNOM = 27.000000

Using SPARSE 1.3 as Direct Linear Solver

No. of Data Rows : 801
fcross              =  5.78933e+05
pmarg               =  7.89480e+01
tdc                 =  7.76773e+01
mode=3db  rload=10k  rsrc=1m  pos=2  C=1f
fcross = 5.789332e+05
pmarg = 7.894799e+01
tdc = 7.767729e+01
Doing analysis at TEMP = 27.000000 and TNOM = 27.000000

Using SPARSE 1.3 as Direct Linear Solver

No. of Data Rows : 801
fcross              =  5.79535e+05
pmarg               =  7.87949e+01
tdc                 =  7.76773e+01
mode=3db  rload=10k  rsrc=1m  pos=2  C=47p
fcross = 5.795349e+05
pmarg = 7.879493e+01
tdc = 7.767729e+01
Doing analysis at TEMP = 27.000000 and TNOM = 27.000000

Using SPARSE 1.3 as Direct Linear Solver

No. of Data Rows : 801
fcross              =  5.80213e+05
pmarg               =  7.86217e+01
tdc                 =  7.76773e+01
mode=3db  rload=10k  rsrc=1m  pos=2  C=100p
fcross = 5.802127e+05
pmarg = 7.862174e+01
tdc = 7.767729e+01
Doing analysis at TEMP = 27.000000 and TNOM = 27.000000

Using SPARSE 1.3 as Direct Linear Solver

No. of Data Rows : 801
fcross              =  5.81744e+05
pmarg               =  7.82273e+01
tdc                 =  7.76773e+01
mode=3db  rload=10k  rsrc=1m  pos=2  C=220p
fcross = 5.817441e+05
pmarg = 7.822728e+01
tdc = 7.767728e+01
Doing analysis at TEMP = 27.000000 and TNOM = 27.000000

Using SPARSE 1.3 as Direct Linear Solver

No. of Data Rows : 801
fcross              =  5.84917e+05
pmarg               =  7.73952e+01
tdc                 =  7.76773e+01
mode=3db  rload=10k  rsrc=1m  pos=2  C=470p
fcross = 5.849174e+05
pmarg = 7.739518e+01
tdc = 7.767728e+01
Doing analysis at TEMP = 27.000000 and TNOM = 27.000000

Using SPARSE 1.3 as Direct Linear Solver

No. of Data Rows : 801
fcross              =  5.91610e+05
pmarg               =  7.55829e+01
tdc                 =  7.76773e+01
mode=3db  rload=10k  rsrc=1m  pos=2  C=1n
fcross = 5.916098e+05
pmarg = 7.558286e+01
tdc = 7.767727e+01
Doing analysis at TEMP = 27.000000 and TNOM = 27.000000

Using SPARSE 1.3 as Direct Linear Solver

No. of Data Rows : 801
fcross              =  5.97841e+05
pmarg               =  7.38137e+01
tdc                 =  7.76773e+01
mode=3db  rload=10k  rsrc=1m  pos=2  C=1.5n
fcross = 5.978405e+05
pmarg = 7.381370e+01
tdc = 7.767726e+01
Doing analysis at TEMP = 27.000000 and TNOM = 27.000000

Using SPARSE 1.3 as Direct Linear Solver

No. of Data Rows : 801
fcross              =  6.06249e+05
pmarg               =  7.12482e+01
tdc                 =  7.76772e+01
mode=3db  rload=10k  rsrc=1m  pos=2  C=2.2n
fcross = 6.062486e+05
pmarg = 7.124816e+01
tdc = 7.767724e+01
Doing analysis at TEMP = 27.000000 and TNOM = 27.000000

Using SPARSE 1.3 as Direct Linear Solver

No. of Data Rows : 801
fcross              =  6.11945e+05
pmarg               =  6.93580e+01
tdc                 =  7.76772e+01
mode=3db  rload=10k  rsrc=1m  pos=2  C=2.7n
fcross = 6.119448e+05
pmarg = 6.935797e+01
tdc = 7.767723e+01
Doing analysis at TEMP = 27.000000 and TNOM = 27.000000

Using SPARSE 1.3 as Direct Linear Solver

No. of Data Rows : 801
fcross              =  6.18253e+05
pmarg               =  6.70410e+01
tdc                 =  7.76772e+01
mode=3db  rload=10k  rsrc=1m  pos=2  C=3.3n
fcross = 6.182532e+05
pmarg = 6.704097e+01
tdc = 7.767721e+01
Doing analysis at TEMP = 27.000000 and TNOM = 27.000000

Using SPARSE 1.3 as Direct Linear Solver

No. of Data Rows : 801
fcross              =  6.29966e+05
pmarg               =  6.15247e+01
tdc                 =  7.76772e+01
mode=3db  rload=10k  rsrc=1m  pos=2  C=4.7n
fcross = 6.299657e+05
pmarg = 6.152469e+01
tdc = 7.767718e+01
Doing analysis at TEMP = 27.000000 and TNOM = 27.000000

Using SPARSE 1.3 as Direct Linear Solver

No. of Data Rows : 801
fcross              =  5.78912e+05
pmarg               =  7.87667e+01
tdc                 =  7.76773e+01
mode=3db  rload=10k  rsrc=1k  pos=1  C=1f
fcross = 5.789121e+05
pmarg = 7.876665e+01
tdc = 7.767729e+01
Doing analysis at TEMP = 27.000000 and TNOM = 27.000000

Using SPARSE 1.3 as Direct Linear Solver

No. of Data Rows : 801
fcross              =  5.79495e+05
pmarg               =  7.86150e+01
tdc                 =  7.76773e+01
mode=3db  rload=10k  rsrc=1k  pos=1  C=47p
fcross = 5.794951e+05
pmarg = 7.861502e+01
tdc = 7.767729e+01
Doing analysis at TEMP = 27.000000 and TNOM = 27.000000

Using SPARSE 1.3 as Direct Linear Solver

No. of Data Rows : 801
fcross              =  5.80120e+05
pmarg               =  7.84438e+01
tdc                 =  7.76773e+01
mode=3db  rload=10k  rsrc=1k  pos=1  C=100p
fcross = 5.801205e+05
pmarg = 7.844379e+01
tdc = 7.767730e+01
Doing analysis at TEMP = 27.000000 and TNOM = 27.000000

Using SPARSE 1.3 as Direct Linear Solver

No. of Data Rows : 801
fcross              =  5.81406e+05
pmarg               =  7.80559e+01
tdc                 =  7.76773e+01
mode=3db  rload=10k  rsrc=1k  pos=1  C=220p
fcross = 5.814063e+05
pmarg = 7.805594e+01
tdc = 7.767730e+01
Doing analysis at TEMP = 27.000000 and TNOM = 27.000000

Using SPARSE 1.3 as Direct Linear Solver

No. of Data Rows : 801
fcross              =  5.83471e+05
pmarg               =  7.72538e+01
tdc                 =  7.76773e+01
mode=3db  rload=10k  rsrc=1k  pos=1  C=470p
fcross = 5.834707e+05
pmarg = 7.725381e+01
tdc = 7.767732e+01
Doing analysis at TEMP = 27.000000 and TNOM = 27.000000

Using SPARSE 1.3 as Direct Linear Solver

No. of Data Rows : 801
fcross              =  5.84925e+05
pmarg               =  7.56423e+01
tdc                 =  7.76773e+01
mode=3db  rload=10k  rsrc=1k  pos=1  C=1n
fcross = 5.849252e+05
pmarg = 7.564234e+01
tdc = 7.767735e+01
Doing analysis at TEMP = 27.000000 and TNOM = 27.000000

Using SPARSE 1.3 as Direct Linear Solver

No. of Data Rows : 801
fcross              =  5.82760e+05
pmarg               =  7.43268e+01
tdc                 =  7.76774e+01
mode=3db  rload=10k  rsrc=1k  pos=1  C=1.5n
fcross = 5.827604e+05
pmarg = 7.432675e+01
tdc = 7.767738e+01
Doing analysis at TEMP = 27.000000 and TNOM = 27.000000

Using SPARSE 1.3 as Direct Linear Solver

No. of Data Rows : 801
fcross              =  5.75209e+05
pmarg               =  7.29284e+01
tdc                 =  7.76774e+01
mode=3db  rload=10k  rsrc=1k  pos=1  C=2.2n
fcross = 5.752089e+05
pmarg = 7.292837e+01
tdc = 7.767742e+01
Doing analysis at TEMP = 27.000000 and TNOM = 27.000000

Using SPARSE 1.3 as Direct Linear Solver

No. of Data Rows : 801
fcross              =  5.67923e+05
pmarg               =  7.22388e+01
tdc                 =  7.76774e+01
mode=3db  rload=10k  rsrc=1k  pos=1  C=2.7n
fcross = 5.679234e+05
pmarg = 7.223884e+01
tdc = 7.767745e+01
Doing analysis at TEMP = 27.000000 and TNOM = 27.000000

Using SPARSE 1.3 as Direct Linear Solver

No. of Data Rows : 801
fcross              =  5.58250e+05
pmarg               =  7.17014e+01
tdc                 =  7.76775e+01
mode=3db  rload=10k  rsrc=1k  pos=1  C=3.3n
fcross = 5.582496e+05
pmarg = 7.170136e+01
tdc = 7.767748e+01
Doing analysis at TEMP = 27.000000 and TNOM = 27.000000

Using SPARSE 1.3 as Direct Linear Solver

No. of Data Rows : 801
fcross              =  5.36070e+05
pmarg               =  7.12791e+01
tdc                 =  7.76776e+01
mode=3db  rload=10k  rsrc=1k  pos=1  C=4.7n
fcross = 5.360702e+05
pmarg = 7.127913e+01
tdc = 7.767756e+01
Doing analysis at TEMP = 27.000000 and TNOM = 27.000000

Using SPARSE 1.3 as Direct Linear Solver

No. of Data Rows : 801
fcross              =  5.78912e+05
pmarg               =  7.87667e+01
tdc                 =  7.76773e+01
mode=3db  rload=10k  rsrc=1k  pos=2  C=1f
fcross = 5.789121e+05
pmarg = 7.876665e+01
tdc = 7.767729e+01
Doing analysis at TEMP = 27.000000 and TNOM = 27.000000

Using SPARSE 1.3 as Direct Linear Solver

No. of Data Rows : 801
fcross              =  5.79514e+05
pmarg               =  7.86134e+01
tdc                 =  7.76773e+01
mode=3db  rload=10k  rsrc=1k  pos=2  C=47p
fcross = 5.795137e+05
pmarg = 7.861341e+01
tdc = 7.767729e+01
Doing analysis at TEMP = 27.000000 and TNOM = 27.000000

Using SPARSE 1.3 as Direct Linear Solver

No. of Data Rows : 801
fcross              =  5.80191e+05
pmarg               =  7.84400e+01
tdc                 =  7.76773e+01
mode=3db  rload=10k  rsrc=1k  pos=2  C=100p
fcross = 5.801914e+05
pmarg = 7.844001e+01
tdc = 7.767729e+01
Doing analysis at TEMP = 27.000000 and TNOM = 27.000000

Using SPARSE 1.3 as Direct Linear Solver

No. of Data Rows : 801
fcross              =  5.81723e+05
pmarg               =  7.80451e+01
tdc                 =  7.76773e+01
mode=3db  rload=10k  rsrc=1k  pos=2  C=220p
fcross = 5.817226e+05
pmarg = 7.804509e+01
tdc = 7.767728e+01
Doing analysis at TEMP = 27.000000 and TNOM = 27.000000

Using SPARSE 1.3 as Direct Linear Solver

No. of Data Rows : 801
fcross              =  5.84896e+05
pmarg               =  7.72120e+01
tdc                 =  7.76773e+01
mode=3db  rload=10k  rsrc=1k  pos=2  C=470p
fcross = 5.848955e+05
pmarg = 7.721204e+01
tdc = 7.767728e+01
Doing analysis at TEMP = 27.000000 and TNOM = 27.000000

Using SPARSE 1.3 as Direct Linear Solver

No. of Data Rows : 801
fcross              =  5.91586e+05
pmarg               =  7.53977e+01
tdc                 =  7.76773e+01
mode=3db  rload=10k  rsrc=1k  pos=2  C=1n
fcross = 5.915864e+05
pmarg = 7.539773e+01
tdc = 7.767727e+01
Doing analysis at TEMP = 27.000000 and TNOM = 27.000000

Using SPARSE 1.3 as Direct Linear Solver

No. of Data Rows : 801
fcross              =  5.97816e+05
pmarg               =  7.36267e+01
tdc                 =  7.76773e+01
mode=3db  rload=10k  rsrc=1k  pos=2  C=1.5n
fcross = 5.978163e+05
pmarg = 7.362672e+01
tdc = 7.767726e+01
Doing analysis at TEMP = 27.000000 and TNOM = 27.000000

Using SPARSE 1.3 as Direct Linear Solver

No. of Data Rows : 801
fcross              =  6.06223e+05
pmarg               =  7.10587e+01
tdc                 =  7.76772e+01
mode=3db  rload=10k  rsrc=1k  pos=2  C=2.2n
fcross = 6.062225e+05
pmarg = 7.105872e+01
tdc = 7.767724e+01
Doing analysis at TEMP = 27.000000 and TNOM = 27.000000

Using SPARSE 1.3 as Direct Linear Solver

No. of Data Rows : 801
fcross              =  6.11918e+05
pmarg               =  6.91669e+01
tdc                 =  7.76772e+01
mode=3db  rload=10k  rsrc=1k  pos=2  C=2.7n
fcross = 6.119179e+05
pmarg = 6.916686e+01
tdc = 7.767723e+01
Doing analysis at TEMP = 27.000000 and TNOM = 27.000000

Using SPARSE 1.3 as Direct Linear Solver

No. of Data Rows : 801
fcross              =  6.18225e+05
pmarg               =  6.68481e+01
tdc                 =  7.76772e+01
mode=3db  rload=10k  rsrc=1k  pos=2  C=3.3n
fcross = 6.182247e+05
pmarg = 6.684808e+01
tdc = 7.767721e+01
Doing analysis at TEMP = 27.000000 and TNOM = 27.000000

Using SPARSE 1.3 as Direct Linear Solver

No. of Data Rows : 801
fcross              =  6.29936e+05
pmarg               =  6.13285e+01
tdc                 =  7.76772e+01
mode=3db  rload=10k  rsrc=1k  pos=2  C=4.7n
fcross = 6.299357e+05
pmarg = 6.132848e+01
tdc = 7.767718e+01
Doing analysis at TEMP = 27.000000 and TNOM = 27.000000

Using SPARSE 1.3 as Direct Linear Solver

No. of Data Rows : 801
fcross              =  5.78840e+05
pmarg               =  7.84970e+01
tdc                 =  7.76773e+01
mode=3db  rload=10k  rsrc=2.5k  pos=1  C=1f
fcross = 5.788396e+05
pmarg = 7.849698e+01
tdc = 7.767729e+01
Doing analysis at TEMP = 27.000000 and TNOM = 27.000000

Using SPARSE 1.3 as Direct Linear Solver

No. of Data Rows : 801
fcross              =  5.79422e+05
pmarg               =  7.83451e+01
tdc                 =  7.76773e+01
mode=3db  rload=10k  rsrc=2.5k  pos=1  C=47p
fcross = 5.794223e+05
pmarg = 7.834510e+01
tdc = 7.767729e+01
Doing analysis at TEMP = 27.000000 and TNOM = 27.000000

Using SPARSE 1.3 as Direct Linear Solver

No. of Data Rows : 801
fcross              =  5.80047e+05
pmarg               =  7.81736e+01
tdc                 =  7.76773e+01
mode=3db  rload=10k  rsrc=2.5k  pos=1  C=100p
fcross = 5.800474e+05
pmarg = 7.817361e+01
tdc = 7.767730e+01
Doing analysis at TEMP = 27.000000 and TNOM = 27.000000

Using SPARSE 1.3 as Direct Linear Solver
 Reference value :  2.45471e+03
No. of Data Rows : 801
fcross              =  5.81333e+05
pmarg               =  7.77852e+01
tdc                 =  7.76773e+01
mode=3db  rload=10k  rsrc=2.5k  pos=1  C=220p
fcross = 5.813326e+05
pmarg = 7.778522e+01
tdc = 7.767730e+01
Doing analysis at TEMP = 27.000000 and TNOM = 27.000000

Using SPARSE 1.3 as Direct Linear Solver

No. of Data Rows : 801
fcross              =  5.83396e+05
pmarg               =  7.69823e+01
tdc                 =  7.76773e+01
mode=3db  rload=10k  rsrc=2.5k  pos=1  C=470p
fcross = 5.833961e+05
pmarg = 7.698226e+01
tdc = 7.767732e+01
Doing analysis at TEMP = 27.000000 and TNOM = 27.000000

Using SPARSE 1.3 as Direct Linear Solver

No. of Data Rows : 801
fcross              =  5.84850e+05
pmarg               =  7.53704e+01
tdc                 =  7.76773e+01
mode=3db  rload=10k  rsrc=2.5k  pos=1  C=1n
fcross = 5.848501e+05
pmarg = 7.537036e+01
tdc = 7.767735e+01
Doing analysis at TEMP = 27.000000 and TNOM = 27.000000

Using SPARSE 1.3 as Direct Linear Solver

No. of Data Rows : 801
fcross              =  5.82687e+05
pmarg               =  7.40559e+01
tdc                 =  7.76774e+01
mode=3db  rload=10k  rsrc=2.5k  pos=1  C=1.5n
fcross = 5.826867e+05
pmarg = 7.405591e+01
tdc = 7.767738e+01
Doing analysis at TEMP = 27.000000 and TNOM = 27.000000

Using SPARSE 1.3 as Direct Linear Solver

No. of Data Rows : 801
fcross              =  5.75141e+05
pmarg               =  7.26610e+01
tdc                 =  7.76774e+01
mode=3db  rload=10k  rsrc=2.5k  pos=1  C=2.2n
fcross = 5.751406e+05
pmarg = 7.266100e+01
tdc = 7.767742e+01
Doing analysis at TEMP = 27.000000 and TNOM = 27.000000

Using SPARSE 1.3 as Direct Linear Solver

No. of Data Rows : 801
fcross              =  5.67858e+05
pmarg               =  7.19748e+01
tdc                 =  7.76774e+01
mode=3db  rload=10k  rsrc=2.5k  pos=1  C=2.7n
fcross = 5.678584e+05
pmarg = 7.197480e+01
tdc = 7.767745e+01
Doing analysis at TEMP = 27.000000 and TNOM = 27.000000

Using SPARSE 1.3 as Direct Linear Solver

No. of Data Rows : 801
fcross              =  5.58190e+05
pmarg               =  7.14416e+01
tdc                 =  7.76775e+01
mode=3db  rload=10k  rsrc=2.5k  pos=1  C=3.3n
fcross = 5.581897e+05
pmarg = 7.144164e+01
tdc = 7.767748e+01
Doing analysis at TEMP = 27.000000 and TNOM = 27.000000

Using SPARSE 1.3 as Direct Linear Solver

No. of Data Rows : 801
fcross              =  5.36019e+05
pmarg               =  7.10293e+01
tdc                 =  7.76776e+01
mode=3db  rload=10k  rsrc=2.5k  pos=1  C=4.7n
fcross = 5.360194e+05
pmarg = 7.102932e+01
tdc = 7.767756e+01
Doing analysis at TEMP = 27.000000 and TNOM = 27.000000

Using SPARSE 1.3 as Direct Linear Solver

No. of Data Rows : 801
fcross              =  5.78840e+05
pmarg               =  7.84970e+01
tdc                 =  7.76773e+01
mode=3db  rload=10k  rsrc=2.5k  pos=2  C=1f
fcross = 5.788396e+05
pmarg = 7.849698e+01
tdc = 7.767729e+01
Doing analysis at TEMP = 27.000000 and TNOM = 27.000000

Using SPARSE 1.3 as Direct Linear Solver

No. of Data Rows : 801
fcross              =  5.79441e+05
pmarg               =  7.83435e+01
tdc                 =  7.76773e+01
mode=3db  rload=10k  rsrc=2.5k  pos=2  C=47p
fcross = 5.794410e+05
pmarg = 7.834349e+01
tdc = 7.767729e+01
Doing analysis at TEMP = 27.000000 and TNOM = 27.000000

Using SPARSE 1.3 as Direct Linear Solver

No. of Data Rows : 801
fcross              =  5.80118e+05
pmarg               =  7.81698e+01
tdc                 =  7.76773e+01
mode=3db  rload=10k  rsrc=2.5k  pos=2  C=100p
fcross = 5.801183e+05
pmarg = 7.816980e+01
tdc = 7.767729e+01
Doing analysis at TEMP = 27.000000 and TNOM = 27.000000

Using SPARSE 1.3 as Direct Linear Solver

No. of Data Rows : 801
fcross              =  5.81649e+05
pmarg               =  7.77742e+01
tdc                 =  7.76773e+01
mode=3db  rload=10k  rsrc=2.5k  pos=2  C=220p
fcross = 5.816488e+05
pmarg = 7.777423e+01
tdc = 7.767728e+01
Doing analysis at TEMP = 27.000000 and TNOM = 27.000000

Using SPARSE 1.3 as Direct Linear Solver

No. of Data Rows : 801
fcross              =  5.84820e+05
pmarg               =  7.69398e+01
tdc                 =  7.76773e+01
mode=3db  rload=10k  rsrc=2.5k  pos=2  C=470p
fcross = 5.848201e+05
pmarg = 7.693985e+01
tdc = 7.767728e+01
Doing analysis at TEMP = 27.000000 and TNOM = 27.000000

Using SPARSE 1.3 as Direct Linear Solver

No. of Data Rows : 801
fcross              =  5.91506e+05
pmarg               =  7.51228e+01
tdc                 =  7.76773e+01
mode=3db  rload=10k  rsrc=2.5k  pos=2  C=1n
fcross = 5.915058e+05
pmarg = 7.512284e+01
tdc = 7.767727e+01
Doing analysis at TEMP = 27.000000 and TNOM = 27.000000

Using SPARSE 1.3 as Direct Linear Solver

No. of Data Rows : 801
fcross              =  5.97732e+05
pmarg               =  7.33493e+01
tdc                 =  7.76773e+01
mode=3db  rload=10k  rsrc=2.5k  pos=2  C=1.5n
fcross = 5.977324e+05
pmarg = 7.334927e+01
tdc = 7.767726e+01
Doing analysis at TEMP = 27.000000 and TNOM = 27.000000

Using SPARSE 1.3 as Direct Linear Solver

No. of Data Rows : 801
fcross              =  6.06132e+05
pmarg               =  7.07780e+01
tdc                 =  7.76772e+01
mode=3db  rload=10k  rsrc=2.5k  pos=2  C=2.2n
fcross = 6.061318e+05
pmarg = 7.077803e+01
tdc = 7.767724e+01
Doing analysis at TEMP = 27.000000 and TNOM = 27.000000

Using SPARSE 1.3 as Direct Linear Solver

No. of Data Rows : 801
fcross              =  6.11824e+05
pmarg               =  6.88840e+01
tdc                 =  7.76772e+01
mode=3db  rload=10k  rsrc=2.5k  pos=2  C=2.7n
fcross = 6.118240e+05
pmarg = 6.888395e+01
tdc = 7.767723e+01
Doing analysis at TEMP = 27.000000 and TNOM = 27.000000

Using SPARSE 1.3 as Direct Linear Solver

No. of Data Rows : 801
fcross              =  6.18124e+05
pmarg               =  6.65630e+01
tdc                 =  7.76772e+01
mode=3db  rload=10k  rsrc=2.5k  pos=2  C=3.3n
fcross = 6.181245e+05
pmarg = 6.656298e+01
tdc = 7.767721e+01
Doing analysis at TEMP = 27.000000 and TNOM = 27.000000

Using SPARSE 1.3 as Direct Linear Solver

No. of Data Rows : 801
fcross              =  6.29829e+05
pmarg               =  6.10393e+01
tdc                 =  7.76772e+01
mode=3db  rload=10k  rsrc=2.5k  pos=2  C=4.7n
fcross = 6.298295e+05
pmarg = 6.103928e+01
tdc = 7.767718e+01
Doing analysis at TEMP = 27.000000 and TNOM = 27.000000

Using SPARSE 1.3 as Direct Linear Solver

No. of Data Rows : 801
fcross              =  5.78835e+05
pmarg               =  7.84843e+01
tdc                 =  7.76773e+01
mode=3db  rload=10k  rsrc=2.571k  pos=1  C=1f
fcross = 5.788350e+05
pmarg = 7.848429e+01
tdc = 7.767729e+01
Doing analysis at TEMP = 27.000000 and TNOM = 27.000000

Using SPARSE 1.3 as Direct Linear Solver

No. of Data Rows : 801
fcross              =  5.79418e+05
pmarg               =  7.83324e+01
tdc                 =  7.76773e+01
mode=3db  rload=10k  rsrc=2.571k  pos=1  C=47p
fcross = 5.794177e+05
pmarg = 7.833240e+01
tdc = 7.767729e+01
Doing analysis at TEMP = 27.000000 and TNOM = 27.000000

Using SPARSE 1.3 as Direct Linear Solver

No. of Data Rows : 801
fcross              =  5.80043e+05
pmarg               =  7.81609e+01
tdc                 =  7.76773e+01
mode=3db  rload=10k  rsrc=2.571k  pos=1  C=100p
fcross = 5.800427e+05
pmarg = 7.816090e+01
tdc = 7.767730e+01
Doing analysis at TEMP = 27.000000 and TNOM = 27.000000

Using SPARSE 1.3 as Direct Linear Solver

No. of Data Rows : 801
fcross              =  5.81328e+05
pmarg               =  7.77725e+01
tdc                 =  7.76773e+01
mode=3db  rload=10k  rsrc=2.571k  pos=1  C=220p
fcross = 5.813279e+05
pmarg = 7.777248e+01
tdc = 7.767730e+01
Doing analysis at TEMP = 27.000000 and TNOM = 27.000000

Using SPARSE 1.3 as Direct Linear Solver

No. of Data Rows : 801
fcross              =  5.83391e+05
pmarg               =  7.69695e+01
tdc                 =  7.76773e+01
mode=3db  rload=10k  rsrc=2.571k  pos=1  C=470p
fcross = 5.833913e+05
pmarg = 7.696949e+01
tdc = 7.767732e+01
Doing analysis at TEMP = 27.000000 and TNOM = 27.000000

Using SPARSE 1.3 as Direct Linear Solver

No. of Data Rows : 801
fcross              =  5.84845e+05
pmarg               =  7.53576e+01
tdc                 =  7.76773e+01
mode=3db  rload=10k  rsrc=2.571k  pos=1  C=1n
fcross = 5.848453e+05
pmarg = 7.535756e+01
tdc = 7.767735e+01
Doing analysis at TEMP = 27.000000 and TNOM = 27.000000

Using SPARSE 1.3 as Direct Linear Solver

No. of Data Rows : 801
fcross              =  5.82682e+05
pmarg               =  7.40432e+01
tdc                 =  7.76774e+01
mode=3db  rload=10k  rsrc=2.571k  pos=1  C=1.5n
fcross = 5.826820e+05
pmarg = 7.404318e+01
tdc = 7.767738e+01
Doing analysis at TEMP = 27.000000 and TNOM = 27.000000

Using SPARSE 1.3 as Direct Linear Solver

No. of Data Rows : 801
fcross              =  5.75136e+05
pmarg               =  7.26484e+01
tdc                 =  7.76774e+01
mode=3db  rload=10k  rsrc=2.571k  pos=1  C=2.2n
fcross = 5.751363e+05
pmarg = 7.264843e+01
tdc = 7.767742e+01
Doing analysis at TEMP = 27.000000 and TNOM = 27.000000

Using SPARSE 1.3 as Direct Linear Solver

No. of Data Rows : 801
fcross              =  5.67854e+05
pmarg               =  7.19624e+01
tdc                 =  7.76774e+01
mode=3db  rload=10k  rsrc=2.571k  pos=1  C=2.7n
fcross = 5.678542e+05
pmarg = 7.196238e+01
tdc = 7.767745e+01
Doing analysis at TEMP = 27.000000 and TNOM = 27.000000

Using SPARSE 1.3 as Direct Linear Solver

No. of Data Rows : 801
fcross              =  5.58186e+05
pmarg               =  7.14294e+01
tdc                 =  7.76775e+01
mode=3db  rload=10k  rsrc=2.571k  pos=1  C=3.3n
fcross = 5.581858e+05
pmarg = 7.142942e+01
tdc = 7.767748e+01
Doing analysis at TEMP = 27.000000 and TNOM = 27.000000

Using SPARSE 1.3 as Direct Linear Solver

No. of Data Rows : 801
fcross              =  5.36016e+05
pmarg               =  7.10176e+01
tdc                 =  7.76776e+01
mode=3db  rload=10k  rsrc=2.571k  pos=1  C=4.7n
fcross = 5.360162e+05
pmarg = 7.101756e+01
tdc = 7.767756e+01
Doing analysis at TEMP = 27.000000 and TNOM = 27.000000

Using SPARSE 1.3 as Direct Linear Solver

No. of Data Rows : 801
fcross              =  5.78835e+05
pmarg               =  7.84843e+01
tdc                 =  7.76773e+01
mode=3db  rload=10k  rsrc=2.571k  pos=2  C=1f
fcross = 5.788350e+05
pmarg = 7.848429e+01
tdc = 7.767729e+01
Doing analysis at TEMP = 27.000000 and TNOM = 27.000000

Using SPARSE 1.3 as Direct Linear Solver

No. of Data Rows : 801
fcross              =  5.79436e+05
pmarg               =  7.83308e+01
tdc                 =  7.76773e+01
mode=3db  rload=10k  rsrc=2.571k  pos=2  C=47p
fcross = 5.794363e+05
pmarg = 7.833078e+01
tdc = 7.767729e+01
Doing analysis at TEMP = 27.000000 and TNOM = 27.000000

Using SPARSE 1.3 as Direct Linear Solver

No. of Data Rows : 801
fcross              =  5.80114e+05
pmarg               =  7.81571e+01
tdc                 =  7.76773e+01
mode=3db  rload=10k  rsrc=2.571k  pos=2  C=100p
fcross = 5.801136e+05
pmarg = 7.815709e+01
tdc = 7.767729e+01
Doing analysis at TEMP = 27.000000 and TNOM = 27.000000

Using SPARSE 1.3 as Direct Linear Solver

No. of Data Rows : 801
fcross              =  5.81644e+05
pmarg               =  7.77615e+01
tdc                 =  7.76773e+01
mode=3db  rload=10k  rsrc=2.571k  pos=2  C=220p
fcross = 5.816440e+05
pmarg = 7.776149e+01
tdc = 7.767728e+01
Doing analysis at TEMP = 27.000000 and TNOM = 27.000000

Using SPARSE 1.3 as Direct Linear Solver

No. of Data Rows : 801
fcross              =  5.84815e+05
pmarg               =  7.69270e+01
tdc                 =  7.76773e+01
mode=3db  rload=10k  rsrc=2.571k  pos=2  C=470p
fcross = 5.848153e+05
pmarg = 7.692704e+01
tdc = 7.767728e+01
Doing analysis at TEMP = 27.000000 and TNOM = 27.000000

Using SPARSE 1.3 as Direct Linear Solver

No. of Data Rows : 801
fcross              =  5.91501e+05
pmarg               =  7.51099e+01
tdc                 =  7.76773e+01
mode=3db  rload=10k  rsrc=2.571k  pos=2  C=1n
fcross = 5.915006e+05
pmarg = 7.510991e+01
tdc = 7.767727e+01
Doing analysis at TEMP = 27.000000 and TNOM = 27.000000

Using SPARSE 1.3 as Direct Linear Solver

No. of Data Rows : 801
fcross              =  5.97727e+05
pmarg               =  7.33362e+01
tdc                 =  7.76773e+01
mode=3db  rload=10k  rsrc=2.571k  pos=2  C=1.5n
fcross = 5.977270e+05
pmarg = 7.333623e+01
tdc = 7.767726e+01
Doing analysis at TEMP = 27.000000 and TNOM = 27.000000

Using SPARSE 1.3 as Direct Linear Solver

No. of Data Rows : 801
fcross              =  6.06126e+05
pmarg               =  7.07649e+01
tdc                 =  7.76772e+01
mode=3db  rload=10k  rsrc=2.571k  pos=2  C=2.2n
fcross = 6.061260e+05
pmarg = 7.076485e+01
tdc = 7.767724e+01
Doing analysis at TEMP = 27.000000 and TNOM = 27.000000

Using SPARSE 1.3 as Direct Linear Solver

No. of Data Rows : 801
fcross              =  6.11818e+05
pmarg               =  6.88707e+01
tdc                 =  7.76772e+01
mode=3db  rload=10k  rsrc=2.571k  pos=2  C=2.7n
fcross = 6.118180e+05
pmarg = 6.887068e+01
tdc = 7.767723e+01
Doing analysis at TEMP = 27.000000 and TNOM = 27.000000

Using SPARSE 1.3 as Direct Linear Solver

No. of Data Rows : 801
fcross              =  6.18118e+05
pmarg               =  6.65496e+01
tdc                 =  7.76772e+01
mode=3db  rload=10k  rsrc=2.571k  pos=2  C=3.3n
fcross = 6.181180e+05
pmarg = 6.654961e+01
tdc = 7.767721e+01
Doing analysis at TEMP = 27.000000 and TNOM = 27.000000

Using SPARSE 1.3 as Direct Linear Solver

No. of Data Rows : 801
fcross              =  6.29823e+05
pmarg               =  6.10257e+01
tdc                 =  7.76772e+01
mode=3db  rload=10k  rsrc=2.571k  pos=2  C=4.7n
fcross = 6.298226e+05
pmarg = 6.102574e+01
tdc = 7.767718e+01
Doing analysis at TEMP = 27.000000 and TNOM = 27.000000

Using SPARSE 1.3 as Direct Linear Solver

No. of Data Rows : 801
fcross              =  5.78832e+05
pmarg               =  7.84771e+01
tdc                 =  7.76773e+01
mode=3db  rload=10k  rsrc=2.611k  pos=1  C=1f
fcross = 5.788323e+05
pmarg = 7.847714e+01
tdc = 7.767729e+01
Doing analysis at TEMP = 27.000000 and TNOM = 27.000000

Using SPARSE 1.3 as Direct Linear Solver

No. of Data Rows : 801
fcross              =  5.79415e+05
pmarg               =  7.83252e+01
tdc                 =  7.76773e+01
mode=3db  rload=10k  rsrc=2.611k  pos=1  C=47p
fcross = 5.794150e+05
pmarg = 7.832525e+01
tdc = 7.767729e+01
Doing analysis at TEMP = 27.000000 and TNOM = 27.000000

Using SPARSE 1.3 as Direct Linear Solver

No. of Data Rows : 801
fcross              =  5.80040e+05
pmarg               =  7.81537e+01
tdc                 =  7.76773e+01
mode=3db  rload=10k  rsrc=2.611k  pos=1  C=100p
fcross = 5.800400e+05
pmarg = 7.815374e+01
tdc = 7.767730e+01
Doing analysis at TEMP = 27.000000 and TNOM = 27.000000

Using SPARSE 1.3 as Direct Linear Solver

No. of Data Rows : 801
fcross              =  5.81325e+05
pmarg               =  7.77653e+01
tdc                 =  7.76773e+01
mode=3db  rload=10k  rsrc=2.611k  pos=1  C=220p
fcross = 5.813252e+05
pmarg = 7.776531e+01
tdc = 7.767730e+01
Doing analysis at TEMP = 27.000000 and TNOM = 27.000000

Using SPARSE 1.3 as Direct Linear Solver

No. of Data Rows : 801
fcross              =  5.83389e+05
pmarg               =  7.69623e+01
tdc                 =  7.76773e+01
mode=3db  rload=10k  rsrc=2.611k  pos=1  C=470p
fcross = 5.833886e+05
pmarg = 7.696229e+01
tdc = 7.767732e+01
Doing analysis at TEMP = 27.000000 and TNOM = 27.000000

Using SPARSE 1.3 as Direct Linear Solver

No. of Data Rows : 801
fcross              =  5.84843e+05
pmarg               =  7.53504e+01
tdc                 =  7.76773e+01
mode=3db  rload=10k  rsrc=2.611k  pos=1  C=1n
fcross = 5.848426e+05
pmarg = 7.535036e+01
tdc = 7.767735e+01
Doing analysis at TEMP = 27.000000 and TNOM = 27.000000

Using SPARSE 1.3 as Direct Linear Solver

No. of Data Rows : 801
fcross              =  5.82679e+05
pmarg               =  7.40360e+01
tdc                 =  7.76774e+01
mode=3db  rload=10k  rsrc=2.611k  pos=1  C=1.5n
fcross = 5.826793e+05
pmarg = 7.403600e+01
tdc = 7.767738e+01
Doing analysis at TEMP = 27.000000 and TNOM = 27.000000

Using SPARSE 1.3 as Direct Linear Solver

No. of Data Rows : 801
fcross              =  5.75134e+05
pmarg               =  7.26413e+01
tdc                 =  7.76774e+01
mode=3db  rload=10k  rsrc=2.611k  pos=1  C=2.2n
fcross = 5.751338e+05
pmarg = 7.264135e+01
tdc = 7.767742e+01
Doing analysis at TEMP = 27.000000 and TNOM = 27.000000

Using SPARSE 1.3 as Direct Linear Solver

No. of Data Rows : 801
fcross              =  5.67852e+05
pmarg               =  7.19554e+01
tdc                 =  7.76774e+01
mode=3db  rload=10k  rsrc=2.611k  pos=1  C=2.7n
fcross = 5.678518e+05
pmarg = 7.195539e+01
tdc = 7.767745e+01
Doing analysis at TEMP = 27.000000 and TNOM = 27.000000

Using SPARSE 1.3 as Direct Linear Solver

No. of Data Rows : 801
fcross              =  5.58184e+05
pmarg               =  7.14225e+01
tdc                 =  7.76775e+01
mode=3db  rload=10k  rsrc=2.611k  pos=1  C=3.3n
fcross = 5.581836e+05
pmarg = 7.142254e+01
tdc = 7.767748e+01
Doing analysis at TEMP = 27.000000 and TNOM = 27.000000

Using SPARSE 1.3 as Direct Linear Solver

No. of Data Rows : 801
fcross              =  5.36014e+05
pmarg               =  7.10109e+01
tdc                 =  7.76776e+01
mode=3db  rload=10k  rsrc=2.611k  pos=1  C=4.7n
fcross = 5.360143e+05
pmarg = 7.101093e+01
tdc = 7.767756e+01
Doing analysis at TEMP = 27.000000 and TNOM = 27.000000

Using SPARSE 1.3 as Direct Linear Solver

No. of Data Rows : 801
fcross              =  5.78832e+05
pmarg               =  7.84771e+01
tdc                 =  7.76773e+01
mode=3db  rload=10k  rsrc=2.611k  pos=2  C=1f
fcross = 5.788323e+05
pmarg = 7.847714e+01
tdc = 7.767729e+01
Doing analysis at TEMP = 27.000000 and TNOM = 27.000000

Using SPARSE 1.3 as Direct Linear Solver

No. of Data Rows : 801
fcross              =  5.79434e+05
pmarg               =  7.83236e+01
tdc                 =  7.76773e+01
mode=3db  rload=10k  rsrc=2.611k  pos=2  C=47p
fcross = 5.794336e+05
pmarg = 7.832363e+01
tdc = 7.767729e+01
Doing analysis at TEMP = 27.000000 and TNOM = 27.000000

Using SPARSE 1.3 as Direct Linear Solver

No. of Data Rows : 801
fcross              =  5.80111e+05
pmarg               =  7.81499e+01
tdc                 =  7.76773e+01
mode=3db  rload=10k  rsrc=2.611k  pos=2  C=100p
fcross = 5.801110e+05
pmarg = 7.814992e+01
tdc = 7.767729e+01
Doing analysis at TEMP = 27.000000 and TNOM = 27.000000

Using SPARSE 1.3 as Direct Linear Solver

No. of Data Rows : 801
fcross              =  5.81641e+05
pmarg               =  7.77543e+01
tdc                 =  7.76773e+01
mode=3db  rload=10k  rsrc=2.611k  pos=2  C=220p
fcross = 5.816413e+05
pmarg = 7.775431e+01
tdc = 7.767728e+01
Doing analysis at TEMP = 27.000000 and TNOM = 27.000000

Using SPARSE 1.3 as Direct Linear Solver

No. of Data Rows : 801
fcross              =  5.84813e+05
pmarg               =  7.69198e+01
tdc                 =  7.76773e+01
mode=3db  rload=10k  rsrc=2.611k  pos=2  C=470p
fcross = 5.848125e+05
pmarg = 7.691983e+01
tdc = 7.767728e+01
Doing analysis at TEMP = 27.000000 and TNOM = 27.000000

Using SPARSE 1.3 as Direct Linear Solver

No. of Data Rows : 801
fcross              =  5.91498e+05
pmarg               =  7.51026e+01
tdc                 =  7.76773e+01
mode=3db  rload=10k  rsrc=2.611k  pos=2  C=1n
fcross = 5.914977e+05
pmarg = 7.510264e+01
tdc = 7.767727e+01
Doing analysis at TEMP = 27.000000 and TNOM = 27.000000

Using SPARSE 1.3 as Direct Linear Solver

No. of Data Rows : 801
fcross              =  5.97724e+05
pmarg               =  7.33289e+01
tdc                 =  7.76773e+01
mode=3db  rload=10k  rsrc=2.611k  pos=2  C=1.5n
fcross = 5.977240e+05
pmarg = 7.332889e+01
tdc = 7.767726e+01
Doing analysis at TEMP = 27.000000 and TNOM = 27.000000

Using SPARSE 1.3 as Direct Linear Solver

No. of Data Rows : 801
fcross              =  6.06123e+05
pmarg               =  7.07574e+01
tdc                 =  7.76772e+01
mode=3db  rload=10k  rsrc=2.611k  pos=2  C=2.2n
fcross = 6.061226e+05
pmarg = 7.075743e+01
tdc = 7.767724e+01
Doing analysis at TEMP = 27.000000 and TNOM = 27.000000

Using SPARSE 1.3 as Direct Linear Solver

No. of Data Rows : 801
fcross              =  6.11815e+05
pmarg               =  6.88632e+01
tdc                 =  7.76772e+01
mode=3db  rload=10k  rsrc=2.611k  pos=2  C=2.7n
fcross = 6.118145e+05
pmarg = 6.886320e+01
tdc = 7.767723e+01
Doing analysis at TEMP = 27.000000 and TNOM = 27.000000

Using SPARSE 1.3 as Direct Linear Solver

No. of Data Rows : 801
fcross              =  6.18114e+05
pmarg               =  6.65421e+01
tdc                 =  7.76772e+01
mode=3db  rload=10k  rsrc=2.611k  pos=2  C=3.3n
fcross = 6.181143e+05
pmarg = 6.654208e+01
tdc = 7.767721e+01
Doing analysis at TEMP = 27.000000 and TNOM = 27.000000

Using SPARSE 1.3 as Direct Linear Solver

No. of Data Rows : 801
fcross              =  6.29819e+05
pmarg               =  6.10181e+01
tdc                 =  7.76772e+01
mode=3db  rload=10k  rsrc=2.611k  pos=2  C=4.7n
fcross = 6.298187e+05
pmarg = 6.101812e+01
tdc = 7.767718e+01
Doing analysis at TEMP = 27.000000 and TNOM = 27.000000

Using SPARSE 1.3 as Direct Linear Solver

No. of Data Rows : 801
fcross              =  2.55011e+05
pmarg               =  1.05597e+02
tdc                 =  7.03867e+01
mode=10db  rload=100k  rsrc=1m  pos=1  C=1f
fcross = 2.550114e+05
pmarg = 1.055971e+02
tdc = 7.038666e+01
Doing analysis at TEMP = 27.000000 and TNOM = 27.000000

Using SPARSE 1.3 as Direct Linear Solver

No. of Data Rows : 801
fcross              =  2.55071e+05
pmarg               =  1.05543e+02
tdc                 =  7.03867e+01
mode=10db  rload=100k  rsrc=1m  pos=1  C=47p
fcross = 2.550711e+05
pmarg = 1.055433e+02
tdc = 7.038666e+01
Doing analysis at TEMP = 27.000000 and TNOM = 27.000000

Using SPARSE 1.3 as Direct Linear Solver

No. of Data Rows : 801
fcross              =  2.55135e+05
pmarg               =  1.05482e+02
tdc                 =  7.03867e+01
mode=10db  rload=100k  rsrc=1m  pos=1  C=100p
fcross = 2.551349e+05
pmarg = 1.054824e+02
tdc = 7.038666e+01
Doing analysis at TEMP = 27.000000 and TNOM = 27.000000

Using SPARSE 1.3 as Direct Linear Solver

No. of Data Rows : 801
fcross              =  2.55266e+05
pmarg               =  1.05344e+02
tdc                 =  7.03867e+01
mode=10db  rload=100k  rsrc=1m  pos=1  C=220p
fcross = 2.552656e+05
pmarg = 1.053437e+02
tdc = 7.038666e+01
Doing analysis at TEMP = 27.000000 and TNOM = 27.000000

Using SPARSE 1.3 as Direct Linear Solver

No. of Data Rows : 801
fcross              =  2.55476e+05
pmarg               =  1.05052e+02
tdc                 =  7.03867e+01
mode=10db  rload=100k  rsrc=1m  pos=1  C=470p
fcross = 2.554761e+05
pmarg = 1.050521e+02
tdc = 7.038666e+01
Doing analysis at TEMP = 27.000000 and TNOM = 27.000000

Using SPARSE 1.3 as Direct Linear Solver

No. of Data Rows : 801
fcross              =  2.55642e+05
pmarg               =  1.04425e+02
tdc                 =  7.03867e+01
mode=10db  rload=100k  rsrc=1m  pos=1  C=1n
fcross = 2.556424e+05
pmarg = 1.044255e+02
tdc = 7.038665e+01
Doing analysis at TEMP = 27.000000 and TNOM = 27.000000

Using SPARSE 1.3 as Direct Linear Solver
 Reference value :  1.77828e+01
No. of Data Rows : 801
fcross              =  2.55452e+05
pmarg               =  1.03832e+02
tdc                 =  7.03866e+01
mode=10db  rload=100k  rsrc=1m  pos=1  C=1.5n
fcross = 2.554516e+05
pmarg = 1.038320e+02
tdc = 7.038665e+01
Doing analysis at TEMP = 27.000000 and TNOM = 27.000000

Using SPARSE 1.3 as Direct Linear Solver

No. of Data Rows : 801
fcross              =  2.54644e+05
pmarg               =  1.03014e+02
tdc                 =  7.03866e+01
mode=10db  rload=100k  rsrc=1m  pos=1  C=2.2n
fcross = 2.546438e+05
pmarg = 1.030141e+02
tdc = 7.038664e+01
Doing analysis at TEMP = 27.000000 and TNOM = 27.000000

Using SPARSE 1.3 as Direct Linear Solver

No. of Data Rows : 801
fcross              =  2.53715e+05
pmarg               =  1.02450e+02
tdc                 =  7.03866e+01
mode=10db  rload=100k  rsrc=1m  pos=1  C=2.7n
fcross = 2.537151e+05
pmarg = 1.024498e+02
tdc = 7.038664e+01
Doing analysis at TEMP = 27.000000 and TNOM = 27.000000

Using SPARSE 1.3 as Direct Linear Solver

No. of Data Rows : 801
fcross              =  2.52268e+05
pmarg               =  1.01805e+02
tdc                 =  7.03866e+01
mode=10db  rload=100k  rsrc=1m  pos=1  C=3.3n
fcross = 2.522677e+05
pmarg = 1.018046e+02
tdc = 7.038664e+01
Doing analysis at TEMP = 27.000000 and TNOM = 27.000000

Using SPARSE 1.3 as Direct Linear Solver

No. of Data Rows : 801
fcross              =  2.47950e+05
pmarg               =  1.00466e+02
tdc                 =  7.03866e+01
mode=10db  rload=100k  rsrc=1m  pos=1  C=4.7n
fcross = 2.479496e+05
pmarg = 1.004655e+02
tdc = 7.038663e+01
Doing analysis at TEMP = 27.000000 and TNOM = 27.000000

Using SPARSE 1.3 as Direct Linear Solver

No. of Data Rows : 801
fcross              =  2.55011e+05
pmarg               =  1.05597e+02
tdc                 =  7.03867e+01
mode=10db  rload=100k  rsrc=1m  pos=2  C=1f
fcross = 2.550114e+05
pmarg = 1.055971e+02
tdc = 7.038666e+01
Doing analysis at TEMP = 27.000000 and TNOM = 27.000000

Using SPARSE 1.3 as Direct Linear Solver

No. of Data Rows : 801
fcross              =  2.55072e+05
pmarg               =  1.05543e+02
tdc                 =  7.03867e+01
mode=10db  rload=100k  rsrc=1m  pos=2  C=47p
fcross = 2.550725e+05
pmarg = 1.055433e+02
tdc = 7.038666e+01
Doing analysis at TEMP = 27.000000 and TNOM = 27.000000

Using SPARSE 1.3 as Direct Linear Solver

No. of Data Rows : 801
fcross              =  2.55141e+05
pmarg               =  1.05482e+02
tdc                 =  7.03867e+01
mode=10db  rload=100k  rsrc=1m  pos=2  C=100p
fcross = 2.551409e+05
pmarg = 1.054825e+02
tdc = 7.038666e+01
Doing analysis at TEMP = 27.000000 and TNOM = 27.000000

Using SPARSE 1.3 as Direct Linear Solver

No. of Data Rows : 801
fcross              =  2.55295e+05
pmarg               =  1.05345e+02
tdc                 =  7.03867e+01
mode=10db  rload=100k  rsrc=1m  pos=2  C=220p
fcross = 2.552946e+05
pmarg = 1.053446e+02
tdc = 7.038665e+01
Doing analysis at TEMP = 27.000000 and TNOM = 27.000000

Using SPARSE 1.3 as Direct Linear Solver

No. of Data Rows : 801
fcross              =  2.55609e+05
pmarg               =  1.05056e+02
tdc                 =  7.03866e+01
mode=10db  rload=100k  rsrc=1m  pos=2  C=470p
fcross = 2.556088e+05
pmarg = 1.050564e+02
tdc = 7.038665e+01
Doing analysis at TEMP = 27.000000 and TNOM = 27.000000

Using SPARSE 1.3 as Direct Linear Solver

No. of Data Rows : 801
fcross              =  2.56247e+05
pmarg               =  1.04441e+02
tdc                 =  7.03866e+01
mode=10db  rload=100k  rsrc=1m  pos=2  C=1n
fcross = 2.562468e+05
pmarg = 1.044407e+02
tdc = 7.038664e+01
Doing analysis at TEMP = 27.000000 and TNOM = 27.000000

Using SPARSE 1.3 as Direct Linear Solver

No. of Data Rows : 801
fcross              =  2.56813e+05
pmarg               =  1.03854e+02
tdc                 =  7.03866e+01
mode=10db  rload=100k  rsrc=1m  pos=2  C=1.5n
fcross = 2.568128e+05
pmarg = 1.038545e+02
tdc = 7.038663e+01
Doing analysis at TEMP = 27.000000 and TNOM = 27.000000

Using SPARSE 1.3 as Direct Linear Solver

No. of Data Rows : 801
fcross              =  2.57563e+05
pmarg               =  1.03025e+02
tdc                 =  7.03866e+01
mode=10db  rload=100k  rsrc=1m  pos=2  C=2.2n
fcross = 2.575629e+05
pmarg = 1.030249e+02
tdc = 7.038662e+01
Doing analysis at TEMP = 27.000000 and TNOM = 27.000000

Using SPARSE 1.3 as Direct Linear Solver

No. of Data Rows : 801
fcross              =  2.58058e+05
pmarg               =  1.02427e+02
tdc                 =  7.03866e+01
mode=10db  rload=100k  rsrc=1m  pos=2  C=2.7n
fcross = 2.580578e+05
pmarg = 1.024267e+02
tdc = 7.038661e+01
Doing analysis at TEMP = 27.000000 and TNOM = 27.000000

Using SPARSE 1.3 as Direct Linear Solver

No. of Data Rows : 801
fcross              =  2.58598e+05
pmarg               =  1.01704e+02
tdc                 =  7.03866e+01
mode=10db  rload=100k  rsrc=1m  pos=2  C=3.3n
fcross = 2.585976e+05
pmarg = 1.017036e+02
tdc = 7.038659e+01
Doing analysis at TEMP = 27.000000 and TNOM = 27.000000

Using SPARSE 1.3 as Direct Linear Solver

No. of Data Rows : 801
fcross              =  2.59617e+05
pmarg               =  9.99975e+01
tdc                 =  7.03866e+01
mode=10db  rload=100k  rsrc=1m  pos=2  C=4.7n
fcross = 2.596174e+05
pmarg = 9.999749e+01
tdc = 7.038657e+01
Doing analysis at TEMP = 27.000000 and TNOM = 27.000000

Using SPARSE 1.3 as Direct Linear Solver

No. of Data Rows : 801
fcross              =  2.55009e+05
pmarg               =  1.05517e+02
tdc                 =  7.03866e+01
mode=10db  rload=100k  rsrc=1k  pos=1  C=1f
fcross = 2.550094e+05
pmarg = 1.055169e+02
tdc = 7.038661e+01
Doing analysis at TEMP = 27.000000 and TNOM = 27.000000

Using SPARSE 1.3 as Direct Linear Solver

No. of Data Rows : 801
fcross              =  2.55069e+05
pmarg               =  1.05463e+02
tdc                 =  7.03866e+01
mode=10db  rload=100k  rsrc=1k  pos=1  C=47p
fcross = 2.550690e+05
pmarg = 1.054631e+02
tdc = 7.038661e+01
Doing analysis at TEMP = 27.000000 and TNOM = 27.000000

Using SPARSE 1.3 as Direct Linear Solver

No. of Data Rows : 801
fcross              =  2.55133e+05
pmarg               =  1.05402e+02
tdc                 =  7.03866e+01
mode=10db  rload=100k  rsrc=1k  pos=1  C=100p
fcross = 2.551328e+05
pmarg = 1.054022e+02
tdc = 7.038661e+01
Doing analysis at TEMP = 27.000000 and TNOM = 27.000000

Using SPARSE 1.3 as Direct Linear Solver

No. of Data Rows : 801
fcross              =  2.55264e+05
pmarg               =  1.05263e+02
tdc                 =  7.03866e+01
mode=10db  rload=100k  rsrc=1k  pos=1  C=220p
fcross = 2.552635e+05
pmarg = 1.052635e+02
tdc = 7.038661e+01
Doing analysis at TEMP = 27.000000 and TNOM = 27.000000

Using SPARSE 1.3 as Direct Linear Solver

No. of Data Rows : 801
fcross              =  2.55474e+05
pmarg               =  1.04972e+02
tdc                 =  7.03866e+01
mode=10db  rload=100k  rsrc=1k  pos=1  C=470p
fcross = 2.554740e+05
pmarg = 1.049717e+02
tdc = 7.038661e+01
Doing analysis at TEMP = 27.000000 and TNOM = 27.000000

Using SPARSE 1.3 as Direct Linear Solver

No. of Data Rows : 801
fcross              =  2.55640e+05
pmarg               =  1.04345e+02
tdc                 =  7.03866e+01
mode=10db  rload=100k  rsrc=1k  pos=1  C=1n
fcross = 2.556403e+05
pmarg = 1.043451e+02
tdc = 7.038661e+01
Doing analysis at TEMP = 27.000000 and TNOM = 27.000000

Using SPARSE 1.3 as Direct Linear Solver

No. of Data Rows : 801
fcross              =  2.55450e+05
pmarg               =  1.03752e+02
tdc                 =  7.03866e+01
mode=10db  rload=100k  rsrc=1k  pos=1  C=1.5n
fcross = 2.554495e+05
pmarg = 1.037517e+02
tdc = 7.038660e+01
Doing analysis at TEMP = 27.000000 and TNOM = 27.000000

Using SPARSE 1.3 as Direct Linear Solver

No. of Data Rows : 801
fcross              =  2.54642e+05
pmarg               =  1.02934e+02
tdc                 =  7.03866e+01
mode=10db  rload=100k  rsrc=1k  pos=1  C=2.2n
fcross = 2.546417e+05
pmarg = 1.029340e+02
tdc = 7.038660e+01
Doing analysis at TEMP = 27.000000 and TNOM = 27.000000

Using SPARSE 1.3 as Direct Linear Solver

No. of Data Rows : 801
fcross              =  2.53713e+05
pmarg               =  1.02370e+02
tdc                 =  7.03866e+01
mode=10db  rload=100k  rsrc=1k  pos=1  C=2.7n
fcross = 2.537130e+05
pmarg = 1.023701e+02
tdc = 7.038659e+01
Doing analysis at TEMP = 27.000000 and TNOM = 27.000000

Using SPARSE 1.3 as Direct Linear Solver

No. of Data Rows : 801
fcross              =  2.52266e+05
pmarg               =  1.01725e+02
tdc                 =  7.03866e+01
mode=10db  rload=100k  rsrc=1k  pos=1  C=3.3n
fcross = 2.522657e+05
pmarg = 1.017253e+02
tdc = 7.038659e+01
Doing analysis at TEMP = 27.000000 and TNOM = 27.000000

Using SPARSE 1.3 as Direct Linear Solver

No. of Data Rows : 801
fcross              =  2.47948e+05
pmarg               =  1.00388e+02
tdc                 =  7.03866e+01
mode=10db  rload=100k  rsrc=1k  pos=1  C=4.7n
fcross = 2.479478e+05
pmarg = 1.003876e+02
tdc = 7.038658e+01
Doing analysis at TEMP = 27.000000 and TNOM = 27.000000

Using SPARSE 1.3 as Direct Linear Solver

No. of Data Rows : 801
fcross              =  2.55009e+05
pmarg               =  1.05517e+02
tdc                 =  7.03866e+01
mode=10db  rload=100k  rsrc=1k  pos=2  C=1f
fcross = 2.550094e+05
pmarg = 1.055169e+02
tdc = 7.038661e+01
Doing analysis at TEMP = 27.000000 and TNOM = 27.000000

Using SPARSE 1.3 as Direct Linear Solver

No. of Data Rows : 801
fcross              =  2.55070e+05
pmarg               =  1.05463e+02
tdc                 =  7.03866e+01
mode=10db  rload=100k  rsrc=1k  pos=2  C=47p
fcross = 2.550704e+05
pmarg = 1.054631e+02
tdc = 7.038661e+01
Doing analysis at TEMP = 27.000000 and TNOM = 27.000000

Using SPARSE 1.3 as Direct Linear Solver

No. of Data Rows : 801
fcross              =  2.55139e+05
pmarg               =  1.05402e+02
tdc                 =  7.03866e+01
mode=10db  rload=100k  rsrc=1k  pos=2  C=100p
fcross = 2.551389e+05
pmarg = 1.054023e+02
tdc = 7.038661e+01
Doing analysis at TEMP = 27.000000 and TNOM = 27.000000

Using SPARSE 1.3 as Direct Linear Solver

No. of Data Rows : 801
fcross              =  2.55293e+05
pmarg               =  1.05264e+02
tdc                 =  7.03866e+01
mode=10db  rload=100k  rsrc=1k  pos=2  C=220p
fcross = 2.552926e+05
pmarg = 1.052643e+02
tdc = 7.038661e+01
Doing analysis at TEMP = 27.000000 and TNOM = 27.000000

Using SPARSE 1.3 as Direct Linear Solver

No. of Data Rows : 801
fcross              =  2.55607e+05
pmarg               =  1.04976e+02
tdc                 =  7.03866e+01
mode=10db  rload=100k  rsrc=1k  pos=2  C=470p
fcross = 2.556067e+05
pmarg = 1.049760e+02
tdc = 7.038660e+01
Doing analysis at TEMP = 27.000000 and TNOM = 27.000000

Using SPARSE 1.3 as Direct Linear Solver

No. of Data Rows : 801
fcross              =  2.56245e+05
pmarg               =  1.04360e+02
tdc                 =  7.03866e+01
mode=10db  rload=100k  rsrc=1k  pos=2  C=1n
fcross = 2.562447e+05
pmarg = 1.043601e+02
tdc = 7.038659e+01
Doing analysis at TEMP = 27.000000 and TNOM = 27.000000

Using SPARSE 1.3 as Direct Linear Solver

No. of Data Rows : 801
fcross              =  2.56811e+05
pmarg               =  1.03774e+02
tdc                 =  7.03866e+01
mode=10db  rload=100k  rsrc=1k  pos=2  C=1.5n
fcross = 2.568106e+05
pmarg = 1.037737e+02
tdc = 7.038658e+01
Doing analysis at TEMP = 27.000000 and TNOM = 27.000000

Using SPARSE 1.3 as Direct Linear Solver

No. of Data Rows : 801
fcross              =  2.57561e+05
pmarg               =  1.02944e+02
tdc                 =  7.03866e+01
mode=10db  rload=100k  rsrc=1k  pos=2  C=2.2n
fcross = 2.575607e+05
pmarg = 1.029439e+02
tdc = 7.038657e+01
Doing analysis at TEMP = 27.000000 and TNOM = 27.000000

Using SPARSE 1.3 as Direct Linear Solver

No. of Data Rows : 801
fcross              =  2.58055e+05
pmarg               =  1.02346e+02
tdc                 =  7.03866e+01
mode=10db  rload=100k  rsrc=1k  pos=2  C=2.7n
fcross = 2.580555e+05
pmarg = 1.023456e+02
tdc = 7.038656e+01
Doing analysis at TEMP = 27.000000 and TNOM = 27.000000

Using SPARSE 1.3 as Direct Linear Solver

No. of Data Rows : 801
fcross              =  2.58595e+05
pmarg               =  1.01622e+02
tdc                 =  7.03865e+01
mode=10db  rload=100k  rsrc=1k  pos=2  C=3.3n
fcross = 2.585953e+05
pmarg = 1.016223e+02
tdc = 7.038655e+01
Doing analysis at TEMP = 27.000000 and TNOM = 27.000000

Using SPARSE 1.3 as Direct Linear Solver

No. of Data Rows : 801
fcross              =  2.59615e+05
pmarg               =  9.99159e+01
tdc                 =  7.03865e+01
mode=10db  rload=100k  rsrc=1k  pos=2  C=4.7n
fcross = 2.596151e+05
pmarg = 9.991590e+01
tdc = 7.038652e+01
Doing analysis at TEMP = 27.000000 and TNOM = 27.000000

Using SPARSE 1.3 as Direct Linear Solver

No. of Data Rows : 801
fcross              =  2.55002e+05
pmarg               =  1.05397e+02
tdc                 =  7.03867e+01
mode=10db  rload=100k  rsrc=2.5k  pos=1  C=1f
fcross = 2.550020e+05
pmarg = 1.053969e+02
tdc = 7.038666e+01
Doing analysis at TEMP = 27.000000 and TNOM = 27.000000

Using SPARSE 1.3 as Direct Linear Solver

No. of Data Rows : 801
fcross              =  2.55062e+05
pmarg               =  1.05343e+02
tdc                 =  7.03867e+01
mode=10db  rload=100k  rsrc=2.5k  pos=1  C=47p
fcross = 2.550616e+05
pmarg = 1.053430e+02
tdc = 7.038666e+01
Doing analysis at TEMP = 27.000000 and TNOM = 27.000000

Using SPARSE 1.3 as Direct Linear Solver

No. of Data Rows : 801
fcross              =  2.55125e+05
pmarg               =  1.05282e+02
tdc                 =  7.03867e+01
mode=10db  rload=100k  rsrc=2.5k  pos=1  C=100p
fcross = 2.551254e+05
pmarg = 1.052820e+02
tdc = 7.038666e+01
Doing analysis at TEMP = 27.000000 and TNOM = 27.000000

Using SPARSE 1.3 as Direct Linear Solver

No. of Data Rows : 801
fcross              =  2.55256e+05
pmarg               =  1.05143e+02
tdc                 =  7.03867e+01
mode=10db  rload=100k  rsrc=2.5k  pos=1  C=220p
fcross = 2.552561e+05
pmarg = 1.051433e+02
tdc = 7.038666e+01
Doing analysis at TEMP = 27.000000 and TNOM = 27.000000

Using SPARSE 1.3 as Direct Linear Solver

No. of Data Rows : 801
fcross              =  2.55467e+05
pmarg               =  1.04851e+02
tdc                 =  7.03867e+01
mode=10db  rload=100k  rsrc=2.5k  pos=1  C=470p
fcross = 2.554666e+05
pmarg = 1.048514e+02
tdc = 7.038665e+01
Doing analysis at TEMP = 27.000000 and TNOM = 27.000000

Using SPARSE 1.3 as Direct Linear Solver

No. of Data Rows : 801
fcross              =  2.55633e+05
pmarg               =  1.04225e+02
tdc                 =  7.03867e+01
mode=10db  rload=100k  rsrc=2.5k  pos=1  C=1n
fcross = 2.556329e+05
pmarg = 1.042248e+02
tdc = 7.038665e+01
Doing analysis at TEMP = 27.000000 and TNOM = 27.000000

Using SPARSE 1.3 as Direct Linear Solver

No. of Data Rows : 801
fcross              =  2.55442e+05
pmarg               =  1.03631e+02
tdc                 =  7.03866e+01
mode=10db  rload=100k  rsrc=2.5k  pos=1  C=1.5n
fcross = 2.554421e+05
pmarg = 1.036314e+02
tdc = 7.038665e+01
Doing analysis at TEMP = 27.000000 and TNOM = 27.000000

Using SPARSE 1.3 as Direct Linear Solver

No. of Data Rows : 801
fcross              =  2.54634e+05
pmarg               =  1.02814e+02
tdc                 =  7.03866e+01
mode=10db  rload=100k  rsrc=2.5k  pos=1  C=2.2n
fcross = 2.546344e+05
pmarg = 1.028142e+02
tdc = 7.038664e+01
Doing analysis at TEMP = 27.000000 and TNOM = 27.000000

Using SPARSE 1.3 as Direct Linear Solver

No. of Data Rows : 801
fcross              =  2.53706e+05
pmarg               =  1.02251e+02
tdc                 =  7.03866e+01
mode=10db  rload=100k  rsrc=2.5k  pos=1  C=2.7n
fcross = 2.537058e+05
pmarg = 1.022507e+02
tdc = 7.038664e+01
Doing analysis at TEMP = 27.000000 and TNOM = 27.000000

Using SPARSE 1.3 as Direct Linear Solver

No. of Data Rows : 801
fcross              =  2.52259e+05
pmarg               =  1.01607e+02
tdc                 =  7.03866e+01
mode=10db  rload=100k  rsrc=2.5k  pos=1  C=3.3n
fcross = 2.522586e+05
pmarg = 1.016066e+02
tdc = 7.038663e+01
Doing analysis at TEMP = 27.000000 and TNOM = 27.000000

Using SPARSE 1.3 as Direct Linear Solver

No. of Data Rows : 801
fcross              =  2.47941e+05
pmarg               =  1.00271e+02
tdc                 =  7.03866e+01
mode=10db  rload=100k  rsrc=2.5k  pos=1  C=4.7n
fcross = 2.479414e+05
pmarg = 1.002710e+02
tdc = 7.038662e+01
Doing analysis at TEMP = 27.000000 and TNOM = 27.000000

Using SPARSE 1.3 as Direct Linear Solver

No. of Data Rows : 801
fcross              =  2.55002e+05
pmarg               =  1.05397e+02
tdc                 =  7.03867e+01
mode=10db  rload=100k  rsrc=2.5k  pos=2  C=1f
fcross = 2.550020e+05
pmarg = 1.053969e+02
tdc = 7.038666e+01
Doing analysis at TEMP = 27.000000 and TNOM = 27.000000

Using SPARSE 1.3 as Direct Linear Solver

No. of Data Rows : 801
fcross              =  2.55063e+05
pmarg               =  1.05343e+02
tdc                 =  7.03867e+01
mode=10db  rload=100k  rsrc=2.5k  pos=2  C=47p
fcross = 2.550630e+05
pmarg = 1.053430e+02
tdc = 7.038666e+01
Doing analysis at TEMP = 27.000000 and TNOM = 27.000000

Using SPARSE 1.3 as Direct Linear Solver

No. of Data Rows : 801
fcross              =  2.55131e+05
pmarg               =  1.05282e+02
tdc                 =  7.03867e+01
mode=10db  rload=100k  rsrc=2.5k  pos=2  C=100p
fcross = 2.551315e+05
pmarg = 1.052821e+02
tdc = 7.038666e+01
Doing analysis at TEMP = 27.000000 and TNOM = 27.000000

Using SPARSE 1.3 as Direct Linear Solver

No. of Data Rows : 801
fcross              =  2.55285e+05
pmarg               =  1.05144e+02
tdc                 =  7.03867e+01
mode=10db  rload=100k  rsrc=2.5k  pos=2  C=220p
fcross = 2.552851e+05
pmarg = 1.051441e+02
tdc = 7.038665e+01
Doing analysis at TEMP = 27.000000 and TNOM = 27.000000

Using SPARSE 1.3 as Direct Linear Solver

No. of Data Rows : 801
fcross              =  2.55599e+05
pmarg               =  1.04856e+02
tdc                 =  7.03866e+01
mode=10db  rload=100k  rsrc=2.5k  pos=2  C=470p
fcross = 2.555992e+05
pmarg = 1.048556e+02
tdc = 7.038665e+01
Doing analysis at TEMP = 27.000000 and TNOM = 27.000000

Using SPARSE 1.3 as Direct Linear Solver

No. of Data Rows : 801
fcross              =  2.56237e+05
pmarg               =  1.04239e+02
tdc                 =  7.03866e+01
mode=10db  rload=100k  rsrc=2.5k  pos=2  C=1n
fcross = 2.562372e+05
pmarg = 1.042395e+02
tdc = 7.038664e+01
Doing analysis at TEMP = 27.000000 and TNOM = 27.000000

Using SPARSE 1.3 as Direct Linear Solver

No. of Data Rows : 801
fcross              =  2.56803e+05
pmarg               =  1.03653e+02
tdc                 =  7.03866e+01
mode=10db  rload=100k  rsrc=2.5k  pos=2  C=1.5n
fcross = 2.568030e+05
pmarg = 1.036528e+02
tdc = 7.038663e+01
Doing analysis at TEMP = 27.000000 and TNOM = 27.000000

Using SPARSE 1.3 as Direct Linear Solver

No. of Data Rows : 801
fcross              =  2.57553e+05
pmarg               =  1.02823e+02
tdc                 =  7.03866e+01
mode=10db  rload=100k  rsrc=2.5k  pos=2  C=2.2n
fcross = 2.575527e+05
pmarg = 1.028227e+02
tdc = 7.038661e+01
Doing analysis at TEMP = 27.000000 and TNOM = 27.000000

Using SPARSE 1.3 as Direct Linear Solver

No. of Data Rows : 801
fcross              =  2.58047e+05
pmarg               =  1.02224e+02
tdc                 =  7.03866e+01
mode=10db  rload=100k  rsrc=2.5k  pos=2  C=2.7n
fcross = 2.580475e+05
pmarg = 1.022242e+02
tdc = 7.038660e+01
Doing analysis at TEMP = 27.000000 and TNOM = 27.000000

Using SPARSE 1.3 as Direct Linear Solver

No. of Data Rows : 801
fcross              =  2.58587e+05
pmarg               =  1.01501e+02
tdc                 =  7.03866e+01
mode=10db  rload=100k  rsrc=2.5k  pos=2  C=3.3n
fcross = 2.585873e+05
pmarg = 1.015007e+02
tdc = 7.038659e+01
Doing analysis at TEMP = 27.000000 and TNOM = 27.000000

Using SPARSE 1.3 as Direct Linear Solver

No. of Data Rows : 801
fcross              =  2.59607e+05
pmarg               =  9.97938e+01
tdc                 =  7.03866e+01
mode=10db  rload=100k  rsrc=2.5k  pos=2  C=4.7n
fcross = 2.596069e+05
pmarg = 9.979383e+01
tdc = 7.038656e+01
Doing analysis at TEMP = 27.000000 and TNOM = 27.000000

Using SPARSE 1.3 as Direct Linear Solver

No. of Data Rows : 801
fcross              =  2.55001e+05
pmarg               =  1.05391e+02
tdc                 =  7.03867e+01
mode=10db  rload=100k  rsrc=2.571k  pos=1  C=1f
fcross = 2.550015e+05
pmarg = 1.053912e+02
tdc = 7.038666e+01
Doing analysis at TEMP = 27.000000 and TNOM = 27.000000

Using SPARSE 1.3 as Direct Linear Solver

No. of Data Rows : 801
fcross              =  2.55061e+05
pmarg               =  1.05337e+02
tdc                 =  7.03867e+01
mode=10db  rload=100k  rsrc=2.571k  pos=1  C=47p
fcross = 2.550611e+05
pmarg = 1.053373e+02
tdc = 7.038666e+01
Doing analysis at TEMP = 27.000000 and TNOM = 27.000000

Using SPARSE 1.3 as Direct Linear Solver

No. of Data Rows : 801
fcross              =  2.55125e+05
pmarg               =  1.05276e+02
tdc                 =  7.03867e+01
mode=10db  rload=100k  rsrc=2.571k  pos=1  C=100p
fcross = 2.551249e+05
pmarg = 1.052763e+02
tdc = 7.038666e+01
Doing analysis at TEMP = 27.000000 and TNOM = 27.000000

Using SPARSE 1.3 as Direct Linear Solver

No. of Data Rows : 801
fcross              =  2.55256e+05
pmarg               =  1.05138e+02
tdc                 =  7.03867e+01
mode=10db  rload=100k  rsrc=2.571k  pos=1  C=220p
fcross = 2.552556e+05
pmarg = 1.051376e+02
tdc = 7.038666e+01
Doing analysis at TEMP = 27.000000 and TNOM = 27.000000

Using SPARSE 1.3 as Direct Linear Solver

No. of Data Rows : 801
fcross              =  2.55466e+05
pmarg               =  1.04846e+02
tdc                 =  7.03867e+01
mode=10db  rload=100k  rsrc=2.571k  pos=1  C=470p
fcross = 2.554661e+05
pmarg = 1.048458e+02
tdc = 7.038666e+01
Doing analysis at TEMP = 27.000000 and TNOM = 27.000000

Using SPARSE 1.3 as Direct Linear Solver

No. of Data Rows : 801
fcross              =  2.55632e+05
pmarg               =  1.04219e+02
tdc                 =  7.03867e+01
mode=10db  rload=100k  rsrc=2.571k  pos=1  C=1n
fcross = 2.556324e+05
pmarg = 1.042191e+02
tdc = 7.038665e+01
Doing analysis at TEMP = 27.000000 and TNOM = 27.000000

Using SPARSE 1.3 as Direct Linear Solver

No. of Data Rows : 801
fcross              =  2.55442e+05
pmarg               =  1.03626e+02
tdc                 =  7.03866e+01
mode=10db  rload=100k  rsrc=2.571k  pos=1  C=1.5n
fcross = 2.554416e+05
pmarg = 1.036257e+02
tdc = 7.038665e+01
Doing analysis at TEMP = 27.000000 and TNOM = 27.000000

Using SPARSE 1.3 as Direct Linear Solver

No. of Data Rows : 801
fcross              =  2.54634e+05
pmarg               =  1.02809e+02
tdc                 =  7.03866e+01
mode=10db  rload=100k  rsrc=2.571k  pos=1  C=2.2n
fcross = 2.546339e+05
pmarg = 1.028085e+02
tdc = 7.038664e+01
Doing analysis at TEMP = 27.000000 and TNOM = 27.000000

Using SPARSE 1.3 as Direct Linear Solver

No. of Data Rows : 801
fcross              =  2.53705e+05
pmarg               =  1.02245e+02
tdc                 =  7.03866e+01
mode=10db  rload=100k  rsrc=2.571k  pos=1  C=2.7n
fcross = 2.537054e+05
pmarg = 1.022450e+02
tdc = 7.038664e+01
Doing analysis at TEMP = 27.000000 and TNOM = 27.000000

Using SPARSE 1.3 as Direct Linear Solver

No. of Data Rows : 801
fcross              =  2.52258e+05
pmarg               =  1.01601e+02
tdc                 =  7.03866e+01
mode=10db  rload=100k  rsrc=2.571k  pos=1  C=3.3n
fcross = 2.522582e+05
pmarg = 1.016010e+02
tdc = 7.038664e+01
Doing analysis at TEMP = 27.000000 and TNOM = 27.000000

Using SPARSE 1.3 as Direct Linear Solver

No. of Data Rows : 801
fcross              =  2.47941e+05
pmarg               =  1.00265e+02
tdc                 =  7.03866e+01
mode=10db  rload=100k  rsrc=2.571k  pos=1  C=4.7n
fcross = 2.479410e+05
pmarg = 1.002654e+02
tdc = 7.038663e+01
Doing analysis at TEMP = 27.000000 and TNOM = 27.000000

Using SPARSE 1.3 as Direct Linear Solver

No. of Data Rows : 801
fcross              =  2.55001e+05
pmarg               =  1.05391e+02
tdc                 =  7.03867e+01
mode=10db  rload=100k  rsrc=2.571k  pos=2  C=1f
fcross = 2.550015e+05
pmarg = 1.053912e+02
tdc = 7.038666e+01
Doing analysis at TEMP = 27.000000 and TNOM = 27.000000

Using SPARSE 1.3 as Direct Linear Solver
 Reference value :  1.47911e+03
No. of Data Rows : 801
fcross              =  2.55063e+05
pmarg               =  1.05337e+02
tdc                 =  7.03867e+01
mode=10db  rload=100k  rsrc=2.571k  pos=2  C=47p
fcross = 2.550625e+05
pmarg = 1.053373e+02
tdc = 7.038666e+01
Doing analysis at TEMP = 27.000000 and TNOM = 27.000000

Using SPARSE 1.3 as Direct Linear Solver

No. of Data Rows : 801
fcross              =  2.55131e+05
pmarg               =  1.05276e+02
tdc                 =  7.03867e+01
mode=10db  rload=100k  rsrc=2.571k  pos=2  C=100p
fcross = 2.551310e+05
pmarg = 1.052764e+02
tdc = 7.038666e+01
Doing analysis at TEMP = 27.000000 and TNOM = 27.000000

Using SPARSE 1.3 as Direct Linear Solver

No. of Data Rows : 801
fcross              =  2.55285e+05
pmarg               =  1.05138e+02
tdc                 =  7.03867e+01
mode=10db  rload=100k  rsrc=2.571k  pos=2  C=220p
fcross = 2.552847e+05
pmarg = 1.051385e+02
tdc = 7.038665e+01
Doing analysis at TEMP = 27.000000 and TNOM = 27.000000

Using SPARSE 1.3 as Direct Linear Solver

No. of Data Rows : 801
fcross              =  2.55599e+05
pmarg               =  1.04850e+02
tdc                 =  7.03866e+01
mode=10db  rload=100k  rsrc=2.571k  pos=2  C=470p
fcross = 2.555988e+05
pmarg = 1.048499e+02
tdc = 7.038665e+01
Doing analysis at TEMP = 27.000000 and TNOM = 27.000000

Using SPARSE 1.3 as Direct Linear Solver

No. of Data Rows : 801
fcross              =  2.56237e+05
pmarg               =  1.04234e+02
tdc                 =  7.03866e+01
mode=10db  rload=100k  rsrc=2.571k  pos=2  C=1n
fcross = 2.562367e+05
pmarg = 1.042338e+02
tdc = 7.038664e+01
Doing analysis at TEMP = 27.000000 and TNOM = 27.000000

Using SPARSE 1.3 as Direct Linear Solver

No. of Data Rows : 801
fcross              =  2.56803e+05
pmarg               =  1.03647e+02
tdc                 =  7.03866e+01
mode=10db  rload=100k  rsrc=2.571k  pos=2  C=1.5n
fcross = 2.568026e+05
pmarg = 1.036471e+02
tdc = 7.038663e+01
Doing analysis at TEMP = 27.000000 and TNOM = 27.000000

Using SPARSE 1.3 as Direct Linear Solver

No. of Data Rows : 801
fcross              =  2.57552e+05
pmarg               =  1.02817e+02
tdc                 =  7.03866e+01
mode=10db  rload=100k  rsrc=2.571k  pos=2  C=2.2n
fcross = 2.575522e+05
pmarg = 1.028170e+02
tdc = 7.038662e+01
Doing analysis at TEMP = 27.000000 and TNOM = 27.000000

Using SPARSE 1.3 as Direct Linear Solver

No. of Data Rows : 801
fcross              =  2.58047e+05
pmarg               =  1.02218e+02
tdc                 =  7.03866e+01
mode=10db  rload=100k  rsrc=2.571k  pos=2  C=2.7n
fcross = 2.580470e+05
pmarg = 1.022185e+02
tdc = 7.038661e+01
Doing analysis at TEMP = 27.000000 and TNOM = 27.000000

Using SPARSE 1.3 as Direct Linear Solver

No. of Data Rows : 801
fcross              =  2.58587e+05
pmarg               =  1.01495e+02
tdc                 =  7.03866e+01
mode=10db  rload=100k  rsrc=2.571k  pos=2  C=3.3n
fcross = 2.585868e+05
pmarg = 1.014949e+02
tdc = 7.038659e+01
Doing analysis at TEMP = 27.000000 and TNOM = 27.000000

Using SPARSE 1.3 as Direct Linear Solver

No. of Data Rows : 801
fcross              =  2.59606e+05
pmarg               =  9.97881e+01
tdc                 =  7.03866e+01
mode=10db  rload=100k  rsrc=2.571k  pos=2  C=4.7n
fcross = 2.596064e+05
pmarg = 9.978806e+01
tdc = 7.038657e+01
Doing analysis at TEMP = 27.000000 and TNOM = 27.000000

Using SPARSE 1.3 as Direct Linear Solver

No. of Data Rows : 801
fcross              =  2.55001e+05
pmarg               =  1.05388e+02
tdc                 =  7.03867e+01
mode=10db  rload=100k  rsrc=2.611k  pos=1  C=1f
fcross = 2.550012e+05
pmarg = 1.053880e+02
tdc = 7.038666e+01
Doing analysis at TEMP = 27.000000 and TNOM = 27.000000

Using SPARSE 1.3 as Direct Linear Solver

No. of Data Rows : 801
fcross              =  2.55061e+05
pmarg               =  1.05334e+02
tdc                 =  7.03867e+01
mode=10db  rload=100k  rsrc=2.611k  pos=1  C=47p
fcross = 2.550609e+05
pmarg = 1.053341e+02
tdc = 7.038666e+01
Doing analysis at TEMP = 27.000000 and TNOM = 27.000000

Using SPARSE 1.3 as Direct Linear Solver

No. of Data Rows : 801
fcross              =  2.55125e+05
pmarg               =  1.05273e+02
tdc                 =  7.03867e+01
mode=10db  rload=100k  rsrc=2.611k  pos=1  C=100p
fcross = 2.551246e+05
pmarg = 1.052731e+02
tdc = 7.038666e+01
Doing analysis at TEMP = 27.000000 and TNOM = 27.000000

Using SPARSE 1.3 as Direct Linear Solver

No. of Data Rows : 801
fcross              =  2.55255e+05
pmarg               =  1.05134e+02
tdc                 =  7.03867e+01
mode=10db  rload=100k  rsrc=2.611k  pos=1  C=220p
fcross = 2.552553e+05
pmarg = 1.051344e+02
tdc = 7.038666e+01
Doing analysis at TEMP = 27.000000 and TNOM = 27.000000

Using SPARSE 1.3 as Direct Linear Solver

No. of Data Rows : 801
fcross              =  2.55466e+05
pmarg               =  1.04843e+02
tdc                 =  7.03867e+01
mode=10db  rload=100k  rsrc=2.611k  pos=1  C=470p
fcross = 2.554658e+05
pmarg = 1.048426e+02
tdc = 7.038665e+01
Doing analysis at TEMP = 27.000000 and TNOM = 27.000000

Using SPARSE 1.3 as Direct Linear Solver

No. of Data Rows : 801
fcross              =  2.55632e+05
pmarg               =  1.04216e+02
tdc                 =  7.03867e+01
mode=10db  rload=100k  rsrc=2.611k  pos=1  C=1n
fcross = 2.556321e+05
pmarg = 1.042159e+02
tdc = 7.038665e+01
Doing analysis at TEMP = 27.000000 and TNOM = 27.000000

Using SPARSE 1.3 as Direct Linear Solver

No. of Data Rows : 801
fcross              =  2.55441e+05
pmarg               =  1.03623e+02
tdc                 =  7.03866e+01
mode=10db  rload=100k  rsrc=2.611k  pos=1  C=1.5n
fcross = 2.554414e+05
pmarg = 1.036225e+02
tdc = 7.038665e+01
Doing analysis at TEMP = 27.000000 and TNOM = 27.000000

Using SPARSE 1.3 as Direct Linear Solver

No. of Data Rows : 801
fcross              =  2.54634e+05
pmarg               =  1.02805e+02
tdc                 =  7.03866e+01
mode=10db  rload=100k  rsrc=2.611k  pos=1  C=2.2n
fcross = 2.546336e+05
pmarg = 1.028054e+02
tdc = 7.038664e+01
Doing analysis at TEMP = 27.000000 and TNOM = 27.000000

Using SPARSE 1.3 as Direct Linear Solver

No. of Data Rows : 801
fcross              =  2.53705e+05
pmarg               =  1.02242e+02
tdc                 =  7.03866e+01
mode=10db  rload=100k  rsrc=2.611k  pos=1  C=2.7n
fcross = 2.537051e+05
pmarg = 1.022419e+02
tdc = 7.038664e+01
Doing analysis at TEMP = 27.000000 and TNOM = 27.000000

Using SPARSE 1.3 as Direct Linear Solver

No. of Data Rows : 801
fcross              =  2.52258e+05
pmarg               =  1.01598e+02
tdc                 =  7.03866e+01
mode=10db  rload=100k  rsrc=2.611k  pos=1  C=3.3n
fcross = 2.522579e+05
pmarg = 1.015979e+02
tdc = 7.038663e+01
Doing analysis at TEMP = 27.000000 and TNOM = 27.000000

Using SPARSE 1.3 as Direct Linear Solver

No. of Data Rows : 801
fcross              =  2.47941e+05
pmarg               =  1.00262e+02
tdc                 =  7.03866e+01
mode=10db  rload=100k  rsrc=2.611k  pos=1  C=4.7n
fcross = 2.479408e+05
pmarg = 1.002623e+02
tdc = 7.038662e+01
Doing analysis at TEMP = 27.000000 and TNOM = 27.000000

Using SPARSE 1.3 as Direct Linear Solver

No. of Data Rows : 801
fcross              =  2.55001e+05
pmarg               =  1.05388e+02
tdc                 =  7.03867e+01
mode=10db  rload=100k  rsrc=2.611k  pos=2  C=1f
fcross = 2.550012e+05
pmarg = 1.053880e+02
tdc = 7.038666e+01
Doing analysis at TEMP = 27.000000 and TNOM = 27.000000

Using SPARSE 1.3 as Direct Linear Solver

No. of Data Rows : 801
fcross              =  2.55062e+05
pmarg               =  1.05334e+02
tdc                 =  7.03867e+01
mode=10db  rload=100k  rsrc=2.611k  pos=2  C=47p
fcross = 2.550622e+05
pmarg = 1.053341e+02
tdc = 7.038666e+01
Doing analysis at TEMP = 27.000000 and TNOM = 27.000000

Using SPARSE 1.3 as Direct Linear Solver

No. of Data Rows : 801
fcross              =  2.55131e+05
pmarg               =  1.05273e+02
tdc                 =  7.03867e+01
mode=10db  rload=100k  rsrc=2.611k  pos=2  C=100p
fcross = 2.551307e+05
pmarg = 1.052732e+02
tdc = 7.038666e+01
Doing analysis at TEMP = 27.000000 and TNOM = 27.000000

Using SPARSE 1.3 as Direct Linear Solver

No. of Data Rows : 801
fcross              =  2.55284e+05
pmarg               =  1.05135e+02
tdc                 =  7.03867e+01
mode=10db  rload=100k  rsrc=2.611k  pos=2  C=220p
fcross = 2.552844e+05
pmarg = 1.051352e+02
tdc = 7.038665e+01
Doing analysis at TEMP = 27.000000 and TNOM = 27.000000

Using SPARSE 1.3 as Direct Linear Solver

No. of Data Rows : 801
fcross              =  2.55598e+05
pmarg               =  1.04847e+02
tdc                 =  7.03866e+01
mode=10db  rload=100k  rsrc=2.611k  pos=2  C=470p
fcross = 2.555985e+05
pmarg = 1.048467e+02
tdc = 7.038665e+01
Doing analysis at TEMP = 27.000000 and TNOM = 27.000000

Using SPARSE 1.3 as Direct Linear Solver

No. of Data Rows : 801
fcross              =  2.56236e+05
pmarg               =  1.04231e+02
tdc                 =  7.03866e+01
mode=10db  rload=100k  rsrc=2.611k  pos=2  C=1n
fcross = 2.562364e+05
pmarg = 1.042306e+02
tdc = 7.038664e+01
Doing analysis at TEMP = 27.000000 and TNOM = 27.000000

Using SPARSE 1.3 as Direct Linear Solver

No. of Data Rows : 801
fcross              =  2.56802e+05
pmarg               =  1.03644e+02
tdc                 =  7.03866e+01
mode=10db  rload=100k  rsrc=2.611k  pos=2  C=1.5n
fcross = 2.568023e+05
pmarg = 1.036439e+02
tdc = 7.038663e+01
Doing analysis at TEMP = 27.000000 and TNOM = 27.000000

Using SPARSE 1.3 as Direct Linear Solver

No. of Data Rows : 801
fcross              =  2.57552e+05
pmarg               =  1.02814e+02
tdc                 =  7.03866e+01
mode=10db  rload=100k  rsrc=2.611k  pos=2  C=2.2n
fcross = 2.575519e+05
pmarg = 1.028138e+02
tdc = 7.038661e+01
Doing analysis at TEMP = 27.000000 and TNOM = 27.000000

Using SPARSE 1.3 as Direct Linear Solver

No. of Data Rows : 801
fcross              =  2.58047e+05
pmarg               =  1.02215e+02
tdc                 =  7.03866e+01
mode=10db  rload=100k  rsrc=2.611k  pos=2  C=2.7n
fcross = 2.580467e+05
pmarg = 1.022152e+02
tdc = 7.038660e+01
Doing analysis at TEMP = 27.000000 and TNOM = 27.000000

Using SPARSE 1.3 as Direct Linear Solver

No. of Data Rows : 801
fcross              =  2.58586e+05
pmarg               =  1.01492e+02
tdc                 =  7.03866e+01
mode=10db  rload=100k  rsrc=2.611k  pos=2  C=3.3n
fcross = 2.585865e+05
pmarg = 1.014917e+02
tdc = 7.038659e+01
Doing analysis at TEMP = 27.000000 and TNOM = 27.000000

Using SPARSE 1.3 as Direct Linear Solver

No. of Data Rows : 801
fcross              =  2.59606e+05
pmarg               =  9.97848e+01
tdc                 =  7.03866e+01
mode=10db  rload=100k  rsrc=2.611k  pos=2  C=4.7n
fcross = 2.596061e+05
pmarg = 9.978481e+01
tdc = 7.038656e+01
Doing analysis at TEMP = 27.000000 and TNOM = 27.000000

Using SPARSE 1.3 as Direct Linear Solver

No. of Data Rows : 801
fcross              =  2.54575e+05
pmarg               =  1.05576e+02
tdc                 =  7.02181e+01
mode=10db  rload=10k  rsrc=1m  pos=1  C=1f
fcross = 2.545751e+05
pmarg = 1.055764e+02
tdc = 7.021807e+01
Doing analysis at TEMP = 27.000000 and TNOM = 27.000000

Using SPARSE 1.3 as Direct Linear Solver

No. of Data Rows : 801
fcross              =  2.54634e+05
pmarg               =  1.05523e+02
tdc                 =  7.02181e+01
mode=10db  rload=10k  rsrc=1m  pos=1  C=47p
fcross = 2.546339e+05
pmarg = 1.055231e+02
tdc = 7.021807e+01
Doing analysis at TEMP = 27.000000 and TNOM = 27.000000

Using SPARSE 1.3 as Direct Linear Solver

No. of Data Rows : 801
fcross              =  2.54697e+05
pmarg               =  1.05463e+02
tdc                 =  7.02181e+01
mode=10db  rload=10k  rsrc=1m  pos=1  C=100p
fcross = 2.546968e+05
pmarg = 1.054629e+02
tdc = 7.021807e+01
Doing analysis at TEMP = 27.000000 and TNOM = 27.000000

Using SPARSE 1.3 as Direct Linear Solver

No. of Data Rows : 801
fcross              =  2.54826e+05
pmarg               =  1.05326e+02
tdc                 =  7.02181e+01
mode=10db  rload=10k  rsrc=1m  pos=1  C=220p
fcross = 2.548258e+05
pmarg = 1.053258e+02
tdc = 7.021808e+01
Doing analysis at TEMP = 27.000000 and TNOM = 27.000000

Using SPARSE 1.3 as Direct Linear Solver

No. of Data Rows : 801
fcross              =  2.55034e+05
pmarg               =  1.05037e+02
tdc                 =  7.02181e+01
mode=10db  rload=10k  rsrc=1m  pos=1  C=470p
fcross = 2.550338e+05
pmarg = 1.050374e+02
tdc = 7.021809e+01
Doing analysis at TEMP = 27.000000 and TNOM = 27.000000

Using SPARSE 1.3 as Direct Linear Solver

No. of Data Rows : 801
fcross              =  2.55200e+05
pmarg               =  1.04418e+02
tdc                 =  7.02181e+01
mode=10db  rload=10k  rsrc=1m  pos=1  C=1n
fcross = 2.551997e+05
pmarg = 1.044179e+02
tdc = 7.021812e+01
Doing analysis at TEMP = 27.000000 and TNOM = 27.000000

Using SPARSE 1.3 as Direct Linear Solver

No. of Data Rows : 801
fcross              =  2.55015e+05
pmarg               =  1.03831e+02
tdc                 =  7.02182e+01
mode=10db  rload=10k  rsrc=1m  pos=1  C=1.5n
fcross = 2.550147e+05
pmarg = 1.038311e+02
tdc = 7.021815e+01
Doing analysis at TEMP = 27.000000 and TNOM = 27.000000

Using SPARSE 1.3 as Direct Linear Solver

No. of Data Rows : 801
fcross              =  2.54224e+05
pmarg               =  1.03022e+02
tdc                 =  7.02182e+01
mode=10db  rload=10k  rsrc=1m  pos=1  C=2.2n
fcross = 2.542241e+05
pmarg = 1.030222e+02
tdc = 7.021819e+01
Doing analysis at TEMP = 27.000000 and TNOM = 27.000000

Using SPARSE 1.3 as Direct Linear Solver

No. of Data Rows : 801
fcross              =  2.53313e+05
pmarg               =  1.02464e+02
tdc                 =  7.02182e+01
mode=10db  rload=10k  rsrc=1m  pos=1  C=2.7n
fcross = 2.533132e+05
pmarg = 1.024637e+02
tdc = 7.021822e+01
Doing analysis at TEMP = 27.000000 and TNOM = 27.000000

Using SPARSE 1.3 as Direct Linear Solver

No. of Data Rows : 801
fcross              =  2.51891e+05
pmarg               =  1.01825e+02
tdc                 =  7.02183e+01
mode=10db  rload=10k  rsrc=1m  pos=1  C=3.3n
fcross = 2.518915e+05
pmarg = 1.018246e+02
tdc = 7.021825e+01
Doing analysis at TEMP = 27.000000 and TNOM = 27.000000

Using SPARSE 1.3 as Direct Linear Solver

No. of Data Rows : 801
fcross              =  2.47653e+05
pmarg               =  1.00496e+02
tdc                 =  7.02183e+01
mode=10db  rload=10k  rsrc=1m  pos=1  C=4.7n
fcross = 2.476529e+05
pmarg = 1.004957e+02
tdc = 7.021833e+01
Doing analysis at TEMP = 27.000000 and TNOM = 27.000000

Using SPARSE 1.3 as Direct Linear Solver

No. of Data Rows : 801
fcross              =  2.54575e+05
pmarg               =  1.05576e+02
tdc                 =  7.02181e+01
mode=10db  rload=10k  rsrc=1m  pos=2  C=1f
fcross = 2.545751e+05
pmarg = 1.055764e+02
tdc = 7.021807e+01
Doing analysis at TEMP = 27.000000 and TNOM = 27.000000

Using SPARSE 1.3 as Direct Linear Solver

No. of Data Rows : 801
fcross              =  2.54636e+05
pmarg               =  1.05523e+02
tdc                 =  7.02181e+01
mode=10db  rload=10k  rsrc=1m  pos=2  C=47p
fcross = 2.546357e+05
pmarg = 1.055227e+02
tdc = 7.021807e+01
Doing analysis at TEMP = 27.000000 and TNOM = 27.000000

Using SPARSE 1.3 as Direct Linear Solver

No. of Data Rows : 801
fcross              =  2.54704e+05
pmarg               =  1.05462e+02
tdc                 =  7.02181e+01
mode=10db  rload=10k  rsrc=1m  pos=2  C=100p
fcross = 2.547038e+05
pmarg = 1.054620e+02
tdc = 7.021806e+01
Doing analysis at TEMP = 27.000000 and TNOM = 27.000000

Using SPARSE 1.3 as Direct Linear Solver

No. of Data Rows : 801
fcross              =  2.54857e+05
pmarg               =  1.05325e+02
tdc                 =  7.02181e+01
mode=10db  rload=10k  rsrc=1m  pos=2  C=220p
fcross = 2.548566e+05
pmarg = 1.053245e+02
tdc = 7.021806e+01
Doing analysis at TEMP = 27.000000 and TNOM = 27.000000

Using SPARSE 1.3 as Direct Linear Solver

No. of Data Rows : 801
fcross              =  2.55169e+05
pmarg               =  1.05037e+02
tdc                 =  7.02181e+01
mode=10db  rload=10k  rsrc=1m  pos=2  C=470p
fcross = 2.551689e+05
pmarg = 1.050371e+02
tdc = 7.021806e+01
Doing analysis at TEMP = 27.000000 and TNOM = 27.000000

Using SPARSE 1.3 as Direct Linear Solver

No. of Data Rows : 801
fcross              =  2.55803e+05
pmarg               =  1.04423e+02
tdc                 =  7.02180e+01
mode=10db  rload=10k  rsrc=1m  pos=2  C=1n
fcross = 2.558032e+05
pmarg = 1.044231e+02
tdc = 7.021805e+01
Doing analysis at TEMP = 27.000000 and TNOM = 27.000000

Using SPARSE 1.3 as Direct Linear Solver

No. of Data Rows : 801
fcross              =  2.56366e+05
pmarg               =  1.03839e+02
tdc                 =  7.02180e+01
mode=10db  rload=10k  rsrc=1m  pos=2  C=1.5n
fcross = 2.563658e+05
pmarg = 1.038386e+02
tdc = 7.021804e+01
Doing analysis at TEMP = 27.000000 and TNOM = 27.000000

Using SPARSE 1.3 as Direct Linear Solver

No. of Data Rows : 801
fcross              =  2.57094e+05
pmarg               =  1.03012e+02
tdc                 =  7.02180e+01
mode=10db  rload=10k  rsrc=1m  pos=2  C=2.2n
fcross = 2.570944e+05
pmarg = 1.030120e+02
tdc = 7.021802e+01
Doing analysis at TEMP = 27.000000 and TNOM = 27.000000

Using SPARSE 1.3 as Direct Linear Solver

No. of Data Rows : 801
fcross              =  2.57586e+05
pmarg               =  1.02416e+02
tdc                 =  7.02180e+01
mode=10db  rload=10k  rsrc=1m  pos=2  C=2.7n
fcross = 2.575862e+05
pmarg = 1.024157e+02
tdc = 7.021801e+01
Doing analysis at TEMP = 27.000000 and TNOM = 27.000000

Using SPARSE 1.3 as Direct Linear Solver

No. of Data Rows : 801
fcross              =  2.58123e+05
pmarg               =  1.01695e+02
tdc                 =  7.02180e+01
mode=10db  rload=10k  rsrc=1m  pos=2  C=3.3n
fcross = 2.581227e+05
pmarg = 1.016947e+02
tdc = 7.021800e+01
Doing analysis at TEMP = 27.000000 and TNOM = 27.000000

Using SPARSE 1.3 as Direct Linear Solver

No. of Data Rows : 801
fcross              =  2.59136e+05
pmarg               =  9.99939e+01
tdc                 =  7.02180e+01
mode=10db  rload=10k  rsrc=1m  pos=2  C=4.7n
fcross = 2.591362e+05
pmarg = 9.999390e+01
tdc = 7.021797e+01
Doing analysis at TEMP = 27.000000 and TNOM = 27.000000

Using SPARSE 1.3 as Direct Linear Solver

No. of Data Rows : 801
fcross              =  2.54573e+05
pmarg               =  1.05496e+02
tdc                 =  7.02180e+01
mode=10db  rload=10k  rsrc=1k  pos=1  C=1f
fcross = 2.545730e+05
pmarg = 1.054963e+02
tdc = 7.021802e+01
Doing analysis at TEMP = 27.000000 and TNOM = 27.000000

Using SPARSE 1.3 as Direct Linear Solver

No. of Data Rows : 801
fcross              =  2.54632e+05
pmarg               =  1.05443e+02
tdc                 =  7.02180e+01
mode=10db  rload=10k  rsrc=1k  pos=1  C=47p
fcross = 2.546318e+05
pmarg = 1.054430e+02
tdc = 7.021802e+01
Doing analysis at TEMP = 27.000000 and TNOM = 27.000000

Using SPARSE 1.3 as Direct Linear Solver

No. of Data Rows : 801
fcross              =  2.54695e+05
pmarg               =  1.05383e+02
tdc                 =  7.02180e+01
mode=10db  rload=10k  rsrc=1k  pos=1  C=100p
fcross = 2.546947e+05
pmarg = 1.053828e+02
tdc = 7.021803e+01
Doing analysis at TEMP = 27.000000 and TNOM = 27.000000

Using SPARSE 1.3 as Direct Linear Solver

No. of Data Rows : 801
fcross              =  2.54824e+05
pmarg               =  1.05246e+02
tdc                 =  7.02180e+01
mode=10db  rload=10k  rsrc=1k  pos=1  C=220p
fcross = 2.548237e+05
pmarg = 1.052457e+02
tdc = 7.021803e+01
Doing analysis at TEMP = 27.000000 and TNOM = 27.000000

Using SPARSE 1.3 as Direct Linear Solver

No. of Data Rows : 801
fcross              =  2.55032e+05
pmarg               =  1.04957e+02
tdc                 =  7.02180e+01
mode=10db  rload=10k  rsrc=1k  pos=1  C=470p
fcross = 2.550317e+05
pmarg = 1.049572e+02
tdc = 7.021805e+01
Doing analysis at TEMP = 27.000000 and TNOM = 27.000000

Using SPARSE 1.3 as Direct Linear Solver

No. of Data Rows : 801
fcross              =  2.55198e+05
pmarg               =  1.04338e+02
tdc                 =  7.02181e+01
mode=10db  rload=10k  rsrc=1k  pos=1  C=1n
fcross = 2.551976e+05
pmarg = 1.043377e+02
tdc = 7.021808e+01
Doing analysis at TEMP = 27.000000 and TNOM = 27.000000

Using SPARSE 1.3 as Direct Linear Solver

No. of Data Rows : 801
fcross              =  2.55013e+05
pmarg               =  1.03751e+02
tdc                 =  7.02181e+01
mode=10db  rload=10k  rsrc=1k  pos=1  C=1.5n
fcross = 2.550127e+05
pmarg = 1.037509e+02
tdc = 7.021811e+01
Doing analysis at TEMP = 27.000000 and TNOM = 27.000000

Using SPARSE 1.3 as Direct Linear Solver

No. of Data Rows : 801
fcross              =  2.54222e+05
pmarg               =  1.02942e+02
tdc                 =  7.02181e+01
mode=10db  rload=10k  rsrc=1k  pos=1  C=2.2n
fcross = 2.542221e+05
pmarg = 1.029422e+02
tdc = 7.021814e+01
Doing analysis at TEMP = 27.000000 and TNOM = 27.000000

Using SPARSE 1.3 as Direct Linear Solver

No. of Data Rows : 801
fcross              =  2.53311e+05
pmarg               =  1.02384e+02
tdc                 =  7.02182e+01
mode=10db  rload=10k  rsrc=1k  pos=1  C=2.7n
fcross = 2.533111e+05
pmarg = 1.023841e+02
tdc = 7.021817e+01
Doing analysis at TEMP = 27.000000 and TNOM = 27.000000

Using SPARSE 1.3 as Direct Linear Solver

No. of Data Rows : 801
fcross              =  2.51889e+05
pmarg               =  1.01745e+02
tdc                 =  7.02182e+01
mode=10db  rload=10k  rsrc=1k  pos=1  C=3.3n
fcross = 2.518895e+05
pmarg = 1.017455e+02
tdc = 7.021821e+01
Doing analysis at TEMP = 27.000000 and TNOM = 27.000000

Using SPARSE 1.3 as Direct Linear Solver

No. of Data Rows : 801
fcross              =  2.47651e+05
pmarg               =  1.00418e+02
tdc                 =  7.02183e+01
mode=10db  rload=10k  rsrc=1k  pos=1  C=4.7n
fcross = 2.476511e+05
pmarg = 1.004179e+02
tdc = 7.021828e+01
Doing analysis at TEMP = 27.000000 and TNOM = 27.000000

Using SPARSE 1.3 as Direct Linear Solver

No. of Data Rows : 801
fcross              =  2.54573e+05
pmarg               =  1.05496e+02
tdc                 =  7.02180e+01
mode=10db  rload=10k  rsrc=1k  pos=2  C=1f
fcross = 2.545730e+05
pmarg = 1.054963e+02
tdc = 7.021802e+01
Doing analysis at TEMP = 27.000000 and TNOM = 27.000000

Using SPARSE 1.3 as Direct Linear Solver

No. of Data Rows : 801
fcross              =  2.54634e+05
pmarg               =  1.05443e+02
tdc                 =  7.02180e+01
mode=10db  rload=10k  rsrc=1k  pos=2  C=47p
fcross = 2.546337e+05
pmarg = 1.054426e+02
tdc = 7.021802e+01
Doing analysis at TEMP = 27.000000 and TNOM = 27.000000

Using SPARSE 1.3 as Direct Linear Solver

No. of Data Rows : 801
fcross              =  2.54702e+05
pmarg               =  1.05382e+02
tdc                 =  7.02180e+01
mode=10db  rload=10k  rsrc=1k  pos=2  C=100p
fcross = 2.547017e+05
pmarg = 1.053819e+02
tdc = 7.021802e+01
Doing analysis at TEMP = 27.000000 and TNOM = 27.000000

Using SPARSE 1.3 as Direct Linear Solver

No. of Data Rows : 801
fcross              =  2.54855e+05
pmarg               =  1.05244e+02
tdc                 =  7.02180e+01
mode=10db  rload=10k  rsrc=1k  pos=2  C=220p
fcross = 2.548545e+05
pmarg = 1.052444e+02
tdc = 7.021802e+01
Doing analysis at TEMP = 27.000000 and TNOM = 27.000000

Using SPARSE 1.3 as Direct Linear Solver

No. of Data Rows : 801
fcross              =  2.55167e+05
pmarg               =  1.04957e+02
tdc                 =  7.02180e+01
mode=10db  rload=10k  rsrc=1k  pos=2  C=470p
fcross = 2.551668e+05
pmarg = 1.049568e+02
tdc = 7.021801e+01
Doing analysis at TEMP = 27.000000 and TNOM = 27.000000

Using SPARSE 1.3 as Direct Linear Solver

No. of Data Rows : 801
fcross              =  2.55801e+05
pmarg               =  1.04343e+02
tdc                 =  7.02180e+01
mode=10db  rload=10k  rsrc=1k  pos=2  C=1n
fcross = 2.558011e+05
pmarg = 1.043427e+02
tdc = 7.021800e+01
Doing analysis at TEMP = 27.000000 and TNOM = 27.000000

Using SPARSE 1.3 as Direct Linear Solver

No. of Data Rows : 801
fcross              =  2.56364e+05
pmarg               =  1.03758e+02
tdc                 =  7.02180e+01
mode=10db  rload=10k  rsrc=1k  pos=2  C=1.5n
fcross = 2.563637e+05
pmarg = 1.037580e+02
tdc = 7.021799e+01
Doing analysis at TEMP = 27.000000 and TNOM = 27.000000

Using SPARSE 1.3 as Direct Linear Solver

No. of Data Rows : 801
fcross              =  2.57092e+05
pmarg               =  1.02931e+02
tdc                 =  7.02180e+01
mode=10db  rload=10k  rsrc=1k  pos=2  C=2.2n
fcross = 2.570922e+05
pmarg = 1.029312e+02
tdc = 7.021798e+01
Doing analysis at TEMP = 27.000000 and TNOM = 27.000000

Using SPARSE 1.3 as Direct Linear Solver
 Reference value :  1.00000e+00
No. of Data Rows : 801
fcross              =  2.57584e+05
pmarg               =  1.02335e+02
tdc                 =  7.02180e+01
mode=10db  rload=10k  rsrc=1k  pos=2  C=2.7n
fcross = 2.575839e+05
pmarg = 1.023347e+02
tdc = 7.021797e+01
Doing analysis at TEMP = 27.000000 and TNOM = 27.000000

Using SPARSE 1.3 as Direct Linear Solver

No. of Data Rows : 801
fcross              =  2.58120e+05
pmarg               =  1.01614e+02
tdc                 =  7.02180e+01
mode=10db  rload=10k  rsrc=1k  pos=2  C=3.3n
fcross = 2.581205e+05
pmarg = 1.016136e+02
tdc = 7.021796e+01
Doing analysis at TEMP = 27.000000 and TNOM = 27.000000

Using SPARSE 1.3 as Direct Linear Solver

No. of Data Rows : 801
fcross              =  2.59134e+05
pmarg               =  9.99125e+01
tdc                 =  7.02179e+01
mode=10db  rload=10k  rsrc=1k  pos=2  C=4.7n
fcross = 2.591339e+05
pmarg = 9.991247e+01
tdc = 7.021793e+01
Doing analysis at TEMP = 27.000000 and TNOM = 27.000000

Using SPARSE 1.3 as Direct Linear Solver

No. of Data Rows : 801
fcross              =  2.54566e+05
pmarg               =  1.05376e+02
tdc                 =  7.02181e+01
mode=10db  rload=10k  rsrc=2.5k  pos=1  C=1f
fcross = 2.545656e+05
pmarg = 1.053764e+02
tdc = 7.021807e+01
Doing analysis at TEMP = 27.000000 and TNOM = 27.000000

Using SPARSE 1.3 as Direct Linear Solver

No. of Data Rows : 801
fcross              =  2.54624e+05
pmarg               =  1.05323e+02
tdc                 =  7.02181e+01
mode=10db  rload=10k  rsrc=2.5k  pos=1  C=47p
fcross = 2.546244e+05
pmarg = 1.053231e+02
tdc = 7.021807e+01
Doing analysis at TEMP = 27.000000 and TNOM = 27.000000

Using SPARSE 1.3 as Direct Linear Solver

No. of Data Rows : 801
fcross              =  2.54687e+05
pmarg               =  1.05263e+02
tdc                 =  7.02181e+01
mode=10db  rload=10k  rsrc=2.5k  pos=1  C=100p
fcross = 2.546873e+05
pmarg = 1.052629e+02
tdc = 7.021807e+01
Doing analysis at TEMP = 27.000000 and TNOM = 27.000000

Using SPARSE 1.3 as Direct Linear Solver

No. of Data Rows : 801
fcross              =  2.54816e+05
pmarg               =  1.05126e+02
tdc                 =  7.02181e+01
mode=10db  rload=10k  rsrc=2.5k  pos=1  C=220p
fcross = 2.548163e+05
pmarg = 1.051257e+02
tdc = 7.021808e+01
Doing analysis at TEMP = 27.000000 and TNOM = 27.000000

Using SPARSE 1.3 as Direct Linear Solver

No. of Data Rows : 801
fcross              =  2.55024e+05
pmarg               =  1.04837e+02
tdc                 =  7.02181e+01
mode=10db  rload=10k  rsrc=2.5k  pos=1  C=470p
fcross = 2.550243e+05
pmarg = 1.048371e+02
tdc = 7.021809e+01
Doing analysis at TEMP = 27.000000 and TNOM = 27.000000

Using SPARSE 1.3 as Direct Linear Solver

No. of Data Rows : 801
fcross              =  2.55190e+05
pmarg               =  1.04218e+02
tdc                 =  7.02181e+01
mode=10db  rload=10k  rsrc=2.5k  pos=1  C=1n
fcross = 2.551902e+05
pmarg = 1.042176e+02
tdc = 7.021812e+01
Doing analysis at TEMP = 27.000000 and TNOM = 27.000000

Using SPARSE 1.3 as Direct Linear Solver

No. of Data Rows : 801
fcross              =  2.55005e+05
pmarg               =  1.03631e+02
tdc                 =  7.02181e+01
mode=10db  rload=10k  rsrc=2.5k  pos=1  C=1.5n
fcross = 2.550053e+05
pmarg = 1.036309e+02
tdc = 7.021815e+01
Doing analysis at TEMP = 27.000000 and TNOM = 27.000000

Using SPARSE 1.3 as Direct Linear Solver

No. of Data Rows : 801
fcross              =  2.54215e+05
pmarg               =  1.02823e+02
tdc                 =  7.02182e+01
mode=10db  rload=10k  rsrc=2.5k  pos=1  C=2.2n
fcross = 2.542148e+05
pmarg = 1.028226e+02
tdc = 7.021819e+01
Doing analysis at TEMP = 27.000000 and TNOM = 27.000000

Using SPARSE 1.3 as Direct Linear Solver

No. of Data Rows : 801
fcross              =  2.53304e+05
pmarg               =  1.02265e+02
tdc                 =  7.02182e+01
mode=10db  rload=10k  rsrc=2.5k  pos=1  C=2.7n
fcross = 2.533040e+05
pmarg = 1.022649e+02
tdc = 7.021822e+01
Doing analysis at TEMP = 27.000000 and TNOM = 27.000000

Using SPARSE 1.3 as Direct Linear Solver

No. of Data Rows : 801
fcross              =  2.51882e+05
pmarg               =  1.01627e+02
tdc                 =  7.02182e+01
mode=10db  rload=10k  rsrc=2.5k  pos=1  C=3.3n
fcross = 2.518825e+05
pmarg = 1.016269e+02
tdc = 7.021825e+01
Doing analysis at TEMP = 27.000000 and TNOM = 27.000000

Using SPARSE 1.3 as Direct Linear Solver

No. of Data Rows : 801
fcross              =  2.47645e+05
pmarg               =  1.00301e+02
tdc                 =  7.02183e+01
mode=10db  rload=10k  rsrc=2.5k  pos=1  C=4.7n
fcross = 2.476447e+05
pmarg = 1.003014e+02
tdc = 7.021833e+01
Doing analysis at TEMP = 27.000000 and TNOM = 27.000000

Using SPARSE 1.3 as Direct Linear Solver

No. of Data Rows : 801
fcross              =  2.54566e+05
pmarg               =  1.05376e+02
tdc                 =  7.02181e+01
mode=10db  rload=10k  rsrc=2.5k  pos=2  C=1f
fcross = 2.545656e+05
pmarg = 1.053764e+02
tdc = 7.021807e+01
Doing analysis at TEMP = 27.000000 and TNOM = 27.000000

Using SPARSE 1.3 as Direct Linear Solver

No. of Data Rows : 801
fcross              =  2.54626e+05
pmarg               =  1.05323e+02
tdc                 =  7.02181e+01
mode=10db  rload=10k  rsrc=2.5k  pos=2  C=47p
fcross = 2.546263e+05
pmarg = 1.053227e+02
tdc = 7.021806e+01
Doing analysis at TEMP = 27.000000 and TNOM = 27.000000

Using SPARSE 1.3 as Direct Linear Solver

No. of Data Rows : 801
fcross              =  2.54694e+05
pmarg               =  1.05262e+02
tdc                 =  7.02181e+01
mode=10db  rload=10k  rsrc=2.5k  pos=2  C=100p
fcross = 2.546944e+05
pmarg = 1.052620e+02
tdc = 7.021806e+01
Doing analysis at TEMP = 27.000000 and TNOM = 27.000000

Using SPARSE 1.3 as Direct Linear Solver

No. of Data Rows : 801
fcross              =  2.54847e+05
pmarg               =  1.05124e+02
tdc                 =  7.02181e+01
mode=10db  rload=10k  rsrc=2.5k  pos=2  C=220p
fcross = 2.548471e+05
pmarg = 1.051244e+02
tdc = 7.021806e+01
Doing analysis at TEMP = 27.000000 and TNOM = 27.000000

Using SPARSE 1.3 as Direct Linear Solver

No. of Data Rows : 801
fcross              =  2.55159e+05
pmarg               =  1.04837e+02
tdc                 =  7.02181e+01
mode=10db  rload=10k  rsrc=2.5k  pos=2  C=470p
fcross = 2.551594e+05
pmarg = 1.048367e+02
tdc = 7.021806e+01
Doing analysis at TEMP = 27.000000 and TNOM = 27.000000

Using SPARSE 1.3 as Direct Linear Solver

No. of Data Rows : 801
fcross              =  2.55794e+05
pmarg               =  1.04222e+02
tdc                 =  7.02180e+01
mode=10db  rload=10k  rsrc=2.5k  pos=2  C=1n
fcross = 2.557936e+05
pmarg = 1.042223e+02
tdc = 7.021805e+01
Doing analysis at TEMP = 27.000000 and TNOM = 27.000000

Using SPARSE 1.3 as Direct Linear Solver

No. of Data Rows : 801
fcross              =  2.56356e+05
pmarg               =  1.03637e+02
tdc                 =  7.02180e+01
mode=10db  rload=10k  rsrc=2.5k  pos=2  C=1.5n
fcross = 2.563562e+05
pmarg = 1.036373e+02
tdc = 7.021804e+01
Doing analysis at TEMP = 27.000000 and TNOM = 27.000000

Using SPARSE 1.3 as Direct Linear Solver

No. of Data Rows : 801
fcross              =  2.57084e+05
pmarg               =  1.02810e+02
tdc                 =  7.02180e+01
mode=10db  rload=10k  rsrc=2.5k  pos=2  C=2.2n
fcross = 2.570843e+05
pmarg = 1.028102e+02
tdc = 7.021802e+01
Doing analysis at TEMP = 27.000000 and TNOM = 27.000000

Using SPARSE 1.3 as Direct Linear Solver

No. of Data Rows : 801
fcross              =  2.57576e+05
pmarg               =  1.02213e+02
tdc                 =  7.02180e+01
mode=10db  rload=10k  rsrc=2.5k  pos=2  C=2.7n
fcross = 2.575760e+05
pmarg = 1.022135e+02
tdc = 7.021801e+01
Doing analysis at TEMP = 27.000000 and TNOM = 27.000000

Using SPARSE 1.3 as Direct Linear Solver

No. of Data Rows : 801
fcross              =  2.58112e+05
pmarg               =  1.01492e+02
tdc                 =  7.02180e+01
mode=10db  rload=10k  rsrc=2.5k  pos=2  C=3.3n
fcross = 2.581124e+05
pmarg = 1.014922e+02
tdc = 7.021800e+01
Doing analysis at TEMP = 27.000000 and TNOM = 27.000000

Using SPARSE 1.3 as Direct Linear Solver

No. of Data Rows : 801
fcross              =  2.59126e+05
pmarg               =  9.97906e+01
tdc                 =  7.02180e+01
mode=10db  rload=10k  rsrc=2.5k  pos=2  C=4.7n
fcross = 2.591257e+05
pmarg = 9.979062e+01
tdc = 7.021797e+01
Doing analysis at TEMP = 27.000000 and TNOM = 27.000000

Using SPARSE 1.3 as Direct Linear Solver

No. of Data Rows : 801
fcross              =  2.54565e+05
pmarg               =  1.05371e+02
tdc                 =  7.02181e+01
mode=10db  rload=10k  rsrc=2.571k  pos=1  C=1f
fcross = 2.545652e+05
pmarg = 1.053708e+02
tdc = 7.021807e+01
Doing analysis at TEMP = 27.000000 and TNOM = 27.000000

Using SPARSE 1.3 as Direct Linear Solver

No. of Data Rows : 801
fcross              =  2.54624e+05
pmarg               =  1.05317e+02
tdc                 =  7.02181e+01
mode=10db  rload=10k  rsrc=2.571k  pos=1  C=47p
fcross = 2.546240e+05
pmarg = 1.053175e+02
tdc = 7.021807e+01
Doing analysis at TEMP = 27.000000 and TNOM = 27.000000

Using SPARSE 1.3 as Direct Linear Solver

No. of Data Rows : 801
fcross              =  2.54687e+05
pmarg               =  1.05257e+02
tdc                 =  7.02181e+01
mode=10db  rload=10k  rsrc=2.571k  pos=1  C=100p
fcross = 2.546869e+05
pmarg = 1.052572e+02
tdc = 7.021807e+01
Doing analysis at TEMP = 27.000000 and TNOM = 27.000000

Using SPARSE 1.3 as Direct Linear Solver

No. of Data Rows : 801
fcross              =  2.54816e+05
pmarg               =  1.05120e+02
tdc                 =  7.02181e+01
mode=10db  rload=10k  rsrc=2.571k  pos=1  C=220p
fcross = 2.548158e+05
pmarg = 1.051200e+02
tdc = 7.021808e+01
Doing analysis at TEMP = 27.000000 and TNOM = 27.000000

Using SPARSE 1.3 as Direct Linear Solver

No. of Data Rows : 801
fcross              =  2.55024e+05
pmarg               =  1.04831e+02
tdc                 =  7.02181e+01
mode=10db  rload=10k  rsrc=2.571k  pos=1  C=470p
fcross = 2.550238e+05
pmarg = 1.048315e+02
tdc = 7.021809e+01
Doing analysis at TEMP = 27.000000 and TNOM = 27.000000

Using SPARSE 1.3 as Direct Linear Solver

No. of Data Rows : 801
fcross              =  2.55190e+05
pmarg               =  1.04212e+02
tdc                 =  7.02181e+01
mode=10db  rload=10k  rsrc=2.571k  pos=1  C=1n
fcross = 2.551897e+05
pmarg = 1.042119e+02
tdc = 7.021812e+01
Doing analysis at TEMP = 27.000000 and TNOM = 27.000000

Using SPARSE 1.3 as Direct Linear Solver

No. of Data Rows : 801
fcross              =  2.55005e+05
pmarg               =  1.03625e+02
tdc                 =  7.02181e+01
mode=10db  rload=10k  rsrc=2.571k  pos=1  C=1.5n
fcross = 2.550048e+05
pmarg = 1.036252e+02
tdc = 7.021815e+01
Doing analysis at TEMP = 27.000000 and TNOM = 27.000000

Using SPARSE 1.3 as Direct Linear Solver

No. of Data Rows : 801
fcross              =  2.54214e+05
pmarg               =  1.02817e+02
tdc                 =  7.02182e+01
mode=10db  rload=10k  rsrc=2.571k  pos=1  C=2.2n
fcross = 2.542143e+05
pmarg = 1.028169e+02
tdc = 7.021819e+01
Doing analysis at TEMP = 27.000000 and TNOM = 27.000000

Using SPARSE 1.3 as Direct Linear Solver

No. of Data Rows : 801
fcross              =  2.53304e+05
pmarg               =  1.02259e+02
tdc                 =  7.02182e+01
mode=10db  rload=10k  rsrc=2.571k  pos=1  C=2.7n
fcross = 2.533035e+05
pmarg = 1.022592e+02
tdc = 7.021822e+01
Doing analysis at TEMP = 27.000000 and TNOM = 27.000000

Using SPARSE 1.3 as Direct Linear Solver

No. of Data Rows : 801
fcross              =  2.51882e+05
pmarg               =  1.01621e+02
tdc                 =  7.02183e+01
mode=10db  rload=10k  rsrc=2.571k  pos=1  C=3.3n
fcross = 2.518820e+05
pmarg = 1.016213e+02
tdc = 7.021825e+01
Doing analysis at TEMP = 27.000000 and TNOM = 27.000000

Using SPARSE 1.3 as Direct Linear Solver

No. of Data Rows : 801
fcross              =  2.47644e+05
pmarg               =  1.00296e+02
tdc                 =  7.02183e+01
mode=10db  rload=10k  rsrc=2.571k  pos=1  C=4.7n
fcross = 2.476443e+05
pmarg = 1.002959e+02
tdc = 7.021833e+01
Doing analysis at TEMP = 27.000000 and TNOM = 27.000000

Using SPARSE 1.3 as Direct Linear Solver

No. of Data Rows : 801
fcross              =  2.54565e+05
pmarg               =  1.05371e+02
tdc                 =  7.02181e+01
mode=10db  rload=10k  rsrc=2.571k  pos=2  C=1f
fcross = 2.545652e+05
pmarg = 1.053708e+02
tdc = 7.021807e+01
Doing analysis at TEMP = 27.000000 and TNOM = 27.000000

Using SPARSE 1.3 as Direct Linear Solver

No. of Data Rows : 801
fcross              =  2.54626e+05
pmarg               =  1.05317e+02
tdc                 =  7.02181e+01
mode=10db  rload=10k  rsrc=2.571k  pos=2  C=47p
fcross = 2.546258e+05
pmarg = 1.053170e+02
tdc = 7.021807e+01
Doing analysis at TEMP = 27.000000 and TNOM = 27.000000

Using SPARSE 1.3 as Direct Linear Solver

No. of Data Rows : 801
fcross              =  2.54694e+05
pmarg               =  1.05256e+02
tdc                 =  7.02181e+01
mode=10db  rload=10k  rsrc=2.571k  pos=2  C=100p
fcross = 2.546939e+05
pmarg = 1.052563e+02
tdc = 7.021806e+01
Doing analysis at TEMP = 27.000000 and TNOM = 27.000000

Using SPARSE 1.3 as Direct Linear Solver

No. of Data Rows : 801
fcross              =  2.54847e+05
pmarg               =  1.05119e+02
tdc                 =  7.02181e+01
mode=10db  rload=10k  rsrc=2.571k  pos=2  C=220p
fcross = 2.548467e+05
pmarg = 1.051187e+02
tdc = 7.021806e+01
Doing analysis at TEMP = 27.000000 and TNOM = 27.000000

Using SPARSE 1.3 as Direct Linear Solver

No. of Data Rows : 801
fcross              =  2.55159e+05
pmarg               =  1.04831e+02
tdc                 =  7.02181e+01
mode=10db  rload=10k  rsrc=2.571k  pos=2  C=470p
fcross = 2.551589e+05
pmarg = 1.048310e+02
tdc = 7.021806e+01
Doing analysis at TEMP = 27.000000 and TNOM = 27.000000

Using SPARSE 1.3 as Direct Linear Solver

No. of Data Rows : 801
fcross              =  2.55793e+05
pmarg               =  1.04217e+02
tdc                 =  7.02180e+01
mode=10db  rload=10k  rsrc=2.571k  pos=2  C=1n
fcross = 2.557932e+05
pmarg = 1.042166e+02
tdc = 7.021805e+01
Doing analysis at TEMP = 27.000000 and TNOM = 27.000000

Using SPARSE 1.3 as Direct Linear Solver

No. of Data Rows : 801
fcross              =  2.56356e+05
pmarg               =  1.03632e+02
tdc                 =  7.02180e+01
mode=10db  rload=10k  rsrc=2.571k  pos=2  C=1.5n
fcross = 2.563557e+05
pmarg = 1.036316e+02
tdc = 7.021804e+01
Doing analysis at TEMP = 27.000000 and TNOM = 27.000000

Using SPARSE 1.3 as Direct Linear Solver

No. of Data Rows : 801
fcross              =  2.57084e+05
pmarg               =  1.02805e+02
tdc                 =  7.02180e+01
mode=10db  rload=10k  rsrc=2.571k  pos=2  C=2.2n
fcross = 2.570838e+05
pmarg = 1.028045e+02
tdc = 7.021802e+01
Doing analysis at TEMP = 27.000000 and TNOM = 27.000000

Using SPARSE 1.3 as Direct Linear Solver

No. of Data Rows : 801
fcross              =  2.57575e+05
pmarg               =  1.02208e+02
tdc                 =  7.02180e+01
mode=10db  rload=10k  rsrc=2.571k  pos=2  C=2.7n
fcross = 2.575755e+05
pmarg = 1.022078e+02
tdc = 7.021801e+01
Doing analysis at TEMP = 27.000000 and TNOM = 27.000000

Using SPARSE 1.3 as Direct Linear Solver

No. of Data Rows : 801
fcross              =  2.58112e+05
pmarg               =  1.01486e+02
tdc                 =  7.02180e+01
mode=10db  rload=10k  rsrc=2.571k  pos=2  C=3.3n
fcross = 2.581119e+05
pmarg = 1.014864e+02
tdc = 7.021800e+01
Doing analysis at TEMP = 27.000000 and TNOM = 27.000000

Using SPARSE 1.3 as Direct Linear Solver

No. of Data Rows : 801
fcross              =  2.59125e+05
pmarg               =  9.97849e+01
tdc                 =  7.02180e+01
mode=10db  rload=10k  rsrc=2.571k  pos=2  C=4.7n
fcross = 2.591252e+05
pmarg = 9.978486e+01
tdc = 7.021797e+01
Doing analysis at TEMP = 27.000000 and TNOM = 27.000000

Using SPARSE 1.3 as Direct Linear Solver

No. of Data Rows : 801
fcross              =  2.54565e+05
pmarg               =  1.05368e+02
tdc                 =  7.02181e+01
mode=10db  rload=10k  rsrc=2.611k  pos=1  C=1f
fcross = 2.545649e+05
pmarg = 1.053676e+02
tdc = 7.021807e+01
Doing analysis at TEMP = 27.000000 and TNOM = 27.000000

Using SPARSE 1.3 as Direct Linear Solver

No. of Data Rows : 801
fcross              =  2.54624e+05
pmarg               =  1.05314e+02
tdc                 =  7.02181e+01
mode=10db  rload=10k  rsrc=2.611k  pos=1  C=47p
fcross = 2.546237e+05
pmarg = 1.053143e+02
tdc = 7.021807e+01
Doing analysis at TEMP = 27.000000 and TNOM = 27.000000

Using SPARSE 1.3 as Direct Linear Solver

No. of Data Rows : 801
fcross              =  2.54687e+05
pmarg               =  1.05254e+02
tdc                 =  7.02181e+01
mode=10db  rload=10k  rsrc=2.611k  pos=1  C=100p
fcross = 2.546866e+05
pmarg = 1.052540e+02
tdc = 7.021807e+01
Doing analysis at TEMP = 27.000000 and TNOM = 27.000000

Using SPARSE 1.3 as Direct Linear Solver

No. of Data Rows : 801
fcross              =  2.54816e+05
pmarg               =  1.05117e+02
tdc                 =  7.02181e+01
mode=10db  rload=10k  rsrc=2.611k  pos=1  C=220p
fcross = 2.548156e+05
pmarg = 1.051168e+02
tdc = 7.021808e+01
Doing analysis at TEMP = 27.000000 and TNOM = 27.000000

Using SPARSE 1.3 as Direct Linear Solver

No. of Data Rows : 801
fcross              =  2.55024e+05
pmarg               =  1.04828e+02
tdc                 =  7.02181e+01
mode=10db  rload=10k  rsrc=2.611k  pos=1  C=470p
fcross = 2.550235e+05
pmarg = 1.048283e+02
tdc = 7.021809e+01
Doing analysis at TEMP = 27.000000 and TNOM = 27.000000

Using SPARSE 1.3 as Direct Linear Solver

No. of Data Rows : 801
fcross              =  2.55189e+05
pmarg               =  1.04209e+02
tdc                 =  7.02181e+01
mode=10db  rload=10k  rsrc=2.611k  pos=1  C=1n
fcross = 2.551895e+05
pmarg = 1.042087e+02
tdc = 7.021812e+01
Doing analysis at TEMP = 27.000000 and TNOM = 27.000000

Using SPARSE 1.3 as Direct Linear Solver

No. of Data Rows : 801
fcross              =  2.55005e+05
pmarg               =  1.03622e+02
tdc                 =  7.02181e+01
mode=10db  rload=10k  rsrc=2.611k  pos=1  C=1.5n
fcross = 2.550045e+05
pmarg = 1.036220e+02
tdc = 7.021815e+01
Doing analysis at TEMP = 27.000000 and TNOM = 27.000000

Using SPARSE 1.3 as Direct Linear Solver

No. of Data Rows : 801
fcross              =  2.54214e+05
pmarg               =  1.02814e+02
tdc                 =  7.02182e+01
mode=10db  rload=10k  rsrc=2.611k  pos=1  C=2.2n
fcross = 2.542140e+05
pmarg = 1.028138e+02
tdc = 7.021819e+01
Doing analysis at TEMP = 27.000000 and TNOM = 27.000000

Using SPARSE 1.3 as Direct Linear Solver

No. of Data Rows : 801
fcross              =  2.53303e+05
pmarg               =  1.02256e+02
tdc                 =  7.02182e+01
mode=10db  rload=10k  rsrc=2.611k  pos=1  C=2.7n
fcross = 2.533032e+05
pmarg = 1.022561e+02
tdc = 7.021822e+01
Doing analysis at TEMP = 27.000000 and TNOM = 27.000000

Using SPARSE 1.3 as Direct Linear Solver

No. of Data Rows : 801
fcross              =  2.51882e+05
pmarg               =  1.01618e+02
tdc                 =  7.02183e+01
mode=10db  rload=10k  rsrc=2.611k  pos=1  C=3.3n
fcross = 2.518817e+05
pmarg = 1.016182e+02
tdc = 7.021825e+01
Doing analysis at TEMP = 27.000000 and TNOM = 27.000000

Using SPARSE 1.3 as Direct Linear Solver

No. of Data Rows : 801
fcross              =  2.47644e+05
pmarg               =  1.00293e+02
tdc                 =  7.02183e+01
mode=10db  rload=10k  rsrc=2.611k  pos=1  C=4.7n
fcross = 2.476441e+05
pmarg = 1.002928e+02
tdc = 7.021833e+01
Doing analysis at TEMP = 27.000000 and TNOM = 27.000000

Using SPARSE 1.3 as Direct Linear Solver

No. of Data Rows : 801
fcross              =  2.54565e+05
pmarg               =  1.05368e+02
tdc                 =  7.02181e+01
mode=10db  rload=10k  rsrc=2.611k  pos=2  C=1f
fcross = 2.545649e+05
pmarg = 1.053676e+02
tdc = 7.021807e+01
Doing analysis at TEMP = 27.000000 and TNOM = 27.000000

Using SPARSE 1.3 as Direct Linear Solver

No. of Data Rows : 801
fcross              =  2.54626e+05
pmarg               =  1.05314e+02
tdc                 =  7.02181e+01
mode=10db  rload=10k  rsrc=2.611k  pos=2  C=47p
fcross = 2.546255e+05
pmarg = 1.053138e+02
tdc = 7.021806e+01
Doing analysis at TEMP = 27.000000 and TNOM = 27.000000

Using SPARSE 1.3 as Direct Linear Solver

No. of Data Rows : 801
fcross              =  2.54694e+05
pmarg               =  1.05253e+02
tdc                 =  7.02181e+01
mode=10db  rload=10k  rsrc=2.611k  pos=2  C=100p
fcross = 2.546936e+05
pmarg = 1.052531e+02
tdc = 7.021806e+01
Doing analysis at TEMP = 27.000000 and TNOM = 27.000000

Using SPARSE 1.3 as Direct Linear Solver

No. of Data Rows : 801
fcross              =  2.54846e+05
pmarg               =  1.05116e+02
tdc                 =  7.02181e+01
mode=10db  rload=10k  rsrc=2.611k  pos=2  C=220p
fcross = 2.548464e+05
pmarg = 1.051155e+02
tdc = 7.021806e+01
Doing analysis at TEMP = 27.000000 and TNOM = 27.000000

Using SPARSE 1.3 as Direct Linear Solver

No. of Data Rows : 801
fcross              =  2.55159e+05
pmarg               =  1.04828e+02
tdc                 =  7.02181e+01
mode=10db  rload=10k  rsrc=2.611k  pos=2  C=470p
fcross = 2.551587e+05
pmarg = 1.048278e+02
tdc = 7.021806e+01
Doing analysis at TEMP = 27.000000 and TNOM = 27.000000

Using SPARSE 1.3 as Direct Linear Solver

No. of Data Rows : 801
fcross              =  2.55793e+05
pmarg               =  1.04213e+02
tdc                 =  7.02180e+01
mode=10db  rload=10k  rsrc=2.611k  pos=2  C=1n
fcross = 2.557929e+05
pmarg = 1.042134e+02
tdc = 7.021805e+01
Doing analysis at TEMP = 27.000000 and TNOM = 27.000000

Using SPARSE 1.3 as Direct Linear Solver

No. of Data Rows : 801
fcross              =  2.56355e+05
pmarg               =  1.03628e+02
tdc                 =  7.02180e+01
mode=10db  rload=10k  rsrc=2.611k  pos=2  C=1.5n
fcross = 2.563554e+05
pmarg = 1.036284e+02
tdc = 7.021804e+01
Doing analysis at TEMP = 27.000000 and TNOM = 27.000000

Using SPARSE 1.3 as Direct Linear Solver

No. of Data Rows : 801
fcross              =  2.57083e+05
pmarg               =  1.02801e+02
tdc                 =  7.02180e+01
mode=10db  rload=10k  rsrc=2.611k  pos=2  C=2.2n
fcross = 2.570835e+05
pmarg = 1.028013e+02
tdc = 7.021802e+01
Doing analysis at TEMP = 27.000000 and TNOM = 27.000000

Using SPARSE 1.3 as Direct Linear Solver

No. of Data Rows : 801
fcross              =  2.57575e+05
pmarg               =  1.02205e+02
tdc                 =  7.02180e+01
mode=10db  rload=10k  rsrc=2.611k  pos=2  C=2.7n
fcross = 2.575752e+05
pmarg = 1.022045e+02
tdc = 7.021801e+01
Doing analysis at TEMP = 27.000000 and TNOM = 27.000000

Using SPARSE 1.3 as Direct Linear Solver

No. of Data Rows : 801
fcross              =  2.58112e+05
pmarg               =  1.01483e+02
tdc                 =  7.02180e+01
mode=10db  rload=10k  rsrc=2.611k  pos=2  C=3.3n
fcross = 2.581116e+05
pmarg = 1.014832e+02
tdc = 7.021800e+01
Doing analysis at TEMP = 27.000000 and TNOM = 27.000000

Using SPARSE 1.3 as Direct Linear Solver

No. of Data Rows : 801
fcross              =  2.59125e+05
pmarg               =  9.97816e+01
tdc                 =  7.02180e+01
mode=10db  rload=10k  rsrc=2.611k  pos=2  C=4.7n
fcross = 2.591249e+05
pmarg = 9.978162e+01
tdc = 7.021797e+01
Note: Simulation executed from .control section 
