 2.00000000e-01 -8.57936416e+00  2.00000000e-01  6.78862396e+01 
 2.02316202e-01 -8.49366474e+00  2.02316202e-01  6.76552062e+01 
 2.04659228e-01 -8.40825009e+00  2.04659228e-01  6.74222739e+01 
 2.07029388e-01 -8.32312491e+00  2.07029388e-01  6.71874425e+01 
 2.09426997e-01 -8.23829392e+00  2.09426997e-01  6.69507125e+01 
 2.11852373e-01 -8.15376186e+00  2.11852373e-01  6.67120849e+01 
 2.14305837e-01 -8.06953354e+00  2.14305837e-01  6.64715610e+01 
 2.16787715e-01 -7.98561377e+00  2.16787715e-01  6.62291430e+01 
 2.19298335e-01 -7.90200741e+00  2.19298335e-01  6.59848334e+01 
 2.21838031e-01 -7.81871935e+00  2.21838031e-01  6.57386353e+01 
 2.24407140e-01 -7.73575451e+00  2.24407140e-01  6.54905525e+01 
 2.27006001e-01 -7.65311782e+00  2.27006001e-01  6.52405893e+01 
 2.29634959e-01 -7.57081426e+00  2.29634959e-01  6.49887506e+01 
 2.32294364e-01 -7.48884882e+00  2.32294364e-01  6.47350420e+01 
 2.34984567e-01 -7.40722651e+00  2.34984567e-01  6.44794695e+01 
 2.37705925e-01 -7.32595235e+00  2.37705925e-01  6.42220401e+01 
 2.40458800e-01 -7.24503141e+00  2.40458800e-01  6.39627612e+01 
 2.43243555e-01 -7.16446875e+00  2.43243555e-01  6.37016407e+01 
 2.46060561e-01 -7.08426944e+00  2.46060561e-01  6.34386877e+01 
 2.48910190e-01 -7.00443857e+00  2.48910190e-01  6.31739113e+01 
 2.51792821e-01 -6.92498123e+00  2.51792821e-01  6.29073219e+01 
 2.54708836e-01 -6.84590253e+00  2.54708836e-01  6.26389302e+01 
 2.57658622e-01 -6.76720757e+00  2.57658622e-01  6.23687478e+01 
 2.60642568e-01 -6.68890145e+00  2.60642568e-01  6.20967869e+01 
 2.63661072e-01 -6.61098927e+00  2.63661072e-01  6.18230604e+01 
 2.66714534e-01 -6.53347613e+00  2.66714534e-01  6.15475821e+01 
 2.69803357e-01 -6.45636711e+00  2.69803357e-01  6.12703664e+01 
 2.72927952e-01 -6.37966729e+00  2.72927952e-01  6.09914284e+01 
 2.76088733e-01 -6.30338173e+00  2.76088733e-01  6.07107840e+01 
 2.79286119e-01 -6.22751547e+00  2.79286119e-01  6.04284500e+01 
 2.82520534e-01 -6.15207354e+00  2.82520534e-01  6.01444436e+01 
 2.85792407e-01 -6.07706094e+00  2.85792407e-01  5.98587832e+01 
 2.89102171e-01 -6.00248263e+00  2.89102171e-01  5.95714876e+01 
 2.92450266e-01 -5.92834357e+00  2.92450266e-01  5.92825765e+01 
 2.95837135e-01 -5.85464865e+00  2.95837135e-01  5.89920704e+01 
 2.99263228e-01 -5.78140275e+00  2.99263228e-01  5.86999905e+01 
 3.02728998e-01 -5.70861070e+00  3.02728998e-01  5.84063588e+01 
 3.06234905e-01 -5.63627730e+00  3.06234905e-01  5.81111980e+01 
 3.09781414e-01 -5.56440726e+00  3.09781414e-01  5.78145318e+01 
 3.13368996e-01 -5.49300530e+00  3.13368996e-01  5.75163844e+01 
 3.16998125e-01 -5.42207603e+00  3.16998125e-01  5.72167809e+01 
 3.20669283e-01 -5.35162405e+00  3.20669283e-01  5.69157470e+01 
 3.24382957e-01 -5.28165385e+00  3.24382957e-01  5.66133093e+01 
 3.28139639e-01 -5.21216990e+00  3.28139639e-01  5.63094952e+01 
 3.31939827e-01 -5.14317656e+00  3.31939827e-01  5.60043328e+01 
 3.35784025e-01 -5.07467816e+00  3.35784025e-01  5.56978507e+01 
 3.39672743e-01 -5.00667892e+00  3.39672743e-01  5.53900786e+01 
 3.43606496e-01 -4.93918300e+00  3.43606496e-01  5.50810466e+01 
 3.47585805e-01 -4.87219446e+00  3.47585805e-01  5.47707857e+01 
 3.51611200e-01 -4.80571729e+00  3.51611200e-01  5.44593276e+01 
 3.55683212e-01 -4.73975539e+00  3.55683212e-01  5.41467046e+01 
 3.59802383e-01 -4.67431254e+00  3.59802383e-01  5.38329497e+01 
 3.63969257e-01 -4.60939247e+00  3.63969257e-01  5.35180966e+01 
 3.68184388e-01 -4.54499875e+00  3.68184388e-01  5.32021795e+01 
 3.72448335e-01 -4.48113491e+00  3.72448335e-01  5.28852335e+01 
 3.76761663e-01 -4.41780432e+00  3.76761663e-01  5.25672941e+01 
 3.81124943e-01 -4.35501027e+00  3.81124943e-01  5.22483974e+01 
 3.85538754e-01 -4.29275593e+00  3.85538754e-01  5.19285803e+01 
 3.90003682e-01 -4.23104435e+00  3.90003682e-01  5.16078800e+01 
 3.94520318e-01 -4.16987847e+00  3.94520318e-01  5.12863343e+01 
 3.99089261e-01 -4.10926109e+00  3.99089261e-01  5.09639818e+01 
 4.03711118e-01 -4.04919491e+00  4.03711118e-01  5.06408612e+01 
 4.08386500e-01 -3.98968247e+00  4.08386500e-01  5.03170119e+01 
 4.13116027e-01 -3.93072622e+00  4.13116027e-01  4.99924738e+01 
 4.17900328e-01 -3.87232844e+00  4.17900328e-01  4.96672871e+01 
 4.22740035e-01 -3.81449130e+00  4.22740035e-01  4.93414925e+01 
 4.27635791e-01 -3.75721683e+00  4.27635791e-01  4.90151311e+01 
 4.32588245e-01 -3.70050691e+00  4.32588245e-01  4.86882443e+01 
 4.37598053e-01 -3.64436329e+00  4.37598053e-01  4.83608740e+01 
 4.42665880e-01 -3.58878756e+00  4.42665880e-01  4.80330621e+01 
 4.47792398e-01 -3.53378120e+00  4.47792398e-01  4.77048511e+01 
 4.52978286e-01 -3.47934550e+00  4.52978286e-01  4.73762836e+01 
 4.58224231e-01 -3.42548164e+00  4.58224231e-01  4.70474025e+01 
 4.63530930e-01 -3.37219062e+00  4.63530930e-01  4.67182509e+01 
 4.68899086e-01 -3.31947333e+00  4.68899086e-01  4.63888720e+01 
 4.74329410e-01 -3.26733047e+00  4.74329410e-01  4.60593092e+01 
 4.79822623e-01 -3.21576262e+00  4.79822623e-01  4.57296062e+01 
 4.85379453e-01 -3.16477017e+00  4.85379453e-01  4.53998064e+01 
 4.91000637e-01 -3.11435340e+00  4.91000637e-01  4.50699536e+01 
 4.96686920e-01 -3.06451242e+00  4.96686920e-01  4.47400915e+01 
 5.02439056e-01 -3.01524717e+00  5.02439056e-01  4.44102639e+01 
 5.08257807e-01 -2.96655747e+00  5.08257807e-01  4.40805144e+01 
 5.14143945e-01 -2.91844296e+00  5.14143945e-01  4.37508867e+01 
 5.20098251e-01 -2.87090315e+00  5.20098251e-01  4.34214244e+01 
 5.26121513e-01 -2.82393738e+00  5.26121513e-01  4.30921709e+01 
 5.32214531e-01 -2.77754484e+00  5.32214531e-01  4.27631696e+01 
 5.38378112e-01 -2.73172459e+00  5.38378112e-01  4.24344637e+01 
 5.44613074e-01 -2.68647552e+00  5.44613074e-01  4.21060960e+01 
 5.50920243e-01 -2.64179639e+00  5.50920243e-01  4.17781093e+01 
 5.57300455e-01 -2.59768579e+00  5.57300455e-01  4.14505462e+01 
 5.63754556e-01 -2.55414218e+00  5.63754556e-01  4.11234489e+01 
 5.70283403e-01 -2.51116388e+00  5.70283403e-01  4.07968592e+01 
 5.76887860e-01 -2.46874907e+00  5.76887860e-01  4.04708188e+01 
 5.83568804e-01 -2.42689577e+00  5.83568804e-01  4.01453689e+01 
 5.90327119e-01 -2.38560189e+00  5.90327119e-01  3.98205503e+01 
 5.97163703e-01 -2.34486517e+00  5.97163703e-01  3.94964034e+01 
 6.04079461e-01 -2.30468326e+00  6.04079461e-01  3.91729684e+01 
 6.11075310e-01 -2.26505364e+00  6.11075310e-01  3.88502848e+01 
 6.18152179e-01 -2.22597368e+00  6.18152179e-01  3.85283916e+01 
 6.25311005e-01 -2.18744062e+00  6.25311005e-01  3.82073275e+01 
 6.32552737e-01 -2.14945159e+00  6.32552737e-01  3.78871306e+01 
 6.39878336e-01 -2.11200357e+00  6.39878336e-01  3.75678383e+01 
 6.47288773e-01 -2.07509345e+00  6.47288773e-01  3.72494878e+01 
 6.54785030e-01 -2.03871800e+00  6.54785030e-01  3.69321153e+01 
 6.62368101e-01 -2.00287387e+00  6.62368101e-01  3.66157568e+01 
 6.70038992e-01 -1.96755760e+00  6.70038992e-01  3.63004474e+01 
 6.77798719e-01 -1.93276563e+00  6.77798719e-01  3.59862218e+01 
 6.85648312e-01 -1.89849432e+00  6.85648312e-01  3.56731138e+01 
 6.93588812e-01 -1.86473989e+00  6.93588812e-01  3.53611567e+01 
 7.01621270e-01 -1.83149849e+00  7.01621270e-01  3.50503833e+01 
 7.09746752e-01 -1.79876618e+00  7.09746752e-01  3.47408254e+01 
 7.17966335e-01 -1.76653893e+00  7.17966335e-01  3.44325142e+01 
 7.26281110e-01 -1.73481261e+00  7.26281110e-01  3.41254804e+01 
 7.34692178e-01 -1.70358302e+00  7.34692178e-01  3.38197537e+01 
 7.43200655e-01 -1.67284590e+00  7.43200655e-01  3.35153632e+01 
 7.51807668e-01 -1.64259688e+00  7.51807668e-01  3.32123373e+01 
 7.60514359e-01 -1.61283156e+00  7.60514359e-01  3.29107037e+01 
 7.69321883e-01 -1.58354544e+00  7.69321883e-01  3.26104892e+01 
 7.78231406e-01 -1.55473396e+00  7.78231406e-01  3.23117199e+01 
 7.87244111e-01 -1.52639253e+00  7.87244111e-01  3.20144213e+01 
 7.96361192e-01 -1.49851647e+00  7.96361192e-01  3.17186180e+01 
 8.05583858e-01 -1.47110107e+00  8.05583858e-01  3.14243338e+01 
 8.14913332e-01 -1.44414155e+00  8.14913332e-01  3.11315917e+01 
 8.24350851e-01 -1.41763312e+00  8.24350851e-01  3.08404142e+01 
 8.33897665e-01 -1.39157090e+00  8.33897665e-01  3.05508228e+01 
 8.43555041e-01 -1.36595001e+00  8.43555041e-01  3.02628383e+01 
 8.53324260e-01 -1.34076552e+00  8.53324260e-01  2.99764806e+01 
 8.63206616e-01 -1.31601247e+00  8.63206616e-01  2.96917691e+01 
 8.73203419e-01 -1.29168587e+00  8.73203419e-01  2.94087223e+01 
 8.83315996e-01 -1.26778071e+00  8.83315996e-01  2.91273578e+01 
 8.93545686e-01 -1.24429195e+00  8.93545686e-01  2.88476927e+01 
 9.03893847e-01 -1.22121454e+00  9.03893847e-01  2.85697431e+01 
 9.14361849e-01 -1.19854341e+00  9.14361849e-01  2.82935246e+01 
 9.24951082e-01 -1.17627348e+00  9.24951082e-01  2.80190520e+01 
 9.35662949e-01 -1.15439965e+00  9.35662949e-01  2.77463391e+01 
 9.46498870e-01 -1.13291683e+00  9.46498870e-01  2.74753992e+01 
 9.57460281e-01 -1.11181992e+00  9.57460281e-01  2.72062450e+01 
 9.68548637e-01 -1.09110380e+00  9.68548637e-01  2.69388883e+01 
 9.79765408e-01 -1.07076339e+00  9.79765408e-01  2.66733401e+01 
 9.91112080e-01 -1.05079358e+00  9.91112080e-01  2.64096109e+01 
 1.00259016e+00 -1.03118928e+00  1.00259016e+00  2.61477104e+01 
 1.01420116e+00 -1.01194541e+00  1.01420116e+00  2.58876477e+01 
 1.02594664e+00 -9.93056896e-01  1.02594664e+00  2.56294312e+01 
 1.03782813e+00 -9.74518688e-01  1.03782813e+00  2.53730686e+01 
 1.04984723e+00 -9.56325744e-01  1.04984723e+00  2.51185669e+01 
 1.06200552e+00 -9.38473042e-01  1.06200552e+00  2.48659327e+01 
 1.07430462e+00 -9.20955582e-01  1.07430462e+00  2.46151716e+01 
 1.08674615e+00 -9.03768386e-01  1.08674615e+00  2.43662889e+01 
 1.09933176e+00 -8.86906499e-01  1.09933176e+00  2.41192891e+01 
 1.11206313e+00 -8.70364994e-01  1.11206313e+00  2.38741763e+01 
 1.12494195e+00 -8.54138971e-01  1.12494195e+00  2.36309537e+01 
 1.13796991e+00 -8.38223562e-01  1.13796991e+00  2.33896243e+01 
 1.15114875e+00 -8.22613927e-01  1.15114875e+00  2.31501903e+01 
 1.16448021e+00 -8.07305262e-01  1.16448021e+00  2.29126534e+01 
 1.17796607e+00 -7.92292795e-01  1.17796607e+00  2.26770147e+01 
 1.19160810e+00 -7.77571792e-01  1.19160810e+00  2.24432750e+01 
 1.20540813e+00 -7.63137554e-01  1.20540813e+00  2.22114342e+01 
 1.21936797e+00 -7.48985423e-01  1.21936797e+00  2.19814922e+01 
 1.23348948e+00 -7.35110779e-01  1.23348948e+00  2.17534479e+01 
 1.24777453e+00 -7.21509044e-01  1.24777453e+00  2.15273001e+01 
 1.26222502e+00 -7.08175679e-01  1.26222502e+00  2.13030470e+01 
 1.27684286e+00 -6.95106190e-01  1.27684286e+00  2.10806863e+01 
 1.29162999e+00 -6.82296128e-01  1.29162999e+00  2.08602154e+01 
 1.30658837e+00 -6.69741087e-01  1.30658837e+00  2.06416311e+01 
 1.32171998e+00 -6.57436705e-01  1.32171998e+00  2.04249298e+01 
 1.33702683e+00 -6.45378669e-01  1.33702683e+00  2.02101078e+01 
 1.35251095e+00 -6.33562710e-01  1.35251095e+00  1.99971606e+01 
 1.36817439e+00 -6.21984609e-01  1.36817439e+00  1.97860835e+01 
 1.38401923e+00 -6.10640193e-01  1.38401923e+00  1.95768715e+01 
 1.40004757e+00 -5.99525339e-01  1.40004757e+00  1.93695192e+01 
 1.41626153e+00 -5.88635972e-01  1.41626153e+00  1.91640208e+01 
 1.43266327e+00 -5.77968066e-01  1.43266327e+00  1.89603701e+01 
 1.44925496e+00 -5.67517645e-01  1.44925496e+00  1.87585609e+01 
 1.46603879e+00 -5.57280784e-01  1.46603879e+00  1.85585863e+01 
 1.48301700e+00 -5.47253607e-01  1.48301700e+00  1.83604393e+01 
 1.50019183e+00 -5.37432289e-01  1.50019183e+00  1.81641126e+01 
 1.51756557e+00 -5.27813056e-01  1.51756557e+00  1.79695987e+01 
 1.53514051e+00 -5.18392183e-01  1.53514051e+00  1.77768896e+01 
 1.55291899e+00 -5.09165998e-01  1.55291899e+00  1.75859773e+01 
 1.57090335e+00 -5.00130878e-01  1.57090335e+00  1.73968534e+01 
 1.58909600e+00 -4.91283254e-01  1.58909600e+00  1.72095093e+01 
 1.60749933e+00 -4.82619603e-01  1.60749933e+00  1.70239362e+01 
 1.62611580e+00 -4.74136457e-01  1.62611580e+00  1.68401251e+01 
 1.64494786e+00 -4.65830397e-01  1.64494786e+00  1.66580668e+01 
 1.66399802e+00 -4.57698054e-01  1.66399802e+00  1.64777517e+01 
 1.68326879e+00 -4.49736111e-01  1.68326879e+00  1.62991704e+01 
 1.70276274e+00 -4.41941301e-01  1.70276274e+00  1.61223129e+01 
 1.72248245e+00 -4.34310406e-01  1.72248245e+00  1.59471694e+01 
 1.74243054e+00 -4.26840257e-01  1.74243054e+00  1.57737297e+01 
 1.76260964e+00 -4.19527738e-01  1.76260964e+00  1.56019834e+01 
 1.78302244e+00 -4.12369779e-01  1.78302244e+00  1.54319203e+01 
 1.80367164e+00 -4.05363360e-01  1.80367164e+00  1.52635297e+01 
 1.82455997e+00 -3.98505510e-01  1.82455997e+00  1.50968010e+01 
 1.84569022e+00 -3.91793305e-01  1.84569022e+00  1.49317233e+01 
 1.86706517e+00 -3.85223872e-01  1.86706517e+00  1.47682857e+01 
 1.88868767e+00 -3.78794382e-01  1.88868767e+00  1.46064771e+01 
 1.91056058e+00 -3.72502055e-01  1.91056058e+00  1.44462866e+01 
 1.93268680e+00 -3.66344157e-01  1.93268680e+00  1.42877027e+01 
 1.95506926e+00 -3.60318002e-01  1.95506926e+00  1.41307143e+01 
 1.97771094e+00 -3.54420947e-01  1.97771094e+00  1.39753099e+01 
 2.00061483e+00 -3.48650397e-01  2.00061483e+00  1.38214781e+01 
 2.02378396e+00 -3.43003801e-01  2.02378396e+00  1.36692074e+01 
 2.04722142e+00 -3.37478652e-01  2.04722142e+00  1.35184861e+01 
 2.07093031e+00 -3.32072488e-01  2.07093031e+00  1.33693026e+01 
 2.09491378e+00 -3.26782889e-01  2.09491378e+00  1.32216454e+01 
 2.11917499e+00 -3.21607481e-01  2.11917499e+00  1.30755025e+01 
 2.14371718e+00 -3.16543930e-01  2.14371718e+00  1.29308623e+01 
 2.16854358e+00 -3.11589944e-01  2.16854358e+00  1.27877129e+01 
 2.19365751e+00 -3.06743274e-01  2.19365751e+00  1.26460425e+01 
 2.21906227e+00 -3.02001711e-01  2.21906227e+00  1.25058393e+01 
 2.24476125e+00 -2.97363086e-01  2.24476125e+00  1.23670913e+01 
 2.27075785e+00 -2.92825272e-01  2.27075785e+00  1.22297868e+01 
 2.29705552e+00 -2.88386179e-01  2.29705552e+00  1.20939138e+01 
 2.32365774e+00 -2.84043758e-01  2.32365774e+00  1.19594604e+01 
 2.35056804e+00 -2.79795996e-01  2.35056804e+00  1.18264146e+01 
 2.37778999e+00 -2.75640920e-01  2.37778999e+00  1.16947647e+01 
 2.40532720e+00 -2.71576593e-01  2.40532720e+00  1.15644987e+01 
 2.43318331e+00 -2.67601116e-01  2.43318331e+00  1.14356047e+01 
 2.46136203e+00 -2.63712625e-01  2.46136203e+00  1.13080708e+01 
 2.48986709e+00 -2.59909292e-01  2.48986709e+00  1.11818853e+01 
 2.51870226e+00 -2.56189323e-01  2.51870226e+00  1.10570362e+01 
 2.54787137e+00 -2.52550962e-01  2.54787137e+00  1.09335117e+01 
 2.57737829e+00 -2.48992484e-01  2.57737829e+00  1.08113002e+01 
 2.60722693e+00 -2.45512198e-01  2.60722693e+00  1.06903897e+01 
 2.63742125e+00 -2.42108447e-01  2.63742125e+00  1.05707687e+01 
 2.66796525e+00 -2.38779605e-01  2.66796525e+00  1.04524253e+01 
 2.69886298e+00 -2.35524081e-01  2.69886298e+00  1.03353480e+01 
 2.73011854e+00 -2.32340311e-01  2.73011854e+00  1.02195251e+01 
 2.76173606e+00 -2.29226766e-01  2.76173606e+00  1.01049451e+01 
 2.79371975e+00 -2.26181945e-01  2.79371975e+00  9.99159643e+00 
 2.82607385e+00 -2.23204378e-01  2.82607385e+00  9.87946763e+00 
 2.85880263e+00 -2.20292624e-01  2.85880263e+00  9.76854727e+00 
 2.89191045e+00 -2.17445271e-01  2.89191045e+00  9.65882395e+00 
 2.92540169e+00 -2.14660935e-01  2.92540169e+00  9.55028637e+00 
 2.95928080e+00 -2.11938261e-01  2.95928080e+00  9.44292323e+00 
 2.99355225e+00 -2.09275921e-01  2.99355225e+00  9.33672332e+00 
 3.02822061e+00 -2.06672614e-01  3.02822061e+00  9.23167548e+00 
 3.06329046e+00 -2.04127064e-01  3.06329046e+00  9.12776861e+00 
 3.09876645e+00 -2.01638023e-01  3.09876645e+00  9.02499167e+00 
 3.13465329e+00 -1.99204268e-01  3.13465329e+00  8.92333366e+00 
 3.17095574e+00 -1.96824602e-01  3.17095574e+00  8.82278369e+00 
 3.20767861e+00 -1.94497849e-01  3.20767861e+00  8.72333088e+00 
 3.24482676e+00 -1.92222862e-01  3.24482676e+00  8.62496446e+00 
 3.28240513e+00 -1.89998515e-01  3.28240513e+00  8.52767369e+00 
 3.32041869e+00 -1.87823706e-01  3.32041869e+00  8.43144794e+00 
 3.35887249e+00 -1.85697355e-01  3.35887249e+00  8.33627660e+00 
 3.39777162e+00 -1.83618405e-01  3.39777162e+00  8.24214916e+00 
 3.43712125e+00 -1.81585823e-01  3.43712125e+00  8.14905517e+00 
 3.47692658e+00 -1.79598595e-01  3.47692658e+00  8.05698426e+00 
 3.51719290e+00 -1.77655728e-01  3.51719290e+00  7.96592613e+00 
 3.55792554e+00 -1.75756252e-01  3.55792554e+00  7.87587053e+00 
 3.59912991e+00 -1.73899216e-01  3.59912991e+00  7.78680731e+00 
 3.64081146e+00 -1.72083690e-01  3.64081146e+00  7.69872638e+00 
 3.68297573e+00 -1.70308761e-01  3.68297573e+00  7.61161773e+00 
 3.72562831e+00 -1.68573539e-01  3.72562831e+00  7.52547142e+00 
 3.76877484e+00 -1.66877151e-01  3.76877484e+00  7.44027758e+00 
 3.81242106e+00 -1.65218742e-01  3.81242106e+00  7.35602644e+00 
 3.85657274e+00 -1.63597475e-01  3.85657274e+00  7.27270827e+00 
 3.90123574e+00 -1.62012533e-01  3.90123574e+00  7.19031343e+00 
 3.94641599e+00 -1.60463115e-01  3.94641599e+00  7.10883237e+00 
 3.99211947e+00 -1.58948435e-01  3.99211947e+00  7.02825560e+00 
 4.03835224e+00 -1.57467728e-01  4.03835224e+00  6.94857372e+00 
 4.08512043e+00 -1.56020243e-01  4.08512043e+00  6.86977739e+00 
 4.13243025e+00 -1.54605244e-01  4.13243025e+00  6.79185735e+00 
 4.18028796e+00 -1.53222013e-01  4.18028796e+00  6.71480443e+00 
 4.22869991e+00 -1.51869847e-01  4.22869991e+00  6.63860953e+00 
 4.27767252e+00 -1.50548056e-01  4.27767252e+00  6.56326361e+00 
 4.32721228e+00 -1.49255969e-01  4.32721228e+00  6.48875775e+00 
 4.37732577e+00 -1.47992925e-01  4.37732577e+00  6.41508306e+00 
 4.42801962e+00 -1.46758280e-01  4.42801962e+00  6.34223075e+00 
 4.47930055e+00 -1.45551404e-01  4.47930055e+00  6.27019210e+00 
 4.53117537e+00 -1.44371679e-01  4.53117537e+00  6.19895848e+00 
 4.58365095e+00 -1.43218502e-01  4.58365095e+00  6.12852131e+00 
 4.63673425e+00 -1.42091281e-01  4.63673425e+00  6.05887212e+00 
 4.69043232e+00 -1.40989440e-01  4.69043232e+00  5.99000249e+00 
 4.74475225e+00 -1.39912413e-01  4.74475225e+00  5.92190409e+00 
 4.79970127e+00 -1.38859646e-01  4.79970127e+00  5.85456865e+00 
 4.85528665e+00 -1.37830601e-01  4.85528665e+00  5.78798800e+00 
 4.91151577e+00 -1.36824746e-01  4.91151577e+00  5.72215402e+00 
 4.96839608e+00 -1.35841565e-01  4.96839608e+00  5.65705868e+00 
 5.02593512e+00 -1.34880552e-01  5.02593512e+00  5.59269402e+00 
 5.08414052e+00 -1.33941212e-01  5.08414052e+00  5.52905217e+00 
 5.14302000e+00 -1.33023059e-01  5.14302000e+00  5.46612530e+00 
 5.20258136e+00 -1.32125622e-01  5.20258136e+00  5.40390569e+00 
 5.26283250e+00 -1.31248436e-01  5.26283250e+00  5.34238566e+00 
 5.32378141e+00 -1.30391049e-01  5.32378141e+00  5.28155764e+00 
 5.38543617e+00 -1.29553017e-01  5.38543617e+00  5.22141410e+00 
 5.44780495e+00 -1.28733907e-01  5.44780495e+00  5.16194761e+00 
 5.51089603e+00 -1.27933295e-01  5.51089603e+00  5.10315078e+00 
 5.57471776e+00 -1.27150767e-01  5.57471776e+00  5.04501632e+00 
 5.63927862e+00 -1.26385917e-01  5.63927862e+00  4.98753700e+00 
 5.70458716e+00 -1.25638350e-01  5.70458716e+00  4.93070566e+00 
 5.77065203e+00 -1.24907677e-01  5.77065203e+00  4.87451521e+00 
 5.83748200e+00 -1.24193519e-01  5.83748200e+00  4.81895864e+00 
 5.90508593e+00 -1.23495506e-01  5.90508593e+00  4.76402900e+00 
 5.97347279e+00 -1.22813275e-01  5.97347279e+00  4.70971940e+00 
 6.04265163e+00 -1.22146472e-01  6.04265163e+00  4.65602304e+00 
 6.11263163e+00 -1.21494750e-01  6.11263163e+00  4.60293318e+00 
 6.18342207e+00 -1.20857771e-01  6.18342207e+00  4.55044314e+00 
 6.25503234e+00 -1.20235202e-01  6.25503234e+00  4.49854632e+00 
 6.32747192e+00 -1.19626720e-01  6.32747192e+00  4.44723617e+00 
 6.40075043e+00 -1.19032008e-01  6.40075043e+00  4.39650621e+00 
 6.47487758e+00 -1.18450757e-01  6.47487758e+00  4.34635006e+00 
 6.54986319e+00 -1.17882662e-01  6.54986319e+00  4.29676135e+00 
 6.62571722e+00 -1.17327429e-01  6.62571722e+00  4.24773381e+00 
 6.70244971e+00 -1.16784767e-01  6.70244971e+00  4.19926123e+00 
 6.78007084e+00 -1.16254393e-01  6.78007084e+00  4.15133747e+00 
 6.85859090e+00 -1.15736031e-01  6.85859090e+00  4.10395642e+00 
 6.93802030e+00 -1.15229410e-01  6.93802030e+00  4.05711208e+00 
 7.01836957e+00 -1.14734266e-01  7.01836957e+00  4.01079848e+00 
 7.09964937e+00 -1.14250338e-01  7.09964937e+00  3.96500972e+00 
 7.18187048e+00 -1.13777376e-01  7.18187048e+00  3.91973996e+00 
 7.26504378e+00 -1.13315130e-01  7.26504378e+00  3.87498344e+00 
 7.34918032e+00 -1.12863361e-01  7.34918032e+00  3.83073442e+00 
 7.43429124e+00 -1.12421830e-01  7.43429124e+00  3.78698727e+00 
 7.52038784e+00 -1.11990308e-01  7.52038784e+00  3.74373637e+00 
 7.60748151e+00 -1.11568568e-01  7.60748151e+00  3.70097620e+00 
 7.69558382e+00 -1.11156389e-01  7.69558382e+00  3.65870128e+00 
 7.78470645e+00 -1.10753556e-01  7.78470645e+00  3.61690617e+00 
 7.87486120e+00 -1.10359857e-01  7.87486120e+00  3.57558553e+00 
 7.96606004e+00 -1.09975086e-01  7.96606004e+00  3.53473404e+00 
 8.05831505e+00 -1.09599042e-01  8.05831505e+00  3.49434646e+00 
 8.15163847e+00 -1.09231527e-01  8.15163847e+00  3.45441759e+00 
 8.24604267e+00 -1.08872348e-01  8.24604267e+00  3.41494228e+00 
 8.34154016e+00 -1.08521317e-01  8.34154016e+00  3.37591546e+00 
 8.43814361e+00 -1.08178250e-01  8.43814361e+00  3.33733210e+00 
 8.53586583e+00 -1.07842966e-01  8.53586583e+00  3.29918722e+00 
 8.63471977e+00 -1.07515291e-01  8.63471977e+00  3.26147590e+00 
 8.73471853e+00 -1.07195050e-01  8.73471853e+00  3.22419326e+00 
 8.83587539e+00 -1.06882078e-01  8.83587539e+00  3.18733450e+00 
 8.93820374e+00 -1.06576208e-01  8.93820374e+00  3.15089485e+00 
 9.04171716e+00 -1.06277280e-01  9.04171716e+00  3.11486959e+00 
 9.14642936e+00 -1.05985137e-01  9.14642936e+00  3.07925406e+00 
 9.25235424e+00 -1.05699626e-01  9.25235424e+00  3.04404365e+00 
 9.35950584e+00 -1.05420596e-01  9.35950584e+00  3.00923380e+00 
 9.46789836e+00 -1.05147901e-01  9.46789836e+00  2.97481999e+00 
 9.57754617e+00 -1.04881397e-01  9.57754617e+00  2.94079776e+00 
 9.68846382e+00 -1.04620944e-01  9.68846382e+00  2.90716270e+00 
 9.80066601e+00 -1.04366404e-01  9.80066601e+00  2.87391044e+00 
 9.91416761e+00 -1.04117645e-01  9.91416761e+00  2.84103665e+00 
 1.00289837e+01 -1.03874535e-01  1.00289837e+01  2.80853708e+00 
 1.01451294e+01 -1.03636946e-01  1.01451294e+01  2.77640749e+00 
 1.02626203e+01 -1.03404753e-01  1.02626203e+01  2.74464370e+00 
 1.03814717e+01 -1.03177833e-01  1.03814717e+01  2.71324158e+00 
 1.05016997e+01 -1.02956067e-01  1.05016997e+01  2.68219704e+00 
 1.06233199e+01 -1.02739339e-01  1.06233199e+01  2.65150604e+00 
 1.07463487e+01 -1.02527534e-01  1.07463487e+01  2.62116458e+00 
 1.08708023e+01 -1.02320540e-01  1.08708023e+01  2.59116870e+00 
 1.09966971e+01 -1.02118249e-01  1.09966971e+01  2.56151450e+00 
 1.11240500e+01 -1.01920553e-01  1.11240500e+01  2.53219811e+00 
 1.12528777e+01 -1.01727349e-01  1.12528777e+01  2.50321569e+00 
 1.13831974e+01 -1.01538535e-01  1.13831974e+01  2.47456347e+00 
 1.15150263e+01 -1.01354010e-01  1.15150263e+01  2.44623770e+00 
 1.16483819e+01 -1.01173679e-01  1.16483819e+01  2.41823469e+00 
 1.17832819e+01 -1.00997445e-01  1.17832819e+01  2.39055078e+00 
 1.19197442e+01 -1.00825215e-01  1.19197442e+01  2.36318234e+00 
 1.20577869e+01 -1.00656900e-01  1.20577869e+01  2.33612579e+00 
 1.21974282e+01 -1.00492409e-01  1.21974282e+01  2.30937761e+00 
 1.23386867e+01 -1.00331657e-01  1.23386867e+01  2.28293428e+00 
 1.24815812e+01 -1.00174558e-01  1.24815812e+01  2.25679235e+00 
 1.26261305e+01 -1.00021029e-01  1.26261305e+01  2.23094840e+00 
 1.27723538e+01 -9.98709902e-02  1.27723538e+01  2.20539903e+00 
 1.29202705e+01 -9.97243613e-02  1.29202705e+01  2.18014091e+00 
 1.30699003e+01 -9.95810651e-02  1.30699003e+01  2.15517072e+00 
 1.32212629e+01 -9.94410261e-02  1.32212629e+01  2.13048520e+00 
 1.33743785e+01 -9.93041702e-02  1.33743785e+01  2.10608109e+00 
 1.35292673e+01 -9.91704251e-02  1.35292673e+01  2.08195522e+00 
 1.36859499e+01 -9.90397203e-02  1.36859499e+01  2.05810440e+00 
 1.38444470e+01 -9.89119867e-02  1.38444470e+01  2.03452551e+00 
 1.40047796e+01 -9.87871568e-02  1.40047796e+01  2.01121545e+00 
 1.41669691e+01 -9.86651647e-02  1.41669691e+01  1.98817118e+00 
 1.43310369e+01 -9.85459460e-02  1.43310369e+01  1.96538965e+00 
 1.44970048e+01 -9.84294375e-02  1.44970048e+01  1.94286788e+00 
 1.46648947e+01 -9.83155778e-02  1.46648947e+01  1.92060291e+00 
 1.48347290e+01 -9.82043067e-02  1.48347290e+01  1.89859182e+00 
 1.50065301e+01 -9.80955653e-02  1.50065301e+01  1.87683171e+00 
 1.51803209e+01 -9.79892963e-02  1.51803209e+01  1.85531972e+00 
 1.53561243e+01 -9.78854434e-02  1.53561243e+01  1.83405303e+00 
 1.55339637e+01 -9.77839518e-02  1.55339637e+01  1.81302884e+00 
 1.57138627e+01 -9.76847678e-02  1.57138627e+01  1.79224437e+00 
 1.58958451e+01 -9.75878389e-02  1.58958451e+01  1.77169691e+00 
 1.60799350e+01 -9.74931139e-02  1.60799350e+01  1.75138375e+00 
 1.62661569e+01 -9.74005427e-02  1.62661569e+01  1.73130221e+00 
 1.64545354e+01 -9.73100765e-02  1.64545354e+01  1.71144964e+00 
 1.66450955e+01 -9.72216672e-02  1.66450955e+01  1.69182345e+00 
 1.68378625e+01 -9.71352683e-02  1.68378625e+01  1.67242104e+00 
 1.70328619e+01 -9.70508339e-02  1.70328619e+01  1.65323986e+00 
 1.72301197e+01 -9.69683195e-02  1.72301197e+01  1.63427738e+00 
 1.74296618e+01 -9.68876815e-02  1.74296618e+01  1.61553110e+00 
 1.76315149e+01 -9.68088770e-02  1.76315149e+01  1.59699857e+00 
 1.78357056e+01 -9.67318646e-02  1.78357056e+01  1.57867732e+00 
 1.80422611e+01 -9.66566033e-02  1.80422611e+01  1.56056496e+00 
 1.82512087e+01 -9.65830535e-02  1.82512087e+01  1.54265908e+00 
 1.84625761e+01 -9.65111763e-02  1.84625761e+01  1.52495734e+00 
 1.86763914e+01 -9.64409335e-02  1.86763914e+01  1.50745740e+00 
 1.88926828e+01 -9.63722880e-02  1.88926828e+01  1.49015695e+00 
 1.91114791e+01 -9.63052036e-02  1.91114791e+01  1.47305371e+00 
 1.93328093e+01 -9.62396447e-02  1.93328093e+01  1.45614543e+00 
 1.95567028e+01 -9.61755767e-02  1.95567028e+01  1.43942987e+00 
 1.97831891e+01 -9.61129656e-02  1.97831891e+01  1.42290483e+00 
 2.00122984e+01 -9.60517783e-02  2.00122984e+01  1.40656813e+00 
 2.02440610e+01 -9.59919825e-02  2.02440610e+01  1.39041762e+00 
 2.04785077e+01 -9.59335464e-02  2.04785077e+01  1.37445116e+00 
 2.07156695e+01 -9.58764393e-02  2.07156695e+01  1.35866664e+00 
 2.09555778e+01 -9.58206308e-02  2.09555778e+01  1.34306199e+00 
 2.11982645e+01 -9.57660915e-02  2.11982645e+01  1.32763514e+00 
 2.14437618e+01 -9.57127924e-02  2.14437618e+01  1.31238405e+00 
 2.16921022e+01 -9.56607054e-02  2.16921022e+01  1.29730673e+00 
 2.19433187e+01 -9.56098030e-02  2.19433187e+01  1.28240116e+00 
 2.21974444e+01 -9.55600580e-02  2.21974444e+01  1.26766539e+00 
 2.24545132e+01 -9.55114444e-02  2.24545132e+01  1.25309746e+00 
 2.27145591e+01 -9.54639362e-02  2.27145591e+01  1.23869546e+00 
 2.29776167e+01 -9.54175085e-02  2.29776167e+01  1.22445748e+00 
 2.32437206e+01 -9.53721365e-02  2.32437206e+01  1.21038164e+00 
 2.35129064e+01 -9.53277964e-02  2.35129064e+01  1.19646609e+00 
 2.37852095e+01 -9.52844646e-02  2.37852095e+01  1.18270898e+00 
 2.40606663e+01 -9.52421182e-02  2.40606663e+01  1.16910849e+00 
 2.43393131e+01 -9.52007347e-02  2.43393131e+01  1.15566283e+00 
 2.46211869e+01 -9.51602924e-02  2.46211869e+01  1.14237022e+00 
 2.49063250e+01 -9.51207698e-02  2.49063250e+01  1.12922891e+00 
 2.51947654e+01 -9.50821459e-02  2.51947654e+01  1.11623715e+00 
 2.54865462e+01 -9.50444004e-02  2.54865462e+01  1.10339324e+00 
 2.57817061e+01 -9.50075132e-02  2.57817061e+01  1.09069547e+00 
 2.60802843e+01 -9.49714648e-02  2.60802843e+01  1.07814216e+00 
 2.63823203e+01 -9.49362363e-02  2.63823203e+01  1.06573166e+00 
 2.66878542e+01 -9.49018088e-02  2.66878542e+01  1.05346232e+00 
 2.69969265e+01 -9.48681642e-02  2.69969265e+01  1.04133253e+00 
 2.73095781e+01 -9.48352847e-02  2.73095781e+01  1.02934067e+00 
 2.76258506e+01 -9.48031529e-02  2.76258506e+01  1.01748516e+00 
 2.79457858e+01 -9.47717518e-02  2.79457858e+01  1.00576444e+00 
 2.82694262e+01 -9.47410647e-02  2.82694262e+01  9.94176950e-01 
 2.85968147e+01 -9.47110755e-02  2.85968147e+01  9.82721163e-01 
 2.89279946e+01 -9.46817682e-02  2.89279946e+01  9.71395562e-01 
 2.92630100e+01 -9.46531274e-02  2.92630100e+01  9.60198649e-01 
 2.96019052e+01 -9.46251379e-02  2.96019052e+01  9.49128944e-01 
 2.99447251e+01 -9.45977848e-02  2.99447251e+01  9.38184981e-01 
 3.02915152e+01 -9.45710538e-02  3.02915152e+01  9.27365313e-01 
 3.06423215e+01 -9.45449306e-02  3.06423215e+01  9.16668508e-01 
 3.09971905e+01 -9.45194015e-02  3.09971905e+01  9.06093151e-01 
 3.13561693e+01 -9.44944529e-02  3.13561693e+01  8.95637843e-01 
 3.17193054e+01 -9.44700716e-02  3.17193054e+01  8.85301200e-01 
 3.20866469e+01 -9.44462447e-02  3.20866469e+01  8.75081855e-01 
 3.24582427e+01 -9.44229596e-02  3.24582427e+01  8.64978456e-01 
 3.28341419e+01 -9.44002041e-02  3.28341419e+01  8.54989664e-01 
 3.32143943e+01 -9.43779660e-02  3.32143943e+01  8.45114159e-01 
 3.35990505e+01 -9.43562336e-02  3.35990505e+01  8.35350633e-01 
 3.39881614e+01 -9.43349953e-02  3.39881614e+01  8.25697794e-01 
 3.43817786e+01 -9.43142400e-02  3.43817786e+01  8.16154364e-01 
 3.47799543e+01 -9.42939567e-02  3.47799543e+01  8.06719081e-01 
 3.51827413e+01 -9.42741347e-02  3.51827413e+01  7.97390695e-01 
 3.55901929e+01 -9.42547633e-02  3.55901929e+01  7.88167971e-01 
 3.60023633e+01 -9.42358325e-02  3.60023633e+01  7.79049689e-01 
 3.64193070e+01 -9.42173321e-02  3.64193070e+01  7.70034641e-01 
 3.68410793e+01 -9.41992525e-02  3.68410793e+01  7.61121635e-01 
 3.72677361e+01 -9.41815839e-02  3.72677361e+01  7.52309489e-01 
 3.76993341e+01 -9.41643172e-02  3.76993341e+01  7.43597038e-01 
 3.81359304e+01 -9.41474431e-02  3.81359304e+01  7.34983128e-01 
 3.85775830e+01 -9.41309527e-02  3.85775830e+01  7.26466618e-01 
 3.90243503e+01 -9.41148372e-02  3.90243503e+01  7.18046380e-01 
 3.94762917e+01 -9.40990883e-02  3.94762917e+01  7.09721301e-01 
 3.99334670e+01 -9.40836975e-02  3.99334670e+01  7.01490277e-01 
 4.03959368e+01 -9.40686566e-02  4.03959368e+01  6.93352218e-01 
 4.08637625e+01 -9.40539578e-02  4.08637625e+01  6.85306047e-01 
 4.13370061e+01 -9.40395933e-02  4.13370061e+01  6.77350699e-01 
 4.18157303e+01 -9.40255554e-02  4.18157303e+01  6.69485119e-01 
 4.22999987e+01 -9.40118367e-02  4.22999987e+01  6.61708267e-01 
 4.27898753e+01 -9.39984300e-02  4.27898753e+01  6.54019111e-01 
 4.32854253e+01 -9.39853281e-02  4.32854253e+01  6.46416635e-01 
 4.37867142e+01 -9.39725242e-02  4.37867142e+01  6.38899831e-01 
 4.42938085e+01 -9.39600115e-02  4.42938085e+01  6.31467703e-01 
 4.48067755e+01 -9.39477833e-02  4.48067755e+01  6.24119267e-01 
 4.53256831e+01 -9.39358332e-02  4.53256831e+01  6.16853550e-01 
 4.58506003e+01 -9.39241548e-02  4.58506003e+01  6.09669589e-01 
 4.63815965e+01 -9.39127421e-02  4.63815965e+01  6.02566433e-01 
 4.69187422e+01 -9.39015888e-02  4.69187422e+01  5.95543142e-01 
 4.74621085e+01 -9.38906892e-02  4.74621085e+01  5.88598784e-01 
 4.80117676e+01 -9.38800375e-02  4.80117676e+01  5.81732439e-01 
 4.85677923e+01 -9.38696280e-02  4.85677923e+01  5.74943199e-01 
 4.91302564e+01 -9.38594552e-02  4.91302564e+01  5.68230164e-01 
 4.96992343e+01 -9.38495137e-02  4.96992343e+01  5.61592445e-01 
 5.02748016e+01 -9.38397984e-02  5.02748016e+01  5.55029162e-01 
 5.08570345e+01 -9.38303040e-02  5.08570345e+01  5.48539445e-01 
 5.14460103e+01 -9.38210255e-02  5.14460103e+01  5.42122436e-01 
 5.20418070e+01 -9.38119580e-02  5.20418070e+01  5.35777283e-01 
 5.26445036e+01 -9.38030967e-02  5.26445036e+01  5.29503147e-01 
 5.32541801e+01 -9.37944369e-02  5.32541801e+01  5.23299196e-01 
 5.38709172e+01 -9.37859741e-02  5.38709172e+01  5.17164608e-01 
 5.44947968e+01 -9.37777037e-02  5.44947968e+01  5.11098571e-01 
 5.51259015e+01 -9.37696215e-02  5.51259015e+01  5.05100280e-01 
 5.57643151e+01 -9.37617230e-02  5.57643151e+01  4.99168941e-01 
 5.64101221e+01 -9.37540041e-02  5.64101221e+01  4.93303769e-01 
 5.70634082e+01 -9.37464608e-02  5.70634082e+01  4.87503985e-01 
 5.77242601e+01 -9.37390891e-02  5.77242601e+01  4.81768822e-01 
 5.83927652e+01 -9.37318850e-02  5.83927652e+01  4.76097519e-01 
 5.90690124e+01 -9.37248447e-02  5.90690124e+01  4.70489325e-01 
 5.97530911e+01 -9.37179645e-02  5.97530911e+01  4.64943498e-01 
 6.04450922e+01 -9.37112409e-02  6.04450922e+01  4.59459301e-01 
 6.11451073e+01 -9.37046701e-02  6.11451073e+01  4.54036009e-01 
 6.18532294e+01 -9.36982487e-02  6.18532294e+01  4.48672903e-01 
 6.25695522e+01 -9.36919734e-02  6.25695522e+01  4.43369273e-01 
 6.32941707e+01 -9.36858408e-02  6.32941707e+01  4.38124414e-01 
 6.40271811e+01 -9.36798477e-02  6.40271811e+01  4.32937633e-01 
 6.47686804e+01 -9.36739909e-02  6.47686804e+01  4.27808242e-01 
 6.55187671e+01 -9.36682672e-02  6.55187671e+01  4.22735561e-01 
 6.62775405e+01 -9.36626738e-02  6.62775405e+01  4.17718918e-01 
 6.70451013e+01 -9.36572075e-02  6.70451013e+01  4.12757649e-01 
 6.78215512e+01 -9.36518655e-02  6.78215512e+01  4.07851095e-01 
 6.86069932e+01 -9.36466451e-02  6.86069932e+01  4.02998607e-01 
 6.94015314e+01 -9.36415433e-02  6.94015314e+01  3.98199542e-01 
 7.02052711e+01 -9.36365576e-02  7.02052711e+01  3.93453263e-01 
 7.10183190e+01 -9.36316852e-02  7.10183190e+01  3.88759141e-01 
 7.18407828e+01 -9.36269237e-02  7.18407828e+01  3.84116555e-01 
 7.26727715e+01 -9.36222704e-02  7.26727715e+01  3.79524889e-01 
 7.35143955e+01 -9.36177230e-02  7.35143955e+01  3.74983535e-01 
 7.43657664e+01 -9.36132789e-02  7.43657664e+01  3.70491891e-01 
 7.52269970e+01 -9.36089359e-02  7.52269970e+01  3.66049361e-01 
 7.60982015e+01 -9.36046917e-02  7.60982015e+01  3.61655356e-01 
 7.69794955e+01 -9.36005440e-02  7.69794955e+01  3.57309295e-01 
 7.78709957e+01 -9.35964905e-02  7.78709957e+01  3.53010601e-01 
 7.87728204e+01 -9.35925293e-02  7.87728204e+01  3.48758705e-01 
 7.96850891e+01 -9.35886581e-02  7.96850891e+01  3.44553043e-01 
 8.06079229e+01 -9.35848750e-02  8.06079229e+01  3.40393057e-01 
 8.15414439e+01 -9.35811778e-02  8.15414439e+01  3.36278197e-01 
 8.24857761e+01 -9.35775647e-02  8.24857761e+01  3.32207917e-01 
 8.34410446e+01 -9.35740338e-02  8.34410446e+01  3.28181677e-01 
 8.44073761e+01 -9.35705831e-02  8.44073761e+01  3.24198944e-01 
 8.53848987e+01 -9.35672109e-02  8.53848987e+01  3.20259189e-01 
 8.63737419e+01 -9.35639154e-02  8.63737419e+01  3.16361892e-01 
 8.73740370e+01 -9.35606947e-02  8.73740370e+01  3.12506534e-01 
 8.83859165e+01 -9.35575473e-02  8.83859165e+01  3.08692606e-01 
 8.94095146e+01 -9.35544714e-02  8.94095146e+01  3.04919601e-01 
 9.04449670e+01 -9.35514655e-02  9.04449670e+01  3.01187020e-01 
 9.14924110e+01 -9.35485278e-02  9.14924110e+01  2.97494367e-01 
 9.25519854e+01 -9.35456570e-02  9.25519854e+01  2.93841154e-01 
 9.36238307e+01 -9.35428513e-02  9.36238307e+01  2.90226895e-01 
 9.47080892e+01 -9.35401095e-02  9.47080892e+01  2.86651113e-01 
 9.58049044e+01 -9.35374299e-02  9.58049044e+01  2.83113333e-01 
 9.69144218e+01 -9.35348112e-02  9.69144218e+01  2.79613085e-01 
 9.80367886e+01 -9.35322521e-02  9.80367886e+01  2.76149907e-01 
 9.91721535e+01 -9.35297510e-02  9.91721535e+01  2.72723339e-01 
 1.00320667e+02 -9.35273068e-02  1.00320667e+02  2.69332926e-01 
 1.01482482e+02 -9.35249182e-02  1.01482482e+02  2.65978221e-01 
 1.02657751e+02 -9.35225838e-02  1.02657751e+02  2.62658776e-01 
 1.03846632e+02 -9.35203024e-02  1.03846632e+02  2.59374154e-01 
 1.05049280e+02 -9.35180728e-02  1.05049280e+02  2.56123918e-01 
 1.06265857e+02 -9.35158939e-02  1.06265857e+02  2.52907637e-01 
 1.07496523e+02 -9.35137644e-02  1.07496523e+02  2.49724885e-01 
 1.08741441e+02 -9.35116833e-02  1.08741441e+02  2.46575241e-01 
 1.10000777e+02 -9.35096494e-02  1.10000777e+02  2.43458286e-01 
 1.11274697e+02 -9.35076617e-02  1.11274697e+02  2.40373608e-01 
 1.12563370e+02 -9.35057192e-02  1.12563370e+02  2.37320797e-01 
 1.13866967e+02 -9.35038207e-02  1.13866967e+02  2.34299450e-01 
 1.15185661e+02 -9.35019653e-02  1.15185661e+02  2.31309164e-01 
 1.16519628e+02 -9.35001520e-02  1.16519628e+02  2.28349545e-01 
 1.17869043e+02 -9.34983799e-02  1.17869043e+02  2.25420200e-01 
 1.19234085e+02 -9.34966479e-02  1.19234085e+02  2.22520740e-01 
 1.20614936e+02 -9.34949552e-02  1.20614936e+02  2.19650781e-01 
 1.22011779e+02 -9.34933010e-02  1.22011779e+02  2.16809942e-01 
 1.23424798e+02 -9.34916842e-02  1.23424798e+02  2.13997847e-01 
 1.24854182e+02 -9.34901041e-02  1.24854182e+02  2.11214124e-01 
 1.26300119e+02 -9.34885598e-02  1.26300119e+02  2.08458403e-01 
 1.27762802e+02 -9.34870505e-02  1.27762802e+02  2.05730318e-01 
 1.29242424e+02 -9.34855753e-02  1.29242424e+02  2.03029509e-01 
 1.30739182e+02 -9.34841336e-02  1.30739182e+02  2.00355617e-01 
 1.32253273e+02 -9.34827246e-02  1.32253273e+02  1.97708287e-01 
 1.33784900e+02 -9.34813475e-02  1.33784900e+02  1.95087169e-01 
 1.35334264e+02 -9.34800015e-02  1.35334264e+02  1.92491916e-01 
 1.36901571e+02 -9.34786860e-02  1.36901571e+02  1.89922183e-01 
 1.38487029e+02 -9.34774003e-02  1.38487029e+02  1.87377629e-01 
 1.40090849e+02 -9.34761436e-02  1.40090849e+02  1.84857917e-01 
 1.41713242e+02 -9.34749154e-02  1.41713242e+02  1.82362714e-01 
 1.43354425e+02 -9.34737149e-02  1.43354425e+02  1.79891688e-01 
 1.45014614e+02 -9.34725416e-02  1.45014614e+02  1.77444512e-01 
 1.46694029e+02 -9.34713947e-02  1.46694029e+02  1.75020861e-01 
 1.48392894e+02 -9.34702738e-02  1.48392894e+02  1.72620414e-01 
 1.50111433e+02 -9.34691781e-02  1.50111433e+02  1.70242853e-01 
 1.51849875e+02 -9.34681072e-02  1.51849875e+02  1.67887863e-01 
 1.53608450e+02 -9.34670605e-02  1.53608450e+02  1.65555131e-01 
 1.55387391e+02 -9.34660374e-02  1.55387391e+02  1.63244348e-01 
 1.57186933e+02 -9.34650373e-02  1.57186933e+02  1.60955208e-01 
 1.59007317e+02 -9.34640597e-02  1.59007317e+02  1.58687408e-01 
 1.60848782e+02 -9.34631042e-02  1.60848782e+02  1.56440646e-01 
 1.62711573e+02 -9.34621701e-02  1.62711573e+02  1.54214625e-01 
 1.64595937e+02 -9.34612571e-02  1.64595937e+02  1.52009050e-01 
 1.66502124e+02 -9.34603646e-02  1.66502124e+02  1.49823628e-01 
 1.68430387e+02 -9.34594922e-02  1.68430387e+02  1.47658070e-01 
 1.70380981e+02 -9.34586393e-02  1.70380981e+02  1.45512088e-01 
 1.72354164e+02 -9.34578056e-02  1.72354164e+02  1.43385398e-01 
 1.74350199e+02 -9.34569906e-02  1.74350199e+02  1.41277718e-01 
 1.76369351e+02 -9.34561938e-02  1.76369351e+02  1.39188769e-01 
 1.78411886e+02 -9.34554149e-02  1.78411886e+02  1.37118274e-01 
 1.80478075e+02 -9.34546534e-02  1.80478075e+02  1.35065958e-01 
 1.82568193e+02 -9.34539090e-02  1.82568193e+02  1.33031549e-01 
 1.84682517e+02 -9.34531811e-02  1.84682517e+02  1.31014777e-01 
 1.86821327e+02 -9.34524696e-02  1.86821327e+02  1.29015376e-01 
 1.88984907e+02 -9.34517739e-02  1.88984907e+02  1.27033079e-01 
 1.91173543e+02 -9.34510936e-02  1.91173543e+02  1.25067624e-01 
 1.93387525e+02 -9.34504286e-02  1.93387525e+02  1.23118751e-01 
 1.95627148e+02 -9.34497783e-02  1.95627148e+02  1.21186202e-01 
 1.97892707e+02 -9.34491424e-02  1.97892707e+02  1.19269719e-01 
 2.00184505e+02 -9.34485207e-02  2.00184505e+02  1.17369049e-01 
 2.02502843e+02 -9.34479127e-02  2.02502843e+02  1.15483940e-01 
 2.04848030e+02 -9.34473182e-02  2.04848030e+02  1.13614142e-01 
 2.07220377e+02 -9.34467368e-02  2.07220377e+02  1.11759407e-01 
 2.09620198e+02 -9.34461683e-02  2.09620198e+02  1.09919489e-01 
 2.12047812e+02 -9.34456122e-02  2.12047812e+02  1.08094145e-01 
 2.14503539e+02 -9.34450685e-02  2.14503539e+02  1.06283132e-01 
 2.16987707e+02 -9.34445366e-02  2.16987707e+02  1.04486210e-01 
 2.19500643e+02 -9.34440164e-02  2.19500643e+02  1.02703141e-01 
 2.22042682e+02 -9.34435076e-02  2.22042682e+02  1.00933688e-01 
 2.24614160e+02 -9.34430099e-02  2.24614160e+02  9.91776174e-02 
 2.27215419e+02 -9.34425231e-02  2.27215419e+02  9.74346959e-02 
 2.29846803e+02 -9.34420469e-02  2.29846803e+02  9.57046925e-02 
 2.32508661e+02 -9.34415810e-02  2.32508661e+02  9.39873777e-02 
 2.35201345e+02 -9.34411252e-02  2.35201345e+02  9.22825240e-02 
 2.37925214e+02 -9.34406793e-02  2.37925214e+02  9.05899052e-02 
 2.40680628e+02 -9.34402429e-02  2.40680628e+02  8.89092970e-02 
 2.43467953e+02 -9.34398160e-02  2.43467953e+02  8.72404766e-02 
 2.46287557e+02 -9.34393982e-02  2.46287557e+02  8.55832226e-02 
 2.49139816e+02 -9.34389894e-02  2.49139816e+02  8.39373155e-02 
 2.52025106e+02 -9.34385892e-02  2.52025106e+02  8.23025369e-02 
 2.54943811e+02 -9.34381976e-02  2.54943811e+02  8.06786701e-02 
 2.57896318e+02 -9.34378143e-02  2.57896318e+02  7.90654999e-02 
 2.60883017e+02 -9.34374391e-02  2.60883017e+02  7.74628123e-02 
 2.63904306e+02 -9.34370718e-02  2.63904306e+02  7.58703949e-02 
 2.66960584e+02 -9.34367122e-02  2.66960584e+02  7.42880366e-02 
 2.70052257e+02 -9.34363601e-02  2.70052257e+02  7.27155275e-02 
 2.73179734e+02 -9.34360153e-02  2.73179734e+02  7.11526592e-02 
 2.76343431e+02 -9.34356777e-02  2.76343431e+02  6.95992245e-02 
 2.79543767e+02 -9.34353470e-02  2.79543767e+02  6.80550174e-02 
 2.82781166e+02 -9.34350231e-02  2.82781166e+02  6.65198332e-02 
 2.86056057e+02 -9.34347059e-02  2.86056057e+02  6.49934683e-02 
 2.89368875e+02 -9.34343951e-02  2.89368875e+02  6.34757204e-02 
 2.92720058e+02 -9.34340906e-02  2.92720058e+02  6.19663882e-02 
 2.96110052e+02 -9.34337922e-02  2.96110052e+02  6.04652717e-02 
 2.99539305e+02 -9.34334997e-02  2.99539305e+02  5.89721718e-02 
 3.03008272e+02 -9.34332131e-02  3.03008272e+02  5.74868905e-02 
 3.06517414e+02 -9.34329322e-02  3.06517414e+02  5.60092310e-02 
 3.10067195e+02 -9.34326567e-02  3.10067195e+02  5.45389973e-02 
 3.13658086e+02 -9.34323866e-02  3.13658086e+02  5.30759946e-02 
 3.17290563e+02 -9.34321217e-02  3.17290563e+02  5.16200287e-02 
 3.20965108e+02 -9.34318620e-02  3.20965108e+02  5.01709068e-02 
 3.24682207e+02 -9.34316071e-02  3.24682207e+02  4.87284366e-02 
 3.28442355e+02 -9.34313571e-02  3.28442355e+02  4.72924270e-02 
 3.32246049e+02 -9.34311117e-02  3.32246049e+02  4.58626874e-02 
 3.36093793e+02 -9.34308709e-02  3.36093793e+02  4.44390285e-02 
 3.39986099e+02 -9.34306345e-02  3.39986099e+02  4.30212614e-02 
 3.43923481e+02 -9.34304023e-02  3.43923481e+02  4.16091981e-02 
 3.47906461e+02 -9.34301744e-02  3.47906461e+02  4.02026515e-02 
 3.51935569e+02 -9.34299505e-02  3.51935569e+02  3.88014351e-02 
 3.56011338e+02 -9.34297305e-02  3.56011338e+02  3.74053630e-02 
 3.60134309e+02 -9.34295144e-02  3.60134309e+02  3.60142502e-02 
 3.64305027e+02 -9.34293019e-02  3.64305027e+02  3.46279122e-02 
 3.68524047e+02 -9.34290930e-02  3.68524047e+02  3.32461653e-02 
 3.72791927e+02 -9.34288876e-02  3.72791927e+02  3.18688262e-02 
 3.77109234e+02 -9.34286855e-02  3.77109234e+02  3.04957123e-02 
 3.81476539e+02 -9.34284868e-02  3.81476539e+02  2.91266416e-02 
 3.85894423e+02 -9.34282911e-02  3.85894423e+02  2.77614326e-02 
 3.90363469e+02 -9.34280985e-02  3.90363469e+02  2.63999043e-02 
 3.94884272e+02 -9.34279089e-02  3.94884272e+02  2.50418760e-02 
 3.99457430e+02 -9.34277221e-02  3.99457430e+02  2.36871679e-02 
 4.04083550e+02 -9.34275380e-02  4.04083550e+02  2.23356002e-02 
 4.08763246e+02 -9.34273566e-02  4.08763246e+02  2.09869939e-02 
 4.13497136e+02 -9.34271778e-02  4.13497136e+02  1.96411700e-02 
 4.18285850e+02 -9.34270014e-02  4.18285850e+02  1.82979501e-02 
 4.23130023e+02 -9.34268274e-02  4.23130023e+02  1.69571562e-02 
 4.28030295e+02 -9.34266556e-02  4.28030295e+02  1.56186105e-02 
 4.32987318e+02 -9.34264860e-02  4.32987318e+02  1.42821355e-02 
 4.38001748e+02 -9.34263185e-02  4.38001748e+02  1.29475540e-02 
 4.43074250e+02 -9.34261531e-02  4.43074250e+02  1.16146891e-02 
 4.48205497e+02 -9.34259895e-02  4.48205497e+02  1.02833641e-02 
 4.53396168e+02 -9.34258278e-02  4.53396168e+02  8.95340236e-03 
 4.58646954e+02 -9.34256678e-02  4.58646954e+02  7.62462768e-03 
 4.63958548e+02 -9.34255094e-02  4.63958548e+02  6.29686384e-03 
 4.69331656e+02 -9.34253526e-02  4.69331656e+02  4.96993480e-03 
 4.74766990e+02 -9.34251974e-02  4.74766990e+02  3.64366463e-03 
 4.80265271e+02 -9.34250435e-02  4.80265271e+02  2.31787749e-03 
 4.85827227e+02 -9.34248909e-02  4.85827227e+02  9.92397592e-04 
 4.91453597e+02 -9.34247396e-02  4.91453597e+02 -3.32950795e-04 
 4.97145125e+02 -9.34245895e-02  4.97145125e+02 -1.65834339e-03 
 5.02902567e+02 -9.34244404e-02  5.02902567e+02 -2.98395593e-03 
 5.08726686e+02 -9.34242924e-02  5.08726686e+02 -4.30996416e-03 
 5.14618255e+02 -9.34241453e-02  5.14618255e+02 -5.63654389e-03 
 5.20578053e+02 -9.34239990e-02  5.20578053e+02 -6.96387101e-03 
 5.26606872e+02 -9.34238535e-02  5.26606872e+02 -8.29212150e-03 
 5.32705511e+02 -9.34237087e-02  5.32705511e+02 -9.62147147e-03 
 5.38874778e+02 -9.34235645e-02  5.38874778e+02 -1.09520972e-02 
 5.45115492e+02 -9.34234209e-02  5.45115492e+02 -1.22841750e-02 
 5.51428479e+02 -9.34232777e-02  5.51428479e+02 -1.36178816e-02 
 5.57814577e+02 -9.34231349e-02  5.57814577e+02 -1.49533938e-02 
 5.64274633e+02 -9.34229924e-02  5.64274633e+02 -1.62908887e-02 
 5.70809503e+02 -9.34228502e-02  5.70809503e+02 -1.76305436e-02 
 5.77420053e+02 -9.34227081e-02  5.77420053e+02 -1.89725361e-02 
 5.84107159e+02 -9.34225661e-02  5.84107159e+02 -2.03170441e-02 
 5.90871709e+02 -9.34224242e-02  5.90871709e+02 -2.16642459e-02 
 5.97714600e+02 -9.34222821e-02  5.97714600e+02 -2.30143202e-02 
 6.04636738e+02 -9.34221399e-02  6.04636738e+02 -2.43674459e-02 
 6.11639042e+02 -9.34219975e-02  6.11639042e+02 -2.57238024e-02 
 6.18722439e+02 -9.34218549e-02  6.18722439e+02 -2.70835696e-02 
 6.25887869e+02 -9.34217118e-02  6.25887869e+02 -2.84469277e-02 
 6.33136282e+02 -9.34215683e-02  6.33136282e+02 -2.98140575e-02 
 6.40468639e+02 -9.34214243e-02  6.40468639e+02 -3.11851404e-02 
 6.47885912e+02 -9.34212797e-02  6.47885912e+02 -3.25603579e-02 
 6.55389084e+02 -9.34211345e-02  6.55389084e+02 -3.39398926e-02 
 6.62979151e+02 -9.34209884e-02  6.62979151e+02 -3.53239273e-02 
 6.70657118e+02 -9.34208416e-02  6.70657118e+02 -3.67126455e-02 
 6.78424004e+02 -9.34206939e-02  6.78424004e+02 -3.81062314e-02 
 6.86280839e+02 -9.34205451e-02  6.86280839e+02 -3.95048696e-02 
 6.94228663e+02 -9.34203953e-02  6.94228663e+02 -4.09087457e-02 
 7.02268532e+02 -9.34202444e-02  7.02268532e+02 -4.23180458e-02 
 7.10401510e+02 -9.34200923e-02  7.10401510e+02 -4.37329567e-02 
 7.18628676e+02 -9.34199388e-02  7.18628676e+02 -4.51536661e-02 
 7.26951121e+02 -9.34197840e-02  7.26951121e+02 -4.65803622e-02 
 7.35369948e+02 -9.34196277e-02  7.35369948e+02 -4.80132344e-02 
 7.43886274e+02 -9.34194699e-02  7.43886274e+02 -4.94524724e-02 
 7.52501228e+02 -9.34193104e-02  7.52501228e+02 -5.08982673e-02 
 7.61215951e+02 -9.34191492e-02  7.61215951e+02 -5.23508106e-02 
 7.70031600e+02 -9.34189863e-02  7.70031600e+02 -5.38102950e-02 
 7.78949343e+02 -9.34188214e-02  7.78949343e+02 -5.52769139e-02 
 7.87970362e+02 -9.34186546e-02  7.87970362e+02 -5.67508619e-02 
 7.97095854e+02 -9.34184857e-02  7.97095854e+02 -5.82323343e-02 
 8.06327028e+02 -9.34183146e-02  8.06327028e+02 -5.97215276e-02 
 8.15665108e+02 -9.34181413e-02  8.15665108e+02 -6.12186392e-02 
 8.25111333e+02 -9.34179657e-02  8.25111333e+02 -6.27238676e-02 
 8.34666955e+02 -9.34177876e-02  8.34666955e+02 -6.42374125e-02 
 8.44333240e+02 -9.34176070e-02  8.44333240e+02 -6.57594744e-02 
 8.54111471e+02 -9.34174238e-02  8.54111471e+02 -6.72902552e-02 
 8.64002944e+02 -9.34172379e-02  8.64002944e+02 -6.88299579e-02 
 8.74008970e+02 -9.34170492e-02  8.74008970e+02 -7.03787866e-02 
 8.84130875e+02 -9.34168575e-02  8.84130875e+02 -7.19369466e-02 
 8.94370003e+02 -9.34166629e-02  8.94370003e+02 -7.35046446e-02 
 9.04727710e+02 -9.34164651e-02  9.04727710e+02 -7.50820884e-02 
 9.15205369e+02 -9.34162641e-02  9.15205369e+02 -7.66694872e-02 
 9.25804371e+02 -9.34160598e-02  9.25804371e+02 -7.82670514e-02 
 9.36526119e+02 -9.34158520e-02  9.36526119e+02 -7.98749929e-02 
 9.47372037e+02 -9.34156407e-02  9.47372037e+02 -8.14935248e-02 
 9.58343561e+02 -9.34154257e-02  9.58343561e+02 -8.31228618e-02 
 9.69442146e+02 -9.34152070e-02  9.69442146e+02 -8.47632199e-02 
 9.80669264e+02 -9.34149843e-02  9.80669264e+02 -8.64148166e-02 
 9.92026404e+02 -9.34147577e-02  9.92026404e+02 -8.80778709e-02 
 1.00351507e+03 -9.34145269e-02  1.00351507e+03 -8.97526033e-02 
 1.01513679e+03 -9.34142918e-02  1.01513679e+03 -9.14392358e-02 
 1.02689310e+03 -9.34140524e-02  1.02689310e+03 -9.31379921e-02 
 1.03878555e+03 -9.34138085e-02  1.03878555e+03 -9.48490974e-02 
 1.05081574e+03 -9.34135600e-02  1.05081574e+03 -9.65727786e-02 
 1.06298524e+03 -9.34133067e-02  1.06298524e+03 -9.83092642e-02 
 1.07529569e+03 -9.34130485e-02  1.07529569e+03 -1.00058785e-01 
 1.08774869e+03 -9.34127852e-02  1.08774869e+03 -1.01821572e-01 
 1.10034592e+03 -9.34125168e-02  1.10034592e+03 -1.03597859e-01 
 1.11308904e+03 -9.34122431e-02  1.11308904e+03 -1.05387882e-01 
 1.12597973e+03 -9.34119639e-02  1.12597973e+03 -1.07191879e-01 
 1.13901971e+03 -9.34116791e-02  1.13901971e+03 -1.09010088e-01 
 1.15221071e+03 -9.34113885e-02  1.15221071e+03 -1.10842750e-01 
 1.16555447e+03 -9.34110920e-02  1.16555447e+03 -1.12690110e-01 
 1.17905277e+03 -9.34107894e-02  1.17905277e+03 -1.14552410e-01 
 1.19270739e+03 -9.34104807e-02  1.19270739e+03 -1.16429899e-01 
 1.20652015e+03 -9.34101655e-02  1.20652015e+03 -1.18322826e-01 
 1.22049287e+03 -9.34098437e-02  1.22049287e+03 -1.20231440e-01 
 1.23462740e+03 -9.34095152e-02  1.23462740e+03 -1.22155997e-01 
 1.24892564e+03 -9.34091798e-02  1.24892564e+03 -1.24096749e-01 
 1.26338945e+03 -9.34088373e-02  1.26338945e+03 -1.26053956e-01 
 1.27802078e+03 -9.34084876e-02  1.27802078e+03 -1.28027877e-01 
 1.29282155e+03 -9.34081304e-02  1.29282155e+03 -1.30018772e-01 
 1.30779373e+03 -9.34077655e-02  1.30779373e+03 -1.32026907e-01 
 1.32293930e+03 -9.34073929e-02  1.32293930e+03 -1.34052547e-01 
 1.33826027e+03 -9.34070121e-02  1.33826027e+03 -1.36095961e-01 
 1.35375867e+03 -9.34066232e-02  1.35375867e+03 -1.38157420e-01 
 1.36943656e+03 -9.34062258e-02  1.36943656e+03 -1.40237198e-01 
 1.38529602e+03 -9.34058197e-02  1.38529602e+03 -1.42335570e-01 
 1.40133915e+03 -9.34054048e-02  1.40133915e+03 -1.44452814e-01 
 1.41756807e+03 -9.34049808e-02  1.41756807e+03 -1.46589212e-01 
 1.43398494e+03 -9.34045475e-02  1.43398494e+03 -1.48745045e-01 
 1.45059193e+03 -9.34041046e-02  1.45059193e+03 -1.50920601e-01 
 1.46739125e+03 -9.34036520e-02  1.46739125e+03 -1.53116168e-01 
 1.48438512e+03 -9.34031893e-02  1.48438512e+03 -1.55332037e-01 
 1.50157580e+03 -9.34027164e-02  1.50157580e+03 -1.57568501e-01 
 1.51896556e+03 -9.34022329e-02  1.51896556e+03 -1.59825858e-01 
 1.53655671e+03 -9.34017387e-02  1.53655671e+03 -1.62104407e-01 
 1.55435159e+03 -9.34012335e-02  1.55435159e+03 -1.64404449e-01 
 1.57235255e+03 -9.34007170e-02  1.57235255e+03 -1.66726290e-01 
 1.59056198e+03 -9.34001888e-02  1.59056198e+03 -1.69070237e-01 
 1.60898229e+03 -9.33996489e-02  1.60898229e+03 -1.71436602e-01 
 1.62761593e+03 -9.33990968e-02  1.62761593e+03 -1.73825699e-01 
 1.64646536e+03 -9.33985322e-02  1.64646536e+03 -1.76237843e-01 
 1.66553309e+03 -9.33979549e-02  1.66553309e+03 -1.78673355e-01 
 1.68482165e+03 -9.33973646e-02  1.68482165e+03 -1.81132558e-01 
 1.70433358e+03 -9.33967610e-02  1.70433358e+03 -1.83615779e-01 
 1.72407148e+03 -9.33961436e-02  1.72407148e+03 -1.86123345e-01 
 1.74403797e+03 -9.33955123e-02  1.74403797e+03 -1.88655590e-01 
 1.76423569e+03 -9.33948666e-02  1.76423569e+03 -1.91212850e-01 
 1.78466732e+03 -9.33942063e-02  1.78466732e+03 -1.93795464e-01 
 1.80533557e+03 -9.33935309e-02  1.80533557e+03 -1.96403774e-01 
 1.82624317e+03 -9.33928402e-02  1.82624317e+03 -1.99038126e-01 
 1.84739291e+03 -9.33921337e-02  1.84739291e+03 -2.01698869e-01 
 1.86878759e+03 -9.33914110e-02  1.86878759e+03 -2.04386357e-01 
 1.89043003e+03 -9.33906719e-02  1.89043003e+03 -2.07100946e-01 
 1.91232312e+03 -9.33899159e-02  1.91232312e+03 -2.09842995e-01 
 1.93446975e+03 -9.33891425e-02  1.93446975e+03 -2.12612868e-01 
 1.95687286e+03 -9.33883515e-02  1.95687286e+03 -2.15410934e-01 
 1.97953542e+03 -9.33875423e-02  1.97953542e+03 -2.18237562e-01 
 2.00246044e+03 -9.33867146e-02  2.00246044e+03 -2.21093127e-01 
 2.02565095e+03 -9.33858678e-02  2.02565095e+03 -2.23978009e-01 
 2.04911003e+03 -9.33850017e-02  2.04911003e+03 -2.26892589e-01 
 2.07284080e+03 -9.33841156e-02  2.07284080e+03 -2.29837255e-01 
 2.09684638e+03 -9.33832091e-02  2.09684638e+03 -2.32812397e-01 
 2.12112998e+03 -9.33822818e-02  2.12112998e+03 -2.35818410e-01 
 2.14569480e+03 -9.33813331e-02  2.14569480e+03 -2.38855692e-01 
 2.17054412e+03 -9.33803626e-02  2.17054412e+03 -2.41924645e-01 
 2.19568121e+03 -9.33793698e-02  2.19568121e+03 -2.45025678e-01 
 2.22110941e+03 -9.33783540e-02  2.22110941e+03 -2.48159201e-01 
 2.24683210e+03 -9.33773148e-02  2.24683210e+03 -2.51325629e-01 
 2.27285268e+03 -9.33762516e-02  2.27285268e+03 -2.54525384e-01 
 2.29917461e+03 -9.33751639e-02  2.29917461e+03 -2.57758888e-01 
 2.32580137e+03 -9.33740511e-02  2.32580137e+03 -2.61026572e-01 
 2.35273649e+03 -9.33729125e-02  2.35273649e+03 -2.64328868e-01 
 2.37998356e+03 -9.33717477e-02  2.37998356e+03 -2.67666215e-01 
 2.40754617e+03 -9.33705559e-02  2.40754617e+03 -2.71039054e-01 
 2.43542798e+03 -9.33693365e-02  2.43542798e+03 -2.74447834e-01 
 2.46363269e+03 -9.33680889e-02  2.46363269e+03 -2.77893006e-01 
 2.49216405e+03 -9.33668125e-02  2.49216405e+03 -2.81375028e-01 
 2.52102582e+03 -9.33655065e-02  2.52102582e+03 -2.84894362e-01 
 2.55022184e+03 -9.33641703e-02  2.55022184e+03 -2.88451473e-01 
 2.57975598e+03 -9.33628032e-02  2.57975598e+03 -2.92046834e-01 
 2.60963216e+03 -9.33614043e-02  2.60963216e+03 -2.95680922e-01 
 2.63985434e+03 -9.33599731e-02  2.63985434e+03 -2.99354219e-01 
 2.67042651e+03 -9.33585087e-02  2.67042651e+03 -3.03067212e-01 
 2.70135274e+03 -9.33570103e-02  2.70135274e+03 -3.06820394e-01 
 2.73263713e+03 -9.33554772e-02  2.73263713e+03 -3.10614262e-01 
 2.76428383e+03 -9.33539086e-02  2.76428383e+03 -3.14449320e-01 
 2.79629703e+03 -9.33523035e-02  2.79629703e+03 -3.18326076e-01 
 2.82868097e+03 -9.33506613e-02  2.82868097e+03 -3.22245045e-01 
 2.86143995e+03 -9.33489809e-02  2.86143995e+03 -3.26206747e-01 
 2.89457831e+03 -9.33472615e-02  2.89457831e+03 -3.30211706e-01 
 2.92810044e+03 -9.33455023e-02  2.92810044e+03 -3.34260455e-01 
 2.96201080e+03 -9.33437021e-02  2.96201080e+03 -3.38353531e-01 
 2.99631387e+03 -9.33418602e-02  2.99631387e+03 -3.42491475e-01 
 3.03101421e+03 -9.33399756e-02  3.03101421e+03 -3.46674839e-01 
 3.06611641e+03 -9.33380471e-02  3.06611641e+03 -3.50904175e-01 
 3.10162514e+03 -9.33360739e-02  3.10162514e+03 -3.55180046e-01 
 3.13754508e+03 -9.33340549e-02  3.13754508e+03 -3.59503019e-01 
 3.17388102e+03 -9.33319889e-02  3.17388102e+03 -3.63873667e-01 
 3.21063777e+03 -9.33298750e-02  3.21063777e+03 -3.68292570e-01 
 3.24782019e+03 -9.33277119e-02  3.24782019e+03 -3.72760315e-01 
 3.28543323e+03 -9.33254986e-02  3.28543323e+03 -3.77277493e-01 
 3.32348186e+03 -9.33232338e-02  3.32348186e+03 -3.81844705e-01 
 3.36197113e+03 -9.33209164e-02  3.36197113e+03 -3.86462557e-01 
 3.40090615e+03 -9.33185451e-02  3.40090615e+03 -3.91131660e-01 
 3.44029207e+03 -9.33161188e-02  3.44029207e+03 -3.95852636e-01 
 3.48013412e+03 -9.33136360e-02  3.48013412e+03 -4.00626109e-01 
 3.52043759e+03 -9.33110955e-02  3.52043759e+03 -4.05452714e-01 
 3.56120781e+03 -9.33084959e-02  3.56120781e+03 -4.10333090e-01 
 3.60245019e+03 -9.33058359e-02  3.60245019e+03 -4.15267887e-01 
 3.64417019e+03 -9.33031141e-02  3.64417019e+03 -4.20257757e-01 
 3.68637336e+03 -9.33003290e-02  3.68637336e+03 -4.25303364e-01 
 3.72906528e+03 -9.32974791e-02  3.72906528e+03 -4.30405377e-01 
 3.77225162e+03 -9.32945629e-02  3.77225162e+03 -4.35564473e-01 
 3.81593810e+03 -9.32915790e-02  3.81593810e+03 -4.40781337e-01 
 3.86013052e+03 -9.32885256e-02  3.86013052e+03 -4.46056661e-01 
 3.90483472e+03 -9.32854012e-02  3.90483472e+03 -4.51391145e-01 
 3.95005665e+03 -9.32822042e-02  3.95005665e+03 -4.56785498e-01 
 3.99580229e+03 -9.32789328e-02  3.99580229e+03 -4.62240434e-01 
 4.04207771e+03 -9.32755853e-02  4.04207771e+03 -4.67756679e-01 
 4.08888905e+03 -9.32721599e-02  4.08888905e+03 -4.73334963e-01 
 4.13624251e+03 -9.32686549e-02  4.13624251e+03 -4.78976029e-01 
 4.18414437e+03 -9.32650683e-02  4.18414437e+03 -4.84680624e-01 
 4.23260098e+03 -9.32613983e-02  4.23260098e+03 -4.90449505e-01 
 4.28161877e+03 -9.32576430e-02  4.28161877e+03 -4.96283439e-01 
 4.33120424e+03 -9.32538003e-02  4.33120424e+03 -5.02183200e-01 
 4.38136395e+03 -9.32498682e-02  4.38136395e+03 -5.08149570e-01 
 4.43210457e+03 -9.32458446e-02  4.43210457e+03 -5.14183343e-01 
 4.48343281e+03 -9.32417274e-02  4.48343281e+03 -5.20285319e-01 
 4.53535548e+03 -9.32375145e-02  4.53535548e+03 -5.26456308e-01 
 4.58787948e+03 -9.32332035e-02  4.58787948e+03 -5.32697129e-01 
 4.64101175e+03 -9.32287923e-02  4.64101175e+03 -5.39008611e-01 
 4.69475935e+03 -9.32242784e-02  4.69475935e+03 -5.45391592e-01 
 4.74912940e+03 -9.32196595e-02  4.74912940e+03 -5.51846920e-01 
 4.80412911e+03 -9.32149332e-02  4.80412911e+03 -5.58375451e-01 
 4.85976577e+03 -9.32100969e-02  4.85976577e+03 -5.64978053e-01 
 4.91604676e+03 -9.32051482e-02  4.91604676e+03 -5.71655602e-01 
 4.97297954e+03 -9.32000843e-02  4.97297954e+03 -5.78408985e-01 
 5.03057166e+03 -9.31949026e-02  5.03057166e+03 -5.85239099e-01 
 5.08883076e+03 -9.31896003e-02  5.08883076e+03 -5.92146851e-01 
 5.14776455e+03 -9.31841747e-02  5.14776455e+03 -5.99133158e-01 
 5.20738086e+03 -9.31786229e-02  5.20738086e+03 -6.06198949e-01 
 5.26768758e+03 -9.31729420e-02  5.26768758e+03 -6.13345161e-01 
 5.32869272e+03 -9.31671289e-02  5.32869272e+03 -6.20572744e-01 
 5.39040436e+03 -9.31611805e-02  5.39040436e+03 -6.27882658e-01 
 5.45283068e+03 -9.31550939e-02  5.45283068e+03 -6.35275875e-01 
 5.51597996e+03 -9.31488656e-02  5.51597996e+03 -6.42753375e-01 
 5.57986057e+03 -9.31424924e-02  5.57986057e+03 -6.50316153e-01 
 5.64448099e+03 -9.31359711e-02  5.64448099e+03 -6.57965214e-01 
 5.70984977e+03 -9.31292980e-02  5.70984977e+03 -6.65701573e-01 
 5.77597559e+03 -9.31224697e-02  5.77597559e+03 -6.73526258e-01 
 5.84286722e+03 -9.31154826e-02  5.84286722e+03 -6.81440310e-01 
 5.91053351e+03 -9.31083330e-02  5.91053351e+03 -6.89444779e-01 
 5.97898345e+03 -9.31010171e-02  5.97898345e+03 -6.97540731e-01 
 6.04822611e+03 -9.30935311e-02  6.04822611e+03 -7.05729239e-01 
 6.11827067e+03 -9.30858710e-02  6.11827067e+03 -7.14011394e-01 
 6.18912642e+03 -9.30780327e-02  6.18912642e+03 -7.22388295e-01 
 6.26080275e+03 -9.30700121e-02  6.26080275e+03 -7.30861056e-01 
 6.33330916e+03 -9.30618051e-02  6.33330916e+03 -7.39430804e-01 
 6.40665527e+03 -9.30534072e-02  6.40665527e+03 -7.48098677e-01 
 6.48085080e+03 -9.30448140e-02  6.48085080e+03 -7.56865828e-01 
 6.55590559e+03 -9.30360210e-02  6.55590559e+03 -7.65733422e-01 
 6.63182959e+03 -9.30270235e-02  6.63182959e+03 -7.74702639e-01 
 6.70863287e+03 -9.30178169e-02  6.70863287e+03 -7.83774671e-01 
 6.78632561e+03 -9.30083962e-02  6.78632561e+03 -7.92950724e-01 
 6.86491811e+03 -9.29987565e-02  6.86491811e+03 -8.02232020e-01 
 6.94442078e+03 -9.29888927e-02  6.94442078e+03 -8.11619791e-01 
 7.02484418e+03 -9.29787996e-02  7.02484418e+03 -8.21115288e-01 
 7.10619897e+03 -9.29684718e-02  7.10619897e+03 -8.30719772e-01 
 7.18849592e+03 -9.29579040e-02  7.18849592e+03 -8.40434522e-01 
 7.27174595e+03 -9.29470906e-02  7.27174595e+03 -8.50260829e-01 
 7.35596011e+03 -9.29360258e-02  7.35596011e+03 -8.60200002e-01 
 7.44114955e+03 -9.29247039e-02  7.44114955e+03 -8.70253363e-01 
 7.52732557e+03 -9.29131188e-02  7.52732557e+03 -8.80422249e-01 
 7.61449959e+03 -9.29012645e-02  7.61449959e+03 -8.90708014e-01 
 7.70268318e+03 -9.28891347e-02  7.70268318e+03 -9.01112027e-01 
 7.79188802e+03 -9.28767231e-02  7.79188802e+03 -9.11635673e-01 
 7.88212595e+03 -9.28640231e-02  7.88212595e+03 -9.22280352e-01 
 7.97340892e+03 -9.28510280e-02  7.97340892e+03 -9.33047482e-01 
 8.06574904e+03 -9.28377310e-02  8.06574904e+03 -9.43938495e-01 
 8.15915855e+03 -9.28241251e-02  8.15915855e+03 -9.54954843e-01 
 8.25364983e+03 -9.28102031e-02  8.25364983e+03 -9.66097993e-01 
 8.34923543e+03 -9.27959577e-02  8.34923543e+03 -9.77369427e-01 
 8.44592800e+03 -9.27813815e-02  8.44592800e+03 -9.88770649e-01 
 8.54374036e+03 -9.27664667e-02  8.54374036e+03 -1.00030318e+00 
 8.64268550e+03 -9.27512055e-02  8.64268550e+03 -1.01196854e+00 
 8.74277651e+03 -9.27355900e-02  8.74277651e+03 -1.02376831e+00 
 8.84402669e+03 -9.27196118e-02  8.84402669e+03 -1.03570404e+00 
 8.94644944e+03 -9.27032626e-02  8.94644944e+03 -1.04777733e+00 
 9.05005835e+03 -9.26865338e-02  9.05005835e+03 -1.05998979e+00 
 9.15486716e+03 -9.26694167e-02  9.15486716e+03 -1.07234305e+00 
 9.26088975e+03 -9.26519022e-02  9.26088975e+03 -1.08483875e+00 
 9.36814020e+03 -9.26339812e-02  9.36814020e+03 -1.09747856e+00 
 9.47663271e+03 -9.26156442e-02  9.47663271e+03 -1.11026416e+00 
 9.58638168e+03 -9.25968816e-02  9.58638168e+03 -1.12319726e+00 
 9.69740165e+03 -9.25776837e-02  9.69740165e+03 -1.13627959e+00 
 9.80970735e+03 -9.25580403e-02  9.80970735e+03 -1.14951289e+00 
 9.92331366e+03 -9.25379411e-02  9.92331366e+03 -1.16289892e+00 
 1.00382356e+04 -9.25173756e-02  1.00382356e+04 -1.17643948e+00 
 1.01544885e+04 -9.24963330e-02  1.01544885e+04 -1.19013637e+00 
 1.02720878e+04 -9.24748024e-02  1.02720878e+04 -1.20399141e+00 
 1.03910489e+04 -9.24527724e-02  1.03910489e+04 -1.21800646e+00 
 1.05113877e+04 -9.24302315e-02  1.05113877e+04 -1.23218339e+00 
 1.06331202e+04 -9.24071680e-02  1.06331202e+04 -1.24652410e+00 
 1.07562625e+04 -9.23835697e-02  1.07562625e+04 -1.26103049e+00 
 1.08808308e+04 -9.23594243e-02  1.08808308e+04 -1.27570450e+00 
 1.10068418e+04 -9.23347192e-02  1.10068418e+04 -1.29054810e+00 
 1.11343122e+04 -9.23094415e-02  1.11343122e+04 -1.30556328e+00 
 1.12632587e+04 -9.22835779e-02  1.12632587e+04 -1.32075203e+00 
 1.13936986e+04 -9.22571151e-02  1.13936986e+04 -1.33611638e+00 
 1.15256492e+04 -9.22300392e-02  1.15256492e+04 -1.35165840e+00 
 1.16591278e+04 -9.22023359e-02  1.16591278e+04 -1.36738017e+00 
 1.17941523e+04 -9.21739910e-02  1.17941523e+04 -1.38328377e+00 
 1.19307404e+04 -9.21449896e-02  1.19307404e+04 -1.39937135e+00 
 1.20689105e+04 -9.21153166e-02  1.20689105e+04 -1.41564505e+00 
 1.22086806e+04 -9.20849566e-02  1.22086806e+04 -1.43210705e+00 
 1.23500695e+04 -9.20538937e-02  1.23500695e+04 -1.44875957e+00 
 1.24930957e+04 -9.20221117e-02  1.24930957e+04 -1.46560481e+00 
 1.26377784e+04 -9.19895943e-02  1.26377784e+04 -1.48264506e+00 
 1.27841366e+04 -9.19563243e-02  1.27841366e+04 -1.49988258e+00 
 1.29321898e+04 -9.19222846e-02  1.29321898e+04 -1.51731968e+00 
 1.30819576e+04 -9.18874574e-02  1.30819576e+04 -1.53495871e+00 
 1.32334599e+04 -9.18518247e-02  1.32334599e+04 -1.55280203e+00 
 1.33867167e+04 -9.18153680e-02  1.33867167e+04 -1.57085203e+00 
 1.35417484e+04 -9.17780684e-02  1.35417484e+04 -1.58911113e+00 
 1.36985755e+04 -9.17399065e-02  1.36985755e+04 -1.60758178e+00 
 1.38572188e+04 -9.17008626e-02  1.38572188e+04 -1.62626647e+00 
 1.40176994e+04 -9.16609164e-02  1.40176994e+04 -1.64516770e+00 
 1.41800385e+04 -9.16200472e-02  1.41800385e+04 -1.66428800e+00 
 1.43442576e+04 -9.15782340e-02  1.43442576e+04 -1.68362995e+00 
 1.45103786e+04 -9.15354550e-02  1.45103786e+04 -1.70319615e+00 
 1.46784234e+04 -9.14916883e-02  1.46784234e+04 -1.72298923e+00 
 1.48484144e+04 -9.14469112e-02  1.48484144e+04 -1.74301184e+00 
 1.50203740e+04 -9.14011005e-02  1.50203740e+04 -1.76326668e+00 
 1.51943251e+04 -9.13542327e-02  1.51943251e+04 -1.78375648e+00 
 1.53702907e+04 -9.13062837e-02  1.53702907e+04 -1.80448399e+00 
 1.55482942e+04 -9.12572286e-02  1.55482942e+04 -1.82545201e+00 
 1.57283591e+04 -9.12070423e-02  1.57283591e+04 -1.84666335e+00 
 1.59105094e+04 -9.11556990e-02  1.59105094e+04 -1.86812088e+00 
 1.60947691e+04 -9.11031723e-02  1.60947691e+04 -1.88982749e+00 
 1.62811628e+04 -9.10494351e-02  1.62811628e+04 -1.91178610e+00 
 1.64697151e+04 -9.09944600e-02  1.64697151e+04 -1.93399967e+00 
 1.66604510e+04 -9.09382187e-02  1.66604510e+04 -1.95647121e+00 
 1.68533958e+04 -9.08806824e-02  1.68533958e+04 -1.97920375e+00 
 1.70485751e+04 -9.08218217e-02  1.70485751e+04 -2.00220035e+00 
 1.72460148e+04 -9.07616064e-02  1.72460148e+04 -2.02546412e+00 
 1.74457411e+04 -9.07000058e-02  1.74457411e+04 -2.04899822e+00 
 1.76477804e+04 -9.06369885e-02  1.76477804e+04 -2.07280581e+00 
 1.78521595e+04 -9.05725222e-02  1.78521595e+04 -2.09689012e+00 
 1.80589055e+04 -9.05065742e-02  1.80589055e+04 -2.12125441e+00 
 1.82680458e+04 -9.04391108e-02  1.82680458e+04 -2.14590198e+00 
 1.84796082e+04 -9.03700977e-02  1.84796082e+04 -2.17083616e+00 
 1.86936208e+04 -9.02995000e-02  1.86936208e+04 -2.19606034e+00 
 1.89101117e+04 -9.02272816e-02  1.89101117e+04 -2.22157794e+00 
 1.91291099e+04 -9.01534060e-02  1.91291099e+04 -2.24739241e+00 
 1.93506443e+04 -9.00778358e-02  1.93506443e+04 -2.27350727e+00 
 1.95747443e+04 -9.00005327e-02  1.95747443e+04 -2.29992605e+00 
 1.98014396e+04 -8.99214576e-02  1.98014396e+04 -2.32665236e+00 
 2.00307602e+04 -8.98405707e-02  2.00307602e+04 -2.35368981e+00 
 2.02627366e+04 -8.97578311e-02  2.02627366e+04 -2.38104209e+00 
 2.04973996e+04 -8.96731971e-02  2.04973996e+04 -2.40871293e+00 
 2.07347801e+04 -8.95866263e-02  2.07347801e+04 -2.43670608e+00 
 2.09749098e+04 -8.94980750e-02  2.09749098e+04 -2.46502537e+00 
 2.12178204e+04 -8.94074988e-02  2.12178204e+04 -2.49367465e+00 
 2.14635442e+04 -8.93148524e-02  2.14635442e+04 -2.52265784e+00 
 2.17121137e+04 -8.92200894e-02  2.17121137e+04 -2.55197889e+00 
 2.19635619e+04 -8.91231624e-02  2.19635619e+04 -2.58164181e+00 
 2.22179221e+04 -8.90240231e-02  2.22179221e+04 -2.61165064e+00 
 2.24752280e+04 -8.89226221e-02  2.24752280e+04 -2.64200951e+00 
 2.27355138e+04 -8.88189088e-02  2.27355138e+04 -2.67272255e+00 
 2.29988140e+04 -8.87128318e-02  2.29988140e+04 -2.70379399e+00 
 2.32651635e+04 -8.86043385e-02  2.32651635e+04 -2.73522808e+00 
 2.35345976e+04 -8.84933751e-02  2.35345976e+04 -2.76702912e+00 
 2.38071520e+04 -8.83798867e-02  2.38071520e+04 -2.79920150e+00 
 2.40828628e+04 -8.82638175e-02  2.40828628e+04 -2.83174962e+00 
 2.43617666e+04 -8.81451101e-02  2.43617666e+04 -2.86467796e+00 
 2.46439005e+04 -8.80237061e-02  2.46439005e+04 -2.89799106e+00 
 2.49293017e+04 -8.78995461e-02  2.49293017e+04 -2.93169349e+00 
 2.52180082e+04 -8.77725691e-02  2.52180082e+04 -2.96578992e+00 
 2.55100581e+04 -8.76427130e-02  2.55100581e+04 -3.00028503e+00 
 2.58054904e+04 -8.75099145e-02  2.58054904e+04 -3.03518360e+00 
 2.61043440e+04 -8.73741089e-02  2.61043440e+04 -3.07049045e+00 
 2.64066586e+04 -8.72352301e-02  2.64066586e+04 -3.10621046e+00 
 2.67124744e+04 -8.70932108e-02  2.67124744e+04 -3.14234857e+00 
 2.70218318e+04 -8.69479822e-02  2.70218318e+04 -3.17890979e+00 
 2.73347718e+04 -8.67994742e-02  2.73347718e+04 -3.21589920e+00 
 2.76513361e+04 -8.66476153e-02  2.76513361e+04 -3.25332193e+00 
 2.79715664e+04 -8.64923324e-02  2.79715664e+04 -3.29118318e+00 
 2.82955054e+04 -8.63335511e-02  2.82955054e+04 -3.32948822e+00 
 2.86231959e+04 -8.61711953e-02  2.86231959e+04 -3.36824239e+00 
 2.89546814e+04 -8.60051877e-02  2.89546814e+04 -3.40745108e+00 
 2.92900058e+04 -8.58354493e-02  2.92900058e+04 -3.44711977e+00 
 2.96292136e+04 -8.56618994e-02  2.96292136e+04 -3.48725400e+00 
 2.99723498e+04 -8.54844559e-02  2.99723498e+04 -3.52785938e+00 
 3.03194599e+04 -8.53030350e-02  3.03194599e+04 -3.56894161e+00 
 3.06705898e+04 -8.51175514e-02  3.06705898e+04 -3.61050644e+00 
 3.10257862e+04 -8.49279181e-02  3.10257862e+04 -3.65255970e+00 
 3.13850961e+04 -8.47340462e-02  3.13850961e+04 -3.69510731e+00 
 3.17485672e+04 -8.45358453e-02  3.17485672e+04 -3.73815525e+00 
 3.21162476e+04 -8.43332234e-02  3.21162476e+04 -3.78170958e+00 
 3.24881861e+04 -8.41260865e-02  3.24881861e+04 -3.82577645e+00 
 3.28644321e+04 -8.39143390e-02  3.28644321e+04 -3.87036209e+00 
 3.32450354e+04 -8.36978834e-02  3.32450354e+04 -3.91547280e+00 
 3.36300464e+04 -8.34766204e-02  3.36300464e+04 -3.96111497e+00 
 3.40195163e+04 -8.32504490e-02  3.40195163e+04 -4.00729507e+00 
 3.44134966e+04 -8.30192662e-02  3.44134966e+04 -4.05401965e+00 
 3.48120396e+04 -8.27829671e-02  3.48120396e+04 -4.10129537e+00 
 3.52151982e+04 -8.25414450e-02  3.52151982e+04 -4.14912896e+00 
 3.56230257e+04 -8.22945914e-02  3.56230257e+04 -4.19752724e+00 
 3.60355763e+04 -8.20422955e-02  3.60355763e+04 -4.24649713e+00 
 3.64529046e+04 -8.17844449e-02  3.64529046e+04 -4.29604562e+00 
 3.68750660e+04 -8.15209251e-02  3.68750660e+04 -4.34617982e+00 
 3.73021165e+04 -8.12516195e-02  3.73021165e+04 -4.39690693e+00 
 3.77341126e+04 -8.09764097e-02  3.77341126e+04 -4.44823423e+00 
 3.81711117e+04 -8.06951752e-02  3.81711117e+04 -4.50016911e+00 
 3.86131717e+04 -8.04077934e-02  3.86131717e+04 -4.55271908e+00 
 3.90603512e+04 -8.01141398e-02  3.90603512e+04 -4.60589170e+00 
 3.95127095e+04 -7.98140877e-02  3.95127095e+04 -4.65969469e+00 
 3.99703065e+04 -7.95075083e-02  3.99703065e+04 -4.71413584e+00 
 4.04332030e+04 -7.91942710e-02  4.04332030e+04 -4.76922306e+00 
 4.09014603e+04 -7.88742428e-02  4.09014603e+04 -4.82496435e+00 
 4.13751404e+04 -7.85472889e-02  4.13751404e+04 -4.88136785e+00 
 4.18543063e+04 -7.82132720e-02  4.18543063e+04 -4.93844179e+00 
 4.23390214e+04 -7.78720532e-02  4.23390214e+04 -4.99619452e+00 
 4.28293500e+04 -7.75234912e-02  4.28293500e+04 -5.05463450e+00 
 4.33253571e+04 -7.71674426e-02  4.33253571e+04 -5.11377032e+00 
 4.38271084e+04 -7.68037621e-02  4.38271084e+04 -5.17361067e+00 
 4.43346705e+04 -7.64323022e-02  4.43346705e+04 -5.23416439e+00 
 4.48481108e+04 -7.60529133e-02  4.48481108e+04 -5.29544041e+00 
 4.53674971e+04 -7.56654438e-02  4.53674971e+04 -5.35744781e+00 
 4.58928985e+04 -7.52697400e-02  4.58928985e+04 -5.42019578e+00 
 4.64243846e+04 -7.48656462e-02  4.64243846e+04 -5.48369367e+00 
 4.69620258e+04 -7.44530047e-02  4.69620258e+04 -5.54795091e+00 
 4.75058934e+04 -7.40316559e-02  4.75058934e+04 -5.61297712e+00 
 4.80560596e+04 -7.36014380e-02  4.80560596e+04 -5.67878202e+00 
 4.86125973e+04 -7.31621876e-02  4.86125973e+04 -5.74537548e+00 
 4.91755802e+04 -7.27137391e-02  4.91755802e+04 -5.81276751e+00 
 4.97450830e+04 -7.22559252e-02  4.97450830e+04 -5.88096827e+00 
 5.03211813e+04 -7.17885767e-02  5.03211813e+04 -5.94998804e+00 
 5.09039513e+04 -7.13115229e-02  5.09039513e+04 -6.01983729e+00 
 5.14934704e+04 -7.08245911e-02  5.14934704e+04 -6.09052660e+00 
 5.20898168e+04 -7.03276070e-02  5.20898168e+04 -6.16206674e+00 
 5.26930694e+04 -6.98203948e-02  5.26930694e+04 -6.23446860e+00 
 5.33033083e+04 -6.93027771e-02  5.33033083e+04 -6.30774325e+00 
 5.39206144e+04 -6.87745751e-02  5.39206144e+04 -6.38190192e+00 
 5.45450695e+04 -6.82356087e-02  5.45450695e+04 -6.45695600e+00 
 5.51767564e+04 -6.76856962e-02  5.51767564e+04 -6.53291705e+00 
 5.58157589e+04 -6.71246552e-02  5.58157589e+04 -6.60979680e+00 
 5.64621617e+04 -6.65523019e-02  5.64621617e+04 -6.68760714e+00 
 5.71160505e+04 -6.59684515e-02  5.71160505e+04 -6.76636015e+00 
 5.77775120e+04 -6.53729184e-02  5.77775120e+04 -6.84606808e+00 
 5.84466339e+04 -6.47655164e-02  5.84466339e+04 -6.92674338e+00 
 5.91235049e+04 -6.41460584e-02  5.91235049e+04 -7.00839865e+00 
 5.98082147e+04 -6.35143571e-02  5.98082147e+04 -7.09104672e+00 
 6.05008542e+04 -6.28702247e-02  6.05008542e+04 -7.17470057e+00 
 6.12015151e+04 -6.22134733e-02  6.12015151e+04 -7.25937340e+00 
 6.19102904e+04 -6.15439152e-02  6.19102904e+04 -7.34507861e+00 
 6.26272740e+04 -6.08613624e-02  6.26272740e+04 -7.43182978e+00 
 6.33525610e+04 -6.01656278e-02  6.33525610e+04 -7.51964071e+00 
 6.40862476e+04 -5.94565245e-02  6.40862476e+04 -7.60852540e+00 
 6.48284310e+04 -5.87338667e-02  6.48284310e+04 -7.69849808e+00 
 6.55792097e+04 -5.79974693e-02  6.55792097e+04 -7.78957316e+00 
 6.63386831e+04 -5.72471488e-02  6.63386831e+04 -7.88176530e+00 
 6.71069519e+04 -5.64827229e-02  6.71069519e+04 -7.97508937e+00 
 6.78841182e+04 -5.57040112e-02  6.78841182e+04 -8.06956047e+00 
 6.86702847e+04 -5.49108353e-02  6.86702847e+04 -8.16519391e+00 
 6.94655559e+04 -5.41030194e-02  6.94655559e+04 -8.26200527e+00 
 7.02700371e+04 -5.32803899e-02  7.02700371e+04 -8.36001033e+00 
 7.10838351e+04 -5.24427766e-02  7.10838351e+04 -8.45922514e+00 
 7.19070576e+04 -5.15900123e-02  7.19070576e+04 -8.55966597e+00 
 7.27398139e+04 -5.07219339e-02  7.27398139e+04 -8.66134935e+00 
 7.35822143e+04 -4.98383818e-02  7.35822143e+04 -8.76429207e+00 
 7.44343706e+04 -4.89392014e-02  7.44343706e+04 -8.86851118e+00 
 7.52963957e+04 -4.80242425e-02  7.52963957e+04 -8.97402396e+00 
 7.61684039e+04 -4.70933607e-02  7.61684039e+04 -9.08084799e+00 
 7.70505109e+04 -4.61464168e-02  7.70505109e+04 -9.18900109e+00 
 7.79428335e+04 -4.51832784e-02  7.79428335e+04 -9.29850139e+00 
 7.88454902e+04 -4.42038194e-02  7.88454902e+04 -9.40936726e+00 
 7.97586005e+04 -4.32079211e-02  7.97586005e+04 -9.52161736e+00 
 8.06822855e+04 -4.21954727e-02  8.06822855e+04 -9.63527066e+00 
 8.16166678e+04 -4.11663717e-02  8.16166678e+04 -9.75034639e+00 
 8.25618712e+04 -4.01205244e-02  8.25618712e+04 -9.86686409e+00 
 8.35180209e+04 -3.90578469e-02  8.35180209e+04 -9.98484359e+00 
 8.44852439e+04 -3.79782653e-02  8.44852439e+04 -1.01043050e+01 
 8.54636682e+04 -3.68817168e-02  8.54636682e+04 -1.02252688e+01 
 8.64534237e+04 -3.57681501e-02  8.64534237e+04 -1.03477558e+01 
 8.74546416e+04 -3.46375260e-02  8.74546416e+04 -1.04717869e+01 
 8.84674546e+04 -3.34898186e-02  8.84674546e+04 -1.05973837e+01 
 8.94919970e+04 -3.23250157e-02  8.94919970e+04 -1.07245677e+01 
 9.05284046e+04 -3.11431199e-02  9.05284046e+04 -1.08533611e+01 
 9.15768148e+04 -2.99441491e-02  9.15768148e+04 -1.09837862e+01 
 9.26373667e+04 -2.87281376e-02  9.26373667e+04 -1.11158657e+01 
 9.37102009e+04 -2.74951371e-02  9.37102009e+04 -1.12496226e+01 
 9.47954596e+04 -2.62452174e-02  9.47954596e+04 -1.13850804e+01 
 9.58932866e+04 -2.49784674e-02  9.58932866e+04 -1.15222627e+01 
 9.70038276e+04 -2.36949964e-02  9.70038276e+04 -1.16611937e+01 
 9.81272298e+04 -2.23949347e-02  9.81272298e+04 -1.18018977e+01 
 9.92636421e+04 -2.10784351e-02  9.92636421e+04 -1.19443997e+01 
 1.00413215e+05 -1.97456737e-02  1.00413215e+05 -1.20887247e+01 
 1.01576102e+05 -1.83968510e-02  1.01576102e+05 -1.22348982e+01 
 1.02752455e+05 -1.70321937e-02  1.02752455e+05 -1.23829461e+01 
 1.03942432e+05 -1.56519549e-02  1.03942432e+05 -1.25328948e+01 
 1.05146191e+05 -1.42564164e-02  1.05146191e+05 -1.26847708e+01 
 1.06363890e+05 -1.28458893e-02  1.06363890e+05 -1.28386010e+01 
 1.07595691e+05 -1.14207154e-02  1.07595691e+05 -1.29944130e+01 
 1.08841757e+05 -9.98126904e-03  1.08841757e+05 -1.31522345e+01 
 1.10102255e+05 -8.52795795e-03  1.10102255e+05 -1.33120936e+01 
 1.11377350e+05 -7.06122501e-03  1.11377350e+05 -1.34740188e+01 
 1.12667212e+05 -5.58154967e-03  1.12667212e+05 -1.36380390e+01 
 1.13972012e+05 -4.08944944e-03  1.13972012e+05 -1.38041837e+01 
 1.15291923e+05 -2.58548148e-03  1.15291923e+05 -1.39724823e+01 
 1.16627120e+05 -1.07024418e-03  1.16627120e+05 -1.41429651e+01 
 1.17977779e+05  4.55621204e-04  1.17977779e+05 -1.43156625e+01 
 1.19344081e+05  1.99142885e-03  1.19344081e+05 -1.44906053e+01 
 1.20726206e+05  3.53644672e-03  1.20726206e+05 -1.46678248e+01 
 1.22124337e+05  5.08989475e-03  1.22124337e+05 -1.48473527e+01 
 1.23538660e+05  6.65094313e-03  1.23538660e+05 -1.50292209e+01 
 1.24969363e+05  8.21871047e-03  1.24969363e+05 -1.52134619e+01 
 1.26416634e+05  9.79226195e-03  1.26416634e+05 -1.54001084e+01 
 1.27880666e+05  1.13706075e-02  1.27880666e+05 -1.55891937e+01 
 1.29361653e+05  1.29526997e-02  1.29361653e+05 -1.57807513e+01 
 1.30859792e+05  1.45374323e-02  1.30859792e+05 -1.59748152e+01 
 1.32375280e+05  1.61236377e-02  1.32375280e+05 -1.61714196e+01 
 1.33908319e+05  1.77100854e-02  1.33908319e+05 -1.63705992e+01 
 1.35459113e+05  1.92954796e-02  1.35459113e+05 -1.65723891e+01 
 1.37027866e+05  2.08784577e-02  1.37027866e+05 -1.67768247e+01 
 1.38614787e+05  2.24575877e-02  1.38614787e+05 -1.69839418e+01 
 1.40220086e+05  2.40313667e-02  1.40220086e+05 -1.71937765e+01 
 1.41843976e+05  2.55982182e-02  1.41843976e+05 -1.74063651e+01 
 1.43486672e+05  2.71564906e-02  1.43486672e+05 -1.76217446e+01 
 1.45148393e+05  2.87044546e-02  1.45148393e+05 -1.78399521e+01 
 1.46829358e+05  3.02403018e-02  1.46829358e+05 -1.80610249e+01 
 1.48529790e+05  3.17621416e-02  1.48529790e+05 -1.82850008e+01 
 1.50249915e+05  3.32680002e-02  1.50249915e+05 -1.85119178e+01 
 1.51989960e+05  3.47558176e-02  1.51989960e+05 -1.87418144e+01 
 1.53750157e+05  3.62234463e-02  1.53750157e+05 -1.89747290e+01 
 1.55530739e+05  3.76686485e-02  1.55530739e+05 -1.92107007e+01 
 1.57331942e+05  3.90890946e-02  1.57331942e+05 -1.94497684e+01 
 1.59154005e+05  4.04823612e-02  1.59154005e+05 -1.96919715e+01 
 1.60997169e+05  4.18459286e-02  1.60997169e+05 -1.99373497e+01 
 1.62861678e+05  4.31771795e-02  1.62861678e+05 -2.01859428e+01 
 1.64747781e+05  4.44733966e-02  1.64747781e+05 -2.04377907e+01 
 1.66655726e+05  4.57317610e-02  1.66655726e+05 -2.06929336e+01 
 1.68585768e+05  4.69493503e-02  1.68585768e+05 -2.09514118e+01 
 1.70538161e+05  4.81231368e-02  1.70538161e+05 -2.12132657e+01 
 1.72513165e+05  4.92499860e-02  1.72513165e+05 -2.14785361e+01 
 1.74511042e+05  5.03266548e-02  1.74511042e+05 -2.17472635e+01 
 1.76532055e+05  5.13497899e-02  1.76532055e+05 -2.20194887e+01 
 1.78576475e+05  5.23159265e-02  1.78576475e+05 -2.22952526e+01 
 1.80644570e+05  5.32214869e-02  1.80644570e+05 -2.25745960e+01 
 1.82736617e+05  5.40627792e-02  1.82736617e+05 -2.28575598e+01 
 1.84852891e+05  5.48359960e-02  1.84852891e+05 -2.31441848e+01 
 1.86993674e+05  5.55372133e-02  1.86993674e+05 -2.34345119e+01 
 1.89159250e+05  5.61623900e-02  1.89159250e+05 -2.37285819e+01 
 1.91349905e+05  5.67073663e-02  1.91349905e+05 -2.40264354e+01 
 1.93565930e+05  5.71678638e-02  1.93565930e+05 -2.43281129e+01 
 1.95807618e+05  5.75394843e-02  1.95807618e+05 -2.46336550e+01 
 1.98075268e+05  5.78177096e-02  1.98075268e+05 -2.49431018e+01 
 2.00369179e+05  5.79979014e-02  2.00369179e+05 -2.52564935e+01 
 2.02689657e+05  5.80753008e-02  2.02689657e+05 -2.55738697e+01 
 2.05037007e+05  5.80450287e-02  2.05037007e+05 -2.58952702e+01 
 2.07411543e+05  5.79020859e-02  2.07411543e+05 -2.62207341e+01 
 2.09813578e+05  5.76413532e-02  2.09813578e+05 -2.65503004e+01 
 2.12243431e+05  5.72575924e-02  2.12243431e+05 -2.68840077e+01 
 2.14701424e+05  5.67454470e-02  2.14701424e+05 -2.72218941e+01 
 2.17187883e+05  5.60994427e-02  2.17187883e+05 -2.75639975e+01 
 2.19703138e+05  5.53139892e-02  2.19703138e+05 -2.79103552e+01 
 2.22247522e+05  5.43833810e-02  2.22247522e+05 -2.82610040e+01 
 2.24821372e+05  5.33017994e-02  2.24821372e+05 -2.86159803e+01 
 2.27425030e+05  5.20633140e-02  2.27425030e+05 -2.89753197e+01 
 2.30058842e+05  5.06618850e-02  2.30058842e+05 -2.93390575e+01 
 2.32723155e+05  4.90913651e-02  2.32723155e+05 -2.97072282e+01 
 2.35418324e+05  4.73455021e-02  2.35418324e+05 -3.00798656e+01 
 2.38144706e+05  4.54179418e-02  2.38144706e+05 -3.04570030e+01 
 2.40902662e+05  4.33022306e-02  2.40902662e+05 -3.08386727e+01 
 2.43692558e+05  4.09918189e-02  2.43692558e+05 -3.12249066e+01 
 2.46514763e+05  3.84800645e-02  2.46514763e+05 -3.16157354e+01 
 2.49369653e+05  3.57602361e-02  2.49369653e+05 -3.20111893e+01 
 2.52257605e+05  3.28255172e-02  2.52257605e+05 -3.24112975e+01 
 2.55179003e+05  2.96690105e-02  2.55179003e+05 -3.28160881e+01 
 2.58134233e+05  2.62837420e-02  2.58134233e+05 -3.32255887e+01 
 2.61123688e+05  2.26626657e-02  2.61123688e+05 -3.36398256e+01 
 2.64147764e+05  1.87986683e-02  2.64147764e+05 -3.40588241e+01 
 2.67206861e+05  1.46845747e-02  2.67206861e+05 -3.44826088e+01 
 2.70301386e+05  1.03131529e-02  2.70301386e+05 -3.49112029e+01 
 2.73431749e+05  5.67711958e-03  2.73431749e+05 -3.53446287e+01 
 2.76598365e+05  7.69146131e-04  2.76598365e+05 -3.57829073e+01 
 2.79801653e+05 -4.41813555e-03  2.79801653e+05 -3.62260587e+01 
 2.83042038e+05 -9.89212682e-03  2.83042038e+05 -3.66741017e+01 
 2.86319950e+05 -1.56602559e-02  2.86319950e+05 -3.71270541e+01 
 2.89635824e+05 -2.17299712e-02  2.89635824e+05 -3.75849321e+01 
 2.92990099e+05 -2.81087346e-02  2.92990099e+05 -3.80477512e+01 
 2.96383220e+05 -3.48040145e-02  2.96383220e+05 -3.85155251e+01 
 2.99815637e+05 -4.18232784e-02  2.99815637e+05 -3.89882665e+01 
 3.03287805e+05 -4.91739860e-02  3.03287805e+05 -3.94659870e+01 
 3.06800183e+05 -5.68635812e-02  3.06800183e+05 -3.99486964e+01 
 3.10353239e+05 -6.48994852e-02  3.10353239e+05 -4.04364037e+01 
 3.13947443e+05 -7.32890879e-02  3.13947443e+05 -4.09291162e+01 
 3.17583271e+05 -8.20397407e-02  3.17583271e+05 -4.14268400e+01 
 3.21261205e+05 -9.11587481e-02  3.21261205e+05 -4.19295799e+01 
 3.24981734e+05 -1.00653360e-01  3.24981734e+05 -4.24373392e+01 
 3.28745351e+05 -1.10530763e-01  3.28745351e+05 -4.29501200e+01 
 3.32552554e+05 -1.20798073e-01  3.32552554e+05 -4.34679228e+01 
 3.36403848e+05 -1.31462327e-01  3.36403848e+05 -4.39907470e+01 
 3.40299744e+05 -1.42530471e-01  3.40299744e+05 -4.45185905e+01 
 3.44240758e+05 -1.54009360e-01  3.44240758e+05 -4.50514497e+01 
 3.48227413e+05 -1.65905741e-01  3.48227413e+05 -4.55893200e+01 
 3.52260238e+05 -1.78226250e-01  3.52260238e+05 -4.61321951e+01 
 3.56339767e+05 -1.90977399e-01  3.56339767e+05 -4.66800674e+01 
 3.60466541e+05 -2.04165575e-01  3.60466541e+05 -4.72329282e+01 
 3.64641107e+05 -2.17797025e-01  3.64641107e+05 -4.77907672e+01 
 3.68864019e+05 -2.31877850e-01  3.68864019e+05 -4.83535730e+01 
 3.73135837e+05 -2.46413998e-01  3.73135837e+05 -4.89213328e+01 
 3.77457126e+05 -2.61411256e-01  3.77457126e+05 -4.94940324e+01 
 3.81828460e+05 -2.76875240e-01  3.81828460e+05 -5.00716567e+01 
 3.86250419e+05 -2.92811391e-01  3.86250419e+05 -5.06541891e+01 
 3.90723589e+05 -3.09224963e-01  3.90723589e+05 -5.12416118e+01 
 3.95248562e+05 -3.26121020e-01  3.95248562e+05 -5.18339059e+01 
 3.99825939e+05 -3.43504425e-01  3.99825939e+05 -5.24310513e+01 
 4.04456327e+05 -3.61379835e-01  4.04456327e+05 -5.30330269e+01 
 4.09140339e+05 -3.79751696e-01  4.09140339e+05 -5.36398103e+01 
 4.13878597e+05 -3.98624231e-01  4.13878597e+05 -5.42513782e+01 
 4.18671729e+05 -4.18001440e-01  4.18671729e+05 -5.48677062e+01 
 4.23520370e+05 -4.37887090e-01  4.23520370e+05 -5.54887690e+01 
 4.28425163e+05 -4.58284711e-01  4.28425163e+05 -5.61145401e+01 
 4.33386759e+05 -4.79197586e-01  4.33386759e+05 -5.67449925e+01 
 4.38405814e+05 -5.00628755e-01  4.38405814e+05 -5.73800980e+01 
 4.43482996e+05 -5.22581000e-01  4.43482996e+05 -5.80198277e+01 
 4.48618977e+05 -5.45056846e-01  4.48618977e+05 -5.86641518e+01 
 4.53814437e+05 -5.68058556e-01  4.53814437e+05 -5.93130399e+01 
 4.59070066e+05 -5.91588127e-01  4.59070066e+05 -5.99664608e+01 
 4.64386560e+05 -6.15647283e-01  4.64386560e+05 -6.06243826e+01 
 4.69764625e+05 -6.40237476e-01  4.69764625e+05 -6.12867729e+01 
 4.75204974e+05 -6.65359882e-01  4.75204974e+05 -6.19535987e+01 
 4.80708327e+05 -6.91015395e-01  4.80708327e+05 -6.26248263e+01 
 4.86275414e+05 -7.17204630e-01  4.86275414e+05 -6.33004219e+01 
 4.91906974e+05 -7.43927917e-01  4.91906974e+05 -6.39803508e+01 
 4.97603753e+05 -7.71185300e-01  4.97603753e+05 -6.46645784e+01 
 5.03366507e+05 -7.98976537e-01  5.03366507e+05 -6.53530693e+01 
 5.09195999e+05 -8.27301098e-01  5.09195999e+05 -6.60457881e+01 
 5.15093002e+05 -8.56158166e-01  5.15093002e+05 -6.67426991e+01 
 5.21058299e+05 -8.85546633e-01  5.21058299e+05 -6.74437664e+01 
 5.27092679e+05 -9.15465107e-01  5.27092679e+05 -6.81489540e+01 
 5.33196944e+05 -9.45911904e-01  5.33196944e+05 -6.88582256e+01 
 5.39371903e+05 -9.76885056e-01  5.39371903e+05 -6.95715450e+01 
 5.45618374e+05 -1.00838231e+00  5.45618374e+05 -7.02888760e+01 
 5.51937185e+05 -1.04040113e+00  5.51937185e+05 -7.10101824e+01 
 5.58329174e+05 -1.07293868e+00  5.58329174e+05 -7.17354280e+01 
 5.64795189e+05 -1.10599189e+00  5.64795189e+05 -7.24645768e+01 
 5.71336088e+05 -1.13955736e+00  5.71336088e+05 -7.31975930e+01 
 5.77952736e+05 -1.17363144e+00  5.77952736e+05 -7.39344408e+01 
 5.84646012e+05 -1.20821022e+00  5.84646012e+05 -7.46750849e+01 
 5.91416802e+05 -1.24328951e+00  5.91416802e+05 -7.54194901e+01 
 5.98266006e+05 -1.27886485e+00  5.98266006e+05 -7.61676216e+01 
 6.05194529e+05 -1.31493154e+00  6.05194529e+05 -7.69194448e+01 
 6.12203293e+05 -1.35148460e+00  6.12203293e+05 -7.76749257e+01 
 6.19293224e+05 -1.38851883e+00  6.19293224e+05 -7.84340307e+01 
 6.26465265e+05 -1.42602877e+00  6.26465265e+05 -7.91967264e+01 
 6.33720365e+05 -1.46400871e+00  6.33720365e+05 -7.99629802e+01 
 6.41059486e+05 -1.50245272e+00  6.41059486e+05 -8.07327598e+01 
 6.48483601e+05 -1.54135465e+00  6.48483601e+05 -8.15060336e+01 
 6.55993696e+05 -1.58070812e+00  6.55993696e+05 -8.22827704e+01 
 6.63590765e+05 -1.62050652e+00  6.63590765e+05 -8.30629397e+01 
 6.71275815e+05 -1.66074306e+00  6.71275815e+05 -8.38465116e+01 
 6.79049866e+05 -1.70141073e+00  6.79049866e+05 -8.46334570e+01 
 6.86913949e+05 -1.74250232e+00  6.86913949e+05 -8.54237471e+01 
 6.94869105e+05 -1.78401045e+00  6.94869105e+05 -8.62173541e+01 
 7.02916391e+05 -1.82592755e+00  7.02916391e+05 -8.70142507e+01 
 7.11056872e+05 -1.86824588e+00  7.11056872e+05 -8.78144105e+01 
 7.19291628e+05 -1.91095754e+00  7.19291628e+05 -8.86178078e+01 
 7.27621750e+05 -1.95405446e+00  7.27621750e+05 -8.94244175e+01 
 7.36048344e+05 -1.99752844e+00  7.36048344e+05 -9.02342153e+01 
 7.44572527e+05 -2.04137112e+00  7.44572527e+05 -9.10471779e+01 
 7.53195428e+05 -2.08557403e+00  7.53195428e+05 -9.18632824e+01 
 7.61918191e+05 -2.13012856e+00  7.61918191e+05 -9.26825070e+01 
 7.70741972e+05 -2.17502599e+00  7.70741972e+05 -9.35048306e+01 
 7.79667942e+05 -2.22025750e+00  7.79667942e+05 -9.43302328e+01 
 7.88697283e+05 -2.26581416e+00  7.88697283e+05 -9.51586941e+01 
 7.97831193e+05 -2.31168697e+00  7.97831193e+05 -9.59901959e+01 
 8.07070883e+05 -2.35786684e+00  8.07070883e+05 -9.68247201e+01 
 8.16417578e+05 -2.40434461e+00  8.16417578e+05 -9.76622499e+01 
 8.25872518e+05 -2.45111106e+00  8.25872518e+05 -9.85027687e+01 
 8.35436955e+05 -2.49815692e+00  8.35436955e+05 -9.93462614e+01 
 8.45112157e+05 -2.54547289e+00  8.45112157e+05 -1.00192713e+02 
 8.54899409e+05 -2.59304962e+00  8.54899409e+05 -1.01042110e+02 
 8.64800006e+05 -2.64087774e+00  8.64800006e+05 -1.01894439e+02 
 8.74815263e+05 -2.68894788e+00  8.74815263e+05 -1.02749688e+02 
 8.84946506e+05 -2.73725065e+00  8.84946506e+05 -1.03607845e+02 
 8.95195080e+05 -2.78577668e+00  8.95195080e+05 -1.04468901e+02 
 9.05562342e+05 -2.83451660e+00  9.05562342e+05 -1.05332844e+02 
 9.16049667e+05 -2.88346108e+00  9.16049667e+05 -1.06199666e+02 
 9.26658447e+05 -2.93260082e+00  9.26658447e+05 -1.07069358e+02 
 9.37390086e+05 -2.98192655e+00  9.37390086e+05 -1.07941913e+02 
 9.48246009e+05 -3.03142909e+00  9.48246009e+05 -1.08817324e+02 
 9.59227655e+05 -3.08109928e+00  9.59227655e+05 -1.09695586e+02 
 9.70336479e+05 -3.13092807e+00  9.70336479e+05 -1.10576691e+02 
 9.81573954e+05 -3.18090647e+00  9.81573954e+05 -1.11460637e+02 
 9.92941571e+05 -3.23102559e+00  9.92941571e+05 -1.12347419e+02 
 1.00444084e+06 -3.28127664e+00  1.00444084e+06 -1.13237033e+02 
 1.01607327e+06 -3.33165095e+00  1.01607327e+06 -1.14129478e+02 
 1.02784043e+06 -3.38213997e+00  1.02784043e+06 -1.15024751e+02 
 1.03974386e+06 -3.43273528e+00  1.03974386e+06 -1.15922851e+02 
 1.05178514e+06 -3.48342859e+00  1.05178514e+06 -1.16823778e+02 
 1.06396587e+06 -3.53421177e+00  1.06396587e+06 -1.17727532e+02 
 1.07628767e+06 -3.58507685e+00  1.07628767e+06 -1.18634114e+02 
 1.08875217e+06 -3.63601604e+00  1.08875217e+06 -1.19543525e+02 
 1.10136102e+06 -3.68702171e+00  1.10136102e+06 -1.20455768e+02 
 1.11411589e+06 -3.73808642e+00  1.11411589e+06 -1.21370845e+02 
 1.12701847e+06 -3.78920294e+00  1.12701847e+06 -1.22288759e+02 
 1.14007049e+06 -3.84036424e+00  1.14007049e+06 -1.23209515e+02 
 1.15327365e+06 -3.89156350e+00  1.15327365e+06 -1.24133117e+02 
 1.16662972e+06 -3.94279414e+00  1.16662972e+06 -1.25059570e+02 
 1.18014047e+06 -3.99404980e+00  1.18014047e+06 -1.25988881e+02 
 1.19380769e+06 -4.04532436e+00  1.19380769e+06 -1.26921055e+02 
 1.20763319e+06 -4.09661198e+00  1.20763319e+06 -1.27856099e+02 
 1.22161880e+06 -4.14790705e+00  1.22161880e+06 -1.28794021e+02 
 1.23576638e+06 -4.19920424e+00  1.23576638e+06 -1.29734829e+02 
 1.25007780e+06 -4.25049850e+00  1.25007780e+06 -1.30678533e+02 
 1.26455496e+06 -4.30178508e+00  1.26455496e+06 -1.31625140e+02 
 1.27919978e+06 -4.35305951e+00  1.27919978e+06 -1.32574661e+02 
 1.29401421e+06 -4.40431762e+00  1.29401421e+06 -1.33527106e+02 
 1.30900020e+06 -4.45555558e+00  1.30900020e+06 -1.34482487e+02 
 1.32415974e+06 -4.50676984e+00  1.32415974e+06 -1.35440814e+02 
 1.33949485e+06 -4.55795723e+00  1.33949485e+06 -1.36402100e+02 
 1.35500755e+06 -4.60911488e+00  1.35500755e+06 -1.37366358e+02 
 1.37069990e+06 -4.66024028e+00  1.37069990e+06 -1.38333600e+02 
 1.38657399e+06 -4.71133127e+00  1.38657399e+06 -1.39303841e+02 
 1.40263192e+06 -4.76238607e+00  1.40263192e+06 -1.40277094e+02 
 1.41887581e+06 -4.81340324e+00  1.41887581e+06 -1.41253374e+02 
 1.43530782e+06 -4.86438175e+00  1.43530782e+06 -1.42232697e+02 
 1.45193013e+06 -4.91532094e+00  1.45193013e+06 -1.43215079e+02 
 1.46874495e+06 -4.96622055e+00  1.46874495e+06 -1.44200536e+02 
 1.48575450e+06 -5.01708071e+00  1.48575450e+06 -1.45189085e+02 
 1.50296103e+06 -5.06790198e+00  1.50296103e+06 -1.46180744e+02 
 1.52036684e+06 -5.11868531e+00  1.52036684e+06 -1.47175531e+02 
 1.53797422e+06 -5.16943210e+00  1.53797422e+06 -1.48173463e+02 
 1.55578551e+06 -5.22014417e+00  1.55578551e+06 -1.49174562e+02 
 1.57380308e+06 -5.27082379e+00  1.57380308e+06 -1.50178845e+02 
 1.59202931e+06 -5.32147366e+00  1.59202931e+06 -1.51186333e+02 
 1.61046661e+06 -5.37209694e+00  1.61046661e+06 -1.52197047e+02 
 1.62911744e+06 -5.42269725e+00  1.62911744e+06 -1.53211009e+02 
 1.64798426e+06 -5.47327870e+00  1.64798426e+06 -1.54228239e+02 
 1.66706959e+06 -5.52384584e+00  1.66706959e+06 -1.55248759e+02 
 1.68637593e+06 -5.57440372e+00  1.68637593e+06 -1.56272593e+02 
 1.70590587e+06 -5.62495789e+00  1.70590587e+06 -1.57299764e+02 
 1.72566198e+06 -5.67551438e+00  1.72566198e+06 -1.58330294e+02 
 1.74564689e+06 -5.72607973e+00  1.74564689e+06 -1.59364208e+02 
 1.76586324e+06 -5.77666099e+00  1.76586324e+06 -1.60401531e+02 
 1.78631372e+06 -5.82726572e+00  1.78631372e+06 -1.61442285e+02 
 1.80700103e+06 -5.87790202e+00  1.80700103e+06 -1.62486498e+02 
 1.82792793e+06 -5.92857852e+00  1.82792793e+06 -1.63534193e+02 
 1.84909717e+06 -5.97930437e+00  1.84909717e+06 -1.64585397e+02 
 1.87051159e+06 -6.03008927e+00  1.87051159e+06 -1.65640136e+02 
 1.89217400e+06 -6.08094350e+00  1.89217400e+06 -1.66698434e+02 
 1.91408728e+06 -6.13187786e+00  1.91408728e+06 -1.67760320e+02 
 1.93625434e+06 -6.18290373e+00  1.93625434e+06 -1.68825818e+02 
 1.95867812e+06 -6.23403308e+00  1.95867812e+06 -1.69894955e+02 
 1.98136159e+06 -6.28527843e+00  1.98136159e+06 -1.70967758e+02 
 2.00430776e+06 -6.33665291e+00  2.00430776e+06 -1.72044252e+02 
 2.02751966e+06 -6.38817022e+00  2.02751966e+06 -1.73124464e+02 
 2.05100039e+06 -6.43984468e+00  2.05100039e+06 -1.74208420e+02 
 2.07475304e+06 -6.49169119e+00  2.07475304e+06 -1.75296146e+02 
 2.09878077e+06 -6.54372529e+00  2.09878077e+06 -1.76387666e+02 
 2.12308677e+06 -6.59596311e+00  2.12308677e+06 -1.77483005e+02 
 2.14767426e+06 -6.64842143e+00  2.14767426e+06 -1.78582189e+02 
 2.17254649e+06 -6.70111764e+00  2.17254649e+06 -1.79685239e+02 
 2.19770677e+06 -6.75406976e+00  2.19770677e+06  1.79207821e+02 
 2.22315843e+06 -6.80729647e+00  2.22315843e+06  1.78096969e+02 
 2.24890485e+06 -6.86081706e+00  2.24890485e+06  1.76982185e+02 
 2.27494944e+06 -6.91465151e+00  2.27494944e+06  1.75863449e+02 
 2.30129565e+06 -6.96882042e+00  2.30129565e+06  1.74740744e+02 
 2.32794697e+06 -7.02334504e+00  2.32794697e+06  1.73614052e+02 
 2.35490695e+06 -7.07824730e+00  2.35490695e+06  1.72483358e+02 
 2.38217915e+06 -7.13354977e+00  2.38217915e+06  1.71348651e+02 
 2.40976718e+06 -7.18927567e+00  2.40976718e+06  1.70209918e+02 
 2.43767472e+06 -7.24544889e+00  2.43767472e+06  1.69067152e+02 
 2.46590545e+06 -7.30209397e+00  2.46590545e+06  1.67920346e+02 
 2.49446313e+06 -7.35923609e+00  2.49446313e+06  1.66769497e+02 
 2.52335153e+06 -7.41690108e+00  2.52335153e+06  1.65614605e+02 
 2.55257448e+06 -7.47511539e+00  2.55257448e+06  1.64455674e+02 
 2.58213587e+06 -7.53390613e+00  2.58213587e+06  1.63292709e+02 
 2.61203961e+06 -7.59330098e+00  2.61203961e+06  1.62125721e+02 
 2.64228966e+06 -7.65332825e+00  2.64228966e+06  1.60954726e+02 
 2.67289004e+06 -7.71401681e+00  2.67289004e+06  1.59779741e+02 
 2.70384481e+06 -7.77539612e+00  2.70384481e+06  1.58600791e+02 
 2.73515806e+06 -7.83749614e+00  2.73515806e+06  1.57417905e+02 
 2.76683395e+06 -7.90034736e+00  2.76683395e+06  1.56231118e+02 
 2.79887667e+06 -7.96398075e+00  2.79887667e+06  1.55040468e+02 
 2.83129049e+06 -8.02842771e+00  2.83129049e+06  1.53846004e+02 
 2.86407969e+06 -8.09372004e+00  2.86407969e+06  1.52647776e+02 
 2.89724862e+06 -8.15988990e+00  2.89724862e+06  1.51445846e+02 
 2.93080168e+06 -8.22696975e+00  2.93080168e+06  1.50240281e+02 
 2.96474332e+06 -8.29499230e+00  2.96474332e+06  1.49031153e+02 
 2.99907804e+06 -8.36399045e+00  2.99907804e+06  1.47818547e+02 
 3.03381039e+06 -8.43399720e+00  3.03381039e+06  1.46602552e+02 
 3.06894498e+06 -8.50504560e+00  3.06894498e+06  1.45383269e+02 
 3.10448646e+06 -8.57716866e+00  3.10448646e+06  1.44160804e+02 
 3.14043954e+06 -8.65039926e+00  3.14043954e+06  1.42935276e+02 
 3.17680900e+06 -8.72477006e+00  3.17680900e+06  1.41706811e+02 
 3.21359965e+06 -8.80031341e+00  3.21359965e+06  1.40475545e+02 
 3.25081638e+06 -8.87706120e+00  3.25081638e+06  1.39241626e+02 
 3.28846411e+06 -8.95504480e+00  3.28846411e+06  1.38005209e+02 
 3.32654785e+06 -9.03429491e+00  3.32654785e+06  1.36766461e+02 
 3.36507263e+06 -9.11484144e+00  3.36507263e+06  1.35525558e+02 
 3.40404356e+06 -9.19671339e+00  3.40404356e+06  1.34282688e+02 
 3.44346582e+06 -9.27993870e+00  3.44346582e+06  1.33038047e+02 
 3.48334463e+06 -9.36454411e+00  3.48334463e+06  1.31791842e+02 
 3.52368527e+06 -9.45055505e+00  3.52368527e+06  1.30544288e+02 
 3.56449310e+06 -9.53799547e+00  3.56449310e+06  1.29295613e+02 
 3.60577353e+06 -9.62688770e+00  3.60577353e+06  1.28046050e+02 
 3.64753203e+06 -9.71725232e+00  3.64753203e+06  1.26795841e+02 
 3.68977413e+06 -9.80910803e+00  3.68977413e+06  1.25545238e+02 
 3.73250543e+06 -9.90247149e+00  3.73250543e+06  1.24294498e+02 
 3.77573161e+06 -9.99735722e+00  3.77573161e+06  1.23043885e+02 
 3.81945839e+06 -1.00937775e+01  3.81945839e+06  1.21793668e+02 
 3.86369158e+06 -1.01917421e+01  3.86369158e+06  1.20544120e+02 
 3.90843702e+06 -1.02912585e+01  3.90843702e+06  1.19295518e+02 
 3.95370067e+06 -1.03923316e+01  3.95370067e+06  1.18048141e+02 
 3.99948851e+06 -1.04949635e+01  3.99948851e+06  1.16802268e+02 
 4.04580662e+06 -1.05991538e+01  4.04580662e+06  1.15558178e+02 
 4.09266114e+06 -1.07048993e+01  4.09266114e+06  1.14316148e+02 
 4.14005829e+06 -1.08121942e+01  4.14005829e+06  1.13076452e+02 
 4.18800434e+06 -1.09210298e+01  4.18800434e+06  1.11839360e+02 
 4.23650566e+06 -1.10313950e+01  4.23650566e+06  1.10605133e+02 
 4.28556866e+06 -1.11432757e+01  4.28556866e+06  1.09374027e+02 
 4.33519987e+06 -1.12566556e+01  4.33519987e+06  1.08146289e+02 
 4.38540586e+06 -1.13715158e+01  4.38540586e+06  1.06922154e+02 
 4.43619329e+06 -1.14878351e+01  4.43619329e+06  1.05701846e+02 
 4.48756888e+06 -1.16055901e+01  4.48756888e+06  1.04485575e+02 
 4.53953946e+06 -1.17247554e+01  4.53953946e+06  1.03273539e+02 
 4.59211190e+06 -1.18453038e+01  4.59211190e+06  1.02065919e+02 
 4.64529319e+06 -1.19672064e+01  4.64529319e+06  1.00862879e+02 
 4.69909037e+06 -1.20904329e+01  4.69909037e+06  9.96645686e+01 
 4.75351058e+06 -1.22149519e+01  4.75351058e+06  9.84711177e+01 
 4.80856103e+06 -1.23407308e+01  4.80856103e+06  9.72826388e+01 
 4.86424902e+06 -1.24677366e+01  4.86424902e+06  9.60992261e+01 
 4.92058193e+06 -1.25959355e+01  4.92058193e+06  9.49209548e+01 
 4.97756723e+06 -1.27252938e+01  4.97756723e+06  9.37478818e+01 
 5.03521248e+06 -1.28557774e+01  5.03521248e+06  9.25800456e+01 
 5.09352532e+06 -1.29873528e+01  5.09352532e+06  9.14174663e+01 
 5.15251348e+06 -1.31199867e+01  5.15251348e+06  9.02601469e+01 
 5.21218479e+06 -1.32536467e+01  5.21218479e+06  8.91080731e+01 
 5.27254715e+06 -1.33883012e+01  5.27254715e+06  8.79612143e+01 
 5.33360856e+06 -1.35239195e+01  5.33360856e+06  8.68195250e+01 
 5.39537713e+06 -1.36604724e+01  5.39537713e+06  8.56829450e+01 
 5.45786104e+06 -1.37979319e+01  5.45786104e+06  8.45514010e+01 
 5.52106858e+06 -1.39362717e+01  5.52106858e+06  8.34248077e+01 
 5.58500812e+06 -1.40754668e+01  5.58500812e+06  8.23030685e+01 
 5.64968815e+06 -1.42154942e+01  5.64968815e+06  8.11860776e+01 
 5.71511724e+06 -1.43563326e+01  5.71511724e+06  8.00737204e+01 
 5.78130406e+06 -1.44979625e+01  5.78130406e+06  7.89658755e+01 
 5.84825740e+06 -1.46403662e+01  5.84825740e+06  7.78624154e+01 
 5.91598612e+06 -1.47835280e+01  5.91598612e+06  7.67632079e+01 
 5.98449920e+06 -1.49274339e+01  5.98449920e+06  7.56681174e+01 
 6.05380574e+06 -1.50720718e+01  6.05380574e+06  7.45770060e+01 
 6.12391492e+06 -1.52174315e+01  6.12391492e+06  7.34897346e+01 
 6.19483603e+06 -1.53635043e+01  6.19483603e+06  7.24061638e+01 
 6.26657849e+06 -1.55102833e+01  6.26657849e+06  7.13261549e+01 
 6.33915179e+06 -1.56577631e+01  6.33915179e+06  7.02495710e+01 
 6.41256556e+06 -1.58059399e+01  6.41256556e+06  6.91762775e+01 
 6.48682954e+06 -1.59548113e+01  6.48682954e+06  6.81061428e+01 
 6.56195357e+06 -1.61043761e+01  6.56195357e+06  6.70390392e+01 
 6.63794761e+06 -1.62546344e+01  6.63794761e+06  6.59748432e+01 
 6.71482174e+06 -1.64055875e+01  6.71482174e+06  6.49134361e+01 
 6.79258615e+06 -1.65572373e+01  6.79258615e+06  6.38547042e+01 
 6.87125115e+06 -1.67095871e+01  6.87125115e+06  6.27985395e+01 
 6.95082717e+06 -1.68626406e+01  6.95082717e+06  6.17448393e+01 
 7.03132476e+06 -1.70164024e+01  7.03132476e+06  6.06935069e+01 
 7.11275460e+06 -1.71708775e+01  7.11275460e+06  5.96444515e+01 
 7.19512747e+06 -1.73260715e+01  7.19512747e+06  5.85975884e+01 
 7.27845431e+06 -1.74819905e+01  7.27845431e+06  5.75528386e+01 
 7.36274615e+06 -1.76386406e+01  7.36274615e+06  5.65101291e+01 
 7.44801418e+06 -1.77960283e+01  7.44801418e+06  5.54693928e+01 
 7.53426970e+06 -1.79541603e+01  7.53426970e+06  5.44305680e+01 
 7.62152414e+06 -1.81130433e+01  7.62152414e+06  5.33935986e+01 
 7.70978908e+06 -1.82726839e+01  7.70978908e+06  5.23584339e+01 
 7.79907622e+06 -1.84330887e+01  7.79907622e+06  5.13250279e+01 
 7.88939739e+06 -1.85942643e+01  7.88939739e+06  5.02933397e+01 
 7.98076457e+06 -1.87562171e+01  7.98076457e+06  4.92633328e+01 
 8.07318988e+06 -1.89189530e+01  8.07318988e+06  4.82349750e+01 
 8.16668556e+06 -1.90824780e+01  8.16668556e+06  4.72082379e+01 
 8.26126402e+06 -1.92467977e+01  8.26126402e+06  4.61830970e+01 
 8.35693779e+06 -1.94119173e+01  8.35693779e+06  4.51595310e+01 
 8.45371956e+06 -1.95778418e+01  8.45371956e+06  4.41375220e+01 
 8.55162216e+06 -1.97445758e+01  8.55162216e+06  4.31170546e+01 
 8.65065857e+06 -1.99121233e+01  8.65065857e+06  4.20981160e+01 
 8.75084193e+06 -2.00804882e+01  8.75084193e+06  4.10806957e+01 
 8.85218551e+06 -2.02496739e+01  8.85218551e+06  4.00647852e+01 
 8.95470275e+06 -2.04196834e+01  8.95470275e+06  3.90503776e+01 
 9.05840724e+06 -2.05905193e+01  9.05840724e+06  3.80374676e+01 
 9.16331273e+06 -2.07621836e+01  9.16331273e+06  3.70260510e+01 
 9.26943314e+06 -2.09346782e+01  9.26943314e+06  3.60161246e+01 
 9.37678253e+06 -2.11080044e+01  9.37678253e+06  3.50076860e+01 
 9.48537513e+06 -2.12821631e+01  9.48537513e+06  3.40007333e+01 
 9.59522534e+06 -2.14571550e+01  9.59522534e+06  3.29952648e+01 
 9.70634773e+06 -2.16329802e+01  9.70634773e+06  3.19912794e+01 
 9.81875703e+06 -2.18096385e+01  9.81875703e+06  3.09887755e+01 
 9.93246814e+06 -2.19871294e+01  9.93246814e+06  2.99877517e+01 
 1.00474961e+07 -2.21654521e+01  1.00474961e+07  2.89882059e+01 
 1.01638563e+07 -2.23446053e+01  1.01638563e+07  2.79901359e+01 
 1.02815640e+07 -2.25245876e+01  1.02815640e+07  2.69935388e+01 
 1.04006349e+07 -2.27053972e+01  1.04006349e+07  2.59984109e+01 
 1.05210847e+07 -2.28870320e+01  1.05210847e+07  2.50047477e+01 
 1.06429295e+07 -2.30694896e+01  1.06429295e+07  2.40125441e+01 
 1.07661854e+07 -2.32527677e+01  1.07661854e+07  2.30217936e+01 
 1.08908687e+07 -2.34368633e+01  1.08908687e+07  2.20324889e+01 
 1.10169959e+07 -2.36217734e+01  1.10169959e+07  2.10446217e+01 
 1.11445838e+07 -2.38074951e+01  1.11445838e+07  2.00581822e+01 
 1.12736493e+07 -2.39940248e+01  1.12736493e+07  1.90731599e+01 
 1.14042096e+07 -2.41813591e+01  1.14042096e+07  1.80895425e+01 
 1.15362818e+07 -2.43694945e+01  1.15362818e+07  1.71073169e+01 
 1.16698836e+07 -2.45584272e+01  1.16698836e+07  1.61264686e+01 
 1.18050326e+07 -2.47481534e+01  1.18050326e+07  1.51469817e+01 
 1.19417468e+07 -2.49386691e+01  1.19417468e+07  1.41688391e+01 
 1.20800443e+07 -2.51299705e+01  1.20800443e+07  1.31920226e+01 
 1.22199434e+07 -2.53220535e+01  1.22199434e+07  1.22165124e+01 
 1.23614627e+07 -2.55149140e+01  1.23614627e+07  1.12422878e+01 
 1.25046209e+07 -2.57085481e+01  1.25046209e+07  1.02693266e+01 
 1.26494370e+07 -2.59029516e+01  1.26494370e+07  9.29760564e+00 
 1.27959303e+07 -2.60981204e+01  1.27959303e+07  8.32710044e+00 
 1.29441200e+07 -2.62940506e+01  1.29441200e+07  7.35778548e+00 
 1.30940260e+07 -2.64907382e+01  1.30940260e+07  6.38963413e+00 
 1.32456680e+07 -2.66881792e+01  1.32456680e+07  5.42261877e+00 
 1.33990662e+07 -2.68863696e+01  1.33990662e+07  4.45671077e+00 
 1.35542409e+07 -2.70853058e+01  1.35542409e+07  3.49188061e+00 
 1.37112127e+07 -2.72849838e+01  1.37112127e+07  2.52809787e+00 
 1.38700024e+07 -2.74854002e+01  1.38700024e+07  1.56533137e+00 
 1.40306310e+07 -2.76865512e+01  1.40306310e+07  6.03549156e-01 
 1.41931199e+07 -2.78884335e+01  1.41931199e+07 -3.57281385e-01 
 1.43574905e+07 -2.80910438e+01  1.43574905e+07 -1.31719348e+00 
 1.45237648e+07 -2.82943787e+01  1.45237648e+07 -2.27622087e+00 
 1.46919646e+07 -2.84984352e+01  1.46919646e+07 -3.23439780e+00 
 1.48621124e+07 -2.87032104e+01  1.48621124e+07 -4.19175886e+00 
 1.50342306e+07 -2.89087014e+01  1.50342306e+07 -5.14833899e+00 
 1.52083422e+07 -2.91149055e+01  1.52083422e+07 -6.10417335e+00 
 1.53844701e+07 -2.93218202e+01  1.53844701e+07 -7.05929729e+00 
 1.55626378e+07 -2.95294432e+01  1.55626378e+07 -8.01374621e+00 
 1.57428689e+07 -2.97377722e+01  1.57428689e+07 -8.96755554e+00 
 1.59251872e+07 -2.99468050e+01  1.59251872e+07 -9.92076065e+00 
 1.61096169e+07 -3.01565399e+01  1.61096169e+07 -1.08733967e+01 
 1.62961825e+07 -3.03669750e+01  1.62961825e+07 -1.18254988e+01 
 1.64849088e+07 -3.05781087e+01  1.64849088e+07 -1.27771015e+01 
 1.66758206e+07 -3.07899396e+01  1.66758206e+07 -1.37282390e+01 
 1.68689435e+07 -3.10024664e+01  1.68689435e+07 -1.46789453e+01 
 1.70643029e+07 -3.12156880e+01  1.70643029e+07 -1.56292536e+01 
 1.72619247e+07 -3.14296035e+01  1.72619247e+07 -1.65791966e+01 
 1.74618352e+07 -3.16442119e+01  1.74618352e+07 -1.75288061e+01 
 1.76640609e+07 -3.18595126e+01  1.76640609e+07 -1.84781134e+01 
 1.78686285e+07 -3.20755052e+01  1.78686285e+07 -1.94271487e+01 
 1.80755653e+07 -3.22921893e+01  1.80755653e+07 -2.03759415e+01 
 1.82848985e+07 -3.25095646e+01  1.82848985e+07 -2.13245201e+01 
 1.84966561e+07 -3.27276311e+01  1.84966561e+07 -2.22729118e+01 
 1.87108661e+07 -3.29463888e+01  1.87108661e+07 -2.32211427e+01 
 1.89275568e+07 -3.31658380e+01  1.89275568e+07 -2.41692377e+01 
 1.91467570e+07 -3.33859789e+01  1.91467570e+07 -2.51172205e+01 
 1.93684957e+07 -3.36068120e+01  1.93684957e+07 -2.60651132e+01 
 1.95928024e+07 -3.38283379e+01  1.95928024e+07 -2.70129367e+01 
 1.98197069e+07 -3.40505572e+01  1.98197069e+07 -2.79607103e+01 
 2.00492391e+07 -3.42734708e+01  2.00492391e+07 -2.89084516e+01 
 2.02814295e+07 -3.44970794e+01  2.02814295e+07 -2.98561767e+01 
 2.05163089e+07 -3.47213841e+01  2.05163089e+07 -3.08039001e+01 
 2.07539085e+07 -3.49463859e+01  2.07539085e+07 -3.17516343e+01 
 2.09942597e+07 -3.51720860e+01  2.09942597e+07 -3.26993901e+01 
 2.12373944e+07 -3.53984855e+01  2.12373944e+07 -3.36471763e+01 
 2.14833448e+07 -3.56255857e+01  2.14833448e+07 -3.45950000e+01 
 2.17321436e+07 -3.58533879e+01  2.17321436e+07 -3.55428661e+01 
 2.19838238e+07 -3.60818935e+01  2.19838238e+07 -3.64907774e+01 
 2.22384186e+07 -3.63111040e+01  2.22384186e+07 -3.74387347e+01 
 2.24959620e+07 -3.65410206e+01  2.24959620e+07 -3.83867367e+01 
 2.27564879e+07 -3.67716450e+01  2.27564879e+07 -3.93347797e+01 
 2.30200310e+07 -3.70029785e+01  2.30200310e+07 -4.02828578e+01 
 2.32866262e+07 -3.72350226e+01  2.32866262e+07 -4.12309630e+01 
 2.35563088e+07 -3.74677787e+01  2.35563088e+07 -4.21790845e+01 
 2.38291146e+07 -3.77012484e+01  2.38291146e+07 -4.31272096e+01 
 2.41050798e+07 -3.79354331e+01  2.41050798e+07 -4.40753228e+01 
 2.43842409e+07 -3.81703340e+01  2.43842409e+07 -4.50234063e+01 
 2.46666350e+07 -3.84059526e+01  2.46666350e+07 -4.59714397e+01 
 2.49522996e+07 -3.86422901e+01  2.49522996e+07 -4.69194001e+01 
 2.52412724e+07 -3.88793478e+01  2.52412724e+07 -4.78672619e+01 
 2.55335918e+07 -3.91171268e+01  2.55335918e+07 -4.88149971e+01 
 2.58292965e+07 -3.93556281e+01  2.58292965e+07 -4.97625747e+01 
 2.61284258e+07 -3.95948526e+01  2.61284258e+07 -5.07099614e+01 
 2.64310194e+07 -3.98348013e+01  2.64310194e+07 -5.16571210e+01 
 2.67371172e+07 -4.00754748e+01  2.67371172e+07 -5.26040146e+01 
 2.70467600e+07 -4.03168738e+01  2.70467600e+07 -5.35506005e+01 
 2.73599888e+07 -4.05589986e+01  2.73599888e+07 -5.44968343e+01 
 2.76768451e+07 -4.08018497e+01  2.76768451e+07 -5.54426689e+01 
 2.79973709e+07 -4.10454270e+01  2.79973709e+07 -5.63880541e+01 
 2.83216087e+07 -4.12897306e+01  2.83216087e+07 -5.73329373e+01 
 2.86496015e+07 -4.15347603e+01  2.86496015e+07 -5.82772627e+01 
 2.89813928e+07 -4.17805155e+01  2.89813928e+07 -5.92209720e+01 
 2.93170265e+07 -4.20269958e+01  2.93170265e+07 -6.01640038e+01 
 2.96565473e+07 -4.22742002e+01  2.96565473e+07 -6.11062940e+01 
 3.00000000e+07 -4.25221276e+01  3.00000000e+07 -6.20477757e+01 
