 2.00000000e-01 -8.49667074e+00  2.00000000e-01  6.78862402e+01 
 2.02316202e-01 -8.41097131e+00  2.02316202e-01  6.76552068e+01 
 2.04659228e-01 -8.32555666e+00  2.04659228e-01  6.74222745e+01 
 2.07029388e-01 -8.24043148e+00  2.07029388e-01  6.71874432e+01 
 2.09426997e-01 -8.15560049e+00  2.09426997e-01  6.69507132e+01 
 2.11852373e-01 -8.07106843e+00  2.11852373e-01  6.67120855e+01 
 2.14305837e-01 -7.98684011e+00  2.14305837e-01  6.64715617e+01 
 2.16787715e-01 -7.90292034e+00  2.16787715e-01  6.62291437e+01 
 2.19298335e-01 -7.81931398e+00  2.19298335e-01  6.59848341e+01 
 2.21838031e-01 -7.73602593e+00  2.21838031e-01  6.57386360e+01 
 2.24407140e-01 -7.65306108e+00  2.24407140e-01  6.54905532e+01 
 2.27006001e-01 -7.57042440e+00  2.27006001e-01  6.52405900e+01 
 2.29634959e-01 -7.48812083e+00  2.29634959e-01  6.49887513e+01 
 2.32294364e-01 -7.40615539e+00  2.32294364e-01  6.47350427e+01 
 2.34984567e-01 -7.32453308e+00  2.34984567e-01  6.44794703e+01 
 2.37705925e-01 -7.24325893e+00  2.37705925e-01  6.42220409e+01 
 2.40458800e-01 -7.16233799e+00  2.40458800e-01  6.39627619e+01 
 2.43243555e-01 -7.08177532e+00  2.43243555e-01  6.37016415e+01 
 2.46060561e-01 -7.00157601e+00  2.46060561e-01  6.34386884e+01 
 2.48910190e-01 -6.92174514e+00  2.48910190e-01  6.31739121e+01 
 2.51792821e-01 -6.84228780e+00  2.51792821e-01  6.29073227e+01 
 2.54708836e-01 -6.76320910e+00  2.54708836e-01  6.26389310e+01 
 2.57658622e-01 -6.68451414e+00  2.57658622e-01  6.23687486e+01 
 2.60642568e-01 -6.60620802e+00  2.60642568e-01  6.20967877e+01 
 2.63661072e-01 -6.52829584e+00  2.63661072e-01  6.18230612e+01 
 2.66714534e-01 -6.45078270e+00  2.66714534e-01  6.15475829e+01 
 2.69803357e-01 -6.37367368e+00  2.69803357e-01  6.12703672e+01 
 2.72927952e-01 -6.29697386e+00  2.72927952e-01  6.09914292e+01 
 2.76088733e-01 -6.22068830e+00  2.76088733e-01  6.07107849e+01 
 2.79286119e-01 -6.14482205e+00  2.79286119e-01  6.04284508e+01 
 2.82520534e-01 -6.06938012e+00  2.82520534e-01  6.01444445e+01 
 2.85792407e-01 -5.99436751e+00  2.85792407e-01  5.98587841e+01 
 2.89102171e-01 -5.91978921e+00  2.89102171e-01  5.95714885e+01 
 2.92450266e-01 -5.84565014e+00  2.92450266e-01  5.92825774e+01 
 2.95837135e-01 -5.77195522e+00  2.95837135e-01  5.89920713e+01 
 2.99263228e-01 -5.69870932e+00  2.99263228e-01  5.86999914e+01 
 3.02728998e-01 -5.62591728e+00  3.02728998e-01  5.84063597e+01 
 3.06234905e-01 -5.55358387e+00  3.06234905e-01  5.81111990e+01 
 3.09781414e-01 -5.48171384e+00  3.09781414e-01  5.78145328e+01 
 3.13368996e-01 -5.41031187e+00  3.13368996e-01  5.75163854e+01 
 3.16998125e-01 -5.33938260e+00  3.16998125e-01  5.72167818e+01 
 3.20669283e-01 -5.26893062e+00  3.20669283e-01  5.69157480e+01 
 3.24382957e-01 -5.19896042e+00  3.24382957e-01  5.66133103e+01 
 3.28139639e-01 -5.12947647e+00  3.28139639e-01  5.63094963e+01 
 3.31939827e-01 -5.06048313e+00  3.31939827e-01  5.60043338e+01 
 3.35784025e-01 -4.99198473e+00  3.35784025e-01  5.56978517e+01 
 3.39672743e-01 -4.92398549e+00  3.39672743e-01  5.53900796e+01 
 3.43606496e-01 -4.85648957e+00  3.43606496e-01  5.50810477e+01 
 3.47585805e-01 -4.78950103e+00  3.47585805e-01  5.47707868e+01 
 3.51611200e-01 -4.72302387e+00  3.51611200e-01  5.44593287e+01 
 3.55683212e-01 -4.65706196e+00  3.55683212e-01  5.41467057e+01 
 3.59802383e-01 -4.59161912e+00  3.59802383e-01  5.38329508e+01 
 3.63969257e-01 -4.52669904e+00  3.63969257e-01  5.35180977e+01 
 3.68184388e-01 -4.46230533e+00  3.68184388e-01  5.32021806e+01 
 3.72448335e-01 -4.39844148e+00  3.72448335e-01  5.28852346e+01 
 3.76761663e-01 -4.33511089e+00  3.76761663e-01  5.25672952e+01 
 3.81124943e-01 -4.27231684e+00  3.81124943e-01  5.22483986e+01 
 3.85538754e-01 -4.21006250e+00  3.85538754e-01  5.19285815e+01 
 3.90003682e-01 -4.14835093e+00  3.90003682e-01  5.16078812e+01 
 3.94520318e-01 -4.08718504e+00  3.94520318e-01  5.12863356e+01 
 3.99089261e-01 -4.02656766e+00  3.99089261e-01  5.09639830e+01 
 4.03711118e-01 -3.96650148e+00  4.03711118e-01  5.06408624e+01 
 4.08386500e-01 -3.90698904e+00  4.08386500e-01  5.03170132e+01 
 4.13116027e-01 -3.84803279e+00  4.13116027e-01  4.99924751e+01 
 4.17900328e-01 -3.78963501e+00  4.17900328e-01  4.96672884e+01 
 4.22740035e-01 -3.73179788e+00  4.22740035e-01  4.93414938e+01 
 4.27635791e-01 -3.67452340e+00  4.27635791e-01  4.90151324e+01 
 4.32588245e-01 -3.61781348e+00  4.32588245e-01  4.86882457e+01 
 4.37598053e-01 -3.56166986e+00  4.37598053e-01  4.83608753e+01 
 4.42665880e-01 -3.50609414e+00  4.42665880e-01  4.80330635e+01 
 4.47792398e-01 -3.45108777e+00  4.47792398e-01  4.77048525e+01 
 4.52978286e-01 -3.39665207e+00  4.52978286e-01  4.73762850e+01 
 4.58224231e-01 -3.34278821e+00  4.58224231e-01  4.70474039e+01 
 4.63530930e-01 -3.28949720e+00  4.63530930e-01  4.67182523e+01 
 4.68899086e-01 -3.23677990e+00  4.68899086e-01  4.63888734e+01 
 4.74329410e-01 -3.18463704e+00  4.74329410e-01  4.60593107e+01 
 4.79822623e-01 -3.13306919e+00  4.79822623e-01  4.57296076e+01 
 4.85379453e-01 -3.08207674e+00  4.85379453e-01  4.53998079e+01 
 4.91000637e-01 -3.03165997e+00  4.91000637e-01  4.50699551e+01 
 4.96686920e-01 -2.98181899e+00  4.96686920e-01  4.47400931e+01 
 5.02439056e-01 -2.93255374e+00  5.02439056e-01  4.44102654e+01 
 5.08257807e-01 -2.88386404e+00  5.08257807e-01  4.40805160e+01 
 5.14143945e-01 -2.83574953e+00  5.14143945e-01  4.37508883e+01 
 5.20098251e-01 -2.78820972e+00  5.20098251e-01  4.34214260e+01 
 5.26121513e-01 -2.74124395e+00  5.26121513e-01  4.30921726e+01 
 5.32214531e-01 -2.69485141e+00  5.32214531e-01  4.27631713e+01 
 5.38378112e-01 -2.64903116e+00  5.38378112e-01  4.24344653e+01 
 5.44613074e-01 -2.60378209e+00  5.44613074e-01  4.21060977e+01 
 5.50920243e-01 -2.55910296e+00  5.50920243e-01  4.17781111e+01 
 5.57300455e-01 -2.51499236e+00  5.57300455e-01  4.14505480e+01 
 5.63754556e-01 -2.47144875e+00  5.63754556e-01  4.11234506e+01 
 5.70283403e-01 -2.42847045e+00  5.70283403e-01  4.07968610e+01 
 5.76887860e-01 -2.38605564e+00  5.76887860e-01  4.04708206e+01 
 5.83568804e-01 -2.34420234e+00  5.83568804e-01  4.01453707e+01 
 5.90327119e-01 -2.30290846e+00  5.90327119e-01  3.98205521e+01 
 5.97163703e-01 -2.26217174e+00  5.97163703e-01  3.94964053e+01 
 6.04079461e-01 -2.22198983e+00  6.04079461e-01  3.91729703e+01 
 6.11075310e-01 -2.18236021e+00  6.11075310e-01  3.88502867e+01 
 6.18152179e-01 -2.14328025e+00  6.18152179e-01  3.85283935e+01 
 6.25311005e-01 -2.10474719e+00  6.25311005e-01  3.82073295e+01 
 6.32552737e-01 -2.06675816e+00  6.32552737e-01  3.78871326e+01 
 6.39878336e-01 -2.02931014e+00  6.39878336e-01  3.75678403e+01 
 6.47288773e-01 -1.99240002e+00  6.47288773e-01  3.72494898e+01 
 6.54785030e-01 -1.95602457e+00  6.54785030e-01  3.69321174e+01 
 6.62368101e-01 -1.92018044e+00  6.62368101e-01  3.66157589e+01 
 6.70038992e-01 -1.88486417e+00  6.70038992e-01  3.63004495e+01 
 6.77798719e-01 -1.85007221e+00  6.77798719e-01  3.59862239e+01 
 6.85648312e-01 -1.81580089e+00  6.85648312e-01  3.56731159e+01 
 6.93588812e-01 -1.78204646e+00  6.93588812e-01  3.53611589e+01 
 7.01621270e-01 -1.74880506e+00  7.01621270e-01  3.50503855e+01 
 7.09746752e-01 -1.71607275e+00  7.09746752e-01  3.47408276e+01 
 7.17966335e-01 -1.68384550e+00  7.17966335e-01  3.44325164e+01 
 7.26281110e-01 -1.65211918e+00  7.26281110e-01  3.41254826e+01 
 7.34692178e-01 -1.62088959e+00  7.34692178e-01  3.38197559e+01 
 7.43200655e-01 -1.59015247e+00  7.43200655e-01  3.35153655e+01 
 7.51807668e-01 -1.55990346e+00  7.51807668e-01  3.32123396e+01 
 7.60514359e-01 -1.53013813e+00  7.60514359e-01  3.29107061e+01 
 7.69321883e-01 -1.50085201e+00  7.69321883e-01  3.26104916e+01 
 7.78231406e-01 -1.47204053e+00  7.78231406e-01  3.23117224e+01 
 7.87244111e-01 -1.44369910e+00  7.87244111e-01  3.20144238e+01 
 7.96361192e-01 -1.41582304e+00  7.96361192e-01  3.17186205e+01 
 8.05583858e-01 -1.38840764e+00  8.05583858e-01  3.14243363e+01 
 8.14913332e-01 -1.36144813e+00  8.14913332e-01  3.11315943e+01 
 8.24350851e-01 -1.33493969e+00  8.24350851e-01  3.08404168e+01 
 8.33897665e-01 -1.30887747e+00  8.33897665e-01  3.05508254e+01 
 8.43555041e-01 -1.28325658e+00  8.43555041e-01  3.02628409e+01 
 8.53324260e-01 -1.25807209e+00  8.53324260e-01  2.99764833e+01 
 8.63206616e-01 -1.23331904e+00  8.63206616e-01  2.96917718e+01 
 8.73203419e-01 -1.20899244e+00  8.73203419e-01  2.94087250e+01 
 8.83315996e-01 -1.18508728e+00  8.83315996e-01  2.91273605e+01 
 8.93545686e-01 -1.16159852e+00  8.93545686e-01  2.88476954e+01 
 9.03893847e-01 -1.13852111e+00  9.03893847e-01  2.85697459e+01 
 9.14361849e-01 -1.11584998e+00  9.14361849e-01  2.82935275e+01 
 9.24951082e-01 -1.09358005e+00  9.24951082e-01  2.80190548e+01 
 9.35662949e-01 -1.07170622e+00  9.35662949e-01  2.77463420e+01 
 9.46498870e-01 -1.05022340e+00  9.46498870e-01  2.74754022e+01 
 9.57460281e-01 -1.02912649e+00  9.57460281e-01  2.72062480e+01 
 9.68548637e-01 -1.00841038e+00  9.68548637e-01  2.69388913e+01 
 9.79765408e-01 -9.88069963e-01  9.79765408e-01  2.66733431e+01 
 9.91112080e-01 -9.68100151e-01  9.91112080e-01  2.64096139e+01 
 1.00259016e+00 -9.48495851e-01  1.00259016e+00  2.61477135e+01 
 1.01420116e+00 -9.29251979e-01  1.01420116e+00  2.58876509e+01 
 1.02594664e+00 -9.10363468e-01  1.02594664e+00  2.56294344e+01 
 1.03782813e+00 -8.91825260e-01  1.03782813e+00  2.53730718e+01 
 1.04984723e+00 -8.73632315e-01  1.04984723e+00  2.51185702e+01 
 1.06200552e+00 -8.55779614e-01  1.06200552e+00  2.48659359e+01 
 1.07430462e+00 -8.38262154e-01  1.07430462e+00  2.46151749e+01 
 1.08674615e+00 -8.21074957e-01  1.08674615e+00  2.43662922e+01 
 1.09933176e+00 -8.04213070e-01  1.09933176e+00  2.41192925e+01 
 1.11206313e+00 -7.87671565e-01  1.11206313e+00  2.38741797e+01 
 1.12494195e+00 -7.71445543e-01  1.12494195e+00  2.36309572e+01 
 1.13796991e+00 -7.55530134e-01  1.13796991e+00  2.33896279e+01 
 1.15114875e+00 -7.39920499e-01  1.15114875e+00  2.31501939e+01 
 1.16448021e+00 -7.24611834e-01  1.16448021e+00  2.29126570e+01 
 1.17796607e+00 -7.09599367e-01  1.17796607e+00  2.26770184e+01 
 1.19160810e+00 -6.94878363e-01  1.19160810e+00  2.24432787e+01 
 1.20540813e+00 -6.80444126e-01  1.20540813e+00  2.22114380e+01 
 1.21936797e+00 -6.66291995e-01  1.21936797e+00  2.19814959e+01 
 1.23348948e+00 -6.52417351e-01  1.23348948e+00  2.17534517e+01 
 1.24777453e+00 -6.38815615e-01  1.24777453e+00  2.15273040e+01 
 1.26222502e+00 -6.25482250e-01  1.26222502e+00  2.13030509e+01 
 1.27684286e+00 -6.12412762e-01  1.27684286e+00  2.10806903e+01 
 1.29162999e+00 -5.99602700e-01  1.29162999e+00  2.08602194e+01 
 1.30658837e+00 -5.87047658e-01  1.30658837e+00  2.06416351e+01 
 1.32171998e+00 -5.74743277e-01  1.32171998e+00  2.04249340e+01 
 1.33702683e+00 -5.62685240e-01  1.33702683e+00  2.02101119e+01 
 1.35251095e+00 -5.50869281e-01  1.35251095e+00  1.99971648e+01 
 1.36817439e+00 -5.39291180e-01  1.36817439e+00  1.97860878e+01 
 1.38401923e+00 -5.27946765e-01  1.38401923e+00  1.95768758e+01 
 1.40004757e+00 -5.16831911e-01  1.40004757e+00  1.93695236e+01 
 1.41626153e+00 -5.05942543e-01  1.41626153e+00  1.91640252e+01 
 1.43266327e+00 -4.95274637e-01  1.43266327e+00  1.89603746e+01 
 1.44925496e+00 -4.84824217e-01  1.44925496e+00  1.87585654e+01 
 1.46603879e+00 -4.74587356e-01  1.46603879e+00  1.85585908e+01 
 1.48301700e+00 -4.64560179e-01  1.48301700e+00  1.83604439e+01 
 1.50019183e+00 -4.54738861e-01  1.50019183e+00  1.81641173e+01 
 1.51756557e+00 -4.45119627e-01  1.51756557e+00  1.79696034e+01 
 1.53514051e+00 -4.35698755e-01  1.53514051e+00  1.77768943e+01 
 1.55291899e+00 -4.26472570e-01  1.55291899e+00  1.75859821e+01 
 1.57090335e+00 -4.17437450e-01  1.57090335e+00  1.73968582e+01 
 1.58909600e+00 -4.08589825e-01  1.58909600e+00  1.72095142e+01 
 1.60749933e+00 -3.99926174e-01  1.60749933e+00  1.70239412e+01 
 1.62611580e+00 -3.91443028e-01  1.62611580e+00  1.68401302e+01 
 1.64494786e+00 -3.83136968e-01  1.64494786e+00  1.66580719e+01 
 1.66399802e+00 -3.75004626e-01  1.66399802e+00  1.64777569e+01 
 1.68326879e+00 -3.67042683e-01  1.68326879e+00  1.62991756e+01 
 1.70276274e+00 -3.59247873e-01  1.70276274e+00  1.61223182e+01 
 1.72248245e+00 -3.51616977e-01  1.72248245e+00  1.59471747e+01 
 1.74243054e+00 -3.44146829e-01  1.74243054e+00  1.57737351e+01 
 1.76260964e+00 -3.36834310e-01  1.76260964e+00  1.56019889e+01 
 1.78302244e+00 -3.29676350e-01  1.78302244e+00  1.54319258e+01 
 1.80367164e+00 -3.22669931e-01  1.80367164e+00  1.52635353e+01 
 1.82455997e+00 -3.15812081e-01  1.82455997e+00  1.50968066e+01 
 1.84569022e+00 -3.09099877e-01  1.84569022e+00  1.49317290e+01 
 1.86706517e+00 -3.02530444e-01  1.86706517e+00  1.47682914e+01 
 1.88868767e+00 -2.96100954e-01  1.88868767e+00  1.46064830e+01 
 1.91056058e+00 -2.89808627e-01  1.91056058e+00  1.44462925e+01 
 1.93268680e+00 -2.83650729e-01  1.93268680e+00  1.42877087e+01 
 1.95506926e+00 -2.77624574e-01  1.95506926e+00  1.41307204e+01 
 1.97771094e+00 -2.71727519e-01  1.97771094e+00  1.39753160e+01 
 2.00061483e+00 -2.65956969e-01  2.00061483e+00  1.38214843e+01 
 2.02378396e+00 -2.60310372e-01  2.02378396e+00  1.36692136e+01 
 2.04722142e+00 -2.54785223e-01  2.04722142e+00  1.35184924e+01 
 2.07093031e+00 -2.49379059e-01  2.07093031e+00  1.33693091e+01 
 2.09491378e+00 -2.44089461e-01  2.09491378e+00  1.32216519e+01 
 2.11917499e+00 -2.38914053e-01  2.11917499e+00  1.30755091e+01 
 2.14371718e+00 -2.33850502e-01  2.14371718e+00  1.29308689e+01 
 2.16854358e+00 -2.28896516e-01  2.16854358e+00  1.27877196e+01 
 2.19365751e+00 -2.24049846e-01  2.19365751e+00  1.26460493e+01 
 2.21906227e+00 -2.19308282e-01  2.21906227e+00  1.25058462e+01 
 2.24476125e+00 -2.14669658e-01  2.24476125e+00  1.23670983e+01 
 2.27075785e+00 -2.10131844e-01  2.27075785e+00  1.22297939e+01 
 2.29705552e+00 -2.05692751e-01  2.29705552e+00  1.20939209e+01 
 2.32365774e+00 -2.01350329e-01  2.32365774e+00  1.19594676e+01 
 2.35056804e+00 -1.97102568e-01  2.35056804e+00  1.18264219e+01 
 2.37778999e+00 -1.92947492e-01  2.37778999e+00  1.16947721e+01 
 2.40532720e+00 -1.88883165e-01  2.40532720e+00  1.15645061e+01 
 2.43318331e+00 -1.84907688e-01  2.43318331e+00  1.14356122e+01 
 2.46136203e+00 -1.81019197e-01  2.46136203e+00  1.13080785e+01 
 2.48986709e+00 -1.77215863e-01  2.48986709e+00  1.11818930e+01 
 2.51870226e+00 -1.73495895e-01  2.51870226e+00  1.10570440e+01 
 2.54787137e+00 -1.69857534e-01  2.54787137e+00  1.09335197e+01 
 2.57737829e+00 -1.66299056e-01  2.57737829e+00  1.08113082e+01 
 2.60722693e+00 -1.62818770e-01  2.60722693e+00  1.06903978e+01 
 2.63742125e+00 -1.59415018e-01  2.63742125e+00  1.05707768e+01 
 2.66796525e+00 -1.56086177e-01  2.66796525e+00  1.04524336e+01 
 2.69886298e+00 -1.52830652e-01  2.69886298e+00  1.03353563e+01 
 2.73011854e+00 -1.49646883e-01  2.73011854e+00  1.02195336e+01 
 2.76173606e+00 -1.46533337e-01  2.76173606e+00  1.01049537e+01 
 2.79371975e+00 -1.43488517e-01  2.79371975e+00  9.99160510e+00 
 2.82607385e+00 -1.40510949e-01  2.82607385e+00  9.87947640e+00 
 2.85880263e+00 -1.37599195e-01  2.85880263e+00  9.76855614e+00 
 2.89191045e+00 -1.34751842e-01  2.89191045e+00  9.65883293e+00 
 2.92540169e+00 -1.31967507e-01  2.92540169e+00  9.55029545e+00 
 2.95928080e+00 -1.29244833e-01  2.95928080e+00  9.44293241e+00 
 2.99355225e+00 -1.26582493e-01  2.99355225e+00  9.33673261e+00 
 3.02822061e+00 -1.23979185e-01  3.02822061e+00  9.23168488e+00 
 3.06329046e+00 -1.21433636e-01  3.06329046e+00  9.12777812e+00 
 3.09876645e+00 -1.18944595e-01  3.09876645e+00  9.02500128e+00 
 3.13465329e+00 -1.16510840e-01  3.13465329e+00  8.92334339e+00 
 3.17095574e+00 -1.14131173e-01  3.17095574e+00  8.82279353e+00 
 3.20767861e+00 -1.11804421e-01  3.20767861e+00  8.72334084e+00 
 3.24482676e+00 -1.09529434e-01  3.24482676e+00  8.62497453e+00 
 3.28240513e+00 -1.07305087e-01  3.28240513e+00  8.52768388e+00 
 3.32041869e+00 -1.05130277e-01  3.32041869e+00  8.43145824e+00 
 3.35887249e+00 -1.03003926e-01  3.35887249e+00  8.33628702e+00 
 3.39777162e+00 -1.00924977e-01  3.39777162e+00  8.24215970e+00 
 3.43712125e+00 -9.88923948e-02  3.43712125e+00  8.14906584e+00 
 3.47692658e+00 -9.69051663e-02  3.47692658e+00  8.05699506e+00 
 3.51719290e+00 -9.49622996e-02  3.51719290e+00  7.96593704e+00 
 3.55792554e+00 -9.30628237e-02  3.55792554e+00  7.87588157e+00 
 3.59912991e+00 -9.12057878e-02  3.59912991e+00  7.78681848e+00 
 3.64081146e+00 -8.93902612e-02  3.64081146e+00  7.69873768e+00 
 3.68297573e+00 -8.76153328e-02  3.68297573e+00  7.61162916e+00 
 3.72562831e+00 -8.58801109e-02  3.72562831e+00  7.52548298e+00 
 3.76877484e+00 -8.41837226e-02  3.76877484e+00  7.44028928e+00 
 3.81242106e+00 -8.25253133e-02  3.81242106e+00  7.35603827e+00 
 3.85657274e+00 -8.09040469e-02  3.85657274e+00  7.27272023e+00 
 3.90123574e+00 -7.93191049e-02  3.90123574e+00  7.19032554e+00 
 3.94641599e+00 -7.77696862e-02  3.94641599e+00  7.10884462e+00 
 3.99211947e+00 -7.62550070e-02  3.99211947e+00  7.02826799e+00 
 4.03835224e+00 -7.47742999e-02  4.03835224e+00  6.94858625e+00 
 4.08512043e+00 -7.33268143e-02  4.08512043e+00  6.86979006e+00 
 4.13243025e+00 -7.19118155e-02  4.13243025e+00  6.79187017e+00 
 4.18028796e+00 -7.05285847e-02  4.18028796e+00  6.71481740e+00 
 4.22869991e+00 -6.91764183e-02  4.22869991e+00  6.63862265e+00 
 4.27767252e+00 -6.78546280e-02  4.27767252e+00  6.56327689e+00 
 4.32721228e+00 -6.65625405e-02  4.32721228e+00  6.48877118e+00 
 4.37732577e+00 -6.52994968e-02  4.37732577e+00  6.41509664e+00 
 4.42801962e+00 -6.40648521e-02  4.42801962e+00  6.34224449e+00 
 4.47930055e+00 -6.28579758e-02  4.47930055e+00  6.27020600e+00 
 4.53117537e+00 -6.16782508e-02  4.53117537e+00  6.19897254e+00 
 4.58365095e+00 -6.05250733e-02  4.58365095e+00  6.12853554e+00 
 4.63673425e+00 -5.93978528e-02  4.63673425e+00  6.05888651e+00 
 4.69043232e+00 -5.82960115e-02  4.69043232e+00  5.99001705e+00 
 4.74475225e+00 -5.72189842e-02  4.74475225e+00  5.92191881e+00 
 4.79970127e+00 -5.61662180e-02  4.79970127e+00  5.85458355e+00 
 4.85528665e+00 -5.51371722e-02  4.85528665e+00  5.78800306e+00 
 4.91151577e+00 -5.41313176e-02  4.91151577e+00  5.72216926e+00 
 4.96839608e+00 -5.31481369e-02  4.96839608e+00  5.65707410e+00 
 5.02593512e+00 -5.21871238e-02  5.02593512e+00  5.59270962e+00 
 5.08414052e+00 -5.12477833e-02  5.08414052e+00  5.52906795e+00 
 5.14302000e+00 -5.03296311e-02  5.14302000e+00  5.46614126e+00 
 5.20258136e+00 -4.94321937e-02  5.20258136e+00  5.40392183e+00 
 5.26283250e+00 -4.85550077e-02  5.26283250e+00  5.34240200e+00 
 5.32378141e+00 -4.76976203e-02  5.32378141e+00  5.28157416e+00 
 5.38543617e+00 -4.68595882e-02  5.38543617e+00  5.22143082e+00 
 5.44780495e+00 -4.60404782e-02  5.44780495e+00  5.16196451e+00 
 5.51089603e+00 -4.52398664e-02  5.51089603e+00  5.10316788e+00 
 5.57471776e+00 -4.44573384e-02  5.57471776e+00  5.04503362e+00 
 5.63927862e+00 -4.36924888e-02  5.63927862e+00  4.98755450e+00 
 5.70458716e+00 -4.29449213e-02  5.70458716e+00  4.93072336e+00 
 5.77065203e+00 -4.22142482e-02  5.77065203e+00  4.87453312e+00 
 5.83748200e+00 -4.15000906e-02  5.83748200e+00  4.81897676e+00 
 5.90508593e+00 -4.08020776e-02  5.90508593e+00  4.76404732e+00 
 5.97347279e+00 -4.01198468e-02  5.97347279e+00  4.70973794e+00 
 6.04265163e+00 -3.94530438e-02  6.04265163e+00  4.65604180e+00 
 6.11263163e+00 -3.88013220e-02  6.11263163e+00  4.60295215e+00 
 6.18342207e+00 -3.81643424e-02  6.18342207e+00  4.55046233e+00 
 6.25503234e+00 -3.75417737e-02  6.25503234e+00  4.49856573e+00 
 6.32747192e+00 -3.69332918e-02  6.32747192e+00  4.44725580e+00 
 6.40075043e+00 -3.63385799e-02  6.40075043e+00  4.39652608e+00 
 6.47487758e+00 -3.57573282e-02  6.47487758e+00  4.34637015e+00 
 6.54986319e+00 -3.51892337e-02  6.54986319e+00  4.29678167e+00 
 6.62571722e+00 -3.46340004e-02  6.62571722e+00  4.24775437e+00 
 6.70244971e+00 -3.40913385e-02  6.70244971e+00  4.19928203e+00 
 6.78007084e+00 -3.35609650e-02  6.78007084e+00  4.15135851e+00 
 6.85859090e+00 -3.30426031e-02  6.85859090e+00  4.10397771e+00 
 6.93802030e+00 -3.25359820e-02  6.93802030e+00  4.05713361e+00 
 7.01836957e+00 -3.20408372e-02  7.01836957e+00  4.01082026e+00 
 7.09964937e+00 -3.15569100e-02  7.09964937e+00  3.96503175e+00 
 7.18187048e+00 -3.10839474e-02  7.18187048e+00  3.91976225e+00 
 7.26504378e+00 -3.06217021e-02  7.26504378e+00  3.87500598e+00 
 7.34918032e+00 -3.01699324e-02  7.34918032e+00  3.83075723e+00 
 7.43429124e+00 -2.97284019e-02  7.43429124e+00  3.78701034e+00 
 7.52038784e+00 -2.92968796e-02  7.52038784e+00  3.74375971e+00 
 7.60748151e+00 -2.88751395e-02  7.60748151e+00  3.70099981e+00 
 7.69558382e+00 -2.84629608e-02  7.69558382e+00  3.65872516e+00 
 7.78470645e+00 -2.80601275e-02  7.78470645e+00  3.61693033e+00 
 7.87486120e+00 -2.76664287e-02  7.87486120e+00  3.57560997e+00 
 7.96606004e+00 -2.72816579e-02  7.96606004e+00  3.53475877e+00 
 8.05831505e+00 -2.69056136e-02  8.05831505e+00  3.49437147e+00 
 8.15163847e+00 -2.65380983e-02  8.15163847e+00  3.45444288e+00 
 8.24604267e+00 -2.61789195e-02  8.24604267e+00  3.41496787e+00 
 8.34154016e+00 -2.58278887e-02  8.34154016e+00  3.37594135e+00 
 8.43814361e+00 -2.54848215e-02  8.43814361e+00  3.33735829e+00 
 8.53586583e+00 -2.51495381e-02  8.53586583e+00  3.29921371e+00 
 8.63471977e+00 -2.48218623e-02  8.63471977e+00  3.26150269e+00 
 8.73471853e+00 -2.45016221e-02  8.73471853e+00  3.22422037e+00 
 8.83587539e+00 -2.41886492e-02  8.83587539e+00  3.18736192e+00 
 8.93820374e+00 -2.38827792e-02  8.93820374e+00  3.15092259e+00 
 9.04171716e+00 -2.35838514e-02  9.04171716e+00  3.11489765e+00 
 9.14642936e+00 -2.32917087e-02  9.14642936e+00  3.07928244e+00 
 9.25235424e+00 -2.30061975e-02  9.25235424e+00  3.04407236e+00 
 9.35950584e+00 -2.27271676e-02  9.35950584e+00  3.00926284e+00 
 9.46789836e+00 -2.24544724e-02  9.46789836e+00  2.97484937e+00 
 9.57754617e+00 -2.21879684e-02  9.57754617e+00  2.94082748e+00 
 9.68846382e+00 -2.19275153e-02  9.68846382e+00  2.90719277e+00 
 9.80066601e+00 -2.16729761e-02  9.80066601e+00  2.87394085e+00 
 9.91416761e+00 -2.14242169e-02  9.91416761e+00  2.84106742e+00 
 1.00289837e+01 -2.11811067e-02  1.00289837e+01  2.80856820e+00 
 1.01451294e+01 -2.09435175e-02  1.01451294e+01  2.77643897e+00 
 1.02626203e+01 -2.07113243e-02  1.02626203e+01  2.74467555e+00 
 1.03814717e+01 -2.04844046e-02  1.03814717e+01  2.71327380e+00 
 1.05016997e+01 -2.02626391e-02  1.05016997e+01  2.68222963e+00 
 1.06233199e+01 -2.00459108e-02  1.06233199e+01  2.65153901e+00 
 1.07463487e+01 -1.98341056e-02  1.07463487e+01  2.62119793e+00 
 1.08708023e+01 -1.96271118e-02  1.08708023e+01  2.59120244e+00 
 1.09966971e+01 -1.94248205e-02  1.09966971e+01  2.56154863e+00 
 1.11240500e+01 -1.92271248e-02  1.11240500e+01  2.53223263e+00 
 1.12528777e+01 -1.90339207e-02  1.12528777e+01  2.50325061e+00 
 1.13831974e+01 -1.88451062e-02  1.13831974e+01  2.47459880e+00 
 1.15150263e+01 -1.86605818e-02  1.15150263e+01  2.44627344e+00 
 1.16483819e+01 -1.84802502e-02  1.16483819e+01  2.41827084e+00 
 1.17832819e+01 -1.83040162e-02  1.17832819e+01  2.39058735e+00 
 1.19197442e+01 -1.81317869e-02  1.19197442e+01  2.36321933e+00 
 1.20577869e+01 -1.79634714e-02  1.20577869e+01  2.33616321e+00 
 1.21974282e+01 -1.77989809e-02  1.21974282e+01  2.30941546e+00 
 1.23386867e+01 -1.76382285e-02  1.23386867e+01  2.28297257e+00 
 1.24815812e+01 -1.74811296e-02  1.24815812e+01  2.25683109e+00 
 1.26261305e+01 -1.73276011e-02  1.26261305e+01  2.23098758e+00 
 1.27723538e+01 -1.71775619e-02  1.27723538e+01  2.20543867e+00 
 1.29202705e+01 -1.70309330e-02  1.29202705e+01  2.18018101e+00 
 1.30699003e+01 -1.68876368e-02  1.30699003e+01  2.15521129e+00 
 1.32212629e+01 -1.67475978e-02  1.32212629e+01  2.13052623e+00 
 1.33743785e+01 -1.66107419e-02  1.33743785e+01  2.10612260e+00 
 1.35292673e+01 -1.64769968e-02  1.35292673e+01  2.08199720e+00 
 1.36859499e+01 -1.63462920e-02  1.36859499e+01  2.05814687e+00 
 1.38444470e+01 -1.62185584e-02  1.38444470e+01  2.03456847e+00 
 1.40047796e+01 -1.60937286e-02  1.40047796e+01  2.01125892e+00 
 1.41669691e+01 -1.59717365e-02  1.41669691e+01  1.98821514e+00 
 1.43310369e+01 -1.58525177e-02  1.43310369e+01  1.96543413e+00 
 1.44970048e+01 -1.57360092e-02  1.44970048e+01  1.94291287e+00 
 1.46648947e+01 -1.56221495e-02  1.46648947e+01  1.92064843e+00 
 1.48347290e+01 -1.55108784e-02  1.48347290e+01  1.89863786e+00 
 1.50065301e+01 -1.54021371e-02  1.50065301e+01  1.87687828e+00 
 1.51803209e+01 -1.52958681e-02  1.51803209e+01  1.85536683e+00 
 1.53561243e+01 -1.51920152e-02  1.53561243e+01  1.83410069e+00 
 1.55339637e+01 -1.50905236e-02  1.55339637e+01  1.81307705e+00 
 1.57138627e+01 -1.49913395e-02  1.57138627e+01  1.79229314e+00 
 1.58958451e+01 -1.48944106e-02  1.58958451e+01  1.77174625e+00 
 1.60799350e+01 -1.47996857e-02  1.60799350e+01  1.75143365e+00 
 1.62661569e+01 -1.47071145e-02  1.62661569e+01  1.73135269e+00 
 1.64545354e+01 -1.46166482e-02  1.64545354e+01  1.71150071e+00 
 1.66450955e+01 -1.45282390e-02  1.66450955e+01  1.69187511e+00 
 1.68378625e+01 -1.44418401e-02  1.68378625e+01  1.67247329e+00 
 1.70328619e+01 -1.43574057e-02  1.70328619e+01  1.65329272e+00 
 1.72301197e+01 -1.42748913e-02  1.72301197e+01  1.63433085e+00 
 1.74296618e+01 -1.41942532e-02  1.74296618e+01  1.61558520e+00 
 1.76315149e+01 -1.41154488e-02  1.76315149e+01  1.59705328e+00 
 1.78357056e+01 -1.40384363e-02  1.78357056e+01  1.57873267e+00 
 1.80422611e+01 -1.39631751e-02  1.80422611e+01  1.56062095e+00 
 1.82512087e+01 -1.38896253e-02  1.82512087e+01  1.54271572e+00 
 1.84625761e+01 -1.38177481e-02  1.84625761e+01  1.52501464e+00 
 1.86763914e+01 -1.37475053e-02  1.86763914e+01  1.50751536e+00 
 1.88926828e+01 -1.36788599e-02  1.88926828e+01  1.49021559e+00 
 1.91114791e+01 -1.36117754e-02  1.91114791e+01  1.47311303e+00 
 1.93328093e+01 -1.35462166e-02  1.93328093e+01  1.45620543e+00 
 1.95567028e+01 -1.34821485e-02  1.95567028e+01  1.43949056e+00 
 1.97831891e+01 -1.34195374e-02  1.97831891e+01  1.42296623e+00 
 2.00122984e+01 -1.33583501e-02  2.00122984e+01  1.40663024e+00 
 2.02440610e+01 -1.32985543e-02  2.02440610e+01  1.39048044e+00 
 2.04785077e+01 -1.32401183e-02  2.04785077e+01  1.37451471e+00 
 2.07156695e+01 -1.31830112e-02  2.07156695e+01  1.35873093e+00 
 2.09555778e+01 -1.31272027e-02  2.09555778e+01  1.34312702e+00 
 2.11982645e+01 -1.30726634e-02  2.11982645e+01  1.32770093e+00 
 2.14437618e+01 -1.30193643e-02  2.14437618e+01  1.31245060e+00 
 2.16921022e+01 -1.29672773e-02  2.16921022e+01  1.29737405e+00 
 2.19433187e+01 -1.29163749e-02  2.19433187e+01  1.28246926e+00 
 2.21974444e+01 -1.28666300e-02  2.21974444e+01  1.26773427e+00 
 2.24545132e+01 -1.28180163e-02  2.24545132e+01  1.25316715e+00 
 2.27145591e+01 -1.27705082e-02  2.27145591e+01  1.23876595e+00 
 2.29776167e+01 -1.27240804e-02  2.29776167e+01  1.22452879e+00 
 2.32437206e+01 -1.26787085e-02  2.32437206e+01  1.21045378e+00 
 2.35129064e+01 -1.26343684e-02  2.35129064e+01  1.19653906e+00 
 2.37852095e+01 -1.25910365e-02  2.37852095e+01  1.18278279e+00 
 2.40606663e+01 -1.25486901e-02  2.40606663e+01  1.16918316e+00 
 2.43393131e+01 -1.25073067e-02  2.43393131e+01  1.15573836e+00 
 2.46211869e+01 -1.24668644e-02  2.46211869e+01  1.14244663e+00 
 2.49063250e+01 -1.24273418e-02  2.49063250e+01  1.12930620e+00 
 2.51947654e+01 -1.23887179e-02  2.51947654e+01  1.11631535e+00 
 2.54865462e+01 -1.23509724e-02  2.54865462e+01  1.10347234e+00 
 2.57817061e+01 -1.23140852e-02  2.57817061e+01  1.09077548e+00 
 2.60802843e+01 -1.22780369e-02  2.60802843e+01  1.07822310e+00 
 2.63823203e+01 -1.22428083e-02  2.63823203e+01  1.06581354e+00 
 2.66878542e+01 -1.22083809e-02  2.66878542e+01  1.05354515e+00 
 2.69969265e+01 -1.21747363e-02  2.69969265e+01  1.04141631e+00 
 2.73095781e+01 -1.21418568e-02  2.73095781e+01  1.02942542e+00 
 2.76258506e+01 -1.21097250e-02  2.76258506e+01  1.01757090e+00 
 2.79457858e+01 -1.20783239e-02  2.79457858e+01  1.00585117e+00 
 2.82694262e+01 -1.20476369e-02  2.82694262e+01  9.94264682e-01 
 2.85968147e+01 -1.20176477e-02  2.85968147e+01  9.82809911e-01 
 2.89279946e+01 -1.19883404e-02  2.89279946e+01  9.71485338e-01 
 2.92630100e+01 -1.19596996e-02  2.92630100e+01  9.60289465e-01 
 2.96019052e+01 -1.19317101e-02  2.96019052e+01  9.49220811e-01 
 2.99447251e+01 -1.19043571e-02  2.99447251e+01  9.38277912e-01 
 3.02915152e+01 -1.18776261e-02  3.02915152e+01  9.27459320e-01 
 3.06423215e+01 -1.18515029e-02  3.06423215e+01  9.16763604e-01 
 3.09971905e+01 -1.18259738e-02  3.09971905e+01  9.06189348e-01 
 3.13561693e+01 -1.18010252e-02  3.13561693e+01  8.95735154e-01 
 3.17193054e+01 -1.17766439e-02  3.17193054e+01  8.85399639e-01 
 3.20866469e+01 -1.17528171e-02  3.20866469e+01  8.75181434e-01 
 3.24582427e+01 -1.17295320e-02  3.24582427e+01  8.65079187e-01 
 3.28341419e+01 -1.17067765e-02  3.28341419e+01  8.55091562e-01 
 3.32143943e+01 -1.16845384e-02  3.32143943e+01  8.45217237e-01 
 3.35990505e+01 -1.16628060e-02  3.35990505e+01  8.35454905e-01 
 3.39881614e+01 -1.16415678e-02  3.39881614e+01  8.25803273e-01 
 3.43817786e+01 -1.16208125e-02  3.43817786e+01  8.16261065e-01 
 3.47799543e+01 -1.16005292e-02  3.47799543e+01  8.06827017e-01 
 3.51827413e+01 -1.15807072e-02  3.51827413e+01  7.97499881e-01 
 3.55901929e+01 -1.15613359e-02  3.55901929e+01  7.88278422e-01 
 3.60023633e+01 -1.15424051e-02  3.60023633e+01  7.79161419e-01 
 3.64193070e+01 -1.15239048e-02  3.64193070e+01  7.70147665e-01 
 3.68410793e+01 -1.15058251e-02  3.68410793e+01  7.61235968e-01 
 3.72677361e+01 -1.14881566e-02  3.72677361e+01  7.52425146e-01 
 3.76993341e+01 -1.14708899e-02  3.76993341e+01  7.43714034e-01 
 3.81359304e+01 -1.14540158e-02  3.81359304e+01  7.35101479e-01 
 3.85775830e+01 -1.14375254e-02  3.85775830e+01  7.26586340e-01 
 3.90243503e+01 -1.14214100e-02  3.90243503e+01  7.18167489e-01 
 3.94762917e+01 -1.14056611e-02  3.94762917e+01  7.09843812e-01 
 3.99334670e+01 -1.13902703e-02  3.99334670e+01  7.01614206e-01 
 4.03959368e+01 -1.13752295e-02  4.03959368e+01  6.93477583e-01 
 4.08637625e+01 -1.13605308e-02  4.08637625e+01  6.85432864e-01 
 4.13370061e+01 -1.13461662e-02  4.13370061e+01  6.77478984e-01 
 4.18157303e+01 -1.13321284e-02  4.18157303e+01  6.69614890e-01 
 4.22999987e+01 -1.13184097e-02  4.22999987e+01  6.61839541e-01 
 4.27898753e+01 -1.13050031e-02  4.27898753e+01  6.54151905e-01 
 4.32854253e+01 -1.12919013e-02  4.32854253e+01  6.46550967e-01 
 4.37867142e+01 -1.12790974e-02  4.37867142e+01  6.39035718e-01 
 4.42938085e+01 -1.12665847e-02  4.42938085e+01  6.31605164e-01 
 4.48067755e+01 -1.12543566e-02  4.48067755e+01  6.24258320e-01 
 4.53256831e+01 -1.12424065e-02  4.53256831e+01  6.16994213e-01 
 4.58506003e+01 -1.12307282e-02  4.58506003e+01  6.09811882e-01 
 4.63815965e+01 -1.12193155e-02  4.63815965e+01  6.02710374e-01 
 4.69187422e+01 -1.12081623e-02  4.69187422e+01  5.95688749e-01 
 4.74621085e+01 -1.11972627e-02  4.74621085e+01  5.88746077e-01 
 4.80117676e+01 -1.11866110e-02  4.80117676e+01  5.81881439e-01 
 4.85677923e+01 -1.11762016e-02  4.85677923e+01  5.75093924e-01 
 4.91302564e+01 -1.11660288e-02  4.91302564e+01  5.68382635e-01 
 4.96992343e+01 -1.11560874e-02  4.96992343e+01  5.61746681e-01 
 5.02748016e+01 -1.11463721e-02  5.02748016e+01  5.55185184e-01 
 5.08570345e+01 -1.11368778e-02  5.08570345e+01  5.48697274e-01 
 5.14460103e+01 -1.11275993e-02  5.14460103e+01  5.42282093e-01 
 5.20418070e+01 -1.11185319e-02  5.20418070e+01  5.35938790e-01 
 5.26445036e+01 -1.11096707e-02  5.26445036e+01  5.29666524e-01 
 5.32541801e+01 -1.11010110e-02  5.32541801e+01  5.23464465e-01 
 5.38709172e+01 -1.10925482e-02  5.38709172e+01  5.17331791e-01 
 5.44947968e+01 -1.10842779e-02  5.44947968e+01  5.11267690e-01 
 5.51259015e+01 -1.10761957e-02  5.51259015e+01  5.05271357e-01 
 5.57643151e+01 -1.10682973e-02  5.57643151e+01  4.99342000e-01 
 5.64101221e+01 -1.10605785e-02  5.64101221e+01  4.93478831e-01 
 5.70634082e+01 -1.10530353e-02  5.70634082e+01  4.87681075e-01 
 5.77242601e+01 -1.10456636e-02  5.77242601e+01  4.81947962e-01 
 5.83927652e+01 -1.10384596e-02  5.83927652e+01  4.76278734e-01 
 5.90690124e+01 -1.10314194e-02  5.90690124e+01  4.70672639e-01 
 5.97530911e+01 -1.10245393e-02  5.97530911e+01  4.65128935e-01 
 6.04450922e+01 -1.10178157e-02  6.04450922e+01  4.59646886e-01 
 6.11451073e+01 -1.10112450e-02  6.11451073e+01  4.54225766e-01 
 6.18532294e+01 -1.10048238e-02  6.18532294e+01  4.48864858e-01 
 6.25695522e+01 -1.09985485e-02  6.25695522e+01  4.43563450e-01 
 6.32941707e+01 -1.09924160e-02  6.32941707e+01  4.38320840e-01 
 6.40271811e+01 -1.09864230e-02  6.40271811e+01  4.33136334e-01 
 6.47686804e+01 -1.09805663e-02  6.47686804e+01  4.28009244e-01 
 6.55187671e+01 -1.09748427e-02  6.55187671e+01  4.22938891e-01 
 6.62775405e+01 -1.09692493e-02  6.62775405e+01  4.17924603e-01 
 6.70451013e+01 -1.09637832e-02  6.70451013e+01  4.12965715e-01 
 6.78215512e+01 -1.09584413e-02  6.78215512e+01  4.08061571e-01 
 6.86069932e+01 -1.09532210e-02  6.86069932e+01  4.03211521e-01 
 6.94015314e+01 -1.09481193e-02  6.94015314e+01  3.98414921e-01 
 7.02052711e+01 -1.09431337e-02  7.02052711e+01  3.93671136e-01 
 7.10183190e+01 -1.09382615e-02  7.10183190e+01  3.88979538e-01 
 7.18407828e+01 -1.09335000e-02  7.18407828e+01  3.84339504e-01 
 7.26727715e+01 -1.09288469e-02  7.26727715e+01  3.79750421e-01 
 7.35143955e+01 -1.09242995e-02  7.35143955e+01  3.75211678e-01 
 7.43657664e+01 -1.09198556e-02  7.43657664e+01  3.70722676e-01 
 7.52269970e+01 -1.09155128e-02  7.52269970e+01  3.66282818e-01 
 7.60982015e+01 -1.09112686e-02  7.60982015e+01  3.61891518e-01 
 7.69794955e+01 -1.09071211e-02  7.69794955e+01  3.57548191e-01 
 7.78709957e+01 -1.09030678e-02  7.78709957e+01  3.53252264e-01 
 7.87728204e+01 -1.08991067e-02  7.87728204e+01  3.49003167e-01 
 7.96850891e+01 -1.08952356e-02  7.96850891e+01  3.44800336e-01 
 8.06079229e+01 -1.08914526e-02  8.06079229e+01  3.40643214e-01 
 8.15414439e+01 -1.08877556e-02  8.15414439e+01  3.36531251e-01 
 8.24857761e+01 -1.08841427e-02  8.24857761e+01  3.32463901e-01 
 8.34410446e+01 -1.08806119e-02  8.34410446e+01  3.28440626e-01 
 8.44073761e+01 -1.08771614e-02  8.44073761e+01  3.24460891e-01 
 8.53848987e+01 -1.08737894e-02  8.53848987e+01  3.20524171e-01 
 8.63737419e+01 -1.08704940e-02  8.63737419e+01  3.16629942e-01 
 8.73740370e+01 -1.08672735e-02  8.73740370e+01  3.12777689e-01 
 8.83859165e+01 -1.08641263e-02  8.83859165e+01  3.08966900e-01 
 8.94095146e+01 -1.08610506e-02  8.94095146e+01  3.05197072e-01 
 9.04449670e+01 -1.08580448e-02  9.04449670e+01  3.01467704e-01 
 9.14924110e+01 -1.08551074e-02  9.14924110e+01  2.97778302e-01 
 9.25519854e+01 -1.08522367e-02  9.25519854e+01  2.94128377e-01 
 9.36238307e+01 -1.08494313e-02  9.36238307e+01  2.90517445e-01 
 9.47080892e+01 -1.08466896e-02  9.47080892e+01  2.86945027e-01 
 9.58049044e+01 -1.08440103e-02  9.58049044e+01  2.83410651e-01 
 9.69144218e+01 -1.08413918e-02  9.69144218e+01  2.79913847e-01 
 9.80367886e+01 -1.08388329e-02  9.80367886e+01  2.76454152e-01 
 9.91721535e+01 -1.08363321e-02  9.91721535e+01  2.73031107e-01 
 1.00320667e+02 -1.08338881e-02  1.00320667e+02  2.69644259e-01 
 1.01482482e+02 -1.08314996e-02  1.01482482e+02  2.66293158e-01 
 1.02657751e+02 -1.08291655e-02  1.02657751e+02  2.62977361e-01 
 1.03846632e+02 -1.08268843e-02  1.03846632e+02  2.59696428e-01 
 1.05049280e+02 -1.08246550e-02  1.05049280e+02  2.56449924e-01 
 1.06265857e+02 -1.08224763e-02  1.06265857e+02  2.53237419e-01 
 1.07496523e+02 -1.08203471e-02  1.07496523e+02  2.50058487e-01 
 1.08741441e+02 -1.08182663e-02  1.08741441e+02  2.46912706e-01 
 1.10000777e+02 -1.08162327e-02  1.10000777e+02  2.43799659e-01 
 1.11274697e+02 -1.08142453e-02  1.11274697e+02  2.40718934e-01 
 1.12563370e+02 -1.08123030e-02  1.12563370e+02  2.37670123e-01 
 1.13866967e+02 -1.08104049e-02  1.13866967e+02  2.34652821e-01 
 1.15185661e+02 -1.08085498e-02  1.15185661e+02  2.31666628e-01 
 1.16519628e+02 -1.08067368e-02  1.16519628e+02  2.28711149e-01 
 1.17869043e+02 -1.08049650e-02  1.17869043e+02  2.25785991e-01 
 1.19234085e+02 -1.08032333e-02  1.19234085e+02  2.22890767e-01 
 1.20614936e+02 -1.08015410e-02  1.20614936e+02  2.20025093e-01 
 1.22011779e+02 -1.07998870e-02  1.22011779e+02  2.17188589e-01 
 1.23424798e+02 -1.07982706e-02  1.23424798e+02  2.14380880e-01 
 1.24854182e+02 -1.07966909e-02  1.24854182e+02  2.11601592e-01 
 1.26300119e+02 -1.07951469e-02  1.26300119e+02  2.08850358e-01 
 1.27762802e+02 -1.07936380e-02  1.27762802e+02  2.06126813e-01 
 1.29242424e+02 -1.07921633e-02  1.29242424e+02  2.03430596e-01 
 1.30739182e+02 -1.07907219e-02  1.30739182e+02  2.00761348e-01 
 1.32253273e+02 -1.07893133e-02  1.32253273e+02  1.98118718e-01 
 1.33784900e+02 -1.07879366e-02  1.33784900e+02  1.95502353e-01 
 1.35334264e+02 -1.07865910e-02  1.35334264e+02  1.92911908e-01 
 1.36901571e+02 -1.07852760e-02  1.36901571e+02  1.90347038e-01 
 1.38487029e+02 -1.07839907e-02  1.38487029e+02  1.87807405e-01 
 1.40090849e+02 -1.07827344e-02  1.40090849e+02  1.85292671e-01 
 1.41713242e+02 -1.07815067e-02  1.41713242e+02  1.82802502e-01 
 1.43354425e+02 -1.07803067e-02  1.43354425e+02  1.80336569e-01 
 1.45014614e+02 -1.07791338e-02  1.45014614e+02  1.77894545e-01 
 1.46694029e+02 -1.07779875e-02  1.46694029e+02  1.75476106e-01 
 1.48392894e+02 -1.07768670e-02  1.48392894e+02  1.73080931e-01 
 1.50111433e+02 -1.07757719e-02  1.50111433e+02  1.70708704e-01 
 1.51849875e+02 -1.07747015e-02  1.51849875e+02  1.68359108e-01 
 1.53608450e+02 -1.07736553e-02  1.53608450e+02  1.66031834e-01 
 1.55387391e+02 -1.07726327e-02  1.55387391e+02  1.63726572e-01 
 1.57186933e+02 -1.07716332e-02  1.57186933e+02  1.61443017e-01 
 1.59007317e+02 -1.07706562e-02  1.59007317e+02  1.59180866e-01 
 1.60848782e+02 -1.07697013e-02  1.60848782e+02  1.56939819e-01 
 1.62711573e+02 -1.07687679e-02  1.62711573e+02  1.54719579e-01 
 1.64595937e+02 -1.07678555e-02  1.64595937e+02  1.52519851e-01 
 1.66502124e+02 -1.07669636e-02  1.66502124e+02  1.50340345e-01 
 1.68430387e+02 -1.07660918e-02  1.68430387e+02  1.48180771e-01 
 1.70380981e+02 -1.07652396e-02  1.70380981e+02  1.46040842e-01 
 1.72354164e+02 -1.07644066e-02  1.72354164e+02  1.43920276e-01 
 1.74350199e+02 -1.07635922e-02  1.74350199e+02  1.41818791e-01 
 1.76369351e+02 -1.07627962e-02  1.76369351e+02  1.39736108e-01 
 1.78411886e+02 -1.07620180e-02  1.78411886e+02  1.37671951e-01 
 1.80478075e+02 -1.07612573e-02  1.80478075e+02  1.35626047e-01 
 1.82568193e+02 -1.07605136e-02  1.82568193e+02  1.33598125e-01 
 1.84682517e+02 -1.07597865e-02  1.84682517e+02  1.31587914e-01 
 1.86821327e+02 -1.07590758e-02  1.86821327e+02  1.29595150e-01 
 1.88984907e+02 -1.07583809e-02  1.88984907e+02  1.27619568e-01 
 1.91173543e+02 -1.07577015e-02  1.91173543e+02  1.25660906e-01 
 1.93387525e+02 -1.07570373e-02  1.93387525e+02  1.23718903e-01 
 1.95627148e+02 -1.07563879e-02  1.95627148e+02  1.21793304e-01 
 1.97892707e+02 -1.07557529e-02  1.97892707e+02  1.19883852e-01 
 2.00184505e+02 -1.07551321e-02  2.00184505e+02  1.17990294e-01 
 2.02502843e+02 -1.07545251e-02  2.02502843e+02  1.16112380e-01 
 2.04848030e+02 -1.07539315e-02  2.04848030e+02  1.14249860e-01 
 2.07220377e+02 -1.07533511e-02  2.07220377e+02  1.12402487e-01 
 2.09620198e+02 -1.07527836e-02  2.09620198e+02  1.10570017e-01 
 2.12047812e+02 -1.07522286e-02  2.12047812e+02  1.08752206e-01 
 2.14503539e+02 -1.07516858e-02  2.14503539e+02  1.06948814e-01 
 2.16987707e+02 -1.07511551e-02  2.16987707e+02  1.05159602e-01 
 2.19500643e+02 -1.07506360e-02  2.19500643e+02  1.03384331e-01 
 2.22042682e+02 -1.07501283e-02  2.22042682e+02  1.01622767e-01 
 2.24614160e+02 -1.07496318e-02  2.24614160e+02  9.98746769e-02 
 2.27215419e+02 -1.07491461e-02  2.27215419e+02  9.81398281e-02 
 2.29846803e+02 -1.07486711e-02  2.29846803e+02  9.64179908e-02 
 2.32508661e+02 -1.07482065e-02  2.32508661e+02  9.47089368e-02 
 2.35201345e+02 -1.07477519e-02  2.35201345e+02  9.30124394e-02 
 2.37925214e+02 -1.07473073e-02  2.37925214e+02  9.13282738e-02 
 2.40680628e+02 -1.07468723e-02  2.40680628e+02  8.96562166e-02 
 2.43467953e+02 -1.07464467e-02  2.43467953e+02  8.79960463e-02 
 2.46287557e+02 -1.07460303e-02  2.46287557e+02  8.63475426e-02 
 2.49139816e+02 -1.07456229e-02  2.49139816e+02  8.47104870e-02 
 2.52025106e+02 -1.07452242e-02  2.52025106e+02  8.30846625e-02 
 2.54943811e+02 -1.07448341e-02  2.54943811e+02  8.14698536e-02 
 2.57896318e+02 -1.07444523e-02  2.57896318e+02  7.98658460e-02 
 2.60883017e+02 -1.07440786e-02  2.60883017e+02  7.82724273e-02 
 2.63904306e+02 -1.07437129e-02  2.63904306e+02  7.66893860e-02 
 2.66960584e+02 -1.07433549e-02  2.66960584e+02  7.51165124e-02 
 2.70052257e+02 -1.07430045e-02  2.70052257e+02  7.35535979e-02 
 2.73179734e+02 -1.07426615e-02  2.73179734e+02  7.20004353e-02 
 2.76343431e+02 -1.07423256e-02  2.76343431e+02  7.04568187e-02 
 2.79543767e+02 -1.07419967e-02  2.79543767e+02  6.89225434e-02 
 2.82781166e+02 -1.07416747e-02  2.82781166e+02  6.73974060e-02 
 2.86056057e+02 -1.07413593e-02  2.86056057e+02  6.58812043e-02 
 2.89368875e+02 -1.07410504e-02  2.89368875e+02  6.43737372e-02 
 2.92720058e+02 -1.07407478e-02  2.92720058e+02  6.28748050e-02 
 2.96110052e+02 -1.07404514e-02  2.96110052e+02  6.13842089e-02 
 2.99539305e+02 -1.07401611e-02  2.99539305e+02  5.99017512e-02 
 3.03008272e+02 -1.07398766e-02  3.03008272e+02  5.84272354e-02 
 3.06517414e+02 -1.07395977e-02  3.06517414e+02  5.69604660e-02 
 3.10067195e+02 -1.07393245e-02  3.10067195e+02  5.55012486e-02 
 3.13658086e+02 -1.07390567e-02  3.13658086e+02  5.40493897e-02 
 3.17290563e+02 -1.07387941e-02  3.17290563e+02  5.26046967e-02 
 3.20965108e+02 -1.07385367e-02  3.20965108e+02  5.11669782e-02 
 3.24682207e+02 -1.07382842e-02  3.24682207e+02  4.97360436e-02 
 3.28442355e+02 -1.07380366e-02  3.28442355e+02  4.83117030e-02 
 3.32246049e+02 -1.07377938e-02  3.32246049e+02  4.68937678e-02 
 3.36093793e+02 -1.07375556e-02  3.36093793e+02  4.54820498e-02 
 3.39986099e+02 -1.07373218e-02  3.39986099e+02  4.40763619e-02 
 3.43923481e+02 -1.07370924e-02  3.43923481e+02  4.26765178e-02 
 3.47906461e+02 -1.07368672e-02  3.47906461e+02  4.12823318e-02 
 3.51935569e+02 -1.07366461e-02  3.51935569e+02  3.98936191e-02 
 3.56011338e+02 -1.07364291e-02  3.56011338e+02  3.85101956e-02 
 3.60134309e+02 -1.07362159e-02  3.60134309e+02  3.71318779e-02 
 3.64305027e+02 -1.07360065e-02  3.64305027e+02  3.57584832e-02 
 3.68524047e+02 -1.07358007e-02  3.68524047e+02  3.43898294e-02 
 3.72791927e+02 -1.07355984e-02  3.72791927e+02  3.30257351e-02 
 3.77109234e+02 -1.07353997e-02  3.77109234e+02  3.16660194e-02 
 3.81476539e+02 -1.07352042e-02  3.81476539e+02  3.03105021e-02 
 3.85894423e+02 -1.07350120e-02  3.85894423e+02  2.89590034e-02 
 3.90363469e+02 -1.07348229e-02  3.90363469e+02  2.76113441e-02 
 3.94884272e+02 -1.07346368e-02  3.94884272e+02  2.62673456e-02 
 3.99457430e+02 -1.07344537e-02  3.99457430e+02  2.49268296e-02 
 4.04083550e+02 -1.07342733e-02  4.04083550e+02  2.35896185e-02 
 4.08763246e+02 -1.07340958e-02  4.08763246e+02  2.22555349e-02 
 4.13497136e+02 -1.07339208e-02  4.13497136e+02  2.09244020e-02 
 4.18285850e+02 -1.07337484e-02  4.18285850e+02  1.95960433e-02 
 4.23130023e+02 -1.07335785e-02  4.23130023e+02  1.82702826e-02 
 4.28030295e+02 -1.07334110e-02  4.28030295e+02  1.69469443e-02 
 4.32987318e+02 -1.07332457e-02  4.32987318e+02  1.56258527e-02 
 4.38001748e+02 -1.07330826e-02  4.38001748e+02  1.43068329e-02 
 4.43074250e+02 -1.07329216e-02  4.43074250e+02  1.29897098e-02 
 4.48205497e+02 -1.07327626e-02  4.48205497e+02  1.16743089e-02 
 4.53396168e+02 -1.07326056e-02  4.53396168e+02  1.03604557e-02 
 4.58646954e+02 -1.07324504e-02  4.58646954e+02  9.04797617e-03 
 4.63958548e+02 -1.07322970e-02  4.63958548e+02  7.73669615e-03 
 4.69331656e+02 -1.07321453e-02  4.69331656e+02  6.42644184e-03 
 4.74766990e+02 -1.07319951e-02  4.74766990e+02  5.11703950e-03 
 4.80265271e+02 -1.07318466e-02  4.80265271e+02  3.80831554e-03 
 4.85827227e+02 -1.07316994e-02  4.85827227e+02  2.50009644e-03 
 4.91453597e+02 -1.07315536e-02  4.91453597e+02  1.19220875e-03 
 4.97145125e+02 -1.07314092e-02  4.97145125e+02 -1.15520947e-04 
 5.02902567e+02 -1.07312659e-02  5.02902567e+02 -1.42326602e-03 
 5.08726686e+02 -1.07311238e-02  5.08726686e+02 -2.73119987e-03 
 5.14618255e+02 -1.07309827e-02  5.14618255e+02 -4.03949590e-03 
 5.20578053e+02 -1.07308427e-02  5.20578053e+02 -5.34832757e-03 
 5.26606872e+02 -1.07307035e-02  5.26606872e+02 -6.65786841e-03 
 5.32705511e+02 -1.07305652e-02  5.32705511e+02 -7.96829206e-03 
 5.38874778e+02 -1.07304277e-02  5.38874778e+02 -9.27977225e-03 
 5.45115492e+02 -1.07302908e-02  5.45115492e+02 -1.05924829e-02 
 5.51428479e+02 -1.07301546e-02  5.51428479e+02 -1.19065979e-02 
 5.57814577e+02 -1.07300189e-02  5.57814577e+02 -1.32222917e-02 
 5.64274633e+02 -1.07298838e-02  5.64274633e+02 -1.45397387e-02 
 5.70809503e+02 -1.07297490e-02  5.70809503e+02 -1.58591134e-02 
 5.77420053e+02 -1.07296145e-02  5.77420053e+02 -1.71805909e-02 
 5.84107159e+02 -1.07294804e-02  5.84107159e+02 -1.85043464e-02 
 5.90871709e+02 -1.07293464e-02  5.90871709e+02 -1.98305553e-02 
 5.97714600e+02 -1.07292125e-02  5.97714600e+02 -2.11593935e-02 
 6.04636738e+02 -1.07290787e-02  6.04636738e+02 -2.24910373e-02 
 6.11639042e+02 -1.07289449e-02  6.11639042e+02 -2.38256630e-02 
 6.18722439e+02 -1.07288110e-02  6.18722439e+02 -2.51634478e-02 
 6.25887869e+02 -1.07286769e-02  6.25887869e+02 -2.65045689e-02 
 6.33136282e+02 -1.07285426e-02  6.33136282e+02 -2.78492043e-02 
 6.40468639e+02 -1.07284080e-02  6.40468639e+02 -2.91975321e-02 
 6.47885912e+02 -1.07282730e-02  6.47885912e+02 -3.05497311e-02 
 6.55389084e+02 -1.07281375e-02  6.55389084e+02 -3.19059806e-02 
 6.62979151e+02 -1.07280016e-02  6.62979151e+02 -3.32664605e-02 
 6.70657118e+02 -1.07278651e-02  6.70657118e+02 -3.46313511e-02 
 6.78424004e+02 -1.07277278e-02  6.78424004e+02 -3.60008334e-02 
 6.86280839e+02 -1.07275899e-02  6.86280839e+02 -3.73750890e-02 
 6.94228663e+02 -1.07274512e-02  6.94228663e+02 -3.87543000e-02 
 7.02268532e+02 -1.07273115e-02  7.02268532e+02 -4.01386494e-02 
 7.10401510e+02 -1.07271709e-02  7.10401510e+02 -4.15283206e-02 
 7.18628676e+02 -1.07270293e-02  7.18628676e+02 -4.29234980e-02 
 7.26951121e+02 -1.07268866e-02  7.26951121e+02 -4.43243665e-02 
 7.35369948e+02 -1.07267427e-02  7.35369948e+02 -4.57311119e-02 
 7.43886274e+02 -1.07265975e-02  7.43886274e+02 -4.71439206e-02 
 7.52501228e+02 -1.07264510e-02  7.52501228e+02 -4.85629800e-02 
 7.61215951e+02 -1.07263031e-02  7.61215951e+02 -4.99884782e-02 
 7.70031600e+02 -1.07261537e-02  7.70031600e+02 -5.14206043e-02 
 7.78949343e+02 -1.07260027e-02  7.78949343e+02 -5.28595482e-02 
 7.87970362e+02 -1.07258501e-02  7.87970362e+02 -5.43055005e-02 
 7.97095854e+02 -1.07256958e-02  7.97095854e+02 -5.57586531e-02 
 8.06327028e+02 -1.07255396e-02  8.06327028e+02 -5.72191985e-02 
 8.15665108e+02 -1.07253815e-02  8.15665108e+02 -5.86873306e-02 
 8.25111333e+02 -1.07252215e-02  8.25111333e+02 -6.01632438e-02 
 8.34666955e+02 -1.07250594e-02  8.34666955e+02 -6.16471339e-02 
 8.44333240e+02 -1.07248951e-02  8.44333240e+02 -6.31391977e-02 
 8.54111471e+02 -1.07247286e-02  8.54111471e+02 -6.46396330e-02 
 8.64002944e+02 -1.07245598e-02  8.64002944e+02 -6.61486386e-02 
 8.74008970e+02 -1.07243886e-02  8.74008970e+02 -6.76664148e-02 
 8.84130875e+02 -1.07242148e-02  8.84130875e+02 -6.91931627e-02 
 8.94370003e+02 -1.07240385e-02  8.94370003e+02 -7.07290848e-02 
 9.04727710e+02 -1.07238594e-02  9.04727710e+02 -7.22743847e-02 
 9.15205369e+02 -1.07236776e-02  9.15205369e+02 -7.38292672e-02 
 9.25804371e+02 -1.07234929e-02  9.25804371e+02 -7.53939387e-02 
 9.36526119e+02 -1.07233052e-02  9.36526119e+02 -7.69686065e-02 
 9.47372037e+02 -1.07231145e-02  9.47372037e+02 -7.85534794e-02 
 9.58343561e+02 -1.07229205e-02  9.58343561e+02 -8.01487675e-02 
 9.69442146e+02 -1.07227233e-02  9.69442146e+02 -8.17546825e-02 
 9.80669264e+02 -1.07225227e-02  9.80669264e+02 -8.33714371e-02 
 9.92026404e+02 -1.07223185e-02  9.92026404e+02 -8.49992458e-02 
 1.00351507e+03 -1.07221108e-02  1.00351507e+03 -8.66383244e-02 
 1.01513679e+03 -1.07218994e-02  1.01513679e+03 -8.82888902e-02 
 1.02689310e+03 -1.07216841e-02  1.02689310e+03 -8.99511621e-02 
 1.03878555e+03 -1.07214649e-02  1.03878555e+03 -9.16253605e-02 
 1.05081574e+03 -1.07212416e-02  1.05081574e+03 -9.33117073e-02 
 1.06298524e+03 -1.07210142e-02  1.06298524e+03 -9.50104262e-02 
 1.07529569e+03 -1.07207825e-02  1.07529569e+03 -9.67217425e-02 
 1.08774869e+03 -1.07205463e-02  1.08774869e+03 -9.84458829e-02 
 1.10034592e+03 -1.07203056e-02  1.10034592e+03 -1.00183076e-01 
 1.11308904e+03 -1.07200603e-02  1.11308904e+03 -1.01933553e-01 
 1.12597973e+03 -1.07198101e-02  1.12597973e+03 -1.03697544e-01 
 1.13901971e+03 -1.07195550e-02  1.13901971e+03 -1.05475285e-01 
 1.15221071e+03 -1.07192948e-02  1.15221071e+03 -1.07267011e-01 
 1.16555447e+03 -1.07190294e-02  1.16555447e+03 -1.09072959e-01 
 1.17905277e+03 -1.07187587e-02  1.17905277e+03 -1.10893369e-01 
 1.19270739e+03 -1.07184825e-02  1.19270739e+03 -1.12728482e-01 
 1.20652015e+03 -1.07182006e-02  1.20652015e+03 -1.14578542e-01 
 1.22049287e+03 -1.07179130e-02  1.22049287e+03 -1.16443794e-01 
 1.23462740e+03 -1.07176194e-02  1.23462740e+03 -1.18324485e-01 
 1.24892564e+03 -1.07173197e-02  1.24892564e+03 -1.20220865e-01 
 1.26338945e+03 -1.07170138e-02  1.26338945e+03 -1.22133185e-01 
 1.27802078e+03 -1.07167014e-02  1.27802078e+03 -1.24061698e-01 
 1.29282155e+03 -1.07163825e-02  1.29282155e+03 -1.26006661e-01 
 1.30779373e+03 -1.07160568e-02  1.30779373e+03 -1.27968331e-01 
 1.32293930e+03 -1.07157242e-02  1.32293930e+03 -1.29946968e-01 
 1.33826027e+03 -1.07153845e-02  1.33826027e+03 -1.31942835e-01 
 1.35375867e+03 -1.07150375e-02  1.35375867e+03 -1.33956197e-01 
 1.36943656e+03 -1.07146830e-02  1.36943656e+03 -1.35987319e-01 
 1.38529602e+03 -1.07143209e-02  1.38529602e+03 -1.38036473e-01 
 1.40133915e+03 -1.07139510e-02  1.40133915e+03 -1.40103929e-01 
 1.41756807e+03 -1.07135730e-02  1.41756807e+03 -1.42189961e-01 
 1.43398494e+03 -1.07131867e-02  1.43398494e+03 -1.44294846e-01 
 1.45059193e+03 -1.07127920e-02  1.45059193e+03 -1.46418864e-01 
 1.46739125e+03 -1.07123887e-02  1.46739125e+03 -1.48562296e-01 
 1.48438512e+03 -1.07119765e-02  1.48438512e+03 -1.50725425e-01 
 1.50157580e+03 -1.07115552e-02  1.50157580e+03 -1.52908540e-01 
 1.51896556e+03 -1.07111246e-02  1.51896556e+03 -1.55111929e-01 
 1.53655671e+03 -1.07106844e-02  1.53655671e+03 -1.57335885e-01 
 1.55435159e+03 -1.07102345e-02  1.55435159e+03 -1.59580702e-01 
 1.57235255e+03 -1.07097746e-02  1.57235255e+03 -1.61846678e-01 
 1.59056198e+03 -1.07093044e-02  1.59056198e+03 -1.64134114e-01 
 1.60898229e+03 -1.07088237e-02  1.60898229e+03 -1.66443313e-01 
 1.62761593e+03 -1.07083323e-02  1.62761593e+03 -1.68774581e-01 
 1.64646536e+03 -1.07078298e-02  1.64646536e+03 -1.71128228e-01 
 1.66553309e+03 -1.07073160e-02  1.66553309e+03 -1.73504565e-01 
 1.68482165e+03 -1.07067907e-02  1.68482165e+03 -1.75903907e-01 
 1.70433358e+03 -1.07062536e-02  1.70433358e+03 -1.78326573e-01 
 1.72407148e+03 -1.07057043e-02  1.72407148e+03 -1.80772885e-01 
 1.74403797e+03 -1.07051426e-02  1.74403797e+03 -1.83243165e-01 
 1.76423569e+03 -1.07045682e-02  1.76423569e+03 -1.85737743e-01 
 1.78466732e+03 -1.07039808e-02  1.78466732e+03 -1.88256948e-01 
 1.80533557e+03 -1.07033800e-02  1.80533557e+03 -1.90801115e-01 
 1.82624317e+03 -1.07027656e-02  1.82624317e+03 -1.93370582e-01 
 1.84739291e+03 -1.07021373e-02  1.84739291e+03 -1.95965688e-01 
 1.86878759e+03 -1.07014946e-02  1.86878759e+03 -1.98586779e-01 
 1.89043003e+03 -1.07008373e-02  1.89043003e+03 -2.01234201e-01 
 1.91232312e+03 -1.07001650e-02  1.91232312e+03 -2.03908306e-01 
 1.93446975e+03 -1.06994774e-02  1.93446975e+03 -2.06609448e-01 
 1.95687286e+03 -1.06987740e-02  1.95687286e+03 -2.09337987e-01 
 1.97953542e+03 -1.06980545e-02  1.97953542e+03 -2.12094282e-01 
 2.00246044e+03 -1.06973186e-02  2.00246044e+03 -2.14878701e-01 
 2.02565095e+03 -1.06965658e-02  2.02565095e+03 -2.17691612e-01 
 2.04911003e+03 -1.06957958e-02  2.04911003e+03 -2.20533388e-01 
 2.07284080e+03 -1.06950081e-02  2.07284080e+03 -2.23404406e-01 
 2.09684638e+03 -1.06942023e-02  2.09684638e+03 -2.26305047e-01 
 2.12112998e+03 -1.06933780e-02  2.12112998e+03 -2.29235696e-01 
 2.14569480e+03 -1.06925348e-02  2.14569480e+03 -2.32196742e-01 
 2.17054412e+03 -1.06916721e-02  2.17054412e+03 -2.35188576e-01 
 2.19568121e+03 -1.06907896e-02  2.19568121e+03 -2.38211596e-01 
 2.22110941e+03 -1.06898868e-02  2.22110941e+03 -2.41266203e-01 
 2.24683210e+03 -1.06889632e-02  2.24683210e+03 -2.44352802e-01 
 2.27285268e+03 -1.06880183e-02  2.27285268e+03 -2.47471801e-01 
 2.29917461e+03 -1.06870517e-02  2.29917461e+03 -2.50623616e-01 
 2.32580137e+03 -1.06860627e-02  2.32580137e+03 -2.53808664e-01 
 2.35273649e+03 -1.06850509e-02  2.35273649e+03 -2.57027367e-01 
 2.37998356e+03 -1.06840157e-02  2.37998356e+03 -2.60280152e-01 
 2.40754617e+03 -1.06829566e-02  2.40754617e+03 -2.63567451e-01 
 2.43542798e+03 -1.06818731e-02  2.43542798e+03 -2.66889699e-01 
 2.46363269e+03 -1.06807645e-02  2.46363269e+03 -2.70247338e-01 
 2.49216405e+03 -1.06796303e-02  2.49216405e+03 -2.73640813e-01 
 2.52102582e+03 -1.06784698e-02  2.52102582e+03 -2.77070573e-01 
 2.55022184e+03 -1.06772825e-02  2.55022184e+03 -2.80537074e-01 
 2.57975598e+03 -1.06760678e-02  2.57975598e+03 -2.84040775e-01 
 2.60963216e+03 -1.06748249e-02  2.60963216e+03 -2.87582141e-01 
 2.63985434e+03 -1.06735532e-02  2.63985434e+03 -2.91161643e-01 
 2.67042651e+03 -1.06722521e-02  2.67042651e+03 -2.94779754e-01 
 2.70135274e+03 -1.06709208e-02  2.70135274e+03 -2.98436955e-01 
 2.73263713e+03 -1.06695587e-02  2.73263713e+03 -3.02133730e-01 
 2.76428383e+03 -1.06681650e-02  2.76428383e+03 -3.05870571e-01 
 2.79629703e+03 -1.06667390e-02  2.79629703e+03 -3.09647973e-01 
 2.82868097e+03 -1.06652799e-02  2.82868097e+03 -3.13466436e-01 
 2.86143995e+03 -1.06637870e-02  2.86143995e+03 -3.17326468e-01 
 2.89457831e+03 -1.06622595e-02  2.89457831e+03 -3.21228580e-01 
 2.92810044e+03 -1.06606965e-02  2.92810044e+03 -3.25173291e-01 
 2.96201080e+03 -1.06590973e-02  2.96201080e+03 -3.29161123e-01 
 2.99631387e+03 -1.06574610e-02  2.99631387e+03 -3.33192605e-01 
 3.03101421e+03 -1.06557867e-02  3.03101421e+03 -3.37268273e-01 
 3.06611641e+03 -1.06540735e-02  3.06611641e+03 -3.41388666e-01 
 3.10162514e+03 -1.06523206e-02  3.10162514e+03 -3.45554332e-01 
 3.13754508e+03 -1.06505269e-02  3.13754508e+03 -3.49765824e-01 
 3.17388102e+03 -1.06486916e-02  3.17388102e+03 -3.54023699e-01 
 3.21063777e+03 -1.06468137e-02  3.21063777e+03 -3.58328523e-01 
 3.24782019e+03 -1.06448921e-02  3.24782019e+03 -3.62680868e-01 
 3.28543323e+03 -1.06429260e-02  3.28543323e+03 -3.67081309e-01 
 3.32348186e+03 -1.06409141e-02  3.32348186e+03 -3.71530432e-01 
 3.36197113e+03 -1.06388555e-02  3.36197113e+03 -3.76028827e-01 
 3.40090615e+03 -1.06367491e-02  3.40090615e+03 -3.80577090e-01 
 3.44029207e+03 -1.06345937e-02  3.44029207e+03 -3.85175825e-01 
 3.48013412e+03 -1.06323882e-02  3.48013412e+03 -3.89825642e-01 
 3.52043759e+03 -1.06301315e-02  3.52043759e+03 -3.94527158e-01 
 3.56120781e+03 -1.06278224e-02  3.56120781e+03 -3.99280997e-01 
 3.60245019e+03 -1.06254595e-02  3.60245019e+03 -4.04087790e-01 
 3.64417019e+03 -1.06230418e-02  3.64417019e+03 -4.08948175e-01 
 3.68637336e+03 -1.06205678e-02  3.68637336e+03 -4.13862796e-01 
 3.72906528e+03 -1.06180363e-02  3.72906528e+03 -4.18832306e-01 
 3.77225162e+03 -1.06154460e-02  3.77225162e+03 -4.23857364e-01 
 3.81593810e+03 -1.06127954e-02  3.81593810e+03 -4.28938637e-01 
 3.86013052e+03 -1.06100832e-02  3.86013052e+03 -4.34076800e-01 
 3.90483472e+03 -1.06073080e-02  3.90483472e+03 -4.39272534e-01 
 3.95005665e+03 -1.06044682e-02  3.95005665e+03 -4.44526529e-01 
 3.99580229e+03 -1.06015623e-02  3.99580229e+03 -4.49839482e-01 
 4.04207771e+03 -1.05985890e-02  4.04207771e+03 -4.55212098e-01 
 4.08888905e+03 -1.05955464e-02  4.08888905e+03 -4.60645091e-01 
 4.13624251e+03 -1.05924331e-02  4.13624251e+03 -4.66139182e-01 
 4.18414437e+03 -1.05892474e-02  4.18414437e+03 -4.71695099e-01 
 4.23260098e+03 -1.05859876e-02  4.23260098e+03 -4.77313581e-01 
 4.28161877e+03 -1.05826520e-02  4.28161877e+03 -4.82995373e-01 
 4.33120424e+03 -1.05792389e-02  4.33120424e+03 -4.88741229e-01 
 4.38136395e+03 -1.05757463e-02  4.38136395e+03 -4.94551912e-01 
 4.43210457e+03 -1.05721725e-02  4.43210457e+03 -5.00428193e-01 
 4.48343281e+03 -1.05685156e-02  4.48343281e+03 -5.06370853e-01 
 4.53535548e+03 -1.05647736e-02  4.53535548e+03 -5.12380681e-01 
 4.58787948e+03 -1.05609446e-02  4.58787948e+03 -5.18458474e-01 
 4.64101175e+03 -1.05570266e-02  4.64101175e+03 -5.24605039e-01 
 4.69475935e+03 -1.05530174e-02  4.69475935e+03 -5.30821192e-01 
 4.74912940e+03 -1.05489149e-02  4.74912940e+03 -5.37107760e-01 
 4.80412911e+03 -1.05447171e-02  4.80412911e+03 -5.43465576e-01 
 4.85976577e+03 -1.05404215e-02  4.85976577e+03 -5.49895484e-01 
 4.91604676e+03 -1.05360261e-02  4.91604676e+03 -5.56398340e-01 
 4.97297954e+03 -1.05315285e-02  4.97297954e+03 -5.62975005e-01 
 5.03057166e+03 -1.05269262e-02  5.03057166e+03 -5.69626354e-01 
 5.08883076e+03 -1.05222169e-02  5.08883076e+03 -5.76353269e-01 
 5.14776455e+03 -1.05173981e-02  5.14776455e+03 -5.83156645e-01 
 5.20738086e+03 -1.05124672e-02  5.20738086e+03 -5.90037385e-01 
 5.26768758e+03 -1.05074216e-02  5.26768758e+03 -5.96996402e-01 
 5.32869272e+03 -1.05022587e-02  5.32869272e+03 -6.04034621e-01 
 5.39040436e+03 -1.04969757e-02  5.39040436e+03 -6.11152978e-01 
 5.45283068e+03 -1.04915698e-02  5.45283068e+03 -6.18352417e-01 
 5.51597996e+03 -1.04860382e-02  5.51597996e+03 -6.25633894e-01 
 5.57986057e+03 -1.04803779e-02  5.57986057e+03 -6.32998379e-01 
 5.64448099e+03 -1.04745861e-02  5.64448099e+03 -6.40446848e-01 
 5.70984977e+03 -1.04686595e-02  5.70984977e+03 -6.47980291e-01 
 5.77597559e+03 -1.04625951e-02  5.77597559e+03 -6.55599710e-01 
 5.84286722e+03 -1.04563897e-02  5.84286722e+03 -6.63306116e-01 
 5.91053351e+03 -1.04500400e-02  5.91053351e+03 -6.71100534e-01 
 5.97898345e+03 -1.04435426e-02  5.97898345e+03 -6.78984000e-01 
 6.04822611e+03 -1.04368942e-02  6.04822611e+03 -6.86957561e-01 
 6.11827067e+03 -1.04300912e-02  6.11827067e+03 -6.95022277e-01 
 6.18912642e+03 -1.04231300e-02  6.18912642e+03 -7.03179220e-01 
 6.26080275e+03 -1.04160069e-02  6.26080275e+03 -7.11429474e-01 
 6.33330916e+03 -1.04087183e-02  6.33330916e+03 -7.19774136e-01 
 6.40665527e+03 -1.04012602e-02  6.40665527e+03 -7.28214315e-01 
 6.48085080e+03 -1.03936287e-02  6.48085080e+03 -7.36751133e-01 
 6.55590559e+03 -1.03858198e-02  6.55590559e+03 -7.45385726e-01 
 6.63182959e+03 -1.03778294e-02  6.63182959e+03 -7.54119241e-01 
 6.70863287e+03 -1.03696533e-02  6.70863287e+03 -7.62952839e-01 
 6.78632561e+03 -1.03612871e-02  6.78632561e+03 -7.71887695e-01 
 6.86491811e+03 -1.03527265e-02  6.86491811e+03 -7.80924998e-01 
 6.94442078e+03 -1.03439669e-02  6.94442078e+03 -7.90065949e-01 
 7.02484418e+03 -1.03350037e-02  7.02484418e+03 -7.99311764e-01 
 7.10619897e+03 -1.03258322e-02  7.10619897e+03 -8.08663674e-01 
 7.18849592e+03 -1.03164476e-02  7.18849592e+03 -8.18122921e-01 
 7.27174595e+03 -1.03068449e-02  7.27174595e+03 -8.27690765e-01 
 7.35596011e+03 -1.02970191e-02  7.35596011e+03 -8.37368478e-01 
 7.44114955e+03 -1.02869650e-02  7.44114955e+03 -8.47157348e-01 
 7.52732557e+03 -1.02766773e-02  7.52732557e+03 -8.57058679e-01 
 7.61449959e+03 -1.02661506e-02  7.61449959e+03 -8.67073786e-01 
 7.70268318e+03 -1.02553794e-02  7.70268318e+03 -8.77204004e-01 
 7.79188802e+03 -1.02443579e-02  7.79188802e+03 -8.87450681e-01 
 7.88212595e+03 -1.02330804e-02  7.88212595e+03 -8.97815180e-01 
 7.97340892e+03 -1.02215410e-02  7.97340892e+03 -9.08298882e-01 
 8.06574904e+03 -1.02097336e-02  8.06574904e+03 -9.18903183e-01 
 8.15915855e+03 -1.01976520e-02  8.15915855e+03 -9.29629493e-01 
 8.25364983e+03 -1.01852899e-02  8.25364983e+03 -9.40479243e-01 
 8.34923543e+03 -1.01726407e-02  8.34923543e+03 -9.51453876e-01 
 8.44592800e+03 -1.01596977e-02  8.44592800e+03 -9.62554855e-01 
 8.54374036e+03 -1.01464543e-02  8.54374036e+03 -9.73783658e-01 
 8.64268550e+03 -1.01329035e-02  8.64268550e+03 -9.85141781e-01 
 8.74277651e+03 -1.01190381e-02  8.74277651e+03 -9.96630737e-01 
 8.84402669e+03 -1.01048508e-02  8.84402669e+03 -1.00825206e+00 
 8.94644944e+03 -1.00903343e-02  8.94644944e+03 -1.02000729e+00 
 9.05005835e+03 -1.00754809e-02  9.05005835e+03 -1.03189801e+00 
 9.15486716e+03 -1.00602828e-02  9.15486716e+03 -1.04392579e+00 
 9.26088975e+03 -1.00447321e-02  9.26088975e+03 -1.05609223e+00 
 9.36814020e+03 -1.00288205e-02  9.36814020e+03 -1.06839897e+00 
 9.47663271e+03 -1.00125399e-02  9.47663271e+03 -1.08084764e+00 
 9.58638168e+03 -9.99588155e-03  9.58638168e+03 -1.09343991e+00 
 9.69740165e+03 -9.97883683e-03  9.69740165e+03 -1.10617744e+00 
 9.80970735e+03 -9.96139681e-03  9.80970735e+03 -1.11906195e+00 
 9.92331366e+03 -9.94355236e-03  9.92331366e+03 -1.13209514e+00 
 1.00382356e+04 -9.92529413e-03  1.00382356e+04 -1.14527877e+00 
 1.01544885e+04 -9.90661259e-03  1.01544885e+04 -1.15861458e+00 
 1.02720878e+04 -9.88749797e-03  1.02720878e+04 -1.17210437e+00 
 1.03910489e+04 -9.86794026e-03  1.03910489e+04 -1.18574992e+00 
 1.05113877e+04 -9.84792927e-03  1.05113877e+04 -1.19955307e+00 
 1.06331202e+04 -9.82745453e-03  1.06331202e+04 -1.21351565e+00 
 1.07562625e+04 -9.80650536e-03  1.07562625e+04 -1.22763953e+00 
 1.08808308e+04 -9.78507082e-03  1.08808308e+04 -1.24192660e+00 
 1.10068418e+04 -9.76313973e-03  1.10068418e+04 -1.25637877e+00 
 1.11343122e+04 -9.74070065e-03  1.11343122e+04 -1.27099797e+00 
 1.12632587e+04 -9.71774189e-03  1.12632587e+04 -1.28578614e+00 
 1.13936986e+04 -9.69425148e-03  1.13936986e+04 -1.30074528e+00 
 1.15256492e+04 -9.67021719e-03  1.15256492e+04 -1.31587738e+00 
 1.16591278e+04 -9.64562651e-03  1.16591278e+04 -1.33118446e+00 
 1.17941523e+04 -9.62046663e-03  1.17941523e+04 -1.34666857e+00 
 1.19307404e+04 -9.59472447e-03  1.19307404e+04 -1.36233178e+00 
 1.20689105e+04 -9.56838664e-03  1.20689105e+04 -1.37817619e+00 
 1.22086806e+04 -9.54143946e-03  1.22086806e+04 -1.39420392e+00 
 1.23500695e+04 -9.51386893e-03  1.23500695e+04 -1.41041712e+00 
 1.24930957e+04 -9.48566074e-03  1.24930957e+04 -1.42681795e+00 
 1.26377784e+04 -9.45680024e-03  1.26377784e+04 -1.44340862e+00 
 1.27841366e+04 -9.42727246e-03  1.27841366e+04 -1.46019135e+00 
 1.29321898e+04 -9.39706211e-03  1.29321898e+04 -1.47716838e+00 
 1.30819576e+04 -9.36615352e-03  1.30819576e+04 -1.49434199e+00 
 1.32334599e+04 -9.33453069e-03  1.32334599e+04 -1.51171448e+00 
 1.33867167e+04 -9.30217726e-03  1.33867167e+04 -1.52928819e+00 
 1.35417484e+04 -9.26907649e-03  1.35417484e+04 -1.54706547e+00 
 1.36985755e+04 -9.23521126e-03  1.36985755e+04 -1.56504870e+00 
 1.38572188e+04 -9.20056409e-03  1.38572188e+04 -1.58324031e+00 
 1.40176994e+04 -9.16511709e-03  1.40176994e+04 -1.60164272e+00 
 1.41800385e+04 -9.12885195e-03  1.41800385e+04 -1.62025842e+00 
 1.43442576e+04 -9.09174999e-03  1.43442576e+04 -1.63908991e+00 
 1.45103786e+04 -9.05379209e-03  1.45103786e+04 -1.65813971e+00 
 1.46784234e+04 -9.01495870e-03  1.46784234e+04 -1.67741038e+00 
 1.48484144e+04 -8.97522983e-03  1.48484144e+04 -1.69690452e+00 
 1.50203740e+04 -8.93458505e-03  1.50203740e+04 -1.71662475e+00 
 1.51943251e+04 -8.89300349e-03  1.51943251e+04 -1.73657372e+00 
 1.53702907e+04 -8.85046378e-03  1.53702907e+04 -1.75675412e+00 
 1.55482942e+04 -8.80694411e-03  1.55482942e+04 -1.77716866e+00 
 1.57283591e+04 -8.76242216e-03  1.57283591e+04 -1.79782009e+00 
 1.59105094e+04 -8.71687513e-03  1.59105094e+04 -1.81871120e+00 
 1.60947691e+04 -8.67027970e-03  1.60947691e+04 -1.83984480e+00 
 1.62811628e+04 -8.62261204e-03  1.62811628e+04 -1.86122374e+00 
 1.64697151e+04 -8.57384780e-03  1.64697151e+04 -1.88285090e+00 
 1.66604510e+04 -8.52396209e-03  1.66604510e+04 -1.90472921e+00 
 1.68533958e+04 -8.47292945e-03  1.68533958e+04 -1.92686161e+00 
 1.70485751e+04 -8.42072389e-03  1.70485751e+04 -1.94925109e+00 
 1.72460148e+04 -8.36731882e-03  1.72460148e+04 -1.97190069e+00 
 1.74457411e+04 -8.31268709e-03  1.74457411e+04 -1.99481345e+00 
 1.76477804e+04 -8.25680094e-03  1.76477804e+04 -2.01799248e+00 
 1.78521595e+04 -8.19963201e-03  1.78521595e+04 -2.04144091e+00 
 1.80589055e+04 -8.14115129e-03  1.80589055e+04 -2.06516192e+00 
 1.82680458e+04 -8.08132919e-03  1.82680458e+04 -2.08915872e+00 
 1.84796082e+04 -8.02013543e-03  1.84796082e+04 -2.11343456e+00 
 1.86936208e+04 -7.95753908e-03  1.86936208e+04 -2.13799273e+00 
 1.89101117e+04 -7.89350855e-03  1.89101117e+04 -2.16283656e+00 
 1.91291099e+04 -7.82801155e-03  1.91291099e+04 -2.18796942e+00 
 1.93506443e+04 -7.76101511e-03  1.93506443e+04 -2.21339471e+00 
 1.95747443e+04 -7.69248553e-03  1.95747443e+04 -2.23911591e+00 
 1.98014396e+04 -7.62238838e-03  1.98014396e+04 -2.26513649e+00 
 2.00307602e+04 -7.55068851e-03  2.00307602e+04 -2.29145999e+00 
 2.02627366e+04 -7.47734998e-03  2.02627366e+04 -2.31809001e+00 
 2.04973996e+04 -7.40233611e-03  2.04973996e+04 -2.34503015e+00 
 2.07347801e+04 -7.32560943e-03  2.07347801e+04 -2.37228409e+00 
 2.09749098e+04 -7.24713165e-03  2.09749098e+04 -2.39985555e+00 
 2.12178204e+04 -7.16686369e-03  2.12178204e+04 -2.42774828e+00 
 2.14635442e+04 -7.08476562e-03  2.14635442e+04 -2.45596609e+00 
 2.17121137e+04 -7.00079666e-03  2.17121137e+04 -2.48451283e+00 
 2.19635619e+04 -6.91491519e-03  2.19635619e+04 -2.51339240e+00 
 2.22179221e+04 -6.82707869e-03  2.22179221e+04 -2.54260875e+00 
 2.24752280e+04 -6.73724375e-03  2.24752280e+04 -2.57216588e+00 
 2.27355138e+04 -6.64536605e-03  2.27355138e+04 -2.60206783e+00 
 2.29988140e+04 -6.55140035e-03  2.29988140e+04 -2.63231869e+00 
 2.32651635e+04 -6.45530044e-03  2.32651635e+04 -2.66292261e+00 
 2.35345976e+04 -6.35701917e-03  2.35345976e+04 -2.69388380e+00 
 2.38071520e+04 -6.25650841e-03  2.38071520e+04 -2.72520651e+00 
 2.40828628e+04 -6.15371903e-03  2.40828628e+04 -2.75689502e+00 
 2.43617666e+04 -6.04860087e-03  2.43617666e+04 -2.78895372e+00 
 2.46439005e+04 -5.94110276e-03  2.46439005e+04 -2.82138699e+00 
 2.49293017e+04 -5.83117247e-03  2.49293017e+04 -2.85419932e+00 
 2.52180082e+04 -5.71875671e-03  2.52180082e+04 -2.88739522e+00 
 2.55100581e+04 -5.60380109e-03  2.55100581e+04 -2.92097928e+00 
 2.58054904e+04 -5.48625014e-03  2.58054904e+04 -2.95495612e+00 
 2.61043440e+04 -5.36604725e-03  2.61043440e+04 -2.98933046e+00 
 2.64066586e+04 -5.24313467e-03  2.64066586e+04 -3.02410703e+00 
 2.67124744e+04 -5.11745349e-03  2.67124744e+04 -3.05929066e+00 
 2.70218318e+04 -4.98894365e-03  2.70218318e+04 -3.09488622e+00 
 2.73347718e+04 -4.85754386e-03  2.73347718e+04 -3.13089865e+00 
 2.76513361e+04 -4.72319164e-03  2.76513361e+04 -3.16733294e+00 
 2.79715664e+04 -4.58582327e-03  2.79715664e+04 -3.20419417e+00 
 2.82955054e+04 -4.44537377e-03  2.82955054e+04 -3.24148746e+00 
 2.86231959e+04 -4.30177690e-03  2.86231959e+04 -3.27921800e+00 
 2.89546814e+04 -4.15496515e-03  2.89546814e+04 -3.31739105e+00 
 2.92900058e+04 -4.00486968e-03  2.92900058e+04 -3.35601194e+00 
 2.96292136e+04 -3.85142033e-03  2.96292136e+04 -3.39508608e+00 
 2.99723498e+04 -3.69454561e-03  2.99723498e+04 -3.43461891e+00 
 3.03194599e+04 -3.53417266e-03  3.03194599e+04 -3.47461598e+00 
 3.06705898e+04 -3.37022726e-03  3.06705898e+04 -3.51508290e+00 
 3.10257862e+04 -3.20263376e-03  3.10257862e+04 -3.55602534e+00 
 3.13850961e+04 -3.03131513e-03  3.13850961e+04 -3.59744905e+00 
 3.17485672e+04 -2.85619291e-03  3.17485672e+04 -3.63935988e+00 
 3.21162476e+04 -2.67718718e-03  3.21162476e+04 -3.68176371e+00 
 3.24881861e+04 -2.49421656e-03  3.24881861e+04 -3.72466654e+00 
 3.28644321e+04 -2.30719820e-03  3.28644321e+04 -3.76807442e+00 
 3.32450354e+04 -2.11604776e-03  3.32450354e+04 -3.81199348e+00 
 3.36300464e+04 -1.92067938e-03  3.36300464e+04 -3.85642995e+00 
 3.40195163e+04 -1.72100569e-03  3.40195163e+04 -3.90139014e+00 
 3.44134966e+04 -1.51693776e-03  3.44134966e+04 -3.94688042e+00 
 3.48120396e+04 -1.30838514e-03  3.48120396e+04 -3.99290726e+00 
 3.52151982e+04 -1.09525580e-03  3.52151982e+04 -4.03947721e+00 
 3.56230257e+04 -8.77456148e-04  3.56230257e+04 -4.08659693e+00 
 3.60355763e+04 -6.54890992e-04  3.60355763e+04 -4.13427314e+00 
 3.64529046e+04 -4.27463554e-04  3.64529046e+04 -4.18251265e+00 
 3.68750660e+04 -1.95075450e-04  3.68750660e+04 -4.23132238e+00 
 3.73021165e+04  4.23733148e-05  3.73021165e+04 -4.28070934e+00 
 3.77341126e+04  2.84984358e-04  3.77341126e+04 -4.33068062e+00 
 3.81711117e+04  5.32860922e-04  3.81711117e+04 -4.38124341e+00 
 3.86131717e+04  7.86107878e-04  3.86131717e+04 -4.43240501e+00 
 3.90603512e+04  1.04483173e-03  3.90603512e+04 -4.48417280e+00 
 3.95127095e+04  1.30914063e-03  3.95127095e+04 -4.53655428e+00 
 3.99703065e+04  1.57914434e-03  3.99703065e+04 -4.58955703e+00 
 4.04332030e+04  1.85495428e-03  4.04332030e+04 -4.64318875e+00 
 4.09014603e+04  2.13668350e-03  4.09014603e+04 -4.69745725e+00 
 4.13751404e+04  2.42444666e-03  4.13751404e+04 -4.75237042e+00 
 4.18543063e+04  2.71836007e-03  4.18543063e+04 -4.80793629e+00 
 4.23390214e+04  3.01854162e-03  4.23390214e+04 -4.86416298e+00 
 4.28293500e+04  3.32511081e-03  4.28293500e+04 -4.92105873e+00 
 4.33253571e+04  3.63818876e-03  4.33253571e+04 -4.97863189e+00 
 4.38271084e+04  3.95789811e-03  4.38271084e+04 -5.03689093e+00 
 4.43346705e+04  4.28436308e-03  4.43346705e+04 -5.09584444e+00 
 4.48481108e+04  4.61770944e-03  4.48481108e+04 -5.15550113e+00 
 4.53674971e+04  4.95806443e-03  4.53674971e+04 -5.21586981e+00 
 4.58928985e+04  5.30555681e-03  4.58928985e+04 -5.27695946e+00 
 4.64243846e+04  5.66031677e-03  4.64243846e+04 -5.33877914e+00 
 4.69620258e+04  6.02247591e-03  4.69620258e+04 -5.40133806e+00 
 4.75058934e+04  6.39216724e-03  4.75058934e+04 -5.46464555e+00 
 4.80560596e+04  6.76952508e-03  4.80560596e+04 -5.52871110e+00 
 4.86125973e+04  7.15468507e-03  4.86125973e+04 -5.59354429e+00 
 4.91755802e+04  7.54778407e-03  4.91755802e+04 -5.65915487e+00 
 4.97450830e+04  7.94896016e-03  4.97450830e+04 -5.72555272e+00 
 5.03211813e+04  8.35835254e-03  5.03211813e+04 -5.79274786e+00 
 5.09039513e+04  8.77610147e-03  5.09039513e+04 -5.86075045e+00 
 5.14934704e+04  9.20234824e-03  5.14934704e+04 -5.92957081e+00 
 5.20898168e+04  9.63723504e-03  5.20898168e+04 -5.99921940e+00 
 5.26930694e+04  1.00809049e-02  5.26930694e+04 -6.06970683e+00 
 5.33033083e+04  1.05335018e-02  5.33033083e+04 -6.14104385e+00 
 5.39206144e+04  1.09951700e-02  5.39206144e+04 -6.21324141e+00 
 5.45450695e+04  1.14660547e-02  5.45450695e+04 -6.28631056e+00 
 5.51767564e+04  1.19463014e-02  5.51767564e+04 -6.36026257e+00 
 5.58157589e+04  1.24360561e-02  5.58157589e+04 -6.43510883e+00 
 5.64621617e+04  1.29354649e-02  5.64621617e+04 -6.51086091e+00 
 5.71160505e+04  1.34446740e-02  5.71160505e+04 -6.58753058e+00 
 5.77775120e+04  1.39638298e-02  5.77775120e+04 -6.66512973e+00 
 5.84466339e+04  1.44930782e-02  5.84466339e+04 -6.74367047e+00 
 5.91235049e+04  1.50325652e-02  5.91235049e+04 -6.82316507e+00 
 5.98082147e+04  1.55824359e-02  5.98082147e+04 -6.90362598e+00 
 6.05008542e+04  1.61428350e-02  6.05008542e+04 -6.98506585e+00 
 6.12015151e+04  1.67139065e-02  6.12015151e+04 -7.06749750e+00 
 6.19102904e+04  1.72957930e-02  6.19102904e+04 -7.15093394e+00 
 6.26272740e+04  1.78886362e-02  6.26272740e+04 -7.23538840e+00 
 6.33525610e+04  1.84925764e-02  6.33525610e+04 -7.32087429e+00 
 6.40862476e+04  1.91077519e-02  6.40862476e+04 -7.40740522e+00 
 6.48284310e+04  1.97342995e-02  6.48284310e+04 -7.49499501e+00 
 6.55792097e+04  2.03723536e-02  6.55792097e+04 -7.58365767e+00 
 6.63386831e+04  2.10220463e-02  6.63386831e+04 -7.67340745e+00 
 6.71069519e+04  2.16835071e-02  6.71069519e+04 -7.76425881e+00 
 6.78841182e+04  2.23568623e-02  6.78841182e+04 -7.85622640e+00 
 6.86702847e+04  2.30422351e-02  6.86702847e+04 -7.94932511e+00 
 6.94655559e+04  2.37397452e-02  6.94655559e+04 -8.04357008e+00 
 7.02700371e+04  2.44495081e-02  7.02700371e+04 -8.13897663e+00 
 7.10838351e+04  2.51716352e-02  7.10838351e+04 -8.23556035e+00 
 7.19070576e+04  2.59062332e-02  7.19070576e+04 -8.33333705e+00 
 7.27398139e+04  2.66534038e-02  7.27398139e+04 -8.43232279e+00 
 7.35822143e+04  2.74132431e-02  7.35822143e+04 -8.53253386e+00 
 7.44343706e+04  2.81858416e-02  7.44343706e+04 -8.63398681e+00 
 7.52963957e+04  2.89712831e-02  7.52963957e+04 -8.73669843e+00 
 7.61684039e+04  2.97696450e-02  7.61684039e+04 -8.84068578e+00 
 7.70505109e+04  3.05809973e-02  7.70505109e+04 -8.94596616e+00 
 7.79428335e+04  3.14054020e-02  7.79428335e+04 -9.05255716e+00 
 7.88454902e+04  3.22429133e-02  7.88454902e+04 -9.16047661e+00 
 7.97586005e+04  3.30935760e-02  7.97586005e+04 -9.26974261e+00 
 8.06822855e+04  3.39574258e-02  8.06822855e+04 -9.38037356e+00 
 8.16166678e+04  3.48344883e-02  8.16166678e+04 -9.49238813e+00 
 8.25618712e+04  3.57247784e-02  8.25618712e+04 -9.60580524e+00 
 8.35180209e+04  3.66282999e-02  8.35180209e+04 -9.72064415e+00 
 8.44852439e+04  3.75450443e-02  8.44852439e+04 -9.83692436e+00 
 8.54636682e+04  3.84749907e-02  8.54636682e+04 -9.95466569e+00 
 8.64534237e+04  3.94181047e-02  8.64534237e+04 -1.00738883e+01 
 8.74546416e+04  4.03743377e-02  8.74546416e+04 -1.01946125e+01 
 8.84674546e+04  4.13436261e-02  8.84674546e+04 -1.03168591e+01 
 8.94919970e+04  4.23258907e-02  8.94919970e+04 -1.04406491e+01 
 9.05284046e+04  4.33210356e-02  9.05284046e+04 -1.05660038e+01 
 9.15768148e+04  4.43289474e-02  9.15768148e+04 -1.06929449e+01 
 9.26373667e+04  4.53494943e-02  9.26373667e+04 -1.08214944e+01 
 9.37102009e+04  4.63825251e-02  9.37102009e+04 -1.09516746e+01 
 9.47954596e+04  4.74278684e-02  9.47954596e+04 -1.10835081e+01 
 9.58932866e+04  4.84853314e-02  9.58932866e+04 -1.12170178e+01 
 9.70038276e+04  4.95546989e-02  9.70038276e+04 -1.13522270e+01 
 9.81272298e+04  5.06357323e-02  9.81272298e+04 -1.14891595e+01 
 9.92636421e+04  5.17281684e-02  9.92636421e+04 -1.16278390e+01 
 1.00413215e+05  5.28317184e-02  1.00413215e+05 -1.17682900e+01 
 1.01576102e+05  5.39460666e-02  1.01576102e+05 -1.19105371e+01 
 1.02752455e+05  5.50708689e-02  1.02752455e+05 -1.20546053e+01 
 1.03942432e+05  5.62057524e-02  1.03942432e+05 -1.22005198e+01 
 1.05146191e+05  5.73503130e-02  1.05146191e+05 -1.23483066e+01 
 1.06363890e+05  5.85041149e-02  1.06363890e+05 -1.24979915e+01 
 1.07595691e+05  5.96666889e-02  1.07595691e+05 -1.26496009e+01 
 1.08841757e+05  6.08375310e-02  1.08841757e+05 -1.28031618e+01 
 1.10102255e+05  6.20161012e-02  1.10102255e+05 -1.29587011e+01 
 1.11377350e+05  6.32018215e-02  1.11377350e+05 -1.31162463e+01 
 1.12667212e+05  6.43940751e-02  1.12667212e+05 -1.32758254e+01 
 1.13972012e+05  6.55922040e-02  1.13972012e+05 -1.34374664e+01 
 1.15291923e+05  6.67955083e-02  1.15291923e+05 -1.36011981e+01 
 1.16627120e+05  6.80032440e-02  1.16627120e+05 -1.37670492e+01 
 1.17977779e+05  6.92146213e-02  1.17977779e+05 -1.39350491e+01 
 1.19344081e+05  7.04288035e-02  1.19344081e+05 -1.41052274e+01 
 1.20726206e+05  7.16449044e-02  1.20726206e+05 -1.42776141e+01 
 1.22124337e+05  7.28619874e-02  1.22124337e+05 -1.44522397e+01 
 1.23538660e+05  7.40790630e-02  1.23538660e+05 -1.46291347e+01 
 1.24969363e+05  7.52950875e-02  1.24969363e+05 -1.48083304e+01 
 1.26416634e+05  7.65089608e-02  1.26416634e+05 -1.49898581e+01 
 1.27880666e+05  7.77195247e-02  1.27880666e+05 -1.51737495e+01 
 1.29361653e+05  7.89255609e-02  1.29361653e+05 -1.53600369e+01 
 1.30859792e+05  8.01257890e-02  1.30859792e+05 -1.55487526e+01 
 1.32375280e+05  8.13188648e-02  1.32375280e+05 -1.57399295e+01 
 1.33908319e+05  8.25033781e-02  1.33908319e+05 -1.59336007e+01 
 1.35459113e+05  8.36778506e-02  1.35459113e+05 -1.61297996e+01 
 1.37027866e+05  8.48407342e-02  1.37027866e+05 -1.63285600e+01 
 1.38614787e+05  8.59904087e-02  1.38614787e+05 -1.65299160e+01 
 1.40220086e+05  8.71251798e-02  1.40220086e+05 -1.67339019e+01 
 1.41843976e+05  8.82432772e-02  1.41843976e+05 -1.69405525e+01 
 1.43486672e+05  8.93428524e-02  1.43486672e+05 -1.71499027e+01 
 1.45148393e+05  9.04219766e-02  1.45148393e+05 -1.73619878e+01 
 1.46829358e+05  9.14786389e-02  1.46829358e+05 -1.75768433e+01 
 1.48529790e+05  9.25107439e-02  1.48529790e+05 -1.77945050e+01 
 1.50249915e+05  9.35161098e-02  1.50249915e+05 -1.80150088e+01 
 1.51989960e+05  9.44924665e-02  1.51989960e+05 -1.82383911e+01 
 1.53750157e+05  9.54374533e-02  1.53750157e+05 -1.84646883e+01 
 1.55530739e+05  9.63486174e-02  1.55530739e+05 -1.86939371e+01 
 1.57331942e+05  9.72234112e-02  1.57331942e+05 -1.89261744e+01 
 1.59154005e+05  9.80591912e-02  1.59154005e+05 -1.91614372e+01 
 1.60997169e+05  9.88532154e-02  1.60997169e+05 -1.93997629e+01 
 1.62861678e+05  9.96026417e-02  1.62861678e+05 -1.96411886e+01 
 1.64747781e+05  1.00304527e-01  1.64747781e+05 -1.98857520e+01 
 1.66655726e+05  1.00955822e-01  1.66655726e+05 -2.01334907e+01 
 1.68585768e+05  1.01553376e-01  1.68585768e+05 -2.03844423e+01 
 1.70538161e+05  1.02093929e-01  1.70538161e+05 -2.06386446e+01 
 1.72513165e+05  1.02574111e-01  1.72513165e+05 -2.08961355e+01 
 1.74511042e+05  1.02990446e-01  1.74511042e+05 -2.11569527e+01 
 1.76532055e+05  1.03339344e-01  1.76532055e+05 -2.14211341e+01 
 1.78576475e+05  1.03617103e-01  1.78576475e+05 -2.16887176e+01 
 1.80644570e+05  1.03819906e-01  1.80644570e+05 -2.19597410e+01 
 1.82736617e+05  1.03943824e-01  1.82736617e+05 -2.22342419e+01 
 1.84852891e+05  1.03984809e-01  1.84852891e+05 -2.25122581e+01 
 1.86993674e+05  1.03938698e-01  1.86993674e+05 -2.27938269e+01 
 1.89159250e+05  1.03801210e-01  1.89159250e+05 -2.30789859e+01 
 1.91349905e+05  1.03567946e-01  1.91349905e+05 -2.33677721e+01 
 1.93565930e+05  1.03234389e-01  1.93565930e+05 -2.36602227e+01 
 1.95807618e+05  1.02795903e-01  1.95807618e+05 -2.39563742e+01 
 1.98075268e+05  1.02247732e-01  1.98075268e+05 -2.42562633e+01 
 2.00369179e+05  1.01585003e-01  2.00369179e+05 -2.45599261e+01 
 2.02689657e+05  1.00802721e-01  2.02689657e+05 -2.48673985e+01 
 2.05037007e+05  9.98957777e-02  2.05037007e+05 -2.51787160e+01 
 2.07411543e+05  9.88589424e-02  2.07411543e+05 -2.54939138e+01 
 2.09813578e+05  9.76868694e-02  2.09813578e+05 -2.58130264e+01 
 2.12243431e+05  9.63740966e-02  2.12243431e+05 -2.61360883e+01 
 2.14701424e+05  9.49150471e-02  2.14701424e+05 -2.64631331e+01 
 2.17187883e+05  9.33040299e-02  2.17187883e+05 -2.67941940e+01 
 2.19703138e+05  9.15352426e-02  2.19703138e+05 -2.71293038e+01 
 2.22247522e+05  8.96027721e-02  2.22247522e+05 -2.74684945e+01 
 2.24821372e+05  8.75005973e-02  2.24821372e+05 -2.78117975e+01 
 2.27425030e+05  8.52225912e-02  2.27425030e+05 -2.81592437e+01 
 2.30058842e+05  8.27625232e-02  2.30058842e+05 -2.85108630e+01 
 2.32723155e+05  8.01140621e-02  2.32723155e+05 -2.88666848e+01 
 2.35418324e+05  7.72707788e-02  2.35418324e+05 -2.92267378e+01 
 2.38144706e+05  7.42261499e-02  2.38144706e+05 -2.95910496e+01 
 2.40902662e+05  7.09735608e-02  2.40902662e+05 -2.99596471e+01 
 2.43692558e+05  6.75063094e-02  2.43692558e+05 -3.03325565e+01 
 2.46514763e+05  6.38176106e-02  2.46514763e+05 -3.07098027e+01 
 2.49369653e+05  5.99005997e-02  2.49369653e+05 -3.10914101e+01 
 2.52257605e+05  5.57483378e-02  2.52257605e+05 -3.14774017e+01 
 2.55179003e+05  5.13538155e-02  2.55179003e+05 -3.18677999e+01 
 2.58134233e+05  4.67099589e-02  2.58134233e+05 -3.22626256e+01 
 2.61123688e+05  4.18096341e-02  2.61123688e+05 -3.26618991e+01 
 2.64147764e+05  3.66456529e-02  2.64147764e+05 -3.30656392e+01 
 2.67206861e+05  3.12107784e-02  2.67206861e+05 -3.34738637e+01 
 2.70301386e+05  2.54977314e-02  2.70301386e+05 -3.38865894e+01 
 2.73431749e+05  1.94991959e-02  2.73431749e+05 -3.43038316e+01 
 2.76598365e+05  1.32078261e-02  2.76598365e+05 -3.47256047e+01 
 2.79801653e+05  6.61625248e-03  2.79801653e+05 -3.51519215e+01 
 2.83042038e+05 -2.82910817e-04  2.83042038e+05 -3.55827939e+01 
 2.86319950e+05 -7.49705931e-03  2.86319950e+05 -3.60182322e+01 
 2.89635824e+05 -1.50335908e-02  2.89635824e+05 -3.64582457e+01 
 2.92990099e+05 -2.28998979e-02  2.92990099e+05 -3.69028419e+01 
 2.96383220e+05 -3.11033605e-02  2.96383220e+05 -3.73520275e+01 
 2.99815637e+05 -3.96513381e-02  2.99815637e+05 -3.78058074e+01 
 3.03287805e+05 -4.85511615e-02  3.03287805e+05 -3.82641853e+01 
 3.06800183e+05 -5.78101251e-02  3.06800183e+05 -3.87271635e+01 
 3.10353239e+05 -6.74354787e-02  3.10353239e+05 -3.91947429e+01 
 3.13947443e+05 -7.74344188e-02  3.13947443e+05 -3.96669229e+01 
 3.17583271e+05 -8.78140805e-02  3.17583271e+05 -4.01437016e+01 
 3.21261205e+05 -9.85815288e-02  3.21261205e+05 -4.06250756e+01 
 3.24981734e+05 -1.09743750e-01  3.24981734e+05 -4.11110400e+01 
 3.28745351e+05 -1.21307644e-01  3.28745351e+05 -4.16015886e+01 
 3.32552554e+05 -1.33280014e-01  3.32552554e+05 -4.20967137e+01 
 3.36403848e+05 -1.45667557e-01  3.36403848e+05 -4.25964062e+01 
 3.40299744e+05 -1.58476860e-01  3.40299744e+05 -4.31006555e+01 
 3.44240758e+05 -1.71714386e-01  3.44240758e+05 -4.36094497e+01 
 3.48227413e+05 -1.85386465e-01  3.48227413e+05 -4.41227754e+01 
 3.52260238e+05 -1.99499292e-01  3.52260238e+05 -4.46406178e+01 
 3.56339767e+05 -2.14058911e-01  3.56339767e+05 -4.51629608e+01 
 3.60466541e+05 -2.29071209e-01  3.60466541e+05 -4.56897868e+01 
 3.64641107e+05 -2.44541909e-01  3.64641107e+05 -4.62210771e+01 
 3.68864019e+05 -2.60476560e-01  3.68864019e+05 -4.67568114e+01 
 3.73135837e+05 -2.76880531e-01  3.73135837e+05 -4.72969682e+01 
 3.77457126e+05 -2.93758998e-01  3.77457126e+05 -4.78415248e+01 
 3.81828460e+05 -3.11116943e-01  3.81828460e+05 -4.83904571e+01 
 3.86250419e+05 -3.28959141e-01  3.86250419e+05 -4.89437399e+01 
 3.90723589e+05 -3.47290152e-01  3.90723589e+05 -4.95013467e+01 
 3.95248562e+05 -3.66114319e-01  3.95248562e+05 -5.00632498e+01 
 3.99825939e+05 -3.85435757e-01  3.99825939e+05 -5.06294207e+01 
 4.04456327e+05 -4.05258345e-01  4.04456327e+05 -5.11998293e+01 
 4.09140339e+05 -4.25585723e-01  4.09140339e+05 -5.17744448e+01 
 4.13878597e+05 -4.46421283e-01  4.13878597e+05 -5.23532353e+01 
 4.18671729e+05 -4.67768163e-01  4.18671729e+05 -5.29361678e+01 
 4.23520370e+05 -4.89629244e-01  4.23520370e+05 -5.35232086e+01 
 4.28425163e+05 -5.12007140e-01  4.28425163e+05 -5.41143228e+01 
 4.33386759e+05 -5.34904198e-01  4.33386759e+05 -5.47094749e+01 
 4.38405814e+05 -5.58322486e-01  4.38405814e+05 -5.53086285e+01 
 4.43482996e+05 -5.82263798e-01  4.43482996e+05 -5.59117463e+01 
 4.48618977e+05 -6.06729641e-01  4.48618977e+05 -5.65187906e+01 
 4.53814437e+05 -6.31721236e-01  4.53814437e+05 -5.71297228e+01 
 4.59070066e+05 -6.57239513e-01  4.59070066e+05 -5.77445036e+01 
 4.64386560e+05 -6.83285109e-01  4.64386560e+05 -5.83630934e+01 
 4.69764625e+05 -7.09858364e-01  4.69764625e+05 -5.89854518e+01 
 4.75204974e+05 -7.36959319e-01  4.75204974e+05 -5.96115382e+01 
 4.80708327e+05 -7.64587713e-01  4.80708327e+05 -6.02413114e+01 
 4.86275414e+05 -7.92742983e-01  4.86275414e+05 -6.08747298e+01 
 4.91906974e+05 -8.21424264e-01  4.91906974e+05 -6.15117516e+01 
 4.97603753e+05 -8.50630383e-01  4.97603753e+05 -6.21523346e+01 
 5.03366507e+05 -8.80359864e-01  5.03366507e+05 -6.27964365e+01 
 5.09195999e+05 -9.10610923e-01  5.09195999e+05 -6.34440147e+01 
 5.15093002e+05 -9.41381474e-01  5.15093002e+05 -6.40950266e+01 
 5.21058299e+05 -9.72669124e-01  5.21058299e+05 -6.47494294e+01 
 5.27092679e+05 -1.00447118e+00  5.27092679e+05 -6.54071804e+01 
 5.33196944e+05 -1.03678463e+00  5.33196944e+05 -6.60682368e+01 
 5.39371903e+05 -1.06960619e+00  5.39371903e+05 -6.67325559e+01 
 5.45618374e+05 -1.10293226e+00  5.45618374e+05 -6.74000952e+01 
 5.51937185e+05 -1.13675894e+00  5.51937185e+05 -6.80708121e+01 
 5.58329174e+05 -1.17108205e+00  5.58329174e+05 -6.87446645e+01 
 5.64795189e+05 -1.20589710e+00  5.64795189e+05 -6.94216104e+01 
 5.71336088e+05 -1.24119933e+00  5.71336088e+05 -7.01016081e+01 
 5.77952736e+05 -1.27698369e+00  5.77952736e+05 -7.07846161e+01 
 5.84646012e+05 -1.31324485e+00  5.84646012e+05 -7.14705934e+01 
 5.91416802e+05 -1.34997722e+00  5.91416802e+05 -7.21594995e+01 
 5.98266006e+05 -1.38717490e+00  5.98266006e+05 -7.28512940e+01 
 6.05194529e+05 -1.42483177e+00  6.05194529e+05 -7.35459372e+01 
 6.12203293e+05 -1.46294143e+00  6.12203293e+05 -7.42433900e+01 
 6.19293224e+05 -1.50149721e+00  6.19293224e+05 -7.49436135e+01 
 6.26465265e+05 -1.54049221e+00  6.26465265e+05 -7.56465697e+01 
 6.33720365e+05 -1.57991929e+00  6.33720365e+05 -7.63522210e+01 
 6.41059486e+05 -1.61977105e+00  6.41059486e+05 -7.70605304e+01 
 6.48483601e+05 -1.66003988e+00  6.48483601e+05 -7.77714617e+01 
 6.55993696e+05 -1.70071794e+00  6.55993696e+05 -7.84849792e+01 
 6.63590765e+05 -1.74179716e+00  6.63590765e+05 -7.92010480e+01 
 6.71275815e+05 -1.78326928e+00  6.71275815e+05 -7.99196338e+01 
 6.79049866e+05 -1.82512583e+00  6.79049866e+05 -8.06407032e+01 
 6.86913949e+05 -1.86735812e+00  6.86913949e+05 -8.13642234e+01 
 6.94869105e+05 -1.90995730e+00  6.94869105e+05 -8.20901623e+01 
 7.02916391e+05 -1.95291434e+00  7.02916391e+05 -8.28184888e+01 
 7.11056872e+05 -1.99622000e+00  7.11056872e+05 -8.35491724e+01 
 7.19291628e+05 -2.03986493e+00  7.19291628e+05 -8.42821835e+01 
 7.27621750e+05 -2.08383956e+00  7.27621750e+05 -8.50174933e+01 
 7.36048344e+05 -2.12813422e+00  7.36048344e+05 -8.57550738e+01 
 7.44572527e+05 -2.17273908e+00  7.44572527e+05 -8.64948977e+01 
 7.53195428e+05 -2.21764417e+00  7.53195428e+05 -8.72369388e+01 
 7.61918191e+05 -2.26283941e+00  7.61918191e+05 -8.79811715e+01 
 7.70741972e+05 -2.30831459e+00  7.70741972e+05 -8.87275712e+01 
 7.79667942e+05 -2.35405940e+00  7.79667942e+05 -8.94761140e+01 
 7.88697283e+05 -2.40006342e+00  7.88697283e+05 -9.02267769e+01 
 7.97831193e+05 -2.44631617e+00  7.97831193e+05 -9.09795378e+01 
 8.07070883e+05 -2.49280704e+00  8.07070883e+05 -9.17343754e+01 
 8.16417578e+05 -2.53952540e+00  8.16417578e+05 -9.24912692e+01 
 8.25872518e+05 -2.58646050e+00  8.25872518e+05 -9.32501996e+01 
 8.35436955e+05 -2.63360159e+00  8.35436955e+05 -9.40111478e+01 
 8.45112157e+05 -2.68093783e+00  8.45112157e+05 -9.47740959e+01 
 8.54899409e+05 -2.72845837e+00  8.54899409e+05 -9.55390267e+01 
 8.64800006e+05 -2.77615231e+00  8.64800006e+05 -9.63059238e+01 
 8.74815263e+05 -2.82400875e+00  8.74815263e+05 -9.70747719e+01 
 8.84946506e+05 -2.87201676e+00  8.84946506e+05 -9.78455561e+01 
 8.95195080e+05 -2.92016542e+00  8.95195080e+05 -9.86182627e+01 
 9.05562342e+05 -2.96844382e+00  9.05562342e+05 -9.93928784e+01 
 9.16049667e+05 -3.01684105e+00  9.16049667e+05 -1.00169391e+02 
 9.26658447e+05 -3.06534624e+00  9.26658447e+05 -1.00947789e+02 
 9.37390086e+05 -3.11394854e+00  9.37390086e+05 -1.01728061e+02 
 9.48246009e+05 -3.16263716e+00  9.48246009e+05 -1.02510198e+02 
 9.59227655e+05 -3.21140134e+00  9.59227655e+05 -1.03294191e+02 
 9.70336479e+05 -3.26023040e+00  9.70336479e+05 -1.04080030e+02 
 9.81573954e+05 -3.30911371e+00  9.81573954e+05 -1.04867708e+02 
 9.92941571e+05 -3.35804074e+00  9.92941571e+05 -1.05657218e+02 
 1.00444084e+06 -3.40700103e+00  1.00444084e+06 -1.06448554e+02 
 1.01607327e+06 -3.45598421e+00  1.01607327e+06 -1.07241711e+02 
 1.02784043e+06 -3.50498003e+00  1.02784043e+06 -1.08036682e+02 
 1.03974386e+06 -3.55397836e+00  1.03974386e+06 -1.08833465e+02 
 1.05178514e+06 -3.60296915e+00  1.05178514e+06 -1.09632055e+02 
 1.06396587e+06 -3.65194253e+00  1.06396587e+06 -1.10432450e+02 
 1.07628767e+06 -3.70088874e+00  1.07628767e+06 -1.11234648e+02 
 1.08875217e+06 -3.74979817e+00  1.08875217e+06 -1.12038647e+02 
 1.10136102e+06 -3.79866138e+00  1.10136102e+06 -1.12844448e+02 
 1.11411589e+06 -3.84746907e+00  1.11411589e+06 -1.13652049e+02 
 1.12701847e+06 -3.89621214e+00  1.12701847e+06 -1.14461452e+02 
 1.14007049e+06 -3.94488166e+00  1.14007049e+06 -1.15272658e+02 
 1.15327365e+06 -3.99346889e+00  1.15327365e+06 -1.16085668e+02 
 1.16662972e+06 -4.04196527e+00  1.16662972e+06 -1.16900487e+02 
 1.18014047e+06 -4.09036249e+00  1.18014047e+06 -1.17717117e+02 
 1.19380769e+06 -4.13865241e+00  1.19380769e+06 -1.18535562e+02 
 1.20763319e+06 -4.18682715e+00  1.20763319e+06 -1.19355827e+02 
 1.22161880e+06 -4.23487904e+00  1.22161880e+06 -1.20177919e+02 
 1.23576638e+06 -4.28280065e+00  1.23576638e+06 -1.21001842e+02 
 1.25007780e+06 -4.33058482e+00  1.25007780e+06 -1.21827604e+02 
 1.26455496e+06 -4.37822461e+00  1.26455496e+06 -1.22655213e+02 
 1.27919978e+06 -4.42571339e+00  1.27919978e+06 -1.23484678e+02 
 1.29401421e+06 -4.47304477e+00  1.29401421e+06 -1.24316006e+02 
 1.30900020e+06 -4.52021265e+00  1.30900020e+06 -1.25149209e+02 
 1.32415974e+06 -4.56721122e+00  1.32415974e+06 -1.25984297e+02 
 1.33949485e+06 -4.61403498e+00  1.33949485e+06 -1.26821281e+02 
 1.35500755e+06 -4.66067872e+00  1.35500755e+06 -1.27660173e+02 
 1.37069990e+06 -4.70713755e+00  1.37069990e+06 -1.28500988e+02 
 1.38657399e+06 -4.75340692e+00  1.38657399e+06 -1.29343737e+02 
 1.40263192e+06 -4.79948257e+00  1.40263192e+06 -1.30188437e+02 
 1.41887581e+06 -4.84536062e+00  1.41887581e+06 -1.31035103e+02 
 1.43530782e+06 -4.89103753e+00  1.43530782e+06 -1.31883750e+02 
 1.45193013e+06 -4.93651009e+00  1.45193013e+06 -1.32734396e+02 
 1.46874495e+06 -4.98177548e+00  1.46874495e+06 -1.33587060e+02 
 1.48575450e+06 -5.02683125e+00  1.48575450e+06 -1.34441760e+02 
 1.50296103e+06 -5.07167533e+00  1.50296103e+06 -1.35298516e+02 
 1.52036684e+06 -5.11630603e+00  1.52036684e+06 -1.36157348e+02 
 1.53797422e+06 -5.16072207e+00  1.53797422e+06 -1.37018280e+02 
 1.55578551e+06 -5.20492257e+00  1.55578551e+06 -1.37881332e+02 
 1.57380308e+06 -5.24890708e+00  1.57380308e+06 -1.38746530e+02 
 1.59202931e+06 -5.29267556e+00  1.59202931e+06 -1.39613897e+02 
 1.61046661e+06 -5.33622840e+00  1.61046661e+06 -1.40483460e+02 
 1.62911744e+06 -5.37956646e+00  1.62911744e+06 -1.41355244e+02 
 1.64798426e+06 -5.42269103e+00  1.64798426e+06 -1.42229278e+02 
 1.66706959e+06 -5.46560386e+00  1.66706959e+06 -1.43105590e+02 
 1.68637593e+06 -5.50830720e+00  1.68637593e+06 -1.43984210e+02 
 1.70590587e+06 -5.55080374e+00  1.70590587e+06 -1.44865169e+02 
 1.72566198e+06 -5.59309670e+00  1.72566198e+06 -1.45748498e+02 
 1.74564689e+06 -5.63518978e+00  1.74564689e+06 -1.46634230e+02 
 1.76586324e+06 -5.67708721e+00  1.76586324e+06 -1.47522400e+02 
 1.78631372e+06 -5.71879373e+00  1.78631372e+06 -1.48413041e+02 
 1.80700103e+06 -5.76031461e+00  1.80700103e+06 -1.49306190e+02 
 1.82792793e+06 -5.80165567e+00  1.82792793e+06 -1.50201884e+02 
 1.84909717e+06 -5.84282331e+00  1.84909717e+06 -1.51100160e+02 
 1.87051159e+06 -5.88382447e+00  1.87051159e+06 -1.52001057e+02 
 1.89217400e+06 -5.92466668e+00  1.89217400e+06 -1.52904616e+02 
 1.91408728e+06 -5.96535807e+00  1.91408728e+06 -1.53810877e+02 
 1.93625434e+06 -6.00590736e+00  1.93625434e+06 -1.54719882e+02 
 1.95867812e+06 -6.04632391e+00  1.95867812e+06 -1.55631672e+02 
 1.98136159e+06 -6.08661770e+00  1.98136159e+06 -1.56546293e+02 
 2.00430776e+06 -6.12679936e+00  2.00430776e+06 -1.57463786e+02 
 2.02751966e+06 -6.16688016e+00  2.02751966e+06 -1.58384198e+02 
 2.05100039e+06 -6.20687208e+00  2.05100039e+06 -1.59307573e+02 
 2.07475304e+06 -6.24678776e+00  2.07475304e+06 -1.60233958e+02 
 2.09878077e+06 -6.28664056e+00  2.09878077e+06 -1.61163399e+02 
 2.12308677e+06 -6.32644453e+00  2.12308677e+06 -1.62095942e+02 
 2.14767426e+06 -6.36621448e+00  2.14767426e+06 -1.63031635e+02 
 2.17254649e+06 -6.40596595e+00  2.17254649e+06 -1.63970525e+02 
 2.19770677e+06 -6.44571526e+00  2.19770677e+06 -1.64912659e+02 
 2.22315843e+06 -6.48547949e+00  2.22315843e+06 -1.65858084e+02 
 2.24890485e+06 -6.52527651e+00  2.24890485e+06 -1.66806846e+02 
 2.27494944e+06 -6.56512500e+00  2.27494944e+06 -1.67758994e+02 
 2.30129565e+06 -6.60504448e+00  2.30129565e+06 -1.68714571e+02 
 2.32794697e+06 -6.64505528e+00  2.32794697e+06 -1.69673623e+02 
 2.35490695e+06 -6.68517859e+00  2.35490695e+06 -1.70636194e+02 
 2.38217915e+06 -6.72543645e+00  2.38217915e+06 -1.71602327e+02 
 2.40976718e+06 -6.76585178e+00  2.40976718e+06 -1.72572063e+02 
 2.43767472e+06 -6.80644839e+00  2.43767472e+06 -1.73545441e+02 
 2.46590545e+06 -6.84725098e+00  2.46590545e+06 -1.74522499e+02 
 2.49446313e+06 -6.88828515e+00  2.49446313e+06 -1.75503271e+02 
 2.52335153e+06 -6.92957740e+00  2.52335153e+06 -1.76487791e+02 
 2.55257448e+06 -6.97115515e+00  2.55257448e+06 -1.77476087e+02 
 2.58213587e+06 -7.01304673e+00  2.58213587e+06 -1.78468185e+02 
 2.61203961e+06 -7.05528139e+00  2.61203961e+06 -1.79464108e+02 
 2.64228966e+06 -7.09788929e+00  2.64228966e+06  1.79536126e+02 
 2.67289004e+06 -7.14090147e+00  2.67289004e+06  1.78532505e+02 
 2.70384481e+06 -7.18434988e+00  2.70384481e+06  1.77525019e+02 
 2.73515806e+06 -7.22826734e+00  2.73515806e+06  1.76513665e+02 
 2.76683395e+06 -7.27268754e+00  2.76683395e+06  1.75498448e+02 
 2.79887667e+06 -7.31764497e+00  2.79887667e+06  1.74479376e+02 
 2.83129049e+06 -7.36317493e+00  2.83129049e+06  1.73456466e+02 
 2.86407969e+06 -7.40931350e+00  2.86407969e+06  1.72429742e+02 
 2.89724862e+06 -7.45609745e+00  2.89724862e+06  1.71399237e+02 
 2.93080168e+06 -7.50356423e+00  2.93080168e+06  1.70364992e+02 
 2.96474332e+06 -7.55175189e+00  2.96474332e+06  1.69327056e+02 
 2.99907804e+06 -7.60069902e+00  2.99907804e+06  1.68285490e+02 
 3.03381039e+06 -7.65044469e+00  3.03381039e+06  1.67240364e+02 
 3.06894498e+06 -7.70102831e+00  3.06894498e+06  1.66191758e+02 
 3.10448646e+06 -7.75248963e+00  3.10448646e+06  1.65139767e+02 
 3.14043954e+06 -7.80486853e+00  3.14043954e+06  1.64084493e+02 
 3.17680900e+06 -7.85820497e+00  3.17680900e+06  1.63026054e+02 
 3.21359965e+06 -7.91253888e+00  3.21359965e+06  1.61964579e+02 
 3.25081638e+06 -7.96790996e+00  3.25081638e+06  1.60900212e+02 
 3.28846411e+06 -8.02435759e+00  3.28846411e+06  1.59833109e+02 
 3.32654785e+06 -8.08192067e+00  3.32654785e+06  1.58763440e+02 
 3.36507263e+06 -8.14063743e+00  3.36507263e+06  1.57691390e+02 
 3.40404356e+06 -8.20054529e+00  3.40404356e+06  1.56617157e+02 
 3.44346582e+06 -8.26168065e+00  3.44346582e+06  1.55540956e+02 
 3.48334463e+06 -8.32407874e+00  3.48334463e+06  1.54463012e+02 
 3.52368527e+06 -8.38777339e+00  3.52368527e+06  1.53383567e+02 
 3.56449310e+06 -8.45279685e+00  3.56449310e+06  1.52302878e+02 
 3.60577353e+06 -8.51917963e+00  3.60577353e+06  1.51221213e+02 
 3.64753203e+06 -8.58695021e+00  3.64753203e+06  1.50138853e+02 
 3.68977413e+06 -8.65613493e+00  3.68977413e+06  1.49056093e+02 
 3.73250543e+06 -8.72675776e+00  3.73250543e+06  1.47973238e+02 
 3.77573161e+06 -8.79884011e+00  3.77573161e+06  1.46890606e+02 
 3.81945839e+06 -8.87240065e+00  3.81945839e+06  1.45808521e+02 
 3.86369158e+06 -8.94745516e+00  3.86369158e+06  1.44727319e+02 
 3.90843702e+06 -9.02401635e+00  3.90843702e+06  1.43647340e+02 
 3.95370067e+06 -9.10209373e+00  3.95370067e+06  1.42568932e+02 
 3.99948851e+06 -9.18169351e+00  3.99948851e+06  1.41492445e+02 
 4.04580662e+06 -9.26281848e+00  4.04580662e+06  1.40418233e+02 
 4.09266114e+06 -9.34546795e+00  4.09266114e+06  1.39346651e+02 
 4.14005829e+06 -9.42963769e+00  4.14005829e+06  1.38278050e+02 
 4.18800434e+06 -9.51531992e+00  4.18800434e+06  1.37212781e+02 
 4.23650566e+06 -9.60250332e+00  4.23650566e+06  1.36151187e+02 
 4.28556866e+06 -9.69117306e+00  4.28556866e+06  1.35093608e+02 
 4.33519987e+06 -9.78131088e+00  4.33519987e+06  1.34040370e+02 
 4.38540586e+06 -9.87289518e+00  4.38540586e+06  1.32991793e+02 
 4.43619329e+06 -9.96590117e+00  4.43619329e+06  1.31948182e+02 
 4.48756888e+06 -1.00603010e+01  4.48756888e+06  1.30909827e+02 
 4.53953946e+06 -1.01560640e+01  4.53953946e+06  1.29877004e+02 
 4.59211190e+06 -1.02531567e+01  4.59211190e+06  1.28849970e+02 
 4.64529319e+06 -1.03515435e+01  4.64529319e+06  1.27828964e+02 
 4.69909037e+06 -1.04511864e+01  4.69909037e+06  1.26814205e+02 
 4.75351058e+06 -1.05520456e+01  4.75351058e+06  1.25805890e+02 
 4.80856103e+06 -1.06540797e+01  4.80856103e+06  1.24804195e+02 
 4.86424902e+06 -1.07572461e+01  4.86424902e+06  1.23809275e+02 
 4.92058193e+06 -1.08615011e+01  4.92058193e+06  1.22821259e+02 
 4.97756723e+06 -1.09668002e+01  4.97756723e+06  1.21840257e+02 
 5.03521248e+06 -1.10730988e+01  5.03521248e+06  1.20866352e+02 
 5.09352532e+06 -1.11803519e+01  5.09352532e+06  1.19899607e+02 
 5.15251348e+06 -1.12885148e+01  5.15251348e+06  1.18940063e+02 
 5.21218479e+06 -1.13975435e+01  5.21218479e+06  1.17987739e+02 
 5.27254715e+06 -1.15073942e+01  5.27254715e+06  1.17042631e+02 
 5.33360856e+06 -1.16180247e+01  5.33360856e+06  1.16104719e+02 
 5.39537713e+06 -1.17293934e+01  5.39537713e+06  1.15173962e+02 
 5.45786104e+06 -1.18414604e+01  5.45786104e+06  1.14250301e+02 
 5.52106858e+06 -1.19541873e+01  5.52106858e+06  1.13333663e+02 
 5.58500812e+06 -1.20675374e+01  5.58500812e+06  1.12423959e+02 
 5.64968815e+06 -1.21814757e+01  5.64968815e+06  1.11521085e+02 
 5.71511724e+06 -1.22959692e+01  5.71511724e+06  1.10624927e+02 
 5.78130406e+06 -1.24109868e+01  5.78130406e+06  1.09735361e+02 
 5.84825740e+06 -1.25264998e+01  5.84825740e+06  1.08852252e+02 
 5.91598612e+06 -1.26424809e+01  5.91598612e+06  1.07975458e+02 
 5.98449920e+06 -1.27589056e+01  5.98449920e+06  1.07104832e+02 
 6.05380574e+06 -1.28757508e+01  6.05380574e+06  1.06240221e+02 
 6.12391492e+06 -1.29929959e+01  6.12391492e+06  1.05381468e+02 
 6.19483603e+06 -1.31106219e+01  6.19483603e+06  1.04528414e+02 
 6.26657849e+06 -1.32286119e+01  6.26657849e+06  1.03680900e+02 
 6.33915179e+06 -1.33469509e+01  6.33915179e+06  1.02838765e+02 
 6.41256556e+06 -1.34656254e+01  6.41256556e+06  1.02001849e+02 
 6.48682954e+06 -1.35846236e+01  6.48682954e+06  1.01169995e+02 
 6.56195357e+06 -1.37039354e+01  6.56195357e+06  1.00343045e+02 
 6.63794761e+06 -1.38235519e+01  6.63794761e+06  9.95208474e+01 
 6.71482174e+06 -1.39434656e+01  6.71482174e+06  9.87032518e+01 
 6.79258615e+06 -1.40636703e+01  6.79258615e+06  9.78901126e+01 
 6.87125115e+06 -1.41841607e+01  6.87125115e+06  9.70812881e+01 
 6.95082717e+06 -1.43049326e+01  6.95082717e+06  9.62766413e+01 
 7.03132476e+06 -1.44259826e+01  7.03132476e+06  9.54760398e+01 
 7.11275460e+06 -1.45473082e+01  7.11275460e+06  9.46793562e+01 
 7.19512747e+06 -1.46689073e+01  7.19512747e+06  9.38864678e+01 
 7.27845431e+06 -1.47907785e+01  7.27845431e+06  9.30972571e+01 
 7.36274615e+06 -1.49129211e+01  7.36274615e+06  9.23116114e+01 
 7.44801418e+06 -1.50353343e+01  7.44801418e+06  9.15294227e+01 
 7.53426970e+06 -1.51580180e+01  7.53426970e+06  9.07505879e+01 
 7.62152414e+06 -1.52809722e+01  7.62152414e+06  8.99750081e+01 
 7.70978908e+06 -1.54041970e+01  7.70978908e+06  8.92025890e+01 
 7.79907622e+06 -1.55276926e+01  7.79907622e+06  8.84332402e+01 
 7.88939739e+06 -1.56514595e+01  7.88939739e+06  8.76668752e+01 
 7.98076457e+06 -1.57754977e+01  7.98076457e+06  8.69034110e+01 
 8.07318988e+06 -1.58998077e+01  8.07318988e+06  8.61427680e+01 
 8.16668556e+06 -1.60243896e+01  8.16668556e+06  8.53848696e+01 
 8.26126402e+06 -1.61492434e+01  8.26126402e+06  8.46296419e+01 
 8.35693779e+06 -1.62743690e+01  8.35693779e+06  8.38770134e+01 
 8.45371956e+06 -1.63997663e+01  8.45371956e+06  8.31269150e+01 
 8.55162216e+06 -1.65254347e+01  8.55162216e+06  8.23792793e+01 
 8.65065857e+06 -1.66513737e+01  8.65065857e+06  8.16340408e+01 
 8.75084193e+06 -1.67775824e+01  8.75084193e+06  8.08911352e+01 
 8.85218551e+06 -1.69040598e+01  8.85218551e+06  8.01504993e+01 
 8.95470275e+06 -1.70308048e+01  8.95470275e+06  7.94120710e+01 
 9.05840724e+06 -1.71578158e+01  9.05840724e+06  7.86757887e+01 
 9.16331273e+06 -1.72850914e+01  9.16331273e+06  7.79415914e+01 
 9.26943314e+06 -1.74126296e+01  9.26943314e+06  7.72094183e+01 
 9.37678253e+06 -1.75404286e+01  9.37678253e+06  7.64792089e+01 
 9.48537513e+06 -1.76684861e+01  9.48537513e+06  7.57509023e+01 
 9.59522534e+06 -1.77967998e+01  9.59522534e+06  7.50244377e+01 
 9.70634773e+06 -1.79253673e+01  9.70634773e+06  7.42997537e+01 
 9.81875703e+06 -1.80541860e+01  9.81875703e+06  7.35767885e+01 
 9.93246814e+06 -1.81832532e+01  9.93246814e+06  7.28554797e+01 
 1.00474961e+07 -1.83125661e+01  1.00474961e+07  7.21357643e+01 
 1.01638563e+07 -1.84421218e+01  1.01638563e+07  7.14175783e+01 
 1.02815640e+07 -1.85719173e+01  1.02815640e+07  7.07008571e+01 
 1.04006349e+07 -1.87019498e+01  1.04006349e+07  6.99855351e+01 
 1.05210847e+07 -1.88322161e+01  1.05210847e+07  6.92715456e+01 
 1.06429295e+07 -1.89627133e+01  1.06429295e+07  6.85588211e+01 
 1.07661854e+07 -1.90934384e+01  1.07661854e+07  6.78472930e+01 
 1.08908687e+07 -1.92243882e+01  1.08908687e+07  6.71368916e+01 
 1.10169959e+07 -1.93555600e+01  1.10169959e+07  6.64275464e+01 
 1.11445838e+07 -1.94869507e+01  1.11445838e+07  6.57191856e+01 
 1.12736493e+07 -1.96185577e+01  1.12736493e+07  6.50117365e+01 
 1.14042096e+07 -1.97503780e+01  1.14042096e+07  6.43051254e+01 
 1.15362818e+07 -1.98824091e+01  1.15362818e+07  6.35992776e+01 
 1.16698836e+07 -2.00146485e+01  1.16698836e+07  6.28941174e+01 
 1.18050326e+07 -2.01470938e+01  1.18050326e+07  6.21895683e+01 
 1.19417468e+07 -2.02797427e+01  1.19417468e+07  6.14855530e+01 
 1.20800443e+07 -2.04125932e+01  1.20800443e+07  6.07819931e+01 
 1.22199434e+07 -2.05456434e+01  1.22199434e+07  6.00788098e+01 
 1.23614627e+07 -2.06788914e+01  1.23614627e+07  5.93759233e+01 
 1.25046209e+07 -2.08123358e+01  1.25046209e+07  5.86732535e+01 
 1.26494370e+07 -2.09459751e+01  1.26494370e+07  5.79707195e+01 
 1.27959303e+07 -2.10798082e+01  1.27959303e+07  5.72682399e+01 
 1.29441200e+07 -2.12138343e+01  1.29441200e+07  5.65657330e+01 
 1.30940260e+07 -2.13480524e+01  1.30940260e+07  5.58631166e+01 
 1.32456680e+07 -2.14824622e+01  1.32456680e+07  5.51603086e+01 
 1.33990662e+07 -2.16170634e+01  1.33990662e+07  5.44572262e+01 
 1.35542409e+07 -2.17518559e+01  1.35542409e+07  5.37537868e+01 
 1.37112127e+07 -2.18868400e+01  1.37112127e+07  5.30499078e+01 
 1.38700024e+07 -2.20220161e+01  1.38700024e+07  5.23455065e+01 
 1.40306310e+07 -2.21573848e+01  1.40306310e+07  5.16405005e+01 
 1.41931199e+07 -2.22929472e+01  1.41931199e+07  5.09348074e+01 
 1.43574905e+07 -2.24287043e+01  1.43574905e+07  5.02283453e+01 
 1.45237648e+07 -2.25646577e+01  1.45237648e+07  4.95210326e+01 
 1.46919646e+07 -2.27008091e+01  1.46919646e+07  4.88127881e+01 
 1.48621124e+07 -2.28371603e+01  1.48621124e+07  4.81035314e+01 
 1.50342306e+07 -2.29737135e+01  1.50342306e+07  4.73931826e+01 
 1.52083422e+07 -2.31104713e+01  1.52083422e+07  4.66816623e+01 
 1.53844701e+07 -2.32474362e+01  1.53844701e+07  4.59688922e+01 
 1.55626378e+07 -2.33846111e+01  1.55626378e+07  4.52547947e+01 
 1.57428689e+07 -2.35219994e+01  1.57428689e+07  4.45392933e+01 
 1.59251872e+07 -2.36596042e+01  1.59251872e+07  4.38223125e+01 
 1.61096169e+07 -2.37974293e+01  1.61096169e+07  4.31037777e+01 
 1.62961825e+07 -2.39354785e+01  1.62961825e+07  4.23836157e+01 
 1.64849088e+07 -2.40737559e+01  1.64849088e+07  4.16617546e+01 
 1.66758206e+07 -2.42122658e+01  1.66758206e+07  4.09381237e+01 
 1.68689435e+07 -2.43510126e+01  1.68689435e+07  4.02126538e+01 
 1.70643029e+07 -2.44900012e+01  1.70643029e+07  3.94852770e+01 
 1.72619247e+07 -2.46292365e+01  1.72619247e+07  3.87559271e+01 
 1.74618352e+07 -2.47687235e+01  1.74618352e+07  3.80245395e+01 
 1.76640609e+07 -2.49084675e+01  1.76640609e+07  3.72910514e+01 
 1.78686285e+07 -2.50484741e+01  1.78686285e+07  3.65554014e+01 
 1.80755653e+07 -2.51887489e+01  1.80755653e+07  3.58175301e+01 
 1.82848985e+07 -2.53292978e+01  1.82848985e+07  3.50773802e+01 
 1.84966561e+07 -2.54701267e+01  1.84966561e+07  3.43348959e+01 
 1.87108661e+07 -2.56112417e+01  1.87108661e+07  3.35900236e+01 
 1.89275568e+07 -2.57526492e+01  1.89275568e+07  3.28427118e+01 
 1.91467570e+07 -2.58943556e+01  1.91467570e+07  3.20929110e+01 
 1.93684957e+07 -2.60363674e+01  1.93684957e+07  3.13405738e+01 
 1.95928024e+07 -2.61786914e+01  1.95928024e+07  3.05856551e+01 
 1.98197069e+07 -2.63213342e+01  1.98197069e+07  2.98281120e+01 
 2.00492391e+07 -2.64643028e+01  2.00492391e+07  2.90679040e+01 
 2.02814295e+07 -2.66076041e+01  2.02814295e+07  2.83049927e+01 
 2.05163089e+07 -2.67512453e+01  2.05163089e+07  2.75393424e+01 
 2.07539085e+07 -2.68952334e+01  2.07539085e+07  2.67709196e+01 
 2.09942597e+07 -2.70395756e+01  2.09942597e+07  2.59996934e+01 
 2.12373944e+07 -2.71842792e+01  2.12373944e+07  2.52256353e+01 
 2.14833448e+07 -2.73293516e+01  2.14833448e+07  2.44487196e+01 
 2.17321436e+07 -2.74747999e+01  2.17321436e+07  2.36689229e+01 
 2.19838238e+07 -2.76206317e+01  2.19838238e+07  2.28862246e+01 
 2.22384186e+07 -2.77668543e+01  2.22384186e+07  2.21006067e+01 
 2.24959620e+07 -2.79134750e+01  2.24959620e+07  2.13120540e+01 
 2.27564879e+07 -2.80605013e+01  2.27564879e+07  2.05205539e+01 
 2.30200310e+07 -2.82079405e+01  2.30200310e+07  1.97260966e+01 
 2.32866262e+07 -2.83558001e+01  2.32866262e+07  1.89286751e+01 
 2.35563088e+07 -2.85040872e+01  2.35563088e+07  1.81282853e+01 
 2.38291146e+07 -2.86528093e+01  2.38291146e+07  1.73249258e+01 
 2.41050798e+07 -2.88019735e+01  2.41050798e+07  1.65185981e+01 
 2.43842409e+07 -2.89515869e+01  2.43842409e+07  1.57093066e+01 
 2.46666350e+07 -2.91016567e+01  2.46666350e+07  1.48970587e+01 
 2.49522996e+07 -2.92521899e+01  2.49522996e+07  1.40818645e+01 
 2.52412724e+07 -2.94031934e+01  2.52412724e+07  1.32637373e+01 
 2.55335918e+07 -2.95546740e+01  2.55335918e+07  1.24426931e+01 
 2.58292965e+07 -2.97066383e+01  2.58292965e+07  1.16187511e+01 
 2.61284258e+07 -2.98590930e+01  2.61284258e+07  1.07919333e+01 
 2.64310194e+07 -3.00120445e+01  2.64310194e+07  9.96226493e+00 
 2.67371172e+07 -3.01654991e+01  2.67371172e+07  9.12977391e+00 
 2.70467600e+07 -3.03194628e+01  2.70467600e+07  8.29449137e+00 
 2.73599888e+07 -3.04739418e+01  2.73599888e+07  7.45645140e+00 
 2.76768451e+07 -3.06289416e+01  2.76768451e+07  6.61569109e+00 
 2.79973709e+07 -3.07844681e+01  2.79973709e+07  5.77225057e+00 
 2.83216087e+07 -3.09405264e+01  2.83216087e+07  4.92617295e+00 
 2.86496015e+07 -3.10971220e+01  2.86496015e+07  4.07750438e+00 
 2.89813928e+07 -3.12542596e+01  2.89813928e+07  3.22629398e+00 
 2.93170265e+07 -3.14119441e+01  2.93170265e+07  2.37259389e+00 
 2.96565473e+07 -3.15701800e+01  2.96565473e+07  1.51645922e+00 
 3.00000000e+07 -3.17289715e+01  3.00000000e+07  6.57948040e-01 
