 2.00000000e-01 -5.44660604e+00  2.00000000e-01  6.78862139e+01 
 2.02316202e-01 -5.36090662e+00  2.02316202e-01  6.76551802e+01 
 2.04659228e-01 -5.27549198e+00  2.04659228e-01  6.74222476e+01 
 2.07029388e-01 -5.19036680e+00  2.07029388e-01  6.71874159e+01 
 2.09426997e-01 -5.10553581e+00  2.09426997e-01  6.69506856e+01 
 2.11852373e-01 -5.02100376e+00  2.11852373e-01  6.67120577e+01 
 2.14305837e-01 -4.93677544e+00  2.14305837e-01  6.64715335e+01 
 2.16787715e-01 -4.85285567e+00  2.16787715e-01  6.62291152e+01 
 2.19298335e-01 -4.76924932e+00  2.19298335e-01  6.59848053e+01 
 2.21838031e-01 -4.68596126e+00  2.21838031e-01  6.57386069e+01 
 2.24407140e-01 -4.60299642e+00  2.24407140e-01  6.54905238e+01 
 2.27006001e-01 -4.52035974e+00  2.27006001e-01  6.52405602e+01 
 2.29634959e-01 -4.43805618e+00  2.29634959e-01  6.49887212e+01 
 2.32294364e-01 -4.35609075e+00  2.32294364e-01  6.47350123e+01 
 2.34984567e-01 -4.27446844e+00  2.34984567e-01  6.44794395e+01 
 2.37705925e-01 -4.19319429e+00  2.37705925e-01  6.42220098e+01 
 2.40458800e-01 -4.11227335e+00  2.40458800e-01  6.39627305e+01 
 2.43243555e-01 -4.03171069e+00  2.43243555e-01  6.37016097e+01 
 2.46060561e-01 -3.95151139e+00  2.46060561e-01  6.34386563e+01 
 2.48910190e-01 -3.87168052e+00  2.48910190e-01  6.31738796e+01 
 2.51792821e-01 -3.79222319e+00  2.51792821e-01  6.29072898e+01 
 2.54708836e-01 -3.71314449e+00  2.54708836e-01  6.26388978e+01 
 2.57658622e-01 -3.63444953e+00  2.57658622e-01  6.23687150e+01 
 2.60642568e-01 -3.55614342e+00  2.60642568e-01  6.20967537e+01 
 2.63661072e-01 -3.47823124e+00  2.63661072e-01  6.18230269e+01 
 2.66714534e-01 -3.40071811e+00  2.66714534e-01  6.15475482e+01 
 2.69803357e-01 -3.32360909e+00  2.69803357e-01  6.12703321e+01 
 2.72927952e-01 -3.24690928e+00  2.72927952e-01  6.09913937e+01 
 2.76088733e-01 -3.17062373e+00  2.76088733e-01  6.07107490e+01 
 2.79286119e-01 -3.09475747e+00  2.79286119e-01  6.04284145e+01 
 2.82520534e-01 -3.01931555e+00  2.82520534e-01  6.01444078e+01 
 2.85792407e-01 -2.94430295e+00  2.85792407e-01  5.98587470e+01 
 2.89102171e-01 -2.86972465e+00  2.89102171e-01  5.95714510e+01 
 2.92450266e-01 -2.79558559e+00  2.92450266e-01  5.92825395e+01 
 2.95837135e-01 -2.72189068e+00  2.95837135e-01  5.89920329e+01 
 2.99263228e-01 -2.64864478e+00  2.99263228e-01  5.86999526e+01 
 3.02728998e-01 -2.57585274e+00  3.02728998e-01  5.84063205e+01 
 3.06234905e-01 -2.50351934e+00  3.06234905e-01  5.81111594e+01 
 3.09781414e-01 -2.43164931e+00  3.09781414e-01  5.78144927e+01 
 3.13368996e-01 -2.36024735e+00  3.13368996e-01  5.75163449e+01 
 3.16998125e-01 -2.28931809e+00  3.16998125e-01  5.72167409e+01 
 3.20669283e-01 -2.21886611e+00  3.20669283e-01  5.69157066e+01 
 3.24382957e-01 -2.14889592e+00  3.24382957e-01  5.66132685e+01 
 3.28139639e-01 -2.07941197e+00  3.28139639e-01  5.63094540e+01 
 3.31939827e-01 -2.01041865e+00  3.31939827e-01  5.60042910e+01 
 3.35784025e-01 -1.94192025e+00  3.35784025e-01  5.56978085e+01 
 3.39672743e-01 -1.87392102e+00  3.39672743e-01  5.53900359e+01 
 3.43606496e-01 -1.80642510e+00  3.43606496e-01  5.50810035e+01 
 3.47585805e-01 -1.73943657e+00  3.47585805e-01  5.47707421e+01 
 3.51611200e-01 -1.67295941e+00  3.51611200e-01  5.44592835e+01 
 3.55683212e-01 -1.60699751e+00  3.55683212e-01  5.41466601e+01 
 3.59802383e-01 -1.54155467e+00  3.59802383e-01  5.38329047e+01 
 3.63969257e-01 -1.47663460e+00  3.63969257e-01  5.35180510e+01 
 3.68184388e-01 -1.41224089e+00  3.68184388e-01  5.32021335e+01 
 3.72448335e-01 -1.34837705e+00  3.72448335e-01  5.28851869e+01 
 3.76761663e-01 -1.28504647e+00  3.76761663e-01  5.25672470e+01 
 3.81124943e-01 -1.22225243e+00  3.81124943e-01  5.22483499e+01 
 3.85538754e-01 -1.15999810e+00  3.85538754e-01  5.19285322e+01 
 3.90003682e-01 -1.09828653e+00  3.90003682e-01  5.16078314e+01 
 3.94520318e-01 -1.03712065e+00  3.94520318e-01  5.12862852e+01 
 3.99089261e-01 -9.76503278e-01  3.99089261e-01  5.09639321e+01 
 4.03711118e-01 -9.16437098e-01  4.03711118e-01  5.06408110e+01 
 4.08386500e-01 -8.56924670e-01  4.08386500e-01  5.03169612e+01 
 4.13116027e-01 -7.97968423e-01  4.13116027e-01  4.99924225e+01 
 4.17900328e-01 -7.39570654e-01  4.17900328e-01  4.96672353e+01 
 4.22740035e-01 -6.81733524e-01  4.22740035e-01  4.93414401e+01 
 4.27635791e-01 -6.24459059e-01  4.27635791e-01  4.90150782e+01 
 4.32588245e-01 -5.67749146e-01  4.32588245e-01  4.86881908e+01 
 4.37598053e-01 -5.11605529e-01  4.37598053e-01  4.83608198e+01 
 4.42665880e-01 -4.56029811e-01  4.42665880e-01  4.80330074e+01 
 4.47792398e-01 -4.01023451e-01  4.47792398e-01  4.77047958e+01 
 4.52978286e-01 -3.46587760e-01  4.52978286e-01  4.73762277e+01 
 4.58224231e-01 -2.92723904e-01  4.58224231e-01  4.70473460e+01 
 4.63530930e-01 -2.39432900e-01  4.63530930e-01  4.67181938e+01 
 4.68899086e-01 -1.86715614e-01  4.68899086e-01  4.63888142e+01 
 4.74329410e-01 -1.34572763e-01  4.74329410e-01  4.60592509e+01 
 4.79822623e-01 -8.30049120e-02  4.79822623e-01  4.57295472e+01 
 4.85379453e-01 -3.20124751e-02  4.85379453e-01  4.53997468e+01 
 4.91000637e-01  1.84042868e-02  4.91000637e-01  4.50698933e+01 
 4.96686920e-01  6.82452649e-02  4.96686920e-01  4.47400306e+01 
 5.02439056e-01  1.17510503e-01  5.02439056e-01  4.44102023e+01 
 5.08257807e-01  1.66200198e-01  5.08257807e-01  4.40804522e+01 
 5.14143945e-01  2.14314698e-01  5.14143945e-01  4.37508238e+01 
 5.20098251e-01  2.61854505e-01  5.20098251e-01  4.34213608e+01 
 5.26121513e-01  3.08820271e-01  5.26121513e-01  4.30921067e+01 
 5.32214531e-01  3.55212800e-01  5.32214531e-01  4.27631047e+01 
 5.38378112e-01  4.01033044e-01  5.38378112e-01  4.24343980e+01 
 5.44613074e-01  4.46282105e-01  5.44613074e-01  4.21060296e+01 
 5.50920243e-01  4.90961234e-01  5.50920243e-01  4.17780422e+01 
 5.57300455e-01  5.35071828e-01  5.57300455e-01  4.14504784e+01 
 5.63754556e-01  5.78615427e-01  5.63754556e-01  4.11233803e+01 
 5.70283403e-01  6.21593716e-01  5.70283403e-01  4.07967899e+01 
 5.76887860e-01  6.64008523e-01  5.76887860e-01  4.04707487e+01 
 5.83568804e-01  7.05861814e-01  5.83568804e-01  4.01452980e+01 
 5.90327119e-01  7.47155693e-01  5.90327119e-01  3.98204787e+01 
 5.97163703e-01  7.87892400e-01  5.97163703e-01  3.94963311e+01 
 6.04079461e-01  8.28074308e-01  6.04079461e-01  3.91728953e+01 
 6.11075310e-01  8.67703921e-01  6.11075310e-01  3.88502109e+01 
 6.18152179e-01  9.06783874e-01  6.18152179e-01  3.85283169e+01 
 6.25311005e-01  9.45316923e-01  6.25311005e-01  3.82072520e+01 
 6.32552737e-01  9.83305952e-01  6.32552737e-01  3.78870542e+01 
 6.39878336e-01  1.02075396e+00  6.39878336e-01  3.75677612e+01 
 6.47288773e-01  1.05766407e+00  6.47288773e-01  3.72494098e+01 
 6.54785030e-01  1.09403952e+00  6.54785030e-01  3.69320365e+01 
 6.62368101e-01  1.12988365e+00  6.62368101e-01  3.66156771e+01 
 6.70038992e-01  1.16519991e+00  6.70038992e-01  3.63003668e+01 
 6.77798719e-01  1.19999187e+00  6.77798719e-01  3.59861403e+01 
 6.85648312e-01  1.23426318e+00  6.85648312e-01  3.56730314e+01 
 6.93588812e-01  1.26801760e+00  6.93588812e-01  3.53610735e+01 
 7.01621270e-01  1.30125899e+00  7.01621270e-01  3.50502991e+01 
 7.09746752e-01  1.33399129e+00  7.09746752e-01  3.47407403e+01 
 7.17966335e-01  1.36621854e+00  7.17966335e-01  3.44324282e+01 
 7.26281110e-01  1.39794486e+00  7.26281110e-01  3.41253934e+01 
 7.34692178e-01  1.42917444e+00  7.34692178e-01  3.38196658e+01 
 7.43200655e-01  1.45991155e+00  7.43200655e-01  3.35152743e+01 
 7.51807668e-01  1.49016056e+00  7.51807668e-01  3.32122475e+01 
 7.60514359e-01  1.51992588e+00  7.60514359e-01  3.29106129e+01 
 7.69321883e-01  1.54921200e+00  7.69321883e-01  3.26103974e+01 
 7.78231406e-01  1.57802347e+00  7.78231406e-01  3.23116272e+01 
 7.87244111e-01  1.60636489e+00  7.87244111e-01  3.20143275e+01 
 7.96361192e-01  1.63424095e+00  7.96361192e-01  3.17185232e+01 
 8.05583858e-01  1.66165634e+00  8.05583858e-01  3.14242379e+01 
 8.14913332e-01  1.68861585e+00  8.14913332e-01  3.11314948e+01 
 8.24350851e-01  1.71512429e+00  8.24350851e-01  3.08403163e+01 
 8.33897665e-01  1.74118650e+00  8.33897665e-01  3.05507238e+01 
 8.43555041e-01  1.76680738e+00  8.43555041e-01  3.02627381e+01 
 8.53324260e-01  1.79199187e+00  8.53324260e-01  2.99763794e+01 
 8.63206616e-01  1.81674491e+00  8.63206616e-01  2.96916668e+01 
 8.73203419e-01  1.84107151e+00  8.73203419e-01  2.94086188e+01 
 8.83315996e-01  1.86497666e+00  8.83315996e-01  2.91272532e+01 
 8.93545686e-01  1.88846542e+00  8.93545686e-01  2.88475869e+01 
 9.03893847e-01  1.91154282e+00  9.03893847e-01  2.85696362e+01 
 9.14361849e-01  1.93421394e+00  9.14361849e-01  2.82934165e+01 
 9.24951082e-01  1.95648387e+00  9.24951082e-01  2.80189427e+01 
 9.35662949e-01  1.97835769e+00  9.35662949e-01  2.77462286e+01 
 9.46498870e-01  1.99984051e+00  9.46498870e-01  2.74752875e+01 
 9.57460281e-01  2.02093742e+00  9.57460281e-01  2.72061321e+01 
 9.68548637e-01  2.04165353e+00  9.68548637e-01  2.69387741e+01 
 9.79765408e-01  2.06199394e+00  9.79765408e-01  2.66732246e+01 
 9.91112080e-01  2.08196374e+00  9.91112080e-01  2.64094941e+01 
 1.00259016e+00  2.10156804e+00  1.00259016e+00  2.61475924e+01 
 1.01420116e+00  2.12081191e+00  1.01420116e+00  2.58875284e+01 
 1.02594664e+00  2.13970041e+00  1.02594664e+00  2.56293105e+01 
 1.03782813e+00  2.15823862e+00  1.03782813e+00  2.53729466e+01 
 1.04984723e+00  2.17643156e+00  1.04984723e+00  2.51184436e+01 
 1.06200552e+00  2.19428425e+00  1.06200552e+00  2.48658079e+01 
 1.07430462e+00  2.21180171e+00  1.07430462e+00  2.46150455e+01 
 1.08674615e+00  2.22898890e+00  1.08674615e+00  2.43661614e+01 
 1.09933176e+00  2.24585079e+00  1.09933176e+00  2.41191602e+01 
 1.11206313e+00  2.26239229e+00  1.11206313e+00  2.38740459e+01 
 1.12494195e+00  2.27861831e+00  1.12494195e+00  2.36308219e+01 
 1.13796991e+00  2.29453371e+00  1.13796991e+00  2.33894910e+01 
 1.15114875e+00  2.31014334e+00  1.15114875e+00  2.31500555e+01 
 1.16448021e+00  2.32545200e+00  1.16448021e+00  2.29125171e+01 
 1.17796607e+00  2.34046447e+00  1.17796607e+00  2.26768769e+01 
 1.19160810e+00  2.35518547e+00  1.19160810e+00  2.24431356e+01 
 1.20540813e+00  2.36961970e+00  1.20540813e+00  2.22112933e+01 
 1.21936797e+00  2.38377183e+00  1.21936797e+00  2.19813497e+01 
 1.23348948e+00  2.39764647e+00  1.23348948e+00  2.17533038e+01 
 1.24777453e+00  2.41124820e+00  1.24777453e+00  2.15271544e+01 
 1.26222502e+00  2.42458156e+00  1.26222502e+00  2.13028997e+01 
 1.27684286e+00  2.43765105e+00  1.27684286e+00  2.10805373e+01 
 1.29162999e+00  2.45046111e+00  1.29162999e+00  2.08600647e+01 
 1.30658837e+00  2.46301615e+00  1.30658837e+00  2.06414787e+01 
 1.32171998e+00  2.47532053e+00  1.32171998e+00  2.04247758e+01 
 1.33702683e+00  2.48737856e+00  1.33702683e+00  2.02099520e+01 
 1.35251095e+00  2.49919452e+00  1.35251095e+00  1.99970031e+01 
 1.36817439e+00  2.51077261e+00  1.36817439e+00  1.97859242e+01 
 1.38401923e+00  2.52211703e+00  1.38401923e+00  1.95767104e+01 
 1.40004757e+00  2.53323188e+00  1.40004757e+00  1.93693563e+01 
 1.41626153e+00  2.54412124e+00  1.41626153e+00  1.91638560e+01 
 1.43266327e+00  2.55478915e+00  1.43266327e+00  1.89602035e+01 
 1.44925496e+00  2.56523956e+00  1.44925496e+00  1.87583924e+01 
 1.46603879e+00  2.57547642e+00  1.46603879e+00  1.85584159e+01 
 1.48301700e+00  2.58550360e+00  1.48301700e+00  1.83602670e+01 
 1.50019183e+00  2.59532491e+00  1.50019183e+00  1.81639383e+01 
 1.51756557e+00  2.60494414e+00  1.51756557e+00  1.79694224e+01 
 1.53514051e+00  2.61436501e+00  1.53514051e+00  1.77767114e+01 
 1.55291899e+00  2.62359120e+00  1.55291899e+00  1.75857970e+01 
 1.57090335e+00  2.63262631e+00  1.57090335e+00  1.73966711e+01 
 1.58909600e+00  2.64147394e+00  1.58909600e+00  1.72093250e+01 
 1.60749933e+00  2.65013759e+00  1.60749933e+00  1.70237498e+01 
 1.62611580e+00  2.65862073e+00  1.62611580e+00  1.68399366e+01 
 1.64494786e+00  2.66692679e+00  1.64494786e+00  1.66578761e+01 
 1.66399802e+00  2.67505913e+00  1.66399802e+00  1.64775589e+01 
 1.68326879e+00  2.68302107e+00  1.68326879e+00  1.62989754e+01 
 1.70276274e+00  2.69081588e+00  1.70276274e+00  1.61221157e+01 
 1.72248245e+00  2.69844677e+00  1.72248245e+00  1.59469699e+01 
 1.74243054e+00  2.70591692e+00  1.74243054e+00  1.57735279e+01 
 1.76260964e+00  2.71322943e+00  1.76260964e+00  1.56017794e+01 
 1.78302244e+00  2.72038739e+00  1.78302244e+00  1.54317140e+01 
 1.80367164e+00  2.72739381e+00  1.80367164e+00  1.52633210e+01 
 1.82455997e+00  2.73425166e+00  1.82455997e+00  1.50965899e+01 
 1.84569022e+00  2.74096386e+00  1.84569022e+00  1.49315098e+01 
 1.86706517e+00  2.74753329e+00  1.86706517e+00  1.47680698e+01 
 1.88868767e+00  2.75396278e+00  1.88868767e+00  1.46062588e+01 
 1.91056058e+00  2.76025511e+00  1.91056058e+00  1.44460657e+01 
 1.93268680e+00  2.76641300e+00  1.93268680e+00  1.42874794e+01 
 1.95506926e+00  2.77243916e+00  1.95506926e+00  1.41304884e+01 
 1.97771094e+00  2.77833621e+00  1.97771094e+00  1.39750814e+01 
 2.00061483e+00  2.78410676e+00  2.00061483e+00  1.38212470e+01 
 2.02378396e+00  2.78975335e+00  2.02378396e+00  1.36689736e+01 
 2.04722142e+00  2.79527850e+00  2.04722142e+00  1.35182497e+01 
 2.07093031e+00  2.80068466e+00  2.07093031e+00  1.33690636e+01 
 2.09491378e+00  2.80597426e+00  2.09491378e+00  1.32214036e+01 
 2.11917499e+00  2.81114967e+00  2.11917499e+00  1.30752579e+01 
 2.14371718e+00  2.81621322e+00  2.14371718e+00  1.29306149e+01 
 2.16854358e+00  2.82116720e+00  2.16854358e+00  1.27874627e+01 
 2.19365751e+00  2.82601387e+00  2.19365751e+00  1.26457894e+01 
 2.21906227e+00  2.83075543e+00  2.21906227e+00  1.25055833e+01 
 2.24476125e+00  2.83539406e+00  2.24476125e+00  1.23668325e+01 
 2.27075785e+00  2.83993187e+00  2.27075785e+00  1.22295250e+01 
 2.29705552e+00  2.84437096e+00  2.29705552e+00  1.20936490e+01 
 2.32365774e+00  2.84871338e+00  2.32365774e+00  1.19591925e+01 
 2.35056804e+00  2.85296114e+00  2.35056804e+00  1.18261437e+01 
 2.37778999e+00  2.85711622e+00  2.37778999e+00  1.16944907e+01 
 2.40532720e+00  2.86118054e+00  2.40532720e+00  1.15642215e+01 
 2.43318331e+00  2.86515602e+00  2.43318331e+00  1.14353243e+01 
 2.46136203e+00  2.86904451e+00  2.46136203e+00  1.13077873e+01 
 2.48986709e+00  2.87284784e+00  2.48986709e+00  1.11815985e+01 
 2.51870226e+00  2.87656781e+00  2.51870226e+00  1.10567461e+01 
 2.54787137e+00  2.88020617e+00  2.54787137e+00  1.09332183e+01 
 2.57737829e+00  2.88376465e+00  2.57737829e+00  1.08110034e+01 
 2.60722693e+00  2.88724493e+00  2.60722693e+00  1.06900895e+01 
 2.63742125e+00  2.89064868e+00  2.63742125e+00  1.05704650e+01 
 2.66796525e+00  2.89397753e+00  2.66796525e+00  1.04521182e+01 
 2.69886298e+00  2.89723305e+00  2.69886298e+00  1.03350373e+01 
 2.73011854e+00  2.90041682e+00  2.73011854e+00  1.02192109e+01 
 2.76173606e+00  2.90353036e+00  2.76173606e+00  1.01046273e+01 
 2.79371975e+00  2.90657518e+00  2.79371975e+00  9.99127497e+00 
 2.82607385e+00  2.90955275e+00  2.82607385e+00  9.87914248e+00 
 2.85880263e+00  2.91246450e+00  2.85880263e+00  9.76821838e+00 
 2.89191045e+00  2.91531186e+00  2.89191045e+00  9.65849129e+00 
 2.92540169e+00  2.91809619e+00  2.92540169e+00  9.54994987e+00 
 2.95928080e+00  2.92081886e+00  2.95928080e+00  9.44258287e+00 
 2.99355225e+00  2.92348120e+00  2.99355225e+00  9.33637905e+00 
 3.02822061e+00  2.92608451e+00  3.02822061e+00  9.23132725e+00 
 3.06329046e+00  2.92863006e+00  3.06329046e+00  9.12741638e+00 
 3.09876645e+00  2.93111910e+00  3.09876645e+00  9.02463538e+00 
 3.13465329e+00  2.93355285e+00  3.13465329e+00  8.92297328e+00 
 3.17095574e+00  2.93593252e+00  3.17095574e+00  8.82241916e+00 
 3.20767861e+00  2.93825927e+00  3.20767861e+00  8.72296216e+00 
 3.24482676e+00  2.94053426e+00  3.24482676e+00  8.62459149e+00 
 3.28240513e+00  2.94275861e+00  3.28240513e+00  8.52729643e+00 
 3.32041869e+00  2.94493342e+00  3.32041869e+00  8.43106633e+00 
 3.35887249e+00  2.94705977e+00  3.35887249e+00  8.33589060e+00 
 3.39777162e+00  2.94913872e+00  3.39777162e+00  8.24175872e+00 
 3.43712125e+00  2.95117130e+00  3.43712125e+00  8.14866023e+00 
 3.47692658e+00  2.95315853e+00  3.47692658e+00  8.05658478e+00 
 3.51719290e+00  2.95510139e+00  3.51719290e+00  7.96552204e+00 
 3.55792554e+00  2.95700087e+00  3.55792554e+00  7.87546178e+00 
 3.59912991e+00  2.95885790e+00  3.59912991e+00  7.78639385e+00 
 3.64081146e+00  2.96067343e+00  3.64081146e+00  7.69830816e+00 
 3.68297573e+00  2.96244836e+00  3.68297573e+00  7.61119469e+00 
 3.72562831e+00  2.96418358e+00  3.72562831e+00  7.52504350e+00 
 3.76877484e+00  2.96587997e+00  3.76877484e+00  7.43984474e+00 
 3.81242106e+00  2.96753838e+00  3.81242106e+00  7.35558860e+00 
 3.85657274e+00  2.96915965e+00  3.85657274e+00  7.27226538e+00 
 3.90123574e+00  2.97074459e+00  3.90123574e+00  7.18986544e+00 
 3.94641599e+00  2.97229401e+00  3.94641599e+00  7.10837921e+00 
 3.99211947e+00  2.97380869e+00  3.99211947e+00  7.02779722e+00 
 4.03835224e+00  2.97528939e+00  4.03835224e+00  6.94811005e+00 
 4.08512043e+00  2.97673688e+00  4.08512043e+00  6.86930837e+00 
 4.13243025e+00  2.97815188e+00  4.13243025e+00  6.79138292e+00 
 4.18028796e+00  2.97953511e+00  4.18028796e+00  6.71432452e+00 
 4.22869991e+00  2.98088727e+00  4.22869991e+00  6.63812408e+00 
 4.27767252e+00  2.98220907e+00  4.27767252e+00  6.56277257e+00 
 4.32721228e+00  2.98350115e+00  4.32721228e+00  6.48826104e+00 
 4.37732577e+00  2.98476420e+00  4.37732577e+00  6.41458062e+00 
 4.42801962e+00  2.98599884e+00  4.42801962e+00  6.34172251e+00 
 4.47930055e+00  2.98720572e+00  4.47930055e+00  6.26967799e+00 
 4.53117537e+00  2.98838544e+00  4.53117537e+00  6.19843843e+00 
 4.58365095e+00  2.98953862e+00  4.58365095e+00  6.12799527e+00 
 4.63673425e+00  2.99066584e+00  4.63673425e+00  6.05834000e+00 
 4.69043232e+00  2.99176768e+00  4.69043232e+00  5.98946423e+00 
 4.74475225e+00  2.99284471e+00  4.74475225e+00  5.92135961e+00 
 4.79970127e+00  2.99389748e+00  4.79970127e+00  5.85401788e+00 
 4.85528665e+00  2.99492652e+00  4.85528665e+00  5.78743087e+00 
 4.91151577e+00  2.99593238e+00  4.91151577e+00  5.72159045e+00 
 4.96839608e+00  2.99691556e+00  4.96839608e+00  5.65648861e+00 
 5.02593512e+00  2.99787657e+00  5.02593512e+00  5.59211737e+00 
 5.08414052e+00  2.99881592e+00  5.08414052e+00  5.52846885e+00 
 5.14302000e+00  2.99973407e+00  5.14302000e+00  5.46553524e+00 
 5.20258136e+00  3.00063151e+00  5.20258136e+00  5.40330881e+00 
 5.26283250e+00  3.00150869e+00  5.26283250e+00  5.34178189e+00 
 5.32378141e+00  3.00236608e+00  5.32378141e+00  5.28094689e+00 
 5.38543617e+00  3.00320411e+00  5.38543617e+00  5.22079630e+00 
 5.44780495e+00  3.00402322e+00  5.44780495e+00  5.16132266e+00 
 5.51089603e+00  3.00482384e+00  5.51089603e+00  5.10251861e+00 
 5.57471776e+00  3.00560637e+00  5.57471776e+00  5.04437684e+00 
 5.63927862e+00  3.00637122e+00  5.63927862e+00  4.98689013e+00 
 5.70458716e+00  3.00711878e+00  5.70458716e+00  4.93005132e+00 
 5.77065203e+00  3.00784946e+00  5.77065203e+00  4.87385331e+00 
 5.83748200e+00  3.00856362e+00  5.83748200e+00  4.81828908e+00 
 5.90508593e+00  3.00926163e+00  5.90508593e+00  4.76335170e+00 
 5.97347279e+00  3.00994386e+00  5.97347279e+00  4.70903427e+00 
 6.04265163e+00  3.01061067e+00  6.04265163e+00  4.65532999e+00 
 6.11263163e+00  3.01126239e+00  6.11263163e+00  4.60223212e+00 
 6.18342207e+00  3.01189937e+00  6.18342207e+00  4.54973397e+00 
 6.25503234e+00  3.01252194e+00  6.25503234e+00  4.49782895e+00 
 6.32747192e+00  3.01313042e+00  6.32747192e+00  4.44651050e+00 
 6.40075043e+00  3.01372513e+00  6.40075043e+00  4.39577216e+00 
 6.47487758e+00  3.01430639e+00  6.47487758e+00  4.34560751e+00 
 6.54986319e+00  3.01487448e+00  6.54986319e+00  4.29601022e+00 
 6.62571722e+00  3.01542972e+00  6.62571722e+00  4.24697399e+00 
 6.70244971e+00  3.01597238e+00  6.70244971e+00  4.19849263e+00 
 6.78007084e+00  3.01650276e+00  6.78007084e+00  4.15055997e+00 
 6.85859090e+00  3.01702112e+00  6.85859090e+00  4.10316993e+00 
 6.93802030e+00  3.01752774e+00  6.93802030e+00  4.05631649e+00 
 7.01836957e+00  3.01802289e+00  7.01836957e+00  4.00999369e+00 
 7.09964937e+00  3.01850682e+00  7.09964937e+00  3.96419562e+00 
 7.18187048e+00  3.01897978e+00  7.18187048e+00  3.91891644e+00 
 7.26504378e+00  3.01944203e+00  7.26504378e+00  3.87415039e+00 
 7.34918032e+00  3.01989380e+00  7.34918032e+00  3.82989174e+00 
 7.43429124e+00  3.02033533e+00  7.43429124e+00  3.78613483e+00 
 7.52038784e+00  3.02076685e+00  7.52038784e+00  3.74287407e+00 
 7.60748151e+00  3.02118859e+00  7.60748151e+00  3.70010393e+00 
 7.69558382e+00  3.02160077e+00  7.69558382e+00  3.65781891e+00 
 7.78470645e+00  3.02200361e+00  7.78470645e+00  3.61601360e+00 
 7.87486120e+00  3.02239731e+00  7.87486120e+00  3.57468263e+00 
 7.96606004e+00  3.02278208e+00  7.96606004e+00  3.53382069e+00 
 8.05831505e+00  3.02315813e+00  8.05831505e+00  3.49342254e+00 
 8.15163847e+00  3.02352565e+00  8.15163847e+00  3.45348297e+00 
 8.24604267e+00  3.02388483e+00  8.24604267e+00  3.41399685e+00 
 8.34154016e+00  3.02423586e+00  8.34154016e+00  3.37495909e+00 
 8.43814361e+00  3.02457893e+00  8.43814361e+00  3.33636465e+00 
 8.53586583e+00  3.02491421e+00  8.53586583e+00  3.29820858e+00 
 8.63471977e+00  3.02524189e+00  8.63471977e+00  3.26048592e+00 
 8.73471853e+00  3.02556213e+00  8.73471853e+00  3.22319183e+00 
 8.83587539e+00  3.02587511e+00  8.83587539e+00  3.18632148e+00 
 8.93820374e+00  3.02618098e+00  8.93820374e+00  3.14987010e+00 
 9.04171716e+00  3.02647991e+00  9.04171716e+00  3.11383298e+00 
 9.14642936e+00  3.02677205e+00  9.14642936e+00  3.07820545e+00 
 9.25235424e+00  3.02705757e+00  9.25235424e+00  3.04298290e+00 
 9.35950584e+00  3.02733660e+00  9.35950584e+00  3.00816076e+00 
 9.46789836e+00  3.02760930e+00  9.46789836e+00  2.97373453e+00 
 9.57754617e+00  3.02787580e+00  9.57754617e+00  2.93969974e+00 
 9.68846382e+00  3.02813626e+00  9.68846382e+00  2.90605197e+00 
 9.80066601e+00  3.02839080e+00  9.80066601e+00  2.87278684e+00 
 9.91416761e+00  3.02863956e+00  9.91416761e+00  2.83990005e+00 
 1.00289837e+01  3.02888267e+00  1.00289837e+01  2.80738732e+00 
 1.01451294e+01  3.02912027e+00  1.01451294e+01  2.77524441e+00 
 1.02626203e+01  3.02935246e+00  1.02626203e+01  2.74346715e+00 
 1.03814717e+01  3.02957938e+00  1.03814717e+01  2.71205141e+00 
 1.05016997e+01  3.02980115e+00  1.05016997e+01  2.68099309e+00 
 1.06233199e+01  3.03001788e+00  1.06233199e+01  2.65028815e+00 
 1.07463487e+01  3.03022969e+00  1.07463487e+01  2.61993259e+00 
 1.08708023e+01  3.03043669e+00  1.08708023e+01  2.58992244e+00 
 1.09966971e+01  3.03063898e+00  1.09966971e+01  2.56025381e+00 
 1.11240500e+01  3.03083668e+00  1.11240500e+01  2.53092281e+00 
 1.12528777e+01  3.03102989e+00  1.12528777e+01  2.50192563e+00 
 1.13831974e+01  3.03121870e+00  1.13831974e+01  2.47325847e+00 
 1.15150263e+01  3.03140323e+00  1.15150263e+01  2.44491759e+00 
 1.16483819e+01  3.03158357e+00  1.16483819e+01  2.41689928e+00 
 1.17832819e+01  3.03175980e+00  1.17832819e+01  2.38919990e+00 
 1.19197442e+01  3.03193204e+00  1.19197442e+01  2.36181581e+00 
 1.20577869e+01  3.03210036e+00  1.20577869e+01  2.33474344e+00 
 1.21974282e+01  3.03226485e+00  1.21974282e+01  2.30797924e+00 
 1.23386867e+01  3.03242560e+00  1.23386867e+01  2.28151972e+00 
 1.24815812e+01  3.03258271e+00  1.24815812e+01  2.25536141e+00 
 1.26261305e+01  3.03273624e+00  1.26261305e+01  2.22950087e+00 
 1.27723538e+01  3.03288628e+00  1.27723538e+01  2.20393474e+00 
 1.29202705e+01  3.03303291e+00  1.29202705e+01  2.17865966e+00 
 1.30699003e+01  3.03317621e+00  1.30699003e+01  2.15367231e+00 
 1.32212629e+01  3.03331626e+00  1.32212629e+01  2.12896942e+00 
 1.33743785e+01  3.03345312e+00  1.33743785e+01  2.10454776e+00 
 1.35292673e+01  3.03358686e+00  1.35292673e+01  2.08040412e+00 
 1.36859499e+01  3.03371757e+00  1.36859499e+01  2.05653533e+00 
 1.38444470e+01  3.03384531e+00  1.38444470e+01  2.03293826e+00 
 1.40047796e+01  3.03397014e+00  1.40047796e+01  2.00960982e+00 
 1.41669691e+01  3.03409214e+00  1.41669691e+01  1.98654694e+00 
 1.43310369e+01  3.03421136e+00  1.43310369e+01  1.96374659e+00 
 1.44970048e+01  3.03432788e+00  1.44970048e+01  1.94120579e+00 
 1.46648947e+01  3.03444174e+00  1.46648947e+01  1.91892156e+00 
 1.48347290e+01  3.03455302e+00  1.48347290e+01  1.89689099e+00 
 1.50065301e+01  3.03466176e+00  1.50065301e+01  1.87511117e+00 
 1.51803209e+01  3.03476803e+00  1.51803209e+01  1.85357924e+00 
 1.53561243e+01  3.03487189e+00  1.53561243e+01  1.83229238e+00 
 1.55339637e+01  3.03497339e+00  1.55339637e+01  1.81124779e+00 
 1.57138627e+01  3.03507258e+00  1.57138627e+01  1.79044269e+00 
 1.58958451e+01  3.03516951e+00  1.58958451e+01  1.76987435e+00 
 1.60799350e+01  3.03526424e+00  1.60799350e+01  1.74954006e+00 
 1.62661569e+01  3.03535681e+00  1.62661569e+01  1.72943715e+00 
 1.64545354e+01  3.03544728e+00  1.64545354e+01  1.70956298e+00 
 1.66450955e+01  3.03553570e+00  1.66450955e+01  1.68991492e+00 
 1.68378625e+01  3.03562210e+00  1.68378625e+01  1.67049039e+00 
 1.70328619e+01  3.03570654e+00  1.70328619e+01  1.65128683e+00 
 1.72301197e+01  3.03578906e+00  1.72301197e+01  1.63230172e+00 
 1.74296618e+01  3.03586970e+00  1.74296618e+01  1.61353255e+00 
 1.76315149e+01  3.03594851e+00  1.76315149e+01  1.59497685e+00 
 1.78357056e+01  3.03602553e+00  1.78357056e+01  1.57663217e+00 
 1.80422611e+01  3.03610080e+00  1.80422611e+01  1.55849610e+00 
 1.82512087e+01  3.03617435e+00  1.82512087e+01  1.54056625e+00 
 1.84625761e+01  3.03624623e+00  1.84625761e+01  1.52284026e+00 
 1.86763914e+01  3.03631648e+00  1.86763914e+01  1.50531578e+00 
 1.88926828e+01  3.03638513e+00  1.88926828e+01  1.48799050e+00 
 1.91114791e+01  3.03645222e+00  1.91114791e+01  1.47086215e+00 
 1.93328093e+01  3.03651779e+00  1.93328093e+01  1.45392847e+00 
 1.95567028e+01  3.03658186e+00  1.95567028e+01  1.43718721e+00 
 1.97831891e+01  3.03664447e+00  1.97831891e+01  1.42063618e+00 
 2.00122984e+01  3.03670567e+00  2.00122984e+01  1.40427318e+00 
 2.02440610e+01  3.03676547e+00  2.02440610e+01  1.38809606e+00 
 2.04785077e+01  3.03682391e+00  2.04785077e+01  1.37210269e+00 
 2.07156695e+01  3.03688102e+00  2.07156695e+01  1.35629095e+00 
 2.09555778e+01  3.03693684e+00  2.09555778e+01  1.34065876e+00 
 2.11982645e+01  3.03699138e+00  2.11982645e+01  1.32520405e+00 
 2.14437618e+01  3.03704468e+00  2.14437618e+01  1.30992479e+00 
 2.16921022e+01  3.03709678e+00  2.16921022e+01  1.29481895e+00 
 2.19433187e+01  3.03714769e+00  2.19433187e+01  1.27988454e+00 
 2.21974444e+01  3.03719744e+00  2.21974444e+01  1.26511960e+00 
 2.24545132e+01  3.03724605e+00  2.24545132e+01  1.25052216e+00 
 2.27145591e+01  3.03729357e+00  2.27145591e+01  1.23609030e+00 
 2.29776167e+01  3.03734000e+00  2.29776167e+01  1.22182212e+00 
 2.32437206e+01  3.03738538e+00  2.32437206e+01  1.20771573e+00 
 2.35129064e+01  3.03742972e+00  2.35129064e+01  1.19376927e+00 
 2.37852095e+01  3.03747306e+00  2.37852095e+01  1.17998089e+00 
 2.40606663e+01  3.03751541e+00  2.40606663e+01  1.16634878e+00 
 2.43393131e+01  3.03755680e+00  2.43393131e+01  1.15287113e+00 
 2.46211869e+01  3.03759725e+00  2.46211869e+01  1.13954616e+00 
 2.49063250e+01  3.03763678e+00  2.49063250e+01  1.12637210e+00 
 2.51947654e+01  3.03767541e+00  2.51947654e+01  1.11334723e+00 
 2.54865462e+01  3.03771316e+00  2.54865462e+01  1.10046981e+00 
 2.57817061e+01  3.03775005e+00  2.57817061e+01  1.08773814e+00 
 2.60802843e+01  3.03778610e+00  2.60802843e+01  1.07515055e+00 
 2.63823203e+01  3.03782134e+00  2.63823203e+01  1.06270537e+00 
 2.66878542e+01  3.03785577e+00  2.66878542e+01  1.05040094e+00 
 2.69969265e+01  3.03788942e+00  2.69969265e+01  1.03823565e+00 
 2.73095781e+01  3.03792231e+00  2.73095781e+01  1.02620789e+00 
 2.76258506e+01  3.03795444e+00  2.76258506e+01  1.01431606e+00 
 2.79457858e+01  3.03798585e+00  2.79457858e+01  1.00255860e+00 
 2.82694262e+01  3.03801654e+00  2.82694262e+01  9.90933941e-01 
 2.85968147e+01  3.03804654e+00  2.85968147e+01  9.79440555e-01 
 2.89279946e+01  3.03807585e+00  2.89279946e+01  9.68076919e-01 
 2.92630100e+01  3.03810449e+00  2.92630100e+01  9.56841531e-01 
 2.96019052e+01  3.03813249e+00  2.96019052e+01  9.45732903e-01 
 2.99447251e+01  3.03815985e+00  2.99447251e+01  9.34749567e-01 
 3.02915152e+01  3.03818658e+00  3.02915152e+01  9.23890069e-01 
 3.06423215e+01  3.03821271e+00  3.06423215e+01  9.13152973e-01 
 3.09971905e+01  3.03823825e+00  3.09971905e+01  9.02536857e-01 
 3.13561693e+01  3.03826320e+00  3.13561693e+01  8.92040318e-01 
 3.17193054e+01  3.03828758e+00  3.17193054e+01  8.81661967e-01 
 3.20866469e+01  3.03831142e+00  3.20866469e+01  8.71400429e-01 
 3.24582427e+01  3.03833471e+00  3.24582427e+01  8.61254348e-01 
 3.28341419e+01  3.03835747e+00  3.28341419e+01  8.51222380e-01 
 3.32143943e+01  3.03837971e+00  3.32143943e+01  8.41303198e-01 
 3.35990505e+01  3.03840145e+00  3.35990505e+01  8.31495489e-01 
 3.39881614e+01  3.03842269e+00  3.39881614e+01  8.21797955e-01 
 3.43817786e+01  3.03844345e+00  3.43817786e+01  8.12209313e-01 
 3.47799543e+01  3.03846373e+00  3.47799543e+01  8.02728293e-01 
 3.51827413e+01  3.03848356e+00  3.51827413e+01  7.93353640e-01 
 3.55901929e+01  3.03850294e+00  3.55901929e+01  7.84084113e-01 
 3.60023633e+01  3.03852187e+00  3.60023633e+01  7.74918485e-01 
 3.64193070e+01  3.03854038e+00  3.64193070e+01  7.65855544e-01 
 3.68410793e+01  3.03855846e+00  3.68410793e+01  7.56894088e-01 
 3.72677361e+01  3.03857613e+00  3.72677361e+01  7.48032932e-01 
 3.76993341e+01  3.03859340e+00  3.76993341e+01  7.39270903e-01 
 3.81359304e+01  3.03861028e+00  3.81359304e+01  7.30606840e-01 
 3.85775830e+01  3.03862677e+00  3.85775830e+01  7.22039596e-01 
 3.90243503e+01  3.03864289e+00  3.90243503e+01  7.13568037e-01 
 3.94762917e+01  3.03865864e+00  3.94762917e+01  7.05191041e-01 
 3.99334670e+01  3.03867404e+00  3.99334670e+01  6.96907499e-01 
 4.03959368e+01  3.03868908e+00  4.03959368e+01  6.88716315e-01 
 4.08637625e+01  3.03870378e+00  4.08637625e+01  6.80616402e-01 
 4.13370061e+01  3.03871815e+00  4.13370061e+01  6.72606690e-01 
 4.18157303e+01  3.03873219e+00  4.18157303e+01  6.64686116e-01 
 4.22999987e+01  3.03874591e+00  4.22999987e+01  6.56853633e-01 
 4.27898753e+01  3.03875932e+00  4.27898753e+01  6.49108202e-01 
 4.32854253e+01  3.03877243e+00  4.32854253e+01  6.41448799e-01 
 4.37867142e+01  3.03878523e+00  4.37867142e+01  6.33874408e-01 
 4.42938085e+01  3.03879775e+00  4.42938085e+01  6.26384026e-01 
 4.48067755e+01  3.03880998e+00  4.48067755e+01  6.18976662e-01 
 4.53256831e+01  3.03882193e+00  4.53256831e+01  6.11651334e-01 
 4.58506003e+01  3.03883361e+00  4.58506003e+01  6.04407073e-01 
 4.63815965e+01  3.03884502e+00  4.63815965e+01  5.97242917e-01 
 4.69187422e+01  3.03885618e+00  4.69187422e+01  5.90157919e-01 
 4.74621085e+01  3.03886708e+00  4.74621085e+01  5.83151140e-01 
 4.80117676e+01  3.03887773e+00  4.80117676e+01  5.76221652e-01 
 4.85677923e+01  3.03888814e+00  4.85677923e+01  5.69368537e-01 
 4.91302564e+01  3.03889831e+00  4.91302564e+01  5.62590888e-01 
 4.96992343e+01  3.03890826e+00  4.96992343e+01  5.55887805e-01 
 5.02748016e+01  3.03891797e+00  5.02748016e+01  5.49258402e-01 
 5.08570345e+01  3.03892747e+00  5.08570345e+01  5.42701800e-01 
 5.14460103e+01  3.03893675e+00  5.14460103e+01  5.36217130e-01 
 5.20418070e+01  3.03894581e+00  5.20418070e+01  5.29803534e-01 
 5.26445036e+01  3.03895467e+00  5.26445036e+01  5.23460161e-01 
 5.32541801e+01  3.03896333e+00  5.32541801e+01  5.17186172e-01 
 5.38709172e+01  3.03897180e+00  5.38709172e+01  5.10980735e-01 
 5.44947968e+01  3.03898007e+00  5.44947968e+01  5.04843028e-01 
 5.51259015e+01  3.03898815e+00  5.51259015e+01  4.98772238e-01 
 5.57643151e+01  3.03899604e+00  5.57643151e+01  4.92767560e-01 
 5.64101221e+01  3.03900376e+00  5.64101221e+01  4.86828199e-01 
 5.70634082e+01  3.03901130e+00  5.70634082e+01  4.80953368e-01 
 5.77242601e+01  3.03901867e+00  5.77242601e+01  4.75142289e-01 
 5.83927652e+01  3.03902588e+00  5.83927652e+01  4.69394191e-01 
 5.90690124e+01  3.03903291e+00  5.90690124e+01  4.63708313e-01 
 5.97530911e+01  3.03903979e+00  5.97530911e+01  4.58083901e-01 
 6.04450922e+01  3.03904651e+00  6.04450922e+01  4.52520211e-01 
 6.11451073e+01  3.03905308e+00  6.11451073e+01  4.47016505e-01 
 6.18532294e+01  3.03905950e+00  6.18532294e+01  4.41572053e-01 
 6.25695522e+01  3.03906577e+00  6.25695522e+01  4.36186135e-01 
 6.32941707e+01  3.03907190e+00  6.32941707e+01  4.30858036e-01 
 6.40271811e+01  3.03907789e+00  6.40271811e+01  4.25587051e-01 
 6.47686804e+01  3.03908375e+00  6.47686804e+01  4.20372481e-01 
 6.55187671e+01  3.03908947e+00  6.55187671e+01  4.15213636e-01 
 6.62775405e+01  3.03909505e+00  6.62775405e+01  4.10109830e-01 
 6.70451013e+01  3.03910052e+00  6.70451013e+01  4.05060389e-01 
 6.78215512e+01  3.03910585e+00  6.78215512e+01  4.00064642e-01 
 6.86069932e+01  3.03911107e+00  6.86069932e+01  3.95121929e-01 
 6.94015314e+01  3.03911617e+00  6.94015314e+01  3.90231593e-01 
 7.02052711e+01  3.03912115e+00  7.02052711e+01  3.85392988e-01 
 7.10183190e+01  3.03912601e+00  7.10183190e+01  3.80605470e-01 
 7.18407828e+01  3.03913077e+00  7.18407828e+01  3.75868407e-01 
 7.26727715e+01  3.03913542e+00  7.26727715e+01  3.71181170e-01 
 7.35143955e+01  3.03913996e+00  7.35143955e+01  3.66543138e-01 
 7.43657664e+01  3.03914440e+00  7.43657664e+01  3.61953697e-01 
 7.52269970e+01  3.03914873e+00  7.52269970e+01  3.57412237e-01 
 7.60982015e+01  3.03915297e+00  7.60982015e+01  3.52918158e-01 
 7.69794955e+01  3.03915711e+00  7.69794955e+01  3.48470864e-01 
 7.78709957e+01  3.03916116e+00  7.78709957e+01  3.44069765e-01 
 7.87728204e+01  3.03916511e+00  7.87728204e+01  3.39714277e-01 
 7.96850891e+01  3.03916897e+00  7.96850891e+01  3.35403825e-01 
 8.06079229e+01  3.03917275e+00  8.06079229e+01  3.31137835e-01 
 8.15414439e+01  3.03917644e+00  8.15414439e+01  3.26915744e-01 
 8.24857761e+01  3.03918004e+00  8.24857761e+01  3.22736991e-01 
 8.34410446e+01  3.03918356e+00  8.34410446e+01  3.18601023e-01 
 8.44073761e+01  3.03918700e+00  8.44073761e+01  3.14507291e-01 
 8.53848987e+01  3.03919037e+00  8.53848987e+01  3.10455252e-01 
 8.63737419e+01  3.03919365e+00  8.63737419e+01  3.06444370e-01 
 8.73740370e+01  3.03919686e+00  8.73740370e+01  3.02474113e-01 
 8.83859165e+01  3.03920000e+00  8.83859165e+01  2.98543955e-01 
 8.94095146e+01  3.03920306e+00  8.94095146e+01  2.94653375e-01 
 9.04449670e+01  3.03920606e+00  9.04449670e+01  2.90801857e-01 
 9.14924110e+01  3.03920898e+00  9.14924110e+01  2.86988891e-01 
 9.25519854e+01  3.03921184e+00  9.25519854e+01  2.83213971e-01 
 9.36238307e+01  3.03921463e+00  9.36238307e+01  2.79476596e-01 
 9.47080892e+01  3.03921736e+00  9.47080892e+01  2.75776273e-01 
 9.58049044e+01  3.03922003e+00  9.58049044e+01  2.72112509e-01 
 9.69144218e+01  3.03922263e+00  9.69144218e+01  2.68484820e-01 
 9.80367886e+01  3.03922518e+00  9.80367886e+01  2.64892724e-01 
 9.91721535e+01  3.03922766e+00  9.91721535e+01  2.61335745e-01 
 1.00320667e+02  3.03923009e+00  1.00320667e+02  2.57813413e-01 
 1.01482482e+02  3.03923247e+00  1.01482482e+02  2.54325259e-01 
 1.02657751e+02  3.03923478e+00  1.02657751e+02  2.50870822e-01 
 1.03846632e+02  3.03923705e+00  1.03846632e+02  2.47449644e-01 
 1.05049280e+02  3.03923926e+00  1.05049280e+02  2.44061270e-01 
 1.06265857e+02  3.03924142e+00  1.06265857e+02  2.40705253e-01 
 1.07496523e+02  3.03924354e+00  1.07496523e+02  2.37381147e-01 
 1.08741441e+02  3.03924560e+00  1.08741441e+02  2.34088512e-01 
 1.10000777e+02  3.03924761e+00  1.10000777e+02  2.30826910e-01 
 1.11274697e+02  3.03924958e+00  1.11274697e+02  2.27595911e-01 
 1.12563370e+02  3.03925151e+00  1.12563370e+02  2.24395084e-01 
 1.13866967e+02  3.03925338e+00  1.13866967e+02  2.21224007e-01 
 1.15185661e+02  3.03925522e+00  1.15185661e+02  2.18082259e-01 
 1.16519628e+02  3.03925701e+00  1.16519628e+02  2.14969422e-01 
 1.17869043e+02  3.03925876e+00  1.17869043e+02  2.11885086e-01 
 1.19234085e+02  3.03926047e+00  1.19234085e+02  2.08828840e-01 
 1.20614936e+02  3.03926214e+00  1.20614936e+02  2.05800280e-01 
 1.22011779e+02  3.03926377e+00  1.22011779e+02  2.02799004e-01 
 1.23424798e+02  3.03926536e+00  1.23424798e+02  1.99824614e-01 
 1.24854182e+02  3.03926692e+00  1.24854182e+02  1.96876716e-01 
 1.26300119e+02  3.03926844e+00  1.26300119e+02  1.93954919e-01 
 1.27762802e+02  3.03926992e+00  1.27762802e+02  1.91058836e-01 
 1.29242424e+02  3.03927137e+00  1.29242424e+02  1.88188083e-01 
 1.30739182e+02  3.03927278e+00  1.30739182e+02  1.85342279e-01 
 1.32253273e+02  3.03927416e+00  1.32253273e+02  1.82521047e-01 
 1.33784900e+02  3.03927551e+00  1.33784900e+02  1.79724014e-01 
 1.35334264e+02  3.03927683e+00  1.35334264e+02  1.76950807e-01 
 1.36901571e+02  3.03927811e+00  1.36901571e+02  1.74201061e-01 
 1.38487029e+02  3.03927937e+00  1.38487029e+02  1.71474409e-01 
 1.40090849e+02  3.03928059e+00  1.40090849e+02  1.68770491e-01 
 1.41713242e+02  3.03928179e+00  1.41713242e+02  1.66088949e-01 
 1.43354425e+02  3.03928296e+00  1.43354425e+02  1.63429425e-01 
 1.45014614e+02  3.03928409e+00  1.45014614e+02  1.60791570e-01 
 1.46694029e+02  3.03928521e+00  1.46694029e+02  1.58175031e-01 
 1.48392894e+02  3.03928629e+00  1.48392894e+02  1.55579463e-01 
 1.50111433e+02  3.03928735e+00  1.50111433e+02  1.53004521e-01 
 1.51849875e+02  3.03928838e+00  1.51849875e+02  1.50449865e-01 
 1.53608450e+02  3.03928939e+00  1.53608450e+02  1.47915155e-01 
 1.55387391e+02  3.03929037e+00  1.55387391e+02  1.45400055e-01 
 1.57186933e+02  3.03929133e+00  1.57186933e+02  1.42904232e-01 
 1.59007317e+02  3.03929227e+00  1.59007317e+02  1.40427355e-01 
 1.60848782e+02  3.03929318e+00  1.60848782e+02  1.37969096e-01 
 1.62711573e+02  3.03929407e+00  1.62711573e+02  1.35529129e-01 
 1.64595937e+02  3.03929494e+00  1.64595937e+02  1.33107130e-01 
 1.66502124e+02  3.03929579e+00  1.66502124e+02  1.30702778e-01 
 1.68430387e+02  3.03929662e+00  1.68430387e+02  1.28315755e-01 
 1.70380981e+02  3.03929742e+00  1.70380981e+02  1.25945744e-01 
 1.72354164e+02  3.03929821e+00  1.72354164e+02  1.23592430e-01 
 1.74350199e+02  3.03929897e+00  1.74350199e+02  1.21255502e-01 
 1.76369351e+02  3.03929972e+00  1.76369351e+02  1.18934651e-01 
 1.78411886e+02  3.03930044e+00  1.78411886e+02  1.16629567e-01 
 1.80478075e+02  3.03930115e+00  1.80478075e+02  1.14339946e-01 
 1.82568193e+02  3.03930184e+00  1.82568193e+02  1.12065485e-01 
 1.84682517e+02  3.03930251e+00  1.84682517e+02  1.09805881e-01 
 1.86821327e+02  3.03930316e+00  1.86821327e+02  1.07560835e-01 
 1.88984907e+02  3.03930380e+00  1.88984907e+02  1.05330049e-01 
 1.91173543e+02  3.03930442e+00  1.91173543e+02  1.03113228e-01 
 1.93387525e+02  3.03930502e+00  1.93387525e+02  1.00910078e-01 
 1.95627148e+02  3.03930561e+00  1.95627148e+02  9.87203068e-02 
 1.97892707e+02  3.03930618e+00  1.97892707e+02  9.65436237e-02 
 2.00184505e+02  3.03930674e+00  2.00184505e+02  9.43797403e-02 
 2.02502843e+02  3.03930728e+00  2.02502843e+02  9.22283698e-02 
 2.04848030e+02  3.03930780e+00  2.04848030e+02  9.00892270e-02 
 2.07220377e+02  3.03930831e+00  2.07220377e+02  8.79620283e-02 
 2.09620198e+02  3.03930881e+00  2.09620198e+02  8.58464915e-02 
 2.12047812e+02  3.03930929e+00  2.12047812e+02  8.37423364e-02 
 2.14503539e+02  3.03930976e+00  2.14503539e+02  8.16492838e-02 
 2.16987707e+02  3.03931021e+00  2.16987707e+02  7.95670564e-02 
 2.19500643e+02  3.03931065e+00  2.19500643e+02  7.74953780e-02 
 2.22042682e+02  3.03931108e+00  2.22042682e+02  7.54339740e-02 
 2.24614160e+02  3.03931149e+00  2.24614160e+02  7.33825711e-02 
 2.27215419e+02  3.03931189e+00  2.27215419e+02  7.13408972e-02 
 2.29846803e+02  3.03931228e+00  2.29846803e+02  6.93086819e-02 
 2.32508661e+02  3.03931266e+00  2.32508661e+02  6.72856555e-02 
 2.35201345e+02  3.03931302e+00  2.35201345e+02  6.52715499e-02 
 2.37925214e+02  3.03931337e+00  2.37925214e+02  6.32660980e-02 
 2.40680628e+02  3.03931371e+00  2.40680628e+02  6.12690340e-02 
 2.43467953e+02  3.03931404e+00  2.43467953e+02  5.92800932e-02 
 2.46287557e+02  3.03931436e+00  2.46287557e+02  5.72990117e-02 
 2.49139816e+02  3.03931466e+00  2.49139816e+02  5.53255270e-02 
 2.52025106e+02  3.03931496e+00  2.52025106e+02  5.33593774e-02 
 2.54943811e+02  3.03931524e+00  2.54943811e+02  5.14003023e-02 
 2.57896318e+02  3.03931551e+00  2.57896318e+02  4.94480418e-02 
 2.60883017e+02  3.03931577e+00  2.60883017e+02  4.75023373e-02 
 2.63904306e+02  3.03931603e+00  2.63904306e+02  4.55629306e-02 
 2.66960584e+02  3.03931627e+00  2.66960584e+02  4.36295647e-02 
 2.70052257e+02  3.03931650e+00  2.70052257e+02  4.17019833e-02 
 2.73179734e+02  3.03931672e+00  2.73179734e+02  3.97799308e-02 
 2.76343431e+02  3.03931693e+00  2.76343431e+02  3.78631523e-02 
 2.79543767e+02  3.03931713e+00  2.79543767e+02  3.59513938e-02 
 2.82781166e+02  3.03931732e+00  2.82781166e+02  3.40444018e-02 
 2.86056057e+02  3.03931750e+00  2.86056057e+02  3.21419234e-02 
 2.89368875e+02  3.03931767e+00  2.89368875e+02  3.02437064e-02 
 2.92720058e+02  3.03931783e+00  2.92720058e+02  2.83494991e-02 
 2.96110052e+02  3.03931798e+00  2.96110052e+02  2.64590505e-02 
 2.99539305e+02  3.03931813e+00  2.99539305e+02  2.45721098e-02 
 3.03008272e+02  3.03931826e+00  3.03008272e+02  2.26884270e-02 
 3.06517414e+02  3.03931839e+00  3.06517414e+02  2.08077522e-02 
 3.10067195e+02  3.03931850e+00  3.10067195e+02  1.89298361e-02 
 3.13658086e+02  3.03931861e+00  3.13658086e+02  1.70544297e-02 
 3.17290563e+02  3.03931870e+00  3.17290563e+02  1.51812844e-02 
 3.20965108e+02  3.03931879e+00  3.20965108e+02  1.33101519e-02 
 3.24682207e+02  3.03931887e+00  3.24682207e+02  1.14407841e-02 
 3.28442355e+02  3.03931894e+00  3.28442355e+02  9.57293305e-03 
 3.32246049e+02  3.03931900e+00  3.32246049e+02  7.70635122e-03 
 3.36093793e+02  3.03931905e+00  3.36093793e+02  5.84079108e-03 
 3.39986099e+02  3.03931910e+00  3.39986099e+02  3.97600532e-03 
 3.43923481e+02  3.03931913e+00  3.43923481e+02  2.11174669e-03 
 3.47906461e+02  3.03931916e+00  3.47906461e+02  2.47768033e-04 
 3.51935569e+02  3.03931918e+00  3.51935569e+02 -1.61617779e-03 
 3.56011338e+02  3.03931918e+00  3.56011338e+02 -3.48033790e-03 
 3.60134309e+02  3.03931918e+00  3.60134309e+02 -5.34495946e-03 
 3.64305027e+02  3.03931917e+00  3.64305027e+02 -7.21028967e-03 
 3.68524047e+02  3.03931916e+00  3.68524047e+02 -9.07657584e-03 
 3.72791927e+02  3.03931913e+00  3.72791927e+02 -1.09440654e-02 
 3.77109234e+02  3.03931910e+00  3.77109234e+02 -1.28130060e-02 
 3.81476539e+02  3.03931905e+00  3.81476539e+02 -1.46836453e-02 
 3.85894423e+02  3.03931900e+00  3.85894423e+02 -1.65562315e-02 
 3.90363469e+02  3.03931894e+00  3.90363469e+02 -1.84310127e-02 
 3.94884272e+02  3.03931887e+00  3.94884272e+02 -2.03082376e-02 
 3.99457430e+02  3.03931879e+00  3.99457430e+02 -2.21881549e-02 
 4.04083550e+02  3.03931870e+00  4.04083550e+02 -2.40710140e-02 
 4.08763246e+02  3.03931860e+00  4.08763246e+02 -2.59570645e-02 
 4.13497136e+02  3.03931849e+00  4.13497136e+02 -2.78465565e-02 
 4.18285850e+02  3.03931838e+00  4.18285850e+02 -2.97397404e-02 
 4.23130023e+02  3.03931825e+00  4.23130023e+02 -3.16368672e-02 
 4.28030295e+02  3.03931812e+00  4.28030295e+02 -3.35381886e-02 
 4.32987318e+02  3.03931798e+00  4.32987318e+02 -3.54439564e-02 
 4.38001748e+02  3.03931782e+00  4.38001748e+02 -3.73544236e-02 
 4.43074250e+02  3.03931766e+00  4.43074250e+02 -3.92698432e-02 
 4.48205497e+02  3.03931749e+00  4.48205497e+02 -4.11904693e-02 
 4.53396168e+02  3.03931731e+00  4.53396168e+02 -4.31165566e-02 
 4.58646954e+02  3.03931712e+00  4.58646954e+02 -4.50483603e-02 
 4.63958548e+02  3.03931692e+00  4.63958548e+02 -4.69861366e-02 
 4.69331656e+02  3.03931670e+00  4.69331656e+02 -4.89301424e-02 
 4.74766990e+02  3.03931648e+00  4.74766990e+02 -5.08806354e-02 
 4.80265271e+02  3.03931625e+00  4.80265271e+02 -5.28378743e-02 
 4.85827227e+02  3.03931601e+00  4.85827227e+02 -5.48021185e-02 
 4.91453597e+02  3.03931576e+00  4.91453597e+02 -5.67736285e-02 
 4.97145125e+02  3.03931550e+00  4.97145125e+02 -5.87526656e-02 
 5.02902567e+02  3.03931522e+00  5.02902567e+02 -6.07394923e-02 
 5.08726686e+02  3.03931494e+00  5.08726686e+02 -6.27343719e-02 
 5.14618255e+02  3.03931464e+00  5.14618255e+02 -6.47375689e-02 
 5.20578053e+02  3.03931434e+00  5.20578053e+02 -6.67493489e-02 
 5.26606872e+02  3.03931402e+00  5.26606872e+02 -6.87699786e-02 
 5.32705511e+02  3.03931369e+00  5.32705511e+02 -7.07997259e-02 
 5.38874778e+02  3.03931335e+00  5.38874778e+02 -7.28388600e-02 
 5.45115492e+02  3.03931300e+00  5.45115492e+02 -7.48876512e-02 
 5.51428479e+02  3.03931263e+00  5.51428479e+02 -7.69463710e-02 
 5.57814577e+02  3.03931226e+00  5.57814577e+02 -7.90152925e-02 
 5.64274633e+02  3.03931187e+00  5.64274633e+02 -8.10946900e-02 
 5.70809503e+02  3.03931147e+00  5.70809503e+02 -8.31848391e-02 
 5.77420053e+02  3.03931105e+00  5.77420053e+02 -8.52860169e-02 
 5.84107159e+02  3.03931062e+00  5.84107159e+02 -8.73985020e-02 
 5.90871709e+02  3.03931018e+00  5.90871709e+02 -8.95225746e-02 
 5.97714600e+02  3.03930973e+00  5.97714600e+02 -9.16585161e-02 
 6.04636738e+02  3.03930926e+00  6.04636738e+02 -9.38066098e-02 
 6.11639042e+02  3.03930878e+00  6.11639042e+02 -9.59671404e-02 
 6.18722439e+02  3.03930828e+00  6.18722439e+02 -9.81403945e-02 
 6.25887869e+02  3.03930777e+00  6.25887869e+02 -1.00326660e-01 
 6.33136282e+02  3.03930724e+00  6.33136282e+02 -1.02526227e-01 
 6.40468639e+02  3.03930670e+00  6.40468639e+02 -1.04739387e-01 
 6.47885912e+02  3.03930615e+00  6.47885912e+02 -1.06966433e-01 
 6.55389084e+02  3.03930558e+00  6.55389084e+02 -1.09207661e-01 
 6.62979151e+02  3.03930499e+00  6.62979151e+02 -1.11463368e-01 
 6.70657118e+02  3.03930438e+00  6.70657118e+02 -1.13733853e-01 
 6.78424004e+02  3.03930376e+00  6.78424004e+02 -1.16019417e-01 
 6.86280839e+02  3.03930313e+00  6.86280839e+02 -1.18320362e-01 
 6.94228663e+02  3.03930247e+00  6.94228663e+02 -1.20636995e-01 
 7.02268532e+02  3.03930180e+00  7.02268532e+02 -1.22969621e-01 
 7.10401510e+02  3.03930111e+00  7.10401510e+02 -1.25318551e-01 
 7.18628676e+02  3.03930040e+00  7.18628676e+02 -1.27684096e-01 
 7.26951121e+02  3.03929967e+00  7.26951121e+02 -1.30066569e-01 
 7.35369948e+02  3.03929892e+00  7.35369948e+02 -1.32466286e-01 
 7.43886274e+02  3.03929816e+00  7.43886274e+02 -1.34883565e-01 
 7.52501228e+02  3.03929737e+00  7.52501228e+02 -1.37318728e-01 
 7.61215951e+02  3.03929657e+00  7.61215951e+02 -1.39772096e-01 
 7.70031600e+02  3.03929574e+00  7.70031600e+02 -1.42243995e-01 
 7.78949343e+02  3.03929489e+00  7.78949343e+02 -1.44734752e-01 
 7.87970362e+02  3.03929402e+00  7.87970362e+02 -1.47244699e-01 
 7.97095854e+02  3.03929313e+00  7.97095854e+02 -1.49774167e-01 
 8.06327028e+02  3.03929221e+00  8.06327028e+02 -1.52323492e-01 
 8.15665108e+02  3.03929128e+00  8.15665108e+02 -1.54893012e-01 
 8.25111333e+02  3.03929031e+00  8.25111333e+02 -1.57483067e-01 
 8.34666955e+02  3.03928933e+00  8.34666955e+02 -1.60094002e-01 
 8.44333240e+02  3.03928832e+00  8.44333240e+02 -1.62726161e-01 
 8.54111471e+02  3.03928728e+00  8.54111471e+02 -1.65379895e-01 
 8.64002944e+02  3.03928622e+00  8.64002944e+02 -1.68055554e-01 
 8.74008970e+02  3.03928514e+00  8.74008970e+02 -1.70753494e-01 
 8.84130875e+02  3.03928402e+00  8.84130875e+02 -1.73474073e-01 
 8.94370003e+02  3.03928288e+00  8.94370003e+02 -1.76217650e-01 
 9.04727710e+02  3.03928171e+00  9.04727710e+02 -1.78984589e-01 
 9.15205369e+02  3.03928052e+00  9.15205369e+02 -1.81775259e-01 
 9.25804371e+02  3.03927929e+00  9.25804371e+02 -1.84590027e-01 
 9.36526119e+02  3.03927803e+00  9.36526119e+02 -1.87429268e-01 
 9.47372037e+02  3.03927675e+00  9.47372037e+02 -1.90293358e-01 
 9.58343561e+02  3.03927543e+00  9.58343561e+02 -1.93182677e-01 
 9.69442146e+02  3.03927408e+00  9.69442146e+02 -1.96097607e-01 
 9.80669264e+02  3.03927269e+00  9.80669264e+02 -1.99038536e-01 
 9.92026404e+02  3.03927128e+00  9.92026404e+02 -2.02005852e-01 
 1.00351507e+03  3.03926983e+00  1.00351507e+03 -2.04999950e-01 
 1.01513679e+03  3.03926834e+00  1.01513679e+03 -2.08021226e-01 
 1.02689310e+03  3.03926682e+00  1.02689310e+03 -2.11070081e-01 
 1.03878555e+03  3.03926526e+00  1.03878555e+03 -2.14146919e-01 
 1.05081574e+03  3.03926367e+00  1.05081574e+03 -2.17252147e-01 
 1.06298524e+03  3.03926203e+00  1.06298524e+03 -2.20386178e-01 
 1.07529569e+03  3.03926036e+00  1.07529569e+03 -2.23549427e-01 
 1.08774869e+03  3.03925865e+00  1.08774869e+03 -2.26742314e-01 
 1.10034592e+03  3.03925689e+00  1.10034592e+03 -2.29965261e-01 
 1.11308904e+03  3.03925510e+00  1.11308904e+03 -2.33218695e-01 
 1.12597973e+03  3.03925326e+00  1.12597973e+03 -2.36503049e-01 
 1.13901971e+03  3.03925138e+00  1.13901971e+03 -2.39818757e-01 
 1.15221071e+03  3.03924945e+00  1.15221071e+03 -2.43166259e-01 
 1.16555447e+03  3.03924748e+00  1.16555447e+03 -2.46545999e-01 
 1.17905277e+03  3.03924546e+00  1.17905277e+03 -2.49958424e-01 
 1.19270739e+03  3.03924340e+00  1.19270739e+03 -2.53403988e-01 
 1.20652015e+03  3.03924128e+00  1.20652015e+03 -2.56883147e-01 
 1.22049287e+03  3.03923912e+00  1.22049287e+03 -2.60396361e-01 
 1.23462740e+03  3.03923690e+00  1.23462740e+03 -2.63944097e-01 
 1.24892564e+03  3.03923463e+00  1.24892564e+03 -2.67526826e-01 
 1.26338945e+03  3.03923231e+00  1.26338945e+03 -2.71145021e-01 
 1.27802078e+03  3.03922993e+00  1.27802078e+03 -2.74799163e-01 
 1.29282155e+03  3.03922750e+00  1.29282155e+03 -2.78489735e-01 
 1.30779373e+03  3.03922500e+00  1.30779373e+03 -2.82217228e-01 
 1.32293930e+03  3.03922245e+00  1.32293930e+03 -2.85982135e-01 
 1.33826027e+03  3.03921984e+00  1.33826027e+03 -2.89784955e-01 
 1.35375867e+03  3.03921717e+00  1.35375867e+03 -2.93626193e-01 
 1.36943656e+03  3.03921444e+00  1.36943656e+03 -2.97506357e-01 
 1.38529602e+03  3.03921164e+00  1.38529602e+03 -3.01425962e-01 
 1.40133915e+03  3.03920878e+00  1.40133915e+03 -3.05385527e-01 
 1.41756807e+03  3.03920585e+00  1.41756807e+03 -3.09385577e-01 
 1.43398494e+03  3.03920285e+00  1.43398494e+03 -3.13426643e-01 
 1.45059193e+03  3.03919978e+00  1.45059193e+03 -3.17509260e-01 
 1.46739125e+03  3.03919663e+00  1.46739125e+03 -3.21633969e-01 
 1.48438512e+03  3.03919342e+00  1.48438512e+03 -3.25801317e-01 
 1.50157580e+03  3.03919012e+00  1.50157580e+03 -3.30011856e-01 
 1.51896556e+03  3.03918675e+00  1.51896556e+03 -3.34266144e-01 
 1.53655671e+03  3.03918331e+00  1.53655671e+03 -3.38564745e-01 
 1.55435159e+03  3.03917978e+00  1.55435159e+03 -3.42908230e-01 
 1.57235255e+03  3.03917617e+00  1.57235255e+03 -3.47297173e-01 
 1.59056198e+03  3.03917247e+00  1.59056198e+03 -3.51732156e-01 
 1.60898229e+03  3.03916869e+00  1.60898229e+03 -3.56213767e-01 
 1.62761593e+03  3.03916482e+00  1.62761593e+03 -3.60742601e-01 
 1.64646536e+03  3.03916085e+00  1.64646536e+03 -3.65319257e-01 
 1.66553309e+03  3.03915680e+00  1.66553309e+03 -3.69944341e-01 
 1.68482165e+03  3.03915265e+00  1.68482165e+03 -3.74618468e-01 
 1.70433358e+03  3.03914840e+00  1.70433358e+03 -3.79342256e-01 
 1.72407148e+03  3.03914406e+00  1.72407148e+03 -3.84116331e-01 
 1.74403797e+03  3.03913961e+00  1.74403797e+03 -3.88941326e-01 
 1.76423569e+03  3.03913506e+00  1.76423569e+03 -3.93817881e-01 
 1.78466732e+03  3.03913040e+00  1.78466732e+03 -3.98746642e-01 
 1.80533557e+03  3.03912564e+00  1.80533557e+03 -4.03728261e-01 
 1.82624317e+03  3.03912076e+00  1.82624317e+03 -4.08763400e-01 
 1.84739291e+03  3.03911577e+00  1.84739291e+03 -4.13852725e-01 
 1.86878759e+03  3.03911066e+00  1.86878759e+03 -4.18996911e-01 
 1.89043003e+03  3.03910543e+00  1.89043003e+03 -4.24196640e-01 
 1.91232312e+03  3.03910008e+00  1.91232312e+03 -4.29452600e-01 
 1.93446975e+03  3.03909460e+00  1.93446975e+03 -4.34765488e-01 
 1.95687286e+03  3.03908900e+00  1.95687286e+03 -4.40136009e-01 
 1.97953542e+03  3.03908327e+00  1.97953542e+03 -4.45564874e-01 
 2.00246044e+03  3.03907740e+00  2.00246044e+03 -4.51052801e-01 
 2.02565095e+03  3.03907140e+00  2.02565095e+03 -4.56600519e-01 
 2.04911003e+03  3.03906525e+00  2.04911003e+03 -4.62208763e-01 
 2.07284080e+03  3.03905896e+00  2.07284080e+03 -4.67878275e-01 
 2.09684638e+03  3.03905253e+00  2.09684638e+03 -4.73609807e-01 
 2.12112998e+03  3.03904594e+00  2.12112998e+03 -4.79404119e-01 
 2.14569480e+03  3.03903921e+00  2.14569480e+03 -4.85261978e-01 
 2.17054412e+03  3.03903231e+00  2.17054412e+03 -4.91184160e-01 
 2.19568121e+03  3.03902525e+00  2.19568121e+03 -4.97171449e-01 
 2.22110941e+03  3.03901803e+00  2.22110941e+03 -5.03224640e-01 
 2.24683210e+03  3.03901064e+00  2.24683210e+03 -5.09344534e-01 
 2.27285268e+03  3.03900308e+00  2.27285268e+03 -5.15531943e-01 
 2.29917461e+03  3.03899534e+00  2.29917461e+03 -5.21787685e-01 
 2.32580137e+03  3.03898742e+00  2.32580137e+03 -5.28112589e-01 
 2.35273649e+03  3.03897932e+00  2.35273649e+03 -5.34507494e-01 
 2.37998356e+03  3.03897103e+00  2.37998356e+03 -5.40973247e-01 
 2.40754617e+03  3.03896254e+00  2.40754617e+03 -5.47510704e-01 
 2.43542798e+03  3.03895386e+00  2.43542798e+03 -5.54120731e-01 
 2.46363269e+03  3.03894497e+00  2.46363269e+03 -5.60804204e-01 
 2.49216405e+03  3.03893588e+00  2.49216405e+03 -5.67562009e-01 
 2.52102582e+03  3.03892658e+00  2.52102582e+03 -5.74395040e-01 
 2.55022184e+03  3.03891705e+00  2.55022184e+03 -5.81304202e-01 
 2.57975598e+03  3.03890731e+00  2.57975598e+03 -5.88290412e-01 
 2.60963216e+03  3.03889734e+00  2.60963216e+03 -5.95354593e-01 
 2.63985434e+03  3.03888713e+00  2.63985434e+03 -6.02497683e-01 
 2.67042651e+03  3.03887669e+00  2.67042651e+03 -6.09720626e-01 
 2.70135274e+03  3.03886601e+00  2.70135274e+03 -6.17024381e-01 
 2.73263713e+03  3.03885507e+00  2.73263713e+03 -6.24409913e-01 
 2.76428383e+03  3.03884389e+00  2.76428383e+03 -6.31878202e-01 
 2.79629703e+03  3.03883244e+00  2.79629703e+03 -6.39430236e-01 
 2.82868097e+03  3.03882072e+00  2.82868097e+03 -6.47067015e-01 
 2.86143995e+03  3.03880873e+00  2.86143995e+03 -6.54789551e-01 
 2.89457831e+03  3.03879646e+00  2.89457831e+03 -6.62598867e-01 
 2.92810044e+03  3.03878391e+00  2.92810044e+03 -6.70495997e-01 
 2.96201080e+03  3.03877106e+00  2.96201080e+03 -6.78481985e-01 
 2.99631387e+03  3.03875792e+00  2.99631387e+03 -6.86557891e-01 
 3.03101421e+03  3.03874446e+00  3.03101421e+03 -6.94724783e-01 
 3.06611641e+03  3.03873070e+00  3.06611641e+03 -7.02983743e-01 
 3.10162514e+03  3.03871661e+00  3.10162514e+03 -7.11335864e-01 
 3.13754508e+03  3.03870219e+00  3.13754508e+03 -7.19782252e-01 
 3.17388102e+03  3.03868744e+00  3.17388102e+03 -7.28324025e-01 
 3.21063777e+03  3.03867235e+00  3.21063777e+03 -7.36962315e-01 
 3.24782019e+03  3.03865690e+00  3.24782019e+03 -7.45698264e-01 
 3.28543323e+03  3.03864110e+00  3.28543323e+03 -7.54533030e-01 
 3.32348186e+03  3.03862492e+00  3.32348186e+03 -7.63467781e-01 
 3.36197113e+03  3.03860837e+00  3.36197113e+03 -7.72503701e-01 
 3.40090615e+03  3.03859143e+00  3.40090615e+03 -7.81641986e-01 
 3.44029207e+03  3.03857410e+00  3.44029207e+03 -7.90883845e-01 
 3.48013412e+03  3.03855637e+00  3.48013412e+03 -8.00230501e-01 
 3.52043759e+03  3.03853822e+00  3.52043759e+03 -8.09683192e-01 
 3.56120781e+03  3.03851965e+00  3.56120781e+03 -8.19243168e-01 
 3.60245019e+03  3.03850064e+00  3.60245019e+03 -8.28911695e-01 
 3.64417019e+03  3.03848120e+00  3.64417019e+03 -8.38690053e-01 
 3.68637336e+03  3.03846130e+00  3.68637336e+03 -8.48579535e-01 
 3.72906528e+03  3.03844094e+00  3.72906528e+03 -8.58581449e-01 
 3.77225162e+03  3.03842010e+00  3.77225162e+03 -8.68697120e-01 
 3.81593810e+03  3.03839878e+00  3.81593810e+03 -8.78927886e-01 
 3.86013052e+03  3.03837696e+00  3.86013052e+03 -8.89275100e-01 
 3.90483472e+03  3.03835463e+00  3.90483472e+03 -8.99740132e-01 
 3.95005665e+03  3.03833178e+00  3.95005665e+03 -9.10324365e-01 
 3.99580229e+03  3.03830841e+00  3.99580229e+03 -9.21029200e-01 
 4.04207771e+03  3.03828448e+00  4.04207771e+03 -9.31856053e-01 
 4.08888905e+03  3.03826000e+00  4.08888905e+03 -9.42806356e-01 
 4.13624251e+03  3.03823495e+00  4.13624251e+03 -9.53881558e-01 
 4.18414437e+03  3.03820932e+00  4.18414437e+03 -9.65083122e-01 
 4.23260098e+03  3.03818308e+00  4.23260098e+03 -9.76412532e-01 
 4.28161877e+03  3.03815624e+00  4.28161877e+03 -9.87871284e-01 
 4.33120424e+03  3.03812877e+00  4.33120424e+03 -9.99460894e-01 
 4.38136395e+03  3.03810067e+00  4.38136395e+03 -1.01118289e+00 
 4.43210457e+03  3.03807190e+00  4.43210457e+03 -1.02303884e+00 
 4.48343281e+03  3.03804247e+00  4.48343281e+03 -1.03503028e+00 
 4.53535548e+03  3.03801236e+00  4.53535548e+03 -1.04715883e+00 
 4.58787948e+03  3.03798154e+00  4.58787948e+03 -1.05942606e+00 
 4.64101175e+03  3.03795000e+00  4.64101175e+03 -1.07183362e+00 
 4.69475935e+03  3.03791773e+00  4.69475935e+03 -1.08438314e+00 
 4.74912940e+03  3.03788471e+00  4.74912940e+03 -1.09707627e+00 
 4.80412911e+03  3.03785092e+00  4.80412911e+03 -1.10991469e+00 
 4.85976577e+03  3.03781634e+00  4.85976577e+03 -1.12290010e+00 
 4.91604676e+03  3.03778096e+00  4.91604676e+03 -1.13603423e+00 
 4.97297954e+03  3.03774475e+00  4.97297954e+03 -1.14931879e+00 
 5.03057166e+03  3.03770770e+00  5.03057166e+03 -1.16275555e+00 
 5.08883076e+03  3.03766979e+00  5.08883076e+03 -1.17634628e+00 
 5.14776455e+03  3.03763100e+00  5.14776455e+03 -1.19009277e+00 
 5.20738086e+03  3.03759130e+00  5.20738086e+03 -1.20399685e+00 
 5.26768758e+03  3.03755068e+00  5.26768758e+03 -1.21806035e+00 
 5.32869272e+03  3.03750911e+00  5.32869272e+03 -1.23228513e+00 
 5.39040436e+03  3.03746657e+00  5.39040436e+03 -1.24667305e+00 
 5.45283068e+03  3.03742305e+00  5.45283068e+03 -1.26122603e+00 
 5.51597996e+03  3.03737851e+00  5.51597996e+03 -1.27594599e+00 
 5.57986057e+03  3.03733293e+00  5.57986057e+03 -1.29083486e+00 
 5.64448099e+03  3.03728630e+00  5.64448099e+03 -1.30589462e+00 
 5.70984977e+03  3.03723857e+00  5.70984977e+03 -1.32112725e+00 
 5.77597559e+03  3.03718974e+00  5.77597559e+03 -1.33653476e+00 
 5.84286722e+03  3.03713977e+00  5.84286722e+03 -1.35211918e+00 
 5.91053351e+03  3.03708863e+00  5.91053351e+03 -1.36788257e+00 
 5.97898345e+03  3.03703631e+00  5.97898345e+03 -1.38382701e+00 
 6.04822611e+03  3.03698277e+00  6.04822611e+03 -1.39995460e+00 
 6.11827067e+03  3.03692798e+00  6.11827067e+03 -1.41626747e+00 
 6.18912642e+03  3.03687192e+00  6.18912642e+03 -1.43276778e+00 
 6.26080275e+03  3.03681455e+00  6.26080275e+03 -1.44945768e+00 
 6.33330916e+03  3.03675584e+00  6.33330916e+03 -1.46633940e+00 
 6.40665527e+03  3.03669577e+00  6.40665527e+03 -1.48341514e+00 
 6.48085080e+03  3.03663431e+00  6.48085080e+03 -1.50068717e+00 
 6.55590559e+03  3.03657141e+00  6.55590559e+03 -1.51815776e+00 
 6.63182959e+03  3.03650705e+00  6.63182959e+03 -1.53582920e+00 
 6.70863287e+03  3.03644119e+00  6.70863287e+03 -1.55370383e+00 
 6.78632561e+03  3.03637379e+00  6.78632561e+03 -1.57178401e+00 
 6.86491811e+03  3.03630483e+00  6.86491811e+03 -1.59007211e+00 
 6.94442078e+03  3.03623427e+00  6.94442078e+03 -1.60857054e+00 
 7.02484418e+03  3.03616206e+00  7.02484418e+03 -1.62728174e+00 
 7.10619897e+03  3.03608817e+00  7.10619897e+03 -1.64620817e+00 
 7.18849592e+03  3.03601256e+00  7.18849592e+03 -1.66535233e+00 
 7.27174595e+03  3.03593520e+00  7.27174595e+03 -1.68471672e+00 
 7.35596011e+03  3.03585603e+00  7.35596011e+03 -1.70430390e+00 
 7.44114955e+03  3.03577502e+00  7.44114955e+03 -1.72411645e+00 
 7.52732557e+03  3.03569213e+00  7.52732557e+03 -1.74415697e+00 
 7.61449959e+03  3.03560730e+00  7.61449959e+03 -1.76442809e+00 
 7.70268318e+03  3.03552051e+00  7.70268318e+03 -1.78493249e+00 
 7.79188802e+03  3.03543169e+00  7.79188802e+03 -1.80567286e+00 
 7.88212595e+03  3.03534081e+00  7.88212595e+03 -1.82665191e+00 
 7.97340892e+03  3.03524782e+00  7.97340892e+03 -1.84787242e+00 
 8.06574904e+03  3.03515266e+00  8.06574904e+03 -1.86933716e+00 
 8.15915855e+03  3.03505529e+00  8.15915855e+03 -1.89104896e+00 
 8.25364983e+03  3.03495565e+00  8.25364983e+03 -1.91301067e+00 
 8.34923543e+03  3.03485370e+00  8.34923543e+03 -1.93522517e+00 
 8.44592800e+03  3.03474938e+00  8.44592800e+03 -1.95769537e+00 
 8.54374036e+03  3.03464262e+00  8.54374036e+03 -1.98042423e+00 
 8.64268550e+03  3.03453339e+00  8.64268550e+03 -2.00341472e+00 
 8.74277651e+03  3.03442162e+00  8.74277651e+03 -2.02666987e+00 
 8.84402669e+03  3.03430724e+00  8.84402669e+03 -2.05019271e+00 
 8.94644944e+03  3.03419021e+00  8.94644944e+03 -2.07398634e+00 
 9.05005835e+03  3.03407046e+00  9.05005835e+03 -2.09805388e+00 
 9.15486716e+03  3.03394792e+00  9.15486716e+03 -2.12239847e+00 
 9.26088975e+03  3.03382253e+00  9.26088975e+03 -2.14702330e+00 
 9.36814020e+03  3.03369423e+00  9.36814020e+03 -2.17193160e+00 
 9.47663271e+03  3.03356294e+00  9.47663271e+03 -2.19712663e+00 
 9.58638168e+03  3.03342861e+00  9.58638168e+03 -2.22261169e+00 
 9.69740165e+03  3.03329115e+00  9.69740165e+03 -2.24839011e+00 
 9.80970735e+03  3.03315049e+00  9.80970735e+03 -2.27446526e+00 
 9.92331366e+03  3.03300657e+00  9.92331366e+03 -2.30084055e+00 
 1.00382356e+04  3.03285930e+00  1.00382356e+04 -2.32751943e+00 
 1.01544885e+04  3.03270861e+00  1.01544885e+04 -2.35450539e+00 
 1.02720878e+04  3.03255441e+00  1.02720878e+04 -2.38180195e+00 
 1.03910489e+04  3.03239664e+00  1.03910489e+04 -2.40941266e+00 
 1.05113877e+04  3.03223519e+00  1.05113877e+04 -2.43734115e+00 
 1.06331202e+04  3.03207000e+00  1.06331202e+04 -2.46559104e+00 
 1.07562625e+04  3.03190097e+00  1.07562625e+04 -2.49416604e+00 
 1.08808308e+04  3.03172801e+00  1.08808308e+04 -2.52306985e+00 
 1.10068418e+04  3.03155103e+00  1.10068418e+04 -2.55230625e+00 
 1.11343122e+04  3.03136994e+00  1.11343122e+04 -2.58187904e+00 
 1.12632587e+04  3.03118465e+00  1.12632587e+04 -2.61179208e+00 
 1.13936986e+04  3.03099505e+00  1.13936986e+04 -2.64204926e+00 
 1.15256492e+04  3.03080105e+00  1.15256492e+04 -2.67265452e+00 
 1.16591278e+04  3.03060254e+00  1.16591278e+04 -2.70361184e+00 
 1.17941523e+04  3.03039942e+00  1.17941523e+04 -2.73492524e+00 
 1.19307404e+04  3.03019159e+00  1.19307404e+04 -2.76659878e+00 
 1.20689105e+04  3.02997893e+00  1.20689105e+04 -2.79863659e+00 
 1.22086806e+04  3.02976134e+00  1.22086806e+04 -2.83104282e+00 
 1.23500695e+04  3.02953869e+00  1.23500695e+04 -2.86382168e+00 
 1.24930957e+04  3.02931088e+00  1.24930957e+04 -2.89697741e+00 
 1.26377784e+04  3.02907778e+00  1.26377784e+04 -2.93051432e+00 
 1.27841366e+04  3.02883926e+00  1.27841366e+04 -2.96443674e+00 
 1.29321898e+04  3.02859522e+00  1.29321898e+04 -2.99874908e+00 
 1.30819576e+04  3.02834551e+00  1.30819576e+04 -3.03345576e+00 
 1.32334599e+04  3.02809000e+00  1.32334599e+04 -3.06856128e+00 
 1.33867167e+04  3.02782857e+00  1.33867167e+04 -3.10407018e+00 
 1.35417484e+04  3.02756108e+00  1.35417484e+04 -3.13998704e+00 
 1.36985755e+04  3.02728738e+00  1.36985755e+04 -3.17631649e+00 
 1.38572188e+04  3.02700733e+00  1.38572188e+04 -3.21306323e+00 
 1.40176994e+04  3.02672079e+00  1.40176994e+04 -3.25023199e+00 
 1.41800385e+04  3.02642760e+00  1.41800385e+04 -3.28782756e+00 
 1.43442576e+04  3.02612761e+00  1.43442576e+04 -3.32585479e+00 
 1.45103786e+04  3.02582068e+00  1.45103786e+04 -3.36431856e+00 
 1.46784234e+04  3.02550662e+00  1.46784234e+04 -3.40322382e+00 
 1.48484144e+04  3.02518529e+00  1.48484144e+04 -3.44257556e+00 
 1.50203740e+04  3.02485651e+00  1.50203740e+04 -3.48237885e+00 
 1.51943251e+04  3.02452011e+00  1.51943251e+04 -3.52263878e+00 
 1.53702907e+04  3.02417592e+00  1.53702907e+04 -3.56336053e+00 
 1.55482942e+04  3.02382375e+00  1.55482942e+04 -3.60454929e+00 
 1.57283591e+04  3.02346343e+00  1.57283591e+04 -3.64621036e+00 
 1.59105094e+04  3.02309476e+00  1.59105094e+04 -3.68834904e+00 
 1.60947691e+04  3.02271756e+00  1.60947691e+04 -3.73097073e+00 
 1.62811628e+04  3.02233162e+00  1.62811628e+04 -3.77408088e+00 
 1.64697151e+04  3.02193675e+00  1.64697151e+04 -3.81768497e+00 
 1.66604510e+04  3.02153273e+00  1.66604510e+04 -3.86178856e+00 
 1.68533958e+04  3.02111937e+00  1.68533958e+04 -3.90639727e+00 
 1.70485751e+04  3.02069644e+00  1.70485751e+04 -3.95151678e+00 
 1.72460148e+04  3.02026373e+00  1.72460148e+04 -3.99715281e+00 
 1.74457411e+04  3.01982100e+00  1.74457411e+04 -4.04331116e+00 
 1.76477804e+04  3.01936804e+00  1.76477804e+04 -4.08999768e+00 
 1.78521595e+04  3.01890460e+00  1.78521595e+04 -4.13721829e+00 
 1.80589055e+04  3.01843045e+00  1.80589055e+04 -4.18497896e+00 
 1.82680458e+04  3.01794534e+00  1.82680458e+04 -4.23328573e+00 
 1.84796082e+04  3.01744901e+00  1.84796082e+04 -4.28214470e+00 
 1.86936208e+04  3.01694122e+00  1.86936208e+04 -4.33156203e+00 
 1.89101117e+04  3.01642169e+00  1.89101117e+04 -4.38154395e+00 
 1.91291099e+04  3.01589016e+00  1.91291099e+04 -4.43209674e+00 
 1.93506443e+04  3.01534636e+00  1.93506443e+04 -4.48322675e+00 
 1.95747443e+04  3.01479000e+00  1.95747443e+04 -4.53494042e+00 
 1.98014396e+04  3.01422079e+00  1.98014396e+04 -4.58724420e+00 
 2.00307602e+04  3.01363845e+00  2.00307602e+04 -4.64014466e+00 
 2.02627366e+04  3.01304267e+00  2.02627366e+04 -4.69364841e+00 
 2.04973996e+04  3.01243314e+00  2.04973996e+04 -4.74776212e+00 
 2.07347801e+04  3.01180956e+00  2.07347801e+04 -4.80249254e+00 
 2.09749098e+04  3.01117160e+00  2.09749098e+04 -4.85784649e+00 
 2.12178204e+04  3.01051892e+00  2.12178204e+04 -4.91383083e+00 
 2.14635442e+04  3.00985121e+00  2.14635442e+04 -4.97045253e+00 
 2.17121137e+04  3.00916810e+00  2.17121137e+04 -5.02771860e+00 
 2.19635619e+04  3.00846927e+00  2.19635619e+04 -5.08563611e+00 
 2.22179221e+04  3.00775433e+00  2.22179221e+04 -5.14421223e+00 
 2.24752280e+04  3.00702293e+00  2.24752280e+04 -5.20345418e+00 
 2.27355138e+04  3.00627470e+00  2.27355138e+04 -5.26336924e+00 
 2.29988140e+04  3.00550925e+00  2.29988140e+04 -5.32396479e+00 
 2.32651635e+04  3.00472619e+00  2.32651635e+04 -5.38524825e+00 
 2.35345976e+04  3.00392512e+00  2.35345976e+04 -5.44722712e+00 
 2.38071520e+04  3.00310563e+00  2.38071520e+04 -5.50990898e+00 
 2.40828628e+04  3.00226730e+00  2.40828628e+04 -5.57330147e+00 
 2.43617666e+04  3.00140971e+00  2.43617666e+04 -5.63741232e+00 
 2.46439005e+04  3.00053242e+00  2.46439005e+04 -5.70224930e+00 
 2.49293017e+04  2.99963498e+00  2.49293017e+04 -5.76782027e+00 
 2.52180082e+04  2.99871694e+00  2.52180082e+04 -5.83413317e+00 
 2.55100581e+04  2.99777783e+00  2.55100581e+04 -5.90119601e+00 
 2.58054904e+04  2.99681718e+00  2.58054904e+04 -5.96901685e+00 
 2.61043440e+04  2.99583450e+00  2.61043440e+04 -6.03760385e+00 
 2.64066586e+04  2.99482930e+00  2.64066586e+04 -6.10696522e+00 
 2.67124744e+04  2.99380106e+00  2.67124744e+04 -6.17710927e+00 
 2.70218318e+04  2.99274926e+00  2.70218318e+04 -6.24804436e+00 
 2.73347718e+04  2.99167339e+00  2.73347718e+04 -6.31977893e+00 
 2.76513361e+04  2.99057288e+00  2.76513361e+04 -6.39232150e+00 
 2.79715664e+04  2.98944720e+00  2.79715664e+04 -6.46568065e+00 
 2.82955054e+04  2.98829578e+00  2.82955054e+04 -6.53986504e+00 
 2.86231959e+04  2.98711803e+00  2.86231959e+04 -6.61488341e+00 
 2.89546814e+04  2.98591338e+00  2.89546814e+04 -6.69074456e+00 
 2.92900058e+04  2.98468121e+00  2.92900058e+04 -6.76745738e+00 
 2.96292136e+04  2.98342091e+00  2.96292136e+04 -6.84503081e+00 
 2.99723498e+04  2.98213185e+00  2.99723498e+04 -6.92347389e+00 
 3.03194599e+04  2.98081340e+00  3.03194599e+04 -7.00279571e+00 
 3.06705898e+04  2.97946489e+00  3.06705898e+04 -7.08300544e+00 
 3.10257862e+04  2.97808565e+00  3.10257862e+04 -7.16411232e+00 
 3.13850961e+04  2.97667501e+00  3.13850961e+04 -7.24612567e+00 
 3.17485672e+04  2.97523225e+00  3.17485672e+04 -7.32905488e+00 
 3.21162476e+04  2.97375668e+00  3.21162476e+04 -7.41290941e+00 
 3.24881861e+04  2.97224756e+00  3.24881861e+04 -7.49769878e+00 
 3.28644321e+04  2.97070415e+00  3.28644321e+04 -7.58343260e+00 
 3.32450354e+04  2.96912568e+00  3.32450354e+04 -7.67012053e+00 
 3.36300464e+04  2.96751139e+00  3.36300464e+04 -7.75777231e+00 
 3.40195163e+04  2.96586049e+00  3.40195163e+04 -7.84639776e+00 
 3.44134966e+04  2.96417216e+00  3.44134966e+04 -7.93600675e+00 
 3.48120396e+04  2.96244558e+00  3.48120396e+04 -8.02660923e+00 
 3.52151982e+04  2.96067991e+00  3.52151982e+04 -8.11821520e+00 
 3.56230257e+04  2.95887429e+00  3.56230257e+04 -8.21083475e+00 
 3.60355763e+04  2.95702785e+00  3.60355763e+04 -8.30447802e+00 
 3.64529046e+04  2.95513969e+00  3.64529046e+04 -8.39915521e+00 
 3.68750660e+04  2.95320890e+00  3.68750660e+04 -8.49487661e+00 
 3.73021165e+04  2.95123455e+00  3.73021165e+04 -8.59165255e+00 
 3.77341126e+04  2.94921568e+00  3.77341126e+04 -8.68949341e+00 
 3.81711117e+04  2.94715134e+00  3.81711117e+04 -8.78840967e+00 
 3.86131717e+04  2.94504052e+00  3.86131717e+04 -8.88841184e+00 
 3.90603512e+04  2.94288223e+00  3.90603512e+04 -8.98951050e+00 
 3.95127095e+04  2.94067543e+00  3.95127095e+04 -9.09171627e+00 
 3.99703065e+04  2.93841908e+00  3.99703065e+04 -9.19503984e+00 
 4.04332030e+04  2.93611210e+00  4.04332030e+04 -9.29949197e+00 
 4.09014603e+04  2.93375340e+00  4.09014603e+04 -9.40508344e+00 
 4.13751404e+04  2.93134187e+00  4.13751404e+04 -9.51182510e+00 
 4.18543063e+04  2.92887638e+00  4.18543063e+04 -9.61972784e+00 
 4.23390214e+04  2.92635578e+00  4.23390214e+04 -9.72880261e+00 
 4.28293500e+04  2.92377887e+00  4.28293500e+04 -9.83906041e+00 
 4.33253571e+04  2.92114446e+00  4.33253571e+04 -9.95051226e+00 
 4.38271084e+04  2.91845133e+00  4.38271084e+04 -1.00631692e+01 
 4.43346705e+04  2.91569823e+00  4.43346705e+04 -1.01770425e+01 
 4.48481108e+04  2.91288388e+00  4.48481108e+04 -1.02921431e+01 
 4.53674971e+04  2.91000700e+00  4.53674971e+04 -1.04084823e+01 
 4.58928985e+04  2.90706625e+00  4.58928985e+04 -1.05260713e+01 
 4.64243846e+04  2.90406030e+00  4.64243846e+04 -1.06449214e+01 
 4.69620258e+04  2.90098777e+00  4.69620258e+04 -1.07650438e+01 
 4.75058934e+04  2.89784727e+00  4.75058934e+04 -1.08864499e+01 
 4.80560596e+04  2.89463738e+00  4.80560596e+04 -1.10091510e+01 
 4.86125973e+04  2.89135665e+00  4.86125973e+04 -1.11331583e+01 
 4.91755802e+04  2.88800361e+00  4.91755802e+04 -1.12584834e+01 
 4.97450830e+04  2.88457675e+00  4.97450830e+04 -1.13851376e+01 
 5.03211813e+04  2.88107456e+00  5.03211813e+04 -1.15131322e+01 
 5.09039513e+04  2.87749548e+00  5.09039513e+04 -1.16424788e+01 
 5.14934704e+04  2.87383792e+00  5.14934704e+04 -1.17731885e+01 
 5.20898168e+04  2.87010028e+00  5.20898168e+04 -1.19052730e+01 
 5.26930694e+04  2.86628091e+00  5.26930694e+04 -1.20387435e+01 
 5.33033083e+04  2.86237817e+00  5.33033083e+04 -1.21736115e+01 
 5.39206144e+04  2.85839034e+00  5.39206144e+04 -1.23098884e+01 
 5.45450695e+04  2.85431571e+00  5.45450695e+04 -1.24475855e+01 
 5.51767564e+04  2.85015253e+00  5.51767564e+04 -1.25867141e+01 
 5.58157589e+04  2.84589902e+00  5.58157589e+04 -1.27272857e+01 
 5.64621617e+04  2.84155336e+00  5.64621617e+04 -1.28693114e+01 
 5.71160505e+04  2.83711372e+00  5.71160505e+04 -1.30128026e+01 
 5.77775120e+04  2.83257823e+00  5.77775120e+04 -1.31577705e+01 
 5.84466339e+04  2.82794499e+00  5.84466339e+04 -1.33042263e+01 
 5.91235049e+04  2.82321207e+00  5.91235049e+04 -1.34521811e+01 
 5.98082147e+04  2.81837750e+00  5.98082147e+04 -1.36016461e+01 
 6.05008542e+04  2.81343931e+00  6.05008542e+04 -1.37526322e+01 
 6.12015151e+04  2.80839547e+00  6.12015151e+04 -1.39051504e+01 
 6.19102904e+04  2.80324392e+00  6.19102904e+04 -1.40592116e+01 
 6.26272740e+04  2.79798260e+00  6.26272740e+04 -1.42148268e+01 
 6.33525610e+04  2.79260938e+00  6.33525610e+04 -1.43720065e+01 
 6.40862476e+04  2.78712213e+00  6.40862476e+04 -1.45307615e+01 
 6.48284310e+04  2.78151866e+00  6.48284310e+04 -1.46911025e+01 
 6.55792097e+04  2.77579679e+00  6.55792097e+04 -1.48530397e+01 
 6.63386831e+04  2.76995427e+00  6.63386831e+04 -1.50165838e+01 
 6.71069519e+04  2.76398883e+00  6.71069519e+04 -1.51817448e+01 
 6.78841182e+04  2.75789819e+00  6.78841182e+04 -1.53485330e+01 
 6.86702847e+04  2.75168002e+00  6.86702847e+04 -1.55169585e+01 
 6.94655559e+04  2.74533197e+00  6.94655559e+04 -1.56870310e+01 
 7.02700371e+04  2.73885164e+00  7.02700371e+04 -1.58587605e+01 
 7.10838351e+04  2.73223663e+00  7.10838351e+04 -1.60321565e+01 
 7.19070576e+04  2.72548449e+00  7.19070576e+04 -1.62072285e+01 
 7.27398139e+04  2.71859275e+00  7.27398139e+04 -1.63839858e+01 
 7.35822143e+04  2.71155891e+00  7.35822143e+04 -1.65624377e+01 
 7.44343706e+04  2.70438043e+00  7.44343706e+04 -1.67425930e+01 
 7.52963957e+04  2.69705477e+00  7.52963957e+04 -1.69244607e+01 
 7.61684039e+04  2.68957934e+00  7.61684039e+04 -1.71080493e+01 
 7.70505109e+04  2.68195151e+00  7.70505109e+04 -1.72933672e+01 
 7.79428335e+04  2.67416867e+00  7.79428335e+04 -1.74804228e+01 
 7.88454902e+04  2.66622814e+00  7.88454902e+04 -1.76692240e+01 
 7.97586005e+04  2.65812724e+00  7.97586005e+04 -1.78597786e+01 
 8.06822855e+04  2.64986325e+00  8.06822855e+04 -1.80520943e+01 
 8.16166678e+04  2.64143343e+00  8.16166678e+04 -1.82461783e+01 
 8.25618712e+04  2.63283504e+00  8.25618712e+04 -1.84420379e+01 
 8.35180209e+04  2.62406527e+00  8.35180209e+04 -1.86396797e+01 
 8.44852439e+04  2.61512135e+00  8.44852439e+04 -1.88391106e+01 
 8.54636682e+04  2.60600043e+00  8.54636682e+04 -1.90403367e+01 
 8.64534237e+04  2.59669968e+00  8.64534237e+04 -1.92433642e+01 
 8.74546416e+04  2.58721625e+00  8.74546416e+04 -1.94481989e+01 
 8.84674546e+04  2.57754724e+00  8.84674546e+04 -1.96548463e+01 
 8.94919970e+04  2.56768978e+00  8.94919970e+04 -1.98633115e+01 
 9.05284046e+04  2.55764096e+00  9.05284046e+04 -2.00735996e+01 
 9.15768148e+04  2.54739784e+00  9.15768148e+04 -2.02857150e+01 
 9.26373667e+04  2.53695751e+00  9.26373667e+04 -2.04996621e+01 
 9.37102009e+04  2.52631703e+00  9.37102009e+04 -2.07154448e+01 
 9.47954596e+04  2.51547343e+00  9.47954596e+04 -2.09330667e+01 
 9.58932866e+04  2.50442376e+00  9.58932866e+04 -2.11525312e+01 
 9.70038276e+04  2.49316506e+00  9.70038276e+04 -2.13738410e+01 
 9.81272298e+04  2.48169436e+00  9.81272298e+04 -2.15969989e+01 
 9.92636421e+04  2.47000869e+00  9.92636421e+04 -2.18220071e+01 
 1.00413215e+05  2.45810508e+00  1.00413215e+05 -2.20488673e+01 
 1.01576102e+05  2.44598056e+00  1.01576102e+05 -2.22775810e+01 
 1.02752455e+05  2.43363217e+00  1.02752455e+05 -2.25081494e+01 
 1.03942432e+05  2.42105693e+00  1.03942432e+05 -2.27405732e+01 
 1.05146191e+05  2.40825192e+00  1.05146191e+05 -2.29748526e+01 
 1.06363890e+05  2.39521417e+00  1.06363890e+05 -2.32109876e+01 
 1.07595691e+05  2.38194075e+00  1.07595691e+05 -2.34489778e+01 
 1.08841757e+05  2.36842877e+00  1.08841757e+05 -2.36888222e+01 
 1.10102255e+05  2.35467530e+00  1.10102255e+05 -2.39305195e+01 
 1.11377350e+05  2.34067748e+00  1.11377350e+05 -2.41740680e+01 
 1.12667212e+05  2.32643244e+00  1.12667212e+05 -2.44194657e+01 
 1.13972012e+05  2.31193736e+00  1.13972012e+05 -2.46667100e+01 
 1.15291923e+05  2.29718942e+00  1.15291923e+05 -2.49157979e+01 
 1.16627120e+05  2.28218584e+00  1.16627120e+05 -2.51667261e+01 
 1.17977779e+05  2.26692388e+00  1.17977779e+05 -2.54194907e+01 
 1.19344081e+05  2.25140082e+00  1.19344081e+05 -2.56740876e+01 
 1.20726206e+05  2.23561401e+00  1.20726206e+05 -2.59305121e+01 
 1.22124337e+05  2.21956080e+00  1.22124337e+05 -2.61887591e+01 
 1.23538660e+05  2.20323860e+00  1.23538660e+05 -2.64488231e+01 
 1.24969363e+05  2.18664488e+00  1.24969363e+05 -2.67106983e+01 
 1.26416634e+05  2.16977714e+00  1.26416634e+05 -2.69743783e+01 
 1.27880666e+05  2.15263294e+00  1.27880666e+05 -2.72398563e+01 
 1.29361653e+05  2.13520991e+00  1.29361653e+05 -2.75071253e+01 
 1.30859792e+05  2.11750571e+00  1.30859792e+05 -2.77761777e+01 
 1.32375280e+05  2.09951809e+00  1.32375280e+05 -2.80470056e+01 
 1.33908319e+05  2.08124485e+00  1.33908319e+05 -2.83196006e+01 
 1.35459113e+05  2.06268387e+00  1.35459113e+05 -2.85939539e+01 
 1.37027866e+05  2.04383309e+00  1.37027866e+05 -2.88700566e+01 
 1.38614787e+05  2.02469053e+00  1.38614787e+05 -2.91478991e+01 
 1.40220086e+05  2.00525428e+00  1.40220086e+05 -2.94274717e+01 
 1.41843976e+05  1.98552254e+00  1.41843976e+05 -2.97087641e+01 
 1.43486672e+05  1.96549356e+00  1.43486672e+05 -2.99917659e+01 
 1.45148393e+05  1.94516570e+00  1.45148393e+05 -3.02764662e+01 
 1.46829358e+05  1.92453740e+00  1.46829358e+05 -3.05628540e+01 
 1.48529790e+05  1.90360721e+00  1.48529790e+05 -3.08509178e+01 
 1.50249915e+05  1.88237375e+00  1.50249915e+05 -3.11406459e+01 
 1.51989960e+05  1.86083577e+00  1.51989960e+05 -3.14320263e+01 
 1.53750157e+05  1.83899211e+00  1.53750157e+05 -3.17250468e+01 
 1.55530739e+05  1.81684172e+00  1.55530739e+05 -3.20196951e+01 
 1.57331942e+05  1.79438365e+00  1.57331942e+05 -3.23159584e+01 
 1.59154005e+05  1.77161707e+00  1.59154005e+05 -3.26138240e+01 
 1.60997169e+05  1.74854128e+00  1.60997169e+05 -3.29132787e+01 
 1.62861678e+05  1.72515567e+00  1.62861678e+05 -3.32143096e+01 
 1.64747781e+05  1.70145977e+00  1.64747781e+05 -3.35169033e+01 
 1.66655726e+05  1.67745323e+00  1.66655726e+05 -3.38210465e+01 
 1.68585768e+05  1.65313582e+00  1.68585768e+05 -3.41267257e+01 
 1.70538161e+05  1.62850744e+00  1.70538161e+05 -3.44339274e+01 
 1.72513165e+05  1.60356813e+00  1.72513165e+05 -3.47426381e+01 
 1.74511042e+05  1.57831804e+00  1.74511042e+05 -3.50528444e+01 
 1.76532055e+05  1.55275749e+00  1.76532055e+05 -3.53645328e+01 
 1.78576475e+05  1.52688690e+00  1.78576475e+05 -3.56776898e+01 
 1.80644570e+05  1.50070684e+00  1.80644570e+05 -3.59923021e+01 
 1.82736617e+05  1.47421803e+00  1.82736617e+05 -3.63083565e+01 
 1.84852891e+05  1.44742131e+00  1.84852891e+05 -3.66258401e+01 
 1.86993674e+05  1.42031769e+00  1.86993674e+05 -3.69447398e+01 
 1.89159250e+05  1.39290830e+00  1.89159250e+05 -3.72650431e+01 
 1.91349905e+05  1.36519441e+00  1.91349905e+05 -3.75867375e+01 
 1.93565930e+05  1.33717746e+00  1.93565930e+05 -3.79098110e+01 
 1.95807618e+05  1.30885901e+00  1.95807618e+05 -3.82342517e+01 
 1.98075268e+05  1.28024078e+00  1.98075268e+05 -3.85600481e+01 
 2.00369179e+05  1.25132462e+00  2.00369179e+05 -3.88871892e+01 
 2.02689657e+05  1.22211254e+00  2.02689657e+05 -3.92156642e+01 
 2.05037007e+05  1.19260668e+00  2.05037007e+05 -3.95454630e+01 
 2.07411543e+05  1.16280934e+00  2.07411543e+05 -3.98765758e+01 
 2.09813578e+05  1.13272295e+00  2.09813578e+05 -4.02089933e+01 
 2.12243431e+05  1.10235009e+00  2.12243431e+05 -4.05427069e+01 
 2.14701424e+05  1.07169348e+00  2.14701424e+05 -4.08777085e+01 
 2.17187883e+05  1.04075597e+00  2.17187883e+05 -4.12139907e+01 
 2.19703138e+05  1.00954056e+00  2.19703138e+05 -4.15515465e+01 
 2.22247522e+05  9.78050379e-01  2.22247522e+05 -4.18903699e+01 
 2.24821372e+05  9.46288688e-01  2.24821372e+05 -4.22304554e+01 
 2.27425030e+05  9.14258885e-01  2.27425030e+05 -4.25717984e+01 
 2.30058842e+05  8.81964493e-01  2.30058842e+05 -4.29143950e+01 
 2.32723155e+05  8.49409163e-01  2.32723155e+05 -4.32582421e+01 
 2.35418324e+05  8.16596666e-01  2.35418324e+05 -4.36033376e+01 
 2.38144706e+05  7.83530896e-01  2.38144706e+05 -4.39496800e+01 
 2.40902662e+05  7.50215861e-01  2.40902662e+05 -4.42972690e+01 
 2.43692558e+05  7.16655682e-01  2.43692558e+05 -4.46461051e+01 
 2.46514763e+05  6.82854588e-01  2.46514763e+05 -4.49961897e+01 
 2.49369653e+05  6.48816915e-01  2.49369653e+05 -4.53475253e+01 
 2.52257605e+05  6.14547096e-01  2.52257605e+05 -4.57001153e+01 
 2.55179003e+05  5.80049662e-01  2.55179003e+05 -4.60539643e+01 
 2.58134233e+05  5.45329236e-01  2.58134233e+05 -4.64090779e+01 
 2.61123688e+05  5.10390524e-01  2.61123688e+05 -4.67654627e+01 
 2.64147764e+05  4.75238317e-01  2.64147764e+05 -4.71231264e+01 
 2.67206861e+05  4.39877480e-01  2.67206861e+05 -4.74820779e+01 
 2.70301386e+05  4.04312951e-01  2.70301386e+05 -4.78423273e+01 
 2.73431749e+05  3.68549732e-01  2.73431749e+05 -4.82038857e+01 
 2.76598365e+05  3.32592886e-01  2.76598365e+05 -4.85667655e+01 
 2.79801653e+05  2.96447529e-01  2.79801653e+05 -4.89309802e+01 
 2.83042038e+05  2.60118828e-01  2.83042038e+05 -4.92965444e+01 
 2.86319950e+05  2.23611990e-01  2.86319950e+05 -4.96634742e+01 
 2.89635824e+05  1.86932260e-01  2.89635824e+05 -5.00317866e+01 
 2.92990099e+05  1.50084913e-01  2.92990099e+05 -5.04014999e+01 
 2.96383220e+05  1.13075251e-01  2.96383220e+05 -5.07726337e+01 
 2.99815637e+05  7.59085911e-02  2.99815637e+05 -5.11452087e+01 
 3.03287805e+05  3.85902641e-02  3.03287805e+05 -5.15192470e+01 
 3.06800183e+05  1.12560664e-03  3.06800183e+05 -5.18947716e+01 
 3.10353239e+05 -3.64800450e-02  3.10353239e+05 -5.22718070e+01 
 3.13947443e+05 -7.42213611e-02  3.13947443e+05 -5.26503788e+01 
 3.17583271e+05 -1.12093025e-01  3.17583271e+05 -5.30305138e+01 
 3.21261205e+05 -1.50089738e-01  3.21261205e+05 -5.34122398e+01 
 3.24981734e+05 -1.88206228e-01  3.24981734e+05 -5.37955861e+01 
 3.28745351e+05 -2.26437253e-01  3.28745351e+05 -5.41805828e+01 
 3.32552554e+05 -2.64777609e-01  3.32552554e+05 -5.45672615e+01 
 3.36403848e+05 -3.03222135e-01  3.36403848e+05 -5.49556547e+01 
 3.40299744e+05 -3.41765718e-01  3.40299744e+05 -5.53457959e+01 
 3.44240758e+05 -3.80403303e-01  3.44240758e+05 -5.57377199e+01 
 3.48227413e+05 -4.19129892e-01  3.48227413e+05 -5.61314625e+01 
 3.52260238e+05 -4.57940554e-01  3.52260238e+05 -5.65270603e+01 
 3.56339767e+05 -4.96830432e-01  3.56339767e+05 -5.69245512e+01 
 3.60466541e+05 -5.35794741e-01  3.60466541e+05 -5.73239738e+01 
 3.64641107e+05 -5.74828783e-01  3.64641107e+05 -5.77253679e+01 
 3.68864019e+05 -6.13927941e-01  3.68864019e+05 -5.81287740e+01 
 3.73135837e+05 -6.53087692e-01  3.73135837e+05 -5.85342334e+01 
 3.77457126e+05 -6.92303610e-01  3.77457126e+05 -5.89417885e+01 
 3.81828460e+05 -7.31571367e-01  3.81828460e+05 -5.93514822e+01 
 3.86250419e+05 -7.70886738e-01  3.86250419e+05 -5.97633583e+01 
 3.90723589e+05 -8.10245608e-01  3.90723589e+05 -6.01774612e+01 
 3.95248562e+05 -8.49643972e-01  3.95248562e+05 -6.05938361e+01 
 3.99825939e+05 -8.89077941e-01  3.99825939e+05 -6.10125287e+01 
 4.04456327e+05 -9.28543740e-01  4.04456327e+05 -6.14335852e+01 
 4.09140339e+05 -9.68037719e-01  4.09140339e+05 -6.18570526e+01 
 4.13878597e+05 -1.00755635e+00  4.13878597e+05 -6.22829781e+01 
 4.18671729e+05 -1.04709623e+00  4.18671729e+05 -6.27114095e+01 
 4.23520370e+05 -1.08665408e+00  4.23520370e+05 -6.31423947e+01 
 4.28425163e+05 -1.12622675e+00  4.28425163e+05 -6.35759823e+01 
 4.33386759e+05 -1.16581123e+00  4.33386759e+05 -6.40122210e+01 
 4.38405814e+05 -1.20540463e+00  4.38405814e+05 -6.44511595e+01 
 4.43482996e+05 -1.24500420e+00  4.43482996e+05 -6.48928471e+01 
 4.48618977e+05 -1.28460732e+00  4.48618977e+05 -6.53373329e+01 
 4.53814437e+05 -1.32421150e+00  4.53814437e+05 -6.57846662e+01 
 4.59070066e+05 -1.36381439e+00  4.59070066e+05 -6.62348961e+01 
 4.64386560e+05 -1.40341378e+00  4.64386560e+05 -6.66880720e+01 
 4.69764625e+05 -1.44300756e+00  4.69764625e+05 -6.71442429e+01 
 4.75204974e+05 -1.48259379e+00  4.75204974e+05 -6.76034579e+01 
 4.80708327e+05 -1.52217064e+00  4.80708327e+05 -6.80657655e+01 
 4.86275414e+05 -1.56173640e+00  4.86275414e+05 -6.85312144e+01 
 4.91906974e+05 -1.60128952e+00  4.91906974e+05 -6.89998527e+01 
 4.97603753e+05 -1.64082855e+00  4.97603753e+05 -6.94717282e+01 
 5.03366507e+05 -1.68035216e+00  5.03366507e+05 -6.99468882e+01 
 5.09195999e+05 -1.71985915e+00  5.09195999e+05 -7.04253797e+01 
 5.15093002e+05 -1.75934843e+00  5.15093002e+05 -7.09072491e+01 
 5.21058299e+05 -1.79881905e+00  5.21058299e+05 -7.13925421e+01 
 5.27092679e+05 -1.83827013e+00  5.27092679e+05 -7.18813040e+01 
 5.33196944e+05 -1.87770093e+00  5.33196944e+05 -7.23735792e+01 
 5.39371903e+05 -1.91711080e+00  5.39371903e+05 -7.28694115e+01 
 5.45618374e+05 -1.95649920e+00  5.45618374e+05 -7.33688439e+01 
 5.51937185e+05 -1.99586567e+00  5.51937185e+05 -7.38719187e+01 
 5.58329174e+05 -2.03520985e+00  5.58329174e+05 -7.43786771e+01 
 5.64795189e+05 -2.07453148e+00  5.64795189e+05 -7.48891596e+01 
 5.71336088e+05 -2.11383037e+00  5.71336088e+05 -7.54034057e+01 
 5.77952736e+05 -2.15310641e+00  5.77952736e+05 -7.59214539e+01 
 5.84646012e+05 -2.19235956e+00  5.84646012e+05 -7.64433416e+01 
 5.91416802e+05 -2.23158985e+00  5.91416802e+05 -7.69691053e+01 
 5.98266006e+05 -2.27079737e+00  5.98266006e+05 -7.74987802e+01 
 6.05194529e+05 -2.30998229e+00  6.05194529e+05 -7.80324006e+01 
 6.12203293e+05 -2.34914480e+00  6.12203293e+05 -7.85699995e+01 
 6.19293224e+05 -2.38828516e+00  6.19293224e+05 -7.91116087e+01 
 6.26465265e+05 -2.42740365e+00  6.26465265e+05 -7.96572587e+01 
 6.33720365e+05 -2.46650062e+00  6.33720365e+05 -8.02069790e+01 
 6.41059486e+05 -2.50557642e+00  6.41059486e+05 -8.07607975e+01 
 6.48483601e+05 -2.54463144e+00  6.48483601e+05 -8.13187410e+01 
 6.55993696e+05 -2.58366608e+00  6.55993696e+05 -8.18808350e+01 
 6.63590765e+05 -2.62268077e+00  6.63590765e+05 -8.24471035e+01 
 6.71275815e+05 -2.66167593e+00  6.71275815e+05 -8.30175693e+01 
 6.79049866e+05 -2.70065200e+00  6.79049866e+05 -8.35922537e+01 
 6.86913949e+05 -2.73960942e+00  6.86913949e+05 -8.41711765e+01 
 6.94869105e+05 -2.77854859e+00  6.94869105e+05 -8.47543565e+01 
 7.02916391e+05 -2.81746995e+00  7.02916391e+05 -8.53418106e+01 
 7.11056872e+05 -2.85637388e+00  7.11056872e+05 -8.59335547e+01 
 7.19291628e+05 -2.89526076e+00  7.19291628e+05 -8.65296029e+01 
 7.27621750e+05 -2.93413093e+00  7.27621750e+05 -8.71299681e+01 
 7.36048344e+05 -2.97298471e+00  7.36048344e+05 -8.77346617e+01 
 7.44572527e+05 -3.01182238e+00  7.44572527e+05 -8.83436937e+01 
 7.53195428e+05 -3.05064418e+00  7.53195428e+05 -8.89570726e+01 
 7.61918191e+05 -3.08945030e+00  7.61918191e+05 -8.95748054e+01 
 7.70741972e+05 -3.12824090e+00  7.70741972e+05 -9.01968979e+01 
 7.79667942e+05 -3.16701607e+00  7.79667942e+05 -9.08233544e+01 
 7.88697283e+05 -3.20577584e+00  7.88697283e+05 -9.14541776e+01 
 7.97831193e+05 -3.24452021e+00  7.97831193e+05 -9.20893690e+01 
 8.07070883e+05 -3.28324910e+00  8.07070883e+05 -9.27289288e+01 
 8.16417578e+05 -3.32196236e+00  8.16417578e+05 -9.33728555e+01 
 8.25872518e+05 -3.36065978e+00  8.25872518e+05 -9.40211466e+01 
 8.35436955e+05 -3.39934108e+00  8.35436955e+05 -9.46737980e+01 
 8.45112157e+05 -3.43800593e+00  8.45112157e+05 -9.53308046e+01 
 8.54899409e+05 -3.47665389e+00  8.54899409e+05 -9.59921596e+01 
 8.64800006e+05 -3.51528448e+00  8.64800006e+05 -9.66578553e+01 
 8.74815263e+05 -3.55389712e+00  8.74815263e+05 -9.73278826e+01 
 8.84946506e+05 -3.59249119e+00  8.84946506e+05 -9.80022311e+01 
 8.95195080e+05 -3.63106595e+00  8.95195080e+05 -9.86808894e+01 
 9.05562342e+05 -3.66962061e+00  9.05562342e+05 -9.93638450e+01 
 9.16049667e+05 -3.70815432e+00  9.16049667e+05 -1.00051084e+02 
 9.26658447e+05 -3.74666611e+00  9.26658447e+05 -1.00742591e+02 
 9.37390086e+05 -3.78515499e+00  9.37390086e+05 -1.01438352e+02 
 9.48246009e+05 -3.82361986e+00  9.48246009e+05 -1.02138348e+02 
 9.59227655e+05 -3.86205956e+00  9.59227655e+05 -1.02842561e+02 
 9.70336479e+05 -3.90047286e+00  9.70336479e+05 -1.03550974e+02 
 9.81573954e+05 -3.93885847e+00  9.81573954e+05 -1.04263566e+02 
 9.92941571e+05 -3.97721503e+00  9.92941571e+05 -1.04980317e+02 
 1.00444084e+06 -4.01554113e+00  1.00444084e+06 -1.05701205e+02 
 1.01607327e+06 -4.05383527e+00  1.01607327e+06 -1.06426209e+02 
 1.02784043e+06 -4.09209594e+00  1.02784043e+06 -1.07155304e+02 
 1.03974386e+06 -4.13032155e+00  1.03974386e+06 -1.07888468e+02 
 1.05178514e+06 -4.16851047e+00  1.05178514e+06 -1.08625676e+02 
 1.06396587e+06 -4.20666102e+00  1.06396587e+06 -1.09366904e+02 
 1.07628767e+06 -4.24477151e+00  1.07628767e+06 -1.10112125e+02 
 1.08875217e+06 -4.28284020e+00  1.08875217e+06 -1.10861315e+02 
 1.10136102e+06 -4.32086530e+00  1.10136102e+06 -1.11614446e+02 
 1.11411589e+06 -4.35884505e+00  1.11411589e+06 -1.12371492e+02 
 1.12701847e+06 -4.39677764e+00  1.12701847e+06 -1.13132426e+02 
 1.14007049e+06 -4.43466125e+00  1.14007049e+06 -1.13897220e+02 
 1.15327365e+06 -4.47249408e+00  1.15327365e+06 -1.14665847e+02 
 1.16662972e+06 -4.51027431e+00  1.16662972e+06 -1.15438278e+02 
 1.18014047e+06 -4.54800015e+00  1.18014047e+06 -1.16214486e+02 
 1.19380769e+06 -4.58566982e+00  1.19380769e+06 -1.16994443e+02 
 1.20763319e+06 -4.62328157e+00  1.20763319e+06 -1.17778120e+02 
 1.22161880e+06 -4.66083368e+00  1.22161880e+06 -1.18565490e+02 
 1.23576638e+06 -4.69832447e+00  1.23576638e+06 -1.19356523e+02 
 1.25007780e+06 -4.73575233e+00  1.25007780e+06 -1.20151193e+02 
 1.26455496e+06 -4.77311568e+00  1.26455496e+06 -1.20949471e+02 
 1.27919978e+06 -4.81041302e+00  1.27919978e+06 -1.21751329e+02 
 1.29401421e+06 -4.84764293e+00  1.29401421e+06 -1.22556741e+02 
 1.30900020e+06 -4.88480408e+00  1.30900020e+06 -1.23365679e+02 
 1.32415974e+06 -4.92189521e+00  1.32415974e+06 -1.24178116e+02 
 1.33949485e+06 -4.95891519e+00  1.33949485e+06 -1.24994027e+02 
 1.35500755e+06 -4.99586298e+00  1.35500755e+06 -1.25813385e+02 
 1.37069990e+06 -5.03273769e+00  1.37069990e+06 -1.26636166e+02 
 1.38657399e+06 -5.06953853e+00  1.38657399e+06 -1.27462344e+02 
 1.40263192e+06 -5.10626488e+00  1.40263192e+06 -1.28291896e+02 
 1.41887581e+06 -5.14291625e+00  1.41887581e+06 -1.29124798e+02 
 1.43530782e+06 -5.17949234e+00  1.43530782e+06 -1.29961028e+02 
 1.45193013e+06 -5.21599300e+00  1.45193013e+06 -1.30800564e+02 
 1.46874495e+06 -5.25241827e+00  1.46874495e+06 -1.31643385e+02 
 1.48575450e+06 -5.28876839e+00  1.48575450e+06 -1.32489471e+02 
 1.50296103e+06 -5.32504379e+00  1.50296103e+06 -1.33338802e+02 
 1.52036684e+06 -5.36124514e+00  1.52036684e+06 -1.34191361e+02 
 1.53797422e+06 -5.39737332e+00  1.53797422e+06 -1.35047129e+02 
 1.55578551e+06 -5.43342945e+00  1.55578551e+06 -1.35906092e+02 
 1.57380308e+06 -5.46941491e+00  1.57380308e+06 -1.36768233e+02 
 1.59202931e+06 -5.50533134e+00  1.59202931e+06 -1.37633540e+02 
 1.61046661e+06 -5.54118064e+00  1.61046661e+06 -1.38501998e+02 
 1.62911744e+06 -5.57696502e+00  1.62911744e+06 -1.39373596e+02 
 1.64798426e+06 -5.61268696e+00  1.64798426e+06 -1.40248325e+02 
 1.66706959e+06 -5.64834928e+00  1.66706959e+06 -1.41126174e+02 
 1.68637593e+06 -5.68395509e+00  1.68637593e+06 -1.42007136e+02 
 1.70590587e+06 -5.71950786e+00  1.70590587e+06 -1.42891205e+02 
 1.72566198e+06 -5.75501140e+00  1.72566198e+06 -1.43778375e+02 
 1.74564689e+06 -5.79046988e+00  1.74564689e+06 -1.44668642e+02 
 1.76586324e+06 -5.82588785e+00  1.76586324e+06 -1.45562004e+02 
 1.78631372e+06 -5.86127025e+00  1.78631372e+06 -1.46458459e+02 
 1.80700103e+06 -5.89662241e+00  1.80700103e+06 -1.47358009e+02 
 1.82792793e+06 -5.93195008e+00  1.82792793e+06 -1.48260654e+02 
 1.84909717e+06 -5.96725945e+00  1.84909717e+06 -1.49166398e+02 
 1.87051159e+06 -6.00255715e+00  1.87051159e+06 -1.50075245e+02 
 1.89217400e+06 -6.03785027e+00  1.89217400e+06 -1.50987201e+02 
 1.91408728e+06 -6.07314636e+00  1.91408728e+06 -1.51902272e+02 
 1.93625434e+06 -6.10845348e+00  1.93625434e+06 -1.52820469e+02 
 1.95867812e+06 -6.14378019e+00  1.95867812e+06 -1.53741800e+02 
 1.98136159e+06 -6.17913557e+00  1.98136159e+06 -1.54666276e+02 
 2.00430776e+06 -6.21452924e+00  2.00430776e+06 -1.55593910e+02 
 2.02751966e+06 -6.24997137e+00  2.02751966e+06 -1.56524716e+02 
 2.05100039e+06 -6.28547270e+00  2.05100039e+06 -1.57458707e+02 
 2.07475304e+06 -6.32104457e+00  2.07475304e+06 -1.58395900e+02 
 2.09878077e+06 -6.35669890e+00  2.09878077e+06 -1.59336312e+02 
 2.12308677e+06 -6.39244825e+00  2.12308677e+06 -1.60279959e+02 
 2.14767426e+06 -6.42830581e+00  2.14767426e+06 -1.61226861e+02 
 2.17254649e+06 -6.46428545e+00  2.17254649e+06 -1.62177037e+02 
 2.19770677e+06 -6.50040168e+00  2.19770677e+06 -1.63130506e+02 
 2.22315843e+06 -6.53666971e+00  2.22315843e+06 -1.64087288e+02 
 2.24890485e+06 -6.57310547e+00  2.24890485e+06 -1.65047404e+02 
 2.27494944e+06 -6.60972561e+00  2.27494944e+06 -1.66010874e+02 
 2.30129565e+06 -6.64654753e+00  2.30129565e+06 -1.66977720e+02 
 2.32794697e+06 -6.68358935e+00  2.32794697e+06 -1.67947961e+02 
 2.35490695e+06 -6.72087002e+00  2.35490695e+06 -1.68921617e+02 
 2.38217915e+06 -6.75840923e+00  2.38217915e+06 -1.69898708e+02 
 2.40976718e+06 -6.79622751e+00  2.40976718e+06 -1.70879252e+02 
 2.43767472e+06 -6.83434618e+00  2.43767472e+06 -1.71863266e+02 
 2.46590545e+06 -6.87278740e+00  2.46590545e+06 -1.72850767e+02 
 2.49446313e+06 -6.91157416e+00  2.49446313e+06 -1.73841768e+02 
 2.52335153e+06 -6.95073031e+00  2.52335153e+06 -1.74836282e+02 
 2.55257448e+06 -6.99028053e+00  2.55257448e+06 -1.75834318e+02 
 2.58213587e+06 -7.03025038e+00  2.58213587e+06 -1.76835885e+02 
 2.61203961e+06 -7.07066626e+00  2.61203961e+06 -1.77840985e+02 
 2.64228966e+06 -7.11155546e+00  2.64228966e+06 -1.78849619e+02 
 2.67289004e+06 -7.15294607e+00  2.67289004e+06 -1.79861785e+02 
 2.70384481e+06 -7.19486707e+00  2.70384481e+06  1.79122526e+02 
 2.73515806e+06 -7.23734824e+00  2.73515806e+06  1.78103326e+02 
 2.76683395e+06 -7.28042020e+00  2.76683395e+06  1.77080633e+02 
 2.79887667e+06 -7.32411434e+00  2.79887667e+06  1.76054469e+02 
 2.83129049e+06 -7.36846281e+00  2.83129049e+06  1.75024866e+02 
 2.86407969e+06 -7.41349850e+00  2.86407969e+06  1.73991859e+02 
 2.89724862e+06 -7.45925499e+00  2.89724862e+06  1.72955492e+02 
 2.93080168e+06 -7.50576649e+00  2.93080168e+06  1.71915817e+02 
 2.96474332e+06 -7.55306780e+00  2.96474332e+06  1.70872893e+02 
 2.99907804e+06 -7.60119422e+00  2.99907804e+06  1.69826791e+02 
 3.03381039e+06 -7.65018154e+00  3.03381039e+06  1.68777588e+02 
 3.06894498e+06 -7.70006587e+00  3.06894498e+06  1.67725373e+02 
 3.10448646e+06 -7.75088363e+00  3.10448646e+06  1.66670246e+02 
 3.14043954e+06 -7.80267142e+00  3.14043954e+06  1.65612315e+02 
 3.17680900e+06 -7.85546588e+00  3.17680900e+06  1.64551704e+02 
 3.21359965e+06 -7.90930363e+00  3.21359965e+06  1.63488545e+02 
 3.25081638e+06 -7.96422110e+00  3.25081638e+06  1.62422986e+02 
 3.28846411e+06 -8.02025440e+00  3.28846411e+06  1.61355183e+02 
 3.32654785e+06 -8.07743919e+00  3.32654785e+06  1.60285310e+02 
 3.36507263e+06 -8.13581049e+00  3.36507263e+06  1.59213551e+02 
 3.40404356e+06 -8.19540254e+00  3.40404356e+06  1.58140105e+02 
 3.44346582e+06 -8.25624864e+00  3.44346582e+06  1.57065184e+02 
 3.48334463e+06 -8.31838093e+00  3.48334463e+06  1.55989012e+02 
 3.52368527e+06 -8.38183024e+00  3.52368527e+06  1.54911828e+02 
 3.56449310e+06 -8.44662587e+00  3.56449310e+06  1.53833884e+02 
 3.60577353e+06 -8.51279544e+00  3.60577353e+06  1.52755444e+02 
 3.64753203e+06 -8.58036467e+00  3.64753203e+06  1.51676784e+02 
 3.68977413e+06 -8.64935718e+00  3.68977413e+06  1.50598192e+02 
 3.73250543e+06 -8.71979434e+00  3.73250543e+06  1.49519967e+02 
 3.77573161e+06 -8.79169506e+00  3.77573161e+06  1.48442417e+02 
 3.81945839e+06 -8.86507562e+00  3.81945839e+06  1.47365860e+02 
 3.86369158e+06 -8.93994951e+00  3.86369158e+06  1.46290622e+02 
 3.90843702e+06 -9.01632731e+00  3.90843702e+06  1.45217033e+02 
 3.95370067e+06 -9.09421649e+00  3.95370067e+06  1.44145431e+02 
 3.99948851e+06 -9.17362139e+00  3.99948851e+06  1.43076156e+02 
 4.04580662e+06 -9.25454303e+00  4.04580662e+06  1.42009550e+02 
 4.09266114e+06 -9.33697911e+00  4.09266114e+06  1.40945956e+02 
 4.14005829e+06 -9.42092395e+00  4.14005829e+06  1.39885714e+02 
 4.18800434e+06 -9.50636845e+00  4.18800434e+06  1.38829164e+02 
 4.23650566e+06 -9.59330011e+00  4.23650566e+06  1.37776636e+02 
 4.28556866e+06 -9.68170309e+00  4.28556866e+06  1.36728456e+02 
 4.33519987e+06 -9.77155825e+00  4.33519987e+06  1.35684941e+02 
 4.38540586e+06 -9.86284328e+00  4.38540586e+06  1.34646397e+02 
 4.43619329e+06 -9.95553279e+00  4.43619329e+06  1.33613117e+02 
 4.48756888e+06 -1.00495985e+01  4.48756888e+06  1.32585379e+02 
 4.53953946e+06 -1.01450094e+01  4.53953946e+06  1.31563447e+02 
 4.59211190e+06 -1.02417319e+01  4.59211190e+06  1.30547568e+02 
 4.64529319e+06 -1.03397303e+01  4.64529319e+06  1.29537969e+02 
 4.69909037e+06 -1.04389668e+01  4.69909037e+06  1.28534858e+02 
 4.75351058e+06 -1.05394016e+01  4.75351058e+06  1.27538423e+02 
 4.80856103e+06 -1.06409937e+01  4.80856103e+06  1.26548830e+02 
 4.86424902e+06 -1.07437009e+01  4.86424902e+06  1.25566224e+02 
 4.92058193e+06 -1.08474798e+01  4.92058193e+06  1.24590727e+02 
 4.97756723e+06 -1.09522867e+01  4.97756723e+06  1.23622439e+02 
 5.03521248e+06 -1.10580775e+01  5.03521248e+06  1.22661437e+02 
 5.09352532e+06 -1.11648079e+01  5.09352532e+06  1.21707779e+02 
 5.15251348e+06 -1.12724340e+01  5.15251348e+06  1.20761497e+02 
 5.21218479e+06 -1.13809124e+01  5.21218479e+06  1.19822605e+02 
 5.27254715e+06 -1.14902004e+01  5.27254715e+06  1.18891097e+02 
 5.33360856e+06 -1.16002564e+01  5.33360856e+06  1.17966946e+02 
 5.39537713e+06 -1.17110399e+01  5.39537713e+06  1.17050108e+02 
 5.45786104e+06 -1.18225119e+01  5.45786104e+06  1.16140523e+02 
 5.52106858e+06 -1.19346347e+01  5.52106858e+06  1.15238114e+02 
 5.58500812e+06 -1.20473725e+01  5.58500812e+06  1.14342790e+02 
 5.64968815e+06 -1.21606915e+01  5.64968815e+06  1.13454447e+02 
 5.71511724e+06 -1.22745594e+01  5.71511724e+06  1.12572971e+02 
 5.78130406e+06 -1.23889461e+01  5.78130406e+06  1.11698236e+02 
 5.84825740e+06 -1.25038236e+01  5.84825740e+06  1.10830109e+02 
 5.91598612e+06 -1.26191657e+01  5.91598612e+06  1.09968448e+02 
 5.98449920e+06 -1.27349485e+01  5.98449920e+06  1.09113109e+02 
 6.05380574e+06 -1.28511499e+01  6.05380574e+06  1.08263938e+02 
 6.12391492e+06 -1.29677499e+01  6.12391492e+06  1.07420783e+02 
 6.19483603e+06 -1.30847304e+01  6.19483603e+06  1.06583487e+02 
 6.26657849e+06 -1.32020752e+01  6.26657849e+06  1.05751893e+02 
 6.33915179e+06 -1.33197699e+01  6.33915179e+06  1.04925843e+02 
 6.41256556e+06 -1.34378018e+01  6.41256556e+06  1.04105182e+02 
 6.48682954e+06 -1.35561596e+01  6.48682954e+06  1.03289755e+02 
 6.56195357e+06 -1.36748337e+01  6.56195357e+06  1.02479410e+02 
 6.63794761e+06 -1.37938160e+01  6.63794761e+06  1.01673998e+02 
 6.71482174e+06 -1.39130994e+01  6.71482174e+06  1.00873375e+02 
 6.79258615e+06 -1.40326780e+01  6.79258615e+06  1.00077398e+02 
 6.87125115e+06 -1.41525472e+01  6.87125115e+06  9.92859320e+01 
 6.95082717e+06 -1.42727030e+01  6.95082717e+06  9.84988442e+01 
 7.03132476e+06 -1.43931426e+01  7.03132476e+06  9.77160077e+01 
 7.11275460e+06 -1.45138635e+01  7.11275460e+06  9.69373002e+01 
 7.19512747e+06 -1.46348642e+01  7.19512747e+06  9.61626047e+01 
 7.27845431e+06 -1.47561436e+01  7.27845431e+06  9.53918092e+01 
 7.36274615e+06 -1.48777009e+01  7.36274615e+06  9.46248066e+01 
 7.44801418e+06 -1.49995358e+01  7.44801418e+06  9.38614948e+01 
 7.53426970e+06 -1.51216482e+01  7.53426970e+06  9.31017764e+01 
 7.62152414e+06 -1.52440383e+01  7.62152414e+06  9.23455585e+01 
 7.70978908e+06 -1.53667062e+01  7.70978908e+06  9.15927526e+01 
 7.79907622e+06 -1.54896524e+01  7.79907622e+06  9.08432744e+01 
 7.88939739e+06 -1.56128772e+01  7.88939739e+06  9.00970433e+01 
 7.98076457e+06 -1.57363809e+01  7.98076457e+06  8.93539825e+01 
 8.07318988e+06 -1.58601637e+01  8.07318988e+06  8.86140182e+01 
 8.16668556e+06 -1.59842258e+01  8.16668556e+06  8.78770801e+01 
 8.26126402e+06 -1.61085671e+01  8.26126402e+06  8.71431002e+01 
 8.35693779e+06 -1.62331874e+01  8.35693779e+06  8.64120133e+01 
 8.45371956e+06 -1.63580865e+01  8.45371956e+06  8.56837562e+01 
 8.55162216e+06 -1.64832638e+01  8.55162216e+06  8.49582677e+01 
 8.65065857e+06 -1.66087184e+01  8.65065857e+06  8.42354881e+01 
 8.75084193e+06 -1.67344494e+01  8.75084193e+06  8.35153592e+01 
 8.85218551e+06 -1.68604556e+01  8.85218551e+06  8.27978240e+01 
 8.95470275e+06 -1.69867356e+01  8.95470275e+06  8.20828262e+01 
 9.05840724e+06 -1.71132876e+01  9.05840724e+06  8.13703102e+01 
 9.16331273e+06 -1.72401099e+01  9.16331273e+06  8.06602209e+01 
 9.26943314e+06 -1.73672004e+01  9.26943314e+06  7.99525034e+01 
 9.37678253e+06 -1.74945567e+01  9.37678253e+06  7.92471030e+01 
 9.48537513e+06 -1.76221765e+01  9.48537513e+06  7.85439647e+01 
 9.59522534e+06 -1.77500570e+01  9.59522534e+06  7.78430334e+01 
 9.70634773e+06 -1.78781956e+01  9.70634773e+06  7.71442534e+01 
 9.81875703e+06 -1.80065893e+01  9.81875703e+06  7.64475688e+01 
 9.93246814e+06 -1.81352350e+01  9.93246814e+06  7.57529227e+01 
 1.00474961e+07 -1.82641295e+01  1.00474961e+07  7.50602576e+01 
 1.01638563e+07 -1.83932697e+01  1.01638563e+07  7.43695154e+01 
 1.02815640e+07 -1.85226521e+01  1.02815640e+07  7.36806369e+01 
 1.04006349e+07 -1.86522735e+01  1.04006349e+07  7.29935618e+01 
 1.05210847e+07 -1.87821303e+01  1.05210847e+07  7.23082292e+01 
 1.06429295e+07 -1.89122192e+01  1.06429295e+07  7.16245769e+01 
 1.07661854e+07 -1.90425367e+01  1.07661854e+07  7.09425417e+01 
 1.08908687e+07 -1.91730794e+01  1.08908687e+07  7.02620593e+01 
 1.10169959e+07 -1.93038438e+01  1.10169959e+07  6.95830645e+01 
 1.11445838e+07 -1.94348267e+01  1.11445838e+07  6.89054909e+01 
 1.12736493e+07 -1.95660248e+01  1.12736493e+07  6.82292710e+01 
 1.14042096e+07 -1.96974349e+01  1.14042096e+07  6.75543364e+01 
 1.15362818e+07 -1.98290539e+01  1.15362818e+07  6.68806177e+01 
 1.16698836e+07 -1.99608789e+01  1.16698836e+07  6.62080444e+01 
 1.18050326e+07 -2.00929069e+01  1.18050326e+07  6.55365452e+01 
 1.19417468e+07 -2.02251352e+01  1.19417468e+07  6.48660480e+01 
 1.20800443e+07 -2.03575614e+01  1.20800443e+07  6.41964796e+01 
 1.22199434e+07 -2.04901829e+01  1.22199434e+07  6.35277664e+01 
 1.23614627e+07 -2.06229977e+01  1.23614627e+07  6.28598339e+01 
 1.25046209e+07 -2.07560036e+01  1.25046209e+07  6.21926069e+01 
 1.26494370e+07 -2.08891988e+01  1.26494370e+07  6.15260098e+01 
 1.27959303e+07 -2.10225816e+01  1.27959303e+07  6.08599664e+01 
 1.29441200e+07 -2.11561507e+01  1.29441200e+07  6.01944003e+01 
 1.30940260e+07 -2.12899047e+01  1.30940260e+07  5.95292343e+01 
 1.32456680e+07 -2.14238427e+01  1.32456680e+07  5.88643916e+01 
 1.33990662e+07 -2.15579640e+01  1.33990662e+07  5.81997946e+01 
 1.35542409e+07 -2.16922680e+01  1.35542409e+07  5.75353659e+01 
 1.37112127e+07 -2.18267543e+01  1.37112127e+07  5.68710282e+01 
 1.38700024e+07 -2.19614230e+01  1.38700024e+07  5.62067042e+01 
 1.40306310e+07 -2.20962742e+01  1.40306310e+07  5.55423165e+01 
 1.41931199e+07 -2.22313084e+01  1.41931199e+07  5.48777882e+01 
 1.43574905e+07 -2.23665261e+01  1.43574905e+07  5.42130429e+01 
 1.45237648e+07 -2.25019284e+01  1.45237648e+07  5.35480041e+01 
 1.46919646e+07 -2.26375164e+01  1.46919646e+07  5.28825964e+01 
 1.48621124e+07 -2.27732915e+01  1.48621124e+07  5.22167446e+01 
 1.50342306e+07 -2.29092553e+01  1.50342306e+07  5.15503742e+01 
 1.52083422e+07 -2.30454098e+01  1.52083422e+07  5.08834117e+01 
 1.53844701e+07 -2.31817571e+01  1.53844701e+07  5.02157842e+01 
 1.55626378e+07 -2.33182996e+01  1.55626378e+07  4.95474197e+01 
 1.57428689e+07 -2.34550399e+01  1.57428689e+07  4.88782475e+01 
 1.59251872e+07 -2.35919808e+01  1.59251872e+07  4.82081977e+01 
 1.61096169e+07 -2.37291254e+01  1.61096169e+07  4.75372017e+01 
 1.62961825e+07 -2.38664770e+01  1.62961825e+07  4.68651920e+01 
 1.64849088e+07 -2.40040391e+01  1.64849088e+07  4.61921026e+01 
 1.66758206e+07 -2.41418154e+01  1.66758206e+07  4.55178688e+01 
 1.68689435e+07 -2.42798098e+01  1.68689435e+07  4.48424274e+01 
 1.70643029e+07 -2.44180266e+01  1.70643029e+07  4.41657167e+01 
 1.72619247e+07 -2.45564699e+01  1.72619247e+07  4.34876765e+01 
 1.74618352e+07 -2.46951444e+01  1.74618352e+07  4.28082485e+01 
 1.76640609e+07 -2.48340547e+01  1.76640609e+07  4.21273761e+01 
 1.78686285e+07 -2.49732056e+01  1.78686285e+07  4.14450044e+01 
 1.80755653e+07 -2.51126023e+01  1.80755653e+07  4.07610803e+01 
 1.82848985e+07 -2.52522499e+01  1.82848985e+07  4.00755529e+01 
 1.84966561e+07 -2.53921537e+01  1.84966561e+07  3.93883731e+01 
 1.87108661e+07 -2.55323193e+01  1.87108661e+07  3.86994939e+01 
 1.89275568e+07 -2.56727522e+01  1.89275568e+07  3.80088705e+01 
 1.91467570e+07 -2.58134582e+01  1.91467570e+07  3.73164601e+01 
 1.93684957e+07 -2.59544431e+01  1.93684957e+07  3.66222222e+01 
 1.95928024e+07 -2.60957129e+01  1.95928024e+07  3.59261187e+01 
 1.98197069e+07 -2.62372738e+01  1.98197069e+07  3.52281136e+01 
 2.00492391e+07 -2.63791317e+01  2.00492391e+07  3.45281734e+01 
 2.02814295e+07 -2.65212930e+01  2.02814295e+07  3.38262671e+01 
 2.05163089e+07 -2.66637640e+01  2.05163089e+07  3.31223660e+01 
 2.07539085e+07 -2.68065510e+01  2.07539085e+07  3.24164440e+01 
 2.09942597e+07 -2.69496604e+01  2.09942597e+07  3.17084776e+01 
 2.12373944e+07 -2.70930987e+01  2.12373944e+07  3.09984458e+01 
 2.14833448e+07 -2.72368723e+01  2.14833448e+07  3.02863303e+01 
 2.17321436e+07 -2.73809879e+01  2.17321436e+07  2.95721155e+01 
 2.19838238e+07 -2.75254518e+01  2.19838238e+07  2.88557883e+01 
 2.22384186e+07 -2.76702706e+01  2.22384186e+07  2.81373387e+01 
 2.24959620e+07 -2.78154508e+01  2.24959620e+07  2.74167592e+01 
 2.27564879e+07 -2.79609988e+01  2.27564879e+07  2.66940452e+01 
 2.30200310e+07 -2.81069212e+01  2.30200310e+07  2.59691949e+01 
 2.32866262e+07 -2.82532242e+01  2.32866262e+07  2.52422094e+01 
 2.35563088e+07 -2.83999143e+01  2.35563088e+07  2.45130927e+01 
 2.38291146e+07 -2.85469978e+01  2.38291146e+07  2.37818517e+01 
 2.41050798e+07 -2.86944808e+01  2.41050798e+07  2.30484962e+01 
 2.43842409e+07 -2.88423695e+01  2.43842409e+07  2.23130391e+01 
 2.46666350e+07 -2.89906698e+01  2.46666350e+07  2.15754960e+01 
 2.49522996e+07 -2.91393878e+01  2.49522996e+07  2.08358859e+01 
 2.52412724e+07 -2.92885292e+01  2.52412724e+07  2.00942304e+01 
 2.55335918e+07 -2.94380997e+01  2.55335918e+07  1.93505544e+01 
 2.58292965e+07 -2.95881047e+01  2.58292965e+07  1.86048857e+01 
 2.61284258e+07 -2.97385498e+01  2.61284258e+07  1.78572553e+01 
 2.64310194e+07 -2.98894400e+01  2.64310194e+07  1.71076970e+01 
 2.67371172e+07 -3.00407805e+01  2.67371172e+07  1.63562479e+01 
 2.70467600e+07 -3.01925760e+01  2.70467600e+07  1.56029481e+01 
 2.73599888e+07 -3.03448313e+01  2.73599888e+07  1.48478408e+01 
 2.76768451e+07 -3.04975508e+01  2.76768451e+07  1.40909721e+01 
 2.79973709e+07 -3.06507387e+01  2.79973709e+07  1.33323914e+01 
 2.83216087e+07 -3.08043990e+01  2.83216087e+07  1.25721511e+01 
 2.86496015e+07 -3.09585354e+01  2.86496015e+07  1.18103065e+01 
 2.89813928e+07 -3.11131516e+01  2.89813928e+07  1.10469162e+01 
 2.93170265e+07 -3.12682506e+01  2.93170265e+07  1.02820416e+01 
 2.96565473e+07 -3.14238355e+01  2.96565473e+07  9.51574736e+00 
 3.00000000e+07 -3.15799090e+01  3.00000000e+07  8.74810092e+00 
