t,mains_req,vrelay_en,mute_req,permit_req,dac_on,code_s,code_p,stato,d
0.000000,1,1,1,1,1,3221,1191,MUSICA,0.000000
2.028000,1,1,1,1,1,3221,1191,INSERZIONE,0.000000
2.029000,1,1,1,1,1,3220,1191,INSERZIONE,0.000167
2.030000,1,1,1,1,1,3219,1191,INSERZIONE,0.000333
2.031000,1,1,1,1,1,3217,1191,INSERZIONE,0.000500
2.032000,1,1,1,1,1,3216,1191,INSERZIONE,0.000667
2.033000,1,1,1,1,1,3215,1191,INSERZIONE,0.000833
2.034000,1,1,1,1,1,3214,1191,INSERZIONE,0.001000
2.035000,1,1,1,1,1,3212,1191,INSERZIONE,0.001167
2.036000,1,1,1,1,1,3211,1191,INSERZIONE,0.001333
2.037000,1,1,1,1,1,3210,1191,INSERZIONE,0.001500
2.038000,1,1,1,1,1,3209,1191,INSERZIONE,0.001667
2.039000,1,1,1,1,1,3207,1191,INSERZIONE,0.001833
2.040000,1,1,1,1,1,3206,1191,INSERZIONE,0.002000
2.041000,1,1,1,1,1,3205,1191,INSERZIONE,0.002167
2.042000,1,1,1,1,1,3204,1191,INSERZIONE,0.002333
2.043000,1,1,1,1,1,3202,1191,INSERZIONE,0.002500
2.044000,1,1,1,1,1,3201,1191,INSERZIONE,0.002667
2.045000,1,1,1,1,1,3200,1191,INSERZIONE,0.002833
2.046000,1,1,1,1,1,3199,1191,INSERZIONE,0.003000
2.047000,1,1,1,1,1,3197,1191,INSERZIONE,0.003167
2.048000,1,1,1,1,1,3196,1191,INSERZIONE,0.003333
2.049000,1,1,1,1,1,3195,1191,INSERZIONE,0.003500
2.050000,1,1,1,1,1,3194,1191,INSERZIONE,0.003667
2.051000,1,1,1,1,1,3193,1191,INSERZIONE,0.003833
2.052000,1,1,1,1,1,3191,1191,INSERZIONE,0.004000
2.053000,1,1,1,1,1,3190,1191,INSERZIONE,0.004167
2.054000,1,1,1,1,1,3189,1191,INSERZIONE,0.004333
2.055000,1,1,1,1,1,3188,1191,INSERZIONE,0.004500
2.056000,1,1,1,1,1,3186,1191,INSERZIONE,0.004667
2.057000,1,1,1,1,1,3185,1191,INSERZIONE,0.004833
2.058000,1,1,1,1,1,3184,1191,INSERZIONE,0.005000
2.059000,1,1,1,1,1,3183,1191,INSERZIONE,0.005167
2.060000,1,1,1,1,1,3182,1191,INSERZIONE,0.005333
2.061000,1,1,1,1,1,3180,1191,INSERZIONE,0.005500
2.062000,1,1,1,1,1,3179,1191,INSERZIONE,0.005667
2.063000,1,1,1,1,1,3178,1191,INSERZIONE,0.005833
2.064000,1,1,1,1,1,3177,1191,INSERZIONE,0.006000
2.065000,1,1,1,1,1,3176,1191,INSERZIONE,0.006167
2.066000,1,1,1,1,1,3174,1191,INSERZIONE,0.006333
2.067000,1,1,1,1,1,3173,1191,INSERZIONE,0.006500
2.068000,1,1,1,1,1,3172,1191,INSERZIONE,0.006667
2.069000,1,1,1,1,1,3171,1191,INSERZIONE,0.006833
2.070000,1,1,1,1,1,3170,1191,INSERZIONE,0.007000
2.071000,1,1,1,1,1,3168,1191,INSERZIONE,0.007167
2.072000,1,1,1,1,1,3167,1191,INSERZIONE,0.007333
2.073000,1,1,1,1,1,3166,1191,INSERZIONE,0.007500
2.074000,1,1,1,1,1,3165,1191,INSERZIONE,0.007667
2.075000,1,1,1,1,1,3164,1191,INSERZIONE,0.007833
2.076000,1,1,1,1,1,3162,1191,INSERZIONE,0.008000
2.077000,1,1,1,1,1,3161,1191,INSERZIONE,0.008167
2.078000,1,1,1,1,1,3160,1191,INSERZIONE,0.008333
2.079000,1,1,1,1,1,3159,1191,INSERZIONE,0.008500
2.080000,1,1,1,1,1,3158,1191,INSERZIONE,0.008667
2.081000,1,1,1,1,1,3157,1191,INSERZIONE,0.008833
2.082000,1,1,1,1,1,3155,1191,INSERZIONE,0.009000
2.083000,1,1,1,1,1,3154,1191,INSERZIONE,0.009167
2.084000,1,1,1,1,1,3153,1191,INSERZIONE,0.009333
2.085000,1,1,1,1,1,3152,1191,INSERZIONE,0.009500
2.086000,1,1,1,1,1,3151,1191,INSERZIONE,0.009667
2.087000,1,1,1,1,1,3150,1191,INSERZIONE,0.009833
2.088000,1,1,1,1,1,3148,1191,INSERZIONE,0.010000
2.089000,1,1,1,1,1,3147,1191,INSERZIONE,0.010167
2.090000,1,1,1,1,1,3146,1191,INSERZIONE,0.010333
2.091000,1,1,1,1,1,3145,1191,INSERZIONE,0.010500
2.092000,1,1,1,1,1,3144,1191,INSERZIONE,0.010667
2.093000,1,1,1,1,1,3143,1191,INSERZIONE,0.010833
2.094000,1,1,1,1,1,3141,1191,INSERZIONE,0.011000
2.095000,1,1,1,1,1,3140,1191,INSERZIONE,0.011167
2.096000,1,1,1,1,1,3139,1191,INSERZIONE,0.011333
2.097000,1,1,1,1,1,3138,1191,INSERZIONE,0.011500
2.098000,1,1,1,1,1,3137,1191,INSERZIONE,0.011667
2.099000,1,1,1,1,1,3136,1191,INSERZIONE,0.011833
2.100000,1,1,1,1,1,3134,1191,INSERZIONE,0.012000
2.101000,1,1,1,1,1,3133,1191,INSERZIONE,0.012167
2.102000,1,1,1,1,1,3132,1191,INSERZIONE,0.012333
2.103000,1,1,1,1,1,3131,1191,INSERZIONE,0.012500
2.104000,1,1,1,1,1,3130,1191,INSERZIONE,0.012667
2.105000,1,1,1,1,1,3129,1191,INSERZIONE,0.012833
2.106000,1,1,1,1,1,3128,1191,INSERZIONE,0.013000
2.107000,1,1,1,1,1,3126,1191,INSERZIONE,0.013167
2.108000,1,1,1,1,1,3125,1191,INSERZIONE,0.013333
2.109000,1,1,1,1,1,3124,1191,INSERZIONE,0.013500
2.110000,1,1,1,1,1,3123,1191,INSERZIONE,0.013667
2.111000,1,1,1,1,1,3122,1191,INSERZIONE,0.013833
2.112000,1,1,1,1,1,3121,1191,INSERZIONE,0.014000
2.113000,1,1,1,1,1,3120,1191,INSERZIONE,0.014167
2.114000,1,1,1,1,1,3119,1191,INSERZIONE,0.014333
2.115000,1,1,1,1,1,3117,1191,INSERZIONE,0.014500
2.116000,1,1,1,1,1,3116,1191,INSERZIONE,0.014667
2.117000,1,1,1,1,1,3115,1191,INSERZIONE,0.014833
2.118000,1,1,1,1,1,3114,1191,INSERZIONE,0.015000
2.119000,1,1,1,1,1,3113,1191,INSERZIONE,0.015167
2.120000,1,1,1,1,1,3112,1191,INSERZIONE,0.015333
2.121000,1,1,1,1,1,3111,1191,INSERZIONE,0.015500
2.122000,1,1,1,1,1,3109,1191,INSERZIONE,0.015667
2.123000,1,1,1,1,1,3108,1191,INSERZIONE,0.015833
2.124000,1,1,1,1,1,3107,1191,INSERZIONE,0.016000
2.125000,1,1,1,1,1,3106,1191,INSERZIONE,0.016167
2.126000,1,1,1,1,1,3105,1191,INSERZIONE,0.016333
2.127000,1,1,1,1,1,3104,1191,INSERZIONE,0.016500
2.128000,1,1,1,1,1,3103,1191,INSERZIONE,0.016667
2.129000,1,1,1,1,1,3102,1191,INSERZIONE,0.016833
2.130000,1,1,1,1,1,3101,1191,INSERZIONE,0.017000
2.131000,1,1,1,1,1,3099,1191,INSERZIONE,0.017167
2.132000,1,1,1,1,1,3098,1191,INSERZIONE,0.017333
2.133000,1,1,1,1,1,3097,1191,INSERZIONE,0.017500
2.134000,1,1,1,1,1,3096,1191,INSERZIONE,0.017667
2.135000,1,1,1,1,1,3095,1191,INSERZIONE,0.017833
2.136000,1,1,1,1,1,3094,1191,INSERZIONE,0.018000
2.137000,1,1,1,1,1,3093,1191,INSERZIONE,0.018167
2.138000,1,1,1,1,1,3092,1191,INSERZIONE,0.018333
2.139000,1,1,1,1,1,3091,1191,INSERZIONE,0.018500
2.140000,1,1,1,1,1,3089,1191,INSERZIONE,0.018667
2.141000,1,1,1,1,1,3088,1191,INSERZIONE,0.018833
2.142000,1,1,1,1,1,3087,1191,INSERZIONE,0.019000
2.143000,1,1,1,1,1,3086,1191,INSERZIONE,0.019167
2.144000,1,1,1,1,1,3085,1191,INSERZIONE,0.019333
2.145000,1,1,1,1,1,3084,1191,INSERZIONE,0.019500
2.146000,1,1,1,1,1,3083,1191,INSERZIONE,0.019667
2.147000,1,1,1,1,1,3082,1191,INSERZIONE,0.019833
2.148000,1,1,1,1,1,3081,1191,INSERZIONE,0.020000
2.149000,1,1,1,1,1,3079,1191,INSERZIONE,0.020167
2.150000,1,1,1,1,1,3078,1191,INSERZIONE,0.020333
2.151000,1,1,1,1,1,3077,1191,INSERZIONE,0.020500
2.152000,1,1,1,1,1,3076,1191,INSERZIONE,0.020667
2.153000,1,1,1,1,1,3075,1191,INSERZIONE,0.020833
2.154000,1,1,1,1,1,3074,1191,INSERZIONE,0.021000
2.155000,1,1,1,1,1,3073,1191,INSERZIONE,0.021167
2.156000,1,1,1,1,1,3072,1191,INSERZIONE,0.021333
2.157000,1,1,1,1,1,3071,1191,INSERZIONE,0.021500
2.158000,1,1,1,1,1,3070,1191,INSERZIONE,0.021667
2.159000,1,1,1,1,1,3069,1191,INSERZIONE,0.021833
2.160000,1,1,1,1,1,3067,1191,INSERZIONE,0.022000
2.161000,1,1,1,1,1,3066,1191,INSERZIONE,0.022167
2.162000,1,1,1,1,1,3065,1191,INSERZIONE,0.022333
2.163000,1,1,1,1,1,3064,1191,INSERZIONE,0.022500
2.164000,1,1,1,1,1,3063,1191,INSERZIONE,0.022667
2.165000,1,1,1,1,1,3062,1191,INSERZIONE,0.022833
2.166000,1,1,1,1,1,3061,1191,INSERZIONE,0.023000
2.167000,1,1,1,1,1,3060,1191,INSERZIONE,0.023167
2.168000,1,1,1,1,1,3059,1191,INSERZIONE,0.023333
2.169000,1,1,1,1,1,3058,1191,INSERZIONE,0.023500
2.170000,1,1,1,1,1,3057,1191,INSERZIONE,0.023667
2.171000,1,1,1,1,1,3056,1191,INSERZIONE,0.023833
2.172000,1,1,1,1,1,3054,1191,INSERZIONE,0.024000
2.173000,1,1,1,1,1,3053,1191,INSERZIONE,0.024167
2.174000,1,1,1,1,1,3052,1191,INSERZIONE,0.024333
2.175000,1,1,1,1,1,3051,1191,INSERZIONE,0.024500
2.176000,1,1,1,1,1,3050,1191,INSERZIONE,0.024667
2.177000,1,1,1,1,1,3049,1191,INSERZIONE,0.024833
2.178000,1,1,1,1,1,3048,1191,INSERZIONE,0.025000
2.179000,1,1,1,1,1,3047,1191,INSERZIONE,0.025167
2.180000,1,1,1,1,1,3046,1191,INSERZIONE,0.025333
2.181000,1,1,1,1,1,3045,1191,INSERZIONE,0.025500
2.182000,1,1,1,1,1,3044,1191,INSERZIONE,0.025667
2.183000,1,1,1,1,1,3043,1191,INSERZIONE,0.025833
2.184000,1,1,1,1,1,3042,1191,INSERZIONE,0.026000
2.185000,1,1,1,1,1,3040,1191,INSERZIONE,0.026167
2.186000,1,1,1,1,1,3039,1191,INSERZIONE,0.026333
2.187000,1,1,1,1,1,3038,1191,INSERZIONE,0.026500
2.188000,1,1,1,1,1,3037,1191,INSERZIONE,0.026667
2.189000,1,1,1,1,1,3036,1191,INSERZIONE,0.026833
2.190000,1,1,1,1,1,3035,1191,INSERZIONE,0.027000
2.191000,1,1,1,1,1,3034,1191,INSERZIONE,0.027167
2.192000,1,1,1,1,1,3033,1191,INSERZIONE,0.027333
2.193000,1,1,1,1,1,3032,1191,INSERZIONE,0.027500
2.194000,1,1,1,1,1,3031,1191,INSERZIONE,0.027667
2.195000,1,1,1,1,1,3030,1191,INSERZIONE,0.027833
2.196000,1,1,1,1,1,3029,1191,INSERZIONE,0.028000
2.197000,1,1,1,1,1,3028,1191,INSERZIONE,0.028167
2.198000,1,1,1,1,1,3027,1191,INSERZIONE,0.028333
2.199000,1,1,1,1,1,3026,1191,INSERZIONE,0.028500
2.200000,1,1,1,1,1,3025,1191,INSERZIONE,0.028667
2.201000,1,1,1,1,1,3023,1191,INSERZIONE,0.028833
2.202000,1,1,1,1,1,3022,1191,INSERZIONE,0.029000
2.203000,1,1,1,1,1,3021,1191,INSERZIONE,0.029167
2.204000,1,1,1,1,1,3020,1191,INSERZIONE,0.029333
2.205000,1,1,1,1,1,3019,1191,INSERZIONE,0.029500
2.206000,1,1,1,1,1,3018,1191,INSERZIONE,0.029667
2.207000,1,1,1,1,1,3017,1191,INSERZIONE,0.029833
2.208000,1,1,1,1,1,3016,1191,INSERZIONE,0.030000
2.209000,1,1,1,1,1,3015,1191,INSERZIONE,0.030167
2.210000,1,1,1,1,1,3014,1191,INSERZIONE,0.030333
2.211000,1,1,1,1,1,3013,1191,INSERZIONE,0.030500
2.212000,1,1,1,1,1,3012,1191,INSERZIONE,0.030667
2.213000,1,1,1,1,1,3011,1191,INSERZIONE,0.030833
2.214000,1,1,1,1,1,3010,1191,INSERZIONE,0.031000
2.215000,1,1,1,1,1,3009,1191,INSERZIONE,0.031167
2.216000,1,1,1,1,1,3008,1191,INSERZIONE,0.031333
2.217000,1,1,1,1,1,3007,1191,INSERZIONE,0.031500
2.218000,1,1,1,1,1,3006,1191,INSERZIONE,0.031667
2.219000,1,1,1,1,1,3004,1191,INSERZIONE,0.031833
2.220000,1,1,1,1,1,3003,1191,INSERZIONE,0.032000
2.221000,1,1,1,1,1,3002,1191,INSERZIONE,0.032167
2.222000,1,1,1,1,1,3001,1191,INSERZIONE,0.032333
2.223000,1,1,1,1,1,3000,1191,INSERZIONE,0.032500
2.224000,1,1,1,1,1,2999,1191,INSERZIONE,0.032667
2.225000,1,1,1,1,1,2998,1191,INSERZIONE,0.032833
2.226000,1,1,1,1,1,2997,1191,INSERZIONE,0.033000
2.227000,1,1,1,1,1,2996,1191,INSERZIONE,0.033167
2.228000,1,1,1,1,1,2995,1191,INSERZIONE,0.033333
2.229000,1,1,1,1,1,2994,1191,INSERZIONE,0.033500
2.230000,1,1,1,1,1,2993,1191,INSERZIONE,0.033667
2.231000,1,1,1,1,1,2992,1191,INSERZIONE,0.033833
2.232000,1,1,1,1,1,2991,1191,INSERZIONE,0.034000
2.233000,1,1,1,1,1,2990,1191,INSERZIONE,0.034167
2.234000,1,1,1,1,1,2989,1191,INSERZIONE,0.034333
2.235000,1,1,1,1,1,2988,1191,INSERZIONE,0.034500
2.236000,1,1,1,1,1,2987,1191,INSERZIONE,0.034667
2.237000,1,1,1,1,1,2986,1191,INSERZIONE,0.034833
2.238000,1,1,1,1,1,2985,1191,INSERZIONE,0.035000
2.239000,1,1,1,1,1,2984,1191,INSERZIONE,0.035167
2.240000,1,1,1,1,1,2983,1191,INSERZIONE,0.035333
2.241000,1,1,1,1,1,2982,1191,INSERZIONE,0.035500
2.242000,1,1,1,1,1,2980,1191,INSERZIONE,0.035667
2.243000,1,1,1,1,1,2979,1191,INSERZIONE,0.035833
2.244000,1,1,1,1,1,2978,1191,INSERZIONE,0.036000
2.245000,1,1,1,1,1,2977,1191,INSERZIONE,0.036167
2.246000,1,1,1,1,1,2976,1191,INSERZIONE,0.036333
2.247000,1,1,1,1,1,2975,1191,INSERZIONE,0.036500
2.248000,1,1,1,1,1,2974,1191,INSERZIONE,0.036667
2.249000,1,1,1,1,1,2973,1191,INSERZIONE,0.036833
2.250000,1,1,1,1,1,2972,1191,INSERZIONE,0.037000
2.251000,1,1,1,1,1,2971,1191,INSERZIONE,0.037167
2.252000,1,1,1,1,1,2970,1191,INSERZIONE,0.037333
2.253000,1,1,1,1,1,2969,1191,INSERZIONE,0.037500
2.254000,1,1,1,1,1,2968,1191,INSERZIONE,0.037667
2.255000,1,1,1,1,1,2967,1191,INSERZIONE,0.037833
2.256000,1,1,1,1,1,2966,1191,INSERZIONE,0.038000
2.257000,1,1,1,1,1,2965,1191,INSERZIONE,0.038167
2.258000,1,1,1,1,1,2964,1191,INSERZIONE,0.038333
2.259000,1,1,1,1,1,2963,1191,INSERZIONE,0.038500
2.260000,1,1,1,1,1,2962,1191,INSERZIONE,0.038667
2.261000,1,1,1,1,1,2961,1191,INSERZIONE,0.038833
2.262000,1,1,1,1,1,2960,1191,INSERZIONE,0.039000
2.263000,1,1,1,1,1,2959,1191,INSERZIONE,0.039167
2.264000,1,1,1,1,1,2958,1191,INSERZIONE,0.039333
2.265000,1,1,1,1,1,2957,1191,INSERZIONE,0.039500
2.266000,1,1,1,1,1,2956,1191,INSERZIONE,0.039667
2.267000,1,1,1,1,1,2955,1191,INSERZIONE,0.039833
2.268000,1,1,1,1,1,2954,1191,INSERZIONE,0.040000
2.269000,1,1,1,1,1,2953,1191,INSERZIONE,0.040167
2.270000,1,1,1,1,1,2952,1191,INSERZIONE,0.040333
2.271000,1,1,1,1,1,2951,1191,INSERZIONE,0.040500
2.272000,1,1,1,1,1,2950,1191,INSERZIONE,0.040667
2.273000,1,1,1,1,1,2949,1191,INSERZIONE,0.040833
2.274000,1,1,1,1,1,2948,1191,INSERZIONE,0.041000
2.275000,1,1,1,1,1,2946,1191,INSERZIONE,0.041167
2.276000,1,1,1,1,1,2945,1191,INSERZIONE,0.041333
2.277000,1,1,1,1,1,2944,1191,INSERZIONE,0.041500
2.278000,1,1,1,1,1,2943,1191,INSERZIONE,0.041667
2.279000,1,1,1,1,1,2942,1191,INSERZIONE,0.041833
2.280000,1,1,1,1,1,2941,1191,INSERZIONE,0.042000
2.281000,1,1,1,1,1,2940,1191,INSERZIONE,0.042167
2.282000,1,1,1,1,1,2939,1191,INSERZIONE,0.042333
2.283000,1,1,1,1,1,2938,1191,INSERZIONE,0.042500
2.284000,1,1,1,1,1,2937,1191,INSERZIONE,0.042667
2.285000,1,1,1,1,1,2936,1191,INSERZIONE,0.042833
2.286000,1,1,1,1,1,2935,1191,INSERZIONE,0.043000
2.287000,1,1,1,1,1,2934,1191,INSERZIONE,0.043167
2.288000,1,1,1,1,1,2933,1191,INSERZIONE,0.043333
2.289000,1,1,1,1,1,2932,1191,INSERZIONE,0.043500
2.290000,1,1,1,1,1,2931,1191,INSERZIONE,0.043667
2.291000,1,1,1,1,1,2930,1191,INSERZIONE,0.043833
2.292000,1,1,1,1,1,2929,1191,INSERZIONE,0.044000
2.293000,1,1,1,1,1,2928,1191,INSERZIONE,0.044167
2.294000,1,1,1,1,1,2927,1191,INSERZIONE,0.044333
2.295000,1,1,1,1,1,2926,1191,INSERZIONE,0.044500
2.296000,1,1,1,1,1,2925,1191,INSERZIONE,0.044667
2.297000,1,1,1,1,1,2924,1191,INSERZIONE,0.044833
2.298000,1,1,1,1,1,2923,1191,INSERZIONE,0.045000
2.299000,1,1,1,1,1,2922,1191,INSERZIONE,0.045167
2.300000,1,1,1,1,1,2921,1191,INSERZIONE,0.045333
2.301000,1,1,1,1,1,2920,1191,INSERZIONE,0.045500
2.302000,1,1,1,1,1,2919,1191,INSERZIONE,0.045667
2.303000,1,1,1,1,1,2918,1191,INSERZIONE,0.045833
2.304000,1,1,1,1,1,2917,1191,INSERZIONE,0.046000
2.305000,1,1,1,1,1,2916,1191,INSERZIONE,0.046167
2.306000,1,1,1,1,1,2915,1191,INSERZIONE,0.046333
2.307000,1,1,1,1,1,2914,1191,INSERZIONE,0.046500
2.308000,1,1,1,1,1,2913,1191,INSERZIONE,0.046666
2.309000,1,1,1,1,1,2912,1191,INSERZIONE,0.046833
2.310000,1,1,1,1,1,2911,1191,INSERZIONE,0.047000
2.311000,1,1,1,1,1,2910,1191,INSERZIONE,0.047166
2.312000,1,1,1,1,1,2909,1191,INSERZIONE,0.047333
2.313000,1,1,1,1,1,2908,1191,INSERZIONE,0.047500
2.314000,1,1,1,1,1,2907,1191,INSERZIONE,0.047666
2.315000,1,1,1,1,1,2906,1191,INSERZIONE,0.047833
2.316000,1,1,1,1,1,2905,1191,INSERZIONE,0.048000
2.317000,1,1,1,1,1,2904,1191,INSERZIONE,0.048166
2.318000,1,1,1,1,1,2903,1191,INSERZIONE,0.048333
2.319000,1,1,1,1,1,2902,1191,INSERZIONE,0.048500
2.320000,1,1,1,1,1,2901,1191,INSERZIONE,0.048666
2.321000,1,1,1,1,1,2900,1191,INSERZIONE,0.048833
2.322000,1,1,1,1,1,2899,1191,INSERZIONE,0.049000
2.323000,1,1,1,1,1,2898,1191,INSERZIONE,0.049166
2.324000,1,1,1,1,1,2897,1191,INSERZIONE,0.049333
2.325000,1,1,1,1,1,2896,1191,INSERZIONE,0.049500
2.326000,1,1,1,1,1,2895,1191,INSERZIONE,0.049666
2.327000,1,1,1,1,1,2894,1191,INSERZIONE,0.049833
2.328000,1,1,1,1,1,2893,1191,INSERZIONE,0.050000
2.329000,1,1,1,1,1,2892,1191,INSERZIONE,0.050166
2.330000,1,1,1,1,1,2891,1191,INSERZIONE,0.050333
2.331000,1,1,1,1,1,2890,1191,INSERZIONE,0.050500
2.332000,1,1,1,1,1,2889,1191,INSERZIONE,0.050666
2.333000,1,1,1,1,1,2888,1191,INSERZIONE,0.050833
2.334000,1,1,1,1,1,2887,1191,INSERZIONE,0.051000
2.335000,1,1,1,1,1,2886,1191,INSERZIONE,0.051166
2.336000,1,1,1,1,1,2885,1191,INSERZIONE,0.051333
2.337000,1,1,1,1,1,2884,1191,INSERZIONE,0.051500
2.338000,1,1,1,1,1,2883,1191,INSERZIONE,0.051666
2.339000,1,1,1,1,1,2882,1191,INSERZIONE,0.051833
2.340000,1,1,1,1,1,2881,1191,INSERZIONE,0.052000
2.341000,1,1,1,1,1,2880,1191,INSERZIONE,0.052166
2.342000,1,1,1,1,1,2879,1191,INSERZIONE,0.052333
2.343000,1,1,1,1,1,2878,1191,INSERZIONE,0.052500
2.344000,1,1,1,1,1,2877,1191,INSERZIONE,0.052666
2.345000,1,1,1,1,1,2876,1191,INSERZIONE,0.052833
2.346000,1,1,1,1,1,2875,1191,INSERZIONE,0.053000
2.347000,1,1,1,1,1,2874,1191,INSERZIONE,0.053166
2.348000,1,1,1,1,1,2873,1191,INSERZIONE,0.053333
2.349000,1,1,1,1,1,2872,1191,INSERZIONE,0.053500
2.350000,1,1,1,1,1,2871,1191,INSERZIONE,0.053666
2.351000,1,1,1,1,1,2870,1191,INSERZIONE,0.053833
2.352000,1,1,1,1,1,2869,1191,INSERZIONE,0.054000
2.353000,1,1,1,1,1,2868,1191,INSERZIONE,0.054166
2.354000,1,1,1,1,1,2867,1191,INSERZIONE,0.054333
2.355000,1,1,1,1,1,2866,1191,INSERZIONE,0.054500
2.356000,1,1,1,1,1,2865,1191,INSERZIONE,0.054666
2.357000,1,1,1,1,1,2864,1191,INSERZIONE,0.054833
2.358000,1,1,1,1,1,2863,1191,INSERZIONE,0.055000
2.359000,1,1,1,1,1,2862,1191,INSERZIONE,0.055166
2.360000,1,1,1,1,1,2861,1191,INSERZIONE,0.055333
2.361000,1,1,1,1,1,2860,1191,INSERZIONE,0.055500
2.362000,1,1,1,1,1,2859,1191,INSERZIONE,0.055666
2.363000,1,1,1,1,1,2858,1191,INSERZIONE,0.055833
2.364000,1,1,1,1,1,2857,1191,INSERZIONE,0.056000
2.365000,1,1,1,1,1,2856,1191,INSERZIONE,0.056166
2.366000,1,1,1,1,1,2855,1191,INSERZIONE,0.056333
2.367000,1,1,1,1,1,2854,1191,INSERZIONE,0.056500
2.368000,1,1,1,1,1,2853,1191,INSERZIONE,0.056666
2.369000,1,1,1,1,1,2852,1191,INSERZIONE,0.056833
2.370000,1,1,1,1,1,2851,1191,INSERZIONE,0.057000
2.371000,1,1,1,1,1,2850,1191,INSERZIONE,0.057166
2.372000,1,1,1,1,1,2849,1191,INSERZIONE,0.057333
2.373000,1,1,1,1,1,2848,1191,INSERZIONE,0.057500
2.374000,1,1,1,1,1,2847,1191,INSERZIONE,0.057666
2.375000,1,1,1,1,1,2846,1191,INSERZIONE,0.057833
2.376000,1,1,1,1,1,2845,1191,INSERZIONE,0.058000
2.377000,1,1,1,1,1,2844,1191,INSERZIONE,0.058166
2.378000,1,1,1,1,1,2843,1191,INSERZIONE,0.058333
2.379000,1,1,1,1,1,2842,1191,INSERZIONE,0.058500
2.380000,1,1,1,1,1,2841,1191,INSERZIONE,0.058666
2.381000,1,1,1,1,1,2840,1191,INSERZIONE,0.058833
2.382000,1,1,1,1,1,2839,1191,INSERZIONE,0.059000
2.383000,1,1,1,1,1,2838,1191,INSERZIONE,0.059166
2.384000,1,1,1,1,1,2837,1191,INSERZIONE,0.059333
2.385000,1,1,1,1,1,2836,1191,INSERZIONE,0.059500
2.386000,1,1,1,1,1,2835,1191,INSERZIONE,0.059666
2.387000,1,1,1,1,1,2834,1191,INSERZIONE,0.059833
2.388000,1,1,1,1,1,2833,1191,INSERZIONE,0.060000
2.389000,1,1,1,1,1,2832,1191,INSERZIONE,0.060166
2.390000,1,1,1,1,1,2831,1191,INSERZIONE,0.060333
2.391000,1,1,1,1,1,2830,1191,INSERZIONE,0.060500
2.392000,1,1,1,1,1,2829,1191,INSERZIONE,0.060666
2.393000,1,1,1,1,1,2828,1191,INSERZIONE,0.060833
2.394000,1,1,1,1,1,2827,1191,INSERZIONE,0.061000
2.395000,1,1,1,1,1,2826,1191,INSERZIONE,0.061166
2.396000,1,1,1,1,1,2825,1191,INSERZIONE,0.061333
2.397000,1,1,1,1,1,2824,1191,INSERZIONE,0.061500
2.398000,1,1,1,1,1,2823,1191,INSERZIONE,0.061666
2.399000,1,1,1,1,1,2822,1191,INSERZIONE,0.061833
2.400000,1,1,1,1,1,2821,1191,INSERZIONE,0.062000
2.401000,1,1,1,1,1,2820,1191,INSERZIONE,0.062166
2.402000,1,1,1,1,1,2819,1191,INSERZIONE,0.062333
2.403000,1,1,1,1,1,2818,1191,INSERZIONE,0.062500
2.404000,1,1,1,1,1,2817,1191,INSERZIONE,0.062666
2.405000,1,1,1,1,1,2816,1191,INSERZIONE,0.062833
2.406000,1,1,1,1,1,2815,1191,INSERZIONE,0.063000
2.407000,1,1,1,1,1,2814,1191,INSERZIONE,0.063166
2.408000,1,1,1,1,1,2813,1191,INSERZIONE,0.063333
2.409000,1,1,1,1,1,2812,1191,INSERZIONE,0.063500
2.410000,1,1,1,1,1,2811,1191,INSERZIONE,0.063666
2.411000,1,1,1,1,1,2810,1191,INSERZIONE,0.063833
2.412000,1,1,1,1,1,2809,1191,INSERZIONE,0.064000
2.413000,1,1,1,1,1,2808,1191,INSERZIONE,0.064166
2.414000,1,1,1,1,1,2807,1191,INSERZIONE,0.064333
2.415000,1,1,1,1,1,2806,1191,INSERZIONE,0.064500
2.416000,1,1,1,1,1,2805,1191,INSERZIONE,0.064666
2.417000,1,1,1,1,1,2804,1191,INSERZIONE,0.064833
2.418000,1,1,1,1,1,2803,1191,INSERZIONE,0.065000
2.419000,1,1,1,1,1,2802,1191,INSERZIONE,0.065166
2.420000,1,1,1,1,1,2801,1191,INSERZIONE,0.065333
2.421000,1,1,1,1,1,2800,1191,INSERZIONE,0.065500
2.422000,1,1,1,1,1,2799,1191,INSERZIONE,0.065666
2.423000,1,1,1,1,1,2798,1191,INSERZIONE,0.065833
2.424000,1,1,1,1,1,2797,1191,INSERZIONE,0.066000
2.425000,1,1,1,1,1,2796,1191,INSERZIONE,0.066166
2.426000,1,1,1,1,1,2795,1191,INSERZIONE,0.066333
2.427000,1,1,1,1,1,2794,1191,INSERZIONE,0.066500
2.428000,1,1,1,1,1,2793,1191,INSERZIONE,0.066666
2.429000,1,1,1,1,1,2792,1191,INSERZIONE,0.066833
2.430000,1,1,1,1,1,2791,1191,INSERZIONE,0.067000
2.431000,1,1,1,1,1,2790,1191,INSERZIONE,0.067166
2.432000,1,1,1,1,1,2789,1191,INSERZIONE,0.067333
2.433000,1,1,1,1,1,2788,1191,INSERZIONE,0.067500
2.434000,1,1,1,1,1,2787,1191,INSERZIONE,0.067667
2.435000,1,1,1,1,1,2786,1191,INSERZIONE,0.067833
2.436000,1,1,1,1,1,2785,1191,INSERZIONE,0.068000
2.437000,1,1,1,1,1,2784,1191,INSERZIONE,0.068167
2.438000,1,1,1,1,1,2783,1191,INSERZIONE,0.068333
2.439000,1,1,1,1,1,2782,1191,INSERZIONE,0.068500
2.440000,1,1,1,1,1,2781,1191,INSERZIONE,0.068667
2.441000,1,1,1,1,1,2780,1191,INSERZIONE,0.068833
2.442000,1,1,1,1,1,2779,1191,INSERZIONE,0.069000
2.443000,1,1,1,1,1,2778,1191,INSERZIONE,0.069167
2.444000,1,1,1,1,1,2777,1191,INSERZIONE,0.069333
2.445000,1,1,1,1,1,2776,1191,INSERZIONE,0.069500
2.446000,1,1,1,1,1,2775,1191,INSERZIONE,0.069667
2.447000,1,1,1,1,1,2774,1191,INSERZIONE,0.069833
2.448000,1,1,1,1,1,2773,1191,INSERZIONE,0.070000
2.449000,1,1,1,1,1,2772,1191,INSERZIONE,0.070167
2.450000,1,1,1,1,1,2771,1191,INSERZIONE,0.070333
2.451000,1,1,1,1,1,2770,1191,INSERZIONE,0.070500
2.452000,1,1,1,1,1,2769,1191,INSERZIONE,0.070667
2.453000,1,1,1,1,1,2768,1191,INSERZIONE,0.070833
2.454000,1,1,1,1,1,2767,1191,INSERZIONE,0.071000
2.455000,1,1,1,1,1,2766,1191,INSERZIONE,0.071167
2.456000,1,1,1,1,1,2765,1191,INSERZIONE,0.071333
2.457000,1,1,1,1,1,2764,1191,INSERZIONE,0.071500
2.458000,1,1,1,1,1,2763,1191,INSERZIONE,0.071667
2.460000,1,1,1,1,1,2762,1191,INSERZIONE,0.072000
2.461000,1,1,1,1,1,2761,1191,INSERZIONE,0.072167
2.462000,1,1,1,1,1,2760,1191,INSERZIONE,0.072333
2.463000,1,1,1,1,1,2759,1191,INSERZIONE,0.072500
2.464000,1,1,1,1,1,2758,1191,INSERZIONE,0.072667
2.465000,1,1,1,1,1,2757,1191,INSERZIONE,0.072833
2.466000,1,1,1,1,1,2756,1191,INSERZIONE,0.073000
2.467000,1,1,1,1,1,2755,1191,INSERZIONE,0.073167
2.468000,1,1,1,1,1,2754,1191,INSERZIONE,0.073333
2.469000,1,1,1,1,1,2753,1191,INSERZIONE,0.073500
2.470000,1,1,1,1,1,2752,1191,INSERZIONE,0.073667
2.471000,1,1,1,1,1,2751,1191,INSERZIONE,0.073833
2.472000,1,1,1,1,1,2750,1191,INSERZIONE,0.074000
2.473000,1,1,1,1,1,2749,1191,INSERZIONE,0.074167
2.474000,1,1,1,1,1,2748,1191,INSERZIONE,0.074333
2.475000,1,1,1,1,1,2747,1191,INSERZIONE,0.074500
2.476000,1,1,1,1,1,2746,1191,INSERZIONE,0.074667
2.477000,1,1,1,1,1,2745,1191,INSERZIONE,0.074833
2.478000,1,1,1,1,1,2744,1191,INSERZIONE,0.075000
2.479000,1,1,1,1,1,2743,1191,INSERZIONE,0.075167
2.480000,1,1,1,1,1,2742,1191,INSERZIONE,0.075333
2.481000,1,1,1,1,1,2741,1191,INSERZIONE,0.075500
2.482000,1,1,1,1,1,2740,1191,INSERZIONE,0.075667
2.483000,1,1,1,1,1,2739,1191,INSERZIONE,0.075833
2.484000,1,1,1,1,1,2738,1191,INSERZIONE,0.076000
2.485000,1,1,1,1,1,2737,1191,INSERZIONE,0.076167
2.486000,1,1,1,1,1,2736,1191,INSERZIONE,0.076333
2.487000,1,1,1,1,1,2735,1191,INSERZIONE,0.076500
2.488000,1,1,1,1,1,2734,1191,INSERZIONE,0.076667
2.489000,1,1,1,1,1,2733,1191,INSERZIONE,0.076833
2.490000,1,1,1,1,1,2732,1191,INSERZIONE,0.077000
2.491000,1,1,1,1,1,2731,1191,INSERZIONE,0.077167
2.492000,1,1,1,1,1,2730,1191,INSERZIONE,0.077333
2.493000,1,1,1,1,1,2729,1191,INSERZIONE,0.077500
2.494000,1,1,1,1,1,2728,1191,INSERZIONE,0.077667
2.495000,1,1,1,1,1,2727,1191,INSERZIONE,0.077833
2.496000,1,1,1,1,1,2726,1191,INSERZIONE,0.078000
2.497000,1,1,1,1,1,2725,1191,INSERZIONE,0.078167
2.498000,1,1,1,1,1,2724,1191,INSERZIONE,0.078333
2.499000,1,1,1,1,1,2723,1191,INSERZIONE,0.078500
2.500000,1,1,1,1,1,2722,1191,INSERZIONE,0.078667
2.501000,1,1,1,1,1,2721,1191,INSERZIONE,0.078833
2.502000,1,1,1,1,1,2720,1191,INSERZIONE,0.079000
2.503000,1,1,1,1,1,2719,1191,INSERZIONE,0.079167
2.504000,1,1,1,1,1,2718,1191,INSERZIONE,0.079333
2.505000,1,1,1,1,1,2717,1191,INSERZIONE,0.079500
2.506000,1,1,1,1,1,2716,1191,INSERZIONE,0.079667
2.507000,1,1,1,1,1,2715,1191,INSERZIONE,0.079833
2.508000,1,1,1,1,1,2714,1191,INSERZIONE,0.080000
2.509000,1,1,1,1,1,2713,1191,INSERZIONE,0.080167
2.510000,1,1,1,1,1,2712,1191,INSERZIONE,0.080333
2.511000,1,1,1,1,1,2711,1191,INSERZIONE,0.080500
2.512000,1,1,1,1,1,2710,1191,INSERZIONE,0.080667
2.513000,1,1,1,1,1,2709,1191,INSERZIONE,0.080833
2.515000,1,1,1,1,1,2708,1191,INSERZIONE,0.081167
2.516000,1,1,1,1,1,2707,1191,INSERZIONE,0.081333
2.517000,1,1,1,1,1,2706,1191,INSERZIONE,0.081500
2.518000,1,1,1,1,1,2705,1191,INSERZIONE,0.081667
2.519000,1,1,1,1,1,2704,1191,INSERZIONE,0.081833
2.520000,1,1,1,1,1,2703,1191,INSERZIONE,0.082000
2.521000,1,1,1,1,1,2702,1191,INSERZIONE,0.082167
2.522000,1,1,1,1,1,2701,1191,INSERZIONE,0.082333
2.523000,1,1,1,1,1,2700,1191,INSERZIONE,0.082500
2.524000,1,1,1,1,1,2699,1191,INSERZIONE,0.082667
2.525000,1,1,1,1,1,2698,1191,INSERZIONE,0.082833
2.526000,1,1,1,1,1,2697,1191,INSERZIONE,0.083000
2.527000,1,1,1,1,1,2696,1191,INSERZIONE,0.083167
2.528000,1,1,1,1,1,2695,1191,INSERZIONE,0.083333
2.529000,1,1,1,1,1,2694,1191,INSERZIONE,0.083500
2.530000,1,1,1,1,1,2693,1191,INSERZIONE,0.083667
2.531000,1,1,1,1,1,2692,1191,INSERZIONE,0.083833
2.532000,1,1,1,1,1,2691,1191,INSERZIONE,0.084000
2.533000,1,1,1,1,1,2690,1191,INSERZIONE,0.084167
2.534000,1,1,1,1,1,2689,1191,INSERZIONE,0.084333
2.535000,1,1,1,1,1,2688,1191,INSERZIONE,0.084500
2.536000,1,1,1,1,1,2687,1191,INSERZIONE,0.084667
2.537000,1,1,1,1,1,2686,1191,INSERZIONE,0.084833
2.538000,1,1,1,1,1,2685,1191,INSERZIONE,0.085000
2.539000,1,1,1,1,1,2684,1191,INSERZIONE,0.085167
2.540000,1,1,1,1,1,2683,1191,INSERZIONE,0.085333
2.541000,1,1,1,1,1,2682,1191,INSERZIONE,0.085500
2.542000,1,1,1,1,1,2681,1191,INSERZIONE,0.085667
2.543000,1,1,1,1,1,2680,1191,INSERZIONE,0.085833
2.544000,1,1,1,1,1,2679,1191,INSERZIONE,0.086000
2.545000,1,1,1,1,1,2678,1191,INSERZIONE,0.086167
2.546000,1,1,1,1,1,2677,1191,INSERZIONE,0.086333
2.547000,1,1,1,1,1,2676,1191,INSERZIONE,0.086500
2.548000,1,1,1,1,1,2675,1191,INSERZIONE,0.086667
2.549000,1,1,1,1,1,2674,1191,INSERZIONE,0.086833
2.550000,1,1,1,1,1,2673,1191,INSERZIONE,0.087000
2.551000,1,1,1,1,1,2672,1191,INSERZIONE,0.087167
2.552000,1,1,1,1,1,2671,1191,INSERZIONE,0.087334
2.553000,1,1,1,1,1,2670,1191,INSERZIONE,0.087500
2.554000,1,1,1,1,1,2669,1191,INSERZIONE,0.087667
2.555000,1,1,1,1,1,2668,1191,INSERZIONE,0.087834
2.556000,1,1,1,1,1,2667,1191,INSERZIONE,0.088000
2.557000,1,1,1,1,1,2666,1191,INSERZIONE,0.088167
2.558000,1,1,1,1,1,2665,1191,INSERZIONE,0.088334
2.560000,1,1,1,1,1,2664,1191,INSERZIONE,0.088667
2.561000,1,1,1,1,1,2663,1191,INSERZIONE,0.088834
2.562000,1,1,1,1,1,2662,1191,INSERZIONE,0.089000
2.563000,1,1,1,1,1,2661,1191,INSERZIONE,0.089167
2.564000,1,1,1,1,1,2660,1191,INSERZIONE,0.089334
2.565000,1,1,1,1,1,2659,1191,INSERZIONE,0.089500
2.566000,1,1,1,1,1,2658,1191,INSERZIONE,0.089667
2.567000,1,1,1,1,1,2657,1191,INSERZIONE,0.089834
2.568000,1,1,1,1,1,2656,1191,INSERZIONE,0.090000
2.569000,1,1,1,1,1,2655,1191,INSERZIONE,0.090167
2.570000,1,1,1,1,1,2654,1191,INSERZIONE,0.090334
2.571000,1,1,1,1,1,2653,1191,INSERZIONE,0.090500
2.572000,1,1,1,1,1,2652,1191,INSERZIONE,0.090667
2.573000,1,1,1,1,1,2651,1191,INSERZIONE,0.090834
2.574000,1,1,1,1,1,2650,1191,INSERZIONE,0.091000
2.575000,1,1,1,1,1,2649,1191,INSERZIONE,0.091167
2.576000,1,1,1,1,1,2648,1191,INSERZIONE,0.091334
2.577000,1,1,1,1,1,2647,1191,INSERZIONE,0.091500
2.578000,1,1,1,1,1,2646,1191,INSERZIONE,0.091667
2.579000,1,1,1,1,1,2645,1191,INSERZIONE,0.091834
2.580000,1,1,1,1,1,2644,1191,INSERZIONE,0.092000
2.581000,1,1,1,1,1,2643,1191,INSERZIONE,0.092167
2.582000,1,1,1,1,1,2642,1191,INSERZIONE,0.092334
2.583000,1,1,1,1,1,2641,1191,INSERZIONE,0.092500
2.584000,1,1,1,1,1,2640,1191,INSERZIONE,0.092667
2.585000,1,1,1,1,1,2639,1191,INSERZIONE,0.092834
2.586000,1,1,1,1,1,2638,1191,INSERZIONE,0.093000
2.587000,1,1,1,1,1,2637,1191,INSERZIONE,0.093167
2.588000,1,1,1,1,1,2636,1191,INSERZIONE,0.093334
2.589000,1,1,1,1,1,2635,1191,INSERZIONE,0.093500
2.590000,1,1,1,1,1,2634,1191,INSERZIONE,0.093667
2.591000,1,1,1,1,1,2633,1191,INSERZIONE,0.093834
2.592000,1,1,1,1,1,2632,1191,INSERZIONE,0.094000
2.593000,1,1,1,1,1,2631,1191,INSERZIONE,0.094167
2.594000,1,1,1,1,1,2630,1191,INSERZIONE,0.094334
2.595000,1,1,1,1,1,2629,1191,INSERZIONE,0.094500
2.596000,1,1,1,1,1,2628,1191,INSERZIONE,0.094667
2.597000,1,1,1,1,1,2627,1191,INSERZIONE,0.094834
2.598000,1,1,1,1,1,2626,1191,INSERZIONE,0.095000
2.599000,1,1,1,1,1,2625,1191,INSERZIONE,0.095167
2.601000,1,1,1,1,1,2624,1191,INSERZIONE,0.095500
2.602000,1,1,1,1,1,2623,1191,INSERZIONE,0.095667
2.603000,1,1,1,1,1,2622,1191,INSERZIONE,0.095834
2.604000,1,1,1,1,1,2621,1191,INSERZIONE,0.096000
2.605000,1,1,1,1,1,2620,1191,INSERZIONE,0.096167
2.606000,1,1,1,1,1,2619,1191,INSERZIONE,0.096334
2.607000,1,1,1,1,1,2618,1191,INSERZIONE,0.096500
2.608000,1,1,1,1,1,2617,1191,INSERZIONE,0.096667
2.609000,1,1,1,1,1,2616,1191,INSERZIONE,0.096834
2.610000,1,1,1,1,1,2615,1191,INSERZIONE,0.097000
2.611000,1,1,1,1,1,2614,1191,INSERZIONE,0.097167
2.612000,1,1,1,1,1,2613,1191,INSERZIONE,0.097334
2.613000,1,1,1,1,1,2612,1191,INSERZIONE,0.097500
2.614000,1,1,1,1,1,2611,1191,INSERZIONE,0.097667
2.615000,1,1,1,1,1,2610,1191,INSERZIONE,0.097834
2.616000,1,1,1,1,1,2609,1191,INSERZIONE,0.098000
2.617000,1,1,1,1,1,2608,1191,INSERZIONE,0.098167
2.618000,1,1,1,1,1,2607,1191,INSERZIONE,0.098334
2.619000,1,1,1,1,1,2606,1191,INSERZIONE,0.098500
2.620000,1,1,1,1,1,2605,1191,INSERZIONE,0.098667
2.621000,1,1,1,1,1,2604,1191,INSERZIONE,0.098834
2.622000,1,1,1,1,1,2603,1191,INSERZIONE,0.099000
2.623000,1,1,1,1,1,2602,1191,INSERZIONE,0.099167
2.624000,1,1,1,1,1,2601,1191,INSERZIONE,0.099334
2.625000,1,1,1,1,1,2600,1191,INSERZIONE,0.099500
2.626000,1,1,1,1,1,2599,1191,INSERZIONE,0.099667
2.627000,1,1,1,1,1,2598,1191,INSERZIONE,0.099834
2.628000,1,1,1,1,1,2597,1191,INSERZIONE,0.100000
2.631000,1,1,1,1,1,2596,1191,INSERZIONE,0.100500
2.635000,1,1,1,1,1,2595,1191,INSERZIONE,0.101167
2.639000,1,1,1,1,1,2594,1191,INSERZIONE,0.101834
2.643000,1,1,1,1,1,2593,1191,INSERZIONE,0.102500
2.647000,1,1,1,1,1,2592,1191,INSERZIONE,0.103167
2.651000,1,1,1,1,1,2591,1191,INSERZIONE,0.103834
2.655000,1,1,1,1,1,2590,1191,INSERZIONE,0.104500
2.659000,1,1,1,1,1,2589,1191,INSERZIONE,0.105167
2.662000,1,1,1,1,1,2588,1191,INSERZIONE,0.105667
2.666000,1,1,1,1,1,2587,1191,INSERZIONE,0.106334
2.670000,1,1,1,1,1,2586,1191,INSERZIONE,0.107000
2.674000,1,1,1,1,1,2585,1191,INSERZIONE,0.107667
2.678000,1,1,1,1,1,2584,1191,INSERZIONE,0.108334
2.682000,1,1,1,1,1,2583,1191,INSERZIONE,0.109001
2.686000,1,1,1,1,1,2582,1191,INSERZIONE,0.109667
2.690000,1,1,1,1,1,2581,1191,INSERZIONE,0.110334
2.693000,1,1,1,1,1,2580,1191,INSERZIONE,0.110834
2.697000,1,1,1,1,1,2579,1191,INSERZIONE,0.111501
2.701000,1,1,1,1,1,2578,1191,INSERZIONE,0.112167
2.705000,1,1,1,1,1,2577,1191,INSERZIONE,0.112834
2.709000,1,1,1,1,1,2576,1191,INSERZIONE,0.113501
2.713000,1,1,1,1,1,2575,1191,INSERZIONE,0.114167
2.717000,1,1,1,1,1,2574,1191,INSERZIONE,0.114834
2.721000,1,1,1,1,1,2573,1191,INSERZIONE,0.115501
2.725000,1,1,1,1,1,2572,1191,INSERZIONE,0.116167
2.728000,1,1,1,1,1,2571,1191,INSERZIONE,0.116667
2.732000,1,1,1,1,1,2570,1191,INSERZIONE,0.117334
2.736000,1,1,1,1,1,2569,1191,INSERZIONE,0.118001
2.740000,1,1,1,1,1,2568,1191,INSERZIONE,0.118667
2.744000,1,1,1,1,1,2567,1191,INSERZIONE,0.119334
2.748000,1,1,1,1,1,2566,1191,INSERZIONE,0.120001
2.752000,1,1,1,1,1,2565,1191,INSERZIONE,0.120667
2.756000,1,1,1,1,1,2564,1191,INSERZIONE,0.121334
2.759000,1,1,1,1,1,2563,1191,INSERZIONE,0.121834
2.763000,1,1,1,1,1,2562,1191,INSERZIONE,0.122501
2.767000,1,1,1,1,1,2561,1191,INSERZIONE,0.123167
2.771000,1,1,1,1,1,2560,1191,INSERZIONE,0.123834
2.775000,1,1,1,1,1,2559,1191,INSERZIONE,0.124501
2.779000,1,1,1,1,1,2558,1191,INSERZIONE,0.125167
2.783000,1,1,1,1,1,2557,1191,INSERZIONE,0.125834
2.787000,1,1,1,1,1,2556,1191,INSERZIONE,0.126501
2.791000,1,1,1,1,1,2555,1191,INSERZIONE,0.127168
2.794000,1,1,1,1,1,2554,1191,INSERZIONE,0.127668
2.798000,1,1,1,1,1,2553,1191,INSERZIONE,0.128334
2.802000,1,1,1,1,1,2552,1191,INSERZIONE,0.129001
2.806000,1,1,1,1,1,2551,1191,INSERZIONE,0.129668
2.810000,1,1,1,1,1,2550,1191,INSERZIONE,0.130334
2.814000,1,1,1,1,1,2549,1191,INSERZIONE,0.131001
2.818000,1,1,1,1,1,2548,1191,INSERZIONE,0.131668
2.822000,1,1,1,1,1,2547,1191,INSERZIONE,0.132334
2.825000,1,1,1,1,1,2546,1191,INSERZIONE,0.132834
2.829000,1,1,1,1,1,2545,1191,INSERZIONE,0.133501
2.833000,1,1,1,1,1,2544,1191,INSERZIONE,0.134168
2.837000,1,1,1,1,1,2543,1191,INSERZIONE,0.134834
2.841000,1,1,1,1,1,2542,1191,INSERZIONE,0.135501
2.845000,1,1,1,1,1,2541,1191,INSERZIONE,0.136168
2.849000,1,1,1,1,1,2540,1191,INSERZIONE,0.136834
2.853000,1,1,1,1,1,2539,1191,INSERZIONE,0.137501
2.857000,1,1,1,1,1,2538,1191,INSERZIONE,0.138168
2.860000,1,1,1,1,1,2537,1191,INSERZIONE,0.138668
2.864000,1,1,1,1,1,2536,1191,INSERZIONE,0.139334
2.868000,1,1,1,1,1,2535,1191,INSERZIONE,0.140001
2.872000,1,1,1,1,1,2534,1191,INSERZIONE,0.140668
2.876000,1,1,1,1,1,2533,1191,INSERZIONE,0.141334
2.880000,1,1,1,1,1,2532,1191,INSERZIONE,0.142001
2.884000,1,1,1,1,1,2531,1191,INSERZIONE,0.142668
2.888000,1,1,1,1,1,2530,1191,INSERZIONE,0.143334
2.892000,1,1,1,1,1,2529,1191,INSERZIONE,0.144001
2.895000,1,1,1,1,1,2528,1191,INSERZIONE,0.144501
2.899000,1,1,1,1,1,2527,1191,INSERZIONE,0.145168
2.903000,1,1,1,1,1,2526,1191,INSERZIONE,0.145834
2.907000,1,1,1,1,1,2525,1191,INSERZIONE,0.146501
2.911000,1,1,1,1,1,2524,1191,INSERZIONE,0.147168
2.915000,1,1,1,1,1,2523,1191,INSERZIONE,0.147835
2.919000,1,1,1,1,1,2522,1191,INSERZIONE,0.148501
2.923000,1,1,1,1,1,2521,1191,INSERZIONE,0.149168
2.927000,1,1,1,1,1,2520,1191,INSERZIONE,0.149835
2.930000,1,1,1,1,1,2519,1191,INSERZIONE,0.150335
2.934000,1,1,1,1,1,2518,1191,INSERZIONE,0.151001
2.938000,1,1,1,1,1,2517,1191,INSERZIONE,0.151668
2.942000,1,1,1,1,1,2516,1191,INSERZIONE,0.152335
2.946000,1,1,1,1,1,2515,1191,INSERZIONE,0.153001
2.950000,1,1,1,1,1,2514,1191,INSERZIONE,0.153668
2.954000,1,1,1,1,1,2513,1191,INSERZIONE,0.154335
2.958000,1,1,1,1,1,2512,1191,INSERZIONE,0.155001
2.962000,1,1,1,1,1,2511,1191,INSERZIONE,0.155668
2.965000,1,1,1,1,1,2510,1191,INSERZIONE,0.156168
2.969000,1,1,1,1,1,2509,1191,INSERZIONE,0.156835
2.973000,1,1,1,1,1,2508,1191,INSERZIONE,0.157501
2.977000,1,1,1,1,1,2507,1191,INSERZIONE,0.158168
2.981000,1,1,1,1,1,2506,1191,INSERZIONE,0.158835
2.985000,1,1,1,1,1,2505,1191,INSERZIONE,0.159501
2.989000,1,1,1,1,1,2504,1191,INSERZIONE,0.160168
2.993000,1,1,1,1,1,2503,1191,INSERZIONE,0.160835
2.997000,1,1,1,1,1,2502,1191,INSERZIONE,0.161501
3.000000,1,1,1,1,1,2501,1191,INSERZIONE,0.162001
3.004000,1,1,1,1,1,2500,1191,INSERZIONE,0.162668
3.008000,1,1,1,1,1,2499,1191,INSERZIONE,0.163335
3.012000,1,1,1,1,1,2498,1191,INSERZIONE,0.164001
3.016000,1,1,1,1,1,2497,1191,INSERZIONE,0.164668
3.020000,1,1,1,1,1,2496,1191,INSERZIONE,0.165335
3.024000,1,1,1,1,1,2495,1191,INSERZIONE,0.166001
3.028000,1,1,1,1,1,2494,1191,INSERZIONE,0.166668
3.032000,1,1,1,1,1,2493,1191,INSERZIONE,0.167335
3.035000,1,1,1,1,1,2492,1191,INSERZIONE,0.167835
3.039000,1,1,1,1,1,2491,1191,INSERZIONE,0.168502
3.043000,1,1,1,1,1,2490,1191,INSERZIONE,0.169168
3.047000,1,1,1,1,1,2489,1191,INSERZIONE,0.169835
3.051000,1,1,1,1,1,2488,1191,INSERZIONE,0.170502
3.055000,1,1,1,1,1,2487,1191,INSERZIONE,0.171168
3.059000,1,1,1,1,1,2486,1191,INSERZIONE,0.171835
3.063000,1,1,1,1,1,2485,1191,INSERZIONE,0.172502
3.067000,1,1,1,1,1,2484,1191,INSERZIONE,0.173168
3.070000,1,1,1,1,1,2483,1191,INSERZIONE,0.173668
3.074000,1,1,1,1,1,2482,1191,INSERZIONE,0.174335
3.078000,1,1,1,1,1,2481,1191,INSERZIONE,0.175002
3.082000,1,1,1,1,1,2480,1191,INSERZIONE,0.175668
3.086000,1,1,1,1,1,2479,1191,INSERZIONE,0.176335
3.090000,1,1,1,1,1,2478,1191,INSERZIONE,0.177002
3.094000,1,1,1,1,1,2477,1191,INSERZIONE,0.177668
3.098000,1,1,1,1,1,2476,1191,INSERZIONE,0.178335
3.102000,1,1,1,1,1,2475,1191,INSERZIONE,0.179002
3.105000,1,1,1,1,1,2474,1191,INSERZIONE,0.179502
3.109000,1,1,1,1,1,2473,1191,INSERZIONE,0.180168
3.113000,1,1,1,1,1,2472,1191,INSERZIONE,0.180835
3.117000,1,1,1,1,1,2471,1191,INSERZIONE,0.181502
3.121000,1,1,1,1,1,2470,1191,INSERZIONE,0.182168
3.125000,1,1,1,1,1,2469,1191,INSERZIONE,0.182835
3.129000,1,1,1,1,1,2468,1191,INSERZIONE,0.183502
3.133000,1,1,1,1,1,2467,1191,INSERZIONE,0.184168
3.137000,1,1,1,1,1,2466,1191,INSERZIONE,0.184835
3.140000,1,1,1,1,1,2465,1191,INSERZIONE,0.185335
3.144000,1,1,1,1,1,2464,1191,INSERZIONE,0.186002
3.148000,1,1,1,1,1,2463,1191,INSERZIONE,0.186669
3.152000,1,1,1,1,1,2462,1191,INSERZIONE,0.187335
3.156000,1,1,1,1,1,2461,1191,INSERZIONE,0.188002
3.160000,1,1,1,1,1,2460,1191,INSERZIONE,0.188669
3.164000,1,1,1,1,1,2459,1191,INSERZIONE,0.189335
3.168000,1,1,1,1,1,2458,1191,INSERZIONE,0.190002
3.172000,1,1,1,1,1,2457,1191,INSERZIONE,0.190669
3.175000,1,1,1,1,1,2456,1191,INSERZIONE,0.191169
3.179000,1,1,1,1,1,2455,1191,INSERZIONE,0.191835
3.183000,1,1,1,1,1,2454,1191,INSERZIONE,0.192502
3.187000,1,1,1,1,1,2453,1191,INSERZIONE,0.193169
3.191000,1,1,1,1,1,2452,1191,INSERZIONE,0.193835
3.195000,1,1,1,1,1,2451,1191,INSERZIONE,0.194502
3.199000,1,1,1,1,1,2450,1191,INSERZIONE,0.195169
3.203000,1,1,1,1,1,2449,1191,INSERZIONE,0.195835
3.207000,1,1,1,1,1,2448,1191,INSERZIONE,0.196502
3.211000,1,1,1,1,1,2447,1191,INSERZIONE,0.197169
3.214000,1,1,1,1,1,2446,1191,INSERZIONE,0.197669
3.218000,1,1,1,1,1,2445,1191,INSERZIONE,0.198335
3.222000,1,1,1,1,1,2444,1191,INSERZIONE,0.199002
3.226000,1,1,1,1,1,2443,1191,INSERZIONE,0.199669
3.230000,1,1,1,1,1,2442,1191,INSERZIONE,0.200335
3.234000,1,1,1,1,1,2441,1191,INSERZIONE,0.201002
3.238000,1,1,1,1,1,2440,1191,INSERZIONE,0.201669
3.242000,1,1,1,1,1,2439,1191,INSERZIONE,0.202335
3.246000,1,1,1,1,1,2438,1191,INSERZIONE,0.203002
3.249000,1,1,1,1,1,2437,1191,INSERZIONE,0.203502
3.253000,1,1,1,1,1,2436,1191,INSERZIONE,0.204169
3.257000,1,1,1,1,1,2435,1191,INSERZIONE,0.204835
3.261000,1,1,1,1,1,2434,1191,INSERZIONE,0.205502
3.265000,1,1,1,1,1,2433,1191,INSERZIONE,0.206169
3.269000,1,1,1,1,1,2432,1191,INSERZIONE,0.206836
3.273000,1,1,1,1,1,2431,1191,INSERZIONE,0.207502
3.277000,1,1,1,1,1,2430,1191,INSERZIONE,0.208169
3.281000,1,1,1,1,1,2429,1191,INSERZIONE,0.208836
3.284000,1,1,1,1,1,2428,1191,INSERZIONE,0.209336
3.288000,1,1,1,1,1,2427,1191,INSERZIONE,0.210002
3.292000,1,1,1,1,1,2426,1191,INSERZIONE,0.210669
3.296000,1,1,1,1,1,2425,1191,INSERZIONE,0.211336
3.300000,1,1,1,1,1,2424,1191,INSERZIONE,0.212002
3.304000,1,1,1,1,1,2423,1191,INSERZIONE,0.212669
3.308000,1,1,1,1,1,2422,1191,INSERZIONE,0.213336
3.312000,1,1,1,1,1,2421,1191,INSERZIONE,0.214002
3.316000,1,1,1,1,1,2420,1191,INSERZIONE,0.214669
3.320000,1,1,1,1,1,2419,1191,INSERZIONE,0.215336
3.323000,1,1,1,1,1,2418,1191,INSERZIONE,0.215836
3.327000,1,1,1,1,1,2417,1191,INSERZIONE,0.216502
3.331000,1,1,1,1,1,2416,1191,INSERZIONE,0.217169
3.335000,1,1,1,1,1,2415,1191,INSERZIONE,0.217836
3.339000,1,1,1,1,1,2414,1191,INSERZIONE,0.218502
3.343000,1,1,1,1,1,2413,1191,INSERZIONE,0.219169
3.347000,1,1,1,1,1,2412,1191,INSERZIONE,0.219836
3.351000,1,1,1,1,1,2411,1191,INSERZIONE,0.220502
3.355000,1,1,1,1,1,2410,1191,INSERZIONE,0.221169
3.358000,1,1,1,1,1,2409,1191,INSERZIONE,0.221669
3.362000,1,1,1,1,1,2408,1191,INSERZIONE,0.222336
3.366000,1,1,1,1,1,2407,1191,INSERZIONE,0.223002
3.370000,1,1,1,1,1,2406,1191,INSERZIONE,0.223669
3.374000,1,1,1,1,1,2405,1191,INSERZIONE,0.224336
3.378000,1,1,1,1,1,2404,1191,INSERZIONE,0.225002
3.382000,1,1,1,1,1,2403,1191,INSERZIONE,0.225669
3.386000,1,1,1,1,1,2402,1191,INSERZIONE,0.226336
3.390000,1,1,1,1,1,2401,1191,INSERZIONE,0.227003
3.393000,1,1,1,1,1,2400,1191,INSERZIONE,0.227503
3.397000,1,1,1,1,1,2399,1191,INSERZIONE,0.228169
3.401000,1,1,1,1,1,2398,1191,INSERZIONE,0.228836
3.405000,1,1,1,1,1,2397,1191,INSERZIONE,0.229503
3.409000,1,1,1,1,1,2396,1191,INSERZIONE,0.230169
3.413000,1,1,1,1,1,2395,1191,INSERZIONE,0.230836
3.417000,1,1,1,1,1,2394,1191,INSERZIONE,0.231503
3.421000,1,1,1,1,1,2393,1191,INSERZIONE,0.232169
3.425000,1,1,1,1,1,2392,1191,INSERZIONE,0.232836
3.429000,1,1,1,1,1,2391,1191,INSERZIONE,0.233503
3.432000,1,1,1,1,1,2390,1191,INSERZIONE,0.234003
3.436000,1,1,1,1,1,2389,1191,INSERZIONE,0.234669
3.440000,1,1,1,1,1,2388,1191,INSERZIONE,0.235336
3.444000,1,1,1,1,1,2387,1191,INSERZIONE,0.236003
3.448000,1,1,1,1,1,2386,1191,INSERZIONE,0.236669
3.452000,1,1,1,1,1,2385,1191,INSERZIONE,0.237336
3.456000,1,1,1,1,1,2384,1191,INSERZIONE,0.238003
3.460000,1,1,1,1,1,2383,1191,INSERZIONE,0.238669
3.464000,1,1,1,1,1,2382,1191,INSERZIONE,0.239336
3.467000,1,1,1,1,1,2381,1191,INSERZIONE,0.239836
3.471000,1,1,1,1,1,2380,1191,INSERZIONE,0.240503
3.475000,1,1,1,1,1,2379,1191,INSERZIONE,0.241169
3.479000,1,1,1,1,1,2378,1191,INSERZIONE,0.241836
3.483000,1,1,1,1,1,2377,1191,INSERZIONE,0.242503
3.487000,1,1,1,1,1,2376,1191,INSERZIONE,0.243169
3.491000,1,1,1,1,1,2375,1191,INSERZIONE,0.243836
3.495000,1,1,1,1,1,2374,1191,INSERZIONE,0.244503
3.499000,1,1,1,1,1,2373,1191,INSERZIONE,0.245170
3.503000,1,1,1,1,1,2372,1191,INSERZIONE,0.245836
3.506000,1,1,1,1,1,2371,1191,INSERZIONE,0.246336
3.510000,1,1,1,1,1,2370,1191,INSERZIONE,0.247003
3.514000,1,1,1,1,1,2369,1191,INSERZIONE,0.247670
3.518000,1,1,1,1,1,2368,1191,INSERZIONE,0.248336
3.522000,1,1,1,1,1,2367,1191,INSERZIONE,0.249003
3.526000,1,1,1,1,1,2366,1191,INSERZIONE,0.249670
3.530000,1,1,1,1,1,2365,1191,INSERZIONE,0.250336
3.534000,1,1,1,1,1,2364,1191,INSERZIONE,0.251003
3.538000,1,1,1,1,1,2363,1191,INSERZIONE,0.251669
3.541000,1,1,1,1,1,2362,1191,INSERZIONE,0.252169
3.545000,1,1,1,1,1,2361,1191,INSERZIONE,0.252836
3.549000,1,1,1,1,1,2360,1191,INSERZIONE,0.253503
3.553000,1,1,1,1,1,2359,1191,INSERZIONE,0.254169
3.557000,1,1,1,1,1,2358,1191,INSERZIONE,0.254836
3.561000,1,1,1,1,1,2357,1191,INSERZIONE,0.255503
3.565000,1,1,1,1,1,2356,1191,INSERZIONE,0.256169
3.569000,1,1,1,1,1,2355,1191,INSERZIONE,0.256836
3.573000,1,1,1,1,1,2354,1191,INSERZIONE,0.257502
3.577000,1,1,1,1,1,2353,1191,INSERZIONE,0.258169
3.580000,1,1,1,1,1,2352,1191,INSERZIONE,0.258669
3.584000,1,1,1,1,1,2351,1191,INSERZIONE,0.259336
3.588000,1,1,1,1,1,2350,1191,INSERZIONE,0.260002
3.592000,1,1,1,1,1,2349,1191,INSERZIONE,0.260669
3.596000,1,1,1,1,1,2348,1191,INSERZIONE,0.261335
3.600000,1,1,1,1,1,2347,1191,INSERZIONE,0.262002
3.604000,1,1,1,1,1,2346,1191,INSERZIONE,0.262669
3.608000,1,1,1,1,1,2345,1191,INSERZIONE,0.263335
3.612000,1,1,1,1,1,2344,1191,INSERZIONE,0.264002
3.615000,1,1,1,1,1,2343,1191,INSERZIONE,0.264502
3.619000,1,1,1,1,1,2342,1191,INSERZIONE,0.265168
3.623000,1,1,1,1,1,2341,1191,INSERZIONE,0.265835
3.627000,1,1,1,1,1,2340,1191,INSERZIONE,0.266502
3.631000,1,1,1,1,1,2339,1191,INSERZIONE,0.267168
3.635000,1,1,1,1,1,2338,1191,INSERZIONE,0.267835
3.639000,1,1,1,1,1,2337,1191,INSERZIONE,0.268502
3.643000,1,1,1,1,1,2336,1191,INSERZIONE,0.269168
3.647000,1,1,1,1,1,2335,1191,INSERZIONE,0.269835
3.651000,1,1,1,1,1,2334,1191,INSERZIONE,0.270501
3.654000,1,1,1,1,1,2333,1191,INSERZIONE,0.271001
3.658000,1,1,1,1,1,2332,1191,INSERZIONE,0.271668
3.662000,1,1,1,1,1,2331,1191,INSERZIONE,0.272335
3.666000,1,1,1,1,1,2330,1191,INSERZIONE,0.273001
3.670000,1,1,1,1,1,2329,1191,INSERZIONE,0.273668
3.674000,1,1,1,1,1,2328,1191,INSERZIONE,0.274334
3.678000,1,1,1,1,1,2327,1191,INSERZIONE,0.275001
3.682000,1,1,1,1,1,2326,1191,INSERZIONE,0.275668
3.686000,1,1,1,1,1,2325,1191,INSERZIONE,0.276334
3.690000,1,1,1,1,1,2324,1191,INSERZIONE,0.277001
3.693000,1,1,1,1,1,2323,1191,INSERZIONE,0.277501
3.697000,1,1,1,1,1,2322,1191,INSERZIONE,0.278168
3.701000,1,1,1,1,1,2321,1191,INSERZIONE,0.278834
3.705000,1,1,1,1,1,2320,1191,INSERZIONE,0.279501
3.709000,1,1,1,1,1,2319,1191,INSERZIONE,0.280167
3.713000,1,1,1,1,1,2318,1191,INSERZIONE,0.280834
3.717000,1,1,1,1,1,2317,1191,INSERZIONE,0.281501
3.721000,1,1,1,1,1,2316,1191,INSERZIONE,0.282167
3.725000,1,1,1,1,1,2315,1191,INSERZIONE,0.282834
3.728000,1,1,1,1,1,2314,1191,INSERZIONE,0.283334
3.732000,1,1,1,1,1,2313,1191,INSERZIONE,0.284000
3.736000,1,1,1,1,1,2312,1191,INSERZIONE,0.284667
3.740000,1,1,1,1,1,2311,1191,INSERZIONE,0.285334
3.744000,1,1,1,1,1,2310,1191,INSERZIONE,0.286000
3.748000,1,1,1,1,1,2309,1191,INSERZIONE,0.286667
3.752000,1,1,1,1,1,2308,1191,INSERZIONE,0.287334
3.756000,1,1,1,1,1,2307,1191,INSERZIONE,0.288000
3.760000,1,1,1,1,1,2306,1191,INSERZIONE,0.288667
3.764000,1,1,1,1,1,2305,1191,INSERZIONE,0.289333
3.767000,1,1,1,1,1,2304,1191,INSERZIONE,0.289833
3.771000,1,1,1,1,1,2303,1191,INSERZIONE,0.290500
3.775000,1,1,1,1,1,2302,1191,INSERZIONE,0.291167
3.779000,1,1,1,1,1,2301,1191,INSERZIONE,0.291833
3.783000,1,1,1,1,1,2300,1191,INSERZIONE,0.292500
3.787000,1,1,1,1,1,2299,1191,INSERZIONE,0.293166
3.791000,1,1,1,1,1,2298,1191,INSERZIONE,0.293833
3.795000,1,1,1,1,1,2297,1191,INSERZIONE,0.294500
3.799000,1,1,1,1,1,2296,1191,INSERZIONE,0.295166
3.803000,1,1,1,1,1,2295,1191,INSERZIONE,0.295833
3.806000,1,1,1,1,1,2294,1191,INSERZIONE,0.296333
3.810000,1,1,1,1,1,2293,1191,INSERZIONE,0.297000
3.814000,1,1,1,1,1,2292,1191,INSERZIONE,0.297666
3.818000,1,1,1,1,1,2291,1191,INSERZIONE,0.298333
3.822000,1,1,1,1,1,2290,1191,INSERZIONE,0.298999
3.826000,1,1,1,1,1,2289,1191,INSERZIONE,0.299666
3.830000,1,1,1,1,1,2288,1191,INSERZIONE,0.300333
3.834000,1,1,1,1,1,2287,1191,INSERZIONE,0.300999
3.838000,1,1,1,1,1,2286,1191,INSERZIONE,0.301666
3.842000,1,1,1,1,1,2285,1191,INSERZIONE,0.302332
3.845000,1,1,1,1,1,2284,1191,INSERZIONE,0.302832
3.849000,1,1,1,1,1,2283,1191,INSERZIONE,0.303499
3.853000,1,1,1,1,1,2282,1191,INSERZIONE,0.304166
3.857000,1,1,1,1,1,2281,1191,INSERZIONE,0.304832
3.861000,1,1,1,1,1,2280,1191,INSERZIONE,0.305499
3.865000,1,1,1,1,1,2279,1191,INSERZIONE,0.306166
3.869000,1,1,1,1,1,2278,1191,INSERZIONE,0.306832
3.873000,1,1,1,1,1,2277,1191,INSERZIONE,0.307499
3.877000,1,1,1,1,1,2276,1191,INSERZIONE,0.308165
3.880000,1,1,1,1,1,2275,1191,INSERZIONE,0.308665
3.884000,1,1,1,1,1,2274,1191,INSERZIONE,0.309332
3.888000,1,1,1,1,1,2273,1191,INSERZIONE,0.309999
3.892000,1,1,1,1,1,2272,1191,INSERZIONE,0.310665
3.896000,1,1,1,1,1,2271,1191,INSERZIONE,0.311332
3.900000,1,1,1,1,1,2270,1191,INSERZIONE,0.311998
3.904000,1,1,1,1,1,2269,1191,INSERZIONE,0.312665
3.908000,1,1,1,1,1,2268,1191,INSERZIONE,0.313332
3.912000,1,1,1,1,1,2267,1191,INSERZIONE,0.313998
3.916000,1,1,1,1,1,2266,1191,INSERZIONE,0.314665
3.919000,1,1,1,1,1,2265,1191,INSERZIONE,0.315165
3.923000,1,1,1,1,1,2264,1191,INSERZIONE,0.315831
3.927000,1,1,1,1,1,2263,1191,INSERZIONE,0.316498
3.931000,1,1,1,1,1,2262,1191,INSERZIONE,0.317165
3.935000,1,1,1,1,1,2261,1191,INSERZIONE,0.317831
3.939000,1,1,1,1,1,2260,1191,INSERZIONE,0.318498
3.943000,1,1,1,1,1,2259,1191,INSERZIONE,0.319165
3.947000,1,1,1,1,1,2258,1191,INSERZIONE,0.319831
3.951000,1,1,1,1,1,2257,1191,INSERZIONE,0.320498
3.955000,1,1,1,1,1,2256,1191,INSERZIONE,0.321164
3.958000,1,1,1,1,1,2255,1191,INSERZIONE,0.321664
3.962000,1,1,1,1,1,2254,1191,INSERZIONE,0.322331
3.966000,1,1,1,1,1,2253,1191,INSERZIONE,0.322998
3.970000,1,1,1,1,1,2252,1191,INSERZIONE,0.323664
3.974000,1,1,1,1,1,2251,1191,INSERZIONE,0.324331
3.978000,1,1,1,1,1,2250,1191,INSERZIONE,0.324997
3.982000,1,1,1,1,1,2249,1191,INSERZIONE,0.325664
3.986000,1,1,1,1,1,2248,1191,INSERZIONE,0.326331
3.990000,1,1,1,1,1,2247,1191,INSERZIONE,0.326997
3.994000,1,1,1,1,1,2246,1191,INSERZIONE,0.327664
3.997000,1,1,1,1,1,2245,1191,INSERZIONE,0.328164
4.001000,1,1,1,1,1,2244,1191,INSERZIONE,0.328831
4.005000,1,1,1,1,1,2243,1191,INSERZIONE,0.329497
4.009000,1,1,1,1,1,2242,1191,INSERZIONE,0.330164
4.013000,1,1,1,1,1,2241,1191,INSERZIONE,0.330830
4.017000,1,1,1,1,1,2240,1191,INSERZIONE,0.331497
4.021000,1,1,1,1,1,2239,1191,INSERZIONE,0.332164
4.025000,1,1,1,1,1,2238,1191,INSERZIONE,0.332830
4.029000,1,1,1,1,1,2237,1191,INSERZIONE,0.333497
4.032000,1,1,1,1,1,2236,1191,INSERZIONE,0.333997
4.036000,1,1,1,1,1,2235,1191,INSERZIONE,0.334663
4.040000,1,1,1,1,1,2234,1191,INSERZIONE,0.335330
4.044000,1,1,1,1,1,2233,1191,INSERZIONE,0.335997
4.048000,1,1,1,1,1,2232,1191,INSERZIONE,0.336663
4.052000,1,1,1,1,1,2231,1191,INSERZIONE,0.337330
4.056000,1,1,1,1,1,2230,1191,INSERZIONE,0.337997
4.060000,1,1,1,1,1,2229,1191,INSERZIONE,0.338663
4.064000,1,1,1,1,1,2228,1191,INSERZIONE,0.339330
4.068000,1,1,1,1,1,2227,1191,INSERZIONE,0.339996
4.071000,1,1,1,1,1,2226,1191,INSERZIONE,0.340496
4.075000,1,1,1,1,1,2225,1191,INSERZIONE,0.341163
4.079000,1,1,1,1,1,2224,1191,INSERZIONE,0.341830
4.083000,1,1,1,1,1,2223,1191,INSERZIONE,0.342496
4.087000,1,1,1,1,1,2222,1191,INSERZIONE,0.343163
4.091000,1,1,1,1,1,2221,1191,INSERZIONE,0.343829
4.095000,1,1,1,1,1,2220,1191,INSERZIONE,0.344496
4.099000,1,1,1,1,1,2219,1191,INSERZIONE,0.345163
4.103000,1,1,1,1,1,2218,1191,INSERZIONE,0.345829
4.107000,1,1,1,1,1,2217,1191,INSERZIONE,0.346496
4.110000,1,1,1,1,1,2216,1191,INSERZIONE,0.346996
4.114000,1,1,1,1,1,2215,1191,INSERZIONE,0.347663
4.118000,1,1,1,1,1,2214,1191,INSERZIONE,0.348329
4.122000,1,1,1,1,1,2213,1191,INSERZIONE,0.348996
4.126000,1,1,1,1,1,2212,1191,INSERZIONE,0.349662
4.130000,1,1,1,1,1,2211,1191,INSERZIONE,0.350329
4.134000,1,1,1,1,1,2210,1191,INSERZIONE,0.350996
4.138000,1,1,1,1,1,2209,1191,INSERZIONE,0.351662
4.142000,1,1,1,1,1,2208,1191,INSERZIONE,0.352329
4.146000,1,1,1,1,1,2207,1191,INSERZIONE,0.352995
4.149000,1,1,1,1,1,2206,1191,INSERZIONE,0.353495
4.153000,1,1,1,1,1,2205,1191,INSERZIONE,0.354162
4.157000,1,1,1,1,1,2204,1191,INSERZIONE,0.354829
4.161000,1,1,1,1,1,2203,1191,INSERZIONE,0.355495
4.165000,1,1,1,1,1,2202,1191,INSERZIONE,0.356162
4.169000,1,1,1,1,1,2201,1191,INSERZIONE,0.356829
4.173000,1,1,1,1,1,2200,1191,INSERZIONE,0.357495
4.177000,1,1,1,1,1,2199,1191,INSERZIONE,0.358162
4.181000,1,1,1,1,1,2198,1191,INSERZIONE,0.358828
4.185000,1,1,1,1,1,2197,1191,INSERZIONE,0.359495
4.188000,1,1,1,1,1,2196,1191,INSERZIONE,0.359995
4.192000,1,1,1,1,1,2195,1191,INSERZIONE,0.360662
4.196000,1,1,1,1,1,2194,1191,INSERZIONE,0.361328
4.200000,1,1,1,1,1,2193,1191,INSERZIONE,0.361995
4.204000,1,1,1,1,1,2192,1191,INSERZIONE,0.362661
4.208000,1,1,1,1,1,2191,1191,INSERZIONE,0.363328
4.212000,1,1,1,1,1,2190,1191,INSERZIONE,0.363995
4.216000,1,1,1,1,1,2189,1191,INSERZIONE,0.364661
4.220000,1,1,1,1,1,2188,1191,INSERZIONE,0.365328
4.223000,1,1,1,1,1,2187,1191,INSERZIONE,0.365828
4.227000,1,1,1,1,1,2186,1191,INSERZIONE,0.366494
4.231000,1,1,1,1,1,2185,1191,INSERZIONE,0.367161
4.235000,1,1,1,1,1,2184,1191,INSERZIONE,0.367828
4.239000,1,1,1,1,1,2183,1191,INSERZIONE,0.368494
4.243000,1,1,1,1,1,2182,1191,INSERZIONE,0.369161
4.247000,1,1,1,1,1,2181,1191,INSERZIONE,0.369828
4.251000,1,1,1,1,1,2180,1191,INSERZIONE,0.370494
4.255000,1,1,1,1,1,2179,1191,INSERZIONE,0.371161
4.259000,1,1,1,1,1,2178,1191,INSERZIONE,0.371827
4.262000,1,1,1,1,1,2177,1191,INSERZIONE,0.372327
4.266000,1,1,1,1,1,2176,1191,INSERZIONE,0.372994
4.270000,1,1,1,1,1,2175,1191,INSERZIONE,0.373661
4.274000,1,1,1,1,1,2174,1191,INSERZIONE,0.374327
4.278000,1,1,1,1,1,2173,1191,INSERZIONE,0.374994
4.282000,1,1,1,1,1,2172,1191,INSERZIONE,0.375660
4.286000,1,1,1,1,1,2171,1191,INSERZIONE,0.376327
4.290000,1,1,1,1,1,2170,1191,INSERZIONE,0.376994
4.294000,1,1,1,1,1,2169,1191,INSERZIONE,0.377660
4.298000,1,1,1,1,1,2168,1191,INSERZIONE,0.378327
4.301000,1,1,1,1,1,2167,1191,INSERZIONE,0.378827
4.305000,1,1,1,1,1,2166,1191,INSERZIONE,0.379494
4.309000,1,1,1,1,1,2165,1191,INSERZIONE,0.380160
4.313000,1,1,1,1,1,2164,1191,INSERZIONE,0.380827
4.317000,1,1,1,1,1,2163,1191,INSERZIONE,0.381493
4.321000,1,1,1,1,1,2162,1191,INSERZIONE,0.382160
4.325000,1,1,1,1,1,2161,1191,INSERZIONE,0.382827
4.329000,1,1,1,1,1,2160,1191,INSERZIONE,0.383493
4.333000,1,1,1,1,1,2159,1191,INSERZIONE,0.384160
4.337000,1,1,1,1,1,2158,1191,INSERZIONE,0.384826
4.340000,1,1,1,1,1,2157,1191,INSERZIONE,0.385326
4.344000,1,1,1,1,1,2156,1191,INSERZIONE,0.385993
4.348000,1,1,1,1,1,2155,1191,INSERZIONE,0.386660
4.352000,1,1,1,1,1,2154,1191,INSERZIONE,0.387326
4.356000,1,1,1,1,1,2153,1191,INSERZIONE,0.387993
4.360000,1,1,1,1,1,2152,1191,INSERZIONE,0.388660
4.364000,1,1,1,1,1,2151,1191,INSERZIONE,0.389326
4.368000,1,1,1,1,1,2150,1191,INSERZIONE,0.389993
4.372000,1,1,1,1,1,2149,1191,INSERZIONE,0.390659
4.376000,1,1,1,1,1,2148,1191,INSERZIONE,0.391326
4.379000,1,1,1,1,1,2147,1191,INSERZIONE,0.391826
4.383000,1,1,1,1,1,2146,1191,INSERZIONE,0.392493
4.387000,1,1,1,1,1,2145,1191,INSERZIONE,0.393159
4.391000,1,1,1,1,1,2144,1191,INSERZIONE,0.393826
4.395000,1,1,1,1,1,2143,1191,INSERZIONE,0.394492
4.399000,1,1,1,1,1,2142,1191,INSERZIONE,0.395159
4.403000,1,1,1,1,1,2141,1191,INSERZIONE,0.395826
4.407000,1,1,1,1,1,2140,1191,INSERZIONE,0.396492
4.411000,1,1,1,1,1,2139,1191,INSERZIONE,0.397159
4.415000,1,1,1,1,1,2138,1191,INSERZIONE,0.397826
4.418000,1,1,1,1,1,2137,1191,INSERZIONE,0.398326
4.422000,1,1,1,1,1,2136,1191,INSERZIONE,0.398992
4.426000,1,1,1,1,1,2135,1191,INSERZIONE,0.399659
4.430000,1,1,1,1,1,2134,1191,INSERZIONE,0.400325
4.434000,1,1,1,1,1,2133,1191,INSERZIONE,0.400992
4.438000,1,1,1,1,1,2132,1191,INSERZIONE,0.401659
4.442000,1,1,1,1,1,2131,1191,INSERZIONE,0.402325
4.446000,1,1,1,1,1,2130,1191,INSERZIONE,0.402992
4.450000,1,1,1,1,1,2129,1191,INSERZIONE,0.403658
4.453000,1,1,1,1,1,2128,1191,INSERZIONE,0.404158
4.457000,1,1,1,1,1,2127,1191,INSERZIONE,0.404825
4.461000,1,1,1,1,1,2126,1191,INSERZIONE,0.405492
4.465000,1,1,1,1,1,2125,1191,INSERZIONE,0.406158
4.469000,1,1,1,1,1,2124,1191,INSERZIONE,0.406825
4.473000,1,1,1,1,1,2123,1191,INSERZIONE,0.407492
4.477000,1,1,1,1,1,2122,1191,INSERZIONE,0.408158
4.481000,1,1,1,1,1,2121,1191,INSERZIONE,0.408825
4.485000,1,1,1,1,1,2120,1191,INSERZIONE,0.409491
4.489000,1,1,1,1,1,2119,1191,INSERZIONE,0.410158
4.492000,1,1,1,1,1,2118,1191,INSERZIONE,0.410658
4.496000,1,1,1,1,1,2117,1191,INSERZIONE,0.411325
4.500000,1,1,1,1,1,2116,1191,INSERZIONE,0.411991
4.504000,1,1,1,1,1,2115,1191,INSERZIONE,0.412658
4.508000,1,1,1,1,1,2114,1191,INSERZIONE,0.413324
4.512000,1,1,1,1,1,2113,1191,INSERZIONE,0.413991
4.516000,1,1,1,1,1,2112,1191,INSERZIONE,0.414658
4.520000,1,1,1,1,1,2111,1191,INSERZIONE,0.415324
4.524000,1,1,1,1,1,2110,1191,INSERZIONE,0.415991
4.528000,1,1,1,1,1,2109,1191,INSERZIONE,0.416658
4.531000,1,1,1,1,1,2108,1191,INSERZIONE,0.417157
4.535000,1,1,1,1,1,2107,1191,INSERZIONE,0.417824
4.539000,1,1,1,1,1,2106,1191,INSERZIONE,0.418491
4.543000,1,1,1,1,1,2105,1191,INSERZIONE,0.419157
4.547000,1,1,1,1,1,2104,1191,INSERZIONE,0.419824
4.551000,1,1,1,1,1,2103,1191,INSERZIONE,0.420491
4.555000,1,1,1,1,1,2102,1191,INSERZIONE,0.421157
4.559000,1,1,1,1,1,2101,1191,INSERZIONE,0.421824
4.563000,1,1,1,1,1,2100,1191,INSERZIONE,0.422490
4.567000,1,1,1,1,1,2099,1191,INSERZIONE,0.423157
4.570000,1,1,1,1,1,2098,1191,INSERZIONE,0.423657
4.574000,1,1,1,1,1,2097,1191,INSERZIONE,0.424324
4.578000,1,1,1,1,1,2096,1191,INSERZIONE,0.424990
4.582000,1,1,1,1,1,2095,1191,INSERZIONE,0.425657
4.586000,1,1,1,1,1,2094,1191,INSERZIONE,0.426323
4.590000,1,1,1,1,1,2093,1191,INSERZIONE,0.426990
4.594000,1,1,1,1,1,2092,1191,INSERZIONE,0.427657
4.598000,1,1,1,1,1,2091,1191,INSERZIONE,0.428323
4.602000,1,1,1,1,1,2090,1191,INSERZIONE,0.428990
4.606000,1,1,1,1,1,2089,1191,INSERZIONE,0.429657
4.609000,1,1,1,1,1,2088,1191,INSERZIONE,0.430157
4.613000,1,1,1,1,1,2087,1191,INSERZIONE,0.430823
4.617000,1,1,1,1,1,2086,1191,INSERZIONE,0.431490
4.621000,1,1,1,1,1,2085,1191,INSERZIONE,0.432156
4.625000,1,1,1,1,1,2084,1191,INSERZIONE,0.432823
4.629000,1,1,1,1,1,2083,1191,INSERZIONE,0.433490
4.633000,1,1,1,1,1,2082,1191,INSERZIONE,0.434156
4.637000,1,1,1,1,1,2081,1191,INSERZIONE,0.434823
4.641000,1,1,1,1,1,2080,1191,INSERZIONE,0.435489
4.645000,1,1,1,1,1,2079,1191,INSERZIONE,0.436156
4.648000,1,1,1,1,1,2078,1191,INSERZIONE,0.436656
4.652000,1,1,1,1,1,2077,1191,INSERZIONE,0.437323
4.656000,1,1,1,1,1,2076,1191,INSERZIONE,0.437989
4.660000,1,1,1,1,1,2075,1191,INSERZIONE,0.438656
4.664000,1,1,1,1,1,2074,1191,INSERZIONE,0.439323
4.668000,1,1,1,1,1,2073,1191,INSERZIONE,0.439989
4.672000,1,1,1,1,1,2072,1191,INSERZIONE,0.440656
4.676000,1,1,1,1,1,2071,1191,INSERZIONE,0.441322
4.680000,1,1,1,1,1,2070,1191,INSERZIONE,0.441989
4.684000,1,1,1,1,1,2069,1191,INSERZIONE,0.442656
4.687000,1,1,1,1,1,2068,1191,INSERZIONE,0.443156
4.691000,1,1,1,1,1,2067,1191,INSERZIONE,0.443822
4.695000,1,1,1,1,1,2066,1191,INSERZIONE,0.444489
4.699000,1,1,1,1,1,2065,1191,INSERZIONE,0.445155
4.703000,1,1,1,1,1,2064,1191,INSERZIONE,0.445822
4.707000,1,1,1,1,1,2063,1191,INSERZIONE,0.446489
4.711000,1,1,1,1,1,2062,1191,INSERZIONE,0.447155
4.715000,1,1,1,1,1,2061,1191,INSERZIONE,0.447822
4.719000,1,1,1,1,1,2060,1191,INSERZIONE,0.448489
4.723000,1,1,1,1,1,2059,1191,INSERZIONE,0.449155
4.726000,1,1,1,1,1,2058,1191,INSERZIONE,0.449655
4.730000,1,1,1,1,1,2057,1191,INSERZIONE,0.450322
4.734000,1,1,1,1,1,2056,1191,INSERZIONE,0.450988
4.738000,1,1,1,1,1,2055,1191,INSERZIONE,0.451655
4.742000,1,1,1,1,1,2054,1191,INSERZIONE,0.452322
4.746000,1,1,1,1,1,2053,1191,INSERZIONE,0.452988
4.750000,1,1,1,1,1,2052,1191,INSERZIONE,0.453655
4.754000,1,1,1,1,1,2051,1191,INSERZIONE,0.454321
4.758000,1,1,1,1,1,2050,1191,INSERZIONE,0.454988
4.762000,1,1,1,1,1,2049,1191,INSERZIONE,0.455655
4.766000,1,1,1,1,1,2048,1191,INSERZIONE,0.456321
4.770000,1,1,1,1,1,2047,1191,INSERZIONE,0.456988
4.774000,1,1,1,1,1,2046,1191,INSERZIONE,0.457655
4.778000,1,1,1,1,1,2045,1191,INSERZIONE,0.458321
4.782000,1,1,1,1,1,2044,1191,INSERZIONE,0.458988
4.786000,1,1,1,1,1,2043,1191,INSERZIONE,0.459654
4.790000,1,1,1,1,1,2042,1191,INSERZIONE,0.460321
4.794000,1,1,1,1,1,2041,1191,INSERZIONE,0.460988
4.798000,1,1,1,1,1,2040,1191,INSERZIONE,0.461654
4.802000,1,1,1,1,1,2039,1191,INSERZIONE,0.462321
4.806000,1,1,1,1,1,2038,1191,INSERZIONE,0.462987
4.810000,1,1,1,1,1,2037,1191,INSERZIONE,0.463654
4.814000,1,1,1,1,1,2036,1191,INSERZIONE,0.464321
4.819000,1,1,1,1,1,2035,1191,INSERZIONE,0.465154
4.823000,1,1,1,1,1,2034,1191,INSERZIONE,0.465821
4.827000,1,1,1,1,1,2033,1191,INSERZIONE,0.466487
4.831000,1,1,1,1,1,2032,1191,INSERZIONE,0.467154
4.835000,1,1,1,1,1,2031,1191,INSERZIONE,0.467820
4.839000,1,1,1,1,1,2030,1191,INSERZIONE,0.468487
4.843000,1,1,1,1,1,2029,1191,INSERZIONE,0.469154
4.847000,1,1,1,1,1,2028,1191,INSERZIONE,0.469820
4.851000,1,1,1,1,1,2027,1191,INSERZIONE,0.470487
4.855000,1,1,1,1,1,2026,1191,INSERZIONE,0.471154
4.859000,1,1,1,1,1,2025,1191,INSERZIONE,0.471820
4.863000,1,1,1,1,1,2024,1191,INSERZIONE,0.472487
4.867000,1,1,1,1,1,2023,1191,INSERZIONE,0.473153
4.871000,1,1,1,1,1,2022,1191,INSERZIONE,0.473820
4.875000,1,1,1,1,1,2021,1191,INSERZIONE,0.474487
4.879000,1,1,1,1,1,2020,1191,INSERZIONE,0.475153
4.883000,1,1,1,1,1,2019,1191,INSERZIONE,0.475820
4.887000,1,1,1,1,1,2018,1191,INSERZIONE,0.476487
4.891000,1,1,1,1,1,2017,1191,INSERZIONE,0.477153
4.895000,1,1,1,1,1,2016,1191,INSERZIONE,0.477820
4.899000,1,1,1,1,1,2015,1191,INSERZIONE,0.478486
4.903000,1,1,1,1,1,2014,1191,INSERZIONE,0.479153
4.907000,1,1,1,1,1,2013,1191,INSERZIONE,0.479820
4.911000,1,1,1,1,1,2012,1191,INSERZIONE,0.480486
4.915000,1,1,1,1,1,2011,1191,INSERZIONE,0.481153
4.919000,1,1,1,1,1,2010,1191,INSERZIONE,0.481819
4.923000,1,1,1,1,1,2009,1191,INSERZIONE,0.482486
4.927000,1,1,1,1,1,2008,1191,INSERZIONE,0.483153
4.931000,1,1,1,1,1,2007,1191,INSERZIONE,0.483819
4.935000,1,1,1,1,1,2006,1191,INSERZIONE,0.484486
4.939000,1,1,1,1,1,2005,1191,INSERZIONE,0.485153
4.943000,1,1,1,1,1,2004,1191,INSERZIONE,0.485819
4.947000,1,1,1,1,1,2003,1191,INSERZIONE,0.486486
4.951000,1,1,1,1,1,2002,1191,INSERZIONE,0.487152
4.955000,1,1,1,1,1,2001,1191,INSERZIONE,0.487819
4.959000,1,1,1,1,1,2000,1191,INSERZIONE,0.488486
4.963000,1,1,1,1,1,1999,1191,INSERZIONE,0.489152
4.967000,1,1,1,1,1,1998,1191,INSERZIONE,0.489819
4.971000,1,1,1,1,1,1997,1191,INSERZIONE,0.490485
4.975000,1,1,1,1,1,1996,1191,INSERZIONE,0.491152
4.979000,1,1,1,1,1,1995,1191,INSERZIONE,0.491819
4.983000,1,1,1,1,1,1994,1191,INSERZIONE,0.492485
4.987000,1,1,1,1,1,1993,1191,INSERZIONE,0.493152
4.991000,1,1,1,1,1,1992,1191,INSERZIONE,0.493819
4.995000,1,1,1,1,1,1991,1191,INSERZIONE,0.494485
4.999000,1,1,1,1,1,1990,1191,INSERZIONE,0.495152
5.003000,1,1,1,1,1,1989,1191,INSERZIONE,0.495818
5.007000,1,1,1,1,1,1988,1191,INSERZIONE,0.496485
5.011000,1,1,1,1,1,1987,1191,INSERZIONE,0.497152
5.015000,1,1,1,1,1,1986,1191,INSERZIONE,0.497818
5.019000,1,1,1,1,1,1985,1191,INSERZIONE,0.498485
5.021000,1,1,1,1,1,1985,1191,RILASCIO,0.498652
5.023000,1,1,1,1,1,1986,1191,RILASCIO,0.498318
5.027000,1,1,1,1,1,1987,1191,RILASCIO,0.497652
5.031000,1,1,1,1,1,1988,1191,RILASCIO,0.496985
5.035000,1,1,1,1,1,1989,1191,RILASCIO,0.496318
5.039000,1,1,1,1,1,1990,1191,RILASCIO,0.495652
5.043000,1,1,1,1,1,1991,1191,RILASCIO,0.494985
5.047000,1,1,1,1,1,1992,1191,RILASCIO,0.494319
5.051000,1,1,1,1,1,1993,1191,RILASCIO,0.493652
5.055000,1,1,1,1,1,1994,1191,RILASCIO,0.492985
5.059000,1,1,1,1,1,1995,1191,RILASCIO,0.492319
5.063000,1,1,1,1,1,1996,1191,RILASCIO,0.491652
5.067000,1,1,1,1,1,1997,1191,RILASCIO,0.490985
5.071000,1,1,1,1,1,1998,1191,RILASCIO,0.490319
5.075000,1,1,1,1,1,1999,1191,RILASCIO,0.489652
5.079000,1,1,1,1,1,2000,1191,RILASCIO,0.488986
5.083000,1,1,1,1,1,2001,1191,RILASCIO,0.488319
5.087000,1,1,1,1,1,2002,1191,RILASCIO,0.487652
5.091000,1,1,1,1,1,2003,1191,RILASCIO,0.486986
5.095000,1,1,1,1,1,2004,1191,RILASCIO,0.486319
5.099000,1,1,1,1,1,2005,1191,RILASCIO,0.485653
5.103000,1,1,1,1,1,2006,1191,RILASCIO,0.484986
5.107000,1,1,1,1,1,2007,1191,RILASCIO,0.484319
5.111000,1,1,1,1,1,2008,1191,RILASCIO,0.483653
5.115000,1,1,1,1,1,2009,1191,RILASCIO,0.482986
5.119000,1,1,1,1,1,2010,1191,RILASCIO,0.482319
5.123000,1,1,1,1,1,2011,1191,RILASCIO,0.481653
5.127000,1,1,1,1,1,2012,1191,RILASCIO,0.480986
5.131000,1,1,1,1,1,2013,1191,RILASCIO,0.480320
5.135000,1,1,1,1,1,2014,1191,RILASCIO,0.479653
5.139000,1,1,1,1,1,2015,1191,RILASCIO,0.478986
5.143000,1,1,1,1,1,2016,1191,RILASCIO,0.478320
5.147000,1,1,1,1,1,2017,1191,RILASCIO,0.477653
5.151000,1,1,1,1,1,2018,1191,RILASCIO,0.476986
5.155000,1,1,1,1,1,2019,1191,RILASCIO,0.476320
5.159000,1,1,1,1,1,2020,1191,RILASCIO,0.475653
5.163000,1,1,1,1,1,2021,1191,RILASCIO,0.474987
5.167000,1,1,1,1,1,2022,1191,RILASCIO,0.474320
5.171000,1,1,1,1,1,2023,1191,RILASCIO,0.473653
5.175000,1,1,1,1,1,2024,1191,RILASCIO,0.472987
5.179000,1,1,1,1,1,2025,1191,RILASCIO,0.472320
5.183000,1,1,1,1,1,2026,1191,RILASCIO,0.471654
5.187000,1,1,1,1,1,2027,1191,RILASCIO,0.470987
5.191000,1,1,1,1,1,2028,1191,RILASCIO,0.470320
5.195000,1,1,1,1,1,2029,1191,RILASCIO,0.469654
5.199000,1,1,1,1,1,2030,1191,RILASCIO,0.468987
5.203000,1,1,1,1,1,2031,1191,RILASCIO,0.468320
5.207000,1,1,1,1,1,2032,1191,RILASCIO,0.467654
5.211000,1,1,1,1,1,2033,1191,RILASCIO,0.466987
5.215000,1,1,1,1,1,2034,1191,RILASCIO,0.466321
5.219000,1,1,1,1,1,2035,1191,RILASCIO,0.465654
5.223000,1,1,1,1,1,2036,1191,RILASCIO,0.464987
5.228000,1,1,1,1,1,2037,1191,RILASCIO,0.464154
5.232000,1,1,1,1,1,2038,1191,RILASCIO,0.463487
5.236000,1,1,1,1,1,2039,1191,RILASCIO,0.462821
5.240000,1,1,1,1,1,2040,1191,RILASCIO,0.462154
5.244000,1,1,1,1,1,2041,1191,RILASCIO,0.461488
5.248000,1,1,1,1,1,2042,1191,RILASCIO,0.460821
5.252000,1,1,1,1,1,2043,1191,RILASCIO,0.460154
5.256000,1,1,1,1,1,2044,1191,RILASCIO,0.459488
5.260000,1,1,1,1,1,2045,1191,RILASCIO,0.458821
5.264000,1,1,1,1,1,2046,1191,RILASCIO,0.458154
5.268000,1,1,1,1,1,2047,1191,RILASCIO,0.457488
5.272000,1,1,1,1,1,2048,1191,RILASCIO,0.456821
5.276000,1,1,1,1,1,2049,1191,RILASCIO,0.456155
5.280000,1,1,1,1,1,2050,1191,RILASCIO,0.455488
5.284000,1,1,1,1,1,2051,1191,RILASCIO,0.454821
5.288000,1,1,1,1,1,2052,1191,RILASCIO,0.454155
5.292000,1,1,1,1,1,2053,1191,RILASCIO,0.453488
5.296000,1,1,1,1,1,2054,1191,RILASCIO,0.452822
5.300000,1,1,1,1,1,2055,1191,RILASCIO,0.452155
5.304000,1,1,1,1,1,2056,1191,RILASCIO,0.451488
5.308000,1,1,1,1,1,2057,1191,RILASCIO,0.450822
5.312000,1,1,1,1,1,2058,1191,RILASCIO,0.450155
5.316000,1,1,1,1,1,2059,1191,RILASCIO,0.449488
5.319000,1,1,1,1,1,2060,1191,RILASCIO,0.448988
5.323000,1,1,1,1,1,2061,1191,RILASCIO,0.448322
5.327000,1,1,1,1,1,2062,1191,RILASCIO,0.447655
5.331000,1,1,1,1,1,2063,1191,RILASCIO,0.446989
5.335000,1,1,1,1,1,2064,1191,RILASCIO,0.446322
5.339000,1,1,1,1,1,2065,1191,RILASCIO,0.445655
5.343000,1,1,1,1,1,2066,1191,RILASCIO,0.444989
5.347000,1,1,1,1,1,2067,1191,RILASCIO,0.444322
5.351000,1,1,1,1,1,2068,1191,RILASCIO,0.443656
5.355000,1,1,1,1,1,2069,1191,RILASCIO,0.442989
5.358000,1,1,1,1,1,2070,1191,RILASCIO,0.442489
5.362000,1,1,1,1,1,2071,1191,RILASCIO,0.441822
5.366000,1,1,1,1,1,2072,1191,RILASCIO,0.441156
5.370000,1,1,1,1,1,2073,1191,RILASCIO,0.440489
5.374000,1,1,1,1,1,2074,1191,RILASCIO,0.439822
5.378000,1,1,1,1,1,2075,1191,RILASCIO,0.439156
5.382000,1,1,1,1,1,2076,1191,RILASCIO,0.438489
5.386000,1,1,1,1,1,2077,1191,RILASCIO,0.437823
5.390000,1,1,1,1,1,2078,1191,RILASCIO,0.437156
5.394000,1,1,1,1,1,2079,1191,RILASCIO,0.436489
5.397000,1,1,1,1,1,2080,1191,RILASCIO,0.435989
5.401000,1,1,1,1,1,2081,1191,RILASCIO,0.435323
5.405000,1,1,1,1,1,2082,1191,RILASCIO,0.434656
5.409000,1,1,1,1,1,2083,1191,RILASCIO,0.433990
5.413000,1,1,1,1,1,2084,1191,RILASCIO,0.433323
5.417000,1,1,1,1,1,2085,1191,RILASCIO,0.432656
5.421000,1,1,1,1,1,2086,1191,RILASCIO,0.431990
5.425000,1,1,1,1,1,2087,1191,RILASCIO,0.431323
5.429000,1,1,1,1,1,2088,1191,RILASCIO,0.430656
5.433000,1,1,1,1,1,2089,1191,RILASCIO,0.429990
5.436000,1,1,1,1,1,2090,1191,RILASCIO,0.429490
5.440000,1,1,1,1,1,2091,1191,RILASCIO,0.428823
5.444000,1,1,1,1,1,2092,1191,RILASCIO,0.428157
5.448000,1,1,1,1,1,2093,1191,RILASCIO,0.427490
5.452000,1,1,1,1,1,2094,1191,RILASCIO,0.426823
5.456000,1,1,1,1,1,2095,1191,RILASCIO,0.426157
5.460000,1,1,1,1,1,2096,1191,RILASCIO,0.425490
5.464000,1,1,1,1,1,2097,1191,RILASCIO,0.424824
5.468000,1,1,1,1,1,2098,1191,RILASCIO,0.424157
5.472000,1,1,1,1,1,2099,1191,RILASCIO,0.423490
5.475000,1,1,1,1,1,2100,1191,RILASCIO,0.422990
5.479000,1,1,1,1,1,2101,1191,RILASCIO,0.422324
5.483000,1,1,1,1,1,2102,1191,RILASCIO,0.421657
5.487000,1,1,1,1,1,2103,1191,RILASCIO,0.420991
5.491000,1,1,1,1,1,2104,1191,RILASCIO,0.420324
5.495000,1,1,1,1,1,2105,1191,RILASCIO,0.419657
5.499000,1,1,1,1,1,2106,1191,RILASCIO,0.418991
5.503000,1,1,1,1,1,2107,1191,RILASCIO,0.418324
5.507000,1,1,1,1,1,2108,1191,RILASCIO,0.417657
5.511000,1,1,1,1,1,2109,1191,RILASCIO,0.416991
5.514000,1,1,1,1,1,2110,1191,RILASCIO,0.416491
5.518000,1,1,1,1,1,2111,1191,RILASCIO,0.415824
5.522000,1,1,1,1,1,2112,1191,RILASCIO,0.415158
5.526000,1,1,1,1,1,2113,1191,RILASCIO,0.414491
5.530000,1,1,1,1,1,2114,1191,RILASCIO,0.413824
5.534000,1,1,1,1,1,2115,1191,RILASCIO,0.413158
5.538000,1,1,1,1,1,2116,1191,RILASCIO,0.412491
5.542000,1,1,1,1,1,2117,1191,RILASCIO,0.411825
5.546000,1,1,1,1,1,2118,1191,RILASCIO,0.411158
5.550000,1,1,1,1,1,2119,1191,RILASCIO,0.410491
5.553000,1,1,1,1,1,2120,1191,RILASCIO,0.409991
5.557000,1,1,1,1,1,2121,1191,RILASCIO,0.409325
5.561000,1,1,1,1,1,2122,1191,RILASCIO,0.408658
5.565000,1,1,1,1,1,2123,1191,RILASCIO,0.407991
5.569000,1,1,1,1,1,2124,1191,RILASCIO,0.407325
5.573000,1,1,1,1,1,2125,1191,RILASCIO,0.406658
5.577000,1,1,1,1,1,2126,1191,RILASCIO,0.405992
5.581000,1,1,1,1,1,2127,1191,RILASCIO,0.405325
5.585000,1,1,1,1,1,2128,1191,RILASCIO,0.404658
5.589000,1,1,1,1,1,2129,1191,RILASCIO,0.403992
5.592000,1,1,1,1,1,2130,1191,RILASCIO,0.403492
5.596000,1,1,1,1,1,2131,1191,RILASCIO,0.402825
5.600000,1,1,1,1,1,2132,1191,RILASCIO,0.402159
5.604000,1,1,1,1,1,2133,1191,RILASCIO,0.401492
5.608000,1,1,1,1,1,2134,1191,RILASCIO,0.400825
5.612000,1,1,1,1,1,2135,1191,RILASCIO,0.400159
5.616000,1,1,1,1,1,2136,1191,RILASCIO,0.399492
5.620000,1,1,1,1,1,2137,1191,RILASCIO,0.398825
5.624000,1,1,1,1,1,2138,1191,RILASCIO,0.398159
5.627000,1,1,1,1,1,2139,1191,RILASCIO,0.397659
5.631000,1,1,1,1,1,2140,1191,RILASCIO,0.396992
5.635000,1,1,1,1,1,2141,1191,RILASCIO,0.396326
5.639000,1,1,1,1,1,2142,1191,RILASCIO,0.395659
5.643000,1,1,1,1,1,2143,1191,RILASCIO,0.394992
5.647000,1,1,1,1,1,2144,1191,RILASCIO,0.394326
5.651000,1,1,1,1,1,2145,1191,RILASCIO,0.393659
5.655000,1,1,1,1,1,2146,1191,RILASCIO,0.392993
5.659000,1,1,1,1,1,2147,1191,RILASCIO,0.392326
5.663000,1,1,1,1,1,2148,1191,RILASCIO,0.391659
5.666000,1,1,1,1,1,2149,1191,RILASCIO,0.391159
5.670000,1,1,1,1,1,2150,1191,RILASCIO,0.390493
5.674000,1,1,1,1,1,2151,1191,RILASCIO,0.389826
5.678000,1,1,1,1,1,2152,1191,RILASCIO,0.389160
5.682000,1,1,1,1,1,2153,1191,RILASCIO,0.388493
5.686000,1,1,1,1,1,2154,1191,RILASCIO,0.387826
5.690000,1,1,1,1,1,2155,1191,RILASCIO,0.387160
5.694000,1,1,1,1,1,2156,1191,RILASCIO,0.386493
5.698000,1,1,1,1,1,2157,1191,RILASCIO,0.385826
5.702000,1,1,1,1,1,2158,1191,RILASCIO,0.385160
5.705000,1,1,1,1,1,2159,1191,RILASCIO,0.384660
5.709000,1,1,1,1,1,2160,1191,RILASCIO,0.383993
5.713000,1,1,1,1,1,2161,1191,RILASCIO,0.383327
5.717000,1,1,1,1,1,2162,1191,RILASCIO,0.382660
5.721000,1,1,1,1,1,2163,1191,RILASCIO,0.381993
5.725000,1,1,1,1,1,2164,1191,RILASCIO,0.381327
5.729000,1,1,1,1,1,2165,1191,RILASCIO,0.380660
5.733000,1,1,1,1,1,2166,1191,RILASCIO,0.379993
5.737000,1,1,1,1,1,2167,1191,RILASCIO,0.379327
5.741000,1,1,1,1,1,2168,1191,RILASCIO,0.378660
5.744000,1,1,1,1,1,2169,1191,RILASCIO,0.378160
5.748000,1,1,1,1,1,2170,1191,RILASCIO,0.377494
5.752000,1,1,1,1,1,2171,1191,RILASCIO,0.376827
5.756000,1,1,1,1,1,2172,1191,RILASCIO,0.376160
5.760000,1,1,1,1,1,2173,1191,RILASCIO,0.375494
5.764000,1,1,1,1,1,2174,1191,RILASCIO,0.374827
5.768000,1,1,1,1,1,2175,1191,RILASCIO,0.374161
5.772000,1,1,1,1,1,2176,1191,RILASCIO,0.373494
5.776000,1,1,1,1,1,2177,1191,RILASCIO,0.372827
5.780000,1,1,1,1,1,2178,1191,RILASCIO,0.372161
5.783000,1,1,1,1,1,2179,1191,RILASCIO,0.371661
5.787000,1,1,1,1,1,2180,1191,RILASCIO,0.370994
5.791000,1,1,1,1,1,2181,1191,RILASCIO,0.370328
5.795000,1,1,1,1,1,2182,1191,RILASCIO,0.369661
5.799000,1,1,1,1,1,2183,1191,RILASCIO,0.368994
5.803000,1,1,1,1,1,2184,1191,RILASCIO,0.368328
5.807000,1,1,1,1,1,2185,1191,RILASCIO,0.367661
5.811000,1,1,1,1,1,2186,1191,RILASCIO,0.366994
5.815000,1,1,1,1,1,2187,1191,RILASCIO,0.366328
5.819000,1,1,1,1,1,2188,1191,RILASCIO,0.365661
5.822000,1,1,1,1,1,2189,1191,RILASCIO,0.365161
5.826000,1,1,1,1,1,2190,1191,RILASCIO,0.364495
5.830000,1,1,1,1,1,2191,1191,RILASCIO,0.363828
5.834000,1,1,1,1,1,2192,1191,RILASCIO,0.363161
5.838000,1,1,1,1,1,2193,1191,RILASCIO,0.362495
5.842000,1,1,1,1,1,2194,1191,RILASCIO,0.361828
5.846000,1,1,1,1,1,2195,1191,RILASCIO,0.361162
5.850000,1,1,1,1,1,2196,1191,RILASCIO,0.360495
5.854000,1,1,1,1,1,2197,1191,RILASCIO,0.359828
5.857000,1,1,1,1,1,2198,1191,RILASCIO,0.359328
5.861000,1,1,1,1,1,2199,1191,RILASCIO,0.358662
5.865000,1,1,1,1,1,2200,1191,RILASCIO,0.357995
5.869000,1,1,1,1,1,2201,1191,RILASCIO,0.357328
5.873000,1,1,1,1,1,2202,1191,RILASCIO,0.356662
5.877000,1,1,1,1,1,2203,1191,RILASCIO,0.355995
5.881000,1,1,1,1,1,2204,1191,RILASCIO,0.355329
5.885000,1,1,1,1,1,2205,1191,RILASCIO,0.354662
5.889000,1,1,1,1,1,2206,1191,RILASCIO,0.353995
5.893000,1,1,1,1,1,2207,1191,RILASCIO,0.353329
5.896000,1,1,1,1,1,2208,1191,RILASCIO,0.352829
5.900000,1,1,1,1,1,2209,1191,RILASCIO,0.352162
5.904000,1,1,1,1,1,2210,1191,RILASCIO,0.351496
5.908000,1,1,1,1,1,2211,1191,RILASCIO,0.350829
5.912000,1,1,1,1,1,2212,1191,RILASCIO,0.350162
5.916000,1,1,1,1,1,2213,1191,RILASCIO,0.349496
5.920000,1,1,1,1,1,2214,1191,RILASCIO,0.348829
5.924000,1,1,1,1,1,2215,1191,RILASCIO,0.348162
5.928000,1,1,1,1,1,2216,1191,RILASCIO,0.347496
5.932000,1,1,1,1,1,2217,1191,RILASCIO,0.346829
5.935000,1,1,1,1,1,2218,1191,RILASCIO,0.346329
5.939000,1,1,1,1,1,2219,1191,RILASCIO,0.345663
5.943000,1,1,1,1,1,2220,1191,RILASCIO,0.344996
5.947000,1,1,1,1,1,2221,1191,RILASCIO,0.344329
5.951000,1,1,1,1,1,2222,1191,RILASCIO,0.343663
5.955000,1,1,1,1,1,2223,1191,RILASCIO,0.342996
5.959000,1,1,1,1,1,2224,1191,RILASCIO,0.342330
5.963000,1,1,1,1,1,2225,1191,RILASCIO,0.341663
5.967000,1,1,1,1,1,2226,1191,RILASCIO,0.340996
5.971000,1,1,1,1,1,2227,1191,RILASCIO,0.340330
5.974000,1,1,1,1,1,2228,1191,RILASCIO,0.339830
5.978000,1,1,1,1,1,2229,1191,RILASCIO,0.339163
5.982000,1,1,1,1,1,2230,1191,RILASCIO,0.338497
5.986000,1,1,1,1,1,2231,1191,RILASCIO,0.337830
5.990000,1,1,1,1,1,2232,1191,RILASCIO,0.337163
5.994000,1,1,1,1,1,2233,1191,RILASCIO,0.336497
5.998000,1,1,1,1,1,2234,1191,RILASCIO,0.335830
6.002000,1,1,1,1,1,2235,1191,RILASCIO,0.335163
6.006000,1,1,1,1,1,2236,1191,RILASCIO,0.334497
6.010000,1,1,1,1,1,2237,1191,RILASCIO,0.333830
6.013000,1,1,1,1,1,2238,1191,RILASCIO,0.333330
6.017000,1,1,1,1,1,2239,1191,RILASCIO,0.332664
6.021000,1,1,1,1,1,2240,1191,RILASCIO,0.331997
6.025000,1,1,1,1,1,2241,1191,RILASCIO,0.331330
6.029000,1,1,1,1,1,2242,1191,RILASCIO,0.330664
6.033000,1,1,1,1,1,2243,1191,RILASCIO,0.329997
6.037000,1,1,1,1,1,2244,1191,RILASCIO,0.329331
6.041000,1,1,1,1,1,2245,1191,RILASCIO,0.328664
6.045000,1,1,1,1,1,2246,1191,RILASCIO,0.327997
6.048000,1,1,1,1,1,2247,1191,RILASCIO,0.327497
6.052000,1,1,1,1,1,2248,1191,RILASCIO,0.326831
6.056000,1,1,1,1,1,2249,1191,RILASCIO,0.326164
6.060000,1,1,1,1,1,2250,1191,RILASCIO,0.325497
6.064000,1,1,1,1,1,2251,1191,RILASCIO,0.324831
6.068000,1,1,1,1,1,2252,1191,RILASCIO,0.324164
6.072000,1,1,1,1,1,2253,1191,RILASCIO,0.323498
6.076000,1,1,1,1,1,2254,1191,RILASCIO,0.322831
6.080000,1,1,1,1,1,2255,1191,RILASCIO,0.322164
6.084000,1,1,1,1,1,2256,1191,RILASCIO,0.321498
6.087000,1,1,1,1,1,2257,1191,RILASCIO,0.320998
6.091000,1,1,1,1,1,2258,1191,RILASCIO,0.320331
6.095000,1,1,1,1,1,2259,1191,RILASCIO,0.319665
6.099000,1,1,1,1,1,2260,1191,RILASCIO,0.318998
6.103000,1,1,1,1,1,2261,1191,RILASCIO,0.318331
6.107000,1,1,1,1,1,2262,1191,RILASCIO,0.317665
6.111000,1,1,1,1,1,2263,1191,RILASCIO,0.316998
6.115000,1,1,1,1,1,2264,1191,RILASCIO,0.316331
6.119000,1,1,1,1,1,2265,1191,RILASCIO,0.315665
6.123000,1,1,1,1,1,2266,1191,RILASCIO,0.314998
6.126000,1,1,1,1,1,2267,1191,RILASCIO,0.314498
6.130000,1,1,1,1,1,2268,1191,RILASCIO,0.313832
6.134000,1,1,1,1,1,2269,1191,RILASCIO,0.313165
6.138000,1,1,1,1,1,2270,1191,RILASCIO,0.312498
6.142000,1,1,1,1,1,2271,1191,RILASCIO,0.311832
6.146000,1,1,1,1,1,2272,1191,RILASCIO,0.311165
6.150000,1,1,1,1,1,2273,1191,RILASCIO,0.310499
6.154000,1,1,1,1,1,2274,1191,RILASCIO,0.309832
6.158000,1,1,1,1,1,2275,1191,RILASCIO,0.309165
6.162000,1,1,1,1,1,2276,1191,RILASCIO,0.308499
6.165000,1,1,1,1,1,2277,1191,RILASCIO,0.307999
6.169000,1,1,1,1,1,2278,1191,RILASCIO,0.307332
6.173000,1,1,1,1,1,2279,1191,RILASCIO,0.306665
6.177000,1,1,1,1,1,2280,1191,RILASCIO,0.305999
6.181000,1,1,1,1,1,2281,1191,RILASCIO,0.305332
6.185000,1,1,1,1,1,2282,1191,RILASCIO,0.304666
6.189000,1,1,1,1,1,2283,1191,RILASCIO,0.303999
6.193000,1,1,1,1,1,2284,1191,RILASCIO,0.303332
6.197000,1,1,1,1,1,2285,1191,RILASCIO,0.302666
6.200000,1,1,1,1,1,2286,1191,RILASCIO,0.302166
6.204000,1,1,1,1,1,2287,1191,RILASCIO,0.301499
6.208000,1,1,1,1,1,2288,1191,RILASCIO,0.300833
6.212000,1,1,1,1,1,2289,1191,RILASCIO,0.300166
6.216000,1,1,1,1,1,2290,1191,RILASCIO,0.299499
6.220000,1,1,1,1,1,2291,1191,RILASCIO,0.298833
6.224000,1,1,1,1,1,2292,1191,RILASCIO,0.298166
6.228000,1,1,1,1,1,2293,1191,RILASCIO,0.297499
6.232000,1,1,1,1,1,2294,1191,RILASCIO,0.296833
6.236000,1,1,1,1,1,2295,1191,RILASCIO,0.296166
6.239000,1,1,1,1,1,2296,1191,RILASCIO,0.295666
6.243000,1,1,1,1,1,2297,1191,RILASCIO,0.295000
6.247000,1,1,1,1,1,2298,1191,RILASCIO,0.294333
6.251000,1,1,1,1,1,2299,1191,RILASCIO,0.293666
6.255000,1,1,1,1,1,2300,1191,RILASCIO,0.293000
6.259000,1,1,1,1,1,2301,1191,RILASCIO,0.292333
6.263000,1,1,1,1,1,2302,1191,RILASCIO,0.291667
6.267000,1,1,1,1,1,2303,1191,RILASCIO,0.291000
6.271000,1,1,1,1,1,2304,1191,RILASCIO,0.290333
6.275000,1,1,1,1,1,2305,1191,RILASCIO,0.289667
6.278000,1,1,1,1,1,2306,1191,RILASCIO,0.289167
6.282000,1,1,1,1,1,2307,1191,RILASCIO,0.288500
6.286000,1,1,1,1,1,2308,1191,RILASCIO,0.287834
6.290000,1,1,1,1,1,2309,1191,RILASCIO,0.287167
6.294000,1,1,1,1,1,2310,1191,RILASCIO,0.286500
6.298000,1,1,1,1,1,2311,1191,RILASCIO,0.285834
6.302000,1,1,1,1,1,2312,1191,RILASCIO,0.285167
6.306000,1,1,1,1,1,2313,1191,RILASCIO,0.284500
6.310000,1,1,1,1,1,2314,1191,RILASCIO,0.283834
6.314000,1,1,1,1,1,2315,1191,RILASCIO,0.283167
6.317000,1,1,1,1,1,2316,1191,RILASCIO,0.282667
6.321000,1,1,1,1,1,2317,1191,RILASCIO,0.282001
6.325000,1,1,1,1,1,2318,1191,RILASCIO,0.281334
6.329000,1,1,1,1,1,2319,1191,RILASCIO,0.280667
6.333000,1,1,1,1,1,2320,1191,RILASCIO,0.280001
6.337000,1,1,1,1,1,2321,1191,RILASCIO,0.279334
6.341000,1,1,1,1,1,2322,1191,RILASCIO,0.278668
6.345000,1,1,1,1,1,2323,1191,RILASCIO,0.278001
6.349000,1,1,1,1,1,2324,1191,RILASCIO,0.277334
6.352000,1,1,1,1,1,2325,1191,RILASCIO,0.276834
6.356000,1,1,1,1,1,2326,1191,RILASCIO,0.276168
6.360000,1,1,1,1,1,2327,1191,RILASCIO,0.275501
6.364000,1,1,1,1,1,2328,1191,RILASCIO,0.274834
6.368000,1,1,1,1,1,2329,1191,RILASCIO,0.274168
6.372000,1,1,1,1,1,2330,1191,RILASCIO,0.273501
6.376000,1,1,1,1,1,2331,1191,RILASCIO,0.272835
6.380000,1,1,1,1,1,2332,1191,RILASCIO,0.272168
6.384000,1,1,1,1,1,2333,1191,RILASCIO,0.271501
6.388000,1,1,1,1,1,2334,1191,RILASCIO,0.270835
6.391000,1,1,1,1,1,2335,1191,RILASCIO,0.270335
6.395000,1,1,1,1,1,2336,1191,RILASCIO,0.269668
6.399000,1,1,1,1,1,2337,1191,RILASCIO,0.269002
6.403000,1,1,1,1,1,2338,1191,RILASCIO,0.268335
6.407000,1,1,1,1,1,2339,1191,RILASCIO,0.267668
6.411000,1,1,1,1,1,2340,1191,RILASCIO,0.267002
6.415000,1,1,1,1,1,2341,1191,RILASCIO,0.266335
6.419000,1,1,1,1,1,2342,1191,RILASCIO,0.265668
6.423000,1,1,1,1,1,2343,1191,RILASCIO,0.265002
6.427000,1,1,1,1,1,2344,1191,RILASCIO,0.264335
6.430000,1,1,1,1,1,2345,1191,RILASCIO,0.263835
6.434000,1,1,1,1,1,2346,1191,RILASCIO,0.263169
6.438000,1,1,1,1,1,2347,1191,RILASCIO,0.262502
6.442000,1,1,1,1,1,2348,1191,RILASCIO,0.261835
6.446000,1,1,1,1,1,2349,1191,RILASCIO,0.261169
6.450000,1,1,1,1,1,2350,1191,RILASCIO,0.260502
6.454000,1,1,1,1,1,2351,1191,RILASCIO,0.259836
6.458000,1,1,1,1,1,2352,1191,RILASCIO,0.259169
6.462000,1,1,1,1,1,2353,1191,RILASCIO,0.258502
6.465000,1,1,1,1,1,2354,1191,RILASCIO,0.258002
6.469000,1,1,1,1,1,2355,1191,RILASCIO,0.257336
6.473000,1,1,1,1,1,2356,1191,RILASCIO,0.256669
6.477000,1,1,1,1,1,2357,1191,RILASCIO,0.256002
6.481000,1,1,1,1,1,2358,1191,RILASCIO,0.255336
6.485000,1,1,1,1,1,2359,1191,RILASCIO,0.254669
6.489000,1,1,1,1,1,2360,1191,RILASCIO,0.254003
6.493000,1,1,1,1,1,2361,1191,RILASCIO,0.253336
6.497000,1,1,1,1,1,2362,1191,RILASCIO,0.252669
6.501000,1,1,1,1,1,2363,1191,RILASCIO,0.252003
6.504000,1,1,1,1,1,2364,1191,RILASCIO,0.251503
6.508000,1,1,1,1,1,2365,1191,RILASCIO,0.250836
6.512000,1,1,1,1,1,2366,1191,RILASCIO,0.250170
6.516000,1,1,1,1,1,2367,1191,RILASCIO,0.249503
6.520000,1,1,1,1,1,2368,1191,RILASCIO,0.248836
6.524000,1,1,1,1,1,2369,1191,RILASCIO,0.248170
6.528000,1,1,1,1,1,2370,1191,RILASCIO,0.247503
6.532000,1,1,1,1,1,2371,1191,RILASCIO,0.246836
6.536000,1,1,1,1,1,2372,1191,RILASCIO,0.246170
6.539000,1,1,1,1,1,2373,1191,RILASCIO,0.245670
6.543000,1,1,1,1,1,2374,1191,RILASCIO,0.245003
6.547000,1,1,1,1,1,2375,1191,RILASCIO,0.244336
6.551000,1,1,1,1,1,2376,1191,RILASCIO,0.243669
6.555000,1,1,1,1,1,2377,1191,RILASCIO,0.243003
6.559000,1,1,1,1,1,2378,1191,RILASCIO,0.242336
6.563000,1,1,1,1,1,2379,1191,RILASCIO,0.241669
6.567000,1,1,1,1,1,2380,1191,RILASCIO,0.241003
6.571000,1,1,1,1,1,2381,1191,RILASCIO,0.240336
6.575000,1,1,1,1,1,2382,1191,RILASCIO,0.239669
6.578000,1,1,1,1,1,2383,1191,RILASCIO,0.239169
6.582000,1,1,1,1,1,2384,1191,RILASCIO,0.238503
6.586000,1,1,1,1,1,2385,1191,RILASCIO,0.237836
6.590000,1,1,1,1,1,2386,1191,RILASCIO,0.237169
6.594000,1,1,1,1,1,2387,1191,RILASCIO,0.236503
6.598000,1,1,1,1,1,2388,1191,RILASCIO,0.235836
6.602000,1,1,1,1,1,2389,1191,RILASCIO,0.235169
6.606000,1,1,1,1,1,2390,1191,RILASCIO,0.234503
6.610000,1,1,1,1,1,2391,1191,RILASCIO,0.233836
6.613000,1,1,1,1,1,2392,1191,RILASCIO,0.233336
6.617000,1,1,1,1,1,2393,1191,RILASCIO,0.232669
6.621000,1,1,1,1,1,2394,1191,RILASCIO,0.232003
6.625000,1,1,1,1,1,2395,1191,RILASCIO,0.231336
6.629000,1,1,1,1,1,2396,1191,RILASCIO,0.230669
6.633000,1,1,1,1,1,2397,1191,RILASCIO,0.230003
6.637000,1,1,1,1,1,2398,1191,RILASCIO,0.229336
6.641000,1,1,1,1,1,2399,1191,RILASCIO,0.228669
6.645000,1,1,1,1,1,2400,1191,RILASCIO,0.228003
6.649000,1,1,1,1,1,2401,1191,RILASCIO,0.227336
6.652000,1,1,1,1,1,2402,1191,RILASCIO,0.226836
6.656000,1,1,1,1,1,2403,1191,RILASCIO,0.226169
6.660000,1,1,1,1,1,2404,1191,RILASCIO,0.225503
6.664000,1,1,1,1,1,2405,1191,RILASCIO,0.224836
6.668000,1,1,1,1,1,2406,1191,RILASCIO,0.224169
6.672000,1,1,1,1,1,2407,1191,RILASCIO,0.223502
6.676000,1,1,1,1,1,2408,1191,RILASCIO,0.222836
6.680000,1,1,1,1,1,2409,1191,RILASCIO,0.222169
6.684000,1,1,1,1,1,2410,1191,RILASCIO,0.221502
6.687000,1,1,1,1,1,2411,1191,RILASCIO,0.221002
6.691000,1,1,1,1,1,2412,1191,RILASCIO,0.220336
6.695000,1,1,1,1,1,2413,1191,RILASCIO,0.219669
6.699000,1,1,1,1,1,2414,1191,RILASCIO,0.219002
6.703000,1,1,1,1,1,2415,1191,RILASCIO,0.218336
6.707000,1,1,1,1,1,2416,1191,RILASCIO,0.217669
6.711000,1,1,1,1,1,2417,1191,RILASCIO,0.217002
6.715000,1,1,1,1,1,2418,1191,RILASCIO,0.216336
6.719000,1,1,1,1,1,2419,1191,RILASCIO,0.215669
6.722000,1,1,1,1,1,2420,1191,RILASCIO,0.215169
6.726000,1,1,1,1,1,2421,1191,RILASCIO,0.214502
6.730000,1,1,1,1,1,2422,1191,RILASCIO,0.213836
6.734000,1,1,1,1,1,2423,1191,RILASCIO,0.213169
6.738000,1,1,1,1,1,2424,1191,RILASCIO,0.212502
6.742000,1,1,1,1,1,2425,1191,RILASCIO,0.211836
6.746000,1,1,1,1,1,2426,1191,RILASCIO,0.211169
6.750000,1,1,1,1,1,2427,1191,RILASCIO,0.210502
6.754000,1,1,1,1,1,2428,1191,RILASCIO,0.209836
6.758000,1,1,1,1,1,2429,1191,RILASCIO,0.209169
6.761000,1,1,1,1,1,2430,1191,RILASCIO,0.208669
6.765000,1,1,1,1,1,2431,1191,RILASCIO,0.208002
6.769000,1,1,1,1,1,2432,1191,RILASCIO,0.207336
6.773000,1,1,1,1,1,2433,1191,RILASCIO,0.206669
6.777000,1,1,1,1,1,2434,1191,RILASCIO,0.206002
6.781000,1,1,1,1,1,2435,1191,RILASCIO,0.205335
6.785000,1,1,1,1,1,2436,1191,RILASCIO,0.204669
6.789000,1,1,1,1,1,2437,1191,RILASCIO,0.204002
6.793000,1,1,1,1,1,2438,1191,RILASCIO,0.203335
6.796000,1,1,1,1,1,2439,1191,RILASCIO,0.202835
6.800000,1,1,1,1,1,2440,1191,RILASCIO,0.202169
6.804000,1,1,1,1,1,2441,1191,RILASCIO,0.201502
6.808000,1,1,1,1,1,2442,1191,RILASCIO,0.200835
6.812000,1,1,1,1,1,2443,1191,RILASCIO,0.200169
6.816000,1,1,1,1,1,2444,1191,RILASCIO,0.199502
6.820000,1,1,1,1,1,2445,1191,RILASCIO,0.198835
6.824000,1,1,1,1,1,2446,1191,RILASCIO,0.198169
6.828000,1,1,1,1,1,2447,1191,RILASCIO,0.197502
6.831000,1,1,1,1,1,2448,1191,RILASCIO,0.197002
6.835000,1,1,1,1,1,2449,1191,RILASCIO,0.196335
6.839000,1,1,1,1,1,2450,1191,RILASCIO,0.195669
6.843000,1,1,1,1,1,2451,1191,RILASCIO,0.195002
6.847000,1,1,1,1,1,2452,1191,RILASCIO,0.194335
6.851000,1,1,1,1,1,2453,1191,RILASCIO,0.193669
6.855000,1,1,1,1,1,2454,1191,RILASCIO,0.193002
6.859000,1,1,1,1,1,2455,1191,RILASCIO,0.192335
6.863000,1,1,1,1,1,2456,1191,RILASCIO,0.191669
6.867000,1,1,1,1,1,2457,1191,RILASCIO,0.191002
6.870000,1,1,1,1,1,2458,1191,RILASCIO,0.190502
6.874000,1,1,1,1,1,2459,1191,RILASCIO,0.189835
6.878000,1,1,1,1,1,2460,1191,RILASCIO,0.189169
6.882000,1,1,1,1,1,2461,1191,RILASCIO,0.188502
6.886000,1,1,1,1,1,2462,1191,RILASCIO,0.187835
6.890000,1,1,1,1,1,2463,1191,RILASCIO,0.187169
6.894000,1,1,1,1,1,2464,1191,RILASCIO,0.186502
6.898000,1,1,1,1,1,2465,1191,RILASCIO,0.185835
6.902000,1,1,1,1,1,2466,1191,RILASCIO,0.185168
6.905000,1,1,1,1,1,2467,1191,RILASCIO,0.184668
6.909000,1,1,1,1,1,2468,1191,RILASCIO,0.184002
6.913000,1,1,1,1,1,2469,1191,RILASCIO,0.183335
6.917000,1,1,1,1,1,2470,1191,RILASCIO,0.182668
6.921000,1,1,1,1,1,2471,1191,RILASCIO,0.182002
6.925000,1,1,1,1,1,2472,1191,RILASCIO,0.181335
6.929000,1,1,1,1,1,2473,1191,RILASCIO,0.180668
6.933000,1,1,1,1,1,2474,1191,RILASCIO,0.180002
6.937000,1,1,1,1,1,2475,1191,RILASCIO,0.179335
6.940000,1,1,1,1,1,2476,1191,RILASCIO,0.178835
6.944000,1,1,1,1,1,2477,1191,RILASCIO,0.178168
6.948000,1,1,1,1,1,2478,1191,RILASCIO,0.177502
6.952000,1,1,1,1,1,2479,1191,RILASCIO,0.176835
6.956000,1,1,1,1,1,2480,1191,RILASCIO,0.176168
6.960000,1,1,1,1,1,2481,1191,RILASCIO,0.175502
6.964000,1,1,1,1,1,2482,1191,RILASCIO,0.174835
6.968000,1,1,1,1,1,2483,1191,RILASCIO,0.174168
6.972000,1,1,1,1,1,2484,1191,RILASCIO,0.173502
6.975000,1,1,1,1,1,2485,1191,RILASCIO,0.173002
6.979000,1,1,1,1,1,2486,1191,RILASCIO,0.172335
6.983000,1,1,1,1,1,2487,1191,RILASCIO,0.171668
6.987000,1,1,1,1,1,2488,1191,RILASCIO,0.171002
6.991000,1,1,1,1,1,2489,1191,RILASCIO,0.170335
6.995000,1,1,1,1,1,2490,1191,RILASCIO,0.169668
6.999000,1,1,1,1,1,2491,1191,RILASCIO,0.169002
7.003000,1,1,1,1,1,2492,1191,RILASCIO,0.168335
7.007000,1,1,1,1,1,2493,1191,RILASCIO,0.167668
7.010000,1,1,1,1,1,2494,1191,RILASCIO,0.167168
7.014000,1,1,1,1,1,2495,1191,RILASCIO,0.166502
7.018000,1,1,1,1,1,2496,1191,RILASCIO,0.165835
7.022000,1,1,1,1,1,2497,1191,RILASCIO,0.165168
7.026000,1,1,1,1,1,2498,1191,RILASCIO,0.164501
7.030000,1,1,1,1,1,2499,1191,RILASCIO,0.163835
7.034000,1,1,1,1,1,2500,1191,RILASCIO,0.163168
7.038000,1,1,1,1,1,2501,1191,RILASCIO,0.162501
7.042000,1,1,1,1,1,2502,1191,RILASCIO,0.161835
7.045000,1,1,1,1,1,2503,1191,RILASCIO,0.161335
7.049000,1,1,1,1,1,2504,1191,RILASCIO,0.160668
7.053000,1,1,1,1,1,2505,1191,RILASCIO,0.160001
7.057000,1,1,1,1,1,2506,1191,RILASCIO,0.159335
7.061000,1,1,1,1,1,2507,1191,RILASCIO,0.158668
7.065000,1,1,1,1,1,2508,1191,RILASCIO,0.158001
7.069000,1,1,1,1,1,2509,1191,RILASCIO,0.157335
7.073000,1,1,1,1,1,2510,1191,RILASCIO,0.156668
7.077000,1,1,1,1,1,2511,1191,RILASCIO,0.156001
7.080000,1,1,1,1,1,2512,1191,RILASCIO,0.155501
7.084000,1,1,1,1,1,2513,1191,RILASCIO,0.154835
7.088000,1,1,1,1,1,2514,1191,RILASCIO,0.154168
7.092000,1,1,1,1,1,2515,1191,RILASCIO,0.153501
7.096000,1,1,1,1,1,2516,1191,RILASCIO,0.152835
7.100000,1,1,1,1,1,2517,1191,RILASCIO,0.152168
7.104000,1,1,1,1,1,2518,1191,RILASCIO,0.151501
7.108000,1,1,1,1,1,2519,1191,RILASCIO,0.150835
7.112000,1,1,1,1,1,2520,1191,RILASCIO,0.150168
7.115000,1,1,1,1,1,2521,1191,RILASCIO,0.149668
7.119000,1,1,1,1,1,2522,1191,RILASCIO,0.149001
7.123000,1,1,1,1,1,2523,1191,RILASCIO,0.148335
7.127000,1,1,1,1,1,2524,1191,RILASCIO,0.147668
7.131000,1,1,1,1,1,2525,1191,RILASCIO,0.147001
7.135000,1,1,1,1,1,2526,1191,RILASCIO,0.146334
7.139000,1,1,1,1,1,2527,1191,RILASCIO,0.145668
7.143000,1,1,1,1,1,2528,1191,RILASCIO,0.145001
7.147000,1,1,1,1,1,2529,1191,RILASCIO,0.144334
7.150000,1,1,1,1,1,2530,1191,RILASCIO,0.143834
7.154000,1,1,1,1,1,2531,1191,RILASCIO,0.143168
7.158000,1,1,1,1,1,2532,1191,RILASCIO,0.142501
7.162000,1,1,1,1,1,2533,1191,RILASCIO,0.141834
7.166000,1,1,1,1,1,2534,1191,RILASCIO,0.141168
7.170000,1,1,1,1,1,2535,1191,RILASCIO,0.140501
7.174000,1,1,1,1,1,2536,1191,RILASCIO,0.139834
7.178000,1,1,1,1,1,2537,1191,RILASCIO,0.139168
7.182000,1,1,1,1,1,2538,1191,RILASCIO,0.138501
7.185000,1,1,1,1,1,2539,1191,RILASCIO,0.138001
7.189000,1,1,1,1,1,2540,1191,RILASCIO,0.137334
7.193000,1,1,1,1,1,2541,1191,RILASCIO,0.136668
7.197000,1,1,1,1,1,2542,1191,RILASCIO,0.136001
7.201000,1,1,1,1,1,2543,1191,RILASCIO,0.135334
7.205000,1,1,1,1,1,2544,1191,RILASCIO,0.134668
7.209000,1,1,1,1,1,2545,1191,RILASCIO,0.134001
7.213000,1,1,1,1,1,2546,1191,RILASCIO,0.133334
7.217000,1,1,1,1,1,2547,1191,RILASCIO,0.132668
7.220000,1,1,1,1,1,2548,1191,RILASCIO,0.132168
7.224000,1,1,1,1,1,2549,1191,RILASCIO,0.131501
7.228000,1,1,1,1,1,2550,1191,RILASCIO,0.130834
7.232000,1,1,1,1,1,2551,1191,RILASCIO,0.130168
7.236000,1,1,1,1,1,2552,1191,RILASCIO,0.129501
7.240000,1,1,1,1,1,2553,1191,RILASCIO,0.128834
7.244000,1,1,1,1,1,2554,1191,RILASCIO,0.128168
7.248000,1,1,1,1,1,2555,1191,RILASCIO,0.127501
7.251000,1,1,1,1,1,2556,1191,RILASCIO,0.127001
7.255000,1,1,1,1,1,2557,1191,RILASCIO,0.126334
7.259000,1,1,1,1,1,2558,1191,RILASCIO,0.125667
7.263000,1,1,1,1,1,2559,1191,RILASCIO,0.125001
7.267000,1,1,1,1,1,2560,1191,RILASCIO,0.124334
7.271000,1,1,1,1,1,2561,1191,RILASCIO,0.123667
7.275000,1,1,1,1,1,2562,1191,RILASCIO,0.123001
7.279000,1,1,1,1,1,2563,1191,RILASCIO,0.122334
7.283000,1,1,1,1,1,2564,1191,RILASCIO,0.121667
7.286000,1,1,1,1,1,2565,1191,RILASCIO,0.121167
7.290000,1,1,1,1,1,2566,1191,RILASCIO,0.120501
7.294000,1,1,1,1,1,2567,1191,RILASCIO,0.119834
7.298000,1,1,1,1,1,2568,1191,RILASCIO,0.119167
7.302000,1,1,1,1,1,2569,1191,RILASCIO,0.118501
7.306000,1,1,1,1,1,2570,1191,RILASCIO,0.117834
7.310000,1,1,1,1,1,2571,1191,RILASCIO,0.117167
7.314000,1,1,1,1,1,2572,1191,RILASCIO,0.116501
7.317000,1,1,1,1,1,2573,1191,RILASCIO,0.116001
7.321000,1,1,1,1,1,2574,1191,RILASCIO,0.115334
7.325000,1,1,1,1,1,2575,1191,RILASCIO,0.114667
7.329000,1,1,1,1,1,2576,1191,RILASCIO,0.114001
7.333000,1,1,1,1,1,2577,1191,RILASCIO,0.113334
7.337000,1,1,1,1,1,2578,1191,RILASCIO,0.112667
7.341000,1,1,1,1,1,2579,1191,RILASCIO,0.112001
7.345000,1,1,1,1,1,2580,1191,RILASCIO,0.111334
7.349000,1,1,1,1,1,2581,1191,RILASCIO,0.110667
7.352000,1,1,1,1,1,2582,1191,RILASCIO,0.110167
7.356000,1,1,1,1,1,2583,1191,RILASCIO,0.109501
7.360000,1,1,1,1,1,2584,1191,RILASCIO,0.108834
7.364000,1,1,1,1,1,2585,1191,RILASCIO,0.108167
7.368000,1,1,1,1,1,2586,1191,RILASCIO,0.107501
7.372000,1,1,1,1,1,2587,1191,RILASCIO,0.106834
7.376000,1,1,1,1,1,2588,1191,RILASCIO,0.106167
7.380000,1,1,1,1,1,2589,1191,RILASCIO,0.105500
7.383000,1,1,1,1,1,2590,1191,RILASCIO,0.105000
7.387000,1,1,1,1,1,2591,1191,RILASCIO,0.104334
7.391000,1,1,1,1,1,2592,1191,RILASCIO,0.103667
7.395000,1,1,1,1,1,2593,1191,RILASCIO,0.103000
7.399000,1,1,1,1,1,2594,1191,RILASCIO,0.102334
7.403000,1,1,1,1,1,2595,1191,RILASCIO,0.101667
7.407000,1,1,1,1,1,2596,1191,RILASCIO,0.101000
7.411000,1,1,1,1,1,2597,1191,RILASCIO,0.100334
7.414000,1,1,1,1,1,2598,1191,RILASCIO,0.099834
7.415000,1,1,1,1,1,2599,1191,RILASCIO,0.099667
7.416000,1,1,1,1,1,2600,1191,RILASCIO,0.099500
7.417000,1,1,1,1,1,2601,1191,RILASCIO,0.099334
7.418000,1,1,1,1,1,2602,1191,RILASCIO,0.099167
7.419000,1,1,1,1,1,2603,1191,RILASCIO,0.099000
7.420000,1,1,1,1,1,2604,1191,RILASCIO,0.098834
7.421000,1,1,1,1,1,2605,1191,RILASCIO,0.098667
7.422000,1,1,1,1,1,2606,1191,RILASCIO,0.098500
7.423000,1,1,1,1,1,2607,1191,RILASCIO,0.098334
7.424000,1,1,1,1,1,2608,1191,RILASCIO,0.098167
7.425000,1,1,1,1,1,2609,1191,RILASCIO,0.098000
7.426000,1,1,1,1,1,2610,1191,RILASCIO,0.097834
7.427000,1,1,1,1,1,2611,1191,RILASCIO,0.097667
7.428000,1,1,1,1,1,2612,1191,RILASCIO,0.097500
7.429000,1,1,1,1,1,2613,1191,RILASCIO,0.097334
7.430000,1,1,1,1,1,2614,1191,RILASCIO,0.097167
7.431000,1,1,1,1,1,2615,1191,RILASCIO,0.097000
7.432000,1,1,1,1,1,2616,1191,RILASCIO,0.096834
7.433000,1,1,1,1,1,2617,1191,RILASCIO,0.096667
7.434000,1,1,1,1,1,2618,1191,RILASCIO,0.096500
7.435000,1,1,1,1,1,2619,1191,RILASCIO,0.096334
7.436000,1,1,1,1,1,2620,1191,RILASCIO,0.096167
7.437000,1,1,1,1,1,2621,1191,RILASCIO,0.096000
7.438000,1,1,1,1,1,2622,1191,RILASCIO,0.095834
7.439000,1,1,1,1,1,2623,1191,RILASCIO,0.095667
7.440000,1,1,1,1,1,2624,1191,RILASCIO,0.095500
7.441000,1,1,1,1,1,2625,1191,RILASCIO,0.095334
7.443000,1,1,1,1,1,2626,1191,RILASCIO,0.095000
7.444000,1,1,1,1,1,2627,1191,RILASCIO,0.094834
7.445000,1,1,1,1,1,2628,1191,RILASCIO,0.094667
7.446000,1,1,1,1,1,2629,1191,RILASCIO,0.094500
7.447000,1,1,1,1,1,2630,1191,RILASCIO,0.094334
7.448000,1,1,1,1,1,2631,1191,RILASCIO,0.094167
7.449000,1,1,1,1,1,2632,1191,RILASCIO,0.094000
7.450000,1,1,1,1,1,2633,1191,RILASCIO,0.093834
7.451000,1,1,1,1,1,2634,1191,RILASCIO,0.093667
7.452000,1,1,1,1,1,2635,1191,RILASCIO,0.093500
7.453000,1,1,1,1,1,2636,1191,RILASCIO,0.093334
7.454000,1,1,1,1,1,2637,1191,RILASCIO,0.093167
7.455000,1,1,1,1,1,2638,1191,RILASCIO,0.093000
7.456000,1,1,1,1,1,2639,1191,RILASCIO,0.092834
7.457000,1,1,1,1,1,2640,1191,RILASCIO,0.092667
7.458000,1,1,1,1,1,2641,1191,RILASCIO,0.092500
7.459000,1,1,1,1,1,2642,1191,RILASCIO,0.092334
7.460000,1,1,1,1,1,2643,1191,RILASCIO,0.092167
7.461000,1,1,1,1,1,2644,1191,RILASCIO,0.092000
7.462000,1,1,1,1,1,2645,1191,RILASCIO,0.091834
7.463000,1,1,1,1,1,2646,1191,RILASCIO,0.091667
7.464000,1,1,1,1,1,2647,1191,RILASCIO,0.091500
7.465000,1,1,1,1,1,2648,1191,RILASCIO,0.091334
7.466000,1,1,1,1,1,2649,1191,RILASCIO,0.091167
7.467000,1,1,1,1,1,2650,1191,RILASCIO,0.091000
7.468000,1,1,1,1,1,2651,1191,RILASCIO,0.090834
7.469000,1,1,1,1,1,2652,1191,RILASCIO,0.090667
7.470000,1,1,1,1,1,2653,1191,RILASCIO,0.090500
7.471000,1,1,1,1,1,2654,1191,RILASCIO,0.090334
7.472000,1,1,1,1,1,2655,1191,RILASCIO,0.090167
7.473000,1,1,1,1,1,2656,1191,RILASCIO,0.090000
7.474000,1,1,1,1,1,2657,1191,RILASCIO,0.089834
7.475000,1,1,1,1,1,2658,1191,RILASCIO,0.089667
7.476000,1,1,1,1,1,2659,1191,RILASCIO,0.089500
7.477000,1,1,1,1,1,2660,1191,RILASCIO,0.089334
7.478000,1,1,1,1,1,2661,1191,RILASCIO,0.089167
7.479000,1,1,1,1,1,2662,1191,RILASCIO,0.089000
7.480000,1,1,1,1,1,2663,1191,RILASCIO,0.088834
7.481000,1,1,1,1,1,2664,1191,RILASCIO,0.088667
7.482000,1,1,1,1,1,2665,1191,RILASCIO,0.088500
7.484000,1,1,1,1,1,2666,1191,RILASCIO,0.088167
7.485000,1,1,1,1,1,2667,1191,RILASCIO,0.088000
7.486000,1,1,1,1,1,2668,1191,RILASCIO,0.087834
7.487000,1,1,1,1,1,2669,1191,RILASCIO,0.087667
7.488000,1,1,1,1,1,2670,1191,RILASCIO,0.087500
7.489000,1,1,1,1,1,2671,1191,RILASCIO,0.087334
7.490000,1,1,1,1,1,2672,1191,RILASCIO,0.087167
7.491000,1,1,1,1,1,2673,1191,RILASCIO,0.087000
7.492000,1,1,1,1,1,2674,1191,RILASCIO,0.086833
7.493000,1,1,1,1,1,2675,1191,RILASCIO,0.086667
7.494000,1,1,1,1,1,2676,1191,RILASCIO,0.086500
7.495000,1,1,1,1,1,2677,1191,RILASCIO,0.086333
7.496000,1,1,1,1,1,2678,1191,RILASCIO,0.086167
7.497000,1,1,1,1,1,2679,1191,RILASCIO,0.086000
7.498000,1,1,1,1,1,2680,1191,RILASCIO,0.085833
7.499000,1,1,1,1,1,2681,1191,RILASCIO,0.085667
7.500000,1,1,1,1,1,2682,1191,RILASCIO,0.085500
7.501000,1,1,1,1,1,2683,1191,RILASCIO,0.085333
7.502000,1,1,1,1,1,2684,1191,RILASCIO,0.085167
7.503000,1,1,1,1,1,2685,1191,RILASCIO,0.085000
7.504000,1,1,1,1,1,2686,1191,RILASCIO,0.084833
7.505000,1,1,1,1,1,2687,1191,RILASCIO,0.084667
7.506000,1,1,1,1,1,2688,1191,RILASCIO,0.084500
7.507000,1,1,1,1,1,2689,1191,RILASCIO,0.084333
7.508000,1,1,1,1,1,2690,1191,RILASCIO,0.084167
7.509000,1,1,1,1,1,2691,1191,RILASCIO,0.084000
7.510000,1,1,1,1,1,2692,1191,RILASCIO,0.083833
7.511000,1,1,1,1,1,2693,1191,RILASCIO,0.083667
7.512000,1,1,1,1,1,2694,1191,RILASCIO,0.083500
7.513000,1,1,1,1,1,2695,1191,RILASCIO,0.083333
7.514000,1,1,1,1,1,2696,1191,RILASCIO,0.083167
7.515000,1,1,1,1,1,2697,1191,RILASCIO,0.083000
7.516000,1,1,1,1,1,2698,1191,RILASCIO,0.082833
7.517000,1,1,1,1,1,2699,1191,RILASCIO,0.082667
7.518000,1,1,1,1,1,2700,1191,RILASCIO,0.082500
7.519000,1,1,1,1,1,2701,1191,RILASCIO,0.082333
7.520000,1,1,1,1,1,2702,1191,RILASCIO,0.082167
7.521000,1,1,1,1,1,2703,1191,RILASCIO,0.082000
7.522000,1,1,1,1,1,2704,1191,RILASCIO,0.081833
7.523000,1,1,1,1,1,2705,1191,RILASCIO,0.081667
7.524000,1,1,1,1,1,2706,1191,RILASCIO,0.081500
7.525000,1,1,1,1,1,2707,1191,RILASCIO,0.081333
7.526000,1,1,1,1,1,2708,1191,RILASCIO,0.081167
7.527000,1,1,1,1,1,2709,1191,RILASCIO,0.081000
7.529000,1,1,1,1,1,2710,1191,RILASCIO,0.080667
7.530000,1,1,1,1,1,2711,1191,RILASCIO,0.080500
7.531000,1,1,1,1,1,2712,1191,RILASCIO,0.080333
7.532000,1,1,1,1,1,2713,1191,RILASCIO,0.080167
7.533000,1,1,1,1,1,2714,1191,RILASCIO,0.080000
7.534000,1,1,1,1,1,2715,1191,RILASCIO,0.079833
7.535000,1,1,1,1,1,2716,1191,RILASCIO,0.079667
7.536000,1,1,1,1,1,2717,1191,RILASCIO,0.079500
7.537000,1,1,1,1,1,2718,1191,RILASCIO,0.079333
7.538000,1,1,1,1,1,2719,1191,RILASCIO,0.079167
7.539000,1,1,1,1,1,2720,1191,RILASCIO,0.079000
7.540000,1,1,1,1,1,2721,1191,RILASCIO,0.078833
7.541000,1,1,1,1,1,2722,1191,RILASCIO,0.078667
7.542000,1,1,1,1,1,2723,1191,RILASCIO,0.078500
7.543000,1,1,1,1,1,2724,1191,RILASCIO,0.078333
7.544000,1,1,1,1,1,2725,1191,RILASCIO,0.078167
7.545000,1,1,1,1,1,2726,1191,RILASCIO,0.078000
7.546000,1,1,1,1,1,2727,1191,RILASCIO,0.077833
7.547000,1,1,1,1,1,2728,1191,RILASCIO,0.077667
7.548000,1,1,1,1,1,2729,1191,RILASCIO,0.077500
7.549000,1,1,1,1,1,2730,1191,RILASCIO,0.077333
7.550000,1,1,1,1,1,2731,1191,RILASCIO,0.077167
7.551000,1,1,1,1,1,2732,1191,RILASCIO,0.077000
7.552000,1,1,1,1,1,2733,1191,RILASCIO,0.076833
7.553000,1,1,1,1,1,2734,1191,RILASCIO,0.076667
7.554000,1,1,1,1,1,2735,1191,RILASCIO,0.076500
7.555000,1,1,1,1,1,2736,1191,RILASCIO,0.076333
7.556000,1,1,1,1,1,2737,1191,RILASCIO,0.076167
7.557000,1,1,1,1,1,2738,1191,RILASCIO,0.076000
7.558000,1,1,1,1,1,2739,1191,RILASCIO,0.075833
7.559000,1,1,1,1,1,2740,1191,RILASCIO,0.075667
7.560000,1,1,1,1,1,2741,1191,RILASCIO,0.075500
7.561000,1,1,1,1,1,2742,1191,RILASCIO,0.075333
7.562000,1,1,1,1,1,2743,1191,RILASCIO,0.075167
7.563000,1,1,1,1,1,2744,1191,RILASCIO,0.075000
7.564000,1,1,1,1,1,2745,1191,RILASCIO,0.074833
7.565000,1,1,1,1,1,2746,1191,RILASCIO,0.074667
7.566000,1,1,1,1,1,2747,1191,RILASCIO,0.074500
7.567000,1,1,1,1,1,2748,1191,RILASCIO,0.074333
7.568000,1,1,1,1,1,2749,1191,RILASCIO,0.074167
7.569000,1,1,1,1,1,2750,1191,RILASCIO,0.074000
7.570000,1,1,1,1,1,2751,1191,RILASCIO,0.073833
7.571000,1,1,1,1,1,2752,1191,RILASCIO,0.073667
7.572000,1,1,1,1,1,2753,1191,RILASCIO,0.073500
7.573000,1,1,1,1,1,2754,1191,RILASCIO,0.073333
7.574000,1,1,1,1,1,2755,1191,RILASCIO,0.073167
7.575000,1,1,1,1,1,2756,1191,RILASCIO,0.073000
7.576000,1,1,1,1,1,2757,1191,RILASCIO,0.072833
7.577000,1,1,1,1,1,2758,1191,RILASCIO,0.072667
7.578000,1,1,1,1,1,2759,1191,RILASCIO,0.072500
7.579000,1,1,1,1,1,2760,1191,RILASCIO,0.072333
7.580000,1,1,1,1,1,2761,1191,RILASCIO,0.072167
7.581000,1,1,1,1,1,2762,1191,RILASCIO,0.072000
7.582000,1,1,1,1,1,2763,1191,RILASCIO,0.071833
7.584000,1,1,1,1,1,2764,1191,RILASCIO,0.071500
7.585000,1,1,1,1,1,2765,1191,RILASCIO,0.071333
7.586000,1,1,1,1,1,2766,1191,RILASCIO,0.071167
7.587000,1,1,1,1,1,2767,1191,RILASCIO,0.071000
7.588000,1,1,1,1,1,2768,1191,RILASCIO,0.070833
7.589000,1,1,1,1,1,2769,1191,RILASCIO,0.070667
7.590000,1,1,1,1,1,2770,1191,RILASCIO,0.070500
7.591000,1,1,1,1,1,2771,1191,RILASCIO,0.070333
7.592000,1,1,1,1,1,2772,1191,RILASCIO,0.070167
7.593000,1,1,1,1,1,2773,1191,RILASCIO,0.070000
7.594000,1,1,1,1,1,2774,1191,RILASCIO,0.069833
7.595000,1,1,1,1,1,2775,1191,RILASCIO,0.069667
7.596000,1,1,1,1,1,2776,1191,RILASCIO,0.069500
7.597000,1,1,1,1,1,2777,1191,RILASCIO,0.069333
7.598000,1,1,1,1,1,2778,1191,RILASCIO,0.069167
7.599000,1,1,1,1,1,2779,1191,RILASCIO,0.069000
7.600000,1,1,1,1,1,2780,1191,RILASCIO,0.068833
7.601000,1,1,1,1,1,2781,1191,RILASCIO,0.068667
7.602000,1,1,1,1,1,2782,1191,RILASCIO,0.068500
7.603000,1,1,1,1,1,2783,1191,RILASCIO,0.068333
7.604000,1,1,1,1,1,2784,1191,RILASCIO,0.068167
7.605000,1,1,1,1,1,2785,1191,RILASCIO,0.068000
7.606000,1,1,1,1,1,2786,1191,RILASCIO,0.067833
7.607000,1,1,1,1,1,2787,1191,RILASCIO,0.067667
7.608000,1,1,1,1,1,2788,1191,RILASCIO,0.067500
7.609000,1,1,1,1,1,2789,1191,RILASCIO,0.067333
7.610000,1,1,1,1,1,2790,1191,RILASCIO,0.067166
7.611000,1,1,1,1,1,2791,1191,RILASCIO,0.067000
7.612000,1,1,1,1,1,2792,1191,RILASCIO,0.066833
7.613000,1,1,1,1,1,2793,1191,RILASCIO,0.066666
7.614000,1,1,1,1,1,2794,1191,RILASCIO,0.066500
7.615000,1,1,1,1,1,2795,1191,RILASCIO,0.066333
7.616000,1,1,1,1,1,2796,1191,RILASCIO,0.066166
7.617000,1,1,1,1,1,2797,1191,RILASCIO,0.066000
7.618000,1,1,1,1,1,2798,1191,RILASCIO,0.065833
7.619000,1,1,1,1,1,2799,1191,RILASCIO,0.065666
7.620000,1,1,1,1,1,2800,1191,RILASCIO,0.065500
7.621000,1,1,1,1,1,2801,1191,RILASCIO,0.065333
7.622000,1,1,1,1,1,2802,1191,RILASCIO,0.065166
7.623000,1,1,1,1,1,2803,1191,RILASCIO,0.065000
7.624000,1,1,1,1,1,2804,1191,RILASCIO,0.064833
7.625000,1,1,1,1,1,2805,1191,RILASCIO,0.064666
7.626000,1,1,1,1,1,2806,1191,RILASCIO,0.064500
7.627000,1,1,1,1,1,2807,1191,RILASCIO,0.064333
7.628000,1,1,1,1,1,2808,1191,RILASCIO,0.064166
7.629000,1,1,1,1,1,2809,1191,RILASCIO,0.064000
7.630000,1,1,1,1,1,2810,1191,RILASCIO,0.063833
7.631000,1,1,1,1,1,2811,1191,RILASCIO,0.063666
7.632000,1,1,1,1,1,2812,1191,RILASCIO,0.063500
7.633000,1,1,1,1,1,2813,1191,RILASCIO,0.063333
7.634000,1,1,1,1,1,2814,1191,RILASCIO,0.063166
7.635000,1,1,1,1,1,2815,1191,RILASCIO,0.063000
7.636000,1,1,1,1,1,2816,1191,RILASCIO,0.062833
7.637000,1,1,1,1,1,2817,1191,RILASCIO,0.062666
7.638000,1,1,1,1,1,2818,1191,RILASCIO,0.062500
7.639000,1,1,1,1,1,2819,1191,RILASCIO,0.062333
7.640000,1,1,1,1,1,2820,1191,RILASCIO,0.062166
7.641000,1,1,1,1,1,2821,1191,RILASCIO,0.062000
7.642000,1,1,1,1,1,2822,1191,RILASCIO,0.061833
7.643000,1,1,1,1,1,2823,1191,RILASCIO,0.061666
7.644000,1,1,1,1,1,2824,1191,RILASCIO,0.061500
7.645000,1,1,1,1,1,2825,1191,RILASCIO,0.061333
7.646000,1,1,1,1,1,2826,1191,RILASCIO,0.061166
7.647000,1,1,1,1,1,2827,1191,RILASCIO,0.061000
7.648000,1,1,1,1,1,2828,1191,RILASCIO,0.060833
7.649000,1,1,1,1,1,2829,1191,RILASCIO,0.060666
7.650000,1,1,1,1,1,2830,1191,RILASCIO,0.060500
7.651000,1,1,1,1,1,2831,1191,RILASCIO,0.060333
7.652000,1,1,1,1,1,2832,1191,RILASCIO,0.060166
7.653000,1,1,1,1,1,2833,1191,RILASCIO,0.060000
7.654000,1,1,1,1,1,2834,1191,RILASCIO,0.059833
7.655000,1,1,1,1,1,2835,1191,RILASCIO,0.059666
7.656000,1,1,1,1,1,2836,1191,RILASCIO,0.059500
7.657000,1,1,1,1,1,2837,1191,RILASCIO,0.059333
7.658000,1,1,1,1,1,2838,1191,RILASCIO,0.059166
7.659000,1,1,1,1,1,2839,1191,RILASCIO,0.059000
7.660000,1,1,1,1,1,2840,1191,RILASCIO,0.058833
7.661000,1,1,1,1,1,2841,1191,RILASCIO,0.058666
7.662000,1,1,1,1,1,2842,1191,RILASCIO,0.058500
7.663000,1,1,1,1,1,2843,1191,RILASCIO,0.058333
7.664000,1,1,1,1,1,2844,1191,RILASCIO,0.058166
7.665000,1,1,1,1,1,2845,1191,RILASCIO,0.058000
7.666000,1,1,1,1,1,2846,1191,RILASCIO,0.057833
7.667000,1,1,1,1,1,2847,1191,RILASCIO,0.057666
7.668000,1,1,1,1,1,2848,1191,RILASCIO,0.057500
7.669000,1,1,1,1,1,2849,1191,RILASCIO,0.057333
7.670000,1,1,1,1,1,2850,1191,RILASCIO,0.057166
7.671000,1,1,1,1,1,2851,1191,RILASCIO,0.057000
7.672000,1,1,1,1,1,2852,1191,RILASCIO,0.056833
7.673000,1,1,1,1,1,2853,1191,RILASCIO,0.056666
7.674000,1,1,1,1,1,2854,1191,RILASCIO,0.056500
7.675000,1,1,1,1,1,2855,1191,RILASCIO,0.056333
7.676000,1,1,1,1,1,2856,1191,RILASCIO,0.056166
7.677000,1,1,1,1,1,2857,1191,RILASCIO,0.056000
7.678000,1,1,1,1,1,2858,1191,RILASCIO,0.055833
7.679000,1,1,1,1,1,2859,1191,RILASCIO,0.055666
7.680000,1,1,1,1,1,2860,1191,RILASCIO,0.055500
7.681000,1,1,1,1,1,2861,1191,RILASCIO,0.055333
7.682000,1,1,1,1,1,2862,1191,RILASCIO,0.055166
7.683000,1,1,1,1,1,2863,1191,RILASCIO,0.055000
7.684000,1,1,1,1,1,2864,1191,RILASCIO,0.054833
7.685000,1,1,1,1,1,2865,1191,RILASCIO,0.054666
7.686000,1,1,1,1,1,2866,1191,RILASCIO,0.054500
7.687000,1,1,1,1,1,2867,1191,RILASCIO,0.054333
7.688000,1,1,1,1,1,2868,1191,RILASCIO,0.054166
7.689000,1,1,1,1,1,2869,1191,RILASCIO,0.054000
7.690000,1,1,1,1,1,2870,1191,RILASCIO,0.053833
7.691000,1,1,1,1,1,2871,1191,RILASCIO,0.053666
7.692000,1,1,1,1,1,2872,1191,RILASCIO,0.053500
7.693000,1,1,1,1,1,2873,1191,RILASCIO,0.053333
7.694000,1,1,1,1,1,2874,1191,RILASCIO,0.053166
7.695000,1,1,1,1,1,2875,1191,RILASCIO,0.053000
7.696000,1,1,1,1,1,2876,1191,RILASCIO,0.052833
7.697000,1,1,1,1,1,2877,1191,RILASCIO,0.052666
7.698000,1,1,1,1,1,2878,1191,RILASCIO,0.052500
7.699000,1,1,1,1,1,2879,1191,RILASCIO,0.052333
7.700000,1,1,1,1,1,2880,1191,RILASCIO,0.052166
7.701000,1,1,1,1,1,2881,1191,RILASCIO,0.052000
7.702000,1,1,1,1,1,2882,1191,RILASCIO,0.051833
7.703000,1,1,1,1,1,2883,1191,RILASCIO,0.051666
7.704000,1,1,1,1,1,2884,1191,RILASCIO,0.051500
7.705000,1,1,1,1,1,2885,1191,RILASCIO,0.051333
7.706000,1,1,1,1,1,2886,1191,RILASCIO,0.051166
7.707000,1,1,1,1,1,2887,1191,RILASCIO,0.051000
7.708000,1,1,1,1,1,2888,1191,RILASCIO,0.050833
7.709000,1,1,1,1,1,2889,1191,RILASCIO,0.050666
7.710000,1,1,1,1,1,2890,1191,RILASCIO,0.050500
7.711000,1,1,1,1,1,2891,1191,RILASCIO,0.050333
7.712000,1,1,1,1,1,2892,1191,RILASCIO,0.050166
7.713000,1,1,1,1,1,2893,1191,RILASCIO,0.050000
7.714000,1,1,1,1,1,2894,1191,RILASCIO,0.049833
7.715000,1,1,1,1,1,2895,1191,RILASCIO,0.049666
7.716000,1,1,1,1,1,2896,1191,RILASCIO,0.049500
7.717000,1,1,1,1,1,2897,1191,RILASCIO,0.049333
7.718000,1,1,1,1,1,2898,1191,RILASCIO,0.049166
7.719000,1,1,1,1,1,2899,1191,RILASCIO,0.049000
7.720000,1,1,1,1,1,2900,1191,RILASCIO,0.048833
7.721000,1,1,1,1,1,2901,1191,RILASCIO,0.048666
7.722000,1,1,1,1,1,2902,1191,RILASCIO,0.048500
7.723000,1,1,1,1,1,2903,1191,RILASCIO,0.048333
7.724000,1,1,1,1,1,2904,1191,RILASCIO,0.048166
7.725000,1,1,1,1,1,2905,1191,RILASCIO,0.048000
7.726000,1,1,1,1,1,2906,1191,RILASCIO,0.047833
7.727000,1,1,1,1,1,2907,1191,RILASCIO,0.047666
7.728000,1,1,1,1,1,2908,1191,RILASCIO,0.047500
7.729000,1,1,1,1,1,2909,1191,RILASCIO,0.047333
7.730000,1,1,1,1,1,2910,1191,RILASCIO,0.047167
7.731000,1,1,1,1,1,2911,1191,RILASCIO,0.047000
7.732000,1,1,1,1,1,2912,1191,RILASCIO,0.046833
7.733000,1,1,1,1,1,2913,1191,RILASCIO,0.046667
7.734000,1,1,1,1,1,2914,1191,RILASCIO,0.046500
7.735000,1,1,1,1,1,2915,1191,RILASCIO,0.046333
7.736000,1,1,1,1,1,2916,1191,RILASCIO,0.046167
7.737000,1,1,1,1,1,2917,1191,RILASCIO,0.046000
7.738000,1,1,1,1,1,2918,1191,RILASCIO,0.045833
7.739000,1,1,1,1,1,2919,1191,RILASCIO,0.045667
7.740000,1,1,1,1,1,2920,1191,RILASCIO,0.045500
7.741000,1,1,1,1,1,2921,1191,RILASCIO,0.045333
7.742000,1,1,1,1,1,2922,1191,RILASCIO,0.045167
7.743000,1,1,1,1,1,2923,1191,RILASCIO,0.045000
7.744000,1,1,1,1,1,2924,1191,RILASCIO,0.044833
7.745000,1,1,1,1,1,2925,1191,RILASCIO,0.044667
7.746000,1,1,1,1,1,2926,1191,RILASCIO,0.044500
7.747000,1,1,1,1,1,2927,1191,RILASCIO,0.044333
7.748000,1,1,1,1,1,2928,1191,RILASCIO,0.044167
7.749000,1,1,1,1,1,2929,1191,RILASCIO,0.044000
7.750000,1,1,1,1,1,2930,1191,RILASCIO,0.043833
7.751000,1,1,1,1,1,2931,1191,RILASCIO,0.043667
7.752000,1,1,1,1,1,2932,1191,RILASCIO,0.043500
7.753000,1,1,1,1,1,2933,1191,RILASCIO,0.043333
7.754000,1,1,1,1,1,2934,1191,RILASCIO,0.043167
7.755000,1,1,1,1,1,2935,1191,RILASCIO,0.043000
7.756000,1,1,1,1,1,2936,1191,RILASCIO,0.042833
7.757000,1,1,1,1,1,2937,1191,RILASCIO,0.042667
7.758000,1,1,1,1,1,2938,1191,RILASCIO,0.042500
7.759000,1,1,1,1,1,2939,1191,RILASCIO,0.042333
7.760000,1,1,1,1,1,2940,1191,RILASCIO,0.042167
7.761000,1,1,1,1,1,2941,1191,RILASCIO,0.042000
7.762000,1,1,1,1,1,2942,1191,RILASCIO,0.041833
7.763000,1,1,1,1,1,2943,1191,RILASCIO,0.041667
7.764000,1,1,1,1,1,2944,1191,RILASCIO,0.041500
7.765000,1,1,1,1,1,2945,1191,RILASCIO,0.041333
7.766000,1,1,1,1,1,2946,1191,RILASCIO,0.041167
7.767000,1,1,1,1,1,2948,1191,RILASCIO,0.041000
7.768000,1,1,1,1,1,2949,1191,RILASCIO,0.040833
7.769000,1,1,1,1,1,2950,1191,RILASCIO,0.040667
7.770000,1,1,1,1,1,2951,1191,RILASCIO,0.040500
7.771000,1,1,1,1,1,2952,1191,RILASCIO,0.040333
7.772000,1,1,1,1,1,2953,1191,RILASCIO,0.040167
7.773000,1,1,1,1,1,2954,1191,RILASCIO,0.040000
7.774000,1,1,1,1,1,2955,1191,RILASCIO,0.039833
7.775000,1,1,1,1,1,2956,1191,RILASCIO,0.039667
7.776000,1,1,1,1,1,2957,1191,RILASCIO,0.039500
7.777000,1,1,1,1,1,2958,1191,RILASCIO,0.039333
7.778000,1,1,1,1,1,2959,1191,RILASCIO,0.039167
7.779000,1,1,1,1,1,2960,1191,RILASCIO,0.039000
7.780000,1,1,1,1,1,2961,1191,RILASCIO,0.038833
7.781000,1,1,1,1,1,2962,1191,RILASCIO,0.038667
7.782000,1,1,1,1,1,2963,1191,RILASCIO,0.038500
7.783000,1,1,1,1,1,2964,1191,RILASCIO,0.038333
7.784000,1,1,1,1,1,2965,1191,RILASCIO,0.038167
7.785000,1,1,1,1,1,2966,1191,RILASCIO,0.038000
7.786000,1,1,1,1,1,2967,1191,RILASCIO,0.037833
7.787000,1,1,1,1,1,2968,1191,RILASCIO,0.037667
7.788000,1,1,1,1,1,2969,1191,RILASCIO,0.037500
7.789000,1,1,1,1,1,2970,1191,RILASCIO,0.037333
7.790000,1,1,1,1,1,2971,1191,RILASCIO,0.037167
7.791000,1,1,1,1,1,2972,1191,RILASCIO,0.037000
7.792000,1,1,1,1,1,2973,1191,RILASCIO,0.036833
7.793000,1,1,1,1,1,2974,1191,RILASCIO,0.036667
7.794000,1,1,1,1,1,2975,1191,RILASCIO,0.036500
7.795000,1,1,1,1,1,2976,1191,RILASCIO,0.036333
7.796000,1,1,1,1,1,2977,1191,RILASCIO,0.036167
7.797000,1,1,1,1,1,2978,1191,RILASCIO,0.036000
7.798000,1,1,1,1,1,2979,1191,RILASCIO,0.035833
7.799000,1,1,1,1,1,2980,1191,RILASCIO,0.035667
7.800000,1,1,1,1,1,2982,1191,RILASCIO,0.035500
7.801000,1,1,1,1,1,2983,1191,RILASCIO,0.035333
7.802000,1,1,1,1,1,2984,1191,RILASCIO,0.035167
7.803000,1,1,1,1,1,2985,1191,RILASCIO,0.035000
7.804000,1,1,1,1,1,2986,1191,RILASCIO,0.034833
7.805000,1,1,1,1,1,2987,1191,RILASCIO,0.034667
7.806000,1,1,1,1,1,2988,1191,RILASCIO,0.034500
7.807000,1,1,1,1,1,2989,1191,RILASCIO,0.034333
7.808000,1,1,1,1,1,2990,1191,RILASCIO,0.034167
7.809000,1,1,1,1,1,2991,1191,RILASCIO,0.034000
7.810000,1,1,1,1,1,2992,1191,RILASCIO,0.033833
7.811000,1,1,1,1,1,2993,1191,RILASCIO,0.033667
7.812000,1,1,1,1,1,2994,1191,RILASCIO,0.033500
7.813000,1,1,1,1,1,2995,1191,RILASCIO,0.033333
7.814000,1,1,1,1,1,2996,1191,RILASCIO,0.033167
7.815000,1,1,1,1,1,2997,1191,RILASCIO,0.033000
7.816000,1,1,1,1,1,2998,1191,RILASCIO,0.032833
7.817000,1,1,1,1,1,2999,1191,RILASCIO,0.032667
7.818000,1,1,1,1,1,3000,1191,RILASCIO,0.032500
7.819000,1,1,1,1,1,3001,1191,RILASCIO,0.032333
7.820000,1,1,1,1,1,3002,1191,RILASCIO,0.032167
7.821000,1,1,1,1,1,3003,1191,RILASCIO,0.032000
7.822000,1,1,1,1,1,3004,1191,RILASCIO,0.031833
7.823000,1,1,1,1,1,3006,1191,RILASCIO,0.031667
7.824000,1,1,1,1,1,3007,1191,RILASCIO,0.031500
7.825000,1,1,1,1,1,3008,1191,RILASCIO,0.031333
7.826000,1,1,1,1,1,3009,1191,RILASCIO,0.031167
7.827000,1,1,1,1,1,3010,1191,RILASCIO,0.031000
7.828000,1,1,1,1,1,3011,1191,RILASCIO,0.030833
7.829000,1,1,1,1,1,3012,1191,RILASCIO,0.030667
7.830000,1,1,1,1,1,3013,1191,RILASCIO,0.030500
7.831000,1,1,1,1,1,3014,1191,RILASCIO,0.030333
7.832000,1,1,1,1,1,3015,1191,RILASCIO,0.030167
7.833000,1,1,1,1,1,3016,1191,RILASCIO,0.030000
7.834000,1,1,1,1,1,3017,1191,RILASCIO,0.029833
7.835000,1,1,1,1,1,3018,1191,RILASCIO,0.029667
7.836000,1,1,1,1,1,3019,1191,RILASCIO,0.029500
7.837000,1,1,1,1,1,3020,1191,RILASCIO,0.029333
7.838000,1,1,1,1,1,3021,1191,RILASCIO,0.029167
7.839000,1,1,1,1,1,3022,1191,RILASCIO,0.029000
7.840000,1,1,1,1,1,3023,1191,RILASCIO,0.028833
7.841000,1,1,1,1,1,3025,1191,RILASCIO,0.028667
7.842000,1,1,1,1,1,3026,1191,RILASCIO,0.028500
7.843000,1,1,1,1,1,3027,1191,RILASCIO,0.028333
7.844000,1,1,1,1,1,3028,1191,RILASCIO,0.028167
7.845000,1,1,1,1,1,3029,1191,RILASCIO,0.028000
7.846000,1,1,1,1,1,3030,1191,RILASCIO,0.027833
7.847000,1,1,1,1,1,3031,1191,RILASCIO,0.027667
7.848000,1,1,1,1,1,3032,1191,RILASCIO,0.027500
7.849000,1,1,1,1,1,3033,1191,RILASCIO,0.027333
7.850000,1,1,1,1,1,3034,1191,RILASCIO,0.027167
7.851000,1,1,1,1,1,3035,1191,RILASCIO,0.027000
7.852000,1,1,1,1,1,3036,1191,RILASCIO,0.026833
7.853000,1,1,1,1,1,3037,1191,RILASCIO,0.026667
7.854000,1,1,1,1,1,3038,1191,RILASCIO,0.026500
7.855000,1,1,1,1,1,3039,1191,RILASCIO,0.026333
7.856000,1,1,1,1,1,3040,1191,RILASCIO,0.026167
7.857000,1,1,1,1,1,3042,1191,RILASCIO,0.026000
7.858000,1,1,1,1,1,3043,1191,RILASCIO,0.025833
7.859000,1,1,1,1,1,3044,1191,RILASCIO,0.025667
7.860000,1,1,1,1,1,3045,1191,RILASCIO,0.025500
7.861000,1,1,1,1,1,3046,1191,RILASCIO,0.025333
7.862000,1,1,1,1,1,3047,1191,RILASCIO,0.025167
7.863000,1,1,1,1,1,3048,1191,RILASCIO,0.025000
7.864000,1,1,1,1,1,3049,1191,RILASCIO,0.024833
7.865000,1,1,1,1,1,3050,1191,RILASCIO,0.024667
7.866000,1,1,1,1,1,3051,1191,RILASCIO,0.024500
7.867000,1,1,1,1,1,3052,1191,RILASCIO,0.024333
7.868000,1,1,1,1,1,3053,1191,RILASCIO,0.024167
7.869000,1,1,1,1,1,3054,1191,RILASCIO,0.024000
7.870000,1,1,1,1,1,3056,1191,RILASCIO,0.023833
7.871000,1,1,1,1,1,3057,1191,RILASCIO,0.023667
7.872000,1,1,1,1,1,3058,1191,RILASCIO,0.023500
7.873000,1,1,1,1,1,3059,1191,RILASCIO,0.023333
7.874000,1,1,1,1,1,3060,1191,RILASCIO,0.023167
7.875000,1,1,1,1,1,3061,1191,RILASCIO,0.023000
7.876000,1,1,1,1,1,3062,1191,RILASCIO,0.022833
7.877000,1,1,1,1,1,3063,1191,RILASCIO,0.022667
7.878000,1,1,1,1,1,3064,1191,RILASCIO,0.022500
7.879000,1,1,1,1,1,3065,1191,RILASCIO,0.022333
7.880000,1,1,1,1,1,3066,1191,RILASCIO,0.022167
7.881000,1,1,1,1,1,3067,1191,RILASCIO,0.022000
7.882000,1,1,1,1,1,3069,1191,RILASCIO,0.021833
7.883000,1,1,1,1,1,3070,1191,RILASCIO,0.021667
7.884000,1,1,1,1,1,3071,1191,RILASCIO,0.021500
7.885000,1,1,1,1,1,3072,1191,RILASCIO,0.021333
7.886000,1,1,1,1,1,3073,1191,RILASCIO,0.021167
7.887000,1,1,1,1,1,3074,1191,RILASCIO,0.021000
7.888000,1,1,1,1,1,3075,1191,RILASCIO,0.020833
7.889000,1,1,1,1,1,3076,1191,RILASCIO,0.020667
7.890000,1,1,1,1,1,3077,1191,RILASCIO,0.020500
7.891000,1,1,1,1,1,3078,1191,RILASCIO,0.020333
7.892000,1,1,1,1,1,3079,1191,RILASCIO,0.020167
7.893000,1,1,1,1,1,3081,1191,RILASCIO,0.020000
7.894000,1,1,1,1,1,3082,1191,RILASCIO,0.019833
7.895000,1,1,1,1,1,3083,1191,RILASCIO,0.019667
7.896000,1,1,1,1,1,3084,1191,RILASCIO,0.019500
7.897000,1,1,1,1,1,3085,1191,RILASCIO,0.019333
7.898000,1,1,1,1,1,3086,1191,RILASCIO,0.019167
7.899000,1,1,1,1,1,3087,1191,RILASCIO,0.019000
7.900000,1,1,1,1,1,3088,1191,RILASCIO,0.018833
7.901000,1,1,1,1,1,3089,1191,RILASCIO,0.018667
7.902000,1,1,1,1,1,3091,1191,RILASCIO,0.018500
7.903000,1,1,1,1,1,3092,1191,RILASCIO,0.018333
7.904000,1,1,1,1,1,3093,1191,RILASCIO,0.018167
7.905000,1,1,1,1,1,3094,1191,RILASCIO,0.018000
7.906000,1,1,1,1,1,3095,1191,RILASCIO,0.017833
7.907000,1,1,1,1,1,3096,1191,RILASCIO,0.017667
7.908000,1,1,1,1,1,3097,1191,RILASCIO,0.017500
7.909000,1,1,1,1,1,3098,1191,RILASCIO,0.017333
7.910000,1,1,1,1,1,3099,1191,RILASCIO,0.017167
7.911000,1,1,1,1,1,3101,1191,RILASCIO,0.017000
7.912000,1,1,1,1,1,3102,1191,RILASCIO,0.016833
7.913000,1,1,1,1,1,3103,1191,RILASCIO,0.016667
7.914000,1,1,1,1,1,3104,1191,RILASCIO,0.016500
7.915000,1,1,1,1,1,3105,1191,RILASCIO,0.016333
7.916000,1,1,1,1,1,3106,1191,RILASCIO,0.016167
7.917000,1,1,1,1,1,3107,1191,RILASCIO,0.016000
7.918000,1,1,1,1,1,3108,1191,RILASCIO,0.015833
7.919000,1,1,1,1,1,3109,1191,RILASCIO,0.015667
7.920000,1,1,1,1,1,3111,1191,RILASCIO,0.015500
7.921000,1,1,1,1,1,3112,1191,RILASCIO,0.015333
7.922000,1,1,1,1,1,3113,1191,RILASCIO,0.015167
7.923000,1,1,1,1,1,3114,1191,RILASCIO,0.015000
7.924000,1,1,1,1,1,3115,1191,RILASCIO,0.014833
7.925000,1,1,1,1,1,3116,1191,RILASCIO,0.014667
7.926000,1,1,1,1,1,3117,1191,RILASCIO,0.014500
7.927000,1,1,1,1,1,3119,1191,RILASCIO,0.014333
7.928000,1,1,1,1,1,3120,1191,RILASCIO,0.014167
7.929000,1,1,1,1,1,3121,1191,RILASCIO,0.014000
7.930000,1,1,1,1,1,3122,1191,RILASCIO,0.013833
7.931000,1,1,1,1,1,3123,1191,RILASCIO,0.013667
7.932000,1,1,1,1,1,3124,1191,RILASCIO,0.013500
7.933000,1,1,1,1,1,3125,1191,RILASCIO,0.013333
7.934000,1,1,1,1,1,3126,1191,RILASCIO,0.013167
7.935000,1,1,1,1,1,3128,1191,RILASCIO,0.013000
7.936000,1,1,1,1,1,3129,1191,RILASCIO,0.012833
7.937000,1,1,1,1,1,3130,1191,RILASCIO,0.012667
7.938000,1,1,1,1,1,3131,1191,RILASCIO,0.012500
7.939000,1,1,1,1,1,3132,1191,RILASCIO,0.012333
7.940000,1,1,1,1,1,3133,1191,RILASCIO,0.012167
7.941000,1,1,1,1,1,3134,1191,RILASCIO,0.012000
7.942000,1,1,1,1,1,3136,1191,RILASCIO,0.011833
7.943000,1,1,1,1,1,3137,1191,RILASCIO,0.011667
7.944000,1,1,1,1,1,3138,1191,RILASCIO,0.011500
7.945000,1,1,1,1,1,3139,1191,RILASCIO,0.011333
7.946000,1,1,1,1,1,3140,1191,RILASCIO,0.011167
7.947000,1,1,1,1,1,3141,1191,RILASCIO,0.011000
7.948000,1,1,1,1,1,3143,1191,RILASCIO,0.010833
7.949000,1,1,1,1,1,3144,1191,RILASCIO,0.010667
7.950000,1,1,1,1,1,3145,1191,RILASCIO,0.010500
7.951000,1,1,1,1,1,3146,1191,RILASCIO,0.010333
7.952000,1,1,1,1,1,3147,1191,RILASCIO,0.010167
7.953000,1,1,1,1,1,3148,1191,RILASCIO,0.010000
7.954000,1,1,1,1,1,3150,1191,RILASCIO,0.009833
7.955000,1,1,1,1,1,3151,1191,RILASCIO,0.009667
7.956000,1,1,1,1,1,3152,1191,RILASCIO,0.009500
7.957000,1,1,1,1,1,3153,1191,RILASCIO,0.009333
7.958000,1,1,1,1,1,3154,1191,RILASCIO,0.009167
7.959000,1,1,1,1,1,3155,1191,RILASCIO,0.009000
7.960000,1,1,1,1,1,3157,1191,RILASCIO,0.008833
7.961000,1,1,1,1,1,3158,1191,RILASCIO,0.008667
7.962000,1,1,1,1,1,3159,1191,RILASCIO,0.008500
7.963000,1,1,1,1,1,3160,1191,RILASCIO,0.008333
7.964000,1,1,1,1,1,3161,1191,RILASCIO,0.008167
7.965000,1,1,1,1,1,3162,1191,RILASCIO,0.008000
7.966000,1,1,1,1,1,3164,1191,RILASCIO,0.007833
7.967000,1,1,1,1,1,3165,1191,RILASCIO,0.007667
7.968000,1,1,1,1,1,3166,1191,RILASCIO,0.007500
7.969000,1,1,1,1,1,3167,1191,RILASCIO,0.007333
7.970000,1,1,1,1,1,3168,1191,RILASCIO,0.007167
7.971000,1,1,1,1,1,3170,1191,RILASCIO,0.007000
7.972000,1,1,1,1,1,3171,1191,RILASCIO,0.006833
7.973000,1,1,1,1,1,3172,1191,RILASCIO,0.006667
7.974000,1,1,1,1,1,3173,1191,RILASCIO,0.006500
7.975000,1,1,1,1,1,3174,1191,RILASCIO,0.006333
7.976000,1,1,1,1,1,3176,1191,RILASCIO,0.006167
7.977000,1,1,1,1,1,3177,1191,RILASCIO,0.006000
7.978000,1,1,1,1,1,3178,1191,RILASCIO,0.005833
7.979000,1,1,1,1,1,3179,1191,RILASCIO,0.005667
7.980000,1,1,1,1,1,3180,1191,RILASCIO,0.005500
7.981000,1,1,1,1,1,3182,1191,RILASCIO,0.005333
7.982000,1,1,1,1,1,3183,1191,RILASCIO,0.005167
7.983000,1,1,1,1,1,3184,1191,RILASCIO,0.005000
7.984000,1,1,1,1,1,3185,1191,RILASCIO,0.004833
7.985000,1,1,1,1,1,3186,1191,RILASCIO,0.004667
7.986000,1,1,1,1,1,3188,1191,RILASCIO,0.004500
7.987000,1,1,1,1,1,3189,1191,RILASCIO,0.004333
7.988000,1,1,1,1,1,3190,1191,RILASCIO,0.004167
7.989000,1,1,1,1,1,3191,1191,RILASCIO,0.004000
7.990000,1,1,1,1,1,3193,1191,RILASCIO,0.003833
7.991000,1,1,1,1,1,3194,1191,RILASCIO,0.003667
7.992000,1,1,1,1,1,3195,1191,RILASCIO,0.003500
7.993000,1,1,1,1,1,3196,1191,RILASCIO,0.003333
7.994000,1,1,1,1,1,3197,1191,RILASCIO,0.003167
7.995000,1,1,1,1,1,3199,1191,RILASCIO,0.003000
7.996000,1,1,1,1,1,3200,1191,RILASCIO,0.002833
7.997000,1,1,1,1,1,3201,1191,RILASCIO,0.002667
7.998000,1,1,1,1,1,3202,1191,RILASCIO,0.002500
7.999000,1,1,1,1,1,3204,1191,RILASCIO,0.002333
8.000000,1,1,1,1,1,3205,1191,RILASCIO,0.002167
8.001000,1,1,1,1,1,3206,1191,RILASCIO,0.002000
8.002000,1,1,1,1,1,3207,1191,RILASCIO,0.001833
8.003000,1,1,1,1,1,3209,1191,RILASCIO,0.001667
8.004000,1,1,1,1,1,3210,1191,RILASCIO,0.001500
8.005000,1,1,1,1,1,3211,1191,RILASCIO,0.001333
8.006000,1,1,1,1,1,3212,1191,RILASCIO,0.001167
8.007000,1,1,1,1,1,3214,1191,RILASCIO,0.001000
8.008000,1,1,1,1,1,3215,1191,RILASCIO,0.000833
8.009000,1,1,1,1,1,3216,1191,RILASCIO,0.000667
8.010000,1,1,1,1,1,3217,1191,RILASCIO,0.000500
8.011000,1,1,1,1,1,3219,1191,RILASCIO,0.000333
8.012000,1,1,1,1,1,3220,1191,RILASCIO,0.000167
8.013000,1,1,1,1,1,3221,1191,RILASCIO,0.000000
8.014000,1,1,1,1,1,3221,1191,MUSICA,0.000000
