blk,modo_db,f_hz,vin_pk,k_att,caso,p_q132,p_q133,icmax_q132,icmin_q132,icmax_q133,icmin_q133,p_q122,icmax_q122,p_q125,p_q127,p_q121a,p_q121b,p_q117,p_q118,p_q106,p_jq110a,p_jq110b,p_r134,p_r135,p_r130,p_r131,p_r123,p_r126,p_rsep,p_rsep2,irms_rsep,irms_rsep2,p_q132_w1,p_q132_w2,voutpk,p_rail
A,0,1000,0,1,0,0.298752,0.299265,0.0204957,0.0204957,-0.0206094,-0.0206094,0.143567,-0.0107128,0.141911,0.0196599,0.00154661,0.00174143,0.0103203,0.0101781,0.0640441,0.0208853,0.0202246,0.00942262,0.00942507,3.98924E-07,7.87965E-08,0.0106058,0.0104128,0,0,0,0,0.298752,0.298752,-0.0261155,4.46544
F1,0,1000,0,1,0,0.299303,0.298701,0.0204968,0.0204968,-0.0206075,-0.0206075,0.143843,-0.0107125,0.141633,0.0196596,0.0015466,0.00174138,0.0103203,0.0101781,0.0639264,0.0209448,0.0202822,0.00942346,0.00942346,3.98401E-07,7.89741E-08,0.0106052,0.0104127,1.90925E-29,0,6.3402E-16,0,0.299303,0.299303,-0.0522274,4.46544
F2,0,1000,0,1,0,0.299303,0.298701,0.0204968,0.0204968,-0.0206075,-0.0206075,0.143843,-0.0107125,0.141633,0.0196596,0.0015466,0.00174138,0.0103203,0.0101781,0.0639264,0.0209448,0.0202822,0.00942346,0.00942346,3.98401E-07,7.89741E-08,0.0106052,0.0104127,1.25947E-30,0,1.63849E-16,0,0.299303,0.299303,-0.0522274,4.46544
B,0,1000,0,1,0,0.299303,0.298701,0.0204968,0.0204968,-0.0206075,-0.0206075,0.143843,-0.0107125,0.141633,0.0196596,0.0015466,0.00174138,0.0103203,0.0101781,0.0639264,0.0209448,0.0202822,0.00942346,0.00942346,3.98401E-07,7.89741E-08,0.0106052,0.0104127,4.43038E-27,0,9.70879E-15,0,0.299303,0.299303,-0.0522274,4.46544
A,0,1000,0,1,1,0.298752,0.299265,0.0204957,0.0204957,-0.0206094,-0.0206094,0.143567,-0.0107128,0.141911,0.0196599,0.00154661,0.00174143,0.0103203,0.0101781,0.0640441,0.0208853,0.0202246,0.00942262,0.00942507,3.98924E-07,7.87965E-08,0.0106058,0.0104128,0,0,0,0,0.298752,0.298752,-0.0261155,4.46544
F1,0,1000,0,1,1,0.299303,0.298701,0.0204968,0.0204968,-0.0206075,-0.0206075,0.143843,-0.0107125,0.141633,0.0196596,0.0015466,0.00174138,0.0103203,0.0101781,0.0639264,0.0209448,0.0202822,0.00942346,0.00942346,3.98401E-07,7.89741E-08,0.0106052,0.0104127,3.10652E-25,0,8.15073E-14,0,0.299303,0.299303,-0.0522274,4.46544
F2,0,1000,0,1,1,0.299303,0.298701,0.0204968,0.0204968,-0.0206075,-0.0206075,0.143843,-0.0107125,0.141633,0.0196596,0.0015466,0.00174138,0.0103203,0.0101781,0.0639264,0.0209448,0.0202822,0.00942346,0.00942346,3.98401E-07,7.89741E-08,0.0106052,0.0104127,3.4229E-25,0,8.57361E-14,0,0.299303,0.299303,-0.0522274,4.46544
B,0,1000,0,1,1,0.299303,0.298701,0.0204968,0.0204968,-0.0206075,-0.0206075,0.143843,-0.0107125,0.141633,0.0196596,0.0015466,0.00174138,0.0103203,0.0101781,0.0639264,0.0209448,0.0202822,0.00942346,0.00942346,3.98401E-07,7.89741E-08,0.0106052,0.0104127,3.37135E-25,0,8.51221E-14,0,0.299303,0.299303,-0.0522274,4.46544
A,0,1000,0,1,2,0.298752,0.299265,0.0204957,0.0204957,-0.0206094,-0.0206094,0.143567,-0.0107128,0.141911,0.0196599,0.00154661,0.00174143,0.0103203,0.0101781,0.0640441,0.0208853,0.0202246,0.00942262,0.00942507,3.98924E-07,7.87965E-08,0.0106058,0.0104128,0,0,0,0,0.298752,0.298752,-0.0261155,4.46544
F1,0,1000,0,1,2,0.299303,0.298701,0.0204968,0.0204968,-0.0206075,-0.0206075,0.143843,-0.0107125,0.141633,0.0196596,0.0015466,0.00174138,0.0103203,0.0101781,0.0639264,0.0209448,0.0202822,0.00942346,0.00942346,3.98401E-07,7.89741E-08,0.0106052,0.0104127,3.18469E-25,0,8.1792E-14,0,0.299303,0.299303,-0.0522274,4.46544
F2,0,1000,0,1,2,0.299303,0.298701,0.0204968,0.0204968,-0.0206075,-0.0206075,0.143843,-0.0107125,0.141633,0.0196596,0.0015466,0.00174138,0.0103203,0.0101781,0.0639264,0.0209448,0.0202822,0.00942346,0.00942346,3.98401E-07,7.89741E-08,0.0106052,0.0104127,1.29945E-30,0,1.65538E-16,0,0.299303,0.299303,-0.0522274,4.46544
B,0,1000,0,1,2,0.299303,0.298701,0.0204968,0.0204968,-0.0206075,-0.0206075,0.143843,-0.0107125,0.141633,0.0196596,0.0015466,0.00174138,0.0103203,0.0101781,0.0639264,0.0209448,0.0202822,0.00942346,0.00942346,3.98401E-07,7.89741E-08,0.0106052,0.0104127,4.43054E-27,0,9.70887E-15,0,0.299303,0.299303,-0.0522274,4.46544
A,0,1000,0,1,3,0.298752,0.299265,0.0204957,0.0204957,-0.0206094,-0.0206094,0.143567,-0.0107128,0.141911,0.0196599,0.00154661,0.00174143,0.0103203,0.0101781,0.0640441,0.0208853,0.0202246,0.00942262,0.00942507,3.98924E-07,7.87965E-08,0.0106058,0.0104128,0,0,0,0,0.298752,0.298752,-0.0261155,4.46544
F1,0,1000,0,1,3,0.299303,0.298701,0.0204968,0.0204968,-0.0206075,-0.0206075,0.143843,-0.0107125,0.141633,0.0196596,0.0015466,0.00174138,0.0103203,0.0101781,0.0639264,0.0209448,0.0202822,0.00942346,0.00942346,3.98401E-07,7.89741E-08,0.0106052,0.0104127,1.97814E-29,0,6.50135E-16,0,0.299303,0.299303,-0.0522274,4.46544
F2,0,1000,0,1,3,0.299303,0.298701,0.0204968,0.0204968,-0.0206075,-0.0206075,0.143843,-0.0107125,0.141633,0.0196596,0.0015466,0.00174138,0.0103203,0.0101781,0.0639264,0.0209448,0.0202822,0.00942346,0.00942346,3.98401E-07,7.89741E-08,0.0106052,0.0104127,3.71468E-25,0,8.84023E-14,0,0.299303,0.299303,-0.0522274,4.46544
B,0,1000,0,1,3,0.299303,0.298701,0.0204968,0.0204968,-0.0206075,-0.0206075,0.143843,-0.0107125,0.141633,0.0196596,0.0015466,0.00174138,0.0103203,0.0101781,0.0639264,0.0209448,0.0202822,0.00942346,0.00942346,3.98401E-07,7.89741E-08,0.0106052,0.0104127,4.43553E-27,0,9.71524E-15,0,0.299303,0.299303,-0.0522274,4.46544
A,0,1000,0,1,4,0.298752,0.299265,0.0204957,0.0204957,-0.0206094,-0.0206094,0.143567,-0.0107128,0.141911,0.0196599,0.00154661,0.00174143,0.0103203,0.0101781,0.0640441,0.0208853,0.0202246,0.00942262,0.00942507,3.98924E-07,7.87965E-08,0.0106058,0.0104128,0,0,0,0,0.298752,0.298752,-0.0261155,4.46544
F1,0,1000,0,1,4,0.299303,0.298701,0.0204968,0.0204968,-0.0206075,-0.0206075,0.143843,-0.0107125,0.141633,0.0196596,0.0015466,0.00174138,0.0103203,0.0101781,0.0639264,0.0209448,0.0202822,0.00942346,0.00942346,3.98401E-07,7.89741E-08,0.0106052,0.0104127,2.01076E-29,0,6.575E-16,0,0.299303,0.299303,-0.0522274,4.46544
F2,0,1000,0,1,4,0.299303,0.298701,0.0204968,0.0204968,-0.0206075,-0.0206075,0.143843,-0.0107125,0.141633,0.0196596,0.0015466,0.00174138,0.0103203,0.0101781,0.0639264,0.0209448,0.0202822,0.00942346,0.00942346,3.98401E-07,7.89741E-08,0.0106052,0.0104127,1.2559E-30,0,1.62951E-16,0,0.299303,0.299303,-0.0522274,4.46544
B,0,1000,0,1,4,0.299303,0.298701,0.0204968,0.0204968,-0.0206075,-0.0206075,0.143843,-0.0107125,0.141633,0.0196596,0.0015466,0.00174138,0.0103203,0.0101781,0.0639264,0.0209448,0.0202822,0.00942346,0.00942346,3.98401E-07,7.89741E-08,0.0106052,0.0104127,3.63203E-25,0,8.79751E-14,0,0.299303,0.299303,-0.0522274,4.46544
A,0,1000,0,1,5,0.298752,0.299265,0.0204957,0.0204957,-0.0206094,-0.0206094,0.143567,-0.0107128,0.141911,0.0196599,0.00154661,0.00174143,0.0103203,0.0101781,0.0640441,0.0208853,0.0202246,0.00942262,0.00942507,3.98924E-07,7.87965E-08,0.0106058,0.0104128,0,0,0,0,0.298752,0.298752,-0.0261155,4.46544
F1,0,1000,0,1,5,0.299303,0.298701,0.0204968,0.0204968,-0.0206075,-0.0206075,0.143843,-0.0107125,0.141633,0.0196596,0.0015466,0.00174138,0.0103203,0.0101781,0.0639264,0.0209448,0.0202822,0.00942346,0.00942346,3.98401E-07,7.89741E-08,0.0106052,0.0104127,2.44662E-25,0,7.19594E-14,0,0.299303,0.299303,-0.0522274,4.46544
F2,0,1000,0,1,5,0.299303,0.298701,0.0204968,0.0204968,-0.0206075,-0.0206075,0.143843,-0.0107125,0.141633,0.0196596,0.0015466,0.00174138,0.0103203,0.0101781,0.0639264,0.0209448,0.0202822,0.00942346,0.00942346,3.98401E-07,7.89741E-08,0.0106052,0.0104127,1.3123E-30,0,1.66621E-16,0,0.299303,0.299303,-0.0522274,4.46544
B,0,1000,0,1,5,0.299303,0.298701,0.0204968,0.0204968,-0.0206075,-0.0206075,0.143843,-0.0107125,0.141633,0.0196596,0.0015466,0.00174138,0.0103203,0.0101781,0.0639264,0.0209448,0.0202822,0.00942346,0.00942346,3.98401E-07,7.89741E-08,0.0106052,0.0104127,4.44235E-27,0,9.72211E-15,0,0.299303,0.299303,-0.0522274,4.46544
A,0,1000,0,1,6,0.298752,0.299265,0.0204957,0.0204957,-0.0206094,-0.0206094,0.143567,-0.0107128,0.141911,0.0196599,0.00154661,0.00174143,0.0103203,0.0101781,0.0640441,0.0208853,0.0202246,0.00942262,0.00942507,3.98924E-07,7.87965E-08,0.0106058,0.0104128,0,0,0,0,0.298752,0.298752,-0.0261155,4.46544
F1,0,1000,0,1,6,0.299303,0.298701,0.0204968,0.0204968,-0.0206075,-0.0206075,0.143843,-0.0107125,0.141633,0.0196596,0.0015466,0.00174138,0.0103203,0.0101781,0.0639264,0.0209448,0.0202822,0.00942346,0.00942346,3.98401E-07,7.89741E-08,0.0106052,0.0104127,3.61327E-26,0,2.75204E-14,0,0.299303,0.299303,-0.0522274,4.46544
F2,0,1000,0,1,6,0.299303,0.298701,0.0204968,0.0204968,-0.0206075,-0.0206075,0.143843,-0.0107125,0.141633,0.0196596,0.0015466,0.00174138,0.0103203,0.0101781,0.0639264,0.0209448,0.0202822,0.00942346,0.00942346,3.98401E-07,7.89741E-08,0.0106052,0.0104127,1.31521E-30,0,1.66205E-16,0,0.299303,0.299303,-0.0522274,4.46544
B,0,1000,0,1,6,0.299303,0.298701,0.0204968,0.0204968,-0.0206075,-0.0206075,0.143843,-0.0107125,0.141633,0.0196596,0.0015466,0.00174138,0.0103203,0.0101781,0.0639264,0.0209448,0.0202822,0.00942346,0.00942346,3.98401E-07,7.89741E-08,0.0106052,0.0104127,4.43295E-27,0,9.71216E-15,0,0.299303,0.299303,-0.0522274,4.46544
A,0,1000,0.4243,1,0,0.298745,0.29926,0.0205214,0.0204695,-0.0205958,-0.0206224,0.143566,-0.0107073,0.141911,0.0196599,0.00154661,0.00174143,0.0103203,0.0101781,0.0640441,0.0208853,0.0202246,0.00942253,0.00942497,3.99011E-07,7.88451E-08,0.0106058,0.0104128,0,0,0,0,0.298745,0.298745,0.398117,4.46543
F1,0,1000,0.4243,1,0,0.299295,0.298697,0.0205222,0.0204707,-0.0205943,-0.0206203,0.143842,-0.0107071,0.141633,0.0196595,0.0015466,0.00174138,0.0103203,0.0101781,0.0639264,0.0209448,0.0202822,0.00942331,0.00942342,3.98485E-07,7.90234E-08,0.0106052,0.0104127,4.37264E-08,0,3.05016E-05,0,0.299295,0.299295,0.371942,4.46543
F2,0,1000,0.4243,1,0,0.299299,0.2987,0.0205055,0.0204875,-0.0206035,-0.020611,0.143842,-0.0107073,0.141633,0.0196595,0.0015466,0.00174138,0.0103203,0.0101781,0.0639264,0.0209448,0.0202822,0.00942336,0.00942337,3.98479E-07,7.90201E-08,0.0106052,0.0104127,2.06824E-09,0,6.63363E-06,0,0.299299,0.299299,0.371943,4.46543
B,0,1000,0.4243,1,0,0.299299,0.2987,0.0205039,0.0204891,-0.0206019,-0.0206126,0.143842,-0.0107073,0.141633,0.0196595,0.0015466,0.00174138,0.0103203,0.0101781,0.0639264,0.0209448,0.0202822,0.00942336,0.00942336,3.98479E-07,7.90199E-08,0.0106052,0.0104127,8.94322E-10,0,4.36213E-06,0,0.299299,0.299299,0.371943,4.46543
A,0,1000,0.4243,1,1,0.298745,0.299261,0.0205214,0.0204695,-0.0205958,-0.0206224,0.143566,-0.0107073,0.141911,0.0196599,0.00154661,0.00174143,0.0103203,0.0101781,0.0640441,0.0208853,0.0202246,0.00942253,0.00942497,3.99011E-07,7.8845E-08,0.0106058,0.0104128,0,0,0,0,0.298745,0.298745,0.398108,4.46636
F1,0,1000,0.4243,1,1,0.298645,0.298102,0.0241465,0.0168877,-0.0169938,-0.0242623,0.143832,-0.0106549,0.141633,0.019659,0.0015466,0.00174139,0.0103203,0.0101781,0.0639264,0.0209448,0.0202822,0.00957913,0.00958165,4.071E-07,8.10472E-08,0.0106055,0.0104127,0.00125967,0,0.00517702,0,0.298597,0.298615,0.371858,4.46636
F2,0,1000,0.4243,1,1,0.298645,0.298102,0.0241465,0.0168877,-0.0169938,-0.0242623,0.143832,-0.0106549,0.141633,0.019659,0.0015466,0.00174139,0.0103203,0.0101781,0.0639264,0.0209448,0.0202822,0.00957913,0.00958165,4.071E-07,8.10472E-08,0.0106055,0.0104127,0.00125967,0,0.00517702,0,0.298597,0.298615,0.371858,4.46636
B,0,1000,0.4243,1,1,0.298645,0.298102,0.0241465,0.0168877,-0.0169938,-0.0242623,0.143832,-0.0106549,0.141633,0.019659,0.0015466,0.00174139,0.0103203,0.0101781,0.0639264,0.0209448,0.0202822,0.00957913,0.00958165,4.071E-07,8.10472E-08,0.0106055,0.0104127,0.00125967,0,0.00517702,0,0.298597,0.298615,0.371858,4.46636
A,0,1000,0.4243,1,2,0.298745,0.299261,0.0205214,0.0204695,-0.0205958,-0.0206224,0.143566,-0.0107073,0.141911,0.0196599,0.00154661,0.00174143,0.0103203,0.0101781,0.0640441,0.0208853,0.0202246,0.00942253,0.00942497,3.99011E-07,7.8845E-08,0.0106058,0.0104128,0,0,0,0,0.298745,0.298745,0.398109,4.46574
F1,0,1000,0.4243,1,2,0.298644,0.298102,0.0241465,0.0168877,-0.0169938,-0.0242623,0.143832,-0.0106549,0.141633,0.019659,0.0015466,0.00174139,0.0103203,0.0101781,0.0639264,0.0209448,0.0202822,0.00957913,0.00958166,4.071E-07,8.10473E-08,0.0106055,0.0104127,0.00125967,0,0.00517702,0,0.298597,0.298615,0.371858,4.46574
F2,0,1000,0.4243,1,2,0.299299,0.2987,0.0205055,0.0204875,-0.0206035,-0.020611,0.143842,-0.0107073,0.141633,0.0196595,0.0015466,0.00174138,0.0103203,0.0101781,0.0639264,0.0209448,0.0202822,0.00942336,0.00942337,3.98479E-07,7.90201E-08,0.0106052,0.0104127,2.06798E-09,0,6.63322E-06,0,0.299299,0.299299,0.371934,4.46574
B,0,1000,0.4243,1,2,0.299299,0.2987,0.0205039,0.0204891,-0.0206019,-0.0206126,0.143842,-0.0107073,0.141633,0.0196595,0.0015466,0.00174138,0.0103203,0.0101781,0.0639264,0.0209448,0.0202822,0.00942336,0.00942336,3.98479E-07,7.90198E-08,0.0106052,0.0104127,8.94211E-10,0,4.36185E-06,0,0.299299,0.299299,0.371934,4.46574
A,0,1000,0.4243,1,3,0.298745,0.299261,0.0205214,0.0204695,-0.0205958,-0.0206224,0.143566,-0.0107073,0.141911,0.0196599,0.00154661,0.00174143,0.0103203,0.0101781,0.0640441,0.0208853,0.0202246,0.00942253,0.00942497,3.99011E-07,7.8845E-08,0.0106058,0.0104128,0,0,0,0,0.298745,0.298745,0.398108,4.46574
F1,0,1000,0.4243,1,3,0.299295,0.298697,0.0205222,0.0204707,-0.0205943,-0.0206203,0.143842,-0.0107071,0.141633,0.0196595,0.0015466,0.00174138,0.0103203,0.0101781,0.0639264,0.0209448,0.0202822,0.00942331,0.00942342,3.98485E-07,7.90233E-08,0.0106052,0.0104127,4.3721E-08,0,3.04998E-05,0,0.299295,0.299295,0.371933,4.46574
F2,0,1000,0.4243,1,3,0.298644,0.298102,0.0241465,0.0168877,-0.0169938,-0.0242623,0.143832,-0.0106549,0.141633,0.019659,0.0015466,0.00174139,0.0103203,0.0101781,0.0639264,0.0209448,0.0202822,0.00957913,0.00958166,4.071E-07,8.10473E-08,0.0106055,0.0104127,0.00125967,0,0.00517702,0,0.298597,0.298615,0.371858,4.46574
B,0,1000,0.4243,1,3,0.299299,0.2987,0.0205039,0.0204891,-0.0206019,-0.0206126,0.143842,-0.0107073,0.141633,0.0196595,0.0015466,0.00174138,0.0103203,0.0101781,0.0639264,0.0209448,0.0202822,0.00942336,0.00942336,3.98479E-07,7.90198E-08,0.0106052,0.0104127,8.94211E-10,0,4.36186E-06,0,0.299299,0.299299,0.371934,4.46574
A,0,1000,0.4243,1,4,0.298745,0.299261,0.0205214,0.0204695,-0.0205958,-0.0206224,0.143566,-0.0107073,0.141911,0.0196599,0.00154661,0.00174143,0.0103203,0.0101781,0.0640441,0.0208853,0.0202246,0.00942253,0.00942497,3.99011E-07,7.8845E-08,0.0106058,0.0104128,0,0,0,0,0.298745,0.298745,0.398108,4.46574
F1,0,1000,0.4243,1,4,0.299295,0.298697,0.0205222,0.0204707,-0.0205943,-0.0206203,0.143842,-0.0107071,0.141633,0.0196595,0.0015466,0.00174138,0.0103203,0.0101781,0.0639264,0.0209448,0.0202822,0.00942331,0.00942342,3.98485E-07,7.90233E-08,0.0106052,0.0104127,4.3721E-08,0,3.04997E-05,0,0.299295,0.299295,0.371933,4.46574
F2,0,1000,0.4243,1,4,0.299299,0.2987,0.0205055,0.0204875,-0.0206035,-0.020611,0.143842,-0.0107073,0.141633,0.0196595,0.0015466,0.00174138,0.0103203,0.0101781,0.0639264,0.0209448,0.0202822,0.00942336,0.00942337,3.98479E-07,7.90201E-08,0.0106052,0.0104127,2.06798E-09,0,6.63322E-06,0,0.299299,0.299299,0.371933,4.46574
B,0,1000,0.4243,1,4,0.298644,0.298102,0.0241465,0.0168877,-0.0169938,-0.0242623,0.143832,-0.0106549,0.141633,0.019659,0.0015466,0.00174139,0.0103203,0.0101781,0.0639264,0.0209448,0.0202822,0.00957913,0.00958166,4.071E-07,8.10473E-08,0.0106055,0.0104127,0.00125967,0,0.00517702,0,0.298597,0.298615,0.371858,4.46574
A,0,1000,0.4243,1,5,0.298745,0.299261,0.0205214,0.0204695,-0.0205958,-0.0206224,0.143566,-0.0107073,0.141911,0.0196599,0.00154661,0.00174143,0.0103203,0.0101781,0.0640441,0.0208853,0.0202246,0.00942253,0.00942497,3.99011E-07,7.8845E-08,0.0106058,0.0104128,0,0,0,0,0.298745,0.298745,0.39811,4.46566
F1,0,1000,0.4243,1,5,0.298697,0.298141,0.0236844,0.0173397,-0.0174483,-0.0237976,0.143833,-0.0106614,0.141633,0.0196591,0.0015466,0.00174139,0.0103203,0.0101781,0.0639264,0.0209448,0.0202822,0.00954232,0.00954415,4.05283E-07,8.06445E-08,0.0106054,0.0104127,0.00096204,0,0.00452426,0,0.29866,0.298673,0.371856,4.46566
F2,0,1000,0.4243,1,5,0.299299,0.2987,0.0205055,0.0204875,-0.0206035,-0.020611,0.143842,-0.0107073,0.141633,0.0196595,0.0015466,0.00174138,0.0103203,0.0101781,0.0639264,0.0209448,0.0202822,0.00942336,0.00942337,3.98479E-07,7.90201E-08,0.0106052,0.0104127,2.06801E-09,0,6.63327E-06,0,0.299299,0.299299,0.371935,4.46566
B,0,1000,0.4243,1,5,0.299299,0.2987,0.0205039,0.0204891,-0.0206019,-0.0206126,0.143842,-0.0107073,0.141633,0.0196595,0.0015466,0.00174138,0.0103203,0.0101781,0.0639264,0.0209448,0.0202822,0.00942336,0.00942336,3.98479E-07,7.90198E-08,0.0106052,0.0104127,8.94223E-10,0,4.36188E-06,0,0.299299,0.299299,0.371935,4.46566
A,0,1000,0.4243,1,6,0.298745,0.299261,0.0205214,0.0204695,-0.0205958,-0.0206224,0.143566,-0.0107073,0.141911,0.0196599,0.00154661,0.00174143,0.0103203,0.0101781,0.0640441,0.0208853,0.0202246,0.00942253,0.00942497,3.99011E-07,7.88451E-08,0.0106058,0.0104128,0,0,0,0,0.298745,0.298745,0.398114,4.46547
F1,0,1000,0.4243,1,6,0.299003,0.298417,0.0218964,0.0191017,-0.0192195,-0.0220009,0.143838,-0.0106871,0.141633,0.0196594,0.0015466,0.00174138,0.0103203,0.0101781,0.0639264,0.0209448,0.0202822,0.00944624,0.00944669,4.00172E-07,7.94679E-08,0.0106052,0.0104127,0.000185969,0,0.00198917,0,0.298993,0.299,0.371887,4.46547
F2,0,1000,0.4243,1,6,0.299299,0.2987,0.0205055,0.0204875,-0.0206035,-0.020611,0.143842,-0.0107073,0.141633,0.0196595,0.0015466,0.00174138,0.0103203,0.0101781,0.0639264,0.0209448,0.0202822,0.00942336,0.00942337,3.98479E-07,7.90201E-08,0.0106052,0.0104127,2.06812E-09,0,6.63344E-06,0,0.299299,0.299299,0.371939,4.46547
B,0,1000,0.4243,1,6,0.299299,0.2987,0.0205039,0.0204891,-0.0206019,-0.0206126,0.143842,-0.0107073,0.141633,0.0196595,0.0015466,0.00174138,0.0103203,0.0101781,0.0639264,0.0209448,0.0202822,0.00942336,0.00942336,3.98479E-07,7.90198E-08,0.0106052,0.0104127,8.9427E-10,0,4.362E-06,0,0.299299,0.299299,0.371939,4.46547
A,0,1000,1.4142,1,0,0.298672,0.299214,0.0205796,0.0204063,-0.0205622,-0.0206508,0.143554,-0.0106946,0.141912,0.0196595,0.00154661,0.00174142,0.0103203,0.0101781,0.0640447,0.0208848,0.0202244,0.0094216,0.00942398,3.999E-07,7.93337E-08,0.0106057,0.0104128,0,0,0,0,0.298671,0.298672,1.38776,4.46527
F1,0,1000,1.4142,1,0,0.299219,0.298653,0.0205796,0.020408,-0.0205616,-0.0206481,0.14383,-0.0106943,0.141635,0.0196591,0.0015466,0.00174138,0.0103203,0.0101781,0.063927,0.0209443,0.020282,0.00942224,0.00942257,3.99363E-07,7.95148E-08,0.0106051,0.0104127,4.85494E-07,0,0.000101635,0,0.299219,0.29922,1.36146,4.46527
F2,0,1000,1.4142,1,0,0.299262,0.29869,0.0205241,0.0204639,-0.020592,-0.0206174,0.143831,-0.0106951,0.141635,0.0196592,0.0015466,0.00174138,0.0103203,0.0101781,0.063927,0.0209443,0.020282,0.00942236,0.00942236,3.99282E-07,7.94827E-08,0.0106051,0.0104127,2.29636E-08,0,2.2104E-05,0,0.299262,0.299262,1.36146,4.46527
B,0,1000,1.4142,1,0,0.299266,0.298694,0.0205188,0.0204692,-0.0205867,-0.0206227,0.143831,-0.0106951,0.141635,0.0196592,0.0015466,0.00174138,0.0103203,0.0101781,0.063927,0.0209443,0.020282,0.00942236,0.00942236,3.99274E-07,7.94798E-08,0.0106051,0.0104127,9.92964E-09,0,1.45351E-05,0,0.299266,0.299266,1.36146,4.46527
A,0,1000,1.4142,1,1,0.298672,0.299214,0.0205796,0.0204063,-0.0205622,-0.0206508,0.143554,-0.0106946,0.141912,0.0196595,0.00154661,0.00174142,0.0103203,0.0101781,0.0640447,0.0208848,0.0202244,0.0094216,0.00942398,3.99899E-07,7.93341E-08,0.0106057,0.0104128,0,0,0,0,0.298672,0.298672,1.38773,4.47694
F1,0,1000,1.4142,1,1,0.292456,0.292004,0.0328609,0.00866679,-0.00876495,-0.0329897,0.143719,-0.0105219,0.141635,0.0196531,0.0015466,0.00174152,0.0103201,0.0101781,0.063927,0.0209441,0.0202823,0.0111834,0.0111785,4.9694E-07,1.02303E-07,0.0106092,0.0104127,0.0139927,0,0.0172545,0,0.292264,0.29238,1.36114,4.47694
F2,0,1000,1.4142,1,1,0.292456,0.292004,0.0328609,0.00866679,-0.00876495,-0.0329897,0.143719,-0.0105219,0.141635,0.0196531,0.0015466,0.00174152,0.0103201,0.0101781,0.063927,0.0209441,0.0202823,0.0111834,0.0111785,4.9694E-07,1.02303E-07,0.0106092,0.0104127,0.0139927,0,0.0172545,0,0.292264,0.29238,1.36114,4.47694
B,0,1000,1.4142,1,1,0.292456,0.292004,0.0328609,0.0086668,-0.00876495,-0.0329897,0.143719,-0.0105219,0.141635,0.0196531,0.0015466,0.00174152,0.0103201,0.0101781,0.063927,0.0209441,0.0202823,0.0111834,0.0111785,4.9694E-07,1.02303E-07,0.0106092,0.0104127,0.0139927,0,0.0172545,0,0.292264,0.29238,1.36114,4.47694
A,0,1000,1.4142,1,2,0.298672,0.299214,0.0205796,0.0204063,-0.0205622,-0.0206508,0.143554,-0.0106946,0.141912,0.0196595,0.00154661,0.00174142,0.0103203,0.0101781,0.0640447,0.0208848,0.0202244,0.0094216,0.00942398,3.999E-07,7.93338E-08,0.0106057,0.0104128,0,0,0,0,0.298671,0.298672,1.38775,4.46916
F1,0,1000,1.4142,1,2,0.29247,0.291992,0.0328613,0.00866649,-0.00876457,-0.0329901,0.143719,-0.0105219,0.141635,0.0196532,0.0015466,0.00174152,0.0103201,0.0101781,0.063927,0.0209441,0.0202823,0.0111842,0.0111776,4.96973E-07,1.02293E-07,0.0106093,0.0104127,0.0139922,0,0.0172542,0,0.292264,0.292408,1.36121,4.46916
F2,0,1000,1.4142,1,2,0.299262,0.29869,0.0205241,0.0204639,-0.020592,-0.0206174,0.143831,-0.0106951,0.141635,0.0196592,0.0015466,0.00174138,0.0103203,0.0101781,0.063927,0.0209443,0.020282,0.00942236,0.00942236,3.99282E-07,7.94828E-08,0.0106051,0.0104127,2.29644E-08,0,2.21044E-05,0,0.299262,0.299262,1.36145,4.46916
B,0,1000,1.4142,1,2,0.299266,0.298694,0.0205188,0.0204692,-0.0205867,-0.0206227,0.143831,-0.0106951,0.141635,0.0196592,0.0015466,0.00174138,0.0103203,0.0101781,0.063927,0.0209443,0.020282,0.00942236,0.00942236,3.99274E-07,7.94799E-08,0.0106051,0.0104127,9.92998E-09,0,1.45353E-05,0,0.299266,0.299266,1.36145,4.46916
A,0,1000,1.4142,1,3,0.298672,0.299214,0.0205796,0.0204063,-0.0205622,-0.0206508,0.143554,-0.0106946,0.141912,0.0196595,0.00154661,0.00174142,0.0103203,0.0101781,0.0640447,0.0208848,0.0202244,0.0094216,0.00942398,3.999E-07,7.93338E-08,0.0106057,0.0104128,0,0,0,0,0.298671,0.298672,1.38775,4.46916
F1,0,1000,1.4142,1,3,0.299219,0.298653,0.0205796,0.020408,-0.0205616,-0.0206481,0.14383,-0.0106943,0.141635,0.0196591,0.0015466,0.00174138,0.0103203,0.0101781,0.063927,0.0209443,0.020282,0.00942224,0.00942257,3.99363E-07,7.95149E-08,0.0106051,0.0104127,4.8551E-07,0,0.000101637,0,0.299219,0.29922,1.36145,4.46916
F2,0,1000,1.4142,1,3,0.29247,0.291992,0.0328613,0.00866649,-0.00876457,-0.0329901,0.143719,-0.0105219,0.141635,0.0196532,0.0015466,0.00174152,0.0103201,0.0101781,0.063927,0.0209441,0.0202823,0.0111842,0.0111776,4.96973E-07,1.02293E-07,0.0106093,0.0104127,0.0139922,0,0.0172542,0,0.292264,0.292408,1.36121,4.46916
B,0,1000,1.4142,1,3,0.299266,0.298694,0.0205188,0.0204692,-0.0205867,-0.0206227,0.143831,-0.0106951,0.141635,0.0196592,0.0015466,0.00174138,0.0103203,0.0101781,0.063927,0.0209443,0.020282,0.00942236,0.00942236,3.99274E-07,7.94799E-08,0.0106051,0.0104127,9.92998E-09,0,1.45353E-05,0,0.299266,0.299266,1.36145,4.46916
A,0,1000,1.4142,1,4,0.298672,0.299214,0.0205796,0.0204063,-0.0205622,-0.0206508,0.143554,-0.0106946,0.141912,0.0196595,0.00154661,0.00174142,0.0103203,0.0101781,0.0640447,0.0208848,0.0202244,0.0094216,0.00942398,3.999E-07,7.93338E-08,0.0106057,0.0104128,0,0,0,0,0.298671,0.298672,1.38775,4.46916
F1,0,1000,1.4142,1,4,0.299219,0.298653,0.0205796,0.020408,-0.0205616,-0.0206481,0.14383,-0.0106943,0.141635,0.0196591,0.0015466,0.00174138,0.0103203,0.0101781,0.063927,0.0209443,0.020282,0.00942224,0.00942257,3.99363E-07,7.95149E-08,0.0106051,0.0104127,4.8551E-07,0,0.000101637,0,0.299219,0.29922,1.36145,4.46916
F2,0,1000,1.4142,1,4,0.299262,0.29869,0.0205241,0.0204639,-0.020592,-0.0206174,0.143831,-0.0106951,0.141635,0.0196592,0.0015466,0.00174138,0.0103203,0.0101781,0.063927,0.0209443,0.020282,0.00942236,0.00942236,3.99282E-07,7.94828E-08,0.0106051,0.0104127,2.29644E-08,0,2.21044E-05,0,0.299262,0.299262,1.36145,4.46916
B,0,1000,1.4142,1,4,0.29247,0.291992,0.0328613,0.00866649,-0.00876457,-0.0329901,0.143719,-0.0105219,0.141635,0.0196532,0.0015466,0.00174152,0.0103201,0.0101781,0.063927,0.0209441,0.0202823,0.0111842,0.0111776,4.96973E-07,1.02293E-07,0.0106093,0.0104127,0.0139922,0,0.0172542,0,0.292264,0.292408,1.36121,4.46916
A,0,1000,1.4142,1,5,0.298672,0.299214,0.0205796,0.0204063,-0.0205622,-0.0206508,0.143554,-0.0106946,0.141912,0.0196595,0.00154661,0.00174142,0.0103203,0.0101781,0.0640447,0.0208848,0.0202244,0.0094216,0.00942398,3.999E-07,7.93338E-08,0.0106057,0.0104128,0,0,0,0,0.298671,0.298672,1.38775,4.46812
F1,0,1000,1.4142,1,5,0.292895,0.292392,0.0312618,0.0101163,-0.0102223,-0.0313817,0.143729,-0.0105433,0.141635,0.0196541,0.0015466,0.00174149,0.0103202,0.0101781,0.063927,0.0209441,0.0202823,0.010765,0.0107584,4.76195E-07,9.77165E-08,0.0106084,0.0104127,0.0106854,0,0.0150781,0,0.292736,0.292848,1.36119,4.46812
F2,0,1000,1.4142,1,5,0.299262,0.29869,0.0205241,0.0204639,-0.020592,-0.0206174,0.143831,-0.0106951,0.141635,0.0196592,0.0015466,0.00174138,0.0103203,0.0101781,0.063927,0.0209443,0.020282,0.00942236,0.00942236,3.99282E-07,7.94828E-08,0.0106051,0.0104127,2.29643E-08,0,2.21043E-05,0,0.299262,0.299262,1.36145,4.46812
B,0,1000,1.4142,1,5,0.299266,0.298694,0.0205188,0.0204692,-0.0205867,-0.0206227,0.143831,-0.0106951,0.141635,0.0196592,0.0015466,0.00174138,0.0103203,0.0101781,0.063927,0.0209443,0.020282,0.00942236,0.00942236,3.99274E-07,7.94799E-08,0.0106051,0.0104127,9.92993E-09,0,1.45353E-05,0,0.299266,0.299266,1.36145,4.46812
A,0,1000,1.4142,1,6,0.298672,0.299214,0.0205796,0.0204063,-0.0205622,-0.0206508,0.143554,-0.0106946,0.141912,0.0196595,0.00154661,0.00174142,0.0103203,0.0101781,0.0640447,0.0208848,0.0202244,0.0094216,0.00942398,3.99899E-07,7.93341E-08,0.0106057,0.0104128,0,0,0,0,0.298672,0.298672,1.38774,4.46575
F1,0,1000,1.4142,1,6,0.296032,0.29549,0.0251818,0.0158675,-0.0160022,-0.025272,0.143784,-0.0106281,0.141635,0.0196572,0.0015466,0.00174141,0.0103203,0.0101781,0.063927,0.0209442,0.0202822,0.00968054,0.00967784,4.18332E-07,8.44713E-08,0.010606,0.0104127,0.00206537,0,0.00662904,0,0.295993,0.296026,1.36123,4.46575
F2,0,1000,1.4142,1,6,0.299262,0.29869,0.0205241,0.0204639,-0.020592,-0.0206174,0.143831,-0.0106951,0.141635,0.0196592,0.0015466,0.00174138,0.0103203,0.0101781,0.063927,0.0209443,0.0202821,0.00942236,0.00942236,3.99281E-07,7.94831E-08,0.0106051,0.0104127,2.29678E-08,0,2.2106E-05,0,0.299262,0.299262,1.36141,4.46575
B,0,1000,1.4142,1,6,0.299266,0.298694,0.0205188,0.0204692,-0.0205867,-0.0206227,0.143831,-0.0106951,0.141635,0.0196592,0.0015466,0.00174138,0.0103203,0.0101781,0.063927,0.0209443,0.0202821,0.00942236,0.00942236,3.99273E-07,7.94802E-08,0.0106051,0.0104127,9.93144E-09,0,1.45364E-05,0,0.299266,0.299266,1.36141,4.46575
A,0,1000,2.8284,1,0,0.298429,0.299059,0.0206582,0.0203109,-0.0205098,-0.020686,0.143516,-0.010676,0.141917,0.0196581,0.00154661,0.0017414,0.0103203,0.0101781,0.0640467,0.0208833,0.0202239,0.00941852,0.00942068,4.02849E-07,8.09806E-08,0.0106055,0.0104128,0,0,0,0,0.298428,0.298429,2.80167,4.46476
F1,0,1000,2.8284,1,0,0.298975,0.298504,0.0206572,0.0203132,-0.0205105,-0.0206824,0.143792,-0.0106757,0.14164,0.0196578,0.0015466,0.00174135,0.0103203,0.0101781,0.063929,0.0209428,0.0202815,0.00941895,0.00941946,4.02291E-07,8.1169E-08,0.0106048,0.0104127,1.94251E-06,0,0.000203298,0,0.298974,0.298975,2.77513,4.46476
F2,0,1000,2.8284,1,0,0.29914,0.298658,0.0205464,0.0204252,-0.0205702,-0.0206223,0.143795,-0.0106773,0.14164,0.0196579,0.0015466,0.00174135,0.0103203,0.0101781,0.063929,0.0209428,0.0202815,0.00941904,0.00941902,4.01947E-07,8.10413E-08,0.0106048,0.0104127,9.18799E-08,0,4.42142E-05,0,0.29914,0.29914,2.77513,4.46476
B,0,1000,2.8284,1,0,0.299155,0.298673,0.0205358,0.0204359,-0.0205596,-0.0206328,0.143795,-0.0106774,0.14164,0.0196579,0.0015466,0.00174135,0.0103203,0.0101781,0.063929,0.0209428,0.0202815,0.00941904,0.00941902,4.01914E-07,8.10295E-08,0.0106048,0.0104127,3.97296E-08,0,2.90742E-05,0,0.299155,0.299156,2.77513,4.46476
A,0,1000,2.8284,1,1,0.298428,0.299059,0.0206583,0.0203109,-0.0205098,-0.020686,0.143516,-0.010676,0.141917,0.0196581,0.00154661,0.0017414,0.0103203,0.0101781,0.0640468,0.0208833,0.0202238,0.00941852,0.00942068,4.0285E-07,8.09795E-08,0.0106055,0.0104128,0,0,0,0,0.298428,0.298429,2.80157,4.57635
F1,0,1000,2.8284,1,1,0.282204,0.281778,0.0483319,4.57626E-05,-5.67751E-05,-0.0485933,0.143383,-0.0103406,0.14164,0.0196259,0.00154657,0.00174243,0.0103192,0.010178,0.063929,0.020942,0.0202823,0.0171886,0.0171738,8.38458E-07,1.86059E-07,0.0106296,0.0104127,0.0559696,0,0.0345086,0,0.281793,0.282069,2.77464,4.57635
F2,0,1000,2.8284,1,1,0.282204,0.281778,0.0483319,4.57626E-05,-5.67751E-05,-0.0485933,0.143383,-0.0103406,0.14164,0.0196259,0.00154657,0.00174243,0.0103192,0.010178,0.063929,0.020942,0.0202823,0.0171886,0.0171738,8.38458E-07,1.86059E-07,0.0106296,0.0104127,0.0559696,0,0.0345086,0,0.281793,0.282069,2.77464,4.57635
B,0,1000,2.8284,1,1,0.282204,0.281778,0.0483319,4.57627E-05,-5.67753E-05,-0.0485932,0.143383,-0.0103406,0.14164,0.0196259,0.00154657,0.00174243,0.0103192,0.010178,0.063929,0.020942,0.0202823,0.0171886,0.0171737,8.38458E-07,1.86059E-07,0.0106296,0.0104127,0.0559696,0,0.0345086,0,0.281793,0.282069,2.77464,4.57635
A,0,1000,2.8284,1,2,0.298429,0.299059,0.0206583,0.0203109,-0.0205098,-0.020686,0.143516,-0.010676,0.141917,0.0196581,0.00154661,0.0017414,0.0103203,0.0101781,0.0640468,0.0208833,0.0202238,0.00941852,0.00942068,4.0285E-07,8.09796E-08,0.0106055,0.0104128,0,0,0,0,0.298428,0.298429,2.80154,4.50196
F1,0,1000,2.8284,1,2,0.282198,0.281783,0.0483316,4.57671E-05,-5.67828E-05,-0.048593,0.143383,-0.0103406,0.14164,0.0196259,0.00154657,0.00174243,0.0103192,0.010178,0.063929,0.020942,0.0202823,0.0171883,0.0171742,8.38448E-07,1.86064E-07,0.0106296,0.0104127,0.05597,0,0.0345087,0,0.281792,0.282058,2.77462,4.50196
F2,0,1000,2.8284,1,2,0.29914,0.298658,0.0205464,0.0204252,-0.0205702,-0.0206223,0.143795,-0.0106773,0.14164,0.0196579,0.0015466,0.00174135,0.0103203,0.0101781,0.0639291,0.0209428,0.0202815,0.00941904,0.00941902,4.01948E-07,8.10404E-08,0.0106048,0.0104127,9.18635E-08,0,4.42102E-05,0,0.299139,0.29914,2.77506,4.50196
B,0,1000,2.8284,1,2,0.299155,0.298673,0.0205358,0.0204359,-0.0205596,-0.0206328,0.143795,-0.0106774,0.14164,0.0196579,0.0015466,0.00174135,0.0103203,0.0101781,0.0639291,0.0209428,0.0202815,0.00941904,0.00941902,4.01915E-07,8.10286E-08,0.0106048,0.0104127,3.97225E-08,0,2.90716E-05,0,0.299154,0.299155,2.77506,4.50196
A,0,1000,2.8284,1,3,0.298429,0.299059,0.0206583,0.0203109,-0.0205098,-0.020686,0.143516,-0.010676,0.141917,0.0196581,0.00154661,0.0017414,0.0103203,0.0101781,0.0640468,0.0208833,0.0202238,0.00941852,0.00942068,4.0285E-07,8.09796E-08,0.0106055,0.0104128,0,0,0,0,0.298428,0.298429,2.80154,4.50195
F1,0,1000,2.8284,1,3,0.298975,0.298504,0.0206571,0.0203132,-0.0205105,-0.0206824,0.143792,-0.0106757,0.14164,0.0196578,0.0015466,0.00174135,0.0103203,0.0101781,0.0639291,0.0209428,0.0202815,0.00941895,0.00941946,4.02291E-07,8.1168E-08,0.0106048,0.0104127,1.94217E-06,0,0.00020328,0,0.298974,0.298975,2.77505,4.50195
F2,0,1000,2.8284,1,3,0.282198,0.281783,0.0483316,4.57671E-05,-5.67829E-05,-0.048593,0.143383,-0.0103406,0.14164,0.0196259,0.00154657,0.00174243,0.0103192,0.010178,0.063929,0.020942,0.0202823,0.0171883,0.0171742,8.38447E-07,1.86064E-07,0.0106296,0.0104127,0.05597,0,0.0345087,0,0.281792,0.282058,2.77462,4.50195
B,0,1000,2.8284,1,3,0.299155,0.298673,0.0205358,0.0204359,-0.0205596,-0.0206328,0.143795,-0.0106774,0.14164,0.0196579,0.0015466,0.00174135,0.0103203,0.0101781,0.0639291,0.0209428,0.0202815,0.00941904,0.00941902,4.01915E-07,8.10286E-08,0.0106048,0.0104127,3.97225E-08,0,2.90716E-05,0,0.299154,0.299155,2.77506,4.50195
A,0,1000,2.8284,1,4,0.298429,0.299059,0.0206583,0.0203109,-0.0205098,-0.020686,0.143516,-0.010676,0.141917,0.0196581,0.00154661,0.0017414,0.0103203,0.0101781,0.0640468,0.0208833,0.0202238,0.00941852,0.00942068,4.0285E-07,8.09796E-08,0.0106055,0.0104128,0,0,0,0,0.298428,0.298429,2.80154,4.50195
F1,0,1000,2.8284,1,4,0.298975,0.298504,0.0206571,0.0203132,-0.0205105,-0.0206824,0.143792,-0.0106757,0.14164,0.0196578,0.0015466,0.00174135,0.0103203,0.0101781,0.0639291,0.0209428,0.0202815,0.00941895,0.00941946,4.02291E-07,8.1168E-08,0.0106048,0.0104127,1.94216E-06,0,0.00020328,0,0.298974,0.298975,2.77505,4.50195
F2,0,1000,2.8284,1,4,0.29914,0.298658,0.0205464,0.0204252,-0.0205702,-0.0206223,0.143795,-0.0106773,0.14164,0.0196579,0.0015466,0.00174135,0.0103203,0.0101781,0.0639291,0.0209428,0.0202815,0.00941904,0.00941902,4.01948E-07,8.10404E-08,0.0106048,0.0104127,9.18635E-08,0,4.42102E-05,0,0.299139,0.29914,2.77506,4.50195
B,0,1000,2.8284,1,4,0.282198,0.281783,0.0483316,4.57672E-05,-5.67829E-05,-0.048593,0.143383,-0.0103406,0.14164,0.0196259,0.00154657,0.00174243,0.0103192,0.010178,0.063929,0.020942,0.0202823,0.0171883,0.0171742,8.38447E-07,1.86064E-07,0.0106296,0.0104127,0.05597,0,0.0345087,0,0.281792,0.282058,2.77462,4.50195
A,0,1000,2.8284,1,5,0.298429,0.299059,0.0206583,0.0203109,-0.0205098,-0.020686,0.143516,-0.010676,0.141917,0.0196581,0.00154661,0.0017414,0.0103203,0.0101781,0.0640468,0.0208833,0.0202238,0.00941852,0.00942068,4.0285E-07,8.09797E-08,0.0106055,0.0104128,0,0,0,0,0.298428,0.298429,2.80152,4.48355
F1,0,1000,2.8284,1,5,0.277207,0.276827,0.0432253,0.000967001,-0.00104972,-0.0433908,0.143397,-0.0103772,0.141641,0.0196346,0.00154658,0.00174199,0.0103196,0.010178,0.063929,0.0209419,0.0202824,0.0150318,0.0150013,7.27552E-07,1.60237E-07,0.0106209,0.0104127,0.0427432,0,0.0301567,0,0.276886,0.277091,2.77453,4.48355
F2,0,1000,2.8284,1,5,0.29914,0.298658,0.0205464,0.0204252,-0.0205702,-0.0206223,0.143795,-0.0106773,0.14164,0.0196579,0.0015466,0.00174135,0.0103203,0.0101781,0.0639291,0.0209428,0.0202815,0.00941904,0.00941902,4.01948E-07,8.10405E-08,0.0106048,0.0104127,9.18656E-08,0,4.42107E-05,0,0.299139,0.29914,2.77503,4.48355
B,0,1000,2.8284,1,5,0.299155,0.298673,0.0205358,0.0204359,-0.0205596,-0.0206328,0.143795,-0.0106774,0.14164,0.0196579,0.0015466,0.00174135,0.0103203,0.0101781,0.0639291,0.0209428,0.0202815,0.00941904,0.00941902,4.01915E-07,8.10287E-08,0.0106048,0.0104127,3.97234E-08,0,2.9072E-05,0,0.299155,0.299155,2.77503,4.48355
A,0,1000,2.8284,1,6,0.298429,0.299059,0.0206582,0.0203109,-0.0205098,-0.020686,0.143516,-0.010676,0.141917,0.0196581,0.00154661,0.0017414,0.0103203,0.0101781,0.0640467,0.0208833,0.0202239,0.00941852,0.00942068,4.0285E-07,8.09803E-08,0.0106055,0.0104128,0,0,0,0,0.298428,0.298429,2.80163,4.46677
F1,0,1000,2.8284,1,6,0.286312,0.285877,0.0299347,0.0113063,-0.0114672,-0.030004,0.143603,-0.0105431,0.141641,0.01965,0.0015466,0.00174149,0.0103202,0.0101781,0.063929,0.0209421,0.0202822,0.010458,0.0104424,4.79347E-07,1.01662E-07,0.0106084,0.0104127,0.0082618,0,0.0132583,0,0.286225,0.286292,2.77472,4.46677
F2,0,1000,2.8284,1,6,0.29914,0.298658,0.0205464,0.0204252,-0.0205702,-0.0206223,0.143795,-0.0106773,0.14164,0.0196579,0.0015466,0.00174135,0.0103203,0.0101781,0.063929,0.0209428,0.0202815,0.00941904,0.00941902,4.01947E-07,8.1041E-08,0.0106048,0.0104127,9.18752E-08,0,4.4213E-05,0,0.29914,0.29914,2.77508,4.46677
B,0,1000,2.8284,1,6,0.299155,0.298673,0.0205358,0.0204359,-0.0205596,-0.0206328,0.143795,-0.0106774,0.14164,0.0196579,0.0015466,0.00174135,0.0103203,0.0101781,0.063929,0.0209428,0.0202815,0.00941904,0.00941902,4.01914E-07,8.10292E-08,0.0106048,0.0104127,3.97275E-08,0,2.90735E-05,0,0.299155,0.299156,2.77508,4.46677
A,0,1000,3.818,1,0,0.298161,0.29889,0.0207103,0.0202403,-0.0204702,-0.0207063,0.143474,-0.0106626,0.141922,0.0196566,0.00154661,0.00174138,0.0103203,0.0101781,0.0640488,0.0208816,0.0202233,0.0094151,0.00941702,4.06121E-07,8.28504E-08,0.0106052,0.0104128,0,0,0,0,0.298161,0.298161,3.79128,4.46419
F1,0,1000,3.818,1,0,0.298707,0.298339,0.0207084,0.0202431,-0.0204718,-0.0207021,0.14375,-0.0106623,0.141645,0.0196563,0.0015466,0.00174133,0.0103203,0.0101781,0.0639311,0.0209411,0.020281,0.00941539,0.00941593,4.05542E-07,8.30466E-08,0.0106045,0.0104127,3.54062E-06,0,0.000274467,0,0.298707,0.298708,3.7646,4.46419
F2,0,1000,3.818,1,0,0.299005,0.298622,0.0205589,0.0203943,-0.0205508,-0.0206236,0.143754,-0.0106644,0.141645,0.0196564,0.0015466,0.00174133,0.0103203,0.0101781,0.0639311,0.0209411,0.020281,0.00941537,0.00941531,4.04903E-07,8.28101E-08,0.0106045,0.0104127,1.67469E-07,0,5.96924E-05,0,0.299006,0.299006,3.76461,4.46419
B,0,1000,3.818,1,0,0.299033,0.29865,0.0205447,0.0204087,-0.0205364,-0.0206371,0.143755,-0.0106646,0.141645,0.0196564,0.0015466,0.00174133,0.0103203,0.0101781,0.0639311,0.0209411,0.020281,0.00941536,0.00941531,4.04842E-07,8.27882E-08,0.0106045,0.0104127,7.24151E-08,0,3.92524E-05,0,0.299034,0.299034,3.76461,4.46419
A,0,1000,3.818,1,1,0.298161,0.29889,0.0207103,0.0202403,-0.0204702,-0.0207063,0.143474,-0.0106626,0.141923,0.0196566,0.00154661,0.00174138,0.0103203,0.0101781,0.0640489,0.0208816,0.0202233,0.0094151,0.00941702,4.06122E-07,8.28488E-08,0.0106052,0.0104128,0,0,0,0,0.29816,0.298161,3.79115,4.8911
F1,0,1000,3.818,1,1,0.302318,0.301849,0.0651316,-1.20919E-08,-1.8117E-08,-0.065503,0.143103,-0.0102215,0.141644,0.0195701,0.00154651,0.00174494,0.0103168,0.0101777,0.063931,0.0209403,0.0202819,0.026682,0.0267004,1.40748E-06,3.35854E-07,0.0106764,0.0104126,0.101996,0,0.0465847,0,0.301882,0.302069,3.76408,4.8911
F2,0,1000,3.818,1,1,0.302318,0.301849,0.0651316,-1.20919E-08,-1.8117E-08,-0.065503,0.143103,-0.0102215,0.141644,0.0195701,0.00154651,0.00174494,0.0103168,0.0101777,0.063931,0.0209403,0.0202819,0.026682,0.0267004,1.40748E-06,3.35854E-07,0.0106764,0.0104126,0.101996,0,0.0465847,0,0.301882,0.302069,3.76408,4.8911
B,0,1000,3.818,1,1,0.302318,0.301849,0.0651316,-1.20914E-08,-1.81174E-08,-0.065503,0.143103,-0.0102215,0.141644,0.0195701,0.00154651,0.00174494,0.0103168,0.0101777,0.063931,0.0209403,0.0202819,0.026682,0.0267004,1.40748E-06,3.35854E-07,0.0106764,0.0104126,0.101996,0,0.0465847,0,0.301882,0.302069,3.76408,4.8911
A,0,1000,3.818,1,2,0.298161,0.29889,0.0207103,0.0202403,-0.0204702,-0.0207063,0.143474,-0.0106626,0.141922,0.0196566,0.00154661,0.00174138,0.0103203,0.0101781,0.0640489,0.0208816,0.0202233,0.0094151,0.00941702,4.06122E-07,8.28497E-08,0.0106052,0.0104128,0,0,0,0,0.298161,0.298161,3.79124,4.60651
F1,0,1000,3.818,1,2,0.302287,0.301879,0.0651341,-2.15037E-08,-1.03314E-08,-0.0655055,0.143103,-0.0102215,0.141644,0.0195701,0.00154651,0.00174494,0.0103168,0.0101777,0.063931,0.0209403,0.0202819,0.0266807,0.0267034,1.40745E-06,3.35892E-07,0.0106763,0.0104126,0.101999,0,0.0465854,0,0.30188,0.302006,3.76418,4.60651
F2,0,1000,3.818,1,2,0.299005,0.298622,0.0205589,0.0203943,-0.0205508,-0.0206236,0.143754,-0.0106644,0.141645,0.0196564,0.0015466,0.00174133,0.0103203,0.0101781,0.0639312,0.0209411,0.020281,0.00941537,0.00941531,4.04903E-07,8.28094E-08,0.0106045,0.0104127,1.67455E-07,0,5.96899E-05,0,0.299005,0.299005,3.76456,4.60651
B,0,1000,3.818,1,2,0.299033,0.29865,0.0205447,0.0204087,-0.0205364,-0.0206371,0.143755,-0.0106646,0.141645,0.0196564,0.0015466,0.00174133,0.0103203,0.0101781,0.0639312,0.0209411,0.020281,0.00941536,0.00941532,4.04842E-07,8.27875E-08,0.0106045,0.0104127,7.2409E-08,0,3.92507E-05,0,0.299033,0.299033,3.76456,4.60651
A,0,1000,3.818,1,3,0.298161,0.29889,0.0207103,0.0202403,-0.0204702,-0.0207063,0.143474,-0.0106626,0.141922,0.0196566,0.00154661,0.00174138,0.0103203,0.0101781,0.0640489,0.0208816,0.0202233,0.0094151,0.00941702,4.06122E-07,8.28497E-08,0.0106052,0.0104128,0,0,0,0,0.298161,0.298161,3.79124,4.6065
F1,0,1000,3.818,1,3,0.298707,0.298339,0.0207084,0.0202431,-0.0204718,-0.0207021,0.14375,-0.0106623,0.141645,0.0196563,0.0015466,0.00174133,0.0103203,0.0101781,0.0639312,0.0209411,0.020281,0.00941539,0.00941594,4.05542E-07,8.30459E-08,0.0106045,0.0104127,3.54032E-06,0,0.000274456,0,0.298707,0.298707,3.76455,4.6065
F2,0,1000,3.818,1,3,0.302287,0.301879,0.0651341,-2.15012E-08,-1.0332E-08,-0.0655055,0.143103,-0.0102215,0.141644,0.0195701,0.00154651,0.00174494,0.0103168,0.0101777,0.063931,0.0209403,0.0202819,0.0266807,0.0267034,1.40745E-06,3.35892E-07,0.0106763,0.0104126,0.101999,0,0.0465854,0,0.30188,0.302006,3.76418,4.6065
B,0,1000,3.818,1,3,0.299033,0.29865,0.0205447,0.0204087,-0.0205364,-0.0206371,0.143755,-0.0106646,0.141645,0.0196564,0.0015466,0.00174133,0.0103203,0.0101781,0.0639312,0.0209411,0.020281,0.00941536,0.00941532,4.04842E-07,8.27875E-08,0.0106045,0.0104127,7.2409E-08,0,3.92507E-05,0,0.299033,0.299033,3.76456,4.6065
A,0,1000,3.818,1,4,0.298161,0.29889,0.0207103,0.0202403,-0.0204702,-0.0207063,0.143474,-0.0106626,0.141922,0.0196566,0.00154661,0.00174138,0.0103203,0.0101781,0.0640489,0.0208816,0.0202233,0.0094151,0.00941702,4.06122E-07,8.28497E-08,0.0106052,0.0104128,0,0,0,0,0.298161,0.298161,3.79124,4.6065
F1,0,1000,3.818,1,4,0.298707,0.298339,0.0207084,0.0202431,-0.0204718,-0.0207021,0.14375,-0.0106623,0.141645,0.0196563,0.0015466,0.00174133,0.0103203,0.0101781,0.0639312,0.0209411,0.020281,0.00941539,0.00941594,4.05542E-07,8.30459E-08,0.0106045,0.0104127,3.54032E-06,0,0.000274456,0,0.298707,0.298707,3.76455,4.6065
F2,0,1000,3.818,1,4,0.299005,0.298622,0.0205589,0.0203943,-0.0205508,-0.0206236,0.143754,-0.0106644,0.141645,0.0196564,0.0015466,0.00174133,0.0103203,0.0101781,0.0639312,0.0209411,0.020281,0.00941537,0.00941531,4.04903E-07,8.28094E-08,0.0106045,0.0104127,1.67455E-07,0,5.96899E-05,0,0.299005,0.299005,3.76455,4.6065
B,0,1000,3.818,1,4,0.302287,0.301879,0.0651341,-2.15015E-08,-1.03322E-08,-0.0655055,0.143103,-0.0102215,0.141644,0.0195701,0.00154651,0.00174494,0.0103168,0.0101777,0.063931,0.0209403,0.0202819,0.0266807,0.0267034,1.40745E-06,3.35892E-07,0.0106763,0.0104126,0.101999,0,0.0465854,0,0.30188,0.302006,3.76418,4.6065
A,0,1000,3.818,1,5,0.298161,0.29889,0.0207103,0.0202403,-0.0204702,-0.0207063,0.143474,-0.0106626,0.141922,0.0196566,0.00154661,0.00174138,0.0103203,0.0101781,0.0640488,0.0208816,0.0202233,0.0094151,0.00941702,4.06121E-07,8.28501E-08,0.0106052,0.0104128,0,0,0,0,0.298161,0.298161,3.79126,4.54957
F1,0,1000,3.818,1,5,0.282753,0.282356,0.0569221,5.6893E-07,-6.60153E-07,-0.0572455,0.143105,-0.0102703,0.141643,0.0195948,0.00154655,0.00174361,0.010318,0.0101779,0.063931,0.0209398,0.0202824,0.0215229,0.0215294,1.12198E-06,2.6468E-07,0.010652,0.0104126,0.0778996,0,0.0407117,0,0.282428,0.282512,3.76411,4.54957
F2,0,1000,3.818,1,5,0.299005,0.298622,0.0205589,0.0203943,-0.0205508,-0.0206236,0.143754,-0.0106644,0.141645,0.0196564,0.0015466,0.00174133,0.0103203,0.0101781,0.0639311,0.0209411,0.020281,0.00941537,0.00941531,4.04903E-07,8.28098E-08,0.0106045,0.0104127,1.67462E-07,0,5.96911E-05,0,0.299005,0.299006,3.76458,4.54957
B,0,1000,3.818,1,5,0.299033,0.29865,0.0205447,0.0204087,-0.0205364,-0.0206371,0.143755,-0.0106646,0.141645,0.0196564,0.0015466,0.00174133,0.0103203,0.0101781,0.0639311,0.0209411,0.020281,0.00941536,0.00941532,4.04842E-07,8.27878E-08,0.0106045,0.0104127,7.2412E-08,0,3.92515E-05,0,0.299033,0.299034,3.76458,4.54957
A,0,1000,3.818,1,6,0.298161,0.29889,0.0207103,0.0202403,-0.0204702,-0.0207063,0.143474,-0.0106626,0.141922,0.0196566,0.00154661,0.00174138,0.0103203,0.0101781,0.0640488,0.0208816,0.0202233,0.0094151,0.00941702,4.06121E-07,8.28504E-08,0.0106052,0.0104128,0,0,0,0,0.298161,0.298161,3.79128,4.46814
F1,0,1000,3.818,1,6,0.275762,0.275457,0.0333224,0.00817673,-0.00835768,-0.0333768,0.143402,-0.0104823,0.141646,0.0196419,0.00154659,0.00174158,0.01032,0.0101781,0.0639311,0.0209399,0.0202822,0.0113185,0.0112893,5.48328E-07,1.21873E-07,0.0106111,0.0104127,0.0150588,0,0.0178997,0,0.275654,0.275709,3.76411,4.46814
F2,0,1000,3.818,1,6,0.299005,0.298622,0.0205589,0.0203943,-0.0205508,-0.0206236,0.143754,-0.0106644,0.141645,0.0196564,0.0015466,0.00174133,0.0103203,0.0101781,0.0639311,0.0209411,0.020281,0.00941537,0.00941531,4.04903E-07,8.28101E-08,0.0106045,0.0104127,1.67468E-07,0,5.96922E-05,0,0.299006,0.299006,3.7646,4.46814
B,0,1000,3.818,1,6,0.299033,0.29865,0.0205447,0.0204087,-0.0205364,-0.0206371,0.143755,-0.0106646,0.141645,0.0196564,0.0015466,0.00174133,0.0103203,0.0101781,0.0639311,0.0209411,0.020281,0.00941536,0.00941531,4.04842E-07,8.27881E-08,0.0106045,0.0104127,7.24146E-08,0,3.92522E-05,0,0.299034,0.299034,3.7646,4.46814
A,0,20000,0,1,0,0.298752,0.299265,0.0204957,0.0204957,-0.0206094,-0.0206094,0.143567,-0.0107128,0.141911,0.0196599,0.00154661,0.00174143,0.0103203,0.0101781,0.0640441,0.0208853,0.0202246,0.00942262,0.00942507,3.98924E-07,7.87965E-08,0.0106058,0.0104128,0,0,0,0,0.298752,0.298752,-0.0261155,4.46544
F1,0,20000,0,1,0,0.299303,0.298701,0.0204968,0.0204968,-0.0206075,-0.0206075,0.143843,-0.0107125,0.141633,0.0196596,0.0015466,0.00174138,0.0103203,0.0101781,0.0639264,0.0209448,0.0202822,0.00942346,0.00942346,3.98401E-07,7.89741E-08,0.0106052,0.0104127,1.86552E-29,0,6.29256E-16,0,0.299303,0.299303,-0.0522274,4.46544
F2,0,20000,0,1,0,0.299303,0.298701,0.0204968,0.0204968,-0.0206075,-0.0206075,0.143843,-0.0107125,0.141633,0.0196596,0.0015466,0.00174138,0.0103203,0.0101781,0.0639264,0.0209448,0.0202822,0.00942346,0.00942346,3.98401E-07,7.89741E-08,0.0106052,0.0104127,1.89844E-30,0,2.01038E-16,0,0.299303,0.299303,-0.0522274,4.46544
B,0,20000,0,1,0,0.299303,0.298701,0.0204968,0.0204968,-0.0206075,-0.0206075,0.143843,-0.0107125,0.141633,0.0196596,0.0015466,0.00174138,0.0103203,0.0101781,0.0639264,0.0209448,0.0202822,0.00942346,0.00942346,3.98401E-07,7.89741E-08,0.0106052,0.0104127,4.42975E-27,0,9.70808E-15,0,0.299303,0.299303,-0.0522274,4.46544
A,0,20000,0,1,1,0.298752,0.299265,0.0204957,0.0204957,-0.0206094,-0.0206094,0.143567,-0.0107128,0.141911,0.0196599,0.00154661,0.00174143,0.0103203,0.0101781,0.0640441,0.0208853,0.0202246,0.00942262,0.00942507,3.98924E-07,7.87965E-08,0.0106058,0.0104128,0,0,0,0,0.298752,0.298752,-0.0261155,4.46544
F1,0,20000,0,1,1,0.299303,0.298701,0.0204968,0.0204968,-0.0206075,-0.0206075,0.143843,-0.0107125,0.141633,0.0196596,0.0015466,0.00174138,0.0103203,0.0101781,0.0639264,0.0209448,0.0202822,0.00942346,0.00942346,3.98401E-07,7.89741E-08,0.0106052,0.0104127,3.29286E-25,0,8.38437E-14,0,0.299303,0.299303,-0.0522274,4.46544
F2,0,20000,0,1,1,0.299303,0.298701,0.0204968,0.0204968,-0.0206075,-0.0206075,0.143843,-0.0107125,0.141633,0.0196596,0.0015466,0.00174138,0.0103203,0.0101781,0.0639264,0.0209448,0.0202822,0.00942346,0.00942346,3.98401E-07,7.89741E-08,0.0106052,0.0104127,3.10378E-25,0,8.13317E-14,0,0.299303,0.299303,-0.0522274,4.46544
B,0,20000,0,1,1,0.299303,0.298701,0.0204968,0.0204968,-0.0206075,-0.0206075,0.143843,-0.0107125,0.141633,0.0196596,0.0015466,0.00174138,0.0103203,0.0101781,0.0639264,0.0209448,0.0202822,0.00942346,0.00942346,3.98401E-07,7.89741E-08,0.0106052,0.0104127,3.19248E-25,0,8.23378E-14,0,0.299303,0.299303,-0.0522274,4.46544
A,0,20000,0,1,2,0.298752,0.299265,0.0204957,0.0204957,-0.0206094,-0.0206094,0.143567,-0.0107128,0.141911,0.0196599,0.00154661,0.00174143,0.0103203,0.0101781,0.0640441,0.0208853,0.0202246,0.00942262,0.00942507,3.98924E-07,7.87965E-08,0.0106058,0.0104128,0,0,0,0,0.298752,0.298752,-0.0261155,4.46544
F1,0,20000,0,1,2,0.299303,0.298701,0.0204968,0.0204968,-0.0206075,-0.0206075,0.143843,-0.0107125,0.141633,0.0196596,0.0015466,0.00174138,0.0103203,0.0101781,0.0639264,0.0209448,0.0202822,0.00942346,0.00942346,3.98401E-07,7.89741E-08,0.0106052,0.0104127,3.24136E-25,0,8.29155E-14,0,0.299303,0.299303,-0.0522274,4.46544
F2,0,20000,0,1,2,0.299303,0.298701,0.0204968,0.0204968,-0.0206075,-0.0206075,0.143843,-0.0107125,0.141633,0.0196596,0.0015466,0.00174138,0.0103203,0.0101781,0.0639264,0.0209448,0.0202822,0.00942346,0.00942346,3.98401E-07,7.89741E-08,0.0106052,0.0104127,1.8881E-30,0,2.00745E-16,0,0.299303,0.299303,-0.0522274,4.46544
B,0,20000,0,1,2,0.299303,0.298701,0.0204968,0.0204968,-0.0206075,-0.0206075,0.143843,-0.0107125,0.141633,0.0196596,0.0015466,0.00174138,0.0103203,0.0101781,0.0639264,0.0209448,0.0202822,0.00942346,0.00942346,3.98401E-07,7.89741E-08,0.0106052,0.0104127,4.42987E-27,0,9.70801E-15,0,0.299303,0.299303,-0.0522274,4.46544
A,0,20000,0,1,3,0.298752,0.299265,0.0204957,0.0204957,-0.0206094,-0.0206094,0.143567,-0.0107128,0.141911,0.0196599,0.00154661,0.00174143,0.0103203,0.0101781,0.0640441,0.0208853,0.0202246,0.00942262,0.00942507,3.98924E-07,7.87965E-08,0.0106058,0.0104128,0,0,0,0,0.298752,0.298752,-0.0261155,4.46544
F1,0,20000,0,1,3,0.299303,0.298701,0.0204968,0.0204968,-0.0206075,-0.0206075,0.143843,-0.0107125,0.141633,0.0196596,0.0015466,0.00174138,0.0103203,0.0101781,0.0639264,0.0209448,0.0202822,0.00942346,0.00942346,3.98401E-07,7.89741E-08,0.0106052,0.0104127,1.84473E-29,0,6.25315E-16,0,0.299303,0.299303,-0.0522274,4.46544
F2,0,20000,0,1,3,0.299303,0.298701,0.0204968,0.0204968,-0.0206075,-0.0206075,0.143843,-0.0107125,0.141633,0.0196596,0.0015466,0.00174138,0.0103203,0.0101781,0.0639264,0.0209448,0.0202822,0.00942346,0.00942346,3.98401E-07,7.89741E-08,0.0106052,0.0104127,3.26533E-25,0,8.33482E-14,0,0.299303,0.299303,-0.0522274,4.46544
B,0,20000,0,1,3,0.299303,0.298701,0.0204968,0.0204968,-0.0206075,-0.0206075,0.143843,-0.0107125,0.141633,0.0196596,0.0015466,0.00174138,0.0103203,0.0101781,0.0639264,0.0209448,0.0202822,0.00942346,0.00942346,3.98401E-07,7.89741E-08,0.0106052,0.0104127,4.42442E-27,0,9.70249E-15,0,0.299303,0.299303,-0.0522274,4.46544
A,0,20000,0,1,4,0.298752,0.299265,0.0204957,0.0204957,-0.0206094,-0.0206094,0.143567,-0.0107128,0.141911,0.0196599,0.00154661,0.00174143,0.0103203,0.0101781,0.0640441,0.0208853,0.0202246,0.00942262,0.00942507,3.98924E-07,7.87965E-08,0.0106058,0.0104128,0,0,0,0,0.298752,0.298752,-0.0261155,4.46544
F1,0,20000,0,1,4,0.299303,0.298701,0.0204968,0.0204968,-0.0206075,-0.0206075,0.143843,-0.0107125,0.141633,0.0196596,0.0015466,0.00174138,0.0103203,0.0101781,0.0639264,0.0209448,0.0202822,0.00942346,0.00942346,3.98401E-07,7.89741E-08,0.0106052,0.0104127,1.90158E-29,0,6.34039E-16,0,0.299303,0.299303,-0.0522274,4.46544
F2,0,20000,0,1,4,0.299303,0.298701,0.0204968,0.0204968,-0.0206075,-0.0206075,0.143843,-0.0107125,0.141633,0.0196596,0.0015466,0.00174138,0.0103203,0.0101781,0.0639264,0.0209448,0.0202822,0.00942346,0.00942346,3.98401E-07,7.89741E-08,0.0106052,0.0104127,1.85378E-30,0,1.98659E-16,0,0.299303,0.299303,-0.0522274,4.46544
B,0,20000,0,1,4,0.299303,0.298701,0.0204968,0.0204968,-0.0206075,-0.0206075,0.143843,-0.0107125,0.141633,0.0196596,0.0015466,0.00174138,0.0103203,0.0101781,0.0639264,0.0209448,0.0202822,0.00942346,0.00942346,3.98401E-07,7.89741E-08,0.0106052,0.0104127,3.21064E-25,0,8.28016E-14,0,0.299303,0.299303,-0.0522274,4.46544
A,0,20000,0,1,5,0.298752,0.299265,0.0204957,0.0204957,-0.0206094,-0.0206094,0.143567,-0.0107128,0.141911,0.0196599,0.00154661,0.00174143,0.0103203,0.0101781,0.0640441,0.0208853,0.0202246,0.00942262,0.00942507,3.98924E-07,7.87965E-08,0.0106058,0.0104128,0,0,0,0,0.298752,0.298752,-0.0261155,4.46544
F1,0,20000,0,1,5,0.299303,0.298701,0.0204968,0.0204968,-0.0206075,-0.0206075,0.143843,-0.0107125,0.141633,0.0196596,0.0015466,0.00174138,0.0103203,0.0101781,0.0639264,0.0209448,0.0202822,0.00942346,0.00942346,3.98401E-07,7.89741E-08,0.0106052,0.0104127,2.23925E-25,0,6.90808E-14,0,0.299303,0.299303,-0.0522274,4.46544
F2,0,20000,0,1,5,0.299303,0.298701,0.0204968,0.0204968,-0.0206075,-0.0206075,0.143843,-0.0107125,0.141633,0.0196596,0.0015466,0.00174138,0.0103203,0.0101781,0.0639264,0.0209448,0.0202822,0.00942346,0.00942346,3.98401E-07,7.89741E-08,0.0106052,0.0104127,1.93656E-30,0,2.03053E-16,0,0.299303,0.299303,-0.0522274,4.46544
B,0,20000,0,1,5,0.299303,0.298701,0.0204968,0.0204968,-0.0206075,-0.0206075,0.143843,-0.0107125,0.141633,0.0196596,0.0015466,0.00174138,0.0103203,0.0101781,0.0639264,0.0209448,0.0202822,0.00942346,0.00942346,3.98401E-07,7.89741E-08,0.0106052,0.0104127,4.42914E-27,0,9.70763E-15,0,0.299303,0.299303,-0.0522274,4.46544
A,0,20000,0,1,6,0.298752,0.299265,0.0204957,0.0204957,-0.0206094,-0.0206094,0.143567,-0.0107128,0.141911,0.0196599,0.00154661,0.00174143,0.0103203,0.0101781,0.0640441,0.0208853,0.0202246,0.00942262,0.00942507,3.98924E-07,7.87965E-08,0.0106058,0.0104128,0,0,0,0,0.298752,0.298752,-0.0261155,4.46544
F1,0,20000,0,1,6,0.299303,0.298701,0.0204968,0.0204968,-0.0206075,-0.0206075,0.143843,-0.0107125,0.141633,0.0196596,0.0015466,0.00174138,0.0103203,0.0101781,0.0639264,0.0209448,0.0202822,0.00942346,0.00942346,3.98401E-07,7.89741E-08,0.0106052,0.0104127,3.6085E-26,0,2.7724E-14,0,0.299303,0.299303,-0.0522274,4.46544
F2,0,20000,0,1,6,0.299303,0.298701,0.0204968,0.0204968,-0.0206075,-0.0206075,0.143843,-0.0107125,0.141633,0.0196596,0.0015466,0.00174138,0.0103203,0.0101781,0.0639264,0.0209448,0.0202822,0.00942346,0.00942346,3.98401E-07,7.89741E-08,0.0106052,0.0104127,1.87024E-30,0,1.99006E-16,0,0.299303,0.299303,-0.0522274,4.46544
B,0,20000,0,1,6,0.299303,0.298701,0.0204968,0.0204968,-0.0206075,-0.0206075,0.143843,-0.0107125,0.141633,0.0196596,0.0015466,0.00174138,0.0103203,0.0101781,0.0639264,0.0209448,0.0202822,0.00942346,0.00942346,3.98401E-07,7.89741E-08,0.0106052,0.0104127,4.43018E-27,0,9.70901E-15,0,0.299303,0.299303,-0.0522274,4.46544
A,0,20000,0.4243,1,0,0.298745,0.299261,0.0205214,0.0204695,-0.0205948,-0.0206235,0.143566,-0.0106777,0.141911,0.0196599,0.00154661,0.00174139,0.0103203,0.0101781,0.0640441,0.0208852,0.0202246,0.00942253,0.00942497,3.99113E-07,7.89582E-08,0.0106058,0.0104128,0,0,0,0,0.298745,0.298745,0.398075,4.46543
F1,0,20000,0.4243,1,0,0.299295,0.298696,0.0205222,0.0204708,-0.0205932,-0.0206214,0.143842,-0.0106775,0.141633,0.0196595,0.0015466,0.00174135,0.0103203,0.0101781,0.0639264,0.0209447,0.0202822,0.00942337,0.00942337,3.98589E-07,7.91362E-08,0.0106052,0.0104127,4.37659E-08,0,3.05154E-05,0,0.299295,0.299295,0.372252,4.46543
F2,0,20000,0.4243,1,0,0.299299,0.2987,0.0205055,0.0204875,-0.0206009,-0.0206138,0.143842,-0.0106776,0.141633,0.0196595,0.0015466,0.00174135,0.0103203,0.0101781,0.0639264,0.0209447,0.0202822,0.00942336,0.00942336,3.9858E-07,7.9132E-08,0.0106052,0.0104127,2.07004E-09,0,6.63652E-06,0,0.299299,0.299299,0.372253,4.46543
B,0,20000,0.4243,1,0,0.299299,0.2987,0.020504,0.0204891,-0.0205998,-0.0206148,0.143842,-0.0106776,0.141633,0.0196595,0.0015466,0.00174135,0.0103203,0.0101781,0.0639264,0.0209447,0.0202822,0.00942336,0.00942336,3.98579E-07,7.91316E-08,0.0106052,0.0104127,8.95098E-10,0,4.36402E-06,0,0.299299,0.299299,0.372253,4.46543
A,0,20000,0.4243,1,1,0.298745,0.299261,0.0205214,0.0204695,-0.0205948,-0.0206235,0.143566,-0.0106777,0.141911,0.0196599,0.00154661,0.00174139,0.0103203,0.0101781,0.0640441,0.0208852,0.0202246,0.00942253,0.00942497,3.99114E-07,7.89578E-08,0.0106058,0.0104128,0,0,0,0,0.298745,0.298745,0.398282,4.46685
F1,0,20000,0.4243,1,1,0.298351,0.29775,0.0250002,0.0160555,-0.0161602,-0.0251176,0.143826,-0.0106211,0.141634,0.0196587,0.0015466,0.00174134,0.0103202,0.0101781,0.0639264,0.0209447,0.0202822,0.00966289,0.00966106,4.12539E-07,8.29368E-08,0.0106059,0.0104127,0.0019134,0,0.0063805,0,0.29835,0.29835,0.372175,4.46685
F2,0,20000,0.4243,1,1,0.298351,0.29775,0.0250002,0.0160555,-0.0161602,-0.0251176,0.143826,-0.0106211,0.141634,0.0196587,0.0015466,0.00174134,0.0103202,0.0101781,0.0639264,0.0209447,0.0202822,0.00966289,0.00966106,4.12539E-07,8.29368E-08,0.0106059,0.0104127,0.0019134,0,0.0063805,0,0.29835,0.29835,0.372175,4.46685
B,0,20000,0.4243,1,1,0.298351,0.29775,0.0250002,0.0160555,-0.0161602,-0.0251176,0.143826,-0.0106211,0.141634,0.0196587,0.0015466,0.00174134,0.0103202,0.0101781,0.0639264,0.0209447,0.0202822,0.00966289,0.00966106,4.12539E-07,8.29368E-08,0.0106059,0.0104127,0.0019134,0,0.0063805,0,0.29835,0.29835,0.372175,4.46685
A,0,20000,0.4243,1,2,0.298745,0.299261,0.0205214,0.0204695,-0.0205948,-0.0206235,0.143566,-0.0106777,0.141911,0.0196599,0.00154661,0.00174139,0.0103203,0.0101781,0.0640441,0.0208852,0.0202246,0.00942253,0.00942497,3.99113E-07,7.89583E-08,0.0106058,0.0104128,0,0,0,0,0.298745,0.298745,0.398038,4.4659
F1,0,20000,0.4243,1,2,0.29835,0.29775,0.024996,0.0160594,-0.0161639,-0.0251137,0.143826,-0.010621,0.141633,0.0196587,0.0015466,0.00174134,0.0103202,0.0101781,0.0639264,0.0209447,0.0202822,0.00966288,0.00966109,4.12536E-07,8.29382E-08,0.0106059,0.0104127,0.00191349,0,0.00638065,0,0.298349,0.298349,0.372156,4.4659
F2,0,20000,0.4243,1,2,0.299299,0.2987,0.0205055,0.0204875,-0.0206009,-0.0206138,0.143842,-0.0106776,0.141633,0.0196595,0.0015466,0.00174135,0.0103203,0.0101781,0.0639264,0.0209447,0.0202822,0.00942336,0.00942336,3.9858E-07,7.9132E-08,0.0106052,0.0104127,2.07004E-09,0,6.63654E-06,0,0.299299,0.299299,0.372233,4.4659
B,0,20000,0.4243,1,2,0.299299,0.2987,0.020504,0.0204891,-0.0205998,-0.0206148,0.143842,-0.0106776,0.141633,0.0196595,0.0015466,0.00174135,0.0103203,0.0101781,0.0639264,0.0209447,0.0202822,0.00942336,0.00942336,3.98579E-07,7.91316E-08,0.0106052,0.0104127,8.95103E-10,0,4.36403E-06,0,0.299299,0.299299,0.372233,4.4659
A,0,20000,0.4243,1,3,0.298745,0.299261,0.0205214,0.0204695,-0.0205948,-0.0206235,0.143566,-0.0106777,0.141911,0.0196599,0.00154661,0.00174139,0.0103203,0.0101781,0.0640441,0.0208852,0.0202246,0.00942253,0.00942497,3.99113E-07,7.89583E-08,0.0106058,0.0104128,0,0,0,0,0.298745,0.298745,0.398038,4.4659
F1,0,20000,0.4243,1,3,0.299295,0.298696,0.0205222,0.0204708,-0.0205932,-0.0206214,0.143842,-0.0106775,0.141633,0.0196595,0.0015466,0.00174135,0.0103203,0.0101781,0.0639264,0.0209447,0.0202822,0.00942337,0.00942337,3.98589E-07,7.91362E-08,0.0106052,0.0104127,4.37661E-08,0,3.05155E-05,0,0.299295,0.299295,0.372232,4.4659
F2,0,20000,0.4243,1,3,0.29835,0.29775,0.024996,0.0160594,-0.0161639,-0.0251137,0.143826,-0.010621,0.141633,0.0196587,0.0015466,0.00174134,0.0103202,0.0101781,0.0639264,0.0209447,0.0202822,0.00966288,0.00966109,4.12536E-07,8.29382E-08,0.0106059,0.0104127,0.00191349,0,0.00638065,0,0.298349,0.298349,0.372156,4.4659
B,0,20000,0.4243,1,3,0.299299,0.2987,0.020504,0.0204891,-0.0205998,-0.0206148,0.143842,-0.0106776,0.141633,0.0196595,0.0015466,0.00174135,0.0103203,0.0101781,0.0639264,0.0209447,0.0202822,0.00942336,0.00942336,3.98579E-07,7.91316E-08,0.0106052,0.0104127,8.95103E-10,0,4.36403E-06,0,0.299299,0.299299,0.372233,4.4659
A,0,20000,0.4243,1,4,0.298745,0.299261,0.0205214,0.0204695,-0.0205948,-0.0206235,0.143566,-0.0106777,0.141911,0.0196599,0.00154661,0.00174139,0.0103203,0.0101781,0.0640441,0.0208852,0.0202246,0.00942253,0.00942497,3.99113E-07,7.89583E-08,0.0106058,0.0104128,0,0,0,0,0.298745,0.298745,0.398038,4.4659
F1,0,20000,0.4243,1,4,0.299295,0.298696,0.0205222,0.0204708,-0.0205932,-0.0206214,0.143842,-0.0106775,0.141633,0.0196595,0.0015466,0.00174135,0.0103203,0.0101781,0.0639264,0.0209447,0.0202822,0.00942337,0.00942337,3.98589E-07,7.91362E-08,0.0106052,0.0104127,4.37661E-08,0,3.05155E-05,0,0.299295,0.299295,0.372232,4.4659
F2,0,20000,0.4243,1,4,0.299299,0.2987,0.0205055,0.0204875,-0.0206009,-0.0206138,0.143842,-0.0106776,0.141633,0.0196595,0.0015466,0.00174135,0.0103203,0.0101781,0.0639264,0.0209447,0.0202822,0.00942336,0.00942336,3.9858E-07,7.9132E-08,0.0106052,0.0104127,2.07004E-09,0,6.63653E-06,0,0.299299,0.299299,0.372233,4.4659
B,0,20000,0.4243,1,4,0.29835,0.29775,0.024996,0.0160594,-0.0161639,-0.0251137,0.143826,-0.010621,0.141633,0.0196587,0.0015466,0.00174134,0.0103202,0.0101781,0.0639264,0.0209447,0.0202822,0.00966288,0.00966109,4.12536E-07,8.29382E-08,0.0106059,0.0104127,0.00191349,0,0.00638065,0,0.298349,0.298349,0.372156,4.4659
A,0,20000,0.4243,1,5,0.298745,0.299261,0.0205214,0.0204695,-0.0205948,-0.0206235,0.143566,-0.0106777,0.141911,0.0196599,0.00154661,0.00174139,0.0103203,0.0101781,0.0640441,0.0208852,0.0202246,0.00942253,0.00942497,3.99113E-07,7.89583E-08,0.0106058,0.0104128,0,0,0,0,0.298745,0.298745,0.397979,4.46575
F1,0,20000,0.4243,1,5,0.298515,0.297915,0.0242045,0.0168304,-0.0169381,-0.0243187,0.143829,-0.0106325,0.141633,0.0196589,0.0015466,0.00174134,0.0103202,0.0101781,0.0639264,0.0209447,0.0202822,0.00958635,0.00958495,4.08427E-07,8.18803E-08,0.0106057,0.0104127,0.00130215,0,0.0052636,0,0.298514,0.298514,0.372132,4.46575
F2,0,20000,0.4243,1,5,0.299299,0.2987,0.0205055,0.0204875,-0.0206009,-0.0206138,0.143842,-0.0106776,0.141633,0.0196595,0.0015466,0.00174135,0.0103203,0.0101781,0.0639264,0.0209447,0.0202822,0.00942336,0.00942336,3.98579E-07,7.91321E-08,0.0106052,0.0104127,2.07006E-09,0,6.63656E-06,0,0.299299,0.299299,0.372198,4.46575
B,0,20000,0.4243,1,5,0.299299,0.2987,0.020504,0.0204891,-0.0205998,-0.0206148,0.143842,-0.0106776,0.141633,0.0196595,0.0015466,0.00174135,0.0103203,0.0101781,0.0639264,0.0209447,0.0202822,0.00942336,0.00942336,3.98579E-07,7.91317E-08,0.0106052,0.0104127,8.95109E-10,0,4.36405E-06,0,0.299299,0.299299,0.372198,4.46575
A,0,20000,0.4243,1,6,0.298745,0.299261,0.0205214,0.0204695,-0.0205948,-0.0206235,0.143566,-0.0106777,0.141911,0.0196599,0.00154661,0.00174139,0.0103203,0.0101781,0.0640441,0.0208852,0.0202246,0.00942253,0.00942497,3.99113E-07,7.89583E-08,0.0106058,0.0104128,0,0,0,0,0.298745,0.298745,0.398053,4.46547
F1,0,20000,0.4243,1,6,0.298994,0.298394,0.0219337,0.019065,-0.0191824,-0.022038,0.143837,-0.0106632,0.141633,0.0196593,0.0015466,0.00174135,0.0103203,0.0101781,0.0639264,0.0209447,0.0202822,0.00944794,0.00944749,4.0054E-07,7.97618E-08,0.0106053,0.0104127,0.000196034,0,0.00204229,0,0.298993,0.298994,0.372199,4.46547
F2,0,20000,0.4243,1,6,0.299299,0.2987,0.0205055,0.0204875,-0.0206009,-0.0206138,0.143842,-0.0106776,0.141633,0.0196595,0.0015466,0.00174135,0.0103203,0.0101781,0.0639264,0.0209447,0.0202822,0.00942336,0.00942336,3.9858E-07,7.9132E-08,0.0106052,0.0104127,2.07004E-09,0,6.63653E-06,0,0.299299,0.299299,0.372241,4.46547
B,0,20000,0.4243,1,6,0.299299,0.2987,0.020504,0.0204891,-0.0205998,-0.0206148,0.143842,-0.0106776,0.141633,0.0196595,0.0015466,0.00174135,0.0103203,0.0101781,0.0639264,0.0209447,0.0202822,0.00942336,0.00942336,3.98579E-07,7.91316E-08,0.0106052,0.0104127,8.95101E-10,0,4.36403E-06,0,0.299299,0.299299,0.372241,4.46547
A,0,20000,1.4142,1,0,0.298672,0.299214,0.0205796,0.0204063,-0.0205595,-0.0206552,0.143554,-0.010596,0.141912,0.0196595,0.00154663,0.00174107,0.0103201,0.010178,0.0640448,0.0208845,0.0202243,0.00942161,0.00942399,4.01056E-07,8.05827E-08,0.0106063,0.0104128,0,0,0,0,0.298672,0.298672,1.38796,4.46527
F1,0,20000,1.4142,1,0,0.299222,0.29865,0.0205798,0.0204082,-0.0205586,-0.0206524,0.14383,-0.0105957,0.141635,0.0196591,0.00154662,0.00174103,0.0103201,0.0101779,0.0639271,0.0209441,0.020282,0.00942244,0.00942239,4.00527E-07,8.07647E-08,0.0106057,0.0104127,4.8619E-07,0,0.000101708,0,0.299222,0.299222,1.36269,4.46527
F2,0,20000,1.4142,1,0,0.299262,0.29869,0.0205244,0.020464,-0.0205843,-0.0206276,0.14383,-0.0105962,0.141635,0.0196592,0.00154662,0.00174103,0.0103201,0.0101779,0.0639271,0.0209441,0.020282,0.00942238,0.00942236,4.00422E-07,8.07177E-08,0.0106057,0.0104127,2.29958E-08,0,2.21195E-05,0,0.299262,0.299262,1.36269,4.46527
B,0,20000,1.4142,1,0,0.299266,0.298694,0.0205191,0.0204693,-0.0205803,-0.0206305,0.143831,-0.0105962,0.141635,0.0196592,0.00154662,0.00174103,0.0103201,0.0101779,0.0639271,0.0209441,0.020282,0.00942237,0.00942236,4.00412E-07,8.07133E-08,0.0106057,0.0104127,9.94354E-09,0,1.45453E-05,0,0.299266,0.299266,1.36269,4.46527
A,0,20000,1.4142,1,1,0.298672,0.299214,0.0205795,0.0204063,-0.0205595,-0.0206551,0.143554,-0.0105959,0.141912,0.0196595,0.00154663,0.00174107,0.0103201,0.010178,0.0640448,0.0208846,0.0202243,0.00942161,0.00942399,4.01061E-07,8.05806E-08,0.0106063,0.0104128,0,0,0,0,0.298672,0.298672,1.38842,4.48456
F1,0,20000,1.4142,1,1,0.289282,0.288679,0.0358639,0.0060431,-0.00613839,-0.0359997,0.14366,-0.0104021,0.141637,0.01965,0.00154663,0.00174098,0.0103196,0.0101779,0.0639272,0.0209435,0.0202824,0.0121208,0.0120998,5.59546E-07,1.25086E-07,0.0106136,0.0104127,0.021255,0,0.0212658,0,0.289278,0.289279,1.36173,4.48456
F2,0,20000,1.4142,1,1,0.289282,0.288679,0.0358639,0.0060431,-0.00613839,-0.0359997,0.14366,-0.0104021,0.141637,0.01965,0.00154663,0.00174098,0.0103196,0.0101779,0.0639272,0.0209435,0.0202824,0.0121208,0.0120998,5.59546E-07,1.25086E-07,0.0106136,0.0104127,0.021255,0,0.0212658,0,0.289278,0.289279,1.36173,4.48456
B,0,20000,1.4142,1,1,0.289282,0.288679,0.0358639,0.00604311,-0.00613839,-0.0359997,0.14366,-0.0104021,0.141637,0.01965,0.00154663,0.00174098,0.0103196,0.0101779,0.0639272,0.0209435,0.0202824,0.0121208,0.0120998,5.59546E-07,1.25086E-07,0.0106136,0.0104127,0.021255,0,0.0212658,0,0.289278,0.289279,1.36173,4.48456
A,0,20000,1.4142,1,2,0.298672,0.299214,0.0205796,0.0204063,-0.0205595,-0.0206551,0.143554,-0.010596,0.141912,0.0196595,0.00154663,0.00174107,0.0103201,0.010178,0.0640448,0.0208846,0.0202243,0.00942161,0.00942399,4.01059E-07,8.0582E-08,0.0106063,0.0104128,0,0,0,0,0.298672,0.298672,1.38843,4.47171
F1,0,20000,1.4142,1,2,0.28928,0.288679,0.0358594,0.00604574,-0.00614016,-0.035996,0.14366,-0.0104023,0.141637,0.01965,0.00154663,0.00174098,0.0103196,0.0101779,0.0639272,0.0209434,0.0202824,0.0121209,0.0121,5.59547E-07,1.2509E-07,0.0106135,0.0104127,0.0212558,0,0.0212662,0,0.289276,0.289277,1.36233,4.47171
F2,0,20000,1.4142,1,2,0.299262,0.29869,0.0205243,0.020464,-0.0205843,-0.0206276,0.14383,-0.0105961,0.141635,0.0196592,0.00154662,0.00174103,0.0103201,0.0101779,0.0639271,0.0209441,0.020282,0.00942238,0.00942236,4.00426E-07,8.07171E-08,0.0106057,0.0104127,2.2995E-08,0,2.21191E-05,0,0.299262,0.299262,1.36276,4.47171
B,0,20000,1.4142,1,2,0.299266,0.298694,0.0205191,0.0204693,-0.0205803,-0.0206305,0.143831,-0.0105961,0.141635,0.0196592,0.00154662,0.00174103,0.0103201,0.0101779,0.0639271,0.0209441,0.020282,0.00942237,0.00942236,4.00416E-07,8.07126E-08,0.0106057,0.0104127,9.94319E-09,0,1.4545E-05,0,0.299266,0.299266,1.36276,4.47171
A,0,20000,1.4142,1,3,0.298672,0.299214,0.0205796,0.0204063,-0.0205595,-0.0206551,0.143554,-0.010596,0.141912,0.0196595,0.00154663,0.00174107,0.0103201,0.010178,0.0640448,0.0208846,0.0202243,0.00942161,0.00942399,4.01059E-07,8.0582E-08,0.0106063,0.0104128,0,0,0,0,0.298672,0.298672,1.38843,4.4717
F1,0,20000,1.4142,1,3,0.299222,0.29865,0.0205798,0.0204082,-0.0205586,-0.0206525,0.14383,-0.0105956,0.141635,0.0196591,0.00154662,0.00174103,0.0103201,0.0101779,0.0639271,0.0209441,0.020282,0.00942244,0.00942239,4.00531E-07,8.07641E-08,0.0106057,0.0104127,4.86173E-07,0,0.000101706,0,0.299222,0.299222,1.36276,4.4717
F2,0,20000,1.4142,1,3,0.28928,0.288679,0.0358594,0.00604574,-0.00614016,-0.035996,0.14366,-0.0104023,0.141637,0.01965,0.00154663,0.00174098,0.0103196,0.0101779,0.0639272,0.0209434,0.0202824,0.0121209,0.0121,5.59547E-07,1.2509E-07,0.0106135,0.0104127,0.0212558,0,0.0212662,0,0.289276,0.289277,1.36233,4.4717
B,0,20000,1.4142,1,3,0.299266,0.298694,0.0205191,0.0204693,-0.0205803,-0.0206305,0.143831,-0.0105961,0.141635,0.0196592,0.00154662,0.00174103,0.0103201,0.0101779,0.0639271,0.0209441,0.020282,0.00942237,0.00942236,4.00416E-07,8.07126E-08,0.0106057,0.0104127,9.94319E-09,0,1.4545E-05,0,0.299266,0.299266,1.36276,4.4717
A,0,20000,1.4142,1,4,0.298672,0.299214,0.0205796,0.0204063,-0.0205595,-0.0206551,0.143554,-0.010596,0.141912,0.0196595,0.00154663,0.00174107,0.0103201,0.010178,0.0640448,0.0208846,0.0202243,0.00942161,0.00942399,4.01059E-07,8.0582E-08,0.0106063,0.0104128,0,0,0,0,0.298672,0.298672,1.38843,4.4717
F1,0,20000,1.4142,1,4,0.299222,0.29865,0.0205798,0.0204082,-0.0205586,-0.0206525,0.14383,-0.0105956,0.141635,0.0196591,0.00154662,0.00174103,0.0103201,0.0101779,0.0639271,0.0209441,0.020282,0.00942244,0.00942239,4.00531E-07,8.07641E-08,0.0106057,0.0104127,4.86173E-07,0,0.000101706,0,0.299222,0.299222,1.36276,4.4717
F2,0,20000,1.4142,1,4,0.299262,0.29869,0.0205243,0.020464,-0.0205843,-0.0206276,0.14383,-0.0105961,0.141635,0.0196592,0.00154662,0.00174103,0.0103201,0.0101779,0.0639271,0.0209441,0.020282,0.00942238,0.00942236,4.00426E-07,8.07171E-08,0.0106057,0.0104127,2.2995E-08,0,2.21191E-05,0,0.299262,0.299262,1.36276,4.4717
B,0,20000,1.4142,1,4,0.28928,0.288679,0.0358594,0.00604575,-0.00614017,-0.035996,0.14366,-0.0104023,0.141637,0.01965,0.00154663,0.00174098,0.0103196,0.0101779,0.0639272,0.0209434,0.0202824,0.0121209,0.0121,5.59547E-07,1.2509E-07,0.0106135,0.0104127,0.0212558,0,0.0212662,0,0.289276,0.289277,1.36233,4.4717
A,0,20000,1.4142,1,5,0.298672,0.299214,0.0205796,0.0204063,-0.0205595,-0.0206551,0.143554,-0.010596,0.141912,0.0196595,0.00154663,0.00174107,0.0103201,0.010178,0.0640448,0.0208846,0.0202243,0.00942161,0.00942399,4.01058E-07,8.05818E-08,0.0106063,0.0104128,0,0,0,0,0.298672,0.298672,1.38839,4.46929
F1,0,20000,1.4142,1,5,0.290779,0.290185,0.0330719,0.00847122,-0.0085755,-0.0331955,0.143692,-0.0104431,0.141636,0.0196523,0.00154663,0.00174096,0.0103197,0.0101779,0.0639272,0.0209435,0.0202823,0.0112486,0.0112323,5.11744E-07,1.12237E-07,0.0106112,0.0104127,0.0144648,0,0.0175431,0,0.290776,0.290776,1.36238,4.46929
F2,0,20000,1.4142,1,5,0.299262,0.29869,0.0205243,0.020464,-0.0205843,-0.0206276,0.14383,-0.0105961,0.141635,0.0196592,0.00154662,0.00174103,0.0103201,0.0101779,0.0639271,0.0209441,0.020282,0.00942238,0.00942236,4.00424E-07,8.07168E-08,0.0106057,0.0104127,2.29951E-08,0,2.21192E-05,0,0.299262,0.299262,1.36278,4.46929
B,0,20000,1.4142,1,5,0.299266,0.298694,0.0205191,0.0204693,-0.0205803,-0.0206305,0.143831,-0.0105961,0.141635,0.0196592,0.00154662,0.00174103,0.0103201,0.0101779,0.0639271,0.0209441,0.020282,0.00942237,0.00942236,4.00414E-07,8.07124E-08,0.0106057,0.0104127,9.94324E-09,0,1.45451E-05,0,0.299266,0.299266,1.36278,4.46929
A,0,20000,1.4142,1,6,0.298672,0.299214,0.0205796,0.0204063,-0.0205595,-0.0206552,0.143554,-0.0105961,0.141912,0.0196595,0.00154663,0.00174107,0.0103201,0.010178,0.0640448,0.0208845,0.0202243,0.00942161,0.00942399,4.01057E-07,8.05823E-08,0.0106063,0.0104128,0,0,0,0,0.298672,0.298672,1.3882,4.46577
F1,0,20000,1.4142,1,6,0.295876,0.295298,0.0253088,0.0157446,-0.0158785,-0.025398,0.14378,-0.0105479,0.141635,0.0196571,0.00154663,0.00174099,0.01032,0.0101779,0.0639272,0.0209438,0.0202822,0.00969583,0.00969055,4.22326E-07,8.77719E-08,0.0106069,0.0104127,0.00217768,0,0.00680688,0,0.295875,0.295876,1.3626,4.46577
F2,0,20000,1.4142,1,6,0.299262,0.29869,0.0205243,0.020464,-0.0205843,-0.0206276,0.14383,-0.0105961,0.141635,0.0196592,0.00154662,0.00174103,0.0103201,0.0101779,0.0639271,0.0209441,0.020282,0.00942238,0.00942236,4.00423E-07,8.07173E-08,0.0106057,0.0104127,2.29955E-08,0,2.21194E-05,0,0.299262,0.299262,1.36277,4.46577
B,0,20000,1.4142,1,6,0.299266,0.298694,0.0205191,0.0204693,-0.0205803,-0.0206305,0.143831,-0.0105962,0.141635,0.0196592,0.00154662,0.00174103,0.0103201,0.0101779,0.0639271,0.0209441,0.020282,0.00942237,0.00942236,4.00413E-07,8.07129E-08,0.0106057,0.0104127,9.94341E-09,0,1.45452E-05,0,0.299266,0.299266,1.36277,4.46577
A,0,20000,2.8284,1,0,0.298429,0.29906,0.0206583,0.020311,-0.0205055,-0.0206973,0.143515,-0.0104793,0.141918,0.0196582,0.00154668,0.00174001,0.0103195,0.0101775,0.0640471,0.0208822,0.0202236,0.00941857,0.00942072,4.07524E-07,8.59922E-08,0.0106078,0.0104128,0,0,0,0,0.298429,0.298429,2.80229,4.46476
F1,0,20000,2.8284,1,0,0.29898,0.2985,0.0206576,0.0203136,-0.0205055,-0.0206938,0.143791,-0.0104789,0.14164,0.0196578,0.00154668,0.00173996,0.0103195,0.0101775,0.0639296,0.0209416,0.0202812,0.00941938,0.00941913,4.0698E-07,8.61879E-08,0.0106072,0.0104127,1.94474E-06,0,0.000203415,0,0.29898,0.29898,2.77771,4.46476
F2,0,20000,2.8284,1,0,0.29914,0.298659,0.0205474,0.0204253,-0.0205563,-0.020646,0.143793,-0.0104798,0.14164,0.0196579,0.00154668,0.00173997,0.0103195,0.0101775,0.0639296,0.0209416,0.0202812,0.00941911,0.00941904,4.06557E-07,8.59973E-08,0.0106072,0.0104127,9.19821E-08,0,4.42388E-05,0,0.29914,0.29914,2.77771,4.46476
B,0,20000,2.8284,1,0,0.299155,0.298674,0.0205372,0.020436,-0.0205477,-0.0206507,0.143793,-0.0104798,0.14164,0.0196579,0.00154668,0.00173997,0.0103195,0.0101775,0.0639296,0.0209416,0.0202812,0.00941909,0.00941905,4.06517E-07,8.59793E-08,0.0106072,0.0104127,3.97738E-08,0,2.90904E-05,0,0.299155,0.299155,2.77771,4.46476
A,0,20000,2.8284,1,1,0.298429,0.29906,0.0206584,0.0203111,-0.0205054,-0.0206973,0.143515,-0.0104793,0.141917,0.0196582,0.00154669,0.00174001,0.0103195,0.0101775,0.0640471,0.0208822,0.0202237,0.00941856,0.00942071,4.07568E-07,8.6011E-08,0.0106078,0.0104128,0,0,0,0,0.298429,0.298429,2.80193,4.77103
F1,0,20000,2.8284,1,1,0.294846,0.293946,0.0594451,-2.67351E-05,2.35689E-05,-0.0597812,0.143224,-0.00974272,0.141644,0.0195944,0.0015467,0.0017408,0.0103145,0.0101778,0.0639302,0.0209376,0.0202841,0.0230324,0.0230163,1.42588E-06,5.04463E-07,0.0106742,0.0104126,0.085022,0,0.0425321,0,0.294838,0.294843,2.7769,4.77103
F2,0,20000,2.8284,1,1,0.294846,0.293946,0.0594451,-2.67351E-05,2.35689E-05,-0.0597812,0.143224,-0.00974272,0.141644,0.0195944,0.0015467,0.0017408,0.0103145,0.0101778,0.0639302,0.0209376,0.0202841,0.0230324,0.0230163,1.42588E-06,5.04463E-07,0.0106742,0.0104126,0.085022,0,0.0425321,0,0.294838,0.294843,2.7769,4.77103
B,0,20000,2.8284,1,1,0.294846,0.293946,0.0594451,-2.67351E-05,2.35689E-05,-0.0597812,0.143224,-0.00974272,0.141644,0.0195944,0.0015467,0.0017408,0.0103145,0.0101778,0.0639302,0.0209376,0.0202841,0.0230324,0.0230163,1.42588E-06,5.04463E-07,0.0106742,0.0104126,0.0850219,0,0.0425321,0,0.294838,0.294843,2.7769,4.77103
A,0,20000,2.8284,1,2,0.298429,0.29906,0.0206582,0.020311,-0.0205055,-0.0206973,0.143515,-0.0104791,0.141918,0.0196582,0.00154668,0.00174001,0.0103195,0.0101775,0.0640472,0.0208822,0.0202236,0.00941856,0.00942072,4.07568E-07,8.60067E-08,0.0106079,0.0104128,0,0,0,0,0.298428,0.298429,2.8031,4.56681
F1,0,20000,2.8284,1,2,0.294825,0.293924,0.0594631,-1.49077E-05,1.25089E-05,-0.0598147,0.143226,-0.00973266,0.141644,0.0195945,0.0015467,0.0017408,0.0103145,0.0101777,0.0639302,0.0209377,0.020284,0.0230296,0.0230147,1.42558E-06,5.052E-07,0.0106742,0.0104126,0.0850177,0,0.042531,0,0.294822,0.294821,2.77629,4.56681
F2,0,20000,2.8284,1,2,0.299139,0.298659,0.0205474,0.0204253,-0.0205563,-0.0206459,0.143793,-0.0104795,0.14164,0.0196579,0.00154668,0.00173997,0.0103195,0.0101775,0.0639296,0.0209417,0.0202812,0.0094191,0.00941904,4.066E-07,8.60116E-08,0.0106072,0.0104127,9.1978E-08,0,4.42378E-05,0,0.299139,0.299139,2.7775,4.56681
B,0,20000,2.8284,1,2,0.299154,0.298674,0.0205372,0.020436,-0.0205478,-0.0206507,0.143793,-0.0104796,0.14164,0.0196579,0.00154668,0.00173997,0.0103195,0.0101775,0.0639296,0.0209417,0.0202812,0.00941909,0.00941905,4.0656E-07,8.59937E-08,0.0106072,0.0104127,3.9772E-08,0,2.90898E-05,0,0.299154,0.299155,2.7775,4.56681
A,0,20000,2.8284,1,3,0.298429,0.29906,0.0206582,0.020311,-0.0205055,-0.0206973,0.143515,-0.0104791,0.141918,0.0196582,0.00154668,0.00174001,0.0103195,0.0101775,0.0640472,0.0208822,0.0202236,0.00941856,0.00942072,4.07568E-07,8.60067E-08,0.0106079,0.0104128,0,0,0,0,0.298428,0.298429,2.8031,4.5668
F1,0,20000,2.8284,1,3,0.29898,0.2985,0.0206577,0.0203137,-0.0205055,-0.0206938,0.143791,-0.0104787,0.14164,0.0196578,0.00154668,0.00173996,0.0103195,0.0101775,0.0639296,0.0209416,0.0202812,0.00941937,0.00941912,4.07024E-07,8.62022E-08,0.0106073,0.0104127,1.94465E-06,0,0.00020341,0,0.298979,0.29898,2.7775,4.5668
F2,0,20000,2.8284,1,3,0.294825,0.293924,0.0594631,-1.48795E-05,1.24935E-05,-0.0598147,0.143226,-0.00973264,0.141644,0.0195945,0.0015467,0.0017408,0.0103145,0.0101777,0.0639302,0.0209377,0.020284,0.0230296,0.0230146,1.42561E-06,5.05198E-07,0.0106742,0.0104126,0.0850177,0,0.0425311,0,0.294823,0.294822,2.77629,4.5668
B,0,20000,2.8284,1,3,0.299154,0.298674,0.0205372,0.020436,-0.0205478,-0.0206507,0.143793,-0.0104796,0.14164,0.0196579,0.00154668,0.00173997,0.0103195,0.0101775,0.0639296,0.0209417,0.0202812,0.00941909,0.00941905,4.0656E-07,8.59937E-08,0.0106072,0.0104127,3.9772E-08,0,2.90898E-05,0,0.299154,0.299155,2.7775,4.5668
A,0,20000,2.8284,1,4,0.298429,0.29906,0.0206582,0.020311,-0.0205055,-0.0206973,0.143515,-0.0104791,0.141918,0.0196582,0.00154668,0.00174001,0.0103195,0.0101775,0.0640472,0.0208822,0.0202236,0.00941856,0.00942072,4.07568E-07,8.60067E-08,0.0106079,0.0104128,0,0,0,0,0.298428,0.298429,2.8031,4.5668
F1,0,20000,2.8284,1,4,0.29898,0.2985,0.0206577,0.0203137,-0.0205055,-0.0206938,0.143791,-0.0104787,0.14164,0.0196578,0.00154668,0.00173996,0.0103195,0.0101775,0.0639296,0.0209416,0.0202812,0.00941937,0.00941912,4.07024E-07,8.62022E-08,0.0106073,0.0104127,1.94465E-06,0,0.00020341,0,0.298979,0.29898,2.77749,4.5668
F2,0,20000,2.8284,1,4,0.299139,0.298659,0.0205474,0.0204253,-0.0205563,-0.0206459,0.143793,-0.0104795,0.14164,0.0196579,0.00154668,0.00173997,0.0103195,0.0101775,0.0639296,0.0209417,0.0202812,0.0094191,0.00941904,4.066E-07,8.60116E-08,0.0106072,0.0104127,9.1978E-08,0,4.42378E-05,0,0.299139,0.299139,2.7775,4.5668
B,0,20000,2.8284,1,4,0.294825,0.293924,0.0594631,-1.48905E-05,1.25088E-05,-0.0598147,0.143226,-0.00973264,0.141644,0.0195945,0.0015467,0.0017408,0.0103145,0.0101777,0.0639302,0.0209377,0.020284,0.0230296,0.0230146,1.42561E-06,5.05198E-07,0.0106742,0.0104126,0.0850176,0,0.0425311,0,0.294822,0.294821,2.77629,4.5668
A,0,20000,2.8284,1,5,0.298429,0.29906,0.0206582,0.020311,-0.0205055,-0.0206973,0.143515,-0.0104791,0.141918,0.0196582,0.00154668,0.00174001,0.0103195,0.0101775,0.0640472,0.0208822,0.0202236,0.00941857,0.00942072,4.07533E-07,8.59901E-08,0.0106079,0.0104128,0,0,0,0,0.298428,0.298429,2.8031,4.50538
F1,0,20000,2.8284,1,5,0.276959,0.276217,0.0490925,2.58811E-05,-3.33882E-05,-0.0493698,0.143275,-0.0100567,0.141643,0.0196218,0.0015467,0.00174003,0.010317,0.0101775,0.06393,0.0209388,0.0202832,0.0175391,0.0175058,9.57629E-07,2.75624E-07,0.0106406,0.0104126,0.0578562,0,0.0350854,0,0.276951,0.276953,2.77653,4.50538
F2,0,20000,2.8284,1,5,0.299139,0.298659,0.0205474,0.0204253,-0.0205563,-0.0206459,0.143793,-0.0104795,0.14164,0.0196579,0.00154668,0.00173997,0.0103195,0.0101775,0.0639296,0.0209417,0.0202812,0.00941911,0.00941904,4.06565E-07,8.59952E-08,0.0106072,0.0104127,9.19779E-08,0,4.42378E-05,0,0.299139,0.29914,2.77747,4.50538
B,0,20000,2.8284,1,5,0.299155,0.298674,0.0205371,0.020436,-0.0205478,-0.0206507,0.143793,-0.0104796,0.14164,0.0196579,0.00154668,0.00173997,0.0103195,0.0101775,0.0639296,0.0209417,0.0202812,0.0094191,0.00941905,4.06525E-07,8.59772E-08,0.0106072,0.0104127,3.97719E-08,0,2.90897E-05,0,0.299154,0.299155,2.77747,4.50538
A,0,20000,2.8284,1,6,0.298429,0.29906,0.0206582,0.020311,-0.0205055,-0.0206973,0.143515,-0.0104792,0.141918,0.0196582,0.00154668,0.00174001,0.0103195,0.0101775,0.0640472,0.0208822,0.0202236,0.00941857,0.00942072,4.0753E-07,8.59902E-08,0.0106079,0.0104128,0,0,0,0,0.298428,0.298429,2.80307,4.4669
F1,0,20000,2.8284,1,6,0.285662,0.285153,0.0301937,0.0110641,-0.0112247,-0.0302607,0.14359,-0.0103823,0.141642,0.0196498,0.00154669,0.00173979,0.010319,0.0101774,0.0639297,0.0209405,0.020282,0.0105173,0.0104958,4.95599E-07,1.15153E-07,0.0106123,0.0104127,0.0087103,0,0.0136135,0,0.285656,0.28566,2.77719,4.4669
F2,0,20000,2.8284,1,6,0.299139,0.298659,0.0205474,0.0204253,-0.0205563,-0.0206459,0.143793,-0.0104795,0.14164,0.0196579,0.00154668,0.00173997,0.0103195,0.0101775,0.0639296,0.0209416,0.0202812,0.00941911,0.00941904,4.06562E-07,8.59952E-08,0.0106072,0.0104127,9.19786E-08,0,4.4238E-05,0,0.299139,0.29914,2.77763,4.4669
B,0,20000,2.8284,1,6,0.299155,0.298674,0.0205371,0.020436,-0.0205478,-0.0206507,0.143793,-0.0104796,0.14164,0.0196579,0.00154668,0.00173997,0.0103195,0.0101775,0.0639296,0.0209416,0.0202812,0.0094191,0.00941905,4.06523E-07,8.59773E-08,0.0106072,0.0104127,3.97722E-08,0,2.90899E-05,0,0.299154,0.299155,2.77763,4.4669
A,0,20000,3.818,1,0,0.29816,0.298892,0.0207105,0.0202406,-0.0204653,-0.0207247,0.143471,-0.0103976,0.141923,0.0196567,0.00154675,0.00173884,0.0103187,0.0101772,0.0640498,0.0208793,0.0202231,0.0094152,0.00941711,4.14717E-07,9.20359E-08,0.0106096,0.0104127,0,0,0,0,0.298161,0.298161,3.79178,4.4642
F1,0,20000,3.818,1,0,0.298712,0.298336,0.0207094,0.0202436,-0.0204659,-0.0207208,0.143746,-0.0103971,0.141647,0.0196564,0.00154675,0.00173879,0.0103186,0.0101772,0.0639325,0.0209386,0.0202806,0.00941599,0.0094155,4.14157E-07,9.2247E-08,0.010609,0.0104126,3.54365E-06,0,0.000274585,0,0.298712,0.298712,3.76781,4.4642
F2,0,20000,3.818,1,0,0.299003,0.298626,0.0205613,0.0203945,-0.0205329,-0.0206582,0.143751,-0.0103982,0.141647,0.0196565,0.00154675,0.0017388,0.0103186,0.0101772,0.0639325,0.0209386,0.0202806,0.00941548,0.00941537,4.13379E-07,9.18942E-08,0.0106089,0.0104126,1.67607E-07,0,5.9717E-05,0,0.299003,0.299003,3.76782,4.4642
B,0,20000,3.818,1,0,0.29903,0.298654,0.020548,0.0204089,-0.020521,-0.0206636,0.143751,-0.0103984,0.141647,0.0196565,0.00154675,0.0017388,0.0103186,0.0101772,0.0639325,0.0209386,0.0202806,0.00941546,0.00941538,4.13306E-07,9.18609E-08,0.0106089,0.0104126,7.24746E-08,0,3.92685E-05,0,0.29903,0.299031,3.76782,4.4642
A,0,20000,3.818,1,1,0.29816,0.298892,0.0207107,0.0202403,-0.0204652,-0.0207247,0.143472,-0.0103971,0.141924,0.0196567,0.00154674,0.00173884,0.0103187,0.0101772,0.0640499,0.0208793,0.020223,0.00941517,0.00941708,4.14853E-07,9.20907E-08,0.0106096,0.0104127,0,0,0,0,0.298159,0.29816,3.79208,5.2446
F1,0,20000,3.818,1,1,0.323905,0.322584,0.0801762,-4.94528E-05,3.34269E-05,-0.0806902,0.142722,-0.00921986,0.141666,0.0195105,0.0015469,0.00174084,0.0103027,0.0101819,0.0639353,0.0209196,0.0202955,0.0384746,0.0384745,2.88546E-06,1.227E-06,0.0107689,0.0104126,0.15485,0,0.0573994,0,0.323917,0.323907,3.7622,5.2446
F2,0,20000,3.818,1,1,0.323905,0.322584,0.0801762,-4.94528E-05,3.34269E-05,-0.0806902,0.142722,-0.00921986,0.141666,0.0195105,0.0015469,0.00174084,0.0103027,0.0101819,0.0639353,0.0209196,0.0202955,0.0384746,0.0384745,2.88546E-06,1.227E-06,0.0107689,0.0104126,0.15485,0,0.0573994,0,0.323917,0.323907,3.7622,5.2446
B,0,20000,3.818,1,1,0.323905,0.322584,0.0801762,-4.94529E-05,3.34268E-05,-0.0806902,0.142722,-0.00921986,0.141666,0.0195105,0.0015469,0.00174084,0.0103027,0.0101819,0.0639353,0.0209196,0.0202955,0.0384746,0.0384745,2.88546E-06,1.227E-06,0.0107689,0.0104126,0.15485,0,0.0573994,0,0.323917,0.323907,3.7622,5.2446
A,0,20000,3.818,1,2,0.29816,0.298893,0.0207107,0.0202404,-0.0204653,-0.0207248,0.143472,-0.0103971,0.141924,0.0196567,0.00154674,0.00173884,0.0103187,0.0101772,0.0640499,0.0208793,0.020223,0.00941518,0.00941709,4.14843E-07,9.20848E-08,0.0106096,0.0104127,0,0,0,0,0.298158,0.29816,3.79139,4.72433
F1,0,20000,3.818,1,2,0.323915,0.32262,0.0801586,-2.92883E-05,4.7237E-05,-0.0806848,0.14272,-0.00921564,0.141665,0.0195106,0.00154689,0.00174074,0.0103029,0.0101817,0.0639353,0.0209201,0.0202951,0.038475,0.038474,2.88613E-06,1.22707E-06,0.0107685,0.0104126,0.154851,0,0.0573996,0,0.323929,0.323917,3.7612,4.72433
F2,0,20000,3.818,1,2,0.299002,0.298626,0.0205614,0.0203945,-0.0205331,-0.0206582,0.143751,-0.0103977,0.141647,0.0196565,0.00154674,0.0017388,0.0103187,0.0101771,0.0639326,0.0209386,0.0202804,0.00941546,0.00941535,4.13504E-07,9.19431E-08,0.010609,0.0104126,1.67589E-07,0,5.97138E-05,0,0.299,0.299002,3.76419,4.72433
B,0,20000,3.818,1,2,0.29903,0.298654,0.0205479,0.0204088,-0.0205209,-0.0206635,0.143751,-0.0103979,0.141647,0.0196565,0.00154674,0.0017388,0.0103187,0.0101771,0.0639326,0.0209386,0.0202804,0.00941544,0.00941536,4.13432E-07,9.19099E-08,0.010609,0.0104126,7.24669E-08,0,3.92664E-05,0,0.299028,0.29903,3.76419,4.72433
A,0,20000,3.818,1,3,0.29816,0.298893,0.0207107,0.0202404,-0.0204653,-0.0207248,0.143472,-0.0103971,0.141924,0.0196567,0.00154674,0.00173884,0.0103187,0.0101772,0.0640499,0.0208793,0.020223,0.00941518,0.00941709,4.14843E-07,9.20848E-08,0.0106096,0.0104127,0,0,0,0,0.298158,0.29816,3.79139,4.72432
F1,0,20000,3.818,1,3,0.298711,0.298336,0.0207096,0.0202438,-0.020466,-0.0207209,0.143747,-0.0103967,0.141647,0.0196563,0.00154674,0.00173879,0.0103187,0.0101771,0.0639326,0.0209386,0.0202805,0.00941597,0.00941548,4.14283E-07,9.2296E-08,0.0106091,0.0104126,3.54327E-06,0,0.00027457,0,0.29871,0.298711,3.76417,4.72432
F2,0,20000,3.818,1,3,0.323915,0.32262,0.0801585,-2.92003E-05,4.72859E-05,-0.0806848,0.14272,-0.00921563,0.141665,0.0195106,0.00154689,0.00174074,0.0103029,0.0101817,0.0639353,0.0209201,0.0202951,0.038475,0.038474,2.88613E-06,1.22707E-06,0.0107685,0.0104126,0.154851,0,0.0573996,0,0.323929,0.323917,3.76119,4.72432
B,0,20000,3.818,1,3,0.29903,0.298654,0.0205479,0.0204088,-0.0205209,-0.0206635,0.143751,-0.0103979,0.141647,0.0196565,0.00154674,0.0017388,0.0103187,0.0101771,0.0639326,0.0209386,0.0202804,0.00941544,0.00941536,4.13432E-07,9.19098E-08,0.010609,0.0104126,7.24669E-08,0,3.92664E-05,0,0.299028,0.29903,3.76419,4.72432
A,0,20000,3.818,1,4,0.29816,0.298893,0.0207107,0.0202404,-0.0204653,-0.0207248,0.143472,-0.0103971,0.141924,0.0196567,0.00154674,0.00173884,0.0103187,0.0101772,0.0640499,0.0208793,0.020223,0.00941518,0.00941709,4.14843E-07,9.20848E-08,0.0106096,0.0104127,0,0,0,0,0.298158,0.29816,3.79139,4.72432
F1,0,20000,3.818,1,4,0.298711,0.298336,0.0207096,0.0202438,-0.020466,-0.0207209,0.143747,-0.0103967,0.141647,0.0196563,0.00154674,0.00173879,0.0103187,0.0101771,0.0639326,0.0209386,0.0202805,0.00941597,0.00941548,4.14283E-07,9.2296E-08,0.0106091,0.0104126,3.54327E-06,0,0.00027457,0,0.29871,0.298711,3.76418,4.72432
F2,0,20000,3.818,1,4,0.299002,0.298626,0.0205614,0.0203945,-0.0205331,-0.0206582,0.143751,-0.0103977,0.141647,0.0196565,0.00154674,0.0017388,0.0103187,0.0101771,0.0639326,0.0209386,0.0202804,0.00941546,0.00941535,4.13504E-07,9.19431E-08,0.010609,0.0104126,1.67589E-07,0,5.97138E-05,0,0.299,0.299002,3.76419,4.72432
B,0,20000,3.818,1,4,0.323915,0.32262,0.0801585,-2.92313E-05,4.72687E-05,-0.0806848,0.14272,-0.00921564,0.141665,0.0195106,0.00154689,0.00174074,0.0103029,0.0101817,0.0639353,0.0209201,0.0202951,0.038475,0.038474,2.88613E-06,1.22707E-06,0.0107685,0.0104126,0.154851,0,0.0573996,0,0.323929,0.323917,3.76119,4.72432
A,0,20000,3.818,1,5,0.29816,0.298892,0.0207105,0.0202406,-0.0204653,-0.0207247,0.143471,-0.0103976,0.141923,0.0196567,0.00154675,0.00173884,0.0103186,0.0101772,0.0640498,0.0208793,0.0202231,0.00941518,0.00941709,4.14814E-07,9.20758E-08,0.0106096,0.0104127,0,0,0,0,0.29816,0.298161,3.79176,4.61417
F1,0,20000,3.818,1,5,0.2934,0.292121,0.0661708,-5.5525E-05,4.46948E-05,-0.0666053,0.142872,-0.00950023,0.141656,0.0195621,0.00154683,0.00173961,0.0103099,0.0101789,0.0639339,0.0209286,0.0202883,0.0274381,0.0274206,1.90133E-06,7.45542E-07,0.0107063,0.0104126,0.105413,0,0.0473585,0,0.29337,0.29342,3.76812,4.61417
F2,0,20000,3.818,1,5,0.299002,0.298626,0.0205614,0.0203945,-0.0205329,-0.0206583,0.143751,-0.0103982,0.141647,0.0196565,0.00154675,0.0017388,0.0103186,0.0101772,0.0639325,0.0209386,0.0202806,0.00941546,0.00941535,4.13475E-07,9.19337E-08,0.0106089,0.0104126,1.67607E-07,0,5.9717E-05,0,0.299002,0.299003,3.76781,4.61417
B,0,20000,3.818,1,5,0.29903,0.298654,0.020548,0.0204089,-0.020521,-0.0206636,0.143751,-0.0103984,0.141647,0.0196565,0.00154675,0.0017388,0.0103186,0.0101772,0.0639325,0.0209386,0.0202806,0.00941544,0.00941536,4.13402E-07,9.19005E-08,0.0106089,0.0104126,7.24746E-08,0,3.92685E-05,0,0.29903,0.29903,3.76781,4.61417
A,0,20000,3.818,1,6,0.29816,0.298892,0.0207104,0.0202405,-0.0204652,-0.0207246,0.143471,-0.0103975,0.141923,0.0196567,0.00154675,0.00173884,0.0103187,0.0101772,0.0640498,0.0208793,0.0202231,0.0094152,0.00941711,4.14729E-07,9.20384E-08,0.0106096,0.0104127,0,0,0,0,0.29816,0.298161,3.79279,4.46841
F1,0,20000,3.818,1,6,0.274597,0.274167,0.0336787,0.00785737,-0.00803802,-0.0337313,0.143378,-0.0102651,0.14165,0.0196413,0.00154677,0.00173846,0.0103176,0.0101773,0.0639328,0.0209361,0.0202825,0.0114271,0.0113876,5.78724E-07,1.47121E-07,0.0106183,0.0104126,0.0158715,0,0.0183764,0,0.274588,0.274593,3.76737,4.46841
F2,0,20000,3.818,1,6,0.299003,0.298626,0.0205613,0.0203945,-0.020533,-0.0206583,0.143751,-0.010398,0.141647,0.0196565,0.00154674,0.0017388,0.0103186,0.0101772,0.0639325,0.0209386,0.0202805,0.00941548,0.00941537,4.13391E-07,9.18966E-08,0.0106089,0.0104126,1.67602E-07,0,5.97161E-05,0,0.299002,0.299003,3.76793,4.46841
B,0,20000,3.818,1,6,0.29903,0.298654,0.020548,0.0204088,-0.0205209,-0.0206636,0.143751,-0.0103981,0.141647,0.0196565,0.00154674,0.0017388,0.0103186,0.0101772,0.0639325,0.0209386,0.0202805,0.00941546,0.00941538,4.13319E-07,9.18634E-08,0.0106089,0.0104126,7.24724E-08,0,3.92679E-05,0,0.29903,0.29903,3.76793,4.46841
A,10,1000,3.818,0.25,0,0.298165,0.298893,0.0207085,0.0202421,-0.020472,-0.0207045,0.143474,-0.0106626,0.141922,0.0196566,0.00154661,0.00174138,0.0103203,0.0101781,0.0640488,0.0208816,0.0202233,0.0094151,0.00941701,4.06114E-07,8.28475E-08,0.0106052,0.0104128,0,0,0,0,0.298165,0.298165,3.79128,4.46426
F1,10,1000,3.818,0.25,0,0.298707,0.298339,0.0207084,0.0202431,-0.0204718,-0.0207021,0.14375,-0.0106623,0.141645,0.0196563,0.0015466,0.00174133,0.0103203,0.0101781,0.0639311,0.0209411,0.020281,0.00941539,0.00941593,4.05542E-07,8.30466E-08,0.0106045,0.0104127,3.54061E-06,0,0.000274467,0,0.298707,0.298708,3.7646,4.46426
F2,10,1000,3.818,0.25,0,0.299005,0.298622,0.0205589,0.0203943,-0.0205508,-0.0206236,0.143754,-0.0106644,0.141645,0.0196564,0.0015466,0.00174133,0.0103203,0.0101781,0.0639311,0.0209411,0.020281,0.00941537,0.00941531,4.04903E-07,8.28101E-08,0.0106045,0.0104127,1.67469E-07,0,5.96924E-05,0,0.299006,0.299006,3.7646,4.46426
B,10,1000,3.818,0.25,0,0.298809,0.29691,0.0211903,0.0197299,-0.0199764,-0.0212565,0.144311,-0.0106647,0.141096,0.0196562,0.00154662,0.00174123,0.0103204,0.0101782,0.0640149,0.0208996,0.0202392,0.00940261,0.00944374,4.0281E-07,8.2735E-08,0.010603,0.0104125,4.47726E-08,0,3.08643E-05,0,0.298808,0.298808,2.89826,4.46426
A,10,1000,3.818,0.25,1,0.298164,0.298894,0.0207085,0.0202421,-0.020472,-0.0207045,0.143474,-0.0106626,0.141923,0.0196566,0.00154661,0.00174138,0.0103203,0.0101781,0.0640489,0.0208816,0.0202233,0.0094151,0.00941701,4.06115E-07,8.28459E-08,0.0106052,0.0104128,0,0,0,0,0.298164,0.298164,3.79115,4.8064
F1,10,1000,3.818,0.25,1,0.302319,0.301848,0.0651316,-1.21101E-08,-1.81223E-08,-0.065503,0.143103,-0.0102215,0.141644,0.0195701,0.00154651,0.00174494,0.0103168,0.0101777,0.063931,0.0209403,0.0202819,0.026682,0.0267004,1.40748E-06,3.35854E-07,0.0106764,0.0104126,0.101996,0,0.0465847,0,0.301882,0.302069,3.76408,4.8064
F2,10,1000,3.818,0.25,1,0.302319,0.301848,0.0651316,-1.21101E-08,-1.81224E-08,-0.065503,0.143103,-0.0102215,0.141644,0.0195701,0.00154651,0.00174494,0.0103168,0.0101777,0.063931,0.0209403,0.0202819,0.026682,0.0267004,1.40748E-06,3.35854E-07,0.0106764,0.0104126,0.101996,0,0.0465847,0,0.301882,0.302069,3.76408,4.8064
B,10,1000,3.818,0.25,1,0.286754,0.284702,0.0522775,3.16568E-06,-4.27464E-06,-0.0526687,0.143872,-0.0103132,0.141092,0.0196141,0.00154658,0.00174277,0.0103189,0.010178,0.0640148,0.0208996,0.0202392,0.0190165,0.0190851,9.40435E-07,2.14505E-07,0.0106364,0.0104125,0.0630149,0,0.0366162,0,0.286392,0.286547,2.89676,4.8064
A,10,1000,3.818,0.25,2,0.298164,0.298893,0.0207085,0.0202421,-0.020472,-0.0207045,0.143474,-0.0106626,0.141922,0.0196566,0.00154661,0.00174138,0.0103203,0.0101781,0.0640489,0.0208816,0.0202233,0.0094151,0.00941701,4.06114E-07,8.28469E-08,0.0106052,0.0104128,0,0,0,0,0.298164,0.298165,3.79124,4.60658
F1,10,1000,3.818,0.25,2,0.302287,0.30188,0.0651341,-2.15358E-08,-1.03242E-08,-0.0655056,0.143103,-0.0102215,0.141644,0.0195701,0.00154651,0.00174494,0.0103168,0.0101777,0.063931,0.0209403,0.0202819,0.0266807,0.0267035,1.40745E-06,3.35893E-07,0.0106763,0.0104126,0.101999,0,0.0465854,0,0.30188,0.302004,3.76419,4.60658
F2,10,1000,3.818,0.25,2,0.299005,0.298622,0.0205589,0.0203943,-0.0205508,-0.0206236,0.143754,-0.0106644,0.141645,0.0196564,0.0015466,0.00174133,0.0103203,0.0101781,0.0639312,0.0209411,0.020281,0.00941537,0.00941531,4.04903E-07,8.28095E-08,0.0106045,0.0104127,1.67456E-07,0,5.96899E-05,0,0.299005,0.299005,3.76456,4.60658
B,10,1000,3.818,0.25,2,0.298809,0.29691,0.0211903,0.0197299,-0.0199764,-0.0212565,0.144311,-0.0106647,0.141096,0.0196562,0.00154662,0.00174123,0.0103204,0.0101782,0.0640149,0.0208996,0.0202392,0.00940261,0.00944374,4.0281E-07,8.27345E-08,0.010603,0.0104125,4.47689E-08,0,3.08631E-05,0,0.298807,0.298808,2.89819,4.60658
A,10,1000,3.818,0.25,4,0.298165,0.298893,0.0207085,0.0202421,-0.020472,-0.0207045,0.143474,-0.0106626,0.141922,0.0196566,0.00154661,0.00174138,0.0103203,0.0101781,0.0640488,0.0208816,0.0202233,0.0094151,0.00941701,4.06114E-07,8.28475E-08,0.0106052,0.0104128,0,0,0,0,0.298165,0.298165,3.79128,4.5218
F1,10,1000,3.818,0.25,4,0.298707,0.298339,0.0207084,0.0202431,-0.0204718,-0.0207021,0.14375,-0.0106623,0.141645,0.0196563,0.0015466,0.00174133,0.0103203,0.0101781,0.0639311,0.0209411,0.020281,0.00941539,0.00941593,4.05542E-07,8.30466E-08,0.0106045,0.0104127,3.54061E-06,0,0.000274467,0,0.298707,0.298708,3.7646,4.5218
F2,10,1000,3.818,0.25,4,0.299005,0.298622,0.0205589,0.0203943,-0.0205508,-0.0206236,0.143754,-0.0106644,0.141645,0.0196564,0.0015466,0.00174133,0.0103203,0.0101781,0.0639311,0.0209411,0.020281,0.00941537,0.00941531,4.04903E-07,8.28101E-08,0.0106045,0.0104127,1.67469E-07,0,5.96924E-05,0,0.299006,0.299006,3.7646,4.5218
B,10,1000,3.818,0.25,4,0.286709,0.284742,0.0522781,3.17059E-06,-4.27211E-06,-0.0526694,0.143872,-0.0103132,0.141091,0.0196141,0.00154658,0.00174276,0.0103189,0.010178,0.0640148,0.0208996,0.0202392,0.0190143,0.0190887,9.40359E-07,2.14547E-07,0.0106363,0.0104125,0.0630185,0,0.0366172,0,0.286389,0.286456,2.89696,4.5218
A,10,1000,3.818,0.25,5,0.298164,0.298893,0.0207085,0.0202421,-0.020472,-0.0207045,0.143474,-0.0106626,0.141922,0.0196566,0.00154661,0.00174138,0.0103203,0.0101781,0.0640488,0.0208816,0.0202233,0.0094151,0.00941701,4.06114E-07,8.28472E-08,0.0106052,0.0104128,0,0,0,0,0.298165,0.298165,3.79126,4.54964
F1,10,1000,3.818,0.25,5,0.282752,0.282357,0.0569222,5.68939E-07,-6.6016E-07,-0.0572455,0.143105,-0.0102703,0.141643,0.0195948,0.00154655,0.00174361,0.010318,0.0101779,0.063931,0.0209398,0.0202824,0.0215228,0.0215295,1.12198E-06,2.64681E-07,0.010652,0.0104126,0.0778997,0,0.0407117,0,0.282428,0.282511,3.76411,4.54964
F2,10,1000,3.818,0.25,5,0.299005,0.298622,0.0205589,0.0203943,-0.0205508,-0.0206236,0.143754,-0.0106644,0.141645,0.0196564,0.0015466,0.00174133,0.0103203,0.0101781,0.0639311,0.0209411,0.020281,0.00941537,0.00941531,4.04903E-07,8.28098E-08,0.0106045,0.0104127,1.67463E-07,0,5.96912E-05,0,0.299005,0.299006,3.76458,4.54964
B,10,1000,3.818,0.25,5,0.298809,0.29691,0.0211903,0.0197299,-0.0199764,-0.0212565,0.144311,-0.0106647,0.141096,0.0196562,0.00154662,0.00174123,0.0103204,0.0101782,0.0640149,0.0208996,0.0202392,0.00940261,0.00944374,4.0281E-07,8.27347E-08,0.010603,0.0104125,4.47709E-08,0,3.08638E-05,0,0.298808,0.298808,2.89823,4.54964
A,10,1000,3.818,0.5,0,0.298164,0.298892,0.0207089,0.0202417,-0.0204717,-0.0207049,0.143474,-0.0106626,0.141922,0.0196566,0.00154661,0.00174138,0.0103203,0.0101781,0.0640488,0.0208816,0.0202234,0.0094151,0.00941701,4.06115E-07,8.28484E-08,0.0106052,0.0104128,0,0,0,0,0.298164,0.298164,3.79129,4.46363
F1,10,1000,3.818,0.5,0,0.298707,0.298339,0.0207084,0.0202431,-0.0204718,-0.0207021,0.14375,-0.0106623,0.141645,0.0196563,0.0015466,0.00174133,0.0103203,0.0101781,0.0639311,0.0209411,0.020281,0.00941539,0.00941593,4.05542E-07,8.30469E-08,0.0106045,0.0104127,3.54073E-06,0,0.000274472,0,0.298707,0.298708,3.76461,4.46363
F2,10,1000,3.818,0.5,0,0.299005,0.298622,0.0205589,0.0203943,-0.0205508,-0.0206236,0.143754,-0.0106644,0.141645,0.0196564,0.0015466,0.00174133,0.0103203,0.0101781,0.0639311,0.0209411,0.020281,0.00941537,0.00941531,4.04903E-07,8.28104E-08,0.0106045,0.0104127,1.67475E-07,0,5.96933E-05,0,0.299006,0.299006,3.76462,4.46363
B,10,1000,3.818,0.5,0,0.295564,0.293378,0.0218784,0.0189512,-0.0193066,-0.0218509,0.144311,-0.0106137,0.140899,0.019648,0.00154662,0.00174108,0.0103205,0.0101782,0.0639864,0.0209131,0.0202539,0.00940129,0.00944613,4.22155E-07,9.36773E-08,0.0106013,0.0104124,1.78872E-07,0,6.1691E-05,0,0.295558,0.29556,5.87511,4.46363
A,10,1000,3.818,0.5,1,0.298164,0.298893,0.0207089,0.0202417,-0.0204716,-0.0207049,0.143474,-0.0106626,0.141923,0.0196566,0.00154661,0.00174138,0.0103203,0.0101781,0.0640489,0.0208816,0.0202233,0.0094151,0.00941701,4.06116E-07,8.28464E-08,0.0106052,0.0104128,0,0,0,0,0.298163,0.298164,3.79114,5.21554
F1,10,1000,3.818,0.5,1,0.302322,0.301845,0.0651313,-1.5026E-08,-1.49452E-08,-0.0655027,0.143103,-0.0102215,0.141644,0.0195701,0.00154651,0.00174494,0.0103168,0.0101777,0.063931,0.0209403,0.0202818,0.0266821,0.0267001,1.40749E-06,3.3585E-07,0.0106764,0.0104126,0.101996,0,0.0465846,0,0.301882,0.302076,3.76407,5.21554
F2,10,1000,3.818,0.5,1,0.302322,0.301845,0.0651313,-1.5026E-08,-1.49451E-08,-0.0655027,0.143103,-0.0102215,0.141644,0.0195701,0.00154651,0.00174494,0.0103168,0.0101777,0.063931,0.0209403,0.0202818,0.0266821,0.0267001,1.40749E-06,3.3585E-07,0.0106764,0.0104126,0.101996,0,0.0465846,0,0.301882,0.302076,3.76407,5.21554
B,10,1000,3.818,0.5,1,0.352571,0.346747,0.104343,-5.02658E-06,3.9807E-06,-0.105043,0.142374,-0.00984419,0.1409,0.0193671,0.00154635,0.0017518,0.0103099,0.0101771,0.063986,0.0209142,0.0202532,0.0630504,0.0632942,3.97671E-06,1.17736E-06,0.0108191,0.0104123,0.25171,0,0.0731815,0,0.351815,0.352148,5.87112,5.21554
A,10,1000,3.818,0.5,2,0.298164,0.298893,0.0207089,0.0202417,-0.0204716,-0.0207049,0.143474,-0.0106626,0.141922,0.0196566,0.00154661,0.00174138,0.0103203,0.0101781,0.0640489,0.0208816,0.0202233,0.0094151,0.00941701,4.06116E-07,8.28474E-08,0.0106052,0.0104128,0,0,0,0,0.298164,0.298164,3.79124,4.60595
F1,10,1000,3.818,0.5,2,0.302287,0.30188,0.0651341,-2.15311E-08,-1.03255E-08,-0.0655056,0.143103,-0.0102215,0.141644,0.0195701,0.00154651,0.00174494,0.0103168,0.0101777,0.063931,0.0209403,0.0202819,0.0266807,0.0267035,1.40745E-06,3.35893E-07,0.0106763,0.0104126,0.101999,0,0.0465854,0,0.30188,0.302005,3.76419,4.60595
F2,10,1000,3.818,0.5,2,0.299005,0.298622,0.0205589,0.0203943,-0.0205508,-0.0206236,0.143754,-0.0106644,0.141645,0.0196564,0.0015466,0.00174133,0.0103203,0.0101781,0.0639312,0.0209411,0.020281,0.00941537,0.00941531,4.04903E-07,8.28095E-08,0.0106045,0.0104127,1.67456E-07,0,5.96899E-05,0,0.299005,0.299005,3.76456,4.60595
B,10,1000,3.818,0.5,2,0.295565,0.293379,0.0218783,0.0189512,-0.0193066,-0.0218508,0.144311,-0.0106137,0.140899,0.019648,0.00154662,0.00174108,0.0103205,0.0101782,0.0639864,0.0209131,0.0202539,0.00940129,0.00944612,4.22154E-07,9.3675E-08,0.0106013,0.0104124,1.78851E-07,0,6.16875E-05,0,0.295558,0.29556,5.87493,4.60595
A,10,1000,3.818,0.5,4,0.298164,0.298892,0.0207089,0.0202417,-0.0204717,-0.0207049,0.143474,-0.0106626,0.141922,0.0196566,0.00154661,0.00174138,0.0103203,0.0101781,0.0640488,0.0208816,0.0202233,0.0094151,0.00941701,4.06116E-07,8.28479E-08,0.0106052,0.0104128,0,0,0,0,0.298164,0.298164,3.79126,4.93095
F1,10,1000,3.818,0.5,4,0.298707,0.298339,0.0207084,0.0202431,-0.0204718,-0.0207021,0.14375,-0.0106623,0.141645,0.0196563,0.0015466,0.00174133,0.0103203,0.0101781,0.0639311,0.0209411,0.020281,0.00941539,0.00941594,4.05542E-07,8.30464E-08,0.0106045,0.0104127,3.54048E-06,0,0.000274462,0,0.298707,0.298708,3.76458,4.93095
F2,10,1000,3.818,0.5,4,0.299005,0.298622,0.0205589,0.0203943,-0.0205508,-0.0206236,0.143754,-0.0106644,0.141645,0.0196564,0.0015466,0.00174133,0.0103203,0.0101781,0.0639311,0.0209411,0.020281,0.00941537,0.00941531,4.04903E-07,8.28099E-08,0.0106045,0.0104127,1.67463E-07,0,5.96912E-05,0,0.299005,0.299006,3.76458,4.93095
B,10,1000,3.818,0.5,4,0.352495,0.346807,0.104346,-5.85263E-06,4.27478E-06,-0.105044,0.142374,-0.00984362,0.140898,0.019367,0.00154636,0.00175179,0.0103099,0.0101771,0.0639859,0.0209142,0.0202532,0.0630467,0.0633048,3.97674E-06,1.17755E-06,0.010819,0.0104123,0.251722,0,0.0731833,0,0.351813,0.35199,5.87126,4.93095
A,10,1000,3.818,0.5,5,0.298164,0.298892,0.0207089,0.0202417,-0.0204717,-0.0207049,0.143474,-0.0106626,0.141922,0.0196566,0.00154661,0.00174138,0.0103203,0.0101781,0.0640488,0.0208816,0.0202233,0.0094151,0.00941701,4.06116E-07,8.28478E-08,0.0106052,0.0104128,0,0,0,0,0.298164,0.298164,3.79126,4.54901
F1,10,1000,3.818,0.5,5,0.282752,0.282356,0.0569222,5.68938E-07,-6.60159E-07,-0.0572455,0.143105,-0.0102703,0.141643,0.0195948,0.00154655,0.00174361,0.010318,0.0101779,0.063931,0.0209398,0.0202824,0.0215228,0.0215295,1.12198E-06,2.64681E-07,0.010652,0.0104126,0.0778997,0,0.0407117,0,0.282428,0.282511,3.76411,4.54901
F2,10,1000,3.818,0.5,5,0.299005,0.298622,0.0205589,0.0203943,-0.0205508,-0.0206236,0.143754,-0.0106644,0.141645,0.0196564,0.0015466,0.00174133,0.0103203,0.0101781,0.0639311,0.0209411,0.020281,0.00941537,0.00941531,4.04903E-07,8.28098E-08,0.0106045,0.0104127,1.67463E-07,0,5.96912E-05,0,0.299005,0.299006,3.76458,4.54901
B,10,1000,3.818,0.5,5,0.295564,0.293379,0.0218784,0.0189512,-0.0193066,-0.0218509,0.144311,-0.0106137,0.140899,0.019648,0.00154662,0.00174108,0.0103205,0.0101782,0.0639864,0.0209131,0.0202539,0.00940129,0.00944613,4.22155E-07,9.36758E-08,0.0106013,0.0104124,1.78859E-07,0,6.16888E-05,0,0.295558,0.29556,5.875,4.54901
A,10,1000,3.818,0.79,0,0.298162,0.298891,0.0207096,0.020241,-0.0204709,-0.0207056,0.143474,-0.0106626,0.141922,0.0196566,0.00154661,0.00174138,0.0103203,0.0101781,0.0640488,0.0208816,0.0202233,0.0094151,0.00941702,4.06118E-07,8.28492E-08,0.0106052,0.0104128,0,0,0,0,0.298163,0.298163,3.79128,4.46224
F1,10,1000,3.818,0.79,0,0.298707,0.298339,0.0207084,0.0202431,-0.0204718,-0.0207021,0.14375,-0.0106623,0.141645,0.0196563,0.0015466,0.00174133,0.0103203,0.0101781,0.0639311,0.0209411,0.020281,0.00941539,0.00941593,4.05542E-07,8.30466E-08,0.0106045,0.0104127,3.54061E-06,0,0.000274467,0,0.298707,0.298708,3.7646,4.46224
F2,10,1000,3.818,0.79,0,0.299005,0.298622,0.0205589,0.0203943,-0.0205508,-0.0206236,0.143754,-0.0106644,0.141645,0.0196564,0.0015466,0.00174133,0.0103203,0.0101781,0.0639311,0.0209411,0.020281,0.00941537,0.00941531,4.04903E-07,8.28101E-08,0.0106045,0.0104127,1.67469E-07,0,5.96924E-05,0,0.299006,0.299006,3.7646,4.46224
B,10,1000,3.818,0.79,0,0.288678,0.286642,0.0226488,0.0179894,-0.0185027,-0.022473,0.144084,-0.0105416,0.140688,0.0196291,0.00154662,0.00174069,0.0103208,0.0101782,0.063954,0.0209277,0.0202714,0.00940043,0.00944432,4.64745E-07,1.22131E-07,0.0105965,0.0104121,4.47264E-07,0,9.75513E-05,0,0.288662,0.288666,9.33813,4.46224
A,10,1000,3.818,0.79,1,0.298162,0.298892,0.0207096,0.020241,-0.0204709,-0.0207056,0.143474,-0.0106626,0.141923,0.0196566,0.00154661,0.00174138,0.0103203,0.0101781,0.0640489,0.0208816,0.0202233,0.0094151,0.00941702,4.06119E-07,8.28476E-08,0.0106052,0.0104128,0,0,0,0,0.298162,0.298162,3.79115,5.76251
F1,10,1000,3.818,0.79,1,0.302319,0.301848,0.0651316,-1.16082E-07,4.36941E-09,-0.0655029,0.143103,-0.0102214,0.141644,0.0195701,0.00154651,0.00174494,0.0103168,0.0101777,0.063931,0.0209403,0.0202819,0.026682,0.0267003,1.40749E-06,3.35853E-07,0.0106764,0.0104126,0.101996,0,0.0465846,0,0.301882,0.30207,3.76408,5.76251
F2,10,1000,3.818,0.79,1,0.302319,0.301848,0.0651316,-1.16082E-07,4.3694E-09,-0.0655029,0.143103,-0.0102214,0.141644,0.0195701,0.00154651,0.00174494,0.0103168,0.0101777,0.063931,0.0209403,0.0202819,0.026682,0.0267003,1.40749E-06,3.35853E-07,0.0106764,0.0104126,0.101996,0,0.0465846,0,0.301882,0.30207,3.76408,5.76251
B,10,1000,3.818,0.79,1,0.347447,0.334965,0.164524,-1.20735E-05,8.86956E-06,-0.165138,0.135198,-0.00860344,0.14068,0.018773,0.00154574,0.00175515,0.0102961,0.0101781,0.0639336,0.0209034,0.0202778,0.154349,0.154741,1.32705E-05,6.52497E-06,0.0110326,0.0104038,0.62844,0,0.115633,0,0.34603,0.346649,9.32825,5.76251
A,10,1000,3.818,0.79,2,0.298162,0.298891,0.0207096,0.020241,-0.0204709,-0.0207056,0.143474,-0.0106626,0.141922,0.0196566,0.00154661,0.00174138,0.0103203,0.0101781,0.0640489,0.0208816,0.0202233,0.0094151,0.00941702,4.06119E-07,8.28486E-08,0.0106052,0.0104128,0,0,0,0,0.298162,0.298163,3.79124,4.60456
F1,10,1000,3.818,0.79,2,0.302287,0.301879,0.0651341,-2.15205E-08,-1.03276E-08,-0.0655055,0.143103,-0.0102215,0.141644,0.0195701,0.00154651,0.00174494,0.0103168,0.0101777,0.063931,0.0209403,0.0202819,0.0266807,0.0267034,1.40745E-06,3.35892E-07,0.0106763,0.0104126,0.101999,0,0.0465854,0,0.30188,0.302005,3.76419,4.60456
F2,10,1000,3.818,0.79,2,0.299005,0.298622,0.0205589,0.0203943,-0.0205508,-0.0206236,0.143754,-0.0106644,0.141645,0.0196564,0.0015466,0.00174133,0.0103203,0.0101781,0.0639312,0.0209411,0.020281,0.00941537,0.00941531,4.04903E-07,8.28094E-08,0.0106045,0.0104127,1.67456E-07,0,5.96899E-05,0,0.299005,0.299005,3.76456,4.60456
B,10,1000,3.818,0.79,2,0.288679,0.286643,0.0226487,0.0179895,-0.0185027,-0.022473,0.144084,-0.0105416,0.140688,0.0196291,0.00154662,0.00174069,0.0103208,0.0101781,0.063954,0.0209277,0.0202713,0.00940043,0.00944431,4.64742E-07,1.22127E-07,0.0105965,0.0104121,4.47227E-07,0,9.75473E-05,0,0.288661,0.288668,9.33792,4.60456
A,10,1000,3.818,0.79,4,0.298162,0.298891,0.0207096,0.020241,-0.0204709,-0.0207056,0.143474,-0.0106626,0.141922,0.0196566,0.00154661,0.00174138,0.0103203,0.0101781,0.0640488,0.0208816,0.0202233,0.0094151,0.00941702,4.06118E-07,8.28493E-08,0.0106052,0.0104128,0,0,0,0,0.298163,0.298163,3.79128,5.47791
F1,10,1000,3.818,0.79,4,0.298707,0.298339,0.0207084,0.0202431,-0.0204718,-0.0207021,0.14375,-0.0106623,0.141645,0.0196563,0.0015466,0.00174133,0.0103203,0.0101781,0.0639311,0.0209411,0.020281,0.00941539,0.00941593,4.05542E-07,8.30467E-08,0.0106045,0.0104127,3.54061E-06,0,0.000274467,0,0.298707,0.298708,3.7646,5.47791
F2,10,1000,3.818,0.79,4,0.299005,0.298622,0.0205589,0.0203943,-0.0205508,-0.0206236,0.143754,-0.0106644,0.141645,0.0196564,0.0015466,0.00174133,0.0103203,0.0101781,0.0639311,0.0209411,0.020281,0.00941537,0.00941531,4.04903E-07,8.28101E-08,0.0106045,0.0104127,1.67469E-07,0,5.96924E-05,0,0.299006,0.299006,3.7646,5.47791
B,10,1000,3.818,0.79,4,0.347286,0.335051,0.164531,-4.46215E-06,3.11893E-06,-0.165126,0.135195,-0.00860574,0.140676,0.0187725,0.00154574,0.00175512,0.0102961,0.0101781,0.0639333,0.0209033,0.0202778,0.154337,0.154771,1.32708E-05,6.52613E-06,0.011032,0.0104037,0.628475,0,0.115637,0,0.346045,0.346303,9.32822,5.47791
A,10,1000,3.818,0.79,5,0.298162,0.298891,0.0207096,0.020241,-0.0204709,-0.0207056,0.143474,-0.0106626,0.141922,0.0196566,0.00154661,0.00174138,0.0103203,0.0101781,0.0640488,0.0208816,0.0202233,0.0094151,0.00941702,4.06118E-07,8.28489E-08,0.0106052,0.0104128,0,0,0,0,0.298162,0.298163,3.79126,4.54762
F1,10,1000,3.818,0.79,5,0.282753,0.282356,0.0569222,5.68935E-07,-6.60157E-07,-0.0572455,0.143105,-0.0102703,0.141643,0.0195948,0.00154655,0.00174361,0.010318,0.0101779,0.063931,0.0209398,0.0202824,0.0215228,0.0215294,1.12198E-06,2.64681E-07,0.010652,0.0104126,0.0778997,0,0.0407117,0,0.282428,0.282511,3.76411,4.54762
F2,10,1000,3.818,0.79,5,0.299005,0.298622,0.0205589,0.0203943,-0.0205508,-0.0206236,0.143754,-0.0106644,0.141645,0.0196564,0.0015466,0.00174133,0.0103203,0.0101781,0.0639311,0.0209411,0.020281,0.00941537,0.00941531,4.04903E-07,8.28098E-08,0.0106045,0.0104127,1.67463E-07,0,5.96912E-05,0,0.299005,0.299006,3.76458,4.54762
B,10,1000,3.818,0.79,5,0.288679,0.286642,0.0226488,0.0179895,-0.0185027,-0.022473,0.144084,-0.0105416,0.140688,0.0196291,0.00154662,0.00174069,0.0103208,0.0101782,0.063954,0.0209277,0.0202714,0.00940043,0.00944431,4.64743E-07,1.22129E-07,0.0105965,0.0104121,4.47246E-07,0,9.75493E-05,0,0.288662,0.288667,9.33803,4.54762
A,10,1000,3.818,1,0,0.298161,0.29889,0.0207103,0.0202403,-0.0204702,-0.0207063,0.143474,-0.0106626,0.141922,0.0196566,0.00154661,0.00174138,0.0103203,0.0101781,0.0640488,0.0208816,0.0202234,0.0094151,0.00941702,4.06121E-07,8.28507E-08,0.0106052,0.0104128,0,0,0,0,0.298161,0.298162,3.79129,4.46022
F1,10,1000,3.818,1,0,0.298707,0.298339,0.0207084,0.0202431,-0.0204718,-0.0207021,0.14375,-0.0106623,0.141645,0.0196563,0.0015466,0.00174133,0.0103203,0.0101781,0.0639311,0.0209411,0.020281,0.00941539,0.00941593,4.05542E-07,8.30469E-08,0.0106045,0.0104127,3.54073E-06,0,0.000274472,0,0.298707,0.298708,3.76461,4.46022
F2,10,1000,3.818,1,0,0.299005,0.298622,0.0205589,0.0203943,-0.0205508,-0.0206236,0.143754,-0.0106644,0.141645,0.0196564,0.0015466,0.00174133,0.0103203,0.0101781,0.0639311,0.0209411,0.020281,0.00941537,0.00941531,4.04903E-07,8.28104E-08,0.0106045,0.0104127,1.67475E-07,0,5.96933E-05,0,0.299006,0.299006,3.76462,4.46022
B,10,1000,3.818,1,0,0.281334,0.279962,0.0231863,0.0171949,-0.0178983,-0.0228128,0.143534,-0.0104041,0.140507,0.0195876,0.00154619,0.00173886,0.0103194,0.0101758,0.0639152,0.020931,0.0202787,0.00939435,0.00943168,5.1316E-07,1.64963E-07,0.0105728,0.010406,7.19032E-07,0,0.000123687,0,0.281311,0.281311,11.8621,4.46022
A,10,1000,3.818,1,1,0.29816,0.298891,0.0207106,0.0202403,-0.02047,-0.0207063,0.143474,-0.0106626,0.141923,0.0196566,0.0015466,0.00174138,0.0103204,0.0101781,0.0640491,0.0208815,0.0202232,0.00941511,0.00941703,4.06125E-07,8.28435E-08,0.0106052,0.0104128,0,0,0,0,0.298159,0.298161,3.79129,6.01985
F1,10,1000,3.818,1,1,0.302511,0.30166,0.0651387,-1.63998E-08,-1.72925E-08,-0.0655099,0.143102,-0.0102215,0.141648,0.0195703,0.00154651,0.00174497,0.0103168,0.0101777,0.0639312,0.0209403,0.0202817,0.0266898,0.0266818,1.4077E-06,3.35619E-07,0.0106768,0.0104126,0.101975,0,0.0465799,0,0.302138,0.302204,3.76429,6.01985
F2,10,1000,3.818,1,1,0.302511,0.30166,0.0651387,-1.63998E-08,-1.72926E-08,-0.0655099,0.143102,-0.0102215,0.141648,0.0195703,0.00154651,0.00174497,0.0103168,0.0101777,0.0639312,0.0209403,0.0202817,0.0266898,0.0266818,1.4077E-06,3.35619E-07,0.0106768,0.0104126,0.101975,0,0.0465799,0,0.302138,0.302204,3.76429,6.01985
B,10,1000,3.818,1,1,0.307289,0.292171,0.203003,-7.91601E-05,0.000182303,-0.201738,0.106286,-0.00328934,0.136604,0.0161819,0.00143174,0.00158599,0.00997119,0.0099167,0.0619757,0.0194201,0.0202369,0.215997,0.215969,2.13791E-05,1.45373E-05,0.0101374,0.00961519,0.881116,0,0.136919,0,0.305664,0.306086,10.7808,6.01985
A,10,1000,3.818,1,2,0.298161,0.29889,0.0207103,0.0202403,-0.0204702,-0.0207063,0.143474,-0.0106626,0.141922,0.0196566,0.00154661,0.00174138,0.0103203,0.0101781,0.0640489,0.0208816,0.0202233,0.0094151,0.00941702,4.06122E-07,8.28499E-08,0.0106052,0.0104128,0,0,0,0,0.298161,0.298161,3.79125,4.60254
F1,10,1000,3.818,1,2,0.302282,0.301884,0.0651344,-2.08092E-08,-1.07628E-08,-0.0655059,0.143103,-0.0102215,0.141644,0.0195701,0.00154651,0.00174494,0.0103168,0.0101777,0.063931,0.0209403,0.0202819,0.0266804,0.0267039,1.40744E-06,3.35899E-07,0.0106763,0.0104126,0.102,0,0.0465855,0,0.30188,0.301995,3.7642,4.60254
F2,10,1000,3.818,1,2,0.299005,0.298622,0.0205589,0.0203943,-0.0205508,-0.0206236,0.143754,-0.0106644,0.141645,0.0196564,0.0015466,0.00174133,0.0103203,0.0101781,0.0639311,0.0209411,0.020281,0.00941537,0.00941531,4.04903E-07,8.28096E-08,0.0106045,0.0104127,1.67459E-07,0,5.96905E-05,0,0.299005,0.299005,3.76457,4.60254
B,10,1000,3.818,1,2,0.281336,0.279964,0.0231862,0.0171948,-0.0178987,-0.0228125,0.143535,-0.0104041,0.140508,0.0195877,0.00154619,0.00173886,0.0103194,0.0101758,0.0639153,0.020931,0.0202787,0.00939437,0.00943169,5.13154E-07,1.64954E-07,0.0105729,0.010406,7.18963E-07,0,0.000123681,0,0.28131,0.281315,11.8618,4.60254
A,10,1000,3.818,1,4,0.298161,0.29889,0.0207106,0.0202403,-0.02047,-0.0207063,0.143474,-0.0106626,0.141923,0.0196566,0.00154661,0.00174138,0.0103204,0.0101781,0.0640489,0.0208816,0.0202233,0.0094151,0.00941703,4.06123E-07,8.2848E-08,0.0106052,0.0104128,0,0,0,0,0.298161,0.298162,3.7913,5.73546
F1,10,1000,3.818,1,4,0.298707,0.29834,0.0207084,0.0202431,-0.0204718,-0.0207021,0.14375,-0.0106623,0.141645,0.0196563,0.0015466,0.00174133,0.0103203,0.0101781,0.0639312,0.0209411,0.0202809,0.00941539,0.00941594,4.05544E-07,8.30442E-08,0.0106045,0.0104127,3.53943E-06,0,0.00027442,0,0.298706,0.298708,3.76462,5.73546
F2,10,1000,3.818,1,4,0.299005,0.298623,0.0205589,0.0203943,-0.0205508,-0.0206236,0.143754,-0.0106644,0.141645,0.0196564,0.0015466,0.00174133,0.0103203,0.0101781,0.0639312,0.0209411,0.0202809,0.00941537,0.00941532,4.04905E-07,8.28078E-08,0.0106045,0.0104127,1.67413E-07,0,5.96822E-05,0,0.299005,0.299006,3.76463,5.73546
B,10,1000,3.818,1,4,0.306725,0.292341,0.202964,-7.97284E-05,0.000182107,-0.20175,0.106285,-0.00328908,0.136579,0.0161807,0.00143167,0.00158589,0.00997116,0.00991644,0.0619746,0.0194195,0.0202368,0.215946,0.216089,2.13806E-05,1.45477E-05,0.0101358,0.0096148,0.881242,0,0.136929,0,0.305862,0.304744,10.7797,5.73546
A,10,1000,3.818,1,5,0.298161,0.29889,0.0207103,0.0202403,-0.0204702,-0.0207063,0.143474,-0.0106626,0.141922,0.0196566,0.00154661,0.00174138,0.0103203,0.0101781,0.0640489,0.0208816,0.0202233,0.0094151,0.00941702,4.06121E-07,8.285E-08,0.0106052,0.0104128,0,0,0,0,0.298161,0.298161,3.79126,4.5456
F1,10,1000,3.818,1,5,0.282755,0.282354,0.0569221,5.68929E-07,-6.60233E-07,-0.0572454,0.143105,-0.0102703,0.141643,0.0195948,0.00154655,0.00174362,0.010318,0.0101779,0.063931,0.0209398,0.0202824,0.0215229,0.0215292,1.12198E-06,2.64678E-07,0.010652,0.0104126,0.0778994,0,0.0407116,0,0.282428,0.282516,3.7641,4.5456
F2,10,1000,3.818,1,5,0.299005,0.298622,0.0205589,0.0203943,-0.0205508,-0.0206236,0.143754,-0.0106644,0.141645,0.0196564,0.0015466,0.00174133,0.0103203,0.0101781,0.0639311,0.0209411,0.020281,0.00941537,0.00941531,4.04903E-07,8.28097E-08,0.0106045,0.0104127,1.67461E-07,0,5.96909E-05,0,0.299005,0.299006,3.76458,4.5456
B,10,1000,3.818,1,5,0.281336,0.279964,0.0231862,0.0171948,-0.0178987,-0.0228125,0.143535,-0.0104041,0.140508,0.0195876,0.00154619,0.00173886,0.0103194,0.0101758,0.0639153,0.020931,0.0202787,0.00939436,0.00943168,5.13154E-07,1.64955E-07,0.0105729,0.010406,7.18973E-07,0,0.000123682,0,0.28131,0.281314,11.8618,4.5456
A,10,20000,3.818,0.25,0,0.298164,0.298895,0.0207087,0.0202423,-0.0204669,-0.0207232,0.143472,-0.0103977,0.141923,0.0196567,0.00154675,0.00173884,0.0103187,0.0101772,0.0640498,0.0208793,0.0202231,0.0094152,0.00941709,4.14708E-07,9.20312E-08,0.0106096,0.0104127,0,0,0,0,0.298164,0.298164,3.79188,4.46428
F1,10,20000,3.818,0.25,0,0.298712,0.298336,0.0207094,0.0202436,-0.0204659,-0.0207208,0.143746,-0.010397,0.141647,0.0196564,0.00154675,0.00173879,0.0103186,0.0101772,0.0639325,0.0209386,0.0202806,0.00941599,0.0094155,4.14157E-07,9.22468E-08,0.010609,0.0104126,3.54364E-06,0,0.000274585,0,0.298712,0.298712,3.76784,4.46428
F2,10,20000,3.818,0.25,0,0.299003,0.298626,0.0205613,0.0203945,-0.020533,-0.0206582,0.143751,-0.0103982,0.141647,0.0196565,0.00154675,0.0017388,0.0103186,0.0101772,0.0639325,0.0209386,0.0202806,0.00941549,0.00941537,4.13379E-07,9.1894E-08,0.0106089,0.0104126,1.67607E-07,0,5.97169E-05,0,0.299003,0.299003,3.76785,4.46428
B,10,20000,3.818,0.25,0,0.298821,0.296927,0.0211855,0.0197349,-0.0199796,-0.0212542,0.144308,-0.0104609,0.141099,0.0196563,0.0015467,0.00173967,0.0103195,0.0101775,0.0640155,0.0208951,0.020242,0.00940274,0.00944376,4.08331E-07,8.86697E-08,0.0106058,0.0104125,4.42E-08,0,3.06664E-05,0,0.298819,0.29882,2.87817,4.46428
A,10,20000,3.818,0.25,1,0.298163,0.298896,0.020709,0.0202421,-0.0204669,-0.0207234,0.143472,-0.0103971,0.141924,0.0196567,0.00154674,0.00173884,0.0103187,0.0101772,0.0640499,0.0208793,0.020223,0.00941517,0.00941706,4.14873E-07,9.2093E-08,0.0106096,0.0104127,0,0,0,0,0.298162,0.298163,3.79177,5.11714
F1,10,20000,3.818,0.25,1,0.323873,0.322584,0.0801725,-4.23375E-05,4.0029E-05,-0.0806891,0.14271,-0.00921633,0.141665,0.0195103,0.00154688,0.00174073,0.0103029,0.0101817,0.0639353,0.0209201,0.020295,0.0384755,0.0384751,2.8867E-06,1.22681E-06,0.0107686,0.0104126,0.154853,0,0.0573999,0,0.323886,0.323874,3.76181,5.11714
F2,10,20000,3.818,0.25,1,0.323873,0.322584,0.0801725,-4.23375E-05,4.0029E-05,-0.0806891,0.14271,-0.00921633,0.141665,0.0195103,0.00154688,0.00174073,0.0103029,0.0101817,0.0639353,0.0209201,0.020295,0.0384755,0.0384751,2.8867E-06,1.22681E-06,0.0107686,0.0104126,0.154853,0,0.0573999,0,0.323886,0.323874,3.76181,5.11714
B,10,20000,3.818,0.25,1,0.302865,0.299826,0.0636826,-4.04871E-05,3.26676E-05,-0.064217,0.143692,-0.00961354,0.141105,0.0195781,0.00154672,0.0017408,0.0103132,0.010178,0.0640163,0.0208899,0.0202458,0.0257661,0.0258363,1.66986E-06,6.27432E-07,0.0106889,0.0104125,0.0939115,0,0.0447003,0,0.302888,0.302867,2.86557,5.11714
A,10,20000,3.818,0.25,2,0.298163,0.298896,0.020709,0.0202422,-0.0204669,-0.0207234,0.143472,-0.0103971,0.141924,0.0196567,0.00154674,0.00173884,0.0103187,0.0101772,0.0640499,0.0208793,0.020223,0.00941518,0.00941707,4.14834E-07,9.20802E-08,0.0106096,0.0104127,0,0,0,0,0.298162,0.298163,3.79139,4.72441
F1,10,20000,3.818,0.25,2,0.323915,0.32262,0.0801585,-2.9247E-05,4.72655E-05,-0.0806848,0.14272,-0.00921564,0.141665,0.0195106,0.00154689,0.00174074,0.0103029,0.0101817,0.0639353,0.0209201,0.0202951,0.038475,0.038474,2.88613E-06,1.22707E-06,0.0107685,0.0104126,0.154851,0,0.0573996,0,0.323929,0.323917,3.76119,4.72441
F2,10,20000,3.818,0.25,2,0.299002,0.298626,0.0205614,0.0203945,-0.0205331,-0.0206582,0.143751,-0.0103977,0.141647,0.0196565,0.00154674,0.0017388,0.0103187,0.0101771,0.0639326,0.0209386,0.0202804,0.00941546,0.00941535,4.13505E-07,9.19431E-08,0.010609,0.0104126,1.67589E-07,0,5.97138E-05,0,0.299,0.299002,3.76419,4.72441
B,10,20000,3.818,0.25,2,0.298821,0.296927,0.0211866,0.0197338,-0.0199797,-0.0212535,0.144309,-0.0104605,0.141098,0.0196563,0.0015467,0.00173967,0.0103195,0.0101775,0.0640155,0.0208952,0.020242,0.00940272,0.00944374,4.08411E-07,8.86974E-08,0.0106059,0.0104125,4.41954E-08,0,3.06648E-05,0,0.298817,0.29882,2.88026,4.72441
A,10,20000,3.818,0.25,4,0.298164,0.298895,0.0207087,0.0202423,-0.0204669,-0.0207232,0.143472,-0.0103977,0.141923,0.0196567,0.00154675,0.00173884,0.0103187,0.0101772,0.0640498,0.0208793,0.0202231,0.00941518,0.00941707,4.14806E-07,9.20766E-08,0.0106096,0.0104127,0,0,0,0,0.298164,0.298164,3.79188,4.59686
F1,10,20000,3.818,0.25,4,0.298712,0.298335,0.0207094,0.0202436,-0.0204659,-0.0207208,0.143746,-0.010397,0.141647,0.0196563,0.00154675,0.00173879,0.0103186,0.0101772,0.0639325,0.0209386,0.0202806,0.00941597,0.00941548,4.14255E-07,9.22924E-08,0.010609,0.0104126,3.54364E-06,0,0.000274585,0,0.298712,0.298712,3.76784,4.59686
F2,10,20000,3.818,0.25,4,0.299002,0.298626,0.0205613,0.0203945,-0.020533,-0.0206582,0.143751,-0.0103982,0.141647,0.0196565,0.00154675,0.0017388,0.0103186,0.0101772,0.0639325,0.0209386,0.0202806,0.00941546,0.00941535,4.13477E-07,9.19394E-08,0.0106089,0.0104126,1.67607E-07,0,5.97169E-05,0,0.299002,0.299003,3.76785,4.59686
B,10,20000,3.818,0.25,4,0.30288,0.299891,0.0636591,-2.10154E-05,2.4309E-05,-0.0641804,0.143695,-0.00966354,0.141105,0.0195782,0.00154673,0.00174081,0.0103132,0.0101781,0.0640163,0.0208899,0.0202458,0.025767,0.0258396,1.66613E-06,6.25526E-07,0.010689,0.0104125,0.093922,0,0.0447029,0,0.30289,0.302885,2.86798,4.59686
A,10,20000,3.818,0.25,5,0.298164,0.298895,0.0207088,0.0202424,-0.020467,-0.0207232,0.143472,-0.0103976,0.141923,0.0196567,0.00154675,0.00173884,0.0103186,0.0101772,0.0640498,0.0208793,0.0202231,0.00941518,0.00941707,4.14817E-07,9.20735E-08,0.0106096,0.0104127,0,0,0,0,0.298164,0.298164,3.7916,4.61426
F1,10,20000,3.818,0.25,5,0.293372,0.292108,0.0661684,-5.40263E-05,4.51456E-05,-0.0666033,0.142872,-0.00950472,0.141656,0.019562,0.00154683,0.00173961,0.0103099,0.0101789,0.0639339,0.0209286,0.0202883,0.0274385,0.0274208,1.90115E-06,7.45343E-07,0.0107063,0.0104126,0.105413,0,0.0473585,0,0.293383,0.293349,3.76811,4.61426
F2,10,20000,3.818,0.25,5,0.299002,0.298626,0.0205614,0.0203945,-0.0205329,-0.0206583,0.143751,-0.0103983,0.141647,0.0196565,0.00154675,0.0017388,0.0103186,0.0101772,0.0639325,0.0209386,0.0202806,0.00941546,0.00941534,4.13487E-07,9.19361E-08,0.0106089,0.0104126,1.67608E-07,0,5.97171E-05,0,0.299003,0.299003,3.76774,4.61426
B,10,20000,3.818,0.25,5,0.29882,0.296927,0.0211854,0.0197347,-0.0199796,-0.0212542,0.144308,-0.0104609,0.141099,0.0196563,0.0015467,0.00173967,0.0103195,0.0101775,0.0640155,0.0208951,0.020242,0.00940273,0.00944374,4.08394E-07,8.86949E-08,0.0106058,0.0104125,4.42003E-08,0,3.06665E-05,0,0.298819,0.298819,2.87782,4.61426
A,10,20000,3.818,0.5,0,0.298163,0.298895,0.0207091,0.020242,-0.0204666,-0.0207235,0.143472,-0.0103976,0.141923,0.0196567,0.00154675,0.00173884,0.0103187,0.0101772,0.0640498,0.0208793,0.0202231,0.0094152,0.00941709,4.14719E-07,9.20341E-08,0.0106096,0.0104127,0,0,0,0,0.298164,0.298164,3.79179,4.46366
F1,10,20000,3.818,0.5,0,0.298712,0.298336,0.0207093,0.0202436,-0.0204659,-0.0207208,0.143746,-0.0103971,0.141647,0.0196564,0.00154675,0.00173879,0.0103186,0.0101772,0.0639325,0.0209386,0.0202806,0.00941599,0.0094155,4.14167E-07,9.22489E-08,0.010609,0.0104126,3.54365E-06,0,0.000274585,0,0.298712,0.298712,3.76781,4.46366
F2,10,20000,3.818,0.5,0,0.299003,0.298626,0.0205613,0.0203945,-0.0205329,-0.0206582,0.143751,-0.0103982,0.141647,0.0196565,0.00154675,0.0017388,0.0103186,0.0101772,0.0639325,0.0209386,0.0202806,0.00941548,0.00941537,4.13389E-07,9.18961E-08,0.0106089,0.0104126,1.67607E-07,0,5.9717E-05,0,0.299003,0.299003,3.76782,4.46366
B,10,20000,3.818,0.5,0,0.295594,0.293466,0.0218696,0.0189607,-0.0193136,-0.0218476,0.144292,-0.0102096,0.14092,0.0196485,0.00154704,0.0017348,0.0103141,0.0101781,0.0639897,0.0208898,0.0202702,0.00940204,0.00944605,4.44771E-07,1.17972E-07,0.0106126,0.0104123,1.76552E-07,0,6.12897E-05,0,0.29559,0.295592,5.8347,4.46366
A,10,20000,3.818,0.5,1,0.298163,0.298894,0.0207096,0.0202416,-0.0204664,-0.020724,0.143472,-0.010397,0.141923,0.0196566,0.00154675,0.00173884,0.0103186,0.0101772,0.0640497,0.0208793,0.0202232,0.00941516,0.00941706,4.14889E-07,9.21164E-08,0.0106096,0.0104127,0,0,0,0,0.298162,0.298163,3.79299,5.6482
F1,10,20000,3.818,0.5,1,0.323886,0.322575,0.080263,-7.23766E-05,6.86068E-05,-0.0807926,0.142714,-0.00913548,0.141666,0.0195102,0.00154691,0.00174088,0.0103024,0.0101821,0.0639353,0.020919,0.0202961,0.0384716,0.0384735,2.89761E-06,1.23618E-06,0.0107691,0.0104126,0.154829,0,0.0574128,0,0.323899,0.323891,3.76769,5.6482
F2,10,20000,3.818,0.5,1,0.323886,0.322575,0.080263,-7.23766E-05,6.86068E-05,-0.0807926,0.142714,-0.00913548,0.141666,0.0195102,0.00154691,0.00174088,0.0103024,0.0101821,0.0639353,0.020919,0.0202961,0.0384716,0.0384735,2.89761E-06,1.23618E-06,0.0107691,0.0104126,0.154829,0,0.0574128,0,0.323899,0.323891,3.76769,5.6482
B,10,20000,3.818,0.5,1,0.365001,0.358618,0.126589,-0.000186651,0.000151386,-0.128621,0.140526,-0.00836074,0.141335,0.0192358,0.00154882,0.00173799,0.010213,0.0102487,0.0640183,0.0207012,0.0204254,0.0914731,0.0919558,8.481E-06,4.08395E-06,0.0110294,0.0104124,0.370123,0,0.0887725,0,0.365079,0.365015,5.81586,5.6482
A,10,20000,3.818,0.5,2,0.298163,0.298895,0.0207094,0.0202418,-0.0204666,-0.0207237,0.143472,-0.0103971,0.141924,0.0196567,0.00154674,0.00173884,0.0103187,0.0101772,0.0640499,0.0208793,0.020223,0.00941518,0.00941707,4.14835E-07,9.20811E-08,0.0106096,0.0104127,0,0,0,0,0.298161,0.298163,3.79139,4.72379
F1,10,20000,3.818,0.5,2,0.323915,0.32262,0.0801585,-2.91821E-05,4.72938E-05,-0.0806848,0.14272,-0.00921563,0.141665,0.0195106,0.00154689,0.00174074,0.0103029,0.0101817,0.0639353,0.0209201,0.0202951,0.038475,0.038474,2.88613E-06,1.22708E-06,0.0107685,0.0104126,0.154851,0,0.0573996,0,0.323929,0.323917,3.76119,4.72379
F2,10,20000,3.818,0.5,2,0.299002,0.298626,0.0205614,0.0203945,-0.0205331,-0.0206582,0.143751,-0.0103977,0.141647,0.0196565,0.00154674,0.0017388,0.0103187,0.0101771,0.0639326,0.0209386,0.0202804,0.00941546,0.00941535,4.13505E-07,9.19431E-08,0.010609,0.0104126,1.67589E-07,0,5.97138E-05,0,0.299,0.299002,3.76418,4.72379
B,10,20000,3.818,0.5,2,0.295595,0.293465,0.021871,0.0189593,-0.0193132,-0.0218458,0.144293,-0.0102092,0.140919,0.0196483,0.00154703,0.00173481,0.0103142,0.010178,0.0639897,0.0208899,0.0202701,0.00940198,0.00944599,4.45044E-07,1.18109E-07,0.0106127,0.0104123,1.76533E-07,0,6.12864E-05,0,0.295587,0.295593,5.83901,4.72379
A,10,20000,3.818,0.5,4,0.298163,0.298895,0.0207095,0.0202417,-0.0204664,-0.0207238,0.143472,-0.010397,0.141923,0.0196567,0.00154674,0.00173884,0.0103187,0.0101771,0.0640498,0.0208794,0.020223,0.00941517,0.00941707,4.14881E-07,9.20894E-08,0.0106097,0.0104127,0,0,0,0,0.298161,0.298163,3.79297,5.12785
F1,10,20000,3.818,0.5,4,0.298712,0.298335,0.0207096,0.0202436,-0.0204659,-0.020721,0.143747,-0.0103968,0.141647,0.0196563,0.00154673,0.00173879,0.0103187,0.0101771,0.0639325,0.0209387,0.0202805,0.00941596,0.00941548,4.14329E-07,9.23045E-08,0.0106091,0.0104126,3.54265E-06,0,0.000274595,0,0.298709,0.298712,3.76798,5.12785
F2,10,20000,3.818,0.5,4,0.299002,0.298626,0.0205614,0.0203944,-0.0205329,-0.0206582,0.143751,-0.0103978,0.141647,0.0196564,0.00154673,0.0017388,0.0103187,0.0101771,0.0639325,0.0209387,0.0202804,0.00941546,0.00941534,4.1355E-07,9.19516E-08,0.010609,0.0104126,1.6756E-07,0,5.97192E-05,0,0.299,0.299002,3.76799,5.12785
B,10,20000,3.818,0.5,4,0.365206,0.358799,0.12662,-0.000251406,0.000199836,-0.128598,0.140541,-0.00823877,0.141334,0.0192365,0.00154879,0.00173793,0.0102134,0.0102487,0.0640183,0.0207018,0.0204252,0.091468,0.0919499,8.511E-06,4.08845E-06,0.0110298,0.0104124,0.370106,0,0.0887582,0,0.365311,0.3652,5.81414,5.12785
A,10,20000,3.818,0.5,5,0.298163,0.298895,0.0207091,0.020242,-0.0204666,-0.0207235,0.143472,-0.0103976,0.141923,0.0196567,0.00154675,0.00173884,0.0103186,0.0101772,0.0640498,0.0208793,0.0202231,0.00941517,0.00941707,4.14821E-07,9.20748E-08,0.0106096,0.0104127,0,0,0,0,0.298163,0.298164,3.79176,4.61363
F1,10,20000,3.818,0.5,5,0.293366,0.292113,0.06617,-5.32888E-05,4.47445E-05,-0.0666055,0.142872,-0.00950157,0.141656,0.0195621,0.00154683,0.00173961,0.0103099,0.0101789,0.0639339,0.0209286,0.0202883,0.0274383,0.0274207,1.90139E-06,7.45483E-07,0.0107063,0.0104126,0.105413,0,0.0473585,0,0.293367,0.293354,3.76811,4.61363
F2,10,20000,3.818,0.5,5,0.299002,0.298626,0.0205614,0.0203945,-0.0205329,-0.0206583,0.143751,-0.0103983,0.141647,0.0196565,0.00154675,0.0017388,0.0103186,0.0101772,0.0639325,0.0209386,0.0202806,0.00941546,0.00941534,4.13489E-07,9.19365E-08,0.0106089,0.0104126,1.67607E-07,0,5.9717E-05,0,0.299002,0.299003,3.76781,4.61363
B,10,20000,3.818,0.5,5,0.295594,0.293465,0.0218695,0.0189606,-0.0193135,-0.0218476,0.144292,-0.0102096,0.14092,0.0196483,0.00154704,0.00173481,0.0103141,0.0101781,0.0639897,0.0208898,0.0202702,0.00940199,0.009446,4.45037E-07,1.18065E-07,0.0106126,0.0104123,1.76552E-07,0,6.12897E-05,0,0.29559,0.295591,5.83462,4.61363
A,10,20000,3.818,0.79,0,0.298162,0.298894,0.0207098,0.0202413,-0.020466,-0.0207241,0.143471,-0.0103976,0.141923,0.0196567,0.00154675,0.00173884,0.0103187,0.0101772,0.0640498,0.0208793,0.0202231,0.00941519,0.0094171,4.14743E-07,9.20512E-08,0.0106096,0.0104127,0,0,0,0,0.298162,0.298162,3.7918,4.46232
F1,10,20000,3.818,0.79,0,0.298712,0.298336,0.0207093,0.0202436,-0.0204659,-0.0207208,0.143746,-0.010397,0.141647,0.0196563,0.00154675,0.00173879,0.0103186,0.0101772,0.0639325,0.0209386,0.0202806,0.00941598,0.0094155,4.14187E-07,9.2264E-08,0.010609,0.0104126,3.54364E-06,0,0.000274585,0,0.298712,0.298712,3.76782,4.46232
F2,10,20000,3.818,0.79,0,0.299003,0.298626,0.0205613,0.0203945,-0.020533,-0.0206582,0.143751,-0.0103982,0.141647,0.0196565,0.00154675,0.0017388,0.0103186,0.0101772,0.0639325,0.0209386,0.0202806,0.00941548,0.00941536,4.13409E-07,9.19112E-08,0.0106089,0.0104126,1.67607E-07,0,5.9717E-05,0,0.299003,0.299003,3.76782,4.46232
B,10,20000,3.818,0.79,0,0.288561,0.287087,0.022637,0.0180037,-0.0185152,-0.0224721,0.143909,-0.00991652,0.140872,0.0196309,0.00154836,0.00172502,0.0102788,0.0102033,0.0639714,0.0208109,0.0203609,0.00940523,0.00944186,5.24627E-07,1.86495E-07,0.0106258,0.0104121,4.41033E-07,0,9.68695E-05,0,0.288553,0.288556,9.27415,4.46232
A,10,20000,3.818,0.79,1,0.298163,0.298893,0.0207105,0.0202407,-0.0204655,-0.0207246,0.143473,-0.0103968,0.141923,0.0196567,0.00154674,0.00173884,0.0103187,0.0101771,0.0640496,0.0208796,0.0202231,0.00941516,0.00941707,4.14915E-07,9.21002E-08,0.0106097,0.0104127,0,0,0,0,0.298161,0.298163,3.793,6.27751
F1,10,20000,3.818,0.79,1,0.323845,0.322506,0.0802216,-4.99505E-05,5.47264E-05,-0.0807948,0.14272,-0.00915101,0.141665,0.0195103,0.00154689,0.00174093,0.0103025,0.0101821,0.0639351,0.0209193,0.020296,0.0384637,0.0384633,2.89031E-06,1.23222E-06,0.0107692,0.0104126,0.154797,0,0.0574026,0,0.32386,0.323847,3.76775,6.27751
F2,10,20000,3.818,0.79,1,0.323845,0.322506,0.0802216,-4.99505E-05,5.47264E-05,-0.0807948,0.14272,-0.00915101,0.141665,0.0195103,0.00154689,0.00174093,0.0103025,0.0101821,0.0639351,0.0209193,0.020296,0.0384637,0.0384633,2.89031E-06,1.23222E-06,0.0107692,0.0104126,0.154797,0,0.0574026,0,0.32386,0.323847,3.76775,6.27751
B,10,20000,3.818,0.79,1,0.294927,0.299504,0.192073,-0.000320894,0.000264537,-0.196883,0.126774,-0.00629986,0.143082,0.0183853,0.00155251,0.00171991,0.00977837,0.010617,0.0640837,0.0196405,0.0212956,0.215368,0.217328,2.64915E-05,1.74468E-05,0.0114638,0.0103913,0.882748,0,0.137072,0,0.295005,0.294953,9.0612,6.27751
A,10,20000,3.818,0.79,2,0.298161,0.298894,0.02071,0.0202411,-0.0204659,-0.0207242,0.143472,-0.0103971,0.141924,0.0196567,0.00154674,0.00173884,0.0103187,0.0101772,0.0640499,0.0208793,0.020223,0.00941518,0.00941708,4.1484E-07,9.20837E-08,0.0106096,0.0104127,0,0,0,0,0.29816,0.298161,3.79139,4.72244
F1,10,20000,3.818,0.79,2,0.323915,0.322619,0.0801586,-2.92755E-05,4.73275E-05,-0.0806849,0.14272,-0.00921565,0.141665,0.0195106,0.00154689,0.00174074,0.0103029,0.0101817,0.0639353,0.0209201,0.0202951,0.038475,0.0384741,2.88621E-06,1.2271E-06,0.0107686,0.0104126,0.154851,0,0.0573996,0,0.323929,0.323917,3.7612,4.72244
F2,10,20000,3.818,0.79,2,0.299002,0.298626,0.0205614,0.0203945,-0.0205331,-0.0206582,0.143751,-0.0103977,0.141647,0.0196565,0.00154674,0.0017388,0.0103187,0.0101771,0.0639326,0.0209386,0.0202804,0.00941546,0.00941534,4.13505E-07,9.19439E-08,0.010609,0.0104126,1.67589E-07,0,5.97138E-05,0,0.299,0.299002,3.76419,4.72244
B,10,20000,3.818,0.79,2,0.288561,0.287086,0.0226371,0.0180032,-0.0185133,-0.0224745,0.143909,-0.00991765,0.140872,0.0196306,0.00154835,0.00172504,0.0102789,0.0102032,0.0639715,0.020811,0.0203608,0.00940512,0.00944173,5.25226E-07,1.8681E-07,0.010626,0.0104121,4.40984E-07,0,9.68641E-05,0,0.288546,0.288558,9.28082,4.72244
A,10,20000,3.818,0.79,4,0.298163,0.298892,0.0207105,0.0202406,-0.0204656,-0.0207246,0.143473,-0.0103969,0.141922,0.0196567,0.00154674,0.00173884,0.0103187,0.0101772,0.0640494,0.0208795,0.0202233,0.00941516,0.00941708,4.14857E-07,9.20935E-08,0.0106096,0.0104127,0,0,0,0,0.298163,0.298164,3.79303,5.7577
F1,10,20000,3.818,0.79,4,0.298714,0.298333,0.0207096,0.0202436,-0.0204658,-0.020721,0.143748,-0.0103966,0.141646,0.0196563,0.00154674,0.0017388,0.0103187,0.0101771,0.0639321,0.0209388,0.0202808,0.00941596,0.00941548,4.143E-07,9.23066E-08,0.010609,0.0104126,3.54287E-06,0,0.000274574,0,0.298713,0.298714,3.76798,5.7577
F2,10,20000,3.818,0.79,4,0.299004,0.298624,0.0205614,0.0203944,-0.0205329,-0.0206582,0.143752,-0.0103977,0.141646,0.0196564,0.00154674,0.0017388,0.0103187,0.0101771,0.0639321,0.0209389,0.0202807,0.00941545,0.00941534,4.13522E-07,9.19536E-08,0.010609,0.0104126,1.67571E-07,0,5.97146E-05,0,0.299004,0.299005,3.76799,5.7577
B,10,20000,3.818,0.79,4,0.295104,0.29962,0.192031,-0.000319213,0.00028753,-0.196965,0.126737,-0.00678518,0.143084,0.0183867,0.0015525,0.00171992,0.00977835,0.0106173,0.0640834,0.0196404,0.0212961,0.215422,0.217362,2.64908E-05,1.75242E-05,0.0114643,0.0103912,0.882933,0,0.137067,0,0.29516,0.295104,9.06276,5.7577
A,10,20000,3.818,0.79,5,0.298162,0.298893,0.0207098,0.0202413,-0.020466,-0.0207241,0.143472,-0.0103976,0.141923,0.0196567,0.00154675,0.00173884,0.0103186,0.0101772,0.0640498,0.0208793,0.0202231,0.00941517,0.00941708,4.14821E-07,9.20849E-08,0.0106096,0.0104127,0,0,0,0,0.298162,0.298162,3.79176,4.61229
F1,10,20000,3.818,0.79,5,0.293409,0.292105,0.066171,-5.52249E-05,4.32401E-05,-0.0666054,0.142872,-0.00949973,0.141656,0.0195621,0.00154683,0.0017396,0.0103099,0.0101789,0.0639339,0.0209287,0.0202883,0.027438,0.0274206,1.90137E-06,7.45675E-07,0.0107063,0.0104126,0.105413,0,0.0473585,0,0.293385,0.293422,3.76809,4.61229
F2,10,20000,3.818,0.79,5,0.299002,0.298626,0.0205614,0.0203945,-0.0205329,-0.0206582,0.143751,-0.0103982,0.141647,0.0196565,0.00154675,0.0017388,0.0103186,0.0101772,0.0639325,0.0209386,0.0202806,0.00941546,0.00941534,4.13486E-07,9.19447E-08,0.0106089,0.0104126,1.67607E-07,0,5.9717E-05,0,0.299002,0.299003,3.76781,4.61229
B,10,20000,3.818,0.79,5,0.288559,0.287086,0.022637,0.0180036,-0.0185149,-0.0224722,0.143908,-0.00991644,0.140872,0.0196306,0.00154837,0.00172504,0.0102788,0.0102033,0.0639714,0.0208108,0.020361,0.00940512,0.00944173,5.2524E-07,1.86707E-07,0.0106259,0.0104121,4.41033E-07,0,9.68696E-05,0,0.288551,0.288554,9.27402,4.61229
A,10,20000,3.818,1,0,0.298161,0.298892,0.0207106,0.0202407,-0.0204654,-0.0207248,0.143471,-0.0103974,0.141923,0.0196567,0.00154675,0.00173884,0.0103186,0.0101772,0.0640497,0.0208792,0.0202232,0.00941519,0.0094171,4.14738E-07,9.20437E-08,0.0106096,0.0104127,0,0,0,0,0.298161,0.298161,3.79039,4.46047
F1,10,20000,3.818,1,0,0.298712,0.298335,0.0207092,0.0202437,-0.0204659,-0.0207207,0.143746,-0.0103973,0.141647,0.0196564,0.00154675,0.00173879,0.0103186,0.0101772,0.0639325,0.0209386,0.0202806,0.00941598,0.0094155,4.14178E-07,9.22547E-08,0.010609,0.0104126,3.54373E-06,0,0.000274588,0,0.298712,0.298712,3.76712,4.46047
F2,10,20000,3.818,1,0,0.299003,0.298626,0.0205614,0.0203946,-0.0205329,-0.0206581,0.143751,-0.0103983,0.141647,0.0196565,0.00154675,0.0017388,0.0103186,0.0101772,0.0639325,0.0209386,0.0202806,0.00941548,0.00941536,4.134E-07,9.19019E-08,0.0106089,0.0104126,1.67611E-07,0,5.97177E-05,0,0.299003,0.299003,3.76713,4.46047
B,10,20000,3.818,1,0,0.280793,0.281159,0.0231752,0.0172097,-0.0179139,-0.0228649,0.143029,-0.00970301,0.141076,0.0195949,0.00155007,0.00171452,0.0102002,0.0102669,0.0639649,0.0206233,0.0205238,0.00940867,0.00942402,6.16799E-07,2.78592E-07,0.0106249,0.0104071,7.07605E-07,0,0.000122701,0,0.280784,0.280783,11.7739,4.46047
A,10,20000,3.818,1,1,0.298163,0.298889,0.0207108,0.0202404,-0.0204651,-0.0207248,0.143473,-0.0103971,0.141922,0.0196566,0.00154675,0.00173884,0.0103187,0.0101772,0.0640491,0.0208796,0.0202235,0.00941515,0.00941708,4.14907E-07,9.21155E-08,0.0106096,0.0104127,0,0,0,0,0.298164,0.298164,3.79298,6.51233
F1,10,20000,3.818,1,1,0.323697,0.322416,0.0802149,-3.04081E-05,3.02645E-05,-0.0807251,0.142712,-0.00918111,0.141665,0.0195101,0.0015469,0.00174093,0.0103025,0.010182,0.0639346,0.0209194,0.0202963,0.0384546,0.0384469,2.87324E-06,1.22002E-06,0.0107687,0.0104126,0.154739,0,0.0574076,0,0.323695,0.323702,3.76701,6.51233
F2,10,20000,3.818,1,1,0.323697,0.322416,0.0802149,-3.04081E-05,3.02645E-05,-0.0807251,0.142712,-0.00918111,0.141665,0.0195101,0.0015469,0.00174093,0.0103025,0.010182,0.0639346,0.0209194,0.0202963,0.0384546,0.0384469,2.87324E-06,1.22002E-06,0.0107687,0.0104126,0.154739,0,0.0574076,0,0.323695,0.323702,3.76701,6.51233
B,10,20000,3.818,1,1,0.244694,0.259988,0.19251,-0.000888314,0.00316392,-0.203471,0.0964969,-0.00148521,0.14103,0.0159633,0.00141174,0.00152853,0.00901285,0.010667,0.062274,0.0169833,0.0221848,0.272385,0.279922,3.72688E-05,5.33799E-05,0.0113881,0.00960269,1.12848,0,0.154946,0,0.244847,0.244606,9.2966,6.51233
A,10,20000,3.818,1,2,0.29816,0.298892,0.0207108,0.0202404,-0.0204651,-0.020725,0.143472,-0.010397,0.141923,0.0196567,0.00154674,0.00173884,0.0103187,0.0101772,0.0640498,0.0208794,0.0202231,0.00941516,0.00941708,4.14878E-07,9.21015E-08,0.0106096,0.0104127,0,0,0,0,0.298159,0.29816,3.79299,4.72058
F1,10,20000,3.818,1,2,0.323965,0.322638,0.0802585,-8.82196E-05,8.5538E-05,-0.0806872,0.142716,-0.00916633,0.141665,0.0195103,0.00154689,0.00174079,0.0103027,0.0101819,0.0639352,0.0209197,0.0202955,0.0384754,0.0384743,2.8952E-06,1.23334E-06,0.0107688,0.0104126,0.154852,0,0.0574003,0,0.323963,0.323983,3.76853,4.72058
F2,10,20000,3.818,1,2,0.299003,0.298626,0.0205614,0.0203944,-0.0205329,-0.0206583,0.143751,-0.0103977,0.141647,0.0196564,0.00154674,0.0017388,0.0103187,0.0101771,0.0639325,0.0209387,0.0202805,0.00941545,0.00941534,4.13539E-07,9.19598E-08,0.010609,0.0104126,1.67593E-07,0,5.97144E-05,0,0.299001,0.299002,3.76793,4.72058
B,10,20000,3.818,1,2,0.280787,0.281157,0.0231774,0.017191,-0.0178836,-0.0228927,0.143032,-0.00970086,0.141078,0.0195944,0.00155011,0.00171465,0.0102002,0.010267,0.0639656,0.0206233,0.0205242,0.00940828,0.00942357,6.18579E-07,2.82221E-07,0.0106256,0.0104074,7.07524E-07,0,0.000122691,0,0.280766,0.280783,11.7899,4.72058
A,10,20000,3.818,1,4,0.298164,0.298889,0.0207108,0.0202403,-0.0204652,-0.0207248,0.143473,-0.010397,0.141921,0.0196566,0.00154675,0.00173884,0.0103187,0.0101772,0.064049,0.0208797,0.0202235,0.00941515,0.00941708,4.14894E-07,9.21095E-08,0.0106096,0.0104127,0,0,0,0,0.298164,0.298164,3.79298,5.99277
F1,10,20000,3.818,1,4,0.298715,0.298332,0.0207096,0.0202436,-0.0204659,-0.020721,0.143748,-0.0103967,0.141645,0.0196563,0.00154674,0.0017388,0.0103186,0.0101772,0.0639317,0.020939,0.020281,0.00941595,0.00941547,4.14331E-07,9.23205E-08,0.010609,0.0104126,3.54102E-06,0,0.000274619,0,0.298715,0.298716,3.76798,5.99277
F2,10,20000,3.818,1,4,0.299006,0.298622,0.0205614,0.0203944,-0.0205329,-0.0206582,0.143753,-0.0103978,0.141645,0.0196564,0.00154674,0.0017388,0.0103186,0.0101772,0.0639317,0.020939,0.020281,0.00941545,0.00941533,4.13553E-07,9.19676E-08,0.0106089,0.0104126,1.67483E-07,0,5.97243E-05,0,0.299006,0.299006,3.76799,5.99277
B,10,20000,3.818,1,4,0.244791,0.259814,0.193225,-0.000888127,0.00320311,-0.20345,0.0965154,-0.00148159,0.140992,0.0159647,0.00141169,0.00152769,0.00901376,0.010667,0.062275,0.0169851,0.0221845,0.27238,0.279913,3.72589E-05,5.22592E-05,0.0113907,0.00960312,1.12845,0,0.15494,0,0.244893,0.244704,9.29603,5.99277
A,10,20000,3.818,1,5,0.29816,0.298893,0.0207107,0.0202406,-0.0204654,-0.0207249,0.143472,-0.0103971,0.141924,0.0196567,0.00154674,0.00173884,0.0103187,0.0101771,0.0640499,0.0208793,0.0202229,0.00941518,0.00941709,4.1484E-07,9.20783E-08,0.0106097,0.0104127,0,0,0,0,0.298157,0.29816,3.78806,4.61042
F1,10,20000,3.818,1,5,0.293317,0.292126,0.0660949,-3.86699E-05,3.54164E-05,-0.0665114,0.142875,-0.00948079,0.141656,0.0195625,0.00154682,0.00173968,0.0103098,0.0101789,0.063934,0.0209285,0.0202883,0.0274314,0.0274182,1.89815E-06,7.44772E-07,0.0107069,0.0104126,0.105395,0,0.0473545,0,0.293316,0.293326,3.76543,4.61042
F2,10,20000,3.818,1,5,0.299002,0.298627,0.0205614,0.0203946,-0.020533,-0.0206582,0.143751,-0.0103978,0.141647,0.0196565,0.00154673,0.0017388,0.0103187,0.0101771,0.0639326,0.0209387,0.0202804,0.00941547,0.00941535,4.13501E-07,9.19363E-08,0.010609,0.0104126,1.67582E-07,0,5.97124E-05,0,0.298999,0.299002,3.76451,4.61042
B,10,20000,3.818,1,5,0.280803,0.281164,0.0231793,0.0171854,-0.0178705,-0.0228944,0.143057,-0.00970194,0.141079,0.0195971,0.00155011,0.0017148,0.0102004,0.010267,0.0639667,0.0206241,0.0205242,0.00940886,0.00942424,6.17937E-07,3.05618E-07,0.0106278,0.0104078,7.07484E-07,0,0.00012269,0,0.280773,0.280805,11.7823,4.61042
A,3,1000,3.818,0.25,0,0.298165,0.298893,0.0207085,0.0202421,-0.020472,-0.0207045,0.143474,-0.0106626,0.141922,0.0196566,0.00154661,0.00174138,0.0103203,0.0101781,0.0640488,0.0208816,0.0202233,0.0094151,0.00941701,4.06114E-07,8.28475E-08,0.0106052,0.0104128,0,0,0,0,0.298165,0.298165,3.79128,4.46446
F1,3,1000,3.818,0.25,0,0.298707,0.298339,0.0207084,0.0202431,-0.0204718,-0.0207021,0.14375,-0.0106623,0.141645,0.0196563,0.0015466,0.00174133,0.0103203,0.0101781,0.0639311,0.0209411,0.020281,0.00941539,0.00941593,4.05542E-07,8.30466E-08,0.0106045,0.0104127,3.54061E-06,0,0.000274467,0,0.298707,0.298708,3.7646,4.46446
F2,3,1000,3.818,0.25,0,0.299005,0.298622,0.0205589,0.0203943,-0.0205508,-0.0206236,0.143754,-0.0106644,0.141645,0.0196564,0.0015466,0.00174133,0.0103203,0.0101781,0.0639311,0.0209411,0.020281,0.00941537,0.00941531,4.04903E-07,8.28101E-08,0.0106045,0.0104127,1.67469E-07,0,5.96924E-05,0,0.299006,0.299006,3.7646,4.46446
B,3,1000,3.818,0.25,0,0.298995,0.298791,0.0206456,0.0203339,-0.020494,-0.020725,0.143769,-0.0106941,0.141696,0.0196592,0.00154661,0.00174138,0.0103203,0.0101781,0.064015,0.0208999,0.020239,0.00941865,0.00942684,3.99355E-07,7.95016E-08,0.0106051,0.0104127,9.09287E-09,0,1.39092E-05,0,0.298995,0.298995,1.30616,4.46446
A,3,1000,3.818,0.25,1,0.298164,0.298894,0.0207085,0.0202421,-0.020472,-0.0207045,0.143474,-0.0106626,0.141923,0.0196566,0.00154661,0.00174138,0.0103203,0.0101781,0.0640489,0.0208816,0.0202233,0.0094151,0.00941701,4.06115E-07,8.28459E-08,0.0106052,0.0104128,0,0,0,0,0.298164,0.298164,3.79115,4.75266
F1,3,1000,3.818,0.25,1,0.302319,0.301848,0.0651316,-1.21101E-08,-1.81224E-08,-0.065503,0.143103,-0.0102215,0.141644,0.0195701,0.00154651,0.00174494,0.0103168,0.0101777,0.063931,0.0209403,0.0202819,0.026682,0.0267004,1.40748E-06,3.35854E-07,0.0106764,0.0104126,0.101996,0,0.0465847,0,0.301882,0.302069,3.76408,4.75266
F2,3,1000,3.818,0.25,1,0.302319,0.301848,0.0651316,-1.21101E-08,-1.81224E-08,-0.065503,0.143103,-0.0102215,0.141644,0.0195701,0.00154651,0.00174494,0.0103168,0.0101777,0.063931,0.0209403,0.0202819,0.026682,0.0267004,1.40748E-06,3.35854E-07,0.0106764,0.0104126,0.101996,0,0.0465847,0,0.301882,0.302069,3.76408,4.75266
B,3,1000,3.818,0.25,1,0.292726,0.292678,0.0324175,0.00905827,-0.00916512,-0.0325555,0.143666,-0.0105286,0.141696,0.0196536,0.0015466,0.00174151,0.0103202,0.0101781,0.064015,0.0208997,0.0202391,0.0110574,0.0110642,4.8999E-07,1.00647E-07,0.0106089,0.0104127,0.0128052,0,0.0165061,0,0.292563,0.292633,1.30574,4.75266
A,3,1000,3.818,0.25,2,0.298164,0.298893,0.0207085,0.0202421,-0.020472,-0.0207045,0.143474,-0.0106626,0.141922,0.0196566,0.00154661,0.00174138,0.0103203,0.0101781,0.0640489,0.0208816,0.0202233,0.0094151,0.00941701,4.06114E-07,8.28469E-08,0.0106052,0.0104128,0,0,0,0,0.298164,0.298165,3.79124,4.60678
F1,3,1000,3.818,0.25,2,0.302287,0.30188,0.0651341,-2.15358E-08,-1.03242E-08,-0.0655056,0.143103,-0.0102215,0.141644,0.0195701,0.00154651,0.00174494,0.0103168,0.0101777,0.063931,0.0209403,0.0202819,0.0266807,0.0267035,1.40745E-06,3.35893E-07,0.0106763,0.0104126,0.101999,0,0.0465854,0,0.30188,0.302004,3.76419,4.60678
F2,3,1000,3.818,0.25,2,0.299005,0.298622,0.0205589,0.0203943,-0.0205508,-0.0206236,0.143754,-0.0106644,0.141645,0.0196564,0.0015466,0.00174133,0.0103203,0.0101781,0.0639312,0.0209411,0.020281,0.00941537,0.00941531,4.04903E-07,8.28095E-08,0.0106045,0.0104127,1.67456E-07,0,5.969E-05,0,0.299005,0.299005,3.76456,4.60678
B,3,1000,3.818,0.25,2,0.298995,0.298791,0.0206456,0.0203339,-0.020494,-0.020725,0.143769,-0.0106941,0.141696,0.0196592,0.00154661,0.00174138,0.0103203,0.0101781,0.064015,0.0208999,0.020239,0.00941865,0.00942684,3.99356E-07,7.95014E-08,0.0106051,0.0104127,9.09214E-09,0,1.39086E-05,0,0.298995,0.298995,1.30614,4.60678
A,3,1000,3.818,0.25,4,0.298165,0.298893,0.0207085,0.0202421,-0.020472,-0.0207045,0.143474,-0.0106626,0.141922,0.0196566,0.00154661,0.00174138,0.0103203,0.0101781,0.0640488,0.0208816,0.0202233,0.0094151,0.00941701,4.06114E-07,8.28475E-08,0.0106052,0.0104128,0,0,0,0,0.298165,0.298165,3.79128,4.46805
F1,3,1000,3.818,0.25,4,0.298707,0.298339,0.0207084,0.0202431,-0.0204718,-0.0207021,0.14375,-0.0106623,0.141645,0.0196563,0.0015466,0.00174133,0.0103203,0.0101781,0.0639311,0.0209411,0.020281,0.00941539,0.00941593,4.05542E-07,8.30466E-08,0.0106045,0.0104127,3.54061E-06,0,0.000274467,0,0.298707,0.298708,3.7646,4.46805
F2,3,1000,3.818,0.25,4,0.299005,0.298622,0.0205589,0.0203943,-0.0205508,-0.0206236,0.143754,-0.0106644,0.141645,0.0196564,0.0015466,0.00174133,0.0103203,0.0101781,0.0639311,0.0209411,0.020281,0.00941537,0.00941531,4.04903E-07,8.28101E-08,0.0106045,0.0104127,1.67469E-07,0,5.96924E-05,0,0.299006,0.299006,3.7646,4.46805
B,3,1000,3.818,0.25,4,0.292705,0.292696,0.0324168,0.00905878,-0.00916574,-0.0325547,0.143666,-0.0105286,0.141695,0.0196536,0.0015466,0.00174151,0.0103202,0.0101781,0.0640149,0.0208997,0.0202391,0.0110562,0.0110656,4.8994E-07,1.00661E-07,0.0106089,0.0104127,0.0128059,0,0.0165065,0,0.292562,0.292592,1.30581,4.46805
A,3,1000,3.818,0.25,5,0.298164,0.298893,0.0207085,0.0202421,-0.020472,-0.0207045,0.143474,-0.0106626,0.141922,0.0196566,0.00154661,0.00174138,0.0103203,0.0101781,0.0640488,0.0208816,0.0202233,0.0094151,0.00941701,4.06114E-07,8.28472E-08,0.0106052,0.0104128,0,0,0,0,0.298165,0.298165,3.79126,4.54985
F1,3,1000,3.818,0.25,5,0.282752,0.282357,0.0569222,5.68939E-07,-6.6016E-07,-0.0572455,0.143105,-0.0102703,0.141643,0.0195948,0.00154655,0.00174361,0.010318,0.0101779,0.063931,0.0209398,0.0202824,0.0215228,0.0215295,1.12198E-06,2.64681E-07,0.010652,0.0104126,0.0778997,0,0.0407117,0,0.282428,0.282511,3.76411,4.54985
F2,3,1000,3.818,0.25,5,0.299005,0.298622,0.0205589,0.0203943,-0.0205508,-0.0206236,0.143754,-0.0106644,0.141645,0.0196564,0.0015466,0.00174133,0.0103203,0.0101781,0.0639311,0.0209411,0.020281,0.00941537,0.00941531,4.04903E-07,8.28098E-08,0.0106045,0.0104127,1.67463E-07,0,5.96912E-05,0,0.299005,0.299006,3.76458,4.54985
B,3,1000,3.818,0.25,5,0.298995,0.298791,0.0206456,0.0203339,-0.020494,-0.020725,0.143769,-0.0106941,0.141696,0.0196592,0.00154661,0.00174138,0.0103203,0.0101781,0.064015,0.0208999,0.020239,0.00941865,0.00942684,3.99356E-07,7.95015E-08,0.0106051,0.0104127,9.09253E-09,0,1.39089E-05,0,0.298995,0.298995,1.30615,4.54985
A,3,1000,3.818,0.5,0,0.298164,0.298892,0.0207089,0.0202417,-0.0204717,-0.0207049,0.143474,-0.0106626,0.141922,0.0196566,0.00154661,0.00174138,0.0103203,0.0101781,0.0640488,0.0208816,0.0202233,0.0094151,0.00941701,4.06115E-07,8.28481E-08,0.0106052,0.0104128,0,0,0,0,0.298164,0.298164,3.79128,4.46434
F1,3,1000,3.818,0.5,0,0.298707,0.298339,0.0207084,0.0202431,-0.0204718,-0.0207021,0.14375,-0.0106623,0.141645,0.0196563,0.0015466,0.00174133,0.0103203,0.0101781,0.0639311,0.0209411,0.020281,0.00941539,0.00941593,4.05542E-07,8.30466E-08,0.0106045,0.0104127,3.54061E-06,0,0.000274467,0,0.298707,0.298708,3.7646,4.46434
F2,3,1000,3.818,0.5,0,0.299005,0.298622,0.0205589,0.0203943,-0.0205508,-0.0206236,0.143754,-0.0106644,0.141645,0.0196564,0.0015466,0.00174133,0.0103203,0.0101781,0.0639311,0.0209411,0.020281,0.00941537,0.00941531,4.04903E-07,8.28101E-08,0.0106045,0.0104127,1.67469E-07,0,5.96924E-05,0,0.299006,0.299006,3.7646,4.46434
B,3,1000,3.818,0.5,0,0.298799,0.29832,0.0207928,0.0201691,-0.020372,-0.0208325,0.14383,-0.0106752,0.141602,0.0196577,0.00154661,0.00174135,0.0103203,0.0101781,0.0639865,0.0209139,0.0202532,0.00941546,0.00942492,4.02151E-07,8.12069E-08,0.0106047,0.0104127,3.63261E-08,0,2.7801E-05,0,0.298799,0.298799,2.64772,4.46434
A,3,1000,3.818,0.5,1,0.298164,0.298893,0.0207089,0.0202417,-0.0204716,-0.0207049,0.143474,-0.0106626,0.141923,0.0196566,0.00154661,0.00174138,0.0103203,0.0101781,0.0640489,0.0208816,0.0202233,0.0094151,0.00941701,4.06116E-07,8.28465E-08,0.0106052,0.0104128,0,0,0,0,0.298163,0.298164,3.79115,4.77943
F1,3,1000,3.818,0.5,1,0.302319,0.301848,0.0651316,-1.21077E-08,-1.81217E-08,-0.065503,0.143103,-0.0102215,0.141644,0.0195701,0.00154651,0.00174494,0.0103168,0.0101777,0.063931,0.0209403,0.0202819,0.026682,0.0267004,1.40748E-06,3.35854E-07,0.0106764,0.0104126,0.101996,0,0.0465847,0,0.301882,0.302069,3.76408,4.77943
F2,3,1000,3.818,0.5,1,0.302319,0.301848,0.0651316,-1.21077E-08,-1.81217E-08,-0.065503,0.143103,-0.0102215,0.141644,0.0195701,0.00154651,0.00174494,0.0103168,0.0101777,0.063931,0.0209403,0.0202819,0.026682,0.0267004,1.40748E-06,3.35854E-07,0.0106764,0.0104126,0.101996,0,0.0465847,0,0.301882,0.302069,3.76408,4.77943
B,3,1000,3.818,0.5,1,0.281496,0.2812,0.0467328,0.000134162,-0.000161984,-0.0469907,0.143446,-0.0103522,0.141601,0.0196297,0.00154658,0.00174224,0.0103194,0.0101781,0.0639865,0.0209134,0.0202537,0.0164993,0.0165009,7.98404E-07,1.76218E-07,0.010626,0.0104127,0.051157,0,0.0329916,0,0.281161,0.281305,2.64695,4.77943
A,3,1000,3.818,0.5,2,0.298164,0.298893,0.0207089,0.0202417,-0.0204716,-0.0207049,0.143474,-0.0106626,0.141922,0.0196566,0.00154661,0.00174138,0.0103203,0.0101781,0.0640489,0.0208816,0.0202233,0.0094151,0.00941701,4.06116E-07,8.28474E-08,0.0106052,0.0104128,0,0,0,0,0.298164,0.298164,3.79124,4.60665
F1,3,1000,3.818,0.5,2,0.302287,0.30188,0.0651341,-2.15308E-08,-1.03253E-08,-0.0655056,0.143103,-0.0102215,0.141644,0.0195701,0.00154651,0.00174494,0.0103168,0.0101777,0.063931,0.0209403,0.0202819,0.0266807,0.0267035,1.40745E-06,3.35892E-07,0.0106763,0.0104126,0.101999,0,0.0465854,0,0.30188,0.302005,3.76419,4.60665
F2,3,1000,3.818,0.5,2,0.299005,0.298622,0.0205589,0.0203943,-0.0205508,-0.0206236,0.143754,-0.0106644,0.141645,0.0196564,0.0015466,0.00174133,0.0103203,0.0101781,0.0639312,0.0209411,0.020281,0.00941537,0.00941531,4.04903E-07,8.28095E-08,0.0106045,0.0104127,1.67456E-07,0,5.96899E-05,0,0.299005,0.299005,3.76456,4.60665
B,3,1000,3.818,0.5,2,0.298799,0.29832,0.0207928,0.0201691,-0.020372,-0.0208325,0.14383,-0.0106752,0.141602,0.0196577,0.00154661,0.00174135,0.0103203,0.0101781,0.0639865,0.0209139,0.0202532,0.00941546,0.00942492,4.02151E-07,8.12064E-08,0.0106047,0.0104127,3.63232E-08,0,2.77999E-05,0,0.298798,0.298799,2.64768,4.60665
A,3,1000,3.818,0.5,4,0.298164,0.298892,0.0207089,0.0202417,-0.0204717,-0.0207049,0.143474,-0.0106626,0.141922,0.0196566,0.00154661,0.00174138,0.0103203,0.0101781,0.0640488,0.0208816,0.0202233,0.0094151,0.00941701,4.06115E-07,8.28481E-08,0.0106052,0.0104128,0,0,0,0,0.298164,0.298164,3.79128,4.49482
F1,3,1000,3.818,0.5,4,0.298707,0.298339,0.0207084,0.0202431,-0.0204718,-0.0207021,0.14375,-0.0106623,0.141645,0.0196563,0.0015466,0.00174133,0.0103203,0.0101781,0.0639311,0.0209411,0.020281,0.00941539,0.00941593,4.05542E-07,8.30466E-08,0.0106045,0.0104127,3.54061E-06,0,0.000274467,0,0.298707,0.298708,3.7646,4.49482
F2,3,1000,3.818,0.5,4,0.299005,0.298622,0.0205589,0.0203943,-0.0205508,-0.0206236,0.143754,-0.0106644,0.141645,0.0196564,0.0015466,0.00174133,0.0103203,0.0101781,0.0639311,0.0209411,0.020281,0.00941537,0.00941531,4.04903E-07,8.28101E-08,0.0106045,0.0104127,1.67469E-07,0,5.96924E-05,0,0.299006,0.299006,3.7646,4.49482
B,3,1000,3.818,0.5,4,0.281454,0.281235,0.0467306,0.000134285,-0.000162167,-0.0469884,0.143446,-0.0103522,0.1416,0.0196296,0.00154658,0.00174224,0.0103194,0.0101781,0.0639865,0.0209135,0.0202537,0.0164972,0.0165039,7.98322E-07,1.76251E-07,0.0106259,0.0104127,0.0511598,0,0.0329925,0,0.281159,0.28122,2.64708,4.49482
A,3,1000,3.818,0.5,5,0.298164,0.298892,0.0207089,0.0202417,-0.0204717,-0.0207049,0.143474,-0.0106626,0.141922,0.0196566,0.00154661,0.00174138,0.0103203,0.0101781,0.0640488,0.0208816,0.0202233,0.0094151,0.00941701,4.06116E-07,8.28478E-08,0.0106052,0.0104128,0,0,0,0,0.298164,0.298164,3.79126,4.54972
F1,3,1000,3.818,0.5,5,0.282752,0.282356,0.0569222,5.68937E-07,-6.60159E-07,-0.0572455,0.143105,-0.0102703,0.141643,0.0195948,0.00154655,0.00174361,0.010318,0.0101779,0.063931,0.0209398,0.0202824,0.0215228,0.0215295,1.12198E-06,2.64681E-07,0.010652,0.0104126,0.0778997,0,0.0407117,0,0.282428,0.282511,3.76411,4.54972
F2,3,1000,3.818,0.5,5,0.299005,0.298622,0.0205589,0.0203943,-0.0205508,-0.0206236,0.143754,-0.0106644,0.141645,0.0196564,0.0015466,0.00174133,0.0103203,0.0101781,0.0639311,0.0209411,0.020281,0.00941537,0.00941531,4.04903E-07,8.28098E-08,0.0106045,0.0104127,1.67463E-07,0,5.96912E-05,0,0.299005,0.299006,3.76458,4.54972
B,3,1000,3.818,0.5,5,0.298799,0.29832,0.0207928,0.0201691,-0.020372,-0.0208325,0.14383,-0.0106752,0.141602,0.0196577,0.00154661,0.00174135,0.0103203,0.0101781,0.0639865,0.0209139,0.0202532,0.00941546,0.00942492,4.02151E-07,8.12067E-08,0.0106047,0.0104127,3.63247E-08,0,2.78005E-05,0,0.298798,0.298799,2.6477,4.54972
A,3,1000,3.818,0.79,0,0.298162,0.298891,0.0207096,0.020241,-0.0204709,-0.0207056,0.143474,-0.0106626,0.141922,0.0196566,0.00154661,0.00174138,0.0103203,0.0101781,0.0640488,0.0208816,0.0202233,0.0094151,0.00941702,4.06118E-07,8.28494E-08,0.0106052,0.0104128,0,0,0,0,0.298163,0.298163,3.79129,4.46408
F1,3,1000,3.818,0.79,0,0.298707,0.298339,0.0207084,0.0202431,-0.0204718,-0.0207021,0.14375,-0.0106623,0.141645,0.0196563,0.0015466,0.00174133,0.0103203,0.0101781,0.0639311,0.0209411,0.020281,0.00941539,0.00941593,4.05542E-07,8.30467E-08,0.0106045,0.0104127,3.54066E-06,0,0.000274469,0,0.298707,0.298708,3.7646,4.46408
F2,3,1000,3.818,0.79,0,0.299005,0.298622,0.0205589,0.0203943,-0.0205508,-0.0206236,0.143754,-0.0106644,0.141645,0.0196564,0.0015466,0.00174133,0.0103203,0.0101781,0.0639311,0.0209411,0.020281,0.00941537,0.00941531,4.04903E-07,8.28102E-08,0.0106045,0.0104127,1.67471E-07,0,5.96927E-05,0,0.299006,0.299006,3.76461,4.46408
B,3,1000,3.818,0.79,0,0.298255,0.29753,0.0209583,0.0199696,-0.0202244,-0.020949,0.143868,-0.0106524,0.141496,0.0196549,0.00154661,0.00174128,0.0103204,0.0101781,0.0639541,0.0209296,0.0202697,0.00940982,0.00942038,4.08036E-07,8.47212E-08,0.0106039,0.0104126,9.0838E-08,0,4.39628E-05,0,0.298254,0.298254,4.20847,4.46408
A,3,1000,3.818,0.79,1,0.298162,0.298892,0.0207096,0.020241,-0.0204709,-0.0207056,0.143474,-0.0106626,0.141923,0.0196566,0.00154661,0.00174138,0.0103203,0.0101781,0.0640489,0.0208816,0.0202233,0.0094151,0.00941702,4.06119E-07,8.28477E-08,0.0106052,0.0104128,0,0,0,0,0.298162,0.298162,3.79115,4.95578
F1,3,1000,3.818,0.79,1,0.302318,0.301848,0.0651316,-1.82124E-08,-1.47353E-08,-0.065503,0.143103,-0.0102215,0.141644,0.0195701,0.00154651,0.00174494,0.0103168,0.0101777,0.063931,0.0209403,0.0202819,0.026682,0.0267004,1.40748E-06,3.35854E-07,0.0106764,0.0104126,0.101996,0,0.0465847,0,0.301882,0.302069,3.76408,4.95578
F2,3,1000,3.818,0.79,1,0.302318,0.301848,0.0651316,-1.82121E-08,-1.47347E-08,-0.065503,0.143103,-0.0102215,0.141644,0.0195701,0.00154651,0.00174494,0.0103168,0.0101777,0.063931,0.0209403,0.0202819,0.026682,0.0267004,1.40748E-06,3.35854E-07,0.0106764,0.0104126,0.101996,0,0.0465847,0,0.301882,0.302069,3.76408,4.95578
B,3,1000,3.818,0.79,1,0.315,0.31378,0.0735933,-4.1185E-07,4.0428E-07,-0.0740415,0.143055,-0.010154,0.141496,0.0195342,0.00154648,0.00174641,0.0103154,0.0101775,0.063954,0.0209293,0.02027,0.0329338,0.0329886,1.80477E-06,4.48868E-07,0.0107045,0.0104126,0.127925,0,0.052171,0,0.314521,0.314725,4.2075,4.95578
A,3,1000,3.818,0.79,2,0.298162,0.298891,0.0207096,0.020241,-0.0204709,-0.0207056,0.143474,-0.0106626,0.141923,0.0196566,0.00154661,0.00174138,0.0103203,0.0101781,0.0640489,0.0208816,0.0202233,0.0094151,0.00941702,4.06119E-07,8.28482E-08,0.0106052,0.0104128,0,0,0,0,0.298162,0.298162,3.79121,4.6064
F1,3,1000,3.818,0.79,2,0.302299,0.301868,0.0651332,-1.1657E-08,-2.1253E-08,-0.0655047,0.143103,-0.0102215,0.141644,0.0195701,0.00154651,0.00174494,0.0103168,0.0101777,0.063931,0.0209403,0.0202819,0.0266811,0.0267023,1.40746E-06,3.35878E-07,0.0106763,0.0104126,0.101998,0,0.0465851,0,0.301881,0.302029,3.76415,4.6064
F2,3,1000,3.818,0.79,2,0.299005,0.298622,0.0205589,0.0203943,-0.0205508,-0.0206236,0.143754,-0.0106644,0.141645,0.0196564,0.0015466,0.00174133,0.0103203,0.0101781,0.0639312,0.0209411,0.0202809,0.00941537,0.00941531,4.04903E-07,8.28091E-08,0.0106045,0.0104127,1.67448E-07,0,5.96887E-05,0,0.299005,0.299005,3.76452,4.6064
B,3,1000,3.818,0.79,2,0.298255,0.29753,0.0209583,0.0199696,-0.0202244,-0.020949,0.143868,-0.0106524,0.141496,0.0196549,0.00154661,0.00174128,0.0103204,0.0101781,0.0639542,0.0209295,0.0202697,0.00940982,0.00942038,4.08036E-07,8.47198E-08,0.0106039,0.0104126,9.08255E-08,0,4.39597E-05,0,0.298253,0.298254,4.20835,4.6064
A,3,1000,3.818,0.79,4,0.298162,0.298891,0.0207096,0.020241,-0.0204709,-0.0207056,0.143474,-0.0106626,0.141922,0.0196566,0.00154661,0.00174138,0.0103203,0.0101781,0.0640488,0.0208816,0.0202233,0.0094151,0.00941702,4.06118E-07,8.28494E-08,0.0106052,0.0104128,0,0,0,0,0.298163,0.298163,3.79129,4.6712
F1,3,1000,3.818,0.79,4,0.298707,0.298339,0.0207084,0.0202431,-0.0204718,-0.0207021,0.14375,-0.0106623,0.141645,0.0196563,0.0015466,0.00174133,0.0103203,0.0101781,0.0639311,0.0209411,0.020281,0.00941539,0.00941593,4.05542E-07,8.30467E-08,0.0106045,0.0104127,3.54066E-06,0,0.000274469,0,0.298707,0.298708,3.7646,4.6712
F2,3,1000,3.818,0.79,4,0.299005,0.298622,0.0205589,0.0203943,-0.0205508,-0.0206236,0.143754,-0.0106644,0.141645,0.0196564,0.0015466,0.00174133,0.0103203,0.0101781,0.0639311,0.0209411,0.020281,0.00941537,0.00941531,4.04903E-07,8.28102E-08,0.0106045,0.0104127,1.67471E-07,0,5.96927E-05,0,0.299006,0.299006,3.76461,4.6712
B,3,1000,3.818,0.79,4,0.314935,0.313844,0.0735891,-4.24694E-07,3.94005E-07,-0.0740371,0.143056,-0.010154,0.141495,0.0195342,0.00154648,0.0017464,0.0103154,0.0101776,0.0639539,0.0209294,0.0202701,0.0329313,0.0329955,1.80472E-06,4.48961E-07,0.0107044,0.0104126,0.127933,0,0.0521725,0,0.314515,0.314595,4.20773,4.6712
A,3,1000,3.818,0.79,5,0.298162,0.298891,0.0207096,0.020241,-0.0204709,-0.0207056,0.143474,-0.0106626,0.141922,0.0196566,0.00154661,0.00174138,0.0103203,0.0101781,0.0640488,0.0208816,0.0202233,0.0094151,0.00941702,4.06118E-07,8.28489E-08,0.0106052,0.0104128,0,0,0,0,0.298162,0.298163,3.79126,4.54947
F1,3,1000,3.818,0.79,5,0.282752,0.282356,0.0569222,5.68943E-07,-6.60149E-07,-0.0572455,0.143105,-0.0102703,0.141643,0.0195948,0.00154655,0.00174361,0.010318,0.0101779,0.063931,0.0209398,0.0202824,0.0215228,0.0215295,1.12198E-06,2.64681E-07,0.010652,0.0104126,0.0778997,0,0.0407117,0,0.282428,0.282511,3.76411,4.54947
F2,3,1000,3.818,0.79,5,0.299005,0.298622,0.0205589,0.0203943,-0.0205508,-0.0206236,0.143754,-0.0106644,0.141645,0.0196564,0.0015466,0.00174133,0.0103203,0.0101781,0.0639311,0.0209411,0.020281,0.00941537,0.00941531,4.04903E-07,8.28098E-08,0.0106045,0.0104127,1.67463E-07,0,5.96912E-05,0,0.299005,0.299006,3.76458,4.54947
B,3,1000,3.818,0.79,5,0.298255,0.29753,0.0209583,0.0199696,-0.0202244,-0.020949,0.143868,-0.0106524,0.141496,0.0196549,0.00154661,0.00174128,0.0103204,0.0101781,0.0639542,0.0209295,0.0202697,0.00940982,0.00942038,4.08036E-07,8.47207E-08,0.0106039,0.0104126,9.08333E-08,0,4.39616E-05,0,0.298254,0.298254,4.20843,4.54947
A,3,1000,3.818,1,0,0.298161,0.29889,0.0207103,0.0202403,-0.0204702,-0.0207063,0.143474,-0.0106626,0.141922,0.0196566,0.00154661,0.00174138,0.0103203,0.0101781,0.0640488,0.0208816,0.0202233,0.0094151,0.00941702,4.06121E-07,8.28504E-08,0.0106052,0.0104128,0,0,0,0,0.298161,0.298161,3.79128,4.46382
F1,3,1000,3.818,1,0,0.298707,0.298339,0.0207084,0.0202431,-0.0204718,-0.0207021,0.14375,-0.0106623,0.141645,0.0196563,0.0015466,0.00174133,0.0103203,0.0101781,0.0639311,0.0209411,0.020281,0.00941539,0.00941593,4.05542E-07,8.30466E-08,0.0106045,0.0104127,3.54062E-06,0,0.000274467,0,0.298707,0.298708,3.7646,4.46382
F2,3,1000,3.818,1,0,0.299005,0.298622,0.0205589,0.0203943,-0.0205508,-0.0206236,0.143754,-0.0106644,0.141645,0.0196564,0.0015466,0.00174133,0.0103203,0.0101781,0.0639311,0.0209411,0.020281,0.00941537,0.00941531,4.04903E-07,8.28101E-08,0.0106045,0.0104127,1.67469E-07,0,5.96924E-05,0,0.299006,0.299006,3.76461,4.46382
B,3,1000,3.818,1,0,0.297642,0.296791,0.0210749,0.0198184,-0.0201133,-0.0210271,0.143873,-0.010635,0.141422,0.0196519,0.0015466,0.00174122,0.0103204,0.0101781,0.0639311,0.0209405,0.0202816,0.00940432,0.00941541,4.14199E-07,8.8491E-08,0.0106031,0.0104126,1.46032E-07,0,5.5741E-05,0,0.29764,0.29764,5.34594,4.46382
A,3,1000,3.818,1,1,0.298161,0.29889,0.0207103,0.0202403,-0.0204702,-0.0207063,0.143474,-0.0106626,0.141923,0.0196566,0.00154661,0.00174138,0.0103203,0.0101781,0.0640489,0.0208816,0.0202233,0.0094151,0.00941702,4.06122E-07,8.28488E-08,0.0106052,0.0104128,0,0,0,0,0.29816,0.298161,3.79115,5.11866
F1,3,1000,3.818,1,1,0.302318,0.301849,0.0651316,-1.20148E-08,-1.65688E-08,-0.065503,0.143103,-0.0102215,0.141644,0.0195701,0.00154651,0.00174494,0.0103168,0.0101777,0.063931,0.0209403,0.0202819,0.026682,0.0267004,1.40748E-06,3.35854E-07,0.0106764,0.0104126,0.101996,0,0.0465847,0,0.301882,0.302069,3.76408,5.11866
F2,3,1000,3.818,1,1,0.302318,0.301849,0.0651316,-1.20148E-08,-1.65688E-08,-0.065503,0.143103,-0.0102215,0.141644,0.0195701,0.00154651,0.00174494,0.0103168,0.0101777,0.063931,0.0209403,0.0202819,0.026682,0.0267004,1.40748E-06,3.35854E-07,0.0106764,0.0104126,0.101996,0,0.0465847,0,0.301882,0.302069,3.76408,5.11866
B,3,1000,3.818,1,1,0.339944,0.337725,0.0932535,-1.205E-06,1.12003E-06,-0.093813,0.142422,-0.00997077,0.141426,0.0194349,0.00154639,0.00175003,0.0103118,0.0101771,0.0639308,0.0209401,0.0202822,0.0508913,0.0509851,3.05937E-06,8.41916E-07,0.0107781,0.0104125,0.205649,0,0.0661477,0,0.339289,0.339568,5.34436,5.11866
A,3,1000,3.818,1,2,0.298161,0.29889,0.0207103,0.0202403,-0.0204702,-0.0207063,0.143474,-0.0106626,0.141922,0.0196566,0.00154661,0.00174138,0.0103203,0.0101781,0.0640489,0.0208816,0.0202233,0.0094151,0.00941702,4.06122E-07,8.28497E-08,0.0106052,0.0104128,0,0,0,0,0.298161,0.298161,3.79124,4.60614
F1,3,1000,3.818,1,2,0.302287,0.301879,0.0651341,-2.15035E-08,-1.03314E-08,-0.0655055,0.143103,-0.0102215,0.141644,0.0195701,0.00154651,0.00174494,0.0103168,0.0101777,0.063931,0.0209403,0.0202819,0.0266807,0.0267034,1.40745E-06,3.35892E-07,0.0106763,0.0104126,0.101999,0,0.0465854,0,0.30188,0.302006,3.76418,4.60614
F2,3,1000,3.818,1,2,0.299005,0.298622,0.0205589,0.0203943,-0.0205508,-0.0206236,0.143754,-0.0106644,0.141645,0.0196564,0.0015466,0.00174133,0.0103203,0.0101781,0.0639312,0.0209411,0.020281,0.00941537,0.00941531,4.04903E-07,8.28094E-08,0.0106045,0.0104127,1.67455E-07,0,5.96899E-05,0,0.299005,0.299005,3.76456,4.60614
B,3,1000,3.818,1,2,0.297642,0.296791,0.0210749,0.0198184,-0.0201133,-0.0210271,0.143873,-0.010635,0.141422,0.0196519,0.0015466,0.00174122,0.0103204,0.0101781,0.0639311,0.0209405,0.0202816,0.00940432,0.00941541,4.14199E-07,8.84898E-08,0.0106032,0.0104126,1.46019E-07,0,5.57387E-05,0,0.297639,0.29764,5.34585,4.60614
A,3,1000,3.818,1,4,0.298161,0.29889,0.0207103,0.0202403,-0.0204702,-0.0207063,0.143474,-0.0106626,0.141922,0.0196566,0.00154661,0.00174138,0.0103203,0.0101781,0.0640488,0.0208816,0.0202233,0.0094151,0.00941702,4.06121E-07,8.28505E-08,0.0106052,0.0104128,0,0,0,0,0.298161,0.298161,3.79128,4.83408
F1,3,1000,3.818,1,4,0.298707,0.298339,0.0207084,0.0202431,-0.0204718,-0.0207021,0.14375,-0.0106623,0.141645,0.0196563,0.0015466,0.00174133,0.0103203,0.0101781,0.0639311,0.0209411,0.020281,0.00941539,0.00941593,4.05542E-07,8.30467E-08,0.0106045,0.0104127,3.54062E-06,0,0.000274467,0,0.298707,0.298708,3.7646,4.83408
F2,3,1000,3.818,1,4,0.299005,0.298622,0.0205589,0.0203943,-0.0205508,-0.0206236,0.143754,-0.0106644,0.141645,0.0196564,0.0015466,0.00174133,0.0103203,0.0101781,0.0639311,0.0209411,0.020281,0.00941537,0.00941531,4.04903E-07,8.28102E-08,0.0106045,0.0104127,1.67469E-07,0,5.96924E-05,0,0.299006,0.299006,3.76461,4.83408
B,3,1000,3.818,1,4,0.33986,0.337792,0.0932484,-1.16439E-06,1.09468E-06,-0.0938076,0.142423,-0.00997074,0.141424,0.0194348,0.00154639,0.00175002,0.0103118,0.0101771,0.0639307,0.0209401,0.0202823,0.0508876,0.0509952,3.05932E-06,8.4208E-07,0.010778,0.0104125,0.20566,0,0.0661495,0,0.33928,0.339399,5.34464,4.83408
A,3,1000,3.818,1,5,0.298161,0.29889,0.0207103,0.0202403,-0.0204702,-0.0207063,0.143474,-0.0106626,0.141922,0.0196566,0.00154661,0.00174138,0.0103203,0.0101781,0.0640488,0.0208816,0.0202233,0.0094151,0.00941702,4.06121E-07,8.28501E-08,0.0106052,0.0104128,0,0,0,0,0.298161,0.298161,3.79126,4.54921
F1,3,1000,3.818,1,5,0.282753,0.282356,0.0569221,5.6893E-07,-6.60153E-07,-0.0572455,0.143105,-0.0102703,0.141643,0.0195948,0.00154655,0.00174361,0.010318,0.0101779,0.063931,0.0209398,0.0202824,0.0215229,0.0215294,1.12198E-06,2.6468E-07,0.010652,0.0104126,0.0778996,0,0.0407117,0,0.282428,0.282512,3.76411,4.54921
F2,3,1000,3.818,1,5,0.299005,0.298622,0.0205589,0.0203943,-0.0205508,-0.0206236,0.143754,-0.0106644,0.141645,0.0196564,0.0015466,0.00174133,0.0103203,0.0101781,0.0639311,0.0209411,0.020281,0.00941537,0.00941531,4.04903E-07,8.28098E-08,0.0106045,0.0104127,1.67462E-07,0,5.96912E-05,0,0.299005,0.299006,3.76458,4.54921
B,3,1000,3.818,1,5,0.297642,0.296791,0.0210749,0.0198184,-0.0201133,-0.0210271,0.143873,-0.010635,0.141422,0.0196519,0.0015466,0.00174122,0.0103204,0.0101781,0.0639311,0.0209405,0.0202816,0.00940432,0.00941541,4.14199E-07,8.84904E-08,0.0106031,0.0104126,1.46026E-07,0,5.57399E-05,0,0.29764,0.29764,5.3459,4.54921
A,3,20000,3.818,0.25,0,0.298164,0.298896,0.0207087,0.0202422,-0.0204669,-0.0207232,0.143472,-0.0103975,0.141923,0.0196567,0.00154675,0.00173884,0.0103187,0.0101772,0.0640498,0.0208793,0.0202231,0.0094152,0.00941709,4.14711E-07,9.20298E-08,0.0106096,0.0104127,0,0,0,0,0.298164,0.298164,3.79262,4.46447
F1,3,20000,3.818,0.25,0,0.298712,0.298336,0.0207094,0.0202436,-0.0204659,-0.0207208,0.143746,-0.0103969,0.141647,0.0196564,0.00154674,0.00173879,0.0103186,0.0101772,0.0639325,0.0209386,0.0202806,0.00941599,0.0094155,4.1416E-07,9.22455E-08,0.010609,0.0104126,3.54357E-06,0,0.000274582,0,0.298711,0.298712,3.76797,4.46447
F2,3,20000,3.818,0.25,0,0.299003,0.298626,0.0205613,0.0203945,-0.020533,-0.0206582,0.143751,-0.0103981,0.141647,0.0196565,0.00154674,0.0017388,0.0103186,0.0101772,0.0639325,0.0209386,0.0202806,0.00941549,0.00941537,4.13382E-07,9.18927E-08,0.0106089,0.0104126,1.67603E-07,0,5.97163E-05,0,0.299002,0.299003,3.76798,4.46447
B,3,20000,3.818,0.25,0,0.298995,0.298792,0.0206452,0.0203342,-0.020493,-0.0207263,0.143768,-0.0106003,0.141697,0.0196592,0.00154663,0.00174106,0.0103201,0.010178,0.0640152,0.020899,0.0202393,0.00941867,0.00942685,4.00432E-07,8.06597E-08,0.0106057,0.0104127,9.06271E-09,0,1.38861E-05,0,0.298994,0.298995,1.30383,4.46447
A,3,20000,3.818,0.25,1,0.298163,0.298896,0.020709,0.0202422,-0.0204669,-0.0207234,0.143472,-0.0103971,0.141924,0.0196567,0.00154674,0.00173884,0.0103187,0.0101772,0.0640499,0.0208793,0.020223,0.00941518,0.00941707,4.14833E-07,9.20802E-08,0.0106096,0.0104127,0,0,0,0,0.298162,0.298163,3.79145,4.99059
F1,3,20000,3.818,0.25,1,0.323913,0.322617,0.0801602,-3.11631E-05,4.6198E-05,-0.0806854,0.14272,-0.00921579,0.141665,0.0195106,0.00154689,0.00174074,0.0103029,0.0101817,0.0639353,0.0209201,0.0202951,0.0384751,0.0384742,2.88612E-06,1.22701E-06,0.0107685,0.0104126,0.154852,0,0.0573997,0,0.323926,0.323914,3.76128,4.99059
F2,3,20000,3.818,0.25,1,0.323913,0.322617,0.0801602,-3.11631E-05,4.6198E-05,-0.0806854,0.14272,-0.00921579,0.141665,0.0195106,0.00154689,0.00174074,0.0103029,0.0101817,0.0639353,0.0209201,0.0202951,0.0384751,0.0384742,2.88612E-06,1.22701E-06,0.0107685,0.0104126,0.154852,0,0.0573997,0,0.323926,0.323914,3.76128,4.99059
B,3,20000,3.818,0.25,1,0.289857,0.289625,0.035248,0.00656135,-0.00666812,-0.0353915,0.143612,-0.0104146,0.141698,0.0196508,0.00154663,0.00174102,0.0103197,0.0101779,0.0640153,0.0208985,0.0202397,0.011918,0.0119072,5.47266E-07,1.21392E-07,0.0106129,0.0104127,0.0193573,0,0.0202943,0,0.289857,0.289856,1.30252,4.99059
A,3,20000,3.818,0.25,2,0.298163,0.298896,0.020709,0.0202422,-0.0204669,-0.0207234,0.143472,-0.0103971,0.141924,0.0196567,0.00154674,0.00173884,0.0103187,0.0101772,0.0640499,0.0208793,0.020223,0.00941518,0.00941707,4.14834E-07,9.20802E-08,0.0106096,0.0104127,0,0,0,0,0.298162,0.298163,3.79139,4.7246
F1,3,20000,3.818,0.25,2,0.323915,0.32262,0.0801585,-2.91672E-05,4.73041E-05,-0.0806848,0.14272,-0.00921563,0.141665,0.0195106,0.00154689,0.00174074,0.0103029,0.0101817,0.0639353,0.0209201,0.0202951,0.038475,0.038474,2.88613E-06,1.22708E-06,0.0107685,0.0104126,0.154851,0,0.0573996,0,0.323929,0.323917,3.76119,4.7246
F2,3,20000,3.818,0.25,2,0.299002,0.298626,0.0205614,0.0203945,-0.0205331,-0.0206582,0.143751,-0.0103977,0.141647,0.0196565,0.00154674,0.0017388,0.0103187,0.0101771,0.0639326,0.0209386,0.0202804,0.00941546,0.00941535,4.13505E-07,9.19431E-08,0.010609,0.0104126,1.67589E-07,0,5.97138E-05,0,0.299,0.299002,3.76418,4.7246
B,3,20000,3.818,0.25,2,0.298995,0.298792,0.0206453,0.0203342,-0.0204931,-0.0207265,0.143768,-0.0106004,0.141697,0.0196592,0.00154662,0.00174106,0.0103202,0.010178,0.0640152,0.0208991,0.0202393,0.00941867,0.00942685,4.00451E-07,8.06639E-08,0.0106057,0.0104127,9.06195E-09,0,1.38855E-05,0,0.298994,0.298995,1.3029,4.7246
A,3,20000,3.818,0.25,4,0.298164,0.298896,0.0207087,0.0202423,-0.0204669,-0.0207232,0.143472,-0.0103976,0.141923,0.0196567,0.00154675,0.00173884,0.0103187,0.0101772,0.0640498,0.0208793,0.0202231,0.0094152,0.00941709,4.14699E-07,9.20286E-08,0.0106096,0.0104127,0,0,0,0,0.298164,0.298164,3.79231,4.47033
F1,3,20000,3.818,0.25,4,0.298712,0.298336,0.0207094,0.0202436,-0.0204659,-0.0207208,0.143746,-0.010397,0.141647,0.0196564,0.00154674,0.00173879,0.0103186,0.0101772,0.0639325,0.0209386,0.0202806,0.00941599,0.0094155,4.14149E-07,9.22443E-08,0.010609,0.0104126,3.5436E-06,0,0.000274583,0,0.298712,0.298712,3.76796,4.47033
F2,3,20000,3.818,0.25,4,0.299003,0.298626,0.0205613,0.0203945,-0.020533,-0.0206582,0.143751,-0.0103982,0.141647,0.0196565,0.00154674,0.0017388,0.0103186,0.0101772,0.0639325,0.0209386,0.0202806,0.00941549,0.00941537,4.13371E-07,9.18915E-08,0.0106089,0.0104126,1.67605E-07,0,5.97166E-05,0,0.299003,0.299003,3.76797,4.47033
B,3,20000,3.818,0.25,4,0.289857,0.289626,0.0352659,0.00654385,-0.00664841,-0.0354112,0.143612,-0.0104148,0.141698,0.0196508,0.00154663,0.00174102,0.0103197,0.0101779,0.0640152,0.0208984,0.0202398,0.0119182,0.0119074,5.4723E-07,1.21388E-07,0.0106129,0.0104127,0.0193591,0,0.0202952,0,0.289854,0.289855,1.3028,4.47033
A,3,20000,3.818,0.25,5,0.298164,0.298895,0.0207088,0.0202423,-0.0204669,-0.0207232,0.143472,-0.0103976,0.141923,0.0196567,0.00154675,0.00173884,0.0103186,0.0101772,0.0640498,0.0208793,0.0202231,0.00941518,0.00941707,4.14805E-07,9.20713E-08,0.0106096,0.0104127,0,0,0,0,0.298164,0.298164,3.79175,4.61445
F1,3,20000,3.818,0.25,5,0.293398,0.29212,0.0661707,-5.544E-05,4.47169E-05,-0.0666052,0.142872,-0.0095005,0.141656,0.0195621,0.00154683,0.00173961,0.0103099,0.0101789,0.0639339,0.0209286,0.0202883,0.0274381,0.0274206,1.90132E-06,7.45531E-07,0.0107063,0.0104126,0.105413,0,0.0473585,0,0.293371,0.293415,3.76812,4.61445
F2,3,20000,3.818,0.25,5,0.299002,0.298626,0.0205614,0.0203945,-0.0205329,-0.0206583,0.143751,-0.0103983,0.141647,0.0196565,0.00154675,0.0017388,0.0103186,0.0101772,0.0639325,0.0209386,0.0202806,0.00941546,0.00941535,4.13476E-07,9.19339E-08,0.0106089,0.0104126,1.67607E-07,0,5.9717E-05,0,0.299002,0.299003,3.76781,4.61445
B,3,20000,3.818,0.25,5,0.298995,0.298792,0.0206453,0.0203341,-0.020493,-0.0207263,0.143768,-0.0106003,0.141697,0.0196592,0.00154663,0.00174106,0.0103201,0.010178,0.0640152,0.020899,0.0202393,0.00941867,0.00942685,4.00442E-07,8.06653E-08,0.0106057,0.0104127,9.06292E-09,0,1.38863E-05,0,0.298994,0.298995,1.30426,4.61445
A,3,20000,3.818,0.5,0,0.298163,0.298895,0.0207091,0.020242,-0.0204666,-0.0207235,0.143472,-0.0103976,0.141923,0.0196567,0.00154675,0.00173884,0.0103187,0.0101772,0.0640498,0.0208793,0.0202231,0.0094152,0.0094171,4.14709E-07,9.20322E-08,0.0106096,0.0104127,0,0,0,0,0.298164,0.298164,3.79179,4.46435
F1,3,20000,3.818,0.5,0,0.298712,0.298336,0.0207094,0.0202436,-0.0204659,-0.0207208,0.143746,-0.0103971,0.141647,0.0196564,0.00154675,0.00173879,0.0103186,0.0101772,0.0639325,0.0209386,0.0202806,0.00941599,0.0094155,4.14157E-07,9.22469E-08,0.010609,0.0104126,3.54365E-06,0,0.000274585,0,0.298712,0.298712,3.76781,4.46435
F2,3,20000,3.818,0.5,0,0.299003,0.298626,0.0205613,0.0203945,-0.0205329,-0.0206582,0.143751,-0.0103982,0.141647,0.0196565,0.00154675,0.0017388,0.0103186,0.0101772,0.0639325,0.0209386,0.0202806,0.00941548,0.00941537,4.13379E-07,9.18941E-08,0.0106089,0.0104126,1.67607E-07,0,5.9717E-05,0,0.299003,0.299003,3.76782,4.46435
B,3,20000,3.818,0.5,0,0.298799,0.298324,0.0207922,0.0201696,-0.0203702,-0.0208359,0.143828,-0.0104881,0.141603,0.0196578,0.00154668,0.00174007,0.0103196,0.0101776,0.0639871,0.0209107,0.020255,0.00941554,0.00942496,4.0648E-07,8.58536E-08,0.0106069,0.0104127,3.62065E-08,0,2.77552E-05,0,0.298798,0.298798,2.6439,4.46435
A,3,20000,3.818,0.5,1,0.298163,0.298895,0.0207093,0.0202418,-0.0204665,-0.0207236,0.143472,-0.0103972,0.141924,0.0196567,0.00154674,0.00173884,0.0103187,0.0101772,0.0640499,0.0208793,0.020223,0.00941517,0.00941707,4.14853E-07,9.20889E-08,0.0106096,0.0104127,0,0,0,0,0.298162,0.298163,3.79263,5.07188
F1,3,20000,3.818,0.5,1,0.323987,0.322591,0.0801938,-6.21619E-05,3.66554E-05,-0.080685,0.142725,-0.00924074,0.141665,0.0195103,0.00154689,0.00174079,0.0103029,0.0101818,0.0639353,0.0209201,0.0202951,0.0384756,0.0384758,2.8878E-06,1.22873E-06,0.010769,0.0104126,0.154857,0,0.0574006,0,0.323995,0.32399,3.76321,5.07188
F2,3,20000,3.818,0.5,1,0.323987,0.322591,0.0801938,-6.21619E-05,3.66554E-05,-0.080685,0.142725,-0.00924074,0.141665,0.0195103,0.00154689,0.00174079,0.0103029,0.0101818,0.0639353,0.0209201,0.0202951,0.0384756,0.0384758,2.8878E-06,1.22873E-06,0.010769,0.0104126,0.154857,0,0.0574006,0,0.323995,0.32399,3.76321,5.07188
B,3,20000,3.818,0.5,1,0.29223,0.291196,0.0571396,-1.03376E-05,9.99381E-06,-0.0575075,0.143307,-0.00978151,0.141607,0.0196018,0.00154669,0.00174076,0.0103154,0.0101777,0.0639876,0.0209071,0.0202576,0.0217043,0.0217016,1.30318E-06,4.43101E-07,0.0106649,0.0104126,0.0773246,0,0.0405612,0,0.292232,0.292229,2.63937,5.07188
A,3,20000,3.818,0.5,2,0.298163,0.298895,0.0207094,0.0202418,-0.0204666,-0.0207237,0.143472,-0.0103971,0.141924,0.0196567,0.00154674,0.00173884,0.0103187,0.0101772,0.0640499,0.0208793,0.020223,0.00941518,0.00941707,4.14835E-07,9.20811E-08,0.0106096,0.0104127,0,0,0,0,0.298161,0.298163,3.79139,4.72448
F1,3,20000,3.818,0.5,2,0.323915,0.32262,0.0801585,-2.91931E-05,4.72899E-05,-0.0806848,0.14272,-0.00921563,0.141665,0.0195106,0.00154689,0.00174074,0.0103029,0.0101817,0.0639353,0.0209201,0.0202951,0.038475,0.038474,2.88613E-06,1.22707E-06,0.0107685,0.0104126,0.154851,0,0.0573996,0,0.323929,0.323917,3.76119,4.72448
F2,3,20000,3.818,0.5,2,0.299002,0.298626,0.0205614,0.0203945,-0.0205331,-0.0206582,0.143751,-0.0103977,0.141647,0.0196565,0.00154674,0.0017388,0.0103187,0.0101771,0.0639326,0.0209386,0.0202804,0.00941546,0.00941535,4.13504E-07,9.19431E-08,0.010609,0.0104126,1.67589E-07,0,5.97138E-05,0,0.299,0.299002,3.76418,4.72448
B,3,20000,3.818,0.5,2,0.298798,0.298324,0.0207925,0.02017,-0.0203707,-0.0208361,0.143828,-0.0104883,0.141603,0.0196578,0.00154667,0.00174007,0.0103196,0.0101776,0.0639872,0.0209108,0.0202549,0.00941553,0.00942495,4.06547E-07,8.58752E-08,0.0106069,0.0104127,3.62026E-08,0,2.77537E-05,0,0.298796,0.298798,2.64122,4.72448
A,3,20000,3.818,0.5,4,0.298163,0.298895,0.020709,0.020242,-0.0204666,-0.0207236,0.143471,-0.0103977,0.141923,0.0196567,0.00154675,0.00173884,0.0103187,0.0101772,0.0640498,0.0208793,0.0202231,0.00941518,0.00941708,4.14761E-07,9.20616E-08,0.0106096,0.0104127,0,0,0,0,0.298163,0.298164,3.79218,4.55157
F1,3,20000,3.818,0.5,4,0.298712,0.298336,0.0207094,0.0202436,-0.0204658,-0.0207208,0.143746,-0.010397,0.141647,0.0196563,0.00154674,0.00173879,0.0103186,0.0101772,0.0639325,0.0209386,0.0202806,0.00941598,0.00941549,4.14208E-07,9.22764E-08,0.010609,0.0104126,3.54361E-06,0,0.000274584,0,0.298711,0.298712,3.76794,4.55157
F2,3,20000,3.818,0.5,4,0.299003,0.298626,0.0205613,0.0203945,-0.0205329,-0.0206582,0.143751,-0.0103982,0.141647,0.0196565,0.00154674,0.0017388,0.0103186,0.0101772,0.0639325,0.0209386,0.0202806,0.00941547,0.00941535,4.1343E-07,9.19235E-08,0.0106089,0.0104126,1.67606E-07,0,5.97167E-05,0,0.299002,0.299003,3.76794,4.55157
B,3,20000,3.818,0.5,4,0.29223,0.291308,0.05721,-1.32246E-05,1.17916E-05,-0.0575731,0.143303,-0.00978142,0.141606,0.0196021,0.0015467,0.00174077,0.0103154,0.0101777,0.0639876,0.020907,0.0202577,0.0217018,0.0217022,1.30281E-06,4.43347E-07,0.0106651,0.0104126,0.0773288,0,0.0405622,0,0.292228,0.292227,2.64005,4.55157
A,3,20000,3.818,0.5,5,0.298163,0.298895,0.0207091,0.020242,-0.0204666,-0.0207235,0.143472,-0.0103976,0.141923,0.0196567,0.00154675,0.00173884,0.0103186,0.0101772,0.0640498,0.0208793,0.0202231,0.00941518,0.00941708,4.14807E-07,9.20722E-08,0.0106096,0.0104127,0,0,0,0,0.298163,0.298164,3.79176,4.61432
F1,3,20000,3.818,0.5,5,0.293399,0.292121,0.0661707,-5.54613E-05,4.47078E-05,-0.0666052,0.142872,-0.00950044,0.141656,0.0195621,0.00154683,0.00173961,0.0103099,0.0101789,0.0639339,0.0209286,0.0202883,0.0274381,0.0274206,1.90132E-06,7.45535E-07,0.0107063,0.0104126,0.105413,0,0.0473585,0,0.293372,0.293416,3.76812,4.61432
F2,3,20000,3.818,0.5,5,0.299002,0.298626,0.0205614,0.0203945,-0.0205329,-0.0206583,0.143751,-0.0103983,0.141647,0.0196565,0.00154675,0.0017388,0.0103186,0.0101772,0.0639325,0.0209386,0.0202806,0.00941546,0.00941535,4.13475E-07,9.19338E-08,0.0106089,0.0104126,1.67607E-07,0,5.9717E-05,0,0.299002,0.299003,3.76781,4.61432
B,3,20000,3.818,0.5,5,0.298798,0.298324,0.0207922,0.0201696,-0.0203702,-0.0208359,0.143828,-0.0104881,0.141603,0.0196578,0.00154668,0.00174007,0.0103196,0.0101776,0.0639871,0.0209107,0.020255,0.00941553,0.00942495,4.06527E-07,8.58732E-08,0.0106069,0.0104127,3.62065E-08,0,2.77552E-05,0,0.298798,0.298798,2.64392,4.61432
A,3,20000,3.818,0.79,0,0.298162,0.298894,0.0207098,0.0202413,-0.0204659,-0.0207241,0.143471,-0.0103976,0.141923,0.0196567,0.00154675,0.00173884,0.0103187,0.0101772,0.0640498,0.0208793,0.0202231,0.0094152,0.0094171,4.14713E-07,9.2034E-08,0.0106096,0.0104127,0,0,0,0,0.298162,0.298162,3.79179,4.4641
F1,3,20000,3.818,0.79,0,0.298712,0.298336,0.0207094,0.0202436,-0.0204659,-0.0207208,0.143746,-0.0103971,0.141647,0.0196564,0.00154675,0.00173879,0.0103186,0.0101772,0.0639325,0.0209386,0.0202806,0.00941599,0.0094155,4.14157E-07,9.2247E-08,0.010609,0.0104126,3.54365E-06,0,0.000274585,0,0.298712,0.298712,3.76781,4.4641
F2,3,20000,3.818,0.79,0,0.299003,0.298626,0.0205613,0.0203945,-0.0205329,-0.0206582,0.143751,-0.0103982,0.141647,0.0196565,0.00154675,0.0017388,0.0103186,0.0101772,0.0639325,0.0209386,0.0202806,0.00941548,0.00941537,4.13379E-07,9.18941E-08,0.0106089,0.0104126,1.67607E-07,0,5.9717E-05,0,0.299003,0.299003,3.76782,4.4641
B,3,20000,3.818,0.79,0,0.298255,0.297539,0.0209572,0.0199704,-0.0202222,-0.0209563,0.143863,-0.0103575,0.1415,0.019655,0.00154679,0.0017381,0.0103181,0.0101771,0.0639557,0.0209208,0.0202749,0.00941001,0.00942049,4.18973E-07,9.64579E-08,0.0106095,0.0104126,9.05361E-08,0,4.38897E-05,0,0.298254,0.298254,4.20241,4.4641
A,3,20000,3.818,0.79,1,0.298161,0.298894,0.0207101,0.0202413,-0.020466,-0.0207243,0.143472,-0.0103971,0.141924,0.0196567,0.00154674,0.00173884,0.0103187,0.0101771,0.0640499,0.0208793,0.0202229,0.00941517,0.00941707,4.14901E-07,9.21037E-08,0.0106097,0.0104127,0,0,0,0,0.298159,0.298161,3.78789,5.32956
F1,3,20000,3.818,0.79,1,0.324017,0.322707,0.0800802,-7.26753E-05,7.64398E-05,-0.0806433,0.142715,-0.00921532,0.141666,0.0195103,0.00154691,0.00174095,0.0103024,0.0101822,0.0639355,0.0209188,0.0202962,0.0384728,0.0384729,2.88511E-06,1.23395E-06,0.0107692,0.0104126,0.154836,0,0.0573968,0,0.32403,0.324024,3.76158,5.32956
F2,3,20000,3.818,0.79,1,0.324017,0.322707,0.0800802,-7.26753E-05,7.64398E-05,-0.0806433,0.142715,-0.00921532,0.141666,0.0195103,0.00154691,0.00174095,0.0103024,0.0101822,0.0639355,0.0209188,0.0202962,0.0384728,0.0384729,2.88511E-06,1.23395E-06,0.0107692,0.0104126,0.154836,0,0.0573968,0,0.32403,0.324024,3.76158,5.32956
B,3,20000,3.818,0.79,1,0.337516,0.335356,0.0902517,-4.95356E-05,7.74407E-05,-0.0909773,0.142488,-0.00903459,0.141541,0.0194609,0.00154711,0.00174066,0.0102922,0.0101881,0.0639611,0.0208832,0.0203053,0.047967,0.0480176,3.80382E-06,1.68898E-06,0.0108211,0.0104125,0.193081,0,0.0640946,0,0.337551,0.337521,4.20006,5.32956
A,3,20000,3.818,0.79,2,0.298161,0.298894,0.02071,0.0202411,-0.0204659,-0.0207242,0.143472,-0.0103971,0.141924,0.0196567,0.00154674,0.00173884,0.0103187,0.0101772,0.0640499,0.0208793,0.020223,0.00941518,0.00941708,4.14839E-07,9.20829E-08,0.0106096,0.0104127,0,0,0,0,0.29816,0.298161,3.79139,4.72423
F1,3,20000,3.818,0.79,2,0.323915,0.32262,0.0801585,-2.91923E-05,4.72904E-05,-0.0806848,0.14272,-0.00921563,0.141665,0.0195106,0.00154689,0.00174074,0.0103029,0.0101817,0.0639353,0.0209201,0.0202951,0.038475,0.038474,2.88613E-06,1.22707E-06,0.0107685,0.0104126,0.154851,0,0.0573996,0,0.323929,0.323917,3.76119,4.72423
F2,3,20000,3.818,0.79,2,0.299002,0.298626,0.0205614,0.0203945,-0.0205331,-0.0206582,0.143751,-0.0103977,0.141647,0.0196565,0.00154674,0.0017388,0.0103187,0.0101771,0.0639326,0.0209386,0.0202804,0.00941546,0.00941535,4.13504E-07,9.19431E-08,0.010609,0.0104126,1.67589E-07,0,5.97138E-05,0,0.299,0.299002,3.76418,4.72423
B,3,20000,3.818,0.79,2,0.298254,0.297539,0.0209581,0.0199713,-0.0202227,-0.0209562,0.143864,-0.0103578,0.1415,0.019655,0.00154678,0.0017381,0.0103181,0.0101771,0.0639558,0.0209209,0.0202747,0.00940999,0.00942046,4.19129E-07,9.65217E-08,0.0106096,0.0104126,9.05264E-08,0,4.38873E-05,0,0.298251,0.298254,4.19817,4.72423
A,3,20000,3.818,0.79,4,0.298161,0.298894,0.0207101,0.0202414,-0.020466,-0.0207242,0.143472,-0.0103971,0.141924,0.0196567,0.00154674,0.00173884,0.0103187,0.0101771,0.0640499,0.0208793,0.0202229,0.00941517,0.00941707,4.1487E-07,9.20885E-08,0.0106097,0.0104127,0,0,0,0,0.298159,0.298161,3.78749,4.80928
F1,3,20000,3.818,0.79,4,0.298711,0.298336,0.0207096,0.0202441,-0.0204661,-0.0207209,0.143747,-0.0103968,0.141647,0.0196563,0.00154673,0.00173879,0.0103187,0.0101771,0.0639326,0.0209387,0.0202804,0.00941597,0.00941548,4.14314E-07,9.23018E-08,0.0106091,0.0104126,3.5431E-06,0,0.000274564,0,0.298708,0.298711,3.76192,4.80928
F2,3,20000,3.818,0.79,4,0.299002,0.298626,0.0205614,0.0203946,-0.020533,-0.0206582,0.143751,-0.0103978,0.141647,0.0196564,0.00154673,0.0017388,0.0103187,0.0101771,0.0639326,0.0209387,0.0202804,0.00941546,0.00941534,4.13535E-07,9.19488E-08,0.010609,0.0104126,1.67581E-07,0,5.97123E-05,0,0.298999,0.299002,3.76192,4.80928
B,3,20000,3.818,0.79,4,0.337612,0.335446,0.0902603,-6.08464E-05,8.11099E-05,-0.0909827,0.14249,-0.00904775,0.141541,0.0194612,0.0015471,0.00174061,0.0102924,0.0101879,0.0639611,0.0208837,0.0203049,0.0479673,0.0480178,3.80386E-06,1.68768E-06,0.0108211,0.0104125,0.193084,0,0.0640951,0,0.337648,0.337616,4.20021,4.80928
A,3,20000,3.818,0.79,5,0.298162,0.298893,0.0207098,0.0202413,-0.020466,-0.0207241,0.143472,-0.0103976,0.141923,0.0196567,0.00154675,0.00173884,0.0103186,0.0101772,0.0640498,0.0208793,0.0202231,0.00941518,0.00941708,4.1481E-07,9.2074E-08,0.0106096,0.0104127,0,0,0,0,0.298162,0.298162,3.79176,4.61407
F1,3,20000,3.818,0.79,5,0.2934,0.292121,0.0661708,-5.54817E-05,4.47089E-05,-0.0666053,0.142872,-0.00950038,0.141656,0.0195621,0.00154683,0.00173961,0.0103099,0.0101789,0.0639339,0.0209286,0.0202883,0.0274381,0.0274206,1.90132E-06,7.45536E-07,0.0107063,0.0104126,0.105413,0,0.0473585,0,0.293372,0.293417,3.76812,4.61407
F2,3,20000,3.818,0.79,5,0.299002,0.298626,0.0205614,0.0203945,-0.0205329,-0.0206583,0.143751,-0.0103983,0.141647,0.0196565,0.00154675,0.0017388,0.0103186,0.0101772,0.0639325,0.0209386,0.0202806,0.00941546,0.00941535,4.13475E-07,9.19338E-08,0.0106089,0.0104126,1.67607E-07,0,5.9717E-05,0,0.299002,0.299003,3.76781,4.61407
B,3,20000,3.818,0.79,5,0.298254,0.297539,0.0209573,0.0199703,-0.0202221,-0.0209563,0.143863,-0.0103575,0.1415,0.019655,0.00154679,0.0017381,0.0103181,0.0101771,0.0639557,0.0209208,0.0202749,0.00940999,0.00942046,4.19095E-07,9.65068E-08,0.0106095,0.0104126,9.05361E-08,0,4.38897E-05,0,0.298253,0.298254,4.20244,4.61407
A,3,20000,3.818,1,0,0.29816,0.298892,0.0207105,0.0202406,-0.0204653,-0.0207247,0.143471,-0.0103976,0.141923,0.0196567,0.00154675,0.00173884,0.0103187,0.0101772,0.0640498,0.0208793,0.0202231,0.0094152,0.00941711,4.14717E-07,9.20359E-08,0.0106096,0.0104127,0,0,0,0,0.298161,0.298161,3.79178,4.46385
F1,3,20000,3.818,1,0,0.298712,0.298336,0.0207094,0.0202436,-0.0204659,-0.0207208,0.143746,-0.0103971,0.141647,0.0196564,0.00154675,0.00173879,0.0103186,0.0101772,0.0639325,0.0209386,0.0202806,0.00941599,0.0094155,4.14157E-07,9.2247E-08,0.010609,0.0104126,3.54365E-06,0,0.000274585,0,0.298712,0.298712,3.76781,4.46385
F2,3,20000,3.818,1,0,0.299003,0.298626,0.0205613,0.0203945,-0.0205329,-0.0206582,0.143751,-0.0103982,0.141647,0.0196565,0.00154675,0.0017388,0.0103186,0.0101772,0.0639325,0.0209386,0.0202806,0.00941548,0.00941537,4.13379E-07,9.18942E-08,0.0106089,0.0104126,1.67607E-07,0,5.9717E-05,0,0.299003,0.299003,3.76782,4.46385
B,3,20000,3.818,1,0,0.297639,0.296809,0.0210742,0.0198193,-0.020111,-0.0210386,0.143864,-0.0102622,0.141429,0.0196522,0.00154693,0.0017361,0.0103158,0.0101774,0.0639338,0.0209246,0.0202917,0.00940465,0.00941559,4.31957E-07,1.07564E-07,0.0106123,0.0104125,1.45544E-07,0,5.56479E-05,0,0.297637,0.297638,5.33826,4.46385
A,3,20000,3.818,1,1,0.29816,0.298893,0.0207114,0.0202399,-0.0204647,-0.0207253,0.143471,-0.0103966,0.141924,0.0196566,0.00154674,0.00173884,0.0103187,0.0101772,0.0640499,0.0208793,0.020223,0.00941516,0.00941707,4.14914E-07,9.21147E-08,0.0106096,0.0104127,0,0,0,0,0.29816,0.29816,3.79303,5.53922
F1,3,20000,3.818,1,1,0.323883,0.322579,0.0802753,-7.11415E-05,6.70335E-05,-0.0807934,0.142714,-0.00913357,0.141666,0.0195102,0.00154691,0.00174089,0.0103024,0.0101821,0.0639354,0.020919,0.020296,0.0384691,0.0384704,2.90053E-06,1.23588E-06,0.0107692,0.0104126,0.154811,0,0.0574137,0,0.323885,0.323884,3.76858,5.53922
F2,3,20000,3.818,1,1,0.323883,0.322579,0.0802753,-7.11415E-05,6.70335E-05,-0.0807934,0.142714,-0.00913357,0.141666,0.0195102,0.00154691,0.00174089,0.0103024,0.0101821,0.0639354,0.020919,0.020296,0.0384691,0.0384704,2.90053E-06,1.23588E-06,0.0107692,0.0104126,0.154811,0,0.0574137,0,0.323885,0.323884,3.76858,5.53922
B,3,20000,3.818,1,1,0.357749,0.354232,0.114513,-0.000156885,0.000140141,-0.115576,0.141179,-0.00850029,0.141569,0.0193205,0.00154815,0.00173914,0.010244,0.010224,0.0639532,0.0207883,0.020405,0.0752436,0.0754218,6.73344E-06,3.15357E-06,0.0109597,0.0104125,0.309602,0,0.0811928,0,0.357762,0.357755,5.33702,5.53922
A,3,20000,3.818,1,2,0.29816,0.298893,0.0207107,0.0202404,-0.0204653,-0.0207248,0.143472,-0.0103971,0.141924,0.0196567,0.00154674,0.00173884,0.0103187,0.0101772,0.0640499,0.0208793,0.020223,0.00941518,0.00941709,4.14843E-07,9.20848E-08,0.0106096,0.0104127,0,0,0,0,0.298158,0.29816,3.79139,4.72397
F1,3,20000,3.818,1,2,0.323915,0.32262,0.0801586,-2.93151E-05,4.72242E-05,-0.0806849,0.14272,-0.00921564,0.141665,0.0195106,0.00154689,0.00174074,0.0103029,0.0101817,0.0639353,0.0209201,0.0202951,0.038475,0.038474,2.88613E-06,1.22707E-06,0.0107685,0.0104126,0.154851,0,0.0573996,0,0.323929,0.323917,3.7612,4.72397
F2,3,20000,3.818,1,2,0.299002,0.298626,0.0205614,0.0203945,-0.0205331,-0.0206582,0.143751,-0.0103977,0.141647,0.0196565,0.00154674,0.0017388,0.0103187,0.0101771,0.0639326,0.0209386,0.0202804,0.00941546,0.00941535,4.13504E-07,9.19431E-08,0.010609,0.0104126,1.67589E-07,0,5.97138E-05,0,0.299,0.299002,3.76419,4.72397
B,3,20000,3.818,1,2,0.297638,0.296809,0.0210749,0.0198206,-0.0201114,-0.0210378,0.143864,-0.0102627,0.141429,0.0196521,0.00154692,0.0017361,0.0103159,0.0101773,0.0639339,0.0209247,0.0202915,0.00940461,0.00941554,4.32202E-07,1.07676E-07,0.0106123,0.0104125,1.45529E-07,0,5.5645E-05,0,0.297634,0.297637,5.33279,4.72397
A,3,20000,3.818,1,4,0.29816,0.298892,0.0207111,0.0202401,-0.020465,-0.0207251,0.143472,-0.0103969,0.141923,0.0196567,0.00154675,0.00173884,0.0103187,0.0101772,0.0640498,0.0208793,0.0202231,0.00941517,0.00941708,4.14875E-07,9.21018E-08,0.0106096,0.0104127,0,0,0,0,0.298158,0.29816,3.79302,5.01903
F1,3,20000,3.818,1,4,0.298712,0.298335,0.0207096,0.0202436,-0.0204658,-0.020721,0.143746,-0.0103967,0.141647,0.0196563,0.00154674,0.00173879,0.0103186,0.0101772,0.0639325,0.0209386,0.0202805,0.00941596,0.00941547,4.14315E-07,9.23132E-08,0.010609,0.0104126,3.54274E-06,0,0.000274615,0,0.298709,0.298711,3.76796,5.01903
F2,3,20000,3.818,1,4,0.299002,0.298626,0.0205614,0.0203944,-0.0205329,-0.0206582,0.143751,-0.0103978,0.141647,0.0196564,0.00154674,0.0017388,0.0103187,0.0101772,0.0639325,0.0209386,0.0202805,0.00941545,0.00941534,4.13536E-07,9.19602E-08,0.010609,0.0104126,1.67565E-07,0,5.97235E-05,0,0.298999,0.299002,3.76797,5.01903
B,3,20000,3.818,1,4,0.3578,0.35429,0.114519,-0.000164458,0.000142356,-0.115597,0.141186,-0.00846507,0.141569,0.019321,0.00154814,0.0017391,0.0102442,0.010224,0.0639531,0.0207886,0.020405,0.0752506,0.0754248,6.71695E-06,3.15494E-06,0.0109594,0.0104125,0.309626,0,0.0811854,0,0.357823,0.357835,5.33719,5.01903
A,3,20000,3.818,1,5,0.29816,0.298892,0.0207105,0.0202406,-0.0204653,-0.0207247,0.143471,-0.0103976,0.141923,0.0196567,0.00154675,0.00173884,0.0103186,0.0101772,0.0640498,0.0208793,0.0202231,0.00941518,0.00941709,4.14814E-07,9.20758E-08,0.0106096,0.0104127,0,0,0,0,0.29816,0.298161,3.79177,4.61382
F1,3,20000,3.818,1,5,0.293401,0.292121,0.0661709,-5.55374E-05,4.46907E-05,-0.0666054,0.142872,-0.00950018,0.141656,0.0195621,0.00154683,0.00173961,0.0103099,0.0101789,0.0639339,0.0209286,0.0202883,0.0274381,0.0274206,1.90133E-06,7.45543E-07,0.0107063,0.0104126,0.105413,0,0.0473585,0,0.293371,0.29342,3.76812,4.61382
F2,3,20000,3.818,1,5,0.299002,0.298626,0.0205614,0.0203945,-0.0205329,-0.0206583,0.143751,-0.0103982,0.141647,0.0196565,0.00154675,0.0017388,0.0103186,0.0101772,0.0639325,0.0209386,0.0202806,0.00941546,0.00941535,4.13475E-07,9.19337E-08,0.0106089,0.0104126,1.67607E-07,0,5.9717E-05,0,0.299002,0.299003,3.76781,4.61382
B,3,20000,3.818,1,5,0.297638,0.296809,0.0210742,0.0198193,-0.0201109,-0.0210386,0.143864,-0.0102622,0.141429,0.0196521,0.00154693,0.0017361,0.0103158,0.0101774,0.0639338,0.0209246,0.0202917,0.00940461,0.00941555,4.32161E-07,1.07643E-07,0.0106123,0.0104125,1.45544E-07,0,5.56479E-05,0,0.297637,0.297637,5.33828,4.61382
