cella,variante,f_hz,amp,gm,rl,grandezza,uscita,picco_V,t_picco_s,finestra_s,esito,nota
gr1_100k_bm20ms,g1_jack,1000,3.818,10,100k,A_ins,MAINJACK,12.69,1.000021,0.120,SOPRA,riferimento gr1_100k_bmsempre
gr1_100k_bm20ms,g1_jack,1000,3.818,10,100k,A_rel,MAINJACK,12.69,1.120021,2.000,SOPRA,riferimento gr1_100k_bmmai
gr1_100k_bm20ms,g1_jack,1000,3.818,10,100k,B2,MAINJACK,0.02009,1.076885,,SOPRA,mute da t_ins+t_grad+20 ms a t_rel
gr1_100k_bm20ms,g1_jack,1000,3.818,10,100k,C1_ins,MAINJACK,3.34,1.123010,,SOPRA,"diagnostica, cond 1"
gr1_100k_bm20ms,g1_jack,1000,3.818,10,100k,C1_rel,MAINJACK,3.34,1.123010,,SOPRA,"diagnostica, cond 1"
gr1_100k_bm20ms,g1_jack,1000,3.818,10,100k,C2_ins,MAINJACK,3.338,1.123010,,SOPRA,"riferimento gr1_100k_bmsempre, cond 1"
gr1_100k_bm20ms,g1_jack,1000,3.818,10,100k,C2_rel,MAINJACK,3.339,1.123010,,SOPRA,"riferimento gr1_100k_bmmai, cond 1"
gr1_100k_bm20ms,g1_jack,1000,3.818,10,100k,A_ins,FIXJACK1,4.028,1.000021,0.120,SOPRA,riferimento gr1_100k_bmsempre
gr1_100k_bm20ms,g1_jack,1000,3.818,10,100k,A_rel,FIXJACK1,4.028,1.120021,2.000,SOPRA,riferimento gr1_100k_bmmai
gr1_100k_bm20ms,g1_jack,1000,3.818,10,100k,B2,FIXJACK1,0.006582,1.041406,,SOPRA,mute da t_ins+t_grad+20 ms a t_rel
gr1_100k_bm20ms,g1_jack,1000,3.818,10,100k,C1_ins,FIXJACK1,1.047,1.126000,,SOPRA,"diagnostica, cond 1"
gr1_100k_bm20ms,g1_jack,1000,3.818,10,100k,C1_rel,FIXJACK1,1.047,1.126000,,SOPRA,"diagnostica, cond 1"
gr1_100k_bm20ms,g1_jack,1000,3.818,10,100k,C2_ins,FIXJACK1,1.047,1.126000,,SOPRA,"riferimento gr1_100k_bmsempre, cond 1"
gr1_100k_bm20ms,g1_jack,1000,3.818,10,100k,C2_rel,FIXJACK1,1.047,1.126000,,SOPRA,"riferimento gr1_100k_bmmai, cond 1"
gr1_100k_bm20ms,g1_jack,1000,3.818,10,100k,A_ins,FIXJACK2,4.028,1.000021,0.120,SOPRA,riferimento gr1_100k_bmsempre
gr1_100k_bm20ms,g1_jack,1000,3.818,10,100k,A_rel,FIXJACK2,4.028,1.120021,2.000,SOPRA,riferimento gr1_100k_bmmai
gr1_100k_bm20ms,g1_jack,1000,3.818,10,100k,B2,FIXJACK2,0.006582,1.041406,,SOPRA,mute da t_ins+t_grad+20 ms a t_rel
gr1_100k_bm20ms,g1_jack,1000,3.818,10,100k,C1_ins,FIXJACK2,1.047,1.126000,,SOPRA,"diagnostica, cond 1"
gr1_100k_bm20ms,g1_jack,1000,3.818,10,100k,C1_rel,FIXJACK2,1.047,1.126000,,SOPRA,"diagnostica, cond 1"
gr1_100k_bm20ms,g1_jack,1000,3.818,10,100k,C2_ins,FIXJACK2,1.047,1.126000,,SOPRA,"riferimento gr1_100k_bmsempre, cond 1"
gr1_100k_bm20ms,g1_jack,1000,3.818,10,100k,C2_rel,FIXJACK2,1.047,1.126000,,SOPRA,"riferimento gr1_100k_bmmai, cond 1"
gr1_100k_bm200ms,g1_jack,1000,3.818,10,100k,A_ins,MAINJACK,12.69,1.000021,0.300,SOPRA,riferimento gr1_100k_bmsempre
gr1_100k_bm200ms,g1_jack,1000,3.818,10,100k,A_rel,MAINJACK,12.69,1.300021,2.000,SOPRA,riferimento gr1_100k_bmmai
gr1_100k_bm200ms,g1_jack,1000,3.818,10,100k,B2,MAINJACK,0.02009,1.220885,,SOPRA,mute da t_ins+t_grad+20 ms a t_rel
gr1_100k_bm200ms,g1_jack,1000,3.818,10,100k,C1_ins,MAINJACK,0.4209,1.338000,,SOPRA,"diagnostica, cond 1"
gr1_100k_bm200ms,g1_jack,1000,3.818,10,100k,C1_rel,MAINJACK,0.4209,1.338000,,SOPRA,"diagnostica, cond 1"
gr1_100k_bm200ms,g1_jack,1000,3.818,10,100k,C2_ins,MAINJACK,0.419,1.338000,,SOPRA,"riferimento gr1_100k_bmsempre, cond 1"
gr1_100k_bm200ms,g1_jack,1000,3.818,10,100k,C2_rel,MAINJACK,0.42,1.338000,,SOPRA,"riferimento gr1_100k_bmmai, cond 1"
gr1_100k_bm200ms,g1_jack,1000,3.818,10,100k,A_ins,FIXJACK1,4.028,1.000021,0.300,SOPRA,riferimento gr1_100k_bmsempre
gr1_100k_bm200ms,g1_jack,1000,3.818,10,100k,A_rel,FIXJACK1,4.028,1.300021,2.000,SOPRA,riferimento gr1_100k_bmmai
gr1_100k_bm200ms,g1_jack,1000,3.818,10,100k,B2,FIXJACK1,0.006576,1.227406,,SOPRA,mute da t_ins+t_grad+20 ms a t_rel
gr1_100k_bm200ms,g1_jack,1000,3.818,10,100k,C1_ins,FIXJACK1,0.04726,1.348437,,SOPRA,"diagnostica, cond 1"
gr1_100k_bm200ms,g1_jack,1000,3.818,10,100k,C1_rel,FIXJACK1,0.04726,1.348437,,SOPRA,"diagnostica, cond 1"
gr1_100k_bm200ms,g1_jack,1000,3.818,10,100k,C2_ins,FIXJACK1,0.04726,1.348437,,SOPRA,"riferimento gr1_100k_bmsempre, cond 1"
gr1_100k_bm200ms,g1_jack,1000,3.818,10,100k,C2_rel,FIXJACK1,0.04717,1.348437,,SOPRA,"riferimento gr1_100k_bmmai, cond 1"
gr1_100k_bm200ms,g1_jack,1000,3.818,10,100k,A_ins,FIXJACK2,4.028,1.000021,0.300,SOPRA,riferimento gr1_100k_bmsempre
gr1_100k_bm200ms,g1_jack,1000,3.818,10,100k,A_rel,FIXJACK2,4.028,1.300021,2.000,SOPRA,riferimento gr1_100k_bmmai
gr1_100k_bm200ms,g1_jack,1000,3.818,10,100k,B2,FIXJACK2,0.006576,1.227406,,SOPRA,mute da t_ins+t_grad+20 ms a t_rel
gr1_100k_bm200ms,g1_jack,1000,3.818,10,100k,C1_ins,FIXJACK2,0.04726,1.348437,,SOPRA,"diagnostica, cond 1"
gr1_100k_bm200ms,g1_jack,1000,3.818,10,100k,C1_rel,FIXJACK2,0.04726,1.348437,,SOPRA,"diagnostica, cond 1"
gr1_100k_bm200ms,g1_jack,1000,3.818,10,100k,C2_ins,FIXJACK2,0.04726,1.348437,,SOPRA,"riferimento gr1_100k_bmsempre, cond 1"
gr1_100k_bm200ms,g1_jack,1000,3.818,10,100k,C2_rel,FIXJACK2,0.04717,1.348437,,SOPRA,"riferimento gr1_100k_bmmai, cond 1"
gr1_100k_bm1s,g1_jack,1000,3.818,10,100k,A_ins,MAINJACK,12.69,1.000021,1.100,SOPRA,riferimento gr1_100k_bmsempre
gr1_100k_bm1s,g1_jack,1000,3.818,10,100k,A_rel,MAINJACK,12.69,2.100021,2.000,SOPRA,riferimento gr1_100k_bmmai
gr1_100k_bm1s,g1_jack,1000,3.818,10,100k,B2,MAINJACK,0.02009,2.056885,,SOPRA,mute da t_ins+t_grad+20 ms a t_rel
gr1_100k_bm1s,g1_jack,1000,3.818,10,100k,C1_ins,MAINJACK,0.3214,1.799000,,SOPRA,"diagnostica, cond 1"
gr1_100k_bm1s,g1_jack,1000,3.818,10,100k,C1_rel,MAINJACK,0.3214,2.301000,,SOPRA,"diagnostica, cond 1"
gr1_100k_bm1s,g1_jack,1000,3.818,10,100k,C2_ins,MAINJACK,0.3195,1.799000,,SOPRA,"riferimento gr1_100k_bmsempre, cond 1"
gr1_100k_bm1s,g1_jack,1000,3.818,10,100k,C2_rel,MAINJACK,0.3205,2.301000,,SOPRA,"riferimento gr1_100k_bmmai, cond 1"
gr1_100k_bm1s,g1_jack,1000,3.818,10,100k,A_ins,FIXJACK1,4.028,1.000021,1.100,SOPRA,riferimento gr1_100k_bmsempre
gr1_100k_bm1s,g1_jack,1000,3.818,10,100k,A_rel,FIXJACK1,4.028,2.100021,2.000,SOPRA,riferimento gr1_100k_bmmai
gr1_100k_bm1s,g1_jack,1000,3.818,10,100k,B2,FIXJACK1,0.006576,2.024406,,SOPRA,mute da t_ins+t_grad+20 ms a t_rel
gr1_100k_bm1s,g1_jack,1000,3.818,10,100k,C1_ins,FIXJACK1,0.002195,1.821854,,SOPRA,"diagnostica, cond 1"
gr1_100k_bm1s,g1_jack,1000,3.818,10,100k,C1_rel,FIXJACK1,0.003876,2.308750,,SOPRA,"diagnostica, cond 1"
gr1_100k_bm1s,g1_jack,1000,3.818,10,100k,C2_ins,FIXJACK1,0.002194,1.821854,,SOPRA,"riferimento gr1_100k_bmsempre, cond 1"
gr1_100k_bm1s,g1_jack,1000,3.818,10,100k,C2_rel,FIXJACK1,0.003898,2.321302,,SOPRA,"riferimento gr1_100k_bmmai, cond 1"
gr1_100k_bm1s,g1_jack,1000,3.818,10,100k,A_ins,FIXJACK2,4.028,1.000021,1.100,SOPRA,riferimento gr1_100k_bmsempre
gr1_100k_bm1s,g1_jack,1000,3.818,10,100k,A_rel,FIXJACK2,4.028,2.100021,2.000,SOPRA,riferimento gr1_100k_bmmai
gr1_100k_bm1s,g1_jack,1000,3.818,10,100k,B2,FIXJACK2,0.006576,2.024406,,SOPRA,mute da t_ins+t_grad+20 ms a t_rel
gr1_100k_bm1s,g1_jack,1000,3.818,10,100k,C1_ins,FIXJACK2,0.002195,1.821854,,SOPRA,"diagnostica, cond 1"
gr1_100k_bm1s,g1_jack,1000,3.818,10,100k,C1_rel,FIXJACK2,0.003876,2.308750,,SOPRA,"diagnostica, cond 1"
gr1_100k_bm1s,g1_jack,1000,3.818,10,100k,C2_ins,FIXJACK2,0.002194,1.821854,,SOPRA,"riferimento gr1_100k_bmsempre, cond 1"
gr1_100k_bm1s,g1_jack,1000,3.818,10,100k,C2_rel,FIXJACK2,0.003898,2.321302,,SOPRA,"riferimento gr1_100k_bmmai, cond 1"
gr1_100k_lz20ms,g1_jack,1000,0,10,100k,A_ins,MAINJACK,3.702e-11,1.000031,2.000,sotto,riferimento gr1_100k_lzsempre
gr1_100k_lz20ms,g1_jack,1000,0,10,100k,A_rel,MAINJACK,1.604e-11,3.032323,2.000,sotto,riferimento gr1_100k_lzmai
gr1_100k_lz20ms,g1_jack,1000,0,10,100k,B2,MAINJACK,4.611e-12,1.040000,,sotto,mute da t_ins+t_grad+20 ms a t_rel
gr1_100k_lz20ms,g1_jack,1000,0,10,100k,A_ins,FIXJACK1,1.835e-11,1.000167,2.000,sotto,riferimento gr1_100k_lzsempre
gr1_100k_lz20ms,g1_jack,1000,0,10,100k,A_rel,FIXJACK1,4.681e-12,3.852115,2.000,sotto,riferimento gr1_100k_lzmai
gr1_100k_lz20ms,g1_jack,1000,0,10,100k,B2,FIXJACK1,2.486e-12,1.040000,,sotto,mute da t_ins+t_grad+20 ms a t_rel
gr1_100k_lz20ms,g1_jack,1000,0,10,100k,A_ins,FIXJACK2,1.843e-11,1.000021,2.000,sotto,riferimento gr1_100k_lzsempre
gr1_100k_lz20ms,g1_jack,1000,0,10,100k,A_rel,FIXJACK2,4.621e-12,3.530292,2.000,sotto,riferimento gr1_100k_lzmai
gr1_100k_lz20ms,g1_jack,1000,0,10,100k,B2,FIXJACK2,2.487e-12,1.040000,,sotto,mute da t_ins+t_grad+20 ms a t_rel
gr1_100k_lz200ms,g1_jack,1000,0,10,100k,A_ins,MAINJACK,3.612e-11,1.000104,2.000,sotto,riferimento gr1_100k_lzsempre
gr1_100k_lz200ms,g1_jack,1000,0,10,100k,A_rel,MAINJACK,1.588e-11,4.524469,2.000,sotto,riferimento gr1_100k_lzmai
gr1_100k_lz200ms,g1_jack,1000,0,10,100k,B2,MAINJACK,2.441e-14,1.226594,,sotto,mute da t_ins+t_grad+20 ms a t_rel
gr1_100k_lz200ms,g1_jack,1000,0,10,100k,A_ins,FIXJACK1,1.866e-11,1.000021,2.000,sotto,riferimento gr1_100k_lzsempre
gr1_100k_lz200ms,g1_jack,1000,0,10,100k,A_rel,FIXJACK1,4.823e-12,4.270490,2.000,sotto,riferimento gr1_100k_lzmai
gr1_100k_lz200ms,g1_jack,1000,0,10,100k,B2,FIXJACK1,8.143e-15,1.223469,,sotto,mute da t_ins+t_grad+20 ms a t_rel
gr1_100k_lz200ms,g1_jack,1000,0,10,100k,A_ins,FIXJACK2,1.839e-11,1.000094,2.000,sotto,riferimento gr1_100k_lzsempre
gr1_100k_lz200ms,g1_jack,1000,0,10,100k,A_rel,FIXJACK2,4.573e-12,4.381042,2.000,sotto,riferimento gr1_100k_lzmai
gr1_100k_lz200ms,g1_jack,1000,0,10,100k,B2,FIXJACK2,7.983e-15,1.226854,,sotto,mute da t_ins+t_grad+20 ms a t_rel
gr1_100k_lz1s,g1_jack,1000,0,10,100k,A_ins,MAINJACK,3.636e-11,1.000115,2.000,sotto,riferimento gr1_100k_lzsempre
gr1_100k_lz1s,g1_jack,1000,0,10,100k,A_rel,MAINJACK,1.643e-11,5.555604,2.000,sotto,riferimento gr1_100k_lzmai
gr1_100k_lz1s,g1_jack,1000,0,10,100k,B2,MAINJACK,2.297e-14,2.599750,,sotto,mute da t_ins+t_grad+20 ms a t_rel
gr1_100k_lz1s,g1_jack,1000,0,10,100k,A_ins,FIXJACK1,1.89e-11,1.000021,2.000,sotto,riferimento gr1_100k_lzsempre
gr1_100k_lz1s,g1_jack,1000,0,10,100k,A_rel,FIXJACK1,4.701e-12,5.737792,2.000,sotto,riferimento gr1_100k_lzmai
gr1_100k_lz1s,g1_jack,1000,0,10,100k,B2,FIXJACK1,7.14e-15,3.285385,,sotto,mute da t_ins+t_grad+20 ms a t_rel
gr1_100k_lz1s,g1_jack,1000,0,10,100k,A_ins,FIXJACK2,1.885e-11,1.000021,2.000,sotto,riferimento gr1_100k_lzsempre
gr1_100k_lz1s,g1_jack,1000,0,10,100k,A_rel,FIXJACK2,5.037e-12,5.560313,2.000,sotto,riferimento gr1_100k_lzmai
gr1_100k_lz1s,g1_jack,1000,0,10,100k,B2,FIXJACK2,7.09e-15,3.997740,,sotto,mute da t_ins+t_grad+20 ms a t_rel
gr1_100k_bmmai,g1_jack,1000,3.818,10,100k,C_pav,MAINJACK,0.001214,1.160750,,SOPRA,"pavimento di C a 1.000 s, cond 1"
gr1_100k_bmmai,g1_jack,1000,3.818,10,100k,C_pav,MAINJACK,0.001234,2.191208,,SOPRA,"pavimento di C a 2.100 s, cond 1"
gr1_100k_bmmai,g1_jack,1000,3.818,10,100k,C_pav,FIXJACK1,0.0001828,1.199188,,sotto,"pavimento di C a 1.000 s, cond 1"
gr1_100k_bmmai,g1_jack,1000,3.818,10,100k,C_pav,FIXJACK1,0.0001832,2.222187,,sotto,"pavimento di C a 2.100 s, cond 1"
gr1_100k_bmmai,g1_jack,1000,3.818,10,100k,C_pav,FIXJACK2,0.0001828,1.199188,,sotto,"pavimento di C a 1.000 s, cond 1"
gr1_100k_bmmai,g1_jack,1000,3.818,10,100k,C_pav,FIXJACK2,0.0001832,2.222187,,sotto,"pavimento di C a 2.100 s, cond 1"
gr1_100k_bmsempre,g1_jack,1000,3.818,10,100k,B1,MAINJACK,0.02009,2.332885,,SOPRA,"riferimento sempre in mute, da 0,5 s"
gr1_100k_bmsempre,g1_jack,1000,3.818,10,100k,B1,FIXJACK1,0.006576,3.904406,,SOPRA,"riferimento sempre in mute, da 0,5 s"
gr1_100k_bmsempre,g1_jack,1000,3.818,10,100k,B1,FIXJACK2,0.006576,3.904406,,SOPRA,"riferimento sempre in mute, da 0,5 s"
gr1_100k_lzsempre,g1_jack,1000,0,10,100k,B1,MAINJACK,3.107e-14,6.807104,,sotto,"riferimento sempre in mute, da 0,5 s"
gr1_100k_lzsempre,g1_jack,1000,0,10,100k,B1,FIXJACK1,7.776e-15,2.221500,,sotto,"riferimento sempre in mute, da 0,5 s"
gr1_100k_lzsempre,g1_jack,1000,0,10,100k,B1,FIXJACK2,7.709e-15,5.964573,,sotto,"riferimento sempre in mute, da 0,5 s"
gr1_100k_b20,g1_jack,20,3.818,10,100k,A_ins,MAINJACK,12.79,1.000031,1.100,SOPRA,riferimento gr1_100k_b20sempre
gr1_100k_b20,g1_jack,20,3.818,10,100k,A_rel,MAINJACK,12.79,2.100031,2.000,SOPRA,riferimento gr1_100k_b20mai
gr1_100k_b20,g1_jack,20,3.818,10,100k,B2,MAINJACK,0.0005347,2.024979,,SOPRA,mute da t_ins+t_grad+20 ms a t_rel
gr1_100k_b20,g1_jack,20,3.818,10,100k,C1_ins,MAINJACK,0.1368,1.697688,,SOPRA,"diagnostica, cond 7.22"
gr1_100k_b20,g1_jack,20,3.818,10,100k,C1_rel,MAINJACK,0.08769,2.450500,,SOPRA,"diagnostica, cond 7.22"
gr1_100k_b20,g1_jack,20,3.818,10,100k,C2_ins,MAINJACK,0.1368,1.697688,,SOPRA,"riferimento gr1_100k_b20sempre, cond 7.22"
gr1_100k_b20,g1_jack,20,3.818,10,100k,C2_rel,MAINJACK,0.0878,2.450469,,SOPRA,"riferimento gr1_100k_b20mai, cond 7.22"
gr1_100k_b20,g1_jack,20,3.818,10,100k,A_ins,FIXJACK1,4.063,1.000031,1.100,SOPRA,riferimento gr1_100k_b20sempre
gr1_100k_b20,g1_jack,20,3.818,10,100k,A_rel,FIXJACK1,4.063,2.100031,2.000,SOPRA,riferimento gr1_100k_b20mai
gr1_100k_b20,g1_jack,20,3.818,10,100k,B2,FIXJACK1,0.0001697,2.024969,,SOPRA,mute da t_ins+t_grad+20 ms a t_rel
gr1_100k_b20,g1_jack,20,3.818,10,100k,C1_ins,FIXJACK1,0.04357,1.697719,,SOPRA,"diagnostica, cond 7.22"
gr1_100k_b20,g1_jack,20,3.818,10,100k,C1_rel,FIXJACK1,0.02794,2.450510,,SOPRA,"diagnostica, cond 7.22"
gr1_100k_b20,g1_jack,20,3.818,10,100k,C2_ins,FIXJACK1,0.04357,1.697719,,SOPRA,"riferimento gr1_100k_b20sempre, cond 7.22"
gr1_100k_b20,g1_jack,20,3.818,10,100k,C2_rel,FIXJACK1,0.02795,2.450500,,SOPRA,"riferimento gr1_100k_b20mai, cond 7.22"
gr1_100k_b20,g1_jack,20,3.818,10,100k,A_ins,FIXJACK2,4.063,1.000031,1.100,SOPRA,riferimento gr1_100k_b20sempre
gr1_100k_b20,g1_jack,20,3.818,10,100k,A_rel,FIXJACK2,4.063,2.100031,2.000,SOPRA,riferimento gr1_100k_b20mai
gr1_100k_b20,g1_jack,20,3.818,10,100k,B2,FIXJACK2,0.0001697,2.024969,,SOPRA,mute da t_ins+t_grad+20 ms a t_rel
gr1_100k_b20,g1_jack,20,3.818,10,100k,C1_ins,FIXJACK2,0.04357,1.697719,,SOPRA,"diagnostica, cond 7.22"
gr1_100k_b20,g1_jack,20,3.818,10,100k,C1_rel,FIXJACK2,0.02794,2.450510,,SOPRA,"diagnostica, cond 7.22"
gr1_100k_b20,g1_jack,20,3.818,10,100k,C2_ins,FIXJACK2,0.04357,1.697719,,SOPRA,"riferimento gr1_100k_b20sempre, cond 7.22"
gr1_100k_b20,g1_jack,20,3.818,10,100k,C2_rel,FIXJACK2,0.02795,2.450500,,SOPRA,"riferimento gr1_100k_b20mai, cond 7.22"
gr1_100k_b20mai,g1_jack,20,3.818,10,100k,C_pav,MAINJACK,0.0001667,1.047531,,sotto,"pavimento di C a 1.000 s, cond 7.22"
gr1_100k_b20mai,g1_jack,20,3.818,10,100k,C_pav,MAINJACK,0.0001667,2.247479,,sotto,"pavimento di C a 2.100 s, cond 7.22"
gr1_100k_b20mai,g1_jack,20,3.818,10,100k,C_pav,FIXJACK1,1.015e-05,1.197083,,sotto,"pavimento di C a 1.000 s, cond 7.22"
gr1_100k_b20mai,g1_jack,20,3.818,10,100k,C_pav,FIXJACK1,1.015e-05,2.147083,,sotto,"pavimento di C a 2.100 s, cond 7.22"
gr1_100k_b20mai,g1_jack,20,3.818,10,100k,C_pav,FIXJACK2,1.015e-05,1.197083,,sotto,"pavimento di C a 1.000 s, cond 7.22"
gr1_100k_b20mai,g1_jack,20,3.818,10,100k,C_pav,FIXJACK2,1.015e-05,2.147083,,sotto,"pavimento di C a 2.100 s, cond 7.22"
gr1_100k_b20sempre,g1_jack,20,3.818,10,100k,B1,MAINJACK,0.0005019,3.725229,,SOPRA,"riferimento sempre in mute, da 0,5 s"
gr1_100k_b20sempre,g1_jack,20,3.818,10,100k,B1,FIXJACK1,0.0001593,2.625229,,SOPRA,"riferimento sempre in mute, da 0,5 s"
gr1_100k_b20sempre,g1_jack,20,3.818,10,100k,B1,FIXJACK2,0.0001593,2.625229,,SOPRA,"riferimento sempre in mute, da 0,5 s"
gr1_100k_bm3s,g1_jack,1000,3.818,10,100k,A_ins,MAINJACK,12.69,1.000021,2.000,SOPRA,riferimento gr1_100k_bmsempre
gr1_100k_bm3s,g1_jack,1000,3.818,10,100k,A_rel,MAINJACK,12.69,4.100021,2.000,SOPRA,riferimento gr1_100k_bmmai
gr1_100k_bm3s,g1_jack,1000,3.818,10,100k,B2,MAINJACK,0.02009,4.049885,,SOPRA,mute da t_ins+t_grad+20 ms a t_rel
gr1_100k_bm3s,g1_jack,1000,3.818,10,100k,C1_ins,MAINJACK,0.3185,3.395000,,SOPRA,"diagnostica, cond 1"
gr1_100k_bm3s,g1_jack,1000,3.818,10,100k,C1_rel,MAINJACK,0.3184,4.704000,,SOPRA,"diagnostica, cond 1"
gr1_100k_bm3s,g1_jack,1000,3.818,10,100k,C2_ins,MAINJACK,0.3166,3.395000,,SOPRA,"riferimento gr1_100k_bmsempre, cond 1"
gr1_100k_bm3s,g1_jack,1000,3.818,10,100k,C2_rel,MAINJACK,0.3175,4.704000,,SOPRA,"riferimento gr1_100k_bmmai, cond 1"
gr1_100k_bm3s,g1_jack,1000,3.818,10,100k,A_ins,FIXJACK1,4.028,1.000021,2.000,SOPRA,riferimento gr1_100k_bmsempre
gr1_100k_bm3s,g1_jack,1000,3.818,10,100k,A_rel,FIXJACK1,4.028,4.100021,2.000,SOPRA,riferimento gr1_100k_bmmai
gr1_100k_bm3s,g1_jack,1000,3.818,10,100k,B2,FIXJACK1,0.006576,4.022406,,SOPRA,mute da t_ins+t_grad+20 ms a t_rel
gr1_100k_bm3s,g1_jack,1000,3.818,10,100k,C1_ins,FIXJACK1,0.0007785,3.371250,,sotto,"diagnostica, cond 1"
gr1_100k_bm3s,g1_jack,1000,3.818,10,100k,C1_rel,FIXJACK1,0.001092,4.747760,,SOPRA,"diagnostica, cond 1"
gr1_100k_bm3s,g1_jack,1000,3.818,10,100k,C2_ins,FIXJACK1,0.0007777,3.371250,,sotto,"riferimento gr1_100k_bmsempre, cond 1"
gr1_100k_bm3s,g1_jack,1000,3.818,10,100k,C2_rel,FIXJACK1,0.001131,4.733771,,SOPRA,"riferimento gr1_100k_bmmai, cond 1"
gr1_100k_bm3s,g1_jack,1000,3.818,10,100k,A_ins,FIXJACK2,4.028,1.000021,2.000,SOPRA,riferimento gr1_100k_bmsempre
gr1_100k_bm3s,g1_jack,1000,3.818,10,100k,A_rel,FIXJACK2,4.028,4.100021,2.000,SOPRA,riferimento gr1_100k_bmmai
gr1_100k_bm3s,g1_jack,1000,3.818,10,100k,B2,FIXJACK2,0.006576,4.022406,,SOPRA,mute da t_ins+t_grad+20 ms a t_rel
gr1_100k_bm3s,g1_jack,1000,3.818,10,100k,C1_ins,FIXJACK2,0.0007785,3.371250,,sotto,"diagnostica, cond 1"
gr1_100k_bm3s,g1_jack,1000,3.818,10,100k,C1_rel,FIXJACK2,0.001092,4.747760,,SOPRA,"diagnostica, cond 1"
gr1_100k_bm3s,g1_jack,1000,3.818,10,100k,C2_ins,FIXJACK2,0.0007777,3.371250,,sotto,"riferimento gr1_100k_bmsempre, cond 1"
gr1_100k_bm3s,g1_jack,1000,3.818,10,100k,C2_rel,FIXJACK2,0.001131,4.733771,,SOPRA,"riferimento gr1_100k_bmmai, cond 1"
gr1_100k_lz3s,g1_jack,1000,0,10,100k,A_ins,MAINJACK,3.429e-11,1.000354,2.000,sotto,riferimento gr1_100k_lzsempre
gr1_100k_lz3s,g1_jack,1000,0,10,100k,A_rel,MAINJACK,1.536e-11,7.476458,2.000,sotto,riferimento gr1_100k_lzmai
gr1_100k_lz3s,g1_jack,1000,0,10,100k,B2,MAINJACK,2.397e-14,4.967833,,sotto,mute da t_ins+t_grad+20 ms a t_rel
gr1_100k_lz3s,g1_jack,1000,0,10,100k,A_ins,FIXJACK1,1.978e-11,1.000031,2.000,sotto,riferimento gr1_100k_lzsempre
gr1_100k_lz3s,g1_jack,1000,0,10,100k,A_rel,FIXJACK1,4.899e-12,7.519208,2.000,sotto,riferimento gr1_100k_lzmai
gr1_100k_lz3s,g1_jack,1000,0,10,100k,B2,FIXJACK1,6.6e-15,5.241896,,sotto,mute da t_ins+t_grad+20 ms a t_rel
gr1_100k_lz3s,g1_jack,1000,0,10,100k,A_ins,FIXJACK2,1.915e-11,1.000031,2.000,sotto,riferimento gr1_100k_lzsempre
gr1_100k_lz3s,g1_jack,1000,0,10,100k,A_rel,FIXJACK2,4.713e-12,7.100833,2.000,sotto,riferimento gr1_100k_lzmai
gr1_100k_lz3s,g1_jack,1000,0,10,100k,B2,FIXJACK2,8.847e-15,4.664615,,sotto,mute da t_ins+t_grad+20 ms a t_rel
gr1_10k_bm20ms,g1_jack,1000,3.818,10,10k,A_ins,MAINJACK,12.64,1.000021,0.120,SOPRA,riferimento gr1_10k_bmsempre
gr1_10k_bm20ms,g1_jack,1000,3.818,10,10k,A_rel,MAINJACK,12.64,1.120021,2.000,SOPRA,riferimento gr1_10k_bmmai
gr1_10k_bm20ms,g1_jack,1000,3.818,10,10k,B2,MAINJACK,0.02009,1.076885,,SOPRA,mute da t_ins+t_grad+20 ms a t_rel
gr1_10k_bm20ms,g1_jack,1000,3.818,10,10k,C1_ins,MAINJACK,3.323,1.123010,,SOPRA,"diagnostica, cond 1"
gr1_10k_bm20ms,g1_jack,1000,3.818,10,10k,C1_rel,MAINJACK,3.323,1.123010,,SOPRA,"diagnostica, cond 1"
gr1_10k_bm20ms,g1_jack,1000,3.818,10,10k,C2_ins,MAINJACK,3.322,1.123010,,SOPRA,"riferimento gr1_10k_bmsempre, cond 1"
gr1_10k_bm20ms,g1_jack,1000,3.818,10,10k,C2_rel,MAINJACK,3.322,1.123010,,SOPRA,"riferimento gr1_10k_bmmai, cond 1"
gr1_10k_bm20ms,g1_jack,1000,3.818,10,10k,A_ins,FIXJACK1,4.01,1.000021,0.120,SOPRA,riferimento gr1_10k_bmsempre
gr1_10k_bm20ms,g1_jack,1000,3.818,10,10k,A_rel,FIXJACK1,4.01,1.120021,2.000,SOPRA,riferimento gr1_10k_bmmai
gr1_10k_bm20ms,g1_jack,1000,3.818,10,10k,B2,FIXJACK1,0.006581,1.042406,,SOPRA,mute da t_ins+t_grad+20 ms a t_rel
gr1_10k_bm20ms,g1_jack,1000,3.818,10,10k,C1_ins,FIXJACK1,1.042,1.126000,,SOPRA,"diagnostica, cond 1"
gr1_10k_bm20ms,g1_jack,1000,3.818,10,10k,C1_rel,FIXJACK1,1.042,1.126000,,SOPRA,"diagnostica, cond 1"
gr1_10k_bm20ms,g1_jack,1000,3.818,10,10k,C2_ins,FIXJACK1,1.042,1.126000,,SOPRA,"riferimento gr1_10k_bmsempre, cond 1"
gr1_10k_bm20ms,g1_jack,1000,3.818,10,10k,C2_rel,FIXJACK1,1.042,1.126000,,SOPRA,"riferimento gr1_10k_bmmai, cond 1"
gr1_10k_bm20ms,g1_jack,1000,3.818,10,10k,A_ins,FIXJACK2,4.01,1.000021,0.120,SOPRA,riferimento gr1_10k_bmsempre
gr1_10k_bm20ms,g1_jack,1000,3.818,10,10k,A_rel,FIXJACK2,4.01,1.120021,2.000,SOPRA,riferimento gr1_10k_bmmai
gr1_10k_bm20ms,g1_jack,1000,3.818,10,10k,B2,FIXJACK2,0.006581,1.042406,,SOPRA,mute da t_ins+t_grad+20 ms a t_rel
gr1_10k_bm20ms,g1_jack,1000,3.818,10,10k,C1_ins,FIXJACK2,1.042,1.126000,,SOPRA,"diagnostica, cond 1"
gr1_10k_bm20ms,g1_jack,1000,3.818,10,10k,C1_rel,FIXJACK2,1.042,1.126000,,SOPRA,"diagnostica, cond 1"
gr1_10k_bm20ms,g1_jack,1000,3.818,10,10k,C2_ins,FIXJACK2,1.042,1.126000,,SOPRA,"riferimento gr1_10k_bmsempre, cond 1"
gr1_10k_bm20ms,g1_jack,1000,3.818,10,10k,C2_rel,FIXJACK2,1.042,1.126000,,SOPRA,"riferimento gr1_10k_bmmai, cond 1"
gr1_10k_bm200ms,g1_jack,1000,3.818,10,10k,A_ins,MAINJACK,12.64,1.000021,0.300,SOPRA,riferimento gr1_10k_bmsempre
gr1_10k_bm200ms,g1_jack,1000,3.818,10,10k,A_rel,MAINJACK,12.64,1.300021,2.000,SOPRA,riferimento gr1_10k_bmmai
gr1_10k_bm200ms,g1_jack,1000,3.818,10,10k,B2,MAINJACK,0.02009,1.221885,,SOPRA,mute da t_ins+t_grad+20 ms a t_rel
gr1_10k_bm200ms,g1_jack,1000,3.818,10,10k,C1_ins,MAINJACK,0.4196,1.338000,,SOPRA,"diagnostica, cond 1"
gr1_10k_bm200ms,g1_jack,1000,3.818,10,10k,C1_rel,MAINJACK,0.4196,1.338000,,SOPRA,"diagnostica, cond 1"
gr1_10k_bm200ms,g1_jack,1000,3.818,10,10k,C2_ins,MAINJACK,0.4177,1.338000,,SOPRA,"riferimento gr1_10k_bmsempre, cond 1"
gr1_10k_bm200ms,g1_jack,1000,3.818,10,10k,C2_rel,MAINJACK,0.4187,1.338000,,SOPRA,"riferimento gr1_10k_bmmai, cond 1"
gr1_10k_bm200ms,g1_jack,1000,3.818,10,10k,A_ins,FIXJACK1,4.01,1.000021,0.300,SOPRA,riferimento gr1_10k_bmsempre
gr1_10k_bm200ms,g1_jack,1000,3.818,10,10k,A_rel,FIXJACK1,4.01,1.300021,2.000,SOPRA,riferimento gr1_10k_bmmai
gr1_10k_bm200ms,g1_jack,1000,3.818,10,10k,B2,FIXJACK1,0.006576,1.228406,,SOPRA,mute da t_ins+t_grad+20 ms a t_rel
gr1_10k_bm200ms,g1_jack,1000,3.818,10,10k,C1_ins,FIXJACK1,0.04694,1.348437,,SOPRA,"diagnostica, cond 1"
gr1_10k_bm200ms,g1_jack,1000,3.818,10,10k,C1_rel,FIXJACK1,0.04694,1.348437,,SOPRA,"diagnostica, cond 1"
gr1_10k_bm200ms,g1_jack,1000,3.818,10,10k,C2_ins,FIXJACK1,0.04694,1.348437,,SOPRA,"riferimento gr1_10k_bmsempre, cond 1"
gr1_10k_bm200ms,g1_jack,1000,3.818,10,10k,C2_rel,FIXJACK1,0.04691,1.348437,,SOPRA,"riferimento gr1_10k_bmmai, cond 1"
gr1_10k_bm200ms,g1_jack,1000,3.818,10,10k,A_ins,FIXJACK2,4.01,1.000021,0.300,SOPRA,riferimento gr1_10k_bmsempre
gr1_10k_bm200ms,g1_jack,1000,3.818,10,10k,A_rel,FIXJACK2,4.01,1.300021,2.000,SOPRA,riferimento gr1_10k_bmmai
gr1_10k_bm200ms,g1_jack,1000,3.818,10,10k,B2,FIXJACK2,0.006576,1.228406,,SOPRA,mute da t_ins+t_grad+20 ms a t_rel
gr1_10k_bm200ms,g1_jack,1000,3.818,10,10k,C1_ins,FIXJACK2,0.04694,1.348437,,SOPRA,"diagnostica, cond 1"
gr1_10k_bm200ms,g1_jack,1000,3.818,10,10k,C1_rel,FIXJACK2,0.04694,1.348437,,SOPRA,"diagnostica, cond 1"
gr1_10k_bm200ms,g1_jack,1000,3.818,10,10k,C2_ins,FIXJACK2,0.04694,1.348437,,SOPRA,"riferimento gr1_10k_bmsempre, cond 1"
gr1_10k_bm200ms,g1_jack,1000,3.818,10,10k,C2_rel,FIXJACK2,0.04691,1.348437,,SOPRA,"riferimento gr1_10k_bmmai, cond 1"
gr1_10k_bm1s,g1_jack,1000,3.818,10,10k,A_ins,MAINJACK,12.64,1.000021,1.100,SOPRA,riferimento gr1_10k_bmsempre
gr1_10k_bm1s,g1_jack,1000,3.818,10,10k,A_rel,MAINJACK,12.64,2.100021,2.000,SOPRA,riferimento gr1_10k_bmmai
gr1_10k_bm1s,g1_jack,1000,3.818,10,10k,B2,MAINJACK,0.02009,2.043885,,SOPRA,mute da t_ins+t_grad+20 ms a t_rel
gr1_10k_bm1s,g1_jack,1000,3.818,10,10k,C1_ins,MAINJACK,0.3213,1.799000,,SOPRA,"diagnostica, cond 1"
gr1_10k_bm1s,g1_jack,1000,3.818,10,10k,C1_rel,MAINJACK,0.3214,2.301000,,SOPRA,"diagnostica, cond 1"
gr1_10k_bm1s,g1_jack,1000,3.818,10,10k,C2_ins,MAINJACK,0.3194,1.799000,,SOPRA,"riferimento gr1_10k_bmsempre, cond 1"
gr1_10k_bm1s,g1_jack,1000,3.818,10,10k,C2_rel,MAINJACK,0.3204,2.301000,,SOPRA,"riferimento gr1_10k_bmmai, cond 1"
gr1_10k_bm1s,g1_jack,1000,3.818,10,10k,A_ins,FIXJACK1,4.01,1.000021,1.100,SOPRA,riferimento gr1_10k_bmsempre
gr1_10k_bm1s,g1_jack,1000,3.818,10,10k,A_rel,FIXJACK1,4.01,2.100021,2.000,SOPRA,riferimento gr1_10k_bmmai
gr1_10k_bm1s,g1_jack,1000,3.818,10,10k,B2,FIXJACK1,0.006576,2.025406,,SOPRA,mute da t_ins+t_grad+20 ms a t_rel
gr1_10k_bm1s,g1_jack,1000,3.818,10,10k,C1_ins,FIXJACK1,0.002185,1.822854,,SOPRA,"diagnostica, cond 1"
gr1_10k_bm1s,g1_jack,1000,3.818,10,10k,C1_rel,FIXJACK1,0.003847,2.312771,,SOPRA,"diagnostica, cond 1"
gr1_10k_bm1s,g1_jack,1000,3.818,10,10k,C2_ins,FIXJACK1,0.002185,1.822854,,SOPRA,"riferimento gr1_10k_bmsempre, cond 1"
gr1_10k_bm1s,g1_jack,1000,3.818,10,10k,C2_rel,FIXJACK1,0.003871,2.320302,,SOPRA,"riferimento gr1_10k_bmmai, cond 1"
gr1_10k_bm1s,g1_jack,1000,3.818,10,10k,A_ins,FIXJACK2,4.01,1.000021,1.100,SOPRA,riferimento gr1_10k_bmsempre
gr1_10k_bm1s,g1_jack,1000,3.818,10,10k,A_rel,FIXJACK2,4.01,2.100021,2.000,SOPRA,riferimento gr1_10k_bmmai
gr1_10k_bm1s,g1_jack,1000,3.818,10,10k,B2,FIXJACK2,0.006576,2.025406,,SOPRA,mute da t_ins+t_grad+20 ms a t_rel
gr1_10k_bm1s,g1_jack,1000,3.818,10,10k,C1_ins,FIXJACK2,0.002185,1.822854,,SOPRA,"diagnostica, cond 1"
gr1_10k_bm1s,g1_jack,1000,3.818,10,10k,C1_rel,FIXJACK2,0.003847,2.312771,,SOPRA,"diagnostica, cond 1"
gr1_10k_bm1s,g1_jack,1000,3.818,10,10k,C2_ins,FIXJACK2,0.002185,1.822854,,SOPRA,"riferimento gr1_10k_bmsempre, cond 1"
gr1_10k_bm1s,g1_jack,1000,3.818,10,10k,C2_rel,FIXJACK2,0.003871,2.320302,,SOPRA,"riferimento gr1_10k_bmmai, cond 1"
gr1_10k_lz20ms,g1_jack,1000,0,10,10k,A_ins,MAINJACK,8.401e-12,1.010240,2.000,sotto,riferimento gr1_10k_lzsempre
gr1_10k_lz20ms,g1_jack,1000,0,10,10k,A_rel,MAINJACK,1.536e-11,3.781500,2.000,sotto,riferimento gr1_10k_lzmai
gr1_10k_lz20ms,g1_jack,1000,0,10,10k,B2,MAINJACK,5.606e-14,1.040948,,sotto,mute da t_ins+t_grad+20 ms a t_rel
gr1_10k_lz20ms,g1_jack,1000,0,10,10k,A_ins,FIXJACK1,2.362e-12,1.004573,2.000,sotto,riferimento gr1_10k_lzsempre
gr1_10k_lz20ms,g1_jack,1000,0,10,10k,A_rel,FIXJACK1,4.369e-12,4.883542,2.000,sotto,riferimento gr1_10k_lzmai
gr1_10k_lz20ms,g1_jack,1000,0,10,10k,B2,FIXJACK1,8.399e-15,1.047313,,sotto,mute da t_ins+t_grad+20 ms a t_rel
gr1_10k_lz20ms,g1_jack,1000,0,10,10k,A_ins,FIXJACK2,2.833e-12,1.010240,2.000,sotto,riferimento gr1_10k_lzsempre
gr1_10k_lz20ms,g1_jack,1000,0,10,10k,A_rel,FIXJACK2,4.894e-12,4.724260,2.000,sotto,riferimento gr1_10k_lzmai
gr1_10k_lz20ms,g1_jack,1000,0,10,10k,B2,FIXJACK2,1.021e-14,1.040938,,sotto,mute da t_ins+t_grad+20 ms a t_rel
gr1_10k_lz200ms,g1_jack,1000,0,10,10k,A_ins,MAINJACK,9.513e-12,1.134333,2.000,sotto,riferimento gr1_10k_lzsempre
gr1_10k_lz200ms,g1_jack,1000,0,10,10k,A_rel,MAINJACK,1.494e-11,3.375792,2.000,sotto,riferimento gr1_10k_lzmai
gr1_10k_lz200ms,g1_jack,1000,0,10,10k,B2,MAINJACK,2.574e-14,1.773771,,sotto,mute da t_ins+t_grad+20 ms a t_rel
gr1_10k_lz200ms,g1_jack,1000,0,10,10k,A_ins,FIXJACK1,3.253e-12,1.134333,2.000,sotto,riferimento gr1_10k_lzsempre
gr1_10k_lz200ms,g1_jack,1000,0,10,10k,A_rel,FIXJACK1,4.646e-12,5.104125,2.000,sotto,riferimento gr1_10k_lzmai
gr1_10k_lz200ms,g1_jack,1000,0,10,10k,B2,FIXJACK1,6.478e-15,1.782656,,sotto,mute da t_ins+t_grad+20 ms a t_rel
gr1_10k_lz200ms,g1_jack,1000,0,10,10k,A_ins,FIXJACK2,2.799e-12,1.069240,2.000,sotto,riferimento gr1_10k_lzsempre
gr1_10k_lz200ms,g1_jack,1000,0,10,10k,A_rel,FIXJACK2,5.06e-12,5.046344,2.000,sotto,riferimento gr1_10k_lzmai
gr1_10k_lz200ms,g1_jack,1000,0,10,10k,B2,FIXJACK2,7.418e-15,1.228406,,sotto,mute da t_ins+t_grad+20 ms a t_rel
gr1_10k_lz1s,g1_jack,1000,0,10,10k,A_ins,MAINJACK,1.133e-11,1.062323,2.000,sotto,riferimento gr1_10k_lzsempre
gr1_10k_lz1s,g1_jack,1000,0,10,10k,A_rel,MAINJACK,1.554e-11,4.967333,2.000,sotto,riferimento gr1_10k_lzmai
gr1_10k_lz1s,g1_jack,1000,0,10,10k,B2,MAINJACK,2.283e-14,2.421990,,sotto,mute da t_ins+t_grad+20 ms a t_rel
gr1_10k_lz1s,g1_jack,1000,0,10,10k,A_ins,FIXJACK1,3.74e-12,1.644010,2.000,sotto,riferimento gr1_10k_lzsempre
gr1_10k_lz1s,g1_jack,1000,0,10,10k,A_rel,FIXJACK1,4.952e-12,5.040729,2.000,sotto,riferimento gr1_10k_lzmai
gr1_10k_lz1s,g1_jack,1000,0,10,10k,B2,FIXJACK1,7.291e-15,2.139438,,sotto,mute da t_ins+t_grad+20 ms a t_rel
gr1_10k_lz1s,g1_jack,1000,0,10,10k,A_ins,FIXJACK2,3.42e-12,1.379115,2.000,sotto,riferimento gr1_10k_lzsempre
gr1_10k_lz1s,g1_jack,1000,0,10,10k,A_rel,FIXJACK2,5.011e-12,5.669177,2.000,sotto,riferimento gr1_10k_lzmai
gr1_10k_lz1s,g1_jack,1000,0,10,10k,B2,FIXJACK2,6.808e-15,2.351010,,sotto,mute da t_ins+t_grad+20 ms a t_rel
gr1_10k_bmmai,g1_jack,1000,3.818,10,10k,C_pav,MAINJACK,0.00104,1.001698,,SOPRA,"pavimento di C a 1.000 s, cond 1"
gr1_10k_bmmai,g1_jack,1000,3.818,10,10k,C_pav,MAINJACK,0.001027,2.097698,,SOPRA,"pavimento di C a 2.100 s, cond 1"
gr1_10k_bmmai,g1_jack,1000,3.818,10,10k,C_pav,FIXJACK1,0.0001543,1.001688,,sotto,"pavimento di C a 1.000 s, cond 1"
gr1_10k_bmmai,g1_jack,1000,3.818,10,10k,C_pav,FIXJACK1,0.0001504,2.097688,,sotto,"pavimento di C a 2.100 s, cond 1"
gr1_10k_bmmai,g1_jack,1000,3.818,10,10k,C_pav,FIXJACK2,0.0001543,1.001688,,sotto,"pavimento di C a 1.000 s, cond 1"
gr1_10k_bmmai,g1_jack,1000,3.818,10,10k,C_pav,FIXJACK2,0.0001504,2.097688,,sotto,"pavimento di C a 2.100 s, cond 1"
gr1_10k_bmsempre,g1_jack,1000,3.818,10,10k,B1,MAINJACK,0.02009,5.295885,,SOPRA,"riferimento sempre in mute, da 0,5 s"
gr1_10k_bmsempre,g1_jack,1000,3.818,10,10k,B1,FIXJACK1,0.006576,4.447406,,SOPRA,"riferimento sempre in mute, da 0,5 s"
gr1_10k_bmsempre,g1_jack,1000,3.818,10,10k,B1,FIXJACK2,0.006576,4.447406,,SOPRA,"riferimento sempre in mute, da 0,5 s"
gr1_10k_lzsempre,g1_jack,1000,0,10,10k,B1,MAINJACK,2.425e-14,6.805052,,sotto,"riferimento sempre in mute, da 0,5 s"
gr1_10k_lzsempre,g1_jack,1000,0,10,10k,B1,FIXJACK1,7.656e-15,3.722365,,sotto,"riferimento sempre in mute, da 0,5 s"
gr1_10k_lzsempre,g1_jack,1000,0,10,10k,B1,FIXJACK2,7.61e-15,8.945250,,sotto,"riferimento sempre in mute, da 0,5 s"
gr1_10k_bm3s,g1_jack,1000,3.818,10,10k,A_ins,MAINJACK,12.64,1.000021,2.000,SOPRA,riferimento gr1_10k_bmsempre
gr1_10k_bm3s,g1_jack,1000,3.818,10,10k,A_rel,MAINJACK,12.64,4.100021,2.000,SOPRA,riferimento gr1_10k_bmmai
gr1_10k_bm3s,g1_jack,1000,3.818,10,10k,B2,MAINJACK,0.02009,4.064885,,SOPRA,mute da t_ins+t_grad+20 ms a t_rel
gr1_10k_bm3s,g1_jack,1000,3.818,10,10k,C1_ins,MAINJACK,0.3185,3.395000,,SOPRA,"diagnostica, cond 1"
gr1_10k_bm3s,g1_jack,1000,3.818,10,10k,C1_rel,MAINJACK,0.3184,4.705000,,SOPRA,"diagnostica, cond 1"
gr1_10k_bm3s,g1_jack,1000,3.818,10,10k,C2_ins,MAINJACK,0.3166,3.395000,,SOPRA,"riferimento gr1_10k_bmsempre, cond 1"
gr1_10k_bm3s,g1_jack,1000,3.818,10,10k,C2_rel,MAINJACK,0.3175,4.704000,,SOPRA,"riferimento gr1_10k_bmmai, cond 1"
gr1_10k_bm3s,g1_jack,1000,3.818,10,10k,A_ins,FIXJACK1,4.01,1.000021,2.000,SOPRA,riferimento gr1_10k_bmsempre
gr1_10k_bm3s,g1_jack,1000,3.818,10,10k,A_rel,FIXJACK1,4.01,4.100021,2.000,SOPRA,riferimento gr1_10k_bmmai
gr1_10k_bm3s,g1_jack,1000,3.818,10,10k,B2,FIXJACK1,0.006576,4.030406,,SOPRA,mute da t_ins+t_grad+20 ms a t_rel
gr1_10k_bm3s,g1_jack,1000,3.818,10,10k,C1_ins,FIXJACK1,0.0007646,3.345260,,sotto,"diagnostica, cond 1"
gr1_10k_bm3s,g1_jack,1000,3.818,10,10k,C1_rel,FIXJACK1,0.001088,4.725750,,SOPRA,"diagnostica, cond 1"
gr1_10k_bm3s,g1_jack,1000,3.818,10,10k,C2_ins,FIXJACK1,0.0007637,3.345260,,sotto,"riferimento gr1_10k_bmsempre, cond 1"
gr1_10k_bm3s,g1_jack,1000,3.818,10,10k,C2_rel,FIXJACK1,0.001087,4.746302,,SOPRA,"riferimento gr1_10k_bmmai, cond 1"
gr1_10k_bm3s,g1_jack,1000,3.818,10,10k,A_ins,FIXJACK2,4.01,1.000021,2.000,SOPRA,riferimento gr1_10k_bmsempre
gr1_10k_bm3s,g1_jack,1000,3.818,10,10k,A_rel,FIXJACK2,4.01,4.100021,2.000,SOPRA,riferimento gr1_10k_bmmai
gr1_10k_bm3s,g1_jack,1000,3.818,10,10k,B2,FIXJACK2,0.006576,4.030406,,SOPRA,mute da t_ins+t_grad+20 ms a t_rel
gr1_10k_bm3s,g1_jack,1000,3.818,10,10k,C1_ins,FIXJACK2,0.0007646,3.345260,,sotto,"diagnostica, cond 1"
gr1_10k_bm3s,g1_jack,1000,3.818,10,10k,C1_rel,FIXJACK2,0.001088,4.725750,,SOPRA,"diagnostica, cond 1"
gr1_10k_bm3s,g1_jack,1000,3.818,10,10k,C2_ins,FIXJACK2,0.0007637,3.345260,,sotto,"riferimento gr1_10k_bmsempre, cond 1"
gr1_10k_bm3s,g1_jack,1000,3.818,10,10k,C2_rel,FIXJACK2,0.001087,4.746302,,SOPRA,"riferimento gr1_10k_bmmai, cond 1"
gr1_10k_lz3s,g1_jack,1000,0,10,10k,A_ins,MAINJACK,1.077e-11,1.790354,2.000,sotto,riferimento gr1_10k_lzsempre
gr1_10k_lz3s,g1_jack,1000,0,10,10k,A_rel,MAINJACK,1.453e-11,7.682281,2.000,sotto,riferimento gr1_10k_lzmai
gr1_10k_lz3s,g1_jack,1000,0,10,10k,B2,MAINJACK,2.269e-14,5.238083,,sotto,mute da t_ins+t_grad+20 ms a t_rel
gr1_10k_lz3s,g1_jack,1000,0,10,10k,A_ins,FIXJACK1,3.653e-12,2.418344,2.000,sotto,riferimento gr1_10k_lzsempre
gr1_10k_lz3s,g1_jack,1000,0,10,10k,A_rel,FIXJACK1,4.825e-12,7.113490,2.000,sotto,riferimento gr1_10k_lzmai
gr1_10k_lz3s,g1_jack,1000,0,10,10k,B2,FIXJACK1,7.111e-15,5.044760,,sotto,mute da t_ins+t_grad+20 ms a t_rel
gr1_10k_lz3s,g1_jack,1000,0,10,10k,A_ins,FIXJACK2,3.394e-12,1.631990,2.000,sotto,riferimento gr1_10k_lzsempre
gr1_10k_lz3s,g1_jack,1000,0,10,10k,A_rel,FIXJACK2,4.58e-12,7.214625,2.000,sotto,riferimento gr1_10k_lzmai
gr1_10k_lz3s,g1_jack,1000,0,10,10k,B2,FIXJACK2,7.226e-15,4.482719,,sotto,mute da t_ins+t_grad+20 ms a t_rel
gr2_100k_bm20ms,g2_prima,1000,3.818,10,100k,A_ins,MAINJACK,12.69,1.000021,0.120,SOPRA,riferimento gr2_100k_bmsempre
gr2_100k_bm20ms,g2_prima,1000,3.818,10,100k,A_rel,MAINJACK,12.61,1.120021,2.000,SOPRA,riferimento gr2_100k_bmmai
gr2_100k_bm20ms,g2_prima,1000,3.818,10,100k,B2,MAINJACK,0.03658,1.040417,,SOPRA,mute da t_ins+t_grad+20 ms a t_rel
gr2_100k_bm20ms,g2_prima,1000,3.818,10,100k,C1_ins,MAINJACK,3.336,1.017500,,SOPRA,"diagnostica, cond 1"
gr2_100k_bm20ms,g2_prima,1000,3.818,10,100k,C1_rel,MAINJACK,3.235,1.122510,,SOPRA,"diagnostica, cond 1"
gr2_100k_bm20ms,g2_prima,1000,3.818,10,100k,C2_ins,MAINJACK,3.334,1.017500,,SOPRA,"riferimento gr2_100k_bmsempre, cond 1"
gr2_100k_bm20ms,g2_prima,1000,3.818,10,100k,C2_rel,MAINJACK,3.235,1.122510,,SOPRA,"riferimento gr2_100k_bmmai, cond 1"
gr2_100k_bm20ms,g2_prima,1000,3.818,10,100k,A_ins,FIXJACK1,4.025,1.000021,0.120,SOPRA,riferimento gr2_100k_bmsempre
gr2_100k_bm20ms,g2_prima,1000,3.818,10,100k,A_rel,FIXJACK1,3.998,1.120021,2.000,SOPRA,riferimento gr2_100k_bmmai
gr2_100k_bm20ms,g2_prima,1000,3.818,10,100k,B2,FIXJACK1,0.01335,1.040500,,SOPRA,mute da t_ins+t_grad+20 ms a t_rel
gr2_100k_bm20ms,g2_prima,1000,3.818,10,100k,C1_ins,FIXJACK1,1.007,1.017500,,SOPRA,"diagnostica, cond 1"
gr2_100k_bm20ms,g2_prima,1000,3.818,10,100k,C1_rel,FIXJACK1,0.9769,1.125510,,SOPRA,"diagnostica, cond 1"
gr2_100k_bm20ms,g2_prima,1000,3.818,10,100k,C2_ins,FIXJACK1,1.007,1.017500,,SOPRA,"riferimento gr2_100k_bmsempre, cond 1"
gr2_100k_bm20ms,g2_prima,1000,3.818,10,100k,C2_rel,FIXJACK1,0.9769,1.125510,,SOPRA,"riferimento gr2_100k_bmmai, cond 1"
gr2_100k_bm20ms,g2_prima,1000,3.818,10,100k,A_ins,FIXJACK2,4.025,1.000021,0.120,SOPRA,riferimento gr2_100k_bmsempre
gr2_100k_bm20ms,g2_prima,1000,3.818,10,100k,A_rel,FIXJACK2,3.998,1.120021,2.000,SOPRA,riferimento gr2_100k_bmmai
gr2_100k_bm20ms,g2_prima,1000,3.818,10,100k,B2,FIXJACK2,0.01335,1.040500,,SOPRA,mute da t_ins+t_grad+20 ms a t_rel
gr2_100k_bm20ms,g2_prima,1000,3.818,10,100k,C1_ins,FIXJACK2,1.007,1.017500,,SOPRA,"diagnostica, cond 1"
gr2_100k_bm20ms,g2_prima,1000,3.818,10,100k,C1_rel,FIXJACK2,0.9769,1.125510,,SOPRA,"diagnostica, cond 1"
gr2_100k_bm20ms,g2_prima,1000,3.818,10,100k,C2_ins,FIXJACK2,1.007,1.017500,,SOPRA,"riferimento gr2_100k_bmsempre, cond 1"
gr2_100k_bm20ms,g2_prima,1000,3.818,10,100k,C2_rel,FIXJACK2,0.9769,1.125510,,SOPRA,"riferimento gr2_100k_bmmai, cond 1"
gr2_100k_bm200ms,g2_prima,1000,3.818,10,100k,A_ins,MAINJACK,12.69,1.000021,0.300,SOPRA,riferimento gr2_100k_bmsempre
gr2_100k_bm200ms,g2_prima,1000,3.818,10,100k,A_rel,MAINJACK,12.61,1.300021,2.000,SOPRA,riferimento gr2_100k_bmmai
gr2_100k_bm200ms,g2_prima,1000,3.818,10,100k,B2,MAINJACK,0.02007,1.225906,,SOPRA,mute da t_ins+t_grad+20 ms a t_rel
gr2_100k_bm200ms,g2_prima,1000,3.818,10,100k,C1_ins,MAINJACK,0.4565,1.338010,,SOPRA,"diagnostica, cond 1"
gr2_100k_bm200ms,g2_prima,1000,3.818,10,100k,C1_rel,MAINJACK,0.4565,1.338010,,SOPRA,"diagnostica, cond 1"
gr2_100k_bm200ms,g2_prima,1000,3.818,10,100k,C2_ins,MAINJACK,0.4537,1.338010,,SOPRA,"riferimento gr2_100k_bmsempre, cond 1"
gr2_100k_bm200ms,g2_prima,1000,3.818,10,100k,C2_rel,MAINJACK,0.4556,1.338010,,SOPRA,"riferimento gr2_100k_bmmai, cond 1"
gr2_100k_bm200ms,g2_prima,1000,3.818,10,100k,A_ins,FIXJACK1,4.025,1.000021,0.300,SOPRA,riferimento gr2_100k_bmsempre
gr2_100k_bm200ms,g2_prima,1000,3.818,10,100k,A_rel,FIXJACK1,4.001,1.300021,2.000,SOPRA,riferimento gr2_100k_bmmai
gr2_100k_bm200ms,g2_prima,1000,3.818,10,100k,B2,FIXJACK1,0.008193,1.224010,,SOPRA,mute da t_ins+t_grad+20 ms a t_rel
gr2_100k_bm200ms,g2_prima,1000,3.818,10,100k,C1_ins,FIXJACK1,0.03642,1.349469,,SOPRA,"diagnostica, cond 1"
gr2_100k_bm200ms,g2_prima,1000,3.818,10,100k,C1_rel,FIXJACK1,0.03642,1.349469,,SOPRA,"diagnostica, cond 1"
gr2_100k_bm200ms,g2_prima,1000,3.818,10,100k,C2_ins,FIXJACK1,0.03642,1.349469,,SOPRA,"riferimento gr2_100k_bmsempre, cond 1"
gr2_100k_bm200ms,g2_prima,1000,3.818,10,100k,C2_rel,FIXJACK1,0.03636,1.349469,,SOPRA,"riferimento gr2_100k_bmmai, cond 1"
gr2_100k_bm200ms,g2_prima,1000,3.818,10,100k,A_ins,FIXJACK2,4.025,1.000021,0.300,SOPRA,riferimento gr2_100k_bmsempre
gr2_100k_bm200ms,g2_prima,1000,3.818,10,100k,A_rel,FIXJACK2,4.001,1.300021,2.000,SOPRA,riferimento gr2_100k_bmmai
gr2_100k_bm200ms,g2_prima,1000,3.818,10,100k,B2,FIXJACK2,0.008193,1.224010,,SOPRA,mute da t_ins+t_grad+20 ms a t_rel
gr2_100k_bm200ms,g2_prima,1000,3.818,10,100k,C1_ins,FIXJACK2,0.03642,1.349469,,SOPRA,"diagnostica, cond 1"
gr2_100k_bm200ms,g2_prima,1000,3.818,10,100k,C1_rel,FIXJACK2,0.03642,1.349469,,SOPRA,"diagnostica, cond 1"
gr2_100k_bm200ms,g2_prima,1000,3.818,10,100k,C2_ins,FIXJACK2,0.03642,1.349469,,SOPRA,"riferimento gr2_100k_bmsempre, cond 1"
gr2_100k_bm200ms,g2_prima,1000,3.818,10,100k,C2_rel,FIXJACK2,0.03636,1.349469,,SOPRA,"riferimento gr2_100k_bmmai, cond 1"
gr2_100k_bm1s,g2_prima,1000,3.818,10,100k,A_ins,MAINJACK,12.69,1.000021,1.100,SOPRA,riferimento gr2_100k_bmsempre
gr2_100k_bm1s,g2_prima,1000,3.818,10,100k,A_rel,MAINJACK,12.64,2.100021,2.000,SOPRA,riferimento gr2_100k_bmmai
gr2_100k_bm1s,g2_prima,1000,3.818,10,100k,B2,MAINJACK,0.01977,2.038906,,SOPRA,mute da t_ins+t_grad+20 ms a t_rel
gr2_100k_bm1s,g2_prima,1000,3.818,10,100k,C1_ins,MAINJACK,0.3846,1.801010,,SOPRA,"diagnostica, cond 1"
gr2_100k_bm1s,g2_prima,1000,3.818,10,100k,C1_rel,MAINJACK,0.3826,2.299010,,SOPRA,"diagnostica, cond 1"
gr2_100k_bm1s,g2_prima,1000,3.818,10,100k,C2_ins,MAINJACK,0.3818,1.801010,,SOPRA,"riferimento gr2_100k_bmsempre, cond 1"
gr2_100k_bm1s,g2_prima,1000,3.818,10,100k,C2_rel,MAINJACK,0.3817,2.299010,,SOPRA,"riferimento gr2_100k_bmmai, cond 1"
gr2_100k_bm1s,g2_prima,1000,3.818,10,100k,A_ins,FIXJACK1,4.025,1.000021,1.100,SOPRA,riferimento gr2_100k_bmsempre
gr2_100k_bm1s,g2_prima,1000,3.818,10,100k,A_rel,FIXJACK1,4.009,2.100021,2.000,SOPRA,riferimento gr2_100k_bmmai
gr2_100k_bm1s,g2_prima,1000,3.818,10,100k,B2,FIXJACK1,0.008098,2.040010,,SOPRA,mute da t_ins+t_grad+20 ms a t_rel
gr2_100k_bm1s,g2_prima,1000,3.818,10,100k,C1_ins,FIXJACK1,0.002605,1.822875,,SOPRA,"diagnostica, cond 1"
gr2_100k_bm1s,g2_prima,1000,3.818,10,100k,C1_rel,FIXJACK1,0.002567,2.333833,,SOPRA,"diagnostica, cond 1"
gr2_100k_bm1s,g2_prima,1000,3.818,10,100k,C2_ins,FIXJACK1,0.002605,1.822875,,SOPRA,"riferimento gr2_100k_bmsempre, cond 1"
gr2_100k_bm1s,g2_prima,1000,3.818,10,100k,C2_rel,FIXJACK1,0.002637,2.326854,,SOPRA,"riferimento gr2_100k_bmmai, cond 1"
gr2_100k_bm1s,g2_prima,1000,3.818,10,100k,A_ins,FIXJACK2,4.025,1.000021,1.100,SOPRA,riferimento gr2_100k_bmsempre
gr2_100k_bm1s,g2_prima,1000,3.818,10,100k,A_rel,FIXJACK2,4.009,2.100021,2.000,SOPRA,riferimento gr2_100k_bmmai
gr2_100k_bm1s,g2_prima,1000,3.818,10,100k,B2,FIXJACK2,0.008098,2.040010,,SOPRA,mute da t_ins+t_grad+20 ms a t_rel
gr2_100k_bm1s,g2_prima,1000,3.818,10,100k,C1_ins,FIXJACK2,0.002605,1.822875,,SOPRA,"diagnostica, cond 1"
gr2_100k_bm1s,g2_prima,1000,3.818,10,100k,C1_rel,FIXJACK2,0.002567,2.333833,,SOPRA,"diagnostica, cond 1"
gr2_100k_bm1s,g2_prima,1000,3.818,10,100k,C2_ins,FIXJACK2,0.002605,1.822875,,SOPRA,"riferimento gr2_100k_bmsempre, cond 1"
gr2_100k_bm1s,g2_prima,1000,3.818,10,100k,C2_rel,FIXJACK2,0.002637,2.326854,,SOPRA,"riferimento gr2_100k_bmmai, cond 1"
gr2_100k_lz20ms,g2_prima,1000,0,10,100k,A_ins,MAINJACK,0.06791,1.017354,2.000,SOPRA,riferimento gr2_100k_lzsempre
gr2_100k_lz20ms,g2_prima,1000,0,10,100k,A_rel,MAINJACK,0.06777,3.025573,2.000,SOPRA,riferimento gr2_100k_lzmai
gr2_100k_lz20ms,g2_prima,1000,0,10,100k,B2,MAINJACK,0.01717,1.040000,,SOPRA,mute da t_ins+t_grad+20 ms a t_rel
gr2_100k_lz20ms,g2_prima,1000,0,10,100k,A_ins,FIXJACK1,0.02158,1.017354,2.000,SOPRA,riferimento gr2_100k_lzsempre
gr2_100k_lz20ms,g2_prima,1000,0,10,100k,A_rel,FIXJACK1,0.02151,3.025583,2.000,SOPRA,riferimento gr2_100k_lzmai
gr2_100k_lz20ms,g2_prima,1000,0,10,100k,B2,FIXJACK1,0.005436,1.040000,,SOPRA,mute da t_ins+t_grad+20 ms a t_rel
gr2_100k_lz20ms,g2_prima,1000,0,10,100k,A_ins,FIXJACK2,0.02158,1.017354,2.000,SOPRA,riferimento gr2_100k_lzsempre
gr2_100k_lz20ms,g2_prima,1000,0,10,100k,A_rel,FIXJACK2,0.02151,3.025583,2.000,SOPRA,riferimento gr2_100k_lzmai
gr2_100k_lz20ms,g2_prima,1000,0,10,100k,B2,FIXJACK2,0.005436,1.040000,,SOPRA,mute da t_ins+t_grad+20 ms a t_rel
gr2_100k_lz200ms,g2_prima,1000,0,10,100k,A_ins,MAINJACK,0.009984,1.158656,2.000,SOPRA,riferimento gr2_100k_lzsempre
gr2_100k_lz200ms,g2_prima,1000,0,10,100k,A_rel,MAINJACK,0.009979,3.240885,2.000,SOPRA,riferimento gr2_100k_lzmai
gr2_100k_lz200ms,g2_prima,1000,0,10,100k,B2,MAINJACK,0.0003414,1.224271,,SOPRA,mute da t_ins+t_grad+20 ms a t_rel
gr2_100k_lz200ms,g2_prima,1000,0,10,100k,A_ins,FIXJACK1,0.003189,1.158698,2.000,SOPRA,riferimento gr2_100k_lzsempre
gr2_100k_lz200ms,g2_prima,1000,0,10,100k,A_rel,FIXJACK1,0.003189,3.240906,2.000,SOPRA,riferimento gr2_100k_lzmai
gr2_100k_lz200ms,g2_prima,1000,0,10,100k,B2,FIXJACK1,0.000103,1.224323,,SOPRA,mute da t_ins+t_grad+20 ms a t_rel
gr2_100k_lz200ms,g2_prima,1000,0,10,100k,A_ins,FIXJACK2,0.003189,1.158698,2.000,SOPRA,riferimento gr2_100k_lzsempre
gr2_100k_lz200ms,g2_prima,1000,0,10,100k,A_rel,FIXJACK2,0.003189,3.240906,2.000,SOPRA,riferimento gr2_100k_lzmai
gr2_100k_lz200ms,g2_prima,1000,0,10,100k,B2,FIXJACK2,0.000103,1.224323,,SOPRA,mute da t_ins+t_grad+20 ms a t_rel
gr2_100k_lz1s,g2_prima,1000,0,10,100k,A_ins,MAINJACK,0.0006363,1.846646,2.000,SOPRA,riferimento gr2_100k_lzsempre
gr2_100k_lz1s,g2_prima,1000,0,10,100k,A_rel,MAINJACK,0.0006359,4.257854,2.000,SOPRA,riferimento gr2_100k_lzmai
gr2_100k_lz1s,g2_prima,1000,0,10,100k,B2,MAINJACK,3.26e-05,2.038687,,sotto,mute da t_ins+t_grad+20 ms a t_rel
gr2_100k_lz1s,g2_prima,1000,0,10,100k,A_ins,FIXJACK1,0.0002,1.847292,2.000,SOPRA,riferimento gr2_100k_lzsempre
gr2_100k_lz1s,g2_prima,1000,0,10,100k,A_rel,FIXJACK1,0.0001999,4.258427,2.000,SOPRA,riferimento gr2_100k_lzmai
gr2_100k_lz1s,g2_prima,1000,0,10,100k,B2,FIXJACK1,8.173e-06,2.039646,,sotto,mute da t_ins+t_grad+20 ms a t_rel
gr2_100k_lz1s,g2_prima,1000,0,10,100k,A_ins,FIXJACK2,0.0002,1.847292,2.000,SOPRA,riferimento gr2_100k_lzsempre
gr2_100k_lz1s,g2_prima,1000,0,10,100k,A_rel,FIXJACK2,0.0001999,4.258427,2.000,SOPRA,riferimento gr2_100k_lzmai
gr2_100k_lz1s,g2_prima,1000,0,10,100k,B2,FIXJACK2,8.173e-06,2.039646,,sotto,mute da t_ins+t_grad+20 ms a t_rel
gr2_100k_bmmai,g2_prima,1000,3.818,10,100k,C_pav,MAINJACK,0.001214,1.160750,,SOPRA,"pavimento di C a 1.000 s, cond 1"
gr2_100k_bmmai,g2_prima,1000,3.818,10,100k,C_pav,MAINJACK,0.001234,2.191208,,SOPRA,"pavimento di C a 2.100 s, cond 1"
gr2_100k_bmmai,g2_prima,1000,3.818,10,100k,C_pav,FIXJACK1,0.0001828,1.199188,,sotto,"pavimento di C a 1.000 s, cond 1"
gr2_100k_bmmai,g2_prima,1000,3.818,10,100k,C_pav,FIXJACK1,0.0001832,2.222187,,sotto,"pavimento di C a 2.100 s, cond 1"
gr2_100k_bmmai,g2_prima,1000,3.818,10,100k,C_pav,FIXJACK2,0.0001828,1.199188,,sotto,"pavimento di C a 1.000 s, cond 1"
gr2_100k_bmmai,g2_prima,1000,3.818,10,100k,C_pav,FIXJACK2,0.0001832,2.222187,,sotto,"pavimento di C a 2.100 s, cond 1"
gr2_100k_bmsempre,g2_prima,1000,3.818,10,100k,B1,MAINJACK,0.01974,7.004906,,SOPRA,"riferimento sempre in mute, da 0,5 s"
gr2_100k_bmsempre,g2_prima,1000,3.818,10,100k,B1,FIXJACK1,0.008091,3.811510,,SOPRA,"riferimento sempre in mute, da 0,5 s"
gr2_100k_bmsempre,g2_prima,1000,3.818,10,100k,B1,FIXJACK2,0.008091,3.811510,,SOPRA,"riferimento sempre in mute, da 0,5 s"
gr2_100k_lzsempre,g2_prima,1000,0,10,100k,B1,MAINJACK,2.492e-14,5.493854,,sotto,"riferimento sempre in mute, da 0,5 s"
gr2_100k_lzsempre,g2_prima,1000,0,10,100k,B1,FIXJACK1,8.504e-15,7.931677,,sotto,"riferimento sempre in mute, da 0,5 s"
gr2_100k_lzsempre,g2_prima,1000,0,10,100k,B1,FIXJACK2,7.576e-15,7.903990,,sotto,"riferimento sempre in mute, da 0,5 s"
gr2_100k_b20,g2_prima,20,3.818,10,100k,A_ins,MAINJACK,12.77,1.000031,1.100,SOPRA,riferimento gr2_100k_b20sempre
gr2_100k_b20,g2_prima,20,3.818,10,100k,A_rel,MAINJACK,12.73,2.100031,2.000,SOPRA,riferimento gr2_100k_b20mai
gr2_100k_b20,g2_prima,20,3.818,10,100k,B2,MAINJACK,0.01678,2.038427,,SOPRA,mute da t_ins+t_grad+20 ms a t_rel
gr2_100k_b20,g2_prima,20,3.818,10,100k,C1_ins,MAINJACK,0.3423,1.799490,,SOPRA,"diagnostica, cond 7.22"
gr2_100k_b20,g2_prima,20,3.818,10,100k,C1_rel,MAINJACK,0.3496,2.303656,,SOPRA,"diagnostica, cond 7.22"
gr2_100k_b20,g2_prima,20,3.818,10,100k,C2_ins,MAINJACK,0.341,1.799490,,SOPRA,"riferimento gr2_100k_b20sempre, cond 7.22"
gr2_100k_b20,g2_prima,20,3.818,10,100k,C2_rel,MAINJACK,0.3496,2.303656,,SOPRA,"riferimento gr2_100k_b20mai, cond 7.22"
gr2_100k_b20,g2_prima,20,3.818,10,100k,A_ins,FIXJACK1,4.054,1.000031,1.100,SOPRA,riferimento gr2_100k_b20sempre
gr2_100k_b20,g2_prima,20,3.818,10,100k,A_rel,FIXJACK1,4.038,2.100031,2.000,SOPRA,riferimento gr2_100k_b20mai
gr2_100k_b20,g2_prima,20,3.818,10,100k,B2,FIXJACK1,0.005803,2.037354,,SOPRA,mute da t_ins+t_grad+20 ms a t_rel
gr2_100k_b20,g2_prima,20,3.818,10,100k,C1_ins,FIXJACK1,0.02009,1.800042,,SOPRA,"diagnostica, cond 7.22"
gr2_100k_b20,g2_prima,20,3.818,10,100k,C1_rel,FIXJACK1,0.01993,2.324208,,SOPRA,"diagnostica, cond 7.22"
gr2_100k_b20,g2_prima,20,3.818,10,100k,C2_ins,FIXJACK1,0.02009,1.800042,,SOPRA,"riferimento gr2_100k_b20sempre, cond 7.22"
gr2_100k_b20,g2_prima,20,3.818,10,100k,C2_rel,FIXJACK1,0.01992,2.324219,,SOPRA,"riferimento gr2_100k_b20mai, cond 7.22"
gr2_100k_b20,g2_prima,20,3.818,10,100k,A_ins,FIXJACK2,4.054,1.000031,1.100,SOPRA,riferimento gr2_100k_b20sempre
gr2_100k_b20,g2_prima,20,3.818,10,100k,A_rel,FIXJACK2,4.038,2.100031,2.000,SOPRA,riferimento gr2_100k_b20mai
gr2_100k_b20,g2_prima,20,3.818,10,100k,B2,FIXJACK2,0.005803,2.037354,,SOPRA,mute da t_ins+t_grad+20 ms a t_rel
gr2_100k_b20,g2_prima,20,3.818,10,100k,C1_ins,FIXJACK2,0.02009,1.800042,,SOPRA,"diagnostica, cond 7.22"
gr2_100k_b20,g2_prima,20,3.818,10,100k,C1_rel,FIXJACK2,0.01993,2.324208,,SOPRA,"diagnostica, cond 7.22"
gr2_100k_b20,g2_prima,20,3.818,10,100k,C2_ins,FIXJACK2,0.02009,1.800042,,SOPRA,"riferimento gr2_100k_b20sempre, cond 7.22"
gr2_100k_b20,g2_prima,20,3.818,10,100k,C2_rel,FIXJACK2,0.01992,2.324219,,SOPRA,"riferimento gr2_100k_b20mai, cond 7.22"
gr2_100k_b20mai,g2_prima,20,3.818,10,100k,C_pav,MAINJACK,0.0001667,1.047531,,sotto,"pavimento di C a 1.000 s, cond 7.22"
gr2_100k_b20mai,g2_prima,20,3.818,10,100k,C_pav,MAINJACK,0.0001667,2.247479,,sotto,"pavimento di C a 2.100 s, cond 7.22"
gr2_100k_b20mai,g2_prima,20,3.818,10,100k,C_pav,FIXJACK1,1.015e-05,1.197083,,sotto,"pavimento di C a 1.000 s, cond 7.22"
gr2_100k_b20mai,g2_prima,20,3.818,10,100k,C_pav,FIXJACK1,1.015e-05,2.147083,,sotto,"pavimento di C a 2.100 s, cond 7.22"
gr2_100k_b20mai,g2_prima,20,3.818,10,100k,C_pav,FIXJACK2,1.015e-05,1.197083,,sotto,"pavimento di C a 1.000 s, cond 7.22"
gr2_100k_b20mai,g2_prima,20,3.818,10,100k,C_pav,FIXJACK2,1.015e-05,2.147083,,sotto,"pavimento di C a 2.100 s, cond 7.22"
gr2_100k_b20sempre,g2_prima,20,3.818,10,100k,B1,MAINJACK,0.01654,1.888427,,SOPRA,"riferimento sempre in mute, da 0,5 s"
gr2_100k_b20sempre,g2_prima,20,3.818,10,100k,B1,FIXJACK1,0.005723,3.787344,,SOPRA,"riferimento sempre in mute, da 0,5 s"
gr2_100k_b20sempre,g2_prima,20,3.818,10,100k,B1,FIXJACK2,0.005723,3.787344,,SOPRA,"riferimento sempre in mute, da 0,5 s"
gr2_100k_bm3s,g2_prima,1000,3.818,10,100k,A_ins,MAINJACK,12.69,1.000021,2.000,SOPRA,riferimento gr2_100k_bmsempre
gr2_100k_bm3s,g2_prima,1000,3.818,10,100k,A_rel,MAINJACK,12.67,4.100021,2.000,SOPRA,riferimento gr2_100k_bmmai
gr2_100k_bm3s,g2_prima,1000,3.818,10,100k,B2,MAINJACK,0.01975,4.039906,,SOPRA,mute da t_ins+t_grad+20 ms a t_rel
gr2_100k_bm3s,g2_prima,1000,3.818,10,100k,C1_ins,MAINJACK,0.382,3.402010,,SOPRA,"diagnostica, cond 1"
gr2_100k_bm3s,g2_prima,1000,3.818,10,100k,C1_rel,MAINJACK,0.3813,4.698010,,SOPRA,"diagnostica, cond 1"
gr2_100k_bm3s,g2_prima,1000,3.818,10,100k,C2_ins,MAINJACK,0.3792,3.402010,,SOPRA,"riferimento gr2_100k_bmsempre, cond 1"
gr2_100k_bm3s,g2_prima,1000,3.818,10,100k,C2_rel,MAINJACK,0.3805,4.698010,,SOPRA,"riferimento gr2_100k_bmmai, cond 1"
gr2_100k_bm3s,g2_prima,1000,3.818,10,100k,A_ins,FIXJACK1,4.025,1.000021,2.000,SOPRA,riferimento gr2_100k_bmsempre
gr2_100k_bm3s,g2_prima,1000,3.818,10,100k,A_rel,FIXJACK1,4.019,4.100021,2.000,SOPRA,riferimento gr2_100k_bmmai
gr2_100k_bm3s,g2_prima,1000,3.818,10,100k,B2,FIXJACK1,0.008093,4.039010,,SOPRA,mute da t_ins+t_grad+20 ms a t_rel
gr2_100k_bm3s,g2_prima,1000,3.818,10,100k,C1_ins,FIXJACK1,0.0008266,3.348250,,sotto,"diagnostica, cond 1"
gr2_100k_bm3s,g2_prima,1000,3.818,10,100k,C1_rel,FIXJACK1,0.0008991,4.730792,,sotto,"diagnostica, cond 1"
gr2_100k_bm3s,g2_prima,1000,3.818,10,100k,C2_ins,FIXJACK1,0.0008273,3.348250,,sotto,"riferimento gr2_100k_bmsempre, cond 1"
gr2_100k_bm3s,g2_prima,1000,3.818,10,100k,C2_rel,FIXJACK1,0.0009139,4.745813,,sotto,"riferimento gr2_100k_bmmai, cond 1"
gr2_100k_bm3s,g2_prima,1000,3.818,10,100k,A_ins,FIXJACK2,4.025,1.000021,2.000,SOPRA,riferimento gr2_100k_bmsempre
gr2_100k_bm3s,g2_prima,1000,3.818,10,100k,A_rel,FIXJACK2,4.019,4.100021,2.000,SOPRA,riferimento gr2_100k_bmmai
gr2_100k_bm3s,g2_prima,1000,3.818,10,100k,B2,FIXJACK2,0.008093,4.039010,,SOPRA,mute da t_ins+t_grad+20 ms a t_rel
gr2_100k_bm3s,g2_prima,1000,3.818,10,100k,C1_ins,FIXJACK2,0.0008266,3.348250,,sotto,"diagnostica, cond 1"
gr2_100k_bm3s,g2_prima,1000,3.818,10,100k,C1_rel,FIXJACK2,0.0008991,4.730792,,sotto,"diagnostica, cond 1"
gr2_100k_bm3s,g2_prima,1000,3.818,10,100k,C2_ins,FIXJACK2,0.0008273,3.348250,,sotto,"riferimento gr2_100k_bmsempre, cond 1"
gr2_100k_bm3s,g2_prima,1000,3.818,10,100k,C2_rel,FIXJACK2,0.0009139,4.745813,,sotto,"riferimento gr2_100k_bmmai, cond 1"
gr2_100k_lz3s,g2_prima,1000,0,10,100k,A_ins,MAINJACK,8.984e-06,2.999990,2.000,sotto,riferimento gr2_100k_lzsempre
gr2_100k_lz3s,g2_prima,1000,0,10,100k,A_rel,MAINJACK,7.146e-05,6.729719,2.000,sotto,riferimento gr2_100k_lzmai
gr2_100k_lz3s,g2_prima,1000,0,10,100k,B2,MAINJACK,1.03e-05,4.039792,,sotto,mute da t_ins+t_grad+20 ms a t_rel
gr2_100k_lz3s,g2_prima,1000,0,10,100k,A_ins,FIXJACK1,2.969e-06,2.999990,2.000,sotto,riferimento gr2_100k_lzsempre
gr2_100k_lz3s,g2_prima,1000,0,10,100k,A_rel,FIXJACK1,4.561e-05,6.000031,2.000,sotto,riferimento gr2_100k_lzmai
gr2_100k_lz3s,g2_prima,1000,0,10,100k,B2,FIXJACK1,3.034e-06,4.040448,,sotto,mute da t_ins+t_grad+20 ms a t_rel
gr2_100k_lz3s,g2_prima,1000,0,10,100k,A_ins,FIXJACK2,2.969e-06,2.999990,2.000,sotto,riferimento gr2_100k_lzsempre
gr2_100k_lz3s,g2_prima,1000,0,10,100k,A_rel,FIXJACK2,4.561e-05,6.000031,2.000,sotto,riferimento gr2_100k_lzmai
gr2_100k_lz3s,g2_prima,1000,0,10,100k,B2,FIXJACK2,3.034e-06,4.040448,,sotto,mute da t_ins+t_grad+20 ms a t_rel
gr2_10k_bm20ms,g2_prima,1000,3.818,10,10k,A_ins,MAINJACK,12.63,1.000021,0.120,SOPRA,riferimento gr2_10k_bmsempre
gr2_10k_bm20ms,g2_prima,1000,3.818,10,10k,A_rel,MAINJACK,12.62,1.120021,2.000,SOPRA,riferimento gr2_10k_bmmai
gr2_10k_bm20ms,g2_prima,1000,3.818,10,10k,B2,MAINJACK,0.03641,1.040417,,SOPRA,mute da t_ins+t_grad+20 ms a t_rel
gr2_10k_bm20ms,g2_prima,1000,3.818,10,10k,C1_ins,MAINJACK,3.32,1.017500,,SOPRA,"diagnostica, cond 1"
gr2_10k_bm20ms,g2_prima,1000,3.818,10,10k,C1_rel,MAINJACK,3.222,1.122510,,SOPRA,"diagnostica, cond 1"
gr2_10k_bm20ms,g2_prima,1000,3.818,10,10k,C2_ins,MAINJACK,3.317,1.017500,,SOPRA,"riferimento gr2_10k_bmsempre, cond 1"
gr2_10k_bm20ms,g2_prima,1000,3.818,10,10k,C2_rel,MAINJACK,3.222,1.122510,,SOPRA,"riferimento gr2_10k_bmmai, cond 1"
gr2_10k_bm20ms,g2_prima,1000,3.818,10,10k,A_ins,FIXJACK1,4.007,1.000021,0.120,SOPRA,riferimento gr2_10k_bmsempre
gr2_10k_bm20ms,g2_prima,1000,3.818,10,10k,A_rel,FIXJACK1,4.003,1.120021,2.000,SOPRA,riferimento gr2_10k_bmmai
gr2_10k_bm20ms,g2_prima,1000,3.818,10,10k,B2,FIXJACK1,0.01329,1.040500,,SOPRA,mute da t_ins+t_grad+20 ms a t_rel
gr2_10k_bm20ms,g2_prima,1000,3.818,10,10k,C1_ins,FIXJACK1,1.001,1.017500,,SOPRA,"diagnostica, cond 1"
gr2_10k_bm20ms,g2_prima,1000,3.818,10,10k,C1_rel,FIXJACK1,0.9724,1.125500,,SOPRA,"diagnostica, cond 1"
gr2_10k_bm20ms,g2_prima,1000,3.818,10,10k,C2_ins,FIXJACK1,1.001,1.017500,,SOPRA,"riferimento gr2_10k_bmsempre, cond 1"
gr2_10k_bm20ms,g2_prima,1000,3.818,10,10k,C2_rel,FIXJACK1,0.9723,1.125500,,SOPRA,"riferimento gr2_10k_bmmai, cond 1"
gr2_10k_bm20ms,g2_prima,1000,3.818,10,10k,A_ins,FIXJACK2,4.007,1.000021,0.120,SOPRA,riferimento gr2_10k_bmsempre
gr2_10k_bm20ms,g2_prima,1000,3.818,10,10k,A_rel,FIXJACK2,4.003,1.120021,2.000,SOPRA,riferimento gr2_10k_bmmai
gr2_10k_bm20ms,g2_prima,1000,3.818,10,10k,B2,FIXJACK2,0.01329,1.040500,,SOPRA,mute da t_ins+t_grad+20 ms a t_rel
gr2_10k_bm20ms,g2_prima,1000,3.818,10,10k,C1_ins,FIXJACK2,1.001,1.017500,,SOPRA,"diagnostica, cond 1"
gr2_10k_bm20ms,g2_prima,1000,3.818,10,10k,C1_rel,FIXJACK2,0.9724,1.125500,,SOPRA,"diagnostica, cond 1"
gr2_10k_bm20ms,g2_prima,1000,3.818,10,10k,C2_ins,FIXJACK2,1.001,1.017500,,SOPRA,"riferimento gr2_10k_bmsempre, cond 1"
gr2_10k_bm20ms,g2_prima,1000,3.818,10,10k,C2_rel,FIXJACK2,0.9723,1.125500,,SOPRA,"riferimento gr2_10k_bmmai, cond 1"
gr2_10k_bm200ms,g2_prima,1000,3.818,10,10k,A_ins,MAINJACK,12.63,1.000021,0.300,SOPRA,riferimento gr2_10k_bmsempre
gr2_10k_bm200ms,g2_prima,1000,3.818,10,10k,A_rel,MAINJACK,12.63,1.300021,2.000,SOPRA,riferimento gr2_10k_bmmai
gr2_10k_bm200ms,g2_prima,1000,3.818,10,10k,B2,MAINJACK,0.0212,1.220906,,SOPRA,mute da t_ins+t_grad+20 ms a t_rel
gr2_10k_bm200ms,g2_prima,1000,3.818,10,10k,C1_ins,MAINJACK,0.4538,1.338010,,SOPRA,"diagnostica, cond 1"
gr2_10k_bm200ms,g2_prima,1000,3.818,10,10k,C1_rel,MAINJACK,0.4538,1.338010,,SOPRA,"diagnostica, cond 1"
gr2_10k_bm200ms,g2_prima,1000,3.818,10,10k,C2_ins,MAINJACK,0.4509,1.338010,,SOPRA,"riferimento gr2_10k_bmsempre, cond 1"
gr2_10k_bm200ms,g2_prima,1000,3.818,10,10k,C2_rel,MAINJACK,0.4529,1.338010,,SOPRA,"riferimento gr2_10k_bmmai, cond 1"
gr2_10k_bm200ms,g2_prima,1000,3.818,10,10k,A_ins,FIXJACK1,4.007,1.000021,0.300,SOPRA,riferimento gr2_10k_bmsempre
gr2_10k_bm200ms,g2_prima,1000,3.818,10,10k,A_rel,FIXJACK1,4.006,1.300021,2.000,SOPRA,riferimento gr2_10k_bmmai
gr2_10k_bm200ms,g2_prima,1000,3.818,10,10k,B2,FIXJACK1,0.00854,1.220000,,SOPRA,mute da t_ins+t_grad+20 ms a t_rel
gr2_10k_bm200ms,g2_prima,1000,3.818,10,10k,C1_ins,FIXJACK1,0.03536,1.349469,,SOPRA,"diagnostica, cond 1"
gr2_10k_bm200ms,g2_prima,1000,3.818,10,10k,C1_rel,FIXJACK1,0.03536,1.349469,,SOPRA,"diagnostica, cond 1"
gr2_10k_bm200ms,g2_prima,1000,3.818,10,10k,C2_ins,FIXJACK1,0.03536,1.349469,,SOPRA,"riferimento gr2_10k_bmsempre, cond 1"
gr2_10k_bm200ms,g2_prima,1000,3.818,10,10k,C2_rel,FIXJACK1,0.0353,1.349469,,SOPRA,"riferimento gr2_10k_bmmai, cond 1"
gr2_10k_bm200ms,g2_prima,1000,3.818,10,10k,A_ins,FIXJACK2,4.007,1.000021,0.300,SOPRA,riferimento gr2_10k_bmsempre
gr2_10k_bm200ms,g2_prima,1000,3.818,10,10k,A_rel,FIXJACK2,4.006,1.300021,2.000,SOPRA,riferimento gr2_10k_bmmai
gr2_10k_bm200ms,g2_prima,1000,3.818,10,10k,B2,FIXJACK2,0.00854,1.220000,,SOPRA,mute da t_ins+t_grad+20 ms a t_rel
gr2_10k_bm200ms,g2_prima,1000,3.818,10,10k,C1_ins,FIXJACK2,0.03536,1.349469,,SOPRA,"diagnostica, cond 1"
gr2_10k_bm200ms,g2_prima,1000,3.818,10,10k,C1_rel,FIXJACK2,0.03536,1.349469,,SOPRA,"diagnostica, cond 1"
gr2_10k_bm200ms,g2_prima,1000,3.818,10,10k,C2_ins,FIXJACK2,0.03536,1.349469,,SOPRA,"riferimento gr2_10k_bmsempre, cond 1"
gr2_10k_bm200ms,g2_prima,1000,3.818,10,10k,C2_rel,FIXJACK2,0.0353,1.349469,,SOPRA,"riferimento gr2_10k_bmmai, cond 1"
gr2_10k_bm1s,g2_prima,1000,3.818,10,10k,A_ins,MAINJACK,12.63,1.000021,1.100,SOPRA,riferimento gr2_10k_bmsempre
gr2_10k_bm1s,g2_prima,1000,3.818,10,10k,A_rel,MAINJACK,12.63,2.100021,2.000,SOPRA,riferimento gr2_10k_bmmai
gr2_10k_bm1s,g2_prima,1000,3.818,10,10k,B2,MAINJACK,0.01984,2.025906,,SOPRA,mute da t_ins+t_grad+20 ms a t_rel
gr2_10k_bm1s,g2_prima,1000,3.818,10,10k,C1_ins,MAINJACK,0.3846,1.801010,,SOPRA,"diagnostica, cond 1"
gr2_10k_bm1s,g2_prima,1000,3.818,10,10k,C1_rel,MAINJACK,0.3824,2.299010,,SOPRA,"diagnostica, cond 1"
gr2_10k_bm1s,g2_prima,1000,3.818,10,10k,C2_ins,MAINJACK,0.3818,1.801010,,SOPRA,"riferimento gr2_10k_bmsempre, cond 1"
gr2_10k_bm1s,g2_prima,1000,3.818,10,10k,C2_rel,MAINJACK,0.3815,2.299010,,SOPRA,"riferimento gr2_10k_bmmai, cond 1"
gr2_10k_bm1s,g2_prima,1000,3.818,10,10k,A_ins,FIXJACK1,4.007,1.000021,1.100,SOPRA,riferimento gr2_10k_bmsempre
gr2_10k_bm1s,g2_prima,1000,3.818,10,10k,A_rel,FIXJACK1,4.007,2.100021,2.000,SOPRA,riferimento gr2_10k_bmmai
gr2_10k_bm1s,g2_prima,1000,3.818,10,10k,B2,FIXJACK1,0.008108,2.025000,,SOPRA,mute da t_ins+t_grad+20 ms a t_rel
gr2_10k_bm1s,g2_prima,1000,3.818,10,10k,C1_ins,FIXJACK1,0.002623,1.822875,,SOPRA,"diagnostica, cond 1"
gr2_10k_bm1s,g2_prima,1000,3.818,10,10k,C1_rel,FIXJACK1,0.002595,2.324813,,SOPRA,"diagnostica, cond 1"
gr2_10k_bm1s,g2_prima,1000,3.818,10,10k,C2_ins,FIXJACK1,0.002623,1.822875,,SOPRA,"riferimento gr2_10k_bmsempre, cond 1"
gr2_10k_bm1s,g2_prima,1000,3.818,10,10k,C2_rel,FIXJACK1,0.002635,2.324813,,SOPRA,"riferimento gr2_10k_bmmai, cond 1"
gr2_10k_bm1s,g2_prima,1000,3.818,10,10k,A_ins,FIXJACK2,4.007,1.000021,1.100,SOPRA,riferimento gr2_10k_bmsempre
gr2_10k_bm1s,g2_prima,1000,3.818,10,10k,A_rel,FIXJACK2,4.007,2.100021,2.000,SOPRA,riferimento gr2_10k_bmmai
gr2_10k_bm1s,g2_prima,1000,3.818,10,10k,B2,FIXJACK2,0.008108,2.025000,,SOPRA,mute da t_ins+t_grad+20 ms a t_rel
gr2_10k_bm1s,g2_prima,1000,3.818,10,10k,C1_ins,FIXJACK2,0.002623,1.822875,,SOPRA,"diagnostica, cond 1"
gr2_10k_bm1s,g2_prima,1000,3.818,10,10k,C1_rel,FIXJACK2,0.002595,2.324813,,SOPRA,"diagnostica, cond 1"
gr2_10k_bm1s,g2_prima,1000,3.818,10,10k,C2_ins,FIXJACK2,0.002623,1.822875,,SOPRA,"riferimento gr2_10k_bmsempre, cond 1"
gr2_10k_bm1s,g2_prima,1000,3.818,10,10k,C2_rel,FIXJACK2,0.002635,2.324813,,SOPRA,"riferimento gr2_10k_bmmai, cond 1"
gr2_10k_lz20ms,g2_prima,1000,0,10,10k,A_ins,MAINJACK,0.06555,1.017292,2.000,SOPRA,riferimento gr2_10k_lzsempre
gr2_10k_lz20ms,g2_prima,1000,0,10,10k,A_rel,MAINJACK,0.06521,3.025510,2.000,SOPRA,riferimento gr2_10k_lzmai
gr2_10k_lz20ms,g2_prima,1000,0,10,10k,B2,MAINJACK,0.01707,1.040000,,SOPRA,mute da t_ins+t_grad+20 ms a t_rel
gr2_10k_lz20ms,g2_prima,1000,0,10,10k,A_ins,FIXJACK1,0.02083,1.017292,2.000,SOPRA,riferimento gr2_10k_lzsempre
gr2_10k_lz20ms,g2_prima,1000,0,10,10k,A_rel,FIXJACK1,0.02072,3.025510,2.000,SOPRA,riferimento gr2_10k_lzmai
gr2_10k_lz20ms,g2_prima,1000,0,10,10k,B2,FIXJACK1,0.005429,1.040000,,SOPRA,mute da t_ins+t_grad+20 ms a t_rel
gr2_10k_lz20ms,g2_prima,1000,0,10,10k,A_ins,FIXJACK2,0.02083,1.017292,2.000,SOPRA,riferimento gr2_10k_lzsempre
gr2_10k_lz20ms,g2_prima,1000,0,10,10k,A_rel,FIXJACK2,0.02072,3.025510,2.000,SOPRA,riferimento gr2_10k_lzmai
gr2_10k_lz20ms,g2_prima,1000,0,10,10k,B2,FIXJACK2,0.005429,1.040000,,SOPRA,mute da t_ins+t_grad+20 ms a t_rel
gr2_10k_lz200ms,g2_prima,1000,0,10,10k,A_ins,MAINJACK,0.01049,1.181292,2.000,SOPRA,riferimento gr2_10k_lzsempre
gr2_10k_lz200ms,g2_prima,1000,0,10,10k,A_rel,MAINJACK,0.01043,3.263500,2.000,SOPRA,riferimento gr2_10k_lzmai
gr2_10k_lz200ms,g2_prima,1000,0,10,10k,B2,MAINJACK,0.001444,1.220000,,SOPRA,mute da t_ins+t_grad+20 ms a t_rel
gr2_10k_lz200ms,g2_prima,1000,0,10,10k,A_ins,FIXJACK1,0.003328,1.181354,2.000,SOPRA,riferimento gr2_10k_lzsempre
gr2_10k_lz200ms,g2_prima,1000,0,10,10k,A_rel,FIXJACK1,0.003311,3.263531,2.000,SOPRA,riferimento gr2_10k_lzmai
gr2_10k_lz200ms,g2_prima,1000,0,10,10k,B2,FIXJACK1,0.0004496,1.220000,,SOPRA,mute da t_ins+t_grad+20 ms a t_rel
gr2_10k_lz200ms,g2_prima,1000,0,10,10k,A_ins,FIXJACK2,0.003328,1.181354,2.000,SOPRA,riferimento gr2_10k_lzsempre
gr2_10k_lz200ms,g2_prima,1000,0,10,10k,A_rel,FIXJACK2,0.003311,3.263531,2.000,SOPRA,riferimento gr2_10k_lzmai
gr2_10k_lz200ms,g2_prima,1000,0,10,10k,B2,FIXJACK2,0.0004496,1.220000,,SOPRA,mute da t_ins+t_grad+20 ms a t_rel
gr2_10k_lz1s,g2_prima,1000,0,10,10k,A_ins,MAINJACK,0.0005385,1.831260,2.000,SOPRA,riferimento gr2_10k_lzsempre
gr2_10k_lz1s,g2_prima,1000,0,10,10k,A_rel,MAINJACK,0.0005357,4.242396,2.000,SOPRA,riferimento gr2_10k_lzmai
gr2_10k_lz1s,g2_prima,1000,0,10,10k,B2,MAINJACK,5.445e-05,2.024833,,sotto,mute da t_ins+t_grad+20 ms a t_rel
gr2_10k_lz1s,g2_prima,1000,0,10,10k,A_ins,FIXJACK1,0.0001724,1.831583,2.000,SOPRA,riferimento gr2_10k_lzsempre
gr2_10k_lz1s,g2_prima,1000,0,10,10k,A_rel,FIXJACK1,0.0001715,4.242604,2.000,SOPRA,riferimento gr2_10k_lzmai
gr2_10k_lz1s,g2_prima,1000,0,10,10k,B2,FIXJACK1,1.777e-05,2.024812,,sotto,mute da t_ins+t_grad+20 ms a t_rel
gr2_10k_lz1s,g2_prima,1000,0,10,10k,A_ins,FIXJACK2,0.0001724,1.831583,2.000,SOPRA,riferimento gr2_10k_lzsempre
gr2_10k_lz1s,g2_prima,1000,0,10,10k,A_rel,FIXJACK2,0.0001715,4.242604,2.000,SOPRA,riferimento gr2_10k_lzmai
gr2_10k_lz1s,g2_prima,1000,0,10,10k,B2,FIXJACK2,1.777e-05,2.024812,,sotto,mute da t_ins+t_grad+20 ms a t_rel
gr2_10k_bmmai,g2_prima,1000,3.818,10,10k,C_pav,MAINJACK,0.00104,1.001698,,SOPRA,"pavimento di C a 1.000 s, cond 1"
gr2_10k_bmmai,g2_prima,1000,3.818,10,10k,C_pav,MAINJACK,0.001027,2.097698,,SOPRA,"pavimento di C a 2.100 s, cond 1"
gr2_10k_bmmai,g2_prima,1000,3.818,10,10k,C_pav,FIXJACK1,0.0001543,1.001688,,sotto,"pavimento di C a 1.000 s, cond 1"
gr2_10k_bmmai,g2_prima,1000,3.818,10,10k,C_pav,FIXJACK1,0.0001504,2.097688,,sotto,"pavimento di C a 2.100 s, cond 1"
gr2_10k_bmmai,g2_prima,1000,3.818,10,10k,C_pav,FIXJACK2,0.0001543,1.001688,,sotto,"pavimento di C a 1.000 s, cond 1"
gr2_10k_bmmai,g2_prima,1000,3.818,10,10k,C_pav,FIXJACK2,0.0001504,2.097688,,sotto,"pavimento di C a 2.100 s, cond 1"
gr2_10k_bmsempre,g2_prima,1000,3.818,10,10k,B1,MAINJACK,0.01978,1.634906,,SOPRA,"riferimento sempre in mute, da 0,5 s"
gr2_10k_bmsempre,g2_prima,1000,3.818,10,10k,B1,FIXJACK1,0.008091,1.672500,,SOPRA,"riferimento sempre in mute, da 0,5 s"
gr2_10k_bmsempre,g2_prima,1000,3.818,10,10k,B1,FIXJACK2,0.008091,1.672500,,SOPRA,"riferimento sempre in mute, da 0,5 s"
gr2_10k_lzsempre,g2_prima,1000,0,10,10k,B1,MAINJACK,2.412e-14,10.642927,,sotto,"riferimento sempre in mute, da 0,5 s"
gr2_10k_lzsempre,g2_prima,1000,0,10,10k,B1,FIXJACK1,8.207e-15,4.503646,,sotto,"riferimento sempre in mute, da 0,5 s"
gr2_10k_lzsempre,g2_prima,1000,0,10,10k,B1,FIXJACK2,7.681e-15,9.648188,,sotto,"riferimento sempre in mute, da 0,5 s"
gr2_10k_bm3s,g2_prima,1000,3.818,10,10k,A_ins,MAINJACK,12.63,1.000021,2.000,SOPRA,riferimento gr2_10k_bmsempre
gr2_10k_bm3s,g2_prima,1000,3.818,10,10k,A_rel,MAINJACK,12.63,4.100021,2.000,SOPRA,riferimento gr2_10k_bmmai
gr2_10k_bm3s,g2_prima,1000,3.818,10,10k,B2,MAINJACK,0.01978,4.033906,,SOPRA,mute da t_ins+t_grad+20 ms a t_rel
gr2_10k_bm3s,g2_prima,1000,3.818,10,10k,C1_ins,MAINJACK,0.382,3.402010,,SOPRA,"diagnostica, cond 1"
gr2_10k_bm3s,g2_prima,1000,3.818,10,10k,C1_rel,MAINJACK,0.3814,4.698010,,SOPRA,"diagnostica, cond 1"
gr2_10k_bm3s,g2_prima,1000,3.818,10,10k,C2_ins,MAINJACK,0.3792,3.402010,,SOPRA,"riferimento gr2_10k_bmsempre, cond 1"
gr2_10k_bm3s,g2_prima,1000,3.818,10,10k,C2_rel,MAINJACK,0.3805,4.698010,,SOPRA,"riferimento gr2_10k_bmmai, cond 1"
gr2_10k_bm3s,g2_prima,1000,3.818,10,10k,A_ins,FIXJACK1,4.007,1.000021,2.000,SOPRA,riferimento gr2_10k_bmsempre
gr2_10k_bm3s,g2_prima,1000,3.818,10,10k,A_rel,FIXJACK1,4.007,4.100021,2.000,SOPRA,riferimento gr2_10k_bmmai
gr2_10k_bm3s,g2_prima,1000,3.818,10,10k,B2,FIXJACK1,0.008091,4.036000,,SOPRA,mute da t_ins+t_grad+20 ms a t_rel
gr2_10k_bm3s,g2_prima,1000,3.818,10,10k,C1_ins,FIXJACK1,0.0008189,3.360240,,sotto,"diagnostica, cond 1"
gr2_10k_bm3s,g2_prima,1000,3.818,10,10k,C1_rel,FIXJACK1,0.0008888,4.689760,,sotto,"diagnostica, cond 1"
gr2_10k_bm3s,g2_prima,1000,3.818,10,10k,C2_ins,FIXJACK1,0.0008197,3.360240,,sotto,"riferimento gr2_10k_bmsempre, cond 1"
gr2_10k_bm3s,g2_prima,1000,3.818,10,10k,C2_rel,FIXJACK1,0.0009016,4.736802,,sotto,"riferimento gr2_10k_bmmai, cond 1"
gr2_10k_bm3s,g2_prima,1000,3.818,10,10k,A_ins,FIXJACK2,4.007,1.000021,2.000,SOPRA,riferimento gr2_10k_bmsempre
gr2_10k_bm3s,g2_prima,1000,3.818,10,10k,A_rel,FIXJACK2,4.007,4.100021,2.000,SOPRA,riferimento gr2_10k_bmmai
gr2_10k_bm3s,g2_prima,1000,3.818,10,10k,B2,FIXJACK2,0.008091,4.036000,,SOPRA,mute da t_ins+t_grad+20 ms a t_rel
gr2_10k_bm3s,g2_prima,1000,3.818,10,10k,C1_ins,FIXJACK2,0.0008189,3.360240,,sotto,"diagnostica, cond 1"
gr2_10k_bm3s,g2_prima,1000,3.818,10,10k,C1_rel,FIXJACK2,0.0008888,4.689760,,sotto,"diagnostica, cond 1"
gr2_10k_bm3s,g2_prima,1000,3.818,10,10k,C2_ins,FIXJACK2,0.0008197,3.360240,,sotto,"riferimento gr2_10k_bmsempre, cond 1"
gr2_10k_bm3s,g2_prima,1000,3.818,10,10k,C2_rel,FIXJACK2,0.0009016,4.736802,,sotto,"riferimento gr2_10k_bmmai, cond 1"
gr2_10k_lz3s,g2_prima,1000,0,10,10k,A_ins,MAINJACK,3.528e-06,2.999990,2.000,sotto,riferimento gr2_10k_lzsempre
gr2_10k_lz3s,g2_prima,1000,0,10,10k,A_rel,MAINJACK,3.182e-05,6.666125,2.000,sotto,riferimento gr2_10k_lzmai
gr2_10k_lz3s,g2_prima,1000,0,10,10k,B2,MAINJACK,3.506e-06,4.036344,,sotto,mute da t_ins+t_grad+20 ms a t_rel
gr2_10k_lz3s,g2_prima,1000,0,10,10k,A_ins,FIXJACK1,1.137e-06,2.999990,2.000,sotto,riferimento gr2_10k_lzsempre
gr2_10k_lz3s,g2_prima,1000,0,10,10k,A_rel,FIXJACK1,1.029e-05,6.666604,2.000,sotto,riferimento gr2_10k_lzmai
gr2_10k_lz3s,g2_prima,1000,0,10,10k,B2,FIXJACK1,1.121e-06,4.036427,,sotto,mute da t_ins+t_grad+20 ms a t_rel
gr2_10k_lz3s,g2_prima,1000,0,10,10k,A_ins,FIXJACK2,1.137e-06,2.999990,2.000,sotto,riferimento gr2_10k_lzsempre
gr2_10k_lz3s,g2_prima,1000,0,10,10k,A_rel,FIXJACK2,1.029e-05,6.666667,2.000,sotto,riferimento gr2_10k_lzmai
gr2_10k_lz3s,g2_prima,1000,0,10,10k,B2,FIXJACK2,1.121e-06,4.036427,,sotto,mute da t_ins+t_grad+20 ms a t_rel
gr3_100k_bm20ms,g3_prima_offset_zero,1000,3.818,10,100k,A_ins,MAINJACK,12.69,1.000021,0.120,SOPRA,riferimento gr3_100k_bmsempre
gr3_100k_bm20ms,g3_prima_offset_zero,1000,3.818,10,100k,A_rel,MAINJACK,12.69,1.120021,2.000,SOPRA,riferimento gr3_100k_bmmai
gr3_100k_bm20ms,g3_prima_offset_zero,1000,3.818,10,100k,B2,MAINJACK,0.02033,1.041417,,SOPRA,mute da t_ins+t_grad+20 ms a t_rel
gr3_100k_bm20ms,g3_prima_offset_zero,1000,3.818,10,100k,C1_ins,MAINJACK,3.264,1.017500,,SOPRA,"diagnostica, cond 1"
gr3_100k_bm20ms,g3_prima_offset_zero,1000,3.818,10,100k,C1_rel,MAINJACK,3.234,1.122510,,SOPRA,"diagnostica, cond 1"
gr3_100k_bm20ms,g3_prima_offset_zero,1000,3.818,10,100k,C2_ins,MAINJACK,3.261,1.017500,,SOPRA,"riferimento gr3_100k_bmsempre, cond 1"
gr3_100k_bm20ms,g3_prima_offset_zero,1000,3.818,10,100k,C2_rel,MAINJACK,3.235,1.122510,,SOPRA,"riferimento gr3_100k_bmmai, cond 1"
gr3_100k_bm20ms,g3_prima_offset_zero,1000,3.818,10,100k,A_ins,FIXJACK1,4.025,1.000021,0.120,SOPRA,riferimento gr3_100k_bmsempre
gr3_100k_bm20ms,g3_prima_offset_zero,1000,3.818,10,100k,A_rel,FIXJACK1,4.025,1.120021,2.000,SOPRA,riferimento gr3_100k_bmmai
gr3_100k_bm20ms,g3_prima_offset_zero,1000,3.818,10,100k,B2,FIXJACK1,0.008102,1.040510,,SOPRA,mute da t_ins+t_grad+20 ms a t_rel
gr3_100k_bm20ms,g3_prima_offset_zero,1000,3.818,10,100k,C1_ins,FIXJACK1,0.985,1.017500,,SOPRA,"diagnostica, cond 1"
gr3_100k_bm20ms,g3_prima_offset_zero,1000,3.818,10,100k,C1_rel,FIXJACK1,0.9816,1.126000,,SOPRA,"diagnostica, cond 1"
gr3_100k_bm20ms,g3_prima_offset_zero,1000,3.818,10,100k,C2_ins,FIXJACK1,0.985,1.017500,,SOPRA,"riferimento gr3_100k_bmsempre, cond 1"
gr3_100k_bm20ms,g3_prima_offset_zero,1000,3.818,10,100k,C2_rel,FIXJACK1,0.9816,1.126000,,SOPRA,"riferimento gr3_100k_bmmai, cond 1"
gr3_100k_bm20ms,g3_prima_offset_zero,1000,3.818,10,100k,A_ins,FIXJACK2,4.025,1.000021,0.120,SOPRA,riferimento gr3_100k_bmsempre
gr3_100k_bm20ms,g3_prima_offset_zero,1000,3.818,10,100k,A_rel,FIXJACK2,4.025,1.120021,2.000,SOPRA,riferimento gr3_100k_bmmai
gr3_100k_bm20ms,g3_prima_offset_zero,1000,3.818,10,100k,B2,FIXJACK2,0.008102,1.040510,,SOPRA,mute da t_ins+t_grad+20 ms a t_rel
gr3_100k_bm20ms,g3_prima_offset_zero,1000,3.818,10,100k,C1_ins,FIXJACK2,0.985,1.017500,,SOPRA,"diagnostica, cond 1"
gr3_100k_bm20ms,g3_prima_offset_zero,1000,3.818,10,100k,C1_rel,FIXJACK2,0.9816,1.126000,,SOPRA,"diagnostica, cond 1"
gr3_100k_bm20ms,g3_prima_offset_zero,1000,3.818,10,100k,C2_ins,FIXJACK2,0.985,1.017500,,SOPRA,"riferimento gr3_100k_bmsempre, cond 1"
gr3_100k_bm20ms,g3_prima_offset_zero,1000,3.818,10,100k,C2_rel,FIXJACK2,0.9816,1.126000,,SOPRA,"riferimento gr3_100k_bmmai, cond 1"
gr3_100k_bm200ms,g3_prima_offset_zero,1000,3.818,10,100k,A_ins,MAINJACK,12.69,1.000021,0.300,SOPRA,riferimento gr3_100k_bmsempre
gr3_100k_bm200ms,g3_prima_offset_zero,1000,3.818,10,100k,A_rel,MAINJACK,12.69,1.300021,2.000,SOPRA,riferimento gr3_100k_bmmai
gr3_100k_bm200ms,g3_prima_offset_zero,1000,3.818,10,100k,B2,MAINJACK,0.01993,1.220417,,SOPRA,mute da t_ins+t_grad+20 ms a t_rel
gr3_100k_bm200ms,g3_prima_offset_zero,1000,3.818,10,100k,C1_ins,MAINJACK,0.4838,1.162010,,SOPRA,"diagnostica, cond 1"
gr3_100k_bm200ms,g3_prima_offset_zero,1000,3.818,10,100k,C1_rel,MAINJACK,0.4769,1.338010,,SOPRA,"diagnostica, cond 1"
gr3_100k_bm200ms,g3_prima_offset_zero,1000,3.818,10,100k,C2_ins,MAINJACK,0.4808,1.162010,,SOPRA,"riferimento gr3_100k_bmsempre, cond 1"
gr3_100k_bm200ms,g3_prima_offset_zero,1000,3.818,10,100k,C2_rel,MAINJACK,0.4761,1.338010,,SOPRA,"riferimento gr3_100k_bmmai, cond 1"
gr3_100k_bm200ms,g3_prima_offset_zero,1000,3.818,10,100k,A_ins,FIXJACK1,4.025,1.000021,0.300,SOPRA,riferimento gr3_100k_bmsempre
gr3_100k_bm200ms,g3_prima_offset_zero,1000,3.818,10,100k,A_rel,FIXJACK1,4.025,1.300021,2.000,SOPRA,riferimento gr3_100k_bmmai
gr3_100k_bm200ms,g3_prima_offset_zero,1000,3.818,10,100k,B2,FIXJACK1,0.008091,1.221510,,SOPRA,mute da t_ins+t_grad+20 ms a t_rel
gr3_100k_bm200ms,g3_prima_offset_zero,1000,3.818,10,100k,C1_ins,FIXJACK1,0.03517,1.349469,,SOPRA,"diagnostica, cond 1"
gr3_100k_bm200ms,g3_prima_offset_zero,1000,3.818,10,100k,C1_rel,FIXJACK1,0.03517,1.349469,,SOPRA,"diagnostica, cond 1"
gr3_100k_bm200ms,g3_prima_offset_zero,1000,3.818,10,100k,C2_ins,FIXJACK1,0.03517,1.349469,,SOPRA,"riferimento gr3_100k_bmsempre, cond 1"
gr3_100k_bm200ms,g3_prima_offset_zero,1000,3.818,10,100k,C2_rel,FIXJACK1,0.03518,1.349969,,SOPRA,"riferimento gr3_100k_bmmai, cond 1"
gr3_100k_bm200ms,g3_prima_offset_zero,1000,3.818,10,100k,A_ins,FIXJACK2,4.025,1.000021,0.300,SOPRA,riferimento gr3_100k_bmsempre
gr3_100k_bm200ms,g3_prima_offset_zero,1000,3.818,10,100k,A_rel,FIXJACK2,4.025,1.300021,2.000,SOPRA,riferimento gr3_100k_bmmai
gr3_100k_bm200ms,g3_prima_offset_zero,1000,3.818,10,100k,B2,FIXJACK2,0.008091,1.221510,,SOPRA,mute da t_ins+t_grad+20 ms a t_rel
gr3_100k_bm200ms,g3_prima_offset_zero,1000,3.818,10,100k,C1_ins,FIXJACK2,0.03517,1.349469,,SOPRA,"diagnostica, cond 1"
gr3_100k_bm200ms,g3_prima_offset_zero,1000,3.818,10,100k,C1_rel,FIXJACK2,0.03517,1.349469,,SOPRA,"diagnostica, cond 1"
gr3_100k_bm200ms,g3_prima_offset_zero,1000,3.818,10,100k,C2_ins,FIXJACK2,0.03517,1.349469,,SOPRA,"riferimento gr3_100k_bmsempre, cond 1"
gr3_100k_bm200ms,g3_prima_offset_zero,1000,3.818,10,100k,C2_rel,FIXJACK2,0.03518,1.349969,,SOPRA,"riferimento gr3_100k_bmmai, cond 1"
gr3_100k_bm1s,g3_prima_offset_zero,1000,3.818,10,100k,A_ins,MAINJACK,12.69,1.000021,1.100,SOPRA,riferimento gr3_100k_bmsempre
gr3_100k_bm1s,g3_prima_offset_zero,1000,3.818,10,100k,A_rel,MAINJACK,12.68,2.100021,2.000,SOPRA,riferimento gr3_100k_bmmai
gr3_100k_bm1s,g3_prima_offset_zero,1000,3.818,10,100k,B2,MAINJACK,0.01983,2.020417,,SOPRA,mute da t_ins+t_grad+20 ms a t_rel
gr3_100k_bm1s,g3_prima_offset_zero,1000,3.818,10,100k,C1_ins,MAINJACK,0.4181,1.799010,,SOPRA,"diagnostica, cond 1"
gr3_100k_bm1s,g3_prima_offset_zero,1000,3.818,10,100k,C1_rel,MAINJACK,0.4166,2.301010,,SOPRA,"diagnostica, cond 1"
gr3_100k_bm1s,g3_prima_offset_zero,1000,3.818,10,100k,C2_ins,MAINJACK,0.4152,1.799010,,SOPRA,"riferimento gr3_100k_bmsempre, cond 1"
gr3_100k_bm1s,g3_prima_offset_zero,1000,3.818,10,100k,C2_rel,MAINJACK,0.4157,2.301010,,SOPRA,"riferimento gr3_100k_bmmai, cond 1"
gr3_100k_bm1s,g3_prima_offset_zero,1000,3.818,10,100k,A_ins,FIXJACK1,4.025,1.000021,1.100,SOPRA,riferimento gr3_100k_bmsempre
gr3_100k_bm1s,g3_prima_offset_zero,1000,3.818,10,100k,A_rel,FIXJACK1,4.025,2.100021,2.000,SOPRA,riferimento gr3_100k_bmmai
gr3_100k_bm1s,g3_prima_offset_zero,1000,3.818,10,100k,B2,FIXJACK1,0.008091,2.025510,,SOPRA,mute da t_ins+t_grad+20 ms a t_rel
gr3_100k_bm1s,g3_prima_offset_zero,1000,3.818,10,100k,C1_ins,FIXJACK1,0.002486,1.820875,,SOPRA,"diagnostica, cond 1"
gr3_100k_bm1s,g3_prima_offset_zero,1000,3.818,10,100k,C1_rel,FIXJACK1,0.002475,2.328833,,SOPRA,"diagnostica, cond 1"
gr3_100k_bm1s,g3_prima_offset_zero,1000,3.818,10,100k,C2_ins,FIXJACK1,0.002486,1.820875,,SOPRA,"riferimento gr3_100k_bmsempre, cond 1"
gr3_100k_bm1s,g3_prima_offset_zero,1000,3.818,10,100k,C2_rel,FIXJACK1,0.002537,2.325854,,SOPRA,"riferimento gr3_100k_bmmai, cond 1"
gr3_100k_bm1s,g3_prima_offset_zero,1000,3.818,10,100k,A_ins,FIXJACK2,4.025,1.000021,1.100,SOPRA,riferimento gr3_100k_bmsempre
gr3_100k_bm1s,g3_prima_offset_zero,1000,3.818,10,100k,A_rel,FIXJACK2,4.025,2.100021,2.000,SOPRA,riferimento gr3_100k_bmmai
gr3_100k_bm1s,g3_prima_offset_zero,1000,3.818,10,100k,B2,FIXJACK2,0.008091,2.025510,,SOPRA,mute da t_ins+t_grad+20 ms a t_rel
gr3_100k_bm1s,g3_prima_offset_zero,1000,3.818,10,100k,C1_ins,FIXJACK2,0.002486,1.820875,,SOPRA,"diagnostica, cond 1"
gr3_100k_bm1s,g3_prima_offset_zero,1000,3.818,10,100k,C1_rel,FIXJACK2,0.002475,2.328833,,SOPRA,"diagnostica, cond 1"
gr3_100k_bm1s,g3_prima_offset_zero,1000,3.818,10,100k,C2_ins,FIXJACK2,0.002486,1.820875,,SOPRA,"riferimento gr3_100k_bmsempre, cond 1"
gr3_100k_bm1s,g3_prima_offset_zero,1000,3.818,10,100k,C2_rel,FIXJACK2,0.002537,2.325854,,SOPRA,"riferimento gr3_100k_bmmai, cond 1"
gr3_100k_lz20ms,g3_prima_offset_zero,1000,0,10,100k,A_ins,MAINJACK,4.91e-08,1.017354,2.000,sotto,riferimento gr3_100k_lzsempre
gr3_100k_lz20ms,g3_prima_offset_zero,1000,0,10,100k,A_rel,MAINJACK,4.901e-08,3.025573,2.000,sotto,riferimento gr3_100k_lzmai
gr3_100k_lz20ms,g3_prima_offset_zero,1000,0,10,100k,B2,MAINJACK,1.241e-08,1.040000,,sotto,mute da t_ins+t_grad+20 ms a t_rel
gr3_100k_lz20ms,g3_prima_offset_zero,1000,0,10,100k,A_ins,FIXJACK1,8.062e-09,1.017354,2.000,sotto,riferimento gr3_100k_lzsempre
gr3_100k_lz20ms,g3_prima_offset_zero,1000,0,10,100k,A_rel,FIXJACK1,8.039e-09,3.025573,2.000,sotto,riferimento gr3_100k_lzmai
gr3_100k_lz20ms,g3_prima_offset_zero,1000,0,10,100k,B2,FIXJACK1,2.031e-09,1.040000,,sotto,mute da t_ins+t_grad+20 ms a t_rel
gr3_100k_lz20ms,g3_prima_offset_zero,1000,0,10,100k,A_ins,FIXJACK2,8.063e-09,1.017354,2.000,sotto,riferimento gr3_100k_lzsempre
gr3_100k_lz20ms,g3_prima_offset_zero,1000,0,10,100k,A_rel,FIXJACK2,8.039e-09,3.025583,2.000,sotto,riferimento gr3_100k_lzmai
gr3_100k_lz20ms,g3_prima_offset_zero,1000,0,10,100k,B2,FIXJACK2,2.031e-09,1.040000,,sotto,mute da t_ins+t_grad+20 ms a t_rel
gr3_100k_lz200ms,g3_prima_offset_zero,1000,0,10,100k,A_ins,MAINJACK,7.223e-09,1.158708,2.000,sotto,riferimento gr3_100k_lzsempre
gr3_100k_lz200ms,g3_prima_offset_zero,1000,0,10,100k,A_rel,MAINJACK,7.221e-09,3.240687,2.000,sotto,riferimento gr3_100k_lzmai
gr3_100k_lz200ms,g3_prima_offset_zero,1000,0,10,100k,B2,MAINJACK,2.469e-10,1.224250,,sotto,mute da t_ins+t_grad+20 ms a t_rel
gr3_100k_lz200ms,g3_prima_offset_zero,1000,0,10,100k,A_ins,FIXJACK1,1.192e-09,1.158875,2.000,sotto,riferimento gr3_100k_lzsempre
gr3_100k_lz200ms,g3_prima_offset_zero,1000,0,10,100k,A_rel,FIXJACK1,1.194e-09,3.240990,2.000,sotto,riferimento gr3_100k_lzmai
gr3_100k_lz200ms,g3_prima_offset_zero,1000,0,10,100k,B2,FIXJACK1,3.85e-11,1.224365,,sotto,mute da t_ins+t_grad+20 ms a t_rel
gr3_100k_lz200ms,g3_prima_offset_zero,1000,0,10,100k,A_ins,FIXJACK2,1.192e-09,1.158854,2.000,sotto,riferimento gr3_100k_lzsempre
gr3_100k_lz200ms,g3_prima_offset_zero,1000,0,10,100k,A_rel,FIXJACK2,1.193e-09,3.241000,2.000,sotto,riferimento gr3_100k_lzmai
gr3_100k_lz200ms,g3_prima_offset_zero,1000,0,10,100k,B2,FIXJACK2,3.85e-11,1.224354,,sotto,mute da t_ins+t_grad+20 ms a t_rel
gr3_100k_lz1s,g3_prima_offset_zero,1000,0,10,100k,A_ins,MAINJACK,4.611e-10,1.847010,2.000,sotto,riferimento gr3_100k_lzsempre
gr3_100k_lz1s,g3_prima_offset_zero,1000,0,10,100k,A_rel,MAINJACK,4.689e-10,4.258052,2.000,sotto,riferimento gr3_100k_lzmai
gr3_100k_lz1s,g3_prima_offset_zero,1000,0,10,100k,B2,MAINJACK,2.359e-11,2.038958,,sotto,mute da t_ins+t_grad+20 ms a t_rel
gr3_100k_lz1s,g3_prima_offset_zero,1000,0,10,100k,A_ins,FIXJACK1,7.509e-11,1.847833,2.000,sotto,riferimento gr3_100k_lzsempre
gr3_100k_lz1s,g3_prima_offset_zero,1000,0,10,100k,A_rel,FIXJACK1,7.763e-11,4.254812,2.000,sotto,riferimento gr3_100k_lzmai
gr3_100k_lz1s,g3_prima_offset_zero,1000,0,10,100k,B2,FIXJACK1,3.058e-12,2.039844,,sotto,mute da t_ins+t_grad+20 ms a t_rel
gr3_100k_lz1s,g3_prima_offset_zero,1000,0,10,100k,A_ins,FIXJACK2,7.512e-11,1.845896,2.000,sotto,riferimento gr3_100k_lzsempre
gr3_100k_lz1s,g3_prima_offset_zero,1000,0,10,100k,A_rel,FIXJACK2,7.799e-11,4.259365,2.000,sotto,riferimento gr3_100k_lzmai
gr3_100k_lz1s,g3_prima_offset_zero,1000,0,10,100k,B2,FIXJACK2,3.057e-12,2.039854,,sotto,mute da t_ins+t_grad+20 ms a t_rel
gr3_100k_bmmai,g3_prima_offset_zero,1000,3.818,10,100k,C_pav,MAINJACK,0.001244,1.012219,,SOPRA,"pavimento di C a 1.000 s, cond 1"
gr3_100k_bmmai,g3_prima_offset_zero,1000,3.818,10,100k,C_pav,MAINJACK,0.001216,2.259219,,SOPRA,"pavimento di C a 2.100 s, cond 1"
gr3_100k_bmmai,g3_prima_offset_zero,1000,3.818,10,100k,C_pav,FIXJACK1,0.0001912,1.014188,,sotto,"pavimento di C a 1.000 s, cond 1"
gr3_100k_bmmai,g3_prima_offset_zero,1000,3.818,10,100k,C_pav,FIXJACK1,0.0001799,2.285198,,sotto,"pavimento di C a 2.100 s, cond 1"
gr3_100k_bmmai,g3_prima_offset_zero,1000,3.818,10,100k,C_pav,FIXJACK2,0.0001912,1.014188,,sotto,"pavimento di C a 1.000 s, cond 1"
gr3_100k_bmmai,g3_prima_offset_zero,1000,3.818,10,100k,C_pav,FIXJACK2,0.0001799,2.285198,,sotto,"pavimento di C a 2.100 s, cond 1"
gr3_100k_bmsempre,g3_prima_offset_zero,1000,3.818,10,100k,B1,MAINJACK,0.01982,3.252417,,SOPRA,"riferimento sempre in mute, da 0,5 s"
gr3_100k_bmsempre,g3_prima_offset_zero,1000,3.818,10,100k,B1,FIXJACK1,0.008091,2.271510,,SOPRA,"riferimento sempre in mute, da 0,5 s"
gr3_100k_bmsempre,g3_prima_offset_zero,1000,3.818,10,100k,B1,FIXJACK2,0.008091,2.271510,,SOPRA,"riferimento sempre in mute, da 0,5 s"
gr3_100k_lzsempre,g3_prima_offset_zero,1000,0,10,100k,B1,MAINJACK,2.324e-14,4.415656,,sotto,"riferimento sempre in mute, da 0,5 s"
gr3_100k_lzsempre,g3_prima_offset_zero,1000,0,10,100k,B1,FIXJACK1,8.006e-15,8.088031,,sotto,"riferimento sempre in mute, da 0,5 s"
gr3_100k_lzsempre,g3_prima_offset_zero,1000,0,10,100k,B1,FIXJACK2,8.388e-15,9.649385,,sotto,"riferimento sempre in mute, da 0,5 s"
gr3_100k_b20,g3_prima_offset_zero,20,3.818,10,100k,A_ins,MAINJACK,12.77,1.000031,1.100,SOPRA,riferimento gr3_100k_b20sempre
gr3_100k_b20,g3_prima_offset_zero,20,3.818,10,100k,A_rel,MAINJACK,12.77,2.100031,2.000,SOPRA,riferimento gr3_100k_b20mai
gr3_100k_b20,g3_prima_offset_zero,20,3.818,10,100k,B2,MAINJACK,0.01679,2.038375,,SOPRA,mute da t_ins+t_grad+20 ms a t_rel
gr3_100k_b20,g3_prima_offset_zero,20,3.818,10,100k,C1_ins,MAINJACK,0.3513,1.799458,,SOPRA,"diagnostica, cond 7.22"
gr3_100k_b20,g3_prima_offset_zero,20,3.818,10,100k,C1_rel,MAINJACK,0.3683,2.303792,,SOPRA,"diagnostica, cond 7.22"
gr3_100k_b20,g3_prima_offset_zero,20,3.818,10,100k,C2_ins,MAINJACK,0.35,1.799458,,SOPRA,"riferimento gr3_100k_b20sempre, cond 7.22"
gr3_100k_b20,g3_prima_offset_zero,20,3.818,10,100k,C2_rel,MAINJACK,0.3683,2.303792,,SOPRA,"riferimento gr3_100k_b20mai, cond 7.22"
gr3_100k_b20,g3_prima_offset_zero,20,3.818,10,100k,A_ins,FIXJACK1,4.054,1.000031,1.100,SOPRA,riferimento gr3_100k_b20sempre
gr3_100k_b20,g3_prima_offset_zero,20,3.818,10,100k,A_rel,FIXJACK1,4.054,2.100031,2.000,SOPRA,riferimento gr3_100k_b20mai
gr3_100k_b20,g3_prima_offset_zero,20,3.818,10,100k,B2,FIXJACK1,0.005795,2.037344,,SOPRA,mute da t_ins+t_grad+20 ms a t_rel
gr3_100k_b20,g3_prima_offset_zero,20,3.818,10,100k,C1_ins,FIXJACK1,0.02009,1.800042,,SOPRA,"diagnostica, cond 7.22"
gr3_100k_b20,g3_prima_offset_zero,20,3.818,10,100k,C1_rel,FIXJACK1,0.01992,2.324208,,SOPRA,"diagnostica, cond 7.22"
gr3_100k_b20,g3_prima_offset_zero,20,3.818,10,100k,C2_ins,FIXJACK1,0.02009,1.800052,,SOPRA,"riferimento gr3_100k_b20sempre, cond 7.22"
gr3_100k_b20,g3_prima_offset_zero,20,3.818,10,100k,C2_rel,FIXJACK1,0.01992,2.324219,,SOPRA,"riferimento gr3_100k_b20mai, cond 7.22"
gr3_100k_b20,g3_prima_offset_zero,20,3.818,10,100k,A_ins,FIXJACK2,4.054,1.000031,1.100,SOPRA,riferimento gr3_100k_b20sempre
gr3_100k_b20,g3_prima_offset_zero,20,3.818,10,100k,A_rel,FIXJACK2,4.054,2.100031,2.000,SOPRA,riferimento gr3_100k_b20mai
gr3_100k_b20,g3_prima_offset_zero,20,3.818,10,100k,B2,FIXJACK2,0.005795,2.037344,,SOPRA,mute da t_ins+t_grad+20 ms a t_rel
gr3_100k_b20,g3_prima_offset_zero,20,3.818,10,100k,C1_ins,FIXJACK2,0.02009,1.800042,,SOPRA,"diagnostica, cond 7.22"
gr3_100k_b20,g3_prima_offset_zero,20,3.818,10,100k,C1_rel,FIXJACK2,0.01992,2.324208,,SOPRA,"diagnostica, cond 7.22"
gr3_100k_b20,g3_prima_offset_zero,20,3.818,10,100k,C2_ins,FIXJACK2,0.02009,1.800052,,SOPRA,"riferimento gr3_100k_b20sempre, cond 7.22"
gr3_100k_b20,g3_prima_offset_zero,20,3.818,10,100k,C2_rel,FIXJACK2,0.01992,2.324219,,SOPRA,"riferimento gr3_100k_b20mai, cond 7.22"
gr3_100k_b20mai,g3_prima_offset_zero,20,3.818,10,100k,C_pav,MAINJACK,0.0001673,0.997479,,sotto,"pavimento di C a 1.000 s, cond 7.22"
gr3_100k_b20mai,g3_prima_offset_zero,20,3.818,10,100k,C_pav,MAINJACK,0.0001673,2.197500,,sotto,"pavimento di C a 2.100 s, cond 7.22"
gr3_100k_b20mai,g3_prima_offset_zero,20,3.818,10,100k,C_pav,FIXJACK1,1.016e-05,1.047156,,sotto,"pavimento di C a 1.000 s, cond 7.22"
gr3_100k_b20mai,g3_prima_offset_zero,20,3.818,10,100k,C_pav,FIXJACK1,1.016e-05,2.297115,,sotto,"pavimento di C a 2.100 s, cond 7.22"
gr3_100k_b20mai,g3_prima_offset_zero,20,3.818,10,100k,C_pav,FIXJACK2,1.016e-05,1.047156,,sotto,"pavimento di C a 1.000 s, cond 7.22"
gr3_100k_b20mai,g3_prima_offset_zero,20,3.818,10,100k,C_pav,FIXJACK2,1.016e-05,2.297115,,sotto,"pavimento di C a 2.100 s, cond 7.22"
gr3_100k_b20sempre,g3_prima_offset_zero,20,3.818,10,100k,B1,MAINJACK,0.01658,4.238385,,SOPRA,"riferimento sempre in mute, da 0,5 s"
gr3_100k_b20sempre,g3_prima_offset_zero,20,3.818,10,100k,B1,FIXJACK1,0.005723,4.287344,,SOPRA,"riferimento sempre in mute, da 0,5 s"
gr3_100k_b20sempre,g3_prima_offset_zero,20,3.818,10,100k,B1,FIXJACK2,0.005723,4.287344,,SOPRA,"riferimento sempre in mute, da 0,5 s"
gr3_100k_bm3s,g3_prima_offset_zero,1000,3.818,10,100k,A_ins,MAINJACK,12.69,1.000021,2.000,SOPRA,riferimento gr3_100k_bmsempre
gr3_100k_bm3s,g3_prima_offset_zero,1000,3.818,10,100k,A_rel,MAINJACK,12.68,4.100021,2.000,SOPRA,riferimento gr3_100k_bmmai
gr3_100k_bm3s,g3_prima_offset_zero,1000,3.818,10,100k,B2,MAINJACK,0.01983,4.022417,,SOPRA,mute da t_ins+t_grad+20 ms a t_rel
gr3_100k_bm3s,g3_prima_offset_zero,1000,3.818,10,100k,C1_ins,MAINJACK,0.4169,3.396010,,SOPRA,"diagnostica, cond 1"
gr3_100k_bm3s,g3_prima_offset_zero,1000,3.818,10,100k,C1_rel,MAINJACK,0.4161,4.703010,,SOPRA,"diagnostica, cond 1"
gr3_100k_bm3s,g3_prima_offset_zero,1000,3.818,10,100k,C2_ins,MAINJACK,0.4139,3.396010,,SOPRA,"riferimento gr3_100k_bmsempre, cond 1"
gr3_100k_bm3s,g3_prima_offset_zero,1000,3.818,10,100k,C2_rel,MAINJACK,0.4153,4.704010,,SOPRA,"riferimento gr3_100k_bmmai, cond 1"
gr3_100k_bm3s,g3_prima_offset_zero,1000,3.818,10,100k,A_ins,FIXJACK1,4.025,1.000021,2.000,SOPRA,riferimento gr3_100k_bmsempre
gr3_100k_bm3s,g3_prima_offset_zero,1000,3.818,10,100k,A_rel,FIXJACK1,4.025,4.100021,2.000,SOPRA,riferimento gr3_100k_bmmai
gr3_100k_bm3s,g3_prima_offset_zero,1000,3.818,10,100k,B2,FIXJACK1,0.008091,4.029510,,SOPRA,mute da t_ins+t_grad+20 ms a t_rel
gr3_100k_bm3s,g3_prima_offset_zero,1000,3.818,10,100k,C1_ins,FIXJACK1,0.000814,3.360250,,sotto,"diagnostica, cond 1"
gr3_100k_bm3s,g3_prima_offset_zero,1000,3.818,10,100k,C1_rel,FIXJACK1,0.00089,4.736771,,sotto,"diagnostica, cond 1"
gr3_100k_bm3s,g3_prima_offset_zero,1000,3.818,10,100k,C2_ins,FIXJACK1,0.0008146,3.360250,,sotto,"riferimento gr3_100k_bmsempre, cond 1"
gr3_100k_bm3s,g3_prima_offset_zero,1000,3.818,10,100k,C2_rel,FIXJACK1,0.0009115,4.695260,,sotto,"riferimento gr3_100k_bmmai, cond 1"
gr3_100k_bm3s,g3_prima_offset_zero,1000,3.818,10,100k,A_ins,FIXJACK2,4.025,1.000021,2.000,SOPRA,riferimento gr3_100k_bmsempre
gr3_100k_bm3s,g3_prima_offset_zero,1000,3.818,10,100k,A_rel,FIXJACK2,4.025,4.100021,2.000,SOPRA,riferimento gr3_100k_bmmai
gr3_100k_bm3s,g3_prima_offset_zero,1000,3.818,10,100k,B2,FIXJACK2,0.008091,4.029510,,SOPRA,mute da t_ins+t_grad+20 ms a t_rel
gr3_100k_bm3s,g3_prima_offset_zero,1000,3.818,10,100k,C1_ins,FIXJACK2,0.000814,3.360250,,sotto,"diagnostica, cond 1"
gr3_100k_bm3s,g3_prima_offset_zero,1000,3.818,10,100k,C1_rel,FIXJACK2,0.00089,4.736771,,sotto,"diagnostica, cond 1"
gr3_100k_bm3s,g3_prima_offset_zero,1000,3.818,10,100k,C2_ins,FIXJACK2,0.0008146,3.360250,,sotto,"riferimento gr3_100k_bmsempre, cond 1"
gr3_100k_bm3s,g3_prima_offset_zero,1000,3.818,10,100k,C2_rel,FIXJACK2,0.0009115,4.695260,,sotto,"riferimento gr3_100k_bmmai, cond 1"
gr3_100k_lz3s,g3_prima_offset_zero,1000,0,10,100k,A_ins,MAINJACK,1.461e-11,2.978094,2.000,sotto,riferimento gr3_100k_lzsempre
gr3_100k_lz3s,g3_prima_offset_zero,1000,0,10,100k,A_rel,MAINJACK,6.115e-11,6.743385,2.000,sotto,riferimento gr3_100k_lzmai
gr3_100k_lz3s,g3_prima_offset_zero,1000,0,10,100k,B2,MAINJACK,7.458e-12,4.039302,,sotto,mute da t_ins+t_grad+20 ms a t_rel
gr3_100k_lz3s,g3_prima_offset_zero,1000,0,10,100k,A_ins,FIXJACK1,3.628e-12,2.901167,2.000,sotto,riferimento gr3_100k_lzsempre
gr3_100k_lz3s,g3_prima_offset_zero,1000,0,10,100k,A_rel,FIXJACK1,1.724e-11,6.000021,2.000,sotto,riferimento gr3_100k_lzmai
gr3_100k_lz3s,g3_prima_offset_zero,1000,0,10,100k,B2,FIXJACK1,1.138e-12,4.040021,,sotto,mute da t_ins+t_grad+20 ms a t_rel
gr3_100k_lz3s,g3_prima_offset_zero,1000,0,10,100k,A_ins,FIXJACK2,3.647e-12,1.151063,2.000,sotto,riferimento gr3_100k_lzsempre
gr3_100k_lz3s,g3_prima_offset_zero,1000,0,10,100k,A_rel,FIXJACK2,1.786e-11,6.000031,2.000,sotto,riferimento gr3_100k_lzmai
gr3_100k_lz3s,g3_prima_offset_zero,1000,0,10,100k,B2,FIXJACK2,1.138e-12,4.040531,,sotto,mute da t_ins+t_grad+20 ms a t_rel
gr3_10k_bm20ms,g3_prima_offset_zero,1000,3.818,10,10k,A_ins,MAINJACK,12.63,1.000021,0.120,SOPRA,riferimento gr3_10k_bmsempre
gr3_10k_bm20ms,g3_prima_offset_zero,1000,3.818,10,10k,A_rel,MAINJACK,12.63,1.120021,2.000,SOPRA,riferimento gr3_10k_bmmai
gr3_10k_bm20ms,g3_prima_offset_zero,1000,3.818,10,10k,B2,MAINJACK,0.02046,1.040417,,SOPRA,mute da t_ins+t_grad+20 ms a t_rel
gr3_10k_bm20ms,g3_prima_offset_zero,1000,3.818,10,10k,C1_ins,MAINJACK,3.25,1.017500,,SOPRA,"diagnostica, cond 1"
gr3_10k_bm20ms,g3_prima_offset_zero,1000,3.818,10,10k,C1_rel,MAINJACK,3.221,1.122510,,SOPRA,"diagnostica, cond 1"
gr3_10k_bm20ms,g3_prima_offset_zero,1000,3.818,10,10k,C2_ins,MAINJACK,3.248,1.017500,,SOPRA,"riferimento gr3_10k_bmsempre, cond 1"
gr3_10k_bm20ms,g3_prima_offset_zero,1000,3.818,10,10k,C2_rel,MAINJACK,3.222,1.122510,,SOPRA,"riferimento gr3_10k_bmmai, cond 1"
gr3_10k_bm20ms,g3_prima_offset_zero,1000,3.818,10,10k,A_ins,FIXJACK1,4.007,1.000021,0.120,SOPRA,riferimento gr3_10k_bmsempre
gr3_10k_bm20ms,g3_prima_offset_zero,1000,3.818,10,10k,A_rel,FIXJACK1,4.007,1.120021,2.000,SOPRA,riferimento gr3_10k_bmmai
gr3_10k_bm20ms,g3_prima_offset_zero,1000,3.818,10,10k,B2,FIXJACK1,0.008103,1.040500,,SOPRA,mute da t_ins+t_grad+20 ms a t_rel
gr3_10k_bm20ms,g3_prima_offset_zero,1000,3.818,10,10k,C1_ins,FIXJACK1,0.9806,1.017500,,SOPRA,"diagnostica, cond 1"
gr3_10k_bm20ms,g3_prima_offset_zero,1000,3.818,10,10k,C1_rel,FIXJACK1,0.9773,1.126000,,SOPRA,"diagnostica, cond 1"
gr3_10k_bm20ms,g3_prima_offset_zero,1000,3.818,10,10k,C2_ins,FIXJACK1,0.9806,1.017500,,SOPRA,"riferimento gr3_10k_bmsempre, cond 1"
gr3_10k_bm20ms,g3_prima_offset_zero,1000,3.818,10,10k,C2_rel,FIXJACK1,0.9773,1.126000,,SOPRA,"riferimento gr3_10k_bmmai, cond 1"
gr3_10k_bm20ms,g3_prima_offset_zero,1000,3.818,10,10k,A_ins,FIXJACK2,4.007,1.000021,0.120,SOPRA,riferimento gr3_10k_bmsempre
gr3_10k_bm20ms,g3_prima_offset_zero,1000,3.818,10,10k,A_rel,FIXJACK2,4.007,1.120021,2.000,SOPRA,riferimento gr3_10k_bmmai
gr3_10k_bm20ms,g3_prima_offset_zero,1000,3.818,10,10k,B2,FIXJACK2,0.008103,1.040500,,SOPRA,mute da t_ins+t_grad+20 ms a t_rel
gr3_10k_bm20ms,g3_prima_offset_zero,1000,3.818,10,10k,C1_ins,FIXJACK2,0.9806,1.017500,,SOPRA,"diagnostica, cond 1"
gr3_10k_bm20ms,g3_prima_offset_zero,1000,3.818,10,10k,C1_rel,FIXJACK2,0.9773,1.126000,,SOPRA,"diagnostica, cond 1"
gr3_10k_bm20ms,g3_prima_offset_zero,1000,3.818,10,10k,C2_ins,FIXJACK2,0.9806,1.017500,,SOPRA,"riferimento gr3_10k_bmsempre, cond 1"
gr3_10k_bm20ms,g3_prima_offset_zero,1000,3.818,10,10k,C2_rel,FIXJACK2,0.9773,1.126000,,SOPRA,"riferimento gr3_10k_bmmai, cond 1"
gr3_10k_bm200ms,g3_prima_offset_zero,1000,3.818,10,10k,A_ins,MAINJACK,12.63,1.000021,0.300,SOPRA,riferimento gr3_10k_bmsempre
gr3_10k_bm200ms,g3_prima_offset_zero,1000,3.818,10,10k,A_rel,MAINJACK,12.63,1.300021,2.000,SOPRA,riferimento gr3_10k_bmmai
gr3_10k_bm200ms,g3_prima_offset_zero,1000,3.818,10,10k,B2,MAINJACK,0.01987,1.229906,,SOPRA,mute da t_ins+t_grad+20 ms a t_rel
gr3_10k_bm200ms,g3_prima_offset_zero,1000,3.818,10,10k,C1_ins,MAINJACK,0.4815,1.162010,,SOPRA,"diagnostica, cond 1"
gr3_10k_bm200ms,g3_prima_offset_zero,1000,3.818,10,10k,C1_rel,MAINJACK,0.4753,1.338010,,SOPRA,"diagnostica, cond 1"
gr3_10k_bm200ms,g3_prima_offset_zero,1000,3.818,10,10k,C2_ins,MAINJACK,0.4786,1.162010,,SOPRA,"riferimento gr3_10k_bmsempre, cond 1"
gr3_10k_bm200ms,g3_prima_offset_zero,1000,3.818,10,10k,C2_rel,MAINJACK,0.4744,1.338010,,SOPRA,"riferimento gr3_10k_bmmai, cond 1"
gr3_10k_bm200ms,g3_prima_offset_zero,1000,3.818,10,10k,A_ins,FIXJACK1,4.007,1.000021,0.300,SOPRA,riferimento gr3_10k_bmsempre
gr3_10k_bm200ms,g3_prima_offset_zero,1000,3.818,10,10k,A_rel,FIXJACK1,4.007,1.300021,2.000,SOPRA,riferimento gr3_10k_bmmai
gr3_10k_bm200ms,g3_prima_offset_zero,1000,3.818,10,10k,B2,FIXJACK1,0.008091,1.296500,,SOPRA,mute da t_ins+t_grad+20 ms a t_rel
gr3_10k_bm200ms,g3_prima_offset_zero,1000,3.818,10,10k,C1_ins,FIXJACK1,0.03503,1.167969,,SOPRA,"diagnostica, cond 1"
gr3_10k_bm200ms,g3_prima_offset_zero,1000,3.818,10,10k,C1_rel,FIXJACK1,0.03502,1.349469,,SOPRA,"diagnostica, cond 1"
gr3_10k_bm200ms,g3_prima_offset_zero,1000,3.818,10,10k,C2_ins,FIXJACK1,0.03503,1.167969,,SOPRA,"riferimento gr3_10k_bmsempre, cond 1"
gr3_10k_bm200ms,g3_prima_offset_zero,1000,3.818,10,10k,C2_rel,FIXJACK1,0.03502,1.349969,,SOPRA,"riferimento gr3_10k_bmmai, cond 1"
gr3_10k_bm200ms,g3_prima_offset_zero,1000,3.818,10,10k,A_ins,FIXJACK2,4.007,1.000021,0.300,SOPRA,riferimento gr3_10k_bmsempre
gr3_10k_bm200ms,g3_prima_offset_zero,1000,3.818,10,10k,A_rel,FIXJACK2,4.007,1.300021,2.000,SOPRA,riferimento gr3_10k_bmmai
gr3_10k_bm200ms,g3_prima_offset_zero,1000,3.818,10,10k,B2,FIXJACK2,0.008091,1.296500,,SOPRA,mute da t_ins+t_grad+20 ms a t_rel
gr3_10k_bm200ms,g3_prima_offset_zero,1000,3.818,10,10k,C1_ins,FIXJACK2,0.03503,1.167969,,SOPRA,"diagnostica, cond 1"
gr3_10k_bm200ms,g3_prima_offset_zero,1000,3.818,10,10k,C1_rel,FIXJACK2,0.03502,1.349469,,SOPRA,"diagnostica, cond 1"
gr3_10k_bm200ms,g3_prima_offset_zero,1000,3.818,10,10k,C2_ins,FIXJACK2,0.03503,1.167969,,SOPRA,"riferimento gr3_10k_bmsempre, cond 1"
gr3_10k_bm200ms,g3_prima_offset_zero,1000,3.818,10,10k,C2_rel,FIXJACK2,0.03502,1.349969,,SOPRA,"riferimento gr3_10k_bmmai, cond 1"
gr3_10k_bm1s,g3_prima_offset_zero,1000,3.818,10,10k,A_ins,MAINJACK,12.63,1.000021,1.100,SOPRA,riferimento gr3_10k_bmsempre
gr3_10k_bm1s,g3_prima_offset_zero,1000,3.818,10,10k,A_rel,MAINJACK,12.63,2.100021,2.000,SOPRA,riferimento gr3_10k_bmmai
gr3_10k_bm1s,g3_prima_offset_zero,1000,3.818,10,10k,B2,MAINJACK,0.01985,2.099417,,SOPRA,mute da t_ins+t_grad+20 ms a t_rel
gr3_10k_bm1s,g3_prima_offset_zero,1000,3.818,10,10k,C1_ins,MAINJACK,0.4181,1.799010,,SOPRA,"diagnostica, cond 1"
gr3_10k_bm1s,g3_prima_offset_zero,1000,3.818,10,10k,C1_rel,MAINJACK,0.4167,2.301010,,SOPRA,"diagnostica, cond 1"
gr3_10k_bm1s,g3_prima_offset_zero,1000,3.818,10,10k,C2_ins,MAINJACK,0.4151,1.799010,,SOPRA,"riferimento gr3_10k_bmsempre, cond 1"
gr3_10k_bm1s,g3_prima_offset_zero,1000,3.818,10,10k,C2_rel,MAINJACK,0.4158,2.301010,,SOPRA,"riferimento gr3_10k_bmmai, cond 1"
gr3_10k_bm1s,g3_prima_offset_zero,1000,3.818,10,10k,A_ins,FIXJACK1,4.007,1.000021,1.100,SOPRA,riferimento gr3_10k_bmsempre
gr3_10k_bm1s,g3_prima_offset_zero,1000,3.818,10,10k,A_rel,FIXJACK1,4.007,2.100021,2.000,SOPRA,riferimento gr3_10k_bmmai
gr3_10k_bm1s,g3_prima_offset_zero,1000,3.818,10,10k,B2,FIXJACK1,0.008091,2.028500,,SOPRA,mute da t_ins+t_grad+20 ms a t_rel
gr3_10k_bm1s,g3_prima_offset_zero,1000,3.818,10,10k,C1_ins,FIXJACK1,0.002476,1.820875,,SOPRA,"diagnostica, cond 1"
gr3_10k_bm1s,g3_prima_offset_zero,1000,3.818,10,10k,C1_rel,FIXJACK1,0.002462,2.321813,,SOPRA,"diagnostica, cond 1"
gr3_10k_bm1s,g3_prima_offset_zero,1000,3.818,10,10k,C2_ins,FIXJACK1,0.002475,1.820875,,SOPRA,"riferimento gr3_10k_bmsempre, cond 1"
gr3_10k_bm1s,g3_prima_offset_zero,1000,3.818,10,10k,C2_rel,FIXJACK1,0.002528,2.331844,,SOPRA,"riferimento gr3_10k_bmmai, cond 1"
gr3_10k_bm1s,g3_prima_offset_zero,1000,3.818,10,10k,A_ins,FIXJACK2,4.007,1.000021,1.100,SOPRA,riferimento gr3_10k_bmsempre
gr3_10k_bm1s,g3_prima_offset_zero,1000,3.818,10,10k,A_rel,FIXJACK2,4.007,2.100021,2.000,SOPRA,riferimento gr3_10k_bmmai
gr3_10k_bm1s,g3_prima_offset_zero,1000,3.818,10,10k,B2,FIXJACK2,0.008091,2.028500,,SOPRA,mute da t_ins+t_grad+20 ms a t_rel
gr3_10k_bm1s,g3_prima_offset_zero,1000,3.818,10,10k,C1_ins,FIXJACK2,0.002476,1.820875,,SOPRA,"diagnostica, cond 1"
gr3_10k_bm1s,g3_prima_offset_zero,1000,3.818,10,10k,C1_rel,FIXJACK2,0.002462,2.321813,,SOPRA,"diagnostica, cond 1"
gr3_10k_bm1s,g3_prima_offset_zero,1000,3.818,10,10k,C2_ins,FIXJACK2,0.002475,1.820875,,SOPRA,"riferimento gr3_10k_bmsempre, cond 1"
gr3_10k_bm1s,g3_prima_offset_zero,1000,3.818,10,10k,C2_rel,FIXJACK2,0.002528,2.331844,,SOPRA,"riferimento gr3_10k_bmmai, cond 1"
gr3_10k_lz20ms,g3_prima_offset_zero,1000,0,10,10k,A_ins,MAINJACK,4.74e-08,1.017292,2.000,sotto,riferimento gr3_10k_lzsempre
gr3_10k_lz20ms,g3_prima_offset_zero,1000,0,10,10k,A_rel,MAINJACK,4.716e-08,3.025500,2.000,sotto,riferimento gr3_10k_lzmai
gr3_10k_lz20ms,g3_prima_offset_zero,1000,0,10,10k,B2,MAINJACK,1.234e-08,1.040000,,sotto,mute da t_ins+t_grad+20 ms a t_rel
gr3_10k_lz20ms,g3_prima_offset_zero,1000,0,10,10k,A_ins,FIXJACK1,7.782e-09,1.017292,2.000,sotto,riferimento gr3_10k_lzsempre
gr3_10k_lz20ms,g3_prima_offset_zero,1000,0,10,10k,A_rel,FIXJACK1,7.743e-09,3.025542,2.000,sotto,riferimento gr3_10k_lzmai
gr3_10k_lz20ms,g3_prima_offset_zero,1000,0,10,10k,B2,FIXJACK1,2.029e-09,1.040000,,sotto,mute da t_ins+t_grad+20 ms a t_rel
gr3_10k_lz20ms,g3_prima_offset_zero,1000,0,10,10k,A_ins,FIXJACK2,7.782e-09,1.017292,2.000,sotto,riferimento gr3_10k_lzsempre
gr3_10k_lz20ms,g3_prima_offset_zero,1000,0,10,10k,A_rel,FIXJACK2,7.743e-09,3.025500,2.000,sotto,riferimento gr3_10k_lzmai
gr3_10k_lz20ms,g3_prima_offset_zero,1000,0,10,10k,B2,FIXJACK2,2.029e-09,1.040000,,sotto,mute da t_ins+t_grad+20 ms a t_rel
gr3_10k_lz200ms,g3_prima_offset_zero,1000,0,10,10k,A_ins,MAINJACK,7.583e-09,1.181302,2.000,sotto,riferimento gr3_10k_lzsempre
gr3_10k_lz200ms,g3_prima_offset_zero,1000,0,10,10k,A_rel,MAINJACK,7.549e-09,3.263688,2.000,sotto,riferimento gr3_10k_lzmai
gr3_10k_lz200ms,g3_prima_offset_zero,1000,0,10,10k,B2,MAINJACK,1.044e-09,1.220000,,sotto,mute da t_ins+t_grad+20 ms a t_rel
gr3_10k_lz200ms,g3_prima_offset_zero,1000,0,10,10k,A_ins,FIXJACK1,1.244e-09,1.181427,2.000,sotto,riferimento gr3_10k_lzsempre
gr3_10k_lz200ms,g3_prima_offset_zero,1000,0,10,10k,A_rel,FIXJACK1,1.239e-09,3.263458,2.000,sotto,riferimento gr3_10k_lzmai
gr3_10k_lz200ms,g3_prima_offset_zero,1000,0,10,10k,B2,FIXJACK1,1.68e-10,1.220000,,sotto,mute da t_ins+t_grad+20 ms a t_rel
gr3_10k_lz200ms,g3_prima_offset_zero,1000,0,10,10k,A_ins,FIXJACK2,1.244e-09,1.181312,2.000,sotto,riferimento gr3_10k_lzsempre
gr3_10k_lz200ms,g3_prima_offset_zero,1000,0,10,10k,A_rel,FIXJACK2,1.24e-09,3.263677,2.000,sotto,riferimento gr3_10k_lzmai
gr3_10k_lz200ms,g3_prima_offset_zero,1000,0,10,10k,B2,FIXJACK2,1.68e-10,1.220000,,sotto,mute da t_ins+t_grad+20 ms a t_rel
gr3_10k_lz1s,g3_prima_offset_zero,1000,0,10,10k,A_ins,MAINJACK,3.909e-10,1.830104,2.000,sotto,riferimento gr3_10k_lzsempre
gr3_10k_lz1s,g3_prima_offset_zero,1000,0,10,10k,A_rel,MAINJACK,3.956e-10,4.241573,2.000,sotto,riferimento gr3_10k_lzmai
gr3_10k_lz1s,g3_prima_offset_zero,1000,0,10,10k,B2,MAINJACK,3.938e-11,2.025010,,sotto,mute da t_ins+t_grad+20 ms a t_rel
gr3_10k_lz1s,g3_prima_offset_zero,1000,0,10,10k,A_ins,FIXJACK1,6.503e-11,1.830917,2.000,sotto,riferimento gr3_10k_lzsempre
gr3_10k_lz1s,g3_prima_offset_zero,1000,0,10,10k,A_rel,FIXJACK1,6.734e-11,4.242656,2.000,sotto,riferimento gr3_10k_lzmai
gr3_10k_lz1s,g3_prima_offset_zero,1000,0,10,10k,B2,FIXJACK1,6.641e-12,2.025177,,sotto,mute da t_ins+t_grad+20 ms a t_rel
gr3_10k_lz1s,g3_prima_offset_zero,1000,0,10,10k,A_ins,FIXJACK2,6.517e-11,1.830917,2.000,sotto,riferimento gr3_10k_lzsempre
gr3_10k_lz1s,g3_prima_offset_zero,1000,0,10,10k,A_rel,FIXJACK2,6.723e-11,4.243760,2.000,sotto,riferimento gr3_10k_lzmai
gr3_10k_lz1s,g3_prima_offset_zero,1000,0,10,10k,B2,FIXJACK2,6.643e-12,2.025125,,sotto,mute da t_ins+t_grad+20 ms a t_rel
gr3_10k_bmmai,g3_prima_offset_zero,1000,3.818,10,10k,C_pav,MAINJACK,0.001278,1.024729,,SOPRA,"pavimento di C a 1.000 s, cond 1"
gr3_10k_bmmai,g3_prima_offset_zero,1000,3.818,10,10k,C_pav,MAINJACK,0.001235,2.129729,,SOPRA,"pavimento di C a 2.100 s, cond 1"
gr3_10k_bmmai,g3_prima_offset_zero,1000,3.818,10,10k,C_pav,FIXJACK1,0.0001947,1.024729,,sotto,"pavimento di C a 1.000 s, cond 1"
gr3_10k_bmmai,g3_prima_offset_zero,1000,3.818,10,10k,C_pav,FIXJACK1,0.0001821,2.188198,,sotto,"pavimento di C a 2.100 s, cond 1"
gr3_10k_bmmai,g3_prima_offset_zero,1000,3.818,10,10k,C_pav,FIXJACK2,0.0001947,1.024729,,sotto,"pavimento di C a 1.000 s, cond 1"
gr3_10k_bmmai,g3_prima_offset_zero,1000,3.818,10,10k,C_pav,FIXJACK2,0.0001821,2.188198,,sotto,"pavimento di C a 2.100 s, cond 1"
gr3_10k_bmsempre,g3_prima_offset_zero,1000,3.818,10,10k,B1,MAINJACK,0.01986,8.044417,,SOPRA,"riferimento sempre in mute, da 0,5 s"
gr3_10k_bmsempre,g3_prima_offset_zero,1000,3.818,10,10k,B1,FIXJACK1,0.008091,5.505500,,SOPRA,"riferimento sempre in mute, da 0,5 s"
gr3_10k_bmsempre,g3_prima_offset_zero,1000,3.818,10,10k,B1,FIXJACK2,0.008091,5.505500,,SOPRA,"riferimento sempre in mute, da 0,5 s"
gr3_10k_lzsempre,g3_prima_offset_zero,1000,0,10,10k,B1,MAINJACK,2.398e-14,9.668260,,sotto,"riferimento sempre in mute, da 0,5 s"
gr3_10k_lzsempre,g3_prima_offset_zero,1000,0,10,10k,B1,FIXJACK1,7.97e-15,5.632583,,sotto,"riferimento sempre in mute, da 0,5 s"
gr3_10k_lzsempre,g3_prima_offset_zero,1000,0,10,10k,B1,FIXJACK2,8.806e-15,5.980833,,sotto,"riferimento sempre in mute, da 0,5 s"
gr3_10k_bm3s,g3_prima_offset_zero,1000,3.818,10,10k,A_ins,MAINJACK,12.63,1.000021,2.000,SOPRA,riferimento gr3_10k_bmsempre
gr3_10k_bm3s,g3_prima_offset_zero,1000,3.818,10,10k,A_rel,MAINJACK,12.63,4.100021,2.000,SOPRA,riferimento gr3_10k_bmmai
gr3_10k_bm3s,g3_prima_offset_zero,1000,3.818,10,10k,B2,MAINJACK,0.01986,4.020417,,SOPRA,mute da t_ins+t_grad+20 ms a t_rel
gr3_10k_bm3s,g3_prima_offset_zero,1000,3.818,10,10k,C1_ins,MAINJACK,0.4169,3.395010,,SOPRA,"diagnostica, cond 1"
gr3_10k_bm3s,g3_prima_offset_zero,1000,3.818,10,10k,C1_rel,MAINJACK,0.4162,4.704010,,SOPRA,"diagnostica, cond 1"
gr3_10k_bm3s,g3_prima_offset_zero,1000,3.818,10,10k,C2_ins,MAINJACK,0.414,3.395010,,SOPRA,"riferimento gr3_10k_bmsempre, cond 1"
gr3_10k_bm3s,g3_prima_offset_zero,1000,3.818,10,10k,C2_rel,MAINJACK,0.4153,4.704010,,SOPRA,"riferimento gr3_10k_bmmai, cond 1"
gr3_10k_bm3s,g3_prima_offset_zero,1000,3.818,10,10k,A_ins,FIXJACK1,4.007,1.000021,2.000,SOPRA,riferimento gr3_10k_bmsempre
gr3_10k_bm3s,g3_prima_offset_zero,1000,3.818,10,10k,A_rel,FIXJACK1,4.007,4.100021,2.000,SOPRA,riferimento gr3_10k_bmmai
gr3_10k_bm3s,g3_prima_offset_zero,1000,3.818,10,10k,B2,FIXJACK1,0.008091,4.028500,,SOPRA,mute da t_ins+t_grad+20 ms a t_rel
gr3_10k_bm3s,g3_prima_offset_zero,1000,3.818,10,10k,C1_ins,FIXJACK1,0.0008211,3.357250,,sotto,"diagnostica, cond 1"
gr3_10k_bm3s,g3_prima_offset_zero,1000,3.818,10,10k,C1_rel,FIXJACK1,0.0008925,4.713781,,sotto,"diagnostica, cond 1"
gr3_10k_bm3s,g3_prima_offset_zero,1000,3.818,10,10k,C2_ins,FIXJACK1,0.0008219,3.357250,,sotto,"riferimento gr3_10k_bmsempre, cond 1"
gr3_10k_bm3s,g3_prima_offset_zero,1000,3.818,10,10k,C2_rel,FIXJACK1,0.0009203,4.699250,,sotto,"riferimento gr3_10k_bmmai, cond 1"
gr3_10k_bm3s,g3_prima_offset_zero,1000,3.818,10,10k,A_ins,FIXJACK2,4.007,1.000021,2.000,SOPRA,riferimento gr3_10k_bmsempre
gr3_10k_bm3s,g3_prima_offset_zero,1000,3.818,10,10k,A_rel,FIXJACK2,4.007,4.100021,2.000,SOPRA,riferimento gr3_10k_bmmai
gr3_10k_bm3s,g3_prima_offset_zero,1000,3.818,10,10k,B2,FIXJACK2,0.008091,4.028500,,SOPRA,mute da t_ins+t_grad+20 ms a t_rel
gr3_10k_bm3s,g3_prima_offset_zero,1000,3.818,10,10k,C1_ins,FIXJACK2,0.0008211,3.357250,,sotto,"diagnostica, cond 1"
gr3_10k_bm3s,g3_prima_offset_zero,1000,3.818,10,10k,C1_rel,FIXJACK2,0.0008925,4.713781,,sotto,"diagnostica, cond 1"
gr3_10k_bm3s,g3_prima_offset_zero,1000,3.818,10,10k,C2_ins,FIXJACK2,0.0008219,3.357250,,sotto,"riferimento gr3_10k_bmsempre, cond 1"
gr3_10k_bm3s,g3_prima_offset_zero,1000,3.818,10,10k,C2_rel,FIXJACK2,0.0009203,4.699250,,sotto,"riferimento gr3_10k_bmmai, cond 1"
gr3_10k_lz3s,g3_prima_offset_zero,1000,0,10,10k,A_ins,MAINJACK,1.222e-11,2.480323,2.000,sotto,riferimento gr3_10k_lzsempre
gr3_10k_lz3s,g3_prima_offset_zero,1000,0,10,10k,A_rel,MAINJACK,3.375e-11,6.666323,2.000,sotto,riferimento gr3_10k_lzmai
gr3_10k_lz3s,g3_prima_offset_zero,1000,0,10,10k,B2,MAINJACK,2.549e-12,4.035875,,sotto,mute da t_ins+t_grad+20 ms a t_rel
gr3_10k_lz3s,g3_prima_offset_zero,1000,0,10,10k,A_ins,FIXJACK1,4.085e-12,1.421563,2.000,sotto,riferimento gr3_10k_lzsempre
gr3_10k_lz3s,g3_prima_offset_zero,1000,0,10,10k,A_rel,FIXJACK1,7.19e-12,6.699604,2.000,sotto,riferimento gr3_10k_lzmai
gr3_10k_lz3s,g3_prima_offset_zero,1000,0,10,10k,B2,FIXJACK1,4.232e-13,4.036552,,sotto,mute da t_ins+t_grad+20 ms a t_rel
gr3_10k_lz3s,g3_prima_offset_zero,1000,0,10,10k,A_ins,FIXJACK2,3.701e-12,1.963656,2.000,sotto,riferimento gr3_10k_lzsempre
gr3_10k_lz3s,g3_prima_offset_zero,1000,0,10,10k,A_rel,FIXJACK2,7.128e-12,6.672198,2.000,sotto,riferimento gr3_10k_lzmai
gr3_10k_lz3s,g3_prima_offset_zero,1000,0,10,10k,B2,FIXJACK2,4.226e-13,4.037000,,sotto,mute da t_ins+t_grad+20 ms a t_rel
gr4_100k_bm20ms,g4_serie,1000,3.818,10,100k,A_ins,MAINJACK,12.7,1.000021,0.120,SOPRA,riferimento gr4_100k_bmsempre
gr4_100k_bm20ms,g4_serie,1000,3.818,10,100k,A_rel,MAINJACK,12.7,1.120021,2.000,SOPRA,riferimento gr4_100k_bmmai
gr4_100k_bm20ms,g4_serie,1000,3.818,10,100k,B2,MAINJACK,9.141e-06,1.040490,,sotto,mute da t_ins+t_grad+20 ms a t_rel
gr4_100k_bm20ms,g4_serie,1000,3.818,10,100k,C1_ins,MAINJACK,3.072,1.010500,,SOPRA,"diagnostica, cond 1"
gr4_100k_bm20ms,g4_serie,1000,3.818,10,100k,C1_rel,MAINJACK,3.065,1.133000,,SOPRA,"diagnostica, cond 1"
gr4_100k_bm20ms,g4_serie,1000,3.818,10,100k,C2_ins,MAINJACK,3.072,1.010500,,SOPRA,"riferimento gr4_100k_bmsempre, cond 1"
gr4_100k_bm20ms,g4_serie,1000,3.818,10,100k,C2_rel,MAINJACK,3.066,1.133000,,SOPRA,"riferimento gr4_100k_bmmai, cond 1"
gr4_100k_bm20ms,g4_serie,1000,3.818,10,100k,A_ins,FIXJACK1,4.033,1.000021,0.120,SOPRA,riferimento gr4_100k_bmsempre
gr4_100k_bm20ms,g4_serie,1000,3.818,10,100k,A_rel,FIXJACK1,4.033,1.120021,2.000,SOPRA,riferimento gr4_100k_bmmai
gr4_100k_bm20ms,g4_serie,1000,3.818,10,100k,B2,FIXJACK1,2.349e-06,1.040500,,sotto,mute da t_ins+t_grad+20 ms a t_rel
gr4_100k_bm20ms,g4_serie,1000,3.818,10,100k,C1_ins,FIXJACK1,0.9829,1.132500,,SOPRA,"diagnostica, cond 1"
gr4_100k_bm20ms,g4_serie,1000,3.818,10,100k,C1_rel,FIXJACK1,0.9829,1.132500,,SOPRA,"diagnostica, cond 1"
gr4_100k_bm20ms,g4_serie,1000,3.818,10,100k,C2_ins,FIXJACK1,0.9829,1.132500,,SOPRA,"riferimento gr4_100k_bmsempre, cond 1"
gr4_100k_bm20ms,g4_serie,1000,3.818,10,100k,C2_rel,FIXJACK1,0.9828,1.132500,,SOPRA,"riferimento gr4_100k_bmmai, cond 1"
gr4_100k_bm20ms,g4_serie,1000,3.818,10,100k,A_ins,FIXJACK2,4.033,1.000021,0.120,SOPRA,riferimento gr4_100k_bmsempre
gr4_100k_bm20ms,g4_serie,1000,3.818,10,100k,A_rel,FIXJACK2,4.033,1.120021,2.000,SOPRA,riferimento gr4_100k_bmmai
gr4_100k_bm20ms,g4_serie,1000,3.818,10,100k,B2,FIXJACK2,2.349e-06,1.040500,,sotto,mute da t_ins+t_grad+20 ms a t_rel
gr4_100k_bm20ms,g4_serie,1000,3.818,10,100k,C1_ins,FIXJACK2,0.9829,1.132500,,SOPRA,"diagnostica, cond 1"
gr4_100k_bm20ms,g4_serie,1000,3.818,10,100k,C1_rel,FIXJACK2,0.9829,1.132500,,SOPRA,"diagnostica, cond 1"
gr4_100k_bm20ms,g4_serie,1000,3.818,10,100k,C2_ins,FIXJACK2,0.9829,1.132500,,SOPRA,"riferimento gr4_100k_bmsempre, cond 1"
gr4_100k_bm20ms,g4_serie,1000,3.818,10,100k,C2_rel,FIXJACK2,0.9828,1.132500,,SOPRA,"riferimento gr4_100k_bmmai, cond 1"
gr4_100k_bm200ms,g4_serie,1000,3.818,10,100k,A_ins,MAINJACK,12.7,1.000021,0.300,SOPRA,riferimento gr4_100k_bmsempre
gr4_100k_bm200ms,g4_serie,1000,3.818,10,100k,A_rel,MAINJACK,12.7,1.300021,2.000,SOPRA,riferimento gr4_100k_bmmai
gr4_100k_bm200ms,g4_serie,1000,3.818,10,100k,B2,MAINJACK,1.652e-06,1.225010,,sotto,mute da t_ins+t_grad+20 ms a t_rel
gr4_100k_bm200ms,g4_serie,1000,3.818,10,100k,C1_ins,MAINJACK,0.1107,1.098969,,SOPRA,"diagnostica, cond 1"
gr4_100k_bm200ms,g4_serie,1000,3.818,10,100k,C1_rel,MAINJACK,0.1112,1.418469,,SOPRA,"diagnostica, cond 1"
gr4_100k_bm200ms,g4_serie,1000,3.818,10,100k,C2_ins,MAINJACK,0.1107,1.098969,,SOPRA,"riferimento gr4_100k_bmsempre, cond 1"
gr4_100k_bm200ms,g4_serie,1000,3.818,10,100k,C2_rel,MAINJACK,0.111,1.418969,,SOPRA,"riferimento gr4_100k_bmmai, cond 1"
gr4_100k_bm200ms,g4_serie,1000,3.818,10,100k,A_ins,FIXJACK1,4.033,1.000021,0.300,SOPRA,riferimento gr4_100k_bmsempre
gr4_100k_bm200ms,g4_serie,1000,3.818,10,100k,A_rel,FIXJACK1,4.033,1.300021,2.000,SOPRA,riferimento gr4_100k_bmmai
gr4_100k_bm200ms,g4_serie,1000,3.818,10,100k,B2,FIXJACK1,6.29e-07,1.227010,,sotto,mute da t_ins+t_grad+20 ms a t_rel
gr4_100k_bm200ms,g4_serie,1000,3.818,10,100k,C1_ins,FIXJACK1,0.03515,1.099969,,SOPRA,"diagnostica, cond 1"
gr4_100k_bm200ms,g4_serie,1000,3.818,10,100k,C1_rel,FIXJACK1,0.0352,1.417469,,SOPRA,"diagnostica, cond 1"
gr4_100k_bm200ms,g4_serie,1000,3.818,10,100k,C2_ins,FIXJACK1,0.03515,1.099969,,SOPRA,"riferimento gr4_100k_bmsempre, cond 1"
gr4_100k_bm200ms,g4_serie,1000,3.818,10,100k,C2_rel,FIXJACK1,0.03514,1.417469,,SOPRA,"riferimento gr4_100k_bmmai, cond 1"
gr4_100k_bm200ms,g4_serie,1000,3.818,10,100k,A_ins,FIXJACK2,4.033,1.000021,0.300,SOPRA,riferimento gr4_100k_bmsempre
gr4_100k_bm200ms,g4_serie,1000,3.818,10,100k,A_rel,FIXJACK2,4.033,1.300021,2.000,SOPRA,riferimento gr4_100k_bmmai
gr4_100k_bm200ms,g4_serie,1000,3.818,10,100k,B2,FIXJACK2,6.29e-07,1.227010,,sotto,mute da t_ins+t_grad+20 ms a t_rel
gr4_100k_bm200ms,g4_serie,1000,3.818,10,100k,C1_ins,FIXJACK2,0.03515,1.099969,,SOPRA,"diagnostica, cond 1"
gr4_100k_bm200ms,g4_serie,1000,3.818,10,100k,C1_rel,FIXJACK2,0.0352,1.417469,,SOPRA,"diagnostica, cond 1"
gr4_100k_bm200ms,g4_serie,1000,3.818,10,100k,C2_ins,FIXJACK2,0.03515,1.099969,,SOPRA,"riferimento gr4_100k_bmsempre, cond 1"
gr4_100k_bm200ms,g4_serie,1000,3.818,10,100k,C2_rel,FIXJACK2,0.03514,1.417469,,SOPRA,"riferimento gr4_100k_bmmai, cond 1"
gr4_100k_bm1s,g4_serie,1000,3.818,10,100k,A_ins,MAINJACK,12.7,1.000021,1.100,SOPRA,riferimento gr4_100k_bmsempre
gr4_100k_bm1s,g4_serie,1000,3.818,10,100k,A_rel,MAINJACK,12.7,2.100021,2.000,SOPRA,riferimento gr4_100k_bmmai
gr4_100k_bm1s,g4_serie,1000,3.818,10,100k,B2,MAINJACK,1.652e-06,2.023510,,sotto,mute da t_ins+t_grad+20 ms a t_rel
gr4_100k_bm1s,g4_serie,1000,3.818,10,100k,C1_ins,MAINJACK,0.007721,1.469333,,SOPRA,"diagnostica, cond 1"
gr4_100k_bm1s,g4_serie,1000,3.818,10,100k,C1_rel,MAINJACK,0.007896,2.664813,,SOPRA,"diagnostica, cond 1"
gr4_100k_bm1s,g4_serie,1000,3.818,10,100k,C2_ins,MAINJACK,0.007721,1.469333,,SOPRA,"riferimento gr4_100k_bmsempre, cond 1"
gr4_100k_bm1s,g4_serie,1000,3.818,10,100k,C2_rel,MAINJACK,0.008022,2.677344,,SOPRA,"riferimento gr4_100k_bmmai, cond 1"
gr4_100k_bm1s,g4_serie,1000,3.818,10,100k,A_ins,FIXJACK1,4.033,1.000021,1.100,SOPRA,riferimento gr4_100k_bmsempre
gr4_100k_bm1s,g4_serie,1000,3.818,10,100k,A_rel,FIXJACK1,4.033,2.100021,2.000,SOPRA,riferimento gr4_100k_bmmai
gr4_100k_bm1s,g4_serie,1000,3.818,10,100k,B2,FIXJACK1,6.289e-07,2.023510,,sotto,mute da t_ins+t_grad+20 ms a t_rel
gr4_100k_bm1s,g4_serie,1000,3.818,10,100k,C1_ins,FIXJACK1,0.002437,1.474854,,SOPRA,"diagnostica, cond 1"
gr4_100k_bm1s,g4_serie,1000,3.818,10,100k,C1_rel,FIXJACK1,0.002467,2.669354,,SOPRA,"diagnostica, cond 1"
gr4_100k_bm1s,g4_serie,1000,3.818,10,100k,C2_ins,FIXJACK1,0.002437,1.474854,,SOPRA,"riferimento gr4_100k_bmsempre, cond 1"
gr4_100k_bm1s,g4_serie,1000,3.818,10,100k,C2_rel,FIXJACK1,0.002532,2.670854,,SOPRA,"riferimento gr4_100k_bmmai, cond 1"
gr4_100k_bm1s,g4_serie,1000,3.818,10,100k,A_ins,FIXJACK2,4.033,1.000021,1.100,SOPRA,riferimento gr4_100k_bmsempre
gr4_100k_bm1s,g4_serie,1000,3.818,10,100k,A_rel,FIXJACK2,4.033,2.100021,2.000,SOPRA,riferimento gr4_100k_bmmai
gr4_100k_bm1s,g4_serie,1000,3.818,10,100k,B2,FIXJACK2,6.289e-07,2.023510,,sotto,mute da t_ins+t_grad+20 ms a t_rel
gr4_100k_bm1s,g4_serie,1000,3.818,10,100k,C1_ins,FIXJACK2,0.002437,1.474854,,SOPRA,"diagnostica, cond 1"
gr4_100k_bm1s,g4_serie,1000,3.818,10,100k,C1_rel,FIXJACK2,0.002467,2.669354,,SOPRA,"diagnostica, cond 1"
gr4_100k_bm1s,g4_serie,1000,3.818,10,100k,C2_ins,FIXJACK2,0.002437,1.474854,,SOPRA,"riferimento gr4_100k_bmsempre, cond 1"
gr4_100k_bm1s,g4_serie,1000,3.818,10,100k,C2_rel,FIXJACK2,0.002532,2.670854,,SOPRA,"riferimento gr4_100k_bmmai, cond 1"
gr4_100k_lz20ms,g4_serie,1000,0,10,100k,A_ins,MAINJACK,1.649e-11,1.000073,2.000,sotto,riferimento gr4_100k_lzsempre
gr4_100k_lz20ms,g4_serie,1000,0,10,100k,A_rel,MAINJACK,1.595e-11,4.277271,2.000,sotto,riferimento gr4_100k_lzmai
gr4_100k_lz20ms,g4_serie,1000,0,10,100k,B2,MAINJACK,9.907e-13,1.040000,,sotto,mute da t_ins+t_grad+20 ms a t_rel
gr4_100k_lz20ms,g4_serie,1000,0,10,100k,A_ins,FIXJACK1,1.247e-11,1.000083,2.000,sotto,riferimento gr4_100k_lzsempre
gr4_100k_lz20ms,g4_serie,1000,0,10,100k,A_rel,FIXJACK1,5.018e-12,3.032615,2.000,sotto,riferimento gr4_100k_lzmai
gr4_100k_lz20ms,g4_serie,1000,0,10,100k,B2,FIXJACK1,9.076e-13,1.040000,,sotto,mute da t_ins+t_grad+20 ms a t_rel
gr4_100k_lz20ms,g4_serie,1000,0,10,100k,A_ins,FIXJACK2,1.198e-11,1.000083,2.000,sotto,riferimento gr4_100k_lzsempre
gr4_100k_lz20ms,g4_serie,1000,0,10,100k,A_rel,FIXJACK2,4.883e-12,4.307406,2.000,sotto,riferimento gr4_100k_lzmai
gr4_100k_lz20ms,g4_serie,1000,0,10,100k,B2,FIXJACK2,9.06e-13,1.040000,,sotto,mute da t_ins+t_grad+20 ms a t_rel
gr4_100k_lz200ms,g4_serie,1000,0,10,100k,A_ins,MAINJACK,1.639e-11,1.000823,2.000,sotto,riferimento gr4_100k_lzsempre
gr4_100k_lz200ms,g4_serie,1000,0,10,100k,A_rel,MAINJACK,1.568e-11,4.097073,2.000,sotto,riferimento gr4_100k_lzmai
gr4_100k_lz200ms,g4_serie,1000,0,10,100k,B2,MAINJACK,4.26e-17,1.225396,,sotto,mute da t_ins+t_grad+20 ms a t_rel
gr4_100k_lz200ms,g4_serie,1000,0,10,100k,A_ins,FIXJACK1,1.239e-11,1.000031,2.000,sotto,riferimento gr4_100k_lzsempre
gr4_100k_lz200ms,g4_serie,1000,0,10,100k,A_rel,FIXJACK1,4.524e-12,4.784219,2.000,sotto,riferimento gr4_100k_lzmai
gr4_100k_lz200ms,g4_serie,1000,0,10,100k,B2,FIXJACK1,4.039e-17,1.226229,,sotto,mute da t_ins+t_grad+20 ms a t_rel
gr4_100k_lz200ms,g4_serie,1000,0,10,100k,A_ins,FIXJACK2,1.18e-11,1.000031,2.000,sotto,riferimento gr4_100k_lzsempre
gr4_100k_lz200ms,g4_serie,1000,0,10,100k,A_rel,FIXJACK2,4.858e-12,3.616760,2.000,sotto,riferimento gr4_100k_lzmai
gr4_100k_lz200ms,g4_serie,1000,0,10,100k,B2,FIXJACK2,4.02e-17,1.226646,,sotto,mute da t_ins+t_grad+20 ms a t_rel
gr4_100k_lz1s,g4_serie,1000,0,10,100k,A_ins,MAINJACK,1.807e-11,1.000302,2.000,sotto,riferimento gr4_100k_lzsempre
gr4_100k_lz1s,g4_serie,1000,0,10,100k,A_rel,MAINJACK,1.493e-11,5.212948,2.000,sotto,riferimento gr4_100k_lzmai
gr4_100k_lz1s,g4_serie,1000,0,10,100k,B2,MAINJACK,1.481e-18,3.543510,,sotto,mute da t_ins+t_grad+20 ms a t_rel
gr4_100k_lz1s,g4_serie,1000,0,10,100k,A_ins,FIXJACK1,1.232e-11,1.000115,2.000,sotto,riferimento gr4_100k_lzsempre
gr4_100k_lz1s,g4_serie,1000,0,10,100k,A_rel,FIXJACK1,4.721e-12,4.814458,2.000,sotto,riferimento gr4_100k_lzmai
gr4_100k_lz1s,g4_serie,1000,0,10,100k,B2,FIXJACK1,5.299e-19,3.820729,,sotto,mute da t_ins+t_grad+20 ms a t_rel
gr4_100k_lz1s,g4_serie,1000,0,10,100k,A_ins,FIXJACK2,1.274e-11,1.000115,2.000,sotto,riferimento gr4_100k_lzsempre
gr4_100k_lz1s,g4_serie,1000,0,10,100k,A_rel,FIXJACK2,4.755e-12,5.898177,2.000,sotto,riferimento gr4_100k_lzmai
gr4_100k_lz1s,g4_serie,1000,0,10,100k,B2,FIXJACK2,5.75e-19,2.039271,,sotto,mute da t_ins+t_grad+20 ms a t_rel
gr4_100k_bmmai,g4_serie,1000,3.818,10,100k,C_pav,MAINJACK,0.001098,1.002219,,SOPRA,"pavimento di C a 1.000 s, cond 1"
gr4_100k_bmmai,g4_serie,1000,3.818,10,100k,C_pav,MAINJACK,0.001042,2.082219,,SOPRA,"pavimento di C a 2.100 s, cond 1"
gr4_100k_bmmai,g4_serie,1000,3.818,10,100k,C_pav,FIXJACK1,0.0001355,1.002208,,sotto,"pavimento di C a 1.000 s, cond 1"
gr4_100k_bmmai,g4_serie,1000,3.818,10,100k,C_pav,FIXJACK1,0.0001243,2.137812,,sotto,"pavimento di C a 2.100 s, cond 1"
gr4_100k_bmmai,g4_serie,1000,3.818,10,100k,C_pav,FIXJACK2,0.0001355,1.002208,,sotto,"pavimento di C a 1.000 s, cond 1"
gr4_100k_bmmai,g4_serie,1000,3.818,10,100k,C_pav,FIXJACK2,0.0001243,2.137812,,sotto,"pavimento di C a 2.100 s, cond 1"
gr4_100k_bmsempre,g4_serie,1000,3.818,10,100k,B1,MAINJACK,1.652e-06,6.527510,,sotto,"riferimento sempre in mute, da 0,5 s"
gr4_100k_bmsempre,g4_serie,1000,3.818,10,100k,B1,FIXJACK1,6.289e-07,6.527510,,sotto,"riferimento sempre in mute, da 0,5 s"
gr4_100k_bmsempre,g4_serie,1000,3.818,10,100k,B1,FIXJACK2,6.289e-07,6.527510,,sotto,"riferimento sempre in mute, da 0,5 s"
gr4_100k_lzsempre,g4_serie,1000,0,10,100k,B1,MAINJACK,1.735e-18,0.962229,,sotto,"riferimento sempre in mute, da 0,5 s"
gr4_100k_lzsempre,g4_serie,1000,0,10,100k,B1,FIXJACK1,6.043e-19,3.712302,,sotto,"riferimento sempre in mute, da 0,5 s"
gr4_100k_lzsempre,g4_serie,1000,0,10,100k,B1,FIXJACK2,5.98e-19,2.907437,,sotto,"riferimento sempre in mute, da 0,5 s"
gr4_100k_b20,g4_serie,20,3.818,10,100k,A_ins,MAINJACK,12.79,1.000031,1.100,SOPRA,riferimento gr4_100k_b20sempre
gr4_100k_b20,g4_serie,20,3.818,10,100k,A_rel,MAINJACK,12.79,2.100031,2.000,SOPRA,riferimento gr4_100k_b20mai
gr4_100k_b20,g4_serie,20,3.818,10,100k,B2,MAINJACK,1.176e-06,2.037448,,sotto,mute da t_ins+t_grad+20 ms a t_rel
gr4_100k_b20,g4_serie,20,3.818,10,100k,C1_ins,MAINJACK,0.06227,1.450208,,SOPRA,"diagnostica, cond 7.22"
gr4_100k_b20,g4_serie,20,3.818,10,100k,C1_rel,MAINJACK,0.06206,2.650406,,SOPRA,"diagnostica, cond 7.22"
gr4_100k_b20,g4_serie,20,3.818,10,100k,C2_ins,MAINJACK,0.06227,1.450208,,SOPRA,"riferimento gr4_100k_b20sempre, cond 7.22"
gr4_100k_b20,g4_serie,20,3.818,10,100k,C2_rel,MAINJACK,0.06217,2.650375,,SOPRA,"riferimento gr4_100k_b20mai, cond 7.22"
gr4_100k_b20,g4_serie,20,3.818,10,100k,A_ins,FIXJACK1,4.062,1.000031,1.100,SOPRA,riferimento gr4_100k_b20sempre
gr4_100k_b20,g4_serie,20,3.818,10,100k,A_rel,FIXJACK1,4.062,2.100031,2.000,SOPRA,riferimento gr4_100k_b20mai
gr4_100k_b20,g4_serie,20,3.818,10,100k,B2,FIXJACK1,4.477e-07,2.037479,,sotto,mute da t_ins+t_grad+20 ms a t_rel
gr4_100k_b20,g4_serie,20,3.818,10,100k,C1_ins,FIXJACK1,0.01984,1.474177,,SOPRA,"diagnostica, cond 7.22"
gr4_100k_b20,g4_serie,20,3.818,10,100k,C1_rel,FIXJACK1,0.02011,2.650063,,SOPRA,"diagnostica, cond 7.22"
gr4_100k_b20,g4_serie,20,3.818,10,100k,C2_ins,FIXJACK1,0.01984,1.474177,,SOPRA,"riferimento gr4_100k_b20sempre, cond 7.22"
gr4_100k_b20,g4_serie,20,3.818,10,100k,C2_rel,FIXJACK1,0.02012,2.650063,,SOPRA,"riferimento gr4_100k_b20mai, cond 7.22"
gr4_100k_b20,g4_serie,20,3.818,10,100k,A_ins,FIXJACK2,4.062,1.000031,1.100,SOPRA,riferimento gr4_100k_b20sempre
gr4_100k_b20,g4_serie,20,3.818,10,100k,A_rel,FIXJACK2,4.062,2.100031,2.000,SOPRA,riferimento gr4_100k_b20mai
gr4_100k_b20,g4_serie,20,3.818,10,100k,B2,FIXJACK2,4.477e-07,2.037479,,sotto,mute da t_ins+t_grad+20 ms a t_rel
gr4_100k_b20,g4_serie,20,3.818,10,100k,C1_ins,FIXJACK2,0.01984,1.474177,,SOPRA,"diagnostica, cond 7.22"
gr4_100k_b20,g4_serie,20,3.818,10,100k,C1_rel,FIXJACK2,0.02011,2.650063,,SOPRA,"diagnostica, cond 7.22"
gr4_100k_b20,g4_serie,20,3.818,10,100k,C2_ins,FIXJACK2,0.01984,1.474177,,SOPRA,"riferimento gr4_100k_b20sempre, cond 7.22"
gr4_100k_b20,g4_serie,20,3.818,10,100k,C2_rel,FIXJACK2,0.02012,2.650063,,SOPRA,"riferimento gr4_100k_b20mai, cond 7.22"
gr4_100k_b20mai,g4_serie,20,3.818,10,100k,C_pav,MAINJACK,0.0001667,1.047479,,sotto,"pavimento di C a 1.000 s, cond 7.22"
gr4_100k_b20mai,g4_serie,20,3.818,10,100k,C_pav,MAINJACK,0.0001667,2.297469,,sotto,"pavimento di C a 2.100 s, cond 7.22"
gr4_100k_b20mai,g4_serie,20,3.818,10,100k,C_pav,FIXJACK1,1.015e-05,1.047104,,sotto,"pavimento di C a 1.000 s, cond 7.22"
gr4_100k_b20mai,g4_serie,20,3.818,10,100k,C_pav,FIXJACK1,1.015e-05,2.197104,,sotto,"pavimento di C a 2.100 s, cond 7.22"
gr4_100k_b20mai,g4_serie,20,3.818,10,100k,C_pav,FIXJACK2,1.015e-05,1.047104,,sotto,"pavimento di C a 1.000 s, cond 7.22"
gr4_100k_b20mai,g4_serie,20,3.818,10,100k,C_pav,FIXJACK2,1.015e-05,2.197104,,sotto,"pavimento di C a 2.100 s, cond 7.22"
gr4_100k_b20sempre,g4_serie,20,3.818,10,100k,B1,MAINJACK,1.169e-06,4.637448,,sotto,"riferimento sempre in mute, da 0,5 s"
gr4_100k_b20sempre,g4_serie,20,3.818,10,100k,B1,FIXJACK1,4.449e-07,3.737479,,sotto,"riferimento sempre in mute, da 0,5 s"
gr4_100k_b20sempre,g4_serie,20,3.818,10,100k,B1,FIXJACK2,4.449e-07,3.737479,,sotto,"riferimento sempre in mute, da 0,5 s"
gr4_100k_bm3s,g4_serie,1000,3.818,10,100k,A_ins,MAINJACK,12.7,1.000021,2.000,SOPRA,riferimento gr4_100k_bmsempre
gr4_100k_bm3s,g4_serie,1000,3.818,10,100k,A_rel,MAINJACK,12.7,4.100021,2.000,SOPRA,riferimento gr4_100k_bmmai
gr4_100k_bm3s,g4_serie,1000,3.818,10,100k,B2,MAINJACK,1.652e-06,4.020510,,sotto,mute da t_ins+t_grad+20 ms a t_rel
gr4_100k_bm3s,g4_serie,1000,3.818,10,100k,C1_ins,MAINJACK,0.002933,2.308250,,SOPRA,"diagnostica, cond 1"
gr4_100k_bm3s,g4_serie,1000,3.818,10,100k,C1_rel,MAINJACK,0.003,5.773750,,SOPRA,"diagnostica, cond 1"
gr4_100k_bm3s,g4_serie,1000,3.818,10,100k,C2_ins,MAINJACK,0.002933,2.308250,,SOPRA,"riferimento gr4_100k_bmsempre, cond 1"
gr4_100k_bm3s,g4_serie,1000,3.818,10,100k,C2_rel,MAINJACK,0.00302,5.743250,,SOPRA,"riferimento gr4_100k_bmmai, cond 1"
gr4_100k_bm3s,g4_serie,1000,3.818,10,100k,A_ins,FIXJACK1,4.033,1.000021,2.000,SOPRA,riferimento gr4_100k_bmsempre
gr4_100k_bm3s,g4_serie,1000,3.818,10,100k,A_rel,FIXJACK1,4.033,4.100021,2.000,SOPRA,riferimento gr4_100k_bmmai
gr4_100k_bm3s,g4_serie,1000,3.818,10,100k,B2,FIXJACK1,6.289e-07,4.020510,,sotto,mute da t_ins+t_grad+20 ms a t_rel
gr4_100k_bm3s,g4_serie,1000,3.818,10,100k,C1_ins,FIXJACK1,0.0008365,2.357271,,sotto,"diagnostica, cond 1"
gr4_100k_bm3s,g4_serie,1000,3.818,10,100k,C1_rel,FIXJACK1,0.0008273,5.746771,,sotto,"diagnostica, cond 1"
gr4_100k_bm3s,g4_serie,1000,3.818,10,100k,C2_ins,FIXJACK1,0.0008365,2.357271,,sotto,"riferimento gr4_100k_bmsempre, cond 1"
gr4_100k_bm3s,g4_serie,1000,3.818,10,100k,C2_rel,FIXJACK1,0.0008683,5.777302,,sotto,"riferimento gr4_100k_bmmai, cond 1"
gr4_100k_bm3s,g4_serie,1000,3.818,10,100k,A_ins,FIXJACK2,4.033,1.000021,2.000,SOPRA,riferimento gr4_100k_bmsempre
gr4_100k_bm3s,g4_serie,1000,3.818,10,100k,A_rel,FIXJACK2,4.033,4.100021,2.000,SOPRA,riferimento gr4_100k_bmmai
gr4_100k_bm3s,g4_serie,1000,3.818,10,100k,B2,FIXJACK2,6.289e-07,4.020510,,sotto,mute da t_ins+t_grad+20 ms a t_rel
gr4_100k_bm3s,g4_serie,1000,3.818,10,100k,C1_ins,FIXJACK2,0.0008365,2.357271,,sotto,"diagnostica, cond 1"
gr4_100k_bm3s,g4_serie,1000,3.818,10,100k,C1_rel,FIXJACK2,0.0008273,5.746771,,sotto,"diagnostica, cond 1"
gr4_100k_bm3s,g4_serie,1000,3.818,10,100k,C2_ins,FIXJACK2,0.0008365,2.357271,,sotto,"riferimento gr4_100k_bmsempre, cond 1"
gr4_100k_bm3s,g4_serie,1000,3.818,10,100k,C2_rel,FIXJACK2,0.0008683,5.777302,,sotto,"riferimento gr4_100k_bmmai, cond 1"
gr4_100k_lz3s,g4_serie,1000,0,10,100k,A_ins,MAINJACK,1.619e-11,1.000031,2.000,sotto,riferimento gr4_100k_lzsempre
gr4_100k_lz3s,g4_serie,1000,0,10,100k,A_rel,MAINJACK,1.454e-11,7.996615,2.000,sotto,riferimento gr4_100k_lzmai
gr4_100k_lz3s,g4_serie,1000,0,10,100k,B2,MAINJACK,1.65e-18,5.721354,,sotto,mute da t_ins+t_grad+20 ms a t_rel
gr4_100k_lz3s,g4_serie,1000,0,10,100k,A_ins,FIXJACK1,1.287e-11,1.000031,2.000,sotto,riferimento gr4_100k_lzsempre
gr4_100k_lz3s,g4_serie,1000,0,10,100k,A_rel,FIXJACK1,4.622e-12,7.851958,2.000,sotto,riferimento gr4_100k_lzmai
gr4_100k_lz3s,g4_serie,1000,0,10,100k,B2,FIXJACK1,5.502e-19,5.059896,,sotto,mute da t_ins+t_grad+20 ms a t_rel
gr4_100k_lz3s,g4_serie,1000,0,10,100k,A_ins,FIXJACK2,1.29e-11,1.000031,2.000,sotto,riferimento gr4_100k_lzsempre
gr4_100k_lz3s,g4_serie,1000,0,10,100k,A_rel,FIXJACK2,4.479e-12,7.911458,2.000,sotto,riferimento gr4_100k_lzmai
gr4_100k_lz3s,g4_serie,1000,0,10,100k,B2,FIXJACK2,5.343e-19,4.260792,,sotto,mute da t_ins+t_grad+20 ms a t_rel
gr4_10k_bm20ms,g4_serie,1000,3.818,10,10k,A_ins,MAINJACK,12.65,1.000021,0.120,SOPRA,riferimento gr4_10k_bmsempre
gr4_10k_bm20ms,g4_serie,1000,3.818,10,10k,A_rel,MAINJACK,12.65,1.120021,2.000,SOPRA,riferimento gr4_10k_bmmai
gr4_10k_bm20ms,g4_serie,1000,3.818,10,10k,B2,MAINJACK,4.705e-06,1.040437,,sotto,mute da t_ins+t_grad+20 ms a t_rel
gr4_10k_bm20ms,g4_serie,1000,3.818,10,10k,C1_ins,MAINJACK,3.091,1.134000,,SOPRA,"diagnostica, cond 1"
gr4_10k_bm20ms,g4_serie,1000,3.818,10,10k,C1_rel,MAINJACK,3.091,1.134000,,SOPRA,"diagnostica, cond 1"
gr4_10k_bm20ms,g4_serie,1000,3.818,10,10k,C2_ins,MAINJACK,3.091,1.134000,,SOPRA,"riferimento gr4_10k_bmsempre, cond 1"
gr4_10k_bm20ms,g4_serie,1000,3.818,10,10k,C2_rel,MAINJACK,3.092,1.134000,,SOPRA,"riferimento gr4_10k_bmmai, cond 1"
gr4_10k_bm20ms,g4_serie,1000,3.818,10,10k,A_ins,FIXJACK1,4.015,1.000021,0.120,SOPRA,riferimento gr4_10k_bmsempre
gr4_10k_bm20ms,g4_serie,1000,3.818,10,10k,A_rel,FIXJACK1,4.015,1.120021,2.000,SOPRA,riferimento gr4_10k_bmmai
gr4_10k_bm20ms,g4_serie,1000,3.818,10,10k,B2,FIXJACK1,1.527e-06,1.040437,,sotto,mute da t_ins+t_grad+20 ms a t_rel
gr4_10k_bm20ms,g4_serie,1000,3.818,10,10k,C1_ins,FIXJACK1,0.9821,1.134000,,SOPRA,"diagnostica, cond 1"
gr4_10k_bm20ms,g4_serie,1000,3.818,10,10k,C1_rel,FIXJACK1,0.9821,1.134000,,SOPRA,"diagnostica, cond 1"
gr4_10k_bm20ms,g4_serie,1000,3.818,10,10k,C2_ins,FIXJACK1,0.9821,1.134000,,SOPRA,"riferimento gr4_10k_bmsempre, cond 1"
gr4_10k_bm20ms,g4_serie,1000,3.818,10,10k,C2_rel,FIXJACK1,0.9822,1.134000,,SOPRA,"riferimento gr4_10k_bmmai, cond 1"
gr4_10k_bm20ms,g4_serie,1000,3.818,10,10k,A_ins,FIXJACK2,4.015,1.000021,0.120,SOPRA,riferimento gr4_10k_bmsempre
gr4_10k_bm20ms,g4_serie,1000,3.818,10,10k,A_rel,FIXJACK2,4.015,1.120021,2.000,SOPRA,riferimento gr4_10k_bmmai
gr4_10k_bm20ms,g4_serie,1000,3.818,10,10k,B2,FIXJACK2,1.527e-06,1.040437,,sotto,mute da t_ins+t_grad+20 ms a t_rel
gr4_10k_bm20ms,g4_serie,1000,3.818,10,10k,C1_ins,FIXJACK2,0.9821,1.134000,,SOPRA,"diagnostica, cond 1"
gr4_10k_bm20ms,g4_serie,1000,3.818,10,10k,C1_rel,FIXJACK2,0.9821,1.134000,,SOPRA,"diagnostica, cond 1"
gr4_10k_bm20ms,g4_serie,1000,3.818,10,10k,C2_ins,FIXJACK2,0.9821,1.134000,,SOPRA,"riferimento gr4_10k_bmsempre, cond 1"
gr4_10k_bm20ms,g4_serie,1000,3.818,10,10k,C2_rel,FIXJACK2,0.9822,1.134000,,SOPRA,"riferimento gr4_10k_bmmai, cond 1"
gr4_10k_bm200ms,g4_serie,1000,3.818,10,10k,A_ins,MAINJACK,12.65,1.000021,0.300,SOPRA,riferimento gr4_10k_bmsempre
gr4_10k_bm200ms,g4_serie,1000,3.818,10,10k,A_rel,MAINJACK,12.65,1.300021,2.000,SOPRA,riferimento gr4_10k_bmmai
gr4_10k_bm200ms,g4_serie,1000,3.818,10,10k,B2,MAINJACK,2.3e-07,1.220010,,sotto,mute da t_ins+t_grad+20 ms a t_rel
gr4_10k_bm200ms,g4_serie,1000,3.818,10,10k,C1_ins,MAINJACK,0.1103,1.084969,,SOPRA,"diagnostica, cond 1"
gr4_10k_bm200ms,g4_serie,1000,3.818,10,10k,C1_rel,MAINJACK,0.1107,1.432469,,SOPRA,"diagnostica, cond 1"
gr4_10k_bm200ms,g4_serie,1000,3.818,10,10k,C2_ins,MAINJACK,0.1103,1.084969,,SOPRA,"riferimento gr4_10k_bmsempre, cond 1"
gr4_10k_bm200ms,g4_serie,1000,3.818,10,10k,C2_rel,MAINJACK,0.1104,1.431969,,SOPRA,"riferimento gr4_10k_bmmai, cond 1"
gr4_10k_bm200ms,g4_serie,1000,3.818,10,10k,A_ins,FIXJACK1,4.015,1.000021,0.300,SOPRA,riferimento gr4_10k_bmsempre
gr4_10k_bm200ms,g4_serie,1000,3.818,10,10k,A_rel,FIXJACK1,4.015,1.300021,2.000,SOPRA,riferimento gr4_10k_bmmai
gr4_10k_bm200ms,g4_serie,1000,3.818,10,10k,B2,FIXJACK1,7.475e-08,1.220010,,sotto,mute da t_ins+t_grad+20 ms a t_rel
gr4_10k_bm200ms,g4_serie,1000,3.818,10,10k,C1_ins,FIXJACK1,0.03501,1.085469,,SOPRA,"diagnostica, cond 1"
gr4_10k_bm200ms,g4_serie,1000,3.818,10,10k,C1_rel,FIXJACK1,0.03496,1.431469,,SOPRA,"diagnostica, cond 1"
gr4_10k_bm200ms,g4_serie,1000,3.818,10,10k,C2_ins,FIXJACK1,0.03501,1.085469,,SOPRA,"riferimento gr4_10k_bmsempre, cond 1"
gr4_10k_bm200ms,g4_serie,1000,3.818,10,10k,C2_rel,FIXJACK1,0.03502,1.431969,,SOPRA,"riferimento gr4_10k_bmmai, cond 1"
gr4_10k_bm200ms,g4_serie,1000,3.818,10,10k,A_ins,FIXJACK2,4.015,1.000021,0.300,SOPRA,riferimento gr4_10k_bmsempre
gr4_10k_bm200ms,g4_serie,1000,3.818,10,10k,A_rel,FIXJACK2,4.015,1.300021,2.000,SOPRA,riferimento gr4_10k_bmmai
gr4_10k_bm200ms,g4_serie,1000,3.818,10,10k,B2,FIXJACK2,7.475e-08,1.220010,,sotto,mute da t_ins+t_grad+20 ms a t_rel
gr4_10k_bm200ms,g4_serie,1000,3.818,10,10k,C1_ins,FIXJACK2,0.03501,1.085469,,SOPRA,"diagnostica, cond 1"
gr4_10k_bm200ms,g4_serie,1000,3.818,10,10k,C1_rel,FIXJACK2,0.03496,1.431469,,SOPRA,"diagnostica, cond 1"
gr4_10k_bm200ms,g4_serie,1000,3.818,10,10k,C2_ins,FIXJACK2,0.03501,1.085469,,SOPRA,"riferimento gr4_10k_bmsempre, cond 1"
gr4_10k_bm200ms,g4_serie,1000,3.818,10,10k,C2_rel,FIXJACK2,0.03502,1.431969,,SOPRA,"riferimento gr4_10k_bmmai, cond 1"
gr4_10k_bm1s,g4_serie,1000,3.818,10,10k,A_ins,MAINJACK,12.65,1.000021,1.100,SOPRA,riferimento gr4_10k_bmsempre
gr4_10k_bm1s,g4_serie,1000,3.818,10,10k,A_rel,MAINJACK,12.65,2.100021,2.000,SOPRA,riferimento gr4_10k_bmmai
gr4_10k_bm1s,g4_serie,1000,3.818,10,10k,B2,MAINJACK,2.298e-07,2.025510,,sotto,mute da t_ins+t_grad+20 ms a t_rel
gr4_10k_bm1s,g4_serie,1000,3.818,10,10k,C1_ins,MAINJACK,0.007672,1.391281,,SOPRA,"diagnostica, cond 1"
gr4_10k_bm1s,g4_serie,1000,3.818,10,10k,C1_rel,MAINJACK,0.007872,2.735813,,SOPRA,"diagnostica, cond 1"
gr4_10k_bm1s,g4_serie,1000,3.818,10,10k,C2_ins,MAINJACK,0.007672,1.391281,,SOPRA,"riferimento gr4_10k_bmsempre, cond 1"
gr4_10k_bm1s,g4_serie,1000,3.818,10,10k,C2_rel,MAINJACK,0.007881,2.730313,,SOPRA,"riferimento gr4_10k_bmmai, cond 1"
gr4_10k_bm1s,g4_serie,1000,3.818,10,10k,A_ins,FIXJACK1,4.015,1.000021,1.100,SOPRA,riferimento gr4_10k_bmsempre
gr4_10k_bm1s,g4_serie,1000,3.818,10,10k,A_rel,FIXJACK1,4.015,2.100021,2.000,SOPRA,riferimento gr4_10k_bmmai
gr4_10k_bm1s,g4_serie,1000,3.818,10,10k,B2,FIXJACK1,7.468e-08,2.025510,,sotto,mute da t_ins+t_grad+20 ms a t_rel
gr4_10k_bm1s,g4_serie,1000,3.818,10,10k,C1_ins,FIXJACK1,0.002428,1.408854,,SOPRA,"diagnostica, cond 1"
gr4_10k_bm1s,g4_serie,1000,3.818,10,10k,C1_rel,FIXJACK1,0.00245,2.736344,,SOPRA,"diagnostica, cond 1"
gr4_10k_bm1s,g4_serie,1000,3.818,10,10k,C2_ins,FIXJACK1,0.002428,1.408854,,SOPRA,"riferimento gr4_10k_bmsempre, cond 1"
gr4_10k_bm1s,g4_serie,1000,3.818,10,10k,C2_rel,FIXJACK1,0.002482,2.739865,,SOPRA,"riferimento gr4_10k_bmmai, cond 1"
gr4_10k_bm1s,g4_serie,1000,3.818,10,10k,A_ins,FIXJACK2,4.015,1.000021,1.100,SOPRA,riferimento gr4_10k_bmsempre
gr4_10k_bm1s,g4_serie,1000,3.818,10,10k,A_rel,FIXJACK2,4.015,2.100021,2.000,SOPRA,riferimento gr4_10k_bmmai
gr4_10k_bm1s,g4_serie,1000,3.818,10,10k,B2,FIXJACK2,7.468e-08,2.025510,,sotto,mute da t_ins+t_grad+20 ms a t_rel
gr4_10k_bm1s,g4_serie,1000,3.818,10,10k,C1_ins,FIXJACK2,0.002428,1.408854,,SOPRA,"diagnostica, cond 1"
gr4_10k_bm1s,g4_serie,1000,3.818,10,10k,C1_rel,FIXJACK2,0.00245,2.736344,,SOPRA,"diagnostica, cond 1"
gr4_10k_bm1s,g4_serie,1000,3.818,10,10k,C2_ins,FIXJACK2,0.002428,1.408854,,SOPRA,"riferimento gr4_10k_bmsempre, cond 1"
gr4_10k_bm1s,g4_serie,1000,3.818,10,10k,C2_rel,FIXJACK2,0.002482,2.739865,,SOPRA,"riferimento gr4_10k_bmmai, cond 1"
gr4_10k_lz20ms,g4_serie,1000,0,10,10k,A_ins,MAINJACK,7.7e-12,1.005083,2.000,sotto,riferimento gr4_10k_lzsempre
gr4_10k_lz20ms,g4_serie,1000,0,10,10k,A_rel,MAINJACK,1.514e-11,3.229708,2.000,sotto,riferimento gr4_10k_lzmai
gr4_10k_lz20ms,g4_serie,1000,0,10,10k,B2,MAINJACK,9.525e-15,1.040000,,sotto,mute da t_ins+t_grad+20 ms a t_rel
gr4_10k_lz20ms,g4_serie,1000,0,10,10k,A_ins,FIXJACK1,2.266e-12,1.001708,2.000,sotto,riferimento gr4_10k_lzsempre
gr4_10k_lz20ms,g4_serie,1000,0,10,10k,A_rel,FIXJACK1,4.562e-12,3.295125,2.000,sotto,riferimento gr4_10k_lzmai
gr4_10k_lz20ms,g4_serie,1000,0,10,10k,B2,FIXJACK1,2.409e-15,1.040000,,sotto,mute da t_ins+t_grad+20 ms a t_rel
gr4_10k_lz20ms,g4_serie,1000,0,10,10k,A_ins,FIXJACK2,2.361e-12,1.005448,2.000,sotto,riferimento gr4_10k_lzsempre
gr4_10k_lz20ms,g4_serie,1000,0,10,10k,A_rel,FIXJACK2,4.877e-12,3.237792,2.000,sotto,riferimento gr4_10k_lzmai
gr4_10k_lz20ms,g4_serie,1000,0,10,10k,B2,FIXJACK2,3.307e-15,1.040000,,sotto,mute da t_ins+t_grad+20 ms a t_rel
gr4_10k_lz200ms,g4_serie,1000,0,10,10k,A_ins,MAINJACK,8.956e-12,1.049427,2.000,sotto,riferimento gr4_10k_lzsempre
gr4_10k_lz200ms,g4_serie,1000,0,10,10k,A_rel,MAINJACK,1.603e-11,4.466979,2.000,sotto,riferimento gr4_10k_lzmai
gr4_10k_lz200ms,g4_serie,1000,0,10,10k,B2,MAINJACK,6.194e-19,1.220146,,sotto,mute da t_ins+t_grad+20 ms a t_rel
gr4_10k_lz200ms,g4_serie,1000,0,10,10k,A_ins,FIXJACK1,2.85e-12,1.016594,2.000,sotto,riferimento gr4_10k_lzsempre
gr4_10k_lz200ms,g4_serie,1000,0,10,10k,A_rel,FIXJACK1,5.224e-12,4.190802,2.000,sotto,riferimento gr4_10k_lzmai
gr4_10k_lz200ms,g4_serie,1000,0,10,10k,B2,FIXJACK1,7.334e-20,1.220938,,sotto,mute da t_ins+t_grad+20 ms a t_rel
gr4_10k_lz200ms,g4_serie,1000,0,10,10k,A_ins,FIXJACK2,2.829e-12,1.021510,2.000,sotto,riferimento gr4_10k_lzsempre
gr4_10k_lz200ms,g4_serie,1000,0,10,10k,A_rel,FIXJACK2,4.871e-12,3.902698,2.000,sotto,riferimento gr4_10k_lzmai
gr4_10k_lz200ms,g4_serie,1000,0,10,10k,B2,FIXJACK2,1.988e-19,1.220729,,sotto,mute da t_ins+t_grad+20 ms a t_rel
gr4_10k_lz1s,g4_serie,1000,0,10,10k,A_ins,MAINJACK,9.805e-12,1.017344,2.000,sotto,riferimento gr4_10k_lzsempre
gr4_10k_lz1s,g4_serie,1000,0,10,10k,A_rel,MAINJACK,1.539e-11,5.470969,2.000,sotto,riferimento gr4_10k_lzmai
gr4_10k_lz1s,g4_serie,1000,0,10,10k,B2,MAINJACK,2.166e-19,2.327719,,sotto,mute da t_ins+t_grad+20 ms a t_rel
gr4_10k_lz1s,g4_serie,1000,0,10,10k,A_ins,FIXJACK1,2.88e-12,1.071708,2.000,sotto,riferimento gr4_10k_lzsempre
gr4_10k_lz1s,g4_serie,1000,0,10,10k,A_rel,FIXJACK1,5.012e-12,5.499000,2.000,sotto,riferimento gr4_10k_lzmai
gr4_10k_lz1s,g4_serie,1000,0,10,10k,B2,FIXJACK1,6.42e-20,2.318167,,sotto,mute da t_ins+t_grad+20 ms a t_rel
gr4_10k_lz1s,g4_serie,1000,0,10,10k,A_ins,FIXJACK2,2.967e-12,1.153448,2.000,sotto,riferimento gr4_10k_lzsempre
gr4_10k_lz1s,g4_serie,1000,0,10,10k,A_rel,FIXJACK2,5.154e-12,5.794031,2.000,sotto,riferimento gr4_10k_lzmai
gr4_10k_lz1s,g4_serie,1000,0,10,10k,B2,FIXJACK2,6.75e-20,3.135208,,sotto,mute da t_ins+t_grad+20 ms a t_rel
gr4_10k_bmmai,g4_serie,1000,3.818,10,10k,C_pav,MAINJACK,0.001053,1.016208,,SOPRA,"pavimento di C a 1.000 s, cond 1"
gr4_10k_bmmai,g4_serie,1000,3.818,10,10k,C_pav,MAINJACK,0.001044,2.080208,,SOPRA,"pavimento di C a 2.100 s, cond 1"
gr4_10k_bmmai,g4_serie,1000,3.818,10,10k,C_pav,FIXJACK1,0.0001214,1.016208,,sotto,"pavimento di C a 1.000 s, cond 1"
gr4_10k_bmmai,g4_serie,1000,3.818,10,10k,C_pav,FIXJACK1,0.0001186,2.080208,,sotto,"pavimento di C a 2.100 s, cond 1"
gr4_10k_bmmai,g4_serie,1000,3.818,10,10k,C_pav,FIXJACK2,0.0001214,1.016208,,sotto,"pavimento di C a 1.000 s, cond 1"
gr4_10k_bmmai,g4_serie,1000,3.818,10,10k,C_pav,FIXJACK2,0.0001186,2.080208,,sotto,"pavimento di C a 2.100 s, cond 1"
gr4_10k_bmsempre,g4_serie,1000,3.818,10,10k,B1,MAINJACK,2.298e-07,6.527510,,sotto,"riferimento sempre in mute, da 0,5 s"
gr4_10k_bmsempre,g4_serie,1000,3.818,10,10k,B1,FIXJACK1,7.468e-08,6.527510,,sotto,"riferimento sempre in mute, da 0,5 s"
gr4_10k_bmsempre,g4_serie,1000,3.818,10,10k,B1,FIXJACK2,7.468e-08,6.527510,,sotto,"riferimento sempre in mute, da 0,5 s"
gr4_10k_lzsempre,g4_serie,1000,0,10,10k,B1,MAINJACK,2.414e-19,0.962229,,sotto,"riferimento sempre in mute, da 0,5 s"
gr4_10k_lzsempre,g4_serie,1000,0,10,10k,B1,FIXJACK1,7.176e-20,3.712302,,sotto,"riferimento sempre in mute, da 0,5 s"
gr4_10k_lzsempre,g4_serie,1000,0,10,10k,B1,FIXJACK2,7.101e-20,2.907437,,sotto,"riferimento sempre in mute, da 0,5 s"
gr4_10k_bm3s,g4_serie,1000,3.818,10,10k,A_ins,MAINJACK,12.65,1.000021,2.000,SOPRA,riferimento gr4_10k_bmsempre
gr4_10k_bm3s,g4_serie,1000,3.818,10,10k,A_rel,MAINJACK,12.65,4.100021,2.000,SOPRA,riferimento gr4_10k_bmmai
gr4_10k_bm3s,g4_serie,1000,3.818,10,10k,B2,MAINJACK,2.298e-07,4.026510,,sotto,mute da t_ins+t_grad+20 ms a t_rel
gr4_10k_bm3s,g4_serie,1000,3.818,10,10k,C1_ins,MAINJACK,0.002931,2.124260,,SOPRA,"diagnostica, cond 1"
gr4_10k_bm3s,g4_serie,1000,3.818,10,10k,C1_rel,MAINJACK,0.002972,5.983760,,SOPRA,"diagnostica, cond 1"
gr4_10k_bm3s,g4_serie,1000,3.818,10,10k,C2_ins,MAINJACK,0.002931,2.124260,,SOPRA,"riferimento gr4_10k_bmsempre, cond 1"
gr4_10k_bm3s,g4_serie,1000,3.818,10,10k,C2_rel,MAINJACK,0.003048,5.937250,,SOPRA,"riferimento gr4_10k_bmmai, cond 1"
gr4_10k_bm3s,g4_serie,1000,3.818,10,10k,A_ins,FIXJACK1,4.015,1.000021,2.000,SOPRA,riferimento gr4_10k_bmsempre
gr4_10k_bm3s,g4_serie,1000,3.818,10,10k,A_rel,FIXJACK1,4.015,4.100021,2.000,SOPRA,riferimento gr4_10k_bmmai
gr4_10k_bm3s,g4_serie,1000,3.818,10,10k,B2,FIXJACK1,7.468e-08,4.026510,,sotto,mute da t_ins+t_grad+20 ms a t_rel
gr4_10k_bm3s,g4_serie,1000,3.818,10,10k,C1_ins,FIXJACK1,0.0008272,2.155240,,sotto,"diagnostica, cond 1"
gr4_10k_bm3s,g4_serie,1000,3.818,10,10k,C1_rel,FIXJACK1,0.0008297,5.972781,,sotto,"diagnostica, cond 1"
gr4_10k_bm3s,g4_serie,1000,3.818,10,10k,C2_ins,FIXJACK1,0.0008272,2.155240,,sotto,"riferimento gr4_10k_bmsempre, cond 1"
gr4_10k_bm3s,g4_serie,1000,3.818,10,10k,C2_rel,FIXJACK1,0.0008618,5.972302,,sotto,"riferimento gr4_10k_bmmai, cond 1"
gr4_10k_bm3s,g4_serie,1000,3.818,10,10k,A_ins,FIXJACK2,4.015,1.000021,2.000,SOPRA,riferimento gr4_10k_bmsempre
gr4_10k_bm3s,g4_serie,1000,3.818,10,10k,A_rel,FIXJACK2,4.015,4.100021,2.000,SOPRA,riferimento gr4_10k_bmmai
gr4_10k_bm3s,g4_serie,1000,3.818,10,10k,B2,FIXJACK2,7.468e-08,4.026510,,sotto,mute da t_ins+t_grad+20 ms a t_rel
gr4_10k_bm3s,g4_serie,1000,3.818,10,10k,C1_ins,FIXJACK2,0.0008272,2.155240,,sotto,"diagnostica, cond 1"
gr4_10k_bm3s,g4_serie,1000,3.818,10,10k,C1_rel,FIXJACK2,0.0008297,5.972781,,sotto,"diagnostica, cond 1"
gr4_10k_bm3s,g4_serie,1000,3.818,10,10k,C2_ins,FIXJACK2,0.0008272,2.155240,,sotto,"riferimento gr4_10k_bmsempre, cond 1"
gr4_10k_bm3s,g4_serie,1000,3.818,10,10k,C2_rel,FIXJACK2,0.0008618,5.972302,,sotto,"riferimento gr4_10k_bmmai, cond 1"
gr4_10k_lz3s,g4_serie,1000,0,10,10k,A_ins,MAINJACK,1.113e-11,1.399146,2.000,sotto,riferimento gr4_10k_lzsempre
gr4_10k_lz3s,g4_serie,1000,0,10,10k,A_rel,MAINJACK,1.336e-11,7.997896,2.000,sotto,riferimento gr4_10k_lzmai
gr4_10k_lz3s,g4_serie,1000,0,10,10k,B2,MAINJACK,2.104e-19,5.495281,,sotto,mute da t_ins+t_grad+20 ms a t_rel
gr4_10k_lz3s,g4_serie,1000,0,10,10k,A_ins,FIXJACK1,3.695e-12,1.119250,2.000,sotto,riferimento gr4_10k_lzsempre
gr4_10k_lz3s,g4_serie,1000,0,10,10k,A_rel,FIXJACK1,3.577e-12,7.885313,2.000,sotto,riferimento gr4_10k_lzmai
gr4_10k_lz3s,g4_serie,1000,0,10,10k,B2,FIXJACK1,6.76e-20,4.857990,,sotto,mute da t_ins+t_grad+20 ms a t_rel
gr4_10k_lz3s,g4_serie,1000,0,10,10k,A_ins,FIXJACK2,3.274e-12,1.609656,2.000,sotto,riferimento gr4_10k_lzsempre
gr4_10k_lz3s,g4_serie,1000,0,10,10k,A_rel,FIXJACK2,4.259e-12,7.983187,2.000,sotto,riferimento gr4_10k_lzmai
gr4_10k_lz3s,g4_serie,1000,0,10,10k,B2,FIXJACK2,6.167e-20,5.476708,,sotto,mute da t_ins+t_grad+20 ms a t_rel
