cella,combo,d,liv1000_db,thd1000_pct,h2_1000_db,h3_1000_db,pav1000_pct,liv20000_db,thd20000_pct,h2_20000_db,h3_20000_db,pav20000_pct,h20,h1k,h20k,zmin_ohm,cvcs1k,cvcs20k,cvcp1k,cvcp20k
jfet,TIP_TIP_nessuno,0,-2.71824,25.0577,-12.6945,-21.2752,2.65648e-07,-2.33923,22.789,-13.7134,-20.9766,3.13039e-07,0.999939,0.999939,0.999931,510502,0.999939,0.999931,0.999939,0.999931
jfet,TIP_TIP_nessuno,0.025,-4.08889,33.2705,-9.89477,-24.0001,1.58752e-07,-3.76262,31.6861,-10.3913,-22.822,2.16971e-07,0.999891,0.999891,0.999882,576390,0.999891,0.999882,0.999891,0.999882
jfet,TIP_TIP_nessuno,0.05,-5.80437,42.3858,-7.66736,-41.6673,2.09974e-08,-5.556,41.4819,-7.87561,-34.6039,7.9182e-08,0.999443,0.999443,0.999408,621849,0.999444,0.999408,0.999443,0.999408
jfet,TIP_TIP_nessuno,0.075,-6.03643,45.4257,-7.14066,-41.8977,3.27165e-07,-6.38646,46.3355,-7.01181,-27.9092,2.44592e-07,2.26426e-08,3.84655e-05,0.0116778,3.57352e+06,0.000398226,0.0113462,0.000168536,0.0115204
jfet,TIP_TIP_nessuno,0.1,-6.1796,53.214,-6.00947,-25.8982,7.14012e-07,-6.72044,50.6902,-6.61678,-17.7832,4.45799e-07,1.88214e-08,3.19775e-05,0.00996222,3.91872e+06,0.000366207,0.00965196,0.00017504,0.00980071
jfet,TIP_TIP_nessuno,0.125,-6.68686,67.5703,-4.31093,-14.8589,1.10167e-06,-7.03324,57.0763,-6.14648,-13.4306,5.91536e-07,1.61037e-08,2.73623e-05,0.00869428,4.23585e+06,0.000340983,0.00840155,0.000179668,0.00852957
jfet,TIP_TIP_nessuno,0.15,-8.09129,92.4402,-2.41469,-7.21676,1.42405e-06,-7.76267,67.4431,-5.17249,-10.6959,6.6113e-07,1.40718e-08,2.39113e-05,0.00771749,4.53082e+06,0.000320433,0.00743951,0.000183128,0.0075502
jfet,TIP_TIP_nessuno,0.175,-13.3439,162.745,-0.564823,-1.5387,1.22832e-06,-15.776,94.1486,-3.31927,-6.65635,1.83239e-10,1.24953e-08,2.12334e-05,0.00694107,4.8077e+06,0.000303264,0.00667576,0.000185814,0.00677165
jfet,TIP_TIP_nessuno,0.2,-94.1468,28.6616,-11.2858,-21.5144,2.8382e-10,-43.7671,19.9379,-14.2389,-27.088,1.83239e-10,1.12364e-08,1.90949e-05,0.00630865,5.06948e+06,0.000288634,0.00605436,0.000187959,0.00613744
jfet,TIP_TIP_nessuno,0.225,-95.0247,25.4689,-12.2238,-23.3982,1.67281e-11,-44.5665,17.9872,-15.0885,-28.8386,1.83239e-10,1.02079e-08,1.73477e-05,0.00578328,5.31838e+06,0.00027597,0.00553871,0.000189712,0.00561053
jfet,TIP_TIP_nessuno,0.25,-95.8178,22.9631,-13.0608,-25.0779,3.064e-11,-45.2921,16.4218,-15.847,-30.3992,1.83239e-10,9.35196e-09,1.58935e-05,0.00533972,5.55614e+06,0.000264864,0.0051038,0.000191171,0.00516564
jfet,TIP_TIP_nessuno,0.275,-96.5418,20.9339,-13.818,-26.5963,1.53022e-10,-45.9573,15.1309,-16.5338,-31.8103,1.83239e-10,8.62845e-09,1.46642e-05,0.00496012,5.78413e+06,0.000255021,0.00473197,0.000192404,0.00478486
jfet,TIP_TIP_nessuno,0.3,-97.2081,19.2517,-14.5101,-27.9836,1.72963e-10,-46.572,14.0442,-17.1624,-33.1002,1.83239e-10,8.00885e-09,1.36115e-05,0.00463149,6.00346e+06,0.000246215,0.00441036,0.000193461,0.0044552
jfet,TIP_TIP_nessuno,0.325,-97.8257,17.8312,-15.148,-29.2618,1.80202e-10,-47.1436,13.1143,-17.7425,-34.2893,1.83239e-10,7.47227e-09,1.26997e-05,0.00434416,6.21505e+06,0.000238277,0.00412943,0.000194375,0.00416693
jfet,TIP_TIP_nessuno,0.35,-98.4012,16.6138,-15.7399,-30.4476,1.75932e-10,-47.678,12.3079,-18.2817,-35.3932,1.83239e-10,7.00308e-09,1.19025e-05,0.00409074,6.41967e+06,0.00023107,0.00388188,0.000195175,0.00391269
jfet,TIP_TIP_nessuno,0.375,-98.9402,15.5575,-16.2924,-31.554,1.82423e-10,-48.18,11.6009,-18.7857,-36.424,1.83239e-10,6.58933e-09,1.11994e-05,0.00386555,6.61797e+06,0.00022449,0.00366208,0.000195881,0.00368674
jfet,TIP_TIP_nessuno,0.4,-99.4471,14.6315,-16.8104,-32.5914,1.82423e-10,-48.6533,10.9753,-19.259,-37.3913,1.83239e-10,6.22175e-09,1.05748e-05,0.00366409,6.81049e+06,0.000218449,0.00346561,0.000196508,0.0034846
jfet,TIP_TIP_nessuno,0.425,-99.9257,13.8124,-17.2983,-33.5682,1.82423e-10,-49.1012,10.4172,-19.7054,-38.3027,1.83239e-10,5.89301e-09,1.00162e-05,0.00348278,6.99772e+06,0.000212877,0.00328893,0.000197069,0.00330266
jfet,TIP_TIP_nessuno,0.45,-100.379,13.0824,-17.7594,-34.4912,1.82423e-10,-49.5263,9.91586,-20.128,-39.1648,1.83239e-10,5.59726e-09,9.51358e-06,0.00331872,7.18006e+06,0.000207717,0.00312918,0.000197573,0.00313802
jfet,TIP_TIP_nessuno,0.475,-100.809,12.4273,-18.1965,-35.3662,1.82423e-10,-49.9309,9.46276,-20.5292,-39.9827,1.83239e-10,5.32979e-09,9.05903e-06,0.00316956,7.35789e+06,0.00020292,0.00298405,0.000198029,0.00298833
jfet,TIP_TIP_nessuno,0.5,-101.219,11.8361,-18.6122,-36.1981,1.82423e-10,-50.3169,9.05103,-20.9113,-40.7609,1.83239e-10,5.08671e-09,8.64594e-06,0.00303334,7.53151e+06,0.000198444,0.00285161,0.000198444,0.00285161
jfet,TIP_TIP_nessuno,0.525,-101.219,11.8357,-18.6124,-36.1988,1.82423e-10,-50.3405,9.01815,-20.9427,-40.8101,1.83239e-10,5.08671e-09,8.64586e-06,0.00302511,7.53151e+06,0.000198442,0.00284388,0.000203333,0.0028396
jfet,TIP_TIP_nessuno,0.55,-101.219,11.8354,-18.6127,-36.1994,1.82423e-10,-50.3661,8.98319,-20.9762,-40.8622,1.83239e-10,5.08671e-09,8.64578e-06,0.00301623,7.53151e+06,0.00019844,0.00283553,0.000208584,0.00282669
jfet,TIP_TIP_nessuno,0.575,-101.219,11.835,-18.613,-36.2001,1.82423e-10,-50.3938,8.94595,-21.0121,-40.9177,1.83239e-10,5.08671e-09,8.64569e-06,0.00300661,7.53151e+06,0.000198438,0.00282649,0.000214247,0.00281276
jfet,TIP_TIP_nessuno,0.6,-101.219,11.8346,-18.6133,-36.2009,1.82423e-10,-50.4241,8.90614,-21.0506,-40.977,1.83239e-10,5.08671e-09,8.64559e-06,0.00299615,7.53151e+06,0.000198436,0.00281665,0.000220377,0.00279767
jfet,TIP_TIP_nessuno,0.625,-101.22,11.8341,-18.6136,-36.2018,1.82423e-10,-50.4573,8.86348,-21.0921,-41.0404,1.83239e-10,5.08671e-09,8.64548e-06,0.00298472,7.53151e+06,0.000198433,0.00280591,0.000227042,0.00278125
jfet,TIP_TIP_nessuno,0.65,-101.22,11.8336,-18.614,-36.2028,1.82423e-10,-50.4939,8.8176,-21.137,-41.1085,1.83239e-10,5.08671e-09,8.64535e-06,0.00297217,7.5315e+06,0.000198431,0.0027941,0.000234326,0.0027633
jfet,TIP_TIP_nessuno,0.675,-101.22,11.833,-18.6144,-36.2039,1.82423e-10,-50.5345,8.76808,-21.1856,-41.1818,1.83239e-10,5.08671e-09,8.64522e-06,0.00295831,7.5315e+06,0.000198427,0.00278108,0.000242329,0.00274358
jfet,TIP_TIP_nessuno,0.7,-101.22,11.8324,-18.6148,-36.2051,1.82423e-10,-50.5798,8.71441,-21.2387,-41.2612,1.83239e-10,5.08671e-09,8.64506e-06,0.0029429,7.5315e+06,0.000198424,0.0027666,0.000251179,0.00272178
jfet,TIP_TIP_nessuno,0.725,-101.22,11.8316,-18.6154,-36.2066,1.82423e-10,-50.6309,8.65597,-21.2969,-41.3475,1.83239e-10,5.08671e-09,8.64488e-06,0.00292567,7.5315e+06,0.00019842,0.00275039,0.000261037,0.00269752
jfet,TIP_TIP_nessuno,0.75,-101.22,11.8308,-18.616,-36.2082,1.82423e-10,-50.6888,8.59203,-21.361,-41.4417,1.83239e-10,5.08671e-09,8.64468e-06,0.00290622,7.5315e+06,0.000198415,0.00273211,0.000272109,0.00267031
jfet,TIP_TIP_nessuno,0.775,-101.221,11.8298,-18.6167,-36.2101,1.70864e-10,-50.7552,8.52167,-21.4321,-41.5451,1.83239e-10,5.08671e-09,8.64444e-06,0.00288407,7.53149e+06,0.00019841,0.00271129,0.000284668,0.00263952
jfet,TIP_TIP_nessuno,0.8,-101.221,11.8286,-18.6175,-36.2123,1.79889e-10,-50.8324,8.44372,-21.5115,-41.6594,1.83239e-10,5.08671e-09,8.64416e-06,0.00285856,7.53149e+06,0.000198403,0.0026873,0.000299079,0.00260431
jfet,TIP_TIP_nessuno,0.825,-101.221,11.8272,-18.6185,-36.2149,1.71227e-10,-50.9234,8.35673,-21.6011,-41.7867,1.83239e-10,5.08671e-09,8.64383e-06,0.00282878,7.53149e+06,0.000198396,0.00265931,0.000315846,0.00256353
jfet,TIP_TIP_nessuno,0.85,-101.222,11.8255,-18.6198,-36.2182,1.36178e-10,-51.0324,8.25881,-21.7031,-41.9294,1.83239e-10,5.08671e-09,8.64342e-06,0.00279349,7.53149e+06,0.000198386,0.00262613,0.000335692,0.00251561
jfet,TIP_TIP_nessuno,0.875,-101.222,11.8233,-18.6213,-36.2224,1.77504e-11,-51.1661,8.14745,-21.8206,-42.0911,1.83239e-10,5.08671e-09,8.64289e-06,0.00275083,7.53148e+06,0.000198374,0.00258603,0.000359691,0.00245823
jfet,TIP_TIP_nessuno,0.9,-101.223,11.8204,-18.6234,-36.2277,3.00723e-10,-51.3346,8.01931,-21.9579,-42.2762,1.83239e-10,5.08671e-09,8.64221e-06,0.00269798,7.53148e+06,0.000198359,0.00253634,0.000389528,0.00238792
jfet,TIP_TIP_nessuno,0.925,-101.224,11.8165,-18.6262,-36.2351,3.16712e-10,-51.5549,7.86975,-22.1209,-42.4908,1.83239e-10,5.08671e-09,8.64128e-06,0.00263038,7.53148e+06,0.000198337,0.0024728,0.000428033,0.00229912
jfet,TIP_TIP_nessuno,0.95,-166.329,11.8498,-18.6024,-36.1722,1.82423e-10,-114.298,11.8122,-18.629,-36.2533,1.51806e-10,2.82358e-12,4.80107e-09,1.91817e-06,7.53182e+06,1.10195e-07,1.80326e-06,2.66955e-07,1.64798e-06
jfet,TIP_TIP_nessuno,0.975,-180.585,11.8498,-18.6024,-36.1722,1.82423e-10,-128.553,11.8119,-18.6293,-36.2533,1.71866e-10,5.47021e-13,9.30124e-10,3.7162e-07,7.53182e+06,2.13485e-08,3.49356e-07,6.00476e-08,3.11144e-07
jfet,TIP_TIP_nessuno,1,-185.716,11.8498,-18.6024,-36.1722,2.19898e-10,-133.685,11.8119,-18.6293,-36.2533,1.73266e-10,3.02981e-13,5.15173e-10,2.05831e-07,7.53182e+06,1.18244e-08,1.935e-07,4.11096e-08,1.64776e-07
jfet,TIP_TIP_k030,0,-1.10372,12.2332,-19.7821,-24.3261,5.12854e-09,-1.01644,11.8364,-20.2866,-24.3386,1.65814e-07,0.999635,0.999619,0.999622,287788,0.999619,0.999622,0.999619,0.999622
jfet,TIP_TIP_k030,0.025,-1.87373,17.5276,-15.9576,-23.3538,7.39158e-08,-1.78967,17.3708,-16.1547,-22.9983,1.94573e-07,0.999371,0.999342,0.999349,291680,0.999342,0.999349,0.999342,0.999349
jfet,TIP_TIP_k030,0.05,-2.80755,22.7123,-13.3005,-25.0189,4.82703e-08,-2.73053,22.756,-13.3493,-24.3719,1.51233e-07,0.998547,0.998474,0.998495,294376,0.998475,0.998494,0.998474,0.998495
jfet,TIP_TIP_k030,0.075,-3.91544,27.6917,-11.3886,-32.2105,2.76637e-08,-3.8457,27.9182,-11.3592,-30.7187,1.20401e-07,0.992012,0.991578,0.991715,297730,0.991579,0.991714,0.991578,0.991715
jfet,TIP_TIP_k030,0.1,-5.238,32.3033,-10.045,-31.8408,1.98867e-08,-5.17978,32.7022,-9.96711,-32.1928,3.6012e-08,0.208108,0.179594,0.186964,832637,0.180171,0.186782,0.179595,0.186965
jfet,TIP_TIP_k030,0.125,-6.82498,36.0834,-9.27882,-21.0169,7.6092e-08,-6.7811,36.6348,-9.17967,-20.8843,3.99406e-08,0.208051,0.179543,0.185854,837386,0.180134,0.185685,0.179544,0.185854
jfet,TIP_TIP_k030,0.15,-8.67959,37.8776,-9.30211,-16.4732,1.37374e-07,-8.63556,38.4761,-9.21155,-16.2541,1.13117e-07,0.207985,0.179484,0.185001,840986,0.180086,0.184843,0.179485,0.185001
jfet,TIP_TIP_k030,0.175,-10.789,35.4586,-10.6788,-14.8711,1.46317e-07,-10.7333,35.9826,-10.6292,-14.661,1.55614e-07,0.207907,0.179415,0.184314,843816,0.180027,0.184165,0.179416,0.184315
jfet,TIP_TIP_k030,0.2,-13.0387,24.7867,-15.3237,-17.3013,7.48902e-08,-12.9453,25.0816,-15.3574,-17.224,7.38519e-09,0.207811,0.179331,0.183736,846111,0.17995,0.183594,0.179332,0.183737
jfet,TIP_TIP_k030,0.225,-14.84,2.47055,-39.9036,-40.0654,2.85813e-10,-14.6618,3.37346,-31.7248,-39.6442,1.83239e-10,0.207689,0.179225,0.183226,848030,0.179851,0.183091,0.179226,0.183227
jfet,TIP_TIP_k030,0.25,-14.9381,0.105251,-59.7562,-73.7483,1.94295e-11,-14.755,2.08278,-33.7773,-48.4967,1.83239e-10,0.207528,0.179086,0.182749,849689,0.179718,0.182619,0.179087,0.18275
jfet,TIP_TIP_k030,0.275,-14.9482,0.0977439,-60.3736,-75.0132,1.45071e-10,-14.7806,1.8048,-34.996,-50.5123,1.83239e-10,0.207299,0.178888,0.182265,851202,0.179525,0.18214,0.17889,0.182265
jfet,TIP_TIP_k030,0.3,-14.9653,0.111525,-59.2226,-73.7444,1.75547e-10,-14.8109,1.55921,-36.2425,-52.6734,1.83239e-10,0.206932,0.178573,0.181702,852725,0.179214,0.181582,0.178575,0.181703
jfet,TIP_TIP_k030,0.325,-15.0196,0.424427,-48.8092,-55.4904,1.7755e-10,-14.9136,1.30702,-39.4066,-48.7961,1.83239e-10,0.206185,0.177934,0.180843,854672,0.178577,0.180727,0.177937,0.180844
jfet,TIP_TIP_k030,0.35,-17.6881,19.3217,-14.5752,-29.8143,1.64564e-10,-17.5356,17.6368,-15.3264,-32.1489,1.83239e-10,0.202418,0.174718,0.177387,861322,0.175353,0.177277,0.174725,0.177389
jfet,TIP_TIP_k030,0.375,-22.7512,20.5766,-15.3697,-19.6429,1.82423e-10,-22.2595,17.6077,-16.5779,-21.5184,1.83239e-10,0.065181,0.0567234,0.0625566,1.17528e+06,0.0569304,0.0625189,0.0569082,0.0625038
jfet,TIP_TIP_k030,0.4,-24.9238,0.012793,-85.9358,-80.0267,1.82423e-10,-24.1481,0.922909,-40.8401,-55.6717,1.83239e-10,0.065181,0.0567217,0.061996,1.17616e+06,0.0569296,0.0619595,0.0569127,0.0619477
jfet,TIP_TIP_k030,0.425,-24.9241,0.0120596,-85.4856,-80.9935,1.82423e-10,-24.2171,0.829288,-41.7622,-56.8047,1.83239e-10,0.065181,0.0567203,0.0615105,1.17696e+06,0.056929,0.0614751,0.0569168,0.0614664
jfet,TIP_TIP_k030,0.45,-24.9243,0.0114128,-85.5041,-81.8428,1.82423e-10,-24.2781,0.749122,-42.6386,-57.8923,1.83239e-10,0.065181,0.056719,0.0610846,1.17768e+06,0.0569286,0.0610502,0.0569207,0.0610445
jfet,TIP_TIP_k030,0.475,-24.9244,0.0108076,-85.8956,-82.5854,1.82423e-10,-24.3324,0.67969,-43.4773,-58.938,1.83239e-10,0.0651811,0.056718,0.0607068,1.17833e+06,0.0569282,0.0606734,0.0569244,0.0606706
jfet,TIP_TIP_k030,0.5,-24.9246,0.0102317,-86.6055,-83.2324,1.82423e-10,-24.3813,0.618951,-44.2848,-59.9453,1.83239e-10,0.0651811,0.056717,0.0603684,1.17893e+06,0.0569279,0.0603358,0.0569279,0.0603358
jfet,TIP_TIP_k030,0.525,-24.9247,0.0105418,-85.4347,-83.2673,1.82423e-10,-24.41,0.612239,-44.3814,-59.9707,1.83239e-10,0.0651811,0.0567165,0.0601698,1.17892e+06,0.0569274,0.0601373,0.0569312,0.0601401
jfet,TIP_TIP_k030,0.55,-24.9247,0.0107953,-84.6428,-83.3018,1.82423e-10,-24.4395,0.604827,-44.4892,-60.0067,1.83239e-10,0.0651811,0.0567159,0.0599663,1.17891e+06,0.0569268,0.0599338,0.0569346,0.0599397
jfet,TIP_TIP_k030,0.575,-24.9248,0.0109529,-84.1914,-83.3373,1.82423e-10,-24.4702,0.59639,-44.6133,-60.0555,1.83239e-10,0.0651811,0.0567154,0.0597551,1.1789e+06,0.0569261,0.0597227,0.0569384,0.0597318
jfet,TIP_TIP_k030,0.6,-24.9249,0.0109771,-84.0915,-83.376,1.82423e-10,-24.5027,0.586591,-44.7595,-60.12,1.83239e-10,0.0651811,0.0567148,0.0595326,1.17888e+06,0.0569255,0.0595003,0.0569425,0.0595129
jfet,TIP_TIP_k030,0.625,-24.925,0.0108292,-84.4143,-83.4216,1.82423e-10,-24.5375,0.575103,-44.9339,-60.204,1.83239e-10,0.0651812,0.0567141,0.0592944,1.17887e+06,0.0569248,0.0592621,0.056947,0.0592786
jfet,TIP_TIP_k030,0.65,-35.7105,60.448,-5.02523,-13.6704,1.41538e-10,-34.846,55.8072,-5.57486,-15.8378,1.83239e-10,0.00300117,0.00259107,0.00286698,1.1676e+06,0.00260069,0.00286542,0.0128787,0.00257272
jfet,TIP_TIP_k030,0.675,-58.7928,6.14123,-24.3006,-42.5727,1.79379e-10,-57.9212,7.12148,-23.0578,-39.1099,1.83239e-10,0.00130167,0.00112354,0.00123672,1.16725e+06,0.00112771,0.00123604,0.0129068,0.00103455
jfet,TIP_TIP_k030,0.7,-61.5029,3.24785,-29.7859,-53.6728,1.76774e-10,-60.7004,3.74669,-28.5769,-47.9615,1.83239e-10,0.000967937,0.000835432,0.00091533,1.16708e+06,0.00083853,0.000914827,0.0129325,0.00078318
jfet,TIP_TIP_k030,0.725,-63.1319,2.22241,-33.0715,-60.4259,1.82423e-10,-62.3701,2.56134,-31.8746,-51.7996,1.83239e-10,0.00080519,0.000694941,0.000758304,1.16693e+06,0.000697516,0.000757885,0.0129474,0.000683176
jfet,TIP_TIP_k030,0.75,-64.305,1.69141,-35.4394,-65.4038,1.82423e-10,-63.5762,1.95352,-34.2328,-53.6867,1.83239e-10,0.000704398,0.000607936,0.000660983,1.16679e+06,0.000610187,0.000660616,0.0129574,0.000633254
jfet,TIP_TIP_k030,0.775,-65.2226,1.36587,-37.2946,-69.4026,1.82423e-10,-64.5222,1.59158,-36.023,-54.6552,1.83239e-10,0.000634195,0.000547337,0.000593202,1.16664e+06,0.000549362,0.000592872,0.0129647,0.000605386
jfet,TIP_TIP_k030,0.8,-65.976,1.14567,-38.8207,-72.76,1.82423e-10,-65.3005,1.36052,-37.3989,-55.154,1.83239e-10,0.00058172,0.000502042,0.000542573,1.1665e+06,0.000503898,0.000542269,0.0129703,0.000588729
jfet,TIP_TIP_k030,0.825,-66.6148,0.986754,-40.1172,-75.6226,1.82423e-10,-65.9614,1.20897,-38.4395,-55.395,1.83239e-10,0.000540596,0.000466545,0.000502943,1.16635e+06,0.000468268,0.00050266,0.0129747,0.000578286
jfet,TIP_TIP_k030,0.85,-67.1691,0.866649,-41.2442,-78.0293,1.82423e-10,-66.5353,1.1098,-39.1975,-55.4849,1.83239e-10,0.000507256,0.000437767,0.000470864,1.1662e+06,0.000439383,0.000470598,0.0129784,0.000571473
jfet,TIP_TIP_k030,0.875,-67.6584,0.772689,-42.2409,-79.9554,1.82423e-10,-67.0418,1.04691,-39.7175,-55.4803,1.79434e-10,0.000479525,0.000413832,0.000444237,1.16604e+06,0.000415358,0.000443985,0.0129815,0.000566827
jfet,TIP_TIP_k030,0.9,-68.0961,0.697184,-43.134,-81.3629,1.74782e-10,-67.4947,1.00981,-40.0418,-55.4129,2.89091e-11,0.000455996,0.000393523,0.0004217,1.16589e+06,0.000394973,0.000421459,0.0129841,0.000563444
jfet,TIP_TIP_k030,0.925,-86.1597,0.0335955,-69.8652,-81.8947,1.82423e-10,-85.6317,0.896858,-41.096,-55.7122,1.5604e-10,5.57613e-05,4.91994e-05,5.22736e-05,1.16576e+06,4.93806e-05,5.22437e-05,0.000133683,4.94554e-05
jfet,TIP_TIP_k030,0.95,-94.0049,0.0318013,-70.3896,-81.8902,1.82423e-10,-93.4776,0.897432,-41.0904,-55.708,1.78809e-10,2.25942e-05,1.9939e-05,2.11829e-05,1.16575e+06,2.00124e-05,2.11708e-05,2.84587e-05,2.07093e-05
jfet,TIP_TIP_k030,0.975,-98.0639,0.0317435,-70.4071,-81.8897,1.82423e-10,-97.5367,0.897503,-41.0897,-55.7074,7.43001e-12,1.41592e-05,1.24955e-05,1.32749e-05,1.16575e+06,1.25415e-05,1.32673e-05,1.48183e-05,1.30935e-05
jfet,TIP_TIP_k030,1,-100.819,0.0317329,-70.4103,-81.8895,2.60864e-11,-100.292,0.897525,-41.0895,-55.7071,2.87228e-10,1.03107e-05,9.09928e-06,9.66682e-06,1.16575e+06,9.1328e-06,9.66128e-06,1.0033e-05,9.57447e-06
jfet,TIP_TIP_k048,0,-0.268218,4.10857,-31.1714,-32.9818,2.70966e-11,-0.219695,3.79933,-32.5876,-33.9351,1.72583e-10,0.99974,0.999733,0.999739,338681,0.999733,0.999739,0.999733,0.999739
jfet,TIP_TIP_k048,0.025,-0.739631,8.62612,-23.1201,-26.9558,7.14987e-08,-0.68022,8.61139,-23.5015,-26.7306,3.25152e-08,0.999622,0.99961,0.999621,341387,0.999611,0.999621,0.999611,0.999621
jfet,TIP_TIP_k048,0.05,-1.35718,12.9761,-18.7152,-25.289,6.94169e-08,-1.29346,13.1965,-18.7768,-24.5985,9.31905e-08,0.99937,0.99935,0.999369,343373,0.99935,0.999369,0.99935,0.999369
jfet,TIP_TIP_k048,0.075,-2.10407,16.9891,-15.8851,-26.5223,4.75962e-08,-2.03851,17.4139,-15.7977,-25.4199,1.03601e-07,0.998634,0.998586,0.998635,345023,0.998586,0.998635,0.998586,0.998635
jfet,TIP_TIP_k048,0.1,-2.97519,20.5151,-14.0119,-32.5951,2.56926e-08,-2.90769,21.118,-13.8447,-30.3722,1.04261e-07,0.993872,0.993636,0.99389,347504,0.993637,0.993889,0.993636,0.99389
jfet,TIP_TIP_k048,0.125,-3.97754,23.2981,-12.8739,-37.2322,5.28632e-09,-3.9077,24.0327,-12.6633,-36.8747,4.66437e-08,0.336728,0.318046,0.330423,773371,0.318274,0.33027,0.318046,0.330423
jfet,TIP_TIP_k048,0.15,-5.11806,24.9002,-12.4733,-24.7995,3.69645e-08,-5.04843,25.7403,-12.2441,-24.5838,2.61859e-09,0.336626,0.317946,0.328767,776979,0.318185,0.328624,0.317946,0.328768
jfet,TIP_TIP_k048,0.175,-6.36621,24.5617,-13.0169,-20.4819,6.62651e-08,-6.29216,25.402,-12.8001,-20.0717,1.59866e-08,0.336506,0.31783,0.327442,779801,0.318078,0.327307,0.317831,0.327442
jfet,TIP_TIP_k048,0.2,-7.68096,21.213,-15.0696,-19.434,1.13444e-07,-7.59323,21.9404,-14.9018,-19.0009,1.14505e-09,0.336362,0.317692,0.326337,782076,0.317948,0.326209,0.317693,0.326338
jfet,TIP_TIP_k048,0.225,-8.9563,13.5958,-20.4244,-22.497,1.48065e-08,-8.83887,14.075,-20.3009,-22.2356,1.83239e-10,0.336186,0.317525,0.325378,783961,0.317787,0.325255,0.317526,0.325378
jfet,TIP_TIP_k048,0.25,-9.90354,1.73775,-42.9165,-42.7696,1.82423e-10,-9.72535,2.44629,-34.1588,-42.6729,1.83239e-10,0.335963,0.317314,0.324505,785574,0.317581,0.324388,0.317315,0.324506
jfet,TIP_TIP_k048,0.275,-9.98045,0.111126,-59.2254,-74.2744,1.77987e-10,-9.79422,1.55395,-36.2839,-52.2366,1.83239e-10,0.335666,0.317034,0.323664,787017,0.317305,0.323551,0.317035,0.323665
jfet,TIP_TIP_k048,0.3,-9.99514,0.149083,-56.778,-69.4774,1.75792e-10,-9.82402,1.30885,-37.739,-55.3633,1.83239e-10,0.335244,0.316637,0.322784,788405,0.316912,0.322675,0.316638,0.322784
jfet,TIP_TIP_k048,0.325,-10.1772,2.9294,-34.403,-36.4457,1.79275e-10,-10.0771,3.22688,-34.145,-34.8075,1.83239e-10,0.334571,0.316004,0.321727,789942,0.316283,0.321622,0.316006,0.321727
jfet,TIP_TIP_k048,0.35,-11.3404,12.8924,-18.7959,-25.2416,1.78889e-10,-11.2281,12.2073,-19.2079,-26.1645,1.83239e-10,0.333223,0.314739,0.320076,792230,0.31502,0.319974,0.314741,0.320077
jfet,TIP_TIP_k048,0.375,-13.1574,21.3408,-13.6501,-33.7098,1.6167e-10,-12.9925,19.9425,-14.2487,-35.2934,1.83239e-10,0.327201,0.309092,0.313987,800874,0.309372,0.31389,0.309098,0.313989
jfet,TIP_TIP_k048,0.4,-15.5425,25.8058,-12.2235,-23.3102,1.82423e-10,-15.277,23.7253,-13.003,-23.4445,1.83239e-10,0.101431,0.0963412,0.105671,1.33868e+06,0.0964291,0.105639,0.096418,0.105632
jfet,TIP_TIP_k048,0.425,-18.3543,20.174,-15.8307,-19.4811,1.82423e-10,-17.9094,17.8394,-16.838,-21.0135,1.83239e-10,0.101431,0.0963389,0.104926,1.33982e+06,0.0964274,0.104895,0.0964194,0.10489
jfet,TIP_TIP_k048,0.45,-20.3237,0.0240417,-73.2242,-80.1667,1.82423e-10,-19.6312,0.779029,-42.2986,-57.5525,1.83239e-10,0.101431,0.0963369,0.10426,1.34084e+06,0.096426,0.10423,0.0964209,0.104226
jfet,TIP_TIP_k048,0.475,-20.3239,0.0216374,-74.1097,-81.2846,1.82423e-10,-19.6823,0.706594,-43.1436,-58.4833,1.83239e-10,0.101431,0.0963351,0.103659,1.34177e+06,0.0964248,0.10363,0.0964223,0.103628
jfet,TIP_TIP_k048,0.5,-20.324,0.0197746,-74.8512,-82.3395,1.82423e-10,-19.7288,0.644479,-43.9395,-59.3872,1.83239e-10,0.101431,0.0963335,0.103114,1.34262e+06,0.0964238,0.103086,0.0964238,0.103086
jfet,TIP_TIP_k048,0.525,-20.3241,0.0186069,-75.4564,-82.5156,1.82423e-10,-19.755,0.629503,-44.1495,-59.3982,1.83239e-10,0.101431,0.0963326,0.102806,1.34266e+06,0.0964229,0.102777,0.0964254,0.102779
jfet,TIP_TIP_k048,0.55,-20.3242,0.0176728,-75.9702,-82.6889,1.82423e-10,-19.7819,0.616215,-44.3399,-59.4175,1.83239e-10,0.101431,0.0963317,0.10249,1.34269e+06,0.0964219,0.102461,0.0964271,0.102465
jfet,TIP_TIP_k048,0.575,-20.3243,0.0169903,-76.3576,-82.8644,1.82423e-10,-19.8099,0.604674,-44.5085,-59.4467,1.83239e-10,0.101431,0.0963308,0.102162,1.34272e+06,0.0964209,0.102134,0.096429,0.102139
jfet,TIP_TIP_k048,0.6,-21.3887,12.6339,-19.7833,-23.657,1.82423e-10,-21.0673,13.6788,-18.8004,-23.7823,1.83239e-10,0.101431,0.0963298,0.101819,1.34274e+06,0.0964199,0.101791,0.096431,0.101798
jfet,TIP_TIP_k048,0.625,-28.9747,53.2391,-5.84683,-18.5193,3.53574e-11,-28.1468,50.7538,-6.23177,-20.6048,1.83239e-10,0.00486895,0.00460082,0.00519221,1.30299e+06,0.00460512,0.00519076,0.0113695,0.00489851
jfet,TIP_TIP_k048,0.65,-52.3836,14.5086,-17.1541,-28.0868,1.75537e-10,-50.9479,20.8975,-14.4501,-22.4628,1.83239e-10,0.00229917,0.00217222,0.00243903,1.3022e+06,0.00217425,0.00243834,0.0108431,0.00216522
jfet,TIP_TIP_k048,0.675,-55.5381,6.53538,-23.7695,-41.4791,1.80052e-10,-54.5107,8.28887,-21.7746,-36.6238,1.83239e-10,0.00172609,0.00163072,0.00182259,1.30201e+06,0.00163223,0.00182207,0.0107979,0.00156748
jfet,TIP_TIP_k048,0.7,-57.2206,4.387,-27.1902,-48.3468,1.77257e-10,-56.2614,5.56659,-25.1737,-42.2298,1.83239e-10,0.00144102,0.00136136,0.00151534,1.30187e+06,0.00136262,0.0015149,0.0107855,0.00127707
jfet,TIP_TIP_k048,0.725,-58.4083,3.3205,-29.5951,-53.1727,1.70755e-10,-57.4916,4.2106,-27.5818,-45.5642,1.83239e-10,0.00126293,0.00119309,0.00132324,1.30173e+06,0.0011942,0.00132286,0.0107812,0.0011004
jfet,TIP_TIP_k048,0.75,-59.331,2.67591,-31.463,-56.9224,1.82423e-10,-58.4474,3.379,-29.489,-47.723,1.83239e-10,0.00113827,0.0010753,0.00118879,1.30159e+06,0.0010763,0.00118844,0.0107797,0.000980194
jfet,TIP_TIP_k048,0.775,-60.0866,2.24256,-32.9938,-59.9958,1.82423e-10,-59.2306,2.81266,-31.0848,-49.1634,1.83239e-10,0.00104478,0.000986972,0.00108803,1.30143e+06,0.000987882,0.00108772,0.0107794,0.000892635
jfet,TIP_TIP_k048,0.8,-60.7266,1.9307,-34.2921,-62.5993,1.82423e-10,-59.8942,2.4026,-32.4603,-50.1281,1.83239e-10,0.000971341,0.000917586,0.001009,1.30126e+06,0.00091843,0.0010087,0.0107797,0.000825805
jfet,TIP_TIP_k048,0.825,-61.2816,1.69532,-35.4199,-64.8526,1.82423e-10,-60.4697,2.09446,-33.6628,-50.7628,1.83239e-10,0.000911694,0.000861231,0.000944924,1.30107e+06,0.000862022,0.000944645,0.0107802,0.000772974
jfet,TIP_TIP_k048,0.85,-61.7715,1.51128,-36.4171,-66.8295,1.75758e-10,-60.9773,1.85806,-34.7169,-51.1617,1.79045e-10,0.000862012,0.000814293,0.000891683,1.30087e+06,0.000815038,0.000891418,0.0107808,0.000729992
jfet,TIP_TIP_k048,0.875,-62.2099,1.3634,-37.3108,-68.5767,1.73318e-10,-61.4308,1.67523,-35.6337,-51.3883,1.36895e-10,0.000819807,0.000774418,0.000846587,1.30065e+06,0.000775126,0.000846333,0.0107813,0.000694106
jfet,TIP_TIP_k048,0.9,-81.2529,0.0296523,-71.1095,-80.0911,1.82423e-10,-80.6399,0.806332,-42.1954,-53.3673,2.96252e-11,9.04018e-05,8.65638e-05,9.28463e-05,1.30035e+06,8.66428e-05,9.28184e-05,0.000125004,9.03957e-05
jfet,TIP_TIP_k048,0.925,-88.2915,0.025114,-72.7913,-80.0842,1.82423e-10,-87.68,0.803187,-42.2321,-53.3664,1.7654e-10,4.01983e-05,3.84954e-05,4.1282e-05,1.30033e+06,3.85305e-05,4.12696e-05,4.23072e-05,4.08017e-05
jfet,TIP_TIP_k048,0.95,-92.1317,0.0248907,-72.8847,-80.0831,1.82423e-10,-91.5204,0.802737,-42.2374,-53.366,3.30549e-11,2.5834e-05,2.47399e-05,2.65301e-05,1.30032e+06,2.47625e-05,2.65222e-05,2.57545e-05,2.63359e-05
jfet,TIP_TIP_k048,0.975,-94.7851,0.0248454,-72.9039,-80.0827,1.82423e-10,-94.1739,0.802591,-42.2391,-53.3658,3.08548e-10,1.90334e-05,1.82274e-05,1.95462e-05,1.30032e+06,1.82441e-05,1.95404e-05,1.86284e-05,1.94435e-05
jfet,TIP_TIP_k048,1,-96.8142,0.0248297,-72.9105,-80.0824,3.16525e-10,-96.203,0.802527,-42.2399,-53.3656,1.70363e-10,1.50682e-05,1.44301e-05,1.54741e-05,1.30032e+06,1.44433e-05,1.54695e-05,1.46266e-05,1.54117e-05
jfet,VLO_VLO_nessuno,0,-4.09713,33.3173,-9.88136,-24.0291,2.09008e-07,-3.62659,30.9662,-10.6235,-22.4241,3.03049e-07,0.999939,0.999939,0.999931,510502,0.999939,0.999931,0.999939,0.999931
jfet,VLO_VLO_nessuno,0.025,-5.78935,42.3084,-7.68339,-41.0939,2.6541e-08,-5.38687,40.7027,-8.05087,-31.9981,1.37769e-07,0.99976,0.99976,0.999741,576466,0.999761,0.999741,0.99976,0.999741
jfet,VLO_VLO_nessuno,0.05,-6.03537,45.2871,-7.16203,-42.211,3.94795e-07,-6.38427,46.4669,-6.96972,-29.5656,3.10222e-07,2.84108e-08,4.82567e-05,0.0141374,3.19114e+06,0.000440829,0.0137791,0.000158722,0.0139855
jfet,VLO_VLO_nessuno,0.075,-6.16702,52.6896,-6.08184,-26.544,8.31504e-07,-6.77072,50.8471,-6.55222,-18.144,5.99307e-07,2.26426e-08,3.84655e-05,0.0116778,3.57352e+06,0.000398226,0.0113462,0.000168536,0.0115204
jfet,VLO_VLO_nessuno,0.1,-6.61954,65.9529,-4.47159,-15.6506,1.29646e-06,-7.07704,56.6994,-6.18962,-13.4603,7.31674e-07,1.88214e-08,3.19775e-05,0.00996222,3.91872e+06,0.000366207,0.00965196,0.00017504,0.00980071
jfet,VLO_VLO_nessuno,0.125,-7.87512,89.0415,-2.60827,-7.88641,1.617e-06,-7.68313,65.545,-5.42773,-10.9652,7.37768e-07,1.61037e-08,2.73623e-05,0.00869428,4.23585e+06,0.000340983,0.00840155,0.000179668,0.00852957
jfet,VLO_VLO_nessuno,0.15,-12.2106,147.364,-0.746294,-2.04862,1.89712e-06,-12.2923,85.2332,-3.81062,-7.56325,1.17271e-07,1.40718e-08,2.39113e-05,0.00771749,4.53082e+06,0.000320433,0.00743951,0.000183128,0.0075502
jfet,VLO_VLO_nessuno,0.175,-93.1619,32.9113,-10.2149,-19.361,3.10068e-10,-42.8747,22.4615,-13.2688,-25.086,1.83239e-10,1.24953e-08,2.12334e-05,0.00694107,4.8077e+06,0.000303264,0.00667576,0.000185814,0.00677165
jfet,VLO_VLO_nessuno,0.2,-94.1468,28.6616,-11.2858,-21.5144,2.8382e-10,-43.7671,19.9379,-14.2389,-27.088,1.83239e-10,1.12364e-08,1.90949e-05,0.00630865,5.06948e+06,0.000288634,0.00605436,0.000187959,0.00613744
jfet,VLO_VLO_nessuno,0.225,-95.0247,25.4689,-12.2238,-23.3982,1.67281e-11,-44.5665,17.9872,-15.0885,-28.8386,1.83239e-10,1.02079e-08,1.73477e-05,0.00578328,5.31838e+06,0.00027597,0.00553871,0.000189712,0.00561053
jfet,VLO_VLO_nessuno,0.25,-95.8178,22.9631,-13.0608,-25.0779,3.064e-11,-45.2921,16.4218,-15.847,-30.3992,1.83239e-10,9.35196e-09,1.58935e-05,0.00533972,5.55614e+06,0.000264864,0.0051038,0.000191171,0.00516564
jfet,VLO_VLO_nessuno,0.275,-96.5418,20.9339,-13.818,-26.5963,1.53022e-10,-45.9573,15.1309,-16.5338,-31.8103,1.83239e-10,8.62845e-09,1.46642e-05,0.00496012,5.78413e+06,0.000255021,0.00473197,0.000192404,0.00478486
jfet,VLO_VLO_nessuno,0.3,-97.2081,19.2517,-14.5101,-27.9836,1.72963e-10,-46.572,14.0442,-17.1624,-33.1002,1.83239e-10,8.00885e-09,1.36115e-05,0.00463149,6.00346e+06,0.000246215,0.00441036,0.000193461,0.0044552
jfet,VLO_VLO_nessuno,0.325,-97.8257,17.8312,-15.148,-29.2618,1.80202e-10,-47.1436,13.1143,-17.7425,-34.2893,1.83239e-10,7.47227e-09,1.26997e-05,0.00434416,6.21505e+06,0.000238277,0.00412943,0.000194375,0.00416693
jfet,VLO_VLO_nessuno,0.35,-98.4012,16.6138,-15.7399,-30.4476,1.75932e-10,-47.678,12.3079,-18.2817,-35.3932,1.83239e-10,7.00308e-09,1.19025e-05,0.00409074,6.41967e+06,0.00023107,0.00388188,0.000195175,0.00391269
jfet,VLO_VLO_nessuno,0.375,-98.9402,15.5575,-16.2924,-31.554,1.82423e-10,-48.18,11.6009,-18.7857,-36.424,1.83239e-10,6.58933e-09,1.11994e-05,0.00386555,6.61797e+06,0.00022449,0.00366208,0.000195881,0.00368674
jfet,VLO_VLO_nessuno,0.4,-99.4471,14.6315,-16.8104,-32.5914,1.82423e-10,-48.6533,10.9753,-19.259,-37.3913,1.83239e-10,6.22175e-09,1.05748e-05,0.00366409,6.81049e+06,0.000218449,0.00346561,0.000196508,0.0034846
jfet,VLO_VLO_nessuno,0.425,-99.9257,13.8124,-17.2983,-33.5682,1.82423e-10,-49.1012,10.4172,-19.7054,-38.3027,1.83239e-10,5.89301e-09,1.00162e-05,0.00348278,6.99772e+06,0.000212877,0.00328893,0.000197069,0.00330266
jfet,VLO_VLO_nessuno,0.45,-100.379,13.0824,-17.7594,-34.4912,1.82423e-10,-49.5263,9.91586,-20.128,-39.1648,1.83239e-10,5.59726e-09,9.51358e-06,0.00331872,7.18006e+06,0.000207717,0.00312918,0.000197573,0.00313802
jfet,VLO_VLO_nessuno,0.475,-100.809,12.4273,-18.1965,-35.3662,1.82423e-10,-49.9309,9.46276,-20.5292,-39.9827,1.83239e-10,5.32979e-09,9.05903e-06,0.00316956,7.35789e+06,0.00020292,0.00298405,0.000198029,0.00298833
jfet,VLO_VLO_nessuno,0.5,-101.219,11.8361,-18.6122,-36.1981,1.82423e-10,-50.3169,9.05103,-20.9113,-40.7609,1.83239e-10,5.08671e-09,8.64594e-06,0.00303334,7.53151e+06,0.000198444,0.00285161,0.000198444,0.00285161
jfet,VLO_VLO_nessuno,0.525,-101.219,11.8357,-18.6124,-36.1988,1.82423e-10,-50.3405,9.01815,-20.9427,-40.8101,1.83239e-10,5.08671e-09,8.64586e-06,0.00302511,7.53151e+06,0.000198442,0.00284388,0.000203333,0.0028396
jfet,VLO_VLO_nessuno,0.55,-101.219,11.8354,-18.6127,-36.1994,1.82423e-10,-50.3661,8.98319,-20.9762,-40.8622,1.83239e-10,5.08671e-09,8.64578e-06,0.00301623,7.53151e+06,0.00019844,0.00283553,0.000208584,0.00282669
jfet,VLO_VLO_nessuno,0.575,-101.219,11.835,-18.613,-36.2001,1.82423e-10,-50.3938,8.94595,-21.0121,-40.9177,1.83239e-10,5.08671e-09,8.64569e-06,0.00300661,7.53151e+06,0.000198438,0.00282649,0.000214247,0.00281276
jfet,VLO_VLO_nessuno,0.6,-101.219,11.8346,-18.6133,-36.2009,1.82423e-10,-50.4241,8.90614,-21.0506,-40.977,1.83239e-10,5.08671e-09,8.64559e-06,0.00299615,7.53151e+06,0.000198436,0.00281665,0.000220377,0.00279767
jfet,VLO_VLO_nessuno,0.625,-101.22,11.8341,-18.6136,-36.2018,1.82423e-10,-50.4573,8.86348,-21.0921,-41.0404,1.83239e-10,5.08671e-09,8.64548e-06,0.00298472,7.53151e+06,0.000198433,0.00280591,0.000227042,0.00278125
jfet,VLO_VLO_nessuno,0.65,-101.22,11.8336,-18.614,-36.2028,1.82423e-10,-50.4939,8.8176,-21.137,-41.1085,1.83239e-10,5.08671e-09,8.64535e-06,0.00297217,7.5315e+06,0.000198431,0.0027941,0.000234326,0.0027633
jfet,VLO_VLO_nessuno,0.675,-101.22,11.833,-18.6144,-36.2039,1.82423e-10,-50.5345,8.76808,-21.1856,-41.1818,1.83239e-10,5.08671e-09,8.64522e-06,0.00295831,7.5315e+06,0.000198427,0.00278108,0.000242329,0.00274358
jfet,VLO_VLO_nessuno,0.7,-101.22,11.8324,-18.6148,-36.2051,1.82423e-10,-50.5798,8.71441,-21.2387,-41.2612,1.83239e-10,5.08671e-09,8.64506e-06,0.0029429,7.5315e+06,0.000198424,0.0027666,0.000251179,0.00272178
jfet,VLO_VLO_nessuno,0.725,-101.22,11.8316,-18.6154,-36.2066,1.82423e-10,-50.6309,8.65597,-21.2969,-41.3475,1.83239e-10,5.08671e-09,8.64488e-06,0.00292567,7.5315e+06,0.00019842,0.00275039,0.000261037,0.00269752
jfet,VLO_VLO_nessuno,0.75,-101.22,11.8308,-18.616,-36.2082,1.82423e-10,-50.6888,8.59203,-21.361,-41.4417,1.83239e-10,5.08671e-09,8.64468e-06,0.00290622,7.5315e+06,0.000198415,0.00273211,0.000272109,0.00267031
jfet,VLO_VLO_nessuno,0.775,-101.221,11.8298,-18.6167,-36.2101,1.70864e-10,-50.7552,8.52167,-21.4321,-41.5451,1.83239e-10,5.08671e-09,8.64444e-06,0.00288407,7.53149e+06,0.00019841,0.00271129,0.000284668,0.00263952
jfet,VLO_VLO_nessuno,0.8,-101.221,11.8286,-18.6175,-36.2123,1.79889e-10,-50.8324,8.44372,-21.5115,-41.6594,1.83239e-10,5.08671e-09,8.64416e-06,0.00285856,7.53149e+06,0.000198403,0.0026873,0.000299079,0.00260431
jfet,VLO_VLO_nessuno,0.825,-101.221,11.8272,-18.6185,-36.2149,1.71227e-10,-50.9234,8.35673,-21.6011,-41.7867,1.83239e-10,5.08671e-09,8.64383e-06,0.00282878,7.53149e+06,0.000198396,0.00265931,0.000315846,0.00256353
jfet,VLO_VLO_nessuno,0.85,-101.222,11.8255,-18.6198,-36.2182,1.36178e-10,-51.0324,8.25881,-21.7031,-41.9294,1.83239e-10,5.08671e-09,8.64342e-06,0.00279349,7.53149e+06,0.000198386,0.00262613,0.000335692,0.00251561
jfet,VLO_VLO_nessuno,0.875,-101.222,11.8233,-18.6213,-36.2224,1.77504e-11,-51.1661,8.14745,-21.8206,-42.0911,1.83239e-10,5.08671e-09,8.64289e-06,0.00275083,7.53148e+06,0.000198374,0.00258603,0.000359691,0.00245823
jfet,VLO_VLO_nessuno,0.9,-101.223,11.8204,-18.6234,-36.2277,3.00723e-10,-51.3346,8.01931,-21.9579,-42.2762,1.83239e-10,5.08671e-09,8.64221e-06,0.00269798,7.53148e+06,0.000198359,0.00253634,0.000389528,0.00238792
jfet,VLO_VLO_nessuno,0.925,-101.224,11.8165,-18.6262,-36.2351,3.16712e-10,-51.5549,7.86975,-22.1209,-42.4908,1.83239e-10,5.08671e-09,8.64128e-06,0.00263038,7.53148e+06,0.000198337,0.0024728,0.000428033,0.00229912
jfet,VLO_VLO_nessuno,0.95,-101.225,11.8108,-18.6302,-36.2459,3.10299e-10,-51.8583,7.69226,-22.3185,-42.7425,1.83239e-10,5.08671e-09,8.63992e-06,0.00254009,7.53148e+06,0.000198306,0.00238792,0.000480422,0.00218228
jfet,VLO_VLO_nessuno,0.975,-173.684,11.8498,-18.6024,-36.1722,1.82423e-10,-121.653,11.8119,-18.6293,-36.2534,3.39399e-11,1.21069e-12,2.05859e-09,8.22478e-07,7.53182e+06,4.72493e-08,7.73204e-07,1.32911e-07,6.88621e-07
jfet,VLO_VLO_nessuno,1,-185.716,11.8498,-18.6024,-36.1722,2.19472e-10,-133.685,11.8119,-18.6293,-36.2532,1.74097e-10,3.02981e-13,5.15173e-10,2.05831e-07,7.53182e+06,1.18244e-08,1.935e-07,4.11096e-08,1.64776e-07
jfet,VLO_VLO_k030,0,-2.32483,20.1776,-14.4986,-23.8073,2.10188e-07,-2.19916,19.9737,-14.7116,-23.1484,3.18372e-07,0.999491,0.999466,0.999475,287821,0.999466,0.999475,0.999466,0.999475
jfet,VLO_VLO_k030,0.025,-3.33814,25.2517,-12.2629,-27.3855,1.47616e-07,-3.21976,25.3072,-12.3146,-26.1209,2.35509e-07,0.998453,0.998373,0.998405,291896,0.998373,0.998404,0.998373,0.998405
jfet,VLO_VLO_k030,0.05,-4.5312,30.0163,-10.6622,-53.4671,1.7223e-08,-4.42127,30.3154,-10.6194,-38.9497,1.16384e-07,0.948456,0.9456,0.946786,306876,0.945609,0.946779,0.9456,0.946786
jfet,VLO_VLO_k030,0.075,-5.97223,34.2926,-9.59486,-25.131,1.28476e-07,-5.88702,34.8921,-9.47975,-25.3051,7.99365e-08,0.208267,0.179729,0.188111,827895,0.180293,0.187918,0.17973,0.188111
jfet,VLO_VLO_k030,0.1,-7.66405,37.2635,-9.17292,-18.4532,2.59508e-07,-7.6033,38.0643,-9.03285,-18.2287,1.78321e-07,0.208215,0.17968,0.186721,833839,0.180262,0.186543,0.179681,0.186721
jfet,VLO_VLO_k030,0.125,-9.62901,37.4738,-9.71536,-15.3664,3.21173e-07,-9.5757,38.3192,-9.59817,-15.0604,3.11811e-07,0.208153,0.179624,0.185693,838203,0.180219,0.185527,0.179625,0.185693
jfet,VLO_VLO_k030,0.15,-11.834,31.8418,-12.2035,-15.2854,4.34629e-07,-11.7563,32.4982,-12.1531,-15.0404,3.23508e-07,0.208076,0.179556,0.184887,841551,0.180162,0.184731,0.179557,0.184887
jfet,VLO_VLO_k030,0.175,-14.0135,15.5251,-20.7476,-21.8453,2.76153e-07,-13.8712,15.8999,-20.5612,-21.8871,2.07612e-07,0.207979,0.179471,0.184223,844217,0.180086,0.184076,0.179472,0.184223
jfet,VLO_VLO_k030,0.2,-14.9248,0.137201,-57.5167,-70.1581,3.11826e-10,-14.7069,2.73257,-31.4846,-44.6728,1.83239e-10,0.207848,0.179358,0.183643,846416,0.17998,0.183503,0.179359,0.183644
jfet,VLO_VLO_k030,0.225,-14.9332,0.118871,-58.7179,-72.2198,3.1315e-10,-14.7371,2.30745,-32.9101,-47.0402,1.83239e-10,0.20766,0.179195,0.183096,848318,0.179824,0.182963,0.179197,0.183097
jfet,VLO_VLO_k030,0.25,-14.9478,0.119444,-58.655,-72.4903,3.01612e-10,-14.7696,1.95953,-34.2946,-49.3906,1.83239e-10,0.207351,0.17893,0.182507,850105,0.179563,0.182379,0.178932,0.182508
jfet,VLO_VLO_k030,0.275,-15.1562,3.08167,-33.8853,-35.9083,3.00609e-10,-15.0524,3.2203,-33.2873,-35.2479,1.83239e-10,0.206683,0.178359,0.181656,852213,0.178995,0.181533,0.178361,0.181657
jfet,VLO_VLO_k030,0.3,-18.2796,21.4762,-13.5744,-38.3012,7.94035e-12,-18.0583,19.2795,-14.4992,-38.172,1.83239e-10,0.200396,0.172992,0.175953,863157,0.173614,0.175838,0.173001,0.175957
jfet,VLO_VLO_k030,0.325,-23.5552,16.2649,-18.2605,-21.0282,1.82423e-10,-22.8471,13.1056,-19.7299,-23.7766,1.83239e-10,0.0651809,0.0567278,0.063995,1.17318e+06,0.0569329,0.0639544,0.0568982,0.0639322
jfet,VLO_VLO_k030,0.35,-24.9233,0.0151931,-87.4232,-77.6834,1.82423e-10,-23.9771,1.16684,-38.8173,-53.2552,1.83239e-10,0.0651809,0.0567254,0.0632131,1.17429e+06,0.0569315,0.063174,0.0569034,0.0631555
jfet,VLO_VLO_k030,0.375,-24.9236,0.0137382,-86.887,-78.9288,1.82423e-10,-24.069,1.0337,-39.8626,-54.4896,1.83239e-10,0.065181,0.0567234,0.0625566,1.17528e+06,0.0569304,0.0625189,0.0569082,0.0625038
jfet,VLO_VLO_k030,0.4,-24.9238,0.012793,-85.9358,-80.0267,1.82423e-10,-24.1481,0.922909,-40.8401,-55.6717,1.83239e-10,0.065181,0.0567217,0.061996,1.17616e+06,0.0569296,0.0619595,0.0569127,0.0619477
jfet,VLO_VLO_k030,0.425,-24.9241,0.0120596,-85.4856,-80.9935,1.82423e-10,-24.2171,0.829288,-41.7622,-56.8047,1.83239e-10,0.065181,0.0567203,0.0615105,1.17696e+06,0.056929,0.0614751,0.0569168,0.0614664
jfet,VLO_VLO_k030,0.45,-24.9243,0.0114128,-85.5041,-81.8428,1.82423e-10,-24.2781,0.749122,-42.6386,-57.8923,1.83239e-10,0.065181,0.056719,0.0610846,1.17768e+06,0.0569286,0.0610502,0.0569207,0.0610445
jfet,VLO_VLO_k030,0.475,-24.9244,0.0108076,-85.8956,-82.5854,1.82423e-10,-24.3324,0.67969,-43.4773,-58.938,1.83239e-10,0.0651811,0.056718,0.0607068,1.17833e+06,0.0569282,0.0606734,0.0569244,0.0606706
jfet,VLO_VLO_k030,0.5,-24.9246,0.0102317,-86.6055,-83.2324,1.82423e-10,-24.3813,0.618951,-44.2848,-59.9453,1.83239e-10,0.0651811,0.056717,0.0603684,1.17893e+06,0.0569279,0.0603358,0.0569279,0.0603358
jfet,VLO_VLO_k030,0.525,-24.9247,0.0105418,-85.4347,-83.2673,1.82423e-10,-24.41,0.612239,-44.3814,-59.9707,1.83239e-10,0.0651811,0.0567165,0.0601698,1.17892e+06,0.0569274,0.0601373,0.0569312,0.0601401
jfet,VLO_VLO_k030,0.55,-24.9247,0.0107953,-84.6428,-83.3018,1.82423e-10,-24.4395,0.604827,-44.4892,-60.0067,1.83239e-10,0.0651811,0.0567159,0.0599663,1.17891e+06,0.0569268,0.0599338,0.0569346,0.0599397
jfet,VLO_VLO_k030,0.575,-24.9248,0.0109529,-84.1914,-83.3373,1.82423e-10,-24.4702,0.59639,-44.6133,-60.0555,1.83239e-10,0.0651811,0.0567154,0.0597551,1.1789e+06,0.0569261,0.0597227,0.0569384,0.0597318
jfet,VLO_VLO_k030,0.6,-24.9249,0.0109771,-84.0915,-83.376,1.82423e-10,-24.5027,0.586591,-44.7595,-60.12,1.83239e-10,0.0651811,0.0567148,0.0595326,1.17888e+06,0.0569255,0.0595003,0.0569425,0.0595129
jfet,VLO_VLO_k030,0.625,-24.925,0.0108292,-84.4143,-83.4216,1.82423e-10,-24.5375,0.575103,-44.9339,-60.204,1.83239e-10,0.0651812,0.0567141,0.0592944,1.17887e+06,0.0569248,0.0592621,0.056947,0.0592786
jfet,VLO_VLO_k030,0.65,-24.9251,0.0104754,-85.3436,-83.4802,1.82423e-10,-24.5758,0.561674,-45.1421,-60.3126,1.83239e-10,0.0651812,0.0567134,0.0590342,1.17885e+06,0.0569241,0.059002,0.0569521,0.0590227
jfet,VLO_VLO_k030,0.675,-24.9252,0.00990877,-87.3394,-83.5603,1.82423e-10,-24.6188,0.54631,-45.3862,-60.4527,1.83239e-10,0.0651812,0.0567126,0.0587434,1.17883e+06,0.0569232,0.0587114,0.0569579,0.0587368
jfet,VLO_VLO_k030,0.7,-32.1037,47.2554,-6.75798,-25.0799,2.87123e-10,-31.6626,44.1026,-7.33841,-27.0499,1.83239e-10,0.00391459,0.00338005,0.00373473,1.16767e+06,0.0033926,0.00373269,0.0129342,0.00342743
jfet,VLO_VLO_k030,0.725,-60.4134,7.13324,-23.0234,-39.9968,3.28403e-12,-59.5379,8.26211,-21.7998,-36.7602,1.83239e-10,0.00107236,0.000925586,0.00101788,1.16715e+06,0.000929019,0.00101732,0.0129234,0.000849757
jfet,VLO_VLO_k030,0.75,-63.4401,3.49081,-29.1622,-52.4034,1.50245e-10,-62.6419,3.99799,-28.0164,-47.1163,1.83239e-10,0.000773702,0.000667769,0.000731193,1.16699e+06,0.000670244,0.00073079,0.0129501,0.000657519
jfet,VLO_VLO_k030,0.775,-65.1708,2.33225,-32.6534,-59.5589,1.77368e-10,-64.4115,2.66522,-31.53,-51.3904,1.83239e-10,0.000636549,0.000549379,0.000599283,1.16684e+06,0.000551414,0.000598951,0.0129642,0.000596118
jfet,VLO_VLO_k030,0.8,-66.395,1.75399,-35.1243,-64.7349,1.76112e-10,-65.6667,2.00831,-33.9926,-53.4407,1.83239e-10,0.000553691,0.000477858,0.000519526,1.16669e+06,0.000479627,0.000519237,0.0129731,0.000570926
jfet,VLO_VLO_k030,0.825,-67.3435,1.40628,-37.0415,-68.8526,1.71264e-10,-66.6416,1.62555,-35.8396,-54.4686,1.83239e-10,0.000496766,0.000428723,0.000464733,1.16655e+06,0.000430309,0.000464473,0.0129795,0.000559561
jfet,VLO_VLO_k030,0.85,-68.1176,1.17392,-38.6092,-72.2921,1.77928e-10,-67.4388,1.38477,-37.2457,-54.9848,1.78661e-10,0.000454588,0.000392317,0.00042416,1.1664e+06,0.000393767,0.000423922,0.0129843,0.000554349
jfet,VLO_VLO_k030,0.875,-68.7714,1.00761,-39.9356,-75.2196,1.82423e-10,-68.1127,1.22864,-38.2999,-55.2258,1.7107e-10,0.000421735,0.00036396,0.000392597,1.16625e+06,0.000365304,0.000392375,0.0129881,0.000552092
jfet,VLO_VLO_k030,0.9,-69.3368,0.882679,-41.0851,-77.6848,1.82423e-10,-68.6958,1.12755,-39.0607,-55.3081,3.04854e-11,0.000395218,0.000341073,0.000367167,1.1661e+06,0.000342332,0.000366959,0.0129912,0.000551262
jfet,VLO_VLO_k030,0.925,-69.8349,0.785397,-42.0992,-79.668,1.78815e-10,-69.2089,1.06418,-39.5767,-55.292,3.11816e-10,0.000373239,0.000322103,0.000346142,1.16594e+06,0.00032329,0.000345945,0.0129937,0.000551019
jfet,VLO_VLO_k030,0.95,-79.9079,0.0814889,-61.8415,-81.9763,1.82423e-10,-79.3729,0.89717,-41.0923,-55.7281,3.23615e-10,0.000114673,0.000101052,0.000107453,1.16577e+06,0.000101424,0.000107392,0.000851871,9.25789e-05
jfet,VLO_VLO_k030,0.975,-95.5245,0.0318288,-70.3814,-81.8903,1.82423e-10,-94.9972,0.89749,-41.0898,-55.7078,3.11526e-10,1.89678e-05,1.67387e-05,1.77831e-05,1.16575e+06,1.68003e-05,1.77729e-05,2.80625e-05,1.72411e-05
jfet,VLO_VLO_k030,1,-100.82,0.0317419,-70.4076,-81.8896,2.54745e-11,-100.293,0.897535,-41.0894,-55.7071,2.88336e-10,1.03093e-05,9.09798e-06,9.66547e-06,1.16575e+06,9.13149e-06,9.65994e-06,1.12604e-05,9.50811e-06
jfet,VLO_VLO_k048,0,-1.30535,12.6705,-18.9743,-25.2995,1.91073e-07,-1.21634,12.8244,-19.1438,-24.5336,3.23583e-07,0.999656,0.999646,0.99966,338703,0.999646,0.99966,0.999646,0.99966
jfet,VLO_VLO_k048,0.025,-2.04104,16.702,-16.062,-26.3046,1.71637e-07,-1.94934,17.1372,-16.007,-24.9805,2.92202e-07,0.999278,0.999253,0.999287,341481,0.999253,0.999287,0.999253,0.999287
jfet,VLO_VLO_k048,0.05,-2.89994,20.2624,-14.1317,-31.7424,9.25256e-08,-2.80716,20.9518,-13.9498,-29.1158,2.08186e-07,0.997027,0.996914,0.99707,344021,0.996914,0.99707,0.996914,0.99707
jfet,VLO_VLO_k048,0.075,-3.88561,23.099,-12.9441,-39.7585,1.91587e-08,-3.79323,24.0178,-12.6809,-37.5991,1.25551e-07,0.337089,0.318392,0.33416,765078,0.318599,0.333989,0.318392,0.334161
jfet,VLO_VLO_k048,0.1,-5.01146,24.8206,-12.4784,-25.3765,1.53252e-07,-4.92427,25.947,-12.1653,-25.1649,7.40528e-08,0.337,0.318302,0.331634,770636,0.318524,0.331476,0.318302,0.331634
jfet,VLO_VLO_k048,0.125,-6.25071,24.6804,-12.928,-20.712,2.74525e-07,-6.16232,25.8383,-12.6172,-20.2057,1.26533e-07,0.336894,0.318198,0.329744,774748,0.318432,0.329597,0.318198,0.329745
jfet,VLO_VLO_k048,0.15,-7.56355,21.6312,-14.8181,-19.3987,3.22711e-07,-7.4624,22.6645,-14.5519,-18.8329,2.0429e-07,0.336765,0.318073,0.328254,777917,0.318317,0.328115,0.318074,0.328255
jfet,VLO_VLO_k048,0.175,-8.85001,14.4011,-19.7636,-21.9991,3.51702e-07,-8.71813,15.1322,-19.5116,-21.5856,1.53563e-07,0.336603,0.317918,0.327021,780447,0.31817,0.326889,0.317919,0.327021
jfet,VLO_VLO_k048,0.2,-9.8475,2.70354,-38.3416,-38.5052,5.61767e-08,-9.65125,3.48858,-31.7669,-38.3657,1.83239e-10,0.33639,0.317716,0.325945,782543,0.317975,0.325819,0.317717,0.325946
jfet,VLO_VLO_k048,0.225,-9.97061,0.131604,-57.814,-71.3938,1.68892e-10,-9.75799,1.90464,-34.5499,-49.4013,1.83239e-10,0.336093,0.317435,0.324941,784369,0.3177,0.324821,0.317436,0.324941
jfet,VLO_VLO_k048,0.25,-10.0099,0.61649,-47.911,-51.5785,3.2573e-11,-9.86766,1.65071,-38.8776,-45.2366,1.83239e-10,0.335635,0.317004,0.323898,786105,0.317273,0.323783,0.317005,0.323899
jfet,VLO_VLO_k048,0.275,-10.9635,10.5338,-20.9666,-25.8555,3.9524e-12,-10.8298,9.90896,-21.4734,-26.5414,1.83239e-10,0.334782,0.316202,0.322567,788124,0.316475,0.322457,0.316204,0.322568
jfet,VLO_VLO_k048,0.3,-12.6326,19.5509,-14.5003,-28.7812,3.174e-10,-12.4473,18.1602,-15.1456,-30.7044,1.83239e-10,0.332092,0.31368,0.319549,792439,0.313955,0.319442,0.313683,0.31955
jfet,VLO_VLO_k048,0.325,-14.8885,25.4003,-12.2215,-26.8022,1.80834e-09,-14.6039,23.2603,-13.0459,-26.0305,1.83239e-10,0.101431,0.0963506,0.108583,1.3344e+06,0.0964361,0.108548,0.0964139,0.108536
jfet,VLO_VLO_k048,0.35,-17.6408,23.1668,-14.0921,-19.0469,1.82423e-10,-17.17,20.4568,-15.1914,-20.423,1.83239e-10,0.101431,0.0963469,0.107474,1.33601e+06,0.0964333,0.10744,0.0964152,0.107429
jfet,VLO_VLO_k048,0.375,-20.1751,3.40701,-35.7183,-36.2599,1.82423e-10,-19.4017,1.7579,-36.2504,-47.2204,1.83239e-10,0.101431,0.0963439,0.106513,1.33742e+06,0.096431,0.10648,0.0964165,0.106472
jfet,VLO_VLO_k048,0.4,-20.3233,0.0311663,-70.9938,-77.7056,1.82423e-10,-19.5119,0.964243,-40.4495,-55.603,1.83239e-10,0.101431,0.0963412,0.105671,1.33868e+06,0.0964291,0.105639,0.096418,0.105632
jfet,VLO_VLO_k048,0.425,-20.3235,0.0271446,-72.1878,-78.9772,1.82423e-10,-19.5748,0.86396,-41.402,-56.5929,1.83239e-10,0.101431,0.0963389,0.104926,1.33982e+06,0.0964274,0.104895,0.0964194,0.10489
jfet,VLO_VLO_k048,0.45,-20.3237,0.0240417,-73.2242,-80.1667,1.82423e-10,-19.6312,0.779029,-42.2986,-57.5525,1.83239e-10,0.101431,0.0963369,0.10426,1.34084e+06,0.096426,0.10423,0.0964209,0.104226
jfet,VLO_VLO_k048,0.475,-20.3239,0.0216374,-74.1097,-81.2846,1.82423e-10,-19.6823,0.706594,-43.1436,-58.4833,1.83239e-10,0.101431,0.0963351,0.103659,1.34177e+06,0.0964248,0.10363,0.0964223,0.103628
jfet,VLO_VLO_k048,0.5,-20.324,0.0197746,-74.8512,-82.3395,1.82423e-10,-19.7288,0.644479,-43.9395,-59.3872,1.83239e-10,0.101431,0.0963335,0.103114,1.34262e+06,0.0964238,0.103086,0.0964238,0.103086
jfet,VLO_VLO_k048,0.525,-20.3241,0.0186069,-75.4564,-82.5156,1.82423e-10,-19.755,0.629503,-44.1495,-59.3982,1.83239e-10,0.101431,0.0963326,0.102806,1.34266e+06,0.0964229,0.102777,0.0964254,0.102779
jfet,VLO_VLO_k048,0.55,-20.3242,0.0176728,-75.9702,-82.6889,1.82423e-10,-19.7819,0.616215,-44.3399,-59.4175,1.83239e-10,0.101431,0.0963317,0.10249,1.34269e+06,0.0964219,0.102461,0.0964271,0.102465
jfet,VLO_VLO_k048,0.575,-20.3243,0.0169903,-76.3576,-82.8644,1.82423e-10,-19.8099,0.604674,-44.5085,-59.4467,1.83239e-10,0.101431,0.0963308,0.102162,1.34272e+06,0.0964209,0.102134,0.096429,0.102139
jfet,VLO_VLO_k048,0.6,-20.3244,0.0165902,-76.5761,-83.0479,1.82423e-10,-19.8393,0.595082,-44.6506,-59.4878,1.83239e-10,0.101431,0.0963298,0.101819,1.34274e+06,0.0964199,0.101791,0.096431,0.101798
jfet,VLO_VLO_k048,0.625,-20.3244,0.0165213,-76.5778,-83.2487,1.82423e-10,-19.8705,0.587867,-44.7582,-59.543,1.83239e-10,0.101431,0.0963288,0.101456,1.34276e+06,0.0964188,0.101428,0.0964332,0.101437
jfet,VLO_VLO_k048,0.65,-20.3245,0.0168626,-76.3132,-83.4804,1.82423e-10,-19.9043,0.583824,-44.8178,-59.6143,1.83239e-10,0.101431,0.0963277,0.101065,1.34276e+06,0.0964176,0.101037,0.0964357,0.101048
jfet,VLO_VLO_k048,0.675,-22.5637,21.5005,-14.1891,-21.5316,1.82423e-10,-22.2713,21.6766,-14.1194,-21.7273,1.83239e-10,0.101431,0.0963264,0.100637,1.34275e+06,0.0964163,0.100609,0.0964385,0.100624
jfet,VLO_VLO_k048,0.7,-32.7895,68.3283,-4.19557,-11.2337,3.17253e-10,-31.6462,64.4822,-4.54507,-12.9553,1.83239e-10,0.00277754,0.00262427,0.00295694,1.30234e+06,0.00262672,0.0029561,0.0108997,0.00266724
jfet,VLO_VLO_k048,0.725,-55.6983,10.9134,-19.454,-32.776,2.8872e-10,-54.5249,14.1882,-17.3457,-28.23,1.83239e-10,0.00163087,0.00154076,0.00172832,1.30197e+06,0.00154219,0.00172783,0.0107915,0.00146702
jfet,VLO_VLO_k048,0.75,-58.2548,5.84134,-24.7295,-43.4075,2.38144e-11,-57.2456,7.36477,-22.781,-38.2601,1.83239e-10,0.00126853,0.0011984,0.00133895,1.3018e+06,0.00119951,0.00133857,0.01078,0.00110199
jfet,VLO_VLO_k048,0.775,-59.7827,4.07272,-27.8312,-49.6334,1.6202e-10,-58.8267,5.1295,-25.8799,-43.1384,1.83239e-10,0.00107459,0.00101516,0.00113025,1.30166e+06,0.0010161,0.00112992,0.0107783,0.000915085
jfet,VLO_VLO_k048,0.8,-60.8938,3.13922,-30.0807,-54.1483,1.76889e-10,-59.9732,3.94289,-28.1528,-46.1039,1.83239e-10,0.000949315,0.000896802,0.000995379,1.30151e+06,0.00089763,0.00099509,0.0107789,0.000800069
jfet,VLO_VLO_k048,0.825,-61.7702,2.55749,-31.855,-57.7111,1.79529e-10,-60.8773,3.19485,-29.9786,-48.022,1.83239e-10,0.000859912,0.000812333,0.000899175,1.30136e+06,0.000813082,0.000898912,0.0107801,0.000722034
jfet,VLO_VLO_k048,0.85,-62.4945,2.15899,-33.323,-60.6584,1.79104e-10,-61.6247,2.67837,-31.5147,-49.2862,1.77077e-10,0.000792013,0.000748183,0.000826197,1.30118e+06,0.000748871,0.000825955,0.0107813,0.000665664
jfet,VLO_VLO_k048,0.875,-63.1119,1.86852,-34.5761,-63.1694,1.7915e-10,-62.2614,2.30211,-32.8384,-50.1145,1.67649e-10,0.000738199,0.000697341,0.000768468,1.301e+06,0.000697981,0.000768241,0.0107826,0.000623016
jfet,VLO_VLO_k048,0.9,-63.6498,1.64723,-35.6696,-65.3503,1.53855e-10,-62.8155,2.01922,-33.9899,-50.641,2.80191e-10,0.000694201,0.000655773,0.000721394,1.30079e+06,0.000656373,0.000721179,0.0107837,0.000589456
jfet,VLO_VLO_k048,0.925,-64.1263,1.47297,-36.6399,-67.2666,2.85603e-10,-63.3051,1.80313,-34.9892,-50.9532,3.08234e-10,0.000657365,0.000620973,0.000682125,1.30058e+06,0.00062154,0.00068192,0.0107847,0.000561992
jfet,VLO_VLO_k048,0.95,-86.3603,0.026361,-72.2907,-80.0866,1.82423e-10,-85.748,0.804834,-42.213,-53.366,3.09752e-10,5.0209e-05,4.80804e-05,5.15655e-05,1.30033e+06,4.81243e-05,5.155e-05,6.44059e-05,5.03554e-05
jfet,VLO_VLO_k048,0.975,-93.0737,0.0249389,-72.8645,-80.0832,1.82423e-10,-92.4624,0.802943,-42.235,-53.3658,3.27543e-10,2.31787e-05,2.2197e-05,2.38035e-05,1.30032e+06,2.22173e-05,2.37963e-05,2.39401e-05,2.35491e-05
jfet,VLO_VLO_k048,1,-96.8149,0.02485,-72.902,-80.0826,3.1688e-10,-96.2037,0.802642,-42.2385,-53.3656,1.70617e-10,1.5067e-05,1.4429e-05,1.5473e-05,1.30032e+06,1.44421e-05,1.54683e-05,1.4903e-05,1.5368e-05
jfet,VHI_VHI_nessuno,0,-0.00216255,0.00521784,-105.672,-87.0248,2.45335e-09,-0.00213001,0.00493585,-90.7608,-89.5598,2.70125e-10,0.999939,0.999939,0.999931,510502,0.999939,0.999931,0.999939,0.999931
jfet,VHI_VHI_nessuno,0.025,-0.00336872,0.0260693,-76.1997,-75.8417,2.44686e-10,-0.00280179,0.0163505,-80.1814,-79.4229,1.83239e-10,0.999928,0.999928,0.999922,576368,0.999928,0.999923,0.999928,0.999922
jfet,VHI_VHI_nessuno,0.05,-0.221185,3.95767,-32.5132,-33.6676,2.85276e-10,-0.160619,3.11562,-35.2033,-36.1041,1.83239e-10,0.999913,0.999913,0.999908,621556,0.999913,0.999908,0.999913,0.999908
jfet,VHI_VHI_nessuno,0.075,-0.870348,11.1402,-21.2859,-24.4265,3.16125e-10,-0.819851,10.7302,-21.7355,-24.6947,1.83239e-10,0.99989,0.99989,0.999885,655070,0.99989,0.999885,0.99989,0.999885
jfet,VHI_VHI_nessuno,0.1,-1.81815,18.9038,-15.6164,-21.4343,3.00744e-10,-1.79935,18.852,-15.6688,-21.3914,1.83239e-10,0.99985,0.99985,0.999843,681191,0.99985,0.999843,0.99985,0.999843
jfet,VHI_VHI_nessuno,0.125,-3.09346,27.417,-11.7852,-21.6768,1.70809e-11,-3.08811,27.4931,-11.772,-21.6004,1.83239e-10,0.99976,0.99976,0.999751,702290,0.999761,0.999751,0.999761,0.999751
jfet,VHI_VHI_nessuno,0.15,-4.72678,36.7819,-8.94969,-26.9101,4.65081e-09,-4.72094,36.8882,-8.93243,-26.7997,1.83239e-10,0.999404,0.999404,0.999383,719949,0.999404,0.999383,0.999404,0.999383
jfet,VHI_VHI_nessuno,0.175,-6.02289,43.7484,-7.4019,-53.2499,7.13014e-08,-6.15441,44.3934,-7.29503,-37.9279,1.83239e-10,1.24953e-08,2.12334e-05,0.00694107,4.8077e+06,0.000303264,0.00667576,0.000185814,0.00677165
jfet,VHI_VHI_nessuno,0.2,-6.08924,49.104,-6.59191,-32.5902,3.23478e-07,-6.4321,47.2018,-7.02326,-21.4814,1.32815e-07,1.12364e-08,1.90949e-05,0.00630865,5.06948e+06,0.000288634,0.00605436,0.000187959,0.00613744
jfet,VHI_VHI_nessuno,0.225,-6.41421,60.729,-5.04177,-18.8338,5.3725e-07,-6.68461,53.1252,-6.4584,-15.6732,2.66056e-07,1.02079e-08,1.73477e-05,0.00578328,5.31838e+06,0.00027597,0.00553871,0.000189712,0.00561053
jfet,VHI_VHI_nessuno,0.25,-7.35164,80.6995,-3.17938,-9.9921,6.26417e-07,-7.2163,63.138,-5.41377,-12.1826,3.52637e-07,9.35196e-09,1.58935e-05,0.00533972,5.55614e+06,0.000264864,0.0051038,0.000191171,0.00516564
jfet,VHI_VHI_nessuno,0.275,-10.1012,121.51,-1.29715,-3.65297,7.23688e-07,-9.07046,82.5835,-3.78837,-8.03911,2.17819e-07,8.62845e-09,1.46642e-05,0.00496012,5.78413e+06,0.000255021,0.00473197,0.000192404,0.00478486
jfet,VHI_VHI_nessuno,0.3,-97.2081,19.2517,-14.5101,-27.9836,1.72963e-10,-46.572,14.0442,-17.1624,-33.1002,1.83239e-10,8.00885e-09,1.36115e-05,0.00463149,6.00346e+06,0.000246215,0.00441036,0.000193461,0.0044552
jfet,VHI_VHI_nessuno,0.325,-97.8257,17.8312,-15.148,-29.2618,1.80202e-10,-47.1436,13.1143,-17.7425,-34.2893,1.83239e-10,7.47227e-09,1.26997e-05,0.00434416,6.21505e+06,0.000238277,0.00412943,0.000194375,0.00416693
jfet,VHI_VHI_nessuno,0.35,-98.4012,16.6138,-15.7399,-30.4476,1.75932e-10,-47.678,12.3079,-18.2817,-35.3932,1.83239e-10,7.00308e-09,1.19025e-05,0.00409074,6.41967e+06,0.00023107,0.00388188,0.000195175,0.00391269
jfet,VHI_VHI_nessuno,0.375,-98.9402,15.5575,-16.2924,-31.554,1.82423e-10,-48.18,11.6009,-18.7857,-36.424,1.83239e-10,6.58933e-09,1.11994e-05,0.00386555,6.61797e+06,0.00022449,0.00366208,0.000195881,0.00368674
jfet,VHI_VHI_nessuno,0.4,-99.4471,14.6315,-16.8104,-32.5914,1.82423e-10,-48.6533,10.9753,-19.259,-37.3913,1.83239e-10,6.22175e-09,1.05748e-05,0.00366409,6.81049e+06,0.000218449,0.00346561,0.000196508,0.0034846
jfet,VHI_VHI_nessuno,0.425,-99.9257,13.8124,-17.2983,-33.5682,1.82423e-10,-49.1012,10.4172,-19.7054,-38.3027,1.83239e-10,5.89301e-09,1.00162e-05,0.00348278,6.99772e+06,0.000212877,0.00328893,0.000197069,0.00330266
jfet,VHI_VHI_nessuno,0.45,-100.379,13.0824,-17.7594,-34.4912,1.82423e-10,-49.5263,9.91586,-20.128,-39.1648,1.83239e-10,5.59726e-09,9.51358e-06,0.00331872,7.18006e+06,0.000207717,0.00312918,0.000197573,0.00313802
jfet,VHI_VHI_nessuno,0.475,-100.809,12.4273,-18.1965,-35.3662,1.82423e-10,-49.9309,9.46276,-20.5292,-39.9827,1.83239e-10,5.32979e-09,9.05903e-06,0.00316956,7.35789e+06,0.00020292,0.00298405,0.000198029,0.00298833
jfet,VHI_VHI_nessuno,0.5,-101.219,11.8361,-18.6122,-36.1981,1.82423e-10,-50.3169,9.05103,-20.9113,-40.7609,1.83239e-10,5.08671e-09,8.64594e-06,0.00303334,7.53151e+06,0.000198444,0.00285161,0.000198444,0.00285161
jfet,VHI_VHI_nessuno,0.525,-101.219,11.8357,-18.6124,-36.1988,1.82423e-10,-50.3405,9.01815,-20.9427,-40.8101,1.83239e-10,5.08671e-09,8.64586e-06,0.00302511,7.53151e+06,0.000198442,0.00284388,0.000203333,0.0028396
jfet,VHI_VHI_nessuno,0.55,-101.219,11.8354,-18.6127,-36.1994,1.82423e-10,-50.3661,8.98319,-20.9762,-40.8622,1.83239e-10,5.08671e-09,8.64578e-06,0.00301623,7.53151e+06,0.00019844,0.00283553,0.000208584,0.00282669
jfet,VHI_VHI_nessuno,0.575,-101.219,11.835,-18.613,-36.2001,1.82423e-10,-50.3938,8.94595,-21.0121,-40.9177,1.83239e-10,5.08671e-09,8.64569e-06,0.00300661,7.53151e+06,0.000198438,0.00282649,0.000214247,0.00281276
jfet,VHI_VHI_nessuno,0.6,-101.219,11.8346,-18.6133,-36.2009,1.82423e-10,-50.4241,8.90614,-21.0506,-40.977,1.83239e-10,5.08671e-09,8.64559e-06,0.00299615,7.53151e+06,0.000198436,0.00281665,0.000220377,0.00279767
jfet,VHI_VHI_nessuno,0.625,-101.22,11.8341,-18.6136,-36.2018,1.82423e-10,-50.4573,8.86348,-21.0921,-41.0404,1.83239e-10,5.08671e-09,8.64548e-06,0.00298472,7.53151e+06,0.000198433,0.00280591,0.000227042,0.00278125
jfet,VHI_VHI_nessuno,0.65,-101.22,11.8336,-18.614,-36.2028,1.82423e-10,-50.4939,8.8176,-21.137,-41.1085,1.83239e-10,5.08671e-09,8.64535e-06,0.00297217,7.5315e+06,0.000198431,0.0027941,0.000234326,0.0027633
jfet,VHI_VHI_nessuno,0.675,-101.22,11.833,-18.6144,-36.2039,1.82423e-10,-50.5345,8.76808,-21.1856,-41.1818,1.83239e-10,5.08671e-09,8.64522e-06,0.00295831,7.5315e+06,0.000198427,0.00278108,0.000242329,0.00274358
jfet,VHI_VHI_nessuno,0.7,-101.22,11.8324,-18.6148,-36.2051,1.82423e-10,-50.5798,8.71441,-21.2387,-41.2612,1.83239e-10,5.08671e-09,8.64506e-06,0.0029429,7.5315e+06,0.000198424,0.0027666,0.000251179,0.00272178
jfet,VHI_VHI_nessuno,0.725,-101.22,11.8316,-18.6154,-36.2066,1.82423e-10,-50.6309,8.65597,-21.2969,-41.3475,1.83239e-10,5.08671e-09,8.64488e-06,0.00292567,7.5315e+06,0.00019842,0.00275039,0.000261037,0.00269752
jfet,VHI_VHI_nessuno,0.75,-101.22,11.8308,-18.616,-36.2082,1.82423e-10,-50.6888,8.59203,-21.361,-41.4417,1.83239e-10,5.08671e-09,8.64468e-06,0.00290622,7.5315e+06,0.000198415,0.00273211,0.000272109,0.00267031
jfet,VHI_VHI_nessuno,0.775,-101.221,11.8298,-18.6167,-36.2101,1.70864e-10,-50.7552,8.52167,-21.4321,-41.5451,1.83239e-10,5.08671e-09,8.64444e-06,0.00288407,7.53149e+06,0.00019841,0.00271129,0.000284668,0.00263952
jfet,VHI_VHI_nessuno,0.8,-101.221,11.8286,-18.6175,-36.2123,1.79889e-10,-50.8324,8.44372,-21.5115,-41.6594,1.83239e-10,5.08671e-09,8.64416e-06,0.00285856,7.53149e+06,0.000198403,0.0026873,0.000299079,0.00260431
jfet,VHI_VHI_nessuno,0.825,-101.221,11.8272,-18.6185,-36.2149,1.71227e-10,-50.9234,8.35673,-21.6011,-41.7867,1.83239e-10,5.08671e-09,8.64383e-06,0.00282878,7.53149e+06,0.000198396,0.00265931,0.000315846,0.00256353
jfet,VHI_VHI_nessuno,0.85,-165.73,11.8498,-18.6024,-36.1722,1.82423e-10,-113.699,11.8119,-18.6293,-36.2535,1.83239e-10,3.02513e-12,5.14376e-09,2.05511e-06,7.53182e+06,1.18061e-07,1.93199e-06,1.99767e-07,1.85068e-06
jfet,VHI_VHI_nessuno,0.875,-173.684,11.8498,-18.6024,-36.1722,1.82423e-10,-121.653,11.8119,-18.6293,-36.2534,1.83239e-10,1.21069e-12,2.05859e-09,8.22485e-07,7.53182e+06,4.72494e-08,7.7321e-07,8.56662e-08,7.35005e-07
jfet,VHI_VHI_nessuno,0.9,-177.764,11.8498,-18.6024,-36.1722,1.82423e-10,-125.733,11.8119,-18.6293,-36.2533,1.83239e-10,7.56877e-13,1.28695e-09,5.14187e-07,7.53182e+06,2.95385e-08,4.83382e-07,5.79998e-08,4.55102e-07
jfet,VHI_VHI_nessuno,0.925,-180.528,11.8498,-18.6024,-36.1722,1.82423e-10,-128.497,11.8119,-18.6292,-36.2532,1.83239e-10,5.50571e-13,9.36161e-10,3.74033e-07,7.53182e+06,2.1487e-08,3.51625e-07,4.63641e-08,3.26936e-07
jfet,VHI_VHI_nessuno,0.95,-182.621,11.8498,-18.6024,-36.1722,1.82423e-10,-130.59,11.8119,-18.6292,-36.2532,1.83239e-10,4.32674e-13,7.35696e-10,2.93939e-07,7.53182e+06,1.68859e-08,2.76329e-07,4.09002e-08,2.52541e-07
jfet,VHI_VHI_nessuno,0.975,-184.306,11.8498,-18.6024,-36.1722,1.82423e-10,-132.275,11.8119,-18.6293,-36.2532,1.83239e-10,3.56385e-13,6.05978e-10,2.42112e-07,7.53182e+06,1.39086e-08,2.27607e-07,3.91179e-08,2.02715e-07
jfet,VHI_VHI_nessuno,1,-185.716,11.8498,-18.6024,-36.1722,2.19598e-10,-133.685,11.8119,-18.6293,-36.2533,1.74176e-10,3.02982e-13,5.15174e-10,2.05832e-07,7.53182e+06,1.18244e-08,1.935e-07,4.11096e-08,1.64776e-07
jfet,VHI_VHI_k030,0,-0.00289806,0.00736906,-83.5457,-90.2555,2.8745e-10,-0.00285255,0.00709918,-83.8547,-90.6267,2.68445e-10,0.999776,0.999768,0.999765,287755,0.999768,0.999765,0.999768,0.999765
jfet,VHI_VHI_k030,0.025,-0.00340524,0.0112138,-79.8232,-86.9726,1.79849e-10,-0.00334926,0.0108552,-80.0826,-87.3637,1.6243e-10,0.999742,0.999732,0.99973,291593,0.999733,0.99973,0.999733,0.99973
jfet,VHI_VHI_k030,0.05,-0.00424528,0.0177904,-75.8288,-83.0462,3.17542e-12,-0.00417391,0.0172684,-76.0649,-83.424,1.83239e-10,0.999697,0.999685,0.999684,294101,0.999686,0.999684,0.999686,0.999684
jfet,VHI_VHI_k030,0.075,-0.00580322,0.0311199,-71.1354,-77.8211,1.79406e-10,-0.00570157,0.030239,-71.3653,-78.1543,1.83239e-10,0.999636,0.999622,0.99962,295880,0.999622,0.99962,0.999622,0.99962
jfet,VHI_VHI_k030,0.1,-0.009518,0.0692648,-64.6927,-69.9754,1.82423e-10,-0.00932004,0.0671368,-64.9417,-70.2845,1.83239e-10,0.999549,0.999531,0.99953,297217,0.999531,0.99953,0.999531,0.99953
jfet,VHI_VHI_k030,0.125,-0.0332885,0.455188,-50.5828,-52.877,1.82423e-10,-0.0317505,0.430393,-51.0389,-53.3741,1.83239e-10,0.99942,0.999396,0.999396,298271,0.999396,0.999396,0.999396,0.999396
jfet,VHI_VHI_k030,0.15,-0.356176,5.23599,-28.8456,-30.8807,1.82423e-10,-0.351593,5.26439,-28.9041,-30.8535,1.83239e-10,0.999212,0.999178,0.999179,299139,0.999178,0.999179,0.999178,0.999179
jfet,VHI_VHI_k030,0.175,-0.927023,10.723,-21.1659,-25.143,1.82423e-10,-0.91952,10.7818,-21.1762,-25.0465,1.83239e-10,0.998841,0.998788,0.998792,299900,0.998789,0.998792,0.998788,0.998792
jfet,VHI_VHI_k030,0.2,-1.67785,16.2022,-16.7676,-23.4225,1.82423e-10,-1.66609,16.2784,-16.7639,-23.2849,1.83239e-10,0.99806,0.997967,0.997976,300653,0.997968,0.997976,0.997967,0.997976
jfet,VHI_VHI_k030,0.225,-2.59793,21.5564,-13.8149,-24.4287,1.82423e-10,-2.5799,21.6411,-13.8056,-24.23,1.83239e-10,0.995872,0.995662,0.995687,301672,0.995663,0.995687,0.995662,0.995687
jfet,VHI_VHI_k030,0.25,-3.69274,26.704,-11.7228,-29.885,1.82423e-10,-3.66569,26.7986,-11.7103,-29.4683,1.83239e-10,0.983945,0.983079,0.983202,305091,0.983082,0.983201,0.983079,0.983203
jfet,VHI_VHI_k030,0.275,-4.9889,31.4639,-10.2568,-36.3674,5.91553e-12,-4.95336,31.5832,-10.2365,-36.855,1.83239e-10,0.207699,0.179252,0.183036,849554,0.179881,0.182904,0.179253,0.183036
jfet,VHI_VHI_k030,0.3,-6.54304,35.4863,-9.37099,-22.2345,1.92786e-11,-6.5111,35.681,-9.33686,-22.2199,1.83239e-10,0.207636,0.179196,0.182678,850973,0.179831,0.182551,0.179197,0.182678
jfet,VHI_VHI_k030,0.325,-8.34765,37.7208,-9.23209,-17.0738,2.84939e-11,-8.31758,37.948,-9.19894,-16.9856,1.83239e-10,0.207566,0.179134,0.182358,852192,0.179774,0.182236,0.179136,0.182358
jfet,VHI_VHI_k030,0.35,-10.4089,36.2739,-10.2903,-14.9713,3.43667e-11,-10.3748,36.4651,-10.28,-14.8798,1.83239e-10,0.207487,0.179065,0.182065,853253,0.179709,0.181947,0.179066,0.182065
jfet,VHI_VHI_k030,0.375,-12.6441,27.5233,-14.0178,-16.3905,1.54539e-10,-12.5914,27.5729,-14.0754,-16.3679,1.83239e-10,0.207397,0.178986,0.181791,854188,0.179634,0.181678,0.178988,0.181792
jfet,VHI_VHI_k030,0.4,-14.6125,7.32211,-28.8455,-29.4,1.69398e-10,-14.5137,7.29916,-28.6959,-29.7639,1.83239e-10,0.207292,0.178895,0.181529,855025,0.179546,0.181418,0.178897,0.181529
jfet,VHI_VHI_k030,0.425,-14.9522,0.055067,-65.3549,-81.1774,1.78034e-10,-14.8312,1.11368,-39.1296,-57.4363,1.83239e-10,0.207168,0.178788,0.181269,855787,0.179442,0.181162,0.17879,0.18127
jfet,VHI_VHI_k030,0.45,-14.9586,0.0527799,-65.723,-81.6765,1.79126e-10,-14.8444,1.01569,-39.9224,-58.7339,1.83239e-10,0.20702,0.178659,0.181004,856495,0.179316,0.1809,0.178661,0.181004
jfet,VHI_VHI_k030,0.475,-15.4881,7.4143,-25.4353,-27.8038,1.72765e-10,-15.4268,7.89926,-25.1209,-27.0739,1.83239e-10,0.206835,0.1785,0.180721,857155,0.179159,0.18062,0.178502,0.180722
jfet,VHI_VHI_k030,0.5,-20.9136,42.5872,-7.61251,-59.0494,1.82423e-10,-20.851,43.0639,-7.53897,-47.9449,1.83239e-10,0.104053,0.0897928,0.0908566,84136.5,0.0901257,0.0908069,0.0901258,0.0908069
jfet,VHI_VHI_k030,0.525,-38.5635,108.761,-2.04261,-4.46473,1.82423e-10,-38.3825,110.836,-1.96685,-4.28153,1.83239e-10,0.0010422,0.000899524,0.000981628,1.16707e+06,0.000902859,0.000981088,0.0129267,0.000853202
jfet,VHI_VHI_k030,0.55,-61.6011,1.0613,-39.4848,-74.2049,1.82423e-10,-60.8759,1.33434,-37.5656,-55.4365,1.83239e-10,0.000962682,0.000830877,0.000903064,1.16694e+06,0.000833955,0.000902565,0.0129335,0.000799875
jfet,VHI_VHI_k030,0.575,-62.1951,0.923581,-40.6917,-76.8622,1.82423e-10,-61.5013,1.18064,-38.6424,-55.7396,1.83239e-10,0.000899224,0.000776093,0.000840509,1.1668e+06,0.000778966,0.000840043,0.0129392,0.000760482
jfet,VHI_VHI_k030,0.6,-62.7153,0.817563,-41.7506,-79.0862,1.82423e-10,-62.0493,1.0749,-39.4717,-55.8976,1.83239e-10,0.000847073,0.000731071,0.000789233,1.16665e+06,0.000733776,0.000788793,0.0129439,0.000730495
jfet,VHI_VHI_k030,0.625,-63.1777,0.733435,-42.6937,-80.8443,1.82423e-10,-62.5366,1.00386,-40.0788,-55.9593,1.83239e-10,0.000803237,0.00069323,0.00074625,1.16651e+06,0.000695792,0.000745832,0.012948,0.000707115
jfet,VHI_VHI_k030,0.65,-63.5937,0.665061,-43.5437,-82.1063,1.82423e-10,-62.975,0.958515,-40.4917,-55.9544,1.83239e-10,0.000765729,0.000660851,0.000709575,1.16636e+06,0.000663292,0.000709175,0.0129516,0.000688513
jfet,VHI_VHI_k030,0.675,-63.9717,0.608405,-44.3172,-82.8913,1.82423e-10,-63.373,0.93235,-40.741,-55.9017,1.83239e-10,0.000733167,0.000632742,0.000677826,1.16621e+06,0.000635077,0.000677443,0.0129548,0.00067345
jfet,VHI_VHI_k030,0.7,-64.3178,0.560704,-45.0265,-83.2806,1.82423e-10,-63.7373,0.920528,-40.8583,-55.8135,1.83239e-10,0.000704557,0.000608045,0.000650012,1.16605e+06,0.000610287,0.000649642,0.0129576,0.000661056
jfet,VHI_VHI_k030,0.725,-64.637,0.520003,-45.6812,-83.3858,1.82423e-10,-64.0729,0.919417,-40.8731,-55.6981,1.83239e-10,0.000679165,0.000586126,0.000625397,1.1659e+06,0.000588286,0.000625039,0.0129601,0.000650699
jfet,VHI_VHI_k030,0.75,-79.5918,0.0357543,-69.2767,-81.8983,1.82423e-10,-79.0636,0.895151,-41.1128,-55.7195,1.83239e-10,0.000118803,0.000104799,0.000111349,1.16577e+06,0.000105185,0.000111285,0.000270026,0.000106105
jfet,VHI_VHI_k030,0.775,-85.8113,0.0320047,-70.3285,-81.8916,1.82423e-10,-85.2839,0.896906,-41.0955,-55.7109,1.83239e-10,5.80375e-05,5.12134e-05,5.44092e-05,1.16576e+06,5.14021e-05,5.43781e-05,7.81551e-05,5.31235e-05
jfet,VHI_VHI_k030,0.8,-89.4122,0.0317887,-70.3934,-81.8905,1.82423e-10,-88.885,0.897245,-41.0922,-55.709,1.83239e-10,3.83386e-05,3.38328e-05,3.59434e-05,1.16576e+06,3.39574e-05,3.59228e-05,4.25095e-05,3.5387e-05
jfet,VHI_VHI_k030,0.825,-91.9524,0.0317487,-70.4056,-81.8901,1.82423e-10,-91.4252,0.897367,-41.091,-55.7082,1.83239e-10,2.86166e-05,2.52539e-05,2.68292e-05,1.16576e+06,2.5347e-05,2.68138e-05,2.90428e-05,2.65249e-05
jfet,VHI_VHI_k030,0.85,-93.9158,0.0317363,-70.4093,-81.8898,1.82423e-10,-93.3886,0.897425,-41.0904,-55.7078,1.83239e-10,2.28268e-05,2.01446e-05,2.14011e-05,1.16575e+06,2.02188e-05,2.13889e-05,2.21198e-05,2.12122e-05
jfet,VHI_VHI_k030,0.875,-95.5162,0.0317313,-70.4108,-81.8897,1.82423e-10,-94.9891,0.897458,-41.0901,-55.7076,1.83239e-10,1.89855e-05,1.67548e-05,1.77998e-05,1.16575e+06,1.68165e-05,1.77896e-05,1.79118e-05,1.76729e-05
jfet,VHI_VHI_k030,0.9,-96.867,0.0317288,-70.4116,-81.8896,1.82423e-10,-96.3399,0.897478,-41.0899,-55.7074,1.83239e-10,1.6251e-05,1.43416e-05,1.52361e-05,1.16575e+06,1.43944e-05,1.52274e-05,1.5078e-05,1.51464e-05
jfet,VHI_VHI_k030,0.925,-98.0356,0.0317275,-70.412,-81.8895,1.82423e-10,-97.5085,0.897492,-41.0898,-55.7073,1.83239e-10,1.42052e-05,1.25363e-05,1.33181e-05,1.16575e+06,1.25824e-05,1.33105e-05,1.30351e-05,1.32525e-05
jfet,VHI_VHI_k030,0.95,-99.0653,0.0317267,-70.4122,-81.8895,1.82423e-10,-98.5382,0.897502,-41.0897,-55.7072,1.83239e-10,1.26172e-05,1.11348e-05,1.18293e-05,1.16575e+06,1.11758e-05,1.18225e-05,1.14899e-05,1.17802e-05
jfet,VHI_VHI_k030,0.975,-99.9856,0.0317262,-70.4124,-81.8895,1.82423e-10,-99.4585,0.897509,-41.0896,-55.7072,1.62164e-10,1.13487e-05,1.00153e-05,1.064e-05,1.16575e+06,1.00522e-05,1.06339e-05,1.02786e-05,1.06029e-05
jfet,VHI_VHI_k030,1,-100.818,0.031726,-70.4124,-81.8894,2.66152e-11,-100.29,0.897516,-41.0896,-55.7071,2.87139e-10,1.03121e-05,9.10057e-06,9.66814e-06,1.16575e+06,9.1341e-06,9.66261e-06,9.30297e-06,9.64031e-06
jfet,VHI_VHI_k048,0,-0.0415953,0.561864,-48.092,-50.1368,2.6243e-11,-0.0389551,0.531717,-48.6294,-50.6182,1.72897e-10,0.999821,0.999817,0.999816,338660,0.999817,0.999816,0.999817,0.999816
jfet,VHI_VHI_k048,0.025,-0.0418651,0.562139,-48.1017,-50.1153,1.79136e-10,-0.0392183,0.531954,-48.6403,-50.5969,3.12824e-10,0.999802,0.999798,0.999797,341338,0.999798,0.999797,0.999798,0.999797
jfet,VHI_VHI_k048,0.05,-0.042222,0.562414,-48.1159,-50.0877,1.82423e-10,-0.0395672,0.532176,-48.6554,-50.5694,1.83239e-10,0.999779,0.999774,0.999774,343260,0.999774,0.999774,0.999774,0.999774
jfet,VHI_VHI_k048,0.075,-0.042721,0.56278,-48.1349,-50.0482,1.82423e-10,-0.0400902,0.532288,-48.6708,-50.532,1.83239e-10,0.999751,0.999745,0.999745,344710,0.999745,0.999745,0.999745,0.999745
jfet,VHI_VHI_k048,0.1,-0.0435709,0.563689,-48.1421,-49.9804,1.82423e-10,-0.0411835,0.535556,-48.622,-50.4212,1.83239e-10,0.999715,0.999708,0.999708,345847,0.999708,0.999708,0.999708,0.999708
jfet,VHI_VHI_k048,0.125,-0.0459728,0.579629,-47.9192,-49.6505,1.82423e-10,-0.0438819,0.559501,-48.2917,-49.9616,1.83239e-10,0.999668,0.99966,0.999661,346767,0.99966,0.999661,0.99966,0.999661
jfet,VHI_VHI_k048,0.15,-0.0500433,0.612668,-47.5364,-49.0202,1.82423e-10,-0.0476944,0.590527,-47.9209,-49.348,1.83239e-10,0.999606,0.999596,0.999598,347530,0.999596,0.999598,0.999596,0.999598
jfet,VHI_VHI_k048,0.175,-0.0558407,0.646743,-47.3122,-48.2074,1.82423e-10,-0.0531315,0.623054,-47.695,-48.5551,1.83239e-10,0.99952,0.999507,0.99951,348180,0.999507,0.99951,0.999507,0.99951
jfet,VHI_VHI_k048,0.2,-0.0677267,0.675835,-48.0861,-46.6174,1.82423e-10,-0.0639725,0.651624,-48.3598,-47.0571,1.83239e-10,0.999393,0.999376,0.999381,348747,0.999376,0.999381,0.999376,0.999381
jfet,VHI_VHI_k048,0.225,-0.202798,2.31059,-40.6501,-35.5297,1.82423e-10,-0.187612,2.24378,-41.468,-36.0095,1.83239e-10,0.999197,0.999173,0.999181,349262,0.999173,0.99918,0.999173,0.999181
jfet,VHI_VHI_k048,0.25,-0.618208,6.71131,-26.4911,-27.4539,1.82423e-10,-0.596761,6.75817,-26.6066,-27.4113,1.83239e-10,0.99886,0.998824,0.998838,349758,0.998825,0.998838,0.998824,0.998838
jfet,VHI_VHI_k048,0.275,-1.19923,11.0765,-20.6965,-24.6585,1.82423e-10,-1.17316,11.2023,-20.6938,-24.4469,1.83239e-10,0.998199,0.998139,0.998164,350302,0.998139,0.998164,0.998139,0.998164
jfet,VHI_VHI_k048,0.3,-1.91873,15.1377,-17.246,-24.6051,1.82423e-10,-1.88801,15.3356,-17.1947,-24.2862,1.83239e-10,0.99656,0.996438,0.996494,351093,0.996439,0.996494,0.996438,0.996494
jfet,VHI_VHI_k048,0.325,-2.76912,18.7151,-15.0153,-27.4396,1.82423e-10,-2.73286,18.9746,-14.9381,-26.9803,1.83239e-10,0.99001,0.989632,0.989821,353307,0.989633,0.98982,0.989632,0.989821
jfet,VHI_VHI_k048,0.35,-3.75114,21.5372,-13.6393,-38.6251,1.82423e-10,-3.70795,21.8537,-13.546,-37.1578,1.75699e-10,0.839482,0.833411,0.836395,404923,0.833441,0.836376,0.833412,0.836395
jfet,VHI_VHI_k048,0.375,-4.88633,23.2288,-13.0347,-30.9714,1.82423e-10,-4.84041,23.6188,-12.9245,-30.7695,1.83239e-10,0.335859,0.317221,0.323153,789800,0.317498,0.323046,0.317222,0.323153
jfet,VHI_VHI_k048,0.4,-6.16298,22.9351,-13.4058,-23.6436,1.82423e-10,-6.11195,23.3644,-13.2938,-23.3496,1.83239e-10,0.335746,0.317114,0.32266,790693,0.317395,0.322556,0.317115,0.322661
jfet,VHI_VHI_k048,0.425,-7.5764,19.299,-15.4195,-21.644,1.82423e-10,-7.51462,19.7102,-15.3268,-21.3296,1.83239e-10,0.33562,0.316994,0.322201,791473,0.317279,0.322101,0.316995,0.322202
jfet,VHI_VHI_k048,0.45,-9.14063,10.0023,-22.3573,-25.2869,1.82423e-10,-9.07465,10.3864,-22.3848,-24.8414,1.83239e-10,0.335477,0.316859,0.321765,792162,0.317146,0.321667,0.31686,0.321765
jfet,VHI_VHI_k048,0.475,-11.7119,15.2192,-19.0224,-58.0497,1.82423e-10,-11.6807,16.7953,-18.1662,-30.4139,1.83239e-10,0.335313,0.316704,0.321341,792776,0.316994,0.321246,0.316705,0.321341
jfet,VHI_VHI_k048,0.5,-15.8219,41.0649,-8.02124,-36.7898,1.82423e-10,-15.7554,42.5993,-7.73807,-38.9813,1.83239e-10,0.168593,0.159231,0.161446,48881.7,0.159379,0.1614,0.159379,0.1614
jfet,VHI_VHI_k048,0.525,-20.5786,57.8485,-6.36135,-10.7147,1.82423e-10,-20.5626,60.9245,-5.87145,-10.526,1.83239e-10,0.00144488,0.00136494,0.0014948,1.30166e+06,0.0013662,0.00149436,0.010789,0.0012905
jfet,VHI_VHI_k048,0.55,-27.9429,78.8024,-21.3085,-3.24685,1.82423e-10,-28.0987,84.7275,-16.5239,-2.89294,1.83239e-10,0.00137743,0.0013012,0.00142089,1.3015e+06,0.0013024,0.00142047,0.010787,0.00122364
jfet,VHI_VHI_k048,0.575,-31.129,134.278,-1.27425,-2.77209,1.82423e-10,-31.5277,142.336,-1.09184,-2.31299,1.83239e-10,0.00131883,0.00124583,0.00135689,1.30133e+06,0.00124698,0.00135649,0.0107855,0.00116629
jfet,VHI_VHI_k048,0.6,-28.1404,123.888,-1.38521,-3.32872,1.82423e-10,-28.4406,130.407,-1.19754,-2.86867,1.83239e-10,0.00126731,0.00119715,0.00130082,1.30114e+06,0.00119825,0.00130043,0.0107844,0.00111646
jfet,VHI_VHI_k048,0.625,-25.7101,114.991,-1.5597,-3.97422,1.82423e-10,-25.9416,120.414,-1.37009,-3.51494,1.83239e-10,0.00122155,0.00115392,0.00125119,1.30093e+06,0.00115498,0.00125081,0.0107836,0.00107269
jfet,VHI_VHI_k048,0.65,-24.4251,110.49,-1.62924,-4.37965,1.82423e-10,-24.4902,111.247,-1.59217,-4.29927,1.72312e-10,0.000678819,0.000647931,0.000696822,1.30057e+06,0.000648522,0.000696613,0.00265128,0.000639707
jfet,VHI_VHI_k048,0.675,-28.7215,117.691,-1.38814,-3.7699,1.82423e-10,-28.8917,117.527,-1.39266,-3.78235,1.83239e-10,0.000167894,0.000160755,0.000172416,1.30038e+06,0.000160901,0.000172364,0.000216489,0.000168818
jfet,VHI_VHI_k048,0.7,-31.9126,120.189,-1.32115,-3.58498,1.82423e-10,-32.1406,119.873,-1.32969,-3.60846,1.83239e-10,9.4446e-05,9.04415e-05,9.69901e-05,1.30035e+06,9.0524e-05,9.6961e-05,0.000101214,9.5857e-05
jfet,VHI_VHI_k048,0.725,-34.316,121.347,-1.29204,-3.50388,1.82423e-10,-34.5626,121.037,-1.30016,-3.52627,1.83239e-10,6.56471e-05,6.28657e-05,6.74155e-05,1.30034e+06,6.2923e-05,6.73953e-05,6.65394e-05,6.68745e-05
jfet,VHI_VHI_k048,0.75,-36.2244,121.989,-1.27639,-3.46018,1.82423e-10,-36.4769,121.722,-1.28325,-3.4791,1.83239e-10,5.02987e-05,4.81681e-05,5.16536e-05,1.30033e+06,4.82121e-05,5.16381e-05,4.98218e-05,5.13408e-05
jfet,VHI_VHI_k048,0.775,-37.8004,122.389,-1.2668,-3.43338,1.82423e-10,-38.0544,122.169,-1.27238,-3.44871,1.83239e-10,4.07655e-05,3.9039e-05,4.18636e-05,1.30033e+06,3.90746e-05,4.18511e-05,3.99167e-05,4.16616e-05
jfet,VHI_VHI_k048,0.8,-39.1402,122.659,-1.26039,-3.41546,1.82423e-10,-39.3937,122.484,-1.26482,-3.42757,1.83239e-10,3.427e-05,3.28187e-05,3.51931e-05,1.30032e+06,3.28487e-05,3.51826e-05,3.33385e-05,3.5053e-05
jfet,VHI_VHI_k048,0.825,-40.3041,122.853,-1.25582,-3.40271,1.82423e-10,-40.5565,122.716,-1.25927,-3.41204,1.83239e-10,2.95601e-05,2.83084e-05,3.03564e-05,1.30032e+06,2.83342e-05,3.03473e-05,2.86413e-05,3.02543e-05
jfet,VHI_VHI_k048,0.85,-41.3322,122.998,-1.25242,-3.39321,1.82423e-10,-41.5833,122.895,-1.25503,-3.40017,1.83239e-10,2.59887e-05,2.48882e-05,2.66888e-05,1.30032e+06,2.49109e-05,2.66807e-05,2.51145e-05,2.66116e-05
jfet,VHI_VHI_k048,0.875,-42.2527,123.11,-1.2498,-3.38587,1.82423e-10,-42.5024,123.037,-1.25168,-3.39079,1.83239e-10,2.31875e-05,2.22056e-05,2.38121e-05,1.30032e+06,2.22259e-05,2.38049e-05,2.23668e-05,2.37523e-05
jfet,VHI_VHI_k048,0.9,-43.0857,123.2,-1.24771,-3.38005,1.82423e-10,-43.3339,123.152,-1.24897,-3.3832,1.83239e-10,2.09316e-05,2.00453e-05,2.14955e-05,1.30032e+06,2.00636e-05,2.1489e-05,2.01647e-05,2.14481e-05
jfet,VHI_VHI_k048,0.925,-43.8462,123.273,-1.24601,-3.37532,1.82423e-10,-44.0931,123.247,-1.24673,-3.37693,1.83239e-10,1.9076e-05,1.82683e-05,1.95899e-05,1.30032e+06,1.8285e-05,1.9584e-05,1.83596e-05,1.95518e-05
jfet,VHI_VHI_k048,0.95,-44.5459,123.333,-1.24461,-3.3714,1.82423e-10,-44.7913,123.328,-1.24484,-3.37165,1.83239e-10,1.75228e-05,1.67809e-05,1.79948e-05,1.30032e+06,1.67962e-05,1.79894e-05,1.68528e-05,1.79639e-05
jfet,VHI_VHI_k048,0.975,-45.1936,123.384,-1.24343,-3.3681,1.82423e-10,-45.4376,123.397,-1.24323,-3.36713,3.14504e-10,1.62037e-05,1.55176e-05,1.66401e-05,1.30032e+06,1.55317e-05,1.66351e-05,1.55758e-05,1.66148e-05
jfet,VHI_VHI_k048,1,-45.7964,123.428,-1.24242,-3.36529,3.17415e-10,-46.039,123.457,-1.24184,-3.36321,9.58535e-09,1.50694e-05,1.44313e-05,1.54753e-05,1.30032e+06,1.44445e-05,1.54707e-05,1.44798e-05,1.54545e-05
jfet,VHI_VLO_nessuno,0,-0.00216255,0.00521784,-105.672,-87.0248,2.45352e-09,-0.00213001,0.00493585,-90.7608,-89.5598,2.69543e-10,0.999939,0.999939,0.999931,510502,0.999939,0.999931,0.999939,0.999931
jfet,VHI_VLO_nessuno,0.025,-0.00336872,0.0260693,-76.1997,-75.8417,2.44686e-10,-0.00280179,0.0163505,-80.1814,-79.4229,1.83239e-10,0.999928,0.999928,0.999922,576368,0.999928,0.999923,0.999928,0.999922
jfet,VHI_VLO_nessuno,0.05,-0.221185,3.95767,-32.5132,-33.6676,2.85276e-10,-0.160619,3.11562,-35.2033,-36.1041,1.83239e-10,0.999913,0.999913,0.999908,621556,0.999913,0.999908,0.999913,0.999908
jfet,VHI_VLO_nessuno,0.075,-0.870348,11.1402,-21.2859,-24.4265,3.16125e-10,-0.819851,10.7302,-21.7355,-24.6947,1.83239e-10,0.99989,0.99989,0.999885,655070,0.99989,0.999885,0.99989,0.999885
jfet,VHI_VLO_nessuno,0.1,-1.81815,18.9038,-15.6164,-21.4343,3.00744e-10,-1.79935,18.852,-15.6688,-21.3914,1.83239e-10,0.99985,0.99985,0.999843,681191,0.99985,0.999843,0.99985,0.999843
jfet,VHI_VLO_nessuno,0.125,-3.09346,27.417,-11.7852,-21.6768,1.70809e-11,-3.08811,27.4931,-11.772,-21.6004,1.83239e-10,0.99976,0.99976,0.999751,702290,0.999761,0.999751,0.999761,0.999751
jfet,VHI_VLO_nessuno,0.15,-4.72678,36.7819,-8.94969,-26.9101,4.65081e-09,-4.72094,36.8882,-8.93243,-26.7997,1.83239e-10,0.999404,0.999404,0.999383,719949,0.999404,0.999383,0.999404,0.999383
jfet,VHI_VLO_nessuno,0.175,-6.02289,43.7484,-7.4019,-53.2499,7.13014e-08,-6.15441,44.3934,-7.29503,-37.9279,1.83239e-10,1.24953e-08,2.12334e-05,0.00694107,4.8077e+06,0.000303264,0.00667576,0.000185814,0.00677165
jfet,VHI_VLO_nessuno,0.2,-6.08924,49.104,-6.59191,-32.5902,3.23478e-07,-6.4321,47.2018,-7.02326,-21.4814,1.32815e-07,1.12364e-08,1.90949e-05,0.00630865,5.06948e+06,0.000288634,0.00605436,0.000187959,0.00613744
jfet,VHI_VLO_nessuno,0.225,-6.41421,60.729,-5.04177,-18.8338,5.3725e-07,-6.68461,53.1252,-6.4584,-15.6732,2.66056e-07,1.02079e-08,1.73477e-05,0.00578328,5.31838e+06,0.00027597,0.00553871,0.000189712,0.00561053
jfet,VHI_VLO_nessuno,0.25,-7.35164,80.6995,-3.17938,-9.9921,6.26417e-07,-7.2163,63.138,-5.41377,-12.1826,3.52637e-07,9.35196e-09,1.58935e-05,0.00533972,5.55614e+06,0.000264864,0.0051038,0.000191171,0.00516564
jfet,VHI_VLO_nessuno,0.275,-10.1012,121.51,-1.29715,-3.65297,7.23688e-07,-9.07046,82.5835,-3.78837,-8.03911,2.17819e-07,8.62845e-09,1.46642e-05,0.00496012,5.78413e+06,0.000255021,0.00473197,0.000192404,0.00478486
jfet,VHI_VLO_nessuno,0.3,-97.2081,19.2517,-14.5101,-27.9836,1.72963e-10,-46.572,14.0442,-17.1624,-33.1002,1.83239e-10,8.00885e-09,1.36115e-05,0.00463149,6.00346e+06,0.000246215,0.00441036,0.000193461,0.0044552
jfet,VHI_VLO_nessuno,0.325,-97.8257,17.8312,-15.148,-29.2618,1.80202e-10,-47.1436,13.1143,-17.7425,-34.2893,1.83239e-10,7.47227e-09,1.26997e-05,0.00434416,6.21505e+06,0.000238277,0.00412943,0.000194375,0.00416693
jfet,VHI_VLO_nessuno,0.35,-98.4012,16.6138,-15.7399,-30.4476,1.75932e-10,-47.678,12.3079,-18.2817,-35.3932,1.83239e-10,7.00308e-09,1.19025e-05,0.00409074,6.41967e+06,0.00023107,0.00388188,0.000195175,0.00391269
jfet,VHI_VLO_nessuno,0.375,-98.9402,15.5575,-16.2924,-31.554,1.82423e-10,-48.18,11.6009,-18.7857,-36.424,1.83239e-10,6.58933e-09,1.11994e-05,0.00386555,6.61797e+06,0.00022449,0.00366208,0.000195881,0.00368674
jfet,VHI_VLO_nessuno,0.4,-99.4471,14.6315,-16.8104,-32.5914,1.82423e-10,-48.6533,10.9753,-19.259,-37.3913,1.83239e-10,6.22175e-09,1.05748e-05,0.00366409,6.81049e+06,0.000218449,0.00346561,0.000196508,0.0034846
jfet,VHI_VLO_nessuno,0.425,-99.9257,13.8124,-17.2983,-33.5682,1.82423e-10,-49.1012,10.4172,-19.7054,-38.3027,1.83239e-10,5.89301e-09,1.00162e-05,0.00348278,6.99772e+06,0.000212877,0.00328893,0.000197069,0.00330266
jfet,VHI_VLO_nessuno,0.45,-100.379,13.0824,-17.7594,-34.4912,1.82423e-10,-49.5263,9.91586,-20.128,-39.1648,1.83239e-10,5.59726e-09,9.51358e-06,0.00331872,7.18006e+06,0.000207717,0.00312918,0.000197573,0.00313802
jfet,VHI_VLO_nessuno,0.475,-100.809,12.4273,-18.1965,-35.3662,1.82423e-10,-49.9309,9.46276,-20.5292,-39.9827,1.83239e-10,5.32979e-09,9.05903e-06,0.00316956,7.35789e+06,0.00020292,0.00298405,0.000198029,0.00298833
jfet,VHI_VLO_nessuno,0.5,-101.219,11.8361,-18.6122,-36.1981,1.82423e-10,-50.3169,9.05103,-20.9113,-40.7609,1.83239e-10,5.08671e-09,8.64594e-06,0.00303334,7.53151e+06,0.000198444,0.00285161,0.000198444,0.00285161
jfet,VHI_VLO_nessuno,0.525,-101.219,11.8357,-18.6124,-36.1988,1.82423e-10,-50.3405,9.01815,-20.9427,-40.8101,1.83239e-10,5.08671e-09,8.64586e-06,0.00302511,7.53151e+06,0.000198442,0.00284388,0.000203333,0.0028396
jfet,VHI_VLO_nessuno,0.55,-101.219,11.8354,-18.6127,-36.1994,1.82423e-10,-50.3661,8.98319,-20.9762,-40.8622,1.83239e-10,5.08671e-09,8.64578e-06,0.00301623,7.53151e+06,0.00019844,0.00283553,0.000208584,0.00282669
jfet,VHI_VLO_nessuno,0.575,-101.219,11.835,-18.613,-36.2001,1.82423e-10,-50.3938,8.94595,-21.0121,-40.9177,1.83239e-10,5.08671e-09,8.64569e-06,0.00300661,7.53151e+06,0.000198438,0.00282649,0.000214247,0.00281276
jfet,VHI_VLO_nessuno,0.6,-101.219,11.8346,-18.6133,-36.2009,1.82423e-10,-50.4241,8.90614,-21.0506,-40.977,1.83239e-10,5.08671e-09,8.64559e-06,0.00299615,7.53151e+06,0.000198436,0.00281665,0.000220377,0.00279767
jfet,VHI_VLO_nessuno,0.625,-101.22,11.8341,-18.6136,-36.2018,1.82423e-10,-50.4573,8.86348,-21.0921,-41.0404,1.83239e-10,5.08671e-09,8.64548e-06,0.00298472,7.53151e+06,0.000198433,0.00280591,0.000227042,0.00278125
jfet,VHI_VLO_nessuno,0.65,-101.22,11.8336,-18.614,-36.2028,1.82423e-10,-50.4939,8.8176,-21.137,-41.1085,1.83239e-10,5.08671e-09,8.64535e-06,0.00297217,7.5315e+06,0.000198431,0.0027941,0.000234326,0.0027633
jfet,VHI_VLO_nessuno,0.675,-101.22,11.833,-18.6144,-36.2039,1.82423e-10,-50.5345,8.76808,-21.1856,-41.1818,1.83239e-10,5.08671e-09,8.64522e-06,0.00295831,7.5315e+06,0.000198427,0.00278108,0.000242329,0.00274358
jfet,VHI_VLO_nessuno,0.7,-101.22,11.8324,-18.6148,-36.2051,1.82423e-10,-50.5798,8.71441,-21.2387,-41.2612,1.83239e-10,5.08671e-09,8.64506e-06,0.0029429,7.5315e+06,0.000198424,0.0027666,0.000251179,0.00272178
jfet,VHI_VLO_nessuno,0.725,-101.22,11.8316,-18.6154,-36.2066,1.82423e-10,-50.6309,8.65597,-21.2969,-41.3475,1.83239e-10,5.08671e-09,8.64488e-06,0.00292567,7.5315e+06,0.00019842,0.00275039,0.000261037,0.00269752
jfet,VHI_VLO_nessuno,0.75,-101.22,11.8308,-18.616,-36.2082,1.82423e-10,-50.6888,8.59203,-21.361,-41.4417,1.83239e-10,5.08671e-09,8.64468e-06,0.00290622,7.5315e+06,0.000198415,0.00273211,0.000272109,0.00267031
jfet,VHI_VLO_nessuno,0.775,-101.221,11.8298,-18.6167,-36.2101,1.70864e-10,-50.7552,8.52167,-21.4321,-41.5451,1.83239e-10,5.08671e-09,8.64444e-06,0.00288407,7.53149e+06,0.00019841,0.00271129,0.000284668,0.00263952
jfet,VHI_VLO_nessuno,0.8,-101.221,11.8286,-18.6175,-36.2123,1.79889e-10,-50.8324,8.44372,-21.5115,-41.6594,1.83239e-10,5.08671e-09,8.64416e-06,0.00285856,7.53149e+06,0.000198403,0.0026873,0.000299079,0.00260431
jfet,VHI_VLO_nessuno,0.825,-101.221,11.8272,-18.6185,-36.2149,1.71227e-10,-50.9234,8.35673,-21.6011,-41.7867,1.83239e-10,5.08671e-09,8.64383e-06,0.00282878,7.53149e+06,0.000198396,0.00265931,0.000315846,0.00256353
jfet,VHI_VLO_nessuno,0.85,-101.222,11.8255,-18.6198,-36.2182,1.36178e-10,-51.0324,8.25881,-21.7031,-41.9294,1.83239e-10,5.08671e-09,8.64342e-06,0.00279349,7.53149e+06,0.000198386,0.00262613,0.000335692,0.00251561
jfet,VHI_VLO_nessuno,0.875,-101.222,11.8233,-18.6213,-36.2224,1.77504e-11,-51.1661,8.14745,-21.8206,-42.0911,1.83239e-10,5.08671e-09,8.64289e-06,0.00275083,7.53148e+06,0.000198374,0.00258603,0.000359691,0.00245823
jfet,VHI_VLO_nessuno,0.9,-101.223,11.8204,-18.6234,-36.2277,3.00723e-10,-51.3346,8.01931,-21.9579,-42.2762,1.83239e-10,5.08671e-09,8.64221e-06,0.00269798,7.53148e+06,0.000198359,0.00253634,0.000389528,0.00238792
jfet,VHI_VLO_nessuno,0.925,-101.224,11.8165,-18.6262,-36.2351,3.16712e-10,-51.5549,7.86975,-22.1209,-42.4908,1.83239e-10,5.08671e-09,8.64128e-06,0.00263038,7.53148e+06,0.000198337,0.0024728,0.000428033,0.00229912
jfet,VHI_VLO_nessuno,0.95,-101.225,11.8108,-18.6302,-36.2459,3.10299e-10,-51.8583,7.69226,-22.3185,-42.7425,1.83239e-10,5.08671e-09,8.63992e-06,0.00254009,7.53148e+06,0.000198306,0.00238792,0.000480422,0.00218228
jfet,VHI_VLO_nessuno,0.975,-173.684,11.8498,-18.6024,-36.1722,1.82423e-10,-121.653,11.8119,-18.6293,-36.2534,3.39399e-11,1.21069e-12,2.05859e-09,8.22478e-07,7.53182e+06,4.72493e-08,7.73204e-07,1.32911e-07,6.88621e-07
jfet,VHI_VLO_nessuno,1,-185.716,11.8498,-18.6024,-36.1722,2.19472e-10,-133.685,11.8119,-18.6293,-36.2532,1.74097e-10,3.02981e-13,5.15173e-10,2.05831e-07,7.53182e+06,1.18244e-08,1.935e-07,4.11096e-08,1.64776e-07
jfet,VHI_VLO_k030,0,-0.00289806,0.00736906,-83.5457,-90.2555,2.87334e-10,-0.00285255,0.00709918,-83.8547,-90.6267,2.68505e-10,0.999776,0.999768,0.999765,287755,0.999768,0.999765,0.999768,0.999765
jfet,VHI_VLO_k030,0.025,-0.00340524,0.0112138,-79.8232,-86.9726,1.79849e-10,-0.00334926,0.0108552,-80.0826,-87.3637,1.6243e-10,0.999742,0.999732,0.99973,291593,0.999733,0.99973,0.999733,0.99973
jfet,VHI_VLO_k030,0.05,-0.00424528,0.0177904,-75.8288,-83.0462,3.17542e-12,-0.00417391,0.0172684,-76.0649,-83.424,1.83239e-10,0.999697,0.999685,0.999684,294101,0.999686,0.999684,0.999686,0.999684
jfet,VHI_VLO_k030,0.075,-0.00580322,0.0311199,-71.1354,-77.8211,1.79406e-10,-0.00570157,0.030239,-71.3653,-78.1543,1.83239e-10,0.999636,0.999622,0.99962,295880,0.999622,0.99962,0.999622,0.99962
jfet,VHI_VLO_k030,0.1,-0.009518,0.0692648,-64.6927,-69.9754,1.82423e-10,-0.00932004,0.0671368,-64.9417,-70.2845,1.83239e-10,0.999549,0.999531,0.99953,297217,0.999531,0.99953,0.999531,0.99953
jfet,VHI_VLO_k030,0.125,-0.0332885,0.455188,-50.5828,-52.877,1.82423e-10,-0.0317505,0.430393,-51.0389,-53.3741,1.83239e-10,0.99942,0.999396,0.999396,298271,0.999396,0.999396,0.999396,0.999396
jfet,VHI_VLO_k030,0.15,-0.356176,5.23599,-28.8456,-30.8807,1.82423e-10,-0.351593,5.26439,-28.9041,-30.8535,1.83239e-10,0.999212,0.999178,0.999179,299139,0.999178,0.999179,0.999178,0.999179
jfet,VHI_VLO_k030,0.175,-0.927023,10.723,-21.1659,-25.143,1.82423e-10,-0.91952,10.7818,-21.1762,-25.0465,1.83239e-10,0.998841,0.998788,0.998792,299900,0.998789,0.998792,0.998788,0.998792
jfet,VHI_VLO_k030,0.2,-1.67785,16.2022,-16.7676,-23.4225,1.82423e-10,-1.66609,16.2784,-16.7639,-23.2849,1.83239e-10,0.99806,0.997967,0.997976,300653,0.997968,0.997976,0.997967,0.997976
jfet,VHI_VLO_k030,0.225,-2.59793,21.5564,-13.8149,-24.4287,1.82423e-10,-2.5799,21.6411,-13.8056,-24.23,1.83239e-10,0.995872,0.995662,0.995687,301672,0.995663,0.995687,0.995662,0.995687
jfet,VHI_VLO_k030,0.25,-3.69274,26.704,-11.7228,-29.885,1.82423e-10,-3.66569,26.7986,-11.7103,-29.4683,1.83239e-10,0.983945,0.983079,0.983202,305091,0.983082,0.983201,0.983079,0.983203
jfet,VHI_VLO_k030,0.275,-4.9889,31.4639,-10.2568,-36.3674,5.31232e-12,-4.95336,31.5832,-10.2365,-36.855,1.83239e-10,0.207699,0.179252,0.183036,849554,0.179881,0.182904,0.179253,0.183036
jfet,VHI_VLO_k030,0.3,-6.54304,35.4863,-9.37099,-22.2345,1.90715e-11,-6.5111,35.681,-9.33686,-22.2199,1.83239e-10,0.207636,0.179196,0.182678,850973,0.179831,0.182551,0.179197,0.182678
jfet,VHI_VLO_k030,0.325,-8.34765,37.7208,-9.23209,-17.0738,2.84083e-11,-8.31758,37.948,-9.19894,-16.9856,1.83239e-10,0.207566,0.179134,0.182358,852192,0.179774,0.182236,0.179136,0.182358
jfet,VHI_VLO_k030,0.35,-10.4089,36.2739,-10.2903,-14.9713,3.50101e-11,-10.3748,36.4651,-10.28,-14.8798,1.83239e-10,0.207487,0.179065,0.182065,853253,0.179709,0.181947,0.179066,0.182065
jfet,VHI_VLO_k030,0.375,-12.6441,27.5233,-14.0178,-16.3905,1.54908e-10,-12.5914,27.5729,-14.0754,-16.3679,1.83239e-10,0.207397,0.178986,0.181791,854188,0.179634,0.181678,0.178988,0.181792
jfet,VHI_VLO_k030,0.4,-14.6125,7.32211,-28.8455,-29.4,1.69452e-10,-14.5137,7.29916,-28.6959,-29.7639,1.83239e-10,0.207292,0.178895,0.181529,855025,0.179546,0.181418,0.178897,0.181529
jfet,VHI_VLO_k030,0.425,-14.9522,0.055067,-65.3549,-81.1774,1.77686e-10,-14.8312,1.11368,-39.1296,-57.4363,1.83239e-10,0.207168,0.178788,0.181269,855787,0.179442,0.181162,0.17879,0.18127
jfet,VHI_VLO_k030,0.45,-14.9586,0.0527799,-65.723,-81.6765,1.79613e-10,-14.8444,1.01569,-39.9224,-58.7339,1.83239e-10,0.20702,0.178659,0.181004,856495,0.179316,0.1809,0.178661,0.181004
jfet,VHI_VLO_k030,0.475,-14.9665,0.0531143,-65.6613,-81.787,1.72423e-10,-14.8585,0.92852,-40.6956,-59.9982,1.83239e-10,0.206835,0.1785,0.180721,857155,0.179159,0.18062,0.178502,0.180722
jfet,VHI_VLO_k030,0.5,-14.9767,0.0578899,-64.8968,-81.2681,1.82423e-10,-14.8743,0.848542,-41.4723,-61.2833,1.83239e-10,0.206596,0.178294,0.180403,857589,0.178955,0.180304,0.178297,0.180404
jfet,VHI_VLO_k030,0.525,-14.9825,0.0632713,-64.1138,-80.6059,1.82423e-10,-14.8802,0.842146,-41.5375,-61.395,1.83239e-10,0.206463,0.17818,0.180286,857826,0.17884,0.180188,0.178182,0.180287
jfet,VHI_VLO_k030,0.55,-14.9893,0.0707871,-63.1288,-79.6903,1.82423e-10,-14.8871,0.833625,-41.625,-61.5624,1.83239e-10,0.206307,0.178046,0.18015,857787,0.178706,0.180052,0.178049,0.180151
jfet,VHI_VLO_k030,0.575,-14.9975,0.0816202,-61.8846,-78.4027,1.82423e-10,-14.8954,0.821863,-41.747,-61.8288,1.83239e-10,0.206123,0.177888,0.179989,857744,0.178548,0.17989,0.177892,0.17999
jfet,VHI_VLO_k030,0.6,-15.0076,0.0979179,-60.3015,-76.5663,1.82423e-10,-14.9058,0.804843,-41.926,-62.2908,1.83239e-10,0.205899,0.177697,0.179792,857697,0.178355,0.179694,0.1777,0.179793
jfet,VHI_VLO_k030,0.625,-15.0206,0.124036,-58.2571,-73.9124,1.82423e-10,-14.9193,0.778545,-42.209,-63.2103,1.83239e-10,0.205619,0.177456,0.179545,857651,0.178114,0.179447,0.17746,0.179547
jfet,VHI_VLO_k030,0.65,-15.0386,0.170505,-55.5271,-69.9923,1.78586e-10,-14.9382,0.733695,-42.7122,-65.6077,1.83239e-10,0.205253,0.177143,0.179223,857621,0.1778,0.179125,0.177148,0.179225
jfet,VHI_VLO_k030,0.675,-15.067,0.272958,-51.5505,-63.7816,1.79911e-10,-14.9691,0.643875,-43.8306,-84.5855,1.83239e-10,0.204746,0.176709,0.178775,857647,0.177364,0.178677,0.176714,0.178777
jfet,VHI_VLO_k030,0.7,-16.546,16.2878,-17.1348,-22.1693,2.76406e-10,-16.4891,16.7666,-17.0019,-21.7234,1.83239e-10,0.203972,0.176047,0.178089,857849,0.1767,0.177992,0.176054,0.178092
jfet,VHI_VLO_k030,0.725,-23.809,56.0382,-5.39223,-18.6152,3.45436e-12,-23.7398,57.0925,-5.27013,-18.4231,1.83239e-10,0.00107236,0.000925586,0.00101788,1.16715e+06,0.000929019,0.00101732,0.0129234,0.000849757
jfet,VHI_VLO_k030,0.75,-61.9368,38.1814,-14.6433,-16.3008,1.50469e-10,-61.1578,46.3883,-14.1213,-15.377,1.83239e-10,0.000773702,0.000667769,0.000731193,1.16699e+06,0.000670244,0.00073079,0.0129501,0.000657519
jfet,VHI_VLO_k030,0.775,-65.1708,2.33225,-32.6534,-59.5589,1.77482e-10,-64.4115,2.66522,-31.53,-51.3904,1.83239e-10,0.000636549,0.000549379,0.000599283,1.16684e+06,0.000551414,0.000598951,0.0129642,0.000596118
jfet,VHI_VLO_k030,0.8,-66.395,1.75399,-35.1243,-64.7349,1.75887e-10,-65.6667,2.00831,-33.9926,-53.4407,1.83239e-10,0.000553691,0.000477858,0.000519526,1.16669e+06,0.000479627,0.000519237,0.0129731,0.000570926
jfet,VHI_VLO_k030,0.825,-67.3435,1.40628,-37.0415,-68.8526,1.70999e-10,-66.6416,1.62555,-35.8396,-54.4686,1.83239e-10,0.000496766,0.000428723,0.000464733,1.16655e+06,0.000430309,0.000464473,0.0129795,0.000559561
jfet,VHI_VLO_k030,0.85,-68.1176,1.17392,-38.6092,-72.2921,1.78303e-10,-67.4388,1.38477,-37.2457,-54.9848,1.79256e-10,0.000454588,0.000392317,0.00042416,1.1664e+06,0.000393767,0.000423922,0.0129843,0.000554349
jfet,VHI_VLO_k030,0.875,-68.7714,1.00761,-39.9356,-75.2197,1.82423e-10,-68.1127,1.22864,-38.2999,-55.2258,1.70797e-10,0.000421735,0.00036396,0.000392597,1.16625e+06,0.000365304,0.000392375,0.0129881,0.000552092
jfet,VHI_VLO_k030,0.9,-69.3368,0.882678,-41.0851,-77.6848,1.82423e-10,-68.6958,1.12755,-39.0607,-55.3081,3.27965e-11,0.000395218,0.000341073,0.000367167,1.1661e+06,0.000342332,0.000366959,0.0129912,0.000551262
jfet,VHI_VLO_k030,0.925,-69.8349,0.785397,-42.0992,-79.668,1.78337e-10,-69.2089,1.06418,-39.5767,-55.292,3.12033e-10,0.000373239,0.000322103,0.000346142,1.16594e+06,0.00032329,0.000345945,0.0129937,0.000551019
jfet,VHI_VLO_k030,0.95,-79.9079,0.0814889,-61.8415,-81.9763,1.82423e-10,-79.3729,0.89717,-41.0923,-55.7281,3.23265e-10,0.000114673,0.000101052,0.000107453,1.16577e+06,0.000101424,0.000107392,0.000851871,9.25789e-05
jfet,VHI_VLO_k030,0.975,-95.5245,0.0318288,-70.3814,-81.8903,1.82423e-10,-94.9972,0.89749,-41.0898,-55.7078,3.11772e-10,1.89678e-05,1.67387e-05,1.77831e-05,1.16575e+06,1.68003e-05,1.77729e-05,2.80625e-05,1.72411e-05
jfet,VHI_VLO_k030,1,-100.82,0.0317419,-70.4076,-81.8896,2.54745e-11,-100.293,0.897535,-41.0894,-55.7071,2.86952e-10,1.03093e-05,9.09798e-06,9.66547e-06,1.16575e+06,9.13149e-06,9.65994e-06,1.12604e-05,9.50811e-06
jfet,VHI_VLO_k048,0,-0.00191025,0.00359068,-89.3919,-98.6443,2.6337e-11,-0.00188738,0.00351083,-89.5913,-98.8128,1.72897e-10,0.999821,0.999817,0.999816,338660,0.999817,0.999816,0.999817,0.999816
jfet,VHI_VLO_k048,0.025,-0.00211082,0.00473009,-86.927,-96.886,1.79136e-10,-0.00208457,0.0046397,-87.081,-97.2115,3.12824e-10,0.999802,0.999798,0.999797,341338,0.999798,0.999797,0.999798,0.999797
jfet,VHI_VLO_k048,0.05,-0.00238116,0.00625678,-84.4575,-94.9064,1.82423e-10,-0.00235078,0.00612931,-84.618,-95.3391,1.83239e-10,0.999779,0.999774,0.999774,343260,0.999774,0.999774,0.999774,0.999774
jfet,VHI_VLO_k048,0.075,-0.00275506,0.00839565,-81.8966,-92.5254,1.82423e-10,-0.00271821,0.0081913,-82.0987,-92.9316,1.83239e-10,0.999751,0.999745,0.999745,344710,0.999745,0.999745,0.999745,0.999745
jfet,VHI_VLO_k048,0.1,-0.00329295,0.0115826,-79.139,-89.4929,1.82423e-10,-0.00324391,0.0112399,-79.4003,-89.7614,1.83239e-10,0.999715,0.999708,0.999708,345847,0.999708,0.999708,0.999708,0.999708
jfet,VHI_VLO_k048,0.125,-0.00411603,0.0167729,-76.0307,-85.4828,1.82423e-10,-0.00403902,0.0161929,-76.3389,-85.7478,1.83239e-10,0.999668,0.99966,0.999661,346767,0.99966,0.999661,0.99966,0.999661
jfet,VHI_VLO_k048,0.15,-0.00548354,0.0265903,-72.2247,-80.3883,1.82423e-10,-0.00534279,0.0255036,-72.5785,-80.7764,1.83239e-10,0.999606,0.999596,0.999598,347530,0.999596,0.999598,0.999596,0.999598
jfet,VHI_VLO_k048,0.175,-0.00818249,0.050023,-67.1035,-73.6498,1.82423e-10,-0.00787678,0.0473156,-67.559,-74.1975,1.83239e-10,0.99952,0.999507,0.99951,348180,0.999507,0.99951,0.999507,0.99951
jfet,VHI_VLO_k048,0.2,-0.0164619,0.147123,-58.6916,-62.9341,1.82423e-10,-0.0153157,0.133143,-59.4659,-63.8695,1.83239e-10,0.999393,0.999376,0.999381,348747,0.999376,0.999381,0.999376,0.999381
jfet,VHI_VLO_k048,0.225,-0.146635,2.37521,-36.5977,-38.1804,1.82423e-10,-0.134296,2.29523,-37.2657,-38.7034,1.83239e-10,0.999197,0.999173,0.999181,349262,0.999173,0.99918,0.999173,0.999181
jfet,VHI_VLO_k048,0.25,-0.55427,6.91634,-25.455,-28.5884,1.82423e-10,-0.535966,6.94509,-25.6017,-28.4955,1.83239e-10,0.99886,0.998824,0.998838,349758,0.998825,0.998838,0.998824,0.998838
jfet,VHI_VLO_k048,0.275,-1.12445,11.3773,-20.0945,-25.6316,1.82423e-10,-1.10189,11.4811,-20.1168,-25.3611,1.83239e-10,0.998199,0.998139,0.998164,350302,0.998139,0.998164,0.998139,0.998164
jfet,VHI_VLO_k048,0.3,-1.82899,15.5514,-16.7859,-25.7763,1.82423e-10,-1.80222,15.7219,-16.7551,-25.3743,1.83239e-10,0.99656,0.996438,0.996494,351093,0.996439,0.996494,0.996438,0.996494
jfet,VHI_VLO_k048,0.325,-2.65844,19.2907,-14.6009,-29.4856,1.82423e-10,-2.6267,19.5156,-14.542,-28.8408,1.83239e-10,0.99001,0.989632,0.989821,353307,0.989633,0.98982,0.989632,0.989821
jfet,VHI_VLO_k048,0.35,-3.61038,22.3668,-13.2119,-60.4334,1.82423e-10,-3.57249,22.6402,-13.1364,-45.7806,1.74292e-10,0.839482,0.833411,0.836395,404923,0.833441,0.836376,0.833412,0.836395
jfet,VHI_VLO_k048,0.375,-4.70254,24.4709,-12.5309,-27.6578,1.82423e-10,-4.66391,24.8024,-12.4425,-27.6148,1.83239e-10,0.335859,0.317221,0.323153,789800,0.317498,0.323046,0.317222,0.323153
jfet,VHI_VLO_k048,0.4,-5.91097,24.9318,-12.6894,-21.6765,1.82423e-10,-5.87026,25.2774,-12.6061,-21.4867,1.83239e-10,0.335746,0.317114,0.32266,790693,0.317395,0.322556,0.317115,0.322661
jfet,VHI_VLO_k048,0.425,-7.20488,22.852,-14.0687,-19.4945,1.82423e-10,-7.15738,23.1586,-14.0161,-19.2822,1.83239e-10,0.33562,0.316994,0.322201,791473,0.317279,0.322101,0.316995,0.322202
jfet,VHI_VLO_k048,0.45,-8.50906,16.991,-17.7737,-20.6804,1.82423e-10,-8.44634,17.1757,-17.7957,-20.538,1.83239e-10,0.335477,0.316859,0.321765,792162,0.317146,0.321667,0.31686,0.321765
jfet,VHI_VLO_k048,0.475,-9.63,6.54328,-28.5625,-29.4876,1.82423e-10,-9.5381,6.5858,-28.5854,-29.7167,1.83239e-10,0.335313,0.316704,0.321341,792776,0.316994,0.321246,0.316705,0.321341
jfet,VHI_VLO_k048,0.5,-9.99219,0.0582663,-64.7566,-83.6088,1.82423e-10,-9.8709,0.817996,-41.7939,-61.316,1.83239e-10,0.335122,0.316524,0.320918,793332,0.316817,0.320826,0.316525,0.320919
jfet,VHI_VLO_k048,0.525,-9.99467,0.0606424,-64.4092,-83.2259,1.82423e-10,-9.87342,0.81441,-41.8317,-61.3807,1.83239e-10,0.33503,0.316437,0.32083,793155,0.31673,0.320737,0.316439,0.32083
jfet,VHI_VLO_k048,0.55,-9.99736,0.0634638,-64.0144,-82.7658,1.82423e-10,-9.87617,0.810226,-41.8761,-61.4607,1.83239e-10,0.334931,0.316344,0.320734,792950,0.316637,0.320642,0.316346,0.320735
jfet,VHI_VLO_k048,0.575,-10.0003,0.0668381,-63.5651,-82.2121,1.82423e-10,-9.87916,0.805299,-41.9285,-61.5607,1.83239e-10,0.334824,0.316244,0.32063,792712,0.316536,0.320538,0.316245,0.320631
jfet,VHI_VLO_k048,0.6,-10.0035,0.0709066,-63.0533,-81.5459,1.82423e-10,-9.88245,0.799432,-41.9913,-61.6882,1.83239e-10,0.334707,0.316134,0.320517,792434,0.316426,0.320425,0.316136,0.320518
jfet,VHI_VLO_k048,0.625,-10.007,0.0758578,-62.4694,-80.7453,1.82423e-10,-9.88609,0.792359,-42.0676,-61.8538,1.83239e-10,0.33458,0.316014,0.320394,792106,0.316307,0.320301,0.316016,0.320394
jfet,VHI_VLO_k048,0.65,-10.0109,0.0819495,-61.8023,-79.7858,1.82423e-10,-9.89016,0.783704,-42.1617,-62.0744,1.83239e-10,0.33444,0.315883,0.320257,791714,0.316175,0.320165,0.315885,0.320258
jfet,VHI_VLO_k048,0.675,-10.0153,0.0895433,-61.0384,-78.6395,1.82423e-10,-9.89476,0.772927,-42.2801,-62.3775,1.83239e-10,0.334286,0.315738,0.320106,791241,0.31603,0.320014,0.31574,0.320107
jfet,VHI_VLO_k048,0.7,-10.0203,0.0991634,-60.1605,-77.2745,1.78933e-10,-9.90001,0.759218,-42.4328,-62.811,1.83239e-10,0.334113,0.315576,0.319937,790663,0.315868,0.319844,0.315578,0.319938
jfet,VHI_VLO_k048,0.725,-10.2037,3.4306,-33.8147,-35.2018,1.7279e-10,-10.0897,3.85968,-34.2267,-34.541,1.83239e-10,0.33392,0.315394,0.319745,789943,0.315686,0.319653,0.315397,0.319746
jfet,VHI_VLO_k048,0.75,-11.8293,18.8153,-15.6466,-21.5086,1.00937e-11,-11.7185,19.7337,-15.4838,-20.592,1.83239e-10,0.3337,0.315188,0.319527,789028,0.31548,0.319434,0.315191,0.319528
jfet,VHI_VLO_k048,0.775,-14.6328,35.6986,-9.22809,-27.6724,3.17215e-10,-14.5319,37.4094,-8.92512,-25.7214,1.83239e-10,0.333448,0.314951,0.319273,787838,0.315242,0.319181,0.314954,0.319274
jfet,VHI_VLO_k048,0.8,-18.9637,54.5437,-5.89425,-15.7662,1.77249e-10,-18.89,57.7825,-5.49274,-15.2943,1.83239e-10,0.000949315,0.000896802,0.000995379,1.30151e+06,0.00089763,0.00099509,0.0107789,0.000800069
jfet,VHI_VLO_k048,0.825,-26.2157,75.2175,-6.10918,-5.43109,1.7989e-10,-26.2229,83.1299,-5.55005,-4.54696,1.83239e-10,0.000859912,0.000812333,0.000899175,1.30136e+06,0.000813082,0.000898912,0.0107801,0.000722034
jfet,VHI_VLO_k048,0.85,-37.232,133.007,-1.65073,-2.67749,1.79011e-10,-37.3976,155.232,-1.18017,-1.48977,1.77863e-10,0.000792013,0.000748183,0.000826197,1.30118e+06,0.000748871,0.000825955,0.0107813,0.000665664
jfet,VHI_VLO_k048,0.875,-34.2905,125.509,-1.38676,-3.23013,1.79878e-10,-34.3868,144.14,-0.868008,-2.01963,1.69405e-10,0.000738199,0.000697341,0.000768468,1.301e+06,0.000697981,0.000768241,0.0107826,0.000623016
jfet,VHI_VLO_k048,0.9,-31.7862,116.502,-1.53782,-3.851,1.53687e-10,-31.8237,132.212,-1.00645,-2.6221,2.81702e-10,0.000694201,0.000655773,0.000721394,1.30079e+06,0.000656373,0.000721179,0.0107837,0.000589456
jfet,VHI_VLO_k048,0.925,-29.6886,108.601,-1.73513,-4.5449,2.86268e-10,-29.6746,121.817,-1.19808,-3.3179,3.08303e-10,0.000657365,0.000620973,0.000682125,1.30058e+06,0.00062154,0.00068192,0.0107847,0.000561992
jfet,VHI_VLO_k048,0.95,-36.985,120.351,-1.31611,-3.57325,1.82423e-10,-36.9849,121.504,-1.28845,-3.49331,3.09918e-10,5.0209e-05,4.80804e-05,5.15655e-05,1.30033e+06,4.81243e-05,5.155e-05,6.44059e-05,5.03554e-05
jfet,VHI_VLO_k048,0.975,-42.4688,122.589,-1.26171,-3.41992,1.82423e-10,-42.6347,122.981,-1.25287,-3.394,3.26679e-10,2.31787e-05,2.2197e-05,2.38035e-05,1.30032e+06,2.22173e-05,2.37963e-05,2.39401e-05,2.35491e-05
jfet,VHI_VLO_k048,1,-45.8951,123.185,-1.24789,-3.38092,3.16856e-10,-46.0972,123.435,-1.24227,-3.36439,9.58148e-09,1.5067e-05,1.4429e-05,1.5473e-05,1.30032e+06,1.44421e-05,1.54683e-05,1.4903e-05,1.5368e-05
jfet,VLO_VHI_nessuno,0,-4.09713,33.3173,-9.88136,-24.0291,2.09008e-07,-3.62659,30.9662,-10.6235,-22.4241,3.03048e-07,0.999939,0.999939,0.999931,510502,0.999939,0.999931,0.999939,0.999931
jfet,VLO_VHI_nessuno,0.025,-5.78935,42.3084,-7.68339,-41.0939,2.6541e-08,-5.38687,40.7027,-8.05087,-31.9981,1.37769e-07,0.99976,0.99976,0.999741,576466,0.999761,0.999741,0.99976,0.999741
jfet,VLO_VHI_nessuno,0.05,-6.03537,45.2871,-7.16203,-42.211,3.94795e-07,-6.38427,46.4669,-6.96972,-29.5656,3.10222e-07,2.84108e-08,4.82567e-05,0.0141374,3.19114e+06,0.000440829,0.0137791,0.000158722,0.0139855
jfet,VLO_VHI_nessuno,0.075,-6.16702,52.6896,-6.08184,-26.544,8.31504e-07,-6.77072,50.8471,-6.55222,-18.144,5.99307e-07,2.26426e-08,3.84655e-05,0.0116778,3.57352e+06,0.000398226,0.0113462,0.000168536,0.0115204
jfet,VLO_VHI_nessuno,0.1,-6.61954,65.9529,-4.47159,-15.6506,1.29646e-06,-7.07704,56.6994,-6.18962,-13.4603,7.31674e-07,1.88214e-08,3.19775e-05,0.00996222,3.91872e+06,0.000366207,0.00965196,0.00017504,0.00980071
jfet,VLO_VHI_nessuno,0.125,-7.87512,89.0415,-2.60827,-7.88641,1.617e-06,-7.68313,65.545,-5.42773,-10.9652,7.37768e-07,1.61037e-08,2.73623e-05,0.00869428,4.23585e+06,0.000340983,0.00840155,0.000179668,0.00852957
jfet,VLO_VHI_nessuno,0.15,-12.2106,147.364,-0.746294,-2.04862,1.89712e-06,-12.2923,85.2332,-3.81062,-7.56325,1.17271e-07,1.40718e-08,2.39113e-05,0.00771749,4.53082e+06,0.000320433,0.00743951,0.000183128,0.0075502
jfet,VLO_VHI_nessuno,0.175,-93.1619,32.9113,-10.2149,-19.361,3.10068e-10,-42.8747,22.4615,-13.2688,-25.086,1.83239e-10,1.24953e-08,2.12334e-05,0.00694107,4.8077e+06,0.000303264,0.00667576,0.000185814,0.00677165
jfet,VLO_VHI_nessuno,0.2,-94.1468,28.6616,-11.2858,-21.5144,2.8382e-10,-43.7671,19.9379,-14.2389,-27.088,1.83239e-10,1.12364e-08,1.90949e-05,0.00630865,5.06948e+06,0.000288634,0.00605436,0.000187959,0.00613744
jfet,VLO_VHI_nessuno,0.225,-95.0247,25.4689,-12.2238,-23.3982,1.67281e-11,-44.5665,17.9872,-15.0885,-28.8386,1.83239e-10,1.02079e-08,1.73477e-05,0.00578328,5.31838e+06,0.00027597,0.00553871,0.000189712,0.00561053
jfet,VLO_VHI_nessuno,0.25,-95.8178,22.9631,-13.0608,-25.0779,3.064e-11,-45.2921,16.4218,-15.847,-30.3992,1.83239e-10,9.35196e-09,1.58935e-05,0.00533972,5.55614e+06,0.000264864,0.0051038,0.000191171,0.00516564
jfet,VLO_VHI_nessuno,0.275,-96.5418,20.9339,-13.818,-26.5963,1.53022e-10,-45.9573,15.1309,-16.5338,-31.8103,1.83239e-10,8.62845e-09,1.46642e-05,0.00496012,5.78413e+06,0.000255021,0.00473197,0.000192404,0.00478486
jfet,VLO_VHI_nessuno,0.3,-97.2081,19.2517,-14.5101,-27.9836,1.72963e-10,-46.572,14.0442,-17.1624,-33.1002,1.83239e-10,8.00885e-09,1.36115e-05,0.00463149,6.00346e+06,0.000246215,0.00441036,0.000193461,0.0044552
jfet,VLO_VHI_nessuno,0.325,-97.8257,17.8312,-15.148,-29.2618,1.80202e-10,-47.1436,13.1143,-17.7425,-34.2893,1.83239e-10,7.47227e-09,1.26997e-05,0.00434416,6.21505e+06,0.000238277,0.00412943,0.000194375,0.00416693
jfet,VLO_VHI_nessuno,0.35,-98.4012,16.6138,-15.7399,-30.4476,1.75932e-10,-47.678,12.3079,-18.2817,-35.3932,1.83239e-10,7.00308e-09,1.19025e-05,0.00409074,6.41967e+06,0.00023107,0.00388188,0.000195175,0.00391269
jfet,VLO_VHI_nessuno,0.375,-98.9402,15.5575,-16.2924,-31.554,1.82423e-10,-48.18,11.6009,-18.7857,-36.424,1.83239e-10,6.58933e-09,1.11994e-05,0.00386555,6.61797e+06,0.00022449,0.00366208,0.000195881,0.00368674
jfet,VLO_VHI_nessuno,0.4,-99.4471,14.6315,-16.8104,-32.5914,1.82423e-10,-48.6533,10.9753,-19.259,-37.3913,1.83239e-10,6.22175e-09,1.05748e-05,0.00366409,6.81049e+06,0.000218449,0.00346561,0.000196508,0.0034846
jfet,VLO_VHI_nessuno,0.425,-99.9257,13.8124,-17.2983,-33.5682,1.82423e-10,-49.1012,10.4172,-19.7054,-38.3027,1.83239e-10,5.89301e-09,1.00162e-05,0.00348278,6.99772e+06,0.000212877,0.00328893,0.000197069,0.00330266
jfet,VLO_VHI_nessuno,0.45,-100.379,13.0824,-17.7594,-34.4912,1.82423e-10,-49.5263,9.91586,-20.128,-39.1648,1.83239e-10,5.59726e-09,9.51358e-06,0.00331872,7.18006e+06,0.000207717,0.00312918,0.000197573,0.00313802
jfet,VLO_VHI_nessuno,0.475,-100.809,12.4273,-18.1965,-35.3662,1.82423e-10,-49.9309,9.46276,-20.5292,-39.9827,1.83239e-10,5.32979e-09,9.05903e-06,0.00316956,7.35789e+06,0.00020292,0.00298405,0.000198029,0.00298833
jfet,VLO_VHI_nessuno,0.5,-101.219,11.8361,-18.6122,-36.1981,1.82423e-10,-50.3169,9.05103,-20.9113,-40.7609,1.83239e-10,5.08671e-09,8.64594e-06,0.00303334,7.53151e+06,0.000198444,0.00285161,0.000198444,0.00285161
jfet,VLO_VHI_nessuno,0.525,-101.219,11.8357,-18.6124,-36.1988,1.82423e-10,-50.3405,9.01815,-20.9427,-40.8101,1.83239e-10,5.08671e-09,8.64586e-06,0.00302511,7.53151e+06,0.000198442,0.00284388,0.000203333,0.0028396
jfet,VLO_VHI_nessuno,0.55,-101.219,11.8354,-18.6127,-36.1994,1.82423e-10,-50.3661,8.98319,-20.9762,-40.8622,1.83239e-10,5.08671e-09,8.64578e-06,0.00301623,7.53151e+06,0.00019844,0.00283553,0.000208584,0.00282669
jfet,VLO_VHI_nessuno,0.575,-101.219,11.835,-18.613,-36.2001,1.82423e-10,-50.3938,8.94595,-21.0121,-40.9177,1.83239e-10,5.08671e-09,8.64569e-06,0.00300661,7.53151e+06,0.000198438,0.00282649,0.000214247,0.00281276
jfet,VLO_VHI_nessuno,0.6,-101.219,11.8346,-18.6133,-36.2009,1.82423e-10,-50.4241,8.90614,-21.0506,-40.977,1.83239e-10,5.08671e-09,8.64559e-06,0.00299615,7.53151e+06,0.000198436,0.00281665,0.000220377,0.00279767
jfet,VLO_VHI_nessuno,0.625,-101.22,11.8341,-18.6136,-36.2018,1.82423e-10,-50.4573,8.86348,-21.0921,-41.0404,1.83239e-10,5.08671e-09,8.64548e-06,0.00298472,7.53151e+06,0.000198433,0.00280591,0.000227042,0.00278125
jfet,VLO_VHI_nessuno,0.65,-101.22,11.8336,-18.614,-36.2028,1.82423e-10,-50.4939,8.8176,-21.137,-41.1085,1.83239e-10,5.08671e-09,8.64535e-06,0.00297217,7.5315e+06,0.000198431,0.0027941,0.000234326,0.0027633
jfet,VLO_VHI_nessuno,0.675,-101.22,11.833,-18.6144,-36.2039,1.82423e-10,-50.5345,8.76808,-21.1856,-41.1818,1.83239e-10,5.08671e-09,8.64522e-06,0.00295831,7.5315e+06,0.000198427,0.00278108,0.000242329,0.00274358
jfet,VLO_VHI_nessuno,0.7,-101.22,11.8324,-18.6148,-36.2051,1.82423e-10,-50.5798,8.71441,-21.2387,-41.2612,1.83239e-10,5.08671e-09,8.64506e-06,0.0029429,7.5315e+06,0.000198424,0.0027666,0.000251179,0.00272178
jfet,VLO_VHI_nessuno,0.725,-101.22,11.8316,-18.6154,-36.2066,1.82423e-10,-50.6309,8.65597,-21.2969,-41.3475,1.83239e-10,5.08671e-09,8.64488e-06,0.00292567,7.5315e+06,0.00019842,0.00275039,0.000261037,0.00269752
jfet,VLO_VHI_nessuno,0.75,-101.22,11.8308,-18.616,-36.2082,1.82423e-10,-50.6888,8.59203,-21.361,-41.4417,1.83239e-10,5.08671e-09,8.64468e-06,0.00290622,7.5315e+06,0.000198415,0.00273211,0.000272109,0.00267031
jfet,VLO_VHI_nessuno,0.775,-101.221,11.8298,-18.6167,-36.2101,1.70864e-10,-50.7552,8.52167,-21.4321,-41.5451,1.83239e-10,5.08671e-09,8.64444e-06,0.00288407,7.53149e+06,0.00019841,0.00271129,0.000284668,0.00263952
jfet,VLO_VHI_nessuno,0.8,-101.221,11.8286,-18.6175,-36.2123,1.79889e-10,-50.8324,8.44372,-21.5115,-41.6594,1.83239e-10,5.08671e-09,8.64416e-06,0.00285856,7.53149e+06,0.000198403,0.0026873,0.000299079,0.00260431
jfet,VLO_VHI_nessuno,0.825,-101.221,11.8272,-18.6185,-36.2149,1.71227e-10,-50.9234,8.35673,-21.6011,-41.7867,1.83239e-10,5.08671e-09,8.64383e-06,0.00282878,7.53149e+06,0.000198396,0.00265931,0.000315846,0.00256353
jfet,VLO_VHI_nessuno,0.85,-165.73,11.8498,-18.6024,-36.1722,1.82423e-10,-113.699,11.8119,-18.6293,-36.2535,1.83239e-10,3.02513e-12,5.14376e-09,2.05511e-06,7.53182e+06,1.18061e-07,1.93199e-06,1.99767e-07,1.85068e-06
jfet,VLO_VHI_nessuno,0.875,-173.684,11.8498,-18.6024,-36.1722,1.82423e-10,-121.653,11.8119,-18.6293,-36.2534,1.83239e-10,1.21069e-12,2.05859e-09,8.22485e-07,7.53182e+06,4.72494e-08,7.7321e-07,8.56662e-08,7.35005e-07
jfet,VLO_VHI_nessuno,0.9,-177.764,11.8498,-18.6024,-36.1722,1.82423e-10,-125.733,11.8119,-18.6293,-36.2533,1.83239e-10,7.56877e-13,1.28695e-09,5.14187e-07,7.53182e+06,2.95385e-08,4.83382e-07,5.79998e-08,4.55102e-07
jfet,VLO_VHI_nessuno,0.925,-180.528,11.8498,-18.6024,-36.1722,1.82423e-10,-128.497,11.8119,-18.6292,-36.2532,1.83239e-10,5.50571e-13,9.36161e-10,3.74033e-07,7.53182e+06,2.1487e-08,3.51625e-07,4.63641e-08,3.26936e-07
jfet,VLO_VHI_nessuno,0.95,-182.621,11.8498,-18.6024,-36.1722,1.82423e-10,-130.59,11.8119,-18.6292,-36.2532,1.83239e-10,4.32674e-13,7.35696e-10,2.93939e-07,7.53182e+06,1.68859e-08,2.76329e-07,4.09002e-08,2.52541e-07
jfet,VLO_VHI_nessuno,0.975,-184.306,11.8498,-18.6024,-36.1722,1.82423e-10,-132.275,11.8119,-18.6293,-36.2532,1.83239e-10,3.56385e-13,6.05978e-10,2.42112e-07,7.53182e+06,1.39086e-08,2.27607e-07,3.91179e-08,2.02715e-07
jfet,VLO_VHI_nessuno,1,-185.716,11.8498,-18.6024,-36.1722,2.19598e-10,-133.685,11.8119,-18.6293,-36.2533,1.74176e-10,3.02982e-13,5.15174e-10,2.05832e-07,7.53182e+06,1.18244e-08,1.935e-07,4.11096e-08,1.64776e-07
jfet,VLO_VHI_k030,0,-2.32483,20.1776,-14.4986,-23.8073,2.10188e-07,-2.19916,19.9737,-14.7116,-23.1484,3.18375e-07,0.999491,0.999466,0.999475,287821,0.999466,0.999475,0.999466,0.999475
jfet,VLO_VHI_k030,0.025,-3.33814,25.2517,-12.2629,-27.3855,1.47617e-07,-3.21976,25.3072,-12.3146,-26.1209,2.3551e-07,0.998453,0.998373,0.998405,291896,0.998373,0.998404,0.998373,0.998405
jfet,VLO_VHI_k030,0.05,-4.5312,30.0163,-10.6622,-53.4671,1.72235e-08,-4.42127,30.3154,-10.6194,-38.9497,1.16385e-07,0.948456,0.9456,0.946786,306876,0.945609,0.946779,0.9456,0.946786
jfet,VLO_VHI_k030,0.075,-5.97223,34.2926,-9.59486,-25.131,1.28476e-07,-5.88702,34.8921,-9.47975,-25.3051,7.99381e-08,0.208267,0.179729,0.188111,827895,0.180293,0.187918,0.17973,0.188111
jfet,VLO_VHI_k030,0.1,-7.66405,37.2635,-9.17292,-18.4532,2.59509e-07,-7.6033,38.0643,-9.03285,-18.2287,1.78323e-07,0.208215,0.17968,0.186721,833839,0.180262,0.186543,0.179681,0.186721
jfet,VLO_VHI_k030,0.125,-9.62901,37.4738,-9.71536,-15.3664,3.2117e-07,-9.5757,38.3192,-9.59817,-15.0604,3.11813e-07,0.208153,0.179624,0.185693,838203,0.180219,0.185527,0.179625,0.185693
jfet,VLO_VHI_k030,0.15,-11.834,31.8418,-12.2035,-15.2854,4.34627e-07,-11.7563,32.4982,-12.1531,-15.0404,3.2351e-07,0.208076,0.179556,0.184887,841551,0.180162,0.184731,0.179557,0.184887
jfet,VLO_VHI_k030,0.175,-14.0135,15.5251,-20.7476,-21.8453,2.76152e-07,-13.8712,15.8999,-20.5612,-21.8871,2.07613e-07,0.207979,0.179471,0.184223,844217,0.180086,0.184076,0.179472,0.184223
jfet,VLO_VHI_k030,0.2,-14.9248,0.137201,-57.5167,-70.1581,3.12325e-10,-14.7069,2.73257,-31.4846,-44.6728,1.83239e-10,0.207848,0.179358,0.183643,846416,0.17998,0.183503,0.179359,0.183644
jfet,VLO_VHI_k030,0.225,-14.9332,0.118871,-58.7179,-72.2198,3.12517e-10,-14.7371,2.30745,-32.9101,-47.0402,1.83239e-10,0.20766,0.179195,0.183096,848318,0.179824,0.182963,0.179197,0.183097
jfet,VLO_VHI_k030,0.25,-14.9514,0.176934,-56.7941,-64.7139,3.01977e-10,-14.7931,1.89167,-34.9042,-54.5075,1.83239e-10,0.207351,0.17893,0.182507,850105,0.179563,0.182379,0.178932,0.182508
jfet,VLO_VHI_k030,0.275,-18.7782,31.4888,-10.4014,-23.5262,3.00508e-10,-18.6874,31.9686,-10.329,-23.0171,1.83239e-10,0.206683,0.178359,0.181656,852213,0.178995,0.181533,0.178361,0.181657
jfet,VLO_VHI_k030,0.3,-30.2919,81.3193,-3.15449,-8.21459,3.17642e-10,-30.1284,82.7132,-3.07707,-7.98591,1.83239e-10,0.00231261,0.00199694,0.00239594,1.1612e+06,0.00200411,0.00239436,0.012852,0.00203859
jfet,VLO_VHI_k030,0.325,-55.2923,4.5922,-26.7961,-47.5864,3.24842e-11,-53.8318,6.39756,-24.0109,-39.1686,1.83239e-10,0.00196575,0.00169723,0.00199496,1.16225e+06,0.00170336,0.00199369,0.0128639,0.00166863
jfet,VLO_VHI_k030,0.35,-56.4002,3.54616,-29.0264,-52.0942,1.76207e-10,-55.1062,4.83008,-26.4221,-42.7013,1.83239e-10,0.00173919,0.0015015,0.00173653,1.16319e+06,0.00150694,0.00173544,0.0128754,0.00143943
jfet,VLO_VHI_k030,0.375,-57.2765,2.89332,-30.7862,-55.6736,1.82423e-10,-56.1084,3.86502,-28.3416,-45.405,1.83239e-10,0.00157637,0.00136085,0.00155334,1.16403e+06,0.0013658,0.0015524,0.0128854,0.0012837
jfet,VLO_VHI_k030,0.4,-58.0028,2.44534,-32.2432,-58.662,1.82423e-10,-56.9355,3.21072,-29.9416,-47.6174,1.83239e-10,0.0014521,0.0012535,0.00141538,1.16478e+06,0.00125809,0.00141453,0.012894,0.00117146
jfet,VLO_VHI_k030,0.425,-58.6237,2.11831,-33.4875,-61.2413,1.82423e-10,-57.6396,2.73904,-31.3135,-49.5047,1.83239e-10,0.00135323,0.00116811,0.00130697,1.16547e+06,0.0011724,0.00130621,0.0129014,0.00108717
jfet,VLO_VHI_k030,0.45,-59.1661,1.86884,-34.5741,-63.5218,1.82423e-10,-58.2522,2.38388,-32.5133,-51.1608,1.83239e-10,0.00127214,0.00109808,0.00121908,1.1661e+06,0.00110213,0.00121838,0.0129078,0.00102189
jfet,VLO_VHI_k030,0.475,-59.6478,1.67216,-35.5388,-65.5761,1.82423e-10,-58.794,2.10753,-33.5782,-52.6437,1.83239e-10,0.00120407,0.00103929,0.00114608,1.16668e+06,0.00104314,0.00114544,0.0129134,0.000970133
jfet,VLO_VHI_k030,0.5,-60.0811,1.51306,-36.4063,-67.4544,1.82423e-10,-59.2796,1.88684,-34.5344,-53.9919,1.83239e-10,0.00114588,0.000989037,0.00108427,1.16721e+06,0.000992707,0.00108367,0.0129184,0.000928288
jfet,VLO_VHI_k030,0.525,-60.9091,1.24744,-38.0819,-71.101,1.82423e-10,-60.1484,1.55714,-36.2121,-54.9043,1.83239e-10,0.0010422,0.000899524,0.000981628,1.16707e+06,0.000902859,0.000981088,0.0129267,0.000853202
jfet,VLO_VHI_k030,0.55,-61.6011,1.0613,-39.4848,-74.205,1.82423e-10,-60.8759,1.33433,-37.5656,-55.4365,1.83239e-10,0.000962682,0.000830877,0.000903064,1.16694e+06,0.000833955,0.000902565,0.0129335,0.000799875
jfet,VLO_VHI_k030,0.575,-62.1951,0.923581,-40.6917,-76.8621,1.82423e-10,-61.5013,1.18064,-38.6424,-55.7397,1.83239e-10,0.000899224,0.000776093,0.00084051,1.1668e+06,0.000778966,0.000840043,0.0129392,0.000760482
jfet,VLO_VHI_k030,0.6,-62.7153,0.817563,-41.7506,-79.0862,1.82423e-10,-62.0493,1.0749,-39.4717,-55.8976,1.83239e-10,0.000847073,0.000731071,0.000789233,1.16665e+06,0.000733776,0.000788793,0.0129439,0.000730495
jfet,VLO_VHI_k030,0.625,-63.1777,0.733435,-42.6937,-80.8443,1.82423e-10,-62.5366,1.00386,-40.0788,-55.9593,1.83239e-10,0.000803237,0.00069323,0.00074625,1.16651e+06,0.000695792,0.000745832,0.012948,0.000707115
jfet,VLO_VHI_k030,0.65,-63.5937,0.665061,-43.5437,-82.1064,1.82423e-10,-62.975,0.958515,-40.4917,-55.9544,1.83239e-10,0.000765729,0.000660851,0.000709575,1.16636e+06,0.000663292,0.000709175,0.0129516,0.000688513
jfet,VLO_VHI_k030,0.675,-63.9717,0.608405,-44.3172,-82.8913,1.82423e-10,-63.373,0.932349,-40.741,-55.9017,1.83239e-10,0.000733167,0.000632742,0.000677826,1.16621e+06,0.000635077,0.000677443,0.0129548,0.00067345
jfet,VLO_VHI_k030,0.7,-64.3178,0.560704,-45.0265,-83.2806,1.82423e-10,-63.7373,0.920528,-40.8583,-55.8135,1.83239e-10,0.000704557,0.000608045,0.000650012,1.16605e+06,0.000610287,0.000649642,0.0129576,0.000661056
jfet,VLO_VHI_k030,0.725,-64.637,0.520003,-45.6812,-83.3857,1.82423e-10,-64.0729,0.919417,-40.8731,-55.6981,1.83239e-10,0.000679165,0.000586126,0.000625397,1.1659e+06,0.000588286,0.000625039,0.0129601,0.000650699
jfet,VLO_VHI_k030,0.75,-79.5918,0.0357543,-69.2767,-81.8983,1.82423e-10,-79.0636,0.895151,-41.1128,-55.7195,1.83239e-10,0.000118803,0.000104799,0.000111349,1.16577e+06,0.000105185,0.000111285,0.000270026,0.000106105
jfet,VLO_VHI_k030,0.775,-85.8113,0.0320047,-70.3285,-81.8916,1.82423e-10,-85.2839,0.896906,-41.0955,-55.7109,1.83239e-10,5.80375e-05,5.12134e-05,5.44092e-05,1.16576e+06,5.14021e-05,5.43781e-05,7.81551e-05,5.31235e-05
jfet,VLO_VHI_k030,0.8,-89.4122,0.0317887,-70.3934,-81.8905,1.82423e-10,-88.885,0.897245,-41.0922,-55.709,1.83239e-10,3.83386e-05,3.38328e-05,3.59434e-05,1.16576e+06,3.39574e-05,3.59228e-05,4.25095e-05,3.5387e-05
jfet,VLO_VHI_k030,0.825,-91.9524,0.0317487,-70.4056,-81.8901,1.82423e-10,-91.4252,0.897367,-41.091,-55.7082,1.83239e-10,2.86166e-05,2.52539e-05,2.68292e-05,1.16576e+06,2.5347e-05,2.68138e-05,2.90428e-05,2.65249e-05
jfet,VLO_VHI_k030,0.85,-93.9158,0.0317363,-70.4093,-81.8898,1.82423e-10,-93.3886,0.897425,-41.0904,-55.7078,1.83239e-10,2.28268e-05,2.01446e-05,2.14011e-05,1.16575e+06,2.02188e-05,2.13889e-05,2.21198e-05,2.12122e-05
jfet,VLO_VHI_k030,0.875,-95.5162,0.0317313,-70.4108,-81.8897,1.82423e-10,-94.9891,0.897458,-41.0901,-55.7076,1.83239e-10,1.89855e-05,1.67548e-05,1.77998e-05,1.16575e+06,1.68165e-05,1.77896e-05,1.79118e-05,1.76729e-05
jfet,VLO_VHI_k030,0.9,-96.867,0.0317288,-70.4116,-81.8896,1.82423e-10,-96.3399,0.897478,-41.0899,-55.7074,1.83239e-10,1.6251e-05,1.43416e-05,1.52361e-05,1.16575e+06,1.43944e-05,1.52274e-05,1.5078e-05,1.51464e-05
jfet,VLO_VHI_k030,0.925,-98.0356,0.0317275,-70.412,-81.8895,1.82423e-10,-97.5085,0.897492,-41.0898,-55.7073,1.83239e-10,1.42052e-05,1.25363e-05,1.33181e-05,1.16575e+06,1.25824e-05,1.33105e-05,1.30351e-05,1.32525e-05
jfet,VLO_VHI_k030,0.95,-99.0653,0.0317267,-70.4122,-81.8895,1.82423e-10,-98.5382,0.897502,-41.0897,-55.7072,1.83239e-10,1.26172e-05,1.11348e-05,1.18293e-05,1.16575e+06,1.11758e-05,1.18225e-05,1.14899e-05,1.17802e-05
jfet,VLO_VHI_k030,0.975,-99.9856,0.0317262,-70.4124,-81.8895,1.82423e-10,-99.4585,0.897509,-41.0896,-55.7072,1.62164e-10,1.13487e-05,1.00153e-05,1.064e-05,1.16575e+06,1.00522e-05,1.06339e-05,1.02786e-05,1.06029e-05
jfet,VLO_VHI_k030,1,-100.818,0.031726,-70.4124,-81.8894,2.66152e-11,-100.29,0.897516,-41.0896,-55.7071,2.87139e-10,1.03121e-05,9.10057e-06,9.66814e-06,1.16575e+06,9.1341e-06,9.66261e-06,9.30297e-06,9.64031e-06
jfet,VLO_VHI_k048,0,-1.34122,12.511,-19.2208,-24.8255,1.9082e-07,-1.24969,12.6883,-19.3778,-24.1237,3.25209e-07,0.999656,0.999646,0.99966,338703,0.999646,0.99966,0.999646,0.99966
jfet,VLO_VHI_k048,0.025,-2.08011,16.5062,-16.2421,-25.7318,1.76011e-07,-1.98574,16.9676,-16.1739,-24.5105,2.92055e-07,0.999278,0.999253,0.999287,341481,0.999253,0.999287,0.999253,0.999287
jfet,VLO_VHI_k048,0.05,-2.94316,20.0191,-14.2822,-30.628,9.67585e-08,-2.84753,20.7389,-14.0875,-28.3259,2.10666e-07,0.997027,0.996914,0.99707,344021,0.996914,0.99707,0.996914,0.99707
jfet,VLO_VHI_k048,0.075,-3.93406,22.7895,-13.0848,-43.7265,1.71118e-08,-3.83869,23.7433,-12.8087,-37.9604,1.24822e-07,0.337089,0.318392,0.33416,765078,0.318599,0.333989,0.318392,0.334161
jfet,VLO_VHI_k048,0.1,-5.06696,24.4141,-12.6274,-26.0467,1.56373e-07,-4.9779,25.5706,-12.304,-25.7435,8.55264e-08,0.337,0.318302,0.331634,770636,0.318524,0.331476,0.318302,0.331634
jfet,VLO_VHI_k048,0.125,-6.32605,24.0369,-13.1431,-21.1895,2.81867e-07,-6.2386,25.1985,-12.8317,-20.6519,1.55068e-07,0.336894,0.318198,0.329744,774748,0.318432,0.329597,0.318198,0.329745
jfet,VLO_VHI_k048,0.15,-7.68648,20.3785,-15.287,-20.0365,3.11634e-07,-7.58935,21.3799,-15.037,-19.4475,2.05076e-07,0.336765,0.318073,0.328254,777917,0.318317,0.328115,0.318074,0.328255
jfet,VLO_VHI_k048,0.175,-9.17639,12.7219,-21.906,-23.0405,5.35521e-07,-9.20755,15.1274,-21.8597,-21.0423,2.09097e-07,0.336603,0.317918,0.327021,780447,0.31817,0.326889,0.317919,0.327021
jfet,VLO_VHI_k048,0.2,-12.4021,21.5033,-17.3109,-27.7704,4.07013e-07,-12.5015,23.7252,-14.9841,-25.9759,5.71643e-08,0.33639,0.317716,0.325945,782543,0.317975,0.325819,0.317717,0.325946
jfet,VLO_VHI_k048,0.225,-17.468,50.3027,-6.232,-23.966,3.11557e-10,-17.3076,52.1722,-5.99628,-23.5259,1.83239e-10,0.0022247,0.0021024,0.00254982,1.28726e+06,0.00210415,0.00254887,0.0108196,0.00222624
jfet,VLO_VHI_k048,0.25,-24.1221,78.3042,-3.25218,-9.14719,2.82731e-10,-23.9695,82.3032,-2.98292,-8.4357,1.83239e-10,0.00211839,0.0020018,0.002385,1.28958e+06,0.00200349,0.00238414,0.0108139,0.00207532
jfet,VLO_VHI_k048,0.275,-40.8755,124.893,-2.63631,-3.78782,1.67321e-10,-40.8329,140.014,-2.4489,-3.20802,1.83239e-10,0.00202599,0.00191438,0.00224782,1.29156e+06,0.00191601,0.00224703,0.0108094,0.00195098
jfet,VLO_VHI_k048,0.3,-54.6784,2.63378,-31.6013,-56.8808,1.77304e-10,-53.3528,4.24169,-27.6259,-41.4565,1.83239e-10,0.00194471,0.00183749,0.0021314,1.29328e+06,0.00183908,0.00213067,0.0108057,0.00184649
jfet,VLO_VHI_k048,0.325,-55.0126,2.43685,-32.2744,-58.2704,1.795e-10,-53.7846,3.79933,-28.5613,-42.9588,1.83239e-10,0.00187249,0.00176919,0.00203104,1.29478e+06,0.00177074,0.00203036,0.0108027,0.00175726
jfet,VLO_VHI_k048,0.35,-55.3226,2.26763,-32.898,-59.5571,1.7285e-10,-54.1776,3.43767,-29.412,-44.3573,1.83239e-10,0.00180776,0.00170797,0.00194339,1.29612e+06,0.00170948,0.00194276,0.0108002,0.00168004
jfet,VLO_VHI_k048,0.375,-55.6117,2.12059,-33.479,-60.7563,1.82423e-10,-54.5382,3.13692,-30.1917,-45.6662,1.83239e-10,0.0017493,0.0016527,0.00186601,1.29731e+06,0.00165417,0.00186541,0.0107982,0.00161247
jfet,VLO_VHI_k048,0.4,-55.8826,1.99162,-34.023,-61.8799,1.82423e-10,-54.8714,2.88317,-30.911,-46.8968,1.83239e-10,0.00169617,0.00160246,0.00179705,1.29838e+06,0.00160391,0.00179649,0.0107965,0.00155276
jfet,VLO_VHI_k048,0.425,-56.1374,1.87754,-34.5345,-62.9377,1.82423e-10,-55.181,2.66641,-31.5783,-48.0583,1.83239e-10,0.00164761,0.00155655,0.0017351,1.29936e+06,0.00155796,0.00173457,0.010795,0.00149957
jfet,VLO_VHI_k048,0.45,-56.378,1.7759,-35.0172,-63.9376,1.82423e-10,-55.4702,2.47924,-32.2005,-49.1584,1.83239e-10,0.00160298,0.00151437,0.00167906,1.30024e+06,0.00151575,0.00167856,0.0107938,0.00145184
jfet,VLO_VHI_k048,0.475,-56.6058,1.68476,-35.4742,-64.8862,1.82423e-10,-55.7415,2.31608,-32.7831,-50.2034,1.83239e-10,0.0015618,0.00147543,0.00162805,1.30105e+06,0.00147679,0.00162757,0.0107927,0.00140874
jfet,VLO_VHI_k048,0.5,-56.8223,1.60257,-35.9081,-65.7891,1.82423e-10,-55.997,2.17265,-33.3308,-51.1987,1.83239e-10,0.00152364,0.00143936,0.00158137,1.3018e+06,0.00144069,0.00158092,0.0107919,0.0013696
jfet,VLO_VHI_k048,0.525,-57.2861,1.43724,-36.853,-67.6569,1.82423e-10,-56.4898,1.9215,-34.4072,-51.7312,1.83239e-10,0.00144488,0.00136494,0.0014948,1.30166e+06,0.0013662,0.00149436,0.010789,0.0012905
jfet,VLO_VHI_k048,0.55,-57.7034,1.3029,-37.7048,-69.319,1.82423e-10,-56.933,1.72024,-35.3804,-52.0947,1.83239e-10,0.00137743,0.0013012,0.00142089,1.3015e+06,0.0013024,0.00142047,0.010787,0.00122364
jfet,VLO_VHI_k048,0.575,-58.0825,1.19157,-38.4802,-70.8012,1.82423e-10,-57.3353,1.55853,-36.2526,-52.3253,1.83239e-10,0.00131883,0.00124583,0.00135689,1.30133e+06,0.00124698,0.00135649,0.0107855,0.00116629
jfet,VLO_VHI_k048,0.6,-58.4299,1.09781,-39.1917,-72.1198,1.82423e-10,-57.7035,1.4293,-37.0215,-52.4503,1.83239e-10,0.00126731,0.00119715,0.00130082,1.30114e+06,0.00119825,0.00130043,0.0107844,0.00111646
jfet,VLO_VHI_k048,0.625,-58.7503,1.01776,-39.8491,-73.284,1.82423e-10,-58.0426,1.32751,-37.6823,-52.4904,1.83239e-10,0.00122155,0.00115392,0.00125119,1.30093e+06,0.00115498,0.00125081,0.0107836,0.00107269
jfet,VLO_VHI_k048,0.65,-63.7685,0.288959,-50.7885,-80.2834,1.82423e-10,-63.1324,0.884899,-41.3317,-53.3504,1.72218e-10,0.000678819,0.000647931,0.000696822,1.30057e+06,0.000648522,0.000696613,0.00265128,0.000639707
jfet,VLO_VHI_k048,0.675,-75.8763,0.0309872,-70.6774,-80.095,1.82423e-10,-75.2636,0.804634,-42.2148,-53.3724,1.83239e-10,0.000167894,0.000160755,0.000172416,1.30038e+06,0.000160901,0.000172364,0.000216489,0.000168818
jfet,VLO_VHI_k048,0.7,-80.8723,0.0256214,-72.5832,-80.0872,1.82423e-10,-80.2606,0.803014,-42.2339,-53.3692,1.83239e-10,9.4446e-05,9.04415e-05,9.69901e-05,1.30035e+06,9.0524e-05,9.6961e-05,0.000101214,9.5857e-05
jfet,VLO_VHI_k048,0.725,-84.0314,0.025045,-72.8198,-80.085,1.82423e-10,-83.42,0.802668,-42.238,-53.3679,1.83239e-10,6.56471e-05,6.28657e-05,6.74155e-05,1.30034e+06,6.2923e-05,6.73953e-05,6.65394e-05,6.68745e-05
jfet,VLO_VHI_k048,0.75,-86.3444,0.0249102,-72.8764,-80.0841,1.82423e-10,-85.7332,0.802543,-42.2395,-53.3672,1.83239e-10,5.02987e-05,4.81681e-05,5.16536e-05,1.30033e+06,4.82121e-05,5.16381e-05,4.98218e-05,5.13408e-05
jfet,VLO_VHI_k048,0.775,-88.1697,0.0248628,-72.8964,-80.0835,1.82423e-10,-87.5584,0.802486,-42.2403,-53.3668,1.83239e-10,4.07655e-05,3.9039e-05,4.18636e-05,1.30033e+06,3.90746e-05,4.18511e-05,3.99167e-05,4.16616e-05
jfet,VLO_VHI_k048,0.8,-89.6772,0.0248417,-72.9053,-80.0832,1.82423e-10,-89.066,0.802456,-42.2406,-53.3665,1.83239e-10,3.427e-05,3.28187e-05,3.51931e-05,1.30032e+06,3.28487e-05,3.51826e-05,3.33385e-05,3.5053e-05
jfet,VLO_VHI_k048,0.825,-90.9613,0.0248306,-72.91,-80.083,1.82423e-10,-90.3502,0.802438,-42.2408,-53.3663,1.83239e-10,2.95601e-05,2.83084e-05,3.03564e-05,1.30032e+06,2.83342e-05,3.03473e-05,2.86413e-05,3.02543e-05
jfet,VLO_VHI_k048,0.85,-92.0798,0.0248242,-72.9128,-80.0828,1.82423e-10,-91.4686,0.802428,-42.241,-53.3662,1.83239e-10,2.59887e-05,2.48882e-05,2.66888e-05,1.30032e+06,2.49109e-05,2.66807e-05,2.51145e-05,2.66116e-05
jfet,VLO_VHI_k048,0.875,-93.0704,0.0248202,-72.9145,-80.0827,1.82423e-10,-92.4592,0.802421,-42.2411,-53.366,1.83239e-10,2.31875e-05,2.22056e-05,2.38121e-05,1.30032e+06,2.22259e-05,2.38049e-05,2.23668e-05,2.37523e-05
jfet,VLO_VHI_k048,0.9,-93.9594,0.0248176,-72.9156,-80.0826,1.82423e-10,-93.3482,0.802417,-42.2411,-53.3659,1.83239e-10,2.09316e-05,2.00453e-05,2.14955e-05,1.30032e+06,2.00636e-05,2.1489e-05,2.01647e-05,2.14481e-05
jfet,VLO_VHI_k048,0.925,-94.7657,0.0248158,-72.9164,-80.0825,1.82423e-10,-94.1545,0.802415,-42.2412,-53.3659,1.83239e-10,1.9076e-05,1.82683e-05,1.95899e-05,1.30032e+06,1.8285e-05,1.9584e-05,1.83596e-05,1.95518e-05
jfet,VLO_VHI_k048,0.95,-95.5033,0.0248145,-72.9169,-80.0824,1.82423e-10,-94.8922,0.802414,-42.2412,-53.3658,1.83239e-10,1.75228e-05,1.67809e-05,1.79948e-05,1.30032e+06,1.67962e-05,1.79894e-05,1.68528e-05,1.79639e-05
jfet,VLO_VHI_k048,0.975,-96.1832,0.0248136,-72.9173,-80.0824,1.82423e-10,-95.572,0.802414,-42.2412,-53.3658,3.14504e-10,1.62037e-05,1.55176e-05,1.66401e-05,1.30032e+06,1.55317e-05,1.66351e-05,1.55758e-05,1.66148e-05
jfet,VLO_VHI_k048,1,-96.8135,0.024813,-72.9176,-80.0823,3.17415e-10,-96.2024,0.802415,-42.2412,-53.3657,1.70473e-10,1.50694e-05,1.44313e-05,1.54753e-05,1.30032e+06,1.44445e-05,1.54707e-05,1.44798e-05,1.54545e-05
