warning, model type mismatch in line
    q121a nmiri nmiri nme1 ls350
warning, model type mismatch in line
    q121b nhi nmiri nme2 ls350

Note: No compatibility mode selected!


Circuit: tb_blocka_carichi_trim.cir - l16 scratch: tb_blocka_carichi.cir with block a loaded by the trim ladder at 0 db (1773 ohm) in parallel with the 10 k attenuator = 1506 ohm

Doing analysis at TEMP = 27.000000 and TNOM = 27.000000

Using SPARSE 1.3 as Direct Linear Solver

Initial Transient Solution
--------------------------

Node                                   Voltage
----                                   -------
vplus                                       15
vminus                                     -15
src                                          0
in                                 1.45469e-11
xa.nref                               -13.7002
xa.ncasc                               9.88658
xa.nx                                  0.97289
xa.nhi                                 13.6993
outa                                -0.0165753
fba                                 -0.0165752
xa.nrefm                              -14.3501
xa.d1n                                  9.2086
xa.g1                              9.84339e-10
xa.s1                                  0.46932
xa.d2n                                 9.20928
xa.g2                               -0.0165752
xa.s2                                 0.464444
xa.src                                 0.24819
xa.nte                                -14.3964
xa.nmiri                               13.8238
xa.nme1                                14.5293
xa.nme2                                 14.529
xa.nve                                 14.4085
xa.ny                                 -1.00631
xa.nvle                               -14.4094
xa.nbb                               -0.299223
xa.nbn                                0.971325
xa.nen                                0.307008
xa.nbp                                -1.00474
xa.nep                               -0.340401
rga                                 -0.0165752
rg10a                               -0.0165752
xf1.nref                              -13.7002
xf1.ncasc                              9.88658
xf1.nx                                0.956446
xf1.nhi                                13.6993
outf1                               -0.0331463
fbf1                                -0.0331461
xf1.nrefm                             -14.3501
xf1.d1n                                9.20861
xf1.g1                              -0.0165753
xf1.s1                                0.452827
xf1.d2n                                9.20928
xf1.g2                              -0.0331461
xf1.s2                                0.447952
xf1.src                               0.231699
xf1.nte                               -14.3964
xf1.nmiri                              13.8238
xf1.nme1                               14.5293
xf1.nme2                                14.529
xf1.nve                                14.4085
xf1.ny                                -1.02276
xf1.nvle                              -14.4094
xf1.nbb                              -0.315667
xf1.nbn                                0.95488
xf1.nen                               0.290559
xf1.nbp                               -1.02119
xf1.nep                              -0.356852
rgf1                                 -0.033146
rg10f1                              -0.0331461
xf2.nref                              -13.7002
xf2.ncasc                              9.88658
xf2.nx                                0.956446
xf2.nhi                                13.6993
outf2                               -0.0331463
fbf2                                -0.0331461
xf2.nrefm                             -14.3501
xf2.d1n                                9.20861
xf2.g1                              -0.0165753
xf2.s1                                0.452827
xf2.d2n                                9.20928
xf2.g2                              -0.0331461
xf2.s2                                0.447952
xf2.src                               0.231699
xf2.nte                               -14.3964
xf2.nmiri                              13.8238
xf2.nme1                               14.5293
xf2.nme2                                14.529
xf2.nve                                14.4085
xf2.ny                                -1.02276
xf2.nvle                              -14.4094
xf2.nbb                              -0.315667
xf2.nbn                                0.95488
xf2.nen                               0.290559
xf2.nbp                               -1.02119
xf2.nep                              -0.356852
rgf2                                 -0.033146
rg10f2                              -0.0331461
sel1                                -0.0331463
sel2                                -0.0331463
fix1                                -0.0331463
j1                                           0
fix2                                -0.0331463
j2                                           0
vin#branch                         9.69791e-12
vmm#branch                           0.0821614
vpp#branch                           -0.079081


No. of Data Rows : 401
vpa                 =  3.79988e+00 at=  4.25212e-03
vpj2                =  3.80855e+00 at=  4.25212e-03
irs1                =  1.14852e-05 from=  3.00212e-03 to=  5.00000e-03
a2x                 =  1.58243e-02 at=  3.25212e-03
a2n                 =  1.32829e-02 at=  4.75212e-03
a3x                 =  -1.33295e-02 at=  4.25212e-03
a3n                 =  -1.57996e-02 at=  3.75212e-03
f12x                =  1.45692e-02 at=  3.24712e-03
f12n                =  1.45431e-02 at=  4.74712e-03
f13x                =  -1.45490e-02 at=  4.73212e-03
f13n                =  -1.45632e-02 at=  3.22712e-03
f22x                =  1.46030e-02 at=  3.25212e-03
f22n                =  1.45092e-02 at=  4.74712e-03
f23x                =  -1.45296e-02 at=  4.25212e-03
f23n                =  -1.45826e-02 at=  3.75712e-03
cablaggio=1 f=1000 RJ1=470k  XA min 0.0132829  XF1 min 0.0145431  XF2 min 0.0145092
Doing analysis at TEMP = 27.000000 and TNOM = 27.000000

Using SPARSE 1.3 as Direct Linear Solver

Initial Transient Solution
--------------------------

Node                                   Voltage
----                                   -------
vplus                                       15
vminus                                     -15
src                                          0
in                                 1.45469e-11
xa.nref                               -13.7002
xa.ncasc                               9.88658
xa.nx                                  0.97289
xa.nhi                                 13.6993
outa                                -0.0165753
fba                                 -0.0165752
xa.nrefm                              -14.3501
xa.d1n                                  9.2086
xa.g1                              9.84339e-10
xa.s1                                  0.46932
xa.d2n                                 9.20928
xa.g2                               -0.0165752
xa.s2                                 0.464444
xa.src                                 0.24819
xa.nte                                -14.3964
xa.nmiri                               13.8238
xa.nme1                                14.5293
xa.nme2                                 14.529
xa.nve                                 14.4085
xa.ny                                 -1.00631
xa.nvle                               -14.4094
xa.nbb                               -0.299223
xa.nbn                                0.971325
xa.nen                                0.307008
xa.nbp                                -1.00474
xa.nep                               -0.340401
rga                                 -0.0165752
rg10a                               -0.0165752
xf1.nref                              -13.7002
xf1.ncasc                              9.88658
xf1.nx                                0.956446
xf1.nhi                                13.6993
outf1                               -0.0331463
fbf1                                -0.0331461
xf1.nrefm                             -14.3501
xf1.d1n                                9.20861
xf1.g1                              -0.0165753
xf1.s1                                0.452827
xf1.d2n                                9.20928
xf1.g2                              -0.0331461
xf1.s2                                0.447952
xf1.src                               0.231699
xf1.nte                               -14.3964
xf1.nmiri                              13.8238
xf1.nme1                               14.5293
xf1.nme2                                14.529
xf1.nve                                14.4085
xf1.ny                                -1.02276
xf1.nvle                              -14.4094
xf1.nbb                              -0.315667
xf1.nbn                                0.95488
xf1.nen                               0.290559
xf1.nbp                               -1.02119
xf1.nep                              -0.356852
rgf1                                 -0.033146
rg10f1                              -0.0331461
xf2.nref                              -13.7002
xf2.ncasc                              9.88658
xf2.nx                                0.956446
xf2.nhi                                13.6993
outf2                               -0.0331463
fbf2                                -0.0331461
xf2.nrefm                             -14.3501
xf2.d1n                                9.20861
xf2.g1                              -0.0165753
xf2.s1                                0.452827
xf2.d2n                                9.20928
xf2.g2                              -0.0331461
xf2.s2                                0.447952
xf2.src                               0.231699
xf2.nte                               -14.3964
xf2.nmiri                              13.8238
xf2.nme1                               14.5293
xf2.nme2                                14.529
xf2.nve                                14.4085
xf2.ny                                -1.02276
xf2.nvle                              -14.4094
xf2.nbb                              -0.315667
xf2.nbn                                0.95488
xf2.nen                               0.290559
xf2.nbp                               -1.02119
xf2.nep                              -0.356852
rgf2                                 -0.033146
rg10f2                              -0.0331461
sel1                                -0.0331463
sel2                                -0.0331463
fix1                                -0.0331463
j1                                           0
fix2                                -0.0331463
j2                                           0
vin#branch                         9.69791e-12
vmm#branch                           0.0821614
vpp#branch                           -0.079081


No. of Data Rows : 401
vpa                 =  3.79988e+00 at=  4.25211e-03
vpj2                =  3.80856e+00 at=  4.25211e-03
irs1                =  2.74376e-04 from=  3.00211e-03 to=  5.00000e-03
a2x                 =  1.58243e-02 at=  3.25211e-03
a2n                 =  1.32829e-02 at=  4.75211e-03
a3x                 =  -1.33295e-02 at=  4.25211e-03
a3n                 =  -1.57996e-02 at=  3.75211e-03
f12x                =  1.47535e-02 at=  4.25211e-03
f12n                =  1.43574e-02 at=  3.74711e-03
f13x                =  -1.43809e-02 at=  4.25211e-03
f13n                =  -1.47324e-02 at=  3.75211e-03
f22x                =  1.46030e-02 at=  3.25211e-03
f22n                =  1.45092e-02 at=  4.74711e-03
f23x                =  -1.45296e-02 at=  4.25211e-03
f23n                =  -1.45826e-02 at=  3.75711e-03
cablaggio=1 f=1000 RJ1=10k  XA min 0.0132829  XF1 min 0.0143575  XF2 min 0.0145092
Doing analysis at TEMP = 27.000000 and TNOM = 27.000000

Using SPARSE 1.3 as Direct Linear Solver

Initial Transient Solution
--------------------------

Node                                   Voltage
----                                   -------
vplus                                       15
vminus                                     -15
src                                          0
in                                 1.45469e-11
xa.nref                               -13.7002
xa.ncasc                               9.88658
xa.nx                                  0.97289
xa.nhi                                 13.6993
outa                                -0.0165753
fba                                 -0.0165752
xa.nrefm                              -14.3501
xa.d1n                                  9.2086
xa.g1                              9.84339e-10
xa.s1                                  0.46932
xa.d2n                                 9.20928
xa.g2                               -0.0165752
xa.s2                                 0.464444
xa.src                                 0.24819
xa.nte                                -14.3964
xa.nmiri                               13.8238
xa.nme1                                14.5293
xa.nme2                                 14.529
xa.nve                                 14.4085
xa.ny                                 -1.00631
xa.nvle                               -14.4094
xa.nbb                               -0.299223
xa.nbn                                0.971325
xa.nen                                0.307008
xa.nbp                                -1.00474
xa.nep                               -0.340401
rga                                 -0.0165752
rg10a                               -0.0165752
xf1.nref                              -13.7002
xf1.ncasc                              9.88658
xf1.nx                                0.956446
xf1.nhi                                13.6993
outf1                               -0.0331463
fbf1                                -0.0331461
xf1.nrefm                             -14.3501
xf1.d1n                                9.20861
xf1.g1                              -0.0165753
xf1.s1                                0.452827
xf1.d2n                                9.20928
xf1.g2                              -0.0331461
xf1.s2                                0.447952
xf1.src                               0.231699
xf1.nte                               -14.3964
xf1.nmiri                              13.8238
xf1.nme1                               14.5293
xf1.nme2                                14.529
xf1.nve                                14.4085
xf1.ny                                -1.02276
xf1.nvle                              -14.4094
xf1.nbb                              -0.315667
xf1.nbn                                0.95488
xf1.nen                               0.290559
xf1.nbp                               -1.02119
xf1.nep                              -0.356852
rgf1                                 -0.033146
rg10f1                              -0.0331461
xf2.nref                              -13.7002
xf2.ncasc                              9.88658
xf2.nx                                0.956446
xf2.nhi                                13.6993
outf2                               -0.0331463
fbf2                                -0.0331461
xf2.nrefm                             -14.3501
xf2.d1n                                9.20861
xf2.g1                              -0.0165753
xf2.s1                                0.452827
xf2.d2n                                9.20928
xf2.g2                              -0.0331461
xf2.s2                                0.447952
xf2.src                               0.231699
xf2.nte                               -14.3964
xf2.nmiri                              13.8238
xf2.nme1                               14.5293
xf2.nme2                                14.529
xf2.nve                                14.4085
xf2.ny                                -1.02276
xf2.nvle                              -14.4094
xf2.nbb                              -0.315667
xf2.nbn                                0.95488
xf2.nen                               0.290559
xf2.nbp                               -1.02119
xf2.nep                              -0.356852
rgf2                                 -0.033146
rg10f2                              -0.0331461
sel1                                -0.0331463
sel2                                -0.0331463
fix1                                -0.0331463
j1                                           0
fix2                                -0.0331463
j2                                           0
vin#branch                         9.69791e-12
vmm#branch                           0.0821614
vpp#branch                           -0.079081


No. of Data Rows : 401
vpa                 =  3.79996e+00 at=  4.25183e-03
vpj2                =  3.80864e+00 at=  4.25183e-03
irs1                =  2.58011e-03 from=  3.00183e-03 to=  5.00000e-03
a2x                 =  1.58244e-02 at=  3.25183e-03
a2n                 =  1.32829e-02 at=  4.75183e-03
a3x                 =  -1.33295e-02 at=  4.25183e-03
a3n                 =  -1.57997e-02 at=  3.75183e-03
f12x                =  1.63603e-02 at=  4.24683e-03
f12n                =  1.27133e-02 at=  3.74683e-03
f13x                =  -1.28074e-02 at=  4.24683e-03
f13n                =  -1.63700e-02 at=  3.74683e-03
f22x                =  1.46030e-02 at=  3.25183e-03
f22n                =  1.45092e-02 at=  4.74683e-03
f23x                =  -1.45296e-02 at=  4.25183e-03
f23n                =  -1.45826e-02 at=  3.75683e-03
cablaggio=1 f=1000 RJ1=1k  XA min 0.0132829  XF1 min 0.0127133  XF2 min 0.0145092
Doing analysis at TEMP = 27.000000 and TNOM = 27.000000

Using SPARSE 1.3 as Direct Linear Solver

Initial Transient Solution
--------------------------

Node                                   Voltage
----                                   -------
vplus                                       15
vminus                                     -15
src                                          0
in                                 1.45469e-11
xa.nref                               -13.7002
xa.ncasc                               9.88658
xa.nx                                  0.97289
xa.nhi                                 13.6993
outa                                -0.0165753
fba                                 -0.0165752
xa.nrefm                              -14.3501
xa.d1n                                  9.2086
xa.g1                              9.84339e-10
xa.s1                                  0.46932
xa.d2n                                 9.20928
xa.g2                               -0.0165752
xa.s2                                 0.464444
xa.src                                 0.24819
xa.nte                                -14.3964
xa.nmiri                               13.8238
xa.nme1                                14.5293
xa.nme2                                 14.529
xa.nve                                 14.4085
xa.ny                                 -1.00631
xa.nvle                               -14.4094
xa.nbb                               -0.299223
xa.nbn                                0.971325
xa.nen                                0.307008
xa.nbp                                -1.00474
xa.nep                               -0.340401
rga                                 -0.0165752
rg10a                               -0.0165752
xf1.nref                              -13.7002
xf1.ncasc                              9.88658
xf1.nx                                0.956446
xf1.nhi                                13.6993
outf1                               -0.0331463
fbf1                                -0.0331461
xf1.nrefm                             -14.3501
xf1.d1n                                9.20861
xf1.g1                              -0.0165753
xf1.s1                                0.452827
xf1.d2n                                9.20928
xf1.g2                              -0.0331461
xf1.s2                                0.447952
xf1.src                               0.231699
xf1.nte                               -14.3964
xf1.nmiri                              13.8238
xf1.nme1                               14.5293
xf1.nme2                                14.529
xf1.nve                                14.4085
xf1.ny                                -1.02276
xf1.nvle                              -14.4094
xf1.nbb                              -0.315667
xf1.nbn                                0.95488
xf1.nen                               0.290559
xf1.nbp                               -1.02119
xf1.nep                              -0.356852
rgf1                                 -0.033146
rg10f1                              -0.0331461
xf2.nref                              -13.7002
xf2.ncasc                              9.88658
xf2.nx                                0.956446
xf2.nhi                                13.6993
outf2                               -0.0331463
fbf2                                -0.0331461
xf2.nrefm                             -14.3501
xf2.d1n                                9.20861
xf2.g1                              -0.0165753
xf2.s1                                0.452827
xf2.d2n                                9.20928
xf2.g2                              -0.0331461
xf2.s2                                0.447952
xf2.src                               0.231699
xf2.nte                               -14.3964
xf2.nmiri                              13.8238
xf2.nme1                               14.5293
xf2.nme2                                14.529
xf2.nve                                14.4085
xf2.ny                                -1.02276
xf2.nvle                              -14.4094
xf2.nbb                              -0.315667
xf2.nbn                                0.95488
xf2.nen                               0.290559
xf2.nbp                               -1.02119
xf2.nep                              -0.356852
rgf2                                 -0.033146
rg10f2                              -0.0331461
sel1                                -0.0331463
sel2                                -0.0331463
fix1                                -0.0331463
j1                                           0
fix2                                -0.0331463
j2                                           0
vin#branch                         9.69791e-12
vmm#branch                           0.0821614
vpp#branch                           -0.079081


No. of Data Rows : 401
vpa                 =  3.80018e+00 at=  4.24999e-03
vpj2                =  3.80885e+00 at=  4.24999e-03
irs1                =  1.78970e-02 from=  3.00499e-03 to=  5.00000e-03
a2x                 =  1.58244e-02 at=  3.24999e-03
a2n                 =  1.32828e-02 at=  4.74999e-03
a3x                 =  -1.33294e-02 at=  4.24999e-03
a3n                 =  -1.57997e-02 at=  3.74999e-03
f12x                =  2.77356e-02 at=  4.21499e-03
f12n                =  2.55523e-03 at=  3.71499e-03
f13x                =  -2.72773e-03 at=  4.21499e-03
f13n                =  -2.76028e-02 at=  3.71499e-03
f22x                =  1.46031e-02 at=  3.24999e-03
f22n                =  1.45092e-02 at=  4.74999e-03
f23x                =  -1.45296e-02 at=  4.25499e-03
f23n                =  -1.45826e-02 at=  3.75499e-03
cablaggio=1 f=1000 RJ1=100  XA min 0.0132828  XF1 min 0.00255523  XF2 min 0.0145092
Doing analysis at TEMP = 27.000000 and TNOM = 27.000000

Using SPARSE 1.3 as Direct Linear Solver

Initial Transient Solution
--------------------------

Node                                   Voltage
----                                   -------
vplus                                       15
vminus                                     -15
src                                          0
in                                 1.45469e-11
xa.nref                               -13.7002
xa.ncasc                               9.88658
xa.nx                                  0.97289
xa.nhi                                 13.6993
outa                                -0.0165753
fba                                 -0.0165752
xa.nrefm                              -14.3501
xa.d1n                                  9.2086
xa.g1                              9.84339e-10
xa.s1                                  0.46932
xa.d2n                                 9.20928
xa.g2                               -0.0165752
xa.s2                                 0.464444
xa.src                                 0.24819
xa.nte                                -14.3964
xa.nmiri                               13.8238
xa.nme1                                14.5293
xa.nme2                                 14.529
xa.nve                                 14.4085
xa.ny                                 -1.00631
xa.nvle                               -14.4094
xa.nbb                               -0.299223
xa.nbn                                0.971325
xa.nen                                0.307008
xa.nbp                                -1.00474
xa.nep                               -0.340401
rga                                 -0.0165752
rg10a                               -0.0165752
xf1.nref                              -13.7002
xf1.ncasc                              9.88658
xf1.nx                                0.956446
xf1.nhi                                13.6993
outf1                               -0.0331463
fbf1                                -0.0331461
xf1.nrefm                             -14.3501
xf1.d1n                                9.20861
xf1.g1                              -0.0165753
xf1.s1                                0.452827
xf1.d2n                                9.20928
xf1.g2                              -0.0331461
xf1.s2                                0.447952
xf1.src                               0.231699
xf1.nte                               -14.3964
xf1.nmiri                              13.8238
xf1.nme1                               14.5293
xf1.nme2                                14.529
xf1.nve                                14.4085
xf1.ny                                -1.02276
xf1.nvle                              -14.4094
xf1.nbb                              -0.315667
xf1.nbn                                0.95488
xf1.nen                               0.290559
xf1.nbp                               -1.02119
xf1.nep                              -0.356852
rgf1                                 -0.033146
rg10f1                              -0.0331461
xf2.nref                              -13.7002
xf2.ncasc                              9.88658
xf2.nx                                0.956446
xf2.nhi                                13.6993
outf2                               -0.0331463
fbf2                                -0.0331461
xf2.nrefm                             -14.3501
xf2.d1n                                9.20861
xf2.g1                              -0.0165753
xf2.s1                                0.452827
xf2.d2n                                9.20928
xf2.g2                              -0.0331461
xf2.s2                                0.447952
xf2.src                               0.231699
xf2.nte                               -14.3964
xf2.nmiri                              13.8238
xf2.nme1                               14.5293
xf2.nme2                                14.529
xf2.nve                                14.4085
xf2.ny                                -1.02276
xf2.nvle                              -14.4094
xf2.nbb                              -0.315667
xf2.nbn                                0.95488
xf2.nen                               0.290559
xf2.nbp                               -1.02119
xf2.nep                              -0.356852
rgf2                                 -0.033146
rg10f2                              -0.0331461
sel1                                -0.0331463
sel2                                -0.0331463
fix1                                -0.0331463
j1                                           0
fix2                                -0.0331463
j2                                           0
vin#branch                         9.69791e-12
vmm#branch                           0.0821614
vpp#branch                           -0.079081


No. of Data Rows : 401
vpa                 =  3.80014e+00 at=  4.24937e-03
vpj2                =  3.80881e+00 at=  4.24937e-03
irs1                =  2.70186e-02 from=  3.00437e-03 to=  5.00000e-03
a2x                 =  1.58244e-02 at=  3.24937e-03
a2n                 =  1.32829e-02 at=  4.74937e-03
a3x                 =  -1.33294e-02 at=  4.24937e-03
a3n                 =  -1.57997e-02 at=  3.74937e-03
f12x                =  3.77707e-02 at=  4.19437e-03
f12n                =  2.36652e-06 at=  3.69437e-03
f13x                =  -3.82155e-06 at=  4.19437e-03
f13n                =  -3.77753e-02 at=  3.69437e-03
f22x                =  1.46031e-02 at=  3.24937e-03
f22n                =  1.45092e-02 at=  4.74937e-03
f23x                =  -1.45296e-02 at=  4.25437e-03
f23n                =  -1.45826e-02 at=  3.75937e-03
cablaggio=1 f=1000 RJ1=47  XA min 0.0132828  XF1 min 2.36652E-06  XF2 min 0.0145092
Doing analysis at TEMP = 27.000000 and TNOM = 27.000000

Using SPARSE 1.3 as Direct Linear Solver

Initial Transient Solution
--------------------------

Node                                   Voltage
----                                   -------
vplus                                       15
vminus                                     -15
src                                          0
in                                 1.45469e-11
xa.nref                               -13.7002
xa.ncasc                               9.88658
xa.nx                                  0.97289
xa.nhi                                 13.6993
outa                                -0.0165753
fba                                 -0.0165752
xa.nrefm                              -14.3501
xa.d1n                                  9.2086
xa.g1                              9.84339e-10
xa.s1                                  0.46932
xa.d2n                                 9.20928
xa.g2                               -0.0165752
xa.s2                                 0.464444
xa.src                                 0.24819
xa.nte                                -14.3964
xa.nmiri                               13.8238
xa.nme1                                14.5293
xa.nme2                                 14.529
xa.nve                                 14.4085
xa.ny                                 -1.00631
xa.nvle                               -14.4094
xa.nbb                               -0.299223
xa.nbn                                0.971325
xa.nen                                0.307008
xa.nbp                                -1.00474
xa.nep                               -0.340401
rga                                 -0.0165752
rg10a                               -0.0165752
xf1.nref                              -13.7002
xf1.ncasc                              9.88658
xf1.nx                                0.956446
xf1.nhi                                13.6993
outf1                               -0.0331463
fbf1                                -0.0331461
xf1.nrefm                             -14.3501
xf1.d1n                                9.20861
xf1.g1                              -0.0165753
xf1.s1                                0.452827
xf1.d2n                                9.20928
xf1.g2                              -0.0331461
xf1.s2                                0.447952
xf1.src                               0.231699
xf1.nte                               -14.3964
xf1.nmiri                              13.8238
xf1.nme1                               14.5293
xf1.nme2                                14.529
xf1.nve                                14.4085
xf1.ny                                -1.02276
xf1.nvle                              -14.4094
xf1.nbb                              -0.315667
xf1.nbn                                0.95488
xf1.nen                               0.290559
xf1.nbp                               -1.02119
xf1.nep                              -0.356852
rgf1                                 -0.033146
rg10f1                              -0.0331461
xf2.nref                              -13.7002
xf2.ncasc                              9.88658
xf2.nx                                0.956446
xf2.nhi                                13.6993
outf2                               -0.0331463
fbf2                                -0.0331461
xf2.nrefm                             -14.3501
xf2.d1n                                9.20861
xf2.g1                              -0.0165753
xf2.s1                                0.452827
xf2.d2n                                9.20928
xf2.g2                              -0.0331461
xf2.s2                                0.447952
xf2.src                               0.231699
xf2.nte                               -14.3964
xf2.nmiri                              13.8238
xf2.nme1                               14.5293
xf2.nme2                                14.529
xf2.nve                                14.4085
xf2.ny                                -1.02276
xf2.nvle                              -14.4094
xf2.nbb                              -0.315667
xf2.nbn                                0.95488
xf2.nen                               0.290559
xf2.nbp                               -1.02119
xf2.nep                              -0.356852
rgf2                                 -0.033146
rg10f2                              -0.0331461
sel1                                -0.0331463
sel2                                -0.0331463
fix1                                -0.0331463
j1                                           0
fix2                                -0.0331463
j2                                           0
vin#branch                         9.69791e-12
vmm#branch                           0.0821614
vpp#branch                           -0.079081


No. of Data Rows : 401
vpa                 =  3.80008e+00 at=  4.24898e-03
vpj2                =  3.80876e+00 at=  4.24898e-03
irs1                =  3.51127e-02 from=  3.00398e-03 to=  5.00000e-03
a2x                 =  1.58244e-02 at=  3.24898e-03
a2n                 =  1.32829e-02 at=  4.74898e-03
a3x                 =  -1.33295e-02 at=  4.24898e-03
a3n                 =  -1.57997e-02 at=  3.74898e-03
f12x                =  4.90902e-02 at=  4.17898e-03
f12n                =  -9.53812e-08 at=  4.76398e-03
f13x                =  1.00342e-07 at=  4.25898e-03
f13n                =  -4.90937e-02 at=  3.67898e-03
f22x                =  1.46031e-02 at=  3.24898e-03
f22n                =  1.45092e-02 at=  4.74898e-03
f23x                =  -1.45296e-02 at=  4.25398e-03
f23n                =  -1.45826e-02 at=  3.75898e-03
cablaggio=1 f=1000 RJ1=22  XA min 0.0132829  XF1 min -9.53812E-08  XF2 min 0.0145092
Doing analysis at TEMP = 27.000000 and TNOM = 27.000000

Using SPARSE 1.3 as Direct Linear Solver

Initial Transient Solution
--------------------------

Node                                   Voltage
----                                   -------
vplus                                       15
vminus                                     -15
src                                          0
in                                 1.45469e-11
xa.nref                               -13.7002
xa.ncasc                               9.88658
xa.nx                                  0.97289
xa.nhi                                 13.6993
outa                                -0.0165753
fba                                 -0.0165752
xa.nrefm                              -14.3501
xa.d1n                                  9.2086
xa.g1                              9.84339e-10
xa.s1                                  0.46932
xa.d2n                                 9.20928
xa.g2                               -0.0165752
xa.s2                                 0.464444
xa.src                                 0.24819
xa.nte                                -14.3964
xa.nmiri                               13.8238
xa.nme1                                14.5293
xa.nme2                                 14.529
xa.nve                                 14.4085
xa.ny                                 -1.00631
xa.nvle                               -14.4094
xa.nbb                               -0.299223
xa.nbn                                0.971325
xa.nen                                0.307008
xa.nbp                                -1.00474
xa.nep                               -0.340401
rga                                 -0.0165752
rg10a                               -0.0165752
xf1.nref                              -13.7002
xf1.ncasc                              9.88658
xf1.nx                                0.956446
xf1.nhi                                13.6993
outf1                               -0.0331463
fbf1                                -0.0331461
xf1.nrefm                             -14.3501
xf1.d1n                                9.20861
xf1.g1                              -0.0165753
xf1.s1                                0.452827
xf1.d2n                                9.20928
xf1.g2                              -0.0331461
xf1.s2                                0.447952
xf1.src                               0.231699
xf1.nte                               -14.3964
xf1.nmiri                              13.8238
xf1.nme1                               14.5293
xf1.nme2                                14.529
xf1.nve                                14.4085
xf1.ny                                -1.02276
xf1.nvle                              -14.4094
xf1.nbb                              -0.315667
xf1.nbn                                0.95488
xf1.nen                               0.290559
xf1.nbp                               -1.02119
xf1.nep                              -0.356852
rgf1                                 -0.033146
rg10f1                              -0.0331461
xf2.nref                              -13.7002
xf2.ncasc                              9.88658
xf2.nx                                0.956446
xf2.nhi                                13.6993
outf2                               -0.0331463
fbf2                                -0.0331461
xf2.nrefm                             -14.3501
xf2.d1n                                9.20861
xf2.g1                              -0.0165753
xf2.s1                                0.452827
xf2.d2n                                9.20928
xf2.g2                              -0.0331461
xf2.s2                                0.447952
xf2.src                               0.231699
xf2.nte                               -14.3964
xf2.nmiri                              13.8238
xf2.nme1                               14.5293
xf2.nme2                                14.529
xf2.nve                                14.4085
xf2.ny                                -1.02276
xf2.nvle                              -14.4094
xf2.nbb                              -0.315667
xf2.nbn                                0.95488
xf2.nen                               0.290559
xf2.nbp                               -1.02119
xf2.nep                              -0.356852
rgf2                                 -0.033146
rg10f2                              -0.0331461
sel1                                -0.0331463
sel2                                -0.0331463
fix1                                -0.0331463
j1                                           0
fix2                                -0.0331463
j2                                           0
vin#branch                         9.69791e-12
vmm#branch                           0.0821614
vpp#branch                           -0.079081


No. of Data Rows : 401
vpa                 =  3.80006e+00 at=  4.24883e-03
vpj2                =  3.80873e+00 at=  4.24883e-03
irs1                =  4.06994e-02 from=  3.00383e-03 to=  5.00000e-03
a2x                 =  1.58244e-02 at=  3.24883e-03
a2n                 =  1.32829e-02 at=  4.74883e-03
a3x                 =  -1.33295e-02 at=  4.24883e-03
a3n                 =  -1.57997e-02 at=  3.74883e-03
f12x                =  5.69083e-02 at=  4.16383e-03
f12n                =  -2.18435e-07 at=  4.77883e-03
f13x                =  2.37524e-07 at=  4.27383e-03
f13n                =  -5.69123e-02 at=  3.66383e-03
f22x                =  1.46030e-02 at=  3.24883e-03
f22n                =  1.45092e-02 at=  4.74883e-03
f23x                =  -1.45296e-02 at=  4.25383e-03
f23n                =  -1.45826e-02 at=  3.75883e-03
cablaggio=1 f=1000 RJ1=10  XA min 0.0132829  XF1 min -2.18435E-07  XF2 min 0.0145092
Doing analysis at TEMP = 27.000000 and TNOM = 27.000000

Using SPARSE 1.3 as Direct Linear Solver

Initial Transient Solution
--------------------------

Node                                   Voltage
----                                   -------
vplus                                       15
vminus                                     -15
src                                          0
in                                 1.45469e-11
xa.nref                               -13.7002
xa.ncasc                               9.88658
xa.nx                                  0.97289
xa.nhi                                 13.6993
outa                                -0.0165753
fba                                 -0.0165752
xa.nrefm                              -14.3501
xa.d1n                                  9.2086
xa.g1                              9.84339e-10
xa.s1                                  0.46932
xa.d2n                                 9.20928
xa.g2                               -0.0165752
xa.s2                                 0.464444
xa.src                                 0.24819
xa.nte                                -14.3964
xa.nmiri                               13.8238
xa.nme1                                14.5293
xa.nme2                                 14.529
xa.nve                                 14.4085
xa.ny                                 -1.00631
xa.nvle                               -14.4094
xa.nbb                               -0.299223
xa.nbn                                0.971325
xa.nen                                0.307008
xa.nbp                                -1.00474
xa.nep                               -0.340401
rga                                 -0.0165752
rg10a                               -0.0165752
xf1.nref                              -13.7002
xf1.ncasc                              9.88658
xf1.nx                                0.956446
xf1.nhi                                13.6993
outf1                               -0.0331463
fbf1                                -0.0331461
xf1.nrefm                             -14.3501
xf1.d1n                                9.20861
xf1.g1                              -0.0165753
xf1.s1                                0.452827
xf1.d2n                                9.20928
xf1.g2                              -0.0331461
xf1.s2                                0.447952
xf1.src                               0.231699
xf1.nte                               -14.3964
xf1.nmiri                              13.8238
xf1.nme1                               14.5293
xf1.nme2                                14.529
xf1.nve                                14.4085
xf1.ny                                -1.02276
xf1.nvle                              -14.4094
xf1.nbb                              -0.315667
xf1.nbn                                0.95488
xf1.nen                               0.290559
xf1.nbp                               -1.02119
xf1.nep                              -0.356852
rgf1                                 -0.033146
rg10f1                              -0.0331461
xf2.nref                              -13.7002
xf2.ncasc                              9.88658
xf2.nx                                0.956446
xf2.nhi                                13.6993
outf2                               -0.0331463
fbf2                                -0.0331461
xf2.nrefm                             -14.3501
xf2.d1n                                9.20861
xf2.g1                              -0.0165753
xf2.s1                                0.452827
xf2.d2n                                9.20928
xf2.g2                              -0.0331461
xf2.s2                                0.447952
xf2.src                               0.231699
xf2.nte                               -14.3964
xf2.nmiri                              13.8238
xf2.nme1                               14.5293
xf2.nme2                                14.529
xf2.nve                                14.4085
xf2.ny                                -1.02276
xf2.nvle                              -14.4094
xf2.nbb                              -0.315667
xf2.nbn                                0.95488
xf2.nen                               0.290559
xf2.nbp                               -1.02119
xf2.nep                              -0.356852
rgf2                                 -0.033146
rg10f2                              -0.0331461
sel1                                -0.0331463
sel2                                -0.0331463
fix1                                -0.0331463
j1                                           0
fix2                                -0.0331463
j2                                           0
vin#branch                         9.69791e-12
vmm#branch                           0.0821614
vpp#branch                           -0.079081


No. of Data Rows : 401
vpa                 =  3.80001e+00 at=  4.24861e-03
vpj2                =  3.80868e+00 at=  4.24861e-03
irs1                =  4.59287e-02 from=  3.00361e-03 to=  5.00000e-03
a2x                 =  1.58244e-02 at=  3.24861e-03
a2n                 =  1.32829e-02 at=  4.74861e-03
a3x                 =  -1.33295e-02 at=  4.24861e-03
a3n                 =  -1.57996e-02 at=  3.74861e-03
f12x                =  6.42289e-02 at=  4.15361e-03
f12n                =  -2.89434e-07 at=  4.78361e-03
f13x                =  3.17513e-07 at=  4.27861e-03
f13n                =  -6.42336e-02 at=  3.65361e-03
f22x                =  1.46030e-02 at=  3.24861e-03
f22n                =  1.45092e-02 at=  4.74861e-03
f23x                =  -1.45296e-02 at=  4.25361e-03
f23n                =  -1.45826e-02 at=  3.75861e-03
cablaggio=1 f=1000 RJ1=1  XA min 0.0132829  XF1 min -2.89434E-07  XF2 min 0.0145092
Doing analysis at TEMP = 27.000000 and TNOM = 27.000000

Using SPARSE 1.3 as Direct Linear Solver

Initial Transient Solution
--------------------------

Node                                   Voltage
----                                   -------
vplus                                       15
vminus                                     -15
src                                          0
in                                 1.45469e-11
xa.nref                               -13.7002
xa.ncasc                               9.88658
xa.nx                                  0.97289
xa.nhi                                 13.6993
outa                                -0.0165753
fba                                 -0.0165752
xa.nrefm                              -14.3501
xa.d1n                                  9.2086
xa.g1                              9.84339e-10
xa.s1                                  0.46932
xa.d2n                                 9.20928
xa.g2                               -0.0165752
xa.s2                                 0.464444
xa.src                                 0.24819
xa.nte                                -14.3964
xa.nmiri                               13.8238
xa.nme1                                14.5293
xa.nme2                                 14.529
xa.nve                                 14.4085
xa.ny                                 -1.00631
xa.nvle                               -14.4094
xa.nbb                               -0.299223
xa.nbn                                0.971325
xa.nen                                0.307008
xa.nbp                                -1.00474
xa.nep                               -0.340401
rga                                 -0.0165752
rg10a                               -0.0165752
xf1.nref                              -13.7002
xf1.ncasc                              9.88658
xf1.nx                                0.956446
xf1.nhi                                13.6993
outf1                               -0.0331463
fbf1                                -0.0331461
xf1.nrefm                             -14.3501
xf1.d1n                                9.20861
xf1.g1                              -0.0165753
xf1.s1                                0.452827
xf1.d2n                                9.20928
xf1.g2                              -0.0331461
xf1.s2                                0.447952
xf1.src                               0.231699
xf1.nte                               -14.3964
xf1.nmiri                              13.8238
xf1.nme1                               14.5293
xf1.nme2                                14.529
xf1.nve                                14.4085
xf1.ny                                -1.02276
xf1.nvle                              -14.4094
xf1.nbb                              -0.315667
xf1.nbn                                0.95488
xf1.nen                               0.290559
xf1.nbp                               -1.02119
xf1.nep                              -0.356852
rgf1                                 -0.033146
rg10f1                              -0.0331461
xf2.nref                              -13.7002
xf2.ncasc                              9.88658
xf2.nx                                0.956446
xf2.nhi                                13.6993
outf2                               -0.0331463
fbf2                                -0.0331461
xf2.nrefm                             -14.3501
xf2.d1n                                9.20861
xf2.g1                              -0.0165753
xf2.s1                                0.452827
xf2.d2n                                9.20928
xf2.g2                              -0.0331461
xf2.s2                                0.447952
xf2.src                               0.231699
xf2.nte                               -14.3964
xf2.nmiri                              13.8238
xf2.nme1                               14.5293
xf2.nme2                                14.529
xf2.nve                                14.4085
xf2.ny                                -1.02276
xf2.nvle                              -14.4094
xf2.nbb                              -0.315667
xf2.nbn                                0.95488
xf2.nen                               0.290559
xf2.nbp                               -1.02119
xf2.nep                              -0.356852
rgf2                                 -0.033146
rg10f2                              -0.0331461
sel1                                -0.0331463
sel2                                -0.0331463
fix1                                -0.0331463
j1                                           0
fix2                                -0.0331463
j2                                           0
vin#branch                         9.69791e-12
vmm#branch                           0.0821614
vpp#branch                           -0.079081


No. of Data Rows : 401
vpa                 =  3.80000e+00 at=  4.24859e-03
vpj2                =  3.80868e+00 at=  4.24859e-03
irs1                =  4.65670e-02 from=  3.00359e-03 to=  5.00000e-03
a2x                 =  1.58244e-02 at=  3.24859e-03
a2n                 =  1.32829e-02 at=  4.74859e-03
a3x                 =  -1.33295e-02 at=  4.24859e-03
a3n                 =  -1.57996e-02 at=  3.74859e-03
f12x                =  6.51165e-02 at=  4.14859e-03
f12n                =  -2.81944e-07 at=  4.78359e-03
f13x                =  3.21977e-07 at=  4.28359e-03
f13n                =  -6.51212e-02 at=  3.64859e-03
f22x                =  1.46030e-02 at=  3.24859e-03
f22n                =  1.45092e-02 at=  4.74859e-03
f23x                =  -1.45296e-02 at=  4.25359e-03
f23n                =  -1.45826e-02 at=  3.75859e-03
cablaggio=1 f=1000 RJ1=0.01  XA min 0.0132829  XF1 min -2.81944E-07  XF2 min 0.0145092
Doing analysis at TEMP = 27.000000 and TNOM = 27.000000

Using SPARSE 1.3 as Direct Linear Solver

Initial Transient Solution
--------------------------

Node                                   Voltage
----                                   -------
vplus                                       15
vminus                                     -15
src                                          0
in                                 1.45469e-11
xa.nref                               -13.7002
xa.ncasc                               9.88658
xa.nx                                  0.97289
xa.nhi                                 13.6993
outa                                -0.0165753
fba                                 -0.0165752
xa.nrefm                              -14.3501
xa.d1n                                  9.2086
xa.g1                              9.84339e-10
xa.s1                                  0.46932
xa.d2n                                 9.20928
xa.g2                               -0.0165752
xa.s2                                 0.464444
xa.src                                 0.24819
xa.nte                                -14.3964
xa.nmiri                               13.8238
xa.nme1                                14.5293
xa.nme2                                 14.529
xa.nve                                 14.4085
xa.ny                                 -1.00631
xa.nvle                               -14.4094
xa.nbb                               -0.299223
xa.nbn                                0.971325
xa.nen                                0.307008
xa.nbp                                -1.00474
xa.nep                               -0.340401
rga                                 -0.0165752
rg10a                               -0.0165752
xf1.nref                              -13.7002
xf1.ncasc                              9.88658
xf1.nx                                0.956446
xf1.nhi                                13.6993
outf1                               -0.0331463
fbf1                                -0.0331461
xf1.nrefm                             -14.3501
xf1.d1n                                9.20861
xf1.g1                              -0.0165753
xf1.s1                                0.452827
xf1.d2n                                9.20928
xf1.g2                              -0.0331461
xf1.s2                                0.447952
xf1.src                               0.231699
xf1.nte                               -14.3964
xf1.nmiri                              13.8238
xf1.nme1                               14.5293
xf1.nme2                                14.529
xf1.nve                                14.4085
xf1.ny                                -1.02276
xf1.nvle                              -14.4094
xf1.nbb                              -0.315667
xf1.nbn                                0.95488
xf1.nen                               0.290559
xf1.nbp                               -1.02119
xf1.nep                              -0.356852
rgf1                                 -0.033146
rg10f1                              -0.0331461
xf2.nref                              -13.7002
xf2.ncasc                              9.88658
xf2.nx                                0.956446
xf2.nhi                                13.6993
outf2                               -0.0331463
fbf2                                -0.0331461
xf2.nrefm                             -14.3501
xf2.d1n                                9.20861
xf2.g1                              -0.0165753
xf2.s1                                0.452827
xf2.d2n                                9.20928
xf2.g2                              -0.0331461
xf2.s2                                0.447952
xf2.src                               0.231699
xf2.nte                               -14.3964
xf2.nmiri                              13.8238
xf2.nme1                               14.5293
xf2.nme2                                14.529
xf2.nve                                14.4085
xf2.ny                                -1.02276
xf2.nvle                              -14.4094
xf2.nbb                              -0.315667
xf2.nbn                                0.95488
xf2.nen                               0.290559
xf2.nbp                               -1.02119
xf2.nep                              -0.356852
rgf2                                 -0.033146
rg10f2                              -0.0331461
sel1                                -0.0331463
sel2                                -0.0331463
fix1                                -0.0331463
j1                                           0
fix2                                -0.0331463
j2                                           0
vin#branch                         9.69791e-12
vmm#branch                           0.0821614
vpp#branch                           -0.079081

 Reference value :  3.00006e-03
No. of Data Rows : 8001
vpa                 =  3.80181e+00 at=  4.96256e-03
vpj2                =  3.81481e+00 at=  4.96281e-03
irs1                =  1.14897e-05 from=  3.00006e-03 to=  5.00000e-03
a2x                 =  1.58250e-02 at=  3.01256e-03
a2n                 =  1.32822e-02 at=  4.98756e-03
a3x                 =  -1.33287e-02 at=  4.96281e-03
a3n                 =  -1.58006e-02 at=  3.03781e-03
f12x                =  1.45694e-02 at=  3.01131e-03
f12n                =  1.45411e-02 at=  4.98406e-03
f13x                =  -1.45360e-02 at=  4.97931e-03
f13n                =  -1.45757e-02 at=  3.00156e-03
f22x                =  1.46032e-02 at=  3.01256e-03
f22n                =  1.45084e-02 at=  4.98631e-03
f23x                =  -1.45255e-02 at=  4.96681e-03
f23n                =  -1.45907e-02 at=  3.04306e-03
cablaggio=1 f=20000 RJ1=470k  XA min 0.0132822  XF1 min 0.0145411  XF2 min 0.0145084
Doing analysis at TEMP = 27.000000 and TNOM = 27.000000

Using SPARSE 1.3 as Direct Linear Solver

Initial Transient Solution
--------------------------

Node                                   Voltage
----                                   -------
vplus                                       15
vminus                                     -15
src                                          0
in                                 1.45469e-11
xa.nref                               -13.7002
xa.ncasc                               9.88658
xa.nx                                  0.97289
xa.nhi                                 13.6993
outa                                -0.0165753
fba                                 -0.0165752
xa.nrefm                              -14.3501
xa.d1n                                  9.2086
xa.g1                              9.84339e-10
xa.s1                                  0.46932
xa.d2n                                 9.20928
xa.g2                               -0.0165752
xa.s2                                 0.464444
xa.src                                 0.24819
xa.nte                                -14.3964
xa.nmiri                               13.8238
xa.nme1                                14.5293
xa.nme2                                 14.529
xa.nve                                 14.4085
xa.ny                                 -1.00631
xa.nvle                               -14.4094
xa.nbb                               -0.299223
xa.nbn                                0.971325
xa.nen                                0.307008
xa.nbp                                -1.00474
xa.nep                               -0.340401
rga                                 -0.0165752
rg10a                               -0.0165752
xf1.nref                              -13.7002
xf1.ncasc                              9.88658
xf1.nx                                0.956446
xf1.nhi                                13.6993
outf1                               -0.0331463
fbf1                                -0.0331461
xf1.nrefm                             -14.3501
xf1.d1n                                9.20861
xf1.g1                              -0.0165753
xf1.s1                                0.452827
xf1.d2n                                9.20928
xf1.g2                              -0.0331461
xf1.s2                                0.447952
xf1.src                               0.231699
xf1.nte                               -14.3964
xf1.nmiri                              13.8238
xf1.nme1                               14.5293
xf1.nme2                                14.529
xf1.nve                                14.4085
xf1.ny                                -1.02276
xf1.nvle                              -14.4094
xf1.nbb                              -0.315667
xf1.nbn                                0.95488
xf1.nen                               0.290559
xf1.nbp                               -1.02119
xf1.nep                              -0.356852
rgf1                                 -0.033146
rg10f1                              -0.0331461
xf2.nref                              -13.7002
xf2.ncasc                              9.88658
xf2.nx                                0.956446
xf2.nhi                                13.6993
outf2                               -0.0331463
fbf2                                -0.0331461
xf2.nrefm                             -14.3501
xf2.d1n                                9.20861
xf2.g1                              -0.0165753
xf2.s1                                0.452827
xf2.d2n                                9.20928
xf2.g2                              -0.0331461
xf2.s2                                0.447952
xf2.src                               0.231699
xf2.nte                               -14.3964
xf2.nmiri                              13.8238
xf2.nme1                               14.5293
xf2.nme2                                14.529
xf2.nve                                14.4085
xf2.ny                                -1.02276
xf2.nvle                              -14.4094
xf2.nbb                              -0.315667
xf2.nbn                                0.95488
xf2.nen                               0.290559
xf2.nbp                               -1.02119
xf2.nep                              -0.356852
rgf2                                 -0.033146
rg10f2                              -0.0331461
sel1                                -0.0331463
sel2                                -0.0331463
fix1                                -0.0331463
j1                                           0
fix2                                -0.0331463
j2                                           0
vin#branch                         9.69791e-12
vmm#branch                           0.0821614
vpp#branch                           -0.079081

 Reference value :  3.00006e-03
No. of Data Rows : 8001
vpa                 =  3.80181e+00 at=  4.96256e-03
vpj2                =  3.81481e+00 at=  4.96281e-03
irs1                =  2.74489e-04 from=  3.00006e-03 to=  5.00000e-03
a2x                 =  1.58250e-02 at=  3.01256e-03
a2n                 =  1.32822e-02 at=  4.98756e-03
a3x                 =  -1.33287e-02 at=  4.96281e-03
a3n                 =  -1.58006e-02 at=  3.03781e-03
f12x                =  1.47544e-02 at=  3.01256e-03
f12n                =  1.43576e-02 at=  4.98731e-03
f13x                =  -1.43794e-02 at=  4.96331e-03
f13n                =  -1.47335e-02 at=  3.03881e-03
f22x                =  1.46032e-02 at=  3.01256e-03
f22n                =  1.45084e-02 at=  4.98631e-03
f23x                =  -1.45255e-02 at=  4.96681e-03
f23n                =  -1.45907e-02 at=  3.04306e-03
cablaggio=1 f=20000 RJ1=10k  XA min 0.0132822  XF1 min 0.0143576  XF2 min 0.0145084
Doing analysis at TEMP = 27.000000 and TNOM = 27.000000

Using SPARSE 1.3 as Direct Linear Solver

Initial Transient Solution
--------------------------

Node                                   Voltage
----                                   -------
vplus                                       15
vminus                                     -15
src                                          0
in                                 1.45469e-11
xa.nref                               -13.7002
xa.ncasc                               9.88658
xa.nx                                  0.97289
xa.nhi                                 13.6993
outa                                -0.0165753
fba                                 -0.0165752
xa.nrefm                              -14.3501
xa.d1n                                  9.2086
xa.g1                              9.84339e-10
xa.s1                                  0.46932
xa.d2n                                 9.20928
xa.g2                               -0.0165752
xa.s2                                 0.464444
xa.src                                 0.24819
xa.nte                                -14.3964
xa.nmiri                               13.8238
xa.nme1                                14.5293
xa.nme2                                 14.529
xa.nve                                 14.4085
xa.ny                                 -1.00631
xa.nvle                               -14.4094
xa.nbb                               -0.299223
xa.nbn                                0.971325
xa.nen                                0.307008
xa.nbp                                -1.00474
xa.nep                               -0.340401
rga                                 -0.0165752
rg10a                               -0.0165752
xf1.nref                              -13.7002
xf1.ncasc                              9.88658
xf1.nx                                0.956446
xf1.nhi                                13.6993
outf1                               -0.0331463
fbf1                                -0.0331461
xf1.nrefm                             -14.3501
xf1.d1n                                9.20861
xf1.g1                              -0.0165753
xf1.s1                                0.452827
xf1.d2n                                9.20928
xf1.g2                              -0.0331461
xf1.s2                                0.447952
xf1.src                               0.231699
xf1.nte                               -14.3964
xf1.nmiri                              13.8238
xf1.nme1                               14.5293
xf1.nme2                                14.529
xf1.nve                                14.4085
xf1.ny                                -1.02276
xf1.nvle                              -14.4094
xf1.nbb                              -0.315667
xf1.nbn                                0.95488
xf1.nen                               0.290559
xf1.nbp                               -1.02119
xf1.nep                              -0.356852
rgf1                                 -0.033146
rg10f1                              -0.0331461
xf2.nref                              -13.7002
xf2.ncasc                              9.88658
xf2.nx                                0.956446
xf2.nhi                                13.6993
outf2                               -0.0331463
fbf2                                -0.0331461
xf2.nrefm                             -14.3501
xf2.d1n                                9.20861
xf2.g1                              -0.0165753
xf2.s1                                0.452827
xf2.d2n                                9.20928
xf2.g2                              -0.0331461
xf2.s2                                0.447952
xf2.src                               0.231699
xf2.nte                               -14.3964
xf2.nmiri                              13.8238
xf2.nme1                               14.5293
xf2.nme2                                14.529
xf2.nve                                14.4085
xf2.ny                                -1.02276
xf2.nvle                              -14.4094
xf2.nbb                              -0.315667
xf2.nbn                                0.95488
xf2.nen                               0.290559
xf2.nbp                               -1.02119
xf2.nep                              -0.356852
rgf2                                 -0.033146
rg10f2                              -0.0331461
sel1                                -0.0331463
sel2                                -0.0331463
fix1                                -0.0331463
j1                                           0
fix2                                -0.0331463
j2                                           0
vin#branch                         9.69791e-12
vmm#branch                           0.0821614
vpp#branch                           -0.079081

 Reference value :  3.00006e-03
No. of Data Rows : 8001
vpa                 =  3.80178e+00 at=  4.96256e-03
vpj2                =  3.81485e+00 at=  4.96281e-03
irs1                =  2.58452e-03 from=  3.00006e-03 to=  5.00000e-03
a2x                 =  1.58250e-02 at=  3.01256e-03
a2n                 =  1.32822e-02 at=  4.98756e-03
a3x                 =  -1.33287e-02 at=  4.96281e-03
a3n                 =  -1.58006e-02 at=  3.03781e-03
f12x                =  1.63869e-02 at=  4.96281e-03
f12n                =  1.27363e-02 at=  3.03781e-03
f13x                =  -1.27813e-02 at=  4.96281e-03
f13n                =  -1.63471e-02 at=  3.03781e-03
f22x                =  1.46032e-02 at=  3.01256e-03
f22n                =  1.45084e-02 at=  4.98631e-03
f23x                =  -1.45255e-02 at=  4.96681e-03
f23n                =  -1.45907e-02 at=  3.04306e-03
cablaggio=1 f=20000 RJ1=1k  XA min 0.0132822  XF1 min 0.0127364  XF2 min 0.0145084
Doing analysis at TEMP = 27.000000 and TNOM = 27.000000

Using SPARSE 1.3 as Direct Linear Solver

Initial Transient Solution
--------------------------

Node                                   Voltage
----                                   -------
vplus                                       15
vminus                                     -15
src                                          0
in                                 1.45469e-11
xa.nref                               -13.7002
xa.ncasc                               9.88658
xa.nx                                  0.97289
xa.nhi                                 13.6993
outa                                -0.0165753
fba                                 -0.0165752
xa.nrefm                              -14.3501
xa.d1n                                  9.2086
xa.g1                              9.84339e-10
xa.s1                                  0.46932
xa.d2n                                 9.20928
xa.g2                               -0.0165752
xa.s2                                 0.464444
xa.src                                 0.24819
xa.nte                                -14.3964
xa.nmiri                               13.8238
xa.nme1                                14.5293
xa.nme2                                 14.529
xa.nve                                 14.4085
xa.ny                                 -1.00631
xa.nvle                               -14.4094
xa.nbb                               -0.299223
xa.nbn                                0.971325
xa.nen                                0.307008
xa.nbp                                -1.00474
xa.nep                               -0.340401
rga                                 -0.0165752
rg10a                               -0.0165752
xf1.nref                              -13.7002
xf1.ncasc                              9.88658
xf1.nx                                0.956446
xf1.nhi                                13.6993
outf1                               -0.0331463
fbf1                                -0.0331461
xf1.nrefm                             -14.3501
xf1.d1n                                9.20861
xf1.g1                              -0.0165753
xf1.s1                                0.452827
xf1.d2n                                9.20928
xf1.g2                              -0.0331461
xf1.s2                                0.447952
xf1.src                               0.231699
xf1.nte                               -14.3964
xf1.nmiri                              13.8238
xf1.nme1                               14.5293
xf1.nme2                                14.529
xf1.nve                                14.4085
xf1.ny                                -1.02276
xf1.nvle                              -14.4094
xf1.nbb                              -0.315667
xf1.nbn                                0.95488
xf1.nen                               0.290559
xf1.nbp                               -1.02119
xf1.nep                              -0.356852
rgf1                                 -0.033146
rg10f1                              -0.0331461
xf2.nref                              -13.7002
xf2.ncasc                              9.88658
xf2.nx                                0.956446
xf2.nhi                                13.6993
outf2                               -0.0331463
fbf2                                -0.0331461
xf2.nrefm                             -14.3501
xf2.d1n                                9.20861
xf2.g1                              -0.0165753
xf2.s1                                0.452827
xf2.d2n                                9.20928
xf2.g2                              -0.0331461
xf2.s2                                0.447952
xf2.src                               0.231699
xf2.nte                               -14.3964
xf2.nmiri                              13.8238
xf2.nme1                               14.5293
xf2.nme2                                14.529
xf2.nve                                14.4085
xf2.ny                                -1.02276
xf2.nvle                              -14.4094
xf2.nbb                              -0.315667
xf2.nbn                                0.95488
xf2.nen                               0.290559
xf2.nbp                               -1.02119
xf2.nep                              -0.356852
rgf2                                 -0.033146
rg10f2                              -0.0331461
sel1                                -0.0331463
sel2                                -0.0331463
fix1                                -0.0331463
j1                                           0
fix2                                -0.0331463
j2                                           0
vin#branch                         9.69791e-12
vmm#branch                           0.0821614
vpp#branch                           -0.079081

 Reference value :  3.00002e-03
No. of Data Rows : 8001
vpa                 =  3.80161e+00 at=  4.96252e-03
vpj2                =  3.81494e+00 at=  4.96277e-03
irs1                =  1.83683e-02 from=  3.00002e-03 to=  5.00000e-03
a2x                 =  1.58250e-02 at=  3.01252e-03
a2n                 =  1.32822e-02 at=  4.98752e-03
a3x                 =  -1.33287e-02 at=  4.96277e-03
a3n                 =  -1.58006e-02 at=  3.03777e-03
f12x                =  2.81365e-02 at=  4.96277e-03
f12n                =  2.28282e-03 at=  3.03777e-03
f13x                =  -2.44102e-03 at=  4.96277e-03
f13n                =  -2.79829e-02 at=  3.03777e-03
f22x                =  1.46032e-02 at=  3.01252e-03
f22n                =  1.45084e-02 at=  4.98652e-03
f23x                =  -1.45255e-02 at=  4.96677e-03
f23n                =  -1.45907e-02 at=  3.04302e-03
cablaggio=1 f=20000 RJ1=100  XA min 0.0132822  XF1 min 0.00228282  XF2 min 0.0145084
Doing analysis at TEMP = 27.000000 and TNOM = 27.000000

Using SPARSE 1.3 as Direct Linear Solver

Initial Transient Solution
--------------------------

Node                                   Voltage
----                                   -------
vplus                                       15
vminus                                     -15
src                                          0
in                                 1.45469e-11
xa.nref                               -13.7002
xa.ncasc                               9.88658
xa.nx                                  0.97289
xa.nhi                                 13.6993
outa                                -0.0165753
fba                                 -0.0165752
xa.nrefm                              -14.3501
xa.d1n                                  9.2086
xa.g1                              9.84339e-10
xa.s1                                  0.46932
xa.d2n                                 9.20928
xa.g2                               -0.0165752
xa.s2                                 0.464444
xa.src                                 0.24819
xa.nte                                -14.3964
xa.nmiri                               13.8238
xa.nme1                                14.5293
xa.nme2                                 14.529
xa.nve                                 14.4085
xa.ny                                 -1.00631
xa.nvle                               -14.4094
xa.nbb                               -0.299223
xa.nbn                                0.971325
xa.nen                                0.307008
xa.nbp                                -1.00474
xa.nep                               -0.340401
rga                                 -0.0165752
rg10a                               -0.0165752
xf1.nref                              -13.7002
xf1.ncasc                              9.88658
xf1.nx                                0.956446
xf1.nhi                                13.6993
outf1                               -0.0331463
fbf1                                -0.0331461
xf1.nrefm                             -14.3501
xf1.d1n                                9.20861
xf1.g1                              -0.0165753
xf1.s1                                0.452827
xf1.d2n                                9.20928
xf1.g2                              -0.0331461
xf1.s2                                0.447952
xf1.src                               0.231699
xf1.nte                               -14.3964
xf1.nmiri                              13.8238
xf1.nme1                               14.5293
xf1.nme2                                14.529
xf1.nve                                14.4085
xf1.ny                                -1.02276
xf1.nvle                              -14.4094
xf1.nbb                              -0.315667
xf1.nbn                                0.95488
xf1.nen                               0.290559
xf1.nbp                               -1.02119
xf1.nep                              -0.356852
rgf1                                 -0.033146
rg10f1                              -0.0331461
xf2.nref                              -13.7002
xf2.ncasc                              9.88658
xf2.nx                                0.956446
xf2.nhi                                13.6993
outf2                               -0.0331463
fbf2                                -0.0331461
xf2.nrefm                             -14.3501
xf2.d1n                                9.20861
xf2.g1                              -0.0165753
xf2.s1                                0.452827
xf2.d2n                                9.20928
xf2.g2                              -0.0331461
xf2.s2                                0.447952
xf2.src                               0.231699
xf2.nte                               -14.3964
xf2.nmiri                              13.8238
xf2.nme1                               14.5293
xf2.nme2                                14.529
xf2.nve                                14.4085
xf2.ny                                -1.02276
xf2.nvle                              -14.4094
xf2.nbb                              -0.315667
xf2.nbn                                0.95488
xf2.nen                               0.290559
xf2.nbp                               -1.02119
xf2.nep                              -0.356852
rgf2                                 -0.033146
rg10f2                              -0.0331461
sel1                                -0.0331463
sel2                                -0.0331463
fix1                                -0.0331463
j1                                           0
fix2                                -0.0331463
j2                                           0
vin#branch                         9.69791e-12
vmm#branch                           0.0821614
vpp#branch                           -0.079081

 Reference value :  3.00003e-03
No. of Data Rows : 8001
vpa                 =  3.80164e+00 at=  4.96253e-03
vpj2                =  3.81493e+00 at=  4.96278e-03
irs1                =  2.87158e-02 from=  3.00003e-03 to=  5.00000e-03
a2x                 =  1.58250e-02 at=  3.01253e-03
a2n                 =  1.32822e-02 at=  4.98753e-03
a3x                 =  -1.33287e-02 at=  4.96278e-03
a3n                 =  -1.58006e-02 at=  3.03778e-03
f12x                =  4.01667e-02 at=  4.96278e-03
f12n                =  -2.70904e-06 at=  3.04003e-03
f13x                =  2.75735e-06 at=  4.96478e-03
f13n                =  -4.01702e-02 at=  3.03753e-03
f22x                =  1.46032e-02 at=  3.01253e-03
f22n                =  1.45084e-02 at=  4.98653e-03
f23x                =  -1.45255e-02 at=  4.96678e-03
f23n                =  -1.45907e-02 at=  3.04303e-03
cablaggio=1 f=20000 RJ1=47  XA min 0.0132822  XF1 min -2.70904E-06  XF2 min 0.0145084
Doing analysis at TEMP = 27.000000 and TNOM = 27.000000

Using SPARSE 1.3 as Direct Linear Solver

Initial Transient Solution
--------------------------

Node                                   Voltage
----                                   -------
vplus                                       15
vminus                                     -15
src                                          0
in                                 1.45469e-11
xa.nref                               -13.7002
xa.ncasc                               9.88658
xa.nx                                  0.97289
xa.nhi                                 13.6993
outa                                -0.0165753
fba                                 -0.0165752
xa.nrefm                              -14.3501
xa.d1n                                  9.2086
xa.g1                              9.84339e-10
xa.s1                                  0.46932
xa.d2n                                 9.20928
xa.g2                               -0.0165752
xa.s2                                 0.464444
xa.src                                 0.24819
xa.nte                                -14.3964
xa.nmiri                               13.8238
xa.nme1                                14.5293
xa.nme2                                 14.529
xa.nve                                 14.4085
xa.ny                                 -1.00631
xa.nvle                               -14.4094
xa.nbb                               -0.299223
xa.nbn                                0.971325
xa.nen                                0.307008
xa.nbp                                -1.00474
xa.nep                               -0.340401
rga                                 -0.0165752
rg10a                               -0.0165752
xf1.nref                              -13.7002
xf1.ncasc                              9.88658
xf1.nx                                0.956446
xf1.nhi                                13.6993
outf1                               -0.0331463
fbf1                                -0.0331461
xf1.nrefm                             -14.3501
xf1.d1n                                9.20861
xf1.g1                              -0.0165753
xf1.s1                                0.452827
xf1.d2n                                9.20928
xf1.g2                              -0.0331461
xf1.s2                                0.447952
xf1.src                               0.231699
xf1.nte                               -14.3964
xf1.nmiri                              13.8238
xf1.nme1                               14.5293
xf1.nme2                                14.529
xf1.nve                                14.4085
xf1.ny                                -1.02276
xf1.nvle                              -14.4094
xf1.nbb                              -0.315667
xf1.nbn                                0.95488
xf1.nen                               0.290559
xf1.nbp                               -1.02119
xf1.nep                              -0.356852
rgf1                                 -0.033146
rg10f1                              -0.0331461
xf2.nref                              -13.7002
xf2.ncasc                              9.88658
xf2.nx                                0.956446
xf2.nhi                                13.6993
outf2                               -0.0331463
fbf2                                -0.0331461
xf2.nrefm                             -14.3501
xf2.d1n                                9.20861
xf2.g1                              -0.0165753
xf2.s1                                0.452827
xf2.d2n                                9.20928
xf2.g2                              -0.0331461
xf2.s2                                0.447952
xf2.src                               0.231699
xf2.nte                               -14.3964
xf2.nmiri                              13.8238
xf2.nme1                               14.5293
xf2.nme2                                14.529
xf2.nve                                14.4085
xf2.ny                                -1.02276
xf2.nvle                              -14.4094
xf2.nbb                              -0.315667
xf2.nbn                                0.95488
xf2.nen                               0.290559
xf2.nbp                               -1.02119
xf2.nep                              -0.356852
rgf2                                 -0.033146
rg10f2                              -0.0331461
sel1                                -0.0331463
sel2                                -0.0331463
fix1                                -0.0331463
j1                                           0
fix2                                -0.0331463
j2                                           0
vin#branch                         9.69791e-12
vmm#branch                           0.0821614
vpp#branch                           -0.079081

 Reference value :  3.00001e-03
No. of Data Rows : 8001
vpa                 =  3.80153e+00 at=  4.96251e-03
vpj2                =  3.81496e+00 at=  4.96276e-03
irs1                =  3.91082e-02 from=  3.00001e-03 to=  5.00000e-03
a2x                 =  1.58249e-02 at=  3.01251e-03
a2n                 =  1.32822e-02 at=  4.98751e-03
a3x                 =  -1.33287e-02 at=  4.96276e-03
a3n                 =  -1.58006e-02 at=  3.03776e-03
f12x                =  5.47012e-02 at=  4.96251e-03
f12n                =  -9.90780e-06 at=  3.04351e-03
f13x                =  1.17871e-05 at=  4.96851e-03
f13n                =  -5.47086e-02 at=  3.03751e-03
f22x                =  1.46032e-02 at=  3.01251e-03
f22n                =  1.45084e-02 at=  4.98651e-03
f23x                =  -1.45255e-02 at=  4.96676e-03
f23n                =  -1.45907e-02 at=  3.04301e-03
cablaggio=1 f=20000 RJ1=22  XA min 0.0132822  XF1 min -9.9078E-06  XF2 min 0.0145084
Doing analysis at TEMP = 27.000000 and TNOM = 27.000000

Using SPARSE 1.3 as Direct Linear Solver

Initial Transient Solution
--------------------------

Node                                   Voltage
----                                   -------
vplus                                       15
vminus                                     -15
src                                          0
in                                 1.45469e-11
xa.nref                               -13.7002
xa.ncasc                               9.88658
xa.nx                                  0.97289
xa.nhi                                 13.6993
outa                                -0.0165753
fba                                 -0.0165752
xa.nrefm                              -14.3501
xa.d1n                                  9.2086
xa.g1                              9.84339e-10
xa.s1                                  0.46932
xa.d2n                                 9.20928
xa.g2                               -0.0165752
xa.s2                                 0.464444
xa.src                                 0.24819
xa.nte                                -14.3964
xa.nmiri                               13.8238
xa.nme1                                14.5293
xa.nme2                                 14.529
xa.nve                                 14.4085
xa.ny                                 -1.00631
xa.nvle                               -14.4094
xa.nbb                               -0.299223
xa.nbn                                0.971325
xa.nen                                0.307008
xa.nbp                                -1.00474
xa.nep                               -0.340401
rga                                 -0.0165752
rg10a                               -0.0165752
xf1.nref                              -13.7002
xf1.ncasc                              9.88658
xf1.nx                                0.956446
xf1.nhi                                13.6993
outf1                               -0.0331463
fbf1                                -0.0331461
xf1.nrefm                             -14.3501
xf1.d1n                                9.20861
xf1.g1                              -0.0165753
xf1.s1                                0.452827
xf1.d2n                                9.20928
xf1.g2                              -0.0331461
xf1.s2                                0.447952
xf1.src                               0.231699
xf1.nte                               -14.3964
xf1.nmiri                              13.8238
xf1.nme1                               14.5293
xf1.nme2                                14.529
xf1.nve                                14.4085
xf1.ny                                -1.02276
xf1.nvle                              -14.4094
xf1.nbb                              -0.315667
xf1.nbn                                0.95488
xf1.nen                               0.290559
xf1.nbp                               -1.02119
xf1.nep                              -0.356852
rgf1                                 -0.033146
rg10f1                              -0.0331461
xf2.nref                              -13.7002
xf2.ncasc                              9.88658
xf2.nx                                0.956446
xf2.nhi                                13.6993
outf2                               -0.0331463
fbf2                                -0.0331461
xf2.nrefm                             -14.3501
xf2.d1n                                9.20861
xf2.g1                              -0.0165753
xf2.s1                                0.452827
xf2.d2n                                9.20928
xf2.g2                              -0.0331461
xf2.s2                                0.447952
xf2.src                               0.231699
xf2.nte                               -14.3964
xf2.nmiri                              13.8238
xf2.nme1                               14.5293
xf2.nme2                                14.529
xf2.nve                                14.4085
xf2.ny                                -1.02276
xf2.nvle                              -14.4094
xf2.nbb                              -0.315667
xf2.nbn                                0.95488
xf2.nen                               0.290559
xf2.nbp                               -1.02119
xf2.nep                              -0.356852
rgf2                                 -0.033146
rg10f2                              -0.0331461
sel1                                -0.0331463
sel2                                -0.0331463
fix1                                -0.0331463
j1                                           0
fix2                                -0.0331463
j2                                           0
vin#branch                         9.69791e-12
vmm#branch                           0.0821614
vpp#branch                           -0.079081

 Reference value :  3.00025e-03
No. of Data Rows : 8001
vpa                 =  3.80146e+00 at=  4.96250e-03
vpj2                =  3.81497e+00 at=  4.96275e-03
irs1                =  4.73322e-02 from=  3.00025e-03 to=  5.00000e-03
a2x                 =  1.58249e-02 at=  3.01250e-03
a2n                 =  1.32822e-02 at=  4.98750e-03
a3x                 =  -1.33286e-02 at=  4.96275e-03
a3n                 =  -1.58006e-02 at=  3.03775e-03
f12x                =  6.61980e-02 at=  4.96250e-03
f12n                =  -1.23962e-05 at=  4.99475e-03
f13x                =  1.47960e-05 at=  3.01975e-03
f13n                =  -6.62104e-02 at=  3.03750e-03
f22x                =  1.46032e-02 at=  3.01250e-03
f22n                =  1.45084e-02 at=  4.98650e-03
f23x                =  -1.45255e-02 at=  4.96700e-03
f23n                =  -1.45907e-02 at=  3.04300e-03
cablaggio=1 f=20000 RJ1=10  XA min 0.0132822  XF1 min -1.23962E-05  XF2 min 0.0145084
Doing analysis at TEMP = 27.000000 and TNOM = 27.000000

Using SPARSE 1.3 as Direct Linear Solver

Initial Transient Solution
--------------------------

Node                                   Voltage
----                                   -------
vplus                                       15
vminus                                     -15
src                                          0
in                                 1.45469e-11
xa.nref                               -13.7002
xa.ncasc                               9.88658
xa.nx                                  0.97289
xa.nhi                                 13.6993
outa                                -0.0165753
fba                                 -0.0165752
xa.nrefm                              -14.3501
xa.d1n                                  9.2086
xa.g1                              9.84339e-10
xa.s1                                  0.46932
xa.d2n                                 9.20928
xa.g2                               -0.0165752
xa.s2                                 0.464444
xa.src                                 0.24819
xa.nte                                -14.3964
xa.nmiri                               13.8238
xa.nme1                                14.5293
xa.nme2                                 14.529
xa.nve                                 14.4085
xa.ny                                 -1.00631
xa.nvle                               -14.4094
xa.nbb                               -0.299223
xa.nbn                                0.971325
xa.nen                                0.307008
xa.nbp                                -1.00474
xa.nep                               -0.340401
rga                                 -0.0165752
rg10a                               -0.0165752
xf1.nref                              -13.7002
xf1.ncasc                              9.88658
xf1.nx                                0.956446
xf1.nhi                                13.6993
outf1                               -0.0331463
fbf1                                -0.0331461
xf1.nrefm                             -14.3501
xf1.d1n                                9.20861
xf1.g1                              -0.0165753
xf1.s1                                0.452827
xf1.d2n                                9.20928
xf1.g2                              -0.0331461
xf1.s2                                0.447952
xf1.src                               0.231699
xf1.nte                               -14.3964
xf1.nmiri                              13.8238
xf1.nme1                               14.5293
xf1.nme2                                14.529
xf1.nve                                14.4085
xf1.ny                                -1.02276
xf1.nvle                              -14.4094
xf1.nbb                              -0.315667
xf1.nbn                                0.95488
xf1.nen                               0.290559
xf1.nbp                               -1.02119
xf1.nep                              -0.356852
rgf1                                 -0.033146
rg10f1                              -0.0331461
xf2.nref                              -13.7002
xf2.ncasc                              9.88658
xf2.nx                                0.956446
xf2.nhi                                13.6993
outf2                               -0.0331463
fbf2                                -0.0331461
xf2.nrefm                             -14.3501
xf2.d1n                                9.20861
xf2.g1                              -0.0165753
xf2.s1                                0.452827
xf2.d2n                                9.20928
xf2.g2                              -0.0331461
xf2.s2                                0.447952
xf2.src                               0.231699
xf2.nte                               -14.3964
xf2.nmiri                              13.8238
xf2.nme1                               14.5293
xf2.nme2                                14.529
xf2.nve                                14.4085
xf2.ny                                -1.02276
xf2.nvle                              -14.4094
xf2.nbb                              -0.315667
xf2.nbn                                0.95488
xf2.nen                               0.290559
xf2.nbp                               -1.02119
xf2.nep                              -0.356852
rgf2                                 -0.033146
rg10f2                              -0.0331461
sel1                                -0.0331463
sel2                                -0.0331463
fix1                                -0.0331463
j1                                           0
fix2                                -0.0331463
j2                                           0
vin#branch                         9.69791e-12
vmm#branch                           0.0821614
vpp#branch                           -0.079081

 Reference value :  3.00025e-03
No. of Data Rows : 8001
vpa                 =  3.80145e+00 at=  4.96275e-03
vpj2                =  3.81497e+00 at=  4.96275e-03
irs1                =  5.61894e-02 from=  3.00025e-03 to=  5.00000e-03
a2x                 =  1.58249e-02 at=  3.01250e-03
a2n                 =  1.32822e-02 at=  4.98750e-03
a3x                 =  -1.33286e-02 at=  4.96275e-03
a3n                 =  -1.58006e-02 at=  3.03775e-03
f12x                =  7.85818e-02 at=  4.96250e-03
f12n                =  -1.44435e-05 at=  3.04575e-03
f13x                =  1.72137e-05 at=  3.02075e-03
f13n                =  -7.86035e-02 at=  3.03750e-03
f22x                =  1.46032e-02 at=  3.01250e-03
f22n                =  1.45084e-02 at=  4.98650e-03
f23x                =  -1.45255e-02 at=  4.96700e-03
f23n                =  -1.45907e-02 at=  3.04300e-03
cablaggio=1 f=20000 RJ1=1  XA min 0.0132822  XF1 min -1.44435E-05  XF2 min 0.0145084
Doing analysis at TEMP = 27.000000 and TNOM = 27.000000

Using SPARSE 1.3 as Direct Linear Solver

Initial Transient Solution
--------------------------

Node                                   Voltage
----                                   -------
vplus                                       15
vminus                                     -15
src                                          0
in                                 1.45469e-11
xa.nref                               -13.7002
xa.ncasc                               9.88658
xa.nx                                  0.97289
xa.nhi                                 13.6993
outa                                -0.0165753
fba                                 -0.0165752
xa.nrefm                              -14.3501
xa.d1n                                  9.2086
xa.g1                              9.84339e-10
xa.s1                                  0.46932
xa.d2n                                 9.20928
xa.g2                               -0.0165752
xa.s2                                 0.464444
xa.src                                 0.24819
xa.nte                                -14.3964
xa.nmiri                               13.8238
xa.nme1                                14.5293
xa.nme2                                 14.529
xa.nve                                 14.4085
xa.ny                                 -1.00631
xa.nvle                               -14.4094
xa.nbb                               -0.299223
xa.nbn                                0.971325
xa.nen                                0.307008
xa.nbp                                -1.00474
xa.nep                               -0.340401
rga                                 -0.0165752
rg10a                               -0.0165752
xf1.nref                              -13.7002
xf1.ncasc                              9.88658
xf1.nx                                0.956446
xf1.nhi                                13.6993
outf1                               -0.0331463
fbf1                                -0.0331461
xf1.nrefm                             -14.3501
xf1.d1n                                9.20861
xf1.g1                              -0.0165753
xf1.s1                                0.452827
xf1.d2n                                9.20928
xf1.g2                              -0.0331461
xf1.s2                                0.447952
xf1.src                               0.231699
xf1.nte                               -14.3964
xf1.nmiri                              13.8238
xf1.nme1                               14.5293
xf1.nme2                                14.529
xf1.nve                                14.4085
xf1.ny                                -1.02276
xf1.nvle                              -14.4094
xf1.nbb                              -0.315667
xf1.nbn                                0.95488
xf1.nen                               0.290559
xf1.nbp                               -1.02119
xf1.nep                              -0.356852
rgf1                                 -0.033146
rg10f1                              -0.0331461
xf2.nref                              -13.7002
xf2.ncasc                              9.88658
xf2.nx                                0.956446
xf2.nhi                                13.6993
outf2                               -0.0331463
fbf2                                -0.0331461
xf2.nrefm                             -14.3501
xf2.d1n                                9.20861
xf2.g1                              -0.0165753
xf2.s1                                0.452827
xf2.d2n                                9.20928
xf2.g2                              -0.0331461
xf2.s2                                0.447952
xf2.src                               0.231699
xf2.nte                               -14.3964
xf2.nmiri                              13.8238
xf2.nme1                               14.5293
xf2.nme2                                14.529
xf2.nve                                14.4085
xf2.ny                                -1.02276
xf2.nvle                              -14.4094
xf2.nbb                              -0.315667
xf2.nbn                                0.95488
xf2.nen                               0.290559
xf2.nbp                               -1.02119
xf2.nep                              -0.356852
rgf2                                 -0.033146
rg10f2                              -0.0331461
sel1                                -0.0331463
sel2                                -0.0331463
fix1                                -0.0331463
j1                                           0
fix2                                -0.0331463
j2                                           0
vin#branch                         9.69791e-12
vmm#branch                           0.0821614
vpp#branch                           -0.079081

 Reference value :  3.00024e-03
No. of Data Rows : 8001
vpa                 =  3.80146e+00 at=  4.96274e-03
vpj2                =  3.81497e+00 at=  4.96274e-03
irs1                =  5.73701e-02 from=  3.00024e-03 to=  5.00000e-03
a2x                 =  1.58249e-02 at=  3.01249e-03
a2n                 =  1.32822e-02 at=  4.98749e-03
a3x                 =  -1.33286e-02 at=  4.96274e-03
a3n                 =  -1.58006e-02 at=  3.03774e-03
f12x                =  8.02325e-02 at=  4.96249e-03
f12n                =  -1.46034e-05 at=  4.99574e-03
f13x                =  1.74477e-05 at=  3.02074e-03
f13n                =  -8.02559e-02 at=  3.03749e-03
f22x                =  1.46032e-02 at=  3.01249e-03
f22n                =  1.45084e-02 at=  4.98649e-03
f23x                =  -1.45255e-02 at=  4.96699e-03
f23n                =  -1.45907e-02 at=  3.04299e-03
cablaggio=1 f=20000 RJ1=0.01  XA min 0.0132822  XF1 min -1.46034E-05  XF2 min 0.0145084
Doing analysis at TEMP = 27.000000 and TNOM = 27.000000

Using SPARSE 1.3 as Direct Linear Solver

Initial Transient Solution
--------------------------

Node                                   Voltage
----                                   -------
vplus                                       15
vminus                                     -15
src                                          0
in                                 1.45469e-11
xa.nref                               -13.7002
xa.ncasc                               9.88658
xa.nx                                  0.97289
xa.nhi                                 13.6993
outa                                -0.0165753
fba                                 -0.0165752
xa.nrefm                              -14.3501
xa.d1n                                  9.2086
xa.g1                              9.84339e-10
xa.s1                                  0.46932
xa.d2n                                 9.20928
xa.g2                               -0.0165752
xa.s2                                 0.464444
xa.src                                 0.24819
xa.nte                                -14.3964
xa.nmiri                               13.8238
xa.nme1                                14.5293
xa.nme2                                 14.529
xa.nve                                 14.4085
xa.ny                                 -1.00631
xa.nvle                               -14.4094
xa.nbb                               -0.299223
xa.nbn                                0.971325
xa.nen                                0.307008
xa.nbp                                -1.00474
xa.nep                               -0.340401
rga                                 -0.0165752
rg10a                               -0.0165752
xf1.nref                              -13.7002
xf1.ncasc                              9.88658
xf1.nx                                0.956446
xf1.nhi                                13.6993
outf1                               -0.0331463
fbf1                                -0.0331461
xf1.nrefm                             -14.3501
xf1.d1n                                9.20861
xf1.g1                              -0.0165753
xf1.s1                                0.452827
xf1.d2n                                9.20928
xf1.g2                              -0.0331461
xf1.s2                                0.447952
xf1.src                               0.231699
xf1.nte                               -14.3964
xf1.nmiri                              13.8238
xf1.nme1                               14.5293
xf1.nme2                                14.529
xf1.nve                                14.4085
xf1.ny                                -1.02276
xf1.nvle                              -14.4094
xf1.nbb                              -0.315667
xf1.nbn                                0.95488
xf1.nen                               0.290559
xf1.nbp                               -1.02119
xf1.nep                              -0.356852
rgf1                                 -0.033146
rg10f1                              -0.0331461
xf2.nref                              -13.7002
xf2.ncasc                              9.88658
xf2.nx                                0.956446
xf2.nhi                                13.6993
outf2                               -0.0331463
fbf2                                -0.0331461
xf2.nrefm                             -14.3501
xf2.d1n                                9.20861
xf2.g1                              -0.0165753
xf2.s1                                0.452827
xf2.d2n                                9.20928
xf2.g2                              -0.0331461
xf2.s2                                0.447952
xf2.src                               0.231699
xf2.nte                               -14.3964
xf2.nmiri                              13.8238
xf2.nme1                               14.5293
xf2.nme2                                14.529
xf2.nve                                14.4085
xf2.ny                                -1.02276
xf2.nvle                              -14.4094
xf2.nbb                              -0.315667
xf2.nbn                                0.95488
xf2.nen                               0.290559
xf2.nbp                               -1.02119
xf2.nep                              -0.356852
rgf2                                 -0.033146
rg10f2                              -0.0331461
sel1                                -0.0165753
sel2                                -0.0165753
fix1                                -0.0165753
j1                                           0
fix2                                -0.0165753
j2                                           0
vin#branch                         9.69791e-12
vmm#branch                           0.0821614
vpp#branch                           -0.079081


No. of Data Rows : 401
vpa                 =  3.79988e+00 at=  4.25212e-03
vpj2                =  3.80965e+00 at=  4.25212e-03
irs1                =  1.14885e-05 from=  3.00212e-03 to=  5.00000e-03
a2x                 =  1.58747e-02 at=  3.25212e-03
a2n                 =  1.32331e-02 at=  4.75212e-03
a3x                 =  -1.32804e-02 at=  4.25212e-03
a3n                 =  -1.58494e-02 at=  3.75212e-03
f12x                =  1.45611e-02 at=  3.24712e-03
f12n                =  1.45512e-02 at=  4.74212e-03
f13x                =  -1.45411e-02 at=  4.74212e-03
f13n                =  -1.45711e-02 at=  3.24212e-03
f22x                =  1.45611e-02 at=  3.24712e-03
f22n                =  1.45512e-02 at=  4.74212e-03
f23x                =  -1.45411e-02 at=  4.74212e-03
f23n                =  -1.45711e-02 at=  3.24212e-03
cablaggio=2 f=1000 RJ1=470k  XA min 0.0132331  XF1 min 0.0145512  XF2 min 0.0145512
Doing analysis at TEMP = 27.000000 and TNOM = 27.000000

Using SPARSE 1.3 as Direct Linear Solver

Initial Transient Solution
--------------------------

Node                                   Voltage
----                                   -------
vplus                                       15
vminus                                     -15
src                                          0
in                                 1.45469e-11
xa.nref                               -13.7002
xa.ncasc                               9.88658
xa.nx                                  0.97289
xa.nhi                                 13.6993
outa                                -0.0165753
fba                                 -0.0165752
xa.nrefm                              -14.3501
xa.d1n                                  9.2086
xa.g1                              9.84339e-10
xa.s1                                  0.46932
xa.d2n                                 9.20928
xa.g2                               -0.0165752
xa.s2                                 0.464444
xa.src                                 0.24819
xa.nte                                -14.3964
xa.nmiri                               13.8238
xa.nme1                                14.5293
xa.nme2                                 14.529
xa.nve                                 14.4085
xa.ny                                 -1.00631
xa.nvle                               -14.4094
xa.nbb                               -0.299223
xa.nbn                                0.971325
xa.nen                                0.307008
xa.nbp                                -1.00474
xa.nep                               -0.340401
rga                                 -0.0165752
rg10a                               -0.0165752
xf1.nref                              -13.7002
xf1.ncasc                              9.88658
xf1.nx                                0.956446
xf1.nhi                                13.6993
outf1                               -0.0331463
fbf1                                -0.0331461
xf1.nrefm                             -14.3501
xf1.d1n                                9.20861
xf1.g1                              -0.0165753
xf1.s1                                0.452827
xf1.d2n                                9.20928
xf1.g2                              -0.0331461
xf1.s2                                0.447952
xf1.src                               0.231699
xf1.nte                               -14.3964
xf1.nmiri                              13.8238
xf1.nme1                               14.5293
xf1.nme2                                14.529
xf1.nve                                14.4085
xf1.ny                                -1.02276
xf1.nvle                              -14.4094
xf1.nbb                              -0.315667
xf1.nbn                                0.95488
xf1.nen                               0.290559
xf1.nbp                               -1.02119
xf1.nep                              -0.356852
rgf1                                 -0.033146
rg10f1                              -0.0331461
xf2.nref                              -13.7002
xf2.ncasc                              9.88658
xf2.nx                                0.956446
xf2.nhi                                13.6993
outf2                               -0.0331463
fbf2                                -0.0331461
xf2.nrefm                             -14.3501
xf2.d1n                                9.20861
xf2.g1                              -0.0165753
xf2.s1                                0.452827
xf2.d2n                                9.20928
xf2.g2                              -0.0331461
xf2.s2                                0.447952
xf2.src                               0.231699
xf2.nte                               -14.3964
xf2.nmiri                              13.8238
xf2.nme1                               14.5293
xf2.nme2                                14.529
xf2.nve                                14.4085
xf2.ny                                -1.02276
xf2.nvle                              -14.4094
xf2.nbb                              -0.315667
xf2.nbn                                0.95488
xf2.nen                               0.290559
xf2.nbp                               -1.02119
xf2.nep                              -0.356852
rgf2                                 -0.033146
rg10f2                              -0.0331461
sel1                                -0.0165753
sel2                                -0.0165753
fix1                                -0.0165753
j1                                           0
fix2                                -0.0165753
j2                                           0
vin#branch                         9.69791e-12
vmm#branch                           0.0821614
vpp#branch                           -0.079081


No. of Data Rows : 401
vpa                 =  3.79986e+00 at=  4.25213e-03
vpj2                =  3.80963e+00 at=  4.25213e-03
irs1                =  2.74456e-04 from=  3.00213e-03 to=  5.00000e-03
a2x                 =  1.60603e-02 at=  4.25213e-03
a2n                 =  1.30486e-02 at=  3.75213e-03
a3x                 =  -1.30993e-02 at=  4.25213e-03
a3n                 =  -1.60339e-02 at=  3.75213e-03
f12x                =  1.45611e-02 at=  3.24713e-03
f12n                =  1.45512e-02 at=  4.74213e-03
f13x                =  -1.45411e-02 at=  4.74213e-03
f13n                =  -1.45711e-02 at=  3.24213e-03
f22x                =  1.45611e-02 at=  3.24713e-03
f22n                =  1.45512e-02 at=  4.74213e-03
f23x                =  -1.45411e-02 at=  4.74213e-03
f23n                =  -1.45711e-02 at=  3.24213e-03
cablaggio=2 f=1000 RJ1=10k  XA min 0.0130486  XF1 min 0.0145512  XF2 min 0.0145512
Doing analysis at TEMP = 27.000000 and TNOM = 27.000000

Using SPARSE 1.3 as Direct Linear Solver

Initial Transient Solution
--------------------------

Node                                   Voltage
----                                   -------
vplus                                       15
vminus                                     -15
src                                          0
in                                 1.45469e-11
xa.nref                               -13.7002
xa.ncasc                               9.88658
xa.nx                                  0.97289
xa.nhi                                 13.6993
outa                                -0.0165753
fba                                 -0.0165752
xa.nrefm                              -14.3501
xa.d1n                                  9.2086
xa.g1                              9.84339e-10
xa.s1                                  0.46932
xa.d2n                                 9.20928
xa.g2                               -0.0165752
xa.s2                                 0.464444
xa.src                                 0.24819
xa.nte                                -14.3964
xa.nmiri                               13.8238
xa.nme1                                14.5293
xa.nme2                                 14.529
xa.nve                                 14.4085
xa.ny                                 -1.00631
xa.nvle                               -14.4094
xa.nbb                               -0.299223
xa.nbn                                0.971325
xa.nen                                0.307008
xa.nbp                                -1.00474
xa.nep                               -0.340401
rga                                 -0.0165752
rg10a                               -0.0165752
xf1.nref                              -13.7002
xf1.ncasc                              9.88658
xf1.nx                                0.956446
xf1.nhi                                13.6993
outf1                               -0.0331463
fbf1                                -0.0331461
xf1.nrefm                             -14.3501
xf1.d1n                                9.20861
xf1.g1                              -0.0165753
xf1.s1                                0.452827
xf1.d2n                                9.20928
xf1.g2                              -0.0331461
xf1.s2                                0.447952
xf1.src                               0.231699
xf1.nte                               -14.3964
xf1.nmiri                              13.8238
xf1.nme1                               14.5293
xf1.nme2                                14.529
xf1.nve                                14.4085
xf1.ny                                -1.02276
xf1.nvle                              -14.4094
xf1.nbb                              -0.315667
xf1.nbn                                0.95488
xf1.nen                               0.290559
xf1.nbp                               -1.02119
xf1.nep                              -0.356852
rgf1                                 -0.033146
rg10f1                              -0.0331461
xf2.nref                              -13.7002
xf2.ncasc                              9.88658
xf2.nx                                0.956446
xf2.nhi                                13.6993
outf2                               -0.0331463
fbf2                                -0.0331461
xf2.nrefm                             -14.3501
xf2.d1n                                9.20861
xf2.g1                              -0.0165753
xf2.s1                                0.452827
xf2.d2n                                9.20928
xf2.g2                              -0.0331461
xf2.s2                                0.447952
xf2.src                               0.231699
xf2.nte                               -14.3964
xf2.nmiri                              13.8238
xf2.nme1                               14.5293
xf2.nme2                                14.529
xf2.nve                                14.4085
xf2.ny                                -1.02276
xf2.nvle                              -14.4094
xf2.nbb                              -0.315667
xf2.nbn                                0.95488
xf2.nen                               0.290559
xf2.nbp                               -1.02119
xf2.nep                              -0.356852
rgf2                                 -0.033146
rg10f2                              -0.0331461
sel1                                -0.0165753
sel2                                -0.0165753
fix1                                -0.0165753
j1                                           0
fix2                                -0.0165753
j2                                           0
vin#branch                         9.69791e-12
vmm#branch                           0.0821614
vpp#branch                           -0.079081


No. of Data Rows : 401
vpa                 =  3.79971e+00 at=  3.25221e-03
vpj2                =  3.80949e+00 at=  4.25221e-03
irs1                =  2.58109e-03 from=  3.00221e-03 to=  5.00000e-03
a2x                 =  1.76779e-02 at=  4.24721e-03
a2n                 =  1.14154e-02 at=  3.74721e-03
a3x                 =  -1.15362e-02 at=  4.24721e-03
a3n                 =  -1.76830e-02 at=  3.74721e-03
f12x                =  1.45611e-02 at=  3.24721e-03
f12n                =  1.45512e-02 at=  4.74221e-03
f13x                =  -1.45411e-02 at=  4.74221e-03
f13n                =  -1.45711e-02 at=  3.24221e-03
f22x                =  1.45611e-02 at=  3.24721e-03
f22n                =  1.45512e-02 at=  4.74221e-03
f23x                =  -1.45411e-02 at=  4.74221e-03
f23n                =  -1.45711e-02 at=  3.24221e-03
cablaggio=2 f=1000 RJ1=1k  XA min 0.0114154  XF1 min 0.0145512  XF2 min 0.0145512
Doing analysis at TEMP = 27.000000 and TNOM = 27.000000

Using SPARSE 1.3 as Direct Linear Solver

Initial Transient Solution
--------------------------

Node                                   Voltage
----                                   -------
vplus                                       15
vminus                                     -15
src                                          0
in                                 1.45469e-11
xa.nref                               -13.7002
xa.ncasc                               9.88658
xa.nx                                  0.97289
xa.nhi                                 13.6993
outa                                -0.0165753
fba                                 -0.0165752
xa.nrefm                              -14.3501
xa.d1n                                  9.2086
xa.g1                              9.84339e-10
xa.s1                                  0.46932
xa.d2n                                 9.20928
xa.g2                               -0.0165752
xa.s2                                 0.464444
xa.src                                 0.24819
xa.nte                                -14.3964
xa.nmiri                               13.8238
xa.nme1                                14.5293
xa.nme2                                 14.529
xa.nve                                 14.4085
xa.ny                                 -1.00631
xa.nvle                               -14.4094
xa.nbb                               -0.299223
xa.nbn                                0.971325
xa.nen                                0.307008
xa.nbp                                -1.00474
xa.nep                               -0.340401
rga                                 -0.0165752
rg10a                               -0.0165752
xf1.nref                              -13.7002
xf1.ncasc                              9.88658
xf1.nx                                0.956446
xf1.nhi                                13.6993
outf1                               -0.0331463
fbf1                                -0.0331461
xf1.nrefm                             -14.3501
xf1.d1n                                9.20861
xf1.g1                              -0.0165753
xf1.s1                                0.452827
xf1.d2n                                9.20928
xf1.g2                              -0.0331461
xf1.s2                                0.447952
xf1.src                               0.231699
xf1.nte                               -14.3964
xf1.nmiri                              13.8238
xf1.nme1                               14.5293
xf1.nme2                                14.529
xf1.nve                                14.4085
xf1.ny                                -1.02276
xf1.nvle                              -14.4094
xf1.nbb                              -0.315667
xf1.nbn                                0.95488
xf1.nen                               0.290559
xf1.nbp                               -1.02119
xf1.nep                              -0.356852
rgf1                                 -0.033146
rg10f1                              -0.0331461
xf2.nref                              -13.7002
xf2.ncasc                              9.88658
xf2.nx                                0.956446
xf2.nhi                                13.6993
outf2                               -0.0331463
fbf2                                -0.0331461
xf2.nrefm                             -14.3501
xf2.d1n                                9.20861
xf2.g1                              -0.0165753
xf2.s1                                0.452827
xf2.d2n                                9.20928
xf2.g2                              -0.0331461
xf2.s2                                0.447952
xf2.src                               0.231699
xf2.nte                               -14.3964
xf2.nmiri                              13.8238
xf2.nme1                               14.5293
xf2.nme2                                14.529
xf2.nve                                14.4085
xf2.ny                                -1.02276
xf2.nvle                              -14.4094
xf2.nbb                              -0.315667
xf2.nbn                                0.95488
xf2.nen                               0.290559
xf2.nbp                               -1.02119
xf2.nep                              -0.356852
rgf2                                 -0.033146
rg10f2                              -0.0331461
sel1                                -0.0165753
sel2                                -0.0165753
fix1                                -0.0165753
j1                                           0
fix2                                -0.0165753
j2                                           0
vin#branch                         9.69791e-12
vmm#branch                           0.0821614
vpp#branch                           -0.079081


No. of Data Rows : 401
vpa                 =  3.79893e+00 at=  3.24791e-03
vpj2                =  3.80878e+00 at=  4.24791e-03
irs1                =  1.78938e-02 from=  3.00291e-03 to=  5.00000e-03
a2x                 =  2.92486e-02 at=  4.21791e-03
a2n                 =  1.53005e-03 at=  3.71791e-03
a3x                 =  -1.70667e-03 at=  4.21791e-03
a3n                 =  -2.91332e-02 at=  3.71791e-03
f12x                =  1.45611e-02 at=  3.24791e-03
f12n                =  1.45512e-02 at=  4.74291e-03
f13x                =  -1.45411e-02 at=  4.73791e-03
f13n                =  -1.45711e-02 at=  3.24291e-03
f22x                =  1.45611e-02 at=  3.24791e-03
f22n                =  1.45512e-02 at=  4.74291e-03
f23x                =  -1.45411e-02 at=  4.73791e-03
f23n                =  -1.45711e-02 at=  3.24291e-03
cablaggio=2 f=1000 RJ1=100  XA min 0.00153005  XF1 min 0.0145512  XF2 min 0.0145512
Doing analysis at TEMP = 27.000000 and TNOM = 27.000000

Using SPARSE 1.3 as Direct Linear Solver

Initial Transient Solution
--------------------------

Node                                   Voltage
----                                   -------
vplus                                       15
vminus                                     -15
src                                          0
in                                 1.45469e-11
xa.nref                               -13.7002
xa.ncasc                               9.88658
xa.nx                                  0.97289
xa.nhi                                 13.6993
outa                                -0.0165753
fba                                 -0.0165752
xa.nrefm                              -14.3501
xa.d1n                                  9.2086
xa.g1                              9.84339e-10
xa.s1                                  0.46932
xa.d2n                                 9.20928
xa.g2                               -0.0165752
xa.s2                                 0.464444
xa.src                                 0.24819
xa.nte                                -14.3964
xa.nmiri                               13.8238
xa.nme1                                14.5293
xa.nme2                                 14.529
xa.nve                                 14.4085
xa.ny                                 -1.00631
xa.nvle                               -14.4094
xa.nbb                               -0.299223
xa.nbn                                0.971325
xa.nen                                0.307008
xa.nbp                                -1.00474
xa.nep                               -0.340401
rga                                 -0.0165752
rg10a                               -0.0165752
xf1.nref                              -13.7002
xf1.ncasc                              9.88658
xf1.nx                                0.956446
xf1.nhi                                13.6993
outf1                               -0.0331463
fbf1                                -0.0331461
xf1.nrefm                             -14.3501
xf1.d1n                                9.20861
xf1.g1                              -0.0165753
xf1.s1                                0.452827
xf1.d2n                                9.20928
xf1.g2                              -0.0331461
xf1.s2                                0.447952
xf1.src                               0.231699
xf1.nte                               -14.3964
xf1.nmiri                              13.8238
xf1.nme1                               14.5293
xf1.nme2                                14.529
xf1.nve                                14.4085
xf1.ny                                -1.02276
xf1.nvle                              -14.4094
xf1.nbb                              -0.315667
xf1.nbn                                0.95488
xf1.nen                               0.290559
xf1.nbp                               -1.02119
xf1.nep                              -0.356852
rgf1                                 -0.033146
rg10f1                              -0.0331461
xf2.nref                              -13.7002
xf2.ncasc                              9.88658
xf2.nx                                0.956446
xf2.nhi                                13.6993
outf2                               -0.0331463
fbf2                                -0.0331461
xf2.nrefm                             -14.3501
xf2.d1n                                9.20861
xf2.g1                              -0.0165753
xf2.s1                                0.452827
xf2.d2n                                9.20928
xf2.g2                              -0.0331461
xf2.s2                                0.447952
xf2.src                               0.231699
xf2.nte                               -14.3964
xf2.nmiri                              13.8238
xf2.nme1                               14.5293
xf2.nme2                                14.529
xf2.nve                                14.4085
xf2.ny                                -1.02276
xf2.nvle                              -14.4094
xf2.nbb                              -0.315667
xf2.nbn                                0.95488
xf2.nen                               0.290559
xf2.nbp                               -1.02119
xf2.nep                              -0.356852
rgf2                                 -0.033146
rg10f2                              -0.0331461
sel1                                -0.0165753
sel2                                -0.0165753
fix1                                -0.0165753
j1                                           0
fix2                                -0.0165753
j2                                           0
vin#branch                         9.69791e-12
vmm#branch                           0.0821614
vpp#branch                           -0.079081


No. of Data Rows : 401
vpa                 =  3.79877e+00 at=  3.24824e-03
vpj2                =  3.80862e+00 at=  4.24824e-03
irs1                =  2.70205e-02 from=  3.00324e-03 to=  5.00000e-03
a2x                 =  4.02209e-02 at=  4.19824e-03
a2n                 =  3.82731e-07 at=  3.70824e-03
a3x                 =  -5.92818e-07 at=  4.20824e-03
a3n                 =  -4.02483e-02 at=  3.69824e-03
f12x                =  1.45611e-02 at=  3.24824e-03
f12n                =  1.45512e-02 at=  4.74324e-03
f13x                =  -1.45411e-02 at=  4.73824e-03
f13n                =  -1.45711e-02 at=  3.24324e-03
f22x                =  1.45611e-02 at=  3.24824e-03
f22n                =  1.45512e-02 at=  4.74324e-03
f23x                =  -1.45411e-02 at=  4.73824e-03
f23n                =  -1.45711e-02 at=  3.24324e-03
cablaggio=2 f=1000 RJ1=47  XA min 3.82731E-07  XF1 min 0.0145512  XF2 min 0.0145512
Doing analysis at TEMP = 27.000000 and TNOM = 27.000000

Using SPARSE 1.3 as Direct Linear Solver

Initial Transient Solution
--------------------------

Node                                   Voltage
----                                   -------
vplus                                       15
vminus                                     -15
src                                          0
in                                 1.45469e-11
xa.nref                               -13.7002
xa.ncasc                               9.88658
xa.nx                                  0.97289
xa.nhi                                 13.6993
outa                                -0.0165753
fba                                 -0.0165752
xa.nrefm                              -14.3501
xa.d1n                                  9.2086
xa.g1                              9.84339e-10
xa.s1                                  0.46932
xa.d2n                                 9.20928
xa.g2                               -0.0165752
xa.s2                                 0.464444
xa.src                                 0.24819
xa.nte                                -14.3964
xa.nmiri                               13.8238
xa.nme1                                14.5293
xa.nme2                                 14.529
xa.nve                                 14.4085
xa.ny                                 -1.00631
xa.nvle                               -14.4094
xa.nbb                               -0.299223
xa.nbn                                0.971325
xa.nen                                0.307008
xa.nbp                                -1.00474
xa.nep                               -0.340401
rga                                 -0.0165752
rg10a                               -0.0165752
xf1.nref                              -13.7002
xf1.ncasc                              9.88658
xf1.nx                                0.956446
xf1.nhi                                13.6993
outf1                               -0.0331463
fbf1                                -0.0331461
xf1.nrefm                             -14.3501
xf1.d1n                                9.20861
xf1.g1                              -0.0165753
xf1.s1                                0.452827
xf1.d2n                                9.20928
xf1.g2                              -0.0331461
xf1.s2                                0.447952
xf1.src                               0.231699
xf1.nte                               -14.3964
xf1.nmiri                              13.8238
xf1.nme1                               14.5293
xf1.nme2                                14.529
xf1.nve                                14.4085
xf1.ny                                -1.02276
xf1.nvle                              -14.4094
xf1.nbb                              -0.315667
xf1.nbn                                0.95488
xf1.nen                               0.290559
xf1.nbp                               -1.02119
xf1.nep                              -0.356852
rgf1                                 -0.033146
rg10f1                              -0.0331461
xf2.nref                              -13.7002
xf2.ncasc                              9.88658
xf2.nx                                0.956446
xf2.nhi                                13.6993
outf2                               -0.0331463
fbf2                                -0.0331461
xf2.nrefm                             -14.3501
xf2.d1n                                9.20861
xf2.g1                              -0.0165753
xf2.s1                                0.452827
xf2.d2n                                9.20928
xf2.g2                              -0.0331461
xf2.s2                                0.447952
xf2.src                               0.231699
xf2.nte                               -14.3964
xf2.nmiri                              13.8238
xf2.nme1                               14.5293
xf2.nme2                                14.529
xf2.nve                                14.4085
xf2.ny                                -1.02276
xf2.nvle                              -14.4094
xf2.nbb                              -0.315667
xf2.nbn                                0.95488
xf2.nen                               0.290559
xf2.nbp                               -1.02119
xf2.nep                              -0.356852
rgf2                                 -0.033146
rg10f2                              -0.0331461
sel1                                -0.0165753
sel2                                -0.0165753
fix1                                -0.0165753
j1                                           0
fix2                                -0.0165753
j2                                           0
vin#branch                         9.69791e-12
vmm#branch                           0.0821614
vpp#branch                           -0.079081


No. of Data Rows : 401
vpa                 =  3.79871e+00 at=  4.24861e-03
vpj2                =  3.80855e+00 at=  4.24861e-03
irs1                =  3.51207e-02 from=  3.00361e-03 to=  5.00000e-03
a2x                 =  5.14324e-02 at=  4.18361e-03
a2n                 =  -1.62859e-07 at=  4.77361e-03
a3x                 =  1.76569e-07 at=  3.27361e-03
a3n                 =  -5.14572e-02 at=  3.68361e-03
f12x                =  1.45611e-02 at=  3.24861e-03
f12n                =  1.45512e-02 at=  4.74361e-03
f13x                =  -1.45411e-02 at=  4.73861e-03
f13n                =  -1.45711e-02 at=  3.23861e-03
f22x                =  1.45611e-02 at=  3.24861e-03
f22n                =  1.45512e-02 at=  4.74361e-03
f23x                =  -1.45411e-02 at=  4.73861e-03
f23n                =  -1.45711e-02 at=  3.23861e-03
cablaggio=2 f=1000 RJ1=22  XA min -1.62859E-07  XF1 min 0.0145512  XF2 min 0.0145512
Doing analysis at TEMP = 27.000000 and TNOM = 27.000000

Using SPARSE 1.3 as Direct Linear Solver

Initial Transient Solution
--------------------------

Node                                   Voltage
----                                   -------
vplus                                       15
vminus                                     -15
src                                          0
in                                 1.45469e-11
xa.nref                               -13.7002
xa.ncasc                               9.88658
xa.nx                                  0.97289
xa.nhi                                 13.6993
outa                                -0.0165753
fba                                 -0.0165752
xa.nrefm                              -14.3501
xa.d1n                                  9.2086
xa.g1                              9.84339e-10
xa.s1                                  0.46932
xa.d2n                                 9.20928
xa.g2                               -0.0165752
xa.s2                                 0.464444
xa.src                                 0.24819
xa.nte                                -14.3964
xa.nmiri                               13.8238
xa.nme1                                14.5293
xa.nme2                                 14.529
xa.nve                                 14.4085
xa.ny                                 -1.00631
xa.nvle                               -14.4094
xa.nbb                               -0.299223
xa.nbn                                0.971325
xa.nen                                0.307008
xa.nbp                                -1.00474
xa.nep                               -0.340401
rga                                 -0.0165752
rg10a                               -0.0165752
xf1.nref                              -13.7002
xf1.ncasc                              9.88658
xf1.nx                                0.956446
xf1.nhi                                13.6993
outf1                               -0.0331463
fbf1                                -0.0331461
xf1.nrefm                             -14.3501
xf1.d1n                                9.20861
xf1.g1                              -0.0165753
xf1.s1                                0.452827
xf1.d2n                                9.20928
xf1.g2                              -0.0331461
xf1.s2                                0.447952
xf1.src                               0.231699
xf1.nte                               -14.3964
xf1.nmiri                              13.8238
xf1.nme1                               14.5293
xf1.nme2                                14.529
xf1.nve                                14.4085
xf1.ny                                -1.02276
xf1.nvle                              -14.4094
xf1.nbb                              -0.315667
xf1.nbn                                0.95488
xf1.nen                               0.290559
xf1.nbp                               -1.02119
xf1.nep                              -0.356852
rgf1                                 -0.033146
rg10f1                              -0.0331461
xf2.nref                              -13.7002
xf2.ncasc                              9.88658
xf2.nx                                0.956446
xf2.nhi                                13.6993
outf2                               -0.0331463
fbf2                                -0.0331461
xf2.nrefm                             -14.3501
xf2.d1n                                9.20861
xf2.g1                              -0.0165753
xf2.s1                                0.452827
xf2.d2n                                9.20928
xf2.g2                              -0.0331461
xf2.s2                                0.447952
xf2.src                               0.231699
xf2.nte                               -14.3964
xf2.nmiri                              13.8238
xf2.nme1                               14.5293
xf2.nme2                                14.529
xf2.nve                                14.4085
xf2.ny                                -1.02276
xf2.nvle                              -14.4094
xf2.nbb                              -0.315667
xf2.nbn                                0.95488
xf2.nen                               0.290559
xf2.nbp                               -1.02119
xf2.nep                              -0.356852
rgf2                                 -0.033146
rg10f2                              -0.0331461
sel1                                -0.0165753
sel2                                -0.0165753
fix1                                -0.0165753
j1                                           0
fix2                                -0.0165753
j2                                           0
vin#branch                         9.69791e-12
vmm#branch                           0.0821614
vpp#branch                           -0.079081

 Reference value :  4.05400e-03
No. of Data Rows : 401
vpa                 =  3.79875e+00 at=  3.24900e-03
vpj2                =  3.80859e+00 at=  4.24900e-03
irs1                =  4.07116e-02 from=  3.00400e-03 to=  5.00000e-03
a2x                 =  5.91618e-02 at=  4.16900e-03
a2n                 =  -2.91212e-07 at=  4.78900e-03
a3x                 =  3.13322e-07 at=  4.28400e-03
a3n                 =  -5.91869e-02 at=  3.66900e-03
f12x                =  1.45611e-02 at=  3.24900e-03
f12n                =  1.45512e-02 at=  4.73900e-03
f13x                =  -1.45411e-02 at=  4.73900e-03
f13n                =  -1.45711e-02 at=  3.23900e-03
f22x                =  1.45611e-02 at=  3.24900e-03
f22n                =  1.45512e-02 at=  4.73900e-03
f23x                =  -1.45411e-02 at=  4.73900e-03
f23n                =  -1.45711e-02 at=  3.23900e-03
cablaggio=2 f=1000 RJ1=10  XA min -2.91212E-07  XF1 min 0.0145512  XF2 min 0.0145512
Doing analysis at TEMP = 27.000000 and TNOM = 27.000000

Using SPARSE 1.3 as Direct Linear Solver

Initial Transient Solution
--------------------------

Node                                   Voltage
----                                   -------
vplus                                       15
vminus                                     -15
src                                          0
in                                 1.45469e-11
xa.nref                               -13.7002
xa.ncasc                               9.88658
xa.nx                                  0.97289
xa.nhi                                 13.6993
outa                                -0.0165753
fba                                 -0.0165752
xa.nrefm                              -14.3501
xa.d1n                                  9.2086
xa.g1                              9.84339e-10
xa.s1                                  0.46932
xa.d2n                                 9.20928
xa.g2                               -0.0165752
xa.s2                                 0.464444
xa.src                                 0.24819
xa.nte                                -14.3964
xa.nmiri                               13.8238
xa.nme1                                14.5293
xa.nme2                                 14.529
xa.nve                                 14.4085
xa.ny                                 -1.00631
xa.nvle                               -14.4094
xa.nbb                               -0.299223
xa.nbn                                0.971325
xa.nen                                0.307008
xa.nbp                                -1.00474
xa.nep                               -0.340401
rga                                 -0.0165752
rg10a                               -0.0165752
xf1.nref                              -13.7002
xf1.ncasc                              9.88658
xf1.nx                                0.956446
xf1.nhi                                13.6993
outf1                               -0.0331463
fbf1                                -0.0331461
xf1.nrefm                             -14.3501
xf1.d1n                                9.20861
xf1.g1                              -0.0165753
xf1.s1                                0.452827
xf1.d2n                                9.20928
xf1.g2                              -0.0331461
xf1.s2                                0.447952
xf1.src                               0.231699
xf1.nte                               -14.3964
xf1.nmiri                              13.8238
xf1.nme1                               14.5293
xf1.nme2                                14.529
xf1.nve                                14.4085
xf1.ny                                -1.02276
xf1.nvle                              -14.4094
xf1.nbb                              -0.315667
xf1.nbn                                0.95488
xf1.nen                               0.290559
xf1.nbp                               -1.02119
xf1.nep                              -0.356852
rgf1                                 -0.033146
rg10f1                              -0.0331461
xf2.nref                              -13.7002
xf2.ncasc                              9.88658
xf2.nx                                0.956446
xf2.nhi                                13.6993
outf2                               -0.0331463
fbf2                                -0.0331461
xf2.nrefm                             -14.3501
xf2.d1n                                9.20861
xf2.g1                              -0.0165753
xf2.s1                                0.452827
xf2.d2n                                9.20928
xf2.g2                              -0.0331461
xf2.s2                                0.447952
xf2.src                               0.231699
xf2.nte                               -14.3964
xf2.nmiri                              13.8238
xf2.nme1                               14.5293
xf2.nme2                                14.529
xf2.nve                                14.4085
xf2.ny                                -1.02276
xf2.nvle                              -14.4094
xf2.nbb                              -0.315667
xf2.nbn                                0.95488
xf2.nen                               0.290559
xf2.nbp                               -1.02119
xf2.nep                              -0.356852
rgf2                                 -0.033146
rg10f2                              -0.0331461
sel1                                -0.0165753
sel2                                -0.0165753
fix1                                -0.0165753
j1                                           0
fix2                                -0.0165753
j2                                           0
vin#branch                         9.69791e-12
vmm#branch                           0.0821614
vpp#branch                           -0.079081


No. of Data Rows : 401
vpa                 =  3.79887e+00 at=  4.24953e-03
vpj2                =  3.80869e+00 at=  4.24953e-03
irs1                =  4.59446e-02 from=  3.00453e-03 to=  5.00000e-03
a2x                 =  6.63727e-02 at=  4.15453e-03
a2n                 =  -3.18335e-07 at=  4.79453e-03
a3x                 =  3.74724e-07 at=  4.28953e-03
a3n                 =  -6.63984e-02 at=  3.65453e-03
f12x                =  1.45611e-02 at=  3.24453e-03
f12n                =  1.45512e-02 at=  4.74453e-03
f13x                =  -1.45411e-02 at=  4.73953e-03
f13n                =  -1.45711e-02 at=  3.23953e-03
f22x                =  1.45611e-02 at=  3.24453e-03
f22n                =  1.45512e-02 at=  4.74453e-03
f23x                =  -1.45411e-02 at=  4.73953e-03
f23n                =  -1.45711e-02 at=  3.23953e-03
cablaggio=2 f=1000 RJ1=1  XA min -3.18335E-07  XF1 min 0.0145512  XF2 min 0.0145512
Doing analysis at TEMP = 27.000000 and TNOM = 27.000000

Using SPARSE 1.3 as Direct Linear Solver

Initial Transient Solution
--------------------------

Node                                   Voltage
----                                   -------
vplus                                       15
vminus                                     -15
src                                          0
in                                 1.45469e-11
xa.nref                               -13.7002
xa.ncasc                               9.88658
xa.nx                                  0.97289
xa.nhi                                 13.6993
outa                                -0.0165753
fba                                 -0.0165752
xa.nrefm                              -14.3501
xa.d1n                                  9.2086
xa.g1                              9.84339e-10
xa.s1                                  0.46932
xa.d2n                                 9.20928
xa.g2                               -0.0165752
xa.s2                                 0.464444
xa.src                                 0.24819
xa.nte                                -14.3964
xa.nmiri                               13.8238
xa.nme1                                14.5293
xa.nme2                                 14.529
xa.nve                                 14.4085
xa.ny                                 -1.00631
xa.nvle                               -14.4094
xa.nbb                               -0.299223
xa.nbn                                0.971325
xa.nen                                0.307008
xa.nbp                                -1.00474
xa.nep                               -0.340401
rga                                 -0.0165752
rg10a                               -0.0165752
xf1.nref                              -13.7002
xf1.ncasc                              9.88658
xf1.nx                                0.956446
xf1.nhi                                13.6993
outf1                               -0.0331463
fbf1                                -0.0331461
xf1.nrefm                             -14.3501
xf1.d1n                                9.20861
xf1.g1                              -0.0165753
xf1.s1                                0.452827
xf1.d2n                                9.20928
xf1.g2                              -0.0331461
xf1.s2                                0.447952
xf1.src                               0.231699
xf1.nte                               -14.3964
xf1.nmiri                              13.8238
xf1.nme1                               14.5293
xf1.nme2                                14.529
xf1.nve                                14.4085
xf1.ny                                -1.02276
xf1.nvle                              -14.4094
xf1.nbb                              -0.315667
xf1.nbn                                0.95488
xf1.nen                               0.290559
xf1.nbp                               -1.02119
xf1.nep                              -0.356852
rgf1                                 -0.033146
rg10f1                              -0.0331461
xf2.nref                              -13.7002
xf2.ncasc                              9.88658
xf2.nx                                0.956446
xf2.nhi                                13.6993
outf2                               -0.0331463
fbf2                                -0.0331461
xf2.nrefm                             -14.3501
xf2.d1n                                9.20861
xf2.g1                              -0.0165753
xf2.s1                                0.452827
xf2.d2n                                9.20928
xf2.g2                              -0.0331461
xf2.s2                                0.447952
xf2.src                               0.231699
xf2.nte                               -14.3964
xf2.nmiri                              13.8238
xf2.nme1                               14.5293
xf2.nme2                                14.529
xf2.nve                                14.4085
xf2.ny                                -1.02276
xf2.nvle                              -14.4094
xf2.nbb                              -0.315667
xf2.nbn                                0.95488
xf2.nen                               0.290559
xf2.nbp                               -1.02119
xf2.nep                              -0.356852
rgf2                                 -0.033146
rg10f2                              -0.0331461
sel1                                -0.0165753
sel2                                -0.0165753
fix1                                -0.0165753
j1                                           0
fix2                                -0.0165753
j2                                           0
vin#branch                         9.69791e-12
vmm#branch                           0.0821614
vpp#branch                           -0.079081


No. of Data Rows : 401
vpa                 =  3.79889e+00 at=  4.24960e-03
vpj2                =  3.80871e+00 at=  4.24960e-03
irs1                =  4.65832e-02 from=  3.00460e-03 to=  5.00000e-03
a2x                 =  6.72549e-02 at=  4.15460e-03
a2n                 =  -3.16342e-07 at=  4.79460e-03
a3x                 =  3.92532e-07 at=  4.28960e-03
a3n                 =  -6.72807e-02 at=  4.65460e-03
f12x                =  1.45611e-02 at=  3.24460e-03
f12n                =  1.45512e-02 at=  4.73960e-03
f13x                =  -1.45411e-02 at=  4.73960e-03
f13n                =  -1.45711e-02 at=  3.23960e-03
f22x                =  1.45611e-02 at=  3.24460e-03
f22n                =  1.45512e-02 at=  4.73960e-03
f23x                =  -1.45411e-02 at=  4.73960e-03
f23n                =  -1.45711e-02 at=  3.23960e-03
cablaggio=2 f=1000 RJ1=0.01  XA min -3.16342E-07  XF1 min 0.0145512  XF2 min 0.0145512
Doing analysis at TEMP = 27.000000 and TNOM = 27.000000

Using SPARSE 1.3 as Direct Linear Solver

Initial Transient Solution
--------------------------

Node                                   Voltage
----                                   -------
vplus                                       15
vminus                                     -15
src                                          0
in                                 1.45469e-11
xa.nref                               -13.7002
xa.ncasc                               9.88658
xa.nx                                  0.97289
xa.nhi                                 13.6993
outa                                -0.0165753
fba                                 -0.0165752
xa.nrefm                              -14.3501
xa.d1n                                  9.2086
xa.g1                              9.84339e-10
xa.s1                                  0.46932
xa.d2n                                 9.20928
xa.g2                               -0.0165752
xa.s2                                 0.464444
xa.src                                 0.24819
xa.nte                                -14.3964
xa.nmiri                               13.8238
xa.nme1                                14.5293
xa.nme2                                 14.529
xa.nve                                 14.4085
xa.ny                                 -1.00631
xa.nvle                               -14.4094
xa.nbb                               -0.299223
xa.nbn                                0.971325
xa.nen                                0.307008
xa.nbp                                -1.00474
xa.nep                               -0.340401
rga                                 -0.0165752
rg10a                               -0.0165752
xf1.nref                              -13.7002
xf1.ncasc                              9.88658
xf1.nx                                0.956446
xf1.nhi                                13.6993
outf1                               -0.0331463
fbf1                                -0.0331461
xf1.nrefm                             -14.3501
xf1.d1n                                9.20861
xf1.g1                              -0.0165753
xf1.s1                                0.452827
xf1.d2n                                9.20928
xf1.g2                              -0.0331461
xf1.s2                                0.447952
xf1.src                               0.231699
xf1.nte                               -14.3964
xf1.nmiri                              13.8238
xf1.nme1                               14.5293
xf1.nme2                                14.529
xf1.nve                                14.4085
xf1.ny                                -1.02276
xf1.nvle                              -14.4094
xf1.nbb                              -0.315667
xf1.nbn                                0.95488
xf1.nen                               0.290559
xf1.nbp                               -1.02119
xf1.nep                              -0.356852
rgf1                                 -0.033146
rg10f1                              -0.0331461
xf2.nref                              -13.7002
xf2.ncasc                              9.88658
xf2.nx                                0.956446
xf2.nhi                                13.6993
outf2                               -0.0331463
fbf2                                -0.0331461
xf2.nrefm                             -14.3501
xf2.d1n                                9.20861
xf2.g1                              -0.0165753
xf2.s1                                0.452827
xf2.d2n                                9.20928
xf2.g2                              -0.0331461
xf2.s2                                0.447952
xf2.src                               0.231699
xf2.nte                               -14.3964
xf2.nmiri                              13.8238
xf2.nme1                               14.5293
xf2.nme2                                14.529
xf2.nve                                14.4085
xf2.ny                                -1.02276
xf2.nvle                              -14.4094
xf2.nbb                              -0.315667
xf2.nbn                                0.95488
xf2.nen                               0.290559
xf2.nbp                               -1.02119
xf2.nep                              -0.356852
rgf2                                 -0.033146
rg10f2                              -0.0331461
sel1                                -0.0165753
sel2                                -0.0165753
fix1                                -0.0165753
j1                                           0
fix2                                -0.0165753
j2                                           0
vin#branch                         9.69791e-12
vmm#branch                           0.0821614
vpp#branch                           -0.079081

 Reference value :  3.33356e-03
No. of Data Rows : 8001
vpa                 =  3.80181e+00 at=  4.96256e-03
vpj2                =  3.81428e+00 at=  4.96256e-03
irs1                =  1.14877e-05 from=  3.00006e-03 to=  5.00000e-03
a2x                 =  1.58754e-02 at=  3.01256e-03
a2n                 =  1.32323e-02 at=  4.98756e-03
a3x                 =  -1.32795e-02 at=  4.96281e-03
a3n                 =  -1.58504e-02 at=  3.03781e-03
f12x                =  1.45626e-02 at=  3.00256e-03
f12n                =  1.45479e-02 at=  4.98206e-03
f13x                =  -1.45312e-02 at=  4.98131e-03
f13n                =  -1.45788e-02 at=  3.00506e-03
f22x                =  1.45626e-02 at=  3.00256e-03
f22n                =  1.45479e-02 at=  4.98206e-03
f23x                =  -1.45312e-02 at=  4.98131e-03
f23n                =  -1.45788e-02 at=  3.00506e-03
cablaggio=2 f=20000 RJ1=470k  XA min 0.0132323  XF1 min 0.014548  XF2 min 0.014548
Doing analysis at TEMP = 27.000000 and TNOM = 27.000000

Using SPARSE 1.3 as Direct Linear Solver

Initial Transient Solution
--------------------------

Node                                   Voltage
----                                   -------
vplus                                       15
vminus                                     -15
src                                          0
in                                 1.45469e-11
xa.nref                               -13.7002
xa.ncasc                               9.88658
xa.nx                                  0.97289
xa.nhi                                 13.6993
outa                                -0.0165753
fba                                 -0.0165752
xa.nrefm                              -14.3501
xa.d1n                                  9.2086
xa.g1                              9.84339e-10
xa.s1                                  0.46932
xa.d2n                                 9.20928
xa.g2                               -0.0165752
xa.s2                                 0.464444
xa.src                                 0.24819
xa.nte                                -14.3964
xa.nmiri                               13.8238
xa.nme1                                14.5293
xa.nme2                                 14.529
xa.nve                                 14.4085
xa.ny                                 -1.00631
xa.nvle                               -14.4094
xa.nbb                               -0.299223
xa.nbn                                0.971325
xa.nen                                0.307008
xa.nbp                                -1.00474
xa.nep                               -0.340401
rga                                 -0.0165752
rg10a                               -0.0165752
xf1.nref                              -13.7002
xf1.ncasc                              9.88658
xf1.nx                                0.956446
xf1.nhi                                13.6993
outf1                               -0.0331463
fbf1                                -0.0331461
xf1.nrefm                             -14.3501
xf1.d1n                                9.20861
xf1.g1                              -0.0165753
xf1.s1                                0.452827
xf1.d2n                                9.20928
xf1.g2                              -0.0331461
xf1.s2                                0.447952
xf1.src                               0.231699
xf1.nte                               -14.3964
xf1.nmiri                              13.8238
xf1.nme1                               14.5293
xf1.nme2                                14.529
xf1.nve                                14.4085
xf1.ny                                -1.02276
xf1.nvle                              -14.4094
xf1.nbb                              -0.315667
xf1.nbn                                0.95488
xf1.nen                               0.290559
xf1.nbp                               -1.02119
xf1.nep                              -0.356852
rgf1                                 -0.033146
rg10f1                              -0.0331461
xf2.nref                              -13.7002
xf2.ncasc                              9.88658
xf2.nx                                0.956446
xf2.nhi                                13.6993
outf2                               -0.0331463
fbf2                                -0.0331461
xf2.nrefm                             -14.3501
xf2.d1n                                9.20861
xf2.g1                              -0.0165753
xf2.s1                                0.452827
xf2.d2n                                9.20928
xf2.g2                              -0.0331461
xf2.s2                                0.447952
xf2.src                               0.231699
xf2.nte                               -14.3964
xf2.nmiri                              13.8238
xf2.nme1                               14.5293
xf2.nme2                                14.529
xf2.nve                                14.4085
xf2.ny                                -1.02276
xf2.nvle                              -14.4094
xf2.nbb                              -0.315667
xf2.nbn                                0.95488
xf2.nen                               0.290559
xf2.nbp                               -1.02119
xf2.nep                              -0.356852
rgf2                                 -0.033146
rg10f2                              -0.0331461
sel1                                -0.0165753
sel2                                -0.0165753
fix1                                -0.0165753
j1                                           0
fix2                                -0.0165753
j2                                           0
vin#branch                         9.69791e-12
vmm#branch                           0.0821614
vpp#branch                           -0.079081

 Reference value :  3.00007e-03
No. of Data Rows : 8001
vpa                 =  3.80180e+00 at=  4.96257e-03
vpj2                =  3.81427e+00 at=  4.96257e-03
irs1                =  2.74443e-04 from=  3.00007e-03 to=  5.00000e-03
a2x                 =  1.60617e-02 at=  3.01257e-03
a2n                 =  1.30483e-02 at=  4.98757e-03
a3x                 =  -1.30979e-02 at=  4.96282e-03
a3n                 =  -1.60344e-02 at=  3.03782e-03
f12x                =  1.45626e-02 at=  3.00257e-03
f12n                =  1.45479e-02 at=  4.98207e-03
f13x                =  -1.45312e-02 at=  4.98132e-03
f13n                =  -1.45788e-02 at=  3.00507e-03
f22x                =  1.45626e-02 at=  3.00257e-03
f22n                =  1.45479e-02 at=  4.98207e-03
f23x                =  -1.45312e-02 at=  4.98132e-03
f23n                =  -1.45788e-02 at=  3.00507e-03
cablaggio=2 f=20000 RJ1=10k  XA min 0.0130483  XF1 min 0.014548  XF2 min 0.014548
Doing analysis at TEMP = 27.000000 and TNOM = 27.000000

Using SPARSE 1.3 as Direct Linear Solver

Initial Transient Solution
--------------------------

Node                                   Voltage
----                                   -------
vplus                                       15
vminus                                     -15
src                                          0
in                                 1.45469e-11
xa.nref                               -13.7002
xa.ncasc                               9.88658
xa.nx                                  0.97289
xa.nhi                                 13.6993
outa                                -0.0165753
fba                                 -0.0165752
xa.nrefm                              -14.3501
xa.d1n                                  9.2086
xa.g1                              9.84339e-10
xa.s1                                  0.46932
xa.d2n                                 9.20928
xa.g2                               -0.0165752
xa.s2                                 0.464444
xa.src                                 0.24819
xa.nte                                -14.3964
xa.nmiri                               13.8238
xa.nme1                                14.5293
xa.nme2                                 14.529
xa.nve                                 14.4085
xa.ny                                 -1.00631
xa.nvle                               -14.4094
xa.nbb                               -0.299223
xa.nbn                                0.971325
xa.nen                                0.307008
xa.nbp                                -1.00474
xa.nep                               -0.340401
rga                                 -0.0165752
rg10a                               -0.0165752
xf1.nref                              -13.7002
xf1.ncasc                              9.88658
xf1.nx                                0.956446
xf1.nhi                                13.6993
outf1                               -0.0331463
fbf1                                -0.0331461
xf1.nrefm                             -14.3501
xf1.d1n                                9.20861
xf1.g1                              -0.0165753
xf1.s1                                0.452827
xf1.d2n                                9.20928
xf1.g2                              -0.0331461
xf1.s2                                0.447952
xf1.src                               0.231699
xf1.nte                               -14.3964
xf1.nmiri                              13.8238
xf1.nme1                               14.5293
xf1.nme2                                14.529
xf1.nve                                14.4085
xf1.ny                                -1.02276
xf1.nvle                              -14.4094
xf1.nbb                              -0.315667
xf1.nbn                                0.95488
xf1.nen                               0.290559
xf1.nbp                               -1.02119
xf1.nep                              -0.356852
rgf1                                 -0.033146
rg10f1                              -0.0331461
xf2.nref                              -13.7002
xf2.ncasc                              9.88658
xf2.nx                                0.956446
xf2.nhi                                13.6993
outf2                               -0.0331463
fbf2                                -0.0331461
xf2.nrefm                             -14.3501
xf2.d1n                                9.20861
xf2.g1                              -0.0165753
xf2.s1                                0.452827
xf2.d2n                                9.20928
xf2.g2                              -0.0331461
xf2.s2                                0.447952
xf2.src                               0.231699
xf2.nte                               -14.3964
xf2.nmiri                              13.8238
xf2.nme1                               14.5293
xf2.nme2                                14.529
xf2.nve                                14.4085
xf2.ny                                -1.02276
xf2.nvle                              -14.4094
xf2.nbb                              -0.315667
xf2.nbn                                0.95488
xf2.nen                               0.290559
xf2.nbp                               -1.02119
xf2.nep                              -0.356852
rgf2                                 -0.033146
rg10f2                              -0.0331461
sel1                                -0.0165753
sel2                                -0.0165753
fix1                                -0.0165753
j1                                           0
fix2                                -0.0165753
j2                                           0
vin#branch                         9.69791e-12
vmm#branch                           0.0821614
vpp#branch                           -0.079081

 Reference value :  3.00008e-03
No. of Data Rows : 8001
vpa                 =  3.80170e+00 at=  3.01258e-03
vpj2                =  3.81417e+00 at=  4.96258e-03
irs1                =  2.58410e-03 from=  3.00008e-03 to=  5.00000e-03
a2x                 =  1.77048e-02 at=  4.96258e-03
a2n                 =  1.14381e-02 at=  3.03758e-03
a3x                 =  -1.15105e-02 at=  4.96258e-03
a3n                 =  -1.76597e-02 at=  3.03758e-03
f12x                =  1.45626e-02 at=  3.00258e-03
f12n                =  1.45479e-02 at=  4.98208e-03
f13x                =  -1.45312e-02 at=  4.98133e-03
f13n                =  -1.45788e-02 at=  3.00508e-03
f22x                =  1.45626e-02 at=  3.00258e-03
f22n                =  1.45479e-02 at=  4.98208e-03
f23x                =  -1.45312e-02 at=  4.98133e-03
f23n                =  -1.45788e-02 at=  3.00508e-03
cablaggio=2 f=20000 RJ1=1k  XA min 0.0114381  XF1 min 0.014548  XF2 min 0.014548
Doing analysis at TEMP = 27.000000 and TNOM = 27.000000

Using SPARSE 1.3 as Direct Linear Solver

Initial Transient Solution
--------------------------

Node                                   Voltage
----                                   -------
vplus                                       15
vminus                                     -15
src                                          0
in                                 1.45469e-11
xa.nref                               -13.7002
xa.ncasc                               9.88658
xa.nx                                  0.97289
xa.nhi                                 13.6993
outa                                -0.0165753
fba                                 -0.0165752
xa.nrefm                              -14.3501
xa.d1n                                  9.2086
xa.g1                              9.84339e-10
xa.s1                                  0.46932
xa.d2n                                 9.20928
xa.g2                               -0.0165752
xa.s2                                 0.464444
xa.src                                 0.24819
xa.nte                                -14.3964
xa.nmiri                               13.8238
xa.nme1                                14.5293
xa.nme2                                 14.529
xa.nve                                 14.4085
xa.ny                                 -1.00631
xa.nvle                               -14.4094
xa.nbb                               -0.299223
xa.nbn                                0.971325
xa.nen                                0.307008
xa.nbp                                -1.00474
xa.nep                               -0.340401
rga                                 -0.0165752
rg10a                               -0.0165752
xf1.nref                              -13.7002
xf1.ncasc                              9.88658
xf1.nx                                0.956446
xf1.nhi                                13.6993
outf1                               -0.0331463
fbf1                                -0.0331461
xf1.nrefm                             -14.3501
xf1.d1n                                9.20861
xf1.g1                              -0.0165753
xf1.s1                                0.452827
xf1.d2n                                9.20928
xf1.g2                              -0.0331461
xf1.s2                                0.447952
xf1.src                               0.231699
xf1.nte                               -14.3964
xf1.nmiri                              13.8238
xf1.nme1                               14.5293
xf1.nme2                                14.529
xf1.nve                                14.4085
xf1.ny                                -1.02276
xf1.nvle                              -14.4094
xf1.nbb                              -0.315667
xf1.nbn                                0.95488
xf1.nen                               0.290559
xf1.nbp                               -1.02119
xf1.nep                              -0.356852
rgf1                                 -0.033146
rg10f1                              -0.0331461
xf2.nref                              -13.7002
xf2.ncasc                              9.88658
xf2.nx                                0.956446
xf2.nhi                                13.6993
outf2                               -0.0331463
fbf2                                -0.0331461
xf2.nrefm                             -14.3501
xf2.d1n                                9.20861
xf2.g1                              -0.0165753
xf2.s1                                0.452827
xf2.d2n                                9.20928
xf2.g2                              -0.0331461
xf2.s2                                0.447952
xf2.src                               0.231699
xf2.nte                               -14.3964
xf2.nmiri                              13.8238
xf2.nme1                               14.5293
xf2.nme2                                14.529
xf2.nve                                14.4085
xf2.ny                                -1.02276
xf2.nvle                              -14.4094
xf2.nbb                              -0.315667
xf2.nbn                                0.95488
xf2.nen                               0.290559
xf2.nbp                               -1.02119
xf2.nep                              -0.356852
rgf2                                 -0.033146
rg10f2                              -0.0331461
sel1                                -0.0165753
sel2                                -0.0165753
fix1                                -0.0165753
j1                                           0
fix2                                -0.0165753
j2                                           0
vin#branch                         9.69791e-12
vmm#branch                           0.0821614
vpp#branch                           -0.079081

 Reference value :  3.00020e-03
No. of Data Rows : 8001
vpa                 =  3.80087e+00 at=  3.01270e-03
vpj2                =  3.81334e+00 at=  4.96270e-03
irs1                =  1.83660e-02 from=  3.00020e-03 to=  5.00000e-03
a2x                 =  2.97101e-02 at=  4.96245e-03
a2n                 =  1.27274e-03 at=  3.03745e-03
a3x                 =  -1.43230e-03 at=  4.96270e-03
a3n                 =  -2.95768e-02 at=  3.03770e-03
f12x                =  1.45626e-02 at=  3.00245e-03
f12n                =  1.45480e-02 at=  4.98220e-03
f13x                =  -1.45313e-02 at=  4.98120e-03
f13n                =  -1.45788e-02 at=  3.00495e-03
f22x                =  1.45626e-02 at=  3.00245e-03
f22n                =  1.45480e-02 at=  4.98220e-03
f23x                =  -1.45313e-02 at=  4.98120e-03
f23n                =  -1.45788e-02 at=  3.00495e-03
cablaggio=2 f=20000 RJ1=100  XA min 0.00127274  XF1 min 0.014548  XF2 min 0.014548
Doing analysis at TEMP = 27.000000 and TNOM = 27.000000

Using SPARSE 1.3 as Direct Linear Solver

Initial Transient Solution
--------------------------

Node                                   Voltage
----                                   -------
vplus                                       15
vminus                                     -15
src                                          0
in                                 1.45469e-11
xa.nref                               -13.7002
xa.ncasc                               9.88658
xa.nx                                  0.97289
xa.nhi                                 13.6993
outa                                -0.0165753
fba                                 -0.0165752
xa.nrefm                              -14.3501
xa.d1n                                  9.2086
xa.g1                              9.84339e-10
xa.s1                                  0.46932
xa.d2n                                 9.20928
xa.g2                               -0.0165752
xa.s2                                 0.464444
xa.src                                 0.24819
xa.nte                                -14.3964
xa.nmiri                               13.8238
xa.nme1                                14.5293
xa.nme2                                 14.529
xa.nve                                 14.4085
xa.ny                                 -1.00631
xa.nvle                               -14.4094
xa.nbb                               -0.299223
xa.nbn                                0.971325
xa.nen                                0.307008
xa.nbp                                -1.00474
xa.nep                               -0.340401
rga                                 -0.0165752
rg10a                               -0.0165752
xf1.nref                              -13.7002
xf1.ncasc                              9.88658
xf1.nx                                0.956446
xf1.nhi                                13.6993
outf1                               -0.0331463
fbf1                                -0.0331461
xf1.nrefm                             -14.3501
xf1.d1n                                9.20861
xf1.g1                              -0.0165753
xf1.s1                                0.452827
xf1.d2n                                9.20928
xf1.g2                              -0.0331461
xf1.s2                                0.447952
xf1.src                               0.231699
xf1.nte                               -14.3964
xf1.nmiri                              13.8238
xf1.nme1                               14.5293
xf1.nme2                                14.529
xf1.nve                                14.4085
xf1.ny                                -1.02276
xf1.nvle                              -14.4094
xf1.nbb                              -0.315667
xf1.nbn                                0.95488
xf1.nen                               0.290559
xf1.nbp                               -1.02119
xf1.nep                              -0.356852
rgf1                                 -0.033146
rg10f1                              -0.0331461
xf2.nref                              -13.7002
xf2.ncasc                              9.88658
xf2.nx                                0.956446
xf2.nhi                                13.6993
outf2                               -0.0331463
fbf2                                -0.0331461
xf2.nrefm                             -14.3501
xf2.d1n                                9.20861
xf2.g1                              -0.0165753
xf2.s1                                0.452827
xf2.d2n                                9.20928
xf2.g2                              -0.0331461
xf2.s2                                0.447952
xf2.src                               0.231699
xf2.nte                               -14.3964
xf2.nmiri                              13.8238
xf2.nme1                               14.5293
xf2.nme2                                14.529
xf2.nve                                14.4085
xf2.ny                                -1.02276
xf2.nvle                              -14.4094
xf2.nbb                              -0.315667
xf2.nbn                                0.95488
xf2.nen                               0.290559
xf2.nbp                               -1.02119
xf2.nep                              -0.356852
rgf2                                 -0.033146
rg10f2                              -0.0331461
sel1                                -0.0165753
sel2                                -0.0165753
fix1                                -0.0165753
j1                                           0
fix2                                -0.0165753
j2                                           0
vin#branch                         9.69791e-12
vmm#branch                           0.0821614
vpp#branch                           -0.079081

 Reference value :  3.00018e-03
No. of Data Rows : 8001
vpa                 =  3.80052e+00 at=  3.01268e-03
vpj2                =  3.81299e+00 at=  4.96268e-03
irs1                =  2.87119e-02 from=  3.00018e-03 to=  5.00000e-03
a2x                 =  4.27462e-02 at=  4.96243e-03
a2n                 =  -4.98286e-06 at=  3.04093e-03
a3x                 =  5.64618e-06 at=  4.96593e-03
a3n                 =  -4.27722e-02 at=  3.03743e-03
f12x                =  1.45626e-02 at=  3.00268e-03
f12n                =  1.45480e-02 at=  4.98243e-03
f13x                =  -1.45314e-02 at=  4.98118e-03
f13n                =  -1.45787e-02 at=  3.00493e-03
f22x                =  1.45626e-02 at=  3.00268e-03
f22n                =  1.45480e-02 at=  4.98243e-03
f23x                =  -1.45314e-02 at=  4.98118e-03
f23n                =  -1.45787e-02 at=  3.00493e-03
cablaggio=2 f=20000 RJ1=47  XA min -4.98286E-06  XF1 min 0.014548  XF2 min 0.014548
Doing analysis at TEMP = 27.000000 and TNOM = 27.000000

Using SPARSE 1.3 as Direct Linear Solver

Initial Transient Solution
--------------------------

Node                                   Voltage
----                                   -------
vplus                                       15
vminus                                     -15
src                                          0
in                                 1.45469e-11
xa.nref                               -13.7002
xa.ncasc                               9.88658
xa.nx                                  0.97289
xa.nhi                                 13.6993
outa                                -0.0165753
fba                                 -0.0165752
xa.nrefm                              -14.3501
xa.d1n                                  9.2086
xa.g1                              9.84339e-10
xa.s1                                  0.46932
xa.d2n                                 9.20928
xa.g2                               -0.0165752
xa.s2                                 0.464444
xa.src                                 0.24819
xa.nte                                -14.3964
xa.nmiri                               13.8238
xa.nme1                                14.5293
xa.nme2                                 14.529
xa.nve                                 14.4085
xa.ny                                 -1.00631
xa.nvle                               -14.4094
xa.nbb                               -0.299223
xa.nbn                                0.971325
xa.nen                                0.307008
xa.nbp                                -1.00474
xa.nep                               -0.340401
rga                                 -0.0165752
rg10a                               -0.0165752
xf1.nref                              -13.7002
xf1.ncasc                              9.88658
xf1.nx                                0.956446
xf1.nhi                                13.6993
outf1                               -0.0331463
fbf1                                -0.0331461
xf1.nrefm                             -14.3501
xf1.d1n                                9.20861
xf1.g1                              -0.0165753
xf1.s1                                0.452827
xf1.d2n                                9.20928
xf1.g2                              -0.0331461
xf1.s2                                0.447952
xf1.src                               0.231699
xf1.nte                               -14.3964
xf1.nmiri                              13.8238
xf1.nme1                               14.5293
xf1.nme2                                14.529
xf1.nve                                14.4085
xf1.ny                                -1.02276
xf1.nvle                              -14.4094
xf1.nbb                              -0.315667
xf1.nbn                                0.95488
xf1.nen                               0.290559
xf1.nbp                               -1.02119
xf1.nep                              -0.356852
rgf1                                 -0.033146
rg10f1                              -0.0331461
xf2.nref                              -13.7002
xf2.ncasc                              9.88658
xf2.nx                                0.956446
xf2.nhi                                13.6993
outf2                               -0.0331463
fbf2                                -0.0331461
xf2.nrefm                             -14.3501
xf2.d1n                                9.20861
xf2.g1                              -0.0165753
xf2.s1                                0.452827
xf2.d2n                                9.20928
xf2.g2                              -0.0331461
xf2.s2                                0.447952
xf2.src                               0.231699
xf2.nte                               -14.3964
xf2.nmiri                              13.8238
xf2.nme1                               14.5293
xf2.nme2                                14.529
xf2.nve                                14.4085
xf2.ny                                -1.02276
xf2.nvle                              -14.4094
xf2.nbb                              -0.315667
xf2.nbn                                0.95488
xf2.nen                               0.290559
xf2.nbp                               -1.02119
xf2.nep                              -0.356852
rgf2                                 -0.033146
rg10f2                              -0.0331461
sel1                                -0.0165753
sel2                                -0.0165753
fix1                                -0.0165753
j1                                           0
fix2                                -0.0165753
j2                                           0
vin#branch                         9.69791e-12
vmm#branch                           0.0821614
vpp#branch                           -0.079081

 Reference value :  3.00020e-03
No. of Data Rows : 8001
vpa                 =  3.80009e+00 at=  4.96270e-03
vpj2                =  3.81256e+00 at=  4.96270e-03
irs1                =  3.91031e-02 from=  3.00020e-03 to=  5.00000e-03
a2x                 =  5.72808e-02 at=  4.96245e-03
a2n                 =  -1.06134e-05 at=  3.04395e-03
a3x                 =  1.25753e-05 at=  4.96870e-03
a3n                 =  -5.73097e-02 at=  3.03745e-03
f12x                =  1.45626e-02 at=  3.00270e-03
f12n                =  1.45479e-02 at=  4.98220e-03
f13x                =  -1.45312e-02 at=  4.98120e-03
f13n                =  -1.45787e-02 at=  3.00570e-03
f22x                =  1.45626e-02 at=  3.00270e-03
f22n                =  1.45479e-02 at=  4.98220e-03
f23x                =  -1.45312e-02 at=  4.98120e-03
f23n                =  -1.45787e-02 at=  3.00570e-03
cablaggio=2 f=20000 RJ1=22  XA min -1.06134E-05  XF1 min 0.014548  XF2 min 0.014548
Doing analysis at TEMP = 27.000000 and TNOM = 27.000000

Using SPARSE 1.3 as Direct Linear Solver

Initial Transient Solution
--------------------------

Node                                   Voltage
----                                   -------
vplus                                       15
vminus                                     -15
src                                          0
in                                 1.45469e-11
xa.nref                               -13.7002
xa.ncasc                               9.88658
xa.nx                                  0.97289
xa.nhi                                 13.6993
outa                                -0.0165753
fba                                 -0.0165752
xa.nrefm                              -14.3501
xa.d1n                                  9.2086
xa.g1                              9.84339e-10
xa.s1                                  0.46932
xa.d2n                                 9.20928
xa.g2                               -0.0165752
xa.s2                                 0.464444
xa.src                                 0.24819
xa.nte                                -14.3964
xa.nmiri                               13.8238
xa.nme1                                14.5293
xa.nme2                                 14.529
xa.nve                                 14.4085
xa.ny                                 -1.00631
xa.nvle                               -14.4094
xa.nbb                               -0.299223
xa.nbn                                0.971325
xa.nen                                0.307008
xa.nbp                                -1.00474
xa.nep                               -0.340401
rga                                 -0.0165752
rg10a                               -0.0165752
xf1.nref                              -13.7002
xf1.ncasc                              9.88658
xf1.nx                                0.956446
xf1.nhi                                13.6993
outf1                               -0.0331463
fbf1                                -0.0331461
xf1.nrefm                             -14.3501
xf1.d1n                                9.20861
xf1.g1                              -0.0165753
xf1.s1                                0.452827
xf1.d2n                                9.20928
xf1.g2                              -0.0331461
xf1.s2                                0.447952
xf1.src                               0.231699
xf1.nte                               -14.3964
xf1.nmiri                              13.8238
xf1.nme1                               14.5293
xf1.nme2                                14.529
xf1.nve                                14.4085
xf1.ny                                -1.02276
xf1.nvle                              -14.4094
xf1.nbb                              -0.315667
xf1.nbn                                0.95488
xf1.nen                               0.290559
xf1.nbp                               -1.02119
xf1.nep                              -0.356852
rgf1                                 -0.033146
rg10f1                              -0.0331461
xf2.nref                              -13.7002
xf2.ncasc                              9.88658
xf2.nx                                0.956446
xf2.nhi                                13.6993
outf2                               -0.0331463
fbf2                                -0.0331461
xf2.nrefm                             -14.3501
xf2.d1n                                9.20861
xf2.g1                              -0.0165753
xf2.s1                                0.452827
xf2.d2n                                9.20928
xf2.g2                              -0.0331461
xf2.s2                                0.447952
xf2.src                               0.231699
xf2.nte                               -14.3964
xf2.nmiri                              13.8238
xf2.nme1                               14.5293
xf2.nme2                                14.529
xf2.nve                                14.4085
xf2.ny                                -1.02276
xf2.nvle                              -14.4094
xf2.nbb                              -0.315667
xf2.nbn                                0.95488
xf2.nen                               0.290559
xf2.nbp                               -1.02119
xf2.nep                              -0.356852
rgf2                                 -0.033146
rg10f2                              -0.0331461
sel1                                -0.0165753
sel2                                -0.0165753
fix1                                -0.0165753
j1                                           0
fix2                                -0.0165753
j2                                           0
vin#branch                         9.69791e-12
vmm#branch                           0.0821614
vpp#branch                           -0.079081

 Reference value :  3.00022e-03
No. of Data Rows : 8001
vpa                 =  3.79980e+00 at=  4.96272e-03
vpj2                =  3.81226e+00 at=  4.96272e-03
irs1                =  4.73232e-02 from=  3.00022e-03 to=  5.00000e-03
a2x                 =  6.87745e-02 at=  4.96247e-03
a2n                 =  -1.29165e-05 at=  4.99497e-03
a3x                 =  1.53838e-05 at=  3.01997e-03
a3n                 =  -6.88086e-02 at=  3.03747e-03
f12x                =  1.45626e-02 at=  3.00272e-03
f12n                =  1.45479e-02 at=  4.98222e-03
f13x                =  -1.45312e-02 at=  4.98122e-03
f13n                =  -1.45788e-02 at=  3.00522e-03
f22x                =  1.45626e-02 at=  3.00272e-03
f22n                =  1.45479e-02 at=  4.98222e-03
f23x                =  -1.45312e-02 at=  4.98122e-03
f23n                =  -1.45788e-02 at=  3.00522e-03
cablaggio=2 f=20000 RJ1=10  XA min -1.29165E-05  XF1 min 0.0145479  XF2 min 0.0145479
Doing analysis at TEMP = 27.000000 and TNOM = 27.000000

Using SPARSE 1.3 as Direct Linear Solver

Initial Transient Solution
--------------------------

Node                                   Voltage
----                                   -------
vplus                                       15
vminus                                     -15
src                                          0
in                                 1.45469e-11
xa.nref                               -13.7002
xa.ncasc                               9.88658
xa.nx                                  0.97289
xa.nhi                                 13.6993
outa                                -0.0165753
fba                                 -0.0165752
xa.nrefm                              -14.3501
xa.d1n                                  9.2086
xa.g1                              9.84339e-10
xa.s1                                  0.46932
xa.d2n                                 9.20928
xa.g2                               -0.0165752
xa.s2                                 0.464444
xa.src                                 0.24819
xa.nte                                -14.3964
xa.nmiri                               13.8238
xa.nme1                                14.5293
xa.nme2                                 14.529
xa.nve                                 14.4085
xa.ny                                 -1.00631
xa.nvle                               -14.4094
xa.nbb                               -0.299223
xa.nbn                                0.971325
xa.nen                                0.307008
xa.nbp                                -1.00474
xa.nep                               -0.340401
rga                                 -0.0165752
rg10a                               -0.0165752
xf1.nref                              -13.7002
xf1.ncasc                              9.88658
xf1.nx                                0.956446
xf1.nhi                                13.6993
outf1                               -0.0331463
fbf1                                -0.0331461
xf1.nrefm                             -14.3501
xf1.d1n                                9.20861
xf1.g1                              -0.0165753
xf1.s1                                0.452827
xf1.d2n                                9.20928
xf1.g2                              -0.0331461
xf1.s2                                0.447952
xf1.src                               0.231699
xf1.nte                               -14.3964
xf1.nmiri                              13.8238
xf1.nme1                               14.5293
xf1.nme2                                14.529
xf1.nve                                14.4085
xf1.ny                                -1.02276
xf1.nvle                              -14.4094
xf1.nbb                              -0.315667
xf1.nbn                                0.95488
xf1.nen                               0.290559
xf1.nbp                               -1.02119
xf1.nep                              -0.356852
rgf1                                 -0.033146
rg10f1                              -0.0331461
xf2.nref                              -13.7002
xf2.ncasc                              9.88658
xf2.nx                                0.956446
xf2.nhi                                13.6993
outf2                               -0.0331463
fbf2                                -0.0331461
xf2.nrefm                             -14.3501
xf2.d1n                                9.20861
xf2.g1                              -0.0165753
xf2.s1                                0.452827
xf2.d2n                                9.20928
xf2.g2                              -0.0331461
xf2.s2                                0.447952
xf2.src                               0.231699
xf2.nte                               -14.3964
xf2.nmiri                              13.8238
xf2.nme1                               14.5293
xf2.nme2                                14.529
xf2.nve                                14.4085
xf2.ny                                -1.02276
xf2.nvle                              -14.4094
xf2.nbb                              -0.315667
xf2.nbn                                0.95488
xf2.nen                               0.290559
xf2.nbp                               -1.02119
xf2.nep                              -0.356852
rgf2                                 -0.033146
rg10f2                              -0.0331461
sel1                                -0.0165753
sel2                                -0.0165753
fix1                                -0.0165753
j1                                           0
fix2                                -0.0165753
j2                                           0
vin#branch                         9.69791e-12
vmm#branch                           0.0821614
vpp#branch                           -0.079081

 Reference value :  3.00024e-03
No. of Data Rows : 8001
vpa                 =  3.79952e+00 at=  4.96274e-03
vpj2                =  3.81199e+00 at=  3.01274e-03
irs1                =  5.61785e-02 from=  3.00024e-03 to=  5.00000e-03
a2x                 =  8.11511e-02 at=  4.21249e-03
a2n                 =  -1.47762e-05 at=  3.04574e-03
a3x                 =  1.76845e-05 at=  4.97074e-03
a3n                 =  -8.11953e-02 at=  3.03749e-03
f12x                =  1.45626e-02 at=  3.00199e-03
f12n                =  1.45479e-02 at=  4.98224e-03
f13x                =  -1.45313e-02 at=  4.98124e-03
f13n                =  -1.45788e-02 at=  3.00474e-03
f22x                =  1.45626e-02 at=  3.00199e-03
f22n                =  1.45479e-02 at=  4.98224e-03
f23x                =  -1.45313e-02 at=  4.98124e-03
f23n                =  -1.45788e-02 at=  3.00474e-03
cablaggio=2 f=20000 RJ1=1  XA min -1.47762E-05  XF1 min 0.0145479  XF2 min 0.0145479
Doing analysis at TEMP = 27.000000 and TNOM = 27.000000

Using SPARSE 1.3 as Direct Linear Solver

Initial Transient Solution
--------------------------

Node                                   Voltage
----                                   -------
vplus                                       15
vminus                                     -15
src                                          0
in                                 1.45469e-11
xa.nref                               -13.7002
xa.ncasc                               9.88658
xa.nx                                  0.97289
xa.nhi                                 13.6993
outa                                -0.0165753
fba                                 -0.0165752
xa.nrefm                              -14.3501
xa.d1n                                  9.2086
xa.g1                              9.84339e-10
xa.s1                                  0.46932
xa.d2n                                 9.20928
xa.g2                               -0.0165752
xa.s2                                 0.464444
xa.src                                 0.24819
xa.nte                                -14.3964
xa.nmiri                               13.8238
xa.nme1                                14.5293
xa.nme2                                 14.529
xa.nve                                 14.4085
xa.ny                                 -1.00631
xa.nvle                               -14.4094
xa.nbb                               -0.299223
xa.nbn                                0.971325
xa.nen                                0.307008
xa.nbp                                -1.00474
xa.nep                               -0.340401
rga                                 -0.0165752
rg10a                               -0.0165752
xf1.nref                              -13.7002
xf1.ncasc                              9.88658
xf1.nx                                0.956446
xf1.nhi                                13.6993
outf1                               -0.0331463
fbf1                                -0.0331461
xf1.nrefm                             -14.3501
xf1.d1n                                9.20861
xf1.g1                              -0.0165753
xf1.s1                                0.452827
xf1.d2n                                9.20928
xf1.g2                              -0.0331461
xf1.s2                                0.447952
xf1.src                               0.231699
xf1.nte                               -14.3964
xf1.nmiri                              13.8238
xf1.nme1                               14.5293
xf1.nme2                                14.529
xf1.nve                                14.4085
xf1.ny                                -1.02276
xf1.nvle                              -14.4094
xf1.nbb                              -0.315667
xf1.nbn                                0.95488
xf1.nen                               0.290559
xf1.nbp                               -1.02119
xf1.nep                              -0.356852
rgf1                                 -0.033146
rg10f1                              -0.0331461
xf2.nref                              -13.7002
xf2.ncasc                              9.88658
xf2.nx                                0.956446
xf2.nhi                                13.6993
outf2                               -0.0331463
fbf2                                -0.0331461
xf2.nrefm                             -14.3501
xf2.d1n                                9.20861
xf2.g1                              -0.0165753
xf2.s1                                0.452827
xf2.d2n                                9.20928
xf2.g2                              -0.0331461
xf2.s2                                0.447952
xf2.src                               0.231699
xf2.nte                               -14.3964
xf2.nmiri                              13.8238
xf2.nme1                               14.5293
xf2.nme2                                14.529
xf2.nve                                14.4085
xf2.ny                                -1.02276
xf2.nvle                              -14.4094
xf2.nbb                              -0.315667
xf2.nbn                                0.95488
xf2.nen                               0.290559
xf2.nbp                               -1.02119
xf2.nep                              -0.356852
rgf2                                 -0.033146
rg10f2                              -0.0331461
sel1                                -0.0165753
sel2                                -0.0165753
fix1                                -0.0165753
j1                                           0
fix2                                -0.0165753
j2                                           0
vin#branch                         9.69791e-12
vmm#branch                           0.0821614
vpp#branch                           -0.079081

 Reference value :  3.00024e-03
No. of Data Rows : 8001
vpa                 =  3.79948e+00 at=  4.96274e-03
vpj2                =  3.81195e+00 at=  3.01274e-03
irs1                =  5.73589e-02 from=  3.00024e-03 to=  5.00000e-03
a2x                 =  8.28004e-02 at=  4.96249e-03
a2n                 =  -1.48938e-05 at=  4.99599e-03
a3x                 =  1.78180e-05 at=  4.97074e-03
a3n                 =  -8.28464e-02 at=  3.03749e-03
f12x                =  1.45626e-02 at=  3.00199e-03
f12n                =  1.45479e-02 at=  4.98224e-03
f13x                =  -1.45312e-02 at=  4.98124e-03
f13n                =  -1.45788e-02 at=  3.00474e-03
f22x                =  1.45626e-02 at=  3.00199e-03
f22n                =  1.45479e-02 at=  4.98224e-03
f23x                =  -1.45312e-02 at=  4.98124e-03
f23n                =  -1.45788e-02 at=  3.00474e-03
cablaggio=2 f=20000 RJ1=0.01  XA min -1.48938E-05  XF1 min 0.0145479  XF2 min 0.0145479
Doing analysis at TEMP = 27.000000 and TNOM = 27.000000

Using SPARSE 1.3 as Direct Linear Solver

No. of Data Rows : 401
lvl20               =  -2.70211e-03
lvl1k               =  -2.68696e-03
lvl20k              =  1.24947e-03
j2l20               =  -2.02965e-02
j2l1k               =  -1.41887e-02
j2l20k              =  -6.31294e-03
AC  RJ1=470k
lvl20 = -2.70211e-03
lvl1k = -2.68696e-03
lvl20k = 1.249474e-03
j2l20 = -2.02965e-02
j2l1k = -1.41887e-02
j2l20k = -6.31294e-03
Doing analysis at TEMP = 27.000000 and TNOM = 27.000000

Using SPARSE 1.3 as Direct Linear Solver

No. of Data Rows : 401
lvl20               =  -2.70211e-03
lvl1k               =  -2.68696e-03
lvl20k              =  1.24947e-03
j2l20               =  -2.02965e-02
j2l1k               =  -1.41887e-02
j2l20k              =  -6.31294e-03
AC  RJ1=0.01
lvl20 = -2.70211e-03
lvl1k = -2.68696e-03
lvl20k = 1.249475e-03
j2l20 = -2.02965e-02
j2l1k = -1.41887e-02
j2l20k = -6.31294e-03
Note: Simulation executed from .control section 
