 2.00000000e-01  1.47763323e+00  2.00000000e-01  6.78861864e+01 
 2.02316202e-01  1.56333264e+00  2.02316202e-01  6.76551525e+01 
 2.04659228e-01  1.64874726e+00  2.04659228e-01  6.74222196e+01 
 2.07029388e-01  1.73387242e+00  2.07029388e-01  6.71873876e+01 
 2.09426997e-01  1.81870340e+00  2.09426997e-01  6.69506570e+01 
 2.11852373e-01  1.90323544e+00  2.11852373e-01  6.67120288e+01 
 2.14305837e-01  1.98746374e+00  2.14305837e-01  6.64715043e+01 
 2.16787715e-01  2.07138349e+00  2.16787715e-01  6.62290857e+01 
 2.19298335e-01  2.15498983e+00  2.19298335e-01  6.59847755e+01 
 2.21838031e-01  2.23827787e+00  2.21838031e-01  6.57385768e+01 
 2.24407140e-01  2.32124269e+00  2.24407140e-01  6.54904934e+01 
 2.27006001e-01  2.40387936e+00  2.27006001e-01  6.52405296e+01 
 2.29634959e-01  2.48618290e+00  2.29634959e-01  6.49886903e+01 
 2.32294364e-01  2.56814832e+00  2.32294364e-01  6.47349810e+01 
 2.34984567e-01  2.64977061e+00  2.34984567e-01  6.44794079e+01 
 2.37705925e-01  2.73104474e+00  2.37705925e-01  6.42219779e+01 
 2.40458800e-01  2.81196566e+00  2.40458800e-01  6.39626982e+01 
 2.43243555e-01  2.89252830e+00  2.43243555e-01  6.37015772e+01 
 2.46060561e-01  2.97272759e+00  2.46060561e-01  6.34386234e+01 
 2.48910190e-01  3.05255844e+00  2.48910190e-01  6.31738464e+01 
 2.51792821e-01  3.13201575e+00  2.51792821e-01  6.29072563e+01 
 2.54708836e-01  3.21109443e+00  2.54708836e-01  6.26388640e+01 
 2.57658622e-01  3.28978937e+00  2.57658622e-01  6.23686809e+01 
 2.60642568e-01  3.36809546e+00  2.60642568e-01  6.20967192e+01 
 2.63661072e-01  3.44600762e+00  2.63661072e-01  6.18229921e+01 
 2.66714534e-01  3.52352073e+00  2.66714534e-01  6.15475131e+01 
 2.69803357e-01  3.60062973e+00  2.69803357e-01  6.12702966e+01 
 2.72927952e-01  3.67732952e+00  2.72927952e-01  6.09913579e+01 
 2.76088733e-01  3.75361505e+00  2.76088733e-01  6.07107128e+01 
 2.79286119e-01  3.82948128e+00  2.79286119e-01  6.04283781e+01 
 2.82520534e-01  3.90492319e+00  2.82520534e-01  6.01443710e+01 
 2.85792407e-01  3.97993576e+00  2.85792407e-01  5.98587098e+01 
 2.89102171e-01  4.05451404e+00  2.89102171e-01  5.95714135e+01 
 2.92450266e-01  4.12865308e+00  2.92450266e-01  5.92825016e+01 
 2.95837135e-01  4.20234797e+00  2.95837135e-01  5.89919948e+01 
 2.99263228e-01  4.27559384e+00  2.99263228e-01  5.86999141e+01 
 3.02728998e-01  4.34838586e+00  3.02728998e-01  5.84062816e+01 
 3.06234905e-01  4.42071924e+00  3.06234905e-01  5.81111201e+01 
 3.09781414e-01  4.49258924e+00  3.09781414e-01  5.78144531e+01 
 3.13368996e-01  4.56399118e+00  3.13368996e-01  5.75163049e+01 
 3.16998125e-01  4.63492041e+00  3.16998125e-01  5.72167006e+01 
 3.20669283e-01  4.70537237e+00  3.20669283e-01  5.69156659e+01 
 3.24382957e-01  4.77534254e+00  3.24382957e-01  5.66132274e+01 
 3.28139639e-01  4.84482646e+00  3.28139639e-01  5.63094125e+01 
 3.31939827e-01  4.91381976e+00  3.31939827e-01  5.60042492e+01 
 3.35784025e-01  4.98231814e+00  3.35784025e-01  5.56977663e+01 
 3.39672743e-01  5.05031734e+00  3.39672743e-01  5.53899934e+01 
 3.43606496e-01  5.11781323e+00  3.43606496e-01  5.50809606e+01 
 3.47585805e-01  5.18480174e+00  3.47585805e-01  5.47706988e+01 
 3.51611200e-01  5.25127888e+00  3.51611200e-01  5.44592399e+01 
 3.55683212e-01  5.31724075e+00  3.55683212e-01  5.41466160e+01 
 3.59802383e-01  5.38268356e+00  3.59802383e-01  5.38328602e+01 
 3.63969257e-01  5.44760361e+00  3.63969257e-01  5.35180062e+01 
 3.68184388e-01  5.51199729e+00  3.68184388e-01  5.32020883e+01 
 3.72448335e-01  5.57586110e+00  3.72448335e-01  5.28851414e+01 
 3.76761663e-01  5.63919165e+00  3.76761663e-01  5.25672010e+01 
 3.81124943e-01  5.70198567e+00  3.81124943e-01  5.22483035e+01 
 3.85538754e-01  5.76423997e+00  3.85538754e-01  5.19284854e+01 
 3.90003682e-01  5.82595152e+00  3.90003682e-01  5.16077842e+01 
 3.94520318e-01  5.88711737e+00  3.94520318e-01  5.12862376e+01 
 3.99089261e-01  5.94773471e+00  3.99089261e-01  5.09638841e+01 
 4.03711118e-01  6.00780086e+00  4.03711118e-01  5.06407626e+01 
 4.08386500e-01  6.06731326e+00  4.08386500e-01  5.03169124e+01 
 4.13116027e-01  6.12626948e+00  4.13116027e-01  4.99923733e+01 
 4.17900328e-01  6.18466723e+00  4.17900328e-01  4.96671856e+01 
 4.22740035e-01  6.24250433e+00  4.22740035e-01  4.93413901e+01 
 4.27635791e-01  6.29977876e+00  4.27635791e-01  4.90150277e+01 
 4.32588245e-01  6.35648865e+00  4.32588245e-01  4.86881399e+01 
 4.37598053e-01  6.41263224e+00  4.37598053e-01  4.83607686e+01 
 4.42665880e-01  6.46820793e+00  4.42665880e-01  4.80329557e+01 
 4.47792398e-01  6.52321426e+00  4.47792398e-01  4.77047436e+01 
 4.52978286e-01  6.57764992e+00  4.52978286e-01  4.73761751e+01 
 4.58224231e-01  6.63151375e+00  4.58224231e-01  4.70472930e+01 
 4.63530930e-01  6.68480472e+00  4.63530930e-01  4.67181403e+01 
 4.68899086e-01  6.73752198e+00  4.68899086e-01  4.63887604e+01 
 4.74329410e-01  6.78966480e+00  4.74329410e-01  4.60591966e+01 
 4.79822623e-01  6.84123262e+00  4.79822623e-01  4.57294924e+01 
 4.85379453e-01  6.89222503e+00  4.85379453e-01  4.53996915e+01 
 4.91000637e-01  6.94264177e+00  4.91000637e-01  4.50698377e+01 
 4.96686920e-01  6.99248271e+00  4.96686920e-01  4.47399745e+01 
 5.02439056e-01  7.04174792e+00  5.02439056e-01  4.44101457e+01 
 5.08257807e-01  7.09043759e+00  5.08257807e-01  4.40803951e+01 
 5.14143945e-01  7.13855206e+00  5.14143945e-01  4.37507663e+01 
 5.20098251e-01  7.18609184e+00  5.20098251e-01  4.34213029e+01 
 5.26121513e-01  7.23305758e+00  5.26121513e-01  4.30920482e+01 
 5.32214531e-01  7.27945008e+00  5.32214531e-01  4.27630458e+01 
 5.38378112e-01  7.32527029e+00  5.38378112e-01  4.24343386e+01 
 5.44613074e-01  7.37051933e+00  5.44613074e-01  4.21059697e+01 
 5.50920243e-01  7.41519843e+00  5.50920243e-01  4.17779819e+01 
 5.57300455e-01  7.45930899e+00  5.57300455e-01  4.14504176e+01 
 5.63754556e-01  7.50285256e+00  5.63754556e-01  4.11233190e+01 
 5.70283403e-01  7.54583082e+00  5.70283403e-01  4.07967281e+01 
 5.76887860e-01  7.58824560e+00  5.76887860e-01  4.04706864e+01 
 5.83568804e-01  7.63009886e+00  5.83568804e-01  4.01452352e+01 
 5.90327119e-01  7.67139272e+00  5.90327119e-01  3.98204154e+01 
 5.97163703e-01  7.71212939e+00  5.97163703e-01  3.94962673e+01 
 6.04079461e-01  7.75231127e+00  6.04079461e-01  3.91728310e+01 
 6.11075310e-01  7.79194086e+00  6.11075310e-01  3.88501460e+01 
 6.18152179e-01  7.83102079e+00  6.18152179e-01  3.85282515e+01 
 6.25311005e-01  7.86955381e+00  6.25311005e-01  3.82071861e+01 
 6.32552737e-01  7.90754281e+00  6.32552737e-01  3.78869878e+01 
 6.39878336e-01  7.94499079e+00  6.39878336e-01  3.75676942e+01 
 6.47288773e-01  7.98190088e+00  6.47288773e-01  3.72493422e+01 
 6.54785030e-01  8.01827630e+00  6.54785030e-01  3.69319684e+01 
 6.62368101e-01  8.05412040e+00  6.62368101e-01  3.66156085e+01 
 6.70038992e-01  8.08943663e+00  6.70038992e-01  3.63002976e+01 
 6.77798719e-01  8.12422856e+00  6.77798719e-01  3.59860705e+01 
 6.85648312e-01  8.15849985e+00  6.85648312e-01  3.56729611e+01 
 6.93588812e-01  8.19225425e+00  6.93588812e-01  3.53610026e+01 
 7.01621270e-01  8.22549561e+00  7.01621270e-01  3.50502277e+01 
 7.09746752e-01  8.25822789e+00  7.09746752e-01  3.47406682e+01 
 7.17966335e-01  8.29045511e+00  7.17966335e-01  3.44323556e+01 
 7.26281110e-01  8.32218140e+00  7.26281110e-01  3.41253202e+01 
 7.34692178e-01  8.35341096e+00  7.34692178e-01  3.38195919e+01 
 7.43200655e-01  8.38414805e+00  7.43200655e-01  3.35151999e+01 
 7.51807668e-01  8.41439703e+00  7.51807668e-01  3.32121724e+01 
 7.60514359e-01  8.44416233e+00  7.60514359e-01  3.29105372e+01 
 7.69321883e-01  8.47344842e+00  7.69321883e-01  3.26103211e+01 
 7.78231406e-01  8.50225987e+00  7.78231406e-01  3.23115502e+01 
 7.87244111e-01  8.53060127e+00  7.87244111e-01  3.20142499e+01 
 7.96361192e-01  8.55847730e+00  7.96361192e-01  3.17184449e+01 
 8.05583858e-01  8.58589267e+00  8.05583858e-01  3.14241590e+01 
 8.14913332e-01  8.61285216e+00  8.14913332e-01  3.11314153e+01 
 8.24350851e-01  8.63936057e+00  8.24350851e-01  3.08402360e+01 
 8.33897665e-01  8.66542276e+00  8.33897665e-01  3.05506428e+01 
 8.43555041e-01  8.69104362e+00  8.43555041e-01  3.02626565e+01 
 8.53324260e-01  8.71622809e+00  8.53324260e-01  2.99762971e+01 
 8.63206616e-01  8.74098111e+00  8.63206616e-01  2.96915838e+01 
 8.73203419e-01  8.76530769e+00  8.73203419e-01  2.94085351e+01 
 8.83315996e-01  8.78921282e+00  8.83315996e-01  2.91271687e+01 
 8.93545686e-01  8.81270155e+00  8.93545686e-01  2.88475017e+01 
 9.03893847e-01  8.83577894e+00  9.03893847e-01  2.85695503e+01 
 9.14361849e-01  8.85845004e+00  9.14361849e-01  2.82933299e+01 
 9.24951082e-01  8.88071995e+00  9.24951082e-01  2.80188552e+01 
 9.35662949e-01  8.90259375e+00  9.35662949e-01  2.77461404e+01 
 9.46498870e-01  8.92407654e+00  9.46498870e-01  2.74751986e+01 
 9.57460281e-01  8.94517344e+00  9.57460281e-01  2.72060423e+01 
 9.68548637e-01  8.96588953e+00  9.68548637e-01  2.69386835e+01 
 9.79765408e-01  8.98622992e+00  9.79765408e-01  2.66731332e+01 
 9.91112080e-01  9.00619970e+00  9.91112080e-01  2.64094020e+01 
 1.00259016e+00  9.02580398e+00  1.00259016e+00  2.61474994e+01 
 1.01420116e+00  9.04504783e+00  1.01420116e+00  2.58874345e+01 
 1.02594664e+00  9.06393632e+00  1.02594664e+00  2.56292159e+01 
 1.03782813e+00  9.08247451e+00  1.03782813e+00  2.53728511e+01 
 1.04984723e+00  9.10066743e+00  1.04984723e+00  2.51183472e+01 
 1.06200552e+00  9.11852011e+00  1.06200552e+00  2.48657107e+01 
 1.07430462e+00  9.13603755e+00  1.07430462e+00  2.46149473e+01 
 1.08674615e+00  9.15322473e+00  1.08674615e+00  2.43660623e+01 
 1.09933176e+00  9.17008660e+00  1.09933176e+00  2.41190602e+01 
 1.11206313e+00  9.18662808e+00  1.11206313e+00  2.38739450e+01 
 1.12494195e+00  9.20285408e+00  1.12494195e+00  2.36307201e+01 
 1.13796991e+00  9.21876947e+00  1.13796991e+00  2.33893883e+01 
 1.15114875e+00  9.23437909e+00  1.15114875e+00  2.31499518e+01 
 1.16448021e+00  9.24968774e+00  1.16448021e+00  2.29124124e+01 
 1.17796607e+00  9.26470019e+00  1.17796607e+00  2.26767713e+01 
 1.19160810e+00  9.27942117e+00  1.19160810e+00  2.24430290e+01 
 1.20540813e+00  9.29385539e+00  1.20540813e+00  2.22111857e+01 
 1.21936797e+00  9.30800751e+00  1.21936797e+00  2.19812410e+01 
 1.23348948e+00  9.32188213e+00  1.23348948e+00  2.17531941e+01 
 1.24777453e+00  9.33548385e+00  1.24777453e+00  2.15270437e+01 
 1.26222502e+00  9.34881720e+00  1.26222502e+00  2.13027879e+01 
 1.27684286e+00  9.36188667e+00  1.27684286e+00  2.10804245e+01 
 1.29162999e+00  9.37469672e+00  1.29162999e+00  2.08599508e+01 
 1.30658837e+00  9.38725174e+00  1.30658837e+00  2.06413637e+01 
 1.32171998e+00  9.39955611e+00  1.32171998e+00  2.04246596e+01 
 1.33702683e+00  9.41161413e+00  1.33702683e+00  2.02098347e+01 
 1.35251095e+00  9.42343008e+00  1.35251095e+00  1.99968846e+01 
 1.36817439e+00  9.43500816e+00  1.36817439e+00  1.97858047e+01 
 1.38401923e+00  9.44635257e+00  1.38401923e+00  1.95765897e+01 
 1.40004757e+00  9.45746741e+00  1.40004757e+00  1.93692344e+01 
 1.41626153e+00  9.46835676e+00  1.41626153e+00  1.91637329e+01 
 1.43266327e+00  9.47902465e+00  1.43266327e+00  1.89600792e+01 
 1.44925496e+00  9.48947506e+00  1.44925496e+00  1.87582668e+01 
 1.46603879e+00  9.49971191e+00  1.46603879e+00  1.85582891e+01 
 1.48301700e+00  9.50973907e+00  1.48301700e+00  1.83601389e+01 
 1.50019183e+00  9.51956038e+00  1.50019183e+00  1.81638090e+01 
 1.51756557e+00  9.52917960e+00  1.51756557e+00  1.79692918e+01 
 1.53514051e+00  9.53860046e+00  1.53514051e+00  1.77765794e+01 
 1.55291899e+00  9.54782663e+00  1.55291899e+00  1.75856637e+01 
 1.57090335e+00  9.55686174e+00  1.57090335e+00  1.73965365e+01 
 1.58909600e+00  9.56570936e+00  1.58909600e+00  1.72091890e+01 
 1.60749933e+00  9.57437300e+00  1.60749933e+00  1.70236124e+01 
 1.62611580e+00  9.58285613e+00  1.62611580e+00  1.68397978e+01 
 1.64494786e+00  9.59116218e+00  1.64494786e+00  1.66577359e+01 
 1.66399802e+00  9.59929451e+00  1.66399802e+00  1.64774173e+01 
 1.68326879e+00  9.60725645e+00  1.68326879e+00  1.62988323e+01 
 1.70276274e+00  9.61505125e+00  1.70276274e+00  1.61219712e+01 
 1.72248245e+00  9.62268213e+00  1.72248245e+00  1.59468239e+01 
 1.74243054e+00  9.63015227e+00  1.74243054e+00  1.57733804e+01 
 1.76260964e+00  9.63746478e+00  1.76260964e+00  1.56016304e+01 
 1.78302244e+00  9.64462273e+00  1.78302244e+00  1.54315634e+01 
 1.80367164e+00  9.65162914e+00  1.80367164e+00  1.52631689e+01 
 1.82455997e+00  9.65848698e+00  1.82455997e+00  1.50964362e+01 
 1.84569022e+00  9.66519918e+00  1.84569022e+00  1.49313545e+01 
 1.86706517e+00  9.67176860e+00  1.86706517e+00  1.47679128e+01 
 1.88868767e+00  9.67819809e+00  1.88868767e+00  1.46061002e+01 
 1.91056058e+00  9.68449041e+00  1.91056058e+00  1.44459055e+01 
 1.93268680e+00  9.69064830e+00  1.93268680e+00  1.42873174e+01 
 1.95506926e+00  9.69667444e+00  1.95506926e+00  1.41303247e+01 
 1.97771094e+00  9.70257149e+00  1.97771094e+00  1.39749161e+01 
 2.00061483e+00  9.70834203e+00  2.00061483e+00  1.38210799e+01 
 2.02378396e+00  9.71398862e+00  2.02378396e+00  1.36688048e+01 
 2.04722142e+00  9.71951377e+00  2.04722142e+00  1.35180790e+01 
 2.07093031e+00  9.72491992e+00  2.07093031e+00  1.33688911e+01 
 2.09491378e+00  9.73020951e+00  2.09491378e+00  1.32212292e+01 
 2.11917499e+00  9.73538492e+00  2.11917499e+00  1.30750817e+01 
 2.14371718e+00  9.74044846e+00  2.14371718e+00  1.29304368e+01 
 2.16854358e+00  9.74540244e+00  2.16854358e+00  1.27872827e+01 
 2.19365751e+00  9.75024911e+00  2.19365751e+00  1.26456075e+01 
 2.21906227e+00  9.75499066e+00  2.21906227e+00  1.25053995e+01 
 2.24476125e+00  9.75962928e+00  2.24476125e+00  1.23666466e+01 
 2.27075785e+00  9.76416709e+00  2.27075785e+00  1.22293371e+01 
 2.29705552e+00  9.76860618e+00  2.29705552e+00  1.20934591e+01 
 2.32365774e+00  9.77294860e+00  2.32365774e+00  1.19590006e+01 
 2.35056804e+00  9.77719635e+00  2.35056804e+00  1.18259497e+01 
 2.37778999e+00  9.78135142e+00  2.37778999e+00  1.16942946e+01 
 2.40532720e+00  9.78541575e+00  2.40532720e+00  1.15640233e+01 
 2.43318331e+00  9.78939122e+00  2.43318331e+00  1.14351240e+01 
 2.46136203e+00  9.79327971e+00  2.46136203e+00  1.13075847e+01 
 2.48986709e+00  9.79708303e+00  2.48986709e+00  1.11813937e+01 
 2.51870226e+00  9.80080300e+00  2.51870226e+00  1.10565391e+01 
 2.54787137e+00  9.80444136e+00  2.54787137e+00  1.09330091e+01 
 2.57737829e+00  9.80799983e+00  2.57737829e+00  1.08107919e+01 
 2.60722693e+00  9.81148011e+00  2.60722693e+00  1.06898757e+01 
 2.63742125e+00  9.81488386e+00  2.63742125e+00  1.05702488e+01 
 2.66796525e+00  9.81821270e+00  2.66796525e+00  1.04518996e+01 
 2.69886298e+00  9.82146822e+00  2.69886298e+00  1.03348164e+01 
 2.73011854e+00  9.82465199e+00  2.73011854e+00  1.02189875e+01 
 2.76173606e+00  9.82776553e+00  2.76173606e+00  1.01044014e+01 
 2.79371975e+00  9.83081035e+00  2.79371975e+00  9.99104664e+00 
 2.82607385e+00  9.83378791e+00  2.82607385e+00  9.87891163e+00 
 2.85880263e+00  9.83669966e+00  2.85880263e+00  9.76798498e+00 
 2.89191045e+00  9.83954701e+00  2.89191045e+00  9.65825531e+00 
 2.92540169e+00  9.84233135e+00  2.92540169e+00  9.54971129e+00 
 2.95928080e+00  9.84505402e+00  2.95928080e+00  9.44234164e+00 
 2.99355225e+00  9.84771635e+00  2.99355225e+00  9.33613514e+00 
 3.02822061e+00  9.85031966e+00  3.02822061e+00  9.23108064e+00 
 3.06329046e+00  9.85286521e+00  3.06329046e+00  9.12716703e+00 
 3.09876645e+00  9.85535425e+00  3.09876645e+00  9.02438326e+00 
 3.13465329e+00  9.85778800e+00  3.13465329e+00  8.92271835e+00 
 3.17095574e+00  9.86016767e+00  3.17095574e+00  8.82216139e+00 
 3.20767861e+00  9.86249442e+00  3.20767861e+00  8.72270151e+00 
 3.24482676e+00  9.86476940e+00  3.24482676e+00  8.62432794e+00 
 3.28240513e+00  9.86699375e+00  3.28240513e+00  8.52702994e+00 
 3.32041869e+00  9.86916856e+00  3.32041869e+00  8.43079686e+00 
 3.35887249e+00  9.87129491e+00  3.35887249e+00  8.33561811e+00 
 3.39777162e+00  9.87337385e+00  3.39777162e+00  8.24148318e+00 
 3.43712125e+00  9.87540644e+00  3.43712125e+00  8.14838161e+00 
 3.47692658e+00  9.87739366e+00  3.47692658e+00  8.05630303e+00 
 3.51719290e+00  9.87933653e+00  3.51719290e+00  7.96523713e+00 
 3.55792554e+00  9.88123600e+00  3.55792554e+00  7.87517368e+00 
 3.59912991e+00  9.88309304e+00  3.59912991e+00  7.78610251e+00 
 3.64081146e+00  9.88490857e+00  3.64081146e+00  7.69801354e+00 
 3.68297573e+00  9.88668349e+00  3.68297573e+00  7.61089676e+00 
 3.72562831e+00  9.88841872e+00  3.72562831e+00  7.52474222e+00 
 3.76877484e+00  9.89011510e+00  3.76877484e+00  7.43954006e+00 
 3.81242106e+00  9.89177351e+00  3.81242106e+00  7.35528049e+00 
 3.85657274e+00  9.89339478e+00  3.85657274e+00  7.27195379e+00 
 3.90123574e+00  9.89497972e+00  3.90123574e+00  7.18955034e+00 
 3.94641599e+00  9.89652914e+00  3.94641599e+00  7.10806055e+00 
 3.99211947e+00  9.89804382e+00  3.99211947e+00  7.02747496e+00 
 4.03835224e+00  9.89952453e+00  4.03835224e+00  6.94778414e+00 
 4.08512043e+00  9.90097202e+00  4.08512043e+00  6.86897878e+00 
 4.13243025e+00  9.90238701e+00  4.13243025e+00  6.79104960e+00 
 4.18028796e+00  9.90377025e+00  4.18028796e+00  6.71398743e+00 
 4.22869991e+00  9.90512241e+00  4.22869991e+00  6.63778317e+00 
 4.27767252e+00  9.90644421e+00  4.27767252e+00  6.56242779e+00 
 4.32721228e+00  9.90773629e+00  4.32721228e+00  6.48791235e+00 
 4.37732577e+00  9.90899934e+00  4.37732577e+00  6.41422797e+00 
 4.42801962e+00  9.91023399e+00  4.42801962e+00  6.34136586e+00 
 4.47930055e+00  9.91144086e+00  4.47930055e+00  6.26931729e+00 
 4.53117537e+00  9.91262059e+00  4.53117537e+00  6.19807364e+00 
 4.58365095e+00  9.91377377e+00  4.58365095e+00  6.12762632e+00 
 4.63673425e+00  9.91490099e+00  4.63673425e+00  6.05796686e+00 
 4.69043232e+00  9.91600284e+00  4.69043232e+00  5.98908684e+00 
 4.74475225e+00  9.91707986e+00  4.74475225e+00  5.92097793e+00 
 4.79970127e+00  9.91813263e+00  4.79970127e+00  5.85363185e+00 
 4.85528665e+00  9.91916168e+00  4.85528665e+00  5.78704044e+00 
 4.91151577e+00  9.92016754e+00  4.91151577e+00  5.72119558e+00 
 4.96839608e+00  9.92115072e+00  4.96839608e+00  5.65608923e+00 
 5.02593512e+00  9.92211174e+00  5.02593512e+00  5.59171343e+00 
 5.08414052e+00  9.92305108e+00  5.08414052e+00  5.52806031e+00 
 5.14302000e+00  9.92396924e+00  5.14302000e+00  5.46512204e+00 
 5.20258136e+00  9.92486668e+00  5.20258136e+00  5.40289089e+00 
 5.26283250e+00  9.92574387e+00  5.26283250e+00  5.34135920e+00 
 5.32378141e+00  9.92660126e+00  5.32378141e+00  5.28051937e+00 
 5.38543617e+00  9.92743929e+00  5.38543617e+00  5.22036388e+00 
 5.44780495e+00  9.92825841e+00  5.44780495e+00  5.16088530e+00 
 5.51089603e+00  9.92905902e+00  5.51089603e+00  5.10207625e+00 
 5.57471776e+00  9.92984155e+00  5.57471776e+00  5.04392942e+00 
 5.63927862e+00  9.93060641e+00  5.63927862e+00  4.98643759e+00 
 5.70458716e+00  9.93135398e+00  5.70458716e+00  4.92959359e+00 
 5.77065203e+00  9.93208466e+00  5.77065203e+00  4.87339034e+00 
 5.83748200e+00  9.93279882e+00  5.83748200e+00  4.81782081e+00 
 5.90508593e+00  9.93349683e+00  5.90508593e+00  4.76287806e+00 
 5.97347279e+00  9.93417907e+00  5.97347279e+00  4.70855521e+00 
 6.04265163e+00  9.93484588e+00  6.04265163e+00  4.65484544e+00 
 6.11263163e+00  9.93549760e+00  6.11263163e+00  4.60174200e+00 
 6.18342207e+00  9.93613459e+00  6.18342207e+00  4.54923824e+00 
 6.25503234e+00  9.93675716e+00  6.25503234e+00  4.49732752e+00 
 6.32747192e+00  9.93736565e+00  6.32747192e+00  4.44600332e+00 
 6.40075043e+00  9.93796037e+00  6.40075043e+00  4.39525915e+00 
 6.47487758e+00  9.93854163e+00  6.47487758e+00  4.34508861e+00 
 6.54986319e+00  9.93910973e+00  6.54986319e+00  4.29548536e+00 
 6.62571722e+00  9.93966497e+00  6.62571722e+00  4.24644310e+00 
 6.70244971e+00  9.94020763e+00  6.70244971e+00  4.19795564e+00 
 6.78007084e+00  9.94073801e+00  6.78007084e+00  4.15001681e+00 
 6.85859090e+00  9.94125638e+00  6.85859090e+00  4.10262052e+00 
 6.93802030e+00  9.94176301e+00  6.93802030e+00  4.05576076e+00 
 7.01836957e+00  9.94225816e+00  7.01836957e+00  4.00943157e+00 
 7.09964937e+00  9.94274209e+00  7.09964937e+00  3.96362703e+00 
 7.18187048e+00  9.94321506e+00  7.18187048e+00  3.91834131e+00 
 7.26504378e+00  9.94367732e+00  7.26504378e+00  3.87356864e+00 
 7.34918032e+00  9.94412909e+00  7.34918032e+00  3.82930329e+00 
 7.43429124e+00  9.94457063e+00  7.43429124e+00  3.78553961e+00 
 7.52038784e+00  9.94500216e+00  7.52038784e+00  3.74227199e+00 
 7.60748151e+00  9.94542391e+00  7.60748151e+00  3.69949491e+00 
 7.69558382e+00  9.94583610e+00  7.69558382e+00  3.65720287e+00 
 7.78470645e+00  9.94623894e+00  7.78470645e+00  3.61539046e+00 
 7.87486120e+00  9.94663265e+00  7.87486120e+00  3.57405231e+00 
 7.96606004e+00  9.94701743e+00  7.96606004e+00  3.53318310e+00 
 8.05831505e+00  9.94739348e+00  8.05831505e+00  3.49277760e+00 
 8.15163847e+00  9.94776100e+00  8.15163847e+00  3.45283059e+00 
 8.24604267e+00  9.94812019e+00  8.24604267e+00  3.41333694e+00 
 8.34154016e+00  9.94847123e+00  8.34154016e+00  3.37429157e+00 
 8.43814361e+00  9.94881431e+00  8.43814361e+00  3.33568944e+00 
 8.53586583e+00  9.94914960e+00  8.53586583e+00  3.29752556e+00 
 8.63471977e+00  9.94947729e+00  8.63471977e+00  3.25979503e+00 
 8.73471853e+00  9.94979754e+00  8.73471853e+00  3.22249296e+00 
 8.83587539e+00  9.95011052e+00  8.83587539e+00  3.18561454e+00 
 8.93820374e+00  9.95041640e+00  8.93820374e+00  3.14915499e+00 
 9.04171716e+00  9.95071534e+00  9.04171716e+00  3.11310961e+00 
 9.14642936e+00  9.95100750e+00  9.14642936e+00  3.07747372e+00 
 9.25235424e+00  9.95129302e+00  9.25235424e+00  3.04224272e+00 
 9.35950584e+00  9.95157206e+00  9.35950584e+00  3.00741203e+00 
 9.46789836e+00  9.95184477e+00  9.46789836e+00  2.97297714e+00 
 9.57754617e+00  9.95211128e+00  9.57754617e+00  2.93893359e+00 
 9.68846382e+00  9.95237175e+00  9.68846382e+00  2.90527696e+00 
 9.80066601e+00  9.95262630e+00  9.80066601e+00  2.87200288e+00 
 9.91416761e+00  9.95287507e+00  9.91416761e+00  2.83910702e+00 
 1.00289837e+01  9.95311820e+00  1.00289837e+01  2.80658511e+00 
 1.01451294e+01  9.95335580e+00  1.01451294e+01  2.77443292e+00 
 1.02626203e+01  9.95358801e+00  1.02626203e+01  2.74264628e+00 
 1.03814717e+01  9.95381494e+00  1.03814717e+01  2.71122103e+00 
 1.05016997e+01  9.95403672e+00  1.05016997e+01  2.68015310e+00 
 1.06233199e+01  9.95425346e+00  1.06233199e+01  2.64943844e+00 
 1.07463487e+01  9.95446528e+00  1.07463487e+01  2.61907304e+00 
 1.08708023e+01  9.95467229e+00  1.08708023e+01  2.58905294e+00 
 1.09966971e+01  9.95487460e+00  1.09966971e+01  2.55937424e+00 
 1.11240500e+01  9.95507231e+00  1.11240500e+01  2.53003306e+00 
 1.12528777e+01  9.95526553e+00  1.12528777e+01  2.50102557e+00 
 1.13831974e+01  9.95545436e+00  1.13831974e+01  2.47234798e+00 
 1.15150263e+01  9.95563890e+00  1.15150263e+01  2.44399655e+00 
 1.16483819e+01  9.95581925e+00  1.16483819e+01  2.41596757e+00 
 1.17832819e+01  9.95599550e+00  1.17832819e+01  2.38825739e+00 
 1.19197442e+01  9.95616775e+00  1.19197442e+01  2.36086238e+00 
 1.20577869e+01  9.95633608e+00  1.20577869e+01  2.33377896e+00 
 1.21974282e+01  9.95650059e+00  1.21974282e+01  2.30700358e+00 
 1.23386867e+01  9.95666136e+00  1.23386867e+01  2.28053274e+00 
 1.24815812e+01  9.95681847e+00  1.24815812e+01  2.25436298e+00 
 1.26261305e+01  9.95697202e+00  1.26261305e+01  2.22849087e+00 
 1.27723538e+01  9.95712208e+00  1.27723538e+01  2.20291302e+00 
 1.29202705e+01  9.95726873e+00  1.29202705e+01  2.17762609e+00 
 1.30699003e+01  9.95741204e+00  1.30699003e+01  2.15262675e+00 
 1.32212629e+01  9.95755210e+00  1.32212629e+01  2.12791173e+00 
 1.33743785e+01  9.95768898e+00  1.33743785e+01  2.10347779e+00 
 1.35292673e+01  9.95782274e+00  1.35292673e+01  2.07932173e+00 
 1.36859499e+01  9.95795347e+00  1.36859499e+01  2.05544038e+00 
 1.38444470e+01  9.95808122e+00  1.38444470e+01  2.03183060e+00 
 1.40047796e+01  9.95820607e+00  1.40047796e+01  2.00848930e+00 
 1.41669691e+01  9.95832809e+00  1.41669691e+01  1.98541341e+00 
 1.43310369e+01  9.95844733e+00  1.43310369e+01  1.96259990e+00 
 1.44970048e+01  9.95856386e+00  1.44970048e+01  1.94004577e+00 
 1.46648947e+01  9.95867774e+00  1.46648947e+01  1.91774807e+00 
 1.48347290e+01  9.95878903e+00  1.48347290e+01  1.89570387e+00 
 1.50065301e+01  9.95889780e+00  1.50065301e+01  1.87391026e+00 
 1.51803209e+01  9.95900409e+00  1.51803209e+01  1.85236438e+00 
 1.53561243e+01  9.95910797e+00  1.53561243e+01  1.83106340e+00 
 1.55339637e+01  9.95920948e+00  1.55339637e+01  1.81000453e+00 
 1.57138627e+01  9.95930869e+00  1.57138627e+01  1.78918498e+00 
 1.58958451e+01  9.95940564e+00  1.58958451e+01  1.76860202e+00 
 1.60799350e+01  9.95950039e+00  1.60799350e+01  1.74825294e+00 
 1.62661569e+01  9.95959299e+00  1.62661569e+01  1.72813507e+00 
 1.64545354e+01  9.95968348e+00  1.64545354e+01  1.70824576e+00 
 1.66450955e+01  9.95977191e+00  1.66450955e+01  1.68858238e+00 
 1.68378625e+01  9.95985834e+00  1.68378625e+01  1.66914236e+00 
 1.70328619e+01  9.95994280e+00  1.70328619e+01  1.64992312e+00 
 1.72301197e+01  9.96002534e+00  1.72301197e+01  1.63092215e+00 
 1.74296618e+01  9.96010600e+00  1.74296618e+01  1.61213693e+00 
 1.76315149e+01  9.96018483e+00  1.76315149e+01  1.59356499e+00 
 1.78357056e+01  9.96026187e+00  1.78357056e+01  1.57520389e+00 
 1.80422611e+01  9.96033716e+00  1.80422611e+01  1.55705120e+00 
 1.82512087e+01  9.96041074e+00  1.82512087e+01  1.53910454e+00 
 1.84625761e+01  9.96048264e+00  1.84625761e+01  1.52136153e+00 
 1.86763914e+01  9.96055291e+00  1.86763914e+01  1.50381985e+00 
 1.88926828e+01  9.96062159e+00  1.88926828e+01  1.48647716e+00 
 1.91114791e+01  9.96068870e+00  1.91114791e+01  1.46933120e+00 
 1.93328093e+01  9.96075429e+00  1.93328093e+01  1.45237969e+00 
 1.95567028e+01  9.96081838e+00  1.95567028e+01  1.43562040e+00 
 1.97831891e+01  9.96088102e+00  1.97831891e+01  1.41905113e+00 
 2.00122984e+01  9.96094224e+00  2.00122984e+01  1.40266968e+00 
 2.02440610e+01  9.96100207e+00  2.02440610e+01  1.38647389e+00 
 2.04785077e+01  9.96106053e+00  2.04785077e+01  1.37046163e+00 
 2.07156695e+01  9.96111767e+00  2.07156695e+01  1.35463078e+00 
 2.09555778e+01  9.96117351e+00  2.09555778e+01  1.33897925e+00 
 2.11982645e+01  9.96122808e+00  2.11982645e+01  1.32350498e+00 
 2.14437618e+01  9.96128140e+00  2.14437618e+01  1.30820593e+00 
 2.16921022e+01  9.96133352e+00  2.16921022e+01  1.29308007e+00 
 2.19433187e+01  9.96138446e+00  2.19433187e+01  1.27812541e+00 
 2.21974444e+01  9.96143423e+00  2.21974444e+01  1.26333997e+00 
 2.24545132e+01  9.96148287e+00  2.24545132e+01  1.24872180e+00 
 2.27145591e+01  9.96153041e+00  2.27145591e+01  1.23426897e+00 
 2.29776167e+01  9.96157687e+00  2.29776167e+01  1.21997957e+00 
 2.32437206e+01  9.96162228e+00  2.32437206e+01  1.20585171e+00 
 2.35129064e+01  9.96166665e+00  2.35129064e+01  1.19188353e+00 
 2.37852095e+01  9.96171001e+00  2.37852095e+01  1.17807317e+00 
 2.40606663e+01  9.96175239e+00  2.40606663e+01  1.16441883e+00 
 2.43393131e+01  9.96179380e+00  2.43393131e+01  1.15091869e+00 
 2.46211869e+01  9.96183428e+00  2.46211869e+01  1.13757096e+00 
 2.49063250e+01  9.96187383e+00  2.49063250e+01  1.12437389e+00 
 2.51947654e+01  9.96191248e+00  2.51947654e+01  1.11132572e+00 
 2.54865462e+01  9.96195026e+00  2.54865462e+01  1.09842475e+00 
 2.57817061e+01  9.96198718e+00  2.57817061e+01  1.08566925e+00 
 2.60802843e+01  9.96202326e+00  2.60802843e+01  1.07305754e+00 
 2.63823203e+01  9.96205852e+00  2.63823203e+01  1.06058796e+00 
 2.66878542e+01  9.96209298e+00  2.66878542e+01  1.04825885e+00 
 2.69969265e+01  9.96212666e+00  2.69969265e+01  1.03606859e+00 
 2.73095781e+01  9.96215957e+00  2.73095781e+01  1.02401557e+00 
 2.76258506e+01  9.96219173e+00  2.76258506e+01  1.01209819e+00 
 2.79457858e+01  9.96222316e+00  2.79457858e+01  1.00031487e+00 
 2.82694262e+01  9.96225388e+00  2.82694262e+01  9.88664060e-01 
 2.85968147e+01  9.96228390e+00  2.85968147e+01  9.77144215e-01 
 2.89279946e+01  9.96231324e+00  2.89279946e+01  9.65753811e-01 
 2.92630100e+01  9.96234191e+00  2.92630100e+01  9.54491342e-01 
 2.96019052e+01  9.96236993e+00  2.96019052e+01  9.43355318e-01 
 2.99447251e+01  9.96239732e+00  2.99447251e+01  9.32344267e-01 
 3.02915152e+01  9.96242408e+00  3.02915152e+01  9.21456731e-01 
 3.06423215e+01  9.96245023e+00  3.06423215e+01  9.10691269e-01 
 3.09971905e+01  9.96247579e+00  3.09971905e+01  9.00046459e-01 
 3.13561693e+01  9.96250077e+00  3.13561693e+01  8.89520890e-01 
 3.17193054e+01  9.96252518e+00  3.17193054e+01  8.79113171e-01 
 3.20866469e+01  9.96254904e+00  3.20866469e+01  8.68821924e-01 
 3.24582427e+01  9.96257235e+00  3.24582427e+01  8.58645787e-01 
 3.28341419e+01  9.96259514e+00  3.28341419e+01  8.48583414e-01 
 3.32143943e+01  9.96261740e+00  3.32143943e+01  8.38633473e-01 
 3.35990505e+01  9.96263917e+00  3.35990505e+01  8.28794647e-01 
 3.39881614e+01  9.96266043e+00  3.39881614e+01  8.19065635e-01 
 3.43817786e+01  9.96268122e+00  3.43817786e+01  8.09445147e-01 
 3.47799543e+01  9.96270153e+00  3.47799543e+01  7.99931912e-01 
 3.51827413e+01  9.96272138e+00  3.51827413e+01  7.90524669e-01 
 3.55901929e+01  9.96274078e+00  3.55901929e+01  7.81222173e-01 
 3.60023633e+01  9.96275974e+00  3.60023633e+01  7.72023194e-01 
 3.64193070e+01  9.96277826e+00  3.64193070e+01  7.62926513e-01 
 3.68410793e+01  9.96279637e+00  3.68410793e+01  7.53930926e-01 
 3.72677361e+01  9.96281407e+00  3.72677361e+01  7.45035242e-01 
 3.76993341e+01  9.96283136e+00  3.76993341e+01  7.36238284e-01 
 3.81359304e+01  9.96284826e+00  3.81359304e+01  7.27538886e-01 
 3.85775830e+01  9.96286478e+00  3.85775830e+01  7.18935898e-01 
 3.90243503e+01  9.96288092e+00  3.90243503e+01  7.10428179e-01 
 3.94762917e+01  9.96289669e+00  3.94762917e+01  7.02014604e-01 
 3.99334670e+01  9.96291211e+00  3.99334670e+01  6.93694058e-01 
 4.03959368e+01  9.96292717e+00  4.03959368e+01  6.85465440e-01 
 4.08637625e+01  9.96294189e+00  4.08637625e+01  6.77327660e-01 
 4.13370061e+01  9.96295628e+00  4.13370061e+01  6.69279640e-01 
 4.18157303e+01  9.96297034e+00  4.18157303e+01  6.61320315e-01 
 4.22999987e+01  9.96298409e+00  4.22999987e+01  6.53448631e-01 
 4.27898753e+01  9.96299752e+00  4.27898753e+01  6.45663545e-01 
 4.32854253e+01  9.96301064e+00  4.32854253e+01  6.37964026e-01 
 4.37867142e+01  9.96302347e+00  4.37867142e+01  6.30349055e-01 
 4.42938085e+01  9.96303600e+00  4.42938085e+01  6.22817623e-01 
 4.48067755e+01  9.96304825e+00  4.48067755e+01  6.15368732e-01 
 4.53256831e+01  9.96306022e+00  4.53256831e+01  6.08001396e-01 
 4.58506003e+01  9.96307192e+00  4.58506003e+01  6.00714640e-01 
 4.63815965e+01  9.96308335e+00  4.63815965e+01  5.93507498e-01 
 4.69187422e+01  9.96309452e+00  4.69187422e+01  5.86379015e-01 
 4.74621085e+01  9.96310544e+00  4.74621085e+01  5.79328247e-01 
 4.80117676e+01  9.96311611e+00  4.80117676e+01  5.72354261e-01 
 4.85677923e+01  9.96312654e+00  4.85677923e+01  5.65456132e-01 
 4.91302564e+01  9.96313673e+00  4.91302564e+01  5.58632947e-01 
 4.96992343e+01  9.96314669e+00  4.96992343e+01  5.51883802e-01 
 5.02748016e+01  9.96315642e+00  5.02748016e+01  5.45207803e-01 
 5.08570345e+01  9.96316593e+00  5.08570345e+01  5.38604066e-01 
 5.14460103e+01  9.96317523e+00  5.14460103e+01  5.32071715e-01 
 5.20418070e+01  9.96318431e+00  5.20418070e+01  5.25609886e-01 
 5.26445036e+01  9.96319318e+00  5.26445036e+01  5.19217723e-01 
 5.32541801e+01  9.96320186e+00  5.32541801e+01  5.12894378e-01 
 5.38709172e+01  9.96321034e+00  5.38709172e+01  5.06639013e-01 
 5.44947968e+01  9.96321862e+00  5.44947968e+01  5.00450801e-01 
 5.51259015e+01  9.96322671e+00  5.51259015e+01  4.94328921e-01 
 5.57643151e+01  9.96323463e+00  5.57643151e+01  4.88272563e-01 
 5.64101221e+01  9.96324236e+00  5.64101221e+01  4.82280923e-01 
 5.70634082e+01  9.96324991e+00  5.70634082e+01  4.76353208e-01 
 5.77242601e+01  9.96325729e+00  5.77242601e+01  4.70488633e-01 
 5.83927652e+01  9.96326451e+00  5.83927652e+01  4.64686421e-01 
 5.90690124e+01  9.96327156e+00  5.90690124e+01  4.58945802e-01 
 5.97530911e+01  9.96327845e+00  5.97530911e+01  4.53266017e-01 
 6.04450922e+01  9.96328518e+00  6.04450922e+01  4.47646312e-01 
 6.11451073e+01  9.96329176e+00  6.11451073e+01  4.42085944e-01 
 6.18532294e+01  9.96329819e+00  6.18532294e+01  4.36584174e-01 
 6.25695522e+01  9.96330447e+00  6.25695522e+01  4.31140275e-01 
 6.32941707e+01  9.96331061e+00  6.32941707e+01  4.25753525e-01 
 6.40271811e+01  9.96331661e+00  6.40271811e+01  4.20423210e-01 
 6.47686804e+01  9.96332247e+00  6.47686804e+01  4.15148624e-01 
 6.55187671e+01  9.96332820e+00  6.55187671e+01  4.09929068e-01 
 6.62775405e+01  9.96333380e+00  6.62775405e+01  4.04763851e-01 
 6.70451013e+01  9.96333927e+00  6.70451013e+01  3.99652287e-01 
 6.78215512e+01  9.96334461e+00  6.78215512e+01  3.94593699e-01 
 6.86069932e+01  9.96334984e+00  6.86069932e+01  3.89587418e-01 
 6.94015314e+01  9.96335494e+00  6.94015314e+01  3.84632779e-01 
 7.02052711e+01  9.96335993e+00  7.02052711e+01  3.79729127e-01 
 7.10183190e+01  9.96336480e+00  7.10183190e+01  3.74875811e-01 
 7.18407828e+01  9.96336956e+00  7.18407828e+01  3.70072188e-01 
 7.26727715e+01  9.96337421e+00  7.26727715e+01  3.65317622e-01 
 7.35143955e+01  9.96337876e+00  7.35143955e+01  3.60611482e-01 
 7.43657664e+01  9.96338320e+00  7.43657664e+01  3.55953145e-01 
 7.52269970e+01  9.96338754e+00  7.52269970e+01  3.51341993e-01 
 7.60982015e+01  9.96339179e+00  7.60982015e+01  3.46777416e-01 
 7.69794955e+01  9.96339593e+00  7.69794955e+01  3.42258808e-01 
 7.78709957e+01  9.96339998e+00  7.78709957e+01  3.37785570e-01 
 7.87728204e+01  9.96340394e+00  7.87728204e+01  3.33357111e-01 
 7.96850891e+01  9.96340780e+00  7.96850891e+01  3.28972842e-01 
 8.06079229e+01  9.96341158e+00  8.06079229e+01  3.24632183e-01 
 8.15414439e+01  9.96341527e+00  8.15414439e+01  3.20334558e-01 
 8.24857761e+01  9.96341887e+00  8.24857761e+01  3.16079398e-01 
 8.34410446e+01  9.96342240e+00  8.34410446e+01  3.11866139e-01 
 8.44073761e+01  9.96342584e+00  8.44073761e+01  3.07694223e-01 
 8.53848987e+01  9.96342920e+00  8.53848987e+01  3.03563096e-01 
 8.63737419e+01  9.96343249e+00  8.63737419e+01  2.99472211e-01 
 8.73740370e+01  9.96343570e+00  8.73740370e+01  2.95421026e-01 
 8.83859165e+01  9.96343883e+00  8.83859165e+01  2.91409004e-01 
 8.94095146e+01  9.96344190e+00  8.94095146e+01  2.87435613e-01 
 9.04449670e+01  9.96344489e+00  9.04449670e+01  2.83500327e-01 
 9.14924110e+01  9.96344781e+00  9.14924110e+01  2.79602623e-01 
 9.25519854e+01  9.96345067e+00  9.25519854e+01  2.75741986e-01 
 9.36238307e+01  9.96345346e+00  9.36238307e+01  2.71917903e-01 
 9.47080892e+01  9.96345619e+00  9.47080892e+01  2.68129868e-01 
 9.58049044e+01  9.96345885e+00  9.58049044e+01  2.64377378e-01 
 9.69144218e+01  9.96346145e+00  9.69144218e+01  2.60659937e-01 
 9.80367886e+01  9.96346399e+00  9.80367886e+01  2.56977051e-01 
 9.91721535e+01  9.96346647e+00  9.91721535e+01  2.53328233e-01 
 1.00320667e+02  9.96346890e+00  1.00320667e+02  2.49712998e-01 
 1.01482482e+02  9.96347126e+00  1.01482482e+02  2.46130867e-01 
 1.02657751e+02  9.96347358e+00  1.02657751e+02  2.42581366e-01 
 1.03846632e+02  9.96347583e+00  1.03846632e+02  2.39064024e-01 
 1.05049280e+02  9.96347804e+00  1.05049280e+02  2.35578376e-01 
 1.06265857e+02  9.96348020e+00  1.06265857e+02  2.32123957e-01 
 1.07496523e+02  9.96348230e+00  1.07496523e+02  2.28700312e-01 
 1.08741441e+02  9.96348435e+00  1.08741441e+02  2.25306986e-01 
 1.10000777e+02  9.96348636e+00  1.10000777e+02  2.21943530e-01 
 1.11274697e+02  9.96348832e+00  1.11274697e+02  2.18609497e-01 
 1.12563370e+02  9.96349023e+00  1.12563370e+02  2.15304445e-01 
 1.13866967e+02  9.96349210e+00  1.13866967e+02  2.12027937e-01 
 1.15185661e+02  9.96349393e+00  1.15185661e+02  2.08779538e-01 
 1.16519628e+02  9.96349571e+00  1.16519628e+02  2.05558817e-01 
 1.17869043e+02  9.96349745e+00  1.17869043e+02  2.02365348e-01 
 1.19234085e+02  9.96349914e+00  1.19234085e+02  1.99198707e-01 
 1.20614936e+02  9.96350080e+00  1.20614936e+02  1.96058475e-01 
 1.22011779e+02  9.96350242e+00  1.22011779e+02  1.92944234e-01 
 1.23424798e+02  9.96350400e+00  1.23424798e+02  1.89855573e-01 
 1.24854182e+02  9.96350554e+00  1.24854182e+02  1.86792082e-01 
 1.26300119e+02  9.96350704e+00  1.26300119e+02  1.83753355e-01 
 1.27762802e+02  9.96350851e+00  1.27762802e+02  1.80738989e-01 
 1.29242424e+02  9.96350994e+00  1.29242424e+02  1.77748584e-01 
 1.30739182e+02  9.96351134e+00  1.30739182e+02  1.74781744e-01 
 1.32253273e+02  9.96351270e+00  1.32253273e+02  1.71838076e-01 
 1.33784900e+02  9.96351404e+00  1.33784900e+02  1.68917189e-01 
 1.35334264e+02  9.96351533e+00  1.35334264e+02  1.66018696e-01 
 1.36901571e+02  9.96351660e+00  1.36901571e+02  1.63142214e-01 
 1.38487029e+02  9.96351784e+00  1.38487029e+02  1.60287360e-01 
 1.40090849e+02  9.96351904e+00  1.40090849e+02  1.57453756e-01 
 1.41713242e+02  9.96352022e+00  1.41713242e+02  1.54641026e-01 
 1.43354425e+02  9.96352136e+00  1.43354425e+02  1.51848799e-01 
 1.45014614e+02  9.96352248e+00  1.45014614e+02  1.49076703e-01 
 1.46694029e+02  9.96352357e+00  1.46694029e+02  1.46324370e-01 
 1.48392894e+02  9.96352463e+00  1.48392894e+02  1.43591437e-01 
 1.50111433e+02  9.96352567e+00  1.50111433e+02  1.40877541e-01 
 1.51849875e+02  9.96352667e+00  1.51849875e+02  1.38182322e-01 
 1.53608450e+02  9.96352766e+00  1.53608450e+02  1.35505423e-01 
 1.55387391e+02  9.96352862e+00  1.55387391e+02  1.32846488e-01 
 1.57186933e+02  9.96352955e+00  1.57186933e+02  1.30205166e-01 
 1.59007317e+02  9.96353046e+00  1.59007317e+02  1.27581106e-01 
 1.60848782e+02  9.96353134e+00  1.60848782e+02  1.24973960e-01 
 1.62711573e+02  9.96353220e+00  1.62711573e+02  1.22383383e-01 
 1.64595937e+02  9.96353304e+00  1.64595937e+02  1.19809032e-01 
 1.66502124e+02  9.96353386e+00  1.66502124e+02  1.17250564e-01 
 1.68430387e+02  9.96353465e+00  1.68430387e+02  1.14707641e-01 
 1.70380981e+02  9.96353542e+00  1.70380981e+02  1.12179925e-01 
 1.72354164e+02  9.96353618e+00  1.72354164e+02  1.09667083e-01 
 1.74350199e+02  9.96353691e+00  1.74350199e+02  1.07168779e-01 
 1.76369351e+02  9.96353762e+00  1.76369351e+02  1.04684684e-01 
 1.78411886e+02  9.96353831e+00  1.78411886e+02  1.02214468e-01 
 1.80478075e+02  9.96353898e+00  1.80478075e+02  9.97578026e-02 
 1.82568193e+02  9.96353963e+00  1.82568193e+02  9.73143633e-02 
 1.84682517e+02  9.96354026e+00  1.84682517e+02  9.48838258e-02 
 1.86821327e+02  9.96354088e+00  1.86821327e+02  9.24658678e-02 
 1.88984907e+02  9.96354147e+00  1.88984907e+02  9.00601687e-02 
 1.91173543e+02  9.96354205e+00  1.91173543e+02  8.76664097e-02 
 1.93387525e+02  9.96354261e+00  1.93387525e+02  8.52842733e-02 
 1.95627148e+02  9.96354315e+00  1.95627148e+02  8.29134437e-02 
 1.97892707e+02  9.96354368e+00  1.97892707e+02  8.05536067e-02 
 2.00184505e+02  9.96354419e+00  2.00184505e+02  7.82044494e-02 
 2.02502843e+02  9.96354468e+00  2.02502843e+02  7.58656603e-02 
 2.04848030e+02  9.96354515e+00  2.04848030e+02  7.35369294e-02 
 2.07220377e+02  9.96354561e+00  2.07220377e+02  7.12179478e-02 
 2.09620198e+02  9.96354606e+00  2.09620198e+02  6.89084083e-02 
 2.12047812e+02  9.96354649e+00  2.12047812e+02  6.66080045e-02 
 2.14503539e+02  9.96354690e+00  2.14503539e+02  6.43164316e-02 
 2.16987707e+02  9.96354730e+00  2.16987707e+02  6.20333856e-02 
 2.19500643e+02  9.96354768e+00  2.19500643e+02  5.97585639e-02 
 2.22042682e+02  9.96354805e+00  2.22042682e+02  5.74916650e-02 
 2.24614160e+02  9.96354841e+00  2.24614160e+02  5.52323882e-02 
 2.27215419e+02  9.96354875e+00  2.27215419e+02  5.29804340e-02 
 2.29846803e+02  9.96354907e+00  2.29846803e+02  5.07355040e-02 
 2.32508661e+02  9.96354938e+00  2.32508661e+02  4.84973004e-02 
 2.35201345e+02  9.96354968e+00  2.35201345e+02  4.62655265e-02 
 2.37925214e+02  9.96354997e+00  2.37925214e+02  4.40398864e-02 
 2.40680628e+02  9.96355024e+00  2.40680628e+02  4.18200851e-02 
 2.43467953e+02  9.96355050e+00  2.43467953e+02  3.96058282e-02 
 2.46287557e+02  9.96355074e+00  2.46287557e+02  3.73968222e-02 
 2.49139816e+02  9.96355097e+00  2.49139816e+02  3.51927743e-02 
 2.52025106e+02  9.96355119e+00  2.52025106e+02  3.29933921e-02 
 2.54943811e+02  9.96355140e+00  2.54943811e+02  3.07983841e-02 
 2.57896318e+02  9.96355159e+00  2.57896318e+02  2.86074594e-02 
 2.60883017e+02  9.96355177e+00  2.60883017e+02  2.64203274e-02 
 2.63904306e+02  9.96355194e+00  2.63904306e+02  2.42366981e-02 
 2.66960584e+02  9.96355210e+00  2.66960584e+02  2.20562820e-02 
 2.70052257e+02  9.96355224e+00  2.70052257e+02  1.98787902e-02 
 2.73179734e+02  9.96355237e+00  2.73179734e+02  1.77039338e-02 
 2.76343431e+02  9.96355249e+00  2.76343431e+02  1.55314246e-02 
 2.79543767e+02  9.96355260e+00  2.79543767e+02  1.33609744e-02 
 2.82781166e+02  9.96355269e+00  2.82781166e+02  1.11922956e-02 
 2.86056057e+02  9.96355278e+00  2.86056057e+02  9.02510063e-03 
 2.89368875e+02  9.96355285e+00  2.89368875e+02  6.85910213e-03 
 2.92720058e+02  9.96355290e+00  2.92720058e+02  4.69401295e-03 
 2.96110052e+02  9.96355295e+00  2.96110052e+02  2.52954605e-03 
 2.99539305e+02  9.96355299e+00  2.99539305e+02  3.65414444e-04 
 3.03008272e+02  9.96355301e+00  3.03008272e+02 -1.79866877e-03 
 3.06517414e+02  9.96355302e+00  3.06517414e+02 -3.96299053e-03 
 3.10067195e+02  9.96355302e+00  3.10067195e+02 -6.12783776e-03 
 3.13658086e+02  9.96355301e+00  3.13658086e+02 -8.29349749e-03 
 3.17290563e+02  9.96355299e+00  3.17290563e+02 -1.04602568e-02 
 3.20965108e+02  9.96355295e+00  3.20965108e+02 -1.26284031e-02 
 3.24682207e+02  9.96355290e+00  3.24682207e+02 -1.47982237e-02 
 3.28442355e+02  9.96355284e+00  3.28442355e+02 -1.69700063e-02 
 3.32246049e+02  9.96355277e+00  3.32246049e+02 -1.91440389e-02 
 3.36093793e+02  9.96355269e+00  3.36093793e+02 -2.13206097e-02 
 3.39986099e+02  9.96355259e+00  3.39986099e+02 -2.35000072e-02 
 3.43923481e+02  9.96355248e+00  3.43923481e+02 -2.56825205e-02 
 3.47906461e+02  9.96355236e+00  3.47906461e+02 -2.78684388e-02 
 3.51935569e+02  9.96355223e+00  3.51935569e+02 -3.00580521e-02 
 3.56011338e+02  9.96355209e+00  3.56011338e+02 -3.22516505e-02 
 3.60134309e+02  9.96355193e+00  3.60134309e+02 -3.44495249e-02 
 3.64305027e+02  9.96355176e+00  3.64305027e+02 -3.66519668e-02 
 3.68524047e+02  9.96355158e+00  3.68524047e+02 -3.88592680e-02 
 3.72791927e+02  9.96355139e+00  3.72791927e+02 -4.10717214e-02 
 3.77109234e+02  9.96355118e+00  3.77109234e+02 -4.32896201e-02 
 3.81476539e+02  9.96355096e+00  3.81476539e+02 -4.55132582e-02 
 3.85894423e+02  9.96355073e+00  3.85894423e+02 -4.77429306e-02 
 3.90363469e+02  9.96355048e+00  3.90363469e+02 -4.99789329e-02 
 3.94884272e+02  9.96355022e+00  3.94884272e+02 -5.22215615e-02 
 3.99457430e+02  9.96354995e+00  3.99457430e+02 -5.44711137e-02 
 4.04083550e+02  9.96354967e+00  4.04083550e+02 -5.67278878e-02 
 4.08763246e+02  9.96354937e+00  4.08763246e+02 -5.89921830e-02 
 4.13497136e+02  9.96354906e+00  4.13497136e+02 -6.12642995e-02 
 4.18285850e+02  9.96354873e+00  4.18285850e+02 -6.35445385e-02 
 4.23130023e+02  9.96354839e+00  4.23130023e+02 -6.58332024e-02 
 4.28030295e+02  9.96354803e+00  4.28030295e+02 -6.81305946e-02 
 4.32987318e+02  9.96354766e+00  4.32987318e+02 -7.04370196e-02 
 4.38001748e+02  9.96354728e+00  4.38001748e+02 -7.27527833e-02 
 4.43074250e+02  9.96354688e+00  4.43074250e+02 -7.50781927e-02 
 4.48205497e+02  9.96354646e+00  4.48205497e+02 -7.74135560e-02 
 4.53396168e+02  9.96354604e+00  4.53396168e+02 -7.97591829e-02 
 4.58646954e+02  9.96354559e+00  4.58646954e+02 -8.21153845e-02 
 4.63958548e+02  9.96354513e+00  4.63958548e+02 -8.44824730e-02 
 4.69331656e+02  9.96354465e+00  4.69331656e+02 -8.68607622e-02 
 4.74766990e+02  9.96354416e+00  4.74766990e+02 -8.92505676e-02 
 4.80265271e+02  9.96354365e+00  4.80265271e+02 -9.16522060e-02 
 4.85827227e+02  9.96354312e+00  4.85827227e+02 -9.40659957e-02 
 4.91453597e+02  9.96354258e+00  4.91453597e+02 -9.64922568e-02 
 4.97145125e+02  9.96354202e+00  4.97145125e+02 -9.89313109e-02 
 5.02902567e+02  9.96354144e+00  5.02902567e+02 -1.01383481e-01 
 5.08726686e+02  9.96354084e+00  5.08726686e+02 -1.03849093e-01 
 5.14618255e+02  9.96354023e+00  5.14618255e+02 -1.06328474e-01 
 5.20578053e+02  9.96353959e+00  5.20578053e+02 -1.08821952e-01 
 5.26606872e+02  9.96353894e+00  5.26606872e+02 -1.11329857e-01 
 5.32705511e+02  9.96353827e+00  5.32705511e+02 -1.13852522e-01 
 5.38874778e+02  9.96353758e+00  5.38874778e+02 -1.16390282e-01 
 5.45115492e+02  9.96353687e+00  5.45115492e+02 -1.18943474e-01 
 5.51428479e+02  9.96353613e+00  5.51428479e+02 -1.21512434e-01 
 5.57814577e+02  9.96353538e+00  5.57814577e+02 -1.24097505e-01 
 5.64274633e+02  9.96353461e+00  5.64274633e+02 -1.26699029e-01 
 5.70809503e+02  9.96353381e+00  5.70809503e+02 -1.29317351e-01 
 5.77420053e+02  9.96353299e+00  5.77420053e+02 -1.31952817e-01 
 5.84107159e+02  9.96353215e+00  5.84107159e+02 -1.34605778e-01 
 5.90871709e+02  9.96353129e+00  5.90871709e+02 -1.37276585e-01 
 5.97714600e+02  9.96353040e+00  5.97714600e+02 -1.39965592e-01 
 6.04636738e+02  9.96352949e+00  6.04636738e+02 -1.42673156e-01 
 6.11639042e+02  9.96352856e+00  6.11639042e+02 -1.45399635e-01 
 6.18722439e+02  9.96352760e+00  6.18722439e+02 -1.48145392e-01 
 6.25887869e+02  9.96352662e+00  6.25887869e+02 -1.50910789e-01 
 6.33136282e+02  9.96352561e+00  6.33136282e+02 -1.53696194e-01 
 6.40468639e+02  9.96352457e+00  6.40468639e+02 -1.56501976e-01 
 6.47885912e+02  9.96352350e+00  6.47885912e+02 -1.59328508e-01 
 6.55389084e+02  9.96352241e+00  6.55389084e+02 -1.62176162e-01 
 6.62979151e+02  9.96352129e+00  6.62979151e+02 -1.65045318e-01 
 6.70657118e+02  9.96352015e+00  6.70657118e+02 -1.67936356e-01 
 6.78424004e+02  9.96351897e+00  6.78424004e+02 -1.70849658e-01 
 6.86280839e+02  9.96351776e+00  6.86280839e+02 -1.73785612e-01 
 6.94228663e+02  9.96351652e+00  6.94228663e+02 -1.76744605e-01 
 7.02268532e+02  9.96351526e+00  7.02268532e+02 -1.79727032e-01 
 7.10401510e+02  9.96351395e+00  7.10401510e+02 -1.82733286e-01 
 7.18628676e+02  9.96351262e+00  7.18628676e+02 -1.85763767e-01 
 7.26951121e+02  9.96351125e+00  7.26951121e+02 -1.88818876e-01 
 7.35369948e+02  9.96350985e+00  7.35369948e+02 -1.91899019e-01 
 7.43886274e+02  9.96350842e+00  7.43886274e+02 -1.95004603e-01 
 7.52501228e+02  9.96350695e+00  7.52501228e+02 -1.98136040e-01 
 7.61215951e+02  9.96350544e+00  7.61215951e+02 -2.01293746e-01 
 7.70031600e+02  9.96350390e+00  7.70031600e+02 -2.04478139e-01 
 7.78949343e+02  9.96350232e+00  7.78949343e+02 -2.07689642e-01 
 7.87970362e+02  9.96350069e+00  7.87970362e+02 -2.10928679e-01 
 7.97095854e+02  9.96349903e+00  7.97095854e+02 -2.14195681e-01 
 8.06327028e+02  9.96349733e+00  8.06327028e+02 -2.17491080e-01 
 8.15665108e+02  9.96349559e+00  8.15665108e+02 -2.20815314e-01 
 8.25111333e+02  9.96349381e+00  8.25111333e+02 -2.24168822e-01 
 8.34666955e+02  9.96349198e+00  8.34666955e+02 -2.27552051e-01 
 8.44333240e+02  9.96349011e+00  8.44333240e+02 -2.30965447e-01 
 8.54111471e+02  9.96348819e+00  8.54111471e+02 -2.34409464e-01 
 8.64002944e+02  9.96348623e+00  8.64002944e+02 -2.37884559e-01 
 8.74008970e+02  9.96348422e+00  8.74008970e+02 -2.41391191e-01 
 8.84130875e+02  9.96348216e+00  8.84130875e+02 -2.44929826e-01 
 8.94370003e+02  9.96348005e+00  8.94370003e+02 -2.48500933e-01 
 9.04727710e+02  9.96347789e+00  9.04727710e+02 -2.52104985e-01 
 9.15205369e+02  9.96347568e+00  9.15205369e+02 -2.55742460e-01 
 9.25804371e+02  9.96347342e+00  9.25804371e+02 -2.59413840e-01 
 9.36526119e+02  9.96347110e+00  9.36526119e+02 -2.63119612e-01 
 9.47372037e+02  9.96346873e+00  9.47372037e+02 -2.66860267e-01 
 9.58343561e+02  9.96346630e+00  9.58343561e+02 -2.70636301e-01 
 9.69442146e+02  9.96346381e+00  9.69442146e+02 -2.74448215e-01 
 9.80669264e+02  9.96346126e+00  9.80669264e+02 -2.78296514e-01 
 9.92026404e+02  9.96345866e+00  9.92026404e+02 -2.82181707e-01 
 1.00351507e+03  9.96345599e+00  1.00351507e+03 -2.86104311e-01 
 1.01513679e+03  9.96345326e+00  1.01513679e+03 -2.90064844e-01 
 1.02689310e+03  9.96345046e+00  1.02689310e+03 -2.94063833e-01 
 1.03878555e+03  9.96344760e+00  1.03878555e+03 -2.98101807e-01 
 1.05081574e+03  9.96344467e+00  1.05081574e+03 -3.02179301e-01 
 1.06298524e+03  9.96344167e+00  1.06298524e+03 -3.06296856e-01 
 1.07529569e+03  9.96343860e+00  1.07529569e+03 -3.10455017e-01 
 1.08774869e+03  9.96343545e+00  1.08774869e+03 -3.14654336e-01 
 1.10034592e+03  9.96343223e+00  1.10034592e+03 -3.18895370e-01 
 1.11308904e+03  9.96342894e+00  1.11308904e+03 -3.23178681e-01 
 1.12597973e+03  9.96342557e+00  1.12597973e+03 -3.27504835e-01 
 1.13901971e+03  9.96342212e+00  1.13901971e+03 -3.31874408e-01 
 1.15221071e+03  9.96341859e+00  1.15221071e+03 -3.36287978e-01 
 1.16555447e+03  9.96341497e+00  1.16555447e+03 -3.40746129e-01 
 1.17905277e+03  9.96341127e+00  1.17905277e+03 -3.45249454e-01 
 1.19270739e+03  9.96340749e+00  1.19270739e+03 -3.49798549e-01 
 1.20652015e+03  9.96340361e+00  1.20652015e+03 -3.54394016e-01 
 1.22049287e+03  9.96339964e+00  1.22049287e+03 -3.59036465e-01 
 1.23462740e+03  9.96339558e+00  1.23462740e+03 -3.63726512e-01 
 1.24892564e+03  9.96339143e+00  1.24892564e+03 -3.68464777e-01 
 1.26338945e+03  9.96338717e+00  1.26338945e+03 -3.73251890e-01 
 1.27802078e+03  9.96338282e+00  1.27802078e+03 -3.78088483e-01 
 1.29282155e+03  9.96337837e+00  1.29282155e+03 -3.82975200e-01 
 1.30779373e+03  9.96337381e+00  1.30779373e+03 -3.87912686e-01 
 1.32293930e+03  9.96336914e+00  1.32293930e+03 -3.92901597e-01 
 1.33826027e+03  9.96336437e+00  1.33826027e+03 -3.97942594e-01 
 1.35375867e+03  9.96335948e+00  1.35375867e+03 -4.03036345e-01 
 1.36943656e+03  9.96335448e+00  1.36943656e+03 -4.08183525e-01 
 1.38529602e+03  9.96334936e+00  1.38529602e+03 -4.13384816e-01 
 1.40133915e+03  9.96334412e+00  1.40133915e+03 -4.18640908e-01 
 1.41756807e+03  9.96333876e+00  1.41756807e+03 -4.23952497e-01 
 1.43398494e+03  9.96333327e+00  1.43398494e+03 -4.29320287e-01 
 1.45059193e+03  9.96332765e+00  1.45059193e+03 -4.34744989e-01 
 1.46739125e+03  9.96332191e+00  1.46739125e+03 -4.40227323e-01 
 1.48438512e+03  9.96331603e+00  1.48438512e+03 -4.45768015e-01 
 1.50157580e+03  9.96331001e+00  1.50157580e+03 -4.51367799e-01 
 1.51896556e+03  9.96330385e+00  1.51896556e+03 -4.57027417e-01 
 1.53655671e+03  9.96329754e+00  1.53655671e+03 -4.62747620e-01 
 1.55435159e+03  9.96329109e+00  1.55435159e+03 -4.68529166e-01 
 1.57235255e+03  9.96328449e+00  1.57235255e+03 -4.74372819e-01 
 1.59056198e+03  9.96327774e+00  1.59056198e+03 -4.80279356e-01 
 1.60898229e+03  9.96327082e+00  1.60898229e+03 -4.86249559e-01 
 1.62761593e+03  9.96326375e+00  1.62761593e+03 -4.92284219e-01 
 1.64646536e+03  9.96325651e+00  1.64646536e+03 -4.98384135e-01 
 1.66553309e+03  9.96324910e+00  1.66553309e+03 -5.04550116e-01 
 1.68482165e+03  9.96324152e+00  1.68482165e+03 -5.10782979e-01 
 1.70433358e+03  9.96323376e+00  1.70433358e+03 -5.17083549e-01 
 1.72407148e+03  9.96322582e+00  1.72407148e+03 -5.23452663e-01 
 1.74403797e+03  9.96321769e+00  1.74403797e+03 -5.29891162e-01 
 1.76423569e+03  9.96320938e+00  1.76423569e+03 -5.36399902e-01 
 1.78466732e+03  9.96320087e+00  1.78466732e+03 -5.42979744e-01 
 1.80533557e+03  9.96319216e+00  1.80533557e+03 -5.49631560e-01 
 1.82624317e+03  9.96318325e+00  1.82624317e+03 -5.56356231e-01 
 1.84739291e+03  9.96317413e+00  1.84739291e+03 -5.63154648e-01 
 1.86878759e+03  9.96316480e+00  1.86878759e+03 -5.70027712e-01 
 1.89043003e+03  9.96315525e+00  1.89043003e+03 -5.76976334e-01 
 1.91232312e+03  9.96314547e+00  1.91232312e+03 -5.84001434e-01 
 1.93446975e+03  9.96313547e+00  1.93446975e+03 -5.91103944e-01 
 1.95687286e+03  9.96312524e+00  1.95687286e+03 -5.98284803e-01 
 1.97953542e+03  9.96311477e+00  1.97953542e+03 -6.05544963e-01 
 2.00246044e+03  9.96310405e+00  2.00246044e+03 -6.12885386e-01 
 2.02565095e+03  9.96309308e+00  2.02565095e+03 -6.20307045e-01 
 2.04911003e+03  9.96308186e+00  2.04911003e+03 -6.27810922e-01 
 2.07284080e+03  9.96307038e+00  2.07284080e+03 -6.35398013e-01 
 2.09684638e+03  9.96305863e+00  2.09684638e+03 -6.43069320e-01 
 2.12112998e+03  9.96304660e+00  2.12112998e+03 -6.50825862e-01 
 2.14569480e+03  9.96303430e+00  2.14569480e+03 -6.58668665e-01 
 2.17054412e+03  9.96302170e+00  2.17054412e+03 -6.66598769e-01 
 2.19568121e+03  9.96300882e+00  2.19568121e+03 -6.74617223e-01 
 2.22110941e+03  9.96299563e+00  2.22110941e+03 -6.82725089e-01 
 2.24683210e+03  9.96298213e+00  2.24683210e+03 -6.90923442e-01 
 2.27285268e+03  9.96296833e+00  2.27285268e+03 -6.99213368e-01 
 2.29917461e+03  9.96295420e+00  2.29917461e+03 -7.07595964e-01 
 2.32580137e+03  9.96293974e+00  2.32580137e+03 -7.16072340e-01 
 2.35273649e+03  9.96292494e+00  2.35273649e+03 -7.24643620e-01 
 2.37998356e+03  9.96290980e+00  2.37998356e+03 -7.33310938e-01 
 2.40754617e+03  9.96289430e+00  2.40754617e+03 -7.42075442e-01 
 2.43542798e+03  9.96287845e+00  2.43542798e+03 -7.50938292e-01 
 2.46363269e+03  9.96286222e+00  2.46363269e+03 -7.59900663e-01 
 2.49216405e+03  9.96284562e+00  2.49216405e+03 -7.68963742e-01 
 2.52102582e+03  9.96282863e+00  2.52102582e+03 -7.78128727e-01 
 2.55022184e+03  9.96281124e+00  2.55022184e+03 -7.87396833e-01 
 2.57975598e+03  9.96279345e+00  2.57975598e+03 -7.96769287e-01 
 2.60963216e+03  9.96277524e+00  2.60963216e+03 -8.06247330e-01 
 2.63985434e+03  9.96275661e+00  2.63985434e+03 -8.15832216e-01 
 2.67042651e+03  9.96273755e+00  2.67042651e+03 -8.25525216e-01 
 2.70135274e+03  9.96271804e+00  2.70135274e+03 -8.35327611e-01 
 2.73263713e+03  9.96269808e+00  2.73263713e+03 -8.45240700e-01 
 2.76428383e+03  9.96267765e+00  2.76428383e+03 -8.55265794e-01 
 2.79629703e+03  9.96265675e+00  2.79629703e+03 -8.65404222e-01 
 2.82868097e+03  9.96263535e+00  2.82868097e+03 -8.75657325e-01 
 2.86143995e+03  9.96261347e+00  2.86143995e+03 -8.86026460e-01 
 2.89457831e+03  9.96259107e+00  2.89457831e+03 -8.96512999e-01 
 2.92810044e+03  9.96256814e+00  2.92810044e+03 -9.07118332e-01 
 2.96201080e+03  9.96254469e+00  2.96201080e+03 -9.17843860e-01 
 2.99631387e+03  9.96252069e+00  2.99631387e+03 -9.28691004e-01 
 3.03101421e+03  9.96249613e+00  3.03101421e+03 -9.39661199e-01 
 3.06611641e+03  9.96247099e+00  3.06611641e+03 -9.50755897e-01 
 3.10162514e+03  9.96244528e+00  3.10162514e+03 -9.61976566e-01 
 3.13754508e+03  9.96241896e+00  3.13754508e+03 -9.73324690e-01 
 3.17388102e+03  9.96239203e+00  3.17388102e+03 -9.84801772e-01 
 3.21063777e+03  9.96236447e+00  3.21063777e+03 -9.96409330e-01 
 3.24782019e+03  9.96233627e+00  3.24782019e+03 -1.00814890e+00 
 3.28543323e+03  9.96230741e+00  3.28543323e+03 -1.02002203e+00 
 3.32348186e+03  9.96227789e+00  3.32348186e+03 -1.03203030e+00 
 3.36197113e+03  9.96224767e+00  3.36197113e+03 -1.04417529e+00 
 3.40090615e+03  9.96221675e+00  3.40090615e+03 -1.05645861e+00 
 3.44029207e+03  9.96218511e+00  3.44029207e+03 -1.06888189e+00 
 3.48013412e+03  9.96215273e+00  3.48013412e+03 -1.08144677e+00 
 3.52043759e+03  9.96211960e+00  3.52043759e+03 -1.09415490e+00 
 3.56120781e+03  9.96208570e+00  3.56120781e+03 -1.10700797e+00 
 3.60245019e+03  9.96205100e+00  3.60245019e+03 -1.12000769e+00 
 3.64417019e+03  9.96201550e+00  3.64417019e+03 -1.13315576e+00 
 3.68637336e+03  9.96197918e+00  3.68637336e+03 -1.14645393e+00 
 3.72906528e+03  9.96194200e+00  3.72906528e+03 -1.15990395e+00 
 3.77225162e+03  9.96190396e+00  3.77225162e+03 -1.17350761e+00 
 3.81593810e+03  9.96186504e+00  3.81593810e+03 -1.18726670e+00 
 3.86013052e+03  9.96182521e+00  3.86013052e+03 -1.20118304e+00 
 3.90483472e+03  9.96178445e+00  3.90483472e+03 -1.21525847e+00 
 3.95005665e+03  9.96174274e+00  3.95005665e+03 -1.22949485e+00 
 3.99580229e+03  9.96170006e+00  3.99580229e+03 -1.24389406e+00 
 4.04207771e+03  9.96165638e+00  4.04207771e+03 -1.25845801e+00 
 4.08888905e+03  9.96161169e+00  4.08888905e+03 -1.27318861e+00 
 4.13624251e+03  9.96156596e+00  4.13624251e+03 -1.28808782e+00 
 4.18414437e+03  9.96151917e+00  4.18414437e+03 -1.30315760e+00 
 4.23260098e+03  9.96147128e+00  4.23260098e+03 -1.31839995e+00 
 4.28161877e+03  9.96142228e+00  4.28161877e+03 -1.33381687e+00 
 4.33120424e+03  9.96137214e+00  4.33120424e+03 -1.34941041e+00 
 4.38136395e+03  9.96132083e+00  4.38136395e+03 -1.36518262e+00 
 4.43210457e+03  9.96126832e+00  4.43210457e+03 -1.38113559e+00 
 4.48343281e+03  9.96121460e+00  4.48343281e+03 -1.39727141e+00 
 4.53535548e+03  9.96115962e+00  4.53535548e+03 -1.41359223e+00 
 4.58787948e+03  9.96110336e+00  4.58787948e+03 -1.43010020e+00 
 4.64101175e+03  9.96104579e+00  4.64101175e+03 -1.44679750e+00 
 4.69475935e+03  9.96098688e+00  4.69475935e+03 -1.46368632e+00 
 4.74912940e+03  9.96092660e+00  4.74912940e+03 -1.48076890e+00 
 4.80412911e+03  9.96086492e+00  4.80412911e+03 -1.49804750e+00 
 4.85976577e+03  9.96080180e+00  4.85976577e+03 -1.51552439e+00 
 4.91604676e+03  9.96073721e+00  4.91604676e+03 -1.53320188e+00 
 4.97297954e+03  9.96067112e+00  4.97297954e+03 -1.55108230e+00 
 5.03057166e+03  9.96060349e+00  5.03057166e+03 -1.56916801e+00 
 5.08883076e+03  9.96053428e+00  5.08883076e+03 -1.58746139e+00 
 5.14776455e+03  9.96046347e+00  5.14776455e+03 -1.60596487e+00 
 5.20738086e+03  9.96039100e+00  5.20738086e+03 -1.62468086e+00 
 5.26768758e+03  9.96031685e+00  5.26768758e+03 -1.64361186e+00 
 5.32869272e+03  9.96024097e+00  5.32869272e+03 -1.66276034e+00 
 5.39040436e+03  9.96016333e+00  5.39040436e+03 -1.68212884e+00 
 5.45283068e+03  9.96008387e+00  5.45283068e+03 -1.70171990e+00 
 5.51597996e+03  9.96000257e+00  5.51597996e+03 -1.72153611e+00 
 5.57986057e+03  9.95991938e+00  5.57986057e+03 -1.74158007e+00 
 5.64448099e+03  9.95983425e+00  5.64448099e+03 -1.76185444e+00 
 5.70984977e+03  9.95974714e+00  5.70984977e+03 -1.78236187e+00 
 5.77597559e+03  9.95965800e+00  5.77597559e+03 -1.80310508e+00 
 5.84286722e+03  9.95956679e+00  5.84286722e+03 -1.82408678e+00 
 5.91053351e+03  9.95947345e+00  5.91053351e+03 -1.84530975e+00 
 5.97898345e+03  9.95937794e+00  5.97898345e+03 -1.86677677e+00 
 6.04822611e+03  9.95928021e+00  6.04822611e+03 -1.88849067e+00 
 6.11827067e+03  9.95918020e+00  6.11827067e+03 -1.91045431e+00 
 6.18912642e+03  9.95907787e+00  6.18912642e+03 -1.93267057e+00 
 6.26080275e+03  9.95897315e+00  6.26080275e+03 -1.95514239e+00 
 6.33330916e+03  9.95886600e+00  6.33330916e+03 -1.97787271e+00 
 6.40665527e+03  9.95875636e+00  6.40665527e+03 -2.00086452e+00 
 6.48085080e+03  9.95864416e+00  6.48085080e+03 -2.02412085e+00 
 6.55590559e+03  9.95852935e+00  6.55590559e+03 -2.04764474e+00 
 6.63182959e+03  9.95841188e+00  6.63182959e+03 -2.07143930e+00 
 6.70863287e+03  9.95829166e+00  6.70863287e+03 -2.09550765e+00 
 6.78632561e+03  9.95816866e+00  6.78632561e+03 -2.11985295e+00 
 6.86491811e+03  9.95804278e+00  6.86491811e+03 -2.14447839e+00 
 6.94442078e+03  9.95791399e+00  6.94442078e+03 -2.16938722e+00 
 7.02484418e+03  9.95778219e+00  7.02484418e+03 -2.19458269e+00 
 7.10619897e+03  9.95764733e+00  7.10619897e+03 -2.22006811e+00 
 7.18849592e+03  9.95750933e+00  7.18849592e+03 -2.24584684e+00 
 7.27174595e+03  9.95736812e+00  7.27174595e+03 -2.27192224e+00 
 7.35596011e+03  9.95722363e+00  7.35596011e+03 -2.29829774e+00 
 7.44114955e+03  9.95707577e+00  7.44114955e+03 -2.32497680e+00 
 7.52732557e+03  9.95692448e+00  7.52732557e+03 -2.35196291e+00 
 7.61449959e+03  9.95676967e+00  7.61449959e+03 -2.37925961e+00 
 7.70268318e+03  9.95661125e+00  7.70268318e+03 -2.40687047e+00 
 7.79188802e+03  9.95644916e+00  7.79188802e+03 -2.43479911e+00 
 7.88212595e+03  9.95628329e+00  7.88212595e+03 -2.46304918e+00 
 7.97340892e+03  9.95611357e+00  7.97340892e+03 -2.49162439e+00 
 8.06574904e+03  9.95593990e+00  8.06574904e+03 -2.52052847e+00 
 8.15915855e+03  9.95576219e+00  8.15915855e+03 -2.54976520e+00 
 8.25364983e+03  9.95558034e+00  8.25364983e+03 -2.57933840e+00 
 8.34923543e+03  9.95539427e+00  8.34923543e+03 -2.60925194e+00 
 8.44592800e+03  9.95520388e+00  8.44592800e+03 -2.63950973e+00 
 8.54374036e+03  9.95500906e+00  8.54374036e+03 -2.67011572e+00 
 8.64268550e+03  9.95480970e+00  8.64268550e+03 -2.70107390e+00 
 8.74277651e+03  9.95460572e+00  8.74277651e+03 -2.73238833e+00 
 8.84402669e+03  9.95439699e+00  8.84402669e+03 -2.76406307e+00 
 8.94644944e+03  9.95418341e+00  8.94644944e+03 -2.79610227e+00 
 9.05005835e+03  9.95396487e+00  9.05005835e+03 -2.82851010e+00 
 9.15486716e+03  9.95374124e+00  9.15486716e+03 -2.86129078e+00 
 9.26088975e+03  9.95351242e+00  9.26088975e+03 -2.89444859e+00 
 9.36814020e+03  9.95327829e+00  9.36814020e+03 -2.92798784e+00 
 9.47663271e+03  9.95303871e+00  9.47663271e+03 -2.96191290e+00 
 9.58638168e+03  9.95279356e+00  9.58638168e+03 -2.99622818e+00 
 9.69740165e+03  9.95254272e+00  9.69740165e+03 -3.03093815e+00 
 9.80970735e+03  9.95228605e+00  9.80970735e+03 -3.06604731e+00 
 9.92331366e+03  9.95202342e+00  9.92331366e+03 -3.10156023e+00 
 1.00382356e+04  9.95175468e+00  1.00382356e+04 -3.13748152e+00 
 1.01544885e+04  9.95147970e+00  1.01544885e+04 -3.17381585e+00 
 1.02720878e+04  9.95119834e+00  1.02720878e+04 -3.21056793e+00 
 1.03910489e+04  9.95091044e+00  1.03910489e+04 -3.24774252e+00 
 1.05113877e+04  9.95061585e+00  1.05113877e+04 -3.28534444e+00 
 1.06331202e+04  9.95031443e+00  1.06331202e+04 -3.32337856e+00 
 1.07562625e+04  9.95000600e+00  1.07562625e+04 -3.36184981e+00 
 1.08808308e+04  9.94969041e+00  1.08808308e+04 -3.40076317e+00 
 1.10068418e+04  9.94936750e+00  1.10068418e+04 -3.44012366e+00 
 1.11343122e+04  9.94903708e+00  1.11343122e+04 -3.47993638e+00 
 1.12632587e+04  9.94869900e+00  1.12632587e+04 -3.52020647e+00 
 1.13936986e+04  9.94835307e+00  1.13936986e+04 -3.56093913e+00 
 1.15256492e+04  9.94799911e+00  1.15256492e+04 -3.60213960e+00 
 1.16591278e+04  9.94763694e+00  1.16591278e+04 -3.64381321e+00 
 1.17941523e+04  9.94726636e+00  1.17941523e+04 -3.68596532e+00 
 1.19307404e+04  9.94688718e+00  1.19307404e+04 -3.72860137e+00 
 1.20689105e+04  9.94649920e+00  1.20689105e+04 -3.77172683e+00 
 1.22086806e+04  9.94610222e+00  1.22086806e+04 -3.81534725e+00 
 1.23500695e+04  9.94569604e+00  1.23500695e+04 -3.85946823e+00 
 1.24930957e+04  9.94528043e+00  1.24930957e+04 -3.90409545e+00 
 1.26377784e+04  9.94485518e+00  1.26377784e+04 -3.94923463e+00 
 1.27841366e+04  9.94442007e+00  1.27841366e+04 -3.99489154e+00 
 1.29321898e+04  9.94397487e+00  1.29321898e+04 -4.04107205e+00 
 1.30819576e+04  9.94351935e+00  1.30819576e+04 -4.08778206e+00 
 1.32334599e+04  9.94305327e+00  1.32334599e+04 -4.13502755e+00 
 1.33867167e+04  9.94257639e+00  1.33867167e+04 -4.18281455e+00 
 1.35417484e+04  9.94208845e+00  1.35417484e+04 -4.23114916e+00 
 1.36985755e+04  9.94158920e+00  1.36985755e+04 -4.28003755e+00 
 1.38572188e+04  9.94107838e+00  1.38572188e+04 -4.32948595e+00 
 1.40176994e+04  9.94055573e+00  1.40176994e+04 -4.37950066e+00 
 1.41800385e+04  9.94002097e+00  1.41800385e+04 -4.43008803e+00 
 1.43442576e+04  9.93947383e+00  1.43442576e+04 -4.48125449e+00 
 1.45103786e+04  9.93891401e+00  1.45103786e+04 -4.53300655e+00 
 1.46784234e+04  9.93834122e+00  1.46784234e+04 -4.58535076e+00 
 1.48484144e+04  9.93775518e+00  1.48484144e+04 -4.63829375e+00 
 1.50203740e+04  9.93715557e+00  1.50203740e+04 -4.69184222e+00 
 1.51943251e+04  9.93654207e+00  1.51943251e+04 -4.74600295e+00 
 1.53702907e+04  9.93591438e+00  1.53702907e+04 -4.80078276e+00 
 1.55482942e+04  9.93527217e+00  1.55482942e+04 -4.85618858e+00 
 1.57283591e+04  9.93461509e+00  1.57283591e+04 -4.91222738e+00 
 1.59105094e+04  9.93394282e+00  1.59105094e+04 -4.96890621e+00 
 1.60947691e+04  9.93325499e+00  1.60947691e+04 -5.02623219e+00 
 1.62811628e+04  9.93255126e+00  1.62811628e+04 -5.08421251e+00 
 1.64697151e+04  9.93183126e+00  1.64697151e+04 -5.14285445e+00 
 1.66604510e+04  9.93109461e+00  1.66604510e+04 -5.20216535e+00 
 1.68533958e+04  9.93034093e+00  1.68533958e+04 -5.26215262e+00 
 1.70485751e+04  9.92956984e+00  1.70485751e+04 -5.32282374e+00 
 1.72460148e+04  9.92878093e+00  1.72460148e+04 -5.38418629e+00 
 1.74457411e+04  9.92797380e+00  1.74457411e+04 -5.44624789e+00 
 1.76477804e+04  9.92714803e+00  1.76477804e+04 -5.50901627e+00 
 1.78521595e+04  9.92630318e+00  1.78521595e+04 -5.57249921e+00 
 1.80589055e+04  9.92543884e+00  1.80589055e+04 -5.63670457e+00 
 1.82680458e+04  9.92455454e+00  1.82680458e+04 -5.70164031e+00 
 1.84796082e+04  9.92364983e+00  1.84796082e+04 -5.76731444e+00 
 1.86936208e+04  9.92272425e+00  1.86936208e+04 -5.83373505e+00 
 1.89101117e+04  9.92177732e+00  1.89101117e+04 -5.90091032e+00 
 1.91291099e+04  9.92080856e+00  1.91291099e+04 -5.96884851e+00 
 1.93506443e+04  9.91981745e+00  1.93506443e+04 -6.03755795e+00 
 1.95747443e+04  9.91880350e+00  1.95747443e+04 -6.10704704e+00 
 1.98014396e+04  9.91776619e+00  1.98014396e+04 -6.17732429e+00 
 2.00307602e+04  9.91670498e+00  2.00307602e+04 -6.24839825e+00 
 2.02627366e+04  9.91561932e+00  2.02627366e+04 -6.32027758e+00 
 2.04973996e+04  9.91450866e+00  2.04973996e+04 -6.39297101e+00 
 2.07347801e+04  9.91337244e+00  2.07347801e+04 -6.46648735e+00 
 2.09749098e+04  9.91221006e+00  2.09749098e+04 -6.54083549e+00 
 2.12178204e+04  9.91102094e+00  2.12178204e+04 -6.61602441e+00 
 2.14635442e+04  9.90980447e+00  2.14635442e+04 -6.69206315e+00 
 2.17121137e+04  9.90856003e+00  2.17121137e+04 -6.76896085e+00 
 2.19635619e+04  9.90728697e+00  2.19635619e+04 -6.84672673e+00 
 2.22179221e+04  9.90598467e+00  2.22179221e+04 -6.92537009e+00 
 2.24752280e+04  9.90465244e+00  2.24752280e+04 -7.00490030e+00 
 2.27355138e+04  9.90328962e+00  2.27355138e+04 -7.08532682e+00 
 2.29988140e+04  9.90189551e+00  2.29988140e+04 -7.16665921e+00 
 2.32651635e+04  9.90046940e+00  2.32651635e+04 -7.24890708e+00 
 2.35345976e+04  9.89901058e+00  2.35345976e+04 -7.33208014e+00 
 2.38071520e+04  9.89751830e+00  2.38071520e+04 -7.41618817e+00 
 2.40828628e+04  9.89599180e+00  2.40828628e+04 -7.50124106e+00 
 2.43617666e+04  9.89443032e+00  2.43617666e+04 -7.58724875e+00 
 2.46439005e+04  9.89283307e+00  2.46439005e+04 -7.67422128e+00 
 2.49293017e+04  9.89119924e+00  2.49293017e+04 -7.76216875e+00 
 2.52180082e+04  9.88952801e+00  2.52180082e+04 -7.85110137e+00 
 2.55100581e+04  9.88781853e+00  2.55100581e+04 -7.94102941e+00 
 2.58054904e+04  9.88606996e+00  2.58054904e+04 -8.03196324e+00 
 2.61043440e+04  9.88428141e+00  2.61043440e+04 -8.12391328e+00 
 2.64066586e+04  9.88245199e+00  2.64066586e+04 -8.21689006e+00 
 2.67124744e+04  9.88058077e+00  2.67124744e+04 -8.31090417e+00 
 2.70218318e+04  9.87866683e+00  2.70218318e+04 -8.40596629e+00 
 2.73347718e+04  9.87670921e+00  2.73347718e+04 -8.50208718e+00 
 2.76513361e+04  9.87470694e+00  2.76513361e+04 -8.59927766e+00 
 2.79715664e+04  9.87265901e+00  2.79715664e+04 -8.69754865e+00 
 2.82955054e+04  9.87056442e+00  2.82955054e+04 -8.79691114e+00 
 2.86231959e+04  9.86842211e+00  2.86231959e+04 -8.89737619e+00 
 2.89546814e+04  9.86623104e+00  2.89546814e+04 -8.99895493e+00 
 2.92900058e+04  9.86399011e+00  2.92900058e+04 -9.10165858e+00 
 2.96292136e+04  9.86169821e+00  2.96292136e+04 -9.20549843e+00 
 2.99723498e+04  9.85935423e+00  2.99723498e+04 -9.31048584e+00 
 3.03194599e+04  9.85695700e+00  3.03194599e+04 -9.41663223e+00 
 3.06705898e+04  9.85450535e+00  3.06705898e+04 -9.52394910e+00 
 3.10257862e+04  9.85199808e+00  3.10257862e+04 -9.63244804e+00 
 3.13850961e+04  9.84943395e+00  3.13850961e+04 -9.74214067e+00 
 3.17485672e+04  9.84681172e+00  3.17485672e+04 -9.85303870e+00 
 3.21162476e+04  9.84413010e+00  3.21162476e+04 -9.96515390e+00 
 3.24881861e+04  9.84138780e+00  3.24881861e+04 -1.00784981e+01 
 3.28644321e+04  9.83858347e+00  3.28644321e+04 -1.01930832e+01 
 3.32450354e+04  9.83571576e+00  3.32450354e+04 -1.03089212e+01 
 3.36300464e+04  9.83278328e+00  3.36300464e+04 -1.04260240e+01 
 3.40195163e+04  9.82978461e+00  3.40195163e+04 -1.05444039e+01 
 3.44134966e+04  9.82671832e+00  3.44134966e+04 -1.06640727e+01 
 3.48120396e+04  9.82358292e+00  3.48120396e+04 -1.07850429e+01 
 3.52151982e+04  9.82037691e+00  3.52151982e+04 -1.09073266e+01 
 3.56230257e+04  9.81709877e+00  3.56230257e+04 -1.10309360e+01 
 3.60355763e+04  9.81374692e+00  3.60355763e+04 -1.11558836e+01 
 3.64529046e+04  9.81031976e+00  3.64529046e+04 -1.12821816e+01 
 3.68750660e+04  9.80681568e+00  3.68750660e+04 -1.14098426e+01 
 3.73021165e+04  9.80323301e+00  3.73021165e+04 -1.15388789e+01 
 3.77341126e+04  9.79957006e+00  3.77341126e+04 -1.16693031e+01 
 3.81711117e+04  9.79582510e+00  3.81711117e+04 -1.18011277e+01 
 3.86131717e+04  9.79199637e+00  3.86131717e+04 -1.19343652e+01 
 3.90603512e+04  9.78808208e+00  3.90603512e+04 -1.20690283e+01 
 3.95127095e+04  9.78408039e+00  3.95127095e+04 -1.22051295e+01 
 3.99703065e+04  9.77998945e+00  3.99703065e+04 -1.23426815e+01 
 4.04332030e+04  9.77580736e+00  4.04332030e+04 -1.24816970e+01 
 4.09014603e+04  9.77153217e+00  4.09014603e+04 -1.26221885e+01 
 4.13751404e+04  9.76716192e+00  4.13751404e+04 -1.27641689e+01 
 4.18543063e+04  9.76269459e+00  4.18543063e+04 -1.29076507e+01 
 4.23390214e+04  9.75812813e+00  4.23390214e+04 -1.30526466e+01 
 4.28293500e+04  9.75346046e+00  4.28293500e+04 -1.31991694e+01 
 4.33253571e+04  9.74868945e+00  4.33253571e+04 -1.33472317e+01 
 4.38271084e+04  9.74381294e+00  4.38271084e+04 -1.34968462e+01 
 4.43346705e+04  9.73882871e+00  4.43346705e+04 -1.36480256e+01 
 4.48481108e+04  9.73373453e+00  4.48481108e+04 -1.38007824e+01 
 4.53674971e+04  9.72852811e+00  4.53674971e+04 -1.39551294e+01 
 4.58928985e+04  9.72320712e+00  4.58928985e+04 -1.41110790e+01 
 4.64243846e+04  9.71776918e+00  4.64243846e+04 -1.42686439e+01 
 4.69620258e+04  9.71221189e+00  4.69620258e+04 -1.44278366e+01 
 4.75058934e+04  9.70653280e+00  4.75058934e+04 -1.45886694e+01 
 4.80560596e+04  9.70072939e+00  4.80560596e+04 -1.47511549e+01 
 4.86125973e+04  9.69479914e+00  4.86125973e+04 -1.49153054e+01 
 4.91755802e+04  9.68873945e+00  4.91755802e+04 -1.50811332e+01 
 4.97450830e+04  9.68254770e+00  4.97450830e+04 -1.52486505e+01 
 5.03211813e+04  9.67622121e+00  5.03211813e+04 -1.54178695e+01 
 5.09039513e+04  9.66975726e+00  5.09039513e+04 -1.55888023e+01 
 5.14934704e+04  9.66315308e+00  5.14934704e+04 -1.57614607e+01 
 5.20898168e+04  9.65640586e+00  5.20898168e+04 -1.59358568e+01 
 5.26930694e+04  9.64951275e+00  5.26930694e+04 -1.61120023e+01 
 5.33033083e+04  9.64247083e+00  5.33033083e+04 -1.62899088e+01 
 5.39206144e+04  9.63527716e+00  5.39206144e+04 -1.64695880e+01 
 5.45450695e+04  9.62792874e+00  5.45450695e+04 -1.66510512e+01 
 5.51767564e+04  9.62042251e+00  5.51767564e+04 -1.68343098e+01 
 5.58157589e+04  9.61275539e+00  5.58157589e+04 -1.70193750e+01 
 5.64621617e+04  9.60492423e+00  5.64621617e+04 -1.72062576e+01 
 5.71160505e+04  9.59692585e+00  5.71160505e+04 -1.73949686e+01 
 5.77775120e+04  9.58875700e+00  5.77775120e+04 -1.75855186e+01 
 5.84466339e+04  9.58041439e+00  5.84466339e+04 -1.77779182e+01 
 5.91235049e+04  9.57189470e+00  5.91235049e+04 -1.79721777e+01 
 5.98082147e+04  9.56319453e+00  5.98082147e+04 -1.81683072e+01 
 6.05008542e+04  9.55431046e+00  6.05008542e+04 -1.83663166e+01 
 6.12015151e+04  9.54523899e+00  6.12015151e+04 -1.85662156e+01 
 6.19102904e+04  9.53597661e+00  6.19102904e+04 -1.87680138e+01 
 6.26272740e+04  9.52651974e+00  6.26272740e+04 -1.89717204e+01 
 6.33525610e+04  9.51686474e+00  6.33525610e+04 -1.91773443e+01 
 6.40862476e+04  9.50700795e+00  6.40862476e+04 -1.93848945e+01 
 6.48284310e+04  9.49694563e+00  6.48284310e+04 -1.95943793e+01 
 6.55792097e+04  9.48667402e+00  6.55792097e+04 -1.98058070e+01 
 6.63386831e+04  9.47618930e+00  6.63386831e+04 -2.00191855e+01 
 6.71069519e+04  9.46548760e+00  6.71069519e+04 -2.02345225e+01 
 6.78841182e+04  9.45456502e+00  6.78841182e+04 -2.04518253e+01 
 6.86702847e+04  9.44341758e+00  6.86702847e+04 -2.06711010e+01 
 6.94655559e+04  9.43204130e+00  6.94655559e+04 -2.08923561e+01 
 7.02700371e+04  9.42043211e+00  7.02700371e+04 -2.11155972e+01 
 7.10838351e+04  9.40858592e+00  7.10838351e+04 -2.13408302e+01 
 7.19070576e+04  9.39649860e+00  7.19070576e+04 -2.15680606e+01 
 7.27398139e+04  9.38416595e+00  7.27398139e+04 -2.17972939e+01 
 7.35822143e+04  9.37158376e+00  7.35822143e+04 -2.20285348e+01 
 7.44343706e+04  9.35874776e+00  7.44343706e+04 -2.22617879e+01 
 7.52963957e+04  9.34565364e+00  7.52963957e+04 -2.24970571e+01 
 7.61684039e+04  9.33229704e+00  7.61684039e+04 -2.27343462e+01 
 7.70505109e+04  9.31867359e+00  7.70505109e+04 -2.29736584e+01 
 7.79428335e+04  9.30477886e+00  7.79428335e+04 -2.32149964e+01 
 7.88454902e+04  9.29060838e+00  7.88454902e+04 -2.34583625e+01 
 7.97586005e+04  9.27615766e+00  7.97586005e+04 -2.37037585e+01 
 8.06822855e+04  9.26142216e+00  8.06822855e+04 -2.39511859e+01 
 8.16166678e+04  9.24639732e+00  8.16166678e+04 -2.42006455e+01 
 8.25618712e+04  9.23107855e+00  8.25618712e+04 -2.44521375e+01 
 8.35180209e+04  9.21546121e+00  8.35180209e+04 -2.47056619e+01 
 8.44852439e+04  9.19954065e+00  8.44852439e+04 -2.49612180e+01 
 8.54636682e+04  9.18331220e+00  8.54636682e+04 -2.52188045e+01 
 8.64534237e+04  9.16677114e+00  8.64534237e+04 -2.54784195e+01 
 8.74546416e+04  9.14991274e+00  8.74546416e+04 -2.57400609e+01 
 8.84674546e+04  9.13273225e+00  8.84674546e+04 -2.60037255e+01 
 8.94919970e+04  9.11522490e+00  8.94919970e+04 -2.62694100e+01 
 9.05284046e+04  9.09738591e+00  9.05284046e+04 -2.65371101e+01 
 9.15768148e+04  9.07921047e+00  9.15768148e+04 -2.68068212e+01 
 9.26373667e+04  9.06069377e+00  9.26373667e+04 -2.70785379e+01 
 9.37102009e+04  9.04183098e+00  9.37102009e+04 -2.73522543e+01 
 9.47954596e+04  9.02261726e+00  9.47954596e+04 -2.76279637e+01 
 9.58932866e+04  9.00304778e+00  9.58932866e+04 -2.79056588e+01 
 9.70038276e+04  8.98311769e+00  9.70038276e+04 -2.81853319e+01 
 9.81272298e+04  8.96282215e+00  9.81272298e+04 -2.84669741e+01 
 9.92636421e+04  8.94215632e+00  9.92636421e+04 -2.87505764e+01 
 1.00413215e+05  8.92111536e+00  1.00413215e+05 -2.90361288e+01 
 1.01576102e+05  8.89969444e+00  1.01576102e+05 -2.93236207e+01 
 1.02752455e+05  8.87788874e+00  1.02752455e+05 -2.96130407e+01 
 1.03942432e+05  8.85569346e+00  1.03942432e+05 -2.99043768e+01 
 1.05146191e+05  8.83310382e+00  1.05146191e+05 -3.01976164e+01 
 1.06363890e+05  8.81011504e+00  1.06363890e+05 -3.04927458e+01 
 1.07595691e+05  8.78672238e+00  1.07595691e+05 -3.07897511e+01 
 1.08841757e+05  8.76292112e+00  1.08841757e+05 -3.10886173e+01 
 1.10102255e+05  8.73870657e+00  1.10102255e+05 -3.13893288e+01 
 1.11377350e+05  8.71407408e+00  1.11377350e+05 -3.16918693e+01 
 1.12667212e+05  8.68901903e+00  1.12667212e+05 -3.19962217e+01 
 1.13972012e+05  8.66353684e+00  1.13972012e+05 -3.23023682e+01 
 1.15291923e+05  8.63762297e+00  1.15291923e+05 -3.26102903e+01 
 1.16627120e+05  8.61127293e+00  1.16627120e+05 -3.29199687e+01 
 1.17977779e+05  8.58448230e+00  1.17977779e+05 -3.32313835e+01 
 1.19344081e+05  8.55724667e+00  1.19344081e+05 -3.35445139e+01 
 1.20726206e+05  8.52956174e+00  1.20726206e+05 -3.38593384e+01 
 1.22124337e+05  8.50142323e+00  1.22124337e+05 -3.41758349e+01 
 1.23538660e+05  8.47282695e+00  1.23538660e+05 -3.44939805e+01 
 1.24969363e+05  8.44376876e+00  1.24969363e+05 -3.48137515e+01 
 1.26416634e+05  8.41424463e+00  1.26416634e+05 -3.51351237e+01 
 1.27880666e+05  8.38425056e+00  1.27880666e+05 -3.54580720e+01 
 1.29361653e+05  8.35378266e+00  1.29361653e+05 -3.57825707e+01 
 1.30859792e+05  8.32283711e+00  1.30859792e+05 -3.61085934e+01 
 1.32375280e+05  8.29141020e+00  1.32375280e+05 -3.64361130e+01 
 1.33908319e+05  8.25949828e+00  1.33908319e+05 -3.67651017e+01 
 1.35459113e+05  8.22709783e+00  1.35459113e+05 -3.70955310e+01 
 1.37027866e+05  8.19420541e+00  1.37027866e+05 -3.74273721e+01 
 1.38614787e+05  8.16081768e+00  1.38614787e+05 -3.77605950e+01 
 1.40220086e+05  8.12693141e+00  1.40220086e+05 -3.80951696e+01 
 1.41843976e+05  8.09254349e+00  1.41843976e+05 -3.84310649e+01 
 1.43486672e+05  8.05765093e+00  1.43486672e+05 -3.87682494e+01 
 1.45148393e+05  8.02225082e+00  1.45148393e+05 -3.91066910e+01 
 1.46829358e+05  7.98634042e+00  1.46829358e+05 -3.94463570e+01 
 1.48529790e+05  7.94991709e+00  1.48529790e+05 -3.97872143e+01 
 1.50249915e+05  7.91297831e+00  1.50249915e+05 -4.01292293e+01 
 1.51989960e+05  7.87552170e+00  1.51989960e+05 -4.04723676e+01 
 1.53750157e+05  7.83754502e+00  1.53750157e+05 -4.08165947e+01 
 1.55530739e+05  7.79904617e+00  1.55530739e+05 -4.11618754e+01 
 1.57331942e+05  7.76002317e+00  1.57331942e+05 -4.15081741e+01 
 1.59154005e+05  7.72047421e+00  1.59154005e+05 -4.18554549e+01 
 1.60997169e+05  7.68039761e+00  1.60997169e+05 -4.22036815e+01 
 1.62861678e+05  7.63979184e+00  1.62861678e+05 -4.25528171e+01 
 1.64747781e+05  7.59865551e+00  1.64747781e+05 -4.29028246e+01 
 1.66655726e+05  7.55698742e+00  1.66655726e+05 -4.32536667e+01 
 1.68585768e+05  7.51478649e+00  1.68585768e+05 -4.36053058e+01 
 1.70538161e+05  7.47205181e+00  1.70538161e+05 -4.39577040e+01 
 1.72513165e+05  7.42878264e+00  1.72513165e+05 -4.43108231e+01 
 1.74511042e+05  7.38497839e+00  1.74511042e+05 -4.46646247e+01 
 1.76532055e+05  7.34063864e+00  1.76532055e+05 -4.50190705e+01 
 1.78576475e+05  7.29576313e+00  1.78576475e+05 -4.53741217e+01 
 1.80644570e+05  7.25035177e+00  1.80644570e+05 -4.57297396e+01 
 1.82736617e+05  7.20440465e+00  1.82736617e+05 -4.60858853e+01 
 1.84852891e+05  7.15792201e+00  1.84852891e+05 -4.64425199e+01 
 1.86993674e+05  7.11090428e+00  1.86993674e+05 -4.67996046e+01 
 1.89159250e+05  7.06335204e+00  1.89159250e+05 -4.71571003e+01 
 1.91349905e+05  7.01526606e+00  1.91349905e+05 -4.75149683e+01 
 1.93565930e+05  6.96664728e+00  1.93565930e+05 -4.78731697e+01 
 1.95807618e+05  6.91749681e+00  1.95807618e+05 -4.82316657e+01 
 1.98075268e+05  6.86781593e+00  1.98075268e+05 -4.85904179e+01 
 2.00369179e+05  6.81760611e+00  2.00369179e+05 -4.89493878e+01 
 2.02689657e+05  6.76686897e+00  2.02689657e+05 -4.93085372e+01 
 2.05037007e+05  6.71560632e+00  2.05037007e+05 -4.96678281e+01 
 2.07411543e+05  6.66382015e+00  2.07411543e+05 -5.00272227e+01 
 2.09813578e+05  6.61151260e+00  2.09813578e+05 -5.03866835e+01 
 2.12243431e+05  6.55868599e+00  2.12243431e+05 -5.07461735e+01 
 2.14701424e+05  6.50534284e+00  2.14701424e+05 -5.11056558e+01 
 2.17187883e+05  6.45148579e+00  2.17187883e+05 -5.14650940e+01 
 2.19703138e+05  6.39711770e+00  2.19703138e+05 -5.18244521e+01 
 2.22247522e+05  6.34224155e+00  2.22247522e+05 -5.21836944e+01 
 2.24821372e+05  6.28686053e+00  2.24821372e+05 -5.25427859e+01 
 2.27425030e+05  6.23097797e+00  2.27425030e+05 -5.29016919e+01 
 2.30058842e+05  6.17459737e+00  2.30058842e+05 -5.32603783e+01 
 2.32723155e+05  6.11772239e+00  2.32723155e+05 -5.36188115e+01 
 2.35418324e+05  6.06035687e+00  2.35418324e+05 -5.39769584e+01 
 2.38144706e+05  6.00250477e+00  2.38144706e+05 -5.43347868e+01 
 2.40902662e+05  5.94417025e+00  2.40902662e+05 -5.46922647e+01 
 2.43692558e+05  5.88535758e+00  2.43692558e+05 -5.50493610e+01 
 2.46514763e+05  5.82607122e+00  2.46514763e+05 -5.54060454e+01 
 2.49369653e+05  5.76631577e+00  2.49369653e+05 -5.57622878e+01 
 2.52257605e+05  5.70609596e+00  2.52257605e+05 -5.61180594e+01 
 2.55179003e+05  5.64541668e+00  2.55179003e+05 -5.64733318e+01 
 2.58134233e+05  5.58428297e+00  2.58134233e+05 -5.68280773e+01 
 2.61123688e+05  5.52269999e+00  2.61123688e+05 -5.71822692e+01 
 2.64147764e+05  5.46067306e+00  2.64147764e+05 -5.75358816e+01 
 2.67206861e+05  5.39820760e+00  2.67206861e+05 -5.78888892e+01 
 2.70301386e+05  5.33530920e+00  2.70301386e+05 -5.82412676e+01 
 2.73431749e+05  5.27198357e+00  2.73431749e+05 -5.85929934e+01 
 2.76598365e+05  5.20823652e+00  2.76598365e+05 -5.89440440e+01 
 2.79801653e+05  5.14407401e+00  2.79801653e+05 -5.92943977e+01 
 2.83042038e+05  5.07950212e+00  2.83042038e+05 -5.96440335e+01 
 2.86319950e+05  5.01452703e+00  2.86319950e+05 -5.99929316e+01 
 2.89635824e+05  4.94915506e+00  2.89635824e+05 -6.03410729e+01 
 2.92990099e+05  4.88339261e+00  2.92990099e+05 -6.06884395e+01 
 2.96383220e+05  4.81724622e+00  2.96383220e+05 -6.10350141e+01 
 2.99815637e+05  4.75072251e+00  2.99815637e+05 -6.13807807e+01 
 3.03287805e+05  4.68382822e+00  3.03287805e+05 -6.17257241e+01 
 3.06800183e+05  4.61657019e+00  3.06800183e+05 -6.20698301e+01 
 3.10353239e+05  4.54895534e+00  3.10353239e+05 -6.24130855e+01 
 3.13947443e+05  4.48099071e+00  3.13947443e+05 -6.27554781e+01 
 3.17583271e+05  4.41268340e+00  3.17583271e+05 -6.30969967e+01 
 3.21261205e+05  4.34404064e+00  3.21261205e+05 -6.34376311e+01 
 3.24981734e+05  4.27506971e+00  3.24981734e+05 -6.37773723e+01 
 3.28745351e+05  4.20577799e+00  3.28745351e+05 -6.41162121e+01 
 3.32552554e+05  4.13617293e+00  3.32552554e+05 -6.44541433e+01 
 3.36403848e+05  4.06626207e+00  3.36403848e+05 -6.47911599e+01 
 3.40299744e+05  3.99605302e+00  3.40299744e+05 -6.51272570e+01 
 3.44240758e+05  3.92555346e+00  3.44240758e+05 -6.54624306e+01 
 3.48227413e+05  3.85477115e+00  3.48227413e+05 -6.57966777e+01 
 3.52260238e+05  3.78371390e+00  3.52260238e+05 -6.61299964e+01 
 3.56339767e+05  3.71238961e+00  3.56339767e+05 -6.64623861e+01 
 3.60466541e+05  3.64080622e+00  3.60466541e+05 -6.67938468e+01 
 3.64641107e+05  3.56897174e+00  3.64641107e+05 -6.71243800e+01 
 3.68864019e+05  3.49689425e+00  3.68864019e+05 -6.74539879e+01 
 3.73135837e+05  3.42458187e+00  3.73135837e+05 -6.77826740e+01 
 3.77457126e+05  3.35204278e+00  3.77457126e+05 -6.81104428e+01 
 3.81828460e+05  3.27928522e+00  3.81828460e+05 -6.84372998e+01 
 3.86250419e+05  3.20631747e+00  3.86250419e+05 -6.87632517e+01 
 3.90723589e+05  3.13314786e+00  3.90723589e+05 -6.90883060e+01 
 3.95248562e+05  3.05978478e+00  3.95248562e+05 -6.94124715e+01 
 3.99825939e+05  2.98623665e+00  3.99825939e+05 -6.97357580e+01 
 4.04456327e+05  2.91251193e+00  4.04456327e+05 -7.00581764e+01 
 4.09140339e+05  2.83861915e+00  4.09140339e+05 -7.03797385e+01 
 4.13878597e+05  2.76456684e+00  4.13878597e+05 -7.07004573e+01 
 4.18671729e+05  2.69036361e+00  4.18671729e+05 -7.10203468e+01 
 4.23520370e+05  2.61601808e+00  4.23520370e+05 -7.13394221e+01 
 4.28425163e+05  2.54153892e+00  4.28425163e+05 -7.16576994e+01 
 4.33386759e+05  2.46693482e+00  4.33386759e+05 -7.19751957e+01 
 4.38405814e+05  2.39221451e+00  4.38405814e+05 -7.22919295e+01 
 4.43482996e+05  2.31738676e+00  4.43482996e+05 -7.26079198e+01 
 4.48618977e+05  2.24246038e+00  4.48618977e+05 -7.29231873e+01 
 4.53814437e+05  2.16744417e+00  4.53814437e+05 -7.32377531e+01 
 4.59070066e+05  2.09234700e+00  4.59070066e+05 -7.35516398e+01 
 4.64386560e+05  2.01717776e+00  4.64386560e+05 -7.38648708e+01 
 4.69764625e+05  1.94194534e+00  4.69764625e+05 -7.41774709e+01 
 4.75204974e+05  1.86665870e+00  4.75204974e+05 -7.44894654e+01 
 4.80708327e+05  1.79132678e+00  4.80708327e+05 -7.48008812e+01 
 4.86275414e+05  1.71595857e+00  4.86275414e+05 -7.51117460e+01 
 4.91906974e+05  1.64056309e+00  4.91906974e+05 -7.54220884e+01 
 4.97603753e+05  1.56514936e+00  4.97603753e+05 -7.57319384e+01 
 5.03366507e+05  1.48972643e+00  5.03366507e+05 -7.60413269e+01 
 5.09195999e+05  1.41430338e+00  5.09195999e+05 -7.63502856e+01 
 5.15093002e+05  1.33888931e+00  5.15093002e+05 -7.66588478e+01 
 5.21058299e+05  1.26349333e+00  5.21058299e+05 -7.69670473e+01 
 5.27092679e+05  1.18812456e+00  5.27092679e+05 -7.72749194e+01 
 5.33196944e+05  1.11279216e+00  5.33196944e+05 -7.75825002e+01 
 5.39371903e+05  1.03750529e+00  5.39371903e+05 -7.78898269e+01 
 5.45618374e+05  9.62273137e-01  5.45618374e+05 -7.81969380e+01 
 5.51937185e+05  8.87104898e-01  5.51937185e+05 -7.85038726e+01 
 5.58329174e+05  8.12009785e-01  5.58329174e+05 -7.88106714e+01 
 5.64795189e+05  7.36997024e-01  5.64795189e+05 -7.91173759e+01 
 5.71336088e+05  6.62075854e-01  5.71336088e+05 -7.94240287e+01 
 5.77952736e+05  5.87255526e-01  5.77952736e+05 -7.97306734e+01 
 5.84646012e+05  5.12545302e-01  5.84646012e+05 -8.00373550e+01 
 5.91416802e+05  4.37954454e-01  5.91416802e+05 -8.03441192e+01 
 5.98266006e+05  3.63492263e-01  5.98266006e+05 -8.06510131e+01 
 6.05194529e+05  2.89168020e-01  6.05194529e+05 -8.09580848e+01 
 6.12203293e+05  2.14991019e-01  6.12203293e+05 -8.12653835e+01 
 6.19293224e+05  1.40970564e-01  6.19293224e+05 -8.15729595e+01 
 6.26465265e+05  6.71159621e-02  6.26465265e+05 -8.18808642e+01 
 6.33720365e+05 -6.56347714e-03  6.33720365e+05 -8.21891502e+01 
 6.41059486e+05 -8.00584408e-02  6.41059486e+05 -8.24978713e+01 
 6.48483601e+05 -1.53359616e-01  6.48483601e+05 -8.28070822e+01 
 6.55993696e+05 -2.26457690e-01  6.55993696e+05 -8.31168389e+01 
 6.63590765e+05 -2.99343352e-01  6.63590765e+05 -8.34271986e+01 
 6.71275815e+05 -3.72007297e-01  6.71275815e+05 -8.37382195e+01 
 6.79049866e+05 -4.44440224e-01  6.79049866e+05 -8.40499610e+01 
 6.86913949e+05 -5.16632841e-01  6.86913949e+05 -8.43624839e+01 
 6.94869105e+05 -5.88575862e-01  6.94869105e+05 -8.46758498e+01 
 7.02916391e+05 -6.60260018e-01  7.02916391e+05 -8.49901218e+01 
 7.11056872e+05 -7.31676048e-01  7.11056872e+05 -8.53053640e+01 
 7.19291628e+05 -8.02814709e-01  7.19291628e+05 -8.56216417e+01 
 7.27621750e+05 -8.73666778e-01  7.27621750e+05 -8.59390215e+01 
 7.36048344e+05 -9.44223049e-01  7.36048344e+05 -8.62575712e+01 
 7.44572527e+05 -1.01447434e+00  7.44572527e+05 -8.65773597e+01 
 7.53195428e+05 -1.08441150e+00  7.53195428e+05 -8.68984572e+01 
 7.61918191e+05 -1.15402540e+00  7.61918191e+05 -8.72209352e+01 
 7.70741972e+05 -1.22330694e+00  7.70741972e+05 -8.75448662e+01 
 7.79667942e+05 -1.29224706e+00  7.79667942e+05 -8.78703242e+01 
 7.88697283e+05 -1.36083674e+00  7.88697283e+05 -8.81973842e+01 
 7.97831193e+05 -1.42906700e+00  7.97831193e+05 -8.85261228e+01 
 8.07070883e+05 -1.49692891e+00  8.07070883e+05 -8.88566173e+01 
 8.16417578e+05 -1.56441356e+00  8.16417578e+05 -8.91889469e+01 
 8.25872518e+05 -1.63151212e+00  8.25872518e+05 -8.95231915e+01 
 8.35436955e+05 -1.69821582e+00  8.35436955e+05 -8.98594326e+01 
 8.45112157e+05 -1.76451594e+00  8.45112157e+05 -9.01977529e+01 
 8.54899409e+05 -1.83040381e+00  8.54899409e+05 -9.05382362e+01 
 8.64800006e+05 -1.89587084e+00  8.64800006e+05 -9.08809679e+01 
 8.74815263e+05 -1.96090854e+00  8.74815263e+05 -9.12260344e+01 
 8.84946506e+05 -2.02550844e+00  8.84946506e+05 -9.15735234e+01 
 8.95195080e+05 -2.08966222e+00  8.95195080e+05 -9.19235240e+01 
 9.05562342e+05 -2.15336159e+00  9.05562342e+05 -9.22761265e+01 
 9.16049667e+05 -2.21659838e+00  9.16049667e+05 -9.26314225e+01 
 9.26658447e+05 -2.27936453e+00  9.26658447e+05 -9.29895050e+01 
 9.37390086e+05 -2.34165206e+00  9.37390086e+05 -9.33504679e+01 
 9.48246009e+05 -2.40345312e+00  9.48246009e+05 -9.37144068e+01 
 9.59227655e+05 -2.46475995e+00  9.59227655e+05 -9.40814184e+01 
 9.70336479e+05 -2.52556495e+00  9.70336479e+05 -9.44516006e+01 
 9.81573954e+05 -2.58586061e+00  9.81573954e+05 -9.48250526e+01 
 9.92941571e+05 -2.64563958e+00  9.92941571e+05 -9.52018749e+01 
 1.00444084e+06 -2.70489464e+00  1.00444084e+06 -9.55821693e+01 
 1.01607327e+06 -2.76361873e+00  1.01607327e+06 -9.59660388e+01 
 1.02784043e+06 -2.82180493e+00  1.02784043e+06 -9.63535875e+01 
 1.03974386e+06 -2.87944650e+00  1.03974386e+06 -9.67449210e+01 
 1.05178514e+06 -2.93653686e+00  1.05178514e+06 -9.71401459e+01 
 1.06396587e+06 -2.99306960e+00  1.06396587e+06 -9.75393701e+01 
 1.07628767e+06 -3.04903851e+00  1.07628767e+06 -9.79427027e+01 
 1.08875217e+06 -3.10443758e+00  1.08875217e+06 -9.83502540e+01 
 1.10136102e+06 -3.15926098e+00  1.10136102e+06 -9.87621355e+01 
 1.11411589e+06 -3.21350312e+00  1.11411589e+06 -9.91784598e+01 
 1.12701847e+06 -3.26715860e+00  1.12701847e+06 -9.95993407e+01 
 1.14007049e+06 -3.32022227e+00  1.14007049e+06 -1.00024893e+02 
 1.15327365e+06 -3.37268920e+00  1.15327365e+06 -1.00455233e+02 
 1.16662972e+06 -3.42455474e+00  1.16662972e+06 -1.00890478e+02 
 1.18014047e+06 -3.47581445e+00  1.18014047e+06 -1.01330745e+02 
 1.19380769e+06 -3.52646421e+00  1.19380769e+06 -1.01776155e+02 
 1.20763319e+06 -3.57650014e+00  1.20763319e+06 -1.02226827e+02 
 1.22161880e+06 -3.62591865e+00  1.22161880e+06 -1.02682884e+02 
 1.23576638e+06 -3.67471647e+00  1.23576638e+06 -1.03144446e+02 
 1.25007780e+06 -3.72289062e+00  1.25007780e+06 -1.03611639e+02 
 1.26455496e+06 -3.77043846e+00  1.26455496e+06 -1.04084585e+02 
 1.27919978e+06 -3.81735766e+00  1.27919978e+06 -1.04563411e+02 
 1.29401421e+06 -3.86364626e+00  1.29401421e+06 -1.05048242e+02 
 1.30900020e+06 -3.90930263e+00  1.30900020e+06 -1.05539205e+02 
 1.32415974e+06 -3.95432552e+00  1.32415974e+06 -1.06036429e+02 
 1.33949485e+06 -3.99871408e+00  1.33949485e+06 -1.06540042e+02 
 1.35500755e+06 -4.04246783e+00  1.35500755e+06 -1.07050173e+02 
 1.37069990e+06 -4.08558671e+00  1.37069990e+06 -1.07566953e+02 
 1.38657399e+06 -4.12807108e+00  1.38657399e+06 -1.08090512e+02 
 1.40263192e+06 -4.16992174e+00  1.40263192e+06 -1.08620983e+02 
 1.41887581e+06 -4.21113994e+00  1.41887581e+06 -1.09158498e+02 
 1.43530782e+06 -4.25172740e+00  1.43530782e+06 -1.09703188e+02 
 1.45193013e+06 -4.29168631e+00  1.45193013e+06 -1.10255189e+02 
 1.46874495e+06 -4.33101937e+00  1.46874495e+06 -1.10814634e+02 
 1.48575450e+06 -4.36972979e+00  1.48575450e+06 -1.11381657e+02 
 1.50296103e+06 -4.40782130e+00  1.50296103e+06 -1.11956393e+02 
 1.52036684e+06 -4.44529821e+00  1.52036684e+06 -1.12538978e+02 
 1.53797422e+06 -4.48216536e+00  1.53797422e+06 -1.13129547e+02 
 1.55578551e+06 -4.51842819e+00  1.55578551e+06 -1.13728236e+02 
 1.57380308e+06 -4.55409274e+00  1.57380308e+06 -1.14335181e+02 
 1.59202931e+06 -4.58916568e+00  1.59202931e+06 -1.14950519e+02 
 1.61046661e+06 -4.62365430e+00  1.61046661e+06 -1.15574386e+02 
 1.62911744e+06 -4.65756657e+00  1.62911744e+06 -1.16206918e+02 
 1.64798426e+06 -4.69091114e+00  1.64798426e+06 -1.16848252e+02 
 1.66706959e+06 -4.72369735e+00  1.66706959e+06 -1.17498523e+02 
 1.68637593e+06 -4.75593530e+00  1.68637593e+06 -1.18157869e+02 
 1.70590587e+06 -4.78763579e+00  1.70590587e+06 -1.18826426e+02 
 1.72566198e+06 -4.81881042e+00  1.72566198e+06 -1.19504327e+02 
 1.74564689e+06 -4.84947159e+00  1.74564689e+06 -1.20191710e+02 
 1.76586324e+06 -4.87963251e+00  1.76586324e+06 -1.20888707e+02 
 1.78631372e+06 -4.90930723e+00  1.78631372e+06 -1.21595454e+02 
 1.80700103e+06 -4.93851067e+00  1.80700103e+06 -1.22312083e+02 
 1.82792793e+06 -4.96725865e+00  1.82792793e+06 -1.23038726e+02 
 1.84909717e+06 -4.99556792e+00  1.84909717e+06 -1.23775515e+02 
 1.87051159e+06 -5.02345617e+00  1.87051159e+06 -1.24522580e+02 
 1.89217400e+06 -5.05094206e+00  1.89217400e+06 -1.25280049e+02 
 1.91408728e+06 -5.07804528e+00  1.91408728e+06 -1.26048051e+02 
 1.93625434e+06 -5.10478652e+00  1.93625434e+06 -1.26826710e+02 
 1.95867812e+06 -5.13118757e+00  1.95867812e+06 -1.27616150e+02 
 1.98136159e+06 -5.15727129e+00  1.98136159e+06 -1.28416495e+02 
 2.00430776e+06 -5.18306166e+00  2.00430776e+06 -1.29227863e+02 
 2.02751966e+06 -5.20858383e+00  2.02751966e+06 -1.30050371e+02 
 2.05100039e+06 -5.23386411e+00  2.05100039e+06 -1.30884136e+02 
 2.07475304e+06 -5.25893004e+00  2.07475304e+06 -1.31729267e+02 
 2.09878077e+06 -5.28381039e+00  2.09878077e+06 -1.32585875e+02 
 2.12308677e+06 -5.30853521e+00  2.12308677e+06 -1.33454064e+02 
 2.14767426e+06 -5.33313585e+00  2.14767426e+06 -1.34333936e+02 
 2.17254649e+06 -5.35764498e+00  2.17254649e+06 -1.35225588e+02 
 2.19770677e+06 -5.38209663e+00  2.19770677e+06 -1.36129113e+02 
 2.22315843e+06 -5.40652621e+00  2.22315843e+06 -1.37044599e+02 
 2.24890485e+06 -5.43097055e+00  2.24890485e+06 -1.37972129e+02 
 2.27494944e+06 -5.45546790e+00  2.27494944e+06 -1.38911780e+02 
 2.30129565e+06 -5.48005796e+00  2.30129565e+06 -1.39863624e+02 
 2.32794697e+06 -5.50478191e+00  2.32794697e+06 -1.40827725e+02 
 2.35490695e+06 -5.52968242e+00  2.35490695e+06 -1.41804140e+02 
 2.38217915e+06 -5.55480365e+00  2.38217915e+06 -1.42792920e+02 
 2.40976718e+06 -5.58019128e+00  2.40976718e+06 -1.43794105e+02 
 2.43767472e+06 -5.60589251e+00  2.43767472e+06 -1.44807730e+02 
 2.46590545e+06 -5.63195605e+00  2.46590545e+06 -1.45833817e+02 
 2.49446313e+06 -5.65843213e+00  2.49446313e+06 -1.46872380e+02 
 2.52335153e+06 -5.68537248e+00  2.52335153e+06 -1.47923421e+02 
 2.55257448e+06 -5.71283033e+00  2.55257448e+06 -1.48986932e+02 
 2.58213587e+06 -5.74086034e+00  2.58213587e+06 -1.50062892e+02 
 2.61203961e+06 -5.76951866e+00  2.61203961e+06 -1.51151267e+02 
 2.64228966e+06 -5.79886277e+00  2.64228966e+06 -1.52252008e+02 
 2.67289004e+06 -5.82895153e+00  2.67289004e+06 -1.53365054e+02 
 2.70384481e+06 -5.85984507e+00  2.70384481e+06 -1.54490327e+02 
 2.73515806e+06 -5.89160475e+00  2.73515806e+06 -1.55627731e+02 
 2.76683395e+06 -5.92429303e+00  2.76683395e+06 -1.56777157e+02 
 2.79887667e+06 -5.95797341e+00  2.79887667e+06 -1.57938473e+02 
 2.83129049e+06 -5.99271033e+00  2.83129049e+06 -1.59111533e+02 
 2.86407969e+06 -6.02856901e+00  2.86407969e+06 -1.60296167e+02 
 2.89724862e+06 -6.06561535e+00  2.89724862e+06 -1.61492186e+02 
 2.93080168e+06 -6.10391575e+00  2.93080168e+06 -1.62699380e+02 
 2.96474332e+06 -6.14353693e+00  2.96474332e+06 -1.63917517e+02 
 2.99907804e+06 -6.18454579e+00  2.99907804e+06 -1.65146340e+02 
 3.03381039e+06 -6.22700918e+00  3.03381039e+06 -1.66385569e+02 
 3.06894498e+06 -6.27099364e+00  3.06894498e+06 -1.67634901e+02 
 3.10448646e+06 -6.31656525e+00  3.10448646e+06 -1.68894007e+02 
 3.14043954e+06 -6.36378931e+00  3.14043954e+06 -1.70162531e+02 
 3.17680900e+06 -6.41273008e+00  3.17680900e+06 -1.71440095e+02 
 3.21359965e+06 -6.46345054e+00  3.21359965e+06 -1.72726293e+02 
 3.25081638e+06 -6.51601204e+00  3.25081638e+06 -1.74020691e+02 
 3.28846411e+06 -6.57047402e+00  3.28846411e+06 -1.75322832e+02 
 3.32654785e+06 -6.62689370e+00  3.32654785e+06 -1.76632232e+02 
 3.36507263e+06 -6.68532572e+00  3.36507263e+06 -1.77948383e+02 
 3.40404356e+06 -6.74582184e+00  3.40404356e+06 -1.79270751e+02 
 3.44346582e+06 -6.80843060e+00  3.44346582e+06  1.79401223e+02 
 3.48334463e+06 -6.87319696e+00  3.48334463e+06  1.78068117e+02 
 3.52368527e+06 -6.94016200e+00  3.52368527e+06  1.76730534e+02 
 3.56449310e+06 -7.00936260e+00  3.56449310e+06  1.75389095e+02 
 3.60577353e+06 -7.08083107e+00  3.60577353e+06  1.74044441e+02 
 3.64753203e+06 -7.15459496e+00  3.64753203e+06  1.72697228e+02 
 3.68977413e+06 -7.23067668e+00  3.68977413e+06  1.71348126e+02 
 3.73250543e+06 -7.30909331e+00  3.73250543e+06  1.69997818e+02 
 3.77573161e+06 -7.38985636e+00  3.77573161e+06  1.68646995e+02 
 3.81945839e+06 -7.47297158e+00  3.81945839e+06  1.67296356e+02 
 3.86369158e+06 -7.55843882e+00  3.86369158e+06  1.65946601e+02 
 3.90843702e+06 -7.64625189e+00  3.90843702e+06  1.64598433e+02 
 3.95370067e+06 -7.73639852e+00  3.95370067e+06  1.63252550e+02 
 3.99948851e+06 -7.82886029e+00  3.99948851e+06  1.61909647e+02 
 4.04580662e+06 -7.92361273e+00  4.04580662e+06  1.60570406e+02 
 4.09266114e+06 -8.02062532e+00  4.09266114e+06  1.59235500e+02 
 4.14005829e+06 -8.11986162e+00  4.14005829e+06  1.57905583e+02 
 4.18800434e+06 -8.22127949e+00  4.18800434e+06  1.56581292e+02 
 4.23650566e+06 -8.32483126e+00  4.23650566e+06  1.55263242e+02 
 4.28556866e+06 -8.43046403e+00  4.28556866e+06  1.53952019e+02 
 4.33519987e+06 -8.53811995e+00  4.33519987e+06  1.52648187e+02 
 4.38540586e+06 -8.64773659e+00  4.38540586e+06  1.51352274e+02 
 4.43619329e+06 -8.75924735e+00  4.43619329e+06  1.50064779e+02 
 4.48756888e+06 -8.87258184e+00  4.48756888e+06  1.48786163e+02 
 4.53953946e+06 -8.98766638e+00  4.53953946e+06  1.47516852e+02 
 4.59211190e+06 -9.10442441e+00  4.59211190e+06  1.46257234e+02 
 4.64529319e+06 -9.22277705e+00  4.64529319e+06  1.45007656e+02 
 4.69909037e+06 -9.34264358e+00  4.69909037e+06  1.43768427e+02 
 4.75351058e+06 -9.46394190e+00  4.75351058e+06  1.42539814e+02 
 4.80856103e+06 -9.58658910e+00  4.80856103e+06  1.41322044e+02 
 4.86424902e+06 -9.71050193e+00  4.86424902e+06  1.40115302e+02 
 4.92058193e+06 -9.83559729e+00  4.92058193e+06  1.38919735e+02 
 4.97756723e+06 -9.96179267e+00  4.97756723e+06  1.37735450e+02 
 5.03521248e+06 -1.00890066e+01  5.03521248e+06  1.36562517e+02 
 5.09352532e+06 -1.02171593e+01  5.09352532e+06  1.35400968e+02 
 5.15251348e+06 -1.03461724e+01  5.15251348e+06  1.34250801e+02 
 5.21218479e+06 -1.04759703e+01  5.21218479e+06  1.33111981e+02 
 5.27254715e+06 -1.06064794e+01  5.27254715e+06  1.31984441e+02 
 5.33360856e+06 -1.07376294e+01  5.33360856e+06  1.30868086e+02 
 5.39537713e+06 -1.08693528e+01  5.39537713e+06  1.29762794e+02 
 5.45786104e+06 -1.10015853e+01  5.45786104e+06  1.28668418e+02 
 5.52106858e+06 -1.11342662e+01  5.52106858e+06  1.27584791e+02 
 5.58500812e+06 -1.12673382e+01  5.58500812e+06  1.26511724e+02 
 5.64968815e+06 -1.14007477e+01  5.64968815e+06  1.25449011e+02 
 5.71511724e+06 -1.15344448e+01  5.71511724e+06  1.24396434e+02 
 5.78130406e+06 -1.16683833e+01  5.78130406e+06  1.23353759e+02 
 5.84825740e+06 -1.18025207e+01  5.84825740e+06  1.22320744e+02 
 5.91598612e+06 -1.19368179e+01  5.91598612e+06  1.21297137e+02 
 5.98449920e+06 -1.20712398e+01  5.98449920e+06  1.20282681e+02 
 6.05380574e+06 -1.22057543e+01  6.05380574e+06  1.19277115e+02 
 6.12391492e+06 -1.23403332e+01  6.12391492e+06  1.18280173e+02 
 6.19483603e+06 -1.24749511e+01  6.19483603e+06  1.17291592e+02 
 6.26657849e+06 -1.26095858e+01  6.26657849e+06  1.16311107e+02 
 6.33915179e+06 -1.27442181e+01  6.33915179e+06  1.15338454e+02 
 6.41256556e+06 -1.28788317e+01  6.41256556e+06  1.14373374e+02 
 6.48682954e+06 -1.30134126e+01  6.48682954e+06  1.13415612e+02 
 6.56195357e+06 -1.31479495e+01  6.56195357e+06  1.12464917e+02 
 6.63794761e+06 -1.32824331e+01  6.63794761e+06  1.11521044e+02 
 6.71482174e+06 -1.34168564e+01  6.71482174e+06  1.10583755e+02 
 6.79258615e+06 -1.35512142e+01  6.79258615e+06  1.09652819e+02 
 6.87125115e+06 -1.36855030e+01  6.87125115e+06  1.08728010e+02 
 6.95082717e+06 -1.38197209e+01  6.95082717e+06  1.07809113e+02 
 7.03132476e+06 -1.39538673e+01  7.03132476e+06  1.06895918e+02 
 7.11275460e+06 -1.40879431e+01  7.11275460e+06  1.05988226e+02 
 7.19512747e+06 -1.42219499e+01  7.19512747e+06  1.05085842e+02 
 7.27845431e+06 -1.43558906e+01  7.27845431e+06  1.04188583e+02 
 7.36274615e+06 -1.44897688e+01  7.36274615e+06  1.03296270e+02 
 7.44801418e+06 -1.46235888e+01  7.44801418e+06  1.02408736e+02 
 7.53426970e+06 -1.47573553e+01  7.53426970e+06  1.01525817e+02 
 7.62152414e+06 -1.48910739e+01  7.62152414e+06  1.00647359e+02 
 7.70978908e+06 -1.50247502e+01  7.70978908e+06  9.97732147e+01 
 7.79907622e+06 -1.51583903e+01  7.79907622e+06  9.89032426e+01 
 7.88939739e+06 -1.52920005e+01  7.88939739e+06  9.80373082e+01 
 7.98076457e+06 -1.54255870e+01  7.98076457e+06  9.71752828e+01 
 8.07318988e+06 -1.55591565e+01  8.07318988e+06  9.63170434e+01 
 8.16668556e+06 -1.56927154e+01  8.16668556e+06  9.54624726e+01 
 8.26126402e+06 -1.58262702e+01  8.26126402e+06  9.46114575e+01 
 8.35693779e+06 -1.59598273e+01  8.35693779e+06  9.37638902e+01 
 8.45371956e+06 -1.60933929e+01  8.45371956e+06  9.29196670e+01 
 8.55162216e+06 -1.62269734e+01  8.55162216e+06  9.20786882e+01 
 8.65065857e+06 -1.63605746e+01  8.65065857e+06  9.12408574e+01 
 8.75084193e+06 -1.64942023e+01  8.75084193e+06  9.04060819e+01 
 8.85218551e+06 -1.66278622e+01  8.85218551e+06  8.95742718e+01 
 8.95470275e+06 -1.67615597e+01  8.95470275e+06  8.87453399e+01 
 9.05840724e+06 -1.68952999e+01  9.05840724e+06  8.79192012e+01 
 9.16331273e+06 -1.70290878e+01  9.16331273e+06  8.70957732e+01 
 9.26943314e+06 -1.71629280e+01  9.26943314e+06  8.62749750e+01 
 9.37678253e+06 -1.72968251e+01  9.37678253e+06  8.54567275e+01 
 9.48537513e+06 -1.74307833e+01  9.48537513e+06  8.46409528e+01 
 9.59522534e+06 -1.75648065e+01  9.59522534e+06  8.38275744e+01 
 9.70634773e+06 -1.76988987e+01  9.70634773e+06  8.30165167e+01 
 9.81875703e+06 -1.78330633e+01  9.81875703e+06  8.22077050e+01 
 9.93246814e+06 -1.79673038e+01  9.93246814e+06  8.14010651e+01 
 1.00474961e+07 -1.81016234e+01  1.00474961e+07  8.05965235e+01 
 1.01638563e+07 -1.82360250e+01  1.01638563e+07  7.97940069e+01 
 1.02815640e+07 -1.83705115e+01  1.02815640e+07  7.89934425e+01 
 1.04006349e+07 -1.85050855e+01  1.04006349e+07  7.81947574e+01 
 1.05210847e+07 -1.86397497e+01  1.05210847e+07  7.73978789e+01 
 1.06429295e+07 -1.87745064e+01  1.06429295e+07  7.66027340e+01 
 1.07661854e+07 -1.89093579e+01  1.07661854e+07  7.58092499e+01 
 1.08908687e+07 -1.90443065e+01  1.08908687e+07  7.50173534e+01 
 1.10169959e+07 -1.91793541e+01  1.10169959e+07  7.42269712e+01 
 1.11445838e+07 -1.93145029e+01  1.11445838e+07  7.34380296e+01 
 1.12736493e+07 -1.94497548e+01  1.12736493e+07  7.26504546e+01 
 1.14042096e+07 -1.95851118e+01  1.14042096e+07  7.18641721e+01 
 1.15362818e+07 -1.97205757e+01  1.15362818e+07  7.10791072e+01 
 1.16698836e+07 -1.98561485e+01  1.16698836e+07  7.02951849e+01 
 1.18050326e+07 -1.99918319e+01  1.18050326e+07  6.95123299e+01 
 1.19417468e+07 -2.01276280e+01  1.19417468e+07  6.87304663e+01 
 1.20800443e+07 -2.02635384e+01  1.20800443e+07  6.79495180e+01 
 1.22199434e+07 -2.03995653e+01  1.22199434e+07  6.71694084e+01 
 1.23614627e+07 -2.05357105e+01  1.23614627e+07  6.63900607e+01 
 1.25046209e+07 -2.06719761e+01  1.25046209e+07  6.56113978e+01 
 1.26494370e+07 -2.08083641e+01  1.26494370e+07  6.48333423e+01 
 1.27959303e+07 -2.09448766e+01  1.27959303e+07  6.40558165e+01 
 1.29441200e+07 -2.10815160e+01  1.29441200e+07  6.32787425e+01 
 1.30940260e+07 -2.12182845e+01  1.30940260e+07  6.25020423e+01 
 1.32456680e+07 -2.13551845e+01  1.32456680e+07  6.17256377e+01 
 1.33990662e+07 -2.14922185e+01  1.33990662e+07  6.09494507e+01 
 1.35542409e+07 -2.16293891e+01  1.35542409e+07  6.01734028e+01 
 1.37112127e+07 -2.17666992e+01  1.37112127e+07  5.93974160e+01 
 1.38700024e+07 -2.19041514e+01  1.38700024e+07  5.86214122e+01 
 1.40306310e+07 -2.20417489e+01  1.40306310e+07  5.78453133e+01 
 1.41931199e+07 -2.21794948e+01  1.41931199e+07  5.70690416e+01 
 1.43574905e+07 -2.23173922e+01  1.43574905e+07  5.62925196e+01 
 1.45237648e+07 -2.24554446e+01  1.45237648e+07  5.55156702e+01 
 1.46919646e+07 -2.25936555e+01  1.46919646e+07  5.47384165e+01 
 1.48621124e+07 -2.27320286e+01  1.48621124e+07  5.39606824e+01 
 1.50342306e+07 -2.28705678e+01  1.50342306e+07  5.31823918e+01 
 1.52083422e+07 -2.30092770e+01  1.52083422e+07  5.24034697e+01 
 1.53844701e+07 -2.31481603e+01  1.53844701e+07  5.16238415e+01 
 1.55626378e+07 -2.32872220e+01  1.55626378e+07  5.08434332e+01 
 1.57428689e+07 -2.34264666e+01  1.57428689e+07  5.00621719e+01 
 1.59251872e+07 -2.35658986e+01  1.59251872e+07  4.92799852e+01 
 1.61096169e+07 -2.37055229e+01  1.61096169e+07  4.84968018e+01 
 1.62961825e+07 -2.38453442e+01  1.62961825e+07  4.77125515e+01 
 1.64849088e+07 -2.39853676e+01  1.64849088e+07  4.69271649e+01 
 1.66758206e+07 -2.41255983e+01  1.66758206e+07  4.61405738e+01 
 1.68689435e+07 -2.42660416e+01  1.68689435e+07  4.53527112e+01 
 1.70643029e+07 -2.44067031e+01  1.70643029e+07  4.45635114e+01 
 1.72619247e+07 -2.45475882e+01  1.72619247e+07  4.37729099e+01 
 1.74618352e+07 -2.46887029e+01  1.74618352e+07  4.29808436e+01 
 1.76640609e+07 -2.48300529e+01  1.76640609e+07  4.21872508e+01 
 1.78686285e+07 -2.49716442e+01  1.78686285e+07  4.13920715e+01 
 1.80755653e+07 -2.51134831e+01  1.80755653e+07  4.05952469e+01 
 1.82848985e+07 -2.52555758e+01  1.82848985e+07  3.97967202e+01 
 1.84966561e+07 -2.53979286e+01  1.84966561e+07  3.89964359e+01 
 1.87108661e+07 -2.55405480e+01  1.87108661e+07  3.81943407e+01 
 1.89275568e+07 -2.56834407e+01  1.89275568e+07  3.73903827e+01 
 1.91467570e+07 -2.58266133e+01  1.91467570e+07  3.65845120e+01 
 1.93684957e+07 -2.59700727e+01  1.93684957e+07  3.57766806e+01 
 1.95928024e+07 -2.61138256e+01  1.95928024e+07  3.49668425e+01 
 1.98197069e+07 -2.62578791e+01  1.98197069e+07  3.41549537e+01 
 2.00492391e+07 -2.64022403e+01  2.00492391e+07  3.33409723e+01 
 2.02814295e+07 -2.65469161e+01  2.02814295e+07  3.25248585e+01 
 2.05163089e+07 -2.66919138e+01  2.05163089e+07  3.17065746e+01 
 2.07539085e+07 -2.68372406e+01  2.07539085e+07  3.08860853e+01 
 2.09942597e+07 -2.69829037e+01  2.09942597e+07  3.00633575e+01 
 2.12373944e+07 -2.71289106e+01  2.12373944e+07  2.92383602e+01 
 2.14833448e+07 -2.72752684e+01  2.14833448e+07  2.84110652e+01 
 2.17321436e+07 -2.74219846e+01  2.17321436e+07  2.75814464e+01 
 2.19838238e+07 -2.75690666e+01  2.19838238e+07  2.67494802e+01 
 2.22384186e+07 -2.77165217e+01  2.22384186e+07  2.59151456e+01 
 2.24959620e+07 -2.78643573e+01  2.24959620e+07  2.50784239e+01 
 2.27564879e+07 -2.80125809e+01  2.27564879e+07  2.42392994e+01 
 2.30200310e+07 -2.81611997e+01  2.30200310e+07  2.33977585e+01 
 2.32866262e+07 -2.83102211e+01  2.32866262e+07  2.25537906e+01 
 2.35563088e+07 -2.84596524e+01  2.35563088e+07  2.17073878e+01 
 2.38291146e+07 -2.86095008e+01  2.38291146e+07  2.08585446e+01 
 2.41050798e+07 -2.87597736e+01  2.41050798e+07  2.00072585e+01 
 2.43842409e+07 -2.89104778e+01  2.43842409e+07  1.91535298e+01 
 2.46666350e+07 -2.90616206e+01  2.46666350e+07  1.82973614e+01 
 2.49522996e+07 -2.92132089e+01  2.49522996e+07  1.74387591e+01 
 2.52412724e+07 -2.93652496e+01  2.52412724e+07  1.65777317e+01 
 2.55335918e+07 -2.95177494e+01  2.55335918e+07  1.57142907e+01 
 2.58292965e+07 -2.96707151e+01  2.58292965e+07  1.48484506e+01 
 2.61284258e+07 -2.98241532e+01  2.61284258e+07  1.39802287e+01 
 2.64310194e+07 -2.99780702e+01  2.64310194e+07  1.31096453e+01 
 2.67371172e+07 -3.01324722e+01  2.67371172e+07  1.22367237e+01 
 2.70467600e+07 -3.02873655e+01  2.70467600e+07  1.13614900e+01 
 2.73599888e+07 -3.04427560e+01  2.73599888e+07  1.04839734e+01 
 2.76768451e+07 -3.05986495e+01  2.76768451e+07  9.60420603e+00 
 2.79973709e+07 -3.07550516e+01  2.79973709e+07  8.72222299e+00 
 2.83216087e+07 -3.09119678e+01  2.83216087e+07  7.83806238e+00 
 2.86496015e+07 -3.10694033e+01  2.86496015e+07  6.95176528e+00 
 2.89813928e+07 -3.12273630e+01  2.89813928e+07  6.06337575e+00 
 2.93170265e+07 -3.13858518e+01  2.93170265e+07  5.17294086e+00 
 2.96565473e+07 -3.15448743e+01  2.96565473e+07  4.28051061e+00 
 3.00000000e+07 -3.17044347e+01  3.00000000e+07  3.38613801e+00 
