 2.00000000e-01 -5.52347282e+00  2.00000000e-01  6.78862328e+01 
 2.02316202e-01 -5.43777340e+00  2.02316202e-01  6.76551993e+01 
 2.04659228e-01 -5.35235876e+00  2.04659228e-01  6.74222669e+01 
 2.07029388e-01 -5.26723358e+00  2.07029388e-01  6.71874355e+01 
 2.09426997e-01 -5.18240259e+00  2.09426997e-01  6.69507055e+01 
 2.11852373e-01 -5.09787054e+00  2.11852373e-01  6.67120777e+01 
 2.14305837e-01 -5.01364222e+00  2.14305837e-01  6.64715538e+01 
 2.16787715e-01 -4.92972245e+00  2.16787715e-01  6.62291357e+01 
 2.19298335e-01 -4.84611610e+00  2.19298335e-01  6.59848260e+01 
 2.21838031e-01 -4.76282804e+00  2.21838031e-01  6.57386279e+01 
 2.24407140e-01 -4.67986320e+00  2.24407140e-01  6.54905450e+01 
 2.27006001e-01 -4.59722652e+00  2.27006001e-01  6.52405817e+01 
 2.29634959e-01 -4.51492297e+00  2.29634959e-01  6.49887430e+01 
 2.32294364e-01 -4.43295753e+00  2.32294364e-01  6.47350342e+01 
 2.34984567e-01 -4.35133522e+00  2.34984567e-01  6.44794617e+01 
 2.37705925e-01 -4.27006107e+00  2.37705925e-01  6.42220322e+01 
 2.40458800e-01 -4.18914013e+00  2.40458800e-01  6.39627532e+01 
 2.43243555e-01 -4.10857748e+00  2.43243555e-01  6.37016327e+01 
 2.46060561e-01 -4.02837817e+00  2.46060561e-01  6.34386795e+01 
 2.48910190e-01 -3.94854730e+00  2.48910190e-01  6.31739031e+01 
 2.51792821e-01 -3.86908997e+00  2.51792821e-01  6.29073136e+01 
 2.54708836e-01 -3.79001127e+00  2.54708836e-01  6.26389219e+01 
 2.57658622e-01 -3.71131632e+00  2.57658622e-01  6.23687394e+01 
 2.60642568e-01 -3.63301020e+00  2.60642568e-01  6.20967783e+01 
 2.63661072e-01 -3.55509803e+00  2.63661072e-01  6.18230518e+01 
 2.66714534e-01 -3.47758489e+00  2.66714534e-01  6.15475734e+01 
 2.69803357e-01 -3.40047588e+00  2.69803357e-01  6.12703576e+01 
 2.72927952e-01 -3.32377606e+00  2.72927952e-01  6.09914195e+01 
 2.76088733e-01 -3.24749051e+00  2.76088733e-01  6.07107751e+01 
 2.79286119e-01 -3.17162426e+00  2.79286119e-01  6.04284409e+01 
 2.82520534e-01 -3.09618233e+00  2.82520534e-01  6.01444345e+01 
 2.85792407e-01 -3.02116973e+00  2.85792407e-01  5.98587740e+01 
 2.89102171e-01 -2.94659143e+00  2.89102171e-01  5.95714783e+01 
 2.92450266e-01 -2.87245237e+00  2.92450266e-01  5.92825671e+01 
 2.95837135e-01 -2.79875746e+00  2.95837135e-01  5.89920609e+01 
 2.99263228e-01 -2.72551157e+00  2.99263228e-01  5.86999809e+01 
 3.02728998e-01 -2.65271952e+00  3.02728998e-01  5.84063491e+01 
 3.06234905e-01 -2.58038612e+00  3.06234905e-01  5.81111883e+01 
 3.09781414e-01 -2.50851609e+00  3.09781414e-01  5.78145220e+01 
 3.13368996e-01 -2.43711413e+00  3.13368996e-01  5.75163745e+01 
 3.16998125e-01 -2.36618488e+00  3.16998125e-01  5.72167709e+01 
 3.20669283e-01 -2.29573289e+00  3.20669283e-01  5.69157369e+01 
 3.24382957e-01 -2.22576270e+00  3.24382957e-01  5.66132992e+01 
 3.28139639e-01 -2.15627876e+00  3.28139639e-01  5.63094850e+01 
 3.31939827e-01 -2.08728543e+00  3.31939827e-01  5.60043224e+01 
 3.35784025e-01 -2.01878703e+00  3.35784025e-01  5.56978403e+01 
 3.39672743e-01 -1.95078780e+00  3.39672743e-01  5.53900680e+01 
 3.43606496e-01 -1.88329188e+00  3.43606496e-01  5.50810360e+01 
 3.47585805e-01 -1.81630335e+00  3.47585805e-01  5.47707750e+01 
 3.51611200e-01 -1.74982619e+00  3.51611200e-01  5.44593168e+01 
 3.55683212e-01 -1.68386429e+00  3.55683212e-01  5.41466937e+01 
 3.59802383e-01 -1.61842145e+00  3.59802383e-01  5.38329387e+01 
 3.63969257e-01 -1.55350138e+00  3.63969257e-01  5.35180855e+01 
 3.68184388e-01 -1.48910768e+00  3.68184388e-01  5.32021683e+01 
 3.72448335e-01 -1.42524384e+00  3.72448335e-01  5.28852222e+01 
 3.76761663e-01 -1.36191326e+00  3.76761663e-01  5.25672827e+01 
 3.81124943e-01 -1.29911921e+00  3.81124943e-01  5.22483859e+01 
 3.85538754e-01 -1.23686488e+00  3.85538754e-01  5.19285687e+01 
 3.90003682e-01 -1.17515331e+00  3.90003682e-01  5.16078683e+01 
 3.94520318e-01 -1.11398743e+00  3.94520318e-01  5.12863225e+01 
 3.99089261e-01 -1.05337006e+00  3.99089261e-01  5.09639699e+01 
 4.03711118e-01 -9.93303881e-01  4.03711118e-01  5.06408492e+01 
 4.08386500e-01 -9.33791453e-01  4.08386500e-01  5.03169998e+01 
 4.13116027e-01 -8.74835206e-01  4.13116027e-01  4.99924616e+01 
 4.17900328e-01 -8.16437436e-01  4.17900328e-01  4.96672748e+01 
 4.22740035e-01 -7.58600307e-01  4.22740035e-01  4.93414801e+01 
 4.27635791e-01 -7.01325842e-01  4.27635791e-01  4.90151186e+01 
 4.32588245e-01 -6.44615929e-01  4.32588245e-01  4.86882317e+01 
 4.37598053e-01 -5.88472312e-01  4.37598053e-01  4.83608612e+01 
 4.42665880e-01 -5.32896594e-01  4.42665880e-01  4.80330493e+01 
 4.47792398e-01 -4.77890234e-01  4.47792398e-01  4.77048381e+01 
 4.52978286e-01 -4.23454543e-01  4.52978286e-01  4.73762706e+01 
 4.58224231e-01 -3.69590687e-01  4.58224231e-01  4.70473893e+01 
 4.63530930e-01 -3.16299683e-01  4.63530930e-01  4.67182376e+01 
 4.68899086e-01 -2.63582397e-01  4.68899086e-01  4.63888586e+01 
 4.74329410e-01 -2.11439546e-01  4.74329410e-01  4.60592958e+01 
 4.79822623e-01 -1.59871695e-01  4.79822623e-01  4.57295926e+01 
 4.85379453e-01 -1.08879258e-01  4.85379453e-01  4.53997927e+01 
 4.91000637e-01 -5.84624960e-02  4.91000637e-01  4.50699398e+01 
 4.96686920e-01 -8.62151800e-03  4.96686920e-01  4.47400776e+01 
 5.02439056e-01  4.06437202e-02  5.02439056e-01  4.44102499e+01 
 5.08257807e-01  8.93334150e-02  5.08257807e-01  4.40805002e+01 
 5.14143945e-01  1.37447915e-01  5.14143945e-01  4.37508724e+01 
 5.20098251e-01  1.84987722e-01  5.20098251e-01  4.34214100e+01 
 5.26121513e-01  2.31953488e-01  5.26121513e-01  4.30921564e+01 
 5.32214531e-01  2.78346017e-01  5.32214531e-01  4.27631550e+01 
 5.38378112e-01  3.24166261e-01  5.38378112e-01  4.24344489e+01 
 5.44613074e-01  3.69415322e-01  5.44613074e-01  4.21060811e+01 
 5.50920243e-01  4.14094451e-01  5.50920243e-01  4.17780944e+01 
 5.57300455e-01  4.58205044e-01  5.57300455e-01  4.14505311e+01 
 5.63754556e-01  5.01748643e-01  5.63754556e-01  4.11234337e+01 
 5.70283403e-01  5.44726933e-01  5.70283403e-01  4.07968439e+01 
 5.76887860e-01  5.87141740e-01  5.76887860e-01  4.04708033e+01 
 5.83568804e-01  6.28995031e-01  5.83568804e-01  4.01453533e+01 
 5.90327119e-01  6.70288910e-01  5.90327119e-01  3.98205345e+01 
 5.97163703e-01  7.11025616e-01  5.97163703e-01  3.94963876e+01 
 6.04079461e-01  7.51207524e-01  6.04079461e-01  3.91729525e+01 
 6.11075310e-01  7.90837138e-01  6.11075310e-01  3.88502687e+01 
 6.18152179e-01  8.29917090e-01  6.18152179e-01  3.85283754e+01 
 6.25311005e-01  8.68450140e-01  6.25311005e-01  3.82073112e+01 
 6.32552737e-01  9.06439168e-01  6.32552737e-01  3.78871141e+01 
 6.39878336e-01  9.43887178e-01  6.39878336e-01  3.75678217e+01 
 6.47288773e-01  9.80797290e-01  6.47288773e-01  3.72494710e+01 
 6.54785030e-01  1.01717274e+00  6.54785030e-01  3.69320984e+01 
 6.62368101e-01  1.05301686e+00  6.62368101e-01  3.66157397e+01 
 6.70038992e-01  1.08833313e+00  6.70038992e-01  3.63004302e+01 
 6.77798719e-01  1.12312508e+00  6.77798719e-01  3.59862044e+01 
 6.85648312e-01  1.15739639e+00  6.85648312e-01  3.56730963e+01 
 6.93588812e-01  1.19115082e+00  6.93588812e-01  3.53611391e+01 
 7.01621270e-01  1.22439221e+00  7.01621270e-01  3.50503655e+01 
 7.09746752e-01  1.25712451e+00  7.09746752e-01  3.47408075e+01 
 7.17966335e-01  1.28935176e+00  7.17966335e-01  3.44324962e+01 
 7.26281110e-01  1.32107807e+00  7.26281110e-01  3.41254622e+01 
 7.34692178e-01  1.35230765e+00  7.34692178e-01  3.38197353e+01 
 7.43200655e-01  1.38304477e+00  7.43200655e-01  3.35153447e+01 
 7.51807668e-01  1.41329378e+00  7.51807668e-01  3.32123186e+01 
 7.60514359e-01  1.44305910e+00  7.60514359e-01  3.29106849e+01 
 7.69321883e-01  1.47234521e+00  7.69321883e-01  3.26104702e+01 
 7.78231406e-01  1.50115668e+00  7.78231406e-01  3.23117008e+01 
 7.87244111e-01  1.52949811e+00  7.87244111e-01  3.20144020e+01 
 7.96361192e-01  1.55737416e+00  7.96361192e-01  3.17185985e+01 
 8.05583858e-01  1.58478956e+00  8.05583858e-01  3.14243141e+01 
 8.14913332e-01  1.61174907e+00  8.14913332e-01  3.11315719e+01 
 8.24350851e-01  1.63825750e+00  8.24350851e-01  3.08403943e+01 
 8.33897665e-01  1.66431971e+00  8.33897665e-01  3.05508027e+01 
 8.43555041e-01  1.68994060e+00  8.43555041e-01  3.02628180e+01 
 8.53324260e-01  1.71512508e+00  8.53324260e-01  2.99764601e+01 
 8.63206616e-01  1.73987813e+00  8.63206616e-01  2.96917485e+01 
 8.73203419e-01  1.76420472e+00  8.73203419e-01  2.94087014e+01 
 8.83315996e-01  1.78810988e+00  8.83315996e-01  2.91273368e+01 
 8.93545686e-01  1.81159863e+00  8.93545686e-01  2.88476715e+01 
 9.03893847e-01  1.83467604e+00  9.03893847e-01  2.85697217e+01 
 9.14361849e-01  1.85734716e+00  9.14361849e-01  2.82935031e+01 
 9.24951082e-01  1.87961709e+00  9.24951082e-01  2.80190302e+01 
 9.35662949e-01  1.90149091e+00  9.35662949e-01  2.77463171e+01 
 9.46498870e-01  1.92297372e+00  9.46498870e-01  2.74753771e+01 
 9.57460281e-01  1.94407063e+00  9.57460281e-01  2.72062227e+01 
 9.68548637e-01  1.96478674e+00  9.68548637e-01  2.69388657e+01 
 9.79765408e-01  1.98512715e+00  9.79765408e-01  2.66733173e+01 
 9.91112080e-01  2.00509696e+00  9.91112080e-01  2.64095879e+01 
 1.00259016e+00  2.02470125e+00  1.00259016e+00  2.61476872e+01 
 1.01420116e+00  2.04394512e+00  1.01420116e+00  2.58876243e+01 
 1.02594664e+00  2.06283363e+00  1.02594664e+00  2.56294076e+01 
 1.03782813e+00  2.08137183e+00  1.03782813e+00  2.53730448e+01 
 1.04984723e+00  2.09956477e+00  1.04984723e+00  2.51185429e+01 
 1.06200552e+00  2.11741747e+00  1.06200552e+00  2.48659084e+01 
 1.07430462e+00  2.13493493e+00  1.07430462e+00  2.46151471e+01 
 1.08674615e+00  2.15212212e+00  1.08674615e+00  2.43662642e+01 
 1.09933176e+00  2.16898400e+00  1.09933176e+00  2.41192642e+01 
 1.11206313e+00  2.18552550e+00  1.11206313e+00  2.38741511e+01 
 1.12494195e+00  2.20175152e+00  1.12494195e+00  2.36309284e+01 
 1.13796991e+00  2.21766693e+00  1.13796991e+00  2.33895987e+01 
 1.15114875e+00  2.23327656e+00  1.15114875e+00  2.31501645e+01 
 1.16448021e+00  2.24858522e+00  1.16448021e+00  2.29126273e+01 
 1.17796607e+00  2.26359768e+00  1.17796607e+00  2.26769884e+01 
 1.19160810e+00  2.27831868e+00  1.19160810e+00  2.24432484e+01 
 1.20540813e+00  2.29275292e+00  1.20540813e+00  2.22114074e+01 
 1.21936797e+00  2.30690504e+00  1.21936797e+00  2.19814651e+01 
 1.23348948e+00  2.32077969e+00  1.23348948e+00  2.17534205e+01 
 1.24777453e+00  2.33438142e+00  1.24777453e+00  2.15272725e+01 
 1.26222502e+00  2.34771478e+00  1.26222502e+00  2.13030191e+01 
 1.27684286e+00  2.36078426e+00  1.27684286e+00  2.10806582e+01 
 1.29162999e+00  2.37359432e+00  1.29162999e+00  2.08601870e+01 
 1.30658837e+00  2.38614936e+00  1.30658837e+00  2.06416024e+01 
 1.32171998e+00  2.39845374e+00  1.32171998e+00  2.04249009e+01 
 1.33702683e+00  2.41051177e+00  1.33702683e+00  2.02100785e+01 
 1.35251095e+00  2.42232773e+00  1.35251095e+00  1.99971311e+01 
 1.36817439e+00  2.43390583e+00  1.36817439e+00  1.97860537e+01 
 1.38401923e+00  2.44525024e+00  1.38401923e+00  1.95768414e+01 
 1.40004757e+00  2.45636509e+00  1.40004757e+00  1.93694888e+01 
 1.41626153e+00  2.46725446e+00  1.41626153e+00  1.91639901e+01 
 1.43266327e+00  2.47792236e+00  1.43266327e+00  1.89603391e+01 
 1.44925496e+00  2.48837278e+00  1.44925496e+00  1.87585295e+01 
 1.46603879e+00  2.49860964e+00  1.46603879e+00  1.85585546e+01 
 1.48301700e+00  2.50863681e+00  1.48301700e+00  1.83604073e+01 
 1.50019183e+00  2.51845813e+00  1.50019183e+00  1.81640803e+01 
 1.51756557e+00  2.52807736e+00  1.51756557e+00  1.79695661e+01 
 1.53514051e+00  2.53749823e+00  1.53514051e+00  1.77768566e+01 
 1.55291899e+00  2.54672441e+00  1.55291899e+00  1.75859440e+01 
 1.57090335e+00  2.55575953e+00  1.57090335e+00  1.73968198e+01 
 1.58909600e+00  2.56460715e+00  1.58909600e+00  1.72094754e+01 
 1.60749933e+00  2.57327080e+00  1.60749933e+00  1.70239019e+01 
 1.62611580e+00  2.58175394e+00  1.62611580e+00  1.68400905e+01 
 1.64494786e+00  2.59006000e+00  1.64494786e+00  1.66580318e+01 
 1.66399802e+00  2.59819234e+00  1.66399802e+00  1.64777164e+01 
 1.68326879e+00  2.60615428e+00  1.68326879e+00  1.62991347e+01 
 1.70276274e+00  2.61394909e+00  1.70276274e+00  1.61222768e+01 
 1.72248245e+00  2.62157999e+00  1.72248245e+00  1.59471329e+01 
 1.74243054e+00  2.62905013e+00  1.74243054e+00  1.57736928e+01 
 1.76260964e+00  2.63636265e+00  1.76260964e+00  1.56019462e+01 
 1.78302244e+00  2.64352061e+00  1.78302244e+00  1.54318827e+01 
 1.80367164e+00  2.65052702e+00  1.80367164e+00  1.52634917e+01 
 1.82455997e+00  2.65738487e+00  1.82455997e+00  1.50967626e+01 
 1.84569022e+00  2.66409708e+00  1.84569022e+00  1.49316845e+01 
 1.86706517e+00  2.67066651e+00  1.86706517e+00  1.47682465e+01 
 1.88868767e+00  2.67709600e+00  1.88868767e+00  1.46064375e+01 
 1.91056058e+00  2.68338832e+00  1.91056058e+00  1.44462465e+01 
 1.93268680e+00  2.68954622e+00  1.93268680e+00  1.42876623e+01 
 1.95506926e+00  2.69557237e+00  1.95506926e+00  1.41306734e+01 
 1.97771094e+00  2.70146942e+00  1.97771094e+00  1.39752686e+01 
 2.00061483e+00  2.70723997e+00  2.00061483e+00  1.38214364e+01 
 2.02378396e+00  2.71288657e+00  2.02378396e+00  1.36691652e+01 
 2.04722142e+00  2.71841172e+00  2.04722142e+00  1.35184435e+01 
 2.07093031e+00  2.72381788e+00  2.07093031e+00  1.33692596e+01 
 2.09491378e+00  2.72910748e+00  2.09491378e+00  1.32216018e+01 
 2.11917499e+00  2.73428288e+00  2.11917499e+00  1.30754585e+01 
 2.14371718e+00  2.73934643e+00  2.14371718e+00  1.29308178e+01 
 2.16854358e+00  2.74430042e+00  2.16854358e+00  1.27876679e+01 
 2.19365751e+00  2.74914709e+00  2.19365751e+00  1.26459971e+01 
 2.21906227e+00  2.75388865e+00  2.21906227e+00  1.25057933e+01 
 2.24476125e+00  2.75852727e+00  2.24476125e+00  1.23670449e+01 
 2.27075785e+00  2.76306509e+00  2.27075785e+00  1.22297399e+01 
 2.29705552e+00  2.76750418e+00  2.29705552e+00  1.20938664e+01 
 2.32365774e+00  2.77184660e+00  2.32365774e+00  1.19594124e+01 
 2.35056804e+00  2.77609436e+00  2.35056804e+00  1.18263662e+01 
 2.37778999e+00  2.78024943e+00  2.37778999e+00  1.16947157e+01 
 2.40532720e+00  2.78431376e+00  2.40532720e+00  1.15644492e+01 
 2.43318331e+00  2.78828924e+00  2.43318331e+00  1.14355546e+01 
 2.46136203e+00  2.79217773e+00  2.46136203e+00  1.13080202e+01 
 2.48986709e+00  2.79598106e+00  2.48986709e+00  1.11818341e+01 
 2.51870226e+00  2.79970103e+00  2.51870226e+00  1.10569845e+01 
 2.54787137e+00  2.80333939e+00  2.54787137e+00  1.09334595e+01 
 2.57737829e+00  2.80689786e+00  2.57737829e+00  1.08112473e+01 
 2.60722693e+00  2.81037815e+00  2.60722693e+00  1.06903363e+01 
 2.63742125e+00  2.81378190e+00  2.63742125e+00  1.05707146e+01 
 2.66796525e+00  2.81711074e+00  2.66796525e+00  1.04523707e+01 
 2.69886298e+00  2.82036626e+00  2.69886298e+00  1.03352928e+01 
 2.73011854e+00  2.82355003e+00  2.73011854e+00  1.02194693e+01 
 2.76173606e+00  2.82666358e+00  2.76173606e+00  1.01048887e+01 
 2.79371975e+00  2.82970840e+00  2.79371975e+00  9.99153938e+00 
 2.82607385e+00  2.83268596e+00  2.82607385e+00  9.87940995e+00 
 2.85880263e+00  2.83559772e+00  2.85880263e+00  9.76848895e+00 
 2.89191045e+00  2.83844507e+00  2.89191045e+00  9.65876499e+00 
 2.92540169e+00  2.84122941e+00  2.92540169e+00  9.55022675e+00 
 2.95928080e+00  2.84395208e+00  2.95928080e+00  9.44286295e+00 
 2.99355225e+00  2.84661442e+00  2.99355225e+00  9.33666238e+00 
 3.02822061e+00  2.84921773e+00  3.02822061e+00  9.23161386e+00 
 3.06329046e+00  2.85176328e+00  3.06329046e+00  9.12770631e+00 
 3.09876645e+00  2.85425232e+00  3.09876645e+00  9.02492867e+00 
 3.13465329e+00  2.85668607e+00  3.13465329e+00  8.92326996e+00 
 3.17095574e+00  2.85906574e+00  3.17095574e+00  8.82271928e+00 
 3.20767861e+00  2.86139249e+00  3.20767861e+00  8.72326575e+00 
 3.24482676e+00  2.86366748e+00  3.24482676e+00  8.62489860e+00 
 3.28240513e+00  2.86589182e+00  3.28240513e+00  8.52760710e+00 
 3.32041869e+00  2.86806663e+00  3.32041869e+00  8.43138060e+00 
 3.35887249e+00  2.87019298e+00  3.35887249e+00  8.33620850e+00 
 3.39777162e+00  2.87227193e+00  3.39777162e+00  8.24208030e+00 
 3.43712125e+00  2.87430451e+00  3.43712125e+00  8.14898555e+00 
 3.47692658e+00  2.87629174e+00  3.47692658e+00  8.05691386e+00 
 3.51719290e+00  2.87823461e+00  3.51719290e+00  7.96585493e+00 
 3.55792554e+00  2.88013408e+00  3.55792554e+00  7.87579853e+00 
 3.59912991e+00  2.88199112e+00  3.59912991e+00  7.78673450e+00 
 3.64081146e+00  2.88380665e+00  3.64081146e+00  7.69865275e+00 
 3.68297573e+00  2.88558157e+00  3.68297573e+00  7.61154327e+00 
 3.72562831e+00  2.88731680e+00  3.72562831e+00  7.52539612e+00 
 3.76877484e+00  2.88901318e+00  3.76877484e+00  7.44020144e+00 
 3.81242106e+00  2.89067159e+00  3.81242106e+00  7.35594943e+00 
 3.85657274e+00  2.89229286e+00  3.85657274e+00  7.27263039e+00 
 3.90123574e+00  2.89387780e+00  3.90123574e+00  7.19023468e+00 
 3.94641599e+00  2.89542722e+00  3.94641599e+00  7.10875273e+00 
 3.99211947e+00  2.89694190e+00  3.99211947e+00  7.02817506e+00 
 4.03835224e+00  2.89842261e+00  4.03835224e+00  6.94849227e+00 
 4.08512043e+00  2.89987009e+00  4.08512043e+00  6.86969501e+00 
 4.13243025e+00  2.90128509e+00  4.13243025e+00  6.79177404e+00 
 4.18028796e+00  2.90266832e+00  4.18028796e+00  6.71472018e+00 
 4.22869991e+00  2.90402049e+00  4.22869991e+00  6.63852432e+00 
 4.27767252e+00  2.90534228e+00  4.27767252e+00  6.56317744e+00 
 4.32721228e+00  2.90663437e+00  4.32721228e+00  6.48867060e+00 
 4.37732577e+00  2.90789741e+00  4.37732577e+00  6.41499492e+00 
 4.42801962e+00  2.90913206e+00  4.42801962e+00  6.34214161e+00 
 4.47930055e+00  2.91033893e+00  4.47930055e+00  6.27010195e+00 
 4.53117537e+00  2.91151866e+00  4.53117537e+00  6.19886730e+00 
 4.58365095e+00  2.91267184e+00  4.58365095e+00  6.12842910e+00 
 4.63673425e+00  2.91379906e+00  4.63673425e+00  6.05877886e+00 
 4.69043232e+00  2.91490090e+00  4.69043232e+00  5.98990816e+00 
 4.74475225e+00  2.91597793e+00  4.74475225e+00  5.92180869e+00 
 4.79970127e+00  2.91703069e+00  4.79970127e+00  5.85447216e+00 
 4.85528665e+00  2.91805974e+00  4.85528665e+00  5.78789041e+00 
 4.91151577e+00  2.91906560e+00  4.91151577e+00  5.72205532e+00 
 4.96839608e+00  2.92004878e+00  4.96839608e+00  5.65695885e+00 
 5.02593512e+00  2.92100979e+00  5.02593512e+00  5.59259306e+00 
 5.08414052e+00  2.92194913e+00  5.08414052e+00  5.52895005e+00 
 5.14302000e+00  2.92286728e+00  5.14302000e+00  5.46602202e+00 
 5.20258136e+00  2.92376472e+00  5.20258136e+00  5.40380122e+00 
 5.26283250e+00  2.92464191e+00  5.26283250e+00  5.34228001e+00 
 5.32378141e+00  2.92549930e+00  5.32378141e+00  5.28145078e+00 
 5.38543617e+00  2.92633733e+00  5.38543617e+00  5.22130602e+00 
 5.44780495e+00  2.92715644e+00  5.44780495e+00  5.16183828e+00 
 5.51089603e+00  2.92795705e+00  5.51089603e+00  5.10304020e+00 
 5.57471776e+00  2.92873958e+00  5.57471776e+00  5.04490448e+00 
 5.63927862e+00  2.92950443e+00  5.63927862e+00  4.98742388e+00 
 5.70458716e+00  2.93025200e+00  5.70458716e+00  4.93059124e+00 
 5.77065203e+00  2.93098267e+00  5.77065203e+00  4.87439948e+00 
 5.83748200e+00  2.93169683e+00  5.83748200e+00  4.81884159e+00 
 5.90508593e+00  2.93239485e+00  5.90508593e+00  4.76391060e+00 
 5.97347279e+00  2.93307708e+00  5.97347279e+00  4.70959965e+00 
 6.04265163e+00  2.93374388e+00  6.04265163e+00  4.65590192e+00 
 6.11263163e+00  2.93439561e+00  6.11263163e+00  4.60281067e+00 
 6.18342207e+00  2.93503259e+00  6.18342207e+00  4.55031922e+00 
 6.25503234e+00  2.93565516e+00  6.25503234e+00  4.49842097e+00 
 6.32747192e+00  2.93626364e+00  6.32747192e+00  4.44710938e+00 
 6.40075043e+00  2.93685835e+00  6.40075043e+00  4.39637798e+00 
 6.47487758e+00  2.93743960e+00  6.47487758e+00  4.34622035e+00 
 6.54986319e+00  2.93800770e+00  6.54986319e+00  4.29663015e+00 
 6.62571722e+00  2.93856293e+00  6.62571722e+00  4.24760110e+00 
 6.70244971e+00  2.93910560e+00  6.70244971e+00  4.19912700e+00 
 6.78007084e+00  2.93963597e+00  6.78007084e+00  4.15120169e+00 
 6.85859090e+00  2.94015434e+00  6.85859090e+00  4.10381908e+00 
 6.93802030e+00  2.94066096e+00  6.93802030e+00  4.05697316e+00 
 7.01836957e+00  2.94115610e+00  7.01836957e+00  4.01065796e+00 
 7.09964937e+00  2.94164003e+00  7.09964937e+00  3.96486758e+00 
 7.18187048e+00  2.94211300e+00  7.18187048e+00  3.91959619e+00 
 7.26504378e+00  2.94257524e+00  7.26504378e+00  3.87483801e+00 
 7.34918032e+00  2.94302701e+00  7.34918032e+00  3.83058732e+00 
 7.43429124e+00  2.94346855e+00  7.43429124e+00  3.78683847e+00 
 7.52038784e+00  2.94390007e+00  7.52038784e+00  3.74358586e+00 
 7.60748151e+00  2.94432181e+00  7.60748151e+00  3.70082396e+00 
 7.69558382e+00  2.94473399e+00  7.69558382e+00  3.65854728e+00 
 7.78470645e+00  2.94513683e+00  7.78470645e+00  3.61675040e+00 
 7.87486120e+00  2.94553053e+00  7.87486120e+00  3.57542796e+00 
 7.96606004e+00  2.94591530e+00  7.96606004e+00  3.53457466e+00 
 8.05831505e+00  2.94629135e+00  8.05831505e+00  3.49418524e+00 
 8.15163847e+00  2.94665886e+00  8.15163847e+00  3.45425450e+00 
 8.24604267e+00  2.94701804e+00  8.24604267e+00  3.41477732e+00 
 8.34154016e+00  2.94736908e+00  8.34154016e+00  3.37574859e+00 
 8.43814361e+00  2.94771215e+00  8.43814361e+00  3.33716331e+00 
 8.53586583e+00  2.94804743e+00  8.53586583e+00  3.29901648e+00 
 8.63471977e+00  2.94837511e+00  8.63471977e+00  3.26130318e+00 
 8.73471853e+00  2.94869535e+00  8.73471853e+00  3.22401856e+00 
 8.83587539e+00  2.94900833e+00  8.83587539e+00  3.18715778e+00 
 8.93820374e+00  2.94931420e+00  8.93820374e+00  3.15071608e+00 
 9.04171716e+00  2.94961313e+00  9.04171716e+00  3.11468876e+00 
 9.14642936e+00  2.94990527e+00  9.14642936e+00  3.07907114e+00 
 9.25235424e+00  2.95019079e+00  9.25235424e+00  3.04385861e+00 
 9.35950584e+00  2.95046982e+00  9.35950584e+00  3.00904662e+00 
 9.46789836e+00  2.95074252e+00  9.46789836e+00  2.97463065e+00 
 9.57754617e+00  2.95100902e+00  9.57754617e+00  2.94060623e+00 
 9.68846382e+00  2.95126948e+00  9.68846382e+00  2.90696896e+00 
 9.80066601e+00  2.95152402e+00  9.80066601e+00  2.87371446e+00 
 9.91416761e+00  2.95177278e+00  9.91416761e+00  2.84083841e+00 
 1.00289837e+01  2.95201589e+00  1.00289837e+01  2.80833654e+00 
 1.01451294e+01  2.95225349e+00  1.01451294e+01  2.77620463e+00 
 1.02626203e+01  2.95248568e+00  1.02626203e+01  2.74443849e+00 
 1.03814717e+01  2.95271260e+00  1.03814717e+01  2.71303399e+00 
 1.05016997e+01  2.95293437e+00  1.05016997e+01  2.68198705e+00 
 1.06233199e+01  2.95315110e+00  1.06233199e+01  2.65129362e+00 
 1.07463487e+01  2.95336291e+00  1.07463487e+01  2.62094971e+00 
 1.08708023e+01  2.95356991e+00  1.08708023e+01  2.59095134e+00 
 1.09966971e+01  2.95377220e+00  1.09966971e+01  2.56129462e+00 
 1.11240500e+01  2.95396990e+00  1.11240500e+01  2.53197568e+00 
 1.12528777e+01  2.95416311e+00  1.12528777e+01  2.50299069e+00 
 1.13831974e+01  2.95435193e+00  1.13831974e+01  2.47433586e+00 
 1.15150263e+01  2.95453645e+00  1.15150263e+01  2.44600746e+00 
 1.16483819e+01  2.95471679e+00  1.16483819e+01  2.41800178e+00 
 1.17832819e+01  2.95489303e+00  1.17832819e+01  2.39031516e+00 
 1.19197442e+01  2.95506526e+00  1.19197442e+01  2.36294399e+00 
 1.20577869e+01  2.95523358e+00  1.20577869e+01  2.33588469e+00 
 1.21974282e+01  2.95539807e+00  1.21974282e+01  2.30913371e+00 
 1.23386867e+01  2.95555883e+00  1.23386867e+01  2.28268755e+00 
 1.24815812e+01  2.95571593e+00  1.24815812e+01  2.25654276e+00 
 1.26261305e+01  2.95586946e+00  1.26261305e+01  2.23069591e+00 
 1.27723538e+01  2.95601950e+00  1.27723538e+01  2.20514362e+00 
 1.29202705e+01  2.95616614e+00  1.29202705e+01  2.17988253e+00 
 1.30699003e+01  2.95630944e+00  1.30699003e+01  2.15490935e+00 
 1.32212629e+01  2.95644948e+00  1.32212629e+01  2.13022079e+00 
 1.33743785e+01  2.95658634e+00  1.33743785e+01  2.10581362e+00 
 1.35292673e+01  2.95672009e+00  1.35292673e+01  2.08168463e+00 
 1.36859499e+01  2.95685080e+00  1.36859499e+01  2.05783067e+00 
 1.38444470e+01  2.95697854e+00  1.38444470e+01  2.03424861e+00 
 1.40047796e+01  2.95710337e+00  1.40047796e+01  2.01093534e+00 
 1.41669691e+01  2.95722537e+00  1.41669691e+01  1.98788781e+00 
 1.43310369e+01  2.95734459e+00  1.43310369e+01  1.96510299e+00 
 1.44970048e+01  2.95746110e+00  1.44970048e+01  1.94257790e+00 
 1.46648947e+01  2.95757497e+00  1.46648947e+01  1.92030956e+00 
 1.48347290e+01  2.95768624e+00  1.48347290e+01  1.89829506e+00 
 1.50065301e+01  2.95779499e+00  1.50065301e+01  1.87653150e+00 
 1.51803209e+01  2.95790126e+00  1.51803209e+01  1.85501603e+00 
 1.53561243e+01  2.95800512e+00  1.53561243e+01  1.83374581e+00 
 1.55339637e+01  2.95810661e+00  1.55339637e+01  1.81271804e+00 
 1.57138627e+01  2.95820580e+00  1.57138627e+01  1.79192997e+00 
 1.58958451e+01  2.95830274e+00  1.58958451e+01  1.77137885e+00 
 1.60799350e+01  2.95839747e+00  1.60799350e+01  1.75106199e+00 
 1.62661569e+01  2.95849004e+00  1.62661569e+01  1.73097671e+00 
 1.64545354e+01  2.95858051e+00  1.64545354e+01  1.71112036e+00 
 1.66450955e+01  2.95866893e+00  1.66450955e+01  1.69149034e+00 
 1.68378625e+01  2.95875533e+00  1.68378625e+01  1.67208406e+00 
 1.70328619e+01  2.95883977e+00  1.70328619e+01  1.65289896e+00 
 1.72301197e+01  2.95892229e+00  1.72301197e+01  1.63393251e+00 
 1.74296618e+01  2.95900293e+00  1.74296618e+01  1.61518223e+00 
 1.76315149e+01  2.95908174e+00  1.76315149e+01  1.59664563e+00 
 1.78357056e+01  2.95915876e+00  1.78357056e+01  1.57832028e+00 
 1.80422611e+01  2.95923403e+00  1.80422611e+01  1.56020376e+00 
 1.82512087e+01  2.95930758e+00  1.82512087e+01  1.54229369e+00 
 1.84625761e+01  2.95937947e+00  1.84625761e+01  1.52458769e+00 
 1.86763914e+01  2.95944971e+00  1.86763914e+01  1.50708345e+00 
 1.88926828e+01  2.95951836e+00  1.88926828e+01  1.48977865e+00 
 1.91114791e+01  2.95958545e+00  1.91114791e+01  1.47267101e+00 
 1.93328093e+01  2.95965102e+00  1.93328093e+01  1.45575827e+00 
 1.95567028e+01  2.95971509e+00  1.95567028e+01  1.43903820e+00 
 1.97831891e+01  2.95977771e+00  1.97831891e+01  1.42250861e+00 
 2.00122984e+01  2.95983890e+00  2.00122984e+01  1.40616729e+00 
 2.02440610e+01  2.95989870e+00  2.02440610e+01  1.39001211e+00 
 2.04785077e+01  2.95995715e+00  2.04785077e+01  1.37404093e+00 
 2.07156695e+01  2.96001426e+00  2.07156695e+01  1.35825164e+00 
 2.09555778e+01  2.96007007e+00  2.09555778e+01  1.34264215e+00 
 2.11982645e+01  2.96012462e+00  2.11982645e+01  1.32721041e+00 
 2.14437618e+01  2.96017792e+00  2.14437618e+01  1.31195438e+00 
 2.16921022e+01  2.96023002e+00  2.16921022e+01  1.29687205e+00 
 2.19433187e+01  2.96028092e+00  2.19433187e+01  1.28196142e+00 
 2.21974444e+01  2.96033067e+00  2.21974444e+01  1.26722053e+00 
 2.24545132e+01  2.96037929e+00  2.24545132e+01  1.25264742e+00 
 2.27145591e+01  2.96042681e+00  2.27145591e+01  1.23824018e+00 
 2.29776167e+01  2.96047324e+00  2.29776167e+01  1.22399689e+00 
 2.32437206e+01  2.96051862e+00  2.32437206e+01  1.20991569e+00 
 2.35129064e+01  2.96056297e+00  2.35129064e+01  1.19599471e+00 
 2.37852095e+01  2.96060630e+00  2.37852095e+01  1.18223210e+00 
 2.40606663e+01  2.96064866e+00  2.40606663e+01  1.16862606e+00 
 2.43393131e+01  2.96069005e+00  2.43393131e+01  1.15517478e+00 
 2.46211869e+01  2.96073049e+00  2.46211869e+01  1.14187648e+00 
 2.49063250e+01  2.96077002e+00  2.49063250e+01  1.12872942e+00 
 2.51947654e+01  2.96080865e+00  2.51947654e+01  1.11573184e+00 
 2.54865462e+01  2.96084641e+00  2.54865462e+01  1.10288204e+00 
 2.57817061e+01  2.96088330e+00  2.57817061e+01  1.09017831e+00 
 2.60802843e+01  2.96091935e+00  2.60802843e+01  1.07761898e+00 
 2.63823203e+01  2.96095459e+00  2.63823203e+01  1.06520238e+00 
 2.66878542e+01  2.96098902e+00  2.66878542e+01  1.05292687e+00 
 2.69969265e+01  2.96102267e+00  2.69969265e+01  1.04079084e+00 
 2.73095781e+01  2.96105556e+00  2.73095781e+01  1.02879266e+00 
 2.76258506e+01  2.96108770e+00  2.76258506e+01  1.01693077e+00 
 2.79457858e+01  2.96111910e+00  2.79457858e+01  1.00520359e+00 
 2.82694262e+01  2.96114980e+00  2.82694262e+01  9.93609562e-01 
 2.85968147e+01  2.96117979e+00  2.85968147e+01  9.82147162e-01 
 2.89279946e+01  2.96120910e+00  2.89279946e+01  9.70814871e-01 
 2.92630100e+01  2.96123775e+00  2.92630100e+01  9.59611191e-01 
 2.96019052e+01  2.96126575e+00  2.96019052e+01  9.48534638e-01 
 2.99447251e+01  2.96129311e+00  2.99447251e+01  9.37583748e-01 
 3.02915152e+01  2.96131984e+00  3.02915152e+01  9.26757073e-01 
 3.06423215e+01  2.96134597e+00  3.06423215e+01  9.16053179e-01 
 3.09971905e+01  2.96137151e+00  3.09971905e+01  9.05470650e-01 
 3.13561693e+01  2.96139646e+00  3.13561693e+01  8.95008087e-01 
 3.17193054e+01  2.96142085e+00  3.17193054e+01  8.84664105e-01 
 3.20866469e+01  2.96144468e+00  3.20866469e+01  8.74437335e-01 
 3.24582427e+01  2.96146797e+00  3.24582427e+01  8.64326424e-01 
 3.28341419e+01  2.96149073e+00  3.28341419e+01  8.54330034e-01 
 3.32143943e+01  2.96151298e+00  3.32143943e+01  8.44446841e-01 
 3.35990505e+01  2.96153471e+00  3.35990505e+01  8.34675538e-01 
 3.39881614e+01  2.96155596e+00  3.39881614e+01  8.25014832e-01 
 3.43817786e+01  2.96157672e+00  3.43817786e+01  8.15463444e-01 
 3.47799543e+01  2.96159701e+00  3.47799543e+01  8.06020109e-01 
 3.51827413e+01  2.96161684e+00  3.51827413e+01  7.96683578e-01 
 3.55901929e+01  2.96163621e+00  3.55901929e+01  7.87452615e-01 
 3.60023633e+01  2.96165515e+00  3.60023633e+01  7.78325998e-01 
 3.64193070e+01  2.96167365e+00  3.64193070e+01  7.69302518e-01 
 3.68410793e+01  2.96169174e+00  3.68410793e+01  7.60380982e-01 
 3.72677361e+01  2.96170941e+00  3.72677361e+01  7.51560207e-01 
 3.76993341e+01  2.96172668e+00  3.76993341e+01  7.42839026e-01 
 3.81359304e+01  2.96174356e+00  3.81359304e+01  7.34216285e-01 
 3.85775830e+01  2.96176006e+00  3.85775830e+01  7.25690842e-01 
 3.90243503e+01  2.96177618e+00  3.90243503e+01  7.17261568e-01 
 3.94762917e+01  2.96179193e+00  3.94762917e+01  7.08927347e-01 
 3.99334670e+01  2.96180733e+00  3.99334670e+01  7.00687075e-01 
 4.03959368e+01  2.96182237e+00  4.03959368e+01  6.92539661e-01 
 4.08637625e+01  2.96183708e+00  4.08637625e+01  6.84484026e-01 
 4.13370061e+01  2.96185145e+00  4.13370061e+01  6.76519104e-01 
 4.18157303e+01  2.96186549e+00  4.18157303e+01  6.68643840e-01 
 4.22999987e+01  2.96187921e+00  4.22999987e+01  6.60857190e-01 
 4.27898753e+01  2.96189262e+00  4.27898753e+01  6.53158125e-01 
 4.32854253e+01  2.96190573e+00  4.32854253e+01  6.45545623e-01 
 4.37867142e+01  2.96191854e+00  4.37867142e+01  6.38018677e-01 
 4.42938085e+01  2.96193105e+00  4.42938085e+01  6.30576290e-01 
 4.48067755e+01  2.96194328e+00  4.48067755e+01  6.23217476e-01 
 4.53256831e+01  2.96195524e+00  4.53256831e+01  6.15941260e-01 
 4.58506003e+01  2.96196692e+00  4.58506003e+01  6.08746680e-01 
 4.63815965e+01  2.96197834e+00  4.63815965e+01  6.01632781e-01 
 4.69187422e+01  2.96198949e+00  4.69187422e+01  5.94598621e-01 
 4.74621085e+01  2.96200040e+00  4.74621085e+01  5.87643270e-01 
 4.80117676e+01  2.96201105e+00  4.80117676e+01  5.80765805e-01 
 4.85677923e+01  2.96202146e+00  4.85677923e+01  5.73965315e-01 
 4.91302564e+01  2.96203164e+00  4.91302564e+01  5.67240900e-01 
 4.96992343e+01  2.96204159e+00  4.96992343e+01  5.60591669e-01 
 5.02748016e+01  2.96205130e+00  5.02748016e+01  5.54016741e-01 
 5.08570345e+01  2.96206080e+00  5.08570345e+01  5.47515245e-01 
 5.14460103e+01  2.96207008e+00  5.14460103e+01  5.41086319e-01 
 5.20418070e+01  2.96207915e+00  5.20418070e+01  5.34729113e-01 
 5.26445036e+01  2.96208802e+00  5.26445036e+01  5.28442783e-01 
 5.32541801e+01  2.96209668e+00  5.32541801e+01  5.22226497e-01 
 5.38709172e+01  2.96210514e+00  5.38709172e+01  5.16079432e-01 
 5.44947968e+01  2.96211342e+00  5.44947968e+01  5.10000772e-01 
 5.51259015e+01  2.96212150e+00  5.51259015e+01  5.03989713e-01 
 5.57643151e+01  2.96212940e+00  5.57643151e+01  4.98045459e-01 
 5.64101221e+01  2.96213712e+00  5.64101221e+01  4.92167221e-01 
 5.70634082e+01  2.96214467e+00  5.70634082e+01  4.86354220e-01 
 5.77242601e+01  2.96215204e+00  5.77242601e+01  4.80605688e-01 
 5.83927652e+01  2.96215925e+00  5.83927652e+01  4.74920861e-01 
 5.90690124e+01  2.96216629e+00  5.90690124e+01  4.69298987e-01 
 5.97530911e+01  2.96217317e+00  5.97530911e+01  4.63739320e-01 
 6.04450922e+01  2.96217989e+00  6.04450922e+01  4.58241125e-01 
 6.11451073e+01  2.96218647e+00  6.11451073e+01  4.52803672e-01 
 6.18532294e+01  2.96219289e+00  6.18532294e+01  4.47426242e-01 
 6.25695522e+01  2.96219917e+00  6.25695522e+01  4.42108121e-01 
 6.32941707e+01  2.96220530e+00  6.32941707e+01  4.36848604e-01 
 6.40271811e+01  2.96221129e+00  6.40271811e+01  4.31646995e-01 
 6.47686804e+01  2.96221715e+00  6.47686804e+01  4.26502605e-01 
 6.55187671e+01  2.96222287e+00  6.55187671e+01  4.21414752e-01 
 6.62775405e+01  2.96222847e+00  6.62775405e+01  4.16382761e-01 
 6.70451013e+01  2.96223393e+00  6.70451013e+01  4.11405967e-01 
 6.78215512e+01  2.96223928e+00  6.78215512e+01  4.06483708e-01 
 6.86069932e+01  2.96224450e+00  6.86069932e+01  4.01615333e-01 
 6.94015314e+01  2.96224960e+00  6.94015314e+01  3.96800197e-01 
 7.02052711e+01  2.96225458e+00  7.02052711e+01  3.92037662e-01 
 7.10183190e+01  2.96225946e+00  7.10183190e+01  3.87327096e-01 
 7.18407828e+01  2.96226422e+00  7.18407828e+01  3.82667876e-01 
 7.26727715e+01  2.96226887e+00  7.26727715e+01  3.78059383e-01 
 7.35143955e+01  2.96227342e+00  7.35143955e+01  3.73501008e-01 
 7.43657664e+01  2.96227786e+00  7.43657664e+01  3.68992145e-01 
 7.52269970e+01  2.96228220e+00  7.52269970e+01  3.64532198e-01 
 7.60982015e+01  2.96228644e+00  7.60982015e+01  3.60120574e-01 
 7.69794955e+01  2.96229059e+00  7.69794955e+01  3.55756691e-01 
 7.78709957e+01  2.96229464e+00  7.78709957e+01  3.51439968e-01 
 7.87728204e+01  2.96229860e+00  7.87728204e+01  3.47169835e-01 
 7.96850891e+01  2.96230247e+00  7.96850891e+01  3.42945725e-01 
 8.06079229e+01  2.96230625e+00  8.06079229e+01  3.38767078e-01 
 8.15414439e+01  2.96230995e+00  8.15414439e+01  3.34633341e-01 
 8.24857761e+01  2.96231356e+00  8.24857761e+01  3.30543965e-01 
 8.34410446e+01  2.96231709e+00  8.34410446e+01  3.26498409e-01 
 8.44073761e+01  2.96232053e+00  8.44073761e+01  3.22496136e-01 
 8.53848987e+01  2.96232390e+00  8.53848987e+01  3.18536616e-01 
 8.63737419e+01  2.96232720e+00  8.63737419e+01  3.14619324e-01 
 8.73740370e+01  2.96233041e+00  8.73740370e+01  3.10743741e-01 
 8.83859165e+01  2.96233356e+00  8.83859165e+01  3.06909353e-01 
 8.94095146e+01  2.96233663e+00  8.94095146e+01  3.03115652e-01 
 9.04449670e+01  2.96233963e+00  9.04449670e+01  2.99362136e-01 
 9.14924110e+01  2.96234257e+00  9.14924110e+01  2.95648305e-01 
 9.25519854e+01  2.96234543e+00  9.25519854e+01  2.91973670e-01 
 9.36238307e+01  2.96234824e+00  9.36238307e+01  2.88337741e-01 
 9.47080892e+01  2.96235097e+00  9.47080892e+01  2.84740038e-01 
 9.58049044e+01  2.96235365e+00  9.58049044e+01  2.81180083e-01 
 9.69144218e+01  2.96235626e+00  9.69144218e+01  2.77657405e-01 
 9.80367886e+01  2.96235882e+00  9.80367886e+01  2.74171537e-01 
 9.91721535e+01  2.96236131e+00  9.91721535e+01  2.70722016e-01 
 1.00320667e+02  2.96236375e+00  1.00320667e+02  2.67308386e-01 
 1.01482482e+02  2.96236614e+00  1.01482482e+02  2.63930193e-01 
 1.02657751e+02  2.96236847e+00  1.02657751e+02  2.60586990e-01 
 1.03846632e+02  2.96237074e+00  1.03846632e+02  2.57278335e-01 
 1.05049280e+02  2.96237296e+00  1.05049280e+02  2.54003787e-01 
 1.06265857e+02  2.96237514e+00  1.06265857e+02  2.50762914e-01 
 1.07496523e+02  2.96237726e+00  1.07496523e+02  2.47555286e-01 
 1.08741441e+02  2.96237934e+00  1.08741441e+02  2.44380477e-01 
 1.10000777e+02  2.96238136e+00  1.10000777e+02  2.41238066e-01 
 1.11274697e+02  2.96238334e+00  1.11274697e+02  2.38127638e-01 
 1.12563370e+02  2.96238528e+00  1.12563370e+02  2.35048779e-01 
 1.13866967e+02  2.96238717e+00  1.13866967e+02  2.32001082e-01 
 1.15185661e+02  2.96238902e+00  1.15185661e+02  2.28984143e-01 
 1.16519628e+02  2.96239082e+00  1.16519628e+02  2.25997561e-01 
 1.17869043e+02  2.96239259e+00  1.17869043e+02  2.23040941e-01 
 1.19234085e+02  2.96239431e+00  1.19234085e+02  2.20113891e-01 
 1.20614936e+02  2.96239599e+00  1.20614936e+02  2.17216022e-01 
 1.22011779e+02  2.96239764e+00  1.22011779e+02  2.14346952e-01 
 1.23424798e+02  2.96239925e+00  1.23424798e+02  2.11506298e-01 
 1.24854182e+02  2.96240082e+00  1.24854182e+02  2.08693686e-01 
 1.26300119e+02  2.96240235e+00  1.26300119e+02  2.05908741e-01 
 1.27762802e+02  2.96240385e+00  1.27762802e+02  2.03151095e-01 
 1.29242424e+02  2.96240532e+00  1.29242424e+02  2.00420382e-01 
 1.30739182e+02  2.96240675e+00  1.30739182e+02  1.97716241e-01 
 1.32253273e+02  2.96240815e+00  1.32253273e+02  1.95038311e-01 
 1.33784900e+02  2.96240951e+00  1.33784900e+02  1.92386240e-01 
 1.35334264e+02  2.96241085e+00  1.35334264e+02  1.89759675e-01 
 1.36901571e+02  2.96241215e+00  1.36901571e+02  1.87158267e-01 
 1.38487029e+02  2.96241342e+00  1.38487029e+02  1.84581673e-01 
 1.40090849e+02  2.96241467e+00  1.40090849e+02  1.82029550e-01 
 1.41713242e+02  2.96241588e+00  1.41713242e+02  1.79501560e-01 
 1.43354425e+02  2.96241707e+00  1.43354425e+02  1.76997369e-01 
 1.45014614e+02  2.96241823e+00  1.45014614e+02  1.74516643e-01 
 1.46694029e+02  2.96241936e+00  1.46694029e+02  1.72059054e-01 
 1.48392894e+02  2.96242047e+00  1.48392894e+02  1.69624277e-01 
 1.50111433e+02  2.96242155e+00  1.50111433e+02  1.67211988e-01 
 1.51849875e+02  2.96242261e+00  1.51849875e+02  1.64821868e-01 
 1.53608450e+02  2.96242364e+00  1.53608450e+02  1.62453600e-01 
 1.55387391e+02  2.96242465e+00  1.55387391e+02  1.60106869e-01 
 1.57186933e+02  2.96242563e+00  1.57186933e+02  1.57781366e-01 
 1.59007317e+02  2.96242659e+00  1.59007317e+02  1.55476781e-01 
 1.60848782e+02  2.96242753e+00  1.60848782e+02  1.53192809e-01 
 1.62711573e+02  2.96242845e+00  1.62711573e+02  1.50929148e-01 
 1.64595937e+02  2.96242934e+00  1.64595937e+02  1.48685496e-01 
 1.66502124e+02  2.96243022e+00  1.66502124e+02  1.46461557e-01 
 1.68430387e+02  2.96243107e+00  1.68430387e+02  1.44257036e-01 
 1.70380981e+02  2.96243190e+00  1.70380981e+02  1.42071640e-01 
 1.72354164e+02  2.96243272e+00  1.72354164e+02  1.39905081e-01 
 1.74350199e+02  2.96243351e+00  1.74350199e+02  1.37757069e-01 
 1.76369351e+02  2.96243429e+00  1.76369351e+02  1.35627322e-01 
 1.78411886e+02  2.96243505e+00  1.78411886e+02  1.33515556e-01 
 1.80478075e+02  2.96243579e+00  1.80478075e+02  1.31421492e-01 
 1.82568193e+02  2.96243651e+00  1.82568193e+02  1.29344852e-01 
 1.84682517e+02  2.96243721e+00  1.84682517e+02  1.27285360e-01 
 1.86821327e+02  2.96243790e+00  1.86821327e+02  1.25242743e-01 
 1.88984907e+02  2.96243857e+00  1.88984907e+02  1.23216732e-01 
 1.91173543e+02  2.96243923e+00  1.91173543e+02  1.21207056e-01 
 1.93387525e+02  2.96243987e+00  1.93387525e+02  1.19213451e-01 
 1.95627148e+02  2.96244049e+00  1.95627148e+02  1.17235650e-01 
 1.97892707e+02  2.96244110e+00  1.97892707e+02  1.15273393e-01 
 2.00184505e+02  2.96244170e+00  2.00184505e+02  1.13326419e-01 
 2.02502843e+02  2.96244228e+00  2.02502843e+02  1.11394470e-01 
 2.04848030e+02  2.96244285e+00  2.04848030e+02  1.09477289e-01 
 2.07220377e+02  2.96244340e+00  2.07220377e+02  1.07574623e-01 
 2.09620198e+02  2.96244394e+00  2.09620198e+02  1.05686220e-01 
 2.12047812e+02  2.96244446e+00  2.12047812e+02  1.03811828e-01 
 2.14503539e+02  2.96244498e+00  2.14503539e+02  1.01951200e-01 
 2.16987707e+02  2.96244548e+00  2.16987707e+02  1.00104089e-01 
 2.19500643e+02  2.96244596e+00  2.19500643e+02  9.82702500e-02 
 2.22042682e+02  2.96244644e+00  2.22042682e+02  9.64494395e-02 
 2.24614160e+02  2.96244690e+00  2.24614160e+02  9.46414164e-02 
 2.27215419e+02  2.96244735e+00  2.27215419e+02  9.28459410e-02 
 2.29846803e+02  2.96244780e+00  2.29846803e+02  9.10627752e-02 
 2.32508661e+02  2.96244822e+00  2.32508661e+02  8.92916827e-02 
 2.35201345e+02  2.96244864e+00  2.35201345e+02  8.75324286e-02 
 2.37925214e+02  2.96244905e+00  2.37925214e+02  8.57847797e-02 
 2.40680628e+02  2.96244945e+00  2.40680628e+02  8.40485042e-02 
 2.43467953e+02  2.96244983e+00  2.43467953e+02  8.23233721e-02 
 2.46287557e+02  2.96245021e+00  2.46287557e+02  8.06091545e-02 
 2.49139816e+02  2.96245058e+00  2.49139816e+02  7.89056242e-02 
 2.52025106e+02  2.96245094e+00  2.52025106e+02  7.72125554e-02 
 2.54943811e+02  2.96245128e+00  2.54943811e+02  7.55297235e-02 
 2.57896318e+02  2.96245162e+00  2.57896318e+02  7.38569055e-02 
 2.60883017e+02  2.96245195e+00  2.60883017e+02  7.21938796e-02 
 2.63904306e+02  2.96245227e+00  2.63904306e+02  7.05404253e-02 
 2.66960584e+02  2.96245258e+00  2.66960584e+02  6.88963234e-02 
 2.70052257e+02  2.96245288e+00  2.70052257e+02  6.72613559e-02 
 2.73179734e+02  2.96245318e+00  2.73179734e+02  6.56353060e-02 
 2.76343431e+02  2.96245346e+00  2.76343431e+02  6.40179582e-02 
 2.79543767e+02  2.96245374e+00  2.79543767e+02  6.24090980e-02 
 2.82781166e+02  2.96245401e+00  2.82781166e+02  6.08085121e-02 
 2.86056057e+02  2.96245427e+00  2.86056057e+02  5.92159884e-02 
 2.89368875e+02  2.96245453e+00  2.89368875e+02  5.76313157e-02 
 2.92720058e+02  2.96245477e+00  2.92720058e+02  5.60542838e-02 
 2.96110052e+02  2.96245501e+00  2.96110052e+02  5.44846837e-02 
 2.99539305e+02  2.96245524e+00  2.99539305e+02  5.29223074e-02 
 3.03008272e+02  2.96245547e+00  3.03008272e+02  5.13669475e-02 
 3.06517414e+02  2.96245568e+00  3.06517414e+02  4.98183981e-02 
 3.10067195e+02  2.96245589e+00  3.10067195e+02  4.82764536e-02 
 3.13658086e+02  2.96245610e+00  3.13658086e+02  4.67409098e-02 
 3.17290563e+02  2.96245629e+00  3.17290563e+02  4.52115630e-02 
 3.20965108e+02  2.96245648e+00  3.20965108e+02  4.36882104e-02 
 3.24682207e+02  2.96245667e+00  3.24682207e+02  4.21706501e-02 
 3.28442355e+02  2.96245684e+00  3.28442355e+02  4.06586809e-02 
 3.32246049e+02  2.96245701e+00  3.32246049e+02  3.91521023e-02 
 3.36093793e+02  2.96245718e+00  3.36093793e+02  3.76507146e-02 
 3.39986099e+02  2.96245734e+00  3.39986099e+02  3.61543188e-02 
 3.43923481e+02  2.96245749e+00  3.43923481e+02  3.46627163e-02 
 3.47906461e+02  2.96245763e+00  3.47906461e+02  3.31757095e-02 
 3.51935569e+02  2.96245777e+00  3.51935569e+02  3.16931013e-02 
 3.56011338e+02  2.96245791e+00  3.56011338e+02  3.02146949e-02 
 3.60134309e+02  2.96245803e+00  3.60134309e+02  2.87402946e-02 
 3.64305027e+02  2.96245816e+00  3.64305027e+02  2.72697046e-02 
 3.68524047e+02  2.96245827e+00  3.68524047e+02  2.58027302e-02 
 3.72791927e+02  2.96245838e+00  3.72791927e+02  2.43391767e-02 
 3.77109234e+02  2.96245849e+00  3.77109234e+02  2.28788502e-02 
 3.81476539e+02  2.96245859e+00  3.81476539e+02  2.14215570e-02 
 3.85894423e+02  2.96245868e+00  3.85894423e+02  1.99671040e-02 
 3.90363469e+02  2.96245877e+00  3.90363469e+02  1.85152982e-02 
 3.94884272e+02  2.96245885e+00  3.94884272e+02  1.70659473e-02 
 3.99457430e+02  2.96245893e+00  3.99457430e+02  1.56188589e-02 
 4.04083550e+02  2.96245900e+00  4.04083550e+02  1.41738414e-02 
 4.08763246e+02  2.96245907e+00  4.08763246e+02  1.27307031e-02 
 4.13497136e+02  2.96245913e+00  4.13497136e+02  1.12892526e-02 
 4.18285850e+02  2.96245919e+00  4.18285850e+02  9.84929888e-03 
 4.23130023e+02  2.96245924e+00  4.23130023e+02  8.41065100e-03 
 4.28030295e+02  2.96245929e+00  4.28030295e+02  6.97311823e-03 
 4.32987318e+02  2.96245933e+00  4.32987318e+02  5.53650997e-03 
 4.38001748e+02  2.96245937e+00  4.38001748e+02  4.10063574e-03 
 4.43074250e+02  2.96245940e+00  4.43074250e+02  2.66530519e-03 
 4.48205497e+02  2.96245943e+00  4.48205497e+02  1.23032800e-03 
 4.53396168e+02  2.96245945e+00  4.53396168e+02 -2.04486077e-04 
 4.58646954e+02  2.96245946e+00  4.58646954e+02 -1.63932727e-03 
 4.63958548e+02  2.96245948e+00  4.63958548e+02 -3.07438581e-03 
 4.69331656e+02  2.96245948e+00  4.69331656e+02 -4.50985197e-03 
 4.74766990e+02  2.96245948e+00  4.74766990e+02 -5.94591607e-03 
 4.80265271e+02  2.96245948e+00  4.80265271e+02 -7.38276849e-03 
 4.85827227e+02  2.96245947e+00  4.85827227e+02 -8.82059975e-03 
 4.91453597e+02  2.96245946e+00  4.91453597e+02 -1.02596005e-02 
 4.97145125e+02  2.96245944e+00  4.97145125e+02 -1.16999615e-02 
 5.02902567e+02  2.96245942e+00  5.02902567e+02 -1.31418737e-02 
 5.08726686e+02  2.96245939e+00  5.08726686e+02 -1.45855282e-02 
 5.14618255e+02  2.96245936e+00  5.14618255e+02 -1.60311166e-02 
 5.20578053e+02  2.96245932e+00  5.20578053e+02 -1.74788305e-02 
 5.26606872e+02  2.96245927e+00  5.26606872e+02 -1.89288617e-02 
 5.32705511e+02  2.96245922e+00  5.32705511e+02 -2.03814026e-02 
 5.38874778e+02  2.96245917e+00  5.38874778e+02 -2.18366457e-02 
 5.45115492e+02  2.96245911e+00  5.45115492e+02 -2.32947840e-02 
 5.51428479e+02  2.96245905e+00  5.51428479e+02 -2.47560107e-02 
 5.57814577e+02  2.96245898e+00  5.57814577e+02 -2.62205197e-02 
 5.64274633e+02  2.96245890e+00  5.64274633e+02 -2.76885051e-02 
 5.70809503e+02  2.96245882e+00  5.70809503e+02 -2.91601615e-02 
 5.77420053e+02  2.96245874e+00  5.77420053e+02 -3.06356841e-02 
 5.84107159e+02  2.96245865e+00  5.84107159e+02 -3.21152684e-02 
 5.90871709e+02  2.96245855e+00  5.90871709e+02 -3.35991107e-02 
 5.97714600e+02  2.96245845e+00  5.97714600e+02 -3.50874076e-02 
 6.04636738e+02  2.96245834e+00  6.04636738e+02 -3.65803565e-02 
 6.11639042e+02  2.96245823e+00  6.11639042e+02 -3.80781553e-02 
 6.18722439e+02  2.96245811e+00  6.18722439e+02 -3.95810027e-02 
 6.25887869e+02  2.96245799e+00  6.25887869e+02 -4.10890978e-02 
 6.33136282e+02  2.96245786e+00  6.33136282e+02 -4.26026406e-02 
 6.40468639e+02  2.96245772e+00  6.40468639e+02 -4.41218318e-02 
 6.47885912e+02  2.96245758e+00  6.47885912e+02 -4.56468728e-02 
 6.55389084e+02  2.96245743e+00  6.55389084e+02 -4.71779657e-02 
 6.62979151e+02  2.96245728e+00  6.62979151e+02 -4.87153137e-02 
 6.70657118e+02  2.96245712e+00  6.70657118e+02 -5.02591204e-02 
 6.78424004e+02  2.96245695e+00  6.78424004e+02 -5.18095907e-02 
 6.86280839e+02  2.96245678e+00  6.86280839e+02 -5.33669299e-02 
 6.94228663e+02  2.96245660e+00  6.94228663e+02 -5.49313448e-02 
 7.02268532e+02  2.96245641e+00  7.02268532e+02 -5.65030425e-02 
 7.10401510e+02  2.96245622e+00  7.10401510e+02 -5.80822316e-02 
 7.18628676e+02  2.96245602e+00  7.18628676e+02 -5.96691213e-02 
 7.26951121e+02  2.96245582e+00  7.26951121e+02 -6.12639222e-02 
 7.35369948e+02  2.96245560e+00  7.35369948e+02 -6.28668456e-02 
 7.43886274e+02  2.96245538e+00  7.43886274e+02 -6.44781040e-02 
 7.52501228e+02  2.96245516e+00  7.52501228e+02 -6.60979110e-02 
 7.61215951e+02  2.96245492e+00  7.61215951e+02 -6.77264815e-02 
 7.70031600e+02  2.96245468e+00  7.70031600e+02 -6.93640314e-02 
 7.78949343e+02  2.96245443e+00  7.78949343e+02 -7.10107776e-02 
 7.87970362e+02  2.96245418e+00  7.87970362e+02 -7.26669387e-02 
 7.97095854e+02  2.96245391e+00  7.97095854e+02 -7.43327341e-02 
 8.06327028e+02  2.96245364e+00  8.06327028e+02 -7.60083847e-02 
 8.15665108e+02  2.96245336e+00  8.15665108e+02 -7.76941126e-02 
 8.25111333e+02  2.96245307e+00  8.25111333e+02 -7.93901415e-02 
 8.34666955e+02  2.96245277e+00  8.34666955e+02 -8.10966960e-02 
 8.44333240e+02  2.96245247e+00  8.44333240e+02 -8.28140025e-02 
 8.54111471e+02  2.96245215e+00  8.54111471e+02 -8.45422887e-02 
 8.64002944e+02  2.96245183e+00  8.64002944e+02 -8.62817836e-02 
 8.74008970e+02  2.96245149e+00  8.74008970e+02 -8.80327180e-02 
 8.84130875e+02  2.96245115e+00  8.84130875e+02 -8.97953239e-02 
 8.94370003e+02  2.96245080e+00  8.94370003e+02 -9.15698351e-02 
 9.04727710e+02  2.96245044e+00  9.04727710e+02 -9.33564867e-02 
 9.15205369e+02  2.96245007e+00  9.15205369e+02 -9.51555158e-02 
 9.25804371e+02  2.96244969e+00  9.25804371e+02 -9.69671607e-02 
 9.36526119e+02  2.96244930e+00  9.36526119e+02 -9.87916617e-02 
 9.47372037e+02  2.96244890e+00  9.47372037e+02 -1.00629261e-01 
 9.58343561e+02  2.96244849e+00  9.58343561e+02 -1.02480201e-01 
 9.69442146e+02  2.96244806e+00  9.69442146e+02 -1.04344729e-01 
 9.80669264e+02  2.96244763e+00  9.80669264e+02 -1.06223091e-01 
 9.92026404e+02  2.96244719e+00  9.92026404e+02 -1.08115536e-01 
 1.00351507e+03  2.96244673e+00  1.00351507e+03 -1.10022315e-01 
 1.01513679e+03  2.96244626e+00  1.01513679e+03 -1.11943681e-01 
 1.02689310e+03  2.96244578e+00  1.02689310e+03 -1.13879888e-01 
 1.03878555e+03  2.96244529e+00  1.03878555e+03 -1.15831195e-01 
 1.05081574e+03  2.96244478e+00  1.05081574e+03 -1.17797858e-01 
 1.06298524e+03  2.96244427e+00  1.06298524e+03 -1.19780138e-01 
 1.07529569e+03  2.96244374e+00  1.07529569e+03 -1.21778300e-01 
 1.08774869e+03  2.96244319e+00  1.08774869e+03 -1.23792607e-01 
 1.10034592e+03  2.96244263e+00  1.10034592e+03 -1.25823326e-01 
 1.11308904e+03  2.96244206e+00  1.11308904e+03 -1.27870728e-01 
 1.12597973e+03  2.96244148e+00  1.12597973e+03 -1.29935082e-01 
 1.13901971e+03  2.96244088e+00  1.13901971e+03 -1.32016664e-01 
 1.15221071e+03  2.96244026e+00  1.15221071e+03 -1.34115748e-01 
 1.16555447e+03  2.96243963e+00  1.16555447e+03 -1.36232614e-01 
 1.17905277e+03  2.96243898e+00  1.17905277e+03 -1.38367541e-01 
 1.19270739e+03  2.96243832e+00  1.19270739e+03 -1.40520813e-01 
 1.20652015e+03  2.96243764e+00  1.20652015e+03 -1.42692716e-01 
 1.22049287e+03  2.96243695e+00  1.22049287e+03 -1.44883536e-01 
 1.23462740e+03  2.96243624e+00  1.23462740e+03 -1.47093566e-01 
 1.24892564e+03  2.96243551e+00  1.24892564e+03 -1.49323097e-01 
 1.26338945e+03  2.96243476e+00  1.26338945e+03 -1.51572425e-01 
 1.27802078e+03  2.96243400e+00  1.27802078e+03 -1.53841849e-01 
 1.29282155e+03  2.96243321e+00  1.29282155e+03 -1.56131670e-01 
 1.30779373e+03  2.96243241e+00  1.30779373e+03 -1.58442190e-01 
 1.32293930e+03  2.96243159e+00  1.32293930e+03 -1.60773717e-01 
 1.33826027e+03  2.96243075e+00  1.33826027e+03 -1.63126558e-01 
 1.35375867e+03  2.96242989e+00  1.35375867e+03 -1.65501028e-01 
 1.36943656e+03  2.96242900e+00  1.36943656e+03 -1.67897439e-01 
 1.38529602e+03  2.96242810e+00  1.38529602e+03 -1.70316110e-01 
 1.40133915e+03  2.96242718e+00  1.40133915e+03 -1.72757361e-01 
 1.41756807e+03  2.96242623e+00  1.41756807e+03 -1.75221517e-01 
 1.43398494e+03  2.96242526e+00  1.43398494e+03 -1.77708903e-01 
 1.45059193e+03  2.96242427e+00  1.45059193e+03 -1.80219849e-01 
 1.46739125e+03  2.96242325e+00  1.46739125e+03 -1.82754689e-01 
 1.48438512e+03  2.96242221e+00  1.48438512e+03 -1.85313759e-01 
 1.50157580e+03  2.96242114e+00  1.50157580e+03 -1.87897397e-01 
 1.51896556e+03  2.96242005e+00  1.51896556e+03 -1.90505946e-01 
 1.53655671e+03  2.96241894e+00  1.53655671e+03 -1.93139753e-01 
 1.55435159e+03  2.96241779e+00  1.55435159e+03 -1.95799165e-01 
 1.57235255e+03  2.96241662e+00  1.57235255e+03 -1.98484536e-01 
 1.59056198e+03  2.96241542e+00  1.59056198e+03 -2.01196222e-01 
 1.60898229e+03  2.96241420e+00  1.60898229e+03 -2.03934582e-01 
 1.62761593e+03  2.96241294e+00  1.62761593e+03 -2.06699980e-01 
 1.64646536e+03  2.96241166e+00  1.64646536e+03 -2.09492781e-01 
 1.66553309e+03  2.96241034e+00  1.66553309e+03 -2.12313356e-01 
 1.68482165e+03  2.96240899e+00  1.68482165e+03 -2.15162079e-01 
 1.70433358e+03  2.96240762e+00  1.70433358e+03 -2.18039328e-01 
 1.72407148e+03  2.96240620e+00  1.72407148e+03 -2.20945484e-01 
 1.74403797e+03  2.96240476e+00  1.74403797e+03 -2.23880932e-01 
 1.76423569e+03  2.96240328e+00  1.76423569e+03 -2.26846062e-01 
 1.78466732e+03  2.96240177e+00  1.78466732e+03 -2.29841266e-01 
 1.80533557e+03  2.96240022e+00  1.80533557e+03 -2.32866942e-01 
 1.82624317e+03  2.96239864e+00  1.82624317e+03 -2.35923490e-01 
 1.84739291e+03  2.96239701e+00  1.84739291e+03 -2.39011316e-01 
 1.86878759e+03  2.96239535e+00  1.86878759e+03 -2.42130830e-01 
 1.89043003e+03  2.96239365e+00  1.89043003e+03 -2.45282444e-01 
 1.91232312e+03  2.96239191e+00  1.91232312e+03 -2.48466577e-01 
 1.93446975e+03  2.96239013e+00  1.93446975e+03 -2.51683650e-01 
 1.95687286e+03  2.96238831e+00  1.95687286e+03 -2.54934090e-01 
 1.97953542e+03  2.96238645e+00  1.97953542e+03 -2.58218328e-01 
 2.00246044e+03  2.96238454e+00  2.00246044e+03 -2.61536799e-01 
 2.02565095e+03  2.96238259e+00  2.02565095e+03 -2.64889944e-01 
 2.04911003e+03  2.96238059e+00  2.04911003e+03 -2.68278206e-01 
 2.07284080e+03  2.96237854e+00  2.07284080e+03 -2.71702035e-01 
 2.09684638e+03  2.96237645e+00  2.09684638e+03 -2.75161885e-01 
 2.12112998e+03  2.96237431e+00  2.12112998e+03 -2.78658214e-01 
 2.14569480e+03  2.96237211e+00  2.14569480e+03 -2.82191486e-01 
 2.17054412e+03  2.96236987e+00  2.17054412e+03 -2.85762168e-01 
 2.19568121e+03  2.96236757e+00  2.19568121e+03 -2.89370735e-01 
 2.22110941e+03  2.96236522e+00  2.22110941e+03 -2.93017665e-01 
 2.24683210e+03  2.96236282e+00  2.24683210e+03 -2.96703441e-01 
 2.27285268e+03  2.96236036e+00  2.27285268e+03 -3.00428552e-01 
 2.29917461e+03  2.96235784e+00  2.29917461e+03 -3.04193491e-01 
 2.32580137e+03  2.96235526e+00  2.32580137e+03 -3.07998757e-01 
 2.35273649e+03  2.96235262e+00  2.35273649e+03 -3.11844856e-01 
 2.37998356e+03  2.96234992e+00  2.37998356e+03 -3.15732296e-01 
 2.40754617e+03  2.96234716e+00  2.40754617e+03 -3.19661593e-01 
 2.43542798e+03  2.96234433e+00  2.43542798e+03 -3.23633268e-01 
 2.46363269e+03  2.96234144e+00  2.46363269e+03 -3.27647846e-01 
 2.49216405e+03  2.96233847e+00  2.49216405e+03 -3.31705862e-01 
 2.52102582e+03  2.96233544e+00  2.52102582e+03 -3.35807851e-01 
 2.55022184e+03  2.96233234e+00  2.55022184e+03 -3.39954358e-01 
 2.57975598e+03  2.96232917e+00  2.57975598e+03 -3.44145933e-01 
 2.60963216e+03  2.96232592e+00  2.60963216e+03 -3.48383131e-01 
 2.63985434e+03  2.96232260e+00  2.63985434e+03 -3.52666513e-01 
 2.67042651e+03  2.96231920e+00  2.67042651e+03 -3.56996647e-01 
 2.70135274e+03  2.96231572e+00  2.70135274e+03 -3.61374108e-01 
 2.73263713e+03  2.96231215e+00  2.73263713e+03 -3.65799475e-01 
 2.76428383e+03  2.96230851e+00  2.76428383e+03 -3.70273335e-01 
 2.79629703e+03  2.96230478e+00  2.79629703e+03 -3.74796281e-01 
 2.82868097e+03  2.96230096e+00  2.82868097e+03 -3.79368912e-01 
 2.86143995e+03  2.96229706e+00  2.86143995e+03 -3.83991834e-01 
 2.89457831e+03  2.96229306e+00  2.89457831e+03 -3.88665660e-01 
 2.92810044e+03  2.96228897e+00  2.92810044e+03 -3.93391010e-01 
 2.96201080e+03  2.96228478e+00  2.96201080e+03 -3.98168509e-01 
 2.99631387e+03  2.96228050e+00  2.99631387e+03 -4.02998792e-01 
 3.03101421e+03  2.96227612e+00  3.03101421e+03 -4.07882497e-01 
 3.06611641e+03  2.96227163e+00  3.06611641e+03 -4.12820272e-01 
 3.10162514e+03  2.96226704e+00  3.10162514e+03 -4.17812771e-01 
 3.13754508e+03  2.96226234e+00  3.13754508e+03 -4.22860657e-01 
 3.17388102e+03  2.96225754e+00  3.17388102e+03 -4.27964598e-01 
 3.21063777e+03  2.96225262e+00  3.21063777e+03 -4.33125270e-01 
 3.24782019e+03  2.96224759e+00  3.24782019e+03 -4.38343357e-01 
 3.28543323e+03  2.96224243e+00  3.28543323e+03 -4.43619551e-01 
 3.32348186e+03  2.96223716e+00  3.32348186e+03 -4.48954551e-01 
 3.36197113e+03  2.96223177e+00  3.36197113e+03 -4.54349064e-01 
 3.40090615e+03  2.96222625e+00  3.40090615e+03 -4.59803805e-01 
 3.44029207e+03  2.96222060e+00  3.44029207e+03 -4.65319496e-01 
 3.48013412e+03  2.96221482e+00  3.48013412e+03 -4.70896868e-01 
 3.52043759e+03  2.96220891e+00  3.52043759e+03 -4.76536661e-01 
 3.56120781e+03  2.96220285e+00  3.56120781e+03 -4.82239621e-01 
 3.60245019e+03  2.96219666e+00  3.60245019e+03 -4.88006505e-01 
 3.64417019e+03  2.96219032e+00  3.64417019e+03 -4.93838076e-01 
 3.68637336e+03  2.96218384e+00  3.68637336e+03 -4.99735107e-01 
 3.72906528e+03  2.96217720e+00  3.72906528e+03 -5.05698380e-01 
 3.77225162e+03  2.96217041e+00  3.77225162e+03 -5.11728683e-01 
 3.81593810e+03  2.96216346e+00  3.81593810e+03 -5.17826818e-01 
 3.86013052e+03  2.96215635e+00  3.86013052e+03 -5.23993590e-01 
 3.90483472e+03  2.96214907e+00  3.90483472e+03 -5.30229818e-01 
 3.95005665e+03  2.96214162e+00  3.95005665e+03 -5.36536328e-01 
 3.99580229e+03  2.96213400e+00  3.99580229e+03 -5.42913955e-01 
 4.04207771e+03  2.96212620e+00  4.04207771e+03 -5.49363543e-01 
 4.08888905e+03  2.96211822e+00  4.08888905e+03 -5.55885948e-01 
 4.13624251e+03  2.96211006e+00  4.13624251e+03 -5.62482033e-01 
 4.18414437e+03  2.96210170e+00  4.18414437e+03 -5.69152673e-01 
 4.23260098e+03  2.96209315e+00  4.23260098e+03 -5.75898750e-01 
 4.28161877e+03  2.96208440e+00  4.28161877e+03 -5.82721159e-01 
 4.33120424e+03  2.96207545e+00  4.33120424e+03 -5.89620803e-01 
 4.38136395e+03  2.96206629e+00  4.38136395e+03 -5.96598595e-01 
 4.43210457e+03  2.96205691e+00  4.43210457e+03 -6.03655462e-01 
 4.48343281e+03  2.96204732e+00  4.48343281e+03 -6.10792336e-01 
 4.53535548e+03  2.96203750e+00  4.53535548e+03 -6.18010163e-01 
 4.58787948e+03  2.96202745e+00  4.58787948e+03 -6.25309900e-01 
 4.64101175e+03  2.96201717e+00  4.64101175e+03 -6.32692513e-01 
 4.69475935e+03  2.96200665e+00  4.69475935e+03 -6.40158980e-01 
 4.74912940e+03  2.96199589e+00  4.74912940e+03 -6.47710290e-01 
 4.80412911e+03  2.96198487e+00  4.80412911e+03 -6.55347442e-01 
 4.85976577e+03  2.96197360e+00  4.85976577e+03 -6.63071448e-01 
 4.91604676e+03  2.96196206e+00  4.91604676e+03 -6.70883332e-01 
 4.97297954e+03  2.96195026e+00  4.97297954e+03 -6.78784126e-01 
 5.03057166e+03  2.96193818e+00  5.03057166e+03 -6.86774879e-01 
 5.08883076e+03  2.96192582e+00  5.08883076e+03 -6.94856647e-01 
 5.14776455e+03  2.96191317e+00  5.14776455e+03 -7.03030501e-01 
 5.20738086e+03  2.96190023e+00  5.20738086e+03 -7.11297524e-01 
 5.26768758e+03  2.96188698e+00  5.26768758e+03 -7.19658809e-01 
 5.32869272e+03  2.96187343e+00  5.32869272e+03 -7.28115464e-01 
 5.39040436e+03  2.96185956e+00  5.39040436e+03 -7.36668608e-01 
 5.45283068e+03  2.96184537e+00  5.45283068e+03 -7.45319374e-01 
 5.51597996e+03  2.96183085e+00  5.51597996e+03 -7.54068907e-01 
 5.57986057e+03  2.96181599e+00  5.57986057e+03 -7.62918366e-01 
 5.64448099e+03  2.96180078e+00  5.64448099e+03 -7.71868921e-01 
 5.70984977e+03  2.96178522e+00  5.70984977e+03 -7.80921757e-01 
 5.77597559e+03  2.96176930e+00  5.77597559e+03 -7.90078073e-01 
 5.84286722e+03  2.96175300e+00  5.84286722e+03 -7.99339082e-01 
 5.91053351e+03  2.96173633e+00  5.91053351e+03 -8.08706007e-01 
 5.97898345e+03  2.96171927e+00  5.97898345e+03 -8.18180090e-01 
 6.04822611e+03  2.96170181e+00  6.04822611e+03 -8.27762584e-01 
 6.11827067e+03  2.96168394e+00  6.11827067e+03 -8.37454757e-01 
 6.18912642e+03  2.96166566e+00  6.18912642e+03 -8.47257891e-01 
 6.26080275e+03  2.96164695e+00  6.26080275e+03 -8.57173285e-01 
 6.33330916e+03  2.96162781e+00  6.33330916e+03 -8.67202250e-01 
 6.40665527e+03  2.96160822e+00  6.40665527e+03 -8.77346113e-01 
 6.48085080e+03  2.96158818e+00  6.48085080e+03 -8.87606216e-01 
 6.55590559e+03  2.96156766e+00  6.55590559e+03 -8.97983917e-01 
 6.63182959e+03  2.96154667e+00  6.63182959e+03 -9.08480588e-01 
 6.70863287e+03  2.96152520e+00  6.70863287e+03 -9.19097618e-01 
 6.78632561e+03  2.96150322e+00  6.78632561e+03 -9.29836412e-01 
 6.86491811e+03  2.96148073e+00  6.86491811e+03 -9.40698390e-01 
 6.94442078e+03  2.96145771e+00  6.94442078e+03 -9.51684989e-01 
 7.02484418e+03  2.96143416e+00  7.02484418e+03 -9.62797661e-01 
 7.10619897e+03  2.96141006e+00  7.10619897e+03 -9.74037877e-01 
 7.18849592e+03  2.96138540e+00  7.18849592e+03 -9.85407124e-01 
 7.27174595e+03  2.96136017e+00  7.27174595e+03 -9.96906903e-01 
 7.35596011e+03  2.96133435e+00  7.35596011e+03 -1.00853874e+00 
 7.44114955e+03  2.96130792e+00  7.44114955e+03 -1.02030416e+00 
 7.52732557e+03  2.96128089e+00  7.52732557e+03 -1.03220474e+00 
 7.61449959e+03  2.96125322e+00  7.61449959e+03 -1.04424203e+00 
 7.70268318e+03  2.96122491e+00  7.70268318e+03 -1.05641764e+00 
 7.79188802e+03  2.96119594e+00  7.79188802e+03 -1.06873317e+00 
 7.88212595e+03  2.96116629e+00  7.88212595e+03 -1.08119024e+00 
 7.97340892e+03  2.96113595e+00  7.97340892e+03 -1.09379052e+00 
 8.06574904e+03  2.96110491e+00  8.06574904e+03 -1.10653565e+00 
 8.15915855e+03  2.96107315e+00  8.15915855e+03 -1.11942733e+00 
 8.25364983e+03  2.96104064e+00  8.25364983e+03 -1.13246726e+00 
 8.34923543e+03  2.96100738e+00  8.34923543e+03 -1.14565716e+00 
 8.44592800e+03  2.96097335e+00  8.44592800e+03 -1.15899878e+00 
 8.54374036e+03  2.96093852e+00  8.54374036e+03 -1.17249387e+00 
 8.64268550e+03  2.96090288e+00  8.64268550e+03 -1.18614422e+00 
 8.74277651e+03  2.96086641e+00  8.74277651e+03 -1.19995163e+00 
 8.84402669e+03  2.96082909e+00  8.84402669e+03 -1.21391793e+00 
 8.94644944e+03  2.96079091e+00  8.94644944e+03 -1.22804496e+00 
 9.05005835e+03  2.96075183e+00  9.05005835e+03 -1.24233459e+00 
 9.15486716e+03  2.96071185e+00  9.15486716e+03 -1.25678870e+00 
 9.26088975e+03  2.96067093e+00  9.26088975e+03 -1.27140920e+00 
 9.36814020e+03  2.96062906e+00  9.36814020e+03 -1.28619802e+00 
 9.47663271e+03  2.96058622e+00  9.47663271e+03 -1.30115711e+00 
 9.58638168e+03  2.96054238e+00  9.58638168e+03 -1.31628845e+00 
 9.69740165e+03  2.96049752e+00  9.69740165e+03 -1.33159404e+00 
 9.80970735e+03  2.96045162e+00  9.80970735e+03 -1.34707589e+00 
 9.92331366e+03  2.96040465e+00  9.92331366e+03 -1.36273604e+00 
 1.00382356e+04  2.96035658e+00  1.00382356e+04 -1.37857657e+00 
 1.01544885e+04  2.96030739e+00  1.01544885e+04 -1.39459956e+00 
 1.02720878e+04  2.96025707e+00  1.02720878e+04 -1.41080712e+00 
 1.03910489e+04  2.96020557e+00  1.03910489e+04 -1.42720140e+00 
 1.05113877e+04  2.96015287e+00  1.05113877e+04 -1.44378455e+00 
 1.06331202e+04  2.96009894e+00  1.06331202e+04 -1.46055876e+00 
 1.07562625e+04  2.96004376e+00  1.07562625e+04 -1.47752625e+00 
 1.08808308e+04  2.95998730e+00  1.08808308e+04 -1.49468924e+00 
 1.10068418e+04  2.95992952e+00  1.10068418e+04 -1.51205000e+00 
 1.11343122e+04  2.95987039e+00  1.11343122e+04 -1.52961082e+00 
 1.12632587e+04  2.95980990e+00  1.12632587e+04 -1.54737401e+00 
 1.13936986e+04  2.95974799e+00  1.13936986e+04 -1.56534192e+00 
 1.15256492e+04  2.95968464e+00  1.15256492e+04 -1.58351690e+00 
 1.16591278e+04  2.95961982e+00  1.16591278e+04 -1.60190135e+00 
 1.17941523e+04  2.95955349e+00  1.17941523e+04 -1.62049770e+00 
 1.19307404e+04  2.95948562e+00  1.19307404e+04 -1.63930839e+00 
 1.20689105e+04  2.95941617e+00  1.20689105e+04 -1.65833589e+00 
 1.22086806e+04  2.95934510e+00  1.22086806e+04 -1.67758272e+00 
 1.23500695e+04  2.95927238e+00  1.23500695e+04 -1.69705139e+00 
 1.24930957e+04  2.95919797e+00  1.24930957e+04 -1.71674449e+00 
 1.26377784e+04  2.95912183e+00  1.26377784e+04 -1.73666458e+00 
 1.27841366e+04  2.95904391e+00  1.27841366e+04 -1.75681431e+00 
 1.29321898e+04  2.95896419e+00  1.29321898e+04 -1.77719630e+00 
 1.30819576e+04  2.95888261e+00  1.30819576e+04 -1.79781326e+00 
 1.32334599e+04  2.95879913e+00  1.32334599e+04 -1.81866787e+00 
 1.33867167e+04  2.95871371e+00  1.33867167e+04 -1.83976289e+00 
 1.35417484e+04  2.95862631e+00  1.35417484e+04 -1.86110108e+00 
 1.36985755e+04  2.95853687e+00  1.36985755e+04 -1.88268526e+00 
 1.38572188e+04  2.95844535e+00  1.38572188e+04 -1.90451824e+00 
 1.40176994e+04  2.95835170e+00  1.40176994e+04 -1.92660291e+00 
 1.41800385e+04  2.95825588e+00  1.41800385e+04 -1.94894215e+00 
 1.43442576e+04  2.95815783e+00  1.43442576e+04 -1.97153891e+00 
 1.45103786e+04  2.95805749e+00  1.45103786e+04 -1.99439614e+00 
 1.46784234e+04  2.95795483e+00  1.46784234e+04 -2.01751684e+00 
 1.48484144e+04  2.95784978e+00  1.48484144e+04 -2.04090405e+00 
 1.50203740e+04  2.95774228e+00  1.50203740e+04 -2.06456083e+00 
 1.51943251e+04  2.95763229e+00  1.51943251e+04 -2.08849028e+00 
 1.53702907e+04  2.95751974e+00  1.53702907e+04 -2.11269554e+00 
 1.55482942e+04  2.95740458e+00  1.55482942e+04 -2.13717978e+00 
 1.57283591e+04  2.95728674e+00  1.57283591e+04 -2.16194621e+00 
 1.59105094e+04  2.95716615e+00  1.59105094e+04 -2.18699806e+00 
 1.60947691e+04  2.95704277e+00  1.60947691e+04 -2.21233862e+00 
 1.62811628e+04  2.95691652e+00  1.62811628e+04 -2.23797121e+00 
 1.64697151e+04  2.95678734e+00  1.64697151e+04 -2.26389917e+00 
 1.66604510e+04  2.95665515e+00  1.66604510e+04 -2.29012589e+00 
 1.68533958e+04  2.95651989e+00  1.68533958e+04 -2.31665481e+00 
 1.70485751e+04  2.95638149e+00  1.70485751e+04 -2.34348939e+00 
 1.72460148e+04  2.95623988e+00  1.72460148e+04 -2.37063314e+00 
 1.74457411e+04  2.95609497e+00  1.74457411e+04 -2.39808961e+00 
 1.76477804e+04  2.95594670e+00  1.76477804e+04 -2.42586237e+00 
 1.78521595e+04  2.95579499e+00  1.78521595e+04 -2.45395504e+00 
 1.80589055e+04  2.95563975e+00  1.80589055e+04 -2.48237131e+00 
 1.82680458e+04  2.95548090e+00  1.82680458e+04 -2.51111487e+00 
 1.84796082e+04  2.95531837e+00  1.84796082e+04 -2.54018946e+00 
 1.86936208e+04  2.95515206e+00  1.86936208e+04 -2.56959888e+00 
 1.89101117e+04  2.95498190e+00  1.89101117e+04 -2.59934696e+00 
 1.91291099e+04  2.95480778e+00  1.91291099e+04 -2.62943756e+00 
 1.93506443e+04  2.95462962e+00  1.93506443e+04 -2.65987461e+00 
 1.95747443e+04  2.95444732e+00  1.95747443e+04 -2.69066207e+00 
 1.98014396e+04  2.95426079e+00  1.98014396e+04 -2.72180394e+00 
 2.00307602e+04  2.95406993e+00  2.00307602e+04 -2.75330426e+00 
 2.02627366e+04  2.95387465e+00  2.02627366e+04 -2.78516712e+00 
 2.04973996e+04  2.95367483e+00  2.04973996e+04 -2.81739667e+00 
 2.07347801e+04  2.95347037e+00  2.07347801e+04 -2.84999709e+00 
 2.09749098e+04  2.95326117e+00  2.09749098e+04 -2.88297261e+00 
 2.12178204e+04  2.95304712e+00  2.12178204e+04 -2.91632749e+00 
 2.14635442e+04  2.95282810e+00  2.14635442e+04 -2.95006607e+00 
 2.17121137e+04  2.95260401e+00  2.17121137e+04 -2.98419271e+00 
 2.19635619e+04  2.95237471e+00  2.19635619e+04 -3.01871182e+00 
 2.22179221e+04  2.95214010e+00  2.22179221e+04 -3.05362789e+00 
 2.24752280e+04  2.95190005e+00  2.24752280e+04 -3.08894541e+00 
 2.27355138e+04  2.95165443e+00  2.27355138e+04 -3.12466896e+00 
 2.29988140e+04  2.95140312e+00  2.29988140e+04 -3.16080314e+00 
 2.32651635e+04  2.95114598e+00  2.32651635e+04 -3.19735262e+00 
 2.35345976e+04  2.95088288e+00  2.35345976e+04 -3.23432211e+00 
 2.38071520e+04  2.95061369e+00  2.38071520e+04 -3.27171639e+00 
 2.40828628e+04  2.95033826e+00  2.40828628e+04 -3.30954026e+00 
 2.43617666e+04  2.95005645e+00  2.43617666e+04 -3.34779859e+00 
 2.46439005e+04  2.94976811e+00  2.46439005e+04 -3.38649630e+00 
 2.49293017e+04  2.94947309e+00  2.49293017e+04 -3.42563838e+00 
 2.52180082e+04  2.94917124e+00  2.52180082e+04 -3.46522984e+00 
 2.55100581e+04  2.94886239e+00  2.55100581e+04 -3.50527577e+00 
 2.58054904e+04  2.94854640e+00  2.58054904e+04 -3.54578131e+00 
 2.61043440e+04  2.94822310e+00  2.61043440e+04 -3.58675164e+00 
 2.64066586e+04  2.94789231e+00  2.64066586e+04 -3.62819201e+00 
 2.67124744e+04  2.94755386e+00  2.67124744e+04 -3.67010772e+00 
 2.70218318e+04  2.94720758e+00  2.70218318e+04 -3.71250414e+00 
 2.73347718e+04  2.94685330e+00  2.73347718e+04 -3.75538668e+00 
 2.76513361e+04  2.94649081e+00  2.76513361e+04 -3.79876080e+00 
 2.79715664e+04  2.94611995e+00  2.79715664e+04 -3.84263205e+00 
 2.82955054e+04  2.94574050e+00  2.82955054e+04 -3.88700601e+00 
 2.86231959e+04  2.94535229e+00  2.86231959e+04 -3.93188832e+00 
 2.89546814e+04  2.94495510e+00  2.89546814e+04 -3.97728470e+00 
 2.92900058e+04  2.94454873e+00  2.92900058e+04 -4.02320090e+00 
 2.96292136e+04  2.94413297e+00  2.96292136e+04 -4.06964277e+00 
 2.99723498e+04  2.94370761e+00  2.99723498e+04 -4.11661618e+00 
 3.03194599e+04  2.94327242e+00  3.03194599e+04 -4.16412708e+00 
 3.06705898e+04  2.94282718e+00  3.06705898e+04 -4.21218148e+00 
 3.10257862e+04  2.94237166e+00  3.10257862e+04 -4.26078546e+00 
 3.13850961e+04  2.94190563e+00  3.13850961e+04 -4.30994514e+00 
 3.17485672e+04  2.94142884e+00  3.17485672e+04 -4.35966673e+00 
 3.21162476e+04  2.94094104e+00  3.21162476e+04 -4.40995649e+00 
 3.24881861e+04  2.94044200e+00  3.24881861e+04 -4.46082075e+00 
 3.28644321e+04  2.93993144e+00  3.28644321e+04 -4.51226588e+00 
 3.32450354e+04  2.93940911e+00  3.32450354e+04 -4.56429834e+00 
 3.36300464e+04  2.93887474e+00  3.36300464e+04 -4.61692467e+00 
 3.40195163e+04  2.93832806e+00  3.40195163e+04 -4.67015142e+00 
 3.44134966e+04  2.93776877e+00  3.44134966e+04 -4.72398527e+00 
 3.48120396e+04  2.93719661e+00  3.48120396e+04 -4.77843293e+00 
 3.52151982e+04  2.93661127e+00  3.52151982e+04 -4.83350118e+00 
 3.56230257e+04  2.93601244e+00  3.56230257e+04 -4.88919687e+00 
 3.60355763e+04  2.93539984e+00  3.60355763e+04 -4.94552692e+00 
 3.64529046e+04  2.93477314e+00  3.64529046e+04 -5.00249832e+00 
 3.68750660e+04  2.93413202e+00  3.68750660e+04 -5.06011812e+00 
 3.73021165e+04  2.93347616e+00  3.73021165e+04 -5.11839345e+00 
 3.77341126e+04  2.93280522e+00  3.77341126e+04 -5.17733151e+00 
 3.81711117e+04  2.93211886e+00  3.81711117e+04 -5.23693955e+00 
 3.86131717e+04  2.93141673e+00  3.86131717e+04 -5.29722492e+00 
 3.90603512e+04  2.93069847e+00  3.90603512e+04 -5.35819501e+00 
 3.95127095e+04  2.92996372e+00  3.95127095e+04 -5.41985729e+00 
 3.99703065e+04  2.92921210e+00  3.99703065e+04 -5.48221932e+00 
 4.04332030e+04  2.92844324e+00  4.04332030e+04 -5.54528871e+00 
 4.09014603e+04  2.92765674e+00  4.09014603e+04 -5.60907315e+00 
 4.13751404e+04  2.92685220e+00  4.13751404e+04 -5.67358039e+00 
 4.18543063e+04  2.92602923e+00  4.18543063e+04 -5.73881827e+00 
 4.23390214e+04  2.92518740e+00  4.23390214e+04 -5.80479470e+00 
 4.28293500e+04  2.92432628e+00  4.28293500e+04 -5.87151764e+00 
 4.33253571e+04  2.92344546e+00  4.33253571e+04 -5.93899516e+00 
 4.38271084e+04  2.92254447e+00  4.38271084e+04 -6.00723536e+00 
 4.43346705e+04  2.92162287e+00  4.43346705e+04 -6.07624645e+00 
 4.48481108e+04  2.92068020e+00  4.48481108e+04 -6.14603669e+00 
 4.53674971e+04  2.91971598e+00  4.53674971e+04 -6.21661443e+00 
 4.58928985e+04  2.91872973e+00  4.58928985e+04 -6.28798807e+00 
 4.64243846e+04  2.91772097e+00  4.64243846e+04 -6.36016612e+00 
 4.69620258e+04  2.91668917e+00  4.69620258e+04 -6.43315713e+00 
 4.75058934e+04  2.91563384e+00  4.75058934e+04 -6.50696973e+00 
 4.80560596e+04  2.91455443e+00  4.80560596e+04 -6.58161264e+00 
 4.86125973e+04  2.91345043e+00  4.86125973e+04 -6.65709464e+00 
 4.91755802e+04  2.91232128e+00  4.91755802e+04 -6.73342458e+00 
 4.97450830e+04  2.91116641e+00  4.97450830e+04 -6.81061140e+00 
 5.03211813e+04  2.90998527e+00  5.03211813e+04 -6.88866410e+00 
 5.09039513e+04  2.90877726e+00  5.09039513e+04 -6.96759176e+00 
 5.14934704e+04  2.90754179e+00  5.14934704e+04 -7.04740352e+00 
 5.20898168e+04  2.90627825e+00  5.20898168e+04 -7.12810862e+00 
 5.26930694e+04  2.90498603e+00  5.26930694e+04 -7.20971634e+00 
 5.33033083e+04  2.90366447e+00  5.33033083e+04 -7.29223606e+00 
 5.39206144e+04  2.90231295e+00  5.39206144e+04 -7.37567721e+00 
 5.45450695e+04  2.90093080e+00  5.45450695e+04 -7.46004932e+00 
 5.51767564e+04  2.89951734e+00  5.51767564e+04 -7.54536195e+00 
 5.58157589e+04  2.89807189e+00  5.58157589e+04 -7.63162478e+00 
 5.64621617e+04  2.89659374e+00  5.64621617e+04 -7.71884753e+00 
 5.71160505e+04  2.89508217e+00  5.71160505e+04 -7.80703999e+00 
 5.77775120e+04  2.89353646e+00  5.77775120e+04 -7.89621203e+00 
 5.84466339e+04  2.89195587e+00  5.84466339e+04 -7.98637358e+00 
 5.91235049e+04  2.89033962e+00  5.91235049e+04 -8.07753465e+00 
 5.98082147e+04  2.88868694e+00  5.98082147e+04 -8.16970532e+00 
 6.05008542e+04  2.88699703e+00  6.05008542e+04 -8.26289571e+00 
 6.12015151e+04  2.88526910e+00  6.12015151e+04 -8.35711605e+00 
 6.19102904e+04  2.88350232e+00  6.19102904e+04 -8.45237659e+00 
 6.26272740e+04  2.88169583e+00  6.26272740e+04 -8.54868767e+00 
 6.33525610e+04  2.87984879e+00  6.33525610e+04 -8.64605969e+00 
 6.40862476e+04  2.87796033e+00  6.40862476e+04 -8.74450313e+00 
 6.48284310e+04  2.87602954e+00  6.48284310e+04 -8.84402849e+00 
 6.55792097e+04  2.87405552e+00  6.55792097e+04 -8.94464636e+00 
 6.63386831e+04  2.87203734e+00  6.63386831e+04 -9.04636740e+00 
 6.71069519e+04  2.86997406e+00  6.71069519e+04 -9.14920229e+00 
 6.78841182e+04  2.86786472e+00  6.78841182e+04 -9.25316181e+00 
 6.86702847e+04  2.86570832e+00  6.86702847e+04 -9.35825676e+00 
 6.94655559e+04  2.86350387e+00  6.94655559e+04 -9.46449801e+00 
 7.02700371e+04  2.86125035e+00  7.02700371e+04 -9.57189650e+00 
 7.10838351e+04  2.85894672e+00  7.10838351e+04 -9.68046318e+00 
 7.19070576e+04  2.85659192e+00  7.19070576e+04 -9.79020908e+00 
 7.27398139e+04  2.85418488e+00  7.27398139e+04 -9.90114528e+00 
 7.35822143e+04  2.85172448e+00  7.35822143e+04 -1.00132829e+01 
 7.44343706e+04  2.84920962e+00  7.44343706e+04 -1.01266330e+01 
 7.52963957e+04  2.84663915e+00  7.52963957e+04 -1.02412070e+01 
 7.61684039e+04  2.84401191e+00  7.61684039e+04 -1.03570159e+01 
 7.70505109e+04  2.84132672e+00  7.70505109e+04 -1.04740712e+01 
 7.79428335e+04  2.83858237e+00  7.79428335e+04 -1.05923840e+01 
 7.88454902e+04  2.83577765e+00  7.88454902e+04 -1.07119658e+01 
 7.97586005e+04  2.83291130e+00  7.97586005e+04 -1.08328279e+01 
 8.06822855e+04  2.82998205e+00  8.06822855e+04 -1.09549818e+01 
 8.16166678e+04  2.82698862e+00  8.16166678e+04 -1.10784389e+01 
 8.25618712e+04  2.82392968e+00  8.25618712e+04 -1.12032106e+01 
 8.35180209e+04  2.82080391e+00  8.35180209e+04 -1.13293083e+01 
 8.44852439e+04  2.81760994e+00  8.44852439e+04 -1.14567437e+01 
 8.54636682e+04  2.81434639e+00  8.54636682e+04 -1.15855283e+01 
 8.64534237e+04  2.81101185e+00  8.64534237e+04 -1.17156734e+01 
 8.74546416e+04  2.80760490e+00  8.74546416e+04 -1.18471907e+01 
 8.84674546e+04  2.80412408e+00  8.84674546e+04 -1.19800918e+01 
 8.94919970e+04  2.80056792e+00  8.94919970e+04 -1.21143880e+01 
 9.05284046e+04  2.79693491e+00  9.05284046e+04 -1.22500910e+01 
 9.15768148e+04  2.79322353e+00  9.15768148e+04 -1.23872124e+01 
 9.26373667e+04  2.78943223e+00  9.26373667e+04 -1.25257635e+01 
 9.37102009e+04  2.78555943e+00  9.37102009e+04 -1.26657560e+01 
 9.47954596e+04  2.78160355e+00  9.47954596e+04 -1.28072014e+01 
 9.58932866e+04  2.77756295e+00  9.58932866e+04 -1.29501110e+01 
 9.70038276e+04  2.77343600e+00  9.70038276e+04 -1.30944963e+01 
 9.81272298e+04  2.76922101e+00  9.81272298e+04 -1.32403688e+01 
 9.92636421e+04  2.76491630e+00  9.92636421e+04 -1.33877399e+01 
 1.00413215e+05  2.76052014e+00  1.00413215e+05 -1.35366208e+01 
 1.01576102e+05  2.75603080e+00  1.01576102e+05 -1.36870229e+01 
 1.02752455e+05  2.75144649e+00  1.02752455e+05 -1.38389575e+01 
 1.03942432e+05  2.74676542e+00  1.03942432e+05 -1.39924358e+01 
 1.05146191e+05  2.74198578e+00  1.05146191e+05 -1.41474688e+01 
 1.06363890e+05  2.73710573e+00  1.06363890e+05 -1.43040677e+01 
 1.07595691e+05  2.73212340e+00  1.07595691e+05 -1.44622436e+01 
 1.08841757e+05  2.72703689e+00  1.08841757e+05 -1.46220073e+01 
 1.10102255e+05  2.72184429e+00  1.10102255e+05 -1.47833697e+01 
 1.11377350e+05  2.71654367e+00  1.11377350e+05 -1.49463417e+01 
 1.12667212e+05  2.71113305e+00  1.12667212e+05 -1.51109339e+01 
 1.13972012e+05  2.70561047e+00  1.13972012e+05 -1.52771570e+01 
 1.15291923e+05  2.69997390e+00  1.15291923e+05 -1.54450214e+01 
 1.16627120e+05  2.69422132e+00  1.16627120e+05 -1.56145376e+01 
 1.17977779e+05  2.68835068e+00  1.17977779e+05 -1.57857158e+01 
 1.19344081e+05  2.68235990e+00  1.19344081e+05 -1.59585663e+01 
 1.20726206e+05  2.67624688e+00  1.20726206e+05 -1.61330991e+01 
 1.22124337e+05  2.67000952e+00  1.22124337e+05 -1.63093241e+01 
 1.23538660e+05  2.66364566e+00  1.23538660e+05 -1.64872511e+01 
 1.24969363e+05  2.65715316e+00  1.24969363e+05 -1.66668899e+01 
 1.26416634e+05  2.65052984e+00  1.26416634e+05 -1.68482499e+01 
 1.27880666e+05  2.64377351e+00  1.27880666e+05 -1.70313404e+01 
 1.29361653e+05  2.63688195e+00  1.29361653e+05 -1.72161708e+01 
 1.30859792e+05  2.62985293e+00  1.30859792e+05 -1.74027499e+01 
 1.32375280e+05  2.62268420e+00  1.32375280e+05 -1.75910868e+01 
 1.33908319e+05  2.61537351e+00  1.33908319e+05 -1.77811900e+01 
 1.35459113e+05  2.60791858e+00  1.35459113e+05 -1.79730681e+01 
 1.37027866e+05  2.60031712e+00  1.37027866e+05 -1.81667295e+01 
 1.38614787e+05  2.59256682e+00  1.38614787e+05 -1.83621822e+01 
 1.40220086e+05  2.58466537e+00  1.40220086e+05 -1.85594342e+01 
 1.41843976e+05  2.57661045e+00  1.41843976e+05 -1.87584931e+01 
 1.43486672e+05  2.56839971e+00  1.43486672e+05 -1.89593666e+01 
 1.45148393e+05  2.56003082e+00  1.45148393e+05 -1.91620619e+01 
 1.46829358e+05  2.55150142e+00  1.46829358e+05 -1.93665861e+01 
 1.48529790e+05  2.54280915e+00  1.48529790e+05 -1.95729459e+01 
 1.50249915e+05  2.53395166e+00  1.50249915e+05 -1.97811481e+01 
 1.51989960e+05  2.52492658e+00  1.51989960e+05 -1.99911989e+01 
 1.53750157e+05  2.51573154e+00  1.53750157e+05 -2.02031045e+01 
 1.55530739e+05  2.50636417e+00  1.55530739e+05 -2.04168707e+01 
 1.57331942e+05  2.49682211e+00  1.57331942e+05 -2.06325032e+01 
 1.59154005e+05  2.48710300e+00  1.59154005e+05 -2.08500072e+01 
 1.60997169e+05  2.47720447e+00  1.60997169e+05 -2.10693880e+01 
 1.62861678e+05  2.46712418e+00  1.62861678e+05 -2.12906502e+01 
 1.64747781e+05  2.45685979e+00  1.64747781e+05 -2.15137985e+01 
 1.66655726e+05  2.44640895e+00  1.66655726e+05 -2.17388370e+01 
 1.68585768e+05  2.43576935e+00  1.68585768e+05 -2.19657699e+01 
 1.70538161e+05  2.42493869e+00  1.70538161e+05 -2.21946007e+01 
 1.72513165e+05  2.41391466e+00  1.72513165e+05 -2.24253329e+01 
 1.74511042e+05  2.40269500e+00  1.74511042e+05 -2.26579697e+01 
 1.76532055e+05  2.39127746e+00  1.76532055e+05 -2.28925138e+01 
 1.78576475e+05  2.37965981e+00  1.78576475e+05 -2.31289678e+01 
 1.80644570e+05  2.36783984e+00  1.80644570e+05 -2.33673341e+01 
 1.82736617e+05  2.35581537e+00  1.82736617e+05 -2.36076144e+01 
 1.84852891e+05  2.34358427e+00  1.84852891e+05 -2.38498106e+01 
 1.86993674e+05  2.33114441e+00  1.86993674e+05 -2.40939240e+01 
 1.89159250e+05  2.31849372e+00  1.89159250e+05 -2.43399557e+01 
 1.91349905e+05  2.30563015e+00  1.91349905e+05 -2.45879065e+01 
 1.93565930e+05  2.29255170e+00  1.93565930e+05 -2.48377769e+01 
 1.95807618e+05  2.27925642e+00  1.95807618e+05 -2.50895671e+01 
 1.98075268e+05  2.26574238e+00  1.98075268e+05 -2.53432772e+01 
 2.00369179e+05  2.25200772e+00  2.00369179e+05 -2.55989067e+01 
 2.02689657e+05  2.23805063e+00  2.02689657e+05 -2.58564551e+01 
 2.05037007e+05  2.22386934e+00  2.05037007e+05 -2.61159215e+01 
 2.07411543e+05  2.20946215e+00  2.07411543e+05 -2.63773047e+01 
 2.09813578e+05  2.19482741e+00  2.09813578e+05 -2.66406035e+01 
 2.12243431e+05  2.17996354e+00  2.12243431e+05 -2.69058162e+01 
 2.14701424e+05  2.16486901e+00  2.14701424e+05 -2.71729409e+01 
 2.17187883e+05  2.14954239e+00  2.17187883e+05 -2.74419755e+01 
 2.19703138e+05  2.13398228e+00  2.19703138e+05 -2.77129178e+01 
 2.22247522e+05  2.11818739e+00  2.22247522e+05 -2.79857652e+01 
 2.24821372e+05  2.10215648e+00  2.24821372e+05 -2.82605149e+01 
 2.27425030e+05  2.08588840e+00  2.27425030e+05 -2.85371642e+01 
 2.30058842e+05  2.06938209e+00  2.30058842e+05 -2.88157100e+01 
 2.32723155e+05  2.05263656e+00  2.32723155e+05 -2.90961490e+01 
 2.35418324e+05  2.03565092e+00  2.35418324e+05 -2.93784778e+01 
 2.38144706e+05  2.01842437e+00  2.38144706e+05 -2.96626931e+01 
 2.40902662e+05  2.00095620e+00  2.40902662e+05 -2.99487912e+01 
 2.43692558e+05  1.98324580e+00  2.43692558e+05 -3.02367684e+01 
 2.46514763e+05  1.96529264e+00  2.46514763e+05 -3.05266210e+01 
 2.49369653e+05  1.94709634e+00  2.49369653e+05 -3.08183452e+01 
 2.52257605e+05  1.92865657e+00  2.52257605e+05 -3.11119372e+01 
 2.55179003e+05  1.90997313e+00  2.55179003e+05 -3.14073932e+01 
 2.58134233e+05  1.89104594e+00  2.58134233e+05 -3.17047092e+01 
 2.61123688e+05  1.87187503e+00  2.61123688e+05 -3.20038817e+01 
 2.64147764e+05  1.85246051e+00  2.64147764e+05 -3.23049067e+01 
 2.67206861e+05  1.83280265e+00  2.67206861e+05 -3.26077808e+01 
 2.70301386e+05  1.81290182e+00  2.70301386e+05 -3.29125004e+01 
 2.73431749e+05  1.79275850e+00  2.73431749e+05 -3.32190622e+01 
 2.76598365e+05  1.77237331e+00  2.76598365e+05 -3.35274629e+01 
 2.79801653e+05  1.75174698e+00  2.79801653e+05 -3.38376995e+01 
 2.83042038e+05  1.73088037e+00  2.83042038e+05 -3.41497693e+01 
 2.86319950e+05  1.70977447e+00  2.86319950e+05 -3.44636698e+01 
 2.89635824e+05  1.68843040e+00  2.89635824e+05 -3.47793987e+01 
 2.92990099e+05  1.66684939e+00  2.92990099e+05 -3.50969541e+01 
 2.96383220e+05  1.64503282e+00  2.96383220e+05 -3.54163345e+01 
 2.99815637e+05  1.62298219e+00  2.99815637e+05 -3.57375387e+01 
 3.03287805e+05  1.60069915e+00  3.03287805e+05 -3.60605659e+01 
 3.06800183e+05  1.57818544e+00  3.06800183e+05 -3.63854159e+01 
 3.10353239e+05  1.55544297e+00  3.10353239e+05 -3.67120888e+01 
 3.13947443e+05  1.53247378e+00  3.13947443e+05 -3.70405854e+01 
 3.17583271e+05  1.50928001e+00  3.17583271e+05 -3.73709069e+01 
 3.21261205e+05  1.48586397e+00  3.21261205e+05 -3.77030551e+01 
 3.24981734e+05  1.46222807e+00  3.24981734e+05 -3.80370325e+01 
 3.28745351e+05  1.43837487e+00  3.28745351e+05 -3.83728424e+01 
 3.32552554e+05  1.41430704e+00  3.32552554e+05 -3.87104885e+01 
 3.36403848e+05  1.39002740e+00  3.36403848e+05 -3.90499754e+01 
 3.40299744e+05  1.36553887e+00  3.40299744e+05 -3.93913085e+01 
 3.44240758e+05  1.34084452e+00  3.44240758e+05 -3.97344939e+01 
 3.48227413e+05  1.31594753e+00  3.48227413e+05 -4.00795386e+01 
 3.52260238e+05  1.29085120e+00  3.52260238e+05 -4.04264505e+01 
 3.56339767e+05  1.26555894e+00  3.56339767e+05 -4.07752384e+01 
 3.60466541e+05  1.24007429e+00  3.60466541e+05 -4.11259120e+01 
 3.64641107e+05  1.21440090e+00  3.64641107e+05 -4.14784821e+01 
 3.68864019e+05  1.18854252e+00  3.68864019e+05 -4.18329604e+01 
 3.73135837e+05  1.16250301e+00  3.73135837e+05 -4.21893596e+01 
 3.77457126e+05  1.13628635e+00  3.77457126e+05 -4.25476938e+01 
 3.81828460e+05  1.10989658e+00  3.81828460e+05 -4.29079777e+01 
 3.86250419e+05  1.08333787e+00  3.86250419e+05 -4.32702276e+01 
 3.90723589e+05  1.05661447e+00  3.90723589e+05 -4.36344609e+01 
 3.95248562e+05  1.02973072e+00  3.95248562e+05 -4.40006959e+01 
 3.99825939e+05  1.00269102e+00  3.99825939e+05 -4.43689525e+01 
 4.04456327e+05  9.75499886e-01  4.04456327e+05 -4.47392516e+01 
 4.09140339e+05  9.48161871e-01  4.09140339e+05 -4.51116157e+01 
 4.13878597e+05  9.20681613e-01  4.13878597e+05 -4.54860682e+01 
 4.18671729e+05  8.93063807e-01  4.18671729e+05 -4.58626342e+01 
 4.23520370e+05  8.65313204e-01  4.23520370e+05 -4.62413400e+01 
 4.28425163e+05  8.37434606e-01  4.28425163e+05 -4.66222133e+01 
 4.33386759e+05  8.09432860e-01  4.33386759e+05 -4.70052831e+01 
 4.38405814e+05  7.81312852e-01  4.38405814e+05 -4.73905800e+01 
 4.43482996e+05  7.53079500e-01  4.43482996e+05 -4.77781359e+01 
 4.48618977e+05  7.24737748e-01  4.48618977e+05 -4.81679844e+01 
 4.53814437e+05  6.96292561e-01  4.53814437e+05 -4.85601601e+01 
 4.59070066e+05  6.67748915e-01  4.59070066e+05 -4.89546995e+01 
 4.64386560e+05  6.39111798e-01  4.64386560e+05 -4.93516404e+01 
 4.69764625e+05  6.10386192e-01  4.69764625e+05 -4.97510221e+01 
 4.75204974e+05  5.81577078e-01  4.75204974e+05 -5.01528855e+01 
 4.80708327e+05  5.52689420e-01  4.80708327e+05 -5.05572729e+01 
 4.86275414e+05  5.23728164e-01  4.86275414e+05 -5.09642281e+01 
 4.91906974e+05  4.94698229e-01  4.91906974e+05 -5.13737965e+01 
 4.97603753e+05  4.65604497e-01  4.97603753e+05 -5.17860250e+01 
 5.03366507e+05  4.36451813e-01  5.03366507e+05 -5.22009619e+01 
 5.09195999e+05  4.07244973e-01  5.09195999e+05 -5.26186571e+01 
 5.15093002e+05  3.77988716e-01  5.15093002e+05 -5.30391619e+01 
 5.21058299e+05  3.48687722e-01  5.21058299e+05 -5.34625293e+01 
 5.27092679e+05  3.19346600e-01  5.27092679e+05 -5.38888134e+01 
 5.33196944e+05  2.89969886e-01  5.33196944e+05 -5.43180702e+01 
 5.39371903e+05  2.60562030e-01  5.39371903e+05 -5.47503569e+01 
 5.45618374e+05  2.31127396e-01  5.45618374e+05 -5.51857321e+01 
 5.51937185e+05  2.01670251e-01  5.51937185e+05 -5.56242559e+01 
 5.58329174e+05  1.72194758e-01  5.58329174e+05 -5.60659899e+01 
 5.64795189e+05  1.42704973e-01  5.64795189e+05 -5.65109969e+01 
 5.71336088e+05  1.13204835e-01  5.71336088e+05 -5.69593410e+01 
 5.77952736e+05  8.36981616e-02  5.77952736e+05 -5.74110880e+01 
 5.84646012e+05  5.41886424e-02  5.84646012e+05 -5.78663045e+01 
 5.91416802e+05  2.46798327e-02  5.91416802e+05 -5.83250588e+01 
 5.98266006e+05 -4.82485256e-03  5.98266006e+05 -5.87874201e+01 
 6.05194529e+05 -3.43221442e-02  6.05194529e+05 -5.92534592e+01 
 6.12203293e+05 -6.38089249e-02  6.12203293e+05 -5.97232476e+01 
 6.19293224e+05 -9.32822341e-02  6.19293224e+05 -6.01968584e+01 
 6.26465265e+05 -1.22739274e-01  6.26465265e+05 -6.06743656e+01 
 6.33720365e+05 -1.52177414e-01  6.33720365e+05 -6.11558443e+01 
 6.41059486e+05 -1.81594198e-01  6.41059486e+05 -6.16413705e+01 
 6.48483601e+05 -2.10987344e-01  6.48483601e+05 -6.21310214e+01 
 6.55993696e+05 -2.40354755e-01  6.55993696e+05 -6.26248751e+01 
 6.63590765e+05 -2.69694519e-01  6.63590765e+05 -6.31230106e+01 
 6.71275815e+05 -2.99004915e-01  6.71275815e+05 -6.36255077e+01 
 6.79049866e+05 -3.28284419e-01  6.79049866e+05 -6.41324472e+01 
 6.86913949e+05 -3.57531702e-01  6.86913949e+05 -6.46439105e+01 
 6.94869105e+05 -3.86745640e-01  6.94869105e+05 -6.51599798e+01 
 7.02916391e+05 -4.15925315e-01  7.02916391e+05 -6.56807380e+01 
 7.11056872e+05 -4.45070016e-01  7.11056872e+05 -6.62062686e+01 
 7.19291628e+05 -4.74179247e-01  7.19291628e+05 -6.67366559e+01 
 7.27621750e+05 -5.03252726e-01  7.27621750e+05 -6.72719844e+01 
 7.36048344e+05 -5.32290388e-01  7.36048344e+05 -6.78123393e+01 
 7.44572527e+05 -5.61292390e-01  7.44572527e+05 -6.83578064e+01 
 7.53195428e+05 -5.90259110e-01  7.53195428e+05 -6.89084715e+01 
 7.61918191e+05 -6.19191153e-01  7.61918191e+05 -6.94644211e+01 
 7.70741972e+05 -6.48089348e-01  7.70741972e+05 -7.00257417e+01 
 7.79667942e+05 -6.76954755e-01  7.79667942e+05 -7.05925204e+01 
 7.88697283e+05 -7.05788663e-01  7.88697283e+05 -7.11648441e+01 
 7.97831193e+05 -7.34592593e-01  7.97831193e+05 -7.17428001e+01 
 8.07070883e+05 -7.63368297e-01  8.07070883e+05 -7.23264756e+01 
 8.16417578e+05 -7.92117762e-01  8.16417578e+05 -7.29159581e+01 
 8.25872518e+05 -8.20843211e-01  8.25872518e+05 -7.35113348e+01 
 8.35436955e+05 -8.49547101e-01  8.35436955e+05 -7.41126928e+01 
 8.45112157e+05 -8.78232124e-01  8.45112157e+05 -7.47201194e+01 
 8.54899409e+05 -9.06901211e-01  8.54899409e+05 -7.53337014e+01 
 8.64800006e+05 -9.35557527e-01  8.64800006e+05 -7.59535255e+01 
 8.74815263e+05 -9.64204474e-01  8.74815263e+05 -7.65796780e+01 
 8.84946506e+05 -9.92845695e-01  8.84946506e+05 -7.72122450e+01 
 8.95195080e+05 -1.02148506e+00  8.95195080e+05 -7.78513120e+01 
 9.05562342e+05 -1.05012669e+00  9.05562342e+05 -7.84969643e+01 
 9.16049667e+05 -1.07877494e+00  9.16049667e+05 -7.91492865e+01 
 9.26658447e+05 -1.10743438e+00  9.26658447e+05 -7.98083627e+01 
 9.37390086e+05 -1.13610983e+00  9.37390086e+05 -8.04742764e+01 
 9.48246009e+05 -1.16480636e+00  9.48246009e+05 -8.11471104e+01 
 9.59227655e+05 -1.19352925e+00  9.59227655e+05 -8.18269467e+01 
 9.70336479e+05 -1.22228402e+00  9.70336479e+05 -8.25138667e+01 
 9.81573954e+05 -1.25107643e+00  9.81573954e+05 -8.32079508e+01 
 9.92941571e+05 -1.27991246e+00  9.92941571e+05 -8.39092787e+01 
 1.00444084e+06 -1.30879832e+00  1.00444084e+06 -8.46179289e+01 
 1.01607327e+06 -1.33774046e+00  1.01607327e+06 -8.53339792e+01 
 1.02784043e+06 -1.36674555e+00  1.02784043e+06 -8.60575061e+01 
 1.03974386e+06 -1.39582048e+00  1.03974386e+06 -8.67885852e+01 
 1.05178514e+06 -1.42497238e+00  1.05178514e+06 -8.75272909e+01 
 1.06396587e+06 -1.45420860e+00  1.06396587e+06 -8.82736963e+01 
 1.07628767e+06 -1.48353670e+00  1.07628767e+06 -8.90278734e+01 
 1.08875217e+06 -1.51296446e+00  1.08875217e+06 -8.97898927e+01 
 1.10136102e+06 -1.54249991e+00  1.10136102e+06 -9.05598236e+01 
 1.11411589e+06 -1.57215125e+00  1.11411589e+06 -9.13377338e+01 
 1.12701847e+06 -1.60192694e+00  1.12701847e+06 -9.21236899e+01 
 1.14007049e+06 -1.63183563e+00  1.14007049e+06 -9.29177566e+01 
 1.15327365e+06 -1.66188618e+00  1.15327365e+06 -9.37199972e+01 
 1.16662972e+06 -1.69208768e+00  1.16662972e+06 -9.45304736e+01 
 1.18014047e+06 -1.72244941e+00  1.18014047e+06 -9.53492458e+01 
 1.19380769e+06 -1.75298087e+00  1.19380769e+06 -9.61763720e+01 
 1.20763319e+06 -1.78369176e+00  1.20763319e+06 -9.70119089e+01 
 1.22161880e+06 -1.81459199e+00  1.22161880e+06 -9.78559112e+01 
 1.23576638e+06 -1.84569166e+00  1.23576638e+06 -9.87084319e+01 
 1.25007780e+06 -1.87700108e+00  1.25007780e+06 -9.95695219e+01 
 1.26455496e+06 -1.90853075e+00  1.26455496e+06 -1.00439230e+02 
 1.27919978e+06 -1.94029139e+00  1.27919978e+06 -1.01317604e+02 
 1.29401421e+06 -1.97229388e+00  1.29401421e+06 -1.02204688e+02 
 1.30900020e+06 -2.00454932e+00  1.30900020e+06 -1.03100525e+02 
 1.32415974e+06 -2.03706898e+00  1.32415974e+06 -1.04005157e+02 
 1.33949485e+06 -2.06986434e+00  1.33949485e+06 -1.04918620e+02 
 1.35500755e+06 -2.10294705e+00  1.35500755e+06 -1.05840953e+02 
 1.37069990e+06 -2.13632897e+00  1.37069990e+06 -1.06772188e+02 
 1.38657399e+06 -2.17002210e+00  1.38657399e+06 -1.07712358e+02 
 1.40263192e+06 -2.20403866e+00  1.40263192e+06 -1.08661492e+02 
 1.41887581e+06 -2.23839104e+00  1.41887581e+06 -1.09619617e+02 
 1.43530782e+06 -2.27309180e+00  1.43530782e+06 -1.10586756e+02 
 1.45193013e+06 -2.30815368e+00  1.45193013e+06 -1.11562933e+02 
 1.46874495e+06 -2.34358959e+00  1.46874495e+06 -1.12548166e+02 
 1.48575450e+06 -2.37941263e+00  1.48575450e+06 -1.13542473e+02 
 1.50296103e+06 -2.41563604e+00  1.50296103e+06 -1.14545867e+02 
 1.52036684e+06 -2.45227325e+00  1.52036684e+06 -1.15558360e+02 
 1.53797422e+06 -2.48933785e+00  1.53797422e+06 -1.16579961e+02 
 1.55578551e+06 -2.52684361e+00  1.55578551e+06 -1.17610676e+02 
 1.57380308e+06 -2.56480444e+00  1.57380308e+06 -1.18650509e+02 
 1.59202931e+06 -2.60323443e+00  1.59202931e+06 -1.19699460e+02 
 1.61046661e+06 -2.64214781e+00  1.61046661e+06 -1.20757527e+02 
 1.62911744e+06 -2.68155900e+00  1.62911744e+06 -1.21824704e+02 
 1.64798426e+06 -2.72148255e+00  1.64798426e+06 -1.22900984e+02 
 1.66706959e+06 -2.76193318e+00  1.66706959e+06 -1.23986356e+02 
 1.68637593e+06 -2.80292577e+00  1.68637593e+06 -1.25080806e+02 
 1.70590587e+06 -2.84447534e+00  1.70590587e+06 -1.26184317e+02 
 1.72566198e+06 -2.88659708e+00  1.72566198e+06 -1.27296869e+02 
 1.74564689e+06 -2.92930632e+00  1.74564689e+06 -1.28418440e+02 
 1.76586324e+06 -2.97261855e+00  1.76586324e+06 -1.29549003e+02 
 1.78631372e+06 -3.01654942e+00  1.78631372e+06 -1.30688529e+02 
 1.80700103e+06 -3.06111472e+00  1.80700103e+06 -1.31836987e+02 
 1.82792793e+06 -3.10633039e+00  1.82792793e+06 -1.32994341e+02 
 1.84909717e+06 -3.15221253e+00  1.84909717e+06 -1.34160552e+02 
 1.87051159e+06 -3.19877740e+00  1.87051159e+06 -1.35335580e+02 
 1.89217400e+06 -3.24604139e+00  1.89217400e+06 -1.36519379e+02 
 1.91408728e+06 -3.29402108e+00  1.91408728e+06 -1.37711902e+02 
 1.93625434e+06 -3.34273316e+00  1.93625434e+06 -1.38913097e+02 
 1.95867812e+06 -3.39219453e+00  1.95867812e+06 -1.40122909e+02 
 1.98136159e+06 -3.44242219e+00  1.98136159e+06 -1.41341281e+02 
 2.00430776e+06 -3.49343334e+00  2.00430776e+06 -1.42568152e+02 
 2.02751966e+06 -3.54524534e+00  2.02751966e+06 -1.43803458e+02 
 2.05100039e+06 -3.59787568e+00  2.05100039e+06 -1.45047130e+02 
 2.07475304e+06 -3.65134205e+00  2.07475304e+06 -1.46299097e+02 
 2.09878077e+06 -3.70566229e+00  2.09878077e+06 -1.47559285e+02 
 2.12308677e+06 -3.76085441e+00  2.12308677e+06 -1.48827615e+02 
 2.14767426e+06 -3.81693660e+00  2.14767426e+06 -1.50104006e+02 
 2.17254649e+06 -3.87392721e+00  2.17254649e+06 -1.51388372e+02 
 2.19770677e+06 -3.93184478e+00  2.19770677e+06 -1.52680624e+02 
 2.22315843e+06 -3.99070803e+00  2.22315843e+06 -1.53980670e+02 
 2.24890485e+06 -4.05053583e+00  2.24890485e+06 -1.55288414e+02 
 2.27494944e+06 -4.11134726e+00  2.27494944e+06 -1.56603755e+02 
 2.30129565e+06 -4.17316158e+00  2.30129565e+06 -1.57926588e+02 
 2.32794697e+06 -4.23599823e+00  2.32794697e+06 -1.59256807e+02 
 2.35490695e+06 -4.29987682e+00  2.35490695e+06 -1.60594299e+02 
 2.38217915e+06 -4.36481715e+00  2.38217915e+06 -1.61938948e+02 
 2.40976718e+06 -4.43083921e+00  2.40976718e+06 -1.63290632e+02 
 2.43767472e+06 -4.49796315e+00  2.43767472e+06 -1.64649228e+02 
 2.46590545e+06 -4.56620932e+00  2.46590545e+06 -1.66014605e+02 
 2.49446313e+06 -4.63559819e+00  2.49446313e+06 -1.67386631e+02 
 2.52335153e+06 -4.70615045e+00  2.52335153e+06 -1.68765165e+02 
 2.55257448e+06 -4.77788689e+00  2.55257448e+06 -1.70150064e+02 
 2.58213587e+06 -4.85082848e+00  2.58213587e+06 -1.71541179e+02 
 2.61203961e+06 -4.92499628e+00  2.61203961e+06 -1.72938357e+02 
 2.64228966e+06 -5.00041148e+00  2.64228966e+06 -1.74341438e+02 
 2.67289004e+06 -5.07709537e+00  2.67289004e+06 -1.75750256e+02 
 2.70384481e+06 -5.15506929e+00  2.70384481e+06 -1.77164641e+02 
 2.73515806e+06 -5.23435463e+00  2.73515806e+06 -1.78584417e+02 
 2.76683395e+06 -5.31497278e+00  2.76683395e+06  1.79990601e+02 
 2.79887667e+06 -5.39694514e+00  2.79887667e+06  1.78560601e+02 
 2.83129049e+06 -5.48029302e+00  2.83129049e+06  1.77125780e+02 
 2.86407969e+06 -5.56503763e+00  2.86407969e+06  1.75686339e+02 
 2.89724862e+06 -5.65120005e+00  2.89724862e+06  1.74242490e+02 
 2.93080168e+06 -5.73880114e+00  2.93080168e+06  1.72794447e+02 
 2.96474332e+06 -5.82786150e+00  2.96474332e+06  1.71342437e+02 
 2.99907804e+06 -5.91840140e+00  2.99907804e+06  1.69886691e+02 
 3.03381039e+06 -6.01044071e+00  3.03381039e+06  1.68427447e+02 
 3.06894498e+06 -6.10399886e+00  3.06894498e+06  1.66964953e+02 
 3.10448646e+06 -6.19909469e+00  3.10448646e+06  1.65499464e+02 
 3.14043954e+06 -6.29574640e+00  3.14043954e+06  1.64031243e+02 
 3.17680900e+06 -6.39397148e+00  3.17680900e+06  1.62560560e+02 
 3.21359965e+06 -6.49378658e+00  3.21359965e+06  1.61087695e+02 
 3.25081638e+06 -6.59520740e+00  3.25081638e+06  1.59612934e+02 
 3.28846411e+06 -6.69824861e+00  3.28846411e+06  1.58136572e+02 
 3.32654785e+06 -6.80292371e+00  3.32654785e+06  1.56658911e+02 
 3.36507263e+06 -6.90924495e+00  3.36507263e+06  1.55180259e+02 
 3.40404356e+06 -7.01722316e+00  3.40404356e+06  1.53700934e+02 
 3.44346582e+06 -7.12686768e+00  3.44346582e+06  1.52221258e+02 
 3.48334463e+06 -7.23818621e+00  3.48334463e+06  1.50741562e+02 
 3.52368527e+06 -7.35118470e+00  3.52368527e+06  1.49262179e+02 
 3.56449310e+06 -7.46586722e+00  3.56449310e+06  1.47783451e+02 
 3.60577353e+06 -7.58223586e+00  3.60577353e+06  1.46305721e+02 
 3.64753203e+06 -7.70029062e+00  3.64753203e+06  1.44829338e+02 
 3.68977413e+06 -7.82002927e+00  3.68977413e+06  1.43354651e+02 
 3.73250543e+06 -7.94144732e+00  3.73250543e+06  1.41882014e+02 
 3.77573161e+06 -8.06453788e+00  3.77573161e+06  1.40411780e+02 
 3.81945839e+06 -8.18929160e+00  3.81945839e+06  1.38944299e+02 
 3.86369158e+06 -8.31569660e+00  3.86369158e+06  1.37479924e+02 
 3.90843702e+06 -8.44373848e+00  3.90843702e+06  1.36019001e+02 
 3.95370067e+06 -8.57340020e+00  3.95370067e+06  1.34561874e+02 
 3.99948851e+06 -8.70466216e+00  3.99948851e+06  1.33108879e+02 
 4.04580662e+06 -8.83750213e+00  4.04580662e+06  1.31660347e+02 
 4.09266114e+06 -8.97189534e+00  4.09266114e+06  1.30216599e+02 
 4.14005829e+06 -9.10781452e+00  4.14005829e+06  1.28777946e+02 
 4.18800434e+06 -9.24522992e+00  4.18800434e+06  1.27344688e+02 
 4.23650566e+06 -9.38410950e+00  4.23650566e+06  1.25917112e+02 
 4.28556866e+06 -9.52441895e+00  4.28556866e+06  1.24495489e+02 
 4.33519987e+06 -9.66612191e+00  4.33519987e+06  1.23080077e+02 
 4.38540586e+06 -9.80918009e+00  4.38540586e+06  1.21671114e+02 
 4.43619329e+06 -9.95355343e+00  4.43619329e+06  1.20268822e+02 
 4.48756888e+06 -1.00992004e+01  4.48756888e+06  1.18873405e+02 
 4.53953946e+06 -1.02460780e+01  4.53953946e+06  1.17485044e+02 
 4.59211190e+06 -1.03941422e+01  4.59211190e+06  1.16103900e+02 
 4.64529319e+06 -1.05433482e+01  4.64529319e+06  1.14730116e+02 
 4.69909037e+06 -1.06936506e+01  4.69909037e+06  1.13363809e+02 
 4.75351058e+06 -1.08450034e+01  4.75351058e+06  1.12005076e+02 
 4.80856103e+06 -1.09973608e+01  4.80856103e+06  1.10653991e+02 
 4.86424902e+06 -1.11506769e+01  4.86424902e+06  1.09310608e+02 
 4.92058193e+06 -1.13049065e+01  4.92058193e+06  1.07974956e+02 
 4.97756723e+06 -1.14600049e+01  4.97756723e+06  1.06647046e+02 
 5.03521248e+06 -1.16159284e+01  5.03521248e+06  1.05326865e+02 
 5.09352532e+06 -1.17726343e+01  5.09352532e+06  1.04014383e+02 
 5.15251348e+06 -1.19300814e+01  5.15251348e+06  1.02709548e+02 
 5.21218479e+06 -1.20882301e+01  5.21218479e+06  1.01412293e+02 
 5.27254715e+06 -1.22470424e+01  5.27254715e+06  1.00122531e+02 
 5.33360856e+06 -1.24064823e+01  5.33360856e+06  9.88401600e+01 
 5.39537713e+06 -1.25665158e+01  5.39537713e+06  9.75650649e+01 
 5.45786104e+06 -1.27271111e+01  5.45786104e+06  9.62971161e+01 
 5.52106858e+06 -1.28882387e+01  5.52106858e+06  9.50361728e+01 
 5.58500812e+06 -1.30498714e+01  5.58500812e+06  9.37820838e+01 
 5.64968815e+06 -1.32119843e+01  5.64968815e+06  9.25346892e+01 
 5.71511724e+06 -1.33745549e+01  5.71511724e+06  9.12938218e+01 
 5.78130406e+06 -1.35375633e+01  5.78130406e+06  9.00593084e+01 
 5.84825740e+06 -1.37009919e+01  5.84825740e+06  8.88309711e+01 
 5.91598612e+06 -1.38648254e+01  5.91598612e+06  8.76086292e+01 
 5.98449920e+06 -1.40290510e+01  5.98449920e+06  8.63921000e+01 
 6.05380574e+06 -1.41936579e+01  6.05380574e+06  8.51811998e+01 
 6.12391492e+06 -1.43586377e+01  6.12391492e+06  8.39757458e+01 
 6.19483603e+06 -1.45239840e+01  6.19483603e+06  8.27755564e+01 
 6.26657849e+06 -1.46896925e+01  6.26657849e+06  8.15804526e+01 
 6.33915179e+06 -1.48557606e+01  6.33915179e+06  8.03902589e+01 
 6.41256556e+06 -1.50221874e+01  6.41256556e+06  7.92048035e+01 
 6.48682954e+06 -1.51889740e+01  6.48682954e+06  7.80239199e+01 
 6.56195357e+06 -1.53561226e+01  6.56195357e+06  7.68474466e+01 
 6.63794761e+06 -1.55236371e+01  6.63794761e+06  7.56752281e+01 
 6.71482174e+06 -1.56915223e+01  6.71482174e+06  7.45071152e+01 
 6.79258615e+06 -1.58597845e+01  6.79258615e+06  7.33429654e+01 
 6.87125115e+06 -1.60284307e+01  6.87125115e+06  7.21826429e+01 
 6.95082717e+06 -1.61974689e+01  6.95082717e+06  7.10260189e+01 
 7.03132476e+06 -1.63669079e+01  7.03132476e+06  6.98729719e+01 
 7.11275460e+06 -1.65367571e+01  7.11275460e+06  6.87233874e+01 
 7.19512747e+06 -1.67070262e+01  7.19512747e+06  6.75771579e+01 
 7.27845431e+06 -1.68777257e+01  7.27845431e+06  6.64341832e+01 
 7.36274615e+06 -1.70488661e+01  7.36274615e+06  6.52943699e+01 
 7.44801418e+06 -1.72204584e+01  7.44801418e+06  6.41576311e+01 
 7.53426970e+06 -1.73925134e+01  7.53426970e+06  6.30238867e+01 
 7.62152414e+06 -1.75650424e+01  7.62152414e+06  6.18930628e+01 
 7.70978908e+06 -1.77380562e+01  7.70978908e+06  6.07650916e+01 
 7.79907622e+06 -1.79115659e+01  7.79907622e+06  5.96399109e+01 
 7.88939739e+06 -1.80855823e+01  7.88939739e+06  5.85174642e+01 
 7.98076457e+06 -1.82601159e+01  7.98076457e+06  5.73976997e+01 
 8.07318988e+06 -1.84351773e+01  8.07318988e+06  5.62805709e+01 
 8.16668556e+06 -1.86107764e+01  8.16668556e+06  5.51660355e+01 
 8.26126402e+06 -1.87869231e+01  8.26126402e+06  5.40540554e+01 
 8.35693779e+06 -1.89636267e+01  8.35693779e+06  5.29445965e+01 
 8.45371956e+06 -1.91408963e+01  8.45371956e+06  5.18376279e+01 
 8.55162216e+06 -1.93187405e+01  8.55162216e+06  5.07331222e+01 
 8.65065857e+06 -1.94971674e+01  8.65065857e+06  4.96310548e+01 
 8.75084193e+06 -1.96761850e+01  8.75084193e+06  4.85314036e+01 
 8.85218551e+06 -1.98558003e+01  8.85218551e+06  4.74341486e+01 
 8.95470275e+06 -2.00360205e+01  8.95470275e+06  4.63392723e+01 
 9.05840724e+06 -2.02168517e+01  9.05840724e+06  4.52467584e+01 
 9.16331273e+06 -2.03983001e+01  9.16331273e+06  4.41565923e+01 
 9.26943314e+06 -2.05803710e+01  9.26943314e+06  4.30687605e+01 
 9.37678253e+06 -2.07630695e+01  9.37678253e+06  4.19832507e+01 
 9.48537513e+06 -2.09464003e+01  9.48537513e+06  4.09000510e+01 
 9.59522534e+06 -2.11303675e+01  9.59522534e+06  3.98191503e+01 
 9.70634773e+06 -2.13149748e+01  9.70634773e+06  3.87405377e+01 
 9.81875703e+06 -2.15002255e+01  9.81875703e+06  3.76642025e+01 
 9.93246814e+06 -2.16861227e+01  9.93246814e+06  3.65901340e+01 
 1.00474961e+07 -2.18726688e+01  1.00474961e+07  3.55183213e+01 
 1.01638563e+07 -2.20598660e+01  1.01638563e+07  3.44487532e+01 
 1.02815640e+07 -2.22477161e+01  1.02815640e+07  3.33814180e+01 
 1.04006349e+07 -2.24362207e+01  1.04006349e+07  3.23163035e+01 
 1.05210847e+07 -2.26253809e+01  1.05210847e+07  3.12533968e+01 
 1.06429295e+07 -2.28151975e+01  1.06429295e+07  3.01926842e+01 
 1.07661854e+07 -2.30056711e+01  1.07661854e+07  2.91341513e+01 
 1.08908687e+07 -2.31968021e+01  1.08908687e+07  2.80777824e+01 
 1.10169959e+07 -2.33885904e+01  1.10169959e+07  2.70235613e+01 
 1.11445838e+07 -2.35810361e+01  1.11445838e+07  2.59714704e+01 
 1.12736493e+07 -2.37741385e+01  1.12736493e+07  2.49214910e+01 
 1.14042096e+07 -2.39678973e+01  1.14042096e+07  2.38736036e+01 
 1.15362818e+07 -2.41623115e+01  1.15362818e+07  2.28277872e+01 
 1.16698836e+07 -2.43573804e+01  1.16698836e+07  2.17840198e+01 
 1.18050326e+07 -2.45531029e+01  1.18050326e+07  2.07422782e+01 
 1.19417468e+07 -2.47494778e+01  1.19417468e+07  1.97025379e+01 
 1.20800443e+07 -2.49465037e+01  1.20800443e+07  1.86647733e+01 
 1.22199434e+07 -2.51441795e+01  1.22199434e+07  1.76289577e+01 
 1.23614627e+07 -2.53425035e+01  1.23614627e+07  1.65950632e+01 
 1.25046209e+07 -2.55414742e+01  1.25046209e+07  1.55630606e+01 
 1.26494370e+07 -2.57410902e+01  1.26494370e+07  1.45329198e+01 
 1.27959303e+07 -2.59413498e+01  1.27959303e+07  1.35046096e+01 
 1.29441200e+07 -2.61422514e+01  1.29441200e+07  1.24780975e+01 
 1.30940260e+07 -2.63437933e+01  1.30940260e+07  1.14533504e+01 
 1.32456680e+07 -2.65459740e+01  1.32456680e+07  1.04303340e+01 
 1.33990662e+07 -2.67487918e+01  1.33990662e+07  9.40901313e+00 
 1.35542409e+07 -2.69522453e+01  1.35542409e+07  8.38935174e+00 
 1.37112127e+07 -2.71563328e+01  1.37112127e+07  7.37131307e+00 
 1.38700024e+07 -2.73610528e+01  1.38700024e+07  6.35485956e+00 
 1.40306310e+07 -2.75664040e+01  1.40306310e+07  5.33995302e+00 
 1.41931199e+07 -2.77723849e+01  1.41931199e+07  4.32655461e+00 
 1.43574905e+07 -2.79789944e+01  1.43574905e+07  3.31462498e+00 
 1.45237648e+07 -2.81862311e+01  1.45237648e+07  2.30412427e+00 
 1.46919646e+07 -2.83940940e+01  1.46919646e+07  1.29501227e+00 
 1.48621124e+07 -2.86025821e+01  1.48621124e+07  2.87248382e-01 
 1.50342306e+07 -2.88116943e+01  1.50342306e+07 -7.19208212e-01 
 1.52083422e+07 -2.90214300e+01  1.52083422e+07 -1.72439853e+00 
 1.53844701e+07 -2.92317885e+01  1.53844701e+07 -2.72836368e+00 
 1.55626378e+07 -2.94427690e+01  1.55626378e+07 -3.73114483e+00 
 1.57428689e+07 -2.96543713e+01  1.57428689e+07 -4.73278307e+00 
 1.59251872e+07 -2.98665948e+01  1.59251872e+07 -5.73331938e+00 
 1.61096169e+07 -3.00794394e+01  1.61096169e+07 -6.73279454e+00 
 1.62961825e+07 -3.02929051e+01  1.62961825e+07 -7.73124904e+00 
 1.64849088e+07 -3.05069917e+01  1.64849088e+07 -8.72872301e+00 
 1.66758206e+07 -3.07216995e+01  1.66758206e+07 -9.72525614e+00 
 1.68689435e+07 -3.09370288e+01  1.68689435e+07 -1.07208876e+01 
 1.70643029e+07 -3.11529800e+01  1.70643029e+07 -1.17156560e+01 
 1.72619247e+07 -3.13695536e+01  1.72619247e+07 -1.27095992e+01 
 1.74618352e+07 -3.15867502e+01  1.74618352e+07 -1.37027544e+01 
 1.76640609e+07 -3.18045707e+01  1.76640609e+07 -1.46951580e+01 
 1.78686285e+07 -3.20230160e+01  1.78686285e+07 -1.56868452e+01 
 1.80755653e+07 -3.22420870e+01  1.80755653e+07 -1.66778506e+01 
 1.82848985e+07 -3.24617850e+01  1.82848985e+07 -1.76682076e+01 
 1.84966561e+07 -3.26821112e+01  1.84966561e+07 -1.86579483e+01 
 1.87108661e+07 -3.29030670e+01  1.87108661e+07 -1.96471039e+01 
 1.89275568e+07 -3.31246538e+01  1.89275568e+07 -2.06357042e+01 
 1.91467570e+07 -3.33468733e+01  1.91467570e+07 -2.16237774e+01 
 1.93684957e+07 -3.35697271e+01  1.93684957e+07 -2.26113508e+01 
 1.95928024e+07 -3.37932169e+01  1.95928024e+07 -2.35984497e+01 
 1.98197069e+07 -3.40173447e+01  1.98197069e+07 -2.45850982e+01 
 2.00492391e+07 -3.42421123e+01  2.00492391e+07 -2.55713185e+01 
 2.02814295e+07 -3.44675219e+01  2.02814295e+07 -2.65571314e+01 
 2.05163089e+07 -3.46935754e+01  2.05163089e+07 -2.75425558e+01 
 2.07539085e+07 -3.49202750e+01  2.07539085e+07 -2.85276087e+01 
 2.09942597e+07 -3.51476229e+01  2.09942597e+07 -2.95123054e+01 
 2.12373944e+07 -3.53756214e+01  2.12373944e+07 -3.04966591e+01 
 2.14833448e+07 -3.56042728e+01  2.14833448e+07 -3.14806812e+01 
 2.17321436e+07 -3.58335793e+01  2.17321436e+07 -3.24643809e+01 
 2.19838238e+07 -3.60635435e+01  2.19838238e+07 -3.34477653e+01 
 2.22384186e+07 -3.62941675e+01  2.22384186e+07 -3.44308394e+01 
 2.24959620e+07 -3.65254539e+01  2.24959620e+07 -3.54136059e+01 
 2.27564879e+07 -3.67574049e+01  2.27564879e+07 -3.63960654e+01 
 2.30200310e+07 -3.69900230e+01  2.30200310e+07 -3.73782161e+01 
 2.32866262e+07 -3.72233106e+01  2.32866262e+07 -3.83600537e+01 
 2.35563088e+07 -3.74572699e+01  2.35563088e+07 -3.93415717e+01 
 2.38291146e+07 -3.76919034e+01  2.38291146e+07 -4.03227611e+01 
 2.41050798e+07 -3.79272132e+01  2.41050798e+07 -4.13036103e+01 
 2.43842409e+07 -3.81632016e+01  2.43842409e+07 -4.22841054e+01 
 2.46666350e+07 -3.83998707e+01  2.46666350e+07 -4.32642297e+01 
 2.49522996e+07 -3.86372226e+01  2.49522996e+07 -4.42439639e+01 
 2.52412724e+07 -3.88752593e+01  2.52412724e+07 -4.52232863e+01 
 2.55335918e+07 -3.91139828e+01  2.55335918e+07 -4.62021723e+01 
 2.58292965e+07 -3.93533947e+01  2.58292965e+07 -4.71805947e+01 
 2.61284258e+07 -3.95934969e+01  2.61284258e+07 -4.81585235e+01 
 2.64310194e+07 -3.98342909e+01  2.64310194e+07 -4.91359261e+01 
 2.67371172e+07 -4.00757781e+01  2.67371172e+07 -5.01127668e+01 
 2.70467600e+07 -4.03179599e+01  2.70467600e+07 -5.10890076e+01 
 2.73599888e+07 -4.05608373e+01  2.73599888e+07 -5.20646072e+01 
 2.76768451e+07 -4.08044113e+01  2.76768451e+07 -5.30395217e+01 
 2.79973709e+07 -4.10486828e+01  2.79973709e+07 -5.40137043e+01 
 2.83216087e+07 -4.12936524e+01  2.83216087e+07 -5.49871054e+01 
 2.86496015e+07 -4.15393205e+01  2.86496015e+07 -5.59596724e+01 
 2.89813928e+07 -4.17856872e+01  2.89813928e+07 -5.69313501e+01 
 2.93170265e+07 -4.20327526e+01  2.93170265e+07 -5.79020800e+01 
 2.96565473e+07 -4.22805165e+01  2.96565473e+07 -5.88718011e+01 
 3.00000000e+07 -4.25289783e+01  3.00000000e+07 -5.98404493e+01 
