 2.00000000e-01  1.48135433e+00  2.00000000e-01  6.78861864e+01 
 2.02316202e-01  1.56705374e+00  2.02316202e-01  6.76551525e+01 
 2.04659228e-01  1.65246837e+00  2.04659228e-01  6.74222196e+01 
 2.07029388e-01  1.73759353e+00  2.07029388e-01  6.71873876e+01 
 2.09426997e-01  1.82242451e+00  2.09426997e-01  6.69506571e+01 
 2.11852373e-01  1.90695654e+00  2.11852373e-01  6.67120288e+01 
 2.14305837e-01  1.99118485e+00  2.14305837e-01  6.64715044e+01 
 2.16787715e-01  2.07510460e+00  2.16787715e-01  6.62290858e+01 
 2.19298335e-01  2.15871093e+00  2.19298335e-01  6.59847755e+01 
 2.21838031e-01  2.24199897e+00  2.21838031e-01  6.57385768e+01 
 2.24407140e-01  2.32496380e+00  2.24407140e-01  6.54904934e+01 
 2.27006001e-01  2.40760046e+00  2.27006001e-01  6.52405296e+01 
 2.29634959e-01  2.48990400e+00  2.29634959e-01  6.49886903e+01 
 2.32294364e-01  2.57186942e+00  2.32294364e-01  6.47349810e+01 
 2.34984567e-01  2.65349172e+00  2.34984567e-01  6.44794080e+01 
 2.37705925e-01  2.73476585e+00  2.37705925e-01  6.42219779e+01 
 2.40458800e-01  2.81568676e+00  2.40458800e-01  6.39626983e+01 
 2.43243555e-01  2.89624940e+00  2.43243555e-01  6.37015772e+01 
 2.46060561e-01  2.97644869e+00  2.46060561e-01  6.34386235e+01 
 2.48910190e-01  3.05627954e+00  2.48910190e-01  6.31738465e+01 
 2.51792821e-01  3.13573685e+00  2.51792821e-01  6.29072564e+01 
 2.54708836e-01  3.21481553e+00  2.54708836e-01  6.26388640e+01 
 2.57658622e-01  3.29351047e+00  2.57658622e-01  6.23686809e+01 
 2.60642568e-01  3.37181657e+00  2.60642568e-01  6.20967193e+01 
 2.63661072e-01  3.44972872e+00  2.63661072e-01  6.18229921e+01 
 2.66714534e-01  3.52724184e+00  2.66714534e-01  6.15475131e+01 
 2.69803357e-01  3.60435083e+00  2.69803357e-01  6.12702967e+01 
 2.72927952e-01  3.68105062e+00  2.72927952e-01  6.09913579e+01 
 2.76088733e-01  3.75733616e+00  2.76088733e-01  6.07107129e+01 
 2.79286119e-01  3.83320239e+00  2.79286119e-01  6.04283781e+01 
 2.82520534e-01  3.90864429e+00  2.82520534e-01  6.01443711e+01 
 2.85792407e-01  3.98365687e+00  2.85792407e-01  5.98587099e+01 
 2.89102171e-01  4.05823515e+00  2.89102171e-01  5.95714135e+01 
 2.92450266e-01  4.13237419e+00  2.92450266e-01  5.92825017e+01 
 2.95837135e-01  4.20606908e+00  2.95837135e-01  5.89919948e+01 
 2.99263228e-01  4.27931495e+00  2.99263228e-01  5.86999141e+01 
 3.02728998e-01  4.35210696e+00  3.02728998e-01  5.84062817e+01 
 3.06234905e-01  4.42444035e+00  3.06234905e-01  5.81111202e+01 
 3.09781414e-01  4.49631035e+00  3.09781414e-01  5.78144532e+01 
 3.13368996e-01  4.56771228e+00  3.13368996e-01  5.75163050e+01 
 3.16998125e-01  4.63864152e+00  3.16998125e-01  5.72167006e+01 
 3.20669283e-01  4.70909348e+00  3.20669283e-01  5.69156659e+01 
 3.24382957e-01  4.77906364e+00  3.24382957e-01  5.66132275e+01 
 3.28139639e-01  4.84854757e+00  3.28139639e-01  5.63094126e+01 
 3.31939827e-01  4.91754087e+00  3.31939827e-01  5.60042493e+01 
 3.35784025e-01  4.98603924e+00  3.35784025e-01  5.56977664e+01 
 3.39672743e-01  5.05403845e+00  3.39672743e-01  5.53899934e+01 
 3.43606496e-01  5.12153434e+00  3.43606496e-01  5.50809606e+01 
 3.47585805e-01  5.18852284e+00  3.47585805e-01  5.47706989e+01 
 3.51611200e-01  5.25499998e+00  3.51611200e-01  5.44592399e+01 
 3.55683212e-01  5.32096185e+00  3.55683212e-01  5.41466161e+01 
 3.59802383e-01  5.38640467e+00  3.59802383e-01  5.38328603e+01 
 3.63969257e-01  5.45132471e+00  3.63969257e-01  5.35180063e+01 
 3.68184388e-01  5.51571839e+00  3.68184388e-01  5.32020883e+01 
 3.72448335e-01  5.57958220e+00  3.72448335e-01  5.28851414e+01 
 3.76761663e-01  5.64291276e+00  3.76761663e-01  5.25672011e+01 
 3.81124943e-01  5.70570677e+00  3.81124943e-01  5.22483035e+01 
 3.85538754e-01  5.76796108e+00  3.85538754e-01  5.19284855e+01 
 3.90003682e-01  5.82967262e+00  3.90003682e-01  5.16077842e+01 
 3.94520318e-01  5.89083847e+00  3.94520318e-01  5.12862377e+01 
 3.99089261e-01  5.95145582e+00  3.99089261e-01  5.09638842e+01 
 4.03711118e-01  6.01152197e+00  4.03711118e-01  5.06407627e+01 
 4.08386500e-01  6.07103437e+00  4.08386500e-01  5.03169124e+01 
 4.13116027e-01  6.12999059e+00  4.13116027e-01  4.99923734e+01 
 4.17900328e-01  6.18838833e+00  4.17900328e-01  4.96671857e+01 
 4.22740035e-01  6.24622543e+00  4.22740035e-01  4.93413901e+01 
 4.27635791e-01  6.30349987e+00  4.27635791e-01  4.90150278e+01 
 4.32588245e-01  6.36020975e+00  4.32588245e-01  4.86881400e+01 
 4.37598053e-01  6.41635334e+00  4.37598053e-01  4.83607686e+01 
 4.42665880e-01  6.47192903e+00  4.42665880e-01  4.80329557e+01 
 4.47792398e-01  6.52693536e+00  4.47792398e-01  4.77047437e+01 
 4.52978286e-01  6.58137102e+00  4.52978286e-01  4.73761752e+01 
 4.58224231e-01  6.63523485e+00  4.58224231e-01  4.70472930e+01 
 4.63530930e-01  6.68852583e+00  4.63530930e-01  4.67181404e+01 
 4.68899086e-01  6.74124308e+00  4.68899086e-01  4.63887604e+01 
 4.74329410e-01  6.79338591e+00  4.74329410e-01  4.60591966e+01 
 4.79822623e-01  6.84495373e+00  4.79822623e-01  4.57294925e+01 
 4.85379453e-01  6.89594614e+00  4.85379453e-01  4.53996916e+01 
 4.91000637e-01  6.94636287e+00  4.91000637e-01  4.50698377e+01 
 4.96686920e-01  6.99620382e+00  4.96686920e-01  4.47399746e+01 
 5.02439056e-01  7.04546903e+00  5.02439056e-01  4.44101458e+01 
 5.08257807e-01  7.09415870e+00  5.08257807e-01  4.40803952e+01 
 5.14143945e-01  7.14227317e+00  5.14143945e-01  4.37507664e+01 
 5.20098251e-01  7.18981294e+00  5.20098251e-01  4.34213029e+01 
 5.26121513e-01  7.23677868e+00  5.26121513e-01  4.30920483e+01 
 5.32214531e-01  7.28317118e+00  5.32214531e-01  4.27630458e+01 
 5.38378112e-01  7.32899140e+00  5.38378112e-01  4.24343387e+01 
 5.44613074e-01  7.37424043e+00  5.44613074e-01  4.21059698e+01 
 5.50920243e-01  7.41891953e+00  5.50920243e-01  4.17779820e+01 
 5.57300455e-01  7.46303010e+00  5.57300455e-01  4.14504177e+01 
 5.63754556e-01  7.50657367e+00  5.63754556e-01  4.11233191e+01 
 5.70283403e-01  7.54955193e+00  5.70283403e-01  4.07967282e+01 
 5.76887860e-01  7.59196671e+00  5.76887860e-01  4.04706865e+01 
 5.83568804e-01  7.63381997e+00  5.83568804e-01  4.01452353e+01 
 5.90327119e-01  7.67511382e+00  5.90327119e-01  3.98204154e+01 
 5.97163703e-01  7.71585050e+00  5.97163703e-01  3.94962673e+01 
 6.04079461e-01  7.75603238e+00  6.04079461e-01  3.91728310e+01 
 6.11075310e-01  7.79566197e+00  6.11075310e-01  3.88501461e+01 
 6.18152179e-01  7.83474189e+00  6.18152179e-01  3.85282516e+01 
 6.25311005e-01  7.87327491e+00  6.25311005e-01  3.82071862e+01 
 6.32552737e-01  7.91126391e+00  6.32552737e-01  3.78869879e+01 
 6.39878336e-01  7.94871190e+00  6.39878336e-01  3.75676943e+01 
 6.47288773e-01  7.98562198e+00  6.47288773e-01  3.72493423e+01 
 6.54785030e-01  8.02199740e+00  6.54785030e-01  3.69319685e+01 
 6.62368101e-01  8.05784150e+00  6.62368101e-01  3.66156085e+01 
 6.70038992e-01  8.09315774e+00  6.70038992e-01  3.63002977e+01 
 6.77798719e-01  8.12794967e+00  6.77798719e-01  3.59860706e+01 
 6.85648312e-01  8.16222095e+00  6.85648312e-01  3.56729612e+01 
 6.93588812e-01  8.19597535e+00  6.93588812e-01  3.53610027e+01 
 7.01621270e-01  8.22921672e+00  7.01621270e-01  3.50502278e+01 
 7.09746752e-01  8.26194900e+00  7.09746752e-01  3.47406683e+01 
 7.17966335e-01  8.29417622e+00  7.17966335e-01  3.44323557e+01 
 7.26281110e-01  8.32590251e+00  7.26281110e-01  3.41253203e+01 
 7.34692178e-01  8.35713206e+00  7.34692178e-01  3.38195920e+01 
 7.43200655e-01  8.38786915e+00  7.43200655e-01  3.35152000e+01 
 7.51807668e-01  8.41811814e+00  7.51807668e-01  3.32121725e+01 
 7.60514359e-01  8.44788343e+00  7.60514359e-01  3.29105373e+01 
 7.69321883e-01  8.47716953e+00  7.69321883e-01  3.26103212e+01 
 7.78231406e-01  8.50598097e+00  7.78231406e-01  3.23115503e+01 
 7.87244111e-01  8.53432237e+00  7.87244111e-01  3.20142501e+01 
 7.96361192e-01  8.56219840e+00  7.96361192e-01  3.17184450e+01 
 8.05583858e-01  8.58961378e+00  8.05583858e-01  3.14241591e+01 
 8.14913332e-01  8.61657326e+00  8.14913332e-01  3.11314154e+01 
 8.24350851e-01  8.64308168e+00  8.24350851e-01  3.08402361e+01 
 8.33897665e-01  8.66914387e+00  8.33897665e-01  3.05506430e+01 
 8.43555041e-01  8.69476473e+00  8.43555041e-01  3.02626566e+01 
 8.53324260e-01  8.71994919e+00  8.53324260e-01  2.99762972e+01 
 8.63206616e-01  8.74470222e+00  8.63206616e-01  2.96915839e+01 
 8.73203419e-01  8.76902879e+00  8.73203419e-01  2.94085352e+01 
 8.83315996e-01  8.79293392e+00  8.83315996e-01  2.91271688e+01 
 8.93545686e-01  8.81642266e+00  8.93545686e-01  2.88475018e+01 
 9.03893847e-01  8.83950004e+00  9.03893847e-01  2.85695504e+01 
 9.14361849e-01  8.86217115e+00  9.14361849e-01  2.82933300e+01 
 9.24951082e-01  8.88444105e+00  9.24951082e-01  2.80188554e+01 
 9.35662949e-01  8.90631485e+00  9.35662949e-01  2.77461405e+01 
 9.46498870e-01  8.92779765e+00  9.46498870e-01  2.74751987e+01 
 9.57460281e-01  8.94889454e+00  9.57460281e-01  2.72060425e+01 
 9.68548637e-01  8.96961063e+00  9.68548637e-01  2.69386836e+01 
 9.79765408e-01  8.98995102e+00  9.79765408e-01  2.66731334e+01 
 9.91112080e-01  9.00992081e+00  9.91112080e-01  2.64094021e+01 
 1.00259016e+00  9.02952509e+00  1.00259016e+00  2.61474995e+01 
 1.01420116e+00  9.04876894e+00  1.01420116e+00  2.58874347e+01 
 1.02594664e+00  9.06765743e+00  1.02594664e+00  2.56292160e+01 
 1.03782813e+00  9.08619561e+00  1.03782813e+00  2.53728512e+01 
 1.04984723e+00  9.10438854e+00  1.04984723e+00  2.51183473e+01 
 1.06200552e+00  9.12224122e+00  1.06200552e+00  2.48657108e+01 
 1.07430462e+00  9.13975866e+00  1.07430462e+00  2.46149475e+01 
 1.08674615e+00  9.15694583e+00  1.08674615e+00  2.43660625e+01 
 1.09933176e+00  9.17380770e+00  1.09933176e+00  2.41190604e+01 
 1.11206313e+00  9.19034919e+00  1.11206313e+00  2.38739452e+01 
 1.12494195e+00  9.20657519e+00  1.12494195e+00  2.36307203e+01 
 1.13796991e+00  9.22249058e+00  1.13796991e+00  2.33893885e+01 
 1.15114875e+00  9.23810019e+00  1.15114875e+00  2.31499520e+01 
 1.16448021e+00  9.25340884e+00  1.16448021e+00  2.29124126e+01 
 1.17796607e+00  9.26842129e+00  1.17796607e+00  2.26767714e+01 
 1.19160810e+00  9.28314228e+00  1.19160810e+00  2.24430291e+01 
 1.20540813e+00  9.29757650e+00  1.20540813e+00  2.22111858e+01 
 1.21936797e+00  9.31172861e+00  1.21936797e+00  2.19812412e+01 
 1.23348948e+00  9.32560324e+00  1.23348948e+00  2.17531943e+01 
 1.24777453e+00  9.33920496e+00  1.24777453e+00  2.15270439e+01 
 1.26222502e+00  9.35253831e+00  1.26222502e+00  2.13027881e+01 
 1.27684286e+00  9.36560778e+00  1.27684286e+00  2.10804247e+01 
 1.29162999e+00  9.37841782e+00  1.29162999e+00  2.08599510e+01 
 1.30658837e+00  9.39097285e+00  1.30658837e+00  2.06413639e+01 
 1.32171998e+00  9.40327722e+00  1.32171998e+00  2.04246598e+01 
 1.33702683e+00  9.41533524e+00  1.33702683e+00  2.02098349e+01 
 1.35251095e+00  9.42715118e+00  1.35251095e+00  1.99968848e+01 
 1.36817439e+00  9.43872927e+00  1.36817439e+00  1.97858048e+01 
 1.38401923e+00  9.45007367e+00  1.38401923e+00  1.95765899e+01 
 1.40004757e+00  9.46118851e+00  1.40004757e+00  1.93692346e+01 
 1.41626153e+00  9.47207786e+00  1.41626153e+00  1.91637331e+01 
 1.43266327e+00  9.48274576e+00  1.43266327e+00  1.89600794e+01 
 1.44925496e+00  9.49319616e+00  1.44925496e+00  1.87582670e+01 
 1.46603879e+00  9.50343301e+00  1.46603879e+00  1.85582893e+01 
 1.48301700e+00  9.51346018e+00  1.48301700e+00  1.83601391e+01 
 1.50019183e+00  9.52328148e+00  1.50019183e+00  1.81638092e+01 
 1.51756557e+00  9.53290070e+00  1.51756557e+00  1.79692920e+01 
 1.53514051e+00  9.54232156e+00  1.53514051e+00  1.77765796e+01 
 1.55291899e+00  9.55154774e+00  1.55291899e+00  1.75856640e+01 
 1.57090335e+00  9.56058285e+00  1.57090335e+00  1.73965367e+01 
 1.58909600e+00  9.56943046e+00  1.58909600e+00  1.72091892e+01 
 1.60749933e+00  9.57809410e+00  1.60749933e+00  1.70236127e+01 
 1.62611580e+00  9.58657724e+00  1.62611580e+00  1.68397981e+01 
 1.64494786e+00  9.59488329e+00  1.64494786e+00  1.66577362e+01 
 1.66399802e+00  9.60301562e+00  1.66399802e+00  1.64774175e+01 
 1.68326879e+00  9.61097755e+00  1.68326879e+00  1.62988325e+01 
 1.70276274e+00  9.61877235e+00  1.70276274e+00  1.61219714e+01 
 1.72248245e+00  9.62640324e+00  1.72248245e+00  1.59468241e+01 
 1.74243054e+00  9.63387338e+00  1.74243054e+00  1.57733806e+01 
 1.76260964e+00  9.64118589e+00  1.76260964e+00  1.56016306e+01 
 1.78302244e+00  9.64834384e+00  1.78302244e+00  1.54315636e+01 
 1.80367164e+00  9.65535025e+00  1.80367164e+00  1.52631691e+01 
 1.82455997e+00  9.66220809e+00  1.82455997e+00  1.50964364e+01 
 1.84569022e+00  9.66892028e+00  1.84569022e+00  1.49313547e+01 
 1.86706517e+00  9.67548971e+00  1.86706517e+00  1.47679131e+01 
 1.88868767e+00  9.68191919e+00  1.88868767e+00  1.46061004e+01 
 1.91056058e+00  9.68821151e+00  1.91056058e+00  1.44459057e+01 
 1.93268680e+00  9.69436940e+00  1.93268680e+00  1.42873177e+01 
 1.95506926e+00  9.70039555e+00  1.95506926e+00  1.41303250e+01 
 1.97771094e+00  9.70629260e+00  1.97771094e+00  1.39749163e+01 
 2.00061483e+00  9.71206314e+00  2.00061483e+00  1.38210802e+01 
 2.02378396e+00  9.71770973e+00  2.02378396e+00  1.36688050e+01 
 2.04722142e+00  9.72323487e+00  2.04722142e+00  1.35180793e+01 
 2.07093031e+00  9.72864103e+00  2.07093031e+00  1.33688914e+01 
 2.09491378e+00  9.73393062e+00  2.09491378e+00  1.32212295e+01 
 2.11917499e+00  9.73910602e+00  2.11917499e+00  1.30750820e+01 
 2.14371718e+00  9.74416957e+00  2.14371718e+00  1.29304371e+01 
 2.16854358e+00  9.74912355e+00  2.16854358e+00  1.27872830e+01 
 2.19365751e+00  9.75397021e+00  2.19365751e+00  1.26456078e+01 
 2.21906227e+00  9.75871177e+00  2.21906227e+00  1.25053998e+01 
 2.24476125e+00  9.76335039e+00  2.24476125e+00  1.23666470e+01 
 2.27075785e+00  9.76788820e+00  2.27075785e+00  1.22293375e+01 
 2.29705552e+00  9.77232728e+00  2.29705552e+00  1.20934594e+01 
 2.32365774e+00  9.77666970e+00  2.32365774e+00  1.19590009e+01 
 2.35056804e+00  9.78091746e+00  2.35056804e+00  1.18259501e+01 
 2.37778999e+00  9.78507253e+00  2.37778999e+00  1.16942949e+01 
 2.40532720e+00  9.78913685e+00  2.40532720e+00  1.15640236e+01 
 2.43318331e+00  9.79311232e+00  2.43318331e+00  1.14351243e+01 
 2.46136203e+00  9.79700081e+00  2.46136203e+00  1.13075851e+01 
 2.48986709e+00  9.80080414e+00  2.48986709e+00  1.11813941e+01 
 2.51870226e+00  9.80452410e+00  2.51870226e+00  1.10565395e+01 
 2.54787137e+00  9.80816246e+00  2.54787137e+00  1.09330095e+01 
 2.57737829e+00  9.81172093e+00  2.57737829e+00  1.08107922e+01 
 2.60722693e+00  9.81520122e+00  2.60722693e+00  1.06898761e+01 
 2.63742125e+00  9.81860496e+00  2.63742125e+00  1.05702492e+01 
 2.66796525e+00  9.82193380e+00  2.66796525e+00  1.04519000e+01 
 2.69886298e+00  9.82518932e+00  2.69886298e+00  1.03348168e+01 
 2.73011854e+00  9.82837309e+00  2.73011854e+00  1.02189879e+01 
 2.76173606e+00  9.83148663e+00  2.76173606e+00  1.01044018e+01 
 2.79371975e+00  9.83453145e+00  2.79371975e+00  9.99104703e+00 
 2.82607385e+00  9.83750902e+00  2.82607385e+00  9.87891203e+00 
 2.85880263e+00  9.84042077e+00  2.85880263e+00  9.76798538e+00 
 2.89191045e+00  9.84326812e+00  2.89191045e+00  9.65825572e+00 
 2.92540169e+00  9.84605245e+00  2.92540169e+00  9.54971170e+00 
 2.95928080e+00  9.84877512e+00  2.95928080e+00  9.44234205e+00 
 2.99355225e+00  9.85143746e+00  2.99355225e+00  9.33613556e+00 
 3.02822061e+00  9.85404076e+00  3.02822061e+00  9.23108107e+00 
 3.06329046e+00  9.85658631e+00  3.06329046e+00  9.12716746e+00 
 3.09876645e+00  9.85907535e+00  3.09876645e+00  9.02438369e+00 
 3.13465329e+00  9.86150910e+00  3.13465329e+00  8.92271879e+00 
 3.17095574e+00  9.86388877e+00  3.17095574e+00  8.82216183e+00 
 3.20767861e+00  9.86621552e+00  3.20767861e+00  8.72270196e+00 
 3.24482676e+00  9.86849051e+00  3.24482676e+00  8.62432839e+00 
 3.28240513e+00  9.87071485e+00  3.28240513e+00  8.52703040e+00 
 3.32041869e+00  9.87288966e+00  3.32041869e+00  8.43079733e+00 
 3.35887249e+00  9.87501601e+00  3.35887249e+00  8.33561859e+00 
 3.39777162e+00  9.87709496e+00  3.39777162e+00  8.24148366e+00 
 3.43712125e+00  9.87912754e+00  3.43712125e+00  8.14838210e+00 
 3.47692658e+00  9.88111477e+00  3.47692658e+00  8.05630352e+00 
 3.51719290e+00  9.88305763e+00  3.51719290e+00  7.96523763e+00 
 3.55792554e+00  9.88495711e+00  3.55792554e+00  7.87517418e+00 
 3.59912991e+00  9.88681414e+00  3.59912991e+00  7.78610302e+00 
 3.64081146e+00  9.88862967e+00  3.64081146e+00  7.69801406e+00 
 3.68297573e+00  9.89040460e+00  3.68297573e+00  7.61089728e+00 
 3.72562831e+00  9.89213982e+00  3.72562831e+00  7.52474274e+00 
 3.76877484e+00  9.89383621e+00  3.76877484e+00  7.43954059e+00 
 3.81242106e+00  9.89549462e+00  3.81242106e+00  7.35528102e+00 
 3.85657274e+00  9.89711588e+00  3.85657274e+00  7.27195434e+00 
 3.90123574e+00  9.89870083e+00  3.90123574e+00  7.18955088e+00 
 3.94641599e+00  9.90025025e+00  3.94641599e+00  7.10806111e+00 
 3.99211947e+00  9.90176493e+00  3.99211947e+00  7.02747552e+00 
 4.03835224e+00  9.90324563e+00  4.03835224e+00  6.94778471e+00 
 4.08512043e+00  9.90469312e+00  4.08512043e+00  6.86897935e+00 
 4.13243025e+00  9.90610812e+00  4.13243025e+00  6.79105018e+00 
 4.18028796e+00  9.90749135e+00  4.18028796e+00  6.71398802e+00 
 4.22869991e+00  9.90884352e+00  4.22869991e+00  6.63778376e+00 
 4.27767252e+00  9.91016531e+00  4.27767252e+00  6.56242839e+00 
 4.32721228e+00  9.91145740e+00  4.32721228e+00  6.48791296e+00 
 4.37732577e+00  9.91272044e+00  4.37732577e+00  6.41422859e+00 
 4.42801962e+00  9.91395509e+00  4.42801962e+00  6.34136648e+00 
 4.47930055e+00  9.91516197e+00  4.47930055e+00  6.26931792e+00 
 4.53117537e+00  9.91634169e+00  4.53117537e+00  6.19807427e+00 
 4.58365095e+00  9.91749487e+00  4.58365095e+00  6.12762696e+00 
 4.63673425e+00  9.91862210e+00  4.63673425e+00  6.05796751e+00 
 4.69043232e+00  9.91972394e+00  4.69043232e+00  5.98908750e+00 
 4.74475225e+00  9.92080097e+00  4.74475225e+00  5.92097859e+00 
 4.79970127e+00  9.92185374e+00  4.79970127e+00  5.85363253e+00 
 4.85528665e+00  9.92288279e+00  4.85528665e+00  5.78704112e+00 
 4.91151577e+00  9.92388864e+00  4.91151577e+00  5.72119627e+00 
 4.96839608e+00  9.92487183e+00  4.96839608e+00  5.65608993e+00 
 5.02593512e+00  9.92583284e+00  5.02593512e+00  5.59171414e+00 
 5.08414052e+00  9.92677219e+00  5.08414052e+00  5.52806102e+00 
 5.14302000e+00  9.92769034e+00  5.14302000e+00  5.46512276e+00 
 5.20258136e+00  9.92858778e+00  5.20258136e+00  5.40289162e+00 
 5.26283250e+00  9.92946497e+00  5.26283250e+00  5.34135993e+00 
 5.32378141e+00  9.93032236e+00  5.32378141e+00  5.28052011e+00 
 5.38543617e+00  9.93116040e+00  5.38543617e+00  5.22036464e+00 
 5.44780495e+00  9.93197951e+00  5.44780495e+00  5.16088607e+00 
 5.51089603e+00  9.93278013e+00  5.51089603e+00  5.10207702e+00 
 5.57471776e+00  9.93356266e+00  5.57471776e+00  5.04393020e+00 
 5.63927862e+00  9.93432751e+00  5.63927862e+00  4.98643838e+00 
 5.70458716e+00  9.93507508e+00  5.70458716e+00  4.92959439e+00 
 5.77065203e+00  9.93580576e+00  5.77065203e+00  4.87339115e+00 
 5.83748200e+00  9.93651992e+00  5.83748200e+00  4.81782163e+00 
 5.90508593e+00  9.93721794e+00  5.90508593e+00  4.76287889e+00 
 5.97347279e+00  9.93790018e+00  5.97347279e+00  4.70855605e+00 
 6.04265163e+00  9.93856698e+00  6.04265163e+00  4.65484628e+00 
 6.11263163e+00  9.93921871e+00  6.11263163e+00  4.60174286e+00 
 6.18342207e+00  9.93985569e+00  6.18342207e+00  4.54923910e+00 
 6.25503234e+00  9.94047827e+00  6.25503234e+00  4.49732840e+00 
 6.32747192e+00  9.94108676e+00  6.32747192e+00  4.44600421e+00 
 6.40075043e+00  9.94168147e+00  6.40075043e+00  4.39526005e+00 
 6.47487758e+00  9.94226273e+00  6.47487758e+00  4.34508952e+00 
 6.54986319e+00  9.94283083e+00  6.54986319e+00  4.29548628e+00 
 6.62571722e+00  9.94338607e+00  6.62571722e+00  4.24644403e+00 
 6.70244971e+00  9.94392874e+00  6.70244971e+00  4.19795658e+00 
 6.78007084e+00  9.94445912e+00  6.78007084e+00  4.15001776e+00 
 6.85859090e+00  9.94497749e+00  6.85859090e+00  4.10262149e+00 
 6.93802030e+00  9.94548411e+00  6.93802030e+00  4.05576174e+00 
 7.01836957e+00  9.94597927e+00  7.01836957e+00  4.00943255e+00 
 7.09964937e+00  9.94646320e+00  7.09964937e+00  3.96362802e+00 
 7.18187048e+00  9.94693617e+00  7.18187048e+00  3.91834232e+00 
 7.26504378e+00  9.94739842e+00  7.26504378e+00  3.87356966e+00 
 7.34918032e+00  9.94785020e+00  7.34918032e+00  3.82930432e+00 
 7.43429124e+00  9.94829174e+00  7.43429124e+00  3.78554065e+00 
 7.52038784e+00  9.94872327e+00  7.52038784e+00  3.74227305e+00 
 7.60748151e+00  9.94914502e+00  7.60748151e+00  3.69949598e+00 
 7.69558382e+00  9.94955720e+00  7.69558382e+00  3.65720395e+00 
 7.78470645e+00  9.94996004e+00  7.78470645e+00  3.61539155e+00 
 7.87486120e+00  9.95035375e+00  7.87486120e+00  3.57405341e+00 
 7.96606004e+00  9.95073853e+00  7.96606004e+00  3.53318422e+00 
 8.05831505e+00  9.95111458e+00  8.05831505e+00  3.49277873e+00 
 8.15163847e+00  9.95148211e+00  8.15163847e+00  3.45283174e+00 
 8.24604267e+00  9.95184130e+00  8.24604267e+00  3.41333810e+00 
 8.34154016e+00  9.95219234e+00  8.34154016e+00  3.37429274e+00 
 8.43814361e+00  9.95253541e+00  8.43814361e+00  3.33569062e+00 
 8.53586583e+00  9.95287071e+00  8.53586583e+00  3.29752676e+00 
 8.63471977e+00  9.95319839e+00  8.63471977e+00  3.25979624e+00 
 8.73471853e+00  9.95351864e+00  8.73471853e+00  3.22249419e+00 
 8.83587539e+00  9.95383163e+00  8.83587539e+00  3.18561578e+00 
 8.93820374e+00  9.95413751e+00  8.93820374e+00  3.14915625e+00 
 9.04171716e+00  9.95443645e+00  9.04171716e+00  3.11311088e+00 
 9.14642936e+00  9.95472860e+00  9.14642936e+00  3.07747500e+00 
 9.25235424e+00  9.95501412e+00  9.25235424e+00  3.04224402e+00 
 9.35950584e+00  9.95529317e+00  9.35950584e+00  3.00741334e+00 
 9.46789836e+00  9.95556587e+00  9.46789836e+00  2.97297847e+00 
 9.57754617e+00  9.95583239e+00  9.57754617e+00  2.93893494e+00 
 9.68846382e+00  9.95609285e+00  9.68846382e+00  2.90527832e+00 
 9.80066601e+00  9.95634741e+00  9.80066601e+00  2.87200425e+00 
 9.91416761e+00  9.95659618e+00  9.91416761e+00  2.83910841e+00 
 1.00289837e+01  9.95683930e+00  1.00289837e+01  2.80658652e+00 
 1.01451294e+01  9.95707690e+00  1.01451294e+01  2.77443435e+00 
 1.02626203e+01  9.95730911e+00  1.02626203e+01  2.74264772e+00 
 1.03814717e+01  9.95753605e+00  1.03814717e+01  2.71122249e+00 
 1.05016997e+01  9.95775782e+00  1.05016997e+01  2.68015458e+00 
 1.06233199e+01  9.95797457e+00  1.06233199e+01  2.64943993e+00 
 1.07463487e+01  9.95818639e+00  1.07463487e+01  2.61907455e+00 
 1.08708023e+01  9.95839340e+00  1.08708023e+01  2.58905447e+00 
 1.09966971e+01  9.95859570e+00  1.09966971e+01  2.55937579e+00 
 1.11240500e+01  9.95879341e+00  1.11240500e+01  2.53003462e+00 
 1.12528777e+01  9.95898663e+00  1.12528777e+01  2.50102715e+00 
 1.13831974e+01  9.95917546e+00  1.13831974e+01  2.47234958e+00 
 1.15150263e+01  9.95936000e+00  1.15150263e+01  2.44399816e+00 
 1.16483819e+01  9.95954035e+00  1.16483819e+01  2.41596921e+00 
 1.17832819e+01  9.95971660e+00  1.17832819e+01  2.38825905e+00 
 1.19197442e+01  9.95988885e+00  1.19197442e+01  2.36086405e+00 
 1.20577869e+01  9.96005718e+00  1.20577869e+01  2.33378065e+00 
 1.21974282e+01  9.96022169e+00  1.21974282e+01  2.30700529e+00 
 1.23386867e+01  9.96038246e+00  1.23386867e+01  2.28053447e+00 
 1.24815812e+01  9.96053958e+00  1.24815812e+01  2.25436473e+00 
 1.26261305e+01  9.96069313e+00  1.26261305e+01  2.22849264e+00 
 1.27723538e+01  9.96084318e+00  1.27723538e+01  2.20291482e+00 
 1.29202705e+01  9.96098983e+00  1.29202705e+01  2.17762790e+00 
 1.30699003e+01  9.96113315e+00  1.30699003e+01  2.15262858e+00 
 1.32212629e+01  9.96127321e+00  1.32212629e+01  2.12791358e+00 
 1.33743785e+01  9.96141008e+00  1.33743785e+01  2.10347967e+00 
 1.35292673e+01  9.96154385e+00  1.35292673e+01  2.07932363e+00 
 1.36859499e+01  9.96167457e+00  1.36859499e+01  2.05544230e+00 
 1.38444470e+01  9.96180233e+00  1.38444470e+01  2.03183254e+00 
 1.40047796e+01  9.96192718e+00  1.40047796e+01  2.00849126e+00 
 1.41669691e+01  9.96204919e+00  1.41669691e+01  1.98541539e+00 
 1.43310369e+01  9.96216843e+00  1.43310369e+01  1.96260191e+00 
 1.44970048e+01  9.96228496e+00  1.44970048e+01  1.94004781e+00 
 1.46648947e+01  9.96239884e+00  1.46648947e+01  1.91775013e+00 
 1.48347290e+01  9.96251014e+00  1.48347290e+01  1.89570595e+00 
 1.50065301e+01  9.96261890e+00  1.50065301e+01  1.87391236e+00 
 1.51803209e+01  9.96272519e+00  1.51803209e+01  1.85236651e+00 
 1.53561243e+01  9.96282907e+00  1.53561243e+01  1.83106556e+00 
 1.55339637e+01  9.96293059e+00  1.55339637e+01  1.81000671e+00 
 1.57138627e+01  9.96302979e+00  1.57138627e+01  1.78918718e+00 
 1.58958451e+01  9.96312675e+00  1.58958451e+01  1.76860425e+00 
 1.60799350e+01  9.96322150e+00  1.60799350e+01  1.74825520e+00 
 1.62661569e+01  9.96331409e+00  1.62661569e+01  1.72813735e+00 
 1.64545354e+01  9.96340458e+00  1.64545354e+01  1.70824807e+00 
 1.66450955e+01  9.96349302e+00  1.66450955e+01  1.68858472e+00 
 1.68378625e+01  9.96357944e+00  1.68378625e+01  1.66914472e+00 
 1.70328619e+01  9.96366390e+00  1.70328619e+01  1.64992551e+00 
 1.72301197e+01  9.96374644e+00  1.72301197e+01  1.63092457e+00 
 1.74296618e+01  9.96382711e+00  1.74296618e+01  1.61213938e+00 
 1.76315149e+01  9.96390594e+00  1.76315149e+01  1.59356747e+00 
 1.78357056e+01  9.96398298e+00  1.78357056e+01  1.57520639e+00 
 1.80422611e+01  9.96405827e+00  1.80422611e+01  1.55705374e+00 
 1.82512087e+01  9.96413184e+00  1.82512087e+01  1.53910710e+00 
 1.84625761e+01  9.96420375e+00  1.84625761e+01  1.52136413e+00 
 1.86763914e+01  9.96427402e+00  1.86763914e+01  1.50382247e+00 
 1.88926828e+01  9.96434269e+00  1.88926828e+01  1.48647981e+00 
 1.91114791e+01  9.96440980e+00  1.91114791e+01  1.46933388e+00 
 1.93328093e+01  9.96447539e+00  1.93328093e+01  1.45238240e+00 
 1.95567028e+01  9.96453949e+00  1.95567028e+01  1.43562315e+00 
 1.97831891e+01  9.96460213e+00  1.97831891e+01  1.41905390e+00 
 2.00122984e+01  9.96466335e+00  2.00122984e+01  1.40267249e+00 
 2.02440610e+01  9.96472317e+00  2.02440610e+01  1.38647673e+00 
 2.04785077e+01  9.96478164e+00  2.04785077e+01  1.37046450e+00 
 2.07156695e+01  9.96483877e+00  2.07156695e+01  1.35463368e+00 
 2.09555778e+01  9.96489461e+00  2.09555778e+01  1.33898219e+00 
 2.11982645e+01  9.96494918e+00  2.11982645e+01  1.32350796e+00 
 2.14437618e+01  9.96500251e+00  2.14437618e+01  1.30820894e+00 
 2.16921022e+01  9.96505463e+00  2.16921022e+01  1.29308311e+00 
 2.19433187e+01  9.96510556e+00  2.19433187e+01  1.27812849e+00 
 2.21974444e+01  9.96515534e+00  2.21974444e+01  1.26334308e+00 
 2.24545132e+01  9.96520398e+00  2.24545132e+01  1.24872495e+00 
 2.27145591e+01  9.96525152e+00  2.27145591e+01  1.23427215e+00 
 2.29776167e+01  9.96529798e+00  2.29776167e+01  1.21998279e+00 
 2.32437206e+01  9.96534338e+00  2.32437206e+01  1.20585497e+00 
 2.35129064e+01  9.96538775e+00  2.35129064e+01  1.19188683e+00 
 2.37852095e+01  9.96543111e+00  2.37852095e+01  1.17807651e+00 
 2.40606663e+01  9.96547349e+00  2.40606663e+01  1.16442221e+00 
 2.43393131e+01  9.96551491e+00  2.43393131e+01  1.15092210e+00 
 2.46211869e+01  9.96555538e+00  2.46211869e+01  1.13757442e+00 
 2.49063250e+01  9.96559493e+00  2.49063250e+01  1.12437738e+00 
 2.51947654e+01  9.96563359e+00  2.51947654e+01  1.11132926e+00 
 2.54865462e+01  9.96567137e+00  2.54865462e+01  1.09842832e+00 
 2.57817061e+01  9.96570829e+00  2.57817061e+01  1.08567286e+00 
 2.60802843e+01  9.96574437e+00  2.60802843e+01  1.07306120e+00 
 2.63823203e+01  9.96577963e+00  2.63823203e+01  1.06059166e+00 
 2.66878542e+01  9.96581408e+00  2.66878542e+01  1.04826260e+00 
 2.69969265e+01  9.96584776e+00  2.69969265e+01  1.03607238e+00 
 2.73095781e+01  9.96588067e+00  2.73095781e+01  1.02401941e+00 
 2.76258506e+01  9.96591283e+00  2.76258506e+01  1.01210207e+00 
 2.79457858e+01  9.96594427e+00  2.79457858e+01  1.00031879e+00 
 2.82694262e+01  9.96597498e+00  2.82694262e+01  9.88668029e-01 
 2.85968147e+01  9.96600501e+00  2.85968147e+01  9.77148229e-01 
 2.89279946e+01  9.96603434e+00  2.89279946e+01  9.65757872e-01 
 2.92630100e+01  9.96606302e+00  2.92630100e+01  9.54495450e-01 
 2.96019052e+01  9.96609104e+00  2.96019052e+01  9.43359474e-01 
 2.99447251e+01  9.96611842e+00  2.99447251e+01  9.32348470e-01 
 3.02915152e+01  9.96614518e+00  3.02915152e+01  9.21460983e-01 
 3.06423215e+01  9.96617134e+00  3.06423215e+01  9.10695571e-01 
 3.09971905e+01  9.96619689e+00  3.09971905e+01  9.00050810e-01 
 3.13561693e+01  9.96622187e+00  3.13561693e+01  8.89525292e-01 
 3.17193054e+01  9.96624628e+00  3.17193054e+01  8.79117623e-01 
 3.20866469e+01  9.96627014e+00  3.20866469e+01  8.68826428e-01 
 3.24582427e+01  9.96629346e+00  3.24582427e+01  8.58650344e-01 
 3.28341419e+01  9.96631624e+00  3.28341419e+01  8.48588023e-01 
 3.32143943e+01  9.96633851e+00  3.32143943e+01  8.38638136e-01 
 3.35990505e+01  9.96636027e+00  3.35990505e+01  8.28799364e-01 
 3.39881614e+01  9.96638154e+00  3.39881614e+01  8.19070406e-01 
 3.43817786e+01  9.96640232e+00  3.43817786e+01  8.09449974e-01 
 3.47799543e+01  9.96642263e+00  3.47799543e+01  7.99936794e-01 
 3.51827413e+01  9.96644248e+00  3.51827413e+01  7.90529608e-01 
 3.55901929e+01  9.96646188e+00  3.55901929e+01  7.81227169e-01 
 3.60023633e+01  9.96648084e+00  3.60023633e+01  7.72028248e-01 
 3.64193070e+01  9.96649937e+00  3.64193070e+01  7.62931626e-01 
 3.68410793e+01  9.96651748e+00  3.68410793e+01  7.53936098e-01 
 3.72677361e+01  9.96653517e+00  3.72677361e+01  7.45040474e-01 
 3.76993341e+01  9.96655246e+00  3.76993341e+01  7.36243576e-01 
 3.81359304e+01  9.96656936e+00  3.81359304e+01  7.27544240e-01 
 3.85775830e+01  9.96658588e+00  3.85775830e+01  7.18941313e-01 
 3.90243503e+01  9.96660202e+00  3.90243503e+01  7.10433657e-01 
 3.94762917e+01  9.96661780e+00  3.94762917e+01  7.02020145e-01 
 3.99334670e+01  9.96663321e+00  3.99334670e+01  6.93699664e-01 
 4.03959368e+01  9.96664828e+00  4.03959368e+01  6.85471111e-01 
 4.08637625e+01  9.96666300e+00  4.08637625e+01  6.77333396e-01 
 4.13370061e+01  9.96667739e+00  4.13370061e+01  6.69285443e-01 
 4.18157303e+01  9.96669145e+00  4.18157303e+01  6.61326185e-01 
 4.22999987e+01  9.96670519e+00  4.22999987e+01  6.53454569e-01 
 4.27898753e+01  9.96671862e+00  4.27898753e+01  6.45669552e-01 
 4.32854253e+01  9.96673174e+00  4.32854253e+01  6.37970103e-01 
 4.37867142e+01  9.96674457e+00  4.37867142e+01  6.30355202e-01 
 4.42938085e+01  9.96675710e+00  4.42938085e+01  6.22823841e-01 
 4.48067755e+01  9.96676935e+00  4.48067755e+01  6.15375022e-01 
 4.53256831e+01  9.96678132e+00  4.53256831e+01  6.08007759e-01 
 4.58506003e+01  9.96679302e+00  4.58506003e+01  6.00721076e-01 
 4.63815965e+01  9.96680446e+00  4.63815965e+01  5.93514008e-01 
 4.69187422e+01  9.96681563e+00  4.69187422e+01  5.86385601e-01 
 4.74621085e+01  9.96682655e+00  4.74621085e+01  5.79334910e-01 
 4.80117676e+01  9.96683722e+00  4.80117676e+01  5.72361000e-01 
 4.85677923e+01  9.96684764e+00  4.85677923e+01  5.65462950e-01 
 4.91302564e+01  9.96685783e+00  4.91302564e+01  5.58639844e-01 
 4.96992343e+01  9.96686779e+00  4.96992343e+01  5.51890779e-01 
 5.02748016e+01  9.96687753e+00  5.02748016e+01  5.45214861e-01 
 5.08570345e+01  9.96688704e+00  5.08570345e+01  5.38611205e-01 
 5.14460103e+01  9.96689633e+00  5.14460103e+01  5.32078937e-01 
 5.20418070e+01  9.96690541e+00  5.20418070e+01  5.25617192e-01 
 5.26445036e+01  9.96691429e+00  5.26445036e+01  5.19225113e-01 
 5.32541801e+01  9.96692296e+00  5.32541801e+01  5.12901853e-01 
 5.38709172e+01  9.96693144e+00  5.38709172e+01  5.06646575e-01 
 5.44947968e+01  9.96693972e+00  5.44947968e+01  5.00458451e-01 
 5.51259015e+01  9.96694782e+00  5.51259015e+01  4.94336660e-01 
 5.57643151e+01  9.96695573e+00  5.57643151e+01  4.88280391e-01 
 5.64101221e+01  9.96696346e+00  5.64101221e+01  4.82288842e-01 
 5.70634082e+01  9.96697102e+00  5.70634082e+01  4.76361219e-01 
 5.77242601e+01  9.96697840e+00  5.77242601e+01  4.70496736e-01 
 5.83927652e+01  9.96698561e+00  5.83927652e+01  4.64694618e-01 
 5.90690124e+01  9.96699266e+00  5.90690124e+01  4.58954094e-01 
 5.97530911e+01  9.96699955e+00  5.97530911e+01  4.53274405e-01 
 6.04450922e+01  9.96700628e+00  6.04450922e+01  4.47654797e-01 
 6.11451073e+01  9.96701286e+00  6.11451073e+01  4.42094527e-01 
 6.18532294e+01  9.96701929e+00  6.18532294e+01  4.36592857e-01 
 6.25695522e+01  9.96702557e+00  6.25695522e+01  4.31149058e-01 
 6.32941707e+01  9.96703171e+00  6.32941707e+01  4.25762410e-01 
 6.40271811e+01  9.96703771e+00  6.40271811e+01  4.20432198e-01 
 6.47686804e+01  9.96704357e+00  6.47686804e+01  4.15157716e-01 
 6.55187671e+01  9.96704930e+00  6.55187671e+01  4.09938266e-01 
 6.62775405e+01  9.96705490e+00  6.62775405e+01  4.04773154e-01 
 6.70451013e+01  9.96706037e+00  6.70451013e+01  3.99661698e-01 
 6.78215512e+01  9.96706572e+00  6.78215512e+01  3.94603220e-01 
 6.86069932e+01  9.96707094e+00  6.86069932e+01  3.89597049e-01 
 6.94015314e+01  9.96707604e+00  6.94015314e+01  3.84642522e-01 
 7.02052711e+01  9.96708103e+00  7.02052711e+01  3.79738982e-01 
 7.10183190e+01  9.96708590e+00  7.10183190e+01  3.74885780e-01 
 7.18407828e+01  9.96709067e+00  7.18407828e+01  3.70082273e-01 
 7.26727715e+01  9.96709532e+00  7.26727715e+01  3.65327823e-01 
 7.35143955e+01  9.96709986e+00  7.35143955e+01  3.60621801e-01 
 7.43657664e+01  9.96710431e+00  7.43657664e+01  3.55963584e-01 
 7.52269970e+01  9.96710865e+00  7.52269970e+01  3.51352553e-01 
 7.60982015e+01  9.96711289e+00  7.60982015e+01  3.46788098e-01 
 7.69794955e+01  9.96711703e+00  7.69794955e+01  3.42269614e-01 
 7.78709957e+01  9.96712108e+00  7.78709957e+01  3.37796501e-01 
 7.87728204e+01  9.96712504e+00  7.87728204e+01  3.33368168e-01 
 7.96850891e+01  9.96712891e+00  7.96850891e+01  3.28984027e-01 
 8.06079229e+01  9.96713268e+00  8.06079229e+01  3.24643498e-01 
 8.15414439e+01  9.96713637e+00  8.15414439e+01  3.20346004e-01 
 8.24857761e+01  9.96713998e+00  8.24857761e+01  3.16090977e-01 
 8.34410446e+01  9.96714350e+00  8.34410446e+01  3.11877852e-01 
 8.44073761e+01  9.96714694e+00  8.44073761e+01  3.07706071e-01 
 8.53848987e+01  9.96715031e+00  8.53848987e+01  3.03575082e-01 
 8.63737419e+01  9.96715359e+00  8.63737419e+01  2.99484336e-01 
 8.73740370e+01  9.96715680e+00  8.73740370e+01  2.95433291e-01 
 8.83859165e+01  9.96715994e+00  8.83859165e+01  2.91421411e-01 
 8.94095146e+01  9.96716300e+00  8.94095146e+01  2.87448164e-01 
 9.04449670e+01  9.96716599e+00  9.04449670e+01  2.83513023e-01 
 9.14924110e+01  9.96716892e+00  9.14924110e+01  2.79615466e-01 
 9.25519854e+01  9.96717177e+00  9.25519854e+01  2.75754978e-01 
 9.36238307e+01  9.96717456e+00  9.36238307e+01  2.71931045e-01 
 9.47080892e+01  9.96717729e+00  9.47080892e+01  2.68143162e-01 
 9.58049044e+01  9.96717995e+00  9.58049044e+01  2.64390827e-01 
 9.69144218e+01  9.96718255e+00  9.69144218e+01  2.60673541e-01 
 9.80367886e+01  9.96718509e+00  9.80367886e+01  2.56990813e-01 
 9.91721535e+01  9.96718758e+00  9.91721535e+01  2.53342154e-01 
 1.00320667e+02  9.96719000e+00  1.00320667e+02  2.49727080e-01 
 1.01482482e+02  9.96719237e+00  1.01482482e+02  2.46145112e-01 
 1.02657751e+02  9.96719468e+00  1.02657751e+02  2.42595777e-01 
 1.03846632e+02  9.96719694e+00  1.03846632e+02  2.39078602e-01 
 1.05049280e+02  9.96719914e+00  1.05049280e+02  2.35593122e-01 
 1.06265857e+02  9.96720130e+00  1.06265857e+02  2.32138874e-01 
 1.07496523e+02  9.96720340e+00  1.07496523e+02  2.28715402e-01 
 1.08741441e+02  9.96720546e+00  1.08741441e+02  2.25322251e-01 
 1.10000777e+02  9.96720746e+00  1.10000777e+02  2.21958971e-01 
 1.11274697e+02  9.96720942e+00  1.11274697e+02  2.18625117e-01 
 1.12563370e+02  9.96721134e+00  1.12563370e+02  2.15320246e-01 
 1.13866967e+02  9.96721320e+00  1.13866967e+02  2.12043921e-01 
 1.15185661e+02  9.96721503e+00  1.15185661e+02  2.08795707e-01 
 1.16519628e+02  9.96721681e+00  1.16519628e+02  2.05575173e-01 
 1.17869043e+02  9.96721855e+00  1.17869043e+02  2.02381894e-01 
 1.19234085e+02  9.96722025e+00  1.19234085e+02  1.99215444e-01 
 1.20614936e+02  9.96722190e+00  1.20614936e+02  1.96075406e-01 
 1.22011779e+02  9.96722352e+00  1.22011779e+02  1.92961362e-01 
 1.23424798e+02  9.96722510e+00  1.23424798e+02  1.89872899e-01 
 1.24854182e+02  9.96722664e+00  1.24854182e+02  1.86809609e-01 
 1.26300119e+02  9.96722815e+00  1.26300119e+02  1.83771084e-01 
 1.27762802e+02  9.96722961e+00  1.27762802e+02  1.80756923e-01 
 1.29242424e+02  9.96723105e+00  1.29242424e+02  1.77766726e-01 
 1.30739182e+02  9.96723244e+00  1.30739182e+02  1.74800096e-01 
 1.32253273e+02  9.96723381e+00  1.32253273e+02  1.71856641e-01 
 1.33784900e+02  9.96723514e+00  1.33784900e+02  1.68935969e-01 
 1.35334264e+02  9.96723644e+00  1.35334264e+02  1.66037694e-01 
 1.36901571e+02  9.96723770e+00  1.36901571e+02  1.63161431e-01 
 1.38487029e+02  9.96723894e+00  1.38487029e+02  1.60306799e-01 
 1.40090849e+02  9.96724014e+00  1.40090849e+02  1.57473421e-01 
 1.41713242e+02  9.96724132e+00  1.41713242e+02  1.54660919e-01 
 1.43354425e+02  9.96724247e+00  1.43354425e+02  1.51868922e-01 
 1.45014614e+02  9.96724358e+00  1.45014614e+02  1.49097059e-01 
 1.46694029e+02  9.96724467e+00  1.46694029e+02  1.46344962e-01 
 1.48392894e+02  9.96724573e+00  1.48392894e+02  1.43612268e-01 
 1.50111433e+02  9.96724677e+00  1.50111433e+02  1.40898613e-01 
 1.51849875e+02  9.96724778e+00  1.51849875e+02  1.38203638e-01 
 1.53608450e+02  9.96724876e+00  1.53608450e+02  1.35526985e-01 
 1.55387391e+02  9.96724972e+00  1.55387391e+02  1.32868300e-01 
 1.57186933e+02  9.96725065e+00  1.57186933e+02  1.30227231e-01 
 1.59007317e+02  9.96725156e+00  1.59007317e+02  1.27603426e-01 
 1.60848782e+02  9.96725244e+00  1.60848782e+02  1.24996539e-01 
 1.62711573e+02  9.96725331e+00  1.62711573e+02  1.22406224e-01 
 1.64595937e+02  9.96725414e+00  1.64595937e+02  1.19832136e-01 
 1.66502124e+02  9.96725496e+00  1.66502124e+02  1.17273936e-01 
 1.68430387e+02  9.96725575e+00  1.68430387e+02  1.14731284e-01 
 1.70380981e+02  9.96725653e+00  1.70380981e+02  1.12203842e-01 
 1.72354164e+02  9.96725728e+00  1.72354164e+02  1.09691276e-01 
 1.74350199e+02  9.96725801e+00  1.74350199e+02  1.07193253e-01 
 1.76369351e+02  9.96725872e+00  1.76369351e+02  1.04709441e-01 
 1.78411886e+02  9.96725941e+00  1.78411886e+02  1.02239512e-01 
 1.80478075e+02  9.96726008e+00  1.80478075e+02  9.97831368e-02 
 1.82568193e+02  9.96726073e+00  1.82568193e+02  9.73399909e-02 
 1.84682517e+02  9.96726136e+00  1.84682517e+02  9.49097501e-02 
 1.86821327e+02  9.96726198e+00  1.86821327e+02  9.24920924e-02 
 1.88984907e+02  9.96726257e+00  1.88984907e+02  9.00866970e-02 
 1.91173543e+02  9.96726315e+00  1.91173543e+02  8.76932452e-02 
 1.93387525e+02  9.96726371e+00  1.93387525e+02  8.53114196e-02 
 1.95627148e+02  9.96726425e+00  1.95627148e+02  8.29409044e-02 
 1.97892707e+02  9.96726478e+00  1.97892707e+02  8.05813854e-02 
 2.00184505e+02  9.96726529e+00  2.00184505e+02  7.82325498e-02 
 2.02502843e+02  9.96726578e+00  2.02502843e+02  7.58940861e-02 
 2.04848030e+02  9.96726626e+00  2.04848030e+02  7.35656844e-02 
 2.07220377e+02  9.96726672e+00  2.07220377e+02  7.12470359e-02 
 2.09620198e+02  9.96726716e+00  2.09620198e+02  6.89378332e-02 
 2.12047812e+02  9.96726759e+00  2.12047812e+02  6.66377702e-02 
 2.14503539e+02  9.96726800e+00  2.14503539e+02  6.43465420e-02 
 2.16987707e+02  9.96726840e+00  2.16987707e+02  6.20638447e-02 
 2.19500643e+02  9.96726878e+00  2.19500643e+02  5.97893758e-02 
 2.22042682e+02  9.96726915e+00  2.22042682e+02  5.75228337e-02 
 2.24614160e+02  9.96726951e+00  2.24614160e+02  5.52639178e-02 
 2.27215419e+02  9.96726985e+00  2.27215419e+02  5.30123289e-02 
 2.29846803e+02  9.96727017e+00  2.29846803e+02  5.07677682e-02 
 2.32508661e+02  9.96727049e+00  2.32508661e+02  4.85299382e-02 
 2.35201345e+02  9.96727078e+00  2.35201345e+02  4.62985423e-02 
 2.37925214e+02  9.96727107e+00  2.37925214e+02  4.40732846e-02 
 2.40680628e+02  9.96727134e+00  2.40680628e+02  4.18538700e-02 
 2.43467953e+02  9.96727160e+00  2.43467953e+02  3.96400044e-02 
 2.46287557e+02  9.96727184e+00  2.46287557e+02  3.74313942e-02 
 2.49139816e+02  9.96727207e+00  2.49139816e+02  3.52277466e-02 
 2.52025106e+02  9.96727229e+00  2.52025106e+02  3.30287695e-02 
 2.54943811e+02  9.96727250e+00  2.54943811e+02  3.08341712e-02 
 2.57896318e+02  9.96727269e+00  2.57896318e+02  2.86436609e-02 
 2.60883017e+02  9.96727287e+00  2.60883017e+02  2.64569482e-02 
 2.63904306e+02  9.96727304e+00  2.63904306e+02  2.42737430e-02 
 2.66960584e+02  9.96727320e+00  2.66960584e+02  2.20937560e-02 
 2.70052257e+02  9.96727334e+00  2.70052257e+02  1.99166981e-02 
 2.73179734e+02  9.96727347e+00  2.73179734e+02  1.77422807e-02 
 2.76343431e+02  9.96727359e+00  2.76343431e+02  1.55702156e-02 
 2.79543767e+02  9.96727370e+00  2.79543767e+02  1.34002147e-02 
 2.82781166e+02  9.96727379e+00  2.82781166e+02  1.12319903e-02 
 2.86056057e+02  9.96727387e+00  2.86056057e+02  9.06525504e-03 
 2.89368875e+02  9.96727394e+00  2.89368875e+02  6.89972157e-03 
 2.92720058e+02  9.96727400e+00  2.92720058e+02  4.73510281e-03 
 2.96110052e+02  9.96727405e+00  2.96110052e+02  2.57111177e-03 
 2.99539305e+02  9.96727408e+00  2.99539305e+02  4.07461539e-04 
 3.03008272e+02  9.96727411e+00  3.03008272e+02 -1.75613473e-03 
 3.06517414e+02  9.96727412e+00  3.06517414e+02 -3.91996390e-03 
 3.10067195e+02  9.96727412e+00  3.10067195e+02 -6.08431283e-03 
 3.13658086e+02  9.96727411e+00  3.13658086e+02 -8.24946850e-03 
 3.17290563e+02  9.96727408e+00  3.17290563e+02 -1.04157180e-02 
 3.20965108e+02  9.96727405e+00  3.20965108e+02 -1.25833484e-02 
 3.24682207e+02  9.96727400e+00  3.24682207e+02 -1.47526472e-02 
 3.28442355e+02  9.96727394e+00  3.28442355e+02 -1.69239020e-02 
 3.32246049e+02  9.96727387e+00  3.32246049e+02 -1.90974007e-02 
 3.36093793e+02  9.96727378e+00  3.36093793e+02 -2.12734313e-02 
 3.39986099e+02  9.96727369e+00  3.39986099e+02 -2.34522825e-02 
 3.43923481e+02  9.96727358e+00  3.43923481e+02 -2.56342431e-02 
 3.47906461e+02  9.96727346e+00  3.47906461e+02 -2.78196023e-02 
 3.51935569e+02  9.96727333e+00  3.51935569e+02 -3.00086500e-02 
 3.56011338e+02  9.96727318e+00  3.56011338e+02 -3.22016763e-02 
 3.60134309e+02  9.96727303e+00  3.60134309e+02 -3.43989719e-02 
 3.64305027e+02  9.96727286e+00  3.64305027e+02 -3.66008283e-02 
 3.68524047e+02  9.96727268e+00  3.68524047e+02 -3.88075373e-02 
 3.72791927e+02  9.96727248e+00  3.72791927e+02 -4.10193916e-02 
 3.77109234e+02  9.96727227e+00  3.77109234e+02 -4.32366843e-02 
 3.81476539e+02  9.96727205e+00  3.81476539e+02 -4.54597094e-02 
 3.85894423e+02  9.96727182e+00  3.85894423e+02 -4.76887616e-02 
 3.90363469e+02  9.96727158e+00  3.90363469e+02 -4.99241365e-02 
 3.94884272e+02  9.96727132e+00  3.94884272e+02 -5.21661305e-02 
 3.99457430e+02  9.96727104e+00  3.99457430e+02 -5.44150408e-02 
 4.04083550e+02  9.96727076e+00  4.04083550e+02 -5.66711655e-02 
 4.08763246e+02  9.96727046e+00  4.08763246e+02 -5.89348038e-02 
 4.13497136e+02  9.96727015e+00  4.13497136e+02 -6.12062558e-02 
 4.18285850e+02  9.96726982e+00  4.18285850e+02 -6.34858226e-02 
 4.23130023e+02  9.96726948e+00  4.23130023e+02 -6.57738065e-02 
 4.28030295e+02  9.96726912e+00  4.28030295e+02 -6.80705108e-02 
 4.32987318e+02  9.96726875e+00  4.32987318e+02 -7.03762400e-02 
 4.38001748e+02  9.96726837e+00  4.38001748e+02 -7.26912998e-02 
 4.43074250e+02  9.96726797e+00  4.43074250e+02 -7.50159971e-02 
 4.48205497e+02  9.96726755e+00  4.48205497e+02 -7.73506401e-02 
 4.53396168e+02  9.96726712e+00  4.53396168e+02 -7.96955384e-02 
 4.58646954e+02  9.96726668e+00  4.58646954e+02 -8.20510029e-02 
 4.63958548e+02  9.96726622e+00  4.63958548e+02 -8.44173458e-02 
 4.69331656e+02  9.96726574e+00  4.69331656e+02 -8.67948808e-02 
 4.74766990e+02  9.96726525e+00  4.74766990e+02 -8.91839233e-02 
 4.80265271e+02  9.96726473e+00  4.80265271e+02 -9.15847898e-02 
 4.85827227e+02  9.96726421e+00  4.85827227e+02 -9.39977987e-02 
 4.91453597e+02  9.96726366e+00  4.91453597e+02 -9.64232700e-02 
 4.97145125e+02  9.96726310e+00  4.97145125e+02 -9.88615252e-02 
 5.02902567e+02  9.96726252e+00  5.02902567e+02 -1.01312888e-01 
 5.08726686e+02  9.96726193e+00  5.08726686e+02 -1.03777682e-01 
 5.14618255e+02  9.96726131e+00  5.14618255e+02 -1.06256235e-01 
 5.20578053e+02  9.96726068e+00  5.20578053e+02 -1.08748876e-01 
 5.26606872e+02  9.96726002e+00  5.26606872e+02 -1.11255935e-01 
 5.32705511e+02  9.96725935e+00  5.32705511e+02 -1.13777745e-01 
 5.38874778e+02  9.96725866e+00  5.38874778e+02 -1.16314639e-01 
 5.45115492e+02  9.96725795e+00  5.45115492e+02 -1.18866954e-01 
 5.51428479e+02  9.96725721e+00  5.51428479e+02 -1.21435029e-01 
 5.57814577e+02  9.96725646e+00  5.57814577e+02 -1.24019203e-01 
 5.64274633e+02  9.96725569e+00  5.64274633e+02 -1.26619820e-01 
 5.70809503e+02  9.96725489e+00  5.70809503e+02 -1.29237224e-01 
 5.77420053e+02  9.96725407e+00  5.77420053e+02 -1.31871763e-01 
 5.84107159e+02  9.96725323e+00  5.84107159e+02 -1.34523785e-01 
 5.90871709e+02  9.96725237e+00  5.90871709e+02 -1.37193643e-01 
 5.97714600e+02  9.96725148e+00  5.97714600e+02 -1.39881689e-01 
 6.04636738e+02  9.96725057e+00  6.04636738e+02 -1.42588281e-01 
 6.11639042e+02  9.96724963e+00  6.11639042e+02 -1.45313778e-01 
 6.18722439e+02  9.96724867e+00  6.18722439e+02 -1.48058540e-01 
 6.25887869e+02  9.96724769e+00  6.25887869e+02 -1.50822931e-01 
 6.33136282e+02  9.96724668e+00  6.33136282e+02 -1.53607319e-01 
 6.40468639e+02  9.96724564e+00  6.40468639e+02 -1.56412072e-01 
 6.47885912e+02  9.96724458e+00  6.47885912e+02 -1.59237562e-01 
 6.55389084e+02  9.96724348e+00  6.55389084e+02 -1.62084163e-01 
 6.62979151e+02  9.96724236e+00  6.62979151e+02 -1.64952254e-01 
 6.70657118e+02  9.96724121e+00  6.70657118e+02 -1.67842213e-01 
 6.78424004e+02  9.96724004e+00  6.78424004e+02 -1.70754425e-01 
 6.86280839e+02  9.96723883e+00  6.86280839e+02 -1.73689276e-01 
 6.94228663e+02  9.96723759e+00  6.94228663e+02 -1.76647154e-01 
 7.02268532e+02  9.96723632e+00  7.02268532e+02 -1.79628452e-01 
 7.10401510e+02  9.96723502e+00  7.10401510e+02 -1.82633565e-01 
 7.18628676e+02  9.96723368e+00  7.18628676e+02 -1.85662891e-01 
 7.26951121e+02  9.96723232e+00  7.26951121e+02 -1.88716831e-01 
 7.35369948e+02  9.96723091e+00  7.35369948e+02 -1.91795792e-01 
 7.43886274e+02  9.96722948e+00  7.43886274e+02 -1.94900181e-01 
 7.52501228e+02  9.96722801e+00  7.52501228e+02 -1.98030409e-01 
 7.61215951e+02  9.96722650e+00  7.61215951e+02 -2.01186892e-01 
 7.70031600e+02  9.96722495e+00  7.70031600e+02 -2.04370047e-01 
 7.78949343e+02  9.96722337e+00  7.78949343e+02 -2.07580298e-01 
 7.87970362e+02  9.96722175e+00  7.87970362e+02 -2.10818069e-01 
 7.97095854e+02  9.96722009e+00  7.97095854e+02 -2.14083789e-01 
 8.06327028e+02  9.96721838e+00  8.06327028e+02 -2.17377893e-01 
 8.15665108e+02  9.96721664e+00  8.15665108e+02 -2.20700816e-01 
 8.25111333e+02  9.96721486e+00  8.25111333e+02 -2.24052998e-01 
 8.34666955e+02  9.96721303e+00  8.34666955e+02 -2.27434885e-01 
 8.44333240e+02  9.96721115e+00  8.44333240e+02 -2.30846925e-01 
 8.54111471e+02  9.96720924e+00  8.54111471e+02 -2.34289569e-01 
 8.64002944e+02  9.96720727e+00  8.64002944e+02 -2.37763275e-01 
 8.74008970e+02  9.96720526e+00  8.74008970e+02 -2.41268503e-01 
 8.84130875e+02  9.96720320e+00  8.84130875e+02 -2.44805717e-01 
 8.94370003e+02  9.96720109e+00  8.94370003e+02 -2.48375386e-01 
 9.04727710e+02  9.96719893e+00  9.04727710e+02 -2.51977984e-01 
 9.15205369e+02  9.96719672e+00  9.15205369e+02 -2.55613988e-01 
 9.25804371e+02  9.96719445e+00  9.25804371e+02 -2.59283880e-01 
 9.36526119e+02  9.96719213e+00  9.36526119e+02 -2.62988147e-01 
 9.47372037e+02  9.96718976e+00  9.47372037e+02 -2.66727280e-01 
 9.58343561e+02  9.96718733e+00  9.58343561e+02 -2.70501774e-01 
 9.69442146e+02  9.96718484e+00  9.69442146e+02 -2.74312130e-01 
 9.80669264e+02  9.96718229e+00  9.80669264e+02 -2.78158852e-01 
 9.92026404e+02  9.96717968e+00  9.92026404e+02 -2.82042452e-01 
 1.00351507e+03  9.96717701e+00  1.00351507e+03 -2.85963443e-01 
 1.01513679e+03  9.96717428e+00  1.01513679e+03 -2.89922345e-01 
 1.02689310e+03  9.96717148e+00  1.02689310e+03 -2.93919683e-01 
 1.03878555e+03  9.96716861e+00  1.03878555e+03 -2.97955987e-01 
 1.05081574e+03  9.96716568e+00  1.05081574e+03 -3.02031792e-01 
 1.06298524e+03  9.96716268e+00  1.06298524e+03 -3.06147639e-01 
 1.07529569e+03  9.96715961e+00  1.07529569e+03 -3.10304072e-01 
 1.08774869e+03  9.96715646e+00  1.08774869e+03 -3.14501643e-01 
 1.10034592e+03  9.96715324e+00  1.10034592e+03 -3.18740909e-01 
 1.11308904e+03  9.96714994e+00  1.11308904e+03 -3.23022430e-01 
 1.12597973e+03  9.96714657e+00  1.12597973e+03 -3.27346775e-01 
 1.13901971e+03  9.96714312e+00  1.13901971e+03 -3.31714518e-01 
 1.15221071e+03  9.96713958e+00  1.15221071e+03 -3.36126235e-01 
 1.16555447e+03  9.96713597e+00  1.16555447e+03 -3.40582514e-01 
 1.17905277e+03  9.96713226e+00  1.17905277e+03 -3.45083944e-01 
 1.19270739e+03  9.96712847e+00  1.19270739e+03 -3.49631121e-01 
 1.20652015e+03  9.96712460e+00  1.20652015e+03 -3.54224649e-01 
 1.22049287e+03  9.96712063e+00  1.22049287e+03 -3.58865137e-01 
 1.23462740e+03  9.96711656e+00  1.23462740e+03 -3.63553199e-01 
 1.24892564e+03  9.96711240e+00  1.24892564e+03 -3.68289458e-01 
 1.26338945e+03  9.96710815e+00  1.26338945e+03 -3.73074540e-01 
 1.27802078e+03  9.96710379e+00  1.27802078e+03 -3.77909079e-01 
 1.29282155e+03  9.96709933e+00  1.29282155e+03 -3.82793718e-01 
 1.30779373e+03  9.96709477e+00  1.30779373e+03 -3.87729103e-01 
 1.32293930e+03  9.96709010e+00  1.32293930e+03 -3.92715887e-01 
 1.33826027e+03  9.96708532e+00  1.33826027e+03 -3.97754734e-01 
 1.35375867e+03  9.96708043e+00  1.35375867e+03 -4.02846309e-01 
 1.36943656e+03  9.96707543e+00  1.36943656e+03 -4.07991287e-01 
 1.38529602e+03  9.96707030e+00  1.38529602e+03 -4.13190352e-01 
 1.40133915e+03  9.96706506e+00  1.40133915e+03 -4.18444192e-01 
 1.41756807e+03  9.96705970e+00  1.41756807e+03 -4.23753502e-01 
 1.43398494e+03  9.96705420e+00  1.43398494e+03 -4.29118987e-01 
 1.45059193e+03  9.96704859e+00  1.45059193e+03 -4.34541358e-01 
 1.46739125e+03  9.96704283e+00  1.46739125e+03 -4.40021334e-01 
 1.48438512e+03  9.96703695e+00  1.48438512e+03 -4.45559640e-01 
 1.50157580e+03  9.96703093e+00  1.50157580e+03 -4.51157010e-01 
 1.51896556e+03  9.96702476e+00  1.51896556e+03 -4.56814187e-01 
 1.53655671e+03  9.96701846e+00  1.53655671e+03 -4.62531921e-01 
 1.55435159e+03  9.96701200e+00  1.55435159e+03 -4.68310968e-01 
 1.57235255e+03  9.96700539e+00  1.57235255e+03 -4.74152095e-01 
 1.59056198e+03  9.96699863e+00  1.59056198e+03 -4.80056075e-01 
 1.60898229e+03  9.96699172e+00  1.60898229e+03 -4.86023692e-01 
 1.62761593e+03  9.96698464e+00  1.62761593e+03 -4.92055735e-01 
 1.64646536e+03  9.96697739e+00  1.64646536e+03 -4.98153005e-01 
 1.66553309e+03  9.96696998e+00  1.66553309e+03 -5.04316309e-01 
 1.68482165e+03  9.96696239e+00  1.68482165e+03 -5.10546464e-01 
 1.70433358e+03  9.96695462e+00  1.70433358e+03 -5.16844295e-01 
 1.72407148e+03  9.96694668e+00  1.72407148e+03 -5.23210637e-01 
 1.74403797e+03  9.96693855e+00  1.74403797e+03 -5.29646334e-01 
 1.76423569e+03  9.96693022e+00  1.76423569e+03 -5.36152238e-01 
 1.78466732e+03  9.96692171e+00  1.78466732e+03 -5.42729211e-01 
 1.80533557e+03  9.96691299e+00  1.80533557e+03 -5.49378125e-01 
 1.82624317e+03  9.96690408e+00  1.82624317e+03 -5.56099861e-01 
 1.84739291e+03  9.96689495e+00  1.84739291e+03 -5.62895309e-01 
 1.86878759e+03  9.96688561e+00  1.86878759e+03 -5.69765369e-01 
 1.89043003e+03  9.96687606e+00  1.89043003e+03 -5.76710952e-01 
 1.91232312e+03  9.96686628e+00  1.91232312e+03 -5.83732979e-01 
 1.93446975e+03  9.96685627e+00  1.93446975e+03 -5.90832379e-01 
 1.95687286e+03  9.96684603e+00  1.95687286e+03 -5.98010092e-01 
 1.97953542e+03  9.96683555e+00  1.97953542e+03 -6.05267071e-01 
 2.00246044e+03  9.96682483e+00  2.00246044e+03 -6.12604275e-01 
 2.02565095e+03  9.96681385e+00  2.02565095e+03 -6.20022678e-01 
 2.04911003e+03  9.96680262e+00  2.04911003e+03 -6.27523262e-01 
 2.07284080e+03  9.96679113e+00  2.07284080e+03 -6.35107020e-01 
 2.09684638e+03  9.96677937e+00  2.09684638e+03 -6.42774957e-01 
 2.12112998e+03  9.96676734e+00  2.12112998e+03 -6.50528089e-01 
 2.14569480e+03  9.96675502e+00  2.14569480e+03 -6.58367443e-01 
 2.17054412e+03  9.96674242e+00  2.17054412e+03 -6.66294058e-01 
 2.19568121e+03  9.96672952e+00  2.19568121e+03 -6.74308982e-01 
 2.22110941e+03  9.96671633e+00  2.22110941e+03 -6.82413278e-01 
 2.24683210e+03  9.96670283e+00  2.24683210e+03 -6.90608020e-01 
 2.27285268e+03  9.96668901e+00  2.27285268e+03 -6.98894292e-01 
 2.29917461e+03  9.96667487e+00  2.29917461e+03 -7.07273192e-01 
 2.32580137e+03  9.96666040e+00  2.32580137e+03 -7.15745829e-01 
 2.35273649e+03  9.96664559e+00  2.35273649e+03 -7.24313327e-01 
 2.37998356e+03  9.96663044e+00  2.37998356e+03 -7.32976819e-01 
 2.40754617e+03  9.96661493e+00  2.40754617e+03 -7.41737452e-01 
 2.43542798e+03  9.96659906e+00  2.43542798e+03 -7.50596388e-01 
 2.46363269e+03  9.96658283e+00  2.46363269e+03 -7.59554798e-01 
 2.49216405e+03  9.96656621e+00  2.49216405e+03 -7.68613870e-01 
 2.52102582e+03  9.96654921e+00  2.52102582e+03 -7.77774802e-01 
 2.55022184e+03  9.96653181e+00  2.55022184e+03 -7.87038809e-01 
 2.57975598e+03  9.96651401e+00  2.57975598e+03 -7.96407115e-01 
 2.60963216e+03  9.96649579e+00  2.60963216e+03 -8.05880963e-01 
 2.63985434e+03  9.96647715e+00  2.63985434e+03 -8.15461605e-01 
 2.67042651e+03  9.96645807e+00  2.67042651e+03 -8.25150311e-01 
 2.70135274e+03  9.96643855e+00  2.70135274e+03 -8.34948364e-01 
 2.73263713e+03  9.96641857e+00  2.73263713e+03 -8.44857059e-01 
 2.76428383e+03  9.96639813e+00  2.76428383e+03 -8.54877710e-01 
 2.79629703e+03  9.96637721e+00  2.79629703e+03 -8.65011642e-01 
 2.82868097e+03  9.96635580e+00  2.82868097e+03 -8.75260197e-01 
 2.86143995e+03  9.96633390e+00  2.86143995e+03 -8.85624731e-01 
 2.89457831e+03  9.96631148e+00  2.89457831e+03 -8.96106617e-01 
 2.92810044e+03  9.96628855e+00  2.92810044e+03 -9.06707241e-01 
 2.96201080e+03  9.96626507e+00  2.96201080e+03 -9.17428007e-01 
 2.99631387e+03  9.96624106e+00  2.99631387e+03 -9.28270333e-01 
 3.03101421e+03  9.96621648e+00  3.03101421e+03 -9.39235655e-01 
 3.06611641e+03  9.96619133e+00  3.06611641e+03 -9.50325423e-01 
 3.10162514e+03  9.96616559e+00  3.10162514e+03 -9.61541105e-01 
 3.13754508e+03  9.96613926e+00  3.13754508e+03 -9.72884184e-01 
 3.17388102e+03  9.96611231e+00  3.17388102e+03 -9.84356163e-01 
 3.21063777e+03  9.96608473e+00  3.21063777e+03 -9.95958557e-01 
 3.24782019e+03  9.96605651e+00  3.24782019e+03 -1.00769290e+00 
 3.28543323e+03  9.96602763e+00  3.28543323e+03 -1.01956075e+00 
 3.32348186e+03  9.96599808e+00  3.32348186e+03 -1.03156368e+00 
 3.36197113e+03  9.96596785e+00  3.36197113e+03 -1.04370326e+00 
 3.40090615e+03  9.96593690e+00  3.40090615e+03 -1.05598112e+00 
 3.44029207e+03  9.96590524e+00  3.44029207e+03 -1.06839886e+00 
 3.48013412e+03  9.96587284e+00  3.48013412e+03 -1.08095814e+00 
 3.52043759e+03  9.96583969e+00  3.52043759e+03 -1.09366061e+00 
 3.56120781e+03  9.96580576e+00  3.56120781e+03 -1.10650796e+00 
 3.60245019e+03  9.96577104e+00  3.60245019e+03 -1.11950188e+00 
 3.64417019e+03  9.96573552e+00  3.64417019e+03 -1.13264409e+00 
 3.68637336e+03  9.96569917e+00  3.68637336e+03 -1.14593633e+00 
 3.72906528e+03  9.96566197e+00  3.72906528e+03 -1.15938036e+00 
 3.77225162e+03  9.96562390e+00  3.77225162e+03 -1.17297795e+00 
 3.81593810e+03  9.96558495e+00  3.81593810e+03 -1.18673090e+00 
 3.86013052e+03  9.96554509e+00  3.86013052e+03 -1.20064103e+00 
 3.90483472e+03  9.96550430e+00  3.90483472e+03 -1.21471018e+00 
 3.95005665e+03  9.96546256e+00  3.95005665e+03 -1.22894021e+00 
 3.99580229e+03  9.96541985e+00  3.99580229e+03 -1.24333299e+00 
 4.04207771e+03  9.96537615e+00  4.04207771e+03 -1.25789044e+00 
 4.08888905e+03  9.96533143e+00  4.08888905e+03 -1.27261447e+00 
 4.13624251e+03  9.96528566e+00  4.13624251e+03 -1.28750702e+00 
 4.18414437e+03  9.96523883e+00  4.18414437e+03 -1.30257007e+00 
 4.23260098e+03  9.96519091e+00  4.23260098e+03 -1.31780561e+00 
 4.28161877e+03  9.96514188e+00  4.28161877e+03 -1.33321564e+00 
 4.33120424e+03  9.96509170e+00  4.33120424e+03 -1.34880221e+00 
 4.38136395e+03  9.96504036e+00  4.38136395e+03 -1.36456737e+00 
 4.43210457e+03  9.96498781e+00  4.43210457e+03 -1.38051321e+00 
 4.48343281e+03  9.96493405e+00  4.48343281e+03 -1.39664182e+00 
 4.53535548e+03  9.96487903e+00  4.53535548e+03 -1.41295535e+00 
 4.58787948e+03  9.96482274e+00  4.58787948e+03 -1.42945593e+00 
 4.64101175e+03  9.96476513e+00  4.64101175e+03 -1.44614576e+00 
 4.69475935e+03  9.96470618e+00  4.69475935e+03 -1.46302703e+00 
 4.74912940e+03  9.96464586e+00  4.74912940e+03 -1.48010197e+00 
 4.80412911e+03  9.96458413e+00  4.80412911e+03 -1.49737284e+00 
 4.85976577e+03  9.96452097e+00  4.85976577e+03 -1.51484191e+00 
 4.91604676e+03  9.96445633e+00  4.91604676e+03 -1.53251149e+00 
 4.97297954e+03  9.96439020e+00  4.97297954e+03 -1.55038391e+00 
 5.03057166e+03  9.96432252e+00  5.03057166e+03 -1.56846152e+00 
 5.08883076e+03  9.96425326e+00  5.08883076e+03 -1.58674671e+00 
 5.14776455e+03  9.96418240e+00  5.14776455e+03 -1.60524190e+00 
 5.20738086e+03  9.96410988e+00  5.20738086e+03 -1.62394952e+00 
 5.26768758e+03  9.96403568e+00  5.26768758e+03 -1.64287203e+00 
 5.32869272e+03  9.96395975e+00  5.32869272e+03 -1.66201194e+00 
 5.39040436e+03  9.96388205e+00  5.39040436e+03 -1.68137176e+00 
 5.45283068e+03  9.96380254e+00  5.45283068e+03 -1.70095404e+00 
 5.51597996e+03  9.96372118e+00  5.51597996e+03 -1.72076137e+00 
 5.57986057e+03  9.96363793e+00  5.57986057e+03 -1.74079636e+00 
 5.64448099e+03  9.96355274e+00  5.64448099e+03 -1.76106164e+00 
 5.70984977e+03  9.96346557e+00  5.70984977e+03 -1.78155988e+00 
 5.77597559e+03  9.96337637e+00  5.77597559e+03 -1.80229378e+00 
 5.84286722e+03  9.96328509e+00  5.84286722e+03 -1.82326608e+00 
 5.91053351e+03  9.96319169e+00  5.91053351e+03 -1.84447952e+00 
 5.97898345e+03  9.96309611e+00  5.97898345e+03 -1.86593692e+00 
 6.04822611e+03  9.96299831e+00  6.04822611e+03 -1.88764108e+00 
 6.11827067e+03  9.96289824e+00  6.11827067e+03 -1.90959487e+00 
 6.18912642e+03  9.96279583e+00  6.18912642e+03 -1.93180116e+00 
 6.26080275e+03  9.96269104e+00  6.26080275e+03 -1.95426290e+00 
 6.33330916e+03  9.96258382e+00  6.33330916e+03 -1.97698301e+00 
 6.40665527e+03  9.96247410e+00  6.40665527e+03 -1.99996451e+00 
 6.48085080e+03  9.96236182e+00  6.48085080e+03 -2.02321039e+00 
 6.55590559e+03  9.96224693e+00  6.55590559e+03 -2.04672373e+00 
 6.63182959e+03  9.96212937e+00  6.63182959e+03 -2.07050761e+00 
 6.70863287e+03  9.96200908e+00  6.70863287e+03 -2.09456515e+00 
 6.78632561e+03  9.96188598e+00  6.78632561e+03 -2.11889951e+00 
 6.86491811e+03  9.96176003e+00  6.86491811e+03 -2.14351389e+00 
 6.94442078e+03  9.96163114e+00  6.94442078e+03 -2.16841152e+00 
 7.02484418e+03  9.96149925e+00  7.02484418e+03 -2.19359567e+00 
 7.10619897e+03  9.96136429e+00  7.10619897e+03 -2.21906965e+00 
 7.18849592e+03  9.96122620e+00  7.18849592e+03 -2.24483679e+00 
 7.27174595e+03  9.96108489e+00  7.27174595e+03 -2.27090047e+00 
 7.35596011e+03  9.96094030e+00  7.35596011e+03 -2.29726411e+00 
 7.44114955e+03  9.96079234e+00  7.44114955e+03 -2.32393118e+00 
 7.52732557e+03  9.96064094e+00  7.52732557e+03 -2.35090515e+00 
 7.61449959e+03  9.96048602e+00  7.61449959e+03 -2.37818957e+00 
 7.70268318e+03  9.96032750e+00  7.70268318e+03 -2.40578801e+00 
 7.79188802e+03  9.96016529e+00  7.79188802e+03 -2.43370409e+00 
 7.88212595e+03  9.95999930e+00  7.88212595e+03 -2.46194145e+00 
 7.97340892e+03  9.95982946e+00  7.97340892e+03 -2.49050380e+00 
 8.06574904e+03  9.95965567e+00  8.06574904e+03 -2.51939487e+00 
 8.15915855e+03  9.95947783e+00  8.15915855e+03 -2.54861844e+00 
 8.25364983e+03  9.95929587e+00  8.25364983e+03 -2.57817833e+00 
 8.34923543e+03  9.95910967e+00  8.34923543e+03 -2.60807840e+00 
 8.44592800e+03  9.95891914e+00  8.44592800e+03 -2.63832256e+00 
 8.54374036e+03  9.95872418e+00  8.54374036e+03 -2.66891476e+00 
 8.64268550e+03  9.95852469e+00  8.64268550e+03 -2.69985900e+00 
 8.74277651e+03  9.95832056e+00  8.74277651e+03 -2.73115931e+00 
 8.84402669e+03  9.95811169e+00  8.84402669e+03 -2.76281978e+00 
 8.94644944e+03  9.95789796e+00  8.94644944e+03 -2.79484454e+00 
 9.05005835e+03  9.95767926e+00  9.05005835e+03 -2.82723776e+00 
 9.15486716e+03  9.95745548e+00  9.15486716e+03 -2.86000366e+00 
 9.26088975e+03  9.95722650e+00  9.26088975e+03 -2.89314651e+00 
 9.36814020e+03  9.95699220e+00  9.36814020e+03 -2.92667063e+00 
 9.47663271e+03  9.95675246e+00  9.47663271e+03 -2.96058039e+00 
 9.58638168e+03  9.95650714e+00  9.58638168e+03 -2.99488018e+00 
 9.69740165e+03  9.95625612e+00  9.69740165e+03 -3.02957448e+00 
 9.80970735e+03  9.95599927e+00  9.80970735e+03 -3.06466780e+00 
 9.92331366e+03  9.95573646e+00  9.92331366e+03 -3.10016469e+00 
 1.00382356e+04  9.95546754e+00  1.00382356e+04 -3.13606976e+00 
 1.01544885e+04  9.95519237e+00  1.01544885e+04 -3.17238767e+00 
 1.02720878e+04  9.95491081e+00  1.02720878e+04 -3.20912314e+00 
 1.03910489e+04  9.95462271e+00  1.03910489e+04 -3.24628093e+00 
 1.05113877e+04  9.95432791e+00  1.05113877e+04 -3.28386585e+00 
 1.06331202e+04  9.95402628e+00  1.06331202e+04 -3.32188278e+00 
 1.07562625e+04  9.95371764e+00  1.07562625e+04 -3.36033664e+00 
 1.08808308e+04  9.95340183e+00  1.08808308e+04 -3.39923239e+00 
 1.10068418e+04  9.95307869e+00  1.10068418e+04 -3.43857508e+00 
 1.11343122e+04  9.95274804e+00  1.11343122e+04 -3.47836978e+00 
 1.12632587e+04  9.95240973e+00  1.12632587e+04 -3.51862164e+00 
 1.13936986e+04  9.95206355e+00  1.13936986e+04 -3.55933585e+00 
 1.15256492e+04  9.95170935e+00  1.15256492e+04 -3.60051767e+00 
 1.16591278e+04  9.95134692e+00  1.16591278e+04 -3.64217240e+00 
 1.17941523e+04  9.95097608e+00  1.17941523e+04 -3.68430541e+00 
 1.19307404e+04  9.95059664e+00  1.19307404e+04 -3.72692213e+00 
 1.20689105e+04  9.95020839e+00  1.20689105e+04 -3.77002804e+00 
 1.22086806e+04  9.94981114e+00  1.22086806e+04 -3.81362868e+00 
 1.23500695e+04  9.94940467e+00  1.23500695e+04 -3.85772965e+00 
 1.24930957e+04  9.94898877e+00  1.24930957e+04 -3.90233661e+00 
 1.26377784e+04  9.94856323e+00  1.26377784e+04 -3.94745530e+00 
 1.27841366e+04  9.94812782e+00  1.27841366e+04 -3.99309148e+00 
 1.29321898e+04  9.94768231e+00  1.29321898e+04 -4.03925102e+00 
 1.30819576e+04  9.94722647e+00  1.30819576e+04 -4.08593980e+00 
 1.32334599e+04  9.94676006e+00  1.32334599e+04 -4.13316382e+00 
 1.33867167e+04  9.94628285e+00  1.33867167e+04 -4.18092909e+00 
 1.35417484e+04  9.94579457e+00  1.35417484e+04 -4.22924172e+00 
 1.36985755e+04  9.94529497e+00  1.36985755e+04 -4.27810786e+00 
 1.38572188e+04  9.94478380e+00  1.38572188e+04 -4.32753376e+00 
 1.40176994e+04  9.94426079e+00  1.40176994e+04 -4.37752569e+00 
 1.41800385e+04  9.94372566e+00  1.41800385e+04 -4.42809002e+00 
 1.43442576e+04  9.94317813e+00  1.43442576e+04 -4.47923316e+00 
 1.45103786e+04  9.94261792e+00  1.45103786e+04 -4.53096163e+00 
 1.46784234e+04  9.94204474e+00  1.46784234e+04 -4.58328196e+00 
 1.48484144e+04  9.94145829e+00  1.48484144e+04 -4.63620080e+00 
 1.50203740e+04  9.94085826e+00  1.50203740e+04 -4.68972483e+00 
 1.51943251e+04  9.94024434e+00  1.51943251e+04 -4.74386083e+00 
 1.53702907e+04  9.93961621e+00  1.53702907e+04 -4.79861562e+00 
 1.55482942e+04  9.93897355e+00  1.55482942e+04 -4.85399612e+00 
 1.57283591e+04  9.93831602e+00  1.57283591e+04 -4.91000929e+00 
 1.59105094e+04  9.93764327e+00  1.59105094e+04 -4.96666219e+00 
 1.60947691e+04  9.93695497e+00  1.60947691e+04 -5.02396193e+00 
 1.62811628e+04  9.93625075e+00  1.62811628e+04 -5.08191571e+00 
 1.64697151e+04  9.93553025e+00  1.64697151e+04 -5.14053079e+00 
 1.66604510e+04  9.93479309e+00  1.66604510e+04 -5.19981450e+00 
 1.68533958e+04  9.93403889e+00  1.68533958e+04 -5.25977426e+00 
 1.70485751e+04  9.93326726e+00  1.70485751e+04 -5.32041754e+00 
 1.72460148e+04  9.93247780e+00  1.72460148e+04 -5.38175192e+00 
 1.74457411e+04  9.93167011e+00  1.74457411e+04 -5.44378501e+00 
 1.76477804e+04  9.93084376e+00  1.76477804e+04 -5.50652454e+00 
 1.78521595e+04  9.92999834e+00  1.78521595e+04 -5.56997828e+00 
 1.80589055e+04  9.92913339e+00  1.80589055e+04 -5.63415410e+00 
 1.82680458e+04  9.92824848e+00  1.82680458e+04 -5.69905994e+00 
 1.84796082e+04  9.92734314e+00  1.84796082e+04 -5.76470381e+00 
 1.86936208e+04  9.92641692e+00  1.86936208e+04 -5.83109380e+00 
 1.89101117e+04  9.92546934e+00  1.89101117e+04 -5.89823808e+00 
 1.91291099e+04  9.92449990e+00  1.91291099e+04 -5.96614491e+00 
 1.93506443e+04  9.92350811e+00  1.93506443e+04 -6.03482261e+00 
 1.95747443e+04  9.92249346e+00  1.95747443e+04 -6.10427958e+00 
 1.98014396e+04  9.92145542e+00  1.98014396e+04 -6.17452431e+00 
 2.00307602e+04  9.92039348e+00  2.00307602e+04 -6.24556538e+00 
 2.02627366e+04  9.91930707e+00  2.02627366e+04 -6.31741141e+00 
 2.04973996e+04  9.91819564e+00  2.04973996e+04 -6.39007114e+00 
 2.07347801e+04  9.91705863e+00  2.07347801e+04 -6.46355337e+00 
 2.09749098e+04  9.91589545e+00  2.09749098e+04 -6.53786698e+00 
 2.12178204e+04  9.91470551e+00  2.12178204e+04 -6.61302096e+00 
 2.14635442e+04  9.91348820e+00  2.14635442e+04 -6.68902433e+00 
 2.17121137e+04  9.91224289e+00  2.17121137e+04 -6.76588624e+00 
 2.19635619e+04  9.91096896e+00  2.19635619e+04 -6.84361589e+00 
 2.22179221e+04  9.90966575e+00  2.22179221e+04 -6.92222257e+00 
 2.24752280e+04  9.90833261e+00  2.24752280e+04 -7.00171566e+00 
 2.27355138e+04  9.90696884e+00  2.27355138e+04 -7.08210461e+00 
 2.29988140e+04  9.90557377e+00  2.29988140e+04 -7.16339897e+00 
 2.32651635e+04  9.90414668e+00  2.32651635e+04 -7.24560834e+00 
 2.35345976e+04  9.90268685e+00  2.35345976e+04 -7.32874243e+00 
 2.38071520e+04  9.90119354e+00  2.38071520e+04 -7.41281103e+00 
 2.40828628e+04  9.89966599e+00  2.40828628e+04 -7.49782398e+00 
 2.43617666e+04  9.89810343e+00  2.43617666e+04 -7.58379125e+00 
 2.46439005e+04  9.89650508e+00  2.46439005e+04 -7.67072286e+00 
 2.49293017e+04  9.89487012e+00  2.49293017e+04 -7.75862891e+00 
 2.52180082e+04  9.89319774e+00  2.52180082e+04 -7.84751960e+00 
 2.55100581e+04  9.89148709e+00  2.55100581e+04 -7.93740520e+00 
 2.58054904e+04  9.88973731e+00  2.58054904e+04 -8.02829605e+00 
 2.61043440e+04  9.88794753e+00  2.61043440e+04 -8.12020258e+00 
 2.64066586e+04  9.88611685e+00  2.64066586e+04 -8.21313531e+00 
 2.67124744e+04  9.88424435e+00  2.67124744e+04 -8.30710483e+00 
 2.70218318e+04  9.88232909e+00  2.70218318e+04 -8.40212181e+00 
 2.73347718e+04  9.88037013e+00  2.73347718e+04 -8.49819698e+00 
 2.76513361e+04  9.87836648e+00  2.76513361e+04 -8.59534119e+00 
 2.79715664e+04  9.87631715e+00  2.79715664e+04 -8.69356532e+00 
 2.82955054e+04  9.87422111e+00  2.82955054e+04 -8.79288037e+00 
 2.86231959e+04  9.87207734e+00  2.86231959e+04 -8.89329738e+00 
 2.89546814e+04  9.86988476e+00  2.89546814e+04 -8.99482748e+00 
 2.92900058e+04  9.86764229e+00  2.92900058e+04 -9.09748188e+00 
 2.96292136e+04  9.86534883e+00  2.96292136e+04 -9.20127186e+00 
 2.99723498e+04  9.86300324e+00  2.99723498e+04 -9.30620876e+00 
 3.03194599e+04  9.86060437e+00  3.03194599e+04 -9.41230402e+00 
 3.06705898e+04  9.85815105e+00  3.06705898e+04 -9.51956911e+00 
 3.10257862e+04  9.85564206e+00  3.10257862e+04 -9.62801560e+00 
 3.13850961e+04  9.85307618e+00  3.13850961e+04 -9.73765513e+00 
 3.17485672e+04  9.85045215e+00  3.17485672e+04 -9.84849938e+00 
 3.21162476e+04  9.84776871e+00  3.21162476e+04 -9.96056012e+00 
 3.24881861e+04  9.84502453e+00  3.24881861e+04 -1.00738492e+01 
 3.28644321e+04  9.84221829e+00  3.28644321e+04 -1.01883784e+01 
 3.32450354e+04  9.83934862e+00  3.32450354e+04 -1.03041598e+01 
 3.36300464e+04  9.83641414e+00  3.36300464e+04 -1.04212054e+01 
 3.40195163e+04  9.83341344e+00  3.40195163e+04 -1.05395271e+01 
 3.44134966e+04  9.83034505e+00  3.44134966e+04 -1.06591372e+01 
 3.48120396e+04  9.82720752e+00  3.48120396e+04 -1.07800478e+01 
 3.52151982e+04  9.82399934e+00  3.52151982e+04 -1.09022712e+01 
 3.56230257e+04  9.82071897e+00  3.56230257e+04 -1.10258195e+01 
 3.60355763e+04  9.81736484e+00  3.60355763e+04 -1.11507052e+01 
 3.64529046e+04  9.81393536e+00  3.64529046e+04 -1.12769405e+01 
 3.68750660e+04  9.81042891e+00  3.68750660e+04 -1.14045380e+01 
 3.73021165e+04  9.80684381e+00  3.73021165e+04 -1.15335100e+01 
 3.77341126e+04  9.80317837e+00  3.77341126e+04 -1.16638690e+01 
 3.81711117e+04  9.79943088e+00  3.81711117e+04 -1.17956275e+01 
 3.86131717e+04  9.79559956e+00  3.86131717e+04 -1.19287981e+01 
 3.90603512e+04  9.79168262e+00  3.90603512e+04 -1.20633934e+01 
 3.95127095e+04  9.78767824e+00  3.95127095e+04 -1.21994259e+01 
 3.99703065e+04  9.78358454e+00  3.99703065e+04 -1.23369083e+01 
 4.04332030e+04  9.77939963e+00  4.04332030e+04 -1.24758533e+01 
 4.09014603e+04  9.77512156e+00  4.09014603e+04 -1.26162733e+01 
 4.13751404e+04  9.77074837e+00  4.13751404e+04 -1.27581813e+01 
 4.18543063e+04  9.76627804e+00  4.18543063e+04 -1.29015897e+01 
 4.23390214e+04  9.76170851e+00  4.23390214e+04 -1.30465113e+01 
 4.28293500e+04  9.75703771e+00  4.28293500e+04 -1.31929587e+01 
 4.33253571e+04  9.75226350e+00  4.33253571e+04 -1.33409446e+01 
 4.38271084e+04  9.74738372e+00  4.38271084e+04 -1.34904817e+01 
 4.43346705e+04  9.74239616e+00  4.43346705e+04 -1.36415826e+01 
 4.48481108e+04  9.73729858e+00  4.48481108e+04 -1.37942599e+01 
 4.53674971e+04  9.73208868e+00  4.53674971e+04 -1.39485263e+01 
 4.58928985e+04  9.72676413e+00  4.58928985e+04 -1.41043942e+01 
 4.64243846e+04  9.72132257e+00  4.64243846e+04 -1.42618763e+01 
 4.69620258e+04  9.71576159e+00  4.69620258e+04 -1.44209850e+01 
 4.75058934e+04  9.71007871e+00  4.75058934e+04 -1.45817328e+01 
 4.80560596e+04  9.70427145e+00  4.80560596e+04 -1.47441320e+01 
 4.86125973e+04  9.69833727e+00  4.86125973e+04 -1.49081950e+01 
 4.91755802e+04  9.69227356e+00  4.91755802e+04 -1.50739341e+01 
 4.97450830e+04  9.68607771e+00  4.97450830e+04 -1.52413615e+01 
 5.03211813e+04  9.67974704e+00  5.03211813e+04 -1.54104894e+01 
 5.09039513e+04  9.67327882e+00  5.09039513e+04 -1.55813297e+01 
 5.14934704e+04  9.66667028e+00  5.14934704e+04 -1.57538944e+01 
 5.20898168e+04  9.65991862e+00  5.20898168e+04 -1.59281955e+01 
 5.26930694e+04  9.65302097e+00  5.26930694e+04 -1.61042446e+01 
 5.33033083e+04  9.64597443e+00  5.33033083e+04 -1.62820534e+01 
 5.39206144e+04  9.63877604e+00  5.39206144e+04 -1.64616334e+01 
 5.45450695e+04  9.63142280e+00  5.45450695e+04 -1.66429962e+01 
 5.51767564e+04  9.62391166e+00  5.51767564e+04 -1.68261528e+01 
 5.58157589e+04  9.61623953e+00  5.58157589e+04 -1.70111145e+01 
 5.64621617e+04  9.60840327e+00  5.64621617e+04 -1.71978922e+01 
 5.71160505e+04  9.60039967e+00  5.71160505e+04 -1.73864968e+01 
 5.77775120e+04  9.59222551e+00  5.77775120e+04 -1.75769390e+01 
 5.84466339e+04  9.58387748e+00  5.84466339e+04 -1.77692291e+01 
 5.91235049e+04  9.57535227e+00  5.91235049e+04 -1.79633775e+01 
 5.98082147e+04  9.56664647e+00  5.98082147e+04 -1.81593943e+01 
 6.05008542e+04  9.55775665e+00  6.05008542e+04 -1.83572894e+01 
 6.12015151e+04  9.54867934e+00  6.12015151e+04 -1.85570725e+01 
 6.19102904e+04  9.53941100e+00  6.19102904e+04 -1.87587530e+01 
 6.26272740e+04  9.52994804e+00  6.26272740e+04 -1.89623402e+01 
 6.33525610e+04  9.52028685e+00  6.33525610e+04 -1.91678430e+01 
 6.40862476e+04  9.51042374e+00  6.40862476e+04 -1.93752702e+01 
 6.48284310e+04  9.50035499e+00  6.48284310e+04 -1.95846303e+01 
 6.55792097e+04  9.49007683e+00  6.55792097e+04 -1.97959314e+01 
 6.63386831e+04  9.47958544e+00  6.63386831e+04 -2.00091815e+01 
 6.71069519e+04  9.46887694e+00  6.71069519e+04 -2.02243881e+01 
 6.78841182e+04  9.45794743e+00  6.78841182e+04 -2.04415586e+01 
 6.86702847e+04  9.44679294e+00  6.86702847e+04 -2.06607000e+01 
 6.94655559e+04  9.43540947e+00  6.94655559e+04 -2.08818188e+01 
 7.02700371e+04  9.42379297e+00  7.02700371e+04 -2.11049216e+01 
 7.10838351e+04  9.41193933e+00  7.10838351e+04 -2.13300141e+01 
 7.19070576e+04  9.39984442e+00  7.19070576e+04 -2.15571020e+01 
 7.27398139e+04  9.38750406e+00  7.27398139e+04 -2.17861905e+01 
 7.35822143e+04  9.37491401e+00  7.35822143e+04 -2.20172845e+01 
 7.44343706e+04  9.36207001e+00  7.44343706e+04 -2.22503884e+01 
 7.52963957e+04  9.34896775e+00  7.52963957e+04 -2.24855063e+01 
 7.61684039e+04  9.33560288e+00  7.61684039e+04 -2.27226417e+01 
 7.70505109e+04  9.32197100e+00  7.70505109e+04 -2.29617977e+01 
 7.79428335e+04  9.30806770e+00  7.79428335e+04 -2.32029772e+01 
 7.88454902e+04  9.29388850e+00  7.88454902e+04 -2.34461824e+01 
 7.97586005e+04  9.27942891e+00  7.97586005e+04 -2.36914151e+01 
 8.06822855e+04  9.26468440e+00  8.06822855e+04 -2.39386766e+01 
 8.16166678e+04  9.24965039e+00  8.16166678e+04 -2.41879677e+01 
 8.25618712e+04  9.23432230e+00  8.25618712e+04 -2.44392887e+01 
 8.35180209e+04  9.21869548e+00  8.35180209e+04 -2.46926393e+01 
 8.44852439e+04  9.20276530e+00  8.44852439e+04 -2.49480190e+01 
 8.54636682e+04  9.18652705e+00  8.54636682e+04 -2.52054263e+01 
 8.64534237e+04  9.16997604e+00  8.64534237e+04 -2.54648594e+01 
 8.74546416e+04  9.15310753e+00  8.74546416e+04 -2.57263159e+01 
 8.84674546e+04  9.13591678e+00  8.84674546e+04 -2.59897929e+01 
 8.94919970e+04  9.11839900e+00  8.94919970e+04 -2.62552867e+01 
 9.05284046e+04  9.10054941e+00  9.05284046e+04 -2.65227933e+01 
 9.15768148e+04  9.08236321e+00  9.15768148e+04 -2.67923077e+01 
 9.26373667e+04  9.06383559e+00  9.26373667e+04 -2.70638247e+01 
 9.37102009e+04  9.04496170e+00  9.37102009e+04 -2.73373381e+01 
 9.47954596e+04  9.02573672e+00  9.47954596e+04 -2.76128415e+01 
 9.58932866e+04  9.00615581e+00  9.58932866e+04 -2.78903273e+01 
 9.70038276e+04  8.98621413e+00  9.70038276e+04 -2.81697877e+01 
 9.81272298e+04  8.96590682e+00  9.81272298e+04 -2.84512140e+01 
 9.92636421e+04  8.94522905e+00  9.92636421e+04 -2.87345969e+01 
 1.00413215e+05  8.92417597e+00  1.00413215e+05 -2.90199264e+01 
 1.01576102e+05  8.90274277e+00  1.01576102e+05 -2.93071919e+01 
 1.02752455e+05  8.88092462e+00  1.02752455e+05 -2.95963820e+01 
 1.03942432e+05  8.85871672e+00  1.03942432e+05 -2.98874845e+01 
 1.05146191e+05  8.83611427e+00  1.05146191e+05 -3.01804867e+01 
 1.06363890e+05  8.81311251e+00  1.06363890e+05 -3.04753752e+01 
 1.07595691e+05  8.78970670e+00  1.07595691e+05 -3.07721356e+01 
 1.08841757e+05  8.76589212e+00  1.08841757e+05 -3.10707530e+01 
 1.10102255e+05  8.74166407e+00  1.10102255e+05 -3.13712119e+01 
 1.11377350e+05  8.71701790e+00  1.11377350e+05 -3.16734957e+01 
 1.12667212e+05  8.69194900e+00  1.12667212e+05 -3.19775873e+01 
 1.13972012e+05  8.66645278e+00  1.13972012e+05 -3.22834690e+01 
 1.15291923e+05  8.64052471e+00  1.15291923e+05 -3.25911221e+01 
 1.16627120e+05  8.61416030e+00  1.16627120e+05 -3.29005272e+01 
 1.17977779e+05  8.58735512e+00  1.17977779e+05 -3.32116644e+01 
 1.19344081e+05  8.56010477e+00  1.19344081e+05 -3.35245128e+01 
 1.20726206e+05  8.53240494e+00  1.20726206e+05 -3.38390509e+01 
 1.22124337e+05  8.50425136e+00  1.22124337e+05 -3.41552564e+01 
 1.23538660e+05  8.47563984e+00  1.23538660e+05 -3.44731065e+01 
 1.24969363e+05  8.44656624e+00  1.24969363e+05 -3.47925775e+01 
 1.26416634e+05  8.41702652e+00  1.26416634e+05 -3.51136448e+01 
 1.27880666e+05  8.38701669e+00  1.27880666e+05 -3.54362835e+01 
 1.29361653e+05  8.35653287e+00  1.29361653e+05 -3.57604678e+01 
 1.30859792e+05  8.32557123e+00  1.30859792e+05 -3.60861711e+01 
 1.32375280e+05  8.29412806e+00  1.32375280e+05 -3.64133663e+01 
 1.33908319e+05  8.26219971e+00  1.33908319e+05 -3.67420256e+01 
 1.35459113e+05  8.22978267e+00  1.35459113e+05 -3.70721205e+01 
 1.37027866e+05  8.19687349e+00  1.37027866e+05 -3.74036218e+01 
 1.38614787e+05  8.16346884e+00  1.38614787e+05 -3.77364999e+01 
 1.40220086e+05  8.12956549e+00  1.40220086e+05 -3.80707242e+01 
 1.41843976e+05  8.09516033e+00  1.41843976e+05 -3.84062639e+01 
 1.43486672e+05  8.06025037e+00  1.43486672e+05 -3.87430872e+01 
 1.45148393e+05  8.02483271e+00  1.45148393e+05 -3.90811622e+01 
 1.46829358e+05  7.98890460e+00  1.46829358e+05 -3.94204560e+01 
 1.48529790e+05  7.95246339e+00  1.48529790e+05 -3.97609354e+01 
 1.50249915e+05  7.91550659e+00  1.50249915e+05 -4.01025667e+01 
 1.51989960e+05  7.87803182e+00  1.51989960e+05 -4.04453156e+01 
 1.53750157e+05  7.84003683e+00  1.53750157e+05 -4.07891473e+01 
 1.55530739e+05  7.80151951e+00  1.55530739e+05 -4.11340267e+01 
 1.57331942e+05  7.76247791e+00  1.57331942e+05 -4.14799181e+01 
 1.59154005e+05  7.72291019e+00  1.59154005e+05 -4.18267855e+01 
 1.60997169e+05  7.68281470e+00  1.60997169e+05 -4.21745924e+01 
 1.62861678e+05  7.64218989e+00  1.62861678e+05 -4.25233021e+01 
 1.64747781e+05  7.60103440e+00  1.64747781e+05 -4.28728775e+01 
 1.66655726e+05  7.55934700e+00  1.66655726e+05 -4.32232811e+01 
 1.68585768e+05  7.51712663e+00  1.68585768e+05 -4.35744752e+01 
 1.70538161e+05  7.47437238e+00  1.70538161e+05 -4.39264218e+01 
 1.72513165e+05  7.43108351e+00  1.72513165e+05 -4.42790828e+01 
 1.74511042e+05  7.38725943e+00  1.74511042e+05 -4.46324196e+01 
 1.76532055e+05  7.34289973e+00  1.76532055e+05 -4.49863938e+01 
 1.78576475e+05  7.29800414e+00  1.78576475e+05 -4.53409667e+01 
 1.80644570e+05  7.25257259e+00  1.80644570e+05 -4.56960993e+01 
 1.82736617e+05  7.20660515e+00  1.82736617e+05 -4.60517527e+01 
 1.84852891e+05  7.16010207e+00  1.84852891e+05 -4.64078881e+01 
 1.86993674e+05  7.11306379e+00  1.86993674e+05 -4.67644664e+01 
 1.89159250e+05  7.06549088e+00  1.89159250e+05 -4.71214486e+01 
 1.91349905e+05  7.01738412e+00  1.91349905e+05 -4.74787957e+01 
 1.93565930e+05  6.96874445e+00  1.93565930e+05 -4.78364690e+01 
 1.95807618e+05  6.91957298e+00  1.95807618e+05 -4.81944295e+01 
 1.98075268e+05  6.86987100e+00  1.98075268e+05 -4.85526387e+01 
 2.00369179e+05  6.81963996e+00  2.00369179e+05 -4.89110580e+01 
 2.02689657e+05  6.76888151e+00  2.02689657e+05 -4.92696492e+01 
 2.05037007e+05  6.71759744e+00  2.05037007e+05 -4.96283742e+01 
 2.07411543e+05  6.66578974e+00  2.07411543e+05 -4.99871951e+01 
 2.09813578e+05  6.61346056e+00  2.09813578e+05 -5.03460745e+01 
 2.12243431e+05  6.56061224e+00  2.12243431e+05 -5.07049750e+01 
 2.14701424e+05  6.50724726e+00  2.14701424e+05 -5.10638599e+01 
 2.17187883e+05  6.45336829e+00  2.17187883e+05 -5.14226927e+01 
 2.19703138e+05  6.39897817e+00  2.19703138e+05 -5.17814371e+01 
 2.22247522e+05  6.34407991e+00  2.22247522e+05 -5.21400576e+01 
 2.24821372e+05  6.28867668e+00  2.24821372e+05 -5.24985189e+01 
 2.27425030e+05  6.23277181e+00  2.27425030e+05 -5.28567864e+01 
 2.30058842e+05  6.17636881e+00  2.30058842e+05 -5.32148258e+01 
 2.32723155e+05  6.11947133e+00  2.32723155e+05 -5.35726035e+01 
 2.35418324e+05  6.06208321e+00  2.35418324e+05 -5.39300863e+01 
 2.38144706e+05  6.00420842e+00  2.38144706e+05 -5.42872419e+01 
 2.40902662e+05  5.94585111e+00  2.40902662e+05 -5.46440382e+01 
 2.43692558e+05  5.88701556e+00  2.43692558e+05 -5.50004442e+01 
 2.46514763e+05  5.82770622e+00  2.46514763e+05 -5.53564291e+01 
 2.49369653e+05  5.76792768e+00  2.49369653e+05 -5.57119632e+01 
 2.52257605e+05  5.70768469e+00  2.52257605e+05 -5.60670173e+01 
 2.55179003e+05  5.64698213e+00  2.55179003e+05 -5.64215630e+01 
 2.58134233e+05  5.58582503e+00  2.58134233e+05 -5.67755727e+01 
 2.61123688e+05  5.52421857e+00  2.61123688e+05 -5.71290193e+01 
 2.64147764e+05  5.46216803e+00  2.64147764e+05 -5.74818770e+01 
 2.67206861e+05  5.39967888e+00  2.67206861e+05 -5.78341203e+01 
 2.70301386e+05  5.33675667e+00  2.70301386e+05 -5.81857249e+01 
 2.73431749e+05  5.27340710e+00  2.73431749e+05 -5.85366672e+01 
 2.76598365e+05  5.20963602e+00  2.76598365e+05 -5.88869244e+01 
 2.79801653e+05  5.14544935e+00  2.79801653e+05 -5.92364748e+01 
 2.83042038e+05  5.08085318e+00  2.83042038e+05 -5.95852974e+01 
 2.86319950e+05  5.01585370e+00  2.86319950e+05 -5.99333722e+01 
 2.89635824e+05  4.95045719e+00  2.89635824e+05 -6.02806800e+01 
 2.92990099e+05  4.88467008e+00  2.92990099e+05 -6.06272028e+01 
 2.96383220e+05  4.81849889e+00  2.96383220e+05 -6.09729233e+01 
 2.99815637e+05  4.75195025e+00  2.99815637e+05 -6.13178253e+01 
 3.03287805e+05  4.68503088e+00  3.03287805e+05 -6.16618935e+01 
 3.06800183e+05  4.61774763e+00  3.06800183e+05 -6.20051136e+01 
 3.10353239e+05  4.55010740e+00  3.10353239e+05 -6.23474723e+01 
 3.13947443e+05  4.48211723e+00  3.13947443e+05 -6.26889573e+01 
 3.17583271e+05  4.41378423e+00  3.17583271e+05 -6.30295574e+01 
 3.21261205e+05  4.34511560e+00  3.21261205e+05 -6.33692621e+01 
 3.24981734e+05  4.27611863e+00  3.24981734e+05 -6.37080623e+01 
 3.28745351e+05  4.20680069e+00  3.28745351e+05 -6.40459497e+01 
 3.32552554e+05  4.13716922e+00  3.32552554e+05 -6.43829172e+01 
 3.36403848e+05  4.06723176e+00  3.36403848e+05 -6.47189584e+01 
 3.40299744e+05  3.99699591e+00  3.40299744e+05 -6.50540684e+01 
 3.44240758e+05  3.92646935e+00  3.44240758e+05 -6.53882430e+01 
 3.48227413e+05  3.85565981e+00  3.48227413e+05 -6.57214792e+01 
 3.52260238e+05  3.78457513e+00  3.52260238e+05 -6.60537749e+01 
 3.56339767e+05  3.71322317e+00  3.56339767e+05 -6.63851293e+01 
 3.60466541e+05  3.64161187e+00  3.60466541e+05 -6.67155424e+01 
 3.64641107e+05  3.56974925e+00  3.64641107e+05 -6.70450154e+01 
 3.68864019e+05  3.49764336e+00  3.68864019e+05 -6.73735505e+01 
 3.73135837e+05  3.42530231e+00  3.73135837e+05 -6.77011510e+01 
 3.77457126e+05  3.35273429e+00  3.77457126e+05 -6.80278213e+01 
 3.81828460e+05  3.27994752e+00  3.81828460e+05 -6.83535667e+01 
 3.86250419e+05  3.20695027e+00  3.86250419e+05 -6.86783936e+01 
 3.90723589e+05  3.13375086e+00  3.90723589e+05 -6.90023097e+01 
 3.95248562e+05  3.06035767e+00  3.95248562e+05 -6.93253234e+01 
 3.99825939e+05  2.98677911e+00  3.99825939e+05 -6.96474443e+01 
 4.04456327e+05  2.91302363e+00  4.04456327e+05 -6.99686833e+01 
 4.09140339e+05  2.83909975e+00  4.09140339e+05 -7.02890519e+01 
 4.13878597e+05  2.76501600e+00  4.13878597e+05 -7.06085630e+01 
 4.18671729e+05  2.69078096e+00  4.18671729e+05 -7.09272304e+01 
 4.23520370e+05  2.61640325e+00  4.23520370e+05 -7.12450690e+01 
 4.28425163e+05  2.54189152e+00  4.28425163e+05 -7.15620948e+01 
 4.33386759e+05  2.46725445e+00  4.33386759e+05 -7.18783248e+01 
 4.38405814e+05  2.39250077e+00  4.38405814e+05 -7.21937770e+01 
 4.43482996e+05  2.31763923e+00  4.43482996e+05 -7.25084705e+01 
 4.48618977e+05  2.24267861e+00  4.48618977e+05 -7.28224256e+01 
 4.53814437e+05  2.16762772e+00  4.53814437e+05 -7.31356633e+01 
 4.59070066e+05  2.09249542e+00  4.59070066e+05 -7.34482060e+01 
 4.64386560e+05  2.01729056e+00  4.64386560e+05 -7.37600769e+01 
 4.69764625e+05  1.94202204e+00  4.69764625e+05 -7.40713003e+01 
 4.75204974e+05  1.86669878e+00  4.75204974e+05 -7.43819018e+01 
 4.80708327e+05  1.79132974e+00  4.80708327e+05 -7.46919077e+01 
 4.86275414e+05  1.71592388e+00  4.86275414e+05 -7.50013455e+01 
 4.91906974e+05  1.64049019e+00  4.91906974e+05 -7.53102438e+01 
 4.97603753e+05  1.56503770e+00  4.97603753e+05 -7.56186321e+01 
 5.03366507e+05  1.48957543e+00  5.03366507e+05 -7.59265411e+01 
 5.09195999e+05  1.41411245e+00  5.09195999e+05 -7.62340025e+01 
 5.15093002e+05  1.33865784e+00  5.15093002e+05 -7.65410490e+01 
 5.21058299e+05  1.26322068e+00  5.21058299e+05 -7.68477144e+01 
 5.27092679e+05  1.18781010e+00  5.27092679e+05 -7.71540336e+01 
 5.33196944e+05  1.11243523e+00  5.33196944e+05 -7.74600425e+01 
 5.39371903e+05  1.03710522e+00  5.39371903e+05 -7.77657780e+01 
 5.45618374e+05  9.61829223e-01  5.45618374e+05 -7.80712783e+01 
 5.51937185e+05  8.86616433e-01  5.51937185e+05 -7.83765823e+01 
 5.58329174e+05  8.11476039e-01  5.58329174e+05 -7.86817304e+01 
 5.64795189e+05  7.36417250e-01  5.64795189e+05 -7.89867636e+01 
 5.71336088e+05  6.61449285e-01  5.71336088e+05 -7.92917244e+01 
 5.77952736e+05  5.86581378e-01  5.77952736e+05 -7.95966561e+01 
 5.84646012e+05  5.11822770e-01  5.84646012e+05 -7.99016032e+01 
 5.91416802e+05  4.37182716e-01  5.91416802e+05 -8.02066113e+01 
 5.98266006e+05  3.62670476e-01  5.98266006e+05 -8.05117271e+01 
 6.05194529e+05  2.88295321e-01  6.05194529e+05 -8.08169983e+01 
 6.12203293e+05  2.14066526e-01  6.12203293e+05 -8.11224738e+01 
 6.19293224e+05  1.39993374e-01  6.19293224e+05 -8.14282035e+01 
 6.26465265e+05  6.60851503e-02  6.26465265e+05 -8.17342386e+01 
 6.33720365e+05 -7.64885472e-03  6.33720365e+05 -8.20406312e+01 
 6.41059486e+05 -8.11993500e-02  6.41059486e+05 -8.23474347e+01 
 6.48483601e+05 -1.54557044e-01  6.48483601e+05 -8.26547034e+01 
 6.55993696e+05 -2.27712645e-01  6.55993696e+05 -8.29624931e+01 
 6.63590765e+05 -3.00656865e-01  6.63590765e+05 -8.32708604e+01 
 6.71275815e+05 -3.73380421e-01  6.71275815e+05 -8.35798632e+01 
 6.79049866e+05 -4.45874033e-01  6.79049866e+05 -8.38895605e+01 
 6.86913949e+05 -5.18128432e-01  6.86913949e+05 -8.42000126e+01 
 6.94869105e+05 -5.90134357e-01  6.94869105e+05 -8.45112807e+01 
 7.02916391e+05 -6.61882558e-01  7.02916391e+05 -8.48234275e+01 
 7.11056872e+05 -7.33363800e-01  7.11056872e+05 -8.51365165e+01 
 7.19291628e+05 -8.04568863e-01  7.19291628e+05 -8.54506128e+01 
 7.27621750e+05 -8.75488546e-01  7.27621750e+05 -8.57657823e+01 
 7.36048344e+05 -9.46113668e-01  7.36048344e+05 -8.60820923e+01 
 7.44572527e+05 -1.01643507e+00  7.44572527e+05 -8.63996114e+01 
 7.53195428e+05 -1.08644362e+00  7.53195428e+05 -8.67184092e+01 
 7.61918191e+05 -1.15613022e+00  7.61918191e+05 -8.70385567e+01 
 7.70741972e+05 -1.22548580e+00  7.70741972e+05 -8.73601258e+01 
 7.79667942e+05 -1.29450131e+00  7.79667942e+05 -8.76831901e+01 
 7.88697283e+05 -1.36316777e+00  7.88697283e+05 -8.80078239e+01 
 7.97831193e+05 -1.43147620e+00  7.97831193e+05 -8.83341033e+01 
 8.07070883e+05 -1.49941771e+00  8.07070883e+05 -8.86621051e+01 
 8.16417578e+05 -1.56698342e+00  8.16417578e+05 -8.89919078e+01 
 8.25872518e+05 -1.63416452e+00  8.25872518e+05 -8.93235907e+01 
 8.35436955e+05 -1.70095226e+00  8.35436955e+05 -8.96572348e+01 
 8.45112157e+05 -1.76733793e+00  8.45112157e+05 -8.99929221e+01 
 8.54899409e+05 -1.83331291e+00  8.54899409e+05 -9.03307358e+01 
 8.64800006e+05 -1.89886863e+00  8.64800006e+05 -9.06707605e+01 
 8.74815263e+05 -1.96399660e+00  8.74815263e+05 -9.10130821e+01 
 8.84946506e+05 -2.02868841e+00  8.84946506e+05 -9.13577876e+01 
 8.95195080e+05 -2.09293572e+00  8.95195080e+05 -9.17049653e+01 
 9.05562342e+05 -2.15673030e+00  9.05562342e+05 -9.20547049e+01 
 9.16049667e+05 -2.22006400e+00  9.16049667e+05 -9.24070972e+01 
 9.26658447e+05 -2.28292875e+00  9.26658447e+05 -9.27622343e+01 
 9.37390086e+05 -2.34531662e+00  9.37390086e+05 -9.31202096e+01 
 9.48246009e+05 -2.40721977e+00  9.48246009e+05 -9.34811179e+01 
 9.59227655e+05 -2.46863047e+00  9.59227655e+05 -9.38450548e+01 
 9.70336479e+05 -2.52954112e+00  9.70336479e+05 -9.42121177e+01 
 9.81573954e+05 -2.58994426e+00  9.81573954e+05 -9.45824049e+01 
 9.92941571e+05 -2.64983253e+00  9.92941571e+05 -9.49560160e+01 
 1.00444084e+06 -2.70919875e+00  1.00444084e+06 -9.53330518e+01 
 1.01607327e+06 -2.76803585e+00  1.01607327e+06 -9.57136146e+01 
 1.02784043e+06 -2.82633696e+00  1.02784043e+06 -9.60978075e+01 
 1.03974386e+06 -2.88409532e+00  1.03974386e+06 -9.64857351e+01 
 1.05178514e+06 -2.94130438e+00  1.05178514e+06 -9.68775032e+01 
 1.06396587e+06 -2.99795775e+00  1.06396587e+06 -9.72732186e+01 
 1.07628767e+06 -3.05404923e+00  1.07628767e+06 -9.76729895e+01 
 1.08875217e+06 -3.10957280e+00  1.08875217e+06 -9.80769251e+01 
 1.10136102e+06 -3.16452266e+00  1.10136102e+06 -9.84851358e+01 
 1.11411589e+06 -3.21889321e+00  1.11411589e+06 -9.88977332e+01 
 1.12701847e+06 -3.27267907e+00  1.12701847e+06 -9.93148301e+01 
 1.14007049e+06 -3.32587509e+00  1.14007049e+06 -9.97365401e+01 
 1.15327365e+06 -3.37847633e+00  1.15327365e+06 -1.00162978e+02 
 1.16662972e+06 -3.43047815e+00  1.16662972e+06 -1.00594261e+02 
 1.18014047e+06 -3.48187610e+00  1.18014047e+06 -1.01030504e+02 
 1.19380769e+06 -3.53266606e+00  1.19380769e+06 -1.01471827e+02 
 1.20763319e+06 -3.58284412e+00  1.20763319e+06 -1.01918348e+02 
 1.22161880e+06 -3.63240672e+00  1.22161880e+06 -1.02370187e+02 
 1.23576638e+06 -3.68135054e+00  1.23576638e+06 -1.02827466e+02 
 1.25007780e+06 -3.72967260e+00  1.25007780e+06 -1.03290307e+02 
 1.26455496e+06 -3.77737023e+00  1.26455496e+06 -1.03758832e+02 
 1.27919978e+06 -3.82444108e+00  1.27919978e+06 -1.04233166e+02 
 1.29401421e+06 -3.87088316e+00  1.29401421e+06 -1.04713433e+02 
 1.30900020e+06 -3.91669481e+00  1.30900020e+06 -1.05199759e+02 
 1.32415974e+06 -3.96187475e+00  1.32415974e+06 -1.05692270e+02 
 1.33949485e+06 -4.00642208e+00  1.33949485e+06 -1.06191093e+02 
 1.35500755e+06 -4.05033627e+00  1.35500755e+06 -1.06696357e+02 
 1.37069990e+06 -4.09361723e+00  1.37069990e+06 -1.07208190e+02 
 1.38657399e+06 -4.13626525e+00  1.38657399e+06 -1.07726721e+02 
 1.40263192e+06 -4.17828108e+00  1.40263192e+06 -1.08252081e+02 
 1.41887581e+06 -4.21966589e+00  1.41887581e+06 -1.08784401e+02 
 1.43530782e+06 -4.26042134e+00  1.43530782e+06 -1.09323810e+02 
 1.45193013e+06 -4.30054953e+00  1.45193013e+06 -1.09870442e+02 
 1.46874495e+06 -4.34005309e+00  1.46874495e+06 -1.10424429e+02 
 1.48575450e+06 -4.37893512e+00  1.48575450e+06 -1.10985903e+02 
 1.50296103e+06 -4.41719927e+00  1.50296103e+06 -1.11554998e+02 
 1.52036684e+06 -4.45484973e+00  1.52036684e+06 -1.12131847e+02 
 1.53797422e+06 -4.49189123e+00  1.53797422e+06 -1.12716583e+02 
 1.55578551e+06 -4.52832908e+00  1.55578551e+06 -1.13309342e+02 
 1.57380308e+06 -4.56416920e+00  1.57380308e+06 -1.13910257e+02 
 1.59202931e+06 -4.59941811e+00  1.59202931e+06 -1.14519462e+02 
 1.61046661e+06 -4.63408295e+00  1.61046661e+06 -1.15137093e+02 
 1.62911744e+06 -4.66817154e+00  1.62911744e+06 -1.15763284e+02 
 1.64798426e+06 -4.70169234e+00  1.64798426e+06 -1.16398169e+02 
 1.66706959e+06 -4.73465453e+00  1.66706959e+06 -1.17041883e+02 
 1.68637593e+06 -4.76706799e+00  1.68637593e+06 -1.17694561e+02 
 1.70590587e+06 -4.79894335e+00  1.70590587e+06 -1.18356335e+02 
 1.72566198e+06 -4.83029197e+00  1.72566198e+06 -1.19027340e+02 
 1.74564689e+06 -4.86112603e+00  1.74564689e+06 -1.19707709e+02 
 1.76586324e+06 -4.89145848e+00  1.76586324e+06 -1.20397574e+02 
 1.78631372e+06 -4.92130314e+00  1.78631372e+06 -1.21097067e+02 
 1.80700103e+06 -4.95067466e+00  1.80700103e+06 -1.21806321e+02 
 1.82792793e+06 -4.97958857e+00  1.82792793e+06 -1.22525464e+02 
 1.84909717e+06 -5.00806131e+00  1.84909717e+06 -1.23254626e+02 
 1.87051159e+06 -5.03611028e+00  1.87051159e+06 -1.23993937e+02 
 1.89217400e+06 -5.06375380e+00  1.89217400e+06 -1.24743522e+02 
 1.91408728e+06 -5.09101122e+00  1.91408728e+06 -1.25503507e+02 
 1.93625434e+06 -5.11790288e+00  1.93625434e+06 -1.26274017e+02 
 1.95867812e+06 -5.14445018e+00  1.95867812e+06 -1.27055173e+02 
 1.98136159e+06 -5.17067558e+00  1.98136159e+06 -1.27847096e+02 
 2.00430776e+06 -5.19660268e+00  2.00430776e+06 -1.28649904e+02 
 2.02751966e+06 -5.22225618e+00  2.02751966e+06 -1.29463714e+02 
 2.05100039e+06 -5.24766197e+00  2.05100039e+06 -1.30288637e+02 
 2.07475304e+06 -5.27284711e+00  2.07475304e+06 -1.31124786e+02 
 2.09878077e+06 -5.29783990e+00  2.09878077e+06 -1.31972266e+02 
 2.12308677e+06 -5.32266991e+00  2.12308677e+06 -1.32831183e+02 
 2.14767426e+06 -5.34736795e+00  2.14767426e+06 -1.33701637e+02 
 2.17254649e+06 -5.37196618e+00  2.17254649e+06 -1.34583724e+02 
 2.19770677e+06 -5.39649809e+00  2.19770677e+06 -1.35477537e+02 
 2.22315843e+06 -5.42099854e+00  2.22315843e+06 -1.36383162e+02 
 2.24890485e+06 -5.44550376e+00  2.24890485e+06 -1.37300682e+02 
 2.27494944e+06 -5.47005142e+00  2.27494944e+06 -1.38230175e+02 
 2.30129565e+06 -5.49468063e+00  2.30129565e+06 -1.39171711e+02 
 2.32794697e+06 -5.51943194e+00  2.32794697e+06 -1.40125354e+02 
 2.35490695e+06 -5.54434740e+00  2.35490695e+06 -1.41091163e+02 
 2.38217915e+06 -5.56947054e+00  2.38217915e+06 -1.42069188e+02 
 2.40976718e+06 -5.59484638e+00  2.40976718e+06 -1.43059471e+02 
 2.43767472e+06 -5.62052147e+00  2.43767472e+06 -1.44062047e+02 
 2.46590545e+06 -5.64654387e+00  2.46590545e+06 -1.45076939e+02 
 2.49446313e+06 -5.67296315e+00  2.49446313e+06 -1.46104163e+02 
 2.52335153e+06 -5.69983038e+00  2.52335153e+06 -1.47143723e+02 
 2.55257448e+06 -5.72719812e+00  2.55257448e+06 -1.48195612e+02 
 2.58213587e+06 -5.75512040e+00  2.58213587e+06 -1.49259812e+02 
 2.61203961e+06 -5.78365269e+00  2.61203961e+06 -1.50336291e+02 
 2.64228966e+06 -5.81285187e+00  2.64228966e+06 -1.51425004e+02 
 2.67289004e+06 -5.84277618e+00  2.67289004e+06 -1.52525892e+02 
 2.70384481e+06 -5.87348514e+00  2.70384481e+06 -1.53638880e+02 
 2.73515806e+06 -5.90503952e+00  2.73515806e+06 -1.54763879e+02 
 2.76683395e+06 -5.93750124e+00  2.76683395e+06 -1.55900781e+02 
 2.79887667e+06 -5.97093330e+00  2.79887667e+06 -1.57049460e+02 
 2.83129049e+06 -6.00539964e+00  2.83129049e+06 -1.58209774e+02 
 2.86407969e+06 -6.04096505e+00  2.86407969e+06 -1.59381559e+02 
 2.89724862e+06 -6.07769503e+00  2.89724862e+06 -1.60564631e+02 
 2.93080168e+06 -6.11565562e+00  2.93080168e+06 -1.61758786e+02 
 2.96474332e+06 -6.15491328e+00  2.96474332e+06 -1.62963797e+02 
 2.99907804e+06 -6.19553467e+00  2.99907804e+06 -1.64179414e+02 
 3.03381039e+06 -6.23758646e+00  3.03381039e+06 -1.65405364e+02 
 3.06894498e+06 -6.28113512e+00  3.06894498e+06 -1.66641351e+02 
 3.10448646e+06 -6.32624671e+00  3.10448646e+06 -1.67887051e+02 
 3.14043954e+06 -6.37298657e+00  3.14043954e+06 -1.69142117e+02 
 3.17680900e+06 -6.42141913e+00  3.17680900e+06 -1.70406176e+02 
 3.21359965e+06 -6.47160758e+00  3.21359965e+06 -1.71678831e+02 
 3.25081638e+06 -6.52361360e+00  3.25081638e+06 -1.72959655e+02 
 3.28846411e+06 -6.57749704e+00  3.28846411e+06 -1.74248197e+02 
 3.32654785e+06 -6.63331561e+00  3.32654785e+06 -1.75543982e+02 
 3.36507263e+06 -6.69112457e+00  3.36507263e+06 -1.76846507e+02 
 3.40404356e+06 -6.75097636e+00  3.40404356e+06 -1.78155246e+02 
 3.44346582e+06 -6.81292029e+00  3.44346582e+06 -1.79469646e+02 
 3.48334463e+06 -6.87700222e+00  3.48334463e+06  1.79210865e+02 
 3.52368527e+06 -6.94326420e+00  3.52368527e+06  1.77886884e+02 
 3.56449310e+06 -7.01174413e+00  3.56449310e+06  1.76559026e+02 
 3.60577353e+06 -7.08247548e+00  3.60577353e+06  1.75227928e+02 
 3.64753203e+06 -7.15548700e+00  3.64753203e+06  1.73894241e+02 
 3.68977413e+06 -7.23080237e+00  3.68977413e+06  1.72558632e+02 
 3.73250543e+06 -7.30844002e+00  3.73250543e+06  1.71221780e+02 
 3.77573161e+06 -7.38841284e+00  3.77573161e+06  1.69884373e+02 
 3.81945839e+06 -7.47072803e+00  3.81945839e+06  1.68547109e+02 
 3.86369158e+06 -7.55538689e+00  3.86369158e+06  1.67210688e+02 
 3.90843702e+06 -7.64238473e+00  3.90843702e+06  1.65875810e+02 
 3.95370067e+06 -7.73171078e+00  3.95370067e+06  1.64543177e+02 
 3.99948851e+06 -7.82334816e+00  3.99948851e+06  1.63213482e+02 
 4.04580662e+06 -7.91727388e+00  4.04580662e+06  1.61887411e+02 
 4.09266114e+06 -8.01345889e+00  4.09266114e+06  1.60565638e+02 
 4.14005829e+06 -8.11186824e+00  4.14005829e+06  1.59248822e+02 
 4.18800434e+06 -8.21246118e+00  4.18800434e+06  1.57937604e+02 
 4.23650566e+06 -8.31519143e+00  4.23650566e+06  1.56632603e+02 
 4.28556866e+06 -8.42000738e+00  4.28556866e+06  1.55334412e+02 
 4.33519987e+06 -8.52685244e+00  4.33519987e+06  1.54043600e+02 
 4.38540586e+06 -8.63566536e+00  4.38540586e+06  1.52760703e+02 
 4.43619329e+06 -8.74638062e+00  4.43619329e+06  1.51486225e+02 
 4.48756888e+06 -8.85892885e+00  4.48756888e+06  1.50220637e+02 
 4.53953946e+06 -8.97323728e+00  4.53953946e+06  1.48964372e+02 
 4.59211190e+06 -9.08923021e+00  4.59211190e+06  1.47717825e+02 
 4.64529319e+06 -9.20682950e+00  4.64529319e+06  1.46481355e+02 
 4.69909037e+06 -9.32595507e+00  4.69909037e+06  1.45255277e+02 
 4.75351058e+06 -9.44652539e+00  4.75351058e+06  1.44039867e+02 
 4.80856103e+06 -9.56845802e+00  4.80856103e+06  1.42835362e+02 
 4.86424902e+06 -9.69167009e+00  4.86424902e+06  1.41641956e+02 
 4.92058193e+06 -9.81607878e+00  4.92058193e+06  1.40459805e+02 
 4.97756723e+06 -9.94160182e+00  4.97756723e+06  1.39289026e+02 
 5.03521248e+06 -1.00681579e+01  5.03521248e+06  1.38129695e+02 
 5.09352532e+06 -1.01956672e+01  5.09352532e+06  1.36981855e+02 
 5.15251348e+06 -1.03240515e+01  5.15251348e+06  1.35845513e+02 
 5.21218479e+06 -1.04532349e+01  5.21218479e+06  1.34720640e+02 
 5.27254715e+06 -1.05831441e+01  5.27254715e+06  1.33607178e+02 
 5.33360856e+06 -1.07137082e+01  5.33360856e+06  1.32505041e+02 
 5.39537713e+06 -1.08448596e+01  5.39537713e+06  1.31414114e+02 
 5.45786104e+06 -1.09765339e+01  5.45786104e+06  1.30334258e+02 
 5.52106858e+06 -1.11086699e+01  5.52106858e+06  1.29265310e+02 
 5.58500812e+06 -1.12412102e+01  5.58500812e+06  1.28207091e+02 
 5.64968815e+06 -1.13741008e+01  5.64968815e+06  1.27159402e+02 
 5.71511724e+06 -1.15072913e+01  5.71511724e+06  1.26122028e+02 
 5.78130406e+06 -1.16407352e+01  5.78130406e+06  1.25094743e+02 
 5.84825740e+06 -1.17743896e+01  5.84825740e+06  1.24077310e+02 
 5.91598612e+06 -1.19082151e+01  5.91598612e+06  1.23069484e+02 
 5.98449920e+06 -1.20421760e+01  5.98449920e+06  1.22071011e+02 
 6.05380574e+06 -1.21762401e+01  6.05380574e+06  1.21081637e+02 
 6.12391492e+06 -1.23103784e+01  6.12391492e+06  1.20101101e+02 
 6.19483603e+06 -1.24445654e+01  6.19483603e+06  1.19129143e+02 
 6.26657849e+06 -1.25787784e+01  6.26657849e+06  1.18165503e+02 
 6.33915179e+06 -1.27129979e+01  6.33915179e+06  1.17209923e+02 
 6.41256556e+06 -1.28472069e+01  6.41256556e+06  1.16262147e+02 
 6.48682954e+06 -1.29813914e+01  6.48682954e+06  1.15321924e+02 
 6.56195357e+06 -1.31155395e+01  6.56195357e+06  1.14389007e+02 
 6.63794761e+06 -1.32496416e+01  6.63794761e+06  1.13463156e+02 
 6.71482174e+06 -1.33836904e+01  6.71482174e+06  1.12544135e+02 
 6.79258615e+06 -1.35176802e+01  6.79258615e+06  1.11631718e+02 
 6.87125115e+06 -1.36516072e+01  6.87125115e+06  1.10725683e+02 
 6.95082717e+06 -1.37854693e+01  6.95082717e+06  1.09825817e+02 
 7.03132476e+06 -1.39192655e+01  7.03132476e+06  1.08931917e+02 
 7.11275460e+06 -1.40529963e+01  7.11275460e+06  1.08043784e+02 
 7.19512747e+06 -1.41866631e+01  7.19512747e+06  1.07161228e+02 
 7.27845431e+06 -1.43202685e+01  7.27845431e+06  1.06284070e+02 
 7.36274615e+06 -1.44538157e+01  7.36274615e+06  1.05412135e+02 
 7.44801418e+06 -1.45873088e+01  7.44801418e+06  1.04545257e+02 
 7.53426970e+06 -1.47207522e+01  7.53426970e+06  1.03683278e+02 
 7.62152414e+06 -1.48541512e+01  7.62152414e+06  1.02826047e+02 
 7.70978908e+06 -1.49875111e+01  7.70978908e+06  1.01973420e+02 
 7.79907622e+06 -1.51208378e+01  7.79907622e+06  1.01125260e+02 
 7.88939739e+06 -1.52541371e+01  7.88939739e+06  1.00281434e+02 
 7.98076457e+06 -1.53874153e+01  7.98076457e+06  9.94418188e+01 
 8.07318988e+06 -1.55206786e+01  8.07318988e+06  9.86062944e+01 
 8.16668556e+06 -1.56539332e+01  8.16668556e+06  9.77747470e+01 
 8.26126402e+06 -1.57871852e+01  8.26126402e+06  9.69470675e+01 
 8.35693779e+06 -1.59204409e+01  8.35693779e+06  9.61231516e+01 
 8.45371956e+06 -1.60537063e+01  8.45371956e+06  9.53028994e+01 
 8.55162216e+06 -1.61869873e+01  8.55162216e+06  9.44862149e+01 
 8.65065857e+06 -1.63202896e+01  8.65065857e+06  9.36730055e+01 
 8.75084193e+06 -1.64536187e+01  8.75084193e+06  9.28631824e+01 
 8.85218551e+06 -1.65869801e+01  8.85218551e+06  9.20566593e+01 
 8.95470275e+06 -1.67203788e+01  8.95470275e+06  9.12533529e+01 
 9.05840724e+06 -1.68538197e+01  9.05840724e+06  9.04531823e+01 
 9.16331273e+06 -1.69873076e+01  9.16331273e+06  8.96560687e+01 
 9.26943314e+06 -1.71208468e+01  9.26943314e+06  8.88619353e+01 
 9.37678253e+06 -1.72544415e+01  9.37678253e+06  8.80707067e+01 
 9.48537513e+06 -1.73880958e+01  9.48537513e+06  8.72823093e+01 
 9.59522534e+06 -1.75218133e+01  9.59522534e+06  8.64966704e+01 
 9.70634773e+06 -1.76555975e+01  9.70634773e+06  8.57137185e+01 
 9.81875703e+06 -1.77894519e+01  9.81875703e+06  8.49333830e+01 
 9.93246814e+06 -1.79233794e+01  9.93246814e+06  8.41555939e+01 
 1.00474961e+07 -1.80573830e+01  1.00474961e+07  8.33802816e+01 
 1.01638563e+07 -1.81914654e+01  1.01638563e+07  8.26073773e+01 
 1.02815640e+07 -1.83256292e+01  1.02815640e+07  8.18368120e+01 
 1.04006349e+07 -1.84598767e+01  1.04006349e+07  8.10685173e+01 
 1.05210847e+07 -1.85942102e+01  1.05210847e+07  8.03024246e+01 
 1.06429295e+07 -1.87286318e+01  1.06429295e+07  7.95384653e+01 
 1.07661854e+07 -1.88631435e+01  1.07661854e+07  7.87765708e+01 
 1.08908687e+07 -1.89977472e+01  1.08908687e+07  7.80166724e+01 
 1.10169959e+07 -1.91324446e+01  1.10169959e+07  7.72587011e+01 
 1.11445838e+07 -1.92672376e+01  1.11445838e+07  7.65025876e+01 
 1.12736493e+07 -1.94021278e+01  1.12736493e+07  7.57482625e+01 
 1.14042096e+07 -1.95371168e+01  1.14042096e+07  7.49956559e+01 
 1.15362818e+07 -1.96722061e+01  1.15362818e+07  7.42446976e+01 
 1.16698836e+07 -1.98073974e+01  1.16698836e+07  7.34953173e+01 
 1.18050326e+07 -1.99426922e+01  1.18050326e+07  7.27474441e+01 
 1.19417468e+07 -2.00780919e+01  1.19417468e+07  7.20010067e+01 
 1.20800443e+07 -2.02135983e+01  1.20800443e+07  7.12559339e+01 
 1.22199434e+07 -2.03492129e+01  1.22199434e+07  7.05121537e+01 
 1.23614627e+07 -2.04849372e+01  1.23614627e+07  6.97695941e+01 
 1.25046209e+07 -2.06207731e+01  1.25046209e+07  6.90281828e+01 
 1.26494370e+07 -2.07567221e+01  1.26494370e+07  6.82878472e+01 
 1.27959303e+07 -2.08927861e+01  1.27959303e+07  6.75485145e+01 
 1.29441200e+07 -2.10289670e+01  1.29441200e+07  6.68101118e+01 
 1.30940260e+07 -2.11652668e+01  1.30940260e+07  6.60725662e+01 
 1.32456680e+07 -2.13016874e+01  1.32456680e+07  6.53358045e+01 
 1.33990662e+07 -2.14382310e+01  1.33990662e+07  6.45997535e+01 
 1.35542409e+07 -2.15748998e+01  1.35542409e+07  6.38643403e+01 
 1.37112127e+07 -2.17116963e+01  1.37112127e+07  6.31294918e+01 
 1.38700024e+07 -2.18486229e+01  1.38700024e+07  6.23951352e+01 
 1.40306310e+07 -2.19856822e+01  1.40306310e+07  6.16611977e+01 
 1.41931199e+07 -2.21228769e+01  1.41931199e+07  6.09276071e+01 
 1.43574905e+07 -2.22602099e+01  1.43574905e+07  6.01942912e+01 
 1.45237648e+07 -2.23976842e+01  1.45237648e+07  5.94611784e+01 
 1.46919646e+07 -2.25353028e+01  1.46919646e+07  5.87281974e+01 
 1.48621124e+07 -2.26730691e+01  1.48621124e+07  5.79952775e+01 
 1.50342306e+07 -2.28109865e+01  1.50342306e+07  5.72623485e+01 
 1.52083422e+07 -2.29490585e+01  1.52083422e+07  5.65293409e+01 
 1.53844701e+07 -2.30872888e+01  1.53844701e+07  5.57961860e+01 
 1.55626378e+07 -2.32256813e+01  1.55626378e+07  5.50628157e+01 
 1.57428689e+07 -2.33642399e+01  1.57428689e+07  5.43291628e+01 
 1.59251872e+07 -2.35029687e+01  1.59251872e+07  5.35951611e+01 
 1.61096169e+07 -2.36418722e+01  1.61096169e+07  5.28607453e+01 
 1.62961825e+07 -2.37809545e+01  1.62961825e+07  5.21258512e+01 
 1.64849088e+07 -2.39202204e+01  1.64849088e+07  5.13904156e+01 
 1.66758206e+07 -2.40596744e+01  1.66758206e+07  5.06543766e+01 
 1.68689435e+07 -2.41993215e+01  1.68689435e+07  4.99176735e+01 
 1.70643029e+07 -2.43391665e+01  1.70643029e+07  4.91802468e+01 
 1.72619247e+07 -2.44792147e+01  1.72619247e+07  4.84420387e+01 
 1.74618352e+07 -2.46194711e+01  1.74618352e+07  4.77029926e+01 
 1.76640609e+07 -2.47599412e+01  1.76640609e+07  4.69630533e+01 
 1.78686285e+07 -2.49006304e+01  1.78686285e+07  4.62221674e+01 
 1.80755653e+07 -2.50415442e+01  1.80755653e+07  4.54802831e+01 
 1.82848985e+07 -2.51826884e+01  1.82848985e+07  4.47373501e+01 
 1.84966561e+07 -2.53240687e+01  1.84966561e+07  4.39933201e+01 
 1.87108661e+07 -2.54656911e+01  1.87108661e+07  4.32481465e+01 
 1.89275568e+07 -2.56075615e+01  1.89275568e+07  4.25017845e+01 
 1.91467570e+07 -2.57496859e+01  1.91467570e+07  4.17541914e+01 
 1.93684957e+07 -2.58920706e+01  1.93684957e+07  4.10053264e+01 
 1.95928024e+07 -2.60347217e+01  1.95928024e+07  4.02551507e+01 
 1.98197069e+07 -2.61776456e+01  1.98197069e+07  3.95036277e+01 
 2.00492391e+07 -2.63208485e+01  2.00492391e+07  3.87507228e+01 
 2.02814295e+07 -2.64643369e+01  2.02814295e+07  3.79964038e+01 
 2.05163089e+07 -2.66081172e+01  2.05163089e+07  3.72406406e+01 
 2.07539085e+07 -2.67521959e+01  2.07539085e+07  3.64834054e+01 
 2.09942597e+07 -2.68965796e+01  2.09942597e+07  3.57246729e+01 
 2.12373944e+07 -2.70412747e+01  2.12373944e+07  3.49644201e+01 
 2.14833448e+07 -2.71862879e+01  2.14833448e+07  3.42026264e+01 
 2.17321436e+07 -2.73316256e+01  2.17321436e+07  3.34392737e+01 
 2.19838238e+07 -2.74772944e+01  2.19838238e+07  3.26743466e+01 
 2.22384186e+07 -2.76233009e+01  2.22384186e+07  3.19078321e+01 
 2.24959620e+07 -2.77696516e+01  2.24959620e+07  3.11397197e+01 
 2.27564879e+07 -2.79163529e+01  2.27564879e+07  3.03700019e+01 
 2.30200310e+07 -2.80634114e+01  2.30200310e+07  2.95986735e+01 
 2.32866262e+07 -2.82108334e+01  2.32866262e+07  2.88257324e+01 
 2.35563088e+07 -2.83586253e+01  2.35563088e+07  2.80511789e+01 
 2.38291146e+07 -2.85067934e+01  2.38291146e+07  2.72750164e+01 
 2.41050798e+07 -2.86553437e+01  2.41050798e+07  2.64972508e+01 
 2.43842409e+07 -2.88042826e+01  2.43842409e+07  2.57178911e+01 
 2.46666350e+07 -2.89536159e+01  2.46666350e+07  2.49369491e+01 
 2.49522996e+07 -2.91033495e+01  2.49522996e+07  2.41544394e+01 
 2.52412724e+07 -2.92534894e+01  2.52412724e+07  2.33703796e+01 
 2.55335918e+07 -2.94040410e+01  2.55335918e+07  2.25847903e+01 
 2.58292965e+07 -2.95550100e+01  2.58292965e+07  2.17976950e+01 
 2.61284258e+07 -2.97064017e+01  2.61284258e+07  2.10091200e+01 
 2.64310194e+07 -2.98582213e+01  2.64310194e+07  2.02190950e+01 
 2.67371172e+07 -3.00104739e+01  2.67371172e+07  1.94276522e+01 
 2.70467600e+07 -3.01631643e+01  2.70467600e+07  1.86348273e+01 
 2.73599888e+07 -3.03162972e+01  2.73599888e+07  1.78406587e+01 
 2.76768451e+07 -3.04698771e+01  2.76768451e+07  1.70451879e+01 
 2.79973709e+07 -3.06239082e+01  2.79973709e+07  1.62484595e+01 
 2.83216087e+07 -3.07783945e+01  2.83216087e+07  1.54505210e+01 
 2.86496015e+07 -3.09333399e+01  2.86496015e+07  1.46514232e+01 
 2.89813928e+07 -3.10887478e+01  2.89813928e+07  1.38512196e+01 
 2.93170265e+07 -3.12446216e+01  2.93170265e+07  1.30499670e+01 
 2.96565473e+07 -3.14009644e+01  2.96565473e+07  1.22477250e+01 
 3.00000000e+07 -3.15577788e+01  3.00000000e+07  1.14445564e+01 
