 2.00000000e-01 -5.43705829e+00  2.00000000e-01  6.78862334e+01 
 2.02316202e-01 -5.35135886e+00  2.02316202e-01  6.76552000e+01 
 2.04659228e-01 -5.26594422e+00  2.04659228e-01  6.74222676e+01 
 2.07029388e-01 -5.18081905e+00  2.07029388e-01  6.71874362e+01 
 2.09426997e-01 -5.09598806e+00  2.09426997e-01  6.69507061e+01 
 2.11852373e-01 -5.01145601e+00  2.11852373e-01  6.67120784e+01 
 2.14305837e-01 -4.92722769e+00  2.14305837e-01  6.64715545e+01 
 2.16787715e-01 -4.84330792e+00  2.16787715e-01  6.62291364e+01 
 2.19298335e-01 -4.75970157e+00  2.19298335e-01  6.59848267e+01 
 2.21838031e-01 -4.67641351e+00  2.21838031e-01  6.57386286e+01 
 2.24407140e-01 -4.59344867e+00  2.24407140e-01  6.54905457e+01 
 2.27006001e-01 -4.51081199e+00  2.27006001e-01  6.52405825e+01 
 2.29634959e-01 -4.42850843e+00  2.29634959e-01  6.49887437e+01 
 2.32294364e-01 -4.34654299e+00  2.32294364e-01  6.47350350e+01 
 2.34984567e-01 -4.26492068e+00  2.34984567e-01  6.44794625e+01 
 2.37705925e-01 -4.18364654e+00  2.37705925e-01  6.42220330e+01 
 2.40458800e-01 -4.10272560e+00  2.40458800e-01  6.39627540e+01 
 2.43243555e-01 -4.02216294e+00  2.43243555e-01  6.37016335e+01 
 2.46060561e-01 -3.94196364e+00  2.46060561e-01  6.34386803e+01 
 2.48910190e-01 -3.86213277e+00  2.48910190e-01  6.31739039e+01 
 2.51792821e-01 -3.78267544e+00  2.51792821e-01  6.29073145e+01 
 2.54708836e-01 -3.70359674e+00  2.54708836e-01  6.26389227e+01 
 2.57658622e-01 -3.62490178e+00  2.57658622e-01  6.23687402e+01 
 2.60642568e-01 -3.54659567e+00  2.60642568e-01  6.20967792e+01 
 2.63661072e-01 -3.46868349e+00  2.63661072e-01  6.18230526e+01 
 2.66714534e-01 -3.39117036e+00  2.66714534e-01  6.15475743e+01 
 2.69803357e-01 -3.31406134e+00  2.69803357e-01  6.12703585e+01 
 2.72927952e-01 -3.23736153e+00  2.72927952e-01  6.09914204e+01 
 2.76088733e-01 -3.16107597e+00  2.76088733e-01  6.07107760e+01 
 2.79286119e-01 -3.08520972e+00  2.79286119e-01  6.04284418e+01 
 2.82520534e-01 -3.00976780e+00  2.82520534e-01  6.01444354e+01 
 2.85792407e-01 -2.93475520e+00  2.85792407e-01  5.98587749e+01 
 2.89102171e-01 -2.86017690e+00  2.89102171e-01  5.95714792e+01 
 2.92450266e-01 -2.78603784e+00  2.92450266e-01  5.92825681e+01 
 2.95837135e-01 -2.71234293e+00  2.95837135e-01  5.89920619e+01 
 2.99263228e-01 -2.63909703e+00  2.99263228e-01  5.86999819e+01 
 3.02728998e-01 -2.56630499e+00  3.02728998e-01  5.84063501e+01 
 3.06234905e-01 -2.49397159e+00  3.06234905e-01  5.81111893e+01 
 3.09781414e-01 -2.42210156e+00  3.09781414e-01  5.78145230e+01 
 3.13368996e-01 -2.35069960e+00  3.13368996e-01  5.75163755e+01 
 3.16998125e-01 -2.27977034e+00  3.16998125e-01  5.72167719e+01 
 3.20669283e-01 -2.20931836e+00  3.20669283e-01  5.69157379e+01 
 3.24382957e-01 -2.13934817e+00  3.24382957e-01  5.66133002e+01 
 3.28139639e-01 -2.06986422e+00  3.28139639e-01  5.63094861e+01 
 3.31939827e-01 -2.00087090e+00  3.31939827e-01  5.60043235e+01 
 3.35784025e-01 -1.93237250e+00  3.35784025e-01  5.56978414e+01 
 3.39672743e-01 -1.86437327e+00  3.39672743e-01  5.53900691e+01 
 3.43606496e-01 -1.79687735e+00  3.43606496e-01  5.50810371e+01 
 3.47585805e-01 -1.72988882e+00  3.47585805e-01  5.47707761e+01 
 3.51611200e-01 -1.66341166e+00  3.51611200e-01  5.44593180e+01 
 3.55683212e-01 -1.59744976e+00  3.55683212e-01  5.41466949e+01 
 3.59802383e-01 -1.53200692e+00  3.59802383e-01  5.38329399e+01 
 3.63969257e-01 -1.46708685e+00  3.63969257e-01  5.35180866e+01 
 3.68184388e-01 -1.40269314e+00  3.68184388e-01  5.32021695e+01 
 3.72448335e-01 -1.33882930e+00  3.72448335e-01  5.28852234e+01 
 3.76761663e-01 -1.27549872e+00  3.76761663e-01  5.25672839e+01 
 3.81124943e-01 -1.21270468e+00  3.81124943e-01  5.22483871e+01 
 3.85538754e-01 -1.15045035e+00  3.85538754e-01  5.19285699e+01 
 3.90003682e-01 -1.08873878e+00  3.90003682e-01  5.16078695e+01 
 3.94520318e-01 -1.02757290e+00  3.94520318e-01  5.12863238e+01 
 3.99089261e-01 -9.66955527e-01  3.99089261e-01  5.09639712e+01 
 4.03711118e-01 -9.06889348e-01  4.03711118e-01  5.06408505e+01 
 4.08386500e-01 -8.47376920e-01  4.08386500e-01  5.03170011e+01 
 4.13116027e-01 -7.88420673e-01  4.13116027e-01  4.99924629e+01 
 4.17900328e-01 -7.30022903e-01  4.17900328e-01  4.96672762e+01 
 4.22740035e-01 -6.72185774e-01  4.22740035e-01  4.93414815e+01 
 4.27635791e-01 -6.14911309e-01  4.27635791e-01  4.90151200e+01 
 4.32588245e-01 -5.58201396e-01  4.32588245e-01  4.86882331e+01 
 4.37598053e-01 -5.02057779e-01  4.37598053e-01  4.83608627e+01 
 4.42665880e-01 -4.46482061e-01  4.42665880e-01  4.80330507e+01 
 4.47792398e-01 -3.91475701e-01  4.47792398e-01  4.77048396e+01 
 4.52978286e-01 -3.37040010e-01  4.52978286e-01  4.73762720e+01 
 4.58224231e-01 -2.83176154e-01  4.58224231e-01  4.70473908e+01 
 4.63530930e-01 -2.29885150e-01  4.63530930e-01  4.67182391e+01 
 4.68899086e-01 -1.77167864e-01  4.68899086e-01  4.63888601e+01 
 4.74329410e-01 -1.25025013e-01  4.74329410e-01  4.60592973e+01 
 4.79822623e-01 -7.34571620e-02  4.79822623e-01  4.57295941e+01 
 4.85379453e-01 -2.24647250e-02  4.85379453e-01  4.53997943e+01 
 4.91000637e-01  2.79520368e-02  4.91000637e-01  4.50699414e+01 
 4.96686920e-01  7.77930149e-02  4.96686920e-01  4.47400792e+01 
 5.02439056e-01  1.27058253e-01  5.02439056e-01  4.44102515e+01 
 5.08257807e-01  1.75747948e-01  5.08257807e-01  4.40805019e+01 
 5.14143945e-01  2.23862448e-01  5.14143945e-01  4.37508741e+01 
 5.20098251e-01  2.71402255e-01  5.20098251e-01  4.34214117e+01 
 5.26121513e-01  3.18368021e-01  5.26121513e-01  4.30921581e+01 
 5.32214531e-01  3.64760550e-01  5.32214531e-01  4.27631567e+01 
 5.38378112e-01  4.10580793e-01  5.38378112e-01  4.24344507e+01 
 5.44613074e-01  4.55829855e-01  5.44613074e-01  4.21060829e+01 
 5.50920243e-01  5.00508984e-01  5.50920243e-01  4.17780962e+01 
 5.57300455e-01  5.44619577e-01  5.57300455e-01  4.14505330e+01 
 5.63754556e-01  5.88163176e-01  5.63754556e-01  4.11234355e+01 
 5.70283403e-01  6.31141466e-01  5.70283403e-01  4.07968457e+01 
 5.76887860e-01  6.73556273e-01  5.76887860e-01  4.04708052e+01 
 5.83568804e-01  7.15409564e-01  5.83568804e-01  4.01453552e+01 
 5.90327119e-01  7.56703442e-01  5.90327119e-01  3.98205364e+01 
 5.97163703e-01  7.97440149e-01  5.97163703e-01  3.94963895e+01 
 6.04079461e-01  8.37622057e-01  6.04079461e-01  3.91729544e+01 
 6.11075310e-01  8.77251671e-01  6.11075310e-01  3.88502707e+01 
 6.18152179e-01  9.16331623e-01  6.18152179e-01  3.85283774e+01 
 6.25311005e-01  9.54864672e-01  6.25311005e-01  3.82073132e+01 
 6.32552737e-01  9.92853701e-01  6.32552737e-01  3.78871161e+01 
 6.39878336e-01  1.03030171e+00  6.39878336e-01  3.75678238e+01 
 6.47288773e-01  1.06721182e+00  6.47288773e-01  3.72494731e+01 
 6.54785030e-01  1.10358727e+00  6.54785030e-01  3.69321005e+01 
 6.62368101e-01  1.13943140e+00  6.62368101e-01  3.66157419e+01 
 6.70038992e-01  1.17474766e+00  6.70038992e-01  3.63004324e+01 
 6.77798719e-01  1.20953962e+00  6.77798719e-01  3.59862066e+01 
 6.85648312e-01  1.24381093e+00  6.85648312e-01  3.56730985e+01 
 6.93588812e-01  1.27756535e+00  6.93588812e-01  3.53611414e+01 
 7.01621270e-01  1.31080674e+00  7.01621270e-01  3.50503678e+01 
 7.09746752e-01  1.34353904e+00  7.09746752e-01  3.47408098e+01 
 7.17966335e-01  1.37576629e+00  7.17966335e-01  3.44324985e+01 
 7.26281110e-01  1.40749261e+00  7.26281110e-01  3.41254645e+01 
 7.34692178e-01  1.43872218e+00  7.34692178e-01  3.38197377e+01 
 7.43200655e-01  1.46945930e+00  7.43200655e-01  3.35153471e+01 
 7.51807668e-01  1.49970831e+00  7.51807668e-01  3.32123211e+01 
 7.60514359e-01  1.52947363e+00  7.60514359e-01  3.29106873e+01 
 7.69321883e-01  1.55875975e+00  7.69321883e-01  3.26104727e+01 
 7.78231406e-01  1.58757121e+00  7.78231406e-01  3.23117033e+01 
 7.87244111e-01  1.61591264e+00  7.87244111e-01  3.20144046e+01 
 7.96361192e-01  1.64378869e+00  7.96361192e-01  3.17186011e+01 
 8.05583858e-01  1.67120409e+00  8.05583858e-01  3.14243168e+01 
 8.14913332e-01  1.69816360e+00  8.14913332e-01  3.11315746e+01 
 8.24350851e-01  1.72467203e+00  8.24350851e-01  3.08403970e+01 
 8.33897665e-01  1.75073425e+00  8.33897665e-01  3.05508054e+01 
 8.43555041e-01  1.77635513e+00  8.43555041e-01  3.02628207e+01 
 8.53324260e-01  1.80153962e+00  8.53324260e-01  2.99764629e+01 
 8.63206616e-01  1.82629266e+00  8.63206616e-01  2.96917513e+01 
 8.73203419e-01  1.85061926e+00  8.73203419e-01  2.94087043e+01 
 8.83315996e-01  1.87452441e+00  8.83315996e-01  2.91273396e+01 
 8.93545686e-01  1.89801316e+00  8.93545686e-01  2.88476744e+01 
 9.03893847e-01  1.92109057e+00  9.03893847e-01  2.85697247e+01 
 9.14361849e-01  1.94376169e+00  9.14361849e-01  2.82935060e+01 
 9.24951082e-01  1.96603162e+00  9.24951082e-01  2.80190332e+01 
 9.35662949e-01  1.98790544e+00  9.35662949e-01  2.77463201e+01 
 9.46498870e-01  2.00938826e+00  9.46498870e-01  2.74753802e+01 
 9.57460281e-01  2.03048517e+00  9.57460281e-01  2.72062258e+01 
 9.68548637e-01  2.05120127e+00  9.68548637e-01  2.69388689e+01 
 9.79765408e-01  2.07154168e+00  9.79765408e-01  2.66733205e+01 
 9.91112080e-01  2.09151149e+00  9.91112080e-01  2.64095911e+01 
 1.00259016e+00  2.11111579e+00  1.00259016e+00  2.61476905e+01 
 1.01420116e+00  2.13035965e+00  1.01420116e+00  2.58876276e+01 
 1.02594664e+00  2.14924816e+00  1.02594664e+00  2.56294109e+01 
 1.03782813e+00  2.16778637e+00  1.03782813e+00  2.53730481e+01 
 1.04984723e+00  2.18597931e+00  1.04984723e+00  2.51185463e+01 
 1.06200552e+00  2.20383200e+00  1.06200552e+00  2.48659119e+01 
 1.07430462e+00  2.22134946e+00  1.07430462e+00  2.46151506e+01 
 1.08674615e+00  2.23853665e+00  1.08674615e+00  2.43662677e+01 
 1.09933176e+00  2.25539853e+00  1.09933176e+00  2.41192678e+01 
 1.11206313e+00  2.27194004e+00  1.11206313e+00  2.38741547e+01 
 1.12494195e+00  2.28816605e+00  1.12494195e+00  2.36309320e+01 
 1.13796991e+00  2.30408146e+00  1.13796991e+00  2.33896024e+01 
 1.15114875e+00  2.31969109e+00  1.15114875e+00  2.31501682e+01 
 1.16448021e+00  2.33499975e+00  1.16448021e+00  2.29126311e+01 
 1.17796607e+00  2.35001222e+00  1.17796607e+00  2.26769922e+01 
 1.19160810e+00  2.36473322e+00  1.19160810e+00  2.24432522e+01 
 1.20540813e+00  2.37916745e+00  1.20540813e+00  2.22114113e+01 
 1.21936797e+00  2.39331958e+00  1.21936797e+00  2.19814690e+01 
 1.23348948e+00  2.40719422e+00  1.23348948e+00  2.17534246e+01 
 1.24777453e+00  2.42079595e+00  1.24777453e+00  2.15272765e+01 
 1.26222502e+00  2.43412931e+00  1.26222502e+00  2.13030232e+01 
 1.27684286e+00  2.44719880e+00  1.27684286e+00  2.10806623e+01 
 1.29162999e+00  2.46000886e+00  1.29162999e+00  2.08601912e+01 
 1.30658837e+00  2.47256389e+00  1.30658837e+00  2.06416066e+01 
 1.32171998e+00  2.48486827e+00  1.32171998e+00  2.04249052e+01 
 1.33702683e+00  2.49692631e+00  1.33702683e+00  2.02100829e+01 
 1.35251095e+00  2.50874226e+00  1.35251095e+00  1.99971354e+01 
 1.36817439e+00  2.52032036e+00  1.36817439e+00  1.97860581e+01 
 1.38401923e+00  2.53166477e+00  1.38401923e+00  1.95768459e+01 
 1.40004757e+00  2.54277963e+00  1.40004757e+00  1.93694933e+01 
 1.41626153e+00  2.55366899e+00  1.41626153e+00  1.91639947e+01 
 1.43266327e+00  2.56433689e+00  1.43266327e+00  1.89603438e+01 
 1.44925496e+00  2.57478731e+00  1.44925496e+00  1.87585342e+01 
 1.46603879e+00  2.58502417e+00  1.46603879e+00  1.85585594e+01 
 1.48301700e+00  2.59505134e+00  1.48301700e+00  1.83604121e+01 
 1.50019183e+00  2.60487266e+00  1.50019183e+00  1.81640852e+01 
 1.51756557e+00  2.61449189e+00  1.51756557e+00  1.79695710e+01 
 1.53514051e+00  2.62391276e+00  1.53514051e+00  1.77768616e+01 
 1.55291899e+00  2.63313894e+00  1.55291899e+00  1.75859490e+01 
 1.57090335e+00  2.64217406e+00  1.57090335e+00  1.73968249e+01 
 1.58909600e+00  2.65102168e+00  1.58909600e+00  1.72094805e+01 
 1.60749933e+00  2.65968533e+00  1.60749933e+00  1.70239071e+01 
 1.62611580e+00  2.66816848e+00  1.62611580e+00  1.68400958e+01 
 1.64494786e+00  2.67647454e+00  1.64494786e+00  1.66580371e+01 
 1.66399802e+00  2.68460688e+00  1.66399802e+00  1.64777218e+01 
 1.68326879e+00  2.69256882e+00  1.68326879e+00  1.62991401e+01 
 1.70276274e+00  2.70036362e+00  1.70276274e+00  1.61222824e+01 
 1.72248245e+00  2.70799452e+00  1.72248245e+00  1.59471385e+01 
 1.74243054e+00  2.71546466e+00  1.74243054e+00  1.57736985e+01 
 1.76260964e+00  2.72277718e+00  1.76260964e+00  1.56019519e+01 
 1.78302244e+00  2.72993514e+00  1.78302244e+00  1.54318885e+01 
 1.80367164e+00  2.73694156e+00  1.80367164e+00  1.52634976e+01 
 1.82455997e+00  2.74379941e+00  1.82455997e+00  1.50967685e+01 
 1.84569022e+00  2.75051161e+00  1.84569022e+00  1.49316905e+01 
 1.86706517e+00  2.75708104e+00  1.86706517e+00  1.47682525e+01 
 1.88868767e+00  2.76351053e+00  1.88868767e+00  1.46064437e+01 
 1.91056058e+00  2.76980285e+00  1.91056058e+00  1.44462527e+01 
 1.93268680e+00  2.77596075e+00  1.93268680e+00  1.42876685e+01 
 1.95506926e+00  2.78198690e+00  1.95506926e+00  1.41306798e+01 
 1.97771094e+00  2.78788396e+00  1.97771094e+00  1.39752750e+01 
 2.00061483e+00  2.79365451e+00  2.00061483e+00  1.38214429e+01 
 2.02378396e+00  2.79930110e+00  2.02378396e+00  1.36691717e+01 
 2.04722142e+00  2.80482625e+00  2.04722142e+00  1.35184501e+01 
 2.07093031e+00  2.81023241e+00  2.07093031e+00  1.33692663e+01 
 2.09491378e+00  2.81552201e+00  2.09491378e+00  1.32216086e+01 
 2.11917499e+00  2.82069742e+00  2.11917499e+00  1.30754654e+01 
 2.14371718e+00  2.82576097e+00  2.14371718e+00  1.29308247e+01 
 2.16854358e+00  2.83071495e+00  2.16854358e+00  1.27876749e+01 
 2.19365751e+00  2.83556162e+00  2.19365751e+00  1.26460042e+01 
 2.21906227e+00  2.84030318e+00  2.21906227e+00  1.25058005e+01 
 2.24476125e+00  2.84494180e+00  2.24476125e+00  1.23670522e+01 
 2.27075785e+00  2.84947962e+00  2.27075785e+00  1.22297473e+01 
 2.29705552e+00  2.85391871e+00  2.29705552e+00  1.20938738e+01 
 2.32365774e+00  2.85826113e+00  2.32365774e+00  1.19594200e+01 
 2.35056804e+00  2.86250889e+00  2.35056804e+00  1.18263738e+01 
 2.37778999e+00  2.86666397e+00  2.37778999e+00  1.16947234e+01 
 2.40532720e+00  2.87072829e+00  2.40532720e+00  1.15644570e+01 
 2.43318331e+00  2.87470377e+00  2.43318331e+00  1.14355625e+01 
 2.46136203e+00  2.87859226e+00  2.46136203e+00  1.13080282e+01 
 2.48986709e+00  2.88239559e+00  2.48986709e+00  1.11818422e+01 
 2.51870226e+00  2.88611556e+00  2.51870226e+00  1.10569926e+01 
 2.54787137e+00  2.88975392e+00  2.54787137e+00  1.09334677e+01 
 2.57737829e+00  2.89331240e+00  2.57737829e+00  1.08112557e+01 
 2.60722693e+00  2.89679268e+00  2.60722693e+00  1.06903448e+01 
 2.63742125e+00  2.90019643e+00  2.63742125e+00  1.05707232e+01 
 2.66796525e+00  2.90352527e+00  2.66796525e+00  1.04523793e+01 
 2.69886298e+00  2.90678080e+00  2.69886298e+00  1.03353015e+01 
 2.73011854e+00  2.90996457e+00  2.73011854e+00  1.02194781e+01 
 2.76173606e+00  2.91307811e+00  2.76173606e+00  1.01048976e+01 
 2.79371975e+00  2.91612293e+00  2.79371975e+00  9.99154845e+00 
 2.82607385e+00  2.91910050e+00  2.82607385e+00  9.87941912e+00 
 2.85880263e+00  2.92201225e+00  2.85880263e+00  9.76849823e+00 
 2.89191045e+00  2.92485960e+00  2.89191045e+00  9.65877438e+00 
 2.92540169e+00  2.92764394e+00  2.92540169e+00  9.55023624e+00 
 2.95928080e+00  2.93036661e+00  2.95928080e+00  9.44287255e+00 
 2.99355225e+00  2.93302895e+00  2.99355225e+00  9.33667209e+00 
 3.02822061e+00  2.93563226e+00  3.02822061e+00  9.23162369e+00 
 3.06329046e+00  2.93817781e+00  3.06329046e+00  9.12771624e+00 
 3.09876645e+00  2.94066685e+00  3.09876645e+00  9.02493872e+00 
 3.13465329e+00  2.94310060e+00  3.13465329e+00  8.92328013e+00 
 3.17095574e+00  2.94548027e+00  3.17095574e+00  8.82272956e+00 
 3.20767861e+00  2.94780702e+00  3.20767861e+00  8.72327616e+00 
 3.24482676e+00  2.95008201e+00  3.24482676e+00  8.62490913e+00 
 3.28240513e+00  2.95230636e+00  3.28240513e+00  8.52761775e+00 
 3.32041869e+00  2.95448116e+00  3.32041869e+00  8.43139137e+00 
 3.35887249e+00  2.95660751e+00  3.35887249e+00  8.33621940e+00 
 3.39777162e+00  2.95868646e+00  3.39777162e+00  8.24209133e+00 
 3.43712125e+00  2.96071905e+00  3.43712125e+00  8.14899670e+00 
 3.47692658e+00  2.96270627e+00  3.47692658e+00  8.05692514e+00 
 3.51719290e+00  2.96464914e+00  3.51719290e+00  7.96586634e+00 
 3.55792554e+00  2.96654862e+00  3.55792554e+00  7.87581007e+00 
 3.59912991e+00  2.96840565e+00  3.59912991e+00  7.78674618e+00 
 3.64081146e+00  2.97022118e+00  3.64081146e+00  7.69866456e+00 
 3.68297573e+00  2.97199611e+00  3.68297573e+00  7.61155522e+00 
 3.72562831e+00  2.97373133e+00  3.72562831e+00  7.52540821e+00 
 3.76877484e+00  2.97542772e+00  3.76877484e+00  7.44021367e+00 
 3.81242106e+00  2.97708613e+00  3.81242106e+00  7.35596180e+00 
 3.85657274e+00  2.97870739e+00  3.85657274e+00  7.27264290e+00 
 3.90123574e+00  2.98029234e+00  3.90123574e+00  7.19024734e+00 
 3.94641599e+00  2.98184175e+00  3.94641599e+00  7.10876553e+00 
 3.99211947e+00  2.98335643e+00  3.99211947e+00  7.02818801e+00 
 4.03835224e+00  2.98483714e+00  4.03835224e+00  6.94850537e+00 
 4.08512043e+00  2.98628463e+00  4.08512043e+00  6.86970826e+00 
 4.13243025e+00  2.98769963e+00  4.13243025e+00  6.79178745e+00 
 4.18028796e+00  2.98908286e+00  4.18028796e+00  6.71473374e+00 
 4.22869991e+00  2.99043502e+00  4.22869991e+00  6.63853804e+00 
 4.27767252e+00  2.99175681e+00  4.27767252e+00  6.56319132e+00 
 4.32721228e+00  2.99304890e+00  4.32721228e+00  6.48868464e+00 
 4.37732577e+00  2.99431195e+00  4.37732577e+00  6.41500912e+00 
 4.42801962e+00  2.99554659e+00  4.42801962e+00  6.34215597e+00 
 4.47930055e+00  2.99675347e+00  4.47930055e+00  6.27011648e+00 
 4.53117537e+00  2.99793319e+00  4.53117537e+00  6.19888200e+00 
 4.58365095e+00  2.99908637e+00  4.58365095e+00  6.12844397e+00 
 4.63673425e+00  3.00021359e+00  4.63673425e+00  6.05879390e+00 
 4.69043232e+00  3.00131543e+00  4.69043232e+00  5.98992338e+00 
 4.74475225e+00  3.00239246e+00  4.74475225e+00  5.92182408e+00 
 4.79970127e+00  3.00344523e+00  4.79970127e+00  5.85448773e+00 
 4.85528665e+00  3.00447427e+00  4.85528665e+00  5.78790616e+00 
 4.91151577e+00  3.00548013e+00  4.91151577e+00  5.72207125e+00 
 4.96839608e+00  3.00646331e+00  4.96839608e+00  5.65697497e+00 
 5.02593512e+00  3.00742432e+00  5.02593512e+00  5.59260936e+00 
 5.08414052e+00  3.00836366e+00  5.08414052e+00  5.52896654e+00 
 5.14302000e+00  3.00928182e+00  5.14302000e+00  5.46603870e+00 
 5.20258136e+00  3.01017926e+00  5.20258136e+00  5.40381810e+00 
 5.26283250e+00  3.01105644e+00  5.26283250e+00  5.34229708e+00 
 5.32378141e+00  3.01191383e+00  5.32378141e+00  5.28146805e+00 
 5.38543617e+00  3.01275186e+00  5.38543617e+00  5.22132349e+00 
 5.44780495e+00  3.01357097e+00  5.44780495e+00  5.16185596e+00 
 5.51089603e+00  3.01437159e+00  5.51089603e+00  5.10305808e+00 
 5.57471776e+00  3.01515411e+00  5.57471776e+00  5.04492256e+00 
 5.63927862e+00  3.01591896e+00  5.63927862e+00  4.98744217e+00 
 5.70458716e+00  3.01666653e+00  5.70458716e+00  4.93060975e+00 
 5.77065203e+00  3.01739721e+00  5.77065203e+00  4.87441820e+00 
 5.83748200e+00  3.01811137e+00  5.83748200e+00  4.81886052e+00 
 5.90508593e+00  3.01880938e+00  5.90508593e+00  4.76392976e+00 
 5.97347279e+00  3.01949161e+00  5.97347279e+00  4.70961903e+00 
 6.04265163e+00  3.02015842e+00  6.04265163e+00  4.65592152e+00 
 6.11263163e+00  3.02081014e+00  6.11263163e+00  4.60283050e+00 
 6.18342207e+00  3.02144712e+00  6.18342207e+00  4.55033928e+00 
 6.25503234e+00  3.02206969e+00  6.25503234e+00  4.49844127e+00 
 6.32747192e+00  3.02267817e+00  6.32747192e+00  4.44712991e+00 
 6.40075043e+00  3.02327288e+00  6.40075043e+00  4.39639874e+00 
 6.47487758e+00  3.02385414e+00  6.47487758e+00  4.34624135e+00 
 6.54986319e+00  3.02442223e+00  6.54986319e+00  4.29665139e+00 
 6.62571722e+00  3.02497747e+00  6.62571722e+00  4.24762260e+00 
 6.70244971e+00  3.02552013e+00  6.70244971e+00  4.19914874e+00 
 6.78007084e+00  3.02605050e+00  6.78007084e+00  4.15122368e+00 
 6.85859090e+00  3.02656887e+00  6.85859090e+00  4.10384133e+00 
 6.93802030e+00  3.02707549e+00  6.93802030e+00  4.05699567e+00 
 7.01836957e+00  3.02757064e+00  7.01836957e+00  4.01068073e+00 
 7.09964937e+00  3.02805457e+00  7.09964937e+00  3.96489061e+00 
 7.18187048e+00  3.02852753e+00  7.18187048e+00  3.91961949e+00 
 7.26504378e+00  3.02898978e+00  7.26504378e+00  3.87486158e+00 
 7.34918032e+00  3.02944155e+00  7.34918032e+00  3.83061116e+00 
 7.43429124e+00  3.02988308e+00  7.43429124e+00  3.78686259e+00 
 7.52038784e+00  3.03031460e+00  7.52038784e+00  3.74361026e+00 
 7.60748151e+00  3.03073634e+00  7.60748151e+00  3.70084864e+00 
 7.69558382e+00  3.03114852e+00  7.69558382e+00  3.65857224e+00 
 7.78470645e+00  3.03155136e+00  7.78470645e+00  3.61677566e+00 
 7.87486120e+00  3.03194506e+00  7.87486120e+00  3.57545351e+00 
 7.96606004e+00  3.03232983e+00  7.96606004e+00  3.53460050e+00 
 8.05831505e+00  3.03270588e+00  8.05831505e+00  3.49421138e+00 
 8.15163847e+00  3.03307340e+00  8.15163847e+00  3.45428095e+00 
 8.24604267e+00  3.03343258e+00  8.24604267e+00  3.41480407e+00 
 8.34154016e+00  3.03378361e+00  8.34154016e+00  3.37577565e+00 
 8.43814361e+00  3.03412668e+00  8.43814361e+00  3.33719068e+00 
 8.53586583e+00  3.03446196e+00  8.53586583e+00  3.29904417e+00 
 8.63471977e+00  3.03478964e+00  8.63471977e+00  3.26133119e+00 
 8.73471853e+00  3.03510988e+00  8.73471853e+00  3.22404689e+00 
 8.83587539e+00  3.03542286e+00  8.83587539e+00  3.18718644e+00 
 8.93820374e+00  3.03572873e+00  8.93820374e+00  3.15074508e+00 
 9.04171716e+00  3.03602766e+00  9.04171716e+00  3.11471809e+00 
 9.14642936e+00  3.03631981e+00  9.14642936e+00  3.07910081e+00 
 9.25235424e+00  3.03660532e+00  9.25235424e+00  3.04388863e+00 
 9.35950584e+00  3.03688435e+00  9.35950584e+00  3.00907698e+00 
 9.46789836e+00  3.03715705e+00  9.46789836e+00  2.97466136e+00 
 9.57754617e+00  3.03742356e+00  9.57754617e+00  2.94063730e+00 
 9.68846382e+00  3.03768401e+00  9.68846382e+00  2.90700039e+00 
 9.80066601e+00  3.03793855e+00  9.80066601e+00  2.87374625e+00 
 9.91416761e+00  3.03818731e+00  9.91416761e+00  2.84087057e+00 
 1.00289837e+01  3.03843043e+00  1.00289837e+01  2.80836907e+00 
 1.01451294e+01  3.03866802e+00  1.01451294e+01  2.77623754e+00 
 1.02626203e+01  3.03890021e+00  1.02626203e+01  2.74447178e+00 
 1.03814717e+01  3.03912714e+00  1.03814717e+01  2.71306767e+00 
 1.05016997e+01  3.03934891e+00  1.05016997e+01  2.68202112e+00 
 1.06233199e+01  3.03956564e+00  1.06233199e+01  2.65132809e+00 
 1.07463487e+01  3.03977744e+00  1.07463487e+01  2.62098457e+00 
 1.08708023e+01  3.03998444e+00  1.08708023e+01  2.59098661e+00 
 1.09966971e+01  3.04018674e+00  1.09966971e+01  2.56133030e+00 
 1.11240500e+01  3.04038443e+00  1.11240500e+01  2.53201177e+00 
 1.12528777e+01  3.04057764e+00  1.12528777e+01  2.50302719e+00 
 1.13831974e+01  3.04076646e+00  1.13831974e+01  2.47437279e+00 
 1.15150263e+01  3.04095099e+00  1.15150263e+01  2.44604481e+00 
 1.16483819e+01  3.04113132e+00  1.16483819e+01  2.41803957e+00 
 1.17832819e+01  3.04130756e+00  1.17832819e+01  2.39035339e+00 
 1.19197442e+01  3.04147979e+00  1.19197442e+01  2.36298266e+00 
 1.20577869e+01  3.04164811e+00  1.20577869e+01  2.33592380e+00 
 1.21974282e+01  3.04181260e+00  1.21974282e+01  2.30917327e+00 
 1.23386867e+01  3.04197336e+00  1.23386867e+01  2.28272758e+00 
 1.24815812e+01  3.04213046e+00  1.24815812e+01  2.25658325e+00 
 1.26261305e+01  3.04228399e+00  1.26261305e+01  2.23073687e+00 
 1.27723538e+01  3.04243404e+00  1.27723538e+01  2.20518505e+00 
 1.29202705e+01  3.04258067e+00  1.29202705e+01  2.17992445e+00 
 1.30699003e+01  3.04272397e+00  1.30699003e+01  2.15495175e+00 
 1.32212629e+01  3.04286401e+00  1.32212629e+01  2.13026368e+00 
 1.33743785e+01  3.04300087e+00  1.33743785e+01  2.10585700e+00 
 1.35292673e+01  3.04313462e+00  1.35292673e+01  2.08172852e+00 
 1.36859499e+01  3.04326533e+00  1.36859499e+01  2.05787507e+00 
 1.38444470e+01  3.04339307e+00  1.38444470e+01  2.03429352e+00 
 1.40047796e+01  3.04351790e+00  1.40047796e+01  2.01098077e+00 
 1.41669691e+01  3.04363990e+00  1.41669691e+01  1.98793377e+00 
 1.43310369e+01  3.04375912e+00  1.43310369e+01  1.96514948e+00 
 1.44970048e+01  3.04387563e+00  1.44970048e+01  1.94262492e+00 
 1.46648947e+01  3.04398950e+00  1.46648947e+01  1.92035713e+00 
 1.48347290e+01  3.04410077e+00  1.48347290e+01  1.89834318e+00 
 1.50065301e+01  3.04420952e+00  1.50065301e+01  1.87658018e+00 
 1.51803209e+01  3.04431579e+00  1.51803209e+01  1.85506527e+00 
 1.53561243e+01  3.04441965e+00  1.53561243e+01  1.83379562e+00 
 1.55339637e+01  3.04452115e+00  1.55339637e+01  1.81276843e+00 
 1.57138627e+01  3.04462034e+00  1.57138627e+01  1.79198094e+00 
 1.58958451e+01  3.04471727e+00  1.58958451e+01  1.77143042e+00 
 1.60799350e+01  3.04481200e+00  1.60799350e+01  1.75111415e+00 
 1.62661569e+01  3.04490458e+00  1.62661569e+01  1.73102948e+00 
 1.64545354e+01  3.04499505e+00  1.64545354e+01  1.71117374e+00 
 1.66450955e+01  3.04508346e+00  1.66450955e+01  1.69154434e+00 
 1.68378625e+01  3.04516986e+00  1.68378625e+01  1.67213868e+00 
 1.70328619e+01  3.04525430e+00  1.70328619e+01  1.65295421e+00 
 1.72301197e+01  3.04533682e+00  1.72301197e+01  1.63398841e+00 
 1.74296618e+01  3.04541747e+00  1.74296618e+01  1.61523877e+00 
 1.76315149e+01  3.04549628e+00  1.76315149e+01  1.59670283e+00 
 1.78357056e+01  3.04557329e+00  1.78357056e+01  1.57837814e+00 
 1.80422611e+01  3.04564856e+00  1.80422611e+01  1.56026229e+00 
 1.82512087e+01  3.04572212e+00  1.82512087e+01  1.54235289e+00 
 1.84625761e+01  3.04579400e+00  1.84625761e+01  1.52464759e+00 
 1.86763914e+01  3.04586425e+00  1.86763914e+01  1.50714404e+00 
 1.88926828e+01  3.04593290e+00  1.88926828e+01  1.48983994e+00 
 1.91114791e+01  3.04599999e+00  1.91114791e+01  1.47273301e+00 
 1.93328093e+01  3.04606555e+00  1.93328093e+01  1.45582099e+00 
 1.95567028e+01  3.04612963e+00  1.95567028e+01  1.43910165e+00 
 1.97831891e+01  3.04619224e+00  1.97831891e+01  1.42257278e+00 
 2.00122984e+01  3.04625343e+00  2.00122984e+01  1.40623221e+00 
 2.02440610e+01  3.04631324e+00  2.02440610e+01  1.39007778e+00 
 2.04785077e+01  3.04637168e+00  2.04785077e+01  1.37410736e+00 
 2.07156695e+01  3.04642879e+00  2.07156695e+01  1.35831884e+00 
 2.09555778e+01  3.04648461e+00  2.09555778e+01  1.34271013e+00 
 2.11982645e+01  3.04653915e+00  2.11982645e+01  1.32727918e+00 
 2.14437618e+01  3.04659246e+00  2.14437618e+01  1.31202395e+00 
 2.16921022e+01  3.04664455e+00  2.16921022e+01  1.29694242e+00 
 2.19433187e+01  3.04669546e+00  2.19433187e+01  1.28203260e+00 
 2.21974444e+01  3.04674521e+00  2.21974444e+01  1.26729253e+00 
 2.24545132e+01  3.04679383e+00  2.24545132e+01  1.25272026e+00 
 2.27145591e+01  3.04684134e+00  2.27145591e+01  1.23831386e+00 
 2.29776167e+01  3.04688778e+00  2.29776167e+01  1.22407143e+00 
 2.32437206e+01  3.04693315e+00  2.32437206e+01  1.20999109e+00 
 2.35129064e+01  3.04697750e+00  2.35129064e+01  1.19607098e+00 
 2.37852095e+01  3.04702084e+00  2.37852095e+01  1.18230926e+00 
 2.40606663e+01  3.04706319e+00  2.40606663e+01  1.16870411e+00 
 2.43393131e+01  3.04710458e+00  2.43393131e+01  1.15525373e+00 
 2.46211869e+01  3.04714503e+00  2.46211869e+01  1.14195635e+00 
 2.49063250e+01  3.04718456e+00  2.49063250e+01  1.12881021e+00 
 2.51947654e+01  3.04722319e+00  2.51947654e+01  1.11581357e+00 
 2.54865462e+01  3.04726094e+00  2.54865462e+01  1.10296472e+00 
 2.57817061e+01  3.04729783e+00  2.57817061e+01  1.09026195e+00 
 2.60802843e+01  3.04733389e+00  2.60802843e+01  1.07770358e+00 
 2.63823203e+01  3.04736912e+00  2.63823203e+01  1.06528796e+00 
 2.66878542e+01  3.04740355e+00  2.66878542e+01  1.05301345e+00 
 2.69969265e+01  3.04743720e+00  2.69969265e+01  1.04087841e+00 
 2.73095781e+01  3.04747009e+00  2.73095781e+01  1.02888126e+00 
 2.76258506e+01  3.04750223e+00  2.76258506e+01  1.01702039e+00 
 2.79457858e+01  3.04753364e+00  2.79457858e+01  1.00529424e+00 
 2.82694262e+01  3.04756433e+00  2.82694262e+01  9.93701266e-01 
 2.85968147e+01  3.04759432e+00  2.85968147e+01  9.82239928e-01 
 2.89279946e+01  3.04762364e+00  2.89279946e+01  9.70908711e-01 
 2.92630100e+01  3.04765228e+00  2.92630100e+01  9.59706117e-01 
 2.96019052e+01  3.04768028e+00  2.96019052e+01  9.48630664e-01 
 2.99447251e+01  3.04770764e+00  2.99447251e+01  9.37680887e-01 
 3.02915152e+01  3.04773437e+00  3.02915152e+01  9.26855336e-01 
 3.06423215e+01  3.04776050e+00  3.06423215e+01  9.16152580e-01 
 3.09971905e+01  3.04778604e+00  3.09971905e+01  9.05571203e-01 
 3.13561693e+01  3.04781099e+00  3.13561693e+01  8.95109804e-01 
 3.17193054e+01  3.04783538e+00  3.17193054e+01  8.84767000e-01 
 3.20866469e+01  3.04785921e+00  3.20866469e+01  8.74541421e-01 
 3.24582427e+01  3.04788250e+00  3.24582427e+01  8.64431716e-01 
 3.28341419e+01  3.04790526e+00  3.28341419e+01  8.54436544e-01 
 3.32143943e+01  3.04792751e+00  3.32143943e+01  8.44554585e-01 
 3.35990505e+01  3.04794925e+00  3.35990505e+01  8.34784530e-01 
 3.39881614e+01  3.04797049e+00  3.39881614e+01  8.25125086e-01 
 3.43817786e+01  3.04799125e+00  3.43817786e+01  8.15574975e-01 
 3.47799543e+01  3.04801154e+00  3.47799543e+01  8.06132932e-01 
 3.51827413e+01  3.04803137e+00  3.51827413e+01  7.96797708e-01 
 3.55901929e+01  3.04805074e+00  3.55901929e+01  7.87568066e-01 
 3.60023633e+01  3.04806968e+00  3.60023633e+01  7.78442786e-01 
 3.64193070e+01  3.04808819e+00  3.64193070e+01  7.69420659e-01 
 3.68410793e+01  3.04810627e+00  3.68410793e+01  7.60500490e-01 
 3.72677361e+01  3.04812394e+00  3.72677361e+01  7.51681100e-01 
 3.76993341e+01  3.04814122e+00  3.76993341e+01  7.42961319e-01 
 3.81359304e+01  3.04815809e+00  3.81359304e+01  7.34339994e-01 
 3.85775830e+01  3.04817459e+00  3.85775830e+01  7.25815984e-01 
 3.90243503e+01  3.04819071e+00  3.90243503e+01  7.17388159e-01 
 3.94762917e+01  3.04820646e+00  3.94762917e+01  7.09055403e-01 
 3.99334670e+01  3.04822186e+00  3.99334670e+01  7.00816614e-01 
 4.03959368e+01  3.04823690e+00  4.03959368e+01  6.92670701e-01 
 4.08637625e+01  3.04825161e+00  4.08637625e+01  6.84616584e-01 
 4.13370061e+01  3.04826598e+00  4.13370061e+01  6.76653197e-01 
 4.18157303e+01  3.04828002e+00  4.18157303e+01  6.68779485e-01 
 4.22999987e+01  3.04829374e+00  4.22999987e+01  6.60994407e-01 
 4.27898753e+01  3.04830715e+00  4.27898753e+01  6.53296930e-01 
 4.32854253e+01  3.04832026e+00  4.32854253e+01  6.45686036e-01 
 4.37867142e+01  3.04833307e+00  4.37867142e+01  6.38160716e-01 
 4.42938085e+01  3.04834558e+00  4.42938085e+01  6.30719974e-01 
 4.48067755e+01  3.04835782e+00  4.48067755e+01  6.23362824e-01 
 4.53256831e+01  3.04836977e+00  4.53256831e+01  6.16088291e-01 
 4.58506003e+01  3.04838145e+00  4.58506003e+01  6.08895413e-01 
 4.63815965e+01  3.04839287e+00  4.63815965e+01  6.01783237e-01 
 4.69187422e+01  3.04840403e+00  4.69187422e+01  5.94750820e-01 
 4.74621085e+01  3.04841493e+00  4.74621085e+01  5.87797231e-01 
 4.80117676e+01  3.04842558e+00  4.80117676e+01  5.80921549e-01 
 4.85677923e+01  3.04843600e+00  4.85677923e+01  5.74122863e-01 
 4.91302564e+01  3.04844617e+00  4.91302564e+01  5.67400273e-01 
 4.96992343e+01  3.04845612e+00  4.96992343e+01  5.60752887e-01 
 5.02748016e+01  3.04846583e+00  5.02748016e+01  5.54179826e-01 
 5.08570345e+01  3.04847533e+00  5.08570345e+01  5.47680219e-01 
 5.14460103e+01  3.04848461e+00  5.14460103e+01  5.41253204e-01 
 5.20418070e+01  3.04849368e+00  5.20418070e+01  5.34897930e-01 
 5.26445036e+01  3.04850255e+00  5.26445036e+01  5.28613555e-01 
 5.32541801e+01  3.04851121e+00  5.32541801e+01  5.22399247e-01 
 5.38709172e+01  3.04851967e+00  5.38709172e+01  5.16254182e-01 
 5.44947968e+01  3.04852795e+00  5.44947968e+01  5.10177546e-01 
 5.51259015e+01  3.04853603e+00  5.51259015e+01  5.04168535e-01 
 5.57643151e+01  3.04854393e+00  5.57643151e+01  4.98226351e-01 
 5.64101221e+01  3.04855165e+00  5.64101221e+01  4.92350208e-01 
 5.70634082e+01  3.04855920e+00  5.70634082e+01  4.86539327e-01 
 5.77242601e+01  3.04856657e+00  5.77242601e+01  4.80792938e-01 
 5.83927652e+01  3.04857378e+00  5.83927652e+01  4.75110279e-01 
 5.90690124e+01  3.04858082e+00  5.90690124e+01  4.69490599e-01 
 5.97530911e+01  3.04858770e+00  5.97530911e+01  4.63933151e-01 
 6.04450922e+01  3.04859443e+00  6.04450922e+01  4.58437201e-01 
 6.11451073e+01  3.04860100e+00  6.11451073e+01  4.53002019e-01 
 6.18532294e+01  3.04860742e+00  6.18532294e+01  4.47626885e-01 
 6.25695522e+01  3.04861370e+00  6.25695522e+01  4.42311088e-01 
 6.32941707e+01  3.04861983e+00  6.32941707e+01  4.37053922e-01 
 6.40271811e+01  3.04862582e+00  6.40271811e+01  4.31854691e-01 
 6.47686804e+01  3.04863168e+00  6.47686804e+01  4.26712706e-01 
 6.55187671e+01  3.04863740e+00  6.55187671e+01  4.21627286e-01 
 6.62775405e+01  3.04864300e+00  6.62775405e+01  4.16597757e-01 
 6.70451013e+01  3.04864846e+00  6.70451013e+01  4.11623452e-01 
 6.78215512e+01  3.04865381e+00  6.78215512e+01  4.06703712e-01 
 6.86069932e+01  3.04865903e+00  6.86069932e+01  4.01837885e-01 
 6.94015314e+01  3.04866413e+00  6.94015314e+01  3.97025326e-01 
 7.02052711e+01  3.04866911e+00  7.02052711e+01  3.92265398e-01 
 7.10183190e+01  3.04867398e+00  7.10183190e+01  3.87557470e-01 
 7.18407828e+01  3.04867875e+00  7.18407828e+01  3.82900917e-01 
 7.26727715e+01  3.04868340e+00  7.26727715e+01  3.78295123e-01 
 7.35143955e+01  3.04868794e+00  7.35143955e+01  3.73739478e-01 
 7.43657664e+01  3.04869239e+00  7.43657664e+01  3.69233377e-01 
 7.52269970e+01  3.04869673e+00  7.52269970e+01  3.64776223e-01 
 7.60982015e+01  3.04870097e+00  7.60982015e+01  3.60367426e-01 
 7.69794955e+01  3.04870512e+00  7.69794955e+01  3.56006401e-01 
 7.78709957e+01  3.04870917e+00  7.78709957e+01  3.51692571e-01 
 7.87728204e+01  3.04871313e+00  7.87728204e+01  3.47425363e-01 
 7.96850891e+01  3.04871700e+00  7.96850891e+01  3.43204212e-01 
 8.06079229e+01  3.04872078e+00  8.06079229e+01  3.39028558e-01 
 8.15414439e+01  3.04872448e+00  8.15414439e+01  3.34897849e-01 
 8.24857761e+01  3.04872809e+00  8.24857761e+01  3.30811537e-01 
 8.34410446e+01  3.04873161e+00  8.34410446e+01  3.26769079e-01 
 8.44073761e+01  3.04873506e+00  8.44073761e+01  3.22769941e-01 
 8.53848987e+01  3.04873843e+00  8.53848987e+01  3.18813592e-01 
 8.63737419e+01  3.04874172e+00  8.63737419e+01  3.14899507e-01 
 8.73740370e+01  3.04874494e+00  8.73740370e+01  3.11027169e-01 
 8.83859165e+01  3.04874809e+00  8.83859165e+01  3.07196064e-01 
 8.94095146e+01  3.04875116e+00  8.94095146e+01  3.03405683e-01 
 9.04449670e+01  3.04875416e+00  9.04449670e+01  2.99655526e-01 
 9.14924110e+01  3.04875709e+00  9.14924110e+01  2.95945093e-01 
 9.25519854e+01  3.04875996e+00  9.25519854e+01  2.92273894e-01 
 9.36238307e+01  3.04876276e+00  9.36238307e+01  2.88641443e-01 
 9.47080892e+01  3.04876550e+00  9.47080892e+01  2.85047257e-01 
 9.58049044e+01  3.04876818e+00  9.58049044e+01  2.81490860e-01 
 9.69144218e+01  3.04877079e+00  9.69144218e+01  2.77971781e-01 
 9.80367886e+01  3.04877334e+00  9.80367886e+01  2.74489553e-01 
 9.91721535e+01  3.04877584e+00  9.91721535e+01  2.71043715e-01 
 1.00320667e+02  3.04877828e+00  1.00320667e+02  2.67633811e-01 
 1.01482482e+02  3.04878066e+00  1.01482482e+02  2.64259387e-01 
 1.02657751e+02  3.04878299e+00  1.02657751e+02  2.60919996e-01 
 1.03846632e+02  3.04878527e+00  1.03846632e+02  2.57615197e-01 
 1.05049280e+02  3.04878749e+00  1.05049280e+02  2.54344551e-01 
 1.06265857e+02  3.04878966e+00  1.06265857e+02  2.51107624e-01 
 1.07496523e+02  3.04879178e+00  1.07496523e+02  2.47903988e-01 
 1.08741441e+02  3.04879386e+00  1.08741441e+02  2.44733217e-01 
 1.10000777e+02  3.04879589e+00  1.10000777e+02  2.41594892e-01 
 1.11274697e+02  3.04879787e+00  1.11274697e+02  2.38488596e-01 
 1.12563370e+02  3.04879980e+00  1.12563370e+02  2.35413917e-01 
 1.13866967e+02  3.04880169e+00  1.13866967e+02  2.32370449e-01 
 1.15185661e+02  3.04880354e+00  1.15185661e+02  2.29357787e-01 
 1.16519628e+02  3.04880534e+00  1.16519628e+02  2.26375533e-01 
 1.17869043e+02  3.04880711e+00  1.17869043e+02  2.23423290e-01 
 1.19234085e+02  3.04880883e+00  1.19234085e+02  2.20500668e-01 
 1.20614936e+02  3.04881052e+00  1.20614936e+02  2.17607279e-01 
 1.22011779e+02  3.04881216e+00  1.22011779e+02  2.14742739e-01 
 1.23424798e+02  3.04881377e+00  1.23424798e+02  2.11906669e-01 
 1.24854182e+02  3.04881534e+00  1.24854182e+02  2.09098693e-01 
 1.26300119e+02  3.04881687e+00  1.26300119e+02  2.06318439e-01 
 1.27762802e+02  3.04881837e+00  1.27762802e+02  2.03565538e-01 
 1.29242424e+02  3.04881984e+00  1.29242424e+02  2.00839624e-01 
 1.30739182e+02  3.04882127e+00  1.30739182e+02  1.98140338e-01 
 1.32253273e+02  3.04882266e+00  1.32253273e+02  1.95467320e-01 
 1.33784900e+02  3.04882403e+00  1.33784900e+02  1.92820217e-01 
 1.35334264e+02  3.04882536e+00  1.35334264e+02  1.90198678e-01 
 1.36901571e+02  3.04882667e+00  1.36901571e+02  1.87602355e-01 
 1.38487029e+02  3.04882794e+00  1.38487029e+02  1.85030903e-01 
 1.40090849e+02  3.04882918e+00  1.40090849e+02  1.82483983e-01 
 1.41713242e+02  3.04883040e+00  1.41713242e+02  1.79961256e-01 
 1.43354425e+02  3.04883159e+00  1.43354425e+02  1.77462388e-01 
 1.45014614e+02  3.04883275e+00  1.45014614e+02  1.74987047e-01 
 1.46694029e+02  3.04883388e+00  1.46694029e+02  1.72534906e-01 
 1.48392894e+02  3.04883498e+00  1.48392894e+02  1.70105640e-01 
 1.50111433e+02  3.04883607e+00  1.50111433e+02  1.67698926e-01 
 1.51849875e+02  3.04883712e+00  1.51849875e+02  1.65314445e-01 
 1.53608450e+02  3.04883815e+00  1.53608450e+02  1.62951881e-01 
 1.55387391e+02  3.04883916e+00  1.55387391e+02  1.60610921e-01 
 1.57186933e+02  3.04884014e+00  1.57186933e+02  1.58291255e-01 
 1.59007317e+02  3.04884110e+00  1.59007317e+02  1.55992576e-01 
 1.60848782e+02  3.04884204e+00  1.60848782e+02  1.53714577e-01 
 1.62711573e+02  3.04884296e+00  1.62711573e+02  1.51456958e-01 
 1.64595937e+02  3.04884385e+00  1.64595937e+02  1.49219419e-01 
 1.66502124e+02  3.04884473e+00  1.66502124e+02  1.47001663e-01 
 1.68430387e+02  3.04884558e+00  1.68430387e+02  1.44803397e-01 
 1.70380981e+02  3.04884641e+00  1.70380981e+02  1.42624329e-01 
 1.72354164e+02  3.04884723e+00  1.72354164e+02  1.40464170e-01 
 1.74350199e+02  3.04884802e+00  1.74350199e+02  1.38322634e-01 
 1.76369351e+02  3.04884880e+00  1.76369351e+02  1.36199436e-01 
 1.78411886e+02  3.04884955e+00  1.78411886e+02  1.34094296e-01 
 1.80478075e+02  3.04885029e+00  1.80478075e+02  1.32006934e-01 
 1.82568193e+02  3.04885101e+00  1.82568193e+02  1.29937074e-01 
 1.84682517e+02  3.04885172e+00  1.84682517e+02  1.27884440e-01 
 1.86821327e+02  3.04885241e+00  1.86821327e+02  1.25848762e-01 
 1.88984907e+02  3.04885308e+00  1.88984907e+02  1.23829769e-01 
 1.91173543e+02  3.04885373e+00  1.91173543e+02  1.21827193e-01 
 1.93387525e+02  3.04885437e+00  1.93387525e+02  1.19840769e-01 
 1.95627148e+02  3.04885500e+00  1.95627148e+02  1.17870233e-01 
 1.97892707e+02  3.04885560e+00  1.97892707e+02  1.15915325e-01 
 2.00184505e+02  3.04885620e+00  2.00184505e+02  1.13975785e-01 
 2.02502843e+02  3.04885678e+00  2.02502843e+02  1.12051356e-01 
 2.04848030e+02  3.04885734e+00  2.04848030e+02  1.10141783e-01 
 2.07220377e+02  3.04885790e+00  2.07220377e+02  1.08246813e-01 
 2.09620198e+02  3.04885843e+00  2.09620198e+02  1.06366194e-01 
 2.12047812e+02  3.04885896e+00  2.12047812e+02  1.04499677e-01 
 2.14503539e+02  3.04885947e+00  2.14503539e+02  1.02647015e-01 
 2.16987707e+02  3.04885997e+00  2.16987707e+02  1.00807962e-01 
 2.19500643e+02  3.04886046e+00  2.19500643e+02  9.89822746e-02 
 2.22042682e+02  3.04886093e+00  2.22042682e+02  9.71697101e-02 
 2.24614160e+02  3.04886139e+00  2.24614160e+02  9.53700284e-02 
 2.27215419e+02  3.04886184e+00  2.27215419e+02  9.35829911e-02 
 2.29846803e+02  3.04886228e+00  2.29846803e+02  9.18083611e-02 
 2.32508661e+02  3.04886271e+00  2.32508661e+02  9.00459032e-02 
 2.35201345e+02  3.04886313e+00  2.35201345e+02  8.82953837e-02 
 2.37925214e+02  3.04886354e+00  2.37925214e+02  8.65565706e-02 
 2.40680628e+02  3.04886393e+00  2.40680628e+02  8.48292332e-02 
 2.43467953e+02  3.04886432e+00  2.43467953e+02  8.31131427e-02 
 2.46287557e+02  3.04886469e+00  2.46287557e+02  8.14080715e-02 
 2.49139816e+02  3.04886506e+00  2.49139816e+02  7.97137934e-02 
 2.52025106e+02  3.04886542e+00  2.52025106e+02  7.80300840e-02 
 2.54943811e+02  3.04886576e+00  2.54943811e+02  7.63567199e-02 
 2.57896318e+02  3.04886610e+00  2.57896318e+02  7.46934794e-02 
 2.60883017e+02  3.04886643e+00  2.60883017e+02  7.30401418e-02 
 2.63904306e+02  3.04886675e+00  2.63904306e+02  7.13964881e-02 
 2.66960584e+02  3.04886705e+00  2.66960584e+02  6.97623002e-02 
 2.70052257e+02  3.04886736e+00  2.70052257e+02  6.81373616e-02 
 2.73179734e+02  3.04886765e+00  2.73179734e+02  6.65214568e-02 
 2.76343431e+02  3.04886793e+00  2.76343431e+02  6.49143715e-02 
 2.79543767e+02  3.04886821e+00  2.79543767e+02  6.33158927e-02 
 2.82781166e+02  3.04886848e+00  2.82781166e+02  6.17258084e-02 
 2.86056057e+02  3.04886874e+00  2.86056057e+02  6.01439079e-02 
 2.89368875e+02  3.04886899e+00  2.89368875e+02  5.85699814e-02 
 2.92720058e+02  3.04886923e+00  2.92720058e+02  5.70038202e-02 
 2.96110052e+02  3.04886947e+00  2.96110052e+02  5.54452167e-02 
 2.99539305e+02  3.04886970e+00  2.99539305e+02  5.38939643e-02 
 3.03008272e+02  3.04886992e+00  3.03008272e+02  5.23498572e-02 
 3.06517414e+02  3.04887014e+00  3.06517414e+02  5.08126908e-02 
 3.10067195e+02  3.04887035e+00  3.10067195e+02  4.92822613e-02 
 3.13658086e+02  3.04887055e+00  3.13658086e+02  4.77583657e-02 
 3.17290563e+02  3.04887074e+00  3.17290563e+02  4.62408021e-02 
 3.20965108e+02  3.04887093e+00  3.20965108e+02  4.47293691e-02 
 3.24682207e+02  3.04887111e+00  3.24682207e+02  4.32238665e-02 
 3.28442355e+02  3.04887129e+00  3.28442355e+02  4.17240946e-02 
 3.32246049e+02  3.04887145e+00  3.32246049e+02  4.02298546e-02 
 3.36093793e+02  3.04887162e+00  3.36093793e+02  3.87409484e-02 
 3.39986099e+02  3.04887177e+00  3.39986099e+02  3.72571785e-02 
 3.43923481e+02  3.04887192e+00  3.43923481e+02  3.57783483e-02 
 3.47906461e+02  3.04887206e+00  3.47906461e+02  3.43042616e-02 
 3.51935569e+02  3.04887220e+00  3.51935569e+02  3.28347231e-02 
 3.56011338e+02  3.04887233e+00  3.56011338e+02  3.13695379e-02 
 3.60134309e+02  3.04887246e+00  3.60134309e+02  2.99085118e-02 
 3.64305027e+02  3.04887258e+00  3.64305027e+02  2.84514510e-02 
 3.68524047e+02  3.04887269e+00  3.68524047e+02  2.69981624e-02 
 3.72791927e+02  3.04887280e+00  3.72791927e+02  2.55484533e-02 
 3.77109234e+02  3.04887290e+00  3.77109234e+02  2.41021314e-02 
 3.81476539e+02  3.04887300e+00  3.81476539e+02  2.26590051e-02 
 3.85894423e+02  3.04887309e+00  3.85894423e+02  2.12188829e-02 
 3.90363469e+02  3.04887318e+00  3.90363469e+02  1.97815740e-02 
 3.94884272e+02  3.04887326e+00  3.94884272e+02  1.83468878e-02 
 3.99457430e+02  3.04887333e+00  3.99457430e+02  1.69146341e-02 
 4.04083550e+02  3.04887340e+00  4.04083550e+02  1.54846229e-02 
 4.08763246e+02  3.04887346e+00  4.08763246e+02  1.40566648e-02 
 4.13497136e+02  3.04887352e+00  4.13497136e+02  1.26305703e-02 
 4.18285850e+02  3.04887358e+00  4.18285850e+02  1.12061504e-02 
 4.23130023e+02  3.04887363e+00  4.23130023e+02  9.78321623e-03 
 4.28030295e+02  3.04887367e+00  4.28030295e+02  8.36157915e-03 
 4.32987318e+02  3.04887371e+00  4.32987318e+02  6.94105068e-03 
 4.38001748e+02  3.04887374e+00  4.38001748e+02  5.52144247e-03 
 4.43074250e+02  3.04887377e+00  4.43074250e+02  4.10256630e-03 
 4.48205497e+02  3.04887379e+00  4.48205497e+02  2.68423406e-03 
 4.53396168e+02  3.04887381e+00  4.53396168e+02  1.26625770e-03 
 4.58646954e+02  3.04887382e+00  4.58646954e+02 -1.51550777e-04 
 4.63958548e+02  3.04887383e+00  4.63958548e+02 -1.56937935e-03 
 4.69331656e+02  3.04887383e+00  4.69331656e+02 -2.98741600e-03 
 4.74766990e+02  3.04887383e+00  4.74766990e+02 -4.40584873e-03 
 4.80265271e+02  3.04887382e+00  4.80265271e+02 -5.82486560e-03 
 4.85827227e+02  3.04887381e+00  4.85827227e+02 -7.24465475e-03 
 4.91453597e+02  3.04887379e+00  4.91453597e+02 -8.66540442e-03 
 4.97145125e+02  3.04887377e+00  4.97145125e+02 -1.00873030e-02 
 5.02902567e+02  3.04887374e+00  5.02902567e+02 -1.15105389e-02 
 5.08726686e+02  3.04887370e+00  5.08726686e+02 -1.29353010e-02 
 5.14618255e+02  3.04887367e+00  5.14618255e+02 -1.43617781e-02 
 5.20578053e+02  3.04887362e+00  5.20578053e+02 -1.57901593e-02 
 5.26606872e+02  3.04887357e+00  5.26606872e+02 -1.72206339e-02 
 5.32705511e+02  3.04887352e+00  5.32705511e+02 -1.86533918e-02 
 5.38874778e+02  3.04887346e+00  5.38874778e+02 -2.00886228e-02 
 5.45115492e+02  3.04887340e+00  5.45115492e+02 -2.15265171e-02 
 5.51428479e+02  3.04887332e+00  5.51428479e+02 -2.29672656e-02 
 5.57814577e+02  3.04887325e+00  5.57814577e+02 -2.44110591e-02 
 5.64274633e+02  3.04887317e+00  5.64274633e+02 -2.58580890e-02 
 5.70809503e+02  3.04887308e+00  5.70809503e+02 -2.73085473e-02 
 5.77420053e+02  3.04887299e+00  5.77420053e+02 -2.87626263e-02 
 5.84107159e+02  3.04887289e+00  5.84107159e+02 -3.02205187e-02 
 5.90871709e+02  3.04887279e+00  5.90871709e+02 -3.16824178e-02 
 5.97714600e+02  3.04887268e+00  5.97714600e+02 -3.31485174e-02 
 6.04636738e+02  3.04887257e+00  6.04636738e+02 -3.46190120e-02 
 6.11639042e+02  3.04887245e+00  6.11639042e+02 -3.60940964e-02 
 6.18722439e+02  3.04887232e+00  6.18722439e+02 -3.75739663e-02 
 6.25887869e+02  3.04887219e+00  6.25887869e+02 -3.90588178e-02 
 6.33136282e+02  3.04887205e+00  6.33136282e+02 -4.05488479e-02 
 6.40468639e+02  3.04887191e+00  6.40468639e+02 -4.20442540e-02 
 6.47885912e+02  3.04887176e+00  6.47885912e+02 -4.35452345e-02 
 6.55389084e+02  3.04887160e+00  6.55389084e+02 -4.50519883e-02 
 6.62979151e+02  3.04887144e+00  6.62979151e+02 -4.65647152e-02 
 6.70657118e+02  3.04887127e+00  6.70657118e+02 -4.80836158e-02 
 6.78424004e+02  3.04887110e+00  6.78424004e+02 -4.96088914e-02 
 6.86280839e+02  3.04887092e+00  6.86280839e+02 -5.11407443e-02 
 6.94228663e+02  3.04887073e+00  6.94228663e+02 -5.26793776e-02 
 7.02268532e+02  3.04887053e+00  7.02268532e+02 -5.42249952e-02 
 7.10401510e+02  3.04887033e+00  7.10401510e+02 -5.57778021e-02 
 7.18628676e+02  3.04887012e+00  7.18628676e+02 -5.73380042e-02 
 7.26951121e+02  3.04886991e+00  7.26951121e+02 -5.89058083e-02 
 7.35369948e+02  3.04886968e+00  7.35369948e+02 -6.04814222e-02 
 7.43886274e+02  3.04886945e+00  7.43886274e+02 -6.20650549e-02 
 7.52501228e+02  3.04886921e+00  7.52501228e+02 -6.36569163e-02 
 7.61215951e+02  3.04886897e+00  7.61215951e+02 -6.52572176e-02 
 7.70031600e+02  3.04886872e+00  7.70031600e+02 -6.68661707e-02 
 7.78949343e+02  3.04886846e+00  7.78949343e+02 -6.84839891e-02 
 7.87970362e+02  3.04886819e+00  7.87970362e+02 -7.01108873e-02 
 7.97095854e+02  3.04886791e+00  7.97095854e+02 -7.17470809e-02 
 8.06327028e+02  3.04886763e+00  8.06327028e+02 -7.33927869e-02 
 8.15665108e+02  3.04886733e+00  8.15665108e+02 -7.50482235e-02 
 8.25111333e+02  3.04886703e+00  8.25111333e+02 -7.67136101e-02 
 8.34666955e+02  3.04886672e+00  8.34666955e+02 -7.83891676e-02 
 8.44333240e+02  3.04886640e+00  8.44333240e+02 -8.00751181e-02 
 8.54111471e+02  3.04886607e+00  8.54111471e+02 -8.17716850e-02 
 8.64002944e+02  3.04886573e+00  8.64002944e+02 -8.34790935e-02 
 8.74008970e+02  3.04886539e+00  8.74008970e+02 -8.51975697e-02 
 8.84130875e+02  3.04886503e+00  8.84130875e+02 -8.69273416e-02 
 8.94370003e+02  3.04886466e+00  8.94370003e+02 -8.86686384e-02 
 9.04727710e+02  3.04886429e+00  9.04727710e+02 -9.04216912e-02 
 9.15205369e+02  3.04886390e+00  9.15205369e+02 -9.21867321e-02 
 9.25804371e+02  3.04886350e+00  9.25804371e+02 -9.39639954e-02 
 9.36526119e+02  3.04886310e+00  9.36526119e+02 -9.57537165e-02 
 9.47372037e+02  3.04886268e+00  9.47372037e+02 -9.75561328e-02 
 9.58343561e+02  3.04886225e+00  9.58343561e+02 -9.93714833e-02 
 9.69442146e+02  3.04886181e+00  9.69442146e+02 -1.01200009e-01 
 9.80669264e+02  3.04886136e+00  9.80669264e+02 -1.03041951e-01 
 9.92026404e+02  3.04886089e+00  9.92026404e+02 -1.04897555e-01 
 1.00351507e+03  3.04886042e+00  1.00351507e+03 -1.06767066e-01 
 1.01513679e+03  3.04885993e+00  1.01513679e+03 -1.08650733e-01 
 1.02689310e+03  3.04885943e+00  1.02689310e+03 -1.10548805e-01 
 1.03878555e+03  3.04885892e+00  1.03878555e+03 -1.12461533e-01 
 1.05081574e+03  3.04885839e+00  1.05081574e+03 -1.14389172e-01 
 1.06298524e+03  3.04885785e+00  1.06298524e+03 -1.16331977e-01 
 1.07529569e+03  3.04885730e+00  1.07529569e+03 -1.18290205e-01 
 1.08774869e+03  3.04885673e+00  1.08774869e+03 -1.20264116e-01 
 1.10034592e+03  3.04885615e+00  1.10034592e+03 -1.22253971e-01 
 1.11308904e+03  3.04885555e+00  1.11308904e+03 -1.24260036e-01 
 1.12597973e+03  3.04885494e+00  1.12597973e+03 -1.26282574e-01 
 1.13901971e+03  3.04885432e+00  1.13901971e+03 -1.28321856e-01 
 1.15221071e+03  3.04885368e+00  1.15221071e+03 -1.30378150e-01 
 1.16555447e+03  3.04885302e+00  1.16555447e+03 -1.32451730e-01 
 1.17905277e+03  3.04885235e+00  1.17905277e+03 -1.34542871e-01 
 1.19270739e+03  3.04885166e+00  1.19270739e+03 -1.36651849e-01 
 1.20652015e+03  3.04885095e+00  1.20652015e+03 -1.38778944e-01 
 1.22049287e+03  3.04885023e+00  1.22049287e+03 -1.40924439e-01 
 1.23462740e+03  3.04884949e+00  1.23462740e+03 -1.43088618e-01 
 1.24892564e+03  3.04884873e+00  1.24892564e+03 -1.45271767e-01 
 1.26338945e+03  3.04884795e+00  1.26338945e+03 -1.47474177e-01 
 1.27802078e+03  3.04884716e+00  1.27802078e+03 -1.49696139e-01 
 1.29282155e+03  3.04884634e+00  1.29282155e+03 -1.51937947e-01 
 1.30779373e+03  3.04884551e+00  1.30779373e+03 -1.54199899e-01 
 1.32293930e+03  3.04884465e+00  1.32293930e+03 -1.56482295e-01 
 1.33826027e+03  3.04884378e+00  1.33826027e+03 -1.58785437e-01 
 1.35375867e+03  3.04884288e+00  1.35375867e+03 -1.61109631e-01 
 1.36943656e+03  3.04884196e+00  1.36943656e+03 -1.63455185e-01 
 1.38529602e+03  3.04884102e+00  1.38529602e+03 -1.65822410e-01 
 1.40133915e+03  3.04884006e+00  1.40133915e+03 -1.68211619e-01 
 1.41756807e+03  3.04883907e+00  1.41756807e+03 -1.70623129e-01 
 1.43398494e+03  3.04883806e+00  1.43398494e+03 -1.73057261e-01 
 1.45059193e+03  3.04883703e+00  1.45059193e+03 -1.75514336e-01 
 1.46739125e+03  3.04883597e+00  1.46739125e+03 -1.77994681e-01 
 1.48438512e+03  3.04883489e+00  1.48438512e+03 -1.80498624e-01 
 1.50157580e+03  3.04883378e+00  1.50157580e+03 -1.83026497e-01 
 1.51896556e+03  3.04883265e+00  1.51896556e+03 -1.85578636e-01 
 1.53655671e+03  3.04883148e+00  1.53655671e+03 -1.88155378e-01 
 1.55435159e+03  3.04883030e+00  1.55435159e+03 -1.90757065e-01 
 1.57235255e+03  3.04882908e+00  1.57235255e+03 -1.93384043e-01 
 1.59056198e+03  3.04882783e+00  1.59056198e+03 -1.96036659e-01 
 1.60898229e+03  3.04882656e+00  1.60898229e+03 -1.98715265e-01 
 1.62761593e+03  3.04882525e+00  1.62761593e+03 -2.01420217e-01 
 1.64646536e+03  3.04882391e+00  1.64646536e+03 -2.04151872e-01 
 1.66553309e+03  3.04882254e+00  1.66553309e+03 -2.06910593e-01 
 1.68482165e+03  3.04882114e+00  1.68482165e+03 -2.09696746e-01 
 1.70433358e+03  3.04881971e+00  1.70433358e+03 -2.12510699e-01 
 1.72407148e+03  3.04881824e+00  1.72407148e+03 -2.15352827e-01 
 1.74403797e+03  3.04881674e+00  1.74403797e+03 -2.18223505e-01 
 1.76423569e+03  3.04881520e+00  1.76423569e+03 -2.21123115e-01 
 1.78466732e+03  3.04881363e+00  1.78466732e+03 -2.24052040e-01 
 1.80533557e+03  3.04881202e+00  1.80533557e+03 -2.27010669e-01 
 1.82624317e+03  3.04881037e+00  1.82624317e+03 -2.29999395e-01 
 1.84739291e+03  3.04880868e+00  1.84739291e+03 -2.33018612e-01 
 1.86878759e+03  3.04880695e+00  1.86878759e+03 -2.36068723e-01 
 1.89043003e+03  3.04880518e+00  1.89043003e+03 -2.39150130e-01 
 1.91232312e+03  3.04880338e+00  1.91232312e+03 -2.42263242e-01 
 1.93446975e+03  3.04880152e+00  1.93446975e+03 -2.45408473e-01 
 1.95687286e+03  3.04879963e+00  1.95687286e+03 -2.48586238e-01 
 1.97953542e+03  3.04879769e+00  1.97953542e+03 -2.51796960e-01 
 2.00246044e+03  3.04879570e+00  2.00246044e+03 -2.55041064e-01 
 2.02565095e+03  3.04879367e+00  2.02565095e+03 -2.58318979e-01 
 2.04911003e+03  3.04879159e+00  2.04911003e+03 -2.61631141e-01 
 2.07284080e+03  3.04878947e+00  2.07284080e+03 -2.64977988e-01 
 2.09684638e+03  3.04878729e+00  2.09684638e+03 -2.68359964e-01 
 2.12112998e+03  3.04878506e+00  2.12112998e+03 -2.71777518e-01 
 2.14569480e+03  3.04878278e+00  2.14569480e+03 -2.75231102e-01 
 2.17054412e+03  3.04878044e+00  2.17054412e+03 -2.78721174e-01 
 2.19568121e+03  3.04877806e+00  2.19568121e+03 -2.82248197e-01 
 2.22110941e+03  3.04877561e+00  2.22110941e+03 -2.85812638e-01 
 2.24683210e+03  3.04877311e+00  2.24683210e+03 -2.89414970e-01 
 2.27285268e+03  3.04877055e+00  2.27285268e+03 -2.93055670e-01 
 2.29917461e+03  3.04876793e+00  2.29917461e+03 -2.96735220e-01 
 2.32580137e+03  3.04876525e+00  2.32580137e+03 -3.00454110e-01 
 2.35273649e+03  3.04876250e+00  2.35273649e+03 -3.04212830e-01 
 2.37998356e+03  3.04875969e+00  2.37998356e+03 -3.08011881e-01 
 2.40754617e+03  3.04875682e+00  2.40754617e+03 -3.11851764e-01 
 2.43542798e+03  3.04875388e+00  2.43542798e+03 -3.15732990e-01 
 2.46363269e+03  3.04875087e+00  2.46363269e+03 -3.19656072e-01 
 2.49216405e+03  3.04874779e+00  2.49216405e+03 -3.23621531e-01 
 2.52102582e+03  3.04874464e+00  2.52102582e+03 -3.27629891e-01 
 2.55022184e+03  3.04874141e+00  2.55022184e+03 -3.31681686e-01 
 2.57975598e+03  3.04873811e+00  2.57975598e+03 -3.35777450e-01 
 2.60963216e+03  3.04873473e+00  2.60963216e+03 -3.39917728e-01 
 2.63985434e+03  3.04873128e+00  2.63985434e+03 -3.44103068e-01 
 2.67042651e+03  3.04872774e+00  2.67042651e+03 -3.48334025e-01 
 2.70135274e+03  3.04872412e+00  2.70135274e+03 -3.52611159e-01 
 2.73263713e+03  3.04872041e+00  2.73263713e+03 -3.56935037e-01 
 2.76428383e+03  3.04871662e+00  2.76428383e+03 -3.61306233e-01 
 2.79629703e+03  3.04871274e+00  2.79629703e+03 -3.65725326e-01 
 2.82868097e+03  3.04870877e+00  2.82868097e+03 -3.70192901e-01 
 2.86143995e+03  3.04870471e+00  2.86143995e+03 -3.74709550e-01 
 2.89457831e+03  3.04870055e+00  2.89457831e+03 -3.79275872e-01 
 2.92810044e+03  3.04869630e+00  2.92810044e+03 -3.83892473e-01 
 2.96201080e+03  3.04869195e+00  2.96201080e+03 -3.88559963e-01 
 2.99631387e+03  3.04868749e+00  2.99631387e+03 -3.93278962e-01 
 3.03101421e+03  3.04868293e+00  3.03101421e+03 -3.98050095e-01 
 3.06611641e+03  3.04867827e+00  3.06611641e+03 -4.02873995e-01 
 3.10162514e+03  3.04867349e+00  3.10162514e+03 -4.07751299e-01 
 3.13754508e+03  3.04866861e+00  3.13754508e+03 -4.12682656e-01 
 3.17388102e+03  3.04866361e+00  3.17388102e+03 -4.17668717e-01 
 3.21063777e+03  3.04865849e+00  3.21063777e+03 -4.22710145e-01 
 3.24782019e+03  3.04865326e+00  3.24782019e+03 -4.27807606e-01 
 3.28543323e+03  3.04864790e+00  3.28543323e+03 -4.32961777e-01 
 3.32348186e+03  3.04864242e+00  3.32348186e+03 -4.38173341e-01 
 3.36197113e+03  3.04863681e+00  3.36197113e+03 -4.43442988e-01 
 3.40090615e+03  3.04863107e+00  3.40090615e+03 -4.48771415e-01 
 3.44029207e+03  3.04862519e+00  3.44029207e+03 -4.54159331e-01 
 3.48013412e+03  3.04861918e+00  3.48013412e+03 -4.59607447e-01 
 3.52043759e+03  3.04861303e+00  3.52043759e+03 -4.65116487e-01 
 3.56120781e+03  3.04860673e+00  3.56120781e+03 -4.70687179e-01 
 3.60245019e+03  3.04860029e+00  3.60245019e+03 -4.76320263e-01 
 3.64417019e+03  3.04859370e+00  3.64417019e+03 -4.82016484e-01 
 3.68637336e+03  3.04858695e+00  3.68637336e+03 -4.87776597e-01 
 3.72906528e+03  3.04858005e+00  3.72906528e+03 -4.93601366e-01 
 3.77225162e+03  3.04857299e+00  3.77225162e+03 -4.99491561e-01 
 3.81593810e+03  3.04856576e+00  3.81593810e+03 -5.05447964e-01 
 3.86013052e+03  3.04855836e+00  3.86013052e+03 -5.11471364e-01 
 3.90483472e+03  3.04855079e+00  3.90483472e+03 -5.17562557e-01 
 3.95005665e+03  3.04854305e+00  3.95005665e+03 -5.23722353e-01 
 3.99580229e+03  3.04853512e+00  3.99580229e+03 -5.29951565e-01 
 4.04207771e+03  3.04852701e+00  4.04207771e+03 -5.36251021e-01 
 4.08888905e+03  3.04851871e+00  4.08888905e+03 -5.42621553e-01 
 4.13624251e+03  3.04851022e+00  4.13624251e+03 -5.49064007e-01 
 4.18414437e+03  3.04850153e+00  4.18414437e+03 -5.55579234e-01 
 4.23260098e+03  3.04849263e+00  4.23260098e+03 -5.62168100e-01 
 4.28161877e+03  3.04848353e+00  4.28161877e+03 -5.68831475e-01 
 4.33120424e+03  3.04847422e+00  4.33120424e+03 -5.75570243e-01 
 4.38136395e+03  3.04846469e+00  4.38136395e+03 -5.82385296e-01 
 4.43210457e+03  3.04845494e+00  4.43210457e+03 -5.89277537e-01 
 4.48343281e+03  3.04844496e+00  4.48343281e+03 -5.96247879e-01 
 4.53535548e+03  3.04843475e+00  4.53535548e+03 -6.03297245e-01 
 4.58787948e+03  3.04842430e+00  4.58787948e+03 -6.10426569e-01 
 4.64101175e+03  3.04841361e+00  4.64101175e+03 -6.17636794e-01 
 4.69475935e+03  3.04840267e+00  4.69475935e+03 -6.24928876e-01 
 4.74912940e+03  3.04839147e+00  4.74912940e+03 -6.32303780e-01 
 4.80412911e+03  3.04838001e+00  4.80412911e+03 -6.39762483e-01 
 4.85976577e+03  3.04836829e+00  4.85976577e+03 -6.47305973e-01 
 4.91604676e+03  3.04835629e+00  4.91604676e+03 -6.54935248e-01 
 4.97297954e+03  3.04834401e+00  4.97297954e+03 -6.62651319e-01 
 5.03057166e+03  3.04833145e+00  5.03057166e+03 -6.70455207e-01 
 5.08883076e+03  3.04831859e+00  5.08883076e+03 -6.78347946e-01 
 5.14776455e+03  3.04830544e+00  5.14776455e+03 -6.86330580e-01 
 5.20738086e+03  3.04829198e+00  5.20738086e+03 -6.94404167e-01 
 5.26768758e+03  3.04827820e+00  5.26768758e+03 -7.02569775e-01 
 5.32869272e+03  3.04826411e+00  5.32869272e+03 -7.10828486e-01 
 5.39040436e+03  3.04824968e+00  5.39040436e+03 -7.19181393e-01 
 5.45283068e+03  3.04823492e+00  5.45283068e+03 -7.27629601e-01 
 5.51597996e+03  3.04821982e+00  5.51597996e+03 -7.36174229e-01 
 5.57986057e+03  3.04820436e+00  5.57986057e+03 -7.44816407e-01 
 5.64448099e+03  3.04818855e+00  5.64448099e+03 -7.53557281e-01 
 5.70984977e+03  3.04817236e+00  5.70984977e+03 -7.62398006e-01 
 5.77597559e+03  3.04815580e+00  5.77597559e+03 -7.71339753e-01 
 5.84286722e+03  3.04813886e+00  5.84286722e+03 -7.80383705e-01 
 5.91053351e+03  3.04812151e+00  5.91053351e+03 -7.89531059e-01 
 5.97898345e+03  3.04810377e+00  5.97898345e+03 -7.98783026e-01 
 6.04822611e+03  3.04808561e+00  6.04822611e+03 -8.08140830e-01 
 6.11827067e+03  3.04806703e+00  6.11827067e+03 -8.17605709e-01 
 6.18912642e+03  3.04804801e+00  6.18912642e+03 -8.27178915e-01 
 6.26080275e+03  3.04802856e+00  6.26080275e+03 -8.36861716e-01 
 6.33330916e+03  3.04800865e+00  6.33330916e+03 -8.46655392e-01 
 6.40665527e+03  3.04798827e+00  6.40665527e+03 -8.56561240e-01 
 6.48085080e+03  3.04796742e+00  6.48085080e+03 -8.66580568e-01 
 6.55590559e+03  3.04794609e+00  6.55590559e+03 -8.76714704e-01 
 6.63182959e+03  3.04792426e+00  6.63182959e+03 -8.86964987e-01 
 6.70863287e+03  3.04790192e+00  6.70863287e+03 -8.97332773e-01 
 6.78632561e+03  3.04787906e+00  6.78632561e+03 -9.07819434e-01 
 6.86491811e+03  3.04785567e+00  6.86491811e+03 -9.18426357e-01 
 6.94442078e+03  3.04783173e+00  6.94442078e+03 -9.29154943e-01 
 7.02484418e+03  3.04780724e+00  7.02484418e+03 -9.40006613e-01 
 7.10619897e+03  3.04778217e+00  7.10619897e+03 -9.50982801e-01 
 7.18849592e+03  3.04775653e+00  7.18849592e+03 -9.62084958e-01 
 7.27174595e+03  3.04773028e+00  7.27174595e+03 -9.73314552e-01 
 7.35596011e+03  3.04770342e+00  7.35596011e+03 -9.84673069e-01 
 7.44114955e+03  3.04767594e+00  7.44114955e+03 -9.96162008e-01 
 7.52732557e+03  3.04764782e+00  7.52732557e+03 -1.00778289e+00 
 7.61449959e+03  3.04761905e+00  7.61449959e+03 -1.01953725e+00 
 7.70268318e+03  3.04758960e+00  7.70268318e+03 -1.03142664e+00 
 7.79188802e+03  3.04755947e+00  7.79188802e+03 -1.04345264e+00 
 7.88212595e+03  3.04752863e+00  7.88212595e+03 -1.05561682e+00 
 7.97340892e+03  3.04749708e+00  7.97340892e+03 -1.06792081e+00 
 8.06574904e+03  3.04746480e+00  8.06574904e+03 -1.08036623e+00 
 8.15915855e+03  3.04743176e+00  8.15915855e+03 -1.09295471e+00 
 8.25364983e+03  3.04739795e+00  8.25364983e+03 -1.10568792e+00 
 8.34923543e+03  3.04736336e+00  8.34923543e+03 -1.11856755e+00 
 8.44592800e+03  3.04732796e+00  8.44592800e+03 -1.13159530e+00 
 8.54374036e+03  3.04729173e+00  8.54374036e+03 -1.14477289e+00 
 8.64268550e+03  3.04725467e+00  8.64268550e+03 -1.15810205e+00 
 8.74277651e+03  3.04721674e+00  8.74277651e+03 -1.17158455e+00 
 8.84402669e+03  3.04717793e+00  8.84402669e+03 -1.18522216e+00 
 8.94644944e+03  3.04713821e+00  8.94644944e+03 -1.19901670e+00 
 9.05005835e+03  3.04709757e+00  9.05005835e+03 -1.21296997e+00 
 9.15486716e+03  3.04705598e+00  9.15486716e+03 -1.22708383e+00 
 9.26088975e+03  3.04701343e+00  9.26088975e+03 -1.24136013e+00 
 9.36814020e+03  3.04696988e+00  9.36814020e+03 -1.25580075e+00 
 9.47663271e+03  3.04692532e+00  9.47663271e+03 -1.27040761e+00 
 9.58638168e+03  3.04687973e+00  9.58638168e+03 -1.28518264e+00 
 9.69740165e+03  3.04683307e+00  9.69740165e+03 -1.30012777e+00 
 9.80970735e+03  3.04678532e+00  9.80970735e+03 -1.31524498e+00 
 9.92331366e+03  3.04673647e+00  9.92331366e+03 -1.33053627e+00 
 1.00382356e+04  3.04668648e+00  1.00382356e+04 -1.34600365e+00 
 1.01544885e+04  3.04663532e+00  1.01544885e+04 -1.36164917e+00 
 1.02720878e+04  3.04658298e+00  1.02720878e+04 -1.37747488e+00 
 1.03910489e+04  3.04652941e+00  1.03910489e+04 -1.39348287e+00 
 1.05113877e+04  3.04647460e+00  1.05113877e+04 -1.40967525e+00 
 1.06331202e+04  3.04641852e+00  1.06331202e+04 -1.42605416e+00 
 1.07562625e+04  3.04636112e+00  1.07562625e+04 -1.44262175e+00 
 1.08808308e+04  3.04630240e+00  1.08808308e+04 -1.45938021e+00 
 1.10068418e+04  3.04624230e+00  1.10068418e+04 -1.47633174e+00 
 1.11343122e+04  3.04618081e+00  1.11343122e+04 -1.49347858e+00 
 1.12632587e+04  3.04611789e+00  1.12632587e+04 -1.51082298e+00 
 1.13936986e+04  3.04605350e+00  1.13936986e+04 -1.52836724e+00 
 1.15256492e+04  3.04598762e+00  1.15256492e+04 -1.54611366e+00 
 1.16591278e+04  3.04592020e+00  1.16591278e+04 -1.56406457e+00 
 1.17941523e+04  3.04585121e+00  1.17941523e+04 -1.58222234e+00 
 1.19307404e+04  3.04578062e+00  1.19307404e+04 -1.60058935e+00 
 1.20689105e+04  3.04570839e+00  1.20689105e+04 -1.61916804e+00 
 1.22086806e+04  3.04563447e+00  1.22086806e+04 -1.63796083e+00 
 1.23500695e+04  3.04555884e+00  1.23500695e+04 -1.65697020e+00 
 1.24930957e+04  3.04548144e+00  1.24930957e+04 -1.67619865e+00 
 1.26377784e+04  3.04540225e+00  1.26377784e+04 -1.69564871e+00 
 1.27841366e+04  3.04532121e+00  1.27841366e+04 -1.71532293e+00 
 1.29321898e+04  3.04523829e+00  1.29321898e+04 -1.73522390e+00 
 1.30819576e+04  3.04515344e+00  1.30819576e+04 -1.75535424e+00 
 1.32334599e+04  3.04506662e+00  1.32334599e+04 -1.77571659e+00 
 1.33867167e+04  3.04497778e+00  1.33867167e+04 -1.79631362e+00 
 1.35417484e+04  3.04488687e+00  1.35417484e+04 -1.81714804e+00 
 1.36985755e+04  3.04479385e+00  1.36985755e+04 -1.83822258e+00 
 1.38572188e+04  3.04469866e+00  1.38572188e+04 -1.85954002e+00 
 1.40176994e+04  3.04460126e+00  1.40176994e+04 -1.88110314e+00 
 1.41800385e+04  3.04450160e+00  1.41800385e+04 -1.90291478e+00 
 1.43442576e+04  3.04439962e+00  1.43442576e+04 -1.92497779e+00 
 1.45103786e+04  3.04429527e+00  1.45103786e+04 -1.94729507e+00 
 1.46784234e+04  3.04418849e+00  1.46784234e+04 -1.96986955e+00 
 1.48484144e+04  3.04407923e+00  1.48484144e+04 -1.99270418e+00 
 1.50203740e+04  3.04396743e+00  1.50203740e+04 -2.01580196e+00 
 1.51943251e+04  3.04385303e+00  1.51943251e+04 -2.03916590e+00 
 1.53702907e+04  3.04373597e+00  1.53702907e+04 -2.06279908e+00 
 1.55482942e+04  3.04361619e+00  1.55482942e+04 -2.08670458e+00 
 1.57283591e+04  3.04349362e+00  1.57283591e+04 -2.11088553e+00 
 1.59105094e+04  3.04336821e+00  1.59105094e+04 -2.13534510e+00 
 1.60947691e+04  3.04323988e+00  1.60947691e+04 -2.16008648e+00 
 1.62811628e+04  3.04310857e+00  1.62811628e+04 -2.18511291e+00 
 1.64697151e+04  3.04297421e+00  1.64697151e+04 -2.21042766e+00 
 1.66604510e+04  3.04283673e+00  1.66604510e+04 -2.23603404e+00 
 1.68533958e+04  3.04269605e+00  1.68533958e+04 -2.26193539e+00 
 1.70485751e+04  3.04255210e+00  1.70485751e+04 -2.28813509e+00 
 1.72460148e+04  3.04240481e+00  1.72460148e+04 -2.31463657e+00 
 1.74457411e+04  3.04225410e+00  1.74457411e+04 -2.34144328e+00 
 1.76477804e+04  3.04209989e+00  1.76477804e+04 -2.36855872e+00 
 1.78521595e+04  3.04194209e+00  1.78521595e+04 -2.39598642e+00 
 1.80589055e+04  3.04178063e+00  1.80589055e+04 -2.42372996e+00 
 1.82680458e+04  3.04161542e+00  1.82680458e+04 -2.45179295e+00 
 1.84796082e+04  3.04144637e+00  1.84796082e+04 -2.48017905e+00 
 1.86936208e+04  3.04127340e+00  1.86936208e+04 -2.50889194e+00 
 1.89101117e+04  3.04109641e+00  1.89101117e+04 -2.53793537e+00 
 1.91291099e+04  3.04091532e+00  1.91291099e+04 -2.56731312e+00 
 1.93506443e+04  3.04073002e+00  1.93506443e+04 -2.59702900e+00 
 1.95747443e+04  3.04054041e+00  1.95747443e+04 -2.62708687e+00 
 1.98014396e+04  3.04034641e+00  1.98014396e+04 -2.65749063e+00 
 2.00307602e+04  3.04014790e+00  2.00307602e+04 -2.68824424e+00 
 2.02627366e+04  3.03994479e+00  2.02627366e+04 -2.71935169e+00 
 2.04973996e+04  3.03973696e+00  2.04973996e+04 -2.75081700e+00 
 2.07347801e+04  3.03952431e+00  2.07347801e+04 -2.78264425e+00 
 2.09749098e+04  3.03930673e+00  2.09749098e+04 -2.81483758e+00 
 2.12178204e+04  3.03908409e+00  2.12178204e+04 -2.84740113e+00 
 2.14635442e+04  3.03885630e+00  2.14635442e+04 -2.88033914e+00 
 2.17121137e+04  3.03862322e+00  2.17121137e+04 -2.91365586e+00 
 2.19635619e+04  3.03838473e+00  2.19635619e+04 -2.94735559e+00 
 2.22179221e+04  3.03814072e+00  2.22179221e+04 -2.98144269e+00 
 2.24752280e+04  3.03789104e+00  2.24752280e+04 -3.01592156e+00 
 2.27355138e+04  3.03763558e+00  2.27355138e+04 -3.05079665e+00 
 2.29988140e+04  3.03737420e+00  2.29988140e+04 -3.08607245e+00 
 2.32651635e+04  3.03710675e+00  2.32651635e+04 -3.12175350e+00 
 2.35345976e+04  3.03683311e+00  2.35345976e+04 -3.15784441e+00 
 2.38071520e+04  3.03655313e+00  2.38071520e+04 -3.19434982e+00 
 2.40828628e+04  3.03626666e+00  2.40828628e+04 -3.23127441e+00 
 2.43617666e+04  3.03597355e+00  2.43617666e+04 -3.26862294e+00 
 2.46439005e+04  3.03567365e+00  2.46439005e+04 -3.30640020e+00 
 2.49293017e+04  3.03536680e+00  2.49293017e+04 -3.34461103e+00 
 2.52180082e+04  3.03505285e+00  2.52180082e+04 -3.38326034e+00 
 2.55100581e+04  3.03473163e+00  2.55100581e+04 -3.42235307e+00 
 2.58054904e+04  3.03440297e+00  2.58054904e+04 -3.46189424e+00 
 2.61043440e+04  3.03406670e+00  2.61043440e+04 -3.50188888e+00 
 2.64066586e+04  3.03372265e+00  2.64066586e+04 -3.54234213e+00 
 2.67124744e+04  3.03337064e+00  2.67124744e+04 -3.58325913e+00 
 2.70218318e+04  3.03301048e+00  2.70218318e+04 -3.62464512e+00 
 2.73347718e+04  3.03264199e+00  2.73347718e+04 -3.66650535e+00 
 2.76513361e+04  3.03226498e+00  2.76513361e+04 -3.70884518e+00 
 2.79715664e+04  3.03187924e+00  2.79715664e+04 -3.75166997e+00 
 2.82955054e+04  3.03148459e+00  2.82955054e+04 -3.79498517e+00 
 2.86231959e+04  3.03108081e+00  2.86231959e+04 -3.83879628e+00 
 2.89546814e+04  3.03066769e+00  2.89546814e+04 -3.88310885e+00 
 2.92900058e+04  3.03024503e+00  2.92900058e+04 -3.92792851e+00 
 2.96292136e+04  3.02981260e+00  2.96292136e+04 -3.97326092e+00 
 2.99723498e+04  3.02937019e+00  2.99723498e+04 -4.01911181e+00 
 3.03194599e+04  3.02891755e+00  3.03194599e+04 -4.06548697e+00 
 3.06705898e+04  3.02845446e+00  3.06705898e+04 -4.11239225e+00 
 3.10257862e+04  3.02798067e+00  3.10257862e+04 -4.15983357e+00 
 3.13850961e+04  3.02749595e+00  3.13850961e+04 -4.20781688e+00 
 3.17485672e+04  3.02700004e+00  3.17485672e+04 -4.25634822e+00 
 3.21162476e+04  3.02649269e+00  3.21162476e+04 -4.30543369e+00 
 3.24881861e+04  3.02597363e+00  3.24881861e+04 -4.35507943e+00 
 3.28644321e+04  3.02544260e+00  3.28644321e+04 -4.40529166e+00 
 3.32450354e+04  3.02489933e+00  3.32450354e+04 -4.45607665e+00 
 3.36300464e+04  3.02434353e+00  3.36300464e+04 -4.50744075e+00 
 3.40195163e+04  3.02377492e+00  3.40195163e+04 -4.55939037e+00 
 3.44134966e+04  3.02319320e+00  3.44134966e+04 -4.61193196e+00 
 3.48120396e+04  3.02259809e+00  3.48120396e+04 -4.66507206e+00 
 3.52151982e+04  3.02198927e+00  3.52151982e+04 -4.71881726e+00 
 3.56230257e+04  3.02136644e+00  3.56230257e+04 -4.77317423e+00 
 3.60355763e+04  3.02072926e+00  3.60355763e+04 -4.82814969e+00 
 3.64529046e+04  3.02007742e+00  3.64529046e+04 -4.88375044e+00 
 3.68750660e+04  3.01941059e+00  3.68750660e+04 -4.93998332e+00 
 3.73021165e+04  3.01872842e+00  3.73021165e+04 -4.99685526e+00 
 3.77341126e+04  3.01803057e+00  3.77341126e+04 -5.05437324e+00 
 3.81711117e+04  3.01731668e+00  3.81711117e+04 -5.11254434e+00 
 3.86131717e+04  3.01658638e+00  3.86131717e+04 -5.17137566e+00 
 3.90603512e+04  3.01583931e+00  3.90603512e+04 -5.23087440e+00 
 3.95127095e+04  3.01507508e+00  3.95127095e+04 -5.29104782e+00 
 3.99703065e+04  3.01429331e+00  3.99703065e+04 -5.35190324e+00 
 4.04332030e+04  3.01349360e+00  4.04332030e+04 -5.41344806e+00 
 4.09014603e+04  3.01267554e+00  4.09014603e+04 -5.47568973e+00 
 4.13751404e+04  3.01183873e+00  4.13751404e+04 -5.53863579e+00 
 4.18543063e+04  3.01098274e+00  4.18543063e+04 -5.60229384e+00 
 4.23390214e+04  3.01010712e+00  4.23390214e+04 -5.66667155e+00 
 4.28293500e+04  3.00921146e+00  4.28293500e+04 -5.73177665e+00 
 4.33253571e+04  3.00829528e+00  4.33253571e+04 -5.79761695e+00 
 4.38271084e+04  3.00735814e+00  4.38271084e+04 -5.86420033e+00 
 4.43346705e+04  3.00639956e+00  4.43346705e+04 -5.93153472e+00 
 4.48481108e+04  3.00541906e+00  4.48481108e+04 -5.99962816e+00 
 4.53674971e+04  3.00441614e+00  4.53674971e+04 -6.06848872e+00 
 4.58928985e+04  3.00339031e+00  4.58928985e+04 -6.13812455e+00 
 4.64243846e+04  3.00234105e+00  4.64243846e+04 -6.20854388e+00 
 4.69620258e+04  3.00126784e+00  4.69620258e+04 -6.27975500e+00 
 4.75058934e+04  3.00017014e+00  4.75058934e+04 -6.35176628e+00 
 4.80560596e+04  2.99904741e+00  4.80560596e+04 -6.42458615e+00 
 4.86125973e+04  2.99789909e+00  4.86125973e+04 -6.49822312e+00 
 4.91755802e+04  2.99672461e+00  4.91755802e+04 -6.57268575e+00 
 4.97450830e+04  2.99552338e+00  4.97450830e+04 -6.64798268e+00 
 5.03211813e+04  2.99429481e+00  5.03211813e+04 -6.72412263e+00 
 5.09039513e+04  2.99303829e+00  5.09039513e+04 -6.80111437e+00 
 5.14934704e+04  2.99175321e+00  5.14934704e+04 -6.87896675e+00 
 5.20898168e+04  2.99043894e+00  5.20898168e+04 -6.95768869e+00 
 5.26930694e+04  2.98909481e+00  5.26930694e+04 -7.03728918e+00 
 5.33033083e+04  2.98772018e+00  5.33033083e+04 -7.11777726e+00 
 5.39206144e+04  2.98631438e+00  5.39206144e+04 -7.19916205e+00 
 5.45450695e+04  2.98487671e+00  5.45450695e+04 -7.28145275e+00 
 5.51767564e+04  2.98340647e+00  5.51767564e+04 -7.36465859e+00 
 5.58157589e+04  2.98190295e+00  5.58157589e+04 -7.44878891e+00 
 5.64621617e+04  2.98036542e+00  5.64621617e+04 -7.53385309e+00 
 5.71160505e+04  2.97879312e+00  5.71160505e+04 -7.61986056e+00 
 5.77775120e+04  2.97718531e+00  5.77775120e+04 -7.70682086e+00 
 5.84466339e+04  2.97554120e+00  5.84466339e+04 -7.79474355e+00 
 5.91235049e+04  2.97386000e+00  5.91235049e+04 -7.88363827e+00 
 5.98082147e+04  2.97214090e+00  5.98082147e+04 -7.97351473e+00 
 6.05008542e+04  2.97038308e+00  6.05008542e+04 -8.06438269e+00 
 6.12015151e+04  2.96858569e+00  6.12015151e+04 -8.15625196e+00 
 6.19102904e+04  2.96674788e+00  6.19102904e+04 -8.24913244e+00 
 6.26272740e+04  2.96486877e+00  6.26272740e+04 -8.34303407e+00 
 6.33525610e+04  2.96294747e+00  6.33525610e+04 -8.43796683e+00 
 6.40862476e+04  2.96098307e+00  6.40862476e+04 -8.53394079e+00 
 6.48284310e+04  2.95897464e+00  6.48284310e+04 -8.63096605e+00 
 6.55792097e+04  2.95692124e+00  6.55792097e+04 -8.72905278e+00 
 6.63386831e+04  2.95482189e+00  6.63386831e+04 -8.82821119e+00 
 6.71069519e+04  2.95267561e+00  6.71069519e+04 -8.92845155e+00 
 6.78841182e+04  2.95048141e+00  6.78841182e+04 -9.02978417e+00 
 6.86702847e+04  2.94823825e+00  6.86702847e+04 -9.13221942e+00 
 6.94655559e+04  2.94594511e+00  6.94655559e+04 -9.23576771e+00 
 7.02700371e+04  2.94360090e+00  7.02700371e+04 -9.34043949e+00 
 7.10838351e+04  2.94120456e+00  7.10838351e+04 -9.44624526e+00 
 7.19070576e+04  2.93875498e+00  7.19070576e+04 -9.55319556e+00 
 7.27398139e+04  2.93625103e+00  7.27398139e+04 -9.66130097e+00 
 7.35822143e+04  2.93369158e+00  7.35822143e+04 -9.77057211e+00 
 7.44343706e+04  2.93107545e+00  7.44343706e+04 -9.88101963e+00 
 7.52963957e+04  2.92840147e+00  7.52963957e+04 -9.99265420e+00 
 7.61684039e+04  2.92566841e+00  7.61684039e+04 -1.01054866e+01 
 7.70505109e+04  2.92287506e+00  7.70505109e+04 -1.02195274e+01 
 7.79428335e+04  2.92002015e+00  7.79428335e+04 -1.03347876e+01 
 7.88454902e+04  2.91710241e+00  7.88454902e+04 -1.04512779e+01 
 7.97586005e+04  2.91412055e+00  7.97586005e+04 -1.05690090e+01 
 8.06822855e+04  2.91107323e+00  8.06822855e+04 -1.06879919e+01 
 8.16166678e+04  2.90795913e+00  8.16166678e+04 -1.08082374e+01 
 8.25618712e+04  2.90477686e+00  8.25618712e+04 -1.09297563e+01 
 8.35180209e+04  2.90152503e+00  8.35180209e+04 -1.10525596e+01 
 8.44852439e+04  2.89820224e+00  8.44852439e+04 -1.11766580e+01 
 8.54636682e+04  2.89480704e+00  8.54636682e+04 -1.13020625e+01 
 8.64534237e+04  2.89133796e+00  8.64534237e+04 -1.14287840e+01 
 8.74546416e+04  2.88779352e+00  8.74546416e+04 -1.15568334e+01 
 8.84674546e+04  2.88417221e+00  8.84674546e+04 -1.16862214e+01 
 8.94919970e+04  2.88047247e+00  8.94919970e+04 -1.18169591e+01 
 9.05284046e+04  2.87669276e+00  9.05284046e+04 -1.19490571e+01 
 9.15768148e+04  2.87283149e+00  9.15768148e+04 -1.20825264e+01 
 9.26373667e+04  2.86888703e+00  9.26373667e+04 -1.22173778e+01 
 9.37102009e+04  2.86485775e+00  9.37102009e+04 -1.23536221e+01 
 9.47954596e+04  2.86074199e+00  9.47954596e+04 -1.24912699e+01 
 9.58932866e+04  2.85653805e+00  9.58932866e+04 -1.26303320e+01 
 9.70038276e+04  2.85224422e+00  9.70038276e+04 -1.27708192e+01 
 9.81272298e+04  2.84785875e+00  9.81272298e+04 -1.29127420e+01 
 9.92636421e+04  2.84337989e+00  9.92636421e+04 -1.30561110e+01 
 1.00413215e+05  2.83880583e+00  1.00413215e+05 -1.32009368e+01 
 1.01576102e+05  2.83413476e+00  1.01576102e+05 -1.33472298e+01 
 1.02752455e+05  2.82936483e+00  1.02752455e+05 -1.34950005e+01 
 1.03942432e+05  2.82449417e+00  1.03942432e+05 -1.36442592e+01 
 1.05146191e+05  2.81952089e+00  1.05146191e+05 -1.37950162e+01 
 1.06363890e+05  2.81444306e+00  1.06363890e+05 -1.39472816e+01 
 1.07595691e+05  2.80925874e+00  1.07595691e+05 -1.41010657e+01 
 1.08841757e+05  2.80396595e+00  1.08841757e+05 -1.42563784e+01 
 1.10102255e+05  2.79856270e+00  1.10102255e+05 -1.44132296e+01 
 1.11377350e+05  2.79304697e+00  1.11377350e+05 -1.45716293e+01 
 1.12667212e+05  2.78741670e+00  1.12667212e+05 -1.47315871e+01 
 1.13972012e+05  2.78166983e+00  1.13972012e+05 -1.48931126e+01 
 1.15291923e+05  2.77580426e+00  1.15291923e+05 -1.50562154e+01 
 1.16627120e+05  2.76981787e+00  1.16627120e+05 -1.52209048e+01 
 1.17977779e+05  2.76370852e+00  1.17977779e+05 -1.53871900e+01 
 1.19344081e+05  2.75747404e+00  1.19344081e+05 -1.55550803e+01 
 1.20726206e+05  2.75111224e+00  1.20726206e+05 -1.57245845e+01 
 1.22124337e+05  2.74462092e+00  1.22124337e+05 -1.58957114e+01 
 1.23538660e+05  2.73799784e+00  1.23538660e+05 -1.60684698e+01 
 1.24969363e+05  2.73124075e+00  1.24969363e+05 -1.62428681e+01 
 1.26416634e+05  2.72434737e+00  1.26416634e+05 -1.64189148e+01 
 1.27880666e+05  2.71731540e+00  1.27880666e+05 -1.65966178e+01 
 1.29361653e+05  2.71014255e+00  1.29361653e+05 -1.67759853e+01 
 1.30859792e+05  2.70282647e+00  1.30859792e+05 -1.69570251e+01 
 1.32375280e+05  2.69536481e+00  1.32375280e+05 -1.71397446e+01 
 1.33908319e+05  2.68775522e+00  1.33908319e+05 -1.73241514e+01 
 1.35459113e+05  2.67999530e+00  1.35459113e+05 -1.75102526e+01 
 1.37027866e+05  2.67208266e+00  1.37027866e+05 -1.76980553e+01 
 1.38614787e+05  2.66401489e+00  1.38614787e+05 -1.78875661e+01 
 1.40220086e+05  2.65578956e+00  1.40220086e+05 -1.80787917e+01 
 1.41843976e+05  2.64740424e+00  1.41843976e+05 -1.82717383e+01 
 1.43486672e+05  2.63885648e+00  1.43486672e+05 -1.84664119e+01 
 1.45148393e+05  2.63014382e+00  1.45148393e+05 -1.86628185e+01 
 1.46829358e+05  2.62126380e+00  1.46829358e+05 -1.88609636e+01 
 1.48529790e+05  2.61221394e+00  1.48529790e+05 -1.90608525e+01 
 1.50249915e+05  2.60299176e+00  1.50249915e+05 -1.92624902e+01 
 1.51989960e+05  2.59359479e+00  1.51989960e+05 -1.94658815e+01 
 1.53750157e+05  2.58402053e+00  1.53750157e+05 -1.96710310e+01 
 1.55530739e+05  2.57426650e+00  1.55530739e+05 -1.98779429e+01 
 1.57331942e+05  2.56433020e+00  1.57331942e+05 -2.00866210e+01 
 1.59154005e+05  2.55420916e+00  1.59154005e+05 -2.02970691e+01 
 1.60997169e+05  2.54390089e+00  1.60997169e+05 -2.05092906e+01 
 1.62861678e+05  2.53340292e+00  1.62861678e+05 -2.07232883e+01 
 1.64747781e+05  2.52271277e+00  1.64747781e+05 -2.09390652e+01 
 1.66655726e+05  2.51182798e+00  1.66655726e+05 -2.11566237e+01 
 1.68585768e+05  2.50074611e+00  1.68585768e+05 -2.13759658e+01 
 1.70538161e+05  2.48946471e+00  1.70538161e+05 -2.15970935e+01 
 1.72513165e+05  2.47798137e+00  1.72513165e+05 -2.18200081e+01 
 1.74511042e+05  2.46629368e+00  1.74511042e+05 -2.20447109e+01 
 1.76532055e+05  2.45439926e+00  1.76532055e+05 -2.22712027e+01 
 1.78576475e+05  2.44229573e+00  1.78576475e+05 -2.24994841e+01 
 1.80644570e+05  2.42998078e+00  1.80644570e+05 -2.27295553e+01 
 1.82736617e+05  2.41745207e+00  1.82736617e+05 -2.29614160e+01 
 1.84852891e+05  2.40470733e+00  1.84852891e+05 -2.31950660e+01 
 1.86993674e+05  2.39174430e+00  1.86993674e+05 -2.34305043e+01 
 1.89159250e+05  2.37856077e+00  1.89159250e+05 -2.36677299e+01 
 1.91349905e+05  2.36515454e+00  1.91349905e+05 -2.39067413e+01 
 1.93565930e+05  2.35152349e+00  1.93565930e+05 -2.41475369e+01 
 1.95807618e+05  2.33766550e+00  1.95807618e+05 -2.43901144e+01 
 1.98075268e+05  2.32357852e+00  1.98075268e+05 -2.46344714e+01 
 2.00369179e+05  2.30926054e+00  2.00369179e+05 -2.48806054e+01 
 2.02689657e+05  2.29470959e+00  2.02689657e+05 -2.51285132e+01 
 2.05037007e+05  2.27992377e+00  2.05037007e+05 -2.53781915e+01 
 2.07411543e+05  2.26490122e+00  2.07411543e+05 -2.56296366e+01 
 2.09813578e+05  2.24964016e+00  2.09813578e+05 -2.58828447e+01 
 2.12243431e+05  2.23413884e+00  2.12243431e+05 -2.61378115e+01 
 2.14701424e+05  2.21839560e+00  2.14701424e+05 -2.63945325e+01 
 2.17187883e+05  2.20240883e+00  2.17187883e+05 -2.66530029e+01 
 2.19703138e+05  2.18617701e+00  2.19703138e+05 -2.69132177e+01 
 2.22247522e+05  2.16969868e+00  2.22247522e+05 -2.71751716e+01 
 2.24821372e+05  2.15297244e+00  2.24821372e+05 -2.74388591e+01 
 2.27425030e+05  2.13599700e+00  2.27425030e+05 -2.77042744e+01 
 2.30058842e+05  2.11877113e+00  2.30058842e+05 -2.79714116e+01 
 2.32723155e+05  2.10129369e+00  2.32723155e+05 -2.82402646e+01 
 2.35418324e+05  2.08356363e+00  2.35418324e+05 -2.85108268e+01 
 2.38144706e+05  2.06557999e+00  2.38144706e+05 -2.87830919e+01 
 2.40902662e+05  2.04734189e+00  2.40902662e+05 -2.90570531e+01 
 2.43692558e+05  2.02884857e+00  2.43692558e+05 -2.93327037e+01 
 2.46514763e+05  2.01009935e+00  2.46514763e+05 -2.96100366e+01 
 2.49369653e+05  1.99109365e+00  2.49369653e+05 -2.98890449e+01 
 2.52257605e+05  1.97183101e+00  2.52257605e+05 -3.01697214e+01 
 2.55179003e+05  1.95231104e+00  2.55179003e+05 -3.04520590e+01 
 2.58134233e+05  1.93253351e+00  2.58134233e+05 -3.07360504e+01 
 2.61123688e+05  1.91249825e+00  2.61123688e+05 -3.10216884e+01 
 2.64147764e+05  1.89220524e+00  2.64147764e+05 -3.13089658e+01 
 2.67206861e+05  1.87165455e+00  2.67206861e+05 -3.15978754e+01 
 2.70301386e+05  1.85084638e+00  2.70301386e+05 -3.18884101e+01 
 2.73431749e+05  1.82978104e+00  2.73431749e+05 -3.21805629e+01 
 2.76598365e+05  1.80845897e+00  2.76598365e+05 -3.24743267e+01 
 2.79801653e+05  1.78688073e+00  2.79801653e+05 -3.27696948e+01 
 2.83042038e+05  1.76504700e+00  2.83042038e+05 -3.30666606e+01 
 2.86319950e+05  1.74295858e+00  2.86319950e+05 -3.33652177e+01 
 2.89635824e+05  1.72061641e+00  2.89635824e+05 -3.36653598e+01 
 2.92990099e+05  1.69802154e+00  2.92990099e+05 -3.39670809e+01 
 2.96383220e+05  1.67517516e+00  2.96383220e+05 -3.42703755e+01 
 2.99815637e+05  1.65207858e+00  2.99815637e+05 -3.45752382e+01 
 3.03287805e+05  1.62873326e+00  3.03287805e+05 -3.48816639e+01 
 3.06800183e+05  1.60514076e+00  3.06800183e+05 -3.51896480e+01 
 3.10353239e+05  1.58130278e+00  3.10353239e+05 -3.54991864e+01 
 3.13947443e+05  1.55722117e+00  3.13947443e+05 -3.58102753e+01 
 3.17583271e+05  1.53289788e+00  3.17583271e+05 -3.61229114e+01 
 3.21261205e+05  1.50833501e+00  3.21261205e+05 -3.64370920e+01 
 3.24981734e+05  1.48353477e+00  3.24981734e+05 -3.67528148e+01 
 3.28745351e+05  1.45849952e+00  3.28745351e+05 -3.70700782e+01 
 3.32552554e+05  1.43323173e+00  3.32552554e+05 -3.73888811e+01 
 3.36403848e+05  1.40773400e+00  3.36403848e+05 -3.77092233e+01 
 3.40299744e+05  1.38200905e+00  3.40299744e+05 -3.80311050e+01 
 3.44240758e+05  1.35605973e+00  3.44240758e+05 -3.83545272e+01 
 3.48227413e+05  1.32988900e+00  3.48227413e+05 -3.86794918e+01 
 3.52260238e+05  1.30349996e+00  3.52260238e+05 -3.90060013e+01 
 3.56339767e+05  1.27689580e+00  3.56339767e+05 -3.93340591e+01 
 3.60466541e+05  1.25007983e+00  3.60466541e+05 -3.96636693e+01 
 3.64641107e+05  1.22305547e+00  3.64641107e+05 -3.99948372e+01 
 3.68864019e+05  1.19582627e+00  3.68864019e+05 -4.03275687e+01 
 3.73135837e+05  1.16839585e+00  3.73135837e+05 -4.06618708e+01 
 3.77457126e+05  1.14076795e+00  3.77457126e+05 -4.09977514e+01 
 3.81828460e+05  1.11294641e+00  3.81828460e+05 -4.13352194e+01 
 3.86250419e+05  1.08493515e+00  3.86250419e+05 -4.16742849e+01 
 3.90723589e+05  1.05673819e+00  3.90723589e+05 -4.20149587e+01 
 3.95248562e+05  1.02835963e+00  3.95248562e+05 -4.23572531e+01 
 3.99825939e+05  9.99803648e-01  3.99825939e+05 -4.27011812e+01 
 4.04456327e+05  9.71074509e-01  4.04456327e+05 -4.30467574e+01 
 4.09140339e+05  9.42176540e-01  4.09140339e+05 -4.33939971e+01 
 4.13878597e+05  9.13114137e-01  4.13878597e+05 -4.37429170e+01 
 4.18671729e+05  8.83891758e-01  4.18671729e+05 -4.40935349e+01 
 4.23520370e+05  8.54513915e-01  4.23520370e+05 -4.44458700e+01 
 4.28425163e+05  8.24985172e-01  4.28425163e+05 -4.47999425e+01 
 4.33386759e+05  7.95310139e-01  4.33386759e+05 -4.51557739e+01 
 4.38405814e+05  7.65493463e-01  4.38405814e+05 -4.55133872e+01 
 4.43482996e+05  7.35539826e-01  4.43482996e+05 -4.58728062e+01 
 4.48618977e+05  7.05453939e-01  4.48618977e+05 -4.62340565e+01 
 4.53814437e+05  6.75240531e-01  4.53814437e+05 -4.65971647e+01 
 4.59070066e+05  6.44904352e-01  4.59070066e+05 -4.69621587e+01 
 4.64386560e+05  6.14450156e-01  4.64386560e+05 -4.73290678e+01 
 4.69764625e+05  5.83882706e-01  4.69764625e+05 -4.76979225e+01 
 4.75204974e+05  5.53206756e-01  4.75204974e+05 -4.80687548e+01 
 4.80708327e+05  5.22427057e-01  4.80708327e+05 -4.84415979e+01 
 4.86275414e+05  4.91548340e-01  4.86275414e+05 -4.88164861e+01 
 4.91906974e+05  4.60575318e-01  4.91906974e+05 -4.91934554e+01 
 4.97603753e+05  4.29512672e-01  4.97603753e+05 -4.95725429e+01 
 5.03366507e+05  3.98365053e-01  5.03366507e+05 -4.99537870e+01 
 5.09195999e+05  3.67137068e-01  5.09195999e+05 -5.03372272e+01 
 5.15093002e+05  3.35833280e-01  5.15093002e+05 -5.07229048e+01 
 5.21058299e+05  3.04458197e-01  5.21058299e+05 -5.11108617e+01 
 5.27092679e+05  2.73016269e-01  5.27092679e+05 -5.15011415e+01 
 5.33196944e+05  2.41511882e-01  5.33196944e+05 -5.18937890e+01 
 5.39371903e+05  2.09949350e-01  5.39371903e+05 -5.22888499e+01 
 5.45618374e+05  1.78332910e-01  5.45618374e+05 -5.26863715e+01 
 5.51937185e+05  1.46666717e-01  5.51937185e+05 -5.30864018e+01 
 5.58329174e+05  1.14954840e-01  5.58329174e+05 -5.34889905e+01 
 5.64795189e+05  8.32012517e-02  5.64795189e+05 -5.38941879e+01 
 5.71336088e+05  5.14098276e-02  5.71336088e+05 -5.43020457e+01 
 5.77952736e+05  1.95843394e-02  5.77952736e+05 -5.47126165e+01 
 5.84646012e+05 -1.22715501e-02  5.84646012e+05 -5.51259541e+01 
 5.91416802e+05 -4.41542915e-02  5.91416802e+05 -5.55421132e+01 
 5.98266006e+05 -7.60604537e-02  5.98266006e+05 -5.59611493e+01 
 6.05194529e+05 -1.07986728e-01  6.05194529e+05 -5.63831192e+01 
 6.12203293e+05 -1.39929932e-01  6.12203293e+05 -5.68080803e+01 
 6.19293224e+05 -1.71887015e-01  6.19293224e+05 -5.72360909e+01 
 6.26465265e+05 -2.03855059e-01  6.26465265e+05 -5.76672103e+01 
 6.33720365e+05 -2.35831286e-01  6.33720365e+05 -5.81014982e+01 
 6.41059486e+05 -2.67813058e-01  6.41059486e+05 -5.85390155e+01 
 6.48483601e+05 -2.99797882e-01  6.48483601e+05 -5.89798235e+01 
 6.55993696e+05 -3.31783412e-01  6.55993696e+05 -5.94239842e+01 
 6.63590765e+05 -3.63767451e-01  6.63590765e+05 -5.98715603e+01 
 6.71275815e+05 -3.95747956e-01  6.71275815e+05 -6.03226148e+01 
 6.79049866e+05 -4.27723036e-01  6.79049866e+05 -6.07772117e+01 
 6.86913949e+05 -4.59690958e-01  6.86913949e+05 -6.12354150e+01 
 6.94869105e+05 -4.91650146e-01  6.94869105e+05 -6.16972893e+01 
 7.02916391e+05 -5.23599181e-01  7.02916391e+05 -6.21628997e+01 
 7.11056872e+05 -5.55536808e-01  7.11056872e+05 -6.26323114e+01 
 7.19291628e+05 -5.87461930e-01  7.19291628e+05 -6.31055901e+01 
 7.27621750e+05 -6.19373613e-01  7.27621750e+05 -6.35828016e+01 
 7.36048344e+05 -6.51271082e-01  7.36048344e+05 -6.40640119e+01 
 7.44572527e+05 -6.83153729e-01  7.44572527e+05 -6.45492873e+01 
 7.53195428e+05 -7.15021102e-01  7.53195428e+05 -6.50386939e+01 
 7.61918191e+05 -7.46872913e-01  7.61918191e+05 -6.55322980e+01 
 7.70741972e+05 -7.78709036e-01  7.70741972e+05 -6.60301661e+01 
 7.79667942e+05 -8.10529503e-01  7.79667942e+05 -6.65323642e+01 
 7.88697283e+05 -8.42334504e-01  7.88697283e+05 -6.70389587e+01 
 7.97831193e+05 -8.74124386e-01  7.97831193e+05 -6.75500154e+01 
 8.07070883e+05 -9.05899655e-01  8.07070883e+05 -6.80656002e+01 
 8.16417578e+05 -9.37660967e-01  8.16417578e+05 -6.85857787e+01 
 8.25872518e+05 -9.69409132e-01  8.25872518e+05 -6.91106161e+01 
 8.35436955e+05 -1.00114511e+00  8.35436955e+05 -6.96401775e+01 
 8.45112157e+05 -1.03287000e+00  8.45112157e+05 -7.01745273e+01 
 8.54899409e+05 -1.06458507e+00  8.54899409e+05 -7.07137299e+01 
 8.64800006e+05 -1.09629170e+00  8.64800006e+05 -7.12578488e+01 
 8.74815263e+05 -1.12799143e+00  8.74815263e+05 -7.18069473e+01 
 8.84946506e+05 -1.15968592e+00  8.84946506e+05 -7.23610881e+01 
 8.95195080e+05 -1.19137698e+00  8.95195080e+05 -7.29203333e+01 
 9.05562342e+05 -1.22306654e+00  9.05562342e+05 -7.34847443e+01 
 9.16049667e+05 -1.25475667e+00  9.16049667e+05 -7.40543820e+01 
 9.26658447e+05 -1.28644953e+00  9.26658447e+05 -7.46293065e+01 
 9.37390086e+05 -1.31814743e+00  9.37390086e+05 -7.52095771e+01 
 9.48246009e+05 -1.34985279e+00  9.48246009e+05 -7.57952526e+01 
 9.59227655e+05 -1.38156814e+00  9.59227655e+05 -7.63863907e+01 
 9.70336479e+05 -1.41329611e+00  9.70336479e+05 -7.69830485e+01 
 9.81573954e+05 -1.44503944e+00  9.81573954e+05 -7.75852821e+01 
 9.92941571e+05 -1.47680097e+00  9.92941571e+05 -7.81931468e+01 
 1.00444084e+06 -1.50858365e+00  1.00444084e+06 -7.88066970e+01 
 1.01607327e+06 -1.54039049e+00  1.01607327e+06 -7.94259861e+01 
 1.02784043e+06 -1.57222463e+00  1.02784043e+06 -8.00510666e+01 
 1.03974386e+06 -1.60408925e+00  1.03974386e+06 -8.06819899e+01 
 1.05178514e+06 -1.63598764e+00  1.05178514e+06 -8.13188065e+01 
 1.06396587e+06 -1.66792317e+00  1.06396587e+06 -8.19615659e+01 
 1.07628767e+06 -1.69989927e+00  1.07628767e+06 -8.26103164e+01 
 1.08875217e+06 -1.73191944e+00  1.08875217e+06 -8.32651055e+01 
 1.10136102e+06 -1.76398724e+00  1.10136102e+06 -8.39259794e+01 
 1.11411589e+06 -1.79610631e+00  1.11411589e+06 -8.45929833e+01 
 1.12701847e+06 -1.82828035e+00  1.12701847e+06 -8.52661613e+01 
 1.14007049e+06 -1.86051309e+00  1.14007049e+06 -8.59455564e+01 
 1.15327365e+06 -1.89280834e+00  1.15327365e+06 -8.66312104e+01 
 1.16662972e+06 -1.92516995e+00  1.16662972e+06 -8.73231641e+01 
 1.18014047e+06 -1.95760181e+00  1.18014047e+06 -8.80214572e+01 
 1.19380769e+06 -1.99010787e+00  1.19380769e+06 -8.87261280e+01 
 1.20763319e+06 -2.02269210e+00  1.20763319e+06 -8.94372139e+01 
 1.22161880e+06 -2.05535855e+00  1.22161880e+06 -9.01547512e+01 
 1.23576638e+06 -2.08811127e+00  1.23576638e+06 -9.08787749e+01 
 1.25007780e+06 -2.12095436e+00  1.25007780e+06 -9.16093191e+01 
 1.26455496e+06 -2.15389196e+00  1.26455496e+06 -9.23464165e+01 
 1.27919978e+06 -2.18692826e+00  1.27919978e+06 -9.30900988e+01 
 1.29401421e+06 -2.22006745e+00  1.29401421e+06 -9.38403967e+01 
 1.30900020e+06 -2.25331378e+00  1.30900020e+06 -9.45973396e+01 
 1.32415974e+06 -2.28667154e+00  1.32415974e+06 -9.53609560e+01 
 1.33949485e+06 -2.32014504e+00  1.33949485e+06 -9.61312732e+01 
 1.35500755e+06 -2.35373862e+00  1.35500755e+06 -9.69083174e+01 
 1.37069990e+06 -2.38745668e+00  1.37069990e+06 -9.76921140e+01 
 1.38657399e+06 -2.42130365e+00  1.38657399e+06 -9.84826870e+01 
 1.40263192e+06 -2.45528400e+00  1.40263192e+06 -9.92800596e+01 
 1.41887581e+06 -2.48940224e+00  1.41887581e+06 -1.00084254e+02 
 1.43530782e+06 -2.52366295e+00  1.43530782e+06 -1.00895291e+02 
 1.45193013e+06 -2.55807072e+00  1.45193013e+06 -1.01713192e+02 
 1.46874495e+06 -2.59263025e+00  1.46874495e+06 -1.02537975e+02 
 1.48575450e+06 -2.62734625e+00  1.48575450e+06 -1.03369659e+02 
 1.50296103e+06 -2.66222353e+00  1.50296103e+06 -1.04208261e+02 
 1.52036684e+06 -2.69726695e+00  1.52036684e+06 -1.05053798e+02 
 1.53797422e+06 -2.73248147e+00  1.53797422e+06 -1.05906285e+02 
 1.55578551e+06 -2.76787212e+00  1.55578551e+06 -1.06765738e+02 
 1.57380308e+06 -2.80344401e+00  1.57380308e+06 -1.07632171e+02 
 1.59202931e+06 -2.83920240e+00  1.59202931e+06 -1.08505597e+02 
 1.61046661e+06 -2.87515260e+00  1.61046661e+06 -1.09386028e+02 
 1.62911744e+06 -2.91130009e+00  1.62911744e+06 -1.10273477e+02 
 1.64798426e+06 -2.94765045e+00  1.64798426e+06 -1.11167954e+02 
 1.66706959e+06 -2.98420941e+00  1.66706959e+06 -1.12069470e+02 
 1.68637593e+06 -3.02098287e+00  1.68637593e+06 -1.12978034e+02 
 1.70590587e+06 -3.05797687e+00  1.70590587e+06 -1.13893657e+02 
 1.72566198e+06 -3.09519765e+00  1.72566198e+06 -1.14816346e+02 
 1.74564689e+06 -3.13265163e+00  1.74564689e+06 -1.15746108e+02 
 1.76586324e+06 -3.17034546e+00  1.76586324e+06 -1.16682952e+02 
 1.78631372e+06 -3.20828599e+00  1.78631372e+06 -1.17626884e+02 
 1.80700103e+06 -3.24648032e+00  1.80700103e+06 -1.18577911e+02 
 1.82792793e+06 -3.28493582e+00  1.82792793e+06 -1.19536036e+02 
 1.84909717e+06 -3.32366012e+00  1.84909717e+06 -1.20501266e+02 
 1.87051159e+06 -3.36266116e+00  1.87051159e+06 -1.21473604e+02 
 1.89217400e+06 -3.40194717e+00  1.89217400e+06 -1.22453055e+02 
 1.91408728e+06 -3.44152674e+00  1.91408728e+06 -1.23439621e+02 
 1.93625434e+06 -3.48140881e+00  1.93625434e+06 -1.24433305e+02 
 1.95867812e+06 -3.52160270e+00  1.95867812e+06 -1.25434108e+02 
 1.98136159e+06 -3.56211812e+00  1.98136159e+06 -1.26442031e+02 
 2.00430776e+06 -3.60296521e+00  2.00430776e+06 -1.27457076e+02 
 2.02751966e+06 -3.64415456e+00  2.02751966e+06 -1.28479240e+02 
 2.05100039e+06 -3.68569723e+00  2.05100039e+06 -1.29508524e+02 
 2.07475304e+06 -3.72760479e+00  2.07475304e+06 -1.30544925e+02 
 2.09878077e+06 -3.76988931e+00  2.09878077e+06 -1.31588439e+02 
 2.12308677e+06 -3.81256343e+00  2.12308677e+06 -1.32639062e+02 
 2.14767426e+06 -3.85564036e+00  2.14767426e+06 -1.33696789e+02 
 2.17254649e+06 -3.89913391e+00  2.17254649e+06 -1.34761612e+02 
 2.19770677e+06 -3.94305852e+00  2.19770677e+06 -1.35833524e+02 
 2.22315843e+06 -3.98742928e+00  2.22315843e+06 -1.36912515e+02 
 2.24890485e+06 -4.03226198e+00  2.24890485e+06 -1.37998573e+02 
 2.27494944e+06 -4.07757312e+00  2.27494944e+06 -1.39091685e+02 
 2.30129565e+06 -4.12337991e+00  2.30129565e+06 -1.40191834e+02 
 2.32794697e+06 -4.16970035e+00  2.32794697e+06 -1.41299004e+02 
 2.35490695e+06 -4.21655323e+00  2.35490695e+06 -1.42413173e+02 
 2.38217915e+06 -4.26395811e+00  2.38217915e+06 -1.43534319e+02 
 2.40976718e+06 -4.31193544e+00  2.40976718e+06 -1.44662415e+02 
 2.43767472e+06 -4.36050648e+00  2.43767472e+06 -1.45797431e+02 
 2.46590545e+06 -4.40969339e+00  2.46590545e+06 -1.46939334e+02 
 2.49446313e+06 -4.45951919e+00  2.49446313e+06 -1.48088087e+02 
 2.52335153e+06 -4.51000785e+00  2.52335153e+06 -1.49243647e+02 
 2.55257448e+06 -4.56118420e+00  2.55257448e+06 -1.50405968e+02 
 2.58213587e+06 -4.61307404e+00  2.58213587e+06 -1.51574998e+02 
 2.61203961e+06 -4.66570407e+00  2.61203961e+06 -1.52750679e+02 
 2.64228966e+06 -4.71910193e+00  2.64228966e+06 -1.53932948e+02 
 2.67289004e+06 -4.77329616e+00  2.67289004e+06 -1.55121735e+02 
 2.70384481e+06 -4.82831623e+00  2.70384481e+06 -1.56316961e+02 
 2.73515806e+06 -4.88419250e+00  2.73515806e+06 -1.57518544e+02 
 2.76683395e+06 -4.94095618e+00  2.76683395e+06 -1.58726388e+02 
 2.79887667e+06 -4.99863934e+00  2.79887667e+06 -1.59940392e+02 
 2.83129049e+06 -5.05727483e+00  2.83129049e+06 -1.61160446e+02 
 2.86407969e+06 -5.11689626e+00  2.86407969e+06 -1.62386427e+02 
 2.89724862e+06 -5.17753794e+00  2.89724862e+06 -1.63618204e+02 
 2.93080168e+06 -5.23923481e+00  2.93080168e+06 -1.64855634e+02 
 2.96474332e+06 -5.30202234e+00  2.96474332e+06 -1.66098563e+02 
 2.99907804e+06 -5.36593649e+00  2.99907804e+06 -1.67346823e+02 
 3.03381039e+06 -5.43101359e+00  3.03381039e+06 -1.68600235e+02 
 3.06894498e+06 -5.49729020e+00  3.06894498e+06 -1.69858605e+02 
 3.10448646e+06 -5.56480305e+00  3.10448646e+06 -1.71121726e+02 
 3.14043954e+06 -5.63358886e+00  3.14043954e+06 -1.72389377e+02 
 3.17680900e+06 -5.70368420e+00  3.17680900e+06 -1.73661320e+02 
 3.21359965e+06 -5.77512535e+00  3.21359965e+06 -1.74937303e+02 
 3.25081638e+06 -5.84794811e+00  3.25081638e+06 -1.76217058e+02 
 3.28846411e+06 -5.92218765e+00  3.28846411e+06 -1.77500302e+02 
 3.32654785e+06 -5.99787826e+00  3.32654785e+06 -1.78786735e+02 
 3.36507263e+06 -6.07505323e+00  3.36507263e+06  1.79923960e+02 
 3.40404356e+06 -6.15374456e+00  3.40404356e+06  1.78632114e+02 
 3.44346582e+06 -6.23398280e+00  3.44346582e+06  1.77338076e+02 
 3.48334463e+06 -6.31579677e+00  3.48334463e+06  1.76042209e+02 
 3.52368527e+06 -6.39921341e+00  3.52368527e+06  1.74744892e+02 
 3.56449310e+06 -6.48425746e+00  3.56449310e+06  1.73446519e+02 
 3.60577353e+06 -6.57095131e+00  3.60577353e+06  1.72147498e+02 
 3.64753203e+06 -6.65931472e+00  3.64753203e+06  1.70848248e+02 
 3.68977413e+06 -6.74936460e+00  3.68977413e+06  1.69549202e+02 
 3.73250543e+06 -6.84111485e+00  3.73250543e+06  1.68250804e+02 
 3.77573161e+06 -6.93457611e+00  3.77573161e+06  1.66953505e+02 
 3.81945839e+06 -7.02975556e+00  3.81945839e+06  1.65657767e+02 
 3.86369158e+06 -7.12665682e+00  3.86369158e+06  1.64364056e+02 
 3.90843702e+06 -7.22527973e+00  3.90843702e+06  1.63072843e+02 
 3.95370067e+06 -7.32562029e+00  3.95370067e+06  1.61784600e+02 
 3.99948851e+06 -7.42767049e+00  3.99948851e+06  1.60499801e+02 
 4.04580662e+06 -7.53141831e+00  4.04580662e+06  1.59218919e+02 
 4.09266114e+06 -7.63684766e+00  4.09266114e+06  1.57942419e+02 
 4.14005829e+06 -7.74393838e+00  4.14005829e+06  1.56670763e+02 
 4.18800434e+06 -7.85266625e+00  4.18800434e+06  1.55404404e+02 
 4.23650566e+06 -7.96300311e+00  4.23650566e+06  1.54143782e+02 
 4.28556866e+06 -8.07491689e+00  4.28556866e+06  1.52889326e+02 
 4.33519987e+06 -8.18837183e+00  4.33519987e+06  1.51641447e+02 
 4.38540586e+06 -8.30332862e+00  4.38540586e+06  1.50400541e+02 
 4.43619329e+06 -8.41974457e+00  4.43619329e+06  1.49166982e+02 
 4.48756888e+06 -8.53757393e+00  4.48756888e+06  1.47941124e+02 
 4.53953946e+06 -8.65676810e+00  4.53953946e+06  1.46723297e+02 
 4.59211190e+06 -8.77727594e+00  4.59211190e+06  1.45513806e+02 
 4.64529319e+06 -8.89904410e+00  4.64529319e+06  1.44312931e+02 
 4.69909037e+06 -9.02201733e+00  4.69909037e+06  1.43120924e+02 
 4.75351058e+06 -9.14613885e+00  4.75351058e+06  1.41938008e+02 
 4.80856103e+06 -9.27135072e+00  4.80856103e+06  1.40764381e+02 
 4.86424902e+06 -9.39759416e+00  4.86424902e+06  1.39600208e+02 
 4.92058193e+06 -9.52480995e+00  4.92058193e+06  1.38445627e+02 
 4.97756723e+06 -9.65293880e+00  4.97756723e+06  1.37300748e+02 
 5.03521248e+06 -9.78192164e+00  5.03521248e+06  1.36165651e+02 
 5.09352532e+06 -9.91170003e+00  5.09352532e+06  1.35040389e+02 
 5.15251348e+06 -1.00422164e+01  5.15251348e+06  1.33924988e+02 
 5.21218479e+06 -1.01734145e+01  5.21218479e+06  1.32819448e+02 
 5.27254715e+06 -1.03052395e+01  5.27254715e+06  1.31723746e+02 
 5.33360856e+06 -1.04376382e+01  5.33360856e+06  1.30637833e+02 
 5.39537713e+06 -1.05705597e+01  5.39537713e+06  1.29561641e+02 
 5.45786104e+06 -1.07039549e+01  5.45786104e+06  1.28495080e+02 
 5.52106858e+06 -1.08377773e+01  5.52106858e+06  1.27438042e+02 
 5.58500812e+06 -1.09719826e+01  5.58500812e+06  1.26390405e+02 
 5.64968815e+06 -1.11065294e+01  5.64968815e+06  1.25352028e+02 
 5.71511724e+06 -1.12413788e+01  5.71511724e+06  1.24322760e+02 
 5.78130406e+06 -1.13764945e+01  5.78130406e+06  1.23302437e+02 
 5.84825740e+06 -1.15118430e+01  5.84825740e+06  1.22290887e+02 
 5.91598612e+06 -1.16473935e+01  5.91598612e+06  1.21287930e+02 
 5.98449920e+06 -1.17831180e+01  5.98449920e+06  1.20293378e+02 
 6.05380574e+06 -1.19189909e+01  6.05380574e+06  1.19307042e+02 
 6.12391492e+06 -1.20549893e+01  6.12391492e+06  1.18328726e+02 
 6.19483603e+06 -1.21910929e+01  6.19483603e+06  1.17358234e+02 
 6.26657849e+06 -1.23272835e+01  6.26657849e+06  1.16395370e+02 
 6.33915179e+06 -1.24635453e+01  6.33915179e+06  1.15439938e+02 
 6.41256556e+06 -1.25998648e+01  6.41256556e+06  1.14491743e+02 
 6.48682954e+06 -1.27362303e+01  6.48682954e+06  1.13550594e+02 
 6.56195357e+06 -1.28726320e+01  6.56195357e+06  1.12616302e+02 
 6.63794761e+06 -1.30090620e+01  6.63794761e+06  1.11688683e+02 
 6.71482174e+06 -1.31455137e+01  6.71482174e+06  1.10767555e+02 
 6.79258615e+06 -1.32819822e+01  6.79258615e+06  1.09852746e+02 
 6.87125115e+06 -1.34184639e+01  6.87125115e+06  1.08944084e+02 
 6.95082717e+06 -1.35549563e+01  6.95082717e+06  1.08041407e+02 
 7.03132476e+06 -1.36914581e+01  7.03132476e+06  1.07144555e+02 
 7.11275460e+06 -1.38279686e+01  7.11275460e+06  1.06253377e+02 
 7.19512747e+06 -1.39644882e+01  7.19512747e+06  1.05367727e+02 
 7.27845431e+06 -1.41010179e+01  7.27845431e+06  1.04487464e+02 
 7.36274615e+06 -1.42375593e+01  7.36274615e+06  1.03612454e+02 
 7.44801418e+06 -1.43741144e+01  7.44801418e+06  1.02742569e+02 
 7.53426970e+06 -1.45106856e+01  7.53426970e+06  1.01877686e+02 
 7.62152414e+06 -1.46472756e+01  7.62152414e+06  1.01017686e+02 
 7.70978908e+06 -1.47838875e+01  7.70978908e+06  1.00162458e+02 
 7.79907622e+06 -1.49205243e+01  7.79907622e+06  9.93118936e+01 
 7.88939739e+06 -1.50571891e+01  7.88939739e+06  9.84658894e+01 
 7.98076457e+06 -1.51938851e+01  7.98076457e+06  9.76243466e+01 
 8.07318988e+06 -1.53306156e+01  8.07318988e+06  9.67871702e+01 
 8.16668556e+06 -1.54673836e+01  8.16668556e+06  9.59542689e+01 
 8.26126402e+06 -1.56041920e+01  8.26126402e+06  9.51255545e+01 
 8.35693779e+06 -1.57410439e+01  8.35693779e+06  9.43009420e+01 
 8.45371956e+06 -1.58779418e+01  8.45371956e+06  9.34803489e+01 
 8.55162216e+06 -1.60148884e+01  8.55162216e+06  9.26636952e+01 
 8.65065857e+06 -1.61518858e+01  8.65065857e+06  9.18509030e+01 
 8.75084193e+06 -1.62889363e+01  8.75084193e+06  9.10418961e+01 
 8.85218551e+06 -1.64260418e+01  8.85218551e+06  9.02365998e+01 
 8.95470275e+06 -1.65632038e+01  8.95470275e+06  8.94349409e+01 
 9.05840724e+06 -1.67004239e+01  9.05840724e+06  8.86368469e+01 
 9.16331273e+06 -1.68377034e+01  9.16331273e+06  8.78422464e+01 
 9.26943314e+06 -1.69750432e+01  9.26943314e+06  8.70510683e+01 
 9.37678253e+06 -1.71124442e+01  9.37678253e+06  8.62632422e+01 
 9.48537513e+06 -1.72499071e+01  9.48537513e+06  8.54786977e+01 
 9.59522534e+06 -1.73874322e+01  9.59522534e+06  8.46973644e+01 
 9.70634773e+06 -1.75250199e+01  9.70634773e+06  8.39191720e+01 
 9.81875703e+06 -1.76626703e+01  9.81875703e+06  8.31440497e+01 
 9.93246814e+06 -1.78003834e+01  9.93246814e+06  8.23719266e+01 
 1.00474961e+07 -1.79381590e+01  1.00474961e+07  8.16027311e+01 
 1.01638563e+07 -1.80759970e+01  1.01638563e+07  8.08363912e+01 
 1.02815640e+07 -1.82138968e+01  1.02815640e+07  8.00728342e+01 
 1.04006349e+07 -1.83518582e+01  1.04006349e+07  7.93119866e+01 
 1.05210847e+07 -1.84898806e+01  1.05210847e+07  7.85537744e+01 
 1.06429295e+07 -1.86279636e+01  1.06429295e+07  7.77981225e+01 
 1.07661854e+07 -1.87661065e+01  1.07661854e+07  7.70449552e+01 
 1.08908687e+07 -1.89043088e+01  1.08908687e+07  7.62941958e+01 
 1.10169959e+07 -1.90425700e+01  1.10169959e+07  7.55457670e+01 
 1.11445838e+07 -1.91808895e+01  1.11445838e+07  7.47995903e+01 
 1.12736493e+07 -1.93192669e+01  1.12736493e+07  7.40555867e+01 
 1.14042096e+07 -1.94577017e+01  1.14042096e+07  7.33136761e+01 
 1.15362818e+07 -1.95961935e+01  1.15362818e+07  7.25737778e+01 
 1.16698836e+07 -1.97347422e+01  1.16698836e+07  7.18358102e+01 
 1.18050326e+07 -1.98733473e+01  1.18050326e+07  7.10996910e+01 
 1.19417468e+07 -2.00120090e+01  1.19417468e+07  7.03653373e+01 
 1.20800443e+07 -2.01507272e+01  1.20800443e+07  6.96326654e+01 
 1.22199434e+07 -2.02895021e+01  1.22199434e+07  6.89015913e+01 
 1.23614627e+07 -2.04283340e+01  1.23614627e+07  6.81720302e+01 
 1.25046209e+07 -2.05672234e+01  1.25046209e+07  6.74438970e+01 
 1.26494370e+07 -2.07061708e+01  1.26494370e+07  6.67171060e+01 
 1.27959303e+07 -2.08451772e+01  1.27959303e+07  6.59915715e+01 
 1.29441200e+07 -2.09842433e+01  1.29441200e+07  6.52672074e+01 
 1.30940260e+07 -2.11233705e+01  1.30940260e+07  6.45439272e+01 
 1.32456680e+07 -2.12625599e+01  1.32456680e+07  6.38216447e+01 
 1.33990662e+07 -2.14018132e+01  1.33990662e+07  6.31002734e+01 
 1.35542409e+07 -2.15411320e+01  1.35542409e+07  6.23797269e+01 
 1.37112127e+07 -2.16805184e+01  1.37112127e+07  6.16599189e+01 
 1.38700024e+07 -2.18199743e+01  1.38700024e+07  6.09407636e+01 
 1.40306310e+07 -2.19595021e+01  1.40306310e+07  6.02221751e+01 
 1.41931199e+07 -2.20991045e+01  1.41931199e+07  5.95040681e+01 
 1.43574905e+07 -2.22387841e+01  1.43574905e+07  5.87863578e+01 
 1.45237648e+07 -2.23785439e+01  1.45237648e+07  5.80689598e+01 
 1.46919646e+07 -2.25183872e+01  1.46919646e+07  5.73517904e+01 
 1.48621124e+07 -2.26583172e+01  1.48621124e+07  5.66347667e+01 
 1.50342306e+07 -2.27983376e+01  1.50342306e+07  5.59178064e+01 
 1.52083422e+07 -2.29384522e+01  1.52083422e+07  5.52008283e+01 
 1.53844701e+07 -2.30786651e+01  1.53844701e+07  5.44837520e+01 
 1.55626378e+07 -2.32189804e+01  1.55626378e+07  5.37664981e+01 
 1.57428689e+07 -2.33594026e+01  1.57428689e+07  5.30489885e+01 
 1.59251872e+07 -2.34999362e+01  1.59251872e+07  5.23311461e+01 
 1.61096169e+07 -2.36405863e+01  1.61096169e+07  5.16128952e+01 
 1.62961825e+07 -2.37813576e+01  1.62961825e+07  5.08941614e+01 
 1.64849088e+07 -2.39222555e+01  1.64849088e+07  5.01748716e+01 
 1.66758206e+07 -2.40632853e+01  1.66758206e+07  4.94549544e+01 
 1.68689435e+07 -2.42044526e+01  1.68689435e+07  4.87343399e+01 
 1.70643029e+07 -2.43457631e+01  1.70643029e+07  4.80129596e+01 
 1.72619247e+07 -2.44872227e+01  1.72619247e+07  4.72907470e+01 
 1.74618352e+07 -2.46288375e+01  1.74618352e+07  4.65676373e+01 
 1.76640609e+07 -2.47706136e+01  1.76640609e+07  4.58435674e+01 
 1.78686285e+07 -2.49125574e+01  1.78686285e+07  4.51184762e+01 
 1.80755653e+07 -2.50546754e+01  1.80755653e+07  4.43923045e+01 
 1.82848985e+07 -2.51969741e+01  1.82848985e+07  4.36649952e+01 
 1.84966561e+07 -2.53394605e+01  1.84966561e+07  4.29364932e+01 
 1.87108661e+07 -2.54821412e+01  1.87108661e+07  4.22067457e+01 
 1.89275568e+07 -2.56250232e+01  1.89275568e+07  4.14757017e+01 
 1.91467570e+07 -2.57681137e+01  1.91467570e+07  4.07433130e+01 
 1.93684957e+07 -2.59114198e+01  1.93684957e+07  4.00095332e+01 
 1.95928024e+07 -2.60549487e+01  1.95928024e+07  3.92743185e+01 
 1.98197069e+07 -2.61987077e+01  1.98197069e+07  3.85376275e+01 
 2.00492391e+07 -2.63427042e+01  2.00492391e+07  3.77994212e+01 
 2.02814295e+07 -2.64869456e+01  2.02814295e+07  3.70596631e+01 
 2.05163089e+07 -2.66314394e+01  2.05163089e+07  3.63183192e+01 
 2.07539085e+07 -2.67761932e+01  2.07539085e+07  3.55753582e+01 
 2.09942597e+07 -2.69212144e+01  2.09942597e+07  3.48307513e+01 
 2.12373944e+07 -2.70665106e+01  2.12373944e+07  3.40844724e+01 
 2.14833448e+07 -2.72120894e+01  2.14833448e+07  3.33364982e+01 
 2.17321436e+07 -2.73579584e+01  2.17321436e+07  3.25868080e+01 
 2.19838238e+07 -2.75041251e+01  2.19838238e+07  3.18353840e+01 
 2.22384186e+07 -2.76505971e+01  2.22384186e+07  3.10822111e+01 
 2.24959620e+07 -2.77973818e+01  2.24959620e+07  3.03272772e+01 
 2.27564879e+07 -2.79444867e+01  2.27564879e+07  2.95705728e+01 
 2.30200310e+07 -2.80919193e+01  2.30200310e+07  2.88120916e+01 
 2.32866262e+07 -2.82396870e+01  2.32866262e+07  2.80518300e+01 
 2.35563088e+07 -2.83877968e+01  2.35563088e+07  2.72897876e+01 
 2.38291146e+07 -2.85362562e+01  2.38291146e+07  2.65259667e+01 
 2.41050798e+07 -2.86850722e+01  2.41050798e+07  2.57603728e+01 
 2.43842409e+07 -2.88342518e+01  2.43842409e+07  2.49930144e+01 
 2.46666350e+07 -2.89838018e+01  2.46666350e+07  2.42239029e+01 
 2.49522996e+07 -2.91337292e+01  2.49522996e+07  2.34530530e+01 
 2.52412724e+07 -2.92840404e+01  2.52412724e+07  2.26804822e+01 
 2.55335918e+07 -2.94347420e+01  2.55335918e+07  2.19062113e+01 
 2.58292965e+07 -2.95858404e+01  2.58292965e+07  2.11302641e+01 
 2.61284258e+07 -2.97373416e+01  2.61284258e+07  2.03526676e+01 
 2.64310194e+07 -2.98892517e+01  2.64310194e+07  1.95734518e+01 
 2.67371172e+07 -3.00415765e+01  2.67371172e+07  1.87926498e+01 
 2.70467600e+07 -3.01943216e+01  2.70467600e+07  1.80102981e+01 
 2.73599888e+07 -3.03474924e+01  2.73599888e+07  1.72264360e+01 
 2.76768451e+07 -3.05010940e+01  2.76768451e+07  1.64411061e+01 
 2.79973709e+07 -3.06551314e+01  2.79973709e+07  1.56543541e+01 
 2.83216087e+07 -3.08096093e+01  2.83216087e+07  1.48662288e+01 
 2.86496015e+07 -3.09645322e+01  2.86496015e+07  1.40767822e+01 
 2.89813928e+07 -3.11199041e+01  2.89813928e+07  1.32860693e+01 
 2.93170265e+07 -3.12757291e+01  2.93170265e+07  1.24941483e+01 
 2.96565473e+07 -3.14320108e+01  2.96565473e+07  1.17010804e+01 
 3.00000000e+07 -3.15887524e+01  3.00000000e+07  1.09069299e+01 
