 2.00000000e-01 -5.45873291e+00  2.00000000e-01  6.78862333e+01 
 2.02316202e-01 -5.37303348e+00  2.02316202e-01  6.76551998e+01 
 2.04659228e-01 -5.28761884e+00  2.04659228e-01  6.74222674e+01 
 2.07029388e-01 -5.20249367e+00  2.07029388e-01  6.71874360e+01 
 2.09426997e-01 -5.11766268e+00  2.09426997e-01  6.69507060e+01 
 2.11852373e-01 -5.03313062e+00  2.11852373e-01  6.67120782e+01 
 2.14305837e-01 -4.94890230e+00  2.14305837e-01  6.64715543e+01 
 2.16787715e-01 -4.86498254e+00  2.16787715e-01  6.62291362e+01 
 2.19298335e-01 -4.78137619e+00  2.19298335e-01  6.59848265e+01 
 2.21838031e-01 -4.69808813e+00  2.21838031e-01  6.57386284e+01 
 2.24407140e-01 -4.61512329e+00  2.24407140e-01  6.54905455e+01 
 2.27006001e-01 -4.53248661e+00  2.27006001e-01  6.52405823e+01 
 2.29634959e-01 -4.45018305e+00  2.29634959e-01  6.49887435e+01 
 2.32294364e-01 -4.36821761e+00  2.32294364e-01  6.47350348e+01 
 2.34984567e-01 -4.28659530e+00  2.34984567e-01  6.44794623e+01 
 2.37705925e-01 -4.20532116e+00  2.37705925e-01  6.42220328e+01 
 2.40458800e-01 -4.12440022e+00  2.40458800e-01  6.39627538e+01 
 2.43243555e-01 -4.04383756e+00  2.43243555e-01  6.37016333e+01 
 2.46060561e-01 -3.96363825e+00  2.46060561e-01  6.34386801e+01 
 2.48910190e-01 -3.88380739e+00  2.48910190e-01  6.31739037e+01 
 2.51792821e-01 -3.80435006e+00  2.51792821e-01  6.29073142e+01 
 2.54708836e-01 -3.72527136e+00  2.54708836e-01  6.26389225e+01 
 2.57658622e-01 -3.64657640e+00  2.57658622e-01  6.23687400e+01 
 2.60642568e-01 -3.56827029e+00  2.60642568e-01  6.20967790e+01 
 2.63661072e-01 -3.49035811e+00  2.63661072e-01  6.18230524e+01 
 2.66714534e-01 -3.41284497e+00  2.66714534e-01  6.15475740e+01 
 2.69803357e-01 -3.33573596e+00  2.69803357e-01  6.12703582e+01 
 2.72927952e-01 -3.25903615e+00  2.72927952e-01  6.09914202e+01 
 2.76088733e-01 -3.18275059e+00  2.76088733e-01  6.07107757e+01 
 2.79286119e-01 -3.10688434e+00  2.79286119e-01  6.04284416e+01 
 2.82520534e-01 -3.03144242e+00  2.82520534e-01  6.01444352e+01 
 2.85792407e-01 -2.95642982e+00  2.85792407e-01  5.98587747e+01 
 2.89102171e-01 -2.88185152e+00  2.89102171e-01  5.95714790e+01 
 2.92450266e-01 -2.80771246e+00  2.92450266e-01  5.92825678e+01 
 2.95837135e-01 -2.73401754e+00  2.95837135e-01  5.89920616e+01 
 2.99263228e-01 -2.66077165e+00  2.99263228e-01  5.86999816e+01 
 3.02728998e-01 -2.58797961e+00  3.02728998e-01  5.84063499e+01 
 3.06234905e-01 -2.51564621e+00  3.06234905e-01  5.81111891e+01 
 3.09781414e-01 -2.44377618e+00  3.09781414e-01  5.78145228e+01 
 3.13368996e-01 -2.37237422e+00  3.13368996e-01  5.75163753e+01 
 3.16998125e-01 -2.30144496e+00  3.16998125e-01  5.72167717e+01 
 3.20669283e-01 -2.23099298e+00  3.20669283e-01  5.69157377e+01 
 3.24382957e-01 -2.16102279e+00  3.24382957e-01  5.66133000e+01 
 3.28139639e-01 -2.09153884e+00  3.28139639e-01  5.63094858e+01 
 3.31939827e-01 -2.02254551e+00  3.31939827e-01  5.60043232e+01 
 3.35784025e-01 -1.95404712e+00  3.35784025e-01  5.56978411e+01 
 3.39672743e-01 -1.88604789e+00  3.39672743e-01  5.53900689e+01 
 3.43606496e-01 -1.81855197e+00  3.43606496e-01  5.50810368e+01 
 3.47585805e-01 -1.75156344e+00  3.47585805e-01  5.47707759e+01 
 3.51611200e-01 -1.68508628e+00  3.51611200e-01  5.44593177e+01 
 3.55683212e-01 -1.61912438e+00  3.55683212e-01  5.41466946e+01 
 3.59802383e-01 -1.55368154e+00  3.59802383e-01  5.38329396e+01 
 3.63969257e-01 -1.48876147e+00  3.63969257e-01  5.35180863e+01 
 3.68184388e-01 -1.42436776e+00  3.68184388e-01  5.32021692e+01 
 3.72448335e-01 -1.36050392e+00  3.72448335e-01  5.28852231e+01 
 3.76761663e-01 -1.29717334e+00  3.76761663e-01  5.25672836e+01 
 3.81124943e-01 -1.23437930e+00  3.81124943e-01  5.22483868e+01 
 3.85538754e-01 -1.17212497e+00  3.85538754e-01  5.19285696e+01 
 3.90003682e-01 -1.11041340e+00  3.90003682e-01  5.16078692e+01 
 3.94520318e-01 -1.04924752e+00  3.94520318e-01  5.12863235e+01 
 3.99089261e-01 -9.88630146e-01  3.99089261e-01  5.09639709e+01 
 4.03711118e-01 -9.28563966e-01  4.03711118e-01  5.06408502e+01 
 4.08386500e-01 -8.69051539e-01  4.08386500e-01  5.03170008e+01 
 4.13116027e-01 -8.10095291e-01  4.13116027e-01  4.99924626e+01 
 4.17900328e-01 -7.51697522e-01  4.17900328e-01  4.96672758e+01 
 4.22740035e-01 -6.93860392e-01  4.22740035e-01  4.93414811e+01 
 4.27635791e-01 -6.36585928e-01  4.27635791e-01  4.90151196e+01 
 4.32588245e-01 -5.79876014e-01  4.32588245e-01  4.86882328e+01 
 4.37598053e-01 -5.23732397e-01  4.37598053e-01  4.83608623e+01 
 4.42665880e-01 -4.68156680e-01  4.42665880e-01  4.80330503e+01 
 4.47792398e-01 -4.13150319e-01  4.47792398e-01  4.77048392e+01 
 4.52978286e-01 -3.58714629e-01  4.52978286e-01  4.73762716e+01 
 4.58224231e-01 -3.04850773e-01  4.58224231e-01  4.70473905e+01 
 4.63530930e-01 -2.51559768e-01  4.63530930e-01  4.67182387e+01 
 4.68899086e-01 -1.98842482e-01  4.68899086e-01  4.63888597e+01 
 4.74329410e-01 -1.46699631e-01  4.74329410e-01  4.60592969e+01 
 4.79822623e-01 -9.51317805e-02  4.79822623e-01  4.57295937e+01 
 4.85379453e-01 -4.41393436e-02  4.85379453e-01  4.53997939e+01 
 4.91000637e-01  6.27741824e-03  4.91000637e-01  4.50699410e+01 
 4.96686920e-01  5.61183963e-02  4.96686920e-01  4.47400788e+01 
 5.02439056e-01  1.05383634e-01  5.02439056e-01  4.44102511e+01 
 5.08257807e-01  1.54073329e-01  5.08257807e-01  4.40805015e+01 
 5.14143945e-01  2.02187830e-01  5.14143945e-01  4.37508737e+01 
 5.20098251e-01  2.49727637e-01  5.20098251e-01  4.34214113e+01 
 5.26121513e-01  2.96693403e-01  5.26121513e-01  4.30921577e+01 
 5.32214531e-01  3.43085931e-01  5.32214531e-01  4.27631563e+01 
 5.38378112e-01  3.88906175e-01  5.38378112e-01  4.24344502e+01 
 5.44613074e-01  4.34155236e-01  5.44613074e-01  4.21060825e+01 
 5.50920243e-01  4.78834365e-01  5.50920243e-01  4.17780957e+01 
 5.57300455e-01  5.22944959e-01  5.57300455e-01  4.14505325e+01 
 5.63754556e-01  5.66488558e-01  5.63754556e-01  4.11234350e+01 
 5.70283403e-01  6.09466847e-01  5.70283403e-01  4.07968453e+01 
 5.76887860e-01  6.51881654e-01  5.76887860e-01  4.04708047e+01 
 5.83568804e-01  6.93734945e-01  5.83568804e-01  4.01453547e+01 
 5.90327119e-01  7.35028824e-01  5.90327119e-01  3.98205360e+01 
 5.97163703e-01  7.75765531e-01  5.97163703e-01  3.94963890e+01 
 6.04079461e-01  8.15947439e-01  6.04079461e-01  3.91729539e+01 
 6.11075310e-01  8.55577052e-01  6.11075310e-01  3.88502702e+01 
 6.18152179e-01  8.94657004e-01  6.18152179e-01  3.85283769e+01 
 6.25311005e-01  9.33190054e-01  6.25311005e-01  3.82073127e+01 
 6.32552737e-01  9.71179083e-01  6.32552737e-01  3.78871156e+01 
 6.39878336e-01  1.00862709e+00  6.39878336e-01  3.75678233e+01 
 6.47288773e-01  1.04553720e+00  6.47288773e-01  3.72494726e+01 
 6.54785030e-01  1.08191265e+00  6.54785030e-01  3.69321000e+01 
 6.62368101e-01  1.11775678e+00  6.62368101e-01  3.66157414e+01 
 6.70038992e-01  1.15307304e+00  6.70038992e-01  3.63004318e+01 
 6.77798719e-01  1.18786500e+00  6.77798719e-01  3.59862061e+01 
 6.85648312e-01  1.22213631e+00  6.85648312e-01  3.56730979e+01 
 6.93588812e-01  1.25589073e+00  6.93588812e-01  3.53611408e+01 
 7.01621270e-01  1.28913212e+00  7.01621270e-01  3.50503672e+01 
 7.09746752e-01  1.32186443e+00  7.09746752e-01  3.47408092e+01 
 7.17966335e-01  1.35409167e+00  7.17966335e-01  3.44324979e+01 
 7.26281110e-01  1.38581799e+00  7.26281110e-01  3.41254639e+01 
 7.34692178e-01  1.41704757e+00  7.34692178e-01  3.38197371e+01 
 7.43200655e-01  1.44778468e+00  7.43200655e-01  3.35153465e+01 
 7.51807668e-01  1.47803369e+00  7.51807668e-01  3.32123205e+01 
 7.60514359e-01  1.50779901e+00  7.60514359e-01  3.29106867e+01 
 7.69321883e-01  1.53708513e+00  7.69321883e-01  3.26104721e+01 
 7.78231406e-01  1.56589660e+00  7.78231406e-01  3.23117027e+01 
 7.87244111e-01  1.59423802e+00  7.87244111e-01  3.20144040e+01 
 7.96361192e-01  1.62211408e+00  7.96361192e-01  3.17186005e+01 
 8.05583858e-01  1.64952947e+00  8.05583858e-01  3.14243161e+01 
 8.14913332e-01  1.67648898e+00  8.14913332e-01  3.11315739e+01 
 8.24350851e-01  1.70299742e+00  8.24350851e-01  3.08403963e+01 
 8.33897665e-01  1.72905963e+00  8.33897665e-01  3.05508047e+01 
 8.43555041e-01  1.75468051e+00  8.43555041e-01  3.02628200e+01 
 8.53324260e-01  1.77986500e+00  8.53324260e-01  2.99764622e+01 
 8.63206616e-01  1.80461804e+00  8.63206616e-01  2.96917506e+01 
 8.73203419e-01  1.82894464e+00  8.73203419e-01  2.94087035e+01 
 8.83315996e-01  1.85284979e+00  8.83315996e-01  2.91273389e+01 
 8.93545686e-01  1.87633855e+00  8.93545686e-01  2.88476736e+01 
 9.03893847e-01  1.89941595e+00  9.03893847e-01  2.85697239e+01 
 9.14361849e-01  1.92208707e+00  9.14361849e-01  2.82935053e+01 
 9.24951082e-01  1.94435700e+00  9.24951082e-01  2.80190324e+01 
 9.35662949e-01  1.96623082e+00  9.35662949e-01  2.77463194e+01 
 9.46498870e-01  1.98771364e+00  9.46498870e-01  2.74753794e+01 
 9.57460281e-01  2.00881055e+00  9.57460281e-01  2.72062250e+01 
 9.68548637e-01  2.02952666e+00  9.68548637e-01  2.69388681e+01 
 9.79765408e-01  2.04986706e+00  9.79765408e-01  2.66733197e+01 
 9.91112080e-01  2.06983687e+00  9.91112080e-01  2.64095903e+01 
 1.00259016e+00  2.08944117e+00  1.00259016e+00  2.61476897e+01 
 1.01420116e+00  2.10868504e+00  1.01420116e+00  2.58876268e+01 
 1.02594664e+00  2.12757354e+00  1.02594664e+00  2.56294101e+01 
 1.03782813e+00  2.14611175e+00  1.03782813e+00  2.53730473e+01 
 1.04984723e+00  2.16430469e+00  1.04984723e+00  2.51185455e+01 
 1.06200552e+00  2.18215738e+00  1.06200552e+00  2.48659110e+01 
 1.07430462e+00  2.19967484e+00  1.07430462e+00  2.46151497e+01 
 1.08674615e+00  2.21686203e+00  1.08674615e+00  2.43662668e+01 
 1.09933176e+00  2.23372392e+00  1.09933176e+00  2.41192669e+01 
 1.11206313e+00  2.25026542e+00  1.11206313e+00  2.38741538e+01 
 1.12494195e+00  2.26649144e+00  1.12494195e+00  2.36309311e+01 
 1.13796991e+00  2.28240684e+00  1.13796991e+00  2.33896015e+01 
 1.15114875e+00  2.29801647e+00  1.15114875e+00  2.31501673e+01 
 1.16448021e+00  2.31332513e+00  1.16448021e+00  2.29126301e+01 
 1.17796607e+00  2.32833760e+00  1.17796607e+00  2.26769912e+01 
 1.19160810e+00  2.34305860e+00  1.19160810e+00  2.24432513e+01 
 1.20540813e+00  2.35749283e+00  1.20540813e+00  2.22114103e+01 
 1.21936797e+00  2.37164496e+00  1.21936797e+00  2.19814680e+01 
 1.23348948e+00  2.38551960e+00  1.23348948e+00  2.17534235e+01 
 1.24777453e+00  2.39912133e+00  1.24777453e+00  2.15272755e+01 
 1.26222502e+00  2.41245469e+00  1.26222502e+00  2.13030222e+01 
 1.27684286e+00  2.42552418e+00  1.27684286e+00  2.10806613e+01 
 1.29162999e+00  2.43833424e+00  1.29162999e+00  2.08601901e+01 
 1.30658837e+00  2.45088928e+00  1.30658837e+00  2.06416055e+01 
 1.32171998e+00  2.46319366e+00  1.32171998e+00  2.04249041e+01 
 1.33702683e+00  2.47525169e+00  1.33702683e+00  2.02100818e+01 
 1.35251095e+00  2.48706764e+00  1.35251095e+00  1.99971343e+01 
 1.36817439e+00  2.49864574e+00  1.36817439e+00  1.97860570e+01 
 1.38401923e+00  2.50999016e+00  1.38401923e+00  1.95768448e+01 
 1.40004757e+00  2.52110501e+00  1.40004757e+00  1.93694922e+01 
 1.41626153e+00  2.53199437e+00  1.41626153e+00  1.91639935e+01 
 1.43266327e+00  2.54266228e+00  1.43266327e+00  1.89603426e+01 
 1.44925496e+00  2.55311269e+00  1.44925496e+00  1.87585331e+01 
 1.46603879e+00  2.56334955e+00  1.46603879e+00  1.85585582e+01 
 1.48301700e+00  2.57337673e+00  1.48301700e+00  1.83604109e+01 
 1.50019183e+00  2.58319804e+00  1.50019183e+00  1.81640840e+01 
 1.51756557e+00  2.59281727e+00  1.51756557e+00  1.79695697e+01 
 1.53514051e+00  2.60223814e+00  1.53514051e+00  1.77768604e+01 
 1.55291899e+00  2.61146433e+00  1.55291899e+00  1.75859478e+01 
 1.57090335e+00  2.62049944e+00  1.57090335e+00  1.73968236e+01 
 1.58909600e+00  2.62934707e+00  1.58909600e+00  1.72094792e+01 
 1.60749933e+00  2.63801071e+00  1.60749933e+00  1.70239058e+01 
 1.62611580e+00  2.64649386e+00  1.62611580e+00  1.68400944e+01 
 1.64494786e+00  2.65479992e+00  1.64494786e+00  1.66580358e+01 
 1.66399802e+00  2.66293226e+00  1.66399802e+00  1.64777204e+01 
 1.68326879e+00  2.67089420e+00  1.68326879e+00  1.62991388e+01 
 1.70276274e+00  2.67868901e+00  1.70276274e+00  1.61222810e+01 
 1.72248245e+00  2.68631990e+00  1.72248245e+00  1.59471371e+01 
 1.74243054e+00  2.69379005e+00  1.74243054e+00  1.57736971e+01 
 1.76260964e+00  2.70110256e+00  1.76260964e+00  1.56019505e+01 
 1.78302244e+00  2.70826052e+00  1.78302244e+00  1.54318870e+01 
 1.80367164e+00  2.71526694e+00  1.80367164e+00  1.52634961e+01 
 1.82455997e+00  2.72212479e+00  1.82455997e+00  1.50967670e+01 
 1.84569022e+00  2.72883699e+00  1.84569022e+00  1.49316890e+01 
 1.86706517e+00  2.73540642e+00  1.86706517e+00  1.47682510e+01 
 1.88868767e+00  2.74183591e+00  1.88868767e+00  1.46064421e+01 
 1.91056058e+00  2.74812824e+00  1.91056058e+00  1.44462512e+01 
 1.93268680e+00  2.75428613e+00  1.93268680e+00  1.42876670e+01 
 1.95506926e+00  2.76031229e+00  1.95506926e+00  1.41306782e+01 
 1.97771094e+00  2.76620934e+00  1.97771094e+00  1.39752734e+01 
 2.00061483e+00  2.77197989e+00  2.00061483e+00  1.38214412e+01 
 2.02378396e+00  2.77762648e+00  2.02378396e+00  1.36691701e+01 
 2.04722142e+00  2.78315163e+00  2.04722142e+00  1.35184484e+01 
 2.07093031e+00  2.78855779e+00  2.07093031e+00  1.33692646e+01 
 2.09491378e+00  2.79384739e+00  2.09491378e+00  1.32216069e+01 
 2.11917499e+00  2.79902280e+00  2.11917499e+00  1.30754636e+01 
 2.14371718e+00  2.80408635e+00  2.14371718e+00  1.29308230e+01 
 2.16854358e+00  2.80904033e+00  2.16854358e+00  1.27876732e+01 
 2.19365751e+00  2.81388700e+00  2.19365751e+00  1.26460024e+01 
 2.21906227e+00  2.81862856e+00  2.21906227e+00  1.25057987e+01 
 2.24476125e+00  2.82326719e+00  2.24476125e+00  1.23670504e+01 
 2.27075785e+00  2.82780500e+00  2.27075785e+00  1.22297454e+01 
 2.29705552e+00  2.83224409e+00  2.29705552e+00  1.20938719e+01 
 2.32365774e+00  2.83658651e+00  2.32365774e+00  1.19594181e+01 
 2.35056804e+00  2.84083427e+00  2.35056804e+00  1.18263719e+01 
 2.37778999e+00  2.84498935e+00  2.37778999e+00  1.16947215e+01 
 2.40532720e+00  2.84905367e+00  2.40532720e+00  1.15644550e+01 
 2.43318331e+00  2.85302915e+00  2.43318331e+00  1.14355605e+01 
 2.46136203e+00  2.85691764e+00  2.46136203e+00  1.13080262e+01 
 2.48986709e+00  2.86072097e+00  2.48986709e+00  1.11818402e+01 
 2.51870226e+00  2.86444094e+00  2.51870226e+00  1.10569906e+01 
 2.54787137e+00  2.86807930e+00  2.54787137e+00  1.09334657e+01 
 2.57737829e+00  2.87163778e+00  2.57737829e+00  1.08112536e+01 
 2.60722693e+00  2.87511806e+00  2.60722693e+00  1.06903426e+01 
 2.63742125e+00  2.87852181e+00  2.63742125e+00  1.05707210e+01 
 2.66796525e+00  2.88185065e+00  2.66796525e+00  1.04523772e+01 
 2.69886298e+00  2.88510618e+00  2.69886298e+00  1.03352993e+01 
 2.73011854e+00  2.88828995e+00  2.73011854e+00  1.02194759e+01 
 2.76173606e+00  2.89140349e+00  2.76173606e+00  1.01048954e+01 
 2.79371975e+00  2.89444831e+00  2.79371975e+00  9.99154616e+00 
 2.82607385e+00  2.89742588e+00  2.82607385e+00  9.87941681e+00 
 2.85880263e+00  2.90033763e+00  2.85880263e+00  9.76849589e+00 
 2.89191045e+00  2.90318498e+00  2.89191045e+00  9.65877201e+00 
 2.92540169e+00  2.90596932e+00  2.92540169e+00  9.55023385e+00 
 2.95928080e+00  2.90869199e+00  2.95928080e+00  9.44287014e+00 
 2.99355225e+00  2.91135433e+00  2.99355225e+00  9.33666964e+00 
 3.02822061e+00  2.91395764e+00  3.02822061e+00  9.23162121e+00 
 3.06329046e+00  2.91650319e+00  3.06329046e+00  9.12771374e+00 
 3.09876645e+00  2.91899223e+00  3.09876645e+00  9.02493619e+00 
 3.13465329e+00  2.92142598e+00  3.13465329e+00  8.92327757e+00 
 3.17095574e+00  2.92380565e+00  3.17095574e+00  8.82272697e+00 
 3.20767861e+00  2.92613240e+00  3.20767861e+00  8.72327354e+00 
 3.24482676e+00  2.92840739e+00  3.24482676e+00  8.62490648e+00 
 3.28240513e+00  2.93063174e+00  3.28240513e+00  8.52761507e+00 
 3.32041869e+00  2.93280655e+00  3.32041869e+00  8.43138866e+00 
 3.35887249e+00  2.93493290e+00  3.35887249e+00  8.33621666e+00 
 3.39777162e+00  2.93701185e+00  3.39777162e+00  8.24208855e+00 
 3.43712125e+00  2.93904443e+00  3.43712125e+00  8.14899389e+00 
 3.47692658e+00  2.94103166e+00  3.47692658e+00  8.05692230e+00 
 3.51719290e+00  2.94297452e+00  3.51719290e+00  7.96586347e+00 
 3.55792554e+00  2.94487400e+00  3.55792554e+00  7.87580717e+00 
 3.59912991e+00  2.94673103e+00  3.59912991e+00  7.78674324e+00 
 3.64081146e+00  2.94854656e+00  3.64081146e+00  7.69866159e+00 
 3.68297573e+00  2.95032149e+00  3.68297573e+00  7.61155221e+00 
 3.72562831e+00  2.95205671e+00  3.72562831e+00  7.52540517e+00 
 3.76877484e+00  2.95375310e+00  3.76877484e+00  7.44021059e+00 
 3.81242106e+00  2.95541151e+00  3.81242106e+00  7.35595869e+00 
 3.85657274e+00  2.95703277e+00  3.85657274e+00  7.27263975e+00 
 3.90123574e+00  2.95861772e+00  3.90123574e+00  7.19024415e+00 
 3.94641599e+00  2.96016714e+00  3.94641599e+00  7.10876231e+00 
 3.99211947e+00  2.96168182e+00  3.99211947e+00  7.02818475e+00 
 4.03835224e+00  2.96316252e+00  4.03835224e+00  6.94850207e+00 
 4.08512043e+00  2.96461001e+00  4.08512043e+00  6.86970493e+00 
 4.13243025e+00  2.96602501e+00  4.13243025e+00  6.79178407e+00 
 4.18028796e+00  2.96740824e+00  4.18028796e+00  6.71473032e+00 
 4.22869991e+00  2.96876040e+00  4.22869991e+00  6.63853458e+00 
 4.27767252e+00  2.97008220e+00  4.27767252e+00  6.56318783e+00 
 4.32721228e+00  2.97137428e+00  4.32721228e+00  6.48868110e+00 
 4.37732577e+00  2.97263733e+00  4.37732577e+00  6.41500554e+00 
 4.42801962e+00  2.97387197e+00  4.42801962e+00  6.34215235e+00 
 4.47930055e+00  2.97507885e+00  4.47930055e+00  6.27011282e+00 
 4.53117537e+00  2.97625857e+00  4.53117537e+00  6.19887830e+00 
 4.58365095e+00  2.97741175e+00  4.58365095e+00  6.12844022e+00 
 4.63673425e+00  2.97853897e+00  4.63673425e+00  6.05879011e+00 
 4.69043232e+00  2.97964081e+00  4.69043232e+00  5.98991955e+00 
 4.74475225e+00  2.98071784e+00  4.74475225e+00  5.92182020e+00 
 4.79970127e+00  2.98177061e+00  4.79970127e+00  5.85448381e+00 
 4.85528665e+00  2.98279965e+00  4.85528665e+00  5.78790219e+00 
 4.91151577e+00  2.98380551e+00  4.91151577e+00  5.72206724e+00 
 4.96839608e+00  2.98478869e+00  4.96839608e+00  5.65697091e+00 
 5.02593512e+00  2.98574970e+00  5.02593512e+00  5.59260526e+00 
 5.08414052e+00  2.98668905e+00  5.08414052e+00  5.52896239e+00 
 5.14302000e+00  2.98760720e+00  5.14302000e+00  5.46603450e+00 
 5.20258136e+00  2.98850464e+00  5.20258136e+00  5.40381385e+00 
 5.26283250e+00  2.98938182e+00  5.26283250e+00  5.34229278e+00 
 5.32378141e+00  2.99023921e+00  5.32378141e+00  5.28146370e+00 
 5.38543617e+00  2.99107724e+00  5.38543617e+00  5.22131909e+00 
 5.44780495e+00  2.99189635e+00  5.44780495e+00  5.16185151e+00 
 5.51089603e+00  2.99269697e+00  5.51089603e+00  5.10305358e+00 
 5.57471776e+00  2.99347950e+00  5.57471776e+00  5.04491801e+00 
 5.63927862e+00  2.99424435e+00  5.63927862e+00  4.98743757e+00 
 5.70458716e+00  2.99499191e+00  5.70458716e+00  4.93060509e+00 
 5.77065203e+00  2.99572259e+00  5.77065203e+00  4.87441349e+00 
 5.83748200e+00  2.99643675e+00  5.83748200e+00  4.81885576e+00 
 5.90508593e+00  2.99713476e+00  5.90508593e+00  4.76392494e+00 
 5.97347279e+00  2.99781699e+00  5.97347279e+00  4.70961415e+00 
 6.04265163e+00  2.99848380e+00  6.04265163e+00  4.65591659e+00 
 6.11263163e+00  2.99913552e+00  6.11263163e+00  4.60282550e+00 
 6.18342207e+00  2.99977250e+00  6.18342207e+00  4.55033423e+00 
 6.25503234e+00  3.00039507e+00  6.25503234e+00  4.49843616e+00 
 6.32747192e+00  3.00100355e+00  6.32747192e+00  4.44712474e+00 
 6.40075043e+00  3.00159827e+00  6.40075043e+00  4.39639351e+00 
 6.47487758e+00  3.00217952e+00  6.47487758e+00  4.34623606e+00 
 6.54986319e+00  3.00274761e+00  6.54986319e+00  4.29664605e+00 
 6.62571722e+00  3.00330285e+00  6.62571722e+00  4.24761719e+00 
 6.70244971e+00  3.00384551e+00  6.70244971e+00  4.19914327e+00 
 6.78007084e+00  3.00437589e+00  6.78007084e+00  4.15121815e+00 
 6.85859090e+00  3.00489425e+00  6.85859090e+00  4.10383573e+00 
 6.93802030e+00  3.00540087e+00  6.93802030e+00  4.05699000e+00 
 7.01836957e+00  3.00589602e+00  7.01836957e+00  4.01067500e+00 
 7.09964937e+00  3.00637995e+00  7.09964937e+00  3.96488482e+00 
 7.18187048e+00  3.00685291e+00  7.18187048e+00  3.91961362e+00 
 7.26504378e+00  3.00731516e+00  7.26504378e+00  3.87485564e+00 
 7.34918032e+00  3.00776693e+00  7.34918032e+00  3.83060516e+00 
 7.43429124e+00  3.00820846e+00  7.43429124e+00  3.78685652e+00 
 7.52038784e+00  3.00863998e+00  7.52038784e+00  3.74360412e+00 
 7.60748151e+00  3.00906173e+00  7.60748151e+00  3.70084242e+00 
 7.69558382e+00  3.00947391e+00  7.69558382e+00  3.65856596e+00 
 7.78470645e+00  3.00987674e+00  7.78470645e+00  3.61676930e+00 
 7.87486120e+00  3.01027044e+00  7.87486120e+00  3.57544708e+00 
 7.96606004e+00  3.01065521e+00  7.96606004e+00  3.53459400e+00 
 8.05831505e+00  3.01103126e+00  8.05831505e+00  3.49420480e+00 
 8.15163847e+00  3.01139878e+00  8.15163847e+00  3.45427429e+00 
 8.24604267e+00  3.01175796e+00  8.24604267e+00  3.41479733e+00 
 8.34154016e+00  3.01210899e+00  8.34154016e+00  3.37576884e+00 
 8.43814361e+00  3.01245206e+00  8.43814361e+00  3.33718379e+00 
 8.53586583e+00  3.01278735e+00  8.53586583e+00  3.29903720e+00 
 8.63471977e+00  3.01311502e+00  8.63471977e+00  3.26132414e+00 
 8.73471853e+00  3.01343527e+00  8.73471853e+00  3.22403976e+00 
 8.83587539e+00  3.01374824e+00  8.83587539e+00  3.18717922e+00 
 8.93820374e+00  3.01405411e+00  8.93820374e+00  3.15073778e+00 
 9.04171716e+00  3.01435304e+00  9.04171716e+00  3.11471070e+00 
 9.14642936e+00  3.01464519e+00  9.14642936e+00  3.07909334e+00 
 9.25235424e+00  3.01493070e+00  9.25235424e+00  3.04388107e+00 
 9.35950584e+00  3.01520973e+00  9.35950584e+00  3.00906934e+00 
 9.46789836e+00  3.01548243e+00  9.46789836e+00  2.97465363e+00 
 9.57754617e+00  3.01574894e+00  9.57754617e+00  2.94062948e+00 
 9.68846382e+00  3.01600939e+00  9.68846382e+00  2.90699247e+00 
 9.80066601e+00  3.01626393e+00  9.80066601e+00  2.87373824e+00 
 9.91416761e+00  3.01651270e+00  9.91416761e+00  2.84086247e+00 
 1.00289837e+01  3.01675581e+00  1.00289837e+01  2.80836088e+00 
 1.01451294e+01  3.01699340e+00  1.01451294e+01  2.77622925e+00 
 1.02626203e+01  3.01722560e+00  1.02626203e+01  2.74446340e+00 
 1.03814717e+01  3.01745252e+00  1.03814717e+01  2.71305919e+00 
 1.05016997e+01  3.01767429e+00  1.05016997e+01  2.68201254e+00 
 1.06233199e+01  3.01789102e+00  1.06233199e+01  2.65131941e+00 
 1.07463487e+01  3.01810283e+00  1.07463487e+01  2.62097579e+00 
 1.08708023e+01  3.01830982e+00  1.08708023e+01  2.59097773e+00 
 1.09966971e+01  3.01851212e+00  1.09966971e+01  2.56132132e+00 
 1.11240500e+01  3.01870982e+00  1.11240500e+01  2.53200268e+00 
 1.12528777e+01  3.01890302e+00  1.12528777e+01  2.50301800e+00 
 1.13831974e+01  3.01909184e+00  1.13831974e+01  2.47436349e+00 
 1.15150263e+01  3.01927637e+00  1.15150263e+01  2.44603541e+00 
 1.16483819e+01  3.01945670e+00  1.16483819e+01  2.41803005e+00 
 1.17832819e+01  3.01963294e+00  1.17832819e+01  2.39034376e+00 
 1.19197442e+01  3.01980517e+00  1.19197442e+01  2.36297292e+00 
 1.20577869e+01  3.01997349e+00  1.20577869e+01  2.33591395e+00 
 1.21974282e+01  3.02013799e+00  1.21974282e+01  2.30916331e+00 
 1.23386867e+01  3.02029874e+00  1.23386867e+01  2.28271750e+00 
 1.24815812e+01  3.02045584e+00  1.24815812e+01  2.25657306e+00 
 1.26261305e+01  3.02060938e+00  1.26261305e+01  2.23072656e+00 
 1.27723538e+01  3.02075942e+00  1.27723538e+01  2.20517462e+00 
 1.29202705e+01  3.02090605e+00  1.29202705e+01  2.17991389e+00 
 1.30699003e+01  3.02104935e+00  1.30699003e+01  2.15494107e+00 
 1.32212629e+01  3.02118939e+00  1.32212629e+01  2.13025288e+00 
 1.33743785e+01  3.02132625e+00  1.33743785e+01  2.10584608e+00 
 1.35292673e+01  3.02146000e+00  1.35292673e+01  2.08171747e+00 
 1.36859499e+01  3.02159071e+00  1.36859499e+01  2.05786389e+00 
 1.38444470e+01  3.02171845e+00  1.38444470e+01  2.03428221e+00 
 1.40047796e+01  3.02184328e+00  1.40047796e+01  2.01096933e+00 
 1.41669691e+01  3.02196528e+00  1.41669691e+01  1.98792220e+00 
 1.43310369e+01  3.02208450e+00  1.43310369e+01  1.96513778e+00 
 1.44970048e+01  3.02220102e+00  1.44970048e+01  1.94261308e+00 
 1.46648947e+01  3.02231488e+00  1.46648947e+01  1.92034516e+00 
 1.48347290e+01  3.02242616e+00  1.48347290e+01  1.89833107e+00 
 1.50065301e+01  3.02253490e+00  1.50065301e+01  1.87656793e+00 
 1.51803209e+01  3.02264117e+00  1.51803209e+01  1.85505287e+00 
 1.53561243e+01  3.02274503e+00  1.53561243e+01  1.83378308e+00 
 1.55339637e+01  3.02284653e+00  1.55339637e+01  1.81275575e+00 
 1.57138627e+01  3.02294572e+00  1.57138627e+01  1.79196811e+00 
 1.58958451e+01  3.02304265e+00  1.58958451e+01  1.77141744e+00 
 1.60799350e+01  3.02313738e+00  1.60799350e+01  1.75110102e+00 
 1.62661569e+01  3.02322996e+00  1.62661569e+01  1.73101619e+00 
 1.64545354e+01  3.02332043e+00  1.64545354e+01  1.71116030e+00 
 1.66450955e+01  3.02340884e+00  1.66450955e+01  1.69153074e+00 
 1.68378625e+01  3.02349525e+00  1.68378625e+01  1.67212493e+00 
 1.70328619e+01  3.02357969e+00  1.70328619e+01  1.65294030e+00 
 1.72301197e+01  3.02366220e+00  1.72301197e+01  1.63397433e+00 
 1.74296618e+01  3.02374285e+00  1.74296618e+01  1.61522453e+00 
 1.76315149e+01  3.02382166e+00  1.76315149e+01  1.59668843e+00 
 1.78357056e+01  3.02389868e+00  1.78357056e+01  1.57836357e+00 
 1.80422611e+01  3.02397394e+00  1.80422611e+01  1.56024755e+00 
 1.82512087e+01  3.02404750e+00  1.82512087e+01  1.54233799e+00 
 1.84625761e+01  3.02411938e+00  1.84625761e+01  1.52463251e+00 
 1.86763914e+01  3.02418963e+00  1.86763914e+01  1.50712878e+00 
 1.88926828e+01  3.02425828e+00  1.88926828e+01  1.48982451e+00 
 1.91114791e+01  3.02432537e+00  1.91114791e+01  1.47271740e+00 
 1.93328093e+01  3.02439093e+00  1.93328093e+01  1.45580520e+00 
 1.95567028e+01  3.02445501e+00  1.95567028e+01  1.43908567e+00 
 1.97831891e+01  3.02451762e+00  1.97831891e+01  1.42255663e+00 
 2.00122984e+01  3.02457882e+00  2.00122984e+01  1.40621587e+00 
 2.02440610e+01  3.02463862e+00  2.02440610e+01  1.39006125e+00 
 2.04785077e+01  3.02469706e+00  2.04785077e+01  1.37409064e+00 
 2.07156695e+01  3.02475417e+00  2.07156695e+01  1.35830192e+00 
 2.09555778e+01  3.02480999e+00  2.09555778e+01  1.34269302e+00 
 2.11982645e+01  3.02486453e+00  2.11982645e+01  1.32726187e+00 
 2.14437618e+01  3.02491784e+00  2.14437618e+01  1.31200643e+00 
 2.16921022e+01  3.02496993e+00  2.16921022e+01  1.29692470e+00 
 2.19433187e+01  3.02502084e+00  2.19433187e+01  1.28201468e+00 
 2.21974444e+01  3.02507059e+00  2.21974444e+01  1.26727441e+00 
 2.24545132e+01  3.02511921e+00  2.24545132e+01  1.25270192e+00 
 2.27145591e+01  3.02516672e+00  2.27145591e+01  1.23829531e+00 
 2.29776167e+01  3.02521316e+00  2.29776167e+01  1.22405267e+00 
 2.32437206e+01  3.02525853e+00  2.32437206e+01  1.20997211e+00 
 2.35129064e+01  3.02530288e+00  2.35129064e+01  1.19605178e+00 
 2.37852095e+01  3.02534622e+00  2.37852095e+01  1.18228983e+00 
 2.40606663e+01  3.02538857e+00  2.40606663e+01  1.16868446e+00 
 2.43393131e+01  3.02542996e+00  2.43393131e+01  1.15523386e+00 
 2.46211869e+01  3.02547041e+00  2.46211869e+01  1.14193625e+00 
 2.49063250e+01  3.02550994e+00  2.49063250e+01  1.12878987e+00 
 2.51947654e+01  3.02554857e+00  2.51947654e+01  1.11579300e+00 
 2.54865462e+01  3.02558632e+00  2.54865462e+01  1.10294390e+00 
 2.57817061e+01  3.02562321e+00  2.57817061e+01  1.09024089e+00 
 2.60802843e+01  3.02565927e+00  2.60802843e+01  1.07768228e+00 
 2.63823203e+01  3.02569450e+00  2.63823203e+01  1.06526642e+00 
 2.66878542e+01  3.02572894e+00  2.66878542e+01  1.05299165e+00 
 2.69969265e+01  3.02576259e+00  2.69969265e+01  1.04085636e+00 
 2.73095781e+01  3.02579547e+00  2.73095781e+01  1.02885895e+00 
 2.76258506e+01  3.02582761e+00  2.76258506e+01  1.01699783e+00 
 2.79457858e+01  3.02585902e+00  2.79457858e+01  1.00527142e+00 
 2.82694262e+01  3.02588971e+00  2.82694262e+01  9.93678179e-01 
 2.85968147e+01  3.02591970e+00  2.85968147e+01  9.82216574e-01 
 2.89279946e+01  3.02594902e+00  2.89279946e+01  9.70885087e-01 
 2.92630100e+01  3.02597766e+00  2.92630100e+01  9.59682219e-01 
 2.96019052e+01  3.02600566e+00  2.96019052e+01  9.48606489e-01 
 2.99447251e+01  3.02603302e+00  2.99447251e+01  9.37656431e-01 
 3.02915152e+01  3.02605976e+00  3.02915152e+01  9.26830597e-01 
 3.06423215e+01  3.02608589e+00  3.06423215e+01  9.16127555e-01 
 3.09971905e+01  3.02611142e+00  3.09971905e+01  9.05545888e-01 
 3.13561693e+01  3.02613637e+00  3.13561693e+01  8.95084196e-01 
 3.17193054e+01  3.02616076e+00  3.17193054e+01  8.84741095e-01 
 3.20866469e+01  3.02618459e+00  3.20866469e+01  8.74515217e-01 
 3.24582427e+01  3.02620789e+00  3.24582427e+01  8.64405208e-01 
 3.28341419e+01  3.02623065e+00  3.28341419e+01  8.54409730e-01 
 3.32143943e+01  3.02625289e+00  3.32143943e+01  8.44527460e-01 
 3.35990505e+01  3.02627463e+00  3.35990505e+01  8.34757091e-01 
 3.39881614e+01  3.02629587e+00  3.39881614e+01  8.25097329e-01 
 3.43817786e+01  3.02631663e+00  3.43817786e+01  8.15546896e-01 
 3.47799543e+01  3.02633692e+00  3.47799543e+01  8.06104528e-01 
 3.51827413e+01  3.02635675e+00  3.51827413e+01  7.96768975e-01 
 3.55901929e+01  3.02637613e+00  3.55901929e+01  7.87539001e-01 
 3.60023633e+01  3.02639506e+00  3.60023633e+01  7.78413384e-01 
 3.64193070e+01  3.02641357e+00  3.64193070e+01  7.69390916e-01 
 3.68410793e+01  3.02643165e+00  3.68410793e+01  7.60470403e-01 
 3.72677361e+01  3.02644933e+00  3.72677361e+01  7.51650664e-01 
 3.76993341e+01  3.02646660e+00  3.76993341e+01  7.42930531e-01 
 3.81359304e+01  3.02648348e+00  3.81359304e+01  7.34308850e-01 
 3.85775830e+01  3.02649997e+00  3.85775830e+01  7.25784478e-01 
 3.90243503e+01  3.02651609e+00  3.90243503e+01  7.17356289e-01 
 3.94762917e+01  3.02653185e+00  3.94762917e+01  7.09023164e-01 
 3.99334670e+01  3.02654724e+00  3.99334670e+01  7.00784002e-01 
 4.03959368e+01  3.02656229e+00  4.03959368e+01  6.92637710e-01 
 4.08637625e+01  3.02657699e+00  4.08637625e+01  6.84583211e-01 
 4.13370061e+01  3.02659136e+00  4.13370061e+01  6.76619438e-01 
 4.18157303e+01  3.02660540e+00  4.18157303e+01  6.68745336e-01 
 4.22999987e+01  3.02661912e+00  4.22999987e+01  6.60959862e-01 
 4.27898753e+01  3.02663254e+00  4.27898753e+01  6.53261985e-01 
 4.32854253e+01  3.02664564e+00  4.32854253e+01  6.45650686e-01 
 4.37867142e+01  3.02665845e+00  4.37867142e+01  6.38124956e-01 
 4.42938085e+01  3.02667097e+00  4.42938085e+01  6.30683800e-01 
 4.48067755e+01  3.02668320e+00  4.48067755e+01  6.23326231e-01 
 4.53256831e+01  3.02669515e+00  4.53256831e+01  6.16051275e-01 
 4.58506003e+01  3.02670683e+00  4.58506003e+01  6.08857969e-01 
 4.63815965e+01  3.02671825e+00  4.63815965e+01  6.01745359e-01 
 4.69187422e+01  3.02672941e+00  4.69187422e+01  5.94712503e-01 
 4.74621085e+01  3.02674031e+00  4.74621085e+01  5.87758470e-01 
 4.80117676e+01  3.02675097e+00  4.80117676e+01  5.80882339e-01 
 4.85677923e+01  3.02676138e+00  4.85677923e+01  5.74083199e-01 
 4.91302564e+01  3.02677155e+00  4.91302564e+01  5.67360150e-01 
 4.96992343e+01  3.02678150e+00  4.96992343e+01  5.60712299e-01 
 5.02748016e+01  3.02679122e+00  5.02748016e+01  5.54138768e-01 
 5.08570345e+01  3.02680071e+00  5.08570345e+01  5.47638685e-01 
 5.14460103e+01  3.02681000e+00  5.14460103e+01  5.41211189e-01 
 5.20418070e+01  3.02681907e+00  5.20418070e+01  5.34855429e-01 
 5.26445036e+01  3.02682793e+00  5.26445036e+01  5.28570562e-01 
 5.32541801e+01  3.02683659e+00  5.32541801e+01  5.22355756e-01 
 5.38709172e+01  3.02684506e+00  5.38709172e+01  5.16210187e-01 
 5.44947968e+01  3.02685333e+00  5.44947968e+01  5.10133042e-01 
 5.51259015e+01  3.02686141e+00  5.51259015e+01  5.04123515e-01 
 5.57643151e+01  3.02686931e+00  5.57643151e+01  4.98180810e-01 
 5.64101221e+01  3.02687703e+00  5.64101221e+01  4.92304139e-01 
 5.70634082e+01  3.02688458e+00  5.70634082e+01  4.86492725e-01 
 5.77242601e+01  3.02689195e+00  5.77242601e+01  4.80745796e-01 
 5.83927652e+01  3.02689916e+00  5.83927652e+01  4.75062592e-01 
 5.90690124e+01  3.02690620e+00  5.90690124e+01  4.69442359e-01 
 5.97530911e+01  3.02691308e+00  5.97530911e+01  4.63884353e-01 
 6.04450922e+01  3.02691981e+00  6.04450922e+01  4.58387838e-01 
 6.11451073e+01  3.02692638e+00  6.11451073e+01  4.52952084e-01 
 6.18532294e+01  3.02693280e+00  6.18532294e+01  4.47576372e-01 
 6.25695522e+01  3.02693908e+00  6.25695522e+01  4.42259989e-01 
 6.32941707e+01  3.02694521e+00  6.32941707e+01  4.37002232e-01 
 6.40271811e+01  3.02695120e+00  6.40271811e+01  4.31802402e-01 
 6.47686804e+01  3.02695706e+00  6.47686804e+01  4.26659812e-01 
 6.55187671e+01  3.02696279e+00  6.55187671e+01  4.21573779e-01 
 6.62775405e+01  3.02696838e+00  6.62775405e+01  4.16543630e-01 
 6.70451013e+01  3.02697385e+00  6.70451013e+01  4.11568698e-01 
 6.78215512e+01  3.02697919e+00  6.78215512e+01  4.06648324e-01 
 6.86069932e+01  3.02698441e+00  6.86069932e+01  4.01781856e-01 
 6.94015314e+01  3.02698951e+00  6.94015314e+01  3.96968648e-01 
 7.02052711e+01  3.02699450e+00  7.02052711e+01  3.92208064e-01 
 7.10183190e+01  3.02699937e+00  7.10183190e+01  3.87499472e-01 
 7.18407828e+01  3.02700413e+00  7.18407828e+01  3.82842248e-01 
 7.26727715e+01  3.02700878e+00  7.26727715e+01  3.78235774e-01 
 7.35143955e+01  3.02701333e+00  7.35143955e+01  3.73679441e-01 
 7.43657664e+01  3.02701777e+00  7.43657664e+01  3.69172645e-01 
 7.52269970e+01  3.02702211e+00  7.52269970e+01  3.64714788e-01 
 7.60982015e+01  3.02702636e+00  7.60982015e+01  3.60305279e-01 
 7.69794955e+01  3.02703050e+00  7.69794955e+01  3.55943535e-01 
 7.78709957e+01  3.02703455e+00  7.78709957e+01  3.51628976e-01 
 7.87728204e+01  3.02703851e+00  7.87728204e+01  3.47361032e-01 
 7.96850891e+01  3.02704238e+00  7.96850891e+01  3.43139136e-01 
 8.06079229e+01  3.02704616e+00  8.06079229e+01  3.38962729e-01 
 8.15414439e+01  3.02704986e+00  8.15414439e+01  3.34831257e-01 
 8.24857761e+01  3.02705347e+00  8.24857761e+01  3.30744174e-01 
 8.34410446e+01  3.02705700e+00  8.34410446e+01  3.26700936e-01 
 8.44073761e+01  3.02706045e+00  8.44073761e+01  3.22701008e-01 
 8.53848987e+01  3.02706381e+00  8.53848987e+01  3.18743861e-01 
 8.63737419e+01  3.02706711e+00  8.63737419e+01  3.14828969e-01 
 8.73740370e+01  3.02707032e+00  8.73740370e+01  3.10955814e-01 
 8.83859165e+01  3.02707347e+00  8.83859165e+01  3.07123882e-01 
 8.94095146e+01  3.02707654e+00  8.94095146e+01  3.03332666e-01 
 9.04449670e+01  3.02707954e+00  9.04449670e+01  2.99581663e-01 
 9.14924110e+01  3.02708248e+00  9.14924110e+01  2.95870375e-01 
 9.25519854e+01  3.02708534e+00  9.25519854e+01  2.92198311e-01 
 9.36238307e+01  3.02708815e+00  9.36238307e+01  2.88564984e-01 
 9.47080892e+01  3.02709088e+00  9.47080892e+01  2.84969912e-01 
 9.58049044e+01  3.02709356e+00  9.58049044e+01  2.81412620e-01 
 9.69144218e+01  3.02709617e+00  9.69144218e+01  2.77892635e-01 
 9.80367886e+01  3.02709873e+00  9.80367886e+01  2.74409491e-01 
 9.91721535e+01  3.02710122e+00  9.91721535e+01  2.70962725e-01 
 1.00320667e+02  3.02710366e+00  1.00320667e+02  2.67551883e-01 
 1.01482482e+02  3.02710604e+00  1.01482482e+02  2.64176510e-01 
 1.02657751e+02  3.02710837e+00  1.02657751e+02  2.60836160e-01 
 1.03846632e+02  3.02711065e+00  1.03846632e+02  2.57530390e-01 
 1.05049280e+02  3.02711287e+00  1.05049280e+02  2.54258761e-01 
 1.06265857e+02  3.02711505e+00  1.06265857e+02  2.51020841e-01 
 1.07496523e+02  3.02711717e+00  1.07496523e+02  2.47816200e-01 
 1.08741441e+02  3.02711924e+00  1.08741441e+02  2.44644412e-01 
 1.10000777e+02  3.02712127e+00  1.10000777e+02  2.41505058e-01 
 1.11274697e+02  3.02712325e+00  1.11274697e+02  2.38397722e-01 
 1.12563370e+02  3.02712518e+00  1.12563370e+02  2.35321991e-01 
 1.13866967e+02  3.02712708e+00  1.13866967e+02  2.32277458e-01 
 1.15185661e+02  3.02712892e+00  1.15185661e+02  2.29263720e-01 
 1.16519628e+02  3.02713073e+00  1.16519628e+02  2.26280376e-01 
 1.17869043e+02  3.02713249e+00  1.17869043e+02  2.23327031e-01 
 1.19234085e+02  3.02713422e+00  1.19234085e+02  2.20403294e-01 
 1.20614936e+02  3.02713590e+00  1.20614936e+02  2.17508777e-01 
 1.22011779e+02  3.02713754e+00  1.22011779e+02  2.14643097e-01 
 1.23424798e+02  3.02713915e+00  1.23424798e+02  2.11805873e-01 
 1.24854182e+02  3.02714072e+00  1.24854182e+02  2.08996730e-01 
 1.26300119e+02  3.02714226e+00  1.26300119e+02  2.06215295e-01 
 1.27762802e+02  3.02714376e+00  1.27762802e+02  2.03461199e-01 
 1.29242424e+02  3.02714522e+00  1.29242424e+02  2.00734077e-01 
 1.30739182e+02  3.02714665e+00  1.30739182e+02  1.98033568e-01 
 1.32253273e+02  3.02714805e+00  1.32253273e+02  1.95359314e-01 
 1.33784900e+02  3.02714941e+00  1.33784900e+02  1.92710961e-01 
 1.35334264e+02  3.02715075e+00  1.35334264e+02  1.90088156e-01 
 1.36901571e+02  3.02715205e+00  1.36901571e+02  1.87490553e-01 
 1.38487029e+02  3.02715333e+00  1.38487029e+02  1.84917806e-01 
 1.40090849e+02  3.02715457e+00  1.40090849e+02  1.82369576e-01 
 1.41713242e+02  3.02715578e+00  1.41713242e+02  1.79845524e-01 
 1.43354425e+02  3.02715697e+00  1.43354425e+02  1.77345316e-01 
 1.45014614e+02  3.02715813e+00  1.45014614e+02  1.74868620e-01 
 1.46694029e+02  3.02715926e+00  1.46694029e+02  1.72415107e-01 
 1.48392894e+02  3.02716037e+00  1.48392894e+02  1.69984453e-01 
 1.50111433e+02  3.02716145e+00  1.50111433e+02  1.67576336e-01 
 1.51849875e+02  3.02716251e+00  1.51849875e+02  1.65190435e-01 
 1.53608450e+02  3.02716354e+00  1.53608450e+02  1.62826435e-01 
 1.55387391e+02  3.02716455e+00  1.55387391e+02  1.60484023e-01 
 1.57186933e+02  3.02716553e+00  1.57186933e+02  1.58162887e-01 
 1.59007317e+02  3.02716649e+00  1.59007317e+02  1.55862721e-01 
 1.60848782e+02  3.02716743e+00  1.60848782e+02  1.53583218e-01 
 1.62711573e+02  3.02716834e+00  1.62711573e+02  1.51324078e-01 
 1.64595937e+02  3.02716924e+00  1.64595937e+02  1.49085000e-01 
 1.66502124e+02  3.02717011e+00  1.66502124e+02  1.46865688e-01 
 1.68430387e+02  3.02717097e+00  1.68430387e+02  1.44665847e-01 
 1.70380981e+02  3.02717180e+00  1.70380981e+02  1.42485186e-01 
 1.72354164e+02  3.02717261e+00  1.72354164e+02  1.40323415e-01 
 1.74350199e+02  3.02717341e+00  1.74350199e+02  1.38180249e-01 
 1.76369351e+02  3.02717418e+00  1.76369351e+02  1.36055402e-01 
 1.78411886e+02  3.02717494e+00  1.78411886e+02  1.33948594e-01 
 1.80478075e+02  3.02717568e+00  1.80478075e+02  1.31859545e-01 
 1.82568193e+02  3.02717640e+00  1.82568193e+02  1.29787978e-01 
 1.84682517e+02  3.02717711e+00  1.84682517e+02  1.27733618e-01 
 1.86821327e+02  3.02717779e+00  1.86821327e+02  1.25696193e-01 
 1.88984907e+02  3.02717847e+00  1.88984907e+02  1.23675432e-01 
 1.91173543e+02  3.02717912e+00  1.91173543e+02  1.21671069e-01 
 1.93387525e+02  3.02717976e+00  1.93387525e+02  1.19682837e-01 
 1.95627148e+02  3.02718038e+00  1.95627148e+02  1.17710473e-01 
 1.97892707e+02  3.02718099e+00  1.97892707e+02  1.15753714e-01 
 2.00184505e+02  3.02718159e+00  2.00184505e+02  1.13812303e-01 
 2.02502843e+02  3.02718217e+00  2.02502843e+02  1.11885981e-01 
 2.04848030e+02  3.02718273e+00  2.04848030e+02  1.09974492e-01 
 2.07220377e+02  3.02718329e+00  2.07220377e+02  1.08077585e-01 
 2.09620198e+02  3.02718382e+00  2.09620198e+02  1.06195006e-01 
 2.12047812e+02  3.02718435e+00  2.12047812e+02  1.04326507e-01 
 2.14503539e+02  3.02718486e+00  2.14503539e+02  1.02471839e-01 
 2.16987707e+02  3.02718536e+00  2.16987707e+02  1.00630757e-01 
 2.19500643e+02  3.02718585e+00  2.19500643e+02  9.88030175e-02 
 2.22042682e+02  3.02718632e+00  2.22042682e+02  9.69883770e-02 
 2.24614160e+02  3.02718679e+00  2.24614160e+02  9.51865953e-02 
 2.27215419e+02  3.02718724e+00  2.27215419e+02  9.33974337e-02 
 2.29846803e+02  3.02718768e+00  2.29846803e+02  9.16206547e-02 
 2.32508661e+02  3.02718811e+00  2.32508661e+02  8.98560230e-02 
 2.35201345e+02  3.02718852e+00  2.35201345e+02  8.81033045e-02 
 2.37925214e+02  3.02718893e+00  2.37925214e+02  8.63622669e-02 
 2.40680628e+02  3.02718933e+00  2.40680628e+02  8.46326793e-02 
 2.43467953e+02  3.02718971e+00  2.43467953e+02  8.29143125e-02 
 2.46287557e+02  3.02719009e+00  2.46287557e+02  8.12069386e-02 
 2.49139816e+02  3.02719045e+00  2.49139816e+02  7.95103313e-02 
 2.52025106e+02  3.02719081e+00  2.52025106e+02  7.78242655e-02 
 2.54943811e+02  3.02719116e+00  2.54943811e+02  7.61485179e-02 
 2.57896318e+02  3.02719149e+00  2.57896318e+02  7.44828662e-02 
 2.60883017e+02  3.02719182e+00  2.60883017e+02  7.28270895e-02 
 2.63904306e+02  3.02719214e+00  2.63904306e+02  7.11809684e-02 
 2.66960584e+02  3.02719245e+00  2.66960584e+02  6.95442846e-02 
 2.70052257e+02  3.02719275e+00  2.70052257e+02  6.79168211e-02 
 2.73179734e+02  3.02719305e+00  2.73179734e+02  6.62983622e-02 
 2.76343431e+02  3.02719333e+00  2.76343431e+02  6.46886933e-02 
 2.79543767e+02  3.02719361e+00  2.79543767e+02  6.30876009e-02 
 2.82781166e+02  3.02719388e+00  2.82781166e+02  6.14948727e-02 
 2.86056057e+02  3.02719414e+00  2.86056057e+02  5.99102978e-02 
 2.89368875e+02  3.02719439e+00  2.89368875e+02  5.83336658e-02 
 2.92720058e+02  3.02719463e+00  2.92720058e+02  5.67647679e-02 
 2.96110052e+02  3.02719487e+00  2.96110052e+02  5.52033959e-02 
 2.99539305e+02  3.02719510e+00  2.99539305e+02  5.36493429e-02 
 3.03008272e+02  3.02719532e+00  3.03008272e+02  5.21024029e-02 
 3.06517414e+02  3.02719554e+00  3.06517414e+02  5.05623708e-02 
 3.10067195e+02  3.02719575e+00  3.10067195e+02  4.90290423e-02 
 3.13658086e+02  3.02719595e+00  3.13658086e+02  4.75022142e-02 
 3.17290563e+02  3.02719615e+00  3.17290563e+02  4.59816840e-02 
 3.20965108e+02  3.02719633e+00  3.20965108e+02  4.44672502e-02 
 3.24682207e+02  3.02719652e+00  3.24682207e+02  4.29587120e-02 
 3.28442355e+02  3.02719669e+00  3.28442355e+02  4.14558694e-02 
 3.32246049e+02  3.02719686e+00  3.32246049e+02  3.99585231e-02 
 3.36093793e+02  3.02719702e+00  3.36093793e+02  3.84664745e-02 
 3.39986099e+02  3.02719718e+00  3.39986099e+02  3.69795260e-02 
 3.43923481e+02  3.02719733e+00  3.43923481e+02  3.54974802e-02 
 3.47906461e+02  3.02719747e+00  3.47906461e+02  3.40201409e-02 
 3.51935569e+02  3.02719761e+00  3.51935569e+02  3.25473120e-02 
 3.56011338e+02  3.02719774e+00  3.56011338e+02  3.10787983e-02 
 3.60134309e+02  3.02719787e+00  3.60134309e+02  2.96144051e-02 
 3.64305027e+02  3.02719799e+00  3.64305027e+02  2.81539382e-02 
 3.68524047e+02  3.02719810e+00  3.68524047e+02  2.66972041e-02 
 3.72791927e+02  3.02719821e+00  3.72791927e+02  2.52440096e-02 
 3.77109234e+02  3.02719831e+00  3.77109234e+02  2.37941619e-02 
 3.81476539e+02  3.02719841e+00  3.81476539e+02  2.23474690e-02 
 3.85894423e+02  3.02719850e+00  3.85894423e+02  2.09037389e-02 
 3.90363469e+02  3.02719859e+00  3.90363469e+02  1.94627804e-02 
 3.94884272e+02  3.02719867e+00  3.94884272e+02  1.80244022e-02 
 3.99457430e+02  3.02719875e+00  3.99457430e+02  1.65884138e-02 
 4.04083550e+02  3.02719882e+00  4.04083550e+02  1.51546246e-02 
 4.08763246e+02  3.02719888e+00  4.08763246e+02  1.37228448e-02 
 4.13497136e+02  3.02719894e+00  4.13497136e+02  1.22928843e-02 
 4.18285850e+02  3.02719900e+00  4.18285850e+02  1.08645537e-02 
 4.23130023e+02  3.02719905e+00  4.23130023e+02  9.43766348e-03 
 4.28030295e+02  3.02719909e+00  4.28030295e+02  8.01202456e-03 
 4.32987318e+02  3.02719913e+00  4.32987318e+02  6.58744789e-03 
 4.38001748e+02  3.02719916e+00  4.38001748e+02  5.16374459e-03 
 4.43074250e+02  3.02719919e+00  4.43074250e+02  3.74072592e-03 
 4.48205497e+02  3.02719922e+00  4.48205497e+02  2.31820320e-03 
 4.53396168e+02  3.02719923e+00  4.53396168e+02  8.95987830e-04 
 4.58646954e+02  3.02719925e+00  4.58646954e+02 -5.26108751e-04 
 4.63958548e+02  3.02719926e+00  4.63958548e+02 -1.94827509e-03 
 4.69331656e+02  3.02719926e+00  4.69331656e+02 -3.37069974e-03 
 4.74766990e+02  3.02719926e+00  4.74766990e+02 -4.79357128e-03 
 4.80265271e+02  3.02719925e+00  4.80265271e+02 -6.21707838e-03 
 4.85827227e+02  3.02719924e+00  4.85827227e+02 -7.64140976e-03 
 4.91453597e+02  3.02719922e+00  4.91453597e+02 -9.06675425e-03 
 4.97145125e+02  3.02719920e+00  4.97145125e+02 -1.04933009e-02 
 5.02902567e+02  3.02719917e+00  5.02902567e+02 -1.19212387e-02 
 5.08726686e+02  3.02719914e+00  5.08726686e+02 -1.33507571e-02 
 5.14618255e+02  3.02719910e+00  5.14618255e+02 -1.47820455e-02 
 5.20578053e+02  3.02719906e+00  5.20578053e+02 -1.62152939e-02 
 5.26606872e+02  3.02719901e+00  5.26606872e+02 -1.76506920e-02 
 5.32705511e+02  3.02719896e+00  5.32705511e+02 -1.90884304e-02 
 5.38874778e+02  3.02719890e+00  5.38874778e+02 -2.05286996e-02 
 5.45115492e+02  3.02719884e+00  5.45115492e+02 -2.19716905e-02 
 5.51428479e+02  3.02719877e+00  5.51428479e+02 -2.34175945e-02 
 5.57814577e+02  3.02719870e+00  5.57814577e+02 -2.48666032e-02 
 5.64274633e+02  3.02719862e+00  5.64274633e+02 -2.63189089e-02 
 5.70809503e+02  3.02719853e+00  5.70809503e+02 -2.77747040e-02 
 5.77420053e+02  3.02719844e+00  5.77420053e+02 -2.92341815e-02 
 5.84107159e+02  3.02719835e+00  5.84107159e+02 -3.06975350e-02 
 5.90871709e+02  3.02719825e+00  5.90871709e+02 -3.21649584e-02 
 5.97714600e+02  3.02719814e+00  5.97714600e+02 -3.36366464e-02 
 6.04636738e+02  3.02719803e+00  6.04636738e+02 -3.51127939e-02 
 6.11639042e+02  3.02719791e+00  6.11639042e+02 -3.65935969e-02 
 6.18722439e+02  3.02719779e+00  6.18722439e+02 -3.80792515e-02 
 6.25887869e+02  3.02719766e+00  6.25887869e+02 -3.95699548e-02 
 6.33136282e+02  3.02719752e+00  6.33136282e+02 -4.10659043e-02 
 6.40468639e+02  3.02719738e+00  6.40468639e+02 -4.25672985e-02 
 6.47885912e+02  3.02719723e+00  6.47885912e+02 -4.40743364e-02 
 6.55389084e+02  3.02719708e+00  6.55389084e+02 -4.55872178e-02 
 6.62979151e+02  3.02719692e+00  6.62979151e+02 -4.71061432e-02 
 6.70657118e+02  3.02719675e+00  6.70657118e+02 -4.86313141e-02 
 6.78424004e+02  3.02719658e+00  6.78424004e+02 -5.01629326e-02 
 6.86280839e+02  3.02719640e+00  6.86280839e+02 -5.17012019e-02 
 6.94228663e+02  3.02719621e+00  6.94228663e+02 -5.32463258e-02 
 7.02268532e+02  3.02719602e+00  7.02268532e+02 -5.47985093e-02 
 7.10401510e+02  3.02719582e+00  7.10401510e+02 -5.63579581e-02 
 7.18628676e+02  3.02719561e+00  7.18628676e+02 -5.79248790e-02 
 7.26951121e+02  3.02719540e+00  7.26951121e+02 -5.94994797e-02 
 7.35369948e+02  3.02719518e+00  7.35369948e+02 -6.10819689e-02 
 7.43886274e+02  3.02719495e+00  7.43886274e+02 -6.26725566e-02 
 7.52501228e+02  3.02719472e+00  7.52501228e+02 -6.42714535e-02 
 7.61215951e+02  3.02719447e+00  7.61215951e+02 -6.58788717e-02 
 7.70031600e+02  3.02719422e+00  7.70031600e+02 -6.74950243e-02 
 7.78949343e+02  3.02719397e+00  7.78949343e+02 -6.91201255e-02 
 7.87970362e+02  3.02719370e+00  7.87970362e+02 -7.07543908e-02 
 7.97095854e+02  3.02719343e+00  7.97095854e+02 -7.23980369e-02 
 8.06327028e+02  3.02719315e+00  8.06327028e+02 -7.40512817e-02 
 8.15665108e+02  3.02719286e+00  8.15665108e+02 -7.57143443e-02 
 8.25111333e+02  3.02719256e+00  8.25111333e+02 -7.73874453e-02 
 8.34666955e+02  3.02719225e+00  8.34666955e+02 -7.90708065e-02 
 8.44333240e+02  3.02719193e+00  8.44333240e+02 -8.07646511e-02 
 8.54111471e+02  3.02719161e+00  8.54111471e+02 -8.24692036e-02 
 8.64002944e+02  3.02719127e+00  8.64002944e+02 -8.41846900e-02 
 8.74008970e+02  3.02719093e+00  8.74008970e+02 -8.59113378e-02 
 8.84130875e+02  3.02719058e+00  8.84130875e+02 -8.76493758e-02 
 8.94370003e+02  3.02719022e+00  8.94370003e+02 -8.93990346e-02 
 9.04727710e+02  3.02718984e+00  9.04727710e+02 -9.11605461e-02 
 9.15205369e+02  3.02718946e+00  9.15205369e+02 -9.29341438e-02 
 9.25804371e+02  3.02718907e+00  9.25804371e+02 -9.47200629e-02 
 9.36526119e+02  3.02718866e+00  9.36526119e+02 -9.65185401e-02 
 9.47372037e+02  3.02718825e+00  9.47372037e+02 -9.83298139e-02 
 9.58343561e+02  3.02718783e+00  9.58343561e+02 -1.00154124e-01 
 9.69442146e+02  3.02718739e+00  9.69442146e+02 -1.01991713e-01 
 9.80669264e+02  3.02718694e+00  9.80669264e+02 -1.03842825e-01 
 9.92026404e+02  3.02718648e+00  9.92026404e+02 -1.05707704e-01 
 1.00351507e+03  3.02718601e+00  1.00351507e+03 -1.07586598e-01 
 1.01513679e+03  3.02718553e+00  1.01513679e+03 -1.09479755e-01 
 1.02689310e+03  3.02718504e+00  1.02689310e+03 -1.11387428e-01 
 1.03878555e+03  3.02718453e+00  1.03878555e+03 -1.13309869e-01 
 1.05081574e+03  3.02718401e+00  1.05081574e+03 -1.15247332e-01 
 1.06298524e+03  3.02718347e+00  1.06298524e+03 -1.17200075e-01 
 1.07529569e+03  3.02718293e+00  1.07529569e+03 -1.19168357e-01 
 1.08774869e+03  3.02718236e+00  1.08774869e+03 -1.21152438e-01 
 1.10034592e+03  3.02718179e+00  1.10034592e+03 -1.23152581e-01 
 1.11308904e+03  3.02718120e+00  1.11308904e+03 -1.25169052e-01 
 1.12597973e+03  3.02718060e+00  1.12597973e+03 -1.27202118e-01 
 1.13901971e+03  3.02717998e+00  1.13901971e+03 -1.29252049e-01 
 1.15221071e+03  3.02717934e+00  1.15221071e+03 -1.31319116e-01 
 1.16555447e+03  3.02717869e+00  1.16555447e+03 -1.33403594e-01 
 1.17905277e+03  3.02717803e+00  1.17905277e+03 -1.35505758e-01 
 1.19270739e+03  3.02717735e+00  1.19270739e+03 -1.37625887e-01 
 1.20652015e+03  3.02717665e+00  1.20652015e+03 -1.39764263e-01 
 1.22049287e+03  3.02717593e+00  1.22049287e+03 -1.41921169e-01 
 1.23462740e+03  3.02717520e+00  1.23462740e+03 -1.44096891e-01 
 1.24892564e+03  3.02717445e+00  1.24892564e+03 -1.46291717e-01 
 1.26338945e+03  3.02717368e+00  1.26338945e+03 -1.48505939e-01 
 1.27802078e+03  3.02717289e+00  1.27802078e+03 -1.50739850e-01 
 1.29282155e+03  3.02717208e+00  1.29282155e+03 -1.52993745e-01 
 1.30779373e+03  3.02717126e+00  1.30779373e+03 -1.55267925e-01 
 1.32293930e+03  3.02717041e+00  1.32293930e+03 -1.57562690e-01 
 1.33826027e+03  3.02716954e+00  1.33826027e+03 -1.59878344e-01 
 1.35375867e+03  3.02716865e+00  1.35375867e+03 -1.62215195e-01 
 1.36943656e+03  3.02716775e+00  1.36943656e+03 -1.64573553e-01 
 1.38529602e+03  3.02716681e+00  1.38529602e+03 -1.66953729e-01 
 1.40133915e+03  3.02716586e+00  1.40133915e+03 -1.69356041e-01 
 1.41756807e+03  3.02716489e+00  1.41756807e+03 -1.71780805e-01 
 1.43398494e+03  3.02716389e+00  1.43398494e+03 -1.74228344e-01 
 1.45059193e+03  3.02716286e+00  1.45059193e+03 -1.76698981e-01 
 1.46739125e+03  3.02716182e+00  1.46739125e+03 -1.79193046e-01 
 1.48438512e+03  3.02716074e+00  1.48438512e+03 -1.81710867e-01 
 1.50157580e+03  3.02715965e+00  1.50157580e+03 -1.84252779e-01 
 1.51896556e+03  3.02715852e+00  1.51896556e+03 -1.86819120e-01 
 1.53655671e+03  3.02715737e+00  1.53655671e+03 -1.89410228e-01 
 1.55435159e+03  3.02715619e+00  1.55435159e+03 -1.92026448e-01 
 1.57235255e+03  3.02715499e+00  1.57235255e+03 -1.94668127e-01 
 1.59056198e+03  3.02715375e+00  1.59056198e+03 -1.97335614e-01 
 1.60898229e+03  3.02715249e+00  1.60898229e+03 -2.00029264e-01 
 1.62761593e+03  3.02715120e+00  1.62761593e+03 -2.02749433e-01 
 1.64646536e+03  3.02714987e+00  1.64646536e+03 -2.05496482e-01 
 1.66553309e+03  3.02714852e+00  1.66553309e+03 -2.08270775e-01 
 1.68482165e+03  3.02714713e+00  1.68482165e+03 -2.11072681e-01 
 1.70433358e+03  3.02714571e+00  1.70433358e+03 -2.13902569e-01 
 1.72407148e+03  3.02714426e+00  1.72407148e+03 -2.16760816e-01 
 1.74403797e+03  3.02714277e+00  1.74403797e+03 -2.19647801e-01 
 1.76423569e+03  3.02714125e+00  1.76423569e+03 -2.22563906e-01 
 1.78466732e+03  3.02713969e+00  1.78466732e+03 -2.25509517e-01 
 1.80533557e+03  3.02713810e+00  1.80533557e+03 -2.28485026e-01 
 1.82624317e+03  3.02713646e+00  1.82624317e+03 -2.31490826e-01 
 1.84739291e+03  3.02713479e+00  1.84739291e+03 -2.34527316e-01 
 1.86878759e+03  3.02713308e+00  1.86878759e+03 -2.37594899e-01 
 1.89043003e+03  3.02713133e+00  1.89043003e+03 -2.40693982e-01 
 1.91232312e+03  3.02712954e+00  1.91232312e+03 -2.43824974e-01 
 1.93446975e+03  3.02712771e+00  1.93446975e+03 -2.46988291e-01 
 1.95687286e+03  3.02712583e+00  1.95687286e+03 -2.50184353e-01 
 1.97953542e+03  3.02712391e+00  1.97953542e+03 -2.53413583e-01 
 2.00246044e+03  3.02712194e+00  2.00246044e+03 -2.56676410e-01 
 2.02565095e+03  3.02711993e+00  2.02565095e+03 -2.59973264e-01 
 2.04911003e+03  3.02711787e+00  2.04911003e+03 -2.63304585e-01 
 2.07284080e+03  3.02711577e+00  2.07284080e+03 -2.66670813e-01 
 2.09684638e+03  3.02711361e+00  2.09684638e+03 -2.70072394e-01 
 2.12112998e+03  3.02711140e+00  2.12112998e+03 -2.73509780e-01 
 2.14569480e+03  3.02710915e+00  2.14569480e+03 -2.76983426e-01 
 2.17054412e+03  3.02710683e+00  2.17054412e+03 -2.80493792e-01 
 2.19568121e+03  3.02710447e+00  2.19568121e+03 -2.84041344e-01 
 2.22110941e+03  3.02710205e+00  2.22110941e+03 -2.87626552e-01 
 2.24683210e+03  3.02709957e+00  2.24683210e+03 -2.91249892e-01 
 2.27285268e+03  3.02709704e+00  2.27285268e+03 -2.94911843e-01 
 2.29917461e+03  3.02709444e+00  2.29917461e+03 -2.98612891e-01 
 2.32580137e+03  3.02709179e+00  2.32580137e+03 -3.02353526e-01 
 2.35273649e+03  3.02708907e+00  2.35273649e+03 -3.06134244e-01 
 2.37998356e+03  3.02708629e+00  2.37998356e+03 -3.09955547e-01 
 2.40754617e+03  3.02708344e+00  2.40754617e+03 -3.13817941e-01 
 2.43542798e+03  3.02708053e+00  2.43542798e+03 -3.17721938e-01 
 2.46363269e+03  3.02707755e+00  2.46363269e+03 -3.21668055e-01 
 2.49216405e+03  3.02707450e+00  2.49216405e+03 -3.25656816e-01 
 2.52102582e+03  3.02707138e+00  2.52102582e+03 -3.29688748e-01 
 2.55022184e+03  3.02706819e+00  2.55022184e+03 -3.33764387e-01 
 2.57975598e+03  3.02706492e+00  2.57975598e+03 -3.37884272e-01 
 2.60963216e+03  3.02706157e+00  2.60963216e+03 -3.42048951e-01 
 2.63985434e+03  3.02705815e+00  2.63985434e+03 -3.46258973e-01 
 2.67042651e+03  3.02705465e+00  2.67042651e+03 -3.50514899e-01 
 2.70135274e+03  3.02705106e+00  2.70135274e+03 -3.54817291e-01 
 2.73263713e+03  3.02704739e+00  2.73263713e+03 -3.59166719e-01 
 2.76428383e+03  3.02704364e+00  2.76428383e+03 -3.63563762e-01 
 2.79629703e+03  3.02703980e+00  2.79629703e+03 -3.68009000e-01 
 2.82868097e+03  3.02703587e+00  2.82868097e+03 -3.72503023e-01 
 2.86143995e+03  3.02703185e+00  2.86143995e+03 -3.77046428e-01 
 2.89457831e+03  3.02702773e+00  2.89457831e+03 -3.81639815e-01 
 2.92810044e+03  3.02702352e+00  2.92810044e+03 -3.86283794e-01 
 2.96201080e+03  3.02701921e+00  2.96201080e+03 -3.90978980e-01 
 2.99631387e+03  3.02701479e+00  2.99631387e+03 -3.95725995e-01 
 3.03101421e+03  3.02701028e+00  3.03101421e+03 -4.00525469e-01 
 3.06611641e+03  3.02700566e+00  3.06611641e+03 -4.05378037e-01 
 3.10162514e+03  3.02700093e+00  3.10162514e+03 -4.10284342e-01 
 3.13754508e+03  3.02699610e+00  3.13754508e+03 -4.15245036e-01 
 3.17388102e+03  3.02699115e+00  3.17388102e+03 -4.20260774e-01 
 3.21063777e+03  3.02698608e+00  3.21063777e+03 -4.25332222e-01 
 3.24782019e+03  3.02698090e+00  3.24782019e+03 -4.30460052e-01 
 3.28543323e+03  3.02697559e+00  3.28543323e+03 -4.35644943e-01 
 3.32348186e+03  3.02697016e+00  3.32348186e+03 -4.40887583e-01 
 3.36197113e+03  3.02696461e+00  3.36197113e+03 -4.46188665e-01 
 3.40090615e+03  3.02695892e+00  3.40090615e+03 -4.51548893e-01 
 3.44029207e+03  3.02695311e+00  3.44029207e+03 -4.56968977e-01 
 3.48013412e+03  3.02694715e+00  3.48013412e+03 -4.62449634e-01 
 3.52043759e+03  3.02694106e+00  3.52043759e+03 -4.67991591e-01 
 3.56120781e+03  3.02693483e+00  3.56120781e+03 -4.73595583e-01 
 3.60245019e+03  3.02692845e+00  3.60245019e+03 -4.79262352e-01 
 3.64417019e+03  3.02692192e+00  3.64417019e+03 -4.84992648e-01 
 3.68637336e+03  3.02691524e+00  3.68637336e+03 -4.90787231e-01 
 3.72906528e+03  3.02690841e+00  3.72906528e+03 -4.96646869e-01 
 3.77225162e+03  3.02690142e+00  3.77225162e+03 -5.02572338e-01 
 3.81593810e+03  3.02689426e+00  3.81593810e+03 -5.08564422e-01 
 3.86013052e+03  3.02688693e+00  3.86013052e+03 -5.14623917e-01 
 3.90483472e+03  3.02687944e+00  3.90483472e+03 -5.20751624e-01 
 3.95005665e+03  3.02687177e+00  3.95005665e+03 -5.26948356e-01 
 3.99580229e+03  3.02686392e+00  3.99580229e+03 -5.33214932e-01 
 4.04207771e+03  3.02685589e+00  4.04207771e+03 -5.39552185e-01 
 4.08888905e+03  3.02684767e+00  4.08888905e+03 -5.45960952e-01 
 4.13624251e+03  3.02683926e+00  4.13624251e+03 -5.52442083e-01 
 4.18414437e+03  3.02683066e+00  4.18414437e+03 -5.58996437e-01 
 4.23260098e+03  3.02682185e+00  4.23260098e+03 -5.65624881e-01 
 4.28161877e+03  3.02681284e+00  4.28161877e+03 -5.72328294e-01 
 4.33120424e+03  3.02680362e+00  4.33120424e+03 -5.79107563e-01 
 4.38136395e+03  3.02679418e+00  4.38136395e+03 -5.85963587e-01 
 4.43210457e+03  3.02678453e+00  4.43210457e+03 -5.92897274e-01 
 4.48343281e+03  3.02677465e+00  4.48343281e+03 -5.99909541e-01 
 4.53535548e+03  3.02676454e+00  4.53535548e+03 -6.07001318e-01 
 4.58787948e+03  3.02675419e+00  4.58787948e+03 -6.14173544e-01 
 4.64101175e+03  3.02674360e+00  4.64101175e+03 -6.21427169e-01 
 4.69475935e+03  3.02673277e+00  4.69475935e+03 -6.28763153e-01 
 4.74912940e+03  3.02672168e+00  4.74912940e+03 -6.36182469e-01 
 4.80412911e+03  3.02671034e+00  4.80412911e+03 -6.43686097e-01 
 4.85976577e+03  3.02669873e+00  4.85976577e+03 -6.51275033e-01 
 4.91604676e+03  3.02668685e+00  4.91604676e+03 -6.58950281e-01 
 4.97297954e+03  3.02667469e+00  4.97297954e+03 -6.66712857e-01 
 5.03057166e+03  3.02666225e+00  5.03057166e+03 -6.74563789e-01 
 5.08883076e+03  3.02664952e+00  5.08883076e+03 -6.82504117e-01 
 5.14776455e+03  3.02663650e+00  5.14776455e+03 -6.90534892e-01 
 5.20738086e+03  3.02662317e+00  5.20738086e+03 -6.98657178e-01 
 5.26768758e+03  3.02660953e+00  5.26768758e+03 -7.06872049e-01 
 5.32869272e+03  3.02659557e+00  5.32869272e+03 -7.15180593e-01 
 5.39040436e+03  3.02658129e+00  5.39040436e+03 -7.23583910e-01 
 5.45283068e+03  3.02656667e+00  5.45283068e+03 -7.32083113e-01 
 5.51597996e+03  3.02655172e+00  5.51597996e+03 -7.40679327e-01 
 5.57986057e+03  3.02653641e+00  5.57986057e+03 -7.49373690e-01 
 5.64448099e+03  3.02652075e+00  5.64448099e+03 -7.58167352e-01 
 5.70984977e+03  3.02650473e+00  5.70984977e+03 -7.67061477e-01 
 5.77597559e+03  3.02648833e+00  5.77597559e+03 -7.76057243e-01 
 5.84286722e+03  3.02647155e+00  5.84286722e+03 -7.85155840e-01 
 5.91053351e+03  3.02645438e+00  5.91053351e+03 -7.94358472e-01 
 5.97898345e+03  3.02643680e+00  5.97898345e+03 -8.03666358e-01 
 6.04822611e+03  3.02641882e+00  6.04822611e+03 -8.13080728e-01 
 6.11827067e+03  3.02640042e+00  6.11827067e+03 -8.22602830e-01 
 6.18912642e+03  3.02638160e+00  6.18912642e+03 -8.32233922e-01 
 6.26080275e+03  3.02636233e+00  6.26080275e+03 -8.41975279e-01 
 6.33330916e+03  3.02634262e+00  6.33330916e+03 -8.51828190e-01 
 6.40665527e+03  3.02632244e+00  6.40665527e+03 -8.61793959e-01 
 6.48085080e+03  3.02630180e+00  6.48085080e+03 -8.71873904e-01 
 6.55590559e+03  3.02628067e+00  6.55590559e+03 -8.82069358e-01 
 6.63182959e+03  3.02625906e+00  6.63182959e+03 -8.92381670e-01 
 6.70863287e+03  3.02623694e+00  6.70863287e+03 -9.02812205e-01 
 6.78632561e+03  3.02621430e+00  6.78632561e+03 -9.13362342e-01 
 6.86491811e+03  3.02619114e+00  6.86491811e+03 -9.24033475e-01 
 6.94442078e+03  3.02616744e+00  6.94442078e+03 -9.34827018e-01 
 7.02484418e+03  3.02614319e+00  7.02484418e+03 -9.45744396e-01 
 7.10619897e+03  3.02611837e+00  7.10619897e+03 -9.56787054e-01 
 7.18849592e+03  3.02609297e+00  7.18849592e+03 -9.67956452e-01 
 7.27174595e+03  3.02606698e+00  7.27174595e+03 -9.79254066e-01 
 7.35596011e+03  3.02604039e+00  7.35596011e+03 -9.90681391e-01 
 7.44114955e+03  3.02601318e+00  7.44114955e+03 -1.00223994e+00 
 7.52732557e+03  3.02598533e+00  7.52732557e+03 -1.01393123e+00 
 7.61449959e+03  3.02595684e+00  7.61449959e+03 -1.02575682e+00 
 7.70268318e+03  3.02592768e+00  7.70268318e+03 -1.03771827e+00 
 7.79188802e+03  3.02589785e+00  7.79188802e+03 -1.04981716e+00 
 7.88212595e+03  3.02586732e+00  7.88212595e+03 -1.06205508e+00 
 7.97340892e+03  3.02583608e+00  7.97340892e+03 -1.07443366e+00 
 8.06574904e+03  3.02580411e+00  8.06574904e+03 -1.08695453e+00 
 8.15915855e+03  3.02577139e+00  8.15915855e+03 -1.09961934e+00 
 8.25364983e+03  3.02573792e+00  8.25364983e+03 -1.11242977e+00 
 8.34923543e+03  3.02570366e+00  8.34923543e+03 -1.12538752e+00 
 8.44592800e+03  3.02566861e+00  8.44592800e+03 -1.13849428e+00 
 8.54374036e+03  3.02563274e+00  8.54374036e+03 -1.15175180e+00 
 8.64268550e+03  3.02559604e+00  8.64268550e+03 -1.16516182e+00 
 8.74277651e+03  3.02555848e+00  8.74277651e+03 -1.17872612e+00 
 8.84402669e+03  3.02552005e+00  8.84402669e+03 -1.19244648e+00 
 8.94644944e+03  3.02548073e+00  8.94644944e+03 -1.20632472e+00 
 9.05005835e+03  3.02544048e+00  9.05005835e+03 -1.22036267e+00 
 9.15486716e+03  3.02539931e+00  9.15486716e+03 -1.23456219e+00 
 9.26088975e+03  3.02535717e+00  9.26088975e+03 -1.24892514e+00 
 9.36814020e+03  3.02531405e+00  9.36814020e+03 -1.26345343e+00 
 9.47663271e+03  3.02526993e+00  9.47663271e+03 -1.27814896e+00 
 9.58638168e+03  3.02522478e+00  9.58638168e+03 -1.29301369e+00 
 9.69740165e+03  3.02517858e+00  9.69740165e+03 -1.30804956e+00 
 9.80970735e+03  3.02513131e+00  9.80970735e+03 -1.32325858e+00 
 9.92331366e+03  3.02508293e+00  9.92331366e+03 -1.33864273e+00 
 1.00382356e+04  3.02503343e+00  1.00382356e+04 -1.35420405e+00 
 1.01544885e+04  3.02498278e+00  1.01544885e+04 -1.36994459e+00 
 1.02720878e+04  3.02493095e+00  1.02720878e+04 -1.38586644e+00 
 1.03910489e+04  3.02487791e+00  1.03910489e+04 -1.40197167e+00 
 1.05113877e+04  3.02482364e+00  1.05113877e+04 -1.41826243e+00 
 1.06331202e+04  3.02476810e+00  1.06331202e+04 -1.43474086e+00 
 1.07562625e+04  3.02471127e+00  1.07562625e+04 -1.45140912e+00 
 1.08808308e+04  3.02465312e+00  1.08808308e+04 -1.46826942e+00 
 1.10068418e+04  3.02459362e+00  1.10068418e+04 -1.48532398e+00 
 1.11343122e+04  3.02453273e+00  1.11343122e+04 -1.50257504e+00 
 1.12632587e+04  3.02447042e+00  1.12632587e+04 -1.52002487e+00 
 1.13936986e+04  3.02440667e+00  1.13936986e+04 -1.53767578e+00 
 1.15256492e+04  3.02434143e+00  1.15256492e+04 -1.55553009e+00 
 1.16591278e+04  3.02427468e+00  1.16591278e+04 -1.57359014e+00 
 1.17941523e+04  3.02420637e+00  1.17941523e+04 -1.59185833e+00 
 1.19307404e+04  3.02413647e+00  1.19307404e+04 -1.61033704e+00 
 1.20689105e+04  3.02406494e+00  1.20689105e+04 -1.62902871e+00 
 1.22086806e+04  3.02399176e+00  1.22086806e+04 -1.64793580e+00 
 1.23500695e+04  3.02391686e+00  1.23500695e+04 -1.66706080e+00 
 1.24930957e+04  3.02384023e+00  1.24930957e+04 -1.68640623e+00 
 1.26377784e+04  3.02376181e+00  1.26377784e+04 -1.70597462e+00 
 1.27841366e+04  3.02368157e+00  1.27841366e+04 -1.72576855e+00 
 1.29321898e+04  3.02359947e+00  1.29321898e+04 -1.74579062e+00 
 1.30819576e+04  3.02351545e+00  1.30819576e+04 -1.76604346e+00 
 1.32334599e+04  3.02342948e+00  1.32334599e+04 -1.78652973e+00 
 1.33867167e+04  3.02334151e+00  1.33867167e+04 -1.80725213e+00 
 1.35417484e+04  3.02325150e+00  1.35417484e+04 -1.82821337e+00 
 1.36985755e+04  3.02315939e+00  1.36985755e+04 -1.84941622e+00 
 1.38572188e+04  3.02306514e+00  1.38572188e+04 -1.87086344e+00 
 1.40176994e+04  3.02296869e+00  1.40176994e+04 -1.89255786e+00 
 1.41800385e+04  3.02287001e+00  1.41800385e+04 -1.91450232e+00 
 1.43442576e+04  3.02276903e+00  1.43442576e+04 -1.93669970e+00 
 1.45103786e+04  3.02266570e+00  1.45103786e+04 -1.95915291e+00 
 1.46784234e+04  3.02255997e+00  1.46784234e+04 -1.98186490e+00 
 1.48484144e+04  3.02245178e+00  1.48484144e+04 -2.00483863e+00 
 1.50203740e+04  3.02234108e+00  1.50203740e+04 -2.02807714e+00 
 1.51943251e+04  3.02222780e+00  1.51943251e+04 -2.05158345e+00 
 1.53702907e+04  3.02211189e+00  1.53702907e+04 -2.07536064e+00 
 1.55482942e+04  3.02199329e+00  1.55482942e+04 -2.09941184e+00 
 1.57283591e+04  3.02187193e+00  1.57283591e+04 -2.12374018e+00 
 1.59105094e+04  3.02174775e+00  1.59105094e+04 -2.14834885e+00 
 1.60947691e+04  3.02162068e+00  1.60947691e+04 -2.17324107e+00 
 1.62811628e+04  3.02149066e+00  1.62811628e+04 -2.19842009e+00 
 1.64697151e+04  3.02135762e+00  1.64697151e+04 -2.22388921e+00 
 1.66604510e+04  3.02122148e+00  1.66604510e+04 -2.24965176e+00 
 1.68533958e+04  3.02108219e+00  1.68533958e+04 -2.27571110e+00 
 1.70485751e+04  3.02093966e+00  1.70485751e+04 -2.30207063e+00 
 1.72460148e+04  3.02079381e+00  1.72460148e+04 -2.32873379e+00 
 1.74457411e+04  3.02064458e+00  1.74457411e+04 -2.35570407e+00 
 1.76477804e+04  3.02049188e+00  1.76477804e+04 -2.38298498e+00 
 1.78521595e+04  3.02033564e+00  1.78521595e+04 -2.41058009e+00 
 1.80589055e+04  3.02017576e+00  1.80589055e+04 -2.43849298e+00 
 1.82680458e+04  3.02001217e+00  1.82680458e+04 -2.46672729e+00 
 1.84796082e+04  3.01984479e+00  1.84796082e+04 -2.49528671e+00 
 1.86936208e+04  3.01967352e+00  1.86936208e+04 -2.52417494e+00 
 1.89101117e+04  3.01949827e+00  1.89101117e+04 -2.55339576e+00 
 1.91291099e+04  3.01931895e+00  1.91291099e+04 -2.58295296e+00 
 1.93506443e+04  3.01913547e+00  1.93506443e+04 -2.61285039e+00 
 1.95747443e+04  3.01894772e+00  1.95747443e+04 -2.64309192e+00 
 1.98014396e+04  3.01875563e+00  1.98014396e+04 -2.67368149e+00 
 2.00307602e+04  3.01855907e+00  2.00307602e+04 -2.70462307e+00 
 2.02627366e+04  3.01835795e+00  2.02627366e+04 -2.73592068e+00 
 2.04973996e+04  3.01815216e+00  2.04973996e+04 -2.76757838e+00 
 2.07347801e+04  3.01794160e+00  2.07347801e+04 -2.79960027e+00 
 2.09749098e+04  3.01772616e+00  2.09749098e+04 -2.83199049e+00 
 2.12178204e+04  3.01750571e+00  2.12178204e+04 -2.86475325e+00 
 2.14635442e+04  3.01728015e+00  2.14635442e+04 -2.89789279e+00 
 2.17121137e+04  3.01704936e+00  2.17121137e+04 -2.93141339e+00 
 2.19635619e+04  3.01681322e+00  2.19635619e+04 -2.96531939e+00 
 2.22179221e+04  3.01657160e+00  2.22179221e+04 -2.99961516e+00 
 2.24752280e+04  3.01632438e+00  2.24752280e+04 -3.03430515e+00 
 2.27355138e+04  3.01607143e+00  2.27355138e+04 -3.06939381e+00 
 2.29988140e+04  3.01581261e+00  2.29988140e+04 -3.10488569e+00 
 2.32651635e+04  3.01554779e+00  2.32651635e+04 -3.14078535e+00 
 2.35345976e+04  3.01527684e+00  2.35345976e+04 -3.17709743e+00 
 2.38071520e+04  3.01499961e+00  2.38071520e+04 -3.21382658e+00 
 2.40828628e+04  3.01471595e+00  2.40828628e+04 -3.25097755e+00 
 2.43617666e+04  3.01442572e+00  2.43617666e+04 -3.28855510e+00 
 2.46439005e+04  3.01412877e+00  2.46439005e+04 -3.32656406e+00 
 2.49293017e+04  3.01382494e+00  2.49293017e+04 -3.36500931e+00 
 2.52180082e+04  3.01351407e+00  2.52180082e+04 -3.40389578e+00 
 2.55100581e+04  3.01319600e+00  2.55100581e+04 -3.44322845e+00 
 2.58054904e+04  3.01287058e+00  2.58054904e+04 -3.48301237e+00 
 2.61043440e+04  3.01253761e+00  2.61043440e+04 -3.52325261e+00 
 2.64066586e+04  3.01219694e+00  2.64066586e+04 -3.56395434e+00 
 2.67124744e+04  3.01184839e+00  2.67124744e+04 -3.60512273e+00 
 2.70218318e+04  3.01149177e+00  2.70218318e+04 -3.64676306e+00 
 2.73347718e+04  3.01112690e+00  2.73347718e+04 -3.68888063e+00 
 2.76513361e+04  3.01075359e+00  2.76513361e+04 -3.73148080e+00 
 2.79715664e+04  3.01037164e+00  2.79715664e+04 -3.77456900e+00 
 2.82955054e+04  3.00998086e+00  2.82955054e+04 -3.81815071e+00 
 2.86231959e+04  3.00958105e+00  2.86231959e+04 -3.86223145e+00 
 2.89546814e+04  3.00917200e+00  2.89546814e+04 -3.90681683e+00 
 2.92900058e+04  3.00875349e+00  2.92900058e+04 -3.95191250e+00 
 2.96292136e+04  3.00832531e+00  2.96292136e+04 -3.99752417e+00 
 2.99723498e+04  3.00788724e+00  2.99723498e+04 -4.04365761e+00 
 3.03194599e+04  3.00743905e+00  3.03194599e+04 -4.09031865e+00 
 3.06705898e+04  3.00698051e+00  3.06705898e+04 -4.13751317e+00 
 3.10257862e+04  3.00651138e+00  3.10257862e+04 -4.18524713e+00 
 3.13850961e+04  3.00603142e+00  3.13850961e+04 -4.23352654e+00 
 3.17485672e+04  3.00554039e+00  3.17485672e+04 -4.28235748e+00 
 3.21162476e+04  3.00503802e+00  3.21162476e+04 -4.33174606e+00 
 3.24881861e+04  3.00452407e+00  3.24881861e+04 -4.38169850e+00 
 3.28644321e+04  3.00399826e+00  3.28644321e+04 -4.43222105e+00 
 3.32450354e+04  3.00346032e+00  3.32450354e+04 -4.48332003e+00 
 3.36300464e+04  3.00290998e+00  3.36300464e+04 -4.53500183e+00 
 3.40195163e+04  3.00234696e+00  3.40195163e+04 -4.58727290e+00 
 3.44134966e+04  3.00177097e+00  3.44134966e+04 -4.64013974e+00 
 3.48120396e+04  3.00118171e+00  3.48120396e+04 -4.69360894e+00 
 3.52151982e+04  3.00057887e+00  3.52151982e+04 -4.74768714e+00 
 3.56230257e+04  2.99996216e+00  3.56230257e+04 -4.80238105e+00 
 3.60355763e+04  2.99933125e+00  3.60355763e+04 -4.85769745e+00 
 3.64529046e+04  2.99868582e+00  3.64529046e+04 -4.91364317e+00 
 3.68750660e+04  2.99802554e+00  3.68750660e+04 -4.97022511e+00 
 3.73021165e+04  2.99735008e+00  3.73021165e+04 -5.02745026e+00 
 3.77341126e+04  2.99665909e+00  3.77341126e+04 -5.08532566e+00 
 3.81711117e+04  2.99595222e+00  3.81711117e+04 -5.14385840e+00 
 3.86131717e+04  2.99522910e+00  3.86131717e+04 -5.20305567e+00 
 3.90603512e+04  2.99448937e+00  3.90603512e+04 -5.26292472e+00 
 3.95127095e+04  2.99373266e+00  3.95127095e+04 -5.32347284e+00 
 3.99703065e+04  2.99295858e+00  3.99703065e+04 -5.38470743e+00 
 4.04332030e+04  2.99216673e+00  4.04332030e+04 -5.44663594e+00 
 4.09014603e+04  2.99135672e+00  4.09014603e+04 -5.50926588e+00 
 4.13751404e+04  2.99052814e+00  4.13751404e+04 -5.57260484e+00 
 4.18543063e+04  2.98968056e+00  4.18543063e+04 -5.63666047e+00 
 4.23390214e+04  2.98881356e+00  4.23390214e+04 -5.70144051e+00 
 4.28293500e+04  2.98792671e+00  4.28293500e+04 -5.76695276e+00 
 4.33253571e+04  2.98701955e+00  4.33253571e+04 -5.83320508e+00 
 4.38271084e+04  2.98609162e+00  4.38271084e+04 -5.90020540e+00 
 4.43346705e+04  2.98514247e+00  4.43346705e+04 -5.96796174e+00 
 4.48481108e+04  2.98417161e+00  4.48481108e+04 -6.03648218e+00 
 4.53674971e+04  2.98317856e+00  4.53674971e+04 -6.10577486e+00 
 4.58928985e+04  2.98216283e+00  4.58928985e+04 -6.17584801e+00 
 4.64243846e+04  2.98112389e+00  4.64243846e+04 -6.24670991e+00 
 4.69620258e+04  2.98006124e+00  4.69620258e+04 -6.31836892e+00 
 4.75058934e+04  2.97897435e+00  4.75058934e+04 -6.39083348e+00 
 4.80560596e+04  2.97786266e+00  4.80560596e+04 -6.46411209e+00 
 4.86125973e+04  2.97672564e+00  4.86125973e+04 -6.53821333e+00 
 4.91755802e+04  2.97556272e+00  4.91755802e+04 -6.61314582e+00 
 4.97450830e+04  2.97437331e+00  4.97450830e+04 -6.68891830e+00 
 5.03211813e+04  2.97315683e+00  5.03211813e+04 -6.76553954e+00 
 5.09039513e+04  2.97191269e+00  5.09039513e+04 -6.84301840e+00 
 5.14934704e+04  2.97064026e+00  5.14934704e+04 -6.92136380e+00 
 5.20898168e+04  2.96933892e+00  5.20898168e+04 -7.00058473e+00 
 5.26930694e+04  2.96800803e+00  5.26930694e+04 -7.08069026e+00 
 5.33033083e+04  2.96664694e+00  5.33033083e+04 -7.16168951e+00 
 5.39206144e+04  2.96525498e+00  5.39206144e+04 -7.24359170e+00 
 5.45450695e+04  2.96383147e+00  5.45450695e+04 -7.32640608e+00 
 5.51767564e+04  2.96237571e+00  5.51767564e+04 -7.41014199e+00 
 5.58157589e+04  2.96088700e+00  5.58157589e+04 -7.49480883e+00 
 5.64621617e+04  2.95936461e+00  5.64621617e+04 -7.58041608e+00 
 5.71160505e+04  2.95780780e+00  5.71160505e+04 -7.66697327e+00 
 5.77775120e+04  2.95621583e+00  5.77775120e+04 -7.75449000e+00 
 5.84466339e+04  2.95458791e+00  5.84466339e+04 -7.84297594e+00 
 5.91235049e+04  2.95292328e+00  5.91235049e+04 -7.93244082e+00 
 5.98082147e+04  2.95122112e+00  5.98082147e+04 -8.02289443e+00 
 6.05008542e+04  2.94948062e+00  6.05008542e+04 -8.11434664e+00 
 6.12015151e+04  2.94770095e+00  6.12015151e+04 -8.20680735e+00 
 6.19102904e+04  2.94588125e+00  6.19102904e+04 -8.30028655e+00 
 6.26272740e+04  2.94402067e+00  6.26272740e+04 -8.39479428e+00 
 6.33525610e+04  2.94211831e+00  6.33525610e+04 -8.49034064e+00 
 6.40862476e+04  2.94017328e+00  6.40862476e+04 -8.58693578e+00 
 6.48284310e+04  2.93818466e+00  6.48284310e+04 -8.68458991e+00 
 6.55792097e+04  2.93615150e+00  6.55792097e+04 -8.78331331e+00 
 6.63386831e+04  2.93407286e+00  6.63386831e+04 -8.88311630e+00 
 6.71069519e+04  2.93194776e+00  6.71069519e+04 -8.98400925e+00 
 6.78841182e+04  2.92977520e+00  6.78841182e+04 -9.08600258e+00 
 6.86702847e+04  2.92755418e+00  6.86702847e+04 -9.18910678e+00 
 6.94655559e+04  2.92528366e+00  6.94655559e+04 -9.29333238e+00 
 7.02700371e+04  2.92296259e+00  7.02700371e+04 -9.39868993e+00 
 7.10838351e+04  2.92058990e+00  7.10838351e+04 -9.50519006e+00 
 7.19070576e+04  2.91816450e+00  7.19070576e+04 -9.61284344e+00 
 7.27398139e+04  2.91568528e+00  7.27398139e+04 -9.72166075e+00 
 7.35822143e+04  2.91315110e+00  7.35822143e+04 -9.83165274e+00 
 7.44343706e+04  2.91056081e+00  7.44343706e+04 -9.94283020e+00 
 7.52963957e+04  2.90791323e+00  7.52963957e+04 -1.00552039e+01 
 7.61684039e+04  2.90520718e+00  7.61684039e+04 -1.01687848e+01 
 7.70505109e+04  2.90244142e+00  7.70505109e+04 -1.02835836e+01 
 7.79428335e+04  2.89961473e+00  7.79428335e+04 -1.03996114e+01 
 7.88454902e+04  2.89672583e+00  7.88454902e+04 -1.05168790e+01 
 7.97586005e+04  2.89377344e+00  7.97586005e+04 -1.06353974e+01 
 8.06822855e+04  2.89075626e+00  8.06822855e+04 -1.07551775e+01 
 8.16166678e+04  2.88767295e+00  8.16166678e+04 -1.08762305e+01 
 8.25618712e+04  2.88452215e+00  8.25618712e+04 -1.09985672e+01 
 8.35180209e+04  2.88130250e+00  8.35180209e+04 -1.11221987e+01 
 8.44852439e+04  2.87801259e+00  8.44852439e+04 -1.12471361e+01 
 8.54636682e+04  2.87465099e+00  8.54636682e+04 -1.13733903e+01 
 8.64534237e+04  2.87121625e+00  8.64534237e+04 -1.15009724e+01 
 8.74546416e+04  2.86770690e+00  8.74546416e+04 -1.16298935e+01 
 8.84674546e+04  2.86412145e+00  8.84674546e+04 -1.17601646e+01 
 8.94919970e+04  2.86045837e+00  8.94919970e+04 -1.18917967e+01 
 9.05284046e+04  2.85671611e+00  9.05284046e+04 -1.20248009e+01 
 9.15768148e+04  2.85289309e+00  9.15768148e+04 -1.21591881e+01 
 9.26373667e+04  2.84898774e+00  9.26373667e+04 -1.22949694e+01 
 9.37102009e+04  2.84499841e+00  9.37102009e+04 -1.24321556e+01 
 9.47954596e+04  2.84092347e+00  9.47954596e+04 -1.25707578e+01 
 9.58932866e+04  2.83676123e+00  9.58932866e+04 -1.27107869e+01 
 9.70038276e+04  2.83251001e+00  9.70038276e+04 -1.28522536e+01 
 9.81272298e+04  2.82816808e+00  9.81272298e+04 -1.29951689e+01 
 9.92636421e+04  2.82373369e+00  9.92636421e+04 -1.31395435e+01 
 1.00413215e+05  2.81920506e+00  1.00413215e+05 -1.32853882e+01 
 1.01576102e+05  2.81458040e+00  1.01576102e+05 -1.34327137e+01 
 1.02752455e+05  2.80985787e+00  1.02752455e+05 -1.35815305e+01 
 1.03942432e+05  2.80503564e+00  1.03942432e+05 -1.37318493e+01 
 1.05146191e+05  2.80011182e+00  1.05146191e+05 -1.38836805e+01 
 1.06363890e+05  2.79508451e+00  1.06363890e+05 -1.40370345e+01 
 1.07595691e+05  2.78995178e+00  1.07595691e+05 -1.41919218e+01 
 1.08841757e+05  2.78471169e+00  1.08841757e+05 -1.43483526e+01 
 1.10102255e+05  2.77936226e+00  1.10102255e+05 -1.45063369e+01 
 1.11377350e+05  2.77390148e+00  1.11377350e+05 -1.46658850e+01 
 1.12667212e+05  2.76832733e+00  1.12667212e+05 -1.48270067e+01 
 1.13972012e+05  2.76263777e+00  1.13972012e+05 -1.49897119e+01 
 1.15291923e+05  2.75683072e+00  1.15291923e+05 -1.51540105e+01 
 1.16627120e+05  2.75090408e+00  1.16627120e+05 -1.53199119e+01 
 1.17977779e+05  2.74485573e+00  1.17977779e+05 -1.54874258e+01 
 1.19344081e+05  2.73868354e+00  1.19344081e+05 -1.56565615e+01 
 1.20726206e+05  2.73238533e+00  1.20726206e+05 -1.58273282e+01 
 1.22124337e+05  2.72595892e+00  1.22124337e+05 -1.59997351e+01 
 1.23538660e+05  2.71940210e+00  1.23538660e+05 -1.61737910e+01 
 1.24969363e+05  2.71271265e+00  1.24969363e+05 -1.63495049e+01 
 1.26416634e+05  2.70588832e+00  1.26416634e+05 -1.65268852e+01 
 1.27880666e+05  2.69892683e+00  1.27880666e+05 -1.67059405e+01 
 1.29361653e+05  2.69182590e+00  1.29361653e+05 -1.68866791e+01 
 1.30859792e+05  2.68458323e+00  1.30859792e+05 -1.70691091e+01 
 1.32375280e+05  2.67719649e+00  1.32375280e+05 -1.72532383e+01 
 1.33908319e+05  2.66966334e+00  1.33908319e+05 -1.74390745e+01 
 1.35459113e+05  2.66198143e+00  1.35459113e+05 -1.76266253e+01 
 1.37027866e+05  2.65414840e+00  1.37027866e+05 -1.78158979e+01 
 1.38614787e+05  2.64616184e+00  1.38614787e+05 -1.80068995e+01 
 1.40220086e+05  2.63801938e+00  1.40220086e+05 -1.81996369e+01 
 1.41843976e+05  2.62971860e+00  1.41843976e+05 -1.83941168e+01 
 1.43486672e+05  2.62125708e+00  1.43486672e+05 -1.85903456e+01 
 1.45148393e+05  2.61263240e+00  1.45148393e+05 -1.87883295e+01 
 1.46829358e+05  2.60384212e+00  1.46829358e+05 -1.89880744e+01 
 1.48529790e+05  2.59488380e+00  1.48529790e+05 -1.91895861e+01 
 1.50249915e+05  2.58575498e+00  1.50249915e+05 -1.93928699e+01 
 1.51989960e+05  2.57645322e+00  1.51989960e+05 -1.95979310e+01 
 1.53750157e+05  2.56697606e+00  1.53750157e+05 -1.98047744e+01 
 1.55530739e+05  2.55732105e+00  1.55530739e+05 -2.00134047e+01 
 1.57331942e+05  2.54748572e+00  1.57331942e+05 -2.02238261e+01 
 1.59154005e+05  2.53746763e+00  1.59154005e+05 -2.04360429e+01 
 1.60997169e+05  2.52726432e+00  1.60997169e+05 -2.06500587e+01 
 1.62861678e+05  2.51687336e+00  1.62861678e+05 -2.08658771e+01 
 1.64747781e+05  2.50629230e+00  1.64747781e+05 -2.10835012e+01 
 1.66655726e+05  2.49551872e+00  1.66655726e+05 -2.13029340e+01 
 1.68585768e+05  2.48455020e+00  1.68585768e+05 -2.15241780e+01 
 1.70538161e+05  2.47338434e+00  1.70538161e+05 -2.17472355e+01 
 1.72513165e+05  2.46201876e+00  1.72513165e+05 -2.19721085e+01 
 1.74511042e+05  2.45045107e+00  1.74511042e+05 -2.21987987e+01 
 1.76532055e+05  2.43867894e+00  1.76532055e+05 -2.24273073e+01 
 1.78576475e+05  2.42670003e+00  1.78576475e+05 -2.26576354e+01 
 1.80644570e+05  2.41451205e+00  1.80644570e+05 -2.28897837e+01 
 1.82736617e+05  2.40211271e+00  1.82736617e+05 -2.31237527e+01 
 1.84852891e+05  2.38949976e+00  1.84852891e+05 -2.33595423e+01 
 1.86993674e+05  2.37667100e+00  1.86993674e+05 -2.35971523e+01 
 1.89159250e+05  2.36362423e+00  1.89159250e+05 -2.38365821e+01 
 1.91349905e+05  2.35035732e+00  1.91349905e+05 -2.40778309e+01 
 1.93565930e+05  2.33686816e+00  1.93565930e+05 -2.43208975e+01 
 1.95807618e+05  2.32315468e+00  1.95807618e+05 -2.45657803e+01 
 1.98075268e+05  2.30921486e+00  1.98075268e+05 -2.48124775e+01 
 2.00369179e+05  2.29504674e+00  2.00369179e+05 -2.50609870e+01 
 2.02689657e+05  2.28064838e+00  2.02689657e+05 -2.53113064e+01 
 2.05037007e+05  2.26601792e+00  2.05037007e+05 -2.55634329e+01 
 2.07411543e+05  2.25115356e+00  2.07411543e+05 -2.58173634e+01 
 2.09813578e+05  2.23605352e+00  2.09813578e+05 -2.60730948e+01 
 2.12243431e+05  2.22071613e+00  2.12243431e+05 -2.63306233e+01 
 2.14701424e+05  2.20513975e+00  2.14701424e+05 -2.65899452e+01 
 2.17187883e+05  2.18932282e+00  2.17187883e+05 -2.68510564e+01 
 2.19703138e+05  2.17326384e+00  2.19703138e+05 -2.71139524e+01 
 2.22247522e+05  2.15696141e+00  2.22247522e+05 -2.73786286e+01 
 2.24821372e+05  2.14041418e+00  2.24821372e+05 -2.76450803e+01 
 2.27425030e+05  2.12362089e+00  2.27425030e+05 -2.79133023e+01 
 2.30058842e+05  2.10658035e+00  2.30058842e+05 -2.81832895e+01 
 2.32723155e+05  2.08929147e+00  2.32723155e+05 -2.84550363e+01 
 2.35418324e+05  2.07175325e+00  2.35418324e+05 -2.87285372e+01 
 2.38144706e+05  2.05396476e+00  2.38144706e+05 -2.90037863e+01 
 2.40902662e+05  2.03592517e+00  2.40902662e+05 -2.92807777e+01 
 2.43692558e+05  2.01763377e+00  2.43692558e+05 -2.95595054e+01 
 2.46514763e+05  1.99908991e+00  2.46514763e+05 -2.98399633e+01 
 2.49369653e+05  1.98029307e+00  2.49369653e+05 -3.01221450e+01 
 2.52257605e+05  1.96124282e+00  2.52257605e+05 -3.04060443e+01 
 2.55179003e+05  1.94193885e+00  2.55179003e+05 -3.06916547e+01 
 2.58134233e+05  1.92238093e+00  2.58134233e+05 -3.09789700e+01 
 2.61123688e+05  1.90256898e+00  2.61123688e+05 -3.12679837e+01 
 2.64147764e+05  1.88250300e+00  2.64147764e+05 -3.15586894e+01 
 2.67206861e+05  1.86218313e+00  2.67206861e+05 -3.18510809e+01 
 2.70301386e+05  1.84160960e+00  2.70301386e+05 -3.21451518e+01 
 2.73431749e+05  1.82078278e+00  2.73431749e+05 -3.24408961e+01 
 2.76598365e+05  1.79970316e+00  2.76598365e+05 -3.27383076e+01 
 2.79801653e+05  1.77837135e+00  2.79801653e+05 -3.30373805e+01 
 2.83042038e+05  1.75678807e+00  2.83042038e+05 -3.33381092e+01 
 2.86319950e+05  1.73495418e+00  2.86319950e+05 -3.36404881e+01 
 2.89635824e+05  1.71287068e+00  2.89635824e+05 -3.39445120e+01 
 2.92990099e+05  1.69053866e+00  2.92990099e+05 -3.42501759e+01 
 2.96383220e+05  1.66795937e+00  2.96383220e+05 -3.45574752e+01 
 2.99815637e+05  1.64513419e+00  2.99815637e+05 -3.48664054e+01 
 3.03287805e+05  1.62206460e+00  3.03287805e+05 -3.51769627e+01 
 3.06800183e+05  1.59875224e+00  3.06800183e+05 -3.54891434e+01 
 3.10353239e+05  1.57519888e+00  3.10353239e+05 -3.58029444e+01 
 3.13947443e+05  1.55140639e+00  3.13947443e+05 -3.61183630e+01 
 3.17583271e+05  1.52737680e+00  3.17583271e+05 -3.64353971e+01 
 3.21261205e+05  1.50311227e+00  3.21261205e+05 -3.67540449e+01 
 3.24981734e+05  1.47861507e+00  3.24981734e+05 -3.70743054e+01 
 3.28745351e+05  1.45388761e+00  3.28745351e+05 -3.73961782e+01 
 3.32552554e+05  1.42893243e+00  3.32552554e+05 -3.77196632e+01 
 3.36403848e+05  1.40375218e+00  3.36403848e+05 -3.80447615e+01 
 3.40299744e+05  1.37834967e+00  3.40299744e+05 -3.83714745e+01 
 3.44240758e+05  1.35272779e+00  3.44240758e+05 -3.86998044e+01 
 3.48227413e+05  1.32688957e+00  3.48227413e+05 -3.90297542e+01 
 3.52260238e+05  1.30083817e+00  3.52260238e+05 -3.93613279e+01 
 3.56339767e+05  1.27457686e+00  3.56339767e+05 -3.96945301e+01 
 3.60466541e+05  1.24810901e+00  3.60466541e+05 -4.00293663e+01 
 3.64641107e+05  1.22143812e+00  3.64641107e+05 -4.03658430e+01 
 3.68864019e+05  1.19456779e+00  3.68864019e+05 -4.07039676e+01 
 3.73135837e+05  1.16750172e+00  3.73135837e+05 -4.10437484e+01 
 3.77457126e+05  1.14024372e+00  3.77457126e+05 -4.13851947e+01 
 3.81828460e+05  1.11279770e+00  3.81828460e+05 -4.17283170e+01 
 3.86250419e+05  1.08516766e+00  3.86250419e+05 -4.20731266e+01 
 3.90723589e+05  1.05735768e+00  3.90723589e+05 -4.24196361e+01 
 3.95248562e+05  1.02937194e+00  3.95248562e+05 -4.27678591e+01 
 3.99825939e+05  1.00121471e+00  3.99825939e+05 -4.31178103e+01 
 4.04456327e+05  9.72890313e-01  4.04456327e+05 -4.34695058e+01 
 4.09140339e+05  9.44403157e-01  4.09140339e+05 -4.38229625e+01 
 4.13878597e+05  9.15757717e-01  4.13878597e+05 -4.41781988e+01 
 4.18671729e+05  8.86958529e-01  4.18671729e+05 -4.45352342e+01 
 4.23520370e+05  8.58010185e-01  4.23520370e+05 -4.48940895e+01 
 4.28425163e+05  8.28917330e-01  4.28425163e+05 -4.52547868e+01 
 4.33386759e+05  7.99684653e-01  4.33386759e+05 -4.56173495e+01 
 4.38405814e+05  7.70316883e-01  4.38405814e+05 -4.59818020e+01 
 4.43482996e+05  7.40818784e-01  4.43482996e+05 -4.63481704e+01 
 4.48618977e+05  7.11195148e-01  4.48618977e+05 -4.67164820e+01 
 4.53814437e+05  6.81450789e-01  4.53814437e+05 -4.70867653e+01 
 4.59070066e+05  6.51590537e-01  4.59070066e+05 -4.74590503e+01 
 4.64386560e+05  6.21619233e-01  4.64386560e+05 -4.78333682e+01 
 4.69764625e+05  5.91541719e-01  4.69764625e+05 -4.82097517e+01 
 4.75204974e+05  5.61362836e-01  4.75204974e+05 -4.85882349e+01 
 4.80708327e+05  5.31087416e-01  4.80708327e+05 -4.89688529e+01 
 4.86275414e+05  5.00720276e-01  4.86275414e+05 -4.93516426e+01 
 4.91906974e+05  4.70266209e-01  4.91906974e+05 -4.97366419e+01 
 4.97603753e+05  4.39729982e-01  4.97603753e+05 -5.01238904e+01 
 5.03366507e+05  4.09116325e-01  5.03366507e+05 -5.05134287e+01 
 5.09195999e+05  3.78429930e-01  5.09195999e+05 -5.09052989e+01 
 5.15093002e+05  3.47675439e-01  5.15093002e+05 -5.12995445e+01 
 5.21058299e+05  3.16857440e-01  5.21058299e+05 -5.16962101e+01 
 5.27092679e+05  2.85980464e-01  5.27092679e+05 -5.20953418e+01 
 5.33196944e+05  2.55048973e-01  5.33196944e+05 -5.24969869e+01 
 5.39371903e+05  2.24067357e-01  5.39371903e+05 -5.29011939e+01 
 5.45618374e+05  1.93039930e-01  5.45618374e+05 -5.33080126e+01 
 5.51937185e+05  1.61970920e-01  5.51937185e+05 -5.37174942e+01 
 5.58329174e+05  1.30864466e-01  5.58329174e+05 -5.41296907e+01 
 5.64795189e+05  9.97246107e-02  5.64795189e+05 -5.45446557e+01 
 5.71336088e+05  6.85552961e-02  5.71336088e+05 -5.49624436e+01 
 5.77952736e+05  3.73603584e-02  5.77952736e+05 -5.53831103e+01 
 5.84646012e+05  6.14352169e-03  5.84646012e+05 -5.58067124e+01 
 5.91416802e+05 -2.50916062e-02  5.91416802e+05 -5.62333078e+01 
 5.98266006e+05 -5.63415389e-02  5.98266006e+05 -5.66629554e+01 
 6.05194529e+05 -8.76029163e-02  6.05194529e+05 -5.70957150e+01 
 6.12203293e+05 -1.18872509e-01  6.12203293e+05 -5.75316476e+01 
 6.19293224e+05 -1.50147221e-01  6.19293224e+05 -5.79708147e+01 
 6.26465265e+05 -1.81424097e-01  6.26465265e+05 -5.84132792e+01 
 6.33720365e+05 -2.12700324e-01  6.33720365e+05 -5.88591044e+01 
 6.41059486e+05 -2.43973234e-01  6.41059486e+05 -5.93083546e+01 
 6.48483601e+05 -2.75240311e-01  6.48483601e+05 -5.97610950e+01 
 6.55993696e+05 -3.06499189e-01  6.55993696e+05 -6.02173913e+01 
 6.63590765e+05 -3.37747661e-01  6.63590765e+05 -6.06773099e+01 
 6.71275815e+05 -3.68983676e-01  6.71275815e+05 -6.11409180e+01 
 6.79049866e+05 -4.00205346e-01  6.79049866e+05 -6.16082832e+01 
 6.86913949e+05 -4.31410944e-01  6.86913949e+05 -6.20794738e+01 
 6.94869105e+05 -4.62598910e-01  6.94869105e+05 -6.25545586e+01 
 7.02916391e+05 -4.93767850e-01  7.02916391e+05 -6.30336066e+01 
 7.11056872e+05 -5.24916539e-01  7.11056872e+05 -6.35166876e+01 
 7.19291628e+05 -5.56043922e-01  7.19291628e+05 -6.40038714e+01 
 7.27621750e+05 -5.87149113e-01  7.27621750e+05 -6.44952284e+01 
 7.36048344e+05 -6.18231398e-01  7.36048344e+05 -6.49908290e+01 
 7.44572527e+05 -6.49290236e-01  7.44572527e+05 -6.54907440e+01 
 7.53195428e+05 -6.80325258e-01  7.53195428e+05 -6.59950444e+01 
 7.61918191e+05 -7.11336266e-01  7.61918191e+05 -6.65038010e+01 
 7.70741972e+05 -7.42323235e-01  7.70741972e+05 -6.70170851e+01 
 7.79667942e+05 -7.73286312e-01  7.79667942e+05 -6.75349678e+01 
 7.88697283e+05 -8.04225813e-01  7.88697283e+05 -6.80575202e+01 
 7.97831193e+05 -8.35142227e-01  7.97831193e+05 -6.85848132e+01 
 8.07070883e+05 -8.66036211e-01  8.07070883e+05 -6.91169177e+01 
 8.16417578e+05 -8.96908588e-01  8.16417578e+05 -6.96539046e+01 
 8.25872518e+05 -9.27760350e-01  8.25872518e+05 -7.01958444e+01 
 8.35436955e+05 -9.58592653e-01  8.35436955e+05 -7.07428072e+01 
 8.45112157e+05 -9.89406815e-01  8.45112157e+05 -7.12948631e+01 
 8.54899409e+05 -1.02020432e+00  8.54899409e+05 -7.18520816e+01 
 8.64800006e+05 -1.05098679e+00  8.64800006e+05 -7.24145320e+01 
 8.74815263e+05 -1.08175604e+00  8.74815263e+05 -7.29822830e+01 
 8.84946506e+05 -1.11251402e+00  8.84946506e+05 -7.35554029e+01 
 8.95195080e+05 -1.14326281e+00  8.95195080e+05 -7.41339595e+01 
 9.05562342e+05 -1.17400467e+00  9.05562342e+05 -7.47180200e+01 
 9.16049667e+05 -1.20474200e+00  9.16049667e+05 -7.53076510e+01 
 9.26658447e+05 -1.23547733e+00  9.26658447e+05 -7.59029185e+01 
 9.37390086e+05 -1.26621333e+00  9.37390086e+05 -7.65038877e+01 
 9.48246009e+05 -1.29695283e+00  9.48246009e+05 -7.71106232e+01 
 9.59227655e+05 -1.32769878e+00  9.59227655e+05 -7.77231889e+01 
 9.70336479e+05 -1.35845423e+00  9.70336479e+05 -7.83416477e+01 
 9.81573954e+05 -1.38922241e+00  9.81573954e+05 -7.89660619e+01 
 9.92941571e+05 -1.42000664e+00  9.92941571e+05 -7.95964928e+01 
 1.00444084e+06 -1.45081037e+00  1.00444084e+06 -8.02330009e+01 
 1.01607327e+06 -1.48163716e+00  1.01607327e+06 -8.08756459e+01 
 1.02784043e+06 -1.51249069e+00  1.02784043e+06 -8.15244862e+01 
 1.03974386e+06 -1.54337474e+00  1.03974386e+06 -8.21795795e+01 
 1.05178514e+06 -1.57429322e+00  1.05178514e+06 -8.28409826e+01 
 1.06396587e+06 -1.60525012e+00  1.06396587e+06 -8.35087510e+01 
 1.07628767e+06 -1.63624953e+00  1.07628767e+06 -8.41829395e+01 
 1.08875217e+06 -1.66729565e+00  1.08875217e+06 -8.48636014e+01 
 1.10136102e+06 -1.69839277e+00  1.10136102e+06 -8.55507893e+01 
 1.11411589e+06 -1.72954527e+00  1.11411589e+06 -8.62445545e+01 
 1.12701847e+06 -1.76075761e+00  1.12701847e+06 -8.69449474e+01 
 1.14007049e+06 -1.79203434e+00  1.14007049e+06 -8.76520169e+01 
 1.15327365e+06 -1.82338010e+00  1.15327365e+06 -8.83658111e+01 
 1.16662972e+06 -1.85479959e+00  1.16662972e+06 -8.90863767e+01 
 1.18014047e+06 -1.88629761e+00  1.18014047e+06 -8.98137593e+01 
 1.19380769e+06 -1.91787903e+00  1.19380769e+06 -9.05480035e+01 
 1.20763319e+06 -1.94954877e+00  1.20763319e+06 -9.12891525e+01 
 1.22161880e+06 -1.98131186e+00  1.22161880e+06 -9.20372483e+01 
 1.23576638e+06 -2.01317336e+00  1.23576638e+06 -9.27923317e+01 
 1.25007780e+06 -2.04513843e+00  1.25007780e+06 -9.35544424e+01 
 1.26455496e+06 -2.07721229e+00  1.26455496e+06 -9.43236188e+01 
 1.27919978e+06 -2.10940020e+00  1.27919978e+06 -9.50998982e+01 
 1.29401421e+06 -2.14170754e+00  1.29401421e+06 -9.58833164e+01 
 1.30900020e+06 -2.17413970e+00  1.30900020e+06 -9.66739083e+01 
 1.32415974e+06 -2.20670217e+00  1.32415974e+06 -9.74717075e+01 
 1.33949485e+06 -2.23940050e+00  1.33949485e+06 -9.82767462e+01 
 1.35500755e+06 -2.27224029e+00  1.35500755e+06 -9.90890557e+01 
 1.37069990e+06 -2.30522725e+00  1.37069990e+06 -9.99086659e+01 
 1.38657399e+06 -2.33836712e+00  1.38657399e+06 -1.00735606e+02 
 1.40263192e+06 -2.37166573e+00  1.40263192e+06 -1.01569902e+02 
 1.41887581e+06 -2.40512897e+00  1.41887581e+06 -1.02411582e+02 
 1.43530782e+06 -2.43876284e+00  1.43530782e+06 -1.03260671e+02 
 1.45193013e+06 -2.47257339e+00  1.45193013e+06 -1.04117192e+02 
 1.46874495e+06 -2.50656677e+00  1.46874495e+06 -1.04981169e+02 
 1.48575450e+06 -2.54074922e+00  1.48575450e+06 -1.05852623e+02 
 1.50296103e+06 -2.57512705e+00  1.50296103e+06 -1.06731576e+02 
 1.52036684e+06 -2.60970671e+00  1.52036684e+06 -1.07618046e+02 
 1.53797422e+06 -2.64449473e+00  1.53797422e+06 -1.08512052e+02 
 1.55578551e+06 -2.67949775e+00  1.55578551e+06 -1.09413611e+02 
 1.57380308e+06 -2.71472253e+00  1.57380308e+06 -1.10322740e+02 
 1.59202931e+06 -2.75017597e+00  1.59202931e+06 -1.11239455e+02 
 1.61046661e+06 -2.78586509e+00  1.61046661e+06 -1.12163768e+02 
 1.62911744e+06 -2.82179706e+00  1.62911744e+06 -1.13095693e+02 
 1.64798426e+06 -2.85797919e+00  1.64798426e+06 -1.14035243e+02 
 1.66706959e+06 -2.89441896e+00  1.66706959e+06 -1.14982429e+02 
 1.68637593e+06 -2.93112405e+00  1.68637593e+06 -1.15937260e+02 
 1.70590587e+06 -2.96810227e+00  1.70590587e+06 -1.16899745e+02 
 1.72566198e+06 -3.00536166e+00  1.72566198e+06 -1.17869894e+02 
 1.74564689e+06 -3.04291047e+00  1.74564689e+06 -1.18847712e+02 
 1.76586324e+06 -3.08075717e+00  1.76586324e+06 -1.19833207e+02 
 1.78631372e+06 -3.11891045e+00  1.78631372e+06 -1.20826382e+02 
 1.80700103e+06 -3.15737926e+00  1.80700103e+06 -1.21827243e+02 
 1.82792793e+06 -3.19617282e+00  1.82792793e+06 -1.22835792e+02 
 1.84909717e+06 -3.23530064e+00  1.84909717e+06 -1.23852032e+02 
 1.87051159e+06 -3.27477250e+00  1.87051159e+06 -1.24875963e+02 
 1.89217400e+06 -3.31459852e+00  1.89217400e+06 -1.25907585e+02 
 1.91408728e+06 -3.35478915e+00  1.91408728e+06 -1.26946898e+02 
 1.93625434e+06 -3.39535519e+00  1.93625434e+06 -1.27993899e+02 
 1.95867812e+06 -3.43630780e+00  1.95867812e+06 -1.29048585e+02 
 1.98136159e+06 -3.47765855e+00  1.98136159e+06 -1.30110951e+02 
 2.00430776e+06 -3.51941940e+00  2.00430776e+06 -1.31180992e+02 
 2.02751966e+06 -3.56160277e+00  2.02751966e+06 -1.32258700e+02 
 2.05100039e+06 -3.60422150e+00  2.05100039e+06 -1.33344067e+02 
 2.07475304e+06 -3.64728893e+00  2.07475304e+06 -1.34437083e+02 
 2.09878077e+06 -3.69081889e+00  2.09878077e+06 -1.35537737e+02 
 2.12308677e+06 -3.73482572e+00  2.12308677e+06 -1.36646015e+02 
 2.14767426e+06 -3.77932431e+00  2.14767426e+06 -1.37761902e+02 
 2.17254649e+06 -3.82433011e+00  2.17254649e+06 -1.38885381e+02 
 2.19770677e+06 -3.86985915e+00  2.19770677e+06 -1.40016435e+02 
 2.22315843e+06 -3.91592807e+00  2.22315843e+06 -1.41155041e+02 
 2.24890485e+06 -3.96255415e+00  2.24890485e+06 -1.42301177e+02 
 2.27494944e+06 -4.00975530e+00  2.27494944e+06 -1.43454817e+02 
 2.30129565e+06 -4.05755012e+00  2.30129565e+06 -1.44615932e+02 
 2.32794697e+06 -4.10595788e+00  2.32794697e+06 -1.45784491e+02 
 2.35490695e+06 -4.15499858e+00  2.35490695e+06 -1.46960459e+02 
 2.38217915e+06 -4.20469293e+00  2.38217915e+06 -1.48143798e+02 
 2.40976718e+06 -4.25506237e+00  2.40976718e+06 -1.49334467e+02 
 2.43767472e+06 -4.30612914e+00  2.43767472e+06 -1.50532420e+02 
 2.46590545e+06 -4.35791619e+00  2.46590545e+06 -1.51737607e+02 
 2.49446313e+06 -4.41044729e+00  2.49446313e+06 -1.52949974e+02 
 2.52335153e+06 -4.46374696e+00  2.52335153e+06 -1.54169461e+02 
 2.55257448e+06 -4.51784053e+00  2.55257448e+06 -1.55396003e+02 
 2.58213587e+06 -4.57275410e+00  2.58213587e+06 -1.56629531e+02 
 2.61203961e+06 -4.62851455e+00  2.61203961e+06 -1.57869967e+02 
 2.64228966e+06 -4.68514954e+00  2.64228966e+06 -1.59117229e+02 
 2.67289004e+06 -4.74268747e+00  2.67289004e+06 -1.60371227e+02 
 2.70384481e+06 -4.80115749e+00  2.70384481e+06 -1.61631862e+02 
 2.73515806e+06 -4.86058946e+00  2.73515806e+06 -1.62899030e+02 
 2.76683395e+06 -4.92101389e+00  2.76683395e+06 -1.64172617e+02 
 2.79887667e+06 -4.98246198e+00  2.79887667e+06 -1.65452501e+02 
 2.83129049e+06 -5.04496547e+00  2.83129049e+06 -1.66738547e+02 
 2.86407969e+06 -5.10855667e+00  2.86407969e+06 -1.68030616e+02 
 2.89724862e+06 -5.17326836e+00  2.89724862e+06 -1.69328554e+02 
 2.93080168e+06 -5.23913369e+00  2.93080168e+06 -1.70632197e+02 
 2.96474332e+06 -5.30618617e+00  2.96474332e+06 -1.71941371e+02 
 2.99907804e+06 -5.37445952e+00  2.99907804e+06 -1.73255888e+02 
 3.03381039e+06 -5.44398757e+00  3.03381039e+06 -1.74575548e+02 
 3.06894498e+06 -5.51480417e+00  3.06894498e+06 -1.75900140e+02 
 3.10448646e+06 -5.58694308e+00  3.10448646e+06 -1.77229437e+02 
 3.14043954e+06 -5.66043777e+00  3.14043954e+06 -1.78563200e+02 
 3.17680900e+06 -5.73532137e+00  3.17680900e+06 -1.79901175e+02 
 3.21359965e+06 -5.81162642e+00  3.21359965e+06  1.78756904e+02 
 3.25081638e+06 -5.88938478e+00  3.25081638e+06  1.77411322e+02 
 3.28846411e+06 -5.96862741e+00  3.28846411e+06  1.76062373e+02 
 3.32654785e+06 -6.04938421e+00  3.32654785e+06  1.74710370e+02 
 3.36507263e+06 -6.13168382e+00  3.36507263e+06  1.73355637e+02 
 3.40404356e+06 -6.21555343e+00  3.40404356e+06  1.71998516e+02 
 3.44346582e+06 -6.30101855e+00  3.44346582e+06  1.70639360e+02 
 3.48334463e+06 -6.38810287e+00  3.48334463e+06  1.69278537e+02 
 3.52368527e+06 -6.47682798e+00  3.52368527e+06  1.67916427e+02 
 3.56449310e+06 -6.56721318e+00  3.56449310e+06  1.66553424e+02 
 3.60577353e+06 -6.65927532e+00  3.60577353e+06  1.65189931e+02 
 3.64753203e+06 -6.75302855e+00  3.64753203e+06  1.63826363e+02 
 3.68977413e+06 -6.84848415e+00  3.68977413e+06  1.62463146e+02 
 3.73250543e+06 -6.94565033e+00  3.73250543e+06  1.61100710e+02 
 3.77573161e+06 -7.04453210e+00  3.77573161e+06  1.59739496e+02 
 3.81945839e+06 -7.14513108e+00  3.81945839e+06  1.58379947e+02 
 3.86369158e+06 -7.24744536e+00  3.86369158e+06  1.57022510e+02 
 3.90843702e+06 -7.35146942e+00  3.90843702e+06  1.55667636e+02 
 3.95370067e+06 -7.45719404e+00  3.95370067e+06  1.54315773e+02 
 3.99948851e+06 -7.56460618e+00  3.99948851e+06  1.52967368e+02 
 4.04580662e+06 -7.67368902e+00  4.04580662e+06  1.51622863e+02 
 4.09266114e+06 -7.78442191e+00  4.09266114e+06  1.50282694e+02 
 4.14005829e+06 -7.89678040e+00  4.14005829e+06  1.48947288e+02 
 4.18800434e+06 -8.01073632e+00  4.18800434e+06  1.47617062e+02 
 4.23650566e+06 -8.12625784e+00  4.23650566e+06  1.46292420e+02 
 4.28556866e+06 -8.24330965e+00  4.28556866e+06  1.44973750e+02 
 4.33519987e+06 -8.36185303e+00  4.33519987e+06  1.43661424e+02 
 4.38540586e+06 -8.48184614e+00  4.38540586e+06  1.42355796e+02 
 4.43619329e+06 -8.60324417e+00  4.43619329e+06  1.41057196e+02 
 4.48756888e+06 -8.72599961e+00  4.48756888e+06  1.39765936e+02 
 4.53953946e+06 -8.85006250e+00  4.53953946e+06  1.38482301e+02 
 4.59211190e+06 -8.97538079e+00  4.59211190e+06  1.37206553e+02 
 4.64529319e+06 -9.10190055e+00  4.64529319e+06  1.35938925e+02 
 4.69909037e+06 -9.22956640e+00  4.69909037e+06  1.34679627e+02 
 4.75351058e+06 -9.35832177e+00  4.75351058e+06  1.33428839e+02 
 4.80856103e+06 -9.48810930e+00  4.80856103e+06  1.32186712e+02 
 4.86424902e+06 -9.61887113e+00  4.86424902e+06  1.30953371e+02 
 4.92058193e+06 -9.75054929e+00  4.92058193e+06  1.29728912e+02 
 4.97756723e+06 -9.88308605e+00  4.97756723e+06  1.28513403e+02 
 5.03521248e+06 -1.00164242e+01  5.03521248e+06  1.27306886e+02 
 5.09352532e+06 -1.01505073e+01  5.09352532e+06  1.26109373e+02 
 5.15251348e+06 -1.02852803e+01  5.15251348e+06  1.24920856e+02 
 5.21218479e+06 -1.04206893e+01  5.21218479e+06  1.23741297e+02 
 5.27254715e+06 -1.05566822e+01  5.27254715e+06  1.22570639e+02 
 5.33360856e+06 -1.06932089e+01  5.33360856e+06  1.21408800e+02 
 5.39537713e+06 -1.08302213e+01  5.39537713e+06  1.20255681e+02 
 5.45786104e+06 -1.09676735e+01  5.45786104e+06  1.19111161e+02 
 5.52106858e+06 -1.11055223e+01  5.52106858e+06  1.17975106e+02 
 5.58500812e+06 -1.12437268e+01  5.58500812e+06  1.16847362e+02 
 5.64968815e+06 -1.13822488e+01  5.64968815e+06  1.15727766e+02 
 5.71511724e+06 -1.15210527e+01  5.71511724e+06  1.14616140e+02 
 5.78130406e+06 -1.16601060e+01  5.78130406e+06  1.13512299e+02 
 5.84825740e+06 -1.17993783e+01  5.84825740e+06  1.12416046e+02 
 5.91598612e+06 -1.19388426e+01  5.91598612e+06  1.11327181e+02 
 5.98449920e+06 -1.20784740e+01  5.98449920e+06  1.10245497e+02 
 6.05380574e+06 -1.22182506e+01  6.05380574e+06  1.09170782e+02 
 6.12391492e+06 -1.23581528e+01  6.12391492e+06  1.08102825e+02 
 6.19483603e+06 -1.24981636e+01  6.19483603e+06  1.07041411e+02 
 6.26657849e+06 -1.26382684e+01  6.26657849e+06  1.05986328e+02 
 6.33915179e+06 -1.27784545e+01  6.33915179e+06  1.04937362e+02 
 6.41256556e+06 -1.29187117e+01  6.41256556e+06  1.03894303e+02 
 6.48682954e+06 -1.30590316e+01  6.48682954e+06  1.02856945e+02 
 6.56195357e+06 -1.31994076e+01  6.56195357e+06  1.01825084e+02 
 6.63794761e+06 -1.33398349e+01  6.63794761e+06  1.00798521e+02 
 6.71482174e+06 -1.34803102e+01  6.71482174e+06  9.97770618e+01 
 6.79258615e+06 -1.36208317e+01  6.79258615e+06  9.87605179e+01 
 6.87125115e+06 -1.37613988e+01  6.87125115e+06  9.77487061e+01 
 6.95082717e+06 -1.39020121e+01  6.95082717e+06  9.67414491e+01 
 7.03132476e+06 -1.40426732e+01  7.03132476e+06  9.57385757e+01 
 7.11275460e+06 -1.41833847e+01  7.11275460e+06  9.47399209e+01 
 7.19512747e+06 -1.43241500e+01  7.19512747e+06  9.37453255e+01 
 7.27845431e+06 -1.44649729e+01  7.27845431e+06  9.27546369e+01 
 7.36274615e+06 -1.46058581e+01  7.36274615e+06  9.17677079e+01 
 7.44801418e+06 -1.47468107e+01  7.44801418e+06  9.07843974e+01 
 7.53426970e+06 -1.48878360e+01  7.53426970e+06  8.98045701e+01 
 7.62152414e+06 -1.50289398e+01  7.62152414e+06  8.88280958e+01 
 7.70978908e+06 -1.51701282e+01  7.70978908e+06  8.78548496e+01 
 7.79907622e+06 -1.53114071e+01  7.79907622e+06  8.68847116e+01 
 7.88939739e+06 -1.54527828e+01  7.88939739e+06  8.59175663e+01 
 7.98076457e+06 -1.55942616e+01  7.98076457e+06  8.49533026e+01 
 8.07318988e+06 -1.57358497e+01  8.07318988e+06  8.39918136e+01 
 8.16668556e+06 -1.58775534e+01  8.16668556e+06  8.30329958e+01 
 8.26126402e+06 -1.60193788e+01  8.26126402e+06  8.20767493e+01 
 8.35693779e+06 -1.61613319e+01  8.35693779e+06  8.11229771e+01 
 8.45371956e+06 -1.63034186e+01  8.45371956e+06  8.01715851e+01 
 8.55162216e+06 -1.64456447e+01  8.55162216e+06  7.92224816e+01 
 8.65065857e+06 -1.65880157e+01  8.65065857e+06  7.82755771e+01 
 8.75084193e+06 -1.67305371e+01  8.75084193e+06  7.73307841e+01 
 8.85218551e+06 -1.68732141e+01  8.85218551e+06  7.63880168e+01 
 8.95470275e+06 -1.70160517e+01  8.95470275e+06  7.54471904e+01 
 9.05840724e+06 -1.71590548e+01  9.05840724e+06  7.45082218e+01 
 9.16331273e+06 -1.73022281e+01  9.16331273e+06  7.35710286e+01 
 9.26943314e+06 -1.74455760e+01  9.26943314e+06  7.26355290e+01 
 9.37678253e+06 -1.75891030e+01  9.37678253e+06  7.17016421e+01 
 9.48537513e+06 -1.77328132e+01  9.48537513e+06  7.07692870e+01 
 9.59522534e+06 -1.78767106e+01  9.59522534e+06  6.98383833e+01 
 9.70634773e+06 -1.80207991e+01  9.70634773e+06  6.89088506e+01 
 9.81875703e+06 -1.81650826e+01  9.81875703e+06  6.79806084e+01 
 9.93246814e+06 -1.83095647e+01  9.93246814e+06  6.70535762e+01 
 1.00474961e+07 -1.84542490e+01  1.00474961e+07  6.61276730e+01 
 1.01638563e+07 -1.85991391e+01  1.01638563e+07  6.52028175e+01 
 1.02815640e+07 -1.87442384e+01  1.02815640e+07  6.42789283e+01 
 1.04006349e+07 -1.88895504e+01  1.04006349e+07  6.33559232e+01 
 1.05210847e+07 -1.90350785e+01  1.05210847e+07  6.24337195e+01 
 1.06429295e+07 -1.91808261e+01  1.06429295e+07  6.15122341e+01 
 1.07661854e+07 -1.93267966e+01  1.07661854e+07  6.05913833e+01 
 1.08908687e+07 -1.94729935e+01  1.08908687e+07  5.96710827e+01 
 1.10169959e+07 -1.96194203e+01  1.10169959e+07  5.87512474e+01 
 1.11445838e+07 -1.97660805e+01  1.11445838e+07  5.78317919e+01 
 1.12736493e+07 -1.99129779e+01  1.12736493e+07  5.69126303e+01 
 1.14042096e+07 -2.00601161e+01  1.14042096e+07  5.59936758e+01 
 1.15362818e+07 -2.02074991e+01  1.15362818e+07  5.50748413e+01 
 1.16698836e+07 -2.03551307e+01  1.16698836e+07  5.41560394e+01 
 1.18050326e+07 -2.05030150e+01  1.18050326e+07  5.32371820e+01 
 1.19417468e+07 -2.06511564e+01  1.19417468e+07  5.23181807e+01 
 1.20800443e+07 -2.07995592e+01  1.20800443e+07  5.13989468e+01 
 1.22199434e+07 -2.09482281e+01  1.22199434e+07  5.04793914e+01 
 1.23614627e+07 -2.10971677e+01  1.23614627e+07  4.95594253e+01 
 1.25046209e+07 -2.12463830e+01  1.25046209e+07  4.86389593e+01 
 1.26494370e+07 -2.13958792e+01  1.26494370e+07  4.77179040e+01 
 1.27959303e+07 -2.15456616e+01  1.27959303e+07  4.67961703e+01 
 1.29441200e+07 -2.16957358e+01  1.29441200e+07  4.58736689e+01 
 1.30940260e+07 -2.18461075e+01  1.30940260e+07  4.49503108e+01 
 1.32456680e+07 -2.19967829e+01  1.32456680e+07  4.40260074e+01 
 1.33990662e+07 -2.21477681e+01  1.33990662e+07  4.31006703e+01 
 1.35542409e+07 -2.22990696e+01  1.35542409e+07  4.21742117e+01 
 1.37112127e+07 -2.24506942e+01  1.37112127e+07  4.12465442e+01 
 1.38700024e+07 -2.26026488e+01  1.38700024e+07  4.03175811e+01 
 1.40306310e+07 -2.27549406e+01  1.40306310e+07  3.93872365e+01 
 1.41931199e+07 -2.29075772e+01  1.41931199e+07  3.84554252e+01 
 1.43574905e+07 -2.30605661e+01  1.43574905e+07  3.75220630e+01 
 1.45237648e+07 -2.32139154e+01  1.45237648e+07  3.65870666e+01 
 1.46919646e+07 -2.33676333e+01  1.46919646e+07  3.56503540e+01 
 1.48621124e+07 -2.35217282e+01  1.48621124e+07  3.47118442e+01 
 1.50342306e+07 -2.36762088e+01  1.50342306e+07  3.37714574e+01 
 1.52083422e+07 -2.38310840e+01  1.52083422e+07  3.28291156e+01 
 1.53844701e+07 -2.39863631e+01  1.53844701e+07  3.18847419e+01 
 1.55626378e+07 -2.41420555e+01  1.55626378e+07  3.09382610e+01 
 1.57428689e+07 -2.42981708e+01  1.57428689e+07  2.99895993e+01 
 1.59251872e+07 -2.44547188e+01  1.59251872e+07  2.90386851e+01 
 1.61096169e+07 -2.46117098e+01  1.61096169e+07  2.80854483e+01 
 1.62961825e+07 -2.47691541e+01  1.62961825e+07  2.71298209e+01 
 1.64849088e+07 -2.49270621e+01  1.64849088e+07  2.61717367e+01 
 1.66758206e+07 -2.50854447e+01  1.66758206e+07  2.52111318e+01 
 1.68689435e+07 -2.52443128e+01  1.68689435e+07  2.42479444e+01 
 1.70643029e+07 -2.54036776e+01  1.70643029e+07  2.32821150e+01 
 1.72619247e+07 -2.55635503e+01  1.72619247e+07  2.23135862e+01 
 1.74618352e+07 -2.57239426e+01  1.74618352e+07  2.13423034e+01 
 1.76640609e+07 -2.58848660e+01  1.76640609e+07  2.03682142e+01 
 1.78686285e+07 -2.60463325e+01  1.78686285e+07  1.93912690e+01 
 1.80755653e+07 -2.62083540e+01  1.80755653e+07  1.84114205e+01 
 1.82848985e+07 -2.63709427e+01  1.82848985e+07  1.74286246e+01 
 1.84966561e+07 -2.65341109e+01  1.84966561e+07  1.64428396e+01 
 1.87108661e+07 -2.66978709e+01  1.87108661e+07  1.54540269e+01 
 1.89275568e+07 -2.68622354e+01  1.89275568e+07  1.44621506e+01 
 1.91467570e+07 -2.70272169e+01  1.91467570e+07  1.34671781e+01 
 1.93684957e+07 -2.71928282e+01  1.93684957e+07  1.24690795e+01 
 1.95928024e+07 -2.73590820e+01  1.95928024e+07  1.14678284e+01 
 1.98197069e+07 -2.75259913e+01  1.98197069e+07  1.04634012e+01 
 2.00492391e+07 -2.76935690e+01  2.00492391e+07  9.45577786e+00 
 2.02814295e+07 -2.78618279e+01  2.02814295e+07  8.44494146e+00 
 2.05163089e+07 -2.80307813e+01  2.05163089e+07  7.43087848e+00 
 2.07539085e+07 -2.82004421e+01  2.07539085e+07  6.41357879e+00 
 2.09942597e+07 -2.83708233e+01  2.09942597e+07  5.39303570e+00 
 2.12373944e+07 -2.85419380e+01  2.12373944e+07  4.36924605e+00 
 2.14833448e+07 -2.87137993e+01  2.14833448e+07  3.34221020e+00 
 2.17321436e+07 -2.88864202e+01  2.17321436e+07  2.31193208e+00 
 2.19838238e+07 -2.90598136e+01  2.19838238e+07  1.27841929e+00 
 2.22384186e+07 -2.92339924e+01  2.22384186e+07  2.41683070e-01 
 2.24959620e+07 -2.94089696e+01  2.24959620e+07 -7.98261644e-01 
 2.27564879e+07 -2.95847578e+01  2.27564879e+07 -1.84139616e+00 
 2.30200310e+07 -2.97613697e+01  2.30200310e+07 -2.88769804e+00 
 2.32866262e+07 -2.99388180e+01  2.32866262e+07 -3.93714102e+00 
 2.35563088e+07 -3.01171150e+01  2.35563088e+07 -4.98969503e+00 
 2.38291146e+07 -3.02962730e+01  2.38291146e+07 -6.04532615e+00 
 2.41050798e+07 -3.04763043e+01  2.41050798e+07 -7.10399658e+00 
 2.43842409e+07 -3.06572208e+01  2.43842409e+07 -8.16566465e+00 
 2.46666350e+07 -3.08390342e+01  2.46666350e+07 -9.23028474e+00 
 2.49522996e+07 -3.10217563e+01  2.49522996e+07 -1.02978074e+01 
 2.52412724e+07 -3.12053985e+01  2.52412724e+07 -1.13681790e+01 
 2.55335918e+07 -3.13899719e+01  2.55335918e+07 -1.24413424e+01 
 2.58292965e+07 -3.15754874e+01  2.58292965e+07 -1.35172361e+01 
 2.61284258e+07 -3.17619558e+01  2.61284258e+07 -1.45957949e+01 
 2.64310194e+07 -3.19493876e+01  2.64310194e+07 -1.56769495e+01 
 2.67371172e+07 -3.21377927e+01  2.67371172e+07 -1.67606266e+01 
 2.70467600e+07 -3.23271812e+01  2.70467600e+07 -1.78467493e+01 
 2.73599888e+07 -3.25175625e+01  2.73599888e+07 -1.89352364e+01 
 2.76768451e+07 -3.27089459e+01  2.76768451e+07 -2.00260028e+01 
 2.79973709e+07 -3.29013402e+01  2.79973709e+07 -2.11189598e+01 
 2.83216087e+07 -3.30947539e+01  2.83216087e+07 -2.22140145e+01 
 2.86496015e+07 -3.32891952e+01  2.86496015e+07 -2.33110702e+01 
 2.89813928e+07 -3.34846719e+01  2.89813928e+07 -2.44100265e+01 
 2.93170265e+07 -3.36811913e+01  2.93170265e+07 -2.55107789e+01 
 2.96565473e+07 -3.38787604e+01  2.96565473e+07 -2.66132195e+01 
 3.00000000e+07 -3.40773857e+01  3.00000000e+07 -2.77172362e+01 
