
Note: No compatibility mode selected!


Circuit: statico jfet vhi vhi k048 serie_prima

Warning: Model issue on line 15 :
  .model mmbfj112_vhi njf vto=-5.0000 beta=1.68067e-03 n=1 betatce=-0.46 r ...
unrecognized parameter (isr) - ignored
unrecognized parameter (alpha) - ignored
unrecognized parameter (vk) - ignored

L47B1_CASO d=0.0000
Doing analysis at TEMP = 27.000000 and TNOM = 27.000000

Using SPARSE 1.3 as Direct Linear Solver

Initial Transient Solution
--------------------------

Node                                   Voltage
----                                   -------
vsn                                          0
srcx                              -1.05126e-05
ain                               -0.000427966
gs                                -0.000116791
gp                                    -7.00946
csf                               -2.04897e-05
cpf                                   -13.5982
cs                                           0
cp                                         -15
vcp#branch                         1.40185e-05
vcs#branch                        -2.04897e-10
vsrc#branch                        -7.0084e-06


No. of Data Rows : 4001
Fourier analysis for v(vsn):
  No. Harmonics: 10, THD: 2.6243e-11 %, Gridsize: 8192, Interpolation Degree: 1, No. Periods: 1

Harmonic Frequency       Magnitude       Phase           Norm. Mag       Norm. Phase    
-------- ---------       ---------       -----           ---------       -----------    
 0       0               -1.91022545e-13 0               0               0              
 1       1000            3.81799686      -5.64670755e-12 1               0              
 2       2000            3.522513435e-13 -85.9681157     9.22607735e-14  -85.9681157    
 3       3000            3.423983291e-13 -88.2148218     8.96800971e-14  -88.2148218    
 4       4000            3.519773425e-13 -90.897723      9.218900786e-14 -90.897723     
 5       5000            3.658766436e-13 -93.9483099     9.582947734e-14 -93.9483099    
 6       6000            3.599516695e-13 -91.4381541     9.427762325e-14 -91.4381541    
 7       7000            3.805901869e-13 -89.0078574     9.968321109e-14 -89.0078574    
 8       8000            3.608832296e-13 -90.0708217     9.45216151e-14  -90.0708217    
 9       9000            3.165308043e-13 -87.7712033     8.290494096e-14 -87.7712033    

Fourier analysis for v(ain):
  No. Harmonics: 10, THD: 0.561864 %, Gridsize: 8192, Interpolation Degree: 1, No. Periods: 1

Harmonic Frequency       Magnitude       Phase           Norm. Mag       Norm. Phase    
-------- ---------       ---------       -----           ---------       -----------    
 0       0               0.008557695237  0               0               0              
 1       1000            3.799759917     0.0009267346179 1               0              
 2       2000            0.01496779986   -90.4245833     0.003939143575  -90.4255101    
 3       3000            0.01182818668   -0.63606756     0.003112877375  -0.636994295   
 4       4000            0.008087761376  89.15553888     0.002128492734  89.15461214    
 5       5000            0.004657810866  178.9503121     0.001225817148  178.9493854    
 6       6000            0.001953744599  -91.246717      0.000514175801  -91.2476437    
 7       7000            0.0002109967637 -1.28325863     5.552897245e-05 -1.28418537    
 8       8000            0.0006059328037 -91.755433      0.000159466076  -91.7563597    
 9       9000            0.0007230788776 -1.94161232     0.000190295938  -1.94253906    

Doing analysis at TEMP = 27.000000 and TNOM = 27.000000

Using SPARSE 1.3 as Direct Linear Solver

Initial Transient Solution
--------------------------

Node                                   Voltage
----                                   -------
vsn                                          0
srcx                              -1.05126e-05
ain                               -0.000427966
gs                                -0.000116791
gp                                    -7.00946
csf                               -2.04897e-05
cpf                                   -13.5982
cs                                           0
cp                                         -15
vcp#branch                         1.40185e-05
vcs#branch                        -2.04897e-10
vsrc#branch                        -7.0084e-06


No. of Data Rows : 4001
Fourier analysis for v(vsn):
  No. Harmonics: 10, THD: 1.72897e-10 %, Gridsize: 8192, Interpolation Degree: 1, No. Periods: 1

Harmonic Frequency       Magnitude       Phase           Norm. Mag       Norm. Phase    
-------- ---------       ---------       -----           ---------       -----------    
 0       0               -1.10034204e-12 0               0               0              
 1       20000           3.81799686      -3.41134715e-11 1               0              
 2       40000           2.285370301e-12 -91.4633786     5.985783606e-13 -91.4633786    
 3       60000           2.256423354e-12 -88.7582016     5.909966501e-13 -88.7582016    
 4       80000           2.443011625e-12 -89.8612148     6.398673742e-13 -89.8612148    
 5       100000          2.383450755e-12 -89.9587686     6.24267343e-13  -89.9587686    
 6       120000          2.24451972e-12  -84.6419669     5.878788804e-13 -84.6419669    
 7       140000          2.302570325e-12 -87.7309339     6.03083347e-13  -87.7309339    
 8       160000          2.344980455e-12 -90.3228769     6.141913e-13    -90.3228769    
 9       180000          2.402903181e-12 -87.3386568     6.293622727e-13 -87.3386568    

Fourier analysis for v(ain):
  No. Harmonics: 10, THD: 0.531717 %, Gridsize: 8192, Interpolation Degree: 1, No. Periods: 1

Harmonic Frequency       Magnitude       Phase           Norm. Mag       Norm. Phase    
-------- ---------       ---------       -----           ---------       -----------    
 0       0               0.007991239477  0               0               0              
 1       20000           3.800915121     0.02005401116   1               0              
 2       40000           0.01407394502   -99.6478161     0.003702778035  -99.6678701    
 3       60000           0.01119380616   -14.5101371     0.002945029237  -14.5301912    
 4       80000           0.007731726571  70.73280248     0.002034175014  70.71274847    
 5       100000          0.004533405068  155.9693738     0.001192714103  155.9493198    
 6       120000          0.001977594962  -118.712855     0.0005202944288 -118.732909    
 7       140000          0.0002968190262 -32.295912      7.809146395e-05 -32.315966     
 8       160000          0.0005248584366 -129.346456     0.0001380873868 -129.36651     
 9       180000          0.0006826584053 -43.8811397     0.0001796036964 -43.9011938    

Doing analysis at TEMP = 27.000000 and TNOM = 27.000000

Using SPARSE 1.3 as Direct Linear Solver

No. of Data Rows : 1
h1k = 9.9981745839e-01
Doing analysis at TEMP = 27.000000 and TNOM = 27.000000

Using SPARSE 1.3 as Direct Linear Solver

No. of Data Rows : 1
h20k = 9.9981557927e-01
Doing analysis at TEMP = 27.000000 and TNOM = 27.000000

Using SPARSE 1.3 as Direct Linear Solver

No. of Data Rows : 1
mag(v(ain)) = 9.9982115865e-01
Doing analysis at TEMP = 27.000000 and TNOM = 27.000000

Using SPARSE 1.3 as Direct Linear Solver

No. of Data Rows : 61
zmin = 3.3865963660e+05
Doing analysis at TEMP = 27.000000 and TNOM = 27.000000

Using SPARSE 1.3 as Direct Linear Solver

No. of Data Rows : 1
cvcs1k = 9.9981748244e-01
Doing analysis at TEMP = 27.000000 and TNOM = 27.000000

Using SPARSE 1.3 as Direct Linear Solver

No. of Data Rows : 1
cvcs20k = 9.9981558207e-01
Doing analysis at TEMP = 27.000000 and TNOM = 27.000000

Using SPARSE 1.3 as Direct Linear Solver

No. of Data Rows : 1
cvcp1k = 9.9981747295e-01
Doing analysis at TEMP = 27.000000 and TNOM = 27.000000

Using SPARSE 1.3 as Direct Linear Solver

No. of Data Rows : 1
cvcp20k = 9.9981558496e-01
L47B1_CASO d=0.0250
Doing analysis at TEMP = 27.000000 and TNOM = 27.000000

Using SPARSE 1.3 as Direct Linear Solver

Initial Transient Solution
--------------------------

Node                                   Voltage
----                                   -------
vsn                                          0
srcx                              -1.15638e-05
ain                               -0.000482885
gs                                   -0.350599
gp                                    -7.00947
csf                                   -0.67993
cpf                                   -13.5982
cs                                       -0.75
cp                                         -15
vcp#branch                         1.40185e-05
vcs#branch                         7.00704e-07
vsrc#branch                       -7.70922e-06


No. of Data Rows : 4001
Fourier analysis for v(vsn):
  No. Harmonics: 10, THD: 1.79136e-10 %, Gridsize: 8192, Interpolation Degree: 1, No. Periods: 1

Harmonic Frequency       Magnitude       Phase           Norm. Mag       Norm. Phase    
-------- ---------       ---------       -----           ---------       -----------    
 0       0               -1.20209225e-12 0               0               0              
 1       1000            3.81799686      -3.62232989e-11 1               0              
 2       2000            2.417573727e-12 -89.9681656     6.332047446e-13 -89.9681656    
 3       3000            2.42293362e-12  -90.3803082     6.346085941e-13 -90.3803082    
 4       4000            2.411327459e-12 -88.328906      6.315687381e-13 -88.328906     
 5       5000            2.420417747e-12 -88.0225898     6.339496433e-13 -88.0225898    
 6       6000            2.447805474e-12 -88.432673      6.411229668e-13 -88.432673     
 7       7000            2.410599019e-12 -88.4689981     6.31377947e-13  -88.4689981    
 8       8000            2.393710049e-12 -88.059951      6.26954431e-13  -88.059951     
 9       9000            2.420013297e-12 -87.5801761     6.338437108e-13 -87.5801761    

Fourier analysis for v(ain):
  No. Harmonics: 10, THD: 0.562139 %, Gridsize: 8192, Interpolation Degree: 1, No. Periods: 1

Harmonic Frequency       Magnitude       Phase           Norm. Mag       Norm. Phase    
-------- ---------       ---------       -----           ---------       -----------    
 0       0               0.008477622477  0               0               0              
 1       1000            3.799641906     0.0009290086837 1               0              
 2       2000            0.01495065197   -90.4248395     0.003934752889  -90.4257685    
 3       3000            0.01185707337   -0.636688027    0.003120576533  -0.637617036   
 4       4000            0.008098529208  89.15465493     0.002131392749  89.15372592    
 5       5000            0.004665154021  178.9503137     0.001227787812  178.9493847    
 6       6000            0.001954113099  -91.2431155     0.0005142887535 -91.2440445    
 7       7000            0.000208786456  -1.26751518     5.494898235e-05 -1.26844419    
 8       8000            0.0006082754783 -91.745784      0.0001600875802 -91.746713     
 9       9000            0.0007244673665 -1.93308687     0.0001906672746 -1.93401588    

Doing analysis at TEMP = 27.000000 and TNOM = 27.000000

Using SPARSE 1.3 as Direct Linear Solver

Initial Transient Solution
--------------------------

Node                                   Voltage
----                                   -------
vsn                                          0
srcx                              -1.15638e-05
ain                               -0.000482885
gs                                   -0.350599
gp                                    -7.00947
csf                                   -0.67993
cpf                                   -13.5982
cs                                       -0.75
cp                                         -15
vcp#branch                         1.40185e-05
vcs#branch                         7.00704e-07
vsrc#branch                       -7.70922e-06


No. of Data Rows : 4001
Fourier analysis for v(vsn):
  No. Harmonics: 10, THD: 3.12824e-10 %, Gridsize: 8192, Interpolation Degree: 1, No. Periods: 1

Harmonic Frequency       Magnitude       Phase           Norm. Mag       Norm. Phase    
-------- ---------       ---------       -----           ---------       -----------    
 0       0               -2.14237655e-12 0               0               0              
 1       20000           3.81799686      -6.31245364e-11 1               0              
 2       40000           4.193587702e-12 -90.8344796     1.098373796e-12 -90.8344796    
 3       60000           4.216508959e-12 -89.5100713     1.104377273e-12 -89.5100713    
 4       80000           4.222465655e-12 -88.3457918     1.105937435e-12 -88.3457918    
 5       100000          4.263217801e-12 -89.4385972     1.116611133e-12 -89.4385972    
 6       120000          4.206939674e-12 -90.581383      1.10187091e-12  -90.581383     
 7       140000          4.255328239e-12 -89.0919395     1.114544719e-12 -89.0919395    
 8       160000          4.217267989e-12 -88.4698315     1.104576076e-12 -88.4698315    
 9       180000          4.205804562e-12 -89.2827144     1.101573604e-12 -89.2827144    

Fourier analysis for v(ain):
  No. Harmonics: 10, THD: 0.531954 %, Gridsize: 8192, Interpolation Degree: 1, No. Periods: 1

Harmonic Frequency       Magnitude       Phase           Norm. Mag       Norm. Phase    
-------- ---------       ---------       -----           ---------       -----------    
 0       0               0.007912368433  0               0               0              
 1       20000           3.800799929     0.02013048948   1               0              
 2       40000           0.01405598305   -99.6432221     0.003698164417  -99.6633526    
 3       60000           0.01122092486   -14.519436      0.002952253492  -14.5395665    
 4       80000           0.007741324149  70.71591915     0.002036761811  70.69578866    
 5       100000          0.004541189698  155.952358      0.001194798406  155.9322275    
 6       120000          0.001980235584  -118.693767     0.0005210049518 -118.713898    
 7       140000          0.0002960691619 -32.0627627     7.789653953e-05 -32.0828932    
 8       160000          0.0005279766686 -129.419629     0.0001389119865 -129.43976     
 9       180000          0.0006857826017 -43.8582175     0.0001804311235 -43.878348     

Doing analysis at TEMP = 27.000000 and TNOM = 27.000000

Using SPARSE 1.3 as Direct Linear Solver

No. of Data Rows : 1
h1k = 9.9979806341e-01
Doing analysis at TEMP = 27.000000 and TNOM = 27.000000

Using SPARSE 1.3 as Direct Linear Solver

No. of Data Rows : 1
h20k = 9.9979672540e-01
Doing analysis at TEMP = 27.000000 and TNOM = 27.000000

Using SPARSE 1.3 as Direct Linear Solver

No. of Data Rows : 1
mag(v(ain)) = 9.9980227712e-01
Doing analysis at TEMP = 27.000000 and TNOM = 27.000000

Using SPARSE 1.3 as Direct Linear Solver

No. of Data Rows : 61
zmin = 3.4133822053e+05
Doing analysis at TEMP = 27.000000 and TNOM = 27.000000

Using SPARSE 1.3 as Direct Linear Solver

No. of Data Rows : 1
cvcs1k = 9.9979808917e-01
Doing analysis at TEMP = 27.000000 and TNOM = 27.000000

Using SPARSE 1.3 as Direct Linear Solver

No. of Data Rows : 1
cvcs20k = 9.9979672687e-01
Doing analysis at TEMP = 27.000000 and TNOM = 27.000000

Using SPARSE 1.3 as Direct Linear Solver

No. of Data Rows : 1
cvcp1k = 9.9979807904e-01
Doing analysis at TEMP = 27.000000 and TNOM = 27.000000

Using SPARSE 1.3 as Direct Linear Solver

No. of Data Rows : 1
cvcp20k = 9.9979673150e-01
L47B1_CASO d=0.0500
Doing analysis at TEMP = 27.000000 and TNOM = 27.000000

Using SPARSE 1.3 as Direct Linear Solver

Initial Transient Solution
--------------------------

Node                                   Voltage
----                                   -------
vsn                                          0
srcx                               -1.2615e-05
ain                                -0.00054658
gs                                   -0.701083
gp                                    -7.00949
csf                                   -1.35984
cpf                                   -13.5982
cs                                        -1.5
cp                                         -15
vcp#branch                         1.40184e-05
vcs#branch                         1.40161e-06
vsrc#branch                       -8.41001e-06


No. of Data Rows : 4001
Fourier analysis for v(vsn):
  No. Harmonics: 10, THD: 1.82423e-10 %, Gridsize: 8192, Interpolation Degree: 1, No. Periods: 1

Harmonic Frequency       Magnitude       Phase           Norm. Mag       Norm. Phase    
-------- ---------       ---------       -----           ---------       -----------    
 0       0               -1.22454477e-12 0               0               0              
 1       1000            3.81799686      -3.71591613e-11 1               0              
 2       2000            2.459847601e-12 -89.4460182     6.4427701e-13   -89.4460182    
 3       3000            2.468423083e-12 -89.8027962     6.465230783e-13 -89.8027962    
 4       4000            2.490441226e-12 -88.3667386     6.522900143e-13 -88.3667386    
 5       5000            2.480985163e-12 -88.9950906     6.498133063e-13 -88.9950906    
 6       6000            2.441255333e-12 -89.3827447     6.394073705e-13 -89.3827447    
 7       7000            2.434110817e-12 -88.6304784     6.375360972e-13 -88.6304784    
 8       8000            2.463075865e-12 -87.6315719     6.451225487e-13 -87.6315719    
 9       9000            2.461053183e-12 -87.6257769     6.44592773e-13  -87.6257769    

Fourier analysis for v(ain):
  No. Harmonics: 10, THD: 0.562414 %, Gridsize: 8192, Interpolation Degree: 1, No. Periods: 1

Harmonic Frequency       Magnitude       Phase           Norm. Mag       Norm. Phase    
-------- ---------       ---------       -----           ---------       -----------    
 0       0               0.008381948122  0               0               0              
 1       1000            3.799485797     0.0009326397058 1               0              
 2       2000            0.01492560763   -90.4249393     0.003928323049  -90.4258719    
 3       3000            0.01189430108   -0.637218422    0.003130502841  -0.638151062   
 4       4000            0.008109358823  89.15332299     0.002134330606  89.15239035    
 5       5000            0.004674490389  178.9482233     0.001230295529  178.9472907    
 6       6000            0.001954903257  -91.2423943     0.0005145178482 -91.2433269    
 7       7000            0.0002059921962 -1.22222941     5.421580898e-05 -1.22316205    
 8       8000            0.0006119618035 -91.7544281     0.0001610643746 -91.7553607    
 9       9000            0.0007267495447 -1.92753916     0.000191275763  -1.9284718     

Doing analysis at TEMP = 27.000000 and TNOM = 27.000000

Using SPARSE 1.3 as Direct Linear Solver

Initial Transient Solution
--------------------------

Node                                   Voltage
----                                   -------
vsn                                          0
srcx                               -1.2615e-05
ain                                -0.00054658
gs                                   -0.701083
gp                                    -7.00949
csf                                   -1.35984
cpf                                   -13.5982
cs                                        -1.5
cp                                         -15
vcp#branch                         1.40184e-05
vcs#branch                         1.40161e-06
vsrc#branch                       -8.41001e-06


No. of Data Rows : 4001
Fourier analysis for v(vsn):
  No. Harmonics: 10, THD: 1.83239e-10 %, Gridsize: 8192, Interpolation Degree: 1, No. Periods: 1

Harmonic Frequency       Magnitude       Phase           Norm. Mag       Norm. Phase    
-------- ---------       ---------       -----           ---------       -----------    
 0       0               -1.22047511e-12 0               0               0              
 1       20000           3.81799686      -3.74644408e-11 1               0              
 2       40000           2.441485255e-12 -87.6909717     6.394675912e-13 -87.6909717    
 3       60000           2.482056324e-12 -88.0223523     6.50093862e-13  -88.0223523    
 4       80000           2.495568762e-12 -90.579458      6.536330055e-13 -90.579458     
 5       100000          2.488585988e-12 -87.9105573     6.51804095e-13  -87.9105573    
 6       120000          2.563165169e-12 -87.4528109     6.713376838e-13 -87.4528109    
 7       140000          2.462392976e-12 -88.6343298     6.449436882e-13 -88.6343298    
 8       160000          2.443844329e-12 -90.6396608     6.400854739e-13 -90.6396608    
 9       180000          2.407716348e-12 -87.4077148     6.306229252e-13 -87.4077148    

Fourier analysis for v(ain):
  No. Harmonics: 10, THD: 0.532176 %, Gridsize: 8192, Interpolation Degree: 1, No. Periods: 1

Harmonic Frequency       Magnitude       Phase           Norm. Mag       Norm. Phase    
-------- ---------       ---------       -----           ---------       -----------    
 0       0               0.007818217901  0               0               0              
 1       20000           3.800647255     0.02024304686   1               0              
 2       40000           0.01403096302   -99.6343577     0.003691729877  -99.6546007    
 3       60000           0.01125612469   -14.5260059     0.00296163362   -14.546249     
 4       80000           0.007750228739  70.7019198      0.002039186544  70.68167676    
 5       100000          0.00454897991   155.9144536     0.001196896109  155.8942105    
 6       120000          0.001981956706  -118.733826     0.0005214787305 -118.754069    
 7       140000          0.0002957648059 -32.0988131     7.781958863e-05 -32.1190561    
 8       160000          0.0005296317008 -129.501667     0.0001393530273 -129.52191     
 9       180000          0.0006878304357 -43.9529889     0.0001809771835 -43.973232     

Doing analysis at TEMP = 27.000000 and TNOM = 27.000000

Using SPARSE 1.3 as Direct Linear Solver

No. of Data Rows : 1
h1k = 9.9977445501e-01
Doing analysis at TEMP = 27.000000 and TNOM = 27.000000

Using SPARSE 1.3 as Direct Linear Solver

No. of Data Rows : 1
h20k = 9.9977358938e-01
Doing analysis at TEMP = 27.000000 and TNOM = 27.000000

Using SPARSE 1.3 as Direct Linear Solver

No. of Data Rows : 1
mag(v(ain)) = 9.9977930907e-01
Doing analysis at TEMP = 27.000000 and TNOM = 27.000000

Using SPARSE 1.3 as Direct Linear Solver

No. of Data Rows : 61
zmin = 3.4325972564e+05
Doing analysis at TEMP = 27.000000 and TNOM = 27.000000

Using SPARSE 1.3 as Direct Linear Solver

No. of Data Rows : 1
cvcs1k = 9.9977448318e-01
Doing analysis at TEMP = 27.000000 and TNOM = 27.000000

Using SPARSE 1.3 as Direct Linear Solver

No. of Data Rows : 1
cvcs20k = 9.9977358937e-01
Doing analysis at TEMP = 27.000000 and TNOM = 27.000000

Using SPARSE 1.3 as Direct Linear Solver

No. of Data Rows : 1
cvcp1k = 9.9977447188e-01
Doing analysis at TEMP = 27.000000 and TNOM = 27.000000

Using SPARSE 1.3 as Direct Linear Solver

No. of Data Rows : 1
cvcp20k = 9.9977359598e-01
L47B1_CASO d=0.0750
Doing analysis at TEMP = 27.000000 and TNOM = 27.000000

Using SPARSE 1.3 as Direct Linear Solver

Initial Transient Solution
--------------------------

Node                                   Voltage
----                                   -------
vsn                                          0
srcx                              -1.36662e-05
ain                               -0.000621389
gs                                    -1.05157
gp                                    -7.00951
csf                                   -2.03975
cpf                                   -13.5982
cs                                       -2.25
cp                                         -15
vcp#branch                         1.40184e-05
vcs#branch                         2.10251e-06
vsrc#branch                       -9.11078e-06


No. of Data Rows : 4001
Fourier analysis for v(vsn):
  No. Harmonics: 10, THD: 1.82423e-10 %, Gridsize: 8192, Interpolation Degree: 1, No. Periods: 1

Harmonic Frequency       Magnitude       Phase           Norm. Mag       Norm. Phase    
-------- ---------       ---------       -----           ---------       -----------    
 0       0               -1.22454477e-12 0               0               0              
 1       1000            3.81799686      -3.71591613e-11 1               0              
 2       2000            2.459847601e-12 -89.4460182     6.4427701e-13   -89.4460182    
 3       3000            2.468423083e-12 -89.8027962     6.465230783e-13 -89.8027962    
 4       4000            2.490441226e-12 -88.3667386     6.522900143e-13 -88.3667386    
 5       5000            2.480985163e-12 -88.9950906     6.498133063e-13 -88.9950906    
 6       6000            2.441255333e-12 -89.3827447     6.394073705e-13 -89.3827447    
 7       7000            2.434110817e-12 -88.6304784     6.375360972e-13 -88.6304784    
 8       8000            2.463075865e-12 -87.6315719     6.451225487e-13 -87.6315719    
 9       9000            2.461053183e-12 -87.6257769     6.44592773e-13  -87.6257769    

Fourier analysis for v(ain):
  No. Harmonics: 10, THD: 0.56278 %, Gridsize: 8192, Interpolation Degree: 1, No. Periods: 1

Harmonic Frequency       Magnitude       Phase           Norm. Mag       Norm. Phase    
-------- ---------       ---------       -----           ---------       -----------    
 0       0               0.008266771701  0               0               0              
 1       1000            3.79926753      0.0009394006839 1               0              
 2       2000            0.01489203884   -90.424988      0.003919713136  -90.4259274    
 3       3000            0.01194782395   -0.637670094    0.003144770368  -0.638609495   
 4       4000            0.008119333314  89.15202507     0.002137078595  89.15108567    
 5       5000            0.004684975668  178.9441722     0.001233126025  178.9432328    
 6       6000            0.001954283988  -91.2493798     0.0005143844103 -91.2503192    
 7       7000            0.0002019530597 -1.22913347     5.315578809e-05 -1.23007287    
 8       8000            0.0006171328401 -91.7677322     0.0001624346891 -91.7686716    
 9       9000            0.0007301366396 -1.94281655     0.0001921782643 -1.94375595    

Doing analysis at TEMP = 27.000000 and TNOM = 27.000000

Using SPARSE 1.3 as Direct Linear Solver

Initial Transient Solution
--------------------------

Node                                   Voltage
----                                   -------
vsn                                          0
srcx                              -1.36662e-05
ain                               -0.000621389
gs                                    -1.05157
gp                                    -7.00951
csf                                   -2.03975
cpf                                   -13.5982
cs                                       -2.25
cp                                         -15
vcp#branch                         1.40184e-05
vcs#branch                         2.10251e-06
vsrc#branch                       -9.11078e-06


No. of Data Rows : 4001
Fourier analysis for v(vsn):
  No. Harmonics: 10, THD: 1.83239e-10 %, Gridsize: 8192, Interpolation Degree: 1, No. Periods: 1

Harmonic Frequency       Magnitude       Phase           Norm. Mag       Norm. Phase    
-------- ---------       ---------       -----           ---------       -----------    
 0       0               -1.22047511e-12 0               0               0              
 1       20000           3.81799686      -3.74644408e-11 1               0              
 2       40000           2.441485255e-12 -87.6909717     6.394675912e-13 -87.6909717    
 3       60000           2.482056324e-12 -88.0223523     6.50093862e-13  -88.0223523    
 4       80000           2.495568762e-12 -90.579458      6.536330055e-13 -90.579458     
 5       100000          2.488585988e-12 -87.9105573     6.51804095e-13  -87.9105573    
 6       120000          2.563165169e-12 -87.4528109     6.713376838e-13 -87.4528109    
 7       140000          2.462392976e-12 -88.6343298     6.449436882e-13 -88.6343298    
 8       160000          2.443844329e-12 -90.6396608     6.400854739e-13 -90.6396608    
 9       180000          2.407716348e-12 -87.4077148     6.306229252e-13 -87.4077148    

Fourier analysis for v(ain):
  No. Harmonics: 10, THD: 0.532288 %, Gridsize: 8192, Interpolation Degree: 1, No. Periods: 1

Harmonic Frequency       Magnitude       Phase           Norm. Mag       Norm. Phase    
-------- ---------       ---------       -----           ---------       -----------    
 0       0               0.007714010629  0               0               0              
 1       20000           3.800418419     0.02029383378   1               0              
 2       40000           0.01400521076   -99.5521729     0.003685176003  -99.5724668    
 3       60000           0.01130391648   -14.4438468     0.002974387353  -14.4641406    
 4       80000           0.007746051659  70.78796135     0.002038210219  70.76766752    
 5       100000          0.004539624087  155.9040145     0.00119450639   155.8837207    
 6       120000          0.001964211218  -119.02253      0.0005168407796 -119.042824    
 7       140000          0.0002830655789 -35.3564017     7.44827405e-05  -35.3766955    
 8       160000          0.0005326646317 -127.65377      0.0001401594701 -127.674063    
 9       180000          0.0006802543637 -42.9084565     0.0001789945971 -42.9287504    

Doing analysis at TEMP = 27.000000 and TNOM = 27.000000

Using SPARSE 1.3 as Direct Linear Solver

No. of Data Rows : 1
h1k = 9.9974520716e-01
Doing analysis at TEMP = 27.000000 and TNOM = 27.000000

Using SPARSE 1.3 as Direct Linear Solver

No. of Data Rows : 1
h20k = 9.9974481195e-01
Doing analysis at TEMP = 27.000000 and TNOM = 27.000000

Using SPARSE 1.3 as Direct Linear Solver

No. of Data Rows : 1
mag(v(ain)) = 9.9975087433e-01
Doing analysis at TEMP = 27.000000 and TNOM = 27.000000

Using SPARSE 1.3 as Direct Linear Solver

No. of Data Rows : 61
zmin = 3.4471007557e+05
Doing analysis at TEMP = 27.000000 and TNOM = 27.000000

Using SPARSE 1.3 as Direct Linear Solver

No. of Data Rows : 1
cvcs1k = 9.9974523859e-01
Doing analysis at TEMP = 27.000000 and TNOM = 27.000000

Using SPARSE 1.3 as Direct Linear Solver

No. of Data Rows : 1
cvcs20k = 9.9974481015e-01
Doing analysis at TEMP = 27.000000 and TNOM = 27.000000

Using SPARSE 1.3 as Direct Linear Solver

No. of Data Rows : 1
cvcp1k = 9.9974522549e-01
Doing analysis at TEMP = 27.000000 and TNOM = 27.000000

Using SPARSE 1.3 as Direct Linear Solver

No. of Data Rows : 1
cvcp20k = 9.9974481912e-01
L47B1_CASO d=0.1000
Doing analysis at TEMP = 27.000000 and TNOM = 27.000000

Using SPARSE 1.3 as Direct Linear Solver

Initial Transient Solution
--------------------------

Node                                   Voltage
----                                   -------
vsn                                          0
srcx                              -1.47173e-05
ain                               -0.000710555
gs                                    -1.40206
gp                                    -7.00953
csf                                   -2.71966
cpf                                   -13.5982
cs                                          -3
cp                                         -15
vcp#branch                         1.40184e-05
vcs#branch                          2.8034e-06
vsrc#branch                       -9.81152e-06


No. of Data Rows : 4001
Fourier analysis for v(vsn):
  No. Harmonics: 10, THD: 1.82423e-10 %, Gridsize: 8192, Interpolation Degree: 1, No. Periods: 1

Harmonic Frequency       Magnitude       Phase           Norm. Mag       Norm. Phase    
-------- ---------       ---------       -----           ---------       -----------    
 0       0               -1.22454477e-12 0               0               0              
 1       1000            3.81799686      -3.71591613e-11 1               0              
 2       2000            2.459847601e-12 -89.4460182     6.4427701e-13   -89.4460182    
 3       3000            2.468423083e-12 -89.8027962     6.465230783e-13 -89.8027962    
 4       4000            2.490441226e-12 -88.3667386     6.522900143e-13 -88.3667386    
 5       5000            2.480985163e-12 -88.9950906     6.498133063e-13 -88.9950906    
 6       6000            2.441255333e-12 -89.3827447     6.394073705e-13 -89.3827447    
 7       7000            2.434110817e-12 -88.6304784     6.375360972e-13 -88.6304784    
 8       8000            2.463075865e-12 -87.6315719     6.451225487e-13 -87.6315719    
 9       9000            2.461053183e-12 -87.6257769     6.44592773e-13  -87.6257769    

Fourier analysis for v(ain):
  No. Harmonics: 10, THD: 0.563689 %, Gridsize: 8192, Interpolation Degree: 1, No. Periods: 1

Harmonic Frequency       Magnitude       Phase           Norm. Mag       Norm. Phase    
-------- ---------       ---------       -----           ---------       -----------    
 0       0               0.008153162723  0               0               0              
 1       1000            3.798895799     0.000922936695  1               0              
 2       2000            0.01487829328   -90.4115863     0.003916478384  -90.4125092    
 3       3000            0.01204029961   -0.620625887    0.003169420866  -0.621548823   
 4       4000            0.008112198081  89.17030572     0.002135409474  89.16938279    
 5       5000            0.004667512306  178.9501168     0.001228649732  178.9491939    
 6       6000            0.001917517991  -91.2966801     0.0005047566694 -91.297603     
 7       7000            0.0001723602298 -2.22084461     4.537113913e-05 -2.22176755    
 8       8000            0.0006313536437 -91.4473264     0.0001661939882 -91.4482494    
 9       9000            0.0007254653054 -1.72326386     0.0001909674136 -1.7241868     

Doing analysis at TEMP = 27.000000 and TNOM = 27.000000

Using SPARSE 1.3 as Direct Linear Solver

Initial Transient Solution
--------------------------

Node                                   Voltage
----                                   -------
vsn                                          0
srcx                              -1.47173e-05
ain                               -0.000710555
gs                                    -1.40206
gp                                    -7.00953
csf                                   -2.71966
cpf                                   -13.5982
cs                                          -3
cp                                         -15
vcp#branch                         1.40184e-05
vcs#branch                          2.8034e-06
vsrc#branch                       -9.81152e-06

 Reference value :  3.00007e-04
No. of Data Rows : 4001
Fourier analysis for v(vsn):
  No. Harmonics: 10, THD: 1.83239e-10 %, Gridsize: 8192, Interpolation Degree: 1, No. Periods: 1

Harmonic Frequency       Magnitude       Phase           Norm. Mag       Norm. Phase    
-------- ---------       ---------       -----           ---------       -----------    
 0       0               -1.22047511e-12 0               0               0              
 1       20000           3.81799686      -3.74644408e-11 1               0              
 2       40000           2.441485255e-12 -87.6909717     6.394675912e-13 -87.6909717    
 3       60000           2.482056324e-12 -88.0223523     6.50093862e-13  -88.0223523    
 4       80000           2.495568762e-12 -90.579458      6.536330055e-13 -90.579458     
 5       100000          2.488585988e-12 -87.9105573     6.51804095e-13  -87.9105573    
 6       120000          2.563165169e-12 -87.4528109     6.713376838e-13 -87.4528109    
 7       140000          2.462392976e-12 -88.6343298     6.449436882e-13 -88.6343298    
 8       160000          2.443844329e-12 -90.6396608     6.400854739e-13 -90.6396608    
 9       180000          2.407716348e-12 -87.4077148     6.306229252e-13 -87.4077148    

Fourier analysis for v(ain):
  No. Harmonics: 10, THD: 0.535556 %, Gridsize: 8192, Interpolation Degree: 1, No. Periods: 1

Harmonic Frequency       Magnitude       Phase           Norm. Mag       Norm. Phase    
-------- ---------       ---------       -----           ---------       -----------    
 0       0               0.00766300677   0               0               0              
 1       20000           3.799940093     0.01997156047   1               0              
 2       40000           0.01408233422   -99.1211827     0.00370593585   -99.1411542    
 3       60000           0.01144763481   -13.828601      0.00301258297   -13.8485725    
 4       80000           0.007753035113  71.73503532     0.002040304564  71.71506376    
 5       100000          0.00449506257   157.2090195     0.001182929852  157.1890479    
 6       120000          0.001868975135  -116.937933     0.0004918433159 -116.957905    
 7       140000          0.0001759445554 -27.3303179     4.630192876e-05 -27.3502894    
 8       160000          0.0006289170108 -127.136917     0.0001655070858 -127.156888    
 9       180000          0.0007480198955 -40.5473809     0.0001968504443 -40.5673525    

Doing analysis at TEMP = 27.000000 and TNOM = 27.000000

Using SPARSE 1.3 as Direct Linear Solver

No. of Data Rows : 1
h1k = 9.9970820822e-01
Doing analysis at TEMP = 27.000000 and TNOM = 27.000000

Using SPARSE 1.3 as Direct Linear Solver

No. of Data Rows : 1
h20k = 9.9970833699e-01
Doing analysis at TEMP = 27.000000 and TNOM = 27.000000

Using SPARSE 1.3 as Direct Linear Solver

No. of Data Rows : 1
mag(v(ain)) = 9.9971493046e-01
Doing analysis at TEMP = 27.000000 and TNOM = 27.000000

Using SPARSE 1.3 as Direct Linear Solver

No. of Data Rows : 61
zmin = 3.4584745097e+05
Doing analysis at TEMP = 27.000000 and TNOM = 27.000000

Using SPARSE 1.3 as Direct Linear Solver

No. of Data Rows : 1
cvcs1k = 9.9970824399e-01
Doing analysis at TEMP = 27.000000 and TNOM = 27.000000

Using SPARSE 1.3 as Direct Linear Solver

No. of Data Rows : 1
cvcs20k = 9.9970833292e-01
Doing analysis at TEMP = 27.000000 and TNOM = 27.000000

Using SPARSE 1.3 as Direct Linear Solver

No. of Data Rows : 1
cvcp1k = 9.9970822830e-01
Doing analysis at TEMP = 27.000000 and TNOM = 27.000000

Using SPARSE 1.3 as Direct Linear Solver

No. of Data Rows : 1
cvcp20k = 9.9970834484e-01
L47B1_CASO d=0.1250
Doing analysis at TEMP = 27.000000 and TNOM = 27.000000

Using SPARSE 1.3 as Direct Linear Solver

Initial Transient Solution
--------------------------

Node                                   Voltage
----                                   -------
vsn                                          0
srcx                              -1.57683e-05
ain                               -0.000818727
gs                                    -1.75256
gp                                    -7.00956
csf                                   -3.39957
cpf                                   -13.5982
cs                                       -3.75
cp                                         -15
vcp#branch                         1.40183e-05
vcs#branch                         3.50428e-06
vsrc#branch                       -1.05122e-05


No. of Data Rows : 4001
Fourier analysis for v(vsn):
  No. Harmonics: 10, THD: 1.82423e-10 %, Gridsize: 8192, Interpolation Degree: 1, No. Periods: 1

Harmonic Frequency       Magnitude       Phase           Norm. Mag       Norm. Phase    
-------- ---------       ---------       -----           ---------       -----------    
 0       0               -1.22454477e-12 0               0               0              
 1       1000            3.81799686      -3.71591613e-11 1               0              
 2       2000            2.459847601e-12 -89.4460182     6.4427701e-13   -89.4460182    
 3       3000            2.468423083e-12 -89.8027962     6.465230783e-13 -89.8027962    
 4       4000            2.490441226e-12 -88.3667386     6.522900143e-13 -88.3667386    
 5       5000            2.480985163e-12 -88.9950906     6.498133063e-13 -88.9950906    
 6       6000            2.441255333e-12 -89.3827447     6.394073705e-13 -89.3827447    
 7       7000            2.434110817e-12 -88.6304784     6.375360972e-13 -88.6304784    
 8       8000            2.463075865e-12 -87.6315719     6.451225487e-13 -87.6315719    
 9       9000            2.461053183e-12 -87.6257769     6.44592773e-13  -87.6257769    

Fourier analysis for v(ain):
  No. Harmonics: 10, THD: 0.579629 %, Gridsize: 8192, Interpolation Degree: 1, No. Periods: 1

Harmonic Frequency       Magnitude       Phase           Norm. Mag       Norm. Phase    
-------- ---------       ---------       -----           ---------       -----------    
 0       0               0.008259059007  0               0               0              
 1       1000            3.797845435     0.0009131234574 1               0              
 2       2000            0.01526071198   -90.3824781     0.004018255151  -90.3833912    
 3       3000            0.01250300201   -0.574787242    0.003292130295  -0.575700365   
 4       4000            0.008278907532  89.25037007     0.002179895858  89.24945695    
 5       5000            0.004713747199  179.0852165     0.001241163518  179.0843034    
 6       6000            0.001835063563  -90.9945145     0.0004831854257 -90.9954276    
 7       7000            4.422121795e-05 5.067967388     1.164376453e-05 5.067054264    
 8       8000            0.0007605912636 -91.8290592     0.0002002691465 -91.8299723    
 9       9000            0.0008176954762 -1.87102769     0.0002153050961 -1.87194081    

Doing analysis at TEMP = 27.000000 and TNOM = 27.000000

Using SPARSE 1.3 as Direct Linear Solver

Initial Transient Solution
--------------------------

Node                                   Voltage
----                                   -------
vsn                                          0
srcx                              -1.57683e-05
ain                               -0.000818727
gs                                    -1.75256
gp                                    -7.00956
csf                                   -3.39957
cpf                                   -13.5982
cs                                       -3.75
cp                                         -15
vcp#branch                         1.40183e-05
vcs#branch                         3.50428e-06
vsrc#branch                       -1.05122e-05


No. of Data Rows : 4001
Fourier analysis for v(vsn):
  No. Harmonics: 10, THD: 1.83239e-10 %, Gridsize: 8192, Interpolation Degree: 1, No. Periods: 1

Harmonic Frequency       Magnitude       Phase           Norm. Mag       Norm. Phase    
-------- ---------       ---------       -----           ---------       -----------    
 0       0               -1.22047511e-12 0               0               0              
 1       20000           3.81799686      -3.74644408e-11 1               0              
 2       40000           2.441485255e-12 -87.6909717     6.394675912e-13 -87.6909717    
 3       60000           2.482056324e-12 -88.0223523     6.50093862e-13  -88.0223523    
 4       80000           2.495568762e-12 -90.579458      6.536330055e-13 -90.579458     
 5       100000          2.488585988e-12 -87.9105573     6.51804095e-13  -87.9105573    
 6       120000          2.563165169e-12 -87.4528109     6.713376838e-13 -87.4528109    
 7       140000          2.462392976e-12 -88.6343298     6.449436882e-13 -88.6343298    
 8       160000          2.443844329e-12 -90.6396608     6.400854739e-13 -90.6396608    
 9       180000          2.407716348e-12 -87.4077148     6.306229252e-13 -87.4077148    

Fourier analysis for v(ain):
  No. Harmonics: 10, THD: 0.559501 %, Gridsize: 8192, Interpolation Degree: 1, No. Periods: 1

Harmonic Frequency       Magnitude       Phase           Norm. Mag       Norm. Phase    
-------- ---------       ---------       -----           ---------       -----------    
 0       0               0.007845902629  0               0               0              
 1       20000           3.798759754     0.02090714562   1               0              
 2       40000           0.0146237614    -98.8572822     0.003849614702  -98.8781894    
 3       60000           0.01206590209   -13.4947018     0.003176274066  -13.515609     
 4       80000           0.008085878914  72.38828014     0.002128557592  72.36737299    
 5       100000          0.004698438467  158.2149326     0.001236834854  158.1940254    
 6       120000          0.001929739686  -114.64297      0.0005079920318 -114.663877    
 7       140000          0.0001778744615 -6.676124       4.682435138e-05 -6.69703114    
 8       160000          0.0006778680724 -131.058993     0.0001784445757 -131.0799      
 9       180000          0.0007903893659 -42.8952437     0.00020806511   -42.9161508    

Doing analysis at TEMP = 27.000000 and TNOM = 27.000000

Using SPARSE 1.3 as Direct Linear Solver

No. of Data Rows : 1
h1k = 9.9966021348e-01
Doing analysis at TEMP = 27.000000 and TNOM = 27.000000

Using SPARSE 1.3 as Direct Linear Solver

No. of Data Rows : 1
h20k = 9.9966098310e-01
Doing analysis at TEMP = 27.000000 and TNOM = 27.000000

Using SPARSE 1.3 as Direct Linear Solver

No. of Data Rows : 1
mag(v(ain)) = 9.9966834083e-01
Doing analysis at TEMP = 27.000000 and TNOM = 27.000000

Using SPARSE 1.3 as Direct Linear Solver

No. of Data Rows : 61
zmin = 3.4676705332e+05
Doing analysis at TEMP = 27.000000 and TNOM = 27.000000

Using SPARSE 1.3 as Direct Linear Solver

No. of Data Rows : 1
cvcs1k = 9.9966025513e-01
Doing analysis at TEMP = 27.000000 and TNOM = 27.000000

Using SPARSE 1.3 as Direct Linear Solver

No. of Data Rows : 1
cvcs20k = 9.9966097602e-01
Doing analysis at TEMP = 27.000000 and TNOM = 27.000000

Using SPARSE 1.3 as Direct Linear Solver

No. of Data Rows : 1
cvcp1k = 9.9966023568e-01
Doing analysis at TEMP = 27.000000 and TNOM = 27.000000

Using SPARSE 1.3 as Direct Linear Solver

No. of Data Rows : 1
cvcp20k = 9.9966099178e-01
L47B1_CASO d=0.1500
Doing analysis at TEMP = 27.000000 and TNOM = 27.000000

Using SPARSE 1.3 as Direct Linear Solver

Initial Transient Solution
--------------------------

Node                                   Voltage
----                                   -------
vsn                                          0
srcx                              -1.68193e-05
ain                               -0.000952797
gs                                    -2.10306
gp                                     -7.0096
csf                                   -4.07948
cpf                                   -13.5982
cs                                        -4.5
cp                                         -15
vcp#branch                         1.40183e-05
vcs#branch                         4.20516e-06
vsrc#branch                       -1.12129e-05


No. of Data Rows : 4001
Fourier analysis for v(vsn):
  No. Harmonics: 10, THD: 1.82423e-10 %, Gridsize: 8192, Interpolation Degree: 1, No. Periods: 1

Harmonic Frequency       Magnitude       Phase           Norm. Mag       Norm. Phase    
-------- ---------       ---------       -----           ---------       -----------    
 0       0               -1.22454477e-12 0               0               0              
 1       1000            3.81799686      -3.71591613e-11 1               0              
 2       2000            2.459847601e-12 -89.4460182     6.4427701e-13   -89.4460182    
 3       3000            2.468423083e-12 -89.8027962     6.465230783e-13 -89.8027962    
 4       4000            2.490441226e-12 -88.3667386     6.522900143e-13 -88.3667386    
 5       5000            2.480985163e-12 -88.9950906     6.498133063e-13 -88.9950906    
 6       6000            2.441255333e-12 -89.3827447     6.394073705e-13 -89.3827447    
 7       7000            2.434110817e-12 -88.6304784     6.375360972e-13 -88.6304784    
 8       8000            2.463075865e-12 -87.6315719     6.451225487e-13 -87.6315719    
 9       9000            2.461053183e-12 -87.6257769     6.44592773e-13  -87.6257769    

Fourier analysis for v(ain):
  No. Harmonics: 10, THD: 0.612668 %, Gridsize: 8192, Interpolation Degree: 1, No. Periods: 1

Harmonic Frequency       Magnitude       Phase           Norm. Mag       Norm. Phase    
-------- ---------       ---------       -----           ---------       -----------    
 0       0               0.008475640296  0               0               0              
 1       1000            3.796066022     0.001006445038  1               0              
 2       2000            0.01594102121   -90.3822948     0.004199352994  -90.3833012    
 3       3000            0.01343759119   -0.580044279    0.003539872888  -0.581050724   
 4       4000            0.008714867762  89.24938487     0.002295762959  89.24837843    
 5       5000            0.005016803477  179.0752741     0.001321579616  179.0742677    
 6       6000            0.00190925842   -91.0010605     0.0005029571164 -91.002067     
 7       7000            2.829133991e-05 8.455815731     7.452805021e-06 8.454809286    
 8       8000            0.0008276791786 -91.8097007     0.0002180360336 -91.8107071    
 9       9000            0.0008759472162 -1.86208351     0.0002307513123 -1.86308996    

Doing analysis at TEMP = 27.000000 and TNOM = 27.000000

Using SPARSE 1.3 as Direct Linear Solver

Initial Transient Solution
--------------------------

Node                                   Voltage
----                                   -------
vsn                                          0
srcx                              -1.68193e-05
ain                               -0.000952797
gs                                    -2.10306
gp                                     -7.0096
csf                                   -4.07948
cpf                                   -13.5982
cs                                        -4.5
cp                                         -15
vcp#branch                         1.40183e-05
vcs#branch                         4.20516e-06
vsrc#branch                       -1.12129e-05


No. of Data Rows : 4001
Fourier analysis for v(vsn):
  No. Harmonics: 10, THD: 1.83239e-10 %, Gridsize: 8192, Interpolation Degree: 1, No. Periods: 1

Harmonic Frequency       Magnitude       Phase           Norm. Mag       Norm. Phase    
-------- ---------       ---------       -----           ---------       -----------    
 0       0               -1.22047511e-12 0               0               0              
 1       20000           3.81799686      -3.74644408e-11 1               0              
 2       40000           2.441485255e-12 -87.6909717     6.394675912e-13 -87.6909717    
 3       60000           2.482056324e-12 -88.0223523     6.50093862e-13  -88.0223523    
 4       80000           2.495568762e-12 -90.579458      6.536330055e-13 -90.579458     
 5       100000          2.488585988e-12 -87.9105573     6.51804095e-13  -87.9105573    
 6       120000          2.563165169e-12 -87.4528109     6.713376838e-13 -87.4528109    
 7       140000          2.462392976e-12 -88.6343298     6.449436882e-13 -88.6343298    
 8       160000          2.443844329e-12 -90.6396608     6.400854739e-13 -90.6396608    
 9       180000          2.407716348e-12 -87.4077148     6.306229252e-13 -87.4077148    

Fourier analysis for v(ain):
  No. Harmonics: 10, THD: 0.590527 %, Gridsize: 8192, Interpolation Degree: 1, No. Periods: 1

Harmonic Frequency       Magnitude       Phase           Norm. Mag       Norm. Phase    
-------- ---------       ---------       -----           ---------       -----------    
 0       0               0.008033007003  0               0               0              
 1       20000           3.797092733     0.02294183101   1               0              
 2       40000           0.01525472445   -98.7599936     0.004017474823  -98.7829354    
 3       60000           0.01294347056   -13.5495611     0.003408784424  -13.5725029    
 4       80000           0.008503572901  72.53090971     0.002239495714  72.50796788    
 5       100000          0.004990194915  158.1909782     0.001314214655  158.1680364    
 6       120000          0.002009139641  -114.366788     0.0005291257765 -114.389729    
 7       140000          0.0001701314791 -3.88625389     4.48057214e-05  -3.90919572    
 8       160000          0.0007397373389 -130.996829     0.0001948167693 -131.019771    
 9       180000          0.0008477230156 -42.7679336     0.0002232558105 -42.7908755    

Doing analysis at TEMP = 27.000000 and TNOM = 27.000000

Using SPARSE 1.3 as Direct Linear Solver

No. of Data Rows : 1
h1k = 9.9959601005e-01
Doing analysis at TEMP = 27.000000 and TNOM = 27.000000

Using SPARSE 1.3 as Direct Linear Solver

No. of Data Rows : 1
h20k = 9.9959762781e-01
Doing analysis at TEMP = 27.000000 and TNOM = 27.000000

Using SPARSE 1.3 as Direct Linear Solver

No. of Data Rows : 1
mag(v(ain)) = 9.9960606911e-01
Doing analysis at TEMP = 27.000000 and TNOM = 27.000000

Using SPARSE 1.3 as Direct Linear Solver

No. of Data Rows : 61
zmin = 3.4753027590e+05
Doing analysis at TEMP = 27.000000 and TNOM = 27.000000

Using SPARSE 1.3 as Direct Linear Solver

No. of Data Rows : 1
cvcs1k = 9.9959605983e-01
Doing analysis at TEMP = 27.000000 and TNOM = 27.000000

Using SPARSE 1.3 as Direct Linear Solver

No. of Data Rows : 1
cvcs20k = 9.9959761653e-01
Doing analysis at TEMP = 27.000000 and TNOM = 27.000000

Using SPARSE 1.3 as Direct Linear Solver

No. of Data Rows : 1
cvcp1k = 9.9959603489e-01
Doing analysis at TEMP = 27.000000 and TNOM = 27.000000

Using SPARSE 1.3 as Direct Linear Solver

No. of Data Rows : 1
cvcp20k = 9.9959763752e-01
L47B1_CASO d=0.1750
Doing analysis at TEMP = 27.000000 and TNOM = 27.000000

Using SPARSE 1.3 as Direct Linear Solver

Initial Transient Solution
--------------------------

Node                                   Voltage
----                                   -------
vsn                                          0
srcx                              -1.78701e-05
ain                                -0.00112345
gs                                    -2.45357
gp                                    -7.00964
csf                                    -4.7594
cpf                                   -13.5982
cs                                       -5.25
cp                                         -15
vcp#branch                         1.40182e-05
vcs#branch                         4.90601e-06
vsrc#branch                       -1.19134e-05


No. of Data Rows : 4001
Fourier analysis for v(vsn):
  No. Harmonics: 10, THD: 1.82423e-10 %, Gridsize: 8192, Interpolation Degree: 1, No. Periods: 1

Harmonic Frequency       Magnitude       Phase           Norm. Mag       Norm. Phase    
-------- ---------       ---------       -----           ---------       -----------    
 0       0               -1.22454477e-12 0               0               0              
 1       1000            3.81799686      -3.71591613e-11 1               0              
 2       2000            2.459847601e-12 -89.4460182     6.4427701e-13   -89.4460182    
 3       3000            2.468423083e-12 -89.8027962     6.465230783e-13 -89.8027962    
 4       4000            2.490441226e-12 -88.3667386     6.522900143e-13 -88.3667386    
 5       5000            2.480985163e-12 -88.9950906     6.498133063e-13 -88.9950906    
 6       6000            2.441255333e-12 -89.3827447     6.394073705e-13 -89.3827447    
 7       7000            2.434110817e-12 -88.6304784     6.375360972e-13 -88.6304784    
 8       8000            2.463075865e-12 -87.6315719     6.451225487e-13 -87.6315719    
 9       9000            2.461053183e-12 -87.6257769     6.44592773e-13  -87.6257769    

Fourier analysis for v(ain):
  No. Harmonics: 10, THD: 0.646743 %, Gridsize: 8192, Interpolation Degree: 1, No. Periods: 1

Harmonic Frequency       Magnitude       Phase           Norm. Mag       Norm. Phase    
-------- ---------       ---------       -----           ---------       -----------    
 0       0               0.008445704797  0               0               0              
 1       1000            3.793533217     0.001145436057  1               0              
 2       2000            0.01634687484   -90.3761932     0.004309142403  -90.3773386    
 3       3000            0.01474595905   -0.587844381    0.003887130599  -0.588989817   
 4       4000            0.009064234858  89.25919103     0.002389391193  89.25804559    
 5       5000            0.005441262989  179.0615038     0.001434352272  179.0603584    
 6       6000            0.001945440649  -90.9784011     0.0005128307933 -90.9795465    
 7       7000            3.019705829e-05 7.249677414     7.960140736e-06 7.248531978    
 8       8000            0.0009181970391 -91.8021847     0.0002420427044 -91.8033301    
 9       9000            0.0009368958998 -1.84345999     0.0002469718456 -1.84460543    

Doing analysis at TEMP = 27.000000 and TNOM = 27.000000

Using SPARSE 1.3 as Direct Linear Solver

Initial Transient Solution
--------------------------

Node                                   Voltage
----                                   -------
vsn                                          0
srcx                              -1.78701e-05
ain                                -0.00112345
gs                                    -2.45357
gp                                    -7.00964
csf                                    -4.7594
cpf                                   -13.5982
cs                                       -5.25
cp                                         -15
vcp#branch                         1.40182e-05
vcs#branch                         4.90601e-06
vsrc#branch                       -1.19134e-05


No. of Data Rows : 4001
Fourier analysis for v(vsn):
  No. Harmonics: 10, THD: 1.83239e-10 %, Gridsize: 8192, Interpolation Degree: 1, No. Periods: 1

Harmonic Frequency       Magnitude       Phase           Norm. Mag       Norm. Phase    
-------- ---------       ---------       -----           ---------       -----------    
 0       0               -1.22047511e-12 0               0               0              
 1       20000           3.81799686      -3.74644408e-11 1               0              
 2       40000           2.441485255e-12 -87.6909717     6.394675912e-13 -87.6909717    
 3       60000           2.482056324e-12 -88.0223523     6.50093862e-13  -88.0223523    
 4       80000           2.495568762e-12 -90.579458      6.536330055e-13 -90.579458     
 5       100000          2.488585988e-12 -87.9105573     6.51804095e-13  -87.9105573    
 6       120000          2.563165169e-12 -87.4528109     6.713376838e-13 -87.4528109    
 7       140000          2.462392976e-12 -88.6343298     6.449436882e-13 -88.6343298    
 8       160000          2.443844329e-12 -90.6396608     6.400854739e-13 -90.6396608    
 9       180000          2.407716348e-12 -87.4077148     6.306229252e-13 -87.4077148    

Fourier analysis for v(ain):
  No. Harmonics: 10, THD: 0.623054 %, Gridsize: 8192, Interpolation Degree: 1, No. Periods: 1

Harmonic Frequency       Magnitude       Phase           Norm. Mag       Norm. Phase    
-------- ---------       ---------       -----           ---------       -----------    
 0       0               0.007995603725  0               0               0              
 1       20000           3.794716622     0.02613341079   1               0              
 2       40000           0.01564691594   -98.5111686     0.004123342399  -98.537302     
 3       60000           0.0141717809    -13.7329711     0.003734608486  -13.7591045    
 4       80000           0.008856906699  72.90536921     0.002334010042  72.8792358     
 5       100000          0.005394382379  157.9605155     0.001421550782  157.9343821    
 6       120000          0.002062547859  -113.573793     0.0005435314583 -113.599926    
 7       140000          0.0001725928415 -5.46158177     4.548240586e-05 -5.48771518    
 8       160000          0.0008219514003 -131.220512     0.0002166041584 -131.246645    
 9       180000          0.0009098729706 -42.4347158     0.0002397736278 -42.4608492    

Doing analysis at TEMP = 27.000000 and TNOM = 27.000000

Using SPARSE 1.3 as Direct Linear Solver

No. of Data Rows : 1
h1k = 9.9950675169e-01
Doing analysis at TEMP = 27.000000 and TNOM = 27.000000

Using SPARSE 1.3 as Direct Linear Solver

No. of Data Rows : 1
h20k = 9.9950957425e-01
Doing analysis at TEMP = 27.000000 and TNOM = 27.000000

Using SPARSE 1.3 as Direct Linear Solver

No. of Data Rows : 1
mag(v(ain)) = 9.9951957383e-01
Doing analysis at TEMP = 27.000000 and TNOM = 27.000000

Using SPARSE 1.3 as Direct Linear Solver

No. of Data Rows : 61
zmin = 3.4817955612e+05
Doing analysis at TEMP = 27.000000 and TNOM = 27.000000

Using SPARSE 1.3 as Direct Linear Solver

No. of Data Rows : 1
cvcs1k = 9.9950681309e-01
Doing analysis at TEMP = 27.000000 and TNOM = 27.000000

Using SPARSE 1.3 as Direct Linear Solver

No. of Data Rows : 1
cvcs20k = 9.9950955681e-01
Doing analysis at TEMP = 27.000000 and TNOM = 27.000000

Using SPARSE 1.3 as Direct Linear Solver

No. of Data Rows : 1
cvcp1k = 9.9950677990e-01
Doing analysis at TEMP = 27.000000 and TNOM = 27.000000

Using SPARSE 1.3 as Direct Linear Solver

No. of Data Rows : 1
cvcp20k = 9.9950958527e-01
L47B1_CASO d=0.2000
Doing analysis at TEMP = 27.000000 and TNOM = 27.000000

Using SPARSE 1.3 as Direct Linear Solver

Initial Transient Solution
--------------------------

Node                                   Voltage
----                                   -------
vsn                                          0
srcx                              -1.89208e-05
ain                                -0.00134818
gs                                     -2.8041
gp                                     -7.0097
csf                                   -5.43932
cpf                                   -13.5982
cs                                          -6
cp                                         -15
vcp#branch                         1.40181e-05
vcs#branch                         5.60684e-06
vsrc#branch                       -1.26139e-05


No. of Data Rows : 4001
Fourier analysis for v(vsn):
  No. Harmonics: 10, THD: 1.82423e-10 %, Gridsize: 8192, Interpolation Degree: 1, No. Periods: 1

Harmonic Frequency       Magnitude       Phase           Norm. Mag       Norm. Phase    
-------- ---------       ---------       -----           ---------       -----------    
 0       0               -1.22454477e-12 0               0               0              
 1       1000            3.81799686      -3.71591613e-11 1               0              
 2       2000            2.459847601e-12 -89.4460182     6.4427701e-13   -89.4460182    
 3       3000            2.468423083e-12 -89.8027962     6.465230783e-13 -89.8027962    
 4       4000            2.490441226e-12 -88.3667386     6.522900143e-13 -88.3667386    
 5       5000            2.480985163e-12 -88.9950906     6.498133063e-13 -88.9950906    
 6       6000            2.441255333e-12 -89.3827447     6.394073705e-13 -89.3827447    
 7       7000            2.434110817e-12 -88.6304784     6.375360972e-13 -88.6304784    
 8       8000            2.463075865e-12 -87.6315719     6.451225487e-13 -87.6315719    
 9       9000            2.461053183e-12 -87.6257769     6.44592773e-13  -87.6257769    

Fourier analysis for v(ain):
  No. Harmonics: 10, THD: 0.675835 %, Gridsize: 8192, Interpolation Degree: 1, No. Periods: 1

Harmonic Frequency       Magnitude       Phase           Norm. Mag       Norm. Phase    
-------- ---------       ---------       -----           ---------       -----------    
 0       0               0.007199715833  0               0               0              
 1       1000            3.788345566     0.00147996575   1               0              
 2       2000            0.01493298876   -90.339064      0.003941823284  -90.3405439    
 3       3000            0.01768402427   -0.619170315    0.004668007171  -0.620650281   
 4       4000            0.008435802118  89.33280119     0.002226777355  89.33132123    
 5       5000            0.00663016777   178.9896965     0.001750148622  178.9882166    
 6       6000            0.001511853086  -90.6654853     0.0003990800363 -90.6669653    
 7       7000            0.0003333930842 -1.33567885     8.800492944e-05 -1.33715882    
 8       8000            0.001221003062  -91.8998544     0.0003223050908 -91.9013343    
 9       9000            0.0008845964297 -1.6975712      0.0002335046828 -1.69905116    

Doing analysis at TEMP = 27.000000 and TNOM = 27.000000

Using SPARSE 1.3 as Direct Linear Solver

Initial Transient Solution
--------------------------

Node                                   Voltage
----                                   -------
vsn                                          0
srcx                              -1.89208e-05
ain                                -0.00134818
gs                                     -2.8041
gp                                     -7.0097
csf                                   -5.43932
cpf                                   -13.5982
cs                                          -6
cp                                         -15
vcp#branch                         1.40181e-05
vcs#branch                         5.60684e-06
vsrc#branch                       -1.26139e-05


No. of Data Rows : 4001
Fourier analysis for v(vsn):
  No. Harmonics: 10, THD: 1.83239e-10 %, Gridsize: 8192, Interpolation Degree: 1, No. Periods: 1

Harmonic Frequency       Magnitude       Phase           Norm. Mag       Norm. Phase    
-------- ---------       ---------       -----           ---------       -----------    
 0       0               -1.22047511e-12 0               0               0              
 1       20000           3.81799686      -3.74644408e-11 1               0              
 2       40000           2.441485255e-12 -87.6909717     6.394675912e-13 -87.6909717    
 3       60000           2.482056324e-12 -88.0223523     6.50093862e-13  -88.0223523    
 4       80000           2.495568762e-12 -90.579458      6.536330055e-13 -90.579458     
 5       100000          2.488585988e-12 -87.9105573     6.51804095e-13  -87.9105573    
 6       120000          2.563165169e-12 -87.4528109     6.713376838e-13 -87.4528109    
 7       140000          2.462392976e-12 -88.6343298     6.449436882e-13 -88.6343298    
 8       160000          2.443844329e-12 -90.6396608     6.400854739e-13 -90.6396608    
 9       180000          2.407716348e-12 -87.4077148     6.306229252e-13 -87.4077148    

Fourier analysis for v(ain):
  No. Harmonics: 10, THD: 0.651624 %, Gridsize: 8192, Interpolation Degree: 1, No. Periods: 1

Harmonic Frequency       Magnitude       Phase           Norm. Mag       Norm. Phase    
-------- ---------       ---------       -----           ---------       -----------    
 0       0               0.006885752242  0               0               0              
 1       20000           3.789983334     0.03386234651   1               0              
 2       40000           0.01447598947   -97.3865165     0.003819539084  -97.4203788    
 3       60000           0.01681832824   -14.6145179     0.004437573139  -14.6483802    
 4       80000           0.008420681235  74.910722       0.0022218254    74.87685966    
 5       100000          0.006429843126  156.1230515     0.00169653599   156.0891892    
 6       120000          0.001776096188  -107.081404     0.0004686290233 -107.115267    
 7       140000          0.0003869924927 -36.71559       0.0001021092861 -36.7494524    
 8       160000          0.001068363354  -134.869285     0.0002818913065 -134.903147    
 9       180000          0.0008987715769 -38.736184      0.0002371439391 -38.7700463    

Doing analysis at TEMP = 27.000000 and TNOM = 27.000000

Using SPARSE 1.3 as Direct Linear Solver

No. of Data Rows : 1
h1k = 9.9937635554e-01
Doing analysis at TEMP = 27.000000 and TNOM = 27.000000

Using SPARSE 1.3 as Direct Linear Solver

No. of Data Rows : 1
h20k = 9.9938101441e-01
Doing analysis at TEMP = 27.000000 and TNOM = 27.000000

Using SPARSE 1.3 as Direct Linear Solver

No. of Data Rows : 1
mag(v(ain)) = 9.9939333587e-01
Doing analysis at TEMP = 27.000000 and TNOM = 27.000000

Using SPARSE 1.3 as Direct Linear Solver

No. of Data Rows : 61
zmin = 3.4874710558e+05
Doing analysis at TEMP = 27.000000 and TNOM = 27.000000

Using SPARSE 1.3 as Direct Linear Solver

No. of Data Rows : 1
cvcs1k = 9.9937643435e-01
Doing analysis at TEMP = 27.000000 and TNOM = 27.000000

Using SPARSE 1.3 as Direct Linear Solver

No. of Data Rows : 1
cvcs20k = 9.9938098743e-01
Doing analysis at TEMP = 27.000000 and TNOM = 27.000000

Using SPARSE 1.3 as Direct Linear Solver

No. of Data Rows : 1
cvcp1k = 9.9937638819e-01
Doing analysis at TEMP = 27.000000 and TNOM = 27.000000

Using SPARSE 1.3 as Direct Linear Solver

No. of Data Rows : 1
cvcp20k = 9.9938102717e-01
L47B1_CASO d=0.2250
Doing analysis at TEMP = 27.000000 and TNOM = 27.000000

Using SPARSE 1.3 as Direct Linear Solver

Initial Transient Solution
--------------------------

Node                                   Voltage
----                                   -------
vsn                                          0
srcx                              -1.99712e-05
ain                                -0.00165777
gs                                    -3.15465
gp                                    -7.00978
csf                                   -6.11924
cpf                                   -13.5982
cs                                       -6.75
cp                                         -15
vcp#branch                         1.40179e-05
vcs#branch                         6.30763e-06
vsrc#branch                       -1.33141e-05


No. of Data Rows : 4001
Fourier analysis for v(vsn):
  No. Harmonics: 10, THD: 1.82423e-10 %, Gridsize: 8192, Interpolation Degree: 1, No. Periods: 1

Harmonic Frequency       Magnitude       Phase           Norm. Mag       Norm. Phase    
-------- ---------       ---------       -----           ---------       -----------    
 0       0               -1.22454477e-12 0               0               0              
 1       1000            3.81799686      -3.71591613e-11 1               0              
 2       2000            2.459847601e-12 -89.4460182     6.4427701e-13   -89.4460182    
 3       3000            2.468423083e-12 -89.8027962     6.465230783e-13 -89.8027962    
 4       4000            2.490441226e-12 -88.3667386     6.522900143e-13 -88.3667386    
 5       5000            2.480985163e-12 -88.9950906     6.498133063e-13 -88.9950906    
 6       6000            2.441255333e-12 -89.3827447     6.394073705e-13 -89.3827447    
 7       7000            2.434110817e-12 -88.6304784     6.375360972e-13 -88.6304784    
 8       8000            2.463075865e-12 -87.6315719     6.451225487e-13 -87.6315719    
 9       9000            2.461053183e-12 -87.6257769     6.44592773e-13  -87.6257769    

Fourier analysis for v(ain):
  No. Harmonics: 10, THD: 2.31059 %, Gridsize: 8192, Interpolation Degree: 1, No. Periods: 1

Harmonic Frequency       Magnitude       Phase           Norm. Mag       Norm. Phase    
-------- ---------       ---------       -----           ---------       -----------    
 0       0               -0.0212856327   0               0               0              
 1       1000            3.729890044     0.003996947594  1               0              
 2       2000            0.03460934502   89.70950923     0.009278918307  89.70551228    
 3       3000            0.06240414628   -0.487259823    0.01673082733   -0.49125677    
 4       4000            0.02595227662   -90.4751987     0.006957920021  -90.4791956    
 5       5000            0.03376739572   179.3352728     0.00905318798   179.3312759    
 6       6000            0.01731524645   89.44412935     0.004642294073  89.4401324     
 7       7000            0.01246294394   -0.472279455    0.003341370334  -0.476276403   
 8       8000            0.008004750166  -90.4123034     0.002146108885  -90.4163003    
 9       9000            0.001543750358  -177.117477     0.0004138862914 -177.121474    

Doing analysis at TEMP = 27.000000 and TNOM = 27.000000

Using SPARSE 1.3 as Direct Linear Solver

Initial Transient Solution
--------------------------

Node                                   Voltage
----                                   -------
vsn                                          0
srcx                              -1.99712e-05
ain                                -0.00165777
gs                                    -3.15465
gp                                    -7.00978
csf                                   -6.11924
cpf                                   -13.5982
cs                                       -6.75
cp                                         -15
vcp#branch                         1.40179e-05
vcs#branch                         6.30763e-06
vsrc#branch                       -1.33141e-05


No. of Data Rows : 4001
Fourier analysis for v(vsn):
  No. Harmonics: 10, THD: 1.83239e-10 %, Gridsize: 8192, Interpolation Degree: 1, No. Periods: 1

Harmonic Frequency       Magnitude       Phase           Norm. Mag       Norm. Phase    
-------- ---------       ---------       -----           ---------       -----------    
 0       0               -1.22047511e-12 0               0               0              
 1       20000           3.81799686      -3.74644408e-11 1               0              
 2       40000           2.441485255e-12 -87.6909717     6.394675912e-13 -87.6909717    
 3       60000           2.482056324e-12 -88.0223523     6.50093862e-13  -88.0223523    
 4       80000           2.495568762e-12 -90.579458      6.536330055e-13 -90.579458     
 5       100000          2.488585988e-12 -87.9105573     6.51804095e-13  -87.9105573    
 6       120000          2.563165169e-12 -87.4528109     6.713376838e-13 -87.4528109    
 7       140000          2.462392976e-12 -88.6343298     6.449436882e-13 -88.6343298    
 8       160000          2.443844329e-12 -90.6396608     6.400854739e-13 -90.6396608    
 9       180000          2.407716348e-12 -87.4077148     6.306229252e-13 -87.4077148    

Fourier analysis for v(ain):
  No. Harmonics: 10, THD: 2.24378 %, Gridsize: 8192, Interpolation Degree: 1, No. Periods: 1

Harmonic Frequency       Magnitude       Phase           Norm. Mag       Norm. Phase    
-------- ---------       ---------       -----           ---------       -----------    
 0       0               -0.0192138005   0               0               0              
 1       20000           3.736416868     0.1174571117    1               0              
 2       40000           0.03155395827   76.34489763     0.008444978005  76.22744052    
 3       60000           0.05915378485   -16.2434081     0.01583168767   -16.3608652    
 4       80000           0.02521347784   -114.586296     0.006748036615  -114.703753    
 5       100000          0.0341448244    154.0203891     0.009138387284  153.902932     
 6       120000          0.01889662887   58.28335247     0.005057419859  58.16589536    
 7       140000          0.01520601659   -33.1776193     0.00406967882   -33.2950764    
 8       160000          0.01098759648   -125.112712     0.002940677356  -125.230169    
 9       180000          0.004814389809  150.8469669     0.001288504463  150.7295098    

Doing analysis at TEMP = 27.000000 and TNOM = 27.000000

Using SPARSE 1.3 as Direct Linear Solver

No. of Data Rows : 1
h1k = 9.9917284317e-01
Doing analysis at TEMP = 27.000000 and TNOM = 27.000000

Using SPARSE 1.3 as Direct Linear Solver

No. of Data Rows : 1
h20k = 9.9918053211e-01
Doing analysis at TEMP = 27.000000 and TNOM = 27.000000

Using SPARSE 1.3 as Direct Linear Solver

No. of Data Rows : 1
mag(v(ain)) = 9.9919651784e-01
Doing analysis at TEMP = 27.000000 and TNOM = 27.000000

Using SPARSE 1.3 as Direct Linear Solver

No. of Data Rows : 61
zmin = 3.4926172571e+05
Doing analysis at TEMP = 27.000000 and TNOM = 27.000000

Using SPARSE 1.3 as Direct Linear Solver

No. of Data Rows : 1
cvcs1k = 9.9917294981e-01
Doing analysis at TEMP = 27.000000 and TNOM = 27.000000

Using SPARSE 1.3 as Direct Linear Solver

No. of Data Rows : 1
cvcs20k = 9.9918048926e-01
Doing analysis at TEMP = 27.000000 and TNOM = 27.000000

Using SPARSE 1.3 as Direct Linear Solver

No. of Data Rows : 1
cvcp1k = 9.9917288194e-01
Doing analysis at TEMP = 27.000000 and TNOM = 27.000000

Using SPARSE 1.3 as Direct Linear Solver

No. of Data Rows : 1
cvcp20k = 9.9918054727e-01
L47B1_CASO d=0.2500
Doing analysis at TEMP = 27.000000 and TNOM = 27.000000

Using SPARSE 1.3 as Direct Linear Solver

Initial Transient Solution
--------------------------

Node                                   Voltage
----                                   -------
vsn                                          0
srcx                              -2.10211e-05
ain                                -0.00211177
gs                                    -3.50524
gp                                     -7.0099
csf                                   -6.79916
cpf                                   -13.5982
cs                                        -7.5
cp                                         -15
vcp#branch                         1.40177e-05
vcs#branch                         7.00835e-06
vsrc#branch                        -1.4014e-05


No. of Data Rows : 4001
Fourier analysis for v(vsn):
  No. Harmonics: 10, THD: 1.82423e-10 %, Gridsize: 8192, Interpolation Degree: 1, No. Periods: 1

Harmonic Frequency       Magnitude       Phase           Norm. Mag       Norm. Phase    
-------- ---------       ---------       -----           ---------       -----------    
 0       0               -1.22454477e-12 0               0               0              
 1       1000            3.81799686      -3.71591613e-11 1               0              
 2       2000            2.459847601e-12 -89.4460182     6.4427701e-13   -89.4460182    
 3       3000            2.468423083e-12 -89.8027962     6.465230783e-13 -89.8027962    
 4       4000            2.490441226e-12 -88.3667386     6.522900143e-13 -88.3667386    
 5       5000            2.480985163e-12 -88.9950906     6.498133063e-13 -88.9950906    
 6       6000            2.441255333e-12 -89.3827447     6.394073705e-13 -89.3827447    
 7       7000            2.434110817e-12 -88.6304784     6.375360972e-13 -88.6304784    
 8       8000            2.463075865e-12 -87.6315719     6.451225487e-13 -87.6315719    
 9       9000            2.461053183e-12 -87.6257769     6.44592773e-13  -87.6257769    

Fourier analysis for v(ain):
  No. Harmonics: 10, THD: 6.71131 %, Gridsize: 8192, Interpolation Degree: 1, No. Periods: 1

Harmonic Frequency       Magnitude       Phase           Norm. Mag       Norm. Phase    
-------- ---------       ---------       -----           ---------       -----------    
 0       0               -0.113103593    0               0               0              
 1       1000            3.555703389     0.00973616793   1               0              
 2       2000            0.16841159      89.77333334     0.04736379039   89.76359717    
 3       3000            0.1507408852    -0.366420426    0.04239411129   -0.376156594   
 4       4000            0.06347215357   -90.3249569     0.01785080099   -90.3346931    
 5       5000            0.03424026074   179.5909946     0.009629672951  179.5812585    
 6       6000            0.005419556383  -92.058935      0.00152418686   -92.0686712    
 7       7000            0.01673843399   179.0147858     0.004707488831  179.0050496    
 8       8000            0.01543448307   89.303009       0.004340767883  89.29327283    
 9       9000            0.01059073577   -0.592138597    0.002978520594  -0.601874765   

Doing analysis at TEMP = 27.000000 and TNOM = 27.000000

Using SPARSE 1.3 as Direct Linear Solver

Initial Transient Solution
--------------------------

Node                                   Voltage
----                                   -------
vsn                                          0
srcx                              -2.10211e-05
ain                                -0.00211177
gs                                    -3.50524
gp                                     -7.0099
csf                                   -6.79916
cpf                                   -13.5982
cs                                        -7.5
cp                                         -15
vcp#branch                         1.40177e-05
vcs#branch                         7.00835e-06
vsrc#branch                        -1.4014e-05

 Reference value :  3.00007e-04
No. of Data Rows : 4001
Fourier analysis for v(vsn):
  No. Harmonics: 10, THD: 1.83239e-10 %, Gridsize: 8192, Interpolation Degree: 1, No. Periods: 1

Harmonic Frequency       Magnitude       Phase           Norm. Mag       Norm. Phase    
-------- ---------       ---------       -----           ---------       -----------    
 0       0               -1.22047511e-12 0               0               0              
 1       20000           3.81799686      -3.74644408e-11 1               0              
 2       40000           2.441485255e-12 -87.6909717     6.394675912e-13 -87.6909717    
 3       60000           2.482056324e-12 -88.0223523     6.50093862e-13  -88.0223523    
 4       80000           2.495568762e-12 -90.579458      6.536330055e-13 -90.579458     
 5       100000          2.488585988e-12 -87.9105573     6.51804095e-13  -87.9105573    
 6       120000          2.563165169e-12 -87.4528109     6.713376838e-13 -87.4528109    
 7       140000          2.462392976e-12 -88.6343298     6.449436882e-13 -88.6343298    
 8       160000          2.443844329e-12 -90.6396608     6.400854739e-13 -90.6396608    
 9       180000          2.407716348e-12 -87.4077148     6.306229252e-13 -87.4077148    

Fourier analysis for v(ain):
  No. Harmonics: 10, THD: 6.75817 %, Gridsize: 8192, Interpolation Degree: 1, No. Periods: 1

Harmonic Frequency       Magnitude       Phase           Norm. Mag       Norm. Phase    
-------- ---------       ---------       -----           ---------       -----------    
 0       0               -0.109660904    0               0               0              
 1       20000           3.564493801     0.3411047266    1               0              
 2       40000           0.166596667     80.33734204     0.04673781925   79.99623731    
 3       60000           0.1518570646    -13.6594952     0.04260270128   -14.0005999    
 4       80000           0.06877846024   -106.724211     0.0192954355    -107.065316    
 5       100000          0.04023933977   163.1707246     0.01128893527   162.8296199    
 6       120000          0.004840860124  171.2865374     0.001358077863  170.9454327    
 7       140000          0.01648514962   133.450453      0.004624822075  133.1093483    
 8       160000          0.01840095932   47.29796317     0.005162292418  46.95685844    
 9       180000          0.01522429248   -39.7843888     0.004271095233  -40.1254935    

Doing analysis at TEMP = 27.000000 and TNOM = 27.000000

Using SPARSE 1.3 as Direct Linear Solver

No. of Data Rows : 1
h1k = 9.9882442004e-01
Doing analysis at TEMP = 27.000000 and TNOM = 27.000000

Using SPARSE 1.3 as Direct Linear Solver

No. of Data Rows : 1
h20k = 9.9883763979e-01
Doing analysis at TEMP = 27.000000 and TNOM = 27.000000

Using SPARSE 1.3 as Direct Linear Solver

No. of Data Rows : 1
mag(v(ain)) = 9.9885993412e-01
Doing analysis at TEMP = 27.000000 and TNOM = 27.000000

Using SPARSE 1.3 as Direct Linear Solver

No. of Data Rows : 61
zmin = 3.4975821526e+05
Doing analysis at TEMP = 27.000000 and TNOM = 27.000000

Using SPARSE 1.3 as Direct Linear Solver

No. of Data Rows : 1
cvcs1k = 9.9882457550e-01
Doing analysis at TEMP = 27.000000 and TNOM = 27.000000

Using SPARSE 1.3 as Direct Linear Solver

No. of Data Rows : 1
cvcs20k = 9.9883756783e-01
Doing analysis at TEMP = 27.000000 and TNOM = 27.000000

Using SPARSE 1.3 as Direct Linear Solver

No. of Data Rows : 1
cvcp1k = 9.9882446779e-01
Doing analysis at TEMP = 27.000000 and TNOM = 27.000000

Using SPARSE 1.3 as Direct Linear Solver

No. of Data Rows : 1
cvcp20k = 9.9883765845e-01
L47B1_CASO d=0.2750
Doing analysis at TEMP = 27.000000 and TNOM = 27.000000

Using SPARSE 1.3 as Direct Linear Solver

Initial Transient Solution
--------------------------

Node                                   Voltage
----                                   -------
vsn                                          0
srcx                              -2.20701e-05
ain                                -0.00284251
gs                                     -3.8559
gp                                     -7.0101
csf                                   -7.47911
cpf                                   -13.5983
cs                                       -8.25
cp                                         -15
vcp#branch                         1.40174e-05
vcs#branch                         7.70895e-06
vsrc#branch                       -1.47134e-05


No. of Data Rows : 4001
Fourier analysis for v(vsn):
  No. Harmonics: 10, THD: 1.82423e-10 %, Gridsize: 8192, Interpolation Degree: 1, No. Periods: 1

Harmonic Frequency       Magnitude       Phase           Norm. Mag       Norm. Phase    
-------- ---------       ---------       -----           ---------       -----------    
 0       0               -1.22454477e-12 0               0               0              
 1       1000            3.81799686      -3.71591613e-11 1               0              
 2       2000            2.459847601e-12 -89.4460182     6.4427701e-13   -89.4460182    
 3       3000            2.468423083e-12 -89.8027962     6.465230783e-13 -89.8027962    
 4       4000            2.490441226e-12 -88.3667386     6.522900143e-13 -88.3667386    
 5       5000            2.480985163e-12 -88.9950906     6.498133063e-13 -88.9950906    
 6       6000            2.441255333e-12 -89.3827447     6.394073705e-13 -89.3827447    
 7       7000            2.434110817e-12 -88.6304784     6.375360972e-13 -88.6304784    
 8       8000            2.463075865e-12 -87.6315719     6.451225487e-13 -87.6315719    
 9       9000            2.461053183e-12 -87.6257769     6.44592773e-13  -87.6257769    

Fourier analysis for v(ain):
  No. Harmonics: 10, THD: 11.0765 %, Gridsize: 8192, Interpolation Degree: 1, No. Periods: 1

Harmonic Frequency       Magnitude       Phase           Norm. Mag       Norm. Phase    
-------- ---------       ---------       -----           ---------       -----------    
 0       0               -0.24300794     0               0               0              
 1       1000            3.325632668     0.01808106936   1               0              
 2       2000            0.3069358292    89.78409556     0.09229396624   89.76601449    
 3       3000            0.1945126232    -0.333321665    0.05848890801   -0.351402734   
 4       4000            0.03415051422   -90.0753731     0.01026887743   -90.0934541    
 5       5000            0.01669366196   -0.827242465    0.005019695086  -0.845323534   
 6       6000            0.04022049032   -90.6839013     0.01209408685   -90.7019824    
 7       7000            0.018991703     179.5036194     0.005710703765  179.4855384    
 8       8000            0.006102893189  -92.0517617     0.001835107421  -92.0698428    
 9       9000            0.01363315556   179.0253227     0.004099417139  179.0072416    

Doing analysis at TEMP = 27.000000 and TNOM = 27.000000

Using SPARSE 1.3 as Direct Linear Solver

Initial Transient Solution
--------------------------

Node                                   Voltage
----                                   -------
vsn                                          0
srcx                              -2.20701e-05
ain                                -0.00284251
gs                                     -3.8559
gp                                     -7.0101
csf                                   -7.47911
cpf                                   -13.5983
cs                                       -8.25
cp                                         -15
vcp#branch                         1.40174e-05
vcs#branch                         7.70895e-06
vsrc#branch                       -1.47134e-05


No. of Data Rows : 4001
Fourier analysis for v(vsn):
  No. Harmonics: 10, THD: 1.83239e-10 %, Gridsize: 8192, Interpolation Degree: 1, No. Periods: 1

Harmonic Frequency       Magnitude       Phase           Norm. Mag       Norm. Phase    
-------- ---------       ---------       -----           ---------       -----------    
 0       0               -1.22047511e-12 0               0               0              
 1       20000           3.81799686      -3.74644408e-11 1               0              
 2       40000           2.441485255e-12 -87.6909717     6.394675912e-13 -87.6909717    
 3       60000           2.482056324e-12 -88.0223523     6.50093862e-13  -88.0223523    
 4       80000           2.495568762e-12 -90.579458      6.536330055e-13 -90.579458     
 5       100000          2.488585988e-12 -87.9105573     6.51804095e-13  -87.9105573    
 6       120000          2.563165169e-12 -87.4528109     6.713376838e-13 -87.4528109    
 7       140000          2.462392976e-12 -88.6343298     6.449436882e-13 -88.6343298    
 8       160000          2.443844329e-12 -90.6396608     6.400854739e-13 -90.6396608    
 9       180000          2.407716348e-12 -87.4077148     6.306229252e-13 -87.4077148    

Fourier analysis for v(ain):
  No. Harmonics: 10, THD: 11.2023 %, Gridsize: 8192, Interpolation Degree: 1, No. Periods: 1

Harmonic Frequency       Magnitude       Phase           Norm. Mag       Norm. Phase    
-------- ---------       ---------       -----           ---------       -----------    
 0       0               -0.238542238    0               0               0              
 1       20000           3.335629008     0.6456006645    1               0              
 2       40000           0.3079542976    81.31275476     0.09232270641   80.6671541     
 3       60000           0.19990822      -12.0531677     0.05993119127   -12.6987684    
 4       80000           0.04161534739   -98.6977798     0.01247601196   -99.3433805    
 5       100000          0.01585829378   -45.9814342     0.004754213897  -46.6270348    
 6       120000          0.04412080307   -119.693701     0.01322713137   -120.339301    
 7       140000          0.02529521414   153.3283094     0.007583341576  152.6827087    
 8       160000          0.005241929932  164.8665009     0.001571496686  164.2209002    
 9       180000          0.01519593388   124.5879062     0.004555642684  123.9423056    

Doing analysis at TEMP = 27.000000 and TNOM = 27.000000

Using SPARSE 1.3 as Direct Linear Solver

No. of Data Rows : 1
h1k = 9.9813904416e-01
Doing analysis at TEMP = 27.000000 and TNOM = 27.000000

Using SPARSE 1.3 as Direct Linear Solver

No. of Data Rows : 1
h20k = 9.9816392430e-01
Doing analysis at TEMP = 27.000000 and TNOM = 27.000000

Using SPARSE 1.3 as Direct Linear Solver

No. of Data Rows : 1
mag(v(ain)) = 9.9819865317e-01
Doing analysis at TEMP = 27.000000 and TNOM = 27.000000

Using SPARSE 1.3 as Direct Linear Solver

No. of Data Rows : 61
zmin = 3.5030174472e+05
Doing analysis at TEMP = 27.000000 and TNOM = 27.000000

Using SPARSE 1.3 as Direct Linear Solver

No. of Data Rows : 1
cvcs1k = 9.9813929807e-01
Doing analysis at TEMP = 27.000000 and TNOM = 27.000000

Using SPARSE 1.3 as Direct Linear Solver

No. of Data Rows : 1
cvcs20k = 9.9816379091e-01
Doing analysis at TEMP = 27.000000 and TNOM = 27.000000

Using SPARSE 1.3 as Direct Linear Solver

No. of Data Rows : 1
cvcp1k = 9.9813910638e-01
Doing analysis at TEMP = 27.000000 and TNOM = 27.000000

Using SPARSE 1.3 as Direct Linear Solver

No. of Data Rows : 1
cvcp20k = 9.9816394861e-01
L47B1_CASO d=0.3000
Doing analysis at TEMP = 27.000000 and TNOM = 27.000000

Using SPARSE 1.3 as Direct Linear Solver

Initial Transient Solution
--------------------------

Node                                   Voltage
----                                   -------
vsn                                          0
srcx                              -2.31169e-05
ain                                -0.00421468
gs                                    -4.20673
gp                                    -7.01046
csf                                   -8.15908
cpf                                   -13.5983
cs                                          -9
cp                                         -15
vcp#branch                         1.40167e-05
vcs#branch                         8.40924e-06
vsrc#branch                       -1.54113e-05


No. of Data Rows : 4001
Fourier analysis for v(vsn):
  No. Harmonics: 10, THD: 1.82423e-10 %, Gridsize: 8192, Interpolation Degree: 1, No. Periods: 1

Harmonic Frequency       Magnitude       Phase           Norm. Mag       Norm. Phase    
-------- ---------       ---------       -----           ---------       -----------    
 0       0               -1.22454477e-12 0               0               0              
 1       1000            3.81799686      -3.71591613e-11 1               0              
 2       2000            2.459847601e-12 -89.4460182     6.4427701e-13   -89.4460182    
 3       3000            2.468423083e-12 -89.8027962     6.465230783e-13 -89.8027962    
 4       4000            2.490441226e-12 -88.3667386     6.522900143e-13 -88.3667386    
 5       5000            2.480985163e-12 -88.9950906     6.498133063e-13 -88.9950906    
 6       6000            2.441255333e-12 -89.3827447     6.394073705e-13 -89.3827447    
 7       7000            2.434110817e-12 -88.6304784     6.375360972e-13 -88.6304784    
 8       8000            2.463075865e-12 -87.6315719     6.451225487e-13 -87.6315719    
 9       9000            2.461053183e-12 -87.6257769     6.44592773e-13  -87.6257769    

Fourier analysis for v(ain):
  No. Harmonics: 10, THD: 15.1377 %, Gridsize: 8192, Interpolation Degree: 1, No. Periods: 1

Harmonic Frequency       Magnitude       Phase           Norm. Mag       Norm. Phase    
-------- ---------       ---------       -----           ---------       -----------    
 0       0               -0.403776573    0               0               0              
 1       1000            3.06125607      0.02940445838   1               0              
 2       2000            0.4203374901    89.78803468     0.1373088302    89.75863022    
 3       3000            0.1801540575    -0.312022084    0.05884971835   -0.341426542   
 4       4000            0.03387590024   89.1490741      0.01106601325   89.11966965    
 5       5000            0.05389037005   -0.541592056    0.01760400594   -0.570996515   
 6       6000            0.02600394568   -90.4460597     0.008494534624  -90.4754641    
 7       7000            0.01712668379   -1.06028939     0.00559465899   -1.08969384    
 8       8000            0.02411484543   -90.859973      0.007877434909  -90.8893775    
 9       9000            0.001302465788  -175.319812     0.0004254677682 -175.349216    

Doing analysis at TEMP = 27.000000 and TNOM = 27.000000

Using SPARSE 1.3 as Direct Linear Solver

Initial Transient Solution
--------------------------

Node                                   Voltage
----                                   -------
vsn                                          0
srcx                              -2.31169e-05
ain                                -0.00421468
gs                                    -4.20673
gp                                    -7.01046
csf                                   -8.15908
cpf                                   -13.5983
cs                                          -9
cp                                         -15
vcp#branch                         1.40167e-05
vcs#branch                         8.40924e-06
vsrc#branch                       -1.54113e-05


No. of Data Rows : 4001
Fourier analysis for v(vsn):
  No. Harmonics: 10, THD: 1.83239e-10 %, Gridsize: 8192, Interpolation Degree: 1, No. Periods: 1

Harmonic Frequency       Magnitude       Phase           Norm. Mag       Norm. Phase    
-------- ---------       ---------       -----           ---------       -----------    
 0       0               -1.22047511e-12 0               0               0              
 1       20000           3.81799686      -3.74644408e-11 1               0              
 2       40000           2.441485255e-12 -87.6909717     6.394675912e-13 -87.6909717    
 3       60000           2.482056324e-12 -88.0223523     6.50093862e-13  -88.0223523    
 4       80000           2.495568762e-12 -90.579458      6.536330055e-13 -90.579458     
 5       100000          2.488585988e-12 -87.9105573     6.51804095e-13  -87.9105573    
 6       120000          2.563165169e-12 -87.4528109     6.713376838e-13 -87.4528109    
 7       140000          2.462392976e-12 -88.6343298     6.449436882e-13 -88.6343298    
 8       160000          2.443844329e-12 -90.6396608     6.400854739e-13 -90.6396608    
 9       180000          2.407716348e-12 -87.4077148     6.306229252e-13 -87.4077148    

Fourier analysis for v(ain):
  No. Harmonics: 10, THD: 15.3356 %, Gridsize: 8192, Interpolation Degree: 1, No. Periods: 1

Harmonic Frequency       Magnitude       Phase           Norm. Mag       Norm. Phase    
-------- ---------       ---------       -----           ---------       -----------    
 0       0               -0.398353912    0               0               0              
 1       20000           3.07210227      1.029534896     1               0              
 2       40000           0.4243280607    81.93765982     0.1381230257    80.90812493    
 3       60000           0.1875536555    -10.4084017     0.06105058982   -11.4379366    
 4       80000           0.03129787897   57.99601174     0.01018777248   56.96647684    
 5       100000          0.0585515063    -24.2579588     0.01905910063   -25.2874937    
 6       120000          0.03357819532   -108.485692     0.01093003825   -109.515226    
 7       140000          0.01660619529   -51.1392513     0.005405482576  -52.1687862    
 8       160000          0.02915512448   -128.919282     0.009490284478  -129.948817    
 9       180000          0.008122805778  166.7104703     0.002644054483  165.6809354    

Doing analysis at TEMP = 27.000000 and TNOM = 27.000000

Using SPARSE 1.3 as Direct Linear Solver

No. of Data Rows : 1
h1k = 9.9643800796e-01
Doing analysis at TEMP = 27.000000 and TNOM = 27.000000

Using SPARSE 1.3 as Direct Linear Solver

No. of Data Rows : 1
h20k = 9.9649399846e-01
Doing analysis at TEMP = 27.000000 and TNOM = 27.000000

Using SPARSE 1.3 as Direct Linear Solver

No. of Data Rows : 1
mag(v(ain)) = 9.9655957910e-01
Doing analysis at TEMP = 27.000000 and TNOM = 27.000000

Using SPARSE 1.3 as Direct Linear Solver

No. of Data Rows : 61
zmin = 3.5109292204e+05
Doing analysis at TEMP = 27.000000 and TNOM = 27.000000

Using SPARSE 1.3 as Direct Linear Solver

No. of Data Rows : 1
cvcs1k = 9.9643851283e-01
Doing analysis at TEMP = 27.000000 and TNOM = 27.000000

Using SPARSE 1.3 as Direct Linear Solver

No. of Data Rows : 1
cvcs20k = 9.9649370093e-01
Doing analysis at TEMP = 27.000000 and TNOM = 27.000000

Using SPARSE 1.3 as Direct Linear Solver

No. of Data Rows : 1
cvcp1k = 9.9643809730e-01
Doing analysis at TEMP = 27.000000 and TNOM = 27.000000

Using SPARSE 1.3 as Direct Linear Solver

No. of Data Rows : 1
cvcp20k = 9.9649403337e-01
L47B1_CASO d=0.3250
Doing analysis at TEMP = 27.000000 and TNOM = 27.000000

Using SPARSE 1.3 as Direct Linear Solver

Initial Transient Solution
--------------------------

Node                                   Voltage
----                                   -------
vsn                                          0
srcx                              -2.41567e-05
ain                                -0.00773109
gs                                    -4.55814
gp                                     -7.0114
csf                                   -8.83915
cpf                                   -13.5985
cs                                       -9.75
cp                                         -15
vcp#branch                         1.40151e-05
vcs#branch                         9.10853e-06
vsrc#branch                       -1.61045e-05


No. of Data Rows : 4001
Fourier analysis for v(vsn):
  No. Harmonics: 10, THD: 1.82423e-10 %, Gridsize: 8192, Interpolation Degree: 1, No. Periods: 1

Harmonic Frequency       Magnitude       Phase           Norm. Mag       Norm. Phase    
-------- ---------       ---------       -----           ---------       -----------    
 0       0               -1.22454477e-12 0               0               0              
 1       1000            3.81799686      -3.71591613e-11 1               0              
 2       2000            2.459847601e-12 -89.4460182     6.4427701e-13   -89.4460182    
 3       3000            2.468423083e-12 -89.8027962     6.465230783e-13 -89.8027962    
 4       4000            2.490441226e-12 -88.3667386     6.522900143e-13 -88.3667386    
 5       5000            2.480985163e-12 -88.9950906     6.498133063e-13 -88.9950906    
 6       6000            2.441255333e-12 -89.3827447     6.394073705e-13 -89.3827447    
 7       7000            2.434110817e-12 -88.6304784     6.375360972e-13 -88.6304784    
 8       8000            2.463075865e-12 -87.6315719     6.451225487e-13 -87.6315719    
 9       9000            2.461053183e-12 -87.6257769     6.44592773e-13  -87.6257769    

Fourier analysis for v(ain):
  No. Harmonics: 10, THD: 18.7151 %, Gridsize: 8192, Interpolation Degree: 1, No. Periods: 1

Harmonic Frequency       Magnitude       Phase           Norm. Mag       Norm. Phase    
-------- ---------       ---------       -----           ---------       -----------    
 0       0               -0.592206459    0               0               0              
 1       1000            2.775746986     0.04446670261   1               0              
 2       2000            0.4927351548    89.7903489      0.1775144339    89.7458822     
 3       3000            0.1178689981    -0.274112467    0.04246388404   -0.31857917    
 4       4000            0.09820231488   89.42742843     0.03537869819   89.38296173    
 5       5000            0.04279383249   -0.402673526    0.01541705087   -0.447140229   
 6       6000            0.01845005913   88.96800208     0.006646880722  88.92353538    
 7       7000            0.03054167824   -0.710377163    0.01100304833   -0.754843866   
 8       8000            0.0007324395794 82.17994968     0.0002638711608 82.13548298    
 9       9000            0.02080831074   -1.100486       0.007496472426  -1.14495271    

Doing analysis at TEMP = 27.000000 and TNOM = 27.000000

Using SPARSE 1.3 as Direct Linear Solver

Initial Transient Solution
--------------------------

Node                                   Voltage
----                                   -------
vsn                                          0
srcx                              -2.41567e-05
ain                                -0.00773109
gs                                    -4.55814
gp                                     -7.0114
csf                                   -8.83915
cpf                                   -13.5985
cs                                       -9.75
cp                                         -15
vcp#branch                         1.40151e-05
vcs#branch                         9.10853e-06
vsrc#branch                       -1.61045e-05


No. of Data Rows : 4001
Fourier analysis for v(vsn):
  No. Harmonics: 10, THD: 1.83239e-10 %, Gridsize: 8192, Interpolation Degree: 1, No. Periods: 1

Harmonic Frequency       Magnitude       Phase           Norm. Mag       Norm. Phase    
-------- ---------       ---------       -----           ---------       -----------    
 0       0               -1.22047511e-12 0               0               0              
 1       20000           3.81799686      -3.74644408e-11 1               0              
 2       40000           2.441485255e-12 -87.6909717     6.394675912e-13 -87.6909717    
 3       60000           2.482056324e-12 -88.0223523     6.50093862e-13  -88.0223523    
 4       80000           2.495568762e-12 -90.579458      6.536330055e-13 -90.579458     
 5       100000          2.488585988e-12 -87.9105573     6.51804095e-13  -87.9105573    
 6       120000          2.563165169e-12 -87.4528109     6.713376838e-13 -87.4528109    
 7       140000          2.462392976e-12 -88.6343298     6.449436882e-13 -88.6343298    
 8       160000          2.443844329e-12 -90.6396608     6.400854739e-13 -90.6396608    
 9       180000          2.407716348e-12 -87.4077148     6.306229252e-13 -87.4077148    

Fourier analysis for v(ain):
  No. Harmonics: 10, THD: 18.9746 %, Gridsize: 8192, Interpolation Degree: 1, No. Periods: 1

Harmonic Frequency       Magnitude       Phase           Norm. Mag       Norm. Phase    
-------- ---------       ---------       -----           ---------       -----------    
 0       0               -0.585795172    0               0               0              
 1       20000           2.787358408     1.503552781     1               0              
 2       40000           0.4992123461    82.46332255     0.1790987283    80.95976977    
 3       60000           0.1247895558    -7.65365969     0.04476982776   -9.15721247    
 4       80000           0.1002683056    69.96017467     0.03597251984   68.45662189    
 5       100000          0.05064560098   -17.2058819     0.0181697484    -18.7094347    
 6       120000          0.01778177702   40.57351284     0.006379436878  39.06996006    
 7       140000          0.03700389066   -31.1509795     0.0132756127    -32.6545322    
 8       160000          0.006760923945  -73.6530239     0.002425566776  -75.1565767    
 9       180000          0.02425423978   -48.2994461     0.008701514564  -49.8029988    

Doing analysis at TEMP = 27.000000 and TNOM = 27.000000

Using SPARSE 1.3 as Direct Linear Solver

No. of Data Rows : 1
h1k = 9.8963169759e-01
Doing analysis at TEMP = 27.000000 and TNOM = 27.000000

Using SPARSE 1.3 as Direct Linear Solver

No. of Data Rows : 1
h20k = 9.8982129678e-01
Doing analysis at TEMP = 27.000000 and TNOM = 27.000000

Using SPARSE 1.3 as Direct Linear Solver

No. of Data Rows : 1
mag(v(ain)) = 9.9001016637e-01
Doing analysis at TEMP = 27.000000 and TNOM = 27.000000

Using SPARSE 1.3 as Direct Linear Solver

No. of Data Rows : 61
zmin = 3.5330666464e+05
Doing analysis at TEMP = 27.000000 and TNOM = 27.000000

Using SPARSE 1.3 as Direct Linear Solver

No. of Data Rows : 1
cvcs1k = 9.8963324004e-01
Doing analysis at TEMP = 27.000000 and TNOM = 27.000000

Using SPARSE 1.3 as Direct Linear Solver

No. of Data Rows : 1
cvcs20k = 9.8982028859e-01
Doing analysis at TEMP = 27.000000 and TNOM = 27.000000

Using SPARSE 1.3 as Direct Linear Solver

No. of Data Rows : 1
cvcp1k = 9.8963185610e-01
Doing analysis at TEMP = 27.000000 and TNOM = 27.000000

Using SPARSE 1.3 as Direct Linear Solver

No. of Data Rows : 1
cvcp20k = 9.8982135868e-01
L47B1_CASO d=0.3500
Doing analysis at TEMP = 27.000000 and TNOM = 27.000000

Using SPARSE 1.3 as Direct Linear Solver

Initial Transient Solution
--------------------------

Node                                   Voltage
----                                   -------
vsn                                          0
srcx                              -2.51192e-05
ain                                 -0.0346732
gs                                    -4.91578
gp                                    -7.01858
csf                                   -9.52031
cpf                                   -13.5998
cs                                       -10.5
cp                                         -15
vcp#branch                         1.40025e-05
vcs#branch                         9.79687e-06
vsrc#branch                       -1.67461e-05


No. of Data Rows : 4001
Fourier analysis for v(vsn):
  No. Harmonics: 10, THD: 1.82423e-10 %, Gridsize: 8192, Interpolation Degree: 1, No. Periods: 1

Harmonic Frequency       Magnitude       Phase           Norm. Mag       Norm. Phase    
-------- ---------       ---------       -----           ---------       -----------    
 0       0               -1.22454477e-12 0               0               0              
 1       1000            3.81799686      -3.71591613e-11 1               0              
 2       2000            2.459847601e-12 -89.4460182     6.4427701e-13   -89.4460182    
 3       3000            2.468423083e-12 -89.8027962     6.465230783e-13 -89.8027962    
 4       4000            2.490441226e-12 -88.3667386     6.522900143e-13 -88.3667386    
 5       5000            2.480985163e-12 -88.9950906     6.498133063e-13 -88.9950906    
 6       6000            2.441255333e-12 -89.3827447     6.394073705e-13 -89.3827447    
 7       7000            2.434110817e-12 -88.6304784     6.375360972e-13 -88.6304784    
 8       8000            2.463075865e-12 -87.6315719     6.451225487e-13 -87.6315719    
 9       9000            2.461053183e-12 -87.6257769     6.44592773e-13  -87.6257769    

Fourier analysis for v(ain):
  No. Harmonics: 10, THD: 21.5372 %, Gridsize: 8192, Interpolation Degree: 1, No. Periods: 1

Harmonic Frequency       Magnitude       Phase           Norm. Mag       Norm. Phase    
-------- ---------       ---------       -----           ---------       -----------    
 0       0               -0.806909987    0               0               0              
 1       1000            2.479013004     0.06423347962   1               0              
 2       2000            0.5156008656    89.79380436     0.2079863497    89.72957088    
 3       3000            0.02904191789   0.007308074732  0.01171511317   -0.0569254049  
 4       4000            0.1262892237    89.47932936     0.05094334863   89.41509588    
 5       5000            0.007404730072  177.9983921     0.002986967015  177.9341586    
 6       6000            0.04286474403   89.26500679     0.01729105251   89.20077331    
 7       7000            0.0008299838959 8.34328558      0.0003348041719 8.2790521      
 8       8000            0.0227952076    89.08465656     0.009195275523  89.02042308    
 9       9000            0.003435118331  0.2325453453    0.001385679835  0.1683118657   

Doing analysis at TEMP = 27.000000 and TNOM = 27.000000

Using SPARSE 1.3 as Direct Linear Solver

Initial Transient Solution
--------------------------

Node                                   Voltage
----                                   -------
vsn                                          0
srcx                              -2.51192e-05
ain                                 -0.0346732
gs                                    -4.91578
gp                                    -7.01858
csf                                   -9.52031
cpf                                   -13.5998
cs                                       -10.5
cp                                         -15
vcp#branch                         1.40025e-05
vcs#branch                         9.79687e-06
vsrc#branch                       -1.67461e-05


No. of Data Rows : 4001
Fourier analysis for v(vsn):
  No. Harmonics: 10, THD: 1.75699e-10 %, Gridsize: 8192, Interpolation Degree: 1, No. Periods: 1

Harmonic Frequency       Magnitude       Phase           Norm. Mag       Norm. Phase    
-------- ---------       ---------       -----           ---------       -----------    
 0       0               -1.17109447e-12 0               0               0              
 1       20000           3.81799686      -3.54703376e-11 1               0              
 2       40000           2.484099644e-12 -89.5953338     6.506290433e-13 -89.5953338    
 3       60000           2.373954662e-12 -88.617124      6.217801504e-13 -88.617124     
 4       80000           2.269912451e-12 -88.7205603     5.9452968e-13   -88.7205603    
 5       100000          2.353174743e-12 -91.2030111     6.163375272e-13 -91.2030111    
 6       120000          2.379299885e-12 -89.0787458     6.231801576e-13 -89.0787458    
 7       140000          2.445338122e-12 -86.7388599     6.404767242e-13 -86.7388599    
 8       160000          2.389395815e-12 -86.8872027     6.258244579e-13 -86.8872027    
 9       180000          2.270161655e-12 -87.2402051     5.945949508e-13 -87.2402051    

Fourier analysis for v(ain):
  No. Harmonics: 10, THD: 21.8537 %, Gridsize: 8192, Interpolation Degree: 1, No. Periods: 1

Harmonic Frequency       Magnitude       Phase           Norm. Mag       Norm. Phase    
-------- ---------       ---------       -----           ---------       -----------    
 0       0               -0.799507421    0               0               0              
 1       20000           2.49137155      2.086960542     1               0              
 2       40000           0.5237703276    82.97914506     0.2102337275    80.89218452    
 3       60000           0.0345579864    6.7832413       0.01387106889   4.696280758    
 4       80000           0.1326845321    73.28087699     0.05325762514   71.19391644    
 5       100000          0.007784938917  88.38019099     0.003124760302  86.29323045    
 6       120000          0.04812615318   61.33456436     0.01931713204   59.24760382    
 7       140000          0.008960388079  12.86079649     0.003596568355  10.77383595    
 8       160000          0.02714584235   48.72809938     0.01089594298   46.64113884    
 9       180000          0.01020222958   -14.6852818     0.004095025319  -16.7722424    

Doing analysis at TEMP = 27.000000 and TNOM = 27.000000

Using SPARSE 1.3 as Direct Linear Solver

No. of Data Rows : 1
h1k = 8.3341121946e-01
Doing analysis at TEMP = 27.000000 and TNOM = 27.000000

Using SPARSE 1.3 as Direct Linear Solver

No. of Data Rows : 1
h20k = 8.3639504635e-01
Doing analysis at TEMP = 27.000000 and TNOM = 27.000000

Using SPARSE 1.3 as Direct Linear Solver

No. of Data Rows : 1
mag(v(ain)) = 8.3948154601e-01
Doing analysis at TEMP = 27.000000 and TNOM = 27.000000

Using SPARSE 1.3 as Direct Linear Solver

No. of Data Rows : 61
zmin = 4.0492281181e+05
Doing analysis at TEMP = 27.000000 and TNOM = 27.000000

Using SPARSE 1.3 as Direct Linear Solver

No. of Data Rows : 1
cvcs1k = 8.3344077993e-01
Doing analysis at TEMP = 27.000000 and TNOM = 27.000000

Using SPARSE 1.3 as Direct Linear Solver

No. of Data Rows : 1
cvcs20k = 8.3637553245e-01
Doing analysis at TEMP = 27.000000 and TNOM = 27.000000

Using SPARSE 1.3 as Direct Linear Solver

No. of Data Rows : 1
cvcp1k = 8.3341185509e-01
Doing analysis at TEMP = 27.000000 and TNOM = 27.000000

Using SPARSE 1.3 as Direct Linear Solver

No. of Data Rows : 1
cvcp20k = 8.3639529035e-01
L47B1_CASO d=0.3750
Doing analysis at TEMP = 27.000000 and TNOM = 27.000000

Using SPARSE 1.3 as Direct Linear Solver

Initial Transient Solution
--------------------------

Node                                   Voltage
----                                   -------
vsn                                          0
srcx                              -2.47626e-05
ain                                  -0.461138
gs                                    -5.37984
gp                                    -7.13217
csf                                   -10.2201
cpf                                   -13.6197
cs                                      -11.25
cp                                         -15
vcp#branch                         1.38032e-05
vcs#branch                         1.02985e-05
vsrc#branch                       -1.65084e-05


No. of Data Rows : 4001
Fourier analysis for v(vsn):
  No. Harmonics: 10, THD: 1.82423e-10 %, Gridsize: 8192, Interpolation Degree: 1, No. Periods: 1

Harmonic Frequency       Magnitude       Phase           Norm. Mag       Norm. Phase    
-------- ---------       ---------       -----           ---------       -----------    
 0       0               -1.22454477e-12 0               0               0              
 1       1000            3.81799686      -3.71591613e-11 1               0              
 2       2000            2.459847601e-12 -89.4460182     6.4427701e-13   -89.4460182    
 3       3000            2.468423083e-12 -89.8027962     6.465230783e-13 -89.8027962    
 4       4000            2.490441226e-12 -88.3667386     6.522900143e-13 -88.3667386    
 5       5000            2.480985163e-12 -88.9950906     6.498133063e-13 -88.9950906    
 6       6000            2.441255333e-12 -89.3827447     6.394073705e-13 -89.3827447    
 7       7000            2.434110817e-12 -88.6304784     6.375360972e-13 -88.6304784    
 8       8000            2.463075865e-12 -87.6315719     6.451225487e-13 -87.6315719    
 9       9000            2.461053183e-12 -87.6257769     6.44592773e-13  -87.6257769    

Fourier analysis for v(ain):
  No. Harmonics: 10, THD: 23.2288 %, Gridsize: 8192, Interpolation Degree: 1, No. Periods: 1

Harmonic Frequency       Magnitude       Phase           Norm. Mag       Norm. Phase    
-------- ---------       ---------       -----           ---------       -----------    
 0       0               -1.05221391     0               0               0              
 1       1000            2.175302265     0.08568147018   1               0              
 2       2000            0.4850505503    89.80805556     0.2229807591    89.72237409    
 3       3000            0.06151052853   179.5604524     0.02827677308   179.474771     
 4       4000            0.1046405379    89.51197577     0.04810390701   89.4262943     
 5       5000            0.06012150524   179.3314813     0.02763823043   179.2457998    
 6       6000            0.02038485681   89.43637442     0.009371045642  89.35069295    
 7       7000            0.03158124209   179.1479575     0.01451809369   179.062276     
 8       8000            0.002137528057  91.17814379     0.0009826349614 91.09246232    
 9       9000            0.01686762815   179.1737892     0.007754153723  179.0881077    

Doing analysis at TEMP = 27.000000 and TNOM = 27.000000

Using SPARSE 1.3 as Direct Linear Solver

Initial Transient Solution
--------------------------

Node                                   Voltage
----                                   -------
vsn                                          0
srcx                              -2.47626e-05
ain                                  -0.461138
gs                                    -5.37984
gp                                    -7.13217
csf                                   -10.2201
cpf                                   -13.6197
cs                                      -11.25
cp                                         -15
vcp#branch                         1.38032e-05
vcs#branch                         1.02985e-05
vsrc#branch                       -1.65084e-05


No. of Data Rows : 4001
Fourier analysis for v(vsn):
  No. Harmonics: 10, THD: 1.83239e-10 %, Gridsize: 8192, Interpolation Degree: 1, No. Periods: 1

Harmonic Frequency       Magnitude       Phase           Norm. Mag       Norm. Phase    
-------- ---------       ---------       -----           ---------       -----------    
 0       0               -1.22047511e-12 0               0               0              
 1       20000           3.81799686      -3.74644408e-11 1               0              
 2       40000           2.441485255e-12 -87.6909717     6.394675912e-13 -87.6909717    
 3       60000           2.482056324e-12 -88.0223523     6.50093862e-13  -88.0223523    
 4       80000           2.495568762e-12 -90.579458      6.536330055e-13 -90.579458     
 5       100000          2.488585988e-12 -87.9105573     6.51804095e-13  -87.9105573    
 6       120000          2.563165169e-12 -87.4528109     6.713376838e-13 -87.4528109    
 7       140000          2.462392976e-12 -88.6343298     6.449436882e-13 -88.6343298    
 8       160000          2.443844329e-12 -90.6396608     6.400854739e-13 -90.6396608    
 9       180000          2.407716348e-12 -87.4077148     6.306229252e-13 -87.4077148    

Fourier analysis for v(ain):
  No. Harmonics: 10, THD: 23.6188 %, Gridsize: 8192, Interpolation Degree: 1, No. Periods: 1

Harmonic Frequency       Magnitude       Phase           Norm. Mag       Norm. Phase    
-------- ---------       ---------       -----           ---------       -----------    
 0       0               -1.0456157      0               0               0              
 1       20000           2.186832689     2.822648676     1               0              
 2       40000           0.4938457225    83.56854259     0.2258269345    80.74589391    
 3       60000           0.06329102381   159.2027578     0.02894186836   156.3801092    
 4       80000           0.111997776     76.43077887     0.05121460665   73.6081302     
 5       100000          0.06239521955   154.2343582     0.02853223288   151.4117096    
 6       120000          0.02712669884   73.61900849     0.0124045607    70.79635981    
 7       140000          0.03459063232   142.4388482     0.01581768577   139.6161996    
 8       160000          0.009241385248  85.55724753     0.004225922401  82.73459885    
 9       180000          0.02080118353   132.2137034     0.009512014173  129.3910547    

Doing analysis at TEMP = 27.000000 and TNOM = 27.000000

Using SPARSE 1.3 as Direct Linear Solver

No. of Data Rows : 1
h1k = 3.1722053375e-01
Doing analysis at TEMP = 27.000000 and TNOM = 27.000000

Using SPARSE 1.3 as Direct Linear Solver

No. of Data Rows : 1
h20k = 3.2315276612e-01
Doing analysis at TEMP = 27.000000 and TNOM = 27.000000

Using SPARSE 1.3 as Direct Linear Solver

No. of Data Rows : 1
mag(v(ain)) = 3.3585906697e-01
Doing analysis at TEMP = 27.000000 and TNOM = 27.000000

Using SPARSE 1.3 as Direct Linear Solver

No. of Data Rows : 61
zmin = 7.8980015807e+05
Doing analysis at TEMP = 27.000000 and TNOM = 27.000000

Using SPARSE 1.3 as Direct Linear Solver

No. of Data Rows : 1
cvcs1k = 3.1749844845e-01
Doing analysis at TEMP = 27.000000 and TNOM = 27.000000

Using SPARSE 1.3 as Direct Linear Solver

No. of Data Rows : 1
cvcs20k = 3.2304557031e-01
Doing analysis at TEMP = 27.000000 and TNOM = 27.000000

Using SPARSE 1.3 as Direct Linear Solver

No. of Data Rows : 1
cvcp1k = 3.1722164148e-01
Doing analysis at TEMP = 27.000000 and TNOM = 27.000000

Using SPARSE 1.3 as Direct Linear Solver

No. of Data Rows : 1
cvcp20k = 3.2315311402e-01
L47B1_CASO d=0.4000
Doing analysis at TEMP = 27.000000 and TNOM = 27.000000

Using SPARSE 1.3 as Direct Linear Solver

Initial Transient Solution
--------------------------

Node                                   Voltage
----                                   -------
vsn                                          0
srcx                               -2.4251e-05
ain                                  -0.934596
gs                                    -5.85641
gp                                    -7.25828
csf                                   -10.9222
cpf                                   -13.6418
cs                                         -12
cp                                         -15
vcp#branch                          1.3582e-05
vcs#branch                         1.07782e-05
vsrc#branch                       -1.61673e-05


No. of Data Rows : 4001
Fourier analysis for v(vsn):
  No. Harmonics: 10, THD: 1.82423e-10 %, Gridsize: 8192, Interpolation Degree: 1, No. Periods: 1

Harmonic Frequency       Magnitude       Phase           Norm. Mag       Norm. Phase    
-------- ---------       ---------       -----           ---------       -----------    
 0       0               -1.22454477e-12 0               0               0              
 1       1000            3.81799686      -3.71591613e-11 1               0              
 2       2000            2.459847601e-12 -89.4460182     6.4427701e-13   -89.4460182    
 3       3000            2.468423083e-12 -89.8027962     6.465230783e-13 -89.8027962    
 4       4000            2.490441226e-12 -88.3667386     6.522900143e-13 -88.3667386    
 5       5000            2.480985163e-12 -88.9950906     6.498133063e-13 -88.9950906    
 6       6000            2.441255333e-12 -89.3827447     6.394073705e-13 -89.3827447    
 7       7000            2.434110817e-12 -88.6304784     6.375360972e-13 -88.6304784    
 8       8000            2.463075865e-12 -87.6315719     6.451225487e-13 -87.6315719    
 9       9000            2.461053183e-12 -87.6257769     6.44592773e-13  -87.6257769    

Fourier analysis for v(ain):
  No. Harmonics: 10, THD: 22.9351 %, Gridsize: 8192, Interpolation Degree: 1, No. Periods: 1

Harmonic Frequency       Magnitude       Phase           Norm. Mag       Norm. Phase    
-------- ---------       ---------       -----           ---------       -----------    
 0       0               -1.3243363      0               0               0              
 1       1000            1.877963336     0.1136113626    1               0              
 2       2000            0.4012315079    89.83020651     0.2136524714    89.71659514    
 3       3000            0.1234548887    179.6429355     0.06573871082   179.5293241    
 4       4000            0.0444683942    89.53041283     0.02367905345   89.41680146    
 5       5000            0.07428700427   179.4257996     0.03955721757   179.3121882    
 6       6000            0.02570472198   -90.737658      0.01368755262   -90.8512694    
 7       7000            0.02070577805   179.3658782     0.01102565617   179.2522669    
 8       8000            0.02609612873   -90.9193761     0.01389597349   -91.0329874    
 9       9000            0.004379219304  -2.55095508     0.00233189819   -2.66456644    

Doing analysis at TEMP = 27.000000 and TNOM = 27.000000

Using SPARSE 1.3 as Direct Linear Solver

Initial Transient Solution
--------------------------

Node                                   Voltage
----                                   -------
vsn                                          0
srcx                               -2.4251e-05
ain                                  -0.934596
gs                                    -5.85641
gp                                    -7.25828
csf                                   -10.9222
cpf                                   -13.6418
cs                                         -12
cp                                         -15
vcp#branch                          1.3582e-05
vcs#branch                         1.07782e-05
vsrc#branch                       -1.61673e-05

 Reference value :  3.00007e-04
No. of Data Rows : 4001
Fourier analysis for v(vsn):
  No. Harmonics: 10, THD: 1.83239e-10 %, Gridsize: 8192, Interpolation Degree: 1, No. Periods: 1

Harmonic Frequency       Magnitude       Phase           Norm. Mag       Norm. Phase    
-------- ---------       ---------       -----           ---------       -----------    
 0       0               -1.22047511e-12 0               0               0              
 1       20000           3.81799686      -3.74644408e-11 1               0              
 2       40000           2.441485255e-12 -87.6909717     6.394675912e-13 -87.6909717    
 3       60000           2.482056324e-12 -88.0223523     6.50093862e-13  -88.0223523    
 4       80000           2.495568762e-12 -90.579458      6.536330055e-13 -90.579458     
 5       100000          2.488585988e-12 -87.9105573     6.51804095e-13  -87.9105573    
 6       120000          2.563165169e-12 -87.4528109     6.713376838e-13 -87.4528109    
 7       140000          2.462392976e-12 -88.6343298     6.449436882e-13 -88.6343298    
 8       160000          2.443844329e-12 -90.6396608     6.400854739e-13 -90.6396608    
 9       180000          2.407716348e-12 -87.4077148     6.306229252e-13 -87.4077148    

Fourier analysis for v(ain):
  No. Harmonics: 10, THD: 23.3644 %, Gridsize: 8192, Interpolation Degree: 1, No. Periods: 1

Harmonic Frequency       Magnitude       Phase           Norm. Mag       Norm. Phase    
-------- ---------       ---------       -----           ---------       -----------    
 0       0               -1.31907328     0               0               0              
 1       20000           1.889027867     3.733686625     1               0              
 2       40000           0.4088345534    84.33031393     0.2164258985    80.5966273     
 3       60000           0.1284570377    165.4526232     0.06800166367   161.7189366    
 4       80000           0.04889562354   84.1161226      0.02588401389   80.38243597    
 5       100000          0.08066713504   160.181704      0.04270298838   156.4480174    
 6       120000          0.02624439056   -126.915274     0.01389306692   -130.648961    
 7       140000          0.02656315916   156.3007696     0.01406181435   152.567083     
 8       160000          0.02900565883   -131.49317      0.01535480728   -135.226856    
 9       180000          0.004253586412  -124.175481     0.002251733014  -127.909167    

Doing analysis at TEMP = 27.000000 and TNOM = 27.000000

Using SPARSE 1.3 as Direct Linear Solver

No. of Data Rows : 1
h1k = 3.1711356670e-01
Doing analysis at TEMP = 27.000000 and TNOM = 27.000000

Using SPARSE 1.3 as Direct Linear Solver

No. of Data Rows : 1
h20k = 3.2266012100e-01
Doing analysis at TEMP = 27.000000 and TNOM = 27.000000

Using SPARSE 1.3 as Direct Linear Solver

No. of Data Rows : 1
mag(v(ain)) = 3.3574643129e-01
Doing analysis at TEMP = 27.000000 and TNOM = 27.000000

Using SPARSE 1.3 as Direct Linear Solver

No. of Data Rows : 61
zmin = 7.9069277514e+05
Doing analysis at TEMP = 27.000000 and TNOM = 27.000000

Using SPARSE 1.3 as Direct Linear Solver

No. of Data Rows : 1
cvcs1k = 3.1739506715e-01
Doing analysis at TEMP = 27.000000 and TNOM = 27.000000

Using SPARSE 1.3 as Direct Linear Solver

No. of Data Rows : 1
cvcs20k = 3.2255639264e-01
Doing analysis at TEMP = 27.000000 and TNOM = 27.000000

Using SPARSE 1.3 as Direct Linear Solver

No. of Data Rows : 1
cvcp1k = 3.1711473958e-01
Doing analysis at TEMP = 27.000000 and TNOM = 27.000000

Using SPARSE 1.3 as Direct Linear Solver

No. of Data Rows : 1
cvcp20k = 3.2266050503e-01
L47B1_CASO d=0.4250
Doing analysis at TEMP = 27.000000 and TNOM = 27.000000

Using SPARSE 1.3 as Direct Linear Solver

Initial Transient Solution
--------------------------

Node                                   Voltage
----                                   -------
vsn                                          0
srcx                              -2.37398e-05
ain                                    -1.4079
gs                                    -6.33295
gp                                    -7.38434
csf                                   -11.6242
cpf                                   -13.6639
cs                                      -12.75
cp                                         -15
vcp#branch                         1.33608e-05
vcs#branch                          1.1258e-05
vsrc#branch                       -1.58265e-05


No. of Data Rows : 4001
Fourier analysis for v(vsn):
  No. Harmonics: 10, THD: 1.82423e-10 %, Gridsize: 8192, Interpolation Degree: 1, No. Periods: 1

Harmonic Frequency       Magnitude       Phase           Norm. Mag       Norm. Phase    
-------- ---------       ---------       -----           ---------       -----------    
 0       0               -1.22454477e-12 0               0               0              
 1       1000            3.81799686      -3.71591613e-11 1               0              
 2       2000            2.459847601e-12 -89.4460182     6.4427701e-13   -89.4460182    
 3       3000            2.468423083e-12 -89.8027962     6.465230783e-13 -89.8027962    
 4       4000            2.490441226e-12 -88.3667386     6.522900143e-13 -88.3667386    
 5       5000            2.480985163e-12 -88.9950906     6.498133063e-13 -88.9950906    
 6       6000            2.441255333e-12 -89.3827447     6.394073705e-13 -89.3827447    
 7       7000            2.434110817e-12 -88.6304784     6.375360972e-13 -88.6304784    
 8       8000            2.463075865e-12 -87.6315719     6.451225487e-13 -87.6315719    
 9       9000            2.461053183e-12 -87.6257769     6.44592773e-13  -87.6257769    

Fourier analysis for v(ain):
  No. Harmonics: 10, THD: 19.299 %, Gridsize: 8192, Interpolation Degree: 1, No. Periods: 1

Harmonic Frequency       Magnitude       Phase           Norm. Mag       Norm. Phase    
-------- ---------       ---------       -----           ---------       -----------    
 0       0               -1.62270179     0               0               0              
 1       1000            1.595937193     0.1500961998    1               0              
 2       2000            0.2704208893    89.87728969     0.1694433155    89.72719349    
 3       3000            0.1320729956    179.6693715     0.08275576016   179.5192753    
 4       4000            0.0194810107    -90.4914548     0.01220662742   -90.641551     
 5       5000            0.03794136013   179.5391423     0.02377371759   179.3890461    
 6       6000            0.04152929545   -90.595027      0.02602188584   -90.7451232    
 7       7000            0.01557237017   -0.898196226    0.009757508146  -1.04829243    
 8       8000            0.01071832682   -90.5358491     0.006716007914  -90.6859453    
 9       9000            0.01978948545   -1.00966397     0.01239991494   -1.15976017    

Doing analysis at TEMP = 27.000000 and TNOM = 27.000000

Using SPARSE 1.3 as Direct Linear Solver

Initial Transient Solution
--------------------------

Node                                   Voltage
----                                   -------
vsn                                          0
srcx                              -2.37398e-05
ain                                    -1.4079
gs                                    -6.33295
gp                                    -7.38434
csf                                   -11.6242
cpf                                   -13.6639
cs                                      -12.75
cp                                         -15
vcp#branch                         1.33608e-05
vcs#branch                          1.1258e-05
vsrc#branch                       -1.58265e-05


No. of Data Rows : 4001
Fourier analysis for v(vsn):
  No. Harmonics: 10, THD: 1.83239e-10 %, Gridsize: 8192, Interpolation Degree: 1, No. Periods: 1

Harmonic Frequency       Magnitude       Phase           Norm. Mag       Norm. Phase    
-------- ---------       ---------       -----           ---------       -----------    
 0       0               -1.22047511e-12 0               0               0              
 1       20000           3.81799686      -3.74644408e-11 1               0              
 2       40000           2.441485255e-12 -87.6909717     6.394675912e-13 -87.6909717    
 3       60000           2.482056324e-12 -88.0223523     6.50093862e-13  -88.0223523    
 4       80000           2.495568762e-12 -90.579458      6.536330055e-13 -90.579458     
 5       100000          2.488585988e-12 -87.9105573     6.51804095e-13  -87.9105573    
 6       120000          2.563165169e-12 -87.4528109     6.713376838e-13 -87.4528109    
 7       140000          2.462392976e-12 -88.6343298     6.449436882e-13 -88.6343298    
 8       160000          2.443844329e-12 -90.6396608     6.400854739e-13 -90.6396608    
 9       180000          2.407716348e-12 -87.4077148     6.306229252e-13 -87.4077148    

Fourier analysis for v(ain):
  No. Harmonics: 10, THD: 19.7102 %, Gridsize: 8192, Interpolation Degree: 1, No. Periods: 1

Harmonic Frequency       Magnitude       Phase           Norm. Mag       Norm. Phase    
-------- ---------       ---------       -----           ---------       -----------    
 0       0               -1.61904798     0               0               0              
 1       20000           1.607329475     4.846360892     1               0              
 2       40000           0.2752730209    85.51726622     0.1712611043    80.67090533    
 3       60000           0.1379186511    167.4153584     0.085806086     162.5689975    
 4       80000           0.02250355346   -126.765        0.01400058533   -131.611361    
 5       100000          0.04252319696   168.801197      0.02645580612   163.9548361    
 6       120000          0.0465956442    -113.956156     0.02898947909   -118.802517    
 7       140000          0.01691536255   -43.8714204     0.01052389246   -48.7177813    
 8       160000          0.01508963804   -108.928468     0.009388017998  -113.774829    
 9       180000          0.02388511213   -39.0491251     0.01486012202   -43.895486     

Doing analysis at TEMP = 27.000000 and TNOM = 27.000000

Using SPARSE 1.3 as Direct Linear Solver

No. of Data Rows : 1
h1k = 3.1699389259e-01
Doing analysis at TEMP = 27.000000 and TNOM = 27.000000

Using SPARSE 1.3 as Direct Linear Solver

No. of Data Rows : 1
h20k = 3.2220107652e-01
Doing analysis at TEMP = 27.000000 and TNOM = 27.000000

Using SPARSE 1.3 as Direct Linear Solver

No. of Data Rows : 1
mag(v(ain)) = 3.3562012698e-01
Doing analysis at TEMP = 27.000000 and TNOM = 27.000000

Using SPARSE 1.3 as Direct Linear Solver

No. of Data Rows : 61
zmin = 7.9147323019e+05
Doing analysis at TEMP = 27.000000 and TNOM = 27.000000

Using SPARSE 1.3 as Direct Linear Solver

No. of Data Rows : 1
cvcs1k = 3.1727862289e-01
Doing analysis at TEMP = 27.000000 and TNOM = 27.000000

Using SPARSE 1.3 as Direct Linear Solver

No. of Data Rows : 1
cvcs20k = 3.2210050962e-01
Doing analysis at TEMP = 27.000000 and TNOM = 27.000000

Using SPARSE 1.3 as Direct Linear Solver

No. of Data Rows : 1
cvcp1k = 3.1699513764e-01
Doing analysis at TEMP = 27.000000 and TNOM = 27.000000

Using SPARSE 1.3 as Direct Linear Solver

No. of Data Rows : 1
cvcp20k = 3.2220150004e-01
L47B1_CASO d=0.4500
Doing analysis at TEMP = 27.000000 and TNOM = 27.000000

Using SPARSE 1.3 as Direct Linear Solver

Initial Transient Solution
--------------------------

Node                                   Voltage
----                                   -------
vsn                                          0
srcx                              -2.32293e-05
ain                                   -1.88102
gs                                    -6.80943
gp                                    -7.51036
csf                                   -12.3262
cpf                                    -13.686
cs                                       -13.5
cp                                         -15
vcp#branch                         1.31397e-05
vcs#branch                         1.17378e-05
vsrc#branch                       -1.54862e-05


No. of Data Rows : 4001
Fourier analysis for v(vsn):
  No. Harmonics: 10, THD: 1.82423e-10 %, Gridsize: 8192, Interpolation Degree: 1, No. Periods: 1

Harmonic Frequency       Magnitude       Phase           Norm. Mag       Norm. Phase    
-------- ---------       ---------       -----           ---------       -----------    
 0       0               -1.22454477e-12 0               0               0              
 1       1000            3.81799686      -3.71591613e-11 1               0              
 2       2000            2.459847601e-12 -89.4460182     6.4427701e-13   -89.4460182    
 3       3000            2.468423083e-12 -89.8027962     6.465230783e-13 -89.8027962    
 4       4000            2.490441226e-12 -88.3667386     6.522900143e-13 -88.3667386    
 5       5000            2.480985163e-12 -88.9950906     6.498133063e-13 -88.9950906    
 6       6000            2.441255333e-12 -89.3827447     6.394073705e-13 -89.3827447    
 7       7000            2.434110817e-12 -88.6304784     6.375360972e-13 -88.6304784    
 8       8000            2.463075865e-12 -87.6315719     6.451225487e-13 -87.6315719    
 9       9000            2.461053183e-12 -87.6257769     6.44592773e-13  -87.6257769    

Fourier analysis for v(ain):
  No. Harmonics: 10, THD: 10.0023 %, Gridsize: 8192, Interpolation Degree: 1, No. Periods: 1

Harmonic Frequency       Magnitude       Phase           Norm. Mag       Norm. Phase    
-------- ---------       ---------       -----           ---------       -----------    
 0       0               -1.94474116     0               0               0              
 1       1000            1.332921125     0.1943783551    1               0              
 2       2000            0.1016108949    90.0223737      0.0762317387    89.82799535    
 3       3000            0.07251993869   179.624561      0.05440677423   179.4301827    
 4       4000            0.04162457997   -90.5513201     0.03122808935   -90.7456984    
 5       5000            0.01540857155   -0.87627459     0.01156000251   -1.07065295    
 6       6000            0.002099516821  -88.849807      0.001575124576  -89.0441853    
 7       7000            0.00985970511   -0.743647486    0.007397065684  -0.938025841   
 8       8000            0.009675714877  88.8696109      0.007259030335  88.67523254    
 9       9000            0.005087986193  178.5424982     0.003817169748  178.3481199    

Doing analysis at TEMP = 27.000000 and TNOM = 27.000000

Using SPARSE 1.3 as Direct Linear Solver

Initial Transient Solution
--------------------------

Node                                   Voltage
----                                   -------
vsn                                          0
srcx                              -2.32293e-05
ain                                   -1.88102
gs                                    -6.80943
gp                                    -7.51036
csf                                   -12.3262
cpf                                    -13.686
cs                                       -13.5
cp                                         -15
vcp#branch                         1.31397e-05
vcs#branch                         1.17378e-05
vsrc#branch                       -1.54862e-05


No. of Data Rows : 4001
Fourier analysis for v(vsn):
  No. Harmonics: 10, THD: 1.83239e-10 %, Gridsize: 8192, Interpolation Degree: 1, No. Periods: 1

Harmonic Frequency       Magnitude       Phase           Norm. Mag       Norm. Phase    
-------- ---------       ---------       -----           ---------       -----------    
 0       0               -1.22047511e-12 0               0               0              
 1       20000           3.81799686      -3.74644408e-11 1               0              
 2       40000           2.441485255e-12 -87.6909717     6.394675912e-13 -87.6909717    
 3       60000           2.482056324e-12 -88.0223523     6.50093862e-13  -88.0223523    
 4       80000           2.495568762e-12 -90.579458      6.536330055e-13 -90.579458     
 5       100000          2.488585988e-12 -87.9105573     6.51804095e-13  -87.9105573    
 6       120000          2.563165169e-12 -87.4528109     6.713376838e-13 -87.4528109    
 7       140000          2.462392976e-12 -88.6343298     6.449436882e-13 -88.6343298    
 8       160000          2.443844329e-12 -90.6396608     6.400854739e-13 -90.6396608    
 9       180000          2.407716348e-12 -87.4077148     6.306229252e-13 -87.4077148    

Fourier analysis for v(ain):
  No. Harmonics: 10, THD: 10.3864 %, Gridsize: 8192, Interpolation Degree: 1, No. Periods: 1

Harmonic Frequency       Magnitude       Phase           Norm. Mag       Norm. Phase    
-------- ---------       ---------       -----           ---------       -----------    
 0       0               -1.94165773     0               0               0              
 1       20000           1.343084788     6.053581698     1               0              
 2       40000           0.1020616887    85.95762666     0.07599050307   79.90404496    
 3       60000           0.07691884758   164.3212745     0.05727028426   158.2676928    
 4       80000           0.04774056442   -113.156315     0.03554545838   -119.209897    
 5       100000          0.01951328176   -32.1550118     0.01452870432   -38.2085935    
 6       120000          0.002723430608  -92.4656519     0.002027742874  -98.5192336    
 7       140000          0.01380010475   -35.9825868     0.01027493192   -42.0361685    
 8       160000          0.01447041526   44.8514015      0.01077401471   38.79781981    
 9       180000          0.007714812383  124.1363947     0.005744099295  118.082813     

Doing analysis at TEMP = 27.000000 and TNOM = 27.000000

Using SPARSE 1.3 as Direct Linear Solver

No. of Data Rows : 1
h1k = 3.1685859025e-01
Doing analysis at TEMP = 27.000000 and TNOM = 27.000000

Using SPARSE 1.3 as Direct Linear Solver

No. of Data Rows : 1
h20k = 3.2176467143e-01
Doing analysis at TEMP = 27.000000 and TNOM = 27.000000

Using SPARSE 1.3 as Direct Linear Solver

No. of Data Rows : 1
mag(v(ain)) = 3.3547706159e-01
Doing analysis at TEMP = 27.000000 and TNOM = 27.000000

Using SPARSE 1.3 as Direct Linear Solver

No. of Data Rows : 61
zmin = 7.9216198682e+05
Doing analysis at TEMP = 27.000000 and TNOM = 27.000000

Using SPARSE 1.3 as Direct Linear Solver

No. of Data Rows : 1
cvcs1k = 3.1714624207e-01
Doing analysis at TEMP = 27.000000 and TNOM = 27.000000

Using SPARSE 1.3 as Direct Linear Solver

No. of Data Rows : 1
cvcs20k = 3.2166700420e-01
Doing analysis at TEMP = 27.000000 and TNOM = 27.000000

Using SPARSE 1.3 as Direct Linear Solver

No. of Data Rows : 1
cvcp1k = 3.1685991632e-01
Doing analysis at TEMP = 27.000000 and TNOM = 27.000000

Using SPARSE 1.3 as Direct Linear Solver

No. of Data Rows : 1
cvcp20k = 3.2176513879e-01
L47B1_CASO d=0.4750
Doing analysis at TEMP = 27.000000 and TNOM = 27.000000

Using SPARSE 1.3 as Direct Linear Solver

Initial Transient Solution
--------------------------

Node                                   Voltage
----                                   -------
vsn                                          0
srcx                              -2.27194e-05
ain                                   -2.35393
gs                                    -7.28586
gp                                    -7.63632
csf                                   -13.0282
cpf                                   -13.7081
cs                                      -14.25
cp                                         -15
vcp#branch                         1.29187e-05
vcs#branch                         1.22178e-05
vsrc#branch                       -1.51462e-05


No. of Data Rows : 4001
Fourier analysis for v(vsn):
  No. Harmonics: 10, THD: 1.82423e-10 %, Gridsize: 8192, Interpolation Degree: 1, No. Periods: 1

Harmonic Frequency       Magnitude       Phase           Norm. Mag       Norm. Phase    
-------- ---------       ---------       -----           ---------       -----------    
 0       0               -1.22454477e-12 0               0               0              
 1       1000            3.81799686      -3.71591613e-11 1               0              
 2       2000            2.459847601e-12 -89.4460182     6.4427701e-13   -89.4460182    
 3       3000            2.468423083e-12 -89.8027962     6.465230783e-13 -89.8027962    
 4       4000            2.490441226e-12 -88.3667386     6.522900143e-13 -88.3667386    
 5       5000            2.480985163e-12 -88.9950906     6.498133063e-13 -88.9950906    
 6       6000            2.441255333e-12 -89.3827447     6.394073705e-13 -89.3827447    
 7       7000            2.434110817e-12 -88.6304784     6.375360972e-13 -88.6304784    
 8       8000            2.463075865e-12 -87.6315719     6.451225487e-13 -87.6315719    
 9       9000            2.461053183e-12 -87.6257769     6.44592773e-13  -87.6257769    

Fourier analysis for v(ain):
  No. Harmonics: 10, THD: 15.2192 %, Gridsize: 8192, Interpolation Degree: 1, No. Periods: 1

Harmonic Frequency       Magnitude       Phase           Norm. Mag       Norm. Phase    
-------- ---------       ---------       -----           ---------       -----------    
 0       0               -2.21932668     0               0               0              
 1       1000            0.9913791369    0.1871998356    1               0              
 2       2000            0.1109476687    -89.3112571     0.1119124507    -89.498457     
 3       3000            0.001240954268  122.0594979     0.001251745394  121.8722981    
 4       4000            0.06474408341   -89.9387441     0.06530708687   -90.125944     
 5       5000            0.06871217908   0.5342883425    0.06930968842   0.3470885068   
 6       6000            0.03671096047   90.55892382     0.03703019269   90.37172398    
 7       7000            0.003823562465  176.5797285     0.003856811509  176.3925286    
 8       8000            0.01035281194   92.45803921     0.01044283821   92.27083937    
 9       9000            0.00843856027   -178.832923     0.008511940544  -179.020123    

Doing analysis at TEMP = 27.000000 and TNOM = 27.000000

Using SPARSE 1.3 as Direct Linear Solver

Initial Transient Solution
--------------------------

Node                                   Voltage
----                                   -------
vsn                                          0
srcx                              -2.27194e-05
ain                                   -2.35393
gs                                    -7.28586
gp                                    -7.63632
csf                                   -13.0282
cpf                                   -13.7081
cs                                      -14.25
cp                                         -15
vcp#branch                         1.29187e-05
vcs#branch                         1.22178e-05
vsrc#branch                       -1.51462e-05


No. of Data Rows : 4001
Fourier analysis for v(vsn):
  No. Harmonics: 10, THD: 1.83239e-10 %, Gridsize: 8192, Interpolation Degree: 1, No. Periods: 1

Harmonic Frequency       Magnitude       Phase           Norm. Mag       Norm. Phase    
-------- ---------       ---------       -----           ---------       -----------    
 0       0               -1.22047511e-12 0               0               0              
 1       20000           3.81799686      -3.74644408e-11 1               0              
 2       40000           2.441485255e-12 -87.6909717     6.394675912e-13 -87.6909717    
 3       60000           2.482056324e-12 -88.0223523     6.50093862e-13  -88.0223523    
 4       80000           2.495568762e-12 -90.579458      6.536330055e-13 -90.579458     
 5       100000          2.488585988e-12 -87.9105573     6.51804095e-13  -87.9105573    
 6       120000          2.563165169e-12 -87.4528109     6.713376838e-13 -87.4528109    
 7       140000          2.462392976e-12 -88.6343298     6.449436882e-13 -88.6343298    
 8       160000          2.443844329e-12 -90.6396608     6.400854739e-13 -90.6396608    
 9       180000          2.407716348e-12 -87.4077148     6.306229252e-13 -87.4077148    

Fourier analysis for v(ain):
  No. Harmonics: 10, THD: 16.7953 %, Gridsize: 8192, Interpolation Degree: 1, No. Periods: 1

Harmonic Frequency       Magnitude       Phase           Norm. Mag       Norm. Phase    
-------- ---------       ---------       -----           ---------       -----------    
 0       0               -2.21578529     0               0               0              
 1       20000           0.9949505903    6.137888772     1               0              
 2       40000           0.1228831282    -69.9854624     0.1235067645    -76.1233512    
 3       60000           0.02999915338   88.33929005     0.03015140016   82.20140127    
 4       80000           0.06689110416   -90.273724      0.0672305789    -96.4116128    
 5       100000          0.07341754477   10.29679855     0.07379014143   4.158909775    
 6       120000          0.03933307859   97.0646993      0.03953269536   90.92681053    
 7       140000          0.01001888202   112.9433038     0.01006972821   106.805415     
 8       160000          0.0170852651    135.8387281     0.01717197342   129.7008393    
 9       180000          0.01094745837   -164.760672     0.01100301712   -170.898561    

Doing analysis at TEMP = 27.000000 and TNOM = 27.000000

Using SPARSE 1.3 as Direct Linear Solver

No. of Data Rows : 1
h1k = 3.1670373002e-01
Doing analysis at TEMP = 27.000000 and TNOM = 27.000000

Using SPARSE 1.3 as Direct Linear Solver

No. of Data Rows : 1
h20k = 3.2134063731e-01
Doing analysis at TEMP = 27.000000 and TNOM = 27.000000

Using SPARSE 1.3 as Direct Linear Solver

No. of Data Rows : 1
mag(v(ain)) = 3.3531306241e-01
Doing analysis at TEMP = 27.000000 and TNOM = 27.000000

Using SPARSE 1.3 as Direct Linear Solver

No. of Data Rows : 61
zmin = 7.9277642768e+05
Doing analysis at TEMP = 27.000000 and TNOM = 27.000000

Using SPARSE 1.3 as Direct Linear Solver

No. of Data Rows : 1
cvcs1k = 3.1699403183e-01
Doing analysis at TEMP = 27.000000 and TNOM = 27.000000

Using SPARSE 1.3 as Direct Linear Solver

No. of Data Rows : 1
cvcs20k = 3.2124564430e-01
Doing analysis at TEMP = 27.000000 and TNOM = 27.000000

Using SPARSE 1.3 as Direct Linear Solver

No. of Data Rows : 1
cvcp1k = 3.1670514840e-01
Doing analysis at TEMP = 27.000000 and TNOM = 27.000000

Using SPARSE 1.3 as Direct Linear Solver

No. of Data Rows : 1
cvcp20k = 3.2134115414e-01
L47B1_CASO d=0.5000
Doing analysis at TEMP = 27.000000 and TNOM = 27.000000

Using SPARSE 1.3 as Direct Linear Solver

Initial Transient Solution
--------------------------

Node                                   Voltage
----                                   -------
vsn                                          0
srcx                              -1.69632e-05
ain                                   -2.80118
gs                                    -7.75546
gp                                    -7.75545
csf                                    -13.729
cpf                                    -13.729
cs                                         -15
cp                                         -15
vcp#branch                         1.27097e-05
vcs#branch                         1.27097e-05
vsrc#branch                       -1.13088e-05


No. of Data Rows : 4001
Fourier analysis for v(vsn):
  No. Harmonics: 10, THD: 1.82423e-10 %, Gridsize: 8192, Interpolation Degree: 1, No. Periods: 1

Harmonic Frequency       Magnitude       Phase           Norm. Mag       Norm. Phase    
-------- ---------       ---------       -----           ---------       -----------    
 0       0               -1.22454477e-12 0               0               0              
 1       1000            3.81799686      -3.71591613e-11 1               0              
 2       2000            2.459847601e-12 -89.4460182     6.4427701e-13   -89.4460182    
 3       3000            2.468423083e-12 -89.8027962     6.465230783e-13 -89.8027962    
 4       4000            2.490441226e-12 -88.3667386     6.522900143e-13 -88.3667386    
 5       5000            2.480985163e-12 -88.9950906     6.498133063e-13 -88.9950906    
 6       6000            2.441255333e-12 -89.3827447     6.394073705e-13 -89.3827447    
 7       7000            2.434110817e-12 -88.6304784     6.375360972e-13 -88.6304784    
 8       8000            2.463075865e-12 -87.6315719     6.451225487e-13 -87.6315719    
 9       9000            2.461053183e-12 -87.6257769     6.44592773e-13  -87.6257769    

Fourier analysis for v(ain):
  No. Harmonics: 10, THD: 41.0649 %, Gridsize: 8192, Interpolation Degree: 1, No. Periods: 1

Harmonic Frequency       Magnitude       Phase           Norm. Mag       Norm. Phase    
-------- ---------       ---------       -----           ---------       -----------    
 0       0               -2.44251702     0               0               0              
 1       1000            0.6176491844    0.1933850548    1               0              
 2       2000            0.2452899822    -89.6139795     0.3971347949    -89.8073646    
 3       3000            0.008938264038  179.467751      0.01447142531   179.2743659    
 4       4000            0.05888960272   -89.2394632     0.09534474294   -89.4328483    
 5       5000            0.008136377416  0.5229685692    0.01317313715   0.3295835144   
 6       6000            0.01377579602   -88.2117362     0.02230359299   -88.4051213    
 7       7000            0.006480667716  -179.77392      0.01049247353   -179.967305    
 8       8000            0.0171418707    -88.7264216     0.02775340944   -88.9198066    
 9       9000            0.005000776898  0.5536599191    0.008096468067  0.3602748643   

Doing analysis at TEMP = 27.000000 and TNOM = 27.000000

Using SPARSE 1.3 as Direct Linear Solver

Initial Transient Solution
--------------------------

Node                                   Voltage
----                                   -------
vsn                                          0
srcx                              -1.69632e-05
ain                                   -2.80118
gs                                    -7.75546
gp                                    -7.75545
csf                                    -13.729
cpf                                    -13.729
cs                                         -15
cp                                         -15
vcp#branch                         1.27097e-05
vcs#branch                         1.27097e-05
vsrc#branch                       -1.13088e-05


No. of Data Rows : 4001
Fourier analysis for v(vsn):
  No. Harmonics: 10, THD: 1.83239e-10 %, Gridsize: 8192, Interpolation Degree: 1, No. Periods: 1

Harmonic Frequency       Magnitude       Phase           Norm. Mag       Norm. Phase    
-------- ---------       ---------       -----           ---------       -----------    
 0       0               -1.22047511e-12 0               0               0              
 1       20000           3.81799686      -3.74644408e-11 1               0              
 2       40000           2.441485255e-12 -87.6909717     6.394675912e-13 -87.6909717    
 3       60000           2.482056324e-12 -88.0223523     6.50093862e-13  -88.0223523    
 4       80000           2.495568762e-12 -90.579458      6.536330055e-13 -90.579458     
 5       100000          2.488585988e-12 -87.9105573     6.51804095e-13  -87.9105573    
 6       120000          2.563165169e-12 -87.4528109     6.713376838e-13 -87.4528109    
 7       140000          2.462392976e-12 -88.6343298     6.449436882e-13 -88.6343298    
 8       160000          2.443844329e-12 -90.6396608     6.400854739e-13 -90.6396608    
 9       180000          2.407716348e-12 -87.4077148     6.306229252e-13 -87.4077148    

Fourier analysis for v(ain):
  No. Harmonics: 10, THD: 42.5993 %, Gridsize: 8192, Interpolation Degree: 1, No. Periods: 1

Harmonic Frequency       Magnitude       Phase           Norm. Mag       Norm. Phase    
-------- ---------       ---------       -----           ---------       -----------    
 0       0               -2.44335759     0               0               0              
 1       20000           0.6223963953    6.422292921     1               0              
 2       40000           0.2553662386    -77.7650266     0.410295176     -84.1873195    
 3       60000           0.006998414693  164.6711964     0.01124430467   158.2489035    
 4       80000           0.06363881099   -68.5686884     0.1022480392    -74.9909813    
 5       100000          0.007698639494  10.62960753     0.01236935103   4.207314607    
 6       120000          0.02057420966   -48.6872362     0.0330564409    -55.1095291    
 7       140000          0.006343377919  175.7231601     0.0101918616    169.3008672    
 8       160000          0.02080092241   -62.7821929     0.03342069873   -69.2044858    
 9       180000          0.005578806647  0.1844207765    0.008963430202  -6.23787214    

Doing analysis at TEMP = 27.000000 and TNOM = 27.000000

Using SPARSE 1.3 as Direct Linear Solver

No. of Data Rows : 1
h1k = 1.5923126674e-01
Doing analysis at TEMP = 27.000000 and TNOM = 27.000000

Using SPARSE 1.3 as Direct Linear Solver

No. of Data Rows : 1
h20k = 1.6144619961e-01
Doing analysis at TEMP = 27.000000 and TNOM = 27.000000

Using SPARSE 1.3 as Direct Linear Solver

No. of Data Rows : 1
mag(v(ain)) = 1.6859250195e-01
Doing analysis at TEMP = 27.000000 and TNOM = 27.000000

Using SPARSE 1.3 as Direct Linear Solver

No. of Data Rows : 61
zmin = 4.8881721752e+04
Doing analysis at TEMP = 27.000000 and TNOM = 27.000000

Using SPARSE 1.3 as Direct Linear Solver

No. of Data Rows : 1
cvcs1k = 1.5937853580e-01
Doing analysis at TEMP = 27.000000 and TNOM = 27.000000

Using SPARSE 1.3 as Direct Linear Solver

No. of Data Rows : 1
cvcs20k = 1.6139963364e-01
Doing analysis at TEMP = 27.000000 and TNOM = 27.000000

Using SPARSE 1.3 as Direct Linear Solver

No. of Data Rows : 1
cvcp1k = 1.5937857248e-01
Doing analysis at TEMP = 27.000000 and TNOM = 27.000000

Using SPARSE 1.3 as Direct Linear Solver

No. of Data Rows : 1
cvcp20k = 1.6139962687e-01
L47B1_CASO d=0.5250
Doing analysis at TEMP = 27.000000 and TNOM = 27.000000

Using SPARSE 1.3 as Direct Linear Solver

Initial Transient Solution
--------------------------

Node                                   Voltage
----                                   -------
vsn                                          0
srcx                              -1.14545e-05
ain                                   -2.35393
gs                                    -7.63633
gp                                    -7.28586
csf                                   -13.7081
cpf                                   -13.0282
cs                                         -15
cp                                      -14.25
vcp#branch                         1.22178e-05
vcs#branch                         1.29187e-05
vsrc#branch                       -7.63632e-06


No. of Data Rows : 4001
Fourier analysis for v(vsn):
  No. Harmonics: 10, THD: 1.82423e-10 %, Gridsize: 8192, Interpolation Degree: 1, No. Periods: 1

Harmonic Frequency       Magnitude       Phase           Norm. Mag       Norm. Phase    
-------- ---------       ---------       -----           ---------       -----------    
 0       0               -1.22454477e-12 0               0               0              
 1       1000            3.81799686      -3.71591613e-11 1               0              
 2       2000            2.459847601e-12 -89.4460182     6.4427701e-13   -89.4460182    
 3       3000            2.468423083e-12 -89.8027962     6.465230783e-13 -89.8027962    
 4       4000            2.490441226e-12 -88.3667386     6.522900143e-13 -88.3667386    
 5       5000            2.480985163e-12 -88.9950906     6.498133063e-13 -88.9950906    
 6       6000            2.441255333e-12 -89.3827447     6.394073705e-13 -89.3827447    
 7       7000            2.434110817e-12 -88.6304784     6.375360972e-13 -88.6304784    
 8       8000            2.463075865e-12 -87.6315719     6.451225487e-13 -87.6315719    
 9       9000            2.461053183e-12 -87.6257769     6.44592773e-13  -87.6257769    

Fourier analysis for v(ain):
  No. Harmonics: 10, THD: 57.8485 %, Gridsize: 8192, Interpolation Degree: 1, No. Periods: 1

Harmonic Frequency       Magnitude       Phase           Norm. Mag       Norm. Phase    
-------- ---------       ---------       -----           ---------       -----------    
 0       0               -2.18419703     0               0               0              
 1       1000            0.357194456     0.1787726892    1               0              
 2       2000            0.1717264159    -89.5604783     0.4807645051    -89.739251     
 3       3000            0.1040329382    -179.543116     0.2912501479    -179.721889    
 4       4000            0.03101651339   -89.7315384     0.08683369202   -89.9103111    
 5       5000            0.006109039145  -175.569642     0.01710283864   -175.748415    
 6       6000            0.02989801231   90.63629586     0.0837023414    90.45752317    
 7       7000            0.02034104575   -179.389535     0.05694670063   -179.568308    
 8       8000            0.0005120844252 127.6209044     0.001433629264  127.4421317    
 9       9000            0.008745793648  0.4548351894    0.02448468474   0.2760625001   

Doing analysis at TEMP = 27.000000 and TNOM = 27.000000

Using SPARSE 1.3 as Direct Linear Solver

Initial Transient Solution
--------------------------

Node                                   Voltage
----                                   -------
vsn                                          0
srcx                              -1.14545e-05
ain                                   -2.35393
gs                                    -7.63633
gp                                    -7.28586
csf                                   -13.7081
cpf                                   -13.0282
cs                                         -15
cp                                      -14.25
vcp#branch                         1.22178e-05
vcs#branch                         1.29187e-05
vsrc#branch                       -7.63632e-06


No. of Data Rows : 4001
Fourier analysis for v(vsn):
  No. Harmonics: 10, THD: 1.83239e-10 %, Gridsize: 8192, Interpolation Degree: 1, No. Periods: 1

Harmonic Frequency       Magnitude       Phase           Norm. Mag       Norm. Phase    
-------- ---------       ---------       -----           ---------       -----------    
 0       0               -1.22047511e-12 0               0               0              
 1       20000           3.81799686      -3.74644408e-11 1               0              
 2       40000           2.441485255e-12 -87.6909717     6.394675912e-13 -87.6909717    
 3       60000           2.482056324e-12 -88.0223523     6.50093862e-13  -88.0223523    
 4       80000           2.495568762e-12 -90.579458      6.536330055e-13 -90.579458     
 5       100000          2.488585988e-12 -87.9105573     6.51804095e-13  -87.9105573    
 6       120000          2.563165169e-12 -87.4528109     6.713376838e-13 -87.4528109    
 7       140000          2.462392976e-12 -88.6343298     6.449436882e-13 -88.6343298    
 8       160000          2.443844329e-12 -90.6396608     6.400854739e-13 -90.6396608    
 9       180000          2.407716348e-12 -87.4077148     6.306229252e-13 -87.4077148    

Fourier analysis for v(ain):
  No. Harmonics: 10, THD: 60.9245 %, Gridsize: 8192, Interpolation Degree: 1, No. Periods: 1

Harmonic Frequency       Magnitude       Phase           Norm. Mag       Norm. Phase    
-------- ---------       ---------       -----           ---------       -----------    
 0       0               -2.18292567     0               0               0              
 1       20000           0.3578530612    6.072713888     1               0              
 2       40000           0.1820255208    -76.5752156     0.5086599515    -82.6479295    
 3       60000           0.1065137101    -166.888643     0.297646497     -172.961356    
 4       80000           0.03148005202   -82.6448257     0.0879692126    -88.7175396    
 5       100000          0.0165663782    -115.730693     0.04629380045   -121.803407    
 6       120000          0.03248473386   101.1451214     0.09077673879   95.07240753    
 7       140000          0.02300685434   -171.326484     0.06429134423   -177.399197    
 8       160000          0.01045657157   178.1610794     0.02922029377   172.0883655    
 9       180000          0.009746991104  -3.90613264     0.02723741155   -9.97884653    

Doing analysis at TEMP = 27.000000 and TNOM = 27.000000

Using SPARSE 1.3 as Direct Linear Solver

No. of Data Rows : 1
h1k = 1.3649366635e-03
Doing analysis at TEMP = 27.000000 and TNOM = 27.000000

Using SPARSE 1.3 as Direct Linear Solver

No. of Data Rows : 1
h20k = 1.4947953691e-03
Doing analysis at TEMP = 27.000000 and TNOM = 27.000000

Using SPARSE 1.3 as Direct Linear Solver

No. of Data Rows : 1
mag(v(ain)) = 1.4448754405e-03
Doing analysis at TEMP = 27.000000 and TNOM = 27.000000

Using SPARSE 1.3 as Direct Linear Solver

No. of Data Rows : 61
zmin = 1.3016581342e+06
Doing analysis at TEMP = 27.000000 and TNOM = 27.000000

Using SPARSE 1.3 as Direct Linear Solver

No. of Data Rows : 1
cvcs1k = 1.3661971317e-03
Doing analysis at TEMP = 27.000000 and TNOM = 27.000000

Using SPARSE 1.3 as Direct Linear Solver

No. of Data Rows : 1
cvcs20k = 1.4943613603e-03
Doing analysis at TEMP = 27.000000 and TNOM = 27.000000

Using SPARSE 1.3 as Direct Linear Solver

No. of Data Rows : 1
cvcp1k = 1.0789042379e-02
Doing analysis at TEMP = 27.000000 and TNOM = 27.000000

Using SPARSE 1.3 as Direct Linear Solver

No. of Data Rows : 1
cvcp20k = 1.2905009876e-03
L47B1_CASO d=0.5500
Doing analysis at TEMP = 27.000000 and TNOM = 27.000000

Using SPARSE 1.3 as Direct Linear Solver

Initial Transient Solution
--------------------------

Node                                   Voltage
----                                   -------
vsn                                          0
srcx                              -1.12655e-05
ain                                   -1.88101
gs                                    -7.51036
gp                                    -6.80942
csf                                    -13.686
cpf                                   -12.3262
cs                                         -15
cp                                       -13.5
vcp#branch                         1.17379e-05
vcs#branch                         1.31397e-05
vsrc#branch                       -7.51036e-06

 Reference value :  2.64464e-03
No. of Data Rows : 4001
Fourier analysis for v(vsn):
  No. Harmonics: 10, THD: 1.82423e-10 %, Gridsize: 8192, Interpolation Degree: 1, No. Periods: 1

Harmonic Frequency       Magnitude       Phase           Norm. Mag       Norm. Phase    
-------- ---------       ---------       -----           ---------       -----------    
 0       0               -1.22454477e-12 0               0               0              
 1       1000            3.81799686      -3.71591613e-11 1               0              
 2       2000            2.459847601e-12 -89.4460182     6.4427701e-13   -89.4460182    
 3       3000            2.468423083e-12 -89.8027962     6.465230783e-13 -89.8027962    
 4       4000            2.490441226e-12 -88.3667386     6.522900143e-13 -88.3667386    
 5       5000            2.480985163e-12 -88.9950906     6.498133063e-13 -88.9950906    
 6       6000            2.441255333e-12 -89.3827447     6.394073705e-13 -89.3827447    
 7       7000            2.434110817e-12 -88.6304784     6.375360972e-13 -88.6304784    
 8       8000            2.463075865e-12 -87.6315719     6.451225487e-13 -87.6315719    
 9       9000            2.461053183e-12 -87.6257769     6.44592773e-13  -87.6257769    

Fourier analysis for v(ain):
  No. Harmonics: 10, THD: 78.8024 %, Gridsize: 8192, Interpolation Degree: 1, No. Periods: 1

Harmonic Frequency       Magnitude       Phase           Norm. Mag       Norm. Phase    
-------- ---------       ---------       -----           ---------       -----------    
 0       0               -1.86834817     0               0               0              
 1       1000            0.1529994792    0.1354742547    1               0              
 2       2000            0.01316030988   -88.0626088     0.08601539005   -88.198083     
 3       3000            0.1052803801    -179.671026     0.6881094017    -179.8065      
 4       4000            0.009684836161  -92.4000174     0.06329979824   -92.5354917    
 5       5000            0.04936777226   0.3677313988    0.3226662766    0.2322571442   
 6       6000            0.02097579927   89.91680845     0.137097194     89.78133419    
 7       7000            0.0107018714    179.4164478     0.06994711003   179.2809736    
 8       8000            0.01351557922   -89.3735106     0.0883374198    -89.5089848    
 9       9000            0.003341270232  -176.588228     0.02183844187   -176.723702    

Doing analysis at TEMP = 27.000000 and TNOM = 27.000000

Using SPARSE 1.3 as Direct Linear Solver

Initial Transient Solution
--------------------------

Node                                   Voltage
----                                   -------
vsn                                          0
srcx                              -1.12655e-05
ain                                   -1.88101
gs                                    -7.51036
gp                                    -6.80942
csf                                    -13.686
cpf                                   -12.3262
cs                                         -15
cp                                       -13.5
vcp#branch                         1.17379e-05
vcs#branch                         1.31397e-05
vsrc#branch                       -7.51036e-06


No. of Data Rows : 4001
Fourier analysis for v(vsn):
  No. Harmonics: 10, THD: 1.83239e-10 %, Gridsize: 8192, Interpolation Degree: 1, No. Periods: 1

Harmonic Frequency       Magnitude       Phase           Norm. Mag       Norm. Phase    
-------- ---------       ---------       -----           ---------       -----------    
 0       0               -1.22047511e-12 0               0               0              
 1       20000           3.81799686      -3.74644408e-11 1               0              
 2       40000           2.441485255e-12 -87.6909717     6.394675912e-13 -87.6909717    
 3       60000           2.482056324e-12 -88.0223523     6.50093862e-13  -88.0223523    
 4       80000           2.495568762e-12 -90.579458      6.536330055e-13 -90.579458     
 5       100000          2.488585988e-12 -87.9105573     6.51804095e-13  -87.9105573    
 6       120000          2.563165169e-12 -87.4528109     6.713376838e-13 -87.4528109    
 7       140000          2.462392976e-12 -88.6343298     6.449436882e-13 -88.6343298    
 8       160000          2.443844329e-12 -90.6396608     6.400854739e-13 -90.6396608    
 9       180000          2.407716348e-12 -87.4077148     6.306229252e-13 -87.4077148    

Fourier analysis for v(ain):
  No. Harmonics: 10, THD: 84.7275 %, Gridsize: 8192, Interpolation Degree: 1, No. Periods: 1

Harmonic Frequency       Magnitude       Phase           Norm. Mag       Norm. Phase    
-------- ---------       ---------       -----           ---------       -----------    
 0       0               -1.86566187     0               0               0              
 1       20000           0.1502798019    4.70668106      1               0              
 2       40000           0.02242372408   -50.5855695     0.1492131597    -55.2922505    
 3       60000           0.1077094224    -170.79674      0.7167258739    -175.503421    
 4       80000           0.01682297064   -146.808901     0.1119443227    -151.515582    
 5       100000          0.05278559946   6.412810503     0.3512487958    1.706129443    
 6       120000          0.02380422792   79.2720505      0.1583993831    74.56536944    
 7       140000          0.01342004294   150.1735893     0.08930037685   145.4669083    
 8       160000          0.0151653347    -84.357866      0.1009139918    -89.0645471    
 9       180000          0.007893685898  -127.9233       0.05252659238   -132.629982    

Doing analysis at TEMP = 27.000000 and TNOM = 27.000000

Using SPARSE 1.3 as Direct Linear Solver

No. of Data Rows : 1
h1k = 1.3012032135e-03
Doing analysis at TEMP = 27.000000 and TNOM = 27.000000

Using SPARSE 1.3 as Direct Linear Solver

No. of Data Rows : 1
h20k = 1.4208901478e-03
Doing analysis at TEMP = 27.000000 and TNOM = 27.000000

Using SPARSE 1.3 as Direct Linear Solver

No. of Data Rows : 1
mag(v(ain)) = 1.3774259684e-03
Doing analysis at TEMP = 27.000000 and TNOM = 27.000000

Using SPARSE 1.3 as Direct Linear Solver

No. of Data Rows : 61
zmin = 1.3015008071e+06
Doing analysis at TEMP = 27.000000 and TNOM = 27.000000

Using SPARSE 1.3 as Direct Linear Solver

No. of Data Rows : 1
cvcs1k = 1.3024020685e-03
Doing analysis at TEMP = 27.000000 and TNOM = 27.000000

Using SPARSE 1.3 as Direct Linear Solver

No. of Data Rows : 1
cvcs20k = 1.4204748564e-03
Doing analysis at TEMP = 27.000000 and TNOM = 27.000000

Using SPARSE 1.3 as Direct Linear Solver

No. of Data Rows : 1
cvcp1k = 1.0787008684e-02
Doing analysis at TEMP = 27.000000 and TNOM = 27.000000

Using SPARSE 1.3 as Direct Linear Solver

No. of Data Rows : 1
cvcp20k = 1.2236445865e-03
L47B1_CASO d=0.5750
Doing analysis at TEMP = 27.000000 and TNOM = 27.000000

Using SPARSE 1.3 as Direct Linear Solver

Initial Transient Solution
--------------------------

Node                                   Voltage
----                                   -------
vsn                                          0
srcx                              -1.10765e-05
ain                                   -1.40789
gs                                    -7.38434
gp                                    -6.33294
csf                                   -13.6639
cpf                                   -11.6242
cs                                         -15
cp                                      -12.75
vcp#branch                          1.1258e-05
vcs#branch                         1.33608e-05
vsrc#branch                       -7.38434e-06


No. of Data Rows : 4001
Fourier analysis for v(vsn):
  No. Harmonics: 10, THD: 1.82423e-10 %, Gridsize: 8192, Interpolation Degree: 1, No. Periods: 1

Harmonic Frequency       Magnitude       Phase           Norm. Mag       Norm. Phase    
-------- ---------       ---------       -----           ---------       -----------    
 0       0               -1.22454477e-12 0               0               0              
 1       1000            3.81799686      -3.71591613e-11 1               0              
 2       2000            2.459847601e-12 -89.4460182     6.4427701e-13   -89.4460182    
 3       3000            2.468423083e-12 -89.8027962     6.465230783e-13 -89.8027962    
 4       4000            2.490441226e-12 -88.3667386     6.522900143e-13 -88.3667386    
 5       5000            2.480985163e-12 -88.9950906     6.498133063e-13 -88.9950906    
 6       6000            2.441255333e-12 -89.3827447     6.394073705e-13 -89.3827447    
 7       7000            2.434110817e-12 -88.6304784     6.375360972e-13 -88.6304784    
 8       8000            2.463075865e-12 -87.6315719     6.451225487e-13 -87.6315719    
 9       9000            2.461053183e-12 -87.6257769     6.44592773e-13  -87.6257769    

Fourier analysis for v(ain):
  No. Harmonics: 10, THD: 134.278 %, Gridsize: 8192, Interpolation Degree: 1, No. Periods: 1

Harmonic Frequency       Magnitude       Phase           Norm. Mag       Norm. Phase    
-------- ---------       ---------       -----           ---------       -----------    
 0       0               -1.46061215     0               0               0              
 1       1000            0.1060197436    0.05143849298   1               0              
 2       2000            0.09155333634   90.01169501     0.8635498748    89.96025652    
 3       3000            0.07705167634   -179.953624     0.7267672389    -180.005063    
 4       4000            0.05950568702   -89.9356737     0.5612698634    -89.9871122    
 5       5000            0.04114223158   0.04416886836   0.3880619796    -0.00726962463 
 6       6000            0.02405113127   89.97665598     0.2268552106    89.92521749    
 7       7000            0.009925801411  179.7917217     0.09362219782   179.7402832    
 8       8000            0.000213425666  104.2343271     0.002013074723  104.1828886    
 9       9000            0.006088745606  -179.420855     0.05743029928   -179.472294    

Doing analysis at TEMP = 27.000000 and TNOM = 27.000000

Using SPARSE 1.3 as Direct Linear Solver

Initial Transient Solution
--------------------------

Node                                   Voltage
----                                   -------
vsn                                          0
srcx                              -1.10765e-05
ain                                   -1.40789
gs                                    -7.38434
gp                                    -6.33294
csf                                   -13.6639
cpf                                   -11.6242
cs                                         -15
cp                                      -12.75
vcp#branch                          1.1258e-05
vcs#branch                         1.33608e-05
vsrc#branch                       -7.38434e-06


No. of Data Rows : 4001
Fourier analysis for v(vsn):
  No. Harmonics: 10, THD: 1.83239e-10 %, Gridsize: 8192, Interpolation Degree: 1, No. Periods: 1

Harmonic Frequency       Magnitude       Phase           Norm. Mag       Norm. Phase    
-------- ---------       ---------       -----           ---------       -----------    
 0       0               -1.22047511e-12 0               0               0              
 1       20000           3.81799686      -3.74644408e-11 1               0              
 2       40000           2.441485255e-12 -87.6909717     6.394675912e-13 -87.6909717    
 3       60000           2.482056324e-12 -88.0223523     6.50093862e-13  -88.0223523    
 4       80000           2.495568762e-12 -90.579458      6.536330055e-13 -90.579458     
 5       100000          2.488585988e-12 -87.9105573     6.51804095e-13  -87.9105573    
 6       120000          2.563165169e-12 -87.4528109     6.713376838e-13 -87.4528109    
 7       140000          2.462392976e-12 -88.6343298     6.449436882e-13 -88.6343298    
 8       160000          2.443844329e-12 -90.6396608     6.400854739e-13 -90.6396608    
 9       180000          2.407716348e-12 -87.4077148     6.306229252e-13 -87.4077148    

Fourier analysis for v(ain):
  No. Harmonics: 10, THD: 142.336 %, Gridsize: 8192, Interpolation Degree: 1, No. Periods: 1

Harmonic Frequency       Magnitude       Phase           Norm. Mag       Norm. Phase    
-------- ---------       ---------       -----           ---------       -----------    
 0       0               -1.45742948     0               0               0              
 1       20000           0.1012629144    1.820839382     1               0              
 2       40000           0.08930140337   90.47204128     0.8818766861    88.6512019     
 3       60000           0.0775891712    179.8309849     0.7662150715    178.0101455    
 4       80000           0.06215602568   -91.8539417     0.6138083824    -93.6747811    
 5       100000          0.04457023408   -4.85598146     0.4401437026    -6.67682085    
 6       120000          0.02687983034   79.99757583     0.2654459483    78.17673645    
 7       140000          0.01134493581   158.3927866     0.1120344588    156.5719472    
 8       160000          0.002775097021  148.7023424     0.02740487016   146.881503     
 9       180000          0.008416683789  179.2092029     0.08311713957   177.3883635    

Doing analysis at TEMP = 27.000000 and TNOM = 27.000000

Using SPARSE 1.3 as Direct Linear Solver

No. of Data Rows : 1
h1k = 1.2458335454e-03
Doing analysis at TEMP = 27.000000 and TNOM = 27.000000

Using SPARSE 1.3 as Direct Linear Solver

No. of Data Rows : 1
h20k = 1.3568939673e-03
Doing analysis at TEMP = 27.000000 and TNOM = 27.000000

Using SPARSE 1.3 as Direct Linear Solver

No. of Data Rows : 1
mag(v(ain)) = 1.3188269030e-03
Doing analysis at TEMP = 27.000000 and TNOM = 27.000000

Using SPARSE 1.3 as Direct Linear Solver

No. of Data Rows : 61
zmin = 1.3013261158e+06
Doing analysis at TEMP = 27.000000 and TNOM = 27.000000

Using SPARSE 1.3 as Direct Linear Solver

No. of Data Rows : 1
cvcs1k = 1.2469786880e-03
Doing analysis at TEMP = 27.000000 and TNOM = 27.000000

Using SPARSE 1.3 as Direct Linear Solver

No. of Data Rows : 1
cvcs20k = 1.3564947097e-03
Doing analysis at TEMP = 27.000000 and TNOM = 27.000000

Using SPARSE 1.3 as Direct Linear Solver

No. of Data Rows : 1
cvcp1k = 1.0785514086e-02
Doing analysis at TEMP = 27.000000 and TNOM = 27.000000

Using SPARSE 1.3 as Direct Linear Solver

No. of Data Rows : 1
cvcp20k = 1.1662875405e-03
L47B1_CASO d=0.6000
Doing analysis at TEMP = 27.000000 and TNOM = 27.000000

Using SPARSE 1.3 as Direct Linear Solver

Initial Transient Solution
--------------------------

Node                                   Voltage
----                                   -------
vsn                                          0
srcx                              -1.08874e-05
ain                                  -0.934587
gs                                    -7.25828
gp                                    -5.85641
csf                                   -13.6418
cpf                                   -10.9222
cs                                         -15
cp                                         -12
vcp#branch                         1.07782e-05
vcs#branch                          1.3582e-05
vsrc#branch                       -7.25827e-06


No. of Data Rows : 4001
Fourier analysis for v(vsn):
  No. Harmonics: 10, THD: 1.82423e-10 %, Gridsize: 8192, Interpolation Degree: 1, No. Periods: 1

Harmonic Frequency       Magnitude       Phase           Norm. Mag       Norm. Phase    
-------- ---------       ---------       -----           ---------       -----------    
 0       0               -1.22454477e-12 0               0               0              
 1       1000            3.81799686      -3.71591613e-11 1               0              
 2       2000            2.459847601e-12 -89.4460182     6.4427701e-13   -89.4460182    
 3       3000            2.468423083e-12 -89.8027962     6.465230783e-13 -89.8027962    
 4       4000            2.490441226e-12 -88.3667386     6.522900143e-13 -88.3667386    
 5       5000            2.480985163e-12 -88.9950906     6.498133063e-13 -88.9950906    
 6       6000            2.441255333e-12 -89.3827447     6.394073705e-13 -89.3827447    
 7       7000            2.434110817e-12 -88.6304784     6.375360972e-13 -88.6304784    
 8       8000            2.463075865e-12 -87.6315719     6.451225487e-13 -87.6315719    
 9       9000            2.461053183e-12 -87.6257769     6.44592773e-13  -87.6257769    

Fourier analysis for v(ain):
  No. Harmonics: 10, THD: 123.888 %, Gridsize: 8192, Interpolation Degree: 1, No. Periods: 1

Harmonic Frequency       Magnitude       Phase           Norm. Mag       Norm. Phase    
-------- ---------       ---------       -----           ---------       -----------    
 0       0               -1.0107899      0               0               0              
 1       1000            0.1495596227    0.02962807052   1               0              
 2       2000            0.1275128892    90.00769367     0.8525890002    89.9780656     
 3       3000            0.1019478975    -179.960776     0.6816538822    -179.990404    
 4       4000            0.07235672437   -89.9458678     0.4837985216    -89.9754959    
 5       5000            0.0432759278    0.0194010219    0.2893556898    -0.0102270486  
 6       6000            0.0185901821    89.8794538      0.1242994718    89.84982573    
 7       7000            0.0008745798622 176.0473827     0.005847700377  176.0177546    
 8       8000            0.009024380187  90.3784326      0.06033968274   90.34880453    
 9       9000            0.01190792371   -179.769104     0.07961991006   -179.798733    

Doing analysis at TEMP = 27.000000 and TNOM = 27.000000

Using SPARSE 1.3 as Direct Linear Solver

Initial Transient Solution
--------------------------

Node                                   Voltage
----                                   -------
vsn                                          0
srcx                              -1.08874e-05
ain                                  -0.934587
gs                                    -7.25828
gp                                    -5.85641
csf                                   -13.6418
cpf                                   -10.9222
cs                                         -15
cp                                         -12
vcp#branch                         1.07782e-05
vcs#branch                          1.3582e-05
vsrc#branch                       -7.25827e-06


No. of Data Rows : 4001
Fourier analysis for v(vsn):
  No. Harmonics: 10, THD: 1.83239e-10 %, Gridsize: 8192, Interpolation Degree: 1, No. Periods: 1

Harmonic Frequency       Magnitude       Phase           Norm. Mag       Norm. Phase    
-------- ---------       ---------       -----           ---------       -----------    
 0       0               -1.22047511e-12 0               0               0              
 1       20000           3.81799686      -3.74644408e-11 1               0              
 2       40000           2.441485255e-12 -87.6909717     6.394675912e-13 -87.6909717    
 3       60000           2.482056324e-12 -88.0223523     6.50093862e-13  -88.0223523    
 4       80000           2.495568762e-12 -90.579458      6.536330055e-13 -90.579458     
 5       100000          2.488585988e-12 -87.9105573     6.51804095e-13  -87.9105573    
 6       120000          2.563165169e-12 -87.4528109     6.713376838e-13 -87.4528109    
 7       140000          2.462392976e-12 -88.6343298     6.449436882e-13 -88.6343298    
 8       160000          2.443844329e-12 -90.6396608     6.400854739e-13 -90.6396608    
 9       180000          2.407716348e-12 -87.4077148     6.306229252e-13 -87.4077148    

Fourier analysis for v(ain):
  No. Harmonics: 10, THD: 130.407 %, Gridsize: 8192, Interpolation Degree: 1, No. Periods: 1

Harmonic Frequency       Magnitude       Phase           Norm. Mag       Norm. Phase    
-------- ---------       ---------       -----           ---------       -----------    
 0       0               -1.00706375     0               0               0              
 1       20000           0.1444789011    1.209840577     1               0              
 2       40000           0.1258715718    90.14590171     0.8712107501    88.93606113    
 3       60000           0.1038414366    179.2459455     0.718730803     178.0361049    
 4       80000           0.07635737445   -92.820732      0.5285019048    -94.0305726    
 5       100000          0.04723814145   -6.6323427      0.326955293     -7.84218328    
 6       120000          0.02082916391   75.15512368     0.1441675134    73.94528311    
 7       140000          0.003183629433  86.22522331     0.02203525503   85.01538273    
 8       160000          0.01181925615   89.19858359     0.08180610499   87.98874301    
 9       180000          0.01504209214   167.7174747     0.1041127253    166.5076341    

Doing analysis at TEMP = 27.000000 and TNOM = 27.000000

Using SPARSE 1.3 as Direct Linear Solver

No. of Data Rows : 1
h1k = 1.1971537718e-03
Doing analysis at TEMP = 27.000000 and TNOM = 27.000000

Using SPARSE 1.3 as Direct Linear Solver

No. of Data Rows : 1
h20k = 1.3008174014e-03
Doing analysis at TEMP = 27.000000 and TNOM = 27.000000

Using SPARSE 1.3 as Direct Linear Solver

No. of Data Rows : 1
mag(v(ain)) = 1.2673070531e-03
Doing analysis at TEMP = 27.000000 and TNOM = 27.000000

Using SPARSE 1.3 as Direct Linear Solver

No. of Data Rows : 61
zmin = 1.3011350834e+06
Doing analysis at TEMP = 27.000000 and TNOM = 27.000000

Using SPARSE 1.3 as Direct Linear Solver

No. of Data Rows : 1
cvcs1k = 1.1982515194e-03
Doing analysis at TEMP = 27.000000 and TNOM = 27.000000

Using SPARSE 1.3 as Direct Linear Solver

No. of Data Rows : 1
cvcs20k = 1.3004320309e-03
Doing analysis at TEMP = 27.000000 and TNOM = 27.000000

Using SPARSE 1.3 as Direct Linear Solver

No. of Data Rows : 1
cvcp1k = 1.0784402157e-02
Doing analysis at TEMP = 27.000000 and TNOM = 27.000000

Using SPARSE 1.3 as Direct Linear Solver

No. of Data Rows : 1
cvcp20k = 1.1164556335e-03
L47B1_CASO d=0.6250
Doing analysis at TEMP = 27.000000 and TNOM = 27.000000

Using SPARSE 1.3 as Direct Linear Solver

Initial Transient Solution
--------------------------

Node                                   Voltage
----                                   -------
vsn                                          0
srcx                              -1.06982e-05
ain                                  -0.461129
gs                                    -7.13217
gp                                    -5.37983
csf                                   -13.6197
cpf                                   -10.2201
cs                                         -15
cp                                      -11.25
vcp#branch                         1.02985e-05
vcs#branch                         1.38032e-05
vsrc#branch                       -7.13217e-06


No. of Data Rows : 4001
Fourier analysis for v(vsn):
  No. Harmonics: 10, THD: 1.82423e-10 %, Gridsize: 8192, Interpolation Degree: 1, No. Periods: 1

Harmonic Frequency       Magnitude       Phase           Norm. Mag       Norm. Phase    
-------- ---------       ---------       -----           ---------       -----------    
 0       0               -1.22454477e-12 0               0               0              
 1       1000            3.81799686      -3.71591613e-11 1               0              
 2       2000            2.459847601e-12 -89.4460182     6.4427701e-13   -89.4460182    
 3       3000            2.468423083e-12 -89.8027962     6.465230783e-13 -89.8027962    
 4       4000            2.490441226e-12 -88.3667386     6.522900143e-13 -88.3667386    
 5       5000            2.480985163e-12 -88.9950906     6.498133063e-13 -88.9950906    
 6       6000            2.441255333e-12 -89.3827447     6.394073705e-13 -89.3827447    
 7       7000            2.434110817e-12 -88.6304784     6.375360972e-13 -88.6304784    
 8       8000            2.463075865e-12 -87.6315719     6.451225487e-13 -87.6315719    
 9       9000            2.461053183e-12 -87.6257769     6.44592773e-13  -87.6257769    

Fourier analysis for v(ain):
  No. Harmonics: 10, THD: 114.991 %, Gridsize: 8192, Interpolation Degree: 1, No. Periods: 1

Harmonic Frequency       Magnitude       Phase           Norm. Mag       Norm. Phase    
-------- ---------       ---------       -----           ---------       -----------    
 0       0               -0.563750569    0               0               0              
 1       1000            0.1978475128    0.01734277337   1               0              
 2       2000            0.1653275944    90.0056555      0.8356314012    89.98831273    
 3       3000            0.1252043978    -179.964351     0.6328328117    -179.981694    
 4       4000            0.0808221762    -89.9510223     0.4085074159    -89.9683651    
 5       5000            0.04008368498   -0.00471500258  0.2025988824    -0.022057776   
 6       6000            0.008986346819  89.58767823     0.04542057007   89.57033545    
 7       7000            0.009550953027  0.4328651091    0.04827431435   0.4155223357   
 8       8000            0.01600059829   90.16998632     0.08087338607   90.15264354    
 9       9000            0.01353019799   -179.931278     0.06838700068   -179.948621    

Doing analysis at TEMP = 27.000000 and TNOM = 27.000000

Using SPARSE 1.3 as Direct Linear Solver

Initial Transient Solution
--------------------------

Node                                   Voltage
----                                   -------
vsn                                          0
srcx                              -1.06982e-05
ain                                  -0.461129
gs                                    -7.13217
gp                                    -5.37983
csf                                   -13.6197
cpf                                   -10.2201
cs                                         -15
cp                                      -11.25
vcp#branch                         1.02985e-05
vcs#branch                         1.38032e-05
vsrc#branch                       -7.13217e-06


No. of Data Rows : 4001
Fourier analysis for v(vsn):
  No. Harmonics: 10, THD: 1.83239e-10 %, Gridsize: 8192, Interpolation Degree: 1, No. Periods: 1

Harmonic Frequency       Magnitude       Phase           Norm. Mag       Norm. Phase    
-------- ---------       ---------       -----           ---------       -----------    
 0       0               -1.22047511e-12 0               0               0              
 1       20000           3.81799686      -3.74644408e-11 1               0              
 2       40000           2.441485255e-12 -87.6909717     6.394675912e-13 -87.6909717    
 3       60000           2.482056324e-12 -88.0223523     6.50093862e-13  -88.0223523    
 4       80000           2.495568762e-12 -90.579458      6.536330055e-13 -90.579458     
 5       100000          2.488585988e-12 -87.9105573     6.51804095e-13  -87.9105573    
 6       120000          2.563165169e-12 -87.4528109     6.713376838e-13 -87.4528109    
 7       140000          2.462392976e-12 -88.6343298     6.449436882e-13 -88.6343298    
 8       160000          2.443844329e-12 -90.6396608     6.400854739e-13 -90.6396608    
 9       180000          2.407716348e-12 -87.4077148     6.306229252e-13 -87.4077148    

Fourier analysis for v(ain):
  No. Harmonics: 10, THD: 120.414 %, Gridsize: 8192, Interpolation Degree: 1, No. Periods: 1

Harmonic Frequency       Magnitude       Phase           Norm. Mag       Norm. Phase    
-------- ---------       ---------       -----           ---------       -----------    
 0       0               -0.559530521    0               0               0              
 1       20000           0.1926433865    0.8367135452    1               0              
 2       40000           0.1645316756    89.89883725     0.8540738333    89.06212371    
 3       60000           0.1285307429    178.7864474     0.6671952002    177.9497338    
 4       80000           0.08587155978   -93.6556135     0.4457539982    -94.492327     
 5       100000          0.04393058697   -8.58136332     0.2280409816    -9.41807687    
 6       120000          0.01026737059   61.85223804     0.05329729078   61.01552449    
 7       140000          0.01235772879   4.257978374     0.06414821193   3.421264828    
 8       160000          0.01975293475   80.60116161     0.1025362724    79.76444807    
 9       180000          0.01634371654   160.7087842     0.08483922978   159.8720706    

Doing analysis at TEMP = 27.000000 and TNOM = 27.000000

Using SPARSE 1.3 as Direct Linear Solver

No. of Data Rows : 1
h1k = 1.1539241115e-03
Doing analysis at TEMP = 27.000000 and TNOM = 27.000000

Using SPARSE 1.3 as Direct Linear Solver

No. of Data Rows : 1
h20k = 1.2511868550e-03
Doing analysis at TEMP = 27.000000 and TNOM = 27.000000

Using SPARSE 1.3 as Direct Linear Solver

No. of Data Rows : 1
mag(v(ain)) = 1.2215545553e-03
Doing analysis at TEMP = 27.000000 and TNOM = 27.000000

Using SPARSE 1.3 as Direct Linear Solver

No. of Data Rows : 61
zmin = 1.3009285253e+06
Doing analysis at TEMP = 27.000000 and TNOM = 27.000000

Using SPARSE 1.3 as Direct Linear Solver

No. of Data Rows : 1
cvcs1k = 1.1549796080e-03
Doing analysis at TEMP = 27.000000 and TNOM = 27.000000

Using SPARSE 1.3 as Direct Linear Solver

No. of Data Rows : 1
cvcs20k = 1.2508136219e-03
Doing analysis at TEMP = 27.000000 and TNOM = 27.000000

Using SPARSE 1.3 as Direct Linear Solver

No. of Data Rows : 1
cvcp1k = 1.0783566569e-02
Doing analysis at TEMP = 27.000000 and TNOM = 27.000000

Using SPARSE 1.3 as Direct Linear Solver

No. of Data Rows : 1
cvcp20k = 1.0726852813e-03
L47B1_CASO d=0.6500
Doing analysis at TEMP = 27.000000 and TNOM = 27.000000

Using SPARSE 1.3 as Direct Linear Solver

Initial Transient Solution
--------------------------

Node                                   Voltage
----                                   -------
vsn                                          0
srcx                              -1.05279e-05
ain                                 -0.0346519
gs                                    -7.01857
gp                                    -4.91577
csf                                   -13.5997
cpf                                   -9.52031
cs                                         -15
cp                                       -10.5
vcp#branch                          9.7969e-06
vcs#branch                         1.40025e-05
vsrc#branch                       -7.01857e-06


No. of Data Rows : 4001
Fourier analysis for v(vsn):
  No. Harmonics: 10, THD: 1.82423e-10 %, Gridsize: 8192, Interpolation Degree: 1, No. Periods: 1

Harmonic Frequency       Magnitude       Phase           Norm. Mag       Norm. Phase    
-------- ---------       ---------       -----           ---------       -----------    
 0       0               -1.22454477e-12 0               0               0              
 1       1000            3.81799686      -3.71591613e-11 1               0              
 2       2000            2.459847601e-12 -89.4460182     6.4427701e-13   -89.4460182    
 3       3000            2.468423083e-12 -89.8027962     6.465230783e-13 -89.8027962    
 4       4000            2.490441226e-12 -88.3667386     6.522900143e-13 -88.3667386    
 5       5000            2.480985163e-12 -88.9950906     6.498133063e-13 -88.9950906    
 6       6000            2.441255333e-12 -89.3827447     6.394073705e-13 -89.3827447    
 7       7000            2.434110817e-12 -88.6304784     6.375360972e-13 -88.6304784    
 8       8000            2.463075865e-12 -87.6315719     6.451225487e-13 -87.6315719    
 9       9000            2.461053183e-12 -87.6257769     6.44592773e-13  -87.6257769    

Fourier analysis for v(ain):
  No. Harmonics: 10, THD: 110.49 %, Gridsize: 8192, Interpolation Degree: 1, No. Periods: 1

Harmonic Frequency       Magnitude       Phase           Norm. Mag       Norm. Phase    
-------- ---------       ---------       -----           ---------       -----------    
 0       0               -0.155007872    0               0               0              
 1       1000            0.2293932959    -0.00662987391  1               0              
 2       2000            0.1901598816    89.97209536     0.8289687843    89.97872524    
 3       3000            0.1385473903    179.9742236     0.6039731447    179.9808535    
 4       4000            0.08331786937   -90.0081149     0.3632096965    -90.001485     
 5       5000            0.03518401912   0.05766328417   0.153378585     0.06429315807  
 6       6000            0.001449389831  92.72676701     0.00631836177   92.73339689    
 7       7000            0.01550849589   -0.287263946    0.06760657862   -0.280634072   
 8       8000            0.01804698049   89.83719848     0.07867265875   89.84382835    
 9       9000            0.01164020614   -179.993233     0.0507434452    -179.986603    

Doing analysis at TEMP = 27.000000 and TNOM = 27.000000

Using SPARSE 1.3 as Direct Linear Solver

Initial Transient Solution
--------------------------

Node                                   Voltage
----                                   -------
vsn                                          0
srcx                              -1.05279e-05
ain                                 -0.0346519
gs                                    -7.01857
gp                                    -4.91577
csf                                   -13.5997
cpf                                   -9.52031
cs                                         -15
cp                                       -10.5
vcp#branch                          9.7969e-06
vcs#branch                         1.40025e-05
vsrc#branch                       -7.01857e-06


No. of Data Rows : 4001
Fourier analysis for v(vsn):
  No. Harmonics: 10, THD: 1.72312e-10 %, Gridsize: 8192, Interpolation Degree: 1, No. Periods: 1

Harmonic Frequency       Magnitude       Phase           Norm. Mag       Norm. Phase    
-------- ---------       ---------       -----           ---------       -----------    
 0       0               -1.12909682e-12 0               0               0              
 1       20000           3.81799686      -3.56242361e-11 1               0              
 2       40000           2.318968517e-12 -91.7486445     6.073783196e-13 -91.7486445    
 3       60000           2.281256617e-12 -90.2755985     5.97500915e-13  -90.2755985    
 4       80000           2.406231841e-12 -87.7534957     6.302341068e-13 -87.7534957    
 5       100000          2.315381098e-12 -88.8759704     6.06438712e-13  -88.8759704    
 6       120000          2.289717121e-12 -86.3960621     5.997168686e-13 -86.3960621    
 7       140000          2.396714901e-12 -85.5244669     6.277414543e-13 -85.5244669    
 8       160000          2.32014612e-12  -88.8145481     6.076867544e-13 -88.8145481    
 9       180000          2.275695556e-12 -89.6932275     5.960443761e-13 -89.6932275    

Fourier analysis for v(ain):
  No. Harmonics: 10, THD: 111.247 %, Gridsize: 8192, Interpolation Degree: 1, No. Periods: 1

Harmonic Frequency       Magnitude       Phase           Norm. Mag       Norm. Phase    
-------- ---------       ---------       -----           ---------       -----------    
 0       0               -0.153725701    0               0               0              
 1       20000           0.2276805044    -0.685931237    1               0              
 2       40000           0.1895471111    87.99803037     0.8325135765    88.68396161    
 3       60000           0.1387912561    176.8993858     0.6095877925    177.5853171    
 4       80000           0.08378659119   -94.0970398     0.3680007271    -93.4111086    
 5       100000          0.03543178463   -4.19108584     0.1556206348    -3.5051546     
 6       120000          0.002000809967  126.9919424     0.00878779662   127.6778736    
 7       140000          0.01556161458   -13.8229601     0.06834847197   -13.1370289    
 8       160000          0.01780629317   77.05362693     0.07820736876   77.73955817    
 9       180000          0.01114327294   168.4240316     0.04894258718   169.1099629    

Doing analysis at TEMP = 27.000000 and TNOM = 27.000000

Using SPARSE 1.3 as Direct Linear Solver

No. of Data Rows : 1
h1k = 6.4793071098e-04
Doing analysis at TEMP = 27.000000 and TNOM = 27.000000

Using SPARSE 1.3 as Direct Linear Solver

No. of Data Rows : 1
h20k = 6.9682197667e-04
Doing analysis at TEMP = 27.000000 and TNOM = 27.000000

Using SPARSE 1.3 as Direct Linear Solver

No. of Data Rows : 1
mag(v(ain)) = 6.7881923874e-04
Doing analysis at TEMP = 27.000000 and TNOM = 27.000000

Using SPARSE 1.3 as Direct Linear Solver

No. of Data Rows : 61
zmin = 1.3005708188e+06
Doing analysis at TEMP = 27.000000 and TNOM = 27.000000

Using SPARSE 1.3 as Direct Linear Solver

No. of Data Rows : 1
cvcs1k = 6.4852202585e-04
Doing analysis at TEMP = 27.000000 and TNOM = 27.000000

Using SPARSE 1.3 as Direct Linear Solver

No. of Data Rows : 1
cvcs20k = 6.9661279981e-04
Doing analysis at TEMP = 27.000000 and TNOM = 27.000000

Using SPARSE 1.3 as Direct Linear Solver

No. of Data Rows : 1
cvcp1k = 2.6512840444e-03
Doing analysis at TEMP = 27.000000 and TNOM = 27.000000

Using SPARSE 1.3 as Direct Linear Solver

No. of Data Rows : 1
cvcp20k = 6.3970702467e-04
L47B1_CASO d=0.6750
Doing analysis at TEMP = 27.000000 and TNOM = 27.000000

Using SPARSE 1.3 as Direct Linear Solver

Initial Transient Solution
--------------------------

Node                                   Voltage
----                                   -------
vsn                                          0
srcx                              -1.05171e-05
ain                                -0.00770716
gs                                     -7.0114
gp                                    -4.55813
csf                                   -13.5985
cpf                                   -8.83914
cs                                         -15
cp                                       -9.75
vcp#branch                         9.10855e-06
vcs#branch                         1.40151e-05
vsrc#branch                       -7.01139e-06


No. of Data Rows : 4001
Fourier analysis for v(vsn):
  No. Harmonics: 10, THD: 1.82423e-10 %, Gridsize: 8192, Interpolation Degree: 1, No. Periods: 1

Harmonic Frequency       Magnitude       Phase           Norm. Mag       Norm. Phase    
-------- ---------       ---------       -----           ---------       -----------    
 0       0               -1.22454477e-12 0               0               0              
 1       1000            3.81799686      -3.71591613e-11 1               0              
 2       2000            2.459847601e-12 -89.4460182     6.4427701e-13   -89.4460182    
 3       3000            2.468423083e-12 -89.8027962     6.465230783e-13 -89.8027962    
 4       4000            2.490441226e-12 -88.3667386     6.522900143e-13 -88.3667386    
 5       5000            2.480985163e-12 -88.9950906     6.498133063e-13 -88.9950906    
 6       6000            2.441255333e-12 -89.3827447     6.394073705e-13 -89.3827447    
 7       7000            2.434110817e-12 -88.6304784     6.375360972e-13 -88.6304784    
 8       8000            2.463075865e-12 -87.6315719     6.451225487e-13 -87.6315719    
 9       9000            2.461053183e-12 -87.6257769     6.44592773e-13  -87.6257769    

Fourier analysis for v(ain):
  No. Harmonics: 10, THD: 117.691 %, Gridsize: 8192, Interpolation Degree: 1, No. Periods: 1

Harmonic Frequency       Magnitude       Phase           Norm. Mag       Norm. Phase    
-------- ---------       ---------       -----           ---------       -----------    
 0       0               -0.0809544111   0               0               0              
 1       1000            0.1398819884    -0.0702847189   1               0              
 2       2000            0.1192215888    89.8499167      0.8523012161    89.92020142    
 3       3000            0.09062887347   179.7763269     0.6478952333    179.8466116    
 4       4000            0.05924993057   -90.2944074     0.4235708347    -90.2241226    
 5       5000            0.03073283899   -0.354726526    0.2197054771    -0.284441807   
 6       6000            0.009192903159  89.65698875     0.06571899118   89.72727347    
 7       7000            0.003613578557  -0.894068148    0.02583305113   -0.82378343    
 8       8000            0.008324188911  89.21594082     0.05950865446   89.28622554    
 9       9000            0.00730228547   179.1248794     0.0522031861    179.1951641    

Doing analysis at TEMP = 27.000000 and TNOM = 27.000000

Using SPARSE 1.3 as Direct Linear Solver

Initial Transient Solution
--------------------------

Node                                   Voltage
----                                   -------
vsn                                          0
srcx                              -1.05171e-05
ain                                -0.00770716
gs                                     -7.0114
gp                                    -4.55813
csf                                   -13.5985
cpf                                   -8.83914
cs                                         -15
cp                                       -9.75
vcp#branch                         9.10855e-06
vcs#branch                         1.40151e-05
vsrc#branch                       -7.01139e-06

 Reference value :  3.34357e-04
No. of Data Rows : 4001
Fourier analysis for v(vsn):
  No. Harmonics: 10, THD: 1.83239e-10 %, Gridsize: 8192, Interpolation Degree: 1, No. Periods: 1

Harmonic Frequency       Magnitude       Phase           Norm. Mag       Norm. Phase    
-------- ---------       ---------       -----           ---------       -----------    
 0       0               -1.22047511e-12 0               0               0              
 1       20000           3.81799686      -3.74644408e-11 1               0              
 2       40000           2.441485255e-12 -87.6909717     6.394675912e-13 -87.6909717    
 3       60000           2.482056324e-12 -88.0223523     6.50093862e-13  -88.0223523    
 4       80000           2.495568762e-12 -90.579458      6.536330055e-13 -90.579458     
 5       100000          2.488585988e-12 -87.9105573     6.51804095e-13  -87.9105573    
 6       120000          2.563165169e-12 -87.4528109     6.713376838e-13 -87.4528109    
 7       140000          2.462392976e-12 -88.6343298     6.449436882e-13 -88.6343298    
 8       160000          2.443844329e-12 -90.6396608     6.400854739e-13 -90.6396608    
 9       180000          2.407716348e-12 -87.4077148     6.306229252e-13 -87.4077148    

Fourier analysis for v(ain):
  No. Harmonics: 10, THD: 117.527 %, Gridsize: 8192, Interpolation Degree: 1, No. Periods: 1

Harmonic Frequency       Magnitude       Phase           Norm. Mag       Norm. Phase    
-------- ---------       ---------       -----           ---------       -----------    
 0       0               -0.0795407628   0               0               0              
 1       20000           0.1371678154    -1.90482533     1               0              
 2       40000           0.1168474809    85.95064565     0.8518578538    87.85547098    
 3       60000           0.08874310439   173.9083015     0.6469673961    175.8131268    
 4       80000           0.05794606142   -98.1353888     0.4224464845    -96.2305634    
 5       100000          0.03003848428   -10.1252441     0.218990761     -8.22041877    
 6       120000          0.009058878634  78.38691062     0.0660423045    80.29173594    
 7       140000          0.003324008663  -17.5386613     0.02423315303   -15.633836     
 8       160000          0.007798468306  71.67651363     0.05685348477   73.58133895    
 9       180000          0.006758162208  158.9969226     0.0492692997    160.901748     

Doing analysis at TEMP = 27.000000 and TNOM = 27.000000

Using SPARSE 1.3 as Direct Linear Solver

No. of Data Rows : 1
h1k = 1.6075478688e-04
Doing analysis at TEMP = 27.000000 and TNOM = 27.000000

Using SPARSE 1.3 as Direct Linear Solver

No. of Data Rows : 1
h20k = 1.7241594095e-04
Doing analysis at TEMP = 27.000000 and TNOM = 27.000000

Using SPARSE 1.3 as Direct Linear Solver

No. of Data Rows : 1
mag(v(ain)) = 1.6789443402e-04
Doing analysis at TEMP = 27.000000 and TNOM = 27.000000

Using SPARSE 1.3 as Direct Linear Solver

No. of Data Rows : 61
zmin = 1.3003760212e+06
Doing analysis at TEMP = 27.000000 and TNOM = 27.000000

Using SPARSE 1.3 as Direct Linear Solver

No. of Data Rows : 1
cvcs1k = 1.6090147364e-04
Doing analysis at TEMP = 27.000000 and TNOM = 27.000000

Using SPARSE 1.3 as Direct Linear Solver

No. of Data Rows : 1
cvcs20k = 1.7236416321e-04
Doing analysis at TEMP = 27.000000 and TNOM = 27.000000

Using SPARSE 1.3 as Direct Linear Solver

No. of Data Rows : 1
cvcp1k = 2.1648873522e-04
Doing analysis at TEMP = 27.000000 and TNOM = 27.000000

Using SPARSE 1.3 as Direct Linear Solver

No. of Data Rows : 1
cvcp20k = 1.6881777168e-04
L47B1_CASO d=0.7000
Doing analysis at TEMP = 27.000000 and TNOM = 27.000000

Using SPARSE 1.3 as Direct Linear Solver

Initial Transient Solution
--------------------------

Node                                   Voltage
----                                   -------
vsn                                          0
srcx                              -1.05157e-05
ain                                -0.00419164
gs                                    -7.01046
gp                                    -4.20672
csf                                   -13.5983
cpf                                   -8.15907
cs                                         -15
cp                                          -9
vcp#branch                         8.40926e-06
vcs#branch                         1.40167e-05
vsrc#branch                       -7.01046e-06


No. of Data Rows : 4001
Fourier analysis for v(vsn):
  No. Harmonics: 10, THD: 1.82423e-10 %, Gridsize: 8192, Interpolation Degree: 1, No. Periods: 1

Harmonic Frequency       Magnitude       Phase           Norm. Mag       Norm. Phase    
-------- ---------       ---------       -----           ---------       -----------    
 0       0               -1.22454477e-12 0               0               0              
 1       1000            3.81799686      -3.71591613e-11 1               0              
 2       2000            2.459847601e-12 -89.4460182     6.4427701e-13   -89.4460182    
 3       3000            2.468423083e-12 -89.8027962     6.465230783e-13 -89.8027962    
 4       4000            2.490441226e-12 -88.3667386     6.522900143e-13 -88.3667386    
 5       5000            2.480985163e-12 -88.9950906     6.498133063e-13 -88.9950906    
 6       6000            2.441255333e-12 -89.3827447     6.394073705e-13 -89.3827447    
 7       7000            2.434110817e-12 -88.6304784     6.375360972e-13 -88.6304784    
 8       8000            2.463075865e-12 -87.6315719     6.451225487e-13 -87.6315719    
 9       9000            2.461053183e-12 -87.6257769     6.44592773e-13  -87.6257769    

Fourier analysis for v(ain):
  No. Harmonics: 10, THD: 120.189 %, Gridsize: 8192, Interpolation Degree: 1, No. Periods: 1

Harmonic Frequency       Magnitude       Phase           Norm. Mag       Norm. Phase    
-------- ---------       ---------       -----           ---------       -----------    
 0       0               -0.0548487167   0               0               0              
 1       1000            0.09687418048   -0.0753315401   1               0              
 2       2000            0.08320523127   89.83984121     0.8588999758    89.91517275    
 3       3000            0.06411487668   179.756154      0.6618365839    179.8314856    
 4       4000            0.04300179896   -90.3336897     0.4438932928    -90.2583582    
 5       5000            0.02356945225   -0.437648747    0.2432996298    -0.362317207   
 6       6000            0.008567023533  89.40625173     0.08843453943   89.48158327    
 7       7000            0.000755012965  0.4509696927    0.007793748151  0.5263012329   
 8       8000            0.004690573978  89.42479879     0.04841923776   89.50013033    
 9       9000            0.004676560361  179.2291564     0.04827457985   179.3044879    

Doing analysis at TEMP = 27.000000 and TNOM = 27.000000

Using SPARSE 1.3 as Direct Linear Solver

Initial Transient Solution
--------------------------

Node                                   Voltage
----                                   -------
vsn                                          0
srcx                              -1.05157e-05
ain                                -0.00419164
gs                                    -7.01046
gp                                    -4.20672
csf                                   -13.5983
cpf                                   -8.15907
cs                                         -15
cp                                          -9
vcp#branch                         8.40926e-06
vcs#branch                         1.40167e-05
vsrc#branch                       -7.01046e-06


No. of Data Rows : 4001
Fourier analysis for v(vsn):
  No. Harmonics: 10, THD: 1.83239e-10 %, Gridsize: 8192, Interpolation Degree: 1, No. Periods: 1

Harmonic Frequency       Magnitude       Phase           Norm. Mag       Norm. Phase    
-------- ---------       ---------       -----           ---------       -----------    
 0       0               -1.22047511e-12 0               0               0              
 1       20000           3.81799686      -3.74644408e-11 1               0              
 2       40000           2.441485255e-12 -87.6909717     6.394675912e-13 -87.6909717    
 3       60000           2.482056324e-12 -88.0223523     6.50093862e-13  -88.0223523    
 4       80000           2.495568762e-12 -90.579458      6.536330055e-13 -90.579458     
 5       100000          2.488585988e-12 -87.9105573     6.51804095e-13  -87.9105573    
 6       120000          2.563165169e-12 -87.4528109     6.713376838e-13 -87.4528109    
 7       140000          2.462392976e-12 -88.6343298     6.449436882e-13 -88.6343298    
 8       160000          2.443844329e-12 -90.6396608     6.400854739e-13 -90.6396608    
 9       180000          2.407716348e-12 -87.4077148     6.306229252e-13 -87.4077148    

Fourier analysis for v(ain):
  No. Harmonics: 10, THD: 119.873 %, Gridsize: 8192, Interpolation Degree: 1, No. Periods: 1

Harmonic Frequency       Magnitude       Phase           Norm. Mag       Norm. Phase    
-------- ---------       ---------       -----           ---------       -----------    
 0       0               -0.0535501393   0               0               0              
 1       20000           0.09436356202   -1.98647107     1               0              
 2       40000           0.08096919984   85.81121979     0.8580557803    87.79769086    
 3       60000           0.06228467363   173.6401283     0.6600500479    175.6265994    
 4       80000           0.04166067567   -98.6573271     0.4414911304    -96.670856     
 5       100000          0.02274002968   -11.2568407     0.2409831633    -9.27036962    
 6       120000          0.008209044022  74.94012791     0.08699379132   76.92659898    
 7       140000          0.0008190763196 7.759237217     0.008680006373  9.745708286    
 8       160000          0.004473193782  75.63354807     0.04740382501   77.62001914    
 9       180000          0.004378698406  161.446462      0.04640242815   163.4329331    

Doing analysis at TEMP = 27.000000 and TNOM = 27.000000

Using SPARSE 1.3 as Direct Linear Solver

No. of Data Rows : 1
h1k = 9.0441503059e-05
Doing analysis at TEMP = 27.000000 and TNOM = 27.000000

Using SPARSE 1.3 as Direct Linear Solver

No. of Data Rows : 1
h20k = 9.6990120861e-05
Doing analysis at TEMP = 27.000000 and TNOM = 27.000000

Using SPARSE 1.3 as Direct Linear Solver

No. of Data Rows : 1
mag(v(ain)) = 9.4445964613e-05
Doing analysis at TEMP = 27.000000 and TNOM = 27.000000

Using SPARSE 1.3 as Direct Linear Solver

No. of Data Rows : 61
zmin = 1.3003477107e+06
Doing analysis at TEMP = 27.000000 and TNOM = 27.000000

Using SPARSE 1.3 as Direct Linear Solver

No. of Data Rows : 1
cvcs1k = 9.0524028243e-05
Doing analysis at TEMP = 27.000000 and TNOM = 27.000000

Using SPARSE 1.3 as Direct Linear Solver

No. of Data Rows : 1
cvcs20k = 9.6960992512e-05
Doing analysis at TEMP = 27.000000 and TNOM = 27.000000

Using SPARSE 1.3 as Direct Linear Solver

No. of Data Rows : 1
cvcp1k = 1.0121410808e-04
Doing analysis at TEMP = 27.000000 and TNOM = 27.000000

Using SPARSE 1.3 as Direct Linear Solver

No. of Data Rows : 1
cvcp20k = 9.5857032611e-05
L47B1_CASO d=0.7250
Doing analysis at TEMP = 27.000000 and TNOM = 27.000000

Using SPARSE 1.3 as Direct Linear Solver

Initial Transient Solution
--------------------------

Node                                   Voltage
----                                   -------
vsn                                          0
srcx                              -1.05151e-05
ain                                -0.00282048
gs                                     -7.0101
gp                                    -3.85589
csf                                   -13.5983
cpf                                    -7.4791
cs                                         -15
cp                                       -8.25
vcp#branch                         7.70897e-06
vcs#branch                         1.40174e-05
vsrc#branch                       -7.01009e-06


No. of Data Rows : 4001
Fourier analysis for v(vsn):
  No. Harmonics: 10, THD: 1.82423e-10 %, Gridsize: 8192, Interpolation Degree: 1, No. Periods: 1

Harmonic Frequency       Magnitude       Phase           Norm. Mag       Norm. Phase    
-------- ---------       ---------       -----           ---------       -----------    
 0       0               -1.22454477e-12 0               0               0              
 1       1000            3.81799686      -3.71591613e-11 1               0              
 2       2000            2.459847601e-12 -89.4460182     6.4427701e-13   -89.4460182    
 3       3000            2.468423083e-12 -89.8027962     6.465230783e-13 -89.8027962    
 4       4000            2.490441226e-12 -88.3667386     6.522900143e-13 -88.3667386    
 5       5000            2.480985163e-12 -88.9950906     6.498133063e-13 -88.9950906    
 6       6000            2.441255333e-12 -89.3827447     6.394073705e-13 -89.3827447    
 7       7000            2.434110817e-12 -88.6304784     6.375360972e-13 -88.6304784    
 8       8000            2.463075865e-12 -87.6315719     6.451225487e-13 -87.6315719    
 9       9000            2.461053183e-12 -87.6257769     6.44592773e-13  -87.6257769    

Fourier analysis for v(ain):
  No. Harmonics: 10, THD: 121.347 %, Gridsize: 8192, Interpolation Degree: 1, No. Periods: 1

Harmonic Frequency       Magnitude       Phase           Norm. Mag       Norm. Phase    
-------- ---------       ---------       -----           ---------       -----------    
 0       0               -0.0412071331   0               0               0              
 1       1000            0.0734576116    -0.0726630851   1               0              
 2       2000            0.06330453386   89.84542091     0.8617831765    89.918084      
 3       3000            0.04907301365   179.7632486     0.6680453201    179.8359117    
 4       4000            0.03328094398   -90.3273196     0.4530632464    -90.2546565    
 5       5000            0.01866646429   -0.437580822    0.2541120502    -0.364917737   
 6       6000            0.007278078259  89.38125414     0.09907861282   89.45391723    
 7       7000            7.381113272e-05 165.4337019     0.001004812587  165.506365     
 8       8000            0.003130897351  89.59231697     0.04262182343   89.66498006    
 9       9000            0.003354586526  179.3512525     0.04566696975   179.4239156    

Doing analysis at TEMP = 27.000000 and TNOM = 27.000000

Using SPARSE 1.3 as Direct Linear Solver

Initial Transient Solution
--------------------------

Node                                   Voltage
----                                   -------
vsn                                          0
srcx                              -1.05151e-05
ain                                -0.00282048
gs                                     -7.0101
gp                                    -3.85589
csf                                   -13.5983
cpf                                    -7.4791
cs                                         -15
cp                                       -8.25
vcp#branch                         7.70897e-06
vcs#branch                         1.40174e-05
vsrc#branch                       -7.01009e-06


No. of Data Rows : 4001
Fourier analysis for v(vsn):
  No. Harmonics: 10, THD: 1.83239e-10 %, Gridsize: 8192, Interpolation Degree: 1, No. Periods: 1

Harmonic Frequency       Magnitude       Phase           Norm. Mag       Norm. Phase    
-------- ---------       ---------       -----           ---------       -----------    
 0       0               -1.22047511e-12 0               0               0              
 1       20000           3.81799686      -3.74644408e-11 1               0              
 2       40000           2.441485255e-12 -87.6909717     6.394675912e-13 -87.6909717    
 3       60000           2.482056324e-12 -88.0223523     6.50093862e-13  -88.0223523    
 4       80000           2.495568762e-12 -90.579458      6.536330055e-13 -90.579458     
 5       100000          2.488585988e-12 -87.9105573     6.51804095e-13  -87.9105573    
 6       120000          2.563165169e-12 -87.4528109     6.713376838e-13 -87.4528109    
 7       140000          2.462392976e-12 -88.6343298     6.449436882e-13 -88.6343298    
 8       160000          2.443844329e-12 -90.6396608     6.400854739e-13 -90.6396608    
 9       180000          2.407716348e-12 -87.4077148     6.306229252e-13 -87.4077148    

Fourier analysis for v(ain):
  No. Harmonics: 10, THD: 121.037 %, Gridsize: 8192, Interpolation Degree: 1, No. Periods: 1

Harmonic Frequency       Magnitude       Phase           Norm. Mag       Norm. Phase    
-------- ---------       ---------       -----           ---------       -----------    
 0       0               -0.0401429439   0               0               0              
 1       20000           0.07140134964   -1.93687819     1               0              
 2       40000           0.06147500208   85.92256336     0.8609781523    87.85944155    
 3       60000           0.04757652686   173.7952034     0.666325316     175.7320816    
 4       80000           0.03217906924   -98.4831477     0.4506787253    -96.5462695    
 5       100000          0.01796830408   -11.1252297     0.251652163     -9.18835149    
 6       120000          0.006944313669  74.86661385     0.09725745667   76.80349205    
 7       140000          0.0003327022256 76.21433804     0.004659606959  78.15121623    
 8       160000          0.003039996586  78.15807268     0.0425761782    80.09495087    
 9       180000          0.003190209984  163.3711948     0.04467996753   165.308073     

Doing analysis at TEMP = 27.000000 and TNOM = 27.000000

Using SPARSE 1.3 as Direct Linear Solver

No. of Data Rows : 1
h1k = 6.2865651550e-05
Doing analysis at TEMP = 27.000000 and TNOM = 27.000000

Using SPARSE 1.3 as Direct Linear Solver

No. of Data Rows : 1
h20k = 6.7415499882e-05
Doing analysis at TEMP = 27.000000 and TNOM = 27.000000

Using SPARSE 1.3 as Direct Linear Solver

No. of Data Rows : 1
mag(v(ain)) = 6.5647066853e-05
Doing analysis at TEMP = 27.000000 and TNOM = 27.000000

Using SPARSE 1.3 as Direct Linear Solver

No. of Data Rows : 61
zmin = 1.3003366042e+06
Doing analysis at TEMP = 27.000000 and TNOM = 27.000000

Using SPARSE 1.3 as Direct Linear Solver

No. of Data Rows : 1
cvcs1k = 6.2923014164e-05
Doing analysis at TEMP = 27.000000 and TNOM = 27.000000

Using SPARSE 1.3 as Direct Linear Solver

No. of Data Rows : 1
cvcs20k = 6.7395253055e-05
Doing analysis at TEMP = 27.000000 and TNOM = 27.000000

Using SPARSE 1.3 as Direct Linear Solver

No. of Data Rows : 1
cvcp1k = 6.6539425769e-05
Doing analysis at TEMP = 27.000000 and TNOM = 27.000000

Using SPARSE 1.3 as Direct Linear Solver

No. of Data Rows : 1
cvcp20k = 6.6874536669e-05
L47B1_CASO d=0.7500
Doing analysis at TEMP = 27.000000 and TNOM = 27.000000

Using SPARSE 1.3 as Direct Linear Solver

Initial Transient Solution
--------------------------

Node                                   Voltage
----                                   -------
vsn                                          0
srcx                              -1.05148e-05
ain                                -0.00209077
gs                                     -7.0099
gp                                    -3.50523
csf                                   -13.5982
cpf                                   -6.79916
cs                                         -15
cp                                        -7.5
vcp#branch                         7.00837e-06
vcs#branch                         1.40177e-05
vsrc#branch                        -7.0099e-06


No. of Data Rows : 4001
Fourier analysis for v(vsn):
  No. Harmonics: 10, THD: 1.82423e-10 %, Gridsize: 8192, Interpolation Degree: 1, No. Periods: 1

Harmonic Frequency       Magnitude       Phase           Norm. Mag       Norm. Phase    
-------- ---------       ---------       -----           ---------       -----------    
 0       0               -1.22454477e-12 0               0               0              
 1       1000            3.81799686      -3.71591613e-11 1               0              
 2       2000            2.459847601e-12 -89.4460182     6.4427701e-13   -89.4460182    
 3       3000            2.468423083e-12 -89.8027962     6.465230783e-13 -89.8027962    
 4       4000            2.490441226e-12 -88.3667386     6.522900143e-13 -88.3667386    
 5       5000            2.480985163e-12 -88.9950906     6.498133063e-13 -88.9950906    
 6       6000            2.441255333e-12 -89.3827447     6.394073705e-13 -89.3827447    
 7       7000            2.434110817e-12 -88.6304784     6.375360972e-13 -88.6304784    
 8       8000            2.463075865e-12 -87.6315719     6.451225487e-13 -87.6315719    
 9       9000            2.461053183e-12 -87.6257769     6.44592773e-13  -87.6257769    

Fourier analysis for v(ain):
  No. Harmonics: 10, THD: 121.989 %, Gridsize: 8192, Interpolation Degree: 1, No. Periods: 1

Harmonic Frequency       Magnitude       Phase           Norm. Mag       Norm. Phase    
-------- ---------       ---------       -----           ---------       -----------    
 0       0               -0.0328943244   0               0               0              
 1       1000            0.05896819145   -0.0691432022   1               0              
 2       2000            0.05090943875   89.85274477     0.8633372925    89.92188798    
 3       3000            0.03959213293   179.7740238     0.6714150791    179.843167     
 4       4000            0.02701132158   -90.3134532     0.4580659659    -90.24431      
 5       5000            0.01533458702   -0.421444388    0.2600484539    -0.352301185   
 6       6000            0.00619027555   89.39885115     0.1049765203    89.46799435    
 7       7000            0.0003486213645 176.8102171     0.005912024024  176.8793603    
 8       8000            0.002315575965  89.69436077     0.03926822085   89.76350398    
 9       9000            0.002596845759  179.4343555     0.04403807705   179.5034987    

Doing analysis at TEMP = 27.000000 and TNOM = 27.000000

Using SPARSE 1.3 as Direct Linear Solver

Initial Transient Solution
--------------------------

Node                                   Voltage
----                                   -------
vsn                                          0
srcx                              -1.05148e-05
ain                                -0.00209077
gs                                     -7.0099
gp                                    -3.50523
csf                                   -13.5982
cpf                                   -6.79916
cs                                         -15
cp                                        -7.5
vcp#branch                         7.00837e-06
vcs#branch                         1.40177e-05
vsrc#branch                        -7.0099e-06


No. of Data Rows : 4001
Fourier analysis for v(vsn):
  No. Harmonics: 10, THD: 1.83239e-10 %, Gridsize: 8192, Interpolation Degree: 1, No. Periods: 1

Harmonic Frequency       Magnitude       Phase           Norm. Mag       Norm. Phase    
-------- ---------       ---------       -----           ---------       -----------    
 0       0               -1.22047511e-12 0               0               0              
 1       20000           3.81799686      -3.74644408e-11 1               0              
 2       40000           2.441485255e-12 -87.6909717     6.394675912e-13 -87.6909717    
 3       60000           2.482056324e-12 -88.0223523     6.50093862e-13  -88.0223523    
 4       80000           2.495568762e-12 -90.579458      6.536330055e-13 -90.579458     
 5       100000          2.488585988e-12 -87.9105573     6.51804095e-13  -87.9105573    
 6       120000          2.563165169e-12 -87.4528109     6.713376838e-13 -87.4528109    
 7       140000          2.462392976e-12 -88.6343298     6.449436882e-13 -88.6343298    
 8       160000          2.443844329e-12 -90.6396608     6.400854739e-13 -90.6396608    
 9       180000          2.407716348e-12 -87.4077148     6.306229252e-13 -87.4077148    

Fourier analysis for v(ain):
  No. Harmonics: 10, THD: 121.722 %, Gridsize: 8192, Interpolation Degree: 1, No. Periods: 1

Harmonic Frequency       Magnitude       Phase           Norm. Mag       Norm. Phase    
-------- ---------       ---------       -----           ---------       -----------    
 0       0               -0.032018584    0               0               0              
 1       20000           0.05727842968   -1.87577352     1               0              
 2       40000           0.04941154847   86.05320154     0.8626554314    87.92897506    
 3       60000           0.03837391371   173.991427      0.669954011     175.8672005    
 4       80000           0.02611938829   -98.2217646     0.4560074086    -96.3459911    
 5       100000          0.01476964696   -10.7977605     0.2578570509    -8.92198698    
 6       120000          0.00591355752   75.31460947     0.1032423122    77.19038299    
 7       140000          0.0003964318149 120.1662095     0.00692113623   122.041983     
 8       160000          0.002271249234  79.61343021     0.03965278458   81.48920373    
 9       180000          0.002494900101  164.5933364     0.04355741096   166.4691099    

Doing analysis at TEMP = 27.000000 and TNOM = 27.000000

Using SPARSE 1.3 as Direct Linear Solver

No. of Data Rows : 1
h1k = 4.8168136548e-05
Doing analysis at TEMP = 27.000000 and TNOM = 27.000000

Using SPARSE 1.3 as Direct Linear Solver

No. of Data Rows : 1
h20k = 5.1653624983e-05
Doing analysis at TEMP = 27.000000 and TNOM = 27.000000

Using SPARSE 1.3 as Direct Linear Solver

No. of Data Rows : 1
mag(v(ain)) = 5.0298656046e-05
Doing analysis at TEMP = 27.000000 and TNOM = 27.000000

Using SPARSE 1.3 as Direct Linear Solver

No. of Data Rows : 61
zmin = 1.3003306841e+06
Doing analysis at TEMP = 27.000000 and TNOM = 27.000000

Using SPARSE 1.3 as Direct Linear Solver

No. of Data Rows : 1
cvcs1k = 4.8212088041e-05
Doing analysis at TEMP = 27.000000 and TNOM = 27.000000

Using SPARSE 1.3 as Direct Linear Solver

No. of Data Rows : 1
cvcs20k = 5.1638111735e-05
Doing analysis at TEMP = 27.000000 and TNOM = 27.000000

Using SPARSE 1.3 as Direct Linear Solver

No. of Data Rows : 1
cvcp1k = 4.9821811059e-05
Doing analysis at TEMP = 27.000000 and TNOM = 27.000000

Using SPARSE 1.3 as Direct Linear Solver

No. of Data Rows : 1
cvcp20k = 5.1340757374e-05
L47B1_CASO d=0.7750
Doing analysis at TEMP = 27.000000 and TNOM = 27.000000

Using SPARSE 1.3 as Direct Linear Solver

Initial Transient Solution
--------------------------

Node                                   Voltage
----                                   -------
vsn                                          0
srcx                              -1.05147e-05
ain                                -0.00163781
gs                                    -7.00978
gp                                    -3.15464
csf                                   -13.5982
cpf                                   -6.11924
cs                                         -15
cp                                       -6.75
vcp#branch                         6.30765e-06
vcs#branch                         1.40179e-05
vsrc#branch                       -7.00978e-06


No. of Data Rows : 4001
Fourier analysis for v(vsn):
  No. Harmonics: 10, THD: 1.82423e-10 %, Gridsize: 8192, Interpolation Degree: 1, No. Periods: 1

Harmonic Frequency       Magnitude       Phase           Norm. Mag       Norm. Phase    
-------- ---------       ---------       -----           ---------       -----------    
 0       0               -1.22454477e-12 0               0               0              
 1       1000            3.81799686      -3.71591613e-11 1               0              
 2       2000            2.459847601e-12 -89.4460182     6.4427701e-13   -89.4460182    
 3       3000            2.468423083e-12 -89.8027962     6.465230783e-13 -89.8027962    
 4       4000            2.490441226e-12 -88.3667386     6.522900143e-13 -88.3667386    
 5       5000            2.480985163e-12 -88.9950906     6.498133063e-13 -88.9950906    
 6       6000            2.441255333e-12 -89.3827447     6.394073705e-13 -89.3827447    
 7       7000            2.434110817e-12 -88.6304784     6.375360972e-13 -88.6304784    
 8       8000            2.463075865e-12 -87.6315719     6.451225487e-13 -87.6315719    
 9       9000            2.461053183e-12 -87.6257769     6.44592773e-13  -87.6257769    

Fourier analysis for v(ain):
  No. Harmonics: 10, THD: 122.389 %, Gridsize: 8192, Interpolation Degree: 1, No. Periods: 1

Harmonic Frequency       Magnitude       Phase           Norm. Mag       Norm. Phase    
-------- ---------       ---------       -----           ---------       -----------    
 0       0               -0.0273238565   0               0               0              
 1       1000            0.04918288869   -0.0659616388   1               0              
 2       2000            0.04250832507   89.85936643     0.8642909393    89.92532807    
 3       3000            0.03312415845   179.7840734     0.6734894865    179.850035     
 4       4000            0.02268085675   -90.2997646     0.4611534083    -90.233803     
 5       5000            0.0129706963    -0.403567989    0.2637237593    -0.33760635    
 6       6000            0.005343465347  89.424195       0.1086448049    89.49015664    
 7       7000            0.0004426191982 177.7192703     0.008999455094  177.7852319    
 8       8000            0.001826546322  89.75486679     0.03713784145   89.82082843    
 9       9000            0.002113210727  179.4890554     0.04296638085   179.555017     

Doing analysis at TEMP = 27.000000 and TNOM = 27.000000

Using SPARSE 1.3 as Direct Linear Solver

Initial Transient Solution
--------------------------

Node                                   Voltage
----                                   -------
vsn                                          0
srcx                              -1.05147e-05
ain                                -0.00163781
gs                                    -7.00978
gp                                    -3.15464
csf                                   -13.5982
cpf                                   -6.11924
cs                                         -15
cp                                       -6.75
vcp#branch                         6.30765e-06
vcs#branch                         1.40179e-05
vsrc#branch                       -7.00978e-06


No. of Data Rows : 4001
Fourier analysis for v(vsn):
  No. Harmonics: 10, THD: 1.83239e-10 %, Gridsize: 8192, Interpolation Degree: 1, No. Periods: 1

Harmonic Frequency       Magnitude       Phase           Norm. Mag       Norm. Phase    
-------- ---------       ---------       -----           ---------       -----------    
 0       0               -1.22047511e-12 0               0               0              
 1       20000           3.81799686      -3.74644408e-11 1               0              
 2       40000           2.441485255e-12 -87.6909717     6.394675912e-13 -87.6909717    
 3       60000           2.482056324e-12 -88.0223523     6.50093862e-13  -88.0223523    
 4       80000           2.495568762e-12 -90.579458      6.536330055e-13 -90.579458     
 5       100000          2.488585988e-12 -87.9105573     6.51804095e-13  -87.9105573    
 6       120000          2.563165169e-12 -87.4528109     6.713376838e-13 -87.4528109    
 7       140000          2.462392976e-12 -88.6343298     6.449436882e-13 -88.6343298    
 8       160000          2.443844329e-12 -90.6396608     6.400854739e-13 -90.6396608    
 9       180000          2.407716348e-12 -87.4077148     6.306229252e-13 -87.4077148    

Fourier analysis for v(ain):
  No. Harmonics: 10, THD: 122.169 %, Gridsize: 8192, Interpolation Degree: 1, No. Periods: 1

Harmonic Frequency       Magnitude       Phase           Norm. Mag       Norm. Phase    
-------- ---------       ---------       -----           ---------       -----------    
 0       0               -0.0265884739   0               0               0              
 1       20000           0.04776593339   -1.82173717     1               0              
 2       40000           0.04125717427   86.16754539     0.8637363773    87.98928256    
 3       60000           0.03211315127   174.1665042     0.6723023918    175.9882414    
 4       80000           0.0219466438    -97.9799637     0.459462262     -96.1582265    
 5       100000          0.01250926357   -10.4730648     0.2618867188    -8.65132764    
 6       120000          0.005117375277  75.8111194      0.1071344139    77.63285657    
 7       140000          0.0004468320389 134.5933287     0.009354617552  136.4150659    
 8       160000          0.001800543444  80.47034065     0.03769513786   82.29207782    
 9       180000          0.002043138015  165.385091      0.0427739577    167.2068281    

Doing analysis at TEMP = 27.000000 and TNOM = 27.000000

Using SPARSE 1.3 as Direct Linear Solver

No. of Data Rows : 1
h1k = 3.9039002737e-05
Doing analysis at TEMP = 27.000000 and TNOM = 27.000000

Using SPARSE 1.3 as Direct Linear Solver

No. of Data Rows : 1
h20k = 4.1863635849e-05
Doing analysis at TEMP = 27.000000 and TNOM = 27.000000

Using SPARSE 1.3 as Direct Linear Solver

No. of Data Rows : 1
mag(v(ain)) = 4.0765483349e-05
Doing analysis at TEMP = 27.000000 and TNOM = 27.000000

Using SPARSE 1.3 as Direct Linear Solver

No. of Data Rows : 61
zmin = 1.3003270070e+06
Doing analysis at TEMP = 27.000000 and TNOM = 27.000000

Using SPARSE 1.3 as Direct Linear Solver

No. of Data Rows : 1
cvcs1k = 3.9074624175e-05
Doing analysis at TEMP = 27.000000 and TNOM = 27.000000

Using SPARSE 1.3 as Direct Linear Solver

No. of Data Rows : 1
cvcs20k = 4.1851062766e-05
Doing analysis at TEMP = 27.000000 and TNOM = 27.000000

Using SPARSE 1.3 as Direct Linear Solver

No. of Data Rows : 1
cvcp1k = 3.9916713426e-05
Doing analysis at TEMP = 27.000000 and TNOM = 27.000000

Using SPARSE 1.3 as Direct Linear Solver

No. of Data Rows : 1
cvcp20k = 4.1661601810e-05
L47B1_CASO d=0.8000
Doing analysis at TEMP = 27.000000 and TNOM = 27.000000

Using SPARSE 1.3 as Direct Linear Solver

Initial Transient Solution
--------------------------

Node                                   Voltage
----                                   -------
vsn                                          0
srcx                              -1.05145e-05
ain                                -0.00132927
gs                                     -7.0097
gp                                    -2.80409
csf                                   -13.5982
cpf                                   -5.43931
cs                                         -15
cp                                          -6
vcp#branch                         5.60686e-06
vcs#branch                         1.40181e-05
vsrc#branch                        -7.0097e-06


No. of Data Rows : 4001
Fourier analysis for v(vsn):
  No. Harmonics: 10, THD: 1.82423e-10 %, Gridsize: 8192, Interpolation Degree: 1, No. Periods: 1

Harmonic Frequency       Magnitude       Phase           Norm. Mag       Norm. Phase    
-------- ---------       ---------       -----           ---------       -----------    
 0       0               -1.22454477e-12 0               0               0              
 1       1000            3.81799686      -3.71591613e-11 1               0              
 2       2000            2.459847601e-12 -89.4460182     6.4427701e-13   -89.4460182    
 3       3000            2.468423083e-12 -89.8027962     6.465230783e-13 -89.8027962    
 4       4000            2.490441226e-12 -88.3667386     6.522900143e-13 -88.3667386    
 5       5000            2.480985163e-12 -88.9950906     6.498133063e-13 -88.9950906    
 6       6000            2.441255333e-12 -89.3827447     6.394073705e-13 -89.3827447    
 7       7000            2.434110817e-12 -88.6304784     6.375360972e-13 -88.6304784    
 8       8000            2.463075865e-12 -87.6315719     6.451225487e-13 -87.6315719    
 9       9000            2.461053183e-12 -87.6257769     6.44592773e-13  -87.6257769    

Fourier analysis for v(ain):
  No. Harmonics: 10, THD: 122.659 %, Gridsize: 8192, Interpolation Degree: 1, No. Periods: 1

Harmonic Frequency       Magnitude       Phase           Norm. Mag       Norm. Phase    
-------- ---------       ---------       -----           ---------       -----------    
 0       0               -0.023340398    0               0               0              
 1       1000            0.04215278024   -0.0632748113   1               0              
 2       2000            0.03645917469   89.86496134     0.8649292996    89.92823615    
 3       3000            0.02844808679   179.7926815     0.6748804381    179.8559563    
 4       4000            0.0195262858    -90.287763      0.4632265224    -90.2244882    
 5       5000            0.01122090122   -0.387238216    0.2661959936    -0.323963404   
 6       6000            0.004683961914  89.4489306      0.1111186946    89.51220542    
 7       7000            0.0004675039394 178.1043169     0.01109070236   178.1675917    
 8       8000            0.001504182276  89.79107295     0.0356840585    89.85434776    
 9       9000            0.001779736697  179.5260277     0.04222109875   179.5893025    

Doing analysis at TEMP = 27.000000 and TNOM = 27.000000

Using SPARSE 1.3 as Direct Linear Solver

Initial Transient Solution
--------------------------

Node                                   Voltage
----                                   -------
vsn                                          0
srcx                              -1.05145e-05
ain                                -0.00132927
gs                                     -7.0097
gp                                    -2.80409
csf                                   -13.5982
cpf                                   -5.43931
cs                                         -15
cp                                          -6
vcp#branch                         5.60686e-06
vcs#branch                         1.40181e-05
vsrc#branch                        -7.0097e-06


No. of Data Rows : 4001
Fourier analysis for v(vsn):
  No. Harmonics: 10, THD: 1.83239e-10 %, Gridsize: 8192, Interpolation Degree: 1, No. Periods: 1

Harmonic Frequency       Magnitude       Phase           Norm. Mag       Norm. Phase    
-------- ---------       ---------       -----           ---------       -----------    
 0       0               -1.22047511e-12 0               0               0              
 1       20000           3.81799686      -3.74644408e-11 1               0              
 2       40000           2.441485255e-12 -87.6909717     6.394675912e-13 -87.6909717    
 3       60000           2.482056324e-12 -88.0223523     6.50093862e-13  -88.0223523    
 4       80000           2.495568762e-12 -90.579458      6.536330055e-13 -90.579458     
 5       100000          2.488585988e-12 -87.9105573     6.51804095e-13  -87.9105573    
 6       120000          2.563165169e-12 -87.4528109     6.713376838e-13 -87.4528109    
 7       140000          2.462392976e-12 -88.6343298     6.449436882e-13 -88.6343298    
 8       160000          2.443844329e-12 -90.6396608     6.400854739e-13 -90.6396608    
 9       180000          2.407716348e-12 -87.4077148     6.306229252e-13 -87.4077148    

Fourier analysis for v(ain):
  No. Harmonics: 10, THD: 122.484 %, Gridsize: 8192, Interpolation Degree: 1, No. Periods: 1

Harmonic Frequency       Magnitude       Phase           Norm. Mag       Norm. Phase    
-------- ---------       ---------       -----           ---------       -----------    
 0       0               -0.0227102916   0               0               0              
 1       20000           0.04094018601   -1.77664059     1               0              
 2       40000           0.03539231703   86.26258134     0.8644884277    88.03922193    
 3       60000           0.02759125474   174.3133213     0.6739406298    176.0899619    
 4       80000           0.01890926327   -97.7739683     0.4618753629    -95.9973277    
 5       100000          0.01083705465   -10.1888833     0.2647045777    -8.41224269    
 6       120000          0.004497640145  76.2599772      0.1098588107    78.03661779    
 7       140000          0.0004593828582 141.5187868     0.01122082978   143.2954274    
 8       160000          0.001485904142  80.99052701     0.03629451371   82.7671676     
 9       180000          0.001727623712  165.9206251     0.0421987265    167.6972657    

Doing analysis at TEMP = 27.000000 and TNOM = 27.000000

Using SPARSE 1.3 as Direct Linear Solver

No. of Data Rows : 1
h1k = 3.2818708741e-05
Doing analysis at TEMP = 27.000000 and TNOM = 27.000000

Using SPARSE 1.3 as Direct Linear Solver

No. of Data Rows : 1
h20k = 3.5193148425e-05
Doing analysis at TEMP = 27.000000 and TNOM = 27.000000

Using SPARSE 1.3 as Direct Linear Solver

No. of Data Rows : 1
mag(v(ain)) = 3.4269980742e-05
Doing analysis at TEMP = 27.000000 and TNOM = 27.000000

Using SPARSE 1.3 as Direct Linear Solver

No. of Data Rows : 61
zmin = 1.3003245014e+06
Doing analysis at TEMP = 27.000000 and TNOM = 27.000000

Using SPARSE 1.3 as Direct Linear Solver

No. of Data Rows : 1
cvcs1k = 3.2848654374e-05
Doing analysis at TEMP = 27.000000 and TNOM = 27.000000

Using SPARSE 1.3 as Direct Linear Solver

No. of Data Rows : 1
cvcs20k = 3.5182578669e-05
Doing analysis at TEMP = 27.000000 and TNOM = 27.000000

Using SPARSE 1.3 as Direct Linear Solver

No. of Data Rows : 1
cvcp1k = 3.3338463104e-05
Doing analysis at TEMP = 27.000000 and TNOM = 27.000000

Using SPARSE 1.3 as Direct Linear Solver

No. of Data Rows : 1
cvcp20k = 3.5053049216e-05
L47B1_CASO d=0.8250
Doing analysis at TEMP = 27.000000 and TNOM = 27.000000

Using SPARSE 1.3 as Direct Linear Solver

Initial Transient Solution
--------------------------

Node                                   Voltage
----                                   -------
vsn                                          0
srcx                              -1.05145e-05
ain                                -0.00110559
gs                                    -7.00964
gp                                    -2.45356
csf                                   -13.5982
cpf                                    -4.7594
cs                                         -15
cp                                       -5.25
vcp#branch                         4.90603e-06
vcs#branch                         1.40182e-05
vsrc#branch                       -7.00964e-06


No. of Data Rows : 4001
Fourier analysis for v(vsn):
  No. Harmonics: 10, THD: 1.82423e-10 %, Gridsize: 8192, Interpolation Degree: 1, No. Periods: 1

Harmonic Frequency       Magnitude       Phase           Norm. Mag       Norm. Phase    
-------- ---------       ---------       -----           ---------       -----------    
 0       0               -1.22454477e-12 0               0               0              
 1       1000            3.81799686      -3.71591613e-11 1               0              
 2       2000            2.459847601e-12 -89.4460182     6.4427701e-13   -89.4460182    
 3       3000            2.468423083e-12 -89.8027962     6.465230783e-13 -89.8027962    
 4       4000            2.490441226e-12 -88.3667386     6.522900143e-13 -88.3667386    
 5       5000            2.480985163e-12 -88.9950906     6.498133063e-13 -88.9950906    
 6       6000            2.441255333e-12 -89.3827447     6.394073705e-13 -89.3827447    
 7       7000            2.434110817e-12 -88.6304784     6.375360972e-13 -88.6304784    
 8       8000            2.463075865e-12 -87.6315719     6.451225487e-13 -87.6315719    
 9       9000            2.461053183e-12 -87.6257769     6.44592773e-13  -87.6257769    

Fourier analysis for v(ain):
  No. Harmonics: 10, THD: 122.853 %, Gridsize: 8192, Interpolation Degree: 1, No. Periods: 1

Harmonic Frequency       Magnitude       Phase           Norm. Mag       Norm. Phase    
-------- ---------       ---------       -----           ---------       -----------    
 0       0               -0.0203542743   0               0               0              
 1       1000            0.03686659875   -0.0610312127   1               0              
 2       2000            0.03190376044   89.86963546     0.8653838847    89.93066668    
 3       3000            0.0249170991    179.7999288     0.675871926     179.8609601    
 4       4000            0.01713211113   -90.2775287     0.464705498     -90.2164975    
 5       5000            0.009878832907  -0.373016916    0.2679616033    -0.311985703   
 6       6000            0.004161806138  89.47110871     0.1128882587    89.53213992    
 7       7000            0.0004641660505 178.3327873     0.0125904224    178.3938185    
 8       8000            0.001276937438  89.81292342     0.03463670319   89.87395463    
 9       9000            0.001536529985  179.5519011     0.0416781053    179.6129323    

Doing analysis at TEMP = 27.000000 and TNOM = 27.000000

Using SPARSE 1.3 as Direct Linear Solver

Initial Transient Solution
--------------------------

Node                                   Voltage
----                                   -------
vsn                                          0
srcx                              -1.05145e-05
ain                                -0.00110559
gs                                    -7.00964
gp                                    -2.45356
csf                                   -13.5982
cpf                                    -4.7594
cs                                         -15
cp                                       -5.25
vcp#branch                         4.90603e-06
vcs#branch                         1.40182e-05
vsrc#branch                       -7.00964e-06

 Reference value :  3.00007e-04
No. of Data Rows : 4001
Fourier analysis for v(vsn):
  No. Harmonics: 10, THD: 1.83239e-10 %, Gridsize: 8192, Interpolation Degree: 1, No. Periods: 1

Harmonic Frequency       Magnitude       Phase           Norm. Mag       Norm. Phase    
-------- ---------       ---------       -----           ---------       -----------    
 0       0               -1.22047511e-12 0               0               0              
 1       20000           3.81799686      -3.74644408e-11 1               0              
 2       40000           2.441485255e-12 -87.6909717     6.394675912e-13 -87.6909717    
 3       60000           2.482056324e-12 -88.0223523     6.50093862e-13  -88.0223523    
 4       80000           2.495568762e-12 -90.579458      6.536330055e-13 -90.579458     
 5       100000          2.488585988e-12 -87.9105573     6.51804095e-13  -87.9105573    
 6       120000          2.563165169e-12 -87.4528109     6.713376838e-13 -87.4528109    
 7       140000          2.462392976e-12 -88.6343298     6.449436882e-13 -88.6343298    
 8       160000          2.443844329e-12 -90.6396608     6.400854739e-13 -90.6396608    
 9       180000          2.407716348e-12 -87.4077148     6.306229252e-13 -87.4077148    

Fourier analysis for v(ain):
  No. Harmonics: 10, THD: 122.716 %, Gridsize: 8192, Interpolation Degree: 1, No. Periods: 1

Harmonic Frequency       Magnitude       Phase           Norm. Mag       Norm. Phase    
-------- ---------       ---------       -----           ---------       -----------    
 0       0               -0.019804926    0               0               0              
 1       20000           0.03581056073   -1.73929811     1               0              
 2       40000           0.03097759844   86.3411111      0.8650408654    88.08040921    
 3       60000           0.02417736768   174.4352693     0.6751463029    176.1745675    
 4       80000           0.01660367107   -97.6013454     0.4636529206    -95.8620472    
 5       100000          0.009553617343  -9.94733647     0.266782121     -8.20803836    
 6       120000          0.004006096977  76.64690813     0.1118691497    78.38620625    
 7       140000          0.0004529123679 145.7014907     0.01264745256   147.4407888    
 8       160000          0.001262103849  81.31402394     0.03524390077   83.05332206    
 9       180000          0.001495435195  166.2981571     0.04175961407   168.0374552    

Doing analysis at TEMP = 27.000000 and TNOM = 27.000000

Using SPARSE 1.3 as Direct Linear Solver

No. of Data Rows : 1
h1k = 2.8308358433e-05
Doing analysis at TEMP = 27.000000 and TNOM = 27.000000

Using SPARSE 1.3 as Direct Linear Solver

No. of Data Rows : 1
h20k = 3.0356401460e-05
Doing analysis at TEMP = 27.000000 and TNOM = 27.000000

Using SPARSE 1.3 as Direct Linear Solver

No. of Data Rows : 1
mag(v(ain)) = 2.9560114550e-05
Doing analysis at TEMP = 27.000000 and TNOM = 27.000000

Using SPARSE 1.3 as Direct Linear Solver

No. of Data Rows : 61
zmin = 1.3003226848e+06
Doing analysis at TEMP = 27.000000 and TNOM = 27.000000

Using SPARSE 1.3 as Direct Linear Solver

No. of Data Rows : 1
cvcs1k = 2.8334188537e-05
Doing analysis at TEMP = 27.000000 and TNOM = 27.000000

Using SPARSE 1.3 as Direct Linear Solver

No. of Data Rows : 1
cvcs20k = 3.0347284321e-05
Doing analysis at TEMP = 27.000000 and TNOM = 27.000000

Using SPARSE 1.3 as Direct Linear Solver

No. of Data Rows : 1
cvcp1k = 2.8641254807e-05
Doing analysis at TEMP = 27.000000 and TNOM = 27.000000

Using SPARSE 1.3 as Direct Linear Solver

No. of Data Rows : 1
cvcp20k = 3.0254321241e-05
L47B1_CASO d=0.8500
Doing analysis at TEMP = 27.000000 and TNOM = 27.000000

Using SPARSE 1.3 as Direct Linear Solver

Initial Transient Solution
--------------------------

Node                                   Voltage
----                                   -------
vsn                                          0
srcx                              -1.05144e-05
ain                               -0.000935984
gs                                    -7.00959
gp                                    -2.10305
csf                                   -13.5982
cpf                                   -4.07948
cs                                         -15
cp                                        -4.5
vcp#branch                         4.20517e-06
vcs#branch                         1.40183e-05
vsrc#branch                       -7.00959e-06


No. of Data Rows : 4001
Fourier analysis for v(vsn):
  No. Harmonics: 10, THD: 1.82423e-10 %, Gridsize: 8192, Interpolation Degree: 1, No. Periods: 1

Harmonic Frequency       Magnitude       Phase           Norm. Mag       Norm. Phase    
-------- ---------       ---------       -----           ---------       -----------    
 0       0               -1.22454477e-12 0               0               0              
 1       1000            3.81799686      -3.71591613e-11 1               0              
 2       2000            2.459847601e-12 -89.4460182     6.4427701e-13   -89.4460182    
 3       3000            2.468423083e-12 -89.8027962     6.465230783e-13 -89.8027962    
 4       4000            2.490441226e-12 -88.3667386     6.522900143e-13 -88.3667386    
 5       5000            2.480985163e-12 -88.9950906     6.498133063e-13 -88.9950906    
 6       6000            2.441255333e-12 -89.3827447     6.394073705e-13 -89.3827447    
 7       7000            2.434110817e-12 -88.6304784     6.375360972e-13 -88.6304784    
 8       8000            2.463075865e-12 -87.6315719     6.451225487e-13 -87.6315719    
 9       9000            2.461053183e-12 -87.6257769     6.44592773e-13  -87.6257769    

Fourier analysis for v(ain):
  No. Harmonics: 10, THD: 122.998 %, Gridsize: 8192, Interpolation Degree: 1, No. Periods: 1

Harmonic Frequency       Magnitude       Phase           Norm. Mag       Norm. Phase    
-------- ---------       ---------       -----           ---------       -----------    
 0       0               -0.0180344267   0               0               0              
 1       1000            0.03275098397   -0.0591483496   1               0              
 2       2000            0.02835327496   89.87355962     0.8657228431    89.93270797    
 3       3000            0.02215969771   179.8060442     0.6766116626    179.8651925    
 4       4000            0.01525572026   -90.2688219     0.4658095241    -90.2096736    
 5       5000            0.008819201427  -0.360760283    0.2692805027    -0.301611933   
 6       6000            0.003740537118  89.49053917     0.1142114424    89.54968752    
 7       7000            0.0004491363242 178.4898854     0.01371367421   178.5490337    
 8       8000            0.001108618786  89.8260361      0.03384993829   89.88518445    
 9       9000            0.001351544448  179.5705954     0.04126729289   179.6297437    

Doing analysis at TEMP = 27.000000 and TNOM = 27.000000

Using SPARSE 1.3 as Direct Linear Solver

Initial Transient Solution
--------------------------

Node                                   Voltage
----                                   -------
vsn                                          0
srcx                              -1.05144e-05
ain                               -0.000935984
gs                                    -7.00959
gp                                    -2.10305
csf                                   -13.5982
cpf                                   -4.07948
cs                                         -15
cp                                        -4.5
vcp#branch                         4.20517e-06
vcs#branch                         1.40183e-05
vsrc#branch                       -7.00959e-06


No. of Data Rows : 4001
Fourier analysis for v(vsn):
  No. Harmonics: 10, THD: 1.83239e-10 %, Gridsize: 8192, Interpolation Degree: 1, No. Periods: 1

Harmonic Frequency       Magnitude       Phase           Norm. Mag       Norm. Phase    
-------- ---------       ---------       -----           ---------       -----------    
 0       0               -1.22047511e-12 0               0               0              
 1       20000           3.81799686      -3.74644408e-11 1               0              
 2       40000           2.441485255e-12 -87.6909717     6.394675912e-13 -87.6909717    
 3       60000           2.482056324e-12 -88.0223523     6.50093862e-13  -88.0223523    
 4       80000           2.495568762e-12 -90.579458      6.536330055e-13 -90.579458     
 5       100000          2.488585988e-12 -87.9105573     6.51804095e-13  -87.9105573    
 6       120000          2.563165169e-12 -87.4528109     6.713376838e-13 -87.4528109    
 7       140000          2.462392976e-12 -88.6343298     6.449436882e-13 -88.6343298    
 8       160000          2.443844329e-12 -90.6396608     6.400854739e-13 -90.6396608    
 9       180000          2.407716348e-12 -87.4077148     6.306229252e-13 -87.4077148    

Fourier analysis for v(ain):
  No. Harmonics: 10, THD: 122.895 %, Gridsize: 8192, Interpolation Degree: 1, No. Periods: 1

Harmonic Frequency       Magnitude       Phase           Norm. Mag       Norm. Phase    
-------- ---------       ---------       -----           ---------       -----------    
 0       0               -0.0175485256   0               0               0              
 1       20000           0.03181778785   -1.70819493     1               0              
 2       40000           0.02753713331   86.40643934     0.8654634773    88.11463427    
 3       60000           0.02151104981   174.5370625     0.6760699364    176.2452575    
 4       80000           0.01479576884   -97.456435      0.4650156356    -95.7482401    
 5       100000          0.008539128997  -9.74279813     0.2683759486    -8.0346032     
 6       120000          0.003608537851  76.97699881     0.1134125939    78.68519374    
 7       140000          0.0004379424993 148.5568739     0.01376407755   150.2650688    
 8       160000          0.001095395659  81.51822103     0.034427147     83.22641596    
 9       180000          0.00131769836   166.5740468     0.04141388982   168.2822417    

Doing analysis at TEMP = 27.000000 and TNOM = 27.000000

Using SPARSE 1.3 as Direct Linear Solver

No. of Data Rows : 1
h1k = 2.4888195211e-05
Doing analysis at TEMP = 27.000000 and TNOM = 27.000000

Using SPARSE 1.3 as Direct Linear Solver

No. of Data Rows : 1
h20k = 2.6688753644e-05
Doing analysis at TEMP = 27.000000 and TNOM = 27.000000

Using SPARSE 1.3 as Direct Linear Solver

No. of Data Rows : 1
mag(v(ain)) = 2.5988678719e-05
Doing analysis at TEMP = 27.000000 and TNOM = 27.000000

Using SPARSE 1.3 as Direct Linear Solver

No. of Data Rows : 61
zmin = 1.3003213071e+06
Doing analysis at TEMP = 27.000000 and TNOM = 27.000000

Using SPARSE 1.3 as Direct Linear Solver

No. of Data Rows : 1
cvcs1k = 2.4910904549e-05
Doing analysis at TEMP = 27.000000 and TNOM = 27.000000

Using SPARSE 1.3 as Direct Linear Solver

No. of Data Rows : 1
cvcs20k = 2.6680738014e-05
Doing analysis at TEMP = 27.000000 and TNOM = 27.000000

Using SPARSE 1.3 as Direct Linear Solver

No. of Data Rows : 1
cvcp1k = 2.5114461032e-05
Doing analysis at TEMP = 27.000000 and TNOM = 27.000000

Using SPARSE 1.3 as Direct Linear Solver

No. of Data Rows : 1
cvcp20k = 2.6611649726e-05
L47B1_CASO d=0.8750
Doing analysis at TEMP = 27.000000 and TNOM = 27.000000

Using SPARSE 1.3 as Direct Linear Solver

Initial Transient Solution
--------------------------

Node                                   Voltage
----                                   -------
vsn                                          0
srcx                              -1.05143e-05
ain                               -0.000802964
gs                                    -7.00956
gp                                    -1.75255
csf                                   -13.5982
cpf                                   -3.39957
cs                                         -15
cp                                       -3.75
vcp#branch                          3.5043e-06
vcs#branch                         1.40183e-05
vsrc#branch                       -7.00956e-06


No. of Data Rows : 4001
Fourier analysis for v(vsn):
  No. Harmonics: 10, THD: 1.82423e-10 %, Gridsize: 8192, Interpolation Degree: 1, No. Periods: 1

Harmonic Frequency       Magnitude       Phase           Norm. Mag       Norm. Phase    
-------- ---------       ---------       -----           ---------       -----------    
 0       0               -1.22454477e-12 0               0               0              
 1       1000            3.81799686      -3.71591613e-11 1               0              
 2       2000            2.459847601e-12 -89.4460182     6.4427701e-13   -89.4460182    
 3       3000            2.468423083e-12 -89.8027962     6.465230783e-13 -89.8027962    
 4       4000            2.490441226e-12 -88.3667386     6.522900143e-13 -88.3667386    
 5       5000            2.480985163e-12 -88.9950906     6.498133063e-13 -88.9950906    
 6       6000            2.441255333e-12 -89.3827447     6.394073705e-13 -89.3827447    
 7       7000            2.434110817e-12 -88.6304784     6.375360972e-13 -88.6304784    
 8       8000            2.463075865e-12 -87.6315719     6.451225487e-13 -87.6315719    
 9       9000            2.461053183e-12 -87.6257769     6.44592773e-13  -87.6257769    

Fourier analysis for v(ain):
  No. Harmonics: 10, THD: 123.11 %, Gridsize: 8192, Interpolation Degree: 1, No. Periods: 1

Harmonic Frequency       Magnitude       Phase           Norm. Mag       Norm. Phase    
-------- ---------       ---------       -----           ---------       -----------    
 0       0               -0.0161811536   0               0               0              
 1       1000            0.02945782716   -0.0575516918   1               0              
 2       2000            0.0255100276    89.87688846     0.8659846993    89.93444015    
 3       3000            0.01994834996   179.8112508     0.6771833459    179.8688025    
 4       4000            0.01374687894   -90.2613655     0.4666630321    -90.2038138    
 5       5000            0.007962468142  -0.350168261    0.2703005927    -0.292616569   
 6       6000            0.003394588429  89.50751503     0.1152355335    89.56506673    
 7       7000            0.0004296123232 178.607162      0.01458397868   178.6647137    
 8       8000            0.0009791526826 89.83363911     0.03323913462   89.8911908     
 9       9000            0.001206205011  179.5844659     0.04094684256   179.6420176    

Doing analysis at TEMP = 27.000000 and TNOM = 27.000000

Using SPARSE 1.3 as Direct Linear Solver

Initial Transient Solution
--------------------------

Node                                   Voltage
----                                   -------
vsn                                          0
srcx                              -1.05143e-05
ain                               -0.000802964
gs                                    -7.00956
gp                                    -1.75255
csf                                   -13.5982
cpf                                   -3.39957
cs                                         -15
cp                                       -3.75
vcp#branch                          3.5043e-06
vcs#branch                         1.40183e-05
vsrc#branch                       -7.00956e-06


No. of Data Rows : 4001
Fourier analysis for v(vsn):
  No. Harmonics: 10, THD: 1.83239e-10 %, Gridsize: 8192, Interpolation Degree: 1, No. Periods: 1

Harmonic Frequency       Magnitude       Phase           Norm. Mag       Norm. Phase    
-------- ---------       ---------       -----           ---------       -----------    
 0       0               -1.22047511e-12 0               0               0              
 1       20000           3.81799686      -3.74644408e-11 1               0              
 2       40000           2.441485255e-12 -87.6909717     6.394675912e-13 -87.6909717    
 3       60000           2.482056324e-12 -88.0223523     6.50093862e-13  -88.0223523    
 4       80000           2.495568762e-12 -90.579458      6.536330055e-13 -90.579458     
 5       100000          2.488585988e-12 -87.9105573     6.51804095e-13  -87.9105573    
 6       120000          2.563165169e-12 -87.4528109     6.713376838e-13 -87.4528109    
 7       140000          2.462392976e-12 -88.6343298     6.449436882e-13 -88.6343298    
 8       160000          2.443844329e-12 -90.6396608     6.400854739e-13 -90.6396608    
 9       180000          2.407716348e-12 -87.4077148     6.306229252e-13 -87.4077148    

Fourier analysis for v(ain):
  No. Harmonics: 10, THD: 123.037 %, Gridsize: 8192, Interpolation Degree: 1, No. Periods: 1

Harmonic Frequency       Magnitude       Phase           Norm. Mag       Norm. Phase    
-------- ---------       ---------       -----           ---------       -----------    
 0       0               -0.0157462048   0               0               0              
 1       20000           0.02862316719   -1.68203602     1               0              
 2       40000           0.02478185582   86.4613401      0.8657971233    88.14337612    
 3       60000           0.01937215812   174.6228139     0.6767999498    176.3048499    
 4       80000           0.01334106742   -97.3338825     0.4660933337    -95.6518464    
 5       100000          0.007717870481  -9.56880878     0.2696371938    -7.88677276    
 6       120000          0.003281212143  77.25901747     0.1146348383    78.94105349    
 7       140000          0.0004196046693 150.6545544     0.01465961703   152.3365904    
 8       160000          0.0009667200319 81.6477339      0.03377404133   83.32976992    
 9       180000          0.001177406206  166.7819638     0.04113472832   168.4639998    

Doing analysis at TEMP = 27.000000 and TNOM = 27.000000

Using SPARSE 1.3 as Direct Linear Solver

No. of Data Rows : 1
h1k = 2.2205635819e-05
Doing analysis at TEMP = 27.000000 and TNOM = 27.000000

Using SPARSE 1.3 as Direct Linear Solver

No. of Data Rows : 1
h20k = 2.3812093376e-05
Doing analysis at TEMP = 27.000000 and TNOM = 27.000000

Using SPARSE 1.3 as Direct Linear Solver

No. of Data Rows : 1
mag(v(ain)) = 2.3187480668e-05
Doing analysis at TEMP = 27.000000 and TNOM = 27.000000

Using SPARSE 1.3 as Direct Linear Solver

No. of Data Rows : 61
zmin = 1.3003202265e+06
Doing analysis at TEMP = 27.000000 and TNOM = 27.000000

Using SPARSE 1.3 as Direct Linear Solver

No. of Data Rows : 1
cvcs1k = 2.2225897430e-05
Doing analysis at TEMP = 27.000000 and TNOM = 27.000000

Using SPARSE 1.3 as Direct Linear Solver

No. of Data Rows : 1
cvcs20k = 2.3804941701e-05
Doing analysis at TEMP = 27.000000 and TNOM = 27.000000

Using SPARSE 1.3 as Direct Linear Solver

No. of Data Rows : 1
cvcp1k = 2.2366830301e-05
Doing analysis at TEMP = 27.000000 and TNOM = 27.000000

Using SPARSE 1.3 as Direct Linear Solver

No. of Data Rows : 1
cvcp20k = 2.3752267011e-05
L47B1_CASO d=0.9000
Doing analysis at TEMP = 27.000000 and TNOM = 27.000000

Using SPARSE 1.3 as Direct Linear Solver

Initial Transient Solution
--------------------------

Node                                   Voltage
----                                   -------
vsn                                          0
srcx                              -1.05143e-05
ain                               -0.000695842
gs                                    -7.00953
gp                                    -1.40205
csf                                   -13.5982
cpf                                   -2.71966
cs                                         -15
cp                                          -3
vcp#branch                         2.80341e-06
vcs#branch                         1.40184e-05
vsrc#branch                       -7.00953e-06


No. of Data Rows : 4001
Fourier analysis for v(vsn):
  No. Harmonics: 10, THD: 1.82423e-10 %, Gridsize: 8192, Interpolation Degree: 1, No. Periods: 1

Harmonic Frequency       Magnitude       Phase           Norm. Mag       Norm. Phase    
-------- ---------       ---------       -----           ---------       -----------    
 0       0               -1.22454477e-12 0               0               0              
 1       1000            3.81799686      -3.71591613e-11 1               0              
 2       2000            2.459847601e-12 -89.4460182     6.4427701e-13   -89.4460182    
 3       3000            2.468423083e-12 -89.8027962     6.465230783e-13 -89.8027962    
 4       4000            2.490441226e-12 -88.3667386     6.522900143e-13 -88.3667386    
 5       5000            2.480985163e-12 -88.9950906     6.498133063e-13 -88.9950906    
 6       6000            2.441255333e-12 -89.3827447     6.394073705e-13 -89.3827447    
 7       7000            2.434110817e-12 -88.6304784     6.375360972e-13 -88.6304784    
 8       8000            2.463075865e-12 -87.6315719     6.451225487e-13 -87.6315719    
 9       9000            2.461053183e-12 -87.6257769     6.44592773e-13  -87.6257769    

Fourier analysis for v(ain):
  No. Harmonics: 10, THD: 123.2 %, Gridsize: 8192, Interpolation Degree: 1, No. Periods: 1

Harmonic Frequency       Magnitude       Phase           Norm. Mag       Norm. Phase    
-------- ---------       ---------       -----           ---------       -----------    
 0       0               -0.0146670466   0               0               0              
 1       1000            0.02676402024   -0.056180799    1               0              
 2       2000            0.02318280018   89.87974758     0.8661927459    89.93592838    
 3       3000            0.01813630806   179.8157357     0.6776376606    179.8719165    
 4       4000            0.01250793656   -90.2549131     0.4673414698    -90.1987323    
 5       5000            0.007256038953  -0.340937984    0.2711116973    -0.284757185   
 6       6000            0.003105969793  89.52243264     0.1160501959    89.57861344    
 7       7000            0.000408869285  178.6995461     0.01527682618   178.7557269    
 8       8000            0.0008765806742 89.83762539     0.03275220487   89.89380619    
 9       9000            0.001089042585  179.5949676     0.04069054555   179.6511484    

Doing analysis at TEMP = 27.000000 and TNOM = 27.000000

Using SPARSE 1.3 as Direct Linear Solver

Initial Transient Solution
--------------------------

Node                                   Voltage
----                                   -------
vsn                                          0
srcx                              -1.05143e-05
ain                               -0.000695842
gs                                    -7.00953
gp                                    -1.40205
csf                                   -13.5982
cpf                                   -2.71966
cs                                         -15
cp                                          -3
vcp#branch                         2.80341e-06
vcs#branch                         1.40184e-05
vsrc#branch                       -7.00953e-06


No. of Data Rows : 4001
Fourier analysis for v(vsn):
  No. Harmonics: 10, THD: 1.83239e-10 %, Gridsize: 8192, Interpolation Degree: 1, No. Periods: 1

Harmonic Frequency       Magnitude       Phase           Norm. Mag       Norm. Phase    
-------- ---------       ---------       -----           ---------       -----------    
 0       0               -1.22047511e-12 0               0               0              
 1       20000           3.81799686      -3.74644408e-11 1               0              
 2       40000           2.441485255e-12 -87.6909717     6.394675912e-13 -87.6909717    
 3       60000           2.482056324e-12 -88.0223523     6.50093862e-13  -88.0223523    
 4       80000           2.495568762e-12 -90.579458      6.536330055e-13 -90.579458     
 5       100000          2.488585988e-12 -87.9105573     6.51804095e-13  -87.9105573    
 6       120000          2.563165169e-12 -87.4528109     6.713376838e-13 -87.4528109    
 7       140000          2.462392976e-12 -88.6343298     6.449436882e-13 -88.6343298    
 8       160000          2.443844329e-12 -90.6396608     6.400854739e-13 -90.6396608    
 9       180000          2.407716348e-12 -87.4077148     6.306229252e-13 -87.4077148    

Fourier analysis for v(ain):
  No. Harmonics: 10, THD: 123.152 %, Gridsize: 8192, Interpolation Degree: 1, No. Periods: 1

Harmonic Frequency       Magnitude       Phase           Norm. Mag       Norm. Phase    
-------- ---------       ---------       -----           ---------       -----------    
 0       0               -0.0142738169   0               0               0              
 1       20000           0.02600995665   -1.6598079      1               0              
 2       40000           0.02252637226   86.50796771     0.8660672745    88.16777561    
 3       60000           0.01761892614   174.6957738     0.6773915995    176.3555817    
 4       80000           0.01214579765   -97.2293136     0.4669672393    -95.5695057    
 5       100000          0.00703986809   -9.41974005     0.2706605084    -7.75993215    
 6       120000          0.003007458351  77.50129909     0.1156271959    79.16110699    
 7       140000          0.0004003861572 152.2718343     0.01539357265   153.9316421    
 8       160000          0.0008645616582 81.7293634      0.03323964242   83.3891713     
 9       180000          0.001063923699  166.9428875     0.04090447799   168.6026954    

Doing analysis at TEMP = 27.000000 and TNOM = 27.000000

Using SPARSE 1.3 as Direct Linear Solver

No. of Data Rows : 1
h1k = 2.0045323725e-05
Doing analysis at TEMP = 27.000000 and TNOM = 27.000000

Using SPARSE 1.3 as Direct Linear Solver

No. of Data Rows : 1
h20k = 2.1495474287e-05
Doing analysis at TEMP = 27.000000 and TNOM = 27.000000

Using SPARSE 1.3 as Direct Linear Solver

No. of Data Rows : 1
mag(v(ain)) = 2.0931632520e-05
Doing analysis at TEMP = 27.000000 and TNOM = 27.000000

Using SPARSE 1.3 as Direct Linear Solver

No. of Data Rows : 61
zmin = 1.3003193563e+06
Doing analysis at TEMP = 27.000000 and TNOM = 27.000000

Using SPARSE 1.3 as Direct Linear Solver

No. of Data Rows : 1
cvcs1k = 2.0063614141e-05
Doing analysis at TEMP = 27.000000 and TNOM = 27.000000

Using SPARSE 1.3 as Direct Linear Solver

No. of Data Rows : 1
cvcs20k = 2.1489018370e-05
Doing analysis at TEMP = 27.000000 and TNOM = 27.000000

Using SPARSE 1.3 as Direct Linear Solver

No. of Data Rows : 1
cvcp1k = 2.0164687210e-05
Doing analysis at TEMP = 27.000000 and TNOM = 27.000000

Using SPARSE 1.3 as Direct Linear Solver

No. of Data Rows : 1
cvcp20k = 2.1448100810e-05
L47B1_CASO d=0.9250
Doing analysis at TEMP = 27.000000 and TNOM = 27.000000

Using SPARSE 1.3 as Direct Linear Solver

Initial Transient Solution
--------------------------

Node                                   Voltage
----                                   -------
vsn                                          0
srcx                              -1.05143e-05
ain                               -0.000607726
gs                                    -7.00951
gp                                    -1.05156
csf                                   -13.5982
cpf                                   -2.03975
cs                                         -15
cp                                       -2.25
vcp#branch                         2.10252e-06
vcs#branch                         1.40184e-05
vsrc#branch                        -7.0095e-06


No. of Data Rows : 4001
Fourier analysis for v(vsn):
  No. Harmonics: 10, THD: 1.82423e-10 %, Gridsize: 8192, Interpolation Degree: 1, No. Periods: 1

Harmonic Frequency       Magnitude       Phase           Norm. Mag       Norm. Phase    
-------- ---------       ---------       -----           ---------       -----------    
 0       0               -1.22454477e-12 0               0               0              
 1       1000            3.81799686      -3.71591613e-11 1               0              
 2       2000            2.459847601e-12 -89.4460182     6.4427701e-13   -89.4460182    
 3       3000            2.468423083e-12 -89.8027962     6.465230783e-13 -89.8027962    
 4       4000            2.490441226e-12 -88.3667386     6.522900143e-13 -88.3667386    
 5       5000            2.480985163e-12 -88.9950906     6.498133063e-13 -88.9950906    
 6       6000            2.441255333e-12 -89.3827447     6.394073705e-13 -89.3827447    
 7       7000            2.434110817e-12 -88.6304784     6.375360972e-13 -88.6304784    
 8       8000            2.463075865e-12 -87.6315719     6.451225487e-13 -87.6315719    
 9       9000            2.461053183e-12 -87.6257769     6.44592773e-13  -87.6257769    

Fourier analysis for v(ain):
  No. Harmonics: 10, THD: 123.273 %, Gridsize: 8192, Interpolation Degree: 1, No. Periods: 1

Harmonic Frequency       Magnitude       Phase           Norm. Mag       Norm. Phase    
-------- ---------       ---------       -----           ---------       -----------    
 0       0               -0.0134070822   0               0               0              
 1       1000            0.02452017255   -0.0549875965   1               0              
 2       2000            0.0212433418    89.88223702     0.8663618398    89.93722461    
 3       3000            0.01662484791   179.8196504     0.6780069706    179.874638     
 4       4000            0.01147281848   -90.2492586     0.4678930564    -90.194271     
 5       5000            0.006663878923  -0.332800053    0.2717712899    -0.277812456   
 6       6000            0.002861820383  89.53568203     0.1167128974    89.59066962    
 7       7000            0.0003884175363 178.7753091     0.01584073421   178.8302967    
 8       8000            0.0007933625447 89.83911135     0.03235550415   89.89409894    
 9       9000            0.0009926074489 179.6030204     0.04048125872   179.658008     

Doing analysis at TEMP = 27.000000 and TNOM = 27.000000

Using SPARSE 1.3 as Direct Linear Solver

Initial Transient Solution
--------------------------

Node                                   Voltage
----                                   -------
vsn                                          0
srcx                              -1.05143e-05
ain                               -0.000607726
gs                                    -7.00951
gp                                    -1.05156
csf                                   -13.5982
cpf                                   -2.03975
cs                                         -15
cp                                       -2.25
vcp#branch                         2.10252e-06
vcs#branch                         1.40184e-05
vsrc#branch                        -7.0095e-06


No. of Data Rows : 4001
Fourier analysis for v(vsn):
  No. Harmonics: 10, THD: 1.83239e-10 %, Gridsize: 8192, Interpolation Degree: 1, No. Periods: 1

Harmonic Frequency       Magnitude       Phase           Norm. Mag       Norm. Phase    
-------- ---------       ---------       -----           ---------       -----------    
 0       0               -1.22047511e-12 0               0               0              
 1       20000           3.81799686      -3.74644408e-11 1               0              
 2       40000           2.441485255e-12 -87.6909717     6.394675912e-13 -87.6909717    
 3       60000           2.482056324e-12 -88.0223523     6.50093862e-13  -88.0223523    
 4       80000           2.495568762e-12 -90.579458      6.536330055e-13 -90.579458     
 5       100000          2.488585988e-12 -87.9105573     6.51804095e-13  -87.9105573    
 6       120000          2.563165169e-12 -87.4528109     6.713376838e-13 -87.4528109    
 7       140000          2.462392976e-12 -88.6343298     6.449436882e-13 -88.6343298    
 8       160000          2.443844329e-12 -90.6396608     6.400854739e-13 -90.6396608    
 9       180000          2.407716348e-12 -87.4077148     6.306229252e-13 -87.4077148    

Fourier analysis for v(ain):
  No. Harmonics: 10, THD: 123.247 %, Gridsize: 8192, Interpolation Degree: 1, No. Periods: 1

Harmonic Frequency       Magnitude       Phase           Norm. Mag       Norm. Phase    
-------- ---------       ---------       -----           ---------       -----------    
 0       0               -0.0130485993   0               0               0              
 1       20000           0.02383317316   -1.64073682     1               0              
 2       40000           0.02064645455   86.54796051     0.8662906283    88.18869733    
 3       60000           0.01615605961   174.7584384     0.6778811828    176.3991752    
 4       80000           0.01114655489   -97.1393091     0.4676907607    -95.4985722    
 5       100000          0.006470901582  -9.29105088     0.2715081848    -7.65031406    
 6       120000          0.002775368394  77.71080945     0.1164498061    79.35154626    
 7       140000          0.0003814879313 153.5617611     0.0160065942    155.2024979    
 8       160000          0.0007815808817 81.7798524      0.03279382382   83.42058921    
 9       180000          0.0009702734968 167.0704213     0.04071104969   168.7111581    

Doing analysis at TEMP = 27.000000 and TNOM = 27.000000

Using SPARSE 1.3 as Direct Linear Solver

No. of Data Rows : 1
h1k = 1.8268294483e-05
Doing analysis at TEMP = 27.000000 and TNOM = 27.000000

Using SPARSE 1.3 as Direct Linear Solver

No. of Data Rows : 1
h20k = 1.9589873420e-05
Doing analysis at TEMP = 27.000000 and TNOM = 27.000000

Using SPARSE 1.3 as Direct Linear Solver

No. of Data Rows : 1
mag(v(ain)) = 1.9076020733e-05
Doing analysis at TEMP = 27.000000 and TNOM = 27.000000

Using SPARSE 1.3 as Direct Linear Solver

No. of Data Rows : 61
zmin = 1.3003186406e+06
Doing analysis at TEMP = 27.000000 and TNOM = 27.000000

Using SPARSE 1.3 as Direct Linear Solver

No. of Data Rows : 1
cvcs1k = 1.8284963436e-05
Doing analysis at TEMP = 27.000000 and TNOM = 27.000000

Using SPARSE 1.3 as Direct Linear Solver

No. of Data Rows : 1
cvcs20k = 1.9583989820e-05
Doing analysis at TEMP = 27.000000 and TNOM = 27.000000

Using SPARSE 1.3 as Direct Linear Solver

No. of Data Rows : 1
cvcp1k = 1.8359642524e-05
Doing analysis at TEMP = 27.000000 and TNOM = 27.000000

Using SPARSE 1.3 as Direct Linear Solver

No. of Data Rows : 1
cvcp20k = 1.9551786196e-05
L47B1_CASO d=0.9500
Doing analysis at TEMP = 27.000000 and TNOM = 27.000000

Using SPARSE 1.3 as Direct Linear Solver

Initial Transient Solution
--------------------------

Node                                   Voltage
----                                   -------
vsn                                          0
srcx                              -1.05142e-05
ain                               -0.000533968
gs                                    -7.00949
gp                                   -0.701076
csf                                   -13.5982
cpf                                   -1.35984
cs                                         -15
cp                                        -1.5
vcp#branch                         1.40162e-06
vcs#branch                         1.40184e-05
vsrc#branch                       -7.00948e-06


No. of Data Rows : 4001
Fourier analysis for v(vsn):
  No. Harmonics: 10, THD: 1.82423e-10 %, Gridsize: 8192, Interpolation Degree: 1, No. Periods: 1

Harmonic Frequency       Magnitude       Phase           Norm. Mag       Norm. Phase    
-------- ---------       ---------       -----           ---------       -----------    
 0       0               -1.22454477e-12 0               0               0              
 1       1000            3.81799686      -3.71591613e-11 1               0              
 2       2000            2.459847601e-12 -89.4460182     6.4427701e-13   -89.4460182    
 3       3000            2.468423083e-12 -89.8027962     6.465230783e-13 -89.8027962    
 4       4000            2.490441226e-12 -88.3667386     6.522900143e-13 -88.3667386    
 5       5000            2.480985163e-12 -88.9950906     6.498133063e-13 -88.9950906    
 6       6000            2.441255333e-12 -89.3827447     6.394073705e-13 -89.3827447    
 7       7000            2.434110817e-12 -88.6304784     6.375360972e-13 -88.6304784    
 8       8000            2.463075865e-12 -87.6315719     6.451225487e-13 -87.6315719    
 9       9000            2.461053183e-12 -87.6257769     6.44592773e-13  -87.6257769    

Fourier analysis for v(ain):
  No. Harmonics: 10, THD: 123.333 %, Gridsize: 8192, Interpolation Degree: 1, No. Periods: 1

Harmonic Frequency       Magnitude       Phase           Norm. Mag       Norm. Phase    
-------- ---------       ---------       -----           ---------       -----------    
 0       0               -0.0123423928   0               0               0              
 1       1000            0.02262258163   -0.0539330402   1               0              
 2       2000            0.01960250949   89.88443814     0.8665018791    89.93837118    
 3       3000            0.01534518792   179.8231201     0.6783128545    179.8770532    
 4       4000            0.01059528528   -90.2442278     0.4683499636    -90.1902947    
 5       5000            0.006160530515  -0.325517422    0.2723177493    -0.271584382   
 6       6000            0.002652770535  89.54762784     0.1172620604    89.60156088    
 7       7000            0.0003689337356 178.8396329     0.01630820662   178.8935659    
 8       8000            0.0007245200428 89.8387281      0.03202640859   89.89266114    
 9       9000            0.0009118563002 179.6092084     0.04030734931   179.6631414    

Doing analysis at TEMP = 27.000000 and TNOM = 27.000000

Using SPARSE 1.3 as Direct Linear Solver

Initial Transient Solution
--------------------------

Node                                   Voltage
----                                   -------
vsn                                          0
srcx                              -1.05142e-05
ain                               -0.000533968
gs                                    -7.00949
gp                                   -0.701076
csf                                   -13.5982
cpf                                   -1.35984
cs                                         -15
cp                                        -1.5
vcp#branch                         1.40162e-06
vcs#branch                         1.40184e-05
vsrc#branch                       -7.00948e-06


No. of Data Rows : 4001
Fourier analysis for v(vsn):
  No. Harmonics: 10, THD: 1.83239e-10 %, Gridsize: 8192, Interpolation Degree: 1, No. Periods: 1

Harmonic Frequency       Magnitude       Phase           Norm. Mag       Norm. Phase    
-------- ---------       ---------       -----           ---------       -----------    
 0       0               -1.22047511e-12 0               0               0              
 1       20000           3.81799686      -3.74644408e-11 1               0              
 2       40000           2.441485255e-12 -87.6909717     6.394675912e-13 -87.6909717    
 3       60000           2.482056324e-12 -88.0223523     6.50093862e-13  -88.0223523    
 4       80000           2.495568762e-12 -90.579458      6.536330055e-13 -90.579458     
 5       100000          2.488585988e-12 -87.9105573     6.51804095e-13  -87.9105573    
 6       120000          2.563165169e-12 -87.4528109     6.713376838e-13 -87.4528109    
 7       140000          2.462392976e-12 -88.6343298     6.449436882e-13 -88.6343298    
 8       160000          2.443844329e-12 -90.6396608     6.400854739e-13 -90.6396608    
 9       180000          2.407716348e-12 -87.4077148     6.306229252e-13 -87.4077148    

Fourier analysis for v(ain):
  No. Harmonics: 10, THD: 123.328 %, Gridsize: 8192, Interpolation Degree: 1, No. Periods: 1

Harmonic Frequency       Magnitude       Phase           Norm. Mag       Norm. Phase    
-------- ---------       ---------       -----           ---------       -----------    
 0       0               -0.0120132925   0               0               0              
 1       20000           0.02199224592   -1.62423603     1               0              
 2       40000           0.01905581045   86.5825585      0.8664785996    88.20679453    
 3       60000           0.01491719886   174.8127087     0.6782935635    176.4369448    
 4       80000           0.01029898016   -97.0612372     0.4683005182    -95.4370011    
 5       100000          0.005986794558  -9.17918443     0.2722229725    -7.5549484     
 6       120000          0.00257625917   77.89309758     0.1171439779    79.51733361    
 7       140000          0.0003634723617 154.6164038     0.01652729616   156.2406399    
 8       160000          0.0007128913601 81.81009929     0.03241557786   83.43433531    
 9       180000          0.0008916944968 167.1737307     0.04054585875   168.7979667    

Doing analysis at TEMP = 27.000000 and TNOM = 27.000000

Using SPARSE 1.3 as Direct Linear Solver

No. of Data Rows : 1
h1k = 1.6780865255e-05
Doing analysis at TEMP = 27.000000 and TNOM = 27.000000

Using SPARSE 1.3 as Direct Linear Solver

No. of Data Rows : 1
h20k = 1.7994827555e-05
Doing analysis at TEMP = 27.000000 and TNOM = 27.000000

Using SPARSE 1.3 as Direct Linear Solver

No. of Data Rows : 1
mag(v(ain)) = 1.7522817675e-05
Doing analysis at TEMP = 27.000000 and TNOM = 27.000000

Using SPARSE 1.3 as Direct Linear Solver

No. of Data Rows : 61
zmin = 1.3003180413e+06
Doing analysis at TEMP = 27.000000 and TNOM = 27.000000

Using SPARSE 1.3 as Direct Linear Solver

No. of Data Rows : 1
cvcs1k = 1.6796176993e-05
Doing analysis at TEMP = 27.000000 and TNOM = 27.000000

Using SPARSE 1.3 as Direct Linear Solver

No. of Data Rows : 1
cvcs20k = 1.7989423003e-05
Doing analysis at TEMP = 27.000000 and TNOM = 27.000000

Using SPARSE 1.3 as Direct Linear Solver

No. of Data Rows : 1
cvcp1k = 1.6852840424e-05
Doing analysis at TEMP = 27.000000 and TNOM = 27.000000

Using SPARSE 1.3 as Direct Linear Solver

No. of Data Rows : 1
cvcp20k = 1.7963872815e-05
L47B1_CASO d=0.9750
Doing analysis at TEMP = 27.000000 and TNOM = 27.000000

Using SPARSE 1.3 as Direct Linear Solver

Initial Transient Solution
--------------------------

Node                                   Voltage
----                                   -------
vsn                                          0
srcx                              -1.05142e-05
ain                               -0.000471323
gs                                    -7.00947
gp                                   -0.350593
csf                                   -13.5982
cpf                                  -0.679929
cs                                         -15
cp                                       -0.75
vcp#branch                         7.00715e-07
vcs#branch                         1.40185e-05
vsrc#branch                       -7.00947e-06


No. of Data Rows : 4001
Fourier analysis for v(vsn):
  No. Harmonics: 10, THD: 1.82423e-10 %, Gridsize: 8192, Interpolation Degree: 1, No. Periods: 1

Harmonic Frequency       Magnitude       Phase           Norm. Mag       Norm. Phase    
-------- ---------       ---------       -----           ---------       -----------    
 0       0               -1.22454477e-12 0               0               0              
 1       1000            3.81799686      -3.71591613e-11 1               0              
 2       2000            2.459847601e-12 -89.4460182     6.4427701e-13   -89.4460182    
 3       3000            2.468423083e-12 -89.8027962     6.465230783e-13 -89.8027962    
 4       4000            2.490441226e-12 -88.3667386     6.522900143e-13 -88.3667386    
 5       5000            2.480985163e-12 -88.9950906     6.498133063e-13 -88.9950906    
 6       6000            2.441255333e-12 -89.3827447     6.394073705e-13 -89.3827447    
 7       7000            2.434110817e-12 -88.6304784     6.375360972e-13 -88.6304784    
 8       8000            2.463075865e-12 -87.6315719     6.451225487e-13 -87.6315719    
 9       9000            2.461053183e-12 -87.6257769     6.44592773e-13  -87.6257769    

Fourier analysis for v(ain):
  No. Harmonics: 10, THD: 123.384 %, Gridsize: 8192, Interpolation Degree: 1, No. Periods: 1

Harmonic Frequency       Magnitude       Phase           Norm. Mag       Norm. Phase    
-------- ---------       ---------       -----           ---------       -----------    
 0       0               -0.0114309491   0               0               0              
 1       1000            0.02099705469   -0.0529834042   1               0              
 2       2000            0.01819646128   89.88642139     0.8666197021    89.93940479    
 3       3000            0.01424797621   179.8262545     0.6785702293    179.8792379    
 4       4000            0.00984204272   -90.2396642     0.4687344424    -90.1866808    
 5       5000            0.005727526962  -0.318868863    0.2727776371    -0.265885459   
 6       6000            0.002471863605  89.55862902     0.1177243019    89.61161242    
 7       7000            0.0003506884825 178.8962055     0.01670179402   178.9491889    
 8       8000            0.000666639211  89.83675617     0.03174917725   89.88973958    
 9       9000            0.0008432557493 179.6138831     0.04016066834   179.6668665    

Doing analysis at TEMP = 27.000000 and TNOM = 27.000000

Using SPARSE 1.3 as Direct Linear Solver

Initial Transient Solution
--------------------------

Node                                   Voltage
----                                   -------
vsn                                          0
srcx                              -1.05142e-05
ain                               -0.000471323
gs                                    -7.00947
gp                                   -0.350593
csf                                   -13.5982
cpf                                  -0.679929
cs                                         -15
cp                                       -0.75
vcp#branch                         7.00715e-07
vcs#branch                         1.40185e-05
vsrc#branch                       -7.00947e-06

 Reference value :  3.00022e-04
No. of Data Rows : 4001
Fourier analysis for v(vsn):
  No. Harmonics: 10, THD: 3.14504e-10 %, Gridsize: 8192, Interpolation Degree: 1, No. Periods: 1

Harmonic Frequency       Magnitude       Phase           Norm. Mag       Norm. Phase    
-------- ---------       ---------       -----           ---------       -----------    
 0       0               -2.10354997e-12 0               0               0              
 1       20000           3.81799686      -6.31457426e-11 1               0              
 2       40000           4.225966873e-12 -88.8882475     1.106854465e-12 -88.8882475    
 3       60000           4.230325305e-12 -91.0843956     1.107996015e-12 -91.0843956    
 4       80000           4.300462647e-12 -88.7972905     1.126366208e-12 -88.7972905    
 5       100000          4.246149408e-12 -90.1876138     1.112140623e-12 -90.1876138    
 6       120000          4.18084332e-12  -88.9284128     1.095035819e-12 -88.9284128    
 7       140000          4.238229527e-12 -88.7370428     1.110066268e-12 -88.7370428    
 8       160000          4.317089305e-12 -90.1845839     1.13072102e-12  -90.1845839    
 9       180000          4.222441323e-12 -89.2060429     1.105931062e-12 -89.2060429    

Fourier analysis for v(ain):
  No. Harmonics: 10, THD: 123.397 %, Gridsize: 8192, Interpolation Degree: 1, No. Periods: 1

Harmonic Frequency       Magnitude       Phase           Norm. Mag       Norm. Phase    
-------- ---------       ---------       -----           ---------       -----------    
 0       0               -0.0111270435   0               0               0              
 1       20000           0.02041527023   -1.60986394     1               0              
 2       40000           0.01769267544   86.61269497     0.8666392973    88.22255891    
 3       60000           0.01385475051   174.8600212     0.6786464422    176.4698852    
 4       80000           0.009571140206  -96.9930976     0.4688226067    -95.3832337    
 5       100000          0.005570007545  -9.08141159     0.2728353572    -7.47154765    
 6       120000          0.002403677507  78.05245075     0.1177391962    79.66231469    
 7       140000          0.0003465798622 155.4944715     0.01697650133   157.1043354    
 8       160000          0.000655120315  81.82758543     0.03208972048   83.43744937    
 9       180000          0.0008248298136 167.259254      0.04040259102   168.8691179    

Doing analysis at TEMP = 27.000000 and TNOM = 27.000000

Using SPARSE 1.3 as Direct Linear Solver

No. of Data Rows : 1
h1k = 1.5517581717e-05
Doing analysis at TEMP = 27.000000 and TNOM = 27.000000

Using SPARSE 1.3 as Direct Linear Solver

No. of Data Rows : 1
h20k = 1.6640145257e-05
Doing analysis at TEMP = 27.000000 and TNOM = 27.000000

Using SPARSE 1.3 as Direct Linear Solver

No. of Data Rows : 1
mag(v(ain)) = 1.6203673461e-05
Doing analysis at TEMP = 27.000000 and TNOM = 27.000000

Using SPARSE 1.3 as Direct Linear Solver

No. of Data Rows : 61
zmin = 1.3003175325e+06
Doing analysis at TEMP = 27.000000 and TNOM = 27.000000

Using SPARSE 1.3 as Direct Linear Solver

No. of Data Rows : 1
cvcs1k = 1.5531740764e-05
Doing analysis at TEMP = 27.000000 and TNOM = 27.000000

Using SPARSE 1.3 as Direct Linear Solver

No. of Data Rows : 1
cvcs20k = 1.6635147565e-05
Doing analysis at TEMP = 27.000000 and TNOM = 27.000000

Using SPARSE 1.3 as Direct Linear Solver

No. of Data Rows : 1
cvcp1k = 1.5575842313e-05
Doing analysis at TEMP = 27.000000 and TNOM = 27.000000

Using SPARSE 1.3 as Direct Linear Solver

No. of Data Rows : 1
cvcp20k = 1.6614819586e-05
L47B1_CASO d=1.0000
Doing analysis at TEMP = 27.000000 and TNOM = 27.000000

Using SPARSE 1.3 as Direct Linear Solver

Initial Transient Solution
--------------------------

Node                                   Voltage
----                                   -------
vsn                                          0
srcx                              -1.05142e-05
ain                               -0.000417455
gs                                    -7.00946
gp                                -0.000111192
csf                                   -13.5982
cpf                               -1.95073e-05
cs                                         -15
cp                                           0
vcp#branch                        -1.95073e-10
vcs#branch                         1.40185e-05
vsrc#branch                       -7.00945e-06


No. of Data Rows : 4001
Fourier analysis for v(vsn):
  No. Harmonics: 10, THD: 3.17415e-10 %, Gridsize: 8192, Interpolation Degree: 1, No. Periods: 1

Harmonic Frequency       Magnitude       Phase           Norm. Mag       Norm. Phase    
-------- ---------       ---------       -----           ---------       -----------    
 0       0               -2.13992365e-12 0               0               0              
 1       1000            3.81799686      -6.39279885e-11 1               0              
 2       2000            4.26465425e-12  -89.6312857     1.116987364e-12 -89.6312857    
 3       3000            4.312569363e-12 -89.4935404     1.129537169e-12 -89.4935404    
 4       4000            4.304096122e-12 -89.8830422     1.127317879e-12 -89.8830422    
 5       5000            4.244787495e-12 -89.3257321     1.111783915e-12 -89.3257321    
 6       6000            4.274074306e-12 -88.8032893     1.119454642e-12 -88.8032893    
 7       7000            4.324207308e-12 -88.8232526     1.13258535e-12  -88.8232526    
 8       8000            4.273848982e-12 -89.3312948     1.119395625e-12 -89.3312948    
 9       9000            4.278600741e-12 -89.4761915     1.120640194e-12 -89.4761915    

Fourier analysis for v(ain):
  No. Harmonics: 10, THD: 123.428 %, Gridsize: 8192, Interpolation Degree: 1, No. Periods: 1

Harmonic Frequency       Magnitude       Phase           Norm. Mag       Norm. Phase    
-------- ---------       ---------       -----           ---------       -----------    
 0       0               -0.0106419531   0               0               0              
 1       1000            0.01958913526   -0.0521056201   1               0              
 2       2000            0.01697829914   89.88825611     0.8667201954    89.94036173    
 3       3000            0.01329690438   179.8291636     0.678789758     179.8812692    
 4       4000            0.009188526774  -90.2354068     0.4690623987    -90.1833011    
 5       5000            0.005351162916  -0.312616398    0.2731699406    -0.260510777   
 6       6000            0.00231384227   89.56909462     0.118118653     89.62120024    
 7       7000            0.0003337524444 178.9481809     0.0170376303    179.0002865    
 8       8000            0.0006173031215 89.83313671     0.03151252535   89.88524233    
 9       9000            0.0007842577051 179.6172003     0.04003534075   179.6693059    

Doing analysis at TEMP = 27.000000 and TNOM = 27.000000

Using SPARSE 1.3 as Direct Linear Solver

Initial Transient Solution
--------------------------

Node                                   Voltage
----                                   -------
vsn                                          0
srcx                              -1.05142e-05
ain                               -0.000417455
gs                                    -7.00946
gp                                -0.000111192
csf                                   -13.5982
cpf                               -1.95073e-05
cs                                         -15
cp                                           0
vcp#branch                        -1.95073e-10
vcs#branch                         1.40185e-05
vsrc#branch                       -7.00945e-06


No. of Data Rows : 4001
Fourier analysis for v(vsn):
  No. Harmonics: 10, THD: 9.58535e-09 %, Gridsize: 8192, Interpolation Degree: 1, No. Periods: 1

Harmonic Frequency       Magnitude       Phase           Norm. Mag       Norm. Phase    
-------- ---------       ---------       -----           ---------       -----------    
 0       0               -6.53020554e-11 0               0               0              
 1       20000           3.81799686      1.28562599e-09  1               0              
 2       40000           1.29508439e-10  -177.918453     3.392052003e-11 -177.918453    
 3       60000           1.332562978e-10 -47.8870537     3.490214967e-11 -47.8870537    
 4       80000           1.237047104e-10 88.04720773     3.240042225e-11 88.04720773    
 5       100000          1.327374307e-10 -135.627729     3.476624931e-11 -135.627729    
 6       120000          1.29738762e-10  -5.27474116     3.398084565e-11 -5.27474116    
 7       140000          1.251379507e-10 133.1338845     3.277581289e-11 133.1338845    
 8       160000          1.345894692e-10 -93.836212      3.525133052e-11 -93.836212     
 9       180000          1.259962025e-10 38.59853361     3.300060402e-11 38.59853361    

Fourier analysis for v(ain):
  No. Harmonics: 10, THD: 123.457 %, Gridsize: 8192, Interpolation Degree: 1, No. Periods: 1

Harmonic Frequency       Magnitude       Phase           Norm. Mag       Norm. Phase    
-------- ---------       ---------       -----           ---------       -----------    
 0       0               -0.0103599451   0               0               0              
 1       20000           0.01904951995   -1.59729703     1               0              
 2       40000           0.01651171772   86.63905568     0.8667786779    88.23635271    
 3       60000           0.01293372632   174.9014319     0.6789528739    176.4987289    
 4       80000           0.008939488555  -96.9334211     0.4692763166    -95.3361241    
 5       100000          0.005207527831  -8.99573046     0.2733679297    -7.39843343    
 6       120000          0.00225274637   78.19199642     0.1182573826    79.78929344    
 7       140000          0.0003308908503 156.2345029     0.01737003616   157.8317999    
 8       160000          0.0006058660285 81.83793126     0.03180479246   83.43522828    
 9       180000          0.0007672455448 167.3317371     0.04027637162   168.9290341    

Doing analysis at TEMP = 27.000000 and TNOM = 27.000000

Using SPARSE 1.3 as Direct Linear Solver

No. of Data Rows : 1
h1k = 1.4431331579e-05
Doing analysis at TEMP = 27.000000 and TNOM = 27.000000

Using SPARSE 1.3 as Direct Linear Solver

No. of Data Rows : 1
h20k = 1.5475304525e-05
Doing analysis at TEMP = 27.000000 and TNOM = 27.000000

Using SPARSE 1.3 as Direct Linear Solver

No. of Data Rows : 1
mag(v(ain)) = 1.5069391835e-05
Doing analysis at TEMP = 27.000000 and TNOM = 27.000000

Using SPARSE 1.3 as Direct Linear Solver

No. of Data Rows : 61
zmin = 1.3003170950e+06
Doing analysis at TEMP = 27.000000 and TNOM = 27.000000

Using SPARSE 1.3 as Direct Linear Solver

No. of Data Rows : 1
cvcs1k = 1.4444499472e-05
Doing analysis at TEMP = 27.000000 and TNOM = 27.000000

Using SPARSE 1.3 as Direct Linear Solver

No. of Data Rows : 1
cvcs20k = 1.5470656677e-05
Doing analysis at TEMP = 27.000000 and TNOM = 27.000000

Using SPARSE 1.3 as Direct Linear Solver

No. of Data Rows : 1
cvcp1k = 1.4479758835e-05
Doing analysis at TEMP = 27.000000 and TNOM = 27.000000

Using SPARSE 1.3 as Direct Linear Solver

No. of Data Rows : 1
cvcp20k = 1.5454542620e-05
Note: Simulation executed from .control section 
