
Note: No compatibility mode selected!


Circuit: statico jfet vhi vlo k048 serie_prima

Warning: Model issue on line 10 :
  .model mmbfj112_vlo njf vto=-1.0000 beta=8.40336e-03 n=1 betatce=-0.46 r ...
unrecognized parameter (isr) - ignored
unrecognized parameter (alpha) - ignored
unrecognized parameter (vk) - ignored

Warning: Model issue on line 15 :
  .model mmbfj112_vhi njf vto=-5.0000 beta=1.68067e-03 n=1 betatce=-0.46 r ...
unrecognized parameter (isr) - ignored
unrecognized parameter (alpha) - ignored
unrecognized parameter (vk) - ignored

L47B1_CASO d=0.0000
Doing analysis at TEMP = 27.000000 and TNOM = 27.000000

Using SPARSE 1.3 as Direct Linear Solver

Initial Transient Solution
--------------------------

Node                                   Voltage
----                                   -------
vsn                                          0
srcx                              -1.05126e-05
ain                               -0.000427966
gs                                -0.000116791
gp                                    -7.00946
csf                               -2.04897e-05
cpf                                   -13.5982
cs                                           0
cp                                         -15
vcp#branch                         1.40185e-05
vcs#branch                        -2.04897e-10
vsrc#branch                        -7.0084e-06


No. of Data Rows : 4001
Fourier analysis for v(vsn):
  No. Harmonics: 10, THD: 2.6337e-11 %, Gridsize: 8192, Interpolation Degree: 1, No. Periods: 1

Harmonic Frequency       Magnitude       Phase           Norm. Mag       Norm. Phase    
-------- ---------       ---------       -----           ---------       -----------    
 0       0               -1.89778748e-13 0               0               0              
 1       1000            3.81799686      -5.80109055e-12 1               0              
 2       2000            3.355597672e-13 -92.5624177     8.78889584e-14  -92.5624177    
 3       3000            3.451990078e-13 -84.9509651     9.041364371e-14 -84.9509651    
 4       4000            3.951622798e-13 -84.5348675     1.034998965e-13 -84.5348675    
 5       5000            3.641129576e-13 -90.8952211     9.536753721e-14 -90.8952211    
 6       6000            3.237253819e-13 -83.2932358     8.478932639e-14 -83.2932358    
 7       7000            3.813775523e-13 -91.8854284     9.988943582e-14 -91.8854284    
 8       8000            3.769384349e-13 -93.2071813     9.872675352e-14 -93.2071813    
 9       9000            3.135203655e-13 -98.7969236     8.211645451e-14 -98.7969236    

Fourier analysis for v(ain):
  No. Harmonics: 10, THD: 0.00359068 %, Gridsize: 8192, Interpolation Degree: 1, No. Periods: 1

Harmonic Frequency       Magnitude       Phase           Norm. Mag       Norm. Phase    
-------- ---------       ---------       -----           ---------       -----------    
 0       0               -0.000555242562 0               0               0              
 1       1000            3.817160416     -4.47022219e-05 1               0              
 2       2000            0.0001294628657 89.63619132     3.391601389e-05 89.63623602    
 3       3000            4.461957914e-05 -0.847751873    1.168920723e-05 -0.847707171   
 4       4000            5.674990132e-06 -91.6773631     1.486704648e-06 -91.6773184    
 5       5000            6.735558493e-07 -13.6726674     1.764546877e-07 -13.6726227    
 6       6000            1.126709374e-06 88.78098616     2.951695112e-07 88.78103086    
 7       7000            5.561276523e-07 -13.5770587     1.456914543e-07 -13.577014     
 8       8000            4.57255522e-07  84.36719524     1.197894435e-07 84.36723995    
 9       9000            1.279106738e-07 -42.5226481     3.350937866e-08 -42.5226034    

Doing analysis at TEMP = 27.000000 and TNOM = 27.000000

Using SPARSE 1.3 as Direct Linear Solver

Initial Transient Solution
--------------------------

Node                                   Voltage
----                                   -------
vsn                                          0
srcx                              -1.05126e-05
ain                               -0.000427966
gs                                -0.000116791
gp                                    -7.00946
csf                               -2.04897e-05
cpf                                   -13.5982
cs                                           0
cp                                         -15
vcp#branch                         1.40185e-05
vcs#branch                        -2.04897e-10
vsrc#branch                        -7.0084e-06


No. of Data Rows : 4001
Fourier analysis for v(vsn):
  No. Harmonics: 10, THD: 1.72897e-10 %, Gridsize: 8192, Interpolation Degree: 1, No. Periods: 1

Harmonic Frequency       Magnitude       Phase           Norm. Mag       Norm. Phase    
-------- ---------       ---------       -----           ---------       -----------    
 0       0               -1.10034204e-12 0               0               0              
 1       20000           3.81799686      -3.41134715e-11 1               0              
 2       40000           2.285370301e-12 -91.4633786     5.985783606e-13 -91.4633786    
 3       60000           2.256423354e-12 -88.7582016     5.909966501e-13 -88.7582016    
 4       80000           2.443011625e-12 -89.8612148     6.398673742e-13 -89.8612148    
 5       100000          2.383450755e-12 -89.9587686     6.24267343e-13  -89.9587686    
 6       120000          2.24451972e-12  -84.6419669     5.878788804e-13 -84.6419669    
 7       140000          2.302570325e-12 -87.7309339     6.03083347e-13  -87.7309339    
 8       160000          2.344980455e-12 -90.3228769     6.141913e-13    -90.3228769    
 9       180000          2.402903181e-12 -87.3386568     6.293622727e-13 -87.3386568    

Fourier analysis for v(ain):
  No. Harmonics: 10, THD: 0.00351083 %, Gridsize: 8192, Interpolation Degree: 1, No. Periods: 1

Harmonic Frequency       Magnitude       Phase           Norm. Mag       Norm. Phase    
-------- ---------       ---------       -----           ---------       -----------    
 0       0               -0.000543384651 0               0               0              
 1       20000           3.817170465     -0.000639083105 1               0              
 2       40000           0.000126524474  79.75777384     3.314614193e-05 79.75841292    
 3       60000           4.376238595e-05 -24.0181781     1.1464614e-05   -24.017539     
 4       80000           4.813858172e-06 -131.716959     1.261106418e-06 -131.71632     
 5       100000          2.621972778e-06 -144.517576     6.86889098e-07  -144.516937    
 6       120000          1.685123148e-06 32.18983402     4.414587096e-07 32.1904731     
 7       140000          1.337335621e-06 176.4500759     3.503473669e-07 176.450715     
 8       160000          9.097594075e-07 -43.9775516     2.383334503e-07 -43.9769126    
 9       180000          8.855321481e-07 113.6887118     2.319865346e-07 113.6893509    

Doing analysis at TEMP = 27.000000 and TNOM = 27.000000

Using SPARSE 1.3 as Direct Linear Solver

No. of Data Rows : 1
h1k = 9.9981745839e-01
Doing analysis at TEMP = 27.000000 and TNOM = 27.000000

Using SPARSE 1.3 as Direct Linear Solver

No. of Data Rows : 1
h20k = 9.9981557927e-01
Doing analysis at TEMP = 27.000000 and TNOM = 27.000000

Using SPARSE 1.3 as Direct Linear Solver

No. of Data Rows : 1
mag(v(ain)) = 9.9982115865e-01
Doing analysis at TEMP = 27.000000 and TNOM = 27.000000

Using SPARSE 1.3 as Direct Linear Solver

No. of Data Rows : 61
zmin = 3.3865963660e+05
Doing analysis at TEMP = 27.000000 and TNOM = 27.000000

Using SPARSE 1.3 as Direct Linear Solver

No. of Data Rows : 1
cvcs1k = 9.9981748244e-01
Doing analysis at TEMP = 27.000000 and TNOM = 27.000000

Using SPARSE 1.3 as Direct Linear Solver

No. of Data Rows : 1
cvcs20k = 9.9981558207e-01
Doing analysis at TEMP = 27.000000 and TNOM = 27.000000

Using SPARSE 1.3 as Direct Linear Solver

No. of Data Rows : 1
cvcp1k = 9.9981747295e-01
Doing analysis at TEMP = 27.000000 and TNOM = 27.000000

Using SPARSE 1.3 as Direct Linear Solver

No. of Data Rows : 1
cvcp20k = 9.9981558496e-01
L47B1_CASO d=0.0250
Doing analysis at TEMP = 27.000000 and TNOM = 27.000000

Using SPARSE 1.3 as Direct Linear Solver

Initial Transient Solution
--------------------------

Node                                   Voltage
----                                   -------
vsn                                          0
srcx                              -1.15638e-05
ain                               -0.000482885
gs                                   -0.350599
gp                                    -7.00947
csf                                   -0.67993
cpf                                   -13.5982
cs                                       -0.75
cp                                         -15
vcp#branch                         1.40185e-05
vcs#branch                         7.00704e-07
vsrc#branch                       -7.70922e-06


No. of Data Rows : 4001
Fourier analysis for v(vsn):
  No. Harmonics: 10, THD: 1.79136e-10 %, Gridsize: 8192, Interpolation Degree: 1, No. Periods: 1

Harmonic Frequency       Magnitude       Phase           Norm. Mag       Norm. Phase    
-------- ---------       ---------       -----           ---------       -----------    
 0       0               -1.20209225e-12 0               0               0              
 1       1000            3.81799686      -3.62232989e-11 1               0              
 2       2000            2.417573727e-12 -89.9681656     6.332047446e-13 -89.9681656    
 3       3000            2.42293362e-12  -90.3803082     6.346085941e-13 -90.3803082    
 4       4000            2.411327459e-12 -88.328906      6.315687381e-13 -88.328906     
 5       5000            2.420417747e-12 -88.0225898     6.339496433e-13 -88.0225898    
 6       6000            2.447805474e-12 -88.432673      6.411229668e-13 -88.432673     
 7       7000            2.410599019e-12 -88.4689981     6.31377947e-13  -88.4689981    
 8       8000            2.393710049e-12 -88.059951      6.26954431e-13  -88.059951     
 9       9000            2.420013297e-12 -87.5801761     6.338437108e-13 -87.5801761    

Fourier analysis for v(ain):
  No. Harmonics: 10, THD: 0.00473009 %, Gridsize: 8192, Interpolation Degree: 1, No. Periods: 1

Harmonic Frequency       Magnitude       Phase           Norm. Mag       Norm. Phase    
-------- ---------       ---------       -----           ---------       -----------    
 0       0               -0.00065107765  0               0               0              
 1       1000            3.817072274     -4.42744945e-05 1               0              
 2       2000            0.0001719409983 89.63779118     4.504525615e-05 89.63783546    
 3       3000            5.462993335e-05 -0.921449768    1.431199868e-05 -0.921405494   
 4       4000            6.7762635e-06   -90.6691259     1.775251557e-06 -90.6690816    
 5       5000            1.09381993e-06  -172.331861     2.865599213e-07 -172.331817    
 6       6000            1.772269306e-06 84.39242779     4.643006941e-07 84.39247207    
 7       7000            1.23713769e-07  -152.234988     3.241064357e-08 -152.234944    
 8       8000            4.326714719e-07 70.9113079      1.133516582e-07 70.91135217    
 9       9000            3.187047437e-07 173.7498505     8.349455311e-08 173.7498948    

Doing analysis at TEMP = 27.000000 and TNOM = 27.000000

Using SPARSE 1.3 as Direct Linear Solver

Initial Transient Solution
--------------------------

Node                                   Voltage
----                                   -------
vsn                                          0
srcx                              -1.15638e-05
ain                               -0.000482885
gs                                   -0.350599
gp                                    -7.00947
csf                                   -0.67993
cpf                                   -13.5982
cs                                       -0.75
cp                                         -15
vcp#branch                         1.40185e-05
vcs#branch                         7.00704e-07
vsrc#branch                       -7.70922e-06


No. of Data Rows : 4001
Fourier analysis for v(vsn):
  No. Harmonics: 10, THD: 3.12824e-10 %, Gridsize: 8192, Interpolation Degree: 1, No. Periods: 1

Harmonic Frequency       Magnitude       Phase           Norm. Mag       Norm. Phase    
-------- ---------       ---------       -----           ---------       -----------    
 0       0               -2.14237655e-12 0               0               0              
 1       20000           3.81799686      -6.31245364e-11 1               0              
 2       40000           4.193587702e-12 -90.8344796     1.098373796e-12 -90.8344796    
 3       60000           4.216508959e-12 -89.5100713     1.104377273e-12 -89.5100713    
 4       80000           4.222465655e-12 -88.3457918     1.105937435e-12 -88.3457918    
 5       100000          4.263217801e-12 -89.4385972     1.116611133e-12 -89.4385972    
 6       120000          4.206939674e-12 -90.581383      1.10187091e-12  -90.581383     
 7       140000          4.255328239e-12 -89.0919395     1.114544719e-12 -89.0919395    
 8       160000          4.217267989e-12 -88.4698315     1.104576076e-12 -88.4698315    
 9       180000          4.205804562e-12 -89.2827144     1.101573604e-12 -89.2827144    

Fourier analysis for v(ain):
  No. Harmonics: 10, THD: 0.0046397 %, Gridsize: 8192, Interpolation Degree: 1, No. Periods: 1

Harmonic Frequency       Magnitude       Phase           Norm. Mag       Norm. Phase    
-------- ---------       ---------       -----           ---------       -----------    
 0       0               -0.000637343557 0               0               0              
 1       20000           3.817083808     -0.000601992815 1               0              
 2       40000           0.0001689200538 79.43232036     4.425369268e-05 79.43292235    
 3       60000           5.262069078e-05 -24.0546848     1.378557386e-05 -24.0540828    
 4       80000           6.635969477e-06 -108.424704     1.738491951e-06 -108.424102    
 5       100000          3.521212612e-06 176.0309318     9.224876344e-07 176.0315338    
 6       120000          1.696549976e-06 -23.1654809     4.444623335e-07 -23.1648789    
 7       140000          9.14883544e-07  103.1319324     2.396812829e-07 103.1325344    
 8       160000          1.060130938e-06 -120.295831     2.777332097e-07 -120.295229    
 9       180000          7.891763538e-07 6.463146248     2.067485006e-07 6.463748241    

Doing analysis at TEMP = 27.000000 and TNOM = 27.000000

Using SPARSE 1.3 as Direct Linear Solver

No. of Data Rows : 1
h1k = 9.9979806341e-01
Doing analysis at TEMP = 27.000000 and TNOM = 27.000000

Using SPARSE 1.3 as Direct Linear Solver

No. of Data Rows : 1
h20k = 9.9979672540e-01
Doing analysis at TEMP = 27.000000 and TNOM = 27.000000

Using SPARSE 1.3 as Direct Linear Solver

No. of Data Rows : 1
mag(v(ain)) = 9.9980227712e-01
Doing analysis at TEMP = 27.000000 and TNOM = 27.000000

Using SPARSE 1.3 as Direct Linear Solver

No. of Data Rows : 61
zmin = 3.4133822053e+05
Doing analysis at TEMP = 27.000000 and TNOM = 27.000000

Using SPARSE 1.3 as Direct Linear Solver

No. of Data Rows : 1
cvcs1k = 9.9979808917e-01
Doing analysis at TEMP = 27.000000 and TNOM = 27.000000

Using SPARSE 1.3 as Direct Linear Solver

No. of Data Rows : 1
cvcs20k = 9.9979672687e-01
Doing analysis at TEMP = 27.000000 and TNOM = 27.000000

Using SPARSE 1.3 as Direct Linear Solver

No. of Data Rows : 1
cvcp1k = 9.9979807904e-01
Doing analysis at TEMP = 27.000000 and TNOM = 27.000000

Using SPARSE 1.3 as Direct Linear Solver

No. of Data Rows : 1
cvcp20k = 9.9979673150e-01
L47B1_CASO d=0.0500
Doing analysis at TEMP = 27.000000 and TNOM = 27.000000

Using SPARSE 1.3 as Direct Linear Solver

Initial Transient Solution
--------------------------

Node                                   Voltage
----                                   -------
vsn                                          0
srcx                               -1.2615e-05
ain                                -0.00054658
gs                                   -0.701083
gp                                    -7.00949
csf                                   -1.35984
cpf                                   -13.5982
cs                                        -1.5
cp                                         -15
vcp#branch                         1.40184e-05
vcs#branch                         1.40161e-06
vsrc#branch                       -8.41001e-06


No. of Data Rows : 4001
Fourier analysis for v(vsn):
  No. Harmonics: 10, THD: 1.82423e-10 %, Gridsize: 8192, Interpolation Degree: 1, No. Periods: 1

Harmonic Frequency       Magnitude       Phase           Norm. Mag       Norm. Phase    
-------- ---------       ---------       -----           ---------       -----------    
 0       0               -1.22454477e-12 0               0               0              
 1       1000            3.81799686      -3.71591613e-11 1               0              
 2       2000            2.459847601e-12 -89.4460182     6.4427701e-13   -89.4460182    
 3       3000            2.468423083e-12 -89.8027962     6.465230783e-13 -89.8027962    
 4       4000            2.490441226e-12 -88.3667386     6.522900143e-13 -88.3667386    
 5       5000            2.480985163e-12 -88.9950906     6.498133063e-13 -88.9950906    
 6       6000            2.441255333e-12 -89.3827447     6.394073705e-13 -89.3827447    
 7       7000            2.434110817e-12 -88.6304784     6.375360972e-13 -88.6304784    
 8       8000            2.463075865e-12 -87.6315719     6.451225487e-13 -87.6315719    
 9       9000            2.461053183e-12 -87.6257769     6.44592773e-13  -87.6257769    

Fourier analysis for v(ain):
  No. Harmonics: 10, THD: 0.00625678 %, Gridsize: 8192, Interpolation Degree: 1, No. Periods: 1

Harmonic Frequency       Magnitude       Phase           Norm. Mag       Norm. Phase    
-------- ---------       ---------       -----           ---------       -----------    
 0       0               -0.00076646855  0               0               0              
 1       1000            3.816953473     -4.31467132e-05 1               0              
 2       2000            0.0002284763779 89.61794169     5.985830834e-05 89.61798484    
 3       3000            6.861144027e-05 -0.911307795    1.79754458e-05  -0.911264648   
 4       4000            1.029367791e-05 -89.9696691     2.696830858e-06 -89.9696259    
 5       5000            3.956903532e-06 179.4921543     1.036665383e-06 179.4921975    
 6       6000            1.759198893e-06 82.69075072     4.608908402e-07 82.69079387    
 7       7000            6.220409134e-07 168.9812505     1.629679056e-07 168.9812937    
 8       8000            2.513618067e-07 -84.0447859     6.585404002e-08 -84.0447427    
 9       9000            2.82400735e-07  157.6679291     7.398589923e-08 157.6679723    

Doing analysis at TEMP = 27.000000 and TNOM = 27.000000

Using SPARSE 1.3 as Direct Linear Solver

Initial Transient Solution
--------------------------

Node                                   Voltage
----                                   -------
vsn                                          0
srcx                               -1.2615e-05
ain                                -0.00054658
gs                                   -0.701083
gp                                    -7.00949
csf                                   -1.35984
cpf                                   -13.5982
cs                                        -1.5
cp                                         -15
vcp#branch                         1.40184e-05
vcs#branch                         1.40161e-06
vsrc#branch                       -8.41001e-06


No. of Data Rows : 4001
Fourier analysis for v(vsn):
  No. Harmonics: 10, THD: 1.83239e-10 %, Gridsize: 8192, Interpolation Degree: 1, No. Periods: 1

Harmonic Frequency       Magnitude       Phase           Norm. Mag       Norm. Phase    
-------- ---------       ---------       -----           ---------       -----------    
 0       0               -1.22047511e-12 0               0               0              
 1       20000           3.81799686      -3.74644408e-11 1               0              
 2       40000           2.441485255e-12 -87.6909717     6.394675912e-13 -87.6909717    
 3       60000           2.482056324e-12 -88.0223523     6.50093862e-13  -88.0223523    
 4       80000           2.495568762e-12 -90.579458      6.536330055e-13 -90.579458     
 5       100000          2.488585988e-12 -87.9105573     6.51804095e-13  -87.9105573    
 6       120000          2.563165169e-12 -87.4528109     6.713376838e-13 -87.4528109    
 7       140000          2.462392976e-12 -88.6343298     6.449436882e-13 -88.6343298    
 8       160000          2.443844329e-12 -90.6396608     6.400854739e-13 -90.6396608    
 9       180000          2.407716348e-12 -87.4077148     6.306229252e-13 -87.4077148    

Fourier analysis for v(ain):
  No. Harmonics: 10, THD: 0.00612931 %, Gridsize: 8192, Interpolation Degree: 1, No. Periods: 1

Harmonic Frequency       Magnitude       Phase           Norm. Mag       Norm. Phase    
-------- ---------       ---------       -----           ---------       -----------    
 0       0               -0.00075041354  0               0               0              
 1       20000           3.816966824     -0.000539421227 1               0              
 2       40000           0.0002242933389 78.99160281     5.876219241e-05 78.99214223    
 3       60000           6.527746867e-05 -22.8033426     1.710192194e-05 -22.8028031    
 4       80000           1.184988155e-05 -103.154578     3.104528307e-06 -103.154039    
 5       100000          4.661810536e-06 142.7047748     1.221339024e-06 142.7053142    
 6       120000          1.011523483e-06 -54.2921862     2.650071456e-07 -54.2916468    
 7       140000          1.211683038e-06 8.554745416     3.174465731e-07 8.555284838    
 8       160000          7.52444184e-07  142.2011866     1.971314446e-07 142.201726     
 9       180000          6.464633992e-07 -86.4691963     1.69365737e-07  -86.4686569    

Doing analysis at TEMP = 27.000000 and TNOM = 27.000000

Using SPARSE 1.3 as Direct Linear Solver

No. of Data Rows : 1
h1k = 9.9977445501e-01
Doing analysis at TEMP = 27.000000 and TNOM = 27.000000

Using SPARSE 1.3 as Direct Linear Solver

No. of Data Rows : 1
h20k = 9.9977358938e-01
Doing analysis at TEMP = 27.000000 and TNOM = 27.000000

Using SPARSE 1.3 as Direct Linear Solver

No. of Data Rows : 1
mag(v(ain)) = 9.9977930907e-01
Doing analysis at TEMP = 27.000000 and TNOM = 27.000000

Using SPARSE 1.3 as Direct Linear Solver

No. of Data Rows : 61
zmin = 3.4325972564e+05
Doing analysis at TEMP = 27.000000 and TNOM = 27.000000

Using SPARSE 1.3 as Direct Linear Solver

No. of Data Rows : 1
cvcs1k = 9.9977448318e-01
Doing analysis at TEMP = 27.000000 and TNOM = 27.000000

Using SPARSE 1.3 as Direct Linear Solver

No. of Data Rows : 1
cvcs20k = 9.9977358937e-01
Doing analysis at TEMP = 27.000000 and TNOM = 27.000000

Using SPARSE 1.3 as Direct Linear Solver

No. of Data Rows : 1
cvcp1k = 9.9977447188e-01
Doing analysis at TEMP = 27.000000 and TNOM = 27.000000

Using SPARSE 1.3 as Direct Linear Solver

No. of Data Rows : 1
cvcp20k = 9.9977359598e-01
L47B1_CASO d=0.0750
Doing analysis at TEMP = 27.000000 and TNOM = 27.000000

Using SPARSE 1.3 as Direct Linear Solver

Initial Transient Solution
--------------------------

Node                                   Voltage
----                                   -------
vsn                                          0
srcx                              -1.36662e-05
ain                               -0.000621389
gs                                    -1.05157
gp                                    -7.00951
csf                                   -2.03975
cpf                                   -13.5982
cs                                       -2.25
cp                                         -15
vcp#branch                         1.40184e-05
vcs#branch                         2.10251e-06
vsrc#branch                       -9.11078e-06


No. of Data Rows : 4001
Fourier analysis for v(vsn):
  No. Harmonics: 10, THD: 1.82423e-10 %, Gridsize: 8192, Interpolation Degree: 1, No. Periods: 1

Harmonic Frequency       Magnitude       Phase           Norm. Mag       Norm. Phase    
-------- ---------       ---------       -----           ---------       -----------    
 0       0               -1.22454477e-12 0               0               0              
 1       1000            3.81799686      -3.71591613e-11 1               0              
 2       2000            2.459847601e-12 -89.4460182     6.4427701e-13   -89.4460182    
 3       3000            2.468423083e-12 -89.8027962     6.465230783e-13 -89.8027962    
 4       4000            2.490441226e-12 -88.3667386     6.522900143e-13 -88.3667386    
 5       5000            2.480985163e-12 -88.9950906     6.498133063e-13 -88.9950906    
 6       6000            2.441255333e-12 -89.3827447     6.394073705e-13 -89.3827447    
 7       7000            2.434110817e-12 -88.6304784     6.375360972e-13 -88.6304784    
 8       8000            2.463075865e-12 -87.6315719     6.451225487e-13 -87.6315719    
 9       9000            2.461053183e-12 -87.6257769     6.44592773e-13  -87.6257769    

Fourier analysis for v(ain):
  No. Harmonics: 10, THD: 0.00839565 %, Gridsize: 8192, Interpolation Degree: 1, No. Periods: 1

Harmonic Frequency       Magnitude       Phase           Norm. Mag       Norm. Phase    
-------- ---------       ---------       -----           ---------       -----------    
 0       0               -0.000910315454 0               0               0              
 1       1000            3.816789167     -4.0365762e-05  1               0              
 2       2000            0.0003068084498 89.58937392     8.038391338e-05 89.58941429    
 3       3000            9.024607874e-05 -0.819546295    2.364450191e-05 -0.819505929   
 4       4000            1.860883595e-05 -90.2256767     4.875521056e-06 -90.2256363    
 5       5000            7.767485548e-06 177.6690476     2.035083733e-06 177.669088     
 6       6000            1.214606085e-06 87.38881493     3.182271884e-07 87.38885529    
 7       7000            1.213156615e-07 52.24009283     3.178474266e-08 52.2401332     
 8       8000            6.599700852e-07 -101.533839     1.729123764e-07 -101.533799    
 9       9000            3.511020941e-07 -13.2103322     9.198886255e-08 -13.2102919    

Doing analysis at TEMP = 27.000000 and TNOM = 27.000000

Using SPARSE 1.3 as Direct Linear Solver

Initial Transient Solution
--------------------------

Node                                   Voltage
----                                   -------
vsn                                          0
srcx                              -1.36662e-05
ain                               -0.000621389
gs                                    -1.05157
gp                                    -7.00951
csf                                   -2.03975
cpf                                   -13.5982
cs                                       -2.25
cp                                         -15
vcp#branch                         1.40184e-05
vcs#branch                         2.10251e-06
vsrc#branch                       -9.11078e-06


No. of Data Rows : 4001
Fourier analysis for v(vsn):
  No. Harmonics: 10, THD: 1.83239e-10 %, Gridsize: 8192, Interpolation Degree: 1, No. Periods: 1

Harmonic Frequency       Magnitude       Phase           Norm. Mag       Norm. Phase    
-------- ---------       ---------       -----           ---------       -----------    
 0       0               -1.22047511e-12 0               0               0              
 1       20000           3.81799686      -3.74644408e-11 1               0              
 2       40000           2.441485255e-12 -87.6909717     6.394675912e-13 -87.6909717    
 3       60000           2.482056324e-12 -88.0223523     6.50093862e-13  -88.0223523    
 4       80000           2.495568762e-12 -90.579458      6.536330055e-13 -90.579458     
 5       100000          2.488585988e-12 -87.9105573     6.51804095e-13  -87.9105573    
 6       120000          2.563165169e-12 -87.4528109     6.713376838e-13 -87.4528109    
 7       140000          2.462392976e-12 -88.6343298     6.449436882e-13 -88.6343298    
 8       160000          2.443844329e-12 -90.6396608     6.400854739e-13 -90.6396608    
 9       180000          2.407716348e-12 -87.4077148     6.306229252e-13 -87.4077148    

Fourier analysis for v(ain):
  No. Harmonics: 10, THD: 0.0081913 %, Gridsize: 8192, Interpolation Degree: 1, No. Periods: 1

Harmonic Frequency       Magnitude       Phase           Norm. Mag       Norm. Phase    
-------- ---------       ---------       -----           ---------       -----------    
 0       0               -0.000891208739 0               0               0              
 1       20000           3.816805361     -0.00042848524  1               0              
 2       40000           0.0002997549227 78.52803439     7.853555378e-05 78.52846287    
 3       60000           8.612303791e-05 -20.7290401     2.256416814e-05 -20.7286116    
 4       80000           2.084322269e-05 -109.176483     5.460907937e-06 -109.176055    
 5       100000          6.29612437e-06  128.641961      1.649579629e-06 128.6423895    
 6       120000          1.23555859e-06  78.20965274     3.237153781e-07 78.21008122    
 7       140000          1.053150085e-06 -61.5291615     2.759244933e-07 -61.528733     
 8       160000          5.623927495e-07 44.30249242     1.473464577e-07 44.30292091    
 9       180000          6.22933838e-07  139.7999176     1.632081752e-07 139.8003461    

Doing analysis at TEMP = 27.000000 and TNOM = 27.000000

Using SPARSE 1.3 as Direct Linear Solver

No. of Data Rows : 1
h1k = 9.9974520716e-01
Doing analysis at TEMP = 27.000000 and TNOM = 27.000000

Using SPARSE 1.3 as Direct Linear Solver

No. of Data Rows : 1
h20k = 9.9974481195e-01
Doing analysis at TEMP = 27.000000 and TNOM = 27.000000

Using SPARSE 1.3 as Direct Linear Solver

No. of Data Rows : 1
mag(v(ain)) = 9.9975087433e-01
Doing analysis at TEMP = 27.000000 and TNOM = 27.000000

Using SPARSE 1.3 as Direct Linear Solver

No. of Data Rows : 61
zmin = 3.4471007557e+05
Doing analysis at TEMP = 27.000000 and TNOM = 27.000000

Using SPARSE 1.3 as Direct Linear Solver

No. of Data Rows : 1
cvcs1k = 9.9974523859e-01
Doing analysis at TEMP = 27.000000 and TNOM = 27.000000

Using SPARSE 1.3 as Direct Linear Solver

No. of Data Rows : 1
cvcs20k = 9.9974481015e-01
Doing analysis at TEMP = 27.000000 and TNOM = 27.000000

Using SPARSE 1.3 as Direct Linear Solver

No. of Data Rows : 1
cvcp1k = 9.9974522549e-01
Doing analysis at TEMP = 27.000000 and TNOM = 27.000000

Using SPARSE 1.3 as Direct Linear Solver

No. of Data Rows : 1
cvcp20k = 9.9974481912e-01
L47B1_CASO d=0.1000
Doing analysis at TEMP = 27.000000 and TNOM = 27.000000

Using SPARSE 1.3 as Direct Linear Solver

Initial Transient Solution
--------------------------

Node                                   Voltage
----                                   -------
vsn                                          0
srcx                              -1.47173e-05
ain                               -0.000710555
gs                                    -1.40206
gp                                    -7.00953
csf                                   -2.71966
cpf                                   -13.5982
cs                                          -3
cp                                         -15
vcp#branch                         1.40184e-05
vcs#branch                          2.8034e-06
vsrc#branch                       -9.81152e-06


No. of Data Rows : 4001
Fourier analysis for v(vsn):
  No. Harmonics: 10, THD: 1.82423e-10 %, Gridsize: 8192, Interpolation Degree: 1, No. Periods: 1

Harmonic Frequency       Magnitude       Phase           Norm. Mag       Norm. Phase    
-------- ---------       ---------       -----           ---------       -----------    
 0       0               -1.22454477e-12 0               0               0              
 1       1000            3.81799686      -3.71591613e-11 1               0              
 2       2000            2.459847601e-12 -89.4460182     6.4427701e-13   -89.4460182    
 3       3000            2.468423083e-12 -89.8027962     6.465230783e-13 -89.8027962    
 4       4000            2.490441226e-12 -88.3667386     6.522900143e-13 -88.3667386    
 5       5000            2.480985163e-12 -88.9950906     6.498133063e-13 -88.9950906    
 6       6000            2.441255333e-12 -89.3827447     6.394073705e-13 -89.3827447    
 7       7000            2.434110817e-12 -88.6304784     6.375360972e-13 -88.6304784    
 8       8000            2.463075865e-12 -87.6315719     6.451225487e-13 -87.6315719    
 9       9000            2.461053183e-12 -87.6257769     6.44592773e-13  -87.6257769    

Fourier analysis for v(ain):
  No. Harmonics: 10, THD: 0.0115826 %, Gridsize: 8192, Interpolation Degree: 1, No. Periods: 1

Harmonic Frequency       Magnitude       Phase           Norm. Mag       Norm. Phase    
-------- ---------       ---------       -----           ---------       -----------    
 0       0               -0.00109802273  0               0               0              
 1       1000            3.816552813     -3.40813127e-05 1               0              
 2       2000            0.0004214258399 89.56385551     0.0001104205446 89.5638896     
 3       3000            0.0001279461036 -0.708760406    3.352399662e-05 -0.708726325   
 4       4000            3.579593695e-05 -90.8432401     9.379127896e-06 -90.8432061    
 5       5000            1.237932939e-05 177.9390984     3.243589176e-06 177.9391324    
 6       6000            2.412229851e-06 91.12826495     6.320441427e-07 91.12829903    
 7       7000            1.550914427e-06 -5.32471596     4.063652471e-07 -5.32468188    
 8       8000            4.642415176e-08 -5.87710652     1.216389607e-08 -5.87707244    
 9       9000            1.701089064e-07 177.2077769     4.457134874e-08 177.207811     

Doing analysis at TEMP = 27.000000 and TNOM = 27.000000

Using SPARSE 1.3 as Direct Linear Solver

Initial Transient Solution
--------------------------

Node                                   Voltage
----                                   -------
vsn                                          0
srcx                              -1.47173e-05
ain                               -0.000710555
gs                                    -1.40206
gp                                    -7.00953
csf                                   -2.71966
cpf                                   -13.5982
cs                                          -3
cp                                         -15
vcp#branch                         1.40184e-05
vcs#branch                          2.8034e-06
vsrc#branch                       -9.81152e-06

 Reference value :  3.00007e-04
No. of Data Rows : 4001
Fourier analysis for v(vsn):
  No. Harmonics: 10, THD: 1.83239e-10 %, Gridsize: 8192, Interpolation Degree: 1, No. Periods: 1

Harmonic Frequency       Magnitude       Phase           Norm. Mag       Norm. Phase    
-------- ---------       ---------       -----           ---------       -----------    
 0       0               -1.22047511e-12 0               0               0              
 1       20000           3.81799686      -3.74644408e-11 1               0              
 2       40000           2.441485255e-12 -87.6909717     6.394675912e-13 -87.6909717    
 3       60000           2.482056324e-12 -88.0223523     6.50093862e-13  -88.0223523    
 4       80000           2.495568762e-12 -90.579458      6.536330055e-13 -90.579458     
 5       100000          2.488585988e-12 -87.9105573     6.51804095e-13  -87.9105573    
 6       120000          2.563165169e-12 -87.4528109     6.713376838e-13 -87.4528109    
 7       140000          2.462392976e-12 -88.6343298     6.449436882e-13 -88.6343298    
 8       160000          2.443844329e-12 -90.6396608     6.400854739e-13 -90.6396608    
 9       180000          2.407716348e-12 -87.4077148     6.306229252e-13 -87.4077148    

Fourier analysis for v(ain):
  No. Harmonics: 10, THD: 0.0112399 %, Gridsize: 8192, Interpolation Degree: 1, No. Periods: 1

Harmonic Frequency       Magnitude       Phase           Norm. Mag       Norm. Phase    
-------- ---------       ---------       -----           ---------       -----------    
 0       0               -0.001074476    0               0               0              
 1       20000           3.816574362     -0.00022366803  1               0              
 2       40000           0.0004089414068 78.15591105     0.0001071488115 78.15613472    
 3       60000           0.000124052295  -19.0938342     3.25035708e-05  -19.0936105    
 4       80000           3.582876309e-05 -116.602736     9.387675882e-06 -116.602513    
 5       100000          1.024522982e-05 139.8384375     2.684404612e-06 139.8386612    
 6       120000          3.579052821e-06 50.45820432     9.377657767e-07 50.45842798    
 7       140000          5.935480153e-07 -77.8895886     1.55518525e-07  -77.8893649    
 8       160000          6.046193503e-07 -137.404252     1.584193816e-07 -137.404028    
 9       180000          2.001544859e-07 -35.2322762     5.24434917e-08  -35.2320525    

Doing analysis at TEMP = 27.000000 and TNOM = 27.000000

Using SPARSE 1.3 as Direct Linear Solver

No. of Data Rows : 1
h1k = 9.9970820822e-01
Doing analysis at TEMP = 27.000000 and TNOM = 27.000000

Using SPARSE 1.3 as Direct Linear Solver

No. of Data Rows : 1
h20k = 9.9970833699e-01
Doing analysis at TEMP = 27.000000 and TNOM = 27.000000

Using SPARSE 1.3 as Direct Linear Solver

No. of Data Rows : 1
mag(v(ain)) = 9.9971493046e-01
Doing analysis at TEMP = 27.000000 and TNOM = 27.000000

Using SPARSE 1.3 as Direct Linear Solver

No. of Data Rows : 61
zmin = 3.4584745097e+05
Doing analysis at TEMP = 27.000000 and TNOM = 27.000000

Using SPARSE 1.3 as Direct Linear Solver

No. of Data Rows : 1
cvcs1k = 9.9970824399e-01
Doing analysis at TEMP = 27.000000 and TNOM = 27.000000

Using SPARSE 1.3 as Direct Linear Solver

No. of Data Rows : 1
cvcs20k = 9.9970833292e-01
Doing analysis at TEMP = 27.000000 and TNOM = 27.000000

Using SPARSE 1.3 as Direct Linear Solver

No. of Data Rows : 1
cvcp1k = 9.9970822830e-01
Doing analysis at TEMP = 27.000000 and TNOM = 27.000000

Using SPARSE 1.3 as Direct Linear Solver

No. of Data Rows : 1
cvcp20k = 9.9970834484e-01
L47B1_CASO d=0.1250
Doing analysis at TEMP = 27.000000 and TNOM = 27.000000

Using SPARSE 1.3 as Direct Linear Solver

Initial Transient Solution
--------------------------

Node                                   Voltage
----                                   -------
vsn                                          0
srcx                              -1.57683e-05
ain                               -0.000818727
gs                                    -1.75256
gp                                    -7.00956
csf                                   -3.39957
cpf                                   -13.5982
cs                                       -3.75
cp                                         -15
vcp#branch                         1.40183e-05
vcs#branch                         3.50428e-06
vsrc#branch                       -1.05122e-05


No. of Data Rows : 4001
Fourier analysis for v(vsn):
  No. Harmonics: 10, THD: 1.82423e-10 %, Gridsize: 8192, Interpolation Degree: 1, No. Periods: 1

Harmonic Frequency       Magnitude       Phase           Norm. Mag       Norm. Phase    
-------- ---------       ---------       -----           ---------       -----------    
 0       0               -1.22454477e-12 0               0               0              
 1       1000            3.81799686      -3.71591613e-11 1               0              
 2       2000            2.459847601e-12 -89.4460182     6.4427701e-13   -89.4460182    
 3       3000            2.468423083e-12 -89.8027962     6.465230783e-13 -89.8027962    
 4       4000            2.490441226e-12 -88.3667386     6.522900143e-13 -88.3667386    
 5       5000            2.480985163e-12 -88.9950906     6.498133063e-13 -88.9950906    
 6       6000            2.441255333e-12 -89.3827447     6.394073705e-13 -89.3827447    
 7       7000            2.434110817e-12 -88.6304784     6.375360972e-13 -88.6304784    
 8       8000            2.463075865e-12 -87.6315719     6.451225487e-13 -87.6315719    
 9       9000            2.461053183e-12 -87.6257769     6.44592773e-13  -87.6257769    

Fourier analysis for v(ain):
  No. Harmonics: 10, THD: 0.0167729 %, Gridsize: 8192, Interpolation Degree: 1, No. Periods: 1

Harmonic Frequency       Magnitude       Phase           Norm. Mag       Norm. Phase    
-------- ---------       ---------       -----           ---------       -----------    
 0       0               -0.00135914377  0               0               0              
 1       1000            3.816191173     -2.01320993e-05 1               0              
 2       2000            0.0006026888257 89.55475155     0.0001579294114 89.55477168    
 3       3000            0.0002029980006 -0.699058863    5.319387614e-05 -0.699038731   
 4       4000            6.833905977e-05 -91.1012912     1.790766151e-05 -91.1012711    
 5       5000            2.300227881e-05 178.6102596     6.027548874e-06 178.6102797    
 6       6000            7.737801027e-06 88.18692891     2.027624057e-06 88.18694904    
 7       7000            2.610223141e-06 -2.1026578      6.839864731e-07 -2.10263767    
 8       8000            8.749714588e-07 -92.1919203     2.292787282e-07 -92.1919002    
 9       9000            2.925729976e-07 177.2388178     7.666623194e-08 177.238838     

Doing analysis at TEMP = 27.000000 and TNOM = 27.000000

Using SPARSE 1.3 as Direct Linear Solver

Initial Transient Solution
--------------------------

Node                                   Voltage
----                                   -------
vsn                                          0
srcx                              -1.57683e-05
ain                               -0.000818727
gs                                    -1.75256
gp                                    -7.00956
csf                                   -3.39957
cpf                                   -13.5982
cs                                       -3.75
cp                                         -15
vcp#branch                         1.40183e-05
vcs#branch                         3.50428e-06
vsrc#branch                       -1.05122e-05


No. of Data Rows : 4001
Fourier analysis for v(vsn):
  No. Harmonics: 10, THD: 1.83239e-10 %, Gridsize: 8192, Interpolation Degree: 1, No. Periods: 1

Harmonic Frequency       Magnitude       Phase           Norm. Mag       Norm. Phase    
-------- ---------       ---------       -----           ---------       -----------    
 0       0               -1.22047511e-12 0               0               0              
 1       20000           3.81799686      -3.74644408e-11 1               0              
 2       40000           2.441485255e-12 -87.6909717     6.394675912e-13 -87.6909717    
 3       60000           2.482056324e-12 -88.0223523     6.50093862e-13  -88.0223523    
 4       80000           2.495568762e-12 -90.579458      6.536330055e-13 -90.579458     
 5       100000          2.488585988e-12 -87.9105573     6.51804095e-13  -87.9105573    
 6       120000          2.563165169e-12 -87.4528109     6.713376838e-13 -87.4528109    
 7       140000          2.462392976e-12 -88.6343298     6.449436882e-13 -88.6343298    
 8       160000          2.443844329e-12 -90.6396608     6.400854739e-13 -90.6396608    
 9       180000          2.407716348e-12 -87.4077148     6.306229252e-13 -87.4077148    

Fourier analysis for v(ain):
  No. Harmonics: 10, THD: 0.0161929 %, Gridsize: 8192, Interpolation Degree: 1, No. Periods: 1

Harmonic Frequency       Magnitude       Phase           Norm. Mag       Norm. Phase    
-------- ---------       ---------       -----           ---------       -----------    
 0       0               -0.00132824437  0               0               0              
 1       20000           3.816225008     0.0001761752502 1               0              
 2       40000           0.0005816896905 78.03728421     0.0001524254176 78.03710804    
 3       60000           0.0001968985059 -19.4288101     5.159509869e-05 -19.4289863    
 4       80000           6.483480523e-05 -118.48369      1.698925118e-05 -118.483866    
 5       100000          2.178936727e-05 142.6227909     5.709665238e-06 142.6226147    
 6       120000          7.259790705e-06 44.09015455     1.902348706e-06 44.08997837    
 7       140000          2.420333812e-06 -54.7204267     6.342219881e-07 -54.7206029    
 8       160000          8.080967043e-07 -153.416206     2.117528979e-07 -153.416383    
 9       180000          2.694755772e-07 107.8930083     7.061312596e-08 107.8928322    

Doing analysis at TEMP = 27.000000 and TNOM = 27.000000

Using SPARSE 1.3 as Direct Linear Solver

No. of Data Rows : 1
h1k = 9.9966021348e-01
Doing analysis at TEMP = 27.000000 and TNOM = 27.000000

Using SPARSE 1.3 as Direct Linear Solver

No. of Data Rows : 1
h20k = 9.9966098310e-01
Doing analysis at TEMP = 27.000000 and TNOM = 27.000000

Using SPARSE 1.3 as Direct Linear Solver

No. of Data Rows : 1
mag(v(ain)) = 9.9966834083e-01
Doing analysis at TEMP = 27.000000 and TNOM = 27.000000

Using SPARSE 1.3 as Direct Linear Solver

No. of Data Rows : 61
zmin = 3.4676705332e+05
Doing analysis at TEMP = 27.000000 and TNOM = 27.000000

Using SPARSE 1.3 as Direct Linear Solver

No. of Data Rows : 1
cvcs1k = 9.9966025513e-01
Doing analysis at TEMP = 27.000000 and TNOM = 27.000000

Using SPARSE 1.3 as Direct Linear Solver

No. of Data Rows : 1
cvcs20k = 9.9966097602e-01
Doing analysis at TEMP = 27.000000 and TNOM = 27.000000

Using SPARSE 1.3 as Direct Linear Solver

No. of Data Rows : 1
cvcp1k = 9.9966023568e-01
Doing analysis at TEMP = 27.000000 and TNOM = 27.000000

Using SPARSE 1.3 as Direct Linear Solver

No. of Data Rows : 1
cvcp20k = 9.9966099178e-01
L47B1_CASO d=0.1500
Doing analysis at TEMP = 27.000000 and TNOM = 27.000000

Using SPARSE 1.3 as Direct Linear Solver

Initial Transient Solution
--------------------------

Node                                   Voltage
----                                   -------
vsn                                          0
srcx                              -1.68193e-05
ain                               -0.000952797
gs                                    -2.10306
gp                                     -7.0096
csf                                   -4.07948
cpf                                   -13.5982
cs                                        -4.5
cp                                         -15
vcp#branch                         1.40183e-05
vcs#branch                         4.20516e-06
vsrc#branch                       -1.12129e-05


No. of Data Rows : 4001
Fourier analysis for v(vsn):
  No. Harmonics: 10, THD: 1.82423e-10 %, Gridsize: 8192, Interpolation Degree: 1, No. Periods: 1

Harmonic Frequency       Magnitude       Phase           Norm. Mag       Norm. Phase    
-------- ---------       ---------       -----           ---------       -----------    
 0       0               -1.22454477e-12 0               0               0              
 1       1000            3.81799686      -3.71591613e-11 1               0              
 2       2000            2.459847601e-12 -89.4460182     6.4427701e-13   -89.4460182    
 3       3000            2.468423083e-12 -89.8027962     6.465230783e-13 -89.8027962    
 4       4000            2.490441226e-12 -88.3667386     6.522900143e-13 -88.3667386    
 5       5000            2.480985163e-12 -88.9950906     6.498133063e-13 -88.9950906    
 6       6000            2.441255333e-12 -89.3827447     6.394073705e-13 -89.3827447    
 7       7000            2.434110817e-12 -88.6304784     6.375360972e-13 -88.6304784    
 8       8000            2.463075865e-12 -87.6315719     6.451225487e-13 -87.6315719    
 9       9000            2.461053183e-12 -87.6257769     6.44592773e-13  -87.6257769    

Fourier analysis for v(ain):
  No. Harmonics: 10, THD: 0.0265903 %, Gridsize: 8192, Interpolation Degree: 1, No. Periods: 1

Harmonic Frequency       Magnitude       Phase           Norm. Mag       Norm. Phase    
-------- ---------       ---------       -----           ---------       -----------    
 0       0               -0.00176201984  0               0               0              
 1       1000            3.815590396     8.945133994e-06 1               0              
 2       2000            0.0009339605044 89.54400778     0.0002447748336 89.54399883    
 3       3000            0.0003648759008 -0.751537034    9.562763896e-05 -0.751545979   
 4       4000            0.0001424826222 -91.1157028     3.734222162e-05 -91.1157117    
 5       5000            5.561415703e-05 178.5596341     1.457550504e-05 178.5596252    
 6       6000            2.170221317e-05 88.1926282      5.687773298e-06 88.19261926    
 7       7000            8.471239221e-06 -2.12910108     2.22016473e-06  -2.12911003    
 8       8000            3.301895716e-06 -92.3864433     8.653695426e-07 -92.3864523    
 9       9000            1.28280099e-06  177.2314447     3.361998686e-07 177.2314358    

Doing analysis at TEMP = 27.000000 and TNOM = 27.000000

Using SPARSE 1.3 as Direct Linear Solver

Initial Transient Solution
--------------------------

Node                                   Voltage
----                                   -------
vsn                                          0
srcx                              -1.68193e-05
ain                               -0.000952797
gs                                    -2.10306
gp                                     -7.0096
csf                                   -4.07948
cpf                                   -13.5982
cs                                        -4.5
cp                                         -15
vcp#branch                         1.40183e-05
vcs#branch                         4.20516e-06
vsrc#branch                       -1.12129e-05


No. of Data Rows : 4001
Fourier analysis for v(vsn):
  No. Harmonics: 10, THD: 1.83239e-10 %, Gridsize: 8192, Interpolation Degree: 1, No. Periods: 1

Harmonic Frequency       Magnitude       Phase           Norm. Mag       Norm. Phase    
-------- ---------       ---------       -----           ---------       -----------    
 0       0               -1.22047511e-12 0               0               0              
 1       20000           3.81799686      -3.74644408e-11 1               0              
 2       40000           2.441485255e-12 -87.6909717     6.394675912e-13 -87.6909717    
 3       60000           2.482056324e-12 -88.0223523     6.50093862e-13  -88.0223523    
 4       80000           2.495568762e-12 -90.579458      6.536330055e-13 -90.579458     
 5       100000          2.488585988e-12 -87.9105573     6.51804095e-13  -87.9105573    
 6       120000          2.563165169e-12 -87.4528109     6.713376838e-13 -87.4528109    
 7       140000          2.462392976e-12 -88.6343298     6.449436882e-13 -88.6343298    
 8       160000          2.443844329e-12 -90.6396608     6.400854739e-13 -90.6396608    
 9       180000          2.407716348e-12 -87.4077148     6.306229252e-13 -87.4077148    

Fourier analysis for v(ain):
  No. Harmonics: 10, THD: 0.0255036 %, Gridsize: 8192, Interpolation Degree: 1, No. Periods: 1

Harmonic Frequency       Magnitude       Phase           Norm. Mag       Norm. Phase    
-------- ---------       ---------       -----           ---------       -----------    
 0       0               -0.00171716742  0               0               0              
 1       20000           3.815652227     0.0009486657208 1               0              
 2       40000           0.0008966980942 77.72299087     0.0002350051946 77.7220422     
 3       60000           0.0003489387994 -20.2781125     9.144931945e-05 -20.2790611    
 4       80000           0.000134091813  -119.19203      3.514256673e-05 -119.192979    
 5       100000          5.193824129e-05 142.061602      1.361189076e-05 142.0606533    
 6       120000          2.005069967e-05 43.39804531     5.254855129e-06 43.39709664    
 7       140000          7.744213382e-06 -55.3171697     2.02959099e-06  -55.3181183    
 8       160000          2.99130814e-06  -153.993435     7.839572272e-07 -153.994383    
 9       180000          1.155255037e-06 107.3391709     3.027673825e-07 107.3382222    

Doing analysis at TEMP = 27.000000 and TNOM = 27.000000

Using SPARSE 1.3 as Direct Linear Solver

No. of Data Rows : 1
h1k = 9.9959601005e-01
Doing analysis at TEMP = 27.000000 and TNOM = 27.000000

Using SPARSE 1.3 as Direct Linear Solver

No. of Data Rows : 1
h20k = 9.9959762781e-01
Doing analysis at TEMP = 27.000000 and TNOM = 27.000000

Using SPARSE 1.3 as Direct Linear Solver

No. of Data Rows : 1
mag(v(ain)) = 9.9960606911e-01
Doing analysis at TEMP = 27.000000 and TNOM = 27.000000

Using SPARSE 1.3 as Direct Linear Solver

No. of Data Rows : 61
zmin = 3.4753027590e+05
Doing analysis at TEMP = 27.000000 and TNOM = 27.000000

Using SPARSE 1.3 as Direct Linear Solver

No. of Data Rows : 1
cvcs1k = 9.9959605983e-01
Doing analysis at TEMP = 27.000000 and TNOM = 27.000000

Using SPARSE 1.3 as Direct Linear Solver

No. of Data Rows : 1
cvcs20k = 9.9959761653e-01
Doing analysis at TEMP = 27.000000 and TNOM = 27.000000

Using SPARSE 1.3 as Direct Linear Solver

No. of Data Rows : 1
cvcp1k = 9.9959603489e-01
Doing analysis at TEMP = 27.000000 and TNOM = 27.000000

Using SPARSE 1.3 as Direct Linear Solver

No. of Data Rows : 1
cvcp20k = 9.9959763752e-01
L47B1_CASO d=0.1750
Doing analysis at TEMP = 27.000000 and TNOM = 27.000000

Using SPARSE 1.3 as Direct Linear Solver

Initial Transient Solution
--------------------------

Node                                   Voltage
----                                   -------
vsn                                          0
srcx                              -1.78701e-05
ain                                -0.00112345
gs                                    -2.45357
gp                                    -7.00964
csf                                    -4.7594
cpf                                   -13.5982
cs                                       -5.25
cp                                         -15
vcp#branch                         1.40182e-05
vcs#branch                         4.90601e-06
vsrc#branch                       -1.19134e-05


No. of Data Rows : 4001
Fourier analysis for v(vsn):
  No. Harmonics: 10, THD: 1.82423e-10 %, Gridsize: 8192, Interpolation Degree: 1, No. Periods: 1

Harmonic Frequency       Magnitude       Phase           Norm. Mag       Norm. Phase    
-------- ---------       ---------       -----           ---------       -----------    
 0       0               -1.22454477e-12 0               0               0              
 1       1000            3.81799686      -3.71591613e-11 1               0              
 2       2000            2.459847601e-12 -89.4460182     6.4427701e-13   -89.4460182    
 3       3000            2.468423083e-12 -89.8027962     6.465230783e-13 -89.8027962    
 4       4000            2.490441226e-12 -88.3667386     6.522900143e-13 -88.3667386    
 5       5000            2.480985163e-12 -88.9950906     6.498133063e-13 -88.9950906    
 6       6000            2.441255333e-12 -89.3827447     6.394073705e-13 -89.3827447    
 7       7000            2.434110817e-12 -88.6304784     6.375360972e-13 -88.6304784    
 8       8000            2.463075865e-12 -87.6315719     6.451225487e-13 -87.6315719    
 9       9000            2.461053183e-12 -87.6257769     6.44592773e-13  -87.6257769    

Fourier analysis for v(ain):
  No. Harmonics: 10, THD: 0.050023 %, Gridsize: 8192, Interpolation Degree: 1, No. Periods: 1

Harmonic Frequency       Magnitude       Phase           Norm. Mag       Norm. Phase    
-------- ---------       ---------       -----           ---------       -----------    
 0       0               -0.00250045485  0               0               0              
 1       1000            3.81440497      7.78716359e-05  1               0              
 2       2000            0.001683643142  89.51391536     0.0004413907688 89.51383749    
 3       3000            0.0007923851774 -0.805405697    0.0002077349374 -0.805483568   
 4       4000            0.0003726858214 -91.1522853     9.770483847e-05 -91.1523632    
 5       5000            0.0001751743872 178.5137838     4.592443345e-05 178.5137059    
 6       6000            8.229350524e-05 88.17053837     2.157440174e-05 88.1704605     
 7       7000            3.864309711e-05 -2.15806836     1.013083231e-05 -2.15814624    
 8       8000            1.812951029e-05 -92.4681891     4.752906531e-06 -92.468267     
 9       9000            8.495739528e-06 177.1940792     2.227277805e-06 177.1940013    

Doing analysis at TEMP = 27.000000 and TNOM = 27.000000

Using SPARSE 1.3 as Direct Linear Solver

Initial Transient Solution
--------------------------

Node                                   Voltage
----                                   -------
vsn                                          0
srcx                              -1.78701e-05
ain                                -0.00112345
gs                                    -2.45357
gp                                    -7.00964
csf                                    -4.7594
cpf                                   -13.5982
cs                                       -5.25
cp                                         -15
vcp#branch                         1.40182e-05
vcs#branch                         4.90601e-06
vsrc#branch                       -1.19134e-05


No. of Data Rows : 4001
Fourier analysis for v(vsn):
  No. Harmonics: 10, THD: 1.83239e-10 %, Gridsize: 8192, Interpolation Degree: 1, No. Periods: 1

Harmonic Frequency       Magnitude       Phase           Norm. Mag       Norm. Phase    
-------- ---------       ---------       -----           ---------       -----------    
 0       0               -1.22047511e-12 0               0               0              
 1       20000           3.81799686      -3.74644408e-11 1               0              
 2       40000           2.441485255e-12 -87.6909717     6.394675912e-13 -87.6909717    
 3       60000           2.482056324e-12 -88.0223523     6.50093862e-13  -88.0223523    
 4       80000           2.495568762e-12 -90.579458      6.536330055e-13 -90.579458     
 5       100000          2.488585988e-12 -87.9105573     6.51804095e-13  -87.9105573    
 6       120000          2.563165169e-12 -87.4528109     6.713376838e-13 -87.4528109    
 7       140000          2.462392976e-12 -88.6343298     6.449436882e-13 -88.6343298    
 8       160000          2.443844329e-12 -90.6396608     6.400854739e-13 -90.6396608    
 9       180000          2.407716348e-12 -87.4077148     6.306229252e-13 -87.4077148    

Fourier analysis for v(ain):
  No. Harmonics: 10, THD: 0.0473156 %, Gridsize: 8192, Interpolation Degree: 1, No. Periods: 1

Harmonic Frequency       Magnitude       Phase           Norm. Mag       Norm. Phase    
-------- ---------       ---------       -----           ---------       -----------    
 0       0               -0.00241956868  0               0               0              
 1       20000           3.814539226     0.00270010899   1               0              
 2       40000           0.001597688844  77.03231384     0.0004188418967 77.02961373    
 3       60000           0.0007439903982 -21.3165545     0.0001950406993 -21.3192546    
 4       80000           0.0003446745986 -120.102189     9.035812145e-05 -120.104889    
 5       100000          0.0001600636373 141.2155532     4.196146056e-05 141.2128531    
 6       120000          7.424896785e-05 42.56266922     1.946472784e-05 42.55996911    
 7       140000          3.444410686e-05 -56.0780744     9.029690042e-06 -56.0807745    
 8       160000          1.597761538e-05 -154.691542     4.188609537e-06 -154.694242    
 9       180000          7.411442007e-06 106.7168889     1.942945548e-06 106.7141888    

Doing analysis at TEMP = 27.000000 and TNOM = 27.000000

Using SPARSE 1.3 as Direct Linear Solver

No. of Data Rows : 1
h1k = 9.9950675169e-01
Doing analysis at TEMP = 27.000000 and TNOM = 27.000000

Using SPARSE 1.3 as Direct Linear Solver

No. of Data Rows : 1
h20k = 9.9950957425e-01
Doing analysis at TEMP = 27.000000 and TNOM = 27.000000

Using SPARSE 1.3 as Direct Linear Solver

No. of Data Rows : 1
mag(v(ain)) = 9.9951957383e-01
Doing analysis at TEMP = 27.000000 and TNOM = 27.000000

Using SPARSE 1.3 as Direct Linear Solver

No. of Data Rows : 61
zmin = 3.4817955612e+05
Doing analysis at TEMP = 27.000000 and TNOM = 27.000000

Using SPARSE 1.3 as Direct Linear Solver

No. of Data Rows : 1
cvcs1k = 9.9950681309e-01
Doing analysis at TEMP = 27.000000 and TNOM = 27.000000

Using SPARSE 1.3 as Direct Linear Solver

No. of Data Rows : 1
cvcs20k = 9.9950955681e-01
Doing analysis at TEMP = 27.000000 and TNOM = 27.000000

Using SPARSE 1.3 as Direct Linear Solver

No. of Data Rows : 1
cvcp1k = 9.9950677990e-01
Doing analysis at TEMP = 27.000000 and TNOM = 27.000000

Using SPARSE 1.3 as Direct Linear Solver

No. of Data Rows : 1
cvcp20k = 9.9950958527e-01
L47B1_CASO d=0.2000
Doing analysis at TEMP = 27.000000 and TNOM = 27.000000

Using SPARSE 1.3 as Direct Linear Solver

Initial Transient Solution
--------------------------

Node                                   Voltage
----                                   -------
vsn                                          0
srcx                              -1.89208e-05
ain                                -0.00134818
gs                                     -2.8041
gp                                     -7.0097
csf                                   -5.43932
cpf                                   -13.5982
cs                                          -6
cp                                         -15
vcp#branch                         1.40181e-05
vcs#branch                         5.60684e-06
vsrc#branch                       -1.26139e-05


No. of Data Rows : 4001
Fourier analysis for v(vsn):
  No. Harmonics: 10, THD: 1.82423e-10 %, Gridsize: 8192, Interpolation Degree: 1, No. Periods: 1

Harmonic Frequency       Magnitude       Phase           Norm. Mag       Norm. Phase    
-------- ---------       ---------       -----           ---------       -----------    
 0       0               -1.22454477e-12 0               0               0              
 1       1000            3.81799686      -3.71591613e-11 1               0              
 2       2000            2.459847601e-12 -89.4460182     6.4427701e-13   -89.4460182    
 3       3000            2.468423083e-12 -89.8027962     6.465230783e-13 -89.8027962    
 4       4000            2.490441226e-12 -88.3667386     6.522900143e-13 -88.3667386    
 5       5000            2.480985163e-12 -88.9950906     6.498133063e-13 -88.9950906    
 6       6000            2.441255333e-12 -89.3827447     6.394073705e-13 -89.3827447    
 7       7000            2.434110817e-12 -88.6304784     6.375360972e-13 -88.6304784    
 8       8000            2.463075865e-12 -87.6315719     6.451225487e-13 -87.6315719    
 9       9000            2.461053183e-12 -87.6257769     6.44592773e-13  -87.6257769    

Fourier analysis for v(ain):
  No. Harmonics: 10, THD: 0.147123 %, Gridsize: 8192, Interpolation Degree: 1, No. Periods: 1

Harmonic Frequency       Magnitude       Phase           Norm. Mag       Norm. Phase    
-------- ---------       ---------       -----           ---------       -----------    
 0       0               -0.004564812    0               0               0              
 1       1000            3.810770818     0.0003329786636 1               0              
 2       2000            0.004430313222  89.45843167     0.001162576663  89.45809869    
 3       3000            0.002718379089  -0.868480401    0.000713341006  -0.86881338    
 4       4000            0.00166540887   -91.1991887     0.0004370267721 -91.1995217    
 5       5000            0.001018749321  178.4779407     0.0002673341875 178.4776077    
 6       6000            0.0006222410893 88.16026912     0.0001632848363 88.15993614    
 7       7000            0.0003794832605 -2.14733851     9.958175881e-05 -2.14767149    
 8       8000            0.0002310667473 -92.4441313     6.063517285e-05 -92.4444643    
 9       9000            0.0001404716636 177.2661909     3.686174537e-05 177.2658579    

Doing analysis at TEMP = 27.000000 and TNOM = 27.000000

Using SPARSE 1.3 as Direct Linear Solver

Initial Transient Solution
--------------------------

Node                                   Voltage
----                                   -------
vsn                                          0
srcx                              -1.89208e-05
ain                                -0.00134818
gs                                     -2.8041
gp                                     -7.0097
csf                                   -5.43932
cpf                                   -13.5982
cs                                          -6
cp                                         -15
vcp#branch                         1.40181e-05
vcs#branch                         5.60684e-06
vsrc#branch                       -1.26139e-05


No. of Data Rows : 4001
Fourier analysis for v(vsn):
  No. Harmonics: 10, THD: 1.83239e-10 %, Gridsize: 8192, Interpolation Degree: 1, No. Periods: 1

Harmonic Frequency       Magnitude       Phase           Norm. Mag       Norm. Phase    
-------- ---------       ---------       -----           ---------       -----------    
 0       0               -1.22047511e-12 0               0               0              
 1       20000           3.81799686      -3.74644408e-11 1               0              
 2       40000           2.441485255e-12 -87.6909717     6.394675912e-13 -87.6909717    
 3       60000           2.482056324e-12 -88.0223523     6.50093862e-13  -88.0223523    
 4       80000           2.495568762e-12 -90.579458      6.536330055e-13 -90.579458     
 5       100000          2.488585988e-12 -87.9105573     6.51804095e-13  -87.9105573    
 6       120000          2.563165169e-12 -87.4528109     6.713376838e-13 -87.4528109    
 7       140000          2.462392976e-12 -88.6343298     6.449436882e-13 -88.6343298    
 8       160000          2.443844329e-12 -90.6396608     6.400854739e-13 -90.6396608    
 9       180000          2.407716348e-12 -87.4077148     6.306229252e-13 -87.4077148    

Fourier analysis for v(ain):
  No. Harmonics: 10, THD: 0.133143 %, Gridsize: 8192, Interpolation Degree: 1, No. Periods: 1

Harmonic Frequency       Magnitude       Phase           Norm. Mag       Norm. Phase    
-------- ---------       ---------       -----           ---------       -----------    
 0       0               -0.00430246735  0               0               0              
 1       20000           3.811273707     0.00874850137   1               0              
 2       40000           0.004052973454  75.77742316     0.001063417053  75.76867466    
 3       60000           0.002441165291  -22.7187054     0.0006405116711 -22.7274539    
 4       80000           0.001467489438  -121.319664     0.0003850391105 -121.328412    
 5       100000          0.0008822398364 140.1597364     0.0002314816264 140.1509879    
 6       120000          0.0005301427063 41.69606308     0.0001390985657 41.68731458    
 7       140000          0.0003185255452 -56.7101635     8.357456579e-05 -56.718912     
 8       160000          0.0001913766029 -155.058236     5.021329288e-05 -155.066984    
 9       180000          0.0001149955954 106.6501002     3.017248411e-05 106.6413517    

Doing analysis at TEMP = 27.000000 and TNOM = 27.000000

Using SPARSE 1.3 as Direct Linear Solver

No. of Data Rows : 1
h1k = 9.9937635554e-01
Doing analysis at TEMP = 27.000000 and TNOM = 27.000000

Using SPARSE 1.3 as Direct Linear Solver

No. of Data Rows : 1
h20k = 9.9938101441e-01
Doing analysis at TEMP = 27.000000 and TNOM = 27.000000

Using SPARSE 1.3 as Direct Linear Solver

No. of Data Rows : 1
mag(v(ain)) = 9.9939333587e-01
Doing analysis at TEMP = 27.000000 and TNOM = 27.000000

Using SPARSE 1.3 as Direct Linear Solver

No. of Data Rows : 61
zmin = 3.4874710558e+05
Doing analysis at TEMP = 27.000000 and TNOM = 27.000000

Using SPARSE 1.3 as Direct Linear Solver

No. of Data Rows : 1
cvcs1k = 9.9937643435e-01
Doing analysis at TEMP = 27.000000 and TNOM = 27.000000

Using SPARSE 1.3 as Direct Linear Solver

No. of Data Rows : 1
cvcs20k = 9.9938098743e-01
Doing analysis at TEMP = 27.000000 and TNOM = 27.000000

Using SPARSE 1.3 as Direct Linear Solver

No. of Data Rows : 1
cvcp1k = 9.9937638819e-01
Doing analysis at TEMP = 27.000000 and TNOM = 27.000000

Using SPARSE 1.3 as Direct Linear Solver

No. of Data Rows : 1
cvcp20k = 9.9938102717e-01
L47B1_CASO d=0.2250
Doing analysis at TEMP = 27.000000 and TNOM = 27.000000

Using SPARSE 1.3 as Direct Linear Solver

Initial Transient Solution
--------------------------

Node                                   Voltage
----                                   -------
vsn                                          0
srcx                              -1.99712e-05
ain                                -0.00165777
gs                                    -3.15465
gp                                    -7.00978
csf                                   -6.11924
cpf                                   -13.5982
cs                                       -6.75
cp                                         -15
vcp#branch                         1.40179e-05
vcs#branch                         6.30763e-06
vsrc#branch                       -1.33141e-05


No. of Data Rows : 4001
Fourier analysis for v(vsn):
  No. Harmonics: 10, THD: 1.82423e-10 %, Gridsize: 8192, Interpolation Degree: 1, No. Periods: 1

Harmonic Frequency       Magnitude       Phase           Norm. Mag       Norm. Phase    
-------- ---------       ---------       -----           ---------       -----------    
 0       0               -1.22454477e-12 0               0               0              
 1       1000            3.81799686      -3.71591613e-11 1               0              
 2       2000            2.459847601e-12 -89.4460182     6.4427701e-13   -89.4460182    
 3       3000            2.468423083e-12 -89.8027962     6.465230783e-13 -89.8027962    
 4       4000            2.490441226e-12 -88.3667386     6.522900143e-13 -88.3667386    
 5       5000            2.480985163e-12 -88.9950906     6.498133063e-13 -88.9950906    
 6       6000            2.441255333e-12 -89.3827447     6.394073705e-13 -89.3827447    
 7       7000            2.434110817e-12 -88.6304784     6.375360972e-13 -88.6304784    
 8       8000            2.463075865e-12 -87.6315719     6.451225487e-13 -87.6315719    
 9       9000            2.461053183e-12 -87.6257769     6.44592773e-13  -87.6257769    

Fourier analysis for v(ain):
  No. Harmonics: 10, THD: 2.37521 %, Gridsize: 8192, Interpolation Degree: 1, No. Periods: 1

Harmonic Frequency       Magnitude       Phase           Norm. Mag       Norm. Phase    
-------- ---------       ---------       -----           ---------       -----------    
 0       0               -0.0340139776   0               0               0              
 1       1000            3.75408568      0.002729138034  1               0              
 2       2000            0.05554155968   89.67463081     0.01479496325   89.67190167    
 3       3000            0.04628984863   -0.457864077    0.01233052534   -0.460593215   
 4       4000            0.03683333438   -90.5562137     0.009811532692  -90.5589429    
 5       5000            0.02777036279   179.3890029     0.007397370534  179.3862738    
 6       6000            0.01957017541   89.39390952     0.005213033765  89.39118038    
 7       7000            0.01255598465   -0.504809336    0.003344618561  -0.507538474   
 8       8000            0.006903847992  -90.1973263     0.001839022489  -90.2000554    
 9       9000            0.002654956353  -179.090964     0.0007072178365 -179.093694    

Doing analysis at TEMP = 27.000000 and TNOM = 27.000000

Using SPARSE 1.3 as Direct Linear Solver

Initial Transient Solution
--------------------------

Node                                   Voltage
----                                   -------
vsn                                          0
srcx                              -1.99712e-05
ain                                -0.00165777
gs                                    -3.15465
gp                                    -7.00978
csf                                   -6.11924
cpf                                   -13.5982
cs                                       -6.75
cp                                         -15
vcp#branch                         1.40179e-05
vcs#branch                         6.30763e-06
vsrc#branch                       -1.33141e-05


No. of Data Rows : 4001
Fourier analysis for v(vsn):
  No. Harmonics: 10, THD: 1.83239e-10 %, Gridsize: 8192, Interpolation Degree: 1, No. Periods: 1

Harmonic Frequency       Magnitude       Phase           Norm. Mag       Norm. Phase    
-------- ---------       ---------       -----           ---------       -----------    
 0       0               -1.22047511e-12 0               0               0              
 1       20000           3.81799686      -3.74644408e-11 1               0              
 2       40000           2.441485255e-12 -87.6909717     6.394675912e-13 -87.6909717    
 3       60000           2.482056324e-12 -88.0223523     6.50093862e-13  -88.0223523    
 4       80000           2.495568762e-12 -90.579458      6.536330055e-13 -90.579458     
 5       100000          2.488585988e-12 -87.9105573     6.51804095e-13  -87.9105573    
 6       120000          2.563165169e-12 -87.4528109     6.713376838e-13 -87.4528109    
 7       140000          2.462392976e-12 -88.6343298     6.449436882e-13 -88.6343298    
 8       160000          2.443844329e-12 -90.6396608     6.400854739e-13 -90.6396608    
 9       180000          2.407716348e-12 -87.4077148     6.306229252e-13 -87.4077148    

Fourier analysis for v(ain):
  No. Harmonics: 10, THD: 2.29523 %, Gridsize: 8192, Interpolation Degree: 1, No. Periods: 1

Harmonic Frequency       Magnitude       Phase           Norm. Mag       Norm. Phase    
-------- ---------       ---------       -----           ---------       -----------    
 0       0               -0.0313106148   0               0               0              
 1       20000           3.759422292     0.08960483715   1               0              
 2       40000           0.05150335328   78.21885513     0.01369980526   78.1292503     
 3       60000           0.04364649534   -17.3424706     0.01160989427   -17.4320755    
 4       80000           0.03574565241   -112.446342     0.009508283356  -112.535947    
 5       100000          0.02818557169   153.0052232     0.007497314614  152.9156183    
 6       120000          0.02125301807   59.17234167     0.005653267023  59.08273683    
 7       140000          0.01514897628   -33.613655      0.004029602185  -33.7032598    
 8       160000          0.009999297346  -124.581989     0.002659796258  -124.671594    
 9       180000          0.005880492772  148.4392695     0.001564201176  148.3496647    

Doing analysis at TEMP = 27.000000 and TNOM = 27.000000

Using SPARSE 1.3 as Direct Linear Solver

No. of Data Rows : 1
h1k = 9.9917284317e-01
Doing analysis at TEMP = 27.000000 and TNOM = 27.000000

Using SPARSE 1.3 as Direct Linear Solver

No. of Data Rows : 1
h20k = 9.9918053211e-01
Doing analysis at TEMP = 27.000000 and TNOM = 27.000000

Using SPARSE 1.3 as Direct Linear Solver

No. of Data Rows : 1
mag(v(ain)) = 9.9919651784e-01
Doing analysis at TEMP = 27.000000 and TNOM = 27.000000

Using SPARSE 1.3 as Direct Linear Solver

No. of Data Rows : 61
zmin = 3.4926172571e+05
Doing analysis at TEMP = 27.000000 and TNOM = 27.000000

Using SPARSE 1.3 as Direct Linear Solver

No. of Data Rows : 1
cvcs1k = 9.9917294981e-01
Doing analysis at TEMP = 27.000000 and TNOM = 27.000000

Using SPARSE 1.3 as Direct Linear Solver

No. of Data Rows : 1
cvcs20k = 9.9918048926e-01
Doing analysis at TEMP = 27.000000 and TNOM = 27.000000

Using SPARSE 1.3 as Direct Linear Solver

No. of Data Rows : 1
cvcp1k = 9.9917288194e-01
Doing analysis at TEMP = 27.000000 and TNOM = 27.000000

Using SPARSE 1.3 as Direct Linear Solver

No. of Data Rows : 1
cvcp20k = 9.9918054727e-01
L47B1_CASO d=0.2500
Doing analysis at TEMP = 27.000000 and TNOM = 27.000000

Using SPARSE 1.3 as Direct Linear Solver

Initial Transient Solution
--------------------------

Node                                   Voltage
----                                   -------
vsn                                          0
srcx                              -2.10211e-05
ain                                -0.00211177
gs                                    -3.50524
gp                                     -7.0099
csf                                   -6.79916
cpf                                   -13.5982
cs                                        -7.5
cp                                         -15
vcp#branch                         1.40177e-05
vcs#branch                         7.00835e-06
vsrc#branch                        -1.4014e-05


No. of Data Rows : 4001
Fourier analysis for v(vsn):
  No. Harmonics: 10, THD: 1.82423e-10 %, Gridsize: 8192, Interpolation Degree: 1, No. Periods: 1

Harmonic Frequency       Magnitude       Phase           Norm. Mag       Norm. Phase    
-------- ---------       ---------       -----           ---------       -----------    
 0       0               -1.22454477e-12 0               0               0              
 1       1000            3.81799686      -3.71591613e-11 1               0              
 2       2000            2.459847601e-12 -89.4460182     6.4427701e-13   -89.4460182    
 3       3000            2.468423083e-12 -89.8027962     6.465230783e-13 -89.8027962    
 4       4000            2.490441226e-12 -88.3667386     6.522900143e-13 -88.3667386    
 5       5000            2.480985163e-12 -88.9950906     6.498133063e-13 -88.9950906    
 6       6000            2.441255333e-12 -89.3827447     6.394073705e-13 -89.3827447    
 7       7000            2.434110817e-12 -88.6304784     6.375360972e-13 -88.6304784    
 8       8000            2.463075865e-12 -87.6315719     6.451225487e-13 -87.6315719    
 9       9000            2.461053183e-12 -87.6257769     6.44592773e-13  -87.6257769    

Fourier analysis for v(ain):
  No. Harmonics: 10, THD: 6.91634 %, Gridsize: 8192, Interpolation Degree: 1, No. Periods: 1

Harmonic Frequency       Magnitude       Phase           Norm. Mag       Norm. Phase    
-------- ---------       ---------       -----           ---------       -----------    
 0       0               -0.126949251    0               0               0              
 1       1000            3.581973864     0.008257376372  1               0              
 2       2000            0.191148357     89.7551167      0.05336397312   89.74685933    
 3       3000            0.1332615213    -0.339919042    0.03720337622   -0.348176419   
 4       4000            0.07522366596   -90.3903362     0.02100061832   -90.3985936    
 5       5000            0.02776781484   179.7062691     0.007752098674  179.6980117    
 6       6000            0.00305096928   -92.8952634     0.0008517564328 -92.9035208    
 7       7000            0.01659276487   179.0411651     0.004632296468  179.0329078    
 8       8000            0.01666269704   89.22642443     0.004651819826  89.21816705    
 9       9000            0.009356121593  -0.431116428    0.002612001637  -0.439373804   

Doing analysis at TEMP = 27.000000 and TNOM = 27.000000

Using SPARSE 1.3 as Direct Linear Solver

Initial Transient Solution
--------------------------

Node                                   Voltage
----                                   -------
vsn                                          0
srcx                              -2.10211e-05
ain                                -0.00211177
gs                                    -3.50524
gp                                     -7.0099
csf                                   -6.79916
cpf                                   -13.5982
cs                                        -7.5
cp                                         -15
vcp#branch                         1.40177e-05
vcs#branch                         7.00835e-06
vsrc#branch                        -1.4014e-05

 Reference value :  3.00007e-04
No. of Data Rows : 4001
Fourier analysis for v(vsn):
  No. Harmonics: 10, THD: 1.83239e-10 %, Gridsize: 8192, Interpolation Degree: 1, No. Periods: 1

Harmonic Frequency       Magnitude       Phase           Norm. Mag       Norm. Phase    
-------- ---------       ---------       -----           ---------       -----------    
 0       0               -1.22047511e-12 0               0               0              
 1       20000           3.81799686      -3.74644408e-11 1               0              
 2       40000           2.441485255e-12 -87.6909717     6.394675912e-13 -87.6909717    
 3       60000           2.482056324e-12 -88.0223523     6.50093862e-13  -88.0223523    
 4       80000           2.495568762e-12 -90.579458      6.536330055e-13 -90.579458     
 5       100000          2.488585988e-12 -87.9105573     6.51804095e-13  -87.9105573    
 6       120000          2.563165169e-12 -87.4528109     6.713376838e-13 -87.4528109    
 7       140000          2.462392976e-12 -88.6343298     6.449436882e-13 -88.6343298    
 8       160000          2.443844329e-12 -90.6396608     6.400854739e-13 -90.6396608    
 9       180000          2.407716348e-12 -87.4077148     6.306229252e-13 -87.4077148    

Fourier analysis for v(ain):
  No. Harmonics: 10, THD: 6.94509 %, Gridsize: 8192, Interpolation Degree: 1, No. Periods: 1

Harmonic Frequency       Magnitude       Phase           Norm. Mag       Norm. Phase    
-------- ---------       ---------       -----           ---------       -----------    
 0       0               -0.122834977    0               0               0              
 1       20000           3.589530117     0.3080437538    1               0              
 2       40000           0.1883451053    80.44294931     0.05247068533   80.13490555    
 3       60000           0.1349786016    -13.7372127     0.03760341806   -14.0452565    
 4       80000           0.08025137646   -106.788655     0.0223570701    -107.096698    
 5       100000          0.03380716504   163.9549316     0.00941827034   163.6468878    
 6       120000          0.004863420669  141.1921427     0.001354890615  140.8840989    
 7       140000          0.01646359824   133.9011404     0.004586560831  133.5930967    
 8       160000          0.01951852212   47.43929751     0.005437625951  47.13125376    
 9       180000          0.01402121807   -39.5940005     0.003906143037  -39.9020443    

Doing analysis at TEMP = 27.000000 and TNOM = 27.000000

Using SPARSE 1.3 as Direct Linear Solver

No. of Data Rows : 1
h1k = 9.9882442004e-01
Doing analysis at TEMP = 27.000000 and TNOM = 27.000000

Using SPARSE 1.3 as Direct Linear Solver

No. of Data Rows : 1
h20k = 9.9883763979e-01
Doing analysis at TEMP = 27.000000 and TNOM = 27.000000

Using SPARSE 1.3 as Direct Linear Solver

No. of Data Rows : 1
mag(v(ain)) = 9.9885993412e-01
Doing analysis at TEMP = 27.000000 and TNOM = 27.000000

Using SPARSE 1.3 as Direct Linear Solver

No. of Data Rows : 61
zmin = 3.4975821526e+05
Doing analysis at TEMP = 27.000000 and TNOM = 27.000000

Using SPARSE 1.3 as Direct Linear Solver

No. of Data Rows : 1
cvcs1k = 9.9882457550e-01
Doing analysis at TEMP = 27.000000 and TNOM = 27.000000

Using SPARSE 1.3 as Direct Linear Solver

No. of Data Rows : 1
cvcs20k = 9.9883756783e-01
Doing analysis at TEMP = 27.000000 and TNOM = 27.000000

Using SPARSE 1.3 as Direct Linear Solver

No. of Data Rows : 1
cvcp1k = 9.9882446779e-01
Doing analysis at TEMP = 27.000000 and TNOM = 27.000000

Using SPARSE 1.3 as Direct Linear Solver

No. of Data Rows : 1
cvcp20k = 9.9883765845e-01
L47B1_CASO d=0.2750
Doing analysis at TEMP = 27.000000 and TNOM = 27.000000

Using SPARSE 1.3 as Direct Linear Solver

Initial Transient Solution
--------------------------

Node                                   Voltage
----                                   -------
vsn                                          0
srcx                              -2.20701e-05
ain                                -0.00284251
gs                                     -3.8559
gp                                     -7.0101
csf                                   -7.47911
cpf                                   -13.5983
cs                                       -8.25
cp                                         -15
vcp#branch                         1.40174e-05
vcs#branch                         7.70895e-06
vsrc#branch                       -1.47134e-05


No. of Data Rows : 4001
Fourier analysis for v(vsn):
  No. Harmonics: 10, THD: 1.82423e-10 %, Gridsize: 8192, Interpolation Degree: 1, No. Periods: 1

Harmonic Frequency       Magnitude       Phase           Norm. Mag       Norm. Phase    
-------- ---------       ---------       -----           ---------       -----------    
 0       0               -1.22454477e-12 0               0               0              
 1       1000            3.81799686      -3.71591613e-11 1               0              
 2       2000            2.459847601e-12 -89.4460182     6.4427701e-13   -89.4460182    
 3       3000            2.468423083e-12 -89.8027962     6.465230783e-13 -89.8027962    
 4       4000            2.490441226e-12 -88.3667386     6.522900143e-13 -88.3667386    
 5       5000            2.480985163e-12 -88.9950906     6.498133063e-13 -88.9950906    
 6       6000            2.441255333e-12 -89.3827447     6.394073705e-13 -89.3827447    
 7       7000            2.434110817e-12 -88.6304784     6.375360972e-13 -88.6304784    
 8       8000            2.463075865e-12 -87.6315719     6.451225487e-13 -87.6315719    
 9       9000            2.461053183e-12 -87.6257769     6.44592773e-13  -87.6257769    

Fourier analysis for v(ain):
  No. Harmonics: 10, THD: 11.3773 %, Gridsize: 8192, Interpolation Degree: 1, No. Periods: 1

Harmonic Frequency       Magnitude       Phase           Norm. Mag       Norm. Phase    
-------- ---------       ---------       -----           ---------       -----------    
 0       0               -0.258183282    0               0               0              
 1       1000            3.354387286     0.01629092291   1               0              
 2       2000            0.3318093535    89.77211337     0.09891802145   89.75582245    
 3       3000            0.1754010912    -0.308269386    0.05229005367   -0.324560309   
 4       4000            0.04693172595   -90.2554603     0.0139911471    -90.2717512    
 5       5000            0.02370416714   -0.845507902    0.007066616081  -0.861798825   
 6       6000            0.03769783752   -90.6652452     0.01123836764   -90.6815361    
 7       7000            0.01874824983   179.5373164     0.005589172695  179.5210254    
 8       8000            0.00472516708   -92.1428372     0.001408652811  -92.1591281    
 9       9000            0.01500304503   178.9517293     0.004472663336  178.9354383    

Doing analysis at TEMP = 27.000000 and TNOM = 27.000000

Using SPARSE 1.3 as Direct Linear Solver

Initial Transient Solution
--------------------------

Node                                   Voltage
----                                   -------
vsn                                          0
srcx                              -2.20701e-05
ain                                -0.00284251
gs                                     -3.8559
gp                                     -7.0101
csf                                   -7.47911
cpf                                   -13.5983
cs                                       -8.25
cp                                         -15
vcp#branch                         1.40174e-05
vcs#branch                         7.70895e-06
vsrc#branch                       -1.47134e-05


No. of Data Rows : 4001
Fourier analysis for v(vsn):
  No. Harmonics: 10, THD: 1.83239e-10 %, Gridsize: 8192, Interpolation Degree: 1, No. Periods: 1

Harmonic Frequency       Magnitude       Phase           Norm. Mag       Norm. Phase    
-------- ---------       ---------       -----           ---------       -----------    
 0       0               -1.22047511e-12 0               0               0              
 1       20000           3.81799686      -3.74644408e-11 1               0              
 2       40000           2.441485255e-12 -87.6909717     6.394675912e-13 -87.6909717    
 3       60000           2.482056324e-12 -88.0223523     6.50093862e-13  -88.0223523    
 4       80000           2.495568762e-12 -90.579458      6.536330055e-13 -90.579458     
 5       100000          2.488585988e-12 -87.9105573     6.51804095e-13  -87.9105573    
 6       120000          2.563165169e-12 -87.4528109     6.713376838e-13 -87.4528109    
 7       140000          2.462392976e-12 -88.6343298     6.449436882e-13 -88.6343298    
 8       160000          2.443844329e-12 -90.6396608     6.400854739e-13 -90.6396608    
 9       180000          2.407716348e-12 -87.4077148     6.306229252e-13 -87.4077148    

Fourier analysis for v(ain):
  No. Harmonics: 10, THD: 11.4811 %, Gridsize: 8192, Interpolation Degree: 1, No. Periods: 1

Harmonic Frequency       Magnitude       Phase           Norm. Mag       Norm. Phase    
-------- ---------       ---------       -----           ---------       -----------    
 0       0               -0.253015364    0               0               0              
 1       20000           3.363112384     0.6047438528    1               0              
 2       40000           0.3318198208    81.31523        0.09866450564   80.71048615    
 3       60000           0.1814194768    -11.9681134     0.05394392338   -12.5728573    
 4       80000           0.05403997148   -100.605411     0.01606844057   -101.210155    
 5       100000          0.02238470688   -38.2833587     0.006655949705  -38.8881026    
 6       120000          0.04146022274   -120.148016     0.01232793258   -120.75276     
 7       140000          0.02524725097   153.6855234     0.007507108918  153.0807795    
 8       160000          0.004846409222  151.05908       0.001441048847  150.4543362    
 9       180000          0.01650477847   125.7010105     0.004907590526  125.0962667    

Doing analysis at TEMP = 27.000000 and TNOM = 27.000000

Using SPARSE 1.3 as Direct Linear Solver

No. of Data Rows : 1
h1k = 9.9813904416e-01
Doing analysis at TEMP = 27.000000 and TNOM = 27.000000

Using SPARSE 1.3 as Direct Linear Solver

No. of Data Rows : 1
h20k = 9.9816392430e-01
Doing analysis at TEMP = 27.000000 and TNOM = 27.000000

Using SPARSE 1.3 as Direct Linear Solver

No. of Data Rows : 1
mag(v(ain)) = 9.9819865317e-01
Doing analysis at TEMP = 27.000000 and TNOM = 27.000000

Using SPARSE 1.3 as Direct Linear Solver

No. of Data Rows : 61
zmin = 3.5030174472e+05
Doing analysis at TEMP = 27.000000 and TNOM = 27.000000

Using SPARSE 1.3 as Direct Linear Solver

No. of Data Rows : 1
cvcs1k = 9.9813929807e-01
Doing analysis at TEMP = 27.000000 and TNOM = 27.000000

Using SPARSE 1.3 as Direct Linear Solver

No. of Data Rows : 1
cvcs20k = 9.9816379091e-01
Doing analysis at TEMP = 27.000000 and TNOM = 27.000000

Using SPARSE 1.3 as Direct Linear Solver

No. of Data Rows : 1
cvcp1k = 9.9813910638e-01
Doing analysis at TEMP = 27.000000 and TNOM = 27.000000

Using SPARSE 1.3 as Direct Linear Solver

No. of Data Rows : 1
cvcp20k = 9.9816394861e-01
L47B1_CASO d=0.3000
Doing analysis at TEMP = 27.000000 and TNOM = 27.000000

Using SPARSE 1.3 as Direct Linear Solver

Initial Transient Solution
--------------------------

Node                                   Voltage
----                                   -------
vsn                                          0
srcx                              -2.31169e-05
ain                                -0.00421468
gs                                    -4.20673
gp                                    -7.01046
csf                                   -8.15908
cpf                                   -13.5983
cs                                          -9
cp                                         -15
vcp#branch                         1.40167e-05
vcs#branch                         8.40924e-06
vsrc#branch                       -1.54113e-05


No. of Data Rows : 4001
Fourier analysis for v(vsn):
  No. Harmonics: 10, THD: 1.82423e-10 %, Gridsize: 8192, Interpolation Degree: 1, No. Periods: 1

Harmonic Frequency       Magnitude       Phase           Norm. Mag       Norm. Phase    
-------- ---------       ---------       -----           ---------       -----------    
 0       0               -1.22454477e-12 0               0               0              
 1       1000            3.81799686      -3.71591613e-11 1               0              
 2       2000            2.459847601e-12 -89.4460182     6.4427701e-13   -89.4460182    
 3       3000            2.468423083e-12 -89.8027962     6.465230783e-13 -89.8027962    
 4       4000            2.490441226e-12 -88.3667386     6.522900143e-13 -88.3667386    
 5       5000            2.480985163e-12 -88.9950906     6.498133063e-13 -88.9950906    
 6       6000            2.441255333e-12 -89.3827447     6.394073705e-13 -89.3827447    
 7       7000            2.434110817e-12 -88.6304784     6.375360972e-13 -88.6304784    
 8       8000            2.463075865e-12 -87.6315719     6.451225487e-13 -87.6315719    
 9       9000            2.461053183e-12 -87.6257769     6.44592773e-13  -87.6257769    

Fourier analysis for v(ain):
  No. Harmonics: 10, THD: 15.5514 %, Gridsize: 8192, Interpolation Degree: 1, No. Periods: 1

Harmonic Frequency       Magnitude       Phase           Norm. Mag       Norm. Phase    
-------- ---------       ---------       -----           ---------       -----------    
 0       0               -0.420573495    0               0               0              
 1       1000            3.093046587     0.0271583772    1               0              
 2       2000            0.4478059212    89.77830243     0.1447782659    89.75114405    
 3       3000            0.1590634408    -0.279723207    0.05142613808   -0.306881584   
 4       4000            0.01984086414   89.06183437     0.006414667089  89.03467599    
 5       5000            0.06151816332   -0.582544713    0.01988918097   -0.60970309    
 6       6000            0.02330815404   -90.3905463     0.007535662133  -90.4177047    
 7       7000            0.01748913992   -1.09275082     0.005654340931  -1.1199092     
 8       8000            0.02251974851   -90.7990041     0.007280766026  -90.8261625    
 9       9000            0.002823418133  -178.799897     0.0009128275485 -178.827055    

Doing analysis at TEMP = 27.000000 and TNOM = 27.000000

Using SPARSE 1.3 as Direct Linear Solver

Initial Transient Solution
--------------------------

Node                                   Voltage
----                                   -------
vsn                                          0
srcx                              -2.31169e-05
ain                                -0.00421468
gs                                    -4.20673
gp                                    -7.01046
csf                                   -8.15908
cpf                                   -13.5983
cs                                          -9
cp                                         -15
vcp#branch                         1.40167e-05
vcs#branch                         8.40924e-06
vsrc#branch                       -1.54113e-05


No. of Data Rows : 4001
Fourier analysis for v(vsn):
  No. Harmonics: 10, THD: 1.83239e-10 %, Gridsize: 8192, Interpolation Degree: 1, No. Periods: 1

Harmonic Frequency       Magnitude       Phase           Norm. Mag       Norm. Phase    
-------- ---------       ---------       -----           ---------       -----------    
 0       0               -1.22047511e-12 0               0               0              
 1       20000           3.81799686      -3.74644408e-11 1               0              
 2       40000           2.441485255e-12 -87.6909717     6.394675912e-13 -87.6909717    
 3       60000           2.482056324e-12 -88.0223523     6.50093862e-13  -88.0223523    
 4       80000           2.495568762e-12 -90.579458      6.536330055e-13 -90.579458     
 5       100000          2.488585988e-12 -87.9105573     6.51804095e-13  -87.9105573    
 6       120000          2.563165169e-12 -87.4528109     6.713376838e-13 -87.4528109    
 7       140000          2.462392976e-12 -88.6343298     6.449436882e-13 -88.6343298    
 8       160000          2.443844329e-12 -90.6396608     6.400854739e-13 -90.6396608    
 9       180000          2.407716348e-12 -87.4077148     6.306229252e-13 -87.4077148    

Fourier analysis for v(ain):
  No. Harmonics: 10, THD: 15.7219 %, Gridsize: 8192, Interpolation Degree: 1, No. Periods: 1

Harmonic Frequency       Magnitude       Phase           Norm. Mag       Norm. Phase    
-------- ---------       ---------       -----           ---------       -----------    
 0       0               -0.414425451    0               0               0              
 1       20000           3.102592468     0.9772001036    1               0              
 2       40000           0.4507874773    81.91018529     0.145293809     80.93298518    
 3       60000           0.1671119245    -10.1285801     0.05386202869   -11.1057802    
 4       80000           0.01835459578   46.52904813     0.005915890008  45.55184803    
 5       100000          0.06618335766   -23.7889526     0.021331631     -24.7661527    
 6       120000          0.03072135514   -108.172695     0.009901833854  -109.149895    
 7       140000          0.01682555775   -51.5267545     0.005423064073  -52.5039546    
 8       160000          0.02767464566   -128.881266     0.008919845564  -129.858466    
 9       180000          0.009492366634  162.4293259     0.003059495158  161.4521258    

Doing analysis at TEMP = 27.000000 and TNOM = 27.000000

Using SPARSE 1.3 as Direct Linear Solver

No. of Data Rows : 1
h1k = 9.9643800796e-01
Doing analysis at TEMP = 27.000000 and TNOM = 27.000000

Using SPARSE 1.3 as Direct Linear Solver

No. of Data Rows : 1
h20k = 9.9649399846e-01
Doing analysis at TEMP = 27.000000 and TNOM = 27.000000

Using SPARSE 1.3 as Direct Linear Solver

No. of Data Rows : 1
mag(v(ain)) = 9.9655957910e-01
Doing analysis at TEMP = 27.000000 and TNOM = 27.000000

Using SPARSE 1.3 as Direct Linear Solver

No. of Data Rows : 61
zmin = 3.5109292204e+05
Doing analysis at TEMP = 27.000000 and TNOM = 27.000000

Using SPARSE 1.3 as Direct Linear Solver

No. of Data Rows : 1
cvcs1k = 9.9643851283e-01
Doing analysis at TEMP = 27.000000 and TNOM = 27.000000

Using SPARSE 1.3 as Direct Linear Solver

No. of Data Rows : 1
cvcs20k = 9.9649370093e-01
Doing analysis at TEMP = 27.000000 and TNOM = 27.000000

Using SPARSE 1.3 as Direct Linear Solver

No. of Data Rows : 1
cvcp1k = 9.9643809730e-01
Doing analysis at TEMP = 27.000000 and TNOM = 27.000000

Using SPARSE 1.3 as Direct Linear Solver

No. of Data Rows : 1
cvcp20k = 9.9649403337e-01
L47B1_CASO d=0.3250
Doing analysis at TEMP = 27.000000 and TNOM = 27.000000

Using SPARSE 1.3 as Direct Linear Solver

Initial Transient Solution
--------------------------

Node                                   Voltage
----                                   -------
vsn                                          0
srcx                              -2.41567e-05
ain                                -0.00773109
gs                                    -4.55814
gp                                     -7.0114
csf                                   -8.83915
cpf                                   -13.5985
cs                                       -9.75
cp                                         -15
vcp#branch                         1.40151e-05
vcs#branch                         9.10853e-06
vsrc#branch                       -1.61045e-05


No. of Data Rows : 4001
Fourier analysis for v(vsn):
  No. Harmonics: 10, THD: 1.82423e-10 %, Gridsize: 8192, Interpolation Degree: 1, No. Periods: 1

Harmonic Frequency       Magnitude       Phase           Norm. Mag       Norm. Phase    
-------- ---------       ---------       -----           ---------       -----------    
 0       0               -1.22454477e-12 0               0               0              
 1       1000            3.81799686      -3.71591613e-11 1               0              
 2       2000            2.459847601e-12 -89.4460182     6.4427701e-13   -89.4460182    
 3       3000            2.468423083e-12 -89.8027962     6.465230783e-13 -89.8027962    
 4       4000            2.490441226e-12 -88.3667386     6.522900143e-13 -88.3667386    
 5       5000            2.480985163e-12 -88.9950906     6.498133063e-13 -88.9950906    
 6       6000            2.441255333e-12 -89.3827447     6.394073705e-13 -89.3827447    
 7       7000            2.434110817e-12 -88.6304784     6.375360972e-13 -88.6304784    
 8       8000            2.463075865e-12 -87.6315719     6.451225487e-13 -87.6315719    
 9       9000            2.461053183e-12 -87.6257769     6.44592773e-13  -87.6257769    

Fourier analysis for v(ain):
  No. Harmonics: 10, THD: 19.2907 %, Gridsize: 8192, Interpolation Degree: 1, No. Periods: 1

Harmonic Frequency       Magnitude       Phase           Norm. Mag       Norm. Phase    
-------- ---------       ---------       -----           ---------       -----------    
 0       0               -0.611034871    0               0               0              
 1       1000            2.811343761     0.04153801775   1               0              
 2       2000            0.5234405308    89.78128772     0.1861887322    89.73974971    
 3       3000            0.09432605245   -0.206498131    0.03355194543   -0.248036149   
 4       4000            0.08261191293   89.45425721     0.02938520506   89.4127192     
 5       5000            0.05115695258   -0.476133904    0.01819661945   -0.517671922   
 6       6000            0.02131380768   88.98936206     0.007581359482  88.94782404    
 7       7000            0.0310582798    -0.738309075    0.01104748563   -0.779847092   
 8       8000            0.002607442106  86.59893415     0.0009274718169 86.55739613    
 9       9000            0.01905894467   -1.04135229     0.00677930068   -1.0828903     

Doing analysis at TEMP = 27.000000 and TNOM = 27.000000

Using SPARSE 1.3 as Direct Linear Solver

Initial Transient Solution
--------------------------

Node                                   Voltage
----                                   -------
vsn                                          0
srcx                              -2.41567e-05
ain                                -0.00773109
gs                                    -4.55814
gp                                     -7.0114
csf                                   -8.83915
cpf                                   -13.5985
cs                                       -9.75
cp                                         -15
vcp#branch                         1.40151e-05
vcs#branch                         9.10853e-06
vsrc#branch                       -1.61045e-05


No. of Data Rows : 4001
Fourier analysis for v(vsn):
  No. Harmonics: 10, THD: 1.83239e-10 %, Gridsize: 8192, Interpolation Degree: 1, No. Periods: 1

Harmonic Frequency       Magnitude       Phase           Norm. Mag       Norm. Phase    
-------- ---------       ---------       -----           ---------       -----------    
 0       0               -1.22047511e-12 0               0               0              
 1       20000           3.81799686      -3.74644408e-11 1               0              
 2       40000           2.441485255e-12 -87.6909717     6.394675912e-13 -87.6909717    
 3       60000           2.482056324e-12 -88.0223523     6.50093862e-13  -88.0223523    
 4       80000           2.495568762e-12 -90.579458      6.536330055e-13 -90.579458     
 5       100000          2.488585988e-12 -87.9105573     6.51804095e-13  -87.9105573    
 6       120000          2.563165169e-12 -87.4528109     6.713376838e-13 -87.4528109    
 7       140000          2.462392976e-12 -88.6343298     6.449436882e-13 -88.6343298    
 8       160000          2.443844329e-12 -90.6396608     6.400854739e-13 -90.6396608    
 9       180000          2.407716348e-12 -87.4077148     6.306229252e-13 -87.4077148    

Fourier analysis for v(ain):
  No. Harmonics: 10, THD: 19.5156 %, Gridsize: 8192, Interpolation Degree: 1, No. Periods: 1

Harmonic Frequency       Magnitude       Phase           Norm. Mag       Norm. Phase    
-------- ---------       ---------       -----           ---------       -----------    
 0       0               -0.603882583    0               0               0              
 1       20000           2.821634141     1.434036951     1               0              
 2       40000           0.5289313129    82.41647511     0.187455668     80.98243816    
 3       60000           0.1019670438    -6.57809733     0.03613758505   -8.01213428    
 4       80000           0.08492650218   69.28361703     0.03009833944   67.84958008    
 5       100000          0.0590712169    -17.5537492     0.0209351085    -18.9877861    
 6       120000          0.02051417239   44.66732429     0.007270316192  43.23328734    
 7       140000          0.03733128225   -31.4858604     0.01323037658   -32.9198973    
 8       160000          0.005945177979  -59.5602595     0.002106998172  -60.9942964    
 9       180000          0.02252676929   -48.909563      0.007983589707  -50.3435999    

Doing analysis at TEMP = 27.000000 and TNOM = 27.000000

Using SPARSE 1.3 as Direct Linear Solver

No. of Data Rows : 1
h1k = 9.8963169759e-01
Doing analysis at TEMP = 27.000000 and TNOM = 27.000000

Using SPARSE 1.3 as Direct Linear Solver

No. of Data Rows : 1
h20k = 9.8982129678e-01
Doing analysis at TEMP = 27.000000 and TNOM = 27.000000

Using SPARSE 1.3 as Direct Linear Solver

No. of Data Rows : 1
mag(v(ain)) = 9.9001016637e-01
Doing analysis at TEMP = 27.000000 and TNOM = 27.000000

Using SPARSE 1.3 as Direct Linear Solver

No. of Data Rows : 61
zmin = 3.5330666464e+05
Doing analysis at TEMP = 27.000000 and TNOM = 27.000000

Using SPARSE 1.3 as Direct Linear Solver

No. of Data Rows : 1
cvcs1k = 9.8963324004e-01
Doing analysis at TEMP = 27.000000 and TNOM = 27.000000

Using SPARSE 1.3 as Direct Linear Solver

No. of Data Rows : 1
cvcs20k = 9.8982028859e-01
Doing analysis at TEMP = 27.000000 and TNOM = 27.000000

Using SPARSE 1.3 as Direct Linear Solver

No. of Data Rows : 1
cvcp1k = 9.8963185610e-01
Doing analysis at TEMP = 27.000000 and TNOM = 27.000000

Using SPARSE 1.3 as Direct Linear Solver

No. of Data Rows : 1
cvcp20k = 9.8982135868e-01
L47B1_CASO d=0.3500
Doing analysis at TEMP = 27.000000 and TNOM = 27.000000

Using SPARSE 1.3 as Direct Linear Solver

Initial Transient Solution
--------------------------

Node                                   Voltage
----                                   -------
vsn                                          0
srcx                              -2.51192e-05
ain                                 -0.0346732
gs                                    -4.91578
gp                                    -7.01858
csf                                   -9.52031
cpf                                   -13.5998
cs                                       -10.5
cp                                         -15
vcp#branch                         1.40025e-05
vcs#branch                         9.79687e-06
vsrc#branch                       -1.67461e-05


No. of Data Rows : 4001
Fourier analysis for v(vsn):
  No. Harmonics: 10, THD: 1.82423e-10 %, Gridsize: 8192, Interpolation Degree: 1, No. Periods: 1

Harmonic Frequency       Magnitude       Phase           Norm. Mag       Norm. Phase    
-------- ---------       ---------       -----           ---------       -----------    
 0       0               -1.22454477e-12 0               0               0              
 1       1000            3.81799686      -3.71591613e-11 1               0              
 2       2000            2.459847601e-12 -89.4460182     6.4427701e-13   -89.4460182    
 3       3000            2.468423083e-12 -89.8027962     6.465230783e-13 -89.8027962    
 4       4000            2.490441226e-12 -88.3667386     6.522900143e-13 -88.3667386    
 5       5000            2.480985163e-12 -88.9950906     6.498133063e-13 -88.9950906    
 6       6000            2.441255333e-12 -89.3827447     6.394073705e-13 -89.3827447    
 7       7000            2.434110817e-12 -88.6304784     6.375360972e-13 -88.6304784    
 8       8000            2.463075865e-12 -87.6315719     6.451225487e-13 -87.6315719    
 9       9000            2.461053183e-12 -87.6257769     6.44592773e-13  -87.6257769    

Fourier analysis for v(ain):
  No. Harmonics: 10, THD: 22.3668 %, Gridsize: 8192, Interpolation Degree: 1, No. Periods: 1

Harmonic Frequency       Magnitude       Phase           Norm. Mag       Norm. Phase    
-------- ---------       ---------       -----           ---------       -----------    
 0       0               -0.828355882    0               0               0              
 1       1000            2.519514131     0.06024594001   1               0              
 2       2000            0.5504577751    89.78432736     0.2184777487    89.72408142    
 3       3000            0.002396872704  6.001111159     0.0009513233822 5.940865219    
 4       4000            0.108732017     89.50768763     0.04315594648   89.44744169    
 5       5000            0.001871880477  3.818369351     0.0007429529582 3.758123411    
 6       6000            0.04587484608   89.26023883     0.01820781456   89.19999289    
 7       7000            0.001584458221  3.290744865     0.0006288745128 3.230498925    
 8       8000            0.02503359519   89.019874       0.009935882036  88.95962806    
 9       9000            0.001391061486  3.047944297     0.0005521149768 2.987698357    

Doing analysis at TEMP = 27.000000 and TNOM = 27.000000

Using SPARSE 1.3 as Direct Linear Solver

Initial Transient Solution
--------------------------

Node                                   Voltage
----                                   -------
vsn                                          0
srcx                              -2.51192e-05
ain                                 -0.0346732
gs                                    -4.91578
gp                                    -7.01858
csf                                   -9.52031
cpf                                   -13.5998
cs                                       -10.5
cp                                         -15
vcp#branch                         1.40025e-05
vcs#branch                         9.79687e-06
vsrc#branch                       -1.67461e-05


No. of Data Rows : 4001
Fourier analysis for v(vsn):
  No. Harmonics: 10, THD: 1.74292e-10 %, Gridsize: 8192, Interpolation Degree: 1, No. Periods: 1

Harmonic Frequency       Magnitude       Phase           Norm. Mag       Norm. Phase    
-------- ---------       ---------       -----           ---------       -----------    
 0       0               -1.21619034e-12 0               0               0              
 1       20000           3.81799686      -3.62545534e-11 1               0              
 2       40000           2.332371071e-12 -89.233414      6.108886823e-13 -89.233414     
 3       60000           2.290877362e-12 -88.5794362     6.00020756e-13  -88.5794362    
 4       80000           2.358957395e-12 -89.2003538     6.178521045e-13 -89.2003538    
 5       100000          2.370378153e-12 -90.4154159     6.208434004e-13 -90.4154159    
 6       120000          2.408438674e-12 -88.4876547     6.308121151e-13 -88.4876547    
 7       140000          2.429150063e-12 -87.6686609     6.362367891e-13 -87.6686609    
 8       160000          2.331071817e-12 -86.8272391     6.105483851e-13 -86.8272391    
 9       180000          2.296771292e-12 -88.5105406     6.015644791e-13 -88.5105406    

Fourier analysis for v(ain):
  No. Harmonics: 10, THD: 22.6402 %, Gridsize: 8192, Interpolation Degree: 1, No. Periods: 1

Harmonic Frequency       Magnitude       Phase           Norm. Mag       Norm. Phase    
-------- ---------       ---------       -----           ---------       -----------    
 0       0               -0.820199249    0               0               0              
 1       20000           2.530528532     1.991015009     1               0              
 2       40000           0.5576862964    82.91020551     0.2203833268    80.9191905     
 3       60000           0.01300712264   47.24760987     0.0051400814    45.25659487    
 4       80000           0.1153130836    73.1434624      0.04556877433   71.15244739    
 5       100000          0.0102668017    27.50468457     0.004057176819  25.51366956    
 6       120000          0.05133729063   61.92639877     0.02028718111   59.93538376    
 7       140000          0.009213430273  9.203282192     0.003640911436  7.212267183    
 8       160000          0.0292817308    48.93246774     0.01157138931   46.94145273    
 9       180000          0.008389405576  -8.81069953     0.003315278002  -10.8017145    

Doing analysis at TEMP = 27.000000 and TNOM = 27.000000

Using SPARSE 1.3 as Direct Linear Solver

No. of Data Rows : 1
h1k = 8.3341121946e-01
Doing analysis at TEMP = 27.000000 and TNOM = 27.000000

Using SPARSE 1.3 as Direct Linear Solver

No. of Data Rows : 1
h20k = 8.3639504635e-01
Doing analysis at TEMP = 27.000000 and TNOM = 27.000000

Using SPARSE 1.3 as Direct Linear Solver

No. of Data Rows : 1
mag(v(ain)) = 8.3948154601e-01
Doing analysis at TEMP = 27.000000 and TNOM = 27.000000

Using SPARSE 1.3 as Direct Linear Solver

No. of Data Rows : 61
zmin = 4.0492281183e+05
Doing analysis at TEMP = 27.000000 and TNOM = 27.000000

Using SPARSE 1.3 as Direct Linear Solver

No. of Data Rows : 1
cvcs1k = 8.3344077993e-01
Doing analysis at TEMP = 27.000000 and TNOM = 27.000000

Using SPARSE 1.3 as Direct Linear Solver

No. of Data Rows : 1
cvcs20k = 8.3637553245e-01
Doing analysis at TEMP = 27.000000 and TNOM = 27.000000

Using SPARSE 1.3 as Direct Linear Solver

No. of Data Rows : 1
cvcp1k = 8.3341185509e-01
Doing analysis at TEMP = 27.000000 and TNOM = 27.000000

Using SPARSE 1.3 as Direct Linear Solver

No. of Data Rows : 1
cvcp20k = 8.3639529035e-01
L47B1_CASO d=0.3750
Doing analysis at TEMP = 27.000000 and TNOM = 27.000000

Using SPARSE 1.3 as Direct Linear Solver

Initial Transient Solution
--------------------------

Node                                   Voltage
----                                   -------
vsn                                          0
srcx                              -2.47626e-05
ain                                  -0.461138
gs                                    -5.37984
gp                                    -7.13217
csf                                   -10.2201
cpf                                   -13.6197
cs                                      -11.25
cp                                         -15
vcp#branch                         1.38032e-05
vcs#branch                         1.02985e-05
vsrc#branch                       -1.65084e-05


No. of Data Rows : 4001
Fourier analysis for v(vsn):
  No. Harmonics: 10, THD: 1.82423e-10 %, Gridsize: 8192, Interpolation Degree: 1, No. Periods: 1

Harmonic Frequency       Magnitude       Phase           Norm. Mag       Norm. Phase    
-------- ---------       ---------       -----           ---------       -----------    
 0       0               -1.22454477e-12 0               0               0              
 1       1000            3.81799686      -3.71591613e-11 1               0              
 2       2000            2.459847601e-12 -89.4460182     6.4427701e-13   -89.4460182    
 3       3000            2.468423083e-12 -89.8027962     6.465230783e-13 -89.8027962    
 4       4000            2.490441226e-12 -88.3667386     6.522900143e-13 -88.3667386    
 5       5000            2.480985163e-12 -88.9950906     6.498133063e-13 -88.9950906    
 6       6000            2.441255333e-12 -89.3827447     6.394073705e-13 -89.3827447    
 7       7000            2.434110817e-12 -88.6304784     6.375360972e-13 -88.6304784    
 8       8000            2.463075865e-12 -87.6315719     6.451225487e-13 -87.6315719    
 9       9000            2.461053183e-12 -87.6257769     6.44592773e-13  -87.6257769    

Fourier analysis for v(ain):
  No. Harmonics: 10, THD: 24.4709 %, Gridsize: 8192, Interpolation Degree: 1, No. Periods: 1

Harmonic Frequency       Magnitude       Phase           Norm. Mag       Norm. Phase    
-------- ---------       ---------       -----           ---------       -----------    
 0       0               -1.07686753     0               0               0              
 1       1000            2.221820621     0.08001044953   1               0              
 2       2000            0.5250066766    89.79603496     0.2362957079    89.71602451    
 3       3000            0.09200623177   179.536345      0.04141028798   179.4563346    
 4       4000            0.08463006364   89.55618171     0.03809041235   89.47617126    
 5       5000            0.04969026405   179.3632305     0.02236466057   179.28322      
 6       6000            0.02358078499   89.40765365     0.01061327128   89.3276432     
 7       7000            0.03047963695   179.196852      0.01371831581   179.1168415    
 8       8000            0.004844201973  89.58784285     0.00218028491   89.5078324     
 9       9000            0.0192856245    179.0783131     0.008680099696  178.9983026    

Doing analysis at TEMP = 27.000000 and TNOM = 27.000000

Using SPARSE 1.3 as Direct Linear Solver

Initial Transient Solution
--------------------------

Node                                   Voltage
----                                   -------
vsn                                          0
srcx                              -2.47626e-05
ain                                  -0.461138
gs                                    -5.37984
gp                                    -7.13217
csf                                   -10.2201
cpf                                   -13.6197
cs                                      -11.25
cp                                         -15
vcp#branch                         1.38032e-05
vcs#branch                         1.02985e-05
vsrc#branch                       -1.65084e-05


No. of Data Rows : 4001
Fourier analysis for v(vsn):
  No. Harmonics: 10, THD: 1.83239e-10 %, Gridsize: 8192, Interpolation Degree: 1, No. Periods: 1

Harmonic Frequency       Magnitude       Phase           Norm. Mag       Norm. Phase    
-------- ---------       ---------       -----           ---------       -----------    
 0       0               -1.22047511e-12 0               0               0              
 1       20000           3.81799686      -3.74644408e-11 1               0              
 2       40000           2.441485255e-12 -87.6909717     6.394675912e-13 -87.6909717    
 3       60000           2.482056324e-12 -88.0223523     6.50093862e-13  -88.0223523    
 4       80000           2.495568762e-12 -90.579458      6.536330055e-13 -90.579458     
 5       100000          2.488585988e-12 -87.9105573     6.51804095e-13  -87.9105573    
 6       120000          2.563165169e-12 -87.4528109     6.713376838e-13 -87.4528109    
 7       140000          2.462392976e-12 -88.6343298     6.449436882e-13 -88.6343298    
 8       160000          2.443844329e-12 -90.6396608     6.400854739e-13 -90.6396608    
 9       180000          2.407716348e-12 -87.4077148     6.306229252e-13 -87.4077148    

Fourier analysis for v(ain):
  No. Harmonics: 10, THD: 24.8024 %, Gridsize: 8192, Interpolation Degree: 1, No. Periods: 1

Harmonic Frequency       Magnitude       Phase           Norm. Mag       Norm. Phase    
-------- ---------       ---------       -----           ---------       -----------    
 0       0               -1.06936614     0               0               0              
 1       20000           2.231723121     2.686178454     1               0              
 2       40000           0.5327419596    83.46477031     0.238713286     80.77859185    
 3       60000           0.09287583192   162.124888      0.04161619829   159.4387096    
 4       80000           0.09220276719   76.77306546     0.04131460858   74.08688701    
 5       100000          0.05191324482   152.6288495     0.02326150782   149.942671     
 6       120000          0.03067464299   73.51081022     0.01374482466   70.82463177    
 7       140000          0.03370725039   142.7911755     0.0151036883    140.104997     
 8       160000          0.011531982     78.4672092      0.005167299604  75.78103075    
 9       180000          0.02323281548   133.2008613     0.0104102589    130.5146829    

Doing analysis at TEMP = 27.000000 and TNOM = 27.000000

Using SPARSE 1.3 as Direct Linear Solver

No. of Data Rows : 1
h1k = 3.1722053375e-01
Doing analysis at TEMP = 27.000000 and TNOM = 27.000000

Using SPARSE 1.3 as Direct Linear Solver

No. of Data Rows : 1
h20k = 3.2315276612e-01
Doing analysis at TEMP = 27.000000 and TNOM = 27.000000

Using SPARSE 1.3 as Direct Linear Solver

No. of Data Rows : 1
mag(v(ain)) = 3.3585906697e-01
Doing analysis at TEMP = 27.000000 and TNOM = 27.000000

Using SPARSE 1.3 as Direct Linear Solver

No. of Data Rows : 61
zmin = 7.8980015786e+05
Doing analysis at TEMP = 27.000000 and TNOM = 27.000000

Using SPARSE 1.3 as Direct Linear Solver

No. of Data Rows : 1
cvcs1k = 3.1749844845e-01
Doing analysis at TEMP = 27.000000 and TNOM = 27.000000

Using SPARSE 1.3 as Direct Linear Solver

No. of Data Rows : 1
cvcs20k = 3.2304557031e-01
Doing analysis at TEMP = 27.000000 and TNOM = 27.000000

Using SPARSE 1.3 as Direct Linear Solver

No. of Data Rows : 1
cvcp1k = 3.1722164148e-01
Doing analysis at TEMP = 27.000000 and TNOM = 27.000000

Using SPARSE 1.3 as Direct Linear Solver

No. of Data Rows : 1
cvcp20k = 3.2315311401e-01
L47B1_CASO d=0.4000
Doing analysis at TEMP = 27.000000 and TNOM = 27.000000

Using SPARSE 1.3 as Direct Linear Solver

Initial Transient Solution
--------------------------

Node                                   Voltage
----                                   -------
vsn                                          0
srcx                               -2.4251e-05
ain                                  -0.934596
gs                                    -5.85641
gp                                    -7.25828
csf                                   -10.9222
cpf                                   -13.6418
cs                                         -12
cp                                         -15
vcp#branch                          1.3582e-05
vcs#branch                         1.07782e-05
vsrc#branch                       -1.61673e-05

 Reference value :  3.65714e-03
No. of Data Rows : 4001
Fourier analysis for v(vsn):
  No. Harmonics: 10, THD: 1.82423e-10 %, Gridsize: 8192, Interpolation Degree: 1, No. Periods: 1

Harmonic Frequency       Magnitude       Phase           Norm. Mag       Norm. Phase    
-------- ---------       ---------       -----           ---------       -----------    
 0       0               -1.22454477e-12 0               0               0              
 1       1000            3.81799686      -3.71591613e-11 1               0              
 2       2000            2.459847601e-12 -89.4460182     6.4427701e-13   -89.4460182    
 3       3000            2.468423083e-12 -89.8027962     6.465230783e-13 -89.8027962    
 4       4000            2.490441226e-12 -88.3667386     6.522900143e-13 -88.3667386    
 5       5000            2.480985163e-12 -88.9950906     6.498133063e-13 -88.9950906    
 6       6000            2.441255333e-12 -89.3827447     6.394073705e-13 -89.3827447    
 7       7000            2.434110817e-12 -88.6304784     6.375360972e-13 -88.6304784    
 8       8000            2.463075865e-12 -87.6315719     6.451225487e-13 -87.6315719    
 9       9000            2.461053183e-12 -87.6257769     6.44592773e-13  -87.6257769    

Fourier analysis for v(ain):
  No. Harmonics: 10, THD: 24.9318 %, Gridsize: 8192, Interpolation Degree: 1, No. Periods: 1

Harmonic Frequency       Magnitude       Phase           Norm. Mag       Norm. Phase    
-------- ---------       ---------       -----           ---------       -----------    
 0       0               -1.35366952     0               0               0              
 1       1000            1.93324652      0.1051004156    1               0              
 2       2000            0.4485580729    89.81222913     0.2320232149    89.70712871    
 3       3000            0.1593896379    179.6138198     0.08244661828   179.5087194    
 4       4000            0.0210928341    89.71277039     0.01091057653   89.60766998    
 5       5000            0.06236056041   179.4652815     0.03225691072   179.360181     
 6       6000            0.02240620072   -90.7361807     0.01158993459   -90.8412811    
 7       7000            0.01895044371   179.4827652     0.0098023938    179.3776648    
 8       8000            0.02258879705   -90.8046023     0.01168438521   -90.9097027    
 9       9000            0.001415613031  -4.58470056     0.0007322465172 -4.68980098    

Doing analysis at TEMP = 27.000000 and TNOM = 27.000000

Using SPARSE 1.3 as Direct Linear Solver

Initial Transient Solution
--------------------------

Node                                   Voltage
----                                   -------
vsn                                          0
srcx                               -2.4251e-05
ain                                  -0.934596
gs                                    -5.85641
gp                                    -7.25828
csf                                   -10.9222
cpf                                   -13.6418
cs                                         -12
cp                                         -15
vcp#branch                          1.3582e-05
vcs#branch                         1.07782e-05
vsrc#branch                       -1.61673e-05


No. of Data Rows : 4001
Fourier analysis for v(vsn):
  No. Harmonics: 10, THD: 1.83239e-10 %, Gridsize: 8192, Interpolation Degree: 1, No. Periods: 1

Harmonic Frequency       Magnitude       Phase           Norm. Mag       Norm. Phase    
-------- ---------       ---------       -----           ---------       -----------    
 0       0               -1.22047511e-12 0               0               0              
 1       20000           3.81799686      -3.74644408e-11 1               0              
 2       40000           2.441485255e-12 -87.6909717     6.394675912e-13 -87.6909717    
 3       60000           2.482056324e-12 -88.0223523     6.50093862e-13  -88.0223523    
 4       80000           2.495568762e-12 -90.579458      6.536330055e-13 -90.579458     
 5       100000          2.488585988e-12 -87.9105573     6.51804095e-13  -87.9105573    
 6       120000          2.563165169e-12 -87.4528109     6.713376838e-13 -87.4528109    
 7       140000          2.462392976e-12 -88.6343298     6.449436882e-13 -88.6343298    
 8       160000          2.443844329e-12 -90.6396608     6.400854739e-13 -90.6396608    
 9       180000          2.407716348e-12 -87.4077148     6.306229252e-13 -87.4077148    

Fourier analysis for v(ain):
  No. Harmonics: 10, THD: 25.2774 %, Gridsize: 8192, Interpolation Degree: 1, No. Periods: 1

Harmonic Frequency       Magnitude       Phase           Norm. Mag       Norm. Phase    
-------- ---------       ---------       -----           ---------       -----------    
 0       0               -1.34731902     0               0               0              
 1       20000           1.942328999     3.529727343     1               0              
 2       40000           0.4550051494    84.16013992     0.2342575071    80.63041257    
 3       60000           0.1636765215    166.2237054     0.08426817576   162.6939781    
 4       80000           0.02618917741   91.48366379     0.01348338897   87.95393645    
 5       100000          0.06857626134   159.5755618     0.03530620269   156.0458345    
 6       120000          0.02283928933   -130.64103      0.01175871304   -134.170757    
 7       140000          0.02522444579   157.5251357     0.01298670091   153.9954083    
 8       160000          0.02565051172   -132.379292     0.01320605919   -135.90902     
 9       180000          0.005204844881  -160.676566     0.002679692721  -164.206293    

Doing analysis at TEMP = 27.000000 and TNOM = 27.000000

Using SPARSE 1.3 as Direct Linear Solver

No. of Data Rows : 1
h1k = 3.1711356669e-01
Doing analysis at TEMP = 27.000000 and TNOM = 27.000000

Using SPARSE 1.3 as Direct Linear Solver

No. of Data Rows : 1
h20k = 3.2266012100e-01
Doing analysis at TEMP = 27.000000 and TNOM = 27.000000

Using SPARSE 1.3 as Direct Linear Solver

No. of Data Rows : 1
mag(v(ain)) = 3.3574643129e-01
Doing analysis at TEMP = 27.000000 and TNOM = 27.000000

Using SPARSE 1.3 as Direct Linear Solver

No. of Data Rows : 61
zmin = 7.9069277493e+05
Doing analysis at TEMP = 27.000000 and TNOM = 27.000000

Using SPARSE 1.3 as Direct Linear Solver

No. of Data Rows : 1
cvcs1k = 3.1739506715e-01
Doing analysis at TEMP = 27.000000 and TNOM = 27.000000

Using SPARSE 1.3 as Direct Linear Solver

No. of Data Rows : 1
cvcs20k = 3.2255639264e-01
Doing analysis at TEMP = 27.000000 and TNOM = 27.000000

Using SPARSE 1.3 as Direct Linear Solver

No. of Data Rows : 1
cvcp1k = 3.1711473958e-01
Doing analysis at TEMP = 27.000000 and TNOM = 27.000000

Using SPARSE 1.3 as Direct Linear Solver

No. of Data Rows : 1
cvcp20k = 3.2266050503e-01
L47B1_CASO d=0.4250
Doing analysis at TEMP = 27.000000 and TNOM = 27.000000

Using SPARSE 1.3 as Direct Linear Solver

Initial Transient Solution
--------------------------

Node                                   Voltage
----                                   -------
vsn                                          0
srcx                              -2.37398e-05
ain                                    -1.4079
gs                                    -6.33295
gp                                    -7.38434
csf                                   -11.6242
cpf                                   -13.6639
cs                                      -12.75
cp                                         -15
vcp#branch                         1.33608e-05
vcs#branch                          1.1258e-05
vsrc#branch                       -1.58265e-05


No. of Data Rows : 4001
Fourier analysis for v(vsn):
  No. Harmonics: 10, THD: 1.82423e-10 %, Gridsize: 8192, Interpolation Degree: 1, No. Periods: 1

Harmonic Frequency       Magnitude       Phase           Norm. Mag       Norm. Phase    
-------- ---------       ---------       -----           ---------       -----------    
 0       0               -1.22454477e-12 0               0               0              
 1       1000            3.81799686      -3.71591613e-11 1               0              
 2       2000            2.459847601e-12 -89.4460182     6.4427701e-13   -89.4460182    
 3       3000            2.468423083e-12 -89.8027962     6.465230783e-13 -89.8027962    
 4       4000            2.490441226e-12 -88.3667386     6.522900143e-13 -88.3667386    
 5       5000            2.480985163e-12 -88.9950906     6.498133063e-13 -88.9950906    
 6       6000            2.441255333e-12 -89.3827447     6.394073705e-13 -89.3827447    
 7       7000            2.434110817e-12 -88.6304784     6.375360972e-13 -88.6304784    
 8       8000            2.463075865e-12 -87.6315719     6.451225487e-13 -87.6315719    
 9       9000            2.461053183e-12 -87.6257769     6.44592773e-13  -87.6257769    

Fourier analysis for v(ain):
  No. Harmonics: 10, THD: 22.852 %, Gridsize: 8192, Interpolation Degree: 1, No. Periods: 1

Harmonic Frequency       Magnitude       Phase           Norm. Mag       Norm. Phase    
-------- ---------       ---------       -----           ---------       -----------    
 0       0               -1.65978676     0               0               0              
 1       1000            1.665681016     0.1364524664    1               0              
 2       2000            0.3297276358    89.84208164     0.1979536493    89.70562917    
 3       3000            0.1765496957    179.6411628     0.1059925004    179.5047104    
 4       4000            0.04777191159   -90.5330498     0.02868010809   -90.6695023    
 5       5000            0.02422590362   179.6631068     0.01454414344   179.5266543    
 6       6000            0.03860971798   -90.5963648     0.02317953894   -90.7328172    
 7       7000            0.01875487068   -0.993136244    0.01125958122   -1.12958871    
 8       8000            0.005728002105  -89.7412434     0.003438834957  -89.8776959    
 9       9000            0.01592099521   -0.903060156    0.00955824978   -1.03951262    

Doing analysis at TEMP = 27.000000 and TNOM = 27.000000

Using SPARSE 1.3 as Direct Linear Solver

Initial Transient Solution
--------------------------

Node                                   Voltage
----                                   -------
vsn                                          0
srcx                              -2.37398e-05
ain                                    -1.4079
gs                                    -6.33295
gp                                    -7.38434
csf                                   -11.6242
cpf                                   -13.6639
cs                                      -12.75
cp                                         -15
vcp#branch                         1.33608e-05
vcs#branch                          1.1258e-05
vsrc#branch                       -1.58265e-05


No. of Data Rows : 4001
Fourier analysis for v(vsn):
  No. Harmonics: 10, THD: 1.83239e-10 %, Gridsize: 8192, Interpolation Degree: 1, No. Periods: 1

Harmonic Frequency       Magnitude       Phase           Norm. Mag       Norm. Phase    
-------- ---------       ---------       -----           ---------       -----------    
 0       0               -1.22047511e-12 0               0               0              
 1       20000           3.81799686      -3.74644408e-11 1               0              
 2       40000           2.441485255e-12 -87.6909717     6.394675912e-13 -87.6909717    
 3       60000           2.482056324e-12 -88.0223523     6.50093862e-13  -88.0223523    
 4       80000           2.495568762e-12 -90.579458      6.536330055e-13 -90.579458     
 5       100000          2.488585988e-12 -87.9105573     6.51804095e-13  -87.9105573    
 6       120000          2.563165169e-12 -87.4528109     6.713376838e-13 -87.4528109    
 7       140000          2.462392976e-12 -88.6343298     6.449436882e-13 -88.6343298    
 8       160000          2.443844329e-12 -90.6396608     6.400854739e-13 -90.6396608    
 9       180000          2.407716348e-12 -87.4077148     6.306229252e-13 -87.4077148    

Fourier analysis for v(ain):
  No. Harmonics: 10, THD: 23.1586 %, Gridsize: 8192, Interpolation Degree: 1, No. Periods: 1

Harmonic Frequency       Magnitude       Phase           Norm. Mag       Norm. Phase    
-------- ---------       ---------       -----           ---------       -----------    
 0       0               -1.65488342     0               0               0              
 1       20000           1.674814653     4.526097536     1               0              
 2       40000           0.333551468     85.2110192      0.1991572425    80.68492166    
 3       60000           0.181910627     168.1575674     0.1086153782    163.6314698    
 4       80000           0.04955309752   -113.294333     0.02958721278   -117.820431    
 5       100000          0.02879742145   170.2598288     0.01719439306   165.7337312    
 6       120000          0.04354676073   -115.285377     0.02600094324   -119.811474    
 7       140000          0.01982723492   -43.0200025     0.01183846516   -47.5461       
 8       160000          0.01054097825   -103.526782     0.006293817785  -108.052879    
 9       180000          0.02010602844   -41.0606569     0.01200492747   -45.5867544    

Doing analysis at TEMP = 27.000000 and TNOM = 27.000000

Using SPARSE 1.3 as Direct Linear Solver

No. of Data Rows : 1
h1k = 3.1699389258e-01
Doing analysis at TEMP = 27.000000 and TNOM = 27.000000

Using SPARSE 1.3 as Direct Linear Solver

No. of Data Rows : 1
h20k = 3.2220107652e-01
Doing analysis at TEMP = 27.000000 and TNOM = 27.000000

Using SPARSE 1.3 as Direct Linear Solver

No. of Data Rows : 1
mag(v(ain)) = 3.3562012697e-01
Doing analysis at TEMP = 27.000000 and TNOM = 27.000000

Using SPARSE 1.3 as Direct Linear Solver

No. of Data Rows : 61
zmin = 7.9147322991e+05
Doing analysis at TEMP = 27.000000 and TNOM = 27.000000

Using SPARSE 1.3 as Direct Linear Solver

No. of Data Rows : 1
cvcs1k = 3.1727862289e-01
Doing analysis at TEMP = 27.000000 and TNOM = 27.000000

Using SPARSE 1.3 as Direct Linear Solver

No. of Data Rows : 1
cvcs20k = 3.2210050962e-01
Doing analysis at TEMP = 27.000000 and TNOM = 27.000000

Using SPARSE 1.3 as Direct Linear Solver

No. of Data Rows : 1
cvcp1k = 3.1699513764e-01
Doing analysis at TEMP = 27.000000 and TNOM = 27.000000

Using SPARSE 1.3 as Direct Linear Solver

No. of Data Rows : 1
cvcp20k = 3.2220150004e-01
L47B1_CASO d=0.4500
Doing analysis at TEMP = 27.000000 and TNOM = 27.000000

Using SPARSE 1.3 as Direct Linear Solver

Initial Transient Solution
--------------------------

Node                                   Voltage
----                                   -------
vsn                                          0
srcx                              -2.32293e-05
ain                                   -1.88102
gs                                    -6.80943
gp                                    -7.51036
csf                                   -12.3262
cpf                                    -13.686
cs                                       -13.5
cp                                         -15
vcp#branch                         1.31397e-05
vcs#branch                         1.17378e-05
vsrc#branch                       -1.54862e-05


No. of Data Rows : 4001
Fourier analysis for v(vsn):
  No. Harmonics: 10, THD: 1.82423e-10 %, Gridsize: 8192, Interpolation Degree: 1, No. Periods: 1

Harmonic Frequency       Magnitude       Phase           Norm. Mag       Norm. Phase    
-------- ---------       ---------       -----           ---------       -----------    
 0       0               -1.22454477e-12 0               0               0              
 1       1000            3.81799686      -3.71591613e-11 1               0              
 2       2000            2.459847601e-12 -89.4460182     6.4427701e-13   -89.4460182    
 3       3000            2.468423083e-12 -89.8027962     6.465230783e-13 -89.8027962    
 4       4000            2.490441226e-12 -88.3667386     6.522900143e-13 -88.3667386    
 5       5000            2.480985163e-12 -88.9950906     6.498133063e-13 -88.9950906    
 6       6000            2.441255333e-12 -89.3827447     6.394073705e-13 -89.3827447    
 7       7000            2.434110817e-12 -88.6304784     6.375360972e-13 -88.6304784    
 8       8000            2.463075865e-12 -87.6315719     6.451225487e-13 -87.6315719    
 9       9000            2.461053183e-12 -87.6257769     6.44592773e-13  -87.6257769    

Fourier analysis for v(ain):
  No. Harmonics: 10, THD: 16.991 %, Gridsize: 8192, Interpolation Degree: 1, No. Periods: 1

Harmonic Frequency       Magnitude       Phase           Norm. Mag       Norm. Phase    
-------- ---------       ---------       -----           ---------       -----------    
 0       0               -1.99856162     0               0               0              
 1       1000            1.433450451     0.1726692585    1               0              
 2       2000            0.1852237672    89.92147986     0.1292153259    89.7488106     
 3       3000            0.1325455309    179.6689536     0.09246607086   179.4962844    
 4       4000            0.07670520584   -90.4699092     0.05351088753   -90.6425784    
 5       5000            0.02912839484   -0.734050397    0.02032047555   -0.906719656   
 6       6000            0.002895768009  -88.5672914     0.002020138198  -88.7399607    
 7       7000            0.01741752453   -0.636054908    0.01215076847   -0.808724166   
 8       8000            0.01756421108   89.0222905      0.01225309956   88.84962124    
 9       9000            0.009585658242  178.6997574     0.006687122138  178.5270881    

Doing analysis at TEMP = 27.000000 and TNOM = 27.000000

Using SPARSE 1.3 as Direct Linear Solver

Initial Transient Solution
--------------------------

Node                                   Voltage
----                                   -------
vsn                                          0
srcx                              -2.32293e-05
ain                                   -1.88102
gs                                    -6.80943
gp                                    -7.51036
csf                                   -12.3262
cpf                                    -13.686
cs                                       -13.5
cp                                         -15
vcp#branch                         1.31397e-05
vcs#branch                         1.17378e-05
vsrc#branch                       -1.54862e-05


No. of Data Rows : 4001
Fourier analysis for v(vsn):
  No. Harmonics: 10, THD: 1.83239e-10 %, Gridsize: 8192, Interpolation Degree: 1, No. Periods: 1

Harmonic Frequency       Magnitude       Phase           Norm. Mag       Norm. Phase    
-------- ---------       ---------       -----           ---------       -----------    
 0       0               -1.22047511e-12 0               0               0              
 1       20000           3.81799686      -3.74644408e-11 1               0              
 2       40000           2.441485255e-12 -87.6909717     6.394675912e-13 -87.6909717    
 3       60000           2.482056324e-12 -88.0223523     6.50093862e-13  -88.0223523    
 4       80000           2.495568762e-12 -90.579458      6.536330055e-13 -90.579458     
 5       100000          2.488585988e-12 -87.9105573     6.51804095e-13  -87.9105573    
 6       120000          2.563165169e-12 -87.4528109     6.713376838e-13 -87.4528109    
 7       140000          2.462392976e-12 -88.6343298     6.449436882e-13 -88.6343298    
 8       160000          2.443844329e-12 -90.6396608     6.400854739e-13 -90.6396608    
 9       180000          2.407716348e-12 -87.4077148     6.306229252e-13 -87.4077148    

Fourier analysis for v(ain):
  No. Harmonics: 10, THD: 17.1757 %, Gridsize: 8192, Interpolation Degree: 1, No. Periods: 1

Harmonic Frequency       Magnitude       Phase           Norm. Mag       Norm. Phase    
-------- ---------       ---------       -----           ---------       -----------    
 0       0               -1.99545171     0               0               0              
 1       20000           1.443839411     5.623001872     1               0              
 2       40000           0.1860937994    87.42923125     0.1288881561    81.80622938    
 3       60000           0.1357121648    169.974018      0.09399394683   164.3510162    
 4       80000           0.08046993787   -106.555316     0.05573330198   -112.178318    
 5       100000          0.03094427507   -27.6258063     0.02143193685   -33.2488082    
 6       120000          0.006286017145  -71.6768462     0.004353681648  -77.2998481    
 7       140000          0.02113823166   -23.8290883     0.01464029276   -29.4520902    
 8       160000          0.02056075974   52.88481065     0.01424033697   47.26180878    
 9       180000          0.01039379165   124.0954563     0.007198717234  118.4724544    

Doing analysis at TEMP = 27.000000 and TNOM = 27.000000

Using SPARSE 1.3 as Direct Linear Solver

No. of Data Rows : 1
h1k = 3.1685859025e-01
Doing analysis at TEMP = 27.000000 and TNOM = 27.000000

Using SPARSE 1.3 as Direct Linear Solver

No. of Data Rows : 1
h20k = 3.2176467143e-01
Doing analysis at TEMP = 27.000000 and TNOM = 27.000000

Using SPARSE 1.3 as Direct Linear Solver

No. of Data Rows : 1
mag(v(ain)) = 3.3547706159e-01
Doing analysis at TEMP = 27.000000 and TNOM = 27.000000

Using SPARSE 1.3 as Direct Linear Solver

No. of Data Rows : 61
zmin = 7.9216198668e+05
Doing analysis at TEMP = 27.000000 and TNOM = 27.000000

Using SPARSE 1.3 as Direct Linear Solver

No. of Data Rows : 1
cvcs1k = 3.1714624207e-01
Doing analysis at TEMP = 27.000000 and TNOM = 27.000000

Using SPARSE 1.3 as Direct Linear Solver

No. of Data Rows : 1
cvcs20k = 3.2166700420e-01
Doing analysis at TEMP = 27.000000 and TNOM = 27.000000

Using SPARSE 1.3 as Direct Linear Solver

No. of Data Rows : 1
cvcp1k = 3.1685991632e-01
Doing analysis at TEMP = 27.000000 and TNOM = 27.000000

Using SPARSE 1.3 as Direct Linear Solver

No. of Data Rows : 1
cvcp20k = 3.2176513879e-01
L47B1_CASO d=0.4750
Doing analysis at TEMP = 27.000000 and TNOM = 27.000000

Using SPARSE 1.3 as Direct Linear Solver

Initial Transient Solution
--------------------------

Node                                   Voltage
----                                   -------
vsn                                          0
srcx                              -2.27194e-05
ain                                   -2.35393
gs                                    -7.28586
gp                                    -7.63632
csf                                   -13.0282
cpf                                   -13.7081
cs                                      -14.25
cp                                         -15
vcp#branch                         1.29187e-05
vcs#branch                         1.22178e-05
vsrc#branch                       -1.51462e-05


No. of Data Rows : 4001
Fourier analysis for v(vsn):
  No. Harmonics: 10, THD: 1.82423e-10 %, Gridsize: 8192, Interpolation Degree: 1, No. Periods: 1

Harmonic Frequency       Magnitude       Phase           Norm. Mag       Norm. Phase    
-------- ---------       ---------       -----           ---------       -----------    
 0       0               -1.22454477e-12 0               0               0              
 1       1000            3.81799686      -3.71591613e-11 1               0              
 2       2000            2.459847601e-12 -89.4460182     6.4427701e-13   -89.4460182    
 3       3000            2.468423083e-12 -89.8027962     6.465230783e-13 -89.8027962    
 4       4000            2.490441226e-12 -88.3667386     6.522900143e-13 -88.3667386    
 5       5000            2.480985163e-12 -88.9950906     6.498133063e-13 -88.9950906    
 6       6000            2.441255333e-12 -89.3827447     6.394073705e-13 -89.3827447    
 7       7000            2.434110817e-12 -88.6304784     6.375360972e-13 -88.6304784    
 8       8000            2.463075865e-12 -87.6315719     6.451225487e-13 -87.6315719    
 9       9000            2.461053183e-12 -87.6257769     6.44592773e-13  -87.6257769    

Fourier analysis for v(ain):
  No. Harmonics: 10, THD: 6.54328 %, Gridsize: 8192, Interpolation Degree: 1, No. Periods: 1

Harmonic Frequency       Magnitude       Phase           Norm. Mag       Norm. Phase    
-------- ---------       ---------       -----           ---------       -----------    
 0       0               -2.37775517     0               0               0              
 1       1000            1.259900224     0.2061342461    1               0              
 2       2000            0.04701202961   90.41685952     0.03731408942   90.21072527    
 3       3000            0.04226235539   179.7774093     0.03354420818   179.5712751    
 4       4000            0.03581533887   -90.3683523     0.0284271232    -90.5744865    
 5       5000            0.02853369729   -0.53239356     0.02264758491   -0.738527806   
 6       6000            0.02102858569   89.2861672      0.01669067542   89.08003296    
 7       7000            0.01392071915   179.1428527     0.01104906475   178.9367185    
 8       8000            0.007716557028  -91.0595405     0.006124736612  -91.2656748    
 9       9000            0.002735322711  -1.90910497     0.002171062962  -2.11523921    

Doing analysis at TEMP = 27.000000 and TNOM = 27.000000

Using SPARSE 1.3 as Direct Linear Solver

Initial Transient Solution
--------------------------

Node                                   Voltage
----                                   -------
vsn                                          0
srcx                              -2.27194e-05
ain                                   -2.35393
gs                                    -7.28586
gp                                    -7.63632
csf                                   -13.0282
cpf                                   -13.7081
cs                                      -14.25
cp                                         -15
vcp#branch                         1.29187e-05
vcs#branch                         1.22178e-05
vsrc#branch                       -1.51462e-05


No. of Data Rows : 4001
Fourier analysis for v(vsn):
  No. Harmonics: 10, THD: 1.83239e-10 %, Gridsize: 8192, Interpolation Degree: 1, No. Periods: 1

Harmonic Frequency       Magnitude       Phase           Norm. Mag       Norm. Phase    
-------- ---------       ---------       -----           ---------       -----------    
 0       0               -1.22047511e-12 0               0               0              
 1       20000           3.81799686      -3.74644408e-11 1               0              
 2       40000           2.441485255e-12 -87.6909717     6.394675912e-13 -87.6909717    
 3       60000           2.482056324e-12 -88.0223523     6.50093862e-13  -88.0223523    
 4       80000           2.495568762e-12 -90.579458      6.536330055e-13 -90.579458     
 5       100000          2.488585988e-12 -87.9105573     6.51804095e-13  -87.9105573    
 6       120000          2.563165169e-12 -87.4528109     6.713376838e-13 -87.4528109    
 7       140000          2.462392976e-12 -88.6343298     6.449436882e-13 -88.6343298    
 8       160000          2.443844329e-12 -90.6396608     6.400854739e-13 -90.6396608    
 9       180000          2.407716348e-12 -87.4077148     6.306229252e-13 -87.4077148    

Fourier analysis for v(ain):
  No. Harmonics: 10, THD: 6.5858 %, Gridsize: 8192, Interpolation Degree: 1, No. Periods: 1

Harmonic Frequency       Magnitude       Phase           Norm. Mag       Norm. Phase    
-------- ---------       ---------       -----           ---------       -----------    
 0       0               -2.37705744     0               0               0              
 1       20000           1.273300042     6.586637067     1               0              
 2       40000           0.04738726843   98.65191441     0.0372161053    92.06527735    
 3       60000           0.04160015035   173.8362479     0.03267112934   167.2496108    
 4       80000           0.03626566257   -101.641433     0.0284816315    -108.22807     
 5       100000          0.02993220677   -16.9530503     0.02350758328   -23.5396874    
 6       120000          0.02281003934   66.65415904     0.01791411183   60.06752197    
 7       140000          0.0154784984    148.5268348     0.01215620662   141.9401977    
 8       160000          0.008650269858  -133.336248     0.006793583268  -139.922886    
 9       180000          0.003166438783  -72.3449286     0.002486797046  -78.9315656    

Doing analysis at TEMP = 27.000000 and TNOM = 27.000000

Using SPARSE 1.3 as Direct Linear Solver

No. of Data Rows : 1
h1k = 3.1670373002e-01
Doing analysis at TEMP = 27.000000 and TNOM = 27.000000

Using SPARSE 1.3 as Direct Linear Solver

No. of Data Rows : 1
h20k = 3.2134063732e-01
Doing analysis at TEMP = 27.000000 and TNOM = 27.000000

Using SPARSE 1.3 as Direct Linear Solver

No. of Data Rows : 1
mag(v(ain)) = 3.3531306241e-01
Doing analysis at TEMP = 27.000000 and TNOM = 27.000000

Using SPARSE 1.3 as Direct Linear Solver

No. of Data Rows : 61
zmin = 7.9277643002e+05
Doing analysis at TEMP = 27.000000 and TNOM = 27.000000

Using SPARSE 1.3 as Direct Linear Solver

No. of Data Rows : 1
cvcs1k = 3.1699403183e-01
Doing analysis at TEMP = 27.000000 and TNOM = 27.000000

Using SPARSE 1.3 as Direct Linear Solver

No. of Data Rows : 1
cvcs20k = 3.2124564430e-01
Doing analysis at TEMP = 27.000000 and TNOM = 27.000000

Using SPARSE 1.3 as Direct Linear Solver

No. of Data Rows : 1
cvcp1k = 3.1670514840e-01
Doing analysis at TEMP = 27.000000 and TNOM = 27.000000

Using SPARSE 1.3 as Direct Linear Solver

No. of Data Rows : 1
cvcp20k = 3.2134115415e-01
L47B1_CASO d=0.5000
Doing analysis at TEMP = 27.000000 and TNOM = 27.000000

Using SPARSE 1.3 as Direct Linear Solver

Initial Transient Solution
--------------------------

Node                                   Voltage
----                                   -------
vsn                                          0
srcx                              -2.22103e-05
ain                                   -2.82661
gs                                    -7.76223
gp                                    -7.76223
csf                                   -13.7302
cpf                                   -13.7302
cs                                         -15
cp                                         -15
vcp#branch                         1.26979e-05
vcs#branch                         1.26978e-05
vsrc#branch                       -1.48068e-05


No. of Data Rows : 4001
Fourier analysis for v(vsn):
  No. Harmonics: 10, THD: 1.82423e-10 %, Gridsize: 8192, Interpolation Degree: 1, No. Periods: 1

Harmonic Frequency       Magnitude       Phase           Norm. Mag       Norm. Phase    
-------- ---------       ---------       -----           ---------       -----------    
 0       0               -1.22454477e-12 0               0               0              
 1       1000            3.81799686      -3.71591613e-11 1               0              
 2       2000            2.459847601e-12 -89.4460182     6.4427701e-13   -89.4460182    
 3       3000            2.468423083e-12 -89.8027962     6.465230783e-13 -89.8027962    
 4       4000            2.490441226e-12 -88.3667386     6.522900143e-13 -88.3667386    
 5       5000            2.480985163e-12 -88.9950906     6.498133063e-13 -88.9950906    
 6       6000            2.441255333e-12 -89.3827447     6.394073705e-13 -89.3827447    
 7       7000            2.434110817e-12 -88.6304784     6.375360972e-13 -88.6304784    
 8       8000            2.463075865e-12 -87.6315719     6.451225487e-13 -87.6315719    
 9       9000            2.461053183e-12 -87.6257769     6.44592773e-13  -87.6257769    

Fourier analysis for v(ain):
  No. Harmonics: 10, THD: 0.0582663 %, Gridsize: 8192, Interpolation Degree: 1, No. Periods: 1

Harmonic Frequency       Magnitude       Phase           Norm. Mag       Norm. Phase    
-------- ---------       ---------       -----           ---------       -----------    
 0       0               -2.82418351     0               0               0              
 1       1000            1.208443264     0.2099924728    1               0              
 2       2000            0.0006988676902 -133.202158     0.0005783206468 -133.412151    
 3       3000            7.976043214e-05 -43.1283196     6.600262876e-05 -43.3383121    
 4       4000            2.292924805e-05 8.517821088     1.89742032e-05  8.307828615    
 5       5000            1.26277746e-05  4.004483357     1.04496214e-05  3.794490884    
 6       6000            1.066738817e-05 0.09872166951   8.827380221e-06 -0.111270803   
 7       7000            9.237341081e-06 0.1969987251    7.644000637e-06 -0.0129937477  
 8       8000            8.081266165e-06 0.2913369386    6.687336018e-06 0.0813444658   
 9       9000            7.181665092e-06 0.2999628379    5.942906303e-06 0.08997036515  

Doing analysis at TEMP = 27.000000 and TNOM = 27.000000

Using SPARSE 1.3 as Direct Linear Solver

Initial Transient Solution
--------------------------

Node                                   Voltage
----                                   -------
vsn                                          0
srcx                              -2.22103e-05
ain                                   -2.82661
gs                                    -7.76223
gp                                    -7.76223
csf                                   -13.7302
cpf                                   -13.7302
cs                                         -15
cp                                         -15
vcp#branch                         1.26979e-05
vcs#branch                         1.26978e-05
vsrc#branch                       -1.48068e-05


No. of Data Rows : 4001
Fourier analysis for v(vsn):
  No. Harmonics: 10, THD: 1.83239e-10 %, Gridsize: 8192, Interpolation Degree: 1, No. Periods: 1

Harmonic Frequency       Magnitude       Phase           Norm. Mag       Norm. Phase    
-------- ---------       ---------       -----           ---------       -----------    
 0       0               -1.22047511e-12 0               0               0              
 1       20000           3.81799686      -3.74644408e-11 1               0              
 2       40000           2.441485255e-12 -87.6909717     6.394675912e-13 -87.6909717    
 3       60000           2.482056324e-12 -88.0223523     6.50093862e-13  -88.0223523    
 4       80000           2.495568762e-12 -90.579458      6.536330055e-13 -90.579458     
 5       100000          2.488585988e-12 -87.9105573     6.51804095e-13  -87.9105573    
 6       120000          2.563165169e-12 -87.4528109     6.713376838e-13 -87.4528109    
 7       140000          2.462392976e-12 -88.6343298     6.449436882e-13 -88.6343298    
 8       160000          2.443844329e-12 -90.6396608     6.400854739e-13 -90.6396608    
 9       180000          2.407716348e-12 -87.4077148     6.306229252e-13 -87.4077148    

Fourier analysis for v(ain):
  No. Harmonics: 10, THD: 0.817996 %, Gridsize: 8192, Interpolation Degree: 1, No. Periods: 1

Harmonic Frequency       Magnitude       Phase           Norm. Mag       Norm. Phase    
-------- ---------       ---------       -----           ---------       -----------    
 0       0               -2.82593153     0               0               0              
 1       20000           1.225436804     6.721360383     1               0              
 2       40000           0.009967754246  168.6253083     0.008134041845  161.903948     
 3       60000           0.001053149645  -116.917206     0.0008594075526 -123.638566    
 4       80000           0.0001245901393 -44.665566      0.0001016699832 -51.3869264    
 5       100000          1.559067684e-05 26.01716365     1.272254659e-05 19.29580327    
 6       120000          1.991752566e-06 95.29478392     1.625340906e-06 88.57342354    
 7       140000          2.292495055e-07 164.7460484     1.870757469e-07 158.024688     
 8       160000          2.793867171e-08 -75.2438723     2.279894941e-08 -81.9652327    
 9       180000          2.462725311e-08 -7.01621846     2.00967141e-08  -13.7375788    

Doing analysis at TEMP = 27.000000 and TNOM = 27.000000

Using SPARSE 1.3 as Direct Linear Solver

No. of Data Rows : 1
h1k = 3.1652386656e-01
Doing analysis at TEMP = 27.000000 and TNOM = 27.000000

Using SPARSE 1.3 as Direct Linear Solver

No. of Data Rows : 1
h20k = 3.2091843795e-01
Doing analysis at TEMP = 27.000000 and TNOM = 27.000000

Using SPARSE 1.3 as Direct Linear Solver

No. of Data Rows : 1
mag(v(ain)) = 3.3512233690e-01
Doing analysis at TEMP = 27.000000 and TNOM = 27.000000

Using SPARSE 1.3 as Direct Linear Solver

No. of Data Rows : 61
zmin = 7.9333248506e+05
Doing analysis at TEMP = 27.000000 and TNOM = 27.000000

Using SPARSE 1.3 as Direct Linear Solver

No. of Data Rows : 1
cvcs1k = 3.1681657472e-01
Doing analysis at TEMP = 27.000000 and TNOM = 27.000000

Using SPARSE 1.3 as Direct Linear Solver

No. of Data Rows : 1
cvcs20k = 3.2082592409e-01
Doing analysis at TEMP = 27.000000 and TNOM = 27.000000

Using SPARSE 1.3 as Direct Linear Solver

No. of Data Rows : 1
cvcp1k = 3.1652539183e-01
Doing analysis at TEMP = 27.000000 and TNOM = 27.000000

Using SPARSE 1.3 as Direct Linear Solver

No. of Data Rows : 1
cvcp20k = 3.2091901161e-01
L47B1_CASO d=0.5250
Doing analysis at TEMP = 27.000000 and TNOM = 27.000000

Using SPARSE 1.3 as Direct Linear Solver

Initial Transient Solution
--------------------------

Node                                   Voltage
----                                   -------
vsn                                          0
srcx                              -2.16918e-05
ain                                   -2.82444
gs                                    -7.76165
gp                                    -7.41118
csf                                   -13.7301
cpf                                   -13.0502
cs                                         -15
cp                                      -14.25
vcp#branch                         1.19979e-05
vcs#branch                         1.26989e-05
vsrc#branch                       -1.44612e-05


No. of Data Rows : 4001
Fourier analysis for v(vsn):
  No. Harmonics: 10, THD: 1.82423e-10 %, Gridsize: 8192, Interpolation Degree: 1, No. Periods: 1

Harmonic Frequency       Magnitude       Phase           Norm. Mag       Norm. Phase    
-------- ---------       ---------       -----           ---------       -----------    
 0       0               -1.22454477e-12 0               0               0              
 1       1000            3.81799686      -3.71591613e-11 1               0              
 2       2000            2.459847601e-12 -89.4460182     6.4427701e-13   -89.4460182    
 3       3000            2.468423083e-12 -89.8027962     6.465230783e-13 -89.8027962    
 4       4000            2.490441226e-12 -88.3667386     6.522900143e-13 -88.3667386    
 5       5000            2.480985163e-12 -88.9950906     6.498133063e-13 -88.9950906    
 6       6000            2.441255333e-12 -89.3827447     6.394073705e-13 -89.3827447    
 7       7000            2.434110817e-12 -88.6304784     6.375360972e-13 -88.6304784    
 8       8000            2.463075865e-12 -87.6315719     6.451225487e-13 -87.6315719    
 9       9000            2.461053183e-12 -87.6257769     6.44592773e-13  -87.6257769    

Fourier analysis for v(ain):
  No. Harmonics: 10, THD: 0.0606424 %, Gridsize: 8192, Interpolation Degree: 1, No. Periods: 1

Harmonic Frequency       Magnitude       Phase           Norm. Mag       Norm. Phase    
-------- ---------       ---------       -----           ---------       -----------    
 0       0               -2.82196832     0               0               0              
 1       1000            1.208098447     0.2097045061    1               0              
 2       2000            0.0007271784894 -130.954491     0.0006019198943 -131.164196    
 3       3000            8.33311221e-05  -40.5484098     6.897709563e-05 -40.7581143    
 4       4000            2.296688945e-05 10.25836009     1.90107764e-05  10.04865558    
 5       5000            1.252069519e-05 3.985406534     1.036396928e-05 3.775702028    
 6       6000            1.066118414e-05 0.02370415615   8.824764377e-06 -0.18600035    
 7       7000            9.232330704e-06 0.1980919794    7.642035074e-06 -0.0116125267  
 8       8000            8.075101394e-06 0.2926016911    6.684141855e-06 0.08289718501  
 9       9000            7.176180031e-06 0.2992483656    5.940062293e-06 0.08954385949  

Doing analysis at TEMP = 27.000000 and TNOM = 27.000000

Using SPARSE 1.3 as Direct Linear Solver

Initial Transient Solution
--------------------------

Node                                   Voltage
----                                   -------
vsn                                          0
srcx                              -2.16918e-05
ain                                   -2.82444
gs                                    -7.76165
gp                                    -7.41118
csf                                   -13.7301
cpf                                   -13.0502
cs                                         -15
cp                                      -14.25
vcp#branch                         1.19979e-05
vcs#branch                         1.26989e-05
vsrc#branch                       -1.44612e-05

 Reference value :  3.31782e-04
No. of Data Rows : 4001
Fourier analysis for v(vsn):
  No. Harmonics: 10, THD: 1.83239e-10 %, Gridsize: 8192, Interpolation Degree: 1, No. Periods: 1

Harmonic Frequency       Magnitude       Phase           Norm. Mag       Norm. Phase    
-------- ---------       ---------       -----           ---------       -----------    
 0       0               -1.22047511e-12 0               0               0              
 1       20000           3.81799686      -3.74644408e-11 1               0              
 2       40000           2.441485255e-12 -87.6909717     6.394675912e-13 -87.6909717    
 3       60000           2.482056324e-12 -88.0223523     6.50093862e-13  -88.0223523    
 4       80000           2.495568762e-12 -90.579458      6.536330055e-13 -90.579458     
 5       100000          2.488585988e-12 -87.9105573     6.51804095e-13  -87.9105573    
 6       120000          2.563165169e-12 -87.4528109     6.713376838e-13 -87.4528109    
 7       140000          2.462392976e-12 -88.6343298     6.449436882e-13 -88.6343298    
 8       160000          2.443844329e-12 -90.6396608     6.400854739e-13 -90.6396608    
 9       180000          2.407716348e-12 -87.4077148     6.306229252e-13 -87.4077148    

Fourier analysis for v(ain):
  No. Harmonics: 10, THD: 0.81441 %, Gridsize: 8192, Interpolation Degree: 1, No. Periods: 1

Harmonic Frequency       Magnitude       Phase           Norm. Mag       Norm. Phase    
-------- ---------       ---------       -----           ---------       -----------    
 0       0               -2.82371181     0               0               0              
 1       20000           1.225080703     6.715534218     1               0              
 2       40000           0.009921515481  168.7641518     0.008098662769  162.0486176    
 3       60000           0.001045026909  -117.000081     0.000853026993  -123.715615    
 4       80000           0.0001236649554 -45.151228      0.0001009443338 -51.8667622    
 5       100000          1.557275159e-05 25.12235565     1.271161284e-05 18.40682144    
 6       120000          2.014654277e-06 94.28328286     1.644507395e-06 87.56774864    
 7       140000          2.363353378e-07 164.1088958     1.929140971e-07 157.3933616    
 8       160000          2.888169222e-08 -77.2637556     2.357533846e-08 -83.9792898    
 9       180000          2.457179171e-08 -7.06437421     2.00572841e-08  -13.7799084    

Doing analysis at TEMP = 27.000000 and TNOM = 27.000000

Using SPARSE 1.3 as Direct Linear Solver

No. of Data Rows : 1
h1k = 3.1643742086e-01
Doing analysis at TEMP = 27.000000 and TNOM = 27.000000

Using SPARSE 1.3 as Direct Linear Solver

No. of Data Rows : 1
h20k = 3.2082976396e-01
Doing analysis at TEMP = 27.000000 and TNOM = 27.000000

Using SPARSE 1.3 as Direct Linear Solver

No. of Data Rows : 1
mag(v(ain)) = 3.3503033684e-01
Doing analysis at TEMP = 27.000000 and TNOM = 27.000000

Using SPARSE 1.3 as Direct Linear Solver

No. of Data Rows : 61
zmin = 7.9315484974e+05
Doing analysis at TEMP = 27.000000 and TNOM = 27.000000

Using SPARSE 1.3 as Direct Linear Solver

No. of Data Rows : 1
cvcs1k = 3.1673005224e-01
Doing analysis at TEMP = 27.000000 and TNOM = 27.000000

Using SPARSE 1.3 as Direct Linear Solver

No. of Data Rows : 1
cvcs20k = 3.2073727149e-01
Doing analysis at TEMP = 27.000000 and TNOM = 27.000000

Using SPARSE 1.3 as Direct Linear Solver

No. of Data Rows : 1
cvcp1k = 3.1643900472e-01
Doing analysis at TEMP = 27.000000 and TNOM = 27.000000

Using SPARSE 1.3 as Direct Linear Solver

No. of Data Rows : 1
cvcp20k = 3.2083037108e-01
L47B1_CASO d=0.5500
Doing analysis at TEMP = 27.000000 and TNOM = 27.000000

Using SPARSE 1.3 as Direct Linear Solver

Initial Transient Solution
--------------------------

Node                                   Voltage
----                                   -------
vsn                                          0
srcx                              -2.11734e-05
ain                                    -2.8222
gs                                    -7.76106
gp                                    -7.06012
csf                                     -13.73
cpf                                   -12.3702
cs                                         -15
cp                                       -13.5
vcp#branch                          1.1298e-05
vcs#branch                         1.26999e-05
vsrc#branch                       -1.41156e-05


No. of Data Rows : 4001
Fourier analysis for v(vsn):
  No. Harmonics: 10, THD: 1.82423e-10 %, Gridsize: 8192, Interpolation Degree: 1, No. Periods: 1

Harmonic Frequency       Magnitude       Phase           Norm. Mag       Norm. Phase    
-------- ---------       ---------       -----           ---------       -----------    
 0       0               -1.22454477e-12 0               0               0              
 1       1000            3.81799686      -3.71591613e-11 1               0              
 2       2000            2.459847601e-12 -89.4460182     6.4427701e-13   -89.4460182    
 3       3000            2.468423083e-12 -89.8027962     6.465230783e-13 -89.8027962    
 4       4000            2.490441226e-12 -88.3667386     6.522900143e-13 -88.3667386    
 5       5000            2.480985163e-12 -88.9950906     6.498133063e-13 -88.9950906    
 6       6000            2.441255333e-12 -89.3827447     6.394073705e-13 -89.3827447    
 7       7000            2.434110817e-12 -88.6304784     6.375360972e-13 -88.6304784    
 8       8000            2.463075865e-12 -87.6315719     6.451225487e-13 -87.6315719    
 9       9000            2.461053183e-12 -87.6257769     6.44592773e-13  -87.6257769    

Fourier analysis for v(ain):
  No. Harmonics: 10, THD: 0.0634638 %, Gridsize: 8192, Interpolation Degree: 1, No. Periods: 1

Harmonic Frequency       Magnitude       Phase           Norm. Mag       Norm. Phase    
-------- ---------       ---------       -----           ---------       -----------    
 0       0               -2.81969171     0               0               0              
 1       1000            1.207725112     0.2093831722    1               0              
 2       2000            0.0007607621264 -128.592424     0.0006299133127 -128.801807    
 3       3000            8.783740709e-05 -37.7195455     7.27296354e-05  -37.9289286    
 4       4000            2.30462596e-05  12.46116951     1.908237178e-05 12.25178634    
 5       5000            1.237917411e-05 3.958619264     1.024999314e-05 3.749236092    
 6       6000            1.065484721e-05 -0.0823154491   8.822245308e-06 -0.291698621   
 7       7000            9.227487971e-06 0.1999569334    7.640387598e-06 -0.00942623876 
 8       8000            8.068191659e-06 0.29493409      6.680486789e-06 0.08555091789  
 9       9000            7.170042415e-06 0.2983082969    5.936816533e-06 0.08892512473  

Doing analysis at TEMP = 27.000000 and TNOM = 27.000000

Using SPARSE 1.3 as Direct Linear Solver

Initial Transient Solution
--------------------------

Node                                   Voltage
----                                   -------
vsn                                          0
srcx                              -2.11734e-05
ain                                    -2.8222
gs                                    -7.76106
gp                                    -7.06012
csf                                     -13.73
cpf                                   -12.3702
cs                                         -15
cp                                       -13.5
vcp#branch                          1.1298e-05
vcs#branch                         1.26999e-05
vsrc#branch                       -1.41156e-05


No. of Data Rows : 4001
Fourier analysis for v(vsn):
  No. Harmonics: 10, THD: 1.83239e-10 %, Gridsize: 8192, Interpolation Degree: 1, No. Periods: 1

Harmonic Frequency       Magnitude       Phase           Norm. Mag       Norm. Phase    
-------- ---------       ---------       -----           ---------       -----------    
 0       0               -1.22047511e-12 0               0               0              
 1       20000           3.81799686      -3.74644408e-11 1               0              
 2       40000           2.441485255e-12 -87.6909717     6.394675912e-13 -87.6909717    
 3       60000           2.482056324e-12 -88.0223523     6.50093862e-13  -88.0223523    
 4       80000           2.495568762e-12 -90.579458      6.536330055e-13 -90.579458     
 5       100000          2.488585988e-12 -87.9105573     6.51804095e-13  -87.9105573    
 6       120000          2.563165169e-12 -87.4528109     6.713376838e-13 -87.4528109    
 7       140000          2.462392976e-12 -88.6343298     6.449436882e-13 -88.6343298    
 8       160000          2.443844329e-12 -90.6396608     6.400854739e-13 -90.6396608    
 9       180000          2.407716348e-12 -87.4077148     6.306229252e-13 -87.4077148    

Fourier analysis for v(ain):
  No. Harmonics: 10, THD: 0.810226 %, Gridsize: 8192, Interpolation Degree: 1, No. Periods: 1

Harmonic Frequency       Magnitude       Phase           Norm. Mag       Norm. Phase    
-------- ---------       ---------       -----           ---------       -----------    
 0       0               -2.82142978     0               0               0              
 1       20000           1.224694085     6.70903739      1               0              
 2       40000           0.009867880861  168.9238805     0.0080574251    162.2148431    
 3       60000           0.001035130277  -117.104271     0.0008452153805 -123.813308    
 4       80000           0.0001224976126 -45.7803638     0.0001000230295 -52.4894012    
 5       100000          1.555580738e-05 23.93111839     1.270179024e-05 17.222081      
 6       120000          2.048054054e-06 92.92836356     1.672298477e-06 86.21932617    
 7       140000          2.466903613e-07 163.3019605     2.014301892e-07 156.5929231    
 8       160000          3.043295801e-08 -79.756504      2.484943659e-08 -86.4655413    
 9       180000          2.460201624e-08 -7.08337685     2.008829514e-08 -13.7924142    

Doing analysis at TEMP = 27.000000 and TNOM = 27.000000

Using SPARSE 1.3 as Direct Linear Solver

No. of Data Rows : 1
h1k = 3.1634428806e-01
Doing analysis at TEMP = 27.000000 and TNOM = 27.000000

Using SPARSE 1.3 as Direct Linear Solver

No. of Data Rows : 1
h20k = 3.2073406364e-01
Doing analysis at TEMP = 27.000000 and TNOM = 27.000000

Using SPARSE 1.3 as Direct Linear Solver

No. of Data Rows : 1
mag(v(ain)) = 3.3493120882e-01
Doing analysis at TEMP = 27.000000 and TNOM = 27.000000

Using SPARSE 1.3 as Direct Linear Solver

No. of Data Rows : 61
zmin = 7.9295003920e+05
Doing analysis at TEMP = 27.000000 and TNOM = 27.000000

Using SPARSE 1.3 as Direct Linear Solver

No. of Data Rows : 1
cvcs1k = 3.1663683655e-01
Doing analysis at TEMP = 27.000000 and TNOM = 27.000000

Using SPARSE 1.3 as Direct Linear Solver

No. of Data Rows : 1
cvcs20k = 3.2064159449e-01
Doing analysis at TEMP = 27.000000 and TNOM = 27.000000

Using SPARSE 1.3 as Direct Linear Solver

No. of Data Rows : 1
cvcp1k = 3.1634593656e-01
Doing analysis at TEMP = 27.000000 and TNOM = 27.000000

Using SPARSE 1.3 as Direct Linear Solver

No. of Data Rows : 1
cvcp20k = 3.2073470815e-01
L47B1_CASO d=0.5750
Doing analysis at TEMP = 27.000000 and TNOM = 27.000000

Using SPARSE 1.3 as Direct Linear Solver

Initial Transient Solution
--------------------------

Node                                   Voltage
----                                   -------
vsn                                          0
srcx                              -2.06553e-05
ain                                   -2.81991
gs                                    -7.76045
gp                                    -6.70904
csf                                   -13.7299
cpf                                   -11.6902
cs                                         -15
cp                                      -12.75
vcp#branch                         1.05982e-05
vcs#branch                          1.2701e-05
vsrc#branch                       -1.37702e-05


No. of Data Rows : 4001
Fourier analysis for v(vsn):
  No. Harmonics: 10, THD: 1.82423e-10 %, Gridsize: 8192, Interpolation Degree: 1, No. Periods: 1

Harmonic Frequency       Magnitude       Phase           Norm. Mag       Norm. Phase    
-------- ---------       ---------       -----           ---------       -----------    
 0       0               -1.22454477e-12 0               0               0              
 1       1000            3.81799686      -3.71591613e-11 1               0              
 2       2000            2.459847601e-12 -89.4460182     6.4427701e-13   -89.4460182    
 3       3000            2.468423083e-12 -89.8027962     6.465230783e-13 -89.8027962    
 4       4000            2.490441226e-12 -88.3667386     6.522900143e-13 -88.3667386    
 5       5000            2.480985163e-12 -88.9950906     6.498133063e-13 -88.9950906    
 6       6000            2.441255333e-12 -89.3827447     6.394073705e-13 -89.3827447    
 7       7000            2.434110817e-12 -88.6304784     6.375360972e-13 -88.6304784    
 8       8000            2.463075865e-12 -87.6315719     6.451225487e-13 -87.6315719    
 9       9000            2.461053183e-12 -87.6257769     6.44592773e-13  -87.6257769    

Fourier analysis for v(ain):
  No. Harmonics: 10, THD: 0.0668381 %, Gridsize: 8192, Interpolation Degree: 1, No. Periods: 1

Harmonic Frequency       Magnitude       Phase           Norm. Mag       Norm. Phase    
-------- ---------       ---------       -----           ---------       -----------    
 0       0               -2.81734796     0               0               0              
 1       1000            1.207318888     0.2090221636    1               0              
 2       2000            0.0008008789269 -126.11828      0.0006633532654 -126.327302    
 3       3000            9.358740823e-05 -34.6422646     7.751672664e-05 -34.8512868    
 4       4000            2.319954102e-05 15.27618735     1.921575256e-05 15.06716519    
 5       5000            1.218845008e-05 3.919768183     1.009546873e-05 3.71074602     
 6       6000            1.064871147e-05 -0.235296604    8.820131597e-06 -0.444318768   
 7       7000            9.22323675e-06  0.2033237654    7.639437136e-06 -0.00569839824 
 8       8000            8.060379261e-06 0.299169857     6.676263694e-06 0.09014769332  
 9       9000            7.163096077e-06 0.2972240577    5.933060559e-06 0.08820189409  

Doing analysis at TEMP = 27.000000 and TNOM = 27.000000

Using SPARSE 1.3 as Direct Linear Solver

Initial Transient Solution
--------------------------

Node                                   Voltage
----                                   -------
vsn                                          0
srcx                              -2.06553e-05
ain                                   -2.81991
gs                                    -7.76045
gp                                    -6.70904
csf                                   -13.7299
cpf                                   -11.6902
cs                                         -15
cp                                      -12.75
vcp#branch                         1.05982e-05
vcs#branch                          1.2701e-05
vsrc#branch                       -1.37702e-05


No. of Data Rows : 4001
Fourier analysis for v(vsn):
  No. Harmonics: 10, THD: 1.83239e-10 %, Gridsize: 8192, Interpolation Degree: 1, No. Periods: 1

Harmonic Frequency       Magnitude       Phase           Norm. Mag       Norm. Phase    
-------- ---------       ---------       -----           ---------       -----------    
 0       0               -1.22047511e-12 0               0               0              
 1       20000           3.81799686      -3.74644408e-11 1               0              
 2       40000           2.441485255e-12 -87.6909717     6.394675912e-13 -87.6909717    
 3       60000           2.482056324e-12 -88.0223523     6.50093862e-13  -88.0223523    
 4       80000           2.495568762e-12 -90.579458      6.536330055e-13 -90.579458     
 5       100000          2.488585988e-12 -87.9105573     6.51804095e-13  -87.9105573    
 6       120000          2.563165169e-12 -87.4528109     6.713376838e-13 -87.4528109    
 7       140000          2.462392976e-12 -88.6343298     6.449436882e-13 -88.6343298    
 8       160000          2.443844329e-12 -90.6396608     6.400854739e-13 -90.6396608    
 9       180000          2.407716348e-12 -87.4077148     6.306229252e-13 -87.4077148    

Fourier analysis for v(ain):
  No. Harmonics: 10, THD: 0.805299 %, Gridsize: 8192, Interpolation Degree: 1, No. Periods: 1

Harmonic Frequency       Magnitude       Phase           Norm. Mag       Norm. Phase    
-------- ---------       ---------       -----           ---------       -----------    
 0       0               -2.81907947     0               0               0              
 1       20000           1.224272032     6.701743902     1               0              
 2       40000           0.00980507971   169.109536      0.00800890607   162.4077921    
 3       60000           0.001022920529  -117.237773     0.0008355336907 -123.939517    
 4       80000           0.0001210078437 -46.6136372     9.884065021e-05 -53.3153811    
 5       100000          1.55455361e-05  22.31241498     1.269777933e-05 15.61067108    
 6       120000          2.098416288e-06 91.09178533     1.714011455e-06 84.39004143    
 7       140000          2.623381188e-07 162.2837199     2.142809048e-07 155.581976     
 8       160000          3.310551229e-08 -82.8343729     2.704097735e-08 -89.5361168    
 9       180000          2.483703775e-08 -7.01043405     2.028718871e-08 -13.712178     

Doing analysis at TEMP = 27.000000 and TNOM = 27.000000

Using SPARSE 1.3 as Direct Linear Solver

No. of Data Rows : 1
h1k = 3.1624354162e-01
Doing analysis at TEMP = 27.000000 and TNOM = 27.000000

Using SPARSE 1.3 as Direct Linear Solver

No. of Data Rows : 1
h20k = 3.2063033348e-01
Doing analysis at TEMP = 27.000000 and TNOM = 27.000000

Using SPARSE 1.3 as Direct Linear Solver

No. of Data Rows : 1
mag(v(ain)) = 3.3482396496e-01
Doing analysis at TEMP = 27.000000 and TNOM = 27.000000

Using SPARSE 1.3 as Direct Linear Solver

No. of Data Rows : 61
zmin = 7.9271228649e+05
Doing analysis at TEMP = 27.000000 and TNOM = 27.000000

Using SPARSE 1.3 as Direct Linear Solver

No. of Data Rows : 1
cvcs1k = 3.1653600027e-01
Doing analysis at TEMP = 27.000000 and TNOM = 27.000000

Using SPARSE 1.3 as Direct Linear Solver

No. of Data Rows : 1
cvcs20k = 3.2053788985e-01
Doing analysis at TEMP = 27.000000 and TNOM = 27.000000

Using SPARSE 1.3 as Direct Linear Solver

No. of Data Rows : 1
cvcp1k = 3.1624526188e-01
Doing analysis at TEMP = 27.000000 and TNOM = 27.000000

Using SPARSE 1.3 as Direct Linear Solver

No. of Data Rows : 1
cvcp20k = 3.2063102000e-01
L47B1_CASO d=0.6000
Doing analysis at TEMP = 27.000000 and TNOM = 27.000000

Using SPARSE 1.3 as Direct Linear Solver

Initial Transient Solution
--------------------------

Node                                   Voltage
----                                   -------
vsn                                          0
srcx                              -2.01374e-05
ain                                   -2.81755
gs                                    -7.75982
gp                                    -6.35794
csf                                   -13.7298
cpf                                   -11.0102
cs                                         -15
cp                                         -12
vcp#branch                         9.89834e-06
vcs#branch                         1.27021e-05
vsrc#branch                       -1.34249e-05


No. of Data Rows : 4001
Fourier analysis for v(vsn):
  No. Harmonics: 10, THD: 1.82423e-10 %, Gridsize: 8192, Interpolation Degree: 1, No. Periods: 1

Harmonic Frequency       Magnitude       Phase           Norm. Mag       Norm. Phase    
-------- ---------       ---------       -----           ---------       -----------    
 0       0               -1.22454477e-12 0               0               0              
 1       1000            3.81799686      -3.71591613e-11 1               0              
 2       2000            2.459847601e-12 -89.4460182     6.4427701e-13   -89.4460182    
 3       3000            2.468423083e-12 -89.8027962     6.465230783e-13 -89.8027962    
 4       4000            2.490441226e-12 -88.3667386     6.522900143e-13 -88.3667386    
 5       5000            2.480985163e-12 -88.9950906     6.498133063e-13 -88.9950906    
 6       6000            2.441255333e-12 -89.3827447     6.394073705e-13 -89.3827447    
 7       7000            2.434110817e-12 -88.6304784     6.375360972e-13 -88.6304784    
 8       8000            2.463075865e-12 -87.6315719     6.451225487e-13 -87.6315719    
 9       9000            2.461053183e-12 -87.6257769     6.44592773e-13  -87.6257769    

Fourier analysis for v(ain):
  No. Harmonics: 10, THD: 0.0709066 %, Gridsize: 8192, Interpolation Degree: 1, No. Periods: 1

Harmonic Frequency       Magnitude       Phase           Norm. Mag       Norm. Phase    
-------- ---------       ---------       -----           ---------       -----------    
 0       0               -2.81493033     0               0               0              
 1       1000            1.206874363     0.2086134242    1               0              
 2       2000            0.0008491771591 -123.536636     0.0007036168676 -123.745249    
 3       3000            0.0001010110454 -31.3291957     8.369640494e-05 -31.5378091    
 4       4000            2.348495175e-05 18.9024819      1.945931777e-05 18.69386848    
 5       5000            1.192572919e-05 3.861773683     9.88150014e-06  3.653160259    
 6       6000            1.064331739e-05 -0.461527523    8.818910826e-06 -0.670140947   
 7       7000            9.220406966e-06 0.2091102637    7.639906228e-06 0.0004968395274
 8       8000            8.051448283e-06 0.3067225716    6.671322656e-06 0.09810914743  
 9       9000            7.155151205e-06 0.2958295282    5.928662851e-06 0.08721610396  

Doing analysis at TEMP = 27.000000 and TNOM = 27.000000

Using SPARSE 1.3 as Direct Linear Solver

Initial Transient Solution
--------------------------

Node                                   Voltage
----                                   -------
vsn                                          0
srcx                              -2.01374e-05
ain                                   -2.81755
gs                                    -7.75982
gp                                    -6.35794
csf                                   -13.7298
cpf                                   -11.0102
cs                                         -15
cp                                         -12
vcp#branch                         9.89834e-06
vcs#branch                         1.27021e-05
vsrc#branch                       -1.34249e-05


No. of Data Rows : 4001
Fourier analysis for v(vsn):
  No. Harmonics: 10, THD: 1.83239e-10 %, Gridsize: 8192, Interpolation Degree: 1, No. Periods: 1

Harmonic Frequency       Magnitude       Phase           Norm. Mag       Norm. Phase    
-------- ---------       ---------       -----           ---------       -----------    
 0       0               -1.22047511e-12 0               0               0              
 1       20000           3.81799686      -3.74644408e-11 1               0              
 2       40000           2.441485255e-12 -87.6909717     6.394675912e-13 -87.6909717    
 3       60000           2.482056324e-12 -88.0223523     6.50093862e-13  -88.0223523    
 4       80000           2.495568762e-12 -90.579458      6.536330055e-13 -90.579458     
 5       100000          2.488585988e-12 -87.9105573     6.51804095e-13  -87.9105573    
 6       120000          2.563165169e-12 -87.4528109     6.713376838e-13 -87.4528109    
 7       140000          2.462392976e-12 -88.6343298     6.449436882e-13 -88.6343298    
 8       160000          2.443844329e-12 -90.6396608     6.400854739e-13 -90.6396608    
 9       180000          2.407716348e-12 -87.4077148     6.306229252e-13 -87.4077148    

Fourier analysis for v(ain):
  No. Harmonics: 10, THD: 0.799432 %, Gridsize: 8192, Interpolation Degree: 1, No. Periods: 1

Harmonic Frequency       Magnitude       Phase           Norm. Mag       Norm. Phase    
-------- ---------       ---------       -----           ---------       -----------    
 0       0               -2.81665378     0               0               0              
 1       20000           1.223808379     6.693492943     1               0              
 2       40000           0.00973074908   169.3279576     0.007951203183  162.6344647    
 3       60000           0.0010076393    -117.41266      0.0008233636224 -124.106153    
 4       80000           0.0001190841929 -47.7466481     9.730624085e-05 -54.440141     
 5       100000          1.555539045e-05 20.06385787     1.271064222e-05 13.37036493    
 6       120000          2.17725945e-06  88.58588831     1.779085261e-06 81.89239537    
 7       140000          2.867712043e-07 161.0297998     2.343268842e-07 154.3363069    
 8       160000          3.773438347e-08 -86.4439256     3.083357175e-08 -93.1374186    
 9       180000          2.54255455e-08  -6.76455083     2.077575701e-08 -13.4580438    

Doing analysis at TEMP = 27.000000 and TNOM = 27.000000

Using SPARSE 1.3 as Direct Linear Solver

No. of Data Rows : 1
h1k = 3.1613406417e-01
Doing analysis at TEMP = 27.000000 and TNOM = 27.000000

Using SPARSE 1.3 as Direct Linear Solver

No. of Data Rows : 1
h20k = 3.2051735454e-01
Doing analysis at TEMP = 27.000000 and TNOM = 27.000000

Using SPARSE 1.3 as Direct Linear Solver

No. of Data Rows : 1
mag(v(ain)) = 3.3470741403e-01
Doing analysis at TEMP = 27.000000 and TNOM = 27.000000

Using SPARSE 1.3 as Direct Linear Solver

No. of Data Rows : 61
zmin = 7.9243411067e+05
Doing analysis at TEMP = 27.000000 and TNOM = 27.000000

Using SPARSE 1.3 as Direct Linear Solver

No. of Data Rows : 1
cvcs1k = 3.1642642500e-01
Doing analysis at TEMP = 27.000000 and TNOM = 27.000000

Using SPARSE 1.3 as Direct Linear Solver

No. of Data Rows : 1
cvcs20k = 3.2042493897e-01
Doing analysis at TEMP = 27.000000 and TNOM = 27.000000

Using SPARSE 1.3 as Direct Linear Solver

No. of Data Rows : 1
cvcp1k = 3.1613586461e-01
Doing analysis at TEMP = 27.000000 and TNOM = 27.000000

Using SPARSE 1.3 as Direct Linear Solver

No. of Data Rows : 1
cvcp20k = 3.2051808863e-01
L47B1_CASO d=0.6250
Doing analysis at TEMP = 27.000000 and TNOM = 27.000000

Using SPARSE 1.3 as Direct Linear Solver

Initial Transient Solution
--------------------------

Node                                   Voltage
----                                   -------
vsn                                          0
srcx                              -1.96197e-05
ain                                   -2.81512
gs                                    -7.75917
gp                                    -6.00683
csf                                   -13.7297
cpf                                   -10.3301
cs                                         -15
cp                                      -11.25
vcp#branch                         9.19855e-06
vcs#branch                         1.27032e-05
vsrc#branch                       -1.30798e-05


No. of Data Rows : 4001
Fourier analysis for v(vsn):
  No. Harmonics: 10, THD: 1.82423e-10 %, Gridsize: 8192, Interpolation Degree: 1, No. Periods: 1

Harmonic Frequency       Magnitude       Phase           Norm. Mag       Norm. Phase    
-------- ---------       ---------       -----           ---------       -----------    
 0       0               -1.22454477e-12 0               0               0              
 1       1000            3.81799686      -3.71591613e-11 1               0              
 2       2000            2.459847601e-12 -89.4460182     6.4427701e-13   -89.4460182    
 3       3000            2.468423083e-12 -89.8027962     6.465230783e-13 -89.8027962    
 4       4000            2.490441226e-12 -88.3667386     6.522900143e-13 -88.3667386    
 5       5000            2.480985163e-12 -88.9950906     6.498133063e-13 -88.9950906    
 6       6000            2.441255333e-12 -89.3827447     6.394073705e-13 -89.3827447    
 7       7000            2.434110817e-12 -88.6304784     6.375360972e-13 -88.6304784    
 8       8000            2.463075865e-12 -87.6315719     6.451225487e-13 -87.6315719    
 9       9000            2.461053183e-12 -87.6257769     6.44592773e-13  -87.6257769    

Fourier analysis for v(ain):
  No. Harmonics: 10, THD: 0.0758578 %, Gridsize: 8192, Interpolation Degree: 1, No. Periods: 1

Harmonic Frequency       Magnitude       Phase           Norm. Mag       Norm. Phase    
-------- ---------       ---------       -----           ---------       -----------    
 0       0               -2.81243082     0               0               0              
 1       1000            1.206384737     0.2081464744    1               0              
 2       2000            0.0009078505618 -120.854527     0.0007525381696 -121.062673    
 3       3000            0.000110718511  -27.8081696     9.17771152e-05  -28.0163161    
 4       4000            2.40095355e-05  23.59227196     1.990205509e-05 23.38412549    
 5       5000            1.155471714e-05 3.77142897      9.577970269e-06 3.563282496    
 6       6000            1.063987721e-05 -0.805334425    8.819638446e-06 -1.0134809     
 7       7000            9.220582104e-06 0.2191610816    7.643152156e-06 0.01101460719  
 8       8000            8.041102789e-06 0.3205806783    6.665454678e-06 0.1124342038   
 9       9000            7.145889908e-06 0.2940394362    5.923392172e-06 0.0858929618   

Doing analysis at TEMP = 27.000000 and TNOM = 27.000000

Using SPARSE 1.3 as Direct Linear Solver

Initial Transient Solution
--------------------------

Node                                   Voltage
----                                   -------
vsn                                          0
srcx                              -1.96197e-05
ain                                   -2.81512
gs                                    -7.75917
gp                                    -6.00683
csf                                   -13.7297
cpf                                   -10.3301
cs                                         -15
cp                                      -11.25
vcp#branch                         9.19855e-06
vcs#branch                         1.27032e-05
vsrc#branch                       -1.30798e-05


No. of Data Rows : 4001
Fourier analysis for v(vsn):
  No. Harmonics: 10, THD: 1.83239e-10 %, Gridsize: 8192, Interpolation Degree: 1, No. Periods: 1

Harmonic Frequency       Magnitude       Phase           Norm. Mag       Norm. Phase    
-------- ---------       ---------       -----           ---------       -----------    
 0       0               -1.22047511e-12 0               0               0              
 1       20000           3.81799686      -3.74644408e-11 1               0              
 2       40000           2.441485255e-12 -87.6909717     6.394675912e-13 -87.6909717    
 3       60000           2.482056324e-12 -88.0223523     6.50093862e-13  -88.0223523    
 4       80000           2.495568762e-12 -90.579458      6.536330055e-13 -90.579458     
 5       100000          2.488585988e-12 -87.9105573     6.51804095e-13  -87.9105573    
 6       120000          2.563165169e-12 -87.4528109     6.713376838e-13 -87.4528109    
 7       140000          2.462392976e-12 -88.6343298     6.449436882e-13 -88.6343298    
 8       160000          2.443844329e-12 -90.6396608     6.400854739e-13 -90.6396608    
 9       180000          2.407716348e-12 -87.4077148     6.306229252e-13 -87.4077148    

Fourier analysis for v(ain):
  No. Harmonics: 10, THD: 0.792359 %, Gridsize: 8192, Interpolation Degree: 1, No. Periods: 1

Harmonic Frequency       Magnitude       Phase           Norm. Mag       Norm. Phase    
-------- ---------       ---------       -----           ---------       -----------    
 0       0               -2.81414417     0               0               0              
 1       20000           1.22329525      6.684075547     1               0              
 2       40000           0.009641667965  169.5886843     0.007881717818  162.9046087    
 3       60000           0.0009881931627 -117.64786      0.0008078124746 -124.331936    
 4       80000           0.0001165729215 -49.3369098     9.529418312e-05 -56.0209853    
 5       100000          1.561709341e-05 16.86882991     1.276641385e-05 10.18475436    
 6       120000          2.306010806e-06 85.1724082      1.885081142e-06 78.48833265    
 7       140000          3.264690194e-07 159.5556296     2.668767164e-07 152.871554     
 8       160000          4.606888705e-08 -90.2797281     3.765966317e-08 -96.9638037    
 9       180000          2.680447344e-08 -6.13615794     2.191169585e-08 -12.8202335    

Doing analysis at TEMP = 27.000000 and TNOM = 27.000000

Using SPARSE 1.3 as Direct Linear Solver

No. of Data Rows : 1
h1k = 3.1601449372e-01
Doing analysis at TEMP = 27.000000 and TNOM = 27.000000

Using SPARSE 1.3 as Direct Linear Solver

No. of Data Rows : 1
h20k = 3.2039362923e-01
Doing analysis at TEMP = 27.000000 and TNOM = 27.000000

Using SPARSE 1.3 as Direct Linear Solver

No. of Data Rows : 1
mag(v(ain)) = 3.3458010399e-01
Doing analysis at TEMP = 27.000000 and TNOM = 27.000000

Using SPARSE 1.3 as Direct Linear Solver

No. of Data Rows : 61
zmin = 7.9210572676e+05
Doing analysis at TEMP = 27.000000 and TNOM = 27.000000

Using SPARSE 1.3 as Direct Linear Solver

No. of Data Rows : 1
cvcs1k = 3.1630674750e-01
Doing analysis at TEMP = 27.000000 and TNOM = 27.000000

Using SPARSE 1.3 as Direct Linear Solver

No. of Data Rows : 1
cvcs20k = 3.2030124469e-01
Doing analysis at TEMP = 27.000000 and TNOM = 27.000000

Using SPARSE 1.3 as Direct Linear Solver

No. of Data Rows : 1
cvcp1k = 3.1601638444e-01
Doing analysis at TEMP = 27.000000 and TNOM = 27.000000

Using SPARSE 1.3 as Direct Linear Solver

No. of Data Rows : 1
cvcp20k = 3.2039441759e-01
L47B1_CASO d=0.6500
Doing analysis at TEMP = 27.000000 and TNOM = 27.000000

Using SPARSE 1.3 as Direct Linear Solver

Initial Transient Solution
--------------------------

Node                                   Voltage
----                                   -------
vsn                                          0
srcx                              -1.91023e-05
ain                                   -2.81261
gs                                     -7.7585
gp                                    -5.65569
csf                                   -13.7296
cpf                                   -9.65012
cs                                         -15
cp                                       -10.5
vcp#branch                         8.49878e-06
vcs#branch                         1.27044e-05
vsrc#branch                       -1.27349e-05


No. of Data Rows : 4001
Fourier analysis for v(vsn):
  No. Harmonics: 10, THD: 1.82423e-10 %, Gridsize: 8192, Interpolation Degree: 1, No. Periods: 1

Harmonic Frequency       Magnitude       Phase           Norm. Mag       Norm. Phase    
-------- ---------       ---------       -----           ---------       -----------    
 0       0               -1.22454477e-12 0               0               0              
 1       1000            3.81799686      -3.71591613e-11 1               0              
 2       2000            2.459847601e-12 -89.4460182     6.4427701e-13   -89.4460182    
 3       3000            2.468423083e-12 -89.8027962     6.465230783e-13 -89.8027962    
 4       4000            2.490441226e-12 -88.3667386     6.522900143e-13 -88.3667386    
 5       5000            2.480985163e-12 -88.9950906     6.498133063e-13 -88.9950906    
 6       6000            2.441255333e-12 -89.3827447     6.394073705e-13 -89.3827447    
 7       7000            2.434110817e-12 -88.6304784     6.375360972e-13 -88.6304784    
 8       8000            2.463075865e-12 -87.6315719     6.451225487e-13 -87.6315719    
 9       9000            2.461053183e-12 -87.6257769     6.44592773e-13  -87.6257769    

Fourier analysis for v(ain):
  No. Harmonics: 10, THD: 0.0819495 %, Gridsize: 8192, Interpolation Degree: 1, No. Periods: 1

Harmonic Frequency       Magnitude       Phase           Norm. Mag       Norm. Phase    
-------- ---------       ---------       -----           ---------       -----------    
 0       0               -2.80983974     0               0               0              
 1       1000            1.2058413       0.2076073984    1               0              
 2       2000            0.0009798814055 -118.081502     0.0008126122448 -118.289109    
 3       3000            0.0001235948191 -24.1241971     0.000102496754  -24.3318045    
 4       4000            2.497243421e-05 29.63081612     2.070955291e-05 29.42320872    
 5       5000            1.101562394e-05 3.622653472     9.135218655e-06 3.415046074    
 6       6000            1.064086532e-05 -1.34461697     8.824432639e-06 -1.55222437    
 7       7000            9.226877123e-06 0.2370928844    7.651817137e-06 0.02948548603  
 8       8000            8.028864661e-06 0.3463892625    6.658309565e-06 0.1387818641   
 9       9000            7.134883222e-06 0.2913463704    5.916933864e-06 0.08373897207  

Doing analysis at TEMP = 27.000000 and TNOM = 27.000000

Using SPARSE 1.3 as Direct Linear Solver

Initial Transient Solution
--------------------------

Node                                   Voltage
----                                   -------
vsn                                          0
srcx                              -1.91023e-05
ain                                   -2.81261
gs                                     -7.7585
gp                                    -5.65569
csf                                   -13.7296
cpf                                   -9.65012
cs                                         -15
cp                                       -10.5
vcp#branch                         8.49878e-06
vcs#branch                         1.27044e-05
vsrc#branch                       -1.27349e-05


No. of Data Rows : 4001
Fourier analysis for v(vsn):
  No. Harmonics: 10, THD: 1.83239e-10 %, Gridsize: 8192, Interpolation Degree: 1, No. Periods: 1

Harmonic Frequency       Magnitude       Phase           Norm. Mag       Norm. Phase    
-------- ---------       ---------       -----           ---------       -----------    
 0       0               -1.22047511e-12 0               0               0              
 1       20000           3.81799686      -3.74644408e-11 1               0              
 2       40000           2.441485255e-12 -87.6909717     6.394675912e-13 -87.6909717    
 3       60000           2.482056324e-12 -88.0223523     6.50093862e-13  -88.0223523    
 4       80000           2.495568762e-12 -90.579458      6.536330055e-13 -90.579458     
 5       100000          2.488585988e-12 -87.9105573     6.51804095e-13  -87.9105573    
 6       120000          2.563165169e-12 -87.4528109     6.713376838e-13 -87.4528109    
 7       140000          2.462392976e-12 -88.6343298     6.449436882e-13 -88.6343298    
 8       160000          2.443844329e-12 -90.6396608     6.400854739e-13 -90.6396608    
 9       180000          2.407716348e-12 -87.4077148     6.306229252e-13 -87.4077148    

Fourier analysis for v(ain):
  No. Harmonics: 10, THD: 0.783704 %, Gridsize: 8192, Interpolation Degree: 1, No. Periods: 1

Harmonic Frequency       Magnitude       Phase           Norm. Mag       Norm. Phase    
-------- ---------       ---------       -----           ---------       -----------    
 0       0               -2.81154016     0               0               0              
 1       20000           1.222722354     6.673214391     1               0              
 2       40000           0.009533335401  169.9054734     0.007796811245  163.232259     
 3       60000           0.0009629593831 -117.974478     0.0007875535929 -124.647692    
 4       80000           0.0001132690814 -51.6579727     9.263679607e-05 -58.3311871    
 5       100000          1.580654078e-05 12.23602272     1.292733442e-05 5.56280833     
 6       120000          2.526293477e-06 80.61030374     2.066121936e-06 73.93708935    
 7       140000          3.938653708e-07 157.9532107     3.221216734e-07 151.2799963    
 8       160000          6.155166944e-08 -93.8526358     5.03398578e-08  -100.52585     
 9       180000          2.982876274e-08 -4.79676204     2.439536877e-08 -11.4699764    

Doing analysis at TEMP = 27.000000 and TNOM = 27.000000

Using SPARSE 1.3 as Direct Linear Solver

No. of Data Rows : 1
h1k = 3.1588315021e-01
Doing analysis at TEMP = 27.000000 and TNOM = 27.000000

Using SPARSE 1.3 as Direct Linear Solver

No. of Data Rows : 1
h20k = 3.2025729229e-01
Doing analysis at TEMP = 27.000000 and TNOM = 27.000000

Using SPARSE 1.3 as Direct Linear Solver

No. of Data Rows : 1
mag(v(ain)) = 3.3444024360e-01
Doing analysis at TEMP = 27.000000 and TNOM = 27.000000

Using SPARSE 1.3 as Direct Linear Solver

No. of Data Rows : 61
zmin = 7.9171407298e+05
Doing analysis at TEMP = 27.000000 and TNOM = 27.000000

Using SPARSE 1.3 as Direct Linear Solver

No. of Data Rows : 1
cvcs1k = 3.1617528616e-01
Doing analysis at TEMP = 27.000000 and TNOM = 27.000000

Using SPARSE 1.3 as Direct Linear Solver

No. of Data Rows : 1
cvcs20k = 3.2016494227e-01
Doing analysis at TEMP = 27.000000 and TNOM = 27.000000

Using SPARSE 1.3 as Direct Linear Solver

No. of Data Rows : 1
cvcp1k = 3.1588514345e-01
Doing analysis at TEMP = 27.000000 and TNOM = 27.000000

Using SPARSE 1.3 as Direct Linear Solver

No. of Data Rows : 1
cvcp20k = 3.2025814313e-01
L47B1_CASO d=0.6750
Doing analysis at TEMP = 27.000000 and TNOM = 27.000000

Using SPARSE 1.3 as Direct Linear Solver

Initial Transient Solution
--------------------------

Node                                   Voltage
----                                   -------
vsn                                          0
srcx                              -1.85851e-05
ain                                   -2.81002
gs                                    -7.75781
gp                                    -5.30454
csf                                   -13.7294
cpf                                   -8.97009
cs                                         -15
cp                                       -9.75
vcp#branch                         7.79906e-06
vcs#branch                         1.27056e-05
vsrc#branch                       -1.23901e-05


No. of Data Rows : 4001
Fourier analysis for v(vsn):
  No. Harmonics: 10, THD: 1.82423e-10 %, Gridsize: 8192, Interpolation Degree: 1, No. Periods: 1

Harmonic Frequency       Magnitude       Phase           Norm. Mag       Norm. Phase    
-------- ---------       ---------       -----           ---------       -----------    
 0       0               -1.22454477e-12 0               0               0              
 1       1000            3.81799686      -3.71591613e-11 1               0              
 2       2000            2.459847601e-12 -89.4460182     6.4427701e-13   -89.4460182    
 3       3000            2.468423083e-12 -89.8027962     6.465230783e-13 -89.8027962    
 4       4000            2.490441226e-12 -88.3667386     6.522900143e-13 -88.3667386    
 5       5000            2.480985163e-12 -88.9950906     6.498133063e-13 -88.9950906    
 6       6000            2.441255333e-12 -89.3827447     6.394073705e-13 -89.3827447    
 7       7000            2.434110817e-12 -88.6304784     6.375360972e-13 -88.6304784    
 8       8000            2.463075865e-12 -87.6315719     6.451225487e-13 -87.6315719    
 9       9000            2.461053183e-12 -87.6257769     6.44592773e-13  -87.6257769    

Fourier analysis for v(ain):
  No. Harmonics: 10, THD: 0.0895433 %, Gridsize: 8192, Interpolation Degree: 1, No. Periods: 1

Harmonic Frequency       Magnitude       Phase           Norm. Mag       Norm. Phase    
-------- ---------       ---------       -----           ---------       -----------    
 0       0               -2.80714516     0               0               0              
 1       1000            1.205232648     0.2069772505    1               0              
 2       2000            0.001069429957  -115.229434     0.0008873224257 -115.436411    
 3       3000            0.0001409597453 -20.3392346     0.000116956461  -20.5462119    
 4       4000            2.674556388e-05 37.25568351     2.219120426e-05 37.04870626    
 5       5000            1.020573414e-05 3.356978639     8.467854032e-06 3.150001389    
 6       6000            1.06518914e-05  -2.22197442     8.838037545e-06 -2.42895167    
 7       7000            9.245717597e-06 0.2699876389    7.671313592e-06 0.06301038844  
 8       8000            8.014026105e-06 0.3967460447    6.649360285e-06 0.1897687943   
 9       9000            7.121314139e-06 0.2871524699    5.908663484e-06 0.0801752194   

Doing analysis at TEMP = 27.000000 and TNOM = 27.000000

Using SPARSE 1.3 as Direct Linear Solver

Initial Transient Solution
--------------------------

Node                                   Voltage
----                                   -------
vsn                                          0
srcx                              -1.85851e-05
ain                                   -2.81002
gs                                    -7.75781
gp                                    -5.30454
csf                                   -13.7294
cpf                                   -8.97009
cs                                         -15
cp                                       -9.75
vcp#branch                         7.79906e-06
vcs#branch                         1.27056e-05
vsrc#branch                       -1.23901e-05

 Reference value :  3.00007e-04
No. of Data Rows : 4001
Fourier analysis for v(vsn):
  No. Harmonics: 10, THD: 1.83239e-10 %, Gridsize: 8192, Interpolation Degree: 1, No. Periods: 1

Harmonic Frequency       Magnitude       Phase           Norm. Mag       Norm. Phase    
-------- ---------       ---------       -----           ---------       -----------    
 0       0               -1.22047511e-12 0               0               0              
 1       20000           3.81799686      -3.74644408e-11 1               0              
 2       40000           2.441485255e-12 -87.6909717     6.394675912e-13 -87.6909717    
 3       60000           2.482056324e-12 -88.0223523     6.50093862e-13  -88.0223523    
 4       80000           2.495568762e-12 -90.579458      6.536330055e-13 -90.579458     
 5       100000          2.488585988e-12 -87.9105573     6.51804095e-13  -87.9105573    
 6       120000          2.563165169e-12 -87.4528109     6.713376838e-13 -87.4528109    
 7       140000          2.462392976e-12 -88.6343298     6.449436882e-13 -88.6343298    
 8       160000          2.443844329e-12 -90.6396608     6.400854739e-13 -90.6396608    
 9       180000          2.407716348e-12 -87.4077148     6.306229252e-13 -87.4077148    

Fourier analysis for v(ain):
  No. Harmonics: 10, THD: 0.772927 %, Gridsize: 8192, Interpolation Degree: 1, No. Periods: 1

Harmonic Frequency       Magnitude       Phase           Norm. Mag       Norm. Phase    
-------- ---------       ---------       -----           ---------       -----------    
 0       0               -2.80882859     0               0               0              
 1       20000           1.222075877     6.660532048     1               0              
 2       40000           0.009399272877  170.2990014     0.007691235098  163.6384693    
 3       60000           0.0009294457887 -118.446798     0.000760546711  -125.10733     
 4       80000           0.0001089321134 -55.2159405     8.913694761e-05 -61.8764725    
 5       100000          1.630916771e-05 5.448944885     1.334546244e-05 -1.21158716    
 6       120000          2.92198708e-06  74.79557431     2.391002994e-06 68.13504226    
 7       140000          5.143150341e-07 156.4439431     4.208536015e-07 149.783411     
 8       160000          9.174533243e-08 -96.495731      7.507335197e-08 -103.156263    
 9       180000          3.664629621e-08 -2.34702681     2.998692381e-08 -9.00755886    

Doing analysis at TEMP = 27.000000 and TNOM = 27.000000

Using SPARSE 1.3 as Direct Linear Solver

No. of Data Rows : 1
h1k = 3.1573793296e-01
Doing analysis at TEMP = 27.000000 and TNOM = 27.000000

Using SPARSE 1.3 as Direct Linear Solver

No. of Data Rows : 1
h20k = 3.2010598442e-01
Doing analysis at TEMP = 27.000000 and TNOM = 27.000000

Using SPARSE 1.3 as Direct Linear Solver

No. of Data Rows : 1
mag(v(ain)) = 3.3428559323e-01
Doing analysis at TEMP = 27.000000 and TNOM = 27.000000

Using SPARSE 1.3 as Direct Linear Solver

No. of Data Rows : 61
zmin = 7.9124134972e+05
Doing analysis at TEMP = 27.000000 and TNOM = 27.000000

Using SPARSE 1.3 as Direct Linear Solver

No. of Data Rows : 1
cvcs1k = 3.1602993837e-01
Doing analysis at TEMP = 27.000000 and TNOM = 27.000000

Using SPARSE 1.3 as Direct Linear Solver

No. of Data Rows : 1
cvcs20k = 3.2001367308e-01
Doing analysis at TEMP = 27.000000 and TNOM = 27.000000

Using SPARSE 1.3 as Direct Linear Solver

No. of Data Rows : 1
cvcp1k = 3.1574004381e-01
Doing analysis at TEMP = 27.000000 and TNOM = 27.000000

Using SPARSE 1.3 as Direct Linear Solver

No. of Data Rows : 1
cvcp20k = 3.2010690794e-01
L47B1_CASO d=0.7000
Doing analysis at TEMP = 27.000000 and TNOM = 27.000000

Using SPARSE 1.3 as Direct Linear Solver

Initial Transient Solution
--------------------------

Node                                   Voltage
----                                   -------
vsn                                          0
srcx                              -1.80683e-05
ain                                   -2.80733
gs                                    -7.75709
gp                                    -4.95335
csf                                   -13.7293
cpf                                   -8.29006
cs                                         -15
cp                                          -9
vcp#branch                         7.09938e-06
vcs#branch                         1.27069e-05
vsrc#branch                       -1.20456e-05


No. of Data Rows : 4001
Fourier analysis for v(vsn):
  No. Harmonics: 10, THD: 1.78933e-10 %, Gridsize: 8192, Interpolation Degree: 1, No. Periods: 1

Harmonic Frequency       Magnitude       Phase           Norm. Mag       Norm. Phase    
-------- ---------       ---------       -----           ---------       -----------    
 0       0               -1.19885178e-12 0               0               0              
 1       1000            3.81799686      -3.64371226e-11 1               0              
 2       2000            2.411123315e-12 -90.1686988     6.315152693e-13 -90.1686988    
 3       3000            2.399389168e-12 -89.0854279     6.284418914e-13 -89.0854279    
 4       4000            2.440609454e-12 -89.1449653     6.392382035e-13 -89.1449653    
 5       5000            2.42705329e-12  -89.2356365     6.356876077e-13 -89.2356365    
 6       6000            2.428180537e-12 -88.0368278     6.359828534e-13 -88.0368278    
 7       7000            2.435908963e-12 -87.2711933     6.380070631e-13 -87.2711933    
 8       8000            2.371479368e-12 -88.0893542     6.211318278e-13 -88.0893542    
 9       9000            2.408305893e-12 -89.5431112     6.307773373e-13 -89.5431112    

Fourier analysis for v(ain):
  No. Harmonics: 10, THD: 0.0991634 %, Gridsize: 8192, Interpolation Degree: 1, No. Periods: 1

Harmonic Frequency       Magnitude       Phase           Norm. Mag       Norm. Phase    
-------- ---------       ---------       -----           ---------       -----------    
 0       0               -2.80433199     0               0               0              
 1       1000            1.20454344      0.206229453     1               0              
 2       2000            0.001182488047  -112.31199      0.0009816898323 -112.518219    
 3       3000            0.0001648536036 -16.5288897     0.0001368598244 -16.7351191    
 4       4000            3.001719454e-05 46.47283562     2.491997678e-05 46.26660617    
 5       5000            8.93995928e-06  2.819033912     7.421865403e-06 2.612804459    
 6       6000            1.068648687e-05 -3.71088956     8.871815262e-06 -3.91711901    
 7       7000            9.290908386e-06 0.3329092632    7.713219865e-06 0.1266798101   
 8       8000            7.995224614e-06 0.499806715     6.637556066e-06 0.293577262    
 9       9000            7.103620013e-06 0.279417719     5.897354782e-06 0.07318826595  

Doing analysis at TEMP = 27.000000 and TNOM = 27.000000

Using SPARSE 1.3 as Direct Linear Solver

Initial Transient Solution
--------------------------

Node                                   Voltage
----                                   -------
vsn                                          0
srcx                              -1.80683e-05
ain                                   -2.80733
gs                                    -7.75709
gp                                    -4.95335
csf                                   -13.7293
cpf                                   -8.29006
cs                                         -15
cp                                          -9
vcp#branch                         7.09938e-06
vcs#branch                         1.27069e-05
vsrc#branch                       -1.20456e-05


No. of Data Rows : 4001
Fourier analysis for v(vsn):
  No. Harmonics: 10, THD: 1.83239e-10 %, Gridsize: 8192, Interpolation Degree: 1, No. Periods: 1

Harmonic Frequency       Magnitude       Phase           Norm. Mag       Norm. Phase    
-------- ---------       ---------       -----           ---------       -----------    
 0       0               -1.22047511e-12 0               0               0              
 1       20000           3.81799686      -3.74644408e-11 1               0              
 2       40000           2.441485255e-12 -87.6909717     6.394675912e-13 -87.6909717    
 3       60000           2.482056324e-12 -88.0223523     6.50093862e-13  -88.0223523    
 4       80000           2.495568762e-12 -90.579458      6.536330055e-13 -90.579458     
 5       100000          2.488585988e-12 -87.9105573     6.51804095e-13  -87.9105573    
 6       120000          2.563165169e-12 -87.4528109     6.713376838e-13 -87.4528109    
 7       140000          2.462392976e-12 -88.6343298     6.449436882e-13 -88.6343298    
 8       160000          2.443844329e-12 -90.6396608     6.400854739e-13 -90.6396608    
 9       180000          2.407716348e-12 -87.4077148     6.306229252e-13 -87.4077148    

Fourier analysis for v(ain):
  No. Harmonics: 10, THD: 0.759218 %, Gridsize: 8192, Interpolation Degree: 1, No. Periods: 1

Harmonic Frequency       Magnitude       Phase           Norm. Mag       Norm. Phase    
-------- ---------       ---------       -----           ---------       -----------    
 0       0               -2.80599241     0               0               0              
 1       20000           1.221336613     6.645498818     1               0              
 2       40000           0.009229813565  170.8020009     0.007557141472  164.1565021    
 3       60000           0.0008836642868 -119.167491     0.0007235223097 -125.81299     
 4       80000           0.0001034221798 -61.0151208     8.467950503e-05 -67.6606196    
 5       100000          1.758440049e-05 -4.3195346      1.439766916e-05 -10.9650334    
 6       120000          3.668601971e-06 68.0205615      3.003759925e-06 61.37506268    
 7       140000          7.433556938e-07 155.3366935     6.086411282e-07 148.6911947    
 8       160000          1.544171911e-07 -97.8049829     1.264329502e-07 -104.450482    
 9       180000          5.277450761e-08 1.335626496     4.321045244e-08 -5.30987232    

Doing analysis at TEMP = 27.000000 and TNOM = 27.000000

Using SPARSE 1.3 as Direct Linear Solver

No. of Data Rows : 1
h1k = 3.1557617464e-01
Doing analysis at TEMP = 27.000000 and TNOM = 27.000000

Using SPARSE 1.3 as Direct Linear Solver

No. of Data Rows : 1
h20k = 3.1993666780e-01
Doing analysis at TEMP = 27.000000 and TNOM = 27.000000

Using SPARSE 1.3 as Direct Linear Solver

No. of Data Rows : 1
mag(v(ain)) = 3.3411330937e-01
Doing analysis at TEMP = 27.000000 and TNOM = 27.000000

Using SPARSE 1.3 as Direct Linear Solver

No. of Data Rows : 61
zmin = 7.9066274981e+05
Doing analysis at TEMP = 27.000000 and TNOM = 27.000000

Using SPARSE 1.3 as Direct Linear Solver

No. of Data Rows : 1
cvcs1k = 3.1586803435e-01
Doing analysis at TEMP = 27.000000 and TNOM = 27.000000

Using SPARSE 1.3 as Direct Linear Solver

No. of Data Rows : 1
cvcs20k = 3.1984440014e-01
Doing analysis at TEMP = 27.000000 and TNOM = 27.000000

Using SPARSE 1.3 as Direct Linear Solver

No. of Data Rows : 1
cvcp1k = 3.1557842199e-01
Doing analysis at TEMP = 27.000000 and TNOM = 27.000000

Using SPARSE 1.3 as Direct Linear Solver

No. of Data Rows : 1
cvcp20k = 3.1993767690e-01
L47B1_CASO d=0.7250
Doing analysis at TEMP = 27.000000 and TNOM = 27.000000

Using SPARSE 1.3 as Direct Linear Solver

Initial Transient Solution
--------------------------

Node                                   Voltage
----                                   -------
vsn                                          0
srcx                              -1.75519e-05
ain                                   -2.80453
gs                                    -7.75635
gp                                    -4.60214
csf                                   -13.7292
cpf                                   -7.61002
cs                                         -15
cp                                       -8.25
vcp#branch                         6.39976e-06
vcs#branch                         1.27082e-05
vsrc#branch                       -1.17012e-05


No. of Data Rows : 4001
Fourier analysis for v(vsn):
  No. Harmonics: 10, THD: 1.7279e-10 %, Gridsize: 8192, Interpolation Degree: 1, No. Periods: 1

Harmonic Frequency       Magnitude       Phase           Norm. Mag       Norm. Phase    
-------- ---------       ---------       -----           ---------       -----------    
 0       0               -1.16837096e-12 0               0               0              
 1       1000            3.81799686      -3.52459633e-11 1               0              
 2       2000            2.325327964e-12 -89.5677343     6.090439698e-13 -89.5677343    
 3       3000            2.32514626e-12  -89.3712632     6.089963782e-13 -89.3712632    
 4       4000            2.327248076e-12 -89.9066078     6.095468807e-13 -89.9066078    
 5       5000            2.328332901e-12 -89.4675839     6.098310153e-13 -89.4675839    
 6       6000            2.351977271e-12 -87.7821413     6.160238882e-13 -87.7821413    
 7       7000            2.332604425e-12 -87.701451      6.109498018e-13 -87.701451     
 8       8000            2.325989411e-12 -88.5652931     6.092172143e-13 -88.5652931    
 9       9000            2.342715189e-12 -86.7645417     6.135979873e-13 -86.7645417    

Fourier analysis for v(ain):
  No. Harmonics: 10, THD: 3.4306 %, Gridsize: 8192, Interpolation Degree: 1, No. Periods: 1

Harmonic Frequency       Magnitude       Phase           Norm. Mag       Norm. Phase    
-------- ---------       ---------       -----           ---------       -----------    
 0       0               -2.78879993     0               0               0              
 1       1000            1.179366139     0.2049482695    1               0              
 2       2000            0.02403871525   -90.5897306     0.02038274159   -90.7946789    
 3       3000            0.02049083788   0.6330549459    0.01737444989   0.4281066764   
 4       4000            0.01718349226   90.97514855     0.01457010821   90.77020028    
 5       5000            0.01361934974   -178.682472     0.01154802508   -178.88742     
 6       6000            0.01001290757   -88.3258671     0.008490075505  -88.5308153    
 7       7000            0.006605031018  1.96854109      0.005600492334  1.763592821    
 8       8000            0.003615479114  92.32467015     0.003065612108  92.11972188    
 9       9000            0.001226295148  -176.509659     0.001039791722  -176.714607    

Doing analysis at TEMP = 27.000000 and TNOM = 27.000000

Using SPARSE 1.3 as Direct Linear Solver

Initial Transient Solution
--------------------------

Node                                   Voltage
----                                   -------
vsn                                          0
srcx                              -1.75519e-05
ain                                   -2.80453
gs                                    -7.75635
gp                                    -4.60214
csf                                   -13.7292
cpf                                   -7.61002
cs                                         -15
cp                                       -8.25
vcp#branch                         6.39976e-06
vcs#branch                         1.27082e-05
vsrc#branch                       -1.17012e-05


No. of Data Rows : 4001
Fourier analysis for v(vsn):
  No. Harmonics: 10, THD: 1.83239e-10 %, Gridsize: 8192, Interpolation Degree: 1, No. Periods: 1

Harmonic Frequency       Magnitude       Phase           Norm. Mag       Norm. Phase    
-------- ---------       ---------       -----           ---------       -----------    
 0       0               -1.22047511e-12 0               0               0              
 1       20000           3.81799686      -3.74644408e-11 1               0              
 2       40000           2.441485255e-12 -87.6909717     6.394675912e-13 -87.6909717    
 3       60000           2.482056324e-12 -88.0223523     6.50093862e-13  -88.0223523    
 4       80000           2.495568762e-12 -90.579458      6.536330055e-13 -90.579458     
 5       100000          2.488585988e-12 -87.9105573     6.51804095e-13  -87.9105573    
 6       120000          2.563165169e-12 -87.4528109     6.713376838e-13 -87.4528109    
 7       140000          2.462392976e-12 -88.6343298     6.449436882e-13 -88.6343298    
 8       160000          2.443844329e-12 -90.6396608     6.400854739e-13 -90.6396608    
 9       180000          2.407716348e-12 -87.4077148     6.306229252e-13 -87.4077148    

Fourier analysis for v(ain):
  No. Harmonics: 10, THD: 3.85968 %, Gridsize: 8192, Interpolation Degree: 1, No. Periods: 1

Harmonic Frequency       Magnitude       Phase           Norm. Mag       Norm. Phase    
-------- ---------       ---------       -----           ---------       -----------    
 0       0               -2.79007986     0               0               0              
 1       20000           1.194954648     6.650419842     1               0              
 2       40000           0.02322815664   -100.666948     0.01943852571   -107.317368    
 3       60000           0.02240268319   14.09797018     0.01874772673   7.44755034     
 4       80000           0.02054502899   109.7246086     0.01719314539   103.0741887    
 5       100000          0.01760286529   -156.603972     0.01473099027   -163.254392    
 6       120000          0.0140632355    -63.3423669     0.01176884455   -69.9927867    
 7       140000          0.01024009194   29.97522181     0.008569439816  23.32480197    
 8       160000          0.006461062362  124.26346       0.005406951949  117.6130402    
 9       180000          0.003069248391  -136.699626     0.002568506175  -143.350046    

Doing analysis at TEMP = 27.000000 and TNOM = 27.000000

Using SPARSE 1.3 as Direct Linear Solver

No. of Data Rows : 1
h1k = 3.1539442823e-01
Doing analysis at TEMP = 27.000000 and TNOM = 27.000000

Using SPARSE 1.3 as Direct Linear Solver

No. of Data Rows : 1
h20k = 3.1974534734e-01
Doing analysis at TEMP = 27.000000 and TNOM = 27.000000

Using SPARSE 1.3 as Direct Linear Solver

No. of Data Rows : 1
mag(v(ain)) = 3.3391971737e-01
Doing analysis at TEMP = 27.000000 and TNOM = 27.000000

Using SPARSE 1.3 as Direct Linear Solver

No. of Data Rows : 61
zmin = 7.8994266119e+05
Doing analysis at TEMP = 27.000000 and TNOM = 27.000000

Using SPARSE 1.3 as Direct Linear Solver

No. of Data Rows : 1
cvcs1k = 3.1568612390e-01
Doing analysis at TEMP = 27.000000 and TNOM = 27.000000

Using SPARSE 1.3 as Direct Linear Solver

No. of Data Rows : 1
cvcs20k = 3.1965312951e-01
Doing analysis at TEMP = 27.000000 and TNOM = 27.000000

Using SPARSE 1.3 as Direct Linear Solver

No. of Data Rows : 1
cvcp1k = 3.1539683622e-01
Doing analysis at TEMP = 27.000000 and TNOM = 27.000000

Using SPARSE 1.3 as Direct Linear Solver

No. of Data Rows : 1
cvcp20k = 3.1974645865e-01
L47B1_CASO d=0.7500
Doing analysis at TEMP = 27.000000 and TNOM = 27.000000

Using SPARSE 1.3 as Direct Linear Solver

Initial Transient Solution
--------------------------

Node                                   Voltage
----                                   -------
vsn                                          0
srcx                              -1.70358e-05
ain                                   -2.80161
gs                                    -7.75557
gp                                    -4.25089
csf                                    -13.729
cpf                                   -6.92998
cs                                         -15
cp                                        -7.5
vcp#branch                         5.70019e-06
vcs#branch                         1.27095e-05
vsrc#branch                       -1.13572e-05


No. of Data Rows : 4001
Fourier analysis for v(vsn):
  No. Harmonics: 10, THD: 1.00937e-11 %, Gridsize: 8192, Interpolation Degree: 1, No. Periods: 1

Harmonic Frequency       Magnitude       Phase           Norm. Mag       Norm. Phase    
-------- ---------       ---------       -----           ---------       -----------    
 0       0               -3.62262303e-14 0               0               0              
 1       1000            3.81799686      -1.68762916e-12 1               0              
 2       2000            1.089856662e-13 -93.1303245     2.854524774e-14 -93.1303245    
 3       3000            1.407484838e-13 -92.7592889     3.686448391e-14 -92.7592889    
 4       4000            2.138176535e-13 -85.6262244     5.600257447e-14 -85.6262244    
 5       5000            1.378784125e-13 -76.7321956     3.611276216e-14 -76.7321956    
 6       6000            8.620066473e-14 -100.152164     2.257745826e-14 -100.152164    
 7       7000            1.364794084e-13 -95.0822544     3.574633857e-14 -95.0822544    
 8       8000            1.354907715e-13 -77.0451234     3.548739731e-14 -77.0451234    
 9       9000            8.766746099e-14 -84.1849814     2.296163779e-14 -84.1849814    

Fourier analysis for v(ain):
  No. Harmonics: 10, THD: 18.8153 %, Gridsize: 8192, Interpolation Degree: 1, No. Periods: 1

Harmonic Frequency       Magnitude       Phase           Norm. Mag       Norm. Phase    
-------- ---------       ---------       -----           ---------       -----------    
 0       0               -2.67218583     0               0               0              
 1       1000            0.9780743232    0.1989791153    1               0              
 2       2000            0.1614506154    -89.6666737     0.1650698843    -89.8656528    
 3       3000            0.08221352068   0.7675329636    0.0840565167    0.5685538482   
 4       4000            0.0185171715    91.24582009     0.01893227443   91.04684098    
 5       5000            0.01464511897   1.078277132     0.01497342137   0.8792980167   
 6       6000            0.01863170272   91.52429693     0.01904937311   91.32531781    
 7       7000            0.007025881042  -177.970718     0.007183381544  -178.169697    
 8       8000            0.004705081478  91.65605057     0.004810556178  91.45707146    
 9       9000            0.008041091385  -177.773076     0.008221350049  -177.972055    

Doing analysis at TEMP = 27.000000 and TNOM = 27.000000

Using SPARSE 1.3 as Direct Linear Solver

Initial Transient Solution
--------------------------

Node                                   Voltage
----                                   -------
vsn                                          0
srcx                              -1.70358e-05
ain                                   -2.80161
gs                                    -7.75557
gp                                    -4.25089
csf                                    -13.729
cpf                                   -6.92998
cs                                         -15
cp                                        -7.5
vcp#branch                         5.70019e-06
vcs#branch                         1.27095e-05
vsrc#branch                       -1.13572e-05


No. of Data Rows : 4001
Fourier analysis for v(vsn):
  No. Harmonics: 10, THD: 1.83239e-10 %, Gridsize: 8192, Interpolation Degree: 1, No. Periods: 1

Harmonic Frequency       Magnitude       Phase           Norm. Mag       Norm. Phase    
-------- ---------       ---------       -----           ---------       -----------    
 0       0               -1.22047511e-12 0               0               0              
 1       20000           3.81799686      -3.74644408e-11 1               0              
 2       40000           2.441485255e-12 -87.6909717     6.394675912e-13 -87.6909717    
 3       60000           2.482056324e-12 -88.0223523     6.50093862e-13  -88.0223523    
 4       80000           2.495568762e-12 -90.579458      6.536330055e-13 -90.579458     
 5       100000          2.488585988e-12 -87.9105573     6.51804095e-13  -87.9105573    
 6       120000          2.563165169e-12 -87.4528109     6.713376838e-13 -87.4528109    
 7       140000          2.462392976e-12 -88.6343298     6.449436882e-13 -88.6343298    
 8       160000          2.443844329e-12 -90.6396608     6.400854739e-13 -90.6396608    
 9       180000          2.407716348e-12 -87.4077148     6.306229252e-13 -87.4077148    

Fourier analysis for v(ain):
  No. Harmonics: 10, THD: 19.7337 %, Gridsize: 8192, Interpolation Degree: 1, No. Periods: 1

Harmonic Frequency       Magnitude       Phase           Norm. Mag       Norm. Phase    
-------- ---------       ---------       -----           ---------       -----------    
 0       0               -2.67410925     0               0               0              
 1       20000           0.9906309545    6.676066208     1               0              
 2       40000           0.1666177505    -80.3147572     0.1681935637    -86.9908234    
 3       60000           0.09253670053   18.61979541     0.09341188069   11.9437292     
 4       80000           0.02490605862   119.549423      0.02514161152   112.8733568    
 5       100000          0.01660270442   16.0612987      0.01675972707   9.385232496    
 6       120000          0.02546824552   116.6091621     0.02570911539   109.9330959    
 7       140000          0.01271959277   -143.79696      0.01283989028   -150.473026    
 8       160000          0.005002411751  98.22330092     0.005049722834  91.54723471    
 9       180000          0.01264093548   -152.063193     0.01276048908   -158.73926     

Doing analysis at TEMP = 27.000000 and TNOM = 27.000000

Using SPARSE 1.3 as Direct Linear Solver

No. of Data Rows : 1
h1k = 3.1518814679e-01
Doing analysis at TEMP = 27.000000 and TNOM = 27.000000

Using SPARSE 1.3 as Direct Linear Solver

No. of Data Rows : 1
h20k = 3.1952663572e-01
Doing analysis at TEMP = 27.000000 and TNOM = 27.000000

Using SPARSE 1.3 as Direct Linear Solver

No. of Data Rows : 1
mag(v(ain)) = 3.3369997022e-01
Doing analysis at TEMP = 27.000000 and TNOM = 27.000000

Using SPARSE 1.3 as Direct Linear Solver

No. of Data Rows : 61
zmin = 7.8902832403e+05
Doing analysis at TEMP = 27.000000 and TNOM = 27.000000

Using SPARSE 1.3 as Direct Linear Solver

No. of Data Rows : 1
cvcs1k = 3.1547965591e-01
Doing analysis at TEMP = 27.000000 and TNOM = 27.000000

Using SPARSE 1.3 as Direct Linear Solver

No. of Data Rows : 1
cvcs20k = 3.1943447538e-01
Doing analysis at TEMP = 27.000000 and TNOM = 27.000000

Using SPARSE 1.3 as Direct Linear Solver

No. of Data Rows : 1
cvcp1k = 3.1519074702e-01
Doing analysis at TEMP = 27.000000 and TNOM = 27.000000

Using SPARSE 1.3 as Direct Linear Solver

No. of Data Rows : 1
cvcp20k = 3.1952787116e-01
L47B1_CASO d=0.7750
Doing analysis at TEMP = 27.000000 and TNOM = 27.000000

Using SPARSE 1.3 as Direct Linear Solver

Initial Transient Solution
--------------------------

Node                                   Voltage
----                                   -------
vsn                                          0
srcx                              -1.65202e-05
ain                                   -2.79854
gs                                    -7.75475
gp                                    -3.89961
csf                                   -13.7289
cpf                                   -6.24993
cs                                         -15
cp                                       -6.75
vcp#branch                         5.00068e-06
vcs#branch                          1.2711e-05
vsrc#branch                       -1.10135e-05


No. of Data Rows : 4001
Fourier analysis for v(vsn):
  No. Harmonics: 10, THD: 3.17215e-10 %, Gridsize: 8192, Interpolation Degree: 1, No. Periods: 1

Harmonic Frequency       Magnitude       Phase           Norm. Mag       Norm. Phase    
-------- ---------       ---------       -----           ---------       -----------    
 0       0               -2.13736667e-12 0               0               0              
 1       1000            3.81799686      -6.3925839e-11  1               0              
 2       2000            4.294633023e-12 -90.3753314     1.124839328e-12 -90.3753314    
 3       3000            4.310961639e-12 -89.4403813     1.129116078e-12 -89.4403813    
 4       4000            4.267643355e-12 -89.8734726     1.117770263e-12 -89.8734726    
 5       5000            4.253781085e-12 -89.1599479     1.114139493e-12 -89.1599479    
 6       6000            4.297396974e-12 -88.6968932     1.125563255e-12 -88.6968932    
 7       7000            4.305715483e-12 -89.2910645     1.127742018e-12 -89.2910645    
 8       8000            4.263618125e-12 -89.2748616     1.116715985e-12 -89.2748616    
 9       9000            4.261701508e-12 -89.344882      1.11621399e-12  -89.344882     

Fourier analysis for v(ain):
  No. Harmonics: 10, THD: 35.6986 %, Gridsize: 8192, Interpolation Degree: 1, No. Periods: 1

Harmonic Frequency       Magnitude       Phase           Norm. Mag       Norm. Phase    
-------- ---------       ---------       -----           ---------       -----------    
 0       0               -2.48933302     0               0               0              
 1       1000            0.7082645315    0.1936824253    1               0              
 2       2000            0.2447884539    -89.6329367     0.3456172701    -89.8266191    
 3       3000            0.02928025727   0.9099268949    0.04134084931   0.7162444695   
 4       4000            0.0473889042    -89.1665684     0.06690848135   -89.3602508    
 5       5000            0.02164306937   1.316645329     0.03055788961   1.122962904    
 6       6000            0.01253734592   -88.980373      0.01770150186   -89.1740554    
 7       7000            0.009732359517  1.671938654     0.01374113637   1.478256228    
 8       8000            0.00829546205   -88.426825      0.01171237819   -88.6205075    
 9       9000            0.01070716515   2.239383476     0.01511746625   2.045701051    

Doing analysis at TEMP = 27.000000 and TNOM = 27.000000

Using SPARSE 1.3 as Direct Linear Solver

Initial Transient Solution
--------------------------

Node                                   Voltage
----                                   -------
vsn                                          0
srcx                              -1.65202e-05
ain                                   -2.79854
gs                                    -7.75475
gp                                    -3.89961
csf                                   -13.7289
cpf                                   -6.24993
cs                                         -15
cp                                       -6.75
vcp#branch                         5.00068e-06
vcs#branch                          1.2711e-05
vsrc#branch                       -1.10135e-05


No. of Data Rows : 4001
Fourier analysis for v(vsn):
  No. Harmonics: 10, THD: 1.83239e-10 %, Gridsize: 8192, Interpolation Degree: 1, No. Periods: 1

Harmonic Frequency       Magnitude       Phase           Norm. Mag       Norm. Phase    
-------- ---------       ---------       -----           ---------       -----------    
 0       0               -1.22047511e-12 0               0               0              
 1       20000           3.81799686      -3.74644408e-11 1               0              
 2       40000           2.441485255e-12 -87.6909717     6.394675912e-13 -87.6909717    
 3       60000           2.482056324e-12 -88.0223523     6.50093862e-13  -88.0223523    
 4       80000           2.495568762e-12 -90.579458      6.536330055e-13 -90.579458     
 5       100000          2.488585988e-12 -87.9105573     6.51804095e-13  -87.9105573    
 6       120000          2.563165169e-12 -87.4528109     6.713376838e-13 -87.4528109    
 7       140000          2.462392976e-12 -88.6343298     6.449436882e-13 -88.6343298    
 8       160000          2.443844329e-12 -90.6396608     6.400854739e-13 -90.6396608    
 9       180000          2.407716348e-12 -87.4077148     6.306229252e-13 -87.4077148    

Fourier analysis for v(ain):
  No. Harmonics: 10, THD: 37.4094 %, Gridsize: 8192, Interpolation Degree: 1, No. Periods: 1

Harmonic Frequency       Magnitude       Phase           Norm. Mag       Norm. Phase    
-------- ---------       ---------       -----           ---------       -----------    
 0       0               -2.49253177     0               0               0              
 1       20000           0.716539325     6.716820923     1               0              
 2       40000           0.2564389539    -78.7327455     0.3578853874    -85.4495665    
 3       60000           0.03708273084   25.79814101     0.05175254106   19.08132009    
 4       80000           0.05399298213   -71.577199      0.0753524339    -78.2940199    
 5       100000          0.02966240345   28.05780069     0.04139675579   21.34097976    
 6       120000          0.01532288332   -70.1076067     0.02138456716   -76.8244276    
 7       140000          0.01698146871   34.25411247     0.02369928365   27.53729155    
 8       160000          0.009361907963  -81.092544      0.01306544894   -87.809365     
 9       180000          0.0176195904    25.7491418      0.02458984424   19.03232088    

Doing analysis at TEMP = 27.000000 and TNOM = 27.000000

Using SPARSE 1.3 as Direct Linear Solver

No. of Data Rows : 1
h1k = 3.1495118648e-01
Doing analysis at TEMP = 27.000000 and TNOM = 27.000000

Using SPARSE 1.3 as Direct Linear Solver

No. of Data Rows : 1
h20k = 3.1927304118e-01
Doing analysis at TEMP = 27.000000 and TNOM = 27.000000

Using SPARSE 1.3 as Direct Linear Solver

No. of Data Rows : 1
mag(v(ain)) = 3.3344751931e-01
Doing analysis at TEMP = 27.000000 and TNOM = 27.000000

Using SPARSE 1.3 as Direct Linear Solver

No. of Data Rows : 61
zmin = 7.8783827026e+05
Doing analysis at TEMP = 27.000000 and TNOM = 27.000000

Using SPARSE 1.3 as Direct Linear Solver

No. of Data Rows : 1
cvcs1k = 3.1524248086e-01
Doing analysis at TEMP = 27.000000 and TNOM = 27.000000

Using SPARSE 1.3 as Direct Linear Solver

No. of Data Rows : 1
cvcs20k = 3.1918094815e-01
Doing analysis at TEMP = 27.000000 and TNOM = 27.000000

Using SPARSE 1.3 as Direct Linear Solver

No. of Data Rows : 1
cvcp1k = 3.1495402152e-01
Doing analysis at TEMP = 27.000000 and TNOM = 27.000000

Using SPARSE 1.3 as Direct Linear Solver

No. of Data Rows : 1
cvcp20k = 3.1927443052e-01
L47B1_CASO d=0.8000
Doing analysis at TEMP = 27.000000 and TNOM = 27.000000

Using SPARSE 1.3 as Direct Linear Solver

Initial Transient Solution
--------------------------

Node                                   Voltage
----                                   -------
vsn                                          0
srcx                              -1.15076e-05
ain                                   -2.48697
gs                                    -7.67176
gp                                    -3.46615
csf                                   -13.7143
cpf                                   -5.55547
cs                                         -15
cp                                          -6
vcp#branch                         4.44534e-06
vcs#branch                         1.28566e-05
vsrc#branch                       -7.67176e-06


No. of Data Rows : 4001
Fourier analysis for v(vsn):
  No. Harmonics: 10, THD: 1.77249e-10 %, Gridsize: 8192, Interpolation Degree: 1, No. Periods: 1

Harmonic Frequency       Magnitude       Phase           Norm. Mag       Norm. Phase    
-------- ---------       ---------       -----           ---------       -----------    
 0       0               -1.21216231e-12 0               0               0              
 1       1000            3.81799686      -3.52642322e-11 1               0              
 2       2000            2.389919462e-12 -89.5987212     6.259616102e-13 -89.5987212    
 3       3000            2.429873571e-12 -88.8926779     6.364262885e-13 -88.8926779    
 4       4000            2.349323489e-12 -89.9702718     6.153288166e-13 -89.9702718    
 5       5000            2.372720105e-12 -88.3641851     6.214567985e-13 -88.3641851    
 6       6000            2.387092289e-12 -88.1705492     6.252211241e-13 -88.1705492    
 7       7000            2.343720026e-12 -88.0249172     6.138611718e-13 -88.0249172    
 8       8000            2.425811548e-12 -87.8696374     6.353623737e-13 -87.8696374    
 9       9000            2.440557235e-12 -88.6363258     6.392245265e-13 -88.6363258    

Fourier analysis for v(ain):
  No. Harmonics: 10, THD: 54.5437 %, Gridsize: 8192, Interpolation Degree: 1, No. Periods: 1

Harmonic Frequency       Magnitude       Phase           Norm. Mag       Norm. Phase    
-------- ---------       ---------       -----           ---------       -----------    
 0       0               -2.24613728     0               0               0              
 1       1000            0.4301812844    0.1923859823    1               0              
 2       2000            0.2182422309    -89.6323117     0.5073261873    -89.8246976    
 3       3000            0.07003891906   -179.412946     0.1628125667    -179.605332    
 4       4000            0.04047310922   -89.0665209     0.09408384486   -89.2589069    
 5       5000            0.01873594574   -179.110927     0.043553605     -179.303313    
 6       6000            0.006098105557  91.53684931     0.01417566449   91.34446333    
 7       7000            0.02190966214   -178.368761     0.05093123046   -178.561147    
 8       8000            0.000644546455  -84.3851555     0.001498313568  -84.5775415    
 9       9000            0.003549718311  -178.029455     0.008251680023  -178.221841    

Doing analysis at TEMP = 27.000000 and TNOM = 27.000000

Using SPARSE 1.3 as Direct Linear Solver

Initial Transient Solution
--------------------------

Node                                   Voltage
----                                   -------
vsn                                          0
srcx                              -1.15076e-05
ain                                   -2.48697
gs                                    -7.67176
gp                                    -3.46615
csf                                   -13.7143
cpf                                   -5.55547
cs                                         -15
cp                                          -6
vcp#branch                         4.44534e-06
vcs#branch                         1.28566e-05
vsrc#branch                       -7.67176e-06


No. of Data Rows : 4001
Fourier analysis for v(vsn):
  No. Harmonics: 10, THD: 1.83239e-10 %, Gridsize: 8192, Interpolation Degree: 1, No. Periods: 1

Harmonic Frequency       Magnitude       Phase           Norm. Mag       Norm. Phase    
-------- ---------       ---------       -----           ---------       -----------    
 0       0               -1.22047511e-12 0               0               0              
 1       20000           3.81799686      -3.74644408e-11 1               0              
 2       40000           2.441485255e-12 -87.6909717     6.394675912e-13 -87.6909717    
 3       60000           2.482056324e-12 -88.0223523     6.50093862e-13  -88.0223523    
 4       80000           2.495568762e-12 -90.579458      6.536330055e-13 -90.579458     
 5       100000          2.488585988e-12 -87.9105573     6.51804095e-13  -87.9105573    
 6       120000          2.563165169e-12 -87.4528109     6.713376838e-13 -87.4528109    
 7       140000          2.462392976e-12 -88.6343298     6.449436882e-13 -88.6343298    
 8       160000          2.443844329e-12 -90.6396608     6.400854739e-13 -90.6396608    
 9       180000          2.407716348e-12 -87.4077148     6.306229252e-13 -87.4077148    

Fourier analysis for v(ain):
  No. Harmonics: 10, THD: 57.7825 %, Gridsize: 8192, Interpolation Degree: 1, No. Periods: 1

Harmonic Frequency       Magnitude       Phase           Norm. Mag       Norm. Phase    
-------- ---------       ---------       -----           ---------       -----------    
 0       0               -2.24850095     0               0               0              
 1       20000           0.4338472348    6.830142235     1               0              
 2       40000           0.230515281     -77.9062855     0.5313282247    -84.7364277    
 3       60000           0.0745799488    -167.677778     0.171903709     -174.50792     
 4       80000           0.0497541033    -68.2713613     0.114681158     -75.1015036    
 5       100000          0.02316082515   -154.342051     0.05338474765   -161.172193    
 6       120000          0.00727292396   60.97965636     0.01676379005   54.14951413    
 7       140000          0.03137655748   -160.338214     0.07232167215   -167.168356    
 8       160000          0.003662656008  -84.7837373     0.008442271183  -91.6138795    
 9       180000          0.009066715718  -128.953756     0.02089840614   -135.783899    

Doing analysis at TEMP = 27.000000 and TNOM = 27.000000

Using SPARSE 1.3 as Direct Linear Solver

No. of Data Rows : 1
h1k = 8.9680170644e-04
Doing analysis at TEMP = 27.000000 and TNOM = 27.000000

Using SPARSE 1.3 as Direct Linear Solver

No. of Data Rows : 1
h20k = 9.9537890173e-04
Doing analysis at TEMP = 27.000000 and TNOM = 27.000000

Using SPARSE 1.3 as Direct Linear Solver

No. of Data Rows : 1
mag(v(ain)) = 9.4931521991e-04
Doing analysis at TEMP = 27.000000 and TNOM = 27.000000

Using SPARSE 1.3 as Direct Linear Solver

No. of Data Rows : 61
zmin = 1.3015133125e+06
Doing analysis at TEMP = 27.000000 and TNOM = 27.000000

Using SPARSE 1.3 as Direct Linear Solver

No. of Data Rows : 1
cvcs1k = 8.9763039704e-04
Doing analysis at TEMP = 27.000000 and TNOM = 27.000000

Using SPARSE 1.3 as Direct Linear Solver

No. of Data Rows : 1
cvcs20k = 9.9509043022e-04
Doing analysis at TEMP = 27.000000 and TNOM = 27.000000

Using SPARSE 1.3 as Direct Linear Solver

No. of Data Rows : 1
cvcp1k = 1.0778884550e-02
Doing analysis at TEMP = 27.000000 and TNOM = 27.000000

Using SPARSE 1.3 as Direct Linear Solver

No. of Data Rows : 1
cvcp20k = 8.0006947141e-04
L47B1_CASO d=0.8250
Doing analysis at TEMP = 27.000000 and TNOM = 27.000000

Using SPARSE 1.3 as Direct Linear Solver

Initial Transient Solution
--------------------------

Node                                   Voltage
----                                   -------
vsn                                          0
srcx                               -1.1318e-05
ain                                    -2.0123
gs                                    -7.54533
gp                                    -2.98926
csf                                   -13.6922
cpf                                   -4.85338
cs                                         -15
cp                                       -5.25
vcp#branch                         3.96622e-06
vcs#branch                         1.30784e-05
vsrc#branch                       -7.54533e-06

 Reference value :  3.96061e-03
No. of Data Rows : 4001
Fourier analysis for v(vsn):
  No. Harmonics: 10, THD: 1.7989e-10 %, Gridsize: 8192, Interpolation Degree: 1, No. Periods: 1

Harmonic Frequency       Magnitude       Phase           Norm. Mag       Norm. Phase    
-------- ---------       ---------       -----           ---------       -----------    
 0       0               -1.22217167e-12 0               0               0              
 1       1000            3.81799686      -3.65293653e-11 1               0              
 2       2000            2.435274178e-12 -88.8611685     6.378408018e-13 -88.8611685    
 3       3000            2.417125006e-12 -89.9391292     6.330872168e-13 -89.9391292    
 4       4000            2.408933622e-12 -89.0589881     6.309417503e-13 -89.0589881    
 5       5000            2.425893594e-12 -88.6561027     6.353838631e-13 -88.6561027    
 6       6000            2.413191754e-12 -89.0729882     6.320570297e-13 -89.0729882    
 7       7000            2.416245306e-12 -87.9302498     6.328568082e-13 -87.9302498    
 8       8000            2.460602268e-12 -88.1445879     6.444746704e-13 -88.1445879    
 9       9000            2.448447732e-12 -87.4659306     6.412911854e-13 -87.4659306    

Fourier analysis for v(ain):
  No. Harmonics: 10, THD: 75.2175 %, Gridsize: 8192, Interpolation Degree: 1, No. Periods: 1

Harmonic Frequency       Magnitude       Phase           Norm. Mag       Norm. Phase    
-------- ---------       ---------       -----           ---------       -----------    
 0       0               -1.94316857     0               0               0              
 1       1000            0.1866608624    0.2077006456    1               0              
 2       2000            0.09238342344   -89.6511165     0.4949265863    -89.8588172    
 3       3000            0.09988465458   -179.361407     0.5351130027    -179.569108    
 4       4000            0.01180419719   90.30063837     0.06323873699   90.09293772    
 5       5000            0.01896490879   1.125966094     0.1016008849    0.9182654481   
 6       6000            0.02401094023   91.46530766     0.1286340367    91.25760702    
 7       7000            0.004108234564  0.7274742978    0.0220090838    0.5197736522   
 8       8000            0.009857736589  -88.430822      0.05281094526   -88.6385226    
 9       9000            0.00337540888   2.428268533     0.01808310985   2.220567887    

Doing analysis at TEMP = 27.000000 and TNOM = 27.000000

Using SPARSE 1.3 as Direct Linear Solver

Initial Transient Solution
--------------------------

Node                                   Voltage
----                                   -------
vsn                                          0
srcx                               -1.1318e-05
ain                                    -2.0123
gs                                    -7.54533
gp                                    -2.98926
csf                                   -13.6922
cpf                                   -4.85338
cs                                         -15
cp                                       -5.25
vcp#branch                         3.96622e-06
vcs#branch                         1.30784e-05
vsrc#branch                       -7.54533e-06


No. of Data Rows : 4001
Fourier analysis for v(vsn):
  No. Harmonics: 10, THD: 1.83239e-10 %, Gridsize: 8192, Interpolation Degree: 1, No. Periods: 1

Harmonic Frequency       Magnitude       Phase           Norm. Mag       Norm. Phase    
-------- ---------       ---------       -----           ---------       -----------    
 0       0               -1.22047511e-12 0               0               0              
 1       20000           3.81799686      -3.74644408e-11 1               0              
 2       40000           2.441485255e-12 -87.6909717     6.394675912e-13 -87.6909717    
 3       60000           2.482056324e-12 -88.0223523     6.50093862e-13  -88.0223523    
 4       80000           2.495568762e-12 -90.579458      6.536330055e-13 -90.579458     
 5       100000          2.488585988e-12 -87.9105573     6.51804095e-13  -87.9105573    
 6       120000          2.563165169e-12 -87.4528109     6.713376838e-13 -87.4528109    
 7       140000          2.462392976e-12 -88.6343298     6.449436882e-13 -88.6343298    
 8       160000          2.443844329e-12 -90.6396608     6.400854739e-13 -90.6396608    
 9       180000          2.407716348e-12 -87.4077148     6.306229252e-13 -87.4077148    

Fourier analysis for v(ain):
  No. Harmonics: 10, THD: 83.1299 %, Gridsize: 8192, Interpolation Degree: 1, No. Periods: 1

Harmonic Frequency       Magnitude       Phase           Norm. Mag       Norm. Phase    
-------- ---------       ---------       -----           ---------       -----------    
 0       0               -1.94373235     0               0               0              
 1       20000           0.1865062215    7.089570164     1               0              
 2       40000           0.09844430667   -75.9599498     0.5278339021    -83.0495199    
 3       60000           0.1104957055    -165.024147     0.5924505071    -172.113717    
 4       80000           0.01298997047   119.3817986     0.06964899277   112.2922284    
 5       100000          0.02292553024   2.901131543     0.1229209945    -4.18843862    
 6       120000          0.0340847166    107.3429662     0.182753778     100.253396     
 7       140000          0.007651554808  60.99121834     0.04102573493   53.90164818    
 8       160000          0.01314173024   -87.0931176     0.07046269089   -94.1826878    
 9       180000          0.007088573763  18.83455321     0.03800717051   11.74498304    

Doing analysis at TEMP = 27.000000 and TNOM = 27.000000

Using SPARSE 1.3 as Direct Linear Solver

No. of Data Rows : 1
h1k = 8.1233310467e-04
Doing analysis at TEMP = 27.000000 and TNOM = 27.000000

Using SPARSE 1.3 as Direct Linear Solver

No. of Data Rows : 1
h20k = 8.9917462920e-04
Doing analysis at TEMP = 27.000000 and TNOM = 27.000000

Using SPARSE 1.3 as Direct Linear Solver

No. of Data Rows : 1
mag(v(ain)) = 8.5991151993e-04
Doing analysis at TEMP = 27.000000 and TNOM = 27.000000

Using SPARSE 1.3 as Direct Linear Solver

No. of Data Rows : 61
zmin = 1.3013552137e+06
Doing analysis at TEMP = 27.000000 and TNOM = 27.000000

Using SPARSE 1.3 as Direct Linear Solver

No. of Data Rows : 1
cvcs1k = 8.1308202399e-04
Doing analysis at TEMP = 27.000000 and TNOM = 27.000000

Using SPARSE 1.3 as Direct Linear Solver

No. of Data Rows : 1
cvcs20k = 8.9891230739e-04
Doing analysis at TEMP = 27.000000 and TNOM = 27.000000

Using SPARSE 1.3 as Direct Linear Solver

No. of Data Rows : 1
cvcp1k = 1.0780050599e-02
Doing analysis at TEMP = 27.000000 and TNOM = 27.000000

Using SPARSE 1.3 as Direct Linear Solver

No. of Data Rows : 1
cvcp20k = 7.2203390800e-04
L47B1_CASO d=0.8500
Doing analysis at TEMP = 27.000000 and TNOM = 27.000000

Using SPARSE 1.3 as Direct Linear Solver

Initial Transient Solution
--------------------------

Node                                   Voltage
----                                   -------
vsn                                          0
srcx                              -1.11282e-05
ain                                   -1.53737
gs                                    -7.41883
gp                                    -2.51229
csf                                     -13.67
cpf                                   -4.15128
cs                                         -15
cp                                        -4.5
vcp#branch                         3.48721e-06
vcs#branch                         1.33003e-05
vsrc#branch                       -7.41883e-06


No. of Data Rows : 4001
Fourier analysis for v(vsn):
  No. Harmonics: 10, THD: 1.79011e-10 %, Gridsize: 8192, Interpolation Degree: 1, No. Periods: 1

Harmonic Frequency       Magnitude       Phase           Norm. Mag       Norm. Phase    
-------- ---------       ---------       -----           ---------       -----------    
 0       0               -1.21168006e-12 0               0               0              
 1       1000            3.81799686      -3.62765173e-11 1               0              
 2       2000            2.379152504e-12 -88.6001565     6.231415559e-13 -88.6001565    
 3       3000            2.420598616e-12 -89.0153843     6.33997016e-13  -89.0153843    
 4       4000            2.452906036e-12 -89.2820735     6.424588929e-13 -89.2820735    
 5       5000            2.434145923e-12 -89.1391469     6.375452921e-13 -89.1391469    
 6       6000            2.432386914e-12 -88.6243925     6.370845769e-13 -88.6243925    
 7       7000            2.401787795e-12 -87.6813284     6.290701337e-13 -87.6813284    
 8       8000            2.415768536e-12 -88.5515301     6.327319338e-13 -88.5515301    
 9       9000            2.393719174e-12 -88.4313611     6.26956821e-13  -88.4313611    

Fourier analysis for v(ain):
  No. Harmonics: 10, THD: 133.007 %, Gridsize: 8192, Interpolation Degree: 1, No. Periods: 1

Harmonic Frequency       Magnitude       Phase           Norm. Mag       Norm. Phase    
-------- ---------       ---------       -----           ---------       -----------    
 0       0               -1.5622086      0               0               0              
 1       1000            0.0525093362    0.2993153355    1               0              
 2       2000            0.04342102751   90.48325674     0.8269201375    90.1839414     
 3       3000            0.03857998904   -179.231032     0.7347262759    -179.530347    
 4       4000            0.02882475311   -88.9791388     0.5489452962    -89.2784541    
 5       5000            0.02182451573   1.278611385     0.4156311488    0.9792960494   
 6       6000            0.01220531612   91.4592591      0.2324408763    91.15994377    
 7       7000            0.006636441879  -178.250876     0.1263859412    -178.550191    
 8       8000            0.0002280879039 -91.2385497     0.004343759043  -91.537865     
 9       9000            0.001939937806  -177.623453     0.03694462635   -177.922769    

Doing analysis at TEMP = 27.000000 and TNOM = 27.000000

Using SPARSE 1.3 as Direct Linear Solver

Initial Transient Solution
--------------------------

Node                                   Voltage
----                                   -------
vsn                                          0
srcx                              -1.11282e-05
ain                                   -1.53737
gs                                    -7.41883
gp                                    -2.51229
csf                                     -13.67
cpf                                   -4.15128
cs                                         -15
cp                                        -4.5
vcp#branch                         3.48721e-06
vcs#branch                         1.33003e-05
vsrc#branch                       -7.41883e-06


No. of Data Rows : 4001
Fourier analysis for v(vsn):
  No. Harmonics: 10, THD: 1.77863e-10 %, Gridsize: 8192, Interpolation Degree: 1, No. Periods: 1

Harmonic Frequency       Magnitude       Phase           Norm. Mag       Norm. Phase    
-------- ---------       ---------       -----           ---------       -----------    
 0       0               -1.18628024e-12 0               0               0              
 1       20000           3.81799686      -3.50355135e-11 1               0              
 2       40000           2.436988214e-12 -87.7199719     6.382897376e-13 -87.7199719    
 3       60000           2.477886908e-12 -89.9756649     6.490018192e-13 -89.9756649    
 4       80000           2.411843843e-12 -92.3518413     6.31703988e-13  -92.3518413    
 5       100000          2.367942238e-12 -87.5886388     6.202053916e-13 -87.5886388    
 6       120000          2.356200702e-12 -86.7605945     6.171300785e-13 -86.7605945    
 7       140000          2.346357841e-12 -88.6286557     6.145520615e-13 -88.6286557    
 8       160000          2.364904626e-12 -86.08012       6.194097882e-13 -86.08012      
 9       180000          2.441803698e-12 -85.9056955     6.395509969e-13 -85.9056955    

Fourier analysis for v(ain):
  No. Harmonics: 10, THD: 155.232 %, Gridsize: 8192, Interpolation Degree: 1, No. Periods: 1

Harmonic Frequency       Magnitude       Phase           Norm. Mag       Norm. Phase    
-------- ---------       ---------       -----           ---------       -----------    
 0       0               -1.56090798     0               0               0              
 1       20000           0.05151753009   6.292908203     1               0              
 2       40000           0.04497245799   97.76806556     0.8729544664    91.47515736    
 3       60000           0.0433976909    -170.079791     0.8423868696    -176.3727      
 4       80000           0.03516272137   -81.2980154     0.6825389593    -87.5909236    
 5       100000          0.02891068436   7.975609143     0.5611814913    1.682700939    
 6       120000          0.01740641184   91.40345576     0.3378735707    85.11054755    
 7       140000          0.01001365293   179.5049096     0.1943736999    173.2120014    
 8       160000          0.00182466969   -165.683142     0.03541842334   -171.97605     
 9       180000          0.003276747568  -176.166644     0.06360451603   -182.459553    

Doing analysis at TEMP = 27.000000 and TNOM = 27.000000

Using SPARSE 1.3 as Direct Linear Solver

No. of Data Rows : 1
h1k = 7.4818300061e-04
Doing analysis at TEMP = 27.000000 and TNOM = 27.000000

Using SPARSE 1.3 as Direct Linear Solver

No. of Data Rows : 1
h20k = 8.2619736285e-04
Doing analysis at TEMP = 27.000000 and TNOM = 27.000000

Using SPARSE 1.3 as Direct Linear Solver

No. of Data Rows : 1
mag(v(ain)) = 7.9201261015e-04
Doing analysis at TEMP = 27.000000 and TNOM = 27.000000

Using SPARSE 1.3 as Direct Linear Solver

No. of Data Rows : 61
zmin = 1.3011829555e+06
Doing analysis at TEMP = 27.000000 and TNOM = 27.000000

Using SPARSE 1.3 as Direct Linear Solver

No. of Data Rows : 1
cvcs1k = 7.4887116069e-04
Doing analysis at TEMP = 27.000000 and TNOM = 27.000000

Using SPARSE 1.3 as Direct Linear Solver

No. of Data Rows : 1
cvcs20k = 8.2595470771e-04
Doing analysis at TEMP = 27.000000 and TNOM = 27.000000

Using SPARSE 1.3 as Direct Linear Solver

No. of Data Rows : 1
cvcp1k = 1.0781337112e-02
Doing analysis at TEMP = 27.000000 and TNOM = 27.000000

Using SPARSE 1.3 as Direct Linear Solver

No. of Data Rows : 1
cvcp20k = 6.6566384532e-04
L47B1_CASO d=0.8750
Doing analysis at TEMP = 27.000000 and TNOM = 27.000000

Using SPARSE 1.3 as Direct Linear Solver

Initial Transient Solution
--------------------------

Node                                   Voltage
----                                   -------
vsn                                          0
srcx                              -1.09384e-05
ain                                   -1.06225
gs                                    -7.29228
gp                                    -2.03527
csf                                   -13.6478
cpf                                   -3.44917
cs                                         -15
cp                                       -3.75
vcp#branch                          3.0083e-06
vcs#branch                         1.35223e-05
vsrc#branch                       -7.29228e-06


No. of Data Rows : 4001
Fourier analysis for v(vsn):
  No. Harmonics: 10, THD: 1.79878e-10 %, Gridsize: 8192, Interpolation Degree: 1, No. Periods: 1

Harmonic Frequency       Magnitude       Phase           Norm. Mag       Norm. Phase    
-------- ---------       ---------       -----           ---------       -----------    
 0       0               -1.18772353e-12 0               0               0              
 1       1000            3.81799686      -3.63945289e-11 1               0              
 2       2000            2.472242611e-12 -89.8133103     6.475234795e-13 -89.8133103    
 3       3000            2.422451355e-12 -88.9374887     6.344822806e-13 -88.9374887    
 4       4000            2.444746595e-12 -88.6748914     6.403217929e-13 -88.6748914    
 5       5000            2.391935608e-12 -88.8141608     6.264896741e-13 -88.8141608    
 6       6000            2.387446343e-12 -89.1497307     6.253138572e-13 -89.1497307    
 7       7000            2.47848309e-12  -88.8542519     6.491579699e-13 -88.8542519    
 8       8000            2.436821776e-12 -87.4883432     6.382461447e-13 -87.4883432    
 9       9000            2.388800917e-12 -87.8282916     6.256686438e-13 -87.8282916    

Fourier analysis for v(ain):
  No. Harmonics: 10, THD: 125.509 %, Gridsize: 8192, Interpolation Degree: 1, No. Periods: 1

Harmonic Frequency       Magnitude       Phase           Norm. Mag       Norm. Phase    
-------- ---------       ---------       -----           ---------       -----------    
 0       0               -1.09946791     0               0               0              
 1       1000            0.0736730853    0.2709349757    1               0              
 2       2000            0.06280164309   90.48115897     0.8524367187    90.21022399    
 3       3000            0.05079283494   -179.244746     0.6894354259    -179.515681    
 4       4000            0.03672188709   -88.981643      0.4984437252    -89.252578     
 5       5000            0.0226905581    1.250494075     0.3079897904    0.9795590998   
 6       6000            0.01051923799   91.44764949     0.142782645     91.17671452    
 7       7000            0.001481662112  -178.53987      0.02011130803   -178.810805    
 8       8000            0.003903973857  92.04270818     0.05299050313   91.77177321    
 9       9000            0.005880379447  -177.73143      0.07981720085   -178.002365    

Doing analysis at TEMP = 27.000000 and TNOM = 27.000000

Using SPARSE 1.3 as Direct Linear Solver

Initial Transient Solution
--------------------------

Node                                   Voltage
----                                   -------
vsn                                          0
srcx                              -1.09384e-05
ain                                   -1.06225
gs                                    -7.29228
gp                                    -2.03527
csf                                   -13.6478
cpf                                   -3.44917
cs                                         -15
cp                                       -3.75
vcp#branch                          3.0083e-06
vcs#branch                         1.35223e-05
vsrc#branch                       -7.29228e-06


No. of Data Rows : 4001
Fourier analysis for v(vsn):
  No. Harmonics: 10, THD: 1.69405e-10 %, Gridsize: 8192, Interpolation Degree: 1, No. Periods: 1

Harmonic Frequency       Magnitude       Phase           Norm. Mag       Norm. Phase    
-------- ---------       ---------       -----           ---------       -----------    
 0       0               -1.09200149e-12 0               0               0              
 1       20000           3.81799686      -3.3268943e-11  1               0              
 2       40000           2.39220364e-12  -89.5184247     6.265598761e-13 -89.5184247    
 3       60000           2.321229305e-12 -90.0197573     6.079704594e-13 -90.0197573    
 4       80000           2.244408329e-12 -90.5281607     5.878497054e-13 -90.5281607    
 5       100000          2.337348962e-12 -88.4582328     6.121924788e-13 -88.4582328    
 6       120000          2.257497502e-12 -85.888977      5.912779881e-13 -85.888977     
 7       140000          2.169432935e-12 -89.9462157     5.682123415e-13 -89.9462157    
 8       160000          2.239984816e-12 -90.3056998     5.8669111e-13   -90.3056998    
 9       180000          2.324161034e-12 -88.798098      6.087383303e-13 -88.798098     

Fourier analysis for v(ain):
  No. Harmonics: 10, THD: 144.14 %, Gridsize: 8192, Interpolation Degree: 1, No. Periods: 1

Harmonic Frequency       Magnitude       Phase           Norm. Mag       Norm. Phase    
-------- ---------       ---------       -----           ---------       -----------    
 0       0               -1.0979512      0               0               0              
 1       20000           0.07286074263   5.538057843     1               0              
 2       40000           0.06593153219   97.68600172     0.9048978889    92.14794387    
 3       60000           0.05774469446   -170.986689     0.7925350797    -176.524747    
 4       80000           0.04540239231   -81.7331147     0.6231393021    -87.2711725    
 5       100000          0.03036855403   5.529124687     0.416802697     -0.00893315619 
 6       120000          0.01516982894   89.87685363     0.2082030514    84.33879578    
 7       140000          0.002727637514  151.1224257     0.03743631229   145.5843679    
 8       160000          0.006137473562  98.68330872     0.08423567125   93.14525088    
 9       180000          0.009444628668  177.8532115     0.1296257536    172.3151537    

Doing analysis at TEMP = 27.000000 and TNOM = 27.000000

Using SPARSE 1.3 as Direct Linear Solver

No. of Data Rows : 1
h1k = 6.9734092564e-04
Doing analysis at TEMP = 27.000000 and TNOM = 27.000000

Using SPARSE 1.3 as Direct Linear Solver

No. of Data Rows : 1
h20k = 7.6846779727e-04
Doing analysis at TEMP = 27.000000 and TNOM = 27.000000

Using SPARSE 1.3 as Direct Linear Solver

No. of Data Rows : 1
mag(v(ain)) = 7.3819876832e-04
Doing analysis at TEMP = 27.000000 and TNOM = 27.000000

Using SPARSE 1.3 as Direct Linear Solver

No. of Data Rows : 61
zmin = 1.3009959780e+06
Doing analysis at TEMP = 27.000000 and TNOM = 27.000000

Using SPARSE 1.3 as Direct Linear Solver

No. of Data Rows : 1
cvcs1k = 6.9798078211e-04
Doing analysis at TEMP = 27.000000 and TNOM = 27.000000

Using SPARSE 1.3 as Direct Linear Solver

No. of Data Rows : 1
cvcs20k = 7.6824055616e-04
Doing analysis at TEMP = 27.000000 and TNOM = 27.000000

Using SPARSE 1.3 as Direct Linear Solver

No. of Data Rows : 1
cvcp1k = 1.0782578564e-02
Doing analysis at TEMP = 27.000000 and TNOM = 27.000000

Using SPARSE 1.3 as Direct Linear Solver

No. of Data Rows : 1
cvcp20k = 6.2301569561e-04
L47B1_CASO d=0.9000
Doing analysis at TEMP = 27.000000 and TNOM = 27.000000

Using SPARSE 1.3 as Direct Linear Solver

Initial Transient Solution
--------------------------

Node                                   Voltage
----                                   -------
vsn                                          0
srcx                              -1.07485e-05
ain                                   -0.58696
gs                                    -7.16568
gp                                    -1.55821
csf                                   -13.6256
cpf                                   -2.74705
cs                                         -15
cp                                          -3
vcp#branch                         2.52946e-06
vcs#branch                         1.37444e-05
vsrc#branch                       -7.16568e-06


No. of Data Rows : 4001
Fourier analysis for v(vsn):
  No. Harmonics: 10, THD: 1.53687e-10 %, Gridsize: 8192, Interpolation Degree: 1, No. Periods: 1

Harmonic Frequency       Magnitude       Phase           Norm. Mag       Norm. Phase    
-------- ---------       ---------       -----           ---------       -----------    
 0       0               -1.03318049e-12 0               0               0              
 1       1000            3.81799686      -3.11537248e-11 1               0              
 2       2000            2.039492397e-12 -88.3849077     5.34178647e-13  -88.3849077    
 3       3000            2.06062562e-12  -90.6208505     5.397138068e-13 -90.6208505    
 4       4000            2.118786533e-12 -88.5761212     5.54947165e-13  -88.5761212    
 5       5000            2.075985847e-12 -89.1416724     5.437369184e-13 -89.1416724    
 6       6000            2.050781867e-12 -90.1751685     5.371355564e-13 -90.1751685    
 7       7000            2.090812813e-12 -87.5917219     5.476203594e-13 -87.5917219    
 8       8000            2.081164567e-12 -87.8556649     5.450933156e-13 -87.8556649    
 9       9000            2.077856874e-12 -87.4795399     5.442269731e-13 -87.4795399    

Fourier analysis for v(ain):
  No. Harmonics: 10, THD: 116.502 %, Gridsize: 8192, Interpolation Degree: 1, No. Periods: 1

Harmonic Frequency       Magnitude       Phase           Norm. Mag       Norm. Phase    
-------- ---------       ---------       -----           ---------       -----------    
 0       0               -0.637659521    0               0               0              
 1       1000            0.09829382543   0.2537659825    1               0              
 2       2000            0.08234462653   90.47517419     0.8377395647    90.22140821    
 3       3000            0.06309229483   -179.253848     0.6418744469    -179.507614    
 4       4000            0.04155732478   -88.9906045     0.4227867274    -89.2443705    
 5       5000            0.02148328666   1.237495686     0.2185619144    0.9837297031   
 6       6000            0.005782911349  91.38485204     0.05883290556   91.13108605    
 7       7000            0.003999095174  1.77997234      0.04068511075   1.526206357    
 8       8000            0.00788783214   91.93790002     0.08024748355   91.68413403    
 9       9000            0.007217137794  -177.828929     0.07342412163   -178.082695    

Doing analysis at TEMP = 27.000000 and TNOM = 27.000000

Using SPARSE 1.3 as Direct Linear Solver

Initial Transient Solution
--------------------------

Node                                   Voltage
----                                   -------
vsn                                          0
srcx                              -1.07485e-05
ain                                   -0.58696
gs                                    -7.16568
gp                                    -1.55821
csf                                   -13.6256
cpf                                   -2.74705
cs                                         -15
cp                                          -3
vcp#branch                         2.52946e-06
vcs#branch                         1.37444e-05
vsrc#branch                       -7.16568e-06


No. of Data Rows : 4001
Fourier analysis for v(vsn):
  No. Harmonics: 10, THD: 2.81702e-10 %, Gridsize: 8192, Interpolation Degree: 1, No. Periods: 1

Harmonic Frequency       Magnitude       Phase           Norm. Mag       Norm. Phase    
-------- ---------       ---------       -----           ---------       -----------    
 0       0               -1.91534288e-12 0               0               0              
 1       20000           3.81799686      -5.5482053e-11  1               0              
 2       40000           3.772518259e-12 -89.6725819     9.880883608e-13 -89.6725819    
 3       60000           3.898286939e-12 -90.8234025     1.021029373e-12 -90.8234025    
 4       80000           3.793186016e-12 -89.7044579     9.93501607e-13  -89.7044579    
 5       100000          3.800058662e-12 -89.5053238     9.953016729e-13 -89.5053238    
 6       120000          3.750568707e-12 -89.9025621     9.823393902e-13 -89.9025621    
 7       140000          3.740602686e-12 -89.8010102     9.797291154e-13 -89.8010102    
 8       160000          3.840914864e-12 -87.919061      1.006002625e-12 -87.919061     
 9       180000          3.822263564e-12 -88.9099265     1.001117524e-12 -88.9099265    

Fourier analysis for v(ain):
  No. Harmonics: 10, THD: 132.212 %, Gridsize: 8192, Interpolation Degree: 1, No. Periods: 1

Harmonic Frequency       Magnitude       Phase           Norm. Mag       Norm. Phase    
-------- ---------       ---------       -----           ---------       -----------    
 0       0               -0.635907473    0               0               0              
 1       20000           0.09787051608   5.10821245      1               0              
 2       40000           0.08716241854   97.40152219     0.890589138     92.29330974    
 3       60000           0.07236807905   -171.581473     0.7394267646    -176.689686    
 4       80000           0.05181481027   -82.7388438     0.5294220604    -87.8470563    
 5       100000          0.02898081799   3.736344006     0.2961138773    -1.37186844    
 6       120000          0.008577429411  83.25656855     0.08764058631   78.1483561     
 7       140000          0.005966314557  13.01417188     0.0609613068    7.905959434    
 8       160000          0.0121311722    89.78325531     0.1239512438    84.67504286    
 9       180000          0.01131068623   171.9305172     0.1155678613    166.8223048    

Doing analysis at TEMP = 27.000000 and TNOM = 27.000000

Using SPARSE 1.3 as Direct Linear Solver

No. of Data Rows : 1
h1k = 6.5577313567e-04
Doing analysis at TEMP = 27.000000 and TNOM = 27.000000

Using SPARSE 1.3 as Direct Linear Solver

No. of Data Rows : 1
h20k = 7.2139361457e-04
Doing analysis at TEMP = 27.000000 and TNOM = 27.000000

Using SPARSE 1.3 as Direct Linear Solver

No. of Data Rows : 1
mag(v(ain)) = 6.9420072736e-04
Doing analysis at TEMP = 27.000000 and TNOM = 27.000000

Using SPARSE 1.3 as Direct Linear Solver

No. of Data Rows : 61
zmin = 1.3007943174e+06
Doing analysis at TEMP = 27.000000 and TNOM = 27.000000

Using SPARSE 1.3 as Direct Linear Solver

No. of Data Rows : 1
cvcs1k = 6.5637337010e-04
Doing analysis at TEMP = 27.000000 and TNOM = 27.000000

Using SPARSE 1.3 as Direct Linear Solver

No. of Data Rows : 1
cvcs20k = 7.2117881664e-04
Doing analysis at TEMP = 27.000000 and TNOM = 27.000000

Using SPARSE 1.3 as Direct Linear Solver

No. of Data Rows : 1
cvcp1k = 1.0783711779e-02
Doing analysis at TEMP = 27.000000 and TNOM = 27.000000

Using SPARSE 1.3 as Direct Linear Solver

No. of Data Rows : 1
cvcp20k = 5.8945644166e-04
L47B1_CASO d=0.9250
Doing analysis at TEMP = 27.000000 and TNOM = 27.000000

Using SPARSE 1.3 as Direct Linear Solver

Initial Transient Solution
--------------------------

Node                                   Voltage
----                                   -------
vsn                                          0
srcx                              -1.05586e-05
ain                                  -0.111543
gs                                    -7.03905
gp                                    -1.08111
csf                                   -13.6033
cpf                                   -2.04493
cs                                         -15
cp                                       -2.25
vcp#branch                         2.05068e-06
vcs#branch                         1.39666e-05
vsrc#branch                       -7.03905e-06


No. of Data Rows : 4001
Fourier analysis for v(vsn):
  No. Harmonics: 10, THD: 2.86268e-10 %, Gridsize: 8192, Interpolation Degree: 1, No. Periods: 1

Harmonic Frequency       Magnitude       Phase           Norm. Mag       Norm. Phase    
-------- ---------       ---------       -----           ---------       -----------    
 0       0               -1.8926527e-12  0               0               0              
 1       1000            3.81799686      -5.74161917e-11 1               0              
 2       2000            3.876027806e-12 -90.4381151     1.015199317e-12 -90.4381151    
 3       3000            3.886697676e-12 -89.6148479     1.017993943e-12 -89.6148479    
 4       4000            3.870604865e-12 -89.5730912     1.013778955e-12 -89.5730912    
 5       5000            3.86637195e-12  -89.9918057     1.01267028e-12  -89.9918057    
 6       6000            3.868631802e-12 -88.8689139     1.013262175e-12 -88.8689139    
 7       7000            3.85875963e-12  -88.509892      1.010676481e-12 -88.509892     
 8       8000            3.821236556e-12 -89.2900853     1.000848533e-12 -89.2900853    
 9       9000            3.865212509e-12 -89.2309509     1.012366602e-12 -89.2309509    

Fourier analysis for v(ain):
  No. Harmonics: 10, THD: 108.601 %, Gridsize: 8192, Interpolation Degree: 1, No. Periods: 1

Harmonic Frequency       Magnitude       Phase           Norm. Mag       Norm. Phase    
-------- ---------       ---------       -----           ---------       -----------    
 0       0               -0.177147685    0               0               0              
 1       1000            0.1251432284    0.2413682226    1               0              
 2       2000            0.102482791     90.46743288     0.818923982     90.22606466    
 3       3000            0.0741587701    -179.264633     0.5925911535    -179.506001    
 4       4000            0.04394662186   -88.9999839     0.351170594     -89.2413521    
 5       5000            0.01777946031   1.228267781     0.1420728915    0.9868995585   
 6       6000            0.0003416149323 -87.3137798     0.002729791587  -87.555148     
 7       7000            0.009142882531  1.682903639     0.07305934683   1.441535417    
 8       8000            0.01001110543   91.86285162     0.07999718048   91.62148339    
 9       9000            0.006075980414  -177.928426     0.04855221085   -178.169794    

Doing analysis at TEMP = 27.000000 and TNOM = 27.000000

Using SPARSE 1.3 as Direct Linear Solver

Initial Transient Solution
--------------------------

Node                                   Voltage
----                                   -------
vsn                                          0
srcx                              -1.05586e-05
ain                                  -0.111543
gs                                    -7.03905
gp                                    -1.08111
csf                                   -13.6033
cpf                                   -2.04493
cs                                         -15
cp                                       -2.25
vcp#branch                         2.05068e-06
vcs#branch                         1.39666e-05
vsrc#branch                       -7.03905e-06


No. of Data Rows : 4001
Fourier analysis for v(vsn):
  No. Harmonics: 10, THD: 3.08303e-10 %, Gridsize: 8192, Interpolation Degree: 1, No. Periods: 1

Harmonic Frequency       Magnitude       Phase           Norm. Mag       Norm. Phase    
-------- ---------       ---------       -----           ---------       -----------    
 0       0               -2.10901782e-12 0               0               0              
 1       20000           3.81799686      -6.21101866e-11 1               0              
 2       40000           4.170325258e-12 -89.8020116     1.092280955e-12 -89.8020116    
 3       60000           4.225965846e-12 -89.7986893     1.106854196e-12 -89.7986893    
 4       80000           4.169240892e-12 -89.7425698     1.091996941e-12 -89.7425698    
 5       100000          4.226556189e-12 -88.5902231     1.107008817e-12 -88.5902231    
 6       120000          4.100151102e-12 -88.581519      1.07390112e-12  -88.581519     
 7       140000          4.007548069e-12 -88.3000821     1.049646769e-12 -88.3000821    
 8       160000          4.189416154e-12 -88.7708853     1.097281194e-12 -88.7708853    
 9       180000          4.199580352e-12 -89.8461984     1.099943375e-12 -89.8461984    

Fourier analysis for v(ain):
  No. Harmonics: 10, THD: 121.817 %, Gridsize: 8192, Interpolation Degree: 1, No. Periods: 1

Harmonic Frequency       Magnitude       Phase           Norm. Mag       Norm. Phase    
-------- ---------       ---------       -----           ---------       -----------    
 0       0               -0.175232893    0               0               0              
 1       20000           0.1253447243    4.749295012     1               0              
 2       40000           0.1091948451    96.99343542     0.8711562905    92.24414041    
 3       60000           0.08554822709   -172.333495     0.682503612     -177.08279     
 4       80000           0.05494237652   -83.8942171     0.4383301876    -88.6435121    
 5       100000          0.02397156027   1.702676461     0.1912450676    -3.04661855    
 6       120000          0.001376750806  -9.73819146     0.01098371562   -14.4874865    
 7       140000          0.01326400581   2.062351827     0.1058202161    -2.68694318    
 8       160000          0.01487725462   84.76193478     0.1186907124    80.01263977    
 9       180000          0.008961284864  166.1992175     0.0714931156    161.4499224    

Doing analysis at TEMP = 27.000000 and TNOM = 27.000000

Using SPARSE 1.3 as Direct Linear Solver

No. of Data Rows : 1
h1k = 6.2097280272e-04
Doing analysis at TEMP = 27.000000 and TNOM = 27.000000

Using SPARSE 1.3 as Direct Linear Solver

No. of Data Rows : 1
h20k = 6.8212500358e-04
Doing analysis at TEMP = 27.000000 and TNOM = 27.000000

Using SPARSE 1.3 as Direct Linear Solver

No. of Data Rows : 1
mag(v(ain)) = 6.5736525544e-04
Doing analysis at TEMP = 27.000000 and TNOM = 27.000000

Using SPARSE 1.3 as Direct Linear Solver

No. of Data Rows : 61
zmin = 1.3005782126e+06
Doing analysis at TEMP = 27.000000 and TNOM = 27.000000

Using SPARSE 1.3 as Direct Linear Solver

No. of Data Rows : 1
cvcs1k = 6.2153975019e-04
Doing analysis at TEMP = 27.000000 and TNOM = 27.000000

Using SPARSE 1.3 as Direct Linear Solver

No. of Data Rows : 1
cvcs20k = 6.8192047200e-04
Doing analysis at TEMP = 27.000000 and TNOM = 27.000000

Using SPARSE 1.3 as Direct Linear Solver

No. of Data Rows : 1
cvcp1k = 1.0784707129e-02
Doing analysis at TEMP = 27.000000 and TNOM = 27.000000

Using SPARSE 1.3 as Direct Linear Solver

No. of Data Rows : 1
cvcp20k = 5.6199169986e-04
L47B1_CASO d=0.9500
Doing analysis at TEMP = 27.000000 and TNOM = 27.000000

Using SPARSE 1.3 as Direct Linear Solver

Initial Transient Solution
--------------------------

Node                                   Voltage
----                                   -------
vsn                                          0
srcx                              -1.05146e-05
ain                                 -0.0015319
gs                                    -7.00975
gp                                   -0.701342
csf                                   -13.5982
cpf                                   -1.35988
cs                                         -15
cp                                        -1.5
vcp#branch                         1.40115e-06
vcs#branch                          1.4018e-05
vsrc#branch                       -7.00975e-06


No. of Data Rows : 4001
Fourier analysis for v(vsn):
  No. Harmonics: 10, THD: 1.82423e-10 %, Gridsize: 8192, Interpolation Degree: 1, No. Periods: 1

Harmonic Frequency       Magnitude       Phase           Norm. Mag       Norm. Phase    
-------- ---------       ---------       -----           ---------       -----------    
 0       0               -1.22454477e-12 0               0               0              
 1       1000            3.81799686      -3.71591613e-11 1               0              
 2       2000            2.459847601e-12 -89.4460182     6.4427701e-13   -89.4460182    
 3       3000            2.468423083e-12 -89.8027962     6.465230783e-13 -89.8027962    
 4       4000            2.490441226e-12 -88.3667386     6.522900143e-13 -88.3667386    
 5       5000            2.480985163e-12 -88.9950906     6.498133063e-13 -88.9950906    
 6       6000            2.441255333e-12 -89.3827447     6.394073705e-13 -89.3827447    
 7       7000            2.434110817e-12 -88.6304784     6.375360972e-13 -88.6304784    
 8       8000            2.463075865e-12 -87.6315719     6.451225487e-13 -87.6315719    
 9       9000            2.461053183e-12 -87.6257769     6.44592773e-13  -87.6257769    

Fourier analysis for v(ain):
  No. Harmonics: 10, THD: 120.351 %, Gridsize: 8192, Interpolation Degree: 1, No. Periods: 1

Harmonic Frequency       Magnitude       Phase           Norm. Mag       Norm. Phase    
-------- ---------       ---------       -----           ---------       -----------    
 0       0               -0.0297826735   0               0               0              
 1       1000            0.05402369932   -0.0084514799   1               0              
 2       2000            0.0464278999    89.97987197     0.8593987542    89.98832345    
 3       3000            0.03580321715   179.9822724     0.6627316825    179.9907239    
 4       4000            0.0240447518    -89.9920904     0.4450778473    -89.9836389    
 5       5000            0.01321073837   0.09494560893   0.244535982     0.1033970888   
 6       6000            0.004832175233  90.44783816     0.08944547104   90.45628964    
 7       7000            0.0003930773854 -6.58143308     0.007276017569  -6.5729816     
 8       8000            0.00261371704   89.09690658     0.04838093416   89.10535806    
 9       9000            0.002629268613  179.3907205     0.04866879991   179.399172     

Doing analysis at TEMP = 27.000000 and TNOM = 27.000000

Using SPARSE 1.3 as Direct Linear Solver

Initial Transient Solution
--------------------------

Node                                   Voltage
----                                   -------
vsn                                          0
srcx                              -1.05146e-05
ain                                 -0.0015319
gs                                    -7.00975
gp                                   -0.701342
csf                                   -13.5982
cpf                                   -1.35988
cs                                         -15
cp                                        -1.5
vcp#branch                         1.40115e-06
vcs#branch                          1.4018e-05
vsrc#branch                       -7.00975e-06

 Reference value :  3.17098e-04
No. of Data Rows : 4001
Fourier analysis for v(vsn):
  No. Harmonics: 10, THD: 3.09918e-10 %, Gridsize: 8192, Interpolation Degree: 1, No. Periods: 1

Harmonic Frequency       Magnitude       Phase           Norm. Mag       Norm. Phase    
-------- ---------       ---------       -----           ---------       -----------    
 0       0               -2.09902928e-12 0               0               0              
 1       20000           3.81799686      -6.33332396e-11 1               0              
 2       40000           4.207865873e-12 -90.6448273     1.102113498e-12 -90.6448273    
 3       60000           4.176503493e-12 -89.0675441     1.093899143e-12 -89.0675441    
 4       80000           4.156447965e-12 -88.8735425     1.08864625e-12  -88.8735425    
 5       100000          4.244895871e-12 -90.0823504     1.1118123e-12   -90.0823504    
 6       120000          4.15908178e-12  -89.9794571     1.089336092e-12 -89.9794571    
 7       140000          4.175499326e-12 -89.9802373     1.093636134e-12 -89.9802373    
 8       160000          4.249208277e-12 -88.7883664     1.112941795e-12 -88.7883664    
 9       180000          4.096236835e-12 -88.3628879     1.072875905e-12 -88.3628879    

Fourier analysis for v(ain):
  No. Harmonics: 10, THD: 121.504 %, Gridsize: 8192, Interpolation Degree: 1, No. Periods: 1

Harmonic Frequency       Magnitude       Phase           Norm. Mag       Norm. Phase    
-------- ---------       ---------       -----           ---------       -----------    
 0       0               -0.0297565789   0               0               0              
 1       20000           0.05402480457   -1.16661549     1               0              
 2       40000           0.04657692442   87.52521675     0.8621396189    88.69183223    
 3       60000           0.03613495909   176.3846687     0.6688586729    177.5512842    
 4       80000           0.02453934714   -94.5494674     0.4542237095    -93.3828519    
 5       100000          0.01380578299   -4.93131773     0.2555452648    -3.76470225    
 6       120000          0.005448061191  86.88926322     0.1008437001    88.05587871    
 7       140000          0.0004716151976 -114.779684     0.008729604879  -113.613068    
 8       160000          0.002273200495  69.58688647     0.04207697766   70.75350195    
 9       180000          0.002438353509  161.6364339     0.04513396261   162.8030494    

Doing analysis at TEMP = 27.000000 and TNOM = 27.000000

Using SPARSE 1.3 as Direct Linear Solver

No. of Data Rows : 1
h1k = 4.8080448105e-05
Doing analysis at TEMP = 27.000000 and TNOM = 27.000000

Using SPARSE 1.3 as Direct Linear Solver

No. of Data Rows : 1
h20k = 5.1565492157e-05
Doing analysis at TEMP = 27.000000 and TNOM = 27.000000

Using SPARSE 1.3 as Direct Linear Solver

No. of Data Rows : 1
mag(v(ain)) = 5.0209023551e-05
Doing analysis at TEMP = 27.000000 and TNOM = 27.000000

Using SPARSE 1.3 as Direct Linear Solver

No. of Data Rows : 61
zmin = 1.3003303924e+06
Doing analysis at TEMP = 27.000000 and TNOM = 27.000000

Using SPARSE 1.3 as Direct Linear Solver

No. of Data Rows : 1
cvcs1k = 4.8124319454e-05
Doing analysis at TEMP = 27.000000 and TNOM = 27.000000

Using SPARSE 1.3 as Direct Linear Solver

No. of Data Rows : 1
cvcs20k = 5.1550005250e-05
Doing analysis at TEMP = 27.000000 and TNOM = 27.000000

Using SPARSE 1.3 as Direct Linear Solver

No. of Data Rows : 1
cvcp1k = 6.4405947807e-05
Doing analysis at TEMP = 27.000000 and TNOM = 27.000000

Using SPARSE 1.3 as Direct Linear Solver

No. of Data Rows : 1
cvcp20k = 5.0355352733e-05
L47B1_CASO d=0.9750
Doing analysis at TEMP = 27.000000 and TNOM = 27.000000

Using SPARSE 1.3 as Direct Linear Solver

Initial Transient Solution
--------------------------

Node                                   Voltage
----                                   -------
vsn                                          0
srcx                              -1.05143e-05
ain                               -0.000674365
gs                                    -7.00952
gp                                   -0.350647
csf                                   -13.5982
cpf                                  -0.679938
cs                                         -15
cp                                       -0.75
vcp#branch                          7.0062e-07
vcs#branch                         1.40184e-05
vsrc#branch                       -7.00952e-06


No. of Data Rows : 4001
Fourier analysis for v(vsn):
  No. Harmonics: 10, THD: 1.82423e-10 %, Gridsize: 8192, Interpolation Degree: 1, No. Periods: 1

Harmonic Frequency       Magnitude       Phase           Norm. Mag       Norm. Phase    
-------- ---------       ---------       -----           ---------       -----------    
 0       0               -1.22454477e-12 0               0               0              
 1       1000            3.81799686      -3.71591613e-11 1               0              
 2       2000            2.459847601e-12 -89.4460182     6.4427701e-13   -89.4460182    
 3       3000            2.468423083e-12 -89.8027962     6.465230783e-13 -89.8027962    
 4       4000            2.490441226e-12 -88.3667386     6.522900143e-13 -88.3667386    
 5       5000            2.480985163e-12 -88.9950906     6.498133063e-13 -88.9950906    
 6       6000            2.441255333e-12 -89.3827447     6.394073705e-13 -89.3827447    
 7       7000            2.434110817e-12 -88.6304784     6.375360972e-13 -88.6304784    
 8       8000            2.463075865e-12 -87.6315719     6.451225487e-13 -87.6315719    
 9       9000            2.461053183e-12 -87.6257769     6.44592773e-13  -87.6257769    

Fourier analysis for v(ain):
  No. Harmonics: 10, THD: 122.589 %, Gridsize: 8192, Interpolation Degree: 1, No. Periods: 1

Harmonic Frequency       Magnitude       Phase           Norm. Mag       Norm. Phase    
-------- ---------       ---------       -----           ---------       -----------    
 0       0               -0.0156797609   0               0               0              
 1       1000            0.02873409724   -0.0390211024   1               0              
 2       2000            0.02484918038   89.91584207     0.8647976715    89.95486317    
 3       3000            0.01938213732   179.8753765     0.6745344099    179.9143976    
 4       4000            0.01329406929   -90.1618924     0.4626583247    -90.1228713    
 5       5000            0.007627474084  -0.19060667     0.2654502774    -0.151585567   
 6       6000            0.003168784582  89.81389725     0.1102795942    89.85291835    
 7       7000            0.0002947632954 -179.460535     0.01025831064   -179.421514    
 8       8000            0.001046212891  89.42872331     0.03641015348   89.46774441    
 9       9000            0.001229150009  179.4521807     0.04277670527   179.4912018    

Doing analysis at TEMP = 27.000000 and TNOM = 27.000000

Using SPARSE 1.3 as Direct Linear Solver

Initial Transient Solution
--------------------------

Node                                   Voltage
----                                   -------
vsn                                          0
srcx                              -1.05143e-05
ain                               -0.000674365
gs                                    -7.00952
gp                                   -0.350647
csf                                   -13.5982
cpf                                  -0.679938
cs                                         -15
cp                                       -0.75
vcp#branch                          7.0062e-07
vcs#branch                         1.40184e-05
vsrc#branch                       -7.00952e-06


No. of Data Rows : 4001
Fourier analysis for v(vsn):
  No. Harmonics: 10, THD: 3.26679e-10 %, Gridsize: 8192, Interpolation Degree: 1, No. Periods: 1

Harmonic Frequency       Magnitude       Phase           Norm. Mag       Norm. Phase    
-------- ---------       ---------       -----           ---------       -----------    
 0       0               -2.23310259e-12 0               0               0              
 1       20000           3.81799686      -6.62621804e-11 1               0              
 2       40000           4.34506617e-12  -90.4320745     1.138048649e-12 -90.4320745    
 3       60000           4.344367609e-12 -89.273425      1.137865684e-12 -89.273425     
 4       80000           4.451936452e-12 -88.9452134     1.166039841e-12 -88.9452134    
 5       100000          4.402390362e-12 -88.7266909     1.153062856e-12 -88.7266909    
 6       120000          4.497854704e-12 -88.8470857     1.178066633e-12 -88.8470857    
 7       140000          4.528888817e-12 -89.2231034     1.186195008e-12 -89.2231034    
 8       160000          4.345784709e-12 -89.2473945     1.138236847e-12 -89.2473945    
 9       180000          4.357133203e-12 -88.3204547     1.141209216e-12 -88.3204547    

Fourier analysis for v(ain):
  No. Harmonics: 10, THD: 122.981 %, Gridsize: 8192, Interpolation Degree: 1, No. Periods: 1

Harmonic Frequency       Magnitude       Phase           Norm. Mag       Norm. Phase    
-------- ---------       ---------       -----           ---------       -----------    
 0       0               -0.0153912918   0               0               0              
 1       20000           0.02819045759   -1.49250466     1               0              
 2       40000           0.0244038783    86.85535202     0.8656786865    88.34785668    
 3       60000           0.01907225144   175.2639867     0.6765499065    176.7564913    
 4       80000           0.01312786574   -96.3511989     0.4656847339    -94.8586943    
 5       100000          0.007585865533  -8.0127799      0.2690933806    -6.52027524    
 6       120000          0.00321362607   80.19580939     0.1139969459    81.68831405    
 7       140000          0.0003813728832 166.7251704     0.0135284389    168.2176751    
 8       160000          0.0009576807066 77.67580153     0.03397180424   79.16830619    
 9       180000          0.001164043704  165.4428467     0.0412921181    166.9353513    

Doing analysis at TEMP = 27.000000 and TNOM = 27.000000

Using SPARSE 1.3 as Direct Linear Solver

No. of Data Rows : 1
h1k = 2.2197013241e-05
Doing analysis at TEMP = 27.000000 and TNOM = 27.000000

Using SPARSE 1.3 as Direct Linear Solver

No. of Data Rows : 1
h20k = 2.3803466870e-05
Doing analysis at TEMP = 27.000000 and TNOM = 27.000000

Using SPARSE 1.3 as Direct Linear Solver

No. of Data Rows : 1
mag(v(ain)) = 2.3178666877e-05
Doing analysis at TEMP = 27.000000 and TNOM = 27.000000

Using SPARSE 1.3 as Direct Linear Solver

No. of Data Rows : 61
zmin = 1.3003201644e+06
Doing analysis at TEMP = 27.000000 and TNOM = 27.000000

Using SPARSE 1.3 as Direct Linear Solver

No. of Data Rows : 1
cvcs1k = 2.2217266970e-05
Doing analysis at TEMP = 27.000000 and TNOM = 27.000000

Using SPARSE 1.3 as Direct Linear Solver

No. of Data Rows : 1
cvcs20k = 2.3796317771e-05
Doing analysis at TEMP = 27.000000 and TNOM = 27.000000

Using SPARSE 1.3 as Direct Linear Solver

No. of Data Rows : 1
cvcp1k = 2.3940064762e-05
Doing analysis at TEMP = 27.000000 and TNOM = 27.000000

Using SPARSE 1.3 as Direct Linear Solver

No. of Data Rows : 1
cvcp20k = 2.3549056325e-05
L47B1_CASO d=1.0000
Doing analysis at TEMP = 27.000000 and TNOM = 27.000000

Using SPARSE 1.3 as Direct Linear Solver

Initial Transient Solution
--------------------------

Node                                   Voltage
----                                   -------
vsn                                          0
srcx                              -1.05142e-05
ain                               -0.000417422
gs                                    -7.00946
gp                                -0.000111183
csf                                   -13.5982
cpf                               -1.95058e-05
cs                                         -15
cp                                           0
vcp#branch                        -1.95058e-10
vcs#branch                         1.40185e-05
vsrc#branch                       -7.00945e-06


No. of Data Rows : 4001
Fourier analysis for v(vsn):
  No. Harmonics: 10, THD: 3.16856e-10 %, Gridsize: 8192, Interpolation Degree: 1, No. Periods: 1

Harmonic Frequency       Magnitude       Phase           Norm. Mag       Norm. Phase    
-------- ---------       ---------       -----           ---------       -----------    
 0       0               -2.15812958e-12 0               0               0              
 1       1000            3.81799686      -6.42325419e-11 1               0              
 2       2000            4.253099453e-12 -90.0608472     1.113960961e-12 -90.0608472    
 3       3000            4.306233797e-12 -89.1069226     1.127877773e-12 -89.1069226    
 4       4000            4.279468262e-12 -89.4800011     1.120867413e-12 -89.4800011    
 5       5000            4.231341773e-12 -89.6988924     1.108262245e-12 -89.6988924    
 6       6000            4.328183438e-12 -89.6413781     1.133626767e-12 -89.6413781    
 7       7000            4.293268663e-12 -89.553688      1.124481978e-12 -89.553688     
 8       8000            4.242143337e-12 -88.7193337     1.111091364e-12 -88.7193337    
 9       9000            4.282413568e-12 -88.6751398     1.12163884e-12  -88.6751398    

Fourier analysis for v(ain):
  No. Harmonics: 10, THD: 123.185 %, Gridsize: 8192, Interpolation Degree: 1, No. Periods: 1

Harmonic Frequency       Magnitude       Phase           Norm. Mag       Norm. Phase    
-------- ---------       ---------       -----           ---------       -----------    
 0       0               -0.0105280249   0               0               0              
 1       1000            0.01936792427   -0.0433227022   1               0              
 2       2000            0.01677601424   89.90673279     0.8661751258    89.95005549    
 3       3000            0.01312312397   179.8596064     0.6775699753    179.9029291    
 4       4000            0.009048947639  -90.1881466     0.4672130845    -90.1448239    
 5       5000            0.005247189091  -0.236877189    0.2709216031    -0.193554487   
 6       6000            0.002242974456  89.71286041     0.1158087168    89.75618311    
 7       7000            0.0002905957042 179.6600744     0.01500396739   179.7033971    
 8       8000            0.0006395997867 89.60326565     0.0330236621    89.64658835    
 9       9000            0.0007927838394 179.537297      0.0409328242    179.5806197    

Doing analysis at TEMP = 27.000000 and TNOM = 27.000000

Using SPARSE 1.3 as Direct Linear Solver

Initial Transient Solution
--------------------------

Node                                   Voltage
----                                   -------
vsn                                          0
srcx                              -1.05142e-05
ain                               -0.000417422
gs                                    -7.00946
gp                                -0.000111183
csf                                   -13.5982
cpf                               -1.95058e-05
cs                                         -15
cp                                           0
vcp#branch                        -1.95058e-10
vcs#branch                         1.40185e-05
vsrc#branch                       -7.00945e-06


No. of Data Rows : 4001
Fourier analysis for v(vsn):
  No. Harmonics: 10, THD: 9.58148e-09 %, Gridsize: 8192, Interpolation Degree: 1, No. Periods: 1

Harmonic Frequency       Magnitude       Phase           Norm. Mag       Norm. Phase    
-------- ---------       ---------       -----           ---------       -----------    
 0       0               -6.56296441e-11 0               0               0              
 1       20000           3.81799686      1.283914904e-09 1               0              
 2       40000           1.294049989e-10 -178.038432     3.389342728e-11 -178.038432    
 3       60000           1.332368967e-10 -47.9096815     3.489706818e-11 -47.9096815    
 4       80000           1.237359626e-10 87.96170741     3.240860775e-11 87.9617074     
 5       100000          1.326494363e-10 -135.676197     3.474320204e-11 -135.676197    
 6       120000          1.295212969e-10 -5.27238106     3.392388774e-11 -5.27238106    
 7       140000          1.250961908e-10 133.1132998     3.276487523e-11 133.1132998    
 8       160000          1.346193925e-10 -93.772987      3.525916795e-11 -93.772987     
 9       180000          1.259898195e-10 38.5982569      3.29989322e-11  38.5982569     

Fourier analysis for v(ain):
  No. Harmonics: 10, THD: 123.435 %, Gridsize: 8192, Interpolation Degree: 1, No. Periods: 1

Harmonic Frequency       Magnitude       Phase           Norm. Mag       Norm. Phase    
-------- ---------       ---------       -----           ---------       -----------    
 0       0               -0.0102934152   0               0               0              
 1       20000           0.01892240833   -1.5128196      1               0              
 2       40000           0.01640072367   86.81455507     0.866735533     88.32737467    
 3       60000           0.0128456792    175.186842      0.678860691     176.6996616    
 4       80000           0.008876919522  -96.4963906     0.4691220782    -94.983571     
 5       100000          0.005168822679  -8.3056864      0.2731588172    -6.7928668     
 6       120000          0.002232953118  79.4790866      0.1180057569    80.9919062     
 7       140000          0.0003199484625 162.2972263     0.01690844299   163.8100459    
 8       160000          0.0006025315967 79.86885916     0.03184222569   81.38167876    
 9       180000          0.0007629140057 166.6625226     0.04031801832   168.1753422    

Doing analysis at TEMP = 27.000000 and TNOM = 27.000000

Using SPARSE 1.3 as Direct Linear Solver

No. of Data Rows : 1
h1k = 1.4428950543e-05
Doing analysis at TEMP = 27.000000 and TNOM = 27.000000

Using SPARSE 1.3 as Direct Linear Solver

No. of Data Rows : 1
h20k = 1.5472953498e-05
Doing analysis at TEMP = 27.000000 and TNOM = 27.000000

Using SPARSE 1.3 as Direct Linear Solver

No. of Data Rows : 1
mag(v(ain)) = 1.5066957590e-05
Doing analysis at TEMP = 27.000000 and TNOM = 27.000000

Using SPARSE 1.3 as Direct Linear Solver

No. of Data Rows : 61
zmin = 1.3003170939e+06
Doing analysis at TEMP = 27.000000 and TNOM = 27.000000

Using SPARSE 1.3 as Direct Linear Solver

No. of Data Rows : 1
cvcs1k = 1.4442116263e-05
Doing analysis at TEMP = 27.000000 and TNOM = 27.000000

Using SPARSE 1.3 as Direct Linear Solver

No. of Data Rows : 1
cvcs20k = 1.5468306356e-05
Doing analysis at TEMP = 27.000000 and TNOM = 27.000000

Using SPARSE 1.3 as Direct Linear Solver

No. of Data Rows : 1
cvcp1k = 1.4902950734e-05
Doing analysis at TEMP = 27.000000 and TNOM = 27.000000

Using SPARSE 1.3 as Direct Linear Solver

No. of Data Rows : 1
cvcp20k = 1.5368044928e-05
Note: Simulation executed from .control section 
