
Note: No compatibility mode selected!


Circuit: statico jfet vlo vhi k030 serie_prima

Warning: Model issue on line 10 :
  .model mmbfj112_vlo njf vto=-1.0000 beta=8.40336e-03 n=1 betatce=-0.46 r ...
unrecognized parameter (isr) - ignored
unrecognized parameter (alpha) - ignored
unrecognized parameter (vk) - ignored

Warning: Model issue on line 15 :
  .model mmbfj112_vhi njf vto=-5.0000 beta=1.68067e-03 n=1 betatce=-0.46 r ...
unrecognized parameter (isr) - ignored
unrecognized parameter (alpha) - ignored
unrecognized parameter (vk) - ignored

L47B1_CASO d=0.0000
Doing analysis at TEMP = 27.000000 and TNOM = 27.000000

Using SPARSE 1.3 as Direct Linear Solver

Initial Transient Solution
--------------------------

Node                                   Voltage
----                                   -------
vsn                                          0
srcx                              -1.37175e-05
ain                               -0.000558354
gs                                -0.000111624
gp                                    -9.14645
csf                               -3.48825e-05
cpf                                   -13.1708
cs                                           0
cp                                         -15
vcp#branch                         1.82924e-05
vcs#branch                        -3.48825e-10
vsrc#branch                       -9.14499e-06


No. of Data Rows : 4008
Fourier analysis for v(vsn):
  No. Harmonics: 10, THD: 2.10188e-07 %, Gridsize: 8192, Interpolation Degree: 1, No. Periods: 1

Harmonic Frequency       Magnitude       Phase           Norm. Mag       Norm. Phase    
-------- ---------       ---------       -----           ---------       -----------    
 0       0               1.943295193e-09 0               0               0              
 1       1000            3.817996861     1.559471575e-08 1               0              
 2       2000            3.003383763e-09 74.91848556     7.866386149e-10 74.91848555    
 3       3000            3.489445087e-09 7.491044875     9.139465572e-10 7.49104486     
 4       4000            1.206116573e-09 20.87472933     3.159029765e-10 20.87472931    
 5       5000            3.787297101e-09 -5.89452727     9.919591971e-10 -5.89452728    
 6       6000            2.410087241e-09 -69.5538949     6.312439031e-10 -69.5538949    
 7       7000            2.386640997e-09 -25.3659283     6.251029227e-10 -25.3659283    
 8       8000            3.796196755e-09 -88.7698197     9.942901717e-10 -88.7698197    
 9       9000            1.22051793e-09  -116.795731     3.196749432e-10 -116.795731    

Fourier analysis for v(ain):
  No. Harmonics: 10, THD: 20.1776 %, Gridsize: 8192, Interpolation Degree: 1, No. Periods: 1

Harmonic Frequency       Magnitude       Phase           Norm. Mag       Norm. Phase    
-------- ---------       ---------       -----           ---------       -----------    
 0       0               -0.519756575    0               0               0              
 1       1000            2.921423527     0.01218152245   1               0              
 2       2000            0.5503831589    89.92938147     0.1883955386    89.91719995    
 3       3000            0.1884634509    -0.0561577637   0.06451082809   -0.0683392862  
 4       4000            0.03231282362   89.46439733     0.01106064332   89.45221581    
 5       5000            0.07737044567   -0.244806674    0.02648381686   -0.256988196   
 6       6000            0.02410246004   -89.9992681     0.008250245065  -90.0114496    
 7       7000            0.02611764151   -0.534028768    0.008940039425  -0.546210291   
 8       8000            0.02727655946   -90.3125199     0.009336735743  -90.3247015    
 9       9000            0.000615303259  -9.48802726     0.0002106176161 -9.50020878    

Doing analysis at TEMP = 27.000000 and TNOM = 27.000000

Using SPARSE 1.3 as Direct Linear Solver

Initial Transient Solution
--------------------------

Node                                   Voltage
----                                   -------
vsn                                          0
srcx                              -1.37175e-05
ain                               -0.000558354
gs                                -0.000111624
gp                                    -9.14645
csf                               -3.48825e-05
cpf                                   -13.1708
cs                                           0
cp                                         -15
vcp#branch                         1.82924e-05
vcs#branch                        -3.48825e-10
vsrc#branch                       -9.14499e-06


No. of Data Rows : 4009
Fourier analysis for v(vsn):
  No. Harmonics: 10, THD: 3.18375e-07 %, Gridsize: 8192, Interpolation Degree: 1, No. Periods: 1

Harmonic Frequency       Magnitude       Phase           Norm. Mag       Norm. Phase    
-------- ---------       ---------       -----           ---------       -----------    
 0       0               2.674534573e-09 0               0               0              
 1       20000           3.817996862     3.285039322e-08 1               0              
 2       40000           4.03979621e-09  45.94116498     1.058093119e-09 45.94116495    
 3       60000           5.20354849e-09  -11.7948971     1.362900148e-09 -11.7948972    
 4       80000           2.815234857e-09 -43.9284946     7.373591331e-10 -43.9284946    
 5       100000          4.701018862e-09 -51.9543609     1.23127887e-09  -51.9543609    
 6       120000          4.782129316e-09 -112.502387     1.252523113e-09 -112.502387    
 7       140000          2.774417237e-09 -123.302962     7.266682862e-10 -123.302962    
 8       160000          5.158318848e-09 -152.415789     1.351053716e-09 -152.41579     
 9       180000          4.142550196e-09 149.1114467     1.085006181e-09 149.1114467    

Fourier analysis for v(ain):
  No. Harmonics: 10, THD: 19.9737 %, Gridsize: 8192, Interpolation Degree: 1, No. Periods: 1

Harmonic Frequency       Magnitude       Phase           Norm. Mag       Norm. Phase    
-------- ---------       ---------       -----           ---------       -----------    
 0       0               -0.491412677    0               0               0              
 1       20000           2.963999748     1.095020222     1               0              
 2       40000           0.5448757472    82.88976214     0.1838312394    81.79474192    
 3       60000           0.2062813733    -8.1740828      0.06959561094   -9.26910302    
 4       80000           0.02309012114   39.30405873     0.007790189983  38.20903851    
 5       100000          0.08314335124   -23.2178361     0.02805106556   -24.3128563    
 6       120000          0.04026095244   -105.533641     0.01358331844   -106.628661    
 7       140000          0.0216437405    -55.2410093     0.007302207268  -56.3360295    
 8       160000          0.03640105687   -128.757629     0.01228105937   -129.85265     
 9       180000          0.01360242904   164.9722489     0.004589213968  163.8772287    

Doing analysis at TEMP = 27.000000 and TNOM = 27.000000

Using SPARSE 1.3 as Direct Linear Solver

No. of Data Rows : 1
h1k = 9.9946629309e-01
Doing analysis at TEMP = 27.000000 and TNOM = 27.000000

Using SPARSE 1.3 as Direct Linear Solver

No. of Data Rows : 1
h20k = 9.9947495025e-01
Doing analysis at TEMP = 27.000000 and TNOM = 27.000000

Using SPARSE 1.3 as Direct Linear Solver

No. of Data Rows : 1
mag(v(ain)) = 9.9949055698e-01
Doing analysis at TEMP = 27.000000 and TNOM = 27.000000

Using SPARSE 1.3 as Direct Linear Solver

No. of Data Rows : 61
zmin = 2.8782107547e+05
Doing analysis at TEMP = 27.000000 and TNOM = 27.000000

Using SPARSE 1.3 as Direct Linear Solver

No. of Data Rows : 1
cvcs1k = 9.9946637660e-01
Doing analysis at TEMP = 27.000000 and TNOM = 27.000000

Using SPARSE 1.3 as Direct Linear Solver

No. of Data Rows : 1
cvcs20k = 9.9947491412e-01
Doing analysis at TEMP = 27.000000 and TNOM = 27.000000

Using SPARSE 1.3 as Direct Linear Solver

No. of Data Rows : 1
cvcp1k = 9.9946631373e-01
Doing analysis at TEMP = 27.000000 and TNOM = 27.000000

Using SPARSE 1.3 as Direct Linear Solver

No. of Data Rows : 1
cvcp20k = 9.9947495865e-01
L47B1_CASO d=0.0250
Doing analysis at TEMP = 27.000000 and TNOM = 27.000000

Using SPARSE 1.3 as Direct Linear Solver

Initial Transient Solution
--------------------------

Node                                   Voltage
----                                   -------
vsn                                          0
srcx                              -1.50876e-05
ain                                -0.00106773
gs                                   -0.457528
gp                                    -9.14655
csf                                  -0.658603
cpf                                   -13.1708
cs                                       -0.75
cp                                         -15
vcp#branch                          1.8292e-05
vcs#branch                         9.13975e-07
vsrc#branch                       -1.00584e-05


No. of Data Rows : 4010
Fourier analysis for v(vsn):
  No. Harmonics: 10, THD: 1.47617e-07 %, Gridsize: 8192, Interpolation Degree: 1, No. Periods: 1

Harmonic Frequency       Magnitude       Phase           Norm. Mag       Norm. Phase    
-------- ---------       ---------       -----           ---------       -----------    
 0       0               1.271237858e-09 0               0               0              
 1       1000            3.81799686      1.342880307e-08 1               0              
 2       2000            2.388346904e-09 81.14354977     6.255497297e-10 81.14354976    
 3       3000            1.5669451e-09   28.39942517     4.104102642e-10 28.39942515    
 4       4000            1.95670244e-09  69.82110846     5.124945127e-10 69.82110845    
 5       5000            2.128069154e-09 12.77325769     5.573784454e-10 12.77325768    
 6       6000            1.363516031e-09 50.31388784     3.571286412e-10 50.31388783    
 7       7000            2.476000706e-09 2.671967401     6.4850779e-10   2.671967388    
 8       8000            9.292995445e-10 6.887019602     2.433997665e-10 6.887019589    
 9       9000            2.528691479e-09 -5.93942609     6.623084229e-10 -5.9394261     

Fourier analysis for v(ain):
  No. Harmonics: 10, THD: 25.2517 %, Gridsize: 8192, Interpolation Degree: 1, No. Periods: 1

Harmonic Frequency       Magnitude       Phase           Norm. Mag       Norm. Phase    
-------- ---------       ---------       -----           ---------       -----------    
 0       0               -0.738021845    0               0               0              
 1       1000            2.599732623     0.02252540014   1               0              
 2       2000            0.6335560874    89.91748163     0.2437004798    89.89495623    
 3       3000            0.1110846995    0.0140665744    0.04272927858   -0.00845882573 
 4       4000            0.1030388237    89.68913562     0.03963439269   89.66661022    
 5       5000            0.06105539061   -0.189689954    0.0234852577    -0.212215354   
 6       6000            0.02868142182   89.37417633     0.01103245063   89.35165093    
 7       7000            0.03799351143   -0.376251444    0.01461439192   -0.398776844   
 8       8000            0.005460005357  88.3380474      0.002100218041  88.315522      
 9       9000            0.02424785662   -0.577986902    0.00932705787   -0.600512302   

Doing analysis at TEMP = 27.000000 and TNOM = 27.000000

Using SPARSE 1.3 as Direct Linear Solver

Initial Transient Solution
--------------------------

Node                                   Voltage
----                                   -------
vsn                                          0
srcx                              -1.50876e-05
ain                                -0.00106773
gs                                   -0.457528
gp                                    -9.14655
csf                                  -0.658603
cpf                                   -13.1708
cs                                       -0.75
cp                                         -15
vcp#branch                          1.8292e-05
vcs#branch                         9.13975e-07
vsrc#branch                       -1.00584e-05


No. of Data Rows : 4011
Fourier analysis for v(vsn):
  No. Harmonics: 10, THD: 2.3551e-07 %, Gridsize: 8192, Interpolation Degree: 1, No. Periods: 1

Harmonic Frequency       Magnitude       Phase           Norm. Mag       Norm. Phase    
-------- ---------       ---------       -----           ---------       -----------    
 0       0               1.825509483e-09 0               0               0              
 1       20000           3.817996861     3.528887894e-08 1               0              
 2       40000           3.431915268e-09 55.82127583     8.988784938e-10 55.8212758     
 3       60000           3.116183752e-09 16.91341716     8.161829005e-10 16.91341712    
 4       80000           2.917762035e-09 15.96937644     7.642127905e-10 15.9693764     
 5       100000          3.564624953e-09 -20.1178466     9.336374761e-10 -20.1178466    
 6       120000          2.563345662e-09 -34.123021      6.713849579e-10 -34.123021     
 7       140000          3.62831495e-09  -53.631598      9.503189976e-10 -53.631598     
 8       160000          2.782885226e-09 -86.3229374     7.288862006e-10 -86.3229374    
 9       180000          3.265478746e-09 -89.0989172     8.552858646e-10 -89.0989172    

Fourier analysis for v(ain):
  No. Harmonics: 10, THD: 25.3072 %, Gridsize: 8192, Interpolation Degree: 1, No. Periods: 1

Harmonic Frequency       Magnitude       Phase           Norm. Mag       Norm. Phase    
-------- ---------       ---------       -----           ---------       -----------    
 0       0               -0.71165536     0               0               0              
 1       20000           2.63540932      1.601955744     1               0              
 2       40000           0.6384384186    83.56404101     0.2422539883    81.96208527    
 3       60000           0.130257497     -3.58158683     0.04942590739   -5.18354257    
 4       80000           0.1025840399    68.96578275     0.03892527781   67.36382701    
 5       100000          0.07636766838   -15.6108004     0.02897753597   -17.2127562    
 6       120000          0.02422559123   38.38209972     0.009192344828  36.78014397    
 7       140000          0.04852728269   -31.1232614     0.01841356571   -32.7252172    
 8       160000          0.01019160834   -69.3304636     0.003867182326  -70.9324193    
 9       180000          0.02914055513   -50.8352034     0.01105731657   -52.4371591    

Doing analysis at TEMP = 27.000000 and TNOM = 27.000000

Using SPARSE 1.3 as Direct Linear Solver

No. of Data Rows : 1
h1k = 9.9837288000e-01
Doing analysis at TEMP = 27.000000 and TNOM = 27.000000

Using SPARSE 1.3 as Direct Linear Solver

No. of Data Rows : 1
h20k = 9.9840451649e-01
Doing analysis at TEMP = 27.000000 and TNOM = 27.000000

Using SPARSE 1.3 as Direct Linear Solver

No. of Data Rows : 1
mag(v(ain)) = 9.9845298739e-01
Doing analysis at TEMP = 27.000000 and TNOM = 27.000000

Using SPARSE 1.3 as Direct Linear Solver

No. of Data Rows : 61
zmin = 2.9189598936e+05
Doing analysis at TEMP = 27.000000 and TNOM = 27.000000

Using SPARSE 1.3 as Direct Linear Solver

No. of Data Rows : 1
cvcs1k = 9.9837313771e-01
Doing analysis at TEMP = 27.000000 and TNOM = 27.000000

Using SPARSE 1.3 as Direct Linear Solver

No. of Data Rows : 1
cvcs20k = 9.9840436938e-01
Doing analysis at TEMP = 27.000000 and TNOM = 27.000000

Using SPARSE 1.3 as Direct Linear Solver

No. of Data Rows : 1
cvcp1k = 9.9837291755e-01
Doing analysis at TEMP = 27.000000 and TNOM = 27.000000

Using SPARSE 1.3 as Direct Linear Solver

No. of Data Rows : 1
cvcp20k = 9.9840453177e-01
L47B1_CASO d=0.0500
Doing analysis at TEMP = 27.000000 and TNOM = 27.000000

Using SPARSE 1.3 as Direct Linear Solver

Initial Transient Solution
--------------------------

Node                                   Voltage
----                                   -------
vsn                                          0
srcx                              -1.64386e-05
ain                                 -0.0068494
gs                                   -0.915973
gp                                    -9.14767
csf                                   -1.31749
cpf                                   -13.1711
cs                                        -1.5
cp                                         -15
vcp#branch                         1.82885e-05
vcs#branch                         1.82508e-06
vsrc#branch                       -1.09591e-05


No. of Data Rows : 4010
Fourier analysis for v(vsn):
  No. Harmonics: 10, THD: 1.72235e-08 %, Gridsize: 8192, Interpolation Degree: 1, No. Periods: 1

Harmonic Frequency       Magnitude       Phase           Norm. Mag       Norm. Phase    
-------- ---------       ---------       -----           ---------       -----------    
 0       0               1.289266836e-10 0               0               0              
 1       1000            3.81799686      2.952429303e-09 1               0              
 2       2000            2.641446163e-10 87.5511383      6.918408422e-11 87.5511383     
 3       3000            1.970243498e-10 84.43613695     5.160411521e-11 84.43613695    
 4       4000            2.627155117e-10 85.0553973      6.880977679e-11 85.0553973     
 5       5000            1.974536333e-10 80.76376478     5.171655205e-11 80.76376478    
 6       6000            2.620575955e-10 82.58081652     6.863745706e-11 82.58081652    
 7       7000            1.980785845e-10 77.06006167     5.188023767e-11 77.06006167    
 8       8000            2.614091085e-10 80.08346943     6.846760698e-11 80.08346943    
 9       9000            1.989580492e-10 73.41662546     5.211058481e-11 73.41662546    

Fourier analysis for v(ain):
  No. Harmonics: 10, THD: 30.0163 %, Gridsize: 8192, Interpolation Degree: 1, No. Periods: 1

Harmonic Frequency       Magnitude       Phase           Norm. Mag       Norm. Phase    
-------- ---------       ---------       -----           ---------       -----------    
 0       0               -0.986222134    0               0               0              
 1       1000            2.266083441     0.03892610476   1               0              
 2       2000            0.6639933431    89.90736082     0.2930136336    89.86843472    
 3       3000            0.004807517387  4.698594901     0.002121509429  4.659668797    
 4       4000            0.1324980273    89.70662382     0.0584700567    89.66769772    
 5       5000            0.002936294153  3.295483764     0.001295757296  3.256557659    
 6       6000            0.05659057542   89.52527007     0.02497285599   89.48634397    
 7       7000            0.002140647965  2.753954065     0.0009446465765 2.71502796     
 8       8000            0.03130623973   89.34854789     0.01381513106   89.30962178    
 9       9000            0.001697843913  2.505414389     0.0007492415689 2.466488284    

Doing analysis at TEMP = 27.000000 and TNOM = 27.000000

Using SPARSE 1.3 as Direct Linear Solver

Initial Transient Solution
--------------------------

Node                                   Voltage
----                                   -------
vsn                                          0
srcx                              -1.64386e-05
ain                                 -0.0068494
gs                                   -0.915973
gp                                    -9.14767
csf                                   -1.31749
cpf                                   -13.1711
cs                                        -1.5
cp                                         -15
vcp#branch                         1.82885e-05
vcs#branch                         1.82508e-06
vsrc#branch                       -1.09591e-05


No. of Data Rows : 4012
Fourier analysis for v(vsn):
  No. Harmonics: 10, THD: 1.16385e-07 %, Gridsize: 8192, Interpolation Degree: 1, No. Periods: 1

Harmonic Frequency       Magnitude       Phase           Norm. Mag       Norm. Phase    
-------- ---------       ---------       -----           ---------       -----------    
 0       0               6.860170106e-10 0               0               0              
 1       20000           3.81799686      2.599658478e-08 1               0              
 2       40000           1.387747739e-09 65.67014021     3.634753483e-10 65.67014019    
 3       60000           1.743414873e-09 59.91794446     4.56630777e-10  59.91794443    
 4       80000           1.4165204e-09   41.63739208     3.710114103e-10 41.63739206    
 5       100000          1.71273392e-09  39.64730954     4.485949e-10    39.64730951    
 6       120000          1.46170837e-09  18.18181197     3.828469283e-10 18.18181194    
 7       140000          1.669622202e-09 19.07044526     4.373031888e-10 19.07044523    
 8       160000          1.516945271e-09 -4.57537951     3.973144366e-10 -4.57537953    
 9       180000          1.616998144e-09 -1.94933872     4.235200298e-10 -1.94933875    

Fourier analysis for v(ain):
  No. Harmonics: 10, THD: 30.3154 %, Gridsize: 8192, Interpolation Degree: 1, No. Periods: 1

Harmonic Frequency       Magnitude       Phase           Norm. Mag       Norm. Phase    
-------- ---------       ---------       -----           ---------       -----------    
 0       0               -0.962258676    0               0               0              
 1       20000           2.294946539     2.239816047     1               0              
 2       40000           0.6757785649    84.23611388     0.2944637505    81.99629784    
 3       60000           0.02589939344   37.22252032     0.01128540164   34.98270427    
 4       80000           0.1424418798    74.07323107     0.06206762439   71.83341502    
 5       100000          0.01923718171   20.86786559     0.008382409519  18.62804955    
 6       120000          0.06445587191   61.77277037     0.02808600149   59.53295432    
 7       140000          0.01654599033   3.908656644     0.007209749791  1.668840597    
 8       160000          0.03711934541   47.18172584     0.01617438349   44.94190979    
 9       180000          0.01473065654   -13.736124      0.006418736252  -15.9759401    

Doing analysis at TEMP = 27.000000 and TNOM = 27.000000

Using SPARSE 1.3 as Direct Linear Solver

No. of Data Rows : 1
h1k = 9.4559990768e-01
Doing analysis at TEMP = 27.000000 and TNOM = 27.000000

Using SPARSE 1.3 as Direct Linear Solver

No. of Data Rows : 1
h20k = 9.4678574894e-01
Doing analysis at TEMP = 27.000000 and TNOM = 27.000000

Using SPARSE 1.3 as Direct Linear Solver

No. of Data Rows : 1
mag(v(ain)) = 9.4845566357e-01
Doing analysis at TEMP = 27.000000 and TNOM = 27.000000

Using SPARSE 1.3 as Direct Linear Solver

No. of Data Rows : 61
zmin = 3.0687622410e+05
Doing analysis at TEMP = 27.000000 and TNOM = 27.000000

Using SPARSE 1.3 as Direct Linear Solver

No. of Data Rows : 1
cvcs1k = 9.4560910843e-01
Doing analysis at TEMP = 27.000000 and TNOM = 27.000000

Using SPARSE 1.3 as Direct Linear Solver

No. of Data Rows : 1
cvcs20k = 9.4677937720e-01
Doing analysis at TEMP = 27.000000 and TNOM = 27.000000

Using SPARSE 1.3 as Direct Linear Solver

No. of Data Rows : 1
cvcp1k = 9.4560013136e-01
Doing analysis at TEMP = 27.000000 and TNOM = 27.000000

Using SPARSE 1.3 as Direct Linear Solver

No. of Data Rows : 1
cvcp20k = 9.4678583938e-01
L47B1_CASO d=0.0750
Doing analysis at TEMP = 27.000000 and TNOM = 27.000000

Using SPARSE 1.3 as Direct Linear Solver

Initial Transient Solution
--------------------------

Node                                   Voltage
----                                   -------
vsn                                          0
srcx                              -1.60128e-05
ain                                  -0.503204
gs                                    -1.47014
gp                                    -9.24452
csf                                   -2.00629
cpf                                   -13.2014
cs                                       -2.25
cp                                         -15
vcp#branch                         1.79859e-05
vcs#branch                         2.43706e-06
vsrc#branch                       -1.06752e-05


No. of Data Rows : 4011
Fourier analysis for v(vsn):
  No. Harmonics: 10, THD: 1.28476e-07 %, Gridsize: 8192, Interpolation Degree: 1, No. Periods: 1

Harmonic Frequency       Magnitude       Phase           Norm. Mag       Norm. Phase    
-------- ---------       ---------       -----           ---------       -----------    
 0       0               -1.11436157e-09 0               0               0              
 1       1000            3.81799686      -1.10960989e-08 1               0              
 2       2000            2.125770348e-09 -84.3683307     5.567763478e-10 -84.3683306    
 3       3000            1.212543946e-09 -34.1561224     3.175864178e-10 -34.1561224    
 4       4000            1.847809645e-09 -77.4731946     4.839735895e-10 -77.4731946    
 5       5000            1.663426012e-09 -19.9687732     4.356802987e-10 -19.9687732    
 6       6000            1.431548591e-09 -66.893746      3.749475559e-10 -66.893746     
 7       7000            2.013465622e-09 -11.7437147     5.273617804e-10 -11.7437147    
 8       8000            9.768412553e-10 -45.9918928     2.558517702e-10 -45.9918928    
 9       9000            2.19842809e-09  -5.69170974     5.758066785e-10 -5.69170973    

Fourier analysis for v(ain):
  No. Harmonics: 10, THD: 34.2926 %, Gridsize: 8192, Interpolation Degree: 1, No. Periods: 1

Harmonic Frequency       Magnitude       Phase           Norm. Mag       Norm. Phase    
-------- ---------       ---------       -----           ---------       -----------    
 0       0               -1.2737996      0               0               0              
 1       1000            1.919659821     0.04793378769   1               0              
 2       2000            0.6360351748    89.9098216      0.3313270235    89.86188781    
 3       3000            0.1063340035    179.7482578     0.05539210766   179.700324     
 4       4000            0.1053941442    89.69935447     0.05490251086   89.65142069    
 5       5000            0.05877178482   179.7597584     0.03061572898   179.7118246    
 6       6000            0.03086913159   89.40263531     0.01608052179   89.35470153    
 7       7000            0.03696789135   179.7519609     0.01925752205   179.7040271    
 8       8000            0.007394202181  88.47461521     0.003851829422  88.42668142    
 9       9000            0.02403268054   179.7597043     0.01251923923   179.7117705    

Doing analysis at TEMP = 27.000000 and TNOM = 27.000000

Using SPARSE 1.3 as Direct Linear Solver

Initial Transient Solution
--------------------------

Node                                   Voltage
----                                   -------
vsn                                          0
srcx                              -1.60128e-05
ain                                  -0.503204
gs                                    -1.47014
gp                                    -9.24452
csf                                   -2.00629
cpf                                   -13.2014
cs                                       -2.25
cp                                         -15
vcp#branch                         1.79859e-05
vcs#branch                         2.43706e-06
vsrc#branch                       -1.06752e-05


No. of Data Rows : 4012
Fourier analysis for v(vsn):
  No. Harmonics: 10, THD: 7.99381e-08 %, Gridsize: 8192, Interpolation Degree: 1, No. Periods: 1

Harmonic Frequency       Magnitude       Phase           Norm. Mag       Norm. Phase    
-------- ---------       ---------       -----           ---------       -----------    
 0       0               -5.06638721e-10 0               0               0              
 1       20000           3.81799686      1.710003647e-08 1               0              
 2       40000           1.006234077e-09 -116.92858      2.63550263e-10  -116.92858     
 3       60000           1.150882732e-09 54.90157193     3.014362699e-10 54.90157191    
 4       80000           1.029662547e-09 -143.317565     2.696865881e-10 -143.317565    
 5       100000          1.127245859e-09 31.13595023     2.952453603e-10 31.13595021    
 6       120000          1.059536974e-09 -169.100934     2.775112219e-10 -169.100934    
 7       140000          1.096156499e-09 6.828681978     2.871025146e-10 6.828681961    
 8       160000          1.092795188e-09 165.8515412     2.862221285e-10 165.8515412    
 9       180000          1.062363626e-09 -18.1532304     2.782515715e-10 -18.1532304    

Fourier analysis for v(ain):
  No. Harmonics: 10, THD: 34.8921 %, Gridsize: 8192, Interpolation Degree: 1, No. Periods: 1

Harmonic Frequency       Magnitude       Phase           Norm. Mag       Norm. Phase    
-------- ---------       ---------       -----           ---------       -----------    
 0       0               -1.25554927     0               0               0              
 1       20000           1.938586031     3.096502256     1               0              
 2       40000           0.650874613     85.01420423     0.3357470871    81.91770198    
 3       60000           0.1052525069    159.9363342     0.05429344133   156.8398319    
 4       80000           0.1194522466    78.8073872      0.06161823344   75.71088494    
 5       100000          0.06062605784   150.4759058     0.03127333885   147.3794036    
 6       120000          0.04405315177   75.11907404     0.02272437285   72.02257179    
 7       140000          0.04090702679   140.3739068     0.0211014761    137.2774045    
 8       160000          0.01970878176   76.01090316     0.01016657576   72.9144009     
 9       180000          0.02952587546   130.2504106     0.01523062428   127.1539083    

Doing analysis at TEMP = 27.000000 and TNOM = 27.000000

Using SPARSE 1.3 as Direct Linear Solver

No. of Data Rows : 1
h1k = 1.7972887228e-01
Doing analysis at TEMP = 27.000000 and TNOM = 27.000000

Using SPARSE 1.3 as Direct Linear Solver

No. of Data Rows : 1
h20k = 1.8811111021e-01
Doing analysis at TEMP = 27.000000 and TNOM = 27.000000

Using SPARSE 1.3 as Direct Linear Solver

No. of Data Rows : 1
mag(v(ain)) = 2.0826697654e-01
Doing analysis at TEMP = 27.000000 and TNOM = 27.000000

Using SPARSE 1.3 as Direct Linear Solver

No. of Data Rows : 61
zmin = 8.2789519528e+05
Doing analysis at TEMP = 27.000000 and TNOM = 27.000000

Using SPARSE 1.3 as Direct Linear Solver

No. of Data Rows : 1
cvcs1k = 1.8029329329e-01
Doing analysis at TEMP = 27.000000 and TNOM = 27.000000

Using SPARSE 1.3 as Direct Linear Solver

No. of Data Rows : 1
cvcs20k = 1.8791770864e-01
Doing analysis at TEMP = 27.000000 and TNOM = 27.000000

Using SPARSE 1.3 as Direct Linear Solver

No. of Data Rows : 1
cvcp1k = 1.7972951836e-01
Doing analysis at TEMP = 27.000000 and TNOM = 27.000000

Using SPARSE 1.3 as Direct Linear Solver

No. of Data Rows : 1
cvcp20k = 1.8811122032e-01
L47B1_CASO d=0.1000
Doing analysis at TEMP = 27.000000 and TNOM = 27.000000

Using SPARSE 1.3 as Direct Linear Solver

Initial Transient Solution
--------------------------

Node                                   Voltage
----                                   -------
vsn                                          0
srcx                              -1.53354e-05
ain                                     -1.069
gs                                    -2.03786
gp                                    -9.35492
csf                                   -2.69933
cpf                                   -13.2359
cs                                          -3
cp                                         -15
vcp#branch                         1.76409e-05
vcs#branch                          3.0067e-06
vsrc#branch                       -1.02236e-05


No. of Data Rows : 4011
Fourier analysis for v(vsn):
  No. Harmonics: 10, THD: 2.59509e-07 %, Gridsize: 8192, Interpolation Degree: 1, No. Periods: 1

Harmonic Frequency       Magnitude       Phase           Norm. Mag       Norm. Phase    
-------- ---------       ---------       -----           ---------       -----------    
 0       0               -2.36549535e-09 0               0               0              
 1       1000            3.817996861     -2.38805944e-08 1               0              
 2       2000            3.819907129e-09 -74.6728959     1.000500332e-09 -74.6728959    
 3       3000            4.128783571e-09 -13.3210949     1.081400462e-09 -13.3210949    
 4       4000            1.906584854e-09 -32.1234644     4.993678421e-10 -32.1234644    
 5       5000            4.689305327e-09 0.9002661003    1.228210891e-09 0.9002661242   
 6       6000            2.623825911e-09 53.23243286     6.872257904e-10 53.23243288    
 7       7000            3.459115517e-09 18.07797726     9.060027136e-10 18.07797728    
 8       8000            4.376849336e-09 78.24863296     1.146373215e-09 78.24863298    
 9       9000            1.702676569e-09 75.09050062     4.459607042e-10 75.09050064    

Fourier analysis for v(ain):
  No. Harmonics: 10, THD: 37.2635 %, Gridsize: 8192, Interpolation Degree: 1, No. Periods: 1

Harmonic Frequency       Magnitude       Phase           Norm. Mag       Norm. Phase    
-------- ---------       ---------       -----           ---------       -----------    
 0       0               -1.59591071     0               0               0              
 1       1000            1.579914346     0.07147501176   1               0              
 2       2000            0.5495249615    89.92302054     0.3478194643    89.85154553    
 3       3000            0.1887885297    179.7670559     0.1194928891    179.6955809    
 4       4000            0.03165872195   89.71721971     0.02003825209   89.6457447     
 5       5000            0.07721513812   179.7177412     0.04887299005   179.6462662    
 6       6000            0.02446950104   -90.218868      0.01548786559   -90.290343     
 7       7000            0.0258567337    179.7618159     0.01636590855   179.6903409    
 8       8000            0.02744502594   -90.274789      0.0173712113    -90.3462641    
 9       9000            0.0003855273373 -167.354456     0.0002440178724 -167.425931    

Doing analysis at TEMP = 27.000000 and TNOM = 27.000000

Using SPARSE 1.3 as Direct Linear Solver

Initial Transient Solution
--------------------------

Node                                   Voltage
----                                   -------
vsn                                          0
srcx                              -1.53354e-05
ain                                     -1.069
gs                                    -2.03786
gp                                    -9.35492
csf                                   -2.69933
cpf                                   -13.2359
cs                                          -3
cp                                         -15
vcp#branch                         1.76409e-05
vcs#branch                          3.0067e-06
vsrc#branch                       -1.02236e-05

 Reference value :  3.00009e-04
No. of Data Rows : 4011
Fourier analysis for v(vsn):
  No. Harmonics: 10, THD: 1.78323e-07 %, Gridsize: 8192, Interpolation Degree: 1, No. Periods: 1

Harmonic Frequency       Magnitude       Phase           Norm. Mag       Norm. Phase    
-------- ---------       ---------       -----           ---------       -----------    
 0       0               -1.70619315e-09 0               0               0              
 1       20000           3.817996861     1.249295265e-09 1               0              
 2       40000           2.845250918e-09 -105.204718     7.452208636e-10 -105.204718    
 3       60000           2.631953141e-09 -16.547122      6.89354454e-10  -16.547122     
 4       80000           1.336702263e-09 -123.976682     3.501056476e-10 -123.976682    
 5       100000          3.3927522e-09   -31.9512863     8.886210031e-10 -31.9512863    
 6       120000          6.691781354e-10 68.81456122     1.752694305e-10 68.81456122    
 7       140000          3.024200491e-09 -47.0425669     7.920908793e-10 -47.0425669    
 8       160000          2.389154728e-09 41.85878396     6.257613127e-10 41.85878396    
 9       180000          1.652962734e-09 -64.4625056     4.329397833e-10 -64.4625056    

Fourier analysis for v(ain):
  No. Harmonics: 10, THD: 38.0643 %, Gridsize: 8192, Interpolation Degree: 1, No. Periods: 1

Harmonic Frequency       Magnitude       Phase           Norm. Mag       Norm. Phase    
-------- ---------       ---------       -----           ---------       -----------    
 0       0               -1.58388361     0               0               0              
 1       20000           1.59100206      4.234396449     1               0              
 2       40000           0.5623779793    85.99885063     0.3534740736    81.76445418    
 3       60000           0.1950901355    166.3473666     0.1226209194    162.1129702    
 4       80000           0.04214627474   94.23196385     0.02649039608   89.99756741    
 5       100000          0.08722555983   160.2321058     0.05482429094   155.9977093    
 6       120000          0.02439274597   -139.464715     0.01533168723   -143.699112    
 7       140000          0.03673171204   158.0737281     0.02308715554   153.8393316    
 8       160000          0.03128990219   -135.744304     0.01966678923   -139.978701    
 9       180000          0.01089301321   179.2119174     0.006846636773  174.9775209    

Doing analysis at TEMP = 27.000000 and TNOM = 27.000000

Using SPARSE 1.3 as Direct Linear Solver

No. of Data Rows : 1
h1k = 1.7968043055e-01
Doing analysis at TEMP = 27.000000 and TNOM = 27.000000

Using SPARSE 1.3 as Direct Linear Solver

No. of Data Rows : 1
h20k = 1.8672119815e-01
Doing analysis at TEMP = 27.000000 and TNOM = 27.000000

Using SPARSE 1.3 as Direct Linear Solver

No. of Data Rows : 1
mag(v(ain)) = 2.0821490863e-01
Doing analysis at TEMP = 27.000000 and TNOM = 27.000000

Using SPARSE 1.3 as Direct Linear Solver

No. of Data Rows : 61
zmin = 8.3383898701e+05
Doing analysis at TEMP = 27.000000 and TNOM = 27.000000

Using SPARSE 1.3 as Direct Linear Solver

No. of Data Rows : 1
cvcs1k = 1.8026212867e-01
Doing analysis at TEMP = 27.000000 and TNOM = 27.000000

Using SPARSE 1.3 as Direct Linear Solver

No. of Data Rows : 1
cvcs20k = 1.8654309716e-01
Doing analysis at TEMP = 27.000000 and TNOM = 27.000000

Using SPARSE 1.3 as Direct Linear Solver

No. of Data Rows : 1
cvcp1k = 1.7968115083e-01
Doing analysis at TEMP = 27.000000 and TNOM = 27.000000

Using SPARSE 1.3 as Direct Linear Solver

No. of Data Rows : 1
cvcp20k = 1.8672134930e-01
L47B1_CASO d=0.1250
Doing analysis at TEMP = 27.000000 and TNOM = 27.000000

Using SPARSE 1.3 as Direct Linear Solver

Initial Transient Solution
--------------------------

Node                                   Voltage
----                                   -------
vsn                                          0
srcx                              -1.46586e-05
ain                                   -1.63465
gs                                    -2.60554
gp                                    -9.46529
csf                                   -3.39236
cpf                                   -13.2704
cs                                       -3.75
cp                                         -15
vcp#branch                          1.7296e-05
vcs#branch                         3.57642e-06
vsrc#branch                       -9.77242e-06


No. of Data Rows : 4009
Fourier analysis for v(vsn):
  No. Harmonics: 10, THD: 3.2117e-07 %, Gridsize: 8192, Interpolation Degree: 1, No. Periods: 1

Harmonic Frequency       Magnitude       Phase           Norm. Mag       Norm. Phase    
-------- ---------       ---------       -----           ---------       -----------    
 0       0               -2.92819796e-09 0               0               0              
 1       1000            3.817996863     -1.83543684e-08 1               0              
 2       2000            3.026564345e-09 -66.7964639     7.927100135e-10 -66.7964639    
 3       3000            5.841678168e-09 -0.572116256    1.530037446e-09 -0.572116237   
 4       4000            3.437495515e-09 68.67350288     9.003400575e-10 68.6735029     
 5       5000            2.80872268e-09  24.57772816     7.356534802e-10 24.57772818    
 6       6000            5.817623389e-09 88.9514872      1.523737079e-09 88.95148722    
 7       7000            3.643094473e-09 159.3812718     9.541900123e-10 159.3812718    
 8       8000            2.594266536e-09 116.5718096     6.794836741e-10 116.5718096    
 9       9000            5.790137838e-09 178.4839431     1.516538134e-09 178.4839431    

Fourier analysis for v(ain):
  No. Harmonics: 10, THD: 37.4738 %, Gridsize: 8192, Interpolation Degree: 1, No. Periods: 1

Harmonic Frequency       Magnitude       Phase           Norm. Mag       Norm. Phase    
-------- ---------       ---------       -----           ---------       -----------    
 0       0               -1.9550005      0               0               0              
 1       1000            1.260043149     0.1074871776    1               0              
 2       2000            0.4117344536    89.96514184     0.3267621859    89.85765466    
 3       3000            0.2148162048    179.7642053     0.1704832132    179.6567182    
 4       4000            0.05239226353   -90.4188745     0.04157973763   -90.5263616    
 5       5000            0.0349826157    179.8296507     0.02776302996   179.7221635    
 6       6000            0.04853349095   -90.3855211     0.03851732458   -90.4930083    
 7       7000            0.02051889826   -0.811622607    0.01628428224   -0.919109784   
 8       8000            0.01031849835   -89.8477524     0.008189003969  -89.9552395    
 9       9000            0.0208881913    -0.702048946    0.01657736191   -0.809536123   

Doing analysis at TEMP = 27.000000 and TNOM = 27.000000

Using SPARSE 1.3 as Direct Linear Solver

Initial Transient Solution
--------------------------

Node                                   Voltage
----                                   -------
vsn                                          0
srcx                              -1.46586e-05
ain                                   -1.63465
gs                                    -2.60554
gp                                    -9.46529
csf                                   -3.39236
cpf                                   -13.2704
cs                                       -3.75
cp                                         -15
vcp#branch                          1.7296e-05
vcs#branch                         3.57642e-06
vsrc#branch                       -9.77242e-06


No. of Data Rows : 4010
Fourier analysis for v(vsn):
  No. Harmonics: 10, THD: 3.11813e-07 %, Gridsize: 8192, Interpolation Degree: 1, No. Periods: 1

Harmonic Frequency       Magnitude       Phase           Norm. Mag       Norm. Phase    
-------- ---------       ---------       -----           ---------       -----------    
 0       0               -2.86700149e-09 0               0               0              
 1       20000           3.817996862     -1.11183246e-08 1               0              
 2       40000           3.159932401e-09 -95.0626788     8.276414348e-10 -95.0626788    
 3       60000           5.702521804e-09 -19.4495275     1.493589966e-09 -19.4495275    
 4       80000           2.336440302e-09 53.37249508     6.119544846e-10 53.37249509    
 5       100000          3.540305862e-09 -25.3385743     9.272678814e-10 -25.3385743    
 6       120000          5.637603703e-09 51.16392139     1.476586783e-09 51.1639214     
 7       140000          1.906488865e-09 121.5067745     4.993427008e-10 121.5067745    
 8       160000          3.891662436e-09 44.71784956     1.019294299e-09 44.71784957    
 9       180000          5.538115527e-09 121.8081966     1.450529093e-09 121.8081966    

Fourier analysis for v(ain):
  No. Harmonics: 10, THD: 38.3192 %, Gridsize: 8192, Interpolation Degree: 1, No. Periods: 1

Harmonic Frequency       Magnitude       Phase           Norm. Mag       Norm. Phase    
-------- ---------       ---------       -----           ---------       -----------    
 0       0               -1.94764931     0               0               0              
 1       20000           1.267801134     5.756707552     1               0              
 2       40000           0.4198970134    87.46795472     0.3312010078    81.71124717    
 3       60000           0.223888254     169.2125627     0.1765957199    163.4558552    
 4       80000           0.05470163936   -117.163127     0.04314686103   -122.919834    
 5       100000          0.04347507795   172.2158381     0.03429171719   166.4591305    
 6       120000          0.05612179909   -115.361625     0.0442670365    -121.118333    
 7       140000          0.02149853659   -50.4755093     0.01695734134   -56.2322168    
 8       160000          0.01864864614   -106.685714     0.01470944112   -112.442421    
 9       180000          0.02702979493   -43.1947231     0.02132021671   -48.9514307    

Doing analysis at TEMP = 27.000000 and TNOM = 27.000000

Using SPARSE 1.3 as Direct Linear Solver

No. of Data Rows : 1
h1k = 1.7962417960e-01
Doing analysis at TEMP = 27.000000 and TNOM = 27.000000

Using SPARSE 1.3 as Direct Linear Solver

No. of Data Rows : 1
h20k = 1.8569250213e-01
Doing analysis at TEMP = 27.000000 and TNOM = 27.000000

Using SPARSE 1.3 as Direct Linear Solver

No. of Data Rows : 1
mag(v(ain)) = 2.0815259036e-01
Doing analysis at TEMP = 27.000000 and TNOM = 27.000000

Using SPARSE 1.3 as Direct Linear Solver

No. of Data Rows : 61
zmin = 8.3820309228e+05
Doing analysis at TEMP = 27.000000 and TNOM = 27.000000

Using SPARSE 1.3 as Direct Linear Solver

No. of Data Rows : 1
cvcs1k = 1.8021931905e-01
Doing analysis at TEMP = 27.000000 and TNOM = 27.000000

Using SPARSE 1.3 as Direct Linear Solver

No. of Data Rows : 1
cvcs20k = 1.8552660852e-01
Doing analysis at TEMP = 27.000000 and TNOM = 27.000000

Using SPARSE 1.3 as Direct Linear Solver

No. of Data Rows : 1
cvcp1k = 1.7962498086e-01
Doing analysis at TEMP = 27.000000 and TNOM = 27.000000

Using SPARSE 1.3 as Direct Linear Solver

No. of Data Rows : 1
cvcp20k = 1.8569269496e-01
L47B1_CASO d=0.1500
Doing analysis at TEMP = 27.000000 and TNOM = 27.000000

Using SPARSE 1.3 as Direct Linear Solver

Initial Transient Solution
--------------------------

Node                                   Voltage
----                                   -------
vsn                                          0
srcx                              -1.39825e-05
ain                                   -2.20013
gs                                     -3.1732
gp                                    -9.57563
csf                                   -4.08537
cpf                                   -13.3049
cs                                        -4.5
cp                                         -15
vcp#branch                         1.69512e-05
vcs#branch                         4.14626e-06
vsrc#branch                       -9.32164e-06


No. of Data Rows : 4008
Fourier analysis for v(vsn):
  No. Harmonics: 10, THD: 4.34627e-07 %, Gridsize: 8192, Interpolation Degree: 1, No. Periods: 1

Harmonic Frequency       Magnitude       Phase           Norm. Mag       Norm. Phase    
-------- ---------       ---------       -----           ---------       -----------    
 0       0               -3.90502638e-09 0               0               0              
 1       1000            3.817996865     -3.30903067e-08 1               0              
 2       2000            3.011525466e-09 -6.60571079     7.887710683e-10 -6.60571075    
 3       3000            6.158628911e-09 17.56352188     1.613052375e-09 17.56352192    
 4       4000            7.787652647e-09 86.57552385     2.039722117e-09 86.57552389    
 5       5000            5.486129659e-09 152.9357008     1.436913086e-09 152.9357008    
 6       6000            3.105366268e-09 160.9293096     8.133496117e-10 160.9293097    
 7       7000            6.463680018e-09 -166.676305     1.692950583e-09 -166.676305    
 8       8000            7.736767923e-09 -96.8617181     2.02639452e-09  -96.8617181    
 9       9000            5.132126185e-09 -32.4836928     1.344193399e-09 -32.4836927    

Fourier analysis for v(ain):
  No. Harmonics: 10, THD: 31.8418 %, Gridsize: 8192, Interpolation Degree: 1, No. Periods: 1

Harmonic Frequency       Magnitude       Phase           Norm. Mag       Norm. Phase    
-------- ---------       ---------       -----           ---------       -----------    
 0       0               -2.35497943     0               0               0              
 1       1000            0.9775453611    0.1489625307    1               0              
 2       2000            0.2398635461    90.07181869     0.2453733153    89.92285615    
 3       3000            0.1682154227    179.8023302     0.1720794036    179.6533677    
 4       4000            0.09371868419   -90.3487045     0.09587144281   -90.4976671    
 5       5000            0.03166111993   -0.660864462    0.03238838952   -0.809826992   
 6       6000            0.008433666092  -89.5356965     0.008627391042  -89.684659     
 7       7000            0.02466126739   -0.522349459    0.02522774734   -0.67131199    
 8       8000            0.02214930772   89.15212366     0.02265808688   89.00316113    
 9       9000            0.01005394669   178.8885851     0.01028489019   178.7396226    

Doing analysis at TEMP = 27.000000 and TNOM = 27.000000

Using SPARSE 1.3 as Direct Linear Solver

Initial Transient Solution
--------------------------

Node                                   Voltage
----                                   -------
vsn                                          0
srcx                              -1.39825e-05
ain                                   -2.20013
gs                                     -3.1732
gp                                    -9.57563
csf                                   -4.08537
cpf                                   -13.3049
cs                                        -4.5
cp                                         -15
vcp#branch                         1.69512e-05
vcs#branch                         4.14626e-06
vsrc#branch                       -9.32164e-06


No. of Data Rows : 4007
Fourier analysis for v(vsn):
  No. Harmonics: 10, THD: 3.2351e-07 %, Gridsize: 8192, Interpolation Degree: 1, No. Periods: 1

Harmonic Frequency       Magnitude       Phase           Norm. Mag       Norm. Phase    
-------- ---------       ---------       -----           ---------       -----------    
 0       0               -2.99455334e-09 0               0               0              
 1       20000           3.817996864     -3.01901979e-08 1               0              
 2       40000           2.229717869e-09 -29.8200157     5.84002017e-10  -29.8200156    
 3       60000           5.037775908e-09 -4.09957311     1.319481416e-09 -4.09957308    
 4       80000           5.851882646e-09 60.9626041      1.532710176e-09 60.96260413    
 5       100000          3.44236351e-09  116.6987495     9.016150702e-10 116.6987496    
 6       120000          2.82220679e-09  99.02429301     7.391852038e-10 99.02429304    
 7       140000          5.588739301e-09 145.8141        1.463788343e-09 145.8141001    
 8       160000          5.472269438e-09 -148.448485     1.433282853e-09 -148.448485    
 9       180000          2.640564034e-09 -105.946125     6.916097965e-10 -105.946125    

Fourier analysis for v(ain):
  No. Harmonics: 10, THD: 32.4982 %, Gridsize: 8192, Interpolation Degree: 1, No. Periods: 1

Harmonic Frequency       Magnitude       Phase           Norm. Mag       Norm. Phase    
-------- ---------       ---------       -----           ---------       -----------    
 0       0               -2.350532       0               0               0              
 1       20000           0.9863214328    7.755009613     1               0              
 2       40000           0.2434240202    90.44514173     0.2467998891    82.69013212    
 3       60000           0.1745823454    171.8232801     0.1770034996    164.0682705    
 4       80000           0.09959012784   -106.327493     0.1009712702    -114.082503    
 5       100000          0.03383663141   -31.6963272     0.03430588678   -39.4513368    
 6       120000          0.01399418876   -84.6006234     0.01418826388   -92.355633     
 7       140000          0.03078348797   -23.9574207     0.03121040155   -31.7124303    
 8       160000          0.02625157154   50.88250173     0.0266156353    43.12749212    
 9       180000          0.01067192852   112.7118273     0.01081992966   104.9568177    

Doing analysis at TEMP = 27.000000 and TNOM = 27.000000

Using SPARSE 1.3 as Direct Linear Solver

No. of Data Rows : 1
h1k = 1.7955633800e-01
Doing analysis at TEMP = 27.000000 and TNOM = 27.000000

Using SPARSE 1.3 as Direct Linear Solver

No. of Data Rows : 1
h20k = 1.8488719689e-01
Doing analysis at TEMP = 27.000000 and TNOM = 27.000000

Using SPARSE 1.3 as Direct Linear Solver

No. of Data Rows : 1
mag(v(ain)) = 2.0807601486e-01
Doing analysis at TEMP = 27.000000 and TNOM = 27.000000

Using SPARSE 1.3 as Direct Linear Solver

No. of Data Rows : 61
zmin = 8.4155149424e+05
Doing analysis at TEMP = 27.000000 and TNOM = 27.000000

Using SPARSE 1.3 as Direct Linear Solver

No. of Data Rows : 1
cvcs1k = 1.8016228153e-01
Doing analysis at TEMP = 27.000000 and TNOM = 27.000000

Using SPARSE 1.3 as Direct Linear Solver

No. of Data Rows : 1
cvcs20k = 1.8473134244e-01
Doing analysis at TEMP = 27.000000 and TNOM = 27.000000

Using SPARSE 1.3 as Direct Linear Solver

No. of Data Rows : 1
cvcp1k = 1.7955723281e-01
Doing analysis at TEMP = 27.000000 and TNOM = 27.000000

Using SPARSE 1.3 as Direct Linear Solver

No. of Data Rows : 1
cvcp20k = 1.8488743501e-01
L47B1_CASO d=0.1750
Doing analysis at TEMP = 27.000000 and TNOM = 27.000000

Using SPARSE 1.3 as Direct Linear Solver

Initial Transient Solution
--------------------------

Node                                   Voltage
----                                   -------
vsn                                          0
srcx                              -1.33071e-05
ain                                   -2.76538
gs                                    -3.74081
gp                                    -9.68592
csf                                   -4.77838
cpf                                   -13.3394
cs                                       -5.25
cp                                         -15
vcp#branch                         1.66065e-05
vcs#branch                         4.71623e-06
vsrc#branch                       -8.87139e-06


No. of Data Rows : 4003
Fourier analysis for v(vsn):
  No. Harmonics: 10, THD: 2.76152e-07 %, Gridsize: 8192, Interpolation Degree: 1, No. Periods: 1

Harmonic Frequency       Magnitude       Phase           Norm. Mag       Norm. Phase    
-------- ---------       ---------       -----           ---------       -----------    
 0       0               -1.86335781e-09 0               0               0              
 1       1000            3.817996863     -2.74991752e-08 1               0              
 2       2000            3.726622547e-09 31.09676728     9.760674723e-10 31.09676731    
 3       3000            3.726953677e-09 91.64718786     9.761542009e-10 91.64718789    
 4       4000            3.72757206e-09  152.195399      9.763161662e-10 152.195399     
 5       5000            3.728219442e-09 -147.264312     9.764857268e-10 -147.264312    
 6       6000            3.728465228e-09 -86.729794      9.765501025e-10 -86.7297939    
 7       7000            3.728188695e-09 -26.1937529     9.764776736e-10 -26.1937529    
 8       8000            3.727767574e-09 34.35072477     9.763673748e-10 34.35072479    
 9       9000            3.727685414e-09 94.90174791     9.763458556e-10 94.90174794    

Fourier analysis for v(ain):
  No. Harmonics: 10, THD: 15.5251 %, Gridsize: 8192, Interpolation Degree: 1, No. Periods: 1

Harmonic Frequency       Magnitude       Phase           Norm. Mag       Norm. Phase    
-------- ---------       ---------       -----           ---------       -----------    
 0       0               -2.80164153     0               0               0              
 1       1000            0.7606101413    0.1974281676    1               0              
 2       2000            0.06978787975   90.66684612     0.09175249706   90.46941795    
 3       3000            0.06150277958   179.9699928     0.08085979431   179.7725646    
 4       4000            0.05107818415   -90.2612389     0.06715422445   -90.4586671    
 5       5000            0.03949830897   -0.46286411     0.05192976905   -0.660292278   
 6       6000            0.02778131048   89.34440439     0.03652503295   89.14697622    
 7       7000            0.01696309473   179.2266644     0.02230195708   179.0292363    
 8       8000            0.007854667562  -90.9191917     0.01032679836   -91.1166199    
 9       9000            0.0009177142262 -3.44805012     0.001206550079  -3.64547829    

Doing analysis at TEMP = 27.000000 and TNOM = 27.000000

Using SPARSE 1.3 as Direct Linear Solver

Initial Transient Solution
--------------------------

Node                                   Voltage
----                                   -------
vsn                                          0
srcx                              -1.33071e-05
ain                                   -2.76538
gs                                    -3.74081
gp                                    -9.68592
csf                                   -4.77838
cpf                                   -13.3394
cs                                       -5.25
cp                                         -15
vcp#branch                         1.66065e-05
vcs#branch                         4.71623e-06
vsrc#branch                       -8.87139e-06


No. of Data Rows : 4002
Fourier analysis for v(vsn):
  No. Harmonics: 10, THD: 2.07613e-07 %, Gridsize: 8192, Interpolation Degree: 1, No. Periods: 1

Harmonic Frequency       Magnitude       Phase           Norm. Mag       Norm. Phase    
-------- ---------       ---------       -----           ---------       -----------    
 0       0               -1.40322505e-09 0               0               0              
 1       20000           3.817996862     -2.49705146e-08 1               0              
 2       40000           2.802079201e-09 17.27636532     7.339134374e-10 17.27636535    
 3       60000           2.799880425e-09 70.98915264     7.333375395e-10 70.98915267    
 4       80000           2.800045405e-09 124.7204455     7.333807506e-10 124.7204455    
 5       100000          2.80264586e-09  178.4198534     7.340618553e-10 178.4198535    
 6       120000          2.805309461e-09 -127.933136     7.347594989e-10 -127.933136    
 7       140000          2.806028448e-09 -74.323398      7.349478141e-10 -74.323398     
 8       160000          2.803678678e-09 -20.6984599     7.343323684e-10 -20.6984599    
 9       180000          2.800315279e-09 32.97425689     7.334514354e-10 32.97425692    

Fourier analysis for v(ain):
  No. Harmonics: 10, THD: 15.8999 %, Gridsize: 8192, Interpolation Degree: 1, No. Periods: 1

Harmonic Frequency       Magnitude       Phase           Norm. Mag       Norm. Phase    
-------- ---------       ---------       -----           ---------       -----------    
 0       0               -2.80061849     0               0               0              
 1       20000           0.7731719248    10.00776715     1               0              
 2       40000           0.07247972393   103.7369185     0.09374334686   93.72915133    
 3       60000           0.06221844187   177.5389202     0.08047167761   167.531153     
 4       80000           0.05297251886   -100.168413     0.06851324674   -110.17618     
 5       100000          0.04230943739   -16.6967445     0.05472190082   -26.7045117    
 6       120000          0.0306729608    65.85573821     0.03967159156   55.84797107    
 7       140000          0.01908348072   145.904004      0.02468206631   135.8962368    
 8       160000          0.008840662254  -142.094535     0.01143427738   -152.102303    
 9       180000          0.002966886098  -131.168035     0.003837291556  -141.175802    

Doing analysis at TEMP = 27.000000 and TNOM = 27.000000

Using SPARSE 1.3 as Direct Linear Solver

No. of Data Rows : 1
h1k = 1.7947102001e-01
Doing analysis at TEMP = 27.000000 and TNOM = 27.000000

Using SPARSE 1.3 as Direct Linear Solver

No. of Data Rows : 1
h20k = 1.8422318654e-01
Doing analysis at TEMP = 27.000000 and TNOM = 27.000000

Using SPARSE 1.3 as Direct Linear Solver

No. of Data Rows : 1
mag(v(ain)) = 2.0797852773e-01
Doing analysis at TEMP = 27.000000 and TNOM = 27.000000

Using SPARSE 1.3 as Direct Linear Solver

No. of Data Rows : 61
zmin = 8.4421680208e+05
Doing analysis at TEMP = 27.000000 and TNOM = 27.000000

Using SPARSE 1.3 as Direct Linear Solver

No. of Data Rows : 1
cvcs1k = 1.8008584235e-01
Doing analysis at TEMP = 27.000000 and TNOM = 27.000000

Using SPARSE 1.3 as Direct Linear Solver

No. of Data Rows : 1
cvcs20k = 1.8407578545e-01
Doing analysis at TEMP = 27.000000 and TNOM = 27.000000

Using SPARSE 1.3 as Direct Linear Solver

No. of Data Rows : 1
cvcp1k = 1.7947202903e-01
Doing analysis at TEMP = 27.000000 and TNOM = 27.000000

Using SPARSE 1.3 as Direct Linear Solver

No. of Data Rows : 1
cvcp20k = 1.8422347714e-01
L47B1_CASO d=0.2000
Doing analysis at TEMP = 27.000000 and TNOM = 27.000000

Using SPARSE 1.3 as Direct Linear Solver

Initial Transient Solution
--------------------------

Node                                   Voltage
----                                   -------
vsn                                          0
srcx                              -1.26328e-05
ain                                   -3.33034
gs                                    -4.30836
gp                                    -9.79616
csf                                   -5.47136
cpf                                   -13.3738
cs                                          -6
cp                                         -15
vcp#branch                          1.6262e-05
vcs#branch                         5.28637e-06
vsrc#branch                       -8.42186e-06


No. of Data Rows : 4001
Fourier analysis for v(vsn):
  No. Harmonics: 10, THD: 3.12325e-10 %, Gridsize: 8192, Interpolation Degree: 1, No. Periods: 1

Harmonic Frequency       Magnitude       Phase           Norm. Mag       Norm. Phase    
-------- ---------       ---------       -----           ---------       -----------    
 0       0               -2.11647193e-12 0               0               0              
 1       1000            3.81799686      -6.33348811e-11 1               0              
 2       2000            4.225533548e-12 -89.4254415     1.10674097e-12  -89.4254415    
 3       3000            4.240437713e-12 -89.8606027     1.110644631e-12 -89.8606027    
 4       4000            4.194041534e-12 -90.1098976     1.098492662e-12 -90.1098976    
 5       5000            4.186820087e-12 -89.1412827     1.096601239e-12 -89.1412827    
 6       6000            4.269148531e-12 -88.7621784     1.118164495e-12 -88.7621784    
 7       7000            4.230403166e-12 -89.2869683     1.108016408e-12 -89.2869683    
 8       8000            4.164535839e-12 -89.1136025     1.090764606e-12 -89.1136025    
 9       9000            4.215863007e-12 -89.4599075     1.104208087e-12 -89.4599075    

Fourier analysis for v(ain):
  No. Harmonics: 10, THD: 0.137201 %, Gridsize: 8192, Interpolation Degree: 1, No. Periods: 1

Harmonic Frequency       Magnitude       Phase           Norm. Mag       Norm. Phase    
-------- ---------       ---------       -----           ---------       -----------    
 0       0               -3.3273953      0               0               0              
 1       1000            0.6848507688    0.2005386579    1               0              
 2       2000            0.0009115043692 -170.019919     0.001330953269  -170.220458    
 3       3000            0.000212662515  -78.8483541     0.0003105238757 -79.0488928    
 4       4000            7.524369962e-05 0.06286278012   0.0001098687525 -0.137675878   
 5       5000            2.359246818e-05 34.55076975     3.444906432e-05 34.35023109    
 6       6000            1.238314904e-05 1.077218765     1.8081529e-05   0.8766801067   
 7       7000            1.361212419e-05 -3.7370984      1.987604426e-05 -3.93763706    
 8       8000            1.219688601e-05 0.1984665082    1.780955292e-05 -0.00207214976 
 9       9000            1.061563663e-05 0.6970659371    1.550065666e-05 0.4965272792   

Doing analysis at TEMP = 27.000000 and TNOM = 27.000000

Using SPARSE 1.3 as Direct Linear Solver

Initial Transient Solution
--------------------------

Node                                   Voltage
----                                   -------
vsn                                          0
srcx                              -1.26328e-05
ain                                   -3.33034
gs                                    -4.30836
gp                                    -9.79616
csf                                   -5.47136
cpf                                   -13.3738
cs                                          -6
cp                                         -15
vcp#branch                          1.6262e-05
vcs#branch                         5.28637e-06
vsrc#branch                       -8.42186e-06


No. of Data Rows : 4001
Fourier analysis for v(vsn):
  No. Harmonics: 10, THD: 1.83239e-10 %, Gridsize: 8192, Interpolation Degree: 1, No. Periods: 1

Harmonic Frequency       Magnitude       Phase           Norm. Mag       Norm. Phase    
-------- ---------       ---------       -----           ---------       -----------    
 0       0               -1.22047511e-12 0               0               0              
 1       20000           3.81799686      -3.74644408e-11 1               0              
 2       40000           2.441485255e-12 -87.6909717     6.394675912e-13 -87.6909717    
 3       60000           2.482056324e-12 -88.0223523     6.50093862e-13  -88.0223523    
 4       80000           2.495568762e-12 -90.579458      6.536330055e-13 -90.579458     
 5       100000          2.488585988e-12 -87.9105573     6.51804095e-13  -87.9105573    
 6       120000          2.563165169e-12 -87.4528109     6.713376838e-13 -87.4528109    
 7       140000          2.462392976e-12 -88.6343298     6.449436882e-13 -88.6343298    
 8       160000          2.443844329e-12 -90.6396608     6.400854739e-13 -90.6396608    
 9       180000          2.407716348e-12 -87.4077148     6.306229252e-13 -87.4077148    

Fourier analysis for v(ain):
  No. Harmonics: 10, THD: 2.73257 %, Gridsize: 8192, Interpolation Degree: 1, No. Periods: 1

Harmonic Frequency       Magnitude       Phase           Norm. Mag       Norm. Phase    
-------- ---------       ---------       -----           ---------       -----------    
 0       0               -3.32996672     0               0               0              
 1       20000           0.7022484787    10.54376698     1               0              
 2       40000           0.01871804314   170.278695      0.02665444455   159.734928     
 3       60000           0.004100644517  -110.180506     0.005839307085  -120.724273    
 4       80000           0.0009937541574 -32.3239989     0.001415103325  -42.8677658    
 5       100000          0.000251126951  43.97718691     0.0003576041225 33.43341992    
 6       120000          6.468855277e-05 118.8884189     9.211633024e-05 108.3446519    
 7       140000          1.678779824e-05 -167.309419     2.390578086e-05 -177.853186    
 8       160000          4.388160679e-06 -94.1687757     6.248729349e-06 -104.712543    
 9       180000          1.177494284e-06 -22.2900444     1.676748786e-06 -32.8338114    

Doing analysis at TEMP = 27.000000 and TNOM = 27.000000

Using SPARSE 1.3 as Direct Linear Solver

No. of Data Rows : 1
h1k = 1.7935780059e-01
Doing analysis at TEMP = 27.000000 and TNOM = 27.000000

Using SPARSE 1.3 as Direct Linear Solver

No. of Data Rows : 1
h20k = 1.8364343869e-01
Doing analysis at TEMP = 27.000000 and TNOM = 27.000000

Using SPARSE 1.3 as Direct Linear Solver

No. of Data Rows : 1
mag(v(ain)) = 2.0784806524e-01
Doing analysis at TEMP = 27.000000 and TNOM = 27.000000

Using SPARSE 1.3 as Direct Linear Solver

No. of Data Rows : 61
zmin = 8.4641642313e+05
Doing analysis at TEMP = 27.000000 and TNOM = 27.000000

Using SPARSE 1.3 as Direct Linear Solver

No. of Data Rows : 1
cvcs1k = 1.7998001207e-01
Doing analysis at TEMP = 27.000000 and TNOM = 27.000000

Using SPARSE 1.3 as Direct Linear Solver

No. of Data Rows : 1
cvcs20k = 1.8350329558e-01
Doing analysis at TEMP = 27.000000 and TNOM = 27.000000

Using SPARSE 1.3 as Direct Linear Solver

No. of Data Rows : 1
cvcp1k = 1.7935895802e-01
Doing analysis at TEMP = 27.000000 and TNOM = 27.000000

Using SPARSE 1.3 as Direct Linear Solver

No. of Data Rows : 1
cvcp20k = 1.8364379456e-01
L47B1_CASO d=0.2250
Doing analysis at TEMP = 27.000000 and TNOM = 27.000000

Using SPARSE 1.3 as Direct Linear Solver

Initial Transient Solution
--------------------------

Node                                   Voltage
----                                   -------
vsn                                          0
srcx                                -1.196e-05
ain                                   -3.89488
gs                                    -4.87583
gp                                    -9.90632
csf                                   -6.16432
cpf                                   -13.4082
cs                                       -6.75
cp                                         -15
vcp#branch                         1.59178e-05
vcs#branch                         5.85677e-06
vsrc#branch                       -7.97333e-06


No. of Data Rows : 4001
Fourier analysis for v(vsn):
  No. Harmonics: 10, THD: 3.12517e-10 %, Gridsize: 8192, Interpolation Degree: 1, No. Periods: 1

Harmonic Frequency       Magnitude       Phase           Norm. Mag       Norm. Phase    
-------- ---------       ---------       -----           ---------       -----------    
 0       0               -2.09079802e-12 0               0               0              
 1       1000            3.81799686      -6.40233447e-11 1               0              
 2       2000            4.226081157e-12 -89.3232166     1.106884398e-12 -89.3232166    
 3       3000            4.156453554e-12 -89.4998334     1.088647714e-12 -89.4998334    
 4       4000            4.235242254e-12 -90.2731026     1.109283849e-12 -90.2731026    
 5       5000            4.26138952e-12  -89.7158799     1.116132275e-12 -89.7158799    
 6       6000            4.237767117e-12 -89.4235459     1.109945155e-12 -89.4235459    
 7       7000            4.243076713e-12 -89.3586262     1.111335831e-12 -89.3586262    
 8       8000            4.192545375e-12 -89.0192563     1.098100792e-12 -89.0192563    
 9       9000            4.194924089e-12 -88.5038383     1.098723819e-12 -88.5038383    

Fourier analysis for v(ain):
  No. Harmonics: 10, THD: 0.118871 %, Gridsize: 8192, Interpolation Degree: 1, No. Periods: 1

Harmonic Frequency       Magnitude       Phase           Norm. Mag       Norm. Phase    
-------- ---------       ---------       -----           ---------       -----------    
 0       0               -3.89185346     0               0               0              
 1       1000            0.6841919172    0.1718328336    1               0              
 2       2000            0.0007930191287 -161.734497     0.001159059481  -161.906329    
 3       3000            0.0001675672871 -70.6346526     0.0002449126961 -70.8064854    
 4       4000            5.874689732e-05 2.655370224     8.586318523e-05 2.48353739     
 5       5000            2.052491968e-05 23.45648247     2.999877544e-05 23.28464964    
 6       6000            1.395780076e-05 0.3603175347    2.04004175e-05  0.1884847012   
 7       7000            1.360378055e-05 -1.67881777     1.988298928e-05 -1.85065061    
 8       8000            1.202528239e-05 0.2612308825    1.757589075e-05 0.08939804897  
 9       9000            1.058937582e-05 0.455629126     1.547720099e-05 0.2837962924   

Doing analysis at TEMP = 27.000000 and TNOM = 27.000000

Using SPARSE 1.3 as Direct Linear Solver

Initial Transient Solution
--------------------------

Node                                   Voltage
----                                   -------
vsn                                          0
srcx                                -1.196e-05
ain                                   -3.89488
gs                                    -4.87583
gp                                    -9.90632
csf                                   -6.16432
cpf                                   -13.4082
cs                                       -6.75
cp                                         -15
vcp#branch                         1.59178e-05
vcs#branch                         5.85677e-06
vsrc#branch                       -7.97333e-06


No. of Data Rows : 4001
Fourier analysis for v(vsn):
  No. Harmonics: 10, THD: 1.83239e-10 %, Gridsize: 8192, Interpolation Degree: 1, No. Periods: 1

Harmonic Frequency       Magnitude       Phase           Norm. Mag       Norm. Phase    
-------- ---------       ---------       -----           ---------       -----------    
 0       0               -1.22047511e-12 0               0               0              
 1       20000           3.81799686      -3.74644408e-11 1               0              
 2       40000           2.441485255e-12 -87.6909717     6.394675912e-13 -87.6909717    
 3       60000           2.482056324e-12 -88.0223523     6.50093862e-13  -88.0223523    
 4       80000           2.495568762e-12 -90.579458      6.536330055e-13 -90.579458     
 5       100000          2.488585988e-12 -87.9105573     6.51804095e-13  -87.9105573    
 6       120000          2.563165169e-12 -87.4528109     6.713376838e-13 -87.4528109    
 7       140000          2.462392976e-12 -88.6343298     6.449436882e-13 -88.6343298    
 8       160000          2.443844329e-12 -90.6396608     6.400854739e-13 -90.6396608    
 9       180000          2.407716348e-12 -87.4077148     6.306229252e-13 -87.4077148    

Fourier analysis for v(ain):
  No. Harmonics: 10, THD: 2.30745 %, Gridsize: 8192, Interpolation Degree: 1, No. Periods: 1

Harmonic Frequency       Magnitude       Phase           Norm. Mag       Norm. Phase    
-------- ---------       ---------       -----           ---------       -----------    
 0       0               -3.89441518     0               0               0              
 1       20000           0.6998123185    10.00366295     1               0              
 2       40000           0.01582984144   171.0818075     0.02262012403   161.0781446    
 3       60000           0.003111501645  -109.16057      0.004446194448  -119.164232    
 4       80000           0.0006793005385 -30.932466      0.0009706895985 -40.9361289    
 5       100000          0.0001551345775 45.96315596     0.0002216802612 35.95949301    
 6       120000          3.615014886e-05 121.7097994     5.165691987e-05 111.7061364    
 7       140000          8.471310571e-06 -163.323096     1.210511783e-05 -173.326759    
 8       160000          2.006771402e-06 -88.4092918     2.867585135e-06 -98.4129547    
 9       180000          5.04386768e-07  -15.3977293     7.207457695e-07 -25.4013922    

Doing analysis at TEMP = 27.000000 and TNOM = 27.000000

Using SPARSE 1.3 as Direct Linear Solver

No. of Data Rows : 1
h1k = 1.7919537423e-01
Doing analysis at TEMP = 27.000000 and TNOM = 27.000000

Using SPARSE 1.3 as Direct Linear Solver

No. of Data Rows : 1
h20k = 1.8309637625e-01
Doing analysis at TEMP = 27.000000 and TNOM = 27.000000

Using SPARSE 1.3 as Direct Linear Solver

No. of Data Rows : 1
mag(v(ain)) = 2.0765976647e-01
Doing analysis at TEMP = 27.000000 and TNOM = 27.000000

Using SPARSE 1.3 as Direct Linear Solver

No. of Data Rows : 61
zmin = 8.4831766493e+05
Doing analysis at TEMP = 27.000000 and TNOM = 27.000000

Using SPARSE 1.3 as Direct Linear Solver

No. of Data Rows : 1
cvcs1k = 1.7982372968e-01
Doing analysis at TEMP = 27.000000 and TNOM = 27.000000

Using SPARSE 1.3 as Direct Linear Solver

No. of Data Rows : 1
cvcs20k = 1.8296257513e-01
Doing analysis at TEMP = 27.000000 and TNOM = 27.000000

Using SPARSE 1.3 as Direct Linear Solver

No. of Data Rows : 1
cvcp1k = 1.7919674133e-01
Doing analysis at TEMP = 27.000000 and TNOM = 27.000000

Using SPARSE 1.3 as Direct Linear Solver

No. of Data Rows : 1
cvcp20k = 1.8309682080e-01
L47B1_CASO d=0.2500
Doing analysis at TEMP = 27.000000 and TNOM = 27.000000

Using SPARSE 1.3 as Direct Linear Solver

Initial Transient Solution
--------------------------

Node                                   Voltage
----                                   -------
vsn                                          0
srcx                              -1.12895e-05
ain                                   -4.45879
gs                                    -5.44318
gp                                    -10.0163
csf                                   -6.85724
cpf                                   -13.4426
cs                                        -7.5
cp                                         -15
vcp#branch                         1.55739e-05
vcs#branch                         6.42757e-06
vsrc#branch                       -7.52635e-06


No. of Data Rows : 4001
Fourier analysis for v(vsn):
  No. Harmonics: 10, THD: 3.01977e-10 %, Gridsize: 8192, Interpolation Degree: 1, No. Periods: 1

Harmonic Frequency       Magnitude       Phase           Norm. Mag       Norm. Phase    
-------- ---------       ---------       -----           ---------       -----------    
 0       0               -2.02844339e-12 0               0               0              
 1       1000            3.81799686      -6.13670297e-11 1               0              
 2       2000            4.104645062e-12 -90.0665958     1.075078166e-12 -90.0665958    
 3       3000            4.047379122e-12 -89.4019717     1.060079217e-12 -89.4019717    
 4       4000            4.093872584e-12 -89.2451052     1.072256666e-12 -89.2451052    
 5       5000            4.110784257e-12 -89.1562099     1.076686128e-12 -89.1562099    
 6       6000            4.032557605e-12 -89.152769      1.056197203e-12 -89.152769     
 7       7000            4.074690116e-12 -89.4576409     1.067232443e-12 -89.4576409    
 8       8000            4.078103753e-12 -89.2994614     1.068126534e-12 -89.2994614    
 9       9000            4.067565619e-12 -88.7077876     1.065366413e-12 -88.7077876    

Fourier analysis for v(ain):
  No. Harmonics: 10, THD: 0.176934 %, Gridsize: 8192, Interpolation Degree: 1, No. Periods: 1

Harmonic Frequency       Magnitude       Phase           Norm. Mag       Norm. Phase    
-------- ---------       ---------       -----           ---------       -----------    
 0       0               -4.45539322     0               0               0              
 1       1000            0.6827562901    0.1466741372    1               0              
 2       2000            0.0009875569718 -129.865465     0.001446426765  -130.012139    
 3       3000            0.0003968009628 -16.8376524     0.0005811751112 -16.9843266    
 4       4000            0.0002813270648 81.8807667      0.0004120460973 81.73409256    
 5       5000            0.0002365986126 -178.970226     0.0003465345044 -179.1169      
 6       6000            0.0002411951529 -83.9899176     0.0003532668338 -84.1365918    
 7       7000            0.0002385148279 2.726181655     0.0003493410919 2.579507518    
 8       8000            0.0002086324515 90.08760876     0.0003055738256 89.94093463    
 9       9000            0.0001813856157 -176.036784     0.0002656667077 -176.183458    

Doing analysis at TEMP = 27.000000 and TNOM = 27.000000

Using SPARSE 1.3 as Direct Linear Solver

Initial Transient Solution
--------------------------

Node                                   Voltage
----                                   -------
vsn                                          0
srcx                              -1.12895e-05
ain                                   -4.45879
gs                                    -5.44318
gp                                    -10.0163
csf                                   -6.85724
cpf                                   -13.4426
cs                                        -7.5
cp                                         -15
vcp#branch                         1.55739e-05
vcs#branch                         6.42757e-06
vsrc#branch                       -7.52635e-06

 Reference value :  3.00007e-04
No. of Data Rows : 4001
Fourier analysis for v(vsn):
  No. Harmonics: 10, THD: 1.83239e-10 %, Gridsize: 8192, Interpolation Degree: 1, No. Periods: 1

Harmonic Frequency       Magnitude       Phase           Norm. Mag       Norm. Phase    
-------- ---------       ---------       -----           ---------       -----------    
 0       0               -1.22047511e-12 0               0               0              
 1       20000           3.81799686      -3.74644408e-11 1               0              
 2       40000           2.441485255e-12 -87.6909717     6.394675912e-13 -87.6909717    
 3       60000           2.482056324e-12 -88.0223523     6.50093862e-13  -88.0223523    
 4       80000           2.495568762e-12 -90.579458      6.536330055e-13 -90.579458     
 5       100000          2.488585988e-12 -87.9105573     6.51804095e-13  -87.9105573    
 6       120000          2.563165169e-12 -87.4528109     6.713376838e-13 -87.4528109    
 7       140000          2.462392976e-12 -88.6343298     6.449436882e-13 -88.6343298    
 8       160000          2.443844329e-12 -90.6396608     6.400854739e-13 -90.6396608    
 9       180000          2.407716348e-12 -87.4077148     6.306229252e-13 -87.4077148    

Fourier analysis for v(ain):
  No. Harmonics: 10, THD: 1.89167 %, Gridsize: 8192, Interpolation Degree: 1, No. Periods: 1

Harmonic Frequency       Magnitude       Phase           Norm. Mag       Norm. Phase    
-------- ---------       ---------       -----           ---------       -----------    
 0       0               -4.45712781     0               0               0              
 1       20000           0.695310363     9.517900579     1               0              
 2       40000           0.01250174966   179.4824421     0.01798009972   169.9645415    
 3       60000           0.001308586035  -55.7464714     0.001882017161  -65.264372     
 4       80000           0.001408513267  136.5094225     0.002025733172  126.9915219    
 5       100000          0.001733632953  -118.887289     0.002493322472  -128.405189    
 6       120000          0.001743385945  -19.3408627     0.002507349289  -28.8587633    
 7       140000          0.001657533171  79.69349214     0.002383875258  70.17559156    
 8       160000          0.001528693229  178.3887742     0.002198576795  168.8708736    
 9       180000          0.001371520286  -83.3037274     0.00197252962   -92.821628     

Doing analysis at TEMP = 27.000000 and TNOM = 27.000000

Using SPARSE 1.3 as Direct Linear Solver

No. of Data Rows : 1
h1k = 1.7892997685e-01
Doing analysis at TEMP = 27.000000 and TNOM = 27.000000

Using SPARSE 1.3 as Direct Linear Solver

No. of Data Rows : 1
h20k = 1.8250723648e-01
Doing analysis at TEMP = 27.000000 and TNOM = 27.000000

Using SPARSE 1.3 as Direct Linear Solver

No. of Data Rows : 1
mag(v(ain)) = 2.0735070825e-01
Doing analysis at TEMP = 27.000000 and TNOM = 27.000000

Using SPARSE 1.3 as Direct Linear Solver

No. of Data Rows : 61
zmin = 8.5010527320e+05
Doing analysis at TEMP = 27.000000 and TNOM = 27.000000

Using SPARSE 1.3 as Direct Linear Solver

No. of Data Rows : 1
cvcs1k = 1.7956326517e-01
Doing analysis at TEMP = 27.000000 and TNOM = 27.000000

Using SPARSE 1.3 as Direct Linear Solver

No. of Data Rows : 1
cvcs20k = 1.8237908654e-01
Doing analysis at TEMP = 27.000000 and TNOM = 27.000000

Using SPARSE 1.3 as Direct Linear Solver

No. of Data Rows : 1
cvcp1k = 1.7893168236e-01
Doing analysis at TEMP = 27.000000 and TNOM = 27.000000

Using SPARSE 1.3 as Direct Linear Solver

No. of Data Rows : 1
cvcp20k = 1.8250781895e-01
L47B1_CASO d=0.2750
Doing analysis at TEMP = 27.000000 and TNOM = 27.000000

Using SPARSE 1.3 as Direct Linear Solver

Initial Transient Solution
--------------------------

Node                                   Voltage
----                                   -------
vsn                                          0
srcx                              -1.06235e-05
ain                                   -5.02147
gs                                    -6.01029
gp                                    -10.1261
csf                                   -7.55009
cpf                                   -13.4769
cs                                       -8.25
cp                                         -15
vcp#branch                         1.52308e-05
vcs#branch                          6.9991e-06
vsrc#branch                        -7.0823e-06


No. of Data Rows : 4001
Fourier analysis for v(vsn):
  No. Harmonics: 10, THD: 3.00508e-10 %, Gridsize: 8192, Interpolation Degree: 1, No. Periods: 1

Harmonic Frequency       Magnitude       Phase           Norm. Mag       Norm. Phase    
-------- ---------       ---------       -----           ---------       -----------    
 0       0               -2.04702921e-12 0               0               0              
 1       1000            3.81799686      -6.05238215e-11 1               0              
 2       2000            4.012475589e-12 -89.8941655     1.050937373e-12 -89.8941655    
 3       3000            4.110472934e-12 -89.8856728     1.076604587e-12 -89.8856728    
 4       4000            4.075696278e-12 -89.4948128     1.067495974e-12 -89.4948128    
 5       5000            4.021870197e-12 -89.3996915     1.053397984e-12 -89.3996915    
 6       6000            4.060174337e-12 -89.3390913     1.063430507e-12 -89.3390913    
 7       7000            4.094084501e-12 -89.51713       1.072312171e-12 -89.51713      
 8       8000            4.065263666e-12 -88.9129985     1.064763491e-12 -88.9129985    
 9       9000            4.010359585e-12 -89.3098071     1.050383154e-12 -89.3098071    

Fourier analysis for v(ain):
  No. Harmonics: 10, THD: 31.4888 %, Gridsize: 8192, Interpolation Degree: 1, No. Periods: 1

Harmonic Frequency       Magnitude       Phase           Norm. Mag       Norm. Phase    
-------- ---------       ---------       -----           ---------       -----------    
 0       0               -4.87129203     0               0               0              
 1       1000            0.4394680799    0.1050650749    1               0              
 2       2000            0.1326961091    -89.8612861     0.3019470928    -89.9663511    
 3       3000            0.02928302989   0.6492739696    0.0666328938    0.5442088947   
 4       4000            0.01857747839   -89.57702       0.0422726456    -89.6820851    
 5       5000            0.01522034517   0.8452574705    0.0346335624    0.7401923956   
 6       6000            0.003100593003  -89.6219348     0.007055331536  -89.7269999    
 7       7000            0.008612544817  1.119831803     0.01959765728   1.014766728    
 8       8000            0.001263098001  92.000254       0.002874151865  91.89518892    
 9       9000            0.004694698793  1.430790444     0.01068268438   1.32572537     

Doing analysis at TEMP = 27.000000 and TNOM = 27.000000

Using SPARSE 1.3 as Direct Linear Solver

Initial Transient Solution
--------------------------

Node                                   Voltage
----                                   -------
vsn                                          0
srcx                              -1.06235e-05
ain                                   -5.02147
gs                                    -6.01029
gp                                    -10.1261
csf                                   -7.55009
cpf                                   -13.4769
cs                                       -8.25
cp                                         -15
vcp#branch                         1.52308e-05
vcs#branch                          6.9991e-06
vsrc#branch                        -7.0823e-06


No. of Data Rows : 4001
Fourier analysis for v(vsn):
  No. Harmonics: 10, THD: 1.83239e-10 %, Gridsize: 8192, Interpolation Degree: 1, No. Periods: 1

Harmonic Frequency       Magnitude       Phase           Norm. Mag       Norm. Phase    
-------- ---------       ---------       -----           ---------       -----------    
 0       0               -1.22047511e-12 0               0               0              
 1       20000           3.81799686      -3.74644408e-11 1               0              
 2       40000           2.441485255e-12 -87.6909717     6.394675912e-13 -87.6909717    
 3       60000           2.482056324e-12 -88.0223523     6.50093862e-13  -88.0223523    
 4       80000           2.495568762e-12 -90.579458      6.536330055e-13 -90.579458     
 5       100000          2.488585988e-12 -87.9105573     6.51804095e-13  -87.9105573    
 6       120000          2.563165169e-12 -87.4528109     6.713376838e-13 -87.4528109    
 7       140000          2.462392976e-12 -88.6343298     6.449436882e-13 -88.6343298    
 8       160000          2.443844329e-12 -90.6396608     6.400854739e-13 -90.6396608    
 9       180000          2.407716348e-12 -87.4077148     6.306229252e-13 -87.4077148    

Fourier analysis for v(ain):
  No. Harmonics: 10, THD: 31.9686 %, Gridsize: 8192, Interpolation Degree: 1, No. Periods: 1

Harmonic Frequency       Magnitude       Phase           Norm. Mag       Norm. Phase    
-------- ---------       ---------       -----           ---------       -----------    
 0       0               -4.87177769     0               0               0              
 1       20000           0.4440839772    8.653864464     1               0              
 2       40000           0.13521216      -74.7453114     0.3044743042    -83.3991758    
 3       60000           0.03137683784   28.10694731     0.07065519012   19.45308285    
 4       80000           0.02033832878   -56.3924876     0.04579838461   -65.046352     
 5       100000          0.01724900414   41.59008879     0.03884176198   32.93622433    
 6       120000          0.004075133841  -36.1514805     0.00917649375   -44.805345     
 7       140000          0.010707625     55.69241603     0.02411171208   47.03855157    
 8       160000          0.001185646921  129.7354725     0.002669870975  121.081608     
 9       180000          0.00663976394   69.63755118     0.01495159538   60.98368672    

Doing analysis at TEMP = 27.000000 and TNOM = 27.000000

Using SPARSE 1.3 as Direct Linear Solver

No. of Data Rows : 1
h1k = 1.7835894912e-01
Doing analysis at TEMP = 27.000000 and TNOM = 27.000000

Using SPARSE 1.3 as Direct Linear Solver

No. of Data Rows : 1
h20k = 1.8165604506e-01
Doing analysis at TEMP = 27.000000 and TNOM = 27.000000

Using SPARSE 1.3 as Direct Linear Solver

No. of Data Rows : 1
mag(v(ain)) = 2.0668344985e-01
Doing analysis at TEMP = 27.000000 and TNOM = 27.000000

Using SPARSE 1.3 as Direct Linear Solver

No. of Data Rows : 61
zmin = 8.5221259137e+05
Doing analysis at TEMP = 27.000000 and TNOM = 27.000000

Using SPARSE 1.3 as Direct Linear Solver

No. of Data Rows : 1
cvcs1k = 1.7899539868e-01
Doing analysis at TEMP = 27.000000 and TNOM = 27.000000

Using SPARSE 1.3 as Direct Linear Solver

No. of Data Rows : 1
cvcs20k = 1.8153312744e-01
Doing analysis at TEMP = 27.000000 and TNOM = 27.000000

Using SPARSE 1.3 as Direct Linear Solver

No. of Data Rows : 1
cvcp1k = 1.7836137437e-01
Doing analysis at TEMP = 27.000000 and TNOM = 27.000000

Using SPARSE 1.3 as Direct Linear Solver

No. of Data Rows : 1
cvcp20k = 1.8165690936e-01
L47B1_CASO d=0.3000
Doing analysis at TEMP = 27.000000 and TNOM = 27.000000

Using SPARSE 1.3 as Direct Linear Solver

Initial Transient Solution
--------------------------

Node                                   Voltage
----                                   -------
vsn                                          0
srcx                               -9.7487e-06
ain                                   -5.18308
gs                                    -6.49914
gp                                    -10.1577
csf                                   -8.21848
cpf                                   -13.4868
cs                                          -9
cp                                         -15
vcp#branch                         1.51323e-05
vcs#branch                         7.81519e-06
vsrc#branch                       -6.49914e-06


No. of Data Rows : 4001
Fourier analysis for v(vsn):
  No. Harmonics: 10, THD: 3.17642e-10 %, Gridsize: 8192, Interpolation Degree: 1, No. Periods: 1

Harmonic Frequency       Magnitude       Phase           Norm. Mag       Norm. Phase    
-------- ---------       ---------       -----           ---------       -----------    
 0       0               -2.13730769e-12 0               0               0              
 1       1000            3.81799686      -6.40049928e-11 1               0              
 2       2000            4.282279576e-12 -89.7504422     1.121603745e-12 -89.7504422    
 3       3000            4.321016637e-12 -89.566278      1.131749657e-12 -89.566278     
 4       4000            4.301087977e-12 -89.7352098     1.126529993e-12 -89.7352098    
 5       5000            4.268843941e-12 -90.0120703     1.118084718e-12 -90.0120703    
 6       6000            4.254451985e-12 -89.3384683     1.114315213e-12 -89.3384683    
 7       7000            4.275376438e-12 -89.3191652     1.119795693e-12 -89.3191652    
 8       8000            4.312397749e-12 -88.8809907     1.12949222e-12  -88.8809907    
 9       9000            4.286005568e-12 -88.4788234     1.122579647e-12 -88.4788234    

Fourier analysis for v(ain):
  No. Harmonics: 10, THD: 81.3193 %, Gridsize: 8192, Interpolation Degree: 1, No. Periods: 1

Harmonic Frequency       Magnitude       Phase           Norm. Mag       Norm. Phase    
-------- ---------       ---------       -----           ---------       -----------    
 0       0               -5.12159452     0               0               0              
 1       1000            0.1167459089    0.1402789991    1               0              
 2       2000            0.08119269794   -89.8827922     0.6954650375    -90.0230712    
 3       3000            0.04534322332   -179.79577      0.3883923962    -179.936049    
 4       4000            0.01435472819   90.32024926     0.1229570125    90.17997026    
 5       5000            0.004334666807  -179.504578     0.03712906813   -179.644857    
 6       6000            0.00958415042   90.56905618     0.08209410083   90.42877718    
 7       7000            0.005888656209  0.5908815621    0.05043993629   0.450602563    
 8       8000            0.000161613751  92.74675198     0.001384320465  92.60647298    
 9       9000            0.003655170427  0.7232525943    0.0313087667    0.5829735952   

Doing analysis at TEMP = 27.000000 and TNOM = 27.000000

Using SPARSE 1.3 as Direct Linear Solver

Initial Transient Solution
--------------------------

Node                                   Voltage
----                                   -------
vsn                                          0
srcx                               -9.7487e-06
ain                                   -5.18308
gs                                    -6.49914
gp                                    -10.1577
csf                                   -8.21848
cpf                                   -13.4868
cs                                          -9
cp                                         -15
vcp#branch                         1.51323e-05
vcs#branch                         7.81519e-06
vsrc#branch                       -6.49914e-06


No. of Data Rows : 4001
Fourier analysis for v(vsn):
  No. Harmonics: 10, THD: 1.83239e-10 %, Gridsize: 8192, Interpolation Degree: 1, No. Periods: 1

Harmonic Frequency       Magnitude       Phase           Norm. Mag       Norm. Phase    
-------- ---------       ---------       -----           ---------       -----------    
 0       0               -1.22047511e-12 0               0               0              
 1       20000           3.81799686      -3.74644408e-11 1               0              
 2       40000           2.441485255e-12 -87.6909717     6.394675912e-13 -87.6909717    
 3       60000           2.482056324e-12 -88.0223523     6.50093862e-13  -88.0223523    
 4       80000           2.495568762e-12 -90.579458      6.536330055e-13 -90.579458     
 5       100000          2.488585988e-12 -87.9105573     6.51804095e-13  -87.9105573    
 6       120000          2.563165169e-12 -87.4528109     6.713376838e-13 -87.4528109    
 7       140000          2.462392976e-12 -88.6343298     6.449436882e-13 -88.6343298    
 8       160000          2.443844329e-12 -90.6396608     6.400854739e-13 -90.6396608    
 9       180000          2.407716348e-12 -87.4077148     6.306229252e-13 -87.4077148    

Fourier analysis for v(ain):
  No. Harmonics: 10, THD: 82.7132 %, Gridsize: 8192, Interpolation Degree: 1, No. Periods: 1

Harmonic Frequency       Magnitude       Phase           Norm. Mag       Norm. Phase    
-------- ---------       ---------       -----           ---------       -----------    
 0       0               -5.12155664     0               0               0              
 1       20000           0.1189642138    9.218044126     1               0              
 2       40000           0.08347627312   -75.9367363     0.7016923029    -85.1547804    
 3       60000           0.04743739088   -159.352997     0.3987534518    -168.571041    
 4       80000           0.0153905285    118.004772      0.1293710774    108.7867278    
 5       100000          0.004902291363  -150.772054     0.04120811803   -159.990098    
 6       120000          0.0112237087    128.6202212     0.09434525175   119.4021771    
 7       140000          0.007341421243  46.87968779     0.06171117356   37.66164367    
 8       160000          0.0004804006345 47.01867007     0.004038194507  37.80062594    
 9       180000          0.004774487246  50.94592239     0.04013381079   41.72787827    

Doing analysis at TEMP = 27.000000 and TNOM = 27.000000

Using SPARSE 1.3 as Direct Linear Solver

No. of Data Rows : 1
h1k = 1.9969390697e-03
Doing analysis at TEMP = 27.000000 and TNOM = 27.000000

Using SPARSE 1.3 as Direct Linear Solver

No. of Data Rows : 1
h20k = 2.3959381208e-03
Doing analysis at TEMP = 27.000000 and TNOM = 27.000000

Using SPARSE 1.3 as Direct Linear Solver

No. of Data Rows : 1
mag(v(ain)) = 2.3126140207e-03
Doing analysis at TEMP = 27.000000 and TNOM = 27.000000

Using SPARSE 1.3 as Direct Linear Solver

No. of Data Rows : 61
zmin = 1.1612041284e+06
Doing analysis at TEMP = 27.000000 and TNOM = 27.000000

Using SPARSE 1.3 as Direct Linear Solver

No. of Data Rows : 1
cvcs1k = 2.0041110609e-03
Doing analysis at TEMP = 27.000000 and TNOM = 27.000000

Using SPARSE 1.3 as Direct Linear Solver

No. of Data Rows : 1
cvcs20k = 2.3943644571e-03
Doing analysis at TEMP = 27.000000 and TNOM = 27.000000

Using SPARSE 1.3 as Direct Linear Solver

No. of Data Rows : 1
cvcp1k = 1.2852016724e-02
Doing analysis at TEMP = 27.000000 and TNOM = 27.000000

Using SPARSE 1.3 as Direct Linear Solver

No. of Data Rows : 1
cvcp20k = 2.0385938973e-03
L47B1_CASO d=0.3250
Doing analysis at TEMP = 27.000000 and TNOM = 27.000000

Using SPARSE 1.3 as Direct Linear Solver

Initial Transient Solution
--------------------------

Node                                   Voltage
----                                   -------
vsn                                          0
srcx                              -1.04364e-05
ain                                   -5.18886
gs                                    -6.95758
gp                                    -10.1588
csf                                   -8.87737
cpf                                   -13.4871
cs                                       -9.75
cp                                         -15
vcp#branch                         1.51288e-05
vcs#branch                         8.72631e-06
vsrc#branch                       -6.95758e-06


No. of Data Rows : 4001
Fourier analysis for v(vsn):
  No. Harmonics: 10, THD: 3.24842e-11 %, Gridsize: 8192, Interpolation Degree: 1, No. Periods: 1

Harmonic Frequency       Magnitude       Phase           Norm. Mag       Norm. Phase    
-------- ---------       ---------       -----           ---------       -----------    
 0       0               -2.0877744e-13  0               0               0              
 1       1000            3.81799686      -6.53029731e-12 1               0              
 2       2000            4.286485807e-13 -89.6652918     1.12270543e-13  -89.6652918    
 3       3000            4.7207404e-13   -95.1170169     1.236444286e-13 -95.1170169    
 4       4000            4.619565526e-13 -90.0634065     1.209944821e-13 -90.0634065    
 5       5000            4.164805176e-13 -89.2401278     1.09083515e-13  -89.2401278    
 6       6000            4.265314767e-13 -84.2309345     1.117160365e-13 -84.2309345    
 7       7000            4.643421373e-13 -83.6025448     1.216193083e-13 -83.6025448    
 8       8000            4.125405645e-13 -90.1974439     1.080515725e-13 -90.1974439    
 9       9000            4.207383671e-13 -93.76583       1.1019872e-13   -93.76583      

Fourier analysis for v(ain):
  No. Harmonics: 10, THD: 4.5922 %, Gridsize: 8192, Interpolation Degree: 1, No. Periods: 1

Harmonic Frequency       Magnitude       Phase           Norm. Mag       Norm. Phase    
-------- ---------       ---------       -----           ---------       -----------    
 0       0               -5.18852847     0               0               0              
 1       1000            0.006564816299  1.695729188     1               0              
 2       2000            0.0003002042823 -86.1067466     0.04572927384   -87.8024757    
 3       3000            2.740970771e-05 -171.767337     0.004175243671  -173.463066    
 4       4000            3.129907584e-06 95.21100826     0.0004767700178 93.51527907    
 5       5000            5.137488018e-07 10.12712133     7.82579098e-05  8.431392145    
 6       6000            1.166451366e-07 -29.9781813     1.776822553e-05 -31.6739105    
 7       7000            7.061700168e-08 -4.22759168     1.075688922e-05 -5.92332087    
 8       8000            6.815821628e-08 -0.624087191    1.038234936e-05 -2.31981638    
 9       9000            6.10055446e-08  -1.30889783     9.292803001e-06 -3.00462702    

Doing analysis at TEMP = 27.000000 and TNOM = 27.000000

Using SPARSE 1.3 as Direct Linear Solver

Initial Transient Solution
--------------------------

Node                                   Voltage
----                                   -------
vsn                                          0
srcx                              -1.04364e-05
ain                                   -5.18886
gs                                    -6.95758
gp                                    -10.1588
csf                                   -8.87737
cpf                                   -13.4871
cs                                       -9.75
cp                                         -15
vcp#branch                         1.51288e-05
vcs#branch                         8.72631e-06
vsrc#branch                       -6.95758e-06


No. of Data Rows : 4001
Fourier analysis for v(vsn):
  No. Harmonics: 10, THD: 1.83239e-10 %, Gridsize: 8192, Interpolation Degree: 1, No. Periods: 1

Harmonic Frequency       Magnitude       Phase           Norm. Mag       Norm. Phase    
-------- ---------       ---------       -----           ---------       -----------    
 0       0               -1.22047511e-12 0               0               0              
 1       20000           3.81799686      -3.74644408e-11 1               0              
 2       40000           2.441485255e-12 -87.6909717     6.394675912e-13 -87.6909717    
 3       60000           2.482056324e-12 -88.0223523     6.50093862e-13  -88.0223523    
 4       80000           2.495568762e-12 -90.579458      6.536330055e-13 -90.579458     
 5       100000          2.488585988e-12 -87.9105573     6.51804095e-13  -87.9105573    
 6       120000          2.563165169e-12 -87.4528109     6.713376838e-13 -87.4528109    
 7       140000          2.462392976e-12 -88.6343298     6.449436882e-13 -88.6343298    
 8       160000          2.443844329e-12 -90.6396608     6.400854739e-13 -90.6396608    
 9       180000          2.407716348e-12 -87.4077148     6.306229252e-13 -87.4077148    

Fourier analysis for v(ain):
  No. Harmonics: 10, THD: 6.39756 %, Gridsize: 8192, Interpolation Degree: 1, No. Periods: 1

Harmonic Frequency       Magnitude       Phase           Norm. Mag       Norm. Phase    
-------- ---------       ---------       -----           ---------       -----------    
 0       0               -5.18843997     0               0               0              
 1       20000           0.007766882993  37.1665887      1               0              
 2       40000           0.0004894435627 -26.6923757     0.06301672925   -63.8589644    
 3       60000           8.547018154e-05 -75.8971437     0.0110044379    -113.063732    
 4       80000           6.011587249e-06 -133.359444     0.0007740025509 -170.526032    
 5       100000          2.137532961e-06 146.255074      0.0002752111707 109.0884853    
 6       120000          3.132583452e-07 133.9306421     4.033256913e-05 96.76405335    
 7       140000          3.755493949e-08 10.66677831     4.835265257e-06 -26.4998104    
 8       160000          1.208815292e-08 -12.7416597     1.556371189e-06 -49.9082484    
 9       180000          2.945084797e-09 -162.993965     3.791849059e-07 -200.160553    

Doing analysis at TEMP = 27.000000 and TNOM = 27.000000

Using SPARSE 1.3 as Direct Linear Solver

No. of Data Rows : 1
h1k = 1.6972324100e-03
Doing analysis at TEMP = 27.000000 and TNOM = 27.000000

Using SPARSE 1.3 as Direct Linear Solver

No. of Data Rows : 1
h20k = 1.9949640870e-03
Doing analysis at TEMP = 27.000000 and TNOM = 27.000000

Using SPARSE 1.3 as Direct Linear Solver

No. of Data Rows : 1
mag(v(ain)) = 1.9657531990e-03
Doing analysis at TEMP = 27.000000 and TNOM = 27.000000

Using SPARSE 1.3 as Direct Linear Solver

No. of Data Rows : 61
zmin = 1.1622543119e+06
Doing analysis at TEMP = 27.000000 and TNOM = 27.000000

Using SPARSE 1.3 as Direct Linear Solver

No. of Data Rows : 1
cvcs1k = 1.7033603612e-03
Doing analysis at TEMP = 27.000000 and TNOM = 27.000000

Using SPARSE 1.3 as Direct Linear Solver

No. of Data Rows : 1
cvcs20k = 1.9936881647e-03
Doing analysis at TEMP = 27.000000 and TNOM = 27.000000

Using SPARSE 1.3 as Direct Linear Solver

No. of Data Rows : 1
cvcp1k = 1.2863936548e-02
Doing analysis at TEMP = 27.000000 and TNOM = 27.000000

Using SPARSE 1.3 as Direct Linear Solver

No. of Data Rows : 1
cvcp20k = 1.6686257481e-03
L47B1_CASO d=0.3500
Doing analysis at TEMP = 27.000000 and TNOM = 27.000000

Using SPARSE 1.3 as Direct Linear Solver

Initial Transient Solution
--------------------------

Node                                   Voltage
----                                   -------
vsn                                          0
srcx                              -1.11238e-05
ain                                   -5.19387
gs                                    -7.41588
gp                                    -10.1598
csf                                   -9.53621
cpf                                   -13.4874
cs                                       -10.5
cp                                         -15
vcp#branch                         1.51257e-05
vcs#branch                         9.63788e-06
vsrc#branch                       -7.41587e-06


No. of Data Rows : 4001
Fourier analysis for v(vsn):
  No. Harmonics: 10, THD: 1.76207e-10 %, Gridsize: 8192, Interpolation Degree: 1, No. Periods: 1

Harmonic Frequency       Magnitude       Phase           Norm. Mag       Norm. Phase    
-------- ---------       ---------       -----           ---------       -----------    
 0       0               -1.15692352e-12 0               0               0              
 1       1000            3.81799686      -3.55061684e-11 1               0              
 2       2000            2.402327845e-12 -89.55924       6.292115822e-13 -89.55924      
 3       3000            2.392256673e-12 -89.5419249     6.265737664e-13 -89.5419249    
 4       4000            2.380107545e-12 -89.0619464     6.233916978e-13 -89.0619464    
 5       5000            2.387024244e-12 -89.1170482     6.252033021e-13 -89.1170482    
 6       6000            2.327805734e-12 -88.4079143     6.096929409e-13 -88.4079143    
 7       7000            2.322660871e-12 -88.1908166     6.083454115e-13 -88.1908166    
 8       8000            2.402223637e-12 -88.7660927     6.291842882e-13 -88.7660927    
 9       9000            2.412357311e-12 -87.9316397     6.318384744e-13 -87.9316397    

Fourier analysis for v(ain):
  No. Harmonics: 10, THD: 3.54616 %, Gridsize: 8192, Interpolation Degree: 1, No. Periods: 1

Harmonic Frequency       Magnitude       Phase           Norm. Mag       Norm. Phase    
-------- ---------       ---------       -----           ---------       -----------    
 0       0               -5.19364182     0               0               0              
 1       1000            0.005778655946  1.593802248     1               0              
 2       2000            0.0002044125348 -86.3831638     0.0353737161    -87.9769661    
 3       3000            1.435873924e-05 -171.155563     0.002484788743  -172.749365    
 4       4000            1.268610167e-06 90.13572117     0.0002195337772 88.54191893    
 5       5000            2.375249717e-07 8.077150096     4.110384385e-05 6.483347848    
 6       6000            9.507257119e-08 -9.54068655     1.645236749e-05 -11.1344888    
 7       7000            7.79473704e-08  -1.75273052     1.348884085e-05 -3.34653277    
 8       8000            6.945998659e-08 -0.842325182    1.202009381e-05 -2.43612743    
 9       9000            6.175919504e-08 -0.832301896    1.068746706e-05 -2.42610414    

Doing analysis at TEMP = 27.000000 and TNOM = 27.000000

Using SPARSE 1.3 as Direct Linear Solver

Initial Transient Solution
--------------------------

Node                                   Voltage
----                                   -------
vsn                                          0
srcx                              -1.11238e-05
ain                                   -5.19387
gs                                    -7.41588
gp                                    -10.1598
csf                                   -9.53621
cpf                                   -13.4874
cs                                       -10.5
cp                                         -15
vcp#branch                         1.51257e-05
vcs#branch                         9.63788e-06
vsrc#branch                       -7.41587e-06


No. of Data Rows : 4001
Fourier analysis for v(vsn):
  No. Harmonics: 10, THD: 1.83239e-10 %, Gridsize: 8192, Interpolation Degree: 1, No. Periods: 1

Harmonic Frequency       Magnitude       Phase           Norm. Mag       Norm. Phase    
-------- ---------       ---------       -----           ---------       -----------    
 0       0               -1.22047511e-12 0               0               0              
 1       20000           3.81799686      -3.74644408e-11 1               0              
 2       40000           2.441485255e-12 -87.6909717     6.394675912e-13 -87.6909717    
 3       60000           2.482056324e-12 -88.0223523     6.50093862e-13  -88.0223523    
 4       80000           2.495568762e-12 -90.579458      6.536330055e-13 -90.579458     
 5       100000          2.488585988e-12 -87.9105573     6.51804095e-13  -87.9105573    
 6       120000          2.563165169e-12 -87.4528109     6.713376838e-13 -87.4528109    
 7       140000          2.462392976e-12 -88.6343298     6.449436882e-13 -88.6343298    
 8       160000          2.443844329e-12 -90.6396608     6.400854739e-13 -90.6396608    
 9       180000          2.407716348e-12 -87.4077148     6.306229252e-13 -87.4077148    

Fourier analysis for v(ain):
  No. Harmonics: 10, THD: 4.83008 %, Gridsize: 8192, Interpolation Degree: 1, No. Periods: 1

Harmonic Frequency       Magnitude       Phase           Norm. Mag       Norm. Phase    
-------- ---------       ---------       -----           ---------       -----------    
 0       0               -5.19359728     0               0               0              
 1       20000           0.006706971671  35.7237798      1               0              
 2       40000           0.0003201996737 -30.9126265     0.04774131895   -66.6364063    
 3       60000           4.914289081e-05 -76.3939366     0.007327135587  -112.117716    
 4       80000           1.153740246e-06 -136.083765     0.0001720210406 -171.807545    
 5       100000          9.457938456e-07 133.7572438     0.0001410165261 98.03346402    
 6       120000          1.090107461e-07 163.7563905     1.625334822e-05 128.0326107    
 7       140000          1.548209721e-08 -57.7038675     2.308358819e-06 -93.4276473    
 8       160000          2.247983625e-09 -9.46245358     3.351711823e-07 -45.1862334    
 9       180000          2.216663847e-09 169.0380169     3.305014476e-07 133.3142371    

Doing analysis at TEMP = 27.000000 and TNOM = 27.000000

Using SPARSE 1.3 as Direct Linear Solver

No. of Data Rows : 1
h1k = 1.5014967448e-03
Doing analysis at TEMP = 27.000000 and TNOM = 27.000000

Using SPARSE 1.3 as Direct Linear Solver

No. of Data Rows : 1
h20k = 1.7365276568e-03
Doing analysis at TEMP = 27.000000 and TNOM = 27.000000

Using SPARSE 1.3 as Direct Linear Solver

No. of Data Rows : 1
mag(v(ain)) = 1.7391917279e-03
Doing analysis at TEMP = 27.000000 and TNOM = 27.000000

Using SPARSE 1.3 as Direct Linear Solver

No. of Data Rows : 61
zmin = 1.1631883202e+06
Doing analysis at TEMP = 27.000000 and TNOM = 27.000000

Using SPARSE 1.3 as Direct Linear Solver

No. of Data Rows : 1
cvcs1k = 1.5069443439e-03
Doing analysis at TEMP = 27.000000 and TNOM = 27.000000

Using SPARSE 1.3 as Direct Linear Solver

No. of Data Rows : 1
cvcs20k = 1.7354447403e-03
Doing analysis at TEMP = 27.000000 and TNOM = 27.000000

Using SPARSE 1.3 as Direct Linear Solver

No. of Data Rows : 1
cvcp1k = 1.2875436071e-02
Doing analysis at TEMP = 27.000000 and TNOM = 27.000000

Using SPARSE 1.3 as Direct Linear Solver

No. of Data Rows : 1
cvcp20k = 1.4394334415e-03
L47B1_CASO d=0.3750
Doing analysis at TEMP = 27.000000 and TNOM = 27.000000

Using SPARSE 1.3 as Direct Linear Solver

Initial Transient Solution
--------------------------

Node                                   Voltage
----                                   -------
vsn                                          0
srcx                              -1.18111e-05
ain                                   -5.19837
gs                                    -7.87407
gp                                    -10.1607
csf                                    -10.195
cpf                                   -13.4877
cs                                      -11.25
cp                                         -15
vcp#branch                          1.5123e-05
vcs#branch                         1.05498e-05
vsrc#branch                       -7.87407e-06


No. of Data Rows : 4001
Fourier analysis for v(vsn):
  No. Harmonics: 10, THD: 1.82423e-10 %, Gridsize: 8192, Interpolation Degree: 1, No. Periods: 1

Harmonic Frequency       Magnitude       Phase           Norm. Mag       Norm. Phase    
-------- ---------       ---------       -----           ---------       -----------    
 0       0               -1.22454477e-12 0               0               0              
 1       1000            3.81799686      -3.71591613e-11 1               0              
 2       2000            2.459847601e-12 -89.4460182     6.4427701e-13   -89.4460182    
 3       3000            2.468423083e-12 -89.8027962     6.465230783e-13 -89.8027962    
 4       4000            2.490441226e-12 -88.3667386     6.522900143e-13 -88.3667386    
 5       5000            2.480985163e-12 -88.9950906     6.498133063e-13 -88.9950906    
 6       6000            2.441255333e-12 -89.3827447     6.394073705e-13 -89.3827447    
 7       7000            2.434110817e-12 -88.6304784     6.375360972e-13 -88.6304784    
 8       8000            2.463075865e-12 -87.6315719     6.451225487e-13 -87.6315719    
 9       9000            2.461053183e-12 -87.6257769     6.44592773e-13  -87.6257769    

Fourier analysis for v(ain):
  No. Harmonics: 10, THD: 2.89332 %, Gridsize: 8192, Interpolation Degree: 1, No. Periods: 1

Harmonic Frequency       Magnitude       Phase           Norm. Mag       Norm. Phase    
-------- ---------       ---------       -----           ---------       -----------    
 0       0               -5.19819167     0               0               0              
 1       1000            0.005224106933  1.508008152     1               0              
 2       2000            0.0001509037932 -86.6393824     0.028886046     -88.1473905    
 3       3000            8.596695699e-06 -170.543307     0.001645581878  -172.051316    
 4       4000            6.301717268e-07 82.2290663      0.000120627647  80.72105814    
 5       5000            1.591617092e-07 5.853132461     3.046677859e-05 4.345124309    
 6       6000            9.053085571e-08 -3.84335487     1.732944154e-05 -5.35136302    
 7       7000            7.736518518e-08 -1.08426677     1.480926523e-05 -2.59227492    
 8       8000            6.803588222e-08 -0.666176865    1.302344747e-05 -2.17418502    
 9       9000            6.045857586e-08 -0.543230174    1.157299738e-05 -2.05123833    

Doing analysis at TEMP = 27.000000 and TNOM = 27.000000

Using SPARSE 1.3 as Direct Linear Solver

Initial Transient Solution
--------------------------

Node                                   Voltage
----                                   -------
vsn                                          0
srcx                              -1.18111e-05
ain                                   -5.19837
gs                                    -7.87407
gp                                    -10.1607
csf                                    -10.195
cpf                                   -13.4877
cs                                      -11.25
cp                                         -15
vcp#branch                          1.5123e-05
vcs#branch                         1.05498e-05
vsrc#branch                       -7.87407e-06


No. of Data Rows : 4001
Fourier analysis for v(vsn):
  No. Harmonics: 10, THD: 1.83239e-10 %, Gridsize: 8192, Interpolation Degree: 1, No. Periods: 1

Harmonic Frequency       Magnitude       Phase           Norm. Mag       Norm. Phase    
-------- ---------       ---------       -----           ---------       -----------    
 0       0               -1.22047511e-12 0               0               0              
 1       20000           3.81799686      -3.74644408e-11 1               0              
 2       40000           2.441485255e-12 -87.6909717     6.394675912e-13 -87.6909717    
 3       60000           2.482056324e-12 -88.0223523     6.50093862e-13  -88.0223523    
 4       80000           2.495568762e-12 -90.579458      6.536330055e-13 -90.579458     
 5       100000          2.488585988e-12 -87.9105573     6.51804095e-13  -87.9105573    
 6       120000          2.563165169e-12 -87.4528109     6.713376838e-13 -87.4528109    
 7       140000          2.462392976e-12 -88.6343298     6.449436882e-13 -88.6343298    
 8       160000          2.443844329e-12 -90.6396608     6.400854739e-13 -90.6396608    
 9       180000          2.407716348e-12 -87.4077148     6.306229252e-13 -87.4077148    

Fourier analysis for v(ain):
  No. Harmonics: 10, THD: 3.86502 %, Gridsize: 8192, Interpolation Degree: 1, No. Periods: 1

Harmonic Frequency       Magnitude       Phase           Norm. Mag       Norm. Phase    
-------- ---------       ---------       -----           ---------       -----------    
 0       0               -5.19816821     0               0               0              
 1       20000           0.005976057856  34.44509615     1               0              
 2       40000           0.0002287370104 -34.686724      0.03827556827   -69.1318202    
 3       60000           3.207477022e-05 -76.3165781     0.005367212131  -110.761674    
 4       80000           1.739864422e-07 47.83097026     2.911391529e-05 13.38587411    
 5       100000          5.480477495e-07 127.2204824     9.170723622e-05 92.77538626    
 6       120000          6.560592394e-08 -176.116647     1.097812731e-05 -210.561743    
 7       140000          1.111891847e-08 -74.3204907     1.860577448e-06 -108.765587    
 8       160000          6.456006071e-10 6.789963988     1.080311842e-07 -27.6551322    
 9       180000          1.581078542e-09 168.0165082     2.645688145e-07 133.571412     

Doing analysis at TEMP = 27.000000 and TNOM = 27.000000

Using SPARSE 1.3 as Direct Linear Solver

No. of Data Rows : 1
h1k = 1.3608453238e-03
Doing analysis at TEMP = 27.000000 and TNOM = 27.000000

Using SPARSE 1.3 as Direct Linear Solver

No. of Data Rows : 1
h20k = 1.5533440075e-03
Doing analysis at TEMP = 27.000000 and TNOM = 27.000000

Using SPARSE 1.3 as Direct Linear Solver

No. of Data Rows : 1
mag(v(ain)) = 1.5763722078e-03
Doing analysis at TEMP = 27.000000 and TNOM = 27.000000

Using SPARSE 1.3 as Direct Linear Solver

No. of Data Rows : 61
zmin = 1.1640261836e+06
Doing analysis at TEMP = 27.000000 and TNOM = 27.000000

Using SPARSE 1.3 as Direct Linear Solver

No. of Data Rows : 1
cvcs1k = 1.3658047261e-03
Doing analysis at TEMP = 27.000000 and TNOM = 27.000000

Using SPARSE 1.3 as Direct Linear Solver

No. of Data Rows : 1
cvcs20k = 1.5523983772e-03
Doing analysis at TEMP = 27.000000 and TNOM = 27.000000

Using SPARSE 1.3 as Direct Linear Solver

No. of Data Rows : 1
cvcp1k = 1.2885442709e-02
Doing analysis at TEMP = 27.000000 and TNOM = 27.000000

Using SPARSE 1.3 as Direct Linear Solver

No. of Data Rows : 1
cvcp20k = 1.2836967503e-03
L47B1_CASO d=0.4000
Doing analysis at TEMP = 27.000000 and TNOM = 27.000000

Using SPARSE 1.3 as Direct Linear Solver

Initial Transient Solution
--------------------------

Node                                   Voltage
----                                   -------
vsn                                          0
srcx                              -1.24983e-05
ain                                   -5.20247
gs                                    -8.33219
gp                                    -10.1615
csf                                   -10.8538
cpf                                    -13.488
cs                                         -12
cp                                         -15
vcp#branch                         1.51205e-05
vcs#branch                         1.14619e-05
vsrc#branch                       -8.33219e-06


No. of Data Rows : 4001
Fourier analysis for v(vsn):
  No. Harmonics: 10, THD: 1.82423e-10 %, Gridsize: 8192, Interpolation Degree: 1, No. Periods: 1

Harmonic Frequency       Magnitude       Phase           Norm. Mag       Norm. Phase    
-------- ---------       ---------       -----           ---------       -----------    
 0       0               -1.22454477e-12 0               0               0              
 1       1000            3.81799686      -3.71591613e-11 1               0              
 2       2000            2.459847601e-12 -89.4460182     6.4427701e-13   -89.4460182    
 3       3000            2.468423083e-12 -89.8027962     6.465230783e-13 -89.8027962    
 4       4000            2.490441226e-12 -88.3667386     6.522900143e-13 -88.3667386    
 5       5000            2.480985163e-12 -88.9950906     6.498133063e-13 -88.9950906    
 6       6000            2.441255333e-12 -89.3827447     6.394073705e-13 -89.3827447    
 7       7000            2.434110817e-12 -88.6304784     6.375360972e-13 -88.6304784    
 8       8000            2.463075865e-12 -87.6315719     6.451225487e-13 -87.6315719    
 9       9000            2.461053183e-12 -87.6257769     6.44592773e-13  -87.6257769    

Fourier analysis for v(ain):
  No. Harmonics: 10, THD: 2.44534 %, Gridsize: 8192, Interpolation Degree: 1, No. Periods: 1

Harmonic Frequency       Magnitude       Phase           Norm. Mag       Norm. Phase    
-------- ---------       ---------       -----           ---------       -----------    
 0       0               -5.20233507     0               0               0              
 1       1000            0.004805013604  1.434384249     1               0              
 2       2000            0.0001173645037 -86.8713364     0.02442542589   -88.3057206    
 3       3000            5.605244324e-06 -169.929457     0.001166540781  -171.363841    
 4       4000            3.661188167e-07 71.54071962     7.619516757e-05 70.10633537    
 5       5000            1.288010991e-07 4.160705405     2.680556388e-05 2.726321157    
 6       6000            8.72812293e-08  -1.95861176     1.816461648e-05 -3.39299601    
 7       7000            7.515444689e-08 -0.754245312    1.564083957e-05 -2.18862956    
 8       8000            6.588592143e-08 -0.486609336    1.371191153e-05 -1.92099358    
 9       9000            5.854616037e-08 -0.394866893    1.218439014e-05 -1.82925114    

Doing analysis at TEMP = 27.000000 and TNOM = 27.000000

Using SPARSE 1.3 as Direct Linear Solver

Initial Transient Solution
--------------------------

Node                                   Voltage
----                                   -------
vsn                                          0
srcx                              -1.24983e-05
ain                                   -5.20247
gs                                    -8.33219
gp                                    -10.1615
csf                                   -10.8538
cpf                                    -13.488
cs                                         -12
cp                                         -15
vcp#branch                         1.51205e-05
vcs#branch                         1.14619e-05
vsrc#branch                       -8.33219e-06

 Reference value :  3.00007e-04
No. of Data Rows : 4001
Fourier analysis for v(vsn):
  No. Harmonics: 10, THD: 1.83239e-10 %, Gridsize: 8192, Interpolation Degree: 1, No. Periods: 1

Harmonic Frequency       Magnitude       Phase           Norm. Mag       Norm. Phase    
-------- ---------       ---------       -----           ---------       -----------    
 0       0               -1.22047511e-12 0               0               0              
 1       20000           3.81799686      -3.74644408e-11 1               0              
 2       40000           2.441485255e-12 -87.6909717     6.394675912e-13 -87.6909717    
 3       60000           2.482056324e-12 -88.0223523     6.50093862e-13  -88.0223523    
 4       80000           2.495568762e-12 -90.579458      6.536330055e-13 -90.579458     
 5       100000          2.488585988e-12 -87.9105573     6.51804095e-13  -87.9105573    
 6       120000          2.563165169e-12 -87.4528109     6.713376838e-13 -87.4528109    
 7       140000          2.462392976e-12 -88.6343298     6.449436882e-13 -88.6343298    
 8       160000          2.443844329e-12 -90.6396608     6.400854739e-13 -90.6396608    
 9       180000          2.407716348e-12 -87.4077148     6.306229252e-13 -87.4077148    

Fourier analysis for v(ain):
  No. Harmonics: 10, THD: 3.21072 %, Gridsize: 8192, Interpolation Degree: 1, No. Periods: 1

Harmonic Frequency       Magnitude       Phase           Norm. Mag       Norm. Phase    
-------- ---------       ---------       -----           ---------       -----------    
 0       0               -5.20232313     0               0               0              
 1       20000           0.005433248276  33.30713799     1               0              
 2       40000           0.0001729744742 -38.0803154     0.03183629119   -71.3874534    
 3       60000           2.26041657e-05  -75.9925644     0.004160341026  -109.299702    
 4       80000           5.506647543e-07 43.48267848     0.0001013509279 10.17554049    
 5       100000          3.588072049e-07 124.1658091     6.603916969e-05 90.85867111    
 6       120000          4.570461735e-08 -166.47649      8.412024453e-06 -199.783628    
 7       140000          7.642571139e-09 -78.923948      1.406630206e-06 -112.231086    
 8       160000          2.104436959e-10 46.75179591     3.873257492e-08 13.44465792    
 9       180000          1.172674842e-09 168.8217009     2.158331043e-07 135.5145629    

Doing analysis at TEMP = 27.000000 and TNOM = 27.000000

Using SPARSE 1.3 as Direct Linear Solver

No. of Data Rows : 1
h1k = 1.2535035412e-03
Doing analysis at TEMP = 27.000000 and TNOM = 27.000000

Using SPARSE 1.3 as Direct Linear Solver

No. of Data Rows : 1
h20k = 1.4153764934e-03
Doing analysis at TEMP = 27.000000 and TNOM = 27.000000

Using SPARSE 1.3 as Direct Linear Solver

No. of Data Rows : 1
mag(v(ain)) = 1.4521012209e-03
Doing analysis at TEMP = 27.000000 and TNOM = 27.000000

Using SPARSE 1.3 as Direct Linear Solver

No. of Data Rows : 61
zmin = 1.1647832132e+06
Doing analysis at TEMP = 27.000000 and TNOM = 27.000000

Using SPARSE 1.3 as Direct Linear Solver

No. of Data Rows : 1
cvcs1k = 1.2580906588e-03
Doing analysis at TEMP = 27.000000 and TNOM = 27.000000

Using SPARSE 1.3 as Direct Linear Solver

No. of Data Rows : 1
cvcs20k = 1.4145344480e-03
Doing analysis at TEMP = 27.000000 and TNOM = 27.000000

Using SPARSE 1.3 as Direct Linear Solver

No. of Data Rows : 1
cvcp1k = 1.2894022242e-02
Doing analysis at TEMP = 27.000000 and TNOM = 27.000000

Using SPARSE 1.3 as Direct Linear Solver

No. of Data Rows : 1
cvcp20k = 1.1714564968e-03
L47B1_CASO d=0.4250
Doing analysis at TEMP = 27.000000 and TNOM = 27.000000

Using SPARSE 1.3 as Direct Linear Solver

Initial Transient Solution
--------------------------

Node                                   Voltage
----                                   -------
vsn                                          0
srcx                              -1.31854e-05
ain                                   -5.20628
gs                                    -8.79025
gp                                    -10.1622
csf                                   -11.5126
cpf                                   -13.4882
cs                                      -12.75
cp                                         -15
vcp#branch                         1.51181e-05
vcs#branch                         1.23742e-05
vsrc#branch                       -8.79025e-06


No. of Data Rows : 4001
Fourier analysis for v(vsn):
  No. Harmonics: 10, THD: 1.82423e-10 %, Gridsize: 8192, Interpolation Degree: 1, No. Periods: 1

Harmonic Frequency       Magnitude       Phase           Norm. Mag       Norm. Phase    
-------- ---------       ---------       -----           ---------       -----------    
 0       0               -1.22454477e-12 0               0               0              
 1       1000            3.81799686      -3.71591613e-11 1               0              
 2       2000            2.459847601e-12 -89.4460182     6.4427701e-13   -89.4460182    
 3       3000            2.468423083e-12 -89.8027962     6.465230783e-13 -89.8027962    
 4       4000            2.490441226e-12 -88.3667386     6.522900143e-13 -88.3667386    
 5       5000            2.480985163e-12 -88.9950906     6.498133063e-13 -88.9950906    
 6       6000            2.441255333e-12 -89.3827447     6.394073705e-13 -89.3827447    
 7       7000            2.434110817e-12 -88.6304784     6.375360972e-13 -88.6304784    
 8       8000            2.463075865e-12 -87.6315719     6.451225487e-13 -87.6315719    
 9       9000            2.461053183e-12 -87.6257769     6.44592773e-13  -87.6257769    

Fourier analysis for v(ain):
  No. Harmonics: 10, THD: 2.11831 %, Gridsize: 8192, Interpolation Degree: 1, No. Periods: 1

Harmonic Frequency       Magnitude       Phase           Norm. Mag       Norm. Phase    
-------- ---------       ---------       -----           ---------       -----------    
 0       0               -5.20616632     0               0               0              
 1       1000            0.004473550508  1.370221923     1               0              
 2       2000            9.468378915e-05 -87.0792253     0.02116524425   -88.4494473    
 3       3000            3.877809085e-06 -169.313103     0.0008668302901 -170.683325    
 4       4000            2.452290346e-07 59.09912162     5.481754015e-05 57.7288997     
 5       5000            1.138590549e-07 3.007481661     2.545160822e-05 1.637259739    
 6       6000            8.422668729e-08 -1.17179608     1.882770456e-05 -2.542018      
 7       7000            7.260023956e-08 -0.556439858    1.622877386e-05 -1.92666178    
 8       8000            6.358180509e-08 -0.354673892    1.421282826e-05 -1.72489581    
 9       9000            5.648808932e-08 -0.277243607    1.262712676e-05 -1.64746553    

Doing analysis at TEMP = 27.000000 and TNOM = 27.000000

Using SPARSE 1.3 as Direct Linear Solver

Initial Transient Solution
--------------------------

Node                                   Voltage
----                                   -------
vsn                                          0
srcx                              -1.31854e-05
ain                                   -5.20628
gs                                    -8.79025
gp                                    -10.1622
csf                                   -11.5126
cpf                                   -13.4882
cs                                      -12.75
cp                                         -15
vcp#branch                         1.51181e-05
vcs#branch                         1.23742e-05
vsrc#branch                       -8.79025e-06


No. of Data Rows : 4001
Fourier analysis for v(vsn):
  No. Harmonics: 10, THD: 1.83239e-10 %, Gridsize: 8192, Interpolation Degree: 1, No. Periods: 1

Harmonic Frequency       Magnitude       Phase           Norm. Mag       Norm. Phase    
-------- ---------       ---------       -----           ---------       -----------    
 0       0               -1.22047511e-12 0               0               0              
 1       20000           3.81799686      -3.74644408e-11 1               0              
 2       40000           2.441485255e-12 -87.6909717     6.394675912e-13 -87.6909717    
 3       60000           2.482056324e-12 -88.0223523     6.50093862e-13  -88.0223523    
 4       80000           2.495568762e-12 -90.579458      6.536330055e-13 -90.579458     
 5       100000          2.488585988e-12 -87.9105573     6.51804095e-13  -87.9105573    
 6       120000          2.563165169e-12 -87.4528109     6.713376838e-13 -87.4528109    
 7       140000          2.462392976e-12 -88.6343298     6.449436882e-13 -88.6343298    
 8       160000          2.443844329e-12 -90.6396608     6.400854739e-13 -90.6396608    
 9       180000          2.407716348e-12 -87.4077148     6.306229252e-13 -87.4077148    

Fourier analysis for v(ain):
  No. Harmonics: 10, THD: 2.73904 %, Gridsize: 8192, Interpolation Degree: 1, No. Periods: 1

Harmonic Frequency       Magnitude       Phase           Norm. Mag       Norm. Phase    
-------- ---------       ---------       -----           ---------       -----------    
 0       0               -5.20616123     0               0               0              
 1       20000           0.005010224017  32.28754674     1               0              
 2       40000           0.0001362012176 -41.1450571     0.02718465624   -73.4326038    
 3       60000           1.677347124e-05 -75.5845402     0.003347848556  -107.872087    
 4       80000           6.238076624e-07 42.41462602     0.0001245069403 10.12707928    
 5       100000          2.507302704e-07 122.8304173     5.004372449e-05 90.54287056    
 6       120000          3.30414455e-08  -161.481363     6.594804021e-06 -193.76891     
 7       140000          5.236002004e-09 -80.6760755     1.045063452e-06 -112.963622    
 8       160000          1.522035006e-10 127.2025673     3.03785819e-08  94.91502054    
 9       180000          8.937239071e-10 172.4912419     1.783800293e-07 140.2036951    

Doing analysis at TEMP = 27.000000 and TNOM = 27.000000

Using SPARSE 1.3 as Direct Linear Solver

No. of Data Rows : 1
h1k = 1.1681092130e-03
Doing analysis at TEMP = 27.000000 and TNOM = 27.000000

Using SPARSE 1.3 as Direct Linear Solver

No. of Data Rows : 1
h20k = 1.3069688605e-03
Doing analysis at TEMP = 27.000000 and TNOM = 27.000000

Using SPARSE 1.3 as Direct Linear Solver

No. of Data Rows : 1
mag(v(ain)) = 1.3532316159e-03
Doing analysis at TEMP = 27.000000 and TNOM = 27.000000

Using SPARSE 1.3 as Direct Linear Solver

No. of Data Rows : 61
zmin = 1.1654713110e+06
Doing analysis at TEMP = 27.000000 and TNOM = 27.000000

Using SPARSE 1.3 as Direct Linear Solver

No. of Data Rows : 1
cvcs1k = 1.1724002551e-03
Doing analysis at TEMP = 27.000000 and TNOM = 27.000000

Using SPARSE 1.3 as Direct Linear Solver

No. of Data Rows : 1
cvcs20k = 1.3062082416e-03
Doing analysis at TEMP = 27.000000 and TNOM = 27.000000

Using SPARSE 1.3 as Direct Linear Solver

No. of Data Rows : 1
cvcp1k = 1.2901407924e-02
Doing analysis at TEMP = 27.000000 and TNOM = 27.000000

Using SPARSE 1.3 as Direct Linear Solver

No. of Data Rows : 1
cvcp20k = 1.0871653069e-03
L47B1_CASO d=0.4500
Doing analysis at TEMP = 27.000000 and TNOM = 27.000000

Using SPARSE 1.3 as Direct Linear Solver

Initial Transient Solution
--------------------------

Node                                   Voltage
----                                   -------
vsn                                          0
srcx                              -1.38724e-05
ain                                   -5.20984
gs                                    -9.24826
gp                                    -10.1629
csf                                   -12.1713
cpf                                   -13.4884
cs                                       -13.5
cp                                         -15
vcp#branch                          1.5116e-05
vcs#branch                         1.32867e-05
vsrc#branch                       -9.24826e-06


No. of Data Rows : 4001
Fourier analysis for v(vsn):
  No. Harmonics: 10, THD: 1.82423e-10 %, Gridsize: 8192, Interpolation Degree: 1, No. Periods: 1

Harmonic Frequency       Magnitude       Phase           Norm. Mag       Norm. Phase    
-------- ---------       ---------       -----           ---------       -----------    
 0       0               -1.22454477e-12 0               0               0              
 1       1000            3.81799686      -3.71591613e-11 1               0              
 2       2000            2.459847601e-12 -89.4460182     6.4427701e-13   -89.4460182    
 3       3000            2.468423083e-12 -89.8027962     6.465230783e-13 -89.8027962    
 4       4000            2.490441226e-12 -88.3667386     6.522900143e-13 -88.3667386    
 5       5000            2.480985163e-12 -88.9950906     6.498133063e-13 -88.9950906    
 6       6000            2.441255333e-12 -89.3827447     6.394073705e-13 -89.3827447    
 7       7000            2.434110817e-12 -88.6304784     6.375360972e-13 -88.6304784    
 8       8000            2.463075865e-12 -87.6315719     6.451225487e-13 -87.6315719    
 9       9000            2.461053183e-12 -87.6257769     6.44592773e-13  -87.6257769    

Fourier analysis for v(ain):
  No. Harmonics: 10, THD: 1.86884 %, Gridsize: 8192, Interpolation Degree: 1, No. Periods: 1

Harmonic Frequency       Magnitude       Phase           Norm. Mag       Norm. Phase    
-------- ---------       ---------       -----           ---------       -----------    
 0       0               -5.20974768     0               0               0              
 1       1000            0.004202740899  1.313599209     1               0              
 2       2000            7.849205233e-05 -87.2647789     0.01867639576   -88.5783781    
 3       3000            2.80182016e-06  -168.692238     0.0006666649758 -170.005838    
 4       4000            1.864128259e-07 46.77928372     4.435506027e-05 45.46568452    
 5       5000            1.049598129e-07 2.238612676     2.497413366e-05 0.9250134666   
 6       6000            8.133078047e-08 -0.782345039    1.935184262e-05 -2.09594425    
 7       7000            7.004840636e-08 -0.418732895    1.666731498e-05 -1.7323321     
 8       8000            6.133963314e-08 -0.265630333    1.459514983e-05 -1.57922954    
 9       9000            5.452867398e-08 -0.197533642    1.297455049e-05 -1.51113285    

Doing analysis at TEMP = 27.000000 and TNOM = 27.000000

Using SPARSE 1.3 as Direct Linear Solver

Initial Transient Solution
--------------------------

Node                                   Voltage
----                                   -------
vsn                                          0
srcx                              -1.38724e-05
ain                                   -5.20984
gs                                    -9.24826
gp                                    -10.1629
csf                                   -12.1713
cpf                                   -13.4884
cs                                       -13.5
cp                                         -15
vcp#branch                          1.5116e-05
vcs#branch                         1.32867e-05
vsrc#branch                       -9.24826e-06


No. of Data Rows : 4001
Fourier analysis for v(vsn):
  No. Harmonics: 10, THD: 1.83239e-10 %, Gridsize: 8192, Interpolation Degree: 1, No. Periods: 1

Harmonic Frequency       Magnitude       Phase           Norm. Mag       Norm. Phase    
-------- ---------       ---------       -----           ---------       -----------    
 0       0               -1.22047511e-12 0               0               0              
 1       20000           3.81799686      -3.74644408e-11 1               0              
 2       40000           2.441485255e-12 -87.6909717     6.394675912e-13 -87.6909717    
 3       60000           2.482056324e-12 -88.0223523     6.50093862e-13  -88.0223523    
 4       80000           2.495568762e-12 -90.579458      6.536330055e-13 -90.579458     
 5       100000          2.488585988e-12 -87.9105573     6.51804095e-13  -87.9105573    
 6       120000          2.563165169e-12 -87.4528109     6.713376838e-13 -87.4528109    
 7       140000          2.462392976e-12 -88.6343298     6.449436882e-13 -88.6343298    
 8       160000          2.443844329e-12 -90.6396608     6.400854739e-13 -90.6396608    
 9       180000          2.407716348e-12 -87.4077148     6.306229252e-13 -87.4077148    

Fourier analysis for v(ain):
  No. Harmonics: 10, THD: 2.38388 %, Gridsize: 8192, Interpolation Degree: 1, No. Periods: 1

Harmonic Frequency       Magnitude       Phase           Norm. Mag       Norm. Phase    
-------- ---------       ---------       -----           ---------       -----------    
 0       0               -5.20974689     0               0               0              
 1       20000           0.004669042     31.36767993     1               0              
 2       40000           0.0001105505075 -43.9224444     0.02367734269   -75.2901243    
 3       60000           1.291784662e-05 -75.1705973     0.002766701738  -106.538277    
 4       80000           5.943729708e-07 41.7224346      0.0001273008405 10.35475466    
 5       100000          1.824605676e-07 122.3260022     3.907880195e-05 90.95832229    
 6       120000          2.431747964e-08 -158.561957     5.208237501e-06 -189.929637    
 7       140000          3.633892914e-09 -81.9149883     7.782951865e-07 -113.282668    
 8       160000          2.090880203e-10 148.2790944     4.478178186e-08 116.9114144    
 9       180000          6.869378768e-10 172.3647306     1.471260864e-07 140.9970507    

Doing analysis at TEMP = 27.000000 and TNOM = 27.000000

Using SPARSE 1.3 as Direct Linear Solver

No. of Data Rows : 1
h1k = 1.0980772682e-03
Doing analysis at TEMP = 27.000000 and TNOM = 27.000000

Using SPARSE 1.3 as Direct Linear Solver

No. of Data Rows : 1
h20k = 1.2190769192e-03
Doing analysis at TEMP = 27.000000 and TNOM = 27.000000

Using SPARSE 1.3 as Direct Linear Solver

No. of Data Rows : 1
mag(v(ain)) = 1.2721433023e-03
Doing analysis at TEMP = 27.000000 and TNOM = 27.000000

Using SPARSE 1.3 as Direct Linear Solver

No. of Data Rows : 61
zmin = 1.1660999473e+06
Doing analysis at TEMP = 27.000000 and TNOM = 27.000000

Using SPARSE 1.3 as Direct Linear Solver

No. of Data Rows : 1
cvcs1k = 1.1021254790e-03
Doing analysis at TEMP = 27.000000 and TNOM = 27.000000

Using SPARSE 1.3 as Direct Linear Solver

No. of Data Rows : 1
cvcs20k = 1.2183822719e-03
Doing analysis at TEMP = 27.000000 and TNOM = 27.000000

Using SPARSE 1.3 as Direct Linear Solver

No. of Data Rows : 1
cvcp1k = 1.2907821441e-02
Doing analysis at TEMP = 27.000000 and TNOM = 27.000000

Using SPARSE 1.3 as Direct Linear Solver

No. of Data Rows : 1
cvcp20k = 1.0218944741e-03
L47B1_CASO d=0.4750
Doing analysis at TEMP = 27.000000 and TNOM = 27.000000

Using SPARSE 1.3 as Direct Linear Solver

Initial Transient Solution
--------------------------

Node                                   Voltage
----                                   -------
vsn                                          0
srcx                              -1.45593e-05
ain                                   -5.21321
gs                                    -9.70624
gp                                    -10.1635
csf                                   -12.8301
cpf                                   -13.4886
cs                                      -14.25
cp                                         -15
vcp#branch                         1.51139e-05
vcs#branch                         1.41993e-05
vsrc#branch                       -9.70623e-06


No. of Data Rows : 4001
Fourier analysis for v(vsn):
  No. Harmonics: 10, THD: 1.82423e-10 %, Gridsize: 8192, Interpolation Degree: 1, No. Periods: 1

Harmonic Frequency       Magnitude       Phase           Norm. Mag       Norm. Phase    
-------- ---------       ---------       -----           ---------       -----------    
 0       0               -1.22454477e-12 0               0               0              
 1       1000            3.81799686      -3.71591613e-11 1               0              
 2       2000            2.459847601e-12 -89.4460182     6.4427701e-13   -89.4460182    
 3       3000            2.468423083e-12 -89.8027962     6.465230783e-13 -89.8027962    
 4       4000            2.490441226e-12 -88.3667386     6.522900143e-13 -88.3667386    
 5       5000            2.480985163e-12 -88.9950906     6.498133063e-13 -88.9950906    
 6       6000            2.441255333e-12 -89.3827447     6.394073705e-13 -89.3827447    
 7       7000            2.434110817e-12 -88.6304784     6.375360972e-13 -88.6304784    
 8       8000            2.463075865e-12 -87.6315719     6.451225487e-13 -87.6315719    
 9       9000            2.461053183e-12 -87.6257769     6.44592773e-13  -87.6257769    

Fourier analysis for v(ain):
  No. Harmonics: 10, THD: 1.67216 %, Gridsize: 8192, Interpolation Degree: 1, No. Periods: 1

Harmonic Frequency       Magnitude       Phase           Norm. Mag       Norm. Phase    
-------- ---------       ---------       -----           ---------       -----------    
 0       0               -5.21312291     0               0               0              
 1       1000            0.003976013189  1.263106302     1               0              
 2       2000            6.645192371e-05 -87.4301562     0.01671320505   -88.6932625    
 3       3000            2.092399313e-06 -168.063971     0.0005262556267 -169.327077    
 4       4000            1.559873356e-07 36.19360969     3.923209712e-05 34.93050339    
 5       5000            9.886842322e-08 1.715130008     2.486622114e-05 0.4520237061   
 6       6000            7.861370081e-08 -0.564663045    1.977199196e-05 -1.82776935    
 7       7000            6.76607546e-08  -0.325990072    1.701723595e-05 -1.58909637    
 8       8000            5.922517046e-08 -0.187536606    1.48956172e-05  -1.45064291    
 9       9000            5.264136121e-08 -0.133954127    1.323973506e-05 -1.39706043    

Doing analysis at TEMP = 27.000000 and TNOM = 27.000000

Using SPARSE 1.3 as Direct Linear Solver

Initial Transient Solution
--------------------------

Node                                   Voltage
----                                   -------
vsn                                          0
srcx                              -1.45593e-05
ain                                   -5.21321
gs                                    -9.70624
gp                                    -10.1635
csf                                   -12.8301
cpf                                   -13.4886
cs                                      -14.25
cp                                         -15
vcp#branch                         1.51139e-05
vcs#branch                         1.41993e-05
vsrc#branch                       -9.70623e-06


No. of Data Rows : 4001
Fourier analysis for v(vsn):
  No. Harmonics: 10, THD: 1.83239e-10 %, Gridsize: 8192, Interpolation Degree: 1, No. Periods: 1

Harmonic Frequency       Magnitude       Phase           Norm. Mag       Norm. Phase    
-------- ---------       ---------       -----           ---------       -----------    
 0       0               -1.22047511e-12 0               0               0              
 1       20000           3.81799686      -3.74644408e-11 1               0              
 2       40000           2.441485255e-12 -87.6909717     6.394675912e-13 -87.6909717    
 3       60000           2.482056324e-12 -88.0223523     6.50093862e-13  -88.0223523    
 4       80000           2.495568762e-12 -90.579458      6.536330055e-13 -90.579458     
 5       100000          2.488585988e-12 -87.9105573     6.51804095e-13  -87.9105573    
 6       120000          2.563165169e-12 -87.4528109     6.713376838e-13 -87.4528109    
 7       140000          2.462392976e-12 -88.6343298     6.449436882e-13 -88.6343298    
 8       160000          2.443844329e-12 -90.6396608     6.400854739e-13 -90.6396608    
 9       180000          2.407716348e-12 -87.4077148     6.306229252e-13 -87.4077148    

Fourier analysis for v(ain):
  No. Harmonics: 10, THD: 2.10753 %, Gridsize: 8192, Interpolation Degree: 1, No. Periods: 1

Harmonic Frequency       Magnitude       Phase           Norm. Mag       Norm. Phase    
-------- ---------       ---------       -----           ---------       -----------    
 0       0               -5.21312494     0               0               0              
 1       20000           0.00438666453   30.53242552     1               0              
 2       40000           9.188067423e-05 -46.4468852     0.02094545266   -76.9793108    
 3       60000           1.023172403e-05 -74.7863879     0.002332461022  -105.318813    
 4       80000           5.331136728e-07 41.19905034     0.0001215305317 10.66662482    
 5       100000          1.366450881e-07 122.2298391     3.115011125e-05 91.69741362    
 6       120000          1.817931518e-08 -156.583658     4.144222804e-06 -187.116083    
 7       140000          2.54509392e-09  -83.0150451     5.801888662e-07 -113.547471    
 8       160000          2.531626072e-10 157.5240619     5.771186865e-08 126.9916364    
 9       180000          5.546200011e-10 175.3425546     1.264331925e-07 144.8101291    

Doing analysis at TEMP = 27.000000 and TNOM = 27.000000

Using SPARSE 1.3 as Direct Linear Solver

No. of Data Rows : 1
h1k = 1.0392933293e-03
Doing analysis at TEMP = 27.000000 and TNOM = 27.000000

Using SPARSE 1.3 as Direct Linear Solver

No. of Data Rows : 1
h20k = 1.1460760366e-03
Doing analysis at TEMP = 27.000000 and TNOM = 27.000000

Using SPARSE 1.3 as Direct Linear Solver

No. of Data Rows : 1
mag(v(ain)) = 1.2040749165e-03
Doing analysis at TEMP = 27.000000 and TNOM = 27.000000

Using SPARSE 1.3 as Direct Linear Solver

No. of Data Rows : 61
zmin = 1.1666768050e+06
Doing analysis at TEMP = 27.000000 and TNOM = 27.000000

Using SPARSE 1.3 as Direct Linear Solver

No. of Data Rows : 1
cvcs1k = 1.0431376314e-03
Doing analysis at TEMP = 27.000000 and TNOM = 27.000000

Using SPARSE 1.3 as Direct Linear Solver

No. of Data Rows : 1
cvcs20k = 1.1454360961e-03
Doing analysis at TEMP = 27.000000 and TNOM = 27.000000

Using SPARSE 1.3 as Direct Linear Solver

No. of Data Rows : 1
cvcp1k = 1.2913443651e-02
Doing analysis at TEMP = 27.000000 and TNOM = 27.000000

Using SPARSE 1.3 as Direct Linear Solver

No. of Data Rows : 1
cvcp20k = 9.7013250711e-04
L47B1_CASO d=0.5000
Doing analysis at TEMP = 27.000000 and TNOM = 27.000000

Using SPARSE 1.3 as Direct Linear Solver

Initial Transient Solution
--------------------------

Node                                   Voltage
----                                   -------
vsn                                          0
srcx                              -1.52463e-05
ain                                    -5.2164
gs                                    -10.1642
gp                                    -10.1642
csf                                   -13.4888
cpf                                   -13.4888
cs                                         -15
cp                                         -15
vcp#branch                          1.5112e-05
vcs#branch                          1.5112e-05
vsrc#branch                       -1.01642e-05


No. of Data Rows : 4001
Fourier analysis for v(vsn):
  No. Harmonics: 10, THD: 1.82423e-10 %, Gridsize: 8192, Interpolation Degree: 1, No. Periods: 1

Harmonic Frequency       Magnitude       Phase           Norm. Mag       Norm. Phase    
-------- ---------       ---------       -----           ---------       -----------    
 0       0               -1.22454477e-12 0               0               0              
 1       1000            3.81799686      -3.71591613e-11 1               0              
 2       2000            2.459847601e-12 -89.4460182     6.4427701e-13   -89.4460182    
 3       3000            2.468423083e-12 -89.8027962     6.465230783e-13 -89.8027962    
 4       4000            2.490441226e-12 -88.3667386     6.522900143e-13 -88.3667386    
 5       5000            2.480985163e-12 -88.9950906     6.498133063e-13 -88.9950906    
 6       6000            2.441255333e-12 -89.3827447     6.394073705e-13 -89.3827447    
 7       7000            2.434110817e-12 -88.6304784     6.375360972e-13 -88.6304784    
 8       8000            2.463075865e-12 -87.6315719     6.451225487e-13 -87.6315719    
 9       9000            2.461053183e-12 -87.6257769     6.44592773e-13  -87.6257769    

Fourier analysis for v(ain):
  No. Harmonics: 10, THD: 1.51306 %, Gridsize: 8192, Interpolation Degree: 1, No. Periods: 1

Harmonic Frequency       Magnitude       Phase           Norm. Mag       Norm. Phase    
-------- ---------       ---------       -----           ---------       -----------    
 0       0               -5.21632423     0               0               0              
 1       1000            0.003782533913  1.217682862     1               0              
 2       2000            5.720929469e-05 -87.5775371     0.01512459531   -88.7952199    
 3       3000            1.603483787e-06 -167.424137     0.0004239178879 -168.641819    
 4       4000            1.388111798e-07 27.89464531     3.669793397e-05 26.67696245    
 5       5000            9.421050171e-08 1.347442826     2.4906717e-05   0.1297599638   
 6       6000            7.607351338e-08 -0.42401579     2.01117862e-05  -1.64169865    
 7       7000            6.542263735e-08 -0.253894174    1.72959817e-05  -1.47157704    
 8       8000            5.725669574e-08 -0.138786372    1.513712687e-05 -1.35646923    
 9       9000            5.091172403e-08 -0.0766288267   1.345968739e-05 -1.29431169    

Doing analysis at TEMP = 27.000000 and TNOM = 27.000000

Using SPARSE 1.3 as Direct Linear Solver

Initial Transient Solution
--------------------------

Node                                   Voltage
----                                   -------
vsn                                          0
srcx                              -1.52463e-05
ain                                    -5.2164
gs                                    -10.1642
gp                                    -10.1642
csf                                   -13.4888
cpf                                   -13.4888
cs                                         -15
cp                                         -15
vcp#branch                          1.5112e-05
vcs#branch                          1.5112e-05
vsrc#branch                       -1.01642e-05


No. of Data Rows : 4001
Fourier analysis for v(vsn):
  No. Harmonics: 10, THD: 1.83239e-10 %, Gridsize: 8192, Interpolation Degree: 1, No. Periods: 1

Harmonic Frequency       Magnitude       Phase           Norm. Mag       Norm. Phase    
-------- ---------       ---------       -----           ---------       -----------    
 0       0               -1.22047511e-12 0               0               0              
 1       20000           3.81799686      -3.74644408e-11 1               0              
 2       40000           2.441485255e-12 -87.6909717     6.394675912e-13 -87.6909717    
 3       60000           2.482056324e-12 -88.0223523     6.50093862e-13  -88.0223523    
 4       80000           2.495568762e-12 -90.579458      6.536330055e-13 -90.579458     
 5       100000          2.488585988e-12 -87.9105573     6.51804095e-13  -87.9105573    
 6       120000          2.563165169e-12 -87.4528109     6.713376838e-13 -87.4528109    
 7       140000          2.462392976e-12 -88.6343298     6.449436882e-13 -88.6343298    
 8       160000          2.443844329e-12 -90.6396608     6.400854739e-13 -90.6396608    
 9       180000          2.407716348e-12 -87.4077148     6.306229252e-13 -87.4077148    

Fourier analysis for v(ain):
  No. Harmonics: 10, THD: 1.88684 %, Gridsize: 8192, Interpolation Degree: 1, No. Periods: 1

Harmonic Frequency       Magnitude       Phase           Norm. Mag       Norm. Phase    
-------- ---------       ---------       -----           ---------       -----------    
 0       0               -5.21632817     0               0               0              
 1       20000           0.004148179211  29.76956302     1               0              
 2       40000           7.782843152e-05 -48.7475215     0.01876207067   -78.5170845    
 3       60000           8.284472731e-06 -74.4463731     0.001997134721  -104.215936    
 4       80000           4.662608627e-07 40.77762021     0.0001124013305 11.0080572     
 5       100000          1.045678117e-07 122.3252484     2.520812298e-05 92.55568539    
 6       120000          1.374824946e-08 -155.221152     3.314285318e-06 -184.990715    
 7       140000          1.822854366e-09 -84.2952335     4.394348153e-07 -114.064796    
 8       160000          2.414618685e-10 162.7278615     5.820912169e-08 132.9582985    
 9       180000          4.393407992e-10 173.9637747     1.05911721e-07  144.1942117    

Doing analysis at TEMP = 27.000000 and TNOM = 27.000000

Using SPARSE 1.3 as Direct Linear Solver

No. of Data Rows : 1
h1k = 9.8903689381e-04
Doing analysis at TEMP = 27.000000 and TNOM = 27.000000

Using SPARSE 1.3 as Direct Linear Solver

No. of Data Rows : 1
h20k = 1.0842675390e-03
Doing analysis at TEMP = 27.000000 and TNOM = 27.000000

Using SPARSE 1.3 as Direct Linear Solver

No. of Data Rows : 1
mag(v(ain)) = 1.1458779721e-03
Doing analysis at TEMP = 27.000000 and TNOM = 27.000000

Using SPARSE 1.3 as Direct Linear Solver

No. of Data Rows : 61
zmin = 1.1672082205e+06
Doing analysis at TEMP = 27.000000 and TNOM = 27.000000

Using SPARSE 1.3 as Direct Linear Solver

No. of Data Rows : 1
cvcs1k = 9.9270675680e-04
Doing analysis at TEMP = 27.000000 and TNOM = 27.000000

Using SPARSE 1.3 as Direct Linear Solver

No. of Data Rows : 1
cvcs20k = 1.0836738080e-03
Doing analysis at TEMP = 27.000000 and TNOM = 27.000000

Using SPARSE 1.3 as Direct Linear Solver

No. of Data Rows : 1
cvcp1k = 1.2918416763e-02
Doing analysis at TEMP = 27.000000 and TNOM = 27.000000

Using SPARSE 1.3 as Direct Linear Solver

No. of Data Rows : 1
cvcp20k = 9.2828802025e-04
L47B1_CASO d=0.5250
Doing analysis at TEMP = 27.000000 and TNOM = 27.000000

Using SPARSE 1.3 as Direct Linear Solver

Initial Transient Solution
--------------------------

Node                                   Voltage
----                                   -------
vsn                                          0
srcx                              -1.50819e-05
ain                                   -4.65494
gs                                    -10.0546
gp                                     -9.5973
csf                                   -13.4546
cpf                                    -12.796
cs                                         -15
cp                                      -14.25
vcp#branch                         1.45397e-05
vcs#branch                         1.54543e-05
vsrc#branch                       -1.00546e-05


No. of Data Rows : 4001
Fourier analysis for v(vsn):
  No. Harmonics: 10, THD: 1.82423e-10 %, Gridsize: 8192, Interpolation Degree: 1, No. Periods: 1

Harmonic Frequency       Magnitude       Phase           Norm. Mag       Norm. Phase    
-------- ---------       ---------       -----           ---------       -----------    
 0       0               -1.22454477e-12 0               0               0              
 1       1000            3.81799686      -3.71591613e-11 1               0              
 2       2000            2.459847601e-12 -89.4460182     6.4427701e-13   -89.4460182    
 3       3000            2.468423083e-12 -89.8027962     6.465230783e-13 -89.8027962    
 4       4000            2.490441226e-12 -88.3667386     6.522900143e-13 -88.3667386    
 5       5000            2.480985163e-12 -88.9950906     6.498133063e-13 -88.9950906    
 6       6000            2.441255333e-12 -89.3827447     6.394073705e-13 -89.3827447    
 7       7000            2.434110817e-12 -88.6304784     6.375360972e-13 -88.6304784    
 8       8000            2.463075865e-12 -87.6315719     6.451225487e-13 -87.6315719    
 9       9000            2.461053183e-12 -87.6257769     6.44592773e-13  -87.6257769    

Fourier analysis for v(ain):
  No. Harmonics: 10, THD: 1.24744 %, Gridsize: 8192, Interpolation Degree: 1, No. Periods: 1

Harmonic Frequency       Magnitude       Phase           Norm. Mag       Norm. Phase    
-------- ---------       ---------       -----           ---------       -----------    
 0       0               -4.65488494     0               0               0              
 1       1000            0.003438580323  1.186563002     1               0              
 2       2000            4.288298085e-05 -87.8544363     0.0124711296    -89.0409993    
 3       3000            9.57914773e-07  -163.179886     0.0002785785653 -164.366449    
 4       4000            1.2365673e-07   15.67927262     3.596156506e-05 14.49270961    
 5       5000            8.655173259e-08 1.412480536     2.517077528e-05 0.225917534    
 6       6000            7.099564214e-08 -0.23497872     2.064678893e-05 -1.42154172    
 7       7000            6.109466185e-08 -0.150988979    1.776740867e-05 -1.33755198    
 8       8000            5.346984548e-08 -0.0564365503   1.554997716e-05 -1.24299955    
 9       9000            4.752808879e-08 -0.00532530797  1.382200918e-05 -1.19188831    

Doing analysis at TEMP = 27.000000 and TNOM = 27.000000

Using SPARSE 1.3 as Direct Linear Solver

Initial Transient Solution
--------------------------

Node                                   Voltage
----                                   -------
vsn                                          0
srcx                              -1.50819e-05
ain                                   -4.65494
gs                                    -10.0546
gp                                     -9.5973
csf                                   -13.4546
cpf                                    -12.796
cs                                         -15
cp                                      -14.25
vcp#branch                         1.45397e-05
vcs#branch                         1.54543e-05
vsrc#branch                       -1.00546e-05


No. of Data Rows : 4001
Fourier analysis for v(vsn):
  No. Harmonics: 10, THD: 1.83239e-10 %, Gridsize: 8192, Interpolation Degree: 1, No. Periods: 1

Harmonic Frequency       Magnitude       Phase           Norm. Mag       Norm. Phase    
-------- ---------       ---------       -----           ---------       -----------    
 0       0               -1.22047511e-12 0               0               0              
 1       20000           3.81799686      -3.74644408e-11 1               0              
 2       40000           2.441485255e-12 -87.6909717     6.394675912e-13 -87.6909717    
 3       60000           2.482056324e-12 -88.0223523     6.50093862e-13  -88.0223523    
 4       80000           2.495568762e-12 -90.579458      6.536330055e-13 -90.579458     
 5       100000          2.488585988e-12 -87.9105573     6.51804095e-13  -87.9105573    
 6       120000          2.563165169e-12 -87.4528109     6.713376838e-13 -87.4528109    
 7       140000          2.462392976e-12 -88.6343298     6.449436882e-13 -88.6343298    
 8       160000          2.443844329e-12 -90.6396608     6.400854739e-13 -90.6396608    
 9       180000          2.407716348e-12 -87.4077148     6.306229252e-13 -87.4077148    

Fourier analysis for v(ain):
  No. Harmonics: 10, THD: 1.55714 %, Gridsize: 8192, Interpolation Degree: 1, No. Periods: 1

Harmonic Frequency       Magnitude       Phase           Norm. Mag       Norm. Phase    
-------- ---------       ---------       -----           ---------       -----------    
 0       0               -4.65489064     0               0               0              
 1       20000           0.003753332304  29.26479064     1               0              
 2       40000           5.805142529e-05 -55.0635542     0.0154666362    -84.3283448    
 3       60000           6.74838903e-06  -71.329844      0.001797972703  -100.594635    
 4       80000           5.186658379e-07 38.11878868     0.0001381880942 8.853998039    
 5       100000          9.580870503e-08 122.0602313     2.552630496e-05 92.7954407     
 6       120000          1.340722057e-08 -153.437107     3.572084612e-06 -182.701897    
 7       140000          1.808414209e-09 -78.9613917     4.818156407e-07 -108.226182    
 8       160000          9.52446189e-11  128.4820065     2.537601555e-08 99.21721585    
 9       180000          2.929617855e-10 170.7098023     7.805378308e-08 141.4450116    

Doing analysis at TEMP = 27.000000 and TNOM = 27.000000

Using SPARSE 1.3 as Direct Linear Solver

No. of Data Rows : 1
h1k = 8.9952387143e-04
Doing analysis at TEMP = 27.000000 and TNOM = 27.000000

Using SPARSE 1.3 as Direct Linear Solver

No. of Data Rows : 1
h20k = 9.8162816713e-04
Doing analysis at TEMP = 27.000000 and TNOM = 27.000000

Using SPARSE 1.3 as Direct Linear Solver

No. of Data Rows : 1
mag(v(ain)) = 1.0421972634e-03
Doing analysis at TEMP = 27.000000 and TNOM = 27.000000

Using SPARSE 1.3 as Direct Linear Solver

No. of Data Rows : 61
zmin = 1.1670727733e+06
Doing analysis at TEMP = 27.000000 and TNOM = 27.000000

Using SPARSE 1.3 as Direct Linear Solver

No. of Data Rows : 1
cvcs1k = 9.0285915648e-04
Doing analysis at TEMP = 27.000000 and TNOM = 27.000000

Using SPARSE 1.3 as Direct Linear Solver

No. of Data Rows : 1
cvcs20k = 9.8108816156e-04
Doing analysis at TEMP = 27.000000 and TNOM = 27.000000

Using SPARSE 1.3 as Direct Linear Solver

No. of Data Rows : 1
cvcp1k = 1.2926738482e-02
Doing analysis at TEMP = 27.000000 and TNOM = 27.000000

Using SPARSE 1.3 as Direct Linear Solver

No. of Data Rows : 1
cvcp20k = 8.5320212270e-04
L47B1_CASO d=0.5500
Doing analysis at TEMP = 27.000000 and TNOM = 27.000000

Using SPARSE 1.3 as Direct Linear Solver

Initial Transient Solution
--------------------------

Node                                   Voltage
----                                   -------
vsn                                          0
srcx                              -1.49174e-05
ain                                   -4.09294
gs                                    -9.94496
gp                                    -9.03033
csf                                   -13.4203
cpf                                   -12.1032
cs                                         -15
cp                                       -13.5
vcp#branch                         1.39677e-05
vcs#branch                          1.5797e-05
vsrc#branch                       -9.94496e-06

 Reference value :  3.88264e-03
No. of Data Rows : 4001
Fourier analysis for v(vsn):
  No. Harmonics: 10, THD: 1.82423e-10 %, Gridsize: 8192, Interpolation Degree: 1, No. Periods: 1

Harmonic Frequency       Magnitude       Phase           Norm. Mag       Norm. Phase    
-------- ---------       ---------       -----           ---------       -----------    
 0       0               -1.22454477e-12 0               0               0              
 1       1000            3.81799686      -3.71591613e-11 1               0              
 2       2000            2.459847601e-12 -89.4460182     6.4427701e-13   -89.4460182    
 3       3000            2.468423083e-12 -89.8027962     6.465230783e-13 -89.8027962    
 4       4000            2.490441226e-12 -88.3667386     6.522900143e-13 -88.3667386    
 5       5000            2.480985163e-12 -88.9950906     6.498133063e-13 -88.9950906    
 6       6000            2.441255333e-12 -89.3827447     6.394073705e-13 -89.3827447    
 7       7000            2.434110817e-12 -88.6304784     6.375360972e-13 -88.6304784    
 8       8000            2.463075865e-12 -87.6315719     6.451225487e-13 -87.6315719    
 9       9000            2.461053183e-12 -87.6257769     6.44592773e-13  -87.6257769    

Fourier analysis for v(ain):
  No. Harmonics: 10, THD: 1.0613 %, Gridsize: 8192, Interpolation Degree: 1, No. Periods: 1

Harmonic Frequency       Magnitude       Phase           Norm. Mag       Norm. Phase    
-------- ---------       ---------       -----           ---------       -----------    
 0       0               -4.09289473     0               0               0              
 1       1000            0.003175278033  1.158337354     1               0              
 2       2000            3.369298446e-05 -88.169596      0.01061103441   -89.3279333    
 3       3000            6.187727185e-07 -157.684679     0.0001948719804 -158.843017    
 4       4000            1.161426414e-07 9.584637866     3.657715646e-05 8.426300512    
 5       5000            8.087242434e-08 1.522264057     2.546939937e-05 0.3639267026   
 6       6000            6.674610152e-08 -0.138473337    2.102055342e-05 -1.29681069    
 7       7000            5.746483557e-08 -0.0895613373   1.809757602e-05 -1.24789869    
 8       8000            5.028107857e-08 0.001747572812  1.58351735e-05  -1.15658978    
 9       9000            4.469708767e-08 0.04988592198   1.407659021e-05 -1.10845143    

Doing analysis at TEMP = 27.000000 and TNOM = 27.000000

Using SPARSE 1.3 as Direct Linear Solver

Initial Transient Solution
--------------------------

Node                                   Voltage
----                                   -------
vsn                                          0
srcx                              -1.49174e-05
ain                                   -4.09294
gs                                    -9.94496
gp                                    -9.03033
csf                                   -13.4203
cpf                                   -12.1032
cs                                         -15
cp                                       -13.5
vcp#branch                         1.39677e-05
vcs#branch                          1.5797e-05
vsrc#branch                       -9.94496e-06


No. of Data Rows : 4001
Fourier analysis for v(vsn):
  No. Harmonics: 10, THD: 1.83239e-10 %, Gridsize: 8192, Interpolation Degree: 1, No. Periods: 1

Harmonic Frequency       Magnitude       Phase           Norm. Mag       Norm. Phase    
-------- ---------       ---------       -----           ---------       -----------    
 0       0               -1.22047511e-12 0               0               0              
 1       20000           3.81799686      -3.74644408e-11 1               0              
 2       40000           2.441485255e-12 -87.6909717     6.394675912e-13 -87.6909717    
 3       60000           2.482056324e-12 -88.0223523     6.50093862e-13  -88.0223523    
 4       80000           2.495568762e-12 -90.579458      6.536330055e-13 -90.579458     
 5       100000          2.488585988e-12 -87.9105573     6.51804095e-13  -87.9105573    
 6       120000          2.563165169e-12 -87.4528109     6.713376838e-13 -87.4528109    
 7       140000          2.462392976e-12 -88.6343298     6.449436882e-13 -88.6343298    
 8       160000          2.443844329e-12 -90.6396608     6.400854739e-13 -90.6396608    
 9       180000          2.407716348e-12 -87.4077148     6.306229252e-13 -87.4077148    

Fourier analysis for v(ain):
  No. Harmonics: 10, THD: 1.33433 %, Gridsize: 8192, Interpolation Degree: 1, No. Periods: 1

Harmonic Frequency       Magnitude       Phase           Norm. Mag       Norm. Phase    
-------- ---------       ---------       -----           ---------       -----------    
 0       0               -4.09290133     0               0               0              
 1       20000           0.00345176151   28.80007299     1               0              
 2       40000           4.568341468e-05 -61.8111694     0.01323481201   -90.6112424    
 3       60000           5.837354868e-06 -68.9077911     0.00169112346   -97.7078641    
 4       80000           5.361458728e-07 36.7993392      0.0001553252944 7.99926621     
 5       100000          9.102926278e-08 122.0622292     2.637182856e-05 93.26215625    
 6       120000          1.313446195e-08 -152.610024     3.805147578e-06 -181.410097    
 7       140000          1.818312088e-09 -74.9744336     5.267780184e-07 -103.774507    
 8       160000          7.897107714e-11 61.31520063     2.287848593e-08 32.51512764    
 9       180000          2.073184636e-10 168.5061985     6.006164187e-08 139.7061255    

Doing analysis at TEMP = 27.000000 and TNOM = 27.000000

Using SPARSE 1.3 as Direct Linear Solver

No. of Data Rows : 1
h1k = 8.3087659881e-04
Doing analysis at TEMP = 27.000000 and TNOM = 27.000000

Using SPARSE 1.3 as Direct Linear Solver

No. of Data Rows : 1
h20k = 9.0306379124e-04
Doing analysis at TEMP = 27.000000 and TNOM = 27.000000

Using SPARSE 1.3 as Direct Linear Solver

No. of Data Rows : 1
mag(v(ain)) = 9.6268247158e-04
Doing analysis at TEMP = 27.000000 and TNOM = 27.000000

Using SPARSE 1.3 as Direct Linear Solver

No. of Data Rows : 61
zmin = 1.1669353874e+06
Doing analysis at TEMP = 27.000000 and TNOM = 27.000000

Using SPARSE 1.3 as Direct Linear Solver

No. of Data Rows : 1
cvcs1k = 8.3395506636e-04
Doing analysis at TEMP = 27.000000 and TNOM = 27.000000

Using SPARSE 1.3 as Direct Linear Solver

No. of Data Rows : 1
cvcs20k = 9.0256469118e-04
Doing analysis at TEMP = 27.000000 and TNOM = 27.000000

Using SPARSE 1.3 as Direct Linear Solver

No. of Data Rows : 1
cvcp1k = 1.2933512028e-02
Doing analysis at TEMP = 27.000000 and TNOM = 27.000000

Using SPARSE 1.3 as Direct Linear Solver

No. of Data Rows : 1
cvcp20k = 7.9987528188e-04
L47B1_CASO d=0.5750
Doing analysis at TEMP = 27.000000 and TNOM = 27.000000

Using SPARSE 1.3 as Direct Linear Solver

Initial Transient Solution
--------------------------

Node                                   Voltage
----                                   -------
vsn                                          0
srcx                              -1.47528e-05
ain                                   -3.53052
gs                                    -9.83522
gp                                    -8.46327
csf                                    -13.386
cpf                                   -11.4104
cs                                         -15
cp                                      -12.75
vcp#branch                          1.3396e-05
vcs#branch                         1.61399e-05
vsrc#branch                       -9.83522e-06


No. of Data Rows : 4001
Fourier analysis for v(vsn):
  No. Harmonics: 10, THD: 1.82423e-10 %, Gridsize: 8192, Interpolation Degree: 1, No. Periods: 1

Harmonic Frequency       Magnitude       Phase           Norm. Mag       Norm. Phase    
-------- ---------       ---------       -----           ---------       -----------    
 0       0               -1.22454477e-12 0               0               0              
 1       1000            3.81799686      -3.71591613e-11 1               0              
 2       2000            2.459847601e-12 -89.4460182     6.4427701e-13   -89.4460182    
 3       3000            2.468423083e-12 -89.8027962     6.465230783e-13 -89.8027962    
 4       4000            2.490441226e-12 -88.3667386     6.522900143e-13 -88.3667386    
 5       5000            2.480985163e-12 -88.9950906     6.498133063e-13 -88.9950906    
 6       6000            2.441255333e-12 -89.3827447     6.394073705e-13 -89.3827447    
 7       7000            2.434110817e-12 -88.6304784     6.375360972e-13 -88.6304784    
 8       8000            2.463075865e-12 -87.6315719     6.451225487e-13 -87.6315719    
 9       9000            2.461053183e-12 -87.6257769     6.44592773e-13  -87.6257769    

Fourier analysis for v(ain):
  No. Harmonics: 10, THD: 0.923581 %, Gridsize: 8192, Interpolation Degree: 1, No. Periods: 1

Harmonic Frequency       Magnitude       Phase           Norm. Mag       Norm. Phase    
-------- ---------       ---------       -----           ---------       -----------    
 0       0               -3.53047566     0               0               0              
 1       1000            0.002965381759  1.132638729     1               0              
 2       2000            2.738386525e-05 -88.5169313     0.009234515984  -89.6495701    
 3       3000            4.255734906e-07 -150.756196     0.0001435138964 -151.888835    
 4       4000            1.107632569e-07 6.336327782     3.735210705e-05 5.203689054    
 5       5000            7.631562531e-08 1.636156984     2.573551452e-05 0.5035182549   
 6       6000            6.314935727e-08 -0.0739880725   2.129552361e-05 -1.2066268     
 7       7000            5.437590232e-08 -0.0459626249   1.833689782e-05 -1.17860135    
 8       8000            4.758564364e-08 0.04073673778   1.604705482e-05 -1.09190199    
 9       9000            4.229779407e-08 0.08289815618   1.426386129e-05 -1.04974057    

Doing analysis at TEMP = 27.000000 and TNOM = 27.000000

Using SPARSE 1.3 as Direct Linear Solver

Initial Transient Solution
--------------------------

Node                                   Voltage
----                                   -------
vsn                                          0
srcx                              -1.47528e-05
ain                                   -3.53052
gs                                    -9.83522
gp                                    -8.46327
csf                                    -13.386
cpf                                   -11.4104
cs                                         -15
cp                                      -12.75
vcp#branch                          1.3396e-05
vcs#branch                         1.61399e-05
vsrc#branch                       -9.83522e-06


No. of Data Rows : 4001
Fourier analysis for v(vsn):
  No. Harmonics: 10, THD: 1.83239e-10 %, Gridsize: 8192, Interpolation Degree: 1, No. Periods: 1

Harmonic Frequency       Magnitude       Phase           Norm. Mag       Norm. Phase    
-------- ---------       ---------       -----           ---------       -----------    
 0       0               -1.22047511e-12 0               0               0              
 1       20000           3.81799686      -3.74644408e-11 1               0              
 2       40000           2.441485255e-12 -87.6909717     6.394675912e-13 -87.6909717    
 3       60000           2.482056324e-12 -88.0223523     6.50093862e-13  -88.0223523    
 4       80000           2.495568762e-12 -90.579458      6.536330055e-13 -90.579458     
 5       100000          2.488585988e-12 -87.9105573     6.51804095e-13  -87.9105573    
 6       120000          2.563165169e-12 -87.4528109     6.713376838e-13 -87.4528109    
 7       140000          2.462392976e-12 -88.6343298     6.449436882e-13 -88.6343298    
 8       160000          2.443844329e-12 -90.6396608     6.400854739e-13 -90.6396608    
 9       180000          2.407716348e-12 -87.4077148     6.306229252e-13 -87.4077148    

Fourier analysis for v(ain):
  No. Harmonics: 10, THD: 1.18064 %, Gridsize: 8192, Interpolation Degree: 1, No. Periods: 1

Harmonic Frequency       Magnitude       Phase           Norm. Mag       Norm. Phase    
-------- ---------       ---------       -----           ---------       -----------    
 0       0               -3.53048271     0               0               0              
 1       20000           0.003211967515  28.37167839     1               0              
 2       40000           3.755337925e-05 -68.855494      0.01169170581   -97.2271724    
 3       60000           5.245518654e-06 -67.0622231     0.001633116969  -95.4339014    
 4       80000           5.407396e-07    35.94240388     0.0001683515158 7.570725493    
 5       100000          8.811074089e-08 122.0687016     2.743201495e-05 93.69702316    
 6       120000          1.295693367e-08 -152.236892     4.033955389e-06 -180.60857     
 7       140000          1.835424317e-09 -72.3536428     5.71433026e-07  -100.725321    
 8       160000          1.315167065e-10 32.87198938     4.094583954e-08 4.50031099     
 9       180000          1.519275493e-10 165.1909256     4.730046258e-08 136.8192472    

Doing analysis at TEMP = 27.000000 and TNOM = 27.000000

Using SPARSE 1.3 as Direct Linear Solver

No. of Data Rows : 1
h1k = 7.7609270186e-04
Doing analysis at TEMP = 27.000000 and TNOM = 27.000000

Using SPARSE 1.3 as Direct Linear Solver

No. of Data Rows : 1
h20k = 8.4050950041e-04
Doing analysis at TEMP = 27.000000 and TNOM = 27.000000

Using SPARSE 1.3 as Direct Linear Solver

No. of Data Rows : 1
mag(v(ain)) = 8.9922412888e-04
Doing analysis at TEMP = 27.000000 and TNOM = 27.000000

Using SPARSE 1.3 as Direct Linear Solver

No. of Data Rows : 61
zmin = 1.1667955251e+06
Doing analysis at TEMP = 27.000000 and TNOM = 27.000000

Using SPARSE 1.3 as Direct Linear Solver

No. of Data Rows : 1
cvcs1k = 7.7896602359e-04
Doing analysis at TEMP = 27.000000 and TNOM = 27.000000

Using SPARSE 1.3 as Direct Linear Solver

No. of Data Rows : 1
cvcs20k = 8.4004278766e-04
Doing analysis at TEMP = 27.000000 and TNOM = 27.000000

Using SPARSE 1.3 as Direct Linear Solver

No. of Data Rows : 1
cvcp1k = 1.2939150156e-02
Doing analysis at TEMP = 27.000000 and TNOM = 27.000000

Using SPARSE 1.3 as Direct Linear Solver

No. of Data Rows : 1
cvcp20k = 7.6048150375e-04
L47B1_CASO d=0.6000
Doing analysis at TEMP = 27.000000 and TNOM = 27.000000

Using SPARSE 1.3 as Direct Linear Solver

Initial Transient Solution
--------------------------

Node                                   Voltage
----                                   -------
vsn                                          0
srcx                              -1.45881e-05
ain                                   -2.96775
gs                                    -9.72541
gp                                    -7.89614
csf                                   -13.3517
cpf                                   -10.7175
cs                                         -15
cp                                         -12
vcp#branch                         1.28246e-05
vcs#branch                         1.64831e-05
vsrc#branch                       -9.72541e-06


No. of Data Rows : 4001
Fourier analysis for v(vsn):
  No. Harmonics: 10, THD: 1.82423e-10 %, Gridsize: 8192, Interpolation Degree: 1, No. Periods: 1

Harmonic Frequency       Magnitude       Phase           Norm. Mag       Norm. Phase    
-------- ---------       ---------       -----           ---------       -----------    
 0       0               -1.22454477e-12 0               0               0              
 1       1000            3.81799686      -3.71591613e-11 1               0              
 2       2000            2.459847601e-12 -89.4460182     6.4427701e-13   -89.4460182    
 3       3000            2.468423083e-12 -89.8027962     6.465230783e-13 -89.8027962    
 4       4000            2.490441226e-12 -88.3667386     6.522900143e-13 -88.3667386    
 5       5000            2.480985163e-12 -88.9950906     6.498133063e-13 -88.9950906    
 6       6000            2.441255333e-12 -89.3827447     6.394073705e-13 -89.3827447    
 7       7000            2.434110817e-12 -88.6304784     6.375360972e-13 -88.6304784    
 8       8000            2.463075865e-12 -87.6315719     6.451225487e-13 -87.6315719    
 9       9000            2.461053183e-12 -87.6257769     6.44592773e-13  -87.6257769    

Fourier analysis for v(ain):
  No. Harmonics: 10, THD: 0.817563 %, Gridsize: 8192, Interpolation Degree: 1, No. Periods: 1

Harmonic Frequency       Magnitude       Phase           Norm. Mag       Norm. Phase    
-------- ---------       ---------       -----           ---------       -----------    
 0       0               -2.96771072     0               0               0              
 1       1000            0.002793013816  1.109145891     1               0              
 2       2000            2.283196889e-05 -88.8922712     0.008174670947  -90.0014171    
 3       3000            3.102872786e-07 -142.354118     0.0001110940722 -143.463264    
 4       4000            1.063573644e-07 4.472669907     3.807978458e-05 3.363524016    
 5       5000            7.249277757e-08 1.755193368     2.595503723e-05 0.6460474767   
 6       6000            6.006753014e-08 -0.030618375    2.150634909e-05 -1.13976427    
 7       7000            5.174271925e-08 -0.0104959141   1.85257656e-05  -1.11964181    
 8       8000            4.527783169e-08 0.08037239265   1.621110194e-05 -1.0287735     
 9       9000            4.023827903e-08 0.1066532948    1.440675975e-05 -1.0024926     

Doing analysis at TEMP = 27.000000 and TNOM = 27.000000

Using SPARSE 1.3 as Direct Linear Solver

Initial Transient Solution
--------------------------

Node                                   Voltage
----                                   -------
vsn                                          0
srcx                              -1.45881e-05
ain                                   -2.96775
gs                                    -9.72541
gp                                    -7.89614
csf                                   -13.3517
cpf                                   -10.7175
cs                                         -15
cp                                         -12
vcp#branch                         1.28246e-05
vcs#branch                         1.64831e-05
vsrc#branch                       -9.72541e-06


No. of Data Rows : 4001
Fourier analysis for v(vsn):
  No. Harmonics: 10, THD: 1.83239e-10 %, Gridsize: 8192, Interpolation Degree: 1, No. Periods: 1

Harmonic Frequency       Magnitude       Phase           Norm. Mag       Norm. Phase    
-------- ---------       ---------       -----           ---------       -----------    
 0       0               -1.22047511e-12 0               0               0              
 1       20000           3.81799686      -3.74644408e-11 1               0              
 2       40000           2.441485255e-12 -87.6909717     6.394675912e-13 -87.6909717    
 3       60000           2.482056324e-12 -88.0223523     6.50093862e-13  -88.0223523    
 4       80000           2.495568762e-12 -90.579458      6.536330055e-13 -90.579458     
 5       100000          2.488585988e-12 -87.9105573     6.51804095e-13  -87.9105573    
 6       120000          2.563165169e-12 -87.4528109     6.713376838e-13 -87.4528109    
 7       140000          2.462392976e-12 -88.6343298     6.449436882e-13 -88.6343298    
 8       160000          2.443844329e-12 -90.6396608     6.400854739e-13 -90.6396608    
 9       180000          2.407716348e-12 -87.4077148     6.306229252e-13 -87.4077148    

Fourier analysis for v(ain):
  No. Harmonics: 10, THD: 1.0749 %, Gridsize: 8192, Interpolation Degree: 1, No. Periods: 1

Harmonic Frequency       Magnitude       Phase           Norm. Mag       Norm. Phase    
-------- ---------       ---------       -----           ---------       -----------    
 0       0               -2.96771798     0               0               0              
 1       20000           0.00301557955   27.97585355     1               0              
 2       40000           3.2047008e-05   -76.0174621     0.01062714727   -103.993316    
 3       60000           4.836036733e-06 -65.6728128     0.001603684019  -93.6486663    
 4       80000           5.405144911e-07 35.29045253     0.0001792406674 7.31459898     
 5       100000          8.627729556e-08 122.0139285     2.861051885e-05 94.03807499    
 6       120000          1.285897711e-08 -152.049314     4.26418103e-06  -180.025168    
 7       140000          1.86569899e-09  -70.7973574     6.186867097e-07 -98.773211     
 8       160000          1.768440875e-10 25.78961027     5.86434828e-08  -2.18624328    
 9       180000          1.152522023e-10 158.6803875     3.82189229e-08  130.7045339    

Doing analysis at TEMP = 27.000000 and TNOM = 27.000000

Using SPARSE 1.3 as Direct Linear Solver

No. of Data Rows : 1
h1k = 7.3107110328e-04
Doing analysis at TEMP = 27.000000 and TNOM = 27.000000

Using SPARSE 1.3 as Direct Linear Solver

No. of Data Rows : 1
h20k = 7.8923301219e-04
Doing analysis at TEMP = 27.000000 and TNOM = 27.000000

Using SPARSE 1.3 as Direct Linear Solver

No. of Data Rows : 1
mag(v(ain)) = 8.4707264746e-04
Doing analysis at TEMP = 27.000000 and TNOM = 27.000000

Using SPARSE 1.3 as Direct Linear Solver

No. of Data Rows : 61
zmin = 1.1666529360e+06
Doing analysis at TEMP = 27.000000 and TNOM = 27.000000

Using SPARSE 1.3 as Direct Linear Solver

No. of Data Rows : 1
cvcs1k = 7.3377566943e-04
Doing analysis at TEMP = 27.000000 and TNOM = 27.000000

Using SPARSE 1.3 as Direct Linear Solver

No. of Data Rows : 1
cvcs20k = 7.8879269045e-04
Doing analysis at TEMP = 27.000000 and TNOM = 27.000000

Using SPARSE 1.3 as Direct Linear Solver

No. of Data Rows : 1
cvcp1k = 1.2943929353e-02
Doing analysis at TEMP = 27.000000 and TNOM = 27.000000

Using SPARSE 1.3 as Direct Linear Solver

No. of Data Rows : 1
cvcp20k = 7.3049534140e-04
L47B1_CASO d=0.6250
Doing analysis at TEMP = 27.000000 and TNOM = 27.000000

Using SPARSE 1.3 as Direct Linear Solver

Initial Transient Solution
--------------------------

Node                                   Voltage
----                                   -------
vsn                                          0
srcx                              -1.44233e-05
ain                                   -2.40469
gs                                    -9.61555
gp                                    -7.32896
csf                                   -13.3174
cpf                                   -10.0247
cs                                         -15
cp                                      -11.25
vcp#branch                         1.22532e-05
vcs#branch                         1.68264e-05
vsrc#branch                       -9.61554e-06


No. of Data Rows : 4001
Fourier analysis for v(vsn):
  No. Harmonics: 10, THD: 1.82423e-10 %, Gridsize: 8192, Interpolation Degree: 1, No. Periods: 1

Harmonic Frequency       Magnitude       Phase           Norm. Mag       Norm. Phase    
-------- ---------       ---------       -----           ---------       -----------    
 0       0               -1.22454477e-12 0               0               0              
 1       1000            3.81799686      -3.71591613e-11 1               0              
 2       2000            2.459847601e-12 -89.4460182     6.4427701e-13   -89.4460182    
 3       3000            2.468423083e-12 -89.8027962     6.465230783e-13 -89.8027962    
 4       4000            2.490441226e-12 -88.3667386     6.522900143e-13 -88.3667386    
 5       5000            2.480985163e-12 -88.9950906     6.498133063e-13 -88.9950906    
 6       6000            2.441255333e-12 -89.3827447     6.394073705e-13 -89.3827447    
 7       7000            2.434110817e-12 -88.6304784     6.375360972e-13 -88.6304784    
 8       8000            2.463075865e-12 -87.6315719     6.451225487e-13 -87.6315719    
 9       9000            2.461053183e-12 -87.6257769     6.44592773e-13  -87.6257769    

Fourier analysis for v(ain):
  No. Harmonics: 10, THD: 0.733435 %, Gridsize: 8192, Interpolation Degree: 1, No. Periods: 1

Harmonic Frequency       Magnitude       Phase           Norm. Mag       Norm. Phase    
-------- ---------       ---------       -----           ---------       -----------    
 0       0               -2.40465937     0               0               0              
 1       1000            0.00264820868   1.087582903     1               0              
 2       2000            1.942077412e-05 -89.2926921     0.007333551266  -90.380275     
 3       3000            2.402910268e-07 -132.732062     9.073719479e-05 -133.819645    
 4       4000            1.025735283e-07 3.330642334     3.873317426e-05 2.243059431    
 5       5000            6.923081232e-08 1.875287606     2.614250638e-05 0.7877047024   
 6       6000            5.738955229e-08 0.006536555815  2.167108382e-05 -1.08104635    
 7       7000            4.945346528e-08 0.01794912347   1.867430828e-05 -1.06963378    
 8       8000            4.3275697e-08   0.1003343936    1.634149806e-05 -0.98724851    
 9       9000            3.846107404e-08 0.1302645008    1.452343025e-05 -0.957318402   

Doing analysis at TEMP = 27.000000 and TNOM = 27.000000

Using SPARSE 1.3 as Direct Linear Solver

Initial Transient Solution
--------------------------

Node                                   Voltage
----                                   -------
vsn                                          0
srcx                              -1.44233e-05
ain                                   -2.40469
gs                                    -9.61555
gp                                    -7.32896
csf                                   -13.3174
cpf                                   -10.0247
cs                                         -15
cp                                      -11.25
vcp#branch                         1.22532e-05
vcs#branch                         1.68264e-05
vsrc#branch                       -9.61554e-06


No. of Data Rows : 4001
Fourier analysis for v(vsn):
  No. Harmonics: 10, THD: 1.83239e-10 %, Gridsize: 8192, Interpolation Degree: 1, No. Periods: 1

Harmonic Frequency       Magnitude       Phase           Norm. Mag       Norm. Phase    
-------- ---------       ---------       -----           ---------       -----------    
 0       0               -1.22047511e-12 0               0               0              
 1       20000           3.81799686      -3.74644408e-11 1               0              
 2       40000           2.441485255e-12 -87.6909717     6.394675912e-13 -87.6909717    
 3       60000           2.482056324e-12 -88.0223523     6.50093862e-13  -88.0223523    
 4       80000           2.495568762e-12 -90.579458      6.536330055e-13 -90.579458     
 5       100000          2.488585988e-12 -87.9105573     6.51804095e-13  -87.9105573    
 6       120000          2.563165169e-12 -87.4528109     6.713376838e-13 -87.4528109    
 7       140000          2.462392976e-12 -88.6343298     6.449436882e-13 -88.6343298    
 8       160000          2.443844329e-12 -90.6396608     6.400854739e-13 -90.6396608    
 9       180000          2.407716348e-12 -87.4077148     6.306229252e-13 -87.4077148    

Fourier analysis for v(ain):
  No. Harmonics: 10, THD: 1.00386 %, Gridsize: 8192, Interpolation Degree: 1, No. Periods: 1

Harmonic Frequency       Magnitude       Phase           Norm. Mag       Norm. Phase    
-------- ---------       ---------       -----           ---------       -----------    
 0       0               -2.4046667      0               0               0              
 1       20000           0.002851058839  27.60912077     1               0              
 2       40000           2.825309636e-05 -83.0983032     0.009909685473  -110.707424    
 3       60000           4.539853456e-06 -64.6386779     0.001592339447  -92.2477987    
 4       80000           5.387699717e-07 34.74220189     0.0001889718881 7.133081122    
 5       100000          8.516597256e-08 121.8947477     2.987169938e-05 94.2856269     
 6       120000          1.284321828e-08 -152.000667     4.504718776e-06 -179.609788    
 7       140000          1.898613313e-09 -69.4800397     6.659327009e-07 -97.0891605    
 8       160000          2.158383334e-10 20.90148555     7.57046226e-08  -6.70763522    
 9       180000          8.356055935e-11 154.5591569     2.930860571e-08 126.9500362    

Doing analysis at TEMP = 27.000000 and TNOM = 27.000000

Using SPARSE 1.3 as Direct Linear Solver

No. of Data Rows : 1
h1k = 6.9322960002e-04
Doing analysis at TEMP = 27.000000 and TNOM = 27.000000

Using SPARSE 1.3 as Direct Linear Solver

No. of Data Rows : 1
h20k = 7.4625041274e-04
Doing analysis at TEMP = 27.000000 and TNOM = 27.000000

Using SPARSE 1.3 as Direct Linear Solver

No. of Data Rows : 1
mag(v(ain)) = 8.0323743500e-04
Doing analysis at TEMP = 27.000000 and TNOM = 27.000000

Using SPARSE 1.3 as Direct Linear Solver

No. of Data Rows : 61
zmin = 1.1665074903e+06
Doing analysis at TEMP = 27.000000 and TNOM = 27.000000

Using SPARSE 1.3 as Direct Linear Solver

No. of Data Rows : 1
cvcs1k = 6.9579217772e-04
Doing analysis at TEMP = 27.000000 and TNOM = 27.000000

Using SPARSE 1.3 as Direct Linear Solver

No. of Data Rows : 1
cvcs20k = 7.4583207461e-04
Doing analysis at TEMP = 27.000000 and TNOM = 27.000000

Using SPARSE 1.3 as Direct Linear Solver

No. of Data Rows : 1
cvcp1k = 1.2948041083e-02
Doing analysis at TEMP = 27.000000 and TNOM = 27.000000

Using SPARSE 1.3 as Direct Linear Solver

No. of Data Rows : 1
cvcp20k = 7.0711471994e-04
L47B1_CASO d=0.6500
Doing analysis at TEMP = 27.000000 and TNOM = 27.000000

Using SPARSE 1.3 as Direct Linear Solver

Initial Transient Solution
--------------------------

Node                                   Voltage
----                                   -------
vsn                                          0
srcx                              -1.42584e-05
ain                                   -1.84139
gs                                    -9.50564
gp                                    -6.76173
csf                                    -13.283
cpf                                   -9.33179
cs                                         -15
cp                                       -10.5
vcp#branch                         1.16821e-05
vcs#branch                         1.71699e-05
vsrc#branch                       -9.50563e-06


No. of Data Rows : 4001
Fourier analysis for v(vsn):
  No. Harmonics: 10, THD: 1.82423e-10 %, Gridsize: 8192, Interpolation Degree: 1, No. Periods: 1

Harmonic Frequency       Magnitude       Phase           Norm. Mag       Norm. Phase    
-------- ---------       ---------       -----           ---------       -----------    
 0       0               -1.22454477e-12 0               0               0              
 1       1000            3.81799686      -3.71591613e-11 1               0              
 2       2000            2.459847601e-12 -89.4460182     6.4427701e-13   -89.4460182    
 3       3000            2.468423083e-12 -89.8027962     6.465230783e-13 -89.8027962    
 4       4000            2.490441226e-12 -88.3667386     6.522900143e-13 -88.3667386    
 5       5000            2.480985163e-12 -88.9950906     6.498133063e-13 -88.9950906    
 6       6000            2.441255333e-12 -89.3827447     6.394073705e-13 -89.3827447    
 7       7000            2.434110817e-12 -88.6304784     6.375360972e-13 -88.6304784    
 8       8000            2.463075865e-12 -87.6315719     6.451225487e-13 -87.6315719    
 9       9000            2.461053183e-12 -87.6257769     6.44592773e-13  -87.6257769    

Fourier analysis for v(ain):
  No. Harmonics: 10, THD: 0.665061 %, Gridsize: 8192, Interpolation Degree: 1, No. Periods: 1

Harmonic Frequency       Magnitude       Phase           Norm. Mag       Norm. Phase    
-------- ---------       ---------       -----           ---------       -----------    
 0       0               -1.84136596     0               0               0              
 1       1000            0.002524352243  1.067714302     1               0              
 2       2000            1.678663673e-05 -89.7161449     0.006649878906  -90.7838592    
 3       3000            1.980762261e-07 -122.522306     7.846615963e-05 -123.59002     
 4       4000            9.927216761e-08 2.602795204     3.932579848e-05 1.535080902    
 5       5000            6.638245089e-08 1.995386114     2.629682568e-05 0.927671812    
 6       6000            5.503866727e-08 0.02865865203   2.180308529e-05 -1.03905565    
 7       7000            4.744514634e-08 0.03612776088   1.879497858e-05 -1.03158654    
 8       8000            4.151534376e-08 0.1204106353    1.64459393e-05  -0.947303667   
 9       9000            3.689772147e-08 0.1499800515    1.461670873e-05 -0.917734251   

Doing analysis at TEMP = 27.000000 and TNOM = 27.000000

Using SPARSE 1.3 as Direct Linear Solver

Initial Transient Solution
--------------------------

Node                                   Voltage
----                                   -------
vsn                                          0
srcx                              -1.42584e-05
ain                                   -1.84139
gs                                    -9.50564
gp                                    -6.76173
csf                                    -13.283
cpf                                   -9.33179
cs                                         -15
cp                                       -10.5
vcp#branch                         1.16821e-05
vcs#branch                         1.71699e-05
vsrc#branch                       -9.50563e-06


No. of Data Rows : 4001
Fourier analysis for v(vsn):
  No. Harmonics: 10, THD: 1.83239e-10 %, Gridsize: 8192, Interpolation Degree: 1, No. Periods: 1

Harmonic Frequency       Magnitude       Phase           Norm. Mag       Norm. Phase    
-------- ---------       ---------       -----           ---------       -----------    
 0       0               -1.22047511e-12 0               0               0              
 1       20000           3.81799686      -3.74644408e-11 1               0              
 2       40000           2.441485255e-12 -87.6909717     6.394675912e-13 -87.6909717    
 3       60000           2.482056324e-12 -88.0223523     6.50093862e-13  -88.0223523    
 4       80000           2.495568762e-12 -90.579458      6.536330055e-13 -90.579458     
 5       100000          2.488585988e-12 -87.9105573     6.51804095e-13  -87.9105573    
 6       120000          2.563165169e-12 -87.4528109     6.713376838e-13 -87.4528109    
 7       140000          2.462392976e-12 -88.6343298     6.449436882e-13 -88.6343298    
 8       160000          2.443844329e-12 -90.6396608     6.400854739e-13 -90.6396608    
 9       180000          2.407716348e-12 -87.4077148     6.306229252e-13 -87.4077148    

Fourier analysis for v(ain):
  No. Harmonics: 10, THD: 0.958515 %, Gridsize: 8192, Interpolation Degree: 1, No. Periods: 1

Harmonic Frequency       Magnitude       Phase           Norm. Mag       Norm. Phase    
-------- ---------       ---------       -----           ---------       -----------    
 0       0               -1.84137329     0               0               0              
 1       20000           0.002710742913  27.26834465     1               0              
 2       40000           2.561563998e-05 -89.9122952     0.009449675163  -117.18064     
 3       60000           4.318862844e-06 -63.8805709     0.001593239559  -91.1489156    
 4       80000           5.369566596e-07 34.24817639     0.0001980846863 6.979831742    
 5       100000          8.458390669e-08 121.7146188     3.120321971e-05 94.44627417    
 6       120000          1.289301682e-08 -152.108498     4.756266909e-06 -179.376842    
 7       140000          1.936320655e-09 -68.9626921     7.143136464e-07 -96.2310368    
 8       160000          2.489889977e-10 19.43559346     9.185267866e-08 -7.83275119    
 9       180000          6.618929683e-11 138.5098342     2.441740104e-08 111.2414896    

Doing analysis at TEMP = 27.000000 and TNOM = 27.000000

Using SPARSE 1.3 as Direct Linear Solver

No. of Data Rows : 1
h1k = 6.6085066745e-04
Doing analysis at TEMP = 27.000000 and TNOM = 27.000000

Using SPARSE 1.3 as Direct Linear Solver

No. of Data Rows : 1
h20k = 7.0957497994e-04
Doing analysis at TEMP = 27.000000 and TNOM = 27.000000

Using SPARSE 1.3 as Direct Linear Solver

No. of Data Rows : 1
mag(v(ain)) = 7.6572929613e-04
Doing analysis at TEMP = 27.000000 and TNOM = 27.000000

Using SPARSE 1.3 as Direct Linear Solver

No. of Data Rows : 61
zmin = 1.1663591069e+06
Doing analysis at TEMP = 27.000000 and TNOM = 27.000000

Using SPARSE 1.3 as Direct Linear Solver

No. of Data Rows : 1
cvcs1k = 6.6329162225e-04
Doing analysis at TEMP = 27.000000 and TNOM = 27.000000

Using SPARSE 1.3 as Direct Linear Solver

No. of Data Rows : 1
cvcs20k = 7.0917527499e-04
Doing analysis at TEMP = 27.000000 and TNOM = 27.000000

Using SPARSE 1.3 as Direct Linear Solver

No. of Data Rows : 1
cvcp1k = 1.2951622114e-02
Doing analysis at TEMP = 27.000000 and TNOM = 27.000000

Using SPARSE 1.3 as Direct Linear Solver

No. of Data Rows : 1
cvcp20k = 6.8851307295e-04
L47B1_CASO d=0.6750
Doing analysis at TEMP = 27.000000 and TNOM = 27.000000

Using SPARSE 1.3 as Direct Linear Solver

Initial Transient Solution
--------------------------

Node                                   Voltage
----                                   -------
vsn                                          0
srcx                              -1.40935e-05
ain                                   -1.27789
gs                                    -9.39568
gp                                    -6.19446
csf                                   -13.2487
cpf                                   -8.63889
cs                                         -15
cp                                       -9.75
vcp#branch                         1.11111e-05
vcs#branch                         1.75135e-05
vsrc#branch                       -9.39568e-06


No. of Data Rows : 4001
Fourier analysis for v(vsn):
  No. Harmonics: 10, THD: 1.82423e-10 %, Gridsize: 8192, Interpolation Degree: 1, No. Periods: 1

Harmonic Frequency       Magnitude       Phase           Norm. Mag       Norm. Phase    
-------- ---------       ---------       -----           ---------       -----------    
 0       0               -1.22454477e-12 0               0               0              
 1       1000            3.81799686      -3.71591613e-11 1               0              
 2       2000            2.459847601e-12 -89.4460182     6.4427701e-13   -89.4460182    
 3       3000            2.468423083e-12 -89.8027962     6.465230783e-13 -89.8027962    
 4       4000            2.490441226e-12 -88.3667386     6.522900143e-13 -88.3667386    
 5       5000            2.480985163e-12 -88.9950906     6.498133063e-13 -88.9950906    
 6       6000            2.441255333e-12 -89.3827447     6.394073705e-13 -89.3827447    
 7       7000            2.434110817e-12 -88.6304784     6.375360972e-13 -88.6304784    
 8       8000            2.463075865e-12 -87.6315719     6.451225487e-13 -87.6315719    
 9       9000            2.461053183e-12 -87.6257769     6.44592773e-13  -87.6257769    

Fourier analysis for v(ain):
  No. Harmonics: 10, THD: 0.608405 %, Gridsize: 8192, Interpolation Degree: 1, No. Periods: 1

Harmonic Frequency       Magnitude       Phase           Norm. Mag       Norm. Phase    
-------- ---------       ---------       -----           ---------       -----------    
 0       0               -1.27786463     0               0               0              
 1       1000            0.002416858704  1.049337268     1               0              
 2       2000            1.470255202e-05 -90.1612358     0.006083331225  -91.2105731    
 3       3000            1.732558465e-07 -112.577663     7.168637795e-05 -113.627       
 4       4000            9.636870192e-08 2.111934746     3.987353575e-05 1.062597478    
 5       5000            6.387594816e-08 2.117663923     2.642932665e-05 1.068326655    
 6       6000            5.295478243e-08 0.05128853286   2.191058267e-05 -0.998048735   
 7       7000            4.566361603e-08 0.05201877233   1.889378802e-05 -0.997318496   
 8       8000            3.995953327e-08 0.1371951402    1.653366546e-05 -0.912142128   
 9       9000            3.551440725e-08 0.1660875307    1.469444912e-05 -0.883249737   

Doing analysis at TEMP = 27.000000 and TNOM = 27.000000

Using SPARSE 1.3 as Direct Linear Solver

Initial Transient Solution
--------------------------

Node                                   Voltage
----                                   -------
vsn                                          0
srcx                              -1.40935e-05
ain                                   -1.27789
gs                                    -9.39568
gp                                    -6.19446
csf                                   -13.2487
cpf                                   -8.63889
cs                                         -15
cp                                       -9.75
vcp#branch                         1.11111e-05
vcs#branch                         1.75135e-05
vsrc#branch                       -9.39568e-06

 Reference value :  3.95382e-04
No. of Data Rows : 4001
Fourier analysis for v(vsn):
  No. Harmonics: 10, THD: 1.83239e-10 %, Gridsize: 8192, Interpolation Degree: 1, No. Periods: 1

Harmonic Frequency       Magnitude       Phase           Norm. Mag       Norm. Phase    
-------- ---------       ---------       -----           ---------       -----------    
 0       0               -1.22047511e-12 0               0               0              
 1       20000           3.81799686      -3.74644408e-11 1               0              
 2       40000           2.441485255e-12 -87.6909717     6.394675912e-13 -87.6909717    
 3       60000           2.482056324e-12 -88.0223523     6.50093862e-13  -88.0223523    
 4       80000           2.495568762e-12 -90.579458      6.536330055e-13 -90.579458     
 5       100000          2.488585988e-12 -87.9105573     6.51804095e-13  -87.9105573    
 6       120000          2.563165169e-12 -87.4528109     6.713376838e-13 -87.4528109    
 7       140000          2.462392976e-12 -88.6343298     6.449436882e-13 -88.6343298    
 8       160000          2.443844329e-12 -90.6396608     6.400854739e-13 -90.6396608    
 9       180000          2.407716348e-12 -87.4077148     6.306229252e-13 -87.4077148    

Fourier analysis for v(ain):
  No. Harmonics: 10, THD: 0.932349 %, Gridsize: 8192, Interpolation Degree: 1, No. Periods: 1

Harmonic Frequency       Magnitude       Phase           Norm. Mag       Norm. Phase    
-------- ---------       ---------       -----           ---------       -----------    
 0       0               -1.27787191     0               0               0              
 1       20000           0.002589317622  26.95071652     1               0              
 2       40000           2.377583813e-05 -96.3144375     0.009182279502  -123.265154    
 3       60000           4.150509567e-06 -63.3382684     0.001602935666  -90.2889849    
 4       80000           5.357277488e-07 33.78342698     0.0002068992016 6.832710457    
 5       100000          8.443728786e-08 121.4782498     3.260986104e-05 94.52753325    
 6       120000          1.300152523e-08 -152.290188     5.021216832e-06 -179.240904    
 7       140000          1.985556016e-09 -68.6157618     7.668259771e-07 -95.5664783    
 8       160000          2.754595408e-10 17.23507464     1.063830634e-07 -9.71564188    
 9       180000          5.672130187e-11 125.6647202     2.190588801e-08 98.71400369    

Doing analysis at TEMP = 27.000000 and TNOM = 27.000000

Using SPARSE 1.3 as Direct Linear Solver

No. of Data Rows : 1
h1k = 6.3274163548e-04
Doing analysis at TEMP = 27.000000 and TNOM = 27.000000

Using SPARSE 1.3 as Direct Linear Solver

No. of Data Rows : 1
h20k = 6.7782627216e-04
Doing analysis at TEMP = 27.000000 and TNOM = 27.000000

Using SPARSE 1.3 as Direct Linear Solver

No. of Data Rows : 1
mag(v(ain)) = 7.3316688789e-04
Doing analysis at TEMP = 27.000000 and TNOM = 27.000000

Using SPARSE 1.3 as Direct Linear Solver

No. of Data Rows : 61
zmin = 1.1662077233e+06
Doing analysis at TEMP = 27.000000 and TNOM = 27.000000

Using SPARSE 1.3 as Direct Linear Solver

No. of Data Rows : 1
cvcs1k = 6.3507688696e-04
Doing analysis at TEMP = 27.000000 and TNOM = 27.000000

Using SPARSE 1.3 as Direct Linear Solver

No. of Data Rows : 1
cvcs20k = 6.7744258380e-04
Doing analysis at TEMP = 27.000000 and TNOM = 27.000000

Using SPARSE 1.3 as Direct Linear Solver

No. of Data Rows : 1
cvcp1k = 1.2954772806e-02
Doing analysis at TEMP = 27.000000 and TNOM = 27.000000

Using SPARSE 1.3 as Direct Linear Solver

No. of Data Rows : 1
cvcp20k = 6.7345034604e-04
L47B1_CASO d=0.7000
Doing analysis at TEMP = 27.000000 and TNOM = 27.000000

Using SPARSE 1.3 as Direct Linear Solver

Initial Transient Solution
--------------------------

Node                                   Voltage
----                                   -------
vsn                                          0
srcx                              -1.39285e-05
ain                                  -0.714205
gs                                     -9.2857
gp                                    -5.62716
csf                                   -13.2143
cpf                                   -7.94599
cs                                         -15
cp                                          -9
vcp#branch                         1.05401e-05
vcs#branch                         1.78572e-05
vsrc#branch                       -9.28569e-06


No. of Data Rows : 4001
Fourier analysis for v(vsn):
  No. Harmonics: 10, THD: 1.82423e-10 %, Gridsize: 8192, Interpolation Degree: 1, No. Periods: 1

Harmonic Frequency       Magnitude       Phase           Norm. Mag       Norm. Phase    
-------- ---------       ---------       -----           ---------       -----------    
 0       0               -1.22454477e-12 0               0               0              
 1       1000            3.81799686      -3.71591613e-11 1               0              
 2       2000            2.459847601e-12 -89.4460182     6.4427701e-13   -89.4460182    
 3       3000            2.468423083e-12 -89.8027962     6.465230783e-13 -89.8027962    
 4       4000            2.490441226e-12 -88.3667386     6.522900143e-13 -88.3667386    
 5       5000            2.480985163e-12 -88.9950906     6.498133063e-13 -88.9950906    
 6       6000            2.441255333e-12 -89.3827447     6.394073705e-13 -89.3827447    
 7       7000            2.434110817e-12 -88.6304784     6.375360972e-13 -88.6304784    
 8       8000            2.463075865e-12 -87.6315719     6.451225487e-13 -87.6315719    
 9       9000            2.461053183e-12 -87.6257769     6.44592773e-13  -87.6257769    

Fourier analysis for v(ain):
  No. Harmonics: 10, THD: 0.560704 %, Gridsize: 8192, Interpolation Degree: 1, No. Periods: 1

Harmonic Frequency       Magnitude       Phase           Norm. Mag       Norm. Phase    
-------- ---------       ---------       -----           ---------       -----------    
 0       0               -0.714182289    0               0               0              
 1       1000            0.002322434832  1.0322757       1               0              
 2       2000            1.302026036e-05 -90.6270357     0.0056062974    -91.6593114    
 3       3000            1.591883551e-07 -103.634574     6.854373389e-05 -104.66685     
 4       4000            9.380250842e-08 1.774706771     4.038972683e-05 0.7424310705   
 5       5000            6.16409326e-08  2.242788933     2.654151228e-05 1.210513233    
 6       6000            5.109363212e-08 0.06879458761   2.200002834e-05 -0.963481113   
 7       7000            4.40748173e-08  0.06348821969   1.897784889e-05 -0.96878748    
 8       8000            3.856974327e-08 0.1516426527    1.660745987e-05 -0.880633047   
 9       9000            3.427921978e-08 0.176698511     1.476003516e-05 -0.855577189   

Doing analysis at TEMP = 27.000000 and TNOM = 27.000000

Using SPARSE 1.3 as Direct Linear Solver

Initial Transient Solution
--------------------------

Node                                   Voltage
----                                   -------
vsn                                          0
srcx                              -1.39285e-05
ain                                  -0.714205
gs                                     -9.2857
gp                                    -5.62716
csf                                   -13.2143
cpf                                   -7.94599
cs                                         -15
cp                                          -9
vcp#branch                         1.05401e-05
vcs#branch                         1.78572e-05
vsrc#branch                       -9.28569e-06


No. of Data Rows : 4001
Fourier analysis for v(vsn):
  No. Harmonics: 10, THD: 1.83239e-10 %, Gridsize: 8192, Interpolation Degree: 1, No. Periods: 1

Harmonic Frequency       Magnitude       Phase           Norm. Mag       Norm. Phase    
-------- ---------       ---------       -----           ---------       -----------    
 0       0               -1.22047511e-12 0               0               0              
 1       20000           3.81799686      -3.74644408e-11 1               0              
 2       40000           2.441485255e-12 -87.6909717     6.394675912e-13 -87.6909717    
 3       60000           2.482056324e-12 -88.0223523     6.50093862e-13  -88.0223523    
 4       80000           2.495568762e-12 -90.579458      6.536330055e-13 -90.579458     
 5       100000          2.488585988e-12 -87.9105573     6.51804095e-13  -87.9105573    
 6       120000          2.563165169e-12 -87.4528109     6.713376838e-13 -87.4528109    
 7       140000          2.462392976e-12 -88.6343298     6.449436882e-13 -88.6343298    
 8       160000          2.443844329e-12 -90.6396608     6.400854739e-13 -90.6396608    
 9       180000          2.407716348e-12 -87.4077148     6.306229252e-13 -87.4077148    

Fourier analysis for v(ain):
  No. Harmonics: 10, THD: 0.920528 %, Gridsize: 8192, Interpolation Degree: 1, No. Periods: 1

Harmonic Frequency       Magnitude       Phase           Norm. Mag       Norm. Phase    
-------- ---------       ---------       -----           ---------       -----------    
 0       0               -0.714189483    0               0               0              
 1       20000           0.002482966722  26.65370911     1               0              
 2       40000           2.249344865e-05 -102.214114     0.009059101942  -128.867823    
 3       60000           4.020651944e-06 -62.9662341     0.001619293529  -89.6199432    
 4       80000           5.35402974e-07  33.33238127     0.0002156303463 6.678672158    
 5       100000          8.465151659e-08 121.1949071     3.409289213e-05 94.54119801    
 6       120000          1.316923361e-08 -152.53873      5.303830091e-06 -179.192439    
 7       140000          2.041058879e-09 -68.4168371     8.220242588e-07 -95.0705462    
 8       160000          3.002588584e-10 16.0694412      1.209274598e-07 -10.5842679    
 9       180000          5.183441209e-11 112.0480776     2.087599952e-08 85.39436853    

Doing analysis at TEMP = 27.000000 and TNOM = 27.000000

Using SPARSE 1.3 as Direct Linear Solver

No. of Data Rows : 1
h1k = 6.0804502004e-04
Doing analysis at TEMP = 27.000000 and TNOM = 27.000000

Using SPARSE 1.3 as Direct Linear Solver

No. of Data Rows : 1
h20k = 6.5001158794e-04
Doing analysis at TEMP = 27.000000 and TNOM = 27.000000

Using SPARSE 1.3 as Direct Linear Solver

No. of Data Rows : 1
mag(v(ain)) = 7.0455706348e-04
Doing analysis at TEMP = 27.000000 and TNOM = 27.000000

Using SPARSE 1.3 as Direct Linear Solver

No. of Data Rows : 61
zmin = 1.1660532805e+06
Doing analysis at TEMP = 27.000000 and TNOM = 27.000000

Using SPARSE 1.3 as Direct Linear Solver

No. of Data Rows : 1
cvcs1k = 6.1028729084e-04
Doing analysis at TEMP = 27.000000 and TNOM = 27.000000

Using SPARSE 1.3 as Direct Linear Solver

No. of Data Rows : 1
cvcs20k = 6.4964182680e-04
Doing analysis at TEMP = 27.000000 and TNOM = 27.000000

Using SPARSE 1.3 as Direct Linear Solver

No. of Data Rows : 1
cvcp1k = 1.2957568493e-02
Doing analysis at TEMP = 27.000000 and TNOM = 27.000000

Using SPARSE 1.3 as Direct Linear Solver

No. of Data Rows : 1
cvcp20k = 6.6105575432e-04
L47B1_CASO d=0.7250
Doing analysis at TEMP = 27.000000 and TNOM = 27.000000

Using SPARSE 1.3 as Direct Linear Solver

Initial Transient Solution
--------------------------

Node                                   Voltage
----                                   -------
vsn                                          0
srcx                              -1.37635e-05
ain                                  -0.150362
gs                                    -9.17568
gp                                    -5.05982
csf                                   -13.1799
cpf                                   -7.25307
cs                                         -15
cp                                       -8.25
vcp#branch                          9.9693e-06
vcs#branch                          1.8201e-05
vsrc#branch                       -9.17567e-06


No. of Data Rows : 4001
Fourier analysis for v(vsn):
  No. Harmonics: 10, THD: 1.82423e-10 %, Gridsize: 8192, Interpolation Degree: 1, No. Periods: 1

Harmonic Frequency       Magnitude       Phase           Norm. Mag       Norm. Phase    
-------- ---------       ---------       -----           ---------       -----------    
 0       0               -1.22454477e-12 0               0               0              
 1       1000            3.81799686      -3.71591613e-11 1               0              
 2       2000            2.459847601e-12 -89.4460182     6.4427701e-13   -89.4460182    
 3       3000            2.468423083e-12 -89.8027962     6.465230783e-13 -89.8027962    
 4       4000            2.490441226e-12 -88.3667386     6.522900143e-13 -88.3667386    
 5       5000            2.480985163e-12 -88.9950906     6.498133063e-13 -88.9950906    
 6       6000            2.441255333e-12 -89.3827447     6.394073705e-13 -89.3827447    
 7       7000            2.434110817e-12 -88.6304784     6.375360972e-13 -88.6304784    
 8       8000            2.463075865e-12 -87.6315719     6.451225487e-13 -87.6315719    
 9       9000            2.461053183e-12 -87.6257769     6.44592773e-13  -87.6257769    

Fourier analysis for v(ain):
  No. Harmonics: 10, THD: 0.520003 %, Gridsize: 8192, Interpolation Degree: 1, No. Periods: 1

Harmonic Frequency       Magnitude       Phase           Norm. Mag       Norm. Phase    
-------- ---------       ---------       -----           ---------       -----------    
 0       0               -0.150340625    0               0               0              
 1       1000            0.002238646247  1.016374292     1               0              
 2       2000            1.163923339e-05 -91.112988      0.00519922851   -92.1293623    
 3       3000            1.515996621e-07 -96.0762482     6.771934706e-05 -97.0926225    
 4       4000            9.152678169e-08 1.535793511     4.088487934e-05 0.519419219    
 5       5000            5.963592305e-08 2.371157427     2.663927949e-05 1.354783135    
 6       6000            4.941618936e-08 0.08465646573   2.207413942e-05 -0.931717826   
 7       7000            4.264590768e-08 0.07237037363   1.904986451e-05 -0.944003918   
 8       8000            3.731929134e-08 0.1620843635    1.667047279e-05 -0.854289929   
 9       9000            3.316652099e-08 0.1868192359    1.481543636e-05 -0.829555056   

Doing analysis at TEMP = 27.000000 and TNOM = 27.000000

Using SPARSE 1.3 as Direct Linear Solver

Initial Transient Solution
--------------------------

Node                                   Voltage
----                                   -------
vsn                                          0
srcx                              -1.37635e-05
ain                                  -0.150362
gs                                    -9.17568
gp                                    -5.05982
csf                                   -13.1799
cpf                                   -7.25307
cs                                         -15
cp                                       -8.25
vcp#branch                          9.9693e-06
vcs#branch                          1.8201e-05
vsrc#branch                       -9.17567e-06


No. of Data Rows : 4001
Fourier analysis for v(vsn):
  No. Harmonics: 10, THD: 1.83239e-10 %, Gridsize: 8192, Interpolation Degree: 1, No. Periods: 1

Harmonic Frequency       Magnitude       Phase           Norm. Mag       Norm. Phase    
-------- ---------       ---------       -----           ---------       -----------    
 0       0               -1.22047511e-12 0               0               0              
 1       20000           3.81799686      -3.74644408e-11 1               0              
 2       40000           2.441485255e-12 -87.6909717     6.394675912e-13 -87.6909717    
 3       60000           2.482056324e-12 -88.0223523     6.50093862e-13  -88.0223523    
 4       80000           2.495568762e-12 -90.579458      6.536330055e-13 -90.579458     
 5       100000          2.488585988e-12 -87.9105573     6.51804095e-13  -87.9105573    
 6       120000          2.563165169e-12 -87.4528109     6.713376838e-13 -87.4528109    
 7       140000          2.462392976e-12 -88.6343298     6.449436882e-13 -88.6343298    
 8       160000          2.443844329e-12 -90.6396608     6.400854739e-13 -90.6396608    
 9       180000          2.407716348e-12 -87.4077148     6.306229252e-13 -87.4077148    

Fourier analysis for v(ain):
  No. Harmonics: 10, THD: 0.919417 %, Gridsize: 8192, Interpolation Degree: 1, No. Periods: 1

Harmonic Frequency       Magnitude       Phase           Norm. Mag       Norm. Phase    
-------- ---------       ---------       -----           ---------       -----------    
 0       0               -0.150347721    0               0               0              
 1       20000           0.002388870229  26.3750187      1               0              
 2       40000           2.160420792e-05 -107.57343      0.009043692561  -133.948449    
 3       60000           3.920031988e-06 -62.7302792     0.001640956441  -89.1052979    
 4       80000           5.361131937e-07 32.88529249     0.0002244212294 6.510273788    
 5       100000          8.518559892e-08 120.8671737     3.565936645e-05 94.49215496    
 6       120000          1.338712882e-08 -152.854751     5.603958161e-06 -179.229769    
 7       140000          2.104277469e-09 -68.4186384     8.808672164e-07 -94.7936571    
 8       160000          3.256322563e-10 14.99010236     1.363122418e-07 -11.3849163    
 9       180000          5.053030618e-11 100.6185449     2.115238641e-08 74.24352619    

Doing analysis at TEMP = 27.000000 and TNOM = 27.000000

Using SPARSE 1.3 as Direct Linear Solver

No. of Data Rows : 1
h1k = 5.8612641027e-04
Doing analysis at TEMP = 27.000000 and TNOM = 27.000000

Using SPARSE 1.3 as Direct Linear Solver

No. of Data Rows : 1
h20k = 6.2539660639e-04
Doing analysis at TEMP = 27.000000 and TNOM = 27.000000

Using SPARSE 1.3 as Direct Linear Solver

No. of Data Rows : 1
mag(v(ain)) = 6.7916503168e-04
Doing analysis at TEMP = 27.000000 and TNOM = 27.000000

Using SPARSE 1.3 as Direct Linear Solver

No. of Data Rows : 61
zmin = 1.1658957165e+06
Doing analysis at TEMP = 27.000000 and TNOM = 27.000000

Using SPARSE 1.3 as Direct Linear Solver

No. of Data Rows : 1
cvcs1k = 5.8828605740e-04
Doing analysis at TEMP = 27.000000 and TNOM = 27.000000

Using SPARSE 1.3 as Direct Linear Solver

No. of Data Rows : 1
cvcs20k = 6.2503907275e-04
Doing analysis at TEMP = 27.000000 and TNOM = 27.000000

Using SPARSE 1.3 as Direct Linear Solver

No. of Data Rows : 1
cvcp1k = 1.2960066788e-02
Doing analysis at TEMP = 27.000000 and TNOM = 27.000000

Using SPARSE 1.3 as Direct Linear Solver

No. of Data Rows : 1
cvcp20k = 6.5069928674e-04
L47B1_CASO d=0.7500
Doing analysis at TEMP = 27.000000 and TNOM = 27.000000

Using SPARSE 1.3 as Direct Linear Solver

Initial Transient Solution
--------------------------

Node                                   Voltage
----                                   -------
vsn                                          0
srcx                              -1.37223e-05
ain                                -0.00948158
gs                                    -9.14819
gp                                    -4.57502
csf                                   -13.1713
cpf                                   -6.58594
cs                                         -15
cp                                        -7.5
vcp#branch                         9.14057e-06
vcs#branch                         1.82869e-05
vsrc#branch                       -9.14819e-06


No. of Data Rows : 4001
Fourier analysis for v(vsn):
  No. Harmonics: 10, THD: 1.82423e-10 %, Gridsize: 8192, Interpolation Degree: 1, No. Periods: 1

Harmonic Frequency       Magnitude       Phase           Norm. Mag       Norm. Phase    
-------- ---------       ---------       -----           ---------       -----------    
 0       0               -1.22454477e-12 0               0               0              
 1       1000            3.81799686      -3.71591613e-11 1               0              
 2       2000            2.459847601e-12 -89.4460182     6.4427701e-13   -89.4460182    
 3       3000            2.468423083e-12 -89.8027962     6.465230783e-13 -89.8027962    
 4       4000            2.490441226e-12 -88.3667386     6.522900143e-13 -88.3667386    
 5       5000            2.480985163e-12 -88.9950906     6.498133063e-13 -88.9950906    
 6       6000            2.441255333e-12 -89.3827447     6.394073705e-13 -89.3827447    
 7       7000            2.434110817e-12 -88.6304784     6.375360972e-13 -88.6304784    
 8       8000            2.463075865e-12 -87.6315719     6.451225487e-13 -87.6315719    
 9       9000            2.461053183e-12 -87.6257769     6.44592773e-13  -87.6257769    

Fourier analysis for v(ain):
  No. Harmonics: 10, THD: 0.0357543 %, Gridsize: 8192, Interpolation Degree: 1, No. Periods: 1

Harmonic Frequency       Magnitude       Phase           Norm. Mag       Norm. Phase    
-------- ---------       ---------       -----           ---------       -----------    
 0       0               -0.00948016069  0               0               0              
 1       1000            0.0004001735061 0.9066615655    1               0              
 2       2000            1.375349713e-07 -149.661177     0.0003436883481 -150.567838    
 3       3000            3.21611596e-08  -58.000364      8.036803815e-05 -58.9070256    
 4       4000            1.559103788e-08 0.7369406133    3.896069492e-05 -0.169720952   
 5       5000            9.803858134e-09 3.009128971     2.449901851e-05 2.102467406    
 6       6000            8.110974143e-09 0.2792822608    2.026864353e-05 -0.627379305   
 7       7000            7.008311508e-09 0.2220470878    1.751318216e-05 -0.684614478   
 8       8000            6.133195784e-09 0.3027983308    1.532634143e-05 -0.603863235   
 9       9000            5.45051073e-09  0.3121329529    1.362036878e-05 -0.594528613   

Doing analysis at TEMP = 27.000000 and TNOM = 27.000000

Using SPARSE 1.3 as Direct Linear Solver

Initial Transient Solution
--------------------------

Node                                   Voltage
----                                   -------
vsn                                          0
srcx                              -1.37223e-05
ain                                -0.00948158
gs                                    -9.14819
gp                                    -4.57502
csf                                   -13.1713
cpf                                   -6.58594
cs                                         -15
cp                                        -7.5
vcp#branch                         9.14057e-06
vcs#branch                         1.82869e-05
vsrc#branch                       -9.14819e-06


No. of Data Rows : 4001
Fourier analysis for v(vsn):
  No. Harmonics: 10, THD: 1.83239e-10 %, Gridsize: 8192, Interpolation Degree: 1, No. Periods: 1

Harmonic Frequency       Magnitude       Phase           Norm. Mag       Norm. Phase    
-------- ---------       ---------       -----           ---------       -----------    
 0       0               -1.22047511e-12 0               0               0              
 1       20000           3.81799686      -3.74644408e-11 1               0              
 2       40000           2.441485255e-12 -87.6909717     6.394675912e-13 -87.6909717    
 3       60000           2.482056324e-12 -88.0223523     6.50093862e-13  -88.0223523    
 4       80000           2.495568762e-12 -90.579458      6.536330055e-13 -90.579458     
 5       100000          2.488585988e-12 -87.9105573     6.51804095e-13  -87.9105573    
 6       120000          2.563165169e-12 -87.4528109     6.713376838e-13 -87.4528109    
 7       140000          2.462392976e-12 -88.6343298     6.449436882e-13 -88.6343298    
 8       160000          2.443844329e-12 -90.6396608     6.400854739e-13 -90.6396608    
 9       180000          2.407716348e-12 -87.4077148     6.306229252e-13 -87.4077148    

Fourier analysis for v(ain):
  No. Harmonics: 10, THD: 0.895151 %, Gridsize: 8192, Interpolation Degree: 1, No. Periods: 1

Harmonic Frequency       Magnitude       Phase           Norm. Mag       Norm. Phase    
-------- ---------       ---------       -----           ---------       -----------    
 0       0               -0.00948141114  0               0               0              
 1       20000           0.0004252592165 23.19627689     1               0              
 2       40000           3.741204895e-06 -149.36132      0.008797469285  -172.557597    
 3       60000           6.961074359e-07 -68.5871216     0.001636901468  -91.7833985    
 4       80000           9.816929651e-08 22.48697704     0.0002308457823 -0.709299851   
 5       100000          1.49567158e-08  108.4159576     3.517082105e-05 85.21968074    
 6       120000          2.254897108e-09 -166.865742     5.302406205e-06 -190.062018    
 7       140000          3.508380513e-10 -80.0137485     8.249981133e-07 -103.210025    
 8       160000          7.439541447e-11 -1.4916371      1.749413336e-07 -24.687914     
 9       180000          2.238129334e-11 20.18585488     5.262976668e-08 -3.01042201    

Doing analysis at TEMP = 27.000000 and TNOM = 27.000000

Using SPARSE 1.3 as Direct Linear Solver

No. of Data Rows : 1
h1k = 1.0479931557e-04
Doing analysis at TEMP = 27.000000 and TNOM = 27.000000

Using SPARSE 1.3 as Direct Linear Solver

No. of Data Rows : 1
h20k = 1.1134882351e-04
Doing analysis at TEMP = 27.000000 and TNOM = 27.000000

Using SPARSE 1.3 as Direct Linear Solver

No. of Data Rows : 1
mag(v(ain)) = 1.1880325217e-04
Doing analysis at TEMP = 27.000000 and TNOM = 27.000000

Using SPARSE 1.3 as Direct Linear Solver

No. of Data Rows : 61
zmin = 1.1657718715e+06
Doing analysis at TEMP = 27.000000 and TNOM = 27.000000

Using SPARSE 1.3 as Direct Linear Solver

No. of Data Rows : 1
cvcs1k = 1.0518537919e-04
Doing analysis at TEMP = 27.000000 and TNOM = 27.000000

Using SPARSE 1.3 as Direct Linear Solver

No. of Data Rows : 1
cvcs20k = 1.1128508671e-04
Doing analysis at TEMP = 27.000000 and TNOM = 27.000000

Using SPARSE 1.3 as Direct Linear Solver

No. of Data Rows : 1
cvcp1k = 2.7002645917e-04
Doing analysis at TEMP = 27.000000 and TNOM = 27.000000

Using SPARSE 1.3 as Direct Linear Solver

No. of Data Rows : 1
cvcp20k = 1.0610453587e-04
L47B1_CASO d=0.7750
Doing analysis at TEMP = 27.000000 and TNOM = 27.000000

Using SPARSE 1.3 as Direct Linear Solver

Initial Transient Solution
--------------------------

Node                                   Voltage
----                                   -------
vsn                                          0
srcx                              -1.37208e-05
ain                                -0.00445256
gs                                    -9.14721
gp                                    -4.11672
csf                                    -13.171
cpf                                    -5.9271
cs                                         -15
cp                                       -6.75
vcp#branch                           8.229e-06
vcs#branch                           1.829e-05
vsrc#branch                        -9.1472e-06


No. of Data Rows : 4001
Fourier analysis for v(vsn):
  No. Harmonics: 10, THD: 1.82423e-10 %, Gridsize: 8192, Interpolation Degree: 1, No. Periods: 1

Harmonic Frequency       Magnitude       Phase           Norm. Mag       Norm. Phase    
-------- ---------       ---------       -----           ---------       -----------    
 0       0               -1.22454477e-12 0               0               0              
 1       1000            3.81799686      -3.71591613e-11 1               0              
 2       2000            2.459847601e-12 -89.4460182     6.4427701e-13   -89.4460182    
 3       3000            2.468423083e-12 -89.8027962     6.465230783e-13 -89.8027962    
 4       4000            2.490441226e-12 -88.3667386     6.522900143e-13 -88.3667386    
 5       5000            2.480985163e-12 -88.9950906     6.498133063e-13 -88.9950906    
 6       6000            2.441255333e-12 -89.3827447     6.394073705e-13 -89.3827447    
 7       7000            2.434110817e-12 -88.6304784     6.375360972e-13 -88.6304784    
 8       8000            2.463075865e-12 -87.6315719     6.451225487e-13 -87.6315719    
 9       9000            2.461053183e-12 -87.6257769     6.44592773e-13  -87.6257769    

Fourier analysis for v(ain):
  No. Harmonics: 10, THD: 0.0320047 %, Gridsize: 8192, Interpolation Degree: 1, No. Periods: 1

Harmonic Frequency       Magnitude       Phase           Norm. Mag       Norm. Phase    
-------- ---------       ---------       -----           ---------       -----------    
 0       0               -0.00445189534  0               0               0              
 1       1000            0.0001955568007 0.9054350345    1               0              
 2       2000            5.95457017e-08  -170.292208     0.0003044931267 -171.197644    
 3       3000            1.572871106e-08 -58.064715      8.043039672e-05 -58.97015      
 4       4000            7.609820143e-09 0.7414077947    3.891360523e-05 -0.16402724    
 5       5000            4.780495884e-09 3.026163648     2.444556194e-05 2.120728613    
 6       6000            3.954820936e-09 0.2833829204    2.022338738e-05 -0.622052114   
 7       7000            3.417299744e-09 0.2251591295    1.747471697e-05 -0.680275905   
 8       8000            2.990590902e-09 0.3058354206    1.529269701e-05 -0.599599614   
 9       9000            2.657706273e-09 0.3148090942    1.359045691e-05 -0.59062594    

Doing analysis at TEMP = 27.000000 and TNOM = 27.000000

Using SPARSE 1.3 as Direct Linear Solver

Initial Transient Solution
--------------------------

Node                                   Voltage
----                                   -------
vsn                                          0
srcx                              -1.37208e-05
ain                                -0.00445256
gs                                    -9.14721
gp                                    -4.11672
csf                                    -13.171
cpf                                    -5.9271
cs                                         -15
cp                                       -6.75
vcp#branch                           8.229e-06
vcs#branch                           1.829e-05
vsrc#branch                        -9.1472e-06


No. of Data Rows : 4001
Fourier analysis for v(vsn):
  No. Harmonics: 10, THD: 1.83239e-10 %, Gridsize: 8192, Interpolation Degree: 1, No. Periods: 1

Harmonic Frequency       Magnitude       Phase           Norm. Mag       Norm. Phase    
-------- ---------       ---------       -----           ---------       -----------    
 0       0               -1.22047511e-12 0               0               0              
 1       20000           3.81799686      -3.74644408e-11 1               0              
 2       40000           2.441485255e-12 -87.6909717     6.394675912e-13 -87.6909717    
 3       60000           2.482056324e-12 -88.0223523     6.50093862e-13  -88.0223523    
 4       80000           2.495568762e-12 -90.579458      6.536330055e-13 -90.579458     
 5       100000          2.488585988e-12 -87.9105573     6.51804095e-13  -87.9105573    
 6       120000          2.563165169e-12 -87.4528109     6.713376838e-13 -87.4528109    
 7       140000          2.462392976e-12 -88.6343298     6.449436882e-13 -88.6343298    
 8       160000          2.443844329e-12 -90.6396608     6.400854739e-13 -90.6396608    
 9       180000          2.407716348e-12 -87.4077148     6.306229252e-13 -87.4077148    

Fourier analysis for v(ain):
  No. Harmonics: 10, THD: 0.896906 %, Gridsize: 8192, Interpolation Degree: 1, No. Periods: 1

Harmonic Frequency       Magnitude       Phase           Norm. Mag       Norm. Phase    
-------- ---------       ---------       -----           ---------       -----------    
 0       0               -0.0044525073   0               0               0              
 1       20000           0.00020779771   23.15712376     1               0              
 2       40000           1.831741532e-06 -150.279418     0.008815022704  -173.436541    
 3       60000           3.404842255e-07 -68.6652709     0.001638536947  -91.8223946    
 4       80000           4.802346159e-08 22.3678745      0.0002311067893 -0.789249265   
 5       100000          7.312623212e-09 108.2839147     3.519106736e-05 85.12679097    
 6       120000          1.101971514e-09 -167.012433     5.303097488e-06 -190.169556    
 7       140000          1.71338903e-10  -80.1678101     8.245466373e-07 -103.324934    
 8       160000          3.631681471e-11 -1.60139993     1.74770043e-07  -24.7585237    
 9       180000          1.09322373e-11  20.14940069     5.260999892e-08 -3.00772307    

Doing analysis at TEMP = 27.000000 and TNOM = 27.000000

Using SPARSE 1.3 as Direct Linear Solver

No. of Data Rows : 1
h1k = 5.1213418032e-05
Doing analysis at TEMP = 27.000000 and TNOM = 27.000000

Using SPARSE 1.3 as Direct Linear Solver

No. of Data Rows : 1
h20k = 5.4409206552e-05
Doing analysis at TEMP = 27.000000 and TNOM = 27.000000

Using SPARSE 1.3 as Direct Linear Solver

No. of Data Rows : 1
mag(v(ain)) = 5.8037463874e-05
Doing analysis at TEMP = 27.000000 and TNOM = 27.000000

Using SPARSE 1.3 as Direct Linear Solver

No. of Data Rows : 61
zmin = 1.1657605431e+06
Doing analysis at TEMP = 27.000000 and TNOM = 27.000000

Using SPARSE 1.3 as Direct Linear Solver

No. of Data Rows : 1
cvcs1k = 5.1402078510e-05
Doing analysis at TEMP = 27.000000 and TNOM = 27.000000

Using SPARSE 1.3 as Direct Linear Solver

No. of Data Rows : 1
cvcs20k = 5.4378060968e-05
Doing analysis at TEMP = 27.000000 and TNOM = 27.000000

Using SPARSE 1.3 as Direct Linear Solver

No. of Data Rows : 1
cvcp1k = 7.8155120224e-05
Doing analysis at TEMP = 27.000000 and TNOM = 27.000000

Using SPARSE 1.3 as Direct Linear Solver

No. of Data Rows : 1
cvcp20k = 5.3123500998e-05
L47B1_CASO d=0.8000
Doing analysis at TEMP = 27.000000 and TNOM = 27.000000

Using SPARSE 1.3 as Direct Linear Solver

Initial Transient Solution
--------------------------

Node                                   Voltage
----                                   -------
vsn                                          0
srcx                              -1.37203e-05
ain                                -0.00283713
gs                                    -9.14689
gp                                    -3.65909
csf                                   -13.1709
cpf                                   -5.26847
cs                                         -15
cp                                          -6
vcp#branch                         7.31535e-06
vcs#branch                          1.8291e-05
vsrc#branch                       -9.14689e-06


No. of Data Rows : 4001
Fourier analysis for v(vsn):
  No. Harmonics: 10, THD: 1.82423e-10 %, Gridsize: 8192, Interpolation Degree: 1, No. Periods: 1

Harmonic Frequency       Magnitude       Phase           Norm. Mag       Norm. Phase    
-------- ---------       ---------       -----           ---------       -----------    
 0       0               -1.22454477e-12 0               0               0              
 1       1000            3.81799686      -3.71591613e-11 1               0              
 2       2000            2.459847601e-12 -89.4460182     6.4427701e-13   -89.4460182    
 3       3000            2.468423083e-12 -89.8027962     6.465230783e-13 -89.8027962    
 4       4000            2.490441226e-12 -88.3667386     6.522900143e-13 -88.3667386    
 5       5000            2.480985163e-12 -88.9950906     6.498133063e-13 -88.9950906    
 6       6000            2.441255333e-12 -89.3827447     6.394073705e-13 -89.3827447    
 7       7000            2.434110817e-12 -88.6304784     6.375360972e-13 -88.6304784    
 8       8000            2.463075865e-12 -87.6315719     6.451225487e-13 -87.6315719    
 9       9000            2.461053183e-12 -87.6257769     6.44592773e-13  -87.6257769    

Fourier analysis for v(ain):
  No. Harmonics: 10, THD: 0.0317887 %, Gridsize: 8192, Interpolation Degree: 1, No. Periods: 1

Harmonic Frequency       Magnitude       Phase           Norm. Mag       Norm. Phase    
-------- ---------       ---------       -----           ---------       -----------    
 0       0               -0.00283669001  0               0               0              
 1       1000            0.0001291894311 0.9052820477    1               0              
 2       2000            3.904403207e-08 -174.365733     0.0003022231132 -175.271015    
 3       3000            1.039206179e-08 -58.080889      8.044049503e-05 -58.9861711    
 4       4000            5.026181198e-09 0.7422695376    3.890551382e-05 -0.16301251    
 5       5000            3.156861237e-09 3.029397559     2.443590942e-05 2.124115511    
 6       6000            2.611591407e-09 0.2841021101    2.021520943e-05 -0.621179938   
 7       7000            2.256652312e-09 0.2257023169    1.746777807e-05 -0.679579731   
 8       8000            1.974871125e-09 0.306362593     1.528663071e-05 -0.598919455   
 9       9000            1.755046406e-09 0.3152836723    1.35850618e-05  -0.589998375   

Doing analysis at TEMP = 27.000000 and TNOM = 27.000000

Using SPARSE 1.3 as Direct Linear Solver

Initial Transient Solution
--------------------------

Node                                   Voltage
----                                   -------
vsn                                          0
srcx                              -1.37203e-05
ain                                -0.00283713
gs                                    -9.14689
gp                                    -3.65909
csf                                   -13.1709
cpf                                   -5.26847
cs                                         -15
cp                                          -6
vcp#branch                         7.31535e-06
vcs#branch                          1.8291e-05
vsrc#branch                       -9.14689e-06


No. of Data Rows : 4001
Fourier analysis for v(vsn):
  No. Harmonics: 10, THD: 1.83239e-10 %, Gridsize: 8192, Interpolation Degree: 1, No. Periods: 1

Harmonic Frequency       Magnitude       Phase           Norm. Mag       Norm. Phase    
-------- ---------       ---------       -----           ---------       -----------    
 0       0               -1.22047511e-12 0               0               0              
 1       20000           3.81799686      -3.74644408e-11 1               0              
 2       40000           2.441485255e-12 -87.6909717     6.394675912e-13 -87.6909717    
 3       60000           2.482056324e-12 -88.0223523     6.50093862e-13  -88.0223523    
 4       80000           2.495568762e-12 -90.579458      6.536330055e-13 -90.579458     
 5       100000          2.488585988e-12 -87.9105573     6.51804095e-13  -87.9105573    
 6       120000          2.563165169e-12 -87.4528109     6.713376838e-13 -87.4528109    
 7       140000          2.462392976e-12 -88.6343298     6.449436882e-13 -88.6343298    
 8       160000          2.443844329e-12 -90.6396608     6.400854739e-13 -90.6396608    
 9       180000          2.407716348e-12 -87.4077148     6.306229252e-13 -87.4077148    

Fourier analysis for v(ain):
  No. Harmonics: 10, THD: 0.897245 %, Gridsize: 8192, Interpolation Degree: 1, No. Periods: 1

Harmonic Frequency       Magnitude       Phase           Norm. Mag       Norm. Phase    
-------- ---------       ---------       -----           ---------       -----------    
 0       0               -0.00283709438  0               0               0              
 1       20000           0.0001372737848 23.15149592     1               0              
 2       40000           1.21053563e-06  -150.440038     0.008818403542  -173.591533    
 3       60000           2.249773441e-07 -68.67501       0.001638895178  -91.8265059    
 4       80000           3.173305324e-08 22.35235342     0.0002311661566 -0.799142504   
 5       100000          4.831678414e-09 108.267664      3.519738615e-05 85.11616807    
 6       120000          7.280674648e-10 -167.029827     5.303761863e-06 -190.181323    
 7       140000          1.131921931e-10 -80.1863794     8.245725372e-07 -103.337875    
 8       160000          2.398868364e-11 -1.61398783     1.747506537e-07 -24.7654838    
 9       180000          7.220016018e-12 20.15474561     5.259573797e-08 -2.99675031    

Doing analysis at TEMP = 27.000000 and TNOM = 27.000000

Using SPARSE 1.3 as Direct Linear Solver

No. of Data Rows : 1
h1k = 3.3832800252e-05
Doing analysis at TEMP = 27.000000 and TNOM = 27.000000

Using SPARSE 1.3 as Direct Linear Solver

No. of Data Rows : 1
h20k = 3.5943402287e-05
Doing analysis at TEMP = 27.000000 and TNOM = 27.000000

Using SPARSE 1.3 as Direct Linear Solver

No. of Data Rows : 1
mag(v(ain)) = 3.8338638535e-05
Doing analysis at TEMP = 27.000000 and TNOM = 27.000000

Using SPARSE 1.3 as Direct Linear Solver

No. of Data Rows : 61
zmin = 1.1657568707e+06
Doing analysis at TEMP = 27.000000 and TNOM = 27.000000

Using SPARSE 1.3 as Direct Linear Solver

No. of Data Rows : 1
cvcs1k = 3.3957433544e-05
Doing analysis at TEMP = 27.000000 and TNOM = 27.000000

Using SPARSE 1.3 as Direct Linear Solver

No. of Data Rows : 1
cvcs20k = 3.5922826829e-05
Doing analysis at TEMP = 27.000000 and TNOM = 27.000000

Using SPARSE 1.3 as Direct Linear Solver

No. of Data Rows : 1
cvcp1k = 4.2509511943e-05
Doing analysis at TEMP = 27.000000 and TNOM = 27.000000

Using SPARSE 1.3 as Direct Linear Solver

No. of Data Rows : 1
cvcp20k = 3.5386997216e-05
L47B1_CASO d=0.8250
Doing analysis at TEMP = 27.000000 and TNOM = 27.000000

Using SPARSE 1.3 as Direct Linear Solver

Initial Transient Solution
--------------------------

Node                                   Voltage
----                                   -------
vsn                                          0
srcx                              -1.37201e-05
ain                                -0.00204138
gs                                    -9.14674
gp                                    -3.20162
csf                                   -13.1709
cpf                                   -4.60988
cs                                         -15
cp                                       -5.25
vcp#branch                          6.4012e-06
vcs#branch                         1.82914e-05
vsrc#branch                       -9.14673e-06


No. of Data Rows : 4001
Fourier analysis for v(vsn):
  No. Harmonics: 10, THD: 1.82423e-10 %, Gridsize: 8192, Interpolation Degree: 1, No. Periods: 1

Harmonic Frequency       Magnitude       Phase           Norm. Mag       Norm. Phase    
-------- ---------       ---------       -----           ---------       -----------    
 0       0               -1.22454477e-12 0               0               0              
 1       1000            3.81799686      -3.71591613e-11 1               0              
 2       2000            2.459847601e-12 -89.4460182     6.4427701e-13   -89.4460182    
 3       3000            2.468423083e-12 -89.8027962     6.465230783e-13 -89.8027962    
 4       4000            2.490441226e-12 -88.3667386     6.522900143e-13 -88.3667386    
 5       5000            2.480985163e-12 -88.9950906     6.498133063e-13 -88.9950906    
 6       6000            2.441255333e-12 -89.3827447     6.394073705e-13 -89.3827447    
 7       7000            2.434110817e-12 -88.6304784     6.375360972e-13 -88.6304784    
 8       8000            2.463075865e-12 -87.6315719     6.451225487e-13 -87.6315719    
 9       9000            2.461053183e-12 -87.6257769     6.44592773e-13  -87.6257769    

Fourier analysis for v(ain):
  No. Harmonics: 10, THD: 0.0317487 %, Gridsize: 8192, Interpolation Degree: 1, No. Periods: 1

Harmonic Frequency       Magnitude       Phase           Norm. Mag       Norm. Phase    
-------- ---------       ---------       -----           ---------       -----------    
 0       0               -0.0020410588   0               0               0              
 1       1000            9.643130176e-05 0.9052494704    1               0              
 2       2000            2.910316968e-08 -175.7777       0.0003018021031 -176.68295     
 3       3000            7.757364806e-09 -58.0870151     8.044446839e-05 -58.9922645    
 4       4000            3.751450467e-09 0.7425845408    3.890282925e-05 -0.16266493    
 5       5000            2.356062051e-09 3.0305769       2.443254429e-05 2.12532743     
 6       6000            1.949103718e-09 0.2843544837    2.021235514e-05 -0.620894987   
 7       7000            1.684207314e-09 0.225889983     1.74653591e-05  -0.679359487   
 8       8000            1.473905771e-09 0.3065402876    1.528451596e-05 -0.598709183   
 9       9000            1.309843858e-09 0.3154496577    1.358318133e-05 -0.589799813   

Doing analysis at TEMP = 27.000000 and TNOM = 27.000000

Using SPARSE 1.3 as Direct Linear Solver

Initial Transient Solution
--------------------------

Node                                   Voltage
----                                   -------
vsn                                          0
srcx                              -1.37201e-05
ain                                -0.00204138
gs                                    -9.14674
gp                                    -3.20162
csf                                   -13.1709
cpf                                   -4.60988
cs                                         -15
cp                                       -5.25
vcp#branch                          6.4012e-06
vcs#branch                         1.82914e-05
vsrc#branch                       -9.14673e-06

 Reference value :  3.00007e-04
No. of Data Rows : 4001
Fourier analysis for v(vsn):
  No. Harmonics: 10, THD: 1.83239e-10 %, Gridsize: 8192, Interpolation Degree: 1, No. Periods: 1

Harmonic Frequency       Magnitude       Phase           Norm. Mag       Norm. Phase    
-------- ---------       ---------       -----           ---------       -----------    
 0       0               -1.22047511e-12 0               0               0              
 1       20000           3.81799686      -3.74644408e-11 1               0              
 2       40000           2.441485255e-12 -87.6909717     6.394675912e-13 -87.6909717    
 3       60000           2.482056324e-12 -88.0223523     6.50093862e-13  -88.0223523    
 4       80000           2.495568762e-12 -90.579458      6.536330055e-13 -90.579458     
 5       100000          2.488585988e-12 -87.9105573     6.51804095e-13  -87.9105573    
 6       120000          2.563165169e-12 -87.4528109     6.713376838e-13 -87.4528109    
 7       140000          2.462392976e-12 -88.6343298     6.449436882e-13 -88.6343298    
 8       160000          2.443844329e-12 -90.6396608     6.400854739e-13 -90.6396608    
 9       180000          2.407716348e-12 -87.4077148     6.306229252e-13 -87.4077148    

Fourier analysis for v(ain):
  No. Harmonics: 10, THD: 0.897367 %, Gridsize: 8192, Interpolation Degree: 1, No. Periods: 1

Harmonic Frequency       Magnitude       Phase           Norm. Mag       Norm. Phase    
-------- ---------       ---------       -----           ---------       -----------    
 0       0               -0.00204136066  0               0               0              
 1       20000           0.0001024651005 23.14996484     1               0              
 2       40000           9.03702681e-07  -150.494713     0.008819614451  -173.644678    
 3       60000           1.679443616e-07 -68.6770134     0.001639039642  -91.8269782    
 4       80000           2.368898639e-08 22.34877038     0.0002311907789 -0.801194456   
 5       100000          3.606816931e-09 108.2643219     3.520044302e-05 85.11435703    
 6       120000          5.434912938e-10 -167.033085     5.304160062e-06 -190.18305     
 7       140000          8.449544501e-11 -80.1895918     8.246265764e-07 -103.339557    
 8       160000          1.790583095e-11 -1.61584311     1.747505333e-07 -24.765808     
 9       180000          5.388639866e-12 20.15830589     5.259000226e-08 -2.99165895    

Doing analysis at TEMP = 27.000000 and TNOM = 27.000000

Using SPARSE 1.3 as Direct Linear Solver

No. of Data Rows : 1
h1k = 2.5253933307e-05
Doing analysis at TEMP = 27.000000 and TNOM = 27.000000

Using SPARSE 1.3 as Direct Linear Solver

No. of Data Rows : 1
h20k = 2.6829187670e-05
Doing analysis at TEMP = 27.000000 and TNOM = 27.000000

Using SPARSE 1.3 as Direct Linear Solver

No. of Data Rows : 1
mag(v(ain)) = 2.8616647451e-05
Doing analysis at TEMP = 27.000000 and TNOM = 27.000000

Using SPARSE 1.3 as Direct Linear Solver

No. of Data Rows : 61
zmin = 1.1657550581e+06
Doing analysis at TEMP = 27.000000 and TNOM = 27.000000

Using SPARSE 1.3 as Direct Linear Solver

No. of Data Rows : 1
cvcs1k = 2.5346963654e-05
Doing analysis at TEMP = 27.000000 and TNOM = 27.000000

Using SPARSE 1.3 as Direct Linear Solver

No. of Data Rows : 1
cvcs20k = 2.6813829449e-05
Doing analysis at TEMP = 27.000000 and TNOM = 27.000000

Using SPARSE 1.3 as Direct Linear Solver

No. of Data Rows : 1
cvcp1k = 2.9042790701e-05
Doing analysis at TEMP = 27.000000 and TNOM = 27.000000

Using SPARSE 1.3 as Direct Linear Solver

No. of Data Rows : 1
cvcp20k = 2.6524872711e-05
L47B1_CASO d=0.8500
Doing analysis at TEMP = 27.000000 and TNOM = 27.000000

Using SPARSE 1.3 as Direct Linear Solver

Initial Transient Solution
--------------------------

Node                                   Voltage
----                                   -------
vsn                                          0
srcx                                -1.372e-05
ain                                -0.00156782
gs                                    -9.14665
gp                                    -2.74421
csf                                   -13.1708
cpf                                   -3.95131
cs                                         -15
cp                                        -4.5
vcp#branch                         5.48685e-06
vcs#branch                         1.82917e-05
vsrc#branch                       -9.14664e-06


No. of Data Rows : 4001
Fourier analysis for v(vsn):
  No. Harmonics: 10, THD: 1.82423e-10 %, Gridsize: 8192, Interpolation Degree: 1, No. Periods: 1

Harmonic Frequency       Magnitude       Phase           Norm. Mag       Norm. Phase    
-------- ---------       ---------       -----           ---------       -----------    
 0       0               -1.22454477e-12 0               0               0              
 1       1000            3.81799686      -3.71591613e-11 1               0              
 2       2000            2.459847601e-12 -89.4460182     6.4427701e-13   -89.4460182    
 3       3000            2.468423083e-12 -89.8027962     6.465230783e-13 -89.8027962    
 4       4000            2.490441226e-12 -88.3667386     6.522900143e-13 -88.3667386    
 5       5000            2.480985163e-12 -88.9950906     6.498133063e-13 -88.9950906    
 6       6000            2.441255333e-12 -89.3827447     6.394073705e-13 -89.3827447    
 7       7000            2.434110817e-12 -88.6304784     6.375360972e-13 -88.6304784    
 8       8000            2.463075865e-12 -87.6315719     6.451225487e-13 -87.6315719    
 9       9000            2.461053183e-12 -87.6257769     6.44592773e-13  -87.6257769    

Fourier analysis for v(ain):
  No. Harmonics: 10, THD: 0.0317363 %, Gridsize: 8192, Interpolation Degree: 1, No. Periods: 1

Harmonic Frequency       Magnitude       Phase           Norm. Mag       Norm. Phase    
-------- ---------       ---------       -----           ---------       -----------    
 0       0               -0.00156756103  0               0               0              
 1       1000            7.692158664e-05 0.9052429246    1               0              
 2       2000            2.320509151e-08 -176.426589     0.0003016720341 -177.331832    
 3       3000            6.188078371e-09 -58.0900068     8.044657738e-05 -58.9952497    
 4       4000            2.992376e-09    0.7427413108    3.890164167e-05 -0.162501614   
 5       5000            1.87926952e-09  3.031148492     2.443097708e-05 2.125905568    
 6       6000            1.554664186e-09 0.2844651762    2.021102598e-05 -0.620777748   
 7       7000            1.343376758e-09 0.2259728498    1.746423619e-05 -0.679270075   
 8       8000            1.175633537e-09 0.3066265257    1.528353208e-05 -0.598616399   
 9       9000            1.044772491e-09 0.3155237487    1.358230552e-05 -0.589719176   

Doing analysis at TEMP = 27.000000 and TNOM = 27.000000

Using SPARSE 1.3 as Direct Linear Solver

Initial Transient Solution
--------------------------

Node                                   Voltage
----                                   -------
vsn                                          0
srcx                                -1.372e-05
ain                                -0.00156782
gs                                    -9.14665
gp                                    -2.74421
csf                                   -13.1708
cpf                                   -3.95131
cs                                         -15
cp                                        -4.5
vcp#branch                         5.48685e-06
vcs#branch                         1.82917e-05
vsrc#branch                       -9.14664e-06


No. of Data Rows : 4001
Fourier analysis for v(vsn):
  No. Harmonics: 10, THD: 1.83239e-10 %, Gridsize: 8192, Interpolation Degree: 1, No. Periods: 1

Harmonic Frequency       Magnitude       Phase           Norm. Mag       Norm. Phase    
-------- ---------       ---------       -----           ---------       -----------    
 0       0               -1.22047511e-12 0               0               0              
 1       20000           3.81799686      -3.74644408e-11 1               0              
 2       40000           2.441485255e-12 -87.6909717     6.394675912e-13 -87.6909717    
 3       60000           2.482056324e-12 -88.0223523     6.50093862e-13  -88.0223523    
 4       80000           2.495568762e-12 -90.579458      6.536330055e-13 -90.579458     
 5       100000          2.488585988e-12 -87.9105573     6.51804095e-13  -87.9105573    
 6       120000          2.563165169e-12 -87.4528109     6.713376838e-13 -87.4528109    
 7       140000          2.462392976e-12 -88.6343298     6.449436882e-13 -88.6343298    
 8       160000          2.443844329e-12 -90.6396608     6.400854739e-13 -90.6396608    
 9       180000          2.407716348e-12 -87.4077148     6.306229252e-13 -87.4077148    

Fourier analysis for v(ain):
  No. Harmonics: 10, THD: 0.897425 %, Gridsize: 8192, Interpolation Degree: 1, No. Periods: 1

Harmonic Frequency       Magnitude       Phase           Norm. Mag       Norm. Phase    
-------- ---------       ---------       -----           ---------       -----------    
 0       0               -0.00156780183  0               0               0              
 1       20000           8.173439305e-05 23.14943187     1               0              
 2       40000           7.209128483e-07 -150.519582     0.008820189658  -173.669014    
 3       60000           1.339720858e-07 -68.6773523     0.001639115197  -91.8267842    
 4       80000           1.889731172e-08 22.34788191     0.0002312039157 -0.80154996    
 5       100000          2.877232544e-09 108.2637668     3.520222561e-05 85.11433495    
 6       120000          4.335537068e-10 -167.033413     5.304421928e-06 -190.182845    
 7       140000          6.740296736e-11 -80.1899699     8.24658566e-07  -103.339402    
 8       160000          1.428337418e-11 -1.61551872     1.747535358e-07 -24.7649506    
 9       180000          4.298093714e-12 20.16193083     5.258610915e-08 -2.98750105    

Doing analysis at TEMP = 27.000000 and TNOM = 27.000000

Using SPARSE 1.3 as Direct Linear Solver

No. of Data Rows : 1
h1k = 2.0144628012e-05
Doing analysis at TEMP = 27.000000 and TNOM = 27.000000

Using SPARSE 1.3 as Direct Linear Solver

No. of Data Rows : 1
h20k = 2.1401114174e-05
Doing analysis at TEMP = 27.000000 and TNOM = 27.000000

Using SPARSE 1.3 as Direct Linear Solver

No. of Data Rows : 1
mag(v(ain)) = 2.2826787100e-05
Doing analysis at TEMP = 27.000000 and TNOM = 27.000000

Using SPARSE 1.3 as Direct Linear Solver

No. of Data Rows : 61
zmin = 1.1657539787e+06
Doing analysis at TEMP = 27.000000 and TNOM = 27.000000

Using SPARSE 1.3 as Direct Linear Solver

No. of Data Rows : 1
cvcs1k = 2.0218836666e-05
Doing analysis at TEMP = 27.000000 and TNOM = 27.000000

Using SPARSE 1.3 as Direct Linear Solver

No. of Data Rows : 1
cvcs20k = 2.1388863172e-05
Doing analysis at TEMP = 27.000000 and TNOM = 27.000000

Using SPARSE 1.3 as Direct Linear Solver

No. of Data Rows : 1
cvcp1k = 2.2119835760e-05
Doing analysis at TEMP = 27.000000 and TNOM = 27.000000

Using SPARSE 1.3 as Direct Linear Solver

No. of Data Rows : 1
cvcp20k = 2.1212174993e-05
L47B1_CASO d=0.8750
Doing analysis at TEMP = 27.000000 and TNOM = 27.000000

Using SPARSE 1.3 as Direct Linear Solver

Initial Transient Solution
--------------------------

Node                                   Voltage
----                                   -------
vsn                                          0
srcx                              -1.37199e-05
ain                                -0.00125374
gs                                    -9.14659
gp                                    -2.28683
csf                                   -13.1708
cpf                                   -3.29276
cs                                         -15
cp                                       -3.75
vcp#branch                         4.57241e-06
vcs#branch                         1.82919e-05
vsrc#branch                       -9.14658e-06


No. of Data Rows : 4001
Fourier analysis for v(vsn):
  No. Harmonics: 10, THD: 1.82423e-10 %, Gridsize: 8192, Interpolation Degree: 1, No. Periods: 1

Harmonic Frequency       Magnitude       Phase           Norm. Mag       Norm. Phase    
-------- ---------       ---------       -----           ---------       -----------    
 0       0               -1.22454477e-12 0               0               0              
 1       1000            3.81799686      -3.71591613e-11 1               0              
 2       2000            2.459847601e-12 -89.4460182     6.4427701e-13   -89.4460182    
 3       3000            2.468423083e-12 -89.8027962     6.465230783e-13 -89.8027962    
 4       4000            2.490441226e-12 -88.3667386     6.522900143e-13 -88.3667386    
 5       5000            2.480985163e-12 -88.9950906     6.498133063e-13 -88.9950906    
 6       6000            2.441255333e-12 -89.3827447     6.394073705e-13 -89.3827447    
 7       7000            2.434110817e-12 -88.6304784     6.375360972e-13 -88.6304784    
 8       8000            2.463075865e-12 -87.6315719     6.451225487e-13 -87.6315719    
 9       9000            2.461053183e-12 -87.6257769     6.44592773e-13  -87.6257769    

Fourier analysis for v(ain):
  No. Harmonics: 10, THD: 0.0317313 %, Gridsize: 8192, Interpolation Degree: 1, No. Periods: 1

Harmonic Frequency       Magnitude       Phase           Norm. Mag       Norm. Phase    
-------- ---------       ---------       -----           ---------       -----------    
 0       0               -0.0012535197   0               0               0              
 1       1000            6.397753829e-05 0.9052433098    1               0              
 2       2000            1.929682776e-08 -176.777599     0.0003016187911 -177.682842    
 3       3000            5.146857258e-09 -58.0917116     8.044787898e-05 -58.9969549    
 4       4000            2.488791599e-09 0.7428290248    3.890102159e-05 -0.162414285   
 5       5000            1.562978952e-09 3.031475391     2.443012023e-05 2.126232082    
 6       6000            1.293005071e-09 0.2845289243    2.021029733e-05 -0.620714386   
 7       7000            1.11727949e-09  0.2260163957    1.746362113e-05 -0.679226914   
 8       8000            9.777683533e-10 0.3066668287    1.52829943e-05  -0.598576481   
 9       9000            8.689318809e-10 0.3155687808    1.358182737e-05 -0.589674529   

Doing analysis at TEMP = 27.000000 and TNOM = 27.000000

Using SPARSE 1.3 as Direct Linear Solver

Initial Transient Solution
--------------------------

Node                                   Voltage
----                                   -------
vsn                                          0
srcx                              -1.37199e-05
ain                                -0.00125374
gs                                    -9.14659
gp                                    -2.28683
csf                                   -13.1708
cpf                                   -3.29276
cs                                         -15
cp                                       -3.75
vcp#branch                         4.57241e-06
vcs#branch                         1.82919e-05
vsrc#branch                       -9.14658e-06


No. of Data Rows : 4001
Fourier analysis for v(vsn):
  No. Harmonics: 10, THD: 1.83239e-10 %, Gridsize: 8192, Interpolation Degree: 1, No. Periods: 1

Harmonic Frequency       Magnitude       Phase           Norm. Mag       Norm. Phase    
-------- ---------       ---------       -----           ---------       -----------    
 0       0               -1.22047511e-12 0               0               0              
 1       20000           3.81799686      -3.74644408e-11 1               0              
 2       40000           2.441485255e-12 -87.6909717     6.394675912e-13 -87.6909717    
 3       60000           2.482056324e-12 -88.0223523     6.50093862e-13  -88.0223523    
 4       80000           2.495568762e-12 -90.579458      6.536330055e-13 -90.579458     
 5       100000          2.488585988e-12 -87.9105573     6.51804095e-13  -87.9105573    
 6       120000          2.563165169e-12 -87.4528109     6.713376838e-13 -87.4528109    
 7       140000          2.462392976e-12 -88.6343298     6.449436882e-13 -88.6343298    
 8       160000          2.443844329e-12 -90.6396608     6.400854739e-13 -90.6396608    
 9       180000          2.407716348e-12 -87.4077148     6.306229252e-13 -87.4077148    

Fourier analysis for v(ain):
  No. Harmonics: 10, THD: 0.897458 %, Gridsize: 8192, Interpolation Degree: 1, No. Periods: 1

Harmonic Frequency       Magnitude       Phase           Norm. Mag       Norm. Phase    
-------- ---------       ---------       -----           ---------       -----------    
 0       0               -0.00125371998  0               0               0              
 1       20000           6.798034235e-05 23.14922324     1               0              
 2       40000           5.996213952e-07 -150.532936     0.008820511555  -173.682159    
 3       60000           1.114307094e-07 -68.6772504     0.001639160757  -91.8264737    
 4       80000           1.571786802e-08 22.3477744      0.0002312119574 -0.801448833   
 5       100000          2.393138016e-09 108.2639551     3.520338282e-05 85.11473188    
 6       120000          3.606087439e-10 -167.032984     5.304603234e-06 -190.182207    
 7       140000          5.60627095e-11  -80.1894749     8.246900143e-07 -103.338698    
 8       160000          1.188006554e-11 -1.61435132     1.747573656e-07 -24.7635746    
 9       180000          3.574749179e-12 20.1602663      5.258504231e-08 -2.98895694    

Doing analysis at TEMP = 27.000000 and TNOM = 27.000000

Using SPARSE 1.3 as Direct Linear Solver

No. of Data Rows : 1
h1k = 1.6754773223e-05
Doing analysis at TEMP = 27.000000 and TNOM = 27.000000

Using SPARSE 1.3 as Direct Linear Solver

No. of Data Rows : 1
h20k = 1.7799790182e-05
Doing analysis at TEMP = 27.000000 and TNOM = 27.000000

Using SPARSE 1.3 as Direct Linear Solver

No. of Data Rows : 1
mag(v(ain)) = 1.8985489474e-05
Doing analysis at TEMP = 27.000000 and TNOM = 27.000000

Using SPARSE 1.3 as Direct Linear Solver

No. of Data Rows : 61
zmin = 1.1657532627e+06
Doing analysis at TEMP = 27.000000 and TNOM = 27.000000

Using SPARSE 1.3 as Direct Linear Solver

No. of Data Rows : 1
cvcs1k = 1.6816494322e-05
Doing analysis at TEMP = 27.000000 and TNOM = 27.000000

Using SPARSE 1.3 as Direct Linear Solver

No. of Data Rows : 1
cvcs20k = 1.7789600718e-05
Doing analysis at TEMP = 27.000000 and TNOM = 27.000000

Using SPARSE 1.3 as Direct Linear Solver

No. of Data Rows : 1
cvcp1k = 1.7911849428e-05
Doing analysis at TEMP = 27.000000 and TNOM = 27.000000

Using SPARSE 1.3 as Direct Linear Solver

No. of Data Rows : 1
cvcp20k = 1.7672934211e-05
L47B1_CASO d=0.9000
Doing analysis at TEMP = 27.000000 and TNOM = 27.000000

Using SPARSE 1.3 as Direct Linear Solver

Initial Transient Solution
--------------------------

Node                                   Voltage
----                                   -------
vsn                                          0
srcx                              -1.37198e-05
ain                                -0.00103018
gs                                    -9.14654
gp                                    -1.82947
csf                                   -13.1708
cpf                                   -2.63421
cs                                         -15
cp                                          -3
vcp#branch                         3.65791e-06
vcs#branch                         1.82921e-05
vsrc#branch                       -9.14654e-06


No. of Data Rows : 4001
Fourier analysis for v(vsn):
  No. Harmonics: 10, THD: 1.82423e-10 %, Gridsize: 8192, Interpolation Degree: 1, No. Periods: 1

Harmonic Frequency       Magnitude       Phase           Norm. Mag       Norm. Phase    
-------- ---------       ---------       -----           ---------       -----------    
 0       0               -1.22454477e-12 0               0               0              
 1       1000            3.81799686      -3.71591613e-11 1               0              
 2       2000            2.459847601e-12 -89.4460182     6.4427701e-13   -89.4460182    
 3       3000            2.468423083e-12 -89.8027962     6.465230783e-13 -89.8027962    
 4       4000            2.490441226e-12 -88.3667386     6.522900143e-13 -88.3667386    
 5       5000            2.480985163e-12 -88.9950906     6.498133063e-13 -88.9950906    
 6       6000            2.441255333e-12 -89.3827447     6.394073705e-13 -89.3827447    
 7       7000            2.434110817e-12 -88.6304784     6.375360972e-13 -88.6304784    
 8       8000            2.463075865e-12 -87.6315719     6.451225487e-13 -87.6315719    
 9       9000            2.461053183e-12 -87.6257769     6.44592773e-13  -87.6257769    

Fourier analysis for v(ain):
  No. Harmonics: 10, THD: 0.0317288 %, Gridsize: 8192, Interpolation Degree: 1, No. Periods: 1

Harmonic Frequency       Magnitude       Phase           Norm. Mag       Norm. Phase    
-------- ---------       ---------       -----           ---------       -----------    
 0       0               -0.00102999955  0               0               0              
 1       1000            5.476295425e-05 0.9052452857    1               0              
 2       2000            1.651611655e-08 -176.988764     0.0003015928702 -177.894009    
 3       3000            4.405611736e-09 -58.0927853     8.044875949e-05 -58.9980306    
 4       4000            2.130315284e-09 0.7428842862    3.890066403e-05 -0.162361      
 5       5000            1.337836999e-09 3.031683999     2.442959875e-05 2.126438713    
 6       6000            1.106751255e-09 0.2845648054    2.0209853e-05   -0.62068048    
 7       7000            9.563388976e-10 0.2260445157    1.746324519e-05 -0.67920077    
 8       8000            8.36923946e-10  0.3066961086    1.528266613e-05 -0.598549177   
 9       9000            7.437650495e-10 0.3155937716    1.358153627e-05 -0.589651514   

Doing analysis at TEMP = 27.000000 and TNOM = 27.000000

Using SPARSE 1.3 as Direct Linear Solver

Initial Transient Solution
--------------------------

Node                                   Voltage
----                                   -------
vsn                                          0
srcx                              -1.37198e-05
ain                                -0.00103018
gs                                    -9.14654
gp                                    -1.82947
csf                                   -13.1708
cpf                                   -2.63421
cs                                         -15
cp                                          -3
vcp#branch                         3.65791e-06
vcs#branch                         1.82921e-05
vsrc#branch                       -9.14654e-06


No. of Data Rows : 4001
Fourier analysis for v(vsn):
  No. Harmonics: 10, THD: 1.83239e-10 %, Gridsize: 8192, Interpolation Degree: 1, No. Periods: 1

Harmonic Frequency       Magnitude       Phase           Norm. Mag       Norm. Phase    
-------- ---------       ---------       -----           ---------       -----------    
 0       0               -1.22047511e-12 0               0               0              
 1       20000           3.81799686      -3.74644408e-11 1               0              
 2       40000           2.441485255e-12 -87.6909717     6.394675912e-13 -87.6909717    
 3       60000           2.482056324e-12 -88.0223523     6.50093862e-13  -88.0223523    
 4       80000           2.495568762e-12 -90.579458      6.536330055e-13 -90.579458     
 5       100000          2.488585988e-12 -87.9105573     6.51804095e-13  -87.9105573    
 6       120000          2.563165169e-12 -87.4528109     6.713376838e-13 -87.4528109    
 7       140000          2.462392976e-12 -88.6343298     6.449436882e-13 -88.6343298    
 8       160000          2.443844329e-12 -90.6396608     6.400854739e-13 -90.6396608    
 9       180000          2.407716348e-12 -87.4077148     6.306229252e-13 -87.4077148    

Fourier analysis for v(ain):
  No. Harmonics: 10, THD: 0.897478 %, Gridsize: 8192, Interpolation Degree: 1, No. Periods: 1

Harmonic Frequency       Magnitude       Phase           Norm. Mag       Norm. Phase    
-------- ---------       ---------       -----           ---------       -----------    
 0       0               -0.00103017099  0               0               0              
 1       20000           5.818917045e-05 23.1491336      1               0              
 2       40000           5.132699455e-07 -150.540934     0.00882071254   -173.690068    
 3       60000           9.53831479e-08  -68.6770459     0.001639190715  -91.8261795    
 4       80000           1.345434293e-08 22.34790192     0.0002312173009 -0.801231679   
 5       100000          2.048502779e-09 108.2643207     3.520419285e-05 85.11518715    
 6       120000          3.086778933e-10 -167.032412     5.304730948e-06 -190.181546    
 7       140000          4.798911447e-11 -80.1888667     8.247086889e-07 -103.338       
 8       160000          1.016907027e-11 -1.6139338      1.747588116e-07 -24.7630674    
 9       180000          3.05977631e-12  20.16258746     5.258326053e-08 -2.98654614    

Doing analysis at TEMP = 27.000000 and TNOM = 27.000000

Using SPARSE 1.3 as Direct Linear Solver

No. of Data Rows : 1
h1k = 1.4341609836e-05
Doing analysis at TEMP = 27.000000 and TNOM = 27.000000

Using SPARSE 1.3 as Direct Linear Solver

No. of Data Rows : 1
h20k = 1.5236095899e-05
Doing analysis at TEMP = 27.000000 and TNOM = 27.000000

Using SPARSE 1.3 as Direct Linear Solver

No. of Data Rows : 1
mag(v(ain)) = 1.6250987366e-05
Doing analysis at TEMP = 27.000000 and TNOM = 27.000000

Using SPARSE 1.3 as Direct Linear Solver

No. of Data Rows : 61
zmin = 1.1657527531e+06
Doing analysis at TEMP = 27.000000 and TNOM = 27.000000

Using SPARSE 1.3 as Direct Linear Solver

No. of Data Rows : 1
cvcs1k = 1.4394441325e-05
Doing analysis at TEMP = 27.000000 and TNOM = 27.000000

Using SPARSE 1.3 as Direct Linear Solver

No. of Data Rows : 1
cvcs20k = 1.5227374001e-05
Doing analysis at TEMP = 27.000000 and TNOM = 27.000000

Using SPARSE 1.3 as Direct Linear Solver

No. of Data Rows : 1
cvcp1k = 1.5078028675e-05
Doing analysis at TEMP = 27.000000 and TNOM = 27.000000

Using SPARSE 1.3 as Direct Linear Solver

No. of Data Rows : 1
cvcp20k = 1.5146412792e-05
L47B1_CASO d=0.9250
Doing analysis at TEMP = 27.000000 and TNOM = 27.000000

Using SPARSE 1.3 as Direct Linear Solver

Initial Transient Solution
--------------------------

Node                                   Voltage
----                                   -------
vsn                                          0
srcx                              -1.37198e-05
ain                               -0.000862954
gs                                    -9.14651
gp                                    -1.37212
csf                                   -13.1708
cpf                                   -1.97566
cs                                         -15
cp                                       -2.25
vcp#branch                         2.74338e-06
vcs#branch                         1.82922e-05
vsrc#branch                        -9.1465e-06


No. of Data Rows : 4001
Fourier analysis for v(vsn):
  No. Harmonics: 10, THD: 1.82423e-10 %, Gridsize: 8192, Interpolation Degree: 1, No. Periods: 1

Harmonic Frequency       Magnitude       Phase           Norm. Mag       Norm. Phase    
-------- ---------       ---------       -----           ---------       -----------    
 0       0               -1.22454477e-12 0               0               0              
 1       1000            3.81799686      -3.71591613e-11 1               0              
 2       2000            2.459847601e-12 -89.4460182     6.4427701e-13   -89.4460182    
 3       3000            2.468423083e-12 -89.8027962     6.465230783e-13 -89.8027962    
 4       4000            2.490441226e-12 -88.3667386     6.522900143e-13 -88.3667386    
 5       5000            2.480985163e-12 -88.9950906     6.498133063e-13 -88.9950906    
 6       6000            2.441255333e-12 -89.3827447     6.394073705e-13 -89.3827447    
 7       7000            2.434110817e-12 -88.6304784     6.375360972e-13 -88.6304784    
 8       8000            2.463075865e-12 -87.6315719     6.451225487e-13 -87.6315719    
 9       9000            2.461053183e-12 -87.6257769     6.44592773e-13  -87.6257769    

Fourier analysis for v(ain):
  No. Harmonics: 10, THD: 0.0317275 %, Gridsize: 8192, Interpolation Degree: 1, No. Periods: 1

Harmonic Frequency       Magnitude       Phase           Norm. Mag       Norm. Phase    
-------- ---------       ---------       -----           ---------       -----------    
 0       0               -0.000862792666 0               0               0              
 1       1000            4.786927824e-05 0.9052469981    1               0              
 2       2000            1.443635792e-08 -177.125673     0.0003015787672 -178.03092     
 3       3000            3.851054373e-09 -58.0935136     8.04493929e-05  -58.9987606    
 4       4000            1.862136053e-09 0.7429233361    3.890044139e-05 -0.162323662   
 5       5000            1.169410853e-09 3.031823724     2.442925601e-05 2.126576726    
 6       6000            9.674171487e-10 0.2845893937    2.020956204e-05 -0.620657604   
 7       7000            8.359412275e-10 0.2260611855    1.746300045e-05 -0.679185813   
 8       8000            7.315598901e-10 0.3067186506    1.528245081e-05 -0.598528348   
 9       9000            6.501291583e-10 0.3156117901    1.358134449e-05 -0.589635208   

Doing analysis at TEMP = 27.000000 and TNOM = 27.000000

Using SPARSE 1.3 as Direct Linear Solver

Initial Transient Solution
--------------------------

Node                                   Voltage
----                                   -------
vsn                                          0
srcx                              -1.37198e-05
ain                               -0.000862954
gs                                    -9.14651
gp                                    -1.37212
csf                                   -13.1708
cpf                                   -1.97566
cs                                         -15
cp                                       -2.25
vcp#branch                         2.74338e-06
vcs#branch                         1.82922e-05
vsrc#branch                        -9.1465e-06


No. of Data Rows : 4001
Fourier analysis for v(vsn):
  No. Harmonics: 10, THD: 1.83239e-10 %, Gridsize: 8192, Interpolation Degree: 1, No. Periods: 1

Harmonic Frequency       Magnitude       Phase           Norm. Mag       Norm. Phase    
-------- ---------       ---------       -----           ---------       -----------    
 0       0               -1.22047511e-12 0               0               0              
 1       20000           3.81799686      -3.74644408e-11 1               0              
 2       40000           2.441485255e-12 -87.6909717     6.394675912e-13 -87.6909717    
 3       60000           2.482056324e-12 -88.0223523     6.50093862e-13  -88.0223523    
 4       80000           2.495568762e-12 -90.579458      6.536330055e-13 -90.579458     
 5       100000          2.488585988e-12 -87.9105573     6.51804095e-13  -87.9105573    
 6       120000          2.563165169e-12 -87.4528109     6.713376838e-13 -87.4528109    
 7       140000          2.462392976e-12 -88.6343298     6.449436882e-13 -88.6343298    
 8       160000          2.443844329e-12 -90.6396608     6.400854739e-13 -90.6396608    
 9       180000          2.407716348e-12 -87.4077148     6.306229252e-13 -87.4077148    

Fourier analysis for v(ain):
  No. Harmonics: 10, THD: 0.897492 %, Gridsize: 8192, Interpolation Degree: 1, No. Periods: 1

Harmonic Frequency       Magnitude       Phase           Norm. Mag       Norm. Phase    
-------- ---------       ---------       -----           ---------       -----------    
 0       0               -0.000862942524 0               0               0              
 1       20000           5.086414958e-05 23.14908524     1               0              
 2       40000           4.486649675e-07 -150.546125     0.008820848696  -173.69521     
 3       60000           8.337709793e-08 -68.6768505     0.00163921148   -91.8259357    
 4       80000           1.176086169e-08 22.34807397     0.0002312210424 -0.801011269   
 5       100000          1.790660894e-09 108.2646869     3.520477406e-05 85.11560165    
 6       120000          2.698253768e-10 -167.031874     5.304824301e-06 -190.180959    
 7       140000          4.194902188e-11 -80.1883926     8.247266931e-07 -103.337478    
 8       160000          8.889129335e-12 -1.61304191     1.747621735e-07 -24.7621272    
 9       180000          2.674593131e-12 20.16291582     5.258306987e-08 -2.98616943    

Doing analysis at TEMP = 27.000000 and TNOM = 27.000000

Using SPARSE 1.3 as Direct Linear Solver

No. of Data Rows : 1
h1k = 1.2536257901e-05
Doing analysis at TEMP = 27.000000 and TNOM = 27.000000

Using SPARSE 1.3 as Direct Linear Solver

No. of Data Rows : 1
h20k = 1.3318132051e-05
Doing analysis at TEMP = 27.000000 and TNOM = 27.000000

Using SPARSE 1.3 as Direct Linear Solver

No. of Data Rows : 1
mag(v(ain)) = 1.4205249053e-05
Doing analysis at TEMP = 27.000000 and TNOM = 27.000000

Using SPARSE 1.3 as Direct Linear Solver

No. of Data Rows : 61
zmin = 1.1657523715e+06
Doing analysis at TEMP = 27.000000 and TNOM = 27.000000

Using SPARSE 1.3 as Direct Linear Solver

No. of Data Rows : 1
cvcs1k = 1.2582438841e-05
Doing analysis at TEMP = 27.000000 and TNOM = 27.000000

Using SPARSE 1.3 as Direct Linear Solver

No. of Data Rows : 1
cvcs20k = 1.3310508079e-05
Doing analysis at TEMP = 27.000000 and TNOM = 27.000000

Using SPARSE 1.3 as Direct Linear Solver

No. of Data Rows : 1
cvcp1k = 1.3035146087e-05
Doing analysis at TEMP = 27.000000 and TNOM = 27.000000

Using SPARSE 1.3 as Direct Linear Solver

No. of Data Rows : 1
cvcp20k = 1.3252498888e-05
L47B1_CASO d=0.9500
Doing analysis at TEMP = 27.000000 and TNOM = 27.000000

Using SPARSE 1.3 as Direct Linear Solver

Initial Transient Solution
--------------------------

Node                                   Voltage
----                                   -------
vsn                                          0
srcx                              -1.37197e-05
ain                               -0.000733141
gs                                    -9.14648
gp                                   -0.914777
csf                                   -13.1708
cpf                                   -1.31712
cs                                         -15
cp                                        -1.5
vcp#branch                         1.82882e-06
vcs#branch                         1.82922e-05
vsrc#branch                       -9.14648e-06


No. of Data Rows : 4001
Fourier analysis for v(vsn):
  No. Harmonics: 10, THD: 1.82423e-10 %, Gridsize: 8192, Interpolation Degree: 1, No. Periods: 1

Harmonic Frequency       Magnitude       Phase           Norm. Mag       Norm. Phase    
-------- ---------       ---------       -----           ---------       -----------    
 0       0               -1.22454477e-12 0               0               0              
 1       1000            3.81799686      -3.71591613e-11 1               0              
 2       2000            2.459847601e-12 -89.4460182     6.4427701e-13   -89.4460182    
 3       3000            2.468423083e-12 -89.8027962     6.465230783e-13 -89.8027962    
 4       4000            2.490441226e-12 -88.3667386     6.522900143e-13 -88.3667386    
 5       5000            2.480985163e-12 -88.9950906     6.498133063e-13 -88.9950906    
 6       6000            2.441255333e-12 -89.3827447     6.394073705e-13 -89.3827447    
 7       7000            2.434110817e-12 -88.6304784     6.375360972e-13 -88.6304784    
 8       8000            2.463075865e-12 -87.6315719     6.451225487e-13 -87.6315719    
 9       9000            2.461053183e-12 -87.6257769     6.44592773e-13  -87.6257769    

Fourier analysis for v(ain):
  No. Harmonics: 10, THD: 0.0317267 %, Gridsize: 8192, Interpolation Degree: 1, No. Periods: 1

Harmonic Frequency       Magnitude       Phase           Norm. Mag       Norm. Phase    
-------- ---------       ---------       -----           ---------       -----------    
 0       0               -0.000732997869 0               0               0              
 1       1000            4.25178537e-05  0.9052475821    1               0              
 2       2000            1.282213329e-08 -177.219518     0.000301570568  -178.124765    
 3       3000            3.420555728e-09 -58.0940367     8.044986824e-05 -58.9992843    
 4       4000            1.653957003e-09 0.742948775     3.890029385e-05 -0.162298807   
 5       5000            1.038669442e-09 3.031923827     2.442901869e-05 2.126676245    
 6       6000            8.592585817e-10 0.2846051483    2.020935929e-05 -0.620642434   
 7       7000            7.42482028e-10  0.2260737832    1.746282946e-05 -0.679173799   
 8       8000            6.497706857e-10 0.3067329714    1.528230212e-05 -0.598514611   
 9       9000            5.774439828e-10 0.3156238397    1.358121195e-05 -0.589623742   

Doing analysis at TEMP = 27.000000 and TNOM = 27.000000

Using SPARSE 1.3 as Direct Linear Solver

Initial Transient Solution
--------------------------

Node                                   Voltage
----                                   -------
vsn                                          0
srcx                              -1.37197e-05
ain                               -0.000733141
gs                                    -9.14648
gp                                   -0.914777
csf                                   -13.1708
cpf                                   -1.31712
cs                                         -15
cp                                        -1.5
vcp#branch                         1.82882e-06
vcs#branch                         1.82922e-05
vsrc#branch                       -9.14648e-06


No. of Data Rows : 4001
Fourier analysis for v(vsn):
  No. Harmonics: 10, THD: 1.83239e-10 %, Gridsize: 8192, Interpolation Degree: 1, No. Periods: 1

Harmonic Frequency       Magnitude       Phase           Norm. Mag       Norm. Phase    
-------- ---------       ---------       -----           ---------       -----------    
 0       0               -1.22047511e-12 0               0               0              
 1       20000           3.81799686      -3.74644408e-11 1               0              
 2       40000           2.441485255e-12 -87.6909717     6.394675912e-13 -87.6909717    
 3       60000           2.482056324e-12 -88.0223523     6.50093862e-13  -88.0223523    
 4       80000           2.495568762e-12 -90.579458      6.536330055e-13 -90.579458     
 5       100000          2.488585988e-12 -87.9105573     6.51804095e-13  -87.9105573    
 6       120000          2.563165169e-12 -87.4528109     6.713376838e-13 -87.4528109    
 7       140000          2.462392976e-12 -88.6343298     6.449436882e-13 -88.6343298    
 8       160000          2.443844329e-12 -90.6396608     6.400854739e-13 -90.6396608    
 9       180000          2.407716348e-12 -87.4077148     6.306229252e-13 -87.4077148    

Fourier analysis for v(ain):
  No. Harmonics: 10, THD: 0.897502 %, Gridsize: 8192, Interpolation Degree: 1, No. Periods: 1

Harmonic Frequency       Magnitude       Phase           Norm. Mag       Norm. Phase    
-------- ---------       ---------       -----           ---------       -----------    
 0       0               -0.000733130975 0               0               0              
 1       20000           4.517788758e-05 23.14904183     1               0              
 2       40000           3.985117724e-07 -150.549719     0.008820947454  -173.69876     
 3       60000           7.405677947e-08 -68.6767099     0.001639226255  -91.8257517    
 4       80000           1.04461996e-08  22.34821224     0.0002312237283 -0.800829592   
 5       100000          1.590496681e-09 108.2649821     3.520520251e-05 85.11594028    
 6       120000          2.396640493e-10 -167.031456     5.304897199e-06 -190.180497    
 7       140000          3.726005457e-11 -80.1878561     8.247409644e-07 -103.336898    
 8       160000          7.895458703e-12 -1.61303276     1.747637866e-07 -24.7620746    
 9       180000          2.375545623e-12 20.16427394     5.25820429e-08  -2.98476789    

Doing analysis at TEMP = 27.000000 and TNOM = 27.000000

Using SPARSE 1.3 as Direct Linear Solver

No. of Data Rows : 1
h1k = 1.1134798816e-05
Doing analysis at TEMP = 27.000000 and TNOM = 27.000000

Using SPARSE 1.3 as Direct Linear Solver

No. of Data Rows : 1
h20k = 1.1829256455e-05
Doing analysis at TEMP = 27.000000 and TNOM = 27.000000

Using SPARSE 1.3 as Direct Linear Solver

No. of Data Rows : 1
mag(v(ain)) = 1.2617190913e-05
Doing analysis at TEMP = 27.000000 and TNOM = 27.000000

Using SPARSE 1.3 as Direct Linear Solver

No. of Data Rows : 61
zmin = 1.1657520755e+06
Doing analysis at TEMP = 27.000000 and TNOM = 27.000000

Using SPARSE 1.3 as Direct Linear Solver

No. of Data Rows : 1
cvcs1k = 1.1175817066e-05
Doing analysis at TEMP = 27.000000 and TNOM = 27.000000

Using SPARSE 1.3 as Direct Linear Solver

No. of Data Rows : 1
cvcs20k = 1.1822484783e-05
Doing analysis at TEMP = 27.000000 and TNOM = 27.000000

Using SPARSE 1.3 as Direct Linear Solver

No. of Data Rows : 1
cvcp1k = 1.1489863227e-05
Doing analysis at TEMP = 27.000000 and TNOM = 27.000000

Using SPARSE 1.3 as Direct Linear Solver

No. of Data Rows : 1
cvcp20k = 1.1780166874e-05
L47B1_CASO d=0.9750
Doing analysis at TEMP = 27.000000 and TNOM = 27.000000

Using SPARSE 1.3 as Direct Linear Solver

Initial Transient Solution
--------------------------

Node                                   Voltage
----                                   -------
vsn                                          0
srcx                              -1.37197e-05
ain                                -0.00062945
gs                                    -9.14646
gp                                    -0.45744
csf                                   -13.1708
cpf                                  -0.658575
cs                                         -15
cp                                       -0.75
vcp#branch                         9.14251e-07
vcs#branch                         1.82923e-05
vsrc#branch                       -9.14646e-06


No. of Data Rows : 4001
Fourier analysis for v(vsn):
  No. Harmonics: 10, THD: 1.82423e-10 %, Gridsize: 8192, Interpolation Degree: 1, No. Periods: 1

Harmonic Frequency       Magnitude       Phase           Norm. Mag       Norm. Phase    
-------- ---------       ---------       -----           ---------       -----------    
 0       0               -1.22454477e-12 0               0               0              
 1       1000            3.81799686      -3.71591613e-11 1               0              
 2       2000            2.459847601e-12 -89.4460182     6.4427701e-13   -89.4460182    
 3       3000            2.468423083e-12 -89.8027962     6.465230783e-13 -89.8027962    
 4       4000            2.490441226e-12 -88.3667386     6.522900143e-13 -88.3667386    
 5       5000            2.480985163e-12 -88.9950906     6.498133063e-13 -88.9950906    
 6       6000            2.441255333e-12 -89.3827447     6.394073705e-13 -89.3827447    
 7       7000            2.434110817e-12 -88.6304784     6.375360972e-13 -88.6304784    
 8       8000            2.463075865e-12 -87.6315719     6.451225487e-13 -87.6315719    
 9       9000            2.461053183e-12 -87.6257769     6.44592773e-13  -87.6257769    

Fourier analysis for v(ain):
  No. Harmonics: 10, THD: 0.0317262 %, Gridsize: 8192, Interpolation Degree: 1, No. Periods: 1

Harmonic Frequency       Magnitude       Phase           Norm. Mag       Norm. Phase    
-------- ---------       ---------       -----           ---------       -----------    
 0       0               -0.000629321104 0               0               0              
 1       1000            3.824326288e-05 0.9052463185    1               0              
 2       2000            1.153285676e-08 -177.286673     0.0003015657111 -178.19192     
 3       3000            3.076679507e-09 -58.0944296     8.045023555e-05 -58.9996759    
 4       4000            1.487670335e-09 0.7429655646    3.890019373e-05 -0.162280754   
 5       5000            9.342388153e-10 3.031999953     2.442884694e-05 2.126753634    
 6       6000            7.728662331e-10 0.2846190562    2.020921268e-05 -0.620627262   
 7       7000            6.678308711e-10 0.2260824239    1.746270639e-05 -0.679163895   
 8       8000            5.844409706e-10 0.3067401266    1.528219421e-05 -0.598506192   
 9       9000            5.193861965e-10 0.3156317772    1.358111619e-05 -0.589614541   

Doing analysis at TEMP = 27.000000 and TNOM = 27.000000

Using SPARSE 1.3 as Direct Linear Solver

Initial Transient Solution
--------------------------

Node                                   Voltage
----                                   -------
vsn                                          0
srcx                              -1.37197e-05
ain                                -0.00062945
gs                                    -9.14646
gp                                    -0.45744
csf                                   -13.1708
cpf                                  -0.658575
cs                                         -15
cp                                       -0.75
vcp#branch                         9.14251e-07
vcs#branch                         1.82923e-05
vsrc#branch                       -9.14646e-06

 Reference value :  3.00003e-04
No. of Data Rows : 4001
Fourier analysis for v(vsn):
  No. Harmonics: 10, THD: 1.62164e-10 %, Gridsize: 8192, Interpolation Degree: 1, No. Periods: 1

Harmonic Frequency       Magnitude       Phase           Norm. Mag       Norm. Phase    
-------- ---------       ---------       -----           ---------       -----------    
 0       0               -1.04075776e-12 0               0               0              
 1       20000           3.81799686      -3.24185049e-11 1               0              
 2       40000           2.220524022e-12 -92.256851      5.815939885e-13 -92.256851     
 3       60000           2.169649982e-12 -89.5255396     5.682691896e-13 -89.5255396    
 4       80000           2.196243553e-12 -86.8397272     5.752345101e-13 -86.8397272    
 5       100000          2.206535591e-12 -87.7153765     5.779301743e-13 -87.7153765    
 6       120000          2.169212591e-12 -89.0885074     5.681546293e-13 -89.0885074    
 7       140000          2.140622402e-12 -89.2408435     5.6066636e-13   -89.2408435    
 8       160000          2.174709319e-12 -87.9175045     5.695943185e-13 -87.9175045    
 9       180000          2.233006109e-12 -88.1402265     5.848632649e-13 -88.1402265    

Fourier analysis for v(ain):
  No. Harmonics: 10, THD: 0.897509 %, Gridsize: 8192, Interpolation Degree: 1, No. Periods: 1

Harmonic Frequency       Magnitude       Phase           Norm. Mag       Norm. Phase    
-------- ---------       ---------       -----           ---------       -----------    
 0       0               -0.000629440828 0               0               0              
 1       20000           4.063583832e-05 23.14897959     1               0              
 2       40000           3.584497047e-07 -150.552362     0.00882102399   -173.701341    
 3       60000           6.661175411e-08 -68.6766522     0.001639236616  -91.8256318    
 4       80000           9.396049565e-09 22.34829167     0.0002312256854 -0.800687915   
 5       100000          1.43060928e-09  108.2651156     3.520560518e-05 85.11613601    
 6       120000          2.155705893e-10 -167.032115     5.304937667e-06 -190.181095    
 7       140000          3.351090401e-11 -80.1866228     8.246637794e-07 -103.335602    
 8       160000          7.101554165e-12 -1.58354546     1.747608628e-07 -24.7325251    
 9       180000          2.137873463e-12 20.25400155     5.261054162e-08 -2.89497804    

Doing analysis at TEMP = 27.000000 and TNOM = 27.000000

Using SPARSE 1.3 as Direct Linear Solver

No. of Data Rows : 1
h1k = 1.0015346568e-05
Doing analysis at TEMP = 27.000000 and TNOM = 27.000000

Using SPARSE 1.3 as Direct Linear Solver

No. of Data Rows : 1
h20k = 1.0639978469e-05
Doing analysis at TEMP = 27.000000 and TNOM = 27.000000

Using SPARSE 1.3 as Direct Linear Solver

No. of Data Rows : 1
mag(v(ain)) = 1.1348692351e-05
Doing analysis at TEMP = 27.000000 and TNOM = 27.000000

Using SPARSE 1.3 as Direct Linear Solver

No. of Data Rows : 61
zmin = 1.1657518390e+06
Doing analysis at TEMP = 27.000000 and TNOM = 27.000000

Using SPARSE 1.3 as Direct Linear Solver

No. of Data Rows : 1
cvcs1k = 1.0052240987e-05
Doing analysis at TEMP = 27.000000 and TNOM = 27.000000

Using SPARSE 1.3 as Direct Linear Solver

No. of Data Rows : 1
cvcs20k = 1.0633887595e-05
Doing analysis at TEMP = 27.000000 and TNOM = 27.000000

Using SPARSE 1.3 as Direct Linear Solver

No. of Data Rows : 1
cvcp1k = 1.0278609625e-05
Doing analysis at TEMP = 27.000000 and TNOM = 27.000000

Using SPARSE 1.3 as Direct Linear Solver

No. of Data Rows : 1
cvcp20k = 1.0602903682e-05
L47B1_CASO d=1.0000
Doing analysis at TEMP = 27.000000 and TNOM = 27.000000

Using SPARSE 1.3 as Direct Linear Solver

Initial Transient Solution
--------------------------

Node                                   Voltage
----                                   -------
vsn                                          0
srcx                              -1.37197e-05
ain                               -0.000544716
gs                                    -9.14645
gp                                -0.000106286
csf                                   -13.1708
cpf                               -3.32145e-05
cs                                         -15
cp                                           0
vcp#branch                        -3.32145e-10
vcs#branch                         1.82924e-05
vsrc#branch                       -9.14644e-06


No. of Data Rows : 4001
Fourier analysis for v(vsn):
  No. Harmonics: 10, THD: 2.66152e-11 %, Gridsize: 8192, Interpolation Degree: 1, No. Periods: 1

Harmonic Frequency       Magnitude       Phase           Norm. Mag       Norm. Phase    
-------- ---------       ---------       -----           ---------       -----------    
 0       0               -1.4657546e-13  0               0               0              
 1       1000            3.81799686      -4.60372163e-12 1               0              
 2       2000            3.828435817e-13 -88.3922638     1.002734145e-13 -88.3922638    
 3       3000            3.875403929e-13 -82.4393542     1.015035913e-13 -82.4393542    
 4       4000            3.611492346e-13 -92.3255376     9.459128644e-14 -92.3255376    
 5       5000            3.984743878e-13 -94.6777651     1.043673954e-13 -94.6777651    
 6       6000            3.390291559e-13 -91.8433597     8.879765186e-14 -91.8433597    
 7       7000            3.024580547e-13 -88.3970319     7.921904228e-14 -88.3970319    
 8       8000            3.425933491e-13 -82.7402184     8.973117624e-14 -82.7402184    
 9       9000            3.50482691e-13  -87.2332604     9.179753255e-14 -87.2332604    

Fourier analysis for v(ain):
  No. Harmonics: 10, THD: 0.031726 %, Gridsize: 8192, Interpolation Degree: 1, No. Periods: 1

Harmonic Frequency       Magnitude       Phase           Norm. Mag       Norm. Phase    
-------- ---------       ---------       -----           ---------       -----------    
 0       0               -0.00054459845  0               0               0              
 1       1000            3.475022406e-05 0.9052420614    1               0              
 2       2000            1.047938388e-08 -177.336411     0.0003015630592 -178.241653    
 3       3000            2.795673607e-09 -58.0947376     8.045052031e-05 -58.9999797    
 4       4000            1.351787978e-09 0.7429817001    3.890012265e-05 -0.162260361   
 5       5000            8.489034637e-10 3.032067963     2.442871914e-05 2.126825901    
 6       6000            7.022708446e-10 0.284640403     2.020910263e-05 -0.620601658   
 7       7000            6.068297296e-10 0.2261038746    1.746261344e-05 -0.679138187   
 8       8000            5.310568765e-10 0.3067621935    1.528211374e-05 -0.598479868   
 9       9000            4.719443478e-10 0.3156556585    1.358104474e-05 -0.589586403   

Doing analysis at TEMP = 27.000000 and TNOM = 27.000000

Using SPARSE 1.3 as Direct Linear Solver

Initial Transient Solution
--------------------------

Node                                   Voltage
----                                   -------
vsn                                          0
srcx                              -1.37197e-05
ain                               -0.000544716
gs                                    -9.14645
gp                                -0.000106286
csf                                   -13.1708
cpf                               -3.32145e-05
cs                                         -15
cp                                           0
vcp#branch                        -3.32145e-10
vcs#branch                         1.82924e-05
vsrc#branch                       -9.14644e-06


No. of Data Rows : 4001
Fourier analysis for v(vsn):
  No. Harmonics: 10, THD: 2.87139e-10 %, Gridsize: 8192, Interpolation Degree: 1, No. Periods: 1

Harmonic Frequency       Magnitude       Phase           Norm. Mag       Norm. Phase    
-------- ---------       ---------       -----           ---------       -----------    
 0       0               -1.97075689e-12 0               0               0              
 1       20000           3.81799686      -5.84012723e-11 1               0              
 2       40000           3.82527419e-12  -88.6941449     1.00190606e-12  -88.6941449    
 3       60000           3.844103626e-12 -88.3297574     1.006837818e-12 -88.3297574    
 4       80000           3.909578489e-12 -89.5108125     1.023986827e-12 -89.5108125    
 5       100000          3.883841486e-12 -88.4647611     1.017245857e-12 -88.4647611    
 6       120000          3.906493336e-12 -89.9625955     1.023178771e-12 -89.9625955    
 7       140000          3.92066254e-12  -88.9134461     1.026889933e-12 -88.9134461    
 8       160000          3.86238693e-12  -87.6365484     1.011626534e-12 -87.6365484    
 9       180000          3.854497758e-12 -88.6646778     1.009560222e-12 -88.6646778    

Fourier analysis for v(ain):
  No. Harmonics: 10, THD: 0.897516 %, Gridsize: 8192, Interpolation Degree: 1, No. Periods: 1

Harmonic Frequency       Magnitude       Phase           Norm. Mag       Norm. Phase    
-------- ---------       ---------       -----           ---------       -----------    
 0       0               -0.000544707239 0               0               0              
 1       20000           3.69242392e-05  23.14887168     1               0              
 2       40000           3.257119798e-07 -150.554445     0.008821088449  -173.703317    
 3       60000           6.052782308e-08 -68.676719      0.001639243608  -91.8255906    
 4       80000           8.537879458e-09 22.348189       0.0002312269567 -0.800682683   
 5       100000          1.299943763e-09 108.265189      3.520570204e-05 85.11631728    
 6       120000          1.958833721e-10 -167.03063      5.305007668e-06 -190.179502    
 7       140000          3.045524482e-11 -80.188067      8.248035838e-07 -103.336939    
 8       160000          6.453116969e-12 -1.6277639      1.747664166e-07 -24.7766356    
 9       180000          1.940968117e-12 20.11569802     5.256623182e-08 -3.03317366    

Doing analysis at TEMP = 27.000000 and TNOM = 27.000000

Using SPARSE 1.3 as Direct Linear Solver

No. of Data Rows : 1
h1k = 9.1005712455e-06
Doing analysis at TEMP = 27.000000 and TNOM = 27.000000

Using SPARSE 1.3 as Direct Linear Solver

No. of Data Rows : 1
h20k = 9.6681433247e-06
Doing analysis at TEMP = 27.000000 and TNOM = 27.000000

Using SPARSE 1.3 as Direct Linear Solver

No. of Data Rows : 1
mag(v(ain)) = 1.0312124589e-05
Doing analysis at TEMP = 27.000000 and TNOM = 27.000000

Using SPARSE 1.3 as Direct Linear Solver

No. of Data Rows : 61
zmin = 1.1657516457e+06
Doing analysis at TEMP = 27.000000 and TNOM = 27.000000

Using SPARSE 1.3 as Direct Linear Solver

No. of Data Rows : 1
cvcs1k = 9.1340958214e-06
Doing analysis at TEMP = 27.000000 and TNOM = 27.000000

Using SPARSE 1.3 as Direct Linear Solver

No. of Data Rows : 1
cvcs20k = 9.6626087755e-06
Doing analysis at TEMP = 27.000000 and TNOM = 27.000000

Using SPARSE 1.3 as Direct Linear Solver

No. of Data Rows : 1
cvcp1k = 9.3029732182e-06
Doing analysis at TEMP = 27.000000 and TNOM = 27.000000

Using SPARSE 1.3 as Direct Linear Solver

No. of Data Rows : 1
cvcp20k = 9.6403061462e-06
Note: Simulation executed from .control section 
