
Note: No compatibility mode selected!


Circuit: statico jfet vlo vhi k048 serie_prima

Warning: Model issue on line 10 :
  .model mmbfj112_vlo njf vto=-1.0000 beta=8.40336e-03 n=1 betatce=-0.46 r ...
unrecognized parameter (isr) - ignored
unrecognized parameter (alpha) - ignored
unrecognized parameter (vk) - ignored

Warning: Model issue on line 15 :
  .model mmbfj112_vhi njf vto=-5.0000 beta=1.68067e-03 n=1 betatce=-0.46 r ...
unrecognized parameter (isr) - ignored
unrecognized parameter (alpha) - ignored
unrecognized parameter (vk) - ignored

L47B1_CASO d=0.0000
Doing analysis at TEMP = 27.000000 and TNOM = 27.000000

Using SPARSE 1.3 as Direct Linear Solver

Initial Transient Solution
--------------------------

Node                                   Voltage
----                                   -------
vsn                                          0
srcx                              -1.05126e-05
ain                               -0.000427931
gs                                -0.000116782
gp                                    -7.00946
csf                               -2.04881e-05
cpf                                   -13.5982
cs                                           0
cp                                         -15
vcp#branch                         1.40185e-05
vcs#branch                        -2.04881e-10
vsrc#branch                        -7.0084e-06


No. of Data Rows : 4005
Fourier analysis for v(vsn):
  No. Harmonics: 10, THD: 1.9082e-07 %, Gridsize: 8192, Interpolation Degree: 1, No. Periods: 1

Harmonic Frequency       Magnitude       Phase           Norm. Mag       Norm. Phase    
-------- ---------       ---------       -----           ---------       -----------    
 0       0               1.653355255e-09 0               0               0              
 1       1000            3.817996861     1.664360472e-08 1               0              
 2       2000            2.006570862e-09 54.73021515     5.255559222e-10 54.73021513    
 3       3000            3.311408231e-09 -1.63909313     8.67315598e-10  -1.63909315    
 4       4000            1.994511332e-09 -57.6158648     5.22397321e-10  -57.6158648    
 5       5000            2.022616631e-09 -36.6665001     5.297585894e-10 -36.6665001    
 6       6000            3.315714614e-09 -93.115006      8.684435149e-10 -93.115006     
 7       7000            1.982948924e-09 -148.804562     5.193689246e-10 -148.804562    
 8       8000            2.032871879e-09 -127.848022     5.324446176e-10 -127.848022    
 9       9000            3.310449815e-09 175.4010926     8.670645722e-10 175.4010926    

Fourier analysis for v(ain):
  No. Harmonics: 10, THD: 12.511 %, Gridsize: 8192, Interpolation Degree: 1, No. Periods: 1

Harmonic Frequency       Magnitude       Phase           Norm. Mag       Norm. Phase    
-------- ---------       ---------       -----           ---------       -----------    
 0       0               -0.291262921    0               0               0              
 1       1000            3.271711995     0.03502052623   1               0              
 2       2000            0.3578760738    89.59377202     0.1093849564    89.55875149    
 3       3000            0.1877151447    -0.564393874    0.05737520449   -0.5994144     
 4       4000            0.02346526559   -90.1448796     0.007172167242  -90.1799001    
 5       5000            0.03627469201   -1.34459617     0.01108737324   -1.3796167     
 6       6000            0.04190791398   -91.2564529     0.01280916965   -91.2914734    
 7       7000            0.009201257956  179.4392811     0.00281236795   179.4042606    
 8       8000            0.01563179853   -92.1683696     0.004777865092  -92.2033902    
 9       9000            0.01682714666   178.1103683     0.005143223698  178.0753478    

Doing analysis at TEMP = 27.000000 and TNOM = 27.000000

Using SPARSE 1.3 as Direct Linear Solver

Initial Transient Solution
--------------------------

Node                                   Voltage
----                                   -------
vsn                                          0
srcx                              -1.05126e-05
ain                               -0.000427931
gs                                -0.000116782
gp                                    -7.00946
csf                               -2.04881e-05
cpf                                   -13.5982
cs                                           0
cp                                         -15
vcp#branch                         1.40185e-05
vcs#branch                        -2.04881e-10
vsrc#branch                        -7.0084e-06


No. of Data Rows : 4005
Fourier analysis for v(vsn):
  No. Harmonics: 10, THD: 3.25209e-07 %, Gridsize: 8192, Interpolation Degree: 1, No. Periods: 1

Harmonic Frequency       Magnitude       Phase           Norm. Mag       Norm. Phase    
-------- ---------       ---------       -----           ---------       -----------    
 0       0               2.425752526e-09 0               0               0              
 1       20000           3.817996863     3.972743327e-08 1               0              
 2       40000           4.058688608e-09 2.436819533     1.063041368e-09 2.436819493    
 3       60000           4.794070765e-09 -44.8553649     1.255650787e-09 -44.8553649    
 4       80000           4.492740481e-09 -99.1209871     1.176727127e-09 -99.1209872    
 5       100000          3.948837457e-09 -138.065931     1.034269435e-09 -138.065931    
 6       120000          4.64199462e-09  179.7217563     1.215819391e-09 179.7217563    
 7       140000          4.696250157e-09 124.7569116     1.230029863e-09 124.7569116    
 8       160000          3.969505244e-09 81.03379889     1.039682689e-09 81.03379885    
 9       180000          4.424319893e-09 43.24037988     1.158806582e-09 43.24037984    

Fourier analysis for v(ain):
  No. Harmonics: 10, THD: 12.6883 %, Gridsize: 8192, Interpolation Degree: 1, No. Periods: 1

Harmonic Frequency       Magnitude       Phase           Norm. Mag       Norm. Phase    
-------- ---------       ---------       -----           ---------       -----------    
 0       0               -0.271785484    0               0               0              
 1       20000           3.306371479     1.174861449     1               0              
 2       40000           0.3551889037    75.14422229     0.107425589     73.96936084    
 3       60000           0.2056671471    -19.7212281     0.06220327885   -20.8960896    
 4       80000           0.04819496968   -103.081741     0.01457639288   -104.256602    
 5       100000          0.03238590877   -67.9156507     0.00979500004   -69.0905121    
 6       120000          0.05259215944   -143.86024      0.01590630689   -145.035101    
 7       140000          0.02812997057   132.0119358     0.008507807046  130.8370744    
 8       160000          0.01056958305   138.0262631     0.00319673186   136.8514017    
 9       180000          0.02234547009   83.90790421     0.006758305966  82.73304276    

Doing analysis at TEMP = 27.000000 and TNOM = 27.000000

Using SPARSE 1.3 as Direct Linear Solver

No. of Data Rows : 1
h1k = 9.9964566750e-01
Doing analysis at TEMP = 27.000000 and TNOM = 27.000000

Using SPARSE 1.3 as Direct Linear Solver

No. of Data Rows : 1
h20k = 9.9965983397e-01
Doing analysis at TEMP = 27.000000 and TNOM = 27.000000

Using SPARSE 1.3 as Direct Linear Solver

No. of Data Rows : 1
mag(v(ain)) = 9.9965630653e-01
Doing analysis at TEMP = 27.000000 and TNOM = 27.000000

Using SPARSE 1.3 as Direct Linear Solver

No. of Data Rows : 61
zmin = 3.3870303925e+05
Doing analysis at TEMP = 27.000000 and TNOM = 27.000000

Using SPARSE 1.3 as Direct Linear Solver

No. of Data Rows : 1
cvcs1k = 9.9964569560e-01
Doing analysis at TEMP = 27.000000 and TNOM = 27.000000

Using SPARSE 1.3 as Direct Linear Solver

No. of Data Rows : 1
cvcs20k = 9.9965979702e-01
Doing analysis at TEMP = 27.000000 and TNOM = 27.000000

Using SPARSE 1.3 as Direct Linear Solver

No. of Data Rows : 1
cvcp1k = 9.9964568206e-01
Doing analysis at TEMP = 27.000000 and TNOM = 27.000000

Using SPARSE 1.3 as Direct Linear Solver

No. of Data Rows : 1
cvcp20k = 9.9965983966e-01
L47B1_CASO d=0.0250
Doing analysis at TEMP = 27.000000 and TNOM = 27.000000

Using SPARSE 1.3 as Direct Linear Solver

Initial Transient Solution
--------------------------

Node                                   Voltage
----                                   -------
vsn                                          0
srcx                              -1.15632e-05
ain                                -0.00068592
gs                                   -0.350653
gp                                    -7.00952
csf                                  -0.679939
cpf                                   -13.5982
cs                                       -0.75
cp                                         -15
vcp#branch                         1.40184e-05
vcs#branch                         7.00609e-07
vsrc#branch                       -7.70877e-06


No. of Data Rows : 4007
Fourier analysis for v(vsn):
  No. Harmonics: 10, THD: 1.76011e-07 %, Gridsize: 8192, Interpolation Degree: 1, No. Periods: 1

Harmonic Frequency       Magnitude       Phase           Norm. Mag       Norm. Phase    
-------- ---------       ---------       -----           ---------       -----------    
 0       0               1.626517492e-09 0               0               0              
 1       1000            3.817996861     1.38855117e-08  1               0              
 2       2000            2.64600669e-09  75.63378493     6.930353236e-10 75.63378491    
 3       3000            2.762731316e-09 9.67286125      7.236075398e-10 9.672861236    
 4       4000            1.269891387e-09 38.67705957     3.326067133e-10 38.67705956    
 5       5000            3.247032909e-09 -4.140513       8.504545779e-10 -4.14051302    
 6       6000            1.554493385e-09 -57.4182401     4.071489426e-10 -57.4182401    
 7       7000            2.526556237e-09 -19.1865791     6.617491655e-10 -19.1865791    
 8       8000            2.868978045e-09 -84.7557273     7.514354121e-10 -84.7557273    
 9       9000            1.157014048e-09 -62.7530709     3.030421686e-10 -62.753071     

Fourier analysis for v(ain):
  No. Harmonics: 10, THD: 16.5062 %, Gridsize: 8192, Interpolation Degree: 1, No. Periods: 1

Harmonic Frequency       Magnitude       Phase           Norm. Mag       Norm. Phase    
-------- ---------       ---------       -----           ---------       -----------    
 0       0               -0.460589645    0               0               0              
 1       1000            3.004903965     0.05561562361   1               0              
 2       2000            0.4631553491    89.60899535     0.1541331618    89.55337972    
 3       3000            0.1553255061    -0.486633984    0.05169067229   -0.542249608   
 4       4000            0.04712234501   88.75413061     0.01568181398   88.69851499    
 5       5000            0.06154116057   -1.09300172     0.02048024206   -1.14861735    
 6       6000            0.0129419044    -90.447485      0.004306927792  -90.5031007    
 7       7000            0.02743154099   -1.78923255     0.009128924354  -1.84484817    
 8       8000            0.01980431233   -91.5306615     0.006590663981  -91.5862771    
 9       9000            0.007238628861  -3.12319028     0.002408938503  -3.1788059     

Doing analysis at TEMP = 27.000000 and TNOM = 27.000000

Using SPARSE 1.3 as Direct Linear Solver

Initial Transient Solution
--------------------------

Node                                   Voltage
----                                   -------
vsn                                          0
srcx                              -1.15632e-05
ain                                -0.00068592
gs                                   -0.350653
gp                                    -7.00952
csf                                  -0.679939
cpf                                   -13.5982
cs                                       -0.75
cp                                         -15
vcp#branch                         1.40184e-05
vcs#branch                         7.00609e-07
vsrc#branch                       -7.70877e-06


No. of Data Rows : 4007
Fourier analysis for v(vsn):
  No. Harmonics: 10, THD: 2.92055e-07 %, Gridsize: 8192, Interpolation Degree: 1, No. Periods: 1

Harmonic Frequency       Magnitude       Phase           Norm. Mag       Norm. Phase    
-------- ---------       ---------       -----           ---------       -----------    
 0       0               2.238455532e-09 0               0               0              
 1       20000           3.817996862     3.965598083e-08 1               0              
 2       40000           3.889280408e-09 30.06835557     1.018670404e-09 30.06835553    
 3       60000           4.358138427e-09 -17.5900646     1.141472501e-09 -17.5900647    
 4       80000           3.312698677e-09 -48.3995553     8.676535883e-10 -48.3995553    
 5       100000          4.252036424e-09 -74.7563696     1.113682535e-09 -74.7563696    
 6       120000          4.051248477e-09 -123.541134     1.061092668e-09 -123.541134    
 7       140000          3.401356658e-09 -144.583966     8.908746603e-10 -144.583966    
 8       160000          4.450871471e-09 178.1576386     1.165760903e-09 178.1576386    
 9       180000          3.656654115e-09 133.6602697     9.577415191e-10 133.6602697    

Fourier analysis for v(ain):
  No. Harmonics: 10, THD: 16.9676 %, Gridsize: 8192, Interpolation Degree: 1, No. Periods: 1

Harmonic Frequency       Magnitude       Phase           Norm. Mag       Norm. Phase    
-------- ---------       ---------       -----           ---------       -----------    
 0       0               -0.440414604    0               0               0              
 1       20000           3.03772756      1.812106601     1               0              
 2       40000           0.4719038344    76.67778826     0.1553476489    74.86568166    
 3       60000           0.1807262939    -15.0881668     0.05949391124   -16.9002734    
 4       80000           0.0399694663    31.54582129     0.0131576863    29.73371469    
 5       100000          0.07476914436   -43.5175407     0.0246135122    -45.3296473    
 6       120000          0.03481972113   -120.231637     0.01146242395   -122.043744    
 7       140000          0.02572745371   -85.4489896     0.008469309114  -87.2610962    
 8       160000          0.03372835679   -160.402431     0.01110315396   -162.214538    
 9       180000          0.01059239699   146.9633983     0.003486947654  145.1512917    

Doing analysis at TEMP = 27.000000 and TNOM = 27.000000

Using SPARSE 1.3 as Direct Linear Solver

No. of Data Rows : 1
h1k = 9.9925333446e-01
Doing analysis at TEMP = 27.000000 and TNOM = 27.000000

Using SPARSE 1.3 as Direct Linear Solver

No. of Data Rows : 1
h20k = 9.9928665041e-01
Doing analysis at TEMP = 27.000000 and TNOM = 27.000000

Using SPARSE 1.3 as Direct Linear Solver

No. of Data Rows : 1
mag(v(ain)) = 9.9927790817e-01
Doing analysis at TEMP = 27.000000 and TNOM = 27.000000

Using SPARSE 1.3 as Direct Linear Solver

No. of Data Rows : 61
zmin = 3.4148072654e+05
Doing analysis at TEMP = 27.000000 and TNOM = 27.000000

Using SPARSE 1.3 as Direct Linear Solver

No. of Data Rows : 1
cvcs1k = 9.9925339392e-01
Doing analysis at TEMP = 27.000000 and TNOM = 27.000000

Using SPARSE 1.3 as Direct Linear Solver

No. of Data Rows : 1
cvcs20k = 9.9928655524e-01
Doing analysis at TEMP = 27.000000 and TNOM = 27.000000

Using SPARSE 1.3 as Direct Linear Solver

No. of Data Rows : 1
cvcp1k = 9.9925335666e-01
Doing analysis at TEMP = 27.000000 and TNOM = 27.000000

Using SPARSE 1.3 as Direct Linear Solver

No. of Data Rows : 1
cvcp20k = 9.9928665908e-01
L47B1_CASO d=0.0500
Doing analysis at TEMP = 27.000000 and TNOM = 27.000000

Using SPARSE 1.3 as Direct Linear Solver

Initial Transient Solution
--------------------------

Node                                   Voltage
----                                   -------
vsn                                          0
srcx                              -1.26117e-05
ain                                -0.00154448
gs                                   -0.701349
gp                                    -7.00975
csf                                   -1.35989
cpf                                   -13.5982
cs                                        -1.5
cp                                         -15
vcp#branch                          1.4018e-05
vcs#branch                         1.40114e-06
vsrc#branch                       -8.40781e-06


No. of Data Rows : 4008
Fourier analysis for v(vsn):
  No. Harmonics: 10, THD: 9.67585e-08 %, Gridsize: 8192, Interpolation Degree: 1, No. Periods: 1

Harmonic Frequency       Magnitude       Phase           Norm. Mag       Norm. Phase    
-------- ---------       ---------       -----           ---------       -----------    
 0       0               8.244234809e-10 0               0               0              
 1       1000            3.81799686      9.564255849e-09 1               0              
 2       2000            1.591802898e-09 82.16392817     4.169209553e-10 82.16392816    
 3       3000            9.113943179e-10 38.31746789     2.387100753e-10 38.31746788    
 4       4000            1.423673381e-09 73.25380735     3.728849008e-10 73.25380734    
 5       5000            1.199552967e-09 20.91520968     3.141838538e-10 20.91520967    
 6       6000            1.170762028e-09 61.51011059     3.066430045e-10 61.51011058    
 7       7000            1.446226529e-09 9.615139589     3.787919641e-10 9.615139579    
 8       8000            8.836791688e-10 43.11045865     2.314509941e-10 43.11045864    
 9       9000            1.604370278e-09 0.8951752775    4.202125714e-10 0.8951752679   

Fourier analysis for v(ain):
  No. Harmonics: 10, THD: 20.0191 %, Gridsize: 8192, Interpolation Degree: 1, No. Periods: 1

Harmonic Frequency       Magnitude       Phase           Norm. Mag       Norm. Phase    
-------- ---------       ---------       -----           ---------       -----------    
 0       0               -0.657384269    0               0               0              
 1       1000            2.720683358     0.08190491601   1               0              
 2       2000            0.5254946622    89.6241436      0.1931480415    89.54223869    
 3       3000            0.0800346509    -0.245913921    0.02941711341   -0.327818837   
 4       4000            0.102395728     89.00714695     0.03763603278   88.92524203    
 5       5000            0.03673067293   -0.806011429    0.01350053207   -0.887916345   
 6       6000            0.03175566583   88.32377693     0.01167194475   88.24187202    
 7       7000            0.02700249903   -1.39361026     0.009924895873  -1.47551518    
 8       8000            0.01246921953   87.45931401     0.004583120449  87.37740909    
 9       9000            0.01932197225   -1.94905944     0.007101882032  -2.03096436    

Doing analysis at TEMP = 27.000000 and TNOM = 27.000000

Using SPARSE 1.3 as Direct Linear Solver

Initial Transient Solution
--------------------------

Node                                   Voltage
----                                   -------
vsn                                          0
srcx                              -1.26117e-05
ain                                -0.00154448
gs                                   -0.701349
gp                                    -7.00975
csf                                   -1.35989
cpf                                   -13.5982
cs                                        -1.5
cp                                         -15
vcp#branch                          1.4018e-05
vcs#branch                         1.40114e-06
vsrc#branch                       -8.40781e-06


No. of Data Rows : 4007
Fourier analysis for v(vsn):
  No. Harmonics: 10, THD: 2.10666e-07 %, Gridsize: 8192, Interpolation Degree: 1, No. Periods: 1

Harmonic Frequency       Magnitude       Phase           Norm. Mag       Norm. Phase    
-------- ---------       ---------       -----           ---------       -----------    
 0       0               1.491756756e-09 0               0               0              
 1       20000           3.817996861     3.650710964e-08 1               0              
 2       40000           2.925000804e-09 45.42200776     7.661087503e-10 45.42200773    
 3       60000           2.794344709e-09 16.39666955     7.318876393e-10 16.39666951    
 4       80000           2.796247047e-09 -0.785358759    7.323858948e-10 -0.785358796   
 5       100000          2.927832589e-09 -29.8050559     7.668504443e-10 -29.8050559    
 6       120000          2.687720471e-09 -49.371763      7.039608908e-10 -49.371763     
 7       140000          2.985816239e-09 -74.311766      7.82037374e-10  -74.311766     
 8       160000          2.686750502e-09 -99.1633127     7.03706839e-10  -99.1633127    
 9       180000          2.929297212e-09 -118.794958     7.672340546e-10 -118.794958    

Fourier analysis for v(ain):
  No. Harmonics: 10, THD: 20.7389 %, Gridsize: 8192, Interpolation Degree: 1, No. Periods: 1

Harmonic Frequency       Magnitude       Phase           Norm. Mag       Norm. Phase    
-------- ---------       ---------       -----           ---------       -----------    
 0       0               -0.637065139    0               0               0              
 1       20000           2.75080303      2.568401022     1               0              
 2       40000           0.5433588389    78.03759901     0.1975273522    75.46919799    
 3       60000           0.1054786822    -5.30171126     0.03834468738   -7.87011228    
 4       80000           0.1082812249    53.81552941     0.0393634963    51.24712839    
 5       100000          0.05978918048   -29.2783747     0.02173517327   -31.8467757    
 6       120000          0.03044380077   12.05387663     0.01106724125   9.485475612    
 7       140000          0.04375879575   -56.7431591     0.01590764416   -59.3115601    
 8       160000          0.01137582398   -65.8989031     0.004135455666  -68.4673041    
 9       180000          0.02865051729   -86.4816502     0.01041532853   -89.0500512    

Doing analysis at TEMP = 27.000000 and TNOM = 27.000000

Using SPARSE 1.3 as Direct Linear Solver

No. of Data Rows : 1
h1k = 9.9691391428e-01
Doing analysis at TEMP = 27.000000 and TNOM = 27.000000

Using SPARSE 1.3 as Direct Linear Solver

No. of Data Rows : 1
h20k = 9.9707000212e-01
Doing analysis at TEMP = 27.000000 and TNOM = 27.000000

Using SPARSE 1.3 as Direct Linear Solver

No. of Data Rows : 1
mag(v(ain)) = 9.9702658142e-01
Doing analysis at TEMP = 27.000000 and TNOM = 27.000000

Using SPARSE 1.3 as Direct Linear Solver

No. of Data Rows : 61
zmin = 3.4402140333e+05
Doing analysis at TEMP = 27.000000 and TNOM = 27.000000

Using SPARSE 1.3 as Direct Linear Solver

No. of Data Rows : 1
cvcs1k = 9.9691416428e-01
Doing analysis at TEMP = 27.000000 and TNOM = 27.000000

Using SPARSE 1.3 as Direct Linear Solver

No. of Data Rows : 1
cvcs20k = 9.9706952222e-01
Doing analysis at TEMP = 27.000000 and TNOM = 27.000000

Using SPARSE 1.3 as Direct Linear Solver

No. of Data Rows : 1
cvcp1k = 9.9691396193e-01
Doing analysis at TEMP = 27.000000 and TNOM = 27.000000

Using SPARSE 1.3 as Direct Linear Solver

No. of Data Rows : 1
cvcp20k = 9.9707002074e-01
L47B1_CASO d=0.0750
Doing analysis at TEMP = 27.000000 and TNOM = 27.000000

Using SPARSE 1.3 as Direct Linear Solver

Initial Transient Solution
--------------------------

Node                                   Voltage
----                                   -------
vsn                                          0
srcx                                 -1.33e-05
ain                                  -0.111548
gs                                    -1.08112
gp                                    -7.03905
csf                                   -2.04493
cpf                                   -13.6033
cs                                       -2.25
cp                                         -15
vcp#branch                         1.39666e-05
vcs#branch                         2.05067e-06
vsrc#branch                       -8.86664e-06


No. of Data Rows : 4008
Fourier analysis for v(vsn):
  No. Harmonics: 10, THD: 1.71118e-08 %, Gridsize: 8192, Interpolation Degree: 1, No. Periods: 1

Harmonic Frequency       Magnitude       Phase           Norm. Mag       Norm. Phase    
-------- ---------       ---------       -----           ---------       -----------    
 0       0               -1.63192895e-10 0               0               0              
 1       1000            3.81799686      -9.34657617e-10 1               0              
 2       2000            3.16633844e-10  -90.3354034     8.293192886e-11 -90.3354034    
 3       3000            7.005166808e-11 -63.7450714     1.834775424e-11 -63.7450714    
 4       4000            3.161952388e-10 -90.693061      8.281705052e-11 -90.693061     
 5       5000            8.207447373e-11 -51.0719092     2.149673683e-11 -51.0719092    
 6       6000            3.128589947e-10 -91.0161382     8.194322998e-11 -91.0161382    
 7       7000            9.699627164e-11 -42.3366679     2.540501609e-11 -42.3366679    
 8       8000            3.078190834e-10 -91.3337137     8.062318926e-11 -91.3337137    
 9       9000            1.136479184e-10 -36.3252311     2.976637293e-11 -36.3252311    

Fourier analysis for v(ain):
  No. Harmonics: 10, THD: 22.7895 %, Gridsize: 8192, Interpolation Degree: 1, No. Periods: 1

Harmonic Frequency       Magnitude       Phase           Norm. Mag       Norm. Phase    
-------- ---------       ---------       -----           ---------       -----------    
 0       0               -0.882003748    0               0               0              
 1       1000            2.427353789     0.1140013714    1               0              
 2       2000            0.5381371406    89.64532762     0.2216970361    89.53132625    
 3       3000            0.0158055026    177.2009304     0.006511412828  177.086929     
 4       4000            0.114795742     89.10837978     0.04729254654   88.99437841    
 5       5000            0.01856126847   178.0893589     0.007646709167  177.9753575    
 6       6000            0.04375486709   88.6275843      0.01802574775   88.51358293    
 7       7000            0.01021293808   177.5089911     0.004207436976  177.3949897    
 8       8000            0.02393103185   88.17774725     0.009858897356  88.06374588    
 9       9000            0.007395110065  177.0250591     0.003046572815  176.9110578    

Doing analysis at TEMP = 27.000000 and TNOM = 27.000000

Using SPARSE 1.3 as Direct Linear Solver

Initial Transient Solution
--------------------------

Node                                   Voltage
----                                   -------
vsn                                          0
srcx                                 -1.33e-05
ain                                  -0.111548
gs                                    -1.08112
gp                                    -7.03905
csf                                   -2.04493
cpf                                   -13.6033
cs                                       -2.25
cp                                         -15
vcp#branch                         1.39666e-05
vcs#branch                         2.05067e-06
vsrc#branch                       -8.86664e-06


No. of Data Rows : 4008
Fourier analysis for v(vsn):
  No. Harmonics: 10, THD: 1.24822e-07 %, Gridsize: 8192, Interpolation Degree: 1, No. Periods: 1

Harmonic Frequency       Magnitude       Phase           Norm. Mag       Norm. Phase    
-------- ---------       ---------       -----           ---------       -----------    
 0       0               5.969553463e-10 0               0               0              
 1       20000           3.81799686      3.038683817e-08 1               0              
 2       40000           1.20016731e-09  60.72513141     3.143447607e-10 60.72513138    
 3       60000           2.061194031e-09 54.21518845     5.398626836e-10 54.21518842    
 4       80000           1.225371009e-09 31.69655897     3.209460493e-10 31.69655894    
 5       100000          2.04420402e-09  30.33527323     5.354127033e-10 30.3352732     
 6       120000          1.264321085e-09 3.099631122     3.311477539e-10 3.099631092    
 7       140000          2.018613975e-09 6.403160918     5.287102241e-10 6.403160887    
 8       160000          1.315129084e-09 -24.9722012     3.444552556e-10 -24.9722013    
 9       180000          1.984894667e-09 -17.5861464     5.198785489e-10 -17.5861464    

Fourier analysis for v(ain):
  No. Harmonics: 10, THD: 23.7433 %, Gridsize: 8192, Interpolation Degree: 1, No. Periods: 1

Harmonic Frequency       Magnitude       Phase           Norm. Mag       Norm. Phase    
-------- ---------       ---------       -----           ---------       -----------    
 0       0               -0.862238229    0               0               0              
 1       20000           2.454150948     3.468479593     1               0              
 2       40000           0.5616487007    79.41688564     0.228856624     75.94840605    
 3       60000           0.03103703943   77.26718995     0.01264675242   73.79871036    
 4       80000           0.1333034025    61.57668728     0.05431752379   58.10820768    
 5       100000          0.01861275658   67.35436056     0.007584193872  63.88588096    
 6       120000          0.05869558702   39.42439398     0.02391686097   35.95591439    
 7       140000          0.01352540209   18.65443497     0.005511234794  15.18595538    
 8       160000          0.03548107191   16.26867395     0.01445757521   12.80019436    
 9       180000          0.01091407461   -16.2765132     0.004447189615  -19.7449928    

Doing analysis at TEMP = 27.000000 and TNOM = 27.000000

Using SPARSE 1.3 as Direct Linear Solver

No. of Data Rows : 1
h1k = 3.1839175863e-01
Doing analysis at TEMP = 27.000000 and TNOM = 27.000000

Using SPARSE 1.3 as Direct Linear Solver

No. of Data Rows : 1
h20k = 3.3416046975e-01
Doing analysis at TEMP = 27.000000 and TNOM = 27.000000

Using SPARSE 1.3 as Direct Linear Solver

No. of Data Rows : 1
mag(v(ain)) = 3.3708933320e-01
Doing analysis at TEMP = 27.000000 and TNOM = 27.000000

Using SPARSE 1.3 as Direct Linear Solver

No. of Data Rows : 61
zmin = 7.6507760431e+05
Doing analysis at TEMP = 27.000000 and TNOM = 27.000000

Using SPARSE 1.3 as Direct Linear Solver

No. of Data Rows : 1
cvcs1k = 3.1859938661e-01
Doing analysis at TEMP = 27.000000 and TNOM = 27.000000

Using SPARSE 1.3 as Direct Linear Solver

No. of Data Rows : 1
cvcs20k = 3.3398938165e-01
Doing analysis at TEMP = 27.000000 and TNOM = 27.000000

Using SPARSE 1.3 as Direct Linear Solver

No. of Data Rows : 1
cvcp1k = 3.1839231035e-01
Doing analysis at TEMP = 27.000000 and TNOM = 27.000000

Using SPARSE 1.3 as Direct Linear Solver

No. of Data Rows : 1
cvcp20k = 3.3416061955e-01
L47B1_CASO d=0.1000
Doing analysis at TEMP = 27.000000 and TNOM = 27.000000

Using SPARSE 1.3 as Direct Linear Solver

Initial Transient Solution
--------------------------

Node                                   Voltage
----                                   -------
vsn                                          0
srcx                              -1.27818e-05
ain                                  -0.586965
gs                                    -1.55821
gp                                    -7.16568
csf                                   -2.74705
cpf                                   -13.6256
cs                                          -3
cp                                         -15
vcp#branch                         1.37444e-05
vcs#branch                         2.52945e-06
vsrc#branch                       -8.52121e-06


No. of Data Rows : 4010
Fourier analysis for v(vsn):
  No. Harmonics: 10, THD: 1.56373e-07 %, Gridsize: 8192, Interpolation Degree: 1, No. Periods: 1

Harmonic Frequency       Magnitude       Phase           Norm. Mag       Norm. Phase    
-------- ---------       ---------       -----           ---------       -----------    
 0       0               -1.37077215e-09 0               0               0              
 1       1000            3.81799686      -1.36095261e-08 1               0              
 2       2000            2.515954589e-09 -82.4084227     6.589724091e-10 -82.4084227    
 3       3000            1.81318562e-09  -25.7431034     4.749049532e-10 -25.7431034    
 4       4000            1.906007158e-09 -70.9112422     4.992165336e-10 -70.9112422    
 5       5000            2.457439575e-09 -13.2291295     6.436463058e-10 -13.2291295    
 6       6000            1.147685035e-09 -43.2773553     3.005987372e-10 -43.2773553    
 7       7000            2.732288283e-09 -5.4081696      7.156339786e-10 -5.40816958    
 8       8000            1.008331081e-09 21.24150761     2.64099505e-10  21.24150763    
 9       9000            2.560399779e-09 2.020803698     6.706133799e-10 2.020803712    

Fourier analysis for v(ain):
  No. Harmonics: 10, THD: 24.4141 %, Gridsize: 8192, Interpolation Degree: 1, No. Periods: 1

Harmonic Frequency       Magnitude       Phase           Norm. Mag       Norm. Phase    
-------- ---------       ---------       -----           ---------       -----------    
 0       0               -1.13815545     0               0               0              
 1       1000            2.130532335     0.1504302266    1               0              
 2       2000            0.4978708076    89.68019845     0.2336837604    89.52976822    
 3       3000            0.1062073003    179.0927026     0.04985012363   178.9422724    
 4       4000            0.07668463417   89.25207929     0.03599318017   89.10164906    
 5       5000            0.06317696454   178.7788671     0.02965313575   178.6284369    
 6       6000            0.009333345813  89.40139089     0.004380757645  89.25096066    
 7       7000            0.03321002041   178.4391598     0.01558766317   178.2887296    
 8       8000            0.00620918926   -92.4447963     0.002914383959  -92.5952265    
 9       9000            0.01733201944   178.1266528     0.008135065193  177.9762226    

Doing analysis at TEMP = 27.000000 and TNOM = 27.000000

Using SPARSE 1.3 as Direct Linear Solver

Initial Transient Solution
--------------------------

Node                                   Voltage
----                                   -------
vsn                                          0
srcx                              -1.27818e-05
ain                                  -0.586965
gs                                    -1.55821
gp                                    -7.16568
csf                                   -2.74705
cpf                                   -13.6256
cs                                          -3
cp                                         -15
vcp#branch                         1.37444e-05
vcs#branch                         2.52945e-06
vsrc#branch                       -8.52121e-06

 Reference value :  3.00009e-04
No. of Data Rows : 4008
Fourier analysis for v(vsn):
  No. Harmonics: 10, THD: 8.55264e-08 %, Gridsize: 8192, Interpolation Degree: 1, No. Periods: 1

Harmonic Frequency       Magnitude       Phase           Norm. Mag       Norm. Phase    
-------- ---------       ---------       -----           ---------       -----------    
 0       0               -4.51407328e-10 0               0               0              
 1       20000           3.81799686      2.030931617e-08 1               0              
 2       40000           9.488673916e-10 -136.419609     2.485249272e-10 -136.419609    
 3       60000           1.336559769e-09 42.12243805     3.500683258e-10 42.12243803    
 4       80000           1.08134047e-09  -178.081255     2.83221938e-10  -178.081256    
 5       100000          1.2113294e-09   8.187550027     3.17268307e-10  8.187550007    
 6       120000          1.230287226e-09 145.0897959     3.222336924e-10 145.0897959    
 7       140000          1.061669598e-09 -29.207991      2.780697934e-10 -29.207991     
 8       160000          1.34932699e-09  111.4813646     3.534122839e-10 111.4813646    
 9       180000          9.370290974e-10 -71.6545015     2.454242713e-10 -71.6545015    

Fourier analysis for v(ain):
  No. Harmonics: 10, THD: 25.5706 %, Gridsize: 8192, Interpolation Degree: 1, No. Periods: 1

Harmonic Frequency       Magnitude       Phase           Norm. Mag       Norm. Phase    
-------- ---------       ---------       -----           ---------       -----------    
 0       0               -1.12066847     0               0               0              
 1       20000           2.152488736     4.549107356     1               0              
 2       40000           0.5220828047    80.99262209     0.2425484491    76.44351473    
 3       60000           0.1111126819    146.4930723     0.05162056369   141.943965     
 4       80000           0.09833884521   70.99207972     0.04568611373   66.44297236    
 5       100000          0.06912983864   132.958118      0.03211623712   128.4090106    
 6       120000          0.02931092948   67.02230456     0.01361722781   62.47319721    
 7       140000          0.04240925208   114.5759396     0.01970242695   110.0268323    
 8       160000          0.01194823556   80.0753309      0.005550893419  75.52622355    
 9       180000          0.02789682418   96.74599909     0.01296026488   92.19689173    

Doing analysis at TEMP = 27.000000 and TNOM = 27.000000

Using SPARSE 1.3 as Direct Linear Solver

No. of Data Rows : 1
h1k = 3.1830176660e-01
Doing analysis at TEMP = 27.000000 and TNOM = 27.000000

Using SPARSE 1.3 as Direct Linear Solver

No. of Data Rows : 1
h20k = 3.3163418921e-01
Doing analysis at TEMP = 27.000000 and TNOM = 27.000000

Using SPARSE 1.3 as Direct Linear Solver

No. of Data Rows : 1
mag(v(ain)) = 3.3700036969e-01
Doing analysis at TEMP = 27.000000 and TNOM = 27.000000

Using SPARSE 1.3 as Direct Linear Solver

No. of Data Rows : 61
zmin = 7.7063590371e+05
Doing analysis at TEMP = 27.000000 and TNOM = 27.000000

Using SPARSE 1.3 as Direct Linear Solver

No. of Data Rows : 1
cvcs1k = 3.1852446759e-01
Doing analysis at TEMP = 27.000000 and TNOM = 27.000000

Using SPARSE 1.3 as Direct Linear Solver

No. of Data Rows : 1
cvcs20k = 3.3147595257e-01
Doing analysis at TEMP = 27.000000 and TNOM = 27.000000

Using SPARSE 1.3 as Direct Linear Solver

No. of Data Rows : 1
cvcp1k = 3.1830237970e-01
Doing analysis at TEMP = 27.000000 and TNOM = 27.000000

Using SPARSE 1.3 as Direct Linear Solver

No. of Data Rows : 1
cvcp20k = 3.3163437646e-01
L47B1_CASO d=0.1250
Doing analysis at TEMP = 27.000000 and TNOM = 27.000000

Using SPARSE 1.3 as Direct Linear Solver

Initial Transient Solution
--------------------------

Node                                   Voltage
----                                   -------
vsn                                          0
srcx                              -1.22641e-05
ain                                   -1.06225
gs                                    -2.03527
gp                                    -7.29228
csf                                   -3.44917
cpf                                   -13.6478
cs                                       -3.75
cp                                         -15
vcp#branch                         1.35223e-05
vcs#branch                         3.00829e-06
vsrc#branch                       -8.17607e-06


No. of Data Rows : 4010
Fourier analysis for v(vsn):
  No. Harmonics: 10, THD: 2.81867e-07 %, Gridsize: 8192, Interpolation Degree: 1, No. Periods: 1

Harmonic Frequency       Magnitude       Phase           Norm. Mag       Norm. Phase    
-------- ---------       ---------       -----           ---------       -----------    
 0       0               -2.5275796e-09  0               0               0              
 1       1000            3.817996862     -2.49674027e-08 1               0              
 2       2000            3.685164815e-09 -70.4683381     9.65208969e-10  -70.4683381    
 3       3000            4.78480408e-09  -9.05096518     1.253223681e-09 -9.05096516    
 4       4000            1.811672332e-09 8.003869357     4.745085963e-10 8.003869382    
 5       5000            4.556462417e-09 7.301976843     1.193417015e-09 7.301976868    
 6       6000            4.053664983e-09 70.22411661     1.061725593e-09 70.22411663    
 7       7000            2.201461848e-09 46.91109682     5.766012723e-10 46.91109684    
 8       8000            4.99759593e-09  87.93930357     1.308957579e-09 87.9393036     
 9       9000            3.00673345e-09  144.1748304     7.875159564e-10 144.1748304    

Fourier analysis for v(ain):
  No. Harmonics: 10, THD: 24.0369 %, Gridsize: 8192, Interpolation Degree: 1, No. Periods: 1

Harmonic Frequency       Magnitude       Phase           Norm. Mag       Norm. Phase    
-------- ---------       ---------       -----           ---------       -----------    
 0       0               -1.42217555     0               0               0              
 1       1000            1.843033793     0.1958341479    1               0              
 2       2000            0.4058638045    89.73280483     0.2202150639    89.53697068    
 3       3000            0.1607159783    179.2275134     0.08720186191   179.0316793    
 4       4000            0.006921931951  91.90045524     0.003755727094  91.70462109    
 5       5000            0.06059307823   178.9942672     0.03287681347   178.7984331    
 6       6000            0.03434670837   -91.4518749     0.01863596235   -91.6477091    
 7       7000            0.008470870884  179.3219071     0.004596156032  179.1260729    
 8       8000            0.02450850099   -91.7094955     0.01329791189   -91.9053296    
 9       9000            0.01136104464   -2.57395754     0.006164317056  -2.76979169    

Doing analysis at TEMP = 27.000000 and TNOM = 27.000000

Using SPARSE 1.3 as Direct Linear Solver

Initial Transient Solution
--------------------------

Node                                   Voltage
----                                   -------
vsn                                          0
srcx                              -1.22641e-05
ain                                   -1.06225
gs                                    -2.03527
gp                                    -7.29228
csf                                   -3.44917
cpf                                   -13.6478
cs                                       -3.75
cp                                         -15
vcp#branch                         1.35223e-05
vcs#branch                         3.00829e-06
vsrc#branch                       -8.17607e-06


No. of Data Rows : 4007
Fourier analysis for v(vsn):
  No. Harmonics: 10, THD: 1.55068e-07 %, Gridsize: 8192, Interpolation Degree: 1, No. Periods: 1

Harmonic Frequency       Magnitude       Phase           Norm. Mag       Norm. Phase    
-------- ---------       ---------       -----           ---------       -----------    
 0       0               -1.44930886e-09 0               0               0              
 1       20000           3.817996861     7.959611172e-09 1               0              
 2       40000           2.288071859e-09 -122.490924     5.992859457e-10 -122.490924    
 3       60000           2.530533468e-09 -21.6214616     6.627908718e-10 -21.6214616    
 4       80000           9.201252229e-10 175.1831076     2.409968516e-10 175.1831076    
 5       100000          2.866728369e-09 -53.0692168     7.508461827e-10 -53.0692168    
 6       120000          1.556592141e-09 54.55180391     4.076986435e-10 54.5518039     
 7       140000          1.991848581e-09 -87.6381599     5.216999001e-10 -87.6381599    
 8       160000          2.714900495e-09 14.84267259     7.110798133e-10 14.84267259    
 9       180000          7.664143811e-10 -175.706994     2.007373e-10    -175.706994    

Fourier analysis for v(ain):
  No. Harmonics: 10, THD: 25.1985 %, Gridsize: 8192, Interpolation Degree: 1, No. Periods: 1

Harmonic Frequency       Magnitude       Phase           Norm. Mag       Norm. Phase    
-------- ---------       ---------       -----           ---------       -----------    
 0       0               -1.40726589     0               0               0              
 1       20000           1.861682995     5.794296432     1               0              
 2       40000           0.4249331688    83.0275008      0.2282521622    77.23320437    
 3       60000           0.1727081321    155.6954354     0.09276989293   149.901139     
 4       80000           0.0281861913    115.3655428     0.01514016693   109.5712464    
 5       100000          0.07649774432   147.1406893     0.04109063925   141.3463929    
 6       120000          0.03613934238   -153.618167     0.01941218913   -159.412463    
 7       140000          0.02388158504   146.2994002     0.01282795466   140.5051037    
 8       160000          0.03269877566   -160.896791     0.01756409429   -166.691087    
 9       180000          0.009061266925  -137.640724     0.004867244827  -143.43502     

Doing analysis at TEMP = 27.000000 and TNOM = 27.000000

Using SPARSE 1.3 as Direct Linear Solver

No. of Data Rows : 1
h1k = 3.1819763967e-01
Doing analysis at TEMP = 27.000000 and TNOM = 27.000000

Using SPARSE 1.3 as Direct Linear Solver

No. of Data Rows : 1
h20k = 3.2974446673e-01
Doing analysis at TEMP = 27.000000 and TNOM = 27.000000

Using SPARSE 1.3 as Direct Linear Solver

No. of Data Rows : 1
mag(v(ain)) = 3.3689446038e-01
Doing analysis at TEMP = 27.000000 and TNOM = 27.000000

Using SPARSE 1.3 as Direct Linear Solver

No. of Data Rows : 61
zmin = 7.7474767941e+05
Doing analysis at TEMP = 27.000000 and TNOM = 27.000000

Using SPARSE 1.3 as Direct Linear Solver

No. of Data Rows : 1
cvcs1k = 3.1843216618e-01
Doing analysis at TEMP = 27.000000 and TNOM = 27.000000

Using SPARSE 1.3 as Direct Linear Solver

No. of Data Rows : 1
cvcs20k = 3.2959659320e-01
Doing analysis at TEMP = 27.000000 and TNOM = 27.000000

Using SPARSE 1.3 as Direct Linear Solver

No. of Data Rows : 1
cvcp1k = 3.1819831912e-01
Doing analysis at TEMP = 27.000000 and TNOM = 27.000000

Using SPARSE 1.3 as Direct Linear Solver

No. of Data Rows : 1
cvcp20k = 3.2974469240e-01
L47B1_CASO d=0.1500
Doing analysis at TEMP = 27.000000 and TNOM = 27.000000

Using SPARSE 1.3 as Direct Linear Solver

Initial Transient Solution
--------------------------

Node                                   Voltage
----                                   -------
vsn                                          0
srcx                              -1.17469e-05
ain                                   -1.53738
gs                                    -2.51229
gp                                    -7.41883
csf                                   -4.15128
cpf                                     -13.67
cs                                        -4.5
cp                                         -15
vcp#branch                         1.33003e-05
vcs#branch                          3.4872e-06
vsrc#branch                       -7.83129e-06


No. of Data Rows : 4007
Fourier analysis for v(vsn):
  No. Harmonics: 10, THD: 3.11634e-07 %, Gridsize: 8192, Interpolation Degree: 1, No. Periods: 1

Harmonic Frequency       Magnitude       Phase           Norm. Mag       Norm. Phase    
-------- ---------       ---------       -----           ---------       -----------    
 0       0               -2.72334235e-09 0               0               0              
 1       1000            3.817996863     -3.39836668e-08 1               0              
 2       2000            3.135675283e-09 -35.7762159     8.212880722e-10 -35.7762159    
 3       3000            5.27597307e-09  6.500074136     1.381869409e-09 6.50007417     
 4       4000            4.60548117e-09  66.02555244     1.206255881e-09 66.02555247    
 5       5000            2.735171297e-09 81.92460678     7.163890896e-10 81.92460682    
 6       6000            4.794251271e-09 104.2592847     1.255698064e-09 104.2592848    
 7       7000            5.163268452e-09 164.4129219     1.352350103e-09 164.412922     
 8       8000            2.964298452e-09 -158.472205     7.764014896e-10 -158.472205    
 9       9000            4.095808643e-09 -155.191004     1.072763753e-09 -155.191004    

Fourier analysis for v(ain):
  No. Harmonics: 10, THD: 20.3785 %, Gridsize: 8192, Interpolation Degree: 1, No. Periods: 1

Harmonic Frequency       Magnitude       Phase           Norm. Mag       Norm. Phase    
-------- ---------       ---------       -----           ---------       -----------    
 0       0               -1.73468916     0               0               0              
 1       1000            1.575838429     0.2503738774    1               0              
 2       2000            0.2711199826    89.83949916     0.1720480841    89.58912528    
 3       3000            0.1569229911    179.2897263     0.09958063482   179.0393524    
 4       4000            0.05406013633   -91.2563108     0.03430563396   -91.5066847    
 5       5000            0.01177571616   -179.717906     0.007472667213  -179.96828     
 6       6000            0.03420659409   -91.152746      0.02170691707   -91.4031198    
 7       7000            0.02471297712   -1.7711979      0.0156824308    -2.02157178    
 8       8000            0.003500009451  85.48010545     0.00222104588   85.22973157    
 9       9000            0.01185898888   -1.61618273     0.007525510649  -1.86655661    

Doing analysis at TEMP = 27.000000 and TNOM = 27.000000

Using SPARSE 1.3 as Direct Linear Solver

Initial Transient Solution
--------------------------

Node                                   Voltage
----                                   -------
vsn                                          0
srcx                              -1.17469e-05
ain                                   -1.53738
gs                                    -2.51229
gp                                    -7.41883
csf                                   -4.15128
cpf                                     -13.67
cs                                        -4.5
cp                                         -15
vcp#branch                         1.33003e-05
vcs#branch                          3.4872e-06
vsrc#branch                       -7.83129e-06


No. of Data Rows : 4005
Fourier analysis for v(vsn):
  No. Harmonics: 10, THD: 2.05076e-07 %, Gridsize: 8192, Interpolation Degree: 1, No. Periods: 1

Harmonic Frequency       Magnitude       Phase           Norm. Mag       Norm. Phase    
-------- ---------       ---------       -----           ---------       -----------    
 0       0               -1.93230994e-09 0               0               0              
 1       20000           3.817996862     -1.19967589e-08 1               0              
 2       40000           1.719199776e-09 -93.0265309     4.502884205e-10 -93.0265308    
 3       60000           3.835127886e-09 -28.2361073     1.004486914e-09 -28.2361073    
 4       80000           2.495150541e-09 41.50782871     6.535234656e-10 41.50782872    
 5       100000          1.29784181e-09  -25.6611945     3.399274166e-10 -25.6611945    
 6       120000          3.740863575e-09 33.61493996     9.797974461e-10 33.61493997    
 7       140000          2.837681718e-09 104.5131462     7.43238358e-10  104.5131462    
 8       160000          8.886061918e-10 48.12775148     2.327414673e-10 48.1277515     
 9       180000          3.591056998e-09 95.59044968     9.405604898e-10 95.59044969    

Fourier analysis for v(ain):
  No. Harmonics: 10, THD: 21.3799 %, Gridsize: 8192, Interpolation Degree: 1, No. Periods: 1

Harmonic Frequency       Magnitude       Phase           Norm. Mag       Norm. Phase    
-------- ---------       ---------       -----           ---------       -----------    
 0       0               -1.72286525     0               0               0              
 1       20000           1.593560011     7.195085656     1               0              
 2       40000           0.2821737633    86.1773607      0.1770713128    78.98227504    
 3       60000           0.1698217117    160.313342      0.1065675033    153.1182563    
 4       80000           0.06024344577   -133.277896     0.03780431571   -140.472982    
 5       100000          0.02496273937   -177.922185     0.01566476267   -185.117271    
 6       120000          0.0450601108    -129.704544     0.02827638149   -136.899629    
 7       140000          0.02853394234   -67.5092098     0.01790578462   -74.7042955    
 8       160000          0.009418717546  -81.1405031     0.005910488139  -88.3355887    
 9       180000          0.02075055405   -63.0047628     0.01302150776   -70.1998485    

Doing analysis at TEMP = 27.000000 and TNOM = 27.000000

Using SPARSE 1.3 as Direct Linear Solver

No. of Data Rows : 1
h1k = 3.1807290366e-01
Doing analysis at TEMP = 27.000000 and TNOM = 27.000000

Using SPARSE 1.3 as Direct Linear Solver

No. of Data Rows : 1
h20k = 3.2825443483e-01
Doing analysis at TEMP = 27.000000 and TNOM = 27.000000

Using SPARSE 1.3 as Direct Linear Solver

No. of Data Rows : 1
mag(v(ain)) = 3.3676538061e-01
Doing analysis at TEMP = 27.000000 and TNOM = 27.000000

Using SPARSE 1.3 as Direct Linear Solver

No. of Data Rows : 61
zmin = 7.7791669804e+05
Doing analysis at TEMP = 27.000000 and TNOM = 27.000000

Using SPARSE 1.3 as Direct Linear Solver

No. of Data Rows : 1
cvcs1k = 3.1831701091e-01
Doing analysis at TEMP = 27.000000 and TNOM = 27.000000

Using SPARSE 1.3 as Direct Linear Solver

No. of Data Rows : 1
cvcs20k = 3.2811515246e-01
Doing analysis at TEMP = 27.000000 and TNOM = 27.000000

Using SPARSE 1.3 as Direct Linear Solver

No. of Data Rows : 1
cvcp1k = 3.1807365871e-01
Doing analysis at TEMP = 27.000000 and TNOM = 27.000000

Using SPARSE 1.3 as Direct Linear Solver

No. of Data Rows : 1
cvcp20k = 3.2825470231e-01
L47B1_CASO d=0.1750
Doing analysis at TEMP = 27.000000 and TNOM = 27.000000

Using SPARSE 1.3 as Direct Linear Solver

Initial Transient Solution
--------------------------

Node                                   Voltage
----                                   -------
vsn                                          0
srcx                              -1.12304e-05
ain                                    -2.0123
gs                                    -2.98926
gp                                    -7.54533
csf                                   -4.85338
cpf                                   -13.6922
cs                                       -5.25
cp                                         -15
vcp#branch                         1.30784e-05
vcs#branch                         3.96621e-06
vsrc#branch                       -7.48694e-06


No. of Data Rows : 4013
Fourier analysis for v(vsn):
  No. Harmonics: 10, THD: 5.35521e-07 %, Gridsize: 8192, Interpolation Degree: 1, No. Periods: 1

Harmonic Frequency       Magnitude       Phase           Norm. Mag       Norm. Phase    
-------- ---------       ---------       -----           ---------       -----------    
 0       0               -4.94935901e-09 0               0               0              
 1       1000            3.817996867     -2.46685698e-08 1               0              
 2       2000            2.655078684e-09 26.04252568     6.95411436e-10  26.0425257     
 3       3000            5.934862992e-09 17.90079811     1.554444175e-09 17.90079813    
 4       4000            9.614136965e-09 91.59097035     2.518110229e-09 91.59097038    
 5       5000            8.851371178e-09 170.580198      2.31832856e-09  170.5801981    
 6       6000            4.200636144e-09 -124.733051     1.100219903e-09 -124.733051    
 7       7000            4.110452984e-09 -150.282214     1.07659936e-09  -150.282214    
 8       8000            8.802773861e-09 -86.3883302     2.305600074e-09 -86.3883302    
 9       9000            9.641877901e-09 -7.47697302     2.525376064e-09 -7.47697299    

Fourier analysis for v(ain):
  No. Harmonics: 10, THD: 12.7219 %, Gridsize: 8192, Interpolation Degree: 1, No. Periods: 1

Harmonic Frequency       Magnitude       Phase           Norm. Mag       Norm. Phase    
-------- ---------       ---------       -----           ---------       -----------    
 0       0               -2.06827034     0               0               0              
 1       1000            1.327444769     0.2504492556    1               0              
 2       2000            0.1065895167    89.0228183      0.08029676204   88.77236904    
 3       3000            0.09353865051   178.1987196     0.07046519202   177.9482703    
 4       4000            0.07234427111   -91.5027686     0.05449889353   -91.7532178    
 5       5000            0.04501811088   -0.280441656    0.03391335892   -0.530890912   
 6       6000            0.01647427179   93.98654822     0.01241051393   93.73609896    
 7       7000            0.007155015702  -13.3017645     0.005390066593  -13.5522137    
 8       8000            0.01992419217   86.5110526      0.01500943214   86.26060335    
 9       9000            0.02070006951   179.3239512     0.0155939215    179.073502     

Doing analysis at TEMP = 27.000000 and TNOM = 27.000000

Using SPARSE 1.3 as Direct Linear Solver

Initial Transient Solution
--------------------------

Node                                   Voltage
----                                   -------
vsn                                          0
srcx                              -1.12304e-05
ain                                    -2.0123
gs                                    -2.98926
gp                                    -7.54533
csf                                   -4.85338
cpf                                   -13.6922
cs                                       -5.25
cp                                         -15
vcp#branch                         1.30784e-05
vcs#branch                         3.96621e-06
vsrc#branch                       -7.48694e-06


No. of Data Rows : 4003
Fourier analysis for v(vsn):
  No. Harmonics: 10, THD: 2.09097e-07 %, Gridsize: 8192, Interpolation Degree: 1, No. Periods: 1

Harmonic Frequency       Magnitude       Phase           Norm. Mag       Norm. Phase    
-------- ---------       ---------       -----           ---------       -----------    
 0       0               -1.97220297e-09 0               0               0              
 1       20000           3.817996863     2.143833245e-09 1               0              
 2       40000           6.407653685e-10 165.8793237     1.67827631e-10  165.8793237    
 3       60000           2.799624132e-09 -28.1319588     7.332704119e-10 -28.1319588    
 4       80000           3.931682291e-09 65.00568805     1.029776197e-09 65.00568805    
 5       100000          2.853535092e-09 158.0035306     7.473906331e-10 158.0035306    
 6       120000          6.463694274e-10 -43.1898972     1.692954318e-10 -43.1898972    
 7       140000          2.765328902e-09 126.9520107     7.242878928e-10 126.9520107    
 8       160000          3.936662715e-09 -139.883719     1.031080657e-09 -139.883719    
 9       180000          2.884759847e-09 -47.2124023     7.555689413e-10 -47.2124023    

Fourier analysis for v(ain):
  No. Harmonics: 10, THD: 15.1274 %, Gridsize: 8192, Interpolation Degree: 1, No. Periods: 1

Harmonic Frequency       Magnitude       Phase           Norm. Mag       Norm. Phase    
-------- ---------       ---------       -----           ---------       -----------    
 0       0               -2.04719511     0               0               0              
 1       20000           1.322691421     7.764890567     1               0              
 2       40000           0.1067757509    74.54599935     0.08072612345   66.78110878    
 3       60000           0.1173119916    150.7163186     0.08869188216   142.951428     
 4       80000           0.09688228049   -118.066034     0.07324632107   -125.830925    
 5       100000          0.05548029765   -19.0286804     0.04194500454   -26.7935709    
 6       120000          0.01688639226   120.5457362     0.0127666907    112.7808456    
 7       140000          0.02663206392   -59.525         0.02013475214   -67.2898906    
 8       160000          0.03193663798   46.88883709     0.02414519175   39.12394652    
 9       180000          0.0198497499    148.8466061     0.01500709053   141.0817156    

Doing analysis at TEMP = 27.000000 and TNOM = 27.000000

Using SPARSE 1.3 as Direct Linear Solver

No. of Data Rows : 1
h1k = 3.1791779921e-01
Doing analysis at TEMP = 27.000000 and TNOM = 27.000000

Using SPARSE 1.3 as Direct Linear Solver

No. of Data Rows : 1
h20k = 3.2702105647e-01
Doing analysis at TEMP = 27.000000 and TNOM = 27.000000

Using SPARSE 1.3 as Direct Linear Solver

No. of Data Rows : 1
mag(v(ain)) = 3.3660310842e-01
Doing analysis at TEMP = 27.000000 and TNOM = 27.000000

Using SPARSE 1.3 as Direct Linear Solver

No. of Data Rows : 61
zmin = 7.8044716340e+05
Doing analysis at TEMP = 27.000000 and TNOM = 27.000000

Using SPARSE 1.3 as Direct Linear Solver

No. of Data Rows : 1
cvcs1k = 3.1816985068e-01
Doing analysis at TEMP = 27.000000 and TNOM = 27.000000

Using SPARSE 1.3 as Direct Linear Solver

No. of Data Rows : 1
cvcs20k = 3.2688905375e-01
Doing analysis at TEMP = 27.000000 and TNOM = 27.000000

Using SPARSE 1.3 as Direct Linear Solver

No. of Data Rows : 1
cvcp1k = 3.1791864485e-01
Doing analysis at TEMP = 27.000000 and TNOM = 27.000000

Using SPARSE 1.3 as Direct Linear Solver

No. of Data Rows : 1
cvcp20k = 3.2702137214e-01
L47B1_CASO d=0.2000
Doing analysis at TEMP = 27.000000 and TNOM = 27.000000

Using SPARSE 1.3 as Direct Linear Solver

Initial Transient Solution
--------------------------

Node                                   Voltage
----                                   -------
vsn                                          0
srcx                              -1.07147e-05
ain                                   -2.48697
gs                                    -3.46616
gp                                    -7.67176
csf                                   -5.55547
cpf                                   -13.7143
cs                                          -6
cp                                         -15
vcp#branch                         1.28566e-05
vcs#branch                         4.44534e-06
vsrc#branch                       -7.14316e-06


No. of Data Rows : 4007
Fourier analysis for v(vsn):
  No. Harmonics: 10, THD: 4.07013e-07 %, Gridsize: 8192, Interpolation Degree: 1, No. Periods: 1

Harmonic Frequency       Magnitude       Phase           Norm. Mag       Norm. Phase    
-------- ---------       ---------       -----           ---------       -----------    
 0       0               -3.44464273e-09 0               0               0              
 1       1000            3.817996866     -3.09504684e-08 1               0              
 2       2000            5.090863297e-09 45.30468012     1.333385929e-09 45.30468015    
 3       3000            4.170210207e-09 94.24882363     1.09225082e-09  94.24882367    
 4       4000            4.773120348e-09 139.8268377     1.250163506e-09 139.8268377    
 5       5000            6.091905888e-09 -159.080373     1.595576451e-09 -159.080373    
 6       6000            6.860925804e-09 -88.9545881     1.796996186e-09 -88.9545881    
 7       7000            6.587408048e-09 -17.3212968     1.725357113e-09 -17.3212967    
 8       8000            5.431986342e-09 49.43586357     1.422732006e-09 49.4358636     
 9       9000            4.278932486e-09 102.4967771     1.120727082e-09 102.4967771    

Fourier analysis for v(ain):
  No. Harmonics: 10, THD: 21.5033 %, Gridsize: 8192, Interpolation Degree: 1, No. Periods: 1

Harmonic Frequency       Magnitude       Phase           Norm. Mag       Norm. Phase    
-------- ---------       ---------       -----           ---------       -----------    
 0       0               -2.29677498     0               0               0              
 1       1000            0.9156527784    0.2256555882    1               0              
 2       2000            0.1247911963    -88.3559193     0.1362865917    -88.5815749    
 3       3000            0.03742917818   175.2794399     0.04087704321   175.0537843    
 4       4000            0.1080931684    -90.6901898     0.1180503909    -90.9158454    
 5       5000            0.09008772647   -0.597641626    0.09838634098   -0.823297214   
 6       6000            0.0412705144    87.5984845      0.04507223194   87.37282891    
 7       7000            0.01187188989   170.3352156     0.01296549322   170.10956      
 8       8000            0.008169446388  -97.3518137     0.00892199159   -97.5774693    
 9       9000            0.009123664544  1.066663126     0.009964109496  0.8410075375   

Doing analysis at TEMP = 27.000000 and TNOM = 27.000000

Using SPARSE 1.3 as Direct Linear Solver

Initial Transient Solution
--------------------------

Node                                   Voltage
----                                   -------
vsn                                          0
srcx                              -1.07147e-05
ain                                   -2.48697
gs                                    -3.46616
gp                                    -7.67176
csf                                   -5.55547
cpf                                   -13.7143
cs                                          -6
cp                                         -15
vcp#branch                         1.28566e-05
vcs#branch                         4.44534e-06
vsrc#branch                       -7.14316e-06


No. of Data Rows : 4001
Fourier analysis for v(vsn):
  No. Harmonics: 10, THD: 5.71643e-08 %, Gridsize: 8192, Interpolation Degree: 1, No. Periods: 1

Harmonic Frequency       Magnitude       Phase           Norm. Mag       Norm. Phase    
-------- ---------       ---------       -----           ---------       -----------    
 0       0               -3.86920787e-10 0               0               0              
 1       20000           3.81799686      -6.776456e-09   1               0              
 2       40000           7.70466137e-10  18.62472923     2.017985255e-10 18.62472923    
 3       60000           7.689115138e-10 73.162113       2.013913426e-10 73.162113      
 4       80000           7.693708683e-10 127.7202438     2.015116556e-10 127.7202438    
 5       100000          7.717980044e-10 -177.804201     2.021473649e-10 -177.804201    
 6       120000          7.741837972e-10 -123.500792     2.027722456e-10 -123.500792    
 7       140000          7.747358164e-10 -69.2920999     2.029168291e-10 -69.2920999    
 8       160000          7.729142596e-10 -15.0330005     2.024397316e-10 -15.0330005    
 9       180000          7.707258224e-10 39.37868565     2.018665417e-10 39.37868566    

Fourier analysis for v(ain):
  No. Harmonics: 10, THD: 23.7252 %, Gridsize: 8192, Interpolation Degree: 1, No. Periods: 1

Harmonic Frequency       Magnitude       Phase           Norm. Mag       Norm. Phase    
-------- ---------       ---------       -----           ---------       -----------    
 0       0               -2.28143967     0               0               0              
 1       20000           0.9052381997    7.479810136     1               0              
 2       40000           0.1612714395    -63.7678903     0.1781535948    -71.2477005    
 3       60000           0.04549569768   115.48303       0.05025826097   108.0032199    
 4       80000           0.09487929281   -86.8640983     0.1048114108    -94.3439084    
 5       100000          0.08011955249   4.951572872     0.08850659695   -2.52823726    
 6       120000          0.03815462246   59.0416118      0.04214871011   51.56180166    
 7       140000          0.03058867862   98.62049635     0.03379075102   91.14068622    
 8       160000          0.0130298236    -172.053975     0.01439380663   -179.533786    
 9       180000          0.008065126512  66.3499009      0.008909397012  58.87009076    

Doing analysis at TEMP = 27.000000 and TNOM = 27.000000

Using SPARSE 1.3 as Direct Linear Solver

No. of Data Rows : 1
h1k = 3.1771577836e-01
Doing analysis at TEMP = 27.000000 and TNOM = 27.000000

Using SPARSE 1.3 as Direct Linear Solver

No. of Data Rows : 1
h20k = 3.2594517499e-01
Doing analysis at TEMP = 27.000000 and TNOM = 27.000000

Using SPARSE 1.3 as Direct Linear Solver

No. of Data Rows : 1
mag(v(ain)) = 3.3639022976e-01
Doing analysis at TEMP = 27.000000 and TNOM = 27.000000

Using SPARSE 1.3 as Direct Linear Solver

No. of Data Rows : 61
zmin = 7.8254346016e+05
Doing analysis at TEMP = 27.000000 and TNOM = 27.000000

Using SPARSE 1.3 as Direct Linear Solver

No. of Data Rows : 1
cvcs1k = 3.1797452424e-01
Doing analysis at TEMP = 27.000000 and TNOM = 27.000000

Using SPARSE 1.3 as Direct Linear Solver

No. of Data Rows : 1
cvcs20k = 3.2581945370e-01
Doing analysis at TEMP = 27.000000 and TNOM = 27.000000

Using SPARSE 1.3 as Direct Linear Solver

No. of Data Rows : 1
cvcp1k = 3.1771673869e-01
Doing analysis at TEMP = 27.000000 and TNOM = 27.000000

Using SPARSE 1.3 as Direct Linear Solver

No. of Data Rows : 1
cvcp20k = 3.2594554967e-01
L47B1_CASO d=0.2250
Doing analysis at TEMP = 27.000000 and TNOM = 27.000000

Using SPARSE 1.3 as Direct Linear Solver

Initial Transient Solution
--------------------------

Node                                   Voltage
----                                   -------
vsn                                          0
srcx                              -5.84941e-06
ain                                   -2.79854
gs                                    -3.89961
gp                                    -7.75475
csf                                   -6.24993
cpf                                   -13.7289
cs                                       -6.75
cp                                         -15
vcp#branch                          1.2711e-05
vcs#branch                         5.00068e-06
vsrc#branch                       -3.89961e-06


No. of Data Rows : 4001
Fourier analysis for v(vsn):
  No. Harmonics: 10, THD: 3.11557e-10 %, Gridsize: 8192, Interpolation Degree: 1, No. Periods: 1

Harmonic Frequency       Magnitude       Phase           Norm. Mag       Norm. Phase    
-------- ---------       ---------       -----           ---------       -----------    
 0       0               -2.07852138e-12 0               0               0              
 1       1000            3.81799686      -6.3321948e-11  1               0              
 2       2000            4.221616515e-12 -89.0887642     1.105715031e-12 -89.0887642    
 3       3000            4.221739772e-12 -89.60848       1.105747314e-12 -89.60848      
 4       4000            4.198778126e-12 -89.5695478     1.099733258e-12 -89.5695478    
 5       5000            4.209755531e-12 -89.9524188     1.102608432e-12 -89.9524188    
 6       6000            4.167310553e-12 -89.5090152     1.091491352e-12 -89.5090152    
 7       7000            4.169771315e-12 -88.187716      1.092135868e-12 -88.187716     
 8       8000            4.254055161e-12 -88.6573882     1.114211278e-12 -88.6573882    
 9       9000            4.201129678e-12 -89.2031722     1.100349171e-12 -89.2031722    

Fourier analysis for v(ain):
  No. Harmonics: 10, THD: 50.3027 %, Gridsize: 8192, Interpolation Degree: 1, No. Periods: 1

Harmonic Frequency       Magnitude       Phase           Norm. Mag       Norm. Phase    
-------- ---------       ---------       -----           ---------       -----------    
 0       0               -2.48629607     0               0               0              
 1       1000            0.5110177606    0.2840695325    1               0              
 2       2000            0.2493653889    -89.4743137     0.4879779298    -89.7583833    
 3       3000            0.03236936336   -179.359418     0.0633429322    -179.643488    
 4       4000            0.04468688111   -88.7796864     0.08744682583   -89.063756     
 5       5000            0.01848023316   -178.496181     0.03616358293   -178.780251    
 6       6000            0.01567680794   -88.2034559     0.03067761856   -88.4875254    
 7       7000            0.01224791001   -177.770606     0.02396767971   -178.054675    
 8       8000            0.006212323528  -87.7690824     0.01215676637   -88.0531519    
 9       9000            0.00859540798   -177.100858     0.01682017465   -177.384927    

Doing analysis at TEMP = 27.000000 and TNOM = 27.000000

Using SPARSE 1.3 as Direct Linear Solver

Initial Transient Solution
--------------------------

Node                                   Voltage
----                                   -------
vsn                                          0
srcx                              -5.84941e-06
ain                                   -2.79854
gs                                    -3.89961
gp                                    -7.75475
csf                                   -6.24993
cpf                                   -13.7289
cs                                       -6.75
cp                                         -15
vcp#branch                          1.2711e-05
vcs#branch                         5.00068e-06
vsrc#branch                       -3.89961e-06


No. of Data Rows : 4001
Fourier analysis for v(vsn):
  No. Harmonics: 10, THD: 1.83239e-10 %, Gridsize: 8192, Interpolation Degree: 1, No. Periods: 1

Harmonic Frequency       Magnitude       Phase           Norm. Mag       Norm. Phase    
-------- ---------       ---------       -----           ---------       -----------    
 0       0               -1.22047511e-12 0               0               0              
 1       20000           3.81799686      -3.74644408e-11 1               0              
 2       40000           2.441485255e-12 -87.6909717     6.394675912e-13 -87.6909717    
 3       60000           2.482056324e-12 -88.0223523     6.50093862e-13  -88.0223523    
 4       80000           2.495568762e-12 -90.579458      6.536330055e-13 -90.579458     
 5       100000          2.488585988e-12 -87.9105573     6.51804095e-13  -87.9105573    
 6       120000          2.563165169e-12 -87.4528109     6.713376838e-13 -87.4528109    
 7       140000          2.462392976e-12 -88.6343298     6.449436882e-13 -88.6343298    
 8       160000          2.443844329e-12 -90.6396608     6.400854739e-13 -90.6396608    
 9       180000          2.407716348e-12 -87.4077148     6.306229252e-13 -87.4077148    

Fourier analysis for v(ain):
  No. Harmonics: 10, THD: 52.1722 %, Gridsize: 8192, Interpolation Degree: 1, No. Periods: 1

Harmonic Frequency       Magnitude       Phase           Norm. Mag       Norm. Phase    
-------- ---------       ---------       -----           ---------       -----------    
 0       0               -2.48659698     0               0               0              
 1       20000           0.5205415964    7.872344622     1               0              
 2       40000           0.2610004174    -75.5180112     0.501401654     -83.3903558    
 3       60000           0.03468639157   -158.196456     0.06663519651   -166.068801    
 4       80000           0.05295093482   -62.7945991     0.1017227733    -70.6669437    
 5       100000          0.02416371815   -144.3661       0.0464203405    -152.238444    
 6       120000          0.02043292398   -56.9686321     0.03925320112   -64.8409768    
 7       140000          0.01867529887   -137.83876      0.03587666962   -145.711104    
 8       160000          0.00810265643   -56.8795364     0.0155658193    -64.7518811    
 9       180000          0.01451003049   -134.367428     0.02787487223   -142.239773    

Doing analysis at TEMP = 27.000000 and TNOM = 27.000000

Using SPARSE 1.3 as Direct Linear Solver

No. of Data Rows : 1
h1k = 2.1024004580e-03
Doing analysis at TEMP = 27.000000 and TNOM = 27.000000

Using SPARSE 1.3 as Direct Linear Solver

No. of Data Rows : 1
h20k = 2.5498214658e-03
Doing analysis at TEMP = 27.000000 and TNOM = 27.000000

Using SPARSE 1.3 as Direct Linear Solver

No. of Data Rows : 1
mag(v(ain)) = 2.2247023148e-03
Doing analysis at TEMP = 27.000000 and TNOM = 27.000000

Using SPARSE 1.3 as Direct Linear Solver

No. of Data Rows : 61
zmin = 1.2872616205e+06
Doing analysis at TEMP = 27.000000 and TNOM = 27.000000

Using SPARSE 1.3 as Direct Linear Solver

No. of Data Rows : 1
cvcs1k = 2.1041489501e-03
Doing analysis at TEMP = 27.000000 and TNOM = 27.000000

Using SPARSE 1.3 as Direct Linear Solver

No. of Data Rows : 1
cvcs20k = 2.5488745552e-03
Doing analysis at TEMP = 27.000000 and TNOM = 27.000000

Using SPARSE 1.3 as Direct Linear Solver

No. of Data Rows : 1
cvcp1k = 1.0819552004e-02
Doing analysis at TEMP = 27.000000 and TNOM = 27.000000

Using SPARSE 1.3 as Direct Linear Solver

No. of Data Rows : 1
cvcp20k = 2.2262427900e-03
L47B1_CASO d=0.2500
Doing analysis at TEMP = 27.000000 and TNOM = 27.000000

Using SPARSE 1.3 as Direct Linear Solver

Initial Transient Solution
--------------------------

Node                                   Voltage
----                                   -------
vsn                                          0
srcx                              -6.37634e-06
ain                                    -2.8016
gs                                    -4.25089
gp                                    -7.75556
csf                                   -6.92998
cpf                                    -13.729
cs                                        -7.5
cp                                         -15
vcp#branch                         1.27095e-05
vcs#branch                         5.70019e-06
vsrc#branch                       -4.25089e-06

 Reference value :  3.10949e-03
No. of Data Rows : 4001
Fourier analysis for v(vsn):
  No. Harmonics: 10, THD: 2.82731e-10 %, Gridsize: 8192, Interpolation Degree: 1, No. Periods: 1

Harmonic Frequency       Magnitude       Phase           Norm. Mag       Norm. Phase    
-------- ---------       ---------       -----           ---------       -----------    
 0       0               -1.9316302e-12  0               0               0              
 1       1000            3.81799686      -5.71292822e-11 1               0              
 2       2000            3.78999747e-12  -89.3530042     9.926664711e-13 -89.3530042    
 3       3000            3.813681569e-12 -88.8950345     9.988697501e-13 -88.8950345    
 4       4000            3.827166506e-12 -89.6222081     1.00240169e-12  -89.6222081    
 5       5000            3.825410275e-12 -89.7155124     1.001941703e-12 -89.7155124    
 6       6000            3.787246203e-12 -89.9732451     9.919458664e-13 -89.9732451    
 7       7000            3.804599349e-12 -90.0093254     9.964909582e-13 -90.0093254    
 8       8000            3.8447075e-12   -89.3089697     1.006995983e-12 -89.3089697    
 9       9000            3.838638686e-12 -88.6054664     1.005406455e-12 -88.6054664    

Fourier analysis for v(ain):
  No. Harmonics: 10, THD: 78.3042 %, Gridsize: 8192, Interpolation Degree: 1, No. Periods: 1

Harmonic Frequency       Magnitude       Phase           Norm. Mag       Norm. Phase    
-------- ---------       ---------       -----           ---------       -----------    
 0       0               -2.67199207     0               0               0              
 1       1000            0.2375374692    0.2801262558    1               0              
 2       2000            0.163351432     -89.51344       0.6876870102    -89.7935662    
 3       3000            0.08286525412   -179.239836     0.3488512966    -179.519962    
 4       4000            0.01791007573   91.06725273     0.07539894987   90.78712648    
 5       5000            0.0154042997    -178.654217     0.06484997822   -178.934343    
 6       6000            0.01877733794   91.66658544     0.07905000421   91.38645919    
 7       7000            0.006606453083  1.9994589       0.02781225676   1.719332644    
 8       8000            0.005147091145  92.12751456     0.02166854418   91.8473883     
 9       9000            0.008096412954  2.434443212     0.03408478242   2.154316956    

Doing analysis at TEMP = 27.000000 and TNOM = 27.000000

Using SPARSE 1.3 as Direct Linear Solver

Initial Transient Solution
--------------------------

Node                                   Voltage
----                                   -------
vsn                                          0
srcx                              -6.37634e-06
ain                                    -2.8016
gs                                    -4.25089
gp                                    -7.75556
csf                                   -6.92998
cpf                                    -13.729
cs                                        -7.5
cp                                         -15
vcp#branch                         1.27095e-05
vcs#branch                         5.70019e-06
vsrc#branch                       -4.25089e-06


No. of Data Rows : 4001
Fourier analysis for v(vsn):
  No. Harmonics: 10, THD: 1.83239e-10 %, Gridsize: 8192, Interpolation Degree: 1, No. Periods: 1

Harmonic Frequency       Magnitude       Phase           Norm. Mag       Norm. Phase    
-------- ---------       ---------       -----           ---------       -----------    
 0       0               -1.22047511e-12 0               0               0              
 1       20000           3.81799686      -3.74644408e-11 1               0              
 2       40000           2.441485255e-12 -87.6909717     6.394675912e-13 -87.6909717    
 3       60000           2.482056324e-12 -88.0223523     6.50093862e-13  -88.0223523    
 4       80000           2.495568762e-12 -90.579458      6.536330055e-13 -90.579458     
 5       100000          2.488585988e-12 -87.9105573     6.51804095e-13  -87.9105573    
 6       120000          2.563165169e-12 -87.4528109     6.713376838e-13 -87.4528109    
 7       140000          2.462392976e-12 -88.6343298     6.449436882e-13 -88.6343298    
 8       160000          2.443844329e-12 -90.6396608     6.400854739e-13 -90.6396608    
 9       180000          2.407716348e-12 -87.4077148     6.306229252e-13 -87.4077148    

Fourier analysis for v(ain):
  No. Harmonics: 10, THD: 82.3032 %, Gridsize: 8192, Interpolation Degree: 1, No. Periods: 1

Harmonic Frequency       Magnitude       Phase           Norm. Mag       Norm. Phase    
-------- ---------       ---------       -----           ---------       -----------    
 0       0               -2.67232373     0               0               0              
 1       20000           0.241746229     7.620203345     1               0              
 2       40000           0.1714801481    -77.0787282     0.7093394955    -84.6989316    
 3       60000           0.09153233394   -160.86501      0.3786298315    -168.485214    
 4       80000           0.02178397527   117.8387907     0.09011092071   110.2185874    
 5       100000          0.01861701225   -156.821865     0.07701055908   -164.442069    
 6       120000          0.02548371884   120.6010656     0.1054151659    112.9808623    
 7       140000          0.01102194399   39.64607327     0.04559303382   32.02586993    
 8       160000          0.006509709581  112.8432199     0.02692786402   105.2230165    
 9       180000          0.01299841647   34.797916       0.05376884897   27.17771266    

Doing analysis at TEMP = 27.000000 and TNOM = 27.000000

Using SPARSE 1.3 as Direct Linear Solver

No. of Data Rows : 1
h1k = 2.0017958880e-03
Doing analysis at TEMP = 27.000000 and TNOM = 27.000000

Using SPARSE 1.3 as Direct Linear Solver

No. of Data Rows : 1
h20k = 2.3850043007e-03
Doing analysis at TEMP = 27.000000 and TNOM = 27.000000

Using SPARSE 1.3 as Direct Linear Solver

No. of Data Rows : 1
mag(v(ain)) = 2.1183912001e-03
Doing analysis at TEMP = 27.000000 and TNOM = 27.000000

Using SPARSE 1.3 as Direct Linear Solver

No. of Data Rows : 61
zmin = 1.2895837748e+06
Doing analysis at TEMP = 27.000000 and TNOM = 27.000000

Using SPARSE 1.3 as Direct Linear Solver

No. of Data Rows : 1
cvcs1k = 2.0034854368e-03
Doing analysis at TEMP = 27.000000 and TNOM = 27.000000

Using SPARSE 1.3 as Direct Linear Solver

No. of Data Rows : 1
cvcs20k = 2.3841438374e-03
Doing analysis at TEMP = 27.000000 and TNOM = 27.000000

Using SPARSE 1.3 as Direct Linear Solver

No. of Data Rows : 1
cvcp1k = 1.0813895480e-02
Doing analysis at TEMP = 27.000000 and TNOM = 27.000000

Using SPARSE 1.3 as Direct Linear Solver

No. of Data Rows : 1
cvcp20k = 2.0753206684e-03
L47B1_CASO d=0.2750
Doing analysis at TEMP = 27.000000 and TNOM = 27.000000

Using SPARSE 1.3 as Direct Linear Solver

Initial Transient Solution
--------------------------

Node                                   Voltage
----                                   -------
vsn                                          0
srcx                              -6.90321e-06
ain                                   -2.80452
gs                                    -4.60214
gp                                    -7.75634
csf                                   -7.61002
cpf                                   -13.7292
cs                                       -8.25
cp                                         -15
vcp#branch                         1.27082e-05
vcs#branch                         6.39976e-06
vsrc#branch                       -4.60214e-06


No. of Data Rows : 4001
Fourier analysis for v(vsn):
  No. Harmonics: 10, THD: 1.67321e-10 %, Gridsize: 8192, Interpolation Degree: 1, No. Periods: 1

Harmonic Frequency       Magnitude       Phase           Norm. Mag       Norm. Phase    
-------- ---------       ---------       -----           ---------       -----------    
 0       0               -1.08553097e-12 0               0               0              
 1       1000            3.81799686      -3.39225111e-11 1               0              
 2       2000            2.2750362e-12   -89.5701865     5.958716791e-13 -89.5701865    
 3       3000            2.215794095e-12 -89.0683282     5.803551383e-13 -89.0683282    
 4       4000            2.339922888e-12 -89.3381382     6.128666349e-13 -89.3381382    
 5       5000            2.258788705e-12 -89.6223953     5.916161768e-13 -89.6223953    
 6       6000            2.166392353e-12 -88.3395849     5.674159598e-13 -88.3395849    
 7       7000            2.267121946e-12 -88.2389837     5.93798798e-13  -88.2389837    
 8       8000            2.278251412e-12 -87.8835125     5.967137994e-13 -87.8835125    
 9       9000            2.263680603e-12 -87.2110634     5.928974503e-13 -87.2110634    

Fourier analysis for v(ain):
  No. Harmonics: 10, THD: 124.893 %, Gridsize: 8192, Interpolation Degree: 1, No. Periods: 1

Harmonic Frequency       Magnitude       Phase           Norm. Mag       Norm. Phase    
-------- ---------       ---------       -----           ---------       -----------    
 0       0               -2.79022573     0               0               0              
 1       1000            0.03451911663   0.539658747     1               0              
 2       2000            0.02548263627   -89.5648717     0.7382180877    -90.1045304    
 3       3000            0.02231870036   -179.356307     0.6465605886    -179.895965    
 4       4000            0.01857438876   90.87008726     0.5380899216    90.33042851    
 5       5000            0.01443953587   1.10315743      0.4183054863    0.5634986825   
 6       6000            0.01028075047   -88.6429314     0.2978277394    -89.1825902    
 7       7000            0.006435366691  -178.320165     0.1864290666    -178.859824    
 8       8000            0.003173451571  92.16636039     0.09193316286   91.62670165    
 9       9000            0.0006737439321 3.985379493     0.01951799461   3.445720746    

Doing analysis at TEMP = 27.000000 and TNOM = 27.000000

Using SPARSE 1.3 as Direct Linear Solver

Initial Transient Solution
--------------------------

Node                                   Voltage
----                                   -------
vsn                                          0
srcx                              -6.90321e-06
ain                                   -2.80452
gs                                    -4.60214
gp                                    -7.75634
csf                                   -7.61002
cpf                                   -13.7292
cs                                       -8.25
cp                                         -15
vcp#branch                         1.27082e-05
vcs#branch                         6.39976e-06
vsrc#branch                       -4.60214e-06


No. of Data Rows : 4001
Fourier analysis for v(vsn):
  No. Harmonics: 10, THD: 1.83239e-10 %, Gridsize: 8192, Interpolation Degree: 1, No. Periods: 1

Harmonic Frequency       Magnitude       Phase           Norm. Mag       Norm. Phase    
-------- ---------       ---------       -----           ---------       -----------    
 0       0               -1.22047511e-12 0               0               0              
 1       20000           3.81799686      -3.74644408e-11 1               0              
 2       40000           2.441485255e-12 -87.6909717     6.394675912e-13 -87.6909717    
 3       60000           2.482056324e-12 -88.0223523     6.50093862e-13  -88.0223523    
 4       80000           2.495568762e-12 -90.579458      6.536330055e-13 -90.579458     
 5       100000          2.488585988e-12 -87.9105573     6.51804095e-13  -87.9105573    
 6       120000          2.563165169e-12 -87.4528109     6.713376838e-13 -87.4528109    
 7       140000          2.462392976e-12 -88.6343298     6.449436882e-13 -88.6343298    
 8       160000          2.443844329e-12 -90.6396608     6.400854739e-13 -90.6396608    
 9       180000          2.407716348e-12 -87.4077148     6.306229252e-13 -87.4077148    

Fourier analysis for v(ain):
  No. Harmonics: 10, THD: 140.014 %, Gridsize: 8192, Interpolation Degree: 1, No. Periods: 1

Harmonic Frequency       Magnitude       Phase           Norm. Mag       Norm. Phase    
-------- ---------       ---------       -----           ---------       -----------    
 0       0               -2.79053589     0               0               0              
 1       20000           0.0346890062    12.5839327      1               0              
 2       40000           0.02616656277   -79.4522947     0.7543186051    -92.0362274    
 3       60000           0.02397677096   -165.477583     0.6911922129    -178.061515    
 4       80000           0.02126058532   108.1537733     0.612891162     95.56984063    
 5       100000          0.01784795358   21.53539659     0.5145132575    8.951463884    
 6       120000          0.01392456031   -65.413146      0.4014113357    -77.9970787    
 7       140000          0.009790258309  -152.224775     0.282229426     -164.808707    
 8       160000          0.005800300533  122.2708414     0.1672086107    109.6869087    
 9       180000          0.002338225317  44.44931767     0.06740537056   31.86538497    

Doing analysis at TEMP = 27.000000 and TNOM = 27.000000

Using SPARSE 1.3 as Direct Linear Solver

No. of Data Rows : 1
h1k = 1.9143774383e-03
Doing analysis at TEMP = 27.000000 and TNOM = 27.000000

Using SPARSE 1.3 as Direct Linear Solver

No. of Data Rows : 1
h20k = 2.2478191433e-03
Doing analysis at TEMP = 27.000000 and TNOM = 27.000000

Using SPARSE 1.3 as Direct Linear Solver

No. of Data Rows : 1
mag(v(ain)) = 2.0259921262e-03
Doing analysis at TEMP = 27.000000 and TNOM = 27.000000

Using SPARSE 1.3 as Direct Linear Solver

No. of Data Rows : 61
zmin = 1.2915636595e+06
Doing analysis at TEMP = 27.000000 and TNOM = 27.000000

Using SPARSE 1.3 as Direct Linear Solver

No. of Data Rows : 1
cvcs1k = 1.9160147562e-03
Doing analysis at TEMP = 27.000000 and TNOM = 27.000000

Using SPARSE 1.3 as Direct Linear Solver

No. of Data Rows : 1
cvcs20k = 2.2470300575e-03
Doing analysis at TEMP = 27.000000 and TNOM = 27.000000

Using SPARSE 1.3 as Direct Linear Solver

No. of Data Rows : 1
cvcp1k = 1.0809372622e-02
Doing analysis at TEMP = 27.000000 and TNOM = 27.000000

Using SPARSE 1.3 as Direct Linear Solver

No. of Data Rows : 1
cvcp20k = 1.9509782615e-03
L47B1_CASO d=0.3000
Doing analysis at TEMP = 27.000000 and TNOM = 27.000000

Using SPARSE 1.3 as Direct Linear Solver

Initial Transient Solution
--------------------------

Node                                   Voltage
----                                   -------
vsn                                          0
srcx                              -7.43002e-06
ain                                   -2.80732
gs                                    -4.95335
gp                                    -7.75709
csf                                   -8.29006
cpf                                   -13.7293
cs                                          -9
cp                                         -15
vcp#branch                         1.27069e-05
vcs#branch                         7.09938e-06
vsrc#branch                       -4.95335e-06


No. of Data Rows : 4001
Fourier analysis for v(vsn):
  No. Harmonics: 10, THD: 1.77304e-10 %, Gridsize: 8192, Interpolation Degree: 1, No. Periods: 1

Harmonic Frequency       Magnitude       Phase           Norm. Mag       Norm. Phase    
-------- ---------       ---------       -----           ---------       -----------    
 0       0               -1.18392969e-12 0               0               0              
 1       1000            3.81799686      -3.6178549e-11  1               0              
 2       2000            2.412371433e-12 -88.3011873     6.318421732e-13 -88.3011873    
 3       3000            2.366092305e-12 -88.8461491     6.197208619e-13 -88.8461491    
 4       4000            2.401414646e-12 -90.4355515     6.289723995e-13 -90.4355515    
 5       5000            2.381601284e-12 -88.799445      6.237829341e-13 -88.799445     
 6       6000            2.380746029e-12 -88.7201092     6.23558928e-13  -88.7201092    
 7       7000            2.417524714e-12 -88.4777489     6.331919073e-13 -88.4777489    
 8       8000            2.382270828e-12 -87.3494301     6.239582994e-13 -87.3494301    
 9       9000            2.404401009e-12 -88.5817901     6.2975458e-13   -88.5817901    

Fourier analysis for v(ain):
  No. Harmonics: 10, THD: 2.63378 %, Gridsize: 8192, Interpolation Degree: 1, No. Periods: 1

Harmonic Frequency       Magnitude       Phase           Norm. Mag       Norm. Phase    
-------- ---------       ---------       -----           ---------       -----------    
 0       0               -2.80712374     0               0               0              
 1       1000            0.007045572743  1.791235967     1               0              
 2       2000            0.0001852894721 -85.4787726     0.02629870968   -87.2700086    
 3       3000            1.008970877e-05 -161.350052     0.001432063671  -163.141288    
 4       4000            6.447526724e-07 90.43554479     9.15117473e-05  88.64430882    
 5       5000            1.164445972e-07 37.56783226     1.652734297e-05 35.77659629    
 6       6000            3.486272813e-08 -8.29338355     4.948175174e-06 -10.0846195    
 7       7000            3.405867141e-08 -4.82664797     4.834052908e-06 -6.61788394    
 8       8000            3.02439602e-08  -0.517312994    4.292619111e-06 -2.30854896    
 9       9000            2.653651707e-08 -0.301490731    3.766410203e-06 -2.0927267     

Doing analysis at TEMP = 27.000000 and TNOM = 27.000000

Using SPARSE 1.3 as Direct Linear Solver

Initial Transient Solution
--------------------------

Node                                   Voltage
----                                   -------
vsn                                          0
srcx                              -7.43002e-06
ain                                   -2.80732
gs                                    -4.95335
gp                                    -7.75709
csf                                   -8.29006
cpf                                   -13.7293
cs                                          -9
cp                                         -15
vcp#branch                         1.27069e-05
vcs#branch                         7.09938e-06
vsrc#branch                       -4.95335e-06


No. of Data Rows : 4001
Fourier analysis for v(vsn):
  No. Harmonics: 10, THD: 1.83239e-10 %, Gridsize: 8192, Interpolation Degree: 1, No. Periods: 1

Harmonic Frequency       Magnitude       Phase           Norm. Mag       Norm. Phase    
-------- ---------       ---------       -----           ---------       -----------    
 0       0               -1.22047511e-12 0               0               0              
 1       20000           3.81799686      -3.74644408e-11 1               0              
 2       40000           2.441485255e-12 -87.6909717     6.394675912e-13 -87.6909717    
 3       60000           2.482056324e-12 -88.0223523     6.50093862e-13  -88.0223523    
 4       80000           2.495568762e-12 -90.579458      6.536330055e-13 -90.579458     
 5       100000          2.488585988e-12 -87.9105573     6.51804095e-13  -87.9105573    
 6       120000          2.563165169e-12 -87.4528109     6.713376838e-13 -87.4528109    
 7       140000          2.462392976e-12 -88.6343298     6.449436882e-13 -88.6343298    
 8       160000          2.443844329e-12 -90.6396608     6.400854739e-13 -90.6396608    
 9       180000          2.407716348e-12 -87.4077148     6.306229252e-13 -87.4077148    

Fourier analysis for v(ain):
  No. Harmonics: 10, THD: 4.24169 %, Gridsize: 8192, Interpolation Degree: 1, No. Periods: 1

Harmonic Frequency       Magnitude       Phase           Norm. Mag       Norm. Phase    
-------- ---------       ---------       -----           ---------       -----------    
 0       0               -2.80707387     0               0               0              
 1       20000           0.0082072463    35.38753646     1               0              
 2       40000           0.0003411147764 -37.5762769     0.04156263428   -72.9638134    
 3       60000           6.940181811e-05 -83.9917013     0.008456163685  -119.379238    
 4       80000           3.447005862e-06 33.73911233     0.0004199954206 -1.64842413    
 5       100000          1.884850944e-06 98.64483829     0.0002296569245 63.25730183    
 6       120000          3.394558924e-07 174.3302461     4.136050997e-05 138.9427096    
 7       140000          7.702731925e-08 -103.845772     9.385281791e-06 -139.233308    
 8       160000          1.588260718e-08 -29.9072068     1.935193194e-06 -65.2947432    
 9       180000          2.898907283e-09 71.02887001     3.532131457e-07 35.64133355    

Doing analysis at TEMP = 27.000000 and TNOM = 27.000000

Using SPARSE 1.3 as Direct Linear Solver

No. of Data Rows : 1
h1k = 1.8374943996e-03
Doing analysis at TEMP = 27.000000 and TNOM = 27.000000

Using SPARSE 1.3 as Direct Linear Solver

No. of Data Rows : 1
h20k = 2.1313997034e-03
Doing analysis at TEMP = 27.000000 and TNOM = 27.000000

Using SPARSE 1.3 as Direct Linear Solver

No. of Data Rows : 1
mag(v(ain)) = 1.9447136250e-03
Doing analysis at TEMP = 27.000000 and TNOM = 27.000000

Using SPARSE 1.3 as Direct Linear Solver

No. of Data Rows : 61
zmin = 1.2932790908e+06
Doing analysis at TEMP = 27.000000 and TNOM = 27.000000

Using SPARSE 1.3 as Direct Linear Solver

No. of Data Rows : 1
cvcs1k = 1.8390849178e-03
Doing analysis at TEMP = 27.000000 and TNOM = 27.000000

Using SPARSE 1.3 as Direct Linear Solver

No. of Data Rows : 1
cvcs20k = 2.1306706587e-03
Doing analysis at TEMP = 27.000000 and TNOM = 27.000000

Using SPARSE 1.3 as Direct Linear Solver

No. of Data Rows : 1
cvcp1k = 1.0805711766e-02
Doing analysis at TEMP = 27.000000 and TNOM = 27.000000

Using SPARSE 1.3 as Direct Linear Solver

No. of Data Rows : 1
cvcp20k = 1.8464882103e-03
L47B1_CASO d=0.3250
Doing analysis at TEMP = 27.000000 and TNOM = 27.000000

Using SPARSE 1.3 as Direct Linear Solver

Initial Transient Solution
--------------------------

Node                                   Voltage
----                                   -------
vsn                                          0
srcx                               -7.9568e-06
ain                                   -2.81001
gs                                    -5.30454
gp                                     -7.7578
csf                                   -8.97009
cpf                                   -13.7294
cs                                       -9.75
cp                                         -15
vcp#branch                         1.27056e-05
vcs#branch                         7.79906e-06
vsrc#branch                       -5.30453e-06


No. of Data Rows : 4001
Fourier analysis for v(vsn):
  No. Harmonics: 10, THD: 1.795e-10 %, Gridsize: 8192, Interpolation Degree: 1, No. Periods: 1

Harmonic Frequency       Magnitude       Phase           Norm. Mag       Norm. Phase    
-------- ---------       ---------       -----           ---------       -----------    
 0       0               -1.2307308e-12  0               0               0              
 1       1000            3.81799686      -3.65192017e-11 1               0              
 2       2000            2.418820806e-12 -88.9465292     6.335313764e-13 -88.9465292    
 3       3000            2.443895221e-12 -88.9183988     6.400988032e-13 -88.9183988    
 4       4000            2.428207364e-12 -89.3736275     6.359898799e-13 -89.3736275    
 5       5000            2.392175635e-12 -88.85747       6.265525412e-13 -88.85747      
 6       6000            2.390738728e-12 -89.3813356     6.261761902e-13 -89.3813356    
 7       7000            2.453866831e-12 -89.3132562     6.427105419e-13 -89.3132562    
 8       8000            2.458625044e-12 -87.9643919     6.43956801e-13  -87.9643919    
 9       9000            2.396678664e-12 -87.3258947     6.277319632e-13 -87.3258947    

Fourier analysis for v(ain):
  No. Harmonics: 10, THD: 2.43685 %, Gridsize: 8192, Interpolation Degree: 1, No. Periods: 1

Harmonic Frequency       Magnitude       Phase           Norm. Mag       Norm. Phase    
-------- ---------       ---------       -----           ---------       -----------    
 0       0               -2.80983594     0               0               0              
 1       1000            0.006779632519  1.722095745     1               0              
 2       2000            0.0001650013529 -85.7812563     0.02433780186   -87.5033521    
 3       3000            8.27342965e-06  -162.01404      0.001220336003  -163.736136    
 4       4000            4.92521356e-07  86.53290291     7.264720538e-05 84.81080717    
 5       5000            9.351656635e-08 32.01413984     1.379375152e-05 30.2920441     
 6       6000            3.602369187e-08 -5.45305989     5.313516886e-06 -7.17515564    
 7       7000            3.419897672e-08 -3.23033881     5.044370271e-06 -4.95243455    
 8       8000            3.022837752e-08 -0.475100255    4.458704426e-06 -2.197196      
 9       9000            2.664651095e-08 -0.306823501    3.930376886e-06 -2.02891925    

Doing analysis at TEMP = 27.000000 and TNOM = 27.000000

Using SPARSE 1.3 as Direct Linear Solver

Initial Transient Solution
--------------------------

Node                                   Voltage
----                                   -------
vsn                                          0
srcx                               -7.9568e-06
ain                                   -2.81001
gs                                    -5.30454
gp                                     -7.7578
csf                                   -8.97009
cpf                                   -13.7294
cs                                       -9.75
cp                                         -15
vcp#branch                         1.27056e-05
vcs#branch                         7.79906e-06
vsrc#branch                       -5.30453e-06


No. of Data Rows : 4001
Fourier analysis for v(vsn):
  No. Harmonics: 10, THD: 1.83239e-10 %, Gridsize: 8192, Interpolation Degree: 1, No. Periods: 1

Harmonic Frequency       Magnitude       Phase           Norm. Mag       Norm. Phase    
-------- ---------       ---------       -----           ---------       -----------    
 0       0               -1.22047511e-12 0               0               0              
 1       20000           3.81799686      -3.74644408e-11 1               0              
 2       40000           2.441485255e-12 -87.6909717     6.394675912e-13 -87.6909717    
 3       60000           2.482056324e-12 -88.0223523     6.50093862e-13  -88.0223523    
 4       80000           2.495568762e-12 -90.579458      6.536330055e-13 -90.579458     
 5       100000          2.488585988e-12 -87.9105573     6.51804095e-13  -87.9105573    
 6       120000          2.563165169e-12 -87.4528109     6.713376838e-13 -87.4528109    
 7       140000          2.462392976e-12 -88.6343298     6.449436882e-13 -88.6343298    
 8       160000          2.443844329e-12 -90.6396608     6.400854739e-13 -90.6396608    
 9       180000          2.407716348e-12 -87.4077148     6.306229252e-13 -87.4077148    

Fourier analysis for v(ain):
  No. Harmonics: 10, THD: 3.79933 %, Gridsize: 8192, Interpolation Degree: 1, No. Periods: 1

Harmonic Frequency       Magnitude       Phase           Norm. Mag       Norm. Phase    
-------- ---------       ---------       -----           ---------       -----------    
 0       0               -2.80979717     0               0               0              
 1       20000           0.007809167219  34.37268916     1               0              
 2       40000           0.000291432902  -39.0050714     0.03731933173   -73.3777605    
 3       60000           5.554751582e-05 -83.576928      0.007113116452  -117.949617    
 4       80000           2.832167818e-06 33.37167969     0.0003626721952 -1.00100947    
 5       100000          1.374857169e-06 99.50312204     0.0001760568227 65.13043288    
 6       120000          2.363141252e-07 176.2898437     3.026111729e-05 141.9171546    
 7       140000          5.121555967e-08 -102.785071     6.55838942e-06  -137.15776     
 8       160000          9.55795083e-09  -28.7207687     1.223939834e-06 -63.0934578    
 9       180000          1.682844564e-09 84.63503551     2.154960339e-07 50.26234635    

Doing analysis at TEMP = 27.000000 and TNOM = 27.000000

Using SPARSE 1.3 as Direct Linear Solver

No. of Data Rows : 1
h1k = 1.7691869720e-03
Doing analysis at TEMP = 27.000000 and TNOM = 27.000000

Using SPARSE 1.3 as Direct Linear Solver

No. of Data Rows : 1
h20k = 2.0310393054e-03
Doing analysis at TEMP = 27.000000 and TNOM = 27.000000

Using SPARSE 1.3 as Direct Linear Solver

No. of Data Rows : 1
mag(v(ain)) = 1.8724902638e-03
Doing analysis at TEMP = 27.000000 and TNOM = 27.000000

Using SPARSE 1.3 as Direct Linear Solver

No. of Data Rows : 61
zmin = 1.2947842168e+06
Doing analysis at TEMP = 27.000000 and TNOM = 27.000000

Using SPARSE 1.3 as Direct Linear Solver

No. of Data Rows : 1
cvcs1k = 1.7707351701e-03
Doing analysis at TEMP = 27.000000 and TNOM = 27.000000

Using SPARSE 1.3 as Direct Linear Solver

No. of Data Rows : 1
cvcs20k = 2.0303615364e-03
Doing analysis at TEMP = 27.000000 and TNOM = 27.000000

Using SPARSE 1.3 as Direct Linear Solver

No. of Data Rows : 1
cvcp1k = 1.0802717102e-02
Doing analysis at TEMP = 27.000000 and TNOM = 27.000000

Using SPARSE 1.3 as Direct Linear Solver

No. of Data Rows : 1
cvcp20k = 1.7572591401e-03
L47B1_CASO d=0.3500
Doing analysis at TEMP = 27.000000 and TNOM = 27.000000

Using SPARSE 1.3 as Direct Linear Solver

Initial Transient Solution
--------------------------

Node                                   Voltage
----                                   -------
vsn                                          0
srcx                              -8.48354e-06
ain                                   -2.81261
gs                                    -5.65569
gp                                    -7.75849
csf                                   -9.65012
cpf                                   -13.7296
cs                                       -10.5
cp                                         -15
vcp#branch                         1.27044e-05
vcs#branch                         8.49878e-06
vsrc#branch                       -5.65569e-06


No. of Data Rows : 4001
Fourier analysis for v(vsn):
  No. Harmonics: 10, THD: 1.7285e-10 %, Gridsize: 8192, Interpolation Degree: 1, No. Periods: 1

Harmonic Frequency       Magnitude       Phase           Norm. Mag       Norm. Phase    
-------- ---------       ---------       -----           ---------       -----------    
 0       0               -1.17204857e-12 0               0               0              
 1       1000            3.81799686      -3.52490624e-11 1               0              
 2       2000            2.327956404e-12 -89.5594022     6.097324041e-13 -89.5594022    
 3       3000            2.331684215e-12 -89.3935585     6.107087827e-13 -89.3935585    
 4       4000            2.353923806e-12 -88.7749504     6.165337198e-13 -88.7749504    
 5       5000            2.306042038e-12 -88.4150519     6.039926492e-13 -88.4150519    
 6       6000            2.319860124e-12 -88.942652      6.07611847e-13  -88.942652     
 7       7000            2.372403291e-12 -88.396904      6.213738195e-13 -88.396904     
 8       8000            2.318240785e-12 -86.9381353     6.071877138e-13 -86.9381353    
 9       9000            2.335127348e-12 -87.9350819     6.116105993e-13 -87.9350819    

Fourier analysis for v(ain):
  No. Harmonics: 10, THD: 2.26763 %, Gridsize: 8192, Interpolation Degree: 1, No. Periods: 1

Harmonic Frequency       Magnitude       Phase           Norm. Mag       Norm. Phase    
-------- ---------       ---------       -----           ---------       -----------    
 0       0               -2.81244823     0               0               0              
 1       1000            0.006541937465  1.661327008     1               0              
 2       2000            0.0001481863246 -86.0354746     0.02265174887   -87.6968016    
 3       3000            6.884132737e-06 -162.570377     0.00105230794   -164.231704    
 4       4000            3.854840272e-07 82.73680139     5.892505535e-05 81.07547439    
 5       5000            7.906966599e-08 26.80033309     1.208658236e-05 25.13900608    
 6       6000            3.688506542e-08 -3.76665801     5.638247937e-06 -5.42798502    
 7       7000            3.419703674e-08 -2.25470092     5.227356104e-06 -3.91602793    
 8       8000            3.011792409e-08 -0.411438871    4.603823293e-06 -2.07276588    
 9       9000            2.662601947e-08 -0.294561218    4.070051053e-06 -1.95588823    

Doing analysis at TEMP = 27.000000 and TNOM = 27.000000

Using SPARSE 1.3 as Direct Linear Solver

Initial Transient Solution
--------------------------

Node                                   Voltage
----                                   -------
vsn                                          0
srcx                              -8.48354e-06
ain                                   -2.81261
gs                                    -5.65569
gp                                    -7.75849
csf                                   -9.65012
cpf                                   -13.7296
cs                                       -10.5
cp                                         -15
vcp#branch                         1.27044e-05
vcs#branch                         8.49878e-06
vsrc#branch                       -5.65569e-06


No. of Data Rows : 4001
Fourier analysis for v(vsn):
  No. Harmonics: 10, THD: 1.83239e-10 %, Gridsize: 8192, Interpolation Degree: 1, No. Periods: 1

Harmonic Frequency       Magnitude       Phase           Norm. Mag       Norm. Phase    
-------- ---------       ---------       -----           ---------       -----------    
 0       0               -1.22047511e-12 0               0               0              
 1       20000           3.81799686      -3.74644408e-11 1               0              
 2       40000           2.441485255e-12 -87.6909717     6.394675912e-13 -87.6909717    
 3       60000           2.482056324e-12 -88.0223523     6.50093862e-13  -88.0223523    
 4       80000           2.495568762e-12 -90.579458      6.536330055e-13 -90.579458     
 5       100000          2.488585988e-12 -87.9105573     6.51804095e-13  -87.9105573    
 6       120000          2.563165169e-12 -87.4528109     6.713376838e-13 -87.4528109    
 7       140000          2.462392976e-12 -88.6343298     6.449436882e-13 -88.6343298    
 8       160000          2.443844329e-12 -90.6396608     6.400854739e-13 -90.6396608    
 9       180000          2.407716348e-12 -87.4077148     6.306229252e-13 -87.4077148    

Fourier analysis for v(ain):
  No. Harmonics: 10, THD: 3.43767 %, Gridsize: 8192, Interpolation Degree: 1, No. Periods: 1

Harmonic Frequency       Magnitude       Phase           Norm. Mag       Norm. Phase    
-------- ---------       ---------       -----           ---------       -----------    
 0       0               -2.81241775     0               0               0              
 1       20000           0.007463702543  33.4545612      1               0              
 2       40000           0.0002525527471 -40.3359331     0.03383746145   -73.7904943    
 3       60000           4.519494439e-05 -83.2694362     0.006055298176  -116.723997    
 4       80000           2.335859489e-06 33.24980971     0.0003129625646 -0.20475149    
 5       100000          1.022569134e-06 100.317437      0.000137005612  66.86287577    
 6       120000          1.683173519e-07 178.011745      2.255145499e-05 144.5571838    
 7       140000          3.48381241e-08  -101.864072     4.667673168e-06 -135.318633    
 8       160000          5.847081796e-09 -27.9557322     7.834023077e-07 -61.4102934    
 9       180000          1.073794537e-09 102.4792773     1.438688816e-07 69.02471606    

Doing analysis at TEMP = 27.000000 and TNOM = 27.000000

Using SPARSE 1.3 as Direct Linear Solver

No. of Data Rows : 1
h1k = 1.7079706587e-03
Doing analysis at TEMP = 27.000000 and TNOM = 27.000000

Using SPARSE 1.3 as Direct Linear Solver

No. of Data Rows : 1
h20k = 1.9433923876e-03
Doing analysis at TEMP = 27.000000 and TNOM = 27.000000

Using SPARSE 1.3 as Direct Linear Solver

No. of Data Rows : 1
mag(v(ain)) = 1.8077566388e-03
Doing analysis at TEMP = 27.000000 and TNOM = 27.000000

Using SPARSE 1.3 as Direct Linear Solver

No. of Data Rows : 61
zmin = 1.2961183129e+06
Doing analysis at TEMP = 27.000000 and TNOM = 27.000000

Using SPARSE 1.3 as Direct Linear Solver

No. of Data Rows : 1
cvcs1k = 1.7094802911e-03
Doing analysis at TEMP = 27.000000 and TNOM = 27.000000

Using SPARSE 1.3 as Direct Linear Solver

No. of Data Rows : 1
cvcs20k = 1.9427589627e-03
Doing analysis at TEMP = 27.000000 and TNOM = 27.000000

Using SPARSE 1.3 as Direct Linear Solver

No. of Data Rows : 1
cvcp1k = 1.0800244977e-02
Doing analysis at TEMP = 27.000000 and TNOM = 27.000000

Using SPARSE 1.3 as Direct Linear Solver

No. of Data Rows : 1
cvcp20k = 1.6800415168e-03
L47B1_CASO d=0.3750
Doing analysis at TEMP = 27.000000 and TNOM = 27.000000

Using SPARSE 1.3 as Direct Linear Solver

Initial Transient Solution
--------------------------

Node                                   Voltage
----                                   -------
vsn                                          0
srcx                              -9.01024e-06
ain                                   -2.81512
gs                                    -6.00683
gp                                    -7.75916
csf                                   -10.3301
cpf                                   -13.7297
cs                                      -11.25
cp                                         -15
vcp#branch                         1.27032e-05
vcs#branch                         9.19854e-06
vsrc#branch                       -6.00683e-06


No. of Data Rows : 4001
Fourier analysis for v(vsn):
  No. Harmonics: 10, THD: 1.82423e-10 %, Gridsize: 8192, Interpolation Degree: 1, No. Periods: 1

Harmonic Frequency       Magnitude       Phase           Norm. Mag       Norm. Phase    
-------- ---------       ---------       -----           ---------       -----------    
 0       0               -1.22454477e-12 0               0               0              
 1       1000            3.81799686      -3.71591613e-11 1               0              
 2       2000            2.459847601e-12 -89.4460182     6.4427701e-13   -89.4460182    
 3       3000            2.468423083e-12 -89.8027962     6.465230783e-13 -89.8027962    
 4       4000            2.490441226e-12 -88.3667386     6.522900143e-13 -88.3667386    
 5       5000            2.480985163e-12 -88.9950906     6.498133063e-13 -88.9950906    
 6       6000            2.441255333e-12 -89.3827447     6.394073705e-13 -89.3827447    
 7       7000            2.434110817e-12 -88.6304784     6.375360972e-13 -88.6304784    
 8       8000            2.463075865e-12 -87.6315719     6.451225487e-13 -87.6315719    
 9       9000            2.461053183e-12 -87.6257769     6.44592773e-13  -87.6257769    

Fourier analysis for v(ain):
  No. Harmonics: 10, THD: 2.12059 %, Gridsize: 8192, Interpolation Degree: 1, No. Periods: 1

Harmonic Frequency       Magnitude       Phase           Norm. Mag       Norm. Phase    
-------- ---------       ---------       -----           ---------       -----------    
 0       0               -2.81497107     0               0               0              
 1       1000            0.006327781434  1.607310025     1               0              
 2       2000            0.0001340606515 -86.2523628     0.02118604331   -87.8596729    
 3       3000            5.800142535e-06 -163.045366     0.0009166154987 -164.652676    
 4       4000            3.082662598e-07 78.96187977     4.871632546e-05 77.35456974    
 5       5000            6.963603391e-08 22.16077871     1.100481024e-05 20.55346868    
 6       6000            3.744220295e-08 -2.7127357      5.917113816e-06 -4.32004573    
 7       7000            3.408637952e-08 -1.63395881     5.386782062e-06 -3.24126883    
 8       8000            2.995037752e-08 -0.340713622    4.733156135e-06 -1.94802365    
 9       9000            2.653288926e-08 -0.250478085    4.193079286e-06 -1.85778811    

Doing analysis at TEMP = 27.000000 and TNOM = 27.000000

Using SPARSE 1.3 as Direct Linear Solver

Initial Transient Solution
--------------------------

Node                                   Voltage
----                                   -------
vsn                                          0
srcx                              -9.01024e-06
ain                                   -2.81512
gs                                    -6.00683
gp                                    -7.75916
csf                                   -10.3301
cpf                                   -13.7297
cs                                      -11.25
cp                                         -15
vcp#branch                         1.27032e-05
vcs#branch                         9.19854e-06
vsrc#branch                       -6.00683e-06

 Reference value :  3.00007e-04
No. of Data Rows : 4001
Fourier analysis for v(vsn):
  No. Harmonics: 10, THD: 1.83239e-10 %, Gridsize: 8192, Interpolation Degree: 1, No. Periods: 1

Harmonic Frequency       Magnitude       Phase           Norm. Mag       Norm. Phase    
-------- ---------       ---------       -----           ---------       -----------    
 0       0               -1.22047511e-12 0               0               0              
 1       20000           3.81799686      -3.74644408e-11 1               0              
 2       40000           2.441485255e-12 -87.6909717     6.394675912e-13 -87.6909717    
 3       60000           2.482056324e-12 -88.0223523     6.50093862e-13  -88.0223523    
 4       80000           2.495568762e-12 -90.579458      6.536330055e-13 -90.579458     
 5       100000          2.488585988e-12 -87.9105573     6.51804095e-13  -87.9105573    
 6       120000          2.563165169e-12 -87.4528109     6.713376838e-13 -87.4528109    
 7       140000          2.462392976e-12 -88.6343298     6.449436882e-13 -88.6343298    
 8       160000          2.443844329e-12 -90.6396608     6.400854739e-13 -90.6396608    
 9       180000          2.407716348e-12 -87.4077148     6.306229252e-13 -87.4077148    

Fourier analysis for v(ain):
  No. Harmonics: 10, THD: 3.13692 %, Gridsize: 8192, Interpolation Degree: 1, No. Periods: 1

Harmonic Frequency       Magnitude       Phase           Norm. Mag       Norm. Phase    
-------- ---------       ---------       -----           ---------       -----------    
 0       0               -2.8149469      0               0               0              
 1       20000           0.007160174954  32.61869989     1               0              
 2       40000           0.0002214813519 -41.5738849     0.03093239387   -74.1925848    
 3       60000           3.729194488e-05 -83.0439635     0.005208244928  -115.662663    
 4       80000           1.936438147e-06 33.26756885     0.0002704456469 0.6488689597   
 5       100000          7.736499096e-07 101.0835388     0.0001080490232 68.46483895    
 6       120000          1.222794475e-07 179.5468131     1.707771784e-05 146.9281132    
 7       140000          2.418977262e-08 -101.124196     3.378377313e-06 -133.742896    
 8       160000          3.625902619e-09 -27.6223683     5.063986066e-07 -60.2410682    
 9       180000          7.850923555e-10 120.6583737     1.096470911e-07 88.03967385    

Doing analysis at TEMP = 27.000000 and TNOM = 27.000000

Using SPARSE 1.3 as Direct Linear Solver

No. of Data Rows : 1
h1k = 1.6526975660e-03
Doing analysis at TEMP = 27.000000 and TNOM = 27.000000

Using SPARSE 1.3 as Direct Linear Solver

No. of Data Rows : 1
h20k = 1.8660086950e-03
Doing analysis at TEMP = 27.000000 and TNOM = 27.000000

Using SPARSE 1.3 as Direct Linear Solver

No. of Data Rows : 1
mag(v(ain)) = 1.7493017550e-03
Doing analysis at TEMP = 27.000000 and TNOM = 27.000000

Using SPARSE 1.3 as Direct Linear Solver

No. of Data Rows : 61
zmin = 1.2973108128e+06
Doing analysis at TEMP = 27.000000 and TNOM = 27.000000

Using SPARSE 1.3 as Direct Linear Solver

No. of Data Rows : 1
cvcs1k = 1.6541718227e-03
Doing analysis at TEMP = 27.000000 and TNOM = 27.000000

Using SPARSE 1.3 as Direct Linear Solver

No. of Data Rows : 1
cvcs20k = 1.8654140297e-03
Doing analysis at TEMP = 27.000000 and TNOM = 27.000000

Using SPARSE 1.3 as Direct Linear Solver

No. of Data Rows : 1
cvcp1k = 1.0798188202e-02
Doing analysis at TEMP = 27.000000 and TNOM = 27.000000

Using SPARSE 1.3 as Direct Linear Solver

No. of Data Rows : 1
cvcp20k = 1.6124655414e-03
L47B1_CASO d=0.4000
Doing analysis at TEMP = 27.000000 and TNOM = 27.000000

Using SPARSE 1.3 as Direct Linear Solver

Initial Transient Solution
--------------------------

Node                                   Voltage
----                                   -------
vsn                                          0
srcx                              -9.53691e-06
ain                                   -2.81755
gs                                    -6.35794
gp                                    -7.75981
csf                                   -11.0102
cpf                                   -13.7298
cs                                         -12
cp                                         -15
vcp#branch                         1.27021e-05
vcs#branch                         9.89834e-06
vsrc#branch                       -6.35794e-06


No. of Data Rows : 4001
Fourier analysis for v(vsn):
  No. Harmonics: 10, THD: 1.82423e-10 %, Gridsize: 8192, Interpolation Degree: 1, No. Periods: 1

Harmonic Frequency       Magnitude       Phase           Norm. Mag       Norm. Phase    
-------- ---------       ---------       -----           ---------       -----------    
 0       0               -1.22454477e-12 0               0               0              
 1       1000            3.81799686      -3.71591613e-11 1               0              
 2       2000            2.459847601e-12 -89.4460182     6.4427701e-13   -89.4460182    
 3       3000            2.468423083e-12 -89.8027962     6.465230783e-13 -89.8027962    
 4       4000            2.490441226e-12 -88.3667386     6.522900143e-13 -88.3667386    
 5       5000            2.480985163e-12 -88.9950906     6.498133063e-13 -88.9950906    
 6       6000            2.441255333e-12 -89.3827447     6.394073705e-13 -89.3827447    
 7       7000            2.434110817e-12 -88.6304784     6.375360972e-13 -88.6304784    
 8       8000            2.463075865e-12 -87.6315719     6.451225487e-13 -87.6315719    
 9       9000            2.461053183e-12 -87.6257769     6.44592773e-13  -87.6257769    

Fourier analysis for v(ain):
  No. Harmonics: 10, THD: 1.99162 %, Gridsize: 8192, Interpolation Degree: 1, No. Periods: 1

Harmonic Frequency       Magnitude       Phase           Norm. Mag       Norm. Phase    
-------- ---------       ---------       -----           ---------       -----------    
 0       0               -2.81741316     0               0               0              
 1       1000            0.006133494626  1.558842123     1               0              
 2       2000            0.0001220554122 -86.439705      0.01989981563   -87.9985471    
 3       3000            4.939852564e-06 -163.457006     0.0008053895643 -165.015848    
 4       4000            2.513519222e-07 75.15590048     4.098021398e-05 73.59705836    
 5       5000            6.32450022e-08  18.1843302      1.031141397e-05 16.62548808    
 6       6000            3.774447056e-08 -2.01115654     6.153827935e-06 -3.56999866    
 7       7000            3.389968091e-08 -1.21710807     5.526976541e-06 -2.7759502     
 8       8000            2.974544454e-08 -0.31143759     4.849673206e-06 -1.87027971    
 9       9000            2.637298317e-08 -0.229424417    4.299829832e-06 -1.78826654    

Doing analysis at TEMP = 27.000000 and TNOM = 27.000000

Using SPARSE 1.3 as Direct Linear Solver

Initial Transient Solution
--------------------------

Node                                   Voltage
----                                   -------
vsn                                          0
srcx                              -9.53691e-06
ain                                   -2.81755
gs                                    -6.35794
gp                                    -7.75981
csf                                   -11.0102
cpf                                   -13.7298
cs                                         -12
cp                                         -15
vcp#branch                         1.27021e-05
vcs#branch                         9.89834e-06
vsrc#branch                       -6.35794e-06


No. of Data Rows : 4001
Fourier analysis for v(vsn):
  No. Harmonics: 10, THD: 1.83239e-10 %, Gridsize: 8192, Interpolation Degree: 1, No. Periods: 1

Harmonic Frequency       Magnitude       Phase           Norm. Mag       Norm. Phase    
-------- ---------       ---------       -----           ---------       -----------    
 0       0               -1.22047511e-12 0               0               0              
 1       20000           3.81799686      -3.74644408e-11 1               0              
 2       40000           2.441485255e-12 -87.6909717     6.394675912e-13 -87.6909717    
 3       60000           2.482056324e-12 -88.0223523     6.50093862e-13  -88.0223523    
 4       80000           2.495568762e-12 -90.579458      6.536330055e-13 -90.579458     
 5       100000          2.488585988e-12 -87.9105573     6.51804095e-13  -87.9105573    
 6       120000          2.563165169e-12 -87.4528109     6.713376838e-13 -87.4528109    
 7       140000          2.462392976e-12 -88.6343298     6.449436882e-13 -88.6343298    
 8       160000          2.443844329e-12 -90.6396608     6.400854739e-13 -90.6396608    
 9       180000          2.407716348e-12 -87.4077148     6.306229252e-13 -87.4077148    

Fourier analysis for v(ain):
  No. Harmonics: 10, THD: 2.88317 %, Gridsize: 8192, Interpolation Degree: 1, No. Periods: 1

Harmonic Frequency       Magnitude       Phase           Norm. Mag       Norm. Phase    
-------- ---------       ---------       -----           ---------       -----------    
 0       0               -2.8173939      0               0               0              
 1       20000           0.006890725056  31.85347188     1               0              
 2       40000           0.0001962070159 -42.7254931     0.0284740741    -74.578965     
 3       60000           3.114772756e-05 -82.8825279     0.004520239497  -114.736       
 4       80000           1.614548815e-06 33.36611523     0.0002343075369 1.512643353    
 5       100000          5.942453105e-07 101.8022865     8.623843001e-05 69.94881457    
 6       120000          9.041168611e-08 -179.068612     1.31207798e-05  -210.922084    
 7       140000          1.711827136e-08 -100.585135     2.484248206e-06 -132.438607    
 8       160000          2.238571767e-09 -28.1838335     3.248673759e-07 -60.0373054    
 9       180000          6.500422281e-10 137.2790927     9.433582428e-08 105.4256209    

Doing analysis at TEMP = 27.000000 and TNOM = 27.000000

Using SPARSE 1.3 as Direct Linear Solver

No. of Data Rows : 1
h1k = 1.6024642252e-03
Doing analysis at TEMP = 27.000000 and TNOM = 27.000000

Using SPARSE 1.3 as Direct Linear Solver

No. of Data Rows : 1
h20k = 1.7970481774e-03
Doing analysis at TEMP = 27.000000 and TNOM = 27.000000

Using SPARSE 1.3 as Direct Linear Solver

No. of Data Rows : 1
mag(v(ain)) = 1.6961721385e-03
Doing analysis at TEMP = 27.000000 and TNOM = 27.000000

Using SPARSE 1.3 as Direct Linear Solver

No. of Data Rows : 61
zmin = 1.2983843633e+06
Doing analysis at TEMP = 27.000000 and TNOM = 27.000000

Using SPARSE 1.3 as Direct Linear Solver

No. of Data Rows : 1
cvcs1k = 1.6039058478e-03
Doing analysis at TEMP = 27.000000 and TNOM = 27.000000

Using SPARSE 1.3 as Direct Linear Solver

No. of Data Rows : 1
cvcs20k = 1.7964877008e-03
Doing analysis at TEMP = 27.000000 and TNOM = 27.000000

Using SPARSE 1.3 as Direct Linear Solver

No. of Data Rows : 1
cvcp1k = 1.0796465530e-02
Doing analysis at TEMP = 27.000000 and TNOM = 27.000000

Using SPARSE 1.3 as Direct Linear Solver

No. of Data Rows : 1
cvcp20k = 1.5527590367e-03
L47B1_CASO d=0.4250
Doing analysis at TEMP = 27.000000 and TNOM = 27.000000

Using SPARSE 1.3 as Direct Linear Solver

Initial Transient Solution
--------------------------

Node                                   Voltage
----                                   -------
vsn                                          0
srcx                              -1.00636e-05
ain                                    -2.8199
gs                                    -6.70904
gp                                    -7.76044
csf                                   -11.6902
cpf                                   -13.7299
cs                                      -12.75
cp                                         -15
vcp#branch                          1.2701e-05
vcs#branch                         1.05982e-05
vsrc#branch                       -6.70904e-06


No. of Data Rows : 4001
Fourier analysis for v(vsn):
  No. Harmonics: 10, THD: 1.82423e-10 %, Gridsize: 8192, Interpolation Degree: 1, No. Periods: 1

Harmonic Frequency       Magnitude       Phase           Norm. Mag       Norm. Phase    
-------- ---------       ---------       -----           ---------       -----------    
 0       0               -1.22454477e-12 0               0               0              
 1       1000            3.81799686      -3.71591613e-11 1               0              
 2       2000            2.459847601e-12 -89.4460182     6.4427701e-13   -89.4460182    
 3       3000            2.468423083e-12 -89.8027962     6.465230783e-13 -89.8027962    
 4       4000            2.490441226e-12 -88.3667386     6.522900143e-13 -88.3667386    
 5       5000            2.480985163e-12 -88.9950906     6.498133063e-13 -88.9950906    
 6       6000            2.441255333e-12 -89.3827447     6.394073705e-13 -89.3827447    
 7       7000            2.434110817e-12 -88.6304784     6.375360972e-13 -88.6304784    
 8       8000            2.463075865e-12 -87.6315719     6.451225487e-13 -87.6315719    
 9       9000            2.461053183e-12 -87.6257769     6.44592773e-13  -87.6257769    

Fourier analysis for v(ain):
  No. Harmonics: 10, THD: 1.87754 %, Gridsize: 8192, Interpolation Degree: 1, No. Periods: 1

Harmonic Frequency       Magnitude       Phase           Norm. Mag       Norm. Phase    
-------- ---------       ---------       -----           ---------       -----------    
 0       0               -2.8197819      0               0               0              
 1       1000            0.005956165855  1.51500705      1               0              
 2       2000            0.0001117483221 -86.6032235     0.01876178818   -88.1182305    
 3       3000            4.246999733e-06 -163.818141     0.0007130425573 -165.333148    
 4       4000            2.086992733e-07 71.29422178     3.503919777e-05 69.77921473    
 5       5000            5.877076793e-08 14.88655993     9.867214808e-06 13.37155288    
 6       6000            3.786110544e-08 -1.54166719     6.356623768e-06 -3.05667424    
 7       7000            3.364879947e-08 -0.938840569    5.649406059e-06 -2.45384762    
 8       8000            2.950282674e-08 -0.273946158    4.953325253e-06 -1.78895321    
 9       9000            2.618937606e-08 -0.170955367    4.397019273e-06 -1.68596242    

Doing analysis at TEMP = 27.000000 and TNOM = 27.000000

Using SPARSE 1.3 as Direct Linear Solver

Initial Transient Solution
--------------------------

Node                                   Voltage
----                                   -------
vsn                                          0
srcx                              -1.00636e-05
ain                                    -2.8199
gs                                    -6.70904
gp                                    -7.76044
csf                                   -11.6902
cpf                                   -13.7299
cs                                      -12.75
cp                                         -15
vcp#branch                          1.2701e-05
vcs#branch                         1.05982e-05
vsrc#branch                       -6.70904e-06


No. of Data Rows : 4001
Fourier analysis for v(vsn):
  No. Harmonics: 10, THD: 1.83239e-10 %, Gridsize: 8192, Interpolation Degree: 1, No. Periods: 1

Harmonic Frequency       Magnitude       Phase           Norm. Mag       Norm. Phase    
-------- ---------       ---------       -----           ---------       -----------    
 0       0               -1.22047511e-12 0               0               0              
 1       20000           3.81799686      -3.74644408e-11 1               0              
 2       40000           2.441485255e-12 -87.6909717     6.394675912e-13 -87.6909717    
 3       60000           2.482056324e-12 -88.0223523     6.50093862e-13  -88.0223523    
 4       80000           2.495568762e-12 -90.579458      6.536330055e-13 -90.579458     
 5       100000          2.488585988e-12 -87.9105573     6.51804095e-13  -87.9105573    
 6       120000          2.563165169e-12 -87.4528109     6.713376838e-13 -87.4528109    
 7       140000          2.462392976e-12 -88.6343298     6.449436882e-13 -88.6343298    
 8       160000          2.443844329e-12 -90.6396608     6.400854739e-13 -90.6396608    
 9       180000          2.407716348e-12 -87.4077148     6.306229252e-13 -87.4077148    

Fourier analysis for v(ain):
  No. Harmonics: 10, THD: 2.66641 %, Gridsize: 8192, Interpolation Degree: 1, No. Periods: 1

Harmonic Frequency       Magnitude       Phase           Norm. Mag       Norm. Phase    
-------- ---------       ---------       -----           ---------       -----------    
 0       0               -2.8197665      0               0               0              
 1       20000           0.006649418088  31.1494102      1               0              
 2       40000           0.0001753344746 -43.7977575     0.02636839378   -74.9471677    
 3       60000           2.629472994e-05 -82.7719733     0.003954440763  -113.921383    
 4       80000           1.354177304e-06 33.51062722     0.0002036535056 2.361217017    
 5       100000          4.626629642e-07 102.4764759     6.957946666e-05 71.32706574    
 6       120000          6.788210231e-08 -177.824865     1.020872825e-05 -208.974276    
 7       140000          1.230786941e-08 -100.173251     1.850969401e-06 -131.322661    
 8       160000          1.371170293e-09 -29.1725842     2.062090659e-07 -60.3219944    
 9       180000          5.753051391e-10 149.6866151     8.651962194e-08 118.5372049    

Doing analysis at TEMP = 27.000000 and TNOM = 27.000000

Using SPARSE 1.3 as Direct Linear Solver

No. of Data Rows : 1
h1k = 1.5565484651e-03
Doing analysis at TEMP = 27.000000 and TNOM = 27.000000

Using SPARSE 1.3 as Direct Linear Solver

No. of Data Rows : 1
h20k = 1.7350992275e-03
Doing analysis at TEMP = 27.000000 and TNOM = 27.000000

Using SPARSE 1.3 as Direct Linear Solver

No. of Data Rows : 1
mag(v(ain)) = 1.6476054249e-03
Doing analysis at TEMP = 27.000000 and TNOM = 27.000000

Using SPARSE 1.3 as Direct Linear Solver

No. of Data Rows : 61
zmin = 1.2993567678e+06
Doing analysis at TEMP = 27.000000 and TNOM = 27.000000

Using SPARSE 1.3 as Direct Linear Solver

No. of Data Rows : 1
cvcs1k = 1.5579598342e-03
Doing analysis at TEMP = 27.000000 and TNOM = 27.000000

Using SPARSE 1.3 as Direct Linear Solver

No. of Data Rows : 1
cvcs20k = 1.7345691471e-03
Doing analysis at TEMP = 27.000000 and TNOM = 27.000000

Using SPARSE 1.3 as Direct Linear Solver

No. of Data Rows : 1
cvcp1k = 1.0795014486e-02
Doing analysis at TEMP = 27.000000 and TNOM = 27.000000

Using SPARSE 1.3 as Direct Linear Solver

No. of Data Rows : 1
cvcp20k = 1.4995680591e-03
L47B1_CASO d=0.4500
Doing analysis at TEMP = 27.000000 and TNOM = 27.000000

Using SPARSE 1.3 as Direct Linear Solver

Initial Transient Solution
--------------------------

Node                                   Voltage
----                                   -------
vsn                                          0
srcx                              -1.05902e-05
ain                                    -2.8222
gs                                    -7.06012
gp                                    -7.76105
csf                                   -12.3702
cpf                                     -13.73
cs                                       -13.5
cp                                         -15
vcp#branch                         1.26999e-05
vcs#branch                          1.1298e-05
vsrc#branch                       -7.06011e-06


No. of Data Rows : 4001
Fourier analysis for v(vsn):
  No. Harmonics: 10, THD: 1.82423e-10 %, Gridsize: 8192, Interpolation Degree: 1, No. Periods: 1

Harmonic Frequency       Magnitude       Phase           Norm. Mag       Norm. Phase    
-------- ---------       ---------       -----           ---------       -----------    
 0       0               -1.22454477e-12 0               0               0              
 1       1000            3.81799686      -3.71591613e-11 1               0              
 2       2000            2.459847601e-12 -89.4460182     6.4427701e-13   -89.4460182    
 3       3000            2.468423083e-12 -89.8027962     6.465230783e-13 -89.8027962    
 4       4000            2.490441226e-12 -88.3667386     6.522900143e-13 -88.3667386    
 5       5000            2.480985163e-12 -88.9950906     6.498133063e-13 -88.9950906    
 6       6000            2.441255333e-12 -89.3827447     6.394073705e-13 -89.3827447    
 7       7000            2.434110817e-12 -88.6304784     6.375360972e-13 -88.6304784    
 8       8000            2.463075865e-12 -87.6315719     6.451225487e-13 -87.6315719    
 9       9000            2.461053183e-12 -87.6257769     6.44592773e-13  -87.6257769    

Fourier analysis for v(ain):
  No. Harmonics: 10, THD: 1.7759 %, Gridsize: 8192, Interpolation Degree: 1, No. Periods: 1

Harmonic Frequency       Magnitude       Phase           Norm. Mag       Norm. Phase    
-------- ---------       ---------       -----           ---------       -----------    
 0       0               -2.82208358     0               0               0              
 1       1000            0.005793451087  1.475091383     1               0              
 2       2000            0.0001028198226 -86.7472135     0.01774759484   -88.2223049    
 3       3000            3.681776041e-06 -164.138103     0.0006355065375 -165.613194    
 4       4000            1.762607625e-07 67.37628282     3.042413924e-05 65.90119144    
 5       5000            5.550397746e-08 12.1958647      9.580468812e-06 10.72077332    
 6       6000            3.783351556e-08 -1.19722437     6.53039354e-06  -2.67231576    
 7       7000            3.336974168e-08 -0.738032497    5.759907381e-06 -2.21312388    
 8       8000            2.924175267e-08 -0.232285376    5.047380607e-06 -1.70737676    
 9       9000            2.596362146e-08 -0.149689571    4.481546675e-06 -1.62478095    

Doing analysis at TEMP = 27.000000 and TNOM = 27.000000

Using SPARSE 1.3 as Direct Linear Solver

Initial Transient Solution
--------------------------

Node                                   Voltage
----                                   -------
vsn                                          0
srcx                              -1.05902e-05
ain                                    -2.8222
gs                                    -7.06012
gp                                    -7.76105
csf                                   -12.3702
cpf                                     -13.73
cs                                       -13.5
cp                                         -15
vcp#branch                         1.26999e-05
vcs#branch                          1.1298e-05
vsrc#branch                       -7.06011e-06


No. of Data Rows : 4001
Fourier analysis for v(vsn):
  No. Harmonics: 10, THD: 1.83239e-10 %, Gridsize: 8192, Interpolation Degree: 1, No. Periods: 1

Harmonic Frequency       Magnitude       Phase           Norm. Mag       Norm. Phase    
-------- ---------       ---------       -----           ---------       -----------    
 0       0               -1.22047511e-12 0               0               0              
 1       20000           3.81799686      -3.74644408e-11 1               0              
 2       40000           2.441485255e-12 -87.6909717     6.394675912e-13 -87.6909717    
 3       60000           2.482056324e-12 -88.0223523     6.50093862e-13  -88.0223523    
 4       80000           2.495568762e-12 -90.579458      6.536330055e-13 -90.579458     
 5       100000          2.488585988e-12 -87.9105573     6.51804095e-13  -87.9105573    
 6       120000          2.563165169e-12 -87.4528109     6.713376838e-13 -87.4528109    
 7       140000          2.462392976e-12 -88.6343298     6.449436882e-13 -88.6343298    
 8       160000          2.443844329e-12 -90.6396608     6.400854739e-13 -90.6396608    
 9       180000          2.407716348e-12 -87.4077148     6.306229252e-13 -87.4077148    

Fourier analysis for v(ain):
  No. Harmonics: 10, THD: 2.47924 %, Gridsize: 8192, Interpolation Degree: 1, No. Periods: 1

Harmonic Frequency       Magnitude       Phase           Norm. Mag       Norm. Phase    
-------- ---------       ---------       -----           ---------       -----------    
 0       0               -2.82207128     0               0               0              
 1       20000           0.006431675299  30.49872976     1               0              
 2       40000           0.0001578697522 -44.797525      0.02454566577   -75.2962548    
 3       60000           2.240810107e-05 -82.7023987     0.00348402244   -113.201128    
 4       80000           1.142530237e-06 33.6811371      0.0001776411562 3.182407348    
 5       100000          3.646081157e-07 103.1088863     5.668944697e-05 72.61015659    
 6       120000          5.169680212e-08 -176.681907     8.037843909e-06 -207.180637    
 7       140000          8.989180687e-09 -100.068151     1.39764218e-06  -130.566881    
 8       160000          8.171274623e-10 -32.2754657     1.270473748e-07 -62.7741954    
 9       180000          5.359385196e-10 157.6473726     8.332798139e-08 127.1486429    

Doing analysis at TEMP = 27.000000 and TNOM = 27.000000

Using SPARSE 1.3 as Direct Linear Solver

No. of Data Rows : 1
h1k = 1.5143651850e-03
Doing analysis at TEMP = 27.000000 and TNOM = 27.000000

Using SPARSE 1.3 as Direct Linear Solver

No. of Data Rows : 1
h20k = 1.6790588861e-03
Doing analysis at TEMP = 27.000000 and TNOM = 27.000000

Using SPARSE 1.3 as Direct Linear Solver

No. of Data Rows : 1
mag(v(ain)) = 1.6029837995e-03
Doing analysis at TEMP = 27.000000 and TNOM = 27.000000

Using SPARSE 1.3 as Direct Linear Solver

No. of Data Rows : 61
zmin = 1.3002422735e+06
Doing analysis at TEMP = 27.000000 and TNOM = 27.000000

Using SPARSE 1.3 as Direct Linear Solver

No. of Data Rows : 1
cvcs1k = 1.5157483858e-03
Doing analysis at TEMP = 27.000000 and TNOM = 27.000000

Using SPARSE 1.3 as Direct Linear Solver

No. of Data Rows : 1
cvcs20k = 1.6785560181e-03
Doing analysis at TEMP = 27.000000 and TNOM = 27.000000

Using SPARSE 1.3 as Direct Linear Solver

No. of Data Rows : 1
cvcp1k = 1.0793786397e-02
Doing analysis at TEMP = 27.000000 and TNOM = 27.000000

Using SPARSE 1.3 as Direct Linear Solver

No. of Data Rows : 1
cvcp20k = 1.4518389773e-03
L47B1_CASO d=0.4750
Doing analysis at TEMP = 27.000000 and TNOM = 27.000000

Using SPARSE 1.3 as Direct Linear Solver

Initial Transient Solution
--------------------------

Node                                   Voltage
----                                   -------
vsn                                          0
srcx                              -1.11168e-05
ain                                   -2.82443
gs                                    -7.41118
gp                                    -7.76164
csf                                   -13.0502
cpf                                   -13.7301
cs                                      -14.25
cp                                         -15
vcp#branch                         1.26989e-05
vcs#branch                         1.19979e-05
vsrc#branch                       -7.41118e-06


No. of Data Rows : 4001
Fourier analysis for v(vsn):
  No. Harmonics: 10, THD: 1.82423e-10 %, Gridsize: 8192, Interpolation Degree: 1, No. Periods: 1

Harmonic Frequency       Magnitude       Phase           Norm. Mag       Norm. Phase    
-------- ---------       ---------       -----           ---------       -----------    
 0       0               -1.22454477e-12 0               0               0              
 1       1000            3.81799686      -3.71591613e-11 1               0              
 2       2000            2.459847601e-12 -89.4460182     6.4427701e-13   -89.4460182    
 3       3000            2.468423083e-12 -89.8027962     6.465230783e-13 -89.8027962    
 4       4000            2.490441226e-12 -88.3667386     6.522900143e-13 -88.3667386    
 5       5000            2.480985163e-12 -88.9950906     6.498133063e-13 -88.9950906    
 6       6000            2.441255333e-12 -89.3827447     6.394073705e-13 -89.3827447    
 7       7000            2.434110817e-12 -88.6304784     6.375360972e-13 -88.6304784    
 8       8000            2.463075865e-12 -87.6315719     6.451225487e-13 -87.6315719    
 9       9000            2.461053183e-12 -87.6257769     6.44592773e-13  -87.6257769    

Fourier analysis for v(ain):
  No. Harmonics: 10, THD: 1.68476 %, Gridsize: 8192, Interpolation Degree: 1, No. Periods: 1

Harmonic Frequency       Magnitude       Phase           Norm. Mag       Norm. Phase    
-------- ---------       ---------       -----           ---------       -----------    
 0       0               -2.82432365     0               0               0              
 1       1000            0.005643438287  1.438529681     1               0              
 2       2000            9.502400755e-05 -86.8749963     0.01683796344   -88.313526     
 3       3000            3.215380336e-06 -164.423993     0.0005697555589 -165.862523    
 4       4000            1.51294859e-07  63.41236258     2.680898618e-05 61.9738329     
 5       5000            5.303962064e-08 10.01642534     9.398458517e-06 8.577895655    
 6       6000            3.770906991e-08 -0.961512534    6.681931828e-06 -2.40004221    
 7       7000            3.305933009e-08 -0.593687115    5.858012155e-06 -2.0322168     
 8       8000            2.895753034e-08 -0.196332757    5.131185789e-06 -1.63486244    
 9       9000            2.571978304e-08 -0.11897337     4.557466873e-06 -1.55750305    

Doing analysis at TEMP = 27.000000 and TNOM = 27.000000

Using SPARSE 1.3 as Direct Linear Solver

Initial Transient Solution
--------------------------

Node                                   Voltage
----                                   -------
vsn                                          0
srcx                              -1.11168e-05
ain                                   -2.82443
gs                                    -7.41118
gp                                    -7.76164
csf                                   -13.0502
cpf                                   -13.7301
cs                                      -14.25
cp                                         -15
vcp#branch                         1.26989e-05
vcs#branch                         1.19979e-05
vsrc#branch                       -7.41118e-06


No. of Data Rows : 4001
Fourier analysis for v(vsn):
  No. Harmonics: 10, THD: 1.83239e-10 %, Gridsize: 8192, Interpolation Degree: 1, No. Periods: 1

Harmonic Frequency       Magnitude       Phase           Norm. Mag       Norm. Phase    
-------- ---------       ---------       -----           ---------       -----------    
 0       0               -1.22047511e-12 0               0               0              
 1       20000           3.81799686      -3.74644408e-11 1               0              
 2       40000           2.441485255e-12 -87.6909717     6.394675912e-13 -87.6909717    
 3       60000           2.482056324e-12 -88.0223523     6.50093862e-13  -88.0223523    
 4       80000           2.495568762e-12 -90.579458      6.536330055e-13 -90.579458     
 5       100000          2.488585988e-12 -87.9105573     6.51804095e-13  -87.9105573    
 6       120000          2.563165169e-12 -87.4528109     6.713376838e-13 -87.4528109    
 7       140000          2.462392976e-12 -88.6343298     6.449436882e-13 -88.6343298    
 8       160000          2.443844329e-12 -90.6396608     6.400854739e-13 -90.6396608    
 9       180000          2.407716348e-12 -87.4077148     6.306229252e-13 -87.4077148    

Fourier analysis for v(ain):
  No. Harmonics: 10, THD: 2.31608 %, Gridsize: 8192, Interpolation Degree: 1, No. Periods: 1

Harmonic Frequency       Magnitude       Phase           Norm. Mag       Norm. Phase    
-------- ---------       ---------       -----           ---------       -----------    
 0       0               -2.82431385     0               0               0              
 1       20000           0.006233898915  29.89496566     1               0              
 2       40000           0.0001430882172 -45.731246      0.0229532463    -75.6262117    
 3       60000           1.925707105e-05 -82.6662157     0.003089089398  -112.561181    
 4       80000           9.695488364e-07 33.86472878     0.0001555284822 3.969763125    
 5       100000          2.905225355e-07 103.7001358     4.660366482e-05 73.80517013    
 6       120000          3.986692031e-08 -175.656187     6.39518235e-06  -205.551153    
 7       140000          6.655366224e-09 -100.119993     1.067608942e-06 -130.014959    
 8       160000          4.75464468e-10  -38.1305651     7.62708017e-08  -68.0255307    
 9       180000          4.98003941e-10  164.2721096     7.988643189e-08 134.377144     

Doing analysis at TEMP = 27.000000 and TNOM = 27.000000

Using SPARSE 1.3 as Direct Linear Solver

No. of Data Rows : 1
h1k = 1.4754346056e-03
Doing analysis at TEMP = 27.000000 and TNOM = 27.000000

Using SPARSE 1.3 as Direct Linear Solver

No. of Data Rows : 1
h20k = 1.6280514601e-03
Doing analysis at TEMP = 27.000000 and TNOM = 27.000000

Using SPARSE 1.3 as Direct Linear Solver

No. of Data Rows : 1
mag(v(ain)) = 1.5618005519e-03
Doing analysis at TEMP = 27.000000 and TNOM = 27.000000

Using SPARSE 1.3 as Direct Linear Solver

No. of Data Rows : 61
zmin = 1.3010524571e+06
Doing analysis at TEMP = 27.000000 and TNOM = 27.000000

Using SPARSE 1.3 as Direct Linear Solver

No. of Data Rows : 1
cvcs1k = 1.4767914785e-03
Doing analysis at TEMP = 27.000000 and TNOM = 27.000000

Using SPARSE 1.3 as Direct Linear Solver

No. of Data Rows : 1
cvcs20k = 1.6275731039e-03
Doing analysis at TEMP = 27.000000 and TNOM = 27.000000

Using SPARSE 1.3 as Direct Linear Solver

No. of Data Rows : 1
cvcp1k = 1.0792742893e-02
Doing analysis at TEMP = 27.000000 and TNOM = 27.000000

Using SPARSE 1.3 as Direct Linear Solver

No. of Data Rows : 1
cvcp20k = 1.4087385749e-03
L47B1_CASO d=0.5000
Doing analysis at TEMP = 27.000000 and TNOM = 27.000000

Using SPARSE 1.3 as Direct Linear Solver

Initial Transient Solution
--------------------------

Node                                   Voltage
----                                   -------
vsn                                          0
srcx                              -1.16433e-05
ain                                    -2.8266
gs                                    -7.76223
gp                                    -7.76222
csf                                   -13.7302
cpf                                   -13.7302
cs                                         -15
cp                                         -15
vcp#branch                         1.26979e-05
vcs#branch                         1.26978e-05
vsrc#branch                       -7.76222e-06


No. of Data Rows : 4001
Fourier analysis for v(vsn):
  No. Harmonics: 10, THD: 1.82423e-10 %, Gridsize: 8192, Interpolation Degree: 1, No. Periods: 1

Harmonic Frequency       Magnitude       Phase           Norm. Mag       Norm. Phase    
-------- ---------       ---------       -----           ---------       -----------    
 0       0               -1.22454477e-12 0               0               0              
 1       1000            3.81799686      -3.71591613e-11 1               0              
 2       2000            2.459847601e-12 -89.4460182     6.4427701e-13   -89.4460182    
 3       3000            2.468423083e-12 -89.8027962     6.465230783e-13 -89.8027962    
 4       4000            2.490441226e-12 -88.3667386     6.522900143e-13 -88.3667386    
 5       5000            2.480985163e-12 -88.9950906     6.498133063e-13 -88.9950906    
 6       6000            2.441255333e-12 -89.3827447     6.394073705e-13 -89.3827447    
 7       7000            2.434110817e-12 -88.6304784     6.375360972e-13 -88.6304784    
 8       8000            2.463075865e-12 -87.6315719     6.451225487e-13 -87.6315719    
 9       9000            2.461053183e-12 -87.6257769     6.44592773e-13  -87.6257769    

Fourier analysis for v(ain):
  No. Harmonics: 10, THD: 1.60257 %, Gridsize: 8192, Interpolation Degree: 1, No. Periods: 1

Harmonic Frequency       Magnitude       Phase           Norm. Mag       Norm. Phase    
-------- ---------       ---------       -----           ---------       -----------    
 0       0               -2.82650684     0               0               0              
 1       1000            0.005504549671  1.404866251     1               0              
 2       2000            8.816881189e-05 -86.9891474     0.01601744323   -88.3940137    
 3       3000            2.826631405e-06 -164.680977     0.000513508202  -166.085843    
 4       4000            1.318881916e-07 59.43791014     2.39598513e-05  58.03304389    
 5       5000            5.110119941e-08 8.259657474     9.283447778e-06 6.854791223    
 6       6000            3.750996951e-08 -0.794555152    6.814357532e-06 -2.1994214     
 7       7000            3.273980495e-08 -0.466070651    5.947771735e-06 -1.8709369     
 8       8000            2.866789422e-08 -0.157272476    5.208036248e-06 -1.56213873    
 9       9000            2.546540144e-08 -0.104786278    4.626246098e-06 -1.50965253    

Doing analysis at TEMP = 27.000000 and TNOM = 27.000000

Using SPARSE 1.3 as Direct Linear Solver

Initial Transient Solution
--------------------------

Node                                   Voltage
----                                   -------
vsn                                          0
srcx                              -1.16433e-05
ain                                    -2.8266
gs                                    -7.76223
gp                                    -7.76222
csf                                   -13.7302
cpf                                   -13.7302
cs                                         -15
cp                                         -15
vcp#branch                         1.26979e-05
vcs#branch                         1.26978e-05
vsrc#branch                       -7.76222e-06


No. of Data Rows : 4001
Fourier analysis for v(vsn):
  No. Harmonics: 10, THD: 1.83239e-10 %, Gridsize: 8192, Interpolation Degree: 1, No. Periods: 1

Harmonic Frequency       Magnitude       Phase           Norm. Mag       Norm. Phase    
-------- ---------       ---------       -----           ---------       -----------    
 0       0               -1.22047511e-12 0               0               0              
 1       20000           3.81799686      -3.74644408e-11 1               0              
 2       40000           2.441485255e-12 -87.6909717     6.394675912e-13 -87.6909717    
 3       60000           2.482056324e-12 -88.0223523     6.50093862e-13  -88.0223523    
 4       80000           2.495568762e-12 -90.579458      6.536330055e-13 -90.579458     
 5       100000          2.488585988e-12 -87.9105573     6.51804095e-13  -87.9105573    
 6       120000          2.563165169e-12 -87.4528109     6.713376838e-13 -87.4528109    
 7       140000          2.462392976e-12 -88.6343298     6.449436882e-13 -88.6343298    
 8       160000          2.443844329e-12 -90.6396608     6.400854739e-13 -90.6396608    
 9       180000          2.407716348e-12 -87.4077148     6.306229252e-13 -87.4077148    

Fourier analysis for v(ain):
  No. Harmonics: 10, THD: 2.17265 %, Gridsize: 8192, Interpolation Degree: 1, No. Periods: 1

Harmonic Frequency       Magnitude       Phase           Norm. Mag       Norm. Phase    
-------- ---------       ---------       -----           ---------       -----------    
 0       0               -2.82649909     0               0               0              
 1       20000           0.006053216773  29.3326999      1               0              
 2       40000           0.0001304508265 -46.6048529     0.02155066164   -75.9375528    
 3       60000           1.667436873e-05 -82.6575352     0.002754629374  -111.990235    
 4       80000           8.273245905e-07 34.05316544     0.0001366751963 4.720465538    
 5       100000          2.338019139e-07 104.257777      3.862440793e-05 74.92507708    
 6       120000          3.110262908e-08 -174.704117     5.138198456e-06 -204.036817    
 7       140000          5.005228425e-09 -100.430519     8.268708378e-07 -129.763219    
 8       160000          2.503344586e-10 -51.4925539     4.135560777e-08 -80.8252538    
 9       180000          4.563121176e-10 168.298918      7.538340929e-08 138.9662181    

Doing analysis at TEMP = 27.000000 and TNOM = 27.000000

Using SPARSE 1.3 as Direct Linear Solver

No. of Data Rows : 1
h1k = 1.4393590757e-03
Doing analysis at TEMP = 27.000000 and TNOM = 27.000000

Using SPARSE 1.3 as Direct Linear Solver

No. of Data Rows : 1
h20k = 1.5813718632e-03
Doing analysis at TEMP = 27.000000 and TNOM = 27.000000

Using SPARSE 1.3 as Direct Linear Solver

No. of Data Rows : 1
mag(v(ain)) = 1.5236356369e-03
Doing analysis at TEMP = 27.000000 and TNOM = 27.000000

Using SPARSE 1.3 as Direct Linear Solver

No. of Data Rows : 61
zmin = 1.3017968464e+06
Doing analysis at TEMP = 27.000000 and TNOM = 27.000000

Using SPARSE 1.3 as Direct Linear Solver

No. of Data Rows : 1
cvcs1k = 1.4406912566e-03
Doing analysis at TEMP = 27.000000 and TNOM = 27.000000

Using SPARSE 1.3 as Direct Linear Solver

No. of Data Rows : 1
cvcs20k = 1.5809157071e-03
Doing analysis at TEMP = 27.000000 and TNOM = 27.000000

Using SPARSE 1.3 as Direct Linear Solver

No. of Data Rows : 1
cvcp1k = 1.0791853395e-02
Doing analysis at TEMP = 27.000000 and TNOM = 27.000000

Using SPARSE 1.3 as Direct Linear Solver

No. of Data Rows : 1
cvcp20k = 1.3695985714e-03
L47B1_CASO d=0.5250
Doing analysis at TEMP = 27.000000 and TNOM = 27.000000

Using SPARSE 1.3 as Direct Linear Solver

Initial Transient Solution
--------------------------

Node                                   Voltage
----                                   -------
vsn                                          0
srcx                              -1.14545e-05
ain                                   -2.35393
gs                                    -7.63633
gp                                    -7.28586
csf                                   -13.7081
cpf                                   -13.0282
cs                                         -15
cp                                      -14.25
vcp#branch                         1.22178e-05
vcs#branch                         1.29187e-05
vsrc#branch                       -7.63632e-06

 Reference value :  2.77114e-03
No. of Data Rows : 4001
Fourier analysis for v(vsn):
  No. Harmonics: 10, THD: 1.82423e-10 %, Gridsize: 8192, Interpolation Degree: 1, No. Periods: 1

Harmonic Frequency       Magnitude       Phase           Norm. Mag       Norm. Phase    
-------- ---------       ---------       -----           ---------       -----------    
 0       0               -1.22454477e-12 0               0               0              
 1       1000            3.81799686      -3.71591613e-11 1               0              
 2       2000            2.459847601e-12 -89.4460182     6.4427701e-13   -89.4460182    
 3       3000            2.468423083e-12 -89.8027962     6.465230783e-13 -89.8027962    
 4       4000            2.490441226e-12 -88.3667386     6.522900143e-13 -88.3667386    
 5       5000            2.480985163e-12 -88.9950906     6.498133063e-13 -88.9950906    
 6       6000            2.441255333e-12 -89.3827447     6.394073705e-13 -89.3827447    
 7       7000            2.434110817e-12 -88.6304784     6.375360972e-13 -88.6304784    
 8       8000            2.463075865e-12 -87.6315719     6.451225487e-13 -87.6315719    
 9       9000            2.461053183e-12 -87.6257769     6.44592773e-13  -87.6257769    

Fourier analysis for v(ain):
  No. Harmonics: 10, THD: 1.43724 %, Gridsize: 8192, Interpolation Degree: 1, No. Periods: 1

Harmonic Frequency       Magnitude       Phase           Norm. Mag       Norm. Phase    
-------- ---------       ---------       -----           ---------       -----------    
 0       0               -2.35384198     0               0               0              
 1       1000            0.005218340818  1.383410613     1               0              
 2       2000            7.496876083e-05 -87.2308171     0.01436639795   -88.6142277    
 3       3000            2.16116219e-06  -162.482442     0.0004141473824 -163.865853    
 4       4000            1.080707282e-07 46.35884136     2.070978726e-05 44.97543075    
 5       5000            4.807024673e-08 8.306474203     9.211787503e-06 6.923063589    
 6       6000            3.652521783e-08 -0.541736009    6.999392931e-06 -1.92514662    
 7       7000            3.197474681e-08 -0.41716288     6.127378017e-06 -1.80057349    
 8       8000            2.80033578e-08  -0.0971466771   5.366333626e-06 -1.48055729    
 9       9000            2.487161797e-08 -0.0459308035   4.766192712e-06 -1.42934142    

Doing analysis at TEMP = 27.000000 and TNOM = 27.000000

Using SPARSE 1.3 as Direct Linear Solver

Initial Transient Solution
--------------------------

Node                                   Voltage
----                                   -------
vsn                                          0
srcx                              -1.14545e-05
ain                                   -2.35393
gs                                    -7.63633
gp                                    -7.28586
csf                                   -13.7081
cpf                                   -13.0282
cs                                         -15
cp                                      -14.25
vcp#branch                         1.22178e-05
vcs#branch                         1.29187e-05
vsrc#branch                       -7.63632e-06


No. of Data Rows : 4001
Fourier analysis for v(vsn):
  No. Harmonics: 10, THD: 1.83239e-10 %, Gridsize: 8192, Interpolation Degree: 1, No. Periods: 1

Harmonic Frequency       Magnitude       Phase           Norm. Mag       Norm. Phase    
-------- ---------       ---------       -----           ---------       -----------    
 0       0               -1.22047511e-12 0               0               0              
 1       20000           3.81799686      -3.74644408e-11 1               0              
 2       40000           2.441485255e-12 -87.6909717     6.394675912e-13 -87.6909717    
 3       60000           2.482056324e-12 -88.0223523     6.50093862e-13  -88.0223523    
 4       80000           2.495568762e-12 -90.579458      6.536330055e-13 -90.579458     
 5       100000          2.488585988e-12 -87.9105573     6.51804095e-13  -87.9105573    
 6       120000          2.563165169e-12 -87.4528109     6.713376838e-13 -87.4528109    
 7       140000          2.462392976e-12 -88.6343298     6.449436882e-13 -88.6343298    
 8       160000          2.443844329e-12 -90.6396608     6.400854739e-13 -90.6396608    
 9       180000          2.407716348e-12 -87.4077148     6.306229252e-13 -87.4077148    

Fourier analysis for v(ain):
  No. Harmonics: 10, THD: 1.9215 %, Gridsize: 8192, Interpolation Degree: 1, No. Periods: 1

Harmonic Frequency       Magnitude       Phase           Norm. Mag       Norm. Phase    
-------- ---------       ---------       -----           ---------       -----------    
 0       0               -2.35383679     0               0               0              
 1       20000           0.005719335027  28.99250192     1               0              
 2       40000           0.0001088890642 -50.5375534     0.01903876302   -79.5300553    
 3       60000           1.481789051e-05 -80.9478611     0.002590841494  -109.940363    
 4       80000           9.63073075e-07  29.83538125     0.0001683889946 0.8428793299   
 5       100000          2.28709952e-07  103.8966761     3.998890622e-05 74.90417423    
 6       120000          3.260356942e-08 -174.366617     5.70058744e-06  -203.359118    
 7       140000          5.210251559e-09 -99.6830462     9.109890458e-07 -128.675548    
 8       160000          3.700941914e-10 -35.4732888     6.470930443e-08 -64.4657907    
 9       180000          3.731429223e-10 162.8229697     6.524236131e-08 133.8304678    

Doing analysis at TEMP = 27.000000 and TNOM = 27.000000

Using SPARSE 1.3 as Direct Linear Solver

No. of Data Rows : 1
h1k = 1.3649366642e-03
Doing analysis at TEMP = 27.000000 and TNOM = 27.000000

Using SPARSE 1.3 as Direct Linear Solver

No. of Data Rows : 1
h20k = 1.4947953698e-03
Doing analysis at TEMP = 27.000000 and TNOM = 27.000000

Using SPARSE 1.3 as Direct Linear Solver

No. of Data Rows : 1
mag(v(ain)) = 1.4448754411e-03
Doing analysis at TEMP = 27.000000 and TNOM = 27.000000

Using SPARSE 1.3 as Direct Linear Solver

No. of Data Rows : 61
zmin = 1.3016581342e+06
Doing analysis at TEMP = 27.000000 and TNOM = 27.000000

Using SPARSE 1.3 as Direct Linear Solver

No. of Data Rows : 1
cvcs1k = 1.3661971324e-03
Doing analysis at TEMP = 27.000000 and TNOM = 27.000000

Using SPARSE 1.3 as Direct Linear Solver

No. of Data Rows : 1
cvcs20k = 1.4943613610e-03
Doing analysis at TEMP = 27.000000 and TNOM = 27.000000

Using SPARSE 1.3 as Direct Linear Solver

No. of Data Rows : 1
cvcp1k = 1.0789042380e-02
Doing analysis at TEMP = 27.000000 and TNOM = 27.000000

Using SPARSE 1.3 as Direct Linear Solver

No. of Data Rows : 1
cvcp20k = 1.2905009883e-03
L47B1_CASO d=0.5500
Doing analysis at TEMP = 27.000000 and TNOM = 27.000000

Using SPARSE 1.3 as Direct Linear Solver

Initial Transient Solution
--------------------------

Node                                   Voltage
----                                   -------
vsn                                          0
srcx                              -1.12655e-05
ain                                   -1.88101
gs                                    -7.51036
gp                                    -6.80942
csf                                    -13.686
cpf                                   -12.3262
cs                                         -15
cp                                       -13.5
vcp#branch                         1.17379e-05
vcs#branch                         1.31397e-05
vsrc#branch                       -7.51036e-06


No. of Data Rows : 4001
Fourier analysis for v(vsn):
  No. Harmonics: 10, THD: 1.82423e-10 %, Gridsize: 8192, Interpolation Degree: 1, No. Periods: 1

Harmonic Frequency       Magnitude       Phase           Norm. Mag       Norm. Phase    
-------- ---------       ---------       -----           ---------       -----------    
 0       0               -1.22454477e-12 0               0               0              
 1       1000            3.81799686      -3.71591613e-11 1               0              
 2       2000            2.459847601e-12 -89.4460182     6.4427701e-13   -89.4460182    
 3       3000            2.468423083e-12 -89.8027962     6.465230783e-13 -89.8027962    
 4       4000            2.490441226e-12 -88.3667386     6.522900143e-13 -88.3667386    
 5       5000            2.480985163e-12 -88.9950906     6.498133063e-13 -88.9950906    
 6       6000            2.441255333e-12 -89.3827447     6.394073705e-13 -89.3827447    
 7       7000            2.434110817e-12 -88.6304784     6.375360972e-13 -88.6304784    
 8       8000            2.463075865e-12 -87.6315719     6.451225487e-13 -87.6315719    
 9       9000            2.461053183e-12 -87.6257769     6.44592773e-13  -87.6257769    

Fourier analysis for v(ain):
  No. Harmonics: 10, THD: 1.3029 %, Gridsize: 8192, Interpolation Degree: 1, No. Periods: 1

Harmonic Frequency       Magnitude       Phase           Norm. Mag       Norm. Phase    
-------- ---------       ---------       -----           ---------       -----------    
 0       0               -1.88093593     0               0               0              
 1       1000            0.004973561966  1.363632468     1               0              
 2       2000            6.477797805e-05 -87.4937002     0.01302446386   -88.8573327    
 3       3000            1.701050002e-06 -159.991134     0.0003420184596 -161.354766    
 4       4000            9.727904633e-08 35.17174405     1.955923079e-05 33.80811158    
 5       5000            4.589081818e-08 8.517782716     9.226952132e-06 7.154150249    
 6       6000            3.555134634e-08 -0.397790094    7.148065427e-06 -1.76142256    
 7       7000            3.120443188e-08 -0.375891513    6.274061144e-06 -1.73952398    
 8       8000            2.732381497e-08 -0.0555649246   5.493812113e-06 -1.41919739    
 9       9000            2.426941578e-08 -0.00236106964  4.879685013e-06 -1.36599354    

Doing analysis at TEMP = 27.000000 and TNOM = 27.000000

Using SPARSE 1.3 as Direct Linear Solver

Initial Transient Solution
--------------------------

Node                                   Voltage
----                                   -------
vsn                                          0
srcx                              -1.12655e-05
ain                                   -1.88101
gs                                    -7.51036
gp                                    -6.80942
csf                                    -13.686
cpf                                   -12.3262
cs                                         -15
cp                                       -13.5
vcp#branch                         1.17379e-05
vcs#branch                         1.31397e-05
vsrc#branch                       -7.51036e-06


No. of Data Rows : 4001
Fourier analysis for v(vsn):
  No. Harmonics: 10, THD: 1.83239e-10 %, Gridsize: 8192, Interpolation Degree: 1, No. Periods: 1

Harmonic Frequency       Magnitude       Phase           Norm. Mag       Norm. Phase    
-------- ---------       ---------       -----           ---------       -----------    
 0       0               -1.22047511e-12 0               0               0              
 1       20000           3.81799686      -3.74644408e-11 1               0              
 2       40000           2.441485255e-12 -87.6909717     6.394675912e-13 -87.6909717    
 3       60000           2.482056324e-12 -88.0223523     6.50093862e-13  -88.0223523    
 4       80000           2.495568762e-12 -90.579458      6.536330055e-13 -90.579458     
 5       100000          2.488585988e-12 -87.9105573     6.51804095e-13  -87.9105573    
 6       120000          2.563165169e-12 -87.4528109     6.713376838e-13 -87.4528109    
 7       140000          2.462392976e-12 -88.6343298     6.449436882e-13 -88.6343298    
 8       160000          2.443844329e-12 -90.6396608     6.400854739e-13 -90.6396608    
 9       180000          2.407716348e-12 -87.4077148     6.306229252e-13 -87.4077148    

Fourier analysis for v(ain):
  No. Harmonics: 10, THD: 1.72024 %, Gridsize: 8192, Interpolation Degree: 1, No. Periods: 1

Harmonic Frequency       Magnitude       Phase           Norm. Mag       Norm. Phase    
-------- ---------       ---------       -----           ---------       -----------    
 0       0               -1.8809326      0               0               0              
 1       20000           0.005434838958  28.67465638     1               0              
 2       40000           9.250551472e-05 -54.8515529     0.01702083823   -83.5262093    
 3       60000           1.350369118e-05 -79.3955908     0.002484653416  -108.070247    
 4       80000           1.062857551e-06 27.24074621     0.0001955637617 -1.43391018    
 5       100000          2.280714482e-07 103.652254      4.196471136e-05 74.97759763    
 6       120000          3.409487228e-08 -174.48276      6.273391454e-06 -203.157417    
 7       140000          5.468264624e-09 -99.1177643     1.006150259e-06 -127.792421    
 8       160000          4.859327661e-10 -28.4672229     8.941070192e-08 -57.1418793    
 9       180000          3.037048542e-10 158.8222998     5.588111377e-08 130.1476434    

Doing analysis at TEMP = 27.000000 and TNOM = 27.000000

Using SPARSE 1.3 as Direct Linear Solver

No. of Data Rows : 1
h1k = 1.3012032146e-03
Doing analysis at TEMP = 27.000000 and TNOM = 27.000000

Using SPARSE 1.3 as Direct Linear Solver

No. of Data Rows : 1
h20k = 1.4208901489e-03
Doing analysis at TEMP = 27.000000 and TNOM = 27.000000

Using SPARSE 1.3 as Direct Linear Solver

No. of Data Rows : 1
mag(v(ain)) = 1.3774259696e-03
Doing analysis at TEMP = 27.000000 and TNOM = 27.000000

Using SPARSE 1.3 as Direct Linear Solver

No. of Data Rows : 61
zmin = 1.3015008071e+06
Doing analysis at TEMP = 27.000000 and TNOM = 27.000000

Using SPARSE 1.3 as Direct Linear Solver

No. of Data Rows : 1
cvcs1k = 1.3024020696e-03
Doing analysis at TEMP = 27.000000 and TNOM = 27.000000

Using SPARSE 1.3 as Direct Linear Solver

No. of Data Rows : 1
cvcs20k = 1.4204748575e-03
Doing analysis at TEMP = 27.000000 and TNOM = 27.000000

Using SPARSE 1.3 as Direct Linear Solver

No. of Data Rows : 1
cvcp1k = 1.0787008685e-02
Doing analysis at TEMP = 27.000000 and TNOM = 27.000000

Using SPARSE 1.3 as Direct Linear Solver

No. of Data Rows : 1
cvcp20k = 1.2236445876e-03
L47B1_CASO d=0.5750
Doing analysis at TEMP = 27.000000 and TNOM = 27.000000

Using SPARSE 1.3 as Direct Linear Solver

Initial Transient Solution
--------------------------

Node                                   Voltage
----                                   -------
vsn                                          0
srcx                              -1.10765e-05
ain                                   -1.40789
gs                                    -7.38434
gp                                    -6.33294
csf                                   -13.6639
cpf                                   -11.6242
cs                                         -15
cp                                      -12.75
vcp#branch                          1.1258e-05
vcs#branch                         1.33608e-05
vsrc#branch                       -7.38434e-06


No. of Data Rows : 4001
Fourier analysis for v(vsn):
  No. Harmonics: 10, THD: 1.82423e-10 %, Gridsize: 8192, Interpolation Degree: 1, No. Periods: 1

Harmonic Frequency       Magnitude       Phase           Norm. Mag       Norm. Phase    
-------- ---------       ---------       -----           ---------       -----------    
 0       0               -1.22454477e-12 0               0               0              
 1       1000            3.81799686      -3.71591613e-11 1               0              
 2       2000            2.459847601e-12 -89.4460182     6.4427701e-13   -89.4460182    
 3       3000            2.468423083e-12 -89.8027962     6.465230783e-13 -89.8027962    
 4       4000            2.490441226e-12 -88.3667386     6.522900143e-13 -88.3667386    
 5       5000            2.480985163e-12 -88.9950906     6.498133063e-13 -88.9950906    
 6       6000            2.441255333e-12 -89.3827447     6.394073705e-13 -89.3827447    
 7       7000            2.434110817e-12 -88.6304784     6.375360972e-13 -88.6304784    
 8       8000            2.463075865e-12 -87.6315719     6.451225487e-13 -87.6315719    
 9       9000            2.461053183e-12 -87.6257769     6.44592773e-13  -87.6257769    

Fourier analysis for v(ain):
  No. Harmonics: 10, THD: 1.19157 %, Gridsize: 8192, Interpolation Degree: 1, No. Periods: 1

Harmonic Frequency       Magnitude       Phase           Norm. Mag       Norm. Phase    
-------- ---------       ---------       -----           ---------       -----------    
 0       0               -1.40782277     0               0               0              
 1       1000            0.004761114325  1.345324742     1               0              
 2       2000            5.671528075e-05 -87.7764044     0.01191218628   -89.1217291    
 3       3000            1.372923275e-06 -157.18876      0.0002883617535 -158.534084    
 4       4000            9.274603563e-08 26.58332196     1.947990099e-05 25.23799721    
 5       5000            4.419083252e-08 8.866391145     9.2816155e-06   7.521066403    
 6       6000            3.460331388e-08 -0.305927755    7.267902327e-06 -1.6512525     
 7       7000            3.044911329e-08 -0.361322063    6.395375371e-06 -1.70664681    
 8       8000            2.666322809e-08 -0.0209417082   5.600207488e-06 -1.36626645    
 9       9000            2.368190615e-08 0.02715240627   4.974025938e-06 -1.31817234    

Doing analysis at TEMP = 27.000000 and TNOM = 27.000000

Using SPARSE 1.3 as Direct Linear Solver

Initial Transient Solution
--------------------------

Node                                   Voltage
----                                   -------
vsn                                          0
srcx                              -1.10765e-05
ain                                   -1.40789
gs                                    -7.38434
gp                                    -6.33294
csf                                   -13.6639
cpf                                   -11.6242
cs                                         -15
cp                                      -12.75
vcp#branch                          1.1258e-05
vcs#branch                         1.33608e-05
vsrc#branch                       -7.38434e-06


No. of Data Rows : 4001
Fourier analysis for v(vsn):
  No. Harmonics: 10, THD: 1.83239e-10 %, Gridsize: 8192, Interpolation Degree: 1, No. Periods: 1

Harmonic Frequency       Magnitude       Phase           Norm. Mag       Norm. Phase    
-------- ---------       ---------       -----           ---------       -----------    
 0       0               -1.22047511e-12 0               0               0              
 1       20000           3.81799686      -3.74644408e-11 1               0              
 2       40000           2.441485255e-12 -87.6909717     6.394675912e-13 -87.6909717    
 3       60000           2.482056324e-12 -88.0223523     6.50093862e-13  -88.0223523    
 4       80000           2.495568762e-12 -90.579458      6.536330055e-13 -90.579458     
 5       100000          2.488585988e-12 -87.9105573     6.51804095e-13  -87.9105573    
 6       120000          2.563165169e-12 -87.4528109     6.713376838e-13 -87.4528109    
 7       140000          2.462392976e-12 -88.6343298     6.449436882e-13 -88.6343298    
 8       160000          2.443844329e-12 -90.6396608     6.400854739e-13 -90.6396608    
 9       180000          2.407716348e-12 -87.4077148     6.306229252e-13 -87.4077148    

Fourier analysis for v(ain):
  No. Harmonics: 10, THD: 1.55853 %, Gridsize: 8192, Interpolation Degree: 1, No. Periods: 1

Harmonic Frequency       Magnitude       Phase           Norm. Mag       Norm. Phase    
-------- ---------       ---------       -----           ---------       -----------    
 0       0               -1.40782082     0               0               0              
 1       20000           0.005188826145  28.37680058     1               0              
 2       40000           7.988036996e-05 -59.5489551     0.01539469      -87.9257556    
 3       60000           1.255462491e-05 -78.0276702     0.002419550117  -106.404471    
 4       80000           1.141511648e-06 25.41134751     0.0002199941983 -2.96545306    
 5       100000          2.303515136e-07 103.4013411     4.439376211e-05 75.02454057    
 6       120000          3.56816488e-08  -174.843849     6.876632171e-06 -203.22065     
 7       140000          5.768700853e-09 -98.8427716     1.111754507e-06 -127.219572    
 8       160000          5.955508313e-10 -25.1987138     1.14775638e-07  -53.5755143    
 9       180000          2.540444084e-10 152.0451297     4.895989984e-08 123.6683291    

Doing analysis at TEMP = 27.000000 and TNOM = 27.000000

Using SPARSE 1.3 as Direct Linear Solver

No. of Data Rows : 1
h1k = 1.2458335456e-03
Doing analysis at TEMP = 27.000000 and TNOM = 27.000000

Using SPARSE 1.3 as Direct Linear Solver

No. of Data Rows : 1
h20k = 1.3568939675e-03
Doing analysis at TEMP = 27.000000 and TNOM = 27.000000

Using SPARSE 1.3 as Direct Linear Solver

No. of Data Rows : 1
mag(v(ain)) = 1.3188269032e-03
Doing analysis at TEMP = 27.000000 and TNOM = 27.000000

Using SPARSE 1.3 as Direct Linear Solver

No. of Data Rows : 61
zmin = 1.3013261158e+06
Doing analysis at TEMP = 27.000000 and TNOM = 27.000000

Using SPARSE 1.3 as Direct Linear Solver

No. of Data Rows : 1
cvcs1k = 1.2469786881e-03
Doing analysis at TEMP = 27.000000 and TNOM = 27.000000

Using SPARSE 1.3 as Direct Linear Solver

No. of Data Rows : 1
cvcs20k = 1.3564947099e-03
Doing analysis at TEMP = 27.000000 and TNOM = 27.000000

Using SPARSE 1.3 as Direct Linear Solver

No. of Data Rows : 1
cvcp1k = 1.0785514086e-02
Doing analysis at TEMP = 27.000000 and TNOM = 27.000000

Using SPARSE 1.3 as Direct Linear Solver

No. of Data Rows : 1
cvcp20k = 1.1662875407e-03
L47B1_CASO d=0.6000
Doing analysis at TEMP = 27.000000 and TNOM = 27.000000

Using SPARSE 1.3 as Direct Linear Solver

Initial Transient Solution
--------------------------

Node                                   Voltage
----                                   -------
vsn                                          0
srcx                              -1.08874e-05
ain                                  -0.934587
gs                                    -7.25828
gp                                    -5.85641
csf                                   -13.6418
cpf                                   -10.9222
cs                                         -15
cp                                         -12
vcp#branch                         1.07782e-05
vcs#branch                          1.3582e-05
vsrc#branch                       -7.25827e-06


No. of Data Rows : 4001
Fourier analysis for v(vsn):
  No. Harmonics: 10, THD: 1.82423e-10 %, Gridsize: 8192, Interpolation Degree: 1, No. Periods: 1

Harmonic Frequency       Magnitude       Phase           Norm. Mag       Norm. Phase    
-------- ---------       ---------       -----           ---------       -----------    
 0       0               -1.22454477e-12 0               0               0              
 1       1000            3.81799686      -3.71591613e-11 1               0              
 2       2000            2.459847601e-12 -89.4460182     6.4427701e-13   -89.4460182    
 3       3000            2.468423083e-12 -89.8027962     6.465230783e-13 -89.8027962    
 4       4000            2.490441226e-12 -88.3667386     6.522900143e-13 -88.3667386    
 5       5000            2.480985163e-12 -88.9950906     6.498133063e-13 -88.9950906    
 6       6000            2.441255333e-12 -89.3827447     6.394073705e-13 -89.3827447    
 7       7000            2.434110817e-12 -88.6304784     6.375360972e-13 -88.6304784    
 8       8000            2.463075865e-12 -87.6315719     6.451225487e-13 -87.6315719    
 9       9000            2.461053183e-12 -87.6257769     6.44592773e-13  -87.6257769    

Fourier analysis for v(ain):
  No. Harmonics: 10, THD: 1.09781 %, Gridsize: 8192, Interpolation Degree: 1, No. Periods: 1

Harmonic Frequency       Magnitude       Phase           Norm. Mag       Norm. Phase    
-------- ---------       ---------       -----           ---------       -----------    
 0       0               -0.934529304    0               0               0              
 1       1000            0.004574475364  1.328306988     1               0              
 2       2000            5.020602875e-05 -88.0780834     0.01097525394   -89.4063904    
 3       3000            1.133315342e-06 -154.067441     0.0002477476108 -155.395748    
 4       4000            9.114031748e-08 20.30489607     1.992366561e-05 18.97658908    
 5       5000            4.279297409e-08 9.310873483     9.354728288e-06 7.982566495    
 6       6000            3.368854096e-08 -0.243788953    7.364460026e-06 -1.57209594    
 7       7000            2.97247644e-08  -0.350384208    6.497961413e-06 -1.6786912     
 8       8000            2.60272027e-08  0.008486017523  5.689658513e-06 -1.31982097    
 9       9000            2.311363629e-08 0.05650102037   5.052740358e-06 -1.27180597    

Doing analysis at TEMP = 27.000000 and TNOM = 27.000000

Using SPARSE 1.3 as Direct Linear Solver

Initial Transient Solution
--------------------------

Node                                   Voltage
----                                   -------
vsn                                          0
srcx                              -1.08874e-05
ain                                  -0.934587
gs                                    -7.25828
gp                                    -5.85641
csf                                   -13.6418
cpf                                   -10.9222
cs                                         -15
cp                                         -12
vcp#branch                         1.07782e-05
vcs#branch                          1.3582e-05
vsrc#branch                       -7.25827e-06


No. of Data Rows : 4001
Fourier analysis for v(vsn):
  No. Harmonics: 10, THD: 1.83239e-10 %, Gridsize: 8192, Interpolation Degree: 1, No. Periods: 1

Harmonic Frequency       Magnitude       Phase           Norm. Mag       Norm. Phase    
-------- ---------       ---------       -----           ---------       -----------    
 0       0               -1.22047511e-12 0               0               0              
 1       20000           3.81799686      -3.74644408e-11 1               0              
 2       40000           2.441485255e-12 -87.6909717     6.394675912e-13 -87.6909717    
 3       60000           2.482056324e-12 -88.0223523     6.50093862e-13  -88.0223523    
 4       80000           2.495568762e-12 -90.579458      6.536330055e-13 -90.579458     
 5       100000          2.488585988e-12 -87.9105573     6.51804095e-13  -87.9105573    
 6       120000          2.563165169e-12 -87.4528109     6.713376838e-13 -87.4528109    
 7       140000          2.462392976e-12 -88.6343298     6.449436882e-13 -88.6343298    
 8       160000          2.443844329e-12 -90.6396608     6.400854739e-13 -90.6396608    
 9       180000          2.407716348e-12 -87.4077148     6.306229252e-13 -87.4077148    

Fourier analysis for v(ain):
  No. Harmonics: 10, THD: 1.4293 %, Gridsize: 8192, Interpolation Degree: 1, No. Periods: 1

Harmonic Frequency       Magnitude       Phase           Norm. Mag       Norm. Phase    
-------- ---------       ---------       -----           ---------       -----------    
 0       0               -0.934528399    0               0               0              
 1       20000           0.004973488232  28.09672538     1               0              
 2       40000           7.00784697e-05  -64.6137589     0.01409040626   -92.7104843    
 3       60000           1.186169859e-05 -76.8529698     0.002384985755  -104.949695    
 4       80000           1.207828171e-06 23.99802775     0.0002428533284 -4.09869764    
 5       100000          2.347457794e-07 103.0935847     4.719942391e-05 74.99685931    
 6       120000          3.739520089e-08 -175.357913     7.518908088e-06 -203.454639    
 7       140000          6.112466795e-09 -98.8675602     1.229010005e-06 -126.964286    
 8       160000          7.125956074e-10 -24.1288461     1.432788365e-07 -52.2255715    
 9       180000          2.146208821e-10 142.6369166     4.315298882e-08 114.5401913    

Doing analysis at TEMP = 27.000000 and TNOM = 27.000000

Using SPARSE 1.3 as Direct Linear Solver

No. of Data Rows : 1
h1k = 1.1971537714e-03
Doing analysis at TEMP = 27.000000 and TNOM = 27.000000

Using SPARSE 1.3 as Direct Linear Solver

No. of Data Rows : 1
h20k = 1.3008174010e-03
Doing analysis at TEMP = 27.000000 and TNOM = 27.000000

Using SPARSE 1.3 as Direct Linear Solver

No. of Data Rows : 1
mag(v(ain)) = 1.2673070527e-03
Doing analysis at TEMP = 27.000000 and TNOM = 27.000000

Using SPARSE 1.3 as Direct Linear Solver

No. of Data Rows : 61
zmin = 1.3011350834e+06
Doing analysis at TEMP = 27.000000 and TNOM = 27.000000

Using SPARSE 1.3 as Direct Linear Solver

No. of Data Rows : 1
cvcs1k = 1.1982515190e-03
Doing analysis at TEMP = 27.000000 and TNOM = 27.000000

Using SPARSE 1.3 as Direct Linear Solver

No. of Data Rows : 1
cvcs20k = 1.3004320305e-03
Doing analysis at TEMP = 27.000000 and TNOM = 27.000000

Using SPARSE 1.3 as Direct Linear Solver

No. of Data Rows : 1
cvcp1k = 1.0784402157e-02
Doing analysis at TEMP = 27.000000 and TNOM = 27.000000

Using SPARSE 1.3 as Direct Linear Solver

No. of Data Rows : 1
cvcp20k = 1.1164556331e-03
L47B1_CASO d=0.6250
Doing analysis at TEMP = 27.000000 and TNOM = 27.000000

Using SPARSE 1.3 as Direct Linear Solver

Initial Transient Solution
--------------------------

Node                                   Voltage
----                                   -------
vsn                                          0
srcx                              -1.06982e-05
ain                                  -0.461129
gs                                    -7.13217
gp                                    -5.37983
csf                                   -13.6197
cpf                                   -10.2201
cs                                         -15
cp                                      -11.25
vcp#branch                         1.02985e-05
vcs#branch                         1.38032e-05
vsrc#branch                       -7.13217e-06


No. of Data Rows : 4001
Fourier analysis for v(vsn):
  No. Harmonics: 10, THD: 1.82423e-10 %, Gridsize: 8192, Interpolation Degree: 1, No. Periods: 1

Harmonic Frequency       Magnitude       Phase           Norm. Mag       Norm. Phase    
-------- ---------       ---------       -----           ---------       -----------    
 0       0               -1.22454477e-12 0               0               0              
 1       1000            3.81799686      -3.71591613e-11 1               0              
 2       2000            2.459847601e-12 -89.4460182     6.4427701e-13   -89.4460182    
 3       3000            2.468423083e-12 -89.8027962     6.465230783e-13 -89.8027962    
 4       4000            2.490441226e-12 -88.3667386     6.522900143e-13 -88.3667386    
 5       5000            2.480985163e-12 -88.9950906     6.498133063e-13 -88.9950906    
 6       6000            2.441255333e-12 -89.3827447     6.394073705e-13 -89.3827447    
 7       7000            2.434110817e-12 -88.6304784     6.375360972e-13 -88.6304784    
 8       8000            2.463075865e-12 -87.6315719     6.451225487e-13 -87.6315719    
 9       9000            2.461053183e-12 -87.6257769     6.44592773e-13  -87.6257769    

Fourier analysis for v(ain):
  No. Harmonics: 10, THD: 1.01776 %, Gridsize: 8192, Interpolation Degree: 1, No. Periods: 1

Harmonic Frequency       Magnitude       Phase           Norm. Mag       Norm. Phase    
-------- ---------       ---------       -----           ---------       -----------    
 0       0               -0.461077103    0               0               0              
 1       1000            0.004408829615  1.312419031     1               0              
 2       2000            4.486101672e-05 -88.3983072     0.0101752666    -89.7107262    
 3       3000            9.552594421e-07 -150.633548     0.0002166696211 -151.945967    
 4       4000            9.090934244e-08 15.76965589     2.061983574e-05 14.45723686    
 5       5000            4.160269958e-08 9.84477446      9.436223039e-06 8.532355429    
 6       6000            3.281267802e-08 -0.194168838    7.442491747e-06 -1.50658787    
 7       7000            2.903307266e-08 -0.353847654    6.58521086e-06  -1.66626669    
 8       8000            2.542451537e-08 0.03408378423   5.766726681e-06 -1.27833525    
 9       9000            2.257497032e-08 0.08086154671   5.120399809e-06 -1.23155748    

Doing analysis at TEMP = 27.000000 and TNOM = 27.000000

Using SPARSE 1.3 as Direct Linear Solver

Initial Transient Solution
--------------------------

Node                                   Voltage
----                                   -------
vsn                                          0
srcx                              -1.06982e-05
ain                                  -0.461129
gs                                    -7.13217
gp                                    -5.37983
csf                                   -13.6197
cpf                                   -10.2201
cs                                         -15
cp                                      -11.25
vcp#branch                         1.02985e-05
vcs#branch                         1.38032e-05
vsrc#branch                       -7.13217e-06


No. of Data Rows : 4001
Fourier analysis for v(vsn):
  No. Harmonics: 10, THD: 1.83239e-10 %, Gridsize: 8192, Interpolation Degree: 1, No. Periods: 1

Harmonic Frequency       Magnitude       Phase           Norm. Mag       Norm. Phase    
-------- ---------       ---------       -----           ---------       -----------    
 0       0               -1.22047511e-12 0               0               0              
 1       20000           3.81799686      -3.74644408e-11 1               0              
 2       40000           2.441485255e-12 -87.6909717     6.394675912e-13 -87.6909717    
 3       60000           2.482056324e-12 -88.0223523     6.50093862e-13  -88.0223523    
 4       80000           2.495568762e-12 -90.579458      6.536330055e-13 -90.579458     
 5       100000          2.488585988e-12 -87.9105573     6.51804095e-13  -87.9105573    
 6       120000          2.563165169e-12 -87.4528109     6.713376838e-13 -87.4528109    
 7       140000          2.462392976e-12 -88.6343298     6.449436882e-13 -88.6343298    
 8       160000          2.443844329e-12 -90.6396608     6.400854739e-13 -90.6396608    
 9       180000          2.407716348e-12 -87.4077148     6.306229252e-13 -87.4077148    

Fourier analysis for v(ain):
  No. Harmonics: 10, THD: 1.32751 %, Gridsize: 8192, Interpolation Degree: 1, No. Periods: 1

Harmonic Frequency       Magnitude       Phase           Norm. Mag       Norm. Phase    
-------- ---------       ---------       -----           ---------       -----------    
 0       0               -0.461077002    0               0               0              
 1       20000           0.004783066086  27.83234516     1               0              
 2       40000           6.24585591e-05  -70.007006      0.01305826806   -97.8393511    
 3       60000           1.13549701e-05  -75.8691593     0.002373993982  -103.701504    
 4       80000           1.267210016e-06 22.82903648     0.0002649367567 -5.00330868    
 5       100000          2.408293041e-07 102.7101463     5.035040281e-05 74.87780113    
 6       120000          3.928432e-08    -175.972576     8.213208703e-06 -203.804921    
 7       140000          6.496869426e-09 -99.0848288     1.358306431e-06 -126.917174    
 8       160000          8.22960543e-10  -23.5963434     1.720571132e-07 -51.4286886    
 9       180000          1.909935558e-10 131.7324052     3.993119736e-08 103.9000601    

Doing analysis at TEMP = 27.000000 and TNOM = 27.000000

Using SPARSE 1.3 as Direct Linear Solver

No. of Data Rows : 1
h1k = 1.1539241113e-03
Doing analysis at TEMP = 27.000000 and TNOM = 27.000000

Using SPARSE 1.3 as Direct Linear Solver

No. of Data Rows : 1
h20k = 1.2511868548e-03
Doing analysis at TEMP = 27.000000 and TNOM = 27.000000

Using SPARSE 1.3 as Direct Linear Solver

No. of Data Rows : 1
mag(v(ain)) = 1.2215545551e-03
Doing analysis at TEMP = 27.000000 and TNOM = 27.000000

Using SPARSE 1.3 as Direct Linear Solver

No. of Data Rows : 61
zmin = 1.3009285253e+06
Doing analysis at TEMP = 27.000000 and TNOM = 27.000000

Using SPARSE 1.3 as Direct Linear Solver

No. of Data Rows : 1
cvcs1k = 1.1549796079e-03
Doing analysis at TEMP = 27.000000 and TNOM = 27.000000

Using SPARSE 1.3 as Direct Linear Solver

No. of Data Rows : 1
cvcs20k = 1.2508136217e-03
Doing analysis at TEMP = 27.000000 and TNOM = 27.000000

Using SPARSE 1.3 as Direct Linear Solver

No. of Data Rows : 1
cvcp1k = 1.0783566569e-02
Doing analysis at TEMP = 27.000000 and TNOM = 27.000000

Using SPARSE 1.3 as Direct Linear Solver

No. of Data Rows : 1
cvcp20k = 1.0726852811e-03
L47B1_CASO d=0.6500
Doing analysis at TEMP = 27.000000 and TNOM = 27.000000

Using SPARSE 1.3 as Direct Linear Solver

Initial Transient Solution
--------------------------

Node                                   Voltage
----                                   -------
vsn                                          0
srcx                              -1.05279e-05
ain                                 -0.0346519
gs                                    -7.01857
gp                                    -4.91577
csf                                   -13.5997
cpf                                   -9.52031
cs                                         -15
cp                                       -10.5
vcp#branch                          9.7969e-06
vcs#branch                         1.40025e-05
vsrc#branch                       -7.01857e-06


No. of Data Rows : 4001
Fourier analysis for v(vsn):
  No. Harmonics: 10, THD: 1.82423e-10 %, Gridsize: 8192, Interpolation Degree: 1, No. Periods: 1

Harmonic Frequency       Magnitude       Phase           Norm. Mag       Norm. Phase    
-------- ---------       ---------       -----           ---------       -----------    
 0       0               -1.22454477e-12 0               0               0              
 1       1000            3.81799686      -3.71591613e-11 1               0              
 2       2000            2.459847601e-12 -89.4460182     6.4427701e-13   -89.4460182    
 3       3000            2.468423083e-12 -89.8027962     6.465230783e-13 -89.8027962    
 4       4000            2.490441226e-12 -88.3667386     6.522900143e-13 -88.3667386    
 5       5000            2.480985163e-12 -88.9950906     6.498133063e-13 -88.9950906    
 6       6000            2.441255333e-12 -89.3827447     6.394073705e-13 -89.3827447    
 7       7000            2.434110817e-12 -88.6304784     6.375360972e-13 -88.6304784    
 8       8000            2.463075865e-12 -87.6315719     6.451225487e-13 -87.6315719    
 9       9000            2.461053183e-12 -87.6257769     6.44592773e-13  -87.6257769    

Fourier analysis for v(ain):
  No. Harmonics: 10, THD: 0.288959 %, Gridsize: 8192, Interpolation Degree: 1, No. Periods: 1

Harmonic Frequency       Magnitude       Phase           Norm. Mag       Norm. Phase    
-------- ---------       ---------       -----           ---------       -----------    
 0       0               -0.0346416553   0               0               0              
 1       1000            0.002474051451  1.143046341     1               0              
 2       2000            7.144677223e-06 -92.6523441     0.002887845044  -93.7953904    
 3       3000            2.394632564e-07 -90.1780974     9.678992581e-05 -91.3211438    
 4       4000            5.399685358e-08 1.366160818     2.182527512e-05 0.2231144777   
 5       5000            2.220062502e-08 11.99946031     8.973388572e-06 10.85641397    
 6       6000            1.750094831e-08 0.1610770345    7.073801273e-06 -0.981969306   
 7       7000            1.560381258e-08 -0.185445125    6.306987904e-06 -1.32849147    
 8       8000            1.366900188e-08 0.2479457948    5.524946491e-06 -0.895100546   
 9       9000            1.213355391e-08 0.2749784004    4.904325617e-06 -0.86806794    

Doing analysis at TEMP = 27.000000 and TNOM = 27.000000

Using SPARSE 1.3 as Direct Linear Solver

Initial Transient Solution
--------------------------

Node                                   Voltage
----                                   -------
vsn                                          0
srcx                              -1.05279e-05
ain                                 -0.0346519
gs                                    -7.01857
gp                                    -4.91577
csf                                   -13.5997
cpf                                   -9.52031
cs                                         -15
cp                                       -10.5
vcp#branch                          9.7969e-06
vcs#branch                         1.40025e-05
vsrc#branch                       -7.01857e-06

 Reference value :  3.00004e-04
No. of Data Rows : 4001
Fourier analysis for v(vsn):
  No. Harmonics: 10, THD: 1.72218e-10 %, Gridsize: 8192, Interpolation Degree: 1, No. Periods: 1

Harmonic Frequency       Magnitude       Phase           Norm. Mag       Norm. Phase    
-------- ---------       ---------       -----           ---------       -----------    
 0       0               -1.12576615e-12 0               0               0              
 1       20000           3.81799686      -3.47763737e-11 1               0              
 2       40000           2.290884638e-12 -87.8719888     6.000226617e-13 -87.8719888    
 3       60000           2.334346854e-12 -89.9158141     6.114061744e-13 -89.9158141    
 4       80000           2.360981807e-12 -92.7036498     6.183823333e-13 -92.7036498    
 5       100000          2.287892489e-12 -87.7519524     5.992389657e-13 -87.7519524    
 6       120000          2.379622265e-12 -86.9585533     6.232645945e-13 -86.9585533    
 7       140000          2.474523376e-12 -87.9077627     6.481208517e-13 -87.9077627    
 8       160000          2.236119096e-12 -87.9609284     5.856786107e-13 -87.9609284    
 9       180000          2.223084046e-12 -89.4637291     5.822645034e-13 -89.4637291    

Fourier analysis for v(ain):
  No. Harmonics: 10, THD: 0.884899 %, Gridsize: 8192, Interpolation Degree: 1, No. Periods: 1

Harmonic Frequency       Magnitude       Phase           Norm. Mag       Norm. Phase    
-------- ---------       ---------       -----           ---------       -----------    
 0       0               -0.0346438026   0               0               0              
 1       20000           0.002662058318  24.04777744     1               0              
 2       40000           2.283660404e-05 -118.699445     0.008578551373  -142.747223    
 3       60000           5.723998848e-06 -80.2557798     0.002150215421  -104.303557    
 4       80000           7.858630046e-07 12.04949408     0.0002952087861 -11.9982834    
 5       100000          1.327072237e-07 90.82938892     4.985135854e-05 66.78161148    
 6       120000          2.1304756e-08   171.251278      8.003113929e-06 147.2035005    
 7       140000          3.40265617e-09  -109.80131      1.278204969e-06 -133.849088    
 8       160000          5.702021369e-10 -30.5454707     2.141959599e-07 -54.5932482    
 9       180000          1.095946274e-10 32.7168072      4.11691309e-08  8.669029755    

Doing analysis at TEMP = 27.000000 and TNOM = 27.000000

Using SPARSE 1.3 as Direct Linear Solver

No. of Data Rows : 1
h1k = 6.4793071100e-04
Doing analysis at TEMP = 27.000000 and TNOM = 27.000000

Using SPARSE 1.3 as Direct Linear Solver

No. of Data Rows : 1
h20k = 6.9682197667e-04
Doing analysis at TEMP = 27.000000 and TNOM = 27.000000

Using SPARSE 1.3 as Direct Linear Solver

No. of Data Rows : 1
mag(v(ain)) = 6.7881923875e-04
Doing analysis at TEMP = 27.000000 and TNOM = 27.000000

Using SPARSE 1.3 as Direct Linear Solver

No. of Data Rows : 61
zmin = 1.3005708188e+06
Doing analysis at TEMP = 27.000000 and TNOM = 27.000000

Using SPARSE 1.3 as Direct Linear Solver

No. of Data Rows : 1
cvcs1k = 6.4852202588e-04
Doing analysis at TEMP = 27.000000 and TNOM = 27.000000

Using SPARSE 1.3 as Direct Linear Solver

No. of Data Rows : 1
cvcs20k = 6.9661279981e-04
Doing analysis at TEMP = 27.000000 and TNOM = 27.000000

Using SPARSE 1.3 as Direct Linear Solver

No. of Data Rows : 1
cvcp1k = 2.6512840445e-03
Doing analysis at TEMP = 27.000000 and TNOM = 27.000000

Using SPARSE 1.3 as Direct Linear Solver

No. of Data Rows : 1
cvcp20k = 6.3970702468e-04
L47B1_CASO d=0.6750
Doing analysis at TEMP = 27.000000 and TNOM = 27.000000

Using SPARSE 1.3 as Direct Linear Solver

Initial Transient Solution
--------------------------

Node                                   Voltage
----                                   -------
vsn                                          0
srcx                              -1.05171e-05
ain                                -0.00770716
gs                                     -7.0114
gp                                    -4.55813
csf                                   -13.5985
cpf                                   -8.83914
cs                                         -15
cp                                       -9.75
vcp#branch                         9.10855e-06
vcs#branch                         1.40151e-05
vsrc#branch                       -7.01139e-06


No. of Data Rows : 4001
Fourier analysis for v(vsn):
  No. Harmonics: 10, THD: 1.82423e-10 %, Gridsize: 8192, Interpolation Degree: 1, No. Periods: 1

Harmonic Frequency       Magnitude       Phase           Norm. Mag       Norm. Phase    
-------- ---------       ---------       -----           ---------       -----------    
 0       0               -1.22454477e-12 0               0               0              
 1       1000            3.81799686      -3.71591613e-11 1               0              
 2       2000            2.459847601e-12 -89.4460182     6.4427701e-13   -89.4460182    
 3       3000            2.468423083e-12 -89.8027962     6.465230783e-13 -89.8027962    
 4       4000            2.490441226e-12 -88.3667386     6.522900143e-13 -88.3667386    
 5       5000            2.480985163e-12 -88.9950906     6.498133063e-13 -88.9950906    
 6       6000            2.441255333e-12 -89.3827447     6.394073705e-13 -89.3827447    
 7       7000            2.434110817e-12 -88.6304784     6.375360972e-13 -88.6304784    
 8       8000            2.463075865e-12 -87.6315719     6.451225487e-13 -87.6315719    
 9       9000            2.461053183e-12 -87.6257769     6.44592773e-13  -87.6257769    

Fourier analysis for v(ain):
  No. Harmonics: 10, THD: 0.0309872 %, Gridsize: 8192, Interpolation Degree: 1, No. Periods: 1

Harmonic Frequency       Magnitude       Phase           Norm. Mag       Norm. Phase    
-------- ---------       ---------       -----           ---------       -----------    
 0       0               -0.00770632023  0               0               0              
 1       1000            0.0006137882596 1.098026643     1               0              
 2       2000            1.795348664e-07 -138.822211     0.0002925029333 -139.920238    
 3       3000            6.071140528e-08 -81.1803947     9.891262064e-05 -82.2784213    
 4       4000            1.339635554e-08 1.018034834     2.18256953e-05  -0.0799918097  
 5       5000            5.247438034e-09 13.13833762     8.549264265e-06 12.04031098    
 6       6000            4.100670859e-09 0.2442078298    6.680920977e-06 -0.853818814   
 7       7000            3.670402031e-09 -0.165227858    5.979915669e-06 -1.2632545     
 8       8000            3.215843401e-09 0.3004790767    5.239336776e-06 -0.797547567   
 9       9000            2.854225503e-09 0.3234403192    4.650179371e-06 -0.774586324   

Doing analysis at TEMP = 27.000000 and TNOM = 27.000000

Using SPARSE 1.3 as Direct Linear Solver

Initial Transient Solution
--------------------------

Node                                   Voltage
----                                   -------
vsn                                          0
srcx                              -1.05171e-05
ain                                -0.00770716
gs                                     -7.0114
gp                                    -4.55813
csf                                   -13.5985
cpf                                   -8.83914
cs                                         -15
cp                                       -9.75
vcp#branch                         9.10855e-06
vcs#branch                         1.40151e-05
vsrc#branch                       -7.01139e-06


No. of Data Rows : 4001
Fourier analysis for v(vsn):
  No. Harmonics: 10, THD: 1.83239e-10 %, Gridsize: 8192, Interpolation Degree: 1, No. Periods: 1

Harmonic Frequency       Magnitude       Phase           Norm. Mag       Norm. Phase    
-------- ---------       ---------       -----           ---------       -----------    
 0       0               -1.22047511e-12 0               0               0              
 1       20000           3.81799686      -3.74644408e-11 1               0              
 2       40000           2.441485255e-12 -87.6909717     6.394675912e-13 -87.6909717    
 3       60000           2.482056324e-12 -88.0223523     6.50093862e-13  -88.0223523    
 4       80000           2.495568762e-12 -90.579458      6.536330055e-13 -90.579458     
 5       100000          2.488585988e-12 -87.9105573     6.51804095e-13  -87.9105573    
 6       120000          2.563165169e-12 -87.4528109     6.713376838e-13 -87.4528109    
 7       140000          2.462392976e-12 -88.6343298     6.449436882e-13 -88.6343298    
 8       160000          2.443844329e-12 -90.6396608     6.400854739e-13 -90.6396608    
 9       180000          2.407716348e-12 -87.4077148     6.306229252e-13 -87.4077148    

Fourier analysis for v(ain):
  No. Harmonics: 10, THD: 0.804634 %, Gridsize: 8192, Interpolation Degree: 1, No. Periods: 1

Harmonic Frequency       Magnitude       Phase           Norm. Mag       Norm. Phase    
-------- ---------       ---------       -----           ---------       -----------    
 0       0               -0.00770698854  0               0               0              
 1       20000           0.0006586497536 23.02809014     1               0              
 2       40000           5.104070125e-06 -140.53685      0.007749293304  -163.56494     
 3       60000           1.412648891e-06 -81.7359056     0.002144764928  -104.763996    
 4       80000           1.97122654e-07  8.829170554     0.0002992829693 -14.1989196    
 5       100000          3.261631598e-08 87.7230595      4.951996992e-05 64.69496936    
 6       120000          5.182033608e-09 167.8920989     7.867661956e-06 144.8640088    
 7       140000          8.176289665e-10 -112.947724     1.2413714e-06   -135.975814    
 8       160000          1.380113268e-10 -33.0087502     2.095367471e-07 -56.0368403    
 9       180000          2.827313456e-11 27.93017476     4.292590168e-08 4.90208462     

Doing analysis at TEMP = 27.000000 and TNOM = 27.000000

Using SPARSE 1.3 as Direct Linear Solver

No. of Data Rows : 1
h1k = 1.6075478688e-04
Doing analysis at TEMP = 27.000000 and TNOM = 27.000000

Using SPARSE 1.3 as Direct Linear Solver

No. of Data Rows : 1
h20k = 1.7241594095e-04
Doing analysis at TEMP = 27.000000 and TNOM = 27.000000

Using SPARSE 1.3 as Direct Linear Solver

No. of Data Rows : 1
mag(v(ain)) = 1.6789443402e-04
Doing analysis at TEMP = 27.000000 and TNOM = 27.000000

Using SPARSE 1.3 as Direct Linear Solver

No. of Data Rows : 61
zmin = 1.3003760212e+06
Doing analysis at TEMP = 27.000000 and TNOM = 27.000000

Using SPARSE 1.3 as Direct Linear Solver

No. of Data Rows : 1
cvcs1k = 1.6090147364e-04
Doing analysis at TEMP = 27.000000 and TNOM = 27.000000

Using SPARSE 1.3 as Direct Linear Solver

No. of Data Rows : 1
cvcs20k = 1.7236416321e-04
Doing analysis at TEMP = 27.000000 and TNOM = 27.000000

Using SPARSE 1.3 as Direct Linear Solver

No. of Data Rows : 1
cvcp1k = 2.1648873522e-04
Doing analysis at TEMP = 27.000000 and TNOM = 27.000000

Using SPARSE 1.3 as Direct Linear Solver

No. of Data Rows : 1
cvcp20k = 1.6881777168e-04
L47B1_CASO d=0.7000
Doing analysis at TEMP = 27.000000 and TNOM = 27.000000

Using SPARSE 1.3 as Direct Linear Solver

Initial Transient Solution
--------------------------

Node                                   Voltage
----                                   -------
vsn                                          0
srcx                              -1.05157e-05
ain                                -0.00419164
gs                                    -7.01046
gp                                    -4.20672
csf                                   -13.5983
cpf                                   -8.15907
cs                                         -15
cp                                          -9
vcp#branch                         8.40926e-06
vcs#branch                         1.40167e-05
vsrc#branch                       -7.01046e-06


No. of Data Rows : 4001
Fourier analysis for v(vsn):
  No. Harmonics: 10, THD: 1.82423e-10 %, Gridsize: 8192, Interpolation Degree: 1, No. Periods: 1

Harmonic Frequency       Magnitude       Phase           Norm. Mag       Norm. Phase    
-------- ---------       ---------       -----           ---------       -----------    
 0       0               -1.22454477e-12 0               0               0              
 1       1000            3.81799686      -3.71591613e-11 1               0              
 2       2000            2.459847601e-12 -89.4460182     6.4427701e-13   -89.4460182    
 3       3000            2.468423083e-12 -89.8027962     6.465230783e-13 -89.8027962    
 4       4000            2.490441226e-12 -88.3667386     6.522900143e-13 -88.3667386    
 5       5000            2.480985163e-12 -88.9950906     6.498133063e-13 -88.9950906    
 6       6000            2.441255333e-12 -89.3827447     6.394073705e-13 -89.3827447    
 7       7000            2.434110817e-12 -88.6304784     6.375360972e-13 -88.6304784    
 8       8000            2.463075865e-12 -87.6315719     6.451225487e-13 -87.6315719    
 9       9000            2.461053183e-12 -87.6257769     6.44592773e-13  -87.6257769    

Fourier analysis for v(ain):
  No. Harmonics: 10, THD: 0.0256214 %, Gridsize: 8192, Interpolation Degree: 1, No. Periods: 1

Harmonic Frequency       Magnitude       Phase           Norm. Mag       Norm. Phase    
-------- ---------       ---------       -----           ---------       -----------    
 0       0               -0.0041912056   0               0               0              
 1       1000            0.0003453203567 1.09639374      1               0              
 2       2000            8.11072769e-08  -162.263315     0.0002348754579 -163.359709    
 3       3000            3.418712669e-08 -81.18097       9.90011913e-05  -82.2773638    
 4       4000            7.537250344e-09 1.016299152     2.18268347e-05  -0.0800945888  
 5       5000            2.94480481e-09  13.20221677     8.527747505e-06 12.10582303    
 6       6000            2.300095843e-09 0.2473772765    6.660759492e-06 -0.849016464   
 7       7000            2.059223342e-09 -0.16525726     5.963226037e-06 -1.261651      
 8       8000            1.804216494e-09 0.3025228289    5.224761467e-06 -0.793870912   
 9       9000            1.601322888e-09 0.3253388151    4.637209642e-06 -0.771054925   

Doing analysis at TEMP = 27.000000 and TNOM = 27.000000

Using SPARSE 1.3 as Direct Linear Solver

Initial Transient Solution
--------------------------

Node                                   Voltage
----                                   -------
vsn                                          0
srcx                              -1.05157e-05
ain                                -0.00419164
gs                                    -7.01046
gp                                    -4.20672
csf                                   -13.5983
cpf                                   -8.15907
cs                                         -15
cp                                          -9
vcp#branch                         8.40926e-06
vcs#branch                         1.40167e-05
vsrc#branch                       -7.01046e-06


No. of Data Rows : 4001
Fourier analysis for v(vsn):
  No. Harmonics: 10, THD: 1.83239e-10 %, Gridsize: 8192, Interpolation Degree: 1, No. Periods: 1

Harmonic Frequency       Magnitude       Phase           Norm. Mag       Norm. Phase    
-------- ---------       ---------       -----           ---------       -----------    
 0       0               -1.22047511e-12 0               0               0              
 1       20000           3.81799686      -3.74644408e-11 1               0              
 2       40000           2.441485255e-12 -87.6909717     6.394675912e-13 -87.6909717    
 3       60000           2.482056324e-12 -88.0223523     6.50093862e-13  -88.0223523    
 4       80000           2.495568762e-12 -90.579458      6.536330055e-13 -90.579458     
 5       100000          2.488585988e-12 -87.9105573     6.51804095e-13  -87.9105573    
 6       120000          2.563165169e-12 -87.4528109     6.713376838e-13 -87.4528109    
 7       140000          2.462392976e-12 -88.6343298     6.449436882e-13 -88.6343298    
 8       160000          2.443844329e-12 -90.6396608     6.400854739e-13 -90.6396608    
 9       180000          2.407716348e-12 -87.4077148     6.306229252e-13 -87.4077148    

Fourier analysis for v(ain):
  No. Harmonics: 10, THD: 0.803014 %, Gridsize: 8192, Interpolation Degree: 1, No. Periods: 1

Harmonic Frequency       Magnitude       Phase           Norm. Mag       Norm. Phase    
-------- ---------       ---------       -----           ---------       -----------    
 0       0               -0.00419158489  0               0               0              
 1       20000           0.0003705141316 22.99073562     1               0              
 2       40000           2.864902612e-06 -141.571168     0.007732235742  -164.561904    
 3       60000           7.949633364e-07 -81.7946175     0.002145568194  -104.785353    
 4       80000           1.109969054e-07 8.715429509     0.0002995753628 -14.2753061    
 5       100000          1.835346921e-08 87.62149069     4.953513953e-05 64.63075507    
 6       120000          2.915021107e-09 167.7862629     7.867503176e-06 144.7955273    
 7       140000          4.597772386e-10 -113.048164     1.240916876e-06 -136.0389      
 8       160000          7.757691529e-11 -33.095502      2.093764007e-07 -56.0862376    
 9       180000          1.588842403e-11 27.89209743     4.288209995e-08 4.90136181     

Doing analysis at TEMP = 27.000000 and TNOM = 27.000000

Using SPARSE 1.3 as Direct Linear Solver

No. of Data Rows : 1
h1k = 9.0441503059e-05
Doing analysis at TEMP = 27.000000 and TNOM = 27.000000

Using SPARSE 1.3 as Direct Linear Solver

No. of Data Rows : 1
h20k = 9.6990120861e-05
Doing analysis at TEMP = 27.000000 and TNOM = 27.000000

Using SPARSE 1.3 as Direct Linear Solver

No. of Data Rows : 1
mag(v(ain)) = 9.4445964613e-05
Doing analysis at TEMP = 27.000000 and TNOM = 27.000000

Using SPARSE 1.3 as Direct Linear Solver

No. of Data Rows : 61
zmin = 1.3003477107e+06
Doing analysis at TEMP = 27.000000 and TNOM = 27.000000

Using SPARSE 1.3 as Direct Linear Solver

No. of Data Rows : 1
cvcs1k = 9.0524028243e-05
Doing analysis at TEMP = 27.000000 and TNOM = 27.000000

Using SPARSE 1.3 as Direct Linear Solver

No. of Data Rows : 1
cvcs20k = 9.6960992512e-05
Doing analysis at TEMP = 27.000000 and TNOM = 27.000000

Using SPARSE 1.3 as Direct Linear Solver

No. of Data Rows : 1
cvcp1k = 1.0121410808e-04
Doing analysis at TEMP = 27.000000 and TNOM = 27.000000

Using SPARSE 1.3 as Direct Linear Solver

No. of Data Rows : 1
cvcp20k = 9.5857032611e-05
L47B1_CASO d=0.7250
Doing analysis at TEMP = 27.000000 and TNOM = 27.000000

Using SPARSE 1.3 as Direct Linear Solver

Initial Transient Solution
--------------------------

Node                                   Voltage
----                                   -------
vsn                                          0
srcx                              -1.05151e-05
ain                                -0.00282048
gs                                     -7.0101
gp                                    -3.85589
csf                                   -13.5983
cpf                                    -7.4791
cs                                         -15
cp                                       -8.25
vcp#branch                         7.70897e-06
vcs#branch                         1.40174e-05
vsrc#branch                       -7.01009e-06


No. of Data Rows : 4001
Fourier analysis for v(vsn):
  No. Harmonics: 10, THD: 1.82423e-10 %, Gridsize: 8192, Interpolation Degree: 1, No. Periods: 1

Harmonic Frequency       Magnitude       Phase           Norm. Mag       Norm. Phase    
-------- ---------       ---------       -----           ---------       -----------    
 0       0               -1.22454477e-12 0               0               0              
 1       1000            3.81799686      -3.71591613e-11 1               0              
 2       2000            2.459847601e-12 -89.4460182     6.4427701e-13   -89.4460182    
 3       3000            2.468423083e-12 -89.8027962     6.465230783e-13 -89.8027962    
 4       4000            2.490441226e-12 -88.3667386     6.522900143e-13 -88.3667386    
 5       5000            2.480985163e-12 -88.9950906     6.498133063e-13 -88.9950906    
 6       6000            2.441255333e-12 -89.3827447     6.394073705e-13 -89.3827447    
 7       7000            2.434110817e-12 -88.6304784     6.375360972e-13 -88.6304784    
 8       8000            2.463075865e-12 -87.6315719     6.451225487e-13 -87.6315719    
 9       9000            2.461053183e-12 -87.6257769     6.44592773e-13  -87.6257769    

Fourier analysis for v(ain):
  No. Harmonics: 10, THD: 0.025045 %, Gridsize: 8192, Interpolation Degree: 1, No. Periods: 1

Harmonic Frequency       Magnitude       Phase           Norm. Mag       Norm. Phase    
-------- ---------       ---------       -----           ---------       -----------    
 0       0               -0.00282018572  0               0               0              
 1       1000            0.0002400312467 1.09605118      1               0              
 2       2000            5.486256493e-08 -169.282535     0.0002285642627 -170.378586    
 3       3000            2.376924944e-08 -81.1863526     9.902564674e-05 -82.2824037    
 4       4000            5.239385052e-09 1.015989888     2.182792917e-05 -0.0800612925  
 5       5000            2.045670266e-09 13.21896693     8.522516521e-06 12.12291575    
 6       6000            1.59760022e-09  0.2481176889    6.655801033e-06 -0.847933491   
 7       7000            1.430381845e-09 -0.165341179    5.959148506e-06 -1.26139236    
 8       8000            1.253251704e-09 0.3029998605    5.221202326e-06 -0.79305132    
 9       9000            1.112314537e-09 0.3258077234    4.634040578e-06 -0.770243457   

Doing analysis at TEMP = 27.000000 and TNOM = 27.000000

Using SPARSE 1.3 as Direct Linear Solver

Initial Transient Solution
--------------------------

Node                                   Voltage
----                                   -------
vsn                                          0
srcx                              -1.05151e-05
ain                                -0.00282048
gs                                     -7.0101
gp                                    -3.85589
csf                                   -13.5983
cpf                                    -7.4791
cs                                         -15
cp                                       -8.25
vcp#branch                         7.70897e-06
vcs#branch                         1.40174e-05
vsrc#branch                       -7.01009e-06


No. of Data Rows : 4001
Fourier analysis for v(vsn):
  No. Harmonics: 10, THD: 1.83239e-10 %, Gridsize: 8192, Interpolation Degree: 1, No. Periods: 1

Harmonic Frequency       Magnitude       Phase           Norm. Mag       Norm. Phase    
-------- ---------       ---------       -----           ---------       -----------    
 0       0               -1.22047511e-12 0               0               0              
 1       20000           3.81799686      -3.74644408e-11 1               0              
 2       40000           2.441485255e-12 -87.6909717     6.394675912e-13 -87.6909717    
 3       60000           2.482056324e-12 -88.0223523     6.50093862e-13  -88.0223523    
 4       80000           2.495568762e-12 -90.579458      6.536330055e-13 -90.579458     
 5       100000          2.488585988e-12 -87.9105573     6.51804095e-13  -87.9105573    
 6       120000          2.563165169e-12 -87.4528109     6.713376838e-13 -87.4528109    
 7       140000          2.462392976e-12 -88.6343298     6.449436882e-13 -88.6343298    
 8       160000          2.443844329e-12 -90.6396608     6.400854739e-13 -90.6396608    
 9       180000          2.407716348e-12 -87.4077148     6.306229252e-13 -87.4077148    

Fourier analysis for v(ain):
  No. Harmonics: 10, THD: 0.802668 %, Gridsize: 8192, Interpolation Degree: 1, No. Periods: 1

Harmonic Frequency       Magnitude       Phase           Norm. Mag       Norm. Phase    
-------- ---------       ---------       -----           ---------       -----------    
 0       0               -0.00282044991  0               0               0              
 1       20000           0.0002575354939 22.98279158     1               0              
 2       40000           1.990376454e-06 -141.819728     0.007728551993  -164.80252     
 3       60000           5.526411436e-07 -81.8051242     0.002145883409  -104.787916    
 4       80000           7.717521389e-08 8.692185021     0.0002996682622 -14.2906066    
 5       100000          1.275930853e-08 87.60258017     4.954388361e-05 64.6197886     
 6       120000          2.02640368e-09  167.7672534     7.868444266e-06 144.7844618    
 7       140000          3.195997463e-10 -113.065105     1.240993005e-06 -136.047897    
 8       160000          5.39196723e-11  -33.110432      2.093679263e-07 -56.0932235    
 9       180000          1.104171552e-11 27.89216272     4.28745388e-08  4.909371147    

Doing analysis at TEMP = 27.000000 and TNOM = 27.000000

Using SPARSE 1.3 as Direct Linear Solver

No. of Data Rows : 1
h1k = 6.2865651550e-05
Doing analysis at TEMP = 27.000000 and TNOM = 27.000000

Using SPARSE 1.3 as Direct Linear Solver

No. of Data Rows : 1
h20k = 6.7415499882e-05
Doing analysis at TEMP = 27.000000 and TNOM = 27.000000

Using SPARSE 1.3 as Direct Linear Solver

No. of Data Rows : 1
mag(v(ain)) = 6.5647066853e-05
Doing analysis at TEMP = 27.000000 and TNOM = 27.000000

Using SPARSE 1.3 as Direct Linear Solver

No. of Data Rows : 61
zmin = 1.3003366042e+06
Doing analysis at TEMP = 27.000000 and TNOM = 27.000000

Using SPARSE 1.3 as Direct Linear Solver

No. of Data Rows : 1
cvcs1k = 6.2923014164e-05
Doing analysis at TEMP = 27.000000 and TNOM = 27.000000

Using SPARSE 1.3 as Direct Linear Solver

No. of Data Rows : 1
cvcs20k = 6.7395253055e-05
Doing analysis at TEMP = 27.000000 and TNOM = 27.000000

Using SPARSE 1.3 as Direct Linear Solver

No. of Data Rows : 1
cvcp1k = 6.6539425769e-05
Doing analysis at TEMP = 27.000000 and TNOM = 27.000000

Using SPARSE 1.3 as Direct Linear Solver

No. of Data Rows : 1
cvcp20k = 6.6874536669e-05
L47B1_CASO d=0.7500
Doing analysis at TEMP = 27.000000 and TNOM = 27.000000

Using SPARSE 1.3 as Direct Linear Solver

Initial Transient Solution
--------------------------

Node                                   Voltage
----                                   -------
vsn                                          0
srcx                              -1.05148e-05
ain                                -0.00209077
gs                                     -7.0099
gp                                    -3.50523
csf                                   -13.5982
cpf                                   -6.79916
cs                                         -15
cp                                        -7.5
vcp#branch                         7.00837e-06
vcs#branch                         1.40177e-05
vsrc#branch                        -7.0099e-06


No. of Data Rows : 4001
Fourier analysis for v(vsn):
  No. Harmonics: 10, THD: 1.82423e-10 %, Gridsize: 8192, Interpolation Degree: 1, No. Periods: 1

Harmonic Frequency       Magnitude       Phase           Norm. Mag       Norm. Phase    
-------- ---------       ---------       -----           ---------       -----------    
 0       0               -1.22454477e-12 0               0               0              
 1       1000            3.81799686      -3.71591613e-11 1               0              
 2       2000            2.459847601e-12 -89.4460182     6.4427701e-13   -89.4460182    
 3       3000            2.468423083e-12 -89.8027962     6.465230783e-13 -89.8027962    
 4       4000            2.490441226e-12 -88.3667386     6.522900143e-13 -88.3667386    
 5       5000            2.480985163e-12 -88.9950906     6.498133063e-13 -88.9950906    
 6       6000            2.441255333e-12 -89.3827447     6.394073705e-13 -89.3827447    
 7       7000            2.434110817e-12 -88.6304784     6.375360972e-13 -88.6304784    
 8       8000            2.463075865e-12 -87.6315719     6.451225487e-13 -87.6315719    
 9       9000            2.461053183e-12 -87.6257769     6.44592773e-13  -87.6257769    

Fourier analysis for v(ain):
  No. Harmonics: 10, THD: 0.0249102 %, Gridsize: 8192, Interpolation Degree: 1, No. Periods: 1

Harmonic Frequency       Magnitude       Phase           Norm. Mag       Norm. Phase    
-------- ---------       ---------       -----           ---------       -----------    
 0       0               -0.00209055289  0               0               0              
 1       1000            0.0001839137446 1.095936286     1               0              
 2       2000            4.17633426e-08  -172.086941     0.000227081139  -173.182877    
 3       3000            1.821419335e-08 -81.1890394     9.903660754e-05 -82.2849757    
 4       4000            4.014592633e-09 1.015903337     2.182867105e-05 -0.0800329487  
 5       5000            1.567032424e-09 13.22594913     8.520474789e-06 12.13001284    
 6       6000            1.223733499e-09 0.2484071813    6.653844722e-06 -0.847529105   
 7       7000            1.095675384e-09 -0.165404129    5.957550297e-06 -1.26134041    
 8       8000            9.59994369e-10  0.3031788148    5.219807639e-06 -0.792757471   
 9       9000            8.520353457e-10 0.3259847491    4.632798639e-06 -0.769951537   

Doing analysis at TEMP = 27.000000 and TNOM = 27.000000

Using SPARSE 1.3 as Direct Linear Solver

Initial Transient Solution
--------------------------

Node                                   Voltage
----                                   -------
vsn                                          0
srcx                              -1.05148e-05
ain                                -0.00209077
gs                                     -7.0099
gp                                    -3.50523
csf                                   -13.5982
cpf                                   -6.79916
cs                                         -15
cp                                        -7.5
vcp#branch                         7.00837e-06
vcs#branch                         1.40177e-05
vsrc#branch                        -7.0099e-06


No. of Data Rows : 4001
Fourier analysis for v(vsn):
  No. Harmonics: 10, THD: 1.83239e-10 %, Gridsize: 8192, Interpolation Degree: 1, No. Periods: 1

Harmonic Frequency       Magnitude       Phase           Norm. Mag       Norm. Phase    
-------- ---------       ---------       -----           ---------       -----------    
 0       0               -1.22047511e-12 0               0               0              
 1       20000           3.81799686      -3.74644408e-11 1               0              
 2       40000           2.441485255e-12 -87.6909717     6.394675912e-13 -87.6909717    
 3       60000           2.482056324e-12 -88.0223523     6.50093862e-13  -88.0223523    
 4       80000           2.495568762e-12 -90.579458      6.536330055e-13 -90.579458     
 5       100000          2.488585988e-12 -87.9105573     6.51804095e-13  -87.9105573    
 6       120000          2.563165169e-12 -87.4528109     6.713376838e-13 -87.4528109    
 7       140000          2.462392976e-12 -88.6343298     6.449436882e-13 -88.6343298    
 8       160000          2.443844329e-12 -90.6396608     6.400854739e-13 -90.6396608    
 9       180000          2.407716348e-12 -87.4077148     6.306229252e-13 -87.4077148    

Fourier analysis for v(ain):
  No. Harmonics: 10, THD: 0.802543 %, Gridsize: 8192, Interpolation Degree: 1, No. Periods: 1

Harmonic Frequency       Magnitude       Phase           Norm. Mag       Norm. Phase    
-------- ---------       ---------       -----           ---------       -----------    
 0       0               -0.00209075547  0               0               0              
 1       20000           0.0001973232066 22.9800823      1               0              
 2       40000           1.524757211e-06 -141.91598      0.007727206735  -164.896063    
 3       60000           4.234654429e-07 -81.8078184     0.002146049875  -104.787901    
 4       80000           5.914027297e-08 8.684657757     0.0002997127099 -14.2954245    
 5       100000          9.777199078e-09 87.59725624     4.954915971e-05 64.61717394    
 6       120000          1.5527701e-09   167.7622243     7.86917123e-06  144.782142     
 7       140000          2.448958457e-10 -113.069109     1.241089935e-06 -136.049191    
 8       160000          4.131471204e-11 -33.1138919     2.093758395e-07 -56.0939742    
 9       180000          8.459809015e-12 27.89010464     4.287285394e-08 4.91002234     

Doing analysis at TEMP = 27.000000 and TNOM = 27.000000

Using SPARSE 1.3 as Direct Linear Solver

No. of Data Rows : 1
h1k = 4.8168136548e-05
Doing analysis at TEMP = 27.000000 and TNOM = 27.000000

Using SPARSE 1.3 as Direct Linear Solver

No. of Data Rows : 1
h20k = 5.1653624983e-05
Doing analysis at TEMP = 27.000000 and TNOM = 27.000000

Using SPARSE 1.3 as Direct Linear Solver

No. of Data Rows : 1
mag(v(ain)) = 5.0298656046e-05
Doing analysis at TEMP = 27.000000 and TNOM = 27.000000

Using SPARSE 1.3 as Direct Linear Solver

No. of Data Rows : 61
zmin = 1.3003306841e+06
Doing analysis at TEMP = 27.000000 and TNOM = 27.000000

Using SPARSE 1.3 as Direct Linear Solver

No. of Data Rows : 1
cvcs1k = 4.8212088041e-05
Doing analysis at TEMP = 27.000000 and TNOM = 27.000000

Using SPARSE 1.3 as Direct Linear Solver

No. of Data Rows : 1
cvcs20k = 5.1638111735e-05
Doing analysis at TEMP = 27.000000 and TNOM = 27.000000

Using SPARSE 1.3 as Direct Linear Solver

No. of Data Rows : 1
cvcp1k = 4.9821811059e-05
Doing analysis at TEMP = 27.000000 and TNOM = 27.000000

Using SPARSE 1.3 as Direct Linear Solver

No. of Data Rows : 1
cvcp20k = 5.1340757374e-05
L47B1_CASO d=0.7750
Doing analysis at TEMP = 27.000000 and TNOM = 27.000000

Using SPARSE 1.3 as Direct Linear Solver

Initial Transient Solution
--------------------------

Node                                   Voltage
----                                   -------
vsn                                          0
srcx                              -1.05147e-05
ain                                -0.00163781
gs                                    -7.00978
gp                                    -3.15464
csf                                   -13.5982
cpf                                   -6.11924
cs                                         -15
cp                                       -6.75
vcp#branch                         6.30765e-06
vcs#branch                         1.40179e-05
vsrc#branch                       -7.00978e-06


No. of Data Rows : 4001
Fourier analysis for v(vsn):
  No. Harmonics: 10, THD: 1.82423e-10 %, Gridsize: 8192, Interpolation Degree: 1, No. Periods: 1

Harmonic Frequency       Magnitude       Phase           Norm. Mag       Norm. Phase    
-------- ---------       ---------       -----           ---------       -----------    
 0       0               -1.22454477e-12 0               0               0              
 1       1000            3.81799686      -3.71591613e-11 1               0              
 2       2000            2.459847601e-12 -89.4460182     6.4427701e-13   -89.4460182    
 3       3000            2.468423083e-12 -89.8027962     6.465230783e-13 -89.8027962    
 4       4000            2.490441226e-12 -88.3667386     6.522900143e-13 -88.3667386    
 5       5000            2.480985163e-12 -88.9950906     6.498133063e-13 -88.9950906    
 6       6000            2.441255333e-12 -89.3827447     6.394073705e-13 -89.3827447    
 7       7000            2.434110817e-12 -88.6304784     6.375360972e-13 -88.6304784    
 8       8000            2.463075865e-12 -87.6315719     6.451225487e-13 -87.6315719    
 9       9000            2.461053183e-12 -87.6257769     6.44592773e-13  -87.6257769    

Fourier analysis for v(ain):
  No. Harmonics: 10, THD: 0.0248628 %, Gridsize: 8192, Interpolation Degree: 1, No. Periods: 1

Harmonic Frequency       Magnitude       Phase           Norm. Mag       Norm. Phase    
-------- ---------       ---------       -----           ---------       -----------    
 0       0               -0.00163763368  0               0               0              
 1       1000            0.0001490572306 1.09588829      1               0              
 2       2000            3.377024422e-08 -173.470499     0.0002265589136 -174.566387    
 3       3000            1.476303397e-08 -81.1904996     9.904272279e-05 -82.2863878    
 4       4000            3.253798503e-09 1.015879235     2.18291893e-05  -0.0800090551  
 5       5000            1.269888483e-09 13.22959968     8.519469185e-06 12.13371139    
 6       6000            9.916583985e-10 0.2485372246    6.65287014e-06  -0.847351066   
 7       7000            8.878980677e-10 -0.16544687     5.956759455e-06 -1.26133516    
 8       8000            7.779470828e-10 0.3032718998    5.21911671e-06  -0.792616391   
 9       9000            6.904604409e-10 0.3260780531    4.632183479e-06 -0.769810237   

Doing analysis at TEMP = 27.000000 and TNOM = 27.000000

Using SPARSE 1.3 as Direct Linear Solver

Initial Transient Solution
--------------------------

Node                                   Voltage
----                                   -------
vsn                                          0
srcx                              -1.05147e-05
ain                                -0.00163781
gs                                    -7.00978
gp                                    -3.15464
csf                                   -13.5982
cpf                                   -6.11924
cs                                         -15
cp                                       -6.75
vcp#branch                         6.30765e-06
vcs#branch                         1.40179e-05
vsrc#branch                       -7.00978e-06


No. of Data Rows : 4001
Fourier analysis for v(vsn):
  No. Harmonics: 10, THD: 1.83239e-10 %, Gridsize: 8192, Interpolation Degree: 1, No. Periods: 1

Harmonic Frequency       Magnitude       Phase           Norm. Mag       Norm. Phase    
-------- ---------       ---------       -----           ---------       -----------    
 0       0               -1.22047511e-12 0               0               0              
 1       20000           3.81799686      -3.74644408e-11 1               0              
 2       40000           2.441485255e-12 -87.6909717     6.394675912e-13 -87.6909717    
 3       60000           2.482056324e-12 -88.0223523     6.50093862e-13  -88.0223523    
 4       80000           2.495568762e-12 -90.579458      6.536330055e-13 -90.579458     
 5       100000          2.488585988e-12 -87.9105573     6.51804095e-13  -87.9105573    
 6       120000          2.563165169e-12 -87.4528109     6.713376838e-13 -87.4528109    
 7       140000          2.462392976e-12 -88.6343298     6.449436882e-13 -88.6343298    
 8       160000          2.443844329e-12 -90.6396608     6.400854739e-13 -90.6396608    
 9       180000          2.407716348e-12 -87.4077148     6.306229252e-13 -87.4077148    

Fourier analysis for v(ain):
  No. Harmonics: 10, THD: 0.802486 %, Gridsize: 8192, Interpolation Degree: 1, No. Periods: 1

Harmonic Frequency       Magnitude       Phase           Norm. Mag       Norm. Phase    
-------- ---------       ---------       -----           ---------       -----------    
 0       0               -0.00163779793  0               0               0              
 1       20000           0.000159924248  22.97892674     1               0              
 2       40000           1.235667611e-06 -141.96309      0.007726580715  -164.942017    
 3       60000           3.432218186e-07 -81.8084823     0.002146152462  -104.787409    
 4       80000           4.793545833e-08 8.681666131     0.0002997385257 -14.2972606    
 5       100000          7.924669837e-09 87.59559421     4.955264718e-05 64.61666747    
 6       120000          1.258556567e-09 167.7608619     7.869704454e-06 144.7819351    
 7       140000          1.984931716e-10 -113.069807     1.241169954e-06 -136.048734    
 8       160000          3.348601658e-11 -33.1136108     2.093867378e-07 -56.0925375    
 9       180000          6.856308891e-12 27.89454774     4.287222842e-08 4.915620999    

Doing analysis at TEMP = 27.000000 and TNOM = 27.000000

Using SPARSE 1.3 as Direct Linear Solver

No. of Data Rows : 1
h1k = 3.9039002737e-05
Doing analysis at TEMP = 27.000000 and TNOM = 27.000000

Using SPARSE 1.3 as Direct Linear Solver

No. of Data Rows : 1
h20k = 4.1863635849e-05
Doing analysis at TEMP = 27.000000 and TNOM = 27.000000

Using SPARSE 1.3 as Direct Linear Solver

No. of Data Rows : 1
mag(v(ain)) = 4.0765483349e-05
Doing analysis at TEMP = 27.000000 and TNOM = 27.000000

Using SPARSE 1.3 as Direct Linear Solver

No. of Data Rows : 61
zmin = 1.3003270070e+06
Doing analysis at TEMP = 27.000000 and TNOM = 27.000000

Using SPARSE 1.3 as Direct Linear Solver

No. of Data Rows : 1
cvcs1k = 3.9074624175e-05
Doing analysis at TEMP = 27.000000 and TNOM = 27.000000

Using SPARSE 1.3 as Direct Linear Solver

No. of Data Rows : 1
cvcs20k = 4.1851062766e-05
Doing analysis at TEMP = 27.000000 and TNOM = 27.000000

Using SPARSE 1.3 as Direct Linear Solver

No. of Data Rows : 1
cvcp1k = 3.9916713426e-05
Doing analysis at TEMP = 27.000000 and TNOM = 27.000000

Using SPARSE 1.3 as Direct Linear Solver

No. of Data Rows : 1
cvcp20k = 4.1661601810e-05
L47B1_CASO d=0.8000
Doing analysis at TEMP = 27.000000 and TNOM = 27.000000

Using SPARSE 1.3 as Direct Linear Solver

Initial Transient Solution
--------------------------

Node                                   Voltage
----                                   -------
vsn                                          0
srcx                              -1.05145e-05
ain                                -0.00132927
gs                                     -7.0097
gp                                    -2.80409
csf                                   -13.5982
cpf                                   -5.43931
cs                                         -15
cp                                          -6
vcp#branch                         5.60686e-06
vcs#branch                         1.40181e-05
vsrc#branch                        -7.0097e-06

 Reference value :  3.22814e-03
No. of Data Rows : 4001
Fourier analysis for v(vsn):
  No. Harmonics: 10, THD: 1.82423e-10 %, Gridsize: 8192, Interpolation Degree: 1, No. Periods: 1

Harmonic Frequency       Magnitude       Phase           Norm. Mag       Norm. Phase    
-------- ---------       ---------       -----           ---------       -----------    
 0       0               -1.22454477e-12 0               0               0              
 1       1000            3.81799686      -3.71591613e-11 1               0              
 2       2000            2.459847601e-12 -89.4460182     6.4427701e-13   -89.4460182    
 3       3000            2.468423083e-12 -89.8027962     6.465230783e-13 -89.8027962    
 4       4000            2.490441226e-12 -88.3667386     6.522900143e-13 -88.3667386    
 5       5000            2.480985163e-12 -88.9950906     6.498133063e-13 -88.9950906    
 6       6000            2.441255333e-12 -89.3827447     6.394073705e-13 -89.3827447    
 7       7000            2.434110817e-12 -88.6304784     6.375360972e-13 -88.6304784    
 8       8000            2.463075865e-12 -87.6315719     6.451225487e-13 -87.6315719    
 9       9000            2.461053183e-12 -87.6257769     6.44592773e-13  -87.6257769    

Fourier analysis for v(ain):
  No. Harmonics: 10, THD: 0.0248417 %, Gridsize: 8192, Interpolation Degree: 1, No. Periods: 1

Harmonic Frequency       Magnitude       Phase           Norm. Mag       Norm. Phase    
-------- ---------       ---------       -----           ---------       -----------    
 0       0               -0.00132912375  0               0               0              
 1       1000            0.00012530714   1.095865593     1               0              
 2       2000            2.836016309e-08 -174.251921     0.0002263251965 -175.347786    
 3       3000            1.241124502e-08 -81.1913761     9.904659077e-05 -82.2872417    
 4       4000            2.735400563e-09 1.015872779     2.182956664e-05 -0.0799928141  
 5       5000            1.067478914e-09 13.23179422     8.518899357e-06 12.13592863    
 6       6000            8.335822686e-10 0.2486163331    6.652312618e-06 -0.84724926    
 7       7000            7.463680171e-10 -0.16548194     5.956308771e-06 -1.26134753    
 8       8000            6.539434061e-10 0.3033180137    5.218724216e-06 -0.79254758    
 9       9000            5.804017645e-10 0.3261206725    4.631833146e-06 -0.769744921   

Doing analysis at TEMP = 27.000000 and TNOM = 27.000000

Using SPARSE 1.3 as Direct Linear Solver

Initial Transient Solution
--------------------------

Node                                   Voltage
----                                   -------
vsn                                          0
srcx                              -1.05145e-05
ain                                -0.00132927
gs                                     -7.0097
gp                                    -2.80409
csf                                   -13.5982
cpf                                   -5.43931
cs                                         -15
cp                                          -6
vcp#branch                         5.60686e-06
vcs#branch                         1.40181e-05
vsrc#branch                        -7.0097e-06


No. of Data Rows : 4001
Fourier analysis for v(vsn):
  No. Harmonics: 10, THD: 1.83239e-10 %, Gridsize: 8192, Interpolation Degree: 1, No. Periods: 1

Harmonic Frequency       Magnitude       Phase           Norm. Mag       Norm. Phase    
-------- ---------       ---------       -----           ---------       -----------    
 0       0               -1.22047511e-12 0               0               0              
 1       20000           3.81799686      -3.74644408e-11 1               0              
 2       40000           2.441485255e-12 -87.6909717     6.394675912e-13 -87.6909717    
 3       60000           2.482056324e-12 -88.0223523     6.50093862e-13  -88.0223523    
 4       80000           2.495568762e-12 -90.579458      6.536330055e-13 -90.579458     
 5       100000          2.488585988e-12 -87.9105573     6.51804095e-13  -87.9105573    
 6       120000          2.563165169e-12 -87.4528109     6.713376838e-13 -87.4528109    
 7       140000          2.462392976e-12 -88.6343298     6.449436882e-13 -88.6343298    
 8       160000          2.443844329e-12 -90.6396608     6.400854739e-13 -90.6396608    
 9       180000          2.407716348e-12 -87.4077148     6.306229252e-13 -87.4077148    

Fourier analysis for v(ain):
  No. Harmonics: 10, THD: 0.802456 %, Gridsize: 8192, Interpolation Degree: 1, No. Periods: 1

Harmonic Frequency       Magnitude       Phase           Norm. Mag       Norm. Phase    
-------- ---------       ---------       -----           ---------       -----------    
 0       0               -0.00132926185  0               0               0              
 1       20000           0.0001344421667 22.97836592     1               0              
 2       40000           1.038733223e-06 -141.989637     0.007726245778  -164.968003    
 3       60000           2.885427185e-07 -81.8085011     0.002146221871  -104.786867    
 4       80000           4.029975387e-08 8.680354106     0.0002997553138 -14.2980118    
 5       100000          6.662297078e-09 87.59516658     4.955511534e-05 64.61680067    
 6       120000          1.058073273e-09 167.7606929     7.870099828e-06 144.7823269    
 7       140000          1.668746188e-10 -113.069476     1.241237202e-06 -136.047842    
 8       160000          2.815161621e-11 -33.113096      2.093957342e-07 -56.0914619    
 9       180000          5.763886352e-12 27.89939602     4.28726083e-08  4.921030107    

Doing analysis at TEMP = 27.000000 and TNOM = 27.000000

Using SPARSE 1.3 as Direct Linear Solver

No. of Data Rows : 1
h1k = 3.2818708741e-05
Doing analysis at TEMP = 27.000000 and TNOM = 27.000000

Using SPARSE 1.3 as Direct Linear Solver

No. of Data Rows : 1
h20k = 3.5193148425e-05
Doing analysis at TEMP = 27.000000 and TNOM = 27.000000

Using SPARSE 1.3 as Direct Linear Solver

No. of Data Rows : 1
mag(v(ain)) = 3.4269980742e-05
Doing analysis at TEMP = 27.000000 and TNOM = 27.000000

Using SPARSE 1.3 as Direct Linear Solver

No. of Data Rows : 61
zmin = 1.3003245014e+06
Doing analysis at TEMP = 27.000000 and TNOM = 27.000000

Using SPARSE 1.3 as Direct Linear Solver

No. of Data Rows : 1
cvcs1k = 3.2848654374e-05
Doing analysis at TEMP = 27.000000 and TNOM = 27.000000

Using SPARSE 1.3 as Direct Linear Solver

No. of Data Rows : 1
cvcs20k = 3.5182578669e-05
Doing analysis at TEMP = 27.000000 and TNOM = 27.000000

Using SPARSE 1.3 as Direct Linear Solver

No. of Data Rows : 1
cvcp1k = 3.3338463104e-05
Doing analysis at TEMP = 27.000000 and TNOM = 27.000000

Using SPARSE 1.3 as Direct Linear Solver

No. of Data Rows : 1
cvcp20k = 3.5053049216e-05
L47B1_CASO d=0.8250
Doing analysis at TEMP = 27.000000 and TNOM = 27.000000

Using SPARSE 1.3 as Direct Linear Solver

Initial Transient Solution
--------------------------

Node                                   Voltage
----                                   -------
vsn                                          0
srcx                              -1.05145e-05
ain                                -0.00110559
gs                                    -7.00964
gp                                    -2.45356
csf                                   -13.5982
cpf                                    -4.7594
cs                                         -15
cp                                       -5.25
vcp#branch                         4.90603e-06
vcs#branch                         1.40182e-05
vsrc#branch                       -7.00964e-06


No. of Data Rows : 4001
Fourier analysis for v(vsn):
  No. Harmonics: 10, THD: 1.82423e-10 %, Gridsize: 8192, Interpolation Degree: 1, No. Periods: 1

Harmonic Frequency       Magnitude       Phase           Norm. Mag       Norm. Phase    
-------- ---------       ---------       -----           ---------       -----------    
 0       0               -1.22454477e-12 0               0               0              
 1       1000            3.81799686      -3.71591613e-11 1               0              
 2       2000            2.459847601e-12 -89.4460182     6.4427701e-13   -89.4460182    
 3       3000            2.468423083e-12 -89.8027962     6.465230783e-13 -89.8027962    
 4       4000            2.490441226e-12 -88.3667386     6.522900143e-13 -88.3667386    
 5       5000            2.480985163e-12 -88.9950906     6.498133063e-13 -88.9950906    
 6       6000            2.441255333e-12 -89.3827447     6.394073705e-13 -89.3827447    
 7       7000            2.434110817e-12 -88.6304784     6.375360972e-13 -88.6304784    
 8       8000            2.463075865e-12 -87.6315719     6.451225487e-13 -87.6315719    
 9       9000            2.461053183e-12 -87.6257769     6.44592773e-13  -87.6257769    

Fourier analysis for v(ain):
  No. Harmonics: 10, THD: 0.0248306 %, Gridsize: 8192, Interpolation Degree: 1, No. Periods: 1

Harmonic Frequency       Magnitude       Phase           Norm. Mag       Norm. Phase    
-------- ---------       ---------       -----           ---------       -----------    
 0       0               -0.0011054592   0               0               0              
 1       1000            0.000108085892  1.095853974     1               0              
 2       2000            2.444935639e-08 -174.735957     0.0002262030311 -175.831811    
 3       3000            1.070582604e-08 -81.1919438     9.904924536e-05 -82.2877978    
 4       4000            2.359499196e-09 1.015875661     2.182985357e-05 -0.0799783129  
 5       5000            9.207344879e-10 13.23323091     8.518544564e-06 12.13737693    
 6       6000            7.189832264e-10 0.2486627736    6.651961814e-06 -0.8471912     
 7       7000            6.437625253e-10 -0.165504835    5.956027316e-06 -1.26135881    
 8       8000            5.640439183e-10 0.3033505597    5.218478636e-06 -0.792503414   
 9       9000            5.006121676e-10 0.3261565921    4.631614342e-06 -0.769697382   

Doing analysis at TEMP = 27.000000 and TNOM = 27.000000

Using SPARSE 1.3 as Direct Linear Solver

Initial Transient Solution
--------------------------

Node                                   Voltage
----                                   -------
vsn                                          0
srcx                              -1.05145e-05
ain                                -0.00110559
gs                                    -7.00964
gp                                    -2.45356
csf                                   -13.5982
cpf                                    -4.7594
cs                                         -15
cp                                       -5.25
vcp#branch                         4.90603e-06
vcs#branch                         1.40182e-05
vsrc#branch                       -7.00964e-06


No. of Data Rows : 4001
Fourier analysis for v(vsn):
  No. Harmonics: 10, THD: 1.83239e-10 %, Gridsize: 8192, Interpolation Degree: 1, No. Periods: 1

Harmonic Frequency       Magnitude       Phase           Norm. Mag       Norm. Phase    
-------- ---------       ---------       -----           ---------       -----------    
 0       0               -1.22047511e-12 0               0               0              
 1       20000           3.81799686      -3.74644408e-11 1               0              
 2       40000           2.441485255e-12 -87.6909717     6.394675912e-13 -87.6909717    
 3       60000           2.482056324e-12 -88.0223523     6.50093862e-13  -88.0223523    
 4       80000           2.495568762e-12 -90.579458      6.536330055e-13 -90.579458     
 5       100000          2.488585988e-12 -87.9105573     6.51804095e-13  -87.9105573    
 6       120000          2.563165169e-12 -87.4528109     6.713376838e-13 -87.4528109    
 7       140000          2.462392976e-12 -88.6343298     6.449436882e-13 -88.6343298    
 8       160000          2.443844329e-12 -90.6396608     6.400854739e-13 -90.6396608    
 9       180000          2.407716348e-12 -87.4077148     6.306229252e-13 -87.4077148    

Fourier analysis for v(ain):
  No. Harmonics: 10, THD: 0.802438 %, Gridsize: 8192, Interpolation Degree: 1, No. Periods: 1

Harmonic Frequency       Magnitude       Phase           Norm. Mag       Norm. Phase    
-------- ---------       ---------       -----           ---------       -----------    
 0       0               -0.00110557834  0               0               0              
 1       20000           0.0001159651984 22.97806958     1               0              
 2       40000           8.959529347e-07 -142.006085     0.007726050115  -164.984154    
 3       60000           2.488928404e-07 -81.8083044     0.002146271845  -104.786374    
 4       80000           3.476254804e-08 8.679758966     0.0002997670724 -14.2983106    
 5       100000          5.746881496e-09 87.59520035     4.955694961e-05 64.61713077    
 6       120000          9.126930734e-10 167.760937      7.870404964e-06 144.7828675    
 7       140000          1.439462398e-10 -113.068898     1.241288263e-06 -136.046967    
 8       160000          2.428362594e-11 -33.1124303     2.094044271e-07 -56.0904999    
 9       180000          4.971777288e-12 27.89665067     4.287301152e-08 4.918581087    

Doing analysis at TEMP = 27.000000 and TNOM = 27.000000

Using SPARSE 1.3 as Direct Linear Solver

No. of Data Rows : 1
h1k = 2.8308358433e-05
Doing analysis at TEMP = 27.000000 and TNOM = 27.000000

Using SPARSE 1.3 as Direct Linear Solver

No. of Data Rows : 1
h20k = 3.0356401460e-05
Doing analysis at TEMP = 27.000000 and TNOM = 27.000000

Using SPARSE 1.3 as Direct Linear Solver

No. of Data Rows : 1
mag(v(ain)) = 2.9560114550e-05
Doing analysis at TEMP = 27.000000 and TNOM = 27.000000

Using SPARSE 1.3 as Direct Linear Solver

No. of Data Rows : 61
zmin = 1.3003226848e+06
Doing analysis at TEMP = 27.000000 and TNOM = 27.000000

Using SPARSE 1.3 as Direct Linear Solver

No. of Data Rows : 1
cvcs1k = 2.8334188537e-05
Doing analysis at TEMP = 27.000000 and TNOM = 27.000000

Using SPARSE 1.3 as Direct Linear Solver

No. of Data Rows : 1
cvcs20k = 3.0347284321e-05
Doing analysis at TEMP = 27.000000 and TNOM = 27.000000

Using SPARSE 1.3 as Direct Linear Solver

No. of Data Rows : 1
cvcp1k = 2.8641254807e-05
Doing analysis at TEMP = 27.000000 and TNOM = 27.000000

Using SPARSE 1.3 as Direct Linear Solver

No. of Data Rows : 1
cvcp20k = 3.0254321241e-05
L47B1_CASO d=0.8500
Doing analysis at TEMP = 27.000000 and TNOM = 27.000000

Using SPARSE 1.3 as Direct Linear Solver

Initial Transient Solution
--------------------------

Node                                   Voltage
----                                   -------
vsn                                          0
srcx                              -1.05144e-05
ain                               -0.000935984
gs                                    -7.00959
gp                                    -2.10305
csf                                   -13.5982
cpf                                   -4.07948
cs                                         -15
cp                                        -4.5
vcp#branch                         4.20517e-06
vcs#branch                         1.40183e-05
vsrc#branch                       -7.00959e-06


No. of Data Rows : 4001
Fourier analysis for v(vsn):
  No. Harmonics: 10, THD: 1.82423e-10 %, Gridsize: 8192, Interpolation Degree: 1, No. Periods: 1

Harmonic Frequency       Magnitude       Phase           Norm. Mag       Norm. Phase    
-------- ---------       ---------       -----           ---------       -----------    
 0       0               -1.22454477e-12 0               0               0              
 1       1000            3.81799686      -3.71591613e-11 1               0              
 2       2000            2.459847601e-12 -89.4460182     6.4427701e-13   -89.4460182    
 3       3000            2.468423083e-12 -89.8027962     6.465230783e-13 -89.8027962    
 4       4000            2.490441226e-12 -88.3667386     6.522900143e-13 -88.3667386    
 5       5000            2.480985163e-12 -88.9950906     6.498133063e-13 -88.9950906    
 6       6000            2.441255333e-12 -89.3827447     6.394073705e-13 -89.3827447    
 7       7000            2.434110817e-12 -88.6304784     6.375360972e-13 -88.6304784    
 8       8000            2.463075865e-12 -87.6315719     6.451225487e-13 -87.6315719    
 9       9000            2.461053183e-12 -87.6257769     6.44592773e-13  -87.6257769    

Fourier analysis for v(ain):
  No. Harmonics: 10, THD: 0.0248242 %, Gridsize: 8192, Interpolation Degree: 1, No. Periods: 1

Harmonic Frequency       Magnitude       Phase           Norm. Mag       Norm. Phase    
-------- ---------       ---------       -----           ---------       -----------    
 0       0               -0.000935871308 0               0               0              
 1       1000            9.502715512e-05 1.095847638     1               0              
 2       2000            2.148868083e-08 -175.0565       0.000226132002  -176.152348    
 3       3000            9.412551378e-09 -81.1923345     9.905117507e-05 -82.2881822    
 4       4000            2.074450233e-09 1.015881169     2.183007825e-05 -0.079966469   
 5       5000            8.094706012e-10 13.23423556     8.518308268e-06 12.13838792    
 6       6000            6.3209457e-10   0.2486879876    6.651725701e-06 -0.847159651   
 7       7000            5.659664417e-10 -0.165521994    5.955839054e-06 -1.26136963    
 8       8000            4.958815505e-10 0.3033792324    5.218314174e-06 -0.792468406   
 9       9000            4.401152069e-10 0.3261774493    4.631467777e-06 -0.769670189   

Doing analysis at TEMP = 27.000000 and TNOM = 27.000000

Using SPARSE 1.3 as Direct Linear Solver

Initial Transient Solution
--------------------------

Node                                   Voltage
----                                   -------
vsn                                          0
srcx                              -1.05144e-05
ain                               -0.000935984
gs                                    -7.00959
gp                                    -2.10305
csf                                   -13.5982
cpf                                   -4.07948
cs                                         -15
cp                                        -4.5
vcp#branch                         4.20517e-06
vcs#branch                         1.40183e-05
vsrc#branch                       -7.00959e-06


No. of Data Rows : 4001
Fourier analysis for v(vsn):
  No. Harmonics: 10, THD: 1.83239e-10 %, Gridsize: 8192, Interpolation Degree: 1, No. Periods: 1

Harmonic Frequency       Magnitude       Phase           Norm. Mag       Norm. Phase    
-------- ---------       ---------       -----           ---------       -----------    
 0       0               -1.22047511e-12 0               0               0              
 1       20000           3.81799686      -3.74644408e-11 1               0              
 2       40000           2.441485255e-12 -87.6909717     6.394675912e-13 -87.6909717    
 3       60000           2.482056324e-12 -88.0223523     6.50093862e-13  -88.0223523    
 4       80000           2.495568762e-12 -90.579458      6.536330055e-13 -90.579458     
 5       100000          2.488585988e-12 -87.9105573     6.51804095e-13  -87.9105573    
 6       120000          2.563165169e-12 -87.4528109     6.713376838e-13 -87.4528109    
 7       140000          2.462392976e-12 -88.6343298     6.449436882e-13 -88.6343298    
 8       160000          2.443844329e-12 -90.6396608     6.400854739e-13 -90.6396608    
 9       180000          2.407716348e-12 -87.4077148     6.306229252e-13 -87.4077148    

Fourier analysis for v(ain):
  No. Harmonics: 10, THD: 0.802428 %, Gridsize: 8192, Interpolation Degree: 1, No. Periods: 1

Harmonic Frequency       Magnitude       Phase           Norm. Mag       Norm. Phase    
-------- ---------       ---------       -----           ---------       -----------    
 0       0               -0.000935976063 0               0               0              
 1       20000           0.0001019543323 22.97790218     1               0              
 2       40000           7.876919615e-07 -142.017        0.007725929284  -164.994902    
 3       60000           2.188255462e-07 -81.8080471     0.002146309443  -104.785949    
 4       80000           3.056343587e-08 8.679495883     0.0002997757445 -14.2984063    
 5       100000          5.05268956e-09  87.59540565     4.955836055e-05 64.61750347    
 6       120000          8.024462735e-10 167.761311      7.870644193e-06 144.7834088    
 7       140000          1.265589174e-10 -113.068276     1.241329471e-06 -136.046178    
 8       160000          2.13504364e-11  -33.11155       2.094117623e-07 -56.0894522    
 9       180000          4.371099705e-12 27.90023355     4.287311394e-08 4.922331372    

Doing analysis at TEMP = 27.000000 and TNOM = 27.000000

Using SPARSE 1.3 as Direct Linear Solver

No. of Data Rows : 1
h1k = 2.4888195211e-05
Doing analysis at TEMP = 27.000000 and TNOM = 27.000000

Using SPARSE 1.3 as Direct Linear Solver

No. of Data Rows : 1
h20k = 2.6688753644e-05
Doing analysis at TEMP = 27.000000 and TNOM = 27.000000

Using SPARSE 1.3 as Direct Linear Solver

No. of Data Rows : 1
mag(v(ain)) = 2.5988678719e-05
Doing analysis at TEMP = 27.000000 and TNOM = 27.000000

Using SPARSE 1.3 as Direct Linear Solver

No. of Data Rows : 61
zmin = 1.3003213071e+06
Doing analysis at TEMP = 27.000000 and TNOM = 27.000000

Using SPARSE 1.3 as Direct Linear Solver

No. of Data Rows : 1
cvcs1k = 2.4910904549e-05
Doing analysis at TEMP = 27.000000 and TNOM = 27.000000

Using SPARSE 1.3 as Direct Linear Solver

No. of Data Rows : 1
cvcs20k = 2.6680738014e-05
Doing analysis at TEMP = 27.000000 and TNOM = 27.000000

Using SPARSE 1.3 as Direct Linear Solver

No. of Data Rows : 1
cvcp1k = 2.5114461032e-05
Doing analysis at TEMP = 27.000000 and TNOM = 27.000000

Using SPARSE 1.3 as Direct Linear Solver

No. of Data Rows : 1
cvcp20k = 2.6611649726e-05
L47B1_CASO d=0.8750
Doing analysis at TEMP = 27.000000 and TNOM = 27.000000

Using SPARSE 1.3 as Direct Linear Solver

Initial Transient Solution
--------------------------

Node                                   Voltage
----                                   -------
vsn                                          0
srcx                              -1.05143e-05
ain                               -0.000802964
gs                                    -7.00956
gp                                    -1.75255
csf                                   -13.5982
cpf                                   -3.39957
cs                                         -15
cp                                       -3.75
vcp#branch                          3.5043e-06
vcs#branch                         1.40183e-05
vsrc#branch                       -7.00956e-06


No. of Data Rows : 4001
Fourier analysis for v(vsn):
  No. Harmonics: 10, THD: 1.82423e-10 %, Gridsize: 8192, Interpolation Degree: 1, No. Periods: 1

Harmonic Frequency       Magnitude       Phase           Norm. Mag       Norm. Phase    
-------- ---------       ---------       -----           ---------       -----------    
 0       0               -1.22454477e-12 0               0               0              
 1       1000            3.81799686      -3.71591613e-11 1               0              
 2       2000            2.459847601e-12 -89.4460182     6.4427701e-13   -89.4460182    
 3       3000            2.468423083e-12 -89.8027962     6.465230783e-13 -89.8027962    
 4       4000            2.490441226e-12 -88.3667386     6.522900143e-13 -88.3667386    
 5       5000            2.480985163e-12 -88.9950906     6.498133063e-13 -88.9950906    
 6       6000            2.441255333e-12 -89.3827447     6.394073705e-13 -89.3827447    
 7       7000            2.434110817e-12 -88.6304784     6.375360972e-13 -88.6304784    
 8       8000            2.463075865e-12 -87.6315719     6.451225487e-13 -87.6315719    
 9       9000            2.461053183e-12 -87.6257769     6.44592773e-13  -87.6257769    

Fourier analysis for v(ain):
  No. Harmonics: 10, THD: 0.0248202 %, Gridsize: 8192, Interpolation Degree: 1, No. Periods: 1

Harmonic Frequency       Magnitude       Phase           Norm. Mag       Norm. Phase    
-------- ---------       ---------       -----           ---------       -----------    
 0       0               -0.000802863308 0               0               0              
 1       1000            8.478470917e-05 1.09584391      1               0              
 2       2000            1.916875942e-08 -175.279776     0.0002260874585 -176.37562     
 3       3000            8.398149089e-09 -81.192617      9.905263781e-05 -82.2884609    
 4       4000            1.850872081e-09 1.015885579     2.183025807e-05 -0.0799583306  
 5       5000            7.22208267e-10  13.23497068     8.518142882e-06 12.13912677    
 6       6000            5.639504751e-10 0.2487077684    6.651558761e-06 -0.847136141   
 7       7000            5.049528459e-10 -0.165533422    5.955706528e-06 -1.26137733    
 8       8000            4.42423468e-10  0.3033989538    5.218198804e-06 -0.792444956   
 9       9000            3.926689101e-10 0.3261912196    4.631364711e-06 -0.76965269    

Doing analysis at TEMP = 27.000000 and TNOM = 27.000000

Using SPARSE 1.3 as Direct Linear Solver

Initial Transient Solution
--------------------------

Node                                   Voltage
----                                   -------
vsn                                          0
srcx                              -1.05143e-05
ain                               -0.000802964
gs                                    -7.00956
gp                                    -1.75255
csf                                   -13.5982
cpf                                   -3.39957
cs                                         -15
cp                                       -3.75
vcp#branch                          3.5043e-06
vcs#branch                         1.40183e-05
vsrc#branch                       -7.00956e-06


No. of Data Rows : 4001
Fourier analysis for v(vsn):
  No. Harmonics: 10, THD: 1.83239e-10 %, Gridsize: 8192, Interpolation Degree: 1, No. Periods: 1

Harmonic Frequency       Magnitude       Phase           Norm. Mag       Norm. Phase    
-------- ---------       ---------       -----           ---------       -----------    
 0       0               -1.22047511e-12 0               0               0              
 1       20000           3.81799686      -3.74644408e-11 1               0              
 2       40000           2.441485255e-12 -87.6909717     6.394675912e-13 -87.6909717    
 3       60000           2.482056324e-12 -88.0223523     6.50093862e-13  -88.0223523    
 4       80000           2.495568762e-12 -90.579458      6.536330055e-13 -90.579458     
 5       100000          2.488585988e-12 -87.9105573     6.51804095e-13  -87.9105573    
 6       120000          2.563165169e-12 -87.4528109     6.713376838e-13 -87.4528109    
 7       140000          2.462392976e-12 -88.6343298     6.449436882e-13 -88.6343298    
 8       160000          2.443844329e-12 -90.6396608     6.400854739e-13 -90.6396608    
 9       180000          2.407716348e-12 -87.4077148     6.306229252e-13 -87.4077148    

Fourier analysis for v(ain):
  No. Harmonics: 10, THD: 0.802421 %, Gridsize: 8192, Interpolation Degree: 1, No. Periods: 1

Harmonic Frequency       Magnitude       Phase           Norm. Mag       Norm. Phase    
-------- ---------       ---------       -----           ---------       -----------    
 0       0               -0.000802956778 0               0               0              
 1       20000           9.096513574e-05 22.97780063     1               0              
 2       40000           7.027832122e-07 -142.024636     0.0077258524    -165.002437    
 3       60000           1.952419873e-07 -81.8077903     0.002146338658  -104.785591    
 4       80000           2.72697461e-08  8.679390079     0.0002997823933 -14.2984106    
 5       100000          4.508184807e-09 87.59565943     4.95594798e-05  64.61785879    
 6       120000          7.159719107e-10 167.7616991     7.870838699e-06 144.7838984    
 7       140000          1.129206816e-10 -113.06771      1.241362207e-06 -136.045511    
 8       160000          1.904948357e-11 -33.1112509     2.094152163e-07 -56.0890516    
 9       180000          3.900023558e-12 27.90150113     4.287382772e-08 4.923700494    

Doing analysis at TEMP = 27.000000 and TNOM = 27.000000

Using SPARSE 1.3 as Direct Linear Solver

No. of Data Rows : 1
h1k = 2.2205635819e-05
Doing analysis at TEMP = 27.000000 and TNOM = 27.000000

Using SPARSE 1.3 as Direct Linear Solver

No. of Data Rows : 1
h20k = 2.3812093376e-05
Doing analysis at TEMP = 27.000000 and TNOM = 27.000000

Using SPARSE 1.3 as Direct Linear Solver

No. of Data Rows : 1
mag(v(ain)) = 2.3187480668e-05
Doing analysis at TEMP = 27.000000 and TNOM = 27.000000

Using SPARSE 1.3 as Direct Linear Solver

No. of Data Rows : 61
zmin = 1.3003202265e+06
Doing analysis at TEMP = 27.000000 and TNOM = 27.000000

Using SPARSE 1.3 as Direct Linear Solver

No. of Data Rows : 1
cvcs1k = 2.2225897430e-05
Doing analysis at TEMP = 27.000000 and TNOM = 27.000000

Using SPARSE 1.3 as Direct Linear Solver

No. of Data Rows : 1
cvcs20k = 2.3804941701e-05
Doing analysis at TEMP = 27.000000 and TNOM = 27.000000

Using SPARSE 1.3 as Direct Linear Solver

No. of Data Rows : 1
cvcp1k = 2.2366830301e-05
Doing analysis at TEMP = 27.000000 and TNOM = 27.000000

Using SPARSE 1.3 as Direct Linear Solver

No. of Data Rows : 1
cvcp20k = 2.3752267011e-05
L47B1_CASO d=0.9000
Doing analysis at TEMP = 27.000000 and TNOM = 27.000000

Using SPARSE 1.3 as Direct Linear Solver

Initial Transient Solution
--------------------------

Node                                   Voltage
----                                   -------
vsn                                          0
srcx                              -1.05143e-05
ain                               -0.000695842
gs                                    -7.00953
gp                                    -1.40205
csf                                   -13.5982
cpf                                   -2.71966
cs                                         -15
cp                                          -3
vcp#branch                         2.80341e-06
vcs#branch                         1.40184e-05
vsrc#branch                       -7.00953e-06


No. of Data Rows : 4001
Fourier analysis for v(vsn):
  No. Harmonics: 10, THD: 1.82423e-10 %, Gridsize: 8192, Interpolation Degree: 1, No. Periods: 1

Harmonic Frequency       Magnitude       Phase           Norm. Mag       Norm. Phase    
-------- ---------       ---------       -----           ---------       -----------    
 0       0               -1.22454477e-12 0               0               0              
 1       1000            3.81799686      -3.71591613e-11 1               0              
 2       2000            2.459847601e-12 -89.4460182     6.4427701e-13   -89.4460182    
 3       3000            2.468423083e-12 -89.8027962     6.465230783e-13 -89.8027962    
 4       4000            2.490441226e-12 -88.3667386     6.522900143e-13 -88.3667386    
 5       5000            2.480985163e-12 -88.9950906     6.498133063e-13 -88.9950906    
 6       6000            2.441255333e-12 -89.3827447     6.394073705e-13 -89.3827447    
 7       7000            2.434110817e-12 -88.6304784     6.375360972e-13 -88.6304784    
 8       8000            2.463075865e-12 -87.6315719     6.451225487e-13 -87.6315719    
 9       9000            2.461053183e-12 -87.6257769     6.44592773e-13  -87.6257769    

Fourier analysis for v(ain):
  No. Harmonics: 10, THD: 0.0248176 %, Gridsize: 8192, Interpolation Degree: 1, No. Periods: 1

Harmonic Frequency       Magnitude       Phase           Norm. Mag       Norm. Phase    
-------- ---------       ---------       -----           ---------       -----------    
 0       0               -0.00069575138  0               0               0              
 1       1000            7.6536288e-05   1.095841412     1               0              
 2       2000            1.730163698e-08 -175.441577     0.0002260579579 -176.537418    
 3       3000            7.581208894e-09 -81.1928287     9.905378339e-05 -82.2886701    
 4       4000            1.670818284e-09 1.015890186     2.183040656e-05 -0.0799512253  
 5       5000            6.51937807e-10  13.23553136     8.518022288e-06 12.13968995    
 6       6000            5.090762374e-10 0.2487259359    6.651436209e-06 -0.847115476   
 7       7000            4.558202674e-10 -0.165544238    5.955609806e-06 -1.26138565    
 8       8000            3.993751112e-10 0.3034095125    5.218114461e-06 -0.792431899   
 9       9000            3.544617008e-10 0.3262071688    4.631289419e-06 -0.769634243   

Doing analysis at TEMP = 27.000000 and TNOM = 27.000000

Using SPARSE 1.3 as Direct Linear Solver

Initial Transient Solution
--------------------------

Node                                   Voltage
----                                   -------
vsn                                          0
srcx                              -1.05143e-05
ain                               -0.000695842
gs                                    -7.00953
gp                                    -1.40205
csf                                   -13.5982
cpf                                   -2.71966
cs                                         -15
cp                                          -3
vcp#branch                         2.80341e-06
vcs#branch                         1.40184e-05
vsrc#branch                       -7.00953e-06


No. of Data Rows : 4001
Fourier analysis for v(vsn):
  No. Harmonics: 10, THD: 1.83239e-10 %, Gridsize: 8192, Interpolation Degree: 1, No. Periods: 1

Harmonic Frequency       Magnitude       Phase           Norm. Mag       Norm. Phase    
-------- ---------       ---------       -----           ---------       -----------    
 0       0               -1.22047511e-12 0               0               0              
 1       20000           3.81799686      -3.74644408e-11 1               0              
 2       40000           2.441485255e-12 -87.6909717     6.394675912e-13 -87.6909717    
 3       60000           2.482056324e-12 -88.0223523     6.50093862e-13  -88.0223523    
 4       80000           2.495568762e-12 -90.579458      6.536330055e-13 -90.579458     
 5       100000          2.488585988e-12 -87.9105573     6.51804095e-13  -87.9105573    
 6       120000          2.563165169e-12 -87.4528109     6.713376838e-13 -87.4528109    
 7       140000          2.462392976e-12 -88.6343298     6.449436882e-13 -88.6343298    
 8       160000          2.443844329e-12 -90.6396608     6.400854739e-13 -90.6396608    
 9       180000          2.407716348e-12 -87.4077148     6.306229252e-13 -87.4077148    

Fourier analysis for v(ain):
  No. Harmonics: 10, THD: 0.802417 %, Gridsize: 8192, Interpolation Degree: 1, No. Periods: 1

Harmonic Frequency       Magnitude       Phase           Norm. Mag       Norm. Phase    
-------- ---------       ---------       -----           ---------       -----------    
 0       0               -0.000695835761 0               0               0              
 1       20000           8.211536533e-05 22.97773241     1               0              
 2       40000           6.344071678e-07 -142.030212     0.007725803389  -165.007944    
 3       60000           1.762492922e-07 -81.8075597     0.002146361908  -104.785292    
 4       80000           2.461717156e-08 8.679356101     0.0002997876397 -14.2983763    
 5       100000          4.069669306e-09 87.59590636     4.956038725e-05 64.61817395    
 6       120000          6.463296699e-10 167.7620544     7.870995486e-06 144.784322     
 7       140000          1.019372385e-10 -113.067204     1.241390549e-06 -136.044936    
 8       160000          1.719673185e-11 -33.1105267     2.09421608e-07  -56.0882591    
 9       180000          3.520609431e-12 27.90248217     4.287394224e-08 4.924749754    

Doing analysis at TEMP = 27.000000 and TNOM = 27.000000

Using SPARSE 1.3 as Direct Linear Solver

No. of Data Rows : 1
h1k = 2.0045323725e-05
Doing analysis at TEMP = 27.000000 and TNOM = 27.000000

Using SPARSE 1.3 as Direct Linear Solver

No. of Data Rows : 1
h20k = 2.1495474287e-05
Doing analysis at TEMP = 27.000000 and TNOM = 27.000000

Using SPARSE 1.3 as Direct Linear Solver

No. of Data Rows : 1
mag(v(ain)) = 2.0931632520e-05
Doing analysis at TEMP = 27.000000 and TNOM = 27.000000

Using SPARSE 1.3 as Direct Linear Solver

No. of Data Rows : 61
zmin = 1.3003193563e+06
Doing analysis at TEMP = 27.000000 and TNOM = 27.000000

Using SPARSE 1.3 as Direct Linear Solver

No. of Data Rows : 1
cvcs1k = 2.0063614141e-05
Doing analysis at TEMP = 27.000000 and TNOM = 27.000000

Using SPARSE 1.3 as Direct Linear Solver

No. of Data Rows : 1
cvcs20k = 2.1489018370e-05
Doing analysis at TEMP = 27.000000 and TNOM = 27.000000

Using SPARSE 1.3 as Direct Linear Solver

No. of Data Rows : 1
cvcp1k = 2.0164687210e-05
Doing analysis at TEMP = 27.000000 and TNOM = 27.000000

Using SPARSE 1.3 as Direct Linear Solver

No. of Data Rows : 1
cvcp20k = 2.1448100810e-05
L47B1_CASO d=0.9250
Doing analysis at TEMP = 27.000000 and TNOM = 27.000000

Using SPARSE 1.3 as Direct Linear Solver

Initial Transient Solution
--------------------------

Node                                   Voltage
----                                   -------
vsn                                          0
srcx                              -1.05143e-05
ain                               -0.000607726
gs                                    -7.00951
gp                                    -1.05156
csf                                   -13.5982
cpf                                   -2.03975
cs                                         -15
cp                                       -2.25
vcp#branch                         2.10252e-06
vcs#branch                         1.40184e-05
vsrc#branch                        -7.0095e-06


No. of Data Rows : 4001
Fourier analysis for v(vsn):
  No. Harmonics: 10, THD: 1.82423e-10 %, Gridsize: 8192, Interpolation Degree: 1, No. Periods: 1

Harmonic Frequency       Magnitude       Phase           Norm. Mag       Norm. Phase    
-------- ---------       ---------       -----           ---------       -----------    
 0       0               -1.22454477e-12 0               0               0              
 1       1000            3.81799686      -3.71591613e-11 1               0              
 2       2000            2.459847601e-12 -89.4460182     6.4427701e-13   -89.4460182    
 3       3000            2.468423083e-12 -89.8027962     6.465230783e-13 -89.8027962    
 4       4000            2.490441226e-12 -88.3667386     6.522900143e-13 -88.3667386    
 5       5000            2.480985163e-12 -88.9950906     6.498133063e-13 -88.9950906    
 6       6000            2.441255333e-12 -89.3827447     6.394073705e-13 -89.3827447    
 7       7000            2.434110817e-12 -88.6304784     6.375360972e-13 -88.6304784    
 8       8000            2.463075865e-12 -87.6315719     6.451225487e-13 -87.6315719    
 9       9000            2.461053183e-12 -87.6257769     6.44592773e-13  -87.6257769    

Fourier analysis for v(ain):
  No. Harmonics: 10, THD: 0.0248158 %, Gridsize: 8192, Interpolation Degree: 1, No. Periods: 1

Harmonic Frequency       Magnitude       Phase           Norm. Mag       Norm. Phase    
-------- ---------       ---------       -----           ---------       -----------    
 0       0               -0.00060764292  0               0               0              
 1       1000            6.975130283e-05 1.095839346     1               0              
 2       2000            1.576642127e-08 -175.562617     0.00022603766   -176.658456    
 3       3000            6.909194658e-09 -81.1929938     9.905470403e-05 -82.2888331    
 4       4000            1.522707894e-09 1.01589306      2.183052979e-05 -0.079946286   
 5       5000            5.941368535e-10 13.23596922     8.517931987e-06 12.14012987    
 6       6000            4.639398334e-10 0.2487380068    6.651342908e-06 -0.847101339   
 7       7000            4.154064109e-10 -0.165554946    5.955536227e-06 -1.26139429    
 8       8000            3.639658278e-10 0.303417893     5.218050604e-06 -0.792421453   
 9       9000            3.230345085e-10 0.3262153475    4.631232614e-06 -0.769623998   

Doing analysis at TEMP = 27.000000 and TNOM = 27.000000

Using SPARSE 1.3 as Direct Linear Solver

Initial Transient Solution
--------------------------

Node                                   Voltage
----                                   -------
vsn                                          0
srcx                              -1.05143e-05
ain                               -0.000607726
gs                                    -7.00951
gp                                    -1.05156
csf                                   -13.5982
cpf                                   -2.03975
cs                                         -15
cp                                       -2.25
vcp#branch                         2.10252e-06
vcs#branch                         1.40184e-05
vsrc#branch                        -7.0095e-06

 Reference value :  3.16457e-04
No. of Data Rows : 4001
Fourier analysis for v(vsn):
  No. Harmonics: 10, THD: 1.83239e-10 %, Gridsize: 8192, Interpolation Degree: 1, No. Periods: 1

Harmonic Frequency       Magnitude       Phase           Norm. Mag       Norm. Phase    
-------- ---------       ---------       -----           ---------       -----------    
 0       0               -1.22047511e-12 0               0               0              
 1       20000           3.81799686      -3.74644408e-11 1               0              
 2       40000           2.441485255e-12 -87.6909717     6.394675912e-13 -87.6909717    
 3       60000           2.482056324e-12 -88.0223523     6.50093862e-13  -88.0223523    
 4       80000           2.495568762e-12 -90.579458      6.536330055e-13 -90.579458     
 5       100000          2.488585988e-12 -87.9105573     6.51804095e-13  -87.9105573    
 6       120000          2.563165169e-12 -87.4528109     6.713376838e-13 -87.4528109    
 7       140000          2.462392976e-12 -88.6343298     6.449436882e-13 -88.6343298    
 8       160000          2.443844329e-12 -90.6396608     6.400854739e-13 -90.6396608    
 9       180000          2.407716348e-12 -87.4077148     6.306229252e-13 -87.4077148    

Fourier analysis for v(ain):
  No. Harmonics: 10, THD: 0.802415 %, Gridsize: 8192, Interpolation Degree: 1, No. Periods: 1

Harmonic Frequency       Magnitude       Phase           Norm. Mag       Norm. Phase    
-------- ---------       ---------       -----           ---------       -----------    
 0       0               -0.000607719823 0               0               0              
 1       20000           7.483573511e-05 22.97767884     1               0              
 2       40000           5.781639371e-07 -142.034435     0.007725773473  -165.012114    
 3       60000           1.606259807e-07 -81.8073676     0.002146380743  -104.785046    
 4       80000           2.243514574e-08 8.679344709     0.0002997918803 -14.2983341    
 5       100000          3.708944237e-09 87.59611457     4.956113857e-05 64.61843573    
 6       120000          5.890418099e-10 167.7623438     7.871130137e-06 144.784665     
 7       140000          9.290210518e-11 -113.066817     1.241413678e-06 -136.044496    
 8       160000          1.567243875e-11 -33.1102938     2.094245314e-07 -56.0879726    
 9       180000          3.208528712e-12 27.90329293     4.287428603e-08 4.925614094    

Doing analysis at TEMP = 27.000000 and TNOM = 27.000000

Using SPARSE 1.3 as Direct Linear Solver

No. of Data Rows : 1
h1k = 1.8268294483e-05
Doing analysis at TEMP = 27.000000 and TNOM = 27.000000

Using SPARSE 1.3 as Direct Linear Solver

No. of Data Rows : 1
h20k = 1.9589873420e-05
Doing analysis at TEMP = 27.000000 and TNOM = 27.000000

Using SPARSE 1.3 as Direct Linear Solver

No. of Data Rows : 1
mag(v(ain)) = 1.9076020733e-05
Doing analysis at TEMP = 27.000000 and TNOM = 27.000000

Using SPARSE 1.3 as Direct Linear Solver

No. of Data Rows : 61
zmin = 1.3003186406e+06
Doing analysis at TEMP = 27.000000 and TNOM = 27.000000

Using SPARSE 1.3 as Direct Linear Solver

No. of Data Rows : 1
cvcs1k = 1.8284963436e-05
Doing analysis at TEMP = 27.000000 and TNOM = 27.000000

Using SPARSE 1.3 as Direct Linear Solver

No. of Data Rows : 1
cvcs20k = 1.9583989820e-05
Doing analysis at TEMP = 27.000000 and TNOM = 27.000000

Using SPARSE 1.3 as Direct Linear Solver

No. of Data Rows : 1
cvcp1k = 1.8359642524e-05
Doing analysis at TEMP = 27.000000 and TNOM = 27.000000

Using SPARSE 1.3 as Direct Linear Solver

No. of Data Rows : 1
cvcp20k = 1.9551786196e-05
L47B1_CASO d=0.9500
Doing analysis at TEMP = 27.000000 and TNOM = 27.000000

Using SPARSE 1.3 as Direct Linear Solver

Initial Transient Solution
--------------------------

Node                                   Voltage
----                                   -------
vsn                                          0
srcx                              -1.05142e-05
ain                               -0.000533968
gs                                    -7.00949
gp                                   -0.701076
csf                                   -13.5982
cpf                                   -1.35984
cs                                         -15
cp                                        -1.5
vcp#branch                         1.40162e-06
vcs#branch                         1.40184e-05
vsrc#branch                       -7.00948e-06


No. of Data Rows : 4001
Fourier analysis for v(vsn):
  No. Harmonics: 10, THD: 1.82423e-10 %, Gridsize: 8192, Interpolation Degree: 1, No. Periods: 1

Harmonic Frequency       Magnitude       Phase           Norm. Mag       Norm. Phase    
-------- ---------       ---------       -----           ---------       -----------    
 0       0               -1.22454477e-12 0               0               0              
 1       1000            3.81799686      -3.71591613e-11 1               0              
 2       2000            2.459847601e-12 -89.4460182     6.4427701e-13   -89.4460182    
 3       3000            2.468423083e-12 -89.8027962     6.465230783e-13 -89.8027962    
 4       4000            2.490441226e-12 -88.3667386     6.522900143e-13 -88.3667386    
 5       5000            2.480985163e-12 -88.9950906     6.498133063e-13 -88.9950906    
 6       6000            2.441255333e-12 -89.3827447     6.394073705e-13 -89.3827447    
 7       7000            2.434110817e-12 -88.6304784     6.375360972e-13 -88.6304784    
 8       8000            2.463075865e-12 -87.6315719     6.451225487e-13 -87.6315719    
 9       9000            2.461053183e-12 -87.6257769     6.44592773e-13  -87.6257769    

Fourier analysis for v(ain):
  No. Harmonics: 10, THD: 0.0248145 %, Gridsize: 8192, Interpolation Degree: 1, No. Periods: 1

Harmonic Frequency       Magnitude       Phase           Norm. Mag       Norm. Phase    
-------- ---------       ---------       -----           ---------       -----------    
 0       0               -0.000533891973 0               0               0              
 1       1000            6.40720574e-05  1.09583716      1               0              
 2       2000            1.448178238e-08 -175.655564     0.0002260233707 -176.751402    
 3       3000            6.34668705e-09  -81.1931266     9.905545893e-05 -82.2889637    
 4       4000            1.398733678e-09 1.015894552     2.183063467e-05 -0.0799426087  
 5       5000            5.457569578e-10 13.23631942     8.517862232e-06 12.14048226    
 6       6000            4.261605784e-10 0.2487453305    6.651270393e-06 -0.84709183    
 7       7000            3.815798477e-10 -0.165558929    5.955479864e-06 -1.26139609    
 8       8000            3.343280655e-10 0.3034249702    5.218001093e-06 -0.79241219    
 9       9000            2.967297607e-10 0.3262241742    4.63118827e-06  -0.769612986   

Doing analysis at TEMP = 27.000000 and TNOM = 27.000000

Using SPARSE 1.3 as Direct Linear Solver

Initial Transient Solution
--------------------------

Node                                   Voltage
----                                   -------
vsn                                          0
srcx                              -1.05142e-05
ain                               -0.000533968
gs                                    -7.00949
gp                                   -0.701076
csf                                   -13.5982
cpf                                   -1.35984
cs                                         -15
cp                                        -1.5
vcp#branch                         1.40162e-06
vcs#branch                         1.40184e-05
vsrc#branch                       -7.00948e-06


No. of Data Rows : 4001
Fourier analysis for v(vsn):
  No. Harmonics: 10, THD: 1.83239e-10 %, Gridsize: 8192, Interpolation Degree: 1, No. Periods: 1

Harmonic Frequency       Magnitude       Phase           Norm. Mag       Norm. Phase    
-------- ---------       ---------       -----           ---------       -----------    
 0       0               -1.22047511e-12 0               0               0              
 1       20000           3.81799686      -3.74644408e-11 1               0              
 2       40000           2.441485255e-12 -87.6909717     6.394675912e-13 -87.6909717    
 3       60000           2.482056324e-12 -88.0223523     6.50093862e-13  -88.0223523    
 4       80000           2.495568762e-12 -90.579458      6.536330055e-13 -90.579458     
 5       100000          2.488585988e-12 -87.9105573     6.51804095e-13  -87.9105573    
 6       120000          2.563165169e-12 -87.4528109     6.713376838e-13 -87.4528109    
 7       140000          2.462392976e-12 -88.6343298     6.449436882e-13 -88.6343298    
 8       160000          2.443844329e-12 -90.6396608     6.400854739e-13 -90.6396608    
 9       180000          2.407716348e-12 -87.4077148     6.306229252e-13 -87.4077148    

Fourier analysis for v(ain):
  No. Harmonics: 10, THD: 0.802414 %, Gridsize: 8192, Interpolation Degree: 1, No. Periods: 1

Harmonic Frequency       Magnitude       Phase           Norm. Mag       Norm. Phase    
-------- ---------       ---------       -----           ---------       -----------    
 0       0               -0.000533962617 0               0               0              
 1       20000           6.874246321e-05 22.97762744     1               0              
 2       40000           5.310876275e-07 -142.037746     0.007725757889  -165.015373    
 3       60000           1.475485612e-07 -81.8072219     0.002146396191  -104.784849    
 4       80000           2.060867236e-08 8.67932559      0.0002997953724 -14.2983019    
 5       100000          3.406998041e-09 87.59626868     4.95617684e-05  64.61864124    
 6       120000          5.410885839e-10 167.7625608     7.871242295e-06 144.7849334    
 7       140000          8.533930741e-11 -113.06653      1.24143511e-06  -136.044157    
 8       160000          1.439664048e-11 -33.1100476     2.094286386e-07 -56.0876751    
 9       180000          2.947266745e-12 27.90283455     4.287403458e-08 4.925207102    

Doing analysis at TEMP = 27.000000 and TNOM = 27.000000

Using SPARSE 1.3 as Direct Linear Solver

No. of Data Rows : 1
h1k = 1.6780865255e-05
Doing analysis at TEMP = 27.000000 and TNOM = 27.000000

Using SPARSE 1.3 as Direct Linear Solver

No. of Data Rows : 1
h20k = 1.7994827555e-05
Doing analysis at TEMP = 27.000000 and TNOM = 27.000000

Using SPARSE 1.3 as Direct Linear Solver

No. of Data Rows : 1
mag(v(ain)) = 1.7522817675e-05
Doing analysis at TEMP = 27.000000 and TNOM = 27.000000

Using SPARSE 1.3 as Direct Linear Solver

No. of Data Rows : 61
zmin = 1.3003180413e+06
Doing analysis at TEMP = 27.000000 and TNOM = 27.000000

Using SPARSE 1.3 as Direct Linear Solver

No. of Data Rows : 1
cvcs1k = 1.6796176993e-05
Doing analysis at TEMP = 27.000000 and TNOM = 27.000000

Using SPARSE 1.3 as Direct Linear Solver

No. of Data Rows : 1
cvcs20k = 1.7989423003e-05
Doing analysis at TEMP = 27.000000 and TNOM = 27.000000

Using SPARSE 1.3 as Direct Linear Solver

No. of Data Rows : 1
cvcp1k = 1.6852840424e-05
Doing analysis at TEMP = 27.000000 and TNOM = 27.000000

Using SPARSE 1.3 as Direct Linear Solver

No. of Data Rows : 1
cvcp20k = 1.7963872815e-05
L47B1_CASO d=0.9750
Doing analysis at TEMP = 27.000000 and TNOM = 27.000000

Using SPARSE 1.3 as Direct Linear Solver

Initial Transient Solution
--------------------------

Node                                   Voltage
----                                   -------
vsn                                          0
srcx                              -1.05142e-05
ain                               -0.000471323
gs                                    -7.00947
gp                                   -0.350593
csf                                   -13.5982
cpf                                  -0.679929
cs                                         -15
cp                                       -0.75
vcp#branch                         7.00715e-07
vcs#branch                         1.40185e-05
vsrc#branch                       -7.00947e-06


No. of Data Rows : 4001
Fourier analysis for v(vsn):
  No. Harmonics: 10, THD: 1.82423e-10 %, Gridsize: 8192, Interpolation Degree: 1, No. Periods: 1

Harmonic Frequency       Magnitude       Phase           Norm. Mag       Norm. Phase    
-------- ---------       ---------       -----           ---------       -----------    
 0       0               -1.22454477e-12 0               0               0              
 1       1000            3.81799686      -3.71591613e-11 1               0              
 2       2000            2.459847601e-12 -89.4460182     6.4427701e-13   -89.4460182    
 3       3000            2.468423083e-12 -89.8027962     6.465230783e-13 -89.8027962    
 4       4000            2.490441226e-12 -88.3667386     6.522900143e-13 -88.3667386    
 5       5000            2.480985163e-12 -88.9950906     6.498133063e-13 -88.9950906    
 6       6000            2.441255333e-12 -89.3827447     6.394073705e-13 -89.3827447    
 7       7000            2.434110817e-12 -88.6304784     6.375360972e-13 -88.6304784    
 8       8000            2.463075865e-12 -87.6315719     6.451225487e-13 -87.6315719    
 9       9000            2.461053183e-12 -87.6257769     6.44592773e-13  -87.6257769    

Fourier analysis for v(ain):
  No. Harmonics: 10, THD: 0.0248136 %, Gridsize: 8192, Interpolation Degree: 1, No. Periods: 1

Harmonic Frequency       Magnitude       Phase           Norm. Mag       Norm. Phase    
-------- ---------       ---------       -----           ---------       -----------    
 0       0               -0.000471252863 0               0               0              
 1       1000            5.924863649e-05 1.095834353     1               0              
 2       2000            1.339097852e-08 -175.72852      0.0002260132775 -176.824354    
 3       3000            5.868938204e-09 -81.193237      9.905608892e-05 -82.2890714    
 4       4000            1.293440672e-09 1.015894472     2.18307247e-05  -0.0799398811  
 5       5000            5.046684597e-10 13.23660771     8.517807153e-06 12.14077336    
 6       6000            3.940752806e-10 0.2487565673    6.651212653e-06 -0.847077786   
 7       7000            3.528513737e-10 -0.165566681    5.955434498e-06 -1.26140103    
 8       8000            3.091571239e-10 0.3034287373    5.217961833e-06 -0.792405616   
 9       9000            2.743895295e-10 0.3262315471    4.631153487e-06 -0.769602806   

Doing analysis at TEMP = 27.000000 and TNOM = 27.000000

Using SPARSE 1.3 as Direct Linear Solver

Initial Transient Solution
--------------------------

Node                                   Voltage
----                                   -------
vsn                                          0
srcx                              -1.05142e-05
ain                               -0.000471323
gs                                    -7.00947
gp                                   -0.350593
csf                                   -13.5982
cpf                                  -0.679929
cs                                         -15
cp                                       -0.75
vcp#branch                         7.00715e-07
vcs#branch                         1.40185e-05
vsrc#branch                       -7.00947e-06


No. of Data Rows : 4001
Fourier analysis for v(vsn):
  No. Harmonics: 10, THD: 3.14504e-10 %, Gridsize: 8192, Interpolation Degree: 1, No. Periods: 1

Harmonic Frequency       Magnitude       Phase           Norm. Mag       Norm. Phase    
-------- ---------       ---------       -----           ---------       -----------    
 0       0               -2.10354997e-12 0               0               0              
 1       20000           3.81799686      -6.31457426e-11 1               0              
 2       40000           4.225966873e-12 -88.8882475     1.106854465e-12 -88.8882475    
 3       60000           4.230325305e-12 -91.0843956     1.107996015e-12 -91.0843956    
 4       80000           4.300462647e-12 -88.7972905     1.126366208e-12 -88.7972905    
 5       100000          4.246149408e-12 -90.1876138     1.112140623e-12 -90.1876138    
 6       120000          4.18084332e-12  -88.9284128     1.095035819e-12 -88.9284128    
 7       140000          4.238229527e-12 -88.7370428     1.110066268e-12 -88.7370428    
 8       160000          4.317089305e-12 -90.1845839     1.13072102e-12  -90.1845839    
 9       180000          4.222441323e-12 -89.2060429     1.105931062e-12 -89.2060429    

Fourier analysis for v(ain):
  No. Harmonics: 10, THD: 0.802414 %, Gridsize: 8192, Interpolation Degree: 1, No. Periods: 1

Harmonic Frequency       Magnitude       Phase           Norm. Mag       Norm. Phase    
-------- ---------       ---------       -----           ---------       -----------    
 0       0               -0.000471318191 0               0               0              
 1       20000           6.356740975e-05 22.97756768     1               0              
 2       40000           4.911061984e-07 -142.040436     0.007725754444  -165.018003    
 3       60000           1.364416585e-07 -81.8071324     0.002146408971  -104.7847      
 4       80000           1.905740133e-08 8.679270258     0.0002997982992 -14.2982974    
 5       100000          3.150546901e-09 87.59634405     4.956229793e-05 64.61877636    
 6       120000          5.003606269e-10 167.762723      7.871338928e-06 144.7851553    
 7       140000          7.891640803e-11 -113.066255     1.241460181e-06 -136.043823    
 8       160000          1.331320201e-11 -33.1117683     2.094343952e-07 -56.0893359    
 9       180000          2.725174927e-12 27.8942756      4.287063037e-08 4.916707913    

Doing analysis at TEMP = 27.000000 and TNOM = 27.000000

Using SPARSE 1.3 as Direct Linear Solver

No. of Data Rows : 1
h1k = 1.5517581717e-05
Doing analysis at TEMP = 27.000000 and TNOM = 27.000000

Using SPARSE 1.3 as Direct Linear Solver

No. of Data Rows : 1
h20k = 1.6640145257e-05
Doing analysis at TEMP = 27.000000 and TNOM = 27.000000

Using SPARSE 1.3 as Direct Linear Solver

No. of Data Rows : 1
mag(v(ain)) = 1.6203673461e-05
Doing analysis at TEMP = 27.000000 and TNOM = 27.000000

Using SPARSE 1.3 as Direct Linear Solver

No. of Data Rows : 61
zmin = 1.3003175325e+06
Doing analysis at TEMP = 27.000000 and TNOM = 27.000000

Using SPARSE 1.3 as Direct Linear Solver

No. of Data Rows : 1
cvcs1k = 1.5531740764e-05
Doing analysis at TEMP = 27.000000 and TNOM = 27.000000

Using SPARSE 1.3 as Direct Linear Solver

No. of Data Rows : 1
cvcs20k = 1.6635147565e-05
Doing analysis at TEMP = 27.000000 and TNOM = 27.000000

Using SPARSE 1.3 as Direct Linear Solver

No. of Data Rows : 1
cvcp1k = 1.5575842313e-05
Doing analysis at TEMP = 27.000000 and TNOM = 27.000000

Using SPARSE 1.3 as Direct Linear Solver

No. of Data Rows : 1
cvcp20k = 1.6614819586e-05
L47B1_CASO d=1.0000
Doing analysis at TEMP = 27.000000 and TNOM = 27.000000

Using SPARSE 1.3 as Direct Linear Solver

Initial Transient Solution
--------------------------

Node                                   Voltage
----                                   -------
vsn                                          0
srcx                              -1.05142e-05
ain                               -0.000417455
gs                                    -7.00946
gp                                -0.000111192
csf                                   -13.5982
cpf                               -1.95073e-05
cs                                         -15
cp                                           0
vcp#branch                        -1.95073e-10
vcs#branch                         1.40185e-05
vsrc#branch                       -7.00945e-06


No. of Data Rows : 4001
Fourier analysis for v(vsn):
  No. Harmonics: 10, THD: 3.17415e-10 %, Gridsize: 8192, Interpolation Degree: 1, No. Periods: 1

Harmonic Frequency       Magnitude       Phase           Norm. Mag       Norm. Phase    
-------- ---------       ---------       -----           ---------       -----------    
 0       0               -2.13992365e-12 0               0               0              
 1       1000            3.81799686      -6.39279885e-11 1               0              
 2       2000            4.26465425e-12  -89.6312857     1.116987364e-12 -89.6312857    
 3       3000            4.312569363e-12 -89.4935404     1.129537169e-12 -89.4935404    
 4       4000            4.304096122e-12 -89.8830422     1.127317879e-12 -89.8830422    
 5       5000            4.244787495e-12 -89.3257321     1.111783915e-12 -89.3257321    
 6       6000            4.274074306e-12 -88.8032893     1.119454642e-12 -88.8032893    
 7       7000            4.324207308e-12 -88.8232526     1.13258535e-12  -88.8232526    
 8       8000            4.273848982e-12 -89.3312948     1.119395625e-12 -89.3312948    
 9       9000            4.278600741e-12 -89.4761915     1.120640194e-12 -89.4761915    

Fourier analysis for v(ain):
  No. Harmonics: 10, THD: 0.024813 %, Gridsize: 8192, Interpolation Degree: 1, No. Periods: 1

Harmonic Frequency       Magnitude       Phase           Norm. Mag       Norm. Phase    
-------- ---------       ---------       -----           ---------       -----------    
 0       0               -0.000417389632 0               0               0              
 1       1000            5.510115775e-05 1.095830281     1               0              
 2       2000            1.245321364e-08 -175.786864     0.000226006388  -176.882695    
 3       3000            5.45813462e-09  -81.1933334     9.905662318e-05 -82.2891636    
 4       4000            1.202902495e-09 1.015884112     2.183080256e-05 -0.0799461688  
 5       5000            4.693385986e-10 13.23683087     8.517762925e-06 12.14100059    
 6       6000            3.664869258e-10 0.2487405771    6.651165615e-06 -0.847089704   
 7       7000            3.281493368e-10 -0.165596581    5.95539822e-06  -1.26142686    
 8       8000            2.875140004e-10 0.3034065199    5.217930296e-06 -0.792423761   
 9       9000            2.551803531e-10 0.3262070705    4.631125071e-06 -0.76962321    

Doing analysis at TEMP = 27.000000 and TNOM = 27.000000

Using SPARSE 1.3 as Direct Linear Solver

Initial Transient Solution
--------------------------

Node                                   Voltage
----                                   -------
vsn                                          0
srcx                              -1.05142e-05
ain                               -0.000417455
gs                                    -7.00946
gp                                -0.000111192
csf                                   -13.5982
cpf                               -1.95073e-05
cs                                         -15
cp                                           0
vcp#branch                        -1.95073e-10
vcs#branch                         1.40185e-05
vsrc#branch                       -7.00945e-06


No. of Data Rows : 4001
Fourier analysis for v(vsn):
  No. Harmonics: 10, THD: 1.70473e-10 %, Gridsize: 8192, Interpolation Degree: 1, No. Periods: 1

Harmonic Frequency       Magnitude       Phase           Norm. Mag       Norm. Phase    
-------- ---------       ---------       -----           ---------       -----------    
 0       0               -1.12255344e-12 0               0               0              
 1       20000           3.81799686      -3.43171131e-11 1               0              
 2       40000           2.343367803e-12 -89.1816244     6.137689185e-13 -89.1816244    
 3       60000           2.377444865e-12 -88.5705491     6.226942955e-13 -88.5705491    
 4       80000           2.291851981e-12 -90.8704087     6.002760256e-13 -90.8704087    
 5       100000          2.194509897e-12 -89.4153746     5.747804354e-13 -89.4153746    
 6       120000          2.336157037e-12 -87.7925899     6.118802929e-13 -87.7925899    
 7       140000          2.310569604e-12 -88.2771634     6.051784977e-13 -88.2771634    
 8       160000          2.25297261e-12  -89.7976123     5.900928401e-13 -89.7976123    
 9       180000          2.297425938e-12 -88.7331967     6.017359423e-13 -88.7331967    

Fourier analysis for v(ain):
  No. Harmonics: 10, THD: 0.802415 %, Gridsize: 8192, Interpolation Degree: 1, No. Periods: 1

Harmonic Frequency       Magnitude       Phase           Norm. Mag       Norm. Phase    
-------- ---------       ---------       -----           ---------       -----------    
 0       0               -0.000417450389 0               0               0              
 1       20000           5.911757447e-05 22.97748725     1               0              
 2       40000           4.567283712e-07 -142.042721     0.007725763029  -165.020208    
 3       60000           1.26891116e-07  -81.8071152     0.002146419522  -104.784602    
 4       80000           1.772349652e-08 8.679159696     0.0002998008068 -14.2983276    
 5       100000          2.930033541e-09 87.59631214     4.956281727e-05 64.61882489    
 6       120000          4.653401573e-10 167.7622995     7.871435212e-06 144.7848123    
 7       140000          7.339001881e-11 -113.067286     1.241424728e-06 -136.044773    
 8       160000          1.237964635e-11 -33.0991271     2.094072103e-07 -56.0766143    
 9       180000          2.535911991e-12 27.95970024     4.28960764e-08  4.982212994    

Doing analysis at TEMP = 27.000000 and TNOM = 27.000000

Using SPARSE 1.3 as Direct Linear Solver

No. of Data Rows : 1
h1k = 1.4431331579e-05
Doing analysis at TEMP = 27.000000 and TNOM = 27.000000

Using SPARSE 1.3 as Direct Linear Solver

No. of Data Rows : 1
h20k = 1.5475304525e-05
Doing analysis at TEMP = 27.000000 and TNOM = 27.000000

Using SPARSE 1.3 as Direct Linear Solver

No. of Data Rows : 1
mag(v(ain)) = 1.5069391835e-05
Doing analysis at TEMP = 27.000000 and TNOM = 27.000000

Using SPARSE 1.3 as Direct Linear Solver

No. of Data Rows : 61
zmin = 1.3003170950e+06
Doing analysis at TEMP = 27.000000 and TNOM = 27.000000

Using SPARSE 1.3 as Direct Linear Solver

No. of Data Rows : 1
cvcs1k = 1.4444499472e-05
Doing analysis at TEMP = 27.000000 and TNOM = 27.000000

Using SPARSE 1.3 as Direct Linear Solver

No. of Data Rows : 1
cvcs20k = 1.5470656677e-05
Doing analysis at TEMP = 27.000000 and TNOM = 27.000000

Using SPARSE 1.3 as Direct Linear Solver

No. of Data Rows : 1
cvcp1k = 1.4479758835e-05
Doing analysis at TEMP = 27.000000 and TNOM = 27.000000

Using SPARSE 1.3 as Direct Linear Solver

No. of Data Rows : 1
cvcp20k = 1.5454542620e-05
Note: Simulation executed from .control section 
