 2.00000000e-01 -8.51454796e+00  2.00000000e-01  6.78862401e+01 
 2.02316202e-01 -8.42884854e+00  2.02316202e-01  6.76552067e+01 
 2.04659228e-01 -8.34343389e+00  2.04659228e-01  6.74222744e+01 
 2.07029388e-01 -8.25830871e+00  2.07029388e-01  6.71874430e+01 
 2.09426997e-01 -8.17347772e+00  2.09426997e-01  6.69507131e+01 
 2.11852373e-01 -8.08894566e+00  2.11852373e-01  6.67120854e+01 
 2.14305837e-01 -8.00471734e+00  2.14305837e-01  6.64715616e+01 
 2.16787715e-01 -7.92079757e+00  2.16787715e-01  6.62291435e+01 
 2.19298335e-01 -7.83719121e+00  2.19298335e-01  6.59848339e+01 
 2.21838031e-01 -7.75390315e+00  2.21838031e-01  6.57386359e+01 
 2.24407140e-01 -7.67093831e+00  2.24407140e-01  6.54905531e+01 
 2.27006001e-01 -7.58830162e+00  2.27006001e-01  6.52405899e+01 
 2.29634959e-01 -7.50599806e+00  2.29634959e-01  6.49887512e+01 
 2.32294364e-01 -7.42403262e+00  2.32294364e-01  6.47350426e+01 
 2.34984567e-01 -7.34241031e+00  2.34984567e-01  6.44794702e+01 
 2.37705925e-01 -7.26113615e+00  2.37705925e-01  6.42220407e+01 
 2.40458800e-01 -7.18021521e+00  2.40458800e-01  6.39627618e+01 
 2.43243555e-01 -7.09965255e+00  2.43243555e-01  6.37016414e+01 
 2.46060561e-01 -7.01945324e+00  2.46060561e-01  6.34386883e+01 
 2.48910190e-01 -6.93962237e+00  2.48910190e-01  6.31739120e+01 
 2.51792821e-01 -6.86016503e+00  2.51792821e-01  6.29073226e+01 
 2.54708836e-01 -6.78108633e+00  2.54708836e-01  6.26389309e+01 
 2.57658622e-01 -6.70239137e+00  2.57658622e-01  6.23687485e+01 
 2.60642568e-01 -6.62408525e+00  2.60642568e-01  6.20967875e+01 
 2.63661072e-01 -6.54617307e+00  2.63661072e-01  6.18230611e+01 
 2.66714534e-01 -6.46865993e+00  2.66714534e-01  6.15475828e+01 
 2.69803357e-01 -6.39155091e+00  2.69803357e-01  6.12703670e+01 
 2.72927952e-01 -6.31485109e+00  2.72927952e-01  6.09914291e+01 
 2.76088733e-01 -6.23856553e+00  2.76088733e-01  6.07107847e+01 
 2.79286119e-01 -6.16269927e+00  2.79286119e-01  6.04284507e+01 
 2.82520534e-01 -6.08725734e+00  2.82520534e-01  6.01444444e+01 
 2.85792407e-01 -6.01224474e+00  2.85792407e-01  5.98587839e+01 
 2.89102171e-01 -5.93766643e+00  2.89102171e-01  5.95714883e+01 
 2.92450266e-01 -5.86352737e+00  2.92450266e-01  5.92825772e+01 
 2.95837135e-01 -5.78983245e+00  2.95837135e-01  5.89920711e+01 
 2.99263228e-01 -5.71658655e+00  2.99263228e-01  5.86999912e+01 
 3.02728998e-01 -5.64379450e+00  3.02728998e-01  5.84063595e+01 
 3.06234905e-01 -5.57146109e+00  3.06234905e-01  5.81111988e+01 
 3.09781414e-01 -5.49959106e+00  3.09781414e-01  5.78145326e+01 
 3.13368996e-01 -5.42818910e+00  3.13368996e-01  5.75163852e+01 
 3.16998125e-01 -5.35725983e+00  3.16998125e-01  5.72167817e+01 
 3.20669283e-01 -5.28680784e+00  3.20669283e-01  5.69157478e+01 
 3.24382957e-01 -5.21683765e+00  3.24382957e-01  5.66133102e+01 
 3.28139639e-01 -5.14735369e+00  3.28139639e-01  5.63094961e+01 
 3.31939827e-01 -5.07836036e+00  3.31939827e-01  5.60043336e+01 
 3.35784025e-01 -5.00986196e+00  3.35784025e-01  5.56978516e+01 
 3.39672743e-01 -4.94186272e+00  3.39672743e-01  5.53900794e+01 
 3.43606496e-01 -4.87436680e+00  3.43606496e-01  5.50810475e+01 
 3.47585805e-01 -4.80737826e+00  3.47585805e-01  5.47707866e+01 
 3.51611200e-01 -4.74090109e+00  3.51611200e-01  5.44593285e+01 
 3.55683212e-01 -4.67493919e+00  3.55683212e-01  5.41467055e+01 
 3.59802383e-01 -4.60949634e+00  3.59802383e-01  5.38329506e+01 
 3.63969257e-01 -4.54457626e+00  3.63969257e-01  5.35180975e+01 
 3.68184388e-01 -4.48018255e+00  3.68184388e-01  5.32021804e+01 
 3.72448335e-01 -4.41631871e+00  3.72448335e-01  5.28852344e+01 
 3.76761663e-01 -4.35298812e+00  3.76761663e-01  5.25672950e+01 
 3.81124943e-01 -4.29019407e+00  3.81124943e-01  5.22483984e+01 
 3.85538754e-01 -4.22793973e+00  3.85538754e-01  5.19285812e+01 
 3.90003682e-01 -4.16622815e+00  3.90003682e-01  5.16078809e+01 
 3.94520318e-01 -4.10506227e+00  3.94520318e-01  5.12863353e+01 
 3.99089261e-01 -4.04444489e+00  3.99089261e-01  5.09639828e+01 
 4.03711118e-01 -3.98437870e+00  4.03711118e-01  5.06408622e+01 
 4.08386500e-01 -3.92486627e+00  4.08386500e-01  5.03170129e+01 
 4.13116027e-01 -3.86591001e+00  4.13116027e-01  4.99924748e+01 
 4.17900328e-01 -3.80751224e+00  4.17900328e-01  4.96672881e+01 
 4.22740035e-01 -3.74967510e+00  4.22740035e-01  4.93414936e+01 
 4.27635791e-01 -3.69240063e+00  4.27635791e-01  4.90151322e+01 
 4.32588245e-01 -3.63569071e+00  4.32588245e-01  4.86882454e+01 
 4.37598053e-01 -3.57954708e+00  4.37598053e-01  4.83608751e+01 
 4.42665880e-01 -3.52397136e+00  4.42665880e-01  4.80330632e+01 
 4.47792398e-01 -3.46896499e+00  4.47792398e-01  4.77048522e+01 
 4.52978286e-01 -3.41452929e+00  4.52978286e-01  4.73762847e+01 
 4.58224231e-01 -3.36066543e+00  4.58224231e-01  4.70474036e+01 
 4.63530930e-01 -3.30737442e+00  4.63530930e-01  4.67182520e+01 
 4.68899086e-01 -3.25465713e+00  4.68899086e-01  4.63888732e+01 
 4.74329410e-01 -3.20251427e+00  4.74329410e-01  4.60593104e+01 
 4.79822623e-01 -3.15094641e+00  4.79822623e-01  4.57296074e+01 
 4.85379453e-01 -3.09995397e+00  4.85379453e-01  4.53998076e+01 
 4.91000637e-01 -3.04953720e+00  4.91000637e-01  4.50699548e+01 
 4.96686920e-01 -2.99969621e+00  4.96686920e-01  4.47400928e+01 
 5.02439056e-01 -2.95043097e+00  5.02439056e-01  4.44102651e+01 
 5.08257807e-01 -2.90174127e+00  5.08257807e-01  4.40805157e+01 
 5.14143945e-01 -2.85362676e+00  5.14143945e-01  4.37508880e+01 
 5.20098251e-01 -2.80608694e+00  5.20098251e-01  4.34214257e+01 
 5.26121513e-01 -2.75912117e+00  5.26121513e-01  4.30921723e+01 
 5.32214531e-01 -2.71272864e+00  5.32214531e-01  4.27631710e+01 
 5.38378112e-01 -2.66690839e+00  5.38378112e-01  4.24344650e+01 
 5.44613074e-01 -2.62165932e+00  5.44613074e-01  4.21060973e+01 
 5.50920243e-01 -2.57698018e+00  5.50920243e-01  4.17781107e+01 
 5.57300455e-01 -2.53286958e+00  5.57300455e-01  4.14505476e+01 
 5.63754556e-01 -2.48932597e+00  5.63754556e-01  4.11234503e+01 
 5.70283403e-01 -2.44634768e+00  5.70283403e-01  4.07968606e+01 
 5.76887860e-01 -2.40393286e+00  5.76887860e-01  4.04708202e+01 
 5.83568804e-01 -2.36207957e+00  5.83568804e-01  4.01453703e+01 
 5.90327119e-01 -2.32078568e+00  5.90327119e-01  3.98205517e+01 
 5.97163703e-01 -2.28004897e+00  5.97163703e-01  3.94964049e+01 
 6.04079461e-01 -2.23986705e+00  6.04079461e-01  3.91729699e+01 
 6.11075310e-01 -2.20023743e+00  6.11075310e-01  3.88502863e+01 
 6.18152179e-01 -2.16115747e+00  6.18152179e-01  3.85283932e+01 
 6.25311005e-01 -2.12262442e+00  6.25311005e-01  3.82073291e+01 
 6.32552737e-01 -2.08463538e+00  6.32552737e-01  3.78871322e+01 
 6.39878336e-01 -2.04718736e+00  6.39878336e-01  3.75678399e+01 
 6.47288773e-01 -2.01027725e+00  6.47288773e-01  3.72494894e+01 
 6.54785030e-01 -1.97390179e+00  6.54785030e-01  3.69321170e+01 
 6.62368101e-01 -1.93805766e+00  6.62368101e-01  3.66157584e+01 
 6.70038992e-01 -1.90274139e+00  6.70038992e-01  3.63004491e+01 
 6.77798719e-01 -1.86794943e+00  6.77798719e-01  3.59862234e+01 
 6.85648312e-01 -1.83367811e+00  6.85648312e-01  3.56731155e+01 
 6.93588812e-01 -1.79992368e+00  6.93588812e-01  3.53611585e+01 
 7.01621270e-01 -1.76668228e+00  7.01621270e-01  3.50503850e+01 
 7.09746752e-01 -1.73394997e+00  7.09746752e-01  3.47408271e+01 
 7.17966335e-01 -1.70172272e+00  7.17966335e-01  3.44325160e+01 
 7.26281110e-01 -1.66999640e+00  7.26281110e-01  3.41254822e+01 
 7.34692178e-01 -1.63876681e+00  7.34692178e-01  3.38197555e+01 
 7.43200655e-01 -1.60802969e+00  7.43200655e-01  3.35153650e+01 
 7.51807668e-01 -1.57778068e+00  7.51807668e-01  3.32123392e+01 
 7.60514359e-01 -1.54801535e+00  7.60514359e-01  3.29107056e+01 
 7.69321883e-01 -1.51872923e+00  7.69321883e-01  3.26104911e+01 
 7.78231406e-01 -1.48991776e+00  7.78231406e-01  3.23117219e+01 
 7.87244111e-01 -1.46157632e+00  7.87244111e-01  3.20144233e+01 
 7.96361192e-01 -1.43370026e+00  7.96361192e-01  3.17186200e+01 
 8.05583858e-01 -1.40628486e+00  8.05583858e-01  3.14243358e+01 
 8.14913332e-01 -1.37932535e+00  8.14913332e-01  3.11315938e+01 
 8.24350851e-01 -1.35281691e+00  8.24350851e-01  3.08404163e+01 
 8.33897665e-01 -1.32675469e+00  8.33897665e-01  3.05508249e+01 
 8.43555041e-01 -1.30113380e+00  8.43555041e-01  3.02628404e+01 
 8.53324260e-01 -1.27594931e+00  8.53324260e-01  2.99764827e+01 
 8.63206616e-01 -1.25119626e+00  8.63206616e-01  2.96917713e+01 
 8.73203419e-01 -1.22686966e+00  8.73203419e-01  2.94087244e+01 
 8.83315996e-01 -1.20296450e+00  8.83315996e-01  2.91273600e+01 
 8.93545686e-01 -1.17947574e+00  8.93545686e-01  2.88476949e+01 
 9.03893847e-01 -1.15639833e+00  9.03893847e-01  2.85697454e+01 
 9.14361849e-01 -1.13372720e+00  9.14361849e-01  2.82935269e+01 
 9.24951082e-01 -1.11145727e+00  9.24951082e-01  2.80190542e+01 
 9.35662949e-01 -1.08958344e+00  9.35662949e-01  2.77463414e+01 
 9.46498870e-01 -1.06810062e+00  9.46498870e-01  2.74754016e+01 
 9.57460281e-01 -1.04700371e+00  9.57460281e-01  2.72062474e+01 
 9.68548637e-01 -1.02628760e+00  9.68548637e-01  2.69388906e+01 
 9.79765408e-01 -1.00594718e+00  9.79765408e-01  2.66733425e+01 
 9.91112080e-01 -9.85977371e-01  9.91112080e-01  2.64096133e+01 
 1.00259016e+00 -9.66373071e-01  1.00259016e+00  2.61477129e+01 
 1.01420116e+00 -9.47129199e-01  1.01420116e+00  2.58876502e+01 
 1.02594664e+00 -9.28240688e-01  1.02594664e+00  2.56294337e+01 
 1.03782813e+00 -9.09702479e-01  1.03782813e+00  2.53730711e+01 
 1.04984723e+00 -8.91509535e-01  1.04984723e+00  2.51185695e+01 
 1.06200552e+00 -8.73656833e-01  1.06200552e+00  2.48659353e+01 
 1.07430462e+00 -8.56139373e-01  1.07430462e+00  2.46151742e+01 
 1.08674615e+00 -8.38952177e-01  1.08674615e+00  2.43662915e+01 
 1.09933176e+00 -8.22090290e-01  1.09933176e+00  2.41192918e+01 
 1.11206313e+00 -8.05548785e-01  1.11206313e+00  2.38741790e+01 
 1.12494195e+00 -7.89322763e-01  1.12494195e+00  2.36309565e+01 
 1.13796991e+00 -7.73407353e-01  1.13796991e+00  2.33896271e+01 
 1.15114875e+00 -7.57797718e-01  1.15114875e+00  2.31501931e+01 
 1.16448021e+00 -7.42489053e-01  1.16448021e+00  2.29126563e+01 
 1.17796607e+00 -7.27476586e-01  1.17796607e+00  2.26770176e+01 
 1.19160810e+00 -7.12755583e-01  1.19160810e+00  2.24432779e+01 
 1.20540813e+00 -6.98321345e-01  1.20540813e+00  2.22114372e+01 
 1.21936797e+00 -6.84169214e-01  1.21936797e+00  2.19814951e+01 
 1.23348948e+00 -6.70294570e-01  1.23348948e+00  2.17534509e+01 
 1.24777453e+00 -6.56692834e-01  1.24777453e+00  2.15273032e+01 
 1.26222502e+00 -6.43359469e-01  1.26222502e+00  2.13030501e+01 
 1.27684286e+00 -6.30289981e-01  1.27684286e+00  2.10806894e+01 
 1.29162999e+00 -6.17479919e-01  1.29162999e+00  2.08602185e+01 
 1.30658837e+00 -6.04924878e-01  1.30658837e+00  2.06416343e+01 
 1.32171998e+00 -5.92620496e-01  1.32171998e+00  2.04249331e+01 
 1.33702683e+00 -5.80562459e-01  1.33702683e+00  2.02101111e+01 
 1.35251095e+00 -5.68746501e-01  1.35251095e+00  1.99971639e+01 
 1.36817439e+00 -5.57168399e-01  1.36817439e+00  1.97860869e+01 
 1.38401923e+00 -5.45823984e-01  1.38401923e+00  1.95768749e+01 
 1.40004757e+00 -5.34709129e-01  1.40004757e+00  1.93695226e+01 
 1.41626153e+00 -5.23819762e-01  1.41626153e+00  1.91640242e+01 
 1.43266327e+00 -5.13151856e-01  1.43266327e+00  1.89603736e+01 
 1.44925496e+00 -5.02701435e-01  1.44925496e+00  1.87585644e+01 
 1.46603879e+00 -4.92464574e-01  1.46603879e+00  1.85585898e+01 
 1.48301700e+00 -4.82437398e-01  1.48301700e+00  1.83604429e+01 
 1.50019183e+00 -4.72616080e-01  1.50019183e+00  1.81641163e+01 
 1.51756557e+00 -4.62996846e-01  1.51756557e+00  1.79696024e+01 
 1.53514051e+00 -4.53575973e-01  1.53514051e+00  1.77768933e+01 
 1.55291899e+00 -4.44349788e-01  1.55291899e+00  1.75859811e+01 
 1.57090335e+00 -4.35314669e-01  1.57090335e+00  1.73968572e+01 
 1.58909600e+00 -4.26467044e-01  1.58909600e+00  1.72095132e+01 
 1.60749933e+00 -4.17803393e-01  1.60749933e+00  1.70239401e+01 
 1.62611580e+00 -4.09320247e-01  1.62611580e+00  1.68401291e+01 
 1.64494786e+00 -4.01014187e-01  1.64494786e+00  1.66580708e+01 
 1.66399802e+00 -3.92881844e-01  1.66399802e+00  1.64777558e+01 
 1.68326879e+00 -3.84919902e-01  1.68326879e+00  1.62991745e+01 
 1.70276274e+00 -3.77125091e-01  1.70276274e+00  1.61223171e+01 
 1.72248245e+00 -3.69494196e-01  1.72248245e+00  1.59471736e+01 
 1.74243054e+00 -3.62024047e-01  1.74243054e+00  1.57737339e+01 
 1.76260964e+00 -3.54711528e-01  1.76260964e+00  1.56019877e+01 
 1.78302244e+00 -3.47553569e-01  1.78302244e+00  1.54319247e+01 
 1.80367164e+00 -3.40547150e-01  1.80367164e+00  1.52635341e+01 
 1.82455997e+00 -3.33689300e-01  1.82455997e+00  1.50968054e+01 
 1.84569022e+00 -3.26977095e-01  1.84569022e+00  1.49317278e+01 
 1.86706517e+00 -3.20407662e-01  1.86706517e+00  1.47682902e+01 
 1.88868767e+00 -3.13978172e-01  1.88868767e+00  1.46064817e+01 
 1.91056058e+00 -3.07685845e-01  1.91056058e+00  1.44462912e+01 
 1.93268680e+00 -3.01527947e-01  1.93268680e+00  1.42877074e+01 
 1.95506926e+00 -2.95501792e-01  1.95506926e+00  1.41307191e+01 
 1.97771094e+00 -2.89604737e-01  1.97771094e+00  1.39753147e+01 
 2.00061483e+00 -2.83834187e-01  2.00061483e+00  1.38214830e+01 
 2.02378396e+00 -2.78187591e-01  2.02378396e+00  1.36692123e+01 
 2.04722142e+00 -2.72662442e-01  2.04722142e+00  1.35184911e+01 
 2.07093031e+00 -2.67256278e-01  2.07093031e+00  1.33693077e+01 
 2.09491378e+00 -2.61966679e-01  2.09491378e+00  1.32216505e+01 
 2.11917499e+00 -2.56791271e-01  2.11917499e+00  1.30755076e+01 
 2.14371718e+00 -2.51727720e-01  2.14371718e+00  1.29308675e+01 
 2.16854358e+00 -2.46773734e-01  2.16854358e+00  1.27877181e+01 
 2.19365751e+00 -2.41927064e-01  2.19365751e+00  1.26460478e+01 
 2.21906227e+00 -2.37185501e-01  2.21906227e+00  1.25058447e+01 
 2.24476125e+00 -2.32546876e-01  2.24476125e+00  1.23670968e+01 
 2.27075785e+00 -2.28009062e-01  2.27075785e+00  1.22297923e+01 
 2.29705552e+00 -2.23569969e-01  2.29705552e+00  1.20939194e+01 
 2.32365774e+00 -2.19227548e-01  2.32365774e+00  1.19594660e+01 
 2.35056804e+00 -2.14979786e-01  2.35056804e+00  1.18264203e+01 
 2.37778999e+00 -2.10824710e-01  2.37778999e+00  1.16947705e+01 
 2.40532720e+00 -2.06760383e-01  2.40532720e+00  1.15645045e+01 
 2.43318331e+00 -2.02784906e-01  2.43318331e+00  1.14356106e+01 
 2.46136203e+00 -1.98896415e-01  2.46136203e+00  1.13080768e+01 
 2.48986709e+00 -1.95093081e-01  2.48986709e+00  1.11818913e+01 
 2.51870226e+00 -1.91373113e-01  2.51870226e+00  1.10570423e+01 
 2.54787137e+00 -1.87734752e-01  2.54787137e+00  1.09335179e+01 
 2.57737829e+00 -1.84176274e-01  2.57737829e+00  1.08113064e+01 
 2.60722693e+00 -1.80695988e-01  2.60722693e+00  1.06903961e+01 
 2.63742125e+00 -1.77292236e-01  2.63742125e+00  1.05707751e+01 
 2.66796525e+00 -1.73963395e-01  2.66796525e+00  1.04524318e+01 
 2.69886298e+00 -1.70707870e-01  2.69886298e+00  1.03353545e+01 
 2.73011854e+00 -1.67524101e-01  2.73011854e+00  1.02195317e+01 
 2.76173606e+00 -1.64410556e-01  2.76173606e+00  1.01049518e+01 
 2.79371975e+00 -1.61365735e-01  2.79371975e+00  9.99160322e+00 
 2.82607385e+00 -1.58388168e-01  2.82607385e+00  9.87947450e+00 
 2.85880263e+00 -1.55476413e-01  2.85880263e+00  9.76855422e+00 
 2.89191045e+00 -1.52629060e-01  2.89191045e+00  9.65883099e+00 
 2.92540169e+00 -1.49844725e-01  2.92540169e+00  9.55029348e+00 
 2.95928080e+00 -1.47122051e-01  2.95928080e+00  9.44293042e+00 
 2.99355225e+00 -1.44459711e-01  2.99355225e+00  9.33673060e+00 
 3.02822061e+00 -1.41856404e-01  3.02822061e+00  9.23168285e+00 
 3.06329046e+00 -1.39310854e-01  3.06329046e+00  9.12777606e+00 
 3.09876645e+00 -1.36821813e-01  3.09876645e+00  9.02499920e+00 
 3.13465329e+00 -1.34388058e-01  3.13465329e+00  8.92334128e+00 
 3.17095574e+00 -1.32008391e-01  3.17095574e+00  8.82279140e+00 
 3.20767861e+00 -1.29681639e-01  3.20767861e+00  8.72333868e+00 
 3.24482676e+00 -1.27406652e-01  3.24482676e+00  8.62497235e+00 
 3.28240513e+00 -1.25182305e-01  3.28240513e+00  8.52768167e+00 
 3.32041869e+00 -1.23007495e-01  3.32041869e+00  8.43145601e+00 
 3.35887249e+00 -1.20881144e-01  3.35887249e+00  8.33628476e+00 
 3.39777162e+00 -1.18802195e-01  3.39777162e+00  8.24215742e+00 
 3.43712125e+00 -1.16769613e-01  3.43712125e+00  8.14906353e+00 
 3.47692658e+00 -1.14782384e-01  3.47692658e+00  8.05699271e+00 
 3.51719290e+00 -1.12839518e-01  3.51719290e+00  7.96593467e+00 
 3.55792554e+00 -1.10940042e-01  3.55792554e+00  7.87587917e+00 
 3.59912991e+00 -1.09083006e-01  3.59912991e+00  7.78681605e+00 
 3.64081146e+00 -1.07267479e-01  3.64081146e+00  7.69873523e+00 
 3.68297573e+00 -1.05492551e-01  3.68297573e+00  7.61162668e+00 
 3.72562831e+00 -1.03757329e-01  3.72562831e+00  7.52548047e+00 
 3.76877484e+00 -1.02060941e-01  3.76877484e+00  7.44028674e+00 
 3.81242106e+00 -1.00402531e-01  3.81242106e+00  7.35603570e+00 
 3.85657274e+00 -9.87812651e-02  3.85657274e+00  7.27271764e+00 
 3.90123574e+00 -9.71963231e-02  3.90123574e+00  7.19032291e+00 
 3.94641599e+00 -9.56469044e-02  3.94641599e+00  7.10884196e+00 
 3.99211947e+00 -9.41322252e-02  3.99211947e+00  7.02826530e+00 
 4.03835224e+00 -9.26515181e-02  4.03835224e+00  6.94858353e+00 
 4.08512043e+00 -9.12040325e-02  4.08512043e+00  6.86978731e+00 
 4.13243025e+00 -8.97890338e-02  4.13243025e+00  6.79186739e+00 
 4.18028796e+00 -8.84058029e-02  4.18028796e+00  6.71481458e+00 
 4.22869991e+00 -8.70536365e-02  4.22869991e+00  6.63861980e+00 
 4.27767252e+00 -8.57318463e-02  4.27767252e+00  6.56327401e+00 
 4.32721228e+00 -8.44397588e-02  4.32721228e+00  6.48876826e+00 
 4.37732577e+00 -8.31767150e-02  4.37732577e+00  6.41509369e+00 
 4.42801962e+00 -8.19420704e-02  4.42801962e+00  6.34224150e+00 
 4.47930055e+00 -8.07351941e-02  4.47930055e+00  6.27020298e+00 
 4.53117537e+00 -7.95554691e-02  4.53117537e+00  6.19896948e+00 
 4.58365095e+00 -7.84022916e-02  4.58365095e+00  6.12853245e+00 
 4.63673425e+00 -7.72750711e-02  4.63673425e+00  6.05888338e+00 
 4.69043232e+00 -7.61732298e-02  4.69043232e+00  5.99001388e+00 
 4.74475225e+00 -7.50962025e-02  4.74475225e+00  5.92191561e+00 
 4.79970127e+00 -7.40434364e-02  4.79970127e+00  5.85458031e+00 
 4.85528665e+00 -7.30143906e-02  4.85528665e+00  5.78799979e+00 
 4.91151577e+00 -7.20085360e-02  4.91151577e+00  5.72216595e+00 
 4.96839608e+00 -7.10253553e-02  4.96839608e+00  5.65707075e+00 
 5.02593512e+00 -7.00643422e-02  5.02593512e+00  5.59270623e+00 
 5.08414052e+00 -6.91250017e-02  5.08414052e+00  5.52906452e+00 
 5.14302000e+00 -6.82068496e-02  5.14302000e+00  5.46613779e+00 
 5.20258136e+00 -6.73094121e-02  5.20258136e+00  5.40391832e+00 
 5.26283250e+00 -6.64322263e-02  5.26283250e+00  5.34239844e+00 
 5.32378141e+00 -6.55748388e-02  5.32378141e+00  5.28157057e+00 
 5.38543617e+00 -6.47368068e-02  5.38543617e+00  5.22142718e+00 
 5.44780495e+00 -6.39176968e-02  5.44780495e+00  5.16196084e+00 
 5.51089603e+00 -6.31170850e-02  5.51089603e+00  5.10316416e+00 
 5.57471776e+00 -6.23345570e-02  5.57471776e+00  5.04502986e+00 
 5.63927862e+00 -6.15697074e-02  5.63927862e+00  4.98755069e+00 
 5.70458716e+00 -6.08221400e-02  5.70458716e+00  4.93071951e+00 
 5.77065203e+00 -6.00914669e-02  5.77065203e+00  4.87452922e+00 
 5.83748200e+00 -5.93773093e-02  5.83748200e+00  4.81897281e+00 
 5.90508593e+00 -5.86792963e-02  5.90508593e+00  4.76404333e+00 
 5.97347279e+00 -5.79970655e-02  5.97347279e+00  4.70973391e+00 
 6.04265163e+00 -5.73302626e-02  6.04265163e+00  4.65603772e+00 
 6.11263163e+00 -5.66785408e-02  6.11263163e+00  4.60294802e+00 
 6.18342207e+00 -5.60415612e-02  6.18342207e+00  4.55045816e+00 
 6.25503234e+00 -5.54189926e-02  6.25503234e+00  4.49856150e+00 
 6.32747192e+00 -5.48105107e-02  6.32747192e+00  4.44725153e+00 
 6.40075043e+00 -5.42157988e-02  6.40075043e+00  4.39652176e+00 
 6.47487758e+00 -5.36345471e-02  6.47487758e+00  4.34636578e+00 
 6.54986319e+00 -5.30664527e-02  6.54986319e+00  4.29677725e+00 
 6.62571722e+00 -5.25112194e-02  6.62571722e+00  4.24774990e+00 
 6.70244971e+00 -5.19685575e-02  6.70244971e+00  4.19927751e+00 
 6.78007084e+00 -5.14381841e-02  6.78007084e+00  4.15135393e+00 
 6.85859090e+00 -5.09198221e-02  6.85859090e+00  4.10397308e+00 
 6.93802030e+00 -5.04132011e-02  6.93802030e+00  4.05712893e+00 
 7.01836957e+00 -4.99180564e-02  7.01836957e+00  4.01081552e+00 
 7.09964937e+00 -4.94341292e-02  7.09964937e+00  3.96502696e+00 
 7.18187048e+00 -4.89611666e-02  7.18187048e+00  3.91975740e+00 
 7.26504378e+00 -4.84989214e-02  7.26504378e+00  3.87500107e+00 
 7.34918032e+00 -4.80471517e-02  7.34918032e+00  3.83075227e+00 
 7.43429124e+00 -4.76056213e-02  7.43429124e+00  3.78700532e+00 
 7.52038784e+00 -4.71740990e-02  7.52038784e+00  3.74375463e+00 
 7.60748151e+00 -4.67523589e-02  7.60748151e+00  3.70099467e+00 
 7.69558382e+00 -4.63401802e-02  7.69558382e+00  3.65871996e+00 
 7.78470645e+00 -4.59373470e-02  7.78470645e+00  3.61692508e+00 
 7.87486120e+00 -4.55436482e-02  7.87486120e+00  3.57560465e+00 
 7.96606004e+00 -4.51588775e-02  7.96606004e+00  3.53475339e+00 
 8.05831505e+00 -4.47828332e-02  8.05831505e+00  3.49436603e+00 
 8.15163847e+00 -4.44153180e-02  8.15163847e+00  3.45443738e+00 
 8.24604267e+00 -4.40561392e-02  8.24604267e+00  3.41496230e+00 
 8.34154016e+00 -4.37051084e-02  8.34154016e+00  3.37593571e+00 
 8.43814361e+00 -4.33620413e-02  8.43814361e+00  3.33735259e+00 
 8.53586583e+00 -4.30267580e-02  8.53586583e+00  3.29920794e+00 
 8.63471977e+00 -4.26990822e-02  8.63471977e+00  3.26149686e+00 
 8.73471853e+00 -4.23788420e-02  8.73471853e+00  3.22421447e+00 
 8.83587539e+00 -4.20658692e-02  8.83587539e+00  3.18735595e+00 
 8.93820374e+00 -4.17599992e-02  8.93820374e+00  3.15091655e+00 
 9.04171716e+00 -4.14610715e-02  9.04171716e+00  3.11489154e+00 
 9.14642936e+00 -4.11689289e-02  9.14642936e+00  3.07927626e+00 
 9.25235424e+00 -4.08834177e-02  9.25235424e+00  3.04406611e+00 
 9.35950584e+00 -4.06043879e-02  9.35950584e+00  3.00925652e+00 
 9.46789836e+00 -4.03316927e-02  9.46789836e+00  2.97484297e+00 
 9.57754617e+00 -4.00651887e-02  9.57754617e+00  2.94082101e+00 
 9.68846382e+00 -3.98047357e-02  9.68846382e+00  2.90718622e+00 
 9.80066601e+00 -3.95501966e-02  9.80066601e+00  2.87393423e+00 
 9.91416761e+00 -3.93014375e-02  9.91416761e+00  2.84106072e+00 
 1.00289837e+01 -3.90583273e-02  1.00289837e+01  2.80856143e+00 
 1.01451294e+01 -3.88207382e-02  1.01451294e+01  2.77643212e+00 
 1.02626203e+01 -3.85885450e-02  1.02626203e+01  2.74466861e+00 
 1.03814717e+01 -3.83616254e-02  1.03814717e+01  2.71326678e+00 
 1.05016997e+01 -3.81398599e-02  1.05016997e+01  2.68222254e+00 
 1.06233199e+01 -3.79231317e-02  1.06233199e+01  2.65153183e+00 
 1.07463487e+01 -3.77113266e-02  1.07463487e+01  2.62119067e+00 
 1.08708023e+01 -3.75043329e-02  1.08708023e+01  2.59119510e+00 
 1.09966971e+01 -3.73020416e-02  1.09966971e+01  2.56154120e+00 
 1.11240500e+01 -3.71043461e-02  1.11240500e+01  2.53222512e+00 
 1.12528777e+01 -3.69111420e-02  1.12528777e+01  2.50324301e+00 
 1.13831974e+01 -3.67223276e-02  1.13831974e+01  2.47459111e+00 
 1.15150263e+01 -3.65378033e-02  1.15150263e+01  2.44626566e+00 
 1.16483819e+01 -3.63574717e-02  1.16483819e+01  2.41826298e+00 
 1.17832819e+01 -3.61812378e-02  1.17832819e+01  2.39057939e+00 
 1.19197442e+01 -3.60090086e-02  1.19197442e+01  2.36321128e+00 
 1.20577869e+01 -3.58406932e-02  1.20577869e+01  2.33615507e+00 
 1.21974282e+01 -3.56762027e-02  1.21974282e+01  2.30940723e+00 
 1.23386867e+01 -3.55154505e-02  1.23386867e+01  2.28296424e+00 
 1.24815812e+01 -3.53583516e-02  1.24815812e+01  2.25682266e+00 
 1.26261305e+01 -3.52048232e-02  1.26261305e+01  2.23097906e+00 
 1.27723538e+01 -3.50547842e-02  1.27723538e+01  2.20543005e+00 
 1.29202705e+01 -3.49081553e-02  1.29202705e+01  2.18017229e+00 
 1.30699003e+01 -3.47648592e-02  1.30699003e+01  2.15520246e+00 
 1.32212629e+01 -3.46248203e-02  1.32212629e+01  2.13051730e+00 
 1.33743785e+01 -3.44879645e-02  1.33743785e+01  2.10611357e+00 
 1.35292673e+01 -3.43542195e-02  1.35292673e+01  2.08198807e+00 
 1.36859499e+01 -3.42235148e-02  1.36859499e+01  2.05813763e+00 
 1.38444470e+01 -3.40957813e-02  1.38444470e+01  2.03455913e+00 
 1.40047796e+01 -3.39709515e-02  1.40047796e+01  2.01124946e+00 
 1.41669691e+01 -3.38489595e-02  1.41669691e+01  1.98820558e+00 
 1.43310369e+01 -3.37297409e-02  1.43310369e+01  1.96542445e+00 
 1.44970048e+01 -3.36132325e-02  1.44970048e+01  1.94290309e+00 
 1.46648947e+01 -3.34993729e-02  1.46648947e+01  1.92063853e+00 
 1.48347290e+01 -3.33881019e-02  1.48347290e+01  1.89862785e+00 
 1.50065301e+01 -3.32793607e-02  1.50065301e+01  1.87686815e+00 
 1.51803209e+01 -3.31730918e-02  1.51803209e+01  1.85535659e+00 
 1.53561243e+01 -3.30692390e-02  1.53561243e+01  1.83409032e+00 
 1.55339637e+01 -3.29677475e-02  1.55339637e+01  1.81306656e+00 
 1.57138627e+01 -3.28685636e-02  1.57138627e+01  1.79228254e+00 
 1.58958451e+01 -3.27716348e-02  1.58958451e+01  1.77173552e+00 
 1.60799350e+01 -3.26769099e-02  1.60799350e+01  1.75142280e+00 
 1.62661569e+01 -3.25843389e-02  1.62661569e+01  1.73134171e+00 
 1.64545354e+01 -3.24938727e-02  1.64545354e+01  1.71148961e+00 
 1.66450955e+01 -3.24054636e-02  1.66450955e+01  1.69186388e+00 
 1.68378625e+01 -3.23190648e-02  1.68378625e+01  1.67246193e+00 
 1.70328619e+01 -3.22346306e-02  1.70328619e+01  1.65328123e+00 
 1.72301197e+01 -3.21521163e-02  1.72301197e+01  1.63431923e+00 
 1.74296618e+01 -3.20714784e-02  1.74296618e+01  1.61557344e+00 
 1.76315149e+01 -3.19926740e-02  1.76315149e+01  1.59704139e+00 
 1.78357056e+01 -3.19156617e-02  1.78357056e+01  1.57872064e+00 
 1.80422611e+01 -3.18404006e-02  1.80422611e+01  1.56060878e+00 
 1.82512087e+01 -3.17668510e-02  1.82512087e+01  1.54270341e+00 
 1.84625761e+01 -3.16949738e-02  1.84625761e+01  1.52500219e+00 
 1.86763914e+01 -3.16247312e-02  1.86763914e+01  1.50750277e+00 
 1.88926828e+01 -3.15560859e-02  1.88926828e+01  1.49020284e+00 
 1.91114791e+01 -3.14890016e-02  1.91114791e+01  1.47310014e+00 
 1.93328093e+01 -3.14234428e-02  1.93328093e+01  1.45619239e+00 
 1.95567028e+01 -3.13593749e-02  1.95567028e+01  1.43947737e+00 
 1.97831891e+01 -3.12967640e-02  1.97831891e+01  1.42295289e+00 
 2.00122984e+01 -3.12355768e-02  2.00122984e+01  1.40661674e+00 
 2.02440610e+01 -3.11757812e-02  2.02440610e+01  1.39046679e+00 
 2.04785077e+01 -3.11173453e-02  2.04785077e+01  1.37450090e+00 
 2.07156695e+01 -3.10602383e-02  2.07156695e+01  1.35871696e+00 
 2.09555778e+01 -3.10044300e-02  2.09555778e+01  1.34311289e+00 
 2.11982645e+01 -3.09498908e-02  2.11982645e+01  1.32768663e+00 
 2.14437618e+01 -3.08965919e-02  2.14437618e+01  1.31243615e+00 
 2.16921022e+01 -3.08445050e-02  2.16921022e+01  1.29735942e+00 
 2.19433187e+01 -3.07936027e-02  2.19433187e+01  1.28245447e+00 
 2.21974444e+01 -3.07438579e-02  2.21974444e+01  1.26771931e+00 
 2.24545132e+01 -3.06952444e-02  2.24545132e+01  1.25315201e+00 
 2.27145591e+01 -3.06477364e-02  2.27145591e+01  1.23875064e+00 
 2.29776167e+01 -3.06013088e-02  2.29776167e+01  1.22451331e+00 
 2.32437206e+01 -3.05559371e-02  2.32437206e+01  1.21043812e+00 
 2.35129064e+01 -3.05115971e-02  2.35129064e+01  1.19652321e+00 
 2.37852095e+01 -3.04682654e-02  2.37852095e+01  1.18276676e+00 
 2.40606663e+01 -3.04259192e-02  2.40606663e+01  1.16916695e+00 
 2.43393131e+01 -3.03845359e-02  2.43393131e+01  1.15572197e+00 
 2.46211869e+01 -3.03440937e-02  2.46211869e+01  1.14243004e+00 
 2.49063250e+01 -3.03045712e-02  2.49063250e+01  1.12928943e+00 
 2.51947654e+01 -3.02659475e-02  2.51947654e+01  1.11629837e+00 
 2.54865462e+01 -3.02282022e-02  2.54865462e+01  1.10345517e+00 
 2.57817061e+01 -3.01913151e-02  2.57817061e+01  1.09075812e+00 
 2.60802843e+01 -3.01552670e-02  2.60802843e+01  1.07820553e+00 
 2.63823203e+01 -3.01200385e-02  2.63823203e+01  1.06579577e+00 
 2.66878542e+01 -3.00856112e-02  2.66878542e+01  1.05352717e+00 
 2.69969265e+01 -3.00519668e-02  2.69969265e+01  1.04139813e+00 
 2.73095781e+01 -3.00190875e-02  2.73095781e+01  1.02940703e+00 
 2.76258506e+01 -2.99869558e-02  2.76258506e+01  1.01755229e+00 
 2.79457858e+01 -2.99555549e-02  2.79457858e+01  1.00583235e+00 
 2.82694262e+01 -2.99248680e-02  2.82694262e+01  9.94245648e-01 
 2.85968147e+01 -2.98948789e-02  2.85968147e+01  9.82790658e-01 
 2.89279946e+01 -2.98655718e-02  2.89279946e+01  9.71465863e-01 
 2.92630100e+01 -2.98369312e-02  2.92630100e+01  9.60269765e-01 
 2.96019052e+01 -2.98089418e-02  2.96019052e+01  9.49200884e-01 
 2.99447251e+01 -2.97815890e-02  2.99447251e+01  9.38257755e-01 
 3.02915152e+01 -2.97548581e-02  3.02915152e+01  9.27438931e-01 
 3.06423215e+01 -2.97287351e-02  3.06423215e+01  9.16742980e-01 
 3.09971905e+01 -2.97032061e-02  3.09971905e+01  9.06168487e-01 
 3.13561693e+01 -2.96782576e-02  3.13561693e+01  8.95714052e-01 
 3.17193054e+01 -2.96538765e-02  3.17193054e+01  8.85378293e-01 
 3.20866469e+01 -2.96300498e-02  3.20866469e+01  8.75159842e-01 
 3.24582427e+01 -2.96067649e-02  3.24582427e+01  8.65057347e-01 
 3.28341419e+01 -2.95840095e-02  3.28341419e+01  8.55069470e-01 
 3.32143943e+01 -2.95617716e-02  3.32143943e+01  8.45194890e-01 
 3.35990505e+01 -2.95400393e-02  3.35990505e+01  8.35432300e-01 
 3.39881614e+01 -2.95188013e-02  3.39881614e+01  8.25780408e-01 
 3.43817786e+01 -2.94980462e-02  3.43817786e+01  8.16237936e-01 
 3.47799543e+01 -2.94777630e-02  3.47799543e+01  8.06803622e-01 
 3.51827413e+01 -2.94579411e-02  3.51827413e+01  7.97476216e-01 
 3.55901929e+01 -2.94385699e-02  3.55901929e+01  7.88254484e-01 
 3.60023633e+01 -2.94196393e-02  3.60023633e+01  7.79137205e-01 
 3.64193070e+01 -2.94011391e-02  3.64193070e+01  7.70123172e-01 
 3.68410793e+01 -2.93830596e-02  3.68410793e+01  7.61211192e-01 
 3.72677361e+01 -2.93653912e-02  3.72677361e+01  7.52400085e-01 
 3.76993341e+01 -2.93481246e-02  3.76993341e+01  7.43688684e-01 
 3.81359304e+01 -2.93312506e-02  3.81359304e+01  7.35075837e-01 
 3.85775830e+01 -2.93147604e-02  3.85775830e+01  7.26560401e-01 
 3.90243503e+01 -2.92986452e-02  3.90243503e+01  7.18141251e-01 
 3.94762917e+01 -2.92828964e-02  3.94762917e+01  7.09817272e-01 
 3.99334670e+01 -2.92675057e-02  3.99334670e+01  7.01587360e-01 
 4.03959368e+01 -2.92524650e-02  4.03959368e+01  6.93450427e-01 
 4.08637625e+01 -2.92377664e-02  4.08637625e+01  6.85405395e-01 
 4.13370061e+01 -2.92234020e-02  4.13370061e+01  6.77451199e-01 
 4.18157303e+01 -2.92093642e-02  4.18157303e+01  6.69586784e-01 
 4.22999987e+01 -2.91956457e-02  4.22999987e+01  6.61811110e-01 
 4.27898753e+01 -2.91822392e-02  4.27898753e+01  6.54123147e-01 
 4.32854253e+01 -2.91691375e-02  4.32854253e+01  6.46521877e-01 
 4.37867142e+01 -2.91563338e-02  4.37867142e+01  6.39006293e-01 
 4.42938085e+01 -2.91438212e-02  4.42938085e+01  6.31575399e-01 
 4.48067755e+01 -2.91315932e-02  4.48067755e+01  6.24228212e-01 
 4.53256831e+01 -2.91196432e-02  4.53256831e+01  6.16963757e-01 
 4.58506003e+01 -2.91079650e-02  4.58506003e+01  6.09781074e-01 
 4.63815965e+01 -2.90965524e-02  4.63815965e+01  6.02679211e-01 
 4.69187422e+01 -2.90853993e-02  4.69187422e+01  5.95657227e-01 
 4.74621085e+01 -2.90744998e-02  4.74621085e+01  5.88714191e-01 
 4.80117676e+01 -2.90638483e-02  4.80117676e+01  5.81849185e-01 
 4.85677923e+01 -2.90534389e-02  4.85677923e+01  5.75061298e-01 
 4.91302564e+01 -2.90432663e-02  4.91302564e+01  5.68349632e-01 
 4.96992343e+01 -2.90333250e-02  4.96992343e+01  5.61713297e-01 
 5.02748016e+01 -2.90236098e-02  5.02748016e+01  5.55151415e-01 
 5.08570345e+01 -2.90141155e-02  5.08570345e+01  5.48663116e-01 
 5.14460103e+01 -2.90048372e-02  5.14460103e+01  5.42247540e-01 
 5.20418070e+01 -2.89957698e-02  5.20418070e+01  5.35903838e-01 
 5.26445036e+01 -2.89869087e-02  5.26445036e+01  5.29631168e-01 
 5.32541801e+01 -2.89782491e-02  5.32541801e+01  5.23428701e-01 
 5.38709172e+01 -2.89697864e-02  5.38709172e+01  5.17295614e-01 
 5.44947968e+01 -2.89615162e-02  5.44947968e+01  5.11231095e-01 
 5.51259015e+01 -2.89534341e-02  5.51259015e+01  5.05234341e-01 
 5.57643151e+01 -2.89455358e-02  5.57643151e+01  4.99304556e-01 
 5.64101221e+01 -2.89378171e-02  5.64101221e+01  4.93440955e-01 
 5.70634082e+01 -2.89302739e-02  5.70634082e+01  4.87642761e-01 
 5.77242601e+01 -2.89229023e-02  5.77242601e+01  4.81909206e-01 
 5.83927652e+01 -2.89156984e-02  5.83927652e+01  4.76239530e-01 
 5.90690124e+01 -2.89086583e-02  5.90690124e+01  4.70632983e-01 
 5.97530911e+01 -2.89017782e-02  5.97530911e+01  4.65088820e-01 
 6.04450922e+01 -2.88950547e-02  6.04450922e+01  4.59606308e-01 
 6.11451073e+01 -2.88884841e-02  6.11451073e+01  4.54184720e-01 
 6.18532294e+01 -2.88820629e-02  6.18532294e+01  4.48823337e-01 
 6.25695522e+01 -2.88757878e-02  6.25695522e+01  4.43521450e-01 
 6.32941707e+01 -2.88696553e-02  6.32941707e+01  4.38278355e-01 
 6.40271811e+01 -2.88636623e-02  6.40271811e+01  4.33093358e-01 
 6.47686804e+01 -2.88578057e-02  6.47686804e+01  4.27965771e-01 
 6.55187671e+01 -2.88520822e-02  6.55187671e+01  4.22894916e-01 
 6.62775405e+01 -2.88464889e-02  6.62775405e+01  4.17880120e-01 
 6.70451013e+01 -2.88410228e-02  6.70451013e+01  4.12920719e-01 
 6.78215512e+01 -2.88356810e-02  6.78215512e+01  4.08016055e-01 
 6.86069932e+01 -2.88304607e-02  6.86069932e+01  4.03165478e-01 
 6.94015314e+01 -2.88253591e-02  6.94015314e+01  3.98368346e-01 
 7.02052711e+01 -2.88203735e-02  7.02052711e+01  3.93624024e-01 
 7.10183190e+01 -2.88155013e-02  7.10183190e+01  3.88931881e-01 
 7.18407828e+01 -2.88107399e-02  7.18407828e+01  3.84291297e-01 
 7.26727715e+01 -2.88060868e-02  7.26727715e+01  3.79701655e-01 
 7.35143955e+01 -2.88015395e-02  7.35143955e+01  3.75162349e-01 
 7.43657664e+01 -2.87970956e-02  7.43657664e+01  3.70672777e-01 
 7.52269970e+01 -2.87927528e-02  7.52269970e+01  3.66232343e-01 
 7.60982015e+01 -2.87885087e-02  7.60982015e+01  3.61840459e-01 
 7.69794955e+01 -2.87843612e-02  7.69794955e+01  3.57496542e-01 
 7.78709957e+01 -2.87803080e-02  7.78709957e+01  3.53200018e-01 
 7.87728204e+01 -2.87763469e-02  7.87728204e+01  3.48950317e-01 
 7.96850891e+01 -2.87724759e-02  7.96850891e+01  3.44746875e-01 
 8.06079229e+01 -2.87686929e-02  8.06079229e+01  3.40589135e-01 
 8.15414439e+01 -2.87649959e-02  8.15414439e+01  3.36476547e-01 
 8.24857761e+01 -2.87613830e-02  8.24857761e+01  3.32408565e-01 
 8.34410446e+01 -2.87578523e-02  8.34410446e+01  3.28384649e-01 
 8.44073761e+01 -2.87544018e-02  8.44073761e+01  3.24404268e-01 
 8.53848987e+01 -2.87510298e-02  8.53848987e+01  3.20466893e-01 
 8.63737419e+01 -2.87477344e-02  8.63737419e+01  3.16572001e-01 
 8.73740370e+01 -2.87445140e-02  8.73740370e+01  3.12719078e-01 
 8.83859165e+01 -2.87413667e-02  8.83859165e+01  3.08907612e-01 
 8.94095146e+01 -2.87382911e-02  8.94095146e+01  3.05137098e-01 
 9.04449670e+01 -2.87352853e-02  9.04449670e+01  3.01407037e-01 
 9.14924110e+01 -2.87323479e-02  9.14924110e+01  2.97716933e-01 
 9.25519854e+01 -2.87294772e-02  9.25519854e+01  2.94066298e-01 
 9.36238307e+01 -2.87266718e-02  9.36238307e+01  2.90454649e-01 
 9.47080892e+01 -2.87239301e-02  9.47080892e+01  2.86881505e-01 
 9.58049044e+01 -2.87212508e-02  9.58049044e+01  2.83346394e-01 
 9.69144218e+01 -2.87186323e-02  9.69144218e+01  2.79848846e-01 
 9.80367886e+01 -2.87160734e-02  9.80367886e+01  2.76388399e-01 
 9.91721535e+01 -2.87135726e-02  9.91721535e+01  2.72964594e-01 
 1.00320667e+02 -2.87111286e-02  1.00320667e+02  2.69576977e-01 
 1.01482482e+02 -2.87087401e-02  1.01482482e+02  2.66225098e-01 
 1.02657751e+02 -2.87064060e-02  1.02657751e+02  2.62908514e-01 
 1.03846632e+02 -2.87041248e-02  1.03846632e+02  2.59626784e-01 
 1.05049280e+02 -2.87018955e-02  1.05049280e+02  2.56379475e-01 
 1.06265857e+02 -2.86997168e-02  1.06265857e+02  2.53166155e-01 
 1.07496523e+02 -2.86975876e-02  1.07496523e+02  2.49986398e-01 
 1.08741441e+02 -2.86955067e-02  1.08741441e+02  2.46839783e-01 
 1.10000777e+02 -2.86934731e-02  1.10000777e+02  2.43725893e-01 
 1.11274697e+02 -2.86914857e-02  1.11274697e+02  2.40644315e-01 
 1.12563370e+02 -2.86895434e-02  1.12563370e+02  2.37594640e-01 
 1.13866967e+02 -2.86876452e-02  1.13866967e+02  2.34576465e-01 
 1.15185661e+02 -2.86857901e-02  1.15185661e+02  2.31589388e-01 
 1.16519628e+02 -2.86839771e-02  1.16519628e+02  2.28633015e-01 
 1.17869043e+02 -2.86822052e-02  1.17869043e+02  2.25706953e-01 
 1.19234085e+02 -2.86804736e-02  1.19234085e+02  2.22810815e-01 
 1.20614936e+02 -2.86787812e-02  1.20614936e+02  2.19944216e-01 
 1.22011779e+02 -2.86771272e-02  1.22011779e+02  2.17106777e-01 
 1.23424798e+02 -2.86755107e-02  1.23424798e+02  2.14298120e-01 
 1.24854182e+02 -2.86739309e-02  1.24854182e+02  2.11517875e-01 
 1.26300119e+02 -2.86723870e-02  1.26300119e+02  2.08765673e-01 
 1.27762802e+02 -2.86708780e-02  1.27762802e+02  2.06041147e-01 
 1.29242424e+02 -2.86694032e-02  1.29242424e+02  2.03343939e-01 
 1.30739182e+02 -2.86679618e-02  1.30739182e+02  2.00673689e-01 
 1.32253273e+02 -2.86665531e-02  1.32253273e+02  1.98030043e-01 
 1.33784900e+02 -2.86651764e-02  1.33784900e+02  1.95412653e-01 
 1.35334264e+02 -2.86638308e-02  1.35334264e+02  1.92821169e-01 
 1.36901571e+02 -2.86625156e-02  1.36901571e+02  1.90255250e-01 
 1.38487029e+02 -2.86612303e-02  1.38487029e+02  1.87714554e-01 
 1.40090849e+02 -2.86599740e-02  1.40090849e+02  1.85198745e-01 
 1.41713242e+02 -2.86587462e-02  1.41713242e+02  1.82707490e-01 
 1.43354425e+02 -2.86575461e-02  1.43354425e+02  1.80240457e-01 
 1.45014614e+02 -2.86563731e-02  1.45014614e+02  1.77797321e-01 
 1.46694029e+02 -2.86552267e-02  1.46694029e+02  1.75377756e-01 
 1.48392894e+02 -2.86541062e-02  1.48392894e+02  1.72981444e-01 
 1.50111433e+02 -2.86530110e-02  1.50111433e+02  1.70608064e-01 
 1.51849875e+02 -2.86519406e-02  1.51849875e+02  1.68257304e-01 
 1.53608450e+02 -2.86508943e-02  1.53608450e+02  1.65928852e-01 
 1.55387391e+02 -2.86498716e-02  1.55387391e+02  1.63622398e-01 
 1.57186933e+02 -2.86488720e-02  1.57186933e+02  1.61337637e-01 
 1.59007317e+02 -2.86478949e-02  1.59007317e+02  1.59074266e-01 
 1.60848782e+02 -2.86469399e-02  1.60848782e+02  1.56831985e-01 
 1.62711573e+02 -2.86460064e-02  1.62711573e+02  1.54610496e-01 
 1.64595937e+02 -2.86450938e-02  1.64595937e+02  1.52409506e-01 
 1.66502124e+02 -2.86442019e-02  1.66502124e+02  1.50228723e-01 
 1.68430387e+02 -2.86433300e-02  1.68430387e+02  1.48067857e-01 
 1.70380981e+02 -2.86424777e-02  1.70380981e+02  1.45926621e-01 
 1.72354164e+02 -2.86416445e-02  1.72354164e+02  1.43804733e-01 
 1.74350199e+02 -2.86408301e-02  1.74350199e+02  1.41701910e-01 
 1.76369351e+02 -2.86400339e-02  1.76369351e+02  1.39617874e-01 
 1.78411886e+02 -2.86392556e-02  1.78411886e+02  1.37552349e-01 
 1.80478075e+02 -2.86384947e-02  1.80478075e+02  1.35505060e-01 
 1.82568193e+02 -2.86377509e-02  1.82568193e+02  1.33475737e-01 
 1.84682517e+02 -2.86370237e-02  1.84682517e+02  1.31464110e-01 
 1.86821327e+02 -2.86363128e-02  1.86821327e+02  1.29469913e-01 
 1.88984907e+02 -2.86356178e-02  1.88984907e+02  1.27492881e-01 
 1.91173543e+02 -2.86349383e-02  1.91173543e+02  1.25532752e-01 
 1.93387525e+02 -2.86342739e-02  1.93387525e+02  1.23589266e-01 
 1.95627148e+02 -2.86336243e-02  1.95627148e+02  1.21662166e-01 
 1.97892707e+02 -2.86329892e-02  1.97892707e+02  1.19751196e-01 
 2.00184505e+02 -2.86323682e-02  2.00184505e+02  1.17856102e-01 
 2.02502843e+02 -2.86317610e-02  2.02502843e+02  1.15976634e-01 
 2.04848030e+02 -2.86311673e-02  2.04848030e+02  1.14112543e-01 
 2.07220377e+02 -2.86305867e-02  2.07220377e+02  1.12263580e-01 
 2.09620198e+02 -2.86300190e-02  2.09620198e+02  1.10429502e-01 
 2.12047812e+02 -2.86294638e-02  2.12047812e+02  1.08610064e-01 
 2.14503539e+02 -2.86289209e-02  2.14503539e+02  1.06805027e-01 
 2.16987707e+02 -2.86283899e-02  2.16987707e+02  1.05014149e-01 
 2.19500643e+02 -2.86278706e-02  2.19500643e+02  1.03237195e-01 
 2.22042682e+02 -2.86273628e-02  2.22042682e+02  1.01473928e-01 
 2.24614160e+02 -2.86268660e-02  2.24614160e+02  9.97241139e-02 
 2.27215419e+02 -2.86263802e-02  2.27215419e+02  9.79875219e-02 
 2.29846803e+02 -2.86259049e-02  2.29846803e+02  9.62639212e-02 
 2.32508661e+02 -2.86254400e-02  2.32508661e+02  9.45530833e-02 
 2.35201345e+02 -2.86249853e-02  2.35201345e+02  9.28547815e-02 
 2.37925214e+02 -2.86245404e-02  2.37925214e+02  9.11687905e-02 
 2.40680628e+02 -2.86241052e-02  2.40680628e+02  8.94948868e-02 
 2.43467953e+02 -2.86236793e-02  2.43467953e+02  8.78328486e-02 
 2.46287557e+02 -2.86232627e-02  2.46287557e+02  8.61824553e-02 
 2.49139816e+02 -2.86228550e-02  2.49139816e+02  8.45434883e-02 
 2.52025106e+02 -2.86224560e-02  2.52025106e+02  8.29157303e-02 
 2.54943811e+02 -2.86220656e-02  2.54943811e+02  8.12989653e-02 
 2.57896318e+02 -2.86216836e-02  2.57896318e+02  7.96929792e-02 
 2.60883017e+02 -2.86213096e-02  2.60883017e+02  7.80975588e-02 
 2.63904306e+02 -2.86209436e-02  2.63904306e+02  7.65124929e-02 
 2.66960584e+02 -2.86205853e-02  2.66960584e+02  7.49375711e-02 
 2.70052257e+02 -2.86202346e-02  2.70052257e+02  7.33725847e-02 
 2.73179734e+02 -2.86198912e-02  2.73179734e+02  7.18173262e-02 
 2.76343431e+02 -2.86195550e-02  2.76343431e+02  7.02715893e-02 
 2.79543767e+02 -2.86192258e-02  2.79543767e+02  6.87351693e-02 
 2.82781166e+02 -2.86189034e-02  2.82781166e+02  6.72078623e-02 
 2.86056057e+02 -2.86185877e-02  2.86056057e+02  6.56894658e-02 
 2.89368875e+02 -2.86182784e-02  2.89368875e+02  6.41797787e-02 
 2.92720058e+02 -2.86179755e-02  2.92720058e+02  6.26786006e-02 
 2.96110052e+02 -2.86176787e-02  2.96110052e+02  6.11857325e-02 
 2.99539305e+02 -2.86173880e-02  2.99539305e+02  5.97009767e-02 
 3.03008272e+02 -2.86171031e-02  3.03008272e+02  5.82241361e-02 
 3.06517414e+02 -2.86168239e-02  3.06517414e+02  5.67550150e-02 
 3.10067195e+02 -2.86165502e-02  3.10067195e+02  5.52934186e-02 
 3.13658086e+02 -2.86162819e-02  3.13658086e+02  5.38391531e-02 
 3.17290563e+02 -2.86160189e-02  3.17290563e+02  5.23920258e-02 
 3.20965108e+02 -2.86157611e-02  3.20965108e+02  5.09518447e-02 
 3.24682207e+02 -2.86155082e-02  3.24682207e+02  4.95184189e-02 
 3.28442355e+02 -2.86152601e-02  3.28442355e+02  4.80915584e-02 
 3.32246049e+02 -2.86150168e-02  3.32246049e+02  4.66710740e-02 
 3.36093793e+02 -2.86147781e-02  3.36093793e+02  4.52567773e-02 
 3.39986099e+02 -2.86145438e-02  3.39986099e+02  4.38484809e-02 
 3.43923481e+02 -2.86143139e-02  3.43923481e+02  4.24459980e-02 
 3.47906461e+02 -2.86140882e-02  3.47906461e+02  4.10491426e-02 
 3.51935569e+02 -2.86138666e-02  3.51935569e+02  3.96577297e-02 
 3.56011338e+02 -2.86136490e-02  3.56011338e+02  3.82715747e-02 
 3.60134309e+02 -2.86134352e-02  3.60134309e+02  3.68904938e-02 
 3.64305027e+02 -2.86132252e-02  3.64305027e+02  3.55143039e-02 
 3.68524047e+02 -2.86130189e-02  3.68524047e+02  3.41428226e-02 
 3.72791927e+02 -2.86128160e-02  3.72791927e+02  3.27758680e-02 
 3.77109234e+02 -2.86126166e-02  3.77109234e+02  3.14132589e-02 
 3.81476539e+02 -2.86124205e-02  3.81476539e+02  3.00548146e-02 
 3.85894423e+02 -2.86122277e-02  3.85894423e+02  2.87003551e-02 
 3.90363469e+02 -2.86120379e-02  3.90363469e+02  2.73497007e-02 
 3.94884272e+02 -2.86118511e-02  3.94884272e+02  2.60026723e-02 
 3.99457430e+02 -2.86116673e-02  3.99457430e+02  2.46590915e-02 
 4.04083550e+02 -2.86114863e-02  4.04083550e+02  2.33187800e-02 
 4.08763246e+02 -2.86113080e-02  4.08763246e+02  2.19815601e-02 
 4.13497136e+02 -2.86111323e-02  4.13497136e+02  2.06472545e-02 
 4.18285850e+02 -2.86109592e-02  4.18285850e+02  1.93156864e-02 
 4.23130023e+02 -2.86107885e-02  4.23130023e+02  1.79866792e-02 
 4.28030295e+02 -2.86106201e-02  4.28030295e+02  1.66600567e-02 
 4.32987318e+02 -2.86104540e-02  4.32987318e+02  1.53356429e-02 
 4.38001748e+02 -2.86102901e-02  4.38001748e+02  1.40132624e-02 
 4.43074250e+02 -2.86101282e-02  4.43074250e+02  1.26927397e-02 
 4.48205497e+02 -2.86099684e-02  4.48205497e+02  1.13738999e-02 
 4.53396168e+02 -2.86098105e-02  4.53396168e+02  1.00565679e-02 
 4.58646954e+02 -2.86096544e-02  4.58646954e+02  8.74056926e-03 
 4.63958548e+02 -2.86095000e-02  4.63958548e+02  7.42572940e-03 
 4.69331656e+02 -2.86093473e-02  4.69331656e+02  6.11187401e-03 
 4.74766990e+02 -2.86091962e-02  4.74766990e+02  4.79882889e-03 
 4.80265271e+02 -2.86090466e-02  4.80265271e+02  3.48641996e-03 
 4.85827227e+02 -2.86088985e-02  4.85827227e+02  2.17447321e-03 
 4.91453597e+02 -2.86087517e-02  4.91453597e+02  8.62814692e-04 
 4.97145125e+02 -2.86086061e-02  4.97145125e+02 -4.48729496e-04 
 5.02902567e+02 -2.86084617e-02  5.02902567e+02 -1.76033324e-03 
 5.08726686e+02 -2.86083185e-02  5.08726686e+02 -3.07217045e-03 
 5.14618255e+02 -2.86081763e-02  5.14618255e+02 -4.38441505e-03 
 5.20578053e+02 -2.86080350e-02  5.20578053e+02 -5.69724103e-03 
 5.26606872e+02 -2.86078947e-02  5.26606872e+02 -7.01082243e-03 
 5.32705511e+02 -2.86077552e-02  5.32705511e+02 -8.32533344e-03 
 5.38874778e+02 -2.86076164e-02  5.38874778e+02 -9.64094832e-03 
 5.45115492e+02 -2.86074782e-02  5.45115492e+02 -1.09578415e-02 
 5.51428479e+02 -2.86073407e-02  5.51428479e+02 -1.22761876e-02 
 5.57814577e+02 -2.86072037e-02  5.57814577e+02 -1.35961614e-02 
 5.64274633e+02 -2.86070671e-02  5.64274633e+02 -1.49179380e-02 
 5.70809503e+02 -2.86069309e-02  5.70809503e+02 -1.62416925e-02 
 5.77420053e+02 -2.86067950e-02  5.77420053e+02 -1.75676004e-02 
 5.84107159e+02 -2.86066593e-02  5.84107159e+02 -1.88958377e-02 
 5.90871709e+02 -2.86065238e-02  5.90871709e+02 -2.02265803e-02 
 5.97714600e+02 -2.86063884e-02  5.97714600e+02 -2.15600047e-02 
 6.04636738e+02 -2.86062530e-02  6.04636738e+02 -2.28962877e-02 
 6.11639042e+02 -2.86061176e-02  6.11639042e+02 -2.42356065e-02 
 6.18722439e+02 -2.86059820e-02  6.18722439e+02 -2.55781387e-02 
 6.25887869e+02 -2.86058462e-02  6.25887869e+02 -2.69240622e-02 
 6.33136282e+02 -2.86057102e-02  6.33136282e+02 -2.82735555e-02 
 6.40468639e+02 -2.86055738e-02  6.40468639e+02 -2.96267975e-02 
 6.47885912e+02 -2.86054369e-02  6.47885912e+02 -3.09839677e-02 
 6.55389084e+02 -2.86052996e-02  6.55389084e+02 -3.23452460e-02 
 6.62979151e+02 -2.86051618e-02  6.62979151e+02 -3.37108129e-02 
 6.70657118e+02 -2.86050233e-02  6.70657118e+02 -3.50808494e-02 
 6.78424004e+02 -2.86048841e-02  6.78424004e+02 -3.64555372e-02 
 6.86280839e+02 -2.86047441e-02  6.86280839e+02 -3.78350585e-02 
 6.94228663e+02 -2.86046032e-02  6.94228663e+02 -3.92195963e-02 
 7.02268532e+02 -2.86044615e-02  7.02268532e+02 -4.06093341e-02 
 7.10401510e+02 -2.86043187e-02  7.10401510e+02 -4.20044562e-02 
 7.18628676e+02 -2.86041748e-02  7.18628676e+02 -4.34051476e-02 
 7.26951121e+02 -2.86040298e-02  7.26951121e+02 -4.48115939e-02 
 7.35369948e+02 -2.86038835e-02  7.35369948e+02 -4.62239817e-02 
 7.43886274e+02 -2.86037359e-02  7.43886274e+02 -4.76424982e-02 
 7.52501228e+02 -2.86035870e-02  7.52501228e+02 -4.90673315e-02 
 7.61215951e+02 -2.86034365e-02  7.61215951e+02 -5.04986705e-02 
 7.70031600e+02 -2.86032846e-02  7.70031600e+02 -5.19367051e-02 
 7.78949343e+02 -2.86031309e-02  7.78949343e+02 -5.33816257e-02 
 7.87970362e+02 -2.86029756e-02  7.87970362e+02 -5.48336241e-02 
 7.97095854e+02 -2.86028185e-02  7.97095854e+02 -5.62928928e-02 
 8.06327028e+02 -2.86026595e-02  8.06327028e+02 -5.77596251e-02 
 8.15665108e+02 -2.86024985e-02  8.15665108e+02 -5.92340157e-02 
 8.25111333e+02 -2.86023355e-02  8.25111333e+02 -6.07162600e-02 
 8.34666955e+02 -2.86021704e-02  8.34666955e+02 -6.22065545e-02 
 8.44333240e+02 -2.86020030e-02  8.44333240e+02 -6.37050968e-02 
 8.54111471e+02 -2.86018334e-02  8.54111471e+02 -6.52120856e-02 
 8.64002944e+02 -2.86016613e-02  8.64002944e+02 -6.67277208e-02 
 8.74008970e+02 -2.86014867e-02  8.74008970e+02 -6.82522032e-02 
 8.84130875e+02 -2.86013096e-02  8.84130875e+02 -6.97857350e-02 
 8.94370003e+02 -2.86011297e-02  8.94370003e+02 -7.13285196e-02 
 9.04727710e+02 -2.86009472e-02  9.04727710e+02 -7.28807614e-02 
 9.15205369e+02 -2.86007617e-02  9.15205369e+02 -7.44426664e-02 
 9.25804371e+02 -2.86005732e-02  9.25804371e+02 -7.60144415e-02 
 9.36526119e+02 -2.86003817e-02  9.36526119e+02 -7.75962952e-02 
 9.47372037e+02 -2.86001871e-02  9.47372037e+02 -7.91884373e-02 
 9.58343561e+02 -2.85999891e-02  9.58343561e+02 -8.07910788e-02 
 9.69442146e+02 -2.85997878e-02  9.69442146e+02 -8.24044323e-02 
 9.80669264e+02 -2.85995830e-02  9.80669264e+02 -8.40287116e-02 
 9.92026404e+02 -2.85993746e-02  9.92026404e+02 -8.56641321e-02 
 1.00351507e+03 -2.85991625e-02  1.00351507e+03 -8.73109107e-02 
 1.01513679e+03 -2.85989465e-02  1.01513679e+03 -8.89692656e-02 
 1.02689310e+03 -2.85987267e-02  1.02689310e+03 -9.06394169e-02 
 1.03878555e+03 -2.85985028e-02  1.03878555e+03 -9.23215859e-02 
 1.05081574e+03 -2.85982747e-02  1.05081574e+03 -9.40159957e-02 
 1.06298524e+03 -2.85980424e-02  1.06298524e+03 -9.57228709e-02 
 1.07529569e+03 -2.85978056e-02  1.07529569e+03 -9.74424379e-02 
 1.08774869e+03 -2.85975643e-02  1.08774869e+03 -9.91749246e-02 
 1.10034592e+03 -2.85973183e-02  1.10034592e+03 -1.00920561e-01 
 1.11308904e+03 -2.85970676e-02  1.11308904e+03 -1.02679578e-01 
 1.12597973e+03 -2.85968119e-02  1.12597973e+03 -1.04452209e-01 
 1.13901971e+03 -2.85965511e-02  1.13901971e+03 -1.06238690e-01 
 1.15221071e+03 -2.85962852e-02  1.15221071e+03 -1.08039257e-01 
 1.16555447e+03 -2.85960139e-02  1.16555447e+03 -1.09854148e-01 
 1.17905277e+03 -2.85957371e-02  1.17905277e+03 -1.11683605e-01 
 1.19270739e+03 -2.85954547e-02  1.19270739e+03 -1.13527870e-01 
 1.20652015e+03 -2.85951665e-02  1.20652015e+03 -1.15387188e-01 
 1.22049287e+03 -2.85948724e-02  1.22049287e+03 -1.17261804e-01 
 1.23462740e+03 -2.85945721e-02  1.23462740e+03 -1.19151969e-01 
 1.24892564e+03 -2.85942657e-02  1.24892564e+03 -1.21057932e-01 
 1.26338945e+03 -2.85939528e-02  1.26338945e+03 -1.22979945e-01 
 1.27802078e+03 -2.85936333e-02  1.27802078e+03 -1.24918265e-01 
 1.29282155e+03 -2.85933071e-02  1.29282155e+03 -1.26873148e-01 
 1.30779373e+03 -2.85929740e-02  1.30779373e+03 -1.28844853e-01 
 1.32293930e+03 -2.85926337e-02  1.32293930e+03 -1.30833641e-01 
 1.33826027e+03 -2.85922862e-02  1.33826027e+03 -1.32839777e-01 
 1.35375867e+03 -2.85919312e-02  1.35375867e+03 -1.34863525e-01 
 1.36943656e+03 -2.85915686e-02  1.36943656e+03 -1.36905156e-01 
 1.38529602e+03 -2.85911981e-02  1.38529602e+03 -1.38964939e-01 
 1.40133915e+03 -2.85908196e-02  1.40133915e+03 -1.41043147e-01 
 1.41756807e+03 -2.85904329e-02  1.41756807e+03 -1.43140057e-01 
 1.43398494e+03 -2.85900377e-02  1.43398494e+03 -1.45255945e-01 
 1.45059193e+03 -2.85896339e-02  1.45059193e+03 -1.47391093e-01 
 1.46739125e+03 -2.85892211e-02  1.46739125e+03 -1.49545784e-01 
 1.48438512e+03 -2.85887993e-02  1.48438512e+03 -1.51720304e-01 
 1.50157580e+03 -2.85883682e-02  1.50157580e+03 -1.53914940e-01 
 1.51896556e+03 -2.85879276e-02  1.51896556e+03 -1.56129985e-01 
 1.53655671e+03 -2.85874771e-02  1.53655671e+03 -1.58365730e-01 
 1.55435159e+03 -2.85870167e-02  1.55435159e+03 -1.60622474e-01 
 1.57235255e+03 -2.85865460e-02  1.57235255e+03 -1.62900515e-01 
 1.59056198e+03 -2.85860648e-02  1.59056198e+03 -1.65200156e-01 
 1.60898229e+03 -2.85855728e-02  1.60898229e+03 -1.67521701e-01 
 1.62761593e+03 -2.85850698e-02  1.62761593e+03 -1.69865458e-01 
 1.64646536e+03 -2.85845556e-02  1.64646536e+03 -1.72231738e-01 
 1.66553309e+03 -2.85840297e-02  1.66553309e+03 -1.74620855e-01 
 1.68482165e+03 -2.85834920e-02  1.68482165e+03 -1.77033125e-01 
 1.70433358e+03 -2.85829422e-02  1.70433358e+03 -1.79468869e-01 
 1.72407148e+03 -2.85823800e-02  1.72407148e+03 -1.81928409e-01 
 1.74403797e+03 -2.85818051e-02  1.74403797e+03 -1.84412072e-01 
 1.76423569e+03 -2.85812171e-02  1.76423569e+03 -1.86920186e-01 
 1.78466732e+03 -2.85806158e-02  1.78466732e+03 -1.89453086e-01 
 1.80533557e+03 -2.85800009e-02  1.80533557e+03 -1.92011106e-01 
 1.82624317e+03 -2.85793720e-02  1.82624317e+03 -1.94594585e-01 
 1.84739291e+03 -2.85787288e-02  1.84739291e+03 -1.97203867e-01 
 1.86878759e+03 -2.85780709e-02  1.86878759e+03 -1.99839297e-01 
 1.89043003e+03 -2.85773980e-02  1.89043003e+03 -2.02501225e-01 
 1.91232312e+03 -2.85767098e-02  1.91232312e+03 -2.05190003e-01 
 1.93446975e+03 -2.85760059e-02  1.93446975e+03 -2.07905989e-01 
 1.95687286e+03 -2.85752858e-02  1.95687286e+03 -2.10649543e-01 
 1.97953542e+03 -2.85745493e-02  1.97953542e+03 -2.13421028e-01 
 2.00246044e+03 -2.85737959e-02  2.00246044e+03 -2.16220811e-01 
 2.02565095e+03 -2.85730253e-02  2.02565095e+03 -2.19049266e-01 
 2.04911003e+03 -2.85722370e-02  2.04911003e+03 -2.21906765e-01 
 2.07284080e+03 -2.85714305e-02  2.07284080e+03 -2.24793689e-01 
 2.09684638e+03 -2.85706056e-02  2.09684638e+03 -2.27710420e-01 
 2.12112998e+03 -2.85697617e-02  2.12112998e+03 -2.30657344e-01 
 2.14569480e+03 -2.85688984e-02  2.14569480e+03 -2.33634854e-01 
 2.17054412e+03 -2.85680153e-02  2.17054412e+03 -2.36643343e-01 
 2.19568121e+03 -2.85671118e-02  2.19568121e+03 -2.39683211e-01 
 2.22110941e+03 -2.85661875e-02  2.22110941e+03 -2.42754861e-01 
 2.24683210e+03 -2.85652419e-02  2.24683210e+03 -2.45858700e-01 
 2.27285268e+03 -2.85642745e-02  2.27285268e+03 -2.48995140e-01 
 2.29917461e+03 -2.85632848e-02  2.29917461e+03 -2.52164597e-01 
 2.32580137e+03 -2.85622723e-02  2.32580137e+03 -2.55367491e-01 
 2.35273649e+03 -2.85612364e-02  2.35273649e+03 -2.58604247e-01 
 2.37998356e+03 -2.85601766e-02  2.37998356e+03 -2.61875295e-01 
 2.40754617e+03 -2.85590923e-02  2.40754617e+03 -2.65181067e-01 
 2.43542798e+03 -2.85579829e-02  2.43542798e+03 -2.68522004e-01 
 2.46363269e+03 -2.85568479e-02  2.46363269e+03 -2.71898547e-01 
 2.49216405e+03 -2.85556866e-02  2.49216405e+03 -2.75311144e-01 
 2.52102582e+03 -2.85544985e-02  2.52102582e+03 -2.78760249e-01 
 2.55022184e+03 -2.85532829e-02  2.55022184e+03 -2.82246318e-01 
 2.57975598e+03 -2.85520391e-02  2.57975598e+03 -2.85769815e-01 
 2.60963216e+03 -2.85507665e-02  2.60963216e+03 -2.89331206e-01 
 2.63985434e+03 -2.85494645e-02  2.63985434e+03 -2.92930964e-01 
 2.67042651e+03 -2.85481323e-02  2.67042651e+03 -2.96569566e-01 
 2.70135274e+03 -2.85467693e-02  2.70135274e+03 -3.00247495e-01 
 2.73263713e+03 -2.85453747e-02  2.73263713e+03 -3.03965239e-01 
 2.76428383e+03 -2.85439477e-02  2.76428383e+03 -3.07723291e-01 
 2.79629703e+03 -2.85424876e-02  2.79629703e+03 -3.11522150e-01 
 2.82868097e+03 -2.85409937e-02  2.82868097e+03 -3.15362319e-01 
 2.86143995e+03 -2.85394652e-02  2.86143995e+03 -3.19244308e-01 
 2.89457831e+03 -2.85379012e-02  2.89457831e+03 -3.23168631e-01 
 2.92810044e+03 -2.85363009e-02  2.92810044e+03 -3.27135810e-01 
 2.96201080e+03 -2.85346635e-02  2.96201080e+03 -3.31146371e-01 
 2.99631387e+03 -2.85329880e-02  2.99631387e+03 -3.35200845e-01 
 3.03101421e+03 -2.85312737e-02  3.03101421e+03 -3.39299771e-01 
 3.06611641e+03 -2.85295196e-02  3.06611641e+03 -3.43443692e-01 
 3.10162514e+03 -2.85277248e-02  3.10162514e+03 -3.47633159e-01 
 3.13754508e+03 -2.85258882e-02  3.13754508e+03 -3.51868726e-01 
 3.17388102e+03 -2.85240091e-02  3.17388102e+03 -3.56150956e-01 
 3.21063777e+03 -2.85220863e-02  3.21063777e+03 -3.60480417e-01 
 3.24782019e+03 -2.85201188e-02  3.24782019e+03 -3.64857683e-01 
 3.28543323e+03 -2.85181056e-02  3.28543323e+03 -3.69283336e-01 
 3.32348186e+03 -2.85160457e-02  3.32348186e+03 -3.73757962e-01 
 3.36197113e+03 -2.85139378e-02  3.36197113e+03 -3.78282154e-01 
 3.40090615e+03 -2.85117811e-02  3.40090615e+03 -3.82856514e-01 
 3.44029207e+03 -2.85095741e-02  3.44029207e+03 -3.87481649e-01 
 3.48013412e+03 -2.85073159e-02  3.48013412e+03 -3.92158171e-01 
 3.52043759e+03 -2.85050053e-02  3.52043759e+03 -3.96886701e-01 
 3.56120781e+03 -2.85026409e-02  3.56120781e+03 -4.01667868e-01 
 3.60245019e+03 -2.85002215e-02  3.60245019e+03 -4.06502304e-01 
 3.64417019e+03 -2.84977459e-02  3.64417019e+03 -4.11390653e-01 
 3.68637336e+03 -2.84952128e-02  3.68637336e+03 -4.16333562e-01 
 3.72906528e+03 -2.84926207e-02  3.72906528e+03 -4.21331687e-01 
 3.77225162e+03 -2.84899684e-02  3.77225162e+03 -4.26385692e-01 
 3.81593810e+03 -2.84872545e-02  3.81593810e+03 -4.31496248e-01 
 3.86013052e+03 -2.84844774e-02  3.86013052e+03 -4.36664032e-01 
 3.90483472e+03 -2.84816357e-02  3.90483472e+03 -4.41889731e-01 
 3.95005665e+03 -2.84787280e-02  3.95005665e+03 -4.47174037e-01 
 3.99580229e+03 -2.84757527e-02  3.99580229e+03 -4.52517653e-01 
 4.04207771e+03 -2.84727081e-02  4.04207771e+03 -4.57921287e-01 
 4.08888905e+03 -2.84695928e-02  4.08888905e+03 -4.63385658e-01 
 4.13624251e+03 -2.84664050e-02  4.13624251e+03 -4.68911489e-01 
 4.18414437e+03 -2.84631430e-02  4.18414437e+03 -4.74499514e-01 
 4.23260098e+03 -2.84598052e-02  4.23260098e+03 -4.80150476e-01 
 4.28161877e+03 -2.84563898e-02  4.28161877e+03 -4.85865124e-01 
 4.33120424e+03 -2.84528949e-02  4.33120424e+03 -4.91644218e-01 
 4.38136395e+03 -2.84493188e-02  4.38136395e+03 -4.97488523e-01 
 4.43210457e+03 -2.84456595e-02  4.43210457e+03 -5.03398816e-01 
 4.48343281e+03 -2.84419150e-02  4.48343281e+03 -5.09375881e-01 
 4.53535548e+03 -2.84380835e-02  4.53535548e+03 -5.15420513e-01 
 4.58787948e+03 -2.84341628e-02  4.58787948e+03 -5.21533513e-01 
 4.64101175e+03 -2.84301510e-02  4.64101175e+03 -5.27715694e-01 
 4.69475935e+03 -2.84260458e-02  4.69475935e+03 -5.33967875e-01 
 4.74912940e+03 -2.84218451e-02  4.74912940e+03 -5.40290887e-01 
 4.80412911e+03 -2.84175468e-02  4.80412911e+03 -5.46685571e-01 
 4.85976577e+03 -2.84131484e-02  4.85976577e+03 -5.53152773e-01 
 4.91604676e+03 -2.84086478e-02  4.91604676e+03 -5.59693355e-01 
 4.97297954e+03 -2.84040424e-02  4.97297954e+03 -5.66308184e-01 
 5.03057166e+03 -2.83993300e-02  5.03057166e+03 -5.72998138e-01 
 5.08883076e+03 -2.83945079e-02  5.08883076e+03 -5.79764106e-01 
 5.14776455e+03 -2.83895737e-02  5.14776455e+03 -5.86606987e-01 
 5.20738086e+03 -2.83845247e-02  5.20738086e+03 -5.93527689e-01 
 5.26768758e+03 -2.83793583e-02  5.26768758e+03 -6.00527132e-01 
 5.32869272e+03 -2.83740717e-02  5.32869272e+03 -6.07606246e-01 
 5.39040436e+03 -2.83686621e-02  5.39040436e+03 -6.14765970e-01 
 5.45283068e+03 -2.83631268e-02  5.45283068e+03 -6.22007256e-01 
 5.51597996e+03 -2.83574627e-02  5.51597996e+03 -6.29331066e-01 
 5.57986057e+03 -2.83516669e-02  5.57986057e+03 -6.36738372e-01 
 5.64448099e+03 -2.83457363e-02  5.64448099e+03 -6.44230160e-01 
 5.70984977e+03 -2.83396677e-02  5.70984977e+03 -6.51807423e-01 
 5.77597559e+03 -2.83334580e-02  5.77597559e+03 -6.59471170e-01 
 5.84286722e+03 -2.83271040e-02  5.84286722e+03 -6.67222418e-01 
 5.91053351e+03 -2.83206021e-02  5.91053351e+03 -6.75062197e-01 
 5.97898345e+03 -2.83139491e-02  5.97898345e+03 -6.82991549e-01 
 6.04822611e+03 -2.83071414e-02  6.04822611e+03 -6.91011529e-01 
 6.11827067e+03 -2.83001754e-02  6.11827067e+03 -6.99123201e-01 
 6.18912642e+03 -2.82930474e-02  6.18912642e+03 -7.07327644e-01 
 6.26080275e+03 -2.82857536e-02  6.26080275e+03 -7.15625949e-01 
 6.33330916e+03 -2.82782903e-02  6.33330916e+03 -7.24019218e-01 
 6.40665527e+03 -2.82706535e-02  6.40665527e+03 -7.32508567e-01 
 6.48085080e+03 -2.82628391e-02  6.48085080e+03 -7.41095126e-01 
 6.55590559e+03 -2.82548431e-02  6.55590559e+03 -7.49780035e-01 
 6.63182959e+03 -2.82466612e-02  6.63182959e+03 -7.58564449e-01 
 6.70863287e+03 -2.82382890e-02  6.70863287e+03 -7.67449536e-01 
 6.78632561e+03 -2.82297223e-02  6.78632561e+03 -7.76436478e-01 
 6.86491811e+03 -2.82209564e-02  6.86491811e+03 -7.85526471e-01 
 6.94442078e+03 -2.82119868e-02  6.94442078e+03 -7.94720722e-01 
 7.02484418e+03 -2.82028088e-02  7.02484418e+03 -8.04020455e-01 
 7.10619897e+03 -2.81934174e-02  7.10619897e+03 -8.13426906e-01 
 7.18849592e+03 -2.81838078e-02  7.18849592e+03 -8.22941328e-01 
 7.27174595e+03 -2.81739748e-02  7.27174595e+03 -8.32564986e-01 
 7.35596011e+03 -2.81639134e-02  7.35596011e+03 -8.42299160e-01 
 7.44114955e+03 -2.81536181e-02  7.44114955e+03 -8.52145145e-01 
 7.52732557e+03 -2.81430837e-02  7.52732557e+03 -8.62104252e-01 
 7.61449959e+03 -2.81323045e-02  7.61449959e+03 -8.72177806e-01 
 7.70268318e+03 -2.81212749e-02  7.70268318e+03 -8.82367148e-01 
 7.79188802e+03 -2.81099891e-02  7.79188802e+03 -8.92673634e-01 
 7.88212595e+03 -2.80984410e-02  7.88212595e+03 -9.03098636e-01 
 7.97340892e+03 -2.80866248e-02  7.97340892e+03 -9.13643541e-01 
 8.06574904e+03 -2.80745341e-02  8.06574904e+03 -9.24309754e-01 
 8.15915855e+03 -2.80621626e-02  8.15915855e+03 -9.35098695e-01 
 8.25364983e+03 -2.80495038e-02  8.25364983e+03 -9.46011800e-01 
 8.34923543e+03 -2.80365510e-02  8.34923543e+03 -9.57050524e-01 
 8.44592800e+03 -2.80232974e-02  8.44592800e+03 -9.68216336e-01 
 8.54374036e+03 -2.80097362e-02  8.54374036e+03 -9.79510724e-01 
 8.64268550e+03 -2.79958600e-02  8.64268550e+03 -9.90935192e-01 
 8.74277651e+03 -2.79816618e-02  8.74277651e+03 -1.00249126e+00 
 8.84402669e+03 -2.79671339e-02  8.84402669e+03 -1.01418048e+00 
 8.94644944e+03 -2.79522689e-02  8.94644944e+03 -1.02600439e+00 
 9.05005835e+03 -2.79370588e-02  9.05005835e+03 -1.03796458e+00 
 9.15486716e+03 -2.79214957e-02  9.15486716e+03 -1.05006264e+00 
 9.26088975e+03 -2.79055715e-02  9.26088975e+03 -1.06230018e+00 
 9.36814020e+03 -2.78892778e-02  9.36814020e+03 -1.07467884e+00 
 9.47663271e+03 -2.78726061e-02  9.47663271e+03 -1.08720026e+00 
 9.58638168e+03 -2.78555475e-02  9.58638168e+03 -1.09986612e+00 
 9.69740165e+03 -2.78380933e-02  9.69740165e+03 -1.11267811e+00 
 9.80970735e+03 -2.78202342e-02  9.80970735e+03 -1.12563793e+00 
 9.92331366e+03 -2.78019609e-02  9.92331366e+03 -1.13874731e+00 
 1.00382356e+04 -2.77832639e-02  1.00382356e+04 -1.15200801e+00 
 1.01544885e+04 -2.77641333e-02  1.01544885e+04 -1.16542179e+00 
 1.02720878e+04 -2.77445592e-02  1.02720878e+04 -1.17899044e+00 
 1.03910489e+04 -2.77245313e-02  1.03910489e+04 -1.19271577e+00 
 1.05113877e+04 -2.77040392e-02  1.05113877e+04 -1.20659963e+00 
 1.06331202e+04 -2.76830721e-02  1.06331202e+04 -1.22064385e+00 
 1.07562625e+04 -2.76616191e-02  1.07562625e+04 -1.23485033e+00 
 1.08808308e+04 -2.76396690e-02  1.08808308e+04 -1.24922094e+00 
 1.10068418e+04 -2.76172103e-02  1.10068418e+04 -1.26375763e+00 
 1.11343122e+04 -2.75942313e-02  1.11343122e+04 -1.27846232e+00 
 1.12632587e+04 -2.75707201e-02  1.12632587e+04 -1.29333699e+00 
 1.13936986e+04 -2.75466644e-02  1.13936986e+04 -1.30838362e+00 
 1.15256492e+04 -2.75220516e-02  1.15256492e+04 -1.32360422e+00 
 1.16591278e+04 -2.74968689e-02  1.16591278e+04 -1.33900083e+00 
 1.17941523e+04 -2.74711033e-02  1.17941523e+04 -1.35457551e+00 
 1.19307404e+04 -2.74447413e-02  1.19307404e+04 -1.37033035e+00 
 1.20689105e+04 -2.74177691e-02  1.20689105e+04 -1.38626745e+00 
 1.22086806e+04 -2.73901729e-02  1.22086806e+04 -1.40238894e+00 
 1.23500695e+04 -2.73619381e-02  1.23500695e+04 -1.41869699e+00 
 1.24930957e+04 -2.73330502e-02  1.24930957e+04 -1.43519377e+00 
 1.26377784e+04 -2.73034942e-02  1.26377784e+04 -1.45188150e+00 
 1.27841366e+04 -2.72732547e-02  1.27841366e+04 -1.46876241e+00 
 1.29321898e+04 -2.72423160e-02  1.29321898e+04 -1.48583877e+00 
 1.30819576e+04 -2.72106622e-02  1.30819576e+04 -1.50311286e+00 
 1.32334599e+04 -2.71782767e-02  1.32334599e+04 -1.52058700e+00 
 1.33867167e+04 -2.71451428e-02  1.33867167e+04 -1.53826354e+00 
 1.35417484e+04 -2.71112435e-02  1.35417484e+04 -1.55614484e+00 
 1.36985755e+04 -2.70765611e-02  1.36985755e+04 -1.57423330e+00 
 1.38572188e+04 -2.70410776e-02  1.38572188e+04 -1.59253135e+00 
 1.40176994e+04 -2.70047749e-02  1.40176994e+04 -1.61104146e+00 
 1.41800385e+04 -2.69676341e-02  1.41800385e+04 -1.62976609e+00 
 1.43442576e+04 -2.69296361e-02  1.43442576e+04 -1.64870778e+00 
 1.45103786e+04 -2.68907613e-02  1.45103786e+04 -1.66786905e+00 
 1.46784234e+04 -2.68509896e-02  1.46784234e+04 -1.68725250e+00 
 1.48484144e+04 -2.68103005e-02  1.48484144e+04 -1.70686073e+00 
 1.50203740e+04 -2.67686732e-02  1.50203740e+04 -1.72669636e+00 
 1.51943251e+04 -2.67260862e-02  1.51943251e+04 -1.74676208e+00 
 1.53702907e+04 -2.66825177e-02  1.53702907e+04 -1.76706058e+00 
 1.55482942e+04 -2.66379452e-02  1.55482942e+04 -1.78759460e+00 
 1.57283591e+04 -2.65923459e-02  1.57283591e+04 -1.80836689e+00 
 1.59105094e+04 -2.65456964e-02  1.59105094e+04 -1.82938027e+00 
 1.60947691e+04 -2.64979729e-02  1.60947691e+04 -1.85063755e+00 
 1.62811628e+04 -2.64491508e-02  1.62811628e+04 -1.87214162e+00 
 1.64697151e+04 -2.63992052e-02  1.64697151e+04 -1.89389536e+00 
 1.66604510e+04 -2.63481107e-02  1.66604510e+04 -1.91590171e+00 
 1.68533958e+04 -2.62958411e-02  1.68533958e+04 -1.93816365e+00 
 1.70485751e+04 -2.62423697e-02  1.70485751e+04 -1.96068417e+00 
 1.72460148e+04 -2.61876693e-02  1.72460148e+04 -1.98346633e+00 
 1.74457411e+04 -2.61317121e-02  1.74457411e+04 -2.00651320e+00 
 1.76477804e+04 -2.60744695e-02  1.76477804e+04 -2.02982790e+00 
 1.78521595e+04 -2.60159126e-02  1.78521595e+04 -2.05341357e+00 
 1.80589055e+04 -2.59560116e-02  1.80589055e+04 -2.07727342e+00 
 1.82680458e+04 -2.58947361e-02  1.82680458e+04 -2.10141067e+00 
 1.84796082e+04 -2.58320550e-02  1.84796082e+04 -2.12582860e+00 
 1.86936208e+04 -2.57679368e-02  1.86936208e+04 -2.15053050e+00 
 1.89101117e+04 -2.57023488e-02  1.89101117e+04 -2.17551974e+00 
 1.91291099e+04 -2.56352582e-02  1.91291099e+04 -2.20079970e+00 
 1.93506443e+04 -2.55666309e-02  1.93506443e+04 -2.22637381e+00 
 1.95747443e+04 -2.54964326e-02  1.95747443e+04 -2.25224554e+00 
 1.98014396e+04 -2.54246277e-02  1.98014396e+04 -2.27841842e+00 
 2.00307602e+04 -2.53511804e-02  2.00307602e+04 -2.30489599e+00 
 2.02627366e+04 -2.52760537e-02  2.02627366e+04 -2.33168186e+00 
 2.04973996e+04 -2.51992099e-02  2.04973996e+04 -2.35877968e+00 
 2.07347801e+04 -2.51206108e-02  2.07347801e+04 -2.38619314e+00 
 2.09749098e+04 -2.50402169e-02  2.09749098e+04 -2.41392596e+00 
 2.12178204e+04 -2.49579881e-02  2.12178204e+04 -2.44198194e+00 
 2.14635442e+04 -2.48738836e-02  2.14635442e+04 -2.47036489e+00 
 2.17121137e+04 -2.47878615e-02  2.17121137e+04 -2.49907870e+00 
 2.19635619e+04 -2.46998789e-02  2.19635619e+04 -2.52812729e+00 
 2.22179221e+04 -2.46098924e-02  2.22179221e+04 -2.55751462e+00 
 2.24752280e+04 -2.45178574e-02  2.24752280e+04 -2.58724472e+00 
 2.27355138e+04 -2.44237283e-02  2.27355138e+04 -2.61732166e+00 
 2.29988140e+04 -2.43274588e-02  2.29988140e+04 -2.64774956e+00 
 2.32651635e+04 -2.42290014e-02  2.32651635e+04 -2.67853258e+00 
 2.35345976e+04 -2.41283077e-02  2.35345976e+04 -2.70967495e+00 
 2.38071520e+04 -2.40253283e-02  2.38071520e+04 -2.74118095e+00 
 2.40828628e+04 -2.39200128e-02  2.40828628e+04 -2.77305490e+00 
 2.43617666e+04 -2.38123096e-02  2.43617666e+04 -2.80530119e+00 
 2.46439005e+04 -2.37021662e-02  2.46439005e+04 -2.83792425e+00 
 2.49293017e+04 -2.35895290e-02  2.49293017e+04 -2.87092857e+00 
 2.52180082e+04 -2.34743433e-02  2.52180082e+04 -2.90431872e+00 
 2.55100581e+04 -2.33565532e-02  2.55100581e+04 -2.93809928e+00 
 2.58054904e+04 -2.32361016e-02  2.58054904e+04 -2.97227493e+00 
 2.61043440e+04 -2.31129306e-02  2.61043440e+04 -3.00685038e+00 
 2.64066586e+04 -2.29869807e-02  2.64066586e+04 -3.04183042e+00 
 2.67124744e+04 -2.28581914e-02  2.67124744e+04 -3.07721990e+00 
 2.70218318e+04 -2.27265011e-02  2.70218318e+04 -3.11302371e+00 
 2.73347718e+04 -2.25918466e-02  2.73347718e+04 -3.14924682e+00 
 2.76513361e+04 -2.24541639e-02  2.76513361e+04 -3.18589426e+00 
 2.79715664e+04 -2.23133875e-02  2.79715664e+04 -3.22297113e+00 
 2.82955054e+04 -2.21694505e-02  2.82955054e+04 -3.26048258e+00 
 2.86231959e+04 -2.20222849e-02  2.86231959e+04 -3.29843383e+00 
 2.89546814e+04 -2.18718212e-02  2.89546814e+04 -3.33683018e+00 
 2.92900058e+04 -2.17179887e-02  2.92900058e+04 -3.37567698e+00 
 2.96292136e+04 -2.15607153e-02  2.96292136e+04 -3.41497966e+00 
 2.99723498e+04 -2.13999273e-02  2.99723498e+04 -3.45474372e+00 
 3.03194599e+04 -2.12355500e-02  3.03194599e+04 -3.49497472e+00 
 3.06705898e+04 -2.10675068e-02  3.06705898e+04 -3.53567831e+00 
 3.10257862e+04 -2.08957201e-02  3.10257862e+04 -3.57686020e+00 
 3.13850961e+04 -2.07201106e-02  3.13850961e+04 -3.61852617e+00 
 3.17485672e+04 -2.05405974e-02  3.17485672e+04 -3.66068208e+00 
 3.21162476e+04 -2.03570985e-02  3.21162476e+04 -3.70333388e+00 
 3.24881861e+04 -2.01695299e-02  3.24881861e+04 -3.74648758e+00 
 3.28644321e+04 -1.99778064e-02  3.28644321e+04 -3.79014927e+00 
 3.32450354e+04 -1.97818413e-02  3.32450354e+04 -3.83432513e+00 
 3.36300464e+04 -1.95815459e-02  3.36300464e+04 -3.87902142e+00 
 3.40195163e+04 -1.93768305e-02  3.40195163e+04 -3.92424446e+00 
 3.44134966e+04 -1.91676033e-02  3.44134966e+04 -3.97000069e+00 
 3.48120396e+04 -1.89537712e-02  3.48120396e+04 -4.01629660e+00 
 3.52151982e+04 -1.87352394e-02  3.52151982e+04 -4.06313879e+00 
 3.56230257e+04 -1.85119113e-02  3.56230257e+04 -4.11053395e+00 
 3.60355763e+04 -1.82836889e-02  3.60355763e+04 -4.15848883e+00 
 3.64529046e+04 -1.80504724e-02  3.64529046e+04 -4.20701030e+00 
 3.68750660e+04 -1.78121603e-02  3.68750660e+04 -4.25610531e+00 
 3.73021165e+04 -1.75686495e-02  3.73021165e+04 -4.30578090e+00 
 3.77341126e+04 -1.73198351e-02  3.77341126e+04 -4.35604422e+00 
 3.81711117e+04 -1.70656107e-02  3.81711117e+04 -4.40690248e+00 
 3.86131717e+04 -1.68058679e-02  3.86131717e+04 -4.45836304e+00 
 3.90603512e+04 -1.65404969e-02  3.90603512e+04 -4.51043332e+00 
 3.95127095e+04 -1.62693859e-02  3.95127095e+04 -4.56312086e+00 
 3.99703065e+04 -1.59924216e-02  3.99703065e+04 -4.61643328e+00 
 4.04332030e+04 -1.57094889e-02  4.04332030e+04 -4.67037833e+00 
 4.09014603e+04 -1.54204709e-02  4.09014603e+04 -4.72496386e+00 
 4.13751404e+04 -1.51252490e-02  4.13751404e+04 -4.78019781e+00 
 4.18543063e+04 -1.48237032e-02  4.18543063e+04 -4.83608825e+00 
 4.23390214e+04 -1.45157113e-02  4.23390214e+04 -4.89264335e+00 
 4.28293500e+04 -1.42011497e-02  4.28293500e+04 -4.94987140e+00 
 4.33253571e+04 -1.38798932e-02  4.33253571e+04 -5.00778080e+00 
 4.38271084e+04 -1.35518147e-02  4.38271084e+04 -5.06638006e+00 
 4.43346705e+04 -1.32167855e-02  4.43346705e+04 -5.12567783e+00 
 4.48481108e+04 -1.28746754e-02  4.48481108e+04 -5.18568286e+00 
 4.53674971e+04 -1.25253524e-02  4.53674971e+04 -5.24640402e+00 
 4.58928985e+04 -1.21686830e-02  4.58928985e+04 -5.30785033e+00 
 4.64243846e+04 -1.18045322e-02  4.64243846e+04 -5.37003091e+00 
 4.69620258e+04 -1.14327634e-02  4.69620258e+04 -5.43295503e+00 
 4.75058934e+04 -1.10532385e-02  4.75058934e+04 -5.49663207e+00 
 4.80560596e+04 -1.06658180e-02  4.80560596e+04 -5.56107155e+00 
 4.86125973e+04 -1.02703608e-02  4.86125973e+04 -5.62628314e+00 
 4.91755802e+04 -9.86672465e-03  4.91755802e+04 -5.69227663e+00 
 4.97450830e+04 -9.45476591e-03  4.97450830e+04 -5.75906196e+00 
 5.03211813e+04 -9.03433964e-03  5.03211813e+04 -5.82664921e+00 
 5.09039513e+04 -8.60529973e-03  5.09039513e+04 -5.89504860e+00 
 5.14934704e+04 -8.16749892e-03  5.14934704e+04 -5.96427049e+00 
 5.20898168e+04 -7.72078887e-03  5.20898168e+04 -6.03432542e+00 
 5.26930694e+04 -7.26502026e-03  5.26930694e+04 -6.10522406e+00 
 5.33033083e+04 -6.80004286e-03  5.33033083e+04 -6.17697722e+00 
 5.39206144e+04 -6.32570562e-03  5.39206144e+04 -6.24959590e+00 
 5.45450695e+04 -5.84185675e-03  5.45450695e+04 -6.32309124e+00 
 5.51767564e+04 -5.34834383e-03  5.51767564e+04 -6.39747455e+00 
 5.58157589e+04 -4.84501394e-03  5.58157589e+04 -6.47275730e+00 
 5.64621617e+04 -4.33171373e-03  5.64621617e+04 -6.54895114e+00 
 5.71160505e+04 -3.80828958e-03  5.71160505e+04 -6.62606787e+00 
 5.77775120e+04 -3.27458771e-03  5.77775120e+04 -6.70411948e+00 
 5.84466339e+04 -2.73045434e-03  5.84466339e+04 -6.78311814e+00 
 5.91235049e+04 -2.17573581e-03  5.91235049e+04 -6.86307619e+00 
 5.98082147e+04 -1.61027876e-03  5.98082147e+04 -6.94400616e+00 
 6.05008542e+04 -1.03393028e-03  6.05008542e+04 -7.02592076e+00 
 6.12015151e+04 -4.46538116e-04  6.12015151e+04 -7.10883290e+00 
 6.19102904e+04  1.52049196e-04  6.19102904e+04 -7.19275567e+00 
 6.26272740e+04  7.61982084e-04  6.26272740e+04 -7.27770235e+00 
 6.33525610e+04  1.38340976e-03  6.33525610e+04 -7.36368645e+00 
 6.40862476e+04  2.01647997e-03  6.40862476e+04 -7.45072165e+00 
 6.48284310e+04  2.66133881e-03  6.48284310e+04 -7.53882186e+00 
 6.55792097e+04  3.31813043e-03  6.55792097e+04 -7.62800117e+00 
 6.63386831e+04  3.98699681e-03  6.63386831e+04 -7.71827392e+00 
 6.71069519e+04  4.66807748e-03  6.71069519e+04 -7.80965462e+00 
 6.78841182e+04  5.36150922e-03  6.78841182e+04 -7.90215805e+00 
 6.86702847e+04  6.06742579e-03  6.86702847e+04 -7.99579918e+00 
 6.94655559e+04  6.78595757e-03  6.94655559e+04 -8.09059322e+00 
 7.02700371e+04  7.51723128e-03  7.02700371e+04 -8.18655559e+00 
 7.10838351e+04  8.26136959e-03  7.10838351e+04 -8.28370198e+00 
 7.19070576e+04  9.01849080e-03  7.19070576e+04 -8.38204829e+00 
 7.27398139e+04  9.78870840e-03  7.27398139e+04 -8.48161066e+00 
 7.35822143e+04  1.05721307e-02  7.35822143e+04 -8.58240551e+00 
 7.44343706e+04  1.13688605e-02  7.44343706e+04 -8.68444946e+00 
 7.52963957e+04  1.21789944e-02  7.52963957e+04 -8.78775942e+00 
 7.61684039e+04  1.30026226e-02  7.61684039e+04 -8.89235254e+00 
 7.70505109e+04  1.38398284e-02  7.70505109e+04 -8.99824624e+00 
 7.79428335e+04  1.46906875e-02  7.79428335e+04 -9.10545819e+00 
 7.88454902e+04  1.55552676e-02  7.88454902e+04 -9.21400636e+00 
 7.97586005e+04  1.64336281e-02  7.97586005e+04 -9.32390894e+00 
 8.06822855e+04  1.73258189e-02  8.06822855e+04 -9.43518446e+00 
 8.16166678e+04  1.82318805e-02  8.16166678e+04 -9.54785167e+00 
 8.25618712e+04  1.91518431e-02  8.25618712e+04 -9.66192965e+00 
 8.35180209e+04  2.00857256e-02  8.35180209e+04 -9.77743775e+00 
 8.44852439e+04  2.10335356e-02  8.44852439e+04 -9.89439561e+00 
 8.54636682e+04  2.19952684e-02  8.54636682e+04 -1.00128232e+01 
 8.64534237e+04  2.29709059e-02  8.64534237e+04 -1.01327407e+01 
 8.74546416e+04  2.39604166e-02  8.74546416e+04 -1.02541686e+01 
 8.84674546e+04  2.49637542e-02  8.84674546e+04 -1.03771279e+01 
 8.94919970e+04  2.59808571e-02  8.94919970e+04 -1.05016397e+01 
 9.05284046e+04  2.70116473e-02  9.05284046e+04 -1.06277255e+01 
 9.15768148e+04  2.80560300e-02  9.15768148e+04 -1.07554071e+01 
 9.26373667e+04  2.91138922e-02  9.26373667e+04 -1.08847065e+01 
 9.37102009e+04  3.01851020e-02  9.37102009e+04 -1.10156462e+01 
 9.47954596e+04  3.12695075e-02  9.47954596e+04 -1.11482491e+01 
 9.58932866e+04  3.23669362e-02  9.58932866e+04 -1.12825382e+01 
 9.70038276e+04  3.34771932e-02  9.70038276e+04 -1.14185369e+01 
 9.81272298e+04  3.46000611e-02  9.81272298e+04 -1.15562691e+01 
 9.92636421e+04  3.57352980e-02  9.92636421e+04 -1.16957588e+01 
 1.00413215e+05  3.68826370e-02  1.00413215e+05 -1.18370305e+01 
 1.01576102e+05  3.80417846e-02  1.01576102e+05 -1.19801091e+01 
 1.02752455e+05  3.92124198e-02  1.02752455e+05 -1.21250198e+01 
 1.03942432e+05  4.03941926e-02  1.03942432e+05 -1.22717879e+01 
 1.05146191e+05  4.15867229e-02  1.05146191e+05 -1.24204395e+01 
 1.06363890e+05  4.27895992e-02  1.06363890e+05 -1.25710007e+01 
 1.07595691e+05  4.40023770e-02  1.07595691e+05 -1.27234982e+01 
 1.08841757e+05  4.52245776e-02  1.08841757e+05 -1.28779589e+01 
 1.10102255e+05  4.64556867e-02  1.10102255e+05 -1.30344101e+01 
 1.11377350e+05  4.76951527e-02  1.11377350e+05 -1.31928794e+01 
 1.12667212e+05  4.89423856e-02  1.12667212e+05 -1.33533951e+01 
 1.13972012e+05  5.01967549e-02  1.13972012e+05 -1.35159854e+01 
 1.15291923e+05  5.14575885e-02  1.15291923e+05 -1.36806791e+01 
 1.16627120e+05  5.27241710e-02  1.16627120e+05 -1.38475054e+01 
 1.17977779e+05  5.39957417e-02  1.17977779e+05 -1.40164939e+01 
 1.19344081e+05  5.52714932e-02  1.19344081e+05 -1.41876743e+01 
 1.20726206e+05  5.65505699e-02  1.20726206e+05 -1.43610769e+01 
 1.22124337e+05  5.78320657e-02  1.22124337e+05 -1.45367323e+01 
 1.23538660e+05  5.91150225e-02  1.23538660e+05 -1.47146715e+01 
 1.24969363e+05  6.03984287e-02  1.24969363e+05 -1.48949258e+01 
 1.26416634e+05  6.16812165e-02  1.26416634e+05 -1.50775270e+01 
 1.27880666e+05  6.29622611e-02  1.27880666e+05 -1.52625069e+01 
 1.29361653e+05  6.42403777e-02  1.29361653e+05 -1.54498981e+01 
 1.30859792e+05  6.55143204e-02  1.30859792e+05 -1.56397332e+01 
 1.32375280e+05  6.67827800e-02  1.32375280e+05 -1.58320454e+01 
 1.33908319e+05  6.80443817e-02  1.33908319e+05 -1.60268680e+01 
 1.35459113e+05  6.92976835e-02  1.35459113e+05 -1.62242348e+01 
 1.37027866e+05  7.05411742e-02  1.37027866e+05 -1.64241799e+01 
 1.38614787e+05  7.17732709e-02  1.38614787e+05 -1.66267377e+01 
 1.40220086e+05  7.29923176e-02  1.40220086e+05 -1.68319428e+01 
 1.41843976e+05  7.41965824e-02  1.41843976e+05 -1.70398304e+01 
 1.43486672e+05  7.53842563e-02  1.43486672e+05 -1.72504356e+01 
 1.45148393e+05  7.65534505e-02  1.45148393e+05 -1.74637941e+01 
 1.46829358e+05  7.77021944e-02  1.46829358e+05 -1.76799418e+01 
 1.48529790e+05  7.88284339e-02  1.48529790e+05 -1.78989148e+01 
 1.50249915e+05  7.99300290e-02  1.50249915e+05 -1.81207495e+01 
 1.51989960e+05  8.10047520e-02  1.51989960e+05 -1.83454825e+01 
 1.53750157e+05  8.20502853e-02  1.53750157e+05 -1.85731508e+01 
 1.55530739e+05  8.30642194e-02  1.55530739e+05 -1.88037914e+01 
 1.57331942e+05  8.40440511e-02  1.57331942e+05 -1.90374415e+01 
 1.59154005e+05  8.49871815e-02  1.59154005e+05 -1.92741388e+01 
 1.60997169e+05  8.58909140e-02  1.60997169e+05 -1.95139207e+01 
 1.62861678e+05  8.67524525e-02  1.62861678e+05 -1.97568253e+01 
 1.64747781e+05  8.75688996e-02  1.64747781e+05 -2.00028903e+01 
 1.66655726e+05  8.83372547e-02  1.66655726e+05 -2.02521540e+01 
 1.68585768e+05  8.90544127e-02  1.68585768e+05 -2.05046544e+01 
 1.70538161e+05  8.97171616e-02  1.70538161e+05 -2.07604298e+01 
 1.72513165e+05  9.03221820e-02  1.72513165e+05 -2.10195186e+01 
 1.74511042e+05  9.08660444e-02  1.74511042e+05 -2.12819591e+01 
 1.76532055e+05  9.13452088e-02  1.76532055e+05 -2.15477897e+01 
 1.78576475e+05  9.17560229e-02  1.78576475e+05 -2.18170487e+01 
 1.80644570e+05  9.20947209e-02  1.80644570e+05 -2.20897746e+01 
 1.82736617e+05  9.23574225e-02  1.82736617e+05 -2.23660056e+01 
 1.84852891e+05  9.25401317e-02  1.84852891e+05 -2.26457800e+01 
 1.86993674e+05  9.26387364e-02  1.86993674e+05 -2.29291358e+01 
 1.89159250e+05  9.26490069e-02  1.89159250e+05 -2.32161111e+01 
 1.91349905e+05  9.25665959e-02  1.91349905e+05 -2.35067437e+01 
 1.93565930e+05  9.23870379e-02  1.93565930e+05 -2.38010712e+01 
 1.95807618e+05  9.21057483e-02  1.95807618e+05 -2.40991310e+01 
 1.98075268e+05  9.17180243e-02  1.98075268e+05 -2.44009603e+01 
 2.00369179e+05  9.12190436e-02  2.00369179e+05 -2.47065960e+01 
 2.02689657e+05  9.06038658e-02  2.02689657e+05 -2.50160747e+01 
 2.05037007e+05  8.98674315e-02  2.05037007e+05 -2.53294327e+01 
 2.07411543e+05  8.90045640e-02  2.07411543e+05 -2.56467057e+01 
 2.09813578e+05  8.80099690e-02  2.09813578e+05 -2.59679294e+01 
 2.12243431e+05  8.68782360e-02  2.12243431e+05 -2.62931386e+01 
 2.14701424e+05  8.56038395e-02  2.14701424e+05 -2.66223680e+01 
 2.17187883e+05  8.41811397e-02  2.17187883e+05 -2.69556517e+01 
 2.19703138e+05  8.26043849e-02  2.19703138e+05 -2.72930230e+01 
 2.22247522e+05  8.08677122e-02  2.22247522e+05 -2.76345150e+01 
 2.24821372e+05  7.89651504e-02  2.24821372e+05 -2.79801600e+01 
 2.27425030e+05  7.68906216e-02  2.27425030e+05 -2.83299896e+01 
 2.30058842e+05  7.46379439e-02  2.30058842e+05 -2.86840348e+01 
 2.32723155e+05  7.22008338e-02  2.32723155e+05 -2.90423260e+01 
 2.35418324e+05  6.95729094e-02  2.35418324e+05 -2.94048926e+01 
 2.38144706e+05  6.67476934e-02  2.38144706e+05 -2.97717634e+01 
 2.40902662e+05  6.37186164e-02  2.40902662e+05 -3.01429662e+01 
 2.43692558e+05  6.04790206e-02  2.43692558e+05 -3.05185282e+01 
 2.46514763e+05  5.70221637e-02  2.46514763e+05 -3.08984754e+01 
 2.49369653e+05  5.33412233e-02  2.49369653e+05 -3.12828332e+01 
 2.52257605e+05  4.94293006e-02  2.52257605e+05 -3.16716258e+01 
 2.55179003e+05  4.52794258e-02  2.55179003e+05 -3.20648765e+01 
 2.58134233e+05  4.08845625e-02  2.58134233e+05 -3.24626075e+01 
 2.61123688e+05  3.62376129e-02  2.61123688e+05 -3.28648401e+01 
 2.64147764e+05  3.13314234e-02  2.64147764e+05 -3.32715944e+01 
 2.67206861e+05  2.61587900e-02  2.67206861e+05 -3.36828893e+01 
 2.70301386e+05  2.07124642e-02  2.70301386e+05 -3.40987428e+01 
 2.73431749e+05  1.49851593e-02  2.73431749e+05 -3.45191715e+01 
 2.76598365e+05  8.96955616e-03  2.76598365e+05 -3.49441909e+01 
 2.79801653e+05  2.65831040e-03  2.79801653e+05 -3.53738153e+01 
 2.83042038e+05 -3.95594127e-03  2.83042038e+05 -3.58080576e+01 
 2.86319950e+05 -1.08805740e-02  2.86319950e+05 -3.62469296e+01 
 2.89635824e+05 -1.81229675e-02  2.89635824e+05 -3.66904417e+01 
 2.92990099e+05 -2.56904990e-02  2.92990099e+05 -3.71386030e+01 
 2.96383220e+05 -3.35905354e-02  2.96383220e+05 -3.75914214e+01 
 2.99815637e+05 -4.18304259e-02  2.99815637e+05 -3.80489033e+01 
 3.03287805e+05 -5.04174937e-02  3.03287805e+05 -3.85110537e+01 
 3.06800183e+05 -5.93590286e-02  3.06800183e+05 -3.89778763e+01 
 3.10353239e+05 -6.86622783e-02  3.10353239e+05 -3.94493734e+01 
 3.13947443e+05 -7.83344407e-02  3.13947443e+05 -3.99255460e+01 
 3.17583271e+05 -8.83826548e-02  3.17583271e+05 -4.04063936e+01 
 3.21261205e+05 -9.88139933e-02  3.21261205e+05 -4.08919141e+01 
 3.24981734e+05 -1.09635453e-01  3.24981734e+05 -4.13821043e+01 
 3.28745351e+05 -1.20853947e-01  3.28745351e+05 -4.18769594e+01 
 3.32552554e+05 -1.32476295e-01  3.32552554e+05 -4.23764733e+01 
 3.36403848e+05 -1.44509216e-01  3.36403848e+05 -4.28806383e+01 
 3.40299744e+05 -1.56959320e-01  3.40299744e+05 -4.33894455e+01 
 3.44240758e+05 -1.69833097e-01  3.44240758e+05 -4.39028844e+01 
 3.48227413e+05 -1.83136909e-01  3.48227413e+05 -4.44209432e+01 
 3.52260238e+05 -1.96876984e-01  3.52260238e+05 -4.49436088e+01 
 3.56339767e+05 -2.11059403e-01  3.56339767e+05 -4.54708666e+01 
 3.60466541e+05 -2.25690096e-01  3.60466541e+05 -4.60027006e+01 
 3.64641107e+05 -2.40774831e-01  3.64641107e+05 -4.65390936e+01 
 3.68864019e+05 -2.56319206e-01  3.68864019e+05 -4.70800270e+01 
 3.73135837e+05 -2.72328640e-01  3.73135837e+05 -4.76254810e+01 
 3.77457126e+05 -2.88808367e-01  3.77457126e+05 -4.81754344e+01 
 3.81828460e+05 -3.05763426e-01  3.81828460e+05 -4.87298647e+01 
 3.86250419e+05 -3.23198656e-01  3.86250419e+05 -4.92887484e+01 
 3.90723589e+05 -3.41118685e-01  3.90723589e+05 -4.98520606e+01 
 3.95248562e+05 -3.59527924e-01  3.95248562e+05 -5.04197753e+01 
 3.99825939e+05 -3.78430562e-01  3.99825939e+05 -5.09918654e+01 
 4.04456327e+05 -3.97830555e-01  4.04456327e+05 -5.15683028e+01 
 4.09140339e+05 -4.17731622e-01  4.09140339e+05 -5.21490581e+01 
 4.13878597e+05 -4.38137240e-01  4.13878597e+05 -5.27341010e+01 
 4.18671729e+05 -4.59050634e-01  4.18671729e+05 -5.33234003e+01 
 4.23520370e+05 -4.80474772e-01  4.23520370e+05 -5.39169238e+01 
 4.28425163e+05 -5.02412363e-01  4.28425163e+05 -5.45146382e+01 
 4.33386759e+05 -5.24865849e-01  4.33386759e+05 -5.51165098e+01 
 4.38405814e+05 -5.47837398e-01  4.38405814e+05 -5.57225036e+01 
 4.43482996e+05 -5.71328904e-01  4.43482996e+05 -5.63325842e+01 
 4.48618977e+05 -5.95341979e-01  4.48618977e+05 -5.69467152e+01 
 4.53814437e+05 -6.19877950e-01  4.53814437e+05 -5.75648597e+01 
 4.59070066e+05 -6.44937857e-01  4.59070066e+05 -5.81869801e+01 
 4.64386560e+05 -6.70522449e-01  4.64386560e+05 -5.88130383e+01 
 4.69764625e+05 -6.96632178e-01  4.69764625e+05 -5.94429956e+01 
 4.75204974e+05 -7.23267201e-01  4.75204974e+05 -6.00768129e+01 
 4.80708327e+05 -7.50427375e-01  4.80708327e+05 -6.07144505e+01 
 4.86275414e+05 -7.78112258e-01  4.86275414e+05 -6.13558684e+01 
 4.91906974e+05 -8.06321104e-01  4.91906974e+05 -6.20010264e+01 
 4.97603753e+05 -8.35052864e-01  4.97603753e+05 -6.26498839e+01 
 5.03366507e+05 -8.64306184e-01  5.03366507e+05 -6.33024000e+01 
 5.09195999e+05 -8.94079408e-01  5.09195999e+05 -6.39585338e+01 
 5.15093002e+05 -9.24370574e-01  5.15093002e+05 -6.46182441e+01 
 5.21058299e+05 -9.55177417e-01  5.21058299e+05 -6.52814896e+01 
 5.27092679e+05 -9.86497368e-01  5.27092679e+05 -6.59482292e+01 
 5.33196944e+05 -1.01832756e+00  5.33196944e+05 -6.66184216e+01 
 5.39371903e+05 -1.05066481e+00  5.39371903e+05 -6.72920255e+01 
 5.45618374e+05 -1.08350567e+00  5.45618374e+05 -6.79689999e+01 
 5.51937185e+05 -1.11684636e+00  5.51937185e+05 -6.86493038e+01 
 5.58329174e+05 -1.15068283e+00  5.58329174e+05 -6.93328966e+01 
 5.64795189e+05 -1.18501072e+00  5.64795189e+05 -7.00197376e+01 
 5.71336088e+05 -1.21982540e+00  5.71336088e+05 -7.07097866e+01 
 5.77952736e+05 -1.25512196e+00  5.77952736e+05 -7.14030037e+01 
 5.84646012e+05 -1.29089518e+00  5.84646012e+05 -7.20993493e+01 
 5.91416802e+05 -1.32713959e+00  5.91416802e+05 -7.27987842e+01 
 5.98266006e+05 -1.36384945e+00  5.98266006e+05 -7.35012697e+01 
 6.05194529e+05 -1.40101874e+00  6.05194529e+05 -7.42067676e+01 
 6.12203293e+05 -1.43864119e+00  6.12203293e+05 -7.49152399e+01 
 6.19293224e+05 -1.47671026e+00  6.19293224e+05 -7.56266496e+01 
 6.26465265e+05 -1.51521916e+00  6.26465265e+05 -7.63409598e+01 
 6.33720365e+05 -1.55416089e+00  6.33720365e+05 -7.70581346e+01 
 6.41059486e+05 -1.59352816e+00  6.41059486e+05 -7.77781384e+01 
 6.48483601e+05 -1.63331347e+00  6.48483601e+05 -7.85009365e+01 
 6.55993696e+05 -1.67350911e+00  6.55993696e+05 -7.92264946e+01 
 6.63590765e+05 -1.71410713e+00  6.63590765e+05 -7.99547794e+01 
 6.71275815e+05 -1.75509937e+00  6.71275815e+05 -8.06857580e+01 
 6.79049866e+05 -1.79647747e+00  6.79049866e+05 -8.14193986e+01 
 6.86913949e+05 -1.83823287e+00  6.86913949e+05 -8.21556699e+01 
 6.94869105e+05 -1.88035682e+00  6.94869105e+05 -8.28945415e+01 
 7.02916391e+05 -1.92284039e+00  7.02916391e+05 -8.36359836e+01 
 7.11056872e+05 -1.96567446e+00  7.11056872e+05 -8.43799674e+01 
 7.19291628e+05 -2.00884976e+00  7.19291628e+05 -8.51264649e+01 
 7.27621750e+05 -2.05235685e+00  7.27621750e+05 -8.58754489e+01 
 7.36048344e+05 -2.09618614e+00  7.36048344e+05 -8.66268929e+01 
 7.44572527e+05 -2.14032792e+00  7.44572527e+05 -8.73807715e+01 
 7.53195428e+05 -2.18477230e+00  7.53195428e+05 -8.81370600e+01 
 7.61918191e+05 -2.22950930e+00  7.61918191e+05 -8.88957346e+01 
 7.70741972e+05 -2.27452880e+00  7.70741972e+05 -8.96567724e+01 
 7.79667942e+05 -2.31982060e+00  7.79667942e+05 -9.04201513e+01 
 7.88697283e+05 -2.36537437e+00  7.88697283e+05 -9.11858500e+01 
 7.97831193e+05 -2.41117970e+00  7.97831193e+05 -9.19538483e+01 
 8.07070883e+05 -2.45722609e+00  8.07070883e+05 -9.27241267e+01 
 8.16417578e+05 -2.50350299e+00  8.16417578e+05 -9.34966666e+01 
 8.25872518e+05 -2.54999975e+00  8.25872518e+05 -9.42714504e+01 
 8.35436955e+05 -2.59670568e+00  8.35436955e+05 -9.50484612e+01 
 8.45112157e+05 -2.64361006e+00  8.45112157e+05 -9.58276831e+01 
 8.54899409e+05 -2.69070211e+00  8.54899409e+05 -9.66091009e+01 
 8.64800006e+05 -2.73797101e+00  8.64800006e+05 -9.73927004e+01 
 8.74815263e+05 -2.78540596e+00  8.74815263e+05 -9.81784683e+01 
 8.84946506e+05 -2.83299612e+00  8.84946506e+05 -9.89663920e+01 
 8.95195080e+05 -2.88073064e+00  8.95195080e+05 -9.97564598e+01 
 9.05562342e+05 -2.92859871e+00  9.05562342e+05 -1.00548661e+02 
 9.16049667e+05 -2.97658951e+00  9.16049667e+05 -1.01342985e+02 
 9.26658447e+05 -3.02469225e+00  9.26658447e+05 -1.02139424e+02 
 9.37390086e+05 -3.07289619e+00  9.37390086e+05 -1.02937968e+02 
 9.48246009e+05 -3.12119061e+00  9.48246009e+05 -1.03738611e+02 
 9.59227655e+05 -3.16956486e+00  9.59227655e+05 -1.04541345e+02 
 9.70336479e+05 -3.21800835e+00  9.70336479e+05 -1.05346164e+02 
 9.81573954e+05 -3.26651056e+00  9.81573954e+05 -1.06153064e+02 
 9.92941571e+05 -3.31506105e+00  9.92941571e+05 -1.06962040e+02 
 1.00444084e+06 -3.36364946e+00  1.00444084e+06 -1.07773088e+02 
 1.01607327e+06 -3.41226555e+00  1.01607327e+06 -1.08586207e+02 
 1.02784043e+06 -3.46089917e+00  1.02784043e+06 -1.09401393e+02 
 1.03974386e+06 -3.50954030e+00  1.03974386e+06 -1.10218645e+02 
 1.05178514e+06 -3.55817902e+00  1.05178514e+06 -1.11037963e+02 
 1.06396587e+06 -3.60680558e+00  1.06396587e+06 -1.11859348e+02 
 1.07628767e+06 -3.65541036e+00  1.07628767e+06 -1.12682800e+02 
 1.08875217e+06 -3.70398388e+00  1.08875217e+06 -1.13508321e+02 
 1.10136102e+06 -3.75251684e+00  1.10136102e+06 -1.14335914e+02 
 1.11411589e+06 -3.80100010e+00  1.11411589e+06 -1.15165582e+02 
 1.12701847e+06 -3.84942470e+00  1.12701847e+06 -1.15997329e+02 
 1.14007049e+06 -3.89778188e+00  1.14007049e+06 -1.16831159e+02 
 1.15327365e+06 -3.94606306e+00  1.15327365e+06 -1.17667080e+02 
 1.16662972e+06 -3.99425989e+00  1.16662972e+06 -1.18505095e+02 
 1.18014047e+06 -4.04236422e+00  1.18014047e+06 -1.19345214e+02 
 1.19380769e+06 -4.09036812e+00  1.19380769e+06 -1.20187443e+02 
 1.20763319e+06 -4.13826390e+00  1.20763319e+06 -1.21031792e+02 
 1.22161880e+06 -4.18604412e+00  1.22161880e+06 -1.21878268e+02 
 1.23576638e+06 -4.23370157e+00  1.23576638e+06 -1.22726884e+02 
 1.25007780e+06 -4.28122933e+00  1.25007780e+06 -1.23577649e+02 
 1.26455496e+06 -4.32862073e+00  1.26455496e+06 -1.24430575e+02 
 1.27919978e+06 -4.37586936e+00  1.27919978e+06 -1.25285675e+02 
 1.29401421e+06 -4.42296914e+00  1.29401421e+06 -1.26142962e+02 
 1.30900020e+06 -4.46991425e+00  1.30900020e+06 -1.27002450e+02 
 1.32415974e+06 -4.51669918e+00  1.32415974e+06 -1.27864154e+02 
 1.33949485e+06 -4.56331875e+00  1.33949485e+06 -1.28728090e+02 
 1.35500755e+06 -4.60976808e+00  1.35500755e+06 -1.29594273e+02 
 1.37069990e+06 -4.65604263e+00  1.37069990e+06 -1.30462723e+02 
 1.38657399e+06 -4.70213820e+00  1.38657399e+06 -1.31333456e+02 
 1.40263192e+06 -4.74805095e+00  1.40263192e+06 -1.32206492e+02 
 1.41887581e+06 -4.79377736e+00  1.41887581e+06 -1.33081851e+02 
 1.43530782e+06 -4.83931432e+00  1.43530782e+06 -1.33959554e+02 
 1.45193013e+06 -4.88465908e+00  1.45193013e+06 -1.34839623e+02 
 1.46874495e+06 -4.92980925e+00  1.46874495e+06 -1.35722080e+02 
 1.48575450e+06 -4.97476287e+00  1.48575450e+06 -1.36606948e+02 
 1.50296103e+06 -5.01951836e+00  1.50296103e+06 -1.37494254e+02 
 1.52036684e+06 -5.06407456e+00  1.52036684e+06 -1.38384021e+02 
 1.53797422e+06 -5.10843073e+00  1.53797422e+06 -1.39276278e+02 
 1.55578551e+06 -5.15258655e+00  1.55578551e+06 -1.40171050e+02 
 1.57380308e+06 -5.19654217e+00  1.57380308e+06 -1.41068366e+02 
 1.59202931e+06 -5.24029815e+00  1.59202931e+06 -1.41968256e+02 
 1.61046661e+06 -5.28385555e+00  1.61046661e+06 -1.42870751e+02 
 1.62911744e+06 -5.32721585e+00  1.62911744e+06 -1.43775881e+02 
 1.64798426e+06 -5.37038106e+00  1.64798426e+06 -1.44683678e+02 
 1.66706959e+06 -5.41335365e+00  1.66706959e+06 -1.45594177e+02 
 1.68637593e+06 -5.45613659e+00  1.68637593e+06 -1.46507412e+02 
 1.70590587e+06 -5.49873337e+00  1.70590587e+06 -1.47423417e+02 
 1.72566198e+06 -5.54114800e+00  1.72566198e+06 -1.48342230e+02 
 1.74564689e+06 -5.58338501e+00  1.74564689e+06 -1.49263887e+02 
 1.76586324e+06 -5.62544948e+00  1.76586324e+06 -1.50188427e+02 
 1.78631372e+06 -5.66734704e+00  1.78631372e+06 -1.51115889e+02 
 1.80700103e+06 -5.70908389e+00  1.80700103e+06 -1.52046313e+02 
 1.82792793e+06 -5.75066680e+00  1.82792793e+06 -1.52979740e+02 
 1.84909717e+06 -5.79210312e+00  1.84909717e+06 -1.53916212e+02 
 1.87051159e+06 -5.83340082e+00  1.87051159e+06 -1.54855772e+02 
 1.89217400e+06 -5.87456846e+00  1.89217400e+06 -1.55798463e+02 
 1.91408728e+06 -5.91561523e+00  1.91408728e+06 -1.56744330e+02 
 1.93625434e+06 -5.95655095e+00  1.93625434e+06 -1.57693418e+02 
 1.95867812e+06 -5.99738611e+00  1.95867812e+06 -1.58645773e+02 
 1.98136159e+06 -6.03813184e+00  1.98136159e+06 -1.59601440e+02 
 2.00430776e+06 -6.07879994e+00  2.00430776e+06 -1.60560467e+02 
 2.02751966e+06 -6.11940290e+00  2.02751966e+06 -1.61522901e+02 
 2.05100039e+06 -6.15995392e+00  2.05100039e+06 -1.62488790e+02 
 2.07475304e+06 -6.20046691e+00  2.07475304e+06 -1.63458182e+02 
 2.09878077e+06 -6.24095648e+00  2.09878077e+06 -1.64431125e+02 
 2.12308677e+06 -6.28143802e+00  2.12308677e+06 -1.65407667e+02 
 2.14767426e+06 -6.32192763e+00  2.14767426e+06 -1.66387856e+02 
 2.17254649e+06 -6.36244219e+00  2.17254649e+06 -1.67371741e+02 
 2.19770677e+06 -6.40299937e+00  2.19770677e+06 -1.68359369e+02 
 2.22315843e+06 -6.44361761e+00  2.22315843e+06 -1.69350788e+02 
 2.24890485e+06 -6.48431614e+00  2.24890485e+06 -1.70346043e+02 
 2.27494944e+06 -6.52511504e+00  2.27494944e+06 -1.71345181e+02 
 2.30129565e+06 -6.56603517e+00  2.30129565e+06 -1.72348247e+02 
 2.32794697e+06 -6.60709824e+00  2.32794697e+06 -1.73355283e+02 
 2.35490695e+06 -6.64832681e+00  2.35490695e+06 -1.74366332e+02 
 2.38217915e+06 -6.68974426e+00  2.38217915e+06 -1.75381434e+02 
 2.40976718e+06 -6.73137486e+00  2.40976718e+06 -1.76400627e+02 
 2.43767472e+06 -6.77324371e+00  2.43767472e+06 -1.77423948e+02 
 2.46590545e+06 -6.81537678e+00  2.46590545e+06 -1.78451429e+02 
 2.49446313e+06 -6.85780093e+00  2.49446313e+06 -1.79483102e+02 
 2.52335153e+06 -6.90054384e+00  2.52335153e+06  1.79481006e+02 
 2.55257448e+06 -6.94363410e+00  2.55257448e+06  1.78440871e+02 
 2.58213587e+06 -6.98710111e+00  2.58213587e+06  1.77396473e+02 
 2.61203961e+06 -7.03097516e+00  2.61203961e+06  1.76347796e+02 
 2.64228966e+06 -7.07528734e+00  2.64228966e+06  1.75294828e+02 
 2.67289004e+06 -7.12006958e+00  2.67289004e+06  1.74237564e+02 
 2.70384481e+06 -7.16535460e+00  2.70384481e+06  1.73176002e+02 
 2.73515806e+06 -7.21117590e+00  2.73515806e+06  1.72110147e+02 
 2.76683395e+06 -7.25756774e+00  2.76683395e+06  1.71040012e+02 
 2.79887667e+06 -7.30456507e+00  2.79887667e+06  1.69965613e+02 
 2.83129049e+06 -7.35220353e+00  2.83129049e+06  1.68886977e+02 
 2.86407969e+06 -7.40051939e+00  2.86407969e+06  1.67804136e+02 
 2.89724862e+06 -7.44954948e+00  2.89724862e+06  1.66717132e+02 
 2.93080168e+06 -7.49933117e+00  2.93080168e+06  1.65626014e+02 
 2.96474332e+06 -7.54990229e+00  2.96474332e+06  1.64530842e+02 
 2.99907804e+06 -7.60130102e+00  2.99907804e+06  1.63431685e+02 
 3.03381039e+06 -7.65356588e+00  3.03381039e+06  1.62328621e+02 
 3.06894498e+06 -7.70673559e+00  3.06894498e+06  1.61221739e+02 
 3.10448646e+06 -7.76084899e+00  3.10448646e+06  1.60111139e+02 
 3.14043954e+06 -7.81594493e+00  3.14043954e+06  1.58996933e+02 
 3.17680900e+06 -7.87206221e+00  3.17680900e+06  1.57879244e+02 
 3.21359965e+06 -7.92923936e+00  3.21359965e+06  1.56758206e+02 
 3.25081638e+06 -7.98751462e+00  3.25081638e+06  1.55633966e+02 
 3.28846411e+06 -8.04692574e+00  3.28846411e+06  1.54506685e+02 
 3.32654785e+06 -8.10750986e+00  3.32654785e+06  1.53376534e+02 
 3.36507263e+06 -8.16930338e+00  3.36507263e+06  1.52243697e+02 
 3.40404356e+06 -8.23234177e+00  3.40404356e+06  1.51108373e+02 
 3.44346582e+06 -8.29665945e+00  3.44346582e+06  1.49970771e+02 
 3.48334463e+06 -8.36228960e+00  3.48334463e+06  1.48831113e+02 
 3.52368527e+06 -8.42926405e+00  3.52368527e+06  1.47689635e+02 
 3.56449310e+06 -8.49761302e+00  3.56449310e+06  1.46546583e+02 
 3.60577353e+06 -8.56736507e+00  3.60577353e+06  1.45402214e+02 
 3.64753203e+06 -8.63854685e+00  3.64753203e+06  1.44256799e+02 
 3.68977413e+06 -8.71118298e+00  3.68977413e+06  1.43110616e+02 
 3.73250543e+06 -8.78529590e+00  3.73250543e+06  1.41963954e+02 
 3.77573161e+06 -8.86090569e+00  3.77573161e+06  1.40817110e+02 
 3.81945839e+06 -8.93802997e+00  3.81945839e+06  1.39670390e+02 
 3.86369158e+06 -9.01668375e+00  3.86369158e+06  1.38524106e+02 
 3.90843702e+06 -9.09687935e+00  3.90843702e+06  1.37378574e+02 
 3.95370067e+06 -9.17862622e+00  3.95370067e+06  1.36234118e+02 
 3.99948851e+06 -9.26193096e+00  3.99948851e+06  1.35091061e+02 
 4.04580662e+06 -9.34679715e+00  4.04580662e+06  1.33949729e+02 
 4.09266114e+06 -9.43322540e+00  4.09266114e+06  1.32810451e+02 
 4.14005829e+06 -9.52121325e+00  4.14005829e+06  1.31673549e+02 
 4.18800434e+06 -9.61075517e+00  4.18800434e+06  1.30539348e+02 
 4.23650566e+06 -9.70184264e+00  4.23650566e+06  1.29408166e+02 
 4.28556866e+06 -9.79446409e+00  4.28556866e+06  1.28280313e+02 
 4.33519987e+06 -9.88860504e+00  4.33519987e+06  1.27156097e+02 
 4.38540586e+06 -9.98424815e+00  4.38540586e+06  1.26035812e+02 
 4.43619329e+06 -1.00813733e+01  4.43619329e+06  1.24919746e+02 
 4.48756888e+06 -1.01799578e+01  4.48756888e+06  1.23808171e+02 
 4.53953946e+06 -1.02799763e+01  4.53953946e+06  1.22701351e+02 
 4.59211190e+06 -1.03814014e+01  4.59211190e+06  1.21599533e+02 
 4.64529319e+06 -1.04842032e+01  4.64529319e+06  1.20502950e+02 
 4.69909037e+06 -1.05883502e+01  4.69909037e+06  1.19411819e+02 
 4.75351058e+06 -1.06938089e+01  4.75351058e+06  1.18326340e+02 
 4.80856103e+06 -1.08005443e+01  4.80856103e+06  1.17246695e+02 
 4.86424902e+06 -1.09085200e+01  4.86424902e+06  1.16173051e+02 
 4.92058193e+06 -1.10176985e+01  4.92058193e+06  1.15105553e+02 
 4.97756723e+06 -1.11280417e+01  4.97756723e+06  1.14044331e+02 
 5.03521248e+06 -1.12395104e+01  5.03521248e+06  1.12989493e+02 
 5.09352532e+06 -1.13520651e+01  5.09352532e+06  1.11941132e+02 
 5.15251348e+06 -1.14656663e+01  5.15251348e+06  1.10899320e+02 
 5.21218479e+06 -1.15802741e+01  5.21218479e+06  1.09864111e+02 
 5.27254715e+06 -1.16958489e+01  5.27254715e+06  1.08835545e+02 
 5.33360856e+06 -1.18123517e+01  5.33360856e+06  1.07813641e+02 
 5.39537713e+06 -1.19297436e+01  5.39537713e+06  1.06798402e+02 
 5.45786104e+06 -1.20479867e+01  5.45786104e+06  1.05789819e+02 
 5.52106858e+06 -1.21670438e+01  5.52106858e+06  1.04787864e+02 
 5.58500812e+06 -1.22868786e+01  5.58500812e+06  1.03792498e+02 
 5.64968815e+06 -1.24074559e+01  5.64968815e+06  1.02803666e+02 
 5.71511724e+06 -1.25287418e+01  5.71511724e+06  1.01821303e+02 
 5.78130406e+06 -1.26507034e+01  5.78130406e+06  1.00845333e+02 
 5.84825740e+06 -1.27733093e+01  5.84825740e+06  9.98756686e+01 
 5.91598612e+06 -1.28965294e+01  5.91598612e+06  9.89122136e+01 
 5.98449920e+06 -1.30203349e+01  5.98449920e+06  9.79548635e+01 
 6.05380574e+06 -1.31446985e+01  6.05380574e+06  9.70035064e+01 
 6.12391492e+06 -1.32695943e+01  6.12391492e+06  9.60580238e+01 
 6.19483603e+06 -1.33949978e+01  6.19483603e+06  9.51182917e+01 
 6.26657849e+06 -1.35208860e+01  6.26657849e+06  9.41841812e+01 
 6.33915179e+06 -1.36472371e+01  6.33915179e+06  9.32555593e+01 
 6.41256556e+06 -1.37740308e+01  6.41256556e+06  9.23322897e+01 
 6.48682954e+06 -1.39012482e+01  6.48682954e+06  9.14142336e+01 
 6.56195357e+06 -1.40288713e+01  6.56195357e+06  9.05012499e+01 
 6.63794761e+06 -1.41568838e+01  6.63794761e+06  8.95931962e+01 
 6.71482174e+06 -1.42852703e+01  6.71482174e+06  8.86899291e+01 
 6.79258615e+06 -1.44140165e+01  6.79258615e+06  8.77913046e+01 
 6.87125115e+06 -1.45431093e+01  6.87125115e+06  8.68971786e+01 
 6.95082717e+06 -1.46725365e+01  6.95082717e+06  8.60074073e+01 
 7.03132476e+06 -1.48022869e+01  7.03132476e+06  8.51218473e+01 
 7.11275460e+06 -1.49323502e+01  7.11275460e+06  8.42403562e+01 
 7.19512747e+06 -1.50627169e+01  7.19512747e+06  8.33627923e+01 
 7.27845431e+06 -1.51933783e+01  7.27845431e+06  8.24890152e+01 
 7.36274615e+06 -1.53243264e+01  7.36274615e+06  8.16188859e+01 
 7.44801418e+06 -1.54555539e+01  7.44801418e+06  8.07522666e+01 
 7.53426970e+06 -1.55870541e+01  7.53426970e+06  7.98890210e+01 
 7.62152414e+06 -1.57188209e+01  7.62152414e+06  7.90290145e+01 
 7.70978908e+06 -1.58508488e+01  7.70978908e+06  7.81721139e+01 
 7.79907622e+06 -1.59831326e+01  7.79907622e+06  7.73181874e+01 
 7.88939739e+06 -1.61156678e+01  7.88939739e+06  7.64671048e+01 
 7.98076457e+06 -1.62484501e+01  7.98076457e+06  7.56187376e+01 
 8.07318988e+06 -1.63814759e+01  8.07318988e+06  7.47729583e+01 
 8.16668556e+06 -1.65147416e+01  8.16668556e+06  7.39296412e+01 
 8.26126402e+06 -1.66482441e+01  8.26126402e+06  7.30886617e+01 
 8.35693779e+06 -1.67819808e+01  8.35693779e+06  7.22498964e+01 
 8.45371956e+06 -1.69159492e+01  8.45371956e+06  7.14132232e+01 
 8.55162216e+06 -1.70501470e+01  8.55162216e+06  7.05785210e+01 
 8.65065857e+06 -1.71845724e+01  8.65065857e+06  6.97456698e+01 
 8.75084193e+06 -1.73192237e+01  8.75084193e+06  6.89145505e+01 
 8.85218551e+06 -1.74540995e+01  8.85218551e+06  6.80850450e+01 
 8.95470275e+06 -1.75891987e+01  8.95470275e+06  6.72570358e+01 
 9.05840724e+06 -1.77245202e+01  9.05840724e+06  6.64304063e+01 
 9.16331273e+06 -1.78600635e+01  9.16331273e+06  6.56050404e+01 
 9.26943314e+06 -1.79958281e+01  9.26943314e+06  6.47808230e+01 
 9.37678253e+06 -1.81318136e+01  9.37678253e+06  6.39576392e+01 
 9.48537513e+06 -1.82680200e+01  9.48537513e+06  6.31353747e+01 
 9.59522534e+06 -1.84044476e+01  9.59522534e+06  6.23139159e+01 
 9.70634773e+06 -1.85410968e+01  9.70634773e+06  6.14931494e+01 
 9.81875703e+06 -1.86779681e+01  9.81875703e+06  6.06729625e+01 
 9.93246814e+06 -1.88150625e+01  9.93246814e+06  5.98532425e+01 
 1.00474961e+07 -1.89523811e+01  1.00474961e+07  5.90338775e+01 
 1.01638563e+07 -1.90899251e+01  1.01638563e+07  5.82147559e+01 
 1.02815640e+07 -1.92276962e+01  1.02815640e+07  5.73957662e+01 
 1.04006349e+07 -1.93656962e+01  1.04006349e+07  5.65767977e+01 
 1.05210847e+07 -1.95039271e+01  1.05210847e+07  5.57577399e+01 
 1.06429295e+07 -1.96423912e+01  1.06429295e+07  5.49384825e+01 
 1.07661854e+07 -1.97810911e+01  1.07661854e+07  5.41189161e+01 
 1.08908687e+07 -1.99200297e+01  1.08908687e+07  5.32989313e+01 
 1.10169959e+07 -2.00592100e+01  1.10169959e+07  5.24784194e+01 
 1.11445838e+07 -2.01986353e+01  1.11445838e+07  5.16572722e+01 
 1.12736493e+07 -2.03383093e+01  1.12736493e+07  5.08353821e+01 
 1.14042096e+07 -2.04782359e+01  1.14042096e+07  5.00126420e+01 
 1.15362818e+07 -2.06184192e+01  1.15362818e+07  4.91889454e+01 
 1.16698836e+07 -2.07588637e+01  1.16698836e+07  4.83641867e+01 
 1.18050326e+07 -2.08995741e+01  1.18050326e+07  4.75382606e+01 
 1.19417468e+07 -2.10405554e+01  1.19417468e+07  4.67110632e+01 
 1.20800443e+07 -2.11818129e+01  1.20800443e+07  4.58824909e+01 
 1.22199434e+07 -2.13233522e+01  1.22199434e+07  4.50524412e+01 
 1.23614627e+07 -2.14651792e+01  1.23614627e+07  4.42208127e+01 
 1.25046209e+07 -2.16072999e+01  1.25046209e+07  4.33875048e+01 
 1.26494370e+07 -2.17497209e+01  1.26494370e+07  4.25524181e+01 
 1.27959303e+07 -2.18924488e+01  1.27959303e+07  4.17154542e+01 
 1.29441200e+07 -2.20354906e+01  1.29441200e+07  4.08765162e+01 
 1.30940260e+07 -2.21788536e+01  1.30940260e+07  4.00355083e+01 
 1.32456680e+07 -2.23225455e+01  1.32456680e+07  3.91923359e+01 
 1.33990662e+07 -2.24665739e+01  1.33990662e+07  3.83469060e+01 
 1.35542409e+07 -2.26109471e+01  1.35542409e+07  3.74991270e+01 
 1.37112127e+07 -2.27556735e+01  1.37112127e+07  3.66489090e+01 
 1.38700024e+07 -2.29007616e+01  1.38700024e+07  3.57961635e+01 
 1.40306310e+07 -2.30462204e+01  1.40306310e+07  3.49408037e+01 
 1.41931199e+07 -2.31920592e+01  1.41931199e+07  3.40827447e+01 
 1.43574905e+07 -2.33382873e+01  1.43574905e+07  3.32219033e+01 
 1.45237648e+07 -2.34849145e+01  1.45237648e+07  3.23581981e+01 
 1.46919646e+07 -2.36319506e+01  1.46919646e+07  3.14915499e+01 
 1.48621124e+07 -2.37794060e+01  1.48621124e+07  3.06218812e+01 
 1.50342306e+07 -2.39272909e+01  1.50342306e+07  2.97491168e+01 
 1.52083422e+07 -2.40756160e+01  1.52083422e+07  2.88731835e+01 
 1.53844701e+07 -2.42243923e+01  1.53844701e+07  2.79940104e+01 
 1.55626378e+07 -2.43736308e+01  1.55626378e+07  2.71115288e+01 
 1.57428689e+07 -2.45233427e+01  1.57428689e+07  2.62256725e+01 
 1.59251872e+07 -2.46735397e+01  1.59251872e+07  2.53363774e+01 
 1.61096169e+07 -2.48242333e+01  1.61096169e+07  2.44435820e+01 
 1.62961825e+07 -2.49754354e+01  1.62961825e+07  2.35472274e+01 
 1.64849088e+07 -2.51271582e+01  1.64849088e+07  2.26472571e+01 
 1.66758206e+07 -2.52794138e+01  1.66758206e+07  2.17436174e+01 
 1.68689435e+07 -2.54322145e+01  1.68689435e+07  2.08362570e+01 
 1.70643029e+07 -2.55855731e+01  1.70643029e+07  1.99251276e+01 
 1.72619247e+07 -2.57395020e+01  1.72619247e+07  1.90101836e+01 
 1.74618352e+07 -2.58940141e+01  1.74618352e+07  1.80913823e+01 
 1.76640609e+07 -2.60491224e+01  1.76640609e+07  1.71686837e+01 
 1.78686285e+07 -2.62048399e+01  1.78686285e+07  1.62420510e+01 
 1.80755653e+07 -2.63611798e+01  1.80755653e+07  1.53114502e+01 
 1.82848985e+07 -2.65181552e+01  1.82848985e+07  1.43768504e+01 
 1.84966561e+07 -2.66757796e+01  1.84966561e+07  1.34382239e+01 
 1.87108661e+07 -2.68340662e+01  1.87108661e+07  1.24955460e+01 
 1.89275568e+07 -2.69930287e+01  1.89275568e+07  1.15487952e+01 
 1.91467570e+07 -2.71526805e+01  1.91467570e+07  1.05979532e+01 
 1.93684957e+07 -2.73130351e+01  1.93684957e+07  9.64300506e+00 
 1.95928024e+07 -2.74741062e+01  1.95928024e+07  8.68393909e+00 
 1.98197069e+07 -2.76359074e+01  1.98197069e+07  7.72074694e+00 
 2.00492391e+07 -2.77984522e+01  2.00492391e+07  6.75342363e+00 
 2.02814295e+07 -2.79617544e+01  2.02814295e+07  5.78196764e+00 
 2.05163089e+07 -2.81258274e+01  2.05163089e+07  4.80638087e+00 
 2.07539085e+07 -2.82906848e+01  2.07539085e+07  3.82666874e+00 
 2.09942597e+07 -2.84563402e+01  2.09942597e+07  2.84284015e+00 
 2.12373944e+07 -2.86228071e+01  2.12373944e+07  1.85490759e+00 
 2.14833448e+07 -2.87900989e+01  2.14833448e+07  8.62887124e-01 
 2.17321436e+07 -2.89582288e+01  2.17321436e+07 -1.33201590e-01 
 2.19838238e+07 -2.91272102e+01  2.19838238e+07 -1.13333525e+00 
 2.22384186e+07 -2.92970562e+01  2.22384186e+07 -2.13748688e+00 
 2.24959620e+07 -2.94677798e+01  2.24959620e+07 -3.14562584e+00 
 2.27564879e+07 -2.96393940e+01  2.27564879e+07 -4.15771778e+00 
 2.30200310e+07 -2.98119115e+01  2.30200310e+07 -5.17372462e+00 
 2.32866262e+07 -2.99853449e+01  2.32866262e+07 -6.19360454e+00 
 2.35563088e+07 -3.01597067e+01  2.35563088e+07 -7.21731196e+00 
 2.38291146e+07 -3.03350091e+01  2.38291146e+07 -8.24479753e+00 
 2.41050798e+07 -3.05112643e+01  2.41050798e+07 -9.27600813e+00 
 2.43842409e+07 -3.06884841e+01  2.43842409e+07 -1.03108868e+01 
 2.46666350e+07 -3.08666801e+01  2.46666350e+07 -1.13493729e+01 
 2.49522996e+07 -3.10458638e+01  2.49522996e+07 -1.23914017e+01 
 2.52412724e+07 -3.12260464e+01  2.52412724e+07 -1.34369051e+01 
 2.55335918e+07 -3.14072389e+01  2.55335918e+07 -1.44858108e+01 
 2.58292965e+07 -3.15894517e+01  2.58292965e+07 -1.55380428e+01 
 2.61284258e+07 -3.17726954e+01  2.61284258e+07 -1.65935214e+01 
 2.64310194e+07 -3.19569800e+01  2.64310194e+07 -1.76521629e+01 
 2.67371172e+07 -3.21423151e+01  2.67371172e+07 -1.87138801e+01 
 2.70467600e+07 -3.23287104e+01  2.70467600e+07 -1.97785816e+01 
 2.73599888e+07 -3.25161748e+01  2.73599888e+07 -2.08461727e+01 
 2.76768451e+07 -3.27047171e+01  2.76768451e+07 -2.19165546e+01 
 2.79973709e+07 -3.28943456e+01  2.79973709e+07 -2.29896249e+01 
 2.83216087e+07 -3.30850684e+01  2.83216087e+07 -2.40652775e+01 
 2.86496015e+07 -3.32768930e+01  2.86496015e+07 -2.51434024e+01 
 2.89813928e+07 -3.34698265e+01  2.89813928e+07 -2.62238863e+01 
 2.93170265e+07 -3.36638759e+01  2.93170265e+07 -2.73066121e+01 
 2.96565473e+07 -3.38590473e+01  2.96565473e+07 -2.83914589e+01 
 3.00000000e+07 -3.40553466e+01  3.00000000e+07 -2.94783026e+01 
