 2.00000000e-01 -8.49287335e+00  2.00000000e-01  6.78862403e+01 
 2.02316202e-01 -8.40717392e+00  2.02316202e-01  6.76552069e+01 
 2.04659228e-01 -8.32175927e+00  2.04659228e-01  6.74222746e+01 
 2.07029388e-01 -8.23663409e+00  2.07029388e-01  6.71874432e+01 
 2.09426997e-01 -8.15180310e+00  2.09426997e-01  6.69507132e+01 
 2.11852373e-01 -8.06727104e+00  2.11852373e-01  6.67120856e+01 
 2.14305837e-01 -7.98304272e+00  2.14305837e-01  6.64715617e+01 
 2.16787715e-01 -7.89912295e+00  2.16787715e-01  6.62291437e+01 
 2.19298335e-01 -7.81551659e+00  2.19298335e-01  6.59848341e+01 
 2.21838031e-01 -7.73222853e+00  2.21838031e-01  6.57386360e+01 
 2.24407140e-01 -7.64926369e+00  2.24407140e-01  6.54905533e+01 
 2.27006001e-01 -7.56662700e+00  2.27006001e-01  6.52405901e+01 
 2.29634959e-01 -7.48432344e+00  2.29634959e-01  6.49887514e+01 
 2.32294364e-01 -7.40235800e+00  2.32294364e-01  6.47350428e+01 
 2.34984567e-01 -7.32073569e+00  2.34984567e-01  6.44794703e+01 
 2.37705925e-01 -7.23946154e+00  2.37705925e-01  6.42220409e+01 
 2.40458800e-01 -7.15854060e+00  2.40458800e-01  6.39627620e+01 
 2.43243555e-01 -7.07797793e+00  2.43243555e-01  6.37016416e+01 
 2.46060561e-01 -6.99777862e+00  2.46060561e-01  6.34386885e+01 
 2.48910190e-01 -6.91794775e+00  2.48910190e-01  6.31739122e+01 
 2.51792821e-01 -6.83849041e+00  2.51792821e-01  6.29073228e+01 
 2.54708836e-01 -6.75941171e+00  2.54708836e-01  6.26389311e+01 
 2.57658622e-01 -6.68071675e+00  2.57658622e-01  6.23687487e+01 
 2.60642568e-01 -6.60241063e+00  2.60642568e-01  6.20967877e+01 
 2.63661072e-01 -6.52449845e+00  2.63661072e-01  6.18230613e+01 
 2.66714534e-01 -6.44698531e+00  2.66714534e-01  6.15475830e+01 
 2.69803357e-01 -6.36987629e+00  2.69803357e-01  6.12703673e+01 
 2.72927952e-01 -6.29317647e+00  2.72927952e-01  6.09914293e+01 
 2.76088733e-01 -6.21689091e+00  2.76088733e-01  6.07107849e+01 
 2.79286119e-01 -6.14102465e+00  2.79286119e-01  6.04284509e+01 
 2.82520534e-01 -6.06558272e+00  2.82520534e-01  6.01444446e+01 
 2.85792407e-01 -5.99057012e+00  2.85792407e-01  5.98587842e+01 
 2.89102171e-01 -5.91599181e+00  2.89102171e-01  5.95714886e+01 
 2.92450266e-01 -5.84185275e+00  2.92450266e-01  5.92825775e+01 
 2.95837135e-01 -5.76815783e+00  2.95837135e-01  5.89920714e+01 
 2.99263228e-01 -5.69491193e+00  2.99263228e-01  5.86999915e+01 
 3.02728998e-01 -5.62211988e+00  3.02728998e-01  5.84063598e+01 
 3.06234905e-01 -5.54978647e+00  3.06234905e-01  5.81111991e+01 
 3.09781414e-01 -5.47791644e+00  3.09781414e-01  5.78145329e+01 
 3.13368996e-01 -5.40651448e+00  3.13368996e-01  5.75163855e+01 
 3.16998125e-01 -5.33558521e+00  3.16998125e-01  5.72167819e+01 
 3.20669283e-01 -5.26513322e+00  3.20669283e-01  5.69157481e+01 
 3.24382957e-01 -5.19516303e+00  3.24382957e-01  5.66133104e+01 
 3.28139639e-01 -5.12567907e+00  3.28139639e-01  5.63094964e+01 
 3.31939827e-01 -5.05668574e+00  3.31939827e-01  5.60043339e+01 
 3.35784025e-01 -4.98818734e+00  3.35784025e-01  5.56978518e+01 
 3.39672743e-01 -4.92018810e+00  3.39672743e-01  5.53900797e+01 
 3.43606496e-01 -4.85269218e+00  3.43606496e-01  5.50810477e+01 
 3.47585805e-01 -4.78570364e+00  3.47585805e-01  5.47707869e+01 
 3.51611200e-01 -4.71922647e+00  3.51611200e-01  5.44593288e+01 
 3.55683212e-01 -4.65326457e+00  3.55683212e-01  5.41467058e+01 
 3.59802383e-01 -4.58782172e+00  3.59802383e-01  5.38329509e+01 
 3.63969257e-01 -4.52290164e+00  3.63969257e-01  5.35180978e+01 
 3.68184388e-01 -4.45850793e+00  3.68184388e-01  5.32021807e+01 
 3.72448335e-01 -4.39464409e+00  3.72448335e-01  5.28852347e+01 
 3.76761663e-01 -4.33131350e+00  3.76761663e-01  5.25672953e+01 
 3.81124943e-01 -4.26851945e+00  3.81124943e-01  5.22483987e+01 
 3.85538754e-01 -4.20626511e+00  3.85538754e-01  5.19285816e+01 
 3.90003682e-01 -4.14455353e+00  3.90003682e-01  5.16078813e+01 
 3.94520318e-01 -4.08338765e+00  3.94520318e-01  5.12863357e+01 
 3.99089261e-01 -4.02277027e+00  3.99089261e-01  5.09639831e+01 
 4.03711118e-01 -3.96270408e+00  4.03711118e-01  5.06408625e+01 
 4.08386500e-01 -3.90319165e+00  4.08386500e-01  5.03170133e+01 
 4.13116027e-01 -3.84423539e+00  4.13116027e-01  4.99924752e+01 
 4.17900328e-01 -3.78583762e+00  4.17900328e-01  4.96672885e+01 
 4.22740035e-01 -3.72800048e+00  4.22740035e-01  4.93414939e+01 
 4.27635791e-01 -3.67072601e+00  4.27635791e-01  4.90151325e+01 
 4.32588245e-01 -3.61401609e+00  4.32588245e-01  4.86882458e+01 
 4.37598053e-01 -3.55787247e+00  4.37598053e-01  4.83608754e+01 
 4.42665880e-01 -3.50229674e+00  4.42665880e-01  4.80330636e+01 
 4.47792398e-01 -3.44729037e+00  4.47792398e-01  4.77048526e+01 
 4.52978286e-01 -3.39285468e+00  4.52978286e-01  4.73762851e+01 
 4.58224231e-01 -3.33899081e+00  4.58224231e-01  4.70474040e+01 
 4.63530930e-01 -3.28569980e+00  4.63530930e-01  4.67182524e+01 
 4.68899086e-01 -3.23298251e+00  4.68899086e-01  4.63888735e+01 
 4.74329410e-01 -3.18083965e+00  4.74329410e-01  4.60593108e+01 
 4.79822623e-01 -3.12927179e+00  4.79822623e-01  4.57296078e+01 
 4.85379453e-01 -3.07827935e+00  4.85379453e-01  4.53998080e+01 
 4.91000637e-01 -3.02786258e+00  4.91000637e-01  4.50699552e+01 
 4.96686920e-01 -2.97802159e+00  4.96686920e-01  4.47400932e+01 
 5.02439056e-01 -2.92875635e+00  5.02439056e-01  4.44102656e+01 
 5.08257807e-01 -2.88006665e+00  5.08257807e-01  4.40805161e+01 
 5.14143945e-01 -2.83195214e+00  5.14143945e-01  4.37508884e+01 
 5.20098251e-01 -2.78441233e+00  5.20098251e-01  4.34214261e+01 
 5.26121513e-01 -2.73744655e+00  5.26121513e-01  4.30921727e+01 
 5.32214531e-01 -2.69105402e+00  5.32214531e-01  4.27631714e+01 
 5.38378112e-01 -2.64523377e+00  5.38378112e-01  4.24344655e+01 
 5.44613074e-01 -2.59998470e+00  5.44613074e-01  4.21060978e+01 
 5.50920243e-01 -2.55530556e+00  5.50920243e-01  4.17781112e+01 
 5.57300455e-01 -2.51119496e+00  5.57300455e-01  4.14505481e+01 
 5.63754556e-01 -2.46765136e+00  5.63754556e-01  4.11234508e+01 
 5.70283403e-01 -2.42467306e+00  5.70283403e-01  4.07968611e+01 
 5.76887860e-01 -2.38225825e+00  5.76887860e-01  4.04708207e+01 
 5.83568804e-01 -2.34040495e+00  5.83568804e-01  4.01453708e+01 
 5.90327119e-01 -2.29911106e+00  5.90327119e-01  3.98205522e+01 
 5.97163703e-01 -2.25837435e+00  5.97163703e-01  3.94964054e+01 
 6.04079461e-01 -2.21819243e+00  6.04079461e-01  3.91729704e+01 
 6.11075310e-01 -2.17856281e+00  6.11075310e-01  3.88502868e+01 
 6.18152179e-01 -2.13948285e+00  6.18152179e-01  3.85283937e+01 
 6.25311005e-01 -2.10094980e+00  6.25311005e-01  3.82073296e+01 
 6.32552737e-01 -2.06296076e+00  6.32552737e-01  3.78871327e+01 
 6.39878336e-01 -2.02551275e+00  6.39878336e-01  3.75678405e+01 
 6.47288773e-01 -1.98860263e+00  6.47288773e-01  3.72494899e+01 
 6.54785030e-01 -1.95222717e+00  6.54785030e-01  3.69321175e+01 
 6.62368101e-01 -1.91638304e+00  6.62368101e-01  3.66157590e+01 
 6.70038992e-01 -1.88106677e+00  6.70038992e-01  3.63004496e+01 
 6.77798719e-01 -1.84627481e+00  6.77798719e-01  3.59862240e+01 
 6.85648312e-01 -1.81200349e+00  6.85648312e-01  3.56731160e+01 
 6.93588812e-01 -1.77824906e+00  6.93588812e-01  3.53611590e+01 
 7.01621270e-01 -1.74500766e+00  7.01621270e-01  3.50503856e+01 
 7.09746752e-01 -1.71227536e+00  7.09746752e-01  3.47408277e+01 
 7.17966335e-01 -1.68004810e+00  7.17966335e-01  3.44325166e+01 
 7.26281110e-01 -1.64832178e+00  7.26281110e-01  3.41254828e+01 
 7.34692178e-01 -1.61709220e+00  7.34692178e-01  3.38197561e+01 
 7.43200655e-01 -1.58635507e+00  7.43200655e-01  3.35153656e+01 
 7.51807668e-01 -1.55610606e+00  7.51807668e-01  3.32123398e+01 
 7.60514359e-01 -1.52634073e+00  7.60514359e-01  3.29107062e+01 
 7.69321883e-01 -1.49705461e+00  7.69321883e-01  3.26104917e+01 
 7.78231406e-01 -1.46824314e+00  7.78231406e-01  3.23117225e+01 
 7.87244111e-01 -1.43990170e+00  7.87244111e-01  3.20144239e+01 
 7.96361192e-01 -1.41202565e+00  7.96361192e-01  3.17186206e+01 
 8.05583858e-01 -1.38461024e+00  8.05583858e-01  3.14243364e+01 
 8.14913332e-01 -1.35765073e+00  8.14913332e-01  3.11315944e+01 
 8.24350851e-01 -1.33114229e+00  8.24350851e-01  3.08404170e+01 
 8.33897665e-01 -1.30508007e+00  8.33897665e-01  3.05508256e+01 
 8.43555041e-01 -1.27945918e+00  8.43555041e-01  3.02628411e+01 
 8.53324260e-01 -1.25427469e+00  8.53324260e-01  2.99764834e+01 
 8.63206616e-01 -1.22952164e+00  8.63206616e-01  2.96917720e+01 
 8.73203419e-01 -1.20519504e+00  8.73203419e-01  2.94087251e+01 
 8.83315996e-01 -1.18128988e+00  8.83315996e-01  2.91273607e+01 
 8.93545686e-01 -1.15780112e+00  8.93545686e-01  2.88476956e+01 
 9.03893847e-01 -1.13472371e+00  9.03893847e-01  2.85697461e+01 
 9.14361849e-01 -1.11205258e+00  9.14361849e-01  2.82935276e+01 
 9.24951082e-01 -1.08978265e+00  9.24951082e-01  2.80190550e+01 
 9.35662949e-01 -1.06790882e+00  9.35662949e-01  2.77463421e+01 
 9.46498870e-01 -1.04642601e+00  9.46498870e-01  2.74754023e+01 
 9.57460281e-01 -1.02532909e+00  9.57460281e-01  2.72062482e+01 
 9.68548637e-01 -1.00461298e+00  9.68548637e-01  2.69388914e+01 
 9.79765408e-01 -9.84272564e-01  9.79765408e-01  2.66733433e+01 
 9.91112080e-01 -9.64302753e-01  9.91112080e-01  2.64096141e+01 
 1.00259016e+00 -9.44698452e-01  1.00259016e+00  2.61477137e+01 
 1.01420116e+00 -9.25454581e-01  1.01420116e+00  2.58876510e+01 
 1.02594664e+00 -9.06566069e-01  1.02594664e+00  2.56294346e+01 
 1.03782813e+00 -8.88027861e-01  1.03782813e+00  2.53730720e+01 
 1.04984723e+00 -8.69834916e-01  1.04984723e+00  2.51185704e+01 
 1.06200552e+00 -8.51982215e-01  1.06200552e+00  2.48659361e+01 
 1.07430462e+00 -8.34464755e-01  1.07430462e+00  2.46151751e+01 
 1.08674615e+00 -8.17277558e-01  1.08674615e+00  2.43662924e+01 
 1.09933176e+00 -8.00415671e-01  1.09933176e+00  2.41192927e+01 
 1.11206313e+00 -7.83874166e-01  1.11206313e+00  2.38741799e+01 
 1.12494195e+00 -7.67648144e-01  1.12494195e+00  2.36309574e+01 
 1.13796991e+00 -7.51732735e-01  1.13796991e+00  2.33896281e+01 
 1.15114875e+00 -7.36123100e-01  1.15114875e+00  2.31501941e+01 
 1.16448021e+00 -7.20814434e-01  1.16448021e+00  2.29126572e+01 
 1.17796607e+00 -7.05801967e-01  1.17796607e+00  2.26770186e+01 
 1.19160810e+00 -6.91080964e-01  1.19160810e+00  2.24432789e+01 
 1.20540813e+00 -6.76646727e-01  1.20540813e+00  2.22114382e+01 
 1.21936797e+00 -6.62494596e-01  1.21936797e+00  2.19814961e+01 
 1.23348948e+00 -6.48619952e-01  1.23348948e+00  2.17534519e+01 
 1.24777453e+00 -6.35018216e-01  1.24777453e+00  2.15273042e+01 
 1.26222502e+00 -6.21684851e-01  1.26222502e+00  2.13030511e+01 
 1.27684286e+00 -6.08615362e-01  1.27684286e+00  2.10806905e+01 
 1.29162999e+00 -5.95805300e-01  1.29162999e+00  2.08602196e+01 
 1.30658837e+00 -5.83250259e-01  1.30658837e+00  2.06416353e+01 
 1.32171998e+00 -5.70945877e-01  1.32171998e+00  2.04249342e+01 
 1.33702683e+00 -5.58887840e-01  1.33702683e+00  2.02101122e+01 
 1.35251095e+00 -5.47071882e-01  1.35251095e+00  1.99971650e+01 
 1.36817439e+00 -5.35493781e-01  1.36817439e+00  1.97860880e+01 
 1.38401923e+00 -5.24149365e-01  1.38401923e+00  1.95768761e+01 
 1.40004757e+00 -5.13034511e-01  1.40004757e+00  1.93695238e+01 
 1.41626153e+00 -5.02145143e-01  1.41626153e+00  1.91640254e+01 
 1.43266327e+00 -4.91477237e-01  1.43266327e+00  1.89603748e+01 
 1.44925496e+00 -4.81026817e-01  1.44925496e+00  1.87585656e+01 
 1.46603879e+00 -4.70789956e-01  1.46603879e+00  1.85585910e+01 
 1.48301700e+00 -4.60762779e-01  1.48301700e+00  1.83604441e+01 
 1.50019183e+00 -4.50941461e-01  1.50019183e+00  1.81641175e+01 
 1.51756557e+00 -4.41322227e-01  1.51756557e+00  1.79696036e+01 
 1.53514051e+00 -4.31901355e-01  1.53514051e+00  1.77768946e+01 
 1.55291899e+00 -4.22675170e-01  1.55291899e+00  1.75859823e+01 
 1.57090335e+00 -4.13640050e-01  1.57090335e+00  1.73968585e+01 
 1.58909600e+00 -4.04792425e-01  1.58909600e+00  1.72095145e+01 
 1.60749933e+00 -3.96128774e-01  1.60749933e+00  1.70239415e+01 
 1.62611580e+00 -3.87645628e-01  1.62611580e+00  1.68401304e+01 
 1.64494786e+00 -3.79339568e-01  1.64494786e+00  1.66580721e+01 
 1.66399802e+00 -3.71207226e-01  1.66399802e+00  1.64777571e+01 
 1.68326879e+00 -3.63245283e-01  1.68326879e+00  1.62991759e+01 
 1.70276274e+00 -3.55450473e-01  1.70276274e+00  1.61223185e+01 
 1.72248245e+00 -3.47819577e-01  1.72248245e+00  1.59471750e+01 
 1.74243054e+00 -3.40349429e-01  1.74243054e+00  1.57737353e+01 
 1.76260964e+00 -3.33036909e-01  1.76260964e+00  1.56019892e+01 
 1.78302244e+00 -3.25878950e-01  1.78302244e+00  1.54319261e+01 
 1.80367164e+00 -3.18872531e-01  1.80367164e+00  1.52635356e+01 
 1.82455997e+00 -3.12014681e-01  1.82455997e+00  1.50968069e+01 
 1.84569022e+00 -3.05302477e-01  1.84569022e+00  1.49317293e+01 
 1.86706517e+00 -2.98733043e-01  1.86706517e+00  1.47682917e+01 
 1.88868767e+00 -2.92303553e-01  1.88868767e+00  1.46064833e+01 
 1.91056058e+00 -2.86011226e-01  1.91056058e+00  1.44462928e+01 
 1.93268680e+00 -2.79853329e-01  1.93268680e+00  1.42877090e+01 
 1.95506926e+00 -2.73827173e-01  1.95506926e+00  1.41307206e+01 
 1.97771094e+00 -2.67930118e-01  1.97771094e+00  1.39753163e+01 
 2.00061483e+00 -2.62159568e-01  2.00061483e+00  1.38214846e+01 
 2.02378396e+00 -2.56512972e-01  2.02378396e+00  1.36692139e+01 
 2.04722142e+00 -2.50987823e-01  2.04722142e+00  1.35184927e+01 
 2.07093031e+00 -2.45581659e-01  2.07093031e+00  1.33693094e+01 
 2.09491378e+00 -2.40292061e-01  2.09491378e+00  1.32216522e+01 
 2.11917499e+00 -2.35116653e-01  2.11917499e+00  1.30755094e+01 
 2.14371718e+00 -2.30053101e-01  2.14371718e+00  1.29308692e+01 
 2.16854358e+00 -2.25099115e-01  2.16854358e+00  1.27877199e+01 
 2.19365751e+00 -2.20252445e-01  2.19365751e+00  1.26460496e+01 
 2.21906227e+00 -2.15510882e-01  2.21906227e+00  1.25058465e+01 
 2.24476125e+00 -2.10872257e-01  2.24476125e+00  1.23670986e+01 
 2.27075785e+00 -2.06334443e-01  2.27075785e+00  1.22297942e+01 
 2.29705552e+00 -2.01895350e-01  2.29705552e+00  1.20939212e+01 
 2.32365774e+00 -1.97552929e-01  2.32365774e+00  1.19594679e+01 
 2.35056804e+00 -1.93305167e-01  2.35056804e+00  1.18264223e+01 
 2.37778999e+00 -1.89150091e-01  2.37778999e+00  1.16947724e+01 
 2.40532720e+00 -1.85085764e-01  2.40532720e+00  1.15645065e+01 
 2.43318331e+00 -1.81110287e-01  2.43318331e+00  1.14356126e+01 
 2.46136203e+00 -1.77221796e-01  2.46136203e+00  1.13080788e+01 
 2.48986709e+00 -1.73418463e-01  2.48986709e+00  1.11818934e+01 
 2.51870226e+00 -1.69698494e-01  2.51870226e+00  1.10570444e+01 
 2.54787137e+00 -1.66060133e-01  2.54787137e+00  1.09335200e+01 
 2.57737829e+00 -1.62501655e-01  2.57737829e+00  1.08113085e+01 
 2.60722693e+00 -1.59021369e-01  2.60722693e+00  1.06903982e+01 
 2.63742125e+00 -1.55617618e-01  2.63742125e+00  1.05707772e+01 
 2.66796525e+00 -1.52288776e-01  2.66796525e+00  1.04524340e+01 
 2.69886298e+00 -1.49033252e-01  2.69886298e+00  1.03353567e+01 
 2.73011854e+00 -1.45849482e-01  2.73011854e+00  1.02195340e+01 
 2.76173606e+00 -1.42735937e-01  2.76173606e+00  1.01049541e+01 
 2.79371975e+00 -1.39691116e-01  2.79371975e+00  9.99160551e+00 
 2.82607385e+00 -1.36713549e-01  2.82607385e+00  9.87947681e+00 
 2.85880263e+00 -1.33801795e-01  2.85880263e+00  9.76855655e+00 
 2.89191045e+00 -1.30954442e-01  2.89191045e+00  9.65883335e+00 
 2.92540169e+00 -1.28170106e-01  2.92540169e+00  9.55029587e+00 
 2.95928080e+00 -1.25447432e-01  2.95928080e+00  9.44293284e+00 
 2.99355225e+00 -1.22785092e-01  2.99355225e+00  9.33673304e+00 
 3.02822061e+00 -1.20181785e-01  3.02822061e+00  9.23168532e+00 
 3.06329046e+00 -1.17636235e-01  3.06329046e+00  9.12777856e+00 
 3.09876645e+00 -1.15147194e-01  3.09876645e+00  9.02500173e+00 
 3.13465329e+00 -1.12713440e-01  3.13465329e+00  8.92334384e+00 
 3.17095574e+00 -1.10333773e-01  3.17095574e+00  8.82279399e+00 
 3.20767861e+00 -1.08007020e-01  3.20767861e+00  8.72334130e+00 
 3.24482676e+00 -1.05732033e-01  3.24482676e+00  8.62497500e+00 
 3.28240513e+00 -1.03507686e-01  3.28240513e+00  8.52768435e+00 
 3.32041869e+00 -1.01332877e-01  3.32041869e+00  8.43145872e+00 
 3.35887249e+00 -9.92065258e-02  3.35887249e+00  8.33628750e+00 
 3.39777162e+00 -9.71275765e-02  3.39777162e+00  8.24216019e+00 
 3.43712125e+00 -9.50949942e-02  3.43712125e+00  8.14906633e+00 
 3.47692658e+00 -9.31077657e-02  3.47692658e+00  8.05699555e+00 
 3.51719290e+00 -9.11648990e-02  3.51719290e+00  7.96593755e+00 
 3.55792554e+00 -8.92654231e-02  3.55792554e+00  7.87588208e+00 
 3.59912991e+00 -8.74083872e-02  3.59912991e+00  7.78681899e+00 
 3.64081146e+00 -8.55928606e-02  3.64081146e+00  7.69873820e+00 
 3.68297573e+00 -8.38179322e-02  3.68297573e+00  7.61162969e+00 
 3.72562831e+00 -8.20827104e-02  3.72562831e+00  7.52548351e+00 
 3.76877484e+00 -8.03863220e-02  3.76877484e+00  7.44028982e+00 
 3.81242106e+00 -7.87279128e-02  3.81242106e+00  7.35603881e+00 
 3.85657274e+00 -7.71066464e-02  3.85657274e+00  7.27272078e+00 
 3.90123574e+00 -7.55217044e-02  3.90123574e+00  7.19032609e+00 
 3.94641599e+00 -7.39722857e-02  3.94641599e+00  7.10884518e+00 
 3.99211947e+00 -7.24576064e-02  3.99211947e+00  7.02826856e+00 
 4.03835224e+00 -7.09768994e-02  4.03835224e+00  6.94858683e+00 
 4.08512043e+00 -6.95294138e-02  4.08512043e+00  6.86979065e+00 
 4.13243025e+00 -6.81144150e-02  4.13243025e+00  6.79187076e+00 
 4.18028796e+00 -6.67311842e-02  4.18028796e+00  6.71481800e+00 
 4.22869991e+00 -6.53790178e-02  4.22869991e+00  6.63862325e+00 
 4.27767252e+00 -6.40572276e-02  4.27767252e+00  6.56327750e+00 
 4.32721228e+00 -6.27651400e-02  4.32721228e+00  6.48877179e+00 
 4.37732577e+00 -6.15020963e-02  4.37732577e+00  6.41509727e+00 
 4.42801962e+00 -6.02674517e-02  4.42801962e+00  6.34224512e+00 
 4.47930055e+00 -5.90605754e-02  4.47930055e+00  6.27020664e+00 
 4.53117537e+00 -5.78808504e-02  4.53117537e+00  6.19897318e+00 
 4.58365095e+00 -5.67276729e-02  4.58365095e+00  6.12853619e+00 
 4.63673425e+00 -5.56004524e-02  4.63673425e+00  6.05888717e+00 
 4.69043232e+00 -5.44986111e-02  4.69043232e+00  5.99001771e+00 
 4.74475225e+00 -5.34215838e-02  4.74475225e+00  5.92191949e+00 
 4.79970127e+00 -5.23688177e-02  4.79970127e+00  5.85458423e+00 
 4.85528665e+00 -5.13397719e-02  4.85528665e+00  5.78800375e+00 
 4.91151577e+00 -5.03339173e-02  4.91151577e+00  5.72216996e+00 
 4.96839608e+00 -4.93507366e-02  4.96839608e+00  5.65707480e+00 
 5.02593512e+00 -4.83897235e-02  5.02593512e+00  5.59271033e+00 
 5.08414052e+00 -4.74503830e-02  5.08414052e+00  5.52906867e+00 
 5.14302000e+00 -4.65322308e-02  5.14302000e+00  5.46614199e+00 
 5.20258136e+00 -4.56347934e-02  5.20258136e+00  5.40392257e+00 
 5.26283250e+00 -4.47576075e-02  5.26283250e+00  5.34240274e+00 
 5.32378141e+00 -4.39002201e-02  5.32378141e+00  5.28157492e+00 
 5.38543617e+00 -4.30621881e-02  5.38543617e+00  5.22143158e+00 
 5.44780495e+00 -4.22430781e-02  5.44780495e+00  5.16196528e+00 
 5.51089603e+00 -4.14424663e-02  5.51089603e+00  5.10316866e+00 
 5.57471776e+00 -4.06599383e-02  5.57471776e+00  5.04503441e+00 
 5.63927862e+00 -3.98950887e-02  5.63927862e+00  4.98755530e+00 
 5.70458716e+00 -3.91475212e-02  5.70458716e+00  4.93072417e+00 
 5.77065203e+00 -3.84168482e-02  5.77065203e+00  4.87453394e+00 
 5.83748200e+00 -3.77026905e-02  5.83748200e+00  4.81897758e+00 
 5.90508593e+00 -3.70046776e-02  5.90508593e+00  4.76404816e+00 
 5.97347279e+00 -3.63224468e-02  5.97347279e+00  4.70973878e+00 
 6.04265163e+00 -3.56556439e-02  6.04265163e+00  4.65604265e+00 
 6.11263163e+00 -3.50039221e-02  6.11263163e+00  4.60295302e+00 
 6.18342207e+00 -3.43669425e-02  6.18342207e+00  4.55046321e+00 
 6.25503234e+00 -3.37443739e-02  6.25503234e+00  4.49856661e+00 
 6.32747192e+00 -3.31358920e-02  6.32747192e+00  4.44725670e+00 
 6.40075043e+00 -3.25411801e-02  6.40075043e+00  4.39652698e+00 
 6.47487758e+00 -3.19599284e-02  6.47487758e+00  4.34637107e+00 
 6.54986319e+00 -3.13918340e-02  6.54986319e+00  4.29678260e+00 
 6.62571722e+00 -3.08366006e-02  6.62571722e+00  4.24775531e+00 
 6.70244971e+00 -3.02939388e-02  6.70244971e+00  4.19928298e+00 
 6.78007084e+00 -2.97635653e-02  6.78007084e+00  4.15135947e+00 
 6.85859090e+00 -2.92452034e-02  6.85859090e+00  4.10397868e+00 
 6.93802030e+00 -2.87385824e-02  6.93802030e+00  4.05713459e+00 
 7.01836957e+00 -2.82434376e-02  7.01836957e+00  4.01082125e+00 
 7.09964937e+00 -2.77595105e-02  7.09964937e+00  3.96503275e+00 
 7.18187048e+00 -2.72865479e-02  7.18187048e+00  3.91976326e+00 
 7.26504378e+00 -2.68243027e-02  7.26504378e+00  3.87500701e+00 
 7.34918032e+00 -2.63725330e-02  7.34918032e+00  3.83075827e+00 
 7.43429124e+00 -2.59310026e-02  7.43429124e+00  3.78701139e+00 
 7.52038784e+00 -2.54994803e-02  7.52038784e+00  3.74376077e+00 
 7.60748151e+00 -2.50777402e-02  7.60748151e+00  3.70100088e+00 
 7.69558382e+00 -2.46655615e-02  7.69558382e+00  3.65872625e+00 
 7.78470645e+00 -2.42627283e-02  7.78470645e+00  3.61693143e+00 
 7.87486120e+00 -2.38690295e-02  7.87486120e+00  3.57561108e+00 
 7.96606004e+00 -2.34842588e-02  7.96606004e+00  3.53475989e+00 
 8.05831505e+00 -2.31082145e-02  8.05831505e+00  3.49437261e+00 
 8.15163847e+00 -2.27406993e-02  8.15163847e+00  3.45444403e+00 
 8.24604267e+00 -2.23815205e-02  8.24604267e+00  3.41496904e+00 
 8.34154016e+00 -2.20304897e-02  8.34154016e+00  3.37594253e+00 
 8.43814361e+00 -2.16874226e-02  8.43814361e+00  3.33735948e+00 
 8.53586583e+00 -2.13521392e-02  8.53586583e+00  3.29921491e+00 
 8.63471977e+00 -2.10244635e-02  8.63471977e+00  3.26150391e+00 
 8.73471853e+00 -2.07042233e-02  8.73471853e+00  3.22422160e+00 
 8.83587539e+00 -2.03912505e-02  8.83587539e+00  3.18736317e+00 
 8.93820374e+00 -2.00853805e-02  8.93820374e+00  3.15092385e+00 
 9.04171716e+00 -1.97864528e-02  9.04171716e+00  3.11489892e+00 
 9.14642936e+00 -1.94943102e-02  9.14642936e+00  3.07928373e+00 
 9.25235424e+00 -1.92087990e-02  9.25235424e+00  3.04407367e+00 
 9.35950584e+00 -1.89297692e-02  9.35950584e+00  3.00926416e+00 
 9.46789836e+00 -1.86570740e-02  9.46789836e+00  2.97485071e+00 
 9.57754617e+00 -1.83905700e-02  9.57754617e+00  2.94082883e+00 
 9.68846382e+00 -1.81301170e-02  9.68846382e+00  2.90719413e+00 
 9.80066601e+00 -1.78755779e-02  9.80066601e+00  2.87394223e+00 
 9.91416761e+00 -1.76268188e-02  9.91416761e+00  2.84106882e+00 
 1.00289837e+01 -1.73837086e-02  1.00289837e+01  2.80856962e+00 
 1.01451294e+01 -1.71461195e-02  1.01451294e+01  2.77644040e+00 
 1.02626203e+01 -1.69139263e-02  1.02626203e+01  2.74467699e+00 
 1.03814717e+01 -1.66870067e-02  1.03814717e+01  2.71327526e+00 
 1.05016997e+01 -1.64652412e-02  1.05016997e+01  2.68223111e+00 
 1.06233199e+01 -1.62485130e-02  1.06233199e+01  2.65154051e+00 
 1.07463487e+01 -1.60367079e-02  1.07463487e+01  2.62119945e+00 
 1.08708023e+01 -1.58297142e-02  1.08708023e+01  2.59120398e+00 
 1.09966971e+01 -1.56274229e-02  1.09966971e+01  2.56155018e+00 
 1.11240500e+01 -1.54297274e-02  1.11240500e+01  2.53223420e+00 
 1.12528777e+01 -1.52365233e-02  1.12528777e+01  2.50325220e+00 
 1.13831974e+01 -1.50477089e-02  1.13831974e+01  2.47460041e+00 
 1.15150263e+01 -1.48631846e-02  1.15150263e+01  2.44627507e+00 
 1.16483819e+01 -1.46828530e-02  1.16483819e+01  2.41827249e+00 
 1.17832819e+01 -1.45066191e-02  1.17832819e+01  2.39058901e+00 
 1.19197442e+01 -1.43343899e-02  1.19197442e+01  2.36322101e+00 
 1.20577869e+01 -1.41660745e-02  1.20577869e+01  2.33616492e+00 
 1.21974282e+01 -1.40015840e-02  1.21974282e+01  2.30941719e+00 
 1.23386867e+01 -1.38408318e-02  1.23386867e+01  2.28297432e+00 
 1.24815812e+01 -1.36837329e-02  1.24815812e+01  2.25683285e+00 
 1.26261305e+01 -1.35302045e-02  1.26261305e+01  2.23098937e+00 
 1.27723538e+01 -1.33801655e-02  1.27723538e+01  2.20544048e+00 
 1.29202705e+01 -1.32335366e-02  1.29202705e+01  2.18018284e+00 
 1.30699003e+01 -1.30902405e-02  1.30699003e+01  2.15521313e+00 
 1.32212629e+01 -1.29502016e-02  1.32212629e+01  2.13052810e+00 
 1.33743785e+01 -1.28133458e-02  1.33743785e+01  2.10612449e+00 
 1.35292673e+01 -1.26796008e-02  1.35292673e+01  2.08199912e+00 
 1.36859499e+01 -1.25488961e-02  1.36859499e+01  2.05814881e+00 
 1.38444470e+01 -1.24211626e-02  1.38444470e+01  2.03457043e+00 
 1.40047796e+01 -1.22963328e-02  1.40047796e+01  2.01126090e+00 
 1.41669691e+01 -1.21743408e-02  1.41669691e+01  1.98821715e+00 
 1.43310369e+01 -1.20551222e-02  1.43310369e+01  1.96543615e+00 
 1.44970048e+01 -1.19386138e-02  1.44970048e+01  1.94291492e+00 
 1.46648947e+01 -1.18247542e-02  1.46648947e+01  1.92065050e+00 
 1.48347290e+01 -1.17134832e-02  1.48347290e+01  1.89863996e+00 
 1.50065301e+01 -1.16047420e-02  1.50065301e+01  1.87688041e+00 
 1.51803209e+01 -1.14984731e-02  1.51803209e+01  1.85536899e+00 
 1.53561243e+01 -1.13946203e-02  1.53561243e+01  1.83410286e+00 
 1.55339637e+01 -1.12931288e-02  1.55339637e+01  1.81307925e+00 
 1.57138627e+01 -1.11939449e-02  1.57138627e+01  1.79229537e+00 
 1.58958451e+01 -1.10970161e-02  1.58958451e+01  1.77174850e+00 
 1.60799350e+01 -1.10022912e-02  1.60799350e+01  1.75143593e+00 
 1.62661569e+01 -1.09097202e-02  1.62661569e+01  1.73135499e+00 
 1.64545354e+01 -1.08192541e-02  1.64545354e+01  1.71150304e+00 
 1.66450955e+01 -1.07308449e-02  1.66450955e+01  1.69187747e+00 
 1.68378625e+01 -1.06444461e-02  1.68378625e+01  1.67247568e+00 
 1.70328619e+01 -1.05600119e-02  1.70328619e+01  1.65329514e+00 
 1.72301197e+01 -1.04774976e-02  1.72301197e+01  1.63433330e+00 
 1.74296618e+01 -1.03968597e-02  1.74296618e+01  1.61558767e+00 
 1.76315149e+01 -1.03180554e-02  1.76315149e+01  1.59705579e+00 
 1.78357056e+01 -1.02410430e-02  1.78357056e+01  1.57873521e+00 
 1.80422611e+01 -1.01657819e-02  1.80422611e+01  1.56062351e+00 
 1.82512087e+01 -1.00922323e-02  1.82512087e+01  1.54271832e+00 
 1.84625761e+01 -1.00203551e-02  1.84625761e+01  1.52501726e+00 
 1.86763914e+01 -9.95011250e-03  1.86763914e+01  1.50751802e+00 
 1.88926828e+01 -9.88146720e-03  1.88926828e+01  1.49021827e+00 
 1.91114791e+01 -9.81438292e-03  1.91114791e+01  1.47311574e+00 
 1.93328093e+01 -9.74882417e-03  1.93328093e+01  1.45620818e+00 
 1.95567028e+01 -9.68475627e-03  1.95567028e+01  1.43949335e+00 
 1.97831891e+01 -9.62214531e-03  1.97831891e+01  1.42296904e+00 
 2.00122984e+01 -9.56095818e-03  2.00122984e+01  1.40663309e+00 
 2.02440610e+01 -9.50116249e-03  2.02440610e+01  1.39048332e+00 
 2.04785077e+01 -9.44272661e-03  2.04785077e+01  1.37451762e+00 
 2.07156695e+01 -9.38561962e-03  2.07156695e+01  1.35873388e+00 
 2.09555778e+01 -9.32981130e-03  2.09555778e+01  1.34313001e+00 
 2.11982645e+01 -9.27527211e-03  2.11982645e+01  1.32770395e+00 
 2.14437618e+01 -9.22197320e-03  2.14437618e+01  1.31245366e+00 
 2.16921022e+01 -9.16988637e-03  2.16921022e+01  1.29737714e+00 
 2.19433187e+01 -9.11898404e-03  2.19433187e+01  1.28247239e+00 
 2.21974444e+01 -9.06923929e-03  2.21974444e+01  1.26773744e+00 
 2.24545132e+01 -9.02062578e-03  2.24545132e+01  1.25317035e+00 
 2.27145591e+01 -8.97311780e-03  2.27145591e+01  1.23876919e+00 
 2.29776167e+01 -8.92669020e-03  2.29776167e+01  1.22453207e+00 
 2.32437206e+01 -8.88131842e-03  2.32437206e+01  1.21045710e+00 
 2.35129064e+01 -8.83697843e-03  2.35129064e+01  1.19654242e+00 
 2.37852095e+01 -8.79364677e-03  2.37852095e+01  1.18278619e+00 
 2.40606663e+01 -8.75130053e-03  2.40606663e+01  1.16918660e+00 
 2.43393131e+01 -8.70991727e-03  2.43393131e+01  1.15574184e+00 
 2.46211869e+01 -8.66947510e-03  2.46211869e+01  1.14245015e+00 
 2.49063250e+01 -8.62995263e-03  2.49063250e+01  1.12930976e+00 
 2.51947654e+01 -8.59132892e-03  2.51947654e+01  1.11631895e+00 
 2.54865462e+01 -8.55358355e-03  2.54865462e+01  1.10347598e+00 
 2.57817061e+01 -8.51669654e-03  2.57817061e+01  1.09077917e+00 
 2.60802843e+01 -8.48064836e-03  2.60802843e+01  1.07822683e+00 
 2.63823203e+01 -8.44541993e-03  2.63823203e+01  1.06581731e+00 
 2.66878542e+01 -8.41099263e-03  2.66878542e+01  1.05354897e+00 
 2.69969265e+01 -8.37734821e-03  2.69969265e+01  1.04142018e+00 
 2.73095781e+01 -8.34446889e-03  2.73095781e+01  1.02942933e+00 
 2.76258506e+01 -8.31233725e-03  2.76258506e+01  1.01757485e+00 
 2.79457858e+01 -8.28093630e-03  2.79457858e+01  1.00585517e+00 
 2.82694262e+01 -8.25024942e-03  2.82694262e+01  9.94268734e-01 
 2.85968147e+01 -8.22026037e-03  2.85968147e+01  9.82814011e-01 
 2.89279946e+01 -8.19095327e-03  2.89279946e+01  9.71489486e-01 
 2.92630100e+01 -8.16231262e-03  2.92630100e+01  9.60293662e-01 
 2.96019052e+01 -8.13432327e-03  2.96019052e+01  9.49225058e-01 
 2.99447251e+01 -8.10697039e-03  2.99447251e+01  9.38282209e-01 
 3.02915152e+01 -8.08023952e-03  3.02915152e+01  9.27463668e-01 
 3.06423215e+01 -8.05411651e-03  3.06423215e+01  9.16768003e-01 
 3.09971905e+01 -8.02858754e-03  3.09971905e+01  9.06193800e-01 
 3.13561693e+01 -8.00363909e-03  3.13561693e+01  8.95739659e-01 
 3.17193054e+01 -7.97925797e-03  3.17193054e+01  8.85404196e-01 
 3.20866469e+01 -7.95543128e-03  3.20866469e+01  8.75186045e-01 
 3.24582427e+01 -7.93214640e-03  3.24582427e+01  8.65083853e-01 
 3.28341419e+01 -7.90939101e-03  3.28341419e+01  8.55096284e-01 
 3.32143943e+01 -7.88715308e-03  3.32143943e+01  8.45222014e-01 
 3.35990505e+01 -7.86542083e-03  3.35990505e+01  8.35459738e-01 
 3.39881614e+01 -7.84418277e-03  3.39881614e+01  8.25808164e-01 
 3.43817786e+01 -7.82342766e-03  3.43817786e+01  8.16266014e-01 
 3.47799543e+01 -7.80314452e-03  3.47799543e+01  8.06832024e-01 
 3.51827413e+01 -7.78332262e-03  3.51827413e+01  7.97504948e-01 
 3.55901929e+01 -7.76395146e-03  3.55901929e+01  7.88283548e-01 
 3.60023633e+01 -7.74502079e-03  3.60023633e+01  7.79166606e-01 
 3.64193070e+01 -7.72652061e-03  3.64193070e+01  7.70152913e-01 
 3.68410793e+01 -7.70844112e-03  3.68410793e+01  7.61241278e-01 
 3.72677361e+01 -7.69077275e-03  3.72677361e+01  7.52430519e-01 
 3.76993341e+01 -7.67350617e-03  3.76993341e+01  7.43719471e-01 
 3.81359304e+01 -7.65663222e-03  3.81359304e+01  7.35106979e-01 
 3.85775830e+01 -7.64014199e-03  3.85775830e+01  7.26591905e-01 
 3.90243503e+01 -7.62402674e-03  3.90243503e+01  7.18173120e-01 
 3.94762917e+01 -7.60827796e-03  3.94762917e+01  7.09849509e-01 
 3.99334670e+01 -7.59288731e-03  3.99334670e+01  7.01619971e-01 
 4.03959368e+01 -7.57784665e-03  4.03959368e+01  6.93483416e-01 
 4.08637625e+01 -7.56314801e-03  4.08637625e+01  6.85438766e-01 
 4.13370061e+01 -7.54878362e-03  4.13370061e+01  6.77484956e-01 
 4.18157303e+01 -7.53474589e-03  4.18157303e+01  6.69620932e-01 
 4.22999987e+01 -7.52102738e-03  4.22999987e+01  6.61845654e-01 
 4.27898753e+01 -7.50762084e-03  4.27898753e+01  6.54158091e-01 
 4.32854253e+01 -7.49451917e-03  4.32854253e+01  6.46557225e-01 
 4.37867142e+01 -7.48171544e-03  4.37867142e+01  6.39042050e-01 
 4.42938085e+01 -7.46920288e-03  4.42938085e+01  6.31611570e-01 
 4.48067755e+01 -7.45697486e-03  4.48067755e+01  6.24264802e-01 
 4.53256831e+01 -7.44502492e-03  4.53256831e+01  6.17000772e-01 
 4.58506003e+01 -7.43334674e-03  4.58506003e+01  6.09818517e-01 
 4.63815965e+01 -7.42193413e-03  4.63815965e+01  6.02717088e-01 
 4.69187422e+01 -7.41078105e-03  4.69187422e+01  5.95695542e-01 
 4.74621085e+01 -7.39988161e-03  4.74621085e+01  5.88752950e-01 
 4.80117676e+01 -7.38923004e-03  4.80117676e+01  5.81888392e-01 
 4.85677923e+01 -7.37882070e-03  4.85677923e+01  5.75100960e-01 
 4.91302564e+01 -7.36864809e-03  4.91302564e+01  5.68389753e-01 
 4.96992343e+01 -7.35870681e-03  4.96992343e+01  5.61753883e-01 
 5.02748016e+01 -7.34899162e-03  5.02748016e+01  5.55192471e-01 
 5.08570345e+01 -7.33949738e-03  5.08570345e+01  5.48704647e-01 
 5.14460103e+01 -7.33021904e-03  5.14460103e+01  5.42289552e-01 
 5.20418070e+01 -7.32115172e-03  5.20418070e+01  5.35946336e-01 
 5.26445036e+01 -7.31229061e-03  5.26445036e+01  5.29674159e-01 
 5.32541801e+01 -7.30363101e-03  5.32541801e+01  5.23472190e-01 
 5.38709172e+01 -7.29516836e-03  5.38709172e+01  5.17339607e-01 
 5.44947968e+01 -7.28689817e-03  5.44947968e+01  5.11275597e-01 
 5.51259015e+01 -7.27881606e-03  5.51259015e+01  5.05279358e-01 
 5.57643151e+01 -7.27091776e-03  5.57643151e+01  4.99350094e-01 
 5.64101221e+01 -7.26319908e-03  5.64101221e+01  4.93487021e-01 
 5.70634082e+01 -7.25565595e-03  5.70634082e+01  4.87689360e-01 
 5.77242601e+01 -7.24828437e-03  5.77242601e+01  4.81956345e-01 
 5.83927652e+01 -7.24108044e-03  5.83927652e+01  4.76287215e-01 
 5.90690124e+01 -7.23404035e-03  5.90690124e+01  4.70681220e-01 
 5.97530911e+01 -7.22716036e-03  5.97530911e+01  4.65137616e-01 
 6.04450922e+01 -7.22043685e-03  6.04450922e+01  4.59655669e-01 
 6.11451073e+01 -7.21386625e-03  6.11451073e+01  4.54234652e-01 
 6.18532294e+01 -7.20744509e-03  6.18532294e+01  4.48873848e-01 
 6.25695522e+01 -7.20116996e-03  6.25695522e+01  4.43572545e-01 
 6.32941707e+01 -7.19503754e-03  6.32941707e+01  4.38330042e-01 
 6.40271811e+01 -7.18904459e-03  6.40271811e+01  4.33145644e-01 
 6.47686804e+01 -7.18318794e-03  6.47686804e+01  4.28018663e-01 
 6.55187671e+01 -7.17746449e-03  6.55187671e+01  4.22948420e-01 
 6.62775405e+01 -7.17187120e-03  6.62775405e+01  4.17934244e-01 
 6.70451013e+01 -7.16640512e-03  6.70451013e+01  4.12975469e-01 
 6.78215512e+01 -7.16106335e-03  6.78215512e+01  4.08071439e-01 
 6.86069932e+01 -7.15584307e-03  6.86069932e+01  4.03221504e-01 
 6.94015314e+01 -7.15074150e-03  6.94015314e+01  3.98425021e-01 
 7.02052711e+01 -7.14575596e-03  7.02052711e+01  3.93681355e-01 
 7.10183190e+01 -7.14088380e-03  7.10183190e+01  3.88989876e-01 
 7.18407828e+01 -7.13612245e-03  7.18407828e+01  3.84349963e-01 
 7.26727715e+01 -7.13146937e-03  7.26727715e+01  3.79761002e-01 
 7.35143955e+01 -7.12692211e-03  7.35143955e+01  3.75222383e-01 
 7.43657664e+01 -7.12247827e-03  7.43657664e+01  3.70733506e-01 
 7.52269970e+01 -7.11813548e-03  7.52269970e+01  3.66293775e-01 
 7.60982015e+01 -7.11389145e-03  7.60982015e+01  3.61902602e-01 
 7.69794955e+01 -7.10974393e-03  7.69794955e+01  3.57559406e-01 
 7.78709957e+01 -7.10569072e-03  7.78709957e+01  3.53263609e-01 
 7.87728204e+01 -7.10172969e-03  7.87728204e+01  3.49014644e-01 
 7.96850891e+01 -7.09785873e-03  7.96850891e+01  3.44811947e-01 
 8.06079229e+01 -7.09407579e-03  8.06079229e+01  3.40654961e-01 
 8.15414439e+01 -7.09037886e-03  8.15414439e+01  3.36543135e-01 
 8.24857761e+01 -7.08676600e-03  8.24857761e+01  3.32475924e-01 
 8.34410446e+01 -7.08323529e-03  8.34410446e+01  3.28452789e-01 
 8.44073761e+01 -7.07978486e-03  8.44073761e+01  3.24473197e-01 
 8.53848987e+01 -7.07641288e-03  8.53848987e+01  3.20536620e-01 
 8.63737419e+01 -7.07311756e-03  8.63737419e+01  3.16642536e-01 
 8.73740370e+01 -7.06989716e-03  8.73740370e+01  3.12790430e-01 
 8.83859165e+01 -7.06674998e-03  8.83859165e+01  3.08979790e-01 
 8.94095146e+01 -7.06367434e-03  8.94095146e+01  3.05210112e-01 
 9.04449670e+01 -7.06066863e-03  9.04449670e+01  3.01480896e-01 
 9.14924110e+01 -7.05773124e-03  9.14924110e+01  2.97791648e-01 
 9.25519854e+01 -7.05486062e-03  9.25519854e+01  2.94141878e-01 
 9.36238307e+01 -7.05205525e-03  9.36238307e+01  2.90531104e-01 
 9.47080892e+01 -7.04931365e-03  9.47080892e+01  2.86958845e-01 
 9.58049044e+01 -7.04663436e-03  9.58049044e+01  2.83424630e-01 
 9.69144218e+01 -7.04401597e-03  9.69144218e+01  2.79927989e-01 
 9.80367886e+01 -7.04145708e-03  9.80367886e+01  2.76468458e-01 
 9.91721535e+01 -7.03895634e-03  9.91721535e+01  2.73045580e-01 
 1.00320667e+02 -7.03651242e-03  1.00320667e+02  2.69658901e-01 
 1.01482482e+02 -7.03412404e-03  1.01482482e+02  2.66307971e-01 
 1.02657751e+02 -7.03178992e-03  1.02657751e+02  2.62992346e-01 
 1.03846632e+02 -7.02950884e-03  1.03846632e+02  2.59711588e-01 
 1.05049280e+02 -7.02727957e-03  1.05049280e+02  2.56465260e-01 
 1.06265857e+02 -7.02510095e-03  1.06265857e+02  2.53252934e-01 
 1.07496523e+02 -7.02297181e-03  1.07496523e+02  2.50074182e-01 
 1.08741441e+02 -7.02089103e-03  1.08741441e+02  2.46928583e-01 
 1.10000777e+02 -7.01885751e-03  1.10000777e+02  2.43815722e-01 
 1.11274697e+02 -7.01687016e-03  1.11274697e+02  2.40735184e-01 
 1.12563370e+02 -7.01492794e-03  1.12563370e+02  2.37686561e-01 
 1.13866967e+02 -7.01302981e-03  1.13866967e+02  2.34669451e-01 
 1.15185661e+02 -7.01117478e-03  1.15185661e+02  2.31683451e-01 
 1.16519628e+02 -7.00936185e-03  1.16519628e+02  2.28728168e-01 
 1.17869043e+02 -7.00759007e-03  1.17869043e+02  2.25803208e-01 
 1.19234085e+02 -7.00585850e-03  1.19234085e+02  2.22908184e-01 
 1.20614936e+02 -7.00416621e-03  1.20614936e+02  2.20042713e-01 
 1.22011779e+02 -7.00251233e-03  1.22011779e+02  2.17206414e-01 
 1.23424798e+02 -7.00089595e-03  1.23424798e+02  2.14398912e-01 
 1.24854182e+02 -6.99931624e-03  1.24854182e+02  2.11619834e-01 
 1.26300119e+02 -6.99777236e-03  1.26300119e+02  2.08868812e-01 
 1.27762802e+02 -6.99626348e-03  1.27762802e+02  2.06145481e-01 
 1.29242424e+02 -6.99478880e-03  1.29242424e+02  2.03449480e-01 
 1.30739182e+02 -6.99334755e-03  1.30739182e+02  2.00780453e-01 
 1.32253273e+02 -6.99193896e-03  1.32253273e+02  1.98138044e-01 
 1.33784900e+02 -6.99056229e-03  1.33784900e+02  1.95521904e-01 
 1.35334264e+02 -6.98921680e-03  1.35334264e+02  1.92931686e-01 
 1.36901571e+02 -6.98790178e-03  1.36901571e+02  1.90367046e-01 
 1.38487029e+02 -6.98661654e-03  1.38487029e+02  1.87827645e-01 
 1.40090849e+02 -6.98536039e-03  1.40090849e+02  1.85313146e-01 
 1.41713242e+02 -6.98413266e-03  1.41713242e+02  1.82823215e-01 
 1.43354425e+02 -6.98293272e-03  1.43354425e+02  1.80357523e-01 
 1.45014614e+02 -6.98175991e-03  1.45014614e+02  1.77915742e-01 
 1.46694029e+02 -6.98061363e-03  1.46694029e+02  1.75497550e-01 
 1.48392894e+02 -6.97949325e-03  1.48392894e+02  1.73102624e-01 
 1.50111433e+02 -6.97839820e-03  1.50111433e+02  1.70730648e-01 
 1.51849875e+02 -6.97732788e-03  1.51849875e+02  1.68381308e-01 
 1.53608450e+02 -6.97628173e-03  1.53608450e+02  1.66054291e-01 
 1.55387391e+02 -6.97525920e-03  1.55387391e+02  1.63749290e-01 
 1.57186933e+02 -6.97425974e-03  1.57186933e+02  1.61465998e-01 
 1.59007317e+02 -6.97328283e-03  1.59007317e+02  1.59204114e-01 
 1.60848782e+02 -6.97232794e-03  1.60848782e+02  1.56963337e-01 
 1.62711573e+02 -6.97139457e-03  1.62711573e+02  1.54743370e-01 
 1.64595937e+02 -6.97048223e-03  1.64595937e+02  1.52543919e-01 
 1.66502124e+02 -6.96959043e-03  1.66502124e+02  1.50364692e-01 
 1.68430387e+02 -6.96871870e-03  1.68430387e+02  1.48205400e-01 
 1.70380981e+02 -6.96786657e-03  1.70380981e+02  1.46065758e-01 
 1.72354164e+02 -6.96703360e-03  1.72354164e+02  1.43945481e-01 
 1.74350199e+02 -6.96621935e-03  1.74350199e+02  1.41844288e-01 
 1.76369351e+02 -6.96542337e-03  1.76369351e+02  1.39761901e-01 
 1.78411886e+02 -6.96464526e-03  1.78411886e+02  1.37698043e-01 
 1.80478075e+02 -6.96388459e-03  1.80478075e+02  1.35652442e-01 
 1.82568193e+02 -6.96314097e-03  1.82568193e+02  1.33624826e-01 
 1.84682517e+02 -6.96241400e-03  1.84682517e+02  1.31614925e-01 
 1.86821327e+02 -6.96170329e-03  1.86821327e+02  1.29622475e-01 
 1.88984907e+02 -6.96100847e-03  1.88984907e+02  1.27647209e-01 
 1.91173543e+02 -6.96032917e-03  1.91173543e+02  1.25688868e-01 
 1.93387525e+02 -6.95966502e-03  1.93387525e+02  1.23747190e-01 
 1.95627148e+02 -6.95901569e-03  1.95627148e+02  1.21821919e-01 
 1.97892707e+02 -6.95838082e-03  1.97892707e+02  1.19912799e-01 
 2.00184505e+02 -6.95776007e-03  2.00184505e+02  1.18019577e-01 
 2.02502843e+02 -6.95715313e-03  2.02502843e+02  1.16142002e-01 
 2.04848030e+02 -6.95655965e-03  2.04848030e+02  1.14279825e-01 
 2.07220377e+02 -6.95597934e-03  2.07220377e+02  1.12432800e-01 
 2.09620198e+02 -6.95541188e-03  2.09620198e+02  1.10600682e-01 
 2.12047812e+02 -6.95485698e-03  2.12047812e+02  1.08783227e-01 
 2.14503539e+02 -6.95431433e-03  2.14503539e+02  1.06980194e-01 
 2.16987707e+02 -6.95378365e-03  2.16987707e+02  1.05191345e-01 
 2.19500643e+02 -6.95326466e-03  2.19500643e+02  1.03416443e-01 
 2.22042682e+02 -6.95275709e-03  2.22042682e+02  1.01655252e-01 
 2.24614160e+02 -6.95226066e-03  2.24614160e+02  9.99075381e-02 
 2.27215419e+02 -6.95177511e-03  2.27215419e+02  9.81730703e-02 
 2.29846803e+02 -6.95130019e-03  2.29846803e+02  9.64516184e-02 
 2.32508661e+02 -6.95083564e-03  2.32508661e+02  9.47429543e-02 
 2.35201345e+02 -6.95038121e-03  2.35201345e+02  9.30468513e-02 
 2.37925214e+02 -6.94993667e-03  2.37925214e+02  9.13630847e-02 
 2.40680628e+02 -6.94950178e-03  2.40680628e+02  8.96914312e-02 
 2.43467953e+02 -6.94907630e-03  2.43467953e+02  8.80316691e-02 
 2.46287557e+02 -6.94866003e-03  2.46287557e+02  8.63835784e-02 
 2.49139816e+02 -6.94825272e-03  2.49139816e+02  8.47469406e-02 
 2.52025106e+02 -6.94785417e-03  2.52025106e+02  8.31215387e-02 
 2.54943811e+02 -6.94746416e-03  2.54943811e+02  8.15071572e-02 
 2.57896318e+02 -6.94708250e-03  2.57896318e+02  7.99035821e-02 
 2.60883017e+02 -6.94670896e-03  2.60883017e+02  7.83106008e-02 
 2.63904306e+02 -6.94634337e-03  2.63904306e+02  7.67280021e-02 
 2.66960584e+02 -6.94598552e-03  2.66960584e+02  7.51555761e-02 
 2.70052257e+02 -6.94563523e-03  2.70052257e+02  7.35931144e-02 
 2.73179734e+02 -6.94529230e-03  2.73179734e+02  7.20404099e-02 
 2.76343431e+02 -6.94495656e-03  2.76343431e+02  7.04972566e-02 
 2.79543767e+02 -6.94462783e-03  2.79543767e+02  6.89634500e-02 
 2.82781166e+02 -6.94430593e-03  2.82781166e+02  6.74387867e-02 
 2.86056057e+02 -6.94399070e-03  2.86056057e+02  6.59230646e-02 
 2.89368875e+02 -6.94368197e-03  2.89368875e+02  6.44160827e-02 
 2.92720058e+02 -6.94337956e-03  2.92720058e+02  6.29176412e-02 
 2.96110052e+02 -6.94308333e-03  2.96110052e+02  6.14275415e-02 
 2.99539305e+02 -6.94279312e-03  2.99539305e+02  5.99455861e-02 
 3.03008272e+02 -6.94250876e-03  3.03008272e+02  5.84715783e-02 
 3.06517414e+02 -6.94223012e-03  3.06517414e+02  5.70053228e-02 
 3.10067195e+02 -6.94195704e-03  3.10067195e+02  5.55466253e-02 
 3.13658086e+02 -6.94168938e-03  3.13658086e+02  5.40952922e-02 
 3.17290563e+02 -6.94142699e-03  3.17290563e+02  5.26511312e-02 
 3.20965108e+02 -6.94116974e-03  3.20965108e+02  5.12139508e-02 
 3.24682207e+02 -6.94091749e-03  3.24682207e+02  4.97835605e-02 
 3.28442355e+02 -6.94067011e-03  3.28442355e+02  4.83597705e-02 
 3.32246049e+02 -6.94042747e-03  3.32246049e+02  4.69423923e-02 
 3.36093793e+02 -6.94018943e-03  3.36093793e+02  4.55312377e-02 
 3.39986099e+02 -6.93995587e-03  3.39986099e+02  4.41261198e-02 
 3.43923481e+02 -6.93972667e-03  3.43923481e+02  4.27268523e-02 
 3.47906461e+02 -6.93950170e-03  3.47906461e+02  4.13332496e-02 
 3.51935569e+02 -6.93928085e-03  3.51935569e+02  3.99451269e-02 
 3.56011338e+02 -6.93906400e-03  3.56011338e+02  3.85623002e-02 
 3.60134309e+02 -6.93885104e-03  3.60134309e+02  3.71845862e-02 
 3.64305027e+02 -6.93864184e-03  3.64305027e+02  3.58118022e-02 
 3.68524047e+02 -6.93843631e-03  3.68524047e+02  3.44437662e-02 
 3.72791927e+02 -6.93823432e-03  3.72791927e+02  3.30802969e-02 
 3.77109234e+02 -6.93803578e-03  3.77109234e+02  3.17212134e-02 
 3.81476539e+02 -6.93784058e-03  3.81476539e+02  3.03663355e-02 
 3.85894423e+02 -6.93764862e-03  3.85894423e+02  2.90154837e-02 
 3.90363469e+02 -6.93745978e-03  3.90363469e+02  2.76684788e-02 
 3.94884272e+02 -6.93727398e-03  3.94884272e+02  2.63251422e-02 
 3.99457430e+02 -6.93709112e-03  3.99457430e+02  2.49852959e-02 
 4.04083550e+02 -6.93691109e-03  4.04083550e+02  2.36487621e-02 
 4.08763246e+02 -6.93673381e-03  4.08763246e+02  2.23153638e-02 
 4.13497136e+02 -6.93655917e-03  4.13497136e+02  2.09849240e-02 
 4.18285850e+02 -6.93638709e-03  4.18285850e+02  1.96572665e-02 
 4.23130023e+02 -6.93621748e-03  4.23130023e+02  1.83322151e-02 
 4.28030295e+02 -6.93605023e-03  4.28030295e+02  1.70095942e-02 
 4.32987318e+02 -6.93588528e-03  4.32987318e+02  1.56892285e-02 
 4.38001748e+02 -6.93572252e-03  4.38001748e+02  1.43709428e-02 
 4.43074250e+02 -6.93556188e-03  4.43074250e+02  1.30545625e-02 
 4.48205497e+02 -6.93540326e-03  4.48205497e+02  1.17399129e-02 
 4.53396168e+02 -6.93524658e-03  4.53396168e+02  1.04268197e-02 
 4.58646954e+02 -6.93509176e-03  4.58646954e+02  9.11510897e-03 
 4.63958548e+02 -6.93493873e-03  4.63958548e+02  7.80460666e-03 
 4.69331656e+02 -6.93478738e-03  4.69331656e+02  6.49513906e-03 
 4.74766990e+02 -6.93463766e-03  4.74766990e+02  5.18653254e-03 
 4.80265271e+02 -6.93448947e-03  4.80265271e+02  3.87861361e-03 
 4.85827227e+02 -6.93434273e-03  4.85827227e+02  2.57120886e-03 
 4.91453597e+02 -6.93419738e-03  4.91453597e+02  1.26414495e-03 
 4.97145125e+02 -6.93405333e-03  4.97145125e+02 -4.27514234e-05 
 5.02902567e+02 -6.93391051e-03  5.02902567e+02 -1.34965353e-03 
 5.08726686e+02 -6.93376884e-03  5.08726686e+02 -2.65673465e-03 
 5.14618255e+02 -6.93362825e-03  5.14618255e+02 -3.96416808e-03 
 5.20578053e+02 -6.93348865e-03  5.20578053e+02 -5.27212716e-03 
 5.26606872e+02 -6.93334999e-03  5.26606872e+02 -6.58078532e-03 
 5.32705511e+02 -6.93321218e-03  5.32705511e+02 -7.89031605e-03 
 5.38874778e+02 -6.93307514e-03  5.38874778e+02 -9.20089299e-03 
 5.45115492e+02 -6.93293882e-03  5.45115492e+02 -1.05126899e-02 
 5.51428479e+02 -6.93280313e-03  5.51428479e+02 -1.18258807e-02 
 5.57814577e+02 -6.93266801e-03  5.57814577e+02 -1.31406395e-02 
 5.64274633e+02 -6.93253338e-03  5.64274633e+02 -1.44571406e-02 
 5.70809503e+02 -6.93239917e-03  5.70809503e+02 -1.57755586e-02 
 5.77420053e+02 -6.93226530e-03  5.77420053e+02 -1.70960682e-02 
 5.84107159e+02 -6.93213172e-03  5.84107159e+02 -1.84188446e-02 
 5.90871709e+02 -6.93199834e-03  5.90871709e+02 -1.97440632e-02 
 5.97714600e+02 -6.93186511e-03  5.97714600e+02 -2.10718996e-02 
 6.04636738e+02 -6.93173193e-03  6.04636738e+02 -2.24025298e-02 
 6.11639042e+02 -6.93159876e-03  6.11639042e+02 -2.37361304e-02 
 6.18722439e+02 -6.93146551e-03  6.18722439e+02 -2.50728781e-02 
 6.25887869e+02 -6.93133211e-03  6.25887869e+02 -2.64129502e-02 
 6.33136282e+02 -6.93119850e-03  6.33136282e+02 -2.77565243e-02 
 6.40468639e+02 -6.93106459e-03  6.40468639e+02 -2.91037786e-02 
 6.47885912e+02 -6.93093034e-03  6.47885912e+02 -3.04548917e-02 
 6.55389084e+02 -6.93079565e-03  6.55389084e+02 -3.18100427e-02 
 6.62979151e+02 -6.93066046e-03  6.62979151e+02 -3.31694114e-02 
 6.70657118e+02 -6.93052470e-03  6.70657118e+02 -3.45331779e-02 
 6.78424004e+02 -6.93038829e-03  6.78424004e+02 -3.59015231e-02 
 6.86280839e+02 -6.93025117e-03  6.86280839e+02 -3.72746284e-02 
 6.94228663e+02 -6.93011325e-03  6.94228663e+02 -3.86526758e-02 
 7.02268532e+02 -6.92997448e-03  7.02268532e+02 -4.00358481e-02 
 7.10401510e+02 -6.92983477e-03  7.10401510e+02 -4.14243286e-02 
 7.18628676e+02 -6.92969404e-03  7.18628676e+02 -4.28183015e-02 
 7.26951121e+02 -6.92955223e-03  7.26951121e+02 -4.42179515e-02 
 7.35369948e+02 -6.92940927e-03  7.35369948e+02 -4.56234643e-02 
 7.43886274e+02 -6.92926506e-03  7.43886274e+02 -4.70350262e-02 
 7.52501228e+02 -6.92911955e-03  7.52501228e+02 -4.84528244e-02 
 7.61215951e+02 -6.92897264e-03  7.61215951e+02 -4.98770468e-02 
 7.70031600e+02 -6.92882427e-03  7.70031600e+02 -5.13078822e-02 
 7.78949343e+02 -6.92867435e-03  7.78949343e+02 -5.27455205e-02 
 7.87970362e+02 -6.92852280e-03  7.87970362e+02 -5.41901521e-02 
 7.97095854e+02 -6.92836955e-03  7.97095854e+02 -5.56419687e-02 
 8.06327028e+02 -6.92821451e-03  8.06327028e+02 -5.71011627e-02 
 8.15665108e+02 -6.92805760e-03  8.15665108e+02 -5.85679276e-02 
 8.25111333e+02 -6.92789874e-03  8.25111333e+02 -6.00424579e-02 
 8.34666955e+02 -6.92773784e-03  8.34666955e+02 -6.15249490e-02 
 8.44333240e+02 -6.92757481e-03  8.44333240e+02 -6.30155976e-02 
 8.54111471e+02 -6.92740958e-03  8.54111471e+02 -6.45146013e-02 
 8.64002944e+02 -6.92724205e-03  8.64002944e+02 -6.60221589e-02 
 8.74008970e+02 -6.92707214e-03  8.74008970e+02 -6.75384701e-02 
 8.84130875e+02 -6.92689975e-03  8.84130875e+02 -6.90637362e-02 
 8.94370003e+02 -6.92672480e-03  8.94370003e+02 -7.05981592e-02 
 9.04727710e+02 -6.92654718e-03  9.04727710e+02 -7.21419427e-02 
 9.15205369e+02 -6.92636681e-03  9.15205369e+02 -7.36952914e-02 
 9.25804371e+02 -6.92618359e-03  9.25804371e+02 -7.52584111e-02 
 9.36526119e+02 -6.92599743e-03  9.36526119e+02 -7.68315092e-02 
 9.47372037e+02 -6.92580822e-03  9.47372037e+02 -7.84147942e-02 
 9.58343561e+02 -6.92561586e-03  9.58343561e+02 -8.00084761e-02 
 9.69442146e+02 -6.92542026e-03  9.69442146e+02 -8.16127662e-02 
 9.80669264e+02 -6.92522130e-03  9.80669264e+02 -8.32278772e-02 
 9.92026404e+02 -6.92501889e-03  9.92026404e+02 -8.48540232e-02 
 1.00351507e+03 -6.92481291e-03  1.00351507e+03 -8.64914198e-02 
 1.01513679e+03 -6.92460326e-03  1.01513679e+03 -8.81402842e-02 
 1.02689310e+03 -6.92438982e-03  1.02689310e+03 -8.98008350e-02 
 1.03878555e+03 -6.92417249e-03  1.03878555e+03 -9.14732923e-02 
 1.05081574e+03 -6.92395114e-03  1.05081574e+03 -9.31578779e-02 
 1.06298524e+03 -6.92372567e-03  1.06298524e+03 -9.48548152e-02 
 1.07529569e+03 -6.92349594e-03  1.07529569e+03 -9.65643292e-02 
 1.08774869e+03 -6.92326184e-03  1.08774869e+03 -9.82866465e-02 
 1.10034592e+03 -6.92302325e-03  1.10034592e+03 -1.00021995e-01 
 1.11308904e+03 -6.92278003e-03  1.11308904e+03 -1.01770606e-01 
 1.12597973e+03 -6.92253206e-03  1.12597973e+03 -1.03532711e-01 
 1.13901971e+03 -6.92227921e-03  1.13901971e+03 -1.05308543e-01 
 1.15221071e+03 -6.92202134e-03  1.15221071e+03 -1.07098337e-01 
 1.16555447e+03 -6.92175831e-03  1.16555447e+03 -1.08902332e-01 
 1.17905277e+03 -6.92148999e-03  1.17905277e+03 -1.10720766e-01 
 1.19270739e+03 -6.92121624e-03  1.19270739e+03 -1.12553880e-01 
 1.20652015e+03 -6.92093691e-03  1.20652015e+03 -1.14401918e-01 
 1.22049287e+03 -6.92065185e-03  1.22049287e+03 -1.16265124e-01 
 1.23462740e+03 -6.92036090e-03  1.23462740e+03 -1.18143746e-01 
 1.24892564e+03 -6.92006393e-03  1.24892564e+03 -1.20038032e-01 
 1.26338945e+03 -6.91976076e-03  1.26338945e+03 -1.21948234e-01 
 1.27802078e+03 -6.91945124e-03  1.27802078e+03 -1.23874606e-01 
 1.29282155e+03 -6.91913520e-03  1.29282155e+03 -1.25817402e-01 
 1.30779373e+03 -6.91881248e-03  1.30779373e+03 -1.27776880e-01 
 1.32293930e+03 -6.91848290e-03  1.32293930e+03 -1.29753300e-01 
 1.33826027e+03 -6.91814629e-03  1.33826027e+03 -1.31746924e-01 
 1.35375867e+03 -6.91780248e-03  1.35375867e+03 -1.33758016e-01 
 1.36943656e+03 -6.91745127e-03  1.36943656e+03 -1.35786844e-01 
 1.38529602e+03 -6.91709249e-03  1.38529602e+03 -1.37833675e-01 
 1.40133915e+03 -6.91672593e-03  1.40133915e+03 -1.39898782e-01 
 1.41756807e+03 -6.91635142e-03  1.41756807e+03 -1.41982439e-01 
 1.43398494e+03 -6.91596875e-03  1.43398494e+03 -1.44084921e-01 
 1.45059193e+03 -6.91557771e-03  1.45059193e+03 -1.46206507e-01 
 1.46739125e+03 -6.91517810e-03  1.46739125e+03 -1.48347479e-01 
 1.48438512e+03 -6.91476971e-03  1.48438512e+03 -1.50508121e-01 
 1.50157580e+03 -6.91435233e-03  1.50157580e+03 -1.52688719e-01 
 1.51896556e+03 -6.91392572e-03  1.51896556e+03 -1.54889562e-01 
 1.53655671e+03 -6.91348966e-03  1.53655671e+03 -1.57110942e-01 
 1.55435159e+03 -6.91304393e-03  1.55435159e+03 -1.59353154e-01 
 1.57235255e+03 -6.91258828e-03  1.57235255e+03 -1.61616495e-01 
 1.59056198e+03 -6.91212248e-03  1.59056198e+03 -1.63901265e-01 
 1.60898229e+03 -6.91164628e-03  1.60898229e+03 -1.66207768e-01 
 1.62761593e+03 -6.91115942e-03  1.62761593e+03 -1.68536308e-01 
 1.64646536e+03 -6.91066165e-03  1.64646536e+03 -1.70887195e-01 
 1.66553309e+03 -6.91015270e-03  1.66553309e+03 -1.73260740e-01 
 1.68482165e+03 -6.90963230e-03  1.68482165e+03 -1.75657259e-01 
 1.70433358e+03 -6.90910018e-03  1.70433358e+03 -1.78077068e-01 
 1.72407148e+03 -6.90855606e-03  1.72407148e+03 -1.80520490e-01 
 1.74403797e+03 -6.90799964e-03  1.74403797e+03 -1.82987847e-01 
 1.76423569e+03 -6.90743064e-03  1.76423569e+03 -1.85479468e-01 
 1.78466732e+03 -6.90684875e-03  1.78466732e+03 -1.87995682e-01 
 1.80533557e+03 -6.90625365e-03  1.80533557e+03 -1.90536823e-01 
 1.82624317e+03 -6.90564505e-03  1.82624317e+03 -1.93103229e-01 
 1.84739291e+03 -6.90502260e-03  1.84739291e+03 -1.95695239e-01 
 1.86878759e+03 -6.90438600e-03  1.86878759e+03 -1.98313197e-01 
 1.89043003e+03 -6.90373488e-03  1.89043003e+03 -2.00957451e-01 
 1.91232312e+03 -6.90306892e-03  1.91232312e+03 -2.03628351e-01 
 1.93446975e+03 -6.90238776e-03  1.93446975e+03 -2.06326251e-01 
 1.95687286e+03 -6.90169103e-03  1.95687286e+03 -2.09051509e-01 
 1.97953542e+03 -6.90097837e-03  1.97953542e+03 -2.11804487e-01 
 2.00246044e+03 -6.90024940e-03  2.00246044e+03 -2.14585549e-01 
 2.02565095e+03 -6.89950374e-03  2.02565095e+03 -2.17395064e-01 
 2.04911003e+03 -6.89874098e-03  2.04911003e+03 -2.20233406e-01 
 2.07284080e+03 -6.89796073e-03  2.07284080e+03 -2.23100950e-01 
 2.09684638e+03 -6.89716257e-03  2.09684638e+03 -2.25998077e-01 
 2.12112998e+03 -6.89634607e-03  2.12112998e+03 -2.28925171e-01 
 2.14569480e+03 -6.89551081e-03  2.14569480e+03 -2.31882620e-01 
 2.17054412e+03 -6.89465634e-03  2.17054412e+03 -2.34870816e-01 
 2.19568121e+03 -6.89378221e-03  2.19568121e+03 -2.37890156e-01 
 2.22110941e+03 -6.89288796e-03  2.22110941e+03 -2.40941040e-01 
 2.24683210e+03 -6.89197310e-03  2.24683210e+03 -2.44023872e-01 
 2.27285268e+03 -6.89103717e-03  2.27285268e+03 -2.47139063e-01 
 2.29917461e+03 -6.89007965e-03  2.29917461e+03 -2.50287024e-01 
 2.32580137e+03 -6.88910005e-03  2.32580137e+03 -2.53468173e-01 
 2.35273649e+03 -6.88809784e-03  2.35273649e+03 -2.56682932e-01 
 2.37998356e+03 -6.88707250e-03  2.37998356e+03 -2.59931728e-01 
 2.40754617e+03 -6.88602348e-03  2.40754617e+03 -2.63214992e-01 
 2.43542798e+03 -6.88495022e-03  2.43542798e+03 -2.66533158e-01 
 2.46363269e+03 -6.88385215e-03  2.46363269e+03 -2.69886668e-01 
 2.49216405e+03 -6.88272870e-03  2.49216405e+03 -2.73275965e-01 
 2.52102582e+03 -6.88157927e-03  2.52102582e+03 -2.76701499e-01 
 2.55022184e+03 -6.88040324e-03  2.55022184e+03 -2.80163726e-01 
 2.57975598e+03 -6.87920000e-03  2.57975598e+03 -2.83663103e-01 
 2.60963216e+03 -6.87796891e-03  2.60963216e+03 -2.87200095e-01 
 2.63985434e+03 -6.87670932e-03  2.63985434e+03 -2.90775172e-01 
 2.67042651e+03 -6.87542055e-03  2.67042651e+03 -2.94388807e-01 
 2.70135274e+03 -6.87410193e-03  2.70135274e+03 -2.98041480e-01 
 2.73263713e+03 -6.87275275e-03  2.73263713e+03 -3.01733675e-01 
 2.76428383e+03 -6.87137231e-03  2.76428383e+03 -3.05465882e-01 
 2.79629703e+03 -6.86995987e-03  2.79629703e+03 -3.09238597e-01 
 2.82868097e+03 -6.86851468e-03  2.82868097e+03 -3.13052319e-01 
 2.86143995e+03 -6.86703598e-03  2.86143995e+03 -3.16907554e-01 
 2.89457831e+03 -6.86552299e-03  2.89457831e+03 -3.20804815e-01 
 2.92810044e+03 -6.86397489e-03  2.92810044e+03 -3.24744617e-01 
 2.96201080e+03 -6.86239088e-03  2.96201080e+03 -3.28727484e-01 
 2.99631387e+03 -6.86077011e-03  2.99631387e+03 -3.32753944e-01 
 3.03101421e+03 -6.85911172e-03  3.03101421e+03 -3.36824531e-01 
 3.06611641e+03 -6.85741484e-03  3.06611641e+03 -3.40939785e-01 
 3.10162514e+03 -6.85567857e-03  3.10162514e+03 -3.45100252e-01 
 3.13754508e+03 -6.85390198e-03  3.13754508e+03 -3.49306484e-01 
 3.17388102e+03 -6.85208415e-03  3.17388102e+03 -3.53559039e-01 
 3.21063777e+03 -6.85022409e-03  3.21063777e+03 -3.57858482e-01 
 3.24782019e+03 -6.84832084e-03  3.24782019e+03 -3.62205382e-01 
 3.28543323e+03 -6.84637338e-03  3.28543323e+03 -3.66600316e-01 
 3.32348186e+03 -6.84438067e-03  3.32348186e+03 -3.71043868e-01 
 3.36197113e+03 -6.84234167e-03  3.36197113e+03 -3.75536627e-01 
 3.40090615e+03 -6.84025530e-03  3.40090615e+03 -3.80079189e-01 
 3.44029207e+03 -6.83812044e-03  3.44029207e+03 -3.84672157e-01 
 3.48013412e+03 -6.83593598e-03  3.48013412e+03 -3.89316141e-01 
 3.52043759e+03 -6.83370075e-03  3.52043759e+03 -3.94011756e-01 
 3.56120781e+03 -6.83141357e-03  3.56120781e+03 -3.98759625e-01 
 3.60245019e+03 -6.82907322e-03  3.60245019e+03 -4.03560379e-01 
 3.64417019e+03 -6.82667848e-03  3.64417019e+03 -4.08414655e-01 
 3.68637336e+03 -6.82422807e-03  3.68637336e+03 -4.13323096e-01 
 3.72906528e+03 -6.82172069e-03  3.72906528e+03 -4.18286355e-01 
 3.77225162e+03 -6.81915503e-03  3.77225162e+03 -4.23305089e-01 
 3.81593810e+03 -6.81652971e-03  3.81593810e+03 -4.28379966e-01 
 3.86013052e+03 -6.81384335e-03  3.86013052e+03 -4.33511657e-01 
 3.90483472e+03 -6.81109453e-03  3.90483472e+03 -4.38700845e-01 
 3.95005665e+03 -6.80828179e-03  3.95005665e+03 -4.43948218e-01 
 3.99580229e+03 -6.80540365e-03  3.99580229e+03 -4.49254473e-01 
 4.04207771e+03 -6.80245858e-03  4.04207771e+03 -4.54620313e-01 
 4.08888905e+03 -6.79944503e-03  4.08888905e+03 -4.60046452e-01 
 4.13624251e+03 -6.79636139e-03  4.13624251e+03 -4.65533608e-01 
 4.18414437e+03 -6.79320605e-03  4.18414437e+03 -4.71082511e-01 
 4.23260098e+03 -6.78997732e-03  4.23260098e+03 -4.76693897e-01 
 4.28161877e+03 -6.78667350e-03  4.28161877e+03 -4.82368510e-01 
 4.33120424e+03 -6.78329284e-03  4.33120424e+03 -4.88107105e-01 
 4.38136395e+03 -6.77983356e-03  4.38136395e+03 -4.93910443e-01 
 4.43210457e+03 -6.77629382e-03  4.43210457e+03 -4.99779294e-01 
 4.48343281e+03 -6.77267175e-03  4.48343281e+03 -5.05714438e-01 
 4.53535548e+03 -6.76896544e-03  4.53535548e+03 -5.11716662e-01 
 4.58787948e+03 -6.76517293e-03  4.58787948e+03 -5.17786763e-01 
 4.64101175e+03 -6.76129221e-03  4.64101175e+03 -5.23925547e-01 
 4.69475935e+03 -6.75732123e-03  4.69475935e+03 -5.30133830e-01 
 4.74912940e+03 -6.75325788e-03  4.74912940e+03 -5.36412435e-01 
 4.80412911e+03 -6.74910003e-03  4.80412911e+03 -5.42762196e-01 
 4.85976577e+03 -6.74484547e-03  4.85976577e+03 -5.49183957e-01 
 4.91604676e+03 -6.74049196e-03  4.91604676e+03 -5.55678570e-01 
 4.97297954e+03 -6.73603719e-03  4.97297954e+03 -5.62246898e-01 
 5.03057166e+03 -6.73147881e-03  5.03057166e+03 -5.68889812e-01 
 5.08883076e+03 -6.72681440e-03  5.08883076e+03 -5.75608195e-01 
 5.14776455e+03 -6.72204151e-03  5.14776455e+03 -5.82402940e-01 
 5.20738086e+03 -6.71715762e-03  5.20738086e+03 -5.89274948e-01 
 5.26768758e+03 -6.71216013e-03  5.26768758e+03 -5.96225133e-01 
 5.32869272e+03 -6.70704642e-03  5.32869272e+03 -6.03254418e-01 
 5.39040436e+03 -6.70181378e-03  5.39040436e+03 -6.10363736e-01 
 5.45283068e+03 -6.69645945e-03  5.45283068e+03 -6.17554032e-01 
 5.51597996e+03 -6.69098059e-03  5.51597996e+03 -6.24826261e-01 
 5.57986057e+03 -6.68537432e-03  5.57986057e+03 -6.32181389e-01 
 5.64448099e+03 -6.67963768e-03  5.64448099e+03 -6.39620393e-01 
 5.70984977e+03 -6.67376763e-03  5.70984977e+03 -6.47144262e-01 
 5.77597559e+03 -6.66776108e-03  5.77597559e+03 -6.54753995e-01 
 5.84286722e+03 -6.66161485e-03  5.84286722e+03 -6.62450604e-01 
 5.91053351e+03 -6.65532571e-03  5.91053351e+03 -6.70235111e-01 
 5.97898345e+03 -6.64889032e-03  5.97898345e+03 -6.78108550e-01 
 6.04822611e+03 -6.64230531e-03  6.04822611e+03 -6.86071969e-01 
 6.11827067e+03 -6.63556718e-03  6.11827067e+03 -6.94126425e-01 
 6.18912642e+03 -6.62867240e-03  6.18912642e+03 -7.02272989e-01 
 6.26080275e+03 -6.62161731e-03  6.26080275e+03 -7.10512744e-01 
 6.33330916e+03 -6.61439820e-03  6.33330916e+03 -7.18846784e-01 
 6.40665527e+03 -6.60701126e-03  6.40665527e+03 -7.27276219e-01 
 6.48085080e+03 -6.59945260e-03  6.48085080e+03 -7.35802169e-01 
 6.55590559e+03 -6.59171823e-03  6.55590559e+03 -7.44425766e-01 
 6.63182959e+03 -6.58380407e-03  6.63182959e+03 -7.53148158e-01 
 6.70863287e+03 -6.57570595e-03  6.70863287e+03 -7.61970505e-01 
 6.78632561e+03 -6.56741961e-03  6.78632561e+03 -7.70893980e-01 
 6.86491811e+03 -6.55894067e-03  6.86491811e+03 -7.79919769e-01 
 6.94442078e+03 -6.55026467e-03  6.94442078e+03 -7.89049072e-01 
 7.02484418e+03 -6.54138704e-03  7.02484418e+03 -7.98283105e-01 
 7.10619897e+03 -6.53230311e-03  7.10619897e+03 -8.07623095e-01 
 7.18849592e+03 -6.52300808e-03  7.18849592e+03 -8.17070285e-01 
 7.27174595e+03 -6.51349706e-03  7.27174595e+03 -8.26625932e-01 
 7.35596011e+03 -6.50376506e-03  7.35596011e+03 -8.36291306e-01 
 7.44114955e+03 -6.49380694e-03  7.44114955e+03 -8.46067695e-01 
 7.52732557e+03 -6.48361746e-03  7.52732557e+03 -8.55956398e-01 
 7.61449959e+03 -6.47319127e-03  7.61449959e+03 -8.65958732e-01 
 7.70268318e+03 -6.46252288e-03  7.70268318e+03 -8.76076029e-01 
 7.79188802e+03 -6.45160667e-03  7.79188802e+03 -8.86309634e-01 
 7.88212595e+03 -6.44043691e-03  7.88212595e+03 -8.96660911e-01 
 7.97340892e+03 -6.42900772e-03  7.97340892e+03 -9.07131236e-01 
 8.06574904e+03 -6.41731310e-03  8.06574904e+03 -9.17722005e-01 
 8.15915855e+03 -6.40534690e-03  8.15915855e+03 -9.28434627e-01 
 8.25364983e+03 -6.39310282e-03  8.25364983e+03 -9.39270529e-01 
 8.34923543e+03 -6.38057445e-03  8.34923543e+03 -9.50231154e-01 
 8.44592800e+03 -6.36775520e-03  8.44592800e+03 -9.61317962e-01 
 8.54374036e+03 -6.35463834e-03  8.54374036e+03 -9.72532429e-01 
 8.64268550e+03 -6.34121697e-03  8.64268550e+03 -9.83876051e-01 
 8.74277651e+03 -6.32748407e-03  8.74277651e+03 -9.95350337e-01 
 8.84402669e+03 -6.31343242e-03  8.84402669e+03 -1.00695682e+00 
 8.94644944e+03 -6.29905465e-03  8.94644944e+03 -1.01869704e+00 
 9.05005835e+03 -6.28434322e-03  9.05005835e+03 -1.03057257e+00 
 9.15486716e+03 -6.26929042e-03  9.15486716e+03 -1.04258498e+00 
 9.26088975e+03 -6.25388836e-03  9.26088975e+03 -1.05473589e+00 
 9.36814020e+03 -6.23812896e-03  9.36814020e+03 -1.06702691e+00 
 9.47663271e+03 -6.22200397e-03  9.47663271e+03 -1.07945967e+00 
 9.58638168e+03 -6.20550495e-03  9.58638168e+03 -1.09203584e+00 
 9.69740165e+03 -6.18862325e-03  9.69740165e+03 -1.10475710e+00 
 9.80970735e+03 -6.17135005e-03  9.80970735e+03 -1.11762514e+00 
 9.92331366e+03 -6.15367629e-03  9.92331366e+03 -1.13064168e+00 
 1.00382356e+04 -6.13559275e-03  1.00382356e+04 -1.14380846e+00 
 1.01544885e+04 -6.11708995e-03  1.01544885e+04 -1.15712723e+00 
 1.02720878e+04 -6.09815823e-03  1.02720878e+04 -1.17059977e+00 
 1.03910489e+04 -6.07878770e-03  1.03910489e+04 -1.18422788e+00 
 1.05113877e+04 -6.05896824e-03  1.05113877e+04 -1.19801338e+00 
 1.06331202e+04 -6.03868949e-03  1.06331202e+04 -1.21195811e+00 
 1.07562625e+04 -6.01794087e-03  1.07562625e+04 -1.22606393e+00 
 1.08808308e+04 -5.99671156e-03  1.08808308e+04 -1.24033273e+00 
 1.10068418e+04 -5.97499048e-03  1.10068418e+04 -1.25476642e+00 
 1.11343122e+04 -5.95276630e-03  1.11343122e+04 -1.26936691e+00 
 1.12632587e+04 -5.93002745e-03  1.12632587e+04 -1.28413618e+00 
 1.13936986e+04 -5.90676207e-03  1.13936986e+04 -1.29907618e+00 
 1.15256492e+04 -5.88295805e-03  1.15256492e+04 -1.31418892e+00 
 1.16591278e+04 -5.85860300e-03  1.16591278e+04 -1.32947642e+00 
 1.17941523e+04 -5.83368424e-03  1.17941523e+04 -1.34494072e+00 
 1.19307404e+04 -5.80818882e-03  1.19307404e+04 -1.36058389e+00 
 1.20689105e+04 -5.78210348e-03  1.20689105e+04 -1.37640803e+00 
 1.22086806e+04 -5.75541467e-03  1.22086806e+04 -1.39241525e+00 
 1.23500695e+04 -5.72810852e-03  1.23500695e+04 -1.40860770e+00 
 1.24930957e+04 -5.70017087e-03  1.24930957e+04 -1.42498755e+00 
 1.26377784e+04 -5.67158722e-03  1.26377784e+04 -1.44155698e+00 
 1.27841366e+04 -5.64234274e-03  1.27841366e+04 -1.45831823e+00 
 1.29321898e+04 -5.61242227e-03  1.29321898e+04 -1.47527353e+00 
 1.30819576e+04 -5.58181033e-03  1.30819576e+04 -1.49242515e+00 
 1.32334599e+04 -5.55049106e-03  1.32334599e+04 -1.50977541e+00 
 1.33867167e+04 -5.51844825e-03  1.33867167e+04 -1.52732662e+00 
 1.35417484e+04 -5.48566533e-03  1.35417484e+04 -1.54508114e+00 
 1.36985755e+04 -5.45212537e-03  1.36985755e+04 -1.56304135e+00 
 1.38572188e+04 -5.41781104e-03  1.38572188e+04 -1.58120966e+00 
 1.40176994e+04 -5.38270462e-03  1.40176994e+04 -1.59958851e+00 
 1.41800385e+04 -5.34678801e-03  1.41800385e+04 -1.61818037e+00 
 1.43442576e+04 -5.31004269e-03  1.43442576e+04 -1.63698774e+00 
 1.45103786e+04 -5.27244974e-03  1.45103786e+04 -1.65601314e+00 
 1.46784234e+04 -5.23398979e-03  1.46784234e+04 -1.67525913e+00 
 1.48484144e+04 -5.19464306e-03  1.48484144e+04 -1.69472830e+00 
 1.50203740e+04 -5.15438933e-03  1.50203740e+04 -1.71442327e+00 
 1.51943251e+04 -5.11320792e-03  1.51943251e+04 -1.73434668e+00 
 1.53702907e+04 -5.07107769e-03  1.53702907e+04 -1.75450122e+00 
 1.55482942e+04 -5.02797703e-03  1.55482942e+04 -1.77488961e+00 
 1.57283591e+04 -4.98388385e-03  1.57283591e+04 -1.79551458e+00 
 1.59105094e+04 -4.93877557e-03  1.59105094e+04 -1.81637892e+00 
 1.60947691e+04 -4.89262911e-03  1.60947691e+04 -1.83748543e+00 
 1.62811628e+04 -4.84542088e-03  1.62811628e+04 -1.85883697e+00 
 1.64697151e+04 -4.79712677e-03  1.64697151e+04 -1.88043642e+00 
 1.66604510e+04 -4.74772213e-03  1.66604510e+04 -1.90228668e+00 
 1.68533958e+04 -4.69718178e-03  1.68533958e+04 -1.92439071e+00 
 1.70485751e+04 -4.64547996e-03  1.70485751e+04 -1.94675149e+00 
 1.72460148e+04 -4.59259037e-03  1.72460148e+04 -1.96937205e+00 
 1.74457411e+04 -4.53848613e-03  1.74457411e+04 -1.99225543e+00 
 1.76477804e+04 -4.48313975e-03  1.76477804e+04 -2.01540474e+00 
 1.78521595e+04 -4.42652315e-03  1.78521595e+04 -2.03882311e+00 
 1.80589055e+04 -4.36860763e-03  1.80589055e+04 -2.06251370e+00 
 1.82680458e+04 -4.30936389e-03  1.82680458e+04 -2.08647973e+00 
 1.84796082e+04 -4.24876196e-03  1.84796082e+04 -2.11072443e+00 
 1.86936208e+04 -4.18677122e-03  1.86936208e+04 -2.13525110e+00 
 1.89101117e+04 -4.12336041e-03  1.89101117e+04 -2.16006306e+00 
 1.91291099e+04 -4.05849757e-03  1.91291099e+04 -2.18516367e+00 
 1.93506443e+04 -3.99215004e-03  1.93506443e+04 -2.21055635e+00 
 1.95747443e+04 -3.92428448e-03  1.95747443e+04 -2.23624454e+00 
 1.98014396e+04 -3.85486683e-03  1.98014396e+04 -2.26223173e+00 
 2.00307602e+04 -3.78386226e-03  2.00307602e+04 -2.28852146e+00 
 2.02627366e+04 -3.71123524e-03  2.02627366e+04 -2.31511729e+00 
 2.04973996e+04 -3.63694944e-03  2.04973996e+04 -2.34202286e+00 
 2.07347801e+04 -3.56096778e-03  2.07347801e+04 -2.36924182e+00 
 2.09749098e+04 -3.48325238e-03  2.09749098e+04 -2.39677788e+00 
 2.12178204e+04 -3.40376454e-03  2.12178204e+04 -2.42463481e+00 
 2.14635442e+04 -3.32246476e-03  2.14635442e+04 -2.45281639e+00 
 2.17121137e+04 -3.23931268e-03  2.17121137e+04 -2.48132647e+00 
 2.19635619e+04 -3.15426710e-03  2.19635619e+04 -2.51016896e+00 
 2.22179221e+04 -3.06728596e-03  2.22179221e+04 -2.53934778e+00 
 2.24752280e+04 -2.97832629e-03  2.24752280e+04 -2.56886694e+00 
 2.27355138e+04 -2.88734425e-03  2.27355138e+04 -2.59873048e+00 
 2.29988140e+04 -2.79429505e-03  2.29988140e+04 -2.62894248e+00 
 2.32651635e+04 -2.69913298e-03  2.32651635e+04 -2.65950709e+00 
 2.35345976e+04 -2.60181140e-03  2.35345976e+04 -2.69042849e+00 
 2.38071520e+04 -2.50228266e-03  2.38071520e+04 -2.72171094e+00 
 2.40828628e+04 -2.40049816e-03  2.40828628e+04 -2.75335873e+00 
 2.43617666e+04 -2.29640828e-03  2.43617666e+04 -2.78537622e+00 
 2.46439005e+04 -2.18996239e-03  2.46439005e+04 -2.81776780e+00 
 2.49293017e+04 -2.08110882e-03  2.49293017e+04 -2.85053795e+00 
 2.52180082e+04 -1.96979484e-03  2.52180082e+04 -2.88369117e+00 
 2.55100581e+04 -1.85596665e-03  2.55100581e+04 -2.91723203e+00 
 2.58054904e+04 -1.73956938e-03  2.58054904e+04 -2.95116518e+00 
 2.61043440e+04 -1.62054701e-03  2.61043440e+04 -2.98549530e+00 
 2.64066586e+04 -1.49884244e-03  2.64066586e+04 -3.02022714e+00 
 2.67124744e+04 -1.37439740e-03  2.67124744e+04 -3.05536550e+00 
 2.70218318e+04 -1.24715246e-03  2.70218318e+04 -3.09091526e+00 
 2.73347718e+04 -1.11704702e-03  2.73347718e+04 -3.12688134e+00 
 2.76513361e+04 -9.84019267e-04  2.76513361e+04 -3.16326874e+00 
 2.79715664e+04 -8.48006192e-04  2.79715664e+04 -3.20008252e+00 
 2.82955054e+04 -7.08943538e-04  2.82955054e+04 -3.23732779e+00 
 2.86231959e+04 -5.66765798e-04  2.86231959e+04 -3.27500975e+00 
 2.89546814e+04 -4.21406198e-04  2.89546814e+04 -3.31313364e+00 
 2.92900058e+04 -2.72796673e-04  2.92900058e+04 -3.35170479e+00 
 2.96292136e+04 -1.20867855e-04  2.96292136e+04 -3.39072858e+00 
 2.99723498e+04  3.44509503e-05  2.99723498e+04 -3.43021048e+00 
 3.03194599e+04  1.93231775e-04  3.03194599e+04 -3.47015601e+00 
 3.06705898e+04  3.55548011e-04  3.06705898e+04 -3.51057077e+00 
 3.10257862e+04  5.21474424e-04  3.10257862e+04 -3.55146043e+00 
 3.13850961e+04  6.91087174e-04  3.13850961e+04 -3.59283074e+00 
 3.17485672e+04  8.64463826e-04  3.17485672e+04 -3.63468752e+00 
 3.21162476e+04  1.04168337e-03  3.21162476e+04 -3.67703666e+00 
 3.24881861e+04  1.22282625e-03  3.24881861e+04 -3.71988414e+00 
 3.28644321e+04  1.40797433e-03  3.28644321e+04 -3.76323601e+00 
 3.32450354e+04  1.59721099e-03  3.32450354e+04 -3.80709839e+00 
 3.36300464e+04  1.79062107e-03  3.36300464e+04 -3.85147751e+00 
 3.40195163e+04  1.98829090e-03  3.40195163e+04 -3.89637965e+00 
 3.44134966e+04  2.19030835e-03  3.44134966e+04 -3.94181118e+00 
 3.48120396e+04  2.39676279e-03  3.48120396e+04 -3.98777858e+00 
 3.52151982e+04  2.60774514e-03  3.52151982e+04 -4.03428837e+00 
 3.56230257e+04  2.82334788e-03  3.56230257e+04 -4.08134720e+00 
 3.60355763e+04  3.04366501e-03  3.60355763e+04 -4.12896179e+00 
 3.64529046e+04  3.26879214e-03  3.64529046e+04 -4.17713894e+00 
 3.68750660e+04  3.49882644e-03  3.68750660e+04 -4.22588556e+00 
 3.73021165e+04  3.73386666e-03  3.73021165e+04 -4.27520864e+00 
 3.77341126e+04  3.97401315e-03  3.77341126e+04 -4.32511527e+00 
 3.81711117e+04  4.21936785e-03  3.81711117e+04 -4.37561263e+00 
 3.86131717e+04  4.47003429e-03  3.86131717e+04 -4.42670800e+00 
 3.90603512e+04  4.72611764e-03  3.90603512e+04 -4.47840877e+00 
 3.95127095e+04  4.98772464e-03  3.95127095e+04 -4.53072241e+00 
 3.99703065e+04  5.25496363e-03  3.99703065e+04 -4.58365650e+00 
 4.04332030e+04  5.52794459e-03  4.04332030e+04 -4.63721872e+00 
 4.09014603e+04  5.80677906e-03  4.09014603e+04 -4.69141687e+00 
 4.13751404e+04  6.09158018e-03  4.13751404e+04 -4.74625884e+00 
 4.18543063e+04  6.38246270e-03  4.18543063e+04 -4.80175264e+00 
 4.23390214e+04  6.67954292e-03  4.23390214e+04 -4.85790638e+00 
 4.28293500e+04  6.98293871e-03  4.28293500e+04 -4.91472828e+00 
 4.33253571e+04  7.29276950e-03  4.33253571e+04 -4.97222669e+00 
 4.38271084e+04  7.60915624e-03  4.38271084e+04 -5.03041007e+00 
 4.43346705e+04  7.93222141e-03  4.43346705e+04 -5.08928699e+00 
 4.48481108e+04  8.26208897e-03  4.48481108e+04 -5.14886614e+00 
 4.53674971e+04  8.59888435e-03  4.53674971e+04 -5.20915634e+00 
 4.58928985e+04  8.94273443e-03  4.58928985e+04 -5.27016653e+00 
 4.64243846e+04  9.29376747e-03  4.64243846e+04 -5.33190577e+00 
 4.69620258e+04  9.65211315e-03  4.69620258e+04 -5.39438325e+00 
 4.75058934e+04  1.00179024e-02  4.75058934e+04 -5.45760831e+00 
 4.80560596e+04  1.03912676e-02  4.80560596e+04 -5.52159039e+00 
 4.86125973e+04  1.07723423e-02  4.86125973e+04 -5.58633908e+00 
 4.91755802e+04  1.11612611e-02  4.91755802e+04 -5.65186411e+00 
 4.97450830e+04  1.15581599e-02  4.97450830e+04 -5.71817535e+00 
 5.03211813e+04  1.19631758e-02  5.03211813e+04 -5.78528279e+00 
 5.09039513e+04  1.23764466e-02  5.09039513e+04 -5.85319659e+00 
 5.14934704e+04  1.27981113e-02  5.14934704e+04 -5.92192705e+00 
 5.20898168e+04  1.32283098e-02  5.20898168e+04 -5.99148461e+00 
 5.26930694e+04  1.36671825e-02  5.26930694e+04 -6.06187986e+00 
 5.33033083e+04  1.41148709e-02  5.33033083e+04 -6.13312355e+00 
 5.39206144e+04  1.45715169e-02  5.39206144e+04 -6.20522659e+00 
 5.45450695e+04  1.50372628e-02  5.45450695e+04 -6.27820005e+00 
 5.51767564e+04  1.55122516e-02  5.51767564e+04 -6.35205513e+00 
 5.58157589e+04  1.59966265e-02  5.58157589e+04 -6.42680325e+00 
 5.64621617e+04  1.64905307e-02  5.64621617e+04 -6.50245595e+00 
 5.71160505e+04  1.69941077e-02  5.71160505e+04 -6.57902495e+00 
 5.77775120e+04  1.75075007e-02  5.77775120e+04 -6.65652217e+00 
 5.84466339e+04  1.80308530e-02  5.84466339e+04 -6.73495966e+00 
 5.91235049e+04  1.85643070e-02  5.91235049e+04 -6.81434970e+00 
 5.98082147e+04  1.91080052e-02  5.98082147e+04 -6.89470470e+00 
 6.05008542e+04  1.96620888e-02  6.05008542e+04 -6.97603730e+00 
 6.12015151e+04  2.02266984e-02  6.12015151e+04 -7.05836029e+00 
 6.19102904e+04  2.08019736e-02  6.19102904e+04 -7.14168668e+00 
 6.26272740e+04  2.13880524e-02  6.26272740e+04 -7.22602965e+00 
 6.33525610e+04  2.19850716e-02  6.33525610e+04 -7.31140261e+00 
 6.40862476e+04  2.25931660e-02  6.40862476e+04 -7.39781913e+00 
 6.48284310e+04  2.32124687e-02  6.48284310e+04 -7.48529302e+00 
 6.55792097e+04  2.38431103e-02  6.55792097e+04 -7.57383827e+00 
 6.63386831e+04  2.44852192e-02  6.63386831e+04 -7.66346910e+00 
 6.71069519e+04  2.51389208e-02  6.71069519e+04 -7.75419993e+00 
 6.78841182e+04  2.58043376e-02  6.78841182e+04 -7.84604542e+00 
 6.86702847e+04  2.64815886e-02  6.86702847e+04 -7.93902041e+00 
 6.94655559e+04  2.71707891e-02  6.94655559e+04 -8.03314001e+00 
 7.02700371e+04  2.78720507e-02  7.02700371e+04 -8.12841953e+00 
 7.10838351e+04  2.85854802e-02  7.10838351e+04 -8.22487452e+00 
 7.19070576e+04  2.93111799e-02  7.19070576e+04 -8.32252077e+00 
 7.27398139e+04  3.00492468e-02  7.27398139e+04 -8.42137431e+00 
 7.35822143e+04  3.07997726e-02  7.35822143e+04 -8.52145140e+00 
 7.44343706e+04  3.15628427e-02  7.44343706e+04 -8.62276856e+00 
 7.52963957e+04  3.23385364e-02  7.52963957e+04 -8.72534255e+00 
 7.61684039e+04  3.31269258e-02  7.61684039e+04 -8.82919040e+00 
 7.70505109e+04  3.39280759e-02  7.70505109e+04 -8.93432938e+00 
 7.79428335e+04  3.47420436e-02  7.79428335e+04 -9.04077704e+00 
 7.88454902e+04  3.55688776e-02  7.88454902e+04 -9.14855118e+00 
 7.97586005e+04  3.64086175e-02  7.97586005e+04 -9.25766988e+00 
 8.06822855e+04  3.72612933e-02  8.06822855e+04 -9.36815149e+00 
 8.16166678e+04  3.81269250e-02  8.16166678e+04 -9.48001463e+00 
 8.25618712e+04  3.90055218e-02  8.25618712e+04 -9.59327823e+00 
 8.35180209e+04  3.98970814e-02  8.35180209e+04 -9.70796146e+00 
 8.44852439e+04  4.08015895e-02  8.44852439e+04 -9.82408382e+00 
 8.54636682e+04  4.17190188e-02  8.54636682e+04 -9.94166507e+00 
 8.64534237e+04  4.26493288e-02  8.64534237e+04 -1.00607253e+01 
 8.74546416e+04  4.35924643e-02  8.74546416e+04 -1.01812849e+01 
 8.84674546e+04  4.45483554e-02  8.84674546e+04 -1.03033645e+01 
 8.94919970e+04  4.55169161e-02  8.94919970e+04 -1.04269851e+01 
 9.05284046e+04  4.64980436e-02  9.05284046e+04 -1.05521680e+01 
 9.15768148e+04  4.74916176e-02  9.15768148e+04 -1.06789348e+01 
 9.26373667e+04  4.84974992e-02  9.26373667e+04 -1.08073075e+01 
 9.37102009e+04  4.95155299e-02  9.37102009e+04 -1.09373083e+01 
 9.47954596e+04  5.05455310e-02  9.47954596e+04 -1.10689597e+01 
 9.58932866e+04  5.15873020e-02  9.58932866e+04 -1.12022848e+01 
 9.70038276e+04  5.26406202e-02  9.70038276e+04 -1.13373066e+01 
 9.81272298e+04  5.37052390e-02  9.81272298e+04 -1.14740489e+01 
 9.92636421e+04  5.47808872e-02  9.92636421e+04 -1.16125354e+01 
 1.00413215e+05  5.58672680e-02  1.00413215e+05 -1.17527905e+01 
 1.01576102e+05  5.69640571e-02  1.01576102e+05 -1.18948387e+01 
 1.02752455e+05  5.80709022e-02  1.02752455e+05 -1.20387050e+01 
 1.03942432e+05  5.91874216e-02  1.03942432e+05 -1.21844147e+01 
 1.05146191e+05  6.03132024e-02  1.05146191e+05 -1.23319934e+01 
 1.06363890e+05  6.14477999e-02  1.06363890e+05 -1.24814671e+01 
 1.07595691e+05  6.25907357e-02  1.07595691e+05 -1.26328621e+01 
 1.08841757e+05  6.37414965e-02  1.08841757e+05 -1.27862051e+01 
 1.10102255e+05  6.48995328e-02  1.10102255e+05 -1.29415232e+01 
 1.11377350e+05  6.60642571e-02  1.11377350e+05 -1.30988438e+01 
 1.12667212e+05  6.72350424e-02  1.12667212e+05 -1.32581947e+01 
 1.13972012e+05  6.84112212e-02  1.13972012e+05 -1.34196040e+01 
 1.15291923e+05  6.95920830e-02  1.15291923e+05 -1.35831002e+01 
 1.16627120e+05  7.07768737e-02  1.16627120e+05 -1.37487121e+01 
 1.17977779e+05  7.19647930e-02  1.17977779e+05 -1.39164689e+01 
 1.19344081e+05  7.31549932e-02  1.19344081e+05 -1.40864002e+01 
 1.20726206e+05  7.43465776e-02  1.20726206e+05 -1.42585360e+01 
 1.22124337e+05  7.55385982e-02  1.22124337e+05 -1.44329064e+01 
 1.23538660e+05  7.67300546e-02  1.23538660e+05 -1.46095422e+01 
 1.24969363e+05  7.79198915e-02  1.24969363e+05 -1.47884743e+01 
 1.26416634e+05  7.91069972e-02  1.26416634e+05 -1.49697340e+01 
 1.27880666e+05  8.02902018e-02  1.27880666e+05 -1.51533530e+01 
 1.29361653e+05  8.14682751e-02  1.29361653e+05 -1.53393634e+01 
 1.30859792e+05  8.26399245e-02  1.30859792e+05 -1.55277974e+01 
 1.32375280e+05  8.38037937e-02  1.32375280e+05 -1.57186879e+01 
 1.33908319e+05  8.49584598e-02  1.33908319e+05 -1.59120677e+01 
 1.35459113e+05  8.61024320e-02  1.35459113e+05 -1.61079702e+01 
 1.37027866e+05  8.72341495e-02  1.37027866e+05 -1.63064291e+01 
 1.38614787e+05  8.83519791e-02  1.38614787e+05 -1.65074783e+01 
 1.40220086e+05  8.94542134e-02  1.40220086e+05 -1.67111522e+01 
 1.41843976e+05  9.05390689e-02  1.41843976e+05 -1.69174852e+01 
 1.43486672e+05  9.16046837e-02  1.43486672e+05 -1.71265122e+01 
 1.45148393e+05  9.26491156e-02  1.45148393e+05 -1.73382683e+01 
 1.46829358e+05  9.36703397e-02  1.46829358e+05 -1.75527888e+01 
 1.48529790e+05  9.46662469e-02  1.48529790e+05 -1.77701096e+01 
 1.50249915e+05  9.56346417e-02  1.50249915e+05 -1.79902663e+01 
 1.51989960e+05  9.65732397e-02  1.51989960e+05 -1.82132951e+01 
 1.53750157e+05  9.74796663e-02  1.53750157e+05 -1.84392323e+01 
 1.55530739e+05  9.83514541e-02  1.55530739e+05 -1.86681146e+01 
 1.57331942e+05  9.91860414e-02  1.57331942e+05 -1.88999785e+01 
 1.59154005e+05  9.99807701e-02  1.59154005e+05 -1.91348609e+01 
 1.60997169e+05  1.00732884e-01  1.60997169e+05 -1.93727990e+01 
 1.62861678e+05  1.01439526e-01  1.62861678e+05 -1.96138300e+01 
 1.64747781e+05  1.02097738e-01  1.64747781e+05 -1.98579910e+01 
 1.66655726e+05  1.02704458e-01  1.66655726e+05 -2.01053196e+01 
 1.68585768e+05  1.03256518e-01  1.68585768e+05 -2.03558532e+01 
 1.70538161e+05  1.03750644e-01  1.70538161e+05 -2.06096295e+01 
 1.72513165e+05  1.04183454e-01  1.72513165e+05 -2.08666860e+01 
 1.74511042e+05  1.04551454e-01  1.74511042e+05 -2.11270604e+01 
 1.76532055e+05  1.04851040e-01  1.76532055e+05 -2.13907903e+01 
 1.78576475e+05  1.05078496e-01  1.78576475e+05 -2.16579134e+01 
 1.80644570e+05  1.05229991e-01  1.80644570e+05 -2.19284671e+01 
 1.82736617e+05  1.05301580e-01  1.82736617e+05 -2.22024890e+01 
 1.84852891e+05  1.05289203e-01  1.84852891e+05 -2.24800165e+01 
 1.86993674e+05  1.05188680e-01  1.86993674e+05 -2.27610869e+01 
 1.89159250e+05  1.04995719e-01  1.89159250e+05 -2.30457372e+01 
 1.91349905e+05  1.04705905e-01  1.91349905e+05 -2.33340044e+01 
 1.93565930e+05  1.04314709e-01  1.93565930e+05 -2.36259253e+01 
 1.95807618e+05  1.03817480e-01  1.95807618e+05 -2.39215362e+01 
 1.98075268e+05  1.03209450e-01  1.98075268e+05 -2.42208735e+01 
 2.00369179e+05  1.02485732e-01  2.00369179e+05 -2.45239730e+01 
 2.02689657e+05  1.01641321e-01  2.02689657e+05 -2.48308704e+01 
 2.05037007e+05  1.00671093e-01  2.05037007e+05 -2.51416007e+01 
 2.07411543e+05  9.95698086e-02  2.07411543e+05 -2.54561990e+01 
 2.09813578e+05  9.83321097e-02  2.09813578e+05 -2.57746995e+01 
 2.12243431e+05  9.69525234e-02  2.12243431e+05 -2.60971361e+01 
 2.14701424e+05  9.54254623e-02  2.14701424e+05 -2.64235423e+01 
 2.17187883e+05  9.37452259e-02  2.17187883e+05 -2.67539510e+01 
 2.19703138e+05  9.19060022e-02  2.19703138e+05 -2.70883945e+01 
 2.22247522e+05  8.99018696e-02  2.22247522e+05 -2.74269045e+01 
 2.24821372e+05  8.77267991e-02  2.24821372e+05 -2.77695122e+01 
 2.27425030e+05  8.53746562e-02  2.27425030e+05 -2.81162478e+01 
 2.30058842e+05  8.28392039e-02  2.30058842e+05 -2.84671411e+01 
 2.32723155e+05  8.01141051e-02  2.32723155e+05 -2.88222211e+01 
 2.35418324e+05  7.71929259e-02  2.35418324e+05 -2.91815159e+01 
 2.38144706e+05  7.40691387e-02  2.38144706e+05 -2.95450529e+01 
 2.40902662e+05  7.07361258e-02  2.40902662e+05 -2.99128586e+01 
 2.43692558e+05  6.71871829e-02  2.43692558e+05 -3.02849586e+01 
 2.46514763e+05  6.34155237e-02  2.46514763e+05 -3.06613776e+01 
 2.49369653e+05  5.94142836e-02  2.49369653e+05 -3.10421394e+01 
 2.52257605e+05  5.51765245e-02  2.52257605e+05 -3.14272667e+01 
 2.55179003e+05  5.06952393e-02  2.55179003e+05 -3.18167812e+01 
 2.58134233e+05  4.59633576e-02  2.58134233e+05 -3.22107037e+01 
 2.61123688e+05  4.09737501e-02  2.61123688e+05 -3.26090537e+01 
 2.64147764e+05  3.57192347e-02  2.64147764e+05 -3.30118497e+01 
 2.67206861e+05  3.01925820e-02  2.67206861e+05 -3.34191091e+01 
 2.70301386e+05  2.43865217e-02  2.70301386e+05 -3.38308481e+01 
 2.73431749e+05  1.82937481e-02  2.73431749e+05 -3.42470815e+01 
 2.76598365e+05  1.19069272e-02  2.76598365e+05 -3.46678232e+01 
 2.79801653e+05  5.21870335e-03  2.79801653e+05 -3.50930856e+01 
 2.83042038e+05 -1.77829433e-03  2.83042038e+05 -3.55228800e+01 
 2.86319950e+05 -9.09144437e-03  2.86319950e+05 -3.59572162e+01 
 2.89635824e+05 -1.67281259e-02  2.89635824e+05 -3.63961028e+01 
 2.92990099e+05 -2.46957111e-02  2.92990099e+05 -3.68395471e+01 
 2.96383220e+05 -3.30015574e-02  2.96383220e+05 -3.72875550e+01 
 2.99815637e+05 -4.16529999e-02  2.99815637e+05 -3.77401311e+01 
 3.03287805e+05 -5.06573434e-02  3.03287805e+05 -3.81972783e+01 
 3.06800183e+05 -6.00218538e-02  3.06800183e+05 -3.86589985e+01 
 3.10353239e+05 -6.97537506e-02  3.10353239e+05 -3.91252920e+01 
 3.13947443e+05 -7.98601977e-02  3.13947443e+05 -3.95961576e+01 
 3.17583271e+05 -9.03482956e-02  3.17583271e+05 -4.00715930e+01 
 3.21261205e+05 -1.01225073e-01  3.21261205e+05 -4.05515940e+01 
 3.24981734e+05 -1.12497476e-01  3.24981734e+05 -4.10361553e+01 
 3.28745351e+05 -1.24172363e-01  3.28745351e+05 -4.15252700e+01 
 3.32552554e+05 -1.36256495e-01  3.32552554e+05 -4.20189300e+01 
 3.36403848e+05 -1.48756522e-01  3.36403848e+05 -4.25171254e+01 
 3.40299744e+05 -1.61678982e-01  3.40299744e+05 -4.30198452e+01 
 3.44240758e+05 -1.75030287e-01  3.44240758e+05 -4.35270769e+01 
 3.48227413e+05 -1.88816716e-01  3.48227413e+05 -4.40388065e+01 
 3.52260238e+05 -2.03044406e-01  3.52260238e+05 -4.45550185e+01 
 3.56339767e+05 -2.17719342e-01  3.56339767e+05 -4.50756965e+01 
 3.60466541e+05 -2.32847351e-01  3.60466541e+05 -4.56008221e+01 
 3.64641107e+05 -2.48434094e-01  3.64641107e+05 -4.61303761e+01 
 3.68864019e+05 -2.64485053e-01  3.68864019e+05 -4.66643376e+01 
 3.73135837e+05 -2.81005527e-01  3.73135837e+05 -4.72026846e+01 
 3.77457126e+05 -2.98000624e-01  3.77457126e+05 -4.77453937e+01 
 3.81828460e+05 -3.15475249e-01  3.81828460e+05 -4.82924404e+01 
 3.86250419e+05 -3.33434102e-01  3.86250419e+05 -4.88437988e+01 
 3.90723589e+05 -3.51881666e-01  3.90723589e+05 -4.93994420e+01 
 3.95248562e+05 -3.70822201e-01  3.95248562e+05 -4.99593417e+01 
 3.99825939e+05 -3.90259737e-01  3.99825939e+05 -5.05234688e+01 
 4.04456327e+05 -4.10198070e-01  4.04456327e+05 -5.10917927e+01 
 4.09140339e+05 -4.30640748e-01  4.09140339e+05 -5.16642822e+01 
 4.13878597e+05 -4.51591072e-01  4.13878597e+05 -5.22409047e+01 
 4.18671729e+05 -4.73052088e-01  4.18671729e+05 -5.28216268e+01 
 4.23520370e+05 -4.95026578e-01  4.23520370e+05 -5.34064142e+01 
 4.28425163e+05 -5.17517060e-01  4.28425163e+05 -5.39952317e+01 
 4.33386759e+05 -5.40525776e-01  4.33386759e+05 -5.45880431e+01 
 4.38405814e+05 -5.64054695e-01  4.38405814e+05 -5.51848117e+01 
 4.43482996e+05 -5.88105502e-01  4.43482996e+05 -5.57854997e+01 
 4.48618977e+05 -6.12679597e-01  4.48618977e+05 -5.63900689e+01 
 4.53814437e+05 -6.37778091e-01  4.53814437e+05 -5.69984803e+01 
 4.59070066e+05 -6.63401802e-01  4.59070066e+05 -5.76106942e+01 
 4.64386560e+05 -6.89551251e-01  4.64386560e+05 -5.82266706e+01 
 4.69764625e+05 -7.16226662e-01  4.69764625e+05 -5.88463687e+01 
 4.75204974e+05 -7.43427956e-01  4.75204974e+05 -5.94697475e+01 
 4.80708327e+05 -7.71154754e-01  4.80708327e+05 -6.00967655e+01 
 4.86275414e+05 -7.99406370e-01  4.86275414e+05 -6.07273806e+01 
 4.91906974e+05 -8.28181812e-01  4.91906974e+05 -6.13615508e+01 
 4.97603753e+05 -8.57479783e-01  4.97603753e+05 -6.19992335e+01 
 5.03366507e+05 -8.87298679e-01  5.03366507e+05 -6.26403862e+01 
 5.09195999e+05 -9.17636587e-01  5.09195999e+05 -6.32849660e+01 
 5.15093002e+05 -9.48491288e-01  5.15093002e+05 -6.39329299e+01 
 5.21058299e+05 -9.79860257e-01  5.21058299e+05 -6.45842349e+01 
 5.27092679e+05 -1.01174066e+00  5.27092679e+05 -6.52388382e+01 
 5.33196944e+05 -1.04412938e+00  5.33196944e+05 -6.58966965e+01 
 5.39371903e+05 -1.07702296e+00  5.39371903e+05 -6.65577672e+01 
 5.45618374e+05 -1.11041767e+00  5.45618374e+05 -6.72220074e+01 
 5.51937185e+05 -1.14430947e+00  5.51937185e+05 -6.78893744e+01 
 5.58329174e+05 -1.17869405e+00  5.58329174e+05 -6.85598261e+01 
 5.64795189e+05 -1.21356678e+00  5.64795189e+05 -6.92333200e+01 
 5.71336088e+05 -1.24892275e+00  5.71336088e+05 -6.99098146e+01 
 5.77952736e+05 -1.28475677e+00  5.77952736e+05 -7.05892682e+01 
 5.84646012e+05 -1.32106336e+00  5.84646012e+05 -7.12716399e+01 
 5.91416802e+05 -1.35783678e+00  5.91416802e+05 -7.19568887e+01 
 5.98266006e+05 -1.39507100e+00  5.98266006e+05 -7.26449746e+01 
 6.05194529e+05 -1.43275974e+00  6.05194529e+05 -7.33358577e+01 
 6.12203293e+05 -1.47089646e+00  6.12203293e+05 -7.40294989e+01 
 6.19293224e+05 -1.50947434e+00  6.19293224e+05 -7.47258593e+01 
 6.26465265e+05 -1.54848634e+00  6.26465265e+05 -7.54249010e+01 
 6.33720365e+05 -1.58792515e+00  6.33720365e+05 -7.61265864e+01 
 6.41059486e+05 -1.62778324e+00  6.41059486e+05 -7.68308786e+01 
 6.48483601e+05 -1.66805284e+00  6.48483601e+05 -7.75377414e+01 
 6.55993696e+05 -1.70872596e+00  6.55993696e+05 -7.82471393e+01 
 6.63590765e+05 -1.74979439e+00  6.63590765e+05 -7.89590375e+01 
 6.71275815e+05 -1.79124970e+00  6.71275815e+05 -7.96734019e+01 
 6.79049866e+05 -1.83308328e+00  6.79049866e+05 -8.03901992e+01 
 6.86913949e+05 -1.87528629e+00  6.86913949e+05 -8.11093968e+01 
 6.94869105e+05 -1.91784973e+00  6.94869105e+05 -8.18309629e+01 
 7.02916391e+05 -1.96076441e+00  7.02916391e+05 -8.25548665e+01 
 7.11056872e+05 -2.00402095e+00  7.11056872e+05 -8.32810774e+01 
 7.19291628e+05 -2.04760982e+00  7.19291628e+05 -8.40095663e+01 
 7.27621750e+05 -2.09152134e+00  7.27621750e+05 -8.47403045e+01 
 7.36048344e+05 -2.13574566e+00  7.36048344e+05 -8.54732645e+01 
 7.44572527e+05 -2.18027280e+00  7.44572527e+05 -8.62084193e+01 
 7.53195428e+05 -2.22509265e+00  7.53195428e+05 -8.69457429e+01 
 7.61918191e+05 -2.27019496e+00  7.61918191e+05 -8.76852103e+01 
 7.70741972e+05 -2.31556937e+00  7.70741972e+05 -8.84267970e+01 
 7.79667942e+05 -2.36120543e+00  7.79667942e+05 -8.91704797e+01 
 7.88697283e+05 -2.40709257e+00  7.88697283e+05 -8.99162358e+01 
 7.97831193e+05 -2.45322014e+00  7.97831193e+05 -9.06640436e+01 
 8.07070883e+05 -2.49957740e+00  8.07070883e+05 -9.14138823e+01 
 8.16417578e+05 -2.54615354e+00  8.16417578e+05 -9.21657318e+01 
 8.25872518e+05 -2.59293769e+00  8.25872518e+05 -9.29195732e+01 
 8.35436955e+05 -2.63991892e+00  8.35436955e+05 -9.36753881e+01 
 8.45112157e+05 -2.68708626e+00  8.45112157e+05 -9.44331590e+01 
 8.54899409e+05 -2.73442869e+00  8.54899409e+05 -9.51928695e+01 
 8.64800006e+05 -2.78193517e+00  8.64800006e+05 -9.59545039e+01 
 8.74815263e+05 -2.82959465e+00  8.74815263e+05 -9.67180472e+01 
 8.84946506e+05 -2.87739604e+00  8.84946506e+05 -9.74834854e+01 
 8.95195080e+05 -2.92532829e+00  8.95195080e+05 -9.82508052e+01 
 9.05562342e+05 -2.97338031e+00  9.05562342e+05 -9.90199944e+01 
 9.16049667e+05 -3.02154107e+00  9.16049667e+05 -9.97910412e+01 
 9.26658447e+05 -3.06979953e+00  9.26658447e+05 -1.00563935e+02 
 9.37390086e+05 -3.11814470e+00  9.37390086e+05 -1.01338665e+02 
 9.48246009e+05 -3.16656564e+00  9.48246009e+05 -1.02115224e+02 
 9.59227655e+05 -3.21505145e+00  9.59227655e+05 -1.02893601e+02 
 9.70336479e+05 -3.26359129e+00  9.70336479e+05 -1.03673790e+02 
 9.81573954e+05 -3.31217439e+00  9.81573954e+05 -1.04455784e+02 
 9.92941571e+05 -3.36079007e+00  9.92941571e+05 -1.05239577e+02 
 1.00444084e+06 -3.40942772e+00  1.00444084e+06 -1.06025163e+02 
 1.01607327e+06 -3.45807685e+00  1.01607327e+06 -1.06812538e+02 
 1.02784043e+06 -3.50672704e+00  1.02784043e+06 -1.07601697e+02 
 1.03974386e+06 -3.55536802e+00  1.03974386e+06 -1.08392638e+02 
 1.05178514e+06 -3.60398963e+00  1.05178514e+06 -1.09185359e+02 
 1.06396587e+06 -3.65258182e+00  1.06396587e+06 -1.09979858e+02 
 1.07628767e+06 -3.70113471e+00  1.07628767e+06 -1.10776133e+02 
 1.08875217e+06 -3.74963856e+00  1.08875217e+06 -1.11574185e+02 
 1.10136102e+06 -3.79808378e+00  1.10136102e+06 -1.12374014e+02 
 1.11411589e+06 -3.84646095e+00  1.11411589e+06 -1.13175622e+02 
 1.12701847e+06 -3.89476084e+00  1.12701847e+06 -1.13979011e+02 
 1.14007049e+06 -3.94297437e+00  1.14007049e+06 -1.14784183e+02 
 1.15327365e+06 -3.99109268e+00  1.15327365e+06 -1.15591141e+02 
 1.16662972e+06 -4.03910710e+00  1.16662972e+06 -1.16399891e+02 
 1.18014047e+06 -4.08700919e+00  1.18014047e+06 -1.17210437e+02 
 1.19380769e+06 -4.13479069e+00  1.19380769e+06 -1.18022784e+02 
 1.20763319e+06 -4.18244361e+00  1.20763319e+06 -1.18836940e+02 
 1.22161880e+06 -4.22996015e+00  1.22161880e+06 -1.19652910e+02 
 1.23576638e+06 -4.27733280e+00  1.23576638e+06 -1.20470704e+02 
 1.25007780e+06 -4.32455427e+00  1.25007780e+06 -1.21290330e+02 
 1.26455496e+06 -4.37161753e+00  1.26455496e+06 -1.22111797e+02 
 1.27919978e+06 -4.41851586e+00  1.27919978e+06 -1.22935116e+02 
 1.29401421e+06 -4.46524276e+00  1.29401421e+06 -1.23760298e+02 
 1.30900020e+06 -4.51179206e+00  1.30900020e+06 -1.24587354e+02 
 1.32415974e+06 -4.55815788e+00  1.32415974e+06 -1.25416297e+02 
 1.33949485e+06 -4.60433462e+00  1.33949485e+06 -1.26247141e+02 
 1.35500755e+06 -4.65031702e+00  1.35500755e+06 -1.27079899e+02 
 1.37069990e+06 -4.69610012e+00  1.37069990e+06 -1.27914588e+02 
 1.38657399e+06 -4.74167931e+00  1.38657399e+06 -1.28751224e+02 
 1.40263192e+06 -4.78705030e+00  1.40263192e+06 -1.29589822e+02 
 1.41887581e+06 -4.83220917e+00  1.41887581e+06 -1.30430401e+02 
 1.43530782e+06 -4.87715233e+00  1.43530782e+06 -1.31272980e+02 
 1.45193013e+06 -4.92187657e+00  1.45193013e+06 -1.32117579e+02 
 1.46874495e+06 -4.96637905e+00  1.46874495e+06 -1.32964217e+02 
 1.48575450e+06 -5.01065733e+00  1.48575450e+06 -1.33812917e+02 
 1.50296103e+06 -5.05470932e+00  1.50296103e+06 -1.34663700e+02 
 1.52036684e+06 -5.09853339e+00  1.52036684e+06 -1.35516591e+02 
 1.53797422e+06 -5.14212826e+00  1.53797422e+06 -1.36371614e+02 
 1.55578551e+06 -5.18549312e+00  1.55578551e+06 -1.37228795e+02 
 1.57380308e+06 -5.22862756e+00  1.57380308e+06 -1.38088159e+02 
 1.59202931e+06 -5.27153162e+00  1.59202931e+06 -1.38949734e+02 
 1.61046661e+06 -5.31420578e+00  1.61046661e+06 -1.39813550e+02 
 1.62911744e+06 -5.35665100e+00  1.62911744e+06 -1.40679636e+02 
 1.64798426e+06 -5.39886868e+00  1.64798426e+06 -1.41548022e+02 
 1.66706959e+06 -5.44086071e+00  1.66706959e+06 -1.42418740e+02 
 1.68637593e+06 -5.48262949e+00  1.68637593e+06 -1.43291823e+02 
 1.70590587e+06 -5.52417789e+00  1.70590587e+06 -1.44167305e+02 
 1.72566198e+06 -5.56550930e+00  1.72566198e+06 -1.45045220e+02 
 1.74564689e+06 -5.60662764e+00  1.74564689e+06 -1.45925606e+02 
 1.76586324e+06 -5.64753737e+00  1.76586324e+06 -1.46808499e+02 
 1.78631372e+06 -5.68824346e+00  1.78631372e+06 -1.47693938e+02 
 1.80700103e+06 -5.72875148e+00  1.80700103e+06 -1.48581961e+02 
 1.82792793e+06 -5.76906753e+00  1.82792793e+06 -1.49472609e+02 
 1.84909717e+06 -5.80919832e+00  1.84909717e+06 -1.50365923e+02 
 1.87051159e+06 -5.84915114e+00  1.87051159e+06 -1.51261946e+02 
 1.89217400e+06 -5.88893388e+00  1.89217400e+06 -1.52160720e+02 
 1.91408728e+06 -5.92855506e+00  1.91408728e+06 -1.53062290e+02 
 1.93625434e+06 -5.96802382e+00  1.93625434e+06 -1.53966701e+02 
 1.95867812e+06 -6.00734997e+00  1.95867812e+06 -1.54873999e+02 
 1.98136159e+06 -6.04654394e+00  1.98136159e+06 -1.55784230e+02 
 2.00430776e+06 -6.08561688e+00  2.00430776e+06 -1.56697442e+02 
 2.02751966e+06 -6.12458058e+00  2.02751966e+06 -1.57613682e+02 
 2.05100039e+06 -6.16344757e+00  2.05100039e+06 -1.58533000e+02 
 2.07475304e+06 -6.20223108e+00  2.07475304e+06 -1.59455445e+02 
 2.09878077e+06 -6.24094506e+00  2.09878077e+06 -1.60381065e+02 
 2.12308677e+06 -6.27960423e+00  2.12308677e+06 -1.61309912e+02 
 2.14767426e+06 -6.31822406e+00  2.14767426e+06 -1.62242034e+02 
 2.17254649e+06 -6.35682079e+00  2.17254649e+06 -1.63177481e+02 
 2.19770677e+06 -6.39541146e+00  2.19770677e+06 -1.64116305e+02 
 2.22315843e+06 -6.43401391e+00  2.22315843e+06 -1.65058553e+02 
 2.24890485e+06 -6.47264680e+00  2.24890485e+06 -1.66004276e+02 
 2.27494944e+06 -6.51132962e+00  2.27494944e+06 -1.66953522e+02 
 2.30129565e+06 -6.55008271e+00  2.30129565e+06 -1.67906340e+02 
 2.32794697e+06 -6.58892727e+00  2.32794697e+06 -1.68862775e+02 
 2.35490695e+06 -6.62788537e+00  2.35490695e+06 -1.69822874e+02 
 2.38217915e+06 -6.66697997e+00  2.38217915e+06 -1.70786680e+02 
 2.40976718e+06 -6.70623492e+00  2.40976718e+06 -1.71754237e+02 
 2.43767472e+06 -6.74567496e+00  2.43767472e+06 -1.72725585e+02 
 2.46590545e+06 -6.78532575e+00  2.46590545e+06 -1.73700762e+02 
 2.49446313e+06 -6.82521386e+00  2.49446313e+06 -1.74679804e+02 
 2.52335153e+06 -6.86536680e+00  2.52335153e+06 -1.75662743e+02 
 2.55257448e+06 -6.90581297e+00  2.55257448e+06 -1.76649610e+02 
 2.58213587e+06 -6.94658170e+00  2.58213587e+06 -1.77640429e+02 
 2.61203961e+06 -6.98770324e+00  2.61203961e+06 -1.78635223e+02 
 2.64228966e+06 -7.02920874e+00  2.64228966e+06 -1.79634008e+02 
 2.67289004e+06 -7.07113025e+00  2.67289004e+06  1.79363201e+02 
 2.70384481e+06 -7.11350069e+00  2.70384481e+06  1.78356399e+02 
 2.73515806e+06 -7.15635387e+00  2.73515806e+06  1.77345584e+02 
 2.76683395e+06 -7.19972441e+00  2.76683395e+06  1.76330761e+02 
 2.79887667e+06 -7.24364774e+00  2.79887667e+06  1.75311940e+02 
 2.83129049e+06 -7.28816008e+00  2.83129049e+06  1.74289142e+02 
 2.86407969e+06 -7.33329837e+00  2.86407969e+06  1.73262392e+02 
 2.89724862e+06 -7.37910024e+00  2.89724862e+06  1.72231724e+02 
 2.93080168e+06 -7.42560395e+00  2.93080168e+06  1.71197184e+02 
 2.96474332e+06 -7.47284832e+00  2.96474332e+06  1.70158822e+02 
 2.99907804e+06 -7.52087269e+00  2.99907804e+06  1.69116702e+02 
 3.03381039e+06 -7.56971679e+00  3.03381039e+06  1.68070896e+02 
 3.06894498e+06 -7.61942073e+00  3.06894498e+06  1.67021489e+02 
 3.10448646e+06 -7.67002482e+00  3.10448646e+06  1.65968574e+02 
 3.14043954e+06 -7.72156955e+00  3.14043954e+06  1.64912259e+02 
 3.17680900e+06 -7.77409542e+00  3.17680900e+06  1.63852662e+02 
 3.21359965e+06 -7.82764283e+00  3.21359965e+06  1.62789914e+02 
 3.25081638e+06 -7.88225198e+00  3.25081638e+06  1.61724160e+02 
 3.28846411e+06 -7.93796271e+00  3.28846411e+06  1.60655556e+02 
 3.32654785e+06 -7.99481437e+00  3.32654785e+06  1.59584274e+02 
 3.36507263e+06 -8.05284564e+00  3.36507263e+06  1.58510497e+02 
 3.40404356e+06 -8.11209442e+00  3.40404356e+06  1.57434423e+02 
 3.44346582e+06 -8.17259760e+00  3.44346582e+06  1.56356264e+02 
 3.48334463e+06 -8.23439096e+00  3.48334463e+06  1.55276244e+02 
 3.52368527e+06 -8.29750895e+00  3.52368527e+06  1.54194602e+02 
 3.56449310e+06 -8.36198454e+00  3.56449310e+06  1.53111590e+02 
 3.60577353e+06 -8.42784901e+00  3.60577353e+06  1.52027471e+02 
 3.64753203e+06 -8.49513183e+00  3.64753203e+06  1.50942522e+02 
 3.68977413e+06 -8.56386043e+00  3.68977413e+06  1.49857031e+02 
 3.73250543e+06 -8.63406007e+00  3.73250543e+06  1.48771298e+02 
 3.77573161e+06 -8.70575366e+00  3.77573161e+06  1.47685631e+02 
 3.81945839e+06 -8.77896160e+00  3.81945839e+06  1.46600348e+02 
 3.86369158e+06 -8.85370166e+00  3.86369158e+06  1.45515777e+02 
 3.90843702e+06 -8.92998881e+00  3.90843702e+06  1.44432250e+02 
 3.95370067e+06 -9.00783513e+00  3.95370067e+06  1.43350107e+02 
 3.99948851e+06 -9.08724973e+00  3.99948851e+06  1.42269692e+02 
 4.04580662e+06 -9.16823860e+00  4.04580662e+06  1.41191351e+02 
 4.09266114e+06 -9.25080460e+00  4.09266114e+06  1.40115432e+02 
 4.14005829e+06 -9.33494740e+00  4.14005829e+06  1.39042283e+02 
 4.18800434e+06 -9.42066346e+00  4.18800434e+06  1.37972251e+02 
 4.23650566e+06 -9.50794603e+00  4.23650566e+06  1.36905678e+02 
 4.28556866e+06 -9.59678516e+00  4.28556866e+06  1.35842904e+02 
 4.33519987e+06 -9.68716780e+00  4.33519987e+06  1.34784260e+02 
 4.38540586e+06 -9.77907780e+00  4.38540586e+06  1.33730070e+02 
 4.43619329e+06 -9.87249605e+00  4.43619329e+06  1.32680649e+02 
 4.48756888e+06 -9.96740059e+00  4.48756888e+06  1.31636300e+02 
 4.53953946e+06 -1.00637668e+01  4.53953946e+06  1.30597315e+02 
 4.59211190e+06 -1.01615673e+01  4.59211190e+06  1.29563971e+02 
 4.64529319e+06 -1.02607727e+01  4.64529319e+06  1.28536530e+02 
 4.69909037e+06 -1.03613510e+01  4.69909037e+06  1.27515241e+02 
 4.75351058e+06 -1.04632686e+01  4.75351058e+06  1.26500334e+02 
 4.80856103e+06 -1.05664898e+01  4.80856103e+06  1.25492021e+02 
 4.86424902e+06 -1.06709777e+01  4.86424902e+06  1.24490497e+02 
 4.92058193e+06 -1.07766936e+01  4.92058193e+06  1.23495939e+02 
 4.97756723e+06 -1.08835983e+01  4.97756723e+06  1.22508505e+02 
 5.03521248e+06 -1.09916512e+01  5.03521248e+06  1.21528332e+02 
 5.09352532e+06 -1.11008115e+01  5.09352532e+06  1.20555541e+02 
 5.15251348e+06 -1.12110378e+01  5.15251348e+06  1.19590232e+02 
 5.21218479e+06 -1.13222885e+01  5.21218479e+06  1.18632486e+02 
 5.27254715e+06 -1.14345221e+01  5.27254715e+06  1.17682369e+02 
 5.33360856e+06 -1.15476973e+01  5.33360856e+06  1.16739925e+02 
 5.39537713e+06 -1.16617731e+01  5.39537713e+06  1.15805185e+02 
 5.45786104e+06 -1.17767094e+01  5.45786104e+06  1.14878159e+02 
 5.52106858e+06 -1.18924664e+01  5.52106858e+06  1.13958847e+02 
 5.58500812e+06 -1.20090055e+01  5.58500812e+06  1.13047230e+02 
 5.64968815e+06 -1.21262890e+01  5.64968815e+06  1.12143276e+02 
 5.71511724e+06 -1.22442801e+01  5.71511724e+06  1.11246941e+02 
 5.78130406e+06 -1.23629435e+01  5.78130406e+06  1.10358170e+02 
 5.84825740e+06 -1.24822449e+01  5.84825740e+06  1.09476894e+02 
 5.91598612e+06 -1.26021516e+01  5.91598612e+06  1.08603037e+02 
 5.98449920e+06 -1.27226319e+01  5.98449920e+06  1.07736512e+02 
 6.05380574e+06 -1.28436559e+01  6.05380574e+06  1.06877226e+02 
 6.12391492e+06 -1.29651946e+01  6.12391492e+06  1.06025078e+02 
 6.19483603e+06 -1.30872209e+01  6.19483603e+06  1.05179960e+02 
 6.26657849e+06 -1.32097088e+01  6.26657849e+06  1.04341759e+02 
 6.33915179e+06 -1.33326337e+01  6.33915179e+06  1.03510358e+02 
 6.41256556e+06 -1.34559725e+01  6.41256556e+06  1.02685636e+02 
 6.48682954e+06 -1.35797033e+01  6.48682954e+06  1.01867470e+02 
 6.56195357e+06 -1.37038054e+01  6.56195357e+06  1.01055732e+02 
 6.63794761e+06 -1.38282594e+01  6.63794761e+06  1.00250294e+02 
 6.71482174e+06 -1.39530473e+01  6.71482174e+06  9.94510274e+01 
 6.79258615e+06 -1.40781517e+01  6.79258615e+06  9.86578008e+01 
 6.87125115e+06 -1.42035568e+01  6.87125115e+06  9.78704836e+01 
 6.95082717e+06 -1.43292475e+01  6.95082717e+06  9.70889449e+01 
 7.03132476e+06 -1.44552097e+01  7.03132476e+06  9.63130540e+01 
 7.11275460e+06 -1.45814302e+01  7.11275460e+06  9.55426811e+01 
 7.19512747e+06 -1.47078966e+01  7.19512747e+06  9.47776967e+01 
 7.27845431e+06 -1.48345974e+01  7.27845431e+06  9.40179726e+01 
 7.36274615e+06 -1.49615216e+01  7.36274615e+06  9.32633817e+01 
 7.44801418e+06 -1.50886592e+01  7.44801418e+06  9.25137980e+01 
 7.53426970e+06 -1.52160004e+01  7.53426970e+06  9.17690969e+01 
 7.62152414e+06 -1.53435363e+01  7.62152414e+06  9.10291552e+01 
 7.70978908e+06 -1.54712583e+01  7.70978908e+06  9.02938510e+01 
 7.79907622e+06 -1.55991585e+01  7.79907622e+06  8.95630639e+01 
 7.88939739e+06 -1.57272293e+01  7.88939739e+06  8.88366747e+01 
 7.98076457e+06 -1.58554636e+01  7.98076457e+06  8.81145659e+01 
 8.07318988e+06 -1.59838545e+01  8.07318988e+06  8.73966208e+01 
 8.16668556e+06 -1.61123956e+01  8.16668556e+06  8.66827246e+01 
 8.26126402e+06 -1.62410809e+01  8.26126402e+06  8.59727631e+01 
 8.35693779e+06 -1.63699044e+01  8.35693779e+06  8.52666236e+01 
 8.45371956e+06 -1.64988608e+01  8.45371956e+06  8.45641943e+01 
 8.55162216e+06 -1.66279446e+01  8.55162216e+06  8.38653645e+01 
 8.65065857e+06 -1.67571510e+01  8.65065857e+06  8.31700244e+01 
 8.75084193e+06 -1.68864750e+01  8.75084193e+06  8.24780648e+01 
 8.85218551e+06 -1.70159122e+01  8.85218551e+06  8.17893776e+01 
 8.95470275e+06 -1.71454581e+01  8.95470275e+06  8.11038551e+01 
 9.05840724e+06 -1.72751087e+01  9.05840724e+06  8.04213905e+01 
 9.16331273e+06 -1.74048599e+01  9.16331273e+06  7.97418773e+01 
 9.26943314e+06 -1.75347080e+01  9.26943314e+06  7.90652095e+01 
 9.37678253e+06 -1.76646494e+01  9.37678253e+06  7.83912819e+01 
 9.48537513e+06 -1.77946808e+01  9.48537513e+06  7.77199892e+01 
 9.59522534e+06 -1.79247990e+01  9.59522534e+06  7.70512268e+01 
 9.70634773e+06 -1.80550009e+01  9.70634773e+06  7.63848902e+01 
 9.81875703e+06 -1.81852839e+01  9.81875703e+06  7.57208754e+01 
 9.93246814e+06 -1.83156452e+01  9.93246814e+06  7.50590784e+01 
 1.00474961e+07 -1.84460824e+01  1.00474961e+07  7.43993957e+01 
 1.01638563e+07 -1.85765935e+01  1.01638563e+07  7.37417239e+01 
 1.02815640e+07 -1.87071762e+01  1.02815640e+07  7.30859597e+01 
 1.04006349e+07 -1.88378289e+01  1.04006349e+07  7.24320001e+01 
 1.05210847e+07 -1.89685500e+01  1.05210847e+07  7.17797425e+01 
 1.06429295e+07 -1.90993380e+01  1.06429295e+07  7.11290842e+01 
 1.07661854e+07 -1.92301919e+01  1.07661854e+07  7.04799230e+01 
 1.08908687e+07 -1.93611106e+01  1.08908687e+07  6.98321569e+01 
 1.10169959e+07 -1.94920934e+01  1.10169959e+07  6.91856841e+01 
 1.11445838e+07 -1.96231399e+01  1.11445838e+07  6.85404030e+01 
 1.12736493e+07 -1.97542498e+01  1.12736493e+07  6.78962127e+01 
 1.14042096e+07 -1.98854231e+01  1.14042096e+07  6.72530124e+01 
 1.15362818e+07 -2.00166599e+01  1.15362818e+07  6.66107017e+01 
 1.16698836e+07 -2.01479606e+01  1.16698836e+07  6.59691807e+01 
 1.18050326e+07 -2.02793261e+01  1.18050326e+07  6.53283500e+01 
 1.19417468e+07 -2.04107571e+01  1.19417468e+07  6.46881107e+01 
 1.20800443e+07 -2.05422549e+01  1.20800443e+07  6.40483646e+01 
 1.22199434e+07 -2.06738209e+01  1.22199434e+07  6.34090139e+01 
 1.23614627e+07 -2.08054566e+01  1.23614627e+07  6.27699617e+01 
 1.25046209e+07 -2.09371640e+01  1.25046209e+07  6.21311117e+01 
 1.26494370e+07 -2.10689452e+01  1.26494370e+07  6.14923684e+01 
 1.27959303e+07 -2.12008025e+01  1.27959303e+07  6.08536371e+01 
 1.29441200e+07 -2.13327387e+01  1.29441200e+07  6.02148241e+01 
 1.30940260e+07 -2.14647564e+01  1.30940260e+07  5.95758366e+01 
 1.32456680e+07 -2.15968589e+01  1.32456680e+07  5.89365828e+01 
 1.33990662e+07 -2.17290494e+01  1.33990662e+07  5.82969719e+01 
 1.35542409e+07 -2.18613315e+01  1.35542409e+07  5.76569142e+01 
 1.37112127e+07 -2.19937089e+01  1.37112127e+07  5.70163213e+01 
 1.38700024e+07 -2.21261857e+01  1.38700024e+07  5.63751059e+01 
 1.40306310e+07 -2.22587661e+01  1.40306310e+07  5.57331821e+01 
 1.41931199e+07 -2.23914545e+01  1.41931199e+07  5.50904652e+01 
 1.43574905e+07 -2.25242556e+01  1.43574905e+07  5.44468719e+01 
 1.45237648e+07 -2.26571742e+01  1.45237648e+07  5.38023204e+01 
 1.46919646e+07 -2.27902155e+01  1.46919646e+07  5.31567304e+01 
 1.48621124e+07 -2.29233847e+01  1.48621124e+07  5.25100232e+01 
 1.50342306e+07 -2.30566873e+01  1.50342306e+07  5.18621215e+01 
 1.52083422e+07 -2.31901288e+01  1.52083422e+07  5.12129498e+01 
 1.53844701e+07 -2.33237153e+01  1.53844701e+07  5.05624343e+01 
 1.55626378e+07 -2.34574526e+01  1.55626378e+07  4.99105029e+01 
 1.57428689e+07 -2.35913470e+01  1.57428689e+07  4.92570853e+01 
 1.59251872e+07 -2.37254048e+01  1.59251872e+07  4.86021132e+01 
 1.61096169e+07 -2.38596326e+01  1.61096169e+07  4.79455199e+01 
 1.62961825e+07 -2.39940369e+01  1.62961825e+07  4.72872408e+01 
 1.64849088e+07 -2.41286246e+01  1.64849088e+07  4.66272134e+01 
 1.66758206e+07 -2.42634026e+01  1.66758206e+07  4.59653770e+01 
 1.68689435e+07 -2.43983781e+01  1.68689435e+07  4.53016730e+01 
 1.70643029e+07 -2.45335581e+01  1.70643029e+07  4.46360451e+01 
 1.72619247e+07 -2.46689501e+01  1.72619247e+07  4.39684389e+01 
 1.74618352e+07 -2.48045613e+01  1.74618352e+07  4.32988024e+01 
 1.76640609e+07 -2.49403994e+01  1.76640609e+07  4.26270857e+01 
 1.78686285e+07 -2.50764720e+01  1.78686285e+07  4.19532412e+01 
 1.80755653e+07 -2.52127867e+01  1.80755653e+07  4.12772235e+01 
 1.82848985e+07 -2.53493512e+01  1.82848985e+07  4.05989897e+01 
 1.84966561e+07 -2.54861736e+01  1.84966561e+07  3.99184993e+01 
 1.87108661e+07 -2.56232615e+01  1.87108661e+07  3.92357139e+01 
 1.89275568e+07 -2.57606231e+01  1.89275568e+07  3.85505978e+01 
 1.91467570e+07 -2.58982662e+01  1.91467570e+07  3.78631177e+01 
 1.93684957e+07 -2.60361989e+01  1.93684957e+07  3.71732428e+01 
 1.95928024e+07 -2.61744292e+01  1.95928024e+07  3.64809447e+01 
 1.98197069e+07 -2.63129653e+01  1.98197069e+07  3.57861979e+01 
 2.00492391e+07 -2.64518152e+01  2.00492391e+07  3.50889791e+01 
 2.02814295e+07 -2.65909869e+01  2.02814295e+07  3.43892677e+01 
 2.05163089e+07 -2.67304886e+01  2.05163089e+07  3.36870459e+01 
 2.07539085e+07 -2.68703283e+01  2.07539085e+07  3.29822984e+01 
 2.09942597e+07 -2.70105140e+01  2.09942597e+07  3.22750126e+01 
 2.12373944e+07 -2.71510538e+01  2.12373944e+07  3.15651788e+01 
 2.14833448e+07 -2.72919555e+01  2.14833448e+07  3.08527897e+01 
 2.17321436e+07 -2.74332271e+01  2.17321436e+07  3.01378409e+01 
 2.19838238e+07 -2.75748764e+01  2.19838238e+07  2.94203309e+01 
 2.22384186e+07 -2.77169112e+01  2.22384186e+07  2.87002608e+01 
 2.24959620e+07 -2.78593392e+01  2.24959620e+07  2.79776347e+01 
 2.27564879e+07 -2.80021679e+01  2.27564879e+07  2.72524592e+01 
 2.30200310e+07 -2.81454050e+01  2.30200310e+07  2.65247442e+01 
 2.32866262e+07 -2.82890576e+01  2.32866262e+07  2.57945020e+01 
 2.35563088e+07 -2.84331333e+01  2.35563088e+07  2.50617482e+01 
 2.38291146e+07 -2.85776390e+01  2.38291146e+07  2.43265008e+01 
 2.41050798e+07 -2.87225818e+01  2.41050798e+07  2.35887812e+01 
 2.43842409e+07 -2.88679687e+01  2.43842409e+07  2.28486134e+01 
 2.46666350e+07 -2.90138063e+01  2.46666350e+07  2.21060243e+01 
 2.49522996e+07 -2.91601011e+01  2.49522996e+07  2.13610440e+01 
 2.52412724e+07 -2.93068597e+01  2.52412724e+07  2.06137052e+01 
 2.55335918e+07 -2.94540881e+01  2.55335918e+07  1.98640438e+01 
 2.58292965e+07 -2.96017924e+01  2.58292965e+07  1.91120985e+01 
 2.61284258e+07 -2.97499785e+01  2.61284258e+07  1.83579111e+01 
 2.64310194e+07 -2.98986519e+01  2.64310194e+07  1.76015261e+01 
 2.67371172e+07 -3.00478180e+01  2.67371172e+07  1.68429912e+01 
 2.70467600e+07 -3.01974819e+01  2.70467600e+07  1.60823570e+01 
 2.73599888e+07 -3.03476487e+01  2.73599888e+07  1.53196769e+01 
 2.76768451e+07 -3.04983229e+01  2.76768451e+07  1.45550074e+01 
 2.79973709e+07 -3.06495090e+01  2.79973709e+07  1.37884080e+01 
 2.83216087e+07 -3.08012111e+01  2.83216087e+07  1.30199409e+01 
 2.86496015e+07 -3.09534331e+01  2.86496015e+07  1.22496714e+01 
 2.89813928e+07 -3.11061786e+01  2.89813928e+07  1.14776678e+01 
 2.93170265e+07 -3.12594508e+01  2.93170265e+07  1.07040009e+01 
 2.96565473e+07 -3.14132527e+01  2.96565473e+07  9.92874482e+00 
 3.00000000e+07 -3.15675870e+01  3.00000000e+07  9.15197634e+00 
