 2.00000000e-01  1.47729041e+00  2.00000000e-01  6.78861426e+01 
 2.02316202e-01  1.56298982e+00  2.02316202e-01  6.76551081e+01 
 2.04659228e-01  1.64840445e+00  2.04659228e-01  6.74221747e+01 
 2.07029388e-01  1.73352961e+00  2.07029388e-01  6.71873423e+01 
 2.09426997e-01  1.81836058e+00  2.09426997e-01  6.69506112e+01 
 2.11852373e-01  1.90289262e+00  2.11852373e-01  6.67119824e+01 
 2.14305837e-01  1.98712093e+00  2.14305837e-01  6.64714574e+01 
 2.16787715e-01  2.07104068e+00  2.16787715e-01  6.62290382e+01 
 2.19298335e-01  2.15464701e+00  2.19298335e-01  6.59847274e+01 
 2.21838031e-01  2.23793505e+00  2.21838031e-01  6.57385282e+01 
 2.24407140e-01  2.32089988e+00  2.24407140e-01  6.54904442e+01 
 2.27006001e-01  2.40353654e+00  2.27006001e-01  6.52404798e+01 
 2.29634959e-01  2.48584008e+00  2.29634959e-01  6.49886399e+01 
 2.32294364e-01  2.56780551e+00  2.32294364e-01  6.47349301e+01 
 2.34984567e-01  2.64942780e+00  2.34984567e-01  6.44793564e+01 
 2.37705925e-01  2.73070193e+00  2.37705925e-01  6.42219258e+01 
 2.40458800e-01  2.81162284e+00  2.40458800e-01  6.39626456e+01 
 2.43243555e-01  2.89218549e+00  2.43243555e-01  6.37015239e+01 
 2.46060561e-01  2.97238477e+00  2.46060561e-01  6.34385695e+01 
 2.48910190e-01  3.05221562e+00  2.48910190e-01  6.31737919e+01 
 2.51792821e-01  3.13167294e+00  2.51792821e-01  6.29072012e+01 
 2.54708836e-01  3.21075161e+00  2.54708836e-01  6.26388082e+01 
 2.57658622e-01  3.28944655e+00  2.57658622e-01  6.23686244e+01 
 2.60642568e-01  3.36775265e+00  2.60642568e-01  6.20966621e+01 
 2.63661072e-01  3.44566480e+00  2.63661072e-01  6.18229343e+01 
 2.66714534e-01  3.52317792e+00  2.66714534e-01  6.15474546e+01 
 2.69803357e-01  3.60028691e+00  2.69803357e-01  6.12702375e+01 
 2.72927952e-01  3.67698671e+00  2.72927952e-01  6.09912981e+01 
 2.76088733e-01  3.75327224e+00  2.76088733e-01  6.07106523e+01 
 2.79286119e-01  3.82913847e+00  2.79286119e-01  6.04283169e+01 
 2.82520534e-01  3.90458037e+00  2.82520534e-01  6.01443091e+01 
 2.85792407e-01  3.97959295e+00  2.85792407e-01  5.98586472e+01 
 2.89102171e-01  4.05417123e+00  2.89102171e-01  5.95713501e+01 
 2.92450266e-01  4.12831027e+00  2.92450266e-01  5.92824375e+01 
 2.95837135e-01  4.20200516e+00  2.95837135e-01  5.89919299e+01 
 2.99263228e-01  4.27525103e+00  2.99263228e-01  5.86998485e+01 
 3.02728998e-01  4.34804305e+00  3.02728998e-01  5.84062153e+01 
 3.06234905e-01  4.42037643e+00  3.06234905e-01  5.81110530e+01 
 3.09781414e-01  4.49224643e+00  3.09781414e-01  5.78143852e+01 
 3.13368996e-01  4.56364837e+00  3.13368996e-01  5.75162362e+01 
 3.16998125e-01  4.63457761e+00  3.16998125e-01  5.72166311e+01 
 3.20669283e-01  4.70502956e+00  3.20669283e-01  5.69155956e+01 
 3.24382957e-01  4.77499973e+00  3.24382957e-01  5.66131563e+01 
 3.28139639e-01  4.84448365e+00  3.28139639e-01  5.63093406e+01 
 3.31939827e-01  4.91347696e+00  3.31939827e-01  5.60041765e+01 
 3.35784025e-01  4.98197533e+00  3.35784025e-01  5.56976927e+01 
 3.39672743e-01  5.04997454e+00  3.39672743e-01  5.53899189e+01 
 3.43606496e-01  5.11747043e+00  3.43606496e-01  5.50808852e+01 
 3.47585805e-01  5.18445893e+00  3.47585805e-01  5.47706227e+01 
 3.51611200e-01  5.25093607e+00  3.51611200e-01  5.44591628e+01 
 3.55683212e-01  5.31689794e+00  3.55683212e-01  5.41465380e+01 
 3.59802383e-01  5.38234075e+00  3.59802383e-01  5.38327814e+01 
 3.63969257e-01  5.44726080e+00  3.63969257e-01  5.35179264e+01 
 3.68184388e-01  5.51165448e+00  3.68184388e-01  5.32020076e+01 
 3.72448335e-01  5.57551829e+00  3.72448335e-01  5.28850597e+01 
 3.76761663e-01  5.63884885e+00  3.76761663e-01  5.25671184e+01 
 3.81124943e-01  5.70164286e+00  3.81124943e-01  5.22482199e+01 
 3.85538754e-01  5.76389717e+00  3.85538754e-01  5.19284009e+01 
 3.90003682e-01  5.82560871e+00  3.90003682e-01  5.16076987e+01 
 3.94520318e-01  5.88677456e+00  3.94520318e-01  5.12861511e+01 
 3.99089261e-01  5.94739191e+00  3.99089261e-01  5.09637966e+01 
 4.03711118e-01  6.00745806e+00  4.03711118e-01  5.06406741e+01 
 4.08386500e-01  6.06697046e+00  4.08386500e-01  5.03168228e+01 
 4.13116027e-01  6.12592668e+00  4.13116027e-01  4.99922827e+01 
 4.17900328e-01  6.18432442e+00  4.17900328e-01  4.96670940e+01 
 4.22740035e-01  6.24216152e+00  4.22740035e-01  4.93412974e+01 
 4.27635791e-01  6.29943596e+00  4.27635791e-01  4.90149339e+01 
 4.32588245e-01  6.35614585e+00  4.32588245e-01  4.86880451e+01 
 4.37598053e-01  6.41228943e+00  4.37598053e-01  4.83606726e+01 
 4.42665880e-01  6.46786512e+00  4.42665880e-01  4.80328586e+01 
 4.47792398e-01  6.52287146e+00  4.47792398e-01  4.77046454e+01 
 4.52978286e-01  6.57730712e+00  4.52978286e-01  4.73760758e+01 
 4.58224231e-01  6.63117095e+00  4.58224231e-01  4.70471925e+01 
 4.63530930e-01  6.68446192e+00  4.63530930e-01  4.67180387e+01 
 4.68899086e-01  6.73717918e+00  4.68899086e-01  4.63886575e+01 
 4.74329410e-01  6.78932200e+00  4.74329410e-01  4.60590925e+01 
 4.79822623e-01  6.84088982e+00  4.79822623e-01  4.57293872e+01 
 4.85379453e-01  6.89188223e+00  4.85379453e-01  4.53995851e+01 
 4.91000637e-01  6.94229897e+00  4.91000637e-01  4.50697300e+01 
 4.96686920e-01  6.99213992e+00  4.96686920e-01  4.47398656e+01 
 5.02439056e-01  7.04140513e+00  5.02439056e-01  4.44100355e+01 
 5.08257807e-01  7.09009479e+00  5.08257807e-01  4.40802837e+01 
 5.14143945e-01  7.13820926e+00  5.14143945e-01  4.37506535e+01 
 5.20098251e-01  7.18574904e+00  5.20098251e-01  4.34211888e+01 
 5.26121513e-01  7.23271478e+00  5.26121513e-01  4.30919328e+01 
 5.32214531e-01  7.27910728e+00  5.32214531e-01  4.27629290e+01 
 5.38378112e-01  7.32492750e+00  5.38378112e-01  4.24342205e+01 
 5.44613074e-01  7.37017653e+00  5.44613074e-01  4.21058503e+01 
 5.50920243e-01  7.41485563e+00  5.50920243e-01  4.17778611e+01 
 5.57300455e-01  7.45896619e+00  5.57300455e-01  4.14502954e+01 
 5.63754556e-01  7.50250977e+00  5.63754556e-01  4.11231954e+01 
 5.70283403e-01  7.54548803e+00  5.70283403e-01  4.07966030e+01 
 5.76887860e-01  7.58790281e+00  5.76887860e-01  4.04705599e+01 
 5.83568804e-01  7.62975607e+00  5.83568804e-01  4.01451072e+01 
 5.90327119e-01  7.67104992e+00  5.90327119e-01  3.98202859e+01 
 5.97163703e-01  7.71178660e+00  5.97163703e-01  3.94961363e+01 
 6.04079461e-01  7.75196848e+00  6.04079461e-01  3.91726984e+01 
 6.11075310e-01  7.79159807e+00  6.11075310e-01  3.88500120e+01 
 6.18152179e-01  7.83067799e+00  6.18152179e-01  3.85281159e+01 
 6.25311005e-01  7.86921101e+00  6.25311005e-01  3.82070489e+01 
 6.32552737e-01  7.90720002e+00  6.32552737e-01  3.78868490e+01 
 6.39878336e-01  7.94464800e+00  6.39878336e-01  3.75675538e+01 
 6.47288773e-01  7.98155808e+00  6.47288773e-01  3.72492002e+01 
 6.54785030e-01  8.01793350e+00  6.54785030e-01  3.69318247e+01 
 6.62368101e-01  8.05377761e+00  6.62368101e-01  3.66154631e+01 
 6.70038992e-01  8.08909384e+00  6.70038992e-01  3.63001506e+01 
 6.77798719e-01  8.12388577e+00  6.77798719e-01  3.59859218e+01 
 6.85648312e-01  8.15815706e+00  6.85648312e-01  3.56728107e+01 
 6.93588812e-01  8.19191146e+00  6.93588812e-01  3.53608504e+01 
 7.01621270e-01  8.22515282e+00  7.01621270e-01  3.50500737e+01 
 7.09746752e-01  8.25788510e+00  7.09746752e-01  3.47405125e+01 
 7.17966335e-01  8.29011232e+00  7.17966335e-01  3.44321980e+01 
 7.26281110e-01  8.32183861e+00  7.26281110e-01  3.41251608e+01 
 7.34692178e-01  8.35306817e+00  7.34692178e-01  3.38194307e+01 
 7.43200655e-01  8.38380526e+00  7.43200655e-01  3.35150368e+01 
 7.51807668e-01  8.41405424e+00  7.51807668e-01  3.32120075e+01 
 7.60514359e-01  8.44381954e+00  7.60514359e-01  3.29103703e+01 
 7.69321883e-01  8.47310563e+00  7.69321883e-01  3.26101523e+01 
 7.78231406e-01  8.50191708e+00  7.78231406e-01  3.23113794e+01 
 7.87244111e-01  8.53025848e+00  7.87244111e-01  3.20140772e+01 
 7.96361192e-01  8.55813451e+00  7.96361192e-01  3.17182702e+01 
 8.05583858e-01  8.58554989e+00  8.05583858e-01  3.14239822e+01 
 8.14913332e-01  8.61250937e+00  8.14913332e-01  3.11312364e+01 
 8.24350851e-01  8.63901778e+00  8.24350851e-01  3.08400551e+01 
 8.33897665e-01  8.66507997e+00  8.33897665e-01  3.05504598e+01 
 8.43555041e-01  8.69070084e+00  8.43555041e-01  3.02624714e+01 
 8.53324260e-01  8.71588530e+00  8.53324260e-01  2.99761098e+01 
 8.63206616e-01  8.74063832e+00  8.63206616e-01  2.96913943e+01 
 8.73203419e-01  8.76496490e+00  8.73203419e-01  2.94083434e+01 
 8.83315996e-01  8.78887003e+00  8.83315996e-01  2.91269749e+01 
 8.93545686e-01  8.81235877e+00  8.93545686e-01  2.88473056e+01 
 9.03893847e-01  8.83543615e+00  9.03893847e-01  2.85693519e+01 
 9.14361849e-01  8.85810725e+00  9.14361849e-01  2.82931292e+01 
 9.24951082e-01  8.88037716e+00  9.24951082e-01  2.80186522e+01 
 9.35662949e-01  8.90225096e+00  9.35662949e-01  2.77459350e+01 
 9.46498870e-01  8.92373376e+00  9.46498870e-01  2.74749908e+01 
 9.57460281e-01  8.94483065e+00  9.57460281e-01  2.72058322e+01 
 9.68548637e-01  8.96554674e+00  9.68548637e-01  2.69384709e+01 
 9.79765408e-01  8.98588713e+00  9.79765408e-01  2.66729182e+01 
 9.91112080e-01  9.00585692e+00  9.91112080e-01  2.64091844e+01 
 1.00259016e+00  9.02546120e+00  1.00259016e+00  2.61472793e+01 
 1.01420116e+00  9.04470505e+00  1.01420116e+00  2.58872119e+01 
 1.02594664e+00  9.06359354e+00  1.02594664e+00  2.56289907e+01 
 1.03782813e+00  9.08213172e+00  1.03782813e+00  2.53726232e+01 
 1.04984723e+00  9.10032465e+00  1.04984723e+00  2.51181167e+01 
 1.06200552e+00  9.11817733e+00  1.06200552e+00  2.48654775e+01 
 1.07430462e+00  9.13569477e+00  1.07430462e+00  2.46147115e+01 
 1.08674615e+00  9.15288194e+00  1.08674615e+00  2.43658237e+01 
 1.09933176e+00  9.16974381e+00  1.09933176e+00  2.41188189e+01 
 1.11206313e+00  9.18628530e+00  1.11206313e+00  2.38737009e+01 
 1.12494195e+00  9.20251130e+00  1.12494195e+00  2.36304732e+01 
 1.13796991e+00  9.21842669e+00  1.13796991e+00  2.33891385e+01 
 1.15114875e+00  9.23403631e+00  1.15114875e+00  2.31496991e+01 
 1.16448021e+00  9.24934495e+00  1.16448021e+00  2.29121568e+01 
 1.17796607e+00  9.26435740e+00  1.17796607e+00  2.26765127e+01 
 1.19160810e+00  9.27907839e+00  1.19160810e+00  2.24427674e+01 
 1.20540813e+00  9.29351261e+00  1.20540813e+00  2.22109210e+01 
 1.21936797e+00  9.30766472e+00  1.21936797e+00  2.19809733e+01 
 1.23348948e+00  9.32153935e+00  1.23348948e+00  2.17529233e+01 
 1.24777453e+00  9.33514107e+00  1.24777453e+00  2.15267697e+01 
 1.26222502e+00  9.34847442e+00  1.26222502e+00  2.13025108e+01 
 1.27684286e+00  9.36154389e+00  1.27684286e+00  2.10801442e+01 
 1.29162999e+00  9.37435394e+00  1.29162999e+00  2.08596672e+01 
 1.30658837e+00  9.38690896e+00  1.30658837e+00  2.06410768e+01 
 1.32171998e+00  9.39921333e+00  1.32171998e+00  2.04243695e+01 
 1.33702683e+00  9.41127135e+00  1.33702683e+00  2.02095412e+01 
 1.35251095e+00  9.42308730e+00  1.35251095e+00  1.99965877e+01 
 1.36817439e+00  9.43466538e+00  1.36817439e+00  1.97855043e+01 
 1.38401923e+00  9.44600978e+00  1.38401923e+00  1.95762858e+01 
 1.40004757e+00  9.45712462e+00  1.40004757e+00  1.93689270e+01 
 1.41626153e+00  9.46801398e+00  1.41626153e+00  1.91634220e+01 
 1.43266327e+00  9.47868187e+00  1.43266327e+00  1.89597646e+01 
 1.44925496e+00  9.48913228e+00  1.44925496e+00  1.87579486e+01 
 1.46603879e+00  9.49936913e+00  1.46603879e+00  1.85579672e+01 
 1.48301700e+00  9.50939629e+00  1.48301700e+00  1.83598133e+01 
 1.50019183e+00  9.51921760e+00  1.50019183e+00  1.81634796e+01 
 1.51756557e+00  9.52883682e+00  1.51756557e+00  1.79689586e+01 
 1.53514051e+00  9.53825768e+00  1.53514051e+00  1.77762423e+01 
 1.55291899e+00  9.54748385e+00  1.55291899e+00  1.75853228e+01 
 1.57090335e+00  9.55651896e+00  1.57090335e+00  1.73961915e+01 
 1.58909600e+00  9.56536658e+00  1.58909600e+00  1.72088400e+01 
 1.60749933e+00  9.57403022e+00  1.60749933e+00  1.70232595e+01 
 1.62611580e+00  9.58251335e+00  1.62611580e+00  1.68394408e+01 
 1.64494786e+00  9.59081940e+00  1.64494786e+00  1.66573747e+01 
 1.66399802e+00  9.59895173e+00  1.66399802e+00  1.64770519e+01 
 1.68326879e+00  9.60691367e+00  1.68326879e+00  1.62984627e+01 
 1.70276274e+00  9.61470847e+00  1.70276274e+00  1.61215973e+01 
 1.72248245e+00  9.62233935e+00  1.72248245e+00  1.59464457e+01 
 1.74243054e+00  9.62980949e+00  1.74243054e+00  1.57729978e+01 
 1.76260964e+00  9.63712200e+00  1.76260964e+00  1.56012433e+01 
 1.78302244e+00  9.64427995e+00  1.78302244e+00  1.54311719e+01 
 1.80367164e+00  9.65128636e+00  1.80367164e+00  1.52627728e+01 
 1.82455997e+00  9.65814420e+00  1.82455997e+00  1.50960355e+01 
 1.84569022e+00  9.66485640e+00  1.84569022e+00  1.49309492e+01 
 1.86706517e+00  9.67142582e+00  1.86706517e+00  1.47675028e+01 
 1.88868767e+00  9.67785531e+00  1.88868767e+00  1.46056854e+01 
 1.91056058e+00  9.68414763e+00  1.91056058e+00  1.44454859e+01 
 1.93268680e+00  9.69030552e+00  1.93268680e+00  1.42868930e+01 
 1.95506926e+00  9.69633166e+00  1.95506926e+00  1.41298954e+01 
 1.97771094e+00  9.70222871e+00  1.97771094e+00  1.39744818e+01 
 2.00061483e+00  9.70799925e+00  2.00061483e+00  1.38206406e+01 
 2.02378396e+00  9.71364584e+00  2.02378396e+00  1.36683603e+01 
 2.04722142e+00  9.71917099e+00  2.04722142e+00  1.35176295e+01 
 2.07093031e+00  9.72457714e+00  2.07093031e+00  1.33684363e+01 
 2.09491378e+00  9.72986673e+00  2.09491378e+00  1.32207692e+01 
 2.11917499e+00  9.73504214e+00  2.11917499e+00  1.30746164e+01 
 2.14371718e+00  9.74010568e+00  2.14371718e+00  1.29299661e+01 
 2.16854358e+00  9.74505966e+00  2.16854358e+00  1.27868065e+01 
 2.19365751e+00  9.74990633e+00  2.19365751e+00  1.26451258e+01 
 2.21906227e+00  9.75464788e+00  2.21906227e+00  1.25049122e+01 
 2.24476125e+00  9.75928650e+00  2.24476125e+00  1.23661537e+01 
 2.27075785e+00  9.76382431e+00  2.27075785e+00  1.22288385e+01 
 2.29705552e+00  9.76826340e+00  2.29705552e+00  1.20929547e+01 
 2.32365774e+00  9.77260582e+00  2.32365774e+00  1.19584903e+01 
 2.35056804e+00  9.77685357e+00  2.35056804e+00  1.18254335e+01 
 2.37778999e+00  9.78100864e+00  2.37778999e+00  1.16937724e+01 
 2.40532720e+00  9.78507297e+00  2.40532720e+00  1.15634951e+01 
 2.43318331e+00  9.78904844e+00  2.43318331e+00  1.14345896e+01 
 2.46136203e+00  9.79293693e+00  2.46136203e+00  1.13070442e+01 
 2.48986709e+00  9.79674025e+00  2.48986709e+00  1.11808469e+01 
 2.51870226e+00  9.80046022e+00  2.51870226e+00  1.10559860e+01 
 2.54787137e+00  9.80409858e+00  2.54787137e+00  1.09324496e+01 
 2.57737829e+00  9.80765705e+00  2.57737829e+00  1.08102259e+01 
 2.60722693e+00  9.81113733e+00  2.60722693e+00  1.06893031e+01 
 2.63742125e+00  9.81454108e+00  2.63742125e+00  1.05696696e+01 
 2.66796525e+00  9.81786992e+00  2.66796525e+00  1.04513137e+01 
 2.69886298e+00  9.82112544e+00  2.69886298e+00  1.03342237e+01 
 2.73011854e+00  9.82430921e+00  2.73011854e+00  1.02183880e+01 
 2.76173606e+00  9.82742275e+00  2.76173606e+00  1.01037949e+01 
 2.79371975e+00  9.83046757e+00  2.79371975e+00  9.99043311e+00 
 2.82607385e+00  9.83344513e+00  2.82607385e+00  9.87829100e+00 
 2.85880263e+00  9.83635688e+00  2.85880263e+00  9.76735716e+00 
 2.89191045e+00  9.83920423e+00  2.89191045e+00  9.65762021e+00 
 2.92540169e+00  9.84198857e+00  2.92540169e+00  9.54906883e+00 
 2.95928080e+00  9.84471124e+00  2.95928080e+00  9.44169174e+00 
 2.99355225e+00  9.84737358e+00  2.99355225e+00  9.33547772e+00 
 3.02822061e+00  9.84997688e+00  3.02822061e+00  9.23041561e+00 
 3.06329046e+00  9.85252243e+00  3.06329046e+00  9.12649429e+00 
 3.09876645e+00  9.85501147e+00  3.09876645e+00  9.02370273e+00 
 3.13465329e+00  9.85744522e+00  3.13465329e+00  8.92202994e+00 
 3.17095574e+00  9.85982489e+00  3.17095574e+00  8.82146500e+00 
 3.20767861e+00  9.86215164e+00  3.20767861e+00  8.72199706e+00 
 3.24482676e+00  9.86442662e+00  3.24482676e+00  8.62361533e+00 
 3.28240513e+00  9.86665097e+00  3.28240513e+00  8.52630907e+00 
 3.32041869e+00  9.86882578e+00  3.32041869e+00  8.43006764e+00 
 3.35887249e+00  9.87095213e+00  3.35887249e+00  8.33488045e+00 
 3.39777162e+00  9.87303107e+00  3.39777162e+00  8.24073697e+00 
 3.43712125e+00  9.87506365e+00  3.43712125e+00  8.14762676e+00 
 3.47692658e+00  9.87705088e+00  3.47692658e+00  8.05553944e+00 
 3.51719290e+00  9.87899375e+00  3.51719290e+00  7.96446470e+00 
 3.55792554e+00  9.88089322e+00  3.55792554e+00  7.87439230e+00 
 3.59912991e+00  9.88275026e+00  3.59912991e+00  7.78531208e+00 
 3.64081146e+00  9.88456579e+00  3.64081146e+00  7.69721396e+00 
 3.68297573e+00  9.88634071e+00  3.68297573e+00  7.61008791e+00 
 3.72562831e+00  9.88807594e+00  3.72562831e+00  7.52392400e+00 
 3.76877484e+00  9.88977232e+00  3.76877484e+00  7.43871237e+00 
 3.81242106e+00  9.89143073e+00  3.81242106e+00  7.35444321e+00 
 3.85657274e+00  9.89305200e+00  3.85657274e+00  7.27110682e+00 
 3.90123574e+00  9.89463694e+00  3.90123574e+00  7.18869355e+00 
 3.94641599e+00  9.89618636e+00  3.94641599e+00  7.10719384e+00 
 3.99211947e+00  9.89770104e+00  3.99211947e+00  7.02659821e+00 
 4.03835224e+00  9.89918175e+00  4.03835224e+00  6.94689724e+00 
 4.08512043e+00  9.90062923e+00  4.08512043e+00  6.86808160e+00 
 4.13243025e+00  9.90204423e+00  4.13243025e+00  6.79014203e+00 
 4.18028796e+00  9.90342746e+00  4.18028796e+00  6.71306935e+00 
 4.22869991e+00  9.90477963e+00  4.22869991e+00  6.63685446e+00 
 4.27767252e+00  9.90610142e+00  4.27767252e+00  6.56148833e+00 
 4.32721228e+00  9.90739351e+00  4.32721228e+00  6.48696200e+00 
 4.37732577e+00  9.90865656e+00  4.37732577e+00  6.41326662e+00 
 4.42801962e+00  9.90989120e+00  4.42801962e+00  6.34039337e+00 
 4.47930055e+00  9.91109808e+00  4.47930055e+00  6.26833354e+00 
 4.53117537e+00  9.91227781e+00  4.53117537e+00  6.19707849e+00 
 4.58365095e+00  9.91343099e+00  4.58365095e+00  6.12661965e+00 
 4.63673425e+00  9.91455821e+00  4.63673425e+00  6.05694853e+00 
 4.69043232e+00  9.91566005e+00  4.69043232e+00  5.98805672e+00 
 4.74475225e+00  9.91673708e+00  4.74475225e+00  5.91993587e+00 
 4.79970127e+00  9.91778985e+00  4.79970127e+00  5.85257773e+00 
 4.85528665e+00  9.91881890e+00  4.85528665e+00  5.78597411e+00 
 4.91151577e+00  9.91982475e+00  4.91151577e+00  5.72011690e+00 
 4.96839608e+00  9.92080794e+00  4.96839608e+00  5.65499806e+00 
 5.02593512e+00  9.92176895e+00  5.02593512e+00  5.59060962e+00 
 5.08414052e+00  9.92270830e+00  5.08414052e+00  5.52694371e+00 
 5.14302000e+00  9.92362645e+00  5.14302000e+00  5.46399251e+00 
 5.20258136e+00  9.92452389e+00  5.20258136e+00  5.40174828e+00 
 5.26283250e+00  9.92540108e+00  5.26283250e+00  5.34020335e+00 
 5.32378141e+00  9.92625847e+00  5.32378141e+00  5.27935014e+00 
 5.38543617e+00  9.92709651e+00  5.38543617e+00  5.21918111e+00 
 5.44780495e+00  9.92791562e+00  5.44780495e+00  5.15968884e+00 
 5.51089603e+00  9.92871624e+00  5.51089603e+00  5.10086593e+00 
 5.57471776e+00  9.92949877e+00  5.57471776e+00  5.04270508e+00 
 5.63927862e+00  9.93026362e+00  5.63927862e+00  4.98519907e+00 
 5.70458716e+00  9.93101119e+00  5.70458716e+00  4.92834073e+00 
 5.77065203e+00  9.93174187e+00  5.77065203e+00  4.87212296e+00 
 5.83748200e+00  9.93245603e+00  5.83748200e+00  4.81653876e+00 
 5.90508593e+00  9.93315405e+00  5.90508593e+00  4.76158116e+00 
 5.97347279e+00  9.93383628e+00  5.97347279e+00  4.70724329e+00 
 6.04265163e+00  9.93450309e+00  6.04265163e+00  4.65351832e+00 
 6.11263163e+00  9.93515482e+00  6.11263163e+00  4.60039952e+00 
 6.18342207e+00  9.93579180e+00  6.18342207e+00  4.54788020e+00 
 6.25503234e+00  9.93641438e+00  6.25503234e+00  4.49595376e+00 
 6.32747192e+00  9.93702286e+00  6.32747192e+00  4.44461365e+00 
 6.40075043e+00  9.93761758e+00  6.40075043e+00  4.39385339e+00 
 6.47487758e+00  9.93819884e+00  6.47487758e+00  4.34366657e+00 
 6.54986319e+00  9.93876694e+00  6.54986319e+00  4.29404684e+00 
 6.62571722e+00  9.93932218e+00  6.62571722e+00  4.24498793e+00 
 6.70244971e+00  9.93986484e+00  6.70244971e+00  4.19648361e+00 
 6.78007084e+00  9.94039522e+00  6.78007084e+00  4.14852773e+00 
 6.85859090e+00  9.94091359e+00  6.85859090e+00  4.10111420e+00 
 6.93802030e+00  9.94142022e+00  6.93802030e+00  4.05423700e+00 
 7.01836957e+00  9.94191537e+00  7.01836957e+00  4.00789015e+00 
 7.09964937e+00  9.94239930e+00  7.09964937e+00  3.96206776e+00 
 7.18187048e+00  9.94287227e+00  7.18187048e+00  3.91676399e+00 
 7.26504378e+00  9.94333452e+00  7.26504378e+00  3.87197305e+00 
 7.34918032e+00  9.94378630e+00  7.34918032e+00  3.82768922e+00 
 7.43429124e+00  9.94422784e+00  7.43429124e+00  3.78390685e+00 
 7.52038784e+00  9.94465937e+00  7.52038784e+00  3.74062032e+00 
 7.60748151e+00  9.94508112e+00  7.60748151e+00  3.69782411e+00 
 7.69558382e+00  9.94549330e+00  7.69558382e+00  3.65551272e+00 
 7.78470645e+00  9.94589614e+00  7.78470645e+00  3.61368074e+00 
 7.87486120e+00  9.94628985e+00  7.87486120e+00  3.57232278e+00 
 7.96606004e+00  9.94667463e+00  7.96606004e+00  3.53143355e+00 
 8.05831505e+00  9.94705068e+00  8.05831505e+00  3.49100778e+00 
 8.15163847e+00  9.94741821e+00  8.15163847e+00  3.45104028e+00 
 8.24604267e+00  9.94777739e+00  8.24604267e+00  3.41152590e+00 
 8.34154016e+00  9.94812843e+00  8.34154016e+00  3.37245955e+00 
 8.43814361e+00  9.94847151e+00  8.43814361e+00  3.33383620e+00 
 8.53586583e+00  9.94880680e+00  8.53586583e+00  3.29565087e+00 
 8.63471977e+00  9.94913449e+00  8.63471977e+00  3.25789862e+00 
 8.73471853e+00  9.94945474e+00  8.73471853e+00  3.22057459e+00 
 8.83587539e+00  9.94976772e+00  8.83587539e+00  3.18367395e+00 
 8.93820374e+00  9.95007360e+00  8.93820374e+00  3.14719193e+00 
 9.04171716e+00  9.95037254e+00  9.04171716e+00  3.11112381e+00 
 9.14642936e+00  9.95066469e+00  9.14642936e+00  3.07546493e+00 
 9.25235424e+00  9.95095022e+00  9.25235424e+00  3.04021066e+00 
 9.35950584e+00  9.95122926e+00  9.35950584e+00  3.00535644e+00 
 9.46789836e+00  9.95150196e+00  9.46789836e+00  2.97089775e+00 
 9.57754617e+00  9.95176848e+00  9.57754617e+00  2.93683012e+00 
 9.68846382e+00  9.95202894e+00  9.68846382e+00  2.90314912e+00 
 9.80066601e+00  9.95228350e+00  9.80066601e+00  2.86985040e+00 
 9.91416761e+00  9.95253227e+00  9.91416761e+00  2.83692961e+00 
 1.00289837e+01  9.95277539e+00  1.00289837e+01  2.80438248e+00 
 1.01451294e+01  9.95301299e+00  1.01451294e+01  2.77220479e+00 
 1.02626203e+01  9.95324520e+00  1.02626203e+01  2.74039234e+00 
 1.03814717e+01  9.95347213e+00  1.03814717e+01  2.70894099e+00 
 1.05016997e+01  9.95369391e+00  1.05016997e+01  2.67784666e+00 
 1.06233199e+01  9.95391065e+00  1.06233199e+01  2.64710528e+00 
 1.07463487e+01  9.95412247e+00  1.07463487e+01  2.61671286e+00 
 1.08708023e+01  9.95432948e+00  1.08708023e+01  2.58666544e+00 
 1.09966971e+01  9.95453178e+00  1.09966971e+01  2.55695908e+00 
 1.11240500e+01  9.95472949e+00  1.11240500e+01  2.52758993e+00 
 1.12528777e+01  9.95492271e+00  1.12528777e+01  2.49855414e+00 
 1.13831974e+01  9.95511154e+00  1.13831974e+01  2.46984793e+00 
 1.15150263e+01  9.95529608e+00  1.15150263e+01  2.44146755e+00 
 1.16483819e+01  9.95547643e+00  1.16483819e+01  2.41340929e+00 
 1.17832819e+01  9.95565268e+00  1.17832819e+01  2.38566948e+00 
 1.19197442e+01  9.95582493e+00  1.19197442e+01  2.35824450e+00 
 1.20577869e+01  9.95599326e+00  1.20577869e+01  2.33113076e+00 
 1.21974282e+01  9.95615777e+00  1.21974282e+01  2.30432471e+00 
 1.23386867e+01  9.95631853e+00  1.23386867e+01  2.27782285e+00 
 1.24815812e+01  9.95647565e+00  1.24815812e+01  2.25162171e+00 
 1.26261305e+01  9.95662920e+00  1.26261305e+01  2.22571785e+00 
 1.27723538e+01  9.95677925e+00  1.27723538e+01  2.20010789e+00 
 1.29202705e+01  9.95692590e+00  1.29202705e+01  2.17478847e+00 
 1.30699003e+01  9.95706921e+00  1.30699003e+01  2.14975627e+00 
 1.32212629e+01  9.95720927e+00  1.32212629e+01  2.12500800e+00 
 1.33743785e+01  9.95734615e+00  1.33743785e+01  2.10054044e+00 
 1.35292673e+01  9.95747991e+00  1.35292673e+01  2.07635036e+00 
 1.36859499e+01  9.95761063e+00  1.36859499e+01  2.05243460e+00 
 1.38444470e+01  9.95773839e+00  1.38444470e+01  2.02879001e+00 
 1.40047796e+01  9.95786324e+00  1.40047796e+01  2.00541350e+00 
 1.41669691e+01  9.95798525e+00  1.41669691e+01  1.98230198e+00 
 1.43310369e+01  9.95810449e+00  1.43310369e+01  1.95945244e+00 
 1.44970048e+01  9.95822102e+00  1.44970048e+01  1.93686187e+00 
 1.46648947e+01  9.95833490e+00  1.46648947e+01  1.91452730e+00 
 1.48347290e+01  9.95844619e+00  1.48347290e+01  1.89244579e+00 
 1.50065301e+01  9.95855495e+00  1.50065301e+01  1.87061445e+00 
 1.51803209e+01  9.95866124e+00  1.51803209e+01  1.84903041e+00 
 1.53561243e+01  9.95876512e+00  1.53561243e+01  1.82769082e+00 
 1.55339637e+01  9.95886663e+00  1.55339637e+01  1.80659289e+00 
 1.57138627e+01  9.95896584e+00  1.57138627e+01  1.78573383e+00 
 1.58958451e+01  9.95906279e+00  1.58958451e+01  1.76511090e+00 
 1.60799350e+01  9.95915754e+00  1.60799350e+01  1.74472140e+00 
 1.62661569e+01  9.95925013e+00  1.62661569e+01  1.72456263e+00 
 1.64545354e+01  9.95934062e+00  1.64545354e+01  1.70463194e+00 
 1.66450955e+01  9.95942905e+00  1.66450955e+01  1.68492672e+00 
 1.68378625e+01  9.95951548e+00  1.68378625e+01  1.66544436e+00 
 1.70328619e+01  9.95959994e+00  1.70328619e+01  1.64618230e+00 
 1.72301197e+01  9.95968247e+00  1.72301197e+01  1.62713800e+00 
 1.74296618e+01  9.95976314e+00  1.74296618e+01  1.60830896e+00 
 1.76315149e+01  9.95984197e+00  1.76315149e+01  1.58969269e+00 
 1.78357056e+01  9.95991900e+00  1.78357056e+01  1.57128675e+00 
 1.80422611e+01  9.95999429e+00  1.80422611e+01  1.55308870e+00 
 1.82512087e+01  9.96006786e+00  1.82512087e+01  1.53509615e+00 
 1.84625761e+01  9.96013977e+00  1.84625761e+01  1.51730672e+00 
 1.86763914e+01  9.96021004e+00  1.86763914e+01  1.49971807e+00 
 1.88926828e+01  9.96027871e+00  1.88926828e+01  1.48232789e+00 
 1.91114791e+01  9.96034582e+00  1.91114791e+01  1.46513387e+00 
 1.93328093e+01  9.96041140e+00  1.93328093e+01  1.44813376e+00 
 1.95567028e+01  9.96047550e+00  1.95567028e+01  1.43132530e+00 
 1.97831891e+01  9.96053813e+00  1.97831891e+01  1.41470629e+00 
 2.00122984e+01  9.96059935e+00  2.00122984e+01  1.39827452e+00 
 2.02440610e+01  9.96065917e+00  2.02440610e+01  1.38202783e+00 
 2.04785077e+01  9.96071763e+00  2.04785077e+01  1.36596408e+00 
 2.07156695e+01  9.96077477e+00  2.07156695e+01  1.35008115e+00 
 2.09555778e+01  9.96083060e+00  2.09555778e+01  1.33437693e+00 
 2.11982645e+01  9.96088517e+00  2.11982645e+01  1.31884937e+00 
 2.14437618e+01  9.96093850e+00  2.14437618e+01  1.30349640e+00 
 2.16921022e+01  9.96099061e+00  2.16921022e+01  1.28831600e+00 
 2.19433187e+01  9.96104154e+00  2.19433187e+01  1.27330617e+00 
 2.21974444e+01  9.96109131e+00  2.21974444e+01  1.25846492e+00 
 2.24545132e+01  9.96113996e+00  2.24545132e+01  1.24379029e+00 
 2.27145591e+01  9.96118749e+00  2.27145591e+01  1.22928035e+00 
 2.29776167e+01  9.96123395e+00  2.29776167e+01  1.21493318e+00 
 2.32437206e+01  9.96127935e+00  2.32437206e+01  1.20074688e+00 
 2.35129064e+01  9.96132371e+00  2.35129064e+01  1.18671958e+00 
 2.37852095e+01  9.96136707e+00  2.37852095e+01  1.17284943e+00 
 2.40606663e+01  9.96140945e+00  2.40606663e+01  1.15913459e+00 
 2.43393131e+01  9.96145086e+00  2.43393131e+01  1.14557326e+00 
 2.46211869e+01  9.96149133e+00  2.46211869e+01  1.13216363e+00 
 2.49063250e+01  9.96153088e+00  2.49063250e+01  1.11890393e+00 
 2.51947654e+01  9.96156953e+00  2.51947654e+01  1.10579243e+00 
 2.54865462e+01  9.96160731e+00  2.54865462e+01  1.09282737e+00 
 2.57817061e+01  9.96164422e+00  2.57817061e+01  1.08000705e+00 
 2.60802843e+01  9.96168030e+00  2.60802843e+01  1.06732977e+00 
 2.63823203e+01  9.96171555e+00  2.63823203e+01  1.05479386e+00 
 2.66878542e+01  9.96175001e+00  2.66878542e+01  1.04239765e+00 
 2.69969265e+01  9.96178368e+00  2.69969265e+01  1.03013952e+00 
 2.73095781e+01  9.96181659e+00  2.73095781e+01  1.01801784e+00 
 2.76258506e+01  9.96184874e+00  2.76258506e+01  1.00603100e+00 
 2.79457858e+01  9.96188017e+00  2.79457858e+01  9.94177417e-01 
 2.82694262e+01  9.96191089e+00  2.82694262e+01  9.82455531e-01 
 2.85968147e+01  9.96194090e+00  2.85968147e+01  9.70863787e-01 
 2.89279946e+01  9.96197024e+00  2.89279946e+01  9.59400652e-01 
 2.92630100e+01  9.96199890e+00  2.92630100e+01  9.48064610e-01 
 2.96019052e+01  9.96202692e+00  2.96019052e+01  9.36854162e-01 
 2.99447251e+01  9.96205430e+00  2.99447251e+01  9.25767823e-01 
 3.02915152e+01  9.96208105e+00  3.02915152e+01  9.14804128e-01 
 3.06423215e+01  9.96210720e+00  3.06423215e+01  9.03961626e-01 
 3.09971905e+01  9.96213276e+00  3.09971905e+01  8.93238883e-01 
 3.13561693e+01  9.96215773e+00  3.13561693e+01  8.82634479e-01 
 3.17193054e+01  9.96218214e+00  3.17193054e+01  8.72147011e-01 
 3.20866469e+01  9.96220599e+00  3.20866469e+01  8.61775092e-01 
 3.24582427e+01  9.96222930e+00  3.24582427e+01  8.51517349e-01 
 3.28341419e+01  9.96225207e+00  3.28341419e+01  8.41372425e-01 
 3.32143943e+01  9.96227434e+00  3.32143943e+01  8.31338977e-01 
 3.35990505e+01  9.96229609e+00  3.35990505e+01  8.21415677e-01 
 3.39881614e+01  9.96231735e+00  3.39881614e+01  8.11601211e-01 
 3.43817786e+01  9.96233813e+00  3.43817786e+01  8.01894282e-01 
 3.47799543e+01  9.96235843e+00  3.47799543e+01  7.92293603e-01 
 3.51827413e+01  9.96237828e+00  3.51827413e+01  7.82797904e-01 
 3.55901929e+01  9.96239767e+00  3.55901929e+01  7.73405929e-01 
 3.60023633e+01  9.96241662e+00  3.60023633e+01  7.64116433e-01 
 3.64193070e+01  9.96243514e+00  3.64193070e+01  7.54928187e-01 
 3.68410793e+01  9.96245324e+00  3.68410793e+01  7.45839975e-01 
 3.72677361e+01  9.96247093e+00  3.72677361e+01  7.36850593e-01 
 3.76993341e+01  9.96248822e+00  3.76993341e+01  7.27958852e-01 
 3.81359304e+01  9.96250511e+00  3.81359304e+01  7.19163574e-01 
 3.85775830e+01  9.96252162e+00  3.85775830e+01  7.10463594e-01 
 3.90243503e+01  9.96253775e+00  3.90243503e+01  7.01857761e-01 
 3.94762917e+01  9.96255351e+00  3.94762917e+01  6.93344936e-01 
 3.99334670e+01  9.96256892e+00  3.99334670e+01  6.84923990e-01 
 4.03959368e+01  9.96258398e+00  4.03959368e+01  6.76593809e-01 
 4.08637625e+01  9.96259869e+00  4.08637625e+01  6.68353290e-01 
 4.13370061e+01  9.96261307e+00  4.13370061e+01  6.60201342e-01 
 4.18157303e+01  9.96262712e+00  4.18157303e+01  6.52136885e-01 
 4.22999987e+01  9.96264086e+00  4.22999987e+01  6.44158851e-01 
 4.27898753e+01  9.96265428e+00  4.27898753e+01  6.36266184e-01 
 4.32854253e+01  9.96266739e+00  4.32854253e+01  6.28457838e-01 
 4.37867142e+01  9.96268021e+00  4.37867142e+01  6.20732779e-01 
 4.42938085e+01  9.96269273e+00  4.42938085e+01  6.13089984e-01 
 4.48067755e+01  9.96270497e+00  4.48067755e+01  6.05528442e-01 
 4.53256831e+01  9.96271693e+00  4.53256831e+01  5.98047149e-01 
 4.58506003e+01  9.96272862e+00  4.58506003e+01  5.90645116e-01 
 4.63815965e+01  9.96274004e+00  4.63815965e+01  5.83321362e-01 
 4.69187422e+01  9.96275120e+00  4.69187422e+01  5.76074918e-01 
 4.74621085e+01  9.96276210e+00  4.74621085e+01  5.68904822e-01 
 4.80117676e+01  9.96277276e+00  4.80117676e+01  5.61810125e-01 
 4.85677923e+01  9.96278318e+00  4.85677923e+01  5.54789889e-01 
 4.91302564e+01  9.96279336e+00  4.91302564e+01  5.47843182e-01 
 4.96992343e+01  9.96280330e+00  4.96992343e+01  5.40969084e-01 
 5.02748016e+01  9.96281302e+00  5.02748016e+01  5.34166686e-01 
 5.08570345e+01  9.96282252e+00  5.08570345e+01  5.27435085e-01 
 5.14460103e+01  9.96283180e+00  5.14460103e+01  5.20773390e-01 
 5.20418070e+01  9.96284087e+00  5.20418070e+01  5.14180719e-01 
 5.26445036e+01  9.96284973e+00  5.26445036e+01  5.07656198e-01 
 5.32541801e+01  9.96285839e+00  5.32541801e+01  5.01198962e-01 
 5.38709172e+01  9.96286685e+00  5.38709172e+01  4.94808157e-01 
 5.44947968e+01  9.96287512e+00  5.44947968e+01  4.88482935e-01 
 5.51259015e+01  9.96288320e+00  5.51259015e+01  4.82222459e-01 
 5.57643151e+01  9.96289109e+00  5.57643151e+01  4.76025899e-01 
 5.64101221e+01  9.96289881e+00  5.64101221e+01  4.69892434e-01 
 5.70634082e+01  9.96290634e+00  5.70634082e+01  4.63821252e-01 
 5.77242601e+01  9.96291371e+00  5.77242601e+01  4.57811548e-01 
 5.83927652e+01  9.96292091e+00  5.83927652e+01  4.51862526e-01 
 5.90690124e+01  9.96292794e+00  5.90690124e+01  4.45973397e-01 
 5.97530911e+01  9.96293481e+00  5.97530911e+01  4.40143382e-01 
 6.04450922e+01  9.96294152e+00  6.04450922e+01  4.34371708e-01 
 6.11451073e+01  9.96294808e+00  6.11451073e+01  4.28657610e-01 
 6.18532294e+01  9.96295449e+00  6.18532294e+01  4.23000330e-01 
 6.25695522e+01  9.96296075e+00  6.25695522e+01  4.17399120e-01 
 6.32941707e+01  9.96296687e+00  6.32941707e+01  4.11853237e-01 
 6.40271811e+01  9.96297285e+00  6.40271811e+01  4.06361947e-01 
 6.47686804e+01  9.96297869e+00  6.47686804e+01  4.00924521e-01 
 6.55187671e+01  9.96298440e+00  6.55187671e+01  3.95540239e-01 
 6.62775405e+01  9.96298997e+00  6.62775405e+01  3.90208388e-01 
 6.70451013e+01  9.96299542e+00  6.70451013e+01  3.84928260e-01 
 6.78215512e+01  9.96300074e+00  6.78215512e+01  3.79699157e-01 
 6.86069932e+01  9.96300594e+00  6.86069932e+01  3.74520386e-01 
 6.94015314e+01  9.96301102e+00  6.94015314e+01  3.69391259e-01 
 7.02052711e+01  9.96301598e+00  7.02052711e+01  3.64311098e-01 
 7.10183190e+01  9.96302083e+00  7.10183190e+01  3.59279229e-01 
 7.18407828e+01  9.96302556e+00  7.18407828e+01  3.54294986e-01 
 7.26727715e+01  9.96303019e+00  7.26727715e+01  3.49357707e-01 
 7.35143955e+01  9.96303471e+00  7.35143955e+01  3.44466738e-01 
 7.43657664e+01  9.96303912e+00  7.43657664e+01  3.39621432e-01 
 7.52269970e+01  9.96304343e+00  7.52269970e+01  3.34821146e-01 
 7.60982015e+01  9.96304764e+00  7.60982015e+01  3.30065244e-01 
 7.69794955e+01  9.96305176e+00  7.69794955e+01  3.25353096e-01 
 7.78709957e+01  9.96305578e+00  7.78709957e+01  3.20684077e-01 
 7.87728204e+01  9.96305970e+00  7.87728204e+01  3.16057568e-01 
 7.96850891e+01  9.96306353e+00  7.96850891e+01  3.11472956e-01 
 8.06079229e+01  9.96306728e+00  8.06079229e+01  3.06929634e-01 
 8.15414439e+01  9.96307094e+00  8.15414439e+01  3.02426999e-01 
 8.24857761e+01  9.96307451e+00  8.24857761e+01  2.97964455e-01 
 8.34410446e+01  9.96307799e+00  8.34410446e+01  2.93541410e-01 
 8.44073761e+01  9.96308140e+00  8.44073761e+01  2.89157278e-01 
 8.53848987e+01  9.96308472e+00  8.53848987e+01  2.84811478e-01 
 8.63737419e+01  9.96308797e+00  8.63737419e+01  2.80503434e-01 
 8.73740370e+01  9.96309114e+00  8.73740370e+01  2.76232574e-01 
 8.83859165e+01  9.96309424e+00  8.83859165e+01  2.71998334e-01 
 8.94095146e+01  9.96309726e+00  8.94095146e+01  2.67800151e-01 
 9.04449670e+01  9.96310021e+00  9.04449670e+01  2.63637469e-01 
 9.14924110e+01  9.96310309e+00  9.14924110e+01  2.59509737e-01 
 9.25519854e+01  9.96310591e+00  9.25519854e+01  2.55416407e-01 
 9.36238307e+01  9.96310865e+00  9.36238307e+01  2.51356936e-01 
 9.47080892e+01  9.96311133e+00  9.47080892e+01  2.47330787e-01 
 9.58049044e+01  9.96311395e+00  9.58049044e+01  2.43337427e-01 
 9.69144218e+01  9.96311650e+00  9.69144218e+01  2.39376324e-01 
 9.80367886e+01  9.96311899e+00  9.80367886e+01  2.35446956e-01 
 9.91721535e+01  9.96312142e+00  9.91721535e+01  2.31548800e-01 
 1.00320667e+02  9.96312379e+00  1.00320667e+02  2.27681340e-01 
 1.01482482e+02  9.96312611e+00  1.01482482e+02  2.23844064e-01 
 1.02657751e+02  9.96312837e+00  1.02657751e+02  2.20036462e-01 
 1.03846632e+02  9.96313057e+00  1.03846632e+02  2.16258031e-01 
 1.05049280e+02  9.96313272e+00  1.05049280e+02  2.12508268e-01 
 1.06265857e+02  9.96313482e+00  1.06265857e+02  2.08786678e-01 
 1.07496523e+02  9.96313686e+00  1.07496523e+02  2.05092767e-01 
 1.08741441e+02  9.96313886e+00  1.08741441e+02  2.01426045e-01 
 1.10000777e+02  9.96314080e+00  1.10000777e+02  1.97786025e-01 
 1.11274697e+02  9.96314270e+00  1.11274697e+02  1.94172227e-01 
 1.12563370e+02  9.96314455e+00  1.12563370e+02  1.90584170e-01 
 1.13866967e+02  9.96314635e+00  1.13866967e+02  1.87021379e-01 
 1.15185661e+02  9.96314811e+00  1.15185661e+02  1.83483381e-01 
 1.16519628e+02  9.96314982e+00  1.16519628e+02  1.79969709e-01 
 1.17869043e+02  9.96315149e+00  1.17869043e+02  1.76479895e-01 
 1.19234085e+02  9.96315311e+00  1.19234085e+02  1.73013477e-01 
 1.20614936e+02  9.96315469e+00  1.20614936e+02  1.69569996e-01 
 1.22011779e+02  9.96315624e+00  1.22011779e+02  1.66148995e-01 
 1.23424798e+02  9.96315774e+00  1.23424798e+02  1.62750021e-01 
 1.24854182e+02  9.96315920e+00  1.24854182e+02  1.59372623e-01 
 1.26300119e+02  9.96316062e+00  1.26300119e+02  1.56016354e-01 
 1.27762802e+02  9.96316201e+00  1.27762802e+02  1.52680768e-01 
 1.29242424e+02  9.96316335e+00  1.29242424e+02  1.49365423e-01 
 1.30739182e+02  9.96316466e+00  1.30739182e+02  1.46069881e-01 
 1.32253273e+02  9.96316594e+00  1.32253273e+02  1.42793703e-01 
 1.33784900e+02  9.96316718e+00  1.33784900e+02  1.39536456e-01 
 1.35334264e+02  9.96316838e+00  1.35334264e+02  1.36297707e-01 
 1.36901571e+02  9.96316955e+00  1.36901571e+02  1.33077028e-01 
 1.38487029e+02  9.96317069e+00  1.38487029e+02  1.29873992e-01 
 1.40090849e+02  9.96317180e+00  1.40090849e+02  1.26688173e-01 
 1.41713242e+02  9.96317287e+00  1.41713242e+02  1.23519150e-01 
 1.43354425e+02  9.96317391e+00  1.43354425e+02  1.20366503e-01 
 1.45014614e+02  9.96317492e+00  1.45014614e+02  1.17229813e-01 
 1.46694029e+02  9.96317590e+00  1.46694029e+02  1.14108664e-01 
 1.48392894e+02  9.96317685e+00  1.48392894e+02  1.11002644e-01 
 1.50111433e+02  9.96317777e+00  1.50111433e+02  1.07911339e-01 
 1.51849875e+02  9.96317866e+00  1.51849875e+02  1.04834341e-01 
 1.53608450e+02  9.96317952e+00  1.53608450e+02  1.01771241e-01 
 1.55387391e+02  9.96318036e+00  1.55387391e+02  9.87216335e-02 
 1.57186933e+02  9.96318116e+00  1.57186933e+02  9.56851139e-02 
 1.59007317e+02  9.96318194e+00  1.59007317e+02  9.26612798e-02 
 1.60848782e+02  9.96318270e+00  1.60848782e+02  8.96497302e-02 
 1.62711573e+02  9.96318342e+00  1.62711573e+02  8.66500659e-02 
 1.64595937e+02  9.96318412e+00  1.64595937e+02  8.36618893e-02 
 1.66502124e+02  9.96318480e+00  1.66502124e+02  8.06848041e-02 
 1.68430387e+02  9.96318545e+00  1.68430387e+02  7.77184156e-02 
 1.70380981e+02  9.96318607e+00  1.70380981e+02  7.47623307e-02 
 1.72354164e+02  9.96318667e+00  1.72354164e+02  7.18161575e-02 
 1.74350199e+02  9.96318725e+00  1.74350199e+02  6.88795052e-02 
 1.76369351e+02  9.96318780e+00  1.76369351e+02  6.59519847e-02 
 1.78411886e+02  9.96318833e+00  1.78411886e+02  6.30332077e-02 
 1.80478075e+02  9.96318883e+00  1.80478075e+02  6.01227873e-02 
 1.82568193e+02  9.96318931e+00  1.82568193e+02  5.72203378e-02 
 1.84682517e+02  9.96318977e+00  1.84682517e+02  5.43254742e-02 
 1.86821327e+02  9.96319021e+00  1.86821327e+02  5.14378128e-02 
 1.88984907e+02  9.96319062e+00  1.88984907e+02  4.85569707e-02 
 1.91173543e+02  9.96319101e+00  1.91173543e+02  4.56825661e-02 
 1.93387525e+02  9.96319138e+00  1.93387525e+02  4.28142179e-02 
 1.95627148e+02  9.96319173e+00  1.95627148e+02  3.99515457e-02 
 1.97892707e+02  9.96319206e+00  1.97892707e+02  3.70941700e-02 
 2.00184505e+02  9.96319236e+00  2.00184505e+02  3.42417121e-02 
 2.02502843e+02  9.96319264e+00  2.02502843e+02  3.13937937e-02 
 2.04848030e+02  9.96319291e+00  2.04848030e+02  2.85500373e-02 
 2.07220377e+02  9.96319315e+00  2.07220377e+02  2.57100659e-02 
 2.09620198e+02  9.96319337e+00  2.09620198e+02  2.28735029e-02 
 2.12047812e+02  9.96319357e+00  2.12047812e+02  2.00399723e-02 
 2.14503539e+02  9.96319375e+00  2.14503539e+02  1.72090984e-02 
 2.16987707e+02  9.96319390e+00  2.16987707e+02  1.43805059e-02 
 2.19500643e+02  9.96319404e+00  2.19500643e+02  1.15538199e-02 
 2.22042682e+02  9.96319416e+00  2.22042682e+02  8.72866544e-03 
 2.24614160e+02  9.96319426e+00  2.24614160e+02  5.90466811e-03 
 2.27215419e+02  9.96319433e+00  2.27215419e+02  3.08145347e-03 
 2.29846803e+02  9.96319439e+00  2.29846803e+02  2.58647225e-04 
 2.32508661e+02  9.96319443e+00  2.32508661e+02 -2.56412487e-03 
 2.35201345e+02  9.96319444e+00  2.35201345e+02 -5.38723705e-03 
 2.37925214e+02  9.96319444e+00  2.37925214e+02 -8.21106361e-03 
 2.40680628e+02  9.96319441e+00  2.40680628e+02 -1.10359789e-02 
 2.43467953e+02  9.96319437e+00  2.43467953e+02 -1.38623575e-02 
 2.46287557e+02  9.96319431e+00  2.46287557e+02 -1.66905741e-02 
 2.49139816e+02  9.96319422e+00  2.49139816e+02 -1.95210036e-02 
 2.52025106e+02  9.96319412e+00  2.52025106e+02 -2.23540213e-02 
 2.54943811e+02  9.96319399e+00  2.54943811e+02 -2.51900028e-02 
 2.57896318e+02  9.96319385e+00  2.57896318e+02 -2.80293241e-02 
 2.60883017e+02  9.96319368e+00  2.60883017e+02 -3.08723617e-02 
 2.63904306e+02  9.96319349e+00  2.63904306e+02 -3.37194924e-02 
 2.66960584e+02  9.96319328e+00  2.66960584e+02 -3.65710937e-02 
 2.70052257e+02  9.96319306e+00  2.70052257e+02 -3.94275437e-02 
 2.73179734e+02  9.96319281e+00  2.73179734e+02 -4.22892211e-02 
 2.76343431e+02  9.96319254e+00  2.76343431e+02 -4.51565052e-02 
 2.79543767e+02  9.96319225e+00  2.79543767e+02 -4.80297763e-02 
 2.82781166e+02  9.96319193e+00  2.82781166e+02 -5.09094153e-02 
 2.86056057e+02  9.96319160e+00  2.86056057e+02 -5.37958038e-02 
 2.89368875e+02  9.96319124e+00  2.89368875e+02 -5.66893247e-02 
 2.92720058e+02  9.96319086e+00  2.92720058e+02 -5.95903615e-02 
 2.96110052e+02  9.96319046e+00  2.96110052e+02 -6.24992989e-02 
 2.99539305e+02  9.96319004e+00  2.99539305e+02 -6.54165224e-02 
 3.03008272e+02  9.96318960e+00  3.03008272e+02 -6.83424189e-02 
 3.06517414e+02  9.96318913e+00  3.06517414e+02 -7.12773763e-02 
 3.10067195e+02  9.96318864e+00  3.10067195e+02 -7.42217837e-02 
 3.13658086e+02  9.96318813e+00  3.13658086e+02 -7.71760314e-02 
 3.17290563e+02  9.96318759e+00  3.17290563e+02 -8.01405111e-02 
 3.20965108e+02  9.96318703e+00  3.20965108e+02 -8.31156159e-02 
 3.24682207e+02  9.96318644e+00  3.24682207e+02 -8.61017401e-02 
 3.28442355e+02  9.96318583e+00  3.28442355e+02 -8.90992796e-02 
 3.32246049e+02  9.96318520e+00  3.32246049e+02 -9.21086320e-02 
 3.36093793e+02  9.96318454e+00  3.36093793e+02 -9.51301961e-02 
 3.39986099e+02  9.96318385e+00  3.39986099e+02 -9.81643725e-02 
 3.43923481e+02  9.96318314e+00  3.43923481e+02 -1.01211563e-01 
 3.47906461e+02  9.96318241e+00  3.47906461e+02 -1.04272173e-01 
 3.51935569e+02  9.96318164e+00  3.51935569e+02 -1.07346607e-01 
 3.56011338e+02  9.96318085e+00  3.56011338e+02 -1.10435273e-01 
 3.60134309e+02  9.96318003e+00  3.60134309e+02 -1.13538580e-01 
 3.64305027e+02  9.96317919e+00  3.64305027e+02 -1.16656940e-01 
 3.68524047e+02  9.96317832e+00  3.68524047e+02 -1.19790766e-01 
 3.72791927e+02  9.96317741e+00  3.72791927e+02 -1.22940475e-01 
 3.77109234e+02  9.96317648e+00  3.77109234e+02 -1.26106482e-01 
 3.81476539e+02  9.96317552e+00  3.81476539e+02 -1.29289208e-01 
 3.85894423e+02  9.96317453e+00  3.85894423e+02 -1.32489076e-01 
 3.90363469e+02  9.96317351e+00  3.90363469e+02 -1.35706508e-01 
 3.94884272e+02  9.96317245e+00  3.94884272e+02 -1.38941933e-01 
 3.99457430e+02  9.96317137e+00  3.99457430e+02 -1.42195778e-01 
 4.04083550e+02  9.96317025e+00  4.04083550e+02 -1.45468475e-01 
 4.08763246e+02  9.96316910e+00  4.08763246e+02 -1.48760458e-01 
 4.13497136e+02  9.96316791e+00  4.13497136e+02 -1.52072164e-01 
 4.18285850e+02  9.96316669e+00  4.18285850e+02 -1.55404031e-01 
 4.23130023e+02  9.96316544e+00  4.23130023e+02 -1.58756501e-01 
 4.28030295e+02  9.96316415e+00  4.28030295e+02 -1.62130018e-01 
 4.32987318e+02  9.96316283e+00  4.32987318e+02 -1.65525031e-01 
 4.38001748e+02  9.96316146e+00  4.38001748e+02 -1.68941988e-01 
 4.43074250e+02  9.96316006e+00  4.43074250e+02 -1.72381343e-01 
 4.48205497e+02  9.96315862e+00  4.48205497e+02 -1.75843552e-01 
 4.53396168e+02  9.96315715e+00  4.53396168e+02 -1.79329074e-01 
 4.58646954e+02  9.96315563e+00  4.58646954e+02 -1.82838371e-01 
 4.63958548e+02  9.96315407e+00  4.63958548e+02 -1.86371908e-01 
 4.69331656e+02  9.96315247e+00  4.69331656e+02 -1.89930154e-01 
 4.74766990e+02  9.96315083e+00  4.74766990e+02 -1.93513580e-01 
 4.80265271e+02  9.96314914e+00  4.80265271e+02 -1.97122661e-01 
 4.85827227e+02  9.96314741e+00  4.85827227e+02 -2.00757876e-01 
 4.91453597e+02  9.96314564e+00  4.91453597e+02 -2.04419707e-01 
 4.97145125e+02  9.96314382e+00  4.97145125e+02 -2.08108638e-01 
 5.02902567e+02  9.96314195e+00  5.02902567e+02 -2.11825161e-01 
 5.08726686e+02  9.96314003e+00  5.08726686e+02 -2.15569766e-01 
 5.14618255e+02  9.96313807e+00  5.14618255e+02 -2.19342950e-01 
 5.20578053e+02  9.96313605e+00  5.20578053e+02 -2.23145214e-01 
 5.26606872e+02  9.96313398e+00  5.26606872e+02 -2.26977061e-01 
 5.32705511e+02  9.96313187e+00  5.32705511e+02 -2.30839000e-01 
 5.38874778e+02  9.96312969e+00  5.38874778e+02 -2.34731542e-01 
 5.45115492e+02  9.96312747e+00  5.45115492e+02 -2.38655204e-01 
 5.51428479e+02  9.96312518e+00  5.51428479e+02 -2.42610506e-01 
 5.57814577e+02  9.96312285e+00  5.57814577e+02 -2.46597971e-01 
 5.64274633e+02  9.96312045e+00  5.64274633e+02 -2.50618129e-01 
 5.70809503e+02  9.96311799e+00  5.70809503e+02 -2.54671512e-01 
 5.77420053e+02  9.96311547e+00  5.77420053e+02 -2.58758659e-01 
 5.84107159e+02  9.96311289e+00  5.84107159e+02 -2.62880109e-01 
 5.90871709e+02  9.96311025e+00  5.90871709e+02 -2.67036411e-01 
 5.97714600e+02  9.96310754e+00  5.97714600e+02 -2.71228115e-01 
 6.04636738e+02  9.96310477e+00  6.04636738e+02 -2.75455776e-01 
 6.11639042e+02  9.96310193e+00  6.11639042e+02 -2.79719955e-01 
 6.18722439e+02  9.96309902e+00  6.18722439e+02 -2.84021217e-01 
 6.25887869e+02  9.96309604e+00  6.25887869e+02 -2.88360133e-01 
 6.33136282e+02  9.96309298e+00  6.33136282e+02 -2.92737277e-01 
 6.40468639e+02  9.96308985e+00  6.40468639e+02 -2.97153230e-01 
 6.47885912e+02  9.96308665e+00  6.47885912e+02 -3.01608576e-01 
 6.55389084e+02  9.96308337e+00  6.55389084e+02 -3.06103908e-01 
 6.62979151e+02  9.96308001e+00  6.62979151e+02 -3.10639820e-01 
 6.70657118e+02  9.96307657e+00  6.70657118e+02 -3.15216914e-01 
 6.78424004e+02  9.96307304e+00  6.78424004e+02 -3.19835796e-01 
 6.86280839e+02  9.96306943e+00  6.86280839e+02 -3.24497079e-01 
 6.94228663e+02  9.96306574e+00  6.94228663e+02 -3.29201381e-01 
 7.02268532e+02  9.96306196e+00  7.02268532e+02 -3.33949325e-01 
 7.10401510e+02  9.96305808e+00  7.10401510e+02 -3.38741540e-01 
 7.18628676e+02  9.96305412e+00  7.18628676e+02 -3.43578662e-01 
 7.26951121e+02  9.96305006e+00  7.26951121e+02 -3.48461332e-01 
 7.35369948e+02  9.96304590e+00  7.35369948e+02 -3.53390196e-01 
 7.43886274e+02  9.96304164e+00  7.43886274e+02 -3.58365909e-01 
 7.52501228e+02  9.96303728e+00  7.52501228e+02 -3.63389130e-01 
 7.61215951e+02  9.96303282e+00  7.61215951e+02 -3.68460524e-01 
 7.70031600e+02  9.96302826e+00  7.70031600e+02 -3.73580764e-01 
 7.78949343e+02  9.96302358e+00  7.78949343e+02 -3.78750528e-01 
 7.87970362e+02  9.96301880e+00  7.87970362e+02 -3.83970502e-01 
 7.97095854e+02  9.96301390e+00  7.97095854e+02 -3.89241378e-01 
 8.06327028e+02  9.96300888e+00  8.06327028e+02 -3.94563853e-01 
 8.15665108e+02  9.96300375e+00  8.15665108e+02 -3.99938634e-01 
 8.25111333e+02  9.96299849e+00  8.25111333e+02 -4.05366432e-01 
 8.34666955e+02  9.96299311e+00  8.34666955e+02 -4.10847968e-01 
 8.44333240e+02  9.96298761e+00  8.44333240e+02 -4.16383967e-01 
 8.54111471e+02  9.96298197e+00  8.54111471e+02 -4.21975164e-01 
 8.64002944e+02  9.96297620e+00  8.64002944e+02 -4.27622299e-01 
 8.74008970e+02  9.96297030e+00  8.74008970e+02 -4.33326120e-01 
 8.84130875e+02  9.96296425e+00  8.84130875e+02 -4.39087384e-01 
 8.94370003e+02  9.96295807e+00  8.94370003e+02 -4.44906855e-01 
 9.04727710e+02  9.96295173e+00  9.04727710e+02 -4.50785302e-01 
 9.15205369e+02  9.96294525e+00  9.15205369e+02 -4.56723507e-01 
 9.25804371e+02  9.96293862e+00  9.25804371e+02 -4.62722254e-01 
 9.36526119e+02  9.96293183e+00  9.36526119e+02 -4.68782340e-01 
 9.47372037e+02  9.96292488e+00  9.47372037e+02 -4.74904567e-01 
 9.58343561e+02  9.96291777e+00  9.58343561e+02 -4.81089746e-01 
 9.69442146e+02  9.96291049e+00  9.69442146e+02 -4.87338698e-01 
 9.80669264e+02  9.96290304e+00  9.80669264e+02 -4.93652250e-01 
 9.92026404e+02  9.96289542e+00  9.92026404e+02 -5.00031240e-01 
 1.00351507e+03  9.96288762e+00  1.00351507e+03 -5.06476511e-01 
 1.01513679e+03  9.96287963e+00  1.01513679e+03 -5.12988919e-01 
 1.02689310e+03  9.96287146e+00  1.02689310e+03 -5.19569326e-01 
 1.03878555e+03  9.96286310e+00  1.03878555e+03 -5.26218604e-01 
 1.05081574e+03  9.96285454e+00  1.05081574e+03 -5.32937634e-01 
 1.06298524e+03  9.96284578e+00  1.06298524e+03 -5.39727306e-01 
 1.07529569e+03  9.96283681e+00  1.07529569e+03 -5.46588521e-01 
 1.08774869e+03  9.96282764e+00  1.08774869e+03 -5.53522187e-01 
 1.10034592e+03  9.96281825e+00  1.10034592e+03 -5.60529223e-01 
 1.11308904e+03  9.96280864e+00  1.11308904e+03 -5.67610556e-01 
 1.12597973e+03  9.96279880e+00  1.12597973e+03 -5.74767126e-01 
 1.13901971e+03  9.96278874e+00  1.13901971e+03 -5.81999881e-01 
 1.15221071e+03  9.96277844e+00  1.15221071e+03 -5.89309779e-01 
 1.16555447e+03  9.96276790e+00  1.16555447e+03 -5.96697787e-01 
 1.17905277e+03  9.96275711e+00  1.17905277e+03 -6.04164886e-01 
 1.19270739e+03  9.96274607e+00  1.19270739e+03 -6.11712063e-01 
 1.20652015e+03  9.96273478e+00  1.20652015e+03 -6.19340320e-01 
 1.22049287e+03  9.96272322e+00  1.22049287e+03 -6.27050666e-01 
 1.23462740e+03  9.96271139e+00  1.23462740e+03 -6.34844123e-01 
 1.24892564e+03  9.96269928e+00  1.24892564e+03 -6.42721723e-01 
 1.26338945e+03  9.96268689e+00  1.26338945e+03 -6.50684510e-01 
 1.27802078e+03  9.96267421e+00  1.27802078e+03 -6.58733538e-01 
 1.29282155e+03  9.96266124e+00  1.29282155e+03 -6.66869875e-01 
 1.30779373e+03  9.96264796e+00  1.30779373e+03 -6.75094596e-01 
 1.32293930e+03  9.96263437e+00  1.32293930e+03 -6.83408792e-01 
 1.33826027e+03  9.96262047e+00  1.33826027e+03 -6.91813564e-01 
 1.35375867e+03  9.96260624e+00  1.35375867e+03 -7.00310025e-01 
 1.36943656e+03  9.96259167e+00  1.36943656e+03 -7.08899300e-01 
 1.38529602e+03  9.96257677e+00  1.38529602e+03 -7.17582528e-01 
 1.40133915e+03  9.96256152e+00  1.40133915e+03 -7.26360857e-01 
 1.41756807e+03  9.96254592e+00  1.41756807e+03 -7.35235450e-01 
 1.43398494e+03  9.96252995e+00  1.43398494e+03 -7.44207483e-01 
 1.45059193e+03  9.96251361e+00  1.45059193e+03 -7.53278144e-01 
 1.46739125e+03  9.96249689e+00  1.46739125e+03 -7.62448634e-01 
 1.48438512e+03  9.96247977e+00  1.48438512e+03 -7.71720167e-01 
 1.50157580e+03  9.96246226e+00  1.50157580e+03 -7.81093970e-01 
 1.51896556e+03  9.96244434e+00  1.51896556e+03 -7.90571286e-01 
 1.53655671e+03  9.96242601e+00  1.53655671e+03 -8.00153369e-01 
 1.55435159e+03  9.96240724e+00  1.55435159e+03 -8.09841486e-01 
 1.57235255e+03  9.96238804e+00  1.57235255e+03 -8.19636923e-01 
 1.59056198e+03  9.96236839e+00  1.59056198e+03 -8.29540974e-01 
 1.60898229e+03  9.96234828e+00  1.60898229e+03 -8.39554951e-01 
 1.62761593e+03  9.96232770e+00  1.62761593e+03 -8.49680180e-01 
 1.64646536e+03  9.96230664e+00  1.64646536e+03 -8.59918001e-01 
 1.66553309e+03  9.96228509e+00  1.66553309e+03 -8.70269769e-01 
 1.68482165e+03  9.96226304e+00  1.68482165e+03 -8.80736855e-01 
 1.70433358e+03  9.96224048e+00  1.70433358e+03 -8.91320644e-01 
 1.72407148e+03  9.96221739e+00  1.72407148e+03 -9.02022536e-01 
 1.74403797e+03  9.96219376e+00  1.74403797e+03 -9.12843949e-01 
 1.76423569e+03  9.96216958e+00  1.76423569e+03 -9.23786314e-01 
 1.78466732e+03  9.96214484e+00  1.78466732e+03 -9.34851079e-01 
 1.80533557e+03  9.96211952e+00  1.80533557e+03 -9.46039709e-01 
 1.82624317e+03  9.96209361e+00  1.82624317e+03 -9.57353684e-01 
 1.84739291e+03  9.96206710e+00  1.84739291e+03 -9.68794502e-01 
 1.86878759e+03  9.96203997e+00  1.86878759e+03 -9.80363675e-01 
 1.89043003e+03  9.96201220e+00  1.89043003e+03 -9.92062735e-01 
 1.91232312e+03  9.96198379e+00  1.91232312e+03 -1.00389323e+00 
 1.93446975e+03  9.96195472e+00  1.93446975e+03 -1.01585672e+00 
 1.95687286e+03  9.96192497e+00  1.95687286e+03 -1.02795480e+00 
 1.97953542e+03  9.96189453e+00  1.97953542e+03 -1.04018906e+00 
 2.00246044e+03  9.96186338e+00  2.00246044e+03 -1.05256112e+00 
 2.02565095e+03  9.96183150e+00  2.02565095e+03 -1.06507262e+00 
 2.04911003e+03  9.96179888e+00  2.04911003e+03 -1.07772521e+00 
 2.07284080e+03  9.96176550e+00  2.07284080e+03 -1.09052056e+00 
 2.09684638e+03  9.96173134e+00  2.09684638e+03 -1.10346038e+00 
 2.12112998e+03  9.96169639e+00  2.12112998e+03 -1.11654636e+00 
 2.14569480e+03  9.96166062e+00  2.14569480e+03 -1.12978024e+00 
 2.17054412e+03  9.96162402e+00  2.17054412e+03 -1.14316377e+00 
 2.19568121e+03  9.96158657e+00  2.19568121e+03 -1.15669872e+00 
 2.22110941e+03  9.96154824e+00  2.22110941e+03 -1.17038687e+00 
 2.24683210e+03  9.96150902e+00  2.24683210e+03 -1.18423004e+00 
 2.27285268e+03  9.96146889e+00  2.27285268e+03 -1.19823006e+00 
 2.29917461e+03  9.96142782e+00  2.29917461e+03 -1.21238878e+00 
 2.32580137e+03  9.96138580e+00  2.32580137e+03 -1.22670806e+00 
 2.35273649e+03  9.96134280e+00  2.35273649e+03 -1.24118981e+00 
 2.37998356e+03  9.96129879e+00  2.37998356e+03 -1.25583593e+00 
 2.40754617e+03  9.96125377e+00  2.40754617e+03 -1.27064836e+00 
 2.43542798e+03  9.96120769e+00  2.43542798e+03 -1.28562906e+00 
 2.46363269e+03  9.96116054e+00  2.46363269e+03 -1.30078000e+00 
 2.49216405e+03  9.96111229e+00  2.49216405e+03 -1.31610319e+00 
 2.52102582e+03  9.96106292e+00  2.52102582e+03 -1.33160065e+00 
 2.55022184e+03  9.96101240e+00  2.55022184e+03 -1.34727443e+00 
 2.57975598e+03  9.96096070e+00  2.57975598e+03 -1.36312660e+00 
 2.60963216e+03  9.96090780e+00  2.60963216e+03 -1.37915925e+00 
 2.63985434e+03  9.96085366e+00  2.63985434e+03 -1.39537450e+00 
 2.67042651e+03  9.96079827e+00  2.67042651e+03 -1.41177449e+00 
 2.70135274e+03  9.96074158e+00  2.70135274e+03 -1.42836139e+00 
 2.73263713e+03  9.96068358e+00  2.73263713e+03 -1.44513738e+00 
 2.76428383e+03  9.96062423e+00  2.76428383e+03 -1.46210467e+00 
 2.79629703e+03  9.96056349e+00  2.79629703e+03 -1.47926552e+00 
 2.82868097e+03  9.96050134e+00  2.82868097e+03 -1.49662217e+00 
 2.86143995e+03  9.96043774e+00  2.86143995e+03 -1.51417693e+00 
 2.89457831e+03  9.96037266e+00  2.89457831e+03 -1.53193211e+00 
 2.92810044e+03  9.96030607e+00  2.92810044e+03 -1.54989005e+00 
 2.96201080e+03  9.96023792e+00  2.96201080e+03 -1.56805312e+00 
 2.99631387e+03  9.96016819e+00  2.99631387e+03 -1.58642372e+00 
 3.03101421e+03  9.96009684e+00  3.03101421e+03 -1.60500426e+00 
 3.06611641e+03  9.96002382e+00  3.06611641e+03 -1.62379720e+00 
 3.10162514e+03  9.95994911e+00  3.10162514e+03 -1.64280501e+00 
 3.13754508e+03  9.95987265e+00  3.13754508e+03 -1.66203020e+00 
 3.17388102e+03  9.95979442e+00  3.17388102e+03 -1.68147531e+00 
 3.21063777e+03  9.95971436e+00  3.21063777e+03 -1.70114289e+00 
 3.24782019e+03  9.95963244e+00  3.24782019e+03 -1.72103555e+00 
 3.28543323e+03  9.95954862e+00  3.28543323e+03 -1.74115589e+00 
 3.32348186e+03  9.95946284e+00  3.32348186e+03 -1.76150657e+00 
 3.36197113e+03  9.95937507e+00  3.36197113e+03 -1.78209027e+00 
 3.40090615e+03  9.95928525e+00  3.40090615e+03 -1.80290970e+00 
 3.44029207e+03  9.95919334e+00  3.44029207e+03 -1.82396760e+00 
 3.48013412e+03  9.95909930e+00  3.48013412e+03 -1.84526675e+00 
 3.52043759e+03  9.95900306e+00  3.52043759e+03 -1.86680994e+00 
 3.56120781e+03  9.95890459e+00  3.56120781e+03 -1.88860002e+00 
 3.60245019e+03  9.95880382e+00  3.60245019e+03 -1.91063984e+00 
 3.64417019e+03  9.95870071e+00  3.64417019e+03 -1.93293231e+00 
 3.68637336e+03  9.95859520e+00  3.68637336e+03 -1.95548036e+00 
 3.72906528e+03  9.95848723e+00  3.72906528e+03 -1.97828695e+00 
 3.77225162e+03  9.95837675e+00  3.77225162e+03 -2.00135509e+00 
 3.81593810e+03  9.95826370e+00  3.81593810e+03 -2.02468780e+00 
 3.86013052e+03  9.95814802e+00  3.86013052e+03 -2.04828816e+00 
 3.90483472e+03  9.95802965e+00  3.90483472e+03 -2.07215926e+00 
 3.95005665e+03  9.95790852e+00  3.95005665e+03 -2.09630424e+00 
 3.99580229e+03  9.95778458e+00  3.99580229e+03 -2.12072626e+00 
 4.04207771e+03  9.95765775e+00  4.04207771e+03 -2.14542855e+00 
 4.08888905e+03  9.95752797e+00  4.08888905e+03 -2.17041433e+00 
 4.13624251e+03  9.95739517e+00  4.13624251e+03 -2.19568690e+00 
 4.18414437e+03  9.95725928e+00  4.18414437e+03 -2.22124956e+00 
 4.23260098e+03  9.95712023e+00  4.23260098e+03 -2.24710567e+00 
 4.28161877e+03  9.95697795e+00  4.28161877e+03 -2.27325861e+00 
 4.33120424e+03  9.95683236e+00  4.33120424e+03 -2.29971183e+00 
 4.38136395e+03  9.95668338e+00  4.38136395e+03 -2.32646879e+00 
 4.43210457e+03  9.95653093e+00  4.43210457e+03 -2.35353299e+00 
 4.48343281e+03  9.95637494e+00  4.48343281e+03 -2.38090797e+00 
 4.53535548e+03  9.95621532e+00  4.53535548e+03 -2.40859734e+00 
 4.58787948e+03  9.95605199e+00  4.58787948e+03 -2.43660470e+00 
 4.64101175e+03  9.95588486e+00  4.64101175e+03 -2.46493373e+00 
 4.69475935e+03  9.95571384e+00  4.69475935e+03 -2.49358814e+00 
 4.74912940e+03  9.95553885e+00  4.74912940e+03 -2.52257167e+00 
 4.80412911e+03  9.95535979e+00  4.80412911e+03 -2.55188811e+00 
 4.85976577e+03  9.95517656e+00  4.85976577e+03 -2.58154130e+00 
 4.91604676e+03  9.95498907e+00  4.91604676e+03 -2.61153511e+00 
 4.97297954e+03  9.95479723e+00  4.97297954e+03 -2.64187346e+00 
 5.03057166e+03  9.95460092e+00  5.03057166e+03 -2.67256031e+00 
 5.08883076e+03  9.95440005e+00  5.08883076e+03 -2.70359968e+00 
 5.14776455e+03  9.95419451e+00  5.14776455e+03 -2.73499560e+00 
 5.20738086e+03  9.95398420e+00  5.20738086e+03 -2.76675219e+00 
 5.26768758e+03  9.95376899e+00  5.26768758e+03 -2.79887357e+00 
 5.32869272e+03  9.95354878e+00  5.32869272e+03 -2.83136394e+00 
 5.39040436e+03  9.95332346e+00  5.39040436e+03 -2.86422753e+00 
 5.45283068e+03  9.95309289e+00  5.45283068e+03 -2.89746863e+00 
 5.51597996e+03  9.95285697e+00  5.51597996e+03 -2.93109155e+00 
 5.57986057e+03  9.95261557e+00  5.57986057e+03 -2.96510068e+00 
 5.64448099e+03  9.95236855e+00  5.64448099e+03 -2.99950044e+00 
 5.70984977e+03  9.95211580e+00  5.70984977e+03 -3.03429531e+00 
 5.77597559e+03  9.95185717e+00  5.77597559e+03 -3.06948981e+00 
 5.84286722e+03  9.95159254e+00  5.84286722e+03 -3.10508850e+00 
 5.91053351e+03  9.95132176e+00  5.91053351e+03 -3.14109602e+00 
 5.97898345e+03  9.95104469e+00  5.97898345e+03 -3.17751703e+00 
 6.04822611e+03  9.95076118e+00  6.04822611e+03 -3.21435627e+00 
 6.11827067e+03  9.95047109e+00  6.11827067e+03 -3.25161851e+00 
 6.18912642e+03  9.95017426e+00  6.18912642e+03 -3.28930857e+00 
 6.26080275e+03  9.94987053e+00  6.26080275e+03 -3.32743135e+00 
 6.33330916e+03  9.94955975e+00  6.33330916e+03 -3.36599177e+00 
 6.40665527e+03  9.94924176e+00  6.40665527e+03 -3.40499482e+00 
 6.48085080e+03  9.94891639e+00  6.48085080e+03 -3.44444556e+00 
 6.55590559e+03  9.94858346e+00  6.55590559e+03 -3.48434907e+00 
 6.63182959e+03  9.94824280e+00  6.63182959e+03 -3.52471051e+00 
 6.70863287e+03  9.94789423e+00  6.70863287e+03 -3.56553509e+00 
 6.78632561e+03  9.94753757e+00  6.78632561e+03 -3.60682808e+00 
 6.86491811e+03  9.94717264e+00  6.86491811e+03 -3.64859480e+00 
 6.94442078e+03  9.94679923e+00  6.94442078e+03 -3.69084064e+00 
 7.02484418e+03  9.94641717e+00  7.02484418e+03 -3.73357102e+00 
 7.10619897e+03  9.94602623e+00  7.10619897e+03 -3.77679145e+00 
 7.18849592e+03  9.94562623e+00  7.18849592e+03 -3.82050749e+00 
 7.27174595e+03  9.94521695e+00  7.27174595e+03 -3.86472475e+00 
 7.35596011e+03  9.94479817e+00  7.35596011e+03 -3.90944891e+00 
 7.44114955e+03  9.94436968e+00  7.44114955e+03 -3.95468570e+00 
 7.52732557e+03  9.94393126e+00  7.52732557e+03 -4.00044093e+00 
 7.61449959e+03  9.94348267e+00  7.61449959e+03 -4.04672045e+00 
 7.70268318e+03  9.94302367e+00  7.70268318e+03 -4.09353019e+00 
 7.79188802e+03  9.94255404e+00  7.79188802e+03 -4.14087613e+00 
 7.88212595e+03  9.94207352e+00  7.88212595e+03 -4.18876432e+00 
 7.97340892e+03  9.94158186e+00  7.97340892e+03 -4.23720088e+00 
 8.06574904e+03  9.94107881e+00  8.06574904e+03 -4.28619198e+00 
 8.15915855e+03  9.94056410e+00  8.15915855e+03 -4.33574386e+00 
 8.25364983e+03  9.94003746e+00  8.25364983e+03 -4.38586283e+00 
 8.34923543e+03  9.93949863e+00  8.34923543e+03 -4.43655527e+00 
 8.44592800e+03  9.93894731e+00  8.44592800e+03 -4.48782762e+00 
 8.54374036e+03  9.93838322e+00  8.54374036e+03 -4.53968638e+00 
 8.64268550e+03  9.93780607e+00  8.64268550e+03 -4.59213814e+00 
 8.74277651e+03  9.93721556e+00  8.74277651e+03 -4.64518952e+00 
 8.84402669e+03  9.93661137e+00  8.84402669e+03 -4.69884725e+00 
 8.94644944e+03  9.93599320e+00  8.94644944e+03 -4.75311811e+00 
 9.05005835e+03  9.93536073e+00  9.05005835e+03 -4.80800895e+00 
 9.15486716e+03  9.93471361e+00  9.15486716e+03 -4.86352670e+00 
 9.26088975e+03  9.93405153e+00  9.26088975e+03 -4.91967833e+00 
 9.36814020e+03  9.93337412e+00  9.36814020e+03 -4.97647092e+00 
 9.47663271e+03  9.93268105e+00  9.47663271e+03 -5.03391160e+00 
 9.58638168e+03  9.93197196e+00  9.58638168e+03 -5.09200759e+00 
 9.69740165e+03  9.93124646e+00  9.69740165e+03 -5.15076615e+00 
 9.80970735e+03  9.93050419e+00  9.80970735e+03 -5.21019465e+00 
 9.92331366e+03  9.92974477e+00  9.92331366e+03 -5.27030051e+00 
 1.00382356e+04  9.92896780e+00  1.00382356e+04 -5.33109123e+00 
 1.01544885e+04  9.92817287e+00  1.01544885e+04 -5.39257440e+00 
 1.02720878e+04  9.92735958e+00  1.02720878e+04 -5.45475765e+00 
 1.03910489e+04  9.92652751e+00  1.03910489e+04 -5.51764872e+00 
 1.05113877e+04  9.92567622e+00  1.05113877e+04 -5.58125541e+00 
 1.06331202e+04  9.92480528e+00  1.06331202e+04 -5.64558560e+00 
 1.07562625e+04  9.92391424e+00  1.07562625e+04 -5.71064725e+00 
 1.08808308e+04  9.92300263e+00  1.08808308e+04 -5.77644838e+00 
 1.10068418e+04  9.92206999e+00  1.10068418e+04 -5.84299712e+00 
 1.11343122e+04  9.92111583e+00  1.11343122e+04 -5.91030164e+00 
 1.12632587e+04  9.92013967e+00  1.12632587e+04 -5.97837022e+00 
 1.13936986e+04  9.91914101e+00  1.13936986e+04 -6.04721120e+00 
 1.15256492e+04  9.91811932e+00  1.15256492e+04 -6.11683300e+00 
 1.16591278e+04  9.91707409e+00  1.16591278e+04 -6.18724413e+00 
 1.17941523e+04  9.91600478e+00  1.17941523e+04 -6.25845318e+00 
 1.19307404e+04  9.91491083e+00  1.19307404e+04 -6.33046881e+00 
 1.20689105e+04  9.91379170e+00  1.20689105e+04 -6.40329975e+00 
 1.22086806e+04  9.91264680e+00  1.22086806e+04 -6.47695484e+00 
 1.23500695e+04  9.91147555e+00  1.23500695e+04 -6.55144298e+00 
 1.24930957e+04  9.91027736e+00  1.24930957e+04 -6.62677316e+00 
 1.26377784e+04  9.90905160e+00  1.26377784e+04 -6.70295444e+00 
 1.27841366e+04  9.90779765e+00  1.27841366e+04 -6.77999598e+00 
 1.29321898e+04  9.90651488e+00  1.29321898e+04 -6.85790700e+00 
 1.30819576e+04  9.90520263e+00  1.30819576e+04 -6.93669681e+00 
 1.32334599e+04  9.90386023e+00  1.32334599e+04 -7.01637481e+00 
 1.33867167e+04  9.90248701e+00  1.33867167e+04 -7.09695047e+00 
 1.35417484e+04  9.90108225e+00  1.35417484e+04 -7.17843335e+00 
 1.36985755e+04  9.89964525e+00  1.36985755e+04 -7.26083308e+00 
 1.38572188e+04  9.89817528e+00  1.38572188e+04 -7.34415940e+00 
 1.40176994e+04  9.89667160e+00  1.40176994e+04 -7.42842209e+00 
 1.41800385e+04  9.89513345e+00  1.41800385e+04 -7.51363105e+00 
 1.43442576e+04  9.89356004e+00  1.43442576e+04 -7.59979624e+00 
 1.45103786e+04  9.89195058e+00  1.45103786e+04 -7.68692771e+00 
 1.46784234e+04  9.89030427e+00  1.46784234e+04 -7.77503558e+00 
 1.48484144e+04  9.88862026e+00  1.48484144e+04 -7.86413007e+00 
 1.50203740e+04  9.88689773e+00  1.50203740e+04 -7.95422146e+00 
 1.51943251e+04  9.88513579e+00  1.51943251e+04 -8.04532013e+00 
 1.53702907e+04  9.88333357e+00  1.53702907e+04 -8.13743653e+00 
 1.55482942e+04  9.88149016e+00  1.55482942e+04 -8.23058118e+00 
 1.57283591e+04  9.87960464e+00  1.57283591e+04 -8.32476470e+00 
 1.59105094e+04  9.87767607e+00  1.59105094e+04 -8.41999778e+00 
 1.60947691e+04  9.87570349e+00  1.60947691e+04 -8.51629119e+00 
 1.62811628e+04  9.87368590e+00  1.62811628e+04 -8.61365576e+00 
 1.64697151e+04  9.87162231e+00  1.64697151e+04 -8.71210243e+00 
 1.66604510e+04  9.86951170e+00  1.66604510e+04 -8.81164220e+00 
 1.68533958e+04  9.86735301e+00  1.68533958e+04 -8.91228613e+00 
 1.70485751e+04  9.86514517e+00  1.70485751e+04 -9.01404539e+00 
 1.72460148e+04  9.86288709e+00  1.72460148e+04 -9.11693119e+00 
 1.74457411e+04  9.86057766e+00  1.74457411e+04 -9.22095483e+00 
 1.76477804e+04  9.85821575e+00  1.76477804e+04 -9.32612768e+00 
 1.78521595e+04  9.85580017e+00  1.78521595e+04 -9.43246119e+00 
 1.80589055e+04  9.85332976e+00  1.80589055e+04 -9.53996687e+00 
 1.82680458e+04  9.85080329e+00  1.82680458e+04 -9.64865630e+00 
 1.84796082e+04  9.84821953e+00  1.84796082e+04 -9.75854112e+00 
 1.86936208e+04  9.84557722e+00  1.86936208e+04 -9.86963306e+00 
 1.89101117e+04  9.84287507e+00  1.89101117e+04 -9.98194390e+00 
 1.91291099e+04  9.84011176e+00  1.91291099e+04 -1.00954855e+01 
 1.93506443e+04  9.83728595e+00  1.93506443e+04 -1.02102697e+01 
 1.95747443e+04  9.83439627e+00  1.95747443e+04 -1.03263085e+01 
 1.98014396e+04  9.83144132e+00  1.98014396e+04 -1.04436140e+01 
 2.00307602e+04  9.82841967e+00  2.00307602e+04 -1.05621982e+01 
 2.02627366e+04  9.82532988e+00  2.02627366e+04 -1.06820733e+01 
 2.04973996e+04  9.82217044e+00  2.04973996e+04 -1.08032514e+01 
 2.07347801e+04  9.81893986e+00  2.07347801e+04 -1.09257448e+01 
 2.09749098e+04  9.81563657e+00  2.09749098e+04 -1.10495658e+01 
 2.12178204e+04  9.81225902e+00  2.12178204e+04 -1.11747267e+01 
 2.14635442e+04  9.80880557e+00  2.14635442e+04 -1.13012399e+01 
 2.17121137e+04  9.80527461e+00  2.17121137e+04 -1.14291179e+01 
 2.19635619e+04  9.80166444e+00  2.19635619e+04 -1.15583730e+01 
 2.22179221e+04  9.79797338e+00  2.22179221e+04 -1.16890179e+01 
 2.24752280e+04  9.79419967e+00  2.24752280e+04 -1.18210650e+01 
 2.27355138e+04  9.79034154e+00  2.27355138e+04 -1.19545268e+01 
 2.29988140e+04  9.78639719e+00  2.29988140e+04 -1.20894161e+01 
 2.32651635e+04  9.78236477e+00  2.32651635e+04 -1.22257453e+01 
 2.35345976e+04  9.77824240e+00  2.35345976e+04 -1.23635272e+01 
 2.38071520e+04  9.77402817e+00  2.38071520e+04 -1.25027743e+01 
 2.40828628e+04  9.76972012e+00  2.40828628e+04 -1.26434994e+01 
 2.43617666e+04  9.76531627e+00  2.43617666e+04 -1.27857152e+01 
 2.46439005e+04  9.76081458e+00  2.46439005e+04 -1.29294342e+01 
 2.49293017e+04  9.75621300e+00  2.49293017e+04 -1.30746693e+01 
 2.52180082e+04  9.75150942e+00  2.52180082e+04 -1.32214330e+01 
 2.55100581e+04  9.74670170e+00  2.55100581e+04 -1.33697381e+01 
 2.58054904e+04  9.74178765e+00  2.58054904e+04 -1.35195973e+01 
 2.61043440e+04  9.73676505e+00  2.61043440e+04 -1.36710231e+01 
 2.64066586e+04  9.73163163e+00  2.64066586e+04 -1.38240283e+01 
 2.67124744e+04  9.72638510e+00  2.67124744e+04 -1.39786253e+01 
 2.70218318e+04  9.72102310e+00  2.70218318e+04 -1.41348269e+01 
 2.73347718e+04  9.71554324e+00  2.73347718e+04 -1.42926456e+01 
 2.76513361e+04  9.70994310e+00  2.76513361e+04 -1.44520937e+01 
 2.79715664e+04  9.70422020e+00  2.79715664e+04 -1.46131840e+01 
 2.82955054e+04  9.69837202e+00  2.82955054e+04 -1.47759286e+01 
 2.86231959e+04  9.69239599e+00  2.86231959e+04 -1.49403400e+01 
 2.89546814e+04  9.68628952e+00  2.89546814e+04 -1.51064304e+01 
 2.92900058e+04  9.68004994e+00  2.92900058e+04 -1.52742121e+01 
 2.96292136e+04  9.67367457e+00  2.96292136e+04 -1.54436972e+01 
 2.99723498e+04  9.66716065e+00  2.99723498e+04 -1.56148977e+01 
 3.03194599e+04  9.66050541e+00  3.03194599e+04 -1.57878257e+01 
 3.06705898e+04  9.65370600e+00  3.06705898e+04 -1.59624929e+01 
 3.10257862e+04  9.64675954e+00  3.10257862e+04 -1.61389112e+01 
 3.13850961e+04  9.63966310e+00  3.13850961e+04 -1.63170922e+01 
 3.17485672e+04  9.63241372e+00  3.17485672e+04 -1.64970474e+01 
 3.21162476e+04  9.62500835e+00  3.21162476e+04 -1.66787882e+01 
 3.24881861e+04  9.61744394e+00  3.24881861e+04 -1.68623260e+01 
 3.28644321e+04  9.60971735e+00  3.28644321e+04 -1.70476718e+01 
 3.32450354e+04  9.60182543e+00  3.32450354e+04 -1.72348365e+01 
 3.36300464e+04  9.59376495e+00  3.36300464e+04 -1.74238312e+01 
 3.40195163e+04  9.58553265e+00  3.40195163e+04 -1.76146662e+01 
 3.44134966e+04  9.57712521e+00  3.44134966e+04 -1.78073523e+01 
 3.48120396e+04  9.56853928e+00  3.48120396e+04 -1.80018995e+01 
 3.52151982e+04  9.55977142e+00  3.52151982e+04 -1.81983181e+01 
 3.56230257e+04  9.55081820e+00  3.56230257e+04 -1.83966179e+01 
 3.60355763e+04  9.54167608e+00  3.60355763e+04 -1.85968086e+01 
 3.64529046e+04  9.53234152e+00  3.64529046e+04 -1.87988996e+01 
 3.68750660e+04  9.52281090e+00  3.68750660e+04 -1.90029001e+01 
 3.73021165e+04  9.51308057e+00  3.73021165e+04 -1.92088191e+01 
 3.77341126e+04  9.50314681e+00  3.77341126e+04 -1.94166653e+01 
 3.81711117e+04  9.49300588e+00  3.81711117e+04 -1.96264471e+01 
 3.86131717e+04  9.48265396e+00  3.86131717e+04 -1.98381728e+01 
 3.90603512e+04  9.47208721e+00  3.90603512e+04 -2.00518502e+01 
 3.95127095e+04  9.46130172e+00  3.95127095e+04 -2.02674869e+01 
 3.99703065e+04  9.45029356e+00  3.99703065e+04 -2.04850902e+01 
 4.04332030e+04  9.43905871e+00  4.04332030e+04 -2.07046670e+01 
 4.09014603e+04  9.42759315e+00  4.09014603e+04 -2.09262239e+01 
 4.13751404e+04  9.41589278e+00  4.13751404e+04 -2.11497673e+01 
 4.18543063e+04  9.40395348e+00  4.18543063e+04 -2.13753030e+01 
 4.23390214e+04  9.39177106e+00  4.23390214e+04 -2.16028367e+01 
 4.28293500e+04  9.37934131e+00  4.28293500e+04 -2.18323735e+01 
 4.33253571e+04  9.36665995e+00  4.33253571e+04 -2.20639182e+01 
 4.38271084e+04  9.35372269e+00  4.38271084e+04 -2.22974752e+01 
 4.43346705e+04  9.34052517e+00  4.43346705e+04 -2.25330485e+01 
 4.48481108e+04  9.32706300e+00  4.48481108e+04 -2.27706416e+01 
 4.53674971e+04  9.31333176e+00  4.53674971e+04 -2.30102577e+01 
 4.58928985e+04  9.29932697e+00  4.58928985e+04 -2.32518995e+01 
 4.64243846e+04  9.28504413e+00  4.64243846e+04 -2.34955690e+01 
 4.69620258e+04  9.27047870e+00  4.69620258e+04 -2.37412682e+01 
 4.75058934e+04  9.25562610e+00  4.75058934e+04 -2.39889981e+01 
 4.80560596e+04  9.24048172e+00  4.80560596e+04 -2.42387597e+01 
 4.86125973e+04  9.22504092e+00  4.86125973e+04 -2.44905530e+01 
 4.91755802e+04  9.20929902e+00  4.91755802e+04 -2.47443778e+01 
 4.97450830e+04  9.19325132e+00  4.97450830e+04 -2.50002334e+01 
 5.03211813e+04  9.17689309e+00  5.03211813e+04 -2.52581183e+01 
 5.09039513e+04  9.16021957e+00  5.09039513e+04 -2.55180307e+01 
 5.14934704e+04  9.14322599e+00  5.14934704e+04 -2.57799680e+01 
 5.20898168e+04  9.12590754e+00  5.20898168e+04 -2.60439272e+01 
 5.26930694e+04  9.10825940e+00  5.26930694e+04 -2.63099046e+01 
 5.33033083e+04  9.09027672e+00  5.33033083e+04 -2.65778960e+01 
 5.39206144e+04  9.07195466e+00  5.39206144e+04 -2.68478965e+01 
 5.45450695e+04  9.05328834e+00  5.45450695e+04 -2.71199006e+01 
 5.51767564e+04  9.03427289e+00  5.51767564e+04 -2.73939022e+01 
 5.58157589e+04  9.01490340e+00  5.58157589e+04 -2.76698945e+01 
 5.64621617e+04  8.99517499e+00  5.64621617e+04 -2.79478702e+01 
 5.71160505e+04  8.97508274e+00  5.71160505e+04 -2.82278211e+01 
 5.77775120e+04  8.95462177e+00  5.77775120e+04 -2.85097385e+01 
 5.84466339e+04  8.93378716e+00  5.84466339e+04 -2.87936130e+01 
 5.91235049e+04  8.91257402e+00  5.91235049e+04 -2.90794345e+01 
 5.98082147e+04  8.89097747e+00  5.98082147e+04 -2.93671922e+01 
 6.05008542e+04  8.86899260e+00  6.05008542e+04 -2.96568745e+01 
 6.12015151e+04  8.84661457e+00  6.12015151e+04 -2.99484693e+01 
 6.19102904e+04  8.82383851e+00  6.19102904e+04 -3.02419636e+01 
 6.26272740e+04  8.80065959e+00  6.26272740e+04 -3.05373439e+01 
 6.33525610e+04  8.77707301e+00  6.33525610e+04 -3.08345957e+01 
 6.40862476e+04  8.75307396e+00  6.40862476e+04 -3.11337040e+01 
 6.48284310e+04  8.72865769e+00  6.48284310e+04 -3.14346530e+01 
 6.55792097e+04  8.70381949e+00  6.55792097e+04 -3.17374262e+01 
 6.63386831e+04  8.67855464e+00  6.63386831e+04 -3.20420062e+01 
 6.71069519e+04  8.65285851e+00  6.71069519e+04 -3.23483750e+01 
 6.78841182e+04  8.62672648e+00  6.78841182e+04 -3.26565139e+01 
 6.86702847e+04  8.60015398e+00  6.86702847e+04 -3.29664034e+01 
 6.94655559e+04  8.57313651e+00  6.94655559e+04 -3.32780232e+01 
 7.02700371e+04  8.54566959e+00  7.02700371e+04 -3.35913525e+01 
 7.10838351e+04  8.51774883e+00  7.10838351e+04 -3.39063695e+01 
 7.19070576e+04  8.48936988e+00  7.19070576e+04 -3.42230518e+01 
 7.27398139e+04  8.46052845e+00  7.27398139e+04 -3.45413762e+01 
 7.35822143e+04  8.43122033e+00  7.35822143e+04 -3.48613189e+01 
 7.44343706e+04  8.40144138e+00  7.44343706e+04 -3.51828553e+01 
 7.52963957e+04  8.37118754e+00  7.52963957e+04 -3.55059600e+01 
 7.61684039e+04  8.34045482e+00  7.61684039e+04 -3.58306072e+01 
 7.70505109e+04  8.30923930e+00  7.70505109e+04 -3.61567700e+01 
 7.79428335e+04  8.27753718e+00  7.79428335e+04 -3.64844212e+01 
 7.88454902e+04  8.24534473e+00  7.88454902e+04 -3.68135326e+01 
 7.97586005e+04  8.21265830e+00  7.97586005e+04 -3.71440756e+01 
 8.06822855e+04  8.17947437e+00  8.06822855e+04 -3.74760207e+01 
 8.16166678e+04  8.14578950e+00  8.16166678e+04 -3.78093381e+01 
 8.25618712e+04  8.11160037e+00  8.25618712e+04 -3.81439970e+01 
 8.35180209e+04  8.07690374e+00  8.35180209e+04 -3.84799662e+01 
 8.44852439e+04  8.04169651e+00  8.44852439e+04 -3.88172138e+01 
 8.54636682e+04  8.00597568e+00  8.54636682e+04 -3.91557075e+01 
 8.64534237e+04  7.96973838e+00  8.64534237e+04 -3.94954143e+01 
 8.74546416e+04  7.93298187e+00  8.74546416e+04 -3.98363006e+01 
 8.84674546e+04  7.89570350e+00  8.84674546e+04 -4.01783325e+01 
 8.94919970e+04  7.85790078e+00  8.94919970e+04 -4.05214752e+01 
 9.05284046e+04  7.81957135e+00  9.05284046e+04 -4.08656939e+01 
 9.15768148e+04  7.78071297e+00  9.15768148e+04 -4.12109530e+01 
 9.26373667e+04  7.74132355e+00  9.26373667e+04 -4.15572165e+01 
 9.37102009e+04  7.70140113e+00  9.37102009e+04 -4.19044481e+01 
 9.47954596e+04  7.66094391e+00  9.47954596e+04 -4.22526110e+01 
 9.58932866e+04  7.61995022e+00  9.58932866e+04 -4.26016682e+01 
 9.70038276e+04  7.57841854e+00  9.70038276e+04 -4.29515820e+01 
 9.81272298e+04  7.53634750e+00  9.81272298e+04 -4.33023148e+01 
 9.92636421e+04  7.49373591e+00  9.92636421e+04 -4.36538285e+01 
 1.00413215e+05  7.45058269e+00  1.00413215e+05 -4.40060846e+01 
 1.01576102e+05  7.40688695e+00  1.01576102e+05 -4.43590446e+01 
 1.02752455e+05  7.36264794e+00  1.02752455e+05 -4.47126697e+01 
 1.03942432e+05  7.31786509e+00  1.03942432e+05 -4.50669209e+01 
 1.05146191e+05  7.27253797e+00  1.05146191e+05 -4.54217590e+01 
 1.06363890e+05  7.22666633e+00  1.06363890e+05 -4.57771447e+01 
 1.07595691e+05  7.18025007e+00  1.07595691e+05 -4.61330387e+01 
 1.08841757e+05  7.13328928e+00  1.08841757e+05 -4.64894016e+01 
 1.10102255e+05  7.08578419e+00  1.10102255e+05 -4.68461938e+01 
 1.11377350e+05  7.03773522e+00  1.11377350e+05 -4.72033759e+01 
 1.12667212e+05  6.98914294e+00  1.12667212e+05 -4.75609084e+01 
 1.13972012e+05  6.94000809e+00  1.13972012e+05 -4.79187518e+01 
 1.15291923e+05  6.89033159e+00  1.15291923e+05 -4.82768669e+01 
 1.16627120e+05  6.84011453e+00  1.16627120e+05 -4.86352144e+01 
 1.17977779e+05  6.78935816e+00  1.17977779e+05 -4.89937552e+01 
 1.19344081e+05  6.73806389e+00  1.19344081e+05 -4.93524505e+01 
 1.20726206e+05  6.68623334e+00  1.20726206e+05 -4.97112616e+01 
 1.22124337e+05  6.63386824e+00  1.22124337e+05 -5.00701499e+01 
 1.23538660e+05  6.58097053e+00  1.23538660e+05 -5.04290772e+01 
 1.24969363e+05  6.52754231e+00  1.24969363e+05 -5.07880057e+01 
 1.26416634e+05  6.47358583e+00  1.26416634e+05 -5.11468978e+01 
 1.27880666e+05  6.41910352e+00  1.27880666e+05 -5.15057161e+01 
 1.29361653e+05  6.36409797e+00  1.29361653e+05 -5.18644239e+01 
 1.30859792e+05  6.30857193e+00  1.30859792e+05 -5.22229847e+01 
 1.32375280e+05  6.25252832e+00  1.32375280e+05 -5.25813624e+01 
 1.33908319e+05  6.19597021e+00  1.33908319e+05 -5.29395215e+01 
 1.35459113e+05  6.13890083e+00  1.35459113e+05 -5.32974269e+01 
 1.37027866e+05  6.08132356e+00  1.37027866e+05 -5.36550440e+01 
 1.38614787e+05  6.02324196e+00  1.38614787e+05 -5.40123388e+01 
 1.40220086e+05  5.96465971e+00  1.40220086e+05 -5.43692778e+01 
 1.41843976e+05  5.90558066e+00  1.41843976e+05 -5.47258282e+01 
 1.43486672e+05  5.84600879e+00  1.43486672e+05 -5.50819576e+01 
 1.45148393e+05  5.78594826e+00  1.45148393e+05 -5.54376344e+01 
 1.46829358e+05  5.72540333e+00  1.46829358e+05 -5.57928277e+01 
 1.48529790e+05  5.66437844e+00  1.48529790e+05 -5.61475071e+01 
 1.50249915e+05  5.60287813e+00  1.50249915e+05 -5.65016429e+01 
 1.51989960e+05  5.54090711e+00  1.51989960e+05 -5.68552064e+01 
 1.53750157e+05  5.47847020e+00  1.53750157e+05 -5.72081692e+01 
 1.55530739e+05  5.41557236e+00  1.55530739e+05 -5.75605041e+01 
 1.57331942e+05  5.35221868e+00  1.57331942e+05 -5.79121843e+01 
 1.59154005e+05  5.28841436e+00  1.59154005e+05 -5.82631839e+01 
 1.60997169e+05  5.22416475e+00  1.60997169e+05 -5.86134780e+01 
 1.62861678e+05  5.15947528e+00  1.62861678e+05 -5.89630422e+01 
 1.64747781e+05  5.09435153e+00  1.64747781e+05 -5.93118531e+01 
 1.66655726e+05  5.02879916e+00  1.66655726e+05 -5.96598882e+01 
 1.68585768e+05  4.96282398e+00  1.68585768e+05 -6.00071256e+01 
 1.70538161e+05  4.89643187e+00  1.70538161e+05 -6.03535446e+01 
 1.72513165e+05  4.82962884e+00  1.72513165e+05 -6.06991252e+01 
 1.74511042e+05  4.76242098e+00  1.74511042e+05 -6.10438482e+01 
 1.76532055e+05  4.69481449e+00  1.76532055e+05 -6.13876954e+01 
 1.78576475e+05  4.62681566e+00  1.78576475e+05 -6.17306496e+01 
 1.80644570e+05  4.55843087e+00  1.80644570e+05 -6.20726943e+01 
 1.82736617e+05  4.48966661e+00  1.82736617e+05 -6.24138141e+01 
 1.84852891e+05  4.42052941e+00  1.84852891e+05 -6.27539943e+01 
 1.86993674e+05  4.35102593e+00  1.86993674e+05 -6.30932215e+01 
 1.89159250e+05  4.28116289e+00  1.89159250e+05 -6.34314828e+01 
 1.91349905e+05  4.21094709e+00  1.91349905e+05 -6.37687666e+01 
 1.93565930e+05  4.14038539e+00  1.93565930e+05 -6.41050619e+01 
 1.95807618e+05  4.06948475e+00  1.95807618e+05 -6.44403590e+01 
 1.98075268e+05  3.99825217e+00  1.98075268e+05 -6.47746488e+01 
 2.00369179e+05  3.92669475e+00  2.00369179e+05 -6.51079235e+01 
 2.02689657e+05  3.85481961e+00  2.02689657e+05 -6.54401759e+01 
 2.05037007e+05  3.78263398e+00  2.05037007e+05 -6.57714000e+01 
 2.07411543e+05  3.71014510e+00  2.07411543e+05 -6.61015906e+01 
 2.09813578e+05  3.63736031e+00  2.09813578e+05 -6.64307436e+01 
 2.12243431e+05  3.56428699e+00  2.12243431e+05 -6.67588556e+01 
 2.14701424e+05  3.49093255e+00  2.14701424e+05 -6.70859243e+01 
 2.17187883e+05  3.41730447e+00  2.17187883e+05 -6.74119484e+01 
 2.19703138e+05  3.34341029e+00  2.19703138e+05 -6.77369274e+01 
 2.22247522e+05  3.26925757e+00  2.22247522e+05 -6.80608619e+01 
 2.24821372e+05  3.19485392e+00  2.24821372e+05 -6.83837532e+01 
 2.27425030e+05  3.12020701e+00  2.27425030e+05 -6.87056037e+01 
 2.30058842e+05  3.04532452e+00  2.30058842e+05 -6.90264168e+01 
 2.32723155e+05  2.97021420e+00  2.32723155e+05 -6.93461965e+01 
 2.35418324e+05  2.89488381e+00  2.35418324e+05 -6.96649481e+01 
 2.38144706e+05  2.81934116e+00  2.38144706e+05 -6.99826775e+01 
 2.40902662e+05  2.74359410e+00  2.40902662e+05 -7.02993918e+01 
 2.43692558e+05  2.66765048e+00  2.43692558e+05 -7.06150986e+01 
 2.46514763e+05  2.59151821e+00  2.46514763e+05 -7.09298069e+01 
 2.49369653e+05  2.51520522e+00  2.49369653e+05 -7.12435262e+01 
 2.52257605e+05  2.43871947e+00  2.52257605e+05 -7.15562671e+01 
 2.55179003e+05  2.36206895e+00  2.55179003e+05 -7.18680409e+01 
 2.58134233e+05  2.28526167e+00  2.58134233e+05 -7.21788599e+01 
 2.61123688e+05  2.20830566e+00  2.61123688e+05 -7.24887373e+01 
 2.64147764e+05  2.13120898e+00  2.64147764e+05 -7.27976871e+01 
 2.67206861e+05  2.05397971e+00  2.67206861e+05 -7.31057242e+01 
 2.70301386e+05  1.97662595e+00  2.70301386e+05 -7.34128643e+01 
 2.73431749e+05  1.89915584e+00  2.73431749e+05 -7.37191241e+01 
 2.76598365e+05  1.82157751e+00  2.76598365e+05 -7.40245208e+01 
 2.79801653e+05  1.74389912e+00  2.79801653e+05 -7.43290729e+01 
 2.83042038e+05  1.66612887e+00  2.83042038e+05 -7.46327994e+01 
 2.86319950e+05  1.58827495e+00  2.86319950e+05 -7.49357203e+01 
 2.89635824e+05  1.51034558e+00  2.89635824e+05 -7.52378562e+01 
 2.92990099e+05  1.43234899e+00  2.92990099e+05 -7.55392289e+01 
 2.96383220e+05  1.35429344e+00  2.96383220e+05 -7.58398607e+01 
 2.99815637e+05  1.27618719e+00  2.99815637e+05 -7.61397748e+01 
 3.03287805e+05  1.19803854e+00  3.03287805e+05 -7.64389953e+01 
 3.06800183e+05  1.11985578e+00  3.06800183e+05 -7.67375469e+01 
 3.10353239e+05  1.04164722e+00  3.10353239e+05 -7.70354552e+01 
 3.13947443e+05  9.63421187e-01  3.13947443e+05 -7.73327468e+01 
 3.17583271e+05  8.85186036e-01  3.17583271e+05 -7.76294488e+01 
 3.21261205e+05  8.06950120e-01  3.21261205e+05 -7.79255892e+01 
 3.24981734e+05  7.28721809e-01  3.24981734e+05 -7.82211968e+01 
 3.28745351e+05  6.50509488e-01  3.28745351e+05 -7.85163011e+01 
 3.32552554e+05  5.72321557e-01  3.32552554e+05 -7.88109325e+01 
 3.36403848e+05  4.94166425e-01  3.36403848e+05 -7.91051221e+01 
 3.40299744e+05  4.16052518e-01  3.40299744e+05 -7.93989019e+01 
 3.44240758e+05  3.37988270e-01  3.44240758e+05 -7.96923044e+01 
 3.48227413e+05  2.59982131e-01  3.48227413e+05 -7.99853631e+01 
 3.52260238e+05  1.82042560e-01  3.52260238e+05 -8.02781122e+01 
 3.56339767e+05  1.04178030e-01  3.56339767e+05 -8.05705868e+01 
 3.60466541e+05  2.63970226e-02  3.60466541e+05 -8.08628224e+01 
 3.64641107e+05 -5.12919681e-02  3.64641107e+05 -8.11548557e+01 
 3.68864019e+05 -1.28880438e-01  3.68864019e+05 -8.14467238e+01 
 3.73135837e+05 -2.06359873e-01  3.73135837e+05 -8.17384648e+01 
 3.77457126e+05 -2.83721750e-01  3.77457126e+05 -8.20301174e+01 
 3.81828460e+05 -3.60957535e-01  3.81828460e+05 -8.23217213e+01 
 3.86250419e+05 -4.38058689e-01  3.86250419e+05 -8.26133166e+01 
 3.90723589e+05 -5.15016661e-01  3.90723589e+05 -8.29049444e+01 
 3.95248562e+05 -5.91822895e-01  3.95248562e+05 -8.31966465e+01 
 3.99825939e+05 -6.68468829e-01  3.99825939e+05 -8.34884655e+01 
 4.04456327e+05 -7.44945894e-01  4.04456327e+05 -8.37804447e+01 
 4.09140339e+05 -8.21245515e-01  4.09140339e+05 -8.40726281e+01 
 4.13878597e+05 -8.97359116e-01  4.13878597e+05 -8.43650605e+01 
 4.18671729e+05 -9.73278114e-01  4.18671729e+05 -8.46577875e+01 
 4.23520370e+05 -1.04899393e+00  4.23520370e+05 -8.49508555e+01 
 4.28425163e+05 -1.12449797e+00  4.28425163e+05 -8.52443114e+01 
 4.33386759e+05 -1.19978166e+00  4.33386759e+05 -8.55382030e+01 
 4.38405814e+05 -1.27483641e+00  4.38405814e+05 -8.58325790e+01 
 4.43482996e+05 -1.34965364e+00  4.43482996e+05 -8.61274886e+01 
 4.48618977e+05 -1.42422478e+00  4.48618977e+05 -8.64229819e+01 
 4.53814437e+05 -1.49854125e+00  4.53814437e+05 -8.67191096e+01 
 4.59070066e+05 -1.57259450e+00  4.59070066e+05 -8.70159234e+01 
 4.64386560e+05 -1.64637596e+00  4.64386560e+05 -8.73134754e+01 
 4.69764625e+05 -1.71987709e+00  4.69764625e+05 -8.76118187e+01 
 4.75204974e+05 -1.79308937e+00  4.75204974e+05 -8.79110071e+01 
 4.80708327e+05 -1.86600427e+00  4.80708327e+05 -8.82110949e+01 
 4.86275414e+05 -1.93861330e+00  4.86275414e+05 -8.85121375e+01 
 4.91906974e+05 -2.01090797e+00  4.91906974e+05 -8.88141907e+01 
 4.97603753e+05 -2.08287982e+00  4.97603753e+05 -8.91173113e+01 
 5.03366507e+05 -2.15452043e+00  5.03366507e+05 -8.94215565e+01 
 5.09195999e+05 -2.22582138e+00  5.09195999e+05 -8.97269845e+01 
 5.15093002e+05 -2.29677428e+00  5.15093002e+05 -9.00336542e+01 
 5.21058299e+05 -2.36737080e+00  5.21058299e+05 -9.03416248e+01 
 5.27092679e+05 -2.43760261e+00  5.27092679e+05 -9.06509568e+01 
 5.33196944e+05 -2.50746144e+00  5.33196944e+05 -9.09617110e+01 
 5.39371903e+05 -2.57693906e+00  5.39371903e+05 -9.12739489e+01 
 5.45618374e+05 -2.64602728e+00  5.45618374e+05 -9.15877329e+01 
 5.51937185e+05 -2.71471795e+00  5.51937185e+05 -9.19031257e+01 
 5.58329174e+05 -2.78300298e+00  5.58329174e+05 -9.22201911e+01 
 5.64795189e+05 -2.85087433e+00  5.64795189e+05 -9.25389932e+01 
 5.71336088e+05 -2.91832402e+00  5.71336088e+05 -9.28595968e+01 
 5.77952736e+05 -2.98534414e+00  5.77952736e+05 -9.31820676e+01 
 5.84646012e+05 -3.05192684e+00  5.84646012e+05 -9.35064715e+01 
 5.91416802e+05 -3.11806434e+00  5.91416802e+05 -9.38328753e+01 
 5.98266006e+05 -3.18374893e+00  5.98266006e+05 -9.41613463e+01 
 6.05194529e+05 -3.24897299e+00  6.05194529e+05 -9.44919523e+01 
 6.12203293e+05 -3.31372897e+00  6.12203293e+05 -9.48247617e+01 
 6.19293224e+05 -3.37800942e+00  6.19293224e+05 -9.51598436e+01 
 6.26465265e+05 -3.44180698e+00  6.26465265e+05 -9.54972674e+01 
 6.33720365e+05 -3.50511438e+00  6.33720365e+05 -9.58371031e+01 
 6.41059486e+05 -3.56792447e+00  6.41059486e+05 -9.61794212e+01 
 6.48483601e+05 -3.63023019e+00  6.48483601e+05 -9.65242927e+01 
 6.55993696e+05 -3.69202460e+00  6.55993696e+05 -9.68717889e+01 
 6.63590765e+05 -3.75330087e+00  6.63590765e+05 -9.72219817e+01 
 6.71275815e+05 -3.81405231e+00  6.71275815e+05 -9.75749433e+01 
 6.79049866e+05 -3.87427234e+00  6.79049866e+05 -9.79307463e+01 
 6.86913949e+05 -3.93395451e+00  6.86913949e+05 -9.82894637e+01 
 6.94869105e+05 -3.99309255e+00  6.94869105e+05 -9.86511688e+01 
 7.02916391e+05 -4.05168028e+00  7.02916391e+05 -9.90159351e+01 
 7.11056872e+05 -4.10971170e+00  7.11056872e+05 -9.93838366e+01 
 7.19291628e+05 -4.16718097e+00  7.19291628e+05 -9.97549474e+01 
 7.27621750e+05 -4.22408239e+00  7.27621750e+05 -1.00129342e+02 
 7.36048344e+05 -4.28041046e+00  7.36048344e+05 -1.00507094e+02 
 7.44572527e+05 -4.33615983e+00  7.44572527e+05 -1.00888280e+02 
 7.53195428e+05 -4.39132533e+00  7.53195428e+05 -1.01272973e+02 
 7.61918191e+05 -4.44590197e+00  7.61918191e+05 -1.01661248e+02 
 7.70741972e+05 -4.49988499e+00  7.70741972e+05 -1.02053182e+02 
 7.79667942e+05 -4.55326978e+00  7.79667942e+05 -1.02448847e+02 
 7.88697283e+05 -4.60605195e+00  7.88697283e+05 -1.02848321e+02 
 7.97831193e+05 -4.65822733e+00  7.97831193e+05 -1.03251676e+02 
 8.07070883e+05 -4.70979197e+00  8.07070883e+05 -1.03658989e+02 
 8.16417578e+05 -4.76074211e+00  8.16417578e+05 -1.04070334e+02 
 8.25872518e+05 -4.81107424e+00  8.25872518e+05 -1.04485786e+02 
 8.35436955e+05 -4.86078510e+00  8.35436955e+05 -1.04905419e+02 
 8.45112157e+05 -4.90987163e+00  8.45112157e+05 -1.05329307e+02 
 8.54899409e+05 -4.95833104e+00  8.54899409e+05 -1.05757524e+02 
 8.64800006e+05 -5.00616080e+00  8.64800006e+05 -1.06190144e+02 
 8.74815263e+05 -5.05335861e+00  8.74815263e+05 -1.06627239e+02 
 8.84946506e+05 -5.09992247e+00  8.84946506e+05 -1.07068883e+02 
 8.95195080e+05 -5.14585060e+00  8.95195080e+05 -1.07515149e+02 
 9.05562342e+05 -5.19114154e+00  9.05562342e+05 -1.07966107e+02 
 9.16049667e+05 -5.23579409e+00  9.16049667e+05 -1.08421830e+02 
 9.26658447e+05 -5.27980734e+00  9.26658447e+05 -1.08882388e+02 
 9.37390086e+05 -5.32318066e+00  9.37390086e+05 -1.09347851e+02 
 9.48246009e+05 -5.36591374e+00  9.48246009e+05 -1.09818290e+02 
 9.59227655e+05 -5.40800655e+00  9.59227655e+05 -1.10293773e+02 
 9.70336479e+05 -5.44945937e+00  9.70336479e+05 -1.10774368e+02 
 9.81573954e+05 -5.49027281e+00  9.81573954e+05 -1.11260143e+02 
 9.92941571e+05 -5.53044778e+00  9.92941571e+05 -1.11751164e+02 
 1.00444084e+06 -5.56998552e+00  1.00444084e+06 -1.12247497e+02 
 1.01607327e+06 -5.60888759e+00  1.01607327e+06 -1.12749207e+02 
 1.02784043e+06 -5.64715589e+00  1.02784043e+06 -1.13256359e+02 
 1.03974386e+06 -5.68479265e+00  1.03974386e+06 -1.13769014e+02 
 1.05178514e+06 -5.72180045e+00  1.05178514e+06 -1.14287236e+02 
 1.06396587e+06 -5.75818220e+00  1.06396587e+06 -1.14811085e+02 
 1.07628767e+06 -5.79394116e+00  1.07628767e+06 -1.15340622e+02 
 1.08875217e+06 -5.82908096e+00  1.08875217e+06 -1.15875904e+02 
 1.10136102e+06 -5.86360557e+00  1.10136102e+06 -1.16416990e+02 
 1.11411589e+06 -5.89751933e+00  1.11411589e+06 -1.16963937e+02 
 1.12701847e+06 -5.93082693e+00  1.12701847e+06 -1.17516799e+02 
 1.14007049e+06 -5.96353345e+00  1.14007049e+06 -1.18075631e+02 
 1.15327365e+06 -5.99564431e+00  1.15327365e+06 -1.18640486e+02 
 1.16662972e+06 -6.02716533e+00  1.16662972e+06 -1.19211415e+02 
 1.18014047e+06 -6.05810270e+00  1.18014047e+06 -1.19788469e+02 
 1.19380769e+06 -6.08846297e+00  1.19380769e+06 -1.20371696e+02 
 1.20763319e+06 -6.11825310e+00  1.20763319e+06 -1.20961144e+02 
 1.22161880e+06 -6.14748042e+00  1.22161880e+06 -1.21556859e+02 
 1.23576638e+06 -6.17615263e+00  1.23576638e+06 -1.22158885e+02 
 1.25007780e+06 -6.20427785e+00  1.25007780e+06 -1.22767267e+02 
 1.26455496e+06 -6.23186458e+00  1.26455496e+06 -1.23382046e+02 
 1.27919978e+06 -6.25892169e+00  1.27919978e+06 -1.24003261e+02 
 1.29401421e+06 -6.28545847e+00  1.29401421e+06 -1.24630953e+02 
 1.30900020e+06 -6.31148459e+00  1.30900020e+06 -1.25265158e+02 
 1.32415974e+06 -6.33701014e+00  1.32415974e+06 -1.25905912e+02 
 1.33949485e+06 -6.36204557e+00  1.33949485e+06 -1.26553250e+02 
 1.35500755e+06 -6.38660176e+00  1.35500755e+06 -1.27207204e+02 
 1.37069990e+06 -6.41068999e+00  1.37069990e+06 -1.27867805e+02 
 1.38657399e+06 -6.43432191e+00  1.38657399e+06 -1.28535083e+02 
 1.40263192e+06 -6.45750961e+00  1.40263192e+06 -1.29209065e+02 
 1.41887581e+06 -6.48026557e+00  1.41887581e+06 -1.29889779e+02 
 1.43530782e+06 -6.50260266e+00  1.43530782e+06 -1.30577250e+02 
 1.45193013e+06 -6.52453416e+00  1.45193013e+06 -1.31271499e+02 
 1.46874495e+06 -6.54607377e+00  1.46874495e+06 -1.31972550e+02 
 1.48575450e+06 -6.56723557e+00  1.48575450e+06 -1.32680421e+02 
 1.50296103e+06 -6.58803407e+00  1.50296103e+06 -1.33395132e+02 
 1.52036684e+06 -6.60848418e+00  1.52036684e+06 -1.34116700e+02 
 1.53797422e+06 -6.62860119e+00  1.53797422e+06 -1.34845139e+02 
 1.55578551e+06 -6.64840082e+00  1.55578551e+06 -1.35580463e+02 
 1.57380308e+06 -6.66789921e+00  1.57380308e+06 -1.36322685e+02 
 1.59202931e+06 -6.68711287e+00  1.59202931e+06 -1.37071814e+02 
 1.61046661e+06 -6.70605874e+00  1.61046661e+06 -1.37827859e+02 
 1.62911744e+06 -6.72475416e+00  1.62911744e+06 -1.38590828e+02 
 1.64798426e+06 -6.74321689e+00  1.64798426e+06 -1.39360726e+02 
 1.66706959e+06 -6.76146507e+00  1.66706959e+06 -1.40137558e+02 
 1.68637593e+06 -6.77951728e+00  1.68637593e+06 -1.40921325e+02 
 1.70590587e+06 -6.79739249e+00  1.70590587e+06 -1.41712029e+02 
 1.72566198e+06 -6.81511008e+00  1.72566198e+06 -1.42509668e+02 
 1.74564689e+06 -6.83268984e+00  1.74564689e+06 -1.43314240e+02 
 1.76586324e+06 -6.85015197e+00  1.76586324e+06 -1.44125741e+02 
 1.78631372e+06 -6.86751710e+00  1.78631372e+06 -1.44944166e+02 
 1.80700103e+06 -6.88480624e+00  1.80700103e+06 -1.45769506e+02 
 1.82792793e+06 -6.90204082e+00  1.82792793e+06 -1.46601754e+02 
 1.84909717e+06 -6.91924272e+00  1.84909717e+06 -1.47440897e+02 
 1.87051159e+06 -6.93643418e+00  1.87051159e+06 -1.48286925e+02 
 1.89217400e+06 -6.95363790e+00  1.89217400e+06 -1.49139822e+02 
 1.91408728e+06 -6.97087697e+00  1.91408728e+06 -1.49999574e+02 
 1.93625434e+06 -6.98817492e+00  1.93625434e+06 -1.50866161e+02 
 1.95867812e+06 -7.00555568e+00  1.95867812e+06 -1.51739566e+02 
 1.98136159e+06 -7.02304363e+00  1.98136159e+06 -1.52619765e+02 
 2.00430776e+06 -7.04066354e+00  2.00430776e+06 -1.53506738e+02 
 2.02751966e+06 -7.05844063e+00  2.02751966e+06 -1.54400457e+02 
 2.05100039e+06 -7.07640054e+00  2.05100039e+06 -1.55300897e+02 
 2.07475304e+06 -7.09456934e+00  2.07475304e+06 -1.56208027e+02 
 2.09878077e+06 -7.11297353e+00  2.09878077e+06 -1.57121817e+02 
 2.12308677e+06 -7.13164003e+00  2.12308677e+06 -1.58042233e+02 
 2.14767426e+06 -7.15059621e+00  2.14767426e+06 -1.58969238e+02 
 2.17254649e+06 -7.16986986e+00  2.17254649e+06 -1.59902795e+02 
 2.19770677e+06 -7.18948920e+00  2.19770677e+06 -1.60842862e+02 
 2.22315843e+06 -7.20948291e+00  2.22315843e+06 -1.61789396e+02 
 2.24890485e+06 -7.22988007e+00  2.24890485e+06 -1.62742350e+02 
 2.27494944e+06 -7.25071020e+00  2.27494944e+06 -1.63701676e+02 
 2.30129565e+06 -7.27200326e+00  2.30129565e+06 -1.64667321e+02 
 2.32794697e+06 -7.29378962e+00  2.32794697e+06 -1.65639229e+02 
 2.35490695e+06 -7.31610007e+00  2.35490695e+06 -1.66617341e+02 
 2.38217915e+06 -7.33896584e+00  2.38217915e+06 -1.67601595e+02 
 2.40976718e+06 -7.36241854e+00  2.40976718e+06 -1.68591925e+02 
 2.43767472e+06 -7.38649020e+00  2.43767472e+06 -1.69588259e+02 
 2.46590545e+06 -7.41121321e+00  2.46590545e+06 -1.70590524e+02 
 2.49446313e+06 -7.43662037e+00  2.49446313e+06 -1.71598640e+02 
 2.52335153e+06 -7.46274483e+00  2.52335153e+06 -1.72612524e+02 
 2.55257448e+06 -7.48962006e+00  2.55257448e+06 -1.73632087e+02 
 2.58213587e+06 -7.51727989e+00  2.58213587e+06 -1.74657235e+02 
 2.61203961e+06 -7.54575843e+00  2.61203961e+06 -1.75687868e+02 
 2.64228966e+06 -7.57509007e+00  2.64228966e+06 -1.76723882e+02 
 2.67289004e+06 -7.60530942e+00  2.67289004e+06 -1.77765165e+02 
 2.70384481e+06 -7.63645134e+00  2.70384481e+06 -1.78811599e+02 
 2.73515806e+06 -7.66855083e+00  2.73515806e+06 -1.79863060e+02 
 2.76683395e+06 -7.70164301e+00  2.76683395e+06  1.79080583e+02 
 2.79887667e+06 -7.73576311e+00  2.79887667e+06  1.78019470e+02 
 2.83129049e+06 -7.77094635e+00  2.83129049e+06  1.76953746e+02 
 2.86407969e+06 -7.80722794e+00  2.86407969e+06  1.75883565e+02 
 2.89724862e+06 -7.84464298e+00  2.89724862e+06  1.74809091e+02 
 2.93080168e+06 -7.88322641e+00  2.93080168e+06  1.73730495e+02 
 2.96474332e+06 -7.92301293e+00  2.96474332e+06  1.72647956e+02 
 2.99907804e+06 -7.96403690e+00  2.99907804e+06  1.71561663e+02 
 3.03381039e+06 -8.00633228e+00  3.03381039e+06  1.70471814e+02 
 3.06894498e+06 -8.04993252e+00  3.06894498e+06  1.69378618e+02 
 3.10448646e+06 -8.09487046e+00  3.10448646e+06  1.68282291e+02 
 3.14043954e+06 -8.14117822e+00  3.14043954e+06  1.67183061e+02 
 3.17680900e+06 -8.18888711e+00  3.17680900e+06  1.66081165e+02 
 3.21359965e+06 -8.23802750e+00  3.21359965e+06  1.64976849e+02 
 3.25081638e+06 -8.28862867e+00  3.25081638e+06  1.63870372e+02 
 3.28846411e+06 -8.34071875e+00  3.28846411e+06  1.62761999e+02 
 3.32654785e+06 -8.39432452e+00  3.32654785e+06  1.61652007e+02 
 3.36507263e+06 -8.44947131e+00  3.36507263e+06  1.60540681e+02 
 3.40404356e+06 -8.50618288e+00  3.40404356e+06  1.59428319e+02 
 3.44346582e+06 -8.56448125e+00  3.44346582e+06  1.58315222e+02 
 3.48334463e+06 -8.62438661e+00  3.48334463e+06  1.57201704e+02 
 3.52368527e+06 -8.68591714e+00  3.52368527e+06  1.56088085e+02 
 3.56449310e+06 -8.74908890e+00  3.56449310e+06  1.54974692e+02 
 3.60577353e+06 -8.81391570e+00  3.60577353e+06  1.53861860e+02 
 3.64753203e+06 -8.88040900e+00  3.64753203e+06  1.52749929e+02 
 3.68977413e+06 -8.94857777e+00  3.68977413e+06  1.51639243e+02 
 3.73250543e+06 -9.01842839e+00  3.73250543e+06  1.50530151e+02 
 3.77573161e+06 -9.08996457e+00  3.77573161e+06  1.49423004e+02 
 3.81945839e+06 -9.16318726e+00  3.81945839e+06  1.48318156e+02 
 3.86369158e+06 -9.23809458e+00  3.86369158e+06  1.47215961e+02 
 3.90843702e+06 -9.31468179e+00  3.90843702e+06  1.46116770e+02 
 3.95370067e+06 -9.39294122e+00  3.95370067e+06  1.45020936e+02 
 3.99948851e+06 -9.47286226e+00  3.99948851e+06  1.43928806e+02 
 4.04580662e+06 -9.55443139e+00  4.04580662e+06  1.42840722e+02 
 4.09266114e+06 -9.63763217e+00  4.09266114e+06  1.41757021e+02 
 4.14005829e+06 -9.72244529e+00  4.14005829e+06  1.40678031e+02 
 4.18800434e+06 -9.80884863e+00  4.18800434e+06  1.39604074e+02 
 4.23650566e+06 -9.89681734e+00  4.23650566e+06  1.38535458e+02 
 4.28556866e+06 -9.98632394e+00  4.28556866e+06  1.37472481e+02 
 4.33519987e+06 -1.00773384e+01  4.33519987e+06  1.36415429e+02 
 4.38540586e+06 -1.01698285e+01  4.38540586e+06  1.35364572e+02 
 4.43619329e+06 -1.02637595e+01  4.43619329e+06  1.34320165e+02 
 4.48756888e+06 -1.03590949e+01  4.48756888e+06  1.33282449e+02 
 4.53953946e+06 -1.04557962e+01  4.53953946e+06  1.32251646e+02 
 4.59211190e+06 -1.05538232e+01  4.59211190e+06  1.31227959e+02 
 4.64529319e+06 -1.06531344e+01  4.64529319e+06  1.30211574e+02 
 4.69909037e+06 -1.07536870e+01  4.69909037e+06  1.29202658e+02 
 4.75351058e+06 -1.08554372e+01  4.75351058e+06  1.28201359e+02 
 4.80856103e+06 -1.09583402e+01  4.80856103e+06  1.27207802e+02 
 4.86424902e+06 -1.10623511e+01  4.86424902e+06  1.26222097e+02 
 4.92058193e+06 -1.11674243e+01  4.92058193e+06  1.25244329e+02 
 4.97756723e+06 -1.12735142e+01  4.97756723e+06  1.24274568e+02 
 5.03521248e+06 -1.13805753e+01  5.03521248e+06  1.23312862e+02 
 5.09352532e+06 -1.14885625e+01  5.09352532e+06  1.22359241e+02 
 5.15251348e+06 -1.15974310e+01  5.15251348e+06  1.21413716e+02 
 5.21218479e+06 -1.17071369e+01  5.21218479e+06  1.20476281e+02 
 5.27254715e+06 -1.18176371e+01  5.27254715e+06  1.19546913e+02 
 5.33360856e+06 -1.19288896e+01  5.33360856e+06  1.18625573e+02 
 5.39537713e+06 -1.20408534e+01  5.39537713e+06  1.17712207e+02 
 5.45786104e+06 -1.21534890e+01  5.45786104e+06  1.16806746e+02 
 5.52106858e+06 -1.22667581e+01  5.52106858e+06  1.15909108e+02 
 5.58500812e+06 -1.23806240e+01  5.58500812e+06  1.15019200e+02 
 5.64968815e+06 -1.24950517e+01  5.64968815e+06  1.14136917e+02 
 5.71511724e+06 -1.26100077e+01  5.71511724e+06  1.13262144e+02 
 5.78130406e+06 -1.27254601e+01  5.78130406e+06  1.12394758e+02 
 5.84825740e+06 -1.28413788e+01  5.84825740e+06  1.11534628e+02 
 5.91598612e+06 -1.29577356e+01  5.91598612e+06  1.10681614e+02 
 5.98449920e+06 -1.30745037e+01  5.98449920e+06  1.09835574e+02 
 6.05380574e+06 -1.31916582e+01  6.05380574e+06  1.08996359e+02 
 6.12391492e+06 -1.33091760e+01  6.12391492e+06  1.08163816e+02 
 6.19483603e+06 -1.34270352e+01  6.19483603e+06  1.07337790e+02 
 6.26657849e+06 -1.35452161e+01  6.26657849e+06  1.06518123e+02 
 6.33915179e+06 -1.36637002e+01  6.33915179e+06  1.05704656e+02 
 6.41256556e+06 -1.37824705e+01  6.41256556e+06  1.04897229e+02 
 6.48682954e+06 -1.39015115e+01  6.48682954e+06  1.04095684e+02 
 6.56195357e+06 -1.40208092e+01  6.56195357e+06  1.03299859e+02 
 6.63794761e+06 -1.41403507e+01  6.63794761e+06  1.02509599e+02 
 6.71482174e+06 -1.42601244e+01  6.71482174e+06  1.01724744e+02 
 6.79258615e+06 -1.43801198e+01  6.79258615e+06  1.00945142e+02 
 6.87125115e+06 -1.45003276e+01  6.87125115e+06  1.00170639e+02 
 6.95082717e+06 -1.46207394e+01  6.95082717e+06  9.94010854e+01 
 7.03132476e+06 -1.47413476e+01  7.03132476e+06  9.86363334e+01 
 7.11275460e+06 -1.48621457e+01  7.11275460e+06  9.78762389e+01 
 7.19512747e+06 -1.49831278e+01  7.19512747e+06  9.71206605e+01 
 7.27845431e+06 -1.51042887e+01  7.27845431e+06  9.63694599e+01 
 7.36274615e+06 -1.52256240e+01  7.36274615e+06  9.56225021e+01 
 7.44801418e+06 -1.53471298e+01  7.44801418e+06  9.48796553e+01 
 7.53426970e+06 -1.54688026e+01  7.53426970e+06  9.41407911e+01 
 7.62152414e+06 -1.55906394e+01  7.62152414e+06  9.34057840e+01 
 7.70978908e+06 -1.57126378e+01  7.70978908e+06  9.26745118e+01 
 7.79907622e+06 -1.58347956e+01  7.79907622e+06  9.19468555e+01 
 7.88939739e+06 -1.59571109e+01  7.88939739e+06  9.12226988e+01 
 7.98076457e+06 -1.60795821e+01  7.98076457e+06  9.05019285e+01 
 8.07318988e+06 -1.62022079e+01  8.07318988e+06  8.97844340e+01 
 8.16668556e+06 -1.63249872e+01  8.16668556e+06  8.90701073e+01 
 8.26126402e+06 -1.64479189e+01  8.26126402e+06  8.83588432e+01 
 8.35693779e+06 -1.65710023e+01  8.35693779e+06  8.76505384e+01 
 8.45371956e+06 -1.66942368e+01  8.45371956e+06  8.69450921e+01 
 8.55162216e+06 -1.68176216e+01  8.55162216e+06  8.62424056e+01 
 8.65065857e+06 -1.69411563e+01  8.65065857e+06  8.55423819e+01 
 8.75084193e+06 -1.70648405e+01  8.75084193e+06  8.48449259e+01 
 8.85218551e+06 -1.71886738e+01  8.85218551e+06  8.41499443e+01 
 8.95470275e+06 -1.73126559e+01  8.95470275e+06  8.34573451e+01 
 9.05840724e+06 -1.74367865e+01  9.05840724e+06  8.27670377e+01 
 9.16331273e+06 -1.75610654e+01  9.16331273e+06  8.20789329e+01 
 9.26943314e+06 -1.76854923e+01  9.26943314e+06  8.13929425e+01 
 9.37678253e+06 -1.78100670e+01  9.37678253e+06  8.07089796e+01 
 9.48537513e+06 -1.79347895e+01  9.48537513e+06  8.00269579e+01 
 9.59522534e+06 -1.80596595e+01  9.59522534e+06  7.93467921e+01 
 9.70634773e+06 -1.81846770e+01  9.70634773e+06  7.86683977e+01 
 9.81875703e+06 -1.83098419e+01  9.81875703e+06  7.79916907e+01 
 9.93246814e+06 -1.84351540e+01  9.93246814e+06  7.73165880e+01 
 1.00474961e+07 -1.85606135e+01  1.00474961e+07  7.66430066e+01 
 1.01638563e+07 -1.86862204e+01  1.01638563e+07  7.59708643e+01 
 1.02815640e+07 -1.88119747e+01  1.02815640e+07  7.53000793e+01 
 1.04006349e+07 -1.89378765e+01  1.04006349e+07  7.46305699e+01 
 1.05210847e+07 -1.90639261e+01  1.05210847e+07  7.39622551e+01 
 1.06429295e+07 -1.91901237e+01  1.06429295e+07  7.32950539e+01 
 1.07661854e+07 -1.93164696e+01  1.07661854e+07  7.26288857e+01 
 1.08908687e+07 -1.94429643e+01  1.08908687e+07  7.19636702e+01 
 1.10169959e+07 -1.95696081e+01  1.10169959e+07  7.12993272e+01 
 1.11445838e+07 -1.96964017e+01  1.11445838e+07  7.06357770e+01 
 1.12736493e+07 -1.98233458e+01  1.12736493e+07  6.99729397e+01 
 1.14042096e+07 -1.99504410e+01  1.14042096e+07  6.93107361e+01 
 1.15362818e+07 -2.00776884e+01  1.15362818e+07  6.86490870e+01 
 1.16698836e+07 -2.02050888e+01  1.16698836e+07  6.79879133e+01 
 1.18050326e+07 -2.03326433e+01  1.18050326e+07  6.73271366e+01 
 1.19417468e+07 -2.04603533e+01  1.19417468e+07  6.66666784e+01 
 1.20800443e+07 -2.05882200e+01  1.20800443e+07  6.60064606e+01 
 1.22199434e+07 -2.07162449e+01  1.22199434e+07  6.53464056e+01 
 1.23614627e+07 -2.08444296e+01  1.23614627e+07  6.46864360e+01 
 1.25046209e+07 -2.09727760e+01  1.25046209e+07  6.40264749e+01 
 1.26494370e+07 -2.11012859e+01  1.26494370e+07  6.33664457e+01 
 1.27959303e+07 -2.12299614e+01  1.27959303e+07  6.27062723e+01 
 1.29441200e+07 -2.13588047e+01  1.29441200e+07  6.20458792e+01 
 1.30940260e+07 -2.14878181e+01  1.30940260e+07  6.13851915e+01 
 1.32456680e+07 -2.16170042e+01  1.32456680e+07  6.07241347e+01 
 1.33990662e+07 -2.17463656e+01  1.33990662e+07  6.00626351e+01 
 1.35542409e+07 -2.18759052e+01  1.35542409e+07  5.94006195e+01 
 1.37112127e+07 -2.20056259e+01  1.37112127e+07  5.87380156e+01 
 1.38700024e+07 -2.21355309e+01  1.38700024e+07  5.80747519e+01 
 1.40306310e+07 -2.22656236e+01  1.40306310e+07  5.74107575e+01 
 1.41931199e+07 -2.23959072e+01  1.41931199e+07  5.67459626e+01 
 1.43574905e+07 -2.25263856e+01  1.43574905e+07  5.60802982e+01 
 1.45237648e+07 -2.26570624e+01  1.45237648e+07  5.54136963e+01 
 1.46919646e+07 -2.27879417e+01  1.46919646e+07  5.47460899e+01 
 1.48621124e+07 -2.29190274e+01  1.48621124e+07  5.40774132e+01 
 1.50342306e+07 -2.30503239e+01  1.50342306e+07  5.34076014e+01 
 1.52083422e+07 -2.31818355e+01  1.52083422e+07  5.27365909e+01 
 1.53844701e+07 -2.33135668e+01  1.53844701e+07  5.20643194e+01 
 1.55626378e+07 -2.34455225e+01  1.55626378e+07  5.13907257e+01 
 1.57428689e+07 -2.35777074e+01  1.57428689e+07  5.07157501e+01 
 1.59251872e+07 -2.37101265e+01  1.59251872e+07  5.00393342e+01 
 1.61096169e+07 -2.38427849e+01  1.61096169e+07  4.93614212e+01 
 1.62961825e+07 -2.39756879e+01  1.62961825e+07  4.86819554e+01 
 1.64849088e+07 -2.41088407e+01  1.64849088e+07  4.80008831e+01 
 1.66758206e+07 -2.42422490e+01  1.66758206e+07  4.73181518e+01 
 1.68689435e+07 -2.43759183e+01  1.68689435e+07  4.66337109e+01 
 1.70643029e+07 -2.45098544e+01  1.70643029e+07  4.59475112e+01 
 1.72619247e+07 -2.46440630e+01  1.72619247e+07  4.52595054e+01 
 1.74618352e+07 -2.47785502e+01  1.74618352e+07  4.45696481e+01 
 1.76640609e+07 -2.49133219e+01  1.76640609e+07  4.38778954e+01 
 1.78686285e+07 -2.50483844e+01  1.78686285e+07  4.31842055e+01 
 1.80755653e+07 -2.51837437e+01  1.80755653e+07  4.24885383e+01 
 1.82848985e+07 -2.53194062e+01  1.82848985e+07  4.17908560e+01 
 1.84966561e+07 -2.54553784e+01  1.84966561e+07  4.10911225e+01 
 1.87108661e+07 -2.55916665e+01  1.87108661e+07  4.03893037e+01 
 1.89275568e+07 -2.57282772e+01  1.89275568e+07  3.96853677e+01 
 1.91467570e+07 -2.58652170e+01  1.91467570e+07  3.89792849e+01 
 1.93684957e+07 -2.60024924e+01  1.93684957e+07  3.82710275e+01 
 1.95928024e+07 -2.61401101e+01  1.95928024e+07  3.75605702e+01 
 1.98197069e+07 -2.62780769e+01  1.98197069e+07  3.68478897e+01 
 2.00492391e+07 -2.64163993e+01  2.00492391e+07  3.61329651e+01 
 2.02814295e+07 -2.65550842e+01  2.02814295e+07  3.54157778e+01 
 2.05163089e+07 -2.66941382e+01  2.05163089e+07  3.46963117e+01 
 2.07539085e+07 -2.68335681e+01  2.07539085e+07  3.39745528e+01 
 2.09942597e+07 -2.69733806e+01  2.09942597e+07  3.32504897e+01 
 2.12373944e+07 -2.71135824e+01  2.12373944e+07  3.25241134e+01 
 2.14833448e+07 -2.72541802e+01  2.14833448e+07  3.17954174e+01 
 2.17321436e+07 -2.73951808e+01  2.17321436e+07  3.10643978e+01 
 2.19838238e+07 -2.75365906e+01  2.19838238e+07  3.03310531e+01 
 2.22384186e+07 -2.76784163e+01  2.22384186e+07  2.95953844e+01 
 2.24959620e+07 -2.78206644e+01  2.24959620e+07  2.88573955e+01 
 2.27564879e+07 -2.79633414e+01  2.27564879e+07  2.81170927e+01 
 2.30200310e+07 -2.81064536e+01  2.30200310e+07  2.73744852e+01 
 2.32866262e+07 -2.82500074e+01  2.32866262e+07  2.66295845e+01 
 2.35563088e+07 -2.83940089e+01  2.35563088e+07  2.58824052e+01 
 2.38291146e+07 -2.85384644e+01  2.38291146e+07  2.51329644e+01 
 2.41050798e+07 -2.86833797e+01  2.41050798e+07  2.43812820e+01 
 2.43842409e+07 -2.88287608e+01  2.43842409e+07  2.36273807e+01 
 2.46666350e+07 -2.89746135e+01  2.46666350e+07  2.28712859e+01 
 2.49522996e+07 -2.91209433e+01  2.49522996e+07  2.21130258e+01 
 2.52412724e+07 -2.92677557e+01  2.52412724e+07  2.13526317e+01 
 2.55335918e+07 -2.94150562e+01  2.55335918e+07  2.05901373e+01 
 2.58292965e+07 -2.95628497e+01  2.58292965e+07  1.98255795e+01 
 2.61284258e+07 -2.97111413e+01  2.61284258e+07  1.90589978e+01 
 2.64310194e+07 -2.98599358e+01  2.64310194e+07  1.82904347e+01 
 2.67371172e+07 -3.00092378e+01  2.67371172e+07  1.75199357e+01 
 2.70467600e+07 -3.01590517e+01  2.70467600e+07  1.67475489e+01 
 2.73599888e+07 -3.03093816e+01  2.73599888e+07  1.59733255e+01 
 2.76768451e+07 -3.04602316e+01  2.76768451e+07  1.51973195e+01 
 2.79973709e+07 -3.06116052e+01  2.79973709e+07  1.44195877e+01 
 2.83216087e+07 -3.07635061e+01  2.83216087e+07  1.36401900e+01 
 2.86496015e+07 -3.09159374e+01  2.86496015e+07  1.28591890e+01 
 2.89813928e+07 -3.10689021e+01  2.89813928e+07  1.20766501e+01 
 2.93170265e+07 -3.12224028e+01  2.93170265e+07  1.12926419e+01 
 2.96565473e+07 -3.13764419e+01  2.96565473e+07  1.05072355e+01 
 3.00000000e+07 -3.15310216e+01  3.00000000e+07  9.72050499e+00 
