t,mains_req,vrelay_en,mute_req,permit_req,dac_on,code_s,code_p,stato,d
0.000000,1,1,1,1,1,3221,1191,MUSICA,0.000000
2.028000,1,1,1,1,1,3221,1191,SPEGNIMENTO,0.000000
2.029000,1,1,1,1,1,3220,1191,SPEGNIMENTO,0.000167
2.030000,1,1,1,1,1,3219,1191,SPEGNIMENTO,0.000333
2.031000,1,1,1,1,1,3217,1191,SPEGNIMENTO,0.000500
2.032000,1,1,1,1,1,3216,1191,SPEGNIMENTO,0.000667
2.033000,1,1,1,1,1,3215,1191,SPEGNIMENTO,0.000833
2.034000,1,1,1,1,1,3214,1191,SPEGNIMENTO,0.001000
2.035000,1,1,1,1,1,3212,1191,SPEGNIMENTO,0.001167
2.036000,1,1,1,1,1,3211,1191,SPEGNIMENTO,0.001333
2.037000,1,1,1,1,1,3210,1191,SPEGNIMENTO,0.001500
2.038000,1,1,1,1,1,3209,1191,SPEGNIMENTO,0.001667
2.039000,1,1,1,1,1,3207,1191,SPEGNIMENTO,0.001833
2.040000,1,1,1,1,1,3206,1191,SPEGNIMENTO,0.002000
2.041000,1,1,1,1,1,3205,1191,SPEGNIMENTO,0.002167
2.042000,1,1,1,1,1,3204,1191,SPEGNIMENTO,0.002333
2.043000,1,1,1,1,1,3202,1191,SPEGNIMENTO,0.002500
2.044000,1,1,1,1,1,3201,1191,SPEGNIMENTO,0.002667
2.045000,1,1,1,1,1,3200,1191,SPEGNIMENTO,0.002833
2.046000,1,1,1,1,1,3199,1191,SPEGNIMENTO,0.003000
2.047000,1,1,1,1,1,3197,1191,SPEGNIMENTO,0.003167
2.048000,1,1,1,1,1,3196,1191,SPEGNIMENTO,0.003333
2.049000,1,1,1,1,1,3195,1191,SPEGNIMENTO,0.003500
2.050000,1,1,1,1,1,3194,1191,SPEGNIMENTO,0.003667
2.051000,1,1,1,1,1,3193,1191,SPEGNIMENTO,0.003833
2.052000,1,1,1,1,1,3191,1191,SPEGNIMENTO,0.004000
2.053000,1,1,1,1,1,3190,1191,SPEGNIMENTO,0.004167
2.054000,1,1,1,1,1,3189,1191,SPEGNIMENTO,0.004333
2.055000,1,1,1,1,1,3188,1191,SPEGNIMENTO,0.004500
2.056000,1,1,1,1,1,3186,1191,SPEGNIMENTO,0.004667
2.057000,1,1,1,1,1,3185,1191,SPEGNIMENTO,0.004833
2.058000,1,1,1,1,1,3184,1191,SPEGNIMENTO,0.005000
2.059000,1,1,1,1,1,3183,1191,SPEGNIMENTO,0.005167
2.060000,1,1,1,1,1,3182,1191,SPEGNIMENTO,0.005333
2.061000,1,1,1,1,1,3180,1191,SPEGNIMENTO,0.005500
2.062000,1,1,1,1,1,3179,1191,SPEGNIMENTO,0.005667
2.063000,1,1,1,1,1,3178,1191,SPEGNIMENTO,0.005833
2.064000,1,1,1,1,1,3177,1191,SPEGNIMENTO,0.006000
2.065000,1,1,1,1,1,3176,1191,SPEGNIMENTO,0.006167
2.066000,1,1,1,1,1,3174,1191,SPEGNIMENTO,0.006333
2.067000,1,1,1,1,1,3173,1191,SPEGNIMENTO,0.006500
2.068000,1,1,1,1,1,3172,1191,SPEGNIMENTO,0.006667
2.069000,1,1,1,1,1,3171,1191,SPEGNIMENTO,0.006833
2.070000,1,1,1,1,1,3170,1191,SPEGNIMENTO,0.007000
2.071000,1,1,1,1,1,3168,1191,SPEGNIMENTO,0.007167
2.072000,1,1,1,1,1,3167,1191,SPEGNIMENTO,0.007333
2.073000,1,1,1,1,1,3166,1191,SPEGNIMENTO,0.007500
2.074000,1,1,1,1,1,3165,1191,SPEGNIMENTO,0.007667
2.075000,1,1,1,1,1,3164,1191,SPEGNIMENTO,0.007833
2.076000,1,1,1,1,1,3162,1191,SPEGNIMENTO,0.008000
2.077000,1,1,1,1,1,3161,1191,SPEGNIMENTO,0.008167
2.078000,1,1,1,1,1,3160,1191,SPEGNIMENTO,0.008333
2.079000,1,1,1,1,1,3159,1191,SPEGNIMENTO,0.008500
2.080000,1,1,1,1,1,3158,1191,SPEGNIMENTO,0.008667
2.081000,1,1,1,1,1,3157,1191,SPEGNIMENTO,0.008833
2.082000,1,1,1,1,1,3155,1191,SPEGNIMENTO,0.009000
2.083000,1,1,1,1,1,3154,1191,SPEGNIMENTO,0.009167
2.084000,1,1,1,1,1,3153,1191,SPEGNIMENTO,0.009333
2.085000,1,1,1,1,1,3152,1191,SPEGNIMENTO,0.009500
2.086000,1,1,1,1,1,3151,1191,SPEGNIMENTO,0.009667
2.087000,1,1,1,1,1,3150,1191,SPEGNIMENTO,0.009833
2.088000,1,1,1,1,1,3148,1191,SPEGNIMENTO,0.010000
2.089000,1,1,1,1,1,3147,1191,SPEGNIMENTO,0.010167
2.090000,1,1,1,1,1,3146,1191,SPEGNIMENTO,0.010333
2.091000,1,1,1,1,1,3145,1191,SPEGNIMENTO,0.010500
2.092000,1,1,1,1,1,3144,1191,SPEGNIMENTO,0.010667
2.093000,1,1,1,1,1,3143,1191,SPEGNIMENTO,0.010833
2.094000,1,1,1,1,1,3141,1191,SPEGNIMENTO,0.011000
2.095000,1,1,1,1,1,3140,1191,SPEGNIMENTO,0.011167
2.096000,1,1,1,1,1,3139,1191,SPEGNIMENTO,0.011333
2.097000,1,1,1,1,1,3138,1191,SPEGNIMENTO,0.011500
2.098000,1,1,1,1,1,3137,1191,SPEGNIMENTO,0.011667
2.099000,1,1,1,1,1,3136,1191,SPEGNIMENTO,0.011833
2.100000,1,1,1,1,1,3134,1191,SPEGNIMENTO,0.012000
2.101000,1,1,1,1,1,3133,1191,SPEGNIMENTO,0.012167
2.102000,1,1,1,1,1,3132,1191,SPEGNIMENTO,0.012333
2.103000,1,1,1,1,1,3131,1191,SPEGNIMENTO,0.012500
2.104000,1,1,1,1,1,3130,1191,SPEGNIMENTO,0.012667
2.105000,1,1,1,1,1,3129,1191,SPEGNIMENTO,0.012833
2.106000,1,1,1,1,1,3128,1191,SPEGNIMENTO,0.013000
2.107000,1,1,1,1,1,3126,1191,SPEGNIMENTO,0.013167
2.108000,1,1,1,1,1,3125,1191,SPEGNIMENTO,0.013333
2.109000,1,1,1,1,1,3124,1191,SPEGNIMENTO,0.013500
2.110000,1,1,1,1,1,3123,1191,SPEGNIMENTO,0.013667
2.111000,1,1,1,1,1,3122,1191,SPEGNIMENTO,0.013833
2.112000,1,1,1,1,1,3121,1191,SPEGNIMENTO,0.014000
2.113000,1,1,1,1,1,3120,1191,SPEGNIMENTO,0.014167
2.114000,1,1,1,1,1,3119,1191,SPEGNIMENTO,0.014333
2.115000,1,1,1,1,1,3117,1191,SPEGNIMENTO,0.014500
2.116000,1,1,1,1,1,3116,1191,SPEGNIMENTO,0.014667
2.117000,1,1,1,1,1,3115,1191,SPEGNIMENTO,0.014833
2.118000,1,1,1,1,1,3114,1191,SPEGNIMENTO,0.015000
2.119000,1,1,1,1,1,3113,1191,SPEGNIMENTO,0.015167
2.120000,1,1,1,1,1,3112,1191,SPEGNIMENTO,0.015333
2.121000,1,1,1,1,1,3111,1191,SPEGNIMENTO,0.015500
2.122000,1,1,1,1,1,3109,1191,SPEGNIMENTO,0.015667
2.123000,1,1,1,1,1,3108,1191,SPEGNIMENTO,0.015833
2.124000,1,1,1,1,1,3107,1191,SPEGNIMENTO,0.016000
2.125000,1,1,1,1,1,3106,1191,SPEGNIMENTO,0.016167
2.126000,1,1,1,1,1,3105,1191,SPEGNIMENTO,0.016333
2.127000,1,1,1,1,1,3104,1191,SPEGNIMENTO,0.016500
2.128000,1,1,1,1,1,3103,1191,SPEGNIMENTO,0.016667
2.129000,1,1,1,1,1,3102,1191,SPEGNIMENTO,0.016833
2.130000,1,1,1,1,1,3101,1191,SPEGNIMENTO,0.017000
2.131000,1,1,1,1,1,3099,1191,SPEGNIMENTO,0.017167
2.132000,1,1,1,1,1,3098,1191,SPEGNIMENTO,0.017333
2.133000,1,1,1,1,1,3097,1191,SPEGNIMENTO,0.017500
2.134000,1,1,1,1,1,3096,1191,SPEGNIMENTO,0.017667
2.135000,1,1,1,1,1,3095,1191,SPEGNIMENTO,0.017833
2.136000,1,1,1,1,1,3094,1191,SPEGNIMENTO,0.018000
2.137000,1,1,1,1,1,3093,1191,SPEGNIMENTO,0.018167
2.138000,1,1,1,1,1,3092,1191,SPEGNIMENTO,0.018333
2.139000,1,1,1,1,1,3091,1191,SPEGNIMENTO,0.018500
2.140000,1,1,1,1,1,3089,1191,SPEGNIMENTO,0.018667
2.141000,1,1,1,1,1,3088,1191,SPEGNIMENTO,0.018833
2.142000,1,1,1,1,1,3087,1191,SPEGNIMENTO,0.019000
2.143000,1,1,1,1,1,3086,1191,SPEGNIMENTO,0.019167
2.144000,1,1,1,1,1,3085,1191,SPEGNIMENTO,0.019333
2.145000,1,1,1,1,1,3084,1191,SPEGNIMENTO,0.019500
2.146000,1,1,1,1,1,3083,1191,SPEGNIMENTO,0.019667
2.147000,1,1,1,1,1,3082,1191,SPEGNIMENTO,0.019833
2.148000,1,1,1,1,1,3081,1191,SPEGNIMENTO,0.020000
2.149000,1,1,1,1,1,3079,1191,SPEGNIMENTO,0.020167
2.150000,1,1,1,1,1,3078,1191,SPEGNIMENTO,0.020333
2.151000,1,1,1,1,1,3077,1191,SPEGNIMENTO,0.020500
2.152000,1,1,1,1,1,3076,1191,SPEGNIMENTO,0.020667
2.153000,1,1,1,1,1,3075,1191,SPEGNIMENTO,0.020833
2.154000,1,1,1,1,1,3074,1191,SPEGNIMENTO,0.021000
2.155000,1,1,1,1,1,3073,1191,SPEGNIMENTO,0.021167
2.156000,1,1,1,1,1,3072,1191,SPEGNIMENTO,0.021333
2.157000,1,1,1,1,1,3071,1191,SPEGNIMENTO,0.021500
2.158000,1,1,1,1,1,3070,1191,SPEGNIMENTO,0.021667
2.159000,1,1,1,1,1,3069,1191,SPEGNIMENTO,0.021833
2.160000,1,1,1,1,1,3067,1191,SPEGNIMENTO,0.022000
2.161000,1,1,1,1,1,3066,1191,SPEGNIMENTO,0.022167
2.162000,1,1,1,1,1,3065,1191,SPEGNIMENTO,0.022333
2.163000,1,1,1,1,1,3064,1191,SPEGNIMENTO,0.022500
2.164000,1,1,1,1,1,3063,1191,SPEGNIMENTO,0.022667
2.165000,1,1,1,1,1,3062,1191,SPEGNIMENTO,0.022833
2.166000,1,1,1,1,1,3061,1191,SPEGNIMENTO,0.023000
2.167000,1,1,1,1,1,3060,1191,SPEGNIMENTO,0.023167
2.168000,1,1,1,1,1,3059,1191,SPEGNIMENTO,0.023333
2.169000,1,1,1,1,1,3058,1191,SPEGNIMENTO,0.023500
2.170000,1,1,1,1,1,3057,1191,SPEGNIMENTO,0.023667
2.171000,1,1,1,1,1,3056,1191,SPEGNIMENTO,0.023833
2.172000,1,1,1,1,1,3054,1191,SPEGNIMENTO,0.024000
2.173000,1,1,1,1,1,3053,1191,SPEGNIMENTO,0.024167
2.174000,1,1,1,1,1,3052,1191,SPEGNIMENTO,0.024333
2.175000,1,1,1,1,1,3051,1191,SPEGNIMENTO,0.024500
2.176000,1,1,1,1,1,3050,1191,SPEGNIMENTO,0.024667
2.177000,1,1,1,1,1,3049,1191,SPEGNIMENTO,0.024833
2.178000,1,1,1,1,1,3048,1191,SPEGNIMENTO,0.025000
2.179000,1,1,1,1,1,3047,1191,SPEGNIMENTO,0.025167
2.180000,1,1,1,1,1,3046,1191,SPEGNIMENTO,0.025333
2.181000,1,1,1,1,1,3045,1191,SPEGNIMENTO,0.025500
2.182000,1,1,1,1,1,3044,1191,SPEGNIMENTO,0.025667
2.183000,1,1,1,1,1,3043,1191,SPEGNIMENTO,0.025833
2.184000,1,1,1,1,1,3042,1191,SPEGNIMENTO,0.026000
2.185000,1,1,1,1,1,3040,1191,SPEGNIMENTO,0.026167
2.186000,1,1,1,1,1,3039,1191,SPEGNIMENTO,0.026333
2.187000,1,1,1,1,1,3038,1191,SPEGNIMENTO,0.026500
2.188000,1,1,1,1,1,3037,1191,SPEGNIMENTO,0.026667
2.189000,1,1,1,1,1,3036,1191,SPEGNIMENTO,0.026833
2.190000,1,1,1,1,1,3035,1191,SPEGNIMENTO,0.027000
2.191000,1,1,1,1,1,3034,1191,SPEGNIMENTO,0.027167
2.192000,1,1,1,1,1,3033,1191,SPEGNIMENTO,0.027333
2.193000,1,1,1,1,1,3032,1191,SPEGNIMENTO,0.027500
2.194000,1,1,1,1,1,3031,1191,SPEGNIMENTO,0.027667
2.195000,1,1,1,1,1,3030,1191,SPEGNIMENTO,0.027833
2.196000,1,1,1,1,1,3029,1191,SPEGNIMENTO,0.028000
2.197000,1,1,1,1,1,3028,1191,SPEGNIMENTO,0.028167
2.198000,1,1,1,1,1,3027,1191,SPEGNIMENTO,0.028333
2.199000,1,1,1,1,1,3026,1191,SPEGNIMENTO,0.028500
2.200000,1,1,1,1,1,3025,1191,SPEGNIMENTO,0.028667
2.201000,1,1,1,1,1,3023,1191,SPEGNIMENTO,0.028833
2.202000,1,1,1,1,1,3022,1191,SPEGNIMENTO,0.029000
2.203000,1,1,1,1,1,3021,1191,SPEGNIMENTO,0.029167
2.204000,1,1,1,1,1,3020,1191,SPEGNIMENTO,0.029333
2.205000,1,1,1,1,1,3019,1191,SPEGNIMENTO,0.029500
2.206000,1,1,1,1,1,3018,1191,SPEGNIMENTO,0.029667
2.207000,1,1,1,1,1,3017,1191,SPEGNIMENTO,0.029833
2.208000,1,1,1,1,1,3016,1191,SPEGNIMENTO,0.030000
2.209000,1,1,1,1,1,3015,1191,SPEGNIMENTO,0.030167
2.210000,1,1,1,1,1,3014,1191,SPEGNIMENTO,0.030333
2.211000,1,1,1,1,1,3013,1191,SPEGNIMENTO,0.030500
2.212000,1,1,1,1,1,3012,1191,SPEGNIMENTO,0.030667
2.213000,1,1,1,1,1,3011,1191,SPEGNIMENTO,0.030833
2.214000,1,1,1,1,1,3010,1191,SPEGNIMENTO,0.031000
2.215000,1,1,1,1,1,3009,1191,SPEGNIMENTO,0.031167
2.216000,1,1,1,1,1,3008,1191,SPEGNIMENTO,0.031333
2.217000,1,1,1,1,1,3007,1191,SPEGNIMENTO,0.031500
2.218000,1,1,1,1,1,3006,1191,SPEGNIMENTO,0.031667
2.219000,1,1,1,1,1,3004,1191,SPEGNIMENTO,0.031833
2.220000,1,1,1,1,1,3003,1191,SPEGNIMENTO,0.032000
2.221000,1,1,1,1,1,3002,1191,SPEGNIMENTO,0.032167
2.222000,1,1,1,1,1,3001,1191,SPEGNIMENTO,0.032333
2.223000,1,1,1,1,1,3000,1191,SPEGNIMENTO,0.032500
2.224000,1,1,1,1,1,2999,1191,SPEGNIMENTO,0.032667
2.225000,1,1,1,1,1,2998,1191,SPEGNIMENTO,0.032833
2.226000,1,1,1,1,1,2997,1191,SPEGNIMENTO,0.033000
2.227000,1,1,1,1,1,2996,1191,SPEGNIMENTO,0.033167
2.228000,1,1,1,1,1,2995,1191,SPEGNIMENTO,0.033333
2.229000,1,1,1,1,1,2994,1191,SPEGNIMENTO,0.033500
2.230000,1,1,1,1,1,2993,1191,SPEGNIMENTO,0.033667
2.231000,1,1,1,1,1,2992,1191,SPEGNIMENTO,0.033833
2.232000,1,1,1,1,1,2991,1191,SPEGNIMENTO,0.034000
2.233000,1,1,1,1,1,2990,1191,SPEGNIMENTO,0.034167
2.234000,1,1,1,1,1,2989,1191,SPEGNIMENTO,0.034333
2.235000,1,1,1,1,1,2988,1191,SPEGNIMENTO,0.034500
2.236000,1,1,1,1,1,2987,1191,SPEGNIMENTO,0.034667
2.237000,1,1,1,1,1,2986,1191,SPEGNIMENTO,0.034833
2.238000,1,1,1,1,1,2985,1191,SPEGNIMENTO,0.035000
2.239000,1,1,1,1,1,2984,1191,SPEGNIMENTO,0.035167
2.240000,1,1,1,1,1,2983,1191,SPEGNIMENTO,0.035333
2.241000,1,1,1,1,1,2982,1191,SPEGNIMENTO,0.035500
2.242000,1,1,1,1,1,2980,1191,SPEGNIMENTO,0.035667
2.243000,1,1,1,1,1,2979,1191,SPEGNIMENTO,0.035833
2.244000,1,1,1,1,1,2978,1191,SPEGNIMENTO,0.036000
2.245000,1,1,1,1,1,2977,1191,SPEGNIMENTO,0.036167
2.246000,1,1,1,1,1,2976,1191,SPEGNIMENTO,0.036333
2.247000,1,1,1,1,1,2975,1191,SPEGNIMENTO,0.036500
2.248000,1,1,1,1,1,2974,1191,SPEGNIMENTO,0.036667
2.249000,1,1,1,1,1,2973,1191,SPEGNIMENTO,0.036833
2.250000,1,1,1,1,1,2972,1191,SPEGNIMENTO,0.037000
2.251000,1,1,1,1,1,2971,1191,SPEGNIMENTO,0.037167
2.252000,1,1,1,1,1,2970,1191,SPEGNIMENTO,0.037333
2.253000,1,1,1,1,1,2969,1191,SPEGNIMENTO,0.037500
2.254000,1,1,1,1,1,2968,1191,SPEGNIMENTO,0.037667
2.255000,1,1,1,1,1,2967,1191,SPEGNIMENTO,0.037833
2.256000,1,1,1,1,1,2966,1191,SPEGNIMENTO,0.038000
2.257000,1,1,1,1,1,2965,1191,SPEGNIMENTO,0.038167
2.258000,1,1,1,1,1,2964,1191,SPEGNIMENTO,0.038333
2.259000,1,1,1,1,1,2963,1191,SPEGNIMENTO,0.038500
2.260000,1,1,1,1,1,2962,1191,SPEGNIMENTO,0.038667
2.261000,1,1,1,1,1,2961,1191,SPEGNIMENTO,0.038833
2.262000,1,1,1,1,1,2960,1191,SPEGNIMENTO,0.039000
2.263000,1,1,1,1,1,2959,1191,SPEGNIMENTO,0.039167
2.264000,1,1,1,1,1,2958,1191,SPEGNIMENTO,0.039333
2.265000,1,1,1,1,1,2957,1191,SPEGNIMENTO,0.039500
2.266000,1,1,1,1,1,2956,1191,SPEGNIMENTO,0.039667
2.267000,1,1,1,1,1,2955,1191,SPEGNIMENTO,0.039833
2.268000,1,1,1,1,1,2954,1191,SPEGNIMENTO,0.040000
2.269000,1,1,1,1,1,2953,1191,SPEGNIMENTO,0.040167
2.270000,1,1,1,1,1,2952,1191,SPEGNIMENTO,0.040333
2.271000,1,1,1,1,1,2951,1191,SPEGNIMENTO,0.040500
2.272000,1,1,1,1,1,2950,1191,SPEGNIMENTO,0.040667
2.273000,1,1,1,1,1,2949,1191,SPEGNIMENTO,0.040833
2.274000,1,1,1,1,1,2948,1191,SPEGNIMENTO,0.041000
2.275000,1,1,1,1,1,2946,1191,SPEGNIMENTO,0.041167
2.276000,1,1,1,1,1,2945,1191,SPEGNIMENTO,0.041333
2.277000,1,1,1,1,1,2944,1191,SPEGNIMENTO,0.041500
2.278000,1,1,1,1,1,2943,1191,SPEGNIMENTO,0.041667
2.279000,1,1,1,1,1,2942,1191,SPEGNIMENTO,0.041833
2.280000,1,1,1,1,1,2941,1191,SPEGNIMENTO,0.042000
2.281000,1,1,1,1,1,2940,1191,SPEGNIMENTO,0.042167
2.282000,1,1,1,1,1,2939,1191,SPEGNIMENTO,0.042333
2.283000,1,1,1,1,1,2938,1191,SPEGNIMENTO,0.042500
2.284000,1,1,1,1,1,2937,1191,SPEGNIMENTO,0.042667
2.285000,1,1,1,1,1,2936,1191,SPEGNIMENTO,0.042833
2.286000,1,1,1,1,1,2935,1191,SPEGNIMENTO,0.043000
2.287000,1,1,1,1,1,2934,1191,SPEGNIMENTO,0.043167
2.288000,1,1,1,1,1,2933,1191,SPEGNIMENTO,0.043333
2.289000,1,1,1,1,1,2932,1191,SPEGNIMENTO,0.043500
2.290000,1,1,1,1,1,2931,1191,SPEGNIMENTO,0.043667
2.291000,1,1,1,1,1,2930,1191,SPEGNIMENTO,0.043833
2.292000,1,1,1,1,1,2929,1191,SPEGNIMENTO,0.044000
2.293000,1,1,1,1,1,2928,1191,SPEGNIMENTO,0.044167
2.294000,1,1,1,1,1,2927,1191,SPEGNIMENTO,0.044333
2.295000,1,1,1,1,1,2926,1191,SPEGNIMENTO,0.044500
2.296000,1,1,1,1,1,2925,1191,SPEGNIMENTO,0.044667
2.297000,1,1,1,1,1,2924,1191,SPEGNIMENTO,0.044833
2.298000,1,1,1,1,1,2923,1191,SPEGNIMENTO,0.045000
2.299000,1,1,1,1,1,2922,1191,SPEGNIMENTO,0.045167
2.300000,1,1,1,1,1,2921,1191,SPEGNIMENTO,0.045333
2.301000,1,1,1,1,1,2920,1191,SPEGNIMENTO,0.045500
2.302000,1,1,1,1,1,2919,1191,SPEGNIMENTO,0.045667
2.303000,1,1,1,1,1,2918,1191,SPEGNIMENTO,0.045833
2.304000,1,1,1,1,1,2917,1191,SPEGNIMENTO,0.046000
2.305000,1,1,1,1,1,2916,1191,SPEGNIMENTO,0.046167
2.306000,1,1,1,1,1,2915,1191,SPEGNIMENTO,0.046333
2.307000,1,1,1,1,1,2914,1191,SPEGNIMENTO,0.046500
2.308000,1,1,1,1,1,2913,1191,SPEGNIMENTO,0.046666
2.309000,1,1,1,1,1,2912,1191,SPEGNIMENTO,0.046833
2.310000,1,1,1,1,1,2911,1191,SPEGNIMENTO,0.047000
2.311000,1,1,1,1,1,2910,1191,SPEGNIMENTO,0.047166
2.312000,1,1,1,1,1,2909,1191,SPEGNIMENTO,0.047333
2.313000,1,1,1,1,1,2908,1191,SPEGNIMENTO,0.047500
2.314000,1,1,1,1,1,2907,1191,SPEGNIMENTO,0.047666
2.315000,1,1,1,1,1,2906,1191,SPEGNIMENTO,0.047833
2.316000,1,1,1,1,1,2905,1191,SPEGNIMENTO,0.048000
2.317000,1,1,1,1,1,2904,1191,SPEGNIMENTO,0.048166
2.318000,1,1,1,1,1,2903,1191,SPEGNIMENTO,0.048333
2.319000,1,1,1,1,1,2902,1191,SPEGNIMENTO,0.048500
2.320000,1,1,1,1,1,2901,1191,SPEGNIMENTO,0.048666
2.321000,1,1,1,1,1,2900,1191,SPEGNIMENTO,0.048833
2.322000,1,1,1,1,1,2899,1191,SPEGNIMENTO,0.049000
2.323000,1,1,1,1,1,2898,1191,SPEGNIMENTO,0.049166
2.324000,1,1,1,1,1,2897,1191,SPEGNIMENTO,0.049333
2.325000,1,1,1,1,1,2896,1191,SPEGNIMENTO,0.049500
2.326000,1,1,1,1,1,2895,1191,SPEGNIMENTO,0.049666
2.327000,1,1,1,1,1,2894,1191,SPEGNIMENTO,0.049833
2.328000,1,1,1,1,1,2893,1191,SPEGNIMENTO,0.050000
2.329000,1,1,1,1,1,2892,1191,SPEGNIMENTO,0.050166
2.330000,1,1,1,1,1,2891,1191,SPEGNIMENTO,0.050333
2.331000,1,1,1,1,1,2890,1191,SPEGNIMENTO,0.050500
2.332000,1,1,1,1,1,2889,1191,SPEGNIMENTO,0.050666
2.333000,1,1,1,1,1,2888,1191,SPEGNIMENTO,0.050833
2.334000,1,1,1,1,1,2887,1191,SPEGNIMENTO,0.051000
2.335000,1,1,1,1,1,2886,1191,SPEGNIMENTO,0.051166
2.336000,1,1,1,1,1,2885,1191,SPEGNIMENTO,0.051333
2.337000,1,1,1,1,1,2884,1191,SPEGNIMENTO,0.051500
2.338000,1,1,1,1,1,2883,1191,SPEGNIMENTO,0.051666
2.339000,1,1,1,1,1,2882,1191,SPEGNIMENTO,0.051833
2.340000,1,1,1,1,1,2881,1191,SPEGNIMENTO,0.052000
2.341000,1,1,1,1,1,2880,1191,SPEGNIMENTO,0.052166
2.342000,1,1,1,1,1,2879,1191,SPEGNIMENTO,0.052333
2.343000,1,1,1,1,1,2878,1191,SPEGNIMENTO,0.052500
2.344000,1,1,1,1,1,2877,1191,SPEGNIMENTO,0.052666
2.345000,1,1,1,1,1,2876,1191,SPEGNIMENTO,0.052833
2.346000,1,1,1,1,1,2875,1191,SPEGNIMENTO,0.053000
2.347000,1,1,1,1,1,2874,1191,SPEGNIMENTO,0.053166
2.348000,1,1,1,1,1,2873,1191,SPEGNIMENTO,0.053333
2.349000,1,1,1,1,1,2872,1191,SPEGNIMENTO,0.053500
2.350000,1,1,1,1,1,2871,1191,SPEGNIMENTO,0.053666
2.351000,1,1,1,1,1,2870,1191,SPEGNIMENTO,0.053833
2.352000,1,1,1,1,1,2869,1191,SPEGNIMENTO,0.054000
2.353000,1,1,1,1,1,2868,1191,SPEGNIMENTO,0.054166
2.354000,1,1,1,1,1,2867,1191,SPEGNIMENTO,0.054333
2.355000,1,1,1,1,1,2866,1191,SPEGNIMENTO,0.054500
2.356000,1,1,1,1,1,2865,1191,SPEGNIMENTO,0.054666
2.357000,1,1,1,1,1,2864,1191,SPEGNIMENTO,0.054833
2.358000,1,1,1,1,1,2863,1191,SPEGNIMENTO,0.055000
2.359000,1,1,1,1,1,2862,1191,SPEGNIMENTO,0.055166
2.360000,1,1,1,1,1,2861,1191,SPEGNIMENTO,0.055333
2.361000,1,1,1,1,1,2860,1191,SPEGNIMENTO,0.055500
2.362000,1,1,1,1,1,2859,1191,SPEGNIMENTO,0.055666
2.363000,1,1,1,1,1,2858,1191,SPEGNIMENTO,0.055833
2.364000,1,1,1,1,1,2857,1191,SPEGNIMENTO,0.056000
2.365000,1,1,1,1,1,2856,1191,SPEGNIMENTO,0.056166
2.366000,1,1,1,1,1,2855,1191,SPEGNIMENTO,0.056333
2.367000,1,1,1,1,1,2854,1191,SPEGNIMENTO,0.056500
2.368000,1,1,1,1,1,2853,1191,SPEGNIMENTO,0.056666
2.369000,1,1,1,1,1,2852,1191,SPEGNIMENTO,0.056833
2.370000,1,1,1,1,1,2851,1191,SPEGNIMENTO,0.057000
2.371000,1,1,1,1,1,2850,1191,SPEGNIMENTO,0.057166
2.372000,1,1,1,1,1,2849,1191,SPEGNIMENTO,0.057333
2.373000,1,1,1,1,1,2848,1191,SPEGNIMENTO,0.057500
2.374000,1,1,1,1,1,2847,1191,SPEGNIMENTO,0.057666
2.375000,1,1,1,1,1,2846,1191,SPEGNIMENTO,0.057833
2.376000,1,1,1,1,1,2845,1191,SPEGNIMENTO,0.058000
2.377000,1,1,1,1,1,2844,1191,SPEGNIMENTO,0.058166
2.378000,1,1,1,1,1,2843,1191,SPEGNIMENTO,0.058333
2.379000,1,1,1,1,1,2842,1191,SPEGNIMENTO,0.058500
2.380000,1,1,1,1,1,2841,1191,SPEGNIMENTO,0.058666
2.381000,1,1,1,1,1,2840,1191,SPEGNIMENTO,0.058833
2.382000,1,1,1,1,1,2839,1191,SPEGNIMENTO,0.059000
2.383000,1,1,1,1,1,2838,1191,SPEGNIMENTO,0.059166
2.384000,1,1,1,1,1,2837,1191,SPEGNIMENTO,0.059333
2.385000,1,1,1,1,1,2836,1191,SPEGNIMENTO,0.059500
2.386000,1,1,1,1,1,2835,1191,SPEGNIMENTO,0.059666
2.387000,1,1,1,1,1,2834,1191,SPEGNIMENTO,0.059833
2.388000,1,1,1,1,1,2833,1191,SPEGNIMENTO,0.060000
2.389000,1,1,1,1,1,2832,1191,SPEGNIMENTO,0.060166
2.390000,1,1,1,1,1,2831,1191,SPEGNIMENTO,0.060333
2.391000,1,1,1,1,1,2830,1191,SPEGNIMENTO,0.060500
2.392000,1,1,1,1,1,2829,1191,SPEGNIMENTO,0.060666
2.393000,1,1,1,1,1,2828,1191,SPEGNIMENTO,0.060833
2.394000,1,1,1,1,1,2827,1191,SPEGNIMENTO,0.061000
2.395000,1,1,1,1,1,2826,1191,SPEGNIMENTO,0.061166
2.396000,1,1,1,1,1,2825,1191,SPEGNIMENTO,0.061333
2.397000,1,1,1,1,1,2824,1191,SPEGNIMENTO,0.061500
2.398000,1,1,1,1,1,2823,1191,SPEGNIMENTO,0.061666
2.399000,1,1,1,1,1,2822,1191,SPEGNIMENTO,0.061833
2.400000,1,1,1,1,1,2821,1191,SPEGNIMENTO,0.062000
2.401000,1,1,1,1,1,2820,1191,SPEGNIMENTO,0.062166
2.402000,1,1,1,1,1,2819,1191,SPEGNIMENTO,0.062333
2.403000,1,1,1,1,1,2818,1191,SPEGNIMENTO,0.062500
2.404000,1,1,1,1,1,2817,1191,SPEGNIMENTO,0.062666
2.405000,1,1,1,1,1,2816,1191,SPEGNIMENTO,0.062833
2.406000,1,1,1,1,1,2815,1191,SPEGNIMENTO,0.063000
2.407000,1,1,1,1,1,2814,1191,SPEGNIMENTO,0.063166
2.408000,1,1,1,1,1,2813,1191,SPEGNIMENTO,0.063333
2.409000,1,1,1,1,1,2812,1191,SPEGNIMENTO,0.063500
2.410000,1,1,1,1,1,2811,1191,SPEGNIMENTO,0.063666
2.411000,1,1,1,1,1,2810,1191,SPEGNIMENTO,0.063833
2.412000,1,1,1,1,1,2809,1191,SPEGNIMENTO,0.064000
2.413000,1,1,1,1,1,2808,1191,SPEGNIMENTO,0.064166
2.414000,1,1,1,1,1,2807,1191,SPEGNIMENTO,0.064333
2.415000,1,1,1,1,1,2806,1191,SPEGNIMENTO,0.064500
2.416000,1,1,1,1,1,2805,1191,SPEGNIMENTO,0.064666
2.417000,1,1,1,1,1,2804,1191,SPEGNIMENTO,0.064833
2.418000,1,1,1,1,1,2803,1191,SPEGNIMENTO,0.065000
2.419000,1,1,1,1,1,2802,1191,SPEGNIMENTO,0.065166
2.420000,1,1,1,1,1,2801,1191,SPEGNIMENTO,0.065333
2.421000,1,1,1,1,1,2800,1191,SPEGNIMENTO,0.065500
2.422000,1,1,1,1,1,2799,1191,SPEGNIMENTO,0.065666
2.423000,1,1,1,1,1,2798,1191,SPEGNIMENTO,0.065833
2.424000,1,1,1,1,1,2797,1191,SPEGNIMENTO,0.066000
2.425000,1,1,1,1,1,2796,1191,SPEGNIMENTO,0.066166
2.426000,1,1,1,1,1,2795,1191,SPEGNIMENTO,0.066333
2.427000,1,1,1,1,1,2794,1191,SPEGNIMENTO,0.066500
2.428000,1,1,1,1,1,2793,1191,SPEGNIMENTO,0.066666
2.429000,1,1,1,1,1,2792,1191,SPEGNIMENTO,0.066833
2.430000,1,1,1,1,1,2791,1191,SPEGNIMENTO,0.067000
2.431000,1,1,1,1,1,2790,1191,SPEGNIMENTO,0.067166
2.432000,1,1,1,1,1,2789,1191,SPEGNIMENTO,0.067333
2.433000,1,1,1,1,1,2788,1191,SPEGNIMENTO,0.067500
2.434000,1,1,1,1,1,2787,1191,SPEGNIMENTO,0.067667
2.435000,1,1,1,1,1,2786,1191,SPEGNIMENTO,0.067833
2.436000,1,1,1,1,1,2785,1191,SPEGNIMENTO,0.068000
2.437000,1,1,1,1,1,2784,1191,SPEGNIMENTO,0.068167
2.438000,1,1,1,1,1,2783,1191,SPEGNIMENTO,0.068333
2.439000,1,1,1,1,1,2782,1191,SPEGNIMENTO,0.068500
2.440000,1,1,1,1,1,2781,1191,SPEGNIMENTO,0.068667
2.441000,1,1,1,1,1,2780,1191,SPEGNIMENTO,0.068833
2.442000,1,1,1,1,1,2779,1191,SPEGNIMENTO,0.069000
2.443000,1,1,1,1,1,2778,1191,SPEGNIMENTO,0.069167
2.444000,1,1,1,1,1,2777,1191,SPEGNIMENTO,0.069333
2.445000,1,1,1,1,1,2776,1191,SPEGNIMENTO,0.069500
2.446000,1,1,1,1,1,2775,1191,SPEGNIMENTO,0.069667
2.447000,1,1,1,1,1,2774,1191,SPEGNIMENTO,0.069833
2.448000,1,1,1,1,1,2773,1191,SPEGNIMENTO,0.070000
2.449000,1,1,1,1,1,2772,1191,SPEGNIMENTO,0.070167
2.450000,1,1,1,1,1,2771,1191,SPEGNIMENTO,0.070333
2.451000,1,1,1,1,1,2770,1191,SPEGNIMENTO,0.070500
2.452000,1,1,1,1,1,2769,1191,SPEGNIMENTO,0.070667
2.453000,1,1,1,1,1,2768,1191,SPEGNIMENTO,0.070833
2.454000,1,1,1,1,1,2767,1191,SPEGNIMENTO,0.071000
2.455000,1,1,1,1,1,2766,1191,SPEGNIMENTO,0.071167
2.456000,1,1,1,1,1,2765,1191,SPEGNIMENTO,0.071333
2.457000,1,1,1,1,1,2764,1191,SPEGNIMENTO,0.071500
2.458000,1,1,1,1,1,2763,1191,SPEGNIMENTO,0.071667
2.460000,1,1,1,1,1,2762,1191,SPEGNIMENTO,0.072000
2.461000,1,1,1,1,1,2761,1191,SPEGNIMENTO,0.072167
2.462000,1,1,1,1,1,2760,1191,SPEGNIMENTO,0.072333
2.463000,1,1,1,1,1,2759,1191,SPEGNIMENTO,0.072500
2.464000,1,1,1,1,1,2758,1191,SPEGNIMENTO,0.072667
2.465000,1,1,1,1,1,2757,1191,SPEGNIMENTO,0.072833
2.466000,1,1,1,1,1,2756,1191,SPEGNIMENTO,0.073000
2.467000,1,1,1,1,1,2755,1191,SPEGNIMENTO,0.073167
2.468000,1,1,1,1,1,2754,1191,SPEGNIMENTO,0.073333
2.469000,1,1,1,1,1,2753,1191,SPEGNIMENTO,0.073500
2.470000,1,1,1,1,1,2752,1191,SPEGNIMENTO,0.073667
2.471000,1,1,1,1,1,2751,1191,SPEGNIMENTO,0.073833
2.472000,1,1,1,1,1,2750,1191,SPEGNIMENTO,0.074000
2.473000,1,1,1,1,1,2749,1191,SPEGNIMENTO,0.074167
2.474000,1,1,1,1,1,2748,1191,SPEGNIMENTO,0.074333
2.475000,1,1,1,1,1,2747,1191,SPEGNIMENTO,0.074500
2.476000,1,1,1,1,1,2746,1191,SPEGNIMENTO,0.074667
2.477000,1,1,1,1,1,2745,1191,SPEGNIMENTO,0.074833
2.478000,1,1,1,1,1,2744,1191,SPEGNIMENTO,0.075000
2.479000,1,1,1,1,1,2743,1191,SPEGNIMENTO,0.075167
2.480000,1,1,1,1,1,2742,1191,SPEGNIMENTO,0.075333
2.481000,1,1,1,1,1,2741,1191,SPEGNIMENTO,0.075500
2.482000,1,1,1,1,1,2740,1191,SPEGNIMENTO,0.075667
2.483000,1,1,1,1,1,2739,1191,SPEGNIMENTO,0.075833
2.484000,1,1,1,1,1,2738,1191,SPEGNIMENTO,0.076000
2.485000,1,1,1,1,1,2737,1191,SPEGNIMENTO,0.076167
2.486000,1,1,1,1,1,2736,1191,SPEGNIMENTO,0.076333
2.487000,1,1,1,1,1,2735,1191,SPEGNIMENTO,0.076500
2.488000,1,1,1,1,1,2734,1191,SPEGNIMENTO,0.076667
2.489000,1,1,1,1,1,2733,1191,SPEGNIMENTO,0.076833
2.490000,1,1,1,1,1,2732,1191,SPEGNIMENTO,0.077000
2.491000,1,1,1,1,1,2731,1191,SPEGNIMENTO,0.077167
2.492000,1,1,1,1,1,2730,1191,SPEGNIMENTO,0.077333
2.493000,1,1,1,1,1,2729,1191,SPEGNIMENTO,0.077500
2.494000,1,1,1,1,1,2728,1191,SPEGNIMENTO,0.077667
2.495000,1,1,1,1,1,2727,1191,SPEGNIMENTO,0.077833
2.496000,1,1,1,1,1,2726,1191,SPEGNIMENTO,0.078000
2.497000,1,1,1,1,1,2725,1191,SPEGNIMENTO,0.078167
2.498000,1,1,1,1,1,2724,1191,SPEGNIMENTO,0.078333
2.499000,1,1,1,1,1,2723,1191,SPEGNIMENTO,0.078500
2.500000,1,1,1,1,1,2722,1191,SPEGNIMENTO,0.078667
2.501000,1,1,1,1,1,2721,1191,SPEGNIMENTO,0.078833
2.502000,1,1,1,1,1,2720,1191,SPEGNIMENTO,0.079000
2.503000,1,1,1,1,1,2719,1191,SPEGNIMENTO,0.079167
2.504000,1,1,1,1,1,2718,1191,SPEGNIMENTO,0.079333
2.505000,1,1,1,1,1,2717,1191,SPEGNIMENTO,0.079500
2.506000,1,1,1,1,1,2716,1191,SPEGNIMENTO,0.079667
2.507000,1,1,1,1,1,2715,1191,SPEGNIMENTO,0.079833
2.508000,1,1,1,1,1,2714,1191,SPEGNIMENTO,0.080000
2.509000,1,1,1,1,1,2713,1191,SPEGNIMENTO,0.080167
2.510000,1,1,1,1,1,2712,1191,SPEGNIMENTO,0.080333
2.511000,1,1,1,1,1,2711,1191,SPEGNIMENTO,0.080500
2.512000,1,1,1,1,1,2710,1191,SPEGNIMENTO,0.080667
2.513000,1,1,1,1,1,2709,1191,SPEGNIMENTO,0.080833
2.515000,1,1,1,1,1,2708,1191,SPEGNIMENTO,0.081167
2.516000,1,1,1,1,1,2707,1191,SPEGNIMENTO,0.081333
2.517000,1,1,1,1,1,2706,1191,SPEGNIMENTO,0.081500
2.518000,1,1,1,1,1,2705,1191,SPEGNIMENTO,0.081667
2.519000,1,1,1,1,1,2704,1191,SPEGNIMENTO,0.081833
2.520000,1,1,1,1,1,2703,1191,SPEGNIMENTO,0.082000
2.521000,1,1,1,1,1,2702,1191,SPEGNIMENTO,0.082167
2.522000,1,1,1,1,1,2701,1191,SPEGNIMENTO,0.082333
2.523000,1,1,1,1,1,2700,1191,SPEGNIMENTO,0.082500
2.524000,1,1,1,1,1,2699,1191,SPEGNIMENTO,0.082667
2.525000,1,1,1,1,1,2698,1191,SPEGNIMENTO,0.082833
2.526000,1,1,1,1,1,2697,1191,SPEGNIMENTO,0.083000
2.527000,1,1,1,1,1,2696,1191,SPEGNIMENTO,0.083167
2.528000,1,1,1,1,1,2695,1191,SPEGNIMENTO,0.083333
2.529000,1,1,1,1,1,2694,1191,SPEGNIMENTO,0.083500
2.530000,1,1,1,1,1,2693,1191,SPEGNIMENTO,0.083667
2.531000,1,1,1,1,1,2692,1191,SPEGNIMENTO,0.083833
2.532000,1,1,1,1,1,2691,1191,SPEGNIMENTO,0.084000
2.533000,1,1,1,1,1,2690,1191,SPEGNIMENTO,0.084167
2.534000,1,1,1,1,1,2689,1191,SPEGNIMENTO,0.084333
2.535000,1,1,1,1,1,2688,1191,SPEGNIMENTO,0.084500
2.536000,1,1,1,1,1,2687,1191,SPEGNIMENTO,0.084667
2.537000,1,1,1,1,1,2686,1191,SPEGNIMENTO,0.084833
2.538000,1,1,1,1,1,2685,1191,SPEGNIMENTO,0.085000
2.539000,1,1,1,1,1,2684,1191,SPEGNIMENTO,0.085167
2.540000,1,1,1,1,1,2683,1191,SPEGNIMENTO,0.085333
2.541000,1,1,1,1,1,2682,1191,SPEGNIMENTO,0.085500
2.542000,1,1,1,1,1,2681,1191,SPEGNIMENTO,0.085667
2.543000,1,1,1,1,1,2680,1191,SPEGNIMENTO,0.085833
2.544000,1,1,1,1,1,2679,1191,SPEGNIMENTO,0.086000
2.545000,1,1,1,1,1,2678,1191,SPEGNIMENTO,0.086167
2.546000,1,1,1,1,1,2677,1191,SPEGNIMENTO,0.086333
2.547000,1,1,1,1,1,2676,1191,SPEGNIMENTO,0.086500
2.548000,1,1,1,1,1,2675,1191,SPEGNIMENTO,0.086667
2.549000,1,1,1,1,1,2674,1191,SPEGNIMENTO,0.086833
2.550000,1,1,1,1,1,2673,1191,SPEGNIMENTO,0.087000
2.551000,1,1,1,1,1,2672,1191,SPEGNIMENTO,0.087167
2.552000,1,1,1,1,1,2671,1191,SPEGNIMENTO,0.087334
2.553000,1,1,1,1,1,2670,1191,SPEGNIMENTO,0.087500
2.554000,1,1,1,1,1,2669,1191,SPEGNIMENTO,0.087667
2.555000,1,1,1,1,1,2668,1191,SPEGNIMENTO,0.087834
2.556000,1,1,1,1,1,2667,1191,SPEGNIMENTO,0.088000
2.557000,1,1,1,1,1,2666,1191,SPEGNIMENTO,0.088167
2.558000,1,1,1,1,1,2665,1191,SPEGNIMENTO,0.088334
2.560000,1,1,1,1,1,2664,1191,SPEGNIMENTO,0.088667
2.561000,1,1,1,1,1,2663,1191,SPEGNIMENTO,0.088834
2.562000,1,1,1,1,1,2662,1191,SPEGNIMENTO,0.089000
2.563000,1,1,1,1,1,2661,1191,SPEGNIMENTO,0.089167
2.564000,1,1,1,1,1,2660,1191,SPEGNIMENTO,0.089334
2.565000,1,1,1,1,1,2659,1191,SPEGNIMENTO,0.089500
2.566000,1,1,1,1,1,2658,1191,SPEGNIMENTO,0.089667
2.567000,1,1,1,1,1,2657,1191,SPEGNIMENTO,0.089834
2.568000,1,1,1,1,1,2656,1191,SPEGNIMENTO,0.090000
2.569000,1,1,1,1,1,2655,1191,SPEGNIMENTO,0.090167
2.570000,1,1,1,1,1,2654,1191,SPEGNIMENTO,0.090334
2.571000,1,1,1,1,1,2653,1191,SPEGNIMENTO,0.090500
2.572000,1,1,1,1,1,2652,1191,SPEGNIMENTO,0.090667
2.573000,1,1,1,1,1,2651,1191,SPEGNIMENTO,0.090834
2.574000,1,1,1,1,1,2650,1191,SPEGNIMENTO,0.091000
2.575000,1,1,1,1,1,2649,1191,SPEGNIMENTO,0.091167
2.576000,1,1,1,1,1,2648,1191,SPEGNIMENTO,0.091334
2.577000,1,1,1,1,1,2647,1191,SPEGNIMENTO,0.091500
2.578000,1,1,1,1,1,2646,1191,SPEGNIMENTO,0.091667
2.579000,1,1,1,1,1,2645,1191,SPEGNIMENTO,0.091834
2.580000,1,1,1,1,1,2644,1191,SPEGNIMENTO,0.092000
2.581000,1,1,1,1,1,2643,1191,SPEGNIMENTO,0.092167
2.582000,1,1,1,1,1,2642,1191,SPEGNIMENTO,0.092334
2.583000,1,1,1,1,1,2641,1191,SPEGNIMENTO,0.092500
2.584000,1,1,1,1,1,2640,1191,SPEGNIMENTO,0.092667
2.585000,1,1,1,1,1,2639,1191,SPEGNIMENTO,0.092834
2.586000,1,1,1,1,1,2638,1191,SPEGNIMENTO,0.093000
2.587000,1,1,1,1,1,2637,1191,SPEGNIMENTO,0.093167
2.588000,1,1,1,1,1,2636,1191,SPEGNIMENTO,0.093334
2.589000,1,1,1,1,1,2635,1191,SPEGNIMENTO,0.093500
2.590000,1,1,1,1,1,2634,1191,SPEGNIMENTO,0.093667
2.591000,1,1,1,1,1,2633,1191,SPEGNIMENTO,0.093834
2.592000,1,1,1,1,1,2632,1191,SPEGNIMENTO,0.094000
2.593000,1,1,1,1,1,2631,1191,SPEGNIMENTO,0.094167
2.594000,1,1,1,1,1,2630,1191,SPEGNIMENTO,0.094334
2.595000,1,1,1,1,1,2629,1191,SPEGNIMENTO,0.094500
2.596000,1,1,1,1,1,2628,1191,SPEGNIMENTO,0.094667
2.597000,1,1,1,1,1,2627,1191,SPEGNIMENTO,0.094834
2.598000,1,1,1,1,1,2626,1191,SPEGNIMENTO,0.095000
2.599000,1,1,1,1,1,2625,1191,SPEGNIMENTO,0.095167
2.601000,1,1,1,1,1,2624,1191,SPEGNIMENTO,0.095500
2.602000,1,1,1,1,1,2623,1191,SPEGNIMENTO,0.095667
2.603000,1,1,1,1,1,2622,1191,SPEGNIMENTO,0.095834
2.604000,1,1,1,1,1,2621,1191,SPEGNIMENTO,0.096000
2.605000,1,1,1,1,1,2620,1191,SPEGNIMENTO,0.096167
2.606000,1,1,1,1,1,2619,1191,SPEGNIMENTO,0.096334
2.607000,1,1,1,1,1,2618,1191,SPEGNIMENTO,0.096500
2.608000,1,1,1,1,1,2617,1191,SPEGNIMENTO,0.096667
2.609000,1,1,1,1,1,2616,1191,SPEGNIMENTO,0.096834
2.610000,1,1,1,1,1,2615,1191,SPEGNIMENTO,0.097000
2.611000,1,1,1,1,1,2614,1191,SPEGNIMENTO,0.097167
2.612000,1,1,1,1,1,2613,1191,SPEGNIMENTO,0.097334
2.613000,1,1,1,1,1,2612,1191,SPEGNIMENTO,0.097500
2.614000,1,1,1,1,1,2611,1191,SPEGNIMENTO,0.097667
2.615000,1,1,1,1,1,2610,1191,SPEGNIMENTO,0.097834
2.616000,1,1,1,1,1,2609,1191,SPEGNIMENTO,0.098000
2.617000,1,1,1,1,1,2608,1191,SPEGNIMENTO,0.098167
2.618000,1,1,1,1,1,2607,1191,SPEGNIMENTO,0.098334
2.619000,1,1,1,1,1,2606,1191,SPEGNIMENTO,0.098500
2.620000,1,1,1,1,1,2605,1191,SPEGNIMENTO,0.098667
2.621000,1,1,1,1,1,2604,1191,SPEGNIMENTO,0.098834
2.622000,1,1,1,1,1,2603,1191,SPEGNIMENTO,0.099000
2.623000,1,1,1,1,1,2602,1191,SPEGNIMENTO,0.099167
2.624000,1,1,1,1,1,2601,1191,SPEGNIMENTO,0.099334
2.625000,1,1,1,1,1,2600,1191,SPEGNIMENTO,0.099500
2.626000,1,1,1,1,1,2599,1191,SPEGNIMENTO,0.099667
2.627000,1,1,1,1,1,2598,1191,SPEGNIMENTO,0.099834
2.628000,1,1,1,1,1,2597,1191,SPEGNIMENTO,0.100000
2.631000,1,1,1,1,1,2596,1191,SPEGNIMENTO,0.100500
2.635000,1,1,1,1,1,2595,1191,SPEGNIMENTO,0.101167
2.639000,1,1,1,1,1,2594,1191,SPEGNIMENTO,0.101834
2.643000,1,1,1,1,1,2593,1191,SPEGNIMENTO,0.102500
2.647000,1,1,1,1,1,2592,1191,SPEGNIMENTO,0.103167
2.651000,1,1,1,1,1,2591,1191,SPEGNIMENTO,0.103834
2.655000,1,1,1,1,1,2590,1191,SPEGNIMENTO,0.104500
2.659000,1,1,1,1,1,2589,1191,SPEGNIMENTO,0.105167
2.662000,1,1,1,1,1,2588,1191,SPEGNIMENTO,0.105667
2.666000,1,1,1,1,1,2587,1191,SPEGNIMENTO,0.106334
2.670000,1,1,1,1,1,2586,1191,SPEGNIMENTO,0.107000
2.674000,1,1,1,1,1,2585,1191,SPEGNIMENTO,0.107667
2.678000,1,1,1,1,1,2584,1191,SPEGNIMENTO,0.108334
2.682000,1,1,1,1,1,2583,1191,SPEGNIMENTO,0.109001
2.686000,1,1,1,1,1,2582,1191,SPEGNIMENTO,0.109667
2.690000,1,1,1,1,1,2581,1191,SPEGNIMENTO,0.110334
2.693000,1,1,1,1,1,2580,1191,SPEGNIMENTO,0.110834
2.697000,1,1,1,1,1,2579,1191,SPEGNIMENTO,0.111501
2.701000,1,1,1,1,1,2578,1191,SPEGNIMENTO,0.112167
2.705000,1,1,1,1,1,2577,1191,SPEGNIMENTO,0.112834
2.709000,1,1,1,1,1,2576,1191,SPEGNIMENTO,0.113501
2.713000,1,1,1,1,1,2575,1191,SPEGNIMENTO,0.114167
2.717000,1,1,1,1,1,2574,1191,SPEGNIMENTO,0.114834
2.721000,1,1,1,1,1,2573,1191,SPEGNIMENTO,0.115501
2.725000,1,1,1,1,1,2572,1191,SPEGNIMENTO,0.116167
2.728000,1,1,1,1,1,2571,1191,SPEGNIMENTO,0.116667
2.732000,1,1,1,1,1,2570,1191,SPEGNIMENTO,0.117334
2.736000,1,1,1,1,1,2569,1191,SPEGNIMENTO,0.118001
2.740000,1,1,1,1,1,2568,1191,SPEGNIMENTO,0.118667
2.744000,1,1,1,1,1,2567,1191,SPEGNIMENTO,0.119334
2.748000,1,1,1,1,1,2566,1191,SPEGNIMENTO,0.120001
2.752000,1,1,1,1,1,2565,1191,SPEGNIMENTO,0.120667
2.756000,1,1,1,1,1,2564,1191,SPEGNIMENTO,0.121334
2.759000,1,1,1,1,1,2563,1191,SPEGNIMENTO,0.121834
2.763000,1,1,1,1,1,2562,1191,SPEGNIMENTO,0.122501
2.767000,1,1,1,1,1,2561,1191,SPEGNIMENTO,0.123167
2.771000,1,1,1,1,1,2560,1191,SPEGNIMENTO,0.123834
2.775000,1,1,1,1,1,2559,1191,SPEGNIMENTO,0.124501
2.779000,1,1,1,1,1,2558,1191,SPEGNIMENTO,0.125167
2.783000,1,1,1,1,1,2557,1191,SPEGNIMENTO,0.125834
2.787000,1,1,1,1,1,2556,1191,SPEGNIMENTO,0.126501
2.791000,1,1,1,1,1,2555,1191,SPEGNIMENTO,0.127168
2.794000,1,1,1,1,1,2554,1191,SPEGNIMENTO,0.127668
2.798000,1,1,1,1,1,2553,1191,SPEGNIMENTO,0.128334
2.802000,1,1,1,1,1,2552,1191,SPEGNIMENTO,0.129001
2.806000,1,1,1,1,1,2551,1191,SPEGNIMENTO,0.129668
2.810000,1,1,1,1,1,2550,1191,SPEGNIMENTO,0.130334
2.814000,1,1,1,1,1,2549,1191,SPEGNIMENTO,0.131001
2.818000,1,1,1,1,1,2548,1191,SPEGNIMENTO,0.131668
2.822000,1,1,1,1,1,2547,1191,SPEGNIMENTO,0.132334
2.825000,1,1,1,1,1,2546,1191,SPEGNIMENTO,0.132834
2.829000,1,1,1,1,1,2545,1191,SPEGNIMENTO,0.133501
2.833000,1,1,1,1,1,2544,1191,SPEGNIMENTO,0.134168
2.837000,1,1,1,1,1,2543,1191,SPEGNIMENTO,0.134834
2.841000,1,1,1,1,1,2542,1191,SPEGNIMENTO,0.135501
2.845000,1,1,1,1,1,2541,1191,SPEGNIMENTO,0.136168
2.849000,1,1,1,1,1,2540,1191,SPEGNIMENTO,0.136834
2.853000,1,1,1,1,1,2539,1191,SPEGNIMENTO,0.137501
2.857000,1,1,1,1,1,2538,1191,SPEGNIMENTO,0.138168
2.860000,1,1,1,1,1,2537,1191,SPEGNIMENTO,0.138668
2.864000,1,1,1,1,1,2536,1191,SPEGNIMENTO,0.139334
2.868000,1,1,1,1,1,2535,1191,SPEGNIMENTO,0.140001
2.872000,1,1,1,1,1,2534,1191,SPEGNIMENTO,0.140668
2.876000,1,1,1,1,1,2533,1191,SPEGNIMENTO,0.141334
2.880000,1,1,1,1,1,2532,1191,SPEGNIMENTO,0.142001
2.884000,1,1,1,1,1,2531,1191,SPEGNIMENTO,0.142668
2.888000,1,1,1,1,1,2530,1191,SPEGNIMENTO,0.143334
2.892000,1,1,1,1,1,2529,1191,SPEGNIMENTO,0.144001
2.895000,1,1,1,1,1,2528,1191,SPEGNIMENTO,0.144501
2.899000,1,1,1,1,1,2527,1191,SPEGNIMENTO,0.145168
2.903000,1,1,1,1,1,2526,1191,SPEGNIMENTO,0.145834
2.907000,1,1,1,1,1,2525,1191,SPEGNIMENTO,0.146501
2.911000,1,1,1,1,1,2524,1191,SPEGNIMENTO,0.147168
2.915000,1,1,1,1,1,2523,1191,SPEGNIMENTO,0.147835
2.919000,1,1,1,1,1,2522,1191,SPEGNIMENTO,0.148501
2.923000,1,1,1,1,1,2521,1191,SPEGNIMENTO,0.149168
2.927000,1,1,1,1,1,2520,1191,SPEGNIMENTO,0.149835
2.930000,1,1,1,1,1,2519,1191,SPEGNIMENTO,0.150335
2.934000,1,1,1,1,1,2518,1191,SPEGNIMENTO,0.151001
2.938000,1,1,1,1,1,2517,1191,SPEGNIMENTO,0.151668
2.942000,1,1,1,1,1,2516,1191,SPEGNIMENTO,0.152335
2.946000,1,1,1,1,1,2515,1191,SPEGNIMENTO,0.153001
2.950000,1,1,1,1,1,2514,1191,SPEGNIMENTO,0.153668
2.954000,1,1,1,1,1,2513,1191,SPEGNIMENTO,0.154335
2.958000,1,1,1,1,1,2512,1191,SPEGNIMENTO,0.155001
2.962000,1,1,1,1,1,2511,1191,SPEGNIMENTO,0.155668
2.965000,1,1,1,1,1,2510,1191,SPEGNIMENTO,0.156168
2.969000,1,1,1,1,1,2509,1191,SPEGNIMENTO,0.156835
2.973000,1,1,1,1,1,2508,1191,SPEGNIMENTO,0.157501
2.977000,1,1,1,1,1,2507,1191,SPEGNIMENTO,0.158168
2.981000,1,1,1,1,1,2506,1191,SPEGNIMENTO,0.158835
2.985000,1,1,1,1,1,2505,1191,SPEGNIMENTO,0.159501
2.989000,1,1,1,1,1,2504,1191,SPEGNIMENTO,0.160168
2.993000,1,1,1,1,1,2503,1191,SPEGNIMENTO,0.160835
2.997000,1,1,1,1,1,2502,1191,SPEGNIMENTO,0.161501
3.000000,1,1,1,1,1,2501,1191,SPEGNIMENTO,0.162001
3.004000,1,1,1,1,1,2500,1191,SPEGNIMENTO,0.162668
3.008000,1,1,1,1,1,2499,1191,SPEGNIMENTO,0.163335
3.012000,1,1,1,1,1,2498,1191,SPEGNIMENTO,0.164001
3.016000,1,1,1,1,1,2497,1191,SPEGNIMENTO,0.164668
3.020000,1,1,1,1,1,2496,1191,SPEGNIMENTO,0.165335
3.024000,1,1,1,1,1,2495,1191,SPEGNIMENTO,0.166001
3.028000,1,1,1,1,1,2494,1191,SPEGNIMENTO,0.166668
3.032000,1,1,1,1,1,2493,1191,SPEGNIMENTO,0.167335
3.035000,1,1,1,1,1,2492,1191,SPEGNIMENTO,0.167835
3.039000,1,1,1,1,1,2491,1191,SPEGNIMENTO,0.168502
3.043000,1,1,1,1,1,2490,1191,SPEGNIMENTO,0.169168
3.047000,1,1,1,1,1,2489,1191,SPEGNIMENTO,0.169835
3.051000,1,1,1,1,1,2488,1191,SPEGNIMENTO,0.170502
3.055000,1,1,1,1,1,2487,1191,SPEGNIMENTO,0.171168
3.059000,1,1,1,1,1,2486,1191,SPEGNIMENTO,0.171835
3.063000,1,1,1,1,1,2485,1191,SPEGNIMENTO,0.172502
3.067000,1,1,1,1,1,2484,1191,SPEGNIMENTO,0.173168
3.070000,1,1,1,1,1,2483,1191,SPEGNIMENTO,0.173668
3.074000,1,1,1,1,1,2482,1191,SPEGNIMENTO,0.174335
3.078000,1,1,1,1,1,2481,1191,SPEGNIMENTO,0.175002
3.082000,1,1,1,1,1,2480,1191,SPEGNIMENTO,0.175668
3.086000,1,1,1,1,1,2479,1191,SPEGNIMENTO,0.176335
3.090000,1,1,1,1,1,2478,1191,SPEGNIMENTO,0.177002
3.094000,1,1,1,1,1,2477,1191,SPEGNIMENTO,0.177668
3.098000,1,1,1,1,1,2476,1191,SPEGNIMENTO,0.178335
3.102000,1,1,1,1,1,2475,1191,SPEGNIMENTO,0.179002
3.105000,1,1,1,1,1,2474,1191,SPEGNIMENTO,0.179502
3.109000,1,1,1,1,1,2473,1191,SPEGNIMENTO,0.180168
3.113000,1,1,1,1,1,2472,1191,SPEGNIMENTO,0.180835
3.117000,1,1,1,1,1,2471,1191,SPEGNIMENTO,0.181502
3.121000,1,1,1,1,1,2470,1191,SPEGNIMENTO,0.182168
3.125000,1,1,1,1,1,2469,1191,SPEGNIMENTO,0.182835
3.129000,1,1,1,1,1,2468,1191,SPEGNIMENTO,0.183502
3.133000,1,1,1,1,1,2467,1191,SPEGNIMENTO,0.184168
3.137000,1,1,1,1,1,2466,1191,SPEGNIMENTO,0.184835
3.140000,1,1,1,1,1,2465,1191,SPEGNIMENTO,0.185335
3.144000,1,1,1,1,1,2464,1191,SPEGNIMENTO,0.186002
3.148000,1,1,1,1,1,2463,1191,SPEGNIMENTO,0.186669
3.152000,1,1,1,1,1,2462,1191,SPEGNIMENTO,0.187335
3.156000,1,1,1,1,1,2461,1191,SPEGNIMENTO,0.188002
3.160000,1,1,1,1,1,2460,1191,SPEGNIMENTO,0.188669
3.164000,1,1,1,1,1,2459,1191,SPEGNIMENTO,0.189335
3.168000,1,1,1,1,1,2458,1191,SPEGNIMENTO,0.190002
3.172000,1,1,1,1,1,2457,1191,SPEGNIMENTO,0.190669
3.175000,1,1,1,1,1,2456,1191,SPEGNIMENTO,0.191169
3.179000,1,1,1,1,1,2455,1191,SPEGNIMENTO,0.191835
3.183000,1,1,1,1,1,2454,1191,SPEGNIMENTO,0.192502
3.187000,1,1,1,1,1,2453,1191,SPEGNIMENTO,0.193169
3.191000,1,1,1,1,1,2452,1191,SPEGNIMENTO,0.193835
3.195000,1,1,1,1,1,2451,1191,SPEGNIMENTO,0.194502
3.199000,1,1,1,1,1,2450,1191,SPEGNIMENTO,0.195169
3.203000,1,1,1,1,1,2449,1191,SPEGNIMENTO,0.195835
3.207000,1,1,1,1,1,2448,1191,SPEGNIMENTO,0.196502
3.211000,1,1,1,1,1,2447,1191,SPEGNIMENTO,0.197169
3.214000,1,1,1,1,1,2446,1191,SPEGNIMENTO,0.197669
3.218000,1,1,1,1,1,2445,1191,SPEGNIMENTO,0.198335
3.222000,1,1,1,1,1,2444,1191,SPEGNIMENTO,0.199002
3.226000,1,1,1,1,1,2443,1191,SPEGNIMENTO,0.199669
3.230000,1,1,1,1,1,2442,1191,SPEGNIMENTO,0.200335
3.234000,1,1,1,1,1,2441,1191,SPEGNIMENTO,0.201002
3.238000,1,1,1,1,1,2440,1191,SPEGNIMENTO,0.201669
3.242000,1,1,1,1,1,2439,1191,SPEGNIMENTO,0.202335
3.246000,1,1,1,1,1,2438,1191,SPEGNIMENTO,0.203002
3.249000,1,1,1,1,1,2437,1191,SPEGNIMENTO,0.203502
3.253000,1,1,1,1,1,2436,1191,SPEGNIMENTO,0.204169
3.257000,1,1,1,1,1,2435,1191,SPEGNIMENTO,0.204835
3.261000,1,1,1,1,1,2434,1191,SPEGNIMENTO,0.205502
3.265000,1,1,1,1,1,2433,1191,SPEGNIMENTO,0.206169
3.269000,1,1,1,1,1,2432,1191,SPEGNIMENTO,0.206836
3.273000,1,1,1,1,1,2431,1191,SPEGNIMENTO,0.207502
3.277000,1,1,1,1,1,2430,1191,SPEGNIMENTO,0.208169
3.281000,1,1,1,1,1,2429,1191,SPEGNIMENTO,0.208836
3.284000,1,1,1,1,1,2428,1191,SPEGNIMENTO,0.209336
3.288000,1,1,1,1,1,2427,1191,SPEGNIMENTO,0.210002
3.292000,1,1,1,1,1,2426,1191,SPEGNIMENTO,0.210669
3.296000,1,1,1,1,1,2425,1191,SPEGNIMENTO,0.211336
3.300000,1,1,1,1,1,2424,1191,SPEGNIMENTO,0.212002
3.304000,1,1,1,1,1,2423,1191,SPEGNIMENTO,0.212669
3.308000,1,1,1,1,1,2422,1191,SPEGNIMENTO,0.213336
3.312000,1,1,1,1,1,2421,1191,SPEGNIMENTO,0.214002
3.316000,1,1,1,1,1,2420,1191,SPEGNIMENTO,0.214669
3.320000,1,1,1,1,1,2419,1191,SPEGNIMENTO,0.215336
3.323000,1,1,1,1,1,2418,1191,SPEGNIMENTO,0.215836
3.327000,1,1,1,1,1,2417,1191,SPEGNIMENTO,0.216502
3.331000,1,1,1,1,1,2416,1191,SPEGNIMENTO,0.217169
3.335000,1,1,1,1,1,2415,1191,SPEGNIMENTO,0.217836
3.339000,1,1,1,1,1,2414,1191,SPEGNIMENTO,0.218502
3.343000,1,1,1,1,1,2413,1191,SPEGNIMENTO,0.219169
3.347000,1,1,1,1,1,2412,1191,SPEGNIMENTO,0.219836
3.351000,1,1,1,1,1,2411,1191,SPEGNIMENTO,0.220502
3.355000,1,1,1,1,1,2410,1191,SPEGNIMENTO,0.221169
3.358000,1,1,1,1,1,2409,1191,SPEGNIMENTO,0.221669
3.362000,1,1,1,1,1,2408,1191,SPEGNIMENTO,0.222336
3.366000,1,1,1,1,1,2407,1191,SPEGNIMENTO,0.223002
3.370000,1,1,1,1,1,2406,1191,SPEGNIMENTO,0.223669
3.374000,1,1,1,1,1,2405,1191,SPEGNIMENTO,0.224336
3.378000,1,1,1,1,1,2404,1191,SPEGNIMENTO,0.225002
3.382000,1,1,1,1,1,2403,1191,SPEGNIMENTO,0.225669
3.386000,1,1,1,1,1,2402,1191,SPEGNIMENTO,0.226336
3.390000,1,1,1,1,1,2401,1191,SPEGNIMENTO,0.227003
3.393000,1,1,1,1,1,2400,1191,SPEGNIMENTO,0.227503
3.397000,1,1,1,1,1,2399,1191,SPEGNIMENTO,0.228169
3.401000,1,1,1,1,1,2398,1191,SPEGNIMENTO,0.228836
3.405000,1,1,1,1,1,2397,1191,SPEGNIMENTO,0.229503
3.409000,1,1,1,1,1,2396,1191,SPEGNIMENTO,0.230169
3.413000,1,1,1,1,1,2395,1191,SPEGNIMENTO,0.230836
3.417000,1,1,1,1,1,2394,1191,SPEGNIMENTO,0.231503
3.421000,1,1,1,1,1,2393,1191,SPEGNIMENTO,0.232169
3.425000,1,1,1,1,1,2392,1191,SPEGNIMENTO,0.232836
3.429000,1,1,1,1,1,2391,1191,SPEGNIMENTO,0.233503
3.432000,1,1,1,1,1,2390,1191,SPEGNIMENTO,0.234003
3.436000,1,1,1,1,1,2389,1191,SPEGNIMENTO,0.234669
3.440000,1,1,1,1,1,2388,1191,SPEGNIMENTO,0.235336
3.444000,1,1,1,1,1,2387,1191,SPEGNIMENTO,0.236003
3.448000,1,1,1,1,1,2386,1191,SPEGNIMENTO,0.236669
3.452000,1,1,1,1,1,2385,1191,SPEGNIMENTO,0.237336
3.456000,1,1,1,1,1,2384,1191,SPEGNIMENTO,0.238003
3.460000,1,1,1,1,1,2383,1191,SPEGNIMENTO,0.238669
3.464000,1,1,1,1,1,2382,1191,SPEGNIMENTO,0.239336
3.467000,1,1,1,1,1,2381,1191,SPEGNIMENTO,0.239836
3.471000,1,1,1,1,1,2380,1191,SPEGNIMENTO,0.240503
3.475000,1,1,1,1,1,2379,1191,SPEGNIMENTO,0.241169
3.479000,1,1,1,1,1,2378,1191,SPEGNIMENTO,0.241836
3.483000,1,1,1,1,1,2377,1191,SPEGNIMENTO,0.242503
3.487000,1,1,1,1,1,2376,1191,SPEGNIMENTO,0.243169
3.491000,1,1,1,1,1,2375,1191,SPEGNIMENTO,0.243836
3.495000,1,1,1,1,1,2374,1191,SPEGNIMENTO,0.244503
3.499000,1,1,1,1,1,2373,1191,SPEGNIMENTO,0.245170
3.503000,1,1,1,1,1,2372,1191,SPEGNIMENTO,0.245836
3.506000,1,1,1,1,1,2371,1191,SPEGNIMENTO,0.246336
3.510000,1,1,1,1,1,2370,1191,SPEGNIMENTO,0.247003
3.514000,1,1,1,1,1,2369,1191,SPEGNIMENTO,0.247670
3.518000,1,1,1,1,1,2368,1191,SPEGNIMENTO,0.248336
3.522000,1,1,1,1,1,2367,1191,SPEGNIMENTO,0.249003
3.526000,1,1,1,1,1,2366,1191,SPEGNIMENTO,0.249670
3.530000,1,1,1,1,1,2365,1191,SPEGNIMENTO,0.250336
3.534000,1,1,1,1,1,2364,1191,SPEGNIMENTO,0.251003
3.538000,1,1,1,1,1,2363,1191,SPEGNIMENTO,0.251669
3.541000,1,1,1,1,1,2362,1191,SPEGNIMENTO,0.252169
3.545000,1,1,1,1,1,2361,1191,SPEGNIMENTO,0.252836
3.549000,1,1,1,1,1,2360,1191,SPEGNIMENTO,0.253503
3.553000,1,1,1,1,1,2359,1191,SPEGNIMENTO,0.254169
3.557000,1,1,1,1,1,2358,1191,SPEGNIMENTO,0.254836
3.561000,1,1,1,1,1,2357,1191,SPEGNIMENTO,0.255503
3.565000,1,1,1,1,1,2356,1191,SPEGNIMENTO,0.256169
3.569000,1,1,1,1,1,2355,1191,SPEGNIMENTO,0.256836
3.573000,1,1,1,1,1,2354,1191,SPEGNIMENTO,0.257502
3.577000,1,1,1,1,1,2353,1191,SPEGNIMENTO,0.258169
3.580000,1,1,1,1,1,2352,1191,SPEGNIMENTO,0.258669
3.584000,1,1,1,1,1,2351,1191,SPEGNIMENTO,0.259336
3.588000,1,1,1,1,1,2350,1191,SPEGNIMENTO,0.260002
3.592000,1,1,1,1,1,2349,1191,SPEGNIMENTO,0.260669
3.596000,1,1,1,1,1,2348,1191,SPEGNIMENTO,0.261335
3.600000,1,1,1,1,1,2347,1191,SPEGNIMENTO,0.262002
3.604000,1,1,1,1,1,2346,1191,SPEGNIMENTO,0.262669
3.608000,1,1,1,1,1,2345,1191,SPEGNIMENTO,0.263335
3.612000,1,1,1,1,1,2344,1191,SPEGNIMENTO,0.264002
3.615000,1,1,1,1,1,2343,1191,SPEGNIMENTO,0.264502
3.619000,1,1,1,1,1,2342,1191,SPEGNIMENTO,0.265168
3.623000,1,1,1,1,1,2341,1191,SPEGNIMENTO,0.265835
3.627000,1,1,1,1,1,2340,1191,SPEGNIMENTO,0.266502
3.631000,1,1,1,1,1,2339,1191,SPEGNIMENTO,0.267168
3.635000,1,1,1,1,1,2338,1191,SPEGNIMENTO,0.267835
3.639000,1,1,1,1,1,2337,1191,SPEGNIMENTO,0.268502
3.643000,1,1,1,1,1,2336,1191,SPEGNIMENTO,0.269168
3.647000,1,1,1,1,1,2335,1191,SPEGNIMENTO,0.269835
3.651000,1,1,1,1,1,2334,1191,SPEGNIMENTO,0.270501
3.654000,1,1,1,1,1,2333,1191,SPEGNIMENTO,0.271001
3.658000,1,1,1,1,1,2332,1191,SPEGNIMENTO,0.271668
3.662000,1,1,1,1,1,2331,1191,SPEGNIMENTO,0.272335
3.666000,1,1,1,1,1,2330,1191,SPEGNIMENTO,0.273001
3.670000,1,1,1,1,1,2329,1191,SPEGNIMENTO,0.273668
3.674000,1,1,1,1,1,2328,1191,SPEGNIMENTO,0.274334
3.678000,1,1,1,1,1,2327,1191,SPEGNIMENTO,0.275001
3.682000,1,1,1,1,1,2326,1191,SPEGNIMENTO,0.275668
3.686000,1,1,1,1,1,2325,1191,SPEGNIMENTO,0.276334
3.690000,1,1,1,1,1,2324,1191,SPEGNIMENTO,0.277001
3.693000,1,1,1,1,1,2323,1191,SPEGNIMENTO,0.277501
3.697000,1,1,1,1,1,2322,1191,SPEGNIMENTO,0.278168
3.701000,1,1,1,1,1,2321,1191,SPEGNIMENTO,0.278834
3.705000,1,1,1,1,1,2320,1191,SPEGNIMENTO,0.279501
3.709000,1,1,1,1,1,2319,1191,SPEGNIMENTO,0.280167
3.713000,1,1,1,1,1,2318,1191,SPEGNIMENTO,0.280834
3.717000,1,1,1,1,1,2317,1191,SPEGNIMENTO,0.281501
3.721000,1,1,1,1,1,2316,1191,SPEGNIMENTO,0.282167
3.725000,1,1,1,1,1,2315,1191,SPEGNIMENTO,0.282834
3.728000,1,1,1,1,1,2314,1191,SPEGNIMENTO,0.283334
3.732000,1,1,1,1,1,2313,1191,SPEGNIMENTO,0.284000
3.736000,1,1,1,1,1,2312,1191,SPEGNIMENTO,0.284667
3.740000,1,1,1,1,1,2311,1191,SPEGNIMENTO,0.285334
3.744000,1,1,1,1,1,2310,1191,SPEGNIMENTO,0.286000
3.748000,1,1,1,1,1,2309,1191,SPEGNIMENTO,0.286667
3.752000,1,1,1,1,1,2308,1191,SPEGNIMENTO,0.287334
3.756000,1,1,1,1,1,2307,1191,SPEGNIMENTO,0.288000
3.760000,1,1,1,1,1,2306,1191,SPEGNIMENTO,0.288667
3.764000,1,1,1,1,1,2305,1191,SPEGNIMENTO,0.289333
3.767000,1,1,1,1,1,2304,1191,SPEGNIMENTO,0.289833
3.771000,1,1,1,1,1,2303,1191,SPEGNIMENTO,0.290500
3.775000,1,1,1,1,1,2302,1191,SPEGNIMENTO,0.291167
3.779000,1,1,1,1,1,2301,1191,SPEGNIMENTO,0.291833
3.783000,1,1,1,1,1,2300,1191,SPEGNIMENTO,0.292500
3.787000,1,1,1,1,1,2299,1191,SPEGNIMENTO,0.293166
3.791000,1,1,1,1,1,2298,1191,SPEGNIMENTO,0.293833
3.795000,1,1,1,1,1,2297,1191,SPEGNIMENTO,0.294500
3.799000,1,1,1,1,1,2296,1191,SPEGNIMENTO,0.295166
3.803000,1,1,1,1,1,2295,1191,SPEGNIMENTO,0.295833
3.806000,1,1,1,1,1,2294,1191,SPEGNIMENTO,0.296333
3.810000,1,1,1,1,1,2293,1191,SPEGNIMENTO,0.297000
3.814000,1,1,1,1,1,2292,1191,SPEGNIMENTO,0.297666
3.818000,1,1,1,1,1,2291,1191,SPEGNIMENTO,0.298333
3.822000,1,1,1,1,1,2290,1191,SPEGNIMENTO,0.298999
3.826000,1,1,1,1,1,2289,1191,SPEGNIMENTO,0.299666
3.830000,1,1,1,1,1,2288,1191,SPEGNIMENTO,0.300333
3.834000,1,1,1,1,1,2287,1191,SPEGNIMENTO,0.300999
3.838000,1,1,1,1,1,2286,1191,SPEGNIMENTO,0.301666
3.842000,1,1,1,1,1,2285,1191,SPEGNIMENTO,0.302332
3.845000,1,1,1,1,1,2284,1191,SPEGNIMENTO,0.302832
3.849000,1,1,1,1,1,2283,1191,SPEGNIMENTO,0.303499
3.853000,1,1,1,1,1,2282,1191,SPEGNIMENTO,0.304166
3.857000,1,1,1,1,1,2281,1191,SPEGNIMENTO,0.304832
3.861000,1,1,1,1,1,2280,1191,SPEGNIMENTO,0.305499
3.865000,1,1,1,1,1,2279,1191,SPEGNIMENTO,0.306166
3.869000,1,1,1,1,1,2278,1191,SPEGNIMENTO,0.306832
3.873000,1,1,1,1,1,2277,1191,SPEGNIMENTO,0.307499
3.877000,1,1,1,1,1,2276,1191,SPEGNIMENTO,0.308165
3.880000,1,1,1,1,1,2275,1191,SPEGNIMENTO,0.308665
3.884000,1,1,1,1,1,2274,1191,SPEGNIMENTO,0.309332
3.888000,1,1,1,1,1,2273,1191,SPEGNIMENTO,0.309999
3.892000,1,1,1,1,1,2272,1191,SPEGNIMENTO,0.310665
3.896000,1,1,1,1,1,2271,1191,SPEGNIMENTO,0.311332
3.900000,1,1,1,1,1,2270,1191,SPEGNIMENTO,0.311998
3.904000,1,1,1,1,1,2269,1191,SPEGNIMENTO,0.312665
3.908000,1,1,1,1,1,2268,1191,SPEGNIMENTO,0.313332
3.912000,1,1,1,1,1,2267,1191,SPEGNIMENTO,0.313998
3.916000,1,1,1,1,1,2266,1191,SPEGNIMENTO,0.314665
3.919000,1,1,1,1,1,2265,1191,SPEGNIMENTO,0.315165
3.923000,1,1,1,1,1,2264,1191,SPEGNIMENTO,0.315831
3.927000,1,1,1,1,1,2263,1191,SPEGNIMENTO,0.316498
3.931000,1,1,1,1,1,2262,1191,SPEGNIMENTO,0.317165
3.935000,1,1,1,1,1,2261,1191,SPEGNIMENTO,0.317831
3.939000,1,1,1,1,1,2260,1191,SPEGNIMENTO,0.318498
3.943000,1,1,1,1,1,2259,1191,SPEGNIMENTO,0.319165
3.947000,1,1,1,1,1,2258,1191,SPEGNIMENTO,0.319831
3.951000,1,1,1,1,1,2257,1191,SPEGNIMENTO,0.320498
3.955000,1,1,1,1,1,2256,1191,SPEGNIMENTO,0.321164
3.958000,1,1,1,1,1,2255,1191,SPEGNIMENTO,0.321664
3.962000,1,1,1,1,1,2254,1191,SPEGNIMENTO,0.322331
3.966000,1,1,1,1,1,2253,1191,SPEGNIMENTO,0.322998
3.970000,1,1,1,1,1,2252,1191,SPEGNIMENTO,0.323664
3.974000,1,1,1,1,1,2251,1191,SPEGNIMENTO,0.324331
3.978000,1,1,1,1,1,2250,1191,SPEGNIMENTO,0.324997
3.982000,1,1,1,1,1,2249,1191,SPEGNIMENTO,0.325664
3.986000,1,1,1,1,1,2248,1191,SPEGNIMENTO,0.326331
3.990000,1,1,1,1,1,2247,1191,SPEGNIMENTO,0.326997
3.994000,1,1,1,1,1,2246,1191,SPEGNIMENTO,0.327664
3.997000,1,1,1,1,1,2245,1191,SPEGNIMENTO,0.328164
4.001000,1,1,1,1,1,2244,1191,SPEGNIMENTO,0.328831
4.005000,1,1,1,1,1,2243,1191,SPEGNIMENTO,0.329497
4.009000,1,1,1,1,1,2242,1191,SPEGNIMENTO,0.330164
4.013000,1,1,1,1,1,2241,1191,SPEGNIMENTO,0.330830
4.017000,1,1,1,1,1,2240,1191,SPEGNIMENTO,0.331497
4.021000,1,1,1,1,1,2239,1191,SPEGNIMENTO,0.332164
4.025000,1,1,1,1,1,2238,1191,SPEGNIMENTO,0.332830
4.029000,1,1,1,1,1,2237,1191,SPEGNIMENTO,0.333497
4.032000,1,1,1,1,1,2236,1191,SPEGNIMENTO,0.333997
4.036000,1,1,1,1,1,2235,1191,SPEGNIMENTO,0.334663
4.040000,1,1,1,1,1,2234,1191,SPEGNIMENTO,0.335330
4.044000,1,1,1,1,1,2233,1191,SPEGNIMENTO,0.335997
4.048000,1,1,1,1,1,2232,1191,SPEGNIMENTO,0.336663
4.052000,1,1,1,1,1,2231,1191,SPEGNIMENTO,0.337330
4.056000,1,1,1,1,1,2230,1191,SPEGNIMENTO,0.337997
4.060000,1,1,1,1,1,2229,1191,SPEGNIMENTO,0.338663
4.064000,1,1,1,1,1,2228,1191,SPEGNIMENTO,0.339330
4.068000,1,1,1,1,1,2227,1191,SPEGNIMENTO,0.339996
4.071000,1,1,1,1,1,2226,1191,SPEGNIMENTO,0.340496
4.075000,1,1,1,1,1,2225,1191,SPEGNIMENTO,0.341163
4.079000,1,1,1,1,1,2224,1191,SPEGNIMENTO,0.341830
4.083000,1,1,1,1,1,2223,1191,SPEGNIMENTO,0.342496
4.087000,1,1,1,1,1,2222,1191,SPEGNIMENTO,0.343163
4.091000,1,1,1,1,1,2221,1191,SPEGNIMENTO,0.343829
4.095000,1,1,1,1,1,2220,1191,SPEGNIMENTO,0.344496
4.099000,1,1,1,1,1,2219,1191,SPEGNIMENTO,0.345163
4.103000,1,1,1,1,1,2218,1191,SPEGNIMENTO,0.345829
4.107000,1,1,1,1,1,2217,1191,SPEGNIMENTO,0.346496
4.110000,1,1,1,1,1,2216,1191,SPEGNIMENTO,0.346996
4.114000,1,1,1,1,1,2215,1191,SPEGNIMENTO,0.347663
4.118000,1,1,1,1,1,2214,1191,SPEGNIMENTO,0.348329
4.122000,1,1,1,1,1,2213,1191,SPEGNIMENTO,0.348996
4.126000,1,1,1,1,1,2212,1191,SPEGNIMENTO,0.349662
4.130000,1,1,1,1,1,2211,1191,SPEGNIMENTO,0.350329
4.134000,1,1,1,1,1,2210,1191,SPEGNIMENTO,0.350996
4.138000,1,1,1,1,1,2209,1191,SPEGNIMENTO,0.351662
4.142000,1,1,1,1,1,2208,1191,SPEGNIMENTO,0.352329
4.146000,1,1,1,1,1,2207,1191,SPEGNIMENTO,0.352995
4.149000,1,1,1,1,1,2206,1191,SPEGNIMENTO,0.353495
4.153000,1,1,1,1,1,2205,1191,SPEGNIMENTO,0.354162
4.157000,1,1,1,1,1,2204,1191,SPEGNIMENTO,0.354829
4.161000,1,1,1,1,1,2203,1191,SPEGNIMENTO,0.355495
4.165000,1,1,1,1,1,2202,1191,SPEGNIMENTO,0.356162
4.169000,1,1,1,1,1,2201,1191,SPEGNIMENTO,0.356829
4.173000,1,1,1,1,1,2200,1191,SPEGNIMENTO,0.357495
4.177000,1,1,1,1,1,2199,1191,SPEGNIMENTO,0.358162
4.181000,1,1,1,1,1,2198,1191,SPEGNIMENTO,0.358828
4.185000,1,1,1,1,1,2197,1191,SPEGNIMENTO,0.359495
4.188000,1,1,1,1,1,2196,1191,SPEGNIMENTO,0.359995
4.192000,1,1,1,1,1,2195,1191,SPEGNIMENTO,0.360662
4.196000,1,1,1,1,1,2194,1191,SPEGNIMENTO,0.361328
4.200000,1,1,1,1,1,2193,1191,SPEGNIMENTO,0.361995
4.204000,1,1,1,1,1,2192,1191,SPEGNIMENTO,0.362661
4.208000,1,1,1,1,1,2191,1191,SPEGNIMENTO,0.363328
4.212000,1,1,1,1,1,2190,1191,SPEGNIMENTO,0.363995
4.216000,1,1,1,1,1,2189,1191,SPEGNIMENTO,0.364661
4.220000,1,1,1,1,1,2188,1191,SPEGNIMENTO,0.365328
4.223000,1,1,1,1,1,2187,1191,SPEGNIMENTO,0.365828
4.227000,1,1,1,1,1,2186,1191,SPEGNIMENTO,0.366494
4.231000,1,1,1,1,1,2185,1191,SPEGNIMENTO,0.367161
4.235000,1,1,1,1,1,2184,1191,SPEGNIMENTO,0.367828
4.239000,1,1,1,1,1,2183,1191,SPEGNIMENTO,0.368494
4.243000,1,1,1,1,1,2182,1191,SPEGNIMENTO,0.369161
4.247000,1,1,1,1,1,2181,1191,SPEGNIMENTO,0.369828
4.251000,1,1,1,1,1,2180,1191,SPEGNIMENTO,0.370494
4.255000,1,1,1,1,1,2179,1191,SPEGNIMENTO,0.371161
4.259000,1,1,1,1,1,2178,1191,SPEGNIMENTO,0.371827
4.262000,1,1,1,1,1,2177,1191,SPEGNIMENTO,0.372327
4.266000,1,1,1,1,1,2176,1191,SPEGNIMENTO,0.372994
4.270000,1,1,1,1,1,2175,1191,SPEGNIMENTO,0.373661
4.274000,1,1,1,1,1,2174,1191,SPEGNIMENTO,0.374327
4.278000,1,1,1,1,1,2173,1191,SPEGNIMENTO,0.374994
4.282000,1,1,1,1,1,2172,1191,SPEGNIMENTO,0.375660
4.286000,1,1,1,1,1,2171,1191,SPEGNIMENTO,0.376327
4.290000,1,1,1,1,1,2170,1191,SPEGNIMENTO,0.376994
4.294000,1,1,1,1,1,2169,1191,SPEGNIMENTO,0.377660
4.298000,1,1,1,1,1,2168,1191,SPEGNIMENTO,0.378327
4.301000,1,1,1,1,1,2167,1191,SPEGNIMENTO,0.378827
4.305000,1,1,1,1,1,2166,1191,SPEGNIMENTO,0.379494
4.309000,1,1,1,1,1,2165,1191,SPEGNIMENTO,0.380160
4.313000,1,1,1,1,1,2164,1191,SPEGNIMENTO,0.380827
4.317000,1,1,1,1,1,2163,1191,SPEGNIMENTO,0.381493
4.321000,1,1,1,1,1,2162,1191,SPEGNIMENTO,0.382160
4.325000,1,1,1,1,1,2161,1191,SPEGNIMENTO,0.382827
4.329000,1,1,1,1,1,2160,1191,SPEGNIMENTO,0.383493
4.333000,1,1,1,1,1,2159,1191,SPEGNIMENTO,0.384160
4.337000,1,1,1,1,1,2158,1191,SPEGNIMENTO,0.384826
4.340000,1,1,1,1,1,2157,1191,SPEGNIMENTO,0.385326
4.344000,1,1,1,1,1,2156,1191,SPEGNIMENTO,0.385993
4.348000,1,1,1,1,1,2155,1191,SPEGNIMENTO,0.386660
4.352000,1,1,1,1,1,2154,1191,SPEGNIMENTO,0.387326
4.356000,1,1,1,1,1,2153,1191,SPEGNIMENTO,0.387993
4.360000,1,1,1,1,1,2152,1191,SPEGNIMENTO,0.388660
4.364000,1,1,1,1,1,2151,1191,SPEGNIMENTO,0.389326
4.368000,1,1,1,1,1,2150,1191,SPEGNIMENTO,0.389993
4.372000,1,1,1,1,1,2149,1191,SPEGNIMENTO,0.390659
4.376000,1,1,1,1,1,2148,1191,SPEGNIMENTO,0.391326
4.379000,1,1,1,1,1,2147,1191,SPEGNIMENTO,0.391826
4.383000,1,1,1,1,1,2146,1191,SPEGNIMENTO,0.392493
4.387000,1,1,1,1,1,2145,1191,SPEGNIMENTO,0.393159
4.391000,1,1,1,1,1,2144,1191,SPEGNIMENTO,0.393826
4.395000,1,1,1,1,1,2143,1191,SPEGNIMENTO,0.394492
4.399000,1,1,1,1,1,2142,1191,SPEGNIMENTO,0.395159
4.403000,1,1,1,1,1,2141,1191,SPEGNIMENTO,0.395826
4.407000,1,1,1,1,1,2140,1191,SPEGNIMENTO,0.396492
4.411000,1,1,1,1,1,2139,1191,SPEGNIMENTO,0.397159
4.415000,1,1,1,1,1,2138,1191,SPEGNIMENTO,0.397826
4.418000,1,1,1,1,1,2137,1191,SPEGNIMENTO,0.398326
4.422000,1,1,1,1,1,2136,1191,SPEGNIMENTO,0.398992
4.426000,1,1,1,1,1,2135,1191,SPEGNIMENTO,0.399659
4.430000,1,1,1,1,1,2134,1191,SPEGNIMENTO,0.400325
4.434000,1,1,1,1,1,2133,1191,SPEGNIMENTO,0.400992
4.438000,1,1,1,1,1,2132,1191,SPEGNIMENTO,0.401659
4.442000,1,1,1,1,1,2131,1191,SPEGNIMENTO,0.402325
4.446000,1,1,1,1,1,2130,1191,SPEGNIMENTO,0.402992
4.450000,1,1,1,1,1,2129,1191,SPEGNIMENTO,0.403658
4.453000,1,1,1,1,1,2128,1191,SPEGNIMENTO,0.404158
4.457000,1,1,1,1,1,2127,1191,SPEGNIMENTO,0.404825
4.461000,1,1,1,1,1,2126,1191,SPEGNIMENTO,0.405492
4.465000,1,1,1,1,1,2125,1191,SPEGNIMENTO,0.406158
4.469000,1,1,1,1,1,2124,1191,SPEGNIMENTO,0.406825
4.473000,1,1,1,1,1,2123,1191,SPEGNIMENTO,0.407492
4.477000,1,1,1,1,1,2122,1191,SPEGNIMENTO,0.408158
4.481000,1,1,1,1,1,2121,1191,SPEGNIMENTO,0.408825
4.485000,1,1,1,1,1,2120,1191,SPEGNIMENTO,0.409491
4.489000,1,1,1,1,1,2119,1191,SPEGNIMENTO,0.410158
4.492000,1,1,1,1,1,2118,1191,SPEGNIMENTO,0.410658
4.496000,1,1,1,1,1,2117,1191,SPEGNIMENTO,0.411325
4.500000,1,1,1,1,1,2116,1191,SPEGNIMENTO,0.411991
4.504000,1,1,1,1,1,2115,1191,SPEGNIMENTO,0.412658
4.508000,1,1,1,1,1,2114,1191,SPEGNIMENTO,0.413324
4.512000,1,1,1,1,1,2113,1191,SPEGNIMENTO,0.413991
4.516000,1,1,1,1,1,2112,1191,SPEGNIMENTO,0.414658
4.520000,1,1,1,1,1,2111,1191,SPEGNIMENTO,0.415324
4.524000,1,1,1,1,1,2110,1191,SPEGNIMENTO,0.415991
4.528000,1,1,1,1,1,2109,1191,SPEGNIMENTO,0.416658
4.531000,1,1,1,1,1,2108,1191,SPEGNIMENTO,0.417157
4.535000,1,1,1,1,1,2107,1191,SPEGNIMENTO,0.417824
4.539000,1,1,1,1,1,2106,1191,SPEGNIMENTO,0.418491
4.543000,1,1,1,1,1,2105,1191,SPEGNIMENTO,0.419157
4.547000,1,1,1,1,1,2104,1191,SPEGNIMENTO,0.419824
4.551000,1,1,1,1,1,2103,1191,SPEGNIMENTO,0.420491
4.555000,1,1,1,1,1,2102,1191,SPEGNIMENTO,0.421157
4.559000,1,1,1,1,1,2101,1191,SPEGNIMENTO,0.421824
4.563000,1,1,1,1,1,2100,1191,SPEGNIMENTO,0.422490
4.567000,1,1,1,1,1,2099,1191,SPEGNIMENTO,0.423157
4.570000,1,1,1,1,1,2098,1191,SPEGNIMENTO,0.423657
4.574000,1,1,1,1,1,2097,1191,SPEGNIMENTO,0.424324
4.578000,1,1,1,1,1,2096,1191,SPEGNIMENTO,0.424990
4.582000,1,1,1,1,1,2095,1191,SPEGNIMENTO,0.425657
4.586000,1,1,1,1,1,2094,1191,SPEGNIMENTO,0.426323
4.590000,1,1,1,1,1,2093,1191,SPEGNIMENTO,0.426990
4.594000,1,1,1,1,1,2092,1191,SPEGNIMENTO,0.427657
4.598000,1,1,1,1,1,2091,1191,SPEGNIMENTO,0.428323
4.602000,1,1,1,1,1,2090,1191,SPEGNIMENTO,0.428990
4.606000,1,1,1,1,1,2089,1191,SPEGNIMENTO,0.429657
4.609000,1,1,1,1,1,2088,1191,SPEGNIMENTO,0.430157
4.613000,1,1,1,1,1,2087,1191,SPEGNIMENTO,0.430823
4.617000,1,1,1,1,1,2086,1191,SPEGNIMENTO,0.431490
4.621000,1,1,1,1,1,2085,1191,SPEGNIMENTO,0.432156
4.625000,1,1,1,1,1,2084,1191,SPEGNIMENTO,0.432823
4.629000,1,1,1,1,1,2083,1191,SPEGNIMENTO,0.433490
4.633000,1,1,1,1,1,2082,1191,SPEGNIMENTO,0.434156
4.637000,1,1,1,1,1,2081,1191,SPEGNIMENTO,0.434823
4.641000,1,1,1,1,1,2080,1191,SPEGNIMENTO,0.435489
4.645000,1,1,1,1,1,2079,1191,SPEGNIMENTO,0.436156
4.648000,1,1,1,1,1,2078,1191,SPEGNIMENTO,0.436656
4.652000,1,1,1,1,1,2077,1191,SPEGNIMENTO,0.437323
4.656000,1,1,1,1,1,2076,1191,SPEGNIMENTO,0.437989
4.660000,1,1,1,1,1,2075,1191,SPEGNIMENTO,0.438656
4.664000,1,1,1,1,1,2074,1191,SPEGNIMENTO,0.439323
4.668000,1,1,1,1,1,2073,1191,SPEGNIMENTO,0.439989
4.672000,1,1,1,1,1,2072,1191,SPEGNIMENTO,0.440656
4.676000,1,1,1,1,1,2071,1191,SPEGNIMENTO,0.441322
4.680000,1,1,1,1,1,2070,1191,SPEGNIMENTO,0.441989
4.684000,1,1,1,1,1,2069,1191,SPEGNIMENTO,0.442656
4.687000,1,1,1,1,1,2068,1191,SPEGNIMENTO,0.443156
4.691000,1,1,1,1,1,2067,1191,SPEGNIMENTO,0.443822
4.695000,1,1,1,1,1,2066,1191,SPEGNIMENTO,0.444489
4.699000,1,1,1,1,1,2065,1191,SPEGNIMENTO,0.445155
4.703000,1,1,1,1,1,2064,1191,SPEGNIMENTO,0.445822
4.707000,1,1,1,1,1,2063,1191,SPEGNIMENTO,0.446489
4.711000,1,1,1,1,1,2062,1191,SPEGNIMENTO,0.447155
4.715000,1,1,1,1,1,2061,1191,SPEGNIMENTO,0.447822
4.719000,1,1,1,1,1,2060,1191,SPEGNIMENTO,0.448489
4.723000,1,1,1,1,1,2059,1191,SPEGNIMENTO,0.449155
4.726000,1,1,1,1,1,2058,1191,SPEGNIMENTO,0.449655
4.730000,1,1,1,1,1,2057,1191,SPEGNIMENTO,0.450322
4.734000,1,1,1,1,1,2056,1191,SPEGNIMENTO,0.450988
4.738000,1,1,1,1,1,2055,1191,SPEGNIMENTO,0.451655
4.742000,1,1,1,1,1,2054,1191,SPEGNIMENTO,0.452322
4.746000,1,1,1,1,1,2053,1191,SPEGNIMENTO,0.452988
4.750000,1,1,1,1,1,2052,1191,SPEGNIMENTO,0.453655
4.754000,1,1,1,1,1,2051,1191,SPEGNIMENTO,0.454321
4.758000,1,1,1,1,1,2050,1191,SPEGNIMENTO,0.454988
4.762000,1,1,1,1,1,2049,1191,SPEGNIMENTO,0.455655
4.766000,1,1,1,1,1,2048,1191,SPEGNIMENTO,0.456321
4.770000,1,1,1,1,1,2047,1191,SPEGNIMENTO,0.456988
4.774000,1,1,1,1,1,2046,1191,SPEGNIMENTO,0.457655
4.778000,1,1,1,1,1,2045,1191,SPEGNIMENTO,0.458321
4.782000,1,1,1,1,1,2044,1191,SPEGNIMENTO,0.458988
4.786000,1,1,1,1,1,2043,1191,SPEGNIMENTO,0.459654
4.790000,1,1,1,1,1,2042,1191,SPEGNIMENTO,0.460321
4.794000,1,1,1,1,1,2041,1191,SPEGNIMENTO,0.460988
4.798000,1,1,1,1,1,2040,1191,SPEGNIMENTO,0.461654
4.802000,1,1,1,1,1,2039,1191,SPEGNIMENTO,0.462321
4.806000,1,1,1,1,1,2038,1191,SPEGNIMENTO,0.462987
4.810000,1,1,1,1,1,2037,1191,SPEGNIMENTO,0.463654
4.814000,1,1,1,1,1,2036,1191,SPEGNIMENTO,0.464321
4.819000,1,1,1,1,1,2035,1191,SPEGNIMENTO,0.465154
4.823000,1,1,1,1,1,2034,1191,SPEGNIMENTO,0.465821
4.827000,1,1,1,1,1,2033,1191,SPEGNIMENTO,0.466487
4.831000,1,1,1,1,1,2032,1191,SPEGNIMENTO,0.467154
4.835000,1,1,1,1,1,2031,1191,SPEGNIMENTO,0.467820
4.839000,1,1,1,1,1,2030,1191,SPEGNIMENTO,0.468487
4.843000,1,1,1,1,1,2029,1191,SPEGNIMENTO,0.469154
4.847000,1,1,1,1,1,2028,1191,SPEGNIMENTO,0.469820
4.851000,1,1,1,1,1,2027,1191,SPEGNIMENTO,0.470487
4.855000,1,1,1,1,1,2026,1191,SPEGNIMENTO,0.471154
4.859000,1,1,1,1,1,2025,1191,SPEGNIMENTO,0.471820
4.863000,1,1,1,1,1,2024,1191,SPEGNIMENTO,0.472487
4.867000,1,1,1,1,1,2023,1191,SPEGNIMENTO,0.473153
4.871000,1,1,1,1,1,2022,1191,SPEGNIMENTO,0.473820
4.875000,1,1,1,1,1,2021,1191,SPEGNIMENTO,0.474487
4.879000,1,1,1,1,1,2020,1191,SPEGNIMENTO,0.475153
4.883000,1,1,1,1,1,2019,1191,SPEGNIMENTO,0.475820
4.887000,1,1,1,1,1,2018,1191,SPEGNIMENTO,0.476487
4.891000,1,1,1,1,1,2017,1191,SPEGNIMENTO,0.477153
4.895000,1,1,1,1,1,2016,1191,SPEGNIMENTO,0.477820
4.899000,1,1,1,1,1,2015,1191,SPEGNIMENTO,0.478486
4.903000,1,1,1,1,1,2014,1191,SPEGNIMENTO,0.479153
4.907000,1,1,1,1,1,2013,1191,SPEGNIMENTO,0.479820
4.911000,1,1,1,1,1,2012,1191,SPEGNIMENTO,0.480486
4.915000,1,1,1,1,1,2011,1191,SPEGNIMENTO,0.481153
4.919000,1,1,1,1,1,2010,1191,SPEGNIMENTO,0.481819
4.923000,1,1,1,1,1,2009,1191,SPEGNIMENTO,0.482486
4.927000,1,1,1,1,1,2008,1191,SPEGNIMENTO,0.483153
4.931000,1,1,1,1,1,2007,1191,SPEGNIMENTO,0.483819
4.935000,1,1,1,1,1,2006,1191,SPEGNIMENTO,0.484486
4.939000,1,1,1,1,1,2005,1191,SPEGNIMENTO,0.485153
4.943000,1,1,1,1,1,2004,1191,SPEGNIMENTO,0.485819
4.947000,1,1,1,1,1,2003,1191,SPEGNIMENTO,0.486486
4.951000,1,1,1,1,1,2002,1191,SPEGNIMENTO,0.487152
4.955000,1,1,1,1,1,2001,1191,SPEGNIMENTO,0.487819
4.959000,1,1,1,1,1,2000,1191,SPEGNIMENTO,0.488486
4.963000,1,1,1,1,1,1999,1191,SPEGNIMENTO,0.489152
4.967000,1,1,1,1,1,1998,1191,SPEGNIMENTO,0.489819
4.971000,1,1,1,1,1,1997,1191,SPEGNIMENTO,0.490485
4.975000,1,1,1,1,1,1996,1191,SPEGNIMENTO,0.491152
4.979000,1,1,1,1,1,1995,1191,SPEGNIMENTO,0.491819
4.983000,1,1,1,1,1,1994,1191,SPEGNIMENTO,0.492485
4.987000,1,1,1,1,1,1993,1191,SPEGNIMENTO,0.493152
4.991000,1,1,1,1,1,1992,1191,SPEGNIMENTO,0.493819
4.995000,1,1,1,1,1,1991,1191,SPEGNIMENTO,0.494485
4.999000,1,1,1,1,1,1990,1191,SPEGNIMENTO,0.495152
5.003000,1,1,1,1,1,1989,1191,SPEGNIMENTO,0.495818
5.007000,1,1,1,1,1,1988,1191,SPEGNIMENTO,0.496485
5.011000,1,1,1,1,1,1987,1191,SPEGNIMENTO,0.497152
5.015000,1,1,1,1,1,1986,1191,SPEGNIMENTO,0.497818
5.019000,1,1,1,1,1,1985,1191,SPEGNIMENTO,0.498485
5.023000,1,1,1,1,1,1984,1191,SPEGNIMENTO,0.499152
5.027000,1,1,1,1,1,1983,1191,SPEGNIMENTO,0.499818
5.030000,1,1,1,1,1,1983,1192,SPEGNIMENTO,0.500318
5.031000,1,1,1,1,1,1982,1193,SPEGNIMENTO,0.500485
5.033000,1,1,1,1,1,1982,1194,SPEGNIMENTO,0.500818
5.034000,1,1,1,1,1,1982,1195,SPEGNIMENTO,0.500985
5.035000,1,1,1,1,1,1981,1195,SPEGNIMENTO,0.501151
5.036000,1,1,1,1,1,1981,1196,SPEGNIMENTO,0.501318
5.037000,1,1,1,1,1,1981,1197,SPEGNIMENTO,0.501485
5.039000,1,1,1,1,1,1980,1198,SPEGNIMENTO,0.501818
5.040000,1,1,1,1,1,1980,1199,SPEGNIMENTO,0.501985
5.042000,1,1,1,1,1,1980,1200,SPEGNIMENTO,0.502318
5.043000,1,1,1,1,1,1979,1201,SPEGNIMENTO,0.502485
5.045000,1,1,1,1,1,1979,1202,SPEGNIMENTO,0.502818
5.046000,1,1,1,1,1,1979,1203,SPEGNIMENTO,0.502985
5.047000,1,1,1,1,1,1978,1203,SPEGNIMENTO,0.503151
5.048000,1,1,1,1,1,1978,1204,SPEGNIMENTO,0.503318
5.049000,1,1,1,1,1,1978,1205,SPEGNIMENTO,0.503485
5.051000,1,1,1,1,1,1977,1206,SPEGNIMENTO,0.503818
5.052000,1,1,1,1,1,1977,1207,SPEGNIMENTO,0.503985
5.054000,1,1,1,1,1,1977,1208,SPEGNIMENTO,0.504318
5.055000,1,1,1,1,1,1976,1209,SPEGNIMENTO,0.504484
5.057000,1,1,1,1,1,1976,1210,SPEGNIMENTO,0.504818
5.058000,1,1,1,1,1,1976,1211,SPEGNIMENTO,0.504984
5.059000,1,1,1,1,1,1975,1211,SPEGNIMENTO,0.505151
5.060000,1,1,1,1,1,1975,1212,SPEGNIMENTO,0.505318
5.061000,1,1,1,1,1,1975,1213,SPEGNIMENTO,0.505484
5.063000,1,1,1,1,1,1974,1214,SPEGNIMENTO,0.505818
5.064000,1,1,1,1,1,1974,1215,SPEGNIMENTO,0.505984
5.066000,1,1,1,1,1,1974,1216,SPEGNIMENTO,0.506318
5.067000,1,1,1,1,1,1973,1216,SPEGNIMENTO,0.506484
5.068000,1,1,1,1,1,1973,1217,SPEGNIMENTO,0.506651
5.069000,1,1,1,1,1,1973,1218,SPEGNIMENTO,0.506818
5.071000,1,1,1,1,1,1972,1219,SPEGNIMENTO,0.507151
5.072000,1,1,1,1,1,1972,1220,SPEGNIMENTO,0.507318
5.074000,1,1,1,1,1,1972,1221,SPEGNIMENTO,0.507651
5.075000,1,1,1,1,1,1971,1222,SPEGNIMENTO,0.507818
5.077000,1,1,1,1,1,1971,1223,SPEGNIMENTO,0.508151
5.078000,1,1,1,1,1,1971,1224,SPEGNIMENTO,0.508318
5.079000,1,1,1,1,1,1970,1224,SPEGNIMENTO,0.508484
5.080000,1,1,1,1,1,1970,1225,SPEGNIMENTO,0.508651
5.081000,1,1,1,1,1,1970,1226,SPEGNIMENTO,0.508817
5.083000,1,1,1,1,1,1969,1227,SPEGNIMENTO,0.509151
5.084000,1,1,1,1,1,1969,1228,SPEGNIMENTO,0.509317
5.086000,1,1,1,1,1,1969,1229,SPEGNIMENTO,0.509651
5.087000,1,1,1,1,1,1968,1230,SPEGNIMENTO,0.509817
5.089000,1,1,1,1,1,1968,1231,SPEGNIMENTO,0.510151
5.090000,1,1,1,1,1,1968,1232,SPEGNIMENTO,0.510317
5.091000,1,1,1,1,1,1967,1232,SPEGNIMENTO,0.510484
5.092000,1,1,1,1,1,1967,1233,SPEGNIMENTO,0.510651
5.093000,1,1,1,1,1,1967,1234,SPEGNIMENTO,0.510817
5.095000,1,1,1,1,1,1966,1235,SPEGNIMENTO,0.511151
5.096000,1,1,1,1,1,1966,1236,SPEGNIMENTO,0.511317
5.098000,1,1,1,1,1,1966,1237,SPEGNIMENTO,0.511651
5.099000,1,1,1,1,1,1965,1238,SPEGNIMENTO,0.511817
5.101000,1,1,1,1,1,1965,1239,SPEGNIMENTO,0.512151
5.102000,1,1,1,1,1,1965,1240,SPEGNIMENTO,0.512317
5.103000,1,1,1,1,1,1964,1240,SPEGNIMENTO,0.512484
5.104000,1,1,1,1,1,1964,1241,SPEGNIMENTO,0.512651
5.105000,1,1,1,1,1,1964,1242,SPEGNIMENTO,0.512817
5.107000,1,1,1,1,1,1963,1243,SPEGNIMENTO,0.513151
5.108000,1,1,1,1,1,1963,1244,SPEGNIMENTO,0.513317
5.110000,1,1,1,1,1,1963,1245,SPEGNIMENTO,0.513650
5.111000,1,1,1,1,1,1962,1246,SPEGNIMENTO,0.513817
5.113000,1,1,1,1,1,1962,1247,SPEGNIMENTO,0.514150
5.114000,1,1,1,1,1,1962,1248,SPEGNIMENTO,0.514317
5.115000,1,1,1,1,1,1961,1248,SPEGNIMENTO,0.514484
5.116000,1,1,1,1,1,1961,1249,SPEGNIMENTO,0.514650
5.117000,1,1,1,1,1,1961,1250,SPEGNIMENTO,0.514817
5.119000,1,1,1,1,1,1960,1251,SPEGNIMENTO,0.515150
5.120000,1,1,1,1,1,1960,1252,SPEGNIMENTO,0.515317
5.122000,1,1,1,1,1,1960,1253,SPEGNIMENTO,0.515650
5.123000,1,1,1,1,1,1959,1254,SPEGNIMENTO,0.515817
5.125000,1,1,1,1,1,1959,1255,SPEGNIMENTO,0.516150
5.126000,1,1,1,1,1,1959,1256,SPEGNIMENTO,0.516317
5.127000,1,1,1,1,1,1958,1256,SPEGNIMENTO,0.516484
5.128000,1,1,1,1,1,1958,1257,SPEGNIMENTO,0.516650
5.129000,1,1,1,1,1,1958,1258,SPEGNIMENTO,0.516817
5.131000,1,1,1,1,1,1957,1259,SPEGNIMENTO,0.517150
5.132000,1,1,1,1,1,1957,1260,SPEGNIMENTO,0.517317
5.134000,1,1,1,1,1,1957,1261,SPEGNIMENTO,0.517650
5.135000,1,1,1,1,1,1956,1262,SPEGNIMENTO,0.517817
5.137000,1,1,1,1,1,1956,1263,SPEGNIMENTO,0.518150
5.138000,1,1,1,1,1,1956,1264,SPEGNIMENTO,0.518317
5.139000,1,1,1,1,1,1955,1264,SPEGNIMENTO,0.518483
5.140000,1,1,1,1,1,1955,1265,SPEGNIMENTO,0.518650
5.141000,1,1,1,1,1,1955,1266,SPEGNIMENTO,0.518817
5.143000,1,1,1,1,1,1954,1267,SPEGNIMENTO,0.519150
5.145000,1,1,1,1,1,1954,1268,SPEGNIMENTO,0.519483
5.146000,1,1,1,1,1,1954,1269,SPEGNIMENTO,0.519650
5.147000,1,1,1,1,1,1953,1269,SPEGNIMENTO,0.519817
5.148000,1,1,1,1,1,1953,1270,SPEGNIMENTO,0.519983
5.149000,1,1,1,1,1,1953,1271,SPEGNIMENTO,0.520150
5.151000,1,1,1,1,1,1952,1272,SPEGNIMENTO,0.520483
5.152000,1,1,1,1,1,1952,1273,SPEGNIMENTO,0.520650
5.154000,1,1,1,1,1,1952,1274,SPEGNIMENTO,0.520983
5.155000,1,1,1,1,1,1951,1275,SPEGNIMENTO,0.521150
5.157000,1,1,1,1,1,1951,1276,SPEGNIMENTO,0.521483
5.158000,1,1,1,1,1,1951,1277,SPEGNIMENTO,0.521650
5.159000,1,1,1,1,1,1950,1277,SPEGNIMENTO,0.521817
5.160000,1,1,1,1,1,1950,1278,SPEGNIMENTO,0.521983
5.161000,1,1,1,1,1,1950,1279,SPEGNIMENTO,0.522150
5.163000,1,1,1,1,1,1949,1280,SPEGNIMENTO,0.522483
5.164000,1,1,1,1,1,1949,1281,SPEGNIMENTO,0.522650
5.166000,1,1,1,1,1,1949,1282,SPEGNIMENTO,0.522983
5.167000,1,1,1,1,1,1948,1283,SPEGNIMENTO,0.523150
5.169000,1,1,1,1,1,1948,1284,SPEGNIMENTO,0.523483
5.170000,1,1,1,1,1,1948,1285,SPEGNIMENTO,0.523650
5.171000,1,1,1,1,1,1947,1285,SPEGNIMENTO,0.523816
5.172000,1,1,1,1,1,1947,1286,SPEGNIMENTO,0.523983
5.173000,1,1,1,1,1,1947,1287,SPEGNIMENTO,0.524150
5.175000,1,1,1,1,1,1946,1288,SPEGNIMENTO,0.524483
5.176000,1,1,1,1,1,1946,1289,SPEGNIMENTO,0.524650
5.178000,1,1,1,1,1,1946,1290,SPEGNIMENTO,0.524983
5.179000,1,1,1,1,1,1945,1291,SPEGNIMENTO,0.525150
5.181000,1,1,1,1,1,1945,1292,SPEGNIMENTO,0.525483
5.182000,1,1,1,1,1,1945,1293,SPEGNIMENTO,0.525650
5.183000,1,1,1,1,1,1944,1293,SPEGNIMENTO,0.525816
5.184000,1,1,1,1,1,1944,1294,SPEGNIMENTO,0.525983
5.185000,1,1,1,1,1,1944,1295,SPEGNIMENTO,0.526150
5.187000,1,1,1,1,1,1943,1296,SPEGNIMENTO,0.526483
5.188000,1,1,1,1,1,1943,1297,SPEGNIMENTO,0.526650
5.190000,1,1,1,1,1,1943,1298,SPEGNIMENTO,0.526983
5.191000,1,1,1,1,1,1942,1299,SPEGNIMENTO,0.527149
5.193000,1,1,1,1,1,1942,1300,SPEGNIMENTO,0.527483
5.194000,1,1,1,1,1,1942,1301,SPEGNIMENTO,0.527649
5.195000,1,1,1,1,1,1941,1301,SPEGNIMENTO,0.527816
5.196000,1,1,1,1,1,1941,1302,SPEGNIMENTO,0.527983
5.197000,1,1,1,1,1,1941,1303,SPEGNIMENTO,0.528149
5.199000,1,1,1,1,1,1940,1304,SPEGNIMENTO,0.528483
5.200000,1,1,1,1,1,1940,1305,SPEGNIMENTO,0.528649
5.202000,1,1,1,1,1,1940,1306,SPEGNIMENTO,0.528983
5.203000,1,1,1,1,1,1939,1307,SPEGNIMENTO,0.529149
5.205000,1,1,1,1,1,1939,1308,SPEGNIMENTO,0.529483
5.206000,1,1,1,1,1,1939,1309,SPEGNIMENTO,0.529649
5.207000,1,1,1,1,1,1938,1309,SPEGNIMENTO,0.529816
5.208000,1,1,1,1,1,1938,1310,SPEGNIMENTO,0.529983
5.209000,1,1,1,1,1,1938,1311,SPEGNIMENTO,0.530149
5.211000,1,1,1,1,1,1937,1312,SPEGNIMENTO,0.530483
5.212000,1,1,1,1,1,1937,1313,SPEGNIMENTO,0.530649
5.214000,1,1,1,1,1,1937,1314,SPEGNIMENTO,0.530983
5.215000,1,1,1,1,1,1936,1315,SPEGNIMENTO,0.531149
5.217000,1,1,1,1,1,1936,1316,SPEGNIMENTO,0.531483
5.218000,1,1,1,1,1,1936,1317,SPEGNIMENTO,0.531649
5.219000,1,1,1,1,1,1935,1317,SPEGNIMENTO,0.531816
5.220000,1,1,1,1,1,1935,1318,SPEGNIMENTO,0.531982
5.222000,1,1,1,1,1,1935,1319,SPEGNIMENTO,0.532316
5.223000,1,1,1,1,1,1934,1320,SPEGNIMENTO,0.532482
5.225000,1,1,1,1,1,1934,1321,SPEGNIMENTO,0.532816
5.226000,1,1,1,1,1,1934,1322,SPEGNIMENTO,0.532982
5.227000,1,1,1,1,1,1933,1322,SPEGNIMENTO,0.533149
5.228000,1,1,1,1,1,1933,1323,SPEGNIMENTO,0.533316
5.229000,1,1,1,1,1,1933,1324,SPEGNIMENTO,0.533482
5.231000,1,1,1,1,1,1932,1325,SPEGNIMENTO,0.533816
5.232000,1,1,1,1,1,1932,1326,SPEGNIMENTO,0.533982
5.234000,1,1,1,1,1,1932,1327,SPEGNIMENTO,0.534316
5.235000,1,1,1,1,1,1931,1328,SPEGNIMENTO,0.534482
5.237000,1,1,1,1,1,1931,1329,SPEGNIMENTO,0.534816
5.238000,1,1,1,1,1,1931,1330,SPEGNIMENTO,0.534982
5.239000,1,1,1,1,1,1930,1330,SPEGNIMENTO,0.535149
5.240000,1,1,1,1,1,1930,1331,SPEGNIMENTO,0.535316
5.241000,1,1,1,1,1,1930,1332,SPEGNIMENTO,0.535482
5.243000,1,1,1,1,1,1929,1333,SPEGNIMENTO,0.535816
5.244000,1,1,1,1,1,1929,1334,SPEGNIMENTO,0.535982
5.246000,1,1,1,1,1,1929,1335,SPEGNIMENTO,0.536316
5.247000,1,1,1,1,1,1928,1336,SPEGNIMENTO,0.536482
5.249000,1,1,1,1,1,1928,1337,SPEGNIMENTO,0.536815
5.250000,1,1,1,1,1,1928,1338,SPEGNIMENTO,0.536982
5.251000,1,1,1,1,1,1927,1338,SPEGNIMENTO,0.537149
5.252000,1,1,1,1,1,1927,1339,SPEGNIMENTO,0.537315
5.253000,1,1,1,1,1,1927,1340,SPEGNIMENTO,0.537482
5.255000,1,1,1,1,1,1926,1341,SPEGNIMENTO,0.537815
5.256000,1,1,1,1,1,1926,1342,SPEGNIMENTO,0.537982
5.258000,1,1,1,1,1,1926,1343,SPEGNIMENTO,0.538315
5.259000,1,1,1,1,1,1925,1344,SPEGNIMENTO,0.538482
5.261000,1,1,1,1,1,1925,1345,SPEGNIMENTO,0.538815
5.262000,1,1,1,1,1,1925,1346,SPEGNIMENTO,0.538982
5.263000,1,1,1,1,1,1924,1346,SPEGNIMENTO,0.539149
5.264000,1,1,1,1,1,1924,1347,SPEGNIMENTO,0.539315
5.265000,1,1,1,1,1,1924,1348,SPEGNIMENTO,0.539482
5.267000,1,1,1,1,1,1923,1349,SPEGNIMENTO,0.539815
5.268000,1,1,1,1,1,1923,1350,SPEGNIMENTO,0.539982
5.270000,1,1,1,1,1,1923,1351,SPEGNIMENTO,0.540315
5.271000,1,1,1,1,1,1922,1352,SPEGNIMENTO,0.540482
5.273000,1,1,1,1,1,1922,1353,SPEGNIMENTO,0.540815
5.274000,1,1,1,1,1,1922,1354,SPEGNIMENTO,0.540982
5.275000,1,1,1,1,1,1921,1354,SPEGNIMENTO,0.541148
5.276000,1,1,1,1,1,1921,1355,SPEGNIMENTO,0.541315
5.277000,1,1,1,1,1,1921,1356,SPEGNIMENTO,0.541482
5.279000,1,1,1,1,1,1920,1357,SPEGNIMENTO,0.541815
5.280000,1,1,1,1,1,1920,1358,SPEGNIMENTO,0.541982
5.282000,1,1,1,1,1,1920,1359,SPEGNIMENTO,0.542315
5.283000,1,1,1,1,1,1919,1360,SPEGNIMENTO,0.542482
5.285000,1,1,1,1,1,1919,1361,SPEGNIMENTO,0.542815
5.286000,1,1,1,1,1,1919,1362,SPEGNIMENTO,0.542982
5.287000,1,1,1,1,1,1918,1362,SPEGNIMENTO,0.543148
5.288000,1,1,1,1,1,1918,1363,SPEGNIMENTO,0.543315
5.289000,1,1,1,1,1,1918,1364,SPEGNIMENTO,0.543482
5.291000,1,1,1,1,1,1917,1365,SPEGNIMENTO,0.543815
5.292000,1,1,1,1,1,1917,1366,SPEGNIMENTO,0.543982
5.294000,1,1,1,1,1,1917,1367,SPEGNIMENTO,0.544315
5.295000,1,1,1,1,1,1916,1367,SPEGNIMENTO,0.544482
5.296000,1,1,1,1,1,1916,1368,SPEGNIMENTO,0.544648
5.297000,1,1,1,1,1,1916,1369,SPEGNIMENTO,0.544815
5.299000,1,1,1,1,1,1915,1370,SPEGNIMENTO,0.545148
5.300000,1,1,1,1,1,1915,1371,SPEGNIMENTO,0.545315
5.302000,1,1,1,1,1,1915,1372,SPEGNIMENTO,0.545648
5.303000,1,1,1,1,1,1914,1373,SPEGNIMENTO,0.545815
5.305000,1,1,1,1,1,1914,1374,SPEGNIMENTO,0.546148
5.306000,1,1,1,1,1,1914,1375,SPEGNIMENTO,0.546315
5.307000,1,1,1,1,1,1913,1375,SPEGNIMENTO,0.546481
5.308000,1,1,1,1,1,1913,1376,SPEGNIMENTO,0.546648
5.309000,1,1,1,1,1,1913,1377,SPEGNIMENTO,0.546815
5.311000,1,1,1,1,1,1912,1378,SPEGNIMENTO,0.547148
5.312000,1,1,1,1,1,1912,1379,SPEGNIMENTO,0.547315
5.314000,1,1,1,1,1,1912,1380,SPEGNIMENTO,0.547648
5.315000,1,1,1,1,1,1911,1381,SPEGNIMENTO,0.547815
5.317000,1,1,1,1,1,1911,1382,SPEGNIMENTO,0.548148
5.318000,1,1,1,1,1,1911,1383,SPEGNIMENTO,0.548315
5.319000,1,1,1,1,1,1910,1383,SPEGNIMENTO,0.548481
5.320000,1,1,1,1,1,1910,1384,SPEGNIMENTO,0.548648
5.321000,1,1,1,1,1,1910,1385,SPEGNIMENTO,0.548815
5.323000,1,1,1,1,1,1909,1386,SPEGNIMENTO,0.549148
5.324000,1,1,1,1,1,1909,1387,SPEGNIMENTO,0.549315
5.326000,1,1,1,1,1,1909,1388,SPEGNIMENTO,0.549648
5.327000,1,1,1,1,1,1908,1389,SPEGNIMENTO,0.549815
5.329000,1,1,1,1,1,1908,1390,SPEGNIMENTO,0.550148
5.330000,1,1,1,1,1,1908,1391,SPEGNIMENTO,0.550314
5.331000,1,1,1,1,1,1907,1391,SPEGNIMENTO,0.550481
5.332000,1,1,1,1,1,1907,1392,SPEGNIMENTO,0.550648
5.333000,1,1,1,1,1,1907,1393,SPEGNIMENTO,0.550814
5.335000,1,1,1,1,1,1906,1394,SPEGNIMENTO,0.551148
5.336000,1,1,1,1,1,1906,1395,SPEGNIMENTO,0.551314
5.338000,1,1,1,1,1,1906,1396,SPEGNIMENTO,0.551648
5.339000,1,1,1,1,1,1905,1397,SPEGNIMENTO,0.551814
5.341000,1,1,1,1,1,1905,1398,SPEGNIMENTO,0.552148
5.342000,1,1,1,1,1,1905,1399,SPEGNIMENTO,0.552314
5.343000,1,1,1,1,1,1904,1399,SPEGNIMENTO,0.552481
5.344000,1,1,1,1,1,1904,1400,SPEGNIMENTO,0.552648
5.345000,1,1,1,1,1,1904,1401,SPEGNIMENTO,0.552814
5.347000,1,1,1,1,1,1903,1402,SPEGNIMENTO,0.553148
5.348000,1,1,1,1,1,1903,1403,SPEGNIMENTO,0.553314
5.350000,1,1,1,1,1,1903,1404,SPEGNIMENTO,0.553648
5.351000,1,1,1,1,1,1902,1405,SPEGNIMENTO,0.553814
5.353000,1,1,1,1,1,1902,1406,SPEGNIMENTO,0.554148
5.354000,1,1,1,1,1,1902,1407,SPEGNIMENTO,0.554314
5.355000,1,1,1,1,1,1901,1407,SPEGNIMENTO,0.554481
5.356000,1,1,1,1,1,1901,1408,SPEGNIMENTO,0.554648
5.357000,1,1,1,1,1,1901,1409,SPEGNIMENTO,0.554814
5.359000,1,1,1,1,1,1900,1410,SPEGNIMENTO,0.555147
5.360000,1,1,1,1,1,1900,1411,SPEGNIMENTO,0.555314
5.362000,1,1,1,1,1,1900,1412,SPEGNIMENTO,0.555647
5.363000,1,1,1,1,1,1899,1413,SPEGNIMENTO,0.555814
5.365000,1,1,1,1,1,1899,1414,SPEGNIMENTO,0.556147
5.366000,1,1,1,1,1,1899,1415,SPEGNIMENTO,0.556314
5.367000,1,1,1,1,1,1898,1415,SPEGNIMENTO,0.556481
5.368000,1,1,1,1,1,1898,1416,SPEGNIMENTO,0.556647
5.369000,1,1,1,1,1,1898,1417,SPEGNIMENTO,0.556814
5.371000,1,1,1,1,1,1897,1418,SPEGNIMENTO,0.557147
5.373000,1,1,1,1,1,1897,1419,SPEGNIMENTO,0.557481
5.374000,1,1,1,1,1,1897,1420,SPEGNIMENTO,0.557647
5.375000,1,1,1,1,1,1896,1420,SPEGNIMENTO,0.557814
5.376000,1,1,1,1,1,1896,1421,SPEGNIMENTO,0.557981
5.377000,1,1,1,1,1,1896,1422,SPEGNIMENTO,0.558147
5.379000,1,1,1,1,1,1895,1423,SPEGNIMENTO,0.558481
5.380000,1,1,1,1,1,1895,1424,SPEGNIMENTO,0.558647
5.382000,1,1,1,1,1,1895,1425,SPEGNIMENTO,0.558981
5.383000,1,1,1,1,1,1894,1426,SPEGNIMENTO,0.559147
5.385000,1,1,1,1,1,1894,1427,SPEGNIMENTO,0.559480
5.386000,1,1,1,1,1,1894,1428,SPEGNIMENTO,0.559647
5.387000,1,1,1,1,1,1893,1428,SPEGNIMENTO,0.559814
5.388000,1,1,1,1,1,1893,1429,SPEGNIMENTO,0.559980
5.389000,1,1,1,1,1,1893,1430,SPEGNIMENTO,0.560147
5.391000,1,1,1,1,1,1892,1431,SPEGNIMENTO,0.560480
5.392000,1,1,1,1,1,1892,1432,SPEGNIMENTO,0.560647
5.394000,1,1,1,1,1,1892,1433,SPEGNIMENTO,0.560980
5.395000,1,1,1,1,1,1891,1434,SPEGNIMENTO,0.561147
5.397000,1,1,1,1,1,1891,1435,SPEGNIMENTO,0.561480
5.398000,1,1,1,1,1,1891,1436,SPEGNIMENTO,0.561647
5.399000,1,1,1,1,1,1890,1436,SPEGNIMENTO,0.561814
5.400000,1,1,1,1,1,1890,1437,SPEGNIMENTO,0.561980
5.401000,1,1,1,1,1,1890,1438,SPEGNIMENTO,0.562147
5.403000,1,1,1,1,1,1889,1439,SPEGNIMENTO,0.562480
5.404000,1,1,1,1,1,1889,1440,SPEGNIMENTO,0.562647
5.406000,1,1,1,1,1,1889,1441,SPEGNIMENTO,0.562980
5.407000,1,1,1,1,1,1889,1442,SPEGNIMENTO,0.563147
5.408000,1,1,1,1,1,1888,1442,SPEGNIMENTO,0.563314
5.409000,1,1,1,1,1,1888,1443,SPEGNIMENTO,0.563480
5.410000,1,1,1,1,1,1888,1444,SPEGNIMENTO,0.563647
5.412000,1,1,1,1,1,1887,1445,SPEGNIMENTO,0.563980
5.413000,1,1,1,1,1,1887,1446,SPEGNIMENTO,0.564147
5.415000,1,1,1,1,1,1887,1447,SPEGNIMENTO,0.564480
5.416000,1,1,1,1,1,1886,1448,SPEGNIMENTO,0.564647
5.418000,1,1,1,1,1,1886,1449,SPEGNIMENTO,0.564980
5.419000,1,1,1,1,1,1886,1450,SPEGNIMENTO,0.565147
5.420000,1,1,1,1,1,1885,1450,SPEGNIMENTO,0.565313
5.421000,1,1,1,1,1,1885,1451,SPEGNIMENTO,0.565480
5.422000,1,1,1,1,1,1885,1452,SPEGNIMENTO,0.565647
5.424000,1,1,1,1,1,1884,1453,SPEGNIMENTO,0.565980
5.425000,1,1,1,1,1,1884,1454,SPEGNIMENTO,0.566147
5.427000,1,1,1,1,1,1884,1455,SPEGNIMENTO,0.566480
5.428000,1,1,1,1,1,1883,1456,SPEGNIMENTO,0.566647
5.430000,1,1,1,1,1,1883,1457,SPEGNIMENTO,0.566980
5.431000,1,1,1,1,1,1883,1458,SPEGNIMENTO,0.567147
5.432000,1,1,1,1,1,1882,1458,SPEGNIMENTO,0.567313
5.433000,1,1,1,1,1,1882,1459,SPEGNIMENTO,0.567480
5.434000,1,1,1,1,1,1882,1460,SPEGNIMENTO,0.567647
5.436000,1,1,1,1,1,1881,1461,SPEGNIMENTO,0.567980
5.437000,1,1,1,1,1,1881,1462,SPEGNIMENTO,0.568147
5.439000,1,1,1,1,1,1881,1463,SPEGNIMENTO,0.568480
5.440000,1,1,1,1,1,1880,1464,SPEGNIMENTO,0.568646
5.442000,1,1,1,1,1,1880,1465,SPEGNIMENTO,0.568980
5.443000,1,1,1,1,1,1880,1466,SPEGNIMENTO,0.569146
5.444000,1,1,1,1,1,1879,1466,SPEGNIMENTO,0.569313
5.445000,1,1,1,1,1,1879,1467,SPEGNIMENTO,0.569480
5.446000,1,1,1,1,1,1879,1468,SPEGNIMENTO,0.569646
5.448000,1,1,1,1,1,1878,1469,SPEGNIMENTO,0.569980
5.450000,1,1,1,1,1,1878,1470,SPEGNIMENTO,0.570313
5.451000,1,1,1,1,1,1878,1471,SPEGNIMENTO,0.570480
5.452000,1,1,1,1,1,1877,1471,SPEGNIMENTO,0.570646
5.453000,1,1,1,1,1,1877,1472,SPEGNIMENTO,0.570813
5.454000,1,1,1,1,1,1877,1473,SPEGNIMENTO,0.570980
5.456000,1,1,1,1,1,1876,1474,SPEGNIMENTO,0.571313
5.457000,1,1,1,1,1,1876,1475,SPEGNIMENTO,0.571480
5.459000,1,1,1,1,1,1876,1476,SPEGNIMENTO,0.571813
5.460000,1,1,1,1,1,1875,1477,SPEGNIMENTO,0.571980
5.462000,1,1,1,1,1,1875,1478,SPEGNIMENTO,0.572313
5.463000,1,1,1,1,1,1875,1479,SPEGNIMENTO,0.572480
5.464000,1,1,1,1,1,1874,1479,SPEGNIMENTO,0.572646
5.465000,1,1,1,1,1,1874,1480,SPEGNIMENTO,0.572813
5.466000,1,1,1,1,1,1874,1481,SPEGNIMENTO,0.572980
5.468000,1,1,1,1,1,1873,1482,SPEGNIMENTO,0.573313
5.469000,1,1,1,1,1,1873,1483,SPEGNIMENTO,0.573479
5.471000,1,1,1,1,1,1873,1484,SPEGNIMENTO,0.573813
5.472000,1,1,1,1,1,1872,1485,SPEGNIMENTO,0.573979
5.474000,1,1,1,1,1,1872,1486,SPEGNIMENTO,0.574313
5.475000,1,1,1,1,1,1872,1487,SPEGNIMENTO,0.574479
5.476000,1,1,1,1,1,1871,1487,SPEGNIMENTO,0.574646
5.477000,1,1,1,1,1,1871,1488,SPEGNIMENTO,0.574813
5.478000,1,1,1,1,1,1871,1489,SPEGNIMENTO,0.574979
5.480000,1,1,1,1,1,1870,1490,SPEGNIMENTO,0.575313
5.481000,1,1,1,1,1,1870,1491,SPEGNIMENTO,0.575479
5.483000,1,1,1,1,1,1870,1492,SPEGNIMENTO,0.575813
5.484000,1,1,1,1,1,1869,1493,SPEGNIMENTO,0.575979
5.486000,1,1,1,1,1,1869,1494,SPEGNIMENTO,0.576313
5.487000,1,1,1,1,1,1869,1495,SPEGNIMENTO,0.576479
5.488000,1,1,1,1,1,1868,1495,SPEGNIMENTO,0.576646
5.489000,1,1,1,1,1,1868,1496,SPEGNIMENTO,0.576813
5.490000,1,1,1,1,1,1868,1497,SPEGNIMENTO,0.576979
5.492000,1,1,1,1,1,1867,1498,SPEGNIMENTO,0.577313
5.493000,1,1,1,1,1,1867,1499,SPEGNIMENTO,0.577479
5.495000,1,1,1,1,1,1867,1500,SPEGNIMENTO,0.577812
5.496000,1,1,1,1,1,1866,1501,SPEGNIMENTO,0.577979
5.498000,1,1,1,1,1,1866,1502,SPEGNIMENTO,0.578312
5.499000,1,1,1,1,1,1866,1503,SPEGNIMENTO,0.578479
5.500000,1,1,1,1,1,1865,1503,SPEGNIMENTO,0.578646
5.501000,1,1,1,1,1,1865,1504,SPEGNIMENTO,0.578812
5.502000,1,1,1,1,1,1865,1505,SPEGNIMENTO,0.578979
5.504000,1,1,1,1,1,1864,1506,SPEGNIMENTO,0.579312
5.505000,1,1,1,1,1,1864,1507,SPEGNIMENTO,0.579479
5.507000,1,1,1,1,1,1864,1508,SPEGNIMENTO,0.579812
5.508000,1,1,1,1,1,1863,1509,SPEGNIMENTO,0.579979
5.510000,1,1,1,1,1,1863,1510,SPEGNIMENTO,0.580312
5.511000,1,1,1,1,1,1863,1511,SPEGNIMENTO,0.580479
5.512000,1,1,1,1,1,1862,1511,SPEGNIMENTO,0.580646
5.513000,1,1,1,1,1,1862,1512,SPEGNIMENTO,0.580812
5.514000,1,1,1,1,1,1862,1513,SPEGNIMENTO,0.580979
5.516000,1,1,1,1,1,1861,1514,SPEGNIMENTO,0.581312
5.517000,1,1,1,1,1,1861,1515,SPEGNIMENTO,0.581479
5.519000,1,1,1,1,1,1861,1516,SPEGNIMENTO,0.581812
5.520000,1,1,1,1,1,1860,1517,SPEGNIMENTO,0.581979
5.522000,1,1,1,1,1,1860,1518,SPEGNIMENTO,0.582312
5.524000,1,1,1,1,1,1859,1519,SPEGNIMENTO,0.582645
5.525000,1,1,1,1,1,1859,1520,SPEGNIMENTO,0.582812
5.527000,1,1,1,1,1,1859,1521,SPEGNIMENTO,0.583145
5.528000,1,1,1,1,1,1858,1522,SPEGNIMENTO,0.583312
5.530000,1,1,1,1,1,1858,1523,SPEGNIMENTO,0.583645
5.531000,1,1,1,1,1,1858,1524,SPEGNIMENTO,0.583812
5.532000,1,1,1,1,1,1857,1524,SPEGNIMENTO,0.583979
5.533000,1,1,1,1,1,1857,1525,SPEGNIMENTO,0.584145
5.534000,1,1,1,1,1,1857,1526,SPEGNIMENTO,0.584312
5.536000,1,1,1,1,1,1856,1527,SPEGNIMENTO,0.584645
5.537000,1,1,1,1,1,1856,1528,SPEGNIMENTO,0.584812
5.539000,1,1,1,1,1,1856,1529,SPEGNIMENTO,0.585145
5.540000,1,1,1,1,1,1855,1530,SPEGNIMENTO,0.585312
5.542000,1,1,1,1,1,1855,1531,SPEGNIMENTO,0.585645
5.543000,1,1,1,1,1,1855,1532,SPEGNIMENTO,0.585812
5.544000,1,1,1,1,1,1854,1532,SPEGNIMENTO,0.585979
5.545000,1,1,1,1,1,1854,1533,SPEGNIMENTO,0.586145
5.546000,1,1,1,1,1,1854,1534,SPEGNIMENTO,0.586312
5.548000,1,1,1,1,1,1853,1535,SPEGNIMENTO,0.586645
5.549000,1,1,1,1,1,1853,1536,SPEGNIMENTO,0.586812
5.551000,1,1,1,1,1,1853,1537,SPEGNIMENTO,0.587145
5.552000,1,1,1,1,1,1852,1538,SPEGNIMENTO,0.587312
5.554000,1,1,1,1,1,1852,1539,SPEGNIMENTO,0.587645
5.555000,1,1,1,1,1,1852,1540,SPEGNIMENTO,0.587812
5.556000,1,1,1,1,1,1851,1540,SPEGNIMENTO,0.587978
5.557000,1,1,1,1,1,1851,1541,SPEGNIMENTO,0.588145
5.558000,1,1,1,1,1,1851,1542,SPEGNIMENTO,0.588312
5.560000,1,1,1,1,1,1850,1543,SPEGNIMENTO,0.588645
5.561000,1,1,1,1,1,1850,1544,SPEGNIMENTO,0.588812
5.563000,1,1,1,1,1,1850,1545,SPEGNIMENTO,0.589145
5.564000,1,1,1,1,1,1849,1546,SPEGNIMENTO,0.589312
5.566000,1,1,1,1,1,1849,1547,SPEGNIMENTO,0.589645
5.567000,1,1,1,1,1,1849,1548,SPEGNIMENTO,0.589812
5.568000,1,1,1,1,1,1848,1548,SPEGNIMENTO,0.589978
5.569000,1,1,1,1,1,1848,1549,SPEGNIMENTO,0.590145
5.570000,1,1,1,1,1,1848,1550,SPEGNIMENTO,0.590312
5.572000,1,1,1,1,1,1847,1551,SPEGNIMENTO,0.590645
5.573000,1,1,1,1,1,1847,1552,SPEGNIMENTO,0.590812
5.575000,1,1,1,1,1,1847,1553,SPEGNIMENTO,0.591145
5.576000,1,1,1,1,1,1846,1554,SPEGNIMENTO,0.591312
5.578000,1,1,1,1,1,1846,1555,SPEGNIMENTO,0.591645
5.579000,1,1,1,1,1,1846,1556,SPEGNIMENTO,0.591811
5.580000,1,1,1,1,1,1845,1556,SPEGNIMENTO,0.591978
5.581000,1,1,1,1,1,1845,1557,SPEGNIMENTO,0.592145
5.582000,1,1,1,1,1,1845,1558,SPEGNIMENTO,0.592311
5.584000,1,1,1,1,1,1844,1559,SPEGNIMENTO,0.592645
5.585000,1,1,1,1,1,1844,1560,SPEGNIMENTO,0.592811
5.587000,1,1,1,1,1,1844,1561,SPEGNIMENTO,0.593145
5.588000,1,1,1,1,1,1843,1562,SPEGNIMENTO,0.593311
5.590000,1,1,1,1,1,1843,1563,SPEGNIMENTO,0.593645
5.591000,1,1,1,1,1,1843,1564,SPEGNIMENTO,0.593811
5.592000,1,1,1,1,1,1842,1564,SPEGNIMENTO,0.593978
5.593000,1,1,1,1,1,1842,1565,SPEGNIMENTO,0.594145
5.594000,1,1,1,1,1,1842,1566,SPEGNIMENTO,0.594311
5.596000,1,1,1,1,1,1841,1567,SPEGNIMENTO,0.594645
5.597000,1,1,1,1,1,1841,1568,SPEGNIMENTO,0.594811
5.599000,1,1,1,1,1,1841,1569,SPEGNIMENTO,0.595145
5.600000,1,1,1,1,1,1840,1569,SPEGNIMENTO,0.595311
5.601000,1,1,1,1,1,1840,1570,SPEGNIMENTO,0.595478
5.602000,1,1,1,1,1,1840,1571,SPEGNIMENTO,0.595645
5.604000,1,1,1,1,1,1839,1572,SPEGNIMENTO,0.595978
5.605000,1,1,1,1,1,1839,1573,SPEGNIMENTO,0.596144
5.607000,1,1,1,1,1,1839,1574,SPEGNIMENTO,0.596478
5.608000,1,1,1,1,1,1838,1575,SPEGNIMENTO,0.596644
5.610000,1,1,1,1,1,1838,1576,SPEGNIMENTO,0.596978
5.611000,1,1,1,1,1,1838,1577,SPEGNIMENTO,0.597144
5.612000,1,1,1,1,1,1837,1577,SPEGNIMENTO,0.597311
5.613000,1,1,1,1,1,1837,1578,SPEGNIMENTO,0.597478
5.614000,1,1,1,1,1,1837,1579,SPEGNIMENTO,0.597644
5.616000,1,1,1,1,1,1836,1580,SPEGNIMENTO,0.597978
5.617000,1,1,1,1,1,1836,1581,SPEGNIMENTO,0.598144
5.619000,1,1,1,1,1,1836,1582,SPEGNIMENTO,0.598478
5.620000,1,1,1,1,1,1835,1583,SPEGNIMENTO,0.598644
5.622000,1,1,1,1,1,1835,1584,SPEGNIMENTO,0.598978
5.623000,1,1,1,1,1,1835,1585,SPEGNIMENTO,0.599144
5.624000,1,1,1,1,1,1834,1585,SPEGNIMENTO,0.599311
5.625000,1,1,1,1,1,1834,1586,SPEGNIMENTO,0.599478
5.626000,1,1,1,1,1,1834,1587,SPEGNIMENTO,0.599644
5.628000,1,1,1,1,1,1833,1588,SPEGNIMENTO,0.599978
5.629000,1,1,1,1,1,1833,1589,SPEGNIMENTO,0.600144
5.631000,1,1,1,1,1,1833,1590,SPEGNIMENTO,0.600478
5.632000,1,1,1,1,1,1832,1591,SPEGNIMENTO,0.600644
5.634000,1,1,1,1,1,1832,1592,SPEGNIMENTO,0.600977
5.635000,1,1,1,1,1,1832,1593,SPEGNIMENTO,0.601144
5.636000,1,1,1,1,1,1831,1593,SPEGNIMENTO,0.601311
5.637000,1,1,1,1,1,1831,1594,SPEGNIMENTO,0.601477
5.638000,1,1,1,1,1,1831,1595,SPEGNIMENTO,0.601644
5.640000,1,1,1,1,1,1830,1596,SPEGNIMENTO,0.601977
5.641000,1,1,1,1,1,1830,1597,SPEGNIMENTO,0.602144
5.643000,1,1,1,1,1,1830,1598,SPEGNIMENTO,0.602477
5.644000,1,1,1,1,1,1829,1599,SPEGNIMENTO,0.602644
5.646000,1,1,1,1,1,1829,1600,SPEGNIMENTO,0.602977
5.647000,1,1,1,1,1,1829,1601,SPEGNIMENTO,0.603144
5.648000,1,1,1,1,1,1828,1601,SPEGNIMENTO,0.603311
5.649000,1,1,1,1,1,1828,1602,SPEGNIMENTO,0.603477
5.650000,1,1,1,1,1,1828,1603,SPEGNIMENTO,0.603644
5.652000,1,1,1,1,1,1827,1604,SPEGNIMENTO,0.603977
5.653000,1,1,1,1,1,1827,1605,SPEGNIMENTO,0.604144
5.655000,1,1,1,1,1,1827,1606,SPEGNIMENTO,0.604477
5.656000,1,1,1,1,1,1826,1607,SPEGNIMENTO,0.604644
5.658000,1,1,1,1,1,1826,1608,SPEGNIMENTO,0.604977
5.659000,1,1,1,1,1,1826,1609,SPEGNIMENTO,0.605144
5.660000,1,1,1,1,1,1825,1609,SPEGNIMENTO,0.605310
5.661000,1,1,1,1,1,1825,1610,SPEGNIMENTO,0.605477
5.662000,1,1,1,1,1,1825,1611,SPEGNIMENTO,0.605644
5.664000,1,1,1,1,1,1824,1612,SPEGNIMENTO,0.605977
5.665000,1,1,1,1,1,1824,1613,SPEGNIMENTO,0.606144
5.667000,1,1,1,1,1,1824,1614,SPEGNIMENTO,0.606477
5.668000,1,1,1,1,1,1823,1615,SPEGNIMENTO,0.606644
5.670000,1,1,1,1,1,1823,1616,SPEGNIMENTO,0.606977
5.671000,1,1,1,1,1,1823,1617,SPEGNIMENTO,0.607144
5.672000,1,1,1,1,1,1822,1617,SPEGNIMENTO,0.607310
5.673000,1,1,1,1,1,1822,1618,SPEGNIMENTO,0.607477
5.674000,1,1,1,1,1,1822,1619,SPEGNIMENTO,0.607644
5.676000,1,1,1,1,1,1821,1620,SPEGNIMENTO,0.607977
5.678000,1,1,1,1,1,1821,1621,SPEGNIMENTO,0.608310
5.679000,1,1,1,1,1,1821,1622,SPEGNIMENTO,0.608477
5.680000,1,1,1,1,1,1820,1622,SPEGNIMENTO,0.608644
5.681000,1,1,1,1,1,1820,1623,SPEGNIMENTO,0.608810
5.682000,1,1,1,1,1,1820,1624,SPEGNIMENTO,0.608977
5.684000,1,1,1,1,1,1819,1625,SPEGNIMENTO,0.609310
5.685000,1,1,1,1,1,1819,1626,SPEGNIMENTO,0.609477
5.687000,1,1,1,1,1,1819,1627,SPEGNIMENTO,0.609810
5.688000,1,1,1,1,1,1818,1628,SPEGNIMENTO,0.609977
5.690000,1,1,1,1,1,1818,1629,SPEGNIMENTO,0.610310
5.691000,1,1,1,1,1,1818,1630,SPEGNIMENTO,0.610477
5.692000,1,1,1,1,1,1817,1630,SPEGNIMENTO,0.610643
5.693000,1,1,1,1,1,1817,1631,SPEGNIMENTO,0.610810
5.694000,1,1,1,1,1,1817,1632,SPEGNIMENTO,0.610977
5.696000,1,1,1,1,1,1816,1633,SPEGNIMENTO,0.611310
5.697000,1,1,1,1,1,1816,1634,SPEGNIMENTO,0.611477
5.699000,1,1,1,1,1,1816,1635,SPEGNIMENTO,0.611810
5.700000,1,1,1,1,1,1815,1636,SPEGNIMENTO,0.611977
5.702000,1,1,1,1,1,1815,1637,SPEGNIMENTO,0.612310
5.703000,1,1,1,1,1,1815,1638,SPEGNIMENTO,0.612477
5.704000,1,1,1,1,1,1814,1638,SPEGNIMENTO,0.612643
5.705000,1,1,1,1,1,1814,1639,SPEGNIMENTO,0.612810
5.706000,1,1,1,1,1,1814,1640,SPEGNIMENTO,0.612977
5.708000,1,1,1,1,1,1813,1641,SPEGNIMENTO,0.613310
5.709000,1,1,1,1,1,1813,1642,SPEGNIMENTO,0.613477
5.711000,1,1,1,1,1,1813,1643,SPEGNIMENTO,0.613810
5.712000,1,1,1,1,1,1812,1644,SPEGNIMENTO,0.613977
5.714000,1,1,1,1,1,1812,1645,SPEGNIMENTO,0.614310
5.715000,1,1,1,1,1,1812,1646,SPEGNIMENTO,0.614477
5.716000,1,1,1,1,1,1811,1646,SPEGNIMENTO,0.614643
5.717000,1,1,1,1,1,1811,1647,SPEGNIMENTO,0.614810
5.718000,1,1,1,1,1,1811,1648,SPEGNIMENTO,0.614976
5.720000,1,1,1,1,1,1810,1649,SPEGNIMENTO,0.615310
5.721000,1,1,1,1,1,1810,1650,SPEGNIMENTO,0.615476
5.723000,1,1,1,1,1,1810,1651,SPEGNIMENTO,0.615810
5.724000,1,1,1,1,1,1809,1652,SPEGNIMENTO,0.615976
5.726000,1,1,1,1,1,1809,1653,SPEGNIMENTO,0.616310
5.727000,1,1,1,1,1,1809,1654,SPEGNIMENTO,0.616476
5.728000,1,1,1,1,1,1808,1654,SPEGNIMENTO,0.616643
5.729000,1,1,1,1,1,1808,1655,SPEGNIMENTO,0.616810
5.730000,1,1,1,1,1,1808,1656,SPEGNIMENTO,0.616976
5.732000,1,1,1,1,1,1807,1657,SPEGNIMENTO,0.617310
5.733000,1,1,1,1,1,1807,1658,SPEGNIMENTO,0.617476
5.735000,1,1,1,1,1,1807,1659,SPEGNIMENTO,0.617810
5.736000,1,1,1,1,1,1806,1660,SPEGNIMENTO,0.617976
5.738000,1,1,1,1,1,1806,1661,SPEGNIMENTO,0.618310
5.739000,1,1,1,1,1,1806,1662,SPEGNIMENTO,0.618476
5.740000,1,1,1,1,1,1805,1662,SPEGNIMENTO,0.618643
5.741000,1,1,1,1,1,1805,1663,SPEGNIMENTO,0.618810
5.742000,1,1,1,1,1,1805,1664,SPEGNIMENTO,0.618976
5.744000,1,1,1,1,1,1804,1665,SPEGNIMENTO,0.619309
5.745000,1,1,1,1,1,1804,1666,SPEGNIMENTO,0.619476
5.747000,1,1,1,1,1,1804,1667,SPEGNIMENTO,0.619809
5.748000,1,1,1,1,1,1803,1668,SPEGNIMENTO,0.619976
5.750000,1,1,1,1,1,1803,1669,SPEGNIMENTO,0.620309
5.752000,1,1,1,1,1,1802,1670,SPEGNIMENTO,0.620643
5.753000,1,1,1,1,1,1802,1671,SPEGNIMENTO,0.620809
5.755000,1,1,1,1,1,1802,1672,SPEGNIMENTO,0.621143
5.756000,1,1,1,1,1,1801,1673,SPEGNIMENTO,0.621309
5.758000,1,1,1,1,1,1801,1674,SPEGNIMENTO,0.621643
5.759000,1,1,1,1,1,1801,1675,SPEGNIMENTO,0.621809
5.760000,1,1,1,1,1,1800,1675,SPEGNIMENTO,0.621976
5.761000,1,1,1,1,1,1800,1676,SPEGNIMENTO,0.622143
5.762000,1,1,1,1,1,1800,1677,SPEGNIMENTO,0.622309
5.764000,1,1,1,1,1,1799,1678,SPEGNIMENTO,0.622643
5.765000,1,1,1,1,1,1799,1679,SPEGNIMENTO,0.622809
5.767000,1,1,1,1,1,1799,1680,SPEGNIMENTO,0.623143
5.768000,1,1,1,1,1,1798,1681,SPEGNIMENTO,0.623309
5.770000,1,1,1,1,1,1798,1682,SPEGNIMENTO,0.623643
5.771000,1,1,1,1,1,1798,1683,SPEGNIMENTO,0.623809
5.772000,1,1,1,1,1,1797,1683,SPEGNIMENTO,0.623976
5.773000,1,1,1,1,1,1797,1684,SPEGNIMENTO,0.624142
5.774000,1,1,1,1,1,1797,1685,SPEGNIMENTO,0.624309
5.776000,1,1,1,1,1,1796,1686,SPEGNIMENTO,0.624642
5.777000,1,1,1,1,1,1796,1687,SPEGNIMENTO,0.624809
5.779000,1,1,1,1,1,1796,1688,SPEGNIMENTO,0.625142
5.780000,1,1,1,1,1,1795,1689,SPEGNIMENTO,0.625309
5.782000,1,1,1,1,1,1795,1690,SPEGNIMENTO,0.625642
5.783000,1,1,1,1,1,1795,1691,SPEGNIMENTO,0.625809
5.784000,1,1,1,1,1,1794,1691,SPEGNIMENTO,0.625976
5.785000,1,1,1,1,1,1794,1692,SPEGNIMENTO,0.626142
5.786000,1,1,1,1,1,1794,1693,SPEGNIMENTO,0.626309
5.788000,1,1,1,1,1,1793,1694,SPEGNIMENTO,0.626642
5.789000,1,1,1,1,1,1793,1695,SPEGNIMENTO,0.626809
5.791000,1,1,1,1,1,1793,1696,SPEGNIMENTO,0.627142
5.792000,1,1,1,1,1,1792,1697,SPEGNIMENTO,0.627309
5.794000,1,1,1,1,1,1792,1698,SPEGNIMENTO,0.627642
5.795000,1,1,1,1,1,1792,1699,SPEGNIMENTO,0.627809
5.796000,1,1,1,1,1,1791,1699,SPEGNIMENTO,0.627976
5.797000,1,1,1,1,1,1791,1700,SPEGNIMENTO,0.628142
5.798000,1,1,1,1,1,1791,1701,SPEGNIMENTO,0.628309
5.800000,1,1,1,1,1,1790,1702,SPEGNIMENTO,0.628642
5.801000,1,1,1,1,1,1790,1703,SPEGNIMENTO,0.628809
5.803000,1,1,1,1,1,1790,1704,SPEGNIMENTO,0.629142
5.804000,1,1,1,1,1,1789,1705,SPEGNIMENTO,0.629309
5.806000,1,1,1,1,1,1789,1706,SPEGNIMENTO,0.629642
5.807000,1,1,1,1,1,1789,1707,SPEGNIMENTO,0.629809
5.808000,1,1,1,1,1,1788,1707,SPEGNIMENTO,0.629975
5.809000,1,1,1,1,1,1788,1708,SPEGNIMENTO,0.630142
5.810000,1,1,1,1,1,1788,1709,SPEGNIMENTO,0.630309
5.812000,1,1,1,1,1,1787,1710,SPEGNIMENTO,0.630642
5.813000,1,1,1,1,1,1787,1711,SPEGNIMENTO,0.630809
5.815000,1,1,1,1,1,1787,1712,SPEGNIMENTO,0.631142
5.816000,1,1,1,1,1,1786,1713,SPEGNIMENTO,0.631309
5.818000,1,1,1,1,1,1786,1714,SPEGNIMENTO,0.631642
5.819000,1,1,1,1,1,1786,1715,SPEGNIMENTO,0.631809
5.820000,1,1,1,1,1,1785,1715,SPEGNIMENTO,0.631975
5.821000,1,1,1,1,1,1785,1716,SPEGNIMENTO,0.632142
5.822000,1,1,1,1,1,1785,1717,SPEGNIMENTO,0.632309
5.824000,1,1,1,1,1,1784,1718,SPEGNIMENTO,0.632642
5.825000,1,1,1,1,1,1784,1719,SPEGNIMENTO,0.632809
5.827000,1,1,1,1,1,1784,1720,SPEGNIMENTO,0.633142
5.828000,1,1,1,1,1,1783,1720,SPEGNIMENTO,0.633308
5.829000,1,1,1,1,1,1783,1721,SPEGNIMENTO,0.633475
5.830000,1,1,1,1,1,1783,1722,SPEGNIMENTO,0.633642
5.832000,1,1,1,1,1,1782,1723,SPEGNIMENTO,0.633975
5.833000,1,1,1,1,1,1782,1724,SPEGNIMENTO,0.634142
5.835000,1,1,1,1,1,1782,1725,SPEGNIMENTO,0.634475
5.836000,1,1,1,1,1,1781,1726,SPEGNIMENTO,0.634642
5.838000,1,1,1,1,1,1781,1727,SPEGNIMENTO,0.634975
5.839000,1,1,1,1,1,1781,1728,SPEGNIMENTO,0.635142
5.840000,1,1,1,1,1,1780,1728,SPEGNIMENTO,0.635308
5.841000,1,1,1,1,1,1780,1729,SPEGNIMENTO,0.635475
5.842000,1,1,1,1,1,1780,1730,SPEGNIMENTO,0.635642
5.844000,1,1,1,1,1,1779,1731,SPEGNIMENTO,0.635975
5.845000,1,1,1,1,1,1779,1732,SPEGNIMENTO,0.636142
5.847000,1,1,1,1,1,1779,1733,SPEGNIMENTO,0.636475
5.848000,1,1,1,1,1,1778,1734,SPEGNIMENTO,0.636642
5.850000,1,1,1,1,1,1778,1735,SPEGNIMENTO,0.636975
5.851000,1,1,1,1,1,1778,1736,SPEGNIMENTO,0.637142
5.852000,1,1,1,1,1,1777,1736,SPEGNIMENTO,0.637308
5.853000,1,1,1,1,1,1777,1737,SPEGNIMENTO,0.637475
5.854000,1,1,1,1,1,1777,1738,SPEGNIMENTO,0.637641
5.856000,1,1,1,1,1,1776,1739,SPEGNIMENTO,0.637975
5.857000,1,1,1,1,1,1776,1740,SPEGNIMENTO,0.638141
5.859000,1,1,1,1,1,1776,1741,SPEGNIMENTO,0.638475
5.860000,1,1,1,1,1,1775,1742,SPEGNIMENTO,0.638641
5.862000,1,1,1,1,1,1775,1743,SPEGNIMENTO,0.638975
5.863000,1,1,1,1,1,1775,1744,SPEGNIMENTO,0.639141
5.864000,1,1,1,1,1,1774,1744,SPEGNIMENTO,0.639308
5.865000,1,1,1,1,1,1774,1745,SPEGNIMENTO,0.639475
5.866000,1,1,1,1,1,1774,1746,SPEGNIMENTO,0.639641
5.868000,1,1,1,1,1,1773,1747,SPEGNIMENTO,0.639975
5.869000,1,1,1,1,1,1773,1748,SPEGNIMENTO,0.640141
5.871000,1,1,1,1,1,1773,1749,SPEGNIMENTO,0.640475
5.872000,1,1,1,1,1,1772,1750,SPEGNIMENTO,0.640641
5.874000,1,1,1,1,1,1772,1751,SPEGNIMENTO,0.640975
5.875000,1,1,1,1,1,1772,1752,SPEGNIMENTO,0.641141
5.876000,1,1,1,1,1,1771,1752,SPEGNIMENTO,0.641308
5.877000,1,1,1,1,1,1771,1753,SPEGNIMENTO,0.641475
5.878000,1,1,1,1,1,1771,1754,SPEGNIMENTO,0.641641
5.880000,1,1,1,1,1,1770,1755,SPEGNIMENTO,0.641975
5.881000,1,1,1,1,1,1770,1756,SPEGNIMENTO,0.642141
5.883000,1,1,1,1,1,1770,1757,SPEGNIMENTO,0.642474
5.884000,1,1,1,1,1,1769,1758,SPEGNIMENTO,0.642641
5.886000,1,1,1,1,1,1769,1759,SPEGNIMENTO,0.642974
5.887000,1,1,1,1,1,1769,1760,SPEGNIMENTO,0.643141
5.888000,1,1,1,1,1,1768,1760,SPEGNIMENTO,0.643308
5.889000,1,1,1,1,1,1768,1761,SPEGNIMENTO,0.643474
5.890000,1,1,1,1,1,1768,1762,SPEGNIMENTO,0.643641
5.892000,1,1,1,1,1,1767,1763,SPEGNIMENTO,0.643974
5.893000,1,1,1,1,1,1767,1764,SPEGNIMENTO,0.644141
5.895000,1,1,1,1,1,1767,1765,SPEGNIMENTO,0.644474
5.896000,1,1,1,1,1,1766,1766,SPEGNIMENTO,0.644641
5.898000,1,1,1,1,1,1766,1767,SPEGNIMENTO,0.644974
5.899000,1,1,1,1,1,1766,1768,SPEGNIMENTO,0.645141
5.900000,1,1,1,1,1,1765,1768,SPEGNIMENTO,0.645308
5.901000,1,1,1,1,1,1765,1769,SPEGNIMENTO,0.645474
5.902000,1,1,1,1,1,1765,1770,SPEGNIMENTO,0.645641
5.904000,1,1,1,1,1,1764,1771,SPEGNIMENTO,0.645974
5.906000,1,1,1,1,1,1764,1772,SPEGNIMENTO,0.646308
5.907000,1,1,1,1,1,1764,1773,SPEGNIMENTO,0.646474
5.908000,1,1,1,1,1,1763,1773,SPEGNIMENTO,0.646641
5.909000,1,1,1,1,1,1763,1774,SPEGNIMENTO,0.646807
5.910000,1,1,1,1,1,1763,1775,SPEGNIMENTO,0.646974
5.912000,1,1,1,1,1,1762,1776,SPEGNIMENTO,0.647307
5.913000,1,1,1,1,1,1762,1777,SPEGNIMENTO,0.647474
5.915000,1,1,1,1,1,1762,1778,SPEGNIMENTO,0.647807
5.916000,1,1,1,1,1,1761,1779,SPEGNIMENTO,0.647974
5.918000,1,1,1,1,1,1761,1780,SPEGNIMENTO,0.648307
5.919000,1,1,1,1,1,1761,1781,SPEGNIMENTO,0.648474
5.920000,1,1,1,1,1,1760,1781,SPEGNIMENTO,0.648641
5.921000,1,1,1,1,1,1760,1782,SPEGNIMENTO,0.648807
5.922000,1,1,1,1,1,1760,1783,SPEGNIMENTO,0.648974
5.924000,1,1,1,1,1,1759,1784,SPEGNIMENTO,0.649307
5.925000,1,1,1,1,1,1759,1785,SPEGNIMENTO,0.649474
5.927000,1,1,1,1,1,1759,1786,SPEGNIMENTO,0.649807
5.928000,1,1,1,1,1,1758,1787,SPEGNIMENTO,0.649974
5.930000,1,1,1,1,1,1758,1788,SPEGNIMENTO,0.650307
5.931000,1,1,1,1,1,1758,1789,SPEGNIMENTO,0.650474
5.932000,1,1,1,1,1,1757,1789,SPEGNIMENTO,0.650641
5.933000,1,1,1,1,1,1757,1790,SPEGNIMENTO,0.650807
5.934000,1,1,1,1,1,1757,1791,SPEGNIMENTO,0.650974
5.936000,1,1,1,1,1,1756,1792,SPEGNIMENTO,0.651307
5.937000,1,1,1,1,1,1756,1793,SPEGNIMENTO,0.651474
5.939000,1,1,1,1,1,1756,1794,SPEGNIMENTO,0.651807
5.940000,1,1,1,1,1,1755,1795,SPEGNIMENTO,0.651974
5.942000,1,1,1,1,1,1755,1796,SPEGNIMENTO,0.652307
5.943000,1,1,1,1,1,1755,1797,SPEGNIMENTO,0.652474
5.944000,1,1,1,1,1,1754,1797,SPEGNIMENTO,0.652640
5.945000,1,1,1,1,1,1754,1798,SPEGNIMENTO,0.652807
5.946000,1,1,1,1,1,1754,1799,SPEGNIMENTO,0.652974
5.948000,1,1,1,1,1,1753,1800,SPEGNIMENTO,0.653307
5.949000,1,1,1,1,1,1753,1801,SPEGNIMENTO,0.653474
5.951000,1,1,1,1,1,1753,1802,SPEGNIMENTO,0.653807
5.952000,1,1,1,1,1,1752,1803,SPEGNIMENTO,0.653974
5.954000,1,1,1,1,1,1752,1804,SPEGNIMENTO,0.654307
5.955000,1,1,1,1,1,1752,1805,SPEGNIMENTO,0.654474
5.956000,1,1,1,1,1,1751,1805,SPEGNIMENTO,0.654640
5.957000,1,1,1,1,1,1751,1806,SPEGNIMENTO,0.654807
5.958000,1,1,1,1,1,1751,1807,SPEGNIMENTO,0.654974
5.960000,1,1,1,1,1,1750,1808,SPEGNIMENTO,0.655307
5.961000,1,1,1,1,1,1750,1809,SPEGNIMENTO,0.655474
5.963000,1,1,1,1,1,1750,1810,SPEGNIMENTO,0.655807
5.964000,1,1,1,1,1,1749,1811,SPEGNIMENTO,0.655973
5.966000,1,1,1,1,1,1749,1812,SPEGNIMENTO,0.656307
5.967000,1,1,1,1,1,1749,1813,SPEGNIMENTO,0.656473
5.968000,1,1,1,1,1,1748,1813,SPEGNIMENTO,0.656640
5.969000,1,1,1,1,1,1748,1814,SPEGNIMENTO,0.656807
5.970000,1,1,1,1,1,1748,1815,SPEGNIMENTO,0.656973
5.972000,1,1,1,1,1,1747,1816,SPEGNIMENTO,0.657307
5.973000,1,1,1,1,1,1747,1817,SPEGNIMENTO,0.657473
5.975000,1,1,1,1,1,1747,1818,SPEGNIMENTO,0.657807
5.976000,1,1,1,1,1,1746,1819,SPEGNIMENTO,0.657973
5.978000,1,1,1,1,1,1746,1820,SPEGNIMENTO,0.658307
5.980000,1,1,1,1,1,1745,1821,SPEGNIMENTO,0.658640
5.981000,1,1,1,1,1,1745,1822,SPEGNIMENTO,0.658807
5.983000,1,1,1,1,1,1745,1823,SPEGNIMENTO,0.659140
5.984000,1,1,1,1,1,1745,1824,SPEGNIMENTO,0.659307
5.985000,1,1,1,1,1,1744,1824,SPEGNIMENTO,0.659473
5.986000,1,1,1,1,1,1744,1825,SPEGNIMENTO,0.659640
5.987000,1,1,1,1,1,1744,1826,SPEGNIMENTO,0.659807
5.989000,1,1,1,1,1,1743,1827,SPEGNIMENTO,0.660140
5.990000,1,1,1,1,1,1743,1828,SPEGNIMENTO,0.660307
5.992000,1,1,1,1,1,1743,1829,SPEGNIMENTO,0.660640
5.993000,1,1,1,1,1,1742,1830,SPEGNIMENTO,0.660806
5.995000,1,1,1,1,1,1742,1831,SPEGNIMENTO,0.661140
5.996000,1,1,1,1,1,1742,1832,SPEGNIMENTO,0.661306
5.997000,1,1,1,1,1,1741,1832,SPEGNIMENTO,0.661473
5.998000,1,1,1,1,1,1741,1833,SPEGNIMENTO,0.661640
5.999000,1,1,1,1,1,1741,1834,SPEGNIMENTO,0.661806
6.001000,1,1,1,1,1,1740,1835,SPEGNIMENTO,0.662140
6.002000,1,1,1,1,1,1740,1836,SPEGNIMENTO,0.662306
6.004000,1,1,1,1,1,1740,1837,SPEGNIMENTO,0.662640
6.005000,1,1,1,1,1,1739,1838,SPEGNIMENTO,0.662806
6.007000,1,1,1,1,1,1739,1839,SPEGNIMENTO,0.663140
6.008000,1,1,1,1,1,1739,1840,SPEGNIMENTO,0.663306
6.009000,1,1,1,1,1,1738,1840,SPEGNIMENTO,0.663473
6.010000,1,1,1,1,1,1738,1841,SPEGNIMENTO,0.663640
6.011000,1,1,1,1,1,1738,1842,SPEGNIMENTO,0.663806
6.013000,1,1,1,1,1,1737,1843,SPEGNIMENTO,0.664140
6.014000,1,1,1,1,1,1737,1844,SPEGNIMENTO,0.664306
6.016000,1,1,1,1,1,1737,1845,SPEGNIMENTO,0.664640
6.017000,1,1,1,1,1,1736,1846,SPEGNIMENTO,0.664806
6.019000,1,1,1,1,1,1736,1847,SPEGNIMENTO,0.665139
6.020000,1,1,1,1,1,1736,1848,SPEGNIMENTO,0.665306
6.021000,1,1,1,1,1,1735,1848,SPEGNIMENTO,0.665473
6.022000,1,1,1,1,1,1735,1849,SPEGNIMENTO,0.665639
6.023000,1,1,1,1,1,1735,1850,SPEGNIMENTO,0.665806
6.025000,1,1,1,1,1,1734,1851,SPEGNIMENTO,0.666139
6.026000,1,1,1,1,1,1734,1852,SPEGNIMENTO,0.666306
6.028000,1,1,1,1,1,1734,1853,SPEGNIMENTO,0.666639
6.029000,1,1,1,1,1,1733,1854,SPEGNIMENTO,0.666806
6.031000,1,1,1,1,1,1733,1855,SPEGNIMENTO,0.667139
6.032000,1,1,1,1,1,1733,1856,SPEGNIMENTO,0.667306
6.033000,1,1,1,1,1,1732,1856,SPEGNIMENTO,0.667473
6.034000,1,1,1,1,1,1732,1857,SPEGNIMENTO,0.667639
6.035000,1,1,1,1,1,1732,1858,SPEGNIMENTO,0.667806
6.037000,1,1,1,1,1,1731,1859,SPEGNIMENTO,0.668139
6.038000,1,1,1,1,1,1731,1860,SPEGNIMENTO,0.668306
6.040000,1,1,1,1,1,1731,1861,SPEGNIMENTO,0.668639
6.041000,1,1,1,1,1,1730,1862,SPEGNIMENTO,0.668806
6.043000,1,1,1,1,1,1730,1863,SPEGNIMENTO,0.669139
6.044000,1,1,1,1,1,1730,1864,SPEGNIMENTO,0.669306
6.045000,1,1,1,1,1,1729,1864,SPEGNIMENTO,0.669473
6.046000,1,1,1,1,1,1729,1865,SPEGNIMENTO,0.669639
6.047000,1,1,1,1,1,1729,1866,SPEGNIMENTO,0.669806
6.049000,1,1,1,1,1,1728,1867,SPEGNIMENTO,0.670139
6.050000,1,1,1,1,1,1728,1868,SPEGNIMENTO,0.670306
6.052000,1,1,1,1,1,1728,1869,SPEGNIMENTO,0.670639
6.053000,1,1,1,1,1,1727,1870,SPEGNIMENTO,0.670806
6.055000,1,1,1,1,1,1727,1871,SPEGNIMENTO,0.671139
6.057000,1,1,1,1,1,1726,1872,SPEGNIMENTO,0.671472
6.058000,1,1,1,1,1,1726,1873,SPEGNIMENTO,0.671639
6.060000,1,1,1,1,1,1726,1874,SPEGNIMENTO,0.671972
6.061000,1,1,1,1,1,1725,1875,SPEGNIMENTO,0.672139
6.063000,1,1,1,1,1,1725,1876,SPEGNIMENTO,0.672472
6.064000,1,1,1,1,1,1725,1877,SPEGNIMENTO,0.672639
6.065000,1,1,1,1,1,1724,1877,SPEGNIMENTO,0.672806
6.066000,1,1,1,1,1,1724,1878,SPEGNIMENTO,0.672972
6.067000,1,1,1,1,1,1724,1879,SPEGNIMENTO,0.673139
6.069000,1,1,1,1,1,1723,1880,SPEGNIMENTO,0.673472
6.070000,1,1,1,1,1,1723,1881,SPEGNIMENTO,0.673639
6.072000,1,1,1,1,1,1723,1882,SPEGNIMENTO,0.673972
6.073000,1,1,1,1,1,1722,1883,SPEGNIMENTO,0.674139
6.075000,1,1,1,1,1,1722,1884,SPEGNIMENTO,0.674472
6.076000,1,1,1,1,1,1722,1885,SPEGNIMENTO,0.674639
6.077000,1,1,1,1,1,1721,1885,SPEGNIMENTO,0.674805
6.078000,1,1,1,1,1,1721,1886,SPEGNIMENTO,0.674972
6.079000,1,1,1,1,1,1721,1887,SPEGNIMENTO,0.675139
6.081000,1,1,1,1,1,1720,1888,SPEGNIMENTO,0.675472
6.082000,1,1,1,1,1,1720,1889,SPEGNIMENTO,0.675639
6.084000,1,1,1,1,1,1720,1890,SPEGNIMENTO,0.675972
6.085000,1,1,1,1,1,1719,1891,SPEGNIMENTO,0.676139
6.087000,1,1,1,1,1,1719,1892,SPEGNIMENTO,0.676472
6.088000,1,1,1,1,1,1719,1893,SPEGNIMENTO,0.676639
6.089000,1,1,1,1,1,1718,1893,SPEGNIMENTO,0.676805
6.090000,1,1,1,1,1,1718,1894,SPEGNIMENTO,0.676972
6.091000,1,1,1,1,1,1718,1895,SPEGNIMENTO,0.677139
6.093000,1,1,1,1,1,1717,1896,SPEGNIMENTO,0.677472
6.094000,1,1,1,1,1,1717,1897,SPEGNIMENTO,0.677639
6.096000,1,1,1,1,1,1717,1898,SPEGNIMENTO,0.677972
6.097000,1,1,1,1,1,1716,1899,SPEGNIMENTO,0.678139
6.099000,1,1,1,1,1,1716,1900,SPEGNIMENTO,0.678472
6.100000,1,1,1,1,1,1716,1901,SPEGNIMENTO,0.678639
6.101000,1,1,1,1,1,1715,1901,SPEGNIMENTO,0.678805
6.102000,1,1,1,1,1,1715,1902,SPEGNIMENTO,0.678972
6.103000,1,1,1,1,1,1715,1903,SPEGNIMENTO,0.679138
6.105000,1,1,1,1,1,1714,1904,SPEGNIMENTO,0.679472
6.106000,1,1,1,1,1,1714,1905,SPEGNIMENTO,0.679638
6.108000,1,1,1,1,1,1714,1906,SPEGNIMENTO,0.679972
6.109000,1,1,1,1,1,1713,1907,SPEGNIMENTO,0.680138
6.111000,1,1,1,1,1,1713,1908,SPEGNIMENTO,0.680472
6.112000,1,1,1,1,1,1713,1909,SPEGNIMENTO,0.680638
6.113000,1,1,1,1,1,1712,1909,SPEGNIMENTO,0.680805
6.114000,1,1,1,1,1,1712,1910,SPEGNIMENTO,0.680972
6.115000,1,1,1,1,1,1712,1911,SPEGNIMENTO,0.681138
6.117000,1,1,1,1,1,1711,1912,SPEGNIMENTO,0.681472
6.118000,1,1,1,1,1,1711,1913,SPEGNIMENTO,0.681638
6.120000,1,1,1,1,1,1711,1914,SPEGNIMENTO,0.681972
6.121000,1,1,1,1,1,1710,1915,SPEGNIMENTO,0.682138
6.123000,1,1,1,1,1,1710,1916,SPEGNIMENTO,0.682472
6.124000,1,1,1,1,1,1710,1917,SPEGNIMENTO,0.682638
6.125000,1,1,1,1,1,1709,1917,SPEGNIMENTO,0.682805
6.126000,1,1,1,1,1,1709,1918,SPEGNIMENTO,0.682972
6.127000,1,1,1,1,1,1709,1919,SPEGNIMENTO,0.683138
6.129000,1,1,1,1,1,1708,1920,SPEGNIMENTO,0.683472
6.130000,1,1,1,1,1,1708,1921,SPEGNIMENTO,0.683638
6.132000,1,1,1,1,1,1708,1922,SPEGNIMENTO,0.683971
6.133000,1,1,1,1,1,1707,1922,SPEGNIMENTO,0.684138
6.134000,1,1,1,1,1,1707,1923,SPEGNIMENTO,0.684305
6.135000,1,1,1,1,1,1707,1924,SPEGNIMENTO,0.684471
6.137000,1,1,1,1,1,1706,1925,SPEGNIMENTO,0.684805
6.138000,1,1,1,1,1,1706,1926,SPEGNIMENTO,0.684971
6.140000,1,1,1,1,1,1706,1927,SPEGNIMENTO,0.685305
6.141000,1,1,1,1,1,1705,1928,SPEGNIMENTO,0.685471
6.143000,1,1,1,1,1,1705,1929,SPEGNIMENTO,0.685805
6.144000,1,1,1,1,1,1705,1930,SPEGNIMENTO,0.685971
6.145000,1,1,1,1,1,1704,1930,SPEGNIMENTO,0.686138
6.146000,1,1,1,1,1,1704,1931,SPEGNIMENTO,0.686305
6.147000,1,1,1,1,1,1704,1932,SPEGNIMENTO,0.686471
6.149000,1,1,1,1,1,1703,1933,SPEGNIMENTO,0.686805
6.150000,1,1,1,1,1,1703,1934,SPEGNIMENTO,0.686971
6.152000,1,1,1,1,1,1703,1935,SPEGNIMENTO,0.687305
6.153000,1,1,1,1,1,1702,1936,SPEGNIMENTO,0.687471
6.155000,1,1,1,1,1,1702,1937,SPEGNIMENTO,0.687805
6.156000,1,1,1,1,1,1702,1938,SPEGNIMENTO,0.687971
6.157000,1,1,1,1,1,1701,1938,SPEGNIMENTO,0.688138
6.158000,1,1,1,1,1,1701,1939,SPEGNIMENTO,0.688304
6.159000,1,1,1,1,1,1701,1940,SPEGNIMENTO,0.688471
6.161000,1,1,1,1,1,1700,1941,SPEGNIMENTO,0.688804
6.162000,1,1,1,1,1,1700,1942,SPEGNIMENTO,0.688971
6.164000,1,1,1,1,1,1700,1943,SPEGNIMENTO,0.689304
6.165000,1,1,1,1,1,1699,1944,SPEGNIMENTO,0.689471
6.167000,1,1,1,1,1,1699,1945,SPEGNIMENTO,0.689804
6.168000,1,1,1,1,1,1699,1946,SPEGNIMENTO,0.689971
6.169000,1,1,1,1,1,1698,1946,SPEGNIMENTO,0.690138
6.170000,1,1,1,1,1,1698,1947,SPEGNIMENTO,0.690304
6.171000,1,1,1,1,1,1698,1948,SPEGNIMENTO,0.690471
6.173000,1,1,1,1,1,1697,1949,SPEGNIMENTO,0.690804
6.174000,1,1,1,1,1,1697,1950,SPEGNIMENTO,0.690971
6.176000,1,1,1,1,1,1697,1951,SPEGNIMENTO,0.691304
6.177000,1,1,1,1,1,1696,1952,SPEGNIMENTO,0.691471
6.179000,1,1,1,1,1,1696,1953,SPEGNIMENTO,0.691804
6.180000,1,1,1,1,1,1696,1954,SPEGNIMENTO,0.691971
6.181000,1,1,1,1,1,1695,1954,SPEGNIMENTO,0.692138
6.182000,1,1,1,1,1,1695,1955,SPEGNIMENTO,0.692304
6.183000,1,1,1,1,1,1695,1956,SPEGNIMENTO,0.692471
6.185000,1,1,1,1,1,1694,1957,SPEGNIMENTO,0.692804
6.186000,1,1,1,1,1,1694,1958,SPEGNIMENTO,0.692971
6.188000,1,1,1,1,1,1694,1959,SPEGNIMENTO,0.693304
6.189000,1,1,1,1,1,1693,1960,SPEGNIMENTO,0.693471
6.191000,1,1,1,1,1,1693,1961,SPEGNIMENTO,0.693804
6.192000,1,1,1,1,1,1693,1962,SPEGNIMENTO,0.693971
6.193000,1,1,1,1,1,1692,1962,SPEGNIMENTO,0.694137
6.194000,1,1,1,1,1,1692,1963,SPEGNIMENTO,0.694304
6.195000,1,1,1,1,1,1692,1964,SPEGNIMENTO,0.694471
6.197000,1,1,1,1,1,1691,1965,SPEGNIMENTO,0.694804
6.198000,1,1,1,1,1,1691,1966,SPEGNIMENTO,0.694971
6.200000,1,1,1,1,1,1691,1967,SPEGNIMENTO,0.695304
6.201000,1,1,1,1,1,1690,1968,SPEGNIMENTO,0.695471
6.203000,1,1,1,1,1,1690,1969,SPEGNIMENTO,0.695804
6.204000,1,1,1,1,1,1690,1970,SPEGNIMENTO,0.695971
6.205000,1,1,1,1,1,1689,1970,SPEGNIMENTO,0.696137
6.206000,1,1,1,1,1,1689,1971,SPEGNIMENTO,0.696304
6.207000,1,1,1,1,1,1689,1972,SPEGNIMENTO,0.696471
6.209000,1,1,1,1,1,1688,1973,SPEGNIMENTO,0.696804
6.211000,1,1,1,1,1,1688,1974,SPEGNIMENTO,0.697137
6.212000,1,1,1,1,1,1688,1975,SPEGNIMENTO,0.697304
6.213000,1,1,1,1,1,1687,1975,SPEGNIMENTO,0.697470
6.214000,1,1,1,1,1,1687,1976,SPEGNIMENTO,0.697637
6.215000,1,1,1,1,1,1687,1977,SPEGNIMENTO,0.697804
6.217000,1,1,1,1,1,1686,1978,SPEGNIMENTO,0.698137
6.218000,1,1,1,1,1,1686,1979,SPEGNIMENTO,0.698304
6.220000,1,1,1,1,1,1686,1980,SPEGNIMENTO,0.698637
6.221000,1,1,1,1,1,1685,1981,SPEGNIMENTO,0.698804
6.223000,1,1,1,1,1,1685,1982,SPEGNIMENTO,0.699137
6.224000,1,1,1,1,1,1685,1983,SPEGNIMENTO,0.699304
6.225000,1,1,1,1,1,1684,1983,SPEGNIMENTO,0.699470
6.226000,1,1,1,1,1,1684,1984,SPEGNIMENTO,0.699637
6.227000,1,1,1,1,1,1684,1985,SPEGNIMENTO,0.699804
6.229000,1,1,1,1,1,1683,1986,SPEGNIMENTO,0.700137
6.230000,1,1,1,1,1,1683,1987,SPEGNIMENTO,0.700304
6.232000,1,1,1,1,1,1683,1988,SPEGNIMENTO,0.700637
6.233000,1,1,1,1,1,1682,1989,SPEGNIMENTO,0.700804
6.235000,1,1,1,1,1,1682,1990,SPEGNIMENTO,0.701137
6.236000,1,1,1,1,1,1682,1991,SPEGNIMENTO,0.701304
6.237000,1,1,1,1,1,1681,1991,SPEGNIMENTO,0.701470
6.238000,1,1,1,1,1,1681,1992,SPEGNIMENTO,0.701637
6.239000,1,1,1,1,1,1681,1993,SPEGNIMENTO,0.701804
6.241000,1,1,1,1,1,1680,1994,SPEGNIMENTO,0.702137
6.242000,1,1,1,1,1,1680,1995,SPEGNIMENTO,0.702303
6.244000,1,1,1,1,1,1680,1996,SPEGNIMENTO,0.702637
6.245000,1,1,1,1,1,1679,1997,SPEGNIMENTO,0.702803
6.247000,1,1,1,1,1,1679,1998,SPEGNIMENTO,0.703137
6.248000,1,1,1,1,1,1679,1999,SPEGNIMENTO,0.703303
6.249000,1,1,1,1,1,1678,1999,SPEGNIMENTO,0.703470
6.250000,1,1,1,1,1,1678,2000,SPEGNIMENTO,0.703637
6.251000,1,1,1,1,1,1678,2001,SPEGNIMENTO,0.703803
6.253000,1,1,1,1,1,1677,2002,SPEGNIMENTO,0.704137
6.254000,1,1,1,1,1,1677,2003,SPEGNIMENTO,0.704303
6.256000,1,1,1,1,1,1677,2004,SPEGNIMENTO,0.704637
6.257000,1,1,1,1,1,1676,2005,SPEGNIMENTO,0.704803
6.259000,1,1,1,1,1,1676,2006,SPEGNIMENTO,0.705137
6.260000,1,1,1,1,1,1676,2007,SPEGNIMENTO,0.705303
6.261000,1,1,1,1,1,1675,2007,SPEGNIMENTO,0.705470
6.262000,1,1,1,1,1,1675,2008,SPEGNIMENTO,0.705637
6.263000,1,1,1,1,1,1675,2009,SPEGNIMENTO,0.705803
6.265000,1,1,1,1,1,1674,2010,SPEGNIMENTO,0.706137
6.266000,1,1,1,1,1,1674,2011,SPEGNIMENTO,0.706303
6.268000,1,1,1,1,1,1674,2012,SPEGNIMENTO,0.706636
6.269000,1,1,1,1,1,1673,2013,SPEGNIMENTO,0.706803
6.271000,1,1,1,1,1,1673,2014,SPEGNIMENTO,0.707136
6.272000,1,1,1,1,1,1673,2015,SPEGNIMENTO,0.707303
6.273000,1,1,1,1,1,1672,2015,SPEGNIMENTO,0.707470
6.274000,1,1,1,1,1,1672,2016,SPEGNIMENTO,0.707636
6.275000,1,1,1,1,1,1672,2017,SPEGNIMENTO,0.707803
6.277000,1,1,1,1,1,1671,2018,SPEGNIMENTO,0.708136
6.278000,1,1,1,1,1,1671,2019,SPEGNIMENTO,0.708303
6.280000,1,1,1,1,1,1671,2020,SPEGNIMENTO,0.708636
6.281000,1,1,1,1,1,1670,2021,SPEGNIMENTO,0.708803
6.283000,1,1,1,1,1,1670,2022,SPEGNIMENTO,0.709136
6.284000,1,1,1,1,1,1670,2023,SPEGNIMENTO,0.709303
6.285000,1,1,1,1,1,1669,2023,SPEGNIMENTO,0.709470
6.286000,1,1,1,1,1,1669,2024,SPEGNIMENTO,0.709636
6.288000,1,1,1,1,1,1669,2025,SPEGNIMENTO,0.709970
6.289000,1,1,1,1,1,1668,2026,SPEGNIMENTO,0.710136
6.291000,1,1,1,1,1,1668,2027,SPEGNIMENTO,0.710470
6.292000,1,1,1,1,1,1668,2028,SPEGNIMENTO,0.710636
6.293000,1,1,1,1,1,1667,2028,SPEGNIMENTO,0.710803
6.294000,1,1,1,1,1,1667,2029,SPEGNIMENTO,0.710970
6.295000,1,1,1,1,1,1667,2030,SPEGNIMENTO,0.711136
6.297000,1,1,1,1,1,1666,2031,SPEGNIMENTO,0.711469
6.298000,1,1,1,1,1,1666,2032,SPEGNIMENTO,0.711636
6.300000,1,1,1,1,1,1666,2033,SPEGNIMENTO,0.711969
6.301000,1,1,1,1,1,1665,2034,SPEGNIMENTO,0.712136
6.303000,1,1,1,1,1,1665,2035,SPEGNIMENTO,0.712469
6.304000,1,1,1,1,1,1665,2036,SPEGNIMENTO,0.712636
6.305000,1,1,1,1,1,1664,2036,SPEGNIMENTO,0.712803
6.306000,1,1,1,1,1,1664,2037,SPEGNIMENTO,0.712969
6.307000,1,1,1,1,1,1664,2038,SPEGNIMENTO,0.713136
6.309000,1,1,1,1,1,1663,2039,SPEGNIMENTO,0.713469
6.310000,1,1,1,1,1,1663,2040,SPEGNIMENTO,0.713636
6.312000,1,1,1,1,1,1663,2041,SPEGNIMENTO,0.713969
6.313000,1,1,1,1,1,1662,2042,SPEGNIMENTO,0.714136
6.315000,1,1,1,1,1,1662,2043,SPEGNIMENTO,0.714469
6.316000,1,1,1,1,1,1662,2044,SPEGNIMENTO,0.714636
6.317000,1,1,1,1,1,1661,2044,SPEGNIMENTO,0.714803
6.318000,1,1,1,1,1,1661,2045,SPEGNIMENTO,0.714969
6.319000,1,1,1,1,1,1661,2046,SPEGNIMENTO,0.715136
6.321000,1,1,1,1,1,1660,2047,SPEGNIMENTO,0.715469
6.322000,1,1,1,1,1,1660,2048,SPEGNIMENTO,0.715636
6.324000,1,1,1,1,1,1660,2049,SPEGNIMENTO,0.715969
6.325000,1,1,1,1,1,1659,2050,SPEGNIMENTO,0.716136
6.327000,1,1,1,1,1,1659,2051,SPEGNIMENTO,0.716469
6.328000,1,1,1,1,1,1659,2052,SPEGNIMENTO,0.716636
6.329000,1,1,1,1,1,1658,2052,SPEGNIMENTO,0.716802
6.330000,1,1,1,1,1,1658,2053,SPEGNIMENTO,0.716969
6.331000,1,1,1,1,1,1658,2054,SPEGNIMENTO,0.717136
6.333000,1,1,1,1,1,1657,2055,SPEGNIMENTO,0.717469
6.334000,1,1,1,1,1,1657,2056,SPEGNIMENTO,0.717636
6.336000,1,1,1,1,1,1657,2057,SPEGNIMENTO,0.717969
6.337000,1,1,1,1,1,1656,2058,SPEGNIMENTO,0.718136
6.339000,1,1,1,1,1,1656,2059,SPEGNIMENTO,0.718469
6.340000,1,1,1,1,1,1656,2060,SPEGNIMENTO,0.718636
6.341000,1,1,1,1,1,1655,2060,SPEGNIMENTO,0.718802
6.342000,1,1,1,1,1,1655,2061,SPEGNIMENTO,0.718969
6.343000,1,1,1,1,1,1655,2062,SPEGNIMENTO,0.719136
6.345000,1,1,1,1,1,1654,2063,SPEGNIMENTO,0.719469
6.346000,1,1,1,1,1,1654,2064,SPEGNIMENTO,0.719636
6.348000,1,1,1,1,1,1654,2065,SPEGNIMENTO,0.719969
6.349000,1,1,1,1,1,1653,2066,SPEGNIMENTO,0.720136
6.351000,1,1,1,1,1,1653,2067,SPEGNIMENTO,0.720469
6.352000,1,1,1,1,1,1653,2068,SPEGNIMENTO,0.720635
6.353000,1,1,1,1,1,1652,2068,SPEGNIMENTO,0.720802
6.354000,1,1,1,1,1,1652,2069,SPEGNIMENTO,0.720969
6.355000,1,1,1,1,1,1652,2070,SPEGNIMENTO,0.721135
6.357000,1,1,1,1,1,1651,2071,SPEGNIMENTO,0.721469
6.358000,1,1,1,1,1,1651,2072,SPEGNIMENTO,0.721635
6.360000,1,1,1,1,1,1651,2073,SPEGNIMENTO,0.721969
6.361000,1,1,1,1,1,1650,2074,SPEGNIMENTO,0.722135
6.363000,1,1,1,1,1,1650,2075,SPEGNIMENTO,0.722469
6.365000,1,1,1,1,1,1649,2076,SPEGNIMENTO,0.722802
6.366000,1,1,1,1,1,1649,2077,SPEGNIMENTO,0.722969
6.368000,1,1,1,1,1,1649,2078,SPEGNIMENTO,0.723302
6.369000,1,1,1,1,1,1648,2079,SPEGNIMENTO,0.723469
6.371000,1,1,1,1,1,1648,2080,SPEGNIMENTO,0.723802
6.372000,1,1,1,1,1,1648,2081,SPEGNIMENTO,0.723969
6.373000,1,1,1,1,1,1647,2081,SPEGNIMENTO,0.724135
6.374000,1,1,1,1,1,1647,2082,SPEGNIMENTO,0.724302
6.375000,1,1,1,1,1,1647,2083,SPEGNIMENTO,0.724469
6.377000,1,1,1,1,1,1646,2084,SPEGNIMENTO,0.724802
6.378000,1,1,1,1,1,1646,2085,SPEGNIMENTO,0.724968
6.380000,1,1,1,1,1,1646,2086,SPEGNIMENTO,0.725302
6.381000,1,1,1,1,1,1645,2087,SPEGNIMENTO,0.725468
6.383000,1,1,1,1,1,1645,2088,SPEGNIMENTO,0.725802
6.384000,1,1,1,1,1,1645,2089,SPEGNIMENTO,0.725968
6.385000,1,1,1,1,1,1644,2089,SPEGNIMENTO,0.726135
6.386000,1,1,1,1,1,1644,2090,SPEGNIMENTO,0.726302
6.387000,1,1,1,1,1,1644,2091,SPEGNIMENTO,0.726468
6.389000,1,1,1,1,1,1643,2092,SPEGNIMENTO,0.726802
6.390000,1,1,1,1,1,1643,2093,SPEGNIMENTO,0.726968
6.392000,1,1,1,1,1,1643,2094,SPEGNIMENTO,0.727302
6.393000,1,1,1,1,1,1642,2095,SPEGNIMENTO,0.727468
6.395000,1,1,1,1,1,1642,2096,SPEGNIMENTO,0.727802
6.396000,1,1,1,1,1,1642,2097,SPEGNIMENTO,0.727968
6.397000,1,1,1,1,1,1641,2097,SPEGNIMENTO,0.728135
6.398000,1,1,1,1,1,1641,2098,SPEGNIMENTO,0.728302
6.399000,1,1,1,1,1,1641,2099,SPEGNIMENTO,0.728468
6.401000,1,1,1,1,1,1640,2100,SPEGNIMENTO,0.728802
6.402000,1,1,1,1,1,1640,2101,SPEGNIMENTO,0.728968
6.404000,1,1,1,1,1,1640,2102,SPEGNIMENTO,0.729302
6.405000,1,1,1,1,1,1639,2103,SPEGNIMENTO,0.729468
6.407000,1,1,1,1,1,1639,2104,SPEGNIMENTO,0.729801
6.408000,1,1,1,1,1,1639,2105,SPEGNIMENTO,0.729968
6.409000,1,1,1,1,1,1638,2105,SPEGNIMENTO,0.730135
6.410000,1,1,1,1,1,1638,2106,SPEGNIMENTO,0.730301
6.411000,1,1,1,1,1,1638,2107,SPEGNIMENTO,0.730468
6.413000,1,1,1,1,1,1637,2108,SPEGNIMENTO,0.730801
6.414000,1,1,1,1,1,1637,2109,SPEGNIMENTO,0.730968
6.416000,1,1,1,1,1,1637,2110,SPEGNIMENTO,0.731301
6.417000,1,1,1,1,1,1636,2111,SPEGNIMENTO,0.731468
6.419000,1,1,1,1,1,1636,2112,SPEGNIMENTO,0.731801
6.420000,1,1,1,1,1,1636,2113,SPEGNIMENTO,0.731968
6.421000,1,1,1,1,1,1635,2113,SPEGNIMENTO,0.732135
6.422000,1,1,1,1,1,1635,2114,SPEGNIMENTO,0.732301
6.423000,1,1,1,1,1,1635,2115,SPEGNIMENTO,0.732468
6.425000,1,1,1,1,1,1634,2116,SPEGNIMENTO,0.732801
6.426000,1,1,1,1,1,1634,2117,SPEGNIMENTO,0.732968
6.428000,1,1,1,1,1,1634,2118,SPEGNIMENTO,0.733301
6.429000,1,1,1,1,1,1633,2119,SPEGNIMENTO,0.733468
6.431000,1,1,1,1,1,1633,2120,SPEGNIMENTO,0.733801
6.432000,1,1,1,1,1,1633,2121,SPEGNIMENTO,0.733968
6.433000,1,1,1,1,1,1632,2121,SPEGNIMENTO,0.734134
6.434000,1,1,1,1,1,1632,2122,SPEGNIMENTO,0.734301
6.435000,1,1,1,1,1,1632,2123,SPEGNIMENTO,0.734468
6.437000,1,1,1,1,1,1631,2124,SPEGNIMENTO,0.734801
6.438000,1,1,1,1,1,1631,2125,SPEGNIMENTO,0.734968
6.440000,1,1,1,1,1,1631,2126,SPEGNIMENTO,0.735301
6.441000,1,1,1,1,1,1630,2126,SPEGNIMENTO,0.735468
6.442000,1,1,1,1,1,1630,2127,SPEGNIMENTO,0.735634
6.443000,1,1,1,1,1,1630,2128,SPEGNIMENTO,0.735801
6.445000,1,1,1,1,1,1629,2129,SPEGNIMENTO,0.736134
6.446000,1,1,1,1,1,1629,2130,SPEGNIMENTO,0.736301
6.448000,1,1,1,1,1,1629,2131,SPEGNIMENTO,0.736634
6.449000,1,1,1,1,1,1628,2132,SPEGNIMENTO,0.736801
6.451000,1,1,1,1,1,1628,2133,SPEGNIMENTO,0.737134
6.452000,1,1,1,1,1,1628,2134,SPEGNIMENTO,0.737301
6.453000,1,1,1,1,1,1627,2134,SPEGNIMENTO,0.737468
6.454000,1,1,1,1,1,1627,2135,SPEGNIMENTO,0.737634
6.455000,1,1,1,1,1,1627,2136,SPEGNIMENTO,0.737801
6.457000,1,1,1,1,1,1626,2137,SPEGNIMENTO,0.738134
6.458000,1,1,1,1,1,1626,2138,SPEGNIMENTO,0.738301
6.460000,1,1,1,1,1,1626,2139,SPEGNIMENTO,0.738634
6.461000,1,1,1,1,1,1625,2140,SPEGNIMENTO,0.738801
6.463000,1,1,1,1,1,1625,2141,SPEGNIMENTO,0.739134
6.464000,1,1,1,1,1,1625,2142,SPEGNIMENTO,0.739301
6.465000,1,1,1,1,1,1624,2142,SPEGNIMENTO,0.739467
6.466000,1,1,1,1,1,1624,2143,SPEGNIMENTO,0.739634
6.467000,1,1,1,1,1,1624,2144,SPEGNIMENTO,0.739801
6.469000,1,1,1,1,1,1623,2145,SPEGNIMENTO,0.740134
6.470000,1,1,1,1,1,1623,2146,SPEGNIMENTO,0.740301
6.472000,1,1,1,1,1,1623,2147,SPEGNIMENTO,0.740634
6.473000,1,1,1,1,1,1622,2148,SPEGNIMENTO,0.740801
6.475000,1,1,1,1,1,1622,2149,SPEGNIMENTO,0.741134
6.476000,1,1,1,1,1,1622,2150,SPEGNIMENTO,0.741301
6.477000,1,1,1,1,1,1621,2150,SPEGNIMENTO,0.741467
6.478000,1,1,1,1,1,1621,2151,SPEGNIMENTO,0.741634
6.479000,1,1,1,1,1,1621,2152,SPEGNIMENTO,0.741801
6.481000,1,1,1,1,1,1620,2153,SPEGNIMENTO,0.742134
6.482000,1,1,1,1,1,1620,2154,SPEGNIMENTO,0.742301
6.484000,1,1,1,1,1,1620,2155,SPEGNIMENTO,0.742634
6.485000,1,1,1,1,1,1619,2156,SPEGNIMENTO,0.742801
6.487000,1,1,1,1,1,1619,2157,SPEGNIMENTO,0.743134
6.488000,1,1,1,1,1,1619,2158,SPEGNIMENTO,0.743300
6.489000,1,1,1,1,1,1618,2158,SPEGNIMENTO,0.743467
6.490000,1,1,1,1,1,1618,2159,SPEGNIMENTO,0.743634
6.491000,1,1,1,1,1,1618,2160,SPEGNIMENTO,0.743800
6.493000,1,1,1,1,1,1617,2161,SPEGNIMENTO,0.744134
6.494000,1,1,1,1,1,1617,2162,SPEGNIMENTO,0.744300
6.496000,1,1,1,1,1,1617,2163,SPEGNIMENTO,0.744634
6.497000,1,1,1,1,1,1616,2164,SPEGNIMENTO,0.744800
6.499000,1,1,1,1,1,1616,2165,SPEGNIMENTO,0.745134
6.500000,1,1,1,1,1,1616,2166,SPEGNIMENTO,0.745300
6.501000,1,1,1,1,1,1615,2166,SPEGNIMENTO,0.745467
6.502000,1,1,1,1,1,1615,2167,SPEGNIMENTO,0.745634
6.503000,1,1,1,1,1,1615,2168,SPEGNIMENTO,0.745800
6.505000,1,1,1,1,1,1614,2169,SPEGNIMENTO,0.746134
6.506000,1,1,1,1,1,1614,2170,SPEGNIMENTO,0.746300
6.508000,1,1,1,1,1,1614,2171,SPEGNIMENTO,0.746634
6.509000,1,1,1,1,1,1613,2172,SPEGNIMENTO,0.746800
6.511000,1,1,1,1,1,1613,2173,SPEGNIMENTO,0.747134
6.512000,1,1,1,1,1,1613,2174,SPEGNIMENTO,0.747300
6.513000,1,1,1,1,1,1612,2174,SPEGNIMENTO,0.747467
6.514000,1,1,1,1,1,1612,2175,SPEGNIMENTO,0.747634
6.515000,1,1,1,1,1,1612,2176,SPEGNIMENTO,0.747800
6.517000,1,1,1,1,1,1611,2177,SPEGNIMENTO,0.748133
6.518000,1,1,1,1,1,1611,2178,SPEGNIMENTO,0.748300
6.520000,1,1,1,1,1,1611,2179,SPEGNIMENTO,0.748633
6.521000,1,1,1,1,1,1610,2179,SPEGNIMENTO,0.748800
6.522000,1,1,1,1,1,1610,2180,SPEGNIMENTO,0.748967
6.523000,1,1,1,1,1,1610,2181,SPEGNIMENTO,0.749133
6.525000,1,1,1,1,1,1609,2182,SPEGNIMENTO,0.749467
6.526000,1,1,1,1,1,1609,2183,SPEGNIMENTO,0.749633
6.528000,1,1,1,1,1,1609,2184,SPEGNIMENTO,0.749967
6.529000,1,1,1,1,1,1608,2185,SPEGNIMENTO,0.750133
6.530000,1,1,1,1,1,1606,2185,SPEGNIMENTO,0.750300
6.531000,1,1,1,1,1,1605,2186,SPEGNIMENTO,0.750467
6.532000,1,1,1,1,1,1603,2187,SPEGNIMENTO,0.750633
6.533000,1,1,1,1,1,1602,2187,SPEGNIMENTO,0.750800
6.534000,1,1,1,1,1,1601,2188,SPEGNIMENTO,0.750967
6.535000,1,1,1,1,1,1599,2189,SPEGNIMENTO,0.751133
6.536000,1,1,1,1,1,1598,2189,SPEGNIMENTO,0.751300
6.537000,1,1,1,1,1,1596,2190,SPEGNIMENTO,0.751467
6.538000,1,1,1,1,1,1595,2191,SPEGNIMENTO,0.751633
6.539000,1,1,1,1,1,1594,2191,SPEGNIMENTO,0.751800
6.540000,1,1,1,1,1,1592,2192,SPEGNIMENTO,0.751967
6.541000,1,1,1,1,1,1591,2193,SPEGNIMENTO,0.752133
6.542000,1,1,1,1,1,1589,2193,SPEGNIMENTO,0.752300
6.543000,1,1,1,1,1,1588,2194,SPEGNIMENTO,0.752466
6.544000,1,1,1,1,1,1587,2195,SPEGNIMENTO,0.752633
6.545000,1,1,1,1,1,1585,2195,SPEGNIMENTO,0.752800
6.546000,1,1,1,1,1,1584,2196,SPEGNIMENTO,0.752966
6.547000,1,1,1,1,1,1582,2197,SPEGNIMENTO,0.753133
6.548000,1,1,1,1,1,1581,2197,SPEGNIMENTO,0.753300
6.549000,1,1,1,1,1,1580,2198,SPEGNIMENTO,0.753466
6.550000,1,1,1,1,1,1578,2199,SPEGNIMENTO,0.753633
6.551000,1,1,1,1,1,1577,2199,SPEGNIMENTO,0.753800
6.552000,1,1,1,1,1,1576,2200,SPEGNIMENTO,0.753966
6.553000,1,1,1,1,1,1574,2201,SPEGNIMENTO,0.754133
6.554000,1,1,1,1,1,1573,2201,SPEGNIMENTO,0.754300
6.555000,1,1,1,1,1,1571,2202,SPEGNIMENTO,0.754466
6.556000,1,1,1,1,1,1570,2203,SPEGNIMENTO,0.754633
6.557000,1,1,1,1,1,1569,2203,SPEGNIMENTO,0.754800
6.558000,1,1,1,1,1,1567,2204,SPEGNIMENTO,0.754966
6.559000,1,1,1,1,1,1566,2205,SPEGNIMENTO,0.755133
6.560000,1,1,1,1,1,1564,2205,SPEGNIMENTO,0.755300
6.561000,1,1,1,1,1,1563,2206,SPEGNIMENTO,0.755466
6.562000,1,1,1,1,1,1562,2207,SPEGNIMENTO,0.755633
6.563000,1,1,1,1,1,1560,2207,SPEGNIMENTO,0.755800
6.564000,1,1,1,1,1,1559,2208,SPEGNIMENTO,0.755966
6.565000,1,1,1,1,1,1557,2209,SPEGNIMENTO,0.756133
6.566000,1,1,1,1,1,1556,2209,SPEGNIMENTO,0.756300
6.567000,1,1,1,1,1,1555,2210,SPEGNIMENTO,0.756466
6.568000,1,1,1,1,1,1553,2211,SPEGNIMENTO,0.756633
6.569000,1,1,1,1,1,1552,2211,SPEGNIMENTO,0.756800
6.570000,1,1,1,1,1,1550,2212,SPEGNIMENTO,0.756966
6.571000,1,1,1,1,1,1549,2213,SPEGNIMENTO,0.757133
6.572000,1,1,1,1,1,1548,2213,SPEGNIMENTO,0.757299
6.573000,1,1,1,1,1,1546,2214,SPEGNIMENTO,0.757466
6.574000,1,1,1,1,1,1545,2215,SPEGNIMENTO,0.757633
6.575000,1,1,1,1,1,1543,2215,SPEGNIMENTO,0.757799
6.576000,1,1,1,1,1,1542,2216,SPEGNIMENTO,0.757966
6.577000,1,1,1,1,1,1541,2217,SPEGNIMENTO,0.758133
6.578000,1,1,1,1,1,1539,2217,SPEGNIMENTO,0.758299
6.579000,1,1,1,1,1,1538,2218,SPEGNIMENTO,0.758466
6.580000,1,1,1,1,1,1537,2219,SPEGNIMENTO,0.758633
6.581000,1,1,1,1,1,1535,2219,SPEGNIMENTO,0.758799
6.582000,1,1,1,1,1,1534,2220,SPEGNIMENTO,0.758966
6.583000,1,1,1,1,1,1532,2221,SPEGNIMENTO,0.759133
6.584000,1,1,1,1,1,1531,2221,SPEGNIMENTO,0.759299
6.585000,1,1,1,1,1,1530,2222,SPEGNIMENTO,0.759466
6.586000,1,1,1,1,1,1528,2223,SPEGNIMENTO,0.759633
6.587000,1,1,1,1,1,1527,2223,SPEGNIMENTO,0.759799
6.588000,1,1,1,1,1,1525,2224,SPEGNIMENTO,0.759966
6.589000,1,1,1,1,1,1524,2225,SPEGNIMENTO,0.760133
6.590000,1,1,1,1,1,1523,2225,SPEGNIMENTO,0.760299
6.591000,1,1,1,1,1,1521,2226,SPEGNIMENTO,0.760466
6.592000,1,1,1,1,1,1520,2227,SPEGNIMENTO,0.760633
6.593000,1,1,1,1,1,1518,2227,SPEGNIMENTO,0.760799
6.594000,1,1,1,1,1,1517,2228,SPEGNIMENTO,0.760966
6.595000,1,1,1,1,1,1516,2229,SPEGNIMENTO,0.761133
6.596000,1,1,1,1,1,1514,2229,SPEGNIMENTO,0.761299
6.597000,1,1,1,1,1,1513,2230,SPEGNIMENTO,0.761466
6.598000,1,1,1,1,1,1511,2230,SPEGNIMENTO,0.761633
6.599000,1,1,1,1,1,1510,2231,SPEGNIMENTO,0.761799
6.600000,1,1,1,1,1,1509,2232,SPEGNIMENTO,0.761966
6.601000,1,1,1,1,1,1507,2232,SPEGNIMENTO,0.762132
6.602000,1,1,1,1,1,1506,2233,SPEGNIMENTO,0.762299
6.603000,1,1,1,1,1,1504,2234,SPEGNIMENTO,0.762466
6.604000,1,1,1,1,1,1503,2234,SPEGNIMENTO,0.762632
6.605000,1,1,1,1,1,1502,2235,SPEGNIMENTO,0.762799
6.606000,1,1,1,1,1,1500,2236,SPEGNIMENTO,0.762966
6.607000,1,1,1,1,1,1499,2236,SPEGNIMENTO,0.763132
6.608000,1,1,1,1,1,1498,2237,SPEGNIMENTO,0.763299
6.609000,1,1,1,1,1,1496,2238,SPEGNIMENTO,0.763466
6.610000,1,1,1,1,1,1495,2238,SPEGNIMENTO,0.763632
6.611000,1,1,1,1,1,1493,2239,SPEGNIMENTO,0.763799
6.612000,1,1,1,1,1,1492,2240,SPEGNIMENTO,0.763966
6.613000,1,1,1,1,1,1491,2240,SPEGNIMENTO,0.764132
6.614000,1,1,1,1,1,1489,2241,SPEGNIMENTO,0.764299
6.615000,1,1,1,1,1,1488,2242,SPEGNIMENTO,0.764466
6.616000,1,1,1,1,1,1486,2242,SPEGNIMENTO,0.764632
6.617000,1,1,1,1,1,1485,2243,SPEGNIMENTO,0.764799
6.618000,1,1,1,1,1,1484,2244,SPEGNIMENTO,0.764966
6.619000,1,1,1,1,1,1482,2244,SPEGNIMENTO,0.765132
6.620000,1,1,1,1,1,1481,2245,SPEGNIMENTO,0.765299
6.621000,1,1,1,1,1,1479,2246,SPEGNIMENTO,0.765466
6.622000,1,1,1,1,1,1478,2246,SPEGNIMENTO,0.765632
6.623000,1,1,1,1,1,1477,2247,SPEGNIMENTO,0.765799
6.624000,1,1,1,1,1,1475,2248,SPEGNIMENTO,0.765966
6.625000,1,1,1,1,1,1474,2248,SPEGNIMENTO,0.766132
6.626000,1,1,1,1,1,1472,2249,SPEGNIMENTO,0.766299
6.627000,1,1,1,1,1,1471,2250,SPEGNIMENTO,0.766465
6.628000,1,1,1,1,1,1470,2250,SPEGNIMENTO,0.766632
6.629000,1,1,1,1,1,1468,2251,SPEGNIMENTO,0.766799
6.630000,1,1,1,1,1,1467,2252,SPEGNIMENTO,0.766965
6.631000,1,1,1,1,1,1465,2252,SPEGNIMENTO,0.767132
6.632000,1,1,1,1,1,1464,2253,SPEGNIMENTO,0.767299
6.633000,1,1,1,1,1,1463,2254,SPEGNIMENTO,0.767465
6.634000,1,1,1,1,1,1461,2254,SPEGNIMENTO,0.767632
6.635000,1,1,1,1,1,1460,2255,SPEGNIMENTO,0.767799
6.636000,1,1,1,1,1,1459,2256,SPEGNIMENTO,0.767965
6.637000,1,1,1,1,1,1457,2256,SPEGNIMENTO,0.768132
6.638000,1,1,1,1,1,1456,2257,SPEGNIMENTO,0.768299
6.639000,1,1,1,1,1,1454,2258,SPEGNIMENTO,0.768465
6.640000,1,1,1,1,1,1453,2258,SPEGNIMENTO,0.768632
6.641000,1,1,1,1,1,1452,2259,SPEGNIMENTO,0.768799
6.642000,1,1,1,1,1,1450,2260,SPEGNIMENTO,0.768965
6.643000,1,1,1,1,1,1449,2260,SPEGNIMENTO,0.769132
6.644000,1,1,1,1,1,1447,2261,SPEGNIMENTO,0.769299
6.645000,1,1,1,1,1,1446,2262,SPEGNIMENTO,0.769465
6.646000,1,1,1,1,1,1445,2262,SPEGNIMENTO,0.769632
6.647000,1,1,1,1,1,1443,2263,SPEGNIMENTO,0.769799
6.648000,1,1,1,1,1,1442,2264,SPEGNIMENTO,0.769965
6.649000,1,1,1,1,1,1440,2264,SPEGNIMENTO,0.770132
6.650000,1,1,1,1,1,1439,2265,SPEGNIMENTO,0.770299
6.651000,1,1,1,1,1,1438,2266,SPEGNIMENTO,0.770465
6.652000,1,1,1,1,1,1436,2266,SPEGNIMENTO,0.770632
6.653000,1,1,1,1,1,1435,2267,SPEGNIMENTO,0.770799
6.654000,1,1,1,1,1,1433,2268,SPEGNIMENTO,0.770965
6.655000,1,1,1,1,1,1432,2268,SPEGNIMENTO,0.771132
6.656000,1,1,1,1,1,1431,2269,SPEGNIMENTO,0.771298
6.657000,1,1,1,1,1,1429,2270,SPEGNIMENTO,0.771465
6.658000,1,1,1,1,1,1428,2270,SPEGNIMENTO,0.771632
6.659000,1,1,1,1,1,1426,2271,SPEGNIMENTO,0.771798
6.660000,1,1,1,1,1,1425,2272,SPEGNIMENTO,0.771965
6.661000,1,1,1,1,1,1424,2272,SPEGNIMENTO,0.772132
6.662000,1,1,1,1,1,1422,2273,SPEGNIMENTO,0.772298
6.663000,1,1,1,1,1,1421,2274,SPEGNIMENTO,0.772465
6.664000,1,1,1,1,1,1420,2274,SPEGNIMENTO,0.772632
6.665000,1,1,1,1,1,1418,2275,SPEGNIMENTO,0.772798
6.666000,1,1,1,1,1,1417,2276,SPEGNIMENTO,0.772965
6.667000,1,1,1,1,1,1415,2276,SPEGNIMENTO,0.773132
6.668000,1,1,1,1,1,1414,2277,SPEGNIMENTO,0.773298
6.669000,1,1,1,1,1,1413,2278,SPEGNIMENTO,0.773465
6.670000,1,1,1,1,1,1411,2278,SPEGNIMENTO,0.773632
6.671000,1,1,1,1,1,1410,2279,SPEGNIMENTO,0.773798
6.672000,1,1,1,1,1,1408,2280,SPEGNIMENTO,0.773965
6.673000,1,1,1,1,1,1407,2280,SPEGNIMENTO,0.774132
6.674000,1,1,1,1,1,1406,2281,SPEGNIMENTO,0.774298
6.675000,1,1,1,1,1,1404,2282,SPEGNIMENTO,0.774465
6.676000,1,1,1,1,1,1403,2282,SPEGNIMENTO,0.774632
6.677000,1,1,1,1,1,1401,2283,SPEGNIMENTO,0.774798
6.678000,1,1,1,1,1,1400,2284,SPEGNIMENTO,0.774965
6.679000,1,1,1,1,1,1399,2284,SPEGNIMENTO,0.775132
6.680000,1,1,1,1,1,1397,2285,SPEGNIMENTO,0.775298
6.681000,1,1,1,1,1,1396,2285,SPEGNIMENTO,0.775465
6.682000,1,1,1,1,1,1394,2286,SPEGNIMENTO,0.775631
6.683000,1,1,1,1,1,1393,2287,SPEGNIMENTO,0.775798
6.684000,1,1,1,1,1,1392,2287,SPEGNIMENTO,0.775965
6.685000,1,1,1,1,1,1390,2288,SPEGNIMENTO,0.776131
6.686000,1,1,1,1,1,1389,2289,SPEGNIMENTO,0.776298
6.687000,1,1,1,1,1,1387,2289,SPEGNIMENTO,0.776465
6.688000,1,1,1,1,1,1386,2290,SPEGNIMENTO,0.776631
6.689000,1,1,1,1,1,1385,2291,SPEGNIMENTO,0.776798
6.690000,1,1,1,1,1,1383,2291,SPEGNIMENTO,0.776965
6.691000,1,1,1,1,1,1382,2292,SPEGNIMENTO,0.777131
6.692000,1,1,1,1,1,1381,2293,SPEGNIMENTO,0.777298
6.693000,1,1,1,1,1,1379,2293,SPEGNIMENTO,0.777465
6.694000,1,1,1,1,1,1378,2294,SPEGNIMENTO,0.777631
6.695000,1,1,1,1,1,1376,2295,SPEGNIMENTO,0.777798
6.696000,1,1,1,1,1,1375,2295,SPEGNIMENTO,0.777965
6.697000,1,1,1,1,1,1374,2296,SPEGNIMENTO,0.778131
6.698000,1,1,1,1,1,1372,2297,SPEGNIMENTO,0.778298
6.699000,1,1,1,1,1,1371,2297,SPEGNIMENTO,0.778465
6.700000,1,1,1,1,1,1369,2298,SPEGNIMENTO,0.778631
6.701000,1,1,1,1,1,1368,2299,SPEGNIMENTO,0.778798
6.702000,1,1,1,1,1,1367,2299,SPEGNIMENTO,0.778965
6.703000,1,1,1,1,1,1365,2300,SPEGNIMENTO,0.779131
6.704000,1,1,1,1,1,1364,2301,SPEGNIMENTO,0.779298
6.705000,1,1,1,1,1,1362,2301,SPEGNIMENTO,0.779465
6.706000,1,1,1,1,1,1361,2302,SPEGNIMENTO,0.779631
6.707000,1,1,1,1,1,1360,2303,SPEGNIMENTO,0.779798
6.708000,1,1,1,1,1,1358,2303,SPEGNIMENTO,0.779965
6.709000,1,1,1,1,1,1357,2304,SPEGNIMENTO,0.780131
6.710000,1,1,1,1,1,1355,2305,SPEGNIMENTO,0.780298
6.711000,1,1,1,1,1,1354,2305,SPEGNIMENTO,0.780464
6.712000,1,1,1,1,1,1353,2306,SPEGNIMENTO,0.780631
6.713000,1,1,1,1,1,1351,2307,SPEGNIMENTO,0.780798
6.714000,1,1,1,1,1,1350,2307,SPEGNIMENTO,0.780964
6.715000,1,1,1,1,1,1348,2308,SPEGNIMENTO,0.781131
6.716000,1,1,1,1,1,1347,2309,SPEGNIMENTO,0.781298
6.717000,1,1,1,1,1,1346,2309,SPEGNIMENTO,0.781464
6.718000,1,1,1,1,1,1344,2310,SPEGNIMENTO,0.781631
6.719000,1,1,1,1,1,1343,2311,SPEGNIMENTO,0.781798
6.720000,1,1,1,1,1,1341,2311,SPEGNIMENTO,0.781964
6.721000,1,1,1,1,1,1340,2312,SPEGNIMENTO,0.782131
6.722000,1,1,1,1,1,1339,2313,SPEGNIMENTO,0.782298
6.723000,1,1,1,1,1,1337,2313,SPEGNIMENTO,0.782464
6.724000,1,1,1,1,1,1336,2314,SPEGNIMENTO,0.782631
6.725000,1,1,1,1,1,1335,2315,SPEGNIMENTO,0.782798
6.726000,1,1,1,1,1,1333,2315,SPEGNIMENTO,0.782964
6.727000,1,1,1,1,1,1332,2316,SPEGNIMENTO,0.783131
6.728000,1,1,1,1,1,1330,2317,SPEGNIMENTO,0.783298
6.729000,1,1,1,1,1,1329,2317,SPEGNIMENTO,0.783464
6.730000,1,1,1,1,1,1328,2318,SPEGNIMENTO,0.783631
6.731000,1,1,1,1,1,1326,2319,SPEGNIMENTO,0.783798
6.732000,1,1,1,1,1,1325,2319,SPEGNIMENTO,0.783964
6.733000,1,1,1,1,1,1323,2320,SPEGNIMENTO,0.784131
6.734000,1,1,1,1,1,1322,2321,SPEGNIMENTO,0.784298
6.735000,1,1,1,1,1,1321,2321,SPEGNIMENTO,0.784464
6.736000,1,1,1,1,1,1319,2322,SPEGNIMENTO,0.784631
6.737000,1,1,1,1,1,1318,2323,SPEGNIMENTO,0.784797
6.738000,1,1,1,1,1,1316,2323,SPEGNIMENTO,0.784964
6.739000,1,1,1,1,1,1315,2324,SPEGNIMENTO,0.785131
6.740000,1,1,1,1,1,1314,2325,SPEGNIMENTO,0.785297
6.741000,1,1,1,1,1,1312,2325,SPEGNIMENTO,0.785464
6.742000,1,1,1,1,1,1311,2326,SPEGNIMENTO,0.785631
6.743000,1,1,1,1,1,1309,2327,SPEGNIMENTO,0.785797
6.744000,1,1,1,1,1,1308,2327,SPEGNIMENTO,0.785964
6.745000,1,1,1,1,1,1307,2328,SPEGNIMENTO,0.786131
6.746000,1,1,1,1,1,1305,2329,SPEGNIMENTO,0.786297
6.747000,1,1,1,1,1,1304,2329,SPEGNIMENTO,0.786464
6.748000,1,1,1,1,1,1302,2330,SPEGNIMENTO,0.786631
6.749000,1,1,1,1,1,1301,2331,SPEGNIMENTO,0.786797
6.750000,1,1,1,1,1,1300,2331,SPEGNIMENTO,0.786964
6.751000,1,1,1,1,1,1298,2332,SPEGNIMENTO,0.787131
6.752000,1,1,1,1,1,1297,2333,SPEGNIMENTO,0.787297
6.753000,1,1,1,1,1,1296,2333,SPEGNIMENTO,0.787464
6.754000,1,1,1,1,1,1294,2334,SPEGNIMENTO,0.787631
6.755000,1,1,1,1,1,1293,2335,SPEGNIMENTO,0.787797
6.756000,1,1,1,1,1,1291,2335,SPEGNIMENTO,0.787964
6.757000,1,1,1,1,1,1290,2336,SPEGNIMENTO,0.788131
6.758000,1,1,1,1,1,1289,2337,SPEGNIMENTO,0.788297
6.759000,1,1,1,1,1,1287,2337,SPEGNIMENTO,0.788464
6.760000,1,1,1,1,1,1286,2338,SPEGNIMENTO,0.788631
6.761000,1,1,1,1,1,1284,2339,SPEGNIMENTO,0.788797
6.762000,1,1,1,1,1,1283,2339,SPEGNIMENTO,0.788964
6.763000,1,1,1,1,1,1282,2340,SPEGNIMENTO,0.789131
6.764000,1,1,1,1,1,1280,2341,SPEGNIMENTO,0.789297
6.765000,1,1,1,1,1,1279,2341,SPEGNIMENTO,0.789464
6.766000,1,1,1,1,1,1277,2342,SPEGNIMENTO,0.789630
6.767000,1,1,1,1,1,1276,2342,SPEGNIMENTO,0.789797
6.768000,1,1,1,1,1,1275,2343,SPEGNIMENTO,0.789964
6.769000,1,1,1,1,1,1273,2344,SPEGNIMENTO,0.790130
6.770000,1,1,1,1,1,1272,2344,SPEGNIMENTO,0.790297
6.771000,1,1,1,1,1,1270,2345,SPEGNIMENTO,0.790464
6.772000,1,1,1,1,1,1269,2346,SPEGNIMENTO,0.790630
6.773000,1,1,1,1,1,1268,2346,SPEGNIMENTO,0.790797
6.774000,1,1,1,1,1,1266,2347,SPEGNIMENTO,0.790964
6.775000,1,1,1,1,1,1265,2348,SPEGNIMENTO,0.791130
6.776000,1,1,1,1,1,1263,2348,SPEGNIMENTO,0.791297
6.777000,1,1,1,1,1,1262,2349,SPEGNIMENTO,0.791464
6.778000,1,1,1,1,1,1261,2350,SPEGNIMENTO,0.791630
6.779000,1,1,1,1,1,1259,2350,SPEGNIMENTO,0.791797
6.780000,1,1,1,1,1,1258,2351,SPEGNIMENTO,0.791964
6.781000,1,1,1,1,1,1257,2352,SPEGNIMENTO,0.792130
6.782000,1,1,1,1,1,1255,2352,SPEGNIMENTO,0.792297
6.783000,1,1,1,1,1,1254,2353,SPEGNIMENTO,0.792464
6.784000,1,1,1,1,1,1252,2354,SPEGNIMENTO,0.792630
6.785000,1,1,1,1,1,1251,2354,SPEGNIMENTO,0.792797
6.786000,1,1,1,1,1,1250,2355,SPEGNIMENTO,0.792964
6.787000,1,1,1,1,1,1248,2356,SPEGNIMENTO,0.793130
6.788000,1,1,1,1,1,1247,2356,SPEGNIMENTO,0.793297
6.789000,1,1,1,1,1,1245,2357,SPEGNIMENTO,0.793464
6.790000,1,1,1,1,1,1244,2358,SPEGNIMENTO,0.793630
6.791000,1,1,1,1,1,1243,2358,SPEGNIMENTO,0.793797
6.792000,1,1,1,1,1,1241,2359,SPEGNIMENTO,0.793963
6.793000,1,1,1,1,1,1240,2360,SPEGNIMENTO,0.794130
6.794000,1,1,1,1,1,1238,2360,SPEGNIMENTO,0.794297
6.795000,1,1,1,1,1,1237,2361,SPEGNIMENTO,0.794463
6.796000,1,1,1,1,1,1236,2362,SPEGNIMENTO,0.794630
6.797000,1,1,1,1,1,1234,2362,SPEGNIMENTO,0.794797
6.798000,1,1,1,1,1,1233,2363,SPEGNIMENTO,0.794963
6.799000,1,1,1,1,1,1231,2364,SPEGNIMENTO,0.795130
6.800000,1,1,1,1,1,1230,2364,SPEGNIMENTO,0.795297
6.801000,1,1,1,1,1,1229,2365,SPEGNIMENTO,0.795463
6.802000,1,1,1,1,1,1227,2366,SPEGNIMENTO,0.795630
6.803000,1,1,1,1,1,1226,2366,SPEGNIMENTO,0.795797
6.804000,1,1,1,1,1,1224,2367,SPEGNIMENTO,0.795963
6.805000,1,1,1,1,1,1223,2368,SPEGNIMENTO,0.796130
6.806000,1,1,1,1,1,1222,2368,SPEGNIMENTO,0.796297
6.807000,1,1,1,1,1,1220,2369,SPEGNIMENTO,0.796463
6.808000,1,1,1,1,1,1219,2370,SPEGNIMENTO,0.796630
6.809000,1,1,1,1,1,1218,2370,SPEGNIMENTO,0.796797
6.810000,1,1,1,1,1,1216,2371,SPEGNIMENTO,0.796963
6.811000,1,1,1,1,1,1215,2372,SPEGNIMENTO,0.797130
6.812000,1,1,1,1,1,1213,2372,SPEGNIMENTO,0.797297
6.813000,1,1,1,1,1,1212,2373,SPEGNIMENTO,0.797463
6.814000,1,1,1,1,1,1211,2374,SPEGNIMENTO,0.797630
6.815000,1,1,1,1,1,1209,2374,SPEGNIMENTO,0.797797
6.816000,1,1,1,1,1,1208,2375,SPEGNIMENTO,0.797963
6.817000,1,1,1,1,1,1206,2376,SPEGNIMENTO,0.798130
6.818000,1,1,1,1,1,1205,2376,SPEGNIMENTO,0.798297
6.819000,1,1,1,1,1,1204,2377,SPEGNIMENTO,0.798463
6.820000,1,1,1,1,1,1202,2378,SPEGNIMENTO,0.798630
6.821000,1,1,1,1,1,1201,2378,SPEGNIMENTO,0.798796
6.822000,1,1,1,1,1,1199,2379,SPEGNIMENTO,0.798963
6.823000,1,1,1,1,1,1198,2380,SPEGNIMENTO,0.799130
6.824000,1,1,1,1,1,1197,2380,SPEGNIMENTO,0.799296
6.825000,1,1,1,1,1,1195,2381,SPEGNIMENTO,0.799463
6.826000,1,1,1,1,1,1194,2382,SPEGNIMENTO,0.799630
6.827000,1,1,1,1,1,1192,2382,SPEGNIMENTO,0.799796
6.828000,1,1,1,1,1,1191,2383,SPEGNIMENTO,0.799963
6.829000,1,1,1,1,1,1191,2384,SPEGNIMENTO,0.800130
6.831000,1,1,1,1,1,1191,2385,SPEGNIMENTO,0.800463
6.832000,1,1,1,1,1,1191,2386,SPEGNIMENTO,0.800630
6.834000,1,1,1,1,1,1191,2387,SPEGNIMENTO,0.800963
6.835000,1,1,1,1,1,1191,2388,SPEGNIMENTO,0.801130
6.837000,1,1,1,1,1,1191,2389,SPEGNIMENTO,0.801463
6.838000,1,1,1,1,1,1191,2390,SPEGNIMENTO,0.801630
6.840000,1,1,1,1,1,1191,2391,SPEGNIMENTO,0.801963
6.841000,1,1,1,1,1,1191,2392,SPEGNIMENTO,0.802130
6.843000,1,1,1,1,1,1191,2393,SPEGNIMENTO,0.802463
6.844000,1,1,1,1,1,1191,2394,SPEGNIMENTO,0.802630
6.846000,1,1,1,1,1,1191,2395,SPEGNIMENTO,0.802963
6.847000,1,1,1,1,1,1191,2396,SPEGNIMENTO,0.803129
6.849000,1,1,1,1,1,1191,2397,SPEGNIMENTO,0.803463
6.850000,1,1,1,1,1,1191,2398,SPEGNIMENTO,0.803629
6.852000,1,1,1,1,1,1191,2399,SPEGNIMENTO,0.803963
6.853000,1,1,1,1,1,1191,2400,SPEGNIMENTO,0.804129
6.855000,1,1,1,1,1,1191,2401,SPEGNIMENTO,0.804463
6.857000,1,1,1,1,1,1191,2402,SPEGNIMENTO,0.804796
6.858000,1,1,1,1,1,1191,2403,SPEGNIMENTO,0.804963
6.860000,1,1,1,1,1,1191,2404,SPEGNIMENTO,0.805296
6.861000,1,1,1,1,1,1191,2405,SPEGNIMENTO,0.805463
6.863000,1,1,1,1,1,1191,2406,SPEGNIMENTO,0.805796
6.864000,1,1,1,1,1,1191,2407,SPEGNIMENTO,0.805963
6.866000,1,1,1,1,1,1191,2408,SPEGNIMENTO,0.806296
6.867000,1,1,1,1,1,1191,2409,SPEGNIMENTO,0.806463
6.869000,1,1,1,1,1,1191,2410,SPEGNIMENTO,0.806796
6.870000,1,1,1,1,1,1191,2411,SPEGNIMENTO,0.806963
6.872000,1,1,1,1,1,1191,2412,SPEGNIMENTO,0.807296
6.873000,1,1,1,1,1,1191,2413,SPEGNIMENTO,0.807463
6.875000,1,1,1,1,1,1191,2414,SPEGNIMENTO,0.807796
6.876000,1,1,1,1,1,1191,2415,SPEGNIMENTO,0.807962
6.878000,1,1,1,1,1,1191,2416,SPEGNIMENTO,0.808296
6.879000,1,1,1,1,1,1191,2417,SPEGNIMENTO,0.808462
6.881000,1,1,1,1,1,1191,2418,SPEGNIMENTO,0.808796
6.882000,1,1,1,1,1,1191,2419,SPEGNIMENTO,0.808962
6.884000,1,1,1,1,1,1191,2420,SPEGNIMENTO,0.809296
6.885000,1,1,1,1,1,1191,2421,SPEGNIMENTO,0.809462
6.887000,1,1,1,1,1,1191,2422,SPEGNIMENTO,0.809796
6.888000,1,1,1,1,1,1191,2423,SPEGNIMENTO,0.809962
6.890000,1,1,1,1,1,1191,2424,SPEGNIMENTO,0.810296
6.891000,1,1,1,1,1,1191,2425,SPEGNIMENTO,0.810462
6.893000,1,1,1,1,1,1191,2426,SPEGNIMENTO,0.810796
6.894000,1,1,1,1,1,1191,2427,SPEGNIMENTO,0.810962
6.896000,1,1,1,1,1,1191,2428,SPEGNIMENTO,0.811296
6.897000,1,1,1,1,1,1191,2429,SPEGNIMENTO,0.811462
6.899000,1,1,1,1,1,1191,2430,SPEGNIMENTO,0.811796
6.900000,1,1,1,1,1,1191,2431,SPEGNIMENTO,0.811962
6.902000,1,1,1,1,1,1191,2432,SPEGNIMENTO,0.812295
6.903000,1,1,1,1,1,1191,2433,SPEGNIMENTO,0.812462
6.905000,1,1,1,1,1,1191,2434,SPEGNIMENTO,0.812795
6.906000,1,1,1,1,1,1191,2435,SPEGNIMENTO,0.812962
6.908000,1,1,1,1,1,1191,2436,SPEGNIMENTO,0.813295
6.909000,1,1,1,1,1,1191,2437,SPEGNIMENTO,0.813462
6.911000,1,1,1,1,1,1191,2438,SPEGNIMENTO,0.813795
6.912000,1,1,1,1,1,1191,2439,SPEGNIMENTO,0.813962
6.914000,1,1,1,1,1,1191,2440,SPEGNIMENTO,0.814295
6.915000,1,1,1,1,1,1191,2441,SPEGNIMENTO,0.814462
6.917000,1,1,1,1,1,1191,2442,SPEGNIMENTO,0.814795
6.918000,1,1,1,1,1,1191,2443,SPEGNIMENTO,0.814962
6.920000,1,1,1,1,1,1191,2444,SPEGNIMENTO,0.815295
6.921000,1,1,1,1,1,1191,2445,SPEGNIMENTO,0.815462
6.923000,1,1,1,1,1,1191,2446,SPEGNIMENTO,0.815795
6.924000,1,1,1,1,1,1191,2447,SPEGNIMENTO,0.815962
6.926000,1,1,1,1,1,1191,2448,SPEGNIMENTO,0.816295
6.927000,1,1,1,1,1,1191,2449,SPEGNIMENTO,0.816462
6.929000,1,1,1,1,1,1191,2450,SPEGNIMENTO,0.816795
6.930000,1,1,1,1,1,1191,2451,SPEGNIMENTO,0.816962
6.932000,1,1,1,1,1,1191,2452,SPEGNIMENTO,0.817295
6.933000,1,1,1,1,1,1191,2453,SPEGNIMENTO,0.817462
6.935000,1,1,1,1,1,1191,2454,SPEGNIMENTO,0.817795
6.936000,1,1,1,1,1,1191,2455,SPEGNIMENTO,0.817962
6.938000,1,1,1,1,1,1191,2456,SPEGNIMENTO,0.818295
6.939000,1,1,1,1,1,1191,2457,SPEGNIMENTO,0.818462
6.941000,1,1,1,1,1,1191,2458,SPEGNIMENTO,0.818795
6.942000,1,1,1,1,1,1191,2459,SPEGNIMENTO,0.818962
6.944000,1,1,1,1,1,1191,2460,SPEGNIMENTO,0.819295
6.945000,1,1,1,1,1,1191,2461,SPEGNIMENTO,0.819462
6.947000,1,1,1,1,1,1191,2462,SPEGNIMENTO,0.819795
6.948000,1,1,1,1,1,1191,2463,SPEGNIMENTO,0.819962
6.950000,1,1,1,1,1,1191,2464,SPEGNIMENTO,0.820295
6.951000,1,1,1,1,1,1191,2465,SPEGNIMENTO,0.820462
6.953000,1,1,1,1,1,1191,2466,SPEGNIMENTO,0.820795
6.954000,1,1,1,1,1,1191,2467,SPEGNIMENTO,0.820962
6.956000,1,1,1,1,1,1191,2468,SPEGNIMENTO,0.821295
6.958000,1,1,1,1,1,1191,2469,SPEGNIMENTO,0.821628
6.959000,1,1,1,1,1,1191,2470,SPEGNIMENTO,0.821795
6.961000,1,1,1,1,1,1191,2471,SPEGNIMENTO,0.822128
6.962000,1,1,1,1,1,1191,2472,SPEGNIMENTO,0.822295
6.964000,1,1,1,1,1,1191,2473,SPEGNIMENTO,0.822628
6.965000,1,1,1,1,1,1191,2474,SPEGNIMENTO,0.822795
6.967000,1,1,1,1,1,1191,2475,SPEGNIMENTO,0.823128
6.968000,1,1,1,1,1,1191,2476,SPEGNIMENTO,0.823295
6.970000,1,1,1,1,1,1191,2477,SPEGNIMENTO,0.823628
6.971000,1,1,1,1,1,1191,2478,SPEGNIMENTO,0.823795
6.973000,1,1,1,1,1,1191,2479,SPEGNIMENTO,0.824128
6.974000,1,1,1,1,1,1191,2480,SPEGNIMENTO,0.824295
6.976000,1,1,1,1,1,1191,2481,SPEGNIMENTO,0.824628
6.977000,1,1,1,1,1,1191,2482,SPEGNIMENTO,0.824795
6.979000,1,1,1,1,1,1191,2483,SPEGNIMENTO,0.825128
6.980000,1,1,1,1,1,1191,2484,SPEGNIMENTO,0.825295
6.982000,1,1,1,1,1,1191,2485,SPEGNIMENTO,0.825628
6.983000,1,1,1,1,1,1191,2486,SPEGNIMENTO,0.825795
6.985000,1,1,1,1,1,1191,2487,SPEGNIMENTO,0.826128
6.986000,1,1,1,1,1,1191,2488,SPEGNIMENTO,0.826294
6.988000,1,1,1,1,1,1191,2489,SPEGNIMENTO,0.826628
6.989000,1,1,1,1,1,1191,2490,SPEGNIMENTO,0.826794
6.991000,1,1,1,1,1,1191,2491,SPEGNIMENTO,0.827128
6.992000,1,1,1,1,1,1191,2492,SPEGNIMENTO,0.827294
6.994000,1,1,1,1,1,1191,2493,SPEGNIMENTO,0.827628
6.995000,1,1,1,1,1,1191,2494,SPEGNIMENTO,0.827794
6.997000,1,1,1,1,1,1191,2495,SPEGNIMENTO,0.828128
6.998000,1,1,1,1,1,1191,2496,SPEGNIMENTO,0.828294
7.000000,1,1,1,1,1,1191,2497,SPEGNIMENTO,0.828628
7.001000,1,1,1,1,1,1191,2498,SPEGNIMENTO,0.828794
7.003000,1,1,1,1,1,1191,2499,SPEGNIMENTO,0.829128
7.004000,1,1,1,1,1,1191,2500,SPEGNIMENTO,0.829294
7.006000,1,1,1,1,1,1191,2501,SPEGNIMENTO,0.829628
7.007000,1,1,1,1,1,1191,2502,SPEGNIMENTO,0.829794
7.009000,1,1,1,1,1,1191,2503,SPEGNIMENTO,0.830128
7.010000,1,1,1,1,1,1191,2504,SPEGNIMENTO,0.830294
7.012000,1,1,1,1,1,1191,2505,SPEGNIMENTO,0.830628
7.013000,1,1,1,1,1,1191,2506,SPEGNIMENTO,0.830794
7.015000,1,1,1,1,1,1191,2507,SPEGNIMENTO,0.831127
7.016000,1,1,1,1,1,1191,2508,SPEGNIMENTO,0.831294
7.018000,1,1,1,1,1,1191,2509,SPEGNIMENTO,0.831627
7.019000,1,1,1,1,1,1191,2510,SPEGNIMENTO,0.831794
7.021000,1,1,1,1,1,1191,2511,SPEGNIMENTO,0.832127
7.022000,1,1,1,1,1,1191,2512,SPEGNIMENTO,0.832294
7.024000,1,1,1,1,1,1191,2513,SPEGNIMENTO,0.832627
7.025000,1,1,1,1,1,1191,2514,SPEGNIMENTO,0.832794
7.027000,1,1,1,1,1,1191,2515,SPEGNIMENTO,0.833127
7.028000,1,1,1,1,1,1191,2516,SPEGNIMENTO,0.833294
7.030000,1,1,1,1,1,1191,2517,SPEGNIMENTO,0.833627
7.031000,1,1,1,1,1,1191,2518,SPEGNIMENTO,0.833794
7.033000,1,1,1,1,1,1191,2519,SPEGNIMENTO,0.834127
7.034000,1,1,1,1,1,1191,2520,SPEGNIMENTO,0.834294
7.036000,1,1,1,1,1,1191,2521,SPEGNIMENTO,0.834627
7.037000,1,1,1,1,1,1191,2522,SPEGNIMENTO,0.834794
7.039000,1,1,1,1,1,1191,2523,SPEGNIMENTO,0.835127
7.040000,1,1,1,1,1,1191,2524,SPEGNIMENTO,0.835294
7.042000,1,1,1,1,1,1191,2525,SPEGNIMENTO,0.835627
7.043000,1,1,1,1,1,1191,2526,SPEGNIMENTO,0.835794
7.045000,1,1,1,1,1,1191,2527,SPEGNIMENTO,0.836127
7.046000,1,1,1,1,1,1191,2528,SPEGNIMENTO,0.836294
7.048000,1,1,1,1,1,1191,2529,SPEGNIMENTO,0.836627
7.049000,1,1,1,1,1,1191,2530,SPEGNIMENTO,0.836794
7.051000,1,1,1,1,1,1191,2531,SPEGNIMENTO,0.837127
7.052000,1,1,1,1,1,1191,2532,SPEGNIMENTO,0.837294
7.054000,1,1,1,1,1,1191,2533,SPEGNIMENTO,0.837627
7.055000,1,1,1,1,1,1191,2534,SPEGNIMENTO,0.837794
7.057000,1,1,1,1,1,1191,2535,SPEGNIMENTO,0.838127
7.058000,1,1,1,1,1,1191,2536,SPEGNIMENTO,0.838294
7.060000,1,1,1,1,1,1191,2537,SPEGNIMENTO,0.838627
7.061000,1,1,1,1,1,1191,2538,SPEGNIMENTO,0.838794
7.063000,1,1,1,1,1,1191,2539,SPEGNIMENTO,0.839127
7.064000,1,1,1,1,1,1191,2540,SPEGNIMENTO,0.839294
7.066000,1,1,1,1,1,1191,2541,SPEGNIMENTO,0.839627
7.067000,1,1,1,1,1,1191,2542,SPEGNIMENTO,0.839794
7.069000,1,1,1,1,1,1191,2543,SPEGNIMENTO,0.840127
7.070000,1,1,1,1,1,1191,2544,SPEGNIMENTO,0.840293
7.072000,1,1,1,1,1,1191,2545,SPEGNIMENTO,0.840627
7.073000,1,1,1,1,1,1191,2546,SPEGNIMENTO,0.840793
7.075000,1,1,1,1,1,1191,2547,SPEGNIMENTO,0.841127
7.076000,1,1,1,1,1,1191,2548,SPEGNIMENTO,0.841293
7.078000,1,1,1,1,1,1191,2549,SPEGNIMENTO,0.841627
7.079000,1,1,1,1,1,1191,2550,SPEGNIMENTO,0.841793
7.081000,1,1,1,1,1,1191,2551,SPEGNIMENTO,0.842127
7.082000,1,1,1,1,1,1191,2552,SPEGNIMENTO,0.842293
7.084000,1,1,1,1,1,1191,2553,SPEGNIMENTO,0.842627
7.085000,1,1,1,1,1,1191,2554,SPEGNIMENTO,0.842793
7.087000,1,1,1,1,1,1191,2555,SPEGNIMENTO,0.843127
7.089000,1,1,1,1,1,1191,2556,SPEGNIMENTO,0.843460
7.090000,1,1,1,1,1,1191,2557,SPEGNIMENTO,0.843627
7.092000,1,1,1,1,1,1191,2558,SPEGNIMENTO,0.843960
7.093000,1,1,1,1,1,1191,2559,SPEGNIMENTO,0.844127
7.095000,1,1,1,1,1,1191,2560,SPEGNIMENTO,0.844460
7.096000,1,1,1,1,1,1191,2561,SPEGNIMENTO,0.844626
7.098000,1,1,1,1,1,1191,2562,SPEGNIMENTO,0.844960
7.099000,1,1,1,1,1,1191,2563,SPEGNIMENTO,0.845126
7.101000,1,1,1,1,1,1191,2564,SPEGNIMENTO,0.845460
7.102000,1,1,1,1,1,1191,2565,SPEGNIMENTO,0.845626
7.104000,1,1,1,1,1,1191,2566,SPEGNIMENTO,0.845960
7.105000,1,1,1,1,1,1191,2567,SPEGNIMENTO,0.846126
7.107000,1,1,1,1,1,1191,2568,SPEGNIMENTO,0.846460
7.108000,1,1,1,1,1,1191,2569,SPEGNIMENTO,0.846626
7.110000,1,1,1,1,1,1191,2570,SPEGNIMENTO,0.846960
7.111000,1,1,1,1,1,1191,2571,SPEGNIMENTO,0.847126
7.113000,1,1,1,1,1,1191,2572,SPEGNIMENTO,0.847460
7.114000,1,1,1,1,1,1191,2573,SPEGNIMENTO,0.847626
7.116000,1,1,1,1,1,1191,2574,SPEGNIMENTO,0.847960
7.117000,1,1,1,1,1,1191,2575,SPEGNIMENTO,0.848126
7.119000,1,1,1,1,1,1191,2576,SPEGNIMENTO,0.848460
7.120000,1,1,1,1,1,1191,2577,SPEGNIMENTO,0.848626
7.122000,1,1,1,1,1,1191,2578,SPEGNIMENTO,0.848960
7.123000,1,1,1,1,1,1191,2579,SPEGNIMENTO,0.849126
7.125000,1,1,1,1,1,1191,2580,SPEGNIMENTO,0.849459
7.126000,1,1,1,1,1,1191,2581,SPEGNIMENTO,0.849626
7.128000,1,1,1,1,1,1191,2582,SPEGNIMENTO,0.849959
7.129000,1,1,1,1,1,1191,2583,SPEGNIMENTO,0.850126
7.131000,1,1,1,1,1,1191,2584,SPEGNIMENTO,0.850459
7.132000,1,1,1,1,1,1191,2585,SPEGNIMENTO,0.850626
7.134000,1,1,1,1,1,1191,2586,SPEGNIMENTO,0.850959
7.135000,1,1,1,1,1,1191,2587,SPEGNIMENTO,0.851126
7.137000,1,1,1,1,1,1191,2588,SPEGNIMENTO,0.851459
7.138000,1,1,1,1,1,1191,2589,SPEGNIMENTO,0.851626
7.140000,1,1,1,1,1,1191,2590,SPEGNIMENTO,0.851959
7.141000,1,1,1,1,1,1191,2591,SPEGNIMENTO,0.852126
7.143000,1,1,1,1,1,1191,2592,SPEGNIMENTO,0.852459
7.144000,1,1,1,1,1,1191,2593,SPEGNIMENTO,0.852626
7.146000,1,1,1,1,1,1191,2594,SPEGNIMENTO,0.852959
7.147000,1,1,1,1,1,1191,2595,SPEGNIMENTO,0.853126
7.149000,1,1,1,1,1,1191,2596,SPEGNIMENTO,0.853459
7.150000,1,1,1,1,1,1191,2597,SPEGNIMENTO,0.853626
7.152000,1,1,1,1,1,1191,2598,SPEGNIMENTO,0.853959
7.153000,1,1,1,1,1,1191,2599,SPEGNIMENTO,0.854126
7.155000,1,1,1,1,1,1191,2600,SPEGNIMENTO,0.854459
7.156000,1,1,1,1,1,1191,2601,SPEGNIMENTO,0.854626
7.158000,1,1,1,1,1,1191,2602,SPEGNIMENTO,0.854959
7.159000,1,1,1,1,1,1191,2603,SPEGNIMENTO,0.855126
7.161000,1,1,1,1,1,1191,2604,SPEGNIMENTO,0.855459
7.162000,1,1,1,1,1,1191,2605,SPEGNIMENTO,0.855626
7.164000,1,1,1,1,1,1191,2606,SPEGNIMENTO,0.855959
7.165000,1,1,1,1,1,1191,2607,SPEGNIMENTO,0.856126
7.167000,1,1,1,1,1,1191,2608,SPEGNIMENTO,0.856459
7.168000,1,1,1,1,1,1191,2609,SPEGNIMENTO,0.856626
7.170000,1,1,1,1,1,1191,2610,SPEGNIMENTO,0.856959
7.171000,1,1,1,1,1,1191,2611,SPEGNIMENTO,0.857126
7.173000,1,1,1,1,1,1191,2612,SPEGNIMENTO,0.857459
7.174000,1,1,1,1,1,1191,2613,SPEGNIMENTO,0.857626
7.176000,1,1,1,1,1,1191,2614,SPEGNIMENTO,0.857959
7.177000,1,1,1,1,1,1191,2615,SPEGNIMENTO,0.858126
7.179000,1,1,1,1,1,1191,2616,SPEGNIMENTO,0.858459
7.180000,1,1,1,1,1,1191,2617,SPEGNIMENTO,0.858625
7.182000,1,1,1,1,1,1191,2618,SPEGNIMENTO,0.858959
7.183000,1,1,1,1,1,1191,2619,SPEGNIMENTO,0.859125
7.185000,1,1,1,1,1,1191,2620,SPEGNIMENTO,0.859459
7.186000,1,1,1,1,1,1191,2621,SPEGNIMENTO,0.859625
7.188000,1,1,1,1,1,1191,2622,SPEGNIMENTO,0.859959
7.189000,1,1,1,1,1,1191,2623,SPEGNIMENTO,0.860125
7.191000,1,1,1,1,1,1191,2624,SPEGNIMENTO,0.860459
7.192000,1,1,1,1,1,1191,2625,SPEGNIMENTO,0.860625
7.194000,1,1,1,1,1,1191,2626,SPEGNIMENTO,0.860959
7.195000,1,1,1,1,1,1191,2627,SPEGNIMENTO,0.861125
7.197000,1,1,1,1,1,1191,2628,SPEGNIMENTO,0.861459
7.198000,1,1,1,1,1,1191,2629,SPEGNIMENTO,0.861625
7.200000,1,1,1,1,1,1191,2630,SPEGNIMENTO,0.861959
7.201000,1,1,1,1,1,1191,2631,SPEGNIMENTO,0.862125
7.203000,1,1,1,1,1,1191,2632,SPEGNIMENTO,0.862459
7.204000,1,1,1,1,1,1191,2633,SPEGNIMENTO,0.862625
7.206000,1,1,1,1,1,1191,2634,SPEGNIMENTO,0.862958
7.207000,1,1,1,1,1,1191,2635,SPEGNIMENTO,0.863125
7.209000,1,1,1,1,1,1191,2636,SPEGNIMENTO,0.863458
7.210000,1,1,1,1,1,1191,2637,SPEGNIMENTO,0.863625
7.212000,1,1,1,1,1,1191,2638,SPEGNIMENTO,0.863958
7.213000,1,1,1,1,1,1191,2639,SPEGNIMENTO,0.864125
7.215000,1,1,1,1,1,1191,2640,SPEGNIMENTO,0.864458
7.216000,1,1,1,1,1,1191,2641,SPEGNIMENTO,0.864625
7.218000,1,1,1,1,1,1191,2642,SPEGNIMENTO,0.864958
7.219000,1,1,1,1,1,1191,2643,SPEGNIMENTO,0.865125
7.221000,1,1,1,1,1,1191,2644,SPEGNIMENTO,0.865458
7.222000,1,1,1,1,1,1191,2645,SPEGNIMENTO,0.865625
7.224000,1,1,1,1,1,1191,2646,SPEGNIMENTO,0.865958
7.225000,1,1,1,1,1,1191,2647,SPEGNIMENTO,0.866125
7.227000,1,1,1,1,1,1191,2648,SPEGNIMENTO,0.866458
7.228000,1,1,1,1,1,1191,2649,SPEGNIMENTO,0.866625
7.230000,1,1,1,1,1,1191,2650,SPEGNIMENTO,0.866958
7.231000,1,1,1,1,1,1191,2651,SPEGNIMENTO,0.867125
7.233000,1,1,1,1,1,1191,2652,SPEGNIMENTO,0.867458
7.234000,1,1,1,1,1,1191,2653,SPEGNIMENTO,0.867625
7.236000,1,1,1,1,1,1191,2654,SPEGNIMENTO,0.867958
7.237000,1,1,1,1,1,1191,2655,SPEGNIMENTO,0.868125
7.239000,1,1,1,1,1,1191,2656,SPEGNIMENTO,0.868458
7.240000,1,1,1,1,1,1191,2657,SPEGNIMENTO,0.868625
7.242000,1,1,1,1,1,1191,2658,SPEGNIMENTO,0.868958
7.243000,1,1,1,1,1,1191,2659,SPEGNIMENTO,0.869125
7.245000,1,1,1,1,1,1191,2660,SPEGNIMENTO,0.869458
7.246000,1,1,1,1,1,1191,2661,SPEGNIMENTO,0.869625
7.248000,1,1,1,1,1,1191,2662,SPEGNIMENTO,0.869958
7.249000,1,1,1,1,1,1191,2663,SPEGNIMENTO,0.870125
7.251000,1,1,1,1,1,1191,2664,SPEGNIMENTO,0.870458
7.252000,1,1,1,1,1,1191,2665,SPEGNIMENTO,0.870625
7.254000,1,1,1,1,1,1191,2666,SPEGNIMENTO,0.870958
7.255000,1,1,1,1,1,1191,2667,SPEGNIMENTO,0.871125
7.257000,1,1,1,1,1,1191,2668,SPEGNIMENTO,0.871458
7.258000,1,1,1,1,1,1191,2669,SPEGNIMENTO,0.871625
7.260000,1,1,1,1,1,1191,2670,SPEGNIMENTO,0.871958
7.261000,1,1,1,1,1,1191,2671,SPEGNIMENTO,0.872124
7.263000,1,1,1,1,1,1191,2672,SPEGNIMENTO,0.872458
7.264000,1,1,1,1,1,1191,2673,SPEGNIMENTO,0.872624
7.266000,1,1,1,1,1,1191,2674,SPEGNIMENTO,0.872958
7.267000,1,1,1,1,1,1191,2675,SPEGNIMENTO,0.873124
7.269000,1,1,1,1,1,1191,2676,SPEGNIMENTO,0.873458
7.270000,1,1,1,1,1,1191,2677,SPEGNIMENTO,0.873624
7.272000,1,1,1,1,1,1191,2678,SPEGNIMENTO,0.873958
7.273000,1,1,1,1,1,1191,2679,SPEGNIMENTO,0.874124
7.275000,1,1,1,1,1,1191,2680,SPEGNIMENTO,0.874458
7.276000,1,1,1,1,1,1191,2681,SPEGNIMENTO,0.874624
7.278000,1,1,1,1,1,1191,2682,SPEGNIMENTO,0.874958
7.279000,1,1,1,1,1,1191,2683,SPEGNIMENTO,0.875124
7.281000,1,1,1,1,1,1191,2684,SPEGNIMENTO,0.875458
7.282000,1,1,1,1,1,1191,2685,SPEGNIMENTO,0.875624
7.284000,1,1,1,1,1,1191,2686,SPEGNIMENTO,0.875958
7.285000,1,1,1,1,1,1191,2687,SPEGNIMENTO,0.876124
7.287000,1,1,1,1,1,1191,2688,SPEGNIMENTO,0.876458
7.288000,1,1,1,1,1,1191,2689,SPEGNIMENTO,0.876624
7.290000,1,1,1,1,1,1191,2690,SPEGNIMENTO,0.876957
7.291000,1,1,1,1,1,1191,2691,SPEGNIMENTO,0.877124
7.293000,1,1,1,1,1,1191,2692,SPEGNIMENTO,0.877457
7.294000,1,1,1,1,1,1191,2693,SPEGNIMENTO,0.877624
7.296000,1,1,1,1,1,1191,2694,SPEGNIMENTO,0.877957
7.297000,1,1,1,1,1,1191,2695,SPEGNIMENTO,0.878124
7.299000,1,1,1,1,1,1191,2696,SPEGNIMENTO,0.878457
7.300000,1,1,1,1,1,1191,2697,SPEGNIMENTO,0.878624
7.302000,1,1,1,1,1,1191,2698,SPEGNIMENTO,0.878957
7.303000,1,1,1,1,1,1191,2699,SPEGNIMENTO,0.879124
7.305000,1,1,1,1,1,1191,2700,SPEGNIMENTO,0.879457
7.306000,1,1,1,1,1,1191,2701,SPEGNIMENTO,0.879624
7.308000,1,1,1,1,1,1191,2702,SPEGNIMENTO,0.879957
7.309000,1,1,1,1,1,1191,2703,SPEGNIMENTO,0.880124
7.310000,1,1,1,1,1,1191,2704,SPEGNIMENTO,0.880291
7.312000,1,1,1,1,1,1191,2705,SPEGNIMENTO,0.880624
7.313000,1,1,1,1,1,1191,2706,SPEGNIMENTO,0.880791
7.315000,1,1,1,1,1,1191,2707,SPEGNIMENTO,0.881124
7.316000,1,1,1,1,1,1191,2708,SPEGNIMENTO,0.881290
7.318000,1,1,1,1,1,1191,2709,SPEGNIMENTO,0.881624
7.319000,1,1,1,1,1,1191,2710,SPEGNIMENTO,0.881790
7.321000,1,1,1,1,1,1191,2711,SPEGNIMENTO,0.882124
7.322000,1,1,1,1,1,1191,2712,SPEGNIMENTO,0.882290
7.324000,1,1,1,1,1,1191,2713,SPEGNIMENTO,0.882624
7.325000,1,1,1,1,1,1191,2714,SPEGNIMENTO,0.882790
7.327000,1,1,1,1,1,1191,2715,SPEGNIMENTO,0.883124
7.328000,1,1,1,1,1,1191,2716,SPEGNIMENTO,0.883290
7.330000,1,1,1,1,1,1191,2717,SPEGNIMENTO,0.883624
7.331000,1,1,1,1,1,1191,2718,SPEGNIMENTO,0.883790
7.333000,1,1,1,1,1,1191,2719,SPEGNIMENTO,0.884124
7.334000,1,1,1,1,1,1191,2720,SPEGNIMENTO,0.884290
7.336000,1,1,1,1,1,1191,2721,SPEGNIMENTO,0.884624
7.337000,1,1,1,1,1,1191,2722,SPEGNIMENTO,0.884790
7.339000,1,1,1,1,1,1191,2723,SPEGNIMENTO,0.885124
7.340000,1,1,1,1,1,1191,2724,SPEGNIMENTO,0.885290
7.342000,1,1,1,1,1,1191,2725,SPEGNIMENTO,0.885624
7.343000,1,1,1,1,1,1191,2726,SPEGNIMENTO,0.885790
7.345000,1,1,1,1,1,1191,2727,SPEGNIMENTO,0.886123
7.346000,1,1,1,1,1,1191,2728,SPEGNIMENTO,0.886290
7.348000,1,1,1,1,1,1191,2729,SPEGNIMENTO,0.886623
7.349000,1,1,1,1,1,1191,2730,SPEGNIMENTO,0.886790
7.351000,1,1,1,1,1,1191,2731,SPEGNIMENTO,0.887123
7.352000,1,1,1,1,1,1191,2732,SPEGNIMENTO,0.887290
7.354000,1,1,1,1,1,1191,2733,SPEGNIMENTO,0.887623
7.355000,1,1,1,1,1,1191,2734,SPEGNIMENTO,0.887790
7.357000,1,1,1,1,1,1191,2735,SPEGNIMENTO,0.888123
7.358000,1,1,1,1,1,1191,2736,SPEGNIMENTO,0.888290
7.360000,1,1,1,1,1,1191,2737,SPEGNIMENTO,0.888623
7.361000,1,1,1,1,1,1191,2738,SPEGNIMENTO,0.888790
7.363000,1,1,1,1,1,1191,2739,SPEGNIMENTO,0.889123
7.364000,1,1,1,1,1,1191,2740,SPEGNIMENTO,0.889290
7.366000,1,1,1,1,1,1191,2741,SPEGNIMENTO,0.889623
7.367000,1,1,1,1,1,1191,2742,SPEGNIMENTO,0.889790
7.369000,1,1,1,1,1,1191,2743,SPEGNIMENTO,0.890123
7.370000,1,1,1,1,1,1191,2744,SPEGNIMENTO,0.890290
7.372000,1,1,1,1,1,1191,2745,SPEGNIMENTO,0.890623
7.373000,1,1,1,1,1,1191,2746,SPEGNIMENTO,0.890790
7.375000,1,1,1,1,1,1191,2747,SPEGNIMENTO,0.891123
7.376000,1,1,1,1,1,1191,2748,SPEGNIMENTO,0.891290
7.378000,1,1,1,1,1,1191,2749,SPEGNIMENTO,0.891623
7.379000,1,1,1,1,1,1191,2750,SPEGNIMENTO,0.891790
7.381000,1,1,1,1,1,1191,2751,SPEGNIMENTO,0.892123
7.382000,1,1,1,1,1,1191,2752,SPEGNIMENTO,0.892290
7.384000,1,1,1,1,1,1191,2753,SPEGNIMENTO,0.892623
7.385000,1,1,1,1,1,1191,2754,SPEGNIMENTO,0.892790
7.387000,1,1,1,1,1,1191,2755,SPEGNIMENTO,0.893123
7.388000,1,1,1,1,1,1191,2756,SPEGNIMENTO,0.893290
7.389000,1,1,1,1,1,1191,2757,SPEGNIMENTO,0.893456
7.391000,1,1,1,1,1,1191,2758,SPEGNIMENTO,0.893790
7.392000,1,1,1,1,1,1191,2759,SPEGNIMENTO,0.893956
7.394000,1,1,1,1,1,1191,2760,SPEGNIMENTO,0.894290
7.395000,1,1,1,1,1,1191,2761,SPEGNIMENTO,0.894456
7.397000,1,1,1,1,1,1191,2762,SPEGNIMENTO,0.894790
7.398000,1,1,1,1,1,1191,2763,SPEGNIMENTO,0.894956
7.400000,1,1,1,1,1,1191,2764,SPEGNIMENTO,0.895289
7.401000,1,1,1,1,1,1191,2765,SPEGNIMENTO,0.895456
7.403000,1,1,1,1,1,1191,2766,SPEGNIMENTO,0.895789
7.404000,1,1,1,1,1,1191,2767,SPEGNIMENTO,0.895956
7.406000,1,1,1,1,1,1191,2768,SPEGNIMENTO,0.896289
7.407000,1,1,1,1,1,1191,2769,SPEGNIMENTO,0.896456
7.409000,1,1,1,1,1,1191,2770,SPEGNIMENTO,0.896789
7.410000,1,1,1,1,1,1191,2771,SPEGNIMENTO,0.896956
7.412000,1,1,1,1,1,1191,2772,SPEGNIMENTO,0.897289
7.413000,1,1,1,1,1,1191,2773,SPEGNIMENTO,0.897456
7.415000,1,1,1,1,1,1191,2774,SPEGNIMENTO,0.897789
7.416000,1,1,1,1,1,1191,2775,SPEGNIMENTO,0.897956
7.418000,1,1,1,1,1,1191,2776,SPEGNIMENTO,0.898289
7.419000,1,1,1,1,1,1191,2777,SPEGNIMENTO,0.898456
7.421000,1,1,1,1,1,1191,2778,SPEGNIMENTO,0.898789
7.422000,1,1,1,1,1,1191,2779,SPEGNIMENTO,0.898956
7.424000,1,1,1,1,1,1191,2780,SPEGNIMENTO,0.899289
7.425000,1,1,1,1,1,1191,2781,SPEGNIMENTO,0.899456
7.427000,1,1,1,1,1,1191,2782,SPEGNIMENTO,0.899789
7.428000,1,1,1,1,1,1191,2783,SPEGNIMENTO,0.899956
7.430000,1,1,1,1,1,1191,2784,SPEGNIMENTO,0.900289
7.431000,1,1,1,1,1,1191,2785,SPEGNIMENTO,0.900456
7.433000,1,1,1,1,1,1191,2786,SPEGNIMENTO,0.900789
7.434000,1,1,1,1,1,1191,2787,SPEGNIMENTO,0.900956
7.436000,1,1,1,1,1,1191,2788,SPEGNIMENTO,0.901289
7.437000,1,1,1,1,1,1191,2789,SPEGNIMENTO,0.901456
7.438000,1,1,1,1,1,1191,2790,SPEGNIMENTO,0.901622
7.440000,1,1,1,1,1,1191,2791,SPEGNIMENTO,0.901956
7.441000,1,1,1,1,1,1191,2792,SPEGNIMENTO,0.902122
7.443000,1,1,1,1,1,1191,2793,SPEGNIMENTO,0.902456
7.444000,1,1,1,1,1,1191,2794,SPEGNIMENTO,0.902622
7.446000,1,1,1,1,1,1191,2795,SPEGNIMENTO,0.902956
7.447000,1,1,1,1,1,1191,2796,SPEGNIMENTO,0.903122
7.449000,1,1,1,1,1,1191,2797,SPEGNIMENTO,0.903456
7.450000,1,1,1,1,1,1191,2798,SPEGNIMENTO,0.903622
7.452000,1,1,1,1,1,1191,2799,SPEGNIMENTO,0.903956
7.453000,1,1,1,1,1,1191,2800,SPEGNIMENTO,0.904122
7.455000,1,1,1,1,1,1191,2801,SPEGNIMENTO,0.904455
7.456000,1,1,1,1,1,1191,2802,SPEGNIMENTO,0.904622
7.458000,1,1,1,1,1,1191,2803,SPEGNIMENTO,0.904955
7.459000,1,1,1,1,1,1191,2804,SPEGNIMENTO,0.905122
7.461000,1,1,1,1,1,1191,2805,SPEGNIMENTO,0.905455
7.462000,1,1,1,1,1,1191,2806,SPEGNIMENTO,0.905622
7.464000,1,1,1,1,1,1191,2807,SPEGNIMENTO,0.905955
7.465000,1,1,1,1,1,1191,2808,SPEGNIMENTO,0.906122
7.467000,1,1,1,1,1,1191,2809,SPEGNIMENTO,0.906455
7.468000,1,1,1,1,1,1191,2810,SPEGNIMENTO,0.906622
7.470000,1,1,1,1,1,1191,2811,SPEGNIMENTO,0.906955
7.471000,1,1,1,1,1,1191,2812,SPEGNIMENTO,0.907122
7.472000,1,1,1,1,1,1191,2813,SPEGNIMENTO,0.907289
7.474000,1,1,1,1,1,1191,2814,SPEGNIMENTO,0.907622
7.475000,1,1,1,1,1,1191,2815,SPEGNIMENTO,0.907789
7.477000,1,1,1,1,1,1191,2816,SPEGNIMENTO,0.908122
7.478000,1,1,1,1,1,1191,2817,SPEGNIMENTO,0.908289
7.480000,1,1,1,1,1,1191,2818,SPEGNIMENTO,0.908622
7.481000,1,1,1,1,1,1191,2819,SPEGNIMENTO,0.908789
7.483000,1,1,1,1,1,1191,2820,SPEGNIMENTO,0.909122
7.484000,1,1,1,1,1,1191,2821,SPEGNIMENTO,0.909288
7.486000,1,1,1,1,1,1191,2822,SPEGNIMENTO,0.909622
7.487000,1,1,1,1,1,1191,2823,SPEGNIMENTO,0.909788
7.489000,1,1,1,1,1,1191,2824,SPEGNIMENTO,0.910122
7.490000,1,1,1,1,1,1191,2825,SPEGNIMENTO,0.910288
7.492000,1,1,1,1,1,1191,2826,SPEGNIMENTO,0.910622
7.493000,1,1,1,1,1,1191,2827,SPEGNIMENTO,0.910788
7.495000,1,1,1,1,1,1191,2828,SPEGNIMENTO,0.911122
7.496000,1,1,1,1,1,1191,2829,SPEGNIMENTO,0.911288
7.498000,1,1,1,1,1,1191,2830,SPEGNIMENTO,0.911622
7.499000,1,1,1,1,1,1191,2831,SPEGNIMENTO,0.911788
7.500000,1,1,1,1,1,1191,2832,SPEGNIMENTO,0.911955
7.502000,1,1,1,1,1,1191,2833,SPEGNIMENTO,0.912288
7.503000,1,1,1,1,1,1191,2834,SPEGNIMENTO,0.912455
7.505000,1,1,1,1,1,1191,2835,SPEGNIMENTO,0.912788
7.506000,1,1,1,1,1,1191,2836,SPEGNIMENTO,0.912955
7.508000,1,1,1,1,1,1191,2837,SPEGNIMENTO,0.913288
7.509000,1,1,1,1,1,1191,2838,SPEGNIMENTO,0.913455
7.511000,1,1,1,1,1,1191,2839,SPEGNIMENTO,0.913788
7.512000,1,1,1,1,1,1191,2840,SPEGNIMENTO,0.913955
7.514000,1,1,1,1,1,1191,2841,SPEGNIMENTO,0.914288
7.515000,1,1,1,1,1,1191,2842,SPEGNIMENTO,0.914455
7.517000,1,1,1,1,1,1191,2843,SPEGNIMENTO,0.914788
7.518000,1,1,1,1,1,1191,2844,SPEGNIMENTO,0.914955
7.520000,1,1,1,1,1,1191,2845,SPEGNIMENTO,0.915288
7.521000,1,1,1,1,1,1191,2846,SPEGNIMENTO,0.915455
7.523000,1,1,1,1,1,1191,2847,SPEGNIMENTO,0.915788
7.524000,1,1,1,1,1,1191,2848,SPEGNIMENTO,0.915955
7.525000,1,1,1,1,1,1191,2849,SPEGNIMENTO,0.916121
7.527000,1,1,1,1,1,1191,2850,SPEGNIMENTO,0.916455
7.528000,1,1,1,1,1,1191,2851,SPEGNIMENTO,0.916621
7.530000,1,1,1,1,1,1191,2852,SPEGNIMENTO,0.916955
7.531000,1,1,1,1,1,1191,2853,SPEGNIMENTO,0.917121
7.533000,1,1,1,1,1,1191,2854,SPEGNIMENTO,0.917455
7.534000,1,1,1,1,1,1191,2855,SPEGNIMENTO,0.917621
7.536000,1,1,1,1,1,1191,2856,SPEGNIMENTO,0.917955
7.537000,1,1,1,1,1,1191,2857,SPEGNIMENTO,0.918121
7.539000,1,1,1,1,1,1191,2858,SPEGNIMENTO,0.918454
7.540000,1,1,1,1,1,1191,2859,SPEGNIMENTO,0.918621
7.542000,1,1,1,1,1,1191,2860,SPEGNIMENTO,0.918954
7.543000,1,1,1,1,1,1191,2861,SPEGNIMENTO,0.919121
7.545000,1,1,1,1,1,1191,2862,SPEGNIMENTO,0.919454
7.546000,1,1,1,1,1,1191,2863,SPEGNIMENTO,0.919621
7.547000,1,1,1,1,1,1191,2864,SPEGNIMENTO,0.919788
7.549000,1,1,1,1,1,1191,2865,SPEGNIMENTO,0.920121
7.550000,1,1,1,1,1,1191,2866,SPEGNIMENTO,0.920288
7.552000,1,1,1,1,1,1191,2867,SPEGNIMENTO,0.920621
7.553000,1,1,1,1,1,1191,2868,SPEGNIMENTO,0.920788
7.555000,1,1,1,1,1,1191,2869,SPEGNIMENTO,0.921121
7.556000,1,1,1,1,1,1191,2870,SPEGNIMENTO,0.921288
7.558000,1,1,1,1,1,1191,2871,SPEGNIMENTO,0.921621
7.559000,1,1,1,1,1,1191,2872,SPEGNIMENTO,0.921788
7.561000,1,1,1,1,1,1191,2873,SPEGNIMENTO,0.922121
7.562000,1,1,1,1,1,1191,2874,SPEGNIMENTO,0.922288
7.564000,1,1,1,1,1,1191,2875,SPEGNIMENTO,0.922621
7.565000,1,1,1,1,1,1191,2876,SPEGNIMENTO,0.922787
7.566000,1,1,1,1,1,1191,2877,SPEGNIMENTO,0.922954
7.568000,1,1,1,1,1,1191,2878,SPEGNIMENTO,0.923287
7.569000,1,1,1,1,1,1191,2879,SPEGNIMENTO,0.923454
7.571000,1,1,1,1,1,1191,2880,SPEGNIMENTO,0.923787
7.572000,1,1,1,1,1,1191,2881,SPEGNIMENTO,0.923954
7.574000,1,1,1,1,1,1191,2882,SPEGNIMENTO,0.924287
7.575000,1,1,1,1,1,1191,2883,SPEGNIMENTO,0.924454
7.577000,1,1,1,1,1,1191,2884,SPEGNIMENTO,0.924787
7.578000,1,1,1,1,1,1191,2885,SPEGNIMENTO,0.924954
7.580000,1,1,1,1,1,1191,2886,SPEGNIMENTO,0.925287
7.581000,1,1,1,1,1,1191,2887,SPEGNIMENTO,0.925454
7.582000,1,1,1,1,1,1191,2888,SPEGNIMENTO,0.925621
7.584000,1,1,1,1,1,1191,2889,SPEGNIMENTO,0.925954
7.585000,1,1,1,1,1,1191,2890,SPEGNIMENTO,0.926121
7.587000,1,1,1,1,1,1191,2891,SPEGNIMENTO,0.926454
7.588000,1,1,1,1,1,1191,2892,SPEGNIMENTO,0.926621
7.590000,1,1,1,1,1,1191,2893,SPEGNIMENTO,0.926954
7.591000,1,1,1,1,1,1191,2894,SPEGNIMENTO,0.927121
7.593000,1,1,1,1,1,1191,2895,SPEGNIMENTO,0.927454
7.594000,1,1,1,1,1,1191,2896,SPEGNIMENTO,0.927620
7.596000,1,1,1,1,1,1191,2897,SPEGNIMENTO,0.927954
7.597000,1,1,1,1,1,1191,2898,SPEGNIMENTO,0.928120
7.598000,1,1,1,1,1,1191,2899,SPEGNIMENTO,0.928287
7.600000,1,1,1,1,1,1191,2900,SPEGNIMENTO,0.928620
7.601000,1,1,1,1,1,1191,2901,SPEGNIMENTO,0.928787
7.603000,1,1,1,1,1,1191,2902,SPEGNIMENTO,0.929120
7.604000,1,1,1,1,1,1191,2903,SPEGNIMENTO,0.929287
7.606000,1,1,1,1,1,1191,2904,SPEGNIMENTO,0.929620
7.607000,1,1,1,1,1,1191,2905,SPEGNIMENTO,0.929787
7.609000,1,1,1,1,1,1191,2906,SPEGNIMENTO,0.930120
7.610000,1,1,1,1,1,1191,2907,SPEGNIMENTO,0.930287
7.611000,1,1,1,1,1,1191,2908,SPEGNIMENTO,0.930454
7.613000,1,1,1,1,1,1191,2909,SPEGNIMENTO,0.930787
7.614000,1,1,1,1,1,1191,2910,SPEGNIMENTO,0.930954
7.616000,1,1,1,1,1,1191,2911,SPEGNIMENTO,0.931287
7.617000,1,1,1,1,1,1191,2912,SPEGNIMENTO,0.931454
7.619000,1,1,1,1,1,1191,2913,SPEGNIMENTO,0.931787
7.620000,1,1,1,1,1,1191,2914,SPEGNIMENTO,0.931953
7.622000,1,1,1,1,1,1191,2915,SPEGNIMENTO,0.932287
7.623000,1,1,1,1,1,1191,2916,SPEGNIMENTO,0.932453
7.624000,1,1,1,1,1,1191,2917,SPEGNIMENTO,0.932620
7.626000,1,1,1,1,1,1191,2918,SPEGNIMENTO,0.932953
7.627000,1,1,1,1,1,1191,2919,SPEGNIMENTO,0.933120
7.629000,1,1,1,1,1,1191,2920,SPEGNIMENTO,0.933453
7.630000,1,1,1,1,1,1191,2921,SPEGNIMENTO,0.933620
7.632000,1,1,1,1,1,1191,2922,SPEGNIMENTO,0.933953
7.633000,1,1,1,1,1,1191,2923,SPEGNIMENTO,0.934120
7.635000,1,1,1,1,1,1191,2924,SPEGNIMENTO,0.934453
7.636000,1,1,1,1,1,1191,2925,SPEGNIMENTO,0.934620
7.637000,1,1,1,1,1,1191,2926,SPEGNIMENTO,0.934787
7.639000,1,1,1,1,1,1191,2927,SPEGNIMENTO,0.935120
7.640000,1,1,1,1,1,1191,2928,SPEGNIMENTO,0.935287
7.642000,1,1,1,1,1,1191,2929,SPEGNIMENTO,0.935620
7.643000,1,1,1,1,1,1191,2930,SPEGNIMENTO,0.935787
7.645000,1,1,1,1,1,1191,2931,SPEGNIMENTO,0.936120
7.646000,1,1,1,1,1,1191,2932,SPEGNIMENTO,0.936287
7.648000,1,1,1,1,1,1191,2933,SPEGNIMENTO,0.936620
7.649000,1,1,1,1,1,1191,2934,SPEGNIMENTO,0.936786
7.650000,1,1,1,1,1,1191,2935,SPEGNIMENTO,0.936953
7.652000,1,1,1,1,1,1191,2936,SPEGNIMENTO,0.937286
7.653000,1,1,1,1,1,1191,2937,SPEGNIMENTO,0.937453
7.655000,1,1,1,1,1,1191,2938,SPEGNIMENTO,0.937786
7.656000,1,1,1,1,1,1191,2939,SPEGNIMENTO,0.937953
7.658000,1,1,1,1,1,1191,2940,SPEGNIMENTO,0.938286
7.659000,1,1,1,1,1,1191,2941,SPEGNIMENTO,0.938453
7.660000,1,1,1,1,1,1191,2942,SPEGNIMENTO,0.938620
7.662000,1,1,1,1,1,1191,2943,SPEGNIMENTO,0.938953
7.663000,1,1,1,1,1,1191,2944,SPEGNIMENTO,0.939120
7.665000,1,1,1,1,1,1191,2945,SPEGNIMENTO,0.939453
7.666000,1,1,1,1,1,1191,2946,SPEGNIMENTO,0.939620
7.668000,1,1,1,1,1,1191,2947,SPEGNIMENTO,0.939953
7.669000,1,1,1,1,1,1191,2948,SPEGNIMENTO,0.940120
7.670000,1,1,1,1,1,1191,2949,SPEGNIMENTO,0.940286
7.672000,1,1,1,1,1,1191,2950,SPEGNIMENTO,0.940620
7.673000,1,1,1,1,1,1191,2951,SPEGNIMENTO,0.940786
7.675000,1,1,1,1,1,1191,2952,SPEGNIMENTO,0.941119
7.676000,1,1,1,1,1,1191,2953,SPEGNIMENTO,0.941286
7.678000,1,1,1,1,1,1191,2954,SPEGNIMENTO,0.941619
7.679000,1,1,1,1,1,1191,2955,SPEGNIMENTO,0.941786
7.680000,1,1,1,1,1,1191,2956,SPEGNIMENTO,0.941953
7.682000,1,1,1,1,1,1191,2957,SPEGNIMENTO,0.942286
7.683000,1,1,1,1,1,1191,2958,SPEGNIMENTO,0.942453
7.685000,1,1,1,1,1,1191,2959,SPEGNIMENTO,0.942786
7.686000,1,1,1,1,1,1191,2960,SPEGNIMENTO,0.942953
7.688000,1,1,1,1,1,1191,2961,SPEGNIMENTO,0.943286
7.689000,1,1,1,1,1,1191,2962,SPEGNIMENTO,0.943453
7.690000,1,1,1,1,1,1191,2963,SPEGNIMENTO,0.943619
7.692000,1,1,1,1,1,1191,2964,SPEGNIMENTO,0.943953
7.693000,1,1,1,1,1,1191,2965,SPEGNIMENTO,0.944119
7.695000,1,1,1,1,1,1191,2966,SPEGNIMENTO,0.944453
7.696000,1,1,1,1,1,1191,2967,SPEGNIMENTO,0.944619
7.697000,1,1,1,1,1,1191,2968,SPEGNIMENTO,0.944786
7.699000,1,1,1,1,1,1191,2969,SPEGNIMENTO,0.945119
7.700000,1,1,1,1,1,1191,2970,SPEGNIMENTO,0.945286
7.702000,1,1,1,1,1,1191,2971,SPEGNIMENTO,0.945619
7.703000,1,1,1,1,1,1191,2972,SPEGNIMENTO,0.945786
7.705000,1,1,1,1,1,1191,2973,SPEGNIMENTO,0.946119
7.706000,1,1,1,1,1,1191,2974,SPEGNIMENTO,0.946286
7.707000,1,1,1,1,1,1191,2975,SPEGNIMENTO,0.946452
7.709000,1,1,1,1,1,1191,2976,SPEGNIMENTO,0.946786
7.710000,1,1,1,1,1,1191,2977,SPEGNIMENTO,0.946952
7.712000,1,1,1,1,1,1191,2978,SPEGNIMENTO,0.947286
7.713000,1,1,1,1,1,1191,2979,SPEGNIMENTO,0.947452
7.714000,1,1,1,1,1,1191,2980,SPEGNIMENTO,0.947619
7.716000,1,1,1,1,1,1191,2981,SPEGNIMENTO,0.947952
7.717000,1,1,1,1,1,1191,2982,SPEGNIMENTO,0.948119
7.719000,1,1,1,1,1,1191,2983,SPEGNIMENTO,0.948452
7.720000,1,1,1,1,1,1191,2984,SPEGNIMENTO,0.948619
7.721000,1,1,1,1,1,1191,2985,SPEGNIMENTO,0.948786
7.723000,1,1,1,1,1,1191,2986,SPEGNIMENTO,0.949119
7.724000,1,1,1,1,1,1191,2987,SPEGNIMENTO,0.949286
7.726000,1,1,1,1,1,1191,2988,SPEGNIMENTO,0.949619
7.727000,1,1,1,1,1,1191,2989,SPEGNIMENTO,0.949786
7.728000,1,1,1,1,1,1191,2990,SPEGNIMENTO,0.949952
7.730000,1,1,1,1,1,1191,2991,SPEGNIMENTO,0.950285
7.731000,1,1,1,1,1,1191,2992,SPEGNIMENTO,0.950452
7.733000,1,1,1,1,1,1191,2993,SPEGNIMENTO,0.950785
7.734000,1,1,1,1,1,1191,2994,SPEGNIMENTO,0.950952
7.736000,1,1,1,1,1,1191,2995,SPEGNIMENTO,0.951285
7.737000,1,1,1,1,1,1191,2996,SPEGNIMENTO,0.951452
7.738000,1,1,1,1,1,1191,2997,SPEGNIMENTO,0.951619
7.740000,1,1,1,1,1,1191,2998,SPEGNIMENTO,0.951952
7.741000,1,1,1,1,1,1191,2999,SPEGNIMENTO,0.952119
7.743000,1,1,1,1,1,1191,3000,SPEGNIMENTO,0.952452
7.744000,1,1,1,1,1,1191,3001,SPEGNIMENTO,0.952619
7.745000,1,1,1,1,1,1191,3002,SPEGNIMENTO,0.952785
7.747000,1,1,1,1,1,1191,3003,SPEGNIMENTO,0.953119
7.748000,1,1,1,1,1,1191,3004,SPEGNIMENTO,0.953285
7.749000,1,1,1,1,1,1191,3005,SPEGNIMENTO,0.953452
7.751000,1,1,1,1,1,1191,3006,SPEGNIMENTO,0.953785
7.752000,1,1,1,1,1,1191,3007,SPEGNIMENTO,0.953952
7.754000,1,1,1,1,1,1191,3008,SPEGNIMENTO,0.954285
7.755000,1,1,1,1,1,1191,3009,SPEGNIMENTO,0.954452
7.756000,1,1,1,1,1,1191,3010,SPEGNIMENTO,0.954619
7.758000,1,1,1,1,1,1191,3011,SPEGNIMENTO,0.954952
7.759000,1,1,1,1,1,1191,3012,SPEGNIMENTO,0.955118
7.761000,1,1,1,1,1,1191,3013,SPEGNIMENTO,0.955452
7.762000,1,1,1,1,1,1191,3014,SPEGNIMENTO,0.955618
7.763000,1,1,1,1,1,1191,3015,SPEGNIMENTO,0.955785
7.765000,1,1,1,1,1,1191,3016,SPEGNIMENTO,0.956118
7.766000,1,1,1,1,1,1191,3017,SPEGNIMENTO,0.956285
7.768000,1,1,1,1,1,1191,3018,SPEGNIMENTO,0.956618
7.769000,1,1,1,1,1,1191,3019,SPEGNIMENTO,0.956785
7.770000,1,1,1,1,1,1191,3020,SPEGNIMENTO,0.956952
7.772000,1,1,1,1,1,1191,3021,SPEGNIMENTO,0.957285
7.773000,1,1,1,1,1,1191,3022,SPEGNIMENTO,0.957452
7.774000,1,1,1,1,1,1191,3023,SPEGNIMENTO,0.957618
7.776000,1,1,1,1,1,1191,3024,SPEGNIMENTO,0.957952
7.777000,1,1,1,1,1,1191,3025,SPEGNIMENTO,0.958118
7.779000,1,1,1,1,1,1191,3026,SPEGNIMENTO,0.958452
7.780000,1,1,1,1,1,1191,3027,SPEGNIMENTO,0.958618
7.781000,1,1,1,1,1,1191,3028,SPEGNIMENTO,0.958785
7.783000,1,1,1,1,1,1191,3029,SPEGNIMENTO,0.959118
7.784000,1,1,1,1,1,1191,3030,SPEGNIMENTO,0.959285
7.785000,1,1,1,1,1,1191,3031,SPEGNIMENTO,0.959451
7.787000,1,1,1,1,1,1191,3032,SPEGNIMENTO,0.959785
7.788000,1,1,1,1,1,1191,3033,SPEGNIMENTO,0.959951
7.790000,1,1,1,1,1,1191,3034,SPEGNIMENTO,0.960285
7.791000,1,1,1,1,1,1191,3035,SPEGNIMENTO,0.960451
7.792000,1,1,1,1,1,1191,3036,SPEGNIMENTO,0.960618
7.794000,1,1,1,1,1,1191,3037,SPEGNIMENTO,0.960951
7.795000,1,1,1,1,1,1191,3038,SPEGNIMENTO,0.961118
7.796000,1,1,1,1,1,1191,3039,SPEGNIMENTO,0.961285
7.798000,1,1,1,1,1,1191,3040,SPEGNIMENTO,0.961618
7.799000,1,1,1,1,1,1191,3041,SPEGNIMENTO,0.961785
7.801000,1,1,1,1,1,1191,3042,SPEGNIMENTO,0.962118
7.802000,1,1,1,1,1,1191,3043,SPEGNIMENTO,0.962285
7.803000,1,1,1,1,1,1191,3044,SPEGNIMENTO,0.962451
7.805000,1,1,1,1,1,1191,3045,SPEGNIMENTO,0.962785
7.806000,1,1,1,1,1,1191,3046,SPEGNIMENTO,0.962951
7.807000,1,1,1,1,1,1191,3047,SPEGNIMENTO,0.963118
7.809000,1,1,1,1,1,1191,3048,SPEGNIMENTO,0.963451
7.810000,1,1,1,1,1,1191,3049,SPEGNIMENTO,0.963618
7.811000,1,1,1,1,1,1191,3050,SPEGNIMENTO,0.963785
7.813000,1,1,1,1,1,1191,3051,SPEGNIMENTO,0.964118
7.814000,1,1,1,1,1,1191,3052,SPEGNIMENTO,0.964284
7.816000,1,1,1,1,1,1191,3053,SPEGNIMENTO,0.964618
7.817000,1,1,1,1,1,1191,3054,SPEGNIMENTO,0.964784
7.818000,1,1,1,1,1,1191,3055,SPEGNIMENTO,0.964951
7.820000,1,1,1,1,1,1191,3056,SPEGNIMENTO,0.965284
7.821000,1,1,1,1,1,1191,3057,SPEGNIMENTO,0.965451
7.822000,1,1,1,1,1,1191,3058,SPEGNIMENTO,0.965618
7.824000,1,1,1,1,1,1191,3059,SPEGNIMENTO,0.965951
7.825000,1,1,1,1,1,1191,3060,SPEGNIMENTO,0.966118
7.826000,1,1,1,1,1,1191,3061,SPEGNIMENTO,0.966284
7.828000,1,1,1,1,1,1191,3062,SPEGNIMENTO,0.966618
7.829000,1,1,1,1,1,1191,3063,SPEGNIMENTO,0.966784
7.830000,1,1,1,1,1,1191,3064,SPEGNIMENTO,0.966951
7.832000,1,1,1,1,1,1191,3065,SPEGNIMENTO,0.967284
7.833000,1,1,1,1,1,1191,3066,SPEGNIMENTO,0.967451
7.834000,1,1,1,1,1,1191,3067,SPEGNIMENTO,0.967618
7.836000,1,1,1,1,1,1191,3068,SPEGNIMENTO,0.967951
7.837000,1,1,1,1,1,1191,3069,SPEGNIMENTO,0.968118
7.838000,1,1,1,1,1,1191,3070,SPEGNIMENTO,0.968284
7.840000,1,1,1,1,1,1191,3071,SPEGNIMENTO,0.968617
7.841000,1,1,1,1,1,1191,3072,SPEGNIMENTO,0.968784
7.842000,1,1,1,1,1,1191,3073,SPEGNIMENTO,0.968951
7.844000,1,1,1,1,1,1191,3074,SPEGNIMENTO,0.969284
7.845000,1,1,1,1,1,1191,3075,SPEGNIMENTO,0.969451
7.847000,1,1,1,1,1,1191,3076,SPEGNIMENTO,0.969784
7.848000,1,1,1,1,1,1191,3077,SPEGNIMENTO,0.969951
7.849000,1,1,1,1,1,1191,3078,SPEGNIMENTO,0.970117
7.851000,1,1,1,1,1,1191,3079,SPEGNIMENTO,0.970451
7.852000,1,1,1,1,1,1191,3080,SPEGNIMENTO,0.970617
7.853000,1,1,1,1,1,1191,3081,SPEGNIMENTO,0.970784
7.855000,1,1,1,1,1,1191,3082,SPEGNIMENTO,0.971117
7.856000,1,1,1,1,1,1191,3083,SPEGNIMENTO,0.971284
7.857000,1,1,1,1,1,1191,3084,SPEGNIMENTO,0.971451
7.858000,1,1,1,1,1,1191,3085,SPEGNIMENTO,0.971617
7.860000,1,1,1,1,1,1191,3086,SPEGNIMENTO,0.971951
7.861000,1,1,1,1,1,1191,3087,SPEGNIMENTO,0.972117
7.862000,1,1,1,1,1,1191,3088,SPEGNIMENTO,0.972284
7.864000,1,1,1,1,1,1191,3089,SPEGNIMENTO,0.972617
7.865000,1,1,1,1,1,1191,3090,SPEGNIMENTO,0.972784
7.866000,1,1,1,1,1,1191,3091,SPEGNIMENTO,0.972951
7.868000,1,1,1,1,1,1191,3092,SPEGNIMENTO,0.973284
7.869000,1,1,1,1,1,1191,3093,SPEGNIMENTO,0.973450
7.870000,1,1,1,1,1,1191,3094,SPEGNIMENTO,0.973617
7.872000,1,1,1,1,1,1191,3095,SPEGNIMENTO,0.973950
7.873000,1,1,1,1,1,1191,3096,SPEGNIMENTO,0.974117
7.874000,1,1,1,1,1,1191,3097,SPEGNIMENTO,0.974284
7.876000,1,1,1,1,1,1191,3098,SPEGNIMENTO,0.974617
7.877000,1,1,1,1,1,1191,3099,SPEGNIMENTO,0.974784
7.878000,1,1,1,1,1,1191,3100,SPEGNIMENTO,0.974950
7.880000,1,1,1,1,1,1191,3101,SPEGNIMENTO,0.975284
7.881000,1,1,1,1,1,1191,3102,SPEGNIMENTO,0.975450
7.882000,1,1,1,1,1,1191,3103,SPEGNIMENTO,0.975617
7.884000,1,1,1,1,1,1191,3104,SPEGNIMENTO,0.975950
7.885000,1,1,1,1,1,1191,3105,SPEGNIMENTO,0.976117
7.886000,1,1,1,1,1,1191,3106,SPEGNIMENTO,0.976284
7.887000,1,1,1,1,1,1191,3107,SPEGNIMENTO,0.976450
7.889000,1,1,1,1,1,1191,3108,SPEGNIMENTO,0.976784
7.890000,1,1,1,1,1,1191,3109,SPEGNIMENTO,0.976950
7.891000,1,1,1,1,1,1191,3110,SPEGNIMENTO,0.977117
7.893000,1,1,1,1,1,1191,3111,SPEGNIMENTO,0.977450
7.894000,1,1,1,1,1,1191,3112,SPEGNIMENTO,0.977617
7.895000,1,1,1,1,1,1191,3113,SPEGNIMENTO,0.977784
7.897000,1,1,1,1,1,1191,3114,SPEGNIMENTO,0.978117
7.898000,1,1,1,1,1,1191,3115,SPEGNIMENTO,0.978283
7.899000,1,1,1,1,1,1191,3116,SPEGNIMENTO,0.978450
7.900000,1,1,1,1,1,1191,3117,SPEGNIMENTO,0.978617
7.902000,1,1,1,1,1,1191,3118,SPEGNIMENTO,0.978950
7.903000,1,1,1,1,1,1191,3119,SPEGNIMENTO,0.979117
7.904000,1,1,1,1,1,1191,3120,SPEGNIMENTO,0.979283
7.906000,1,1,1,1,1,1191,3121,SPEGNIMENTO,0.979617
7.907000,1,1,1,1,1,1191,3122,SPEGNIMENTO,0.979783
7.908000,1,1,1,1,1,1191,3123,SPEGNIMENTO,0.979950
7.909000,1,1,1,1,1,1191,3124,SPEGNIMENTO,0.980117
7.911000,1,1,1,1,1,1191,3125,SPEGNIMENTO,0.980450
7.912000,1,1,1,1,1,1191,3126,SPEGNIMENTO,0.980617
7.913000,1,1,1,1,1,1191,3127,SPEGNIMENTO,0.980783
7.915000,1,1,1,1,1,1191,3128,SPEGNIMENTO,0.981117
7.916000,1,1,1,1,1,1191,3129,SPEGNIMENTO,0.981283
7.917000,1,1,1,1,1,1191,3130,SPEGNIMENTO,0.981450
7.918000,1,1,1,1,1,1191,3131,SPEGNIMENTO,0.981617
7.920000,1,1,1,1,1,1191,3132,SPEGNIMENTO,0.981950
7.921000,1,1,1,1,1,1191,3133,SPEGNIMENTO,0.982117
7.922000,1,1,1,1,1,1191,3134,SPEGNIMENTO,0.982283
7.924000,1,1,1,1,1,1191,3135,SPEGNIMENTO,0.982616
7.925000,1,1,1,1,1,1191,3136,SPEGNIMENTO,0.982783
7.926000,1,1,1,1,1,1191,3137,SPEGNIMENTO,0.982950
7.927000,1,1,1,1,1,1191,3138,SPEGNIMENTO,0.983116
7.929000,1,1,1,1,1,1191,3139,SPEGNIMENTO,0.983450
7.930000,1,1,1,1,1,1191,3140,SPEGNIMENTO,0.983616
7.931000,1,1,1,1,1,1191,3141,SPEGNIMENTO,0.983783
7.932000,1,1,1,1,1,1191,3142,SPEGNIMENTO,0.983950
7.934000,1,1,1,1,1,1191,3143,SPEGNIMENTO,0.984283
7.935000,1,1,1,1,1,1191,3144,SPEGNIMENTO,0.984450
7.936000,1,1,1,1,1,1191,3145,SPEGNIMENTO,0.984616
7.937000,1,1,1,1,1,1191,3146,SPEGNIMENTO,0.984783
7.939000,1,1,1,1,1,1191,3147,SPEGNIMENTO,0.985116
7.940000,1,1,1,1,1,1191,3148,SPEGNIMENTO,0.985283
7.941000,1,1,1,1,1,1191,3149,SPEGNIMENTO,0.985450
7.942000,1,1,1,1,1,1191,3150,SPEGNIMENTO,0.985616
7.944000,1,1,1,1,1,1191,3151,SPEGNIMENTO,0.985950
7.945000,1,1,1,1,1,1191,3152,SPEGNIMENTO,0.986116
7.946000,1,1,1,1,1,1191,3153,SPEGNIMENTO,0.986283
7.947000,1,1,1,1,1,1191,3154,SPEGNIMENTO,0.986450
7.949000,1,1,1,1,1,1191,3155,SPEGNIMENTO,0.986783
7.950000,1,1,1,1,1,1191,3156,SPEGNIMENTO,0.986950
7.951000,1,1,1,1,1,1191,3157,SPEGNIMENTO,0.987116
7.952000,1,1,1,1,1,1191,3158,SPEGNIMENTO,0.987283
7.954000,1,1,1,1,1,1191,3159,SPEGNIMENTO,0.987616
7.955000,1,1,1,1,1,1191,3160,SPEGNIMENTO,0.987783
7.956000,1,1,1,1,1,1191,3161,SPEGNIMENTO,0.987949
7.957000,1,1,1,1,1,1191,3162,SPEGNIMENTO,0.988116
7.959000,1,1,1,1,1,1191,3163,SPEGNIMENTO,0.988449
7.960000,1,1,1,1,1,1191,3164,SPEGNIMENTO,0.988616
7.961000,1,1,1,1,1,1191,3165,SPEGNIMENTO,0.988783
7.962000,1,1,1,1,1,1191,3166,SPEGNIMENTO,0.988949
7.964000,1,1,1,1,1,1191,3167,SPEGNIMENTO,0.989283
7.965000,1,1,1,1,1,1191,3168,SPEGNIMENTO,0.989449
7.966000,1,1,1,1,1,1191,3169,SPEGNIMENTO,0.989616
7.967000,1,1,1,1,1,1191,3170,SPEGNIMENTO,0.989783
7.969000,1,1,1,1,1,1191,3171,SPEGNIMENTO,0.990116
7.970000,1,1,1,1,1,1191,3172,SPEGNIMENTO,0.990283
7.971000,1,1,1,1,1,1191,3173,SPEGNIMENTO,0.990449
7.972000,1,1,1,1,1,1191,3174,SPEGNIMENTO,0.990616
7.973000,1,1,1,1,1,1191,3175,SPEGNIMENTO,0.990783
7.975000,1,1,1,1,1,1191,3176,SPEGNIMENTO,0.991116
7.976000,1,1,1,1,1,1191,3177,SPEGNIMENTO,0.991283
7.977000,1,1,1,1,1,1191,3178,SPEGNIMENTO,0.991449
7.978000,1,1,1,1,1,1191,3179,SPEGNIMENTO,0.991616
7.979000,1,1,1,1,1,1191,3180,SPEGNIMENTO,0.991782
7.981000,1,1,1,1,1,1191,3181,SPEGNIMENTO,0.992116
7.982000,1,1,1,1,1,1191,3182,SPEGNIMENTO,0.992282
7.983000,1,1,1,1,1,1191,3183,SPEGNIMENTO,0.992449
7.984000,1,1,1,1,1,1191,3184,SPEGNIMENTO,0.992616
7.986000,1,1,1,1,1,1191,3185,SPEGNIMENTO,0.992949
7.987000,1,1,1,1,1,1191,3186,SPEGNIMENTO,0.993116
7.988000,1,1,1,1,1,1191,3187,SPEGNIMENTO,0.993282
7.989000,1,1,1,1,1,1191,3188,SPEGNIMENTO,0.993449
7.990000,1,1,1,1,1,1191,3189,SPEGNIMENTO,0.993616
7.992000,1,1,1,1,1,1191,3190,SPEGNIMENTO,0.993949
7.993000,1,1,1,1,1,1191,3191,SPEGNIMENTO,0.994116
7.994000,1,1,1,1,1,1191,3192,SPEGNIMENTO,0.994282
7.995000,1,1,1,1,1,1191,3193,SPEGNIMENTO,0.994449
7.996000,1,1,1,1,1,1191,3194,SPEGNIMENTO,0.994616
7.998000,1,1,1,1,1,1191,3195,SPEGNIMENTO,0.994949
7.999000,1,1,1,1,1,1191,3196,SPEGNIMENTO,0.995116
8.000000,1,1,1,1,1,1191,3197,SPEGNIMENTO,0.995282
8.001000,1,1,1,1,1,1191,3198,SPEGNIMENTO,0.995449
8.002000,1,1,1,1,1,1191,3199,SPEGNIMENTO,0.995616
8.004000,1,1,1,1,1,1191,3200,SPEGNIMENTO,0.995949
8.005000,1,1,1,1,1,1191,3201,SPEGNIMENTO,0.996116
8.006000,1,1,1,1,1,1191,3202,SPEGNIMENTO,0.996282
8.007000,1,1,1,1,1,1191,3203,SPEGNIMENTO,0.996449
8.008000,1,1,1,1,1,1191,3204,SPEGNIMENTO,0.996615
8.009000,1,1,1,1,1,1191,3205,SPEGNIMENTO,0.996782
8.011000,1,1,1,1,1,1191,3206,SPEGNIMENTO,0.997115
8.012000,1,1,1,1,1,1191,3207,SPEGNIMENTO,0.997282
8.013000,1,1,1,1,1,1191,3208,SPEGNIMENTO,0.997449
8.014000,1,1,1,1,1,1191,3209,SPEGNIMENTO,0.997615
8.015000,1,1,1,1,1,1191,3210,SPEGNIMENTO,0.997782
8.016000,1,1,1,1,1,1191,3211,SPEGNIMENTO,0.997949
8.018000,1,1,1,1,1,1191,3212,SPEGNIMENTO,0.998282
8.019000,1,1,1,1,1,1191,3213,SPEGNIMENTO,0.998449
8.020000,1,1,1,1,1,1191,3214,SPEGNIMENTO,0.998615
8.021000,1,1,1,1,1,1191,3215,SPEGNIMENTO,0.998782
8.022000,1,1,1,1,1,1191,3216,SPEGNIMENTO,0.998949
8.023000,1,1,1,1,1,1191,3217,SPEGNIMENTO,0.999115
8.025000,1,1,1,1,1,1191,3218,SPEGNIMENTO,0.999449
8.026000,1,1,1,1,1,1191,3219,SPEGNIMENTO,0.999615
8.027000,1,1,1,1,1,1191,3220,SPEGNIMENTO,0.999782
8.028000,1,1,1,1,1,1191,3221,SPEGNIMENTO,0.999949
8.529000,1,1,0,1,1,1191,3221,SPEGNIMENTO,1.000000
8.549000,1,1,0,0,1,1191,3221,SPEGNIMENTO,1.000000
8.629000,0,0,0,0,0,0,0,STANDBY,1.000000
