t,mains_req,vrelay_en,mute_req,permit_req,dac_on,code_s,code_p,stato,d
0.000000,1,1,0,0,1,1192,3221,MUTO,1.000000
2.021000,1,1,1,1,1,1192,3221,RILASCIO,1.000000
2.032000,1,1,1,1,1,1192,3220,RILASCIO,0.999833
2.033000,1,1,1,1,1,1192,3219,RILASCIO,0.999667
2.034000,1,1,1,1,1,1192,3218,RILASCIO,0.999500
2.036000,1,1,1,1,1,1192,3217,RILASCIO,0.999167
2.037000,1,1,1,1,1,1192,3216,RILASCIO,0.999000
2.038000,1,1,1,1,1,1192,3215,RILASCIO,0.998833
2.039000,1,1,1,1,1,1192,3214,RILASCIO,0.998667
2.040000,1,1,1,1,1,1192,3213,RILASCIO,0.998500
2.041000,1,1,1,1,1,1192,3212,RILASCIO,0.998333
2.043000,1,1,1,1,1,1192,3211,RILASCIO,0.998000
2.044000,1,1,1,1,1,1192,3210,RILASCIO,0.997833
2.045000,1,1,1,1,1,1192,3209,RILASCIO,0.997667
2.046000,1,1,1,1,1,1192,3208,RILASCIO,0.997500
2.047000,1,1,1,1,1,1192,3207,RILASCIO,0.997334
2.049000,1,1,1,1,1,1192,3206,RILASCIO,0.997000
2.050000,1,1,1,1,1,1192,3205,RILASCIO,0.996834
2.051000,1,1,1,1,1,1192,3204,RILASCIO,0.996667
2.052000,1,1,1,1,1,1192,3203,RILASCIO,0.996500
2.053000,1,1,1,1,1,1192,3202,RILASCIO,0.996334
2.054000,1,1,1,1,1,1192,3201,RILASCIO,0.996167
2.056000,1,1,1,1,1,1192,3200,RILASCIO,0.995834
2.057000,1,1,1,1,1,1192,3199,RILASCIO,0.995667
2.058000,1,1,1,1,1,1192,3198,RILASCIO,0.995500
2.059000,1,1,1,1,1,1192,3197,RILASCIO,0.995334
2.060000,1,1,1,1,1,1192,3196,RILASCIO,0.995167
2.062000,1,1,1,1,1,1192,3195,RILASCIO,0.994834
2.063000,1,1,1,1,1,1192,3194,RILASCIO,0.994667
2.064000,1,1,1,1,1,1192,3193,RILASCIO,0.994500
2.065000,1,1,1,1,1,1192,3192,RILASCIO,0.994334
2.066000,1,1,1,1,1,1192,3191,RILASCIO,0.994167
2.068000,1,1,1,1,1,1192,3190,RILASCIO,0.993834
2.069000,1,1,1,1,1,1192,3189,RILASCIO,0.993667
2.070000,1,1,1,1,1,1192,3188,RILASCIO,0.993500
2.071000,1,1,1,1,1,1192,3187,RILASCIO,0.993334
2.072000,1,1,1,1,1,1192,3186,RILASCIO,0.993167
2.074000,1,1,1,1,1,1192,3185,RILASCIO,0.992834
2.075000,1,1,1,1,1,1192,3184,RILASCIO,0.992667
2.076000,1,1,1,1,1,1192,3183,RILASCIO,0.992501
2.077000,1,1,1,1,1,1192,3182,RILASCIO,0.992334
2.078000,1,1,1,1,1,1192,3181,RILASCIO,0.992167
2.080000,1,1,1,1,1,1192,3180,RILASCIO,0.991834
2.081000,1,1,1,1,1,1192,3179,RILASCIO,0.991667
2.082000,1,1,1,1,1,1192,3178,RILASCIO,0.991501
2.083000,1,1,1,1,1,1192,3177,RILASCIO,0.991334
2.084000,1,1,1,1,1,1192,3176,RILASCIO,0.991167
2.086000,1,1,1,1,1,1192,3175,RILASCIO,0.990834
2.087000,1,1,1,1,1,1192,3174,RILASCIO,0.990667
2.088000,1,1,1,1,1,1192,3173,RILASCIO,0.990501
2.089000,1,1,1,1,1,1192,3172,RILASCIO,0.990334
2.091000,1,1,1,1,1,1192,3171,RILASCIO,0.990001
2.092000,1,1,1,1,1,1192,3170,RILASCIO,0.989834
2.093000,1,1,1,1,1,1192,3169,RILASCIO,0.989667
2.094000,1,1,1,1,1,1192,3168,RILASCIO,0.989501
2.095000,1,1,1,1,1,1192,3167,RILASCIO,0.989334
2.097000,1,1,1,1,1,1192,3166,RILASCIO,0.989001
2.098000,1,1,1,1,1,1192,3165,RILASCIO,0.988834
2.099000,1,1,1,1,1,1192,3164,RILASCIO,0.988667
2.100000,1,1,1,1,1,1192,3163,RILASCIO,0.988501
2.102000,1,1,1,1,1,1192,3162,RILASCIO,0.988168
2.103000,1,1,1,1,1,1192,3161,RILASCIO,0.988001
2.104000,1,1,1,1,1,1192,3160,RILASCIO,0.987834
2.105000,1,1,1,1,1,1192,3159,RILASCIO,0.987668
2.107000,1,1,1,1,1,1192,3158,RILASCIO,0.987334
2.108000,1,1,1,1,1,1192,3157,RILASCIO,0.987168
2.109000,1,1,1,1,1,1192,3156,RILASCIO,0.987001
2.110000,1,1,1,1,1,1192,3155,RILASCIO,0.986834
2.112000,1,1,1,1,1,1192,3154,RILASCIO,0.986501
2.113000,1,1,1,1,1,1192,3153,RILASCIO,0.986334
2.114000,1,1,1,1,1,1192,3152,RILASCIO,0.986168
2.115000,1,1,1,1,1,1192,3151,RILASCIO,0.986001
2.117000,1,1,1,1,1,1192,3150,RILASCIO,0.985668
2.118000,1,1,1,1,1,1192,3149,RILASCIO,0.985501
2.119000,1,1,1,1,1,1192,3148,RILASCIO,0.985334
2.120000,1,1,1,1,1,1192,3147,RILASCIO,0.985168
2.122000,1,1,1,1,1,1192,3146,RILASCIO,0.984834
2.123000,1,1,1,1,1,1192,3145,RILASCIO,0.984668
2.124000,1,1,1,1,1,1192,3144,RILASCIO,0.984501
2.125000,1,1,1,1,1,1192,3143,RILASCIO,0.984334
2.127000,1,1,1,1,1,1192,3142,RILASCIO,0.984001
2.128000,1,1,1,1,1,1192,3141,RILASCIO,0.983835
2.129000,1,1,1,1,1,1192,3140,RILASCIO,0.983668
2.130000,1,1,1,1,1,1192,3139,RILASCIO,0.983501
2.132000,1,1,1,1,1,1192,3138,RILASCIO,0.983168
2.133000,1,1,1,1,1,1192,3137,RILASCIO,0.983001
2.134000,1,1,1,1,1,1192,3136,RILASCIO,0.982835
2.136000,1,1,1,1,1,1192,3135,RILASCIO,0.982501
2.137000,1,1,1,1,1,1192,3134,RILASCIO,0.982335
2.138000,1,1,1,1,1,1192,3133,RILASCIO,0.982168
2.139000,1,1,1,1,1,1192,3132,RILASCIO,0.982001
2.141000,1,1,1,1,1,1192,3131,RILASCIO,0.981668
2.142000,1,1,1,1,1,1192,3130,RILASCIO,0.981501
2.143000,1,1,1,1,1,1192,3129,RILASCIO,0.981335
2.144000,1,1,1,1,1,1192,3128,RILASCIO,0.981168
2.146000,1,1,1,1,1,1192,3127,RILASCIO,0.980835
2.147000,1,1,1,1,1,1192,3126,RILASCIO,0.980668
2.148000,1,1,1,1,1,1192,3125,RILASCIO,0.980501
2.150000,1,1,1,1,1,1192,3124,RILASCIO,0.980168
2.151000,1,1,1,1,1,1192,3123,RILASCIO,0.980001
2.152000,1,1,1,1,1,1192,3122,RILASCIO,0.979835
2.153000,1,1,1,1,1,1192,3121,RILASCIO,0.979668
2.155000,1,1,1,1,1,1192,3120,RILASCIO,0.979335
2.156000,1,1,1,1,1,1192,3119,RILASCIO,0.979168
2.157000,1,1,1,1,1,1192,3118,RILASCIO,0.979002
2.159000,1,1,1,1,1,1192,3117,RILASCIO,0.978668
2.160000,1,1,1,1,1,1192,3116,RILASCIO,0.978502
2.161000,1,1,1,1,1,1192,3115,RILASCIO,0.978335
2.162000,1,1,1,1,1,1192,3114,RILASCIO,0.978168
2.164000,1,1,1,1,1,1192,3113,RILASCIO,0.977835
2.165000,1,1,1,1,1,1192,3112,RILASCIO,0.977668
2.166000,1,1,1,1,1,1192,3111,RILASCIO,0.977502
2.168000,1,1,1,1,1,1192,3110,RILASCIO,0.977168
2.169000,1,1,1,1,1,1192,3109,RILASCIO,0.977002
2.170000,1,1,1,1,1,1192,3108,RILASCIO,0.976835
2.172000,1,1,1,1,1,1192,3107,RILASCIO,0.976502
2.173000,1,1,1,1,1,1192,3106,RILASCIO,0.976335
2.174000,1,1,1,1,1,1192,3105,RILASCIO,0.976168
2.175000,1,1,1,1,1,1192,3104,RILASCIO,0.976002
2.177000,1,1,1,1,1,1192,3103,RILASCIO,0.975668
2.178000,1,1,1,1,1,1192,3102,RILASCIO,0.975502
2.179000,1,1,1,1,1,1192,3101,RILASCIO,0.975335
2.181000,1,1,1,1,1,1192,3100,RILASCIO,0.975002
2.182000,1,1,1,1,1,1192,3099,RILASCIO,0.974835
2.183000,1,1,1,1,1,1192,3098,RILASCIO,0.974669
2.185000,1,1,1,1,1,1192,3097,RILASCIO,0.974335
2.186000,1,1,1,1,1,1192,3096,RILASCIO,0.974169
2.187000,1,1,1,1,1,1192,3095,RILASCIO,0.974002
2.189000,1,1,1,1,1,1192,3094,RILASCIO,0.973669
2.190000,1,1,1,1,1,1192,3093,RILASCIO,0.973502
2.191000,1,1,1,1,1,1192,3092,RILASCIO,0.973335
2.193000,1,1,1,1,1,1192,3091,RILASCIO,0.973002
2.194000,1,1,1,1,1,1192,3090,RILASCIO,0.972835
2.195000,1,1,1,1,1,1192,3089,RILASCIO,0.972669
2.197000,1,1,1,1,1,1192,3088,RILASCIO,0.972335
2.198000,1,1,1,1,1,1192,3087,RILASCIO,0.972169
2.199000,1,1,1,1,1,1192,3086,RILASCIO,0.972002
2.200000,1,1,1,1,1,1192,3085,RILASCIO,0.971835
2.202000,1,1,1,1,1,1192,3084,RILASCIO,0.971502
2.203000,1,1,1,1,1,1192,3083,RILASCIO,0.971335
2.204000,1,1,1,1,1,1192,3082,RILASCIO,0.971169
2.206000,1,1,1,1,1,1192,3081,RILASCIO,0.970835
2.207000,1,1,1,1,1,1192,3080,RILASCIO,0.970669
2.208000,1,1,1,1,1,1192,3079,RILASCIO,0.970502
2.210000,1,1,1,1,1,1192,3078,RILASCIO,0.970169
2.211000,1,1,1,1,1,1192,3077,RILASCIO,0.970002
2.212000,1,1,1,1,1,1192,3076,RILASCIO,0.969836
2.214000,1,1,1,1,1,1192,3075,RILASCIO,0.969502
2.215000,1,1,1,1,1,1192,3074,RILASCIO,0.969336
2.216000,1,1,1,1,1,1192,3073,RILASCIO,0.969169
2.218000,1,1,1,1,1,1192,3072,RILASCIO,0.968836
2.219000,1,1,1,1,1,1192,3071,RILASCIO,0.968669
2.220000,1,1,1,1,1,1192,3070,RILASCIO,0.968502
2.222000,1,1,1,1,1,1192,3069,RILASCIO,0.968169
2.223000,1,1,1,1,1,1192,3068,RILASCIO,0.968002
2.225000,1,1,1,1,1,1192,3067,RILASCIO,0.967669
2.226000,1,1,1,1,1,1192,3066,RILASCIO,0.967502
2.227000,1,1,1,1,1,1192,3065,RILASCIO,0.967336
2.229000,1,1,1,1,1,1192,3064,RILASCIO,0.967002
2.230000,1,1,1,1,1,1192,3063,RILASCIO,0.966836
2.231000,1,1,1,1,1,1192,3062,RILASCIO,0.966669
2.233000,1,1,1,1,1,1192,3061,RILASCIO,0.966336
2.234000,1,1,1,1,1,1192,3060,RILASCIO,0.966169
2.235000,1,1,1,1,1,1192,3059,RILASCIO,0.966002
2.237000,1,1,1,1,1,1192,3058,RILASCIO,0.965669
2.238000,1,1,1,1,1,1192,3057,RILASCIO,0.965503
2.239000,1,1,1,1,1,1192,3056,RILASCIO,0.965336
2.241000,1,1,1,1,1,1192,3055,RILASCIO,0.965003
2.242000,1,1,1,1,1,1192,3054,RILASCIO,0.964836
2.243000,1,1,1,1,1,1192,3053,RILASCIO,0.964669
2.245000,1,1,1,1,1,1192,3052,RILASCIO,0.964336
2.246000,1,1,1,1,1,1192,3051,RILASCIO,0.964169
2.247000,1,1,1,1,1,1192,3050,RILASCIO,0.964003
2.249000,1,1,1,1,1,1192,3049,RILASCIO,0.963669
2.250000,1,1,1,1,1,1192,3048,RILASCIO,0.963503
2.252000,1,1,1,1,1,1192,3047,RILASCIO,0.963169
2.253000,1,1,1,1,1,1192,3046,RILASCIO,0.963003
2.254000,1,1,1,1,1,1192,3045,RILASCIO,0.962836
2.256000,1,1,1,1,1,1192,3044,RILASCIO,0.962503
2.257000,1,1,1,1,1,1192,3043,RILASCIO,0.962336
2.258000,1,1,1,1,1,1192,3042,RILASCIO,0.962169
2.260000,1,1,1,1,1,1192,3041,RILASCIO,0.961836
2.261000,1,1,1,1,1,1192,3040,RILASCIO,0.961669
2.262000,1,1,1,1,1,1192,3039,RILASCIO,0.961503
2.264000,1,1,1,1,1,1192,3038,RILASCIO,0.961169
2.265000,1,1,1,1,1,1192,3037,RILASCIO,0.961003
2.267000,1,1,1,1,1,1192,3036,RILASCIO,0.960670
2.268000,1,1,1,1,1,1192,3035,RILASCIO,0.960503
2.269000,1,1,1,1,1,1192,3034,RILASCIO,0.960336
2.271000,1,1,1,1,1,1192,3033,RILASCIO,0.960003
2.272000,1,1,1,1,1,1192,3032,RILASCIO,0.959836
2.273000,1,1,1,1,1,1192,3031,RILASCIO,0.959670
2.275000,1,1,1,1,1,1192,3030,RILASCIO,0.959336
2.276000,1,1,1,1,1,1192,3029,RILASCIO,0.959170
2.278000,1,1,1,1,1,1192,3028,RILASCIO,0.958836
2.279000,1,1,1,1,1,1192,3027,RILASCIO,0.958670
2.280000,1,1,1,1,1,1192,3026,RILASCIO,0.958503
2.282000,1,1,1,1,1,1192,3025,RILASCIO,0.958170
2.283000,1,1,1,1,1,1192,3024,RILASCIO,0.958003
2.284000,1,1,1,1,1,1192,3023,RILASCIO,0.957836
2.286000,1,1,1,1,1,1192,3022,RILASCIO,0.957503
2.287000,1,1,1,1,1,1192,3021,RILASCIO,0.957336
2.289000,1,1,1,1,1,1192,3020,RILASCIO,0.957003
2.290000,1,1,1,1,1,1192,3019,RILASCIO,0.956836
2.291000,1,1,1,1,1,1192,3018,RILASCIO,0.956670
2.293000,1,1,1,1,1,1192,3017,RILASCIO,0.956336
2.294000,1,1,1,1,1,1192,3016,RILASCIO,0.956170
2.296000,1,1,1,1,1,1192,3015,RILASCIO,0.955837
2.297000,1,1,1,1,1,1192,3014,RILASCIO,0.955670
2.298000,1,1,1,1,1,1192,3013,RILASCIO,0.955503
2.300000,1,1,1,1,1,1192,3012,RILASCIO,0.955170
2.301000,1,1,1,1,1,1192,3011,RILASCIO,0.955003
2.302000,1,1,1,1,1,1192,3010,RILASCIO,0.954837
2.304000,1,1,1,1,1,1192,3009,RILASCIO,0.954503
2.305000,1,1,1,1,1,1192,3008,RILASCIO,0.954337
2.307000,1,1,1,1,1,1192,3007,RILASCIO,0.954003
2.308000,1,1,1,1,1,1192,3006,RILASCIO,0.953837
2.309000,1,1,1,1,1,1192,3005,RILASCIO,0.953670
2.311000,1,1,1,1,1,1192,3004,RILASCIO,0.953337
2.312000,1,1,1,1,1,1192,3003,RILASCIO,0.953170
2.314000,1,1,1,1,1,1192,3002,RILASCIO,0.952837
2.315000,1,1,1,1,1,1192,3001,RILASCIO,0.952670
2.316000,1,1,1,1,1,1192,3000,RILASCIO,0.952503
2.318000,1,1,1,1,1,1192,2999,RILASCIO,0.952170
2.319000,1,1,1,1,1,1192,2998,RILASCIO,0.952003
2.321000,1,1,1,1,1,1192,2997,RILASCIO,0.951670
2.322000,1,1,1,1,1,1192,2996,RILASCIO,0.951504
2.323000,1,1,1,1,1,1192,2995,RILASCIO,0.951337
2.325000,1,1,1,1,1,1192,2994,RILASCIO,0.951004
2.326000,1,1,1,1,1,1192,2993,RILASCIO,0.950837
2.328000,1,1,1,1,1,1192,2992,RILASCIO,0.950504
2.329000,1,1,1,1,1,1192,2991,RILASCIO,0.950337
2.330000,1,1,1,1,1,1192,2990,RILASCIO,0.950170
2.332000,1,1,1,1,1,1192,2989,RILASCIO,0.949837
2.333000,1,1,1,1,1,1192,2988,RILASCIO,0.949670
2.335000,1,1,1,1,1,1192,2987,RILASCIO,0.949337
2.336000,1,1,1,1,1,1192,2986,RILASCIO,0.949170
2.337000,1,1,1,1,1,1192,2985,RILASCIO,0.949004
2.339000,1,1,1,1,1,1192,2984,RILASCIO,0.948670
2.340000,1,1,1,1,1,1192,2983,RILASCIO,0.948504
2.342000,1,1,1,1,1,1192,2982,RILASCIO,0.948170
2.343000,1,1,1,1,1,1192,2981,RILASCIO,0.948004
2.344000,1,1,1,1,1,1192,2980,RILASCIO,0.947837
2.346000,1,1,1,1,1,1192,2979,RILASCIO,0.947504
2.347000,1,1,1,1,1,1192,2978,RILASCIO,0.947337
2.349000,1,1,1,1,1,1192,2977,RILASCIO,0.947004
2.350000,1,1,1,1,1,1192,2976,RILASCIO,0.946837
2.352000,1,1,1,1,1,1192,2975,RILASCIO,0.946504
2.353000,1,1,1,1,1,1192,2974,RILASCIO,0.946337
2.354000,1,1,1,1,1,1192,2973,RILASCIO,0.946171
2.356000,1,1,1,1,1,1192,2972,RILASCIO,0.945837
2.357000,1,1,1,1,1,1192,2971,RILASCIO,0.945671
2.359000,1,1,1,1,1,1192,2970,RILASCIO,0.945337
2.360000,1,1,1,1,1,1192,2969,RILASCIO,0.945171
2.361000,1,1,1,1,1,1192,2968,RILASCIO,0.945004
2.363000,1,1,1,1,1,1192,2967,RILASCIO,0.944671
2.364000,1,1,1,1,1,1192,2966,RILASCIO,0.944504
2.366000,1,1,1,1,1,1192,2965,RILASCIO,0.944171
2.367000,1,1,1,1,1,1192,2964,RILASCIO,0.944004
2.369000,1,1,1,1,1,1192,2963,RILASCIO,0.943671
2.370000,1,1,1,1,1,1192,2962,RILASCIO,0.943504
2.371000,1,1,1,1,1,1192,2961,RILASCIO,0.943337
2.373000,1,1,1,1,1,1192,2960,RILASCIO,0.943004
2.374000,1,1,1,1,1,1192,2959,RILASCIO,0.942837
2.376000,1,1,1,1,1,1192,2958,RILASCIO,0.942504
2.377000,1,1,1,1,1,1192,2957,RILASCIO,0.942338
2.378000,1,1,1,1,1,1192,2956,RILASCIO,0.942171
2.380000,1,1,1,1,1,1192,2955,RILASCIO,0.941838
2.381000,1,1,1,1,1,1192,2954,RILASCIO,0.941671
2.383000,1,1,1,1,1,1192,2953,RILASCIO,0.941338
2.384000,1,1,1,1,1,1192,2952,RILASCIO,0.941171
2.386000,1,1,1,1,1,1192,2951,RILASCIO,0.940838
2.387000,1,1,1,1,1,1192,2950,RILASCIO,0.940671
2.388000,1,1,1,1,1,1192,2949,RILASCIO,0.940504
2.390000,1,1,1,1,1,1192,2948,RILASCIO,0.940171
2.391000,1,1,1,1,1,1192,2947,RILASCIO,0.940004
2.393000,1,1,1,1,1,1192,2946,RILASCIO,0.939671
2.394000,1,1,1,1,1,1192,2945,RILASCIO,0.939504
2.396000,1,1,1,1,1,1192,2944,RILASCIO,0.939171
2.397000,1,1,1,1,1,1192,2943,RILASCIO,0.939004
2.398000,1,1,1,1,1,1192,2942,RILASCIO,0.938838
2.400000,1,1,1,1,1,1192,2941,RILASCIO,0.938504
2.401000,1,1,1,1,1,1192,2940,RILASCIO,0.938338
2.403000,1,1,1,1,1,1192,2939,RILASCIO,0.938004
2.404000,1,1,1,1,1,1192,2938,RILASCIO,0.937838
2.406000,1,1,1,1,1,1192,2937,RILASCIO,0.937505
2.407000,1,1,1,1,1,1192,2936,RILASCIO,0.937338
2.408000,1,1,1,1,1,1192,2935,RILASCIO,0.937171
2.410000,1,1,1,1,1,1192,2934,RILASCIO,0.936838
2.411000,1,1,1,1,1,1192,2933,RILASCIO,0.936671
2.413000,1,1,1,1,1,1192,2932,RILASCIO,0.936338
2.414000,1,1,1,1,1,1192,2931,RILASCIO,0.936171
2.416000,1,1,1,1,1,1192,2930,RILASCIO,0.935838
2.417000,1,1,1,1,1,1192,2929,RILASCIO,0.935671
2.419000,1,1,1,1,1,1192,2928,RILASCIO,0.935338
2.420000,1,1,1,1,1,1192,2927,RILASCIO,0.935171
2.421000,1,1,1,1,1,1192,2926,RILASCIO,0.935005
2.423000,1,1,1,1,1,1192,2925,RILASCIO,0.934671
2.424000,1,1,1,1,1,1192,2924,RILASCIO,0.934505
2.426000,1,1,1,1,1,1192,2923,RILASCIO,0.934171
2.427000,1,1,1,1,1,1192,2922,RILASCIO,0.934005
2.429000,1,1,1,1,1,1192,2921,RILASCIO,0.933671
2.430000,1,1,1,1,1,1192,2920,RILASCIO,0.933505
2.432000,1,1,1,1,1,1192,2919,RILASCIO,0.933172
2.433000,1,1,1,1,1,1192,2918,RILASCIO,0.933005
2.434000,1,1,1,1,1,1192,2917,RILASCIO,0.932838
2.436000,1,1,1,1,1,1192,2916,RILASCIO,0.932505
2.437000,1,1,1,1,1,1192,2915,RILASCIO,0.932338
2.439000,1,1,1,1,1,1192,2914,RILASCIO,0.932005
2.440000,1,1,1,1,1,1192,2913,RILASCIO,0.931838
2.442000,1,1,1,1,1,1192,2912,RILASCIO,0.931505
2.443000,1,1,1,1,1,1192,2911,RILASCIO,0.931338
2.444000,1,1,1,1,1,1192,2910,RILASCIO,0.931172
2.446000,1,1,1,1,1,1192,2909,RILASCIO,0.930838
2.447000,1,1,1,1,1,1192,2908,RILASCIO,0.930672
2.449000,1,1,1,1,1,1192,2907,RILASCIO,0.930338
2.450000,1,1,1,1,1,1192,2906,RILASCIO,0.930172
2.452000,1,1,1,1,1,1192,2905,RILASCIO,0.929838
2.453000,1,1,1,1,1,1192,2904,RILASCIO,0.929672
2.455000,1,1,1,1,1,1192,2903,RILASCIO,0.929338
2.456000,1,1,1,1,1,1192,2902,RILASCIO,0.929172
2.458000,1,1,1,1,1,1192,2901,RILASCIO,0.928838
2.459000,1,1,1,1,1,1192,2900,RILASCIO,0.928672
2.460000,1,1,1,1,1,1192,2899,RILASCIO,0.928505
2.462000,1,1,1,1,1,1192,2898,RILASCIO,0.928172
2.463000,1,1,1,1,1,1192,2897,RILASCIO,0.928005
2.465000,1,1,1,1,1,1192,2896,RILASCIO,0.927672
2.466000,1,1,1,1,1,1192,2895,RILASCIO,0.927505
2.468000,1,1,1,1,1,1192,2894,RILASCIO,0.927172
2.469000,1,1,1,1,1,1192,2893,RILASCIO,0.927005
2.471000,1,1,1,1,1,1192,2892,RILASCIO,0.926672
2.472000,1,1,1,1,1,1192,2891,RILASCIO,0.926505
2.473000,1,1,1,1,1,1192,2890,RILASCIO,0.926339
2.475000,1,1,1,1,1,1192,2889,RILASCIO,0.926005
2.476000,1,1,1,1,1,1192,2888,RILASCIO,0.925839
2.478000,1,1,1,1,1,1192,2887,RILASCIO,0.925505
2.479000,1,1,1,1,1,1192,2886,RILASCIO,0.925339
2.481000,1,1,1,1,1,1192,2885,RILASCIO,0.925005
2.482000,1,1,1,1,1,1192,2884,RILASCIO,0.924839
2.484000,1,1,1,1,1,1192,2883,RILASCIO,0.924505
2.485000,1,1,1,1,1,1192,2882,RILASCIO,0.924339
2.487000,1,1,1,1,1,1192,2881,RILASCIO,0.924006
2.488000,1,1,1,1,1,1192,2880,RILASCIO,0.923839
2.490000,1,1,1,1,1,1192,2879,RILASCIO,0.923506
2.491000,1,1,1,1,1,1192,2878,RILASCIO,0.923339
2.492000,1,1,1,1,1,1192,2877,RILASCIO,0.923172
2.494000,1,1,1,1,1,1192,2876,RILASCIO,0.922839
2.495000,1,1,1,1,1,1192,2875,RILASCIO,0.922672
2.497000,1,1,1,1,1,1192,2874,RILASCIO,0.922339
2.498000,1,1,1,1,1,1192,2873,RILASCIO,0.922172
2.500000,1,1,1,1,1,1192,2872,RILASCIO,0.921839
2.501000,1,1,1,1,1,1192,2871,RILASCIO,0.921672
2.503000,1,1,1,1,1,1192,2870,RILASCIO,0.921339
2.504000,1,1,1,1,1,1192,2869,RILASCIO,0.921172
2.506000,1,1,1,1,1,1192,2868,RILASCIO,0.920839
2.507000,1,1,1,1,1,1192,2867,RILASCIO,0.920672
2.508000,1,1,1,1,1,1192,2866,RILASCIO,0.920506
2.510000,1,1,1,1,1,1192,2865,RILASCIO,0.920172
2.511000,1,1,1,1,1,1192,2864,RILASCIO,0.920006
2.513000,1,1,1,1,1,1192,2863,RILASCIO,0.919672
2.514000,1,1,1,1,1,1192,2862,RILASCIO,0.919506
2.516000,1,1,1,1,1,1192,2861,RILASCIO,0.919173
2.517000,1,1,1,1,1,1192,2860,RILASCIO,0.919006
2.519000,1,1,1,1,1,1192,2859,RILASCIO,0.918673
2.520000,1,1,1,1,1,1192,2858,RILASCIO,0.918506
2.522000,1,1,1,1,1,1192,2857,RILASCIO,0.918173
2.523000,1,1,1,1,1,1192,2856,RILASCIO,0.918006
2.525000,1,1,1,1,1,1192,2855,RILASCIO,0.917673
2.526000,1,1,1,1,1,1192,2854,RILASCIO,0.917506
2.528000,1,1,1,1,1,1192,2853,RILASCIO,0.917173
2.529000,1,1,1,1,1,1192,2852,RILASCIO,0.917006
2.530000,1,1,1,1,1,1192,2851,RILASCIO,0.916839
2.532000,1,1,1,1,1,1192,2850,RILASCIO,0.916506
2.533000,1,1,1,1,1,1192,2849,RILASCIO,0.916339
2.535000,1,1,1,1,1,1192,2848,RILASCIO,0.916006
2.536000,1,1,1,1,1,1192,2847,RILASCIO,0.915839
2.538000,1,1,1,1,1,1192,2846,RILASCIO,0.915506
2.539000,1,1,1,1,1,1192,2845,RILASCIO,0.915339
2.541000,1,1,1,1,1,1192,2844,RILASCIO,0.915006
2.542000,1,1,1,1,1,1192,2843,RILASCIO,0.914840
2.544000,1,1,1,1,1,1192,2842,RILASCIO,0.914506
2.545000,1,1,1,1,1,1192,2841,RILASCIO,0.914340
2.547000,1,1,1,1,1,1192,2840,RILASCIO,0.914006
2.548000,1,1,1,1,1,1192,2839,RILASCIO,0.913840
2.550000,1,1,1,1,1,1192,2838,RILASCIO,0.913506
2.551000,1,1,1,1,1,1192,2837,RILASCIO,0.913340
2.552000,1,1,1,1,1,1192,2836,RILASCIO,0.913173
2.554000,1,1,1,1,1,1192,2835,RILASCIO,0.912840
2.555000,1,1,1,1,1,1192,2834,RILASCIO,0.912673
2.557000,1,1,1,1,1,1192,2833,RILASCIO,0.912340
2.558000,1,1,1,1,1,1192,2832,RILASCIO,0.912173
2.560000,1,1,1,1,1,1192,2831,RILASCIO,0.911840
2.561000,1,1,1,1,1,1192,2830,RILASCIO,0.911673
2.563000,1,1,1,1,1,1192,2829,RILASCIO,0.911340
2.564000,1,1,1,1,1,1192,2828,RILASCIO,0.911173
2.566000,1,1,1,1,1,1192,2827,RILASCIO,0.910840
2.567000,1,1,1,1,1,1192,2826,RILASCIO,0.910673
2.569000,1,1,1,1,1,1192,2825,RILASCIO,0.910340
2.570000,1,1,1,1,1,1192,2824,RILASCIO,0.910173
2.572000,1,1,1,1,1,1192,2823,RILASCIO,0.909840
2.573000,1,1,1,1,1,1192,2822,RILASCIO,0.909673
2.575000,1,1,1,1,1,1192,2821,RILASCIO,0.909340
2.576000,1,1,1,1,1,1192,2820,RILASCIO,0.909173
2.577000,1,1,1,1,1,1192,2819,RILASCIO,0.909007
2.579000,1,1,1,1,1,1192,2818,RILASCIO,0.908673
2.580000,1,1,1,1,1,1192,2817,RILASCIO,0.908507
2.582000,1,1,1,1,1,1192,2816,RILASCIO,0.908173
2.583000,1,1,1,1,1,1192,2815,RILASCIO,0.908007
2.585000,1,1,1,1,1,1192,2814,RILASCIO,0.907673
2.586000,1,1,1,1,1,1192,2813,RILASCIO,0.907507
2.588000,1,1,1,1,1,1192,2812,RILASCIO,0.907173
2.589000,1,1,1,1,1,1192,2811,RILASCIO,0.907007
2.591000,1,1,1,1,1,1192,2810,RILASCIO,0.906673
2.592000,1,1,1,1,1,1192,2809,RILASCIO,0.906507
2.594000,1,1,1,1,1,1192,2808,RILASCIO,0.906173
2.595000,1,1,1,1,1,1192,2807,RILASCIO,0.906007
2.597000,1,1,1,1,1,1192,2806,RILASCIO,0.905674
2.598000,1,1,1,1,1,1192,2805,RILASCIO,0.905507
2.600000,1,1,1,1,1,1192,2804,RILASCIO,0.905174
2.601000,1,1,1,1,1,1192,2803,RILASCIO,0.905007
2.603000,1,1,1,1,1,1192,2802,RILASCIO,0.904674
2.604000,1,1,1,1,1,1192,2801,RILASCIO,0.904507
2.606000,1,1,1,1,1,1192,2800,RILASCIO,0.904174
2.607000,1,1,1,1,1,1192,2799,RILASCIO,0.904007
2.609000,1,1,1,1,1,1192,2798,RILASCIO,0.903674
2.610000,1,1,1,1,1,1192,2797,RILASCIO,0.903507
2.611000,1,1,1,1,1,1192,2796,RILASCIO,0.903340
2.613000,1,1,1,1,1,1192,2795,RILASCIO,0.903007
2.614000,1,1,1,1,1,1192,2794,RILASCIO,0.902840
2.616000,1,1,1,1,1,1192,2793,RILASCIO,0.902507
2.617000,1,1,1,1,1,1192,2792,RILASCIO,0.902340
2.619000,1,1,1,1,1,1192,2791,RILASCIO,0.902007
2.620000,1,1,1,1,1,1192,2790,RILASCIO,0.901840
2.622000,1,1,1,1,1,1192,2789,RILASCIO,0.901507
2.623000,1,1,1,1,1,1192,2788,RILASCIO,0.901340
2.625000,1,1,1,1,1,1192,2787,RILASCIO,0.901007
2.626000,1,1,1,1,1,1192,2786,RILASCIO,0.900841
2.628000,1,1,1,1,1,1192,2785,RILASCIO,0.900507
2.629000,1,1,1,1,1,1192,2784,RILASCIO,0.900341
2.631000,1,1,1,1,1,1192,2783,RILASCIO,0.900007
2.632000,1,1,1,1,1,1192,2782,RILASCIO,0.899841
2.634000,1,1,1,1,1,1192,2781,RILASCIO,0.899507
2.635000,1,1,1,1,1,1192,2780,RILASCIO,0.899341
2.637000,1,1,1,1,1,1192,2779,RILASCIO,0.899007
2.638000,1,1,1,1,1,1192,2778,RILASCIO,0.898841
2.640000,1,1,1,1,1,1192,2777,RILASCIO,0.898507
2.641000,1,1,1,1,1,1192,2776,RILASCIO,0.898341
2.643000,1,1,1,1,1,1192,2775,RILASCIO,0.898007
2.644000,1,1,1,1,1,1192,2774,RILASCIO,0.897841
2.646000,1,1,1,1,1,1192,2773,RILASCIO,0.897507
2.647000,1,1,1,1,1,1192,2772,RILASCIO,0.897341
2.649000,1,1,1,1,1,1192,2771,RILASCIO,0.897007
2.650000,1,1,1,1,1,1192,2770,RILASCIO,0.896841
2.651000,1,1,1,1,1,1192,2769,RILASCIO,0.896674
2.653000,1,1,1,1,1,1192,2768,RILASCIO,0.896341
2.654000,1,1,1,1,1,1192,2767,RILASCIO,0.896174
2.656000,1,1,1,1,1,1192,2766,RILASCIO,0.895841
2.657000,1,1,1,1,1,1192,2765,RILASCIO,0.895674
2.659000,1,1,1,1,1,1192,2764,RILASCIO,0.895341
2.660000,1,1,1,1,1,1192,2763,RILASCIO,0.895174
2.662000,1,1,1,1,1,1192,2762,RILASCIO,0.894841
2.663000,1,1,1,1,1,1192,2761,RILASCIO,0.894674
2.665000,1,1,1,1,1,1192,2760,RILASCIO,0.894341
2.666000,1,1,1,1,1,1192,2759,RILASCIO,0.894174
2.668000,1,1,1,1,1,1192,2758,RILASCIO,0.893841
2.669000,1,1,1,1,1,1192,2757,RILASCIO,0.893674
2.671000,1,1,1,1,1,1192,2756,RILASCIO,0.893341
2.672000,1,1,1,1,1,1192,2755,RILASCIO,0.893174
2.674000,1,1,1,1,1,1192,2754,RILASCIO,0.892841
2.675000,1,1,1,1,1,1192,2753,RILASCIO,0.892674
2.677000,1,1,1,1,1,1192,2752,RILASCIO,0.892341
2.678000,1,1,1,1,1,1192,2751,RILASCIO,0.892174
2.680000,1,1,1,1,1,1192,2750,RILASCIO,0.891841
2.681000,1,1,1,1,1,1192,2749,RILASCIO,0.891675
2.683000,1,1,1,1,1,1192,2748,RILASCIO,0.891341
2.684000,1,1,1,1,1,1192,2747,RILASCIO,0.891175
2.686000,1,1,1,1,1,1192,2746,RILASCIO,0.890841
2.687000,1,1,1,1,1,1192,2745,RILASCIO,0.890675
2.689000,1,1,1,1,1,1192,2744,RILASCIO,0.890341
2.690000,1,1,1,1,1,1192,2743,RILASCIO,0.890175
2.692000,1,1,1,1,1,1192,2742,RILASCIO,0.889841
2.693000,1,1,1,1,1,1192,2741,RILASCIO,0.889675
2.695000,1,1,1,1,1,1192,2740,RILASCIO,0.889341
2.696000,1,1,1,1,1,1192,2739,RILASCIO,0.889175
2.698000,1,1,1,1,1,1192,2738,RILASCIO,0.888841
2.699000,1,1,1,1,1,1192,2737,RILASCIO,0.888675
2.701000,1,1,1,1,1,1192,2736,RILASCIO,0.888341
2.702000,1,1,1,1,1,1192,2735,RILASCIO,0.888175
2.704000,1,1,1,1,1,1192,2734,RILASCIO,0.887841
2.705000,1,1,1,1,1,1192,2733,RILASCIO,0.887675
2.707000,1,1,1,1,1,1192,2732,RILASCIO,0.887341
2.708000,1,1,1,1,1,1192,2731,RILASCIO,0.887175
2.710000,1,1,1,1,1,1192,2730,RILASCIO,0.886842
2.711000,1,1,1,1,1,1192,2729,RILASCIO,0.886675
2.713000,1,1,1,1,1,1192,2728,RILASCIO,0.886342
2.714000,1,1,1,1,1,1192,2727,RILASCIO,0.886175
2.715000,1,1,1,1,1,1192,2726,RILASCIO,0.886008
2.717000,1,1,1,1,1,1192,2725,RILASCIO,0.885675
2.718000,1,1,1,1,1,1192,2724,RILASCIO,0.885508
2.720000,1,1,1,1,1,1192,2723,RILASCIO,0.885175
2.721000,1,1,1,1,1,1192,2722,RILASCIO,0.885008
2.723000,1,1,1,1,1,1192,2721,RILASCIO,0.884675
2.724000,1,1,1,1,1,1192,2720,RILASCIO,0.884508
2.726000,1,1,1,1,1,1192,2719,RILASCIO,0.884175
2.727000,1,1,1,1,1,1192,2718,RILASCIO,0.884008
2.729000,1,1,1,1,1,1192,2717,RILASCIO,0.883675
2.730000,1,1,1,1,1,1192,2716,RILASCIO,0.883508
2.732000,1,1,1,1,1,1192,2715,RILASCIO,0.883175
2.733000,1,1,1,1,1,1192,2714,RILASCIO,0.883008
2.735000,1,1,1,1,1,1192,2713,RILASCIO,0.882675
2.736000,1,1,1,1,1,1192,2712,RILASCIO,0.882509
2.738000,1,1,1,1,1,1192,2711,RILASCIO,0.882175
2.739000,1,1,1,1,1,1192,2710,RILASCIO,0.882009
2.741000,1,1,1,1,1,1192,2709,RILASCIO,0.881675
2.742000,1,1,1,1,1,1192,2708,RILASCIO,0.881509
2.744000,1,1,1,1,1,1192,2707,RILASCIO,0.881175
2.745000,1,1,1,1,1,1192,2706,RILASCIO,0.881009
2.747000,1,1,1,1,1,1192,2705,RILASCIO,0.880675
2.748000,1,1,1,1,1,1192,2704,RILASCIO,0.880509
2.750000,1,1,1,1,1,1192,2703,RILASCIO,0.880175
2.751000,1,1,1,1,1,1192,2702,RILASCIO,0.880009
2.753000,1,1,1,1,1,1192,2701,RILASCIO,0.879675
2.754000,1,1,1,1,1,1192,2700,RILASCIO,0.879509
2.756000,1,1,1,1,1,1192,2699,RILASCIO,0.879175
2.757000,1,1,1,1,1,1192,2698,RILASCIO,0.879009
2.759000,1,1,1,1,1,1192,2697,RILASCIO,0.878675
2.760000,1,1,1,1,1,1192,2696,RILASCIO,0.878509
2.762000,1,1,1,1,1,1192,2695,RILASCIO,0.878175
2.763000,1,1,1,1,1,1192,2694,RILASCIO,0.878009
2.765000,1,1,1,1,1,1192,2693,RILASCIO,0.877676
2.766000,1,1,1,1,1,1192,2692,RILASCIO,0.877509
2.768000,1,1,1,1,1,1192,2691,RILASCIO,0.877176
2.769000,1,1,1,1,1,1192,2690,RILASCIO,0.877009
2.771000,1,1,1,1,1,1192,2689,RILASCIO,0.876676
2.772000,1,1,1,1,1,1192,2688,RILASCIO,0.876509
2.774000,1,1,1,1,1,1192,2687,RILASCIO,0.876176
2.775000,1,1,1,1,1,1192,2686,RILASCIO,0.876009
2.777000,1,1,1,1,1,1192,2685,RILASCIO,0.875676
2.778000,1,1,1,1,1,1192,2684,RILASCIO,0.875509
2.780000,1,1,1,1,1,1192,2683,RILASCIO,0.875176
2.781000,1,1,1,1,1,1192,2682,RILASCIO,0.875009
2.783000,1,1,1,1,1,1192,2681,RILASCIO,0.874676
2.784000,1,1,1,1,1,1192,2680,RILASCIO,0.874509
2.786000,1,1,1,1,1,1192,2679,RILASCIO,0.874176
2.787000,1,1,1,1,1,1192,2678,RILASCIO,0.874009
2.789000,1,1,1,1,1,1192,2677,RILASCIO,0.873676
2.790000,1,1,1,1,1,1192,2676,RILASCIO,0.873509
2.792000,1,1,1,1,1,1192,2675,RILASCIO,0.873176
2.793000,1,1,1,1,1,1192,2674,RILASCIO,0.873009
2.795000,1,1,1,1,1,1192,2673,RILASCIO,0.872676
2.796000,1,1,1,1,1,1192,2672,RILASCIO,0.872509
2.798000,1,1,1,1,1,1192,2671,RILASCIO,0.872176
2.799000,1,1,1,1,1,1192,2670,RILASCIO,0.872009
2.801000,1,1,1,1,1,1192,2669,RILASCIO,0.871676
2.802000,1,1,1,1,1,1192,2668,RILASCIO,0.871509
2.804000,1,1,1,1,1,1192,2667,RILASCIO,0.871176
2.805000,1,1,1,1,1,1192,2666,RILASCIO,0.871009
2.807000,1,1,1,1,1,1192,2665,RILASCIO,0.870676
2.808000,1,1,1,1,1,1192,2664,RILASCIO,0.870509
2.810000,1,1,1,1,1,1192,2663,RILASCIO,0.870176
2.811000,1,1,1,1,1,1192,2662,RILASCIO,0.870009
2.813000,1,1,1,1,1,1192,2661,RILASCIO,0.869676
2.814000,1,1,1,1,1,1192,2660,RILASCIO,0.869509
2.816000,1,1,1,1,1,1192,2659,RILASCIO,0.869176
2.817000,1,1,1,1,1,1192,2658,RILASCIO,0.869009
2.819000,1,1,1,1,1,1192,2657,RILASCIO,0.868676
2.820000,1,1,1,1,1,1192,2656,RILASCIO,0.868510
2.822000,1,1,1,1,1,1192,2655,RILASCIO,0.868176
2.823000,1,1,1,1,1,1192,2654,RILASCIO,0.868010
2.825000,1,1,1,1,1,1192,2653,RILASCIO,0.867676
2.826000,1,1,1,1,1,1192,2652,RILASCIO,0.867510
2.828000,1,1,1,1,1,1192,2651,RILASCIO,0.867176
2.829000,1,1,1,1,1,1192,2650,RILASCIO,0.867010
2.831000,1,1,1,1,1,1192,2649,RILASCIO,0.866676
2.832000,1,1,1,1,1,1192,2648,RILASCIO,0.866510
2.834000,1,1,1,1,1,1192,2647,RILASCIO,0.866176
2.835000,1,1,1,1,1,1192,2646,RILASCIO,0.866010
2.837000,1,1,1,1,1,1192,2645,RILASCIO,0.865676
2.838000,1,1,1,1,1,1192,2644,RILASCIO,0.865510
2.840000,1,1,1,1,1,1192,2643,RILASCIO,0.865176
2.841000,1,1,1,1,1,1192,2642,RILASCIO,0.865010
2.843000,1,1,1,1,1,1192,2641,RILASCIO,0.864676
2.844000,1,1,1,1,1,1192,2640,RILASCIO,0.864510
2.846000,1,1,1,1,1,1192,2639,RILASCIO,0.864177
2.847000,1,1,1,1,1,1192,2638,RILASCIO,0.864010
2.849000,1,1,1,1,1,1192,2637,RILASCIO,0.863677
2.850000,1,1,1,1,1,1192,2636,RILASCIO,0.863510
2.852000,1,1,1,1,1,1192,2635,RILASCIO,0.863177
2.853000,1,1,1,1,1,1192,2634,RILASCIO,0.863010
2.855000,1,1,1,1,1,1192,2633,RILASCIO,0.862677
2.856000,1,1,1,1,1,1192,2632,RILASCIO,0.862510
2.858000,1,1,1,1,1,1192,2631,RILASCIO,0.862177
2.859000,1,1,1,1,1,1192,2630,RILASCIO,0.862010
2.861000,1,1,1,1,1,1192,2629,RILASCIO,0.861677
2.862000,1,1,1,1,1,1192,2628,RILASCIO,0.861510
2.864000,1,1,1,1,1,1192,2627,RILASCIO,0.861177
2.865000,1,1,1,1,1,1192,2626,RILASCIO,0.861010
2.867000,1,1,1,1,1,1192,2625,RILASCIO,0.860677
2.868000,1,1,1,1,1,1192,2624,RILASCIO,0.860510
2.870000,1,1,1,1,1,1192,2623,RILASCIO,0.860177
2.871000,1,1,1,1,1,1192,2622,RILASCIO,0.860010
2.873000,1,1,1,1,1,1192,2621,RILASCIO,0.859677
2.874000,1,1,1,1,1,1192,2620,RILASCIO,0.859510
2.876000,1,1,1,1,1,1192,2619,RILASCIO,0.859177
2.877000,1,1,1,1,1,1192,2618,RILASCIO,0.859010
2.879000,1,1,1,1,1,1192,2617,RILASCIO,0.858677
2.880000,1,1,1,1,1,1192,2616,RILASCIO,0.858510
2.882000,1,1,1,1,1,1192,2615,RILASCIO,0.858177
2.883000,1,1,1,1,1,1192,2614,RILASCIO,0.858010
2.885000,1,1,1,1,1,1192,2613,RILASCIO,0.857677
2.886000,1,1,1,1,1,1192,2612,RILASCIO,0.857510
2.888000,1,1,1,1,1,1192,2611,RILASCIO,0.857177
2.889000,1,1,1,1,1,1192,2610,RILASCIO,0.857010
2.891000,1,1,1,1,1,1192,2609,RILASCIO,0.856677
2.892000,1,1,1,1,1,1192,2608,RILASCIO,0.856510
2.894000,1,1,1,1,1,1192,2607,RILASCIO,0.856177
2.895000,1,1,1,1,1,1192,2606,RILASCIO,0.856010
2.897000,1,1,1,1,1,1192,2605,RILASCIO,0.855677
2.898000,1,1,1,1,1,1192,2604,RILASCIO,0.855510
2.900000,1,1,1,1,1,1192,2603,RILASCIO,0.855177
2.901000,1,1,1,1,1,1192,2602,RILASCIO,0.855011
2.903000,1,1,1,1,1,1192,2601,RILASCIO,0.854677
2.904000,1,1,1,1,1,1192,2600,RILASCIO,0.854511
2.906000,1,1,1,1,1,1192,2599,RILASCIO,0.854177
2.907000,1,1,1,1,1,1192,2598,RILASCIO,0.854011
2.909000,1,1,1,1,1,1192,2597,RILASCIO,0.853677
2.910000,1,1,1,1,1,1192,2596,RILASCIO,0.853511
2.912000,1,1,1,1,1,1192,2595,RILASCIO,0.853177
2.913000,1,1,1,1,1,1192,2594,RILASCIO,0.853011
2.915000,1,1,1,1,1,1192,2593,RILASCIO,0.852677
2.916000,1,1,1,1,1,1192,2592,RILASCIO,0.852511
2.918000,1,1,1,1,1,1192,2591,RILASCIO,0.852177
2.919000,1,1,1,1,1,1192,2590,RILASCIO,0.852011
2.921000,1,1,1,1,1,1192,2589,RILASCIO,0.851677
2.922000,1,1,1,1,1,1192,2588,RILASCIO,0.851511
2.924000,1,1,1,1,1,1192,2587,RILASCIO,0.851177
2.925000,1,1,1,1,1,1192,2586,RILASCIO,0.851011
2.927000,1,1,1,1,1,1192,2585,RILASCIO,0.850677
2.928000,1,1,1,1,1,1192,2584,RILASCIO,0.850511
2.930000,1,1,1,1,1,1192,2583,RILASCIO,0.850178
2.931000,1,1,1,1,1,1192,2582,RILASCIO,0.850011
2.933000,1,1,1,1,1,1192,2581,RILASCIO,0.849678
2.934000,1,1,1,1,1,1192,2580,RILASCIO,0.849511
2.936000,1,1,1,1,1,1192,2579,RILASCIO,0.849178
2.937000,1,1,1,1,1,1192,2578,RILASCIO,0.849011
2.939000,1,1,1,1,1,1192,2577,RILASCIO,0.848678
2.940000,1,1,1,1,1,1192,2576,RILASCIO,0.848511
2.942000,1,1,1,1,1,1192,2575,RILASCIO,0.848178
2.943000,1,1,1,1,1,1192,2574,RILASCIO,0.848011
2.945000,1,1,1,1,1,1192,2573,RILASCIO,0.847678
2.946000,1,1,1,1,1,1192,2572,RILASCIO,0.847511
2.948000,1,1,1,1,1,1192,2571,RILASCIO,0.847178
2.949000,1,1,1,1,1,1192,2570,RILASCIO,0.847011
2.951000,1,1,1,1,1,1192,2569,RILASCIO,0.846678
2.952000,1,1,1,1,1,1192,2568,RILASCIO,0.846511
2.954000,1,1,1,1,1,1192,2567,RILASCIO,0.846178
2.955000,1,1,1,1,1,1192,2566,RILASCIO,0.846011
2.957000,1,1,1,1,1,1192,2565,RILASCIO,0.845678
2.958000,1,1,1,1,1,1192,2564,RILASCIO,0.845511
2.960000,1,1,1,1,1,1192,2563,RILASCIO,0.845178
2.961000,1,1,1,1,1,1192,2562,RILASCIO,0.845011
2.963000,1,1,1,1,1,1192,2561,RILASCIO,0.844678
2.964000,1,1,1,1,1,1192,2560,RILASCIO,0.844511
2.966000,1,1,1,1,1,1192,2559,RILASCIO,0.844178
2.967000,1,1,1,1,1,1192,2558,RILASCIO,0.844011
2.969000,1,1,1,1,1,1192,2557,RILASCIO,0.843678
2.970000,1,1,1,1,1,1192,2556,RILASCIO,0.843511
2.972000,1,1,1,1,1,1192,2555,RILASCIO,0.843178
2.973000,1,1,1,1,1,1192,2554,RILASCIO,0.843011
2.975000,1,1,1,1,1,1192,2553,RILASCIO,0.842678
2.976000,1,1,1,1,1,1192,2552,RILASCIO,0.842511
2.978000,1,1,1,1,1,1192,2551,RILASCIO,0.842178
2.979000,1,1,1,1,1,1192,2550,RILASCIO,0.842011
2.981000,1,1,1,1,1,1192,2549,RILASCIO,0.841678
2.982000,1,1,1,1,1,1192,2548,RILASCIO,0.841511
2.984000,1,1,1,1,1,1192,2547,RILASCIO,0.841178
2.985000,1,1,1,1,1,1192,2546,RILASCIO,0.841012
2.987000,1,1,1,1,1,1192,2545,RILASCIO,0.840678
2.988000,1,1,1,1,1,1192,2544,RILASCIO,0.840512
2.990000,1,1,1,1,1,1192,2543,RILASCIO,0.840178
2.991000,1,1,1,1,1,1192,2542,RILASCIO,0.840012
2.993000,1,1,1,1,1,1192,2541,RILASCIO,0.839678
2.994000,1,1,1,1,1,1192,2540,RILASCIO,0.839512
2.996000,1,1,1,1,1,1192,2539,RILASCIO,0.839178
2.997000,1,1,1,1,1,1192,2538,RILASCIO,0.839012
2.999000,1,1,1,1,1,1192,2537,RILASCIO,0.838678
3.000000,1,1,1,1,1,1192,2536,RILASCIO,0.838512
3.002000,1,1,1,1,1,1192,2535,RILASCIO,0.838178
3.003000,1,1,1,1,1,1192,2534,RILASCIO,0.838012
3.005000,1,1,1,1,1,1192,2533,RILASCIO,0.837678
3.006000,1,1,1,1,1,1192,2532,RILASCIO,0.837512
3.008000,1,1,1,1,1,1192,2531,RILASCIO,0.837178
3.009000,1,1,1,1,1,1192,2530,RILASCIO,0.837012
3.011000,1,1,1,1,1,1192,2529,RILASCIO,0.836679
3.012000,1,1,1,1,1,1192,2528,RILASCIO,0.836512
3.014000,1,1,1,1,1,1192,2527,RILASCIO,0.836179
3.015000,1,1,1,1,1,1192,2526,RILASCIO,0.836012
3.017000,1,1,1,1,1,1192,2525,RILASCIO,0.835679
3.018000,1,1,1,1,1,1192,2524,RILASCIO,0.835512
3.020000,1,1,1,1,1,1192,2523,RILASCIO,0.835179
3.021000,1,1,1,1,1,1192,2522,RILASCIO,0.835012
3.023000,1,1,1,1,1,1192,2521,RILASCIO,0.834679
3.024000,1,1,1,1,1,1192,2520,RILASCIO,0.834512
3.026000,1,1,1,1,1,1192,2519,RILASCIO,0.834179
3.027000,1,1,1,1,1,1192,2518,RILASCIO,0.834012
3.029000,1,1,1,1,1,1192,2517,RILASCIO,0.833679
3.030000,1,1,1,1,1,1192,2516,RILASCIO,0.833512
3.032000,1,1,1,1,1,1192,2515,RILASCIO,0.833179
3.034000,1,1,1,1,1,1192,2514,RILASCIO,0.832845
3.035000,1,1,1,1,1,1192,2513,RILASCIO,0.832679
3.037000,1,1,1,1,1,1192,2512,RILASCIO,0.832345
3.038000,1,1,1,1,1,1192,2511,RILASCIO,0.832179
3.040000,1,1,1,1,1,1192,2510,RILASCIO,0.831846
3.041000,1,1,1,1,1,1192,2509,RILASCIO,0.831679
3.043000,1,1,1,1,1,1192,2508,RILASCIO,0.831346
3.044000,1,1,1,1,1,1192,2507,RILASCIO,0.831179
3.046000,1,1,1,1,1,1192,2506,RILASCIO,0.830846
3.047000,1,1,1,1,1,1192,2505,RILASCIO,0.830679
3.049000,1,1,1,1,1,1192,2504,RILASCIO,0.830346
3.050000,1,1,1,1,1,1192,2503,RILASCIO,0.830179
3.052000,1,1,1,1,1,1192,2502,RILASCIO,0.829846
3.053000,1,1,1,1,1,1192,2501,RILASCIO,0.829679
3.055000,1,1,1,1,1,1192,2500,RILASCIO,0.829346
3.056000,1,1,1,1,1,1192,2499,RILASCIO,0.829179
3.058000,1,1,1,1,1,1192,2498,RILASCIO,0.828846
3.059000,1,1,1,1,1,1192,2497,RILASCIO,0.828679
3.061000,1,1,1,1,1,1192,2496,RILASCIO,0.828346
3.062000,1,1,1,1,1,1192,2495,RILASCIO,0.828179
3.064000,1,1,1,1,1,1192,2494,RILASCIO,0.827846
3.065000,1,1,1,1,1,1192,2493,RILASCIO,0.827679
3.067000,1,1,1,1,1,1192,2492,RILASCIO,0.827346
3.068000,1,1,1,1,1,1192,2491,RILASCIO,0.827179
3.070000,1,1,1,1,1,1192,2490,RILASCIO,0.826846
3.071000,1,1,1,1,1,1192,2489,RILASCIO,0.826679
3.073000,1,1,1,1,1,1192,2488,RILASCIO,0.826346
3.074000,1,1,1,1,1,1192,2487,RILASCIO,0.826179
3.076000,1,1,1,1,1,1192,2486,RILASCIO,0.825846
3.077000,1,1,1,1,1,1192,2485,RILASCIO,0.825679
3.079000,1,1,1,1,1,1192,2484,RILASCIO,0.825346
3.080000,1,1,1,1,1,1192,2483,RILASCIO,0.825179
3.082000,1,1,1,1,1,1192,2482,RILASCIO,0.824846
3.083000,1,1,1,1,1,1192,2481,RILASCIO,0.824679
3.085000,1,1,1,1,1,1192,2480,RILASCIO,0.824346
3.086000,1,1,1,1,1,1192,2479,RILASCIO,0.824179
3.088000,1,1,1,1,1,1192,2478,RILASCIO,0.823846
3.089000,1,1,1,1,1,1192,2477,RILASCIO,0.823679
3.091000,1,1,1,1,1,1192,2476,RILASCIO,0.823346
3.092000,1,1,1,1,1,1192,2475,RILASCIO,0.823179
3.094000,1,1,1,1,1,1192,2474,RILASCIO,0.822846
3.095000,1,1,1,1,1,1192,2473,RILASCIO,0.822680
3.097000,1,1,1,1,1,1192,2472,RILASCIO,0.822346
3.098000,1,1,1,1,1,1192,2471,RILASCIO,0.822180
3.100000,1,1,1,1,1,1192,2470,RILASCIO,0.821846
3.101000,1,1,1,1,1,1192,2469,RILASCIO,0.821680
3.103000,1,1,1,1,1,1192,2468,RILASCIO,0.821346
3.104000,1,1,1,1,1,1192,2467,RILASCIO,0.821180
3.106000,1,1,1,1,1,1192,2466,RILASCIO,0.820846
3.107000,1,1,1,1,1,1192,2465,RILASCIO,0.820680
3.109000,1,1,1,1,1,1192,2464,RILASCIO,0.820346
3.110000,1,1,1,1,1,1192,2463,RILASCIO,0.820180
3.112000,1,1,1,1,1,1192,2462,RILASCIO,0.819846
3.113000,1,1,1,1,1,1192,2461,RILASCIO,0.819680
3.115000,1,1,1,1,1,1192,2460,RILASCIO,0.819346
3.116000,1,1,1,1,1,1192,2459,RILASCIO,0.819180
3.118000,1,1,1,1,1,1192,2458,RILASCIO,0.818846
3.119000,1,1,1,1,1,1192,2457,RILASCIO,0.818680
3.121000,1,1,1,1,1,1192,2456,RILASCIO,0.818347
3.122000,1,1,1,1,1,1192,2455,RILASCIO,0.818180
3.124000,1,1,1,1,1,1192,2454,RILASCIO,0.817847
3.125000,1,1,1,1,1,1192,2453,RILASCIO,0.817680
3.127000,1,1,1,1,1,1192,2452,RILASCIO,0.817347
3.128000,1,1,1,1,1,1192,2451,RILASCIO,0.817180
3.130000,1,1,1,1,1,1192,2450,RILASCIO,0.816847
3.131000,1,1,1,1,1,1192,2449,RILASCIO,0.816680
3.133000,1,1,1,1,1,1192,2448,RILASCIO,0.816347
3.134000,1,1,1,1,1,1192,2447,RILASCIO,0.816180
3.136000,1,1,1,1,1,1192,2446,RILASCIO,0.815847
3.137000,1,1,1,1,1,1192,2445,RILASCIO,0.815680
3.139000,1,1,1,1,1,1192,2444,RILASCIO,0.815347
3.140000,1,1,1,1,1,1192,2443,RILASCIO,0.815180
3.142000,1,1,1,1,1,1192,2442,RILASCIO,0.814847
3.143000,1,1,1,1,1,1192,2441,RILASCIO,0.814680
3.145000,1,1,1,1,1,1192,2440,RILASCIO,0.814347
3.147000,1,1,1,1,1,1192,2439,RILASCIO,0.814013
3.148000,1,1,1,1,1,1192,2438,RILASCIO,0.813847
3.150000,1,1,1,1,1,1192,2437,RILASCIO,0.813514
3.151000,1,1,1,1,1,1192,2436,RILASCIO,0.813347
3.153000,1,1,1,1,1,1192,2435,RILASCIO,0.813014
3.154000,1,1,1,1,1,1192,2434,RILASCIO,0.812847
3.156000,1,1,1,1,1,1192,2433,RILASCIO,0.812514
3.157000,1,1,1,1,1,1192,2432,RILASCIO,0.812347
3.159000,1,1,1,1,1,1192,2431,RILASCIO,0.812014
3.160000,1,1,1,1,1,1192,2430,RILASCIO,0.811847
3.162000,1,1,1,1,1,1192,2429,RILASCIO,0.811514
3.163000,1,1,1,1,1,1192,2428,RILASCIO,0.811347
3.165000,1,1,1,1,1,1192,2427,RILASCIO,0.811014
3.166000,1,1,1,1,1,1192,2426,RILASCIO,0.810847
3.168000,1,1,1,1,1,1192,2425,RILASCIO,0.810514
3.169000,1,1,1,1,1,1192,2424,RILASCIO,0.810347
3.171000,1,1,1,1,1,1192,2423,RILASCIO,0.810014
3.172000,1,1,1,1,1,1192,2422,RILASCIO,0.809847
3.174000,1,1,1,1,1,1192,2421,RILASCIO,0.809514
3.175000,1,1,1,1,1,1192,2420,RILASCIO,0.809347
3.177000,1,1,1,1,1,1192,2419,RILASCIO,0.809014
3.178000,1,1,1,1,1,1192,2418,RILASCIO,0.808847
3.180000,1,1,1,1,1,1192,2417,RILASCIO,0.808514
3.181000,1,1,1,1,1,1192,2416,RILASCIO,0.808347
3.183000,1,1,1,1,1,1192,2415,RILASCIO,0.808014
3.184000,1,1,1,1,1,1192,2414,RILASCIO,0.807847
3.186000,1,1,1,1,1,1192,2413,RILASCIO,0.807514
3.187000,1,1,1,1,1,1192,2412,RILASCIO,0.807347
3.189000,1,1,1,1,1,1192,2411,RILASCIO,0.807014
3.190000,1,1,1,1,1,1192,2410,RILASCIO,0.806847
3.192000,1,1,1,1,1,1192,2409,RILASCIO,0.806514
3.193000,1,1,1,1,1,1192,2408,RILASCIO,0.806347
3.195000,1,1,1,1,1,1192,2407,RILASCIO,0.806014
3.196000,1,1,1,1,1,1192,2406,RILASCIO,0.805847
3.198000,1,1,1,1,1,1192,2405,RILASCIO,0.805514
3.199000,1,1,1,1,1,1192,2404,RILASCIO,0.805347
3.201000,1,1,1,1,1,1192,2403,RILASCIO,0.805014
3.202000,1,1,1,1,1,1192,2402,RILASCIO,0.804847
3.204000,1,1,1,1,1,1192,2401,RILASCIO,0.804514
3.205000,1,1,1,1,1,1192,2400,RILASCIO,0.804348
3.207000,1,1,1,1,1,1192,2399,RILASCIO,0.804014
3.208000,1,1,1,1,1,1192,2398,RILASCIO,0.803848
3.210000,1,1,1,1,1,1192,2397,RILASCIO,0.803514
3.211000,1,1,1,1,1,1192,2396,RILASCIO,0.803348
3.213000,1,1,1,1,1,1192,2395,RILASCIO,0.803014
3.214000,1,1,1,1,1,1192,2394,RILASCIO,0.802848
3.216000,1,1,1,1,1,1192,2393,RILASCIO,0.802514
3.217000,1,1,1,1,1,1192,2392,RILASCIO,0.802348
3.219000,1,1,1,1,1,1192,2391,RILASCIO,0.802014
3.220000,1,1,1,1,1,1192,2390,RILASCIO,0.801848
3.222000,1,1,1,1,1,1192,2389,RILASCIO,0.801514
3.223000,1,1,1,1,1,1192,2388,RILASCIO,0.801348
3.225000,1,1,1,1,1,1192,2387,RILASCIO,0.801014
3.226000,1,1,1,1,1,1192,2386,RILASCIO,0.800848
3.228000,1,1,1,1,1,1192,2385,RILASCIO,0.800514
3.229000,1,1,1,1,1,1192,2384,RILASCIO,0.800348
3.231000,1,1,1,1,1,1192,2383,RILASCIO,0.800014
3.232000,1,1,1,1,1,1193,2382,RILASCIO,0.799848
3.233000,1,1,1,1,1,1195,2382,RILASCIO,0.799681
3.234000,1,1,1,1,1,1196,2381,RILASCIO,0.799515
3.235000,1,1,1,1,1,1197,2380,RILASCIO,0.799348
3.236000,1,1,1,1,1,1199,2380,RILASCIO,0.799181
3.237000,1,1,1,1,1,1200,2379,RILASCIO,0.799015
3.238000,1,1,1,1,1,1202,2378,RILASCIO,0.798848
3.239000,1,1,1,1,1,1203,2378,RILASCIO,0.798681
3.240000,1,1,1,1,1,1204,2377,RILASCIO,0.798515
3.241000,1,1,1,1,1,1206,2377,RILASCIO,0.798348
3.242000,1,1,1,1,1,1207,2376,RILASCIO,0.798181
3.243000,1,1,1,1,1,1209,2375,RILASCIO,0.798015
3.244000,1,1,1,1,1,1210,2375,RILASCIO,0.797848
3.245000,1,1,1,1,1,1211,2374,RILASCIO,0.797681
3.246000,1,1,1,1,1,1213,2373,RILASCIO,0.797515
3.247000,1,1,1,1,1,1214,2373,RILASCIO,0.797348
3.248000,1,1,1,1,1,1216,2372,RILASCIO,0.797181
3.249000,1,1,1,1,1,1217,2371,RILASCIO,0.797015
3.250000,1,1,1,1,1,1218,2371,RILASCIO,0.796848
3.251000,1,1,1,1,1,1220,2370,RILASCIO,0.796681
3.252000,1,1,1,1,1,1221,2369,RILASCIO,0.796515
3.253000,1,1,1,1,1,1223,2369,RILASCIO,0.796348
3.254000,1,1,1,1,1,1224,2368,RILASCIO,0.796181
3.255000,1,1,1,1,1,1225,2367,RILASCIO,0.796015
3.256000,1,1,1,1,1,1227,2367,RILASCIO,0.795848
3.257000,1,1,1,1,1,1228,2366,RILASCIO,0.795681
3.258000,1,1,1,1,1,1230,2365,RILASCIO,0.795515
3.259000,1,1,1,1,1,1231,2365,RILASCIO,0.795348
3.260000,1,1,1,1,1,1232,2364,RILASCIO,0.795182
3.261000,1,1,1,1,1,1234,2363,RILASCIO,0.795015
3.262000,1,1,1,1,1,1235,2363,RILASCIO,0.794848
3.263000,1,1,1,1,1,1236,2362,RILASCIO,0.794682
3.264000,1,1,1,1,1,1238,2361,RILASCIO,0.794515
3.265000,1,1,1,1,1,1239,2361,RILASCIO,0.794348
3.266000,1,1,1,1,1,1241,2360,RILASCIO,0.794182
3.267000,1,1,1,1,1,1242,2359,RILASCIO,0.794015
3.268000,1,1,1,1,1,1243,2359,RILASCIO,0.793848
3.269000,1,1,1,1,1,1245,2358,RILASCIO,0.793682
3.270000,1,1,1,1,1,1246,2357,RILASCIO,0.793515
3.271000,1,1,1,1,1,1248,2357,RILASCIO,0.793348
3.272000,1,1,1,1,1,1249,2356,RILASCIO,0.793182
3.273000,1,1,1,1,1,1250,2355,RILASCIO,0.793015
3.274000,1,1,1,1,1,1252,2355,RILASCIO,0.792848
3.275000,1,1,1,1,1,1253,2354,RILASCIO,0.792682
3.276000,1,1,1,1,1,1255,2353,RILASCIO,0.792515
3.277000,1,1,1,1,1,1256,2353,RILASCIO,0.792348
3.278000,1,1,1,1,1,1257,2352,RILASCIO,0.792182
3.279000,1,1,1,1,1,1259,2351,RILASCIO,0.792015
3.280000,1,1,1,1,1,1260,2351,RILASCIO,0.791848
3.281000,1,1,1,1,1,1262,2350,RILASCIO,0.791682
3.282000,1,1,1,1,1,1263,2349,RILASCIO,0.791515
3.283000,1,1,1,1,1,1264,2349,RILASCIO,0.791348
3.284000,1,1,1,1,1,1266,2348,RILASCIO,0.791182
3.285000,1,1,1,1,1,1267,2347,RILASCIO,0.791015
3.286000,1,1,1,1,1,1269,2347,RILASCIO,0.790848
3.287000,1,1,1,1,1,1270,2346,RILASCIO,0.790682
3.288000,1,1,1,1,1,1271,2345,RILASCIO,0.790515
3.289000,1,1,1,1,1,1273,2345,RILASCIO,0.790349
3.290000,1,1,1,1,1,1274,2344,RILASCIO,0.790182
3.291000,1,1,1,1,1,1276,2343,RILASCIO,0.790015
3.292000,1,1,1,1,1,1277,2343,RILASCIO,0.789849
3.293000,1,1,1,1,1,1278,2342,RILASCIO,0.789682
3.294000,1,1,1,1,1,1280,2341,RILASCIO,0.789515
3.295000,1,1,1,1,1,1281,2341,RILASCIO,0.789349
3.296000,1,1,1,1,1,1282,2340,RILASCIO,0.789182
3.297000,1,1,1,1,1,1284,2339,RILASCIO,0.789015
3.298000,1,1,1,1,1,1285,2339,RILASCIO,0.788849
3.299000,1,1,1,1,1,1287,2338,RILASCIO,0.788682
3.300000,1,1,1,1,1,1288,2337,RILASCIO,0.788515
3.301000,1,1,1,1,1,1289,2337,RILASCIO,0.788349
3.302000,1,1,1,1,1,1291,2336,RILASCIO,0.788182
3.303000,1,1,1,1,1,1292,2335,RILASCIO,0.788015
3.304000,1,1,1,1,1,1294,2335,RILASCIO,0.787849
3.305000,1,1,1,1,1,1295,2334,RILASCIO,0.787682
3.306000,1,1,1,1,1,1296,2333,RILASCIO,0.787515
3.307000,1,1,1,1,1,1298,2333,RILASCIO,0.787349
3.308000,1,1,1,1,1,1299,2332,RILASCIO,0.787182
3.309000,1,1,1,1,1,1301,2331,RILASCIO,0.787015
3.310000,1,1,1,1,1,1302,2331,RILASCIO,0.786849
3.311000,1,1,1,1,1,1303,2330,RILASCIO,0.786682
3.312000,1,1,1,1,1,1305,2329,RILASCIO,0.786515
3.313000,1,1,1,1,1,1306,2329,RILASCIO,0.786349
3.314000,1,1,1,1,1,1308,2328,RILASCIO,0.786182
3.315000,1,1,1,1,1,1309,2327,RILASCIO,0.786016
3.316000,1,1,1,1,1,1310,2327,RILASCIO,0.785849
3.317000,1,1,1,1,1,1312,2326,RILASCIO,0.785682
3.318000,1,1,1,1,1,1313,2325,RILASCIO,0.785516
3.319000,1,1,1,1,1,1315,2325,RILASCIO,0.785349
3.320000,1,1,1,1,1,1316,2324,RILASCIO,0.785182
3.321000,1,1,1,1,1,1317,2323,RILASCIO,0.785016
3.322000,1,1,1,1,1,1319,2323,RILASCIO,0.784849
3.323000,1,1,1,1,1,1320,2322,RILASCIO,0.784682
3.324000,1,1,1,1,1,1321,2321,RILASCIO,0.784516
3.325000,1,1,1,1,1,1323,2321,RILASCIO,0.784349
3.326000,1,1,1,1,1,1324,2320,RILASCIO,0.784182
3.327000,1,1,1,1,1,1326,2319,RILASCIO,0.784016
3.328000,1,1,1,1,1,1327,2319,RILASCIO,0.783849
3.329000,1,1,1,1,1,1328,2318,RILASCIO,0.783682
3.330000,1,1,1,1,1,1330,2318,RILASCIO,0.783516
3.331000,1,1,1,1,1,1331,2317,RILASCIO,0.783349
3.332000,1,1,1,1,1,1333,2316,RILASCIO,0.783182
3.333000,1,1,1,1,1,1334,2316,RILASCIO,0.783016
3.334000,1,1,1,1,1,1335,2315,RILASCIO,0.782849
3.335000,1,1,1,1,1,1337,2314,RILASCIO,0.782682
3.336000,1,1,1,1,1,1338,2314,RILASCIO,0.782516
3.337000,1,1,1,1,1,1340,2313,RILASCIO,0.782349
3.338000,1,1,1,1,1,1341,2312,RILASCIO,0.782182
3.339000,1,1,1,1,1,1342,2312,RILASCIO,0.782016
3.340000,1,1,1,1,1,1344,2311,RILASCIO,0.781849
3.341000,1,1,1,1,1,1345,2310,RILASCIO,0.781682
3.342000,1,1,1,1,1,1347,2310,RILASCIO,0.781516
3.343000,1,1,1,1,1,1348,2309,RILASCIO,0.781349
3.344000,1,1,1,1,1,1349,2308,RILASCIO,0.781183
3.345000,1,1,1,1,1,1351,2308,RILASCIO,0.781016
3.346000,1,1,1,1,1,1352,2307,RILASCIO,0.780849
3.347000,1,1,1,1,1,1354,2306,RILASCIO,0.780683
3.348000,1,1,1,1,1,1355,2306,RILASCIO,0.780516
3.349000,1,1,1,1,1,1356,2305,RILASCIO,0.780349
3.350000,1,1,1,1,1,1358,2304,RILASCIO,0.780183
3.351000,1,1,1,1,1,1359,2304,RILASCIO,0.780016
3.352000,1,1,1,1,1,1360,2303,RILASCIO,0.779849
3.353000,1,1,1,1,1,1362,2302,RILASCIO,0.779683
3.354000,1,1,1,1,1,1363,2302,RILASCIO,0.779516
3.355000,1,1,1,1,1,1365,2301,RILASCIO,0.779349
3.356000,1,1,1,1,1,1366,2300,RILASCIO,0.779183
3.357000,1,1,1,1,1,1367,2300,RILASCIO,0.779016
3.358000,1,1,1,1,1,1369,2299,RILASCIO,0.778849
3.359000,1,1,1,1,1,1370,2298,RILASCIO,0.778683
3.360000,1,1,1,1,1,1372,2298,RILASCIO,0.778516
3.361000,1,1,1,1,1,1373,2297,RILASCIO,0.778349
3.362000,1,1,1,1,1,1374,2296,RILASCIO,0.778183
3.363000,1,1,1,1,1,1376,2296,RILASCIO,0.778016
3.364000,1,1,1,1,1,1377,2295,RILASCIO,0.777849
3.365000,1,1,1,1,1,1379,2294,RILASCIO,0.777683
3.366000,1,1,1,1,1,1380,2294,RILASCIO,0.777516
3.367000,1,1,1,1,1,1381,2293,RILASCIO,0.777349
3.368000,1,1,1,1,1,1383,2292,RILASCIO,0.777183
3.369000,1,1,1,1,1,1384,2292,RILASCIO,0.777016
3.370000,1,1,1,1,1,1386,2291,RILASCIO,0.776850
3.371000,1,1,1,1,1,1387,2290,RILASCIO,0.776683
3.372000,1,1,1,1,1,1388,2290,RILASCIO,0.776516
3.373000,1,1,1,1,1,1390,2289,RILASCIO,0.776350
3.374000,1,1,1,1,1,1391,2288,RILASCIO,0.776183
3.375000,1,1,1,1,1,1393,2288,RILASCIO,0.776016
3.376000,1,1,1,1,1,1394,2287,RILASCIO,0.775850
3.377000,1,1,1,1,1,1395,2286,RILASCIO,0.775683
3.378000,1,1,1,1,1,1397,2286,RILASCIO,0.775516
3.379000,1,1,1,1,1,1398,2285,RILASCIO,0.775350
3.380000,1,1,1,1,1,1399,2284,RILASCIO,0.775183
3.381000,1,1,1,1,1,1401,2284,RILASCIO,0.775016
3.382000,1,1,1,1,1,1402,2283,RILASCIO,0.774850
3.383000,1,1,1,1,1,1404,2282,RILASCIO,0.774683
3.384000,1,1,1,1,1,1405,2282,RILASCIO,0.774516
3.385000,1,1,1,1,1,1406,2281,RILASCIO,0.774350
3.386000,1,1,1,1,1,1408,2280,RILASCIO,0.774183
3.387000,1,1,1,1,1,1409,2280,RILASCIO,0.774016
3.388000,1,1,1,1,1,1411,2279,RILASCIO,0.773850
3.389000,1,1,1,1,1,1412,2278,RILASCIO,0.773683
3.390000,1,1,1,1,1,1413,2278,RILASCIO,0.773516
3.391000,1,1,1,1,1,1415,2277,RILASCIO,0.773350
3.392000,1,1,1,1,1,1416,2276,RILASCIO,0.773183
3.393000,1,1,1,1,1,1418,2276,RILASCIO,0.773016
3.394000,1,1,1,1,1,1419,2275,RILASCIO,0.772850
3.395000,1,1,1,1,1,1420,2274,RILASCIO,0.772683
3.396000,1,1,1,1,1,1422,2274,RILASCIO,0.772516
3.397000,1,1,1,1,1,1423,2273,RILASCIO,0.772350
3.398000,1,1,1,1,1,1425,2272,RILASCIO,0.772183
3.399000,1,1,1,1,1,1426,2272,RILASCIO,0.772017
3.400000,1,1,1,1,1,1427,2271,RILASCIO,0.771850
3.401000,1,1,1,1,1,1429,2270,RILASCIO,0.771683
3.402000,1,1,1,1,1,1430,2270,RILASCIO,0.771517
3.403000,1,1,1,1,1,1432,2269,RILASCIO,0.771350
3.404000,1,1,1,1,1,1433,2268,RILASCIO,0.771183
3.405000,1,1,1,1,1,1434,2268,RILASCIO,0.771017
3.406000,1,1,1,1,1,1436,2267,RILASCIO,0.770850
3.407000,1,1,1,1,1,1437,2266,RILASCIO,0.770683
3.408000,1,1,1,1,1,1438,2266,RILASCIO,0.770517
3.409000,1,1,1,1,1,1440,2265,RILASCIO,0.770350
3.410000,1,1,1,1,1,1441,2264,RILASCIO,0.770183
3.411000,1,1,1,1,1,1443,2264,RILASCIO,0.770017
3.412000,1,1,1,1,1,1444,2263,RILASCIO,0.769850
3.413000,1,1,1,1,1,1445,2263,RILASCIO,0.769683
3.414000,1,1,1,1,1,1447,2262,RILASCIO,0.769517
3.415000,1,1,1,1,1,1448,2261,RILASCIO,0.769350
3.416000,1,1,1,1,1,1450,2261,RILASCIO,0.769183
3.417000,1,1,1,1,1,1451,2260,RILASCIO,0.769017
3.418000,1,1,1,1,1,1452,2259,RILASCIO,0.768850
3.419000,1,1,1,1,1,1454,2259,RILASCIO,0.768683
3.420000,1,1,1,1,1,1455,2258,RILASCIO,0.768517
3.421000,1,1,1,1,1,1457,2257,RILASCIO,0.768350
3.422000,1,1,1,1,1,1458,2257,RILASCIO,0.768183
3.423000,1,1,1,1,1,1459,2256,RILASCIO,0.768017
3.424000,1,1,1,1,1,1461,2255,RILASCIO,0.767850
3.425000,1,1,1,1,1,1462,2255,RILASCIO,0.767684
3.426000,1,1,1,1,1,1464,2254,RILASCIO,0.767517
3.427000,1,1,1,1,1,1465,2253,RILASCIO,0.767350
3.428000,1,1,1,1,1,1466,2253,RILASCIO,0.767184
3.429000,1,1,1,1,1,1468,2252,RILASCIO,0.767017
3.430000,1,1,1,1,1,1469,2251,RILASCIO,0.766850
3.431000,1,1,1,1,1,1471,2251,RILASCIO,0.766684
3.432000,1,1,1,1,1,1472,2250,RILASCIO,0.766517
3.433000,1,1,1,1,1,1473,2249,RILASCIO,0.766350
3.434000,1,1,1,1,1,1475,2249,RILASCIO,0.766184
3.435000,1,1,1,1,1,1476,2248,RILASCIO,0.766017
3.436000,1,1,1,1,1,1478,2247,RILASCIO,0.765850
3.437000,1,1,1,1,1,1479,2247,RILASCIO,0.765684
3.438000,1,1,1,1,1,1480,2246,RILASCIO,0.765517
3.439000,1,1,1,1,1,1482,2245,RILASCIO,0.765350
3.440000,1,1,1,1,1,1483,2245,RILASCIO,0.765184
3.441000,1,1,1,1,1,1484,2244,RILASCIO,0.765017
3.442000,1,1,1,1,1,1486,2243,RILASCIO,0.764850
3.443000,1,1,1,1,1,1487,2243,RILASCIO,0.764684
3.444000,1,1,1,1,1,1489,2242,RILASCIO,0.764517
3.445000,1,1,1,1,1,1490,2241,RILASCIO,0.764350
3.446000,1,1,1,1,1,1491,2241,RILASCIO,0.764184
3.447000,1,1,1,1,1,1493,2240,RILASCIO,0.764017
3.448000,1,1,1,1,1,1494,2239,RILASCIO,0.763850
3.449000,1,1,1,1,1,1496,2239,RILASCIO,0.763684
3.450000,1,1,1,1,1,1497,2238,RILASCIO,0.763517
3.451000,1,1,1,1,1,1498,2237,RILASCIO,0.763350
3.452000,1,1,1,1,1,1500,2237,RILASCIO,0.763184
3.453000,1,1,1,1,1,1501,2236,RILASCIO,0.763017
3.454000,1,1,1,1,1,1503,2235,RILASCIO,0.762851
3.455000,1,1,1,1,1,1504,2235,RILASCIO,0.762684
3.456000,1,1,1,1,1,1505,2234,RILASCIO,0.762517
3.457000,1,1,1,1,1,1507,2233,RILASCIO,0.762351
3.458000,1,1,1,1,1,1508,2233,RILASCIO,0.762184
3.459000,1,1,1,1,1,1510,2232,RILASCIO,0.762017
3.460000,1,1,1,1,1,1511,2231,RILASCIO,0.761851
3.461000,1,1,1,1,1,1512,2231,RILASCIO,0.761684
3.462000,1,1,1,1,1,1514,2230,RILASCIO,0.761517
3.463000,1,1,1,1,1,1515,2229,RILASCIO,0.761351
3.464000,1,1,1,1,1,1517,2229,RILASCIO,0.761184
3.465000,1,1,1,1,1,1518,2228,RILASCIO,0.761017
3.466000,1,1,1,1,1,1519,2227,RILASCIO,0.760851
3.467000,1,1,1,1,1,1521,2227,RILASCIO,0.760684
3.468000,1,1,1,1,1,1522,2226,RILASCIO,0.760517
3.469000,1,1,1,1,1,1523,2225,RILASCIO,0.760351
3.470000,1,1,1,1,1,1525,2225,RILASCIO,0.760184
3.471000,1,1,1,1,1,1526,2224,RILASCIO,0.760017
3.472000,1,1,1,1,1,1528,2223,RILASCIO,0.759851
3.473000,1,1,1,1,1,1529,2223,RILASCIO,0.759684
3.474000,1,1,1,1,1,1530,2222,RILASCIO,0.759517
3.475000,1,1,1,1,1,1532,2221,RILASCIO,0.759351
3.476000,1,1,1,1,1,1533,2221,RILASCIO,0.759184
3.477000,1,1,1,1,1,1535,2220,RILASCIO,0.759017
3.478000,1,1,1,1,1,1536,2219,RILASCIO,0.758851
3.479000,1,1,1,1,1,1537,2219,RILASCIO,0.758684
3.480000,1,1,1,1,1,1539,2218,RILASCIO,0.758518
3.481000,1,1,1,1,1,1540,2217,RILASCIO,0.758351
3.482000,1,1,1,1,1,1542,2217,RILASCIO,0.758184
3.483000,1,1,1,1,1,1543,2216,RILASCIO,0.758018
3.484000,1,1,1,1,1,1544,2215,RILASCIO,0.757851
3.485000,1,1,1,1,1,1546,2215,RILASCIO,0.757684
3.486000,1,1,1,1,1,1547,2214,RILASCIO,0.757518
3.487000,1,1,1,1,1,1549,2213,RILASCIO,0.757351
3.488000,1,1,1,1,1,1550,2213,RILASCIO,0.757184
3.489000,1,1,1,1,1,1551,2212,RILASCIO,0.757018
3.490000,1,1,1,1,1,1553,2211,RILASCIO,0.756851
3.491000,1,1,1,1,1,1554,2211,RILASCIO,0.756684
3.492000,1,1,1,1,1,1556,2210,RILASCIO,0.756518
3.493000,1,1,1,1,1,1557,2210,RILASCIO,0.756351
3.494000,1,1,1,1,1,1558,2209,RILASCIO,0.756184
3.495000,1,1,1,1,1,1560,2208,RILASCIO,0.756018
3.496000,1,1,1,1,1,1561,2208,RILASCIO,0.755851
3.497000,1,1,1,1,1,1562,2207,RILASCIO,0.755684
3.498000,1,1,1,1,1,1564,2206,RILASCIO,0.755518
3.499000,1,1,1,1,1,1565,2206,RILASCIO,0.755351
3.500000,1,1,1,1,1,1567,2205,RILASCIO,0.755184
3.501000,1,1,1,1,1,1568,2204,RILASCIO,0.755018
3.502000,1,1,1,1,1,1569,2204,RILASCIO,0.754851
3.503000,1,1,1,1,1,1571,2203,RILASCIO,0.754684
3.504000,1,1,1,1,1,1572,2202,RILASCIO,0.754518
3.505000,1,1,1,1,1,1574,2202,RILASCIO,0.754351
3.506000,1,1,1,1,1,1575,2201,RILASCIO,0.754184
3.507000,1,1,1,1,1,1576,2200,RILASCIO,0.754018
3.508000,1,1,1,1,1,1578,2200,RILASCIO,0.753851
3.509000,1,1,1,1,1,1579,2199,RILASCIO,0.753685
3.510000,1,1,1,1,1,1581,2198,RILASCIO,0.753518
3.511000,1,1,1,1,1,1582,2198,RILASCIO,0.753351
3.512000,1,1,1,1,1,1583,2197,RILASCIO,0.753185
3.513000,1,1,1,1,1,1585,2196,RILASCIO,0.753018
3.514000,1,1,1,1,1,1586,2196,RILASCIO,0.752851
3.515000,1,1,1,1,1,1588,2195,RILASCIO,0.752685
3.516000,1,1,1,1,1,1589,2194,RILASCIO,0.752518
3.517000,1,1,1,1,1,1590,2194,RILASCIO,0.752351
3.518000,1,1,1,1,1,1592,2193,RILASCIO,0.752185
3.519000,1,1,1,1,1,1593,2192,RILASCIO,0.752018
3.520000,1,1,1,1,1,1595,2192,RILASCIO,0.751851
3.521000,1,1,1,1,1,1596,2191,RILASCIO,0.751685
3.522000,1,1,1,1,1,1597,2190,RILASCIO,0.751518
3.523000,1,1,1,1,1,1599,2190,RILASCIO,0.751351
3.524000,1,1,1,1,1,1600,2189,RILASCIO,0.751185
3.525000,1,1,1,1,1,1601,2188,RILASCIO,0.751018
3.526000,1,1,1,1,1,1603,2188,RILASCIO,0.750851
3.527000,1,1,1,1,1,1604,2187,RILASCIO,0.750685
3.528000,1,1,1,1,1,1606,2186,RILASCIO,0.750518
3.529000,1,1,1,1,1,1607,2186,RILASCIO,0.750351
3.530000,1,1,1,1,1,1608,2185,RILASCIO,0.750185
3.531000,1,1,1,1,1,1610,2184,RILASCIO,0.750018
3.533000,1,1,1,1,1,1610,2183,RILASCIO,0.749685
3.534000,1,1,1,1,1,1611,2182,RILASCIO,0.749518
3.536000,1,1,1,1,1,1611,2181,RILASCIO,0.749185
3.537000,1,1,1,1,1,1611,2180,RILASCIO,0.749018
3.538000,1,1,1,1,1,1612,2180,RILASCIO,0.748852
3.539000,1,1,1,1,1,1612,2179,RILASCIO,0.748685
3.540000,1,1,1,1,1,1612,2178,RILASCIO,0.748518
3.542000,1,1,1,1,1,1613,2177,RILASCIO,0.748185
3.543000,1,1,1,1,1,1613,2176,RILASCIO,0.748018
3.545000,1,1,1,1,1,1613,2175,RILASCIO,0.747685
3.546000,1,1,1,1,1,1614,2174,RILASCIO,0.747518
3.548000,1,1,1,1,1,1614,2173,RILASCIO,0.747185
3.549000,1,1,1,1,1,1614,2172,RILASCIO,0.747018
3.550000,1,1,1,1,1,1615,2172,RILASCIO,0.746852
3.551000,1,1,1,1,1,1615,2171,RILASCIO,0.746685
3.552000,1,1,1,1,1,1615,2170,RILASCIO,0.746518
3.554000,1,1,1,1,1,1616,2169,RILASCIO,0.746185
3.555000,1,1,1,1,1,1616,2168,RILASCIO,0.746018
3.557000,1,1,1,1,1,1616,2167,RILASCIO,0.745685
3.558000,1,1,1,1,1,1617,2166,RILASCIO,0.745518
3.560000,1,1,1,1,1,1617,2165,RILASCIO,0.745185
3.561000,1,1,1,1,1,1617,2164,RILASCIO,0.745018
3.562000,1,1,1,1,1,1618,2164,RILASCIO,0.744852
3.563000,1,1,1,1,1,1618,2163,RILASCIO,0.744685
3.564000,1,1,1,1,1,1618,2162,RILASCIO,0.744519
3.566000,1,1,1,1,1,1619,2161,RILASCIO,0.744185
3.567000,1,1,1,1,1,1619,2160,RILASCIO,0.744019
3.569000,1,1,1,1,1,1619,2159,RILASCIO,0.743685
3.570000,1,1,1,1,1,1620,2158,RILASCIO,0.743519
3.572000,1,1,1,1,1,1620,2157,RILASCIO,0.743185
3.574000,1,1,1,1,1,1621,2156,RILASCIO,0.742852
3.575000,1,1,1,1,1,1621,2155,RILASCIO,0.742685
3.577000,1,1,1,1,1,1621,2154,RILASCIO,0.742352
3.578000,1,1,1,1,1,1622,2153,RILASCIO,0.742185
3.580000,1,1,1,1,1,1622,2152,RILASCIO,0.741852
3.581000,1,1,1,1,1,1622,2151,RILASCIO,0.741685
3.582000,1,1,1,1,1,1623,2151,RILASCIO,0.741519
3.583000,1,1,1,1,1,1623,2150,RILASCIO,0.741352
3.584000,1,1,1,1,1,1623,2149,RILASCIO,0.741185
3.586000,1,1,1,1,1,1624,2148,RILASCIO,0.740852
3.587000,1,1,1,1,1,1624,2147,RILASCIO,0.740685
3.589000,1,1,1,1,1,1624,2146,RILASCIO,0.740352
3.590000,1,1,1,1,1,1625,2145,RILASCIO,0.740185
3.592000,1,1,1,1,1,1625,2144,RILASCIO,0.739852
3.593000,1,1,1,1,1,1625,2143,RILASCIO,0.739686
3.594000,1,1,1,1,1,1626,2143,RILASCIO,0.739519
3.595000,1,1,1,1,1,1626,2142,RILASCIO,0.739352
3.596000,1,1,1,1,1,1626,2141,RILASCIO,0.739186
3.598000,1,1,1,1,1,1627,2140,RILASCIO,0.738852
3.599000,1,1,1,1,1,1627,2139,RILASCIO,0.738686
3.601000,1,1,1,1,1,1627,2138,RILASCIO,0.738352
3.602000,1,1,1,1,1,1628,2137,RILASCIO,0.738186
3.604000,1,1,1,1,1,1628,2136,RILASCIO,0.737852
3.605000,1,1,1,1,1,1628,2135,RILASCIO,0.737686
3.606000,1,1,1,1,1,1629,2135,RILASCIO,0.737519
3.607000,1,1,1,1,1,1629,2134,RILASCIO,0.737352
3.608000,1,1,1,1,1,1629,2133,RILASCIO,0.737186
3.610000,1,1,1,1,1,1630,2132,RILASCIO,0.736852
3.611000,1,1,1,1,1,1630,2131,RILASCIO,0.736686
3.613000,1,1,1,1,1,1630,2130,RILASCIO,0.736352
3.614000,1,1,1,1,1,1631,2129,RILASCIO,0.736186
3.616000,1,1,1,1,1,1631,2128,RILASCIO,0.735852
3.617000,1,1,1,1,1,1631,2127,RILASCIO,0.735686
3.618000,1,1,1,1,1,1632,2127,RILASCIO,0.735519
3.619000,1,1,1,1,1,1632,2126,RILASCIO,0.735353
3.620000,1,1,1,1,1,1632,2125,RILASCIO,0.735186
3.622000,1,1,1,1,1,1633,2124,RILASCIO,0.734853
3.623000,1,1,1,1,1,1633,2123,RILASCIO,0.734686
3.625000,1,1,1,1,1,1633,2122,RILASCIO,0.734353
3.626000,1,1,1,1,1,1634,2121,RILASCIO,0.734186
3.628000,1,1,1,1,1,1634,2120,RILASCIO,0.733853
3.629000,1,1,1,1,1,1634,2119,RILASCIO,0.733686
3.630000,1,1,1,1,1,1635,2119,RILASCIO,0.733519
3.631000,1,1,1,1,1,1635,2118,RILASCIO,0.733353
3.632000,1,1,1,1,1,1635,2117,RILASCIO,0.733186
3.634000,1,1,1,1,1,1636,2116,RILASCIO,0.732853
3.635000,1,1,1,1,1,1636,2115,RILASCIO,0.732686
3.637000,1,1,1,1,1,1636,2114,RILASCIO,0.732353
3.638000,1,1,1,1,1,1637,2113,RILASCIO,0.732186
3.640000,1,1,1,1,1,1637,2112,RILASCIO,0.731853
3.641000,1,1,1,1,1,1637,2111,RILASCIO,0.731686
3.642000,1,1,1,1,1,1638,2111,RILASCIO,0.731519
3.643000,1,1,1,1,1,1638,2110,RILASCIO,0.731353
3.644000,1,1,1,1,1,1638,2109,RILASCIO,0.731186
3.646000,1,1,1,1,1,1639,2108,RILASCIO,0.730853
3.647000,1,1,1,1,1,1639,2107,RILASCIO,0.730686
3.649000,1,1,1,1,1,1639,2106,RILASCIO,0.730353
3.650000,1,1,1,1,1,1640,2106,RILASCIO,0.730186
3.651000,1,1,1,1,1,1640,2105,RILASCIO,0.730020
3.652000,1,1,1,1,1,1640,2104,RILASCIO,0.729853
3.654000,1,1,1,1,1,1641,2103,RILASCIO,0.729520
3.655000,1,1,1,1,1,1641,2102,RILASCIO,0.729353
3.657000,1,1,1,1,1,1641,2101,RILASCIO,0.729020
3.658000,1,1,1,1,1,1642,2100,RILASCIO,0.728853
3.660000,1,1,1,1,1,1642,2099,RILASCIO,0.728520
3.661000,1,1,1,1,1,1642,2098,RILASCIO,0.728353
3.662000,1,1,1,1,1,1643,2098,RILASCIO,0.728186
3.663000,1,1,1,1,1,1643,2097,RILASCIO,0.728020
3.664000,1,1,1,1,1,1643,2096,RILASCIO,0.727853
3.666000,1,1,1,1,1,1644,2095,RILASCIO,0.727520
3.667000,1,1,1,1,1,1644,2094,RILASCIO,0.727353
3.669000,1,1,1,1,1,1644,2093,RILASCIO,0.727020
3.670000,1,1,1,1,1,1645,2092,RILASCIO,0.726853
3.672000,1,1,1,1,1,1645,2091,RILASCIO,0.726520
3.673000,1,1,1,1,1,1645,2090,RILASCIO,0.726353
3.674000,1,1,1,1,1,1646,2090,RILASCIO,0.726187
3.675000,1,1,1,1,1,1646,2089,RILASCIO,0.726020
3.676000,1,1,1,1,1,1646,2088,RILASCIO,0.725853
3.678000,1,1,1,1,1,1647,2087,RILASCIO,0.725520
3.679000,1,1,1,1,1,1647,2086,RILASCIO,0.725353
3.681000,1,1,1,1,1,1647,2085,RILASCIO,0.725020
3.682000,1,1,1,1,1,1648,2084,RILASCIO,0.724853
3.684000,1,1,1,1,1,1648,2083,RILASCIO,0.724520
3.685000,1,1,1,1,1,1648,2082,RILASCIO,0.724353
3.686000,1,1,1,1,1,1649,2082,RILASCIO,0.724187
3.687000,1,1,1,1,1,1649,2081,RILASCIO,0.724020
3.688000,1,1,1,1,1,1649,2080,RILASCIO,0.723853
3.690000,1,1,1,1,1,1650,2079,RILASCIO,0.723520
3.691000,1,1,1,1,1,1650,2078,RILASCIO,0.723353
3.693000,1,1,1,1,1,1650,2077,RILASCIO,0.723020
3.694000,1,1,1,1,1,1651,2076,RILASCIO,0.722853
3.696000,1,1,1,1,1,1651,2075,RILASCIO,0.722520
3.697000,1,1,1,1,1,1651,2074,RILASCIO,0.722353
3.698000,1,1,1,1,1,1652,2074,RILASCIO,0.722187
3.699000,1,1,1,1,1,1652,2073,RILASCIO,0.722020
3.700000,1,1,1,1,1,1652,2072,RILASCIO,0.721853
3.702000,1,1,1,1,1,1653,2071,RILASCIO,0.721520
3.703000,1,1,1,1,1,1653,2070,RILASCIO,0.721354
3.705000,1,1,1,1,1,1653,2069,RILASCIO,0.721020
3.706000,1,1,1,1,1,1654,2068,RILASCIO,0.720854
3.708000,1,1,1,1,1,1654,2067,RILASCIO,0.720520
3.709000,1,1,1,1,1,1654,2066,RILASCIO,0.720354
3.710000,1,1,1,1,1,1655,2066,RILASCIO,0.720187
3.711000,1,1,1,1,1,1655,2065,RILASCIO,0.720020
3.712000,1,1,1,1,1,1655,2064,RILASCIO,0.719854
3.714000,1,1,1,1,1,1656,2063,RILASCIO,0.719520
3.715000,1,1,1,1,1,1656,2062,RILASCIO,0.719354
3.717000,1,1,1,1,1,1656,2061,RILASCIO,0.719020
3.718000,1,1,1,1,1,1657,2060,RILASCIO,0.718854
3.720000,1,1,1,1,1,1657,2059,RILASCIO,0.718520
3.721000,1,1,1,1,1,1657,2058,RILASCIO,0.718354
3.722000,1,1,1,1,1,1658,2058,RILASCIO,0.718187
3.723000,1,1,1,1,1,1658,2057,RILASCIO,0.718020
3.724000,1,1,1,1,1,1658,2056,RILASCIO,0.717854
3.726000,1,1,1,1,1,1659,2055,RILASCIO,0.717520
3.727000,1,1,1,1,1,1659,2054,RILASCIO,0.717354
3.729000,1,1,1,1,1,1659,2053,RILASCIO,0.717021
3.730000,1,1,1,1,1,1660,2053,RILASCIO,0.716854
3.731000,1,1,1,1,1,1660,2052,RILASCIO,0.716687
3.732000,1,1,1,1,1,1660,2051,RILASCIO,0.716521
3.734000,1,1,1,1,1,1661,2050,RILASCIO,0.716187
3.735000,1,1,1,1,1,1661,2049,RILASCIO,0.716021
3.737000,1,1,1,1,1,1661,2048,RILASCIO,0.715687
3.738000,1,1,1,1,1,1662,2047,RILASCIO,0.715521
3.740000,1,1,1,1,1,1662,2046,RILASCIO,0.715187
3.741000,1,1,1,1,1,1662,2045,RILASCIO,0.715021
3.742000,1,1,1,1,1,1663,2045,RILASCIO,0.714854
3.743000,1,1,1,1,1,1663,2044,RILASCIO,0.714687
3.744000,1,1,1,1,1,1663,2043,RILASCIO,0.714521
3.746000,1,1,1,1,1,1664,2042,RILASCIO,0.714187
3.747000,1,1,1,1,1,1664,2041,RILASCIO,0.714021
3.749000,1,1,1,1,1,1664,2040,RILASCIO,0.713687
3.750000,1,1,1,1,1,1665,2039,RILASCIO,0.713521
3.752000,1,1,1,1,1,1665,2038,RILASCIO,0.713187
3.753000,1,1,1,1,1,1665,2037,RILASCIO,0.713021
3.754000,1,1,1,1,1,1666,2037,RILASCIO,0.712854
3.755000,1,1,1,1,1,1666,2036,RILASCIO,0.712687
3.756000,1,1,1,1,1,1666,2035,RILASCIO,0.712521
3.758000,1,1,1,1,1,1667,2034,RILASCIO,0.712188
3.759000,1,1,1,1,1,1667,2033,RILASCIO,0.712021
3.761000,1,1,1,1,1,1667,2032,RILASCIO,0.711688
3.762000,1,1,1,1,1,1668,2031,RILASCIO,0.711521
3.764000,1,1,1,1,1,1668,2030,RILASCIO,0.711188
3.765000,1,1,1,1,1,1668,2029,RILASCIO,0.711021
3.766000,1,1,1,1,1,1669,2029,RILASCIO,0.710854
3.767000,1,1,1,1,1,1669,2028,RILASCIO,0.710688
3.768000,1,1,1,1,1,1669,2027,RILASCIO,0.710521
3.770000,1,1,1,1,1,1670,2026,RILASCIO,0.710188
3.771000,1,1,1,1,1,1670,2025,RILASCIO,0.710021
3.773000,1,1,1,1,1,1670,2024,RILASCIO,0.709688
3.774000,1,1,1,1,1,1671,2023,RILASCIO,0.709521
3.776000,1,1,1,1,1,1671,2022,RILASCIO,0.709188
3.777000,1,1,1,1,1,1671,2021,RILASCIO,0.709021
3.778000,1,1,1,1,1,1672,2021,RILASCIO,0.708854
3.779000,1,1,1,1,1,1672,2020,RILASCIO,0.708688
3.780000,1,1,1,1,1,1672,2019,RILASCIO,0.708521
3.782000,1,1,1,1,1,1673,2018,RILASCIO,0.708188
3.783000,1,1,1,1,1,1673,2017,RILASCIO,0.708021
3.785000,1,1,1,1,1,1673,2016,RILASCIO,0.707688
3.786000,1,1,1,1,1,1674,2015,RILASCIO,0.707521
3.788000,1,1,1,1,1,1674,2014,RILASCIO,0.707188
3.789000,1,1,1,1,1,1674,2013,RILASCIO,0.707021
3.790000,1,1,1,1,1,1675,2013,RILASCIO,0.706855
3.791000,1,1,1,1,1,1675,2012,RILASCIO,0.706688
3.792000,1,1,1,1,1,1675,2011,RILASCIO,0.706521
3.794000,1,1,1,1,1,1676,2010,RILASCIO,0.706188
3.795000,1,1,1,1,1,1676,2009,RILASCIO,0.706021
3.797000,1,1,1,1,1,1676,2008,RILASCIO,0.705688
3.798000,1,1,1,1,1,1677,2007,RILASCIO,0.705521
3.800000,1,1,1,1,1,1677,2006,RILASCIO,0.705188
3.801000,1,1,1,1,1,1677,2005,RILASCIO,0.705021
3.802000,1,1,1,1,1,1678,2005,RILASCIO,0.704855
3.803000,1,1,1,1,1,1678,2004,RILASCIO,0.704688
3.804000,1,1,1,1,1,1678,2003,RILASCIO,0.704521
3.806000,1,1,1,1,1,1679,2002,RILASCIO,0.704188
3.808000,1,1,1,1,1,1679,2001,RILASCIO,0.703855
3.809000,1,1,1,1,1,1679,2000,RILASCIO,0.703688
3.810000,1,1,1,1,1,1680,2000,RILASCIO,0.703521
3.811000,1,1,1,1,1,1680,1999,RILASCIO,0.703355
3.812000,1,1,1,1,1,1680,1998,RILASCIO,0.703188
3.814000,1,1,1,1,1,1681,1997,RILASCIO,0.702855
3.815000,1,1,1,1,1,1681,1996,RILASCIO,0.702688
3.817000,1,1,1,1,1,1681,1995,RILASCIO,0.702355
3.818000,1,1,1,1,1,1682,1994,RILASCIO,0.702188
3.820000,1,1,1,1,1,1682,1993,RILASCIO,0.701855
3.821000,1,1,1,1,1,1682,1992,RILASCIO,0.701688
3.822000,1,1,1,1,1,1683,1992,RILASCIO,0.701522
3.823000,1,1,1,1,1,1683,1991,RILASCIO,0.701355
3.824000,1,1,1,1,1,1683,1990,RILASCIO,0.701188
3.826000,1,1,1,1,1,1684,1989,RILASCIO,0.700855
3.827000,1,1,1,1,1,1684,1988,RILASCIO,0.700688
3.829000,1,1,1,1,1,1684,1987,RILASCIO,0.700355
3.830000,1,1,1,1,1,1685,1986,RILASCIO,0.700188
3.832000,1,1,1,1,1,1685,1985,RILASCIO,0.699855
3.833000,1,1,1,1,1,1685,1984,RILASCIO,0.699688
3.834000,1,1,1,1,1,1686,1984,RILASCIO,0.699522
3.835000,1,1,1,1,1,1686,1983,RILASCIO,0.699355
3.836000,1,1,1,1,1,1686,1982,RILASCIO,0.699188
3.838000,1,1,1,1,1,1687,1981,RILASCIO,0.698855
3.839000,1,1,1,1,1,1687,1980,RILASCIO,0.698689
3.841000,1,1,1,1,1,1687,1979,RILASCIO,0.698355
3.842000,1,1,1,1,1,1688,1978,RILASCIO,0.698189
3.844000,1,1,1,1,1,1688,1977,RILASCIO,0.697855
3.845000,1,1,1,1,1,1688,1976,RILASCIO,0.697689
3.846000,1,1,1,1,1,1689,1976,RILASCIO,0.697522
3.847000,1,1,1,1,1,1689,1975,RILASCIO,0.697355
3.848000,1,1,1,1,1,1689,1974,RILASCIO,0.697189
3.850000,1,1,1,1,1,1690,1973,RILASCIO,0.696855
3.851000,1,1,1,1,1,1690,1972,RILASCIO,0.696689
3.853000,1,1,1,1,1,1690,1971,RILASCIO,0.696355
3.854000,1,1,1,1,1,1691,1970,RILASCIO,0.696189
3.856000,1,1,1,1,1,1691,1969,RILASCIO,0.695855
3.857000,1,1,1,1,1,1691,1968,RILASCIO,0.695689
3.858000,1,1,1,1,1,1692,1968,RILASCIO,0.695522
3.859000,1,1,1,1,1,1692,1967,RILASCIO,0.695355
3.860000,1,1,1,1,1,1692,1966,RILASCIO,0.695189
3.862000,1,1,1,1,1,1693,1965,RILASCIO,0.694855
3.863000,1,1,1,1,1,1693,1964,RILASCIO,0.694689
3.865000,1,1,1,1,1,1693,1963,RILASCIO,0.694355
3.866000,1,1,1,1,1,1694,1962,RILASCIO,0.694189
3.868000,1,1,1,1,1,1694,1961,RILASCIO,0.693856
3.869000,1,1,1,1,1,1694,1960,RILASCIO,0.693689
3.870000,1,1,1,1,1,1695,1960,RILASCIO,0.693522
3.871000,1,1,1,1,1,1695,1959,RILASCIO,0.693356
3.872000,1,1,1,1,1,1695,1958,RILASCIO,0.693189
3.874000,1,1,1,1,1,1696,1957,RILASCIO,0.692856
3.875000,1,1,1,1,1,1696,1956,RILASCIO,0.692689
3.877000,1,1,1,1,1,1696,1955,RILASCIO,0.692356
3.878000,1,1,1,1,1,1697,1954,RILASCIO,0.692189
3.880000,1,1,1,1,1,1697,1953,RILASCIO,0.691856
3.882000,1,1,1,1,1,1698,1952,RILASCIO,0.691522
3.883000,1,1,1,1,1,1698,1951,RILASCIO,0.691356
3.885000,1,1,1,1,1,1698,1950,RILASCIO,0.691022
3.886000,1,1,1,1,1,1699,1949,RILASCIO,0.690856
3.888000,1,1,1,1,1,1699,1948,RILASCIO,0.690522
3.889000,1,1,1,1,1,1699,1947,RILASCIO,0.690356
3.890000,1,1,1,1,1,1700,1947,RILASCIO,0.690189
3.891000,1,1,1,1,1,1700,1946,RILASCIO,0.690022
3.892000,1,1,1,1,1,1700,1945,RILASCIO,0.689856
3.894000,1,1,1,1,1,1701,1944,RILASCIO,0.689523
3.895000,1,1,1,1,1,1701,1943,RILASCIO,0.689356
3.897000,1,1,1,1,1,1701,1942,RILASCIO,0.689023
3.898000,1,1,1,1,1,1702,1941,RILASCIO,0.688856
3.900000,1,1,1,1,1,1702,1940,RILASCIO,0.688523
3.901000,1,1,1,1,1,1702,1939,RILASCIO,0.688356
3.902000,1,1,1,1,1,1703,1939,RILASCIO,0.688189
3.903000,1,1,1,1,1,1703,1938,RILASCIO,0.688023
3.904000,1,1,1,1,1,1703,1937,RILASCIO,0.687856
3.906000,1,1,1,1,1,1704,1936,RILASCIO,0.687523
3.907000,1,1,1,1,1,1704,1935,RILASCIO,0.687356
3.909000,1,1,1,1,1,1704,1934,RILASCIO,0.687023
3.910000,1,1,1,1,1,1705,1933,RILASCIO,0.686856
3.912000,1,1,1,1,1,1705,1932,RILASCIO,0.686523
3.913000,1,1,1,1,1,1705,1931,RILASCIO,0.686356
3.914000,1,1,1,1,1,1706,1931,RILASCIO,0.686189
3.915000,1,1,1,1,1,1706,1930,RILASCIO,0.686023
3.916000,1,1,1,1,1,1706,1929,RILASCIO,0.685856
3.918000,1,1,1,1,1,1707,1928,RILASCIO,0.685523
3.919000,1,1,1,1,1,1707,1927,RILASCIO,0.685356
3.921000,1,1,1,1,1,1707,1926,RILASCIO,0.685023
3.922000,1,1,1,1,1,1708,1925,RILASCIO,0.684856
3.924000,1,1,1,1,1,1708,1924,RILASCIO,0.684523
3.925000,1,1,1,1,1,1708,1923,RILASCIO,0.684356
3.926000,1,1,1,1,1,1709,1923,RILASCIO,0.684190
3.927000,1,1,1,1,1,1709,1922,RILASCIO,0.684023
3.928000,1,1,1,1,1,1709,1921,RILASCIO,0.683856
3.930000,1,1,1,1,1,1710,1920,RILASCIO,0.683523
3.931000,1,1,1,1,1,1710,1919,RILASCIO,0.683356
3.933000,1,1,1,1,1,1710,1918,RILASCIO,0.683023
3.934000,1,1,1,1,1,1711,1917,RILASCIO,0.682856
3.936000,1,1,1,1,1,1711,1916,RILASCIO,0.682523
3.937000,1,1,1,1,1,1711,1915,RILASCIO,0.682356
3.938000,1,1,1,1,1,1712,1915,RILASCIO,0.682190
3.939000,1,1,1,1,1,1712,1914,RILASCIO,0.682023
3.940000,1,1,1,1,1,1712,1913,RILASCIO,0.681856
3.942000,1,1,1,1,1,1713,1912,RILASCIO,0.681523
3.943000,1,1,1,1,1,1713,1911,RILASCIO,0.681356
3.945000,1,1,1,1,1,1713,1910,RILASCIO,0.681023
3.946000,1,1,1,1,1,1714,1909,RILASCIO,0.680856
3.948000,1,1,1,1,1,1714,1908,RILASCIO,0.680523
3.949000,1,1,1,1,1,1714,1907,RILASCIO,0.680357
3.950000,1,1,1,1,1,1715,1907,RILASCIO,0.680190
3.951000,1,1,1,1,1,1715,1906,RILASCIO,0.680023
3.952000,1,1,1,1,1,1715,1905,RILASCIO,0.679857
3.954000,1,1,1,1,1,1716,1904,RILASCIO,0.679523
3.955000,1,1,1,1,1,1716,1903,RILASCIO,0.679357
3.957000,1,1,1,1,1,1716,1902,RILASCIO,0.679023
3.958000,1,1,1,1,1,1717,1902,RILASCIO,0.678857
3.959000,1,1,1,1,1,1717,1901,RILASCIO,0.678690
3.960000,1,1,1,1,1,1717,1900,RILASCIO,0.678523
3.962000,1,1,1,1,1,1718,1899,RILASCIO,0.678190
3.963000,1,1,1,1,1,1718,1898,RILASCIO,0.678023
3.965000,1,1,1,1,1,1718,1897,RILASCIO,0.677690
3.966000,1,1,1,1,1,1719,1896,RILASCIO,0.677523
3.968000,1,1,1,1,1,1719,1895,RILASCIO,0.677190
3.969000,1,1,1,1,1,1719,1894,RILASCIO,0.677023
3.970000,1,1,1,1,1,1720,1894,RILASCIO,0.676857
3.971000,1,1,1,1,1,1720,1893,RILASCIO,0.676690
3.972000,1,1,1,1,1,1720,1892,RILASCIO,0.676523
3.974000,1,1,1,1,1,1721,1891,RILASCIO,0.676190
3.975000,1,1,1,1,1,1721,1890,RILASCIO,0.676023
3.977000,1,1,1,1,1,1721,1889,RILASCIO,0.675690
3.978000,1,1,1,1,1,1722,1888,RILASCIO,0.675524
3.980000,1,1,1,1,1,1722,1887,RILASCIO,0.675190
3.981000,1,1,1,1,1,1722,1886,RILASCIO,0.675024
3.982000,1,1,1,1,1,1723,1886,RILASCIO,0.674857
3.983000,1,1,1,1,1,1723,1885,RILASCIO,0.674690
3.984000,1,1,1,1,1,1723,1884,RILASCIO,0.674524
3.986000,1,1,1,1,1,1724,1883,RILASCIO,0.674190
3.987000,1,1,1,1,1,1724,1882,RILASCIO,0.674024
3.989000,1,1,1,1,1,1724,1881,RILASCIO,0.673690
3.990000,1,1,1,1,1,1725,1880,RILASCIO,0.673524
3.992000,1,1,1,1,1,1725,1879,RILASCIO,0.673190
3.993000,1,1,1,1,1,1725,1878,RILASCIO,0.673024
3.994000,1,1,1,1,1,1726,1878,RILASCIO,0.672857
3.995000,1,1,1,1,1,1726,1877,RILASCIO,0.672690
3.996000,1,1,1,1,1,1726,1876,RILASCIO,0.672524
3.998000,1,1,1,1,1,1727,1875,RILASCIO,0.672190
3.999000,1,1,1,1,1,1727,1874,RILASCIO,0.672024
4.001000,1,1,1,1,1,1727,1873,RILASCIO,0.671690
4.002000,1,1,1,1,1,1728,1872,RILASCIO,0.671524
4.004000,1,1,1,1,1,1728,1871,RILASCIO,0.671191
4.005000,1,1,1,1,1,1728,1870,RILASCIO,0.671024
4.006000,1,1,1,1,1,1729,1870,RILASCIO,0.670857
4.007000,1,1,1,1,1,1729,1869,RILASCIO,0.670691
4.008000,1,1,1,1,1,1729,1868,RILASCIO,0.670524
4.010000,1,1,1,1,1,1730,1867,RILASCIO,0.670191
4.011000,1,1,1,1,1,1730,1866,RILASCIO,0.670024
4.013000,1,1,1,1,1,1730,1865,RILASCIO,0.669691
4.014000,1,1,1,1,1,1731,1864,RILASCIO,0.669524
4.016000,1,1,1,1,1,1731,1863,RILASCIO,0.669191
4.017000,1,1,1,1,1,1731,1862,RILASCIO,0.669024
4.018000,1,1,1,1,1,1732,1862,RILASCIO,0.668857
4.019000,1,1,1,1,1,1732,1861,RILASCIO,0.668691
4.020000,1,1,1,1,1,1732,1860,RILASCIO,0.668524
4.022000,1,1,1,1,1,1733,1859,RILASCIO,0.668191
4.023000,1,1,1,1,1,1733,1858,RILASCIO,0.668024
4.025000,1,1,1,1,1,1733,1857,RILASCIO,0.667691
4.026000,1,1,1,1,1,1734,1856,RILASCIO,0.667524
4.028000,1,1,1,1,1,1734,1855,RILASCIO,0.667191
4.029000,1,1,1,1,1,1734,1854,RILASCIO,0.667024
4.031000,1,1,1,1,1,1735,1853,RILASCIO,0.666691
4.032000,1,1,1,1,1,1735,1852,RILASCIO,0.666524
4.034000,1,1,1,1,1,1735,1851,RILASCIO,0.666191
4.035000,1,1,1,1,1,1736,1851,RILASCIO,0.666024
4.036000,1,1,1,1,1,1736,1850,RILASCIO,0.665858
4.037000,1,1,1,1,1,1736,1849,RILASCIO,0.665691
4.039000,1,1,1,1,1,1737,1848,RILASCIO,0.665358
4.040000,1,1,1,1,1,1737,1847,RILASCIO,0.665191
4.042000,1,1,1,1,1,1737,1846,RILASCIO,0.664858
4.043000,1,1,1,1,1,1738,1845,RILASCIO,0.664691
4.045000,1,1,1,1,1,1738,1844,RILASCIO,0.664358
4.046000,1,1,1,1,1,1738,1843,RILASCIO,0.664191
4.047000,1,1,1,1,1,1739,1843,RILASCIO,0.664024
4.048000,1,1,1,1,1,1739,1842,RILASCIO,0.663858
4.049000,1,1,1,1,1,1739,1841,RILASCIO,0.663691
4.051000,1,1,1,1,1,1740,1840,RILASCIO,0.663358
4.052000,1,1,1,1,1,1740,1839,RILASCIO,0.663191
4.054000,1,1,1,1,1,1740,1838,RILASCIO,0.662858
4.055000,1,1,1,1,1,1741,1837,RILASCIO,0.662691
4.057000,1,1,1,1,1,1741,1836,RILASCIO,0.662358
4.058000,1,1,1,1,1,1741,1835,RILASCIO,0.662191
4.059000,1,1,1,1,1,1742,1835,RILASCIO,0.662024
4.060000,1,1,1,1,1,1742,1834,RILASCIO,0.661858
4.061000,1,1,1,1,1,1742,1833,RILASCIO,0.661691
4.063000,1,1,1,1,1,1743,1832,RILASCIO,0.661358
4.064000,1,1,1,1,1,1743,1831,RILASCIO,0.661191
4.066000,1,1,1,1,1,1743,1830,RILASCIO,0.660858
4.067000,1,1,1,1,1,1744,1829,RILASCIO,0.660691
4.069000,1,1,1,1,1,1744,1828,RILASCIO,0.660358
4.070000,1,1,1,1,1,1744,1827,RILASCIO,0.660191
4.071000,1,1,1,1,1,1745,1827,RILASCIO,0.660025
4.072000,1,1,1,1,1,1745,1826,RILASCIO,0.659858
4.073000,1,1,1,1,1,1745,1825,RILASCIO,0.659691
4.075000,1,1,1,1,1,1746,1824,RILASCIO,0.659358
4.076000,1,1,1,1,1,1746,1823,RILASCIO,0.659191
4.078000,1,1,1,1,1,1746,1822,RILASCIO,0.658858
4.079000,1,1,1,1,1,1747,1821,RILASCIO,0.658691
4.081000,1,1,1,1,1,1747,1820,RILASCIO,0.658358
4.082000,1,1,1,1,1,1747,1819,RILASCIO,0.658191
4.083000,1,1,1,1,1,1748,1819,RILASCIO,0.658025
4.084000,1,1,1,1,1,1748,1818,RILASCIO,0.657858
4.085000,1,1,1,1,1,1748,1817,RILASCIO,0.657691
4.087000,1,1,1,1,1,1749,1816,RILASCIO,0.657358
4.088000,1,1,1,1,1,1749,1815,RILASCIO,0.657192
4.090000,1,1,1,1,1,1749,1814,RILASCIO,0.656858
4.091000,1,1,1,1,1,1750,1813,RILASCIO,0.656692
4.093000,1,1,1,1,1,1750,1812,RILASCIO,0.656358
4.094000,1,1,1,1,1,1750,1811,RILASCIO,0.656192
4.095000,1,1,1,1,1,1751,1811,RILASCIO,0.656025
4.096000,1,1,1,1,1,1751,1810,RILASCIO,0.655858
4.097000,1,1,1,1,1,1751,1809,RILASCIO,0.655692
4.099000,1,1,1,1,1,1752,1808,RILASCIO,0.655358
4.100000,1,1,1,1,1,1752,1807,RILASCIO,0.655192
4.102000,1,1,1,1,1,1752,1806,RILASCIO,0.654858
4.103000,1,1,1,1,1,1753,1805,RILASCIO,0.654692
4.105000,1,1,1,1,1,1753,1804,RILASCIO,0.654358
4.106000,1,1,1,1,1,1753,1803,RILASCIO,0.654192
4.107000,1,1,1,1,1,1754,1803,RILASCIO,0.654025
4.108000,1,1,1,1,1,1754,1802,RILASCIO,0.653858
4.109000,1,1,1,1,1,1754,1801,RILASCIO,0.653692
4.111000,1,1,1,1,1,1755,1800,RILASCIO,0.653358
4.113000,1,1,1,1,1,1755,1799,RILASCIO,0.653025
4.114000,1,1,1,1,1,1755,1798,RILASCIO,0.652858
4.115000,1,1,1,1,1,1756,1798,RILASCIO,0.652692
4.116000,1,1,1,1,1,1756,1797,RILASCIO,0.652525
4.117000,1,1,1,1,1,1756,1796,RILASCIO,0.652359
4.119000,1,1,1,1,1,1757,1795,RILASCIO,0.652025
4.120000,1,1,1,1,1,1757,1794,RILASCIO,0.651859
4.122000,1,1,1,1,1,1757,1793,RILASCIO,0.651525
4.123000,1,1,1,1,1,1758,1792,RILASCIO,0.651359
4.125000,1,1,1,1,1,1758,1791,RILASCIO,0.651025
4.126000,1,1,1,1,1,1758,1790,RILASCIO,0.650859
4.127000,1,1,1,1,1,1759,1790,RILASCIO,0.650692
4.128000,1,1,1,1,1,1759,1789,RILASCIO,0.650525
4.129000,1,1,1,1,1,1759,1788,RILASCIO,0.650359
4.131000,1,1,1,1,1,1760,1787,RILASCIO,0.650025
4.132000,1,1,1,1,1,1760,1786,RILASCIO,0.649859
4.134000,1,1,1,1,1,1760,1785,RILASCIO,0.649525
4.135000,1,1,1,1,1,1761,1784,RILASCIO,0.649359
4.137000,1,1,1,1,1,1761,1783,RILASCIO,0.649025
4.138000,1,1,1,1,1,1761,1782,RILASCIO,0.648859
4.139000,1,1,1,1,1,1762,1782,RILASCIO,0.648692
4.140000,1,1,1,1,1,1762,1781,RILASCIO,0.648525
4.141000,1,1,1,1,1,1762,1780,RILASCIO,0.648359
4.143000,1,1,1,1,1,1763,1779,RILASCIO,0.648026
4.144000,1,1,1,1,1,1763,1778,RILASCIO,0.647859
4.146000,1,1,1,1,1,1763,1777,RILASCIO,0.647526
4.147000,1,1,1,1,1,1764,1776,RILASCIO,0.647359
4.149000,1,1,1,1,1,1764,1775,RILASCIO,0.647026
4.150000,1,1,1,1,1,1764,1774,RILASCIO,0.646859
4.151000,1,1,1,1,1,1765,1774,RILASCIO,0.646692
4.152000,1,1,1,1,1,1765,1773,RILASCIO,0.646526
4.153000,1,1,1,1,1,1765,1772,RILASCIO,0.646359
4.155000,1,1,1,1,1,1766,1771,RILASCIO,0.646026
4.156000,1,1,1,1,1,1766,1770,RILASCIO,0.645859
4.158000,1,1,1,1,1,1766,1769,RILASCIO,0.645526
4.159000,1,1,1,1,1,1767,1768,RILASCIO,0.645359
4.161000,1,1,1,1,1,1767,1767,RILASCIO,0.645026
4.162000,1,1,1,1,1,1767,1766,RILASCIO,0.644859
4.163000,1,1,1,1,1,1768,1766,RILASCIO,0.644692
4.164000,1,1,1,1,1,1768,1765,RILASCIO,0.644526
4.165000,1,1,1,1,1,1768,1764,RILASCIO,0.644359
4.167000,1,1,1,1,1,1769,1763,RILASCIO,0.644026
4.168000,1,1,1,1,1,1769,1762,RILASCIO,0.643859
4.170000,1,1,1,1,1,1769,1761,RILASCIO,0.643526
4.171000,1,1,1,1,1,1770,1760,RILASCIO,0.643359
4.173000,1,1,1,1,1,1770,1759,RILASCIO,0.643026
4.174000,1,1,1,1,1,1770,1758,RILASCIO,0.642859
4.175000,1,1,1,1,1,1771,1758,RILASCIO,0.642693
4.176000,1,1,1,1,1,1771,1757,RILASCIO,0.642526
4.177000,1,1,1,1,1,1771,1756,RILASCIO,0.642359
4.179000,1,1,1,1,1,1772,1755,RILASCIO,0.642026
4.180000,1,1,1,1,1,1772,1754,RILASCIO,0.641859
4.182000,1,1,1,1,1,1772,1753,RILASCIO,0.641526
4.183000,1,1,1,1,1,1773,1752,RILASCIO,0.641359
4.185000,1,1,1,1,1,1773,1751,RILASCIO,0.641026
4.186000,1,1,1,1,1,1773,1750,RILASCIO,0.640859
4.187000,1,1,1,1,1,1774,1750,RILASCIO,0.640693
4.188000,1,1,1,1,1,1774,1749,RILASCIO,0.640526
4.190000,1,1,1,1,1,1774,1748,RILASCIO,0.640193
4.191000,1,1,1,1,1,1775,1747,RILASCIO,0.640026
4.193000,1,1,1,1,1,1775,1746,RILASCIO,0.639693
4.194000,1,1,1,1,1,1775,1745,RILASCIO,0.639526
4.195000,1,1,1,1,1,1776,1745,RILASCIO,0.639359
4.196000,1,1,1,1,1,1776,1744,RILASCIO,0.639193
4.197000,1,1,1,1,1,1776,1743,RILASCIO,0.639026
4.199000,1,1,1,1,1,1777,1742,RILASCIO,0.638693
4.200000,1,1,1,1,1,1777,1741,RILASCIO,0.638526
4.202000,1,1,1,1,1,1777,1740,RILASCIO,0.638193
4.203000,1,1,1,1,1,1778,1739,RILASCIO,0.638026
4.205000,1,1,1,1,1,1778,1738,RILASCIO,0.637693
4.206000,1,1,1,1,1,1778,1737,RILASCIO,0.637526
4.207000,1,1,1,1,1,1779,1737,RILASCIO,0.637360
4.208000,1,1,1,1,1,1779,1736,RILASCIO,0.637193
4.209000,1,1,1,1,1,1779,1735,RILASCIO,0.637026
4.211000,1,1,1,1,1,1780,1734,RILASCIO,0.636693
4.212000,1,1,1,1,1,1780,1733,RILASCIO,0.636526
4.214000,1,1,1,1,1,1780,1732,RILASCIO,0.636193
4.215000,1,1,1,1,1,1781,1731,RILASCIO,0.636026
4.217000,1,1,1,1,1,1781,1730,RILASCIO,0.635693
4.218000,1,1,1,1,1,1781,1729,RILASCIO,0.635526
4.219000,1,1,1,1,1,1782,1729,RILASCIO,0.635360
4.220000,1,1,1,1,1,1782,1728,RILASCIO,0.635193
4.221000,1,1,1,1,1,1782,1727,RILASCIO,0.635026
4.223000,1,1,1,1,1,1783,1726,RILASCIO,0.634693
4.224000,1,1,1,1,1,1783,1725,RILASCIO,0.634526
4.226000,1,1,1,1,1,1783,1724,RILASCIO,0.634193
4.227000,1,1,1,1,1,1784,1723,RILASCIO,0.634027
4.229000,1,1,1,1,1,1784,1722,RILASCIO,0.633693
4.230000,1,1,1,1,1,1784,1721,RILASCIO,0.633527
4.231000,1,1,1,1,1,1785,1721,RILASCIO,0.633360
4.232000,1,1,1,1,1,1785,1720,RILASCIO,0.633193
4.233000,1,1,1,1,1,1785,1719,RILASCIO,0.633027
4.235000,1,1,1,1,1,1786,1718,RILASCIO,0.632693
4.236000,1,1,1,1,1,1786,1717,RILASCIO,0.632527
4.238000,1,1,1,1,1,1786,1716,RILASCIO,0.632193
4.239000,1,1,1,1,1,1787,1715,RILASCIO,0.632027
4.241000,1,1,1,1,1,1787,1714,RILASCIO,0.631693
4.242000,1,1,1,1,1,1787,1713,RILASCIO,0.631527
4.243000,1,1,1,1,1,1788,1713,RILASCIO,0.631360
4.244000,1,1,1,1,1,1788,1712,RILASCIO,0.631193
4.245000,1,1,1,1,1,1788,1711,RILASCIO,0.631027
4.247000,1,1,1,1,1,1789,1710,RILASCIO,0.630693
4.248000,1,1,1,1,1,1789,1709,RILASCIO,0.630527
4.250000,1,1,1,1,1,1789,1708,RILASCIO,0.630193
4.251000,1,1,1,1,1,1790,1707,RILASCIO,0.630027
4.253000,1,1,1,1,1,1790,1706,RILASCIO,0.629694
4.254000,1,1,1,1,1,1790,1705,RILASCIO,0.629527
4.255000,1,1,1,1,1,1791,1705,RILASCIO,0.629360
4.256000,1,1,1,1,1,1791,1704,RILASCIO,0.629194
4.257000,1,1,1,1,1,1791,1703,RILASCIO,0.629027
4.259000,1,1,1,1,1,1792,1702,RILASCIO,0.628694
4.260000,1,1,1,1,1,1792,1701,RILASCIO,0.628527
4.262000,1,1,1,1,1,1792,1700,RILASCIO,0.628194
4.263000,1,1,1,1,1,1793,1700,RILASCIO,0.628027
4.264000,1,1,1,1,1,1793,1699,RILASCIO,0.627860
4.265000,1,1,1,1,1,1793,1698,RILASCIO,0.627694
4.267000,1,1,1,1,1,1794,1697,RILASCIO,0.627360
4.268000,1,1,1,1,1,1794,1696,RILASCIO,0.627194
4.270000,1,1,1,1,1,1794,1695,RILASCIO,0.626860
4.271000,1,1,1,1,1,1795,1694,RILASCIO,0.626694
4.273000,1,1,1,1,1,1795,1693,RILASCIO,0.626360
4.274000,1,1,1,1,1,1795,1692,RILASCIO,0.626194
4.275000,1,1,1,1,1,1796,1692,RILASCIO,0.626027
4.276000,1,1,1,1,1,1796,1691,RILASCIO,0.625860
4.277000,1,1,1,1,1,1796,1690,RILASCIO,0.625694
4.279000,1,1,1,1,1,1797,1689,RILASCIO,0.625360
4.280000,1,1,1,1,1,1797,1688,RILASCIO,0.625194
4.282000,1,1,1,1,1,1797,1687,RILASCIO,0.624861
4.283000,1,1,1,1,1,1798,1686,RILASCIO,0.624694
4.285000,1,1,1,1,1,1798,1685,RILASCIO,0.624361
4.286000,1,1,1,1,1,1798,1684,RILASCIO,0.624194
4.287000,1,1,1,1,1,1799,1684,RILASCIO,0.624027
4.288000,1,1,1,1,1,1799,1683,RILASCIO,0.623861
4.289000,1,1,1,1,1,1799,1682,RILASCIO,0.623694
4.291000,1,1,1,1,1,1800,1681,RILASCIO,0.623361
4.292000,1,1,1,1,1,1800,1680,RILASCIO,0.623194
4.294000,1,1,1,1,1,1800,1679,RILASCIO,0.622861
4.295000,1,1,1,1,1,1801,1678,RILASCIO,0.622694
4.297000,1,1,1,1,1,1801,1677,RILASCIO,0.622361
4.298000,1,1,1,1,1,1801,1676,RILASCIO,0.622194
4.299000,1,1,1,1,1,1802,1676,RILASCIO,0.622027
4.300000,1,1,1,1,1,1802,1675,RILASCIO,0.621861
4.301000,1,1,1,1,1,1802,1674,RILASCIO,0.621694
4.303000,1,1,1,1,1,1803,1673,RILASCIO,0.621361
4.304000,1,1,1,1,1,1803,1672,RILASCIO,0.621194
4.306000,1,1,1,1,1,1803,1671,RILASCIO,0.620861
4.307000,1,1,1,1,1,1804,1670,RILASCIO,0.620694
4.309000,1,1,1,1,1,1804,1669,RILASCIO,0.620361
4.310000,1,1,1,1,1,1804,1668,RILASCIO,0.620194
4.311000,1,1,1,1,1,1805,1668,RILASCIO,0.620028
4.312000,1,1,1,1,1,1805,1667,RILASCIO,0.619861
4.313000,1,1,1,1,1,1805,1666,RILASCIO,0.619694
4.315000,1,1,1,1,1,1806,1665,RILASCIO,0.619361
4.316000,1,1,1,1,1,1806,1664,RILASCIO,0.619194
4.318000,1,1,1,1,1,1806,1663,RILASCIO,0.618861
4.319000,1,1,1,1,1,1807,1662,RILASCIO,0.618694
4.321000,1,1,1,1,1,1807,1661,RILASCIO,0.618361
4.322000,1,1,1,1,1,1807,1660,RILASCIO,0.618194
4.323000,1,1,1,1,1,1808,1660,RILASCIO,0.618028
4.324000,1,1,1,1,1,1808,1659,RILASCIO,0.617861
4.325000,1,1,1,1,1,1808,1658,RILASCIO,0.617694
4.327000,1,1,1,1,1,1809,1657,RILASCIO,0.617361
4.328000,1,1,1,1,1,1809,1656,RILASCIO,0.617194
4.330000,1,1,1,1,1,1809,1655,RILASCIO,0.616861
4.331000,1,1,1,1,1,1810,1654,RILASCIO,0.616694
4.333000,1,1,1,1,1,1810,1653,RILASCIO,0.616361
4.334000,1,1,1,1,1,1810,1652,RILASCIO,0.616194
4.335000,1,1,1,1,1,1811,1652,RILASCIO,0.616028
4.336000,1,1,1,1,1,1811,1651,RILASCIO,0.615861
4.337000,1,1,1,1,1,1811,1650,RILASCIO,0.615695
4.339000,1,1,1,1,1,1812,1649,RILASCIO,0.615361
4.341000,1,1,1,1,1,1812,1648,RILASCIO,0.615028
4.342000,1,1,1,1,1,1812,1647,RILASCIO,0.614861
4.343000,1,1,1,1,1,1813,1647,RILASCIO,0.614695
4.344000,1,1,1,1,1,1813,1646,RILASCIO,0.614528
4.345000,1,1,1,1,1,1813,1645,RILASCIO,0.614361
4.347000,1,1,1,1,1,1814,1644,RILASCIO,0.614028
4.348000,1,1,1,1,1,1814,1643,RILASCIO,0.613861
4.350000,1,1,1,1,1,1814,1642,RILASCIO,0.613528
4.351000,1,1,1,1,1,1815,1641,RILASCIO,0.613361
4.353000,1,1,1,1,1,1815,1640,RILASCIO,0.613028
4.354000,1,1,1,1,1,1815,1639,RILASCIO,0.612861
4.355000,1,1,1,1,1,1816,1639,RILASCIO,0.612695
4.356000,1,1,1,1,1,1816,1638,RILASCIO,0.612528
4.357000,1,1,1,1,1,1816,1637,RILASCIO,0.612361
4.359000,1,1,1,1,1,1817,1636,RILASCIO,0.612028
4.360000,1,1,1,1,1,1817,1635,RILASCIO,0.611861
4.362000,1,1,1,1,1,1817,1634,RILASCIO,0.611528
4.363000,1,1,1,1,1,1818,1633,RILASCIO,0.611362
4.365000,1,1,1,1,1,1818,1632,RILASCIO,0.611028
4.366000,1,1,1,1,1,1818,1631,RILASCIO,0.610862
4.367000,1,1,1,1,1,1819,1631,RILASCIO,0.610695
4.368000,1,1,1,1,1,1819,1630,RILASCIO,0.610528
4.369000,1,1,1,1,1,1819,1629,RILASCIO,0.610362
4.371000,1,1,1,1,1,1820,1628,RILASCIO,0.610028
4.372000,1,1,1,1,1,1820,1627,RILASCIO,0.609862
4.374000,1,1,1,1,1,1820,1626,RILASCIO,0.609528
4.375000,1,1,1,1,1,1821,1625,RILASCIO,0.609362
4.377000,1,1,1,1,1,1821,1624,RILASCIO,0.609028
4.378000,1,1,1,1,1,1821,1623,RILASCIO,0.608862
4.379000,1,1,1,1,1,1822,1623,RILASCIO,0.608695
4.380000,1,1,1,1,1,1822,1622,RILASCIO,0.608528
4.381000,1,1,1,1,1,1822,1621,RILASCIO,0.608362
4.383000,1,1,1,1,1,1823,1620,RILASCIO,0.608028
4.384000,1,1,1,1,1,1823,1619,RILASCIO,0.607862
4.386000,1,1,1,1,1,1823,1618,RILASCIO,0.607528
4.387000,1,1,1,1,1,1824,1617,RILASCIO,0.607362
4.389000,1,1,1,1,1,1824,1616,RILASCIO,0.607028
4.390000,1,1,1,1,1,1824,1615,RILASCIO,0.606862
4.391000,1,1,1,1,1,1825,1615,RILASCIO,0.606695
4.392000,1,1,1,1,1,1825,1614,RILASCIO,0.606529
4.393000,1,1,1,1,1,1825,1613,RILASCIO,0.606362
4.395000,1,1,1,1,1,1826,1612,RILASCIO,0.606029
4.396000,1,1,1,1,1,1826,1611,RILASCIO,0.605862
4.398000,1,1,1,1,1,1826,1610,RILASCIO,0.605529
4.399000,1,1,1,1,1,1827,1609,RILASCIO,0.605362
4.401000,1,1,1,1,1,1827,1608,RILASCIO,0.605029
4.402000,1,1,1,1,1,1827,1607,RILASCIO,0.604862
4.403000,1,1,1,1,1,1828,1607,RILASCIO,0.604695
4.404000,1,1,1,1,1,1828,1606,RILASCIO,0.604529
4.405000,1,1,1,1,1,1828,1605,RILASCIO,0.604362
4.407000,1,1,1,1,1,1829,1604,RILASCIO,0.604029
4.408000,1,1,1,1,1,1829,1603,RILASCIO,0.603862
4.410000,1,1,1,1,1,1829,1602,RILASCIO,0.603529
4.411000,1,1,1,1,1,1830,1601,RILASCIO,0.603362
4.413000,1,1,1,1,1,1830,1600,RILASCIO,0.603029
4.414000,1,1,1,1,1,1830,1599,RILASCIO,0.602862
4.415000,1,1,1,1,1,1831,1599,RILASCIO,0.602695
4.416000,1,1,1,1,1,1831,1598,RILASCIO,0.602529
4.418000,1,1,1,1,1,1831,1597,RILASCIO,0.602196
4.419000,1,1,1,1,1,1832,1596,RILASCIO,0.602029
4.421000,1,1,1,1,1,1832,1595,RILASCIO,0.601696
4.422000,1,1,1,1,1,1832,1594,RILASCIO,0.601529
4.423000,1,1,1,1,1,1833,1594,RILASCIO,0.601362
4.424000,1,1,1,1,1,1833,1593,RILASCIO,0.601196
4.425000,1,1,1,1,1,1833,1592,RILASCIO,0.601029
4.427000,1,1,1,1,1,1834,1591,RILASCIO,0.600696
4.428000,1,1,1,1,1,1834,1590,RILASCIO,0.600529
4.430000,1,1,1,1,1,1834,1589,RILASCIO,0.600196
4.431000,1,1,1,1,1,1835,1588,RILASCIO,0.600029
4.433000,1,1,1,1,1,1835,1587,RILASCIO,0.599696
4.434000,1,1,1,1,1,1835,1586,RILASCIO,0.599529
4.435000,1,1,1,1,1,1836,1586,RILASCIO,0.599362
4.436000,1,1,1,1,1,1836,1585,RILASCIO,0.599196
4.437000,1,1,1,1,1,1836,1584,RILASCIO,0.599029
4.439000,1,1,1,1,1,1837,1583,RILASCIO,0.598696
4.440000,1,1,1,1,1,1837,1582,RILASCIO,0.598529
4.442000,1,1,1,1,1,1837,1581,RILASCIO,0.598196
4.443000,1,1,1,1,1,1838,1580,RILASCIO,0.598029
4.445000,1,1,1,1,1,1838,1579,RILASCIO,0.597696
4.446000,1,1,1,1,1,1838,1578,RILASCIO,0.597529
4.447000,1,1,1,1,1,1839,1578,RILASCIO,0.597363
4.448000,1,1,1,1,1,1839,1577,RILASCIO,0.597196
4.449000,1,1,1,1,1,1839,1576,RILASCIO,0.597029
4.451000,1,1,1,1,1,1840,1575,RILASCIO,0.596696
4.452000,1,1,1,1,1,1840,1574,RILASCIO,0.596529
4.454000,1,1,1,1,1,1840,1573,RILASCIO,0.596196
4.455000,1,1,1,1,1,1841,1572,RILASCIO,0.596029
4.457000,1,1,1,1,1,1841,1571,RILASCIO,0.595696
4.458000,1,1,1,1,1,1841,1570,RILASCIO,0.595529
4.459000,1,1,1,1,1,1842,1570,RILASCIO,0.595363
4.460000,1,1,1,1,1,1842,1569,RILASCIO,0.595196
4.461000,1,1,1,1,1,1842,1568,RILASCIO,0.595029
4.463000,1,1,1,1,1,1843,1567,RILASCIO,0.594696
4.464000,1,1,1,1,1,1843,1566,RILASCIO,0.594529
4.466000,1,1,1,1,1,1843,1565,RILASCIO,0.594196
4.467000,1,1,1,1,1,1844,1564,RILASCIO,0.594029
4.469000,1,1,1,1,1,1844,1563,RILASCIO,0.593696
4.470000,1,1,1,1,1,1844,1562,RILASCIO,0.593529
4.471000,1,1,1,1,1,1845,1562,RILASCIO,0.593363
4.472000,1,1,1,1,1,1845,1561,RILASCIO,0.593196
4.473000,1,1,1,1,1,1845,1560,RILASCIO,0.593029
4.475000,1,1,1,1,1,1846,1559,RILASCIO,0.592696
4.476000,1,1,1,1,1,1846,1558,RILASCIO,0.592530
4.478000,1,1,1,1,1,1846,1557,RILASCIO,0.592196
4.479000,1,1,1,1,1,1847,1556,RILASCIO,0.592030
4.481000,1,1,1,1,1,1847,1555,RILASCIO,0.591696
4.482000,1,1,1,1,1,1847,1554,RILASCIO,0.591530
4.483000,1,1,1,1,1,1848,1554,RILASCIO,0.591363
4.484000,1,1,1,1,1,1848,1553,RILASCIO,0.591196
4.485000,1,1,1,1,1,1848,1552,RILASCIO,0.591030
4.487000,1,1,1,1,1,1849,1551,RILASCIO,0.590696
4.488000,1,1,1,1,1,1849,1550,RILASCIO,0.590530
4.490000,1,1,1,1,1,1849,1549,RILASCIO,0.590196
4.491000,1,1,1,1,1,1850,1549,RILASCIO,0.590030
4.492000,1,1,1,1,1,1850,1548,RILASCIO,0.589863
4.493000,1,1,1,1,1,1850,1547,RILASCIO,0.589696
4.495000,1,1,1,1,1,1851,1546,RILASCIO,0.589363
4.496000,1,1,1,1,1,1851,1545,RILASCIO,0.589196
4.498000,1,1,1,1,1,1851,1544,RILASCIO,0.588863
4.499000,1,1,1,1,1,1852,1543,RILASCIO,0.588696
4.501000,1,1,1,1,1,1852,1542,RILASCIO,0.588363
4.502000,1,1,1,1,1,1852,1541,RILASCIO,0.588197
4.503000,1,1,1,1,1,1853,1541,RILASCIO,0.588030
4.504000,1,1,1,1,1,1853,1540,RILASCIO,0.587863
4.505000,1,1,1,1,1,1853,1539,RILASCIO,0.587697
4.507000,1,1,1,1,1,1854,1538,RILASCIO,0.587363
4.508000,1,1,1,1,1,1854,1537,RILASCIO,0.587197
4.510000,1,1,1,1,1,1854,1536,RILASCIO,0.586863
4.511000,1,1,1,1,1,1855,1535,RILASCIO,0.586697
4.513000,1,1,1,1,1,1855,1534,RILASCIO,0.586363
4.514000,1,1,1,1,1,1855,1533,RILASCIO,0.586197
4.515000,1,1,1,1,1,1856,1533,RILASCIO,0.586030
4.516000,1,1,1,1,1,1856,1532,RILASCIO,0.585863
4.517000,1,1,1,1,1,1856,1531,RILASCIO,0.585697
4.519000,1,1,1,1,1,1857,1530,RILASCIO,0.585363
4.520000,1,1,1,1,1,1857,1529,RILASCIO,0.585197
4.522000,1,1,1,1,1,1857,1528,RILASCIO,0.584863
4.523000,1,1,1,1,1,1858,1527,RILASCIO,0.584697
4.525000,1,1,1,1,1,1858,1526,RILASCIO,0.584363
4.526000,1,1,1,1,1,1858,1525,RILASCIO,0.584197
4.527000,1,1,1,1,1,1859,1525,RILASCIO,0.584030
4.528000,1,1,1,1,1,1859,1524,RILASCIO,0.583863
4.529000,1,1,1,1,1,1859,1523,RILASCIO,0.583697
4.531000,1,1,1,1,1,1860,1522,RILASCIO,0.583364
4.532000,1,1,1,1,1,1860,1521,RILASCIO,0.583197
4.534000,1,1,1,1,1,1860,1520,RILASCIO,0.582864
4.535000,1,1,1,1,1,1861,1519,RILASCIO,0.582697
4.537000,1,1,1,1,1,1861,1518,RILASCIO,0.582364
4.538000,1,1,1,1,1,1861,1517,RILASCIO,0.582197
4.539000,1,1,1,1,1,1862,1517,RILASCIO,0.582030
4.540000,1,1,1,1,1,1862,1516,RILASCIO,0.581864
4.541000,1,1,1,1,1,1862,1515,RILASCIO,0.581697
4.543000,1,1,1,1,1,1863,1514,RILASCIO,0.581364
4.544000,1,1,1,1,1,1863,1513,RILASCIO,0.581197
4.546000,1,1,1,1,1,1863,1512,RILASCIO,0.580864
4.547000,1,1,1,1,1,1864,1511,RILASCIO,0.580697
4.549000,1,1,1,1,1,1864,1510,RILASCIO,0.580364
4.550000,1,1,1,1,1,1864,1509,RILASCIO,0.580197
4.551000,1,1,1,1,1,1865,1509,RILASCIO,0.580030
4.552000,1,1,1,1,1,1865,1508,RILASCIO,0.579864
4.553000,1,1,1,1,1,1865,1507,RILASCIO,0.579697
4.555000,1,1,1,1,1,1866,1506,RILASCIO,0.579364
4.556000,1,1,1,1,1,1866,1505,RILASCIO,0.579197
4.558000,1,1,1,1,1,1866,1504,RILASCIO,0.578864
4.559000,1,1,1,1,1,1867,1503,RILASCIO,0.578697
4.561000,1,1,1,1,1,1867,1502,RILASCIO,0.578364
4.562000,1,1,1,1,1,1867,1501,RILASCIO,0.578197
4.563000,1,1,1,1,1,1868,1501,RILASCIO,0.578031
4.564000,1,1,1,1,1,1868,1500,RILASCIO,0.577864
4.565000,1,1,1,1,1,1868,1499,RILASCIO,0.577697
4.567000,1,1,1,1,1,1869,1498,RILASCIO,0.577364
4.569000,1,1,1,1,1,1869,1497,RILASCIO,0.577031
4.570000,1,1,1,1,1,1869,1496,RILASCIO,0.576864
4.571000,1,1,1,1,1,1870,1496,RILASCIO,0.576697
4.572000,1,1,1,1,1,1870,1495,RILASCIO,0.576531
4.573000,1,1,1,1,1,1870,1494,RILASCIO,0.576364
4.575000,1,1,1,1,1,1871,1493,RILASCIO,0.576031
4.576000,1,1,1,1,1,1871,1492,RILASCIO,0.575864
4.578000,1,1,1,1,1,1871,1491,RILASCIO,0.575531
4.579000,1,1,1,1,1,1872,1490,RILASCIO,0.575364
4.581000,1,1,1,1,1,1872,1489,RILASCIO,0.575031
4.582000,1,1,1,1,1,1872,1488,RILASCIO,0.574864
4.583000,1,1,1,1,1,1873,1488,RILASCIO,0.574697
4.584000,1,1,1,1,1,1873,1487,RILASCIO,0.574531
4.585000,1,1,1,1,1,1873,1486,RILASCIO,0.574364
4.587000,1,1,1,1,1,1874,1485,RILASCIO,0.574031
4.588000,1,1,1,1,1,1874,1484,RILASCIO,0.573864
4.590000,1,1,1,1,1,1874,1483,RILASCIO,0.573531
4.591000,1,1,1,1,1,1875,1482,RILASCIO,0.573364
4.593000,1,1,1,1,1,1875,1481,RILASCIO,0.573031
4.594000,1,1,1,1,1,1875,1480,RILASCIO,0.572864
4.595000,1,1,1,1,1,1876,1480,RILASCIO,0.572698
4.596000,1,1,1,1,1,1876,1479,RILASCIO,0.572531
4.597000,1,1,1,1,1,1876,1478,RILASCIO,0.572364
4.599000,1,1,1,1,1,1876,1477,RILASCIO,0.572031
4.600000,1,1,1,1,1,1877,1476,RILASCIO,0.571864
4.602000,1,1,1,1,1,1877,1475,RILASCIO,0.571531
4.603000,1,1,1,1,1,1877,1474,RILASCIO,0.571364
4.604000,1,1,1,1,1,1878,1474,RILASCIO,0.571198
4.605000,1,1,1,1,1,1878,1473,RILASCIO,0.571031
4.606000,1,1,1,1,1,1878,1472,RILASCIO,0.570864
4.608000,1,1,1,1,1,1879,1471,RILASCIO,0.570531
4.609000,1,1,1,1,1,1879,1470,RILASCIO,0.570364
4.611000,1,1,1,1,1,1879,1469,RILASCIO,0.570031
4.612000,1,1,1,1,1,1880,1468,RILASCIO,0.569865
4.614000,1,1,1,1,1,1880,1467,RILASCIO,0.569531
4.615000,1,1,1,1,1,1880,1466,RILASCIO,0.569365
4.616000,1,1,1,1,1,1881,1466,RILASCIO,0.569198
4.617000,1,1,1,1,1,1881,1465,RILASCIO,0.569031
4.618000,1,1,1,1,1,1881,1464,RILASCIO,0.568865
4.620000,1,1,1,1,1,1882,1463,RILASCIO,0.568531
4.621000,1,1,1,1,1,1882,1462,RILASCIO,0.568365
4.623000,1,1,1,1,1,1882,1461,RILASCIO,0.568031
4.624000,1,1,1,1,1,1883,1460,RILASCIO,0.567865
4.626000,1,1,1,1,1,1883,1459,RILASCIO,0.567531
4.627000,1,1,1,1,1,1883,1458,RILASCIO,0.567365
4.628000,1,1,1,1,1,1884,1458,RILASCIO,0.567198
4.629000,1,1,1,1,1,1884,1457,RILASCIO,0.567031
4.630000,1,1,1,1,1,1884,1456,RILASCIO,0.566865
4.632000,1,1,1,1,1,1885,1455,RILASCIO,0.566531
4.633000,1,1,1,1,1,1885,1454,RILASCIO,0.566365
4.635000,1,1,1,1,1,1885,1453,RILASCIO,0.566031
4.636000,1,1,1,1,1,1886,1452,RILASCIO,0.565865
4.638000,1,1,1,1,1,1886,1451,RILASCIO,0.565531
4.639000,1,1,1,1,1,1886,1450,RILASCIO,0.565365
4.640000,1,1,1,1,1,1887,1450,RILASCIO,0.565198
4.641000,1,1,1,1,1,1887,1449,RILASCIO,0.565032
4.643000,1,1,1,1,1,1887,1448,RILASCIO,0.564698
4.644000,1,1,1,1,1,1888,1447,RILASCIO,0.564532
4.646000,1,1,1,1,1,1888,1446,RILASCIO,0.564198
4.647000,1,1,1,1,1,1888,1445,RILASCIO,0.564032
4.648000,1,1,1,1,1,1889,1445,RILASCIO,0.563865
4.649000,1,1,1,1,1,1889,1444,RILASCIO,0.563698
4.650000,1,1,1,1,1,1889,1443,RILASCIO,0.563532
4.652000,1,1,1,1,1,1890,1442,RILASCIO,0.563198
4.653000,1,1,1,1,1,1890,1441,RILASCIO,0.563032
4.655000,1,1,1,1,1,1890,1440,RILASCIO,0.562698
4.656000,1,1,1,1,1,1891,1439,RILASCIO,0.562532
4.658000,1,1,1,1,1,1891,1438,RILASCIO,0.562198
4.659000,1,1,1,1,1,1891,1437,RILASCIO,0.562032
4.660000,1,1,1,1,1,1892,1437,RILASCIO,0.561865
4.661000,1,1,1,1,1,1892,1436,RILASCIO,0.561698
4.662000,1,1,1,1,1,1892,1435,RILASCIO,0.561532
4.664000,1,1,1,1,1,1893,1434,RILASCIO,0.561198
4.665000,1,1,1,1,1,1893,1433,RILASCIO,0.561032
4.667000,1,1,1,1,1,1893,1432,RILASCIO,0.560699
4.668000,1,1,1,1,1,1894,1431,RILASCIO,0.560532
4.670000,1,1,1,1,1,1894,1430,RILASCIO,0.560199
4.671000,1,1,1,1,1,1894,1429,RILASCIO,0.560032
4.672000,1,1,1,1,1,1895,1429,RILASCIO,0.559865
4.673000,1,1,1,1,1,1895,1428,RILASCIO,0.559699
4.674000,1,1,1,1,1,1895,1427,RILASCIO,0.559532
4.676000,1,1,1,1,1,1896,1426,RILASCIO,0.559199
4.677000,1,1,1,1,1,1896,1425,RILASCIO,0.559032
4.679000,1,1,1,1,1,1896,1424,RILASCIO,0.558699
4.680000,1,1,1,1,1,1897,1423,RILASCIO,0.558532
4.682000,1,1,1,1,1,1897,1422,RILASCIO,0.558199
4.683000,1,1,1,1,1,1897,1421,RILASCIO,0.558032
4.684000,1,1,1,1,1,1898,1421,RILASCIO,0.557865
4.685000,1,1,1,1,1,1898,1420,RILASCIO,0.557699
4.686000,1,1,1,1,1,1898,1419,RILASCIO,0.557532
4.688000,1,1,1,1,1,1899,1418,RILASCIO,0.557199
4.689000,1,1,1,1,1,1899,1417,RILASCIO,0.557032
4.691000,1,1,1,1,1,1899,1416,RILASCIO,0.556699
4.692000,1,1,1,1,1,1900,1415,RILASCIO,0.556532
4.694000,1,1,1,1,1,1900,1414,RILASCIO,0.556199
4.695000,1,1,1,1,1,1900,1413,RILASCIO,0.556032
4.696000,1,1,1,1,1,1901,1413,RILASCIO,0.555866
4.697000,1,1,1,1,1,1901,1412,RILASCIO,0.555699
4.698000,1,1,1,1,1,1901,1411,RILASCIO,0.555532
4.700000,1,1,1,1,1,1902,1410,RILASCIO,0.555199
4.701000,1,1,1,1,1,1902,1409,RILASCIO,0.555032
4.703000,1,1,1,1,1,1902,1408,RILASCIO,0.554699
4.704000,1,1,1,1,1,1903,1407,RILASCIO,0.554532
4.706000,1,1,1,1,1,1903,1406,RILASCIO,0.554199
4.707000,1,1,1,1,1,1903,1405,RILASCIO,0.554032
4.708000,1,1,1,1,1,1904,1405,RILASCIO,0.553866
4.709000,1,1,1,1,1,1904,1404,RILASCIO,0.553699
4.710000,1,1,1,1,1,1904,1403,RILASCIO,0.553532
4.712000,1,1,1,1,1,1905,1402,RILASCIO,0.553199
4.713000,1,1,1,1,1,1905,1401,RILASCIO,0.553032
4.715000,1,1,1,1,1,1905,1400,RILASCIO,0.552699
4.716000,1,1,1,1,1,1906,1399,RILASCIO,0.552532
4.718000,1,1,1,1,1,1906,1398,RILASCIO,0.552199
4.720000,1,1,1,1,1,1907,1397,RILASCIO,0.551866
4.721000,1,1,1,1,1,1907,1396,RILASCIO,0.551699
4.723000,1,1,1,1,1,1907,1395,RILASCIO,0.551366
4.724000,1,1,1,1,1,1908,1394,RILASCIO,0.551199
4.726000,1,1,1,1,1,1908,1393,RILASCIO,0.550866
4.727000,1,1,1,1,1,1908,1392,RILASCIO,0.550699
4.728000,1,1,1,1,1,1909,1392,RILASCIO,0.550533
4.729000,1,1,1,1,1,1909,1391,RILASCIO,0.550366
4.730000,1,1,1,1,1,1909,1390,RILASCIO,0.550199
4.732000,1,1,1,1,1,1910,1389,RILASCIO,0.549866
4.733000,1,1,1,1,1,1910,1388,RILASCIO,0.549699
4.735000,1,1,1,1,1,1910,1387,RILASCIO,0.549366
4.736000,1,1,1,1,1,1911,1386,RILASCIO,0.549199
4.738000,1,1,1,1,1,1911,1385,RILASCIO,0.548866
4.739000,1,1,1,1,1,1911,1384,RILASCIO,0.548699
4.740000,1,1,1,1,1,1912,1384,RILASCIO,0.548533
4.741000,1,1,1,1,1,1912,1383,RILASCIO,0.548366
4.742000,1,1,1,1,1,1912,1382,RILASCIO,0.548199
4.744000,1,1,1,1,1,1913,1381,RILASCIO,0.547866
4.745000,1,1,1,1,1,1913,1380,RILASCIO,0.547699
4.747000,1,1,1,1,1,1913,1379,RILASCIO,0.547366
4.748000,1,1,1,1,1,1914,1378,RILASCIO,0.547199
4.750000,1,1,1,1,1,1914,1377,RILASCIO,0.546866
4.751000,1,1,1,1,1,1914,1376,RILASCIO,0.546700
4.752000,1,1,1,1,1,1915,1376,RILASCIO,0.546533
4.753000,1,1,1,1,1,1915,1375,RILASCIO,0.546366
4.754000,1,1,1,1,1,1915,1374,RILASCIO,0.546200
4.756000,1,1,1,1,1,1916,1373,RILASCIO,0.545866
4.757000,1,1,1,1,1,1916,1372,RILASCIO,0.545700
4.759000,1,1,1,1,1,1916,1371,RILASCIO,0.545366
4.760000,1,1,1,1,1,1917,1370,RILASCIO,0.545200
4.762000,1,1,1,1,1,1917,1369,RILASCIO,0.544866
4.763000,1,1,1,1,1,1917,1368,RILASCIO,0.544700
4.764000,1,1,1,1,1,1918,1368,RILASCIO,0.544533
4.765000,1,1,1,1,1,1918,1367,RILASCIO,0.544366
4.766000,1,1,1,1,1,1918,1366,RILASCIO,0.544200
4.768000,1,1,1,1,1,1919,1365,RILASCIO,0.543866
4.769000,1,1,1,1,1,1919,1364,RILASCIO,0.543700
4.771000,1,1,1,1,1,1919,1363,RILASCIO,0.543366
4.772000,1,1,1,1,1,1920,1362,RILASCIO,0.543200
4.774000,1,1,1,1,1,1920,1361,RILASCIO,0.542866
4.775000,1,1,1,1,1,1920,1360,RILASCIO,0.542700
4.776000,1,1,1,1,1,1921,1360,RILASCIO,0.542533
4.777000,1,1,1,1,1,1921,1359,RILASCIO,0.542367
4.778000,1,1,1,1,1,1921,1358,RILASCIO,0.542200
4.780000,1,1,1,1,1,1922,1357,RILASCIO,0.541867
4.781000,1,1,1,1,1,1922,1356,RILASCIO,0.541700
4.783000,1,1,1,1,1,1922,1355,RILASCIO,0.541367
4.784000,1,1,1,1,1,1923,1354,RILASCIO,0.541200
4.786000,1,1,1,1,1,1923,1353,RILASCIO,0.540867
4.787000,1,1,1,1,1,1923,1352,RILASCIO,0.540700
4.788000,1,1,1,1,1,1924,1352,RILASCIO,0.540533
4.789000,1,1,1,1,1,1924,1351,RILASCIO,0.540367
4.790000,1,1,1,1,1,1924,1350,RILASCIO,0.540200
4.792000,1,1,1,1,1,1925,1349,RILASCIO,0.539867
4.793000,1,1,1,1,1,1925,1348,RILASCIO,0.539700
4.795000,1,1,1,1,1,1925,1347,RILASCIO,0.539367
4.796000,1,1,1,1,1,1926,1347,RILASCIO,0.539200
4.797000,1,1,1,1,1,1926,1346,RILASCIO,0.539033
4.798000,1,1,1,1,1,1926,1345,RILASCIO,0.538867
4.800000,1,1,1,1,1,1927,1344,RILASCIO,0.538533
4.801000,1,1,1,1,1,1927,1343,RILASCIO,0.538367
4.803000,1,1,1,1,1,1927,1342,RILASCIO,0.538033
4.804000,1,1,1,1,1,1928,1341,RILASCIO,0.537867
4.806000,1,1,1,1,1,1928,1340,RILASCIO,0.537534
4.807000,1,1,1,1,1,1928,1339,RILASCIO,0.537367
4.808000,1,1,1,1,1,1929,1339,RILASCIO,0.537200
4.809000,1,1,1,1,1,1929,1338,RILASCIO,0.537034
4.810000,1,1,1,1,1,1929,1337,RILASCIO,0.536867
4.812000,1,1,1,1,1,1930,1336,RILASCIO,0.536534
4.813000,1,1,1,1,1,1930,1335,RILASCIO,0.536367
4.815000,1,1,1,1,1,1930,1334,RILASCIO,0.536034
4.816000,1,1,1,1,1,1931,1333,RILASCIO,0.535867
4.818000,1,1,1,1,1,1931,1332,RILASCIO,0.535534
4.819000,1,1,1,1,1,1931,1331,RILASCIO,0.535367
4.820000,1,1,1,1,1,1932,1331,RILASCIO,0.535200
4.821000,1,1,1,1,1,1932,1330,RILASCIO,0.535034
4.822000,1,1,1,1,1,1932,1329,RILASCIO,0.534867
4.824000,1,1,1,1,1,1933,1328,RILASCIO,0.534534
4.825000,1,1,1,1,1,1933,1327,RILASCIO,0.534367
4.827000,1,1,1,1,1,1933,1326,RILASCIO,0.534034
4.828000,1,1,1,1,1,1934,1325,RILASCIO,0.533867
4.830000,1,1,1,1,1,1934,1324,RILASCIO,0.533534
4.831000,1,1,1,1,1,1934,1323,RILASCIO,0.533367
4.832000,1,1,1,1,1,1935,1323,RILASCIO,0.533201
4.833000,1,1,1,1,1,1935,1322,RILASCIO,0.533034
4.834000,1,1,1,1,1,1935,1321,RILASCIO,0.532867
4.836000,1,1,1,1,1,1936,1320,RILASCIO,0.532534
4.837000,1,1,1,1,1,1936,1319,RILASCIO,0.532367
4.839000,1,1,1,1,1,1936,1318,RILASCIO,0.532034
4.840000,1,1,1,1,1,1937,1317,RILASCIO,0.531867
4.842000,1,1,1,1,1,1937,1316,RILASCIO,0.531534
4.843000,1,1,1,1,1,1937,1315,RILASCIO,0.531367
4.844000,1,1,1,1,1,1938,1315,RILASCIO,0.531201
4.845000,1,1,1,1,1,1938,1314,RILASCIO,0.531034
4.846000,1,1,1,1,1,1938,1313,RILASCIO,0.530867
4.848000,1,1,1,1,1,1939,1312,RILASCIO,0.530534
4.849000,1,1,1,1,1,1939,1311,RILASCIO,0.530367
4.851000,1,1,1,1,1,1939,1310,RILASCIO,0.530034
4.852000,1,1,1,1,1,1940,1309,RILASCIO,0.529867
4.854000,1,1,1,1,1,1940,1308,RILASCIO,0.529534
4.855000,1,1,1,1,1,1940,1307,RILASCIO,0.529367
4.856000,1,1,1,1,1,1941,1307,RILASCIO,0.529201
4.857000,1,1,1,1,1,1941,1306,RILASCIO,0.529034
4.858000,1,1,1,1,1,1941,1305,RILASCIO,0.528867
4.860000,1,1,1,1,1,1942,1304,RILASCIO,0.528534
4.861000,1,1,1,1,1,1942,1303,RILASCIO,0.528368
4.863000,1,1,1,1,1,1942,1302,RILASCIO,0.528034
4.864000,1,1,1,1,1,1943,1301,RILASCIO,0.527868
4.866000,1,1,1,1,1,1943,1300,RILASCIO,0.527534
4.867000,1,1,1,1,1,1943,1299,RILASCIO,0.527368
4.868000,1,1,1,1,1,1944,1299,RILASCIO,0.527201
4.869000,1,1,1,1,1,1944,1298,RILASCIO,0.527034
4.871000,1,1,1,1,1,1944,1297,RILASCIO,0.526701
4.872000,1,1,1,1,1,1945,1296,RILASCIO,0.526534
4.874000,1,1,1,1,1,1945,1295,RILASCIO,0.526201
4.875000,1,1,1,1,1,1945,1294,RILASCIO,0.526034
4.876000,1,1,1,1,1,1946,1294,RILASCIO,0.525868
4.877000,1,1,1,1,1,1946,1293,RILASCIO,0.525701
4.878000,1,1,1,1,1,1946,1292,RILASCIO,0.525534
4.880000,1,1,1,1,1,1947,1291,RILASCIO,0.525201
4.881000,1,1,1,1,1,1947,1290,RILASCIO,0.525034
4.883000,1,1,1,1,1,1947,1289,RILASCIO,0.524701
4.884000,1,1,1,1,1,1948,1288,RILASCIO,0.524534
4.886000,1,1,1,1,1,1948,1287,RILASCIO,0.524201
4.887000,1,1,1,1,1,1948,1286,RILASCIO,0.524035
4.888000,1,1,1,1,1,1949,1286,RILASCIO,0.523868
4.889000,1,1,1,1,1,1949,1285,RILASCIO,0.523701
4.890000,1,1,1,1,1,1949,1284,RILASCIO,0.523535
4.892000,1,1,1,1,1,1950,1283,RILASCIO,0.523201
4.893000,1,1,1,1,1,1950,1282,RILASCIO,0.523035
4.895000,1,1,1,1,1,1950,1281,RILASCIO,0.522701
4.896000,1,1,1,1,1,1951,1280,RILASCIO,0.522535
4.898000,1,1,1,1,1,1951,1279,RILASCIO,0.522201
4.899000,1,1,1,1,1,1951,1278,RILASCIO,0.522035
4.900000,1,1,1,1,1,1952,1278,RILASCIO,0.521868
4.901000,1,1,1,1,1,1952,1277,RILASCIO,0.521701
4.902000,1,1,1,1,1,1952,1276,RILASCIO,0.521535
4.904000,1,1,1,1,1,1953,1275,RILASCIO,0.521201
4.905000,1,1,1,1,1,1953,1274,RILASCIO,0.521035
4.907000,1,1,1,1,1,1953,1273,RILASCIO,0.520701
4.908000,1,1,1,1,1,1954,1272,RILASCIO,0.520535
4.910000,1,1,1,1,1,1954,1271,RILASCIO,0.520201
4.911000,1,1,1,1,1,1954,1270,RILASCIO,0.520035
4.912000,1,1,1,1,1,1955,1270,RILASCIO,0.519868
4.913000,1,1,1,1,1,1955,1269,RILASCIO,0.519701
4.914000,1,1,1,1,1,1955,1268,RILASCIO,0.519535
4.916000,1,1,1,1,1,1956,1267,RILASCIO,0.519202
4.917000,1,1,1,1,1,1956,1266,RILASCIO,0.519035
4.919000,1,1,1,1,1,1956,1265,RILASCIO,0.518702
4.920000,1,1,1,1,1,1957,1264,RILASCIO,0.518535
4.922000,1,1,1,1,1,1957,1263,RILASCIO,0.518202
4.923000,1,1,1,1,1,1957,1262,RILASCIO,0.518035
4.924000,1,1,1,1,1,1958,1262,RILASCIO,0.517868
4.925000,1,1,1,1,1,1958,1261,RILASCIO,0.517702
4.926000,1,1,1,1,1,1958,1260,RILASCIO,0.517535
4.928000,1,1,1,1,1,1959,1259,RILASCIO,0.517202
4.929000,1,1,1,1,1,1959,1258,RILASCIO,0.517035
4.931000,1,1,1,1,1,1959,1257,RILASCIO,0.516702
4.932000,1,1,1,1,1,1960,1256,RILASCIO,0.516535
4.934000,1,1,1,1,1,1960,1255,RILASCIO,0.516202
4.935000,1,1,1,1,1,1960,1254,RILASCIO,0.516035
4.936000,1,1,1,1,1,1961,1254,RILASCIO,0.515868
4.937000,1,1,1,1,1,1961,1253,RILASCIO,0.515702
4.938000,1,1,1,1,1,1961,1252,RILASCIO,0.515535
4.940000,1,1,1,1,1,1962,1251,RILASCIO,0.515202
4.941000,1,1,1,1,1,1962,1250,RILASCIO,0.515035
4.943000,1,1,1,1,1,1962,1249,RILASCIO,0.514702
4.944000,1,1,1,1,1,1963,1248,RILASCIO,0.514535
4.946000,1,1,1,1,1,1963,1247,RILASCIO,0.514202
4.948000,1,1,1,1,1,1964,1246,RILASCIO,0.513869
4.949000,1,1,1,1,1,1964,1245,RILASCIO,0.513702
4.951000,1,1,1,1,1,1964,1244,RILASCIO,0.513369
4.952000,1,1,1,1,1,1965,1243,RILASCIO,0.513202
4.954000,1,1,1,1,1,1965,1242,RILASCIO,0.512869
4.955000,1,1,1,1,1,1965,1241,RILASCIO,0.512702
4.956000,1,1,1,1,1,1966,1241,RILASCIO,0.512535
4.957000,1,1,1,1,1,1966,1240,RILASCIO,0.512369
4.958000,1,1,1,1,1,1966,1239,RILASCIO,0.512202
4.960000,1,1,1,1,1,1967,1238,RILASCIO,0.511869
4.961000,1,1,1,1,1,1967,1237,RILASCIO,0.511702
4.963000,1,1,1,1,1,1967,1236,RILASCIO,0.511369
4.964000,1,1,1,1,1,1968,1235,RILASCIO,0.511202
4.966000,1,1,1,1,1,1968,1234,RILASCIO,0.510869
4.967000,1,1,1,1,1,1968,1233,RILASCIO,0.510702
4.968000,1,1,1,1,1,1969,1233,RILASCIO,0.510535
4.969000,1,1,1,1,1,1969,1232,RILASCIO,0.510369
4.970000,1,1,1,1,1,1969,1231,RILASCIO,0.510202
4.972000,1,1,1,1,1,1970,1230,RILASCIO,0.509869
4.973000,1,1,1,1,1,1970,1229,RILASCIO,0.509702
4.975000,1,1,1,1,1,1970,1228,RILASCIO,0.509369
4.976000,1,1,1,1,1,1971,1227,RILASCIO,0.509202
4.978000,1,1,1,1,1,1971,1226,RILASCIO,0.508869
4.979000,1,1,1,1,1,1971,1225,RILASCIO,0.508702
4.980000,1,1,1,1,1,1972,1225,RILASCIO,0.508536
4.981000,1,1,1,1,1,1972,1224,RILASCIO,0.508369
4.982000,1,1,1,1,1,1972,1223,RILASCIO,0.508202
4.984000,1,1,1,1,1,1973,1222,RILASCIO,0.507869
4.985000,1,1,1,1,1,1973,1221,RILASCIO,0.507702
4.987000,1,1,1,1,1,1973,1220,RILASCIO,0.507369
4.988000,1,1,1,1,1,1974,1219,RILASCIO,0.507202
4.990000,1,1,1,1,1,1974,1218,RILASCIO,0.506869
4.991000,1,1,1,1,1,1974,1217,RILASCIO,0.506702
4.992000,1,1,1,1,1,1975,1217,RILASCIO,0.506536
4.993000,1,1,1,1,1,1975,1216,RILASCIO,0.506369
4.994000,1,1,1,1,1,1975,1215,RILASCIO,0.506202
4.996000,1,1,1,1,1,1976,1214,RILASCIO,0.505869
4.997000,1,1,1,1,1,1976,1213,RILASCIO,0.505702
4.999000,1,1,1,1,1,1976,1212,RILASCIO,0.505369
5.000000,1,1,1,1,1,1977,1211,RILASCIO,0.505203
5.002000,1,1,1,1,1,1977,1210,RILASCIO,0.504869
5.003000,1,1,1,1,1,1977,1209,RILASCIO,0.504703
5.004000,1,1,1,1,1,1978,1209,RILASCIO,0.504536
5.005000,1,1,1,1,1,1978,1208,RILASCIO,0.504369
5.006000,1,1,1,1,1,1978,1207,RILASCIO,0.504203
5.008000,1,1,1,1,1,1979,1206,RILASCIO,0.503869
5.009000,1,1,1,1,1,1979,1205,RILASCIO,0.503703
5.011000,1,1,1,1,1,1979,1204,RILASCIO,0.503369
5.012000,1,1,1,1,1,1980,1203,RILASCIO,0.503203
5.014000,1,1,1,1,1,1980,1202,RILASCIO,0.502869
5.015000,1,1,1,1,1,1980,1201,RILASCIO,0.502703
5.016000,1,1,1,1,1,1981,1201,RILASCIO,0.502536
5.017000,1,1,1,1,1,1981,1200,RILASCIO,0.502369
5.018000,1,1,1,1,1,1981,1199,RILASCIO,0.502203
5.020000,1,1,1,1,1,1982,1198,RILASCIO,0.501869
5.021000,1,1,1,1,1,1982,1197,RILASCIO,0.501703
5.023000,1,1,1,1,1,1982,1196,RILASCIO,0.501369
5.024000,1,1,1,1,1,1983,1196,RILASCIO,0.501203
5.025000,1,1,1,1,1,1983,1195,RILASCIO,0.501036
5.026000,1,1,1,1,1,1983,1194,RILASCIO,0.500870
5.028000,1,1,1,1,1,1984,1193,RILASCIO,0.500536
5.029000,1,1,1,1,1,1984,1192,RILASCIO,0.500370
5.031000,1,1,1,1,1,1984,1191,RILASCIO,0.500036
5.032000,1,1,1,1,1,1985,1191,RILASCIO,0.499870
5.036000,1,1,1,1,1,1986,1191,RILASCIO,0.499203
5.040000,1,1,1,1,1,1987,1191,RILASCIO,0.498536
5.044000,1,1,1,1,1,1988,1191,RILASCIO,0.497870
5.048000,1,1,1,1,1,1989,1191,RILASCIO,0.497203
5.052000,1,1,1,1,1,1990,1191,RILASCIO,0.496536
5.056000,1,1,1,1,1,1991,1191,RILASCIO,0.495870
5.060000,1,1,1,1,1,1992,1191,RILASCIO,0.495203
5.064000,1,1,1,1,1,1993,1191,RILASCIO,0.494537
5.068000,1,1,1,1,1,1994,1191,RILASCIO,0.493870
5.072000,1,1,1,1,1,1995,1191,RILASCIO,0.493203
5.076000,1,1,1,1,1,1996,1191,RILASCIO,0.492537
5.080000,1,1,1,1,1,1997,1191,RILASCIO,0.491870
5.084000,1,1,1,1,1,1998,1191,RILASCIO,0.491204
5.088000,1,1,1,1,1,1999,1191,RILASCIO,0.490537
5.092000,1,1,1,1,1,2000,1191,RILASCIO,0.489870
5.096000,1,1,1,1,1,2001,1191,RILASCIO,0.489204
5.100000,1,1,1,1,1,2002,1191,RILASCIO,0.488537
5.104000,1,1,1,1,1,2003,1191,RILASCIO,0.487870
5.108000,1,1,1,1,1,2004,1191,RILASCIO,0.487204
5.112000,1,1,1,1,1,2005,1191,RILASCIO,0.486537
5.116000,1,1,1,1,1,2006,1191,RILASCIO,0.485871
5.120000,1,1,1,1,1,2007,1191,RILASCIO,0.485204
5.124000,1,1,1,1,1,2008,1191,RILASCIO,0.484537
5.128000,1,1,1,1,1,2009,1191,RILASCIO,0.483871
5.132000,1,1,1,1,1,2010,1191,RILASCIO,0.483204
5.136000,1,1,1,1,1,2011,1191,RILASCIO,0.482538
5.140000,1,1,1,1,1,2012,1191,RILASCIO,0.481871
5.144000,1,1,1,1,1,2013,1191,RILASCIO,0.481204
5.148000,1,1,1,1,1,2014,1191,RILASCIO,0.480538
5.152000,1,1,1,1,1,2015,1191,RILASCIO,0.479871
5.156000,1,1,1,1,1,2016,1191,RILASCIO,0.479204
5.160000,1,1,1,1,1,2017,1191,RILASCIO,0.478538
5.165000,1,1,1,1,1,2018,1191,RILASCIO,0.477705
5.169000,1,1,1,1,1,2019,1191,RILASCIO,0.477038
5.173000,1,1,1,1,1,2020,1191,RILASCIO,0.476371
5.177000,1,1,1,1,1,2021,1191,RILASCIO,0.475705
5.181000,1,1,1,1,1,2022,1191,RILASCIO,0.475038
5.185000,1,1,1,1,1,2023,1191,RILASCIO,0.474371
5.189000,1,1,1,1,1,2024,1191,RILASCIO,0.473705
5.193000,1,1,1,1,1,2025,1191,RILASCIO,0.473038
5.197000,1,1,1,1,1,2026,1191,RILASCIO,0.472372
5.201000,1,1,1,1,1,2027,1191,RILASCIO,0.471705
5.205000,1,1,1,1,1,2028,1191,RILASCIO,0.471038
5.209000,1,1,1,1,1,2029,1191,RILASCIO,0.470372
5.213000,1,1,1,1,1,2030,1191,RILASCIO,0.469705
5.217000,1,1,1,1,1,2031,1191,RILASCIO,0.469038
5.221000,1,1,1,1,1,2032,1191,RILASCIO,0.468372
5.225000,1,1,1,1,1,2033,1191,RILASCIO,0.467705
5.229000,1,1,1,1,1,2034,1191,RILASCIO,0.467039
5.233000,1,1,1,1,1,2035,1191,RILASCIO,0.466372
5.237000,1,1,1,1,1,2036,1191,RILASCIO,0.465705
5.241000,1,1,1,1,1,2037,1191,RILASCIO,0.465039
5.245000,1,1,1,1,1,2038,1191,RILASCIO,0.464372
5.249000,1,1,1,1,1,2039,1191,RILASCIO,0.463706
5.253000,1,1,1,1,1,2040,1191,RILASCIO,0.463039
5.257000,1,1,1,1,1,2041,1191,RILASCIO,0.462372
5.261000,1,1,1,1,1,2042,1191,RILASCIO,0.461706
5.265000,1,1,1,1,1,2043,1191,RILASCIO,0.461039
5.269000,1,1,1,1,1,2044,1191,RILASCIO,0.460372
5.273000,1,1,1,1,1,2045,1191,RILASCIO,0.459706
5.277000,1,1,1,1,1,2046,1191,RILASCIO,0.459039
5.281000,1,1,1,1,1,2047,1191,RILASCIO,0.458373
5.285000,1,1,1,1,1,2048,1191,RILASCIO,0.457706
5.289000,1,1,1,1,1,2049,1191,RILASCIO,0.457039
5.293000,1,1,1,1,1,2050,1191,RILASCIO,0.456373
5.297000,1,1,1,1,1,2051,1191,RILASCIO,0.455706
5.301000,1,1,1,1,1,2052,1191,RILASCIO,0.455040
5.305000,1,1,1,1,1,2053,1191,RILASCIO,0.454373
5.309000,1,1,1,1,1,2054,1191,RILASCIO,0.453706
5.313000,1,1,1,1,1,2055,1191,RILASCIO,0.453040
5.317000,1,1,1,1,1,2056,1191,RILASCIO,0.452373
5.321000,1,1,1,1,1,2057,1191,RILASCIO,0.451706
5.325000,1,1,1,1,1,2058,1191,RILASCIO,0.451040
5.329000,1,1,1,1,1,2059,1191,RILASCIO,0.450373
5.333000,1,1,1,1,1,2060,1191,RILASCIO,0.449707
5.337000,1,1,1,1,1,2061,1191,RILASCIO,0.449040
5.341000,1,1,1,1,1,2062,1191,RILASCIO,0.448373
5.344000,1,1,1,1,1,2063,1191,RILASCIO,0.447873
5.348000,1,1,1,1,1,2064,1191,RILASCIO,0.447207
5.352000,1,1,1,1,1,2065,1191,RILASCIO,0.446540
5.356000,1,1,1,1,1,2066,1191,RILASCIO,0.445873
5.360000,1,1,1,1,1,2067,1191,RILASCIO,0.445207
5.364000,1,1,1,1,1,2068,1191,RILASCIO,0.444540
5.368000,1,1,1,1,1,2069,1191,RILASCIO,0.443874
5.372000,1,1,1,1,1,2070,1191,RILASCIO,0.443207
5.376000,1,1,1,1,1,2071,1191,RILASCIO,0.442540
5.380000,1,1,1,1,1,2072,1191,RILASCIO,0.441874
5.383000,1,1,1,1,1,2073,1191,RILASCIO,0.441374
5.387000,1,1,1,1,1,2074,1191,RILASCIO,0.440707
5.391000,1,1,1,1,1,2075,1191,RILASCIO,0.440041
5.395000,1,1,1,1,1,2076,1191,RILASCIO,0.439374
5.399000,1,1,1,1,1,2077,1191,RILASCIO,0.438707
5.403000,1,1,1,1,1,2078,1191,RILASCIO,0.438041
5.407000,1,1,1,1,1,2079,1191,RILASCIO,0.437374
5.411000,1,1,1,1,1,2080,1191,RILASCIO,0.436707
5.415000,1,1,1,1,1,2081,1191,RILASCIO,0.436041
5.419000,1,1,1,1,1,2082,1191,RILASCIO,0.435374
5.422000,1,1,1,1,1,2083,1191,RILASCIO,0.434874
5.426000,1,1,1,1,1,2084,1191,RILASCIO,0.434208
5.430000,1,1,1,1,1,2085,1191,RILASCIO,0.433541
5.434000,1,1,1,1,1,2086,1191,RILASCIO,0.432874
5.438000,1,1,1,1,1,2087,1191,RILASCIO,0.432208
5.442000,1,1,1,1,1,2088,1191,RILASCIO,0.431541
5.446000,1,1,1,1,1,2089,1191,RILASCIO,0.430875
5.450000,1,1,1,1,1,2090,1191,RILASCIO,0.430208
5.454000,1,1,1,1,1,2091,1191,RILASCIO,0.429541
5.458000,1,1,1,1,1,2092,1191,RILASCIO,0.428875
5.461000,1,1,1,1,1,2093,1191,RILASCIO,0.428375
5.465000,1,1,1,1,1,2094,1191,RILASCIO,0.427708
5.469000,1,1,1,1,1,2095,1191,RILASCIO,0.427042
5.473000,1,1,1,1,1,2096,1191,RILASCIO,0.426375
5.477000,1,1,1,1,1,2097,1191,RILASCIO,0.425708
5.481000,1,1,1,1,1,2098,1191,RILASCIO,0.425042
5.485000,1,1,1,1,1,2099,1191,RILASCIO,0.424375
5.489000,1,1,1,1,1,2100,1191,RILASCIO,0.423708
5.493000,1,1,1,1,1,2101,1191,RILASCIO,0.423042
5.497000,1,1,1,1,1,2102,1191,RILASCIO,0.422375
5.500000,1,1,1,1,1,2103,1191,RILASCIO,0.421875
5.504000,1,1,1,1,1,2104,1191,RILASCIO,0.421209
5.508000,1,1,1,1,1,2105,1191,RILASCIO,0.420542
5.512000,1,1,1,1,1,2106,1191,RILASCIO,0.419875
5.516000,1,1,1,1,1,2107,1191,RILASCIO,0.419209
5.520000,1,1,1,1,1,2108,1191,RILASCIO,0.418542
5.524000,1,1,1,1,1,2109,1191,RILASCIO,0.417876
5.528000,1,1,1,1,1,2110,1191,RILASCIO,0.417209
5.532000,1,1,1,1,1,2111,1191,RILASCIO,0.416542
5.536000,1,1,1,1,1,2112,1191,RILASCIO,0.415876
5.539000,1,1,1,1,1,2113,1191,RILASCIO,0.415376
5.543000,1,1,1,1,1,2114,1191,RILASCIO,0.414709
5.547000,1,1,1,1,1,2115,1191,RILASCIO,0.414042
5.551000,1,1,1,1,1,2116,1191,RILASCIO,0.413376
5.555000,1,1,1,1,1,2117,1191,RILASCIO,0.412709
5.559000,1,1,1,1,1,2118,1191,RILASCIO,0.412043
5.563000,1,1,1,1,1,2119,1191,RILASCIO,0.411376
5.567000,1,1,1,1,1,2120,1191,RILASCIO,0.410709
5.571000,1,1,1,1,1,2121,1191,RILASCIO,0.410043
5.575000,1,1,1,1,1,2122,1191,RILASCIO,0.409376
5.578000,1,1,1,1,1,2123,1191,RILASCIO,0.408876
5.582000,1,1,1,1,1,2124,1191,RILASCIO,0.408210
5.586000,1,1,1,1,1,2125,1191,RILASCIO,0.407543
5.590000,1,1,1,1,1,2126,1191,RILASCIO,0.406876
5.594000,1,1,1,1,1,2127,1191,RILASCIO,0.406210
5.598000,1,1,1,1,1,2128,1191,RILASCIO,0.405543
5.602000,1,1,1,1,1,2129,1191,RILASCIO,0.404876
5.606000,1,1,1,1,1,2130,1191,RILASCIO,0.404210
5.610000,1,1,1,1,1,2131,1191,RILASCIO,0.403543
5.614000,1,1,1,1,1,2132,1191,RILASCIO,0.402877
5.617000,1,1,1,1,1,2133,1191,RILASCIO,0.402377
5.621000,1,1,1,1,1,2134,1191,RILASCIO,0.401710
5.625000,1,1,1,1,1,2135,1191,RILASCIO,0.401043
5.629000,1,1,1,1,1,2136,1191,RILASCIO,0.400377
5.633000,1,1,1,1,1,2137,1191,RILASCIO,0.399710
5.637000,1,1,1,1,1,2138,1191,RILASCIO,0.399044
5.641000,1,1,1,1,1,2139,1191,RILASCIO,0.398377
5.645000,1,1,1,1,1,2140,1191,RILASCIO,0.397710
5.649000,1,1,1,1,1,2141,1191,RILASCIO,0.397044
5.653000,1,1,1,1,1,2142,1191,RILASCIO,0.396377
5.656000,1,1,1,1,1,2143,1191,RILASCIO,0.395877
5.660000,1,1,1,1,1,2144,1191,RILASCIO,0.395211
5.664000,1,1,1,1,1,2145,1191,RILASCIO,0.394544
5.668000,1,1,1,1,1,2146,1191,RILASCIO,0.393877
5.672000,1,1,1,1,1,2147,1191,RILASCIO,0.393211
5.676000,1,1,1,1,1,2148,1191,RILASCIO,0.392544
5.680000,1,1,1,1,1,2149,1191,RILASCIO,0.391877
5.684000,1,1,1,1,1,2150,1191,RILASCIO,0.391211
5.688000,1,1,1,1,1,2151,1191,RILASCIO,0.390544
5.692000,1,1,1,1,1,2152,1191,RILASCIO,0.389878
5.695000,1,1,1,1,1,2153,1191,RILASCIO,0.389378
5.699000,1,1,1,1,1,2154,1191,RILASCIO,0.388711
5.703000,1,1,1,1,1,2155,1191,RILASCIO,0.388044
5.707000,1,1,1,1,1,2156,1191,RILASCIO,0.387378
5.711000,1,1,1,1,1,2157,1191,RILASCIO,0.386711
5.715000,1,1,1,1,1,2158,1191,RILASCIO,0.386045
5.719000,1,1,1,1,1,2159,1191,RILASCIO,0.385378
5.723000,1,1,1,1,1,2160,1191,RILASCIO,0.384711
5.727000,1,1,1,1,1,2161,1191,RILASCIO,0.384045
5.731000,1,1,1,1,1,2162,1191,RILASCIO,0.383378
5.734000,1,1,1,1,1,2163,1191,RILASCIO,0.382878
5.738000,1,1,1,1,1,2164,1191,RILASCIO,0.382211
5.742000,1,1,1,1,1,2165,1191,RILASCIO,0.381545
5.746000,1,1,1,1,1,2166,1191,RILASCIO,0.380878
5.750000,1,1,1,1,1,2167,1191,RILASCIO,0.380212
5.754000,1,1,1,1,1,2168,1191,RILASCIO,0.379545
5.758000,1,1,1,1,1,2169,1191,RILASCIO,0.378878
5.762000,1,1,1,1,1,2170,1191,RILASCIO,0.378212
5.766000,1,1,1,1,1,2171,1191,RILASCIO,0.377545
5.769000,1,1,1,1,1,2172,1191,RILASCIO,0.377045
5.773000,1,1,1,1,1,2173,1191,RILASCIO,0.376379
5.777000,1,1,1,1,1,2174,1191,RILASCIO,0.375712
5.781000,1,1,1,1,1,2175,1191,RILASCIO,0.375045
5.785000,1,1,1,1,1,2176,1191,RILASCIO,0.374379
5.789000,1,1,1,1,1,2177,1191,RILASCIO,0.373712
5.793000,1,1,1,1,1,2178,1191,RILASCIO,0.373045
5.797000,1,1,1,1,1,2179,1191,RILASCIO,0.372379
5.801000,1,1,1,1,1,2180,1191,RILASCIO,0.371712
5.805000,1,1,1,1,1,2181,1191,RILASCIO,0.371046
5.808000,1,1,1,1,1,2182,1191,RILASCIO,0.370546
5.812000,1,1,1,1,1,2183,1191,RILASCIO,0.369879
5.816000,1,1,1,1,1,2184,1191,RILASCIO,0.369212
5.820000,1,1,1,1,1,2185,1191,RILASCIO,0.368546
5.824000,1,1,1,1,1,2186,1191,RILASCIO,0.367879
5.828000,1,1,1,1,1,2187,1191,RILASCIO,0.367213
5.832000,1,1,1,1,1,2188,1191,RILASCIO,0.366546
5.836000,1,1,1,1,1,2189,1191,RILASCIO,0.365879
5.840000,1,1,1,1,1,2190,1191,RILASCIO,0.365213
5.844000,1,1,1,1,1,2191,1191,RILASCIO,0.364546
5.847000,1,1,1,1,1,2192,1191,RILASCIO,0.364046
5.851000,1,1,1,1,1,2193,1191,RILASCIO,0.363379
5.855000,1,1,1,1,1,2194,1191,RILASCIO,0.362713
5.859000,1,1,1,1,1,2195,1191,RILASCIO,0.362046
5.863000,1,1,1,1,1,2196,1191,RILASCIO,0.361380
5.867000,1,1,1,1,1,2197,1191,RILASCIO,0.360713
5.871000,1,1,1,1,1,2198,1191,RILASCIO,0.360046
5.875000,1,1,1,1,1,2199,1191,RILASCIO,0.359380
5.879000,1,1,1,1,1,2200,1191,RILASCIO,0.358713
5.883000,1,1,1,1,1,2201,1191,RILASCIO,0.358047
5.886000,1,1,1,1,1,2202,1191,RILASCIO,0.357547
5.890000,1,1,1,1,1,2203,1191,RILASCIO,0.356880
5.894000,1,1,1,1,1,2204,1191,RILASCIO,0.356213
5.898000,1,1,1,1,1,2205,1191,RILASCIO,0.355547
5.902000,1,1,1,1,1,2206,1191,RILASCIO,0.354880
5.906000,1,1,1,1,1,2207,1191,RILASCIO,0.354213
5.910000,1,1,1,1,1,2208,1191,RILASCIO,0.353547
5.914000,1,1,1,1,1,2209,1191,RILASCIO,0.352880
5.918000,1,1,1,1,1,2210,1191,RILASCIO,0.352214
5.922000,1,1,1,1,1,2211,1191,RILASCIO,0.351547
5.925000,1,1,1,1,1,2212,1191,RILASCIO,0.351047
5.929000,1,1,1,1,1,2213,1191,RILASCIO,0.350380
5.933000,1,1,1,1,1,2214,1191,RILASCIO,0.349714
5.937000,1,1,1,1,1,2215,1191,RILASCIO,0.349047
5.941000,1,1,1,1,1,2216,1191,RILASCIO,0.348381
5.945000,1,1,1,1,1,2217,1191,RILASCIO,0.347714
5.949000,1,1,1,1,1,2218,1191,RILASCIO,0.347047
5.953000,1,1,1,1,1,2219,1191,RILASCIO,0.346381
5.957000,1,1,1,1,1,2220,1191,RILASCIO,0.345714
5.961000,1,1,1,1,1,2221,1191,RILASCIO,0.345047
5.964000,1,1,1,1,1,2222,1191,RILASCIO,0.344548
5.968000,1,1,1,1,1,2223,1191,RILASCIO,0.343881
5.972000,1,1,1,1,1,2224,1191,RILASCIO,0.343214
5.976000,1,1,1,1,1,2225,1191,RILASCIO,0.342548
5.980000,1,1,1,1,1,2226,1191,RILASCIO,0.341881
5.984000,1,1,1,1,1,2227,1191,RILASCIO,0.341214
5.988000,1,1,1,1,1,2228,1191,RILASCIO,0.340548
5.992000,1,1,1,1,1,2229,1191,RILASCIO,0.339881
5.996000,1,1,1,1,1,2230,1191,RILASCIO,0.339215
6.000000,1,1,1,1,1,2231,1191,RILASCIO,0.338548
6.003000,1,1,1,1,1,2232,1191,RILASCIO,0.338048
6.007000,1,1,1,1,1,2233,1191,RILASCIO,0.337381
6.011000,1,1,1,1,1,2234,1191,RILASCIO,0.336715
6.015000,1,1,1,1,1,2235,1191,RILASCIO,0.336048
6.019000,1,1,1,1,1,2236,1191,RILASCIO,0.335382
6.023000,1,1,1,1,1,2237,1191,RILASCIO,0.334715
6.027000,1,1,1,1,1,2238,1191,RILASCIO,0.334048
6.031000,1,1,1,1,1,2239,1191,RILASCIO,0.333382
6.035000,1,1,1,1,1,2240,1191,RILASCIO,0.332715
6.039000,1,1,1,1,1,2241,1191,RILASCIO,0.332048
6.042000,1,1,1,1,1,2242,1191,RILASCIO,0.331548
6.046000,1,1,1,1,1,2243,1191,RILASCIO,0.330882
6.050000,1,1,1,1,1,2244,1191,RILASCIO,0.330215
6.054000,1,1,1,1,1,2245,1191,RILASCIO,0.329549
6.058000,1,1,1,1,1,2246,1191,RILASCIO,0.328882
6.062000,1,1,1,1,1,2247,1191,RILASCIO,0.328215
6.066000,1,1,1,1,1,2248,1191,RILASCIO,0.327549
6.070000,1,1,1,1,1,2249,1191,RILASCIO,0.326882
6.074000,1,1,1,1,1,2250,1191,RILASCIO,0.326216
6.078000,1,1,1,1,1,2251,1191,RILASCIO,0.325549
6.081000,1,1,1,1,1,2252,1191,RILASCIO,0.325049
6.085000,1,1,1,1,1,2253,1191,RILASCIO,0.324382
6.089000,1,1,1,1,1,2254,1191,RILASCIO,0.323716
6.093000,1,1,1,1,1,2255,1191,RILASCIO,0.323049
6.097000,1,1,1,1,1,2256,1191,RILASCIO,0.322382
6.101000,1,1,1,1,1,2257,1191,RILASCIO,0.321716
6.105000,1,1,1,1,1,2258,1191,RILASCIO,0.321049
6.109000,1,1,1,1,1,2259,1191,RILASCIO,0.320383
6.113000,1,1,1,1,1,2260,1191,RILASCIO,0.319716
6.117000,1,1,1,1,1,2261,1191,RILASCIO,0.319049
6.120000,1,1,1,1,1,2262,1191,RILASCIO,0.318549
6.124000,1,1,1,1,1,2263,1191,RILASCIO,0.317883
6.128000,1,1,1,1,1,2264,1191,RILASCIO,0.317216
6.132000,1,1,1,1,1,2265,1191,RILASCIO,0.316550
6.136000,1,1,1,1,1,2266,1191,RILASCIO,0.315883
6.140000,1,1,1,1,1,2267,1191,RILASCIO,0.315216
6.144000,1,1,1,1,1,2268,1191,RILASCIO,0.314550
6.148000,1,1,1,1,1,2269,1191,RILASCIO,0.313883
6.152000,1,1,1,1,1,2270,1191,RILASCIO,0.313216
6.156000,1,1,1,1,1,2271,1191,RILASCIO,0.312550
6.159000,1,1,1,1,1,2272,1191,RILASCIO,0.312050
6.163000,1,1,1,1,1,2273,1191,RILASCIO,0.311383
6.167000,1,1,1,1,1,2274,1191,RILASCIO,0.310717
6.171000,1,1,1,1,1,2275,1191,RILASCIO,0.310050
6.175000,1,1,1,1,1,2276,1191,RILASCIO,0.309383
6.179000,1,1,1,1,1,2277,1191,RILASCIO,0.308717
6.183000,1,1,1,1,1,2278,1191,RILASCIO,0.308050
6.187000,1,1,1,1,1,2279,1191,RILASCIO,0.307384
6.191000,1,1,1,1,1,2280,1191,RILASCIO,0.306717
6.195000,1,1,1,1,1,2281,1191,RILASCIO,0.306050
6.198000,1,1,1,1,1,2282,1191,RILASCIO,0.305550
6.202000,1,1,1,1,1,2283,1191,RILASCIO,0.304884
6.206000,1,1,1,1,1,2284,1191,RILASCIO,0.304217
6.210000,1,1,1,1,1,2285,1191,RILASCIO,0.303550
6.214000,1,1,1,1,1,2286,1191,RILASCIO,0.302884
6.218000,1,1,1,1,1,2287,1191,RILASCIO,0.302217
6.222000,1,1,1,1,1,2288,1191,RILASCIO,0.301551
6.226000,1,1,1,1,1,2289,1191,RILASCIO,0.300884
6.230000,1,1,1,1,1,2290,1191,RILASCIO,0.300217
6.234000,1,1,1,1,1,2291,1191,RILASCIO,0.299551
6.237000,1,1,1,1,1,2292,1191,RILASCIO,0.299051
6.241000,1,1,1,1,1,2293,1191,RILASCIO,0.298384
6.245000,1,1,1,1,1,2294,1191,RILASCIO,0.297718
6.249000,1,1,1,1,1,2295,1191,RILASCIO,0.297051
6.253000,1,1,1,1,1,2296,1191,RILASCIO,0.296384
6.257000,1,1,1,1,1,2297,1191,RILASCIO,0.295718
6.261000,1,1,1,1,1,2298,1191,RILASCIO,0.295051
6.265000,1,1,1,1,1,2299,1191,RILASCIO,0.294384
6.269000,1,1,1,1,1,2300,1191,RILASCIO,0.293718
6.273000,1,1,1,1,1,2301,1191,RILASCIO,0.293051
6.276000,1,1,1,1,1,2302,1191,RILASCIO,0.292551
6.280000,1,1,1,1,1,2303,1191,RILASCIO,0.291885
6.284000,1,1,1,1,1,2304,1191,RILASCIO,0.291218
6.288000,1,1,1,1,1,2305,1191,RILASCIO,0.290551
6.292000,1,1,1,1,1,2306,1191,RILASCIO,0.289885
6.296000,1,1,1,1,1,2307,1191,RILASCIO,0.289218
6.300000,1,1,1,1,1,2308,1191,RILASCIO,0.288552
6.304000,1,1,1,1,1,2309,1191,RILASCIO,0.287885
6.308000,1,1,1,1,1,2310,1191,RILASCIO,0.287218
6.312000,1,1,1,1,1,2311,1191,RILASCIO,0.286552
6.315000,1,1,1,1,1,2312,1191,RILASCIO,0.286052
6.319000,1,1,1,1,1,2313,1191,RILASCIO,0.285385
6.323000,1,1,1,1,1,2314,1191,RILASCIO,0.284719
6.327000,1,1,1,1,1,2315,1191,RILASCIO,0.284052
6.331000,1,1,1,1,1,2316,1191,RILASCIO,0.283385
6.335000,1,1,1,1,1,2317,1191,RILASCIO,0.282719
6.339000,1,1,1,1,1,2318,1191,RILASCIO,0.282052
6.343000,1,1,1,1,1,2319,1191,RILASCIO,0.281385
6.347000,1,1,1,1,1,2320,1191,RILASCIO,0.280719
6.351000,1,1,1,1,1,2321,1191,RILASCIO,0.280052
6.354000,1,1,1,1,1,2322,1191,RILASCIO,0.279552
6.358000,1,1,1,1,1,2323,1191,RILASCIO,0.278886
6.362000,1,1,1,1,1,2324,1191,RILASCIO,0.278219
6.366000,1,1,1,1,1,2325,1191,RILASCIO,0.277552
6.370000,1,1,1,1,1,2326,1191,RILASCIO,0.276886
6.374000,1,1,1,1,1,2327,1191,RILASCIO,0.276219
6.378000,1,1,1,1,1,2328,1191,RILASCIO,0.275553
6.382000,1,1,1,1,1,2329,1191,RILASCIO,0.274886
6.386000,1,1,1,1,1,2330,1191,RILASCIO,0.274219
6.390000,1,1,1,1,1,2331,1191,RILASCIO,0.273553
6.393000,1,1,1,1,1,2332,1191,RILASCIO,0.273053
6.397000,1,1,1,1,1,2333,1191,RILASCIO,0.272386
6.401000,1,1,1,1,1,2334,1191,RILASCIO,0.271719
6.405000,1,1,1,1,1,2335,1191,RILASCIO,0.271053
6.409000,1,1,1,1,1,2336,1191,RILASCIO,0.270386
6.413000,1,1,1,1,1,2337,1191,RILASCIO,0.269720
6.417000,1,1,1,1,1,2338,1191,RILASCIO,0.269053
6.421000,1,1,1,1,1,2339,1191,RILASCIO,0.268386
6.425000,1,1,1,1,1,2340,1191,RILASCIO,0.267720
6.428000,1,1,1,1,1,2341,1191,RILASCIO,0.267220
6.432000,1,1,1,1,1,2342,1191,RILASCIO,0.266553
6.436000,1,1,1,1,1,2343,1191,RILASCIO,0.265887
6.440000,1,1,1,1,1,2344,1191,RILASCIO,0.265220
6.444000,1,1,1,1,1,2345,1191,RILASCIO,0.264553
6.448000,1,1,1,1,1,2346,1191,RILASCIO,0.263887
6.452000,1,1,1,1,1,2347,1191,RILASCIO,0.263220
6.456000,1,1,1,1,1,2348,1191,RILASCIO,0.262553
6.460000,1,1,1,1,1,2349,1191,RILASCIO,0.261887
6.464000,1,1,1,1,1,2350,1191,RILASCIO,0.261220
6.467000,1,1,1,1,1,2351,1191,RILASCIO,0.260720
6.471000,1,1,1,1,1,2352,1191,RILASCIO,0.260054
6.475000,1,1,1,1,1,2353,1191,RILASCIO,0.259387
6.479000,1,1,1,1,1,2354,1191,RILASCIO,0.258720
6.483000,1,1,1,1,1,2355,1191,RILASCIO,0.258054
6.487000,1,1,1,1,1,2356,1191,RILASCIO,0.257387
6.491000,1,1,1,1,1,2357,1191,RILASCIO,0.256721
6.495000,1,1,1,1,1,2358,1191,RILASCIO,0.256054
6.499000,1,1,1,1,1,2359,1191,RILASCIO,0.255387
6.503000,1,1,1,1,1,2360,1191,RILASCIO,0.254721
6.506000,1,1,1,1,1,2361,1191,RILASCIO,0.254221
6.510000,1,1,1,1,1,2362,1191,RILASCIO,0.253554
6.514000,1,1,1,1,1,2363,1191,RILASCIO,0.252887
6.518000,1,1,1,1,1,2364,1191,RILASCIO,0.252221
6.522000,1,1,1,1,1,2365,1191,RILASCIO,0.251554
6.526000,1,1,1,1,1,2366,1191,RILASCIO,0.250888
6.530000,1,1,1,1,1,2367,1191,RILASCIO,0.250221
6.534000,1,1,1,1,1,2368,1191,RILASCIO,0.249554
6.538000,1,1,1,1,1,2369,1191,RILASCIO,0.248888
6.542000,1,1,1,1,1,2370,1191,RILASCIO,0.248221
6.545000,1,1,1,1,1,2371,1191,RILASCIO,0.247721
6.549000,1,1,1,1,1,2372,1191,RILASCIO,0.247054
6.553000,1,1,1,1,1,2373,1191,RILASCIO,0.246388
6.557000,1,1,1,1,1,2374,1191,RILASCIO,0.245721
6.561000,1,1,1,1,1,2375,1191,RILASCIO,0.245054
6.565000,1,1,1,1,1,2376,1191,RILASCIO,0.244388
6.569000,1,1,1,1,1,2377,1191,RILASCIO,0.243721
6.573000,1,1,1,1,1,2378,1191,RILASCIO,0.243054
6.577000,1,1,1,1,1,2379,1191,RILASCIO,0.242388
6.581000,1,1,1,1,1,2380,1191,RILASCIO,0.241721
6.584000,1,1,1,1,1,2381,1191,RILASCIO,0.241221
6.588000,1,1,1,1,1,2382,1191,RILASCIO,0.240554
6.592000,1,1,1,1,1,2383,1191,RILASCIO,0.239888
6.596000,1,1,1,1,1,2384,1191,RILASCIO,0.239221
6.600000,1,1,1,1,1,2385,1191,RILASCIO,0.238554
6.604000,1,1,1,1,1,2386,1191,RILASCIO,0.237887
6.608000,1,1,1,1,1,2387,1191,RILASCIO,0.237221
6.612000,1,1,1,1,1,2388,1191,RILASCIO,0.236554
6.616000,1,1,1,1,1,2389,1191,RILASCIO,0.235887
6.620000,1,1,1,1,1,2390,1191,RILASCIO,0.235221
6.623000,1,1,1,1,1,2391,1191,RILASCIO,0.234721
6.627000,1,1,1,1,1,2392,1191,RILASCIO,0.234054
6.631000,1,1,1,1,1,2393,1191,RILASCIO,0.233387
6.635000,1,1,1,1,1,2394,1191,RILASCIO,0.232721
6.639000,1,1,1,1,1,2395,1191,RILASCIO,0.232054
6.643000,1,1,1,1,1,2396,1191,RILASCIO,0.231387
6.647000,1,1,1,1,1,2397,1191,RILASCIO,0.230721
6.651000,1,1,1,1,1,2398,1191,RILASCIO,0.230054
6.655000,1,1,1,1,1,2399,1191,RILASCIO,0.229387
6.659000,1,1,1,1,1,2400,1191,RILASCIO,0.228721
6.662000,1,1,1,1,1,2401,1191,RILASCIO,0.228221
6.666000,1,1,1,1,1,2402,1191,RILASCIO,0.227554
6.670000,1,1,1,1,1,2403,1191,RILASCIO,0.226887
6.674000,1,1,1,1,1,2404,1191,RILASCIO,0.226221
6.678000,1,1,1,1,1,2405,1191,RILASCIO,0.225554
6.682000,1,1,1,1,1,2406,1191,RILASCIO,0.224887
6.686000,1,1,1,1,1,2407,1191,RILASCIO,0.224221
6.690000,1,1,1,1,1,2408,1191,RILASCIO,0.223554
6.694000,1,1,1,1,1,2409,1191,RILASCIO,0.222887
6.698000,1,1,1,1,1,2410,1191,RILASCIO,0.222221
6.701000,1,1,1,1,1,2411,1191,RILASCIO,0.221721
6.705000,1,1,1,1,1,2412,1191,RILASCIO,0.221054
6.709000,1,1,1,1,1,2413,1191,RILASCIO,0.220387
6.713000,1,1,1,1,1,2414,1191,RILASCIO,0.219721
6.717000,1,1,1,1,1,2415,1191,RILASCIO,0.219054
6.721000,1,1,1,1,1,2416,1191,RILASCIO,0.218387
6.725000,1,1,1,1,1,2417,1191,RILASCIO,0.217720
6.729000,1,1,1,1,1,2418,1191,RILASCIO,0.217054
6.733000,1,1,1,1,1,2419,1191,RILASCIO,0.216387
6.737000,1,1,1,1,1,2420,1191,RILASCIO,0.215720
6.740000,1,1,1,1,1,2421,1191,RILASCIO,0.215220
6.744000,1,1,1,1,1,2422,1191,RILASCIO,0.214554
6.748000,1,1,1,1,1,2423,1191,RILASCIO,0.213887
6.752000,1,1,1,1,1,2424,1191,RILASCIO,0.213220
6.756000,1,1,1,1,1,2425,1191,RILASCIO,0.212554
6.760000,1,1,1,1,1,2426,1191,RILASCIO,0.211887
6.764000,1,1,1,1,1,2427,1191,RILASCIO,0.211220
6.768000,1,1,1,1,1,2428,1191,RILASCIO,0.210554
6.772000,1,1,1,1,1,2429,1191,RILASCIO,0.209887
6.776000,1,1,1,1,1,2430,1191,RILASCIO,0.209220
6.779000,1,1,1,1,1,2431,1191,RILASCIO,0.208720
6.783000,1,1,1,1,1,2432,1191,RILASCIO,0.208054
6.787000,1,1,1,1,1,2433,1191,RILASCIO,0.207387
6.791000,1,1,1,1,1,2434,1191,RILASCIO,0.206720
6.795000,1,1,1,1,1,2435,1191,RILASCIO,0.206054
6.799000,1,1,1,1,1,2436,1191,RILASCIO,0.205387
6.803000,1,1,1,1,1,2437,1191,RILASCIO,0.204720
6.807000,1,1,1,1,1,2438,1191,RILASCIO,0.204054
6.811000,1,1,1,1,1,2439,1191,RILASCIO,0.203387
6.815000,1,1,1,1,1,2440,1191,RILASCIO,0.202720
6.818000,1,1,1,1,1,2441,1191,RILASCIO,0.202220
6.822000,1,1,1,1,1,2442,1191,RILASCIO,0.201554
6.826000,1,1,1,1,1,2443,1191,RILASCIO,0.200887
6.830000,1,1,1,1,1,2444,1191,RILASCIO,0.200220
6.834000,1,1,1,1,1,2445,1191,RILASCIO,0.199554
6.838000,1,1,1,1,1,2446,1191,RILASCIO,0.198887
6.842000,1,1,1,1,1,2447,1191,RILASCIO,0.198220
6.846000,1,1,1,1,1,2448,1191,RILASCIO,0.197553
6.850000,1,1,1,1,1,2449,1191,RILASCIO,0.196887
6.853000,1,1,1,1,1,2450,1191,RILASCIO,0.196387
6.857000,1,1,1,1,1,2451,1191,RILASCIO,0.195720
6.861000,1,1,1,1,1,2452,1191,RILASCIO,0.195053
6.865000,1,1,1,1,1,2453,1191,RILASCIO,0.194387
6.869000,1,1,1,1,1,2454,1191,RILASCIO,0.193720
6.873000,1,1,1,1,1,2455,1191,RILASCIO,0.193053
6.877000,1,1,1,1,1,2456,1191,RILASCIO,0.192387
6.881000,1,1,1,1,1,2457,1191,RILASCIO,0.191720
6.885000,1,1,1,1,1,2458,1191,RILASCIO,0.191053
6.889000,1,1,1,1,1,2459,1191,RILASCIO,0.190387
6.892000,1,1,1,1,1,2460,1191,RILASCIO,0.189887
6.896000,1,1,1,1,1,2461,1191,RILASCIO,0.189220
6.900000,1,1,1,1,1,2462,1191,RILASCIO,0.188553
6.904000,1,1,1,1,1,2463,1191,RILASCIO,0.187887
6.908000,1,1,1,1,1,2464,1191,RILASCIO,0.187220
6.912000,1,1,1,1,1,2465,1191,RILASCIO,0.186553
6.916000,1,1,1,1,1,2466,1191,RILASCIO,0.185887
6.920000,1,1,1,1,1,2467,1191,RILASCIO,0.185220
6.924000,1,1,1,1,1,2468,1191,RILASCIO,0.184553
6.928000,1,1,1,1,1,2469,1191,RILASCIO,0.183887
6.931000,1,1,1,1,1,2470,1191,RILASCIO,0.183387
6.935000,1,1,1,1,1,2471,1191,RILASCIO,0.182720
6.939000,1,1,1,1,1,2472,1191,RILASCIO,0.182053
6.943000,1,1,1,1,1,2473,1191,RILASCIO,0.181387
6.947000,1,1,1,1,1,2474,1191,RILASCIO,0.180720
6.951000,1,1,1,1,1,2475,1191,RILASCIO,0.180053
6.955000,1,1,1,1,1,2476,1191,RILASCIO,0.179386
6.959000,1,1,1,1,1,2477,1191,RILASCIO,0.178720
6.963000,1,1,1,1,1,2478,1191,RILASCIO,0.178053
6.967000,1,1,1,1,1,2479,1191,RILASCIO,0.177386
6.970000,1,1,1,1,1,2480,1191,RILASCIO,0.176886
6.974000,1,1,1,1,1,2481,1191,RILASCIO,0.176220
6.978000,1,1,1,1,1,2482,1191,RILASCIO,0.175553
6.982000,1,1,1,1,1,2483,1191,RILASCIO,0.174886
6.986000,1,1,1,1,1,2484,1191,RILASCIO,0.174220
6.990000,1,1,1,1,1,2485,1191,RILASCIO,0.173553
6.994000,1,1,1,1,1,2486,1191,RILASCIO,0.172886
6.998000,1,1,1,1,1,2487,1191,RILASCIO,0.172220
7.002000,1,1,1,1,1,2488,1191,RILASCIO,0.171553
7.006000,1,1,1,1,1,2489,1191,RILASCIO,0.170886
7.009000,1,1,1,1,1,2490,1191,RILASCIO,0.170386
7.013000,1,1,1,1,1,2491,1191,RILASCIO,0.169720
7.017000,1,1,1,1,1,2492,1191,RILASCIO,0.169053
7.021000,1,1,1,1,1,2493,1191,RILASCIO,0.168386
7.025000,1,1,1,1,1,2494,1191,RILASCIO,0.167720
7.029000,1,1,1,1,1,2495,1191,RILASCIO,0.167053
7.033000,1,1,1,1,1,2496,1191,RILASCIO,0.166386
7.037000,1,1,1,1,1,2497,1191,RILASCIO,0.165720
7.041000,1,1,1,1,1,2498,1191,RILASCIO,0.165053
7.045000,1,1,1,1,1,2499,1191,RILASCIO,0.164386
7.048000,1,1,1,1,1,2500,1191,RILASCIO,0.163886
7.052000,1,1,1,1,1,2501,1191,RILASCIO,0.163220
7.056000,1,1,1,1,1,2502,1191,RILASCIO,0.162553
7.060000,1,1,1,1,1,2503,1191,RILASCIO,0.161886
7.064000,1,1,1,1,1,2504,1191,RILASCIO,0.161220
7.068000,1,1,1,1,1,2505,1191,RILASCIO,0.160553
7.072000,1,1,1,1,1,2506,1191,RILASCIO,0.159886
7.076000,1,1,1,1,1,2507,1191,RILASCIO,0.159219
7.080000,1,1,1,1,1,2508,1191,RILASCIO,0.158553
7.084000,1,1,1,1,1,2509,1191,RILASCIO,0.157886
7.087000,1,1,1,1,1,2510,1191,RILASCIO,0.157386
7.091000,1,1,1,1,1,2511,1191,RILASCIO,0.156719
7.095000,1,1,1,1,1,2512,1191,RILASCIO,0.156053
7.099000,1,1,1,1,1,2513,1191,RILASCIO,0.155386
7.103000,1,1,1,1,1,2514,1191,RILASCIO,0.154719
7.107000,1,1,1,1,1,2515,1191,RILASCIO,0.154053
7.111000,1,1,1,1,1,2516,1191,RILASCIO,0.153386
7.115000,1,1,1,1,1,2517,1191,RILASCIO,0.152719
7.119000,1,1,1,1,1,2518,1191,RILASCIO,0.152053
7.123000,1,1,1,1,1,2519,1191,RILASCIO,0.151386
7.126000,1,1,1,1,1,2520,1191,RILASCIO,0.150886
7.130000,1,1,1,1,1,2521,1191,RILASCIO,0.150219
7.134000,1,1,1,1,1,2522,1191,RILASCIO,0.149553
7.138000,1,1,1,1,1,2523,1191,RILASCIO,0.148886
7.142000,1,1,1,1,1,2524,1191,RILASCIO,0.148219
7.146000,1,1,1,1,1,2525,1191,RILASCIO,0.147553
7.150000,1,1,1,1,1,2526,1191,RILASCIO,0.146886
7.154000,1,1,1,1,1,2527,1191,RILASCIO,0.146219
7.158000,1,1,1,1,1,2528,1191,RILASCIO,0.145553
7.162000,1,1,1,1,1,2529,1191,RILASCIO,0.144886
7.165000,1,1,1,1,1,2530,1191,RILASCIO,0.144386
7.169000,1,1,1,1,1,2531,1191,RILASCIO,0.143719
7.173000,1,1,1,1,1,2532,1191,RILASCIO,0.143053
7.177000,1,1,1,1,1,2533,1191,RILASCIO,0.142386
7.181000,1,1,1,1,1,2534,1191,RILASCIO,0.141719
7.185000,1,1,1,1,1,2535,1191,RILASCIO,0.141053
7.189000,1,1,1,1,1,2536,1191,RILASCIO,0.140386
7.193000,1,1,1,1,1,2537,1191,RILASCIO,0.139719
7.197000,1,1,1,1,1,2538,1191,RILASCIO,0.139052
7.201000,1,1,1,1,1,2539,1191,RILASCIO,0.138386
7.204000,1,1,1,1,1,2540,1191,RILASCIO,0.137886
7.208000,1,1,1,1,1,2541,1191,RILASCIO,0.137219
7.212000,1,1,1,1,1,2542,1191,RILASCIO,0.136552
7.216000,1,1,1,1,1,2543,1191,RILASCIO,0.135886
7.220000,1,1,1,1,1,2544,1191,RILASCIO,0.135219
7.224000,1,1,1,1,1,2545,1191,RILASCIO,0.134552
7.228000,1,1,1,1,1,2546,1191,RILASCIO,0.133886
7.232000,1,1,1,1,1,2547,1191,RILASCIO,0.133219
7.236000,1,1,1,1,1,2548,1191,RILASCIO,0.132552
7.240000,1,1,1,1,1,2549,1191,RILASCIO,0.131886
7.243000,1,1,1,1,1,2550,1191,RILASCIO,0.131386
7.247000,1,1,1,1,1,2551,1191,RILASCIO,0.130719
7.251000,1,1,1,1,1,2552,1191,RILASCIO,0.130052
7.255000,1,1,1,1,1,2553,1191,RILASCIO,0.129386
7.259000,1,1,1,1,1,2554,1191,RILASCIO,0.128719
7.263000,1,1,1,1,1,2555,1191,RILASCIO,0.128052
7.267000,1,1,1,1,1,2556,1191,RILASCIO,0.127386
7.271000,1,1,1,1,1,2557,1191,RILASCIO,0.126719
7.275000,1,1,1,1,1,2558,1191,RILASCIO,0.126052
7.278000,1,1,1,1,1,2559,1191,RILASCIO,0.125552
7.282000,1,1,1,1,1,2560,1191,RILASCIO,0.124886
7.286000,1,1,1,1,1,2561,1191,RILASCIO,0.124219
7.290000,1,1,1,1,1,2562,1191,RILASCIO,0.123552
7.294000,1,1,1,1,1,2563,1191,RILASCIO,0.122886
7.298000,1,1,1,1,1,2564,1191,RILASCIO,0.122219
7.302000,1,1,1,1,1,2565,1191,RILASCIO,0.121552
7.306000,1,1,1,1,1,2566,1191,RILASCIO,0.120886
7.310000,1,1,1,1,1,2567,1191,RILASCIO,0.120219
7.314000,1,1,1,1,1,2568,1191,RILASCIO,0.119552
7.317000,1,1,1,1,1,2569,1191,RILASCIO,0.119052
7.321000,1,1,1,1,1,2570,1191,RILASCIO,0.118385
7.325000,1,1,1,1,1,2571,1191,RILASCIO,0.117719
7.329000,1,1,1,1,1,2572,1191,RILASCIO,0.117052
7.333000,1,1,1,1,1,2573,1191,RILASCIO,0.116385
7.337000,1,1,1,1,1,2574,1191,RILASCIO,0.115719
7.341000,1,1,1,1,1,2575,1191,RILASCIO,0.115052
7.345000,1,1,1,1,1,2576,1191,RILASCIO,0.114385
7.349000,1,1,1,1,1,2577,1191,RILASCIO,0.113719
7.353000,1,1,1,1,1,2578,1191,RILASCIO,0.113052
7.356000,1,1,1,1,1,2579,1191,RILASCIO,0.112552
7.360000,1,1,1,1,1,2580,1191,RILASCIO,0.111885
7.364000,1,1,1,1,1,2581,1191,RILASCIO,0.111219
7.368000,1,1,1,1,1,2582,1191,RILASCIO,0.110552
7.372000,1,1,1,1,1,2583,1191,RILASCIO,0.109885
7.376000,1,1,1,1,1,2584,1191,RILASCIO,0.109219
7.380000,1,1,1,1,1,2585,1191,RILASCIO,0.108552
7.384000,1,1,1,1,1,2586,1191,RILASCIO,0.107885
7.388000,1,1,1,1,1,2587,1191,RILASCIO,0.107219
7.392000,1,1,1,1,1,2588,1191,RILASCIO,0.106552
7.395000,1,1,1,1,1,2589,1191,RILASCIO,0.106052
7.399000,1,1,1,1,1,2590,1191,RILASCIO,0.105385
7.403000,1,1,1,1,1,2591,1191,RILASCIO,0.104719
7.407000,1,1,1,1,1,2592,1191,RILASCIO,0.104052
7.411000,1,1,1,1,1,2593,1191,RILASCIO,0.103385
7.415000,1,1,1,1,1,2594,1191,RILASCIO,0.102719
7.419000,1,1,1,1,1,2595,1191,RILASCIO,0.102052
7.423000,1,1,1,1,1,2596,1191,RILASCIO,0.101385
7.427000,1,1,1,1,1,2597,1191,RILASCIO,0.100718
7.431000,1,1,1,1,1,2598,1191,RILASCIO,0.100052
7.433000,1,1,1,1,1,2599,1191,RILASCIO,0.099718
7.434000,1,1,1,1,1,2600,1191,RILASCIO,0.099552
7.435000,1,1,1,1,1,2601,1191,RILASCIO,0.099385
7.436000,1,1,1,1,1,2602,1191,RILASCIO,0.099218
7.437000,1,1,1,1,1,2603,1191,RILASCIO,0.099052
7.438000,1,1,1,1,1,2604,1191,RILASCIO,0.098885
7.439000,1,1,1,1,1,2605,1191,RILASCIO,0.098718
7.440000,1,1,1,1,1,2606,1191,RILASCIO,0.098552
7.441000,1,1,1,1,1,2607,1191,RILASCIO,0.098385
7.442000,1,1,1,1,1,2608,1191,RILASCIO,0.098218
7.443000,1,1,1,1,1,2609,1191,RILASCIO,0.098052
7.444000,1,1,1,1,1,2610,1191,RILASCIO,0.097885
7.445000,1,1,1,1,1,2611,1191,RILASCIO,0.097718
7.446000,1,1,1,1,1,2612,1191,RILASCIO,0.097552
7.447000,1,1,1,1,1,2613,1191,RILASCIO,0.097385
7.448000,1,1,1,1,1,2614,1191,RILASCIO,0.097218
7.449000,1,1,1,1,1,2615,1191,RILASCIO,0.097052
7.450000,1,1,1,1,1,2616,1191,RILASCIO,0.096885
7.451000,1,1,1,1,1,2617,1191,RILASCIO,0.096718
7.452000,1,1,1,1,1,2618,1191,RILASCIO,0.096552
7.453000,1,1,1,1,1,2619,1191,RILASCIO,0.096385
7.454000,1,1,1,1,1,2620,1191,RILASCIO,0.096218
7.455000,1,1,1,1,1,2621,1191,RILASCIO,0.096052
7.456000,1,1,1,1,1,2622,1191,RILASCIO,0.095885
7.457000,1,1,1,1,1,2623,1191,RILASCIO,0.095718
7.458000,1,1,1,1,1,2624,1191,RILASCIO,0.095552
7.459000,1,1,1,1,1,2625,1191,RILASCIO,0.095385
7.460000,1,1,1,1,1,2626,1191,RILASCIO,0.095218
7.461000,1,1,1,1,1,2627,1191,RILASCIO,0.095052
7.462000,1,1,1,1,1,2628,1191,RILASCIO,0.094885
7.463000,1,1,1,1,1,2629,1191,RILASCIO,0.094718
7.465000,1,1,1,1,1,2630,1191,RILASCIO,0.094385
7.466000,1,1,1,1,1,2631,1191,RILASCIO,0.094218
7.467000,1,1,1,1,1,2632,1191,RILASCIO,0.094052
7.468000,1,1,1,1,1,2633,1191,RILASCIO,0.093885
7.469000,1,1,1,1,1,2634,1191,RILASCIO,0.093718
7.470000,1,1,1,1,1,2635,1191,RILASCIO,0.093552
7.471000,1,1,1,1,1,2636,1191,RILASCIO,0.093385
7.472000,1,1,1,1,1,2637,1191,RILASCIO,0.093218
7.473000,1,1,1,1,1,2638,1191,RILASCIO,0.093052
7.474000,1,1,1,1,1,2639,1191,RILASCIO,0.092885
7.475000,1,1,1,1,1,2640,1191,RILASCIO,0.092718
7.476000,1,1,1,1,1,2641,1191,RILASCIO,0.092552
7.477000,1,1,1,1,1,2642,1191,RILASCIO,0.092385
7.478000,1,1,1,1,1,2643,1191,RILASCIO,0.092218
7.479000,1,1,1,1,1,2644,1191,RILASCIO,0.092052
7.480000,1,1,1,1,1,2645,1191,RILASCIO,0.091885
7.481000,1,1,1,1,1,2646,1191,RILASCIO,0.091718
7.482000,1,1,1,1,1,2647,1191,RILASCIO,0.091552
7.483000,1,1,1,1,1,2648,1191,RILASCIO,0.091385
7.484000,1,1,1,1,1,2649,1191,RILASCIO,0.091218
7.485000,1,1,1,1,1,2650,1191,RILASCIO,0.091052
7.486000,1,1,1,1,1,2651,1191,RILASCIO,0.090885
7.487000,1,1,1,1,1,2652,1191,RILASCIO,0.090718
7.488000,1,1,1,1,1,2653,1191,RILASCIO,0.090552
7.489000,1,1,1,1,1,2654,1191,RILASCIO,0.090385
7.490000,1,1,1,1,1,2655,1191,RILASCIO,0.090218
7.491000,1,1,1,1,1,2656,1191,RILASCIO,0.090052
7.492000,1,1,1,1,1,2657,1191,RILASCIO,0.089885
7.493000,1,1,1,1,1,2658,1191,RILASCIO,0.089718
7.494000,1,1,1,1,1,2659,1191,RILASCIO,0.089552
7.495000,1,1,1,1,1,2660,1191,RILASCIO,0.089385
7.497000,1,1,1,1,1,2661,1191,RILASCIO,0.089052
7.498000,1,1,1,1,1,2662,1191,RILASCIO,0.088885
7.499000,1,1,1,1,1,2663,1191,RILASCIO,0.088718
7.500000,1,1,1,1,1,2664,1191,RILASCIO,0.088552
7.501000,1,1,1,1,1,2665,1191,RILASCIO,0.088385
7.502000,1,1,1,1,1,2666,1191,RILASCIO,0.088218
7.503000,1,1,1,1,1,2667,1191,RILASCIO,0.088052
7.504000,1,1,1,1,1,2668,1191,RILASCIO,0.087885
7.505000,1,1,1,1,1,2669,1191,RILASCIO,0.087718
7.506000,1,1,1,1,1,2670,1191,RILASCIO,0.087552
7.507000,1,1,1,1,1,2671,1191,RILASCIO,0.087385
7.508000,1,1,1,1,1,2672,1191,RILASCIO,0.087218
7.509000,1,1,1,1,1,2673,1191,RILASCIO,0.087052
7.510000,1,1,1,1,1,2674,1191,RILASCIO,0.086885
7.511000,1,1,1,1,1,2675,1191,RILASCIO,0.086718
7.512000,1,1,1,1,1,2676,1191,RILASCIO,0.086552
7.513000,1,1,1,1,1,2677,1191,RILASCIO,0.086385
7.514000,1,1,1,1,1,2678,1191,RILASCIO,0.086218
7.515000,1,1,1,1,1,2679,1191,RILASCIO,0.086052
7.516000,1,1,1,1,1,2680,1191,RILASCIO,0.085885
7.517000,1,1,1,1,1,2681,1191,RILASCIO,0.085718
7.518000,1,1,1,1,1,2682,1191,RILASCIO,0.085552
7.519000,1,1,1,1,1,2683,1191,RILASCIO,0.085385
7.520000,1,1,1,1,1,2684,1191,RILASCIO,0.085218
7.521000,1,1,1,1,1,2685,1191,RILASCIO,0.085052
7.522000,1,1,1,1,1,2686,1191,RILASCIO,0.084885
7.523000,1,1,1,1,1,2687,1191,RILASCIO,0.084718
7.524000,1,1,1,1,1,2688,1191,RILASCIO,0.084552
7.525000,1,1,1,1,1,2689,1191,RILASCIO,0.084385
7.526000,1,1,1,1,1,2690,1191,RILASCIO,0.084218
7.527000,1,1,1,1,1,2691,1191,RILASCIO,0.084052
7.529000,1,1,1,1,1,2692,1191,RILASCIO,0.083718
7.530000,1,1,1,1,1,2693,1191,RILASCIO,0.083552
7.531000,1,1,1,1,1,2694,1191,RILASCIO,0.083385
7.532000,1,1,1,1,1,2695,1191,RILASCIO,0.083218
7.533000,1,1,1,1,1,2696,1191,RILASCIO,0.083052
7.534000,1,1,1,1,1,2697,1191,RILASCIO,0.082885
7.535000,1,1,1,1,1,2698,1191,RILASCIO,0.082718
7.536000,1,1,1,1,1,2699,1191,RILASCIO,0.082552
7.537000,1,1,1,1,1,2700,1191,RILASCIO,0.082385
7.538000,1,1,1,1,1,2701,1191,RILASCIO,0.082218
7.539000,1,1,1,1,1,2702,1191,RILASCIO,0.082052
7.540000,1,1,1,1,1,2703,1191,RILASCIO,0.081885
7.541000,1,1,1,1,1,2704,1191,RILASCIO,0.081718
7.542000,1,1,1,1,1,2705,1191,RILASCIO,0.081552
7.543000,1,1,1,1,1,2706,1191,RILASCIO,0.081385
7.544000,1,1,1,1,1,2707,1191,RILASCIO,0.081218
7.545000,1,1,1,1,1,2708,1191,RILASCIO,0.081051
7.546000,1,1,1,1,1,2709,1191,RILASCIO,0.080885
7.547000,1,1,1,1,1,2710,1191,RILASCIO,0.080718
7.548000,1,1,1,1,1,2711,1191,RILASCIO,0.080551
7.549000,1,1,1,1,1,2712,1191,RILASCIO,0.080385
7.550000,1,1,1,1,1,2713,1191,RILASCIO,0.080218
7.551000,1,1,1,1,1,2714,1191,RILASCIO,0.080051
7.552000,1,1,1,1,1,2715,1191,RILASCIO,0.079885
7.553000,1,1,1,1,1,2716,1191,RILASCIO,0.079718
7.554000,1,1,1,1,1,2717,1191,RILASCIO,0.079551
7.555000,1,1,1,1,1,2718,1191,RILASCIO,0.079385
7.556000,1,1,1,1,1,2719,1191,RILASCIO,0.079218
7.557000,1,1,1,1,1,2720,1191,RILASCIO,0.079051
7.558000,1,1,1,1,1,2721,1191,RILASCIO,0.078885
7.559000,1,1,1,1,1,2722,1191,RILASCIO,0.078718
7.561000,1,1,1,1,1,2723,1191,RILASCIO,0.078385
7.562000,1,1,1,1,1,2724,1191,RILASCIO,0.078218
7.563000,1,1,1,1,1,2725,1191,RILASCIO,0.078051
7.564000,1,1,1,1,1,2726,1191,RILASCIO,0.077885
7.565000,1,1,1,1,1,2727,1191,RILASCIO,0.077718
7.566000,1,1,1,1,1,2728,1191,RILASCIO,0.077551
7.567000,1,1,1,1,1,2729,1191,RILASCIO,0.077385
7.568000,1,1,1,1,1,2730,1191,RILASCIO,0.077218
7.569000,1,1,1,1,1,2731,1191,RILASCIO,0.077051
7.570000,1,1,1,1,1,2732,1191,RILASCIO,0.076885
7.571000,1,1,1,1,1,2733,1191,RILASCIO,0.076718
7.572000,1,1,1,1,1,2734,1191,RILASCIO,0.076551
7.573000,1,1,1,1,1,2735,1191,RILASCIO,0.076385
7.574000,1,1,1,1,1,2736,1191,RILASCIO,0.076218
7.575000,1,1,1,1,1,2737,1191,RILASCIO,0.076051
7.576000,1,1,1,1,1,2738,1191,RILASCIO,0.075885
7.577000,1,1,1,1,1,2739,1191,RILASCIO,0.075718
7.578000,1,1,1,1,1,2740,1191,RILASCIO,0.075551
7.579000,1,1,1,1,1,2741,1191,RILASCIO,0.075385
7.580000,1,1,1,1,1,2742,1191,RILASCIO,0.075218
7.581000,1,1,1,1,1,2743,1191,RILASCIO,0.075051
7.582000,1,1,1,1,1,2744,1191,RILASCIO,0.074885
7.583000,1,1,1,1,1,2745,1191,RILASCIO,0.074718
7.584000,1,1,1,1,1,2746,1191,RILASCIO,0.074551
7.585000,1,1,1,1,1,2747,1191,RILASCIO,0.074385
7.586000,1,1,1,1,1,2748,1191,RILASCIO,0.074218
7.587000,1,1,1,1,1,2749,1191,RILASCIO,0.074051
7.588000,1,1,1,1,1,2750,1191,RILASCIO,0.073885
7.589000,1,1,1,1,1,2751,1191,RILASCIO,0.073718
7.590000,1,1,1,1,1,2752,1191,RILASCIO,0.073551
7.591000,1,1,1,1,1,2753,1191,RILASCIO,0.073385
7.593000,1,1,1,1,1,2754,1191,RILASCIO,0.073051
7.594000,1,1,1,1,1,2755,1191,RILASCIO,0.072885
7.595000,1,1,1,1,1,2756,1191,RILASCIO,0.072718
7.596000,1,1,1,1,1,2757,1191,RILASCIO,0.072551
7.597000,1,1,1,1,1,2758,1191,RILASCIO,0.072385
7.598000,1,1,1,1,1,2759,1191,RILASCIO,0.072218
7.599000,1,1,1,1,1,2760,1191,RILASCIO,0.072051
7.600000,1,1,1,1,1,2761,1191,RILASCIO,0.071885
7.601000,1,1,1,1,1,2762,1191,RILASCIO,0.071718
7.602000,1,1,1,1,1,2763,1191,RILASCIO,0.071551
7.603000,1,1,1,1,1,2764,1191,RILASCIO,0.071385
7.604000,1,1,1,1,1,2765,1191,RILASCIO,0.071218
7.605000,1,1,1,1,1,2766,1191,RILASCIO,0.071051
7.606000,1,1,1,1,1,2767,1191,RILASCIO,0.070885
7.607000,1,1,1,1,1,2768,1191,RILASCIO,0.070718
7.608000,1,1,1,1,1,2769,1191,RILASCIO,0.070551
7.609000,1,1,1,1,1,2770,1191,RILASCIO,0.070385
7.610000,1,1,1,1,1,2771,1191,RILASCIO,0.070218
7.611000,1,1,1,1,1,2772,1191,RILASCIO,0.070051
7.612000,1,1,1,1,1,2773,1191,RILASCIO,0.069885
7.613000,1,1,1,1,1,2774,1191,RILASCIO,0.069718
7.614000,1,1,1,1,1,2775,1191,RILASCIO,0.069551
7.615000,1,1,1,1,1,2776,1191,RILASCIO,0.069385
7.616000,1,1,1,1,1,2777,1191,RILASCIO,0.069218
7.617000,1,1,1,1,1,2778,1191,RILASCIO,0.069051
7.618000,1,1,1,1,1,2779,1191,RILASCIO,0.068885
7.619000,1,1,1,1,1,2780,1191,RILASCIO,0.068718
7.620000,1,1,1,1,1,2781,1191,RILASCIO,0.068551
7.621000,1,1,1,1,1,2782,1191,RILASCIO,0.068385
7.622000,1,1,1,1,1,2783,1191,RILASCIO,0.068218
7.623000,1,1,1,1,1,2784,1191,RILASCIO,0.068051
7.625000,1,1,1,1,1,2785,1191,RILASCIO,0.067718
7.626000,1,1,1,1,1,2786,1191,RILASCIO,0.067551
7.627000,1,1,1,1,1,2787,1191,RILASCIO,0.067385
7.628000,1,1,1,1,1,2788,1191,RILASCIO,0.067218
7.629000,1,1,1,1,1,2789,1191,RILASCIO,0.067051
7.630000,1,1,1,1,1,2790,1191,RILASCIO,0.066885
7.631000,1,1,1,1,1,2791,1191,RILASCIO,0.066718
7.632000,1,1,1,1,1,2792,1191,RILASCIO,0.066551
7.633000,1,1,1,1,1,2793,1191,RILASCIO,0.066385
7.634000,1,1,1,1,1,2794,1191,RILASCIO,0.066218
7.635000,1,1,1,1,1,2795,1191,RILASCIO,0.066051
7.636000,1,1,1,1,1,2796,1191,RILASCIO,0.065885
7.637000,1,1,1,1,1,2797,1191,RILASCIO,0.065718
7.638000,1,1,1,1,1,2798,1191,RILASCIO,0.065551
7.639000,1,1,1,1,1,2799,1191,RILASCIO,0.065385
7.640000,1,1,1,1,1,2800,1191,RILASCIO,0.065218
7.641000,1,1,1,1,1,2801,1191,RILASCIO,0.065051
7.642000,1,1,1,1,1,2802,1191,RILASCIO,0.064885
7.643000,1,1,1,1,1,2803,1191,RILASCIO,0.064718
7.644000,1,1,1,1,1,2804,1191,RILASCIO,0.064551
7.645000,1,1,1,1,1,2805,1191,RILASCIO,0.064385
7.646000,1,1,1,1,1,2806,1191,RILASCIO,0.064218
7.647000,1,1,1,1,1,2807,1191,RILASCIO,0.064051
7.648000,1,1,1,1,1,2808,1191,RILASCIO,0.063885
7.649000,1,1,1,1,1,2809,1191,RILASCIO,0.063718
7.650000,1,1,1,1,1,2810,1191,RILASCIO,0.063551
7.651000,1,1,1,1,1,2811,1191,RILASCIO,0.063385
7.652000,1,1,1,1,1,2812,1191,RILASCIO,0.063218
7.653000,1,1,1,1,1,2813,1191,RILASCIO,0.063051
7.654000,1,1,1,1,1,2814,1191,RILASCIO,0.062885
7.655000,1,1,1,1,1,2815,1191,RILASCIO,0.062718
7.657000,1,1,1,1,1,2816,1191,RILASCIO,0.062385
7.658000,1,1,1,1,1,2817,1191,RILASCIO,0.062218
7.659000,1,1,1,1,1,2818,1191,RILASCIO,0.062051
7.660000,1,1,1,1,1,2819,1191,RILASCIO,0.061885
7.661000,1,1,1,1,1,2820,1191,RILASCIO,0.061718
7.662000,1,1,1,1,1,2821,1191,RILASCIO,0.061551
7.663000,1,1,1,1,1,2822,1191,RILASCIO,0.061385
7.664000,1,1,1,1,1,2823,1191,RILASCIO,0.061218
7.665000,1,1,1,1,1,2824,1191,RILASCIO,0.061051
7.666000,1,1,1,1,1,2825,1191,RILASCIO,0.060885
7.667000,1,1,1,1,1,2826,1191,RILASCIO,0.060718
7.668000,1,1,1,1,1,2827,1191,RILASCIO,0.060551
7.669000,1,1,1,1,1,2828,1191,RILASCIO,0.060385
7.670000,1,1,1,1,1,2829,1191,RILASCIO,0.060218
7.671000,1,1,1,1,1,2830,1191,RILASCIO,0.060051
7.672000,1,1,1,1,1,2831,1191,RILASCIO,0.059885
7.673000,1,1,1,1,1,2832,1191,RILASCIO,0.059718
7.674000,1,1,1,1,1,2833,1191,RILASCIO,0.059551
7.675000,1,1,1,1,1,2834,1191,RILASCIO,0.059385
7.676000,1,1,1,1,1,2835,1191,RILASCIO,0.059218
7.677000,1,1,1,1,1,2836,1191,RILASCIO,0.059051
7.678000,1,1,1,1,1,2837,1191,RILASCIO,0.058885
7.679000,1,1,1,1,1,2838,1191,RILASCIO,0.058718
7.680000,1,1,1,1,1,2839,1191,RILASCIO,0.058551
7.681000,1,1,1,1,1,2840,1191,RILASCIO,0.058385
7.682000,1,1,1,1,1,2841,1191,RILASCIO,0.058218
7.683000,1,1,1,1,1,2842,1191,RILASCIO,0.058051
7.684000,1,1,1,1,1,2843,1191,RILASCIO,0.057885
7.685000,1,1,1,1,1,2844,1191,RILASCIO,0.057718
7.686000,1,1,1,1,1,2845,1191,RILASCIO,0.057551
7.688000,1,1,1,1,1,2846,1191,RILASCIO,0.057218
7.689000,1,1,1,1,1,2847,1191,RILASCIO,0.057051
7.690000,1,1,1,1,1,2848,1191,RILASCIO,0.056885
7.691000,1,1,1,1,1,2849,1191,RILASCIO,0.056718
7.692000,1,1,1,1,1,2850,1191,RILASCIO,0.056551
7.693000,1,1,1,1,1,2851,1191,RILASCIO,0.056385
7.694000,1,1,1,1,1,2852,1191,RILASCIO,0.056218
7.695000,1,1,1,1,1,2853,1191,RILASCIO,0.056051
7.696000,1,1,1,1,1,2854,1191,RILASCIO,0.055885
7.697000,1,1,1,1,1,2855,1191,RILASCIO,0.055718
7.698000,1,1,1,1,1,2856,1191,RILASCIO,0.055551
7.699000,1,1,1,1,1,2857,1191,RILASCIO,0.055385
7.700000,1,1,1,1,1,2858,1191,RILASCIO,0.055218
7.701000,1,1,1,1,1,2859,1191,RILASCIO,0.055051
7.702000,1,1,1,1,1,2860,1191,RILASCIO,0.054885
7.703000,1,1,1,1,1,2861,1191,RILASCIO,0.054718
7.704000,1,1,1,1,1,2862,1191,RILASCIO,0.054551
7.705000,1,1,1,1,1,2863,1191,RILASCIO,0.054385
7.706000,1,1,1,1,1,2864,1191,RILASCIO,0.054218
7.707000,1,1,1,1,1,2865,1191,RILASCIO,0.054051
7.708000,1,1,1,1,1,2866,1191,RILASCIO,0.053885
7.709000,1,1,1,1,1,2867,1191,RILASCIO,0.053718
7.710000,1,1,1,1,1,2868,1191,RILASCIO,0.053551
7.711000,1,1,1,1,1,2869,1191,RILASCIO,0.053385
7.712000,1,1,1,1,1,2870,1191,RILASCIO,0.053218
7.713000,1,1,1,1,1,2871,1191,RILASCIO,0.053051
7.714000,1,1,1,1,1,2872,1191,RILASCIO,0.052885
7.715000,1,1,1,1,1,2873,1191,RILASCIO,0.052718
7.716000,1,1,1,1,1,2874,1191,RILASCIO,0.052551
7.717000,1,1,1,1,1,2875,1191,RILASCIO,0.052385
7.718000,1,1,1,1,1,2876,1191,RILASCIO,0.052218
7.720000,1,1,1,1,1,2877,1191,RILASCIO,0.051885
7.721000,1,1,1,1,1,2878,1191,RILASCIO,0.051718
7.722000,1,1,1,1,1,2879,1191,RILASCIO,0.051551
7.723000,1,1,1,1,1,2880,1191,RILASCIO,0.051385
7.724000,1,1,1,1,1,2881,1191,RILASCIO,0.051218
7.725000,1,1,1,1,1,2882,1191,RILASCIO,0.051051
7.726000,1,1,1,1,1,2883,1191,RILASCIO,0.050885
7.727000,1,1,1,1,1,2884,1191,RILASCIO,0.050718
7.728000,1,1,1,1,1,2885,1191,RILASCIO,0.050551
7.729000,1,1,1,1,1,2886,1191,RILASCIO,0.050385
7.730000,1,1,1,1,1,2887,1191,RILASCIO,0.050218
7.731000,1,1,1,1,1,2888,1191,RILASCIO,0.050051
7.732000,1,1,1,1,1,2889,1191,RILASCIO,0.049885
7.733000,1,1,1,1,1,2890,1191,RILASCIO,0.049718
7.734000,1,1,1,1,1,2891,1191,RILASCIO,0.049551
7.735000,1,1,1,1,1,2892,1191,RILASCIO,0.049385
7.736000,1,1,1,1,1,2893,1191,RILASCIO,0.049218
7.737000,1,1,1,1,1,2894,1191,RILASCIO,0.049051
7.738000,1,1,1,1,1,2895,1191,RILASCIO,0.048885
7.739000,1,1,1,1,1,2896,1191,RILASCIO,0.048718
7.740000,1,1,1,1,1,2897,1191,RILASCIO,0.048551
7.741000,1,1,1,1,1,2898,1191,RILASCIO,0.048385
7.742000,1,1,1,1,1,2899,1191,RILASCIO,0.048218
7.743000,1,1,1,1,1,2900,1191,RILASCIO,0.048051
7.744000,1,1,1,1,1,2901,1191,RILASCIO,0.047885
7.745000,1,1,1,1,1,2902,1191,RILASCIO,0.047718
7.746000,1,1,1,1,1,2903,1191,RILASCIO,0.047551
7.747000,1,1,1,1,1,2904,1191,RILASCIO,0.047385
7.748000,1,1,1,1,1,2905,1191,RILASCIO,0.047218
7.749000,1,1,1,1,1,2906,1191,RILASCIO,0.047051
7.750000,1,1,1,1,1,2907,1191,RILASCIO,0.046885
7.752000,1,1,1,1,1,2908,1191,RILASCIO,0.046551
7.753000,1,1,1,1,1,2909,1191,RILASCIO,0.046385
7.754000,1,1,1,1,1,2910,1191,RILASCIO,0.046218
7.755000,1,1,1,1,1,2911,1191,RILASCIO,0.046051
7.756000,1,1,1,1,1,2912,1191,RILASCIO,0.045885
7.757000,1,1,1,1,1,2913,1191,RILASCIO,0.045718
7.758000,1,1,1,1,1,2914,1191,RILASCIO,0.045551
7.759000,1,1,1,1,1,2915,1191,RILASCIO,0.045385
7.760000,1,1,1,1,1,2916,1191,RILASCIO,0.045218
7.761000,1,1,1,1,1,2917,1191,RILASCIO,0.045051
7.762000,1,1,1,1,1,2918,1191,RILASCIO,0.044885
7.763000,1,1,1,1,1,2919,1191,RILASCIO,0.044718
7.764000,1,1,1,1,1,2920,1191,RILASCIO,0.044551
7.765000,1,1,1,1,1,2921,1191,RILASCIO,0.044385
7.766000,1,1,1,1,1,2922,1191,RILASCIO,0.044218
7.767000,1,1,1,1,1,2923,1191,RILASCIO,0.044051
7.768000,1,1,1,1,1,2924,1191,RILASCIO,0.043885
7.769000,1,1,1,1,1,2925,1191,RILASCIO,0.043718
7.770000,1,1,1,1,1,2926,1191,RILASCIO,0.043551
7.771000,1,1,1,1,1,2927,1191,RILASCIO,0.043385
7.772000,1,1,1,1,1,2928,1191,RILASCIO,0.043218
7.773000,1,1,1,1,1,2929,1191,RILASCIO,0.043051
7.774000,1,1,1,1,1,2930,1191,RILASCIO,0.042885
7.775000,1,1,1,1,1,2931,1191,RILASCIO,0.042718
7.776000,1,1,1,1,1,2932,1191,RILASCIO,0.042551
7.777000,1,1,1,1,1,2933,1191,RILASCIO,0.042385
7.778000,1,1,1,1,1,2934,1191,RILASCIO,0.042218
7.779000,1,1,1,1,1,2935,1191,RILASCIO,0.042051
7.780000,1,1,1,1,1,2936,1191,RILASCIO,0.041885
7.781000,1,1,1,1,1,2937,1191,RILASCIO,0.041718
7.782000,1,1,1,1,1,2938,1191,RILASCIO,0.041551
7.784000,1,1,1,1,1,2939,1191,RILASCIO,0.041218
7.785000,1,1,1,1,1,2940,1191,RILASCIO,0.041051
7.786000,1,1,1,1,1,2941,1191,RILASCIO,0.040885
7.787000,1,1,1,1,1,2942,1191,RILASCIO,0.040718
7.788000,1,1,1,1,1,2943,1191,RILASCIO,0.040551
7.789000,1,1,1,1,1,2944,1191,RILASCIO,0.040385
7.790000,1,1,1,1,1,2945,1191,RILASCIO,0.040218
7.791000,1,1,1,1,1,2946,1191,RILASCIO,0.040051
7.792000,1,1,1,1,1,2947,1191,RILASCIO,0.039885
7.793000,1,1,1,1,1,2948,1191,RILASCIO,0.039718
7.794000,1,1,1,1,1,2949,1191,RILASCIO,0.039551
7.795000,1,1,1,1,1,2950,1191,RILASCIO,0.039385
7.796000,1,1,1,1,1,2951,1191,RILASCIO,0.039218
7.797000,1,1,1,1,1,2952,1191,RILASCIO,0.039051
7.798000,1,1,1,1,1,2953,1191,RILASCIO,0.038885
7.799000,1,1,1,1,1,2954,1191,RILASCIO,0.038718
7.800000,1,1,1,1,1,2955,1191,RILASCIO,0.038551
7.801000,1,1,1,1,1,2956,1191,RILASCIO,0.038385
7.802000,1,1,1,1,1,2957,1191,RILASCIO,0.038218
7.803000,1,1,1,1,1,2958,1191,RILASCIO,0.038051
7.804000,1,1,1,1,1,2959,1191,RILASCIO,0.037885
7.805000,1,1,1,1,1,2960,1191,RILASCIO,0.037718
7.806000,1,1,1,1,1,2961,1191,RILASCIO,0.037551
7.807000,1,1,1,1,1,2962,1191,RILASCIO,0.037385
7.808000,1,1,1,1,1,2963,1191,RILASCIO,0.037218
7.809000,1,1,1,1,1,2964,1191,RILASCIO,0.037051
7.810000,1,1,1,1,1,2965,1191,RILASCIO,0.036885
7.811000,1,1,1,1,1,2966,1191,RILASCIO,0.036718
7.812000,1,1,1,1,1,2967,1191,RILASCIO,0.036551
7.813000,1,1,1,1,1,2968,1191,RILASCIO,0.036385
7.814000,1,1,1,1,1,2969,1191,RILASCIO,0.036218
7.816000,1,1,1,1,1,2970,1191,RILASCIO,0.035885
7.817000,1,1,1,1,1,2971,1191,RILASCIO,0.035718
7.818000,1,1,1,1,1,2972,1191,RILASCIO,0.035551
7.819000,1,1,1,1,1,2973,1191,RILASCIO,0.035385
7.820000,1,1,1,1,1,2974,1191,RILASCIO,0.035218
7.821000,1,1,1,1,1,2975,1191,RILASCIO,0.035051
7.822000,1,1,1,1,1,2976,1191,RILASCIO,0.034885
7.823000,1,1,1,1,1,2977,1191,RILASCIO,0.034718
7.824000,1,1,1,1,1,2978,1191,RILASCIO,0.034551
7.825000,1,1,1,1,1,2979,1191,RILASCIO,0.034385
7.826000,1,1,1,1,1,2980,1191,RILASCIO,0.034218
7.827000,1,1,1,1,1,2981,1191,RILASCIO,0.034051
7.828000,1,1,1,1,1,2982,1191,RILASCIO,0.033885
7.829000,1,1,1,1,1,2983,1191,RILASCIO,0.033718
7.830000,1,1,1,1,1,2984,1191,RILASCIO,0.033551
7.831000,1,1,1,1,1,2985,1191,RILASCIO,0.033385
7.832000,1,1,1,1,1,2986,1191,RILASCIO,0.033218
7.833000,1,1,1,1,1,2987,1191,RILASCIO,0.033051
7.834000,1,1,1,1,1,2988,1191,RILASCIO,0.032885
7.835000,1,1,1,1,1,2989,1191,RILASCIO,0.032718
7.836000,1,1,1,1,1,2990,1191,RILASCIO,0.032551
7.837000,1,1,1,1,1,2991,1191,RILASCIO,0.032385
7.838000,1,1,1,1,1,2992,1191,RILASCIO,0.032218
7.839000,1,1,1,1,1,2993,1191,RILASCIO,0.032051
7.840000,1,1,1,1,1,2994,1191,RILASCIO,0.031885
7.841000,1,1,1,1,1,2995,1191,RILASCIO,0.031718
7.842000,1,1,1,1,1,2996,1191,RILASCIO,0.031551
7.843000,1,1,1,1,1,2997,1191,RILASCIO,0.031385
7.844000,1,1,1,1,1,2998,1191,RILASCIO,0.031218
7.845000,1,1,1,1,1,2999,1191,RILASCIO,0.031051
7.846000,1,1,1,1,1,3000,1191,RILASCIO,0.030885
7.848000,1,1,1,1,1,3001,1191,RILASCIO,0.030551
7.849000,1,1,1,1,1,3002,1191,RILASCIO,0.030385
7.850000,1,1,1,1,1,3003,1191,RILASCIO,0.030218
7.851000,1,1,1,1,1,3004,1191,RILASCIO,0.030051
7.852000,1,1,1,1,1,3005,1191,RILASCIO,0.029885
7.853000,1,1,1,1,1,3006,1191,RILASCIO,0.029718
7.854000,1,1,1,1,1,3007,1191,RILASCIO,0.029551
7.855000,1,1,1,1,1,3008,1191,RILASCIO,0.029385
7.856000,1,1,1,1,1,3009,1191,RILASCIO,0.029218
7.857000,1,1,1,1,1,3010,1191,RILASCIO,0.029051
7.858000,1,1,1,1,1,3011,1191,RILASCIO,0.028885
7.859000,1,1,1,1,1,3012,1191,RILASCIO,0.028718
7.860000,1,1,1,1,1,3013,1191,RILASCIO,0.028551
7.861000,1,1,1,1,1,3014,1191,RILASCIO,0.028385
7.862000,1,1,1,1,1,3015,1191,RILASCIO,0.028218
7.863000,1,1,1,1,1,3016,1191,RILASCIO,0.028051
7.864000,1,1,1,1,1,3017,1191,RILASCIO,0.027885
7.865000,1,1,1,1,1,3018,1191,RILASCIO,0.027718
7.866000,1,1,1,1,1,3019,1191,RILASCIO,0.027551
7.867000,1,1,1,1,1,3020,1191,RILASCIO,0.027385
7.868000,1,1,1,1,1,3021,1191,RILASCIO,0.027218
7.869000,1,1,1,1,1,3022,1191,RILASCIO,0.027051
7.870000,1,1,1,1,1,3023,1191,RILASCIO,0.026885
7.871000,1,1,1,1,1,3024,1191,RILASCIO,0.026718
7.872000,1,1,1,1,1,3025,1191,RILASCIO,0.026551
7.873000,1,1,1,1,1,3026,1191,RILASCIO,0.026385
7.874000,1,1,1,1,1,3027,1191,RILASCIO,0.026218
7.875000,1,1,1,1,1,3028,1191,RILASCIO,0.026051
7.876000,1,1,1,1,1,3029,1191,RILASCIO,0.025885
7.877000,1,1,1,1,1,3030,1191,RILASCIO,0.025718
7.878000,1,1,1,1,1,3031,1191,RILASCIO,0.025551
7.880000,1,1,1,1,1,3032,1191,RILASCIO,0.025218
7.881000,1,1,1,1,1,3033,1191,RILASCIO,0.025051
7.882000,1,1,1,1,1,3034,1191,RILASCIO,0.024885
7.883000,1,1,1,1,1,3035,1191,RILASCIO,0.024718
7.884000,1,1,1,1,1,3036,1191,RILASCIO,0.024551
7.885000,1,1,1,1,1,3037,1191,RILASCIO,0.024385
7.886000,1,1,1,1,1,3038,1191,RILASCIO,0.024218
7.887000,1,1,1,1,1,3039,1191,RILASCIO,0.024051
7.888000,1,1,1,1,1,3040,1191,RILASCIO,0.023885
7.889000,1,1,1,1,1,3041,1191,RILASCIO,0.023718
7.890000,1,1,1,1,1,3042,1191,RILASCIO,0.023551
7.891000,1,1,1,1,1,3043,1191,RILASCIO,0.023385
7.892000,1,1,1,1,1,3044,1191,RILASCIO,0.023218
7.893000,1,1,1,1,1,3045,1191,RILASCIO,0.023051
7.894000,1,1,1,1,1,3046,1191,RILASCIO,0.022885
7.895000,1,1,1,1,1,3047,1191,RILASCIO,0.022718
7.896000,1,1,1,1,1,3048,1191,RILASCIO,0.022551
7.897000,1,1,1,1,1,3049,1191,RILASCIO,0.022385
7.898000,1,1,1,1,1,3050,1191,RILASCIO,0.022218
7.899000,1,1,1,1,1,3051,1191,RILASCIO,0.022051
7.900000,1,1,1,1,1,3052,1191,RILASCIO,0.021885
7.901000,1,1,1,1,1,3053,1191,RILASCIO,0.021718
7.902000,1,1,1,1,1,3054,1191,RILASCIO,0.021551
7.903000,1,1,1,1,1,3055,1191,RILASCIO,0.021385
7.904000,1,1,1,1,1,3056,1191,RILASCIO,0.021218
7.905000,1,1,1,1,1,3057,1191,RILASCIO,0.021051
7.906000,1,1,1,1,1,3058,1191,RILASCIO,0.020885
7.907000,1,1,1,1,1,3059,1191,RILASCIO,0.020718
7.908000,1,1,1,1,1,3060,1191,RILASCIO,0.020551
7.909000,1,1,1,1,1,3061,1191,RILASCIO,0.020385
7.910000,1,1,1,1,1,3062,1191,RILASCIO,0.020218
7.912000,1,1,1,1,1,3063,1191,RILASCIO,0.019885
7.913000,1,1,1,1,1,3064,1191,RILASCIO,0.019718
7.914000,1,1,1,1,1,3065,1191,RILASCIO,0.019551
7.915000,1,1,1,1,1,3066,1191,RILASCIO,0.019385
7.916000,1,1,1,1,1,3067,1191,RILASCIO,0.019218
7.917000,1,1,1,1,1,3068,1191,RILASCIO,0.019051
7.918000,1,1,1,1,1,3069,1191,RILASCIO,0.018885
7.919000,1,1,1,1,1,3070,1191,RILASCIO,0.018718
7.920000,1,1,1,1,1,3071,1191,RILASCIO,0.018551
7.921000,1,1,1,1,1,3072,1191,RILASCIO,0.018385
7.922000,1,1,1,1,1,3073,1191,RILASCIO,0.018218
7.923000,1,1,1,1,1,3074,1191,RILASCIO,0.018051
7.924000,1,1,1,1,1,3075,1191,RILASCIO,0.017885
7.925000,1,1,1,1,1,3076,1191,RILASCIO,0.017718
7.926000,1,1,1,1,1,3077,1191,RILASCIO,0.017551
7.927000,1,1,1,1,1,3078,1191,RILASCIO,0.017385
7.928000,1,1,1,1,1,3079,1191,RILASCIO,0.017218
7.929000,1,1,1,1,1,3080,1191,RILASCIO,0.017051
7.930000,1,1,1,1,1,3081,1191,RILASCIO,0.016885
7.931000,1,1,1,1,1,3082,1191,RILASCIO,0.016718
7.932000,1,1,1,1,1,3083,1191,RILASCIO,0.016551
7.933000,1,1,1,1,1,3084,1191,RILASCIO,0.016385
7.934000,1,1,1,1,1,3085,1191,RILASCIO,0.016218
7.935000,1,1,1,1,1,3086,1191,RILASCIO,0.016051
7.936000,1,1,1,1,1,3087,1191,RILASCIO,0.015885
7.937000,1,1,1,1,1,3088,1191,RILASCIO,0.015718
7.938000,1,1,1,1,1,3089,1191,RILASCIO,0.015551
7.939000,1,1,1,1,1,3090,1191,RILASCIO,0.015385
7.940000,1,1,1,1,1,3091,1191,RILASCIO,0.015218
7.941000,1,1,1,1,1,3092,1191,RILASCIO,0.015051
7.942000,1,1,1,1,1,3093,1191,RILASCIO,0.014885
7.944000,1,1,1,1,1,3094,1191,RILASCIO,0.014551
7.945000,1,1,1,1,1,3095,1191,RILASCIO,0.014385
7.946000,1,1,1,1,1,3096,1191,RILASCIO,0.014218
7.947000,1,1,1,1,1,3097,1191,RILASCIO,0.014051
7.948000,1,1,1,1,1,3098,1191,RILASCIO,0.013885
7.949000,1,1,1,1,1,3099,1191,RILASCIO,0.013718
7.950000,1,1,1,1,1,3100,1191,RILASCIO,0.013551
7.951000,1,1,1,1,1,3101,1191,RILASCIO,0.013385
7.952000,1,1,1,1,1,3102,1191,RILASCIO,0.013218
7.953000,1,1,1,1,1,3103,1191,RILASCIO,0.013051
7.954000,1,1,1,1,1,3104,1191,RILASCIO,0.012885
7.955000,1,1,1,1,1,3105,1191,RILASCIO,0.012718
7.956000,1,1,1,1,1,3106,1191,RILASCIO,0.012551
7.957000,1,1,1,1,1,3107,1191,RILASCIO,0.012385
7.958000,1,1,1,1,1,3108,1191,RILASCIO,0.012218
7.959000,1,1,1,1,1,3109,1191,RILASCIO,0.012051
7.960000,1,1,1,1,1,3110,1191,RILASCIO,0.011885
7.961000,1,1,1,1,1,3111,1191,RILASCIO,0.011718
7.962000,1,1,1,1,1,3112,1191,RILASCIO,0.011551
7.963000,1,1,1,1,1,3113,1191,RILASCIO,0.011385
7.964000,1,1,1,1,1,3114,1191,RILASCIO,0.011218
7.965000,1,1,1,1,1,3115,1191,RILASCIO,0.011051
7.966000,1,1,1,1,1,3116,1191,RILASCIO,0.010885
7.967000,1,1,1,1,1,3117,1191,RILASCIO,0.010718
7.968000,1,1,1,1,1,3118,1191,RILASCIO,0.010551
7.969000,1,1,1,1,1,3119,1191,RILASCIO,0.010385
7.970000,1,1,1,1,1,3120,1191,RILASCIO,0.010218
7.971000,1,1,1,1,1,3121,1191,RILASCIO,0.010051
7.972000,1,1,1,1,1,3122,1191,RILASCIO,0.009885
7.973000,1,1,1,1,1,3123,1191,RILASCIO,0.009718
7.975000,1,1,1,1,1,3124,1191,RILASCIO,0.009385
7.976000,1,1,1,1,1,3125,1191,RILASCIO,0.009218
7.977000,1,1,1,1,1,3126,1191,RILASCIO,0.009051
7.978000,1,1,1,1,1,3127,1191,RILASCIO,0.008885
7.979000,1,1,1,1,1,3128,1191,RILASCIO,0.008718
7.980000,1,1,1,1,1,3129,1191,RILASCIO,0.008551
7.981000,1,1,1,1,1,3130,1191,RILASCIO,0.008385
7.982000,1,1,1,1,1,3131,1191,RILASCIO,0.008218
7.983000,1,1,1,1,1,3132,1191,RILASCIO,0.008051
7.984000,1,1,1,1,1,3133,1191,RILASCIO,0.007885
7.985000,1,1,1,1,1,3134,1191,RILASCIO,0.007718
7.986000,1,1,1,1,1,3135,1191,RILASCIO,0.007551
7.987000,1,1,1,1,1,3136,1191,RILASCIO,0.007385
7.988000,1,1,1,1,1,3137,1191,RILASCIO,0.007218
7.989000,1,1,1,1,1,3138,1191,RILASCIO,0.007051
7.990000,1,1,1,1,1,3139,1191,RILASCIO,0.006885
7.991000,1,1,1,1,1,3140,1191,RILASCIO,0.006718
7.992000,1,1,1,1,1,3141,1191,RILASCIO,0.006551
7.993000,1,1,1,1,1,3142,1191,RILASCIO,0.006385
7.994000,1,1,1,1,1,3143,1191,RILASCIO,0.006218
7.995000,1,1,1,1,1,3144,1191,RILASCIO,0.006051
7.996000,1,1,1,1,1,3145,1191,RILASCIO,0.005885
7.997000,1,1,1,1,1,3146,1191,RILASCIO,0.005718
7.998000,1,1,1,1,1,3147,1191,RILASCIO,0.005551
7.999000,1,1,1,1,1,3148,1191,RILASCIO,0.005385
8.000000,1,1,1,1,1,3149,1191,RILASCIO,0.005218
8.001000,1,1,1,1,1,3150,1191,RILASCIO,0.005051
8.002000,1,1,1,1,1,3151,1191,RILASCIO,0.004885
8.003000,1,1,1,1,1,3152,1191,RILASCIO,0.004718
8.004000,1,1,1,1,1,3153,1191,RILASCIO,0.004551
8.005000,1,1,1,1,1,3154,1191,RILASCIO,0.004385
8.007000,1,1,1,1,1,3155,1191,RILASCIO,0.004051
8.008000,1,1,1,1,1,3156,1191,RILASCIO,0.003885
8.009000,1,1,1,1,1,3157,1191,RILASCIO,0.003718
8.010000,1,1,1,1,1,3158,1191,RILASCIO,0.003551
8.011000,1,1,1,1,1,3159,1191,RILASCIO,0.003385
8.012000,1,1,1,1,1,3160,1191,RILASCIO,0.003218
8.013000,1,1,1,1,1,3161,1191,RILASCIO,0.003051
8.014000,1,1,1,1,1,3162,1191,RILASCIO,0.002885
8.015000,1,1,1,1,1,3163,1191,RILASCIO,0.002718
8.016000,1,1,1,1,1,3164,1191,RILASCIO,0.002551
8.017000,1,1,1,1,1,3165,1191,RILASCIO,0.002385
8.018000,1,1,1,1,1,3166,1191,RILASCIO,0.002218
8.019000,1,1,1,1,1,3167,1191,RILASCIO,0.002051
8.020000,1,1,1,1,1,3168,1191,RILASCIO,0.001885
8.021000,1,1,1,1,1,3169,1191,RILASCIO,0.001718
8.022000,1,1,1,1,1,3170,1191,RILASCIO,0.001551
8.023000,1,1,1,1,1,3171,1191,RILASCIO,0.001385
8.024000,1,1,1,1,1,3172,1191,RILASCIO,0.001218
8.025000,1,1,1,1,1,3173,1191,RILASCIO,0.001051
8.026000,1,1,1,1,1,3174,1191,RILASCIO,0.000885
8.027000,1,1,1,1,1,3175,1191,RILASCIO,0.000718
8.028000,1,1,1,1,1,3176,1191,RILASCIO,0.000551
8.029000,1,1,1,1,1,3177,1191,RILASCIO,0.000385
8.030000,1,1,1,1,1,3178,1191,RILASCIO,0.000218
8.031000,1,1,1,1,1,3179,1191,RILASCIO,0.000051
8.032000,1,1,1,1,1,3179,1191,MUSICA,0.000000
9.032000,1,1,1,1,1,2925,1191,MUSICA,0.000000
9.232000,1,1,1,1,1,3221,1191,MUSICA,0.000000
9.432000,1,1,1,1,1,3179,1191,MUSICA,0.000000
