cella,variante,f_hz,amp,gm,rl,grandezza,uscita,picco_V,t_picco_s,finestra_s,esito,nota
gm0x3_1k_iii_i,l29d2_iii,1000,3.818,0a3,100k,A_ins,MAINJACK,4.039,1.024490,2.000,SOPRA,riferimento g0sempre_1k_iii
gm0x3_1k_iii_i,l29d2_iii,1000,3.818,0a3,100k,A_rel,MAINJACK,4.033,3.024021,2.000,SOPRA,riferimento g0mai_1k_iii
gm0x3_1k_iii_i,l29d2_iii,1000,3.818,0a3,100k,B2,MAINJACK,0.002143,1.051010,,SOPRA,mute da t_ins+t_grad+20 ms a t_rel
gm0x3_1k_iii_i,l29d2_iii,1000,3.818,0a3,100k,B2g,MAINJACK,5.084e-05,1.653281,,sotto,jack grezzo da t_ins+t_grad+20 ms a t_rel (ADR-063)
gm0x3_1k_iii_i,l29d2_iii,1000,3.818,0a3,100k,C1_ins,MAINJACK,2.244,1.024490,,SOPRA,"diagnostica, cond 1"
gm0x3_1k_iii_i,l29d2_iii,1000,3.818,0a3,100k,C1_rel,MAINJACK,4.219e-05,3.232792,,sotto,"diagnostica, cond 1"
gm0x3_1k_iii_i,l29d2_iii,1000,3.818,0a3,100k,C2_ins,MAINJACK,2.244,1.024490,,SOPRA,"riferimento g0sempre_1k_iii, cond 1"
gm0x3_1k_iii_i,l29d2_iii,1000,3.818,0a3,100k,C2_rel,MAINJACK,4.969e-05,3.046896,,sotto,"riferimento g0mai_1k_iii, cond 1"
gm0x3_1k_iii_i,l29d2_iii,1000,3.818,0a3,100k,A_ins,FIXJACK1,4.04,1.024490,2.000,SOPRA,riferimento g0sempre_1k_iii
gm0x3_1k_iii_i,l29d2_iii,1000,3.818,0a3,100k,A_rel,FIXJACK1,4.034,3.024021,2.000,SOPRA,riferimento g0mai_1k_iii
gm0x3_1k_iii_i,l29d2_iii,1000,3.818,0a3,100k,B2,FIXJACK1,0.002148,1.051010,,SOPRA,mute da t_ins+t_grad+20 ms a t_rel
gm0x3_1k_iii_i,l29d2_iii,1000,3.818,0a3,100k,B2g,FIXJACK1,5.089e-05,1.653281,,sotto,jack grezzo da t_ins+t_grad+20 ms a t_rel (ADR-063)
gm0x3_1k_iii_i,l29d2_iii,1000,3.818,0a3,100k,C1_ins,FIXJACK1,2.244,1.024490,,SOPRA,"diagnostica, cond 1"
gm0x3_1k_iii_i,l29d2_iii,1000,3.818,0a3,100k,C1_rel,FIXJACK1,4.219e-05,3.232792,,sotto,"diagnostica, cond 1"
gm0x3_1k_iii_i,l29d2_iii,1000,3.818,0a3,100k,C2_ins,FIXJACK1,2.244,1.024490,,SOPRA,"riferimento g0sempre_1k_iii, cond 1"
gm0x3_1k_iii_i,l29d2_iii,1000,3.818,0a3,100k,C2_rel,FIXJACK1,4.97e-05,3.046896,,sotto,"riferimento g0mai_1k_iii, cond 1"
gm0x3_1k_iii_i,l29d2_iii,1000,3.818,0a3,100k,A_ins,FIXJACK2,4.04,1.024490,2.000,SOPRA,riferimento g0sempre_1k_iii
gm0x3_1k_iii_i,l29d2_iii,1000,3.818,0a3,100k,A_rel,FIXJACK2,4.034,3.024021,2.000,SOPRA,riferimento g0mai_1k_iii
gm0x3_1k_iii_i,l29d2_iii,1000,3.818,0a3,100k,B2,FIXJACK2,0.002148,1.051010,,SOPRA,mute da t_ins+t_grad+20 ms a t_rel
gm0x3_1k_iii_i,l29d2_iii,1000,3.818,0a3,100k,B2g,FIXJACK2,5.089e-05,1.653281,,sotto,jack grezzo da t_ins+t_grad+20 ms a t_rel (ADR-063)
gm0x3_1k_iii_i,l29d2_iii,1000,3.818,0a3,100k,C1_ins,FIXJACK2,2.244,1.024490,,SOPRA,"diagnostica, cond 1"
gm0x3_1k_iii_i,l29d2_iii,1000,3.818,0a3,100k,C1_rel,FIXJACK2,4.219e-05,3.232792,,sotto,"diagnostica, cond 1"
gm0x3_1k_iii_i,l29d2_iii,1000,3.818,0a3,100k,C2_ins,FIXJACK2,2.244,1.024490,,SOPRA,"riferimento g0sempre_1k_iii, cond 1"
gm0x3_1k_iii_i,l29d2_iii,1000,3.818,0a3,100k,C2_rel,FIXJACK2,4.97e-05,3.046896,,sotto,"riferimento g0mai_1k_iii, cond 1"
gm0x3_1k_iii_c,l29d2_iii,1000,3.818,0a3,100k,A_ins,MAINJACK,4.281e-05,4.762792,2.000,sotto,riferimento g3sempre_1k_iii
gm0x3_1k_iii_c,l29d2_iii,1000,3.818,0a3,100k,A_rel,MAINJACK,5.728,5.024021,2.000,SOPRA,riferimento g3mai_1k_iii
gm0x3_1k_iii_c,l29d2_iii,1000,3.818,0a3,100k,B2,MAINJACK,4.308e-05,4.762792,,sotto,mute da t_ins+t_grad+20 ms a t_rel
gm0x3_1k_iii_c,l29d2_iii,1000,3.818,0a3,100k,B2g,MAINJACK,5.254e-05,4.683781,,sotto,jack grezzo da t_ins+t_grad+20 ms a t_rel (ADR-063)
gm0x3_1k_iii_c,l29d2_iii,1000,3.818,0a3,100k,C1_ins,MAINJACK,4.187e-05,3.146792,,sotto,"diagnostica, cond 1"
gm0x3_1k_iii_c,l29d2_iii,1000,3.818,0a3,100k,C1_rel,MAINJACK,5.5,5.049042,,SOPRA,"diagnostica, cond 1"
gm0x3_1k_iii_c,l29d2_iii,1000,3.818,0a3,100k,C2_ins,MAINJACK,4.187e-05,3.146792,,sotto,"riferimento g3sempre_1k_iii, cond 1"
gm0x3_1k_iii_c,l29d2_iii,1000,3.818,0a3,100k,C2_rel,MAINJACK,5.5,5.049042,,SOPRA,"riferimento g3mai_1k_iii, cond 1"
gm0x3_1k_iii_c,l29d2_iii,1000,3.818,0a3,100k,A_ins,FIXJACK1,4.282e-05,4.762792,2.000,sotto,riferimento g3sempre_1k_iii
gm0x3_1k_iii_c,l29d2_iii,1000,3.818,0a3,100k,A_rel,FIXJACK1,4.034,5.024021,2.000,SOPRA,riferimento g3mai_1k_iii
gm0x3_1k_iii_c,l29d2_iii,1000,3.818,0a3,100k,B2,FIXJACK1,4.304e-05,4.762792,,sotto,mute da t_ins+t_grad+20 ms a t_rel
gm0x3_1k_iii_c,l29d2_iii,1000,3.818,0a3,100k,B2g,FIXJACK1,5.25e-05,4.683781,,sotto,jack grezzo da t_ins+t_grad+20 ms a t_rel (ADR-063)
gm0x3_1k_iii_c,l29d2_iii,1000,3.818,0a3,100k,C1_ins,FIXJACK1,4.187e-05,3.146792,,sotto,"diagnostica, cond 1"
gm0x3_1k_iii_c,l29d2_iii,1000,3.818,0a3,100k,C1_rel,FIXJACK1,3.874,5.049042,,SOPRA,"diagnostica, cond 1"
gm0x3_1k_iii_c,l29d2_iii,1000,3.818,0a3,100k,C2_ins,FIXJACK1,4.187e-05,3.146792,,sotto,"riferimento g3sempre_1k_iii, cond 1"
gm0x3_1k_iii_c,l29d2_iii,1000,3.818,0a3,100k,C2_rel,FIXJACK1,3.874,5.049042,,SOPRA,"riferimento g3mai_1k_iii, cond 1"
gm0x3_1k_iii_c,l29d2_iii,1000,3.818,0a3,100k,A_ins,FIXJACK2,4.282e-05,4.762792,2.000,sotto,riferimento g3sempre_1k_iii
gm0x3_1k_iii_c,l29d2_iii,1000,3.818,0a3,100k,A_rel,FIXJACK2,4.034,5.024021,2.000,SOPRA,riferimento g3mai_1k_iii
gm0x3_1k_iii_c,l29d2_iii,1000,3.818,0a3,100k,B2,FIXJACK2,4.304e-05,4.762792,,sotto,mute da t_ins+t_grad+20 ms a t_rel
gm0x3_1k_iii_c,l29d2_iii,1000,3.818,0a3,100k,B2g,FIXJACK2,5.25e-05,4.683781,,sotto,jack grezzo da t_ins+t_grad+20 ms a t_rel (ADR-063)
gm0x3_1k_iii_c,l29d2_iii,1000,3.818,0a3,100k,C1_ins,FIXJACK2,4.187e-05,3.146792,,sotto,"diagnostica, cond 1"
gm0x3_1k_iii_c,l29d2_iii,1000,3.818,0a3,100k,C1_rel,FIXJACK2,3.874,5.049042,,SOPRA,"diagnostica, cond 1"
gm0x3_1k_iii_c,l29d2_iii,1000,3.818,0a3,100k,C2_ins,FIXJACK2,4.187e-05,3.146792,,sotto,"riferimento g3sempre_1k_iii, cond 1"
gm0x3_1k_iii_c,l29d2_iii,1000,3.818,0a3,100k,C2_rel,FIXJACK2,3.874,5.049042,,SOPRA,"riferimento g3mai_1k_iii, cond 1"
gm3x0_1k_iii_i,l29d2_iii,1000,3.818,3a0,100k,A_ins,MAINJACK,5.734,1.024490,2.000,SOPRA,riferimento g3sempre_1k_iii
gm3x0_1k_iii_i,l29d2_iii,1000,3.818,3a0,100k,A_rel,MAINJACK,5.728,3.024021,2.000,SOPRA,riferimento g3mai_1k_iii
gm3x0_1k_iii_i,l29d2_iii,1000,3.818,3a0,100k,B2,MAINJACK,0.003054,1.051125,,SOPRA,mute da t_ins+t_grad+20 ms a t_rel
gm3x0_1k_iii_i,l29d2_iii,1000,3.818,3a0,100k,B2g,MAINJACK,2.234e-05,1.084781,,sotto,jack grezzo da t_ins+t_grad+20 ms a t_rel (ADR-063)
gm3x0_1k_iii_i,l29d2_iii,1000,3.818,3a0,100k,C1_ins,MAINJACK,3.185,1.024490,,SOPRA,"diagnostica, cond 1"
gm3x0_1k_iii_i,l29d2_iii,1000,3.818,3a0,100k,C1_rel,MAINJACK,1.836e-05,3.024021,,sotto,"diagnostica, cond 1"
gm3x0_1k_iii_i,l29d2_iii,1000,3.818,3a0,100k,C2_ins,MAINJACK,3.185,1.024490,,SOPRA,"riferimento g3sempre_1k_iii, cond 1"
gm3x0_1k_iii_i,l29d2_iii,1000,3.818,3a0,100k,C2_rel,MAINJACK,4.839e-05,3.144927,,sotto,"riferimento g3mai_1k_iii, cond 1"
gm3x0_1k_iii_i,l29d2_iii,1000,3.818,3a0,100k,A_ins,FIXJACK1,4.039,1.024490,2.000,SOPRA,riferimento g3sempre_1k_iii
gm3x0_1k_iii_i,l29d2_iii,1000,3.818,3a0,100k,A_rel,FIXJACK1,4.034,3.024021,2.000,SOPRA,riferimento g3mai_1k_iii
gm3x0_1k_iii_i,l29d2_iii,1000,3.818,3a0,100k,B2,FIXJACK1,0.002152,1.051125,,SOPRA,mute da t_ins+t_grad+20 ms a t_rel
gm3x0_1k_iii_i,l29d2_iii,1000,3.818,3a0,100k,B2g,FIXJACK1,1.578e-05,1.084781,,sotto,jack grezzo da t_ins+t_grad+20 ms a t_rel (ADR-063)
gm3x0_1k_iii_i,l29d2_iii,1000,3.818,3a0,100k,C1_ins,FIXJACK1,2.244,1.024490,,SOPRA,"diagnostica, cond 1"
gm3x0_1k_iii_i,l29d2_iii,1000,3.818,3a0,100k,C1_rel,FIXJACK1,1.223e-05,3.024021,,sotto,"diagnostica, cond 1"
gm3x0_1k_iii_i,l29d2_iii,1000,3.818,3a0,100k,C2_ins,FIXJACK1,2.244,1.024490,,SOPRA,"riferimento g3sempre_1k_iii, cond 1"
gm3x0_1k_iii_i,l29d2_iii,1000,3.818,3a0,100k,C2_rel,FIXJACK1,2.641e-05,3.178896,,sotto,"riferimento g3mai_1k_iii, cond 1"
gm3x0_1k_iii_i,l29d2_iii,1000,3.818,3a0,100k,A_ins,FIXJACK2,4.039,1.024490,2.000,SOPRA,riferimento g3sempre_1k_iii
gm3x0_1k_iii_i,l29d2_iii,1000,3.818,3a0,100k,A_rel,FIXJACK2,4.034,3.024021,2.000,SOPRA,riferimento g3mai_1k_iii
gm3x0_1k_iii_i,l29d2_iii,1000,3.818,3a0,100k,B2,FIXJACK2,0.002152,1.051125,,SOPRA,mute da t_ins+t_grad+20 ms a t_rel
gm3x0_1k_iii_i,l29d2_iii,1000,3.818,3a0,100k,B2g,FIXJACK2,1.578e-05,1.084781,,sotto,jack grezzo da t_ins+t_grad+20 ms a t_rel (ADR-063)
gm3x0_1k_iii_i,l29d2_iii,1000,3.818,3a0,100k,C1_ins,FIXJACK2,2.244,1.024490,,SOPRA,"diagnostica, cond 1"
gm3x0_1k_iii_i,l29d2_iii,1000,3.818,3a0,100k,C1_rel,FIXJACK2,1.223e-05,3.024021,,sotto,"diagnostica, cond 1"
gm3x0_1k_iii_i,l29d2_iii,1000,3.818,3a0,100k,C2_ins,FIXJACK2,2.244,1.024490,,SOPRA,"riferimento g3sempre_1k_iii, cond 1"
gm3x0_1k_iii_i,l29d2_iii,1000,3.818,3a0,100k,C2_rel,FIXJACK2,2.641e-05,3.178896,,sotto,"riferimento g3mai_1k_iii, cond 1"
gm3x0_1k_iii_c,l29d2_iii,1000,3.818,3a0,100k,A_ins,MAINJACK,1.637e-05,3.024021,2.000,sotto,riferimento g0sempre_1k_iii
gm3x0_1k_iii_c,l29d2_iii,1000,3.818,3a0,100k,A_rel,MAINJACK,4.033,5.024021,2.000,SOPRA,riferimento g0mai_1k_iii
gm3x0_1k_iii_c,l29d2_iii,1000,3.818,3a0,100k,B2,MAINJACK,1.547e-05,3.720531,,sotto,mute da t_ins+t_grad+20 ms a t_rel
gm3x0_1k_iii_c,l29d2_iii,1000,3.818,3a0,100k,B2g,MAINJACK,2.144e-05,3.443281,,sotto,jack grezzo da t_ins+t_grad+20 ms a t_rel (ADR-063)
gm3x0_1k_iii_c,l29d2_iii,1000,3.818,3a0,100k,C1_ins,MAINJACK,1.836e-05,3.024021,,sotto,"diagnostica, cond 1"
gm3x0_1k_iii_c,l29d2_iii,1000,3.818,3a0,100k,C1_rel,MAINJACK,3.872,5.049042,,SOPRA,"diagnostica, cond 1"
gm3x0_1k_iii_c,l29d2_iii,1000,3.818,3a0,100k,C2_ins,MAINJACK,1.836e-05,3.024021,,sotto,"riferimento g0sempre_1k_iii, cond 1"
gm3x0_1k_iii_c,l29d2_iii,1000,3.818,3a0,100k,C2_rel,MAINJACK,3.872,5.049042,,SOPRA,"riferimento g0mai_1k_iii, cond 1"
gm3x0_1k_iii_c,l29d2_iii,1000,3.818,3a0,100k,A_ins,FIXJACK1,1.08e-05,3.024021,2.000,sotto,riferimento g0sempre_1k_iii
gm3x0_1k_iii_c,l29d2_iii,1000,3.818,3a0,100k,A_rel,FIXJACK1,4.034,5.024021,2.000,SOPRA,riferimento g0mai_1k_iii
gm3x0_1k_iii_c,l29d2_iii,1000,3.818,3a0,100k,B2,FIXJACK1,1.099e-05,3.720531,,sotto,mute da t_ins+t_grad+20 ms a t_rel
gm3x0_1k_iii_c,l29d2_iii,1000,3.818,3a0,100k,B2g,FIXJACK1,1.52e-05,3.443281,,sotto,jack grezzo da t_ins+t_grad+20 ms a t_rel (ADR-063)
gm3x0_1k_iii_c,l29d2_iii,1000,3.818,3a0,100k,C1_ins,FIXJACK1,1.223e-05,3.024021,,sotto,"diagnostica, cond 1"
gm3x0_1k_iii_c,l29d2_iii,1000,3.818,3a0,100k,C1_rel,FIXJACK1,3.876,5.049042,,SOPRA,"diagnostica, cond 1"
gm3x0_1k_iii_c,l29d2_iii,1000,3.818,3a0,100k,C2_ins,FIXJACK1,1.223e-05,3.024021,,sotto,"riferimento g0sempre_1k_iii, cond 1"
gm3x0_1k_iii_c,l29d2_iii,1000,3.818,3a0,100k,C2_rel,FIXJACK1,3.876,5.049042,,SOPRA,"riferimento g0mai_1k_iii, cond 1"
gm3x0_1k_iii_c,l29d2_iii,1000,3.818,3a0,100k,A_ins,FIXJACK2,1.08e-05,3.024021,2.000,sotto,riferimento g0sempre_1k_iii
gm3x0_1k_iii_c,l29d2_iii,1000,3.818,3a0,100k,A_rel,FIXJACK2,4.034,5.024021,2.000,SOPRA,riferimento g0mai_1k_iii
gm3x0_1k_iii_c,l29d2_iii,1000,3.818,3a0,100k,B2,FIXJACK2,1.099e-05,3.720531,,sotto,mute da t_ins+t_grad+20 ms a t_rel
gm3x0_1k_iii_c,l29d2_iii,1000,3.818,3a0,100k,B2g,FIXJACK2,1.52e-05,3.443281,,sotto,jack grezzo da t_ins+t_grad+20 ms a t_rel (ADR-063)
gm3x0_1k_iii_c,l29d2_iii,1000,3.818,3a0,100k,C1_ins,FIXJACK2,1.223e-05,3.024021,,sotto,"diagnostica, cond 1"
gm3x0_1k_iii_c,l29d2_iii,1000,3.818,3a0,100k,C1_rel,FIXJACK2,3.876,5.049042,,SOPRA,"diagnostica, cond 1"
gm3x0_1k_iii_c,l29d2_iii,1000,3.818,3a0,100k,C2_ins,FIXJACK2,1.223e-05,3.024021,,sotto,"riferimento g0sempre_1k_iii, cond 1"
gm3x0_1k_iii_c,l29d2_iii,1000,3.818,3a0,100k,C2_rel,FIXJACK2,3.876,5.049042,,SOPRA,"riferimento g0mai_1k_iii, cond 1"
gm3x10_1k_iii_i,l29d2_iii,1000,3.818,3a10,100k,A_ins,MAINJACK,5.734,1.024490,2.000,SOPRA,riferimento g3sempre_1k_iii
gm3x10_1k_iii_i,l29d2_iii,1000,3.818,3a10,100k,A_rel,MAINJACK,5.728,3.024021,2.000,SOPRA,riferimento g3mai_1k_iii
gm3x10_1k_iii_i,l29d2_iii,1000,3.818,3a10,100k,B2,MAINJACK,0.003054,1.051125,,SOPRA,mute da t_ins+t_grad+20 ms a t_rel
gm3x10_1k_iii_i,l29d2_iii,1000,3.818,3a10,100k,B2g,MAINJACK,2.234e-05,1.084781,,sotto,jack grezzo da t_ins+t_grad+20 ms a t_rel (ADR-063)
gm3x10_1k_iii_i,l29d2_iii,1000,3.818,3a10,100k,C1_ins,MAINJACK,3.185,1.024490,,SOPRA,"diagnostica, cond 1"
gm3x10_1k_iii_i,l29d2_iii,1000,3.818,3a10,100k,C1_rel,MAINJACK,4.61e-05,3.024458,,sotto,"diagnostica, cond 1"
gm3x10_1k_iii_i,l29d2_iii,1000,3.818,3a10,100k,C2_ins,MAINJACK,3.185,1.024490,,SOPRA,"riferimento g3sempre_1k_iii, cond 1"
gm3x10_1k_iii_i,l29d2_iii,1000,3.818,3a10,100k,C2_rel,MAINJACK,5.564e-05,3.024146,,sotto,"riferimento g3mai_1k_iii, cond 1"
gm3x10_1k_iii_i,l29d2_iii,1000,3.818,3a10,100k,A_ins,FIXJACK1,4.039,1.024490,2.000,SOPRA,riferimento g3sempre_1k_iii
gm3x10_1k_iii_i,l29d2_iii,1000,3.818,3a10,100k,A_rel,FIXJACK1,4.034,3.024021,2.000,SOPRA,riferimento g3mai_1k_iii
gm3x10_1k_iii_i,l29d2_iii,1000,3.818,3a10,100k,B2,FIXJACK1,0.002152,1.051125,,SOPRA,mute da t_ins+t_grad+20 ms a t_rel
gm3x10_1k_iii_i,l29d2_iii,1000,3.818,3a10,100k,B2g,FIXJACK1,1.578e-05,1.084781,,sotto,jack grezzo da t_ins+t_grad+20 ms a t_rel (ADR-063)
gm3x10_1k_iii_i,l29d2_iii,1000,3.818,3a10,100k,C1_ins,FIXJACK1,2.244,1.024490,,SOPRA,"diagnostica, cond 1"
gm3x10_1k_iii_i,l29d2_iii,1000,3.818,3a10,100k,C1_rel,FIXJACK1,1.263e-05,3.076885,,sotto,"diagnostica, cond 1"
gm3x10_1k_iii_i,l29d2_iii,1000,3.818,3a10,100k,C2_ins,FIXJACK1,2.244,1.024490,,SOPRA,"riferimento g3sempre_1k_iii, cond 1"
gm3x10_1k_iii_i,l29d2_iii,1000,3.818,3a10,100k,C2_rel,FIXJACK1,3.024e-05,3.024146,,sotto,"riferimento g3mai_1k_iii, cond 1"
gm3x10_1k_iii_i,l29d2_iii,1000,3.818,3a10,100k,A_ins,FIXJACK2,4.039,1.024490,2.000,SOPRA,riferimento g3sempre_1k_iii
gm3x10_1k_iii_i,l29d2_iii,1000,3.818,3a10,100k,A_rel,FIXJACK2,4.034,3.024021,2.000,SOPRA,riferimento g3mai_1k_iii
gm3x10_1k_iii_i,l29d2_iii,1000,3.818,3a10,100k,B2,FIXJACK2,0.002152,1.051125,,SOPRA,mute da t_ins+t_grad+20 ms a t_rel
gm3x10_1k_iii_i,l29d2_iii,1000,3.818,3a10,100k,B2g,FIXJACK2,1.578e-05,1.084781,,sotto,jack grezzo da t_ins+t_grad+20 ms a t_rel (ADR-063)
gm3x10_1k_iii_i,l29d2_iii,1000,3.818,3a10,100k,C1_ins,FIXJACK2,2.244,1.024490,,SOPRA,"diagnostica, cond 1"
gm3x10_1k_iii_i,l29d2_iii,1000,3.818,3a10,100k,C1_rel,FIXJACK2,1.263e-05,3.076885,,sotto,"diagnostica, cond 1"
gm3x10_1k_iii_i,l29d2_iii,1000,3.818,3a10,100k,C2_ins,FIXJACK2,2.244,1.024490,,SOPRA,"riferimento g3sempre_1k_iii, cond 1"
gm3x10_1k_iii_i,l29d2_iii,1000,3.818,3a10,100k,C2_rel,FIXJACK2,3.024e-05,3.024146,,sotto,"riferimento g3mai_1k_iii, cond 1"
gm3x10_1k_iii_c,l29d2_iii,1000,3.818,3a10,100k,A_ins,MAINJACK,4.55e-05,3.024458,2.000,sotto,riferimento g10sempre_1k_iii
gm3x10_1k_iii_c,l29d2_iii,1000,3.818,3a10,100k,A_rel,MAINJACK,12.71,5.024021,2.000,SOPRA,riferimento g10mai_1k_iii
gm3x10_1k_iii_c,l29d2_iii,1000,3.818,3a10,100k,B2,MAINJACK,1.876e-05,3.354229,,sotto,mute da t_ins+t_grad+20 ms a t_rel
gm3x10_1k_iii_c,l29d2_iii,1000,3.818,3a10,100k,B2g,MAINJACK,2.034e-05,4.145281,,sotto,jack grezzo da t_ins+t_grad+20 ms a t_rel (ADR-063)
gm3x10_1k_iii_c,l29d2_iii,1000,3.818,3a10,100k,C1_ins,MAINJACK,4.61e-05,3.024458,,sotto,"diagnostica, cond 1"
gm3x10_1k_iii_c,l29d2_iii,1000,3.818,3a10,100k,C1_rel,MAINJACK,11.47,5.049042,,SOPRA,"diagnostica, cond 1"
gm3x10_1k_iii_c,l29d2_iii,1000,3.818,3a10,100k,C2_ins,MAINJACK,4.622e-05,3.024458,,sotto,"riferimento g10sempre_1k_iii, cond 1"
gm3x10_1k_iii_c,l29d2_iii,1000,3.818,3a10,100k,C2_rel,MAINJACK,11.47,5.049042,,SOPRA,"riferimento g10mai_1k_iii, cond 1"
gm3x10_1k_iii_c,l29d2_iii,1000,3.818,3a10,100k,A_ins,FIXJACK1,1.268e-05,4.729229,2.000,sotto,riferimento g10sempre_1k_iii
gm3x10_1k_iii_c,l29d2_iii,1000,3.818,3a10,100k,A_rel,FIXJACK1,4.035,5.024021,2.000,SOPRA,riferimento g10mai_1k_iii
gm3x10_1k_iii_c,l29d2_iii,1000,3.818,3a10,100k,B2,FIXJACK1,1.294e-05,3.354229,,sotto,mute da t_ins+t_grad+20 ms a t_rel
gm3x10_1k_iii_c,l29d2_iii,1000,3.818,3a10,100k,B2g,FIXJACK1,1.411e-05,4.145281,,sotto,jack grezzo da t_ins+t_grad+20 ms a t_rel (ADR-063)
gm3x10_1k_iii_c,l29d2_iii,1000,3.818,3a10,100k,C1_ins,FIXJACK1,1.263e-05,3.076885,,sotto,"diagnostica, cond 1"
gm3x10_1k_iii_c,l29d2_iii,1000,3.818,3a10,100k,C1_rel,FIXJACK1,3.876,5.049042,,SOPRA,"diagnostica, cond 1"
gm3x10_1k_iii_c,l29d2_iii,1000,3.818,3a10,100k,C2_ins,FIXJACK1,1.263e-05,3.076885,,sotto,"riferimento g10sempre_1k_iii, cond 1"
gm3x10_1k_iii_c,l29d2_iii,1000,3.818,3a10,100k,C2_rel,FIXJACK1,3.876,5.049042,,SOPRA,"riferimento g10mai_1k_iii, cond 1"
gm3x10_1k_iii_c,l29d2_iii,1000,3.818,3a10,100k,A_ins,FIXJACK2,1.268e-05,4.729229,2.000,sotto,riferimento g10sempre_1k_iii
gm3x10_1k_iii_c,l29d2_iii,1000,3.818,3a10,100k,A_rel,FIXJACK2,4.035,5.024021,2.000,SOPRA,riferimento g10mai_1k_iii
gm3x10_1k_iii_c,l29d2_iii,1000,3.818,3a10,100k,B2,FIXJACK2,1.294e-05,3.354229,,sotto,mute da t_ins+t_grad+20 ms a t_rel
gm3x10_1k_iii_c,l29d2_iii,1000,3.818,3a10,100k,B2g,FIXJACK2,1.411e-05,4.145281,,sotto,jack grezzo da t_ins+t_grad+20 ms a t_rel (ADR-063)
gm3x10_1k_iii_c,l29d2_iii,1000,3.818,3a10,100k,C1_ins,FIXJACK2,1.263e-05,3.076885,,sotto,"diagnostica, cond 1"
gm3x10_1k_iii_c,l29d2_iii,1000,3.818,3a10,100k,C1_rel,FIXJACK2,3.876,5.049042,,SOPRA,"diagnostica, cond 1"
gm3x10_1k_iii_c,l29d2_iii,1000,3.818,3a10,100k,C2_ins,FIXJACK2,1.263e-05,3.076885,,sotto,"riferimento g10sempre_1k_iii, cond 1"
gm3x10_1k_iii_c,l29d2_iii,1000,3.818,3a10,100k,C2_rel,FIXJACK2,3.876,5.049042,,SOPRA,"riferimento g10mai_1k_iii, cond 1"
gm10x3_1k_iii_i,l29d2_iii,1000,3.818,10a3,100k,A_ins,MAINJACK,12.72,1.024490,2.000,SOPRA,riferimento g10sempre_1k_iii
gm10x3_1k_iii_i,l29d2_iii,1000,3.818,10a3,100k,A_rel,MAINJACK,12.71,3.024021,2.000,SOPRA,riferimento g10mai_1k_iii
gm10x3_1k_iii_i,l29d2_iii,1000,3.818,10a3,100k,B2,MAINJACK,0.006723,1.050885,,SOPRA,mute da t_ins+t_grad+20 ms a t_rel
gm10x3_1k_iii_i,l29d2_iii,1000,3.818,10a3,100k,B2g,MAINJACK,1.086e-05,2.292281,,sotto,jack grezzo da t_ins+t_grad+20 ms a t_rel (ADR-063)
gm10x3_1k_iii_i,l29d2_iii,1000,3.818,10a3,100k,C1_ins,MAINJACK,7.063,1.024490,,SOPRA,"diagnostica, cond 1"
gm10x3_1k_iii_i,l29d2_iii,1000,3.818,10a3,100k,C1_rel,MAINJACK,9.333e-06,3.016885,,sotto,"diagnostica, cond 1"
gm10x3_1k_iii_i,l29d2_iii,1000,3.818,10a3,100k,C2_ins,MAINJACK,7.063,1.024490,,SOPRA,"riferimento g10sempre_1k_iii, cond 1"
gm10x3_1k_iii_i,l29d2_iii,1000,3.818,10a3,100k,C2_rel,MAINJACK,0.0005127,3.007510,,sotto,"riferimento g10mai_1k_iii, cond 1"
gm10x3_1k_iii_i,l29d2_iii,1000,3.818,10a3,100k,A_ins,FIXJACK1,4.04,1.024490,2.000,SOPRA,riferimento g10sempre_1k_iii
gm10x3_1k_iii_i,l29d2_iii,1000,3.818,10a3,100k,A_rel,FIXJACK1,4.035,3.024021,2.000,SOPRA,riferimento g10mai_1k_iii
gm10x3_1k_iii_i,l29d2_iii,1000,3.818,10a3,100k,B2,FIXJACK1,0.002136,1.050885,,SOPRA,mute da t_ins+t_grad+20 ms a t_rel
gm10x3_1k_iii_i,l29d2_iii,1000,3.818,10a3,100k,B2g,FIXJACK1,3.444e-06,2.292281,,sotto,jack grezzo da t_ins+t_grad+20 ms a t_rel (ADR-063)
gm10x3_1k_iii_i,l29d2_iii,1000,3.818,10a3,100k,C1_ins,FIXJACK1,2.244,1.024490,,SOPRA,"diagnostica, cond 1"
gm10x3_1k_iii_i,l29d2_iii,1000,3.818,10a3,100k,C1_rel,FIXJACK1,2.958e-06,3.016885,,sotto,"diagnostica, cond 1"
gm10x3_1k_iii_i,l29d2_iii,1000,3.818,10a3,100k,C2_ins,FIXJACK1,2.244,1.024490,,SOPRA,"riferimento g10sempre_1k_iii, cond 1"
gm10x3_1k_iii_i,l29d2_iii,1000,3.818,10a3,100k,C2_rel,FIXJACK1,2.044e-05,3.016417,,sotto,"riferimento g10mai_1k_iii, cond 1"
gm10x3_1k_iii_i,l29d2_iii,1000,3.818,10a3,100k,A_ins,FIXJACK2,4.04,1.024490,2.000,SOPRA,riferimento g10sempre_1k_iii
gm10x3_1k_iii_i,l29d2_iii,1000,3.818,10a3,100k,A_rel,FIXJACK2,4.035,3.024021,2.000,SOPRA,riferimento g10mai_1k_iii
gm10x3_1k_iii_i,l29d2_iii,1000,3.818,10a3,100k,B2,FIXJACK2,0.002136,1.050885,,SOPRA,mute da t_ins+t_grad+20 ms a t_rel
gm10x3_1k_iii_i,l29d2_iii,1000,3.818,10a3,100k,B2g,FIXJACK2,3.444e-06,2.292281,,sotto,jack grezzo da t_ins+t_grad+20 ms a t_rel (ADR-063)
gm10x3_1k_iii_i,l29d2_iii,1000,3.818,10a3,100k,C1_ins,FIXJACK2,2.244,1.024490,,SOPRA,"diagnostica, cond 1"
gm10x3_1k_iii_i,l29d2_iii,1000,3.818,10a3,100k,C1_rel,FIXJACK2,2.958e-06,3.016885,,sotto,"diagnostica, cond 1"
gm10x3_1k_iii_i,l29d2_iii,1000,3.818,10a3,100k,C2_ins,FIXJACK2,2.244,1.024490,,SOPRA,"riferimento g10sempre_1k_iii, cond 1"
gm10x3_1k_iii_i,l29d2_iii,1000,3.818,10a3,100k,C2_rel,FIXJACK2,2.044e-05,3.016417,,sotto,"riferimento g10mai_1k_iii, cond 1"
gm10x3_1k_iii_c,l29d2_iii,1000,3.818,10a3,100k,A_ins,MAINJACK,1.306e-06,3.024615,2.000,sotto,riferimento g3sempre_1k_iii
gm10x3_1k_iii_c,l29d2_iii,1000,3.818,10a3,100k,A_rel,MAINJACK,5.728,5.024021,2.000,SOPRA,riferimento g3mai_1k_iii
gm10x3_1k_iii_c,l29d2_iii,1000,3.818,10a3,100k,B2,MAINJACK,4.466e-07,3.045156,,sotto,mute da t_ins+t_grad+20 ms a t_rel
gm10x3_1k_iii_c,l29d2_iii,1000,3.818,10a3,100k,B2g,MAINJACK,4.041e-07,3.073656,,sotto,jack grezzo da t_ins+t_grad+20 ms a t_rel (ADR-063)
gm10x3_1k_iii_c,l29d2_iii,1000,3.818,10a3,100k,C1_ins,MAINJACK,9.333e-06,3.016885,,sotto,"diagnostica, cond 1"
gm10x3_1k_iii_c,l29d2_iii,1000,3.818,10a3,100k,C1_rel,MAINJACK,5.496,5.049042,,SOPRA,"diagnostica, cond 1"
gm10x3_1k_iii_c,l29d2_iii,1000,3.818,10a3,100k,C2_ins,MAINJACK,9.333e-06,3.016885,,sotto,"riferimento g3sempre_1k_iii, cond 1"
gm10x3_1k_iii_c,l29d2_iii,1000,3.818,10a3,100k,C2_rel,MAINJACK,5.496,5.049042,,SOPRA,"riferimento g3mai_1k_iii, cond 1"
gm10x3_1k_iii_c,l29d2_iii,1000,3.818,10a3,100k,A_ins,FIXJACK1,6.054e-07,3.024010,2.000,sotto,riferimento g3sempre_1k_iii
gm10x3_1k_iii_c,l29d2_iii,1000,3.818,10a3,100k,A_rel,FIXJACK1,4.034,5.024021,2.000,SOPRA,riferimento g3mai_1k_iii
gm10x3_1k_iii_c,l29d2_iii,1000,3.818,10a3,100k,B2,FIXJACK1,3.547e-07,3.046156,,sotto,mute da t_ins+t_grad+20 ms a t_rel
gm10x3_1k_iii_c,l29d2_iii,1000,3.818,10a3,100k,B2g,FIXJACK1,3.41e-07,3.044156,,sotto,jack grezzo da t_ins+t_grad+20 ms a t_rel (ADR-063)
gm10x3_1k_iii_c,l29d2_iii,1000,3.818,10a3,100k,C1_ins,FIXJACK1,2.958e-06,3.016885,,sotto,"diagnostica, cond 1"
gm10x3_1k_iii_c,l29d2_iii,1000,3.818,10a3,100k,C1_rel,FIXJACK1,3.871,5.049042,,SOPRA,"diagnostica, cond 1"
gm10x3_1k_iii_c,l29d2_iii,1000,3.818,10a3,100k,C2_ins,FIXJACK1,2.958e-06,3.016885,,sotto,"riferimento g3sempre_1k_iii, cond 1"
gm10x3_1k_iii_c,l29d2_iii,1000,3.818,10a3,100k,C2_rel,FIXJACK1,3.871,5.049042,,SOPRA,"riferimento g3mai_1k_iii, cond 1"
gm10x3_1k_iii_c,l29d2_iii,1000,3.818,10a3,100k,A_ins,FIXJACK2,6.054e-07,3.024010,2.000,sotto,riferimento g3sempre_1k_iii
gm10x3_1k_iii_c,l29d2_iii,1000,3.818,10a3,100k,A_rel,FIXJACK2,4.034,5.024021,2.000,SOPRA,riferimento g3mai_1k_iii
gm10x3_1k_iii_c,l29d2_iii,1000,3.818,10a3,100k,B2,FIXJACK2,3.547e-07,3.046156,,sotto,mute da t_ins+t_grad+20 ms a t_rel
gm10x3_1k_iii_c,l29d2_iii,1000,3.818,10a3,100k,B2g,FIXJACK2,3.41e-07,3.044156,,sotto,jack grezzo da t_ins+t_grad+20 ms a t_rel (ADR-063)
gm10x3_1k_iii_c,l29d2_iii,1000,3.818,10a3,100k,C1_ins,FIXJACK2,2.958e-06,3.016885,,sotto,"diagnostica, cond 1"
gm10x3_1k_iii_c,l29d2_iii,1000,3.818,10a3,100k,C1_rel,FIXJACK2,3.871,5.049042,,SOPRA,"diagnostica, cond 1"
gm10x3_1k_iii_c,l29d2_iii,1000,3.818,10a3,100k,C2_ins,FIXJACK2,2.958e-06,3.016885,,sotto,"riferimento g3sempre_1k_iii, cond 1"
gm10x3_1k_iii_c,l29d2_iii,1000,3.818,10a3,100k,C2_rel,FIXJACK2,3.871,5.049042,,SOPRA,"riferimento g3mai_1k_iii, cond 1"
gm0x10_1k_iii_i,l29d2_iii,1000,3.818,0a10,100k,A_ins,MAINJACK,4.039,1.024490,2.000,SOPRA,riferimento g0sempre_1k_iii
gm0x10_1k_iii_i,l29d2_iii,1000,3.818,0a10,100k,A_rel,MAINJACK,4.033,3.024021,2.000,SOPRA,riferimento g0mai_1k_iii
gm0x10_1k_iii_i,l29d2_iii,1000,3.818,0a10,100k,B2,MAINJACK,0.002143,1.051010,,SOPRA,mute da t_ins+t_grad+20 ms a t_rel
gm0x10_1k_iii_i,l29d2_iii,1000,3.818,0a10,100k,B2g,MAINJACK,5.084e-05,1.653281,,sotto,jack grezzo da t_ins+t_grad+20 ms a t_rel (ADR-063)
gm0x10_1k_iii_i,l29d2_iii,1000,3.818,0a10,100k,C1_ins,MAINJACK,2.244,1.024490,,SOPRA,"diagnostica, cond 1"
gm0x10_1k_iii_i,l29d2_iii,1000,3.818,0a10,100k,C1_rel,MAINJACK,4.332e-05,3.142885,,sotto,"diagnostica, cond 1"
gm0x10_1k_iii_i,l29d2_iii,1000,3.818,0a10,100k,C2_ins,MAINJACK,2.244,1.024490,,SOPRA,"riferimento g0sempre_1k_iii, cond 1"
gm0x10_1k_iii_i,l29d2_iii,1000,3.818,0a10,100k,C2_rel,MAINJACK,5.897e-05,3.137365,,sotto,"riferimento g0mai_1k_iii, cond 1"
gm0x10_1k_iii_i,l29d2_iii,1000,3.818,0a10,100k,A_ins,FIXJACK1,4.04,1.024490,2.000,SOPRA,riferimento g0sempre_1k_iii
gm0x10_1k_iii_i,l29d2_iii,1000,3.818,0a10,100k,A_rel,FIXJACK1,4.034,3.024021,2.000,SOPRA,riferimento g0mai_1k_iii
gm0x10_1k_iii_i,l29d2_iii,1000,3.818,0a10,100k,B2,FIXJACK1,0.002148,1.051010,,SOPRA,mute da t_ins+t_grad+20 ms a t_rel
gm0x10_1k_iii_i,l29d2_iii,1000,3.818,0a10,100k,B2g,FIXJACK1,5.089e-05,1.653281,,sotto,jack grezzo da t_ins+t_grad+20 ms a t_rel (ADR-063)
gm0x10_1k_iii_i,l29d2_iii,1000,3.818,0a10,100k,C1_ins,FIXJACK1,2.244,1.024490,,SOPRA,"diagnostica, cond 1"
gm0x10_1k_iii_i,l29d2_iii,1000,3.818,0a10,100k,C1_rel,FIXJACK1,4.324e-05,3.142885,,sotto,"diagnostica, cond 1"
gm0x10_1k_iii_i,l29d2_iii,1000,3.818,0a10,100k,C2_ins,FIXJACK1,2.244,1.024490,,SOPRA,"riferimento g0sempre_1k_iii, cond 1"
gm0x10_1k_iii_i,l29d2_iii,1000,3.818,0a10,100k,C2_rel,FIXJACK1,5.899e-05,3.137365,,sotto,"riferimento g0mai_1k_iii, cond 1"
gm0x10_1k_iii_i,l29d2_iii,1000,3.818,0a10,100k,A_ins,FIXJACK2,4.04,1.024490,2.000,SOPRA,riferimento g0sempre_1k_iii
gm0x10_1k_iii_i,l29d2_iii,1000,3.818,0a10,100k,A_rel,FIXJACK2,4.034,3.024021,2.000,SOPRA,riferimento g0mai_1k_iii
gm0x10_1k_iii_i,l29d2_iii,1000,3.818,0a10,100k,B2,FIXJACK2,0.002148,1.051010,,SOPRA,mute da t_ins+t_grad+20 ms a t_rel
gm0x10_1k_iii_i,l29d2_iii,1000,3.818,0a10,100k,B2g,FIXJACK2,5.089e-05,1.653281,,sotto,jack grezzo da t_ins+t_grad+20 ms a t_rel (ADR-063)
gm0x10_1k_iii_i,l29d2_iii,1000,3.818,0a10,100k,C1_ins,FIXJACK2,2.244,1.024490,,SOPRA,"diagnostica, cond 1"
gm0x10_1k_iii_i,l29d2_iii,1000,3.818,0a10,100k,C1_rel,FIXJACK2,4.324e-05,3.142885,,sotto,"diagnostica, cond 1"
gm0x10_1k_iii_i,l29d2_iii,1000,3.818,0a10,100k,C2_ins,FIXJACK2,2.244,1.024490,,SOPRA,"riferimento g0sempre_1k_iii, cond 1"
gm0x10_1k_iii_i,l29d2_iii,1000,3.818,0a10,100k,C2_rel,FIXJACK2,5.899e-05,3.137365,,sotto,"riferimento g0mai_1k_iii, cond 1"
gm0x10_1k_iii_c,l29d2_iii,1000,3.818,0a10,100k,A_ins,MAINJACK,4.324e-05,5.014229,2.000,sotto,riferimento g10sempre_1k_iii
gm0x10_1k_iii_c,l29d2_iii,1000,3.818,0a10,100k,A_rel,MAINJACK,12.71,5.024021,2.000,SOPRA,riferimento g10mai_1k_iii
gm0x10_1k_iii_c,l29d2_iii,1000,3.818,0a10,100k,B2,MAINJACK,4.407e-05,5.014229,,sotto,mute da t_ins+t_grad+20 ms a t_rel
gm0x10_1k_iii_c,l29d2_iii,1000,3.818,0a10,100k,B2g,MAINJACK,4.727e-05,3.937281,,sotto,jack grezzo da t_ins+t_grad+20 ms a t_rel (ADR-063)
gm0x10_1k_iii_c,l29d2_iii,1000,3.818,0a10,100k,C1_ins,MAINJACK,4.332e-05,3.142885,,sotto,"diagnostica, cond 1"
gm0x10_1k_iii_c,l29d2_iii,1000,3.818,0a10,100k,C1_rel,MAINJACK,11.47,5.049042,,SOPRA,"diagnostica, cond 1"
gm0x10_1k_iii_c,l29d2_iii,1000,3.818,0a10,100k,C2_ins,MAINJACK,4.324e-05,3.142885,,sotto,"riferimento g10sempre_1k_iii, cond 1"
gm0x10_1k_iii_c,l29d2_iii,1000,3.818,0a10,100k,C2_rel,MAINJACK,11.47,5.049042,,SOPRA,"riferimento g10mai_1k_iii, cond 1"
gm0x10_1k_iii_c,l29d2_iii,1000,3.818,0a10,100k,A_ins,FIXJACK1,4.324e-05,5.014229,2.000,sotto,riferimento g10sempre_1k_iii
gm0x10_1k_iii_c,l29d2_iii,1000,3.818,0a10,100k,A_rel,FIXJACK1,4.035,5.024021,2.000,SOPRA,riferimento g10mai_1k_iii
gm0x10_1k_iii_c,l29d2_iii,1000,3.818,0a10,100k,B2,FIXJACK1,4.355e-05,5.014229,,sotto,mute da t_ins+t_grad+20 ms a t_rel
gm0x10_1k_iii_c,l29d2_iii,1000,3.818,0a10,100k,B2g,FIXJACK1,4.687e-05,3.937281,,sotto,jack grezzo da t_ins+t_grad+20 ms a t_rel (ADR-063)
gm0x10_1k_iii_c,l29d2_iii,1000,3.818,0a10,100k,C1_ins,FIXJACK1,4.324e-05,3.142885,,sotto,"diagnostica, cond 1"
gm0x10_1k_iii_c,l29d2_iii,1000,3.818,0a10,100k,C1_rel,FIXJACK1,3.874,5.049042,,SOPRA,"diagnostica, cond 1"
gm0x10_1k_iii_c,l29d2_iii,1000,3.818,0a10,100k,C2_ins,FIXJACK1,4.324e-05,3.142885,,sotto,"riferimento g10sempre_1k_iii, cond 1"
gm0x10_1k_iii_c,l29d2_iii,1000,3.818,0a10,100k,C2_rel,FIXJACK1,3.874,5.049042,,SOPRA,"riferimento g10mai_1k_iii, cond 1"
gm0x10_1k_iii_c,l29d2_iii,1000,3.818,0a10,100k,A_ins,FIXJACK2,4.324e-05,5.014229,2.000,sotto,riferimento g10sempre_1k_iii
gm0x10_1k_iii_c,l29d2_iii,1000,3.818,0a10,100k,A_rel,FIXJACK2,4.035,5.024021,2.000,SOPRA,riferimento g10mai_1k_iii
gm0x10_1k_iii_c,l29d2_iii,1000,3.818,0a10,100k,B2,FIXJACK2,4.355e-05,5.014229,,sotto,mute da t_ins+t_grad+20 ms a t_rel
gm0x10_1k_iii_c,l29d2_iii,1000,3.818,0a10,100k,B2g,FIXJACK2,4.687e-05,3.937281,,sotto,jack grezzo da t_ins+t_grad+20 ms a t_rel (ADR-063)
gm0x10_1k_iii_c,l29d2_iii,1000,3.818,0a10,100k,C1_ins,FIXJACK2,4.324e-05,3.142885,,sotto,"diagnostica, cond 1"
gm0x10_1k_iii_c,l29d2_iii,1000,3.818,0a10,100k,C1_rel,FIXJACK2,3.874,5.049042,,SOPRA,"diagnostica, cond 1"
gm0x10_1k_iii_c,l29d2_iii,1000,3.818,0a10,100k,C2_ins,FIXJACK2,4.324e-05,3.142885,,sotto,"riferimento g10sempre_1k_iii, cond 1"
gm0x10_1k_iii_c,l29d2_iii,1000,3.818,0a10,100k,C2_rel,FIXJACK2,3.874,5.049042,,SOPRA,"riferimento g10mai_1k_iii, cond 1"
gm10x0_1k_iii_i,l29d2_iii,1000,3.818,10a0,100k,A_ins,MAINJACK,12.72,1.024490,2.000,SOPRA,riferimento g10sempre_1k_iii
gm10x0_1k_iii_i,l29d2_iii,1000,3.818,10a0,100k,A_rel,MAINJACK,12.71,3.024021,2.000,SOPRA,riferimento g10mai_1k_iii
gm10x0_1k_iii_i,l29d2_iii,1000,3.818,10a0,100k,B2,MAINJACK,0.006723,1.050885,,SOPRA,mute da t_ins+t_grad+20 ms a t_rel
gm10x0_1k_iii_i,l29d2_iii,1000,3.818,10a0,100k,B2g,MAINJACK,1.086e-05,2.292281,,sotto,jack grezzo da t_ins+t_grad+20 ms a t_rel (ADR-063)
gm10x0_1k_iii_i,l29d2_iii,1000,3.818,10a0,100k,C1_ins,MAINJACK,7.063,1.024490,,SOPRA,"diagnostica, cond 1"
gm10x0_1k_iii_i,l29d2_iii,1000,3.818,10a0,100k,C1_rel,MAINJACK,9.333e-06,3.016885,,sotto,"diagnostica, cond 1"
gm10x0_1k_iii_i,l29d2_iii,1000,3.818,10a0,100k,C2_ins,MAINJACK,7.063,1.024490,,SOPRA,"riferimento g10sempre_1k_iii, cond 1"
gm10x0_1k_iii_i,l29d2_iii,1000,3.818,10a0,100k,C2_rel,MAINJACK,0.0005127,3.007510,,sotto,"riferimento g10mai_1k_iii, cond 1"
gm10x0_1k_iii_i,l29d2_iii,1000,3.818,10a0,100k,A_ins,FIXJACK1,4.04,1.024490,2.000,SOPRA,riferimento g10sempre_1k_iii
gm10x0_1k_iii_i,l29d2_iii,1000,3.818,10a0,100k,A_rel,FIXJACK1,4.035,3.024021,2.000,SOPRA,riferimento g10mai_1k_iii
gm10x0_1k_iii_i,l29d2_iii,1000,3.818,10a0,100k,B2,FIXJACK1,0.002136,1.050885,,SOPRA,mute da t_ins+t_grad+20 ms a t_rel
gm10x0_1k_iii_i,l29d2_iii,1000,3.818,10a0,100k,B2g,FIXJACK1,3.444e-06,2.292281,,sotto,jack grezzo da t_ins+t_grad+20 ms a t_rel (ADR-063)
gm10x0_1k_iii_i,l29d2_iii,1000,3.818,10a0,100k,C1_ins,FIXJACK1,2.244,1.024490,,SOPRA,"diagnostica, cond 1"
gm10x0_1k_iii_i,l29d2_iii,1000,3.818,10a0,100k,C1_rel,FIXJACK1,2.958e-06,3.016885,,sotto,"diagnostica, cond 1"
gm10x0_1k_iii_i,l29d2_iii,1000,3.818,10a0,100k,C2_ins,FIXJACK1,2.244,1.024490,,SOPRA,"riferimento g10sempre_1k_iii, cond 1"
gm10x0_1k_iii_i,l29d2_iii,1000,3.818,10a0,100k,C2_rel,FIXJACK1,2.044e-05,3.016417,,sotto,"riferimento g10mai_1k_iii, cond 1"
gm10x0_1k_iii_i,l29d2_iii,1000,3.818,10a0,100k,A_ins,FIXJACK2,4.04,1.024490,2.000,SOPRA,riferimento g10sempre_1k_iii
gm10x0_1k_iii_i,l29d2_iii,1000,3.818,10a0,100k,A_rel,FIXJACK2,4.035,3.024021,2.000,SOPRA,riferimento g10mai_1k_iii
gm10x0_1k_iii_i,l29d2_iii,1000,3.818,10a0,100k,B2,FIXJACK2,0.002136,1.050885,,SOPRA,mute da t_ins+t_grad+20 ms a t_rel
gm10x0_1k_iii_i,l29d2_iii,1000,3.818,10a0,100k,B2g,FIXJACK2,3.444e-06,2.292281,,sotto,jack grezzo da t_ins+t_grad+20 ms a t_rel (ADR-063)
gm10x0_1k_iii_i,l29d2_iii,1000,3.818,10a0,100k,C1_ins,FIXJACK2,2.244,1.024490,,SOPRA,"diagnostica, cond 1"
gm10x0_1k_iii_i,l29d2_iii,1000,3.818,10a0,100k,C1_rel,FIXJACK2,2.958e-06,3.016885,,sotto,"diagnostica, cond 1"
gm10x0_1k_iii_i,l29d2_iii,1000,3.818,10a0,100k,C2_ins,FIXJACK2,2.244,1.024490,,SOPRA,"riferimento g10sempre_1k_iii, cond 1"
gm10x0_1k_iii_i,l29d2_iii,1000,3.818,10a0,100k,C2_rel,FIXJACK2,2.044e-05,3.016417,,sotto,"riferimento g10mai_1k_iii, cond 1"
gm10x0_1k_iii_c,l29d2_iii,1000,3.818,10a0,100k,A_ins,MAINJACK,7.932e-06,3.101531,2.000,sotto,riferimento g0sempre_1k_iii
gm10x0_1k_iii_c,l29d2_iii,1000,3.818,10a0,100k,A_rel,MAINJACK,4.033,5.024021,2.000,SOPRA,riferimento g0mai_1k_iii
gm10x0_1k_iii_c,l29d2_iii,1000,3.818,10a0,100k,B2,MAINJACK,8.133e-06,3.101531,,sotto,mute da t_ins+t_grad+20 ms a t_rel
gm10x0_1k_iii_c,l29d2_iii,1000,3.818,10a0,100k,B2g,MAINJACK,1.119e-05,3.097281,,sotto,jack grezzo da t_ins+t_grad+20 ms a t_rel (ADR-063)
gm10x0_1k_iii_c,l29d2_iii,1000,3.818,10a0,100k,C1_ins,MAINJACK,9.333e-06,3.016885,,sotto,"diagnostica, cond 1"
gm10x0_1k_iii_c,l29d2_iii,1000,3.818,10a0,100k,C1_rel,MAINJACK,3.87,5.049042,,SOPRA,"diagnostica, cond 1"
gm10x0_1k_iii_c,l29d2_iii,1000,3.818,10a0,100k,C2_ins,MAINJACK,9.333e-06,3.016885,,sotto,"riferimento g0sempre_1k_iii, cond 1"
gm10x0_1k_iii_c,l29d2_iii,1000,3.818,10a0,100k,C2_rel,MAINJACK,3.87,5.049042,,SOPRA,"riferimento g0mai_1k_iii, cond 1"
gm10x0_1k_iii_c,l29d2_iii,1000,3.818,10a0,100k,A_ins,FIXJACK1,2.491e-06,3.101531,2.000,sotto,riferimento g0sempre_1k_iii
gm10x0_1k_iii_c,l29d2_iii,1000,3.818,10a0,100k,A_rel,FIXJACK1,4.034,5.024021,2.000,SOPRA,riferimento g0mai_1k_iii
gm10x0_1k_iii_c,l29d2_iii,1000,3.818,10a0,100k,B2,FIXJACK1,2.731e-06,3.101531,,sotto,mute da t_ins+t_grad+20 ms a t_rel
gm10x0_1k_iii_c,l29d2_iii,1000,3.818,10a0,100k,B2g,FIXJACK1,3.686e-06,3.097281,,sotto,jack grezzo da t_ins+t_grad+20 ms a t_rel (ADR-063)
gm10x0_1k_iii_c,l29d2_iii,1000,3.818,10a0,100k,C1_ins,FIXJACK1,2.958e-06,3.016885,,sotto,"diagnostica, cond 1"
gm10x0_1k_iii_c,l29d2_iii,1000,3.818,10a0,100k,C1_rel,FIXJACK1,3.869,5.049042,,SOPRA,"diagnostica, cond 1"
gm10x0_1k_iii_c,l29d2_iii,1000,3.818,10a0,100k,C2_ins,FIXJACK1,2.958e-06,3.016885,,sotto,"riferimento g0sempre_1k_iii, cond 1"
gm10x0_1k_iii_c,l29d2_iii,1000,3.818,10a0,100k,C2_rel,FIXJACK1,3.869,5.049042,,SOPRA,"riferimento g0mai_1k_iii, cond 1"
gm10x0_1k_iii_c,l29d2_iii,1000,3.818,10a0,100k,A_ins,FIXJACK2,2.491e-06,3.101531,2.000,sotto,riferimento g0sempre_1k_iii
gm10x0_1k_iii_c,l29d2_iii,1000,3.818,10a0,100k,A_rel,FIXJACK2,4.034,5.024021,2.000,SOPRA,riferimento g0mai_1k_iii
gm10x0_1k_iii_c,l29d2_iii,1000,3.818,10a0,100k,B2,FIXJACK2,2.731e-06,3.101531,,sotto,mute da t_ins+t_grad+20 ms a t_rel
gm10x0_1k_iii_c,l29d2_iii,1000,3.818,10a0,100k,B2g,FIXJACK2,3.686e-06,3.097281,,sotto,jack grezzo da t_ins+t_grad+20 ms a t_rel (ADR-063)
gm10x0_1k_iii_c,l29d2_iii,1000,3.818,10a0,100k,C1_ins,FIXJACK2,2.958e-06,3.016885,,sotto,"diagnostica, cond 1"
gm10x0_1k_iii_c,l29d2_iii,1000,3.818,10a0,100k,C1_rel,FIXJACK2,3.869,5.049042,,SOPRA,"diagnostica, cond 1"
gm10x0_1k_iii_c,l29d2_iii,1000,3.818,10a0,100k,C2_ins,FIXJACK2,2.958e-06,3.016885,,sotto,"riferimento g0sempre_1k_iii, cond 1"
gm10x0_1k_iii_c,l29d2_iii,1000,3.818,10a0,100k,C2_rel,FIXJACK2,3.869,5.049042,,SOPRA,"riferimento g0mai_1k_iii, cond 1"
gm0x3_20_iii_i,l29d2_iii,20,3.818,0a3,100k,A_ins,MAINJACK,4.06,1.000031,2.000,SOPRA,riferimento g0sempre_20_iii
gm0x3_20_iii_i,l29d2_iii,20,3.818,0a3,100k,A_rel,MAINJACK,4.046,3.024031,2.000,SOPRA,riferimento g0mai_20_iii
gm0x3_20_iii_i,l29d2_iii,20,3.818,0a3,100k,B2,MAINJACK,0.2324,1.051302,,SOPRA,mute da t_ins+t_grad+20 ms a t_rel
gm0x3_20_iii_i,l29d2_iii,20,3.818,0a3,100k,B2g,MAINJACK,5.767e-06,3.023990,,sotto,jack grezzo da t_ins+t_grad+20 ms a t_rel (ADR-063)
gm0x3_20_iii_i,l29d2_iii,20,3.818,0a3,100k,C1_ins,MAINJACK,2.864,1.024042,,SOPRA,"diagnostica, cond 7.22"
gm0x3_20_iii_i,l29d2_iii,20,3.818,0a3,100k,C1_rel,MAINJACK,2.842e-06,3.024531,,sotto,"diagnostica, cond 7.22"
gm0x3_20_iii_i,l29d2_iii,20,3.818,0a3,100k,C2_ins,MAINJACK,2.864,1.024042,,SOPRA,"riferimento g0sempre_20_iii, cond 7.22"
gm0x3_20_iii_i,l29d2_iii,20,3.818,0a3,100k,C2_rel,MAINJACK,2.914e-06,3.024531,,sotto,"riferimento g0mai_20_iii, cond 7.22"
gm0x3_20_iii_i,l29d2_iii,20,3.818,0a3,100k,A_ins,FIXJACK1,4.063,1.000031,2.000,SOPRA,riferimento g0sempre_20_iii
gm0x3_20_iii_i,l29d2_iii,20,3.818,0a3,100k,A_rel,FIXJACK1,4.045,3.024031,2.000,SOPRA,riferimento g0mai_20_iii
gm0x3_20_iii_i,l29d2_iii,20,3.818,0a3,100k,B2,FIXJACK1,0.2296,1.051375,,SOPRA,mute da t_ins+t_grad+20 ms a t_rel
gm0x3_20_iii_i,l29d2_iii,20,3.818,0a3,100k,B2g,FIXJACK1,5.767e-06,3.023990,,sotto,jack grezzo da t_ins+t_grad+20 ms a t_rel (ADR-063)
gm0x3_20_iii_i,l29d2_iii,20,3.818,0a3,100k,C1_ins,FIXJACK1,2.859,1.024042,,SOPRA,"diagnostica, cond 7.22"
gm0x3_20_iii_i,l29d2_iii,20,3.818,0a3,100k,C1_rel,FIXJACK1,3.367e-06,3.024531,,sotto,"diagnostica, cond 7.22"
gm0x3_20_iii_i,l29d2_iii,20,3.818,0a3,100k,C2_ins,FIXJACK1,2.859,1.024042,,SOPRA,"riferimento g0sempre_20_iii, cond 7.22"
gm0x3_20_iii_i,l29d2_iii,20,3.818,0a3,100k,C2_rel,FIXJACK1,3.441e-06,3.024531,,sotto,"riferimento g0mai_20_iii, cond 7.22"
gm0x3_20_iii_i,l29d2_iii,20,3.818,0a3,100k,A_ins,FIXJACK2,4.063,1.000031,2.000,SOPRA,riferimento g0sempre_20_iii
gm0x3_20_iii_i,l29d2_iii,20,3.818,0a3,100k,A_rel,FIXJACK2,4.045,3.024031,2.000,SOPRA,riferimento g0mai_20_iii
gm0x3_20_iii_i,l29d2_iii,20,3.818,0a3,100k,B2,FIXJACK2,0.2296,1.051375,,SOPRA,mute da t_ins+t_grad+20 ms a t_rel
gm0x3_20_iii_i,l29d2_iii,20,3.818,0a3,100k,B2g,FIXJACK2,5.767e-06,3.023990,,sotto,jack grezzo da t_ins+t_grad+20 ms a t_rel (ADR-063)
gm0x3_20_iii_i,l29d2_iii,20,3.818,0a3,100k,C1_ins,FIXJACK2,2.859,1.024042,,SOPRA,"diagnostica, cond 7.22"
gm0x3_20_iii_i,l29d2_iii,20,3.818,0a3,100k,C1_rel,FIXJACK2,3.367e-06,3.024531,,sotto,"diagnostica, cond 7.22"
gm0x3_20_iii_i,l29d2_iii,20,3.818,0a3,100k,C2_ins,FIXJACK2,2.859,1.024042,,SOPRA,"riferimento g0sempre_20_iii, cond 7.22"
gm0x3_20_iii_i,l29d2_iii,20,3.818,0a3,100k,C2_rel,FIXJACK2,3.441e-06,3.024531,,sotto,"riferimento g0mai_20_iii, cond 7.22"
gm0x3_20_iii_c,l29d2_iii,20,3.818,0a3,100k,A_ins,MAINJACK,2.858e-06,3.024531,2.000,sotto,riferimento g3sempre_20_iii
gm0x3_20_iii_c,l29d2_iii,20,3.818,0a3,100k,A_rel,MAINJACK,5.746,5.024031,2.000,SOPRA,riferimento g3mai_20_iii
gm0x3_20_iii_c,l29d2_iii,20,3.818,0a3,100k,B2,MAINJACK,4.534e-08,3.051510,,sotto,mute da t_ins+t_grad+20 ms a t_rel
gm0x3_20_iii_c,l29d2_iii,20,3.818,0a3,100k,B2g,MAINJACK,3.215e-06,4.002010,,sotto,jack grezzo da t_ins+t_grad+20 ms a t_rel (ADR-063)
gm0x3_20_iii_c,l29d2_iii,20,3.818,0a3,100k,C1_ins,MAINJACK,2.842e-06,3.024531,,sotto,"diagnostica, cond 7.22"
gm0x3_20_iii_c,l29d2_iii,20,3.818,0a3,100k,C1_rel,MAINJACK,0.2389,5.051104,,SOPRA,"diagnostica, cond 7.22"
gm0x3_20_iii_c,l29d2_iii,20,3.818,0a3,100k,C2_ins,MAINJACK,2.842e-06,3.024531,,sotto,"riferimento g3sempre_20_iii, cond 7.22"
gm0x3_20_iii_c,l29d2_iii,20,3.818,0a3,100k,C2_rel,MAINJACK,0.2389,5.051104,,SOPRA,"riferimento g3mai_20_iii, cond 7.22"
gm0x3_20_iii_c,l29d2_iii,20,3.818,0a3,100k,A_ins,FIXJACK1,3.384e-06,3.024531,2.000,sotto,riferimento g3sempre_20_iii
gm0x3_20_iii_c,l29d2_iii,20,3.818,0a3,100k,A_rel,FIXJACK1,4.045,5.024031,2.000,SOPRA,riferimento g3mai_20_iii
gm0x3_20_iii_c,l29d2_iii,20,3.818,0a3,100k,B2,FIXJACK1,4.567e-08,3.051510,,sotto,mute da t_ins+t_grad+20 ms a t_rel
gm0x3_20_iii_c,l29d2_iii,20,3.818,0a3,100k,B2g,FIXJACK1,3.215e-06,4.002010,,sotto,jack grezzo da t_ins+t_grad+20 ms a t_rel (ADR-063)
gm0x3_20_iii_c,l29d2_iii,20,3.818,0a3,100k,C1_ins,FIXJACK1,3.367e-06,3.024531,,sotto,"diagnostica, cond 7.22"
gm0x3_20_iii_c,l29d2_iii,20,3.818,0a3,100k,C1_rel,FIXJACK1,0.1685,5.051104,,SOPRA,"diagnostica, cond 7.22"
gm0x3_20_iii_c,l29d2_iii,20,3.818,0a3,100k,C2_ins,FIXJACK1,3.367e-06,3.024531,,sotto,"riferimento g3sempre_20_iii, cond 7.22"
gm0x3_20_iii_c,l29d2_iii,20,3.818,0a3,100k,C2_rel,FIXJACK1,0.1685,5.051104,,SOPRA,"riferimento g3mai_20_iii, cond 7.22"
gm0x3_20_iii_c,l29d2_iii,20,3.818,0a3,100k,A_ins,FIXJACK2,3.384e-06,3.024531,2.000,sotto,riferimento g3sempre_20_iii
gm0x3_20_iii_c,l29d2_iii,20,3.818,0a3,100k,A_rel,FIXJACK2,4.045,5.024031,2.000,SOPRA,riferimento g3mai_20_iii
gm0x3_20_iii_c,l29d2_iii,20,3.818,0a3,100k,B2,FIXJACK2,4.567e-08,3.051510,,sotto,mute da t_ins+t_grad+20 ms a t_rel
gm0x3_20_iii_c,l29d2_iii,20,3.818,0a3,100k,B2g,FIXJACK2,3.215e-06,4.002010,,sotto,jack grezzo da t_ins+t_grad+20 ms a t_rel (ADR-063)
gm0x3_20_iii_c,l29d2_iii,20,3.818,0a3,100k,C1_ins,FIXJACK2,3.367e-06,3.024531,,sotto,"diagnostica, cond 7.22"
gm0x3_20_iii_c,l29d2_iii,20,3.818,0a3,100k,C1_rel,FIXJACK2,0.1685,5.051104,,SOPRA,"diagnostica, cond 7.22"
gm0x3_20_iii_c,l29d2_iii,20,3.818,0a3,100k,C2_ins,FIXJACK2,3.367e-06,3.024531,,sotto,"riferimento g3sempre_20_iii, cond 7.22"
gm0x3_20_iii_c,l29d2_iii,20,3.818,0a3,100k,C2_rel,FIXJACK2,0.1685,5.051104,,SOPRA,"riferimento g3mai_20_iii, cond 7.22"
gm3x0_20_iii_i,l29d2_iii,20,3.818,3a0,100k,A_ins,MAINJACK,5.766,1.000031,2.000,SOPRA,riferimento g3sempre_20_iii
gm3x0_20_iii_i,l29d2_iii,20,3.818,3a0,100k,A_rel,MAINJACK,5.746,3.024031,2.000,SOPRA,riferimento g3mai_20_iii
gm3x0_20_iii_i,l29d2_iii,20,3.818,3a0,100k,B2,MAINJACK,0.3301,1.051302,,SOPRA,mute da t_ins+t_grad+20 ms a t_rel
gm3x0_20_iii_i,l29d2_iii,20,3.818,3a0,100k,B2g,MAINJACK,6.545e-06,1.076906,,sotto,jack grezzo da t_ins+t_grad+20 ms a t_rel (ADR-063)
gm3x0_20_iii_i,l29d2_iii,20,3.818,3a0,100k,C1_ins,MAINJACK,4.064,1.024042,,SOPRA,"diagnostica, cond 7.22"
gm3x0_20_iii_i,l29d2_iii,20,3.818,3a0,100k,C1_rel,MAINJACK,7.723e-06,3.024021,,sotto,"diagnostica, cond 7.22"
gm3x0_20_iii_i,l29d2_iii,20,3.818,3a0,100k,C2_ins,MAINJACK,4.064,1.024042,,SOPRA,"riferimento g3sempre_20_iii, cond 7.22"
gm3x0_20_iii_i,l29d2_iii,20,3.818,3a0,100k,C2_rel,MAINJACK,7.283e-06,3.024021,,sotto,"riferimento g3mai_20_iii, cond 7.22"
gm3x0_20_iii_i,l29d2_iii,20,3.818,3a0,100k,A_ins,FIXJACK1,4.063,1.000031,2.000,SOPRA,riferimento g3sempre_20_iii
gm3x0_20_iii_i,l29d2_iii,20,3.818,3a0,100k,A_rel,FIXJACK1,4.045,3.024031,2.000,SOPRA,riferimento g3mai_20_iii
gm3x0_20_iii_i,l29d2_iii,20,3.818,3a0,100k,B2,FIXJACK1,0.2296,1.051375,,SOPRA,mute da t_ins+t_grad+20 ms a t_rel
gm3x0_20_iii_i,l29d2_iii,20,3.818,3a0,100k,B2g,FIXJACK1,4.61e-06,1.052156,,sotto,jack grezzo da t_ins+t_grad+20 ms a t_rel (ADR-063)
gm3x0_20_iii_i,l29d2_iii,20,3.818,3a0,100k,C1_ins,FIXJACK1,2.857,1.024042,,SOPRA,"diagnostica, cond 7.22"
gm3x0_20_iii_i,l29d2_iii,20,3.818,3a0,100k,C1_rel,FIXJACK1,5.516e-06,3.024021,,sotto,"diagnostica, cond 7.22"
gm3x0_20_iii_i,l29d2_iii,20,3.818,3a0,100k,C2_ins,FIXJACK1,2.857,1.024042,,SOPRA,"riferimento g3sempre_20_iii, cond 7.22"
gm3x0_20_iii_i,l29d2_iii,20,3.818,3a0,100k,C2_rel,FIXJACK1,5.635e-06,3.024021,,sotto,"riferimento g3mai_20_iii, cond 7.22"
gm3x0_20_iii_i,l29d2_iii,20,3.818,3a0,100k,A_ins,FIXJACK2,4.063,1.000031,2.000,SOPRA,riferimento g3sempre_20_iii
gm3x0_20_iii_i,l29d2_iii,20,3.818,3a0,100k,A_rel,FIXJACK2,4.045,3.024031,2.000,SOPRA,riferimento g3mai_20_iii
gm3x0_20_iii_i,l29d2_iii,20,3.818,3a0,100k,B2,FIXJACK2,0.2296,1.051375,,SOPRA,mute da t_ins+t_grad+20 ms a t_rel
gm3x0_20_iii_i,l29d2_iii,20,3.818,3a0,100k,B2g,FIXJACK2,4.61e-06,1.052156,,sotto,jack grezzo da t_ins+t_grad+20 ms a t_rel (ADR-063)
gm3x0_20_iii_i,l29d2_iii,20,3.818,3a0,100k,C1_ins,FIXJACK2,2.857,1.024042,,SOPRA,"diagnostica, cond 7.22"
gm3x0_20_iii_i,l29d2_iii,20,3.818,3a0,100k,C1_rel,FIXJACK2,5.516e-06,3.024021,,sotto,"diagnostica, cond 7.22"
gm3x0_20_iii_i,l29d2_iii,20,3.818,3a0,100k,C2_ins,FIXJACK2,2.857,1.024042,,SOPRA,"riferimento g3sempre_20_iii, cond 7.22"
gm3x0_20_iii_i,l29d2_iii,20,3.818,3a0,100k,C2_rel,FIXJACK2,5.635e-06,3.024021,,sotto,"riferimento g3mai_20_iii, cond 7.22"
gm3x0_20_iii_c,l29d2_iii,20,3.818,3a0,100k,A_ins,MAINJACK,7.636e-06,3.024021,2.000,sotto,riferimento g0sempre_20_iii
gm3x0_20_iii_c,l29d2_iii,20,3.818,3a0,100k,A_rel,MAINJACK,4.046,5.024031,2.000,SOPRA,riferimento g0mai_20_iii
gm3x0_20_iii_c,l29d2_iii,20,3.818,3a0,100k,B2,MAINJACK,1.205e-07,3.050917,,sotto,mute da t_ins+t_grad+20 ms a t_rel
gm3x0_20_iii_c,l29d2_iii,20,3.818,3a0,100k,B2g,MAINJACK,6.515e-06,5.002156,,sotto,jack grezzo da t_ins+t_grad+20 ms a t_rel (ADR-063)
gm3x0_20_iii_c,l29d2_iii,20,3.818,3a0,100k,C1_ins,MAINJACK,7.723e-06,3.024021,,sotto,"diagnostica, cond 7.22"
gm3x0_20_iii_c,l29d2_iii,20,3.818,3a0,100k,C1_rel,MAINJACK,0.1682,5.051135,,SOPRA,"diagnostica, cond 7.22"
gm3x0_20_iii_c,l29d2_iii,20,3.818,3a0,100k,C2_ins,MAINJACK,7.723e-06,3.024021,,sotto,"riferimento g0sempre_20_iii, cond 7.22"
gm3x0_20_iii_c,l29d2_iii,20,3.818,3a0,100k,C2_rel,MAINJACK,0.1682,5.051135,,SOPRA,"riferimento g0mai_20_iii, cond 7.22"
gm3x0_20_iii_c,l29d2_iii,20,3.818,3a0,100k,A_ins,FIXJACK1,5.455e-06,3.024021,2.000,sotto,riferimento g0sempre_20_iii
gm3x0_20_iii_c,l29d2_iii,20,3.818,3a0,100k,A_rel,FIXJACK1,4.045,5.024031,2.000,SOPRA,riferimento g0mai_20_iii
gm3x0_20_iii_c,l29d2_iii,20,3.818,3a0,100k,B2,FIXJACK1,8.502e-08,3.051417,,sotto,mute da t_ins+t_grad+20 ms a t_rel
gm3x0_20_iii_c,l29d2_iii,20,3.818,3a0,100k,B2g,FIXJACK1,4.589e-06,5.002156,,sotto,jack grezzo da t_ins+t_grad+20 ms a t_rel (ADR-063)
gm3x0_20_iii_c,l29d2_iii,20,3.818,3a0,100k,C1_ins,FIXJACK1,5.516e-06,3.024021,,sotto,"diagnostica, cond 7.22"
gm3x0_20_iii_c,l29d2_iii,20,3.818,3a0,100k,C1_rel,FIXJACK1,0.1685,5.051135,,SOPRA,"diagnostica, cond 7.22"
gm3x0_20_iii_c,l29d2_iii,20,3.818,3a0,100k,C2_ins,FIXJACK1,5.516e-06,3.024021,,sotto,"riferimento g0sempre_20_iii, cond 7.22"
gm3x0_20_iii_c,l29d2_iii,20,3.818,3a0,100k,C2_rel,FIXJACK1,0.1685,5.051135,,SOPRA,"riferimento g0mai_20_iii, cond 7.22"
gm3x0_20_iii_c,l29d2_iii,20,3.818,3a0,100k,A_ins,FIXJACK2,5.455e-06,3.024021,2.000,sotto,riferimento g0sempre_20_iii
gm3x0_20_iii_c,l29d2_iii,20,3.818,3a0,100k,A_rel,FIXJACK2,4.045,5.024031,2.000,SOPRA,riferimento g0mai_20_iii
gm3x0_20_iii_c,l29d2_iii,20,3.818,3a0,100k,B2,FIXJACK2,8.501e-08,3.051417,,sotto,mute da t_ins+t_grad+20 ms a t_rel
gm3x0_20_iii_c,l29d2_iii,20,3.818,3a0,100k,B2g,FIXJACK2,4.589e-06,5.002156,,sotto,jack grezzo da t_ins+t_grad+20 ms a t_rel (ADR-063)
gm3x0_20_iii_c,l29d2_iii,20,3.818,3a0,100k,C1_ins,FIXJACK2,5.516e-06,3.024021,,sotto,"diagnostica, cond 7.22"
gm3x0_20_iii_c,l29d2_iii,20,3.818,3a0,100k,C1_rel,FIXJACK2,0.1685,5.051135,,SOPRA,"diagnostica, cond 7.22"
gm3x0_20_iii_c,l29d2_iii,20,3.818,3a0,100k,C2_ins,FIXJACK2,5.516e-06,3.024021,,sotto,"riferimento g0sempre_20_iii, cond 7.22"
gm3x0_20_iii_c,l29d2_iii,20,3.818,3a0,100k,C2_rel,FIXJACK2,0.1685,5.051135,,SOPRA,"riferimento g0mai_20_iii, cond 7.22"
gm3x10_20_iii_i,l29d2_iii,20,3.818,3a10,100k,A_ins,MAINJACK,5.766,1.000031,2.000,SOPRA,riferimento g3sempre_20_iii
gm3x10_20_iii_i,l29d2_iii,20,3.818,3a10,100k,A_rel,MAINJACK,5.746,3.024031,2.000,SOPRA,riferimento g3mai_20_iii
gm3x10_20_iii_i,l29d2_iii,20,3.818,3a10,100k,B2,MAINJACK,0.3301,1.051302,,SOPRA,mute da t_ins+t_grad+20 ms a t_rel
gm3x10_20_iii_i,l29d2_iii,20,3.818,3a10,100k,B2g,MAINJACK,6.545e-06,1.076906,,sotto,jack grezzo da t_ins+t_grad+20 ms a t_rel (ADR-063)
gm3x10_20_iii_i,l29d2_iii,20,3.818,3a10,100k,C1_ins,MAINJACK,4.064,1.024042,,SOPRA,"diagnostica, cond 7.22"
gm3x10_20_iii_i,l29d2_iii,20,3.818,3a10,100k,C1_rel,MAINJACK,1.265e-05,3.024323,,sotto,"diagnostica, cond 7.22"
gm3x10_20_iii_i,l29d2_iii,20,3.818,3a10,100k,C2_ins,MAINJACK,4.064,1.024042,,SOPRA,"riferimento g3sempre_20_iii, cond 7.22"
gm3x10_20_iii_i,l29d2_iii,20,3.818,3a10,100k,C2_rel,MAINJACK,1.217e-05,3.024323,,sotto,"riferimento g3mai_20_iii, cond 7.22"
gm3x10_20_iii_i,l29d2_iii,20,3.818,3a10,100k,A_ins,FIXJACK1,4.063,1.000031,2.000,SOPRA,riferimento g3sempre_20_iii
gm3x10_20_iii_i,l29d2_iii,20,3.818,3a10,100k,A_rel,FIXJACK1,4.045,3.024031,2.000,SOPRA,riferimento g3mai_20_iii
gm3x10_20_iii_i,l29d2_iii,20,3.818,3a10,100k,B2,FIXJACK1,0.2296,1.051375,,SOPRA,mute da t_ins+t_grad+20 ms a t_rel
gm3x10_20_iii_i,l29d2_iii,20,3.818,3a10,100k,B2g,FIXJACK1,4.61e-06,1.052156,,sotto,jack grezzo da t_ins+t_grad+20 ms a t_rel (ADR-063)
gm3x10_20_iii_i,l29d2_iii,20,3.818,3a10,100k,C1_ins,FIXJACK1,2.857,1.024042,,SOPRA,"diagnostica, cond 7.22"
gm3x10_20_iii_i,l29d2_iii,20,3.818,3a10,100k,C1_rel,FIXJACK1,4.804e-06,3.024396,,sotto,"diagnostica, cond 7.22"
gm3x10_20_iii_i,l29d2_iii,20,3.818,3a10,100k,C2_ins,FIXJACK1,2.857,1.024042,,SOPRA,"riferimento g3sempre_20_iii, cond 7.22"
gm3x10_20_iii_i,l29d2_iii,20,3.818,3a10,100k,C2_rel,FIXJACK1,4.889e-06,3.024396,,sotto,"riferimento g3mai_20_iii, cond 7.22"
gm3x10_20_iii_i,l29d2_iii,20,3.818,3a10,100k,A_ins,FIXJACK2,4.063,1.000031,2.000,SOPRA,riferimento g3sempre_20_iii
gm3x10_20_iii_i,l29d2_iii,20,3.818,3a10,100k,A_rel,FIXJACK2,4.045,3.024031,2.000,SOPRA,riferimento g3mai_20_iii
gm3x10_20_iii_i,l29d2_iii,20,3.818,3a10,100k,B2,FIXJACK2,0.2296,1.051375,,SOPRA,mute da t_ins+t_grad+20 ms a t_rel
gm3x10_20_iii_i,l29d2_iii,20,3.818,3a10,100k,B2g,FIXJACK2,4.61e-06,1.052156,,sotto,jack grezzo da t_ins+t_grad+20 ms a t_rel (ADR-063)
gm3x10_20_iii_i,l29d2_iii,20,3.818,3a10,100k,C1_ins,FIXJACK2,2.857,1.024042,,SOPRA,"diagnostica, cond 7.22"
gm3x10_20_iii_i,l29d2_iii,20,3.818,3a10,100k,C1_rel,FIXJACK2,4.804e-06,3.024396,,sotto,"diagnostica, cond 7.22"
gm3x10_20_iii_i,l29d2_iii,20,3.818,3a10,100k,C2_ins,FIXJACK2,2.857,1.024042,,SOPRA,"riferimento g3sempre_20_iii, cond 7.22"
gm3x10_20_iii_i,l29d2_iii,20,3.818,3a10,100k,C2_rel,FIXJACK2,4.889e-06,3.024396,,sotto,"riferimento g3mai_20_iii, cond 7.22"
gm3x10_20_iii_c,l29d2_iii,20,3.818,3a10,100k,A_ins,MAINJACK,1.265e-05,3.024323,2.000,sotto,riferimento g10sempre_20_iii
gm3x10_20_iii_c,l29d2_iii,20,3.818,3a10,100k,A_rel,MAINJACK,12.75,5.024031,2.000,SOPRA,riferimento g10mai_20_iii
gm3x10_20_iii_c,l29d2_iii,20,3.818,3a10,100k,B2,MAINJACK,1.704e-07,3.051708,,sotto,mute da t_ins+t_grad+20 ms a t_rel
gm3x10_20_iii_c,l29d2_iii,20,3.818,3a10,100k,B2g,MAINJACK,6.625e-06,5.001948,,sotto,jack grezzo da t_ins+t_grad+20 ms a t_rel (ADR-063)
gm3x10_20_iii_c,l29d2_iii,20,3.818,3a10,100k,C1_ins,MAINJACK,1.265e-05,3.024323,,sotto,"diagnostica, cond 7.22"
gm3x10_20_iii_c,l29d2_iii,20,3.818,3a10,100k,C1_rel,MAINJACK,0.5302,5.051094,,SOPRA,"diagnostica, cond 7.22"
gm3x10_20_iii_c,l29d2_iii,20,3.818,3a10,100k,C2_ins,MAINJACK,1.265e-05,3.024323,,sotto,"riferimento g10sempre_20_iii, cond 7.22"
gm3x10_20_iii_c,l29d2_iii,20,3.818,3a10,100k,C2_rel,MAINJACK,0.5303,5.051094,,SOPRA,"riferimento g10mai_20_iii, cond 7.22"
gm3x10_20_iii_c,l29d2_iii,20,3.818,3a10,100k,A_ins,FIXJACK1,4.803e-06,3.024396,2.000,sotto,riferimento g10sempre_20_iii
gm3x10_20_iii_c,l29d2_iii,20,3.818,3a10,100k,A_rel,FIXJACK1,4.045,5.024031,2.000,SOPRA,riferimento g10mai_20_iii
gm3x10_20_iii_c,l29d2_iii,20,3.818,3a10,100k,B2,FIXJACK1,1.192e-07,3.051708,,sotto,mute da t_ins+t_grad+20 ms a t_rel
gm3x10_20_iii_c,l29d2_iii,20,3.818,3a10,100k,B2g,FIXJACK1,4.666e-06,5.001948,,sotto,jack grezzo da t_ins+t_grad+20 ms a t_rel (ADR-063)
gm3x10_20_iii_c,l29d2_iii,20,3.818,3a10,100k,C1_ins,FIXJACK1,4.804e-06,3.024396,,sotto,"diagnostica, cond 7.22"
gm3x10_20_iii_c,l29d2_iii,20,3.818,3a10,100k,C1_rel,FIXJACK1,0.1686,5.051156,,SOPRA,"diagnostica, cond 7.22"
gm3x10_20_iii_c,l29d2_iii,20,3.818,3a10,100k,C2_ins,FIXJACK1,4.804e-06,3.024396,,sotto,"riferimento g10sempre_20_iii, cond 7.22"
gm3x10_20_iii_c,l29d2_iii,20,3.818,3a10,100k,C2_rel,FIXJACK1,0.1686,5.051156,,SOPRA,"riferimento g10mai_20_iii, cond 7.22"
gm3x10_20_iii_c,l29d2_iii,20,3.818,3a10,100k,A_ins,FIXJACK2,4.803e-06,3.024396,2.000,sotto,riferimento g10sempre_20_iii
gm3x10_20_iii_c,l29d2_iii,20,3.818,3a10,100k,A_rel,FIXJACK2,4.045,5.024031,2.000,SOPRA,riferimento g10mai_20_iii
gm3x10_20_iii_c,l29d2_iii,20,3.818,3a10,100k,B2,FIXJACK2,1.192e-07,3.051708,,sotto,mute da t_ins+t_grad+20 ms a t_rel
gm3x10_20_iii_c,l29d2_iii,20,3.818,3a10,100k,B2g,FIXJACK2,4.666e-06,5.001948,,sotto,jack grezzo da t_ins+t_grad+20 ms a t_rel (ADR-063)
gm3x10_20_iii_c,l29d2_iii,20,3.818,3a10,100k,C1_ins,FIXJACK2,4.804e-06,3.024396,,sotto,"diagnostica, cond 7.22"
gm3x10_20_iii_c,l29d2_iii,20,3.818,3a10,100k,C1_rel,FIXJACK2,0.1686,5.051156,,SOPRA,"diagnostica, cond 7.22"
gm3x10_20_iii_c,l29d2_iii,20,3.818,3a10,100k,C2_ins,FIXJACK2,4.804e-06,3.024396,,sotto,"riferimento g10sempre_20_iii, cond 7.22"
gm3x10_20_iii_c,l29d2_iii,20,3.818,3a10,100k,C2_rel,FIXJACK2,0.1686,5.051156,,SOPRA,"riferimento g10mai_20_iii, cond 7.22"
gm10x3_20_iii_i,l29d2_iii,20,3.818,10a3,100k,A_ins,MAINJACK,12.79,1.000031,2.000,SOPRA,riferimento g10sempre_20_iii
gm10x3_20_iii_i,l29d2_iii,20,3.818,10a3,100k,A_rel,MAINJACK,12.75,3.024031,2.000,SOPRA,riferimento g10mai_20_iii
gm10x3_20_iii_i,l29d2_iii,20,3.818,10a3,100k,B2,MAINJACK,0.7324,1.051302,,SOPRA,mute da t_ins+t_grad+20 ms a t_rel
gm10x3_20_iii_i,l29d2_iii,20,3.818,10a3,100k,B2g,MAINJACK,6.752e-06,3.023990,,sotto,jack grezzo da t_ins+t_grad+20 ms a t_rel (ADR-063)
gm10x3_20_iii_i,l29d2_iii,20,3.818,10a3,100k,C1_ins,MAINJACK,9.015,1.024042,,SOPRA,"diagnostica, cond 7.22"
gm10x3_20_iii_i,l29d2_iii,20,3.818,10a3,100k,C1_rel,MAINJACK,1.487e-05,3.024010,,sotto,"diagnostica, cond 7.22"
gm10x3_20_iii_i,l29d2_iii,20,3.818,10a3,100k,C2_ins,MAINJACK,9.015,1.024042,,SOPRA,"riferimento g10sempre_20_iii, cond 7.22"
gm10x3_20_iii_i,l29d2_iii,20,3.818,10a3,100k,C2_rel,MAINJACK,0.0003599,3.024802,,sotto,"riferimento g10mai_20_iii, cond 7.22"
gm10x3_20_iii_i,l29d2_iii,20,3.818,10a3,100k,A_ins,FIXJACK1,4.063,1.000031,2.000,SOPRA,riferimento g10sempre_20_iii
gm10x3_20_iii_i,l29d2_iii,20,3.818,10a3,100k,A_rel,FIXJACK1,4.045,3.024031,2.000,SOPRA,riferimento g10mai_20_iii
gm10x3_20_iii_i,l29d2_iii,20,3.818,10a3,100k,B2,FIXJACK1,0.2296,1.051375,,SOPRA,mute da t_ins+t_grad+20 ms a t_rel
gm10x3_20_iii_i,l29d2_iii,20,3.818,10a3,100k,B2g,FIXJACK1,1.107e-06,3.001990,,sotto,jack grezzo da t_ins+t_grad+20 ms a t_rel (ADR-063)
gm10x3_20_iii_i,l29d2_iii,20,3.818,10a3,100k,C1_ins,FIXJACK1,2.856,1.024042,,SOPRA,"diagnostica, cond 7.22"
gm10x3_20_iii_i,l29d2_iii,20,3.818,10a3,100k,C1_rel,FIXJACK1,1.333e-06,3.024563,,sotto,"diagnostica, cond 7.22"
gm10x3_20_iii_i,l29d2_iii,20,3.818,10a3,100k,C2_ins,FIXJACK1,2.856,1.024042,,SOPRA,"riferimento g10sempre_20_iii, cond 7.22"
gm10x3_20_iii_i,l29d2_iii,20,3.818,10a3,100k,C2_rel,FIXJACK1,1.428e-06,3.047698,,sotto,"riferimento g10mai_20_iii, cond 7.22"
gm10x3_20_iii_i,l29d2_iii,20,3.818,10a3,100k,A_ins,FIXJACK2,4.063,1.000031,2.000,SOPRA,riferimento g10sempre_20_iii
gm10x3_20_iii_i,l29d2_iii,20,3.818,10a3,100k,A_rel,FIXJACK2,4.045,3.024031,2.000,SOPRA,riferimento g10mai_20_iii
gm10x3_20_iii_i,l29d2_iii,20,3.818,10a3,100k,B2,FIXJACK2,0.2296,1.051375,,SOPRA,mute da t_ins+t_grad+20 ms a t_rel
gm10x3_20_iii_i,l29d2_iii,20,3.818,10a3,100k,B2g,FIXJACK2,1.107e-06,3.001990,,sotto,jack grezzo da t_ins+t_grad+20 ms a t_rel (ADR-063)
gm10x3_20_iii_i,l29d2_iii,20,3.818,10a3,100k,C1_ins,FIXJACK2,2.856,1.024042,,SOPRA,"diagnostica, cond 7.22"
gm10x3_20_iii_i,l29d2_iii,20,3.818,10a3,100k,C1_rel,FIXJACK2,1.333e-06,3.024563,,sotto,"diagnostica, cond 7.22"
gm10x3_20_iii_i,l29d2_iii,20,3.818,10a3,100k,C2_ins,FIXJACK2,2.856,1.024042,,SOPRA,"riferimento g10sempre_20_iii, cond 7.22"
gm10x3_20_iii_i,l29d2_iii,20,3.818,10a3,100k,C2_rel,FIXJACK2,1.428e-06,3.047698,,sotto,"riferimento g10mai_20_iii, cond 7.22"
gm10x3_20_iii_c,l29d2_iii,20,3.818,10a3,100k,A_ins,MAINJACK,1.695e-05,3.024010,2.000,sotto,riferimento g3sempre_20_iii
gm10x3_20_iii_c,l29d2_iii,20,3.818,10a3,100k,A_rel,MAINJACK,5.746,5.024031,2.000,SOPRA,riferimento g3mai_20_iii
gm10x3_20_iii_c,l29d2_iii,20,3.818,10a3,100k,B2,MAINJACK,6.329e-08,3.050698,,sotto,mute da t_ins+t_grad+20 ms a t_rel
gm10x3_20_iii_c,l29d2_iii,20,3.818,10a3,100k,B2g,MAINJACK,4.32e-06,4.002198,,sotto,jack grezzo da t_ins+t_grad+20 ms a t_rel (ADR-063)
gm10x3_20_iii_c,l29d2_iii,20,3.818,10a3,100k,C1_ins,MAINJACK,1.487e-05,3.024010,,sotto,"diagnostica, cond 7.22"
gm10x3_20_iii_c,l29d2_iii,20,3.818,10a3,100k,C1_rel,MAINJACK,0.2389,5.051094,,SOPRA,"diagnostica, cond 7.22"
gm10x3_20_iii_c,l29d2_iii,20,3.818,10a3,100k,C2_ins,MAINJACK,1.487e-05,3.024010,,sotto,"riferimento g3sempre_20_iii, cond 7.22"
gm10x3_20_iii_c,l29d2_iii,20,3.818,10a3,100k,C2_rel,MAINJACK,0.2389,5.051094,,SOPRA,"riferimento g3mai_20_iii, cond 7.22"
gm10x3_20_iii_c,l29d2_iii,20,3.818,10a3,100k,A_ins,FIXJACK1,1.335e-06,3.024563,2.000,sotto,riferimento g3sempre_20_iii
gm10x3_20_iii_c,l29d2_iii,20,3.818,10a3,100k,A_rel,FIXJACK1,4.045,5.024031,2.000,SOPRA,riferimento g3mai_20_iii
gm10x3_20_iii_c,l29d2_iii,20,3.818,10a3,100k,B2,FIXJACK1,1.557e-08,3.052698,,sotto,mute da t_ins+t_grad+20 ms a t_rel
gm10x3_20_iii_c,l29d2_iii,20,3.818,10a3,100k,B2g,FIXJACK1,1.105e-06,4.002198,,sotto,jack grezzo da t_ins+t_grad+20 ms a t_rel (ADR-063)
gm10x3_20_iii_c,l29d2_iii,20,3.818,10a3,100k,C1_ins,FIXJACK1,1.333e-06,3.024563,,sotto,"diagnostica, cond 7.22"
gm10x3_20_iii_c,l29d2_iii,20,3.818,10a3,100k,C1_rel,FIXJACK1,0.1686,5.051104,,SOPRA,"diagnostica, cond 7.22"
gm10x3_20_iii_c,l29d2_iii,20,3.818,10a3,100k,C2_ins,FIXJACK1,1.333e-06,3.024563,,sotto,"riferimento g3sempre_20_iii, cond 7.22"
gm10x3_20_iii_c,l29d2_iii,20,3.818,10a3,100k,C2_rel,FIXJACK1,0.1686,5.051104,,SOPRA,"riferimento g3mai_20_iii, cond 7.22"
gm10x3_20_iii_c,l29d2_iii,20,3.818,10a3,100k,A_ins,FIXJACK2,1.335e-06,3.024563,2.000,sotto,riferimento g3sempre_20_iii
gm10x3_20_iii_c,l29d2_iii,20,3.818,10a3,100k,A_rel,FIXJACK2,4.045,5.024031,2.000,SOPRA,riferimento g3mai_20_iii
gm10x3_20_iii_c,l29d2_iii,20,3.818,10a3,100k,B2,FIXJACK2,1.557e-08,3.052698,,sotto,mute da t_ins+t_grad+20 ms a t_rel
gm10x3_20_iii_c,l29d2_iii,20,3.818,10a3,100k,B2g,FIXJACK2,1.105e-06,4.002198,,sotto,jack grezzo da t_ins+t_grad+20 ms a t_rel (ADR-063)
gm10x3_20_iii_c,l29d2_iii,20,3.818,10a3,100k,C1_ins,FIXJACK2,1.333e-06,3.024563,,sotto,"diagnostica, cond 7.22"
gm10x3_20_iii_c,l29d2_iii,20,3.818,10a3,100k,C1_rel,FIXJACK2,0.1686,5.051104,,SOPRA,"diagnostica, cond 7.22"
gm10x3_20_iii_c,l29d2_iii,20,3.818,10a3,100k,C2_ins,FIXJACK2,1.333e-06,3.024563,,sotto,"riferimento g3sempre_20_iii, cond 7.22"
gm10x3_20_iii_c,l29d2_iii,20,3.818,10a3,100k,C2_rel,FIXJACK2,0.1686,5.051104,,SOPRA,"riferimento g3mai_20_iii, cond 7.22"
gm0x10_20_iii_i,l29d2_iii,20,3.818,0a10,100k,A_ins,MAINJACK,4.06,1.000031,2.000,SOPRA,riferimento g0sempre_20_iii
gm0x10_20_iii_i,l29d2_iii,20,3.818,0a10,100k,A_rel,MAINJACK,4.046,3.024031,2.000,SOPRA,riferimento g0mai_20_iii
gm0x10_20_iii_i,l29d2_iii,20,3.818,0a10,100k,B2,MAINJACK,0.2324,1.051302,,SOPRA,mute da t_ins+t_grad+20 ms a t_rel
gm0x10_20_iii_i,l29d2_iii,20,3.818,0a10,100k,B2g,MAINJACK,5.79e-06,3.023990,,sotto,jack grezzo da t_ins+t_grad+20 ms a t_rel (ADR-063)
gm0x10_20_iii_i,l29d2_iii,20,3.818,0a10,100k,C1_ins,MAINJACK,2.864,1.024042,,SOPRA,"diagnostica, cond 7.22"
gm0x10_20_iii_i,l29d2_iii,20,3.818,0a10,100k,C1_rel,MAINJACK,1.165e-05,3.024313,,sotto,"diagnostica, cond 7.22"
gm0x10_20_iii_i,l29d2_iii,20,3.818,0a10,100k,C2_ins,MAINJACK,2.864,1.024042,,SOPRA,"riferimento g0sempre_20_iii, cond 7.22"
gm0x10_20_iii_i,l29d2_iii,20,3.818,0a10,100k,C2_rel,MAINJACK,1.156e-05,3.024313,,sotto,"riferimento g0mai_20_iii, cond 7.22"
gm0x10_20_iii_i,l29d2_iii,20,3.818,0a10,100k,A_ins,FIXJACK1,4.063,1.000031,2.000,SOPRA,riferimento g0sempre_20_iii
gm0x10_20_iii_i,l29d2_iii,20,3.818,0a10,100k,A_rel,FIXJACK1,4.045,3.024031,2.000,SOPRA,riferimento g0mai_20_iii
gm0x10_20_iii_i,l29d2_iii,20,3.818,0a10,100k,B2,FIXJACK1,0.2296,1.051375,,SOPRA,mute da t_ins+t_grad+20 ms a t_rel
gm0x10_20_iii_i,l29d2_iii,20,3.818,0a10,100k,B2g,FIXJACK1,5.79e-06,3.023990,,sotto,jack grezzo da t_ins+t_grad+20 ms a t_rel (ADR-063)
gm0x10_20_iii_i,l29d2_iii,20,3.818,0a10,100k,C1_ins,FIXJACK1,2.859,1.024042,,SOPRA,"diagnostica, cond 7.22"
gm0x10_20_iii_i,l29d2_iii,20,3.818,0a10,100k,C1_rel,FIXJACK1,3.528e-06,3.024625,,sotto,"diagnostica, cond 7.22"
gm0x10_20_iii_i,l29d2_iii,20,3.818,0a10,100k,C2_ins,FIXJACK1,2.859,1.024042,,SOPRA,"riferimento g0sempre_20_iii, cond 7.22"
gm0x10_20_iii_i,l29d2_iii,20,3.818,0a10,100k,C2_rel,FIXJACK1,3.529e-06,3.024677,,sotto,"riferimento g0mai_20_iii, cond 7.22"
gm0x10_20_iii_i,l29d2_iii,20,3.818,0a10,100k,A_ins,FIXJACK2,4.063,1.000031,2.000,SOPRA,riferimento g0sempre_20_iii
gm0x10_20_iii_i,l29d2_iii,20,3.818,0a10,100k,A_rel,FIXJACK2,4.045,3.024031,2.000,SOPRA,riferimento g0mai_20_iii
gm0x10_20_iii_i,l29d2_iii,20,3.818,0a10,100k,B2,FIXJACK2,0.2296,1.051375,,SOPRA,mute da t_ins+t_grad+20 ms a t_rel
gm0x10_20_iii_i,l29d2_iii,20,3.818,0a10,100k,B2g,FIXJACK2,5.79e-06,3.023990,,sotto,jack grezzo da t_ins+t_grad+20 ms a t_rel (ADR-063)
gm0x10_20_iii_i,l29d2_iii,20,3.818,0a10,100k,C1_ins,FIXJACK2,2.859,1.024042,,SOPRA,"diagnostica, cond 7.22"
gm0x10_20_iii_i,l29d2_iii,20,3.818,0a10,100k,C1_rel,FIXJACK2,3.528e-06,3.024625,,sotto,"diagnostica, cond 7.22"
gm0x10_20_iii_i,l29d2_iii,20,3.818,0a10,100k,C2_ins,FIXJACK2,2.859,1.024042,,SOPRA,"riferimento g0sempre_20_iii, cond 7.22"
gm0x10_20_iii_i,l29d2_iii,20,3.818,0a10,100k,C2_rel,FIXJACK2,3.529e-06,3.024677,,sotto,"riferimento g0mai_20_iii, cond 7.22"
gm0x10_20_iii_c,l29d2_iii,20,3.818,0a10,100k,A_ins,MAINJACK,1.166e-05,3.024313,2.000,sotto,riferimento g10sempre_20_iii
gm0x10_20_iii_c,l29d2_iii,20,3.818,0a10,100k,A_rel,MAINJACK,12.75,5.024031,2.000,SOPRA,riferimento g10mai_20_iii
gm0x10_20_iii_c,l29d2_iii,20,3.818,0a10,100k,B2,MAINJACK,7.899e-09,3.050448,,sotto,mute da t_ins+t_grad+20 ms a t_rel
gm0x10_20_iii_c,l29d2_iii,20,3.818,0a10,100k,B2g,MAINJACK,7.267e-10,3.052156,,sotto,jack grezzo da t_ins+t_grad+20 ms a t_rel (ADR-063)
gm0x10_20_iii_c,l29d2_iii,20,3.818,0a10,100k,C1_ins,MAINJACK,1.165e-05,3.024313,,sotto,"diagnostica, cond 7.22"
gm0x10_20_iii_c,l29d2_iii,20,3.818,0a10,100k,C1_rel,MAINJACK,0.5302,5.051094,,SOPRA,"diagnostica, cond 7.22"
gm0x10_20_iii_c,l29d2_iii,20,3.818,0a10,100k,C2_ins,MAINJACK,1.165e-05,3.024313,,sotto,"riferimento g10sempre_20_iii, cond 7.22"
gm0x10_20_iii_c,l29d2_iii,20,3.818,0a10,100k,C2_rel,MAINJACK,0.5302,5.051094,,SOPRA,"riferimento g10mai_20_iii, cond 7.22"
gm0x10_20_iii_c,l29d2_iii,20,3.818,0a10,100k,A_ins,FIXJACK1,3.527e-06,3.024625,2.000,sotto,riferimento g10sempre_20_iii
gm0x10_20_iii_c,l29d2_iii,20,3.818,0a10,100k,A_rel,FIXJACK1,4.045,5.024031,2.000,SOPRA,riferimento g10mai_20_iii
gm0x10_20_iii_c,l29d2_iii,20,3.818,0a10,100k,B2,FIXJACK1,2.611e-09,3.050167,,sotto,mute da t_ins+t_grad+20 ms a t_rel
gm0x10_20_iii_c,l29d2_iii,20,3.818,0a10,100k,B2g,FIXJACK1,3.267e-10,5.002156,,sotto,jack grezzo da t_ins+t_grad+20 ms a t_rel (ADR-063)
gm0x10_20_iii_c,l29d2_iii,20,3.818,0a10,100k,C1_ins,FIXJACK1,3.528e-06,3.024625,,sotto,"diagnostica, cond 7.22"
gm0x10_20_iii_c,l29d2_iii,20,3.818,0a10,100k,C1_rel,FIXJACK1,0.1685,5.051104,,SOPRA,"diagnostica, cond 7.22"
gm0x10_20_iii_c,l29d2_iii,20,3.818,0a10,100k,C2_ins,FIXJACK1,3.528e-06,3.024625,,sotto,"riferimento g10sempre_20_iii, cond 7.22"
gm0x10_20_iii_c,l29d2_iii,20,3.818,0a10,100k,C2_rel,FIXJACK1,0.1685,5.051104,,SOPRA,"riferimento g10mai_20_iii, cond 7.22"
gm0x10_20_iii_c,l29d2_iii,20,3.818,0a10,100k,A_ins,FIXJACK2,3.527e-06,3.024625,2.000,sotto,riferimento g10sempre_20_iii
gm0x10_20_iii_c,l29d2_iii,20,3.818,0a10,100k,A_rel,FIXJACK2,4.045,5.024031,2.000,SOPRA,riferimento g10mai_20_iii
gm0x10_20_iii_c,l29d2_iii,20,3.818,0a10,100k,B2,FIXJACK2,2.611e-09,3.050167,,sotto,mute da t_ins+t_grad+20 ms a t_rel
gm0x10_20_iii_c,l29d2_iii,20,3.818,0a10,100k,B2g,FIXJACK2,3.273e-10,5.002156,,sotto,jack grezzo da t_ins+t_grad+20 ms a t_rel (ADR-063)
gm0x10_20_iii_c,l29d2_iii,20,3.818,0a10,100k,C1_ins,FIXJACK2,3.528e-06,3.024625,,sotto,"diagnostica, cond 7.22"
gm0x10_20_iii_c,l29d2_iii,20,3.818,0a10,100k,C1_rel,FIXJACK2,0.1685,5.051104,,SOPRA,"diagnostica, cond 7.22"
gm0x10_20_iii_c,l29d2_iii,20,3.818,0a10,100k,C2_ins,FIXJACK2,3.528e-06,3.024625,,sotto,"riferimento g10sempre_20_iii, cond 7.22"
gm0x10_20_iii_c,l29d2_iii,20,3.818,0a10,100k,C2_rel,FIXJACK2,0.1685,5.051104,,SOPRA,"riferimento g10mai_20_iii, cond 7.22"
gm10x0_20_iii_i,l29d2_iii,20,3.818,10a0,100k,A_ins,MAINJACK,12.79,1.000031,2.000,SOPRA,riferimento g10sempre_20_iii
gm10x0_20_iii_i,l29d2_iii,20,3.818,10a0,100k,A_rel,MAINJACK,12.75,3.024031,2.000,SOPRA,riferimento g10mai_20_iii
gm10x0_20_iii_i,l29d2_iii,20,3.818,10a0,100k,B2,MAINJACK,0.7324,1.051302,,SOPRA,mute da t_ins+t_grad+20 ms a t_rel
gm10x0_20_iii_i,l29d2_iii,20,3.818,10a0,100k,B2g,MAINJACK,4.549e-06,3.023990,,sotto,jack grezzo da t_ins+t_grad+20 ms a t_rel (ADR-063)
gm10x0_20_iii_i,l29d2_iii,20,3.818,10a0,100k,C1_ins,MAINJACK,9.015,1.024042,,SOPRA,"diagnostica, cond 7.22"
gm10x0_20_iii_i,l29d2_iii,20,3.818,10a0,100k,C1_rel,MAINJACK,1.075e-05,3.024323,,sotto,"diagnostica, cond 7.22"
gm10x0_20_iii_i,l29d2_iii,20,3.818,10a0,100k,C2_ins,MAINJACK,9.015,1.024042,,SOPRA,"riferimento g10sempre_20_iii, cond 7.22"
gm10x0_20_iii_i,l29d2_iii,20,3.818,10a0,100k,C2_rel,MAINJACK,0.0003608,3.024625,,sotto,"riferimento g10mai_20_iii, cond 7.22"
gm10x0_20_iii_i,l29d2_iii,20,3.818,10a0,100k,A_ins,FIXJACK1,4.063,1.000031,2.000,SOPRA,riferimento g10sempre_20_iii
gm10x0_20_iii_i,l29d2_iii,20,3.818,10a0,100k,A_rel,FIXJACK1,4.045,3.024031,2.000,SOPRA,riferimento g10mai_20_iii
gm10x0_20_iii_i,l29d2_iii,20,3.818,10a0,100k,B2,FIXJACK1,0.2296,1.051375,,SOPRA,mute da t_ins+t_grad+20 ms a t_rel
gm10x0_20_iii_i,l29d2_iii,20,3.818,10a0,100k,B2g,FIXJACK1,1.107e-06,3.001990,,sotto,jack grezzo da t_ins+t_grad+20 ms a t_rel (ADR-063)
gm10x0_20_iii_i,l29d2_iii,20,3.818,10a0,100k,C1_ins,FIXJACK1,2.856,1.024042,,SOPRA,"diagnostica, cond 7.22"
gm10x0_20_iii_i,l29d2_iii,20,3.818,10a0,100k,C1_rel,FIXJACK1,1.119e-06,3.025010,,sotto,"diagnostica, cond 7.22"
gm10x0_20_iii_i,l29d2_iii,20,3.818,10a0,100k,C2_ins,FIXJACK1,2.856,1.024042,,SOPRA,"riferimento g10sempre_20_iii, cond 7.22"
gm10x0_20_iii_i,l29d2_iii,20,3.818,10a0,100k,C2_rel,FIXJACK1,1.441e-06,3.197635,,sotto,"riferimento g10mai_20_iii, cond 7.22"
gm10x0_20_iii_i,l29d2_iii,20,3.818,10a0,100k,A_ins,FIXJACK2,4.063,1.000031,2.000,SOPRA,riferimento g10sempre_20_iii
gm10x0_20_iii_i,l29d2_iii,20,3.818,10a0,100k,A_rel,FIXJACK2,4.045,3.024031,2.000,SOPRA,riferimento g10mai_20_iii
gm10x0_20_iii_i,l29d2_iii,20,3.818,10a0,100k,B2,FIXJACK2,0.2296,1.051375,,SOPRA,mute da t_ins+t_grad+20 ms a t_rel
gm10x0_20_iii_i,l29d2_iii,20,3.818,10a0,100k,B2g,FIXJACK2,1.107e-06,3.001990,,sotto,jack grezzo da t_ins+t_grad+20 ms a t_rel (ADR-063)
gm10x0_20_iii_i,l29d2_iii,20,3.818,10a0,100k,C1_ins,FIXJACK2,2.856,1.024042,,SOPRA,"diagnostica, cond 7.22"
gm10x0_20_iii_i,l29d2_iii,20,3.818,10a0,100k,C1_rel,FIXJACK2,1.119e-06,3.025010,,sotto,"diagnostica, cond 7.22"
gm10x0_20_iii_i,l29d2_iii,20,3.818,10a0,100k,C2_ins,FIXJACK2,2.856,1.024042,,SOPRA,"riferimento g10sempre_20_iii, cond 7.22"
gm10x0_20_iii_i,l29d2_iii,20,3.818,10a0,100k,C2_rel,FIXJACK2,1.441e-06,3.197635,,sotto,"riferimento g10mai_20_iii, cond 7.22"
gm10x0_20_iii_c,l29d2_iii,20,3.818,10a0,100k,A_ins,MAINJACK,1.073e-05,3.024323,2.000,sotto,riferimento g0sempre_20_iii
gm10x0_20_iii_c,l29d2_iii,20,3.818,10a0,100k,A_rel,MAINJACK,4.046,5.024031,2.000,SOPRA,riferimento g0mai_20_iii
gm10x0_20_iii_c,l29d2_iii,20,3.818,10a0,100k,B2,MAINJACK,1.173e-07,3.050885,,sotto,mute da t_ins+t_grad+20 ms a t_rel
gm10x0_20_iii_c,l29d2_iii,20,3.818,10a0,100k,B2g,MAINJACK,4.44e-06,3.977125,,sotto,jack grezzo da t_ins+t_grad+20 ms a t_rel (ADR-063)
gm10x0_20_iii_c,l29d2_iii,20,3.818,10a0,100k,C1_ins,MAINJACK,1.075e-05,3.024323,,sotto,"diagnostica, cond 7.22"
gm10x0_20_iii_c,l29d2_iii,20,3.818,10a0,100k,C1_rel,MAINJACK,0.1682,5.051104,,SOPRA,"diagnostica, cond 7.22"
gm10x0_20_iii_c,l29d2_iii,20,3.818,10a0,100k,C2_ins,MAINJACK,1.075e-05,3.024323,,sotto,"riferimento g0sempre_20_iii, cond 7.22"
gm10x0_20_iii_c,l29d2_iii,20,3.818,10a0,100k,C2_rel,MAINJACK,0.1682,5.051104,,SOPRA,"riferimento g0mai_20_iii, cond 7.22"
gm10x0_20_iii_c,l29d2_iii,20,3.818,10a0,100k,A_ins,FIXJACK1,1.123e-06,3.025010,2.000,sotto,riferimento g0sempre_20_iii
gm10x0_20_iii_c,l29d2_iii,20,3.818,10a0,100k,A_rel,FIXJACK1,4.045,5.024031,2.000,SOPRA,riferimento g0mai_20_iii
gm10x0_20_iii_c,l29d2_iii,20,3.818,10a0,100k,B2,FIXJACK1,2.99e-08,3.049885,,sotto,mute da t_ins+t_grad+20 ms a t_rel
gm10x0_20_iii_c,l29d2_iii,20,3.818,10a0,100k,B2g,FIXJACK1,1.135e-06,3.977125,,sotto,jack grezzo da t_ins+t_grad+20 ms a t_rel (ADR-063)
gm10x0_20_iii_c,l29d2_iii,20,3.818,10a0,100k,C1_ins,FIXJACK1,1.119e-06,3.025010,,sotto,"diagnostica, cond 7.22"
gm10x0_20_iii_c,l29d2_iii,20,3.818,10a0,100k,C1_rel,FIXJACK1,0.1685,5.051104,,SOPRA,"diagnostica, cond 7.22"
gm10x0_20_iii_c,l29d2_iii,20,3.818,10a0,100k,C2_ins,FIXJACK1,1.119e-06,3.025010,,sotto,"riferimento g0sempre_20_iii, cond 7.22"
gm10x0_20_iii_c,l29d2_iii,20,3.818,10a0,100k,C2_rel,FIXJACK1,0.1685,5.051104,,SOPRA,"riferimento g0mai_20_iii, cond 7.22"
gm10x0_20_iii_c,l29d2_iii,20,3.818,10a0,100k,A_ins,FIXJACK2,1.123e-06,3.025010,2.000,sotto,riferimento g0sempre_20_iii
gm10x0_20_iii_c,l29d2_iii,20,3.818,10a0,100k,A_rel,FIXJACK2,4.045,5.024031,2.000,SOPRA,riferimento g0mai_20_iii
gm10x0_20_iii_c,l29d2_iii,20,3.818,10a0,100k,B2,FIXJACK2,2.99e-08,3.049885,,sotto,mute da t_ins+t_grad+20 ms a t_rel
gm10x0_20_iii_c,l29d2_iii,20,3.818,10a0,100k,B2g,FIXJACK2,1.135e-06,3.977125,,sotto,jack grezzo da t_ins+t_grad+20 ms a t_rel (ADR-063)
gm10x0_20_iii_c,l29d2_iii,20,3.818,10a0,100k,C1_ins,FIXJACK2,1.119e-06,3.025010,,sotto,"diagnostica, cond 7.22"
gm10x0_20_iii_c,l29d2_iii,20,3.818,10a0,100k,C1_rel,FIXJACK2,0.1685,5.051104,,SOPRA,"diagnostica, cond 7.22"
gm10x0_20_iii_c,l29d2_iii,20,3.818,10a0,100k,C2_ins,FIXJACK2,1.119e-06,3.025010,,sotto,"riferimento g0sempre_20_iii, cond 7.22"
gm10x0_20_iii_c,l29d2_iii,20,3.818,10a0,100k,C2_rel,FIXJACK2,0.1685,5.051104,,SOPRA,"riferimento g0mai_20_iii, cond 7.22"
gm0x3_lz_iii_i,l29d2_iii,1000,0,0a3,100k,A_ins,MAINJACK,9.057e-12,1.024302,2.000,sotto,riferimento g0sempre_lz_iii
gm0x3_lz_iii_i,l29d2_iii,1000,0,0a3,100k,A_rel,MAINJACK,2.949e-08,3.024531,2.000,sotto,riferimento g0mai_lz_iii
gm0x3_lz_iii_i,l29d2_iii,1000,0,0a3,100k,B2,MAINJACK,1.255e-09,3.023990,,sotto,mute da t_ins+t_grad+20 ms a t_rel
gm0x3_lz_iii_i,l29d2_iii,1000,0,0a3,100k,A_ins,FIXJACK1,8.216e-12,1.017052,2.000,sotto,riferimento g0sempre_lz_iii
gm0x3_lz_iii_i,l29d2_iii,1000,0,0a3,100k,A_rel,FIXJACK1,1.156e-11,3.805958,2.000,sotto,riferimento g0mai_lz_iii
gm0x3_lz_iii_i,l29d2_iii,1000,0,0a3,100k,B2,FIXJACK1,1.662e-13,1.044000,,sotto,mute da t_ins+t_grad+20 ms a t_rel
gm0x3_lz_iii_i,l29d2_iii,1000,0,0a3,100k,A_ins,FIXJACK2,8.515e-12,1.017052,2.000,sotto,riferimento g0sempre_lz_iii
gm0x3_lz_iii_i,l29d2_iii,1000,0,0a3,100k,A_rel,FIXJACK2,9.785e-12,4.086781,2.000,sotto,riferimento g0mai_lz_iii
gm0x3_lz_iii_i,l29d2_iii,1000,0,0a3,100k,B2,FIXJACK2,2.144e-13,1.044000,,sotto,mute da t_ins+t_grad+20 ms a t_rel
gm0x3_lz_iii_c,l29d2_iii,1000,0,0a3,100k,A_ins,MAINJACK,2.949e-08,3.024531,2.000,sotto,riferimento g3sempre_lz_iii
gm0x3_lz_iii_c,l29d2_iii,1000,0,0a3,100k,A_rel,MAINJACK,2.19e-11,5.262594,2.000,sotto,riferimento g3mai_lz_iii
gm0x3_lz_iii_c,l29d2_iii,1000,0,0a3,100k,B2,MAINJACK,1.773e-11,3.050875,,sotto,mute da t_ins+t_grad+20 ms a t_rel
gm0x3_lz_iii_c,l29d2_iii,1000,0,0a3,100k,A_ins,FIXJACK1,1.3e-12,3.024010,2.000,sotto,riferimento g3sempre_lz_iii
gm0x3_lz_iii_c,l29d2_iii,1000,0,0a3,100k,A_rel,FIXJACK1,1.474e-11,5.472156,2.000,sotto,riferimento g3mai_lz_iii
gm0x3_lz_iii_c,l29d2_iii,1000,0,0a3,100k,B2,FIXJACK1,3.228e-16,3.051125,,sotto,mute da t_ins+t_grad+20 ms a t_rel
gm0x3_lz_iii_c,l29d2_iii,1000,0,0a3,100k,A_ins,FIXJACK2,1.299e-12,3.024010,2.000,sotto,riferimento g3sempre_lz_iii
gm0x3_lz_iii_c,l29d2_iii,1000,0,0a3,100k,A_rel,FIXJACK2,1.521e-11,6.299781,2.000,sotto,riferimento g3mai_lz_iii
gm0x3_lz_iii_c,l29d2_iii,1000,0,0a3,100k,B2,FIXJACK2,3.407e-16,3.049125,,sotto,mute da t_ins+t_grad+20 ms a t_rel
gm3x0_lz_iii_i,l29d2_iii,1000,0,3a0,100k,A_ins,MAINJACK,1.295e-11,1.004188,2.000,sotto,riferimento g3sempre_lz_iii
gm3x0_lz_iii_i,l29d2_iii,1000,0,3a0,100k,A_rel,MAINJACK,7.261e-09,3.024010,2.000,sotto,riferimento g3mai_lz_iii
gm3x0_lz_iii_i,l29d2_iii,1000,0,3a0,100k,B2,MAINJACK,5.812e-10,3.023990,,sotto,mute da t_ins+t_grad+20 ms a t_rel
gm3x0_lz_iii_i,l29d2_iii,1000,0,3a0,100k,A_ins,FIXJACK1,8.602e-12,1.010760,2.000,sotto,riferimento g3sempre_lz_iii
gm3x0_lz_iii_i,l29d2_iii,1000,0,3a0,100k,A_rel,FIXJACK1,1.115e-11,3.715010,2.000,sotto,riferimento g3mai_lz_iii
gm3x0_lz_iii_i,l29d2_iii,1000,0,3a0,100k,B2,FIXJACK1,2.987e-13,3.023990,,sotto,mute da t_ins+t_grad+20 ms a t_rel
gm3x0_lz_iii_i,l29d2_iii,1000,0,3a0,100k,A_ins,FIXJACK2,7.604e-12,1.003427,2.000,sotto,riferimento g3sempre_lz_iii
gm3x0_lz_iii_i,l29d2_iii,1000,0,3a0,100k,A_rel,FIXJACK2,1.109e-11,3.041708,2.000,sotto,riferimento g3mai_lz_iii
gm3x0_lz_iii_i,l29d2_iii,1000,0,3a0,100k,B2,FIXJACK2,2.987e-13,3.023990,,sotto,mute da t_ins+t_grad+20 ms a t_rel
gm3x0_lz_iii_c,l29d2_iii,1000,0,3a0,100k,A_ins,MAINJACK,7.26e-09,3.024010,2.000,sotto,riferimento g0sempre_lz_iii
gm3x0_lz_iii_c,l29d2_iii,1000,0,3a0,100k,A_rel,MAINJACK,1.441e-11,5.909573,2.000,sotto,riferimento g0mai_lz_iii
gm3x0_lz_iii_c,l29d2_iii,1000,0,3a0,100k,B2,MAINJACK,1.077e-12,3.050385,,sotto,mute da t_ins+t_grad+20 ms a t_rel
gm3x0_lz_iii_c,l29d2_iii,1000,0,3a0,100k,A_ins,FIXJACK1,3.86e-12,3.024010,2.000,sotto,riferimento g0sempre_lz_iii
gm3x0_lz_iii_c,l29d2_iii,1000,0,3a0,100k,A_rel,FIXJACK1,1.596e-11,6.904229,2.000,sotto,riferimento g0mai_lz_iii
gm3x0_lz_iii_c,l29d2_iii,1000,0,3a0,100k,B2,FIXJACK1,7.817e-16,3.050865,,sotto,mute da t_ins+t_grad+20 ms a t_rel
gm3x0_lz_iii_c,l29d2_iii,1000,0,3a0,100k,A_ins,FIXJACK2,3.859e-12,3.024010,2.000,sotto,riferimento g0sempre_lz_iii
gm3x0_lz_iii_c,l29d2_iii,1000,0,3a0,100k,A_rel,FIXJACK2,1.453e-11,5.175125,2.000,sotto,riferimento g0mai_lz_iii
gm3x0_lz_iii_c,l29d2_iii,1000,0,3a0,100k,B2,FIXJACK2,7.825e-16,3.050698,,sotto,mute da t_ins+t_grad+20 ms a t_rel
gm3x10_lz_iii_i,l29d2_iii,1000,0,3a10,100k,A_ins,MAINJACK,1.295e-11,1.004188,2.000,sotto,riferimento g3sempre_lz_iii
gm3x10_lz_iii_i,l29d2_iii,1000,0,3a10,100k,A_rel,MAINJACK,1.231e-07,3.024531,2.000,sotto,riferimento g3mai_lz_iii
gm3x10_lz_iii_i,l29d2_iii,1000,0,3a10,100k,B2,MAINJACK,4.776e-09,3.023990,,sotto,mute da t_ins+t_grad+20 ms a t_rel
gm3x10_lz_iii_i,l29d2_iii,1000,0,3a10,100k,A_ins,FIXJACK1,8.602e-12,1.010760,2.000,sotto,riferimento g3sempre_lz_iii
gm3x10_lz_iii_i,l29d2_iii,1000,0,3a10,100k,A_rel,FIXJACK1,1.115e-11,3.715010,2.000,sotto,riferimento g3mai_lz_iii
gm3x10_lz_iii_i,l29d2_iii,1000,0,3a10,100k,B2,FIXJACK1,1.628e-13,1.044000,,sotto,mute da t_ins+t_grad+20 ms a t_rel
gm3x10_lz_iii_i,l29d2_iii,1000,0,3a10,100k,A_ins,FIXJACK2,7.604e-12,1.003427,2.000,sotto,riferimento g3sempre_lz_iii
gm3x10_lz_iii_i,l29d2_iii,1000,0,3a10,100k,A_rel,FIXJACK2,1.109e-11,3.041708,2.000,sotto,riferimento g3mai_lz_iii
gm3x10_lz_iii_i,l29d2_iii,1000,0,3a10,100k,B2,FIXJACK2,1.817e-13,1.044000,,sotto,mute da t_ins+t_grad+20 ms a t_rel
gm3x10_lz_iii_c,l29d2_iii,1000,0,3a10,100k,A_ins,MAINJACK,1.231e-07,3.024531,2.000,sotto,riferimento g10sempre_lz_iii
gm3x10_lz_iii_c,l29d2_iii,1000,0,3a10,100k,A_rel,MAINJACK,5.339e-11,6.170990,2.000,sotto,riferimento g10mai_lz_iii
gm3x10_lz_iii_c,l29d2_iii,1000,0,3a10,100k,B2,MAINJACK,5.224e-11,3.050917,,sotto,mute da t_ins+t_grad+20 ms a t_rel
gm3x10_lz_iii_c,l29d2_iii,1000,0,3a10,100k,A_ins,FIXJACK1,5.902e-13,3.024156,2.000,sotto,riferimento g10sempre_lz_iii
gm3x10_lz_iii_c,l29d2_iii,1000,0,3a10,100k,A_rel,FIXJACK1,1.365e-11,6.547719,2.000,sotto,riferimento g10mai_lz_iii
gm3x10_lz_iii_c,l29d2_iii,1000,0,3a10,100k,B2,FIXJACK1,3.754e-16,3.049917,,sotto,mute da t_ins+t_grad+20 ms a t_rel
gm3x10_lz_iii_c,l29d2_iii,1000,0,3a10,100k,A_ins,FIXJACK2,5.898e-13,3.024156,2.000,sotto,riferimento g10sempre_lz_iii
gm3x10_lz_iii_c,l29d2_iii,1000,0,3a10,100k,A_rel,FIXJACK2,1.429e-11,6.069146,2.000,sotto,riferimento g10mai_lz_iii
gm3x10_lz_iii_c,l29d2_iii,1000,0,3a10,100k,B2,FIXJACK2,4.149e-16,3.050917,,sotto,mute da t_ins+t_grad+20 ms a t_rel
gm10x3_lz_iii_i,l29d2_iii,1000,0,10a3,100k,A_ins,MAINJACK,2.928e-11,1.002875,2.000,sotto,riferimento g10sempre_lz_iii
gm10x3_lz_iii_i,l29d2_iii,1000,0,10a3,100k,A_rel,MAINJACK,5.623e-08,3.024010,2.000,sotto,riferimento g10mai_lz_iii
gm10x3_lz_iii_i,l29d2_iii,1000,0,10a3,100k,B2,MAINJACK,4.481e-09,3.023990,,sotto,mute da t_ins+t_grad+20 ms a t_rel
gm10x3_lz_iii_i,l29d2_iii,1000,0,10a3,100k,A_ins,FIXJACK1,7.468e-12,1.012698,2.000,sotto,riferimento g10sempre_lz_iii
gm10x3_lz_iii_i,l29d2_iii,1000,0,10a3,100k,A_rel,FIXJACK1,1.144e-11,4.696313,2.000,sotto,riferimento g10mai_lz_iii
gm10x3_lz_iii_i,l29d2_iii,1000,0,10a3,100k,B2,FIXJACK1,8.923e-13,3.023990,,sotto,mute da t_ins+t_grad+20 ms a t_rel
gm10x3_lz_iii_i,l29d2_iii,1000,0,10a3,100k,A_ins,FIXJACK2,8.045e-12,1.003760,2.000,sotto,riferimento g10sempre_lz_iii
gm10x3_lz_iii_i,l29d2_iii,1000,0,10a3,100k,A_rel,FIXJACK2,1.102e-11,3.991917,2.000,sotto,riferimento g10mai_lz_iii
gm10x3_lz_iii_i,l29d2_iii,1000,0,10a3,100k,B2,FIXJACK2,8.923e-13,3.023990,,sotto,mute da t_ins+t_grad+20 ms a t_rel
gm10x3_lz_iii_c,l29d2_iii,1000,0,10a3,100k,A_ins,MAINJACK,5.623e-08,3.024010,2.000,sotto,riferimento g3sempre_lz_iii
gm10x3_lz_iii_c,l29d2_iii,1000,0,10a3,100k,A_rel,MAINJACK,2.18e-11,5.592812,2.000,sotto,riferimento g3mai_lz_iii
gm10x3_lz_iii_c,l29d2_iii,1000,0,10a3,100k,B2,MAINJACK,8.934e-12,3.050448,,sotto,mute da t_ins+t_grad+20 ms a t_rel
gm10x3_lz_iii_c,l29d2_iii,1000,0,10a3,100k,A_ins,FIXJACK1,1.146e-11,3.024010,2.000,sotto,riferimento g3sempre_lz_iii
gm10x3_lz_iii_c,l29d2_iii,1000,0,10a3,100k,A_rel,FIXJACK1,1.464e-11,5.625260,2.000,sotto,riferimento g3mai_lz_iii
gm10x3_lz_iii_c,l29d2_iii,1000,0,10a3,100k,B2,FIXJACK1,2.301e-15,3.050635,,sotto,mute da t_ins+t_grad+20 ms a t_rel
gm10x3_lz_iii_c,l29d2_iii,1000,0,10a3,100k,A_ins,FIXJACK2,1.146e-11,3.024010,2.000,sotto,riferimento g3sempre_lz_iii
gm10x3_lz_iii_c,l29d2_iii,1000,0,10a3,100k,A_rel,FIXJACK2,1.474e-11,5.915302,2.000,sotto,riferimento g3mai_lz_iii
gm10x3_lz_iii_c,l29d2_iii,1000,0,10a3,100k,B2,FIXJACK2,2.305e-15,3.050375,,sotto,mute da t_ins+t_grad+20 ms a t_rel
gm0x10_lz_iii_i,l29d2_iii,1000,0,0a10,100k,A_ins,MAINJACK,9.057e-12,1.024302,2.000,sotto,riferimento g0sempre_lz_iii
gm0x10_lz_iii_i,l29d2_iii,1000,0,0a10,100k,A_rel,MAINJACK,5.4e-08,3.024010,2.000,sotto,riferimento g0mai_lz_iii
gm0x10_lz_iii_i,l29d2_iii,1000,0,0a10,100k,B2,MAINJACK,4.39e-09,3.023990,,sotto,mute da t_ins+t_grad+20 ms a t_rel
gm0x10_lz_iii_i,l29d2_iii,1000,0,0a10,100k,A_ins,FIXJACK1,8.216e-12,1.017052,2.000,sotto,riferimento g0sempre_lz_iii
gm0x10_lz_iii_i,l29d2_iii,1000,0,0a10,100k,A_rel,FIXJACK1,1.156e-11,3.805958,2.000,sotto,riferimento g0mai_lz_iii
gm0x10_lz_iii_i,l29d2_iii,1000,0,0a10,100k,B2,FIXJACK1,4.542e-13,3.023990,,sotto,mute da t_ins+t_grad+20 ms a t_rel
gm0x10_lz_iii_i,l29d2_iii,1000,0,0a10,100k,A_ins,FIXJACK2,8.515e-12,1.017052,2.000,sotto,riferimento g0sempre_lz_iii
gm0x10_lz_iii_i,l29d2_iii,1000,0,0a10,100k,A_rel,FIXJACK2,9.785e-12,4.086781,2.000,sotto,riferimento g0mai_lz_iii
gm0x10_lz_iii_i,l29d2_iii,1000,0,0a10,100k,B2,FIXJACK2,4.542e-13,3.023990,,sotto,mute da t_ins+t_grad+20 ms a t_rel
gm0x10_lz_iii_c,l29d2_iii,1000,0,0a10,100k,A_ins,MAINJACK,5.4e-08,3.024010,2.000,sotto,riferimento g10sempre_lz_iii
gm0x10_lz_iii_c,l29d2_iii,1000,0,0a10,100k,A_rel,MAINJACK,4.59e-11,6.328698,2.000,sotto,riferimento g10mai_lz_iii
gm0x10_lz_iii_c,l29d2_iii,1000,0,0a10,100k,B2,MAINJACK,1.689e-11,3.050562,,sotto,mute da t_ins+t_grad+20 ms a t_rel
gm0x10_lz_iii_c,l29d2_iii,1000,0,0a10,100k,A_ins,FIXJACK1,5.829e-12,3.024010,2.000,sotto,riferimento g10sempre_lz_iii
gm0x10_lz_iii_c,l29d2_iii,1000,0,0a10,100k,A_rel,FIXJACK1,1.426e-11,5.696531,2.000,sotto,riferimento g10mai_lz_iii
gm0x10_lz_iii_c,l29d2_iii,1000,0,0a10,100k,B2,FIXJACK1,2.547e-15,3.050813,,sotto,mute da t_ins+t_grad+20 ms a t_rel
gm0x10_lz_iii_c,l29d2_iii,1000,0,0a10,100k,A_ins,FIXJACK2,5.827e-12,3.024010,2.000,sotto,riferimento g10sempre_lz_iii
gm0x10_lz_iii_c,l29d2_iii,1000,0,0a10,100k,A_rel,FIXJACK2,1.49e-11,6.565250,2.000,sotto,riferimento g10mai_lz_iii
gm0x10_lz_iii_c,l29d2_iii,1000,0,0a10,100k,B2,FIXJACK2,2.511e-15,3.051094,,sotto,mute da t_ins+t_grad+20 ms a t_rel
gm10x0_lz_iii_i,l29d2_iii,1000,0,10a0,100k,A_ins,MAINJACK,2.928e-11,1.002875,2.000,sotto,riferimento g10sempre_lz_iii
gm10x0_lz_iii_i,l29d2_iii,1000,0,10a0,100k,A_rel,MAINJACK,4.525e-08,3.024323,2.000,sotto,riferimento g10mai_lz_iii
gm10x0_lz_iii_i,l29d2_iii,1000,0,10a0,100k,B2,MAINJACK,5.841e-10,3.023990,,sotto,mute da t_ins+t_grad+20 ms a t_rel
gm10x0_lz_iii_i,l29d2_iii,1000,0,10a0,100k,A_ins,FIXJACK1,7.468e-12,1.012698,2.000,sotto,riferimento g10sempre_lz_iii
gm10x0_lz_iii_i,l29d2_iii,1000,0,10a0,100k,A_rel,FIXJACK1,1.144e-11,4.696313,2.000,sotto,riferimento g10mai_lz_iii
gm10x0_lz_iii_i,l29d2_iii,1000,0,10a0,100k,B2,FIXJACK1,2.504e-13,3.023990,,sotto,mute da t_ins+t_grad+20 ms a t_rel
gm10x0_lz_iii_i,l29d2_iii,1000,0,10a0,100k,A_ins,FIXJACK2,8.045e-12,1.003760,2.000,sotto,riferimento g10sempre_lz_iii
gm10x0_lz_iii_i,l29d2_iii,1000,0,10a0,100k,A_rel,FIXJACK2,1.102e-11,3.991917,2.000,sotto,riferimento g10mai_lz_iii
gm10x0_lz_iii_i,l29d2_iii,1000,0,10a0,100k,B2,FIXJACK2,2.505e-13,3.023990,,sotto,mute da t_ins+t_grad+20 ms a t_rel
gm10x0_lz_iii_c,l29d2_iii,1000,0,10a0,100k,A_ins,MAINJACK,4.525e-08,3.024323,2.000,sotto,riferimento g0sempre_lz_iii
gm10x0_lz_iii_c,l29d2_iii,1000,0,10a0,100k,A_rel,MAINJACK,1.44e-11,6.787281,2.000,sotto,riferimento g0mai_lz_iii
gm10x0_lz_iii_c,l29d2_iii,1000,0,10a0,100k,B2,MAINJACK,5.039e-12,3.050969,,sotto,mute da t_ins+t_grad+20 ms a t_rel
gm10x0_lz_iii_c,l29d2_iii,1000,0,10a0,100k,A_ins,FIXJACK1,5.415e-12,3.024323,2.000,sotto,riferimento g0sempre_lz_iii
gm10x0_lz_iii_c,l29d2_iii,1000,0,10a0,100k,A_rel,FIXJACK1,1.478e-11,5.281750,2.000,sotto,riferimento g0mai_lz_iii
gm10x0_lz_iii_c,l29d2_iii,1000,0,10a0,100k,B2,FIXJACK1,6.256e-16,3.050125,,sotto,mute da t_ins+t_grad+20 ms a t_rel
gm10x0_lz_iii_c,l29d2_iii,1000,0,10a0,100k,A_ins,FIXJACK2,5.414e-12,3.024323,2.000,sotto,riferimento g0sempre_lz_iii
gm10x0_lz_iii_c,l29d2_iii,1000,0,10a0,100k,A_rel,FIXJACK2,1.455e-11,6.230583,2.000,sotto,riferimento g0mai_lz_iii
gm10x0_lz_iii_c,l29d2_iii,1000,0,10a0,100k,B2,FIXJACK2,5.933e-16,3.050125,,sotto,mute da t_ins+t_grad+20 ms a t_rel
pav_gm0x10_0_iii,pavimento,1000,0,0a10,100k,A_pav,MAINJACK,1.542e-11,1.024302,2.000,sotto,contro gm0x10_lz_iii_i
pav_gm0x10_0_iii,pavimento,1000,0,0a10,100k,A_pav,FIXJACK1,1.714e-11,1.024302,2.000,sotto,contro gm0x10_lz_iii_i
pav_gm0x10_0_iii,pavimento,1000,0,0a10,100k,A_pav,FIXJACK2,1.325e-11,1.024302,2.000,sotto,contro gm0x10_lz_iii_i
pav_gm0x10_1_iii,pavimento,1000,0,0a10,100k,A_pav,MAINJACK,6.839e-08,3.024313,2.000,sotto,contro gm0x10_lz_iii_i
pav_gm0x10_1_iii,pavimento,1000,0,0a10,100k,A_pav,FIXJACK1,5.485e-12,3.024458,2.000,sotto,contro gm0x10_lz_iii_i
pav_gm0x10_1_iii,pavimento,1000,0,0a10,100k,A_pav,FIXJACK2,5.485e-12,3.024458,2.000,sotto,contro gm0x10_lz_iii_i
pav_gm0x10_2_iii,pavimento,1000,0,0a10,100k,A_pav,MAINJACK,5.003e-11,5.370010,2.000,sotto,contro gm0x10_lz_iii_i
pav_gm0x10_2_iii,pavimento,1000,0,0a10,100k,A_pav,FIXJACK1,1.37e-11,5.680115,2.000,sotto,contro gm0x10_lz_iii_i
pav_gm0x10_2_iii,pavimento,1000,0,0a10,100k,A_pav,FIXJACK2,1.404e-11,5.715375,2.000,sotto,contro gm0x10_lz_iii_i
tm0x6_1k_iii_i,l29d2_iii,1000,3.818,t0a6,100k,A_ins,MAINJACK,12.72,1.024490,2.000,SOPRA,riferimento g10sempre_1k_iii
tm0x6_1k_iii_i,l29d2_iii,1000,3.818,t0a6,100k,A_rel,MAINJACK,12.71,3.024021,2.000,SOPRA,riferimento g10mai_1k_iii
tm0x6_1k_iii_i,l29d2_iii,1000,3.818,t0a6,100k,B2,MAINJACK,0.006723,1.050885,,SOPRA,mute da t_ins+t_grad+20 ms a t_rel
tm0x6_1k_iii_i,l29d2_iii,1000,3.818,t0a6,100k,B2g,MAINJACK,1.086e-05,2.292281,,sotto,jack grezzo da t_ins+t_grad+20 ms a t_rel (ADR-063)
tm0x6_1k_iii_i,l29d2_iii,1000,3.818,t0a6,100k,C1_ins,MAINJACK,7.063,1.024490,,SOPRA,"diagnostica, cond 1"
tm0x6_1k_iii_i,l29d2_iii,1000,3.818,t0a6,100k,C1_rel,MAINJACK,9.902e-06,3.024615,,sotto,"diagnostica, cond 1"
tm0x6_1k_iii_i,l29d2_iii,1000,3.818,t0a6,100k,C2_ins,MAINJACK,7.063,1.024490,,SOPRA,"riferimento g10sempre_1k_iii, cond 1"
tm0x6_1k_iii_i,l29d2_iii,1000,3.818,t0a6,100k,C2_rel,MAINJACK,0.0005127,3.007510,,sotto,"riferimento g10mai_1k_iii, cond 1"
tm0x6_1k_iii_i,l29d2_iii,1000,3.818,t0a6,100k,A_ins,FIXJACK1,4.04,1.024490,2.000,SOPRA,riferimento g10sempre_1k_iii
tm0x6_1k_iii_i,l29d2_iii,1000,3.818,t0a6,100k,A_rel,FIXJACK1,4.035,3.024021,2.000,SOPRA,riferimento g10mai_1k_iii
tm0x6_1k_iii_i,l29d2_iii,1000,3.818,t0a6,100k,B2,FIXJACK1,0.002136,1.050885,,SOPRA,mute da t_ins+t_grad+20 ms a t_rel
tm0x6_1k_iii_i,l29d2_iii,1000,3.818,t0a6,100k,B2g,FIXJACK1,3.444e-06,2.292281,,sotto,jack grezzo da t_ins+t_grad+20 ms a t_rel (ADR-063)
tm0x6_1k_iii_i,l29d2_iii,1000,3.818,t0a6,100k,C1_ins,FIXJACK1,2.244,1.024490,,SOPRA,"diagnostica, cond 1"
tm0x6_1k_iii_i,l29d2_iii,1000,3.818,t0a6,100k,C1_rel,FIXJACK1,2.958e-06,3.016885,,sotto,"diagnostica, cond 1"
tm0x6_1k_iii_i,l29d2_iii,1000,3.818,t0a6,100k,C2_ins,FIXJACK1,2.244,1.024490,,SOPRA,"riferimento g10sempre_1k_iii, cond 1"
tm0x6_1k_iii_i,l29d2_iii,1000,3.818,t0a6,100k,C2_rel,FIXJACK1,2.044e-05,3.016417,,sotto,"riferimento g10mai_1k_iii, cond 1"
tm0x6_1k_iii_i,l29d2_iii,1000,3.818,t0a6,100k,A_ins,FIXJACK2,4.04,1.024490,2.000,SOPRA,riferimento g10sempre_1k_iii
tm0x6_1k_iii_i,l29d2_iii,1000,3.818,t0a6,100k,A_rel,FIXJACK2,4.035,3.024021,2.000,SOPRA,riferimento g10mai_1k_iii
tm0x6_1k_iii_i,l29d2_iii,1000,3.818,t0a6,100k,B2,FIXJACK2,0.002136,1.050885,,SOPRA,mute da t_ins+t_grad+20 ms a t_rel
tm0x6_1k_iii_i,l29d2_iii,1000,3.818,t0a6,100k,B2g,FIXJACK2,3.444e-06,2.292281,,sotto,jack grezzo da t_ins+t_grad+20 ms a t_rel (ADR-063)
tm0x6_1k_iii_i,l29d2_iii,1000,3.818,t0a6,100k,C1_ins,FIXJACK2,2.244,1.024490,,SOPRA,"diagnostica, cond 1"
tm0x6_1k_iii_i,l29d2_iii,1000,3.818,t0a6,100k,C1_rel,FIXJACK2,2.958e-06,3.016885,,sotto,"diagnostica, cond 1"
tm0x6_1k_iii_i,l29d2_iii,1000,3.818,t0a6,100k,C2_ins,FIXJACK2,2.244,1.024490,,SOPRA,"riferimento g10sempre_1k_iii, cond 1"
tm0x6_1k_iii_i,l29d2_iii,1000,3.818,t0a6,100k,C2_rel,FIXJACK2,2.044e-05,3.016417,,sotto,"riferimento g10mai_1k_iii, cond 1"
tm0x6_1k_iii_c,l29d2_iii,1000,3.818,t0a6,100k,A_ins,MAINJACK,9.817e-06,3.024615,2.000,sotto,riferimento t6sempre_1k_iii
tm0x6_1k_iii_c,l29d2_iii,1000,3.818,t0a6,100k,A_rel,MAINJACK,6.37,5.024021,2.000,SOPRA,riferimento t6mai_1k_iii
tm0x6_1k_iii_c,l29d2_iii,1000,3.818,t0a6,100k,B2,MAINJACK,4.916e-07,3.046156,,sotto,mute da t_ins+t_grad+20 ms a t_rel
tm0x6_1k_iii_c,l29d2_iii,1000,3.818,t0a6,100k,B2g,MAINJACK,4.493e-07,3.524656,,sotto,jack grezzo da t_ins+t_grad+20 ms a t_rel (ADR-063)
tm0x6_1k_iii_c,l29d2_iii,1000,3.818,t0a6,100k,C1_ins,MAINJACK,9.902e-06,3.024615,,sotto,"diagnostica, cond 1"
tm0x6_1k_iii_c,l29d2_iii,1000,3.818,t0a6,100k,C1_rel,MAINJACK,6.122,5.049042,,SOPRA,"diagnostica, cond 1"
tm0x6_1k_iii_c,l29d2_iii,1000,3.818,t0a6,100k,C2_ins,MAINJACK,9.901e-06,3.024615,,sotto,"riferimento t6sempre_1k_iii, cond 1"
tm0x6_1k_iii_c,l29d2_iii,1000,3.818,t0a6,100k,C2_rel,MAINJACK,6.122,5.049042,,SOPRA,"riferimento t6mai_1k_iii, cond 1"
tm0x6_1k_iii_c,l29d2_iii,1000,3.818,t0a6,100k,A_ins,FIXJACK1,6.23e-07,3.024010,2.000,sotto,riferimento t6sempre_1k_iii
tm0x6_1k_iii_c,l29d2_iii,1000,3.818,t0a6,100k,A_rel,FIXJACK1,4.034,5.024021,2.000,SOPRA,riferimento t6mai_1k_iii
tm0x6_1k_iii_c,l29d2_iii,1000,3.818,t0a6,100k,B2,FIXJACK1,3.547e-07,3.045156,,sotto,mute da t_ins+t_grad+20 ms a t_rel
tm0x6_1k_iii_c,l29d2_iii,1000,3.818,t0a6,100k,B2g,FIXJACK1,3.41e-07,3.882156,,sotto,jack grezzo da t_ins+t_grad+20 ms a t_rel (ADR-063)
tm0x6_1k_iii_c,l29d2_iii,1000,3.818,t0a6,100k,C1_ins,FIXJACK1,2.958e-06,3.016885,,sotto,"diagnostica, cond 1"
tm0x6_1k_iii_c,l29d2_iii,1000,3.818,t0a6,100k,C1_rel,FIXJACK1,3.877,5.049042,,SOPRA,"diagnostica, cond 1"
tm0x6_1k_iii_c,l29d2_iii,1000,3.818,t0a6,100k,C2_ins,FIXJACK1,2.958e-06,3.016885,,sotto,"riferimento t6sempre_1k_iii, cond 1"
tm0x6_1k_iii_c,l29d2_iii,1000,3.818,t0a6,100k,C2_rel,FIXJACK1,3.877,5.049042,,SOPRA,"riferimento t6mai_1k_iii, cond 1"
tm0x6_1k_iii_c,l29d2_iii,1000,3.818,t0a6,100k,A_ins,FIXJACK2,6.23e-07,3.024010,2.000,sotto,riferimento t6sempre_1k_iii
tm0x6_1k_iii_c,l29d2_iii,1000,3.818,t0a6,100k,A_rel,FIXJACK2,4.034,5.024021,2.000,SOPRA,riferimento t6mai_1k_iii
tm0x6_1k_iii_c,l29d2_iii,1000,3.818,t0a6,100k,B2,FIXJACK2,3.547e-07,3.045156,,sotto,mute da t_ins+t_grad+20 ms a t_rel
tm0x6_1k_iii_c,l29d2_iii,1000,3.818,t0a6,100k,B2g,FIXJACK2,3.41e-07,3.882156,,sotto,jack grezzo da t_ins+t_grad+20 ms a t_rel (ADR-063)
tm0x6_1k_iii_c,l29d2_iii,1000,3.818,t0a6,100k,C1_ins,FIXJACK2,2.958e-06,3.016885,,sotto,"diagnostica, cond 1"
tm0x6_1k_iii_c,l29d2_iii,1000,3.818,t0a6,100k,C1_rel,FIXJACK2,3.877,5.049042,,SOPRA,"diagnostica, cond 1"
tm0x6_1k_iii_c,l29d2_iii,1000,3.818,t0a6,100k,C2_ins,FIXJACK2,2.958e-06,3.016885,,sotto,"riferimento t6sempre_1k_iii, cond 1"
tm0x6_1k_iii_c,l29d2_iii,1000,3.818,t0a6,100k,C2_rel,FIXJACK2,3.877,5.049042,,SOPRA,"riferimento t6mai_1k_iii, cond 1"
tm6x0_1k_iii_i,l29d2_iii,1000,3.818,t6a0,100k,A_ins,MAINJACK,6.371,1.024490,2.000,SOPRA,riferimento t6sempre_1k_iii
tm6x0_1k_iii_i,l29d2_iii,1000,3.818,t6a0,100k,A_rel,MAINJACK,6.37,3.024021,2.000,SOPRA,riferimento t6mai_1k_iii
tm6x0_1k_iii_i,l29d2_iii,1000,3.818,t6a0,100k,B2,MAINJACK,0.003425,1.050563,,SOPRA,mute da t_ins+t_grad+20 ms a t_rel
tm6x0_1k_iii_i,l29d2_iii,1000,3.818,t6a0,100k,B2g,MAINJACK,2.634e-05,2.422781,,sotto,jack grezzo da t_ins+t_grad+20 ms a t_rel (ADR-063)
tm6x0_1k_iii_i,l29d2_iii,1000,3.818,t6a0,100k,C1_ins,MAINJACK,3.538,1.024490,,SOPRA,"diagnostica, cond 1"
tm6x0_1k_iii_i,l29d2_iii,1000,3.818,t6a0,100k,C1_rel,MAINJACK,2.214e-05,3.188885,,sotto,"diagnostica, cond 1"
tm6x0_1k_iii_i,l29d2_iii,1000,3.818,t6a0,100k,C2_ins,MAINJACK,3.538,1.024490,,SOPRA,"riferimento t6sempre_1k_iii, cond 1"
tm6x0_1k_iii_i,l29d2_iii,1000,3.818,t6a0,100k,C2_rel,MAINJACK,7.921e-05,3.041135,,sotto,"riferimento t6mai_1k_iii, cond 1"
tm6x0_1k_iii_i,l29d2_iii,1000,3.818,t6a0,100k,A_ins,FIXJACK1,4.039,1.024490,2.000,SOPRA,riferimento t6sempre_1k_iii
tm6x0_1k_iii_i,l29d2_iii,1000,3.818,t6a0,100k,A_rel,FIXJACK1,4.034,3.024021,2.000,SOPRA,riferimento t6mai_1k_iii
tm6x0_1k_iii_i,l29d2_iii,1000,3.818,t6a0,100k,B2,FIXJACK1,0.002169,1.050896,,SOPRA,mute da t_ins+t_grad+20 ms a t_rel
tm6x0_1k_iii_i,l29d2_iii,1000,3.818,t6a0,100k,B2g,FIXJACK1,1.673e-05,2.422781,,sotto,jack grezzo da t_ins+t_grad+20 ms a t_rel (ADR-063)
tm6x0_1k_iii_i,l29d2_iii,1000,3.818,t6a0,100k,C1_ins,FIXJACK1,2.244,1.024490,,SOPRA,"diagnostica, cond 1"
tm6x0_1k_iii_i,l29d2_iii,1000,3.818,t6a0,100k,C1_rel,FIXJACK1,1.398e-05,3.188885,,sotto,"diagnostica, cond 1"
tm6x0_1k_iii_i,l29d2_iii,1000,3.818,t6a0,100k,C2_ins,FIXJACK1,2.244,1.024490,,SOPRA,"riferimento t6sempre_1k_iii, cond 1"
tm6x0_1k_iii_i,l29d2_iii,1000,3.818,t6a0,100k,C2_rel,FIXJACK1,3.103e-05,3.183406,,sotto,"riferimento t6mai_1k_iii, cond 1"
tm6x0_1k_iii_i,l29d2_iii,1000,3.818,t6a0,100k,A_ins,FIXJACK2,4.039,1.024490,2.000,SOPRA,riferimento t6sempre_1k_iii
tm6x0_1k_iii_i,l29d2_iii,1000,3.818,t6a0,100k,A_rel,FIXJACK2,4.034,3.024021,2.000,SOPRA,riferimento t6mai_1k_iii
tm6x0_1k_iii_i,l29d2_iii,1000,3.818,t6a0,100k,B2,FIXJACK2,0.002169,1.050896,,SOPRA,mute da t_ins+t_grad+20 ms a t_rel
tm6x0_1k_iii_i,l29d2_iii,1000,3.818,t6a0,100k,B2g,FIXJACK2,1.673e-05,2.422781,,sotto,jack grezzo da t_ins+t_grad+20 ms a t_rel (ADR-063)
tm6x0_1k_iii_i,l29d2_iii,1000,3.818,t6a0,100k,C1_ins,FIXJACK2,2.244,1.024490,,SOPRA,"diagnostica, cond 1"
tm6x0_1k_iii_i,l29d2_iii,1000,3.818,t6a0,100k,C1_rel,FIXJACK2,1.398e-05,3.188885,,sotto,"diagnostica, cond 1"
tm6x0_1k_iii_i,l29d2_iii,1000,3.818,t6a0,100k,C2_ins,FIXJACK2,2.244,1.024490,,SOPRA,"riferimento t6sempre_1k_iii, cond 1"
tm6x0_1k_iii_i,l29d2_iii,1000,3.818,t6a0,100k,C2_rel,FIXJACK2,3.103e-05,3.183406,,sotto,"riferimento t6mai_1k_iii, cond 1"
tm6x0_1k_iii_c,l29d2_iii,1000,3.818,t6a0,100k,A_ins,MAINJACK,2.203e-05,4.127229,2.000,sotto,riferimento g10sempre_1k_iii
tm6x0_1k_iii_c,l29d2_iii,1000,3.818,t6a0,100k,A_rel,MAINJACK,12.71,5.024021,2.000,SOPRA,riferimento g10mai_1k_iii
tm6x0_1k_iii_c,l29d2_iii,1000,3.818,t6a0,100k,B2,MAINJACK,2.206e-05,3.607229,,sotto,mute da t_ins+t_grad+20 ms a t_rel
tm6x0_1k_iii_c,l29d2_iii,1000,3.818,t6a0,100k,B2g,MAINJACK,2.429e-05,3.238281,,sotto,jack grezzo da t_ins+t_grad+20 ms a t_rel (ADR-063)
tm6x0_1k_iii_c,l29d2_iii,1000,3.818,t6a0,100k,C1_ins,MAINJACK,2.214e-05,3.188885,,sotto,"diagnostica, cond 1"
tm6x0_1k_iii_c,l29d2_iii,1000,3.818,t6a0,100k,C1_rel,MAINJACK,11.46,5.049031,,SOPRA,"diagnostica, cond 1"
tm6x0_1k_iii_c,l29d2_iii,1000,3.818,t6a0,100k,C2_ins,MAINJACK,2.205e-05,3.188885,,sotto,"riferimento g10sempre_1k_iii, cond 1"
tm6x0_1k_iii_c,l29d2_iii,1000,3.818,t6a0,100k,C2_rel,MAINJACK,11.46,5.049031,,SOPRA,"riferimento g10mai_1k_iii, cond 1"
tm6x0_1k_iii_c,l29d2_iii,1000,3.818,t6a0,100k,A_ins,FIXJACK1,1.396e-05,4.127229,2.000,sotto,riferimento g10sempre_1k_iii
tm6x0_1k_iii_c,l29d2_iii,1000,3.818,t6a0,100k,A_rel,FIXJACK1,4.035,5.024021,2.000,SOPRA,riferimento g10mai_1k_iii
tm6x0_1k_iii_c,l29d2_iii,1000,3.818,t6a0,100k,B2,FIXJACK1,1.376e-05,3.607229,,sotto,mute da t_ins+t_grad+20 ms a t_rel
tm6x0_1k_iii_c,l29d2_iii,1000,3.818,t6a0,100k,B2g,FIXJACK1,1.522e-05,3.238281,,sotto,jack grezzo da t_ins+t_grad+20 ms a t_rel (ADR-063)
tm6x0_1k_iii_c,l29d2_iii,1000,3.818,t6a0,100k,C1_ins,FIXJACK1,1.398e-05,3.188885,,sotto,"diagnostica, cond 1"
tm6x0_1k_iii_c,l29d2_iii,1000,3.818,t6a0,100k,C1_rel,FIXJACK1,3.873,5.049042,,SOPRA,"diagnostica, cond 1"
tm6x0_1k_iii_c,l29d2_iii,1000,3.818,t6a0,100k,C2_ins,FIXJACK1,1.398e-05,3.188885,,sotto,"riferimento g10sempre_1k_iii, cond 1"
tm6x0_1k_iii_c,l29d2_iii,1000,3.818,t6a0,100k,C2_rel,FIXJACK1,3.873,5.049042,,SOPRA,"riferimento g10mai_1k_iii, cond 1"
tm6x0_1k_iii_c,l29d2_iii,1000,3.818,t6a0,100k,A_ins,FIXJACK2,1.396e-05,4.127229,2.000,sotto,riferimento g10sempre_1k_iii
tm6x0_1k_iii_c,l29d2_iii,1000,3.818,t6a0,100k,A_rel,FIXJACK2,4.035,5.024021,2.000,SOPRA,riferimento g10mai_1k_iii
tm6x0_1k_iii_c,l29d2_iii,1000,3.818,t6a0,100k,B2,FIXJACK2,1.376e-05,3.607229,,sotto,mute da t_ins+t_grad+20 ms a t_rel
tm6x0_1k_iii_c,l29d2_iii,1000,3.818,t6a0,100k,B2g,FIXJACK2,1.522e-05,3.238281,,sotto,jack grezzo da t_ins+t_grad+20 ms a t_rel (ADR-063)
tm6x0_1k_iii_c,l29d2_iii,1000,3.818,t6a0,100k,C1_ins,FIXJACK2,1.398e-05,3.188885,,sotto,"diagnostica, cond 1"
tm6x0_1k_iii_c,l29d2_iii,1000,3.818,t6a0,100k,C1_rel,FIXJACK2,3.873,5.049042,,SOPRA,"diagnostica, cond 1"
tm6x0_1k_iii_c,l29d2_iii,1000,3.818,t6a0,100k,C2_ins,FIXJACK2,1.398e-05,3.188885,,sotto,"riferimento g10sempre_1k_iii, cond 1"
tm6x0_1k_iii_c,l29d2_iii,1000,3.818,t6a0,100k,C2_rel,FIXJACK2,3.873,5.049042,,SOPRA,"riferimento g10mai_1k_iii, cond 1"
tm6x12_1k_iii_i,l29d2_iii,1000,3.818,t6a12,100k,A_ins,MAINJACK,6.371,1.024490,2.000,SOPRA,riferimento t6sempre_1k_iii
tm6x12_1k_iii_i,l29d2_iii,1000,3.818,t6a12,100k,A_rel,MAINJACK,6.37,3.024021,2.000,SOPRA,riferimento t6mai_1k_iii
tm6x12_1k_iii_i,l29d2_iii,1000,3.818,t6a12,100k,B2,MAINJACK,0.003411,1.050979,,SOPRA,mute da t_ins+t_grad+20 ms a t_rel
tm6x12_1k_iii_i,l29d2_iii,1000,3.818,t6a12,100k,B2g,MAINJACK,3.741e-05,2.959781,,sotto,jack grezzo da t_ins+t_grad+20 ms a t_rel (ADR-063)
tm6x12_1k_iii_i,l29d2_iii,1000,3.818,t6a12,100k,C1_ins,MAINJACK,3.539,1.024490,,SOPRA,"diagnostica, cond 1"
tm6x12_1k_iii_i,l29d2_iii,1000,3.818,t6a12,100k,C1_rel,MAINJACK,3.03e-05,3.024625,,sotto,"diagnostica, cond 1"
tm6x12_1k_iii_i,l29d2_iii,1000,3.818,t6a12,100k,C2_ins,MAINJACK,3.539,1.024490,,SOPRA,"riferimento t6sempre_1k_iii, cond 1"
tm6x12_1k_iii_i,l29d2_iii,1000,3.818,t6a12,100k,C2_rel,MAINJACK,8.141e-05,3.021146,,sotto,"riferimento t6mai_1k_iii, cond 1"
tm6x12_1k_iii_i,l29d2_iii,1000,3.818,t6a12,100k,A_ins,FIXJACK1,4.039,1.024490,2.000,SOPRA,riferimento t6sempre_1k_iii
tm6x12_1k_iii_i,l29d2_iii,1000,3.818,t6a12,100k,A_rel,FIXJACK1,4.034,3.024021,2.000,SOPRA,riferimento t6mai_1k_iii
tm6x12_1k_iii_i,l29d2_iii,1000,3.818,t6a12,100k,B2,FIXJACK1,0.00216,1.050979,,SOPRA,mute da t_ins+t_grad+20 ms a t_rel
tm6x12_1k_iii_i,l29d2_iii,1000,3.818,t6a12,100k,B2g,FIXJACK1,2.372e-05,2.959781,,sotto,jack grezzo da t_ins+t_grad+20 ms a t_rel (ADR-063)
tm6x12_1k_iii_i,l29d2_iii,1000,3.818,t6a12,100k,C1_ins,FIXJACK1,2.244,1.024490,,SOPRA,"diagnostica, cond 1"
tm6x12_1k_iii_i,l29d2_iii,1000,3.818,t6a12,100k,C1_rel,FIXJACK1,1.768e-05,3.024635,,sotto,"diagnostica, cond 1"
tm6x12_1k_iii_i,l29d2_iii,1000,3.818,t6a12,100k,C2_ins,FIXJACK1,2.244,1.024490,,SOPRA,"riferimento t6sempre_1k_iii, cond 1"
tm6x12_1k_iii_i,l29d2_iii,1000,3.818,t6a12,100k,C2_rel,FIXJACK1,3.01e-05,3.090937,,sotto,"riferimento t6mai_1k_iii, cond 1"
tm6x12_1k_iii_i,l29d2_iii,1000,3.818,t6a12,100k,A_ins,FIXJACK2,4.039,1.024490,2.000,SOPRA,riferimento t6sempre_1k_iii
tm6x12_1k_iii_i,l29d2_iii,1000,3.818,t6a12,100k,A_rel,FIXJACK2,4.034,3.024021,2.000,SOPRA,riferimento t6mai_1k_iii
tm6x12_1k_iii_i,l29d2_iii,1000,3.818,t6a12,100k,B2,FIXJACK2,0.00216,1.050979,,SOPRA,mute da t_ins+t_grad+20 ms a t_rel
tm6x12_1k_iii_i,l29d2_iii,1000,3.818,t6a12,100k,B2g,FIXJACK2,2.372e-05,2.959781,,sotto,jack grezzo da t_ins+t_grad+20 ms a t_rel (ADR-063)
tm6x12_1k_iii_i,l29d2_iii,1000,3.818,t6a12,100k,C1_ins,FIXJACK2,2.244,1.024490,,SOPRA,"diagnostica, cond 1"
tm6x12_1k_iii_i,l29d2_iii,1000,3.818,t6a12,100k,C1_rel,FIXJACK2,1.768e-05,3.024635,,sotto,"diagnostica, cond 1"
tm6x12_1k_iii_i,l29d2_iii,1000,3.818,t6a12,100k,C2_ins,FIXJACK2,2.244,1.024490,,SOPRA,"riferimento t6sempre_1k_iii, cond 1"
tm6x12_1k_iii_i,l29d2_iii,1000,3.818,t6a12,100k,C2_rel,FIXJACK2,3.01e-05,3.090937,,sotto,"riferimento t6mai_1k_iii, cond 1"
tm6x12_1k_iii_c,l29d2_iii,1000,3.818,t6a12,100k,A_ins,MAINJACK,3.008e-05,3.024625,2.000,sotto,riferimento t12sempre_1k_iii
tm6x12_1k_iii_c,l29d2_iii,1000,3.818,t6a12,100k,A_rel,MAINJACK,3.216,5.024021,2.000,SOPRA,riferimento t12mai_1k_iii
tm6x12_1k_iii_c,l29d2_iii,1000,3.818,t6a12,100k,B2,MAINJACK,2.518e-05,3.088469,,sotto,mute da t_ins+t_grad+20 ms a t_rel
tm6x12_1k_iii_c,l29d2_iii,1000,3.818,t6a12,100k,B2g,MAINJACK,3.685e-05,4.391781,,sotto,jack grezzo da t_ins+t_grad+20 ms a t_rel (ADR-063)
tm6x12_1k_iii_c,l29d2_iii,1000,3.818,t6a12,100k,C1_ins,MAINJACK,3.03e-05,3.024625,,sotto,"diagnostica, cond 1"
tm6x12_1k_iii_c,l29d2_iii,1000,3.818,t6a12,100k,C1_rel,MAINJACK,3.077,5.049042,,SOPRA,"diagnostica, cond 1"
tm6x12_1k_iii_c,l29d2_iii,1000,3.818,t6a12,100k,C2_ins,MAINJACK,3.03e-05,3.024625,,sotto,"riferimento t12sempre_1k_iii, cond 1"
tm6x12_1k_iii_c,l29d2_iii,1000,3.818,t6a12,100k,C2_rel,MAINJACK,3.077,5.049042,,SOPRA,"riferimento t12mai_1k_iii, cond 1"
tm6x12_1k_iii_c,l29d2_iii,1000,3.818,t6a12,100k,A_ins,FIXJACK1,1.745e-05,3.024635,2.000,sotto,riferimento t12sempre_1k_iii
tm6x12_1k_iii_c,l29d2_iii,1000,3.818,t6a12,100k,A_rel,FIXJACK1,4.034,5.024021,2.000,SOPRA,riferimento t12mai_1k_iii
tm6x12_1k_iii_c,l29d2_iii,1000,3.818,t6a12,100k,B2,FIXJACK1,1.601e-05,3.088469,,sotto,mute da t_ins+t_grad+20 ms a t_rel
tm6x12_1k_iii_c,l29d2_iii,1000,3.818,t6a12,100k,B2g,FIXJACK1,2.346e-05,4.391781,,sotto,jack grezzo da t_ins+t_grad+20 ms a t_rel (ADR-063)
tm6x12_1k_iii_c,l29d2_iii,1000,3.818,t6a12,100k,C1_ins,FIXJACK1,1.768e-05,3.024635,,sotto,"diagnostica, cond 1"
tm6x12_1k_iii_c,l29d2_iii,1000,3.818,t6a12,100k,C1_rel,FIXJACK1,3.865,5.049042,,SOPRA,"diagnostica, cond 1"
tm6x12_1k_iii_c,l29d2_iii,1000,3.818,t6a12,100k,C2_ins,FIXJACK1,1.768e-05,3.024635,,sotto,"riferimento t12sempre_1k_iii, cond 1"
tm6x12_1k_iii_c,l29d2_iii,1000,3.818,t6a12,100k,C2_rel,FIXJACK1,3.865,5.049042,,SOPRA,"riferimento t12mai_1k_iii, cond 1"
tm6x12_1k_iii_c,l29d2_iii,1000,3.818,t6a12,100k,A_ins,FIXJACK2,1.745e-05,3.024635,2.000,sotto,riferimento t12sempre_1k_iii
tm6x12_1k_iii_c,l29d2_iii,1000,3.818,t6a12,100k,A_rel,FIXJACK2,4.034,5.024021,2.000,SOPRA,riferimento t12mai_1k_iii
tm6x12_1k_iii_c,l29d2_iii,1000,3.818,t6a12,100k,B2,FIXJACK2,1.601e-05,3.088469,,sotto,mute da t_ins+t_grad+20 ms a t_rel
tm6x12_1k_iii_c,l29d2_iii,1000,3.818,t6a12,100k,B2g,FIXJACK2,2.346e-05,4.391781,,sotto,jack grezzo da t_ins+t_grad+20 ms a t_rel (ADR-063)
tm6x12_1k_iii_c,l29d2_iii,1000,3.818,t6a12,100k,C1_ins,FIXJACK2,1.768e-05,3.024635,,sotto,"diagnostica, cond 1"
tm6x12_1k_iii_c,l29d2_iii,1000,3.818,t6a12,100k,C1_rel,FIXJACK2,3.865,5.049042,,SOPRA,"diagnostica, cond 1"
tm6x12_1k_iii_c,l29d2_iii,1000,3.818,t6a12,100k,C2_ins,FIXJACK2,1.768e-05,3.024635,,sotto,"riferimento t12sempre_1k_iii, cond 1"
tm6x12_1k_iii_c,l29d2_iii,1000,3.818,t6a12,100k,C2_rel,FIXJACK2,3.865,5.049042,,SOPRA,"riferimento t12mai_1k_iii, cond 1"
tm12x6_1k_iii_i,l29d2_iii,1000,3.818,t12a6,100k,A_ins,MAINJACK,3.217,1.024490,2.000,SOPRA,riferimento t12sempre_1k_iii
tm12x6_1k_iii_i,l29d2_iii,1000,3.818,t12a6,100k,A_rel,MAINJACK,3.216,3.024021,2.000,SOPRA,riferimento t12mai_1k_iii
tm12x6_1k_iii_i,l29d2_iii,1000,3.818,t12a6,100k,B2,MAINJACK,0.00173,1.050583,,SOPRA,mute da t_ins+t_grad+20 ms a t_rel
tm12x6_1k_iii_i,l29d2_iii,1000,3.818,t12a6,100k,B2g,MAINJACK,4.762e-06,1.630281,,sotto,jack grezzo da t_ins+t_grad+20 ms a t_rel (ADR-063)
tm12x6_1k_iii_i,l29d2_iii,1000,3.818,t12a6,100k,C1_ins,MAINJACK,1.786,1.024490,,SOPRA,"diagnostica, cond 1"
tm12x6_1k_iii_i,l29d2_iii,1000,3.818,t12a6,100k,C1_rel,MAINJACK,1.112e-05,3.025010,,sotto,"diagnostica, cond 1"
tm12x6_1k_iii_i,l29d2_iii,1000,3.818,t12a6,100k,C2_ins,MAINJACK,1.786,1.024490,,SOPRA,"riferimento t12sempre_1k_iii, cond 1"
tm12x6_1k_iii_i,l29d2_iii,1000,3.818,t12a6,100k,C2_rel,MAINJACK,2.152e-05,3.069146,,sotto,"riferimento t12mai_1k_iii, cond 1"
tm12x6_1k_iii_i,l29d2_iii,1000,3.818,t12a6,100k,A_ins,FIXJACK1,4.039,1.024490,2.000,SOPRA,riferimento t12sempre_1k_iii
tm12x6_1k_iii_i,l29d2_iii,1000,3.818,t12a6,100k,A_rel,FIXJACK1,4.034,3.024021,2.000,SOPRA,riferimento t12mai_1k_iii
tm12x6_1k_iii_i,l29d2_iii,1000,3.818,t12a6,100k,B2,FIXJACK1,0.00217,1.050583,,SOPRA,mute da t_ins+t_grad+20 ms a t_rel
tm12x6_1k_iii_i,l29d2_iii,1000,3.818,t12a6,100k,B2g,FIXJACK1,6.008e-06,1.630281,,sotto,jack grezzo da t_ins+t_grad+20 ms a t_rel (ADR-063)
tm12x6_1k_iii_i,l29d2_iii,1000,3.818,t12a6,100k,C1_ins,FIXJACK1,2.244,1.024490,,SOPRA,"diagnostica, cond 1"
tm12x6_1k_iii_i,l29d2_iii,1000,3.818,t12a6,100k,C1_rel,FIXJACK1,4.464e-06,3.144104,,sotto,"diagnostica, cond 1"
tm12x6_1k_iii_i,l29d2_iii,1000,3.818,t12a6,100k,C2_ins,FIXJACK1,2.244,1.024490,,SOPRA,"riferimento t12sempre_1k_iii, cond 1"
tm12x6_1k_iii_i,l29d2_iii,1000,3.818,t12a6,100k,C2_rel,FIXJACK1,2.144e-05,3.069146,,sotto,"riferimento t12mai_1k_iii, cond 1"
tm12x6_1k_iii_i,l29d2_iii,1000,3.818,t12a6,100k,A_ins,FIXJACK2,4.039,1.024490,2.000,SOPRA,riferimento t12sempre_1k_iii
tm12x6_1k_iii_i,l29d2_iii,1000,3.818,t12a6,100k,A_rel,FIXJACK2,4.034,3.024021,2.000,SOPRA,riferimento t12mai_1k_iii
tm12x6_1k_iii_i,l29d2_iii,1000,3.818,t12a6,100k,B2,FIXJACK2,0.00217,1.050583,,SOPRA,mute da t_ins+t_grad+20 ms a t_rel
tm12x6_1k_iii_i,l29d2_iii,1000,3.818,t12a6,100k,B2g,FIXJACK2,6.008e-06,1.630281,,sotto,jack grezzo da t_ins+t_grad+20 ms a t_rel (ADR-063)
tm12x6_1k_iii_i,l29d2_iii,1000,3.818,t12a6,100k,C1_ins,FIXJACK2,2.244,1.024490,,SOPRA,"diagnostica, cond 1"
tm12x6_1k_iii_i,l29d2_iii,1000,3.818,t12a6,100k,C1_rel,FIXJACK2,4.464e-06,3.144104,,sotto,"diagnostica, cond 1"
tm12x6_1k_iii_i,l29d2_iii,1000,3.818,t12a6,100k,C2_ins,FIXJACK2,2.244,1.024490,,SOPRA,"riferimento t12sempre_1k_iii, cond 1"
tm12x6_1k_iii_i,l29d2_iii,1000,3.818,t12a6,100k,C2_rel,FIXJACK2,2.144e-05,3.069146,,sotto,"riferimento t12mai_1k_iii, cond 1"
tm12x6_1k_iii_c,l29d2_iii,1000,3.818,t12a6,100k,A_ins,MAINJACK,1.13e-05,3.025010,2.000,sotto,riferimento t6sempre_1k_iii
tm12x6_1k_iii_c,l29d2_iii,1000,3.818,t12a6,100k,A_rel,MAINJACK,6.37,5.024021,2.000,SOPRA,riferimento t6mai_1k_iii
tm12x6_1k_iii_c,l29d2_iii,1000,3.818,t12a6,100k,B2,MAINJACK,3.743e-06,3.144104,,sotto,mute da t_ins+t_grad+20 ms a t_rel
tm12x6_1k_iii_c,l29d2_iii,1000,3.818,t12a6,100k,B2g,MAINJACK,4.916e-06,4.970781,,sotto,jack grezzo da t_ins+t_grad+20 ms a t_rel (ADR-063)
tm12x6_1k_iii_c,l29d2_iii,1000,3.818,t12a6,100k,C1_ins,MAINJACK,1.112e-05,3.025010,,sotto,"diagnostica, cond 1"
tm12x6_1k_iii_c,l29d2_iii,1000,3.818,t12a6,100k,C1_rel,MAINJACK,6.118,5.049042,,SOPRA,"diagnostica, cond 1"
tm12x6_1k_iii_c,l29d2_iii,1000,3.818,t12a6,100k,C2_ins,MAINJACK,1.112e-05,3.025010,,sotto,"riferimento t6sempre_1k_iii, cond 1"
tm12x6_1k_iii_c,l29d2_iii,1000,3.818,t12a6,100k,C2_rel,MAINJACK,6.118,5.049042,,SOPRA,"riferimento t6mai_1k_iii, cond 1"
tm12x6_1k_iii_c,l29d2_iii,1000,3.818,t12a6,100k,A_ins,FIXJACK1,4.212e-06,4.721260,2.000,sotto,riferimento t6sempre_1k_iii
tm12x6_1k_iii_c,l29d2_iii,1000,3.818,t12a6,100k,A_rel,FIXJACK1,4.034,5.024021,2.000,SOPRA,riferimento t6mai_1k_iii
tm12x6_1k_iii_c,l29d2_iii,1000,3.818,t12a6,100k,B2,FIXJACK1,4.483e-06,4.721260,,sotto,mute da t_ins+t_grad+20 ms a t_rel
tm12x6_1k_iii_c,l29d2_iii,1000,3.818,t12a6,100k,B2g,FIXJACK1,6.007e-06,3.838781,,sotto,jack grezzo da t_ins+t_grad+20 ms a t_rel (ADR-063)
tm12x6_1k_iii_c,l29d2_iii,1000,3.818,t12a6,100k,C1_ins,FIXJACK1,4.464e-06,3.144104,,sotto,"diagnostica, cond 1"
tm12x6_1k_iii_c,l29d2_iii,1000,3.818,t12a6,100k,C1_rel,FIXJACK1,3.873,5.049042,,SOPRA,"diagnostica, cond 1"
tm12x6_1k_iii_c,l29d2_iii,1000,3.818,t12a6,100k,C2_ins,FIXJACK1,4.464e-06,3.144104,,sotto,"riferimento t6sempre_1k_iii, cond 1"
tm12x6_1k_iii_c,l29d2_iii,1000,3.818,t12a6,100k,C2_rel,FIXJACK1,3.873,5.049042,,SOPRA,"riferimento t6mai_1k_iii, cond 1"
tm12x6_1k_iii_c,l29d2_iii,1000,3.818,t12a6,100k,A_ins,FIXJACK2,4.212e-06,4.721260,2.000,sotto,riferimento t6sempre_1k_iii
tm12x6_1k_iii_c,l29d2_iii,1000,3.818,t12a6,100k,A_rel,FIXJACK2,4.034,5.024021,2.000,SOPRA,riferimento t6mai_1k_iii
tm12x6_1k_iii_c,l29d2_iii,1000,3.818,t12a6,100k,B2,FIXJACK2,4.483e-06,4.721260,,sotto,mute da t_ins+t_grad+20 ms a t_rel
tm12x6_1k_iii_c,l29d2_iii,1000,3.818,t12a6,100k,B2g,FIXJACK2,6.007e-06,3.838781,,sotto,jack grezzo da t_ins+t_grad+20 ms a t_rel (ADR-063)
tm12x6_1k_iii_c,l29d2_iii,1000,3.818,t12a6,100k,C1_ins,FIXJACK2,4.464e-06,3.144104,,sotto,"diagnostica, cond 1"
tm12x6_1k_iii_c,l29d2_iii,1000,3.818,t12a6,100k,C1_rel,FIXJACK2,3.873,5.049042,,SOPRA,"diagnostica, cond 1"
tm12x6_1k_iii_c,l29d2_iii,1000,3.818,t12a6,100k,C2_ins,FIXJACK2,4.464e-06,3.144104,,sotto,"riferimento t6sempre_1k_iii, cond 1"
tm12x6_1k_iii_c,l29d2_iii,1000,3.818,t12a6,100k,C2_rel,FIXJACK2,3.873,5.049042,,SOPRA,"riferimento t6mai_1k_iii, cond 1"
tm0x12_1k_iii_i,l29d2_iii,1000,3.818,t0a12,100k,A_ins,MAINJACK,12.72,1.024490,2.000,SOPRA,riferimento g10sempre_1k_iii
tm0x12_1k_iii_i,l29d2_iii,1000,3.818,t0a12,100k,A_rel,MAINJACK,12.71,3.024021,2.000,SOPRA,riferimento g10mai_1k_iii
tm0x12_1k_iii_i,l29d2_iii,1000,3.818,t0a12,100k,B2,MAINJACK,0.006723,1.050885,,SOPRA,mute da t_ins+t_grad+20 ms a t_rel
tm0x12_1k_iii_i,l29d2_iii,1000,3.818,t0a12,100k,B2g,MAINJACK,1.086e-05,2.292281,,sotto,jack grezzo da t_ins+t_grad+20 ms a t_rel (ADR-063)
tm0x12_1k_iii_i,l29d2_iii,1000,3.818,t0a12,100k,C1_ins,MAINJACK,7.063,1.024490,,SOPRA,"diagnostica, cond 1"
tm0x12_1k_iii_i,l29d2_iii,1000,3.818,t0a12,100k,C1_rel,MAINJACK,9.589e-06,3.024615,,sotto,"diagnostica, cond 1"
tm0x12_1k_iii_i,l29d2_iii,1000,3.818,t0a12,100k,C2_ins,MAINJACK,7.063,1.024490,,SOPRA,"riferimento g10sempre_1k_iii, cond 1"
tm0x12_1k_iii_i,l29d2_iii,1000,3.818,t0a12,100k,C2_rel,MAINJACK,0.0005127,3.007510,,sotto,"riferimento g10mai_1k_iii, cond 1"
tm0x12_1k_iii_i,l29d2_iii,1000,3.818,t0a12,100k,A_ins,FIXJACK1,4.04,1.024490,2.000,SOPRA,riferimento g10sempre_1k_iii
tm0x12_1k_iii_i,l29d2_iii,1000,3.818,t0a12,100k,A_rel,FIXJACK1,4.035,3.024021,2.000,SOPRA,riferimento g10mai_1k_iii
tm0x12_1k_iii_i,l29d2_iii,1000,3.818,t0a12,100k,B2,FIXJACK1,0.002136,1.050885,,SOPRA,mute da t_ins+t_grad+20 ms a t_rel
tm0x12_1k_iii_i,l29d2_iii,1000,3.818,t0a12,100k,B2g,FIXJACK1,3.444e-06,2.292281,,sotto,jack grezzo da t_ins+t_grad+20 ms a t_rel (ADR-063)
tm0x12_1k_iii_i,l29d2_iii,1000,3.818,t0a12,100k,C1_ins,FIXJACK1,2.244,1.024490,,SOPRA,"diagnostica, cond 1"
tm0x12_1k_iii_i,l29d2_iii,1000,3.818,t0a12,100k,C1_rel,FIXJACK1,2.958e-06,3.016885,,sotto,"diagnostica, cond 1"
tm0x12_1k_iii_i,l29d2_iii,1000,3.818,t0a12,100k,C2_ins,FIXJACK1,2.244,1.024490,,SOPRA,"riferimento g10sempre_1k_iii, cond 1"
tm0x12_1k_iii_i,l29d2_iii,1000,3.818,t0a12,100k,C2_rel,FIXJACK1,2.044e-05,3.016417,,sotto,"riferimento g10mai_1k_iii, cond 1"
tm0x12_1k_iii_i,l29d2_iii,1000,3.818,t0a12,100k,A_ins,FIXJACK2,4.04,1.024490,2.000,SOPRA,riferimento g10sempre_1k_iii
tm0x12_1k_iii_i,l29d2_iii,1000,3.818,t0a12,100k,A_rel,FIXJACK2,4.035,3.024021,2.000,SOPRA,riferimento g10mai_1k_iii
tm0x12_1k_iii_i,l29d2_iii,1000,3.818,t0a12,100k,B2,FIXJACK2,0.002136,1.050885,,SOPRA,mute da t_ins+t_grad+20 ms a t_rel
tm0x12_1k_iii_i,l29d2_iii,1000,3.818,t0a12,100k,B2g,FIXJACK2,3.444e-06,2.292281,,sotto,jack grezzo da t_ins+t_grad+20 ms a t_rel (ADR-063)
tm0x12_1k_iii_i,l29d2_iii,1000,3.818,t0a12,100k,C1_ins,FIXJACK2,2.244,1.024490,,SOPRA,"diagnostica, cond 1"
tm0x12_1k_iii_i,l29d2_iii,1000,3.818,t0a12,100k,C1_rel,FIXJACK2,2.958e-06,3.016885,,sotto,"diagnostica, cond 1"
tm0x12_1k_iii_i,l29d2_iii,1000,3.818,t0a12,100k,C2_ins,FIXJACK2,2.244,1.024490,,SOPRA,"riferimento g10sempre_1k_iii, cond 1"
tm0x12_1k_iii_i,l29d2_iii,1000,3.818,t0a12,100k,C2_rel,FIXJACK2,2.044e-05,3.016417,,sotto,"riferimento g10mai_1k_iii, cond 1"
tm0x12_1k_iii_c,l29d2_iii,1000,3.818,t0a12,100k,A_ins,MAINJACK,9.657e-06,3.024615,2.000,sotto,riferimento t12sempre_1k_iii
tm0x12_1k_iii_c,l29d2_iii,1000,3.818,t0a12,100k,A_rel,MAINJACK,3.216,5.024021,2.000,SOPRA,riferimento t12mai_1k_iii
tm0x12_1k_iii_c,l29d2_iii,1000,3.818,t0a12,100k,B2,MAINJACK,2.687e-07,3.045156,,sotto,mute da t_ins+t_grad+20 ms a t_rel
tm0x12_1k_iii_c,l29d2_iii,1000,3.818,t0a12,100k,B2g,MAINJACK,2.267e-07,4.338156,,sotto,jack grezzo da t_ins+t_grad+20 ms a t_rel (ADR-063)
tm0x12_1k_iii_c,l29d2_iii,1000,3.818,t0a12,100k,C1_ins,MAINJACK,9.589e-06,3.024615,,sotto,"diagnostica, cond 1"
tm0x12_1k_iii_c,l29d2_iii,1000,3.818,t0a12,100k,C1_rel,MAINJACK,3.092,5.049042,,SOPRA,"diagnostica, cond 1"
tm0x12_1k_iii_c,l29d2_iii,1000,3.818,t0a12,100k,C2_ins,MAINJACK,9.589e-06,3.024615,,sotto,"riferimento t12sempre_1k_iii, cond 1"
tm0x12_1k_iii_c,l29d2_iii,1000,3.818,t0a12,100k,C2_rel,MAINJACK,3.092,5.049042,,SOPRA,"riferimento t12mai_1k_iii, cond 1"
tm0x12_1k_iii_c,l29d2_iii,1000,3.818,t0a12,100k,A_ins,FIXJACK1,6.234e-07,3.024010,2.000,sotto,riferimento t12sempre_1k_iii
tm0x12_1k_iii_c,l29d2_iii,1000,3.818,t0a12,100k,A_rel,FIXJACK1,4.034,5.024021,2.000,SOPRA,riferimento t12mai_1k_iii
tm0x12_1k_iii_c,l29d2_iii,1000,3.818,t0a12,100k,B2,FIXJACK1,3.548e-07,3.046156,,sotto,mute da t_ins+t_grad+20 ms a t_rel
tm0x12_1k_iii_c,l29d2_iii,1000,3.818,t0a12,100k,B2g,FIXJACK1,3.416e-07,4.764146,,sotto,jack grezzo da t_ins+t_grad+20 ms a t_rel (ADR-063)
tm0x12_1k_iii_c,l29d2_iii,1000,3.818,t0a12,100k,C1_ins,FIXJACK1,2.958e-06,3.016885,,sotto,"diagnostica, cond 1"
tm0x12_1k_iii_c,l29d2_iii,1000,3.818,t0a12,100k,C1_rel,FIXJACK1,3.875,5.049042,,SOPRA,"diagnostica, cond 1"
tm0x12_1k_iii_c,l29d2_iii,1000,3.818,t0a12,100k,C2_ins,FIXJACK1,2.958e-06,3.016885,,sotto,"riferimento t12sempre_1k_iii, cond 1"
tm0x12_1k_iii_c,l29d2_iii,1000,3.818,t0a12,100k,C2_rel,FIXJACK1,3.875,5.049042,,SOPRA,"riferimento t12mai_1k_iii, cond 1"
tm0x12_1k_iii_c,l29d2_iii,1000,3.818,t0a12,100k,A_ins,FIXJACK2,6.234e-07,3.024010,2.000,sotto,riferimento t12sempre_1k_iii
tm0x12_1k_iii_c,l29d2_iii,1000,3.818,t0a12,100k,A_rel,FIXJACK2,4.034,5.024021,2.000,SOPRA,riferimento t12mai_1k_iii
tm0x12_1k_iii_c,l29d2_iii,1000,3.818,t0a12,100k,B2,FIXJACK2,3.548e-07,3.046156,,sotto,mute da t_ins+t_grad+20 ms a t_rel
tm0x12_1k_iii_c,l29d2_iii,1000,3.818,t0a12,100k,B2g,FIXJACK2,3.416e-07,4.764146,,sotto,jack grezzo da t_ins+t_grad+20 ms a t_rel (ADR-063)
tm0x12_1k_iii_c,l29d2_iii,1000,3.818,t0a12,100k,C1_ins,FIXJACK2,2.958e-06,3.016885,,sotto,"diagnostica, cond 1"
tm0x12_1k_iii_c,l29d2_iii,1000,3.818,t0a12,100k,C1_rel,FIXJACK2,3.875,5.049042,,SOPRA,"diagnostica, cond 1"
tm0x12_1k_iii_c,l29d2_iii,1000,3.818,t0a12,100k,C2_ins,FIXJACK2,2.958e-06,3.016885,,sotto,"riferimento t12sempre_1k_iii, cond 1"
tm0x12_1k_iii_c,l29d2_iii,1000,3.818,t0a12,100k,C2_rel,FIXJACK2,3.875,5.049042,,SOPRA,"riferimento t12mai_1k_iii, cond 1"
tm12x0_1k_iii_i,l29d2_iii,1000,3.818,t12a0,100k,A_ins,MAINJACK,3.217,1.024490,2.000,SOPRA,riferimento t12sempre_1k_iii
tm12x0_1k_iii_i,l29d2_iii,1000,3.818,t12a0,100k,A_rel,MAINJACK,3.216,3.024021,2.000,SOPRA,riferimento t12mai_1k_iii
tm12x0_1k_iii_i,l29d2_iii,1000,3.818,t12a0,100k,B2,MAINJACK,0.00173,1.050583,,SOPRA,mute da t_ins+t_grad+20 ms a t_rel
tm12x0_1k_iii_i,l29d2_iii,1000,3.818,t12a0,100k,B2g,MAINJACK,4.762e-06,1.630281,,sotto,jack grezzo da t_ins+t_grad+20 ms a t_rel (ADR-063)
tm12x0_1k_iii_i,l29d2_iii,1000,3.818,t12a0,100k,C1_ins,MAINJACK,1.786,1.024490,,SOPRA,"diagnostica, cond 1"
tm12x0_1k_iii_i,l29d2_iii,1000,3.818,t12a0,100k,C1_rel,MAINJACK,1.422e-05,3.025531,,sotto,"diagnostica, cond 1"
tm12x0_1k_iii_i,l29d2_iii,1000,3.818,t12a0,100k,C2_ins,MAINJACK,1.786,1.024490,,SOPRA,"riferimento t12sempre_1k_iii, cond 1"
tm12x0_1k_iii_i,l29d2_iii,1000,3.818,t12a0,100k,C2_rel,MAINJACK,2.215e-05,3.025167,,sotto,"riferimento t12mai_1k_iii, cond 1"
tm12x0_1k_iii_i,l29d2_iii,1000,3.818,t12a0,100k,A_ins,FIXJACK1,4.039,1.024490,2.000,SOPRA,riferimento t12sempre_1k_iii
tm12x0_1k_iii_i,l29d2_iii,1000,3.818,t12a0,100k,A_rel,FIXJACK1,4.034,3.024021,2.000,SOPRA,riferimento t12mai_1k_iii
tm12x0_1k_iii_i,l29d2_iii,1000,3.818,t12a0,100k,B2,FIXJACK1,0.00217,1.050583,,SOPRA,mute da t_ins+t_grad+20 ms a t_rel
tm12x0_1k_iii_i,l29d2_iii,1000,3.818,t12a0,100k,B2g,FIXJACK1,6.008e-06,1.630281,,sotto,jack grezzo da t_ins+t_grad+20 ms a t_rel (ADR-063)
tm12x0_1k_iii_i,l29d2_iii,1000,3.818,t12a0,100k,C1_ins,FIXJACK1,2.244,1.024490,,SOPRA,"diagnostica, cond 1"
tm12x0_1k_iii_i,l29d2_iii,1000,3.818,t12a0,100k,C1_rel,FIXJACK1,4.908e-06,3.215229,,sotto,"diagnostica, cond 1"
tm12x0_1k_iii_i,l29d2_iii,1000,3.818,t12a0,100k,C2_ins,FIXJACK1,2.244,1.024490,,SOPRA,"riferimento t12sempre_1k_iii, cond 1"
tm12x0_1k_iii_i,l29d2_iii,1000,3.818,t12a0,100k,C2_rel,FIXJACK1,2.214e-05,3.128406,,sotto,"riferimento t12mai_1k_iii, cond 1"
tm12x0_1k_iii_i,l29d2_iii,1000,3.818,t12a0,100k,A_ins,FIXJACK2,4.039,1.024490,2.000,SOPRA,riferimento t12sempre_1k_iii
tm12x0_1k_iii_i,l29d2_iii,1000,3.818,t12a0,100k,A_rel,FIXJACK2,4.034,3.024021,2.000,SOPRA,riferimento t12mai_1k_iii
tm12x0_1k_iii_i,l29d2_iii,1000,3.818,t12a0,100k,B2,FIXJACK2,0.00217,1.050583,,SOPRA,mute da t_ins+t_grad+20 ms a t_rel
tm12x0_1k_iii_i,l29d2_iii,1000,3.818,t12a0,100k,B2g,FIXJACK2,6.008e-06,1.630281,,sotto,jack grezzo da t_ins+t_grad+20 ms a t_rel (ADR-063)
tm12x0_1k_iii_i,l29d2_iii,1000,3.818,t12a0,100k,C1_ins,FIXJACK2,2.244,1.024490,,SOPRA,"diagnostica, cond 1"
tm12x0_1k_iii_i,l29d2_iii,1000,3.818,t12a0,100k,C1_rel,FIXJACK2,4.908e-06,3.215229,,sotto,"diagnostica, cond 1"
tm12x0_1k_iii_i,l29d2_iii,1000,3.818,t12a0,100k,C2_ins,FIXJACK2,2.244,1.024490,,SOPRA,"riferimento t12sempre_1k_iii, cond 1"
tm12x0_1k_iii_i,l29d2_iii,1000,3.818,t12a0,100k,C2_rel,FIXJACK2,2.214e-05,3.128406,,sotto,"riferimento t12mai_1k_iii, cond 1"
tm12x0_1k_iii_c,l29d2_iii,1000,3.818,t12a0,100k,A_ins,MAINJACK,1.428e-05,3.025531,2.000,sotto,riferimento g10sempre_1k_iii
tm12x0_1k_iii_c,l29d2_iii,1000,3.818,t12a0,100k,A_rel,MAINJACK,12.71,5.024021,2.000,SOPRA,riferimento g10mai_1k_iii
tm12x0_1k_iii_c,l29d2_iii,1000,3.818,t12a0,100k,B2,MAINJACK,4.694e-06,3.670229,,sotto,mute da t_ins+t_grad+20 ms a t_rel
tm12x0_1k_iii_c,l29d2_iii,1000,3.818,t12a0,100k,B2g,MAINJACK,4.841e-06,4.037281,,sotto,jack grezzo da t_ins+t_grad+20 ms a t_rel (ADR-063)
tm12x0_1k_iii_c,l29d2_iii,1000,3.818,t12a0,100k,C1_ins,MAINJACK,1.422e-05,3.025531,,sotto,"diagnostica, cond 1"
tm12x0_1k_iii_c,l29d2_iii,1000,3.818,t12a0,100k,C1_rel,MAINJACK,11.47,5.049042,,SOPRA,"diagnostica, cond 1"
tm12x0_1k_iii_c,l29d2_iii,1000,3.818,t12a0,100k,C2_ins,MAINJACK,1.395e-05,3.025531,,sotto,"riferimento g10sempre_1k_iii, cond 1"
tm12x0_1k_iii_c,l29d2_iii,1000,3.818,t12a0,100k,C2_rel,MAINJACK,11.47,5.049042,,SOPRA,"riferimento g10mai_1k_iii, cond 1"
tm12x0_1k_iii_c,l29d2_iii,1000,3.818,t12a0,100k,A_ins,FIXJACK1,4.84e-06,3.670229,2.000,sotto,riferimento g10sempre_1k_iii
tm12x0_1k_iii_c,l29d2_iii,1000,3.818,t12a0,100k,A_rel,FIXJACK1,4.035,5.024021,2.000,SOPRA,riferimento g10mai_1k_iii
tm12x0_1k_iii_c,l29d2_iii,1000,3.818,t12a0,100k,B2,FIXJACK1,5.147e-06,3.670229,,sotto,mute da t_ins+t_grad+20 ms a t_rel
tm12x0_1k_iii_c,l29d2_iii,1000,3.818,t12a0,100k,B2g,FIXJACK1,5.506e-06,4.037281,,sotto,jack grezzo da t_ins+t_grad+20 ms a t_rel (ADR-063)
tm12x0_1k_iii_c,l29d2_iii,1000,3.818,t12a0,100k,C1_ins,FIXJACK1,4.908e-06,3.215229,,sotto,"diagnostica, cond 1"
tm12x0_1k_iii_c,l29d2_iii,1000,3.818,t12a0,100k,C1_rel,FIXJACK1,3.875,5.049042,,SOPRA,"diagnostica, cond 1"
tm12x0_1k_iii_c,l29d2_iii,1000,3.818,t12a0,100k,C2_ins,FIXJACK1,4.908e-06,3.215229,,sotto,"riferimento g10sempre_1k_iii, cond 1"
tm12x0_1k_iii_c,l29d2_iii,1000,3.818,t12a0,100k,C2_rel,FIXJACK1,3.875,5.049042,,SOPRA,"riferimento g10mai_1k_iii, cond 1"
tm12x0_1k_iii_c,l29d2_iii,1000,3.818,t12a0,100k,A_ins,FIXJACK2,4.84e-06,3.670229,2.000,sotto,riferimento g10sempre_1k_iii
tm12x0_1k_iii_c,l29d2_iii,1000,3.818,t12a0,100k,A_rel,FIXJACK2,4.035,5.024021,2.000,SOPRA,riferimento g10mai_1k_iii
tm12x0_1k_iii_c,l29d2_iii,1000,3.818,t12a0,100k,B2,FIXJACK2,5.147e-06,3.670229,,sotto,mute da t_ins+t_grad+20 ms a t_rel
tm12x0_1k_iii_c,l29d2_iii,1000,3.818,t12a0,100k,B2g,FIXJACK2,5.506e-06,4.037281,,sotto,jack grezzo da t_ins+t_grad+20 ms a t_rel (ADR-063)
tm12x0_1k_iii_c,l29d2_iii,1000,3.818,t12a0,100k,C1_ins,FIXJACK2,4.908e-06,3.215229,,sotto,"diagnostica, cond 1"
tm12x0_1k_iii_c,l29d2_iii,1000,3.818,t12a0,100k,C1_rel,FIXJACK2,3.875,5.049042,,SOPRA,"diagnostica, cond 1"
tm12x0_1k_iii_c,l29d2_iii,1000,3.818,t12a0,100k,C2_ins,FIXJACK2,4.908e-06,3.215229,,sotto,"riferimento g10sempre_1k_iii, cond 1"
tm12x0_1k_iii_c,l29d2_iii,1000,3.818,t12a0,100k,C2_rel,FIXJACK2,3.875,5.049042,,SOPRA,"riferimento g10mai_1k_iii, cond 1"
tm0x6_lz_iii_i,l29d2_iii,1000,0,t0a6,100k,A_ins,MAINJACK,2.928e-11,1.002875,2.000,sotto,riferimento g10sempre_lz_iii
tm0x6_lz_iii_i,l29d2_iii,1000,0,t0a6,100k,A_rel,MAINJACK,7.338e-08,3.025531,2.000,sotto,riferimento g10mai_lz_iii
tm0x6_lz_iii_i,l29d2_iii,1000,0,t0a6,100k,B2,MAINJACK,6.458e-10,3.023990,,sotto,mute da t_ins+t_grad+20 ms a t_rel
tm0x6_lz_iii_i,l29d2_iii,1000,0,t0a6,100k,A_ins,FIXJACK1,7.468e-12,1.012698,2.000,sotto,riferimento g10sempre_lz_iii
tm0x6_lz_iii_i,l29d2_iii,1000,0,t0a6,100k,A_rel,FIXJACK1,4.677e-10,3.025313,2.000,sotto,riferimento g10mai_lz_iii
tm0x6_lz_iii_i,l29d2_iii,1000,0,t0a6,100k,B2,FIXJACK1,1.104e-11,3.023990,,sotto,mute da t_ins+t_grad+20 ms a t_rel
tm0x6_lz_iii_i,l29d2_iii,1000,0,t0a6,100k,A_ins,FIXJACK2,8.045e-12,1.003760,2.000,sotto,riferimento g10sempre_lz_iii
tm0x6_lz_iii_i,l29d2_iii,1000,0,t0a6,100k,A_rel,FIXJACK2,4.691e-10,3.025313,2.000,sotto,riferimento g10mai_lz_iii
tm0x6_lz_iii_i,l29d2_iii,1000,0,t0a6,100k,B2,FIXJACK2,1.104e-11,3.023990,,sotto,mute da t_ins+t_grad+20 ms a t_rel
tm0x6_lz_iii_c,l29d2_iii,1000,0,t0a6,100k,A_ins,MAINJACK,7.339e-08,3.025531,2.000,sotto,riferimento t6sempre_lz_iii
tm0x6_lz_iii_c,l29d2_iii,1000,0,t0a6,100k,A_rel,MAINJACK,3.623e-11,6.353167,2.000,sotto,riferimento t6mai_lz_iii
tm0x6_lz_iii_c,l29d2_iii,1000,0,t0a6,100k,B2,MAINJACK,2.57e-11,3.052052,,sotto,mute da t_ins+t_grad+20 ms a t_rel
tm0x6_lz_iii_c,l29d2_iii,1000,0,t0a6,100k,A_ins,FIXJACK1,4.667e-10,3.025313,2.000,sotto,riferimento t6sempre_lz_iii
tm0x6_lz_iii_c,l29d2_iii,1000,0,t0a6,100k,A_rel,FIXJACK1,1.654e-11,6.061010,2.000,sotto,riferimento t6mai_lz_iii
tm0x6_lz_iii_c,l29d2_iii,1000,0,t0a6,100k,B2,FIXJACK1,2.358e-13,3.051781,,sotto,mute da t_ins+t_grad+20 ms a t_rel
tm0x6_lz_iii_c,l29d2_iii,1000,0,t0a6,100k,A_ins,FIXJACK2,4.667e-10,3.025313,2.000,sotto,riferimento t6sempre_lz_iii
tm0x6_lz_iii_c,l29d2_iii,1000,0,t0a6,100k,A_rel,FIXJACK2,1.661e-11,5.193990,2.000,sotto,riferimento t6mai_lz_iii
tm0x6_lz_iii_c,l29d2_iii,1000,0,t0a6,100k,B2,FIXJACK2,2.358e-13,3.051833,,sotto,mute da t_ins+t_grad+20 ms a t_rel
tm6x0_lz_iii_i,l29d2_iii,1000,0,t6a0,100k,A_ins,MAINJACK,2.071e-11,1.004031,2.000,sotto,riferimento t6sempre_lz_iii
tm6x0_lz_iii_i,l29d2_iii,1000,0,t6a0,100k,A_rel,MAINJACK,2.7e-08,3.025313,2.000,sotto,riferimento t6mai_lz_iii
tm6x0_lz_iii_i,l29d2_iii,1000,0,t6a0,100k,B2,MAINJACK,3.661e-10,3.023990,,sotto,mute da t_ins+t_grad+20 ms a t_rel
tm6x0_lz_iii_i,l29d2_iii,1000,0,t6a0,100k,A_ins,FIXJACK1,8.786e-12,1.023875,2.000,sotto,riferimento t6sempre_lz_iii
tm6x0_lz_iii_i,l29d2_iii,1000,0,t6a0,100k,A_rel,FIXJACK1,2.048e-11,3.024010,2.000,sotto,riferimento t6mai_lz_iii
tm6x0_lz_iii_i,l29d2_iii,1000,0,t6a0,100k,B2,FIXJACK1,1.743e-12,3.023990,,sotto,mute da t_ins+t_grad+20 ms a t_rel
tm6x0_lz_iii_i,l29d2_iii,1000,0,t6a0,100k,A_ins,FIXJACK2,8.355e-12,1.018354,2.000,sotto,riferimento t6sempre_lz_iii
tm6x0_lz_iii_i,l29d2_iii,1000,0,t6a0,100k,A_rel,FIXJACK2,2.209e-11,3.024010,2.000,sotto,riferimento t6mai_lz_iii
tm6x0_lz_iii_i,l29d2_iii,1000,0,t6a0,100k,B2,FIXJACK2,1.743e-12,3.023990,,sotto,mute da t_ins+t_grad+20 ms a t_rel
tm6x0_lz_iii_c,l29d2_iii,1000,0,t6a0,100k,A_ins,MAINJACK,2.699e-08,3.025313,2.000,sotto,riferimento g10sempre_lz_iii
tm6x0_lz_iii_c,l29d2_iii,1000,0,t6a0,100k,A_rel,MAINJACK,4.852e-11,5.971094,2.000,sotto,riferimento g10mai_lz_iii
tm6x0_lz_iii_c,l29d2_iii,1000,0,t6a0,100k,B2,MAINJACK,1.329e-12,3.053604,,sotto,mute da t_ins+t_grad+20 ms a t_rel
tm6x0_lz_iii_c,l29d2_iii,1000,0,t6a0,100k,A_ins,FIXJACK1,2.239e-11,3.024010,2.000,sotto,riferimento g10sempre_lz_iii
tm6x0_lz_iii_c,l29d2_iii,1000,0,t6a0,100k,A_rel,FIXJACK1,1.458e-11,6.314063,2.000,sotto,riferimento g10mai_lz_iii
tm6x0_lz_iii_c,l29d2_iii,1000,0,t6a0,100k,B2,FIXJACK1,8.785e-15,3.051104,,sotto,mute da t_ins+t_grad+20 ms a t_rel
tm6x0_lz_iii_c,l29d2_iii,1000,0,t6a0,100k,A_ins,FIXJACK2,2.239e-11,3.024010,2.000,sotto,riferimento g10sempre_lz_iii
tm6x0_lz_iii_c,l29d2_iii,1000,0,t6a0,100k,A_rel,FIXJACK2,1.576e-11,5.495750,2.000,sotto,riferimento g10mai_lz_iii
tm6x0_lz_iii_c,l29d2_iii,1000,0,t6a0,100k,B2,FIXJACK2,8.789e-15,3.051104,,sotto,mute da t_ins+t_grad+20 ms a t_rel
tm6x12_lz_iii_i,l29d2_iii,1000,0,t6a12,100k,A_ins,MAINJACK,2.071e-11,1.004031,2.000,sotto,riferimento t6sempre_lz_iii
tm6x12_lz_iii_i,l29d2_iii,1000,0,t6a12,100k,A_rel,MAINJACK,2.573e-08,3.024406,2.000,sotto,riferimento t6mai_lz_iii
tm6x12_lz_iii_i,l29d2_iii,1000,0,t6a12,100k,B2,MAINJACK,3.425e-10,3.023990,,sotto,mute da t_ins+t_grad+20 ms a t_rel
tm6x12_lz_iii_i,l29d2_iii,1000,0,t6a12,100k,A_ins,FIXJACK1,8.786e-12,1.023875,2.000,sotto,riferimento t6sempre_lz_iii
tm6x12_lz_iii_i,l29d2_iii,1000,0,t6a12,100k,A_rel,FIXJACK1,2.43e-11,3.025010,2.000,sotto,riferimento t6mai_lz_iii
tm6x12_lz_iii_i,l29d2_iii,1000,0,t6a12,100k,B2,FIXJACK1,1.117e-12,3.023990,,sotto,mute da t_ins+t_grad+20 ms a t_rel
tm6x12_lz_iii_i,l29d2_iii,1000,0,t6a12,100k,A_ins,FIXJACK2,8.355e-12,1.018354,2.000,sotto,riferimento t6sempre_lz_iii
tm6x12_lz_iii_i,l29d2_iii,1000,0,t6a12,100k,A_rel,FIXJACK2,2.318e-11,3.025010,2.000,sotto,riferimento t6mai_lz_iii
tm6x12_lz_iii_i,l29d2_iii,1000,0,t6a12,100k,B2,FIXJACK2,1.117e-12,3.023990,,sotto,mute da t_ins+t_grad+20 ms a t_rel
tm6x12_lz_iii_c,l29d2_iii,1000,0,t6a12,100k,A_ins,MAINJACK,2.573e-08,3.024406,2.000,sotto,riferimento t12sempre_lz_iii
tm6x12_lz_iii_c,l29d2_iii,1000,0,t6a12,100k,A_rel,MAINJACK,3.824e-11,6.581354,2.000,sotto,riferimento t12mai_lz_iii
tm6x12_lz_iii_c,l29d2_iii,1000,0,t6a12,100k,B2,MAINJACK,4.487e-12,3.052969,,sotto,mute da t_ins+t_grad+20 ms a t_rel
tm6x12_lz_iii_c,l29d2_iii,1000,0,t6a12,100k,A_ins,FIXJACK1,2.313e-11,3.025010,2.000,sotto,riferimento t12sempre_lz_iii
tm6x12_lz_iii_c,l29d2_iii,1000,0,t6a12,100k,A_rel,FIXJACK1,1.479e-11,6.990292,2.000,sotto,riferimento t12mai_lz_iii
tm6x12_lz_iii_c,l29d2_iii,1000,0,t6a12,100k,B2,FIXJACK1,2.191e-15,3.047219,,sotto,mute da t_ins+t_grad+20 ms a t_rel
tm6x12_lz_iii_c,l29d2_iii,1000,0,t6a12,100k,A_ins,FIXJACK2,2.313e-11,3.025010,2.000,sotto,riferimento t12sempre_lz_iii
tm6x12_lz_iii_c,l29d2_iii,1000,0,t6a12,100k,A_rel,FIXJACK2,1.411e-11,6.356958,2.000,sotto,riferimento t12mai_lz_iii
tm6x12_lz_iii_c,l29d2_iii,1000,0,t6a12,100k,B2,FIXJACK2,2.139e-15,3.047969,,sotto,mute da t_ins+t_grad+20 ms a t_rel
tm12x6_lz_iii_i,l29d2_iii,1000,0,t12a6,100k,A_ins,MAINJACK,2.167e-11,1.004292,2.000,sotto,riferimento t12sempre_lz_iii
tm12x6_lz_iii_i,l29d2_iii,1000,0,t12a6,100k,A_rel,MAINJACK,3.128e-08,3.025313,2.000,sotto,riferimento t12mai_lz_iii
tm12x6_lz_iii_i,l29d2_iii,1000,0,t12a6,100k,B2,MAINJACK,1.067e-10,3.023990,,sotto,mute da t_ins+t_grad+20 ms a t_rel
tm12x6_lz_iii_i,l29d2_iii,1000,0,t12a6,100k,A_ins,FIXJACK1,8.821e-12,1.009719,2.000,sotto,riferimento t12sempre_lz_iii
tm12x6_lz_iii_i,l29d2_iii,1000,0,t12a6,100k,A_rel,FIXJACK1,2.867e-11,3.025313,2.000,sotto,riferimento t12mai_lz_iii
tm12x6_lz_iii_i,l29d2_iii,1000,0,t12a6,100k,B2,FIXJACK1,6.635e-13,3.023990,,sotto,mute da t_ins+t_grad+20 ms a t_rel
tm12x6_lz_iii_i,l29d2_iii,1000,0,t12a6,100k,A_ins,FIXJACK2,8.109e-12,1.004031,2.000,sotto,riferimento t12sempre_lz_iii
tm12x6_lz_iii_i,l29d2_iii,1000,0,t12a6,100k,A_rel,FIXJACK2,2.522e-11,3.025313,2.000,sotto,riferimento t12mai_lz_iii
tm12x6_lz_iii_i,l29d2_iii,1000,0,t12a6,100k,B2,FIXJACK2,6.635e-13,3.023990,,sotto,mute da t_ins+t_grad+20 ms a t_rel
tm12x6_lz_iii_c,l29d2_iii,1000,0,t12a6,100k,A_ins,MAINJACK,3.129e-08,3.025313,2.000,sotto,riferimento t6sempre_lz_iii
tm12x6_lz_iii_c,l29d2_iii,1000,0,t12a6,100k,A_rel,MAINJACK,3.648e-11,5.473104,2.000,sotto,riferimento t6mai_lz_iii
tm12x6_lz_iii_c,l29d2_iii,1000,0,t12a6,100k,B2,MAINJACK,4.75e-12,3.051875,,sotto,mute da t_ins+t_grad+20 ms a t_rel
tm12x6_lz_iii_c,l29d2_iii,1000,0,t12a6,100k,A_ins,FIXJACK1,2.691e-11,3.025313,2.000,sotto,riferimento t6sempre_lz_iii
tm12x6_lz_iii_c,l29d2_iii,1000,0,t12a6,100k,A_rel,FIXJACK1,1.481e-11,6.485333,2.000,sotto,riferimento t6mai_lz_iii
tm12x6_lz_iii_c,l29d2_iii,1000,0,t12a6,100k,B2,FIXJACK1,4.894e-15,3.051885,,sotto,mute da t_ins+t_grad+20 ms a t_rel
tm12x6_lz_iii_c,l29d2_iii,1000,0,t12a6,100k,A_ins,FIXJACK2,2.69e-11,3.025313,2.000,sotto,riferimento t6sempre_lz_iii
tm12x6_lz_iii_c,l29d2_iii,1000,0,t12a6,100k,A_rel,FIXJACK2,1.469e-11,6.501688,2.000,sotto,riferimento t6mai_lz_iii
tm12x6_lz_iii_c,l29d2_iii,1000,0,t12a6,100k,B2,FIXJACK2,4.875e-15,3.051885,,sotto,mute da t_ins+t_grad+20 ms a t_rel
tm0x12_lz_iii_i,l29d2_iii,1000,0,t0a12,100k,A_ins,MAINJACK,2.928e-11,1.002875,2.000,sotto,riferimento g10sempre_lz_iii
tm0x12_lz_iii_i,l29d2_iii,1000,0,t0a12,100k,A_rel,MAINJACK,2.11e-08,3.024615,2.000,sotto,riferimento g10mai_lz_iii
tm0x12_lz_iii_i,l29d2_iii,1000,0,t0a12,100k,B2,MAINJACK,4.949e-10,3.023990,,sotto,mute da t_ins+t_grad+20 ms a t_rel
tm0x12_lz_iii_i,l29d2_iii,1000,0,t0a12,100k,A_ins,FIXJACK1,7.468e-12,1.012698,2.000,sotto,riferimento g10sempre_lz_iii
tm0x12_lz_iii_i,l29d2_iii,1000,0,t0a12,100k,A_rel,FIXJACK1,2.624e-10,3.024010,2.000,sotto,riferimento g10mai_lz_iii
tm0x12_lz_iii_i,l29d2_iii,1000,0,t0a12,100k,B2,FIXJACK1,2.049e-11,3.023990,,sotto,mute da t_ins+t_grad+20 ms a t_rel
tm0x12_lz_iii_i,l29d2_iii,1000,0,t0a12,100k,A_ins,FIXJACK2,8.045e-12,1.003760,2.000,sotto,riferimento g10sempre_lz_iii
tm0x12_lz_iii_i,l29d2_iii,1000,0,t0a12,100k,A_rel,FIXJACK2,2.627e-10,3.024010,2.000,sotto,riferimento g10mai_lz_iii
tm0x12_lz_iii_i,l29d2_iii,1000,0,t0a12,100k,B2,FIXJACK2,2.049e-11,3.023990,,sotto,mute da t_ins+t_grad+20 ms a t_rel
tm0x12_lz_iii_c,l29d2_iii,1000,0,t0a12,100k,A_ins,MAINJACK,2.111e-08,3.024615,2.000,sotto,riferimento t12sempre_lz_iii
tm0x12_lz_iii_c,l29d2_iii,1000,0,t0a12,100k,A_rel,MAINJACK,3.61e-11,5.818448,2.000,sotto,riferimento t12mai_lz_iii
tm0x12_lz_iii_c,l29d2_iii,1000,0,t0a12,100k,B2,MAINJACK,3.362e-12,3.052062,,sotto,mute da t_ins+t_grad+20 ms a t_rel
tm0x12_lz_iii_c,l29d2_iii,1000,0,t0a12,100k,A_ins,FIXJACK1,2.64e-10,3.024010,2.000,sotto,riferimento t12sempre_lz_iii
tm0x12_lz_iii_c,l29d2_iii,1000,0,t0a12,100k,A_rel,FIXJACK1,1.501e-11,6.295729,2.000,sotto,riferimento t12mai_lz_iii
tm0x12_lz_iii_c,l29d2_iii,1000,0,t0a12,100k,B2,FIXJACK1,5.292e-14,3.050385,,sotto,mute da t_ins+t_grad+20 ms a t_rel
tm0x12_lz_iii_c,l29d2_iii,1000,0,t0a12,100k,A_ins,FIXJACK2,2.64e-10,3.024010,2.000,sotto,riferimento t12sempre_lz_iii
tm0x12_lz_iii_c,l29d2_iii,1000,0,t0a12,100k,A_rel,FIXJACK2,1.578e-11,6.074896,2.000,sotto,riferimento t12mai_lz_iii
tm0x12_lz_iii_c,l29d2_iii,1000,0,t0a12,100k,B2,FIXJACK2,5.296e-14,3.050385,,sotto,mute da t_ins+t_grad+20 ms a t_rel
tm12x0_lz_iii_i,l29d2_iii,1000,0,t12a0,100k,A_ins,MAINJACK,2.167e-11,1.004292,2.000,sotto,riferimento t12sempre_lz_iii
tm12x0_lz_iii_i,l29d2_iii,1000,0,t12a0,100k,A_rel,MAINJACK,5.85e-08,3.025010,2.000,sotto,riferimento t12mai_lz_iii
tm12x0_lz_iii_i,l29d2_iii,1000,0,t12a0,100k,B2,MAINJACK,2.221e-10,3.023990,,sotto,mute da t_ins+t_grad+20 ms a t_rel
tm12x0_lz_iii_i,l29d2_iii,1000,0,t12a0,100k,A_ins,FIXJACK1,8.821e-12,1.009719,2.000,sotto,riferimento t12sempre_lz_iii
tm12x0_lz_iii_i,l29d2_iii,1000,0,t12a0,100k,A_rel,FIXJACK1,4.593e-10,3.025010,2.000,sotto,riferimento t12mai_lz_iii
tm12x0_lz_iii_i,l29d2_iii,1000,0,t12a0,100k,B2,FIXJACK1,1.634e-13,1.044000,,sotto,mute da t_ins+t_grad+20 ms a t_rel
tm12x0_lz_iii_i,l29d2_iii,1000,0,t12a0,100k,A_ins,FIXJACK2,8.109e-12,1.004031,2.000,sotto,riferimento t12sempre_lz_iii
tm12x0_lz_iii_i,l29d2_iii,1000,0,t12a0,100k,A_rel,FIXJACK2,4.57e-10,3.025010,2.000,sotto,riferimento t12mai_lz_iii
tm12x0_lz_iii_i,l29d2_iii,1000,0,t12a0,100k,B2,FIXJACK2,1.355e-13,3.023990,,sotto,mute da t_ins+t_grad+20 ms a t_rel
tm12x0_lz_iii_c,l29d2_iii,1000,0,t12a0,100k,A_ins,MAINJACK,5.851e-08,3.025010,2.000,sotto,riferimento g10sempre_lz_iii
tm12x0_lz_iii_c,l29d2_iii,1000,0,t12a0,100k,A_rel,MAINJACK,4.984e-11,6.624313,2.000,sotto,riferimento g10mai_lz_iii
tm12x0_lz_iii_c,l29d2_iii,1000,0,t12a0,100k,B2,MAINJACK,2.847e-11,3.051760,,sotto,mute da t_ins+t_grad+20 ms a t_rel
tm12x0_lz_iii_c,l29d2_iii,1000,0,t12a0,100k,A_ins,FIXJACK1,4.581e-10,3.025010,2.000,sotto,riferimento g10sempre_lz_iii
tm12x0_lz_iii_c,l29d2_iii,1000,0,t12a0,100k,A_rel,FIXJACK1,1.471e-11,5.443958,2.000,sotto,riferimento g10mai_lz_iii
tm12x0_lz_iii_c,l29d2_iii,1000,0,t12a0,100k,B2,FIXJACK1,1.104e-13,3.051438,,sotto,mute da t_ins+t_grad+20 ms a t_rel
tm12x0_lz_iii_c,l29d2_iii,1000,0,t12a0,100k,A_ins,FIXJACK2,4.581e-10,3.025010,2.000,sotto,riferimento g10sempre_lz_iii
tm12x0_lz_iii_c,l29d2_iii,1000,0,t12a0,100k,A_rel,FIXJACK2,1.419e-11,5.676156,2.000,sotto,riferimento g10mai_lz_iii
tm12x0_lz_iii_c,l29d2_iii,1000,0,t12a0,100k,B2,FIXJACK2,1.104e-13,3.051438,,sotto,mute da t_ins+t_grad+20 ms a t_rel
x01000_dpamax_iii_i,l29d2_iii_dpamax,1000,0,g0a10_t0a0,100k,A_ins,MAINJACK,8.435e-12,1.000625,2.000,sotto,riferimento rsempre_g0t0_dpamax_iii
x01000_dpamax_iii_i,l29d2_iii_dpamax,1000,0,g0a10_t0a0,100k,A_rel,MAINJACK,4.24e-07,3.024313,2.000,sotto,riferimento rmai_g0t0_dpamax_iii
x01000_dpamax_iii_i,l29d2_iii_dpamax,1000,0,g0a10_t0a0,100k,B2,MAINJACK,1.789e-08,3.023990,,sotto,mute da t_ins+t_grad+20 ms a t_rel
x01000_dpamax_iii_i,l29d2_iii_dpamax,1000,0,g0a10_t0a0,100k,A_ins,FIXJACK1,7.702e-12,1.010458,2.000,sotto,riferimento rsempre_g0t0_dpamax_iii
x01000_dpamax_iii_i,l29d2_iii_dpamax,1000,0,g0a10_t0a0,100k,A_rel,FIXJACK1,4.115e-11,3.024313,2.000,sotto,riferimento rmai_g0t0_dpamax_iii
x01000_dpamax_iii_i,l29d2_iii_dpamax,1000,0,g0a10_t0a0,100k,B2,FIXJACK1,1.584e-12,3.023990,,sotto,mute da t_ins+t_grad+20 ms a t_rel
x01000_dpamax_iii_i,l29d2_iii_dpamax,1000,0,g0a10_t0a0,100k,A_ins,FIXJACK2,8.881e-12,1.014844,2.000,sotto,riferimento rsempre_g0t0_dpamax_iii
x01000_dpamax_iii_i,l29d2_iii_dpamax,1000,0,g0a10_t0a0,100k,A_rel,FIXJACK2,3.996e-11,3.024313,2.000,sotto,riferimento rmai_g0t0_dpamax_iii
x01000_dpamax_iii_i,l29d2_iii_dpamax,1000,0,g0a10_t0a0,100k,B2,FIXJACK2,1.585e-12,3.023990,,sotto,mute da t_ins+t_grad+20 ms a t_rel
x01000_dpamax_iii_c,l29d2_iii_dpamax,1000,0,g0a10_t0a0,100k,A_ins,MAINJACK,4.24e-07,3.024313,2.000,sotto,riferimento rsempre_g10t0_dpamax_iii
x01000_dpamax_iii_c,l29d2_iii_dpamax,1000,0,g0a10_t0a0,100k,A_rel,MAINJACK,5.013e-11,5.062458,2.000,sotto,riferimento rmai_g10t0_dpamax_iii
x01000_dpamax_iii_c,l29d2_iii_dpamax,1000,0,g0a10_t0a0,100k,B2,MAINJACK,1.724e-10,3.050729,,sotto,mute da t_ins+t_grad+20 ms a t_rel
x01000_dpamax_iii_c,l29d2_iii_dpamax,1000,0,g0a10_t0a0,100k,A_ins,FIXJACK1,3.79e-11,3.024313,2.000,sotto,riferimento rsempre_g10t0_dpamax_iii
x01000_dpamax_iii_c,l29d2_iii_dpamax,1000,0,g0a10_t0a0,100k,A_rel,FIXJACK1,1.53e-11,5.439656,2.000,sotto,riferimento rmai_g10t0_dpamax_iii
x01000_dpamax_iii_c,l29d2_iii_dpamax,1000,0,g0a10_t0a0,100k,B2,FIXJACK1,5.332e-15,3.051229,,sotto,mute da t_ins+t_grad+20 ms a t_rel
x01000_dpamax_iii_c,l29d2_iii_dpamax,1000,0,g0a10_t0a0,100k,A_ins,FIXJACK2,3.79e-11,3.024313,2.000,sotto,riferimento rsempre_g10t0_dpamax_iii
x01000_dpamax_iii_c,l29d2_iii_dpamax,1000,0,g0a10_t0a0,100k,A_rel,FIXJACK2,1.606e-11,6.358323,2.000,sotto,riferimento rmai_g10t0_dpamax_iii
x01000_dpamax_iii_c,l29d2_iii_dpamax,1000,0,g0a10_t0a0,100k,B2,FIXJACK2,5.543e-15,3.051229,,sotto,mute da t_ins+t_grad+20 ms a t_rel
x10000_dpamax_iii_i,l29d2_iii_dpamax,1000,0,g10a0_t0a0,100k,A_ins,MAINJACK,2.741e-11,1.002479,2.000,sotto,riferimento rsempre_g10t0_dpamax_iii
x10000_dpamax_iii_i,l29d2_iii_dpamax,1000,0,g10a0_t0a0,100k,A_rel,MAINJACK,7.599e-08,3.024313,2.000,sotto,riferimento rmai_g10t0_dpamax_iii
x10000_dpamax_iii_i,l29d2_iii_dpamax,1000,0,g10a0_t0a0,100k,B2,MAINJACK,2.168e-09,3.023990,,sotto,mute da t_ins+t_grad+20 ms a t_rel
x10000_dpamax_iii_i,l29d2_iii_dpamax,1000,0,g10a0_t0a0,100k,A_ins,FIXJACK1,9.016e-12,1.020333,2.000,sotto,riferimento rsempre_g10t0_dpamax_iii
x10000_dpamax_iii_i,l29d2_iii_dpamax,1000,0,g10a0_t0a0,100k,A_rel,FIXJACK1,1.465e-11,3.024010,2.000,sotto,riferimento rmai_g10t0_dpamax_iii
x10000_dpamax_iii_i,l29d2_iii_dpamax,1000,0,g10a0_t0a0,100k,B2,FIXJACK1,1.07e-12,3.023990,,sotto,mute da t_ins+t_grad+20 ms a t_rel
x10000_dpamax_iii_i,l29d2_iii_dpamax,1000,0,g10a0_t0a0,100k,A_ins,FIXJACK2,7.98e-12,1.008854,2.000,sotto,riferimento rsempre_g10t0_dpamax_iii
x10000_dpamax_iii_i,l29d2_iii_dpamax,1000,0,g10a0_t0a0,100k,A_rel,FIXJACK2,1.524e-11,3.024010,2.000,sotto,riferimento rmai_g10t0_dpamax_iii
x10000_dpamax_iii_i,l29d2_iii_dpamax,1000,0,g10a0_t0a0,100k,B2,FIXJACK2,1.07e-12,3.023990,,sotto,mute da t_ins+t_grad+20 ms a t_rel
x10000_dpamax_iii_c,l29d2_iii_dpamax,1000,0,g10a0_t0a0,100k,A_ins,MAINJACK,7.6e-08,3.024313,2.000,sotto,riferimento rsempre_g0t0_dpamax_iii
x10000_dpamax_iii_c,l29d2_iii_dpamax,1000,0,g10a0_t0a0,100k,A_rel,MAINJACK,1.415e-11,6.102417,2.000,sotto,riferimento rmai_g0t0_dpamax_iii
x10000_dpamax_iii_c,l29d2_iii_dpamax,1000,0,g10a0_t0a0,100k,B2,MAINJACK,4.529e-12,3.048031,,sotto,mute da t_ins+t_grad+20 ms a t_rel
x10000_dpamax_iii_c,l29d2_iii_dpamax,1000,0,g10a0_t0a0,100k,A_ins,FIXJACK1,1.359e-11,3.024010,2.000,sotto,riferimento rsempre_g0t0_dpamax_iii
x10000_dpamax_iii_c,l29d2_iii_dpamax,1000,0,g10a0_t0a0,100k,A_rel,FIXJACK1,1.624e-11,5.108844,2.000,sotto,riferimento rmai_g0t0_dpamax_iii
x10000_dpamax_iii_c,l29d2_iii_dpamax,1000,0,g10a0_t0a0,100k,B2,FIXJACK1,2.725e-15,3.050312,,sotto,mute da t_ins+t_grad+20 ms a t_rel
x10000_dpamax_iii_c,l29d2_iii_dpamax,1000,0,g10a0_t0a0,100k,A_ins,FIXJACK2,1.359e-11,3.024010,2.000,sotto,riferimento rsempre_g0t0_dpamax_iii
x10000_dpamax_iii_c,l29d2_iii_dpamax,1000,0,g10a0_t0a0,100k,A_rel,FIXJACK2,1.43e-11,5.755375,2.000,sotto,riferimento rmai_g0t0_dpamax_iii
x10000_dpamax_iii_c,l29d2_iii_dpamax,1000,0,g10a0_t0a0,100k,B2,FIXJACK2,2.572e-15,3.050802,,sotto,mute da t_ins+t_grad+20 ms a t_rel
x1010012_dpamax_iii_i,l29d2_iii_dpamax,1000,0,g10a10_t0a12,100k,A_ins,MAINJACK,2.741e-11,1.002479,2.000,sotto,riferimento rsempre_g10t0_dpamax_iii
x1010012_dpamax_iii_i,l29d2_iii_dpamax,1000,0,g10a10_t0a12,100k,A_rel,MAINJACK,7.99e-08,3.024615,2.000,sotto,riferimento rmai_g10t0_dpamax_iii
x1010012_dpamax_iii_i,l29d2_iii_dpamax,1000,0,g10a10_t0a12,100k,B2,MAINJACK,2.36e-09,3.023990,,sotto,mute da t_ins+t_grad+20 ms a t_rel
x1010012_dpamax_iii_i,l29d2_iii_dpamax,1000,0,g10a10_t0a12,100k,A_ins,FIXJACK1,9.016e-12,1.020333,2.000,sotto,riferimento rsempre_g10t0_dpamax_iii
x1010012_dpamax_iii_i,l29d2_iii_dpamax,1000,0,g10a10_t0a12,100k,A_rel,FIXJACK1,8.215e-10,3.024010,2.000,sotto,riferimento rmai_g10t0_dpamax_iii
x1010012_dpamax_iii_i,l29d2_iii_dpamax,1000,0,g10a10_t0a12,100k,B2,FIXJACK1,6.38e-11,3.023990,,sotto,mute da t_ins+t_grad+20 ms a t_rel
x1010012_dpamax_iii_i,l29d2_iii_dpamax,1000,0,g10a10_t0a12,100k,A_ins,FIXJACK2,7.98e-12,1.008854,2.000,sotto,riferimento rsempre_g10t0_dpamax_iii
x1010012_dpamax_iii_i,l29d2_iii_dpamax,1000,0,g10a10_t0a12,100k,A_rel,FIXJACK2,8.221e-10,3.024010,2.000,sotto,riferimento rmai_g10t0_dpamax_iii
x1010012_dpamax_iii_i,l29d2_iii_dpamax,1000,0,g10a10_t0a12,100k,B2,FIXJACK2,6.381e-11,3.023990,,sotto,mute da t_ins+t_grad+20 ms a t_rel
x1010012_dpamax_iii_c,l29d2_iii_dpamax,1000,0,g10a10_t0a12,100k,A_ins,MAINJACK,7.989e-08,3.024615,2.000,sotto,riferimento rsempre_g10t12_dpamax_iii
x1010012_dpamax_iii_c,l29d2_iii_dpamax,1000,0,g10a10_t0a12,100k,A_rel,MAINJACK,3.251e-11,5.498865,2.000,sotto,riferimento rmai_g10t12_dpamax_iii
x1010012_dpamax_iii_c,l29d2_iii_dpamax,1000,0,g10a10_t0a12,100k,B2,MAINJACK,9.491e-12,3.052208,,sotto,mute da t_ins+t_grad+20 ms a t_rel
x1010012_dpamax_iii_c,l29d2_iii_dpamax,1000,0,g10a10_t0a12,100k,A_ins,FIXJACK1,8.205e-10,3.024010,2.000,sotto,riferimento rsempre_g10t12_dpamax_iii
x1010012_dpamax_iii_c,l29d2_iii_dpamax,1000,0,g10a10_t0a12,100k,A_rel,FIXJACK1,1.429e-11,6.985333,2.000,sotto,riferimento rmai_g10t12_dpamax_iii
x1010012_dpamax_iii_c,l29d2_iii_dpamax,1000,0,g10a10_t0a12,100k,B2,FIXJACK1,1.641e-13,3.050531,,sotto,mute da t_ins+t_grad+20 ms a t_rel
x1010012_dpamax_iii_c,l29d2_iii_dpamax,1000,0,g10a10_t0a12,100k,A_ins,FIXJACK2,8.205e-10,3.024010,2.000,sotto,riferimento rsempre_g10t12_dpamax_iii
x1010012_dpamax_iii_c,l29d2_iii_dpamax,1000,0,g10a10_t0a12,100k,A_rel,FIXJACK2,1.555e-11,5.837208,2.000,sotto,riferimento rmai_g10t12_dpamax_iii
x1010012_dpamax_iii_c,l29d2_iii_dpamax,1000,0,g10a10_t0a12,100k,B2,FIXJACK2,1.639e-13,3.050552,,sotto,mute da t_ins+t_grad+20 ms a t_rel
x1010120_dpamax_iii_i,l29d2_iii_dpamax,1000,0,g10a10_t12a0,100k,A_ins,MAINJACK,2.065e-11,1.020229,2.000,sotto,riferimento rsempre_g10t12_dpamax_iii
x1010120_dpamax_iii_i,l29d2_iii_dpamax,1000,0,g10a10_t12a0,100k,A_rel,MAINJACK,2.61e-07,3.025313,2.000,sotto,riferimento rmai_g10t12_dpamax_iii
x1010120_dpamax_iii_i,l29d2_iii_dpamax,1000,0,g10a10_t12a0,100k,B2,MAINJACK,8.74e-10,3.023990,,sotto,mute da t_ins+t_grad+20 ms a t_rel
x1010120_dpamax_iii_i,l29d2_iii_dpamax,1000,0,g10a10_t12a0,100k,A_ins,FIXJACK1,9.785e-12,1.024000,2.000,sotto,riferimento rsempre_g10t12_dpamax_iii
x1010120_dpamax_iii_i,l29d2_iii_dpamax,1000,0,g10a10_t12a0,100k,A_rel,FIXJACK1,2.36e-08,3.025313,2.000,sotto,riferimento rmai_g10t12_dpamax_iii
x1010120_dpamax_iii_i,l29d2_iii_dpamax,1000,0,g10a10_t12a0,100k,B2,FIXJACK1,8.263e-13,3.023990,,sotto,mute da t_ins+t_grad+20 ms a t_rel
x1010120_dpamax_iii_i,l29d2_iii_dpamax,1000,0,g10a10_t12a0,100k,A_ins,FIXJACK2,9.141e-12,1.008823,2.000,sotto,riferimento rsempre_g10t12_dpamax_iii
x1010120_dpamax_iii_i,l29d2_iii_dpamax,1000,0,g10a10_t12a0,100k,A_rel,FIXJACK2,2.361e-08,3.025313,2.000,sotto,riferimento rmai_g10t12_dpamax_iii
x1010120_dpamax_iii_i,l29d2_iii_dpamax,1000,0,g10a10_t12a0,100k,B2,FIXJACK2,8.262e-13,3.023990,,sotto,mute da t_ins+t_grad+20 ms a t_rel
x1010120_dpamax_iii_c,l29d2_iii_dpamax,1000,0,g10a10_t12a0,100k,A_ins,MAINJACK,2.61e-07,3.025313,2.000,sotto,riferimento rsempre_g10t0_dpamax_iii
x1010120_dpamax_iii_c,l29d2_iii_dpamax,1000,0,g10a10_t12a0,100k,A_rel,MAINJACK,5.089e-11,5.797979,2.000,sotto,riferimento rmai_g10t0_dpamax_iii
x1010120_dpamax_iii_c,l29d2_iii_dpamax,1000,0,g10a10_t12a0,100k,B2,MAINJACK,5.483e-11,3.051813,,sotto,mute da t_ins+t_grad+20 ms a t_rel
x1010120_dpamax_iii_c,l29d2_iii_dpamax,1000,0,g10a10_t12a0,100k,A_ins,FIXJACK1,2.36e-08,3.025313,2.000,sotto,riferimento rsempre_g10t0_dpamax_iii
x1010120_dpamax_iii_c,l29d2_iii_dpamax,1000,0,g10a10_t12a0,100k,A_rel,FIXJACK1,1.43e-11,5.858208,2.000,sotto,riferimento rmai_g10t0_dpamax_iii
x1010120_dpamax_iii_c,l29d2_iii_dpamax,1000,0,g10a10_t12a0,100k,B2,FIXJACK1,5.773e-12,3.051823,,sotto,mute da t_ins+t_grad+20 ms a t_rel
x1010120_dpamax_iii_c,l29d2_iii_dpamax,1000,0,g10a10_t12a0,100k,A_ins,FIXJACK2,2.36e-08,3.025313,2.000,sotto,riferimento rsempre_g10t0_dpamax_iii
x1010120_dpamax_iii_c,l29d2_iii_dpamax,1000,0,g10a10_t12a0,100k,A_rel,FIXJACK2,1.519e-11,6.322875,2.000,sotto,riferimento rmai_g10t0_dpamax_iii
x1010120_dpamax_iii_c,l29d2_iii_dpamax,1000,0,g10a10_t12a0,100k,B2,FIXJACK2,5.774e-12,3.051823,,sotto,mute da t_ins+t_grad+20 ms a t_rel
xm_dpamax_iii,l29d2_iii_dpamax,1000,0,10,100k,A_ins,MAINJACK,2.741e-11,1.002479,2.000,sotto,riferimento rsempre_g10t0_dpamax_iii
xm_dpamax_iii,l29d2_iii_dpamax,1000,0,10,100k,A_rel,MAINJACK,4.631e-11,3.493406,2.000,sotto,riferimento rmai_g10t0_dpamax_iii
xm_dpamax_iii,l29d2_iii_dpamax,1000,0,10,100k,B2,MAINJACK,4.657e-14,1.044000,,sotto,mute da t_ins+t_grad+20 ms a t_rel
xm_dpamax_iii,l29d2_iii_dpamax,1000,0,10,100k,A_ins,FIXJACK1,9.016e-12,1.020333,2.000,sotto,riferimento rsempre_g10t0_dpamax_iii
xm_dpamax_iii,l29d2_iii_dpamax,1000,0,10,100k,A_rel,FIXJACK1,1.426e-11,4.091427,2.000,sotto,riferimento rmai_g10t0_dpamax_iii
xm_dpamax_iii,l29d2_iii_dpamax,1000,0,10,100k,B2,FIXJACK1,9.93e-14,1.044000,,sotto,mute da t_ins+t_grad+20 ms a t_rel
xm_dpamax_iii,l29d2_iii_dpamax,1000,0,10,100k,A_ins,FIXJACK2,7.98e-12,1.008854,2.000,sotto,riferimento rsempre_g10t0_dpamax_iii
xm_dpamax_iii,l29d2_iii_dpamax,1000,0,10,100k,A_rel,FIXJACK2,1.475e-11,3.427156,2.000,sotto,riferimento rmai_g10t0_dpamax_iii
xm_dpamax_iii,l29d2_iii_dpamax,1000,0,10,100k,B2,FIXJACK2,1.654e-14,1.044000,,sotto,mute da t_ins+t_grad+20 ms a t_rel
x01000_dpminmax_iii_i,l29d2_iii_dpminmax,1000,0,g0a10_t0a0,100k,A_ins,MAINJACK,8.046e-12,1.014229,2.000,sotto,riferimento rsempre_g0t0_dpminmax_iii
x01000_dpminmax_iii_i,l29d2_iii_dpminmax,1000,0,g0a10_t0a0,100k,A_rel,MAINJACK,2.46e-07,3.024531,2.000,sotto,riferimento rmai_g0t0_dpminmax_iii
x01000_dpminmax_iii_i,l29d2_iii_dpminmax,1000,0,g0a10_t0a0,100k,B2,MAINJACK,1.768e-08,3.023990,,sotto,mute da t_ins+t_grad+20 ms a t_rel
x01000_dpminmax_iii_i,l29d2_iii_dpminmax,1000,0,g0a10_t0a0,100k,A_ins,FIXJACK1,8.064e-12,1.004667,2.000,sotto,riferimento rsempre_g0t0_dpminmax_iii
x01000_dpminmax_iii_i,l29d2_iii_dpminmax,1000,0,g0a10_t0a0,100k,A_rel,FIXJACK1,1.661e-11,3.024010,2.000,sotto,riferimento rmai_g0t0_dpminmax_iii
x01000_dpminmax_iii_i,l29d2_iii_dpminmax,1000,0,g0a10_t0a0,100k,B2,FIXJACK1,1.243e-12,3.023990,,sotto,mute da t_ins+t_grad+20 ms a t_rel
x01000_dpminmax_iii_i,l29d2_iii_dpminmax,1000,0,g0a10_t0a0,100k,A_ins,FIXJACK2,7.454e-12,1.015479,2.000,sotto,riferimento rsempre_g0t0_dpminmax_iii
x01000_dpminmax_iii_i,l29d2_iii_dpminmax,1000,0,g0a10_t0a0,100k,A_rel,FIXJACK2,1.692e-11,3.024010,2.000,sotto,riferimento rmai_g0t0_dpminmax_iii
x01000_dpminmax_iii_i,l29d2_iii_dpminmax,1000,0,g0a10_t0a0,100k,B2,FIXJACK2,1.243e-12,3.023990,,sotto,mute da t_ins+t_grad+20 ms a t_rel
x01000_dpminmax_iii_c,l29d2_iii_dpminmax,1000,0,g0a10_t0a0,100k,A_ins,MAINJACK,2.46e-07,3.024531,2.000,sotto,riferimento rsempre_g10t0_dpminmax_iii
x01000_dpminmax_iii_c,l29d2_iii_dpminmax,1000,0,g0a10_t0a0,100k,A_rel,MAINJACK,4.746e-11,6.740437,2.000,sotto,riferimento rmai_g10t0_dpminmax_iii
x01000_dpminmax_iii_c,l29d2_iii_dpminmax,1000,0,g0a10_t0a0,100k,B2,MAINJACK,1.44e-10,3.050604,,sotto,mute da t_ins+t_grad+20 ms a t_rel
x01000_dpminmax_iii_c,l29d2_iii_dpminmax,1000,0,g0a10_t0a0,100k,A_ins,FIXJACK1,1.595e-11,3.024010,2.000,sotto,riferimento rsempre_g10t0_dpminmax_iii
x01000_dpminmax_iii_c,l29d2_iii_dpminmax,1000,0,g0a10_t0a0,100k,A_rel,FIXJACK1,1.431e-11,6.422885,2.000,sotto,riferimento rmai_g10t0_dpminmax_iii
x01000_dpminmax_iii_c,l29d2_iii_dpminmax,1000,0,g0a10_t0a0,100k,B2,FIXJACK1,4.383e-15,3.050354,,sotto,mute da t_ins+t_grad+20 ms a t_rel
x01000_dpminmax_iii_c,l29d2_iii_dpminmax,1000,0,g0a10_t0a0,100k,A_ins,FIXJACK2,1.595e-11,3.024010,2.000,sotto,riferimento rsempre_g10t0_dpminmax_iii
x01000_dpminmax_iii_c,l29d2_iii_dpminmax,1000,0,g0a10_t0a0,100k,A_rel,FIXJACK2,1.348e-11,5.086448,2.000,sotto,riferimento rmai_g10t0_dpminmax_iii
x01000_dpminmax_iii_c,l29d2_iii_dpminmax,1000,0,g0a10_t0a0,100k,B2,FIXJACK2,4.255e-15,3.050354,,sotto,mute da t_ins+t_grad+20 ms a t_rel
x10000_dpminmax_iii_i,l29d2_iii_dpminmax,1000,0,g10a0_t0a0,100k,A_ins,MAINJACK,2.492e-11,1.016656,2.000,sotto,riferimento rsempre_g10t0_dpminmax_iii
x10000_dpminmax_iii_i,l29d2_iii_dpminmax,1000,0,g10a0_t0a0,100k,A_rel,MAINJACK,1.341e-07,3.024604,2.000,sotto,riferimento rmai_g10t0_dpminmax_iii
x10000_dpminmax_iii_i,l29d2_iii_dpminmax,1000,0,g10a0_t0a0,100k,B2,MAINJACK,2.173e-09,3.023990,,sotto,mute da t_ins+t_grad+20 ms a t_rel
x10000_dpminmax_iii_i,l29d2_iii_dpminmax,1000,0,g10a0_t0a0,100k,A_ins,FIXJACK1,8.635e-12,1.007510,2.000,sotto,riferimento rsempre_g10t0_dpminmax_iii
x10000_dpminmax_iii_i,l29d2_iii_dpminmax,1000,0,g10a0_t0a0,100k,A_rel,FIXJACK1,1.076e-11,3.024010,2.000,sotto,riferimento rmai_g10t0_dpminmax_iii
x10000_dpminmax_iii_i,l29d2_iii_dpminmax,1000,0,g10a0_t0a0,100k,B2,FIXJACK1,7.587e-13,3.023990,,sotto,mute da t_ins+t_grad+20 ms a t_rel
x10000_dpminmax_iii_i,l29d2_iii_dpminmax,1000,0,g10a0_t0a0,100k,A_ins,FIXJACK2,8.055e-12,1.015500,2.000,sotto,riferimento rsempre_g10t0_dpminmax_iii
x10000_dpminmax_iii_i,l29d2_iii_dpminmax,1000,0,g10a0_t0a0,100k,A_rel,FIXJACK2,1.035e-11,3.024010,2.000,sotto,riferimento rmai_g10t0_dpminmax_iii
x10000_dpminmax_iii_i,l29d2_iii_dpminmax,1000,0,g10a0_t0a0,100k,B2,FIXJACK2,7.587e-13,3.023990,,sotto,mute da t_ins+t_grad+20 ms a t_rel
x10000_dpminmax_iii_c,l29d2_iii_dpminmax,1000,0,g10a0_t0a0,100k,A_ins,MAINJACK,1.341e-07,3.024604,2.000,sotto,riferimento rsempre_g0t0_dpminmax_iii
x10000_dpminmax_iii_c,l29d2_iii_dpminmax,1000,0,g10a0_t0a0,100k,A_rel,MAINJACK,1.549e-11,6.591812,2.000,sotto,riferimento rmai_g0t0_dpminmax_iii
x10000_dpminmax_iii_c,l29d2_iii_dpminmax,1000,0,g10a0_t0a0,100k,B2,MAINJACK,2.184e-11,3.051604,,sotto,mute da t_ins+t_grad+20 ms a t_rel
x10000_dpminmax_iii_c,l29d2_iii_dpminmax,1000,0,g10a0_t0a0,100k,A_ins,FIXJACK1,9.635e-12,3.024010,2.000,sotto,riferimento rsempre_g0t0_dpminmax_iii
x10000_dpminmax_iii_c,l29d2_iii_dpminmax,1000,0,g10a0_t0a0,100k,A_rel,FIXJACK1,1.492e-11,5.410146,2.000,sotto,riferimento rmai_g0t0_dpminmax_iii
x10000_dpminmax_iii_c,l29d2_iii_dpminmax,1000,0,g10a0_t0a0,100k,B2,FIXJACK1,3.402e-15,3.050250,,sotto,mute da t_ins+t_grad+20 ms a t_rel
x10000_dpminmax_iii_c,l29d2_iii_dpminmax,1000,0,g10a0_t0a0,100k,A_ins,FIXJACK2,9.636e-12,3.024010,2.000,sotto,riferimento rsempre_g0t0_dpminmax_iii
x10000_dpminmax_iii_c,l29d2_iii_dpminmax,1000,0,g10a0_t0a0,100k,A_rel,FIXJACK2,1.446e-11,6.108354,2.000,sotto,riferimento rmai_g0t0_dpminmax_iii
x10000_dpminmax_iii_c,l29d2_iii_dpminmax,1000,0,g10a0_t0a0,100k,B2,FIXJACK2,3.388e-15,3.050792,,sotto,mute da t_ins+t_grad+20 ms a t_rel
x1010012_dpminmax_iii_i,l29d2_iii_dpminmax,1000,0,g10a10_t0a12,100k,A_ins,MAINJACK,2.492e-11,1.016656,2.000,sotto,riferimento rsempre_g10t0_dpminmax_iii
x1010012_dpminmax_iii_i,l29d2_iii_dpminmax,1000,0,g10a10_t0a12,100k,A_rel,MAINJACK,8.427e-08,3.024615,2.000,sotto,riferimento rmai_g10t0_dpminmax_iii
x1010012_dpminmax_iii_i,l29d2_iii_dpminmax,1000,0,g10a10_t0a12,100k,B2,MAINJACK,2.374e-09,3.023990,,sotto,mute da t_ins+t_grad+20 ms a t_rel
x1010012_dpminmax_iii_i,l29d2_iii_dpminmax,1000,0,g10a10_t0a12,100k,A_ins,FIXJACK1,8.635e-12,1.007510,2.000,sotto,riferimento rsempre_g10t0_dpminmax_iii
x1010012_dpminmax_iii_i,l29d2_iii_dpminmax,1000,0,g10a10_t0a12,100k,A_rel,FIXJACK1,8.103e-10,3.024010,2.000,sotto,riferimento rmai_g10t0_dpminmax_iii
x1010012_dpminmax_iii_i,l29d2_iii_dpminmax,1000,0,g10a10_t0a12,100k,B2,FIXJACK1,6.297e-11,3.023990,,sotto,mute da t_ins+t_grad+20 ms a t_rel
x1010012_dpminmax_iii_i,l29d2_iii_dpminmax,1000,0,g10a10_t0a12,100k,A_ins,FIXJACK2,8.055e-12,1.015500,2.000,sotto,riferimento rsempre_g10t0_dpminmax_iii
x1010012_dpminmax_iii_i,l29d2_iii_dpminmax,1000,0,g10a10_t0a12,100k,A_rel,FIXJACK2,8.099e-10,3.024010,2.000,sotto,riferimento rmai_g10t0_dpminmax_iii
x1010012_dpminmax_iii_i,l29d2_iii_dpminmax,1000,0,g10a10_t0a12,100k,B2,FIXJACK2,6.297e-11,3.023990,,sotto,mute da t_ins+t_grad+20 ms a t_rel
x1010012_dpminmax_iii_c,l29d2_iii_dpminmax,1000,0,g10a10_t0a12,100k,A_ins,MAINJACK,8.426e-08,3.024615,2.000,sotto,riferimento rsempre_g10t12_dpminmax_iii
x1010012_dpminmax_iii_c,l29d2_iii_dpminmax,1000,0,g10a10_t0a12,100k,A_rel,MAINJACK,3.471e-11,5.210479,2.000,sotto,riferimento rmai_g10t12_dpminmax_iii
x1010012_dpminmax_iii_c,l29d2_iii_dpminmax,1000,0,g10a10_t0a12,100k,B2,MAINJACK,7.077e-12,3.052458,,sotto,mute da t_ins+t_grad+20 ms a t_rel
x1010012_dpminmax_iii_c,l29d2_iii_dpminmax,1000,0,g10a10_t0a12,100k,A_ins,FIXJACK1,8.091e-10,3.024010,2.000,sotto,riferimento rsempre_g10t12_dpminmax_iii
x1010012_dpminmax_iii_c,l29d2_iii_dpminmax,1000,0,g10a10_t0a12,100k,A_rel,FIXJACK1,2.781e-11,5.049010,2.000,sotto,riferimento rmai_g10t12_dpminmax_iii
x1010012_dpminmax_iii_c,l29d2_iii_dpminmax,1000,0,g10a10_t0a12,100k,B2,FIXJACK1,1.627e-13,3.050333,,sotto,mute da t_ins+t_grad+20 ms a t_rel
x1010012_dpminmax_iii_c,l29d2_iii_dpminmax,1000,0,g10a10_t0a12,100k,A_ins,FIXJACK2,8.092e-10,3.024010,2.000,sotto,riferimento rsempre_g10t12_dpminmax_iii
x1010012_dpminmax_iii_c,l29d2_iii_dpminmax,1000,0,g10a10_t0a12,100k,A_rel,FIXJACK2,1.489e-11,5.582781,2.000,sotto,riferimento rmai_g10t12_dpminmax_iii
x1010012_dpminmax_iii_c,l29d2_iii_dpminmax,1000,0,g10a10_t0a12,100k,B2,FIXJACK2,1.62e-13,3.050333,,sotto,mute da t_ins+t_grad+20 ms a t_rel
x1010120_dpminmax_iii_i,l29d2_iii_dpminmax,1000,0,g10a10_t12a0,100k,A_ins,MAINJACK,1.91e-11,1.005969,2.000,sotto,riferimento rsempre_g10t12_dpminmax_iii
x1010120_dpminmax_iii_i,l29d2_iii_dpminmax,1000,0,g10a10_t12a0,100k,A_rel,MAINJACK,2.396e-07,3.025313,2.000,sotto,riferimento rmai_g10t12_dpminmax_iii
x1010120_dpminmax_iii_i,l29d2_iii_dpminmax,1000,0,g10a10_t12a0,100k,B2,MAINJACK,8.822e-10,3.023990,,sotto,mute da t_ins+t_grad+20 ms a t_rel
x1010120_dpminmax_iii_i,l29d2_iii_dpminmax,1000,0,g10a10_t12a0,100k,A_ins,FIXJACK1,8.999e-12,1.004479,2.000,sotto,riferimento rsempre_g10t12_dpminmax_iii
x1010120_dpminmax_iii_i,l29d2_iii_dpminmax,1000,0,g10a10_t12a0,100k,A_rel,FIXJACK1,1.715e-09,3.025010,2.000,sotto,riferimento rmai_g10t12_dpminmax_iii
x1010120_dpminmax_iii_i,l29d2_iii_dpminmax,1000,0,g10a10_t12a0,100k,B2,FIXJACK1,7.759e-13,3.023990,,sotto,mute da t_ins+t_grad+20 ms a t_rel
x1010120_dpminmax_iii_i,l29d2_iii_dpminmax,1000,0,g10a10_t12a0,100k,A_ins,FIXJACK2,8.585e-12,1.000979,2.000,sotto,riferimento rsempre_g10t12_dpminmax_iii
x1010120_dpminmax_iii_i,l29d2_iii_dpminmax,1000,0,g10a10_t12a0,100k,A_rel,FIXJACK2,1.714e-09,3.025010,2.000,sotto,riferimento rmai_g10t12_dpminmax_iii
x1010120_dpminmax_iii_i,l29d2_iii_dpminmax,1000,0,g10a10_t12a0,100k,B2,FIXJACK2,7.759e-13,3.023990,,sotto,mute da t_ins+t_grad+20 ms a t_rel
x1010120_dpminmax_iii_c,l29d2_iii_dpminmax,1000,0,g10a10_t12a0,100k,A_ins,MAINJACK,2.396e-07,3.025313,2.000,sotto,riferimento rsempre_g10t0_dpminmax_iii
x1010120_dpminmax_iii_c,l29d2_iii_dpminmax,1000,0,g10a10_t12a0,100k,A_rel,MAINJACK,4.747e-11,5.893583,2.000,sotto,riferimento rmai_g10t0_dpminmax_iii
x1010120_dpminmax_iii_c,l29d2_iii_dpminmax,1000,0,g10a10_t12a0,100k,B2,MAINJACK,9.783e-11,3.051677,,sotto,mute da t_ins+t_grad+20 ms a t_rel
x1010120_dpminmax_iii_c,l29d2_iii_dpminmax,1000,0,g10a10_t12a0,100k,A_ins,FIXJACK1,1.711e-09,3.025010,2.000,sotto,riferimento rsempre_g10t0_dpminmax_iii
x1010120_dpminmax_iii_c,l29d2_iii_dpminmax,1000,0,g10a10_t12a0,100k,A_rel,FIXJACK1,2.384e-11,5.049635,2.000,sotto,riferimento rmai_g10t0_dpminmax_iii
x1010120_dpminmax_iii_c,l29d2_iii_dpminmax,1000,0,g10a10_t12a0,100k,B2,FIXJACK1,5.01e-13,3.051531,,sotto,mute da t_ins+t_grad+20 ms a t_rel
x1010120_dpminmax_iii_c,l29d2_iii_dpminmax,1000,0,g10a10_t12a0,100k,A_ins,FIXJACK2,1.711e-09,3.025010,2.000,sotto,riferimento rsempre_g10t0_dpminmax_iii
x1010120_dpminmax_iii_c,l29d2_iii_dpminmax,1000,0,g10a10_t12a0,100k,A_rel,FIXJACK2,1.533e-11,6.119562,2.000,sotto,riferimento rmai_g10t0_dpminmax_iii
x1010120_dpminmax_iii_c,l29d2_iii_dpminmax,1000,0,g10a10_t12a0,100k,B2,FIXJACK2,5.006e-13,3.051531,,sotto,mute da t_ins+t_grad+20 ms a t_rel
xm_dpminmax_iii,l29d2_iii_dpminmax,1000,0,10,100k,A_ins,MAINJACK,2.492e-11,1.016656,2.000,sotto,riferimento rsempre_g10t0_dpminmax_iii
xm_dpminmax_iii,l29d2_iii_dpminmax,1000,0,10,100k,A_rel,MAINJACK,4.545e-11,3.674604,2.000,sotto,riferimento rmai_g10t0_dpminmax_iii
xm_dpminmax_iii,l29d2_iii_dpminmax,1000,0,10,100k,B2,MAINJACK,1.934e-13,1.044198,,sotto,mute da t_ins+t_grad+20 ms a t_rel
xm_dpminmax_iii,l29d2_iii_dpminmax,1000,0,10,100k,A_ins,FIXJACK1,8.635e-12,1.007510,2.000,sotto,riferimento rsempre_g10t0_dpminmax_iii
xm_dpminmax_iii,l29d2_iii_dpminmax,1000,0,10,100k,A_rel,FIXJACK1,1.471e-11,3.279323,2.000,sotto,riferimento rmai_g10t0_dpminmax_iii
xm_dpminmax_iii,l29d2_iii_dpminmax,1000,0,10,100k,B2,FIXJACK1,1.726e-14,1.044000,,sotto,mute da t_ins+t_grad+20 ms a t_rel
xm_dpminmax_iii,l29d2_iii_dpminmax,1000,0,10,100k,A_ins,FIXJACK2,8.055e-12,1.015500,2.000,sotto,riferimento rsempre_g10t0_dpminmax_iii
xm_dpminmax_iii,l29d2_iii_dpminmax,1000,0,10,100k,A_rel,FIXJACK2,1.502e-11,3.107167,2.000,sotto,riferimento rmai_g10t0_dpminmax_iii
xm_dpminmax_iii,l29d2_iii_dpminmax,1000,0,10,100k,B2,FIXJACK2,9.052e-14,1.044000,,sotto,mute da t_ins+t_grad+20 ms a t_rel
x01000_dpmaxmax_iii_i,l29d2_iii_dpmaxmax,1000,0,g0a10_t0a0,100k,A_ins,MAINJACK,9.216e-12,1.013292,2.000,sotto,riferimento rsempre_g0t0_dpmaxmax_iii
x01000_dpmaxmax_iii_i,l29d2_iii_dpmaxmax,1000,0,g0a10_t0a0,100k,A_rel,MAINJACK,2.42e-07,3.024313,2.000,sotto,riferimento rmai_g0t0_dpmaxmax_iii
x01000_dpmaxmax_iii_i,l29d2_iii_dpmaxmax,1000,0,g0a10_t0a0,100k,B2,MAINJACK,1.78e-08,3.023990,,sotto,mute da t_ins+t_grad+20 ms a t_rel
x01000_dpmaxmax_iii_i,l29d2_iii_dpmaxmax,1000,0,g0a10_t0a0,100k,A_ins,FIXJACK1,8.578e-12,1.016948,2.000,sotto,riferimento rsempre_g0t0_dpmaxmax_iii
x01000_dpmaxmax_iii_i,l29d2_iii_dpmaxmax,1000,0,g0a10_t0a0,100k,A_rel,FIXJACK1,1.466e-11,3.024010,2.000,sotto,riferimento rmai_g0t0_dpmaxmax_iii
x01000_dpmaxmax_iii_i,l29d2_iii_dpmaxmax,1000,0,g0a10_t0a0,100k,B2,FIXJACK1,9.503e-13,3.023990,,sotto,mute da t_ins+t_grad+20 ms a t_rel
x01000_dpmaxmax_iii_i,l29d2_iii_dpmaxmax,1000,0,g0a10_t0a0,100k,A_ins,FIXJACK2,1.096e-11,1.006969,2.000,sotto,riferimento rsempre_g0t0_dpmaxmax_iii
x01000_dpmaxmax_iii_i,l29d2_iii_dpmaxmax,1000,0,g0a10_t0a0,100k,A_rel,FIXJACK2,1.211e-11,4.958865,2.000,sotto,riferimento rmai_g0t0_dpmaxmax_iii
x01000_dpmaxmax_iii_i,l29d2_iii_dpmaxmax,1000,0,g0a10_t0a0,100k,B2,FIXJACK2,9.503e-13,3.023990,,sotto,mute da t_ins+t_grad+20 ms a t_rel
x01000_dpmaxmax_iii_c,l29d2_iii_dpmaxmax,1000,0,g0a10_t0a0,100k,A_ins,MAINJACK,2.42e-07,3.024313,2.000,sotto,riferimento rsempre_g10t0_dpmaxmax_iii
x01000_dpmaxmax_iii_c,l29d2_iii_dpmaxmax,1000,0,g0a10_t0a0,100k,A_rel,MAINJACK,5.012e-11,6.368823,2.000,sotto,riferimento rmai_g10t0_dpmaxmax_iii
x01000_dpmaxmax_iii_c,l29d2_iii_dpmaxmax,1000,0,g0a10_t0a0,100k,B2,MAINJACK,1.517e-10,3.050625,,sotto,mute da t_ins+t_grad+20 ms a t_rel
x01000_dpmaxmax_iii_c,l29d2_iii_dpmaxmax,1000,0,g0a10_t0a0,100k,A_ins,FIXJACK1,1.218e-11,3.024010,2.000,sotto,riferimento rsempre_g10t0_dpmaxmax_iii
x01000_dpmaxmax_iii_c,l29d2_iii_dpmaxmax,1000,0,g0a10_t0a0,100k,A_rel,FIXJACK1,1.442e-11,6.462417,2.000,sotto,riferimento rmai_g10t0_dpmaxmax_iii
x01000_dpmaxmax_iii_c,l29d2_iii_dpmaxmax,1000,0,g0a10_t0a0,100k,B2,FIXJACK1,3.208e-15,3.050875,,sotto,mute da t_ins+t_grad+20 ms a t_rel
x01000_dpmaxmax_iii_c,l29d2_iii_dpmaxmax,1000,0,g0a10_t0a0,100k,A_ins,FIXJACK2,1.218e-11,3.024010,2.000,sotto,riferimento rsempre_g10t0_dpmaxmax_iii
x01000_dpmaxmax_iii_c,l29d2_iii_dpmaxmax,1000,0,g0a10_t0a0,100k,A_rel,FIXJACK2,1.891e-11,5.063625,2.000,sotto,riferimento rmai_g10t0_dpmaxmax_iii
x01000_dpmaxmax_iii_c,l29d2_iii_dpmaxmax,1000,0,g0a10_t0a0,100k,B2,FIXJACK2,3.173e-15,3.050875,,sotto,mute da t_ins+t_grad+20 ms a t_rel
x10000_dpmaxmax_iii_i,l29d2_iii_dpmaxmax,1000,0,g10a0_t0a0,100k,A_ins,MAINJACK,2.638e-11,1.012646,2.000,sotto,riferimento rsempre_g10t0_dpmaxmax_iii
x10000_dpmaxmax_iii_i,l29d2_iii_dpmaxmax,1000,0,g10a0_t0a0,100k,A_rel,MAINJACK,7.958e-08,3.024313,2.000,sotto,riferimento rmai_g10t0_dpmaxmax_iii
x10000_dpmaxmax_iii_i,l29d2_iii_dpmaxmax,1000,0,g10a0_t0a0,100k,B2,MAINJACK,2.174e-09,3.023990,,sotto,mute da t_ins+t_grad+20 ms a t_rel
x10000_dpmaxmax_iii_i,l29d2_iii_dpmaxmax,1000,0,g10a0_t0a0,100k,A_ins,FIXJACK1,8.338e-12,1.003333,2.000,sotto,riferimento rsempre_g10t0_dpmaxmax_iii
x10000_dpmaxmax_iii_i,l29d2_iii_dpmaxmax,1000,0,g10a0_t0a0,100k,A_rel,FIXJACK1,1.191e-11,3.024604,2.000,sotto,riferimento rmai_g10t0_dpmaxmax_iii
x10000_dpmaxmax_iii_i,l29d2_iii_dpmaxmax,1000,0,g10a0_t0a0,100k,B2,FIXJACK1,6.304e-13,3.023990,,sotto,mute da t_ins+t_grad+20 ms a t_rel
x10000_dpmaxmax_iii_i,l29d2_iii_dpmaxmax,1000,0,g10a0_t0a0,100k,A_ins,FIXJACK2,9.84e-12,1.015031,2.000,sotto,riferimento rsempre_g10t0_dpmaxmax_iii
x10000_dpmaxmax_iii_i,l29d2_iii_dpmaxmax,1000,0,g10a0_t0a0,100k,A_rel,FIXJACK2,1.324e-11,4.996729,2.000,sotto,riferimento rmai_g10t0_dpmaxmax_iii
x10000_dpmaxmax_iii_i,l29d2_iii_dpmaxmax,1000,0,g10a0_t0a0,100k,B2,FIXJACK2,6.304e-13,3.023990,,sotto,mute da t_ins+t_grad+20 ms a t_rel
x10000_dpmaxmax_iii_c,l29d2_iii_dpmaxmax,1000,0,g10a0_t0a0,100k,A_ins,MAINJACK,7.96e-08,3.024313,2.000,sotto,riferimento rsempre_g0t0_dpmaxmax_iii
x10000_dpmaxmax_iii_c,l29d2_iii_dpmaxmax,1000,0,g10a0_t0a0,100k,A_rel,MAINJACK,1.64e-11,6.502948,2.000,sotto,riferimento rmai_g0t0_dpmaxmax_iii
x10000_dpmaxmax_iii_c,l29d2_iii_dpmaxmax,1000,0,g10a0_t0a0,100k,B2,MAINJACK,2.391e-12,3.044000,,sotto,mute da t_ins+t_grad+20 ms a t_rel
x10000_dpmaxmax_iii_c,l29d2_iii_dpmaxmax,1000,0,g10a0_t0a0,100k,A_ins,FIXJACK1,9.769e-12,3.024604,2.000,sotto,riferimento rsempre_g0t0_dpmaxmax_iii
x10000_dpmaxmax_iii_c,l29d2_iii_dpmaxmax,1000,0,g10a0_t0a0,100k,A_rel,FIXJACK1,2.164e-11,5.049052,2.000,sotto,riferimento rmai_g0t0_dpmaxmax_iii
x10000_dpmaxmax_iii_c,l29d2_iii_dpmaxmax,1000,0,g10a0_t0a0,100k,B2,FIXJACK1,1.31e-15,3.051573,,sotto,mute da t_ins+t_grad+20 ms a t_rel
x10000_dpmaxmax_iii_c,l29d2_iii_dpmaxmax,1000,0,g10a0_t0a0,100k,A_ins,FIXJACK2,9.768e-12,3.024604,2.000,sotto,riferimento rsempre_g0t0_dpmaxmax_iii
x10000_dpmaxmax_iii_c,l29d2_iii_dpmaxmax,1000,0,g10a0_t0a0,100k,A_rel,FIXJACK2,1.947e-11,6.843229,2.000,sotto,riferimento rmai_g0t0_dpmaxmax_iii
x10000_dpmaxmax_iii_c,l29d2_iii_dpmaxmax,1000,0,g10a0_t0a0,100k,B2,FIXJACK2,1.071e-15,3.051573,,sotto,mute da t_ins+t_grad+20 ms a t_rel
x1010012_dpmaxmax_iii_i,l29d2_iii_dpmaxmax,1000,0,g10a10_t0a12,100k,A_ins,MAINJACK,2.638e-11,1.012646,2.000,sotto,riferimento rsempre_g10t0_dpmaxmax_iii
x1010012_dpmaxmax_iii_i,l29d2_iii_dpmaxmax,1000,0,g10a10_t0a12,100k,A_rel,MAINJACK,9.04e-08,3.024615,2.000,sotto,riferimento rmai_g10t0_dpmaxmax_iii
x1010012_dpmaxmax_iii_i,l29d2_iii_dpmaxmax,1000,0,g10a10_t0a12,100k,B2,MAINJACK,2.392e-09,3.023990,,sotto,mute da t_ins+t_grad+20 ms a t_rel
x1010012_dpmaxmax_iii_i,l29d2_iii_dpmaxmax,1000,0,g10a10_t0a12,100k,A_ins,FIXJACK1,8.338e-12,1.003333,2.000,sotto,riferimento rsempre_g10t0_dpmaxmax_iii
x1010012_dpmaxmax_iii_i,l29d2_iii_dpmaxmax,1000,0,g10a10_t0a12,100k,A_rel,FIXJACK1,7.904e-10,3.024010,2.000,sotto,riferimento rmai_g10t0_dpmaxmax_iii
x1010012_dpmaxmax_iii_i,l29d2_iii_dpmaxmax,1000,0,g10a10_t0a12,100k,B2,FIXJACK1,6.192e-11,3.023990,,sotto,mute da t_ins+t_grad+20 ms a t_rel
x1010012_dpmaxmax_iii_i,l29d2_iii_dpmaxmax,1000,0,g10a10_t0a12,100k,A_ins,FIXJACK2,9.84e-12,1.015031,2.000,sotto,riferimento rsempre_g10t0_dpmaxmax_iii
x1010012_dpmaxmax_iii_i,l29d2_iii_dpmaxmax,1000,0,g10a10_t0a12,100k,A_rel,FIXJACK2,7.935e-10,3.024010,2.000,sotto,riferimento rmai_g10t0_dpmaxmax_iii
x1010012_dpmaxmax_iii_i,l29d2_iii_dpmaxmax,1000,0,g10a10_t0a12,100k,B2,FIXJACK2,6.192e-11,3.023990,,sotto,mute da t_ins+t_grad+20 ms a t_rel
x1010012_dpmaxmax_iii_c,l29d2_iii_dpmaxmax,1000,0,g10a10_t0a12,100k,A_ins,MAINJACK,9.041e-08,3.024615,2.000,sotto,riferimento rsempre_g10t12_dpmaxmax_iii
x1010012_dpmaxmax_iii_c,l29d2_iii_dpmaxmax,1000,0,g10a10_t0a12,100k,A_rel,MAINJACK,7.679e-11,5.049031,2.000,sotto,riferimento rmai_g10t12_dpmaxmax_iii
x1010012_dpmaxmax_iii_c,l29d2_iii_dpmaxmax,1000,0,g10a10_t0a12,100k,B2,MAINJACK,5.985e-12,3.052979,,sotto,mute da t_ins+t_grad+20 ms a t_rel
x1010012_dpmaxmax_iii_c,l29d2_iii_dpmaxmax,1000,0,g10a10_t0a12,100k,A_ins,FIXJACK1,7.952e-10,3.024010,2.000,sotto,riferimento rsempre_g10t12_dpmaxmax_iii
x1010012_dpmaxmax_iii_c,l29d2_iii_dpmaxmax,1000,0,g10a10_t0a12,100k,A_rel,FIXJACK1,1.671e-11,5.812354,2.000,sotto,riferimento rmai_g10t12_dpmaxmax_iii
x1010012_dpmaxmax_iii_c,l29d2_iii_dpmaxmax,1000,0,g10a10_t0a12,100k,B2,FIXJACK1,1.593e-13,3.050729,,sotto,mute da t_ins+t_grad+20 ms a t_rel
x1010012_dpmaxmax_iii_c,l29d2_iii_dpmaxmax,1000,0,g10a10_t0a12,100k,A_ins,FIXJACK2,7.952e-10,3.024010,2.000,sotto,riferimento rsempre_g10t12_dpmaxmax_iii
x1010012_dpmaxmax_iii_c,l29d2_iii_dpmaxmax,1000,0,g10a10_t0a12,100k,A_rel,FIXJACK2,1.743e-11,6.567312,2.000,sotto,riferimento rmai_g10t12_dpmaxmax_iii
x1010012_dpmaxmax_iii_c,l29d2_iii_dpmaxmax,1000,0,g10a10_t0a12,100k,B2,FIXJACK2,1.592e-13,3.050479,,sotto,mute da t_ins+t_grad+20 ms a t_rel
x1010120_dpmaxmax_iii_i,l29d2_iii_dpmaxmax,1000,0,g10a10_t12a0,100k,A_ins,MAINJACK,2.144e-11,1.016438,2.000,sotto,riferimento rsempre_g10t12_dpmaxmax_iii
x1010120_dpmaxmax_iii_i,l29d2_iii_dpmaxmax,1000,0,g10a10_t12a0,100k,A_rel,MAINJACK,7.211e-08,3.025313,2.000,sotto,riferimento rmai_g10t12_dpmaxmax_iii
x1010120_dpmaxmax_iii_i,l29d2_iii_dpmaxmax,1000,0,g10a10_t12a0,100k,B2,MAINJACK,6.005e-10,3.023990,,sotto,mute da t_ins+t_grad+20 ms a t_rel
x1010120_dpmaxmax_iii_i,l29d2_iii_dpmaxmax,1000,0,g10a10_t12a0,100k,A_ins,FIXJACK1,9.306e-12,1.018781,2.000,sotto,riferimento rsempre_g10t12_dpmaxmax_iii
x1010120_dpmaxmax_iii_i,l29d2_iii_dpmaxmax,1000,0,g10a10_t12a0,100k,A_rel,FIXJACK1,3.239e-11,3.024010,2.000,sotto,riferimento rmai_g10t12_dpmaxmax_iii
x1010120_dpmaxmax_iii_i,l29d2_iii_dpmaxmax,1000,0,g10a10_t12a0,100k,B2,FIXJACK1,2.567e-12,3.023990,,sotto,mute da t_ins+t_grad+20 ms a t_rel
x1010120_dpmaxmax_iii_i,l29d2_iii_dpmaxmax,1000,0,g10a10_t12a0,100k,A_ins,FIXJACK2,9.615e-12,1.016885,2.000,sotto,riferimento rsempre_g10t12_dpmaxmax_iii
x1010120_dpmaxmax_iii_i,l29d2_iii_dpmaxmax,1000,0,g10a10_t12a0,100k,A_rel,FIXJACK2,3.173e-11,3.024010,2.000,sotto,riferimento rmai_g10t12_dpmaxmax_iii
x1010120_dpmaxmax_iii_i,l29d2_iii_dpmaxmax,1000,0,g10a10_t12a0,100k,B2,FIXJACK2,2.567e-12,3.023990,,sotto,mute da t_ins+t_grad+20 ms a t_rel
x1010120_dpmaxmax_iii_c,l29d2_iii_dpmaxmax,1000,0,g10a10_t12a0,100k,A_ins,MAINJACK,7.212e-08,3.025313,2.000,sotto,riferimento rsempre_g10t0_dpmaxmax_iii
x1010120_dpmaxmax_iii_c,l29d2_iii_dpmaxmax,1000,0,g10a10_t12a0,100k,A_rel,MAINJACK,5.183e-11,5.230615,2.000,sotto,riferimento rmai_g10t0_dpmaxmax_iii
x1010120_dpmaxmax_iii_c,l29d2_iii_dpmaxmax,1000,0,g10a10_t12a0,100k,B2,MAINJACK,8.781e-12,3.052250,,sotto,mute da t_ins+t_grad+20 ms a t_rel
x1010120_dpmaxmax_iii_c,l29d2_iii_dpmaxmax,1000,0,g10a10_t12a0,100k,A_ins,FIXJACK1,3.304e-11,3.024010,2.000,sotto,riferimento rsempre_g10t0_dpmaxmax_iii
x1010120_dpmaxmax_iii_c,l29d2_iii_dpmaxmax,1000,0,g10a10_t12a0,100k,A_rel,FIXJACK1,1.636e-11,5.971552,2.000,sotto,riferimento rmai_g10t0_dpmaxmax_iii
x1010120_dpmaxmax_iii_c,l29d2_iii_dpmaxmax,1000,0,g10a10_t12a0,100k,B2,FIXJACK1,7.261e-15,3.050562,,sotto,mute da t_ins+t_grad+20 ms a t_rel
x1010120_dpmaxmax_iii_c,l29d2_iii_dpmaxmax,1000,0,g10a10_t12a0,100k,A_ins,FIXJACK2,3.304e-11,3.024010,2.000,sotto,riferimento rsempre_g10t0_dpmaxmax_iii
x1010120_dpmaxmax_iii_c,l29d2_iii_dpmaxmax,1000,0,g10a10_t12a0,100k,A_rel,FIXJACK2,1.821e-11,5.529937,2.000,sotto,riferimento rmai_g10t0_dpmaxmax_iii
x1010120_dpmaxmax_iii_c,l29d2_iii_dpmaxmax,1000,0,g10a10_t12a0,100k,B2,FIXJACK2,7.212e-15,3.050312,,sotto,mute da t_ins+t_grad+20 ms a t_rel
xm_dpmaxmax_iii,l29d2_iii_dpmaxmax,1000,0,10,100k,A_ins,MAINJACK,2.638e-11,1.012646,2.000,sotto,riferimento rsempre_g10t0_dpmaxmax_iii
xm_dpmaxmax_iii,l29d2_iii_dpmaxmax,1000,0,10,100k,A_rel,MAINJACK,5.29e-11,4.055823,2.000,sotto,riferimento rmai_g10t0_dpmaxmax_iii
xm_dpmaxmax_iii,l29d2_iii_dpmaxmax,1000,0,10,100k,B2,MAINJACK,1.467e-13,1.045479,,sotto,mute da t_ins+t_grad+20 ms a t_rel
xm_dpmaxmax_iii,l29d2_iii_dpmaxmax,1000,0,10,100k,A_ins,FIXJACK1,8.338e-12,1.003333,2.000,sotto,riferimento rsempre_g10t0_dpmaxmax_iii
xm_dpmaxmax_iii,l29d2_iii_dpmaxmax,1000,0,10,100k,A_rel,FIXJACK1,1.478e-11,3.046885,2.000,sotto,riferimento rmai_g10t0_dpmaxmax_iii
xm_dpmaxmax_iii,l29d2_iii_dpmaxmax,1000,0,10,100k,B2,FIXJACK1,1.856e-13,1.044000,,sotto,mute da t_ins+t_grad+20 ms a t_rel
xm_dpmaxmax_iii,l29d2_iii_dpmaxmax,1000,0,10,100k,A_ins,FIXJACK2,9.84e-12,1.015031,2.000,sotto,riferimento rsempre_g10t0_dpmaxmax_iii
xm_dpmaxmax_iii,l29d2_iii_dpmaxmax,1000,0,10,100k,A_rel,FIXJACK2,1.842e-11,4.998979,2.000,sotto,riferimento rmai_g10t0_dpmaxmax_iii
xm_dpmaxmax_iii,l29d2_iii_dpmaxmax,1000,0,10,100k,B2,FIXJACK2,8.165e-14,1.044479,,sotto,mute da t_ins+t_grad+20 ms a t_rel
mh01_1k_iii,l29d2_iii_h01,1000,3.818,10,100k,A_ins,MAINJACK,12.72,1.024490,0.100,SOPRA,riferimento g10sempre_1k_iii
mh01_1k_iii,l29d2_iii_h01,1000,3.818,10,100k,A_rel,MAINJACK,12.71,1.100021,2.000,SOPRA,riferimento g10mai_1k_iii
mh01_1k_iii,l29d2_iii_h01,1000,3.818,10,100k,B2,MAINJACK,0.006723,1.050885,,SOPRA,mute da t_ins+t_grad+20 ms a t_rel
mh01_1k_iii,l29d2_iii_h01,1000,3.818,10,100k,B2g,MAINJACK,1.071e-05,1.066281,,sotto,jack grezzo da t_ins+t_grad+20 ms a t_rel (ADR-063)
mh01_1k_iii,l29d2_iii_h01,1000,3.818,10,100k,C1_ins,MAINJACK,11.48,1.125042,,SOPRA,"diagnostica, cond 1"
mh01_1k_iii,l29d2_iii_h01,1000,3.818,10,100k,C1_rel,MAINJACK,11.48,1.125042,,SOPRA,"diagnostica, cond 1"
mh01_1k_iii,l29d2_iii_h01,1000,3.818,10,100k,C2_ins,MAINJACK,11.48,1.125042,,SOPRA,"riferimento g10sempre_1k_iii, cond 1"
mh01_1k_iii,l29d2_iii_h01,1000,3.818,10,100k,C2_rel,MAINJACK,11.48,1.125042,,SOPRA,"riferimento g10mai_1k_iii, cond 1"
mh01_1k_iii,l29d2_iii_h01,1000,3.818,10,100k,A_ins,FIXJACK1,4.04,1.024490,0.100,SOPRA,riferimento g10sempre_1k_iii
mh01_1k_iii,l29d2_iii_h01,1000,3.818,10,100k,A_rel,FIXJACK1,4.035,1.100021,2.000,SOPRA,riferimento g10mai_1k_iii
mh01_1k_iii,l29d2_iii_h01,1000,3.818,10,100k,B2,FIXJACK1,0.002136,1.050885,,SOPRA,mute da t_ins+t_grad+20 ms a t_rel
mh01_1k_iii,l29d2_iii_h01,1000,3.818,10,100k,B2g,FIXJACK1,3.397e-06,1.066281,,sotto,jack grezzo da t_ins+t_grad+20 ms a t_rel (ADR-063)
mh01_1k_iii,l29d2_iii_h01,1000,3.818,10,100k,C1_ins,FIXJACK1,3.879,1.125042,,SOPRA,"diagnostica, cond 1"
mh01_1k_iii,l29d2_iii_h01,1000,3.818,10,100k,C1_rel,FIXJACK1,3.879,1.125042,,SOPRA,"diagnostica, cond 1"
mh01_1k_iii,l29d2_iii_h01,1000,3.818,10,100k,C2_ins,FIXJACK1,3.879,1.125042,,SOPRA,"riferimento g10sempre_1k_iii, cond 1"
mh01_1k_iii,l29d2_iii_h01,1000,3.818,10,100k,C2_rel,FIXJACK1,3.879,1.125042,,SOPRA,"riferimento g10mai_1k_iii, cond 1"
mh01_1k_iii,l29d2_iii_h01,1000,3.818,10,100k,A_ins,FIXJACK2,4.04,1.024490,0.100,SOPRA,riferimento g10sempre_1k_iii
mh01_1k_iii,l29d2_iii_h01,1000,3.818,10,100k,A_rel,FIXJACK2,4.035,1.100021,2.000,SOPRA,riferimento g10mai_1k_iii
mh01_1k_iii,l29d2_iii_h01,1000,3.818,10,100k,B2,FIXJACK2,0.002136,1.050885,,SOPRA,mute da t_ins+t_grad+20 ms a t_rel
mh01_1k_iii,l29d2_iii_h01,1000,3.818,10,100k,B2g,FIXJACK2,3.397e-06,1.066281,,sotto,jack grezzo da t_ins+t_grad+20 ms a t_rel (ADR-063)
mh01_1k_iii,l29d2_iii_h01,1000,3.818,10,100k,C1_ins,FIXJACK2,3.879,1.125042,,SOPRA,"diagnostica, cond 1"
mh01_1k_iii,l29d2_iii_h01,1000,3.818,10,100k,C1_rel,FIXJACK2,3.879,1.125042,,SOPRA,"diagnostica, cond 1"
mh01_1k_iii,l29d2_iii_h01,1000,3.818,10,100k,C2_ins,FIXJACK2,3.879,1.125042,,SOPRA,"riferimento g10sempre_1k_iii, cond 1"
mh01_1k_iii,l29d2_iii_h01,1000,3.818,10,100k,C2_rel,FIXJACK2,3.879,1.125042,,SOPRA,"riferimento g10mai_1k_iii, cond 1"
mev_1k_iii,l29d2_iii_ev,1000,3.818,10,100k,A_ins,MAINJACK,12.72,1.024490,1.000,SOPRA,riferimento g10sempre_1k_iii
mev_1k_iii,l29d2_iii_ev,1000,3.818,10,100k,A_rel,MAINJACK,12.71,2.000021,2.000,SOPRA,riferimento g10mai_1k_iii
mev_1k_iii,l29d2_iii_ev,1000,3.818,10,100k,B2,MAINJACK,0.006723,1.050885,,SOPRA,mute da t_ins+t_grad+20 ms a t_rel
mev_1k_iii,l29d2_iii_ev,1000,3.818,10,100k,B2g,MAINJACK,1.083e-05,1.589281,,sotto,jack grezzo da t_ins+t_grad+20 ms a t_rel (ADR-063)
mev_1k_iii,l29d2_iii_ev,1000,3.818,10,100k,C1_ins,MAINJACK,7.063,1.024490,,SOPRA,"diagnostica, cond 1"
mev_1k_iii,l29d2_iii_ev,1000,3.818,10,100k,C1_rel,MAINJACK,11.47,2.025042,,SOPRA,"diagnostica, cond 1"
mev_1k_iii,l29d2_iii_ev,1000,3.818,10,100k,C2_ins,MAINJACK,7.063,1.024490,,SOPRA,"riferimento g10sempre_1k_iii, cond 1"
mev_1k_iii,l29d2_iii_ev,1000,3.818,10,100k,C2_rel,MAINJACK,11.47,2.025042,,SOPRA,"riferimento g10mai_1k_iii, cond 1"
mev_1k_iii,l29d2_iii_ev,1000,3.818,10,100k,A_ins,FIXJACK1,4.04,1.024490,1.000,SOPRA,riferimento g10sempre_1k_iii
mev_1k_iii,l29d2_iii_ev,1000,3.818,10,100k,A_rel,FIXJACK1,4.035,2.000021,2.000,SOPRA,riferimento g10mai_1k_iii
mev_1k_iii,l29d2_iii_ev,1000,3.818,10,100k,B2,FIXJACK1,0.002136,1.050885,,SOPRA,mute da t_ins+t_grad+20 ms a t_rel
mev_1k_iii,l29d2_iii_ev,1000,3.818,10,100k,B2g,FIXJACK1,3.437e-06,1.589281,,sotto,jack grezzo da t_ins+t_grad+20 ms a t_rel (ADR-063)
mev_1k_iii,l29d2_iii_ev,1000,3.818,10,100k,C1_ins,FIXJACK1,2.244,1.024490,,SOPRA,"diagnostica, cond 1"
mev_1k_iii,l29d2_iii_ev,1000,3.818,10,100k,C1_rel,FIXJACK1,3.876,2.025042,,SOPRA,"diagnostica, cond 1"
mev_1k_iii,l29d2_iii_ev,1000,3.818,10,100k,C2_ins,FIXJACK1,2.244,1.024490,,SOPRA,"riferimento g10sempre_1k_iii, cond 1"
mev_1k_iii,l29d2_iii_ev,1000,3.818,10,100k,C2_rel,FIXJACK1,3.876,2.025042,,SOPRA,"riferimento g10mai_1k_iii, cond 1"
mev_1k_iii,l29d2_iii_ev,1000,3.818,10,100k,A_ins,FIXJACK2,4.04,1.024490,1.000,SOPRA,riferimento g10sempre_1k_iii
mev_1k_iii,l29d2_iii_ev,1000,3.818,10,100k,A_rel,FIXJACK2,4.035,2.000021,2.000,SOPRA,riferimento g10mai_1k_iii
mev_1k_iii,l29d2_iii_ev,1000,3.818,10,100k,B2,FIXJACK2,0.002136,1.050885,,SOPRA,mute da t_ins+t_grad+20 ms a t_rel
mev_1k_iii,l29d2_iii_ev,1000,3.818,10,100k,B2g,FIXJACK2,3.437e-06,1.589281,,sotto,jack grezzo da t_ins+t_grad+20 ms a t_rel (ADR-063)
mev_1k_iii,l29d2_iii_ev,1000,3.818,10,100k,C1_ins,FIXJACK2,2.244,1.024490,,SOPRA,"diagnostica, cond 1"
mev_1k_iii,l29d2_iii_ev,1000,3.818,10,100k,C1_rel,FIXJACK2,3.876,2.025042,,SOPRA,"diagnostica, cond 1"
mev_1k_iii,l29d2_iii_ev,1000,3.818,10,100k,C2_ins,FIXJACK2,2.244,1.024490,,SOPRA,"riferimento g10sempre_1k_iii, cond 1"
mev_1k_iii,l29d2_iii_ev,1000,3.818,10,100k,C2_rel,FIXJACK2,3.876,2.025042,,SOPRA,"riferimento g10mai_1k_iii, cond 1"
mh2_1k_iii,l29d2_iii_h2,1000,3.818,10,100k,A_ins,MAINJACK,12.72,1.024490,2.000,SOPRA,riferimento g10sempre_1k_iii
mh2_1k_iii,l29d2_iii_h2,1000,3.818,10,100k,A_rel,MAINJACK,12.71,3.000021,2.000,SOPRA,riferimento g10mai_1k_iii
mh2_1k_iii,l29d2_iii_h2,1000,3.818,10,100k,B2,MAINJACK,0.006723,1.050885,,SOPRA,mute da t_ins+t_grad+20 ms a t_rel
mh2_1k_iii,l29d2_iii_h2,1000,3.818,10,100k,B2g,MAINJACK,1.086e-05,2.292281,,sotto,jack grezzo da t_ins+t_grad+20 ms a t_rel (ADR-063)
mh2_1k_iii,l29d2_iii_h2,1000,3.818,10,100k,C1_ins,MAINJACK,7.063,1.024490,,SOPRA,"diagnostica, cond 1"
mh2_1k_iii,l29d2_iii_h2,1000,3.818,10,100k,C1_rel,MAINJACK,11.47,3.025031,,SOPRA,"diagnostica, cond 1"
mh2_1k_iii,l29d2_iii_h2,1000,3.818,10,100k,C2_ins,MAINJACK,7.063,1.024490,,SOPRA,"riferimento g10sempre_1k_iii, cond 1"
mh2_1k_iii,l29d2_iii_h2,1000,3.818,10,100k,C2_rel,MAINJACK,11.47,3.025031,,SOPRA,"riferimento g10mai_1k_iii, cond 1"
mh2_1k_iii,l29d2_iii_h2,1000,3.818,10,100k,A_ins,FIXJACK1,4.04,1.024490,2.000,SOPRA,riferimento g10sempre_1k_iii
mh2_1k_iii,l29d2_iii_h2,1000,3.818,10,100k,A_rel,FIXJACK1,4.035,3.000021,2.000,SOPRA,riferimento g10mai_1k_iii
mh2_1k_iii,l29d2_iii_h2,1000,3.818,10,100k,B2,FIXJACK1,0.002136,1.050885,,SOPRA,mute da t_ins+t_grad+20 ms a t_rel
mh2_1k_iii,l29d2_iii_h2,1000,3.818,10,100k,B2g,FIXJACK1,3.444e-06,2.292281,,sotto,jack grezzo da t_ins+t_grad+20 ms a t_rel (ADR-063)
mh2_1k_iii,l29d2_iii_h2,1000,3.818,10,100k,C1_ins,FIXJACK1,2.244,1.024490,,SOPRA,"diagnostica, cond 1"
mh2_1k_iii,l29d2_iii_h2,1000,3.818,10,100k,C1_rel,FIXJACK1,3.874,3.025042,,SOPRA,"diagnostica, cond 1"
mh2_1k_iii,l29d2_iii_h2,1000,3.818,10,100k,C2_ins,FIXJACK1,2.244,1.024490,,SOPRA,"riferimento g10sempre_1k_iii, cond 1"
mh2_1k_iii,l29d2_iii_h2,1000,3.818,10,100k,C2_rel,FIXJACK1,3.874,3.025042,,SOPRA,"riferimento g10mai_1k_iii, cond 1"
mh2_1k_iii,l29d2_iii_h2,1000,3.818,10,100k,A_ins,FIXJACK2,4.04,1.024490,2.000,SOPRA,riferimento g10sempre_1k_iii
mh2_1k_iii,l29d2_iii_h2,1000,3.818,10,100k,A_rel,FIXJACK2,4.035,3.000021,2.000,SOPRA,riferimento g10mai_1k_iii
mh2_1k_iii,l29d2_iii_h2,1000,3.818,10,100k,B2,FIXJACK2,0.002136,1.050885,,SOPRA,mute da t_ins+t_grad+20 ms a t_rel
mh2_1k_iii,l29d2_iii_h2,1000,3.818,10,100k,B2g,FIXJACK2,3.444e-06,2.292281,,sotto,jack grezzo da t_ins+t_grad+20 ms a t_rel (ADR-063)
mh2_1k_iii,l29d2_iii_h2,1000,3.818,10,100k,C1_ins,FIXJACK2,2.244,1.024490,,SOPRA,"diagnostica, cond 1"
mh2_1k_iii,l29d2_iii_h2,1000,3.818,10,100k,C1_rel,FIXJACK2,3.874,3.025042,,SOPRA,"diagnostica, cond 1"
mh2_1k_iii,l29d2_iii_h2,1000,3.818,10,100k,C2_ins,FIXJACK2,2.244,1.024490,,SOPRA,"riferimento g10sempre_1k_iii, cond 1"
mh2_1k_iii,l29d2_iii_h2,1000,3.818,10,100k,C2_rel,FIXJACK2,3.874,3.025042,,SOPRA,"riferimento g10mai_1k_iii, cond 1"
mh20_1k_iii,l29d2_iii_h20,1000,3.818,10,100k,A_ins,MAINJACK,12.72,1.024490,2.000,SOPRA,riferimento g10sempre_1k_iii
mh20_1k_iii,l29d2_iii_h20,1000,3.818,10,100k,A_rel,MAINJACK,12.71,21.000021,2.000,SOPRA,riferimento g10mai_1k_iii
mh20_1k_iii,l29d2_iii_h20,1000,3.818,10,100k,B2,MAINJACK,0.006723,1.050885,,SOPRA,mute da t_ins+t_grad+20 ms a t_rel
mh20_1k_iii,l29d2_iii_h20,1000,3.818,10,100k,B2g,MAINJACK,1.087e-05,8.315281,,sotto,jack grezzo da t_ins+t_grad+20 ms a t_rel (ADR-063)
mh20_1k_iii,l29d2_iii_h20,1000,3.818,10,100k,C1_ins,MAINJACK,7.063,1.024490,,SOPRA,"diagnostica, cond 1"
mh20_1k_iii,l29d2_iii_h20,1000,3.818,10,100k,C1_rel,MAINJACK,11.48,21.025042,,SOPRA,"diagnostica, cond 1"
mh20_1k_iii,l29d2_iii_h20,1000,3.818,10,100k,C2_ins,MAINJACK,7.063,1.024490,,SOPRA,"riferimento g10sempre_1k_iii, cond 1"
mh20_1k_iii,l29d2_iii_h20,1000,3.818,10,100k,C2_rel,MAINJACK,11.48,21.025042,,SOPRA,"riferimento g10mai_1k_iii, cond 1"
mh20_1k_iii,l29d2_iii_h20,1000,3.818,10,100k,A_ins,FIXJACK1,4.04,1.024490,2.000,SOPRA,riferimento g10sempre_1k_iii
mh20_1k_iii,l29d2_iii_h20,1000,3.818,10,100k,A_rel,FIXJACK1,4.035,21.000021,2.000,SOPRA,riferimento g10mai_1k_iii
mh20_1k_iii,l29d2_iii_h20,1000,3.818,10,100k,B2,FIXJACK1,0.002136,1.050885,,SOPRA,mute da t_ins+t_grad+20 ms a t_rel
mh20_1k_iii,l29d2_iii_h20,1000,3.818,10,100k,B2g,FIXJACK1,3.446e-06,8.315281,,sotto,jack grezzo da t_ins+t_grad+20 ms a t_rel (ADR-063)
mh20_1k_iii,l29d2_iii_h20,1000,3.818,10,100k,C1_ins,FIXJACK1,2.244,1.024490,,SOPRA,"diagnostica, cond 1"
mh20_1k_iii,l29d2_iii_h20,1000,3.818,10,100k,C1_rel,FIXJACK1,3.877,21.025042,,SOPRA,"diagnostica, cond 1"
mh20_1k_iii,l29d2_iii_h20,1000,3.818,10,100k,C2_ins,FIXJACK1,2.244,1.024490,,SOPRA,"riferimento g10sempre_1k_iii, cond 1"
mh20_1k_iii,l29d2_iii_h20,1000,3.818,10,100k,C2_rel,FIXJACK1,3.877,21.025042,,SOPRA,"riferimento g10mai_1k_iii, cond 1"
mh20_1k_iii,l29d2_iii_h20,1000,3.818,10,100k,A_ins,FIXJACK2,4.04,1.024490,2.000,SOPRA,riferimento g10sempre_1k_iii
mh20_1k_iii,l29d2_iii_h20,1000,3.818,10,100k,A_rel,FIXJACK2,4.035,21.000021,2.000,SOPRA,riferimento g10mai_1k_iii
mh20_1k_iii,l29d2_iii_h20,1000,3.818,10,100k,B2,FIXJACK2,0.002136,1.050885,,SOPRA,mute da t_ins+t_grad+20 ms a t_rel
mh20_1k_iii,l29d2_iii_h20,1000,3.818,10,100k,B2g,FIXJACK2,3.446e-06,8.315281,,sotto,jack grezzo da t_ins+t_grad+20 ms a t_rel (ADR-063)
mh20_1k_iii,l29d2_iii_h20,1000,3.818,10,100k,C1_ins,FIXJACK2,2.244,1.024490,,SOPRA,"diagnostica, cond 1"
mh20_1k_iii,l29d2_iii_h20,1000,3.818,10,100k,C1_rel,FIXJACK2,3.877,21.025042,,SOPRA,"diagnostica, cond 1"
mh20_1k_iii,l29d2_iii_h20,1000,3.818,10,100k,C2_ins,FIXJACK2,2.244,1.024490,,SOPRA,"riferimento g10sempre_1k_iii, cond 1"
mh20_1k_iii,l29d2_iii_h20,1000,3.818,10,100k,C2_rel,FIXJACK2,3.877,21.025042,,SOPRA,"riferimento g10mai_1k_iii, cond 1"
mh01_20_iii,l29d2_iii_h01,20,3.818,10,100k,A_ins,MAINJACK,12.79,1.000031,0.100,SOPRA,riferimento g10sempre_20_iii
mh01_20_iii,l29d2_iii_h01,20,3.818,10,100k,A_rel,MAINJACK,12.79,1.100031,2.000,SOPRA,riferimento g10mai_20_iii
mh01_20_iii,l29d2_iii_h01,20,3.818,10,100k,B2,MAINJACK,0.7324,1.051302,,SOPRA,mute da t_ins+t_grad+20 ms a t_rel
mh01_20_iii,l29d2_iii_h01,20,3.818,10,100k,B2g,MAINJACK,4.33e-06,1.077240,,sotto,jack grezzo da t_ins+t_grad+20 ms a t_rel (ADR-063)
mh01_20_iii,l29d2_iii_h01,20,3.818,10,100k,C1_ins,MAINJACK,9.015,1.024042,,SOPRA,"diagnostica, cond 7.22"
mh01_20_iii,l29d2_iii_h01,20,3.818,10,100k,C1_rel,MAINJACK,0.4722,1.126552,,SOPRA,"diagnostica, cond 7.22"
mh01_20_iii,l29d2_iii_h01,20,3.818,10,100k,C2_ins,MAINJACK,9.015,1.024042,,SOPRA,"riferimento g10sempre_20_iii, cond 7.22"
mh01_20_iii,l29d2_iii_h01,20,3.818,10,100k,C2_rel,MAINJACK,0.4723,1.126552,,SOPRA,"riferimento g10mai_20_iii, cond 7.22"
mh01_20_iii,l29d2_iii_h01,20,3.818,10,100k,A_ins,FIXJACK1,4.063,1.000031,0.100,SOPRA,riferimento g10sempre_20_iii
mh01_20_iii,l29d2_iii_h01,20,3.818,10,100k,A_rel,FIXJACK1,4.063,1.100031,2.000,SOPRA,riferimento g10mai_20_iii
mh01_20_iii,l29d2_iii_h01,20,3.818,10,100k,B2,FIXJACK1,0.2296,1.051375,,SOPRA,mute da t_ins+t_grad+20 ms a t_rel
mh01_20_iii,l29d2_iii_h01,20,3.818,10,100k,B2g,FIXJACK1,1.107e-06,1.077240,,sotto,jack grezzo da t_ins+t_grad+20 ms a t_rel (ADR-063)
mh01_20_iii,l29d2_iii_h01,20,3.818,10,100k,C1_ins,FIXJACK1,2.856,1.024042,,SOPRA,"diagnostica, cond 7.22"
mh01_20_iii,l29d2_iii_h01,20,3.818,10,100k,C1_rel,FIXJACK1,0.1502,1.126552,,SOPRA,"diagnostica, cond 7.22"
mh01_20_iii,l29d2_iii_h01,20,3.818,10,100k,C2_ins,FIXJACK1,2.856,1.024042,,SOPRA,"riferimento g10sempre_20_iii, cond 7.22"
mh01_20_iii,l29d2_iii_h01,20,3.818,10,100k,C2_rel,FIXJACK1,0.1502,1.126552,,SOPRA,"riferimento g10mai_20_iii, cond 7.22"
mh01_20_iii,l29d2_iii_h01,20,3.818,10,100k,A_ins,FIXJACK2,4.063,1.000031,0.100,SOPRA,riferimento g10sempre_20_iii
mh01_20_iii,l29d2_iii_h01,20,3.818,10,100k,A_rel,FIXJACK2,4.063,1.100031,2.000,SOPRA,riferimento g10mai_20_iii
mh01_20_iii,l29d2_iii_h01,20,3.818,10,100k,B2,FIXJACK2,0.2296,1.051375,,SOPRA,mute da t_ins+t_grad+20 ms a t_rel
mh01_20_iii,l29d2_iii_h01,20,3.818,10,100k,B2g,FIXJACK2,1.107e-06,1.077240,,sotto,jack grezzo da t_ins+t_grad+20 ms a t_rel (ADR-063)
mh01_20_iii,l29d2_iii_h01,20,3.818,10,100k,C1_ins,FIXJACK2,2.856,1.024042,,SOPRA,"diagnostica, cond 7.22"
mh01_20_iii,l29d2_iii_h01,20,3.818,10,100k,C1_rel,FIXJACK2,0.1502,1.126552,,SOPRA,"diagnostica, cond 7.22"
mh01_20_iii,l29d2_iii_h01,20,3.818,10,100k,C2_ins,FIXJACK2,2.856,1.024042,,SOPRA,"riferimento g10sempre_20_iii, cond 7.22"
mh01_20_iii,l29d2_iii_h01,20,3.818,10,100k,C2_rel,FIXJACK2,0.1502,1.126552,,SOPRA,"riferimento g10mai_20_iii, cond 7.22"
mev_20_iii,l29d2_iii_ev,20,3.818,10,100k,A_ins,MAINJACK,12.79,1.000031,1.000,SOPRA,riferimento g10sempre_20_iii
mev_20_iii,l29d2_iii_ev,20,3.818,10,100k,A_rel,MAINJACK,12.79,2.000031,2.000,SOPRA,riferimento g10mai_20_iii
mev_20_iii,l29d2_iii_ev,20,3.818,10,100k,B2,MAINJACK,0.7324,1.051302,,SOPRA,mute da t_ins+t_grad+20 ms a t_rel
mev_20_iii,l29d2_iii_ev,20,3.818,10,100k,B2g,MAINJACK,4.33e-06,1.951990,,sotto,jack grezzo da t_ins+t_grad+20 ms a t_rel (ADR-063)
mev_20_iii,l29d2_iii_ev,20,3.818,10,100k,C1_ins,MAINJACK,9.015,1.024042,,SOPRA,"diagnostica, cond 7.22"
mev_20_iii,l29d2_iii_ev,20,3.818,10,100k,C1_rel,MAINJACK,0.4722,2.026573,,SOPRA,"diagnostica, cond 7.22"
mev_20_iii,l29d2_iii_ev,20,3.818,10,100k,C2_ins,MAINJACK,9.015,1.024042,,SOPRA,"riferimento g10sempre_20_iii, cond 7.22"
mev_20_iii,l29d2_iii_ev,20,3.818,10,100k,C2_rel,MAINJACK,0.4723,2.026573,,SOPRA,"riferimento g10mai_20_iii, cond 7.22"
mev_20_iii,l29d2_iii_ev,20,3.818,10,100k,A_ins,FIXJACK1,4.063,1.000031,1.000,SOPRA,riferimento g10sempre_20_iii
mev_20_iii,l29d2_iii_ev,20,3.818,10,100k,A_rel,FIXJACK1,4.063,2.000031,2.000,SOPRA,riferimento g10mai_20_iii
mev_20_iii,l29d2_iii_ev,20,3.818,10,100k,B2,FIXJACK1,0.2296,1.051375,,SOPRA,mute da t_ins+t_grad+20 ms a t_rel
mev_20_iii,l29d2_iii_ev,20,3.818,10,100k,B2g,FIXJACK1,1.107e-06,1.951990,,sotto,jack grezzo da t_ins+t_grad+20 ms a t_rel (ADR-063)
mev_20_iii,l29d2_iii_ev,20,3.818,10,100k,C1_ins,FIXJACK1,2.856,1.024042,,SOPRA,"diagnostica, cond 7.22"
mev_20_iii,l29d2_iii_ev,20,3.818,10,100k,C1_rel,FIXJACK1,0.1502,2.026573,,SOPRA,"diagnostica, cond 7.22"
mev_20_iii,l29d2_iii_ev,20,3.818,10,100k,C2_ins,FIXJACK1,2.856,1.024042,,SOPRA,"riferimento g10sempre_20_iii, cond 7.22"
mev_20_iii,l29d2_iii_ev,20,3.818,10,100k,C2_rel,FIXJACK1,0.1502,2.026573,,SOPRA,"riferimento g10mai_20_iii, cond 7.22"
mev_20_iii,l29d2_iii_ev,20,3.818,10,100k,A_ins,FIXJACK2,4.063,1.000031,1.000,SOPRA,riferimento g10sempre_20_iii
mev_20_iii,l29d2_iii_ev,20,3.818,10,100k,A_rel,FIXJACK2,4.063,2.000031,2.000,SOPRA,riferimento g10mai_20_iii
mev_20_iii,l29d2_iii_ev,20,3.818,10,100k,B2,FIXJACK2,0.2296,1.051375,,SOPRA,mute da t_ins+t_grad+20 ms a t_rel
mev_20_iii,l29d2_iii_ev,20,3.818,10,100k,B2g,FIXJACK2,1.107e-06,1.977240,,sotto,jack grezzo da t_ins+t_grad+20 ms a t_rel (ADR-063)
mev_20_iii,l29d2_iii_ev,20,3.818,10,100k,C1_ins,FIXJACK2,2.856,1.024042,,SOPRA,"diagnostica, cond 7.22"
mev_20_iii,l29d2_iii_ev,20,3.818,10,100k,C1_rel,FIXJACK2,0.1502,2.026573,,SOPRA,"diagnostica, cond 7.22"
mev_20_iii,l29d2_iii_ev,20,3.818,10,100k,C2_ins,FIXJACK2,2.856,1.024042,,SOPRA,"riferimento g10sempre_20_iii, cond 7.22"
mev_20_iii,l29d2_iii_ev,20,3.818,10,100k,C2_rel,FIXJACK2,0.1502,2.026573,,SOPRA,"riferimento g10mai_20_iii, cond 7.22"
mh2_20_iii,l29d2_iii_h2,20,3.818,10,100k,A_ins,MAINJACK,12.79,1.000031,2.000,SOPRA,riferimento g10sempre_20_iii
mh2_20_iii,l29d2_iii_h2,20,3.818,10,100k,A_rel,MAINJACK,12.79,3.000031,2.000,SOPRA,riferimento g10mai_20_iii
mh2_20_iii,l29d2_iii_h2,20,3.818,10,100k,B2,MAINJACK,0.7324,1.051302,,SOPRA,mute da t_ins+t_grad+20 ms a t_rel
mh2_20_iii,l29d2_iii_h2,20,3.818,10,100k,B2g,MAINJACK,4.33e-06,2.951990,,sotto,jack grezzo da t_ins+t_grad+20 ms a t_rel (ADR-063)
mh2_20_iii,l29d2_iii_h2,20,3.818,10,100k,C1_ins,MAINJACK,9.015,1.024042,,SOPRA,"diagnostica, cond 7.22"
mh2_20_iii,l29d2_iii_h2,20,3.818,10,100k,C1_rel,MAINJACK,0.4722,3.026583,,SOPRA,"diagnostica, cond 7.22"
mh2_20_iii,l29d2_iii_h2,20,3.818,10,100k,C2_ins,MAINJACK,9.015,1.024042,,SOPRA,"riferimento g10sempre_20_iii, cond 7.22"
mh2_20_iii,l29d2_iii_h2,20,3.818,10,100k,C2_rel,MAINJACK,0.4723,3.026573,,SOPRA,"riferimento g10mai_20_iii, cond 7.22"
mh2_20_iii,l29d2_iii_h2,20,3.818,10,100k,A_ins,FIXJACK1,4.063,1.000031,2.000,SOPRA,riferimento g10sempre_20_iii
mh2_20_iii,l29d2_iii_h2,20,3.818,10,100k,A_rel,FIXJACK1,4.063,3.000031,2.000,SOPRA,riferimento g10mai_20_iii
mh2_20_iii,l29d2_iii_h2,20,3.818,10,100k,B2,FIXJACK1,0.2296,1.051375,,SOPRA,mute da t_ins+t_grad+20 ms a t_rel
mh2_20_iii,l29d2_iii_h2,20,3.818,10,100k,B2g,FIXJACK1,1.107e-06,2.977240,,sotto,jack grezzo da t_ins+t_grad+20 ms a t_rel (ADR-063)
mh2_20_iii,l29d2_iii_h2,20,3.818,10,100k,C1_ins,FIXJACK1,2.856,1.024042,,SOPRA,"diagnostica, cond 7.22"
mh2_20_iii,l29d2_iii_h2,20,3.818,10,100k,C1_rel,FIXJACK1,0.1502,3.026583,,SOPRA,"diagnostica, cond 7.22"
mh2_20_iii,l29d2_iii_h2,20,3.818,10,100k,C2_ins,FIXJACK1,2.856,1.024042,,SOPRA,"riferimento g10sempre_20_iii, cond 7.22"
mh2_20_iii,l29d2_iii_h2,20,3.818,10,100k,C2_rel,FIXJACK1,0.1502,3.026583,,SOPRA,"riferimento g10mai_20_iii, cond 7.22"
mh2_20_iii,l29d2_iii_h2,20,3.818,10,100k,A_ins,FIXJACK2,4.063,1.000031,2.000,SOPRA,riferimento g10sempre_20_iii
mh2_20_iii,l29d2_iii_h2,20,3.818,10,100k,A_rel,FIXJACK2,4.063,3.000031,2.000,SOPRA,riferimento g10mai_20_iii
mh2_20_iii,l29d2_iii_h2,20,3.818,10,100k,B2,FIXJACK2,0.2296,1.051375,,SOPRA,mute da t_ins+t_grad+20 ms a t_rel
mh2_20_iii,l29d2_iii_h2,20,3.818,10,100k,B2g,FIXJACK2,1.107e-06,2.977240,,sotto,jack grezzo da t_ins+t_grad+20 ms a t_rel (ADR-063)
mh2_20_iii,l29d2_iii_h2,20,3.818,10,100k,C1_ins,FIXJACK2,2.856,1.024042,,SOPRA,"diagnostica, cond 7.22"
mh2_20_iii,l29d2_iii_h2,20,3.818,10,100k,C1_rel,FIXJACK2,0.1502,3.026583,,SOPRA,"diagnostica, cond 7.22"
mh2_20_iii,l29d2_iii_h2,20,3.818,10,100k,C2_ins,FIXJACK2,2.856,1.024042,,SOPRA,"riferimento g10sempre_20_iii, cond 7.22"
mh2_20_iii,l29d2_iii_h2,20,3.818,10,100k,C2_rel,FIXJACK2,0.1502,3.026583,,SOPRA,"riferimento g10mai_20_iii, cond 7.22"
mh20_20_iii,l29d2_iii_h20,20,3.818,10,100k,A_ins,MAINJACK,12.79,1.000031,2.000,SOPRA,riferimento g10sempre_20_iii
mh20_20_iii,l29d2_iii_h20,20,3.818,10,100k,A_rel,MAINJACK,12.79,21.000031,2.000,SOPRA,riferimento g10mai_20_iii
mh20_20_iii,l29d2_iii_h20,20,3.818,10,100k,B2,MAINJACK,0.7324,1.051302,,SOPRA,mute da t_ins+t_grad+20 ms a t_rel
mh20_20_iii,l29d2_iii_h20,20,3.818,10,100k,B2g,MAINJACK,4.33e-06,4.001990,,sotto,jack grezzo da t_ins+t_grad+20 ms a t_rel (ADR-063)
mh20_20_iii,l29d2_iii_h20,20,3.818,10,100k,C1_ins,MAINJACK,9.015,1.024042,,SOPRA,"diagnostica, cond 7.22"
mh20_20_iii,l29d2_iii_h20,20,3.818,10,100k,C1_rel,MAINJACK,0.4722,21.026583,,SOPRA,"diagnostica, cond 7.22"
mh20_20_iii,l29d2_iii_h20,20,3.818,10,100k,C2_ins,MAINJACK,9.015,1.024042,,SOPRA,"riferimento g10sempre_20_iii, cond 7.22"
mh20_20_iii,l29d2_iii_h20,20,3.818,10,100k,C2_rel,MAINJACK,0.4723,21.026573,,SOPRA,"riferimento g10mai_20_iii, cond 7.22"
mh20_20_iii,l29d2_iii_h20,20,3.818,10,100k,A_ins,FIXJACK1,4.063,1.000031,2.000,SOPRA,riferimento g10sempre_20_iii
mh20_20_iii,l29d2_iii_h20,20,3.818,10,100k,A_rel,FIXJACK1,4.063,21.000031,2.000,SOPRA,riferimento g10mai_20_iii
mh20_20_iii,l29d2_iii_h20,20,3.818,10,100k,B2,FIXJACK1,0.2296,1.051375,,SOPRA,mute da t_ins+t_grad+20 ms a t_rel
mh20_20_iii,l29d2_iii_h20,20,3.818,10,100k,B2g,FIXJACK1,1.107e-06,4.001990,,sotto,jack grezzo da t_ins+t_grad+20 ms a t_rel (ADR-063)
mh20_20_iii,l29d2_iii_h20,20,3.818,10,100k,C1_ins,FIXJACK1,2.856,1.024042,,SOPRA,"diagnostica, cond 7.22"
mh20_20_iii,l29d2_iii_h20,20,3.818,10,100k,C1_rel,FIXJACK1,0.1502,21.026583,,SOPRA,"diagnostica, cond 7.22"
mh20_20_iii,l29d2_iii_h20,20,3.818,10,100k,C2_ins,FIXJACK1,2.856,1.024042,,SOPRA,"riferimento g10sempre_20_iii, cond 7.22"
mh20_20_iii,l29d2_iii_h20,20,3.818,10,100k,C2_rel,FIXJACK1,0.1502,21.026583,,SOPRA,"riferimento g10mai_20_iii, cond 7.22"
mh20_20_iii,l29d2_iii_h20,20,3.818,10,100k,A_ins,FIXJACK2,4.063,1.000031,2.000,SOPRA,riferimento g10sempre_20_iii
mh20_20_iii,l29d2_iii_h20,20,3.818,10,100k,A_rel,FIXJACK2,4.063,21.000031,2.000,SOPRA,riferimento g10mai_20_iii
mh20_20_iii,l29d2_iii_h20,20,3.818,10,100k,B2,FIXJACK2,0.2296,1.051375,,SOPRA,mute da t_ins+t_grad+20 ms a t_rel
mh20_20_iii,l29d2_iii_h20,20,3.818,10,100k,B2g,FIXJACK2,1.107e-06,4.001990,,sotto,jack grezzo da t_ins+t_grad+20 ms a t_rel (ADR-063)
mh20_20_iii,l29d2_iii_h20,20,3.818,10,100k,C1_ins,FIXJACK2,2.856,1.024042,,SOPRA,"diagnostica, cond 7.22"
mh20_20_iii,l29d2_iii_h20,20,3.818,10,100k,C1_rel,FIXJACK2,0.1502,21.026583,,SOPRA,"diagnostica, cond 7.22"
mh20_20_iii,l29d2_iii_h20,20,3.818,10,100k,C2_ins,FIXJACK2,2.856,1.024042,,SOPRA,"riferimento g10sempre_20_iii, cond 7.22"
mh20_20_iii,l29d2_iii_h20,20,3.818,10,100k,C2_rel,FIXJACK2,0.1502,21.026583,,SOPRA,"riferimento g10mai_20_iii, cond 7.22"
mh01_lz_iii,l29d2_iii_h01,1000,0,10,100k,A_ins,MAINJACK,2.928e-11,1.002875,0.100,"sotto, finestra corta: non accetta",riferimento g10sempre_lz_iii
mh01_lz_iii,l29d2_iii_h01,1000,0,10,100k,A_rel,MAINJACK,4.798e-11,1.522750,2.000,sotto,riferimento g10mai_lz_iii
mh01_lz_iii,l29d2_iii_h01,1000,0,10,100k,B2,MAINJACK,3.551e-13,1.044000,,sotto,mute da t_ins+t_grad+20 ms a t_rel
mh01_lz_iii,l29d2_iii_h01,1000,0,10,100k,A_ins,FIXJACK1,7.468e-12,1.012698,0.100,"sotto, finestra corta: non accetta",riferimento g10sempre_lz_iii
mh01_lz_iii,l29d2_iii_h01,1000,0,10,100k,A_rel,FIXJACK1,1.465e-11,1.956677,2.000,sotto,riferimento g10mai_lz_iii
mh01_lz_iii,l29d2_iii_h01,1000,0,10,100k,B2,FIXJACK1,1.748e-13,1.044000,,sotto,mute da t_ins+t_grad+20 ms a t_rel
mh01_lz_iii,l29d2_iii_h01,1000,0,10,100k,A_ins,FIXJACK2,8.045e-12,1.003760,0.100,"sotto, finestra corta: non accetta",riferimento g10sempre_lz_iii
mh01_lz_iii,l29d2_iii_h01,1000,0,10,100k,A_rel,FIXJACK2,1.362e-11,2.028740,2.000,sotto,riferimento g10mai_lz_iii
mh01_lz_iii,l29d2_iii_h01,1000,0,10,100k,B2,FIXJACK2,2.089e-13,1.044000,,sotto,mute da t_ins+t_grad+20 ms a t_rel
mev_lz_iii,l29d2_iii_ev,1000,0,10,100k,A_ins,MAINJACK,2.928e-11,1.002875,1.000,"sotto, finestra corta: non accetta",riferimento g10sempre_lz_iii
mev_lz_iii,l29d2_iii_ev,1000,0,10,100k,A_rel,MAINJACK,4.798e-11,3.790177,2.000,sotto,riferimento g10mai_lz_iii
mev_lz_iii,l29d2_iii_ev,1000,0,10,100k,B2,MAINJACK,3.551e-13,1.044000,,sotto,mute da t_ins+t_grad+20 ms a t_rel
mev_lz_iii,l29d2_iii_ev,1000,0,10,100k,A_ins,FIXJACK1,7.468e-12,1.012698,1.000,"sotto, finestra corta: non accetta",riferimento g10sempre_lz_iii
mev_lz_iii,l29d2_iii_ev,1000,0,10,100k,A_rel,FIXJACK1,1.495e-11,2.151656,2.000,sotto,riferimento g10mai_lz_iii
mev_lz_iii,l29d2_iii_ev,1000,0,10,100k,B2,FIXJACK1,1.748e-13,1.044000,,sotto,mute da t_ins+t_grad+20 ms a t_rel
mev_lz_iii,l29d2_iii_ev,1000,0,10,100k,A_ins,FIXJACK2,8.045e-12,1.003760,1.000,"sotto, finestra corta: non accetta",riferimento g10sempre_lz_iii
mev_lz_iii,l29d2_iii_ev,1000,0,10,100k,A_rel,FIXJACK2,1.577e-11,3.179500,2.000,sotto,riferimento g10mai_lz_iii
mev_lz_iii,l29d2_iii_ev,1000,0,10,100k,B2,FIXJACK2,2.089e-13,1.044000,,sotto,mute da t_ins+t_grad+20 ms a t_rel
mh2_lz_iii,l29d2_iii_h2,1000,0,10,100k,A_ins,MAINJACK,2.928e-11,1.002875,2.000,sotto,riferimento g10sempre_lz_iii
mh2_lz_iii,l29d2_iii_h2,1000,0,10,100k,A_rel,MAINJACK,5.36e-11,3.994135,2.000,sotto,riferimento g10mai_lz_iii
mh2_lz_iii,l29d2_iii_h2,1000,0,10,100k,B2,MAINJACK,3.551e-13,1.044000,,sotto,mute da t_ins+t_grad+20 ms a t_rel
mh2_lz_iii,l29d2_iii_h2,1000,0,10,100k,A_ins,FIXJACK1,7.468e-12,1.012698,2.000,sotto,riferimento g10sempre_lz_iii
mh2_lz_iii,l29d2_iii_h2,1000,0,10,100k,A_rel,FIXJACK1,1.56e-11,3.994135,2.000,sotto,riferimento g10mai_lz_iii
mh2_lz_iii,l29d2_iii_h2,1000,0,10,100k,B2,FIXJACK1,1.748e-13,1.044000,,sotto,mute da t_ins+t_grad+20 ms a t_rel
mh2_lz_iii,l29d2_iii_h2,1000,0,10,100k,A_ins,FIXJACK2,8.045e-12,1.003760,2.000,sotto,riferimento g10sempre_lz_iii
mh2_lz_iii,l29d2_iii_h2,1000,0,10,100k,A_rel,FIXJACK2,1.414e-11,4.737458,2.000,sotto,riferimento g10mai_lz_iii
mh2_lz_iii,l29d2_iii_h2,1000,0,10,100k,B2,FIXJACK2,2.089e-13,1.044000,,sotto,mute da t_ins+t_grad+20 ms a t_rel
mh20_lz_iii,l29d2_iii_h20,1000,0,10,100k,A_ins,MAINJACK,2.928e-11,1.002875,2.000,sotto,riferimento g10sempre_lz_iii
mh20_lz_iii,l29d2_iii_h20,1000,0,10,100k,A_rel,MAINJACK,4.709e-11,22.814031,2.000,sotto,riferimento g10mai_lz_iii
mh20_lz_iii,l29d2_iii_h20,1000,0,10,100k,B2,MAINJACK,3.551e-13,1.044000,,sotto,mute da t_ins+t_grad+20 ms a t_rel
mh20_lz_iii,l29d2_iii_h20,1000,0,10,100k,A_ins,FIXJACK1,7.468e-12,1.012698,2.000,sotto,riferimento g10sempre_lz_iii
mh20_lz_iii,l29d2_iii_h20,1000,0,10,100k,A_rel,FIXJACK1,1.739e-11,21.902146,2.000,sotto,riferimento g10mai_lz_iii
mh20_lz_iii,l29d2_iii_h20,1000,0,10,100k,B2,FIXJACK1,1.748e-13,1.044000,,sotto,mute da t_ins+t_grad+20 ms a t_rel
mh20_lz_iii,l29d2_iii_h20,1000,0,10,100k,A_ins,FIXJACK2,8.045e-12,1.003760,2.000,sotto,riferimento g10sempre_lz_iii
mh20_lz_iii,l29d2_iii_h20,1000,0,10,100k,A_rel,FIXJACK2,1.425e-11,21.848708,2.000,sotto,riferimento g10mai_lz_iii
mh20_lz_iii,l29d2_iii_h20,1000,0,10,100k,B2,FIXJACK2,2.089e-13,1.044000,,sotto,mute da t_ins+t_grad+20 ms a t_rel
mev_20k_iii,l29d2_iii_clic,20000,3.818,10,100k,A_ins,MAINJACK,8.37,1.023865,0.500,SOPRA,riferimento g10sempre_20k_iii
mev_20k_iii,l29d2_iii_clic,20000,3.818,10,100k,A_rel,MAINJACK,8.38,1.524615,0.500,SOPRA,riferimento g10mai_20k_iii
mev_20k_iii,l29d2_iii_clic,20000,3.818,10,100k,B2,MAINJACK,0.001492,1.049406,,SOPRA,mute da t_ins+t_grad+20 ms a t_rel
mev_20k_iii,l29d2_iii_clic,20000,3.818,10,100k,B2g,MAINJACK,5.501e-05,1.054115,,sotto,jack grezzo da t_ins+t_grad+20 ms a t_rel (ADR-063)
mev_20k_iii,l29d2_iii_clic,20000,3.818,10,100k,C1_ins,MAINJACK,4.321,1.024115,,SOPRA,"diagnostica, cond 1"
mev_20k_iii,l29d2_iii_clic,20000,3.818,10,100k,C1_rel,MAINJACK,4.461,1.525187,,SOPRA,"diagnostica, cond 1"
mev_20k_iii,l29d2_iii_clic,20000,3.818,10,100k,C2_ins,MAINJACK,4.321,1.024115,,SOPRA,"riferimento g10sempre_20k_iii, cond 1"
mev_20k_iii,l29d2_iii_clic,20000,3.818,10,100k,C2_rel,MAINJACK,4.477,1.525187,,SOPRA,"riferimento g10mai_20k_iii, cond 1"
mev_20k_iii,l29d2_iii_clic,20000,3.818,10,100k,A_ins,FIXJACK1,2.702,1.000188,0.500,SOPRA,riferimento g10sempre_20k_iii
mev_20k_iii,l29d2_iii_clic,20000,3.818,10,100k,A_rel,FIXJACK1,2.702,1.524188,0.500,SOPRA,riferimento g10mai_20k_iii
mev_20k_iii,l29d2_iii_clic,20000,3.818,10,100k,B2,FIXJACK1,0.0003343,1.050552,,SOPRA,mute da t_ins+t_grad+20 ms a t_rel
mev_20k_iii,l29d2_iii_clic,20000,3.818,10,100k,B2g,FIXJACK1,2.032e-05,1.054615,,sotto,jack grezzo da t_ins+t_grad+20 ms a t_rel (ADR-063)
mev_20k_iii,l29d2_iii_clic,20000,3.818,10,100k,C1_ins,FIXJACK1,1.383,1.024063,,SOPRA,"diagnostica, cond 1"
mev_20k_iii,l29d2_iii_clic,20000,3.818,10,100k,C1_rel,FIXJACK1,1.431,1.525562,,SOPRA,"diagnostica, cond 1"
mev_20k_iii,l29d2_iii_clic,20000,3.818,10,100k,C2_ins,FIXJACK1,1.383,1.024063,,SOPRA,"riferimento g10sempre_20k_iii, cond 1"
mev_20k_iii,l29d2_iii_clic,20000,3.818,10,100k,C2_rel,FIXJACK1,1.431,1.525562,,SOPRA,"riferimento g10mai_20k_iii, cond 1"
mev_20k_iii,l29d2_iii_clic,20000,3.818,10,100k,A_ins,FIXJACK2,2.702,1.000188,0.500,SOPRA,riferimento g10sempre_20k_iii
mev_20k_iii,l29d2_iii_clic,20000,3.818,10,100k,A_rel,FIXJACK2,2.702,1.524188,0.500,SOPRA,riferimento g10mai_20k_iii
mev_20k_iii,l29d2_iii_clic,20000,3.818,10,100k,B2,FIXJACK2,0.0003343,1.050552,,SOPRA,mute da t_ins+t_grad+20 ms a t_rel
mev_20k_iii,l29d2_iii_clic,20000,3.818,10,100k,B2g,FIXJACK2,2.032e-05,1.054615,,sotto,jack grezzo da t_ins+t_grad+20 ms a t_rel (ADR-063)
mev_20k_iii,l29d2_iii_clic,20000,3.818,10,100k,C1_ins,FIXJACK2,1.383,1.024063,,SOPRA,"diagnostica, cond 1"
mev_20k_iii,l29d2_iii_clic,20000,3.818,10,100k,C1_rel,FIXJACK2,1.431,1.525562,,SOPRA,"diagnostica, cond 1"
mev_20k_iii,l29d2_iii_clic,20000,3.818,10,100k,C2_ins,FIXJACK2,1.383,1.024063,,SOPRA,"riferimento g10sempre_20k_iii, cond 1"
mev_20k_iii,l29d2_iii_clic,20000,3.818,10,100k,C2_rel,FIXJACK2,1.431,1.525562,,SOPRA,"riferimento g10mai_20k_iii, cond 1"
mev_20_r10k_iii,l29d2_iii_clic,20,3.818,10,10k,A_ins,MAINJACK,12.33,1.000031,1.000,SOPRA,riferimento g10sempre_20_r10k_iii
mev_20_r10k_iii,l29d2_iii_clic,20,3.818,10,10k,A_rel,MAINJACK,12.33,2.000031,2.000,SOPRA,riferimento g10mai_20_r10k_iii
mev_20_r10k_iii,l29d2_iii_clic,20,3.818,10,10k,B2,MAINJACK,0.8836,1.050125,,SOPRA,mute da t_ins+t_grad+20 ms a t_rel
mev_20_r10k_iii,l29d2_iii_clic,20,3.818,10,10k,B2g,MAINJACK,1.249e-06,1.052240,,sotto,jack grezzo da t_ins+t_grad+20 ms a t_rel (ADR-063)
mev_20_r10k_iii,l29d2_iii_clic,20,3.818,10,10k,C1_ins,MAINJACK,9.091,1.024042,,SOPRA,"diagnostica, cond 7.22"
mev_20_r10k_iii,l29d2_iii_clic,20,3.818,10,10k,C1_rel,MAINJACK,0.4521,2.026458,,SOPRA,"diagnostica, cond 7.22"
mev_20_r10k_iii,l29d2_iii_clic,20,3.818,10,10k,C2_ins,MAINJACK,9.091,1.024042,,SOPRA,"riferimento g10sempre_20_r10k_iii, cond 7.22"
mev_20_r10k_iii,l29d2_iii_clic,20,3.818,10,10k,C2_rel,MAINJACK,0.4522,2.026458,,SOPRA,"riferimento g10mai_20_r10k_iii, cond 7.22"
mev_20_r10k_iii,l29d2_iii_clic,20,3.818,10,10k,A_ins,FIXJACK1,3.926,1.000031,1.000,SOPRA,riferimento g10sempre_20_r10k_iii
mev_20_r10k_iii,l29d2_iii_clic,20,3.818,10,10k,A_rel,FIXJACK1,3.926,2.000031,2.000,SOPRA,riferimento g10mai_20_r10k_iii
mev_20_r10k_iii,l29d2_iii_clic,20,3.818,10,10k,B2,FIXJACK1,0.2782,1.050177,,SOPRA,mute da t_ins+t_grad+20 ms a t_rel
mev_20_r10k_iii,l29d2_iii_clic,20,3.818,10,10k,B2g,FIXJACK1,3.215e-07,1.976990,,sotto,jack grezzo da t_ins+t_grad+20 ms a t_rel (ADR-063)
mev_20_r10k_iii,l29d2_iii_clic,20,3.818,10,10k,C1_ins,FIXJACK1,2.888,1.024042,,SOPRA,"diagnostica, cond 7.22"
mev_20_r10k_iii,l29d2_iii_clic,20,3.818,10,10k,C1_rel,FIXJACK1,0.1438,2.026469,,SOPRA,"diagnostica, cond 7.22"
mev_20_r10k_iii,l29d2_iii_clic,20,3.818,10,10k,C2_ins,FIXJACK1,2.888,1.024042,,SOPRA,"riferimento g10sempre_20_r10k_iii, cond 7.22"
mev_20_r10k_iii,l29d2_iii_clic,20,3.818,10,10k,C2_rel,FIXJACK1,0.1438,2.026469,,SOPRA,"riferimento g10mai_20_r10k_iii, cond 7.22"
mev_20_r10k_iii,l29d2_iii_clic,20,3.818,10,10k,A_ins,FIXJACK2,3.926,1.000031,1.000,SOPRA,riferimento g10sempre_20_r10k_iii
mev_20_r10k_iii,l29d2_iii_clic,20,3.818,10,10k,A_rel,FIXJACK2,3.926,2.000031,2.000,SOPRA,riferimento g10mai_20_r10k_iii
mev_20_r10k_iii,l29d2_iii_clic,20,3.818,10,10k,B2,FIXJACK2,0.2782,1.050177,,SOPRA,mute da t_ins+t_grad+20 ms a t_rel
mev_20_r10k_iii,l29d2_iii_clic,20,3.818,10,10k,B2g,FIXJACK2,3.215e-07,1.976990,,sotto,jack grezzo da t_ins+t_grad+20 ms a t_rel (ADR-063)
mev_20_r10k_iii,l29d2_iii_clic,20,3.818,10,10k,C1_ins,FIXJACK2,2.888,1.024042,,SOPRA,"diagnostica, cond 7.22"
mev_20_r10k_iii,l29d2_iii_clic,20,3.818,10,10k,C1_rel,FIXJACK2,0.1438,2.026469,,SOPRA,"diagnostica, cond 7.22"
mev_20_r10k_iii,l29d2_iii_clic,20,3.818,10,10k,C2_ins,FIXJACK2,2.888,1.024042,,SOPRA,"riferimento g10sempre_20_r10k_iii, cond 7.22"
mev_20_r10k_iii,l29d2_iii_clic,20,3.818,10,10k,C2_rel,FIXJACK2,0.1438,2.026469,,SOPRA,"riferimento g10mai_20_r10k_iii, cond 7.22"
mev_1k_r10k_iii,l29d2_iii_clic,1000,3.818,10,10k,A_ins,MAINJACK,12.66,1.024490,1.000,SOPRA,riferimento g10sempre_1k_r10k_iii
mev_1k_r10k_iii,l29d2_iii_clic,1000,3.818,10,10k,A_rel,MAINJACK,12.66,2.000021,2.000,SOPRA,riferimento g10mai_1k_r10k_iii
mev_1k_r10k_iii,l29d2_iii_clic,1000,3.818,10,10k,B2,MAINJACK,0.006698,1.050719,,SOPRA,mute da t_ins+t_grad+20 ms a t_rel
mev_1k_r10k_iii,l29d2_iii_clic,1000,3.818,10,10k,B2g,MAINJACK,2.502e-06,1.953281,,sotto,jack grezzo da t_ins+t_grad+20 ms a t_rel (ADR-063)
mev_1k_r10k_iii,l29d2_iii_clic,1000,3.818,10,10k,C1_ins,MAINJACK,7.032,1.024490,,SOPRA,"diagnostica, cond 1"
mev_1k_r10k_iii,l29d2_iii_clic,1000,3.818,10,10k,C1_rel,MAINJACK,11.42,2.025042,,SOPRA,"diagnostica, cond 1"
mev_1k_r10k_iii,l29d2_iii_clic,1000,3.818,10,10k,C2_ins,MAINJACK,7.032,1.024490,,SOPRA,"riferimento g10sempre_1k_r10k_iii, cond 1"
mev_1k_r10k_iii,l29d2_iii_clic,1000,3.818,10,10k,C2_rel,MAINJACK,11.42,2.025042,,SOPRA,"riferimento g10mai_1k_r10k_iii, cond 1"
mev_1k_r10k_iii,l29d2_iii_clic,1000,3.818,10,10k,A_ins,FIXJACK1,4.023,1.024490,1.000,SOPRA,riferimento g10sempre_1k_r10k_iii
mev_1k_r10k_iii,l29d2_iii_clic,1000,3.818,10,10k,A_rel,FIXJACK1,4.017,2.000021,2.000,SOPRA,riferimento g10mai_1k_r10k_iii
mev_1k_r10k_iii,l29d2_iii_clic,1000,3.818,10,10k,B2,FIXJACK1,0.002125,1.050719,,SOPRA,mute da t_ins+t_grad+20 ms a t_rel
mev_1k_r10k_iii,l29d2_iii_clic,1000,3.818,10,10k,B2g,FIXJACK1,7.857e-07,1.953281,,sotto,jack grezzo da t_ins+t_grad+20 ms a t_rel (ADR-063)
mev_1k_r10k_iii,l29d2_iii_clic,1000,3.818,10,10k,C1_ins,FIXJACK1,2.234,1.024490,,SOPRA,"diagnostica, cond 1"
mev_1k_r10k_iii,l29d2_iii_clic,1000,3.818,10,10k,C1_rel,FIXJACK1,3.857,2.025042,,SOPRA,"diagnostica, cond 1"
mev_1k_r10k_iii,l29d2_iii_clic,1000,3.818,10,10k,C2_ins,FIXJACK1,2.234,1.024490,,SOPRA,"riferimento g10sempre_1k_r10k_iii, cond 1"
mev_1k_r10k_iii,l29d2_iii_clic,1000,3.818,10,10k,C2_rel,FIXJACK1,3.857,2.025042,,SOPRA,"riferimento g10mai_1k_r10k_iii, cond 1"
mev_1k_r10k_iii,l29d2_iii_clic,1000,3.818,10,10k,A_ins,FIXJACK2,4.023,1.024490,1.000,SOPRA,riferimento g10sempre_1k_r10k_iii
mev_1k_r10k_iii,l29d2_iii_clic,1000,3.818,10,10k,A_rel,FIXJACK2,4.017,2.000021,2.000,SOPRA,riferimento g10mai_1k_r10k_iii
mev_1k_r10k_iii,l29d2_iii_clic,1000,3.818,10,10k,B2,FIXJACK2,0.002125,1.050719,,SOPRA,mute da t_ins+t_grad+20 ms a t_rel
mev_1k_r10k_iii,l29d2_iii_clic,1000,3.818,10,10k,B2g,FIXJACK2,7.857e-07,1.953281,,sotto,jack grezzo da t_ins+t_grad+20 ms a t_rel (ADR-063)
mev_1k_r10k_iii,l29d2_iii_clic,1000,3.818,10,10k,C1_ins,FIXJACK2,2.234,1.024490,,SOPRA,"diagnostica, cond 1"
mev_1k_r10k_iii,l29d2_iii_clic,1000,3.818,10,10k,C1_rel,FIXJACK2,3.857,2.025042,,SOPRA,"diagnostica, cond 1"
mev_1k_r10k_iii,l29d2_iii_clic,1000,3.818,10,10k,C2_ins,FIXJACK2,2.234,1.024490,,SOPRA,"riferimento g10sempre_1k_r10k_iii, cond 1"
mev_1k_r10k_iii,l29d2_iii_clic,1000,3.818,10,10k,C2_rel,FIXJACK2,3.857,2.025042,,SOPRA,"riferimento g10mai_1k_r10k_iii, cond 1"
mev_20k_r10k_iii,l29d2_iii_clic,20000,3.818,10,10k,A_ins,MAINJACK,8.335,1.023865,0.500,SOPRA,riferimento g10sempre_20k_r10k_iii
mev_20k_r10k_iii,l29d2_iii_clic,20000,3.818,10,10k,A_rel,MAINJACK,8.338,1.525490,0.500,SOPRA,riferimento g10mai_20k_r10k_iii
mev_20k_r10k_iii,l29d2_iii_clic,20000,3.818,10,10k,B2,MAINJACK,0.001028,1.050604,,SOPRA,mute da t_ins+t_grad+20 ms a t_rel
mev_20k_r10k_iii,l29d2_iii_clic,20000,3.818,10,10k,B2g,MAINJACK,6.74e-06,1.062615,,sotto,jack grezzo da t_ins+t_grad+20 ms a t_rel (ADR-063)
mev_20k_r10k_iii,l29d2_iii_clic,20000,3.818,10,10k,C1_ins,MAINJACK,4.299,1.024115,,SOPRA,"diagnostica, cond 1"
mev_20k_r10k_iii,l29d2_iii_clic,20000,3.818,10,10k,C1_rel,MAINJACK,4.446,1.525187,,SOPRA,"diagnostica, cond 1"
mev_20k_r10k_iii,l29d2_iii_clic,20000,3.818,10,10k,C2_ins,MAINJACK,4.299,1.024115,,SOPRA,"riferimento g10sempre_20k_r10k_iii, cond 1"
mev_20k_r10k_iii,l29d2_iii_clic,20000,3.818,10,10k,C2_rel,MAINJACK,4.461,1.525187,,SOPRA,"riferimento g10mai_20k_r10k_iii, cond 1"
mev_20k_r10k_iii,l29d2_iii_clic,20000,3.818,10,10k,A_ins,FIXJACK1,2.69,1.000188,0.500,SOPRA,riferimento g10sempre_20k_r10k_iii
mev_20k_r10k_iii,l29d2_iii_clic,20000,3.818,10,10k,A_rel,FIXJACK1,2.69,1.500188,0.500,SOPRA,riferimento g10mai_20k_r10k_iii
mev_20k_r10k_iii,l29d2_iii_clic,20000,3.818,10,10k,B2,FIXJACK1,0.0002798,1.050698,,SOPRA,mute da t_ins+t_grad+20 ms a t_rel
mev_20k_r10k_iii,l29d2_iii_clic,20000,3.818,10,10k,B2g,FIXJACK1,2.747e-06,1.062615,,sotto,jack grezzo da t_ins+t_grad+20 ms a t_rel (ADR-063)
mev_20k_r10k_iii,l29d2_iii_clic,20000,3.818,10,10k,C1_ins,FIXJACK1,1.377,1.024063,,SOPRA,"diagnostica, cond 1"
mev_20k_r10k_iii,l29d2_iii_clic,20000,3.818,10,10k,C1_rel,FIXJACK1,1.426,1.525562,,SOPRA,"diagnostica, cond 1"
mev_20k_r10k_iii,l29d2_iii_clic,20000,3.818,10,10k,C2_ins,FIXJACK1,1.377,1.024063,,SOPRA,"riferimento g10sempre_20k_r10k_iii, cond 1"
mev_20k_r10k_iii,l29d2_iii_clic,20000,3.818,10,10k,C2_rel,FIXJACK1,1.426,1.525562,,SOPRA,"riferimento g10mai_20k_r10k_iii, cond 1"
mev_20k_r10k_iii,l29d2_iii_clic,20000,3.818,10,10k,A_ins,FIXJACK2,2.69,1.000188,0.500,SOPRA,riferimento g10sempre_20k_r10k_iii
mev_20k_r10k_iii,l29d2_iii_clic,20000,3.818,10,10k,A_rel,FIXJACK2,2.69,1.500188,0.500,SOPRA,riferimento g10mai_20k_r10k_iii
mev_20k_r10k_iii,l29d2_iii_clic,20000,3.818,10,10k,B2,FIXJACK2,0.0002798,1.050698,,SOPRA,mute da t_ins+t_grad+20 ms a t_rel
mev_20k_r10k_iii,l29d2_iii_clic,20000,3.818,10,10k,B2g,FIXJACK2,2.747e-06,1.062615,,sotto,jack grezzo da t_ins+t_grad+20 ms a t_rel (ADR-063)
mev_20k_r10k_iii,l29d2_iii_clic,20000,3.818,10,10k,C1_ins,FIXJACK2,1.377,1.024063,,SOPRA,"diagnostica, cond 1"
mev_20k_r10k_iii,l29d2_iii_clic,20000,3.818,10,10k,C1_rel,FIXJACK2,1.426,1.525562,,SOPRA,"diagnostica, cond 1"
mev_20k_r10k_iii,l29d2_iii_clic,20000,3.818,10,10k,C2_ins,FIXJACK2,1.377,1.024063,,SOPRA,"riferimento g10sempre_20k_r10k_iii, cond 1"
mev_20k_r10k_iii,l29d2_iii_clic,20000,3.818,10,10k,C2_rel,FIXJACK2,1.426,1.525562,,SOPRA,"riferimento g10mai_20k_r10k_iii, cond 1"
pav_mev_0_iii,pavimento,1000,0,10,100k,A_pav,MAINJACK,4.326e-11,2.682333,2.000,sotto,contro mev_lz_iii
pav_mev_0_iii,pavimento,1000,0,10,100k,A_pav,FIXJACK1,1.252e-11,2.684042,2.000,sotto,contro mev_lz_iii
pav_mev_0_iii,pavimento,1000,0,10,100k,A_pav,FIXJACK2,1.398e-11,2.206240,2.000,sotto,contro mev_lz_iii
pav_mev_1_iii,pavimento,1000,0,10,100k,A_pav,MAINJACK,4.326e-11,2.682333,2.000,sotto,contro mev_lz_iii
pav_mev_1_iii,pavimento,1000,0,10,100k,A_pav,FIXJACK1,1.252e-11,2.684042,2.000,sotto,contro mev_lz_iii
pav_mev_1_iii,pavimento,1000,0,10,100k,A_pav,FIXJACK2,1.398e-11,2.206240,2.000,sotto,contro mev_lz_iii
pav_mev_2_iii,pavimento,1000,0,10,100k,A_pav,MAINJACK,4.326e-11,2.682333,2.000,sotto,contro mev_lz_iii
pav_mev_2_iii,pavimento,1000,0,10,100k,A_pav,FIXJACK1,1.488e-11,3.525490,2.000,sotto,contro mev_lz_iii
pav_mev_2_iii,pavimento,1000,0,10,100k,A_pav,FIXJACK2,1.42e-11,3.532354,2.000,sotto,contro mev_lz_iii
on_r10s_iii,accensione_iii,1000,0,10,100k,A_ins,MAINJACK,8.247e-08,0.132708,2.000,sotto,riferimento g10sempre_lz_iii
on_r10s_iii,accensione_iii,1000,0,10,100k,A_rel,MAINJACK,4.877e-11,3.076625,2.000,sotto,riferimento g10mai_lz_iii
on_r10s_iii,accensione_iii,1000,0,10,100k,B2,MAINJACK,8.247e-08,0.132708,,sotto,mute da t_ins+t_grad+20 ms a t_rel
on_r10s_iii,accensione_iii,1000,0,10,100k,A_ins,FIXJACK1,7.291e-07,0.134865,2.000,sotto,riferimento g10sempre_lz_iii
on_r10s_iii,accensione_iii,1000,0,10,100k,A_rel,FIXJACK1,1.446e-11,4.582177,2.000,sotto,riferimento g10mai_lz_iii
on_r10s_iii,accensione_iii,1000,0,10,100k,B2,FIXJACK1,7.291e-07,0.134865,,sotto,mute da t_ins+t_grad+20 ms a t_rel
on_r10s_iii,accensione_iii,1000,0,10,100k,A_ins,FIXJACK2,7.291e-07,0.134865,2.000,sotto,riferimento g10sempre_lz_iii
on_r10s_iii,accensione_iii,1000,0,10,100k,A_rel,FIXJACK2,1.547e-11,2.615125,2.000,sotto,riferimento g10mai_lz_iii
on_r10s_iii,accensione_iii,1000,0,10,100k,B2,FIXJACK2,7.291e-07,0.134865,,sotto,mute da t_ins+t_grad+20 ms a t_rel
off_r10s_d0_iii,spegnimento_iii,1000,0,10,100k,A_ins,MAINJACK,6.415e-05,1.000490,2.000,sotto,riferimento g10sempre_lz_iii
off_r10s_d0_iii,spegnimento_iii,1000,0,10,100k,B2,MAINJACK,1.156e-07,1.026885,,sotto,mute da t_ins+t_grad+20 ms a t_rel
off_r10s_d0_iii,spegnimento_iii,1000,0,10,100k,A_ins,FIXJACK1,2.044e-05,1.000490,2.000,sotto,riferimento g10sempre_lz_iii
off_r10s_d0_iii,spegnimento_iii,1000,0,10,100k,B2,FIXJACK1,3.689e-08,1.026885,,sotto,mute da t_ins+t_grad+20 ms a t_rel
off_r10s_d0_iii,spegnimento_iii,1000,0,10,100k,A_ins,FIXJACK2,2.044e-05,1.000490,2.000,sotto,riferimento g10sempre_lz_iii
off_r10s_d0_iii,spegnimento_iii,1000,0,10,100k,B2,FIXJACK2,3.689e-08,1.026885,,sotto,mute da t_ins+t_grad+20 ms a t_rel
off_r10s_d5_iii,spegnimento_iii,1000,0,10,100k,A_ins,MAINJACK,0.0005405,1.005490,2.000,SOPRA,riferimento g10sempre_lz_iii
off_r10s_d5_iii,spegnimento_iii,1000,0,10,100k,B2,MAINJACK,6.529e-06,1.031573,,sotto,mute da t_ins+t_grad+20 ms a t_rel
off_r10s_d5_iii,spegnimento_iii,1000,0,10,100k,A_ins,FIXJACK1,0.0001711,1.005490,2.000,SOPRA,riferimento g10sempre_lz_iii
off_r10s_d5_iii,spegnimento_iii,1000,0,10,100k,B2,FIXJACK1,2.053e-06,1.031583,,sotto,mute da t_ins+t_grad+20 ms a t_rel
off_r10s_d5_iii,spegnimento_iii,1000,0,10,100k,A_ins,FIXJACK2,0.0001711,1.005490,2.000,SOPRA,riferimento g10sempre_lz_iii
off_r10s_d5_iii,spegnimento_iii,1000,0,10,100k,B2,FIXJACK2,2.053e-06,1.031583,,sotto,mute da t_ins+t_grad+20 ms a t_rel
off_r10s_d20_iii,spegnimento_iii,1000,0,10,100k,A_ins,MAINJACK,0.5554,1.009417,2.000,SOPRA,riferimento g10sempre_lz_iii
off_r10s_d20_iii,spegnimento_iii,1000,0,10,100k,B2,MAINJACK,0.06094,1.020042,,SOPRA,mute da t_ins+t_grad+20 ms a t_rel
off_r10s_d20_iii,spegnimento_iii,1000,0,10,100k,A_ins,FIXJACK1,0.5313,1.009427,2.000,SOPRA,riferimento g10sempre_lz_iii
off_r10s_d20_iii,spegnimento_iii,1000,0,10,100k,B2,FIXJACK1,0.02342,1.020188,,SOPRA,mute da t_ins+t_grad+20 ms a t_rel
off_r10s_d20_iii,spegnimento_iii,1000,0,10,100k,A_ins,FIXJACK2,0.5313,1.009427,2.000,SOPRA,riferimento g10sempre_lz_iii
off_r10s_d20_iii,spegnimento_iii,1000,0,10,100k,B2,FIXJACK2,0.02342,1.020188,,SOPRA,mute da t_ins+t_grad+20 ms a t_rel
off_r10s_d100_iii,spegnimento_iii,1000,0,10,100k,A_ins,MAINJACK,0.5554,1.009417,2.000,SOPRA,riferimento g10sempre_lz_iii
off_r10s_d100_iii,spegnimento_iii,1000,0,10,100k,B2,MAINJACK,0.02876,1.100042,,SOPRA,mute da t_ins+t_grad+20 ms a t_rel
off_r10s_d100_iii,spegnimento_iii,1000,0,10,100k,A_ins,FIXJACK1,0.5313,1.009427,2.000,SOPRA,riferimento g10sempre_lz_iii
off_r10s_d100_iii,spegnimento_iii,1000,0,10,100k,B2,FIXJACK1,0.02261,1.020000,,SOPRA,mute da t_ins+t_grad+20 ms a t_rel
off_r10s_d100_iii,spegnimento_iii,1000,0,10,100k,A_ins,FIXJACK2,0.5313,1.009427,2.000,SOPRA,riferimento g10sempre_lz_iii
off_r10s_d100_iii,spegnimento_iii,1000,0,10,100k,B2,FIXJACK2,0.02261,1.020000,,SOPRA,mute da t_ins+t_grad+20 ms a t_rel
on_r10p_iii,accensione_iii,1000,0,10,100k,A_ins,MAINJACK,7.299e-06,0.151375,2.000,sotto,riferimento g10sempre_lz_iii
on_r10p_iii,accensione_iii,1000,0,10,100k,A_rel,MAINJACK,4.724e-11,4.176188,2.000,sotto,riferimento g10mai_lz_iii
on_r10p_iii,accensione_iii,1000,0,10,100k,B2,MAINJACK,7.299e-06,0.151375,,sotto,mute da t_ins+t_grad+20 ms a t_rel
on_r10p_iii,accensione_iii,1000,0,10,100k,A_ins,FIXJACK1,8.549e-07,0.151323,2.000,sotto,riferimento g10sempre_lz_iii
on_r10p_iii,accensione_iii,1000,0,10,100k,A_rel,FIXJACK1,1.613e-11,2.904063,2.000,sotto,riferimento g10mai_lz_iii
on_r10p_iii,accensione_iii,1000,0,10,100k,B2,FIXJACK1,8.549e-07,0.151323,,sotto,mute da t_ins+t_grad+20 ms a t_rel
on_r10p_iii,accensione_iii,1000,0,10,100k,A_ins,FIXJACK2,8.549e-07,0.151323,2.000,sotto,riferimento g10sempre_lz_iii
on_r10p_iii,accensione_iii,1000,0,10,100k,A_rel,FIXJACK2,1.664e-11,2.768521,2.000,sotto,riferimento g10mai_lz_iii
on_r10p_iii,accensione_iii,1000,0,10,100k,B2,FIXJACK2,8.549e-07,0.151323,,sotto,mute da t_ins+t_grad+20 ms a t_rel
off_r10p_d0_iii,spegnimento_iii,1000,0,10,100k,A_ins,MAINJACK,0.0001052,1.000521,2.000,SOPRA,riferimento g10sempre_lz_iii
off_r10p_d0_iii,spegnimento_iii,1000,0,10,100k,B2,MAINJACK,1.681e-07,1.026896,,sotto,mute da t_ins+t_grad+20 ms a t_rel
off_r10p_d0_iii,spegnimento_iii,1000,0,10,100k,A_ins,FIXJACK1,3.344e-05,1.000521,2.000,sotto,riferimento g10sempre_lz_iii
off_r10p_d0_iii,spegnimento_iii,1000,0,10,100k,B2,FIXJACK1,5.347e-08,1.026896,,sotto,mute da t_ins+t_grad+20 ms a t_rel
off_r10p_d0_iii,spegnimento_iii,1000,0,10,100k,A_ins,FIXJACK2,3.344e-05,1.000521,2.000,sotto,riferimento g10sempre_lz_iii
off_r10p_d0_iii,spegnimento_iii,1000,0,10,100k,B2,FIXJACK2,5.347e-08,1.026896,,sotto,mute da t_ins+t_grad+20 ms a t_rel
off_r10p_d5_iii,spegnimento_iii,1000,0,10,100k,A_ins,MAINJACK,0.002519,1.005490,2.000,SOPRA,riferimento g10sempre_lz_iii
off_r10p_d5_iii,spegnimento_iii,1000,0,10,100k,B2,MAINJACK,7.507e-05,1.030406,,sotto,mute da t_ins+t_grad+20 ms a t_rel
off_r10p_d5_iii,spegnimento_iii,1000,0,10,100k,A_ins,FIXJACK1,0.0008013,1.005490,2.000,SOPRA,riferimento g10sempre_lz_iii
off_r10p_d5_iii,spegnimento_iii,1000,0,10,100k,B2,FIXJACK1,2.386e-05,1.030406,,sotto,mute da t_ins+t_grad+20 ms a t_rel
off_r10p_d5_iii,spegnimento_iii,1000,0,10,100k,A_ins,FIXJACK2,0.0008013,1.005490,2.000,SOPRA,riferimento g10sempre_lz_iii
off_r10p_d5_iii,spegnimento_iii,1000,0,10,100k,B2,FIXJACK2,2.386e-05,1.030406,,sotto,mute da t_ins+t_grad+20 ms a t_rel
off_r10p_d20_iii,spegnimento_iii,1000,0,10,100k,A_ins,MAINJACK,2.249,1.009740,2.000,SOPRA,riferimento g10sempre_lz_iii
off_r10p_d20_iii,spegnimento_iii,1000,0,10,100k,B2,MAINJACK,0.2058,1.020042,,SOPRA,mute da t_ins+t_grad+20 ms a t_rel
off_r10p_d20_iii,spegnimento_iii,1000,0,10,100k,A_ins,FIXJACK1,1.094,1.009885,2.000,SOPRA,riferimento g10sempre_lz_iii
off_r10p_d20_iii,spegnimento_iii,1000,0,10,100k,B2,FIXJACK1,0.09223,1.020042,,SOPRA,mute da t_ins+t_grad+20 ms a t_rel
off_r10p_d20_iii,spegnimento_iii,1000,0,10,100k,A_ins,FIXJACK2,1.094,1.009885,2.000,SOPRA,riferimento g10sempre_lz_iii
off_r10p_d20_iii,spegnimento_iii,1000,0,10,100k,B2,FIXJACK2,0.09223,1.020042,,SOPRA,mute da t_ins+t_grad+20 ms a t_rel
off_r10p_d100_iii,spegnimento_iii,1000,0,10,100k,A_ins,MAINJACK,2.249,1.009740,2.000,SOPRA,riferimento g10sempre_lz_iii
off_r10p_d100_iii,spegnimento_iii,1000,0,10,100k,B2,MAINJACK,0.1716,1.059854,,SOPRA,mute da t_ins+t_grad+20 ms a t_rel
off_r10p_d100_iii,spegnimento_iii,1000,0,10,100k,A_ins,FIXJACK1,1.094,1.009885,2.000,SOPRA,riferimento g10sempre_lz_iii
off_r10p_d100_iii,spegnimento_iii,1000,0,10,100k,B2,FIXJACK1,0.07806,1.060031,,SOPRA,mute da t_ins+t_grad+20 ms a t_rel
off_r10p_d100_iii,spegnimento_iii,1000,0,10,100k,A_ins,FIXJACK2,1.094,1.009885,2.000,SOPRA,riferimento g10sempre_lz_iii
off_r10p_d100_iii,spegnimento_iii,1000,0,10,100k,B2,FIXJACK2,0.07806,1.060031,,SOPRA,mute da t_ins+t_grad+20 ms a t_rel
on_r10m_iii,accensione_iii,1000,0,10,100k,A_ins,MAINJACK,3.582e-08,0.180302,2.000,sotto,riferimento g10sempre_lz_iii
on_r10m_iii,accensione_iii,1000,0,10,100k,A_rel,MAINJACK,5.345e-11,2.766844,2.000,sotto,riferimento g10mai_lz_iii
on_r10m_iii,accensione_iii,1000,0,10,100k,B2,MAINJACK,3.582e-08,0.180302,,sotto,mute da t_ins+t_grad+20 ms a t_rel
on_r10m_iii,accensione_iii,1000,0,10,100k,A_ins,FIXJACK1,4.832e-07,0.184104,2.000,sotto,riferimento g10sempre_lz_iii
on_r10m_iii,accensione_iii,1000,0,10,100k,A_rel,FIXJACK1,1.567e-11,2.618708,2.000,sotto,riferimento g10mai_lz_iii
on_r10m_iii,accensione_iii,1000,0,10,100k,B2,FIXJACK1,4.832e-07,0.184104,,sotto,mute da t_ins+t_grad+20 ms a t_rel
on_r10m_iii,accensione_iii,1000,0,10,100k,A_ins,FIXJACK2,4.832e-07,0.184104,2.000,sotto,riferimento g10sempre_lz_iii
on_r10m_iii,accensione_iii,1000,0,10,100k,A_rel,FIXJACK2,1.695e-11,3.227000,2.000,sotto,riferimento g10mai_lz_iii
on_r10m_iii,accensione_iii,1000,0,10,100k,B2,FIXJACK2,4.832e-07,0.184104,,sotto,mute da t_ins+t_grad+20 ms a t_rel
off_r10m_d0_iii,spegnimento_iii,1000,0,10,100k,A_ins,MAINJACK,0.0001682,1.000521,2.000,SOPRA,riferimento g10sempre_lz_iii
off_r10m_d0_iii,spegnimento_iii,1000,0,10,100k,B2,MAINJACK,2.844e-07,1.026885,,sotto,mute da t_ins+t_grad+20 ms a t_rel
off_r10m_d0_iii,spegnimento_iii,1000,0,10,100k,A_ins,FIXJACK1,5.352e-05,1.000521,2.000,sotto,riferimento g10sempre_lz_iii
off_r10m_d0_iii,spegnimento_iii,1000,0,10,100k,B2,FIXJACK1,9.071e-08,1.026896,,sotto,mute da t_ins+t_grad+20 ms a t_rel
off_r10m_d0_iii,spegnimento_iii,1000,0,10,100k,A_ins,FIXJACK2,5.352e-05,1.000521,2.000,sotto,riferimento g10sempre_lz_iii
off_r10m_d0_iii,spegnimento_iii,1000,0,10,100k,B2,FIXJACK2,9.071e-08,1.026896,,sotto,mute da t_ins+t_grad+20 ms a t_rel
off_r10m_d5_iii,spegnimento_iii,1000,0,10,100k,A_ins,MAINJACK,0.002017,1.005490,2.000,SOPRA,riferimento g10sempre_lz_iii
off_r10m_d5_iii,spegnimento_iii,1000,0,10,100k,B2,MAINJACK,6.916e-05,1.030281,,sotto,mute da t_ins+t_grad+20 ms a t_rel
off_r10m_d5_iii,spegnimento_iii,1000,0,10,100k,A_ins,FIXJACK1,0.0006422,1.005490,2.000,SOPRA,riferimento g10sempre_lz_iii
off_r10m_d5_iii,spegnimento_iii,1000,0,10,100k,B2,FIXJACK1,2.201e-05,1.030281,,sotto,mute da t_ins+t_grad+20 ms a t_rel
off_r10m_d5_iii,spegnimento_iii,1000,0,10,100k,A_ins,FIXJACK2,0.0006422,1.005490,2.000,SOPRA,riferimento g10sempre_lz_iii
off_r10m_d5_iii,spegnimento_iii,1000,0,10,100k,B2,FIXJACK2,2.201e-05,1.030281,,sotto,mute da t_ins+t_grad+20 ms a t_rel
off_r10m_d100_iii,spegnimento_iii,1000,0,10,100k,A_ins,MAINJACK,13.71,1.009146,2.000,SOPRA,riferimento g10sempre_lz_iii
off_r10m_d100_iii,spegnimento_iii,1000,0,10,100k,B2,MAINJACK,5.062,1.058281,,SOPRA,mute da t_ins+t_grad+20 ms a t_rel
off_r10m_d100_iii,spegnimento_iii,1000,0,10,100k,A_ins,FIXJACK1,13.47,1.009167,2.000,SOPRA,riferimento g10sempre_lz_iii
off_r10m_d100_iii,spegnimento_iii,1000,0,10,100k,B2,FIXJACK1,5.123,1.058000,,SOPRA,mute da t_ins+t_grad+20 ms a t_rel
off_r10m_d100_iii,spegnimento_iii,1000,0,10,100k,A_ins,FIXJACK2,13.47,1.009167,2.000,SOPRA,riferimento g10sempre_lz_iii
off_r10m_d100_iii,spegnimento_iii,1000,0,10,100k,B2,FIXJACK2,5.123,1.058000,,SOPRA,mute da t_ins+t_grad+20 ms a t_rel
on_r300s_iii,accensione_iii,1000,0,10,100k,A_ins,MAINJACK,1.711e-09,0.227531,2.000,sotto,riferimento g10sempre_lz_iii
on_r300s_iii,accensione_iii,1000,0,10,100k,A_rel,MAINJACK,5.009e-11,4.523760,2.000,sotto,riferimento g10mai_lz_iii
on_r300s_iii,accensione_iii,1000,0,10,100k,B2,MAINJACK,1.711e-09,0.227531,,sotto,mute da t_ins+t_grad+20 ms a t_rel
on_r300s_iii,accensione_iii,1000,0,10,100k,A_ins,FIXJACK1,5.309e-08,0.230896,2.000,sotto,riferimento g10sempre_lz_iii
on_r300s_iii,accensione_iii,1000,0,10,100k,A_rel,FIXJACK1,1.616e-11,2.981104,2.000,sotto,riferimento g10mai_lz_iii
on_r300s_iii,accensione_iii,1000,0,10,100k,B2,FIXJACK1,5.309e-08,0.230896,,sotto,mute da t_ins+t_grad+20 ms a t_rel
on_r300s_iii,accensione_iii,1000,0,10,100k,A_ins,FIXJACK2,5.309e-08,0.230896,2.000,sotto,riferimento g10sempre_lz_iii
on_r300s_iii,accensione_iii,1000,0,10,100k,A_rel,FIXJACK2,1.522e-11,3.482646,2.000,sotto,riferimento g10mai_lz_iii
on_r300s_iii,accensione_iii,1000,0,10,100k,B2,FIXJACK2,5.309e-08,0.230896,,sotto,mute da t_ins+t_grad+20 ms a t_rel
off_r300s_d0_iii,spegnimento_iii,1000,0,10,100k,A_ins,MAINJACK,2.157e-06,1.000490,2.000,sotto,riferimento g10sempre_lz_iii
off_r300s_d0_iii,spegnimento_iii,1000,0,10,100k,B2,MAINJACK,3.892e-09,1.026927,,sotto,mute da t_ins+t_grad+20 ms a t_rel
off_r300s_d0_iii,spegnimento_iii,1000,0,10,100k,A_ins,FIXJACK1,6.873e-07,1.000490,2.000,sotto,riferimento g10sempre_lz_iii
off_r300s_d0_iii,spegnimento_iii,1000,0,10,100k,B2,FIXJACK1,1.242e-09,1.026885,,sotto,mute da t_ins+t_grad+20 ms a t_rel
off_r300s_d0_iii,spegnimento_iii,1000,0,10,100k,A_ins,FIXJACK2,6.873e-07,1.000490,2.000,sotto,riferimento g10sempre_lz_iii
off_r300s_d0_iii,spegnimento_iii,1000,0,10,100k,B2,FIXJACK2,1.242e-09,1.026885,,sotto,mute da t_ins+t_grad+20 ms a t_rel
off_r300s_d5_iii,spegnimento_iii,1000,0,10,100k,A_ins,MAINJACK,2.508e-05,1.005490,2.000,sotto,riferimento g10sempre_lz_iii
off_r300s_d5_iii,spegnimento_iii,1000,0,10,100k,B2,MAINJACK,3.078e-07,1.031427,,sotto,mute da t_ins+t_grad+20 ms a t_rel
off_r300s_d5_iii,spegnimento_iii,1000,0,10,100k,A_ins,FIXJACK1,7.959e-06,1.005490,2.000,sotto,riferimento g10sempre_lz_iii
off_r300s_d5_iii,spegnimento_iii,1000,0,10,100k,B2,FIXJACK1,9.731e-08,1.031427,,sotto,mute da t_ins+t_grad+20 ms a t_rel
off_r300s_d5_iii,spegnimento_iii,1000,0,10,100k,A_ins,FIXJACK2,7.959e-06,1.005490,2.000,sotto,riferimento g10sempre_lz_iii
off_r300s_d5_iii,spegnimento_iii,1000,0,10,100k,B2,FIXJACK2,9.731e-08,1.031427,,sotto,mute da t_ins+t_grad+20 ms a t_rel
off_r300s_d20_iii,spegnimento_iii,1000,0,10,100k,A_ins,MAINJACK,0.0002297,1.020042,2.000,SOPRA,riferimento g10sempre_lz_iii
off_r300s_d20_iii,spegnimento_iii,1000,0,10,100k,B2,MAINJACK,0.0002297,1.020042,,SOPRA,mute da t_ins+t_grad+20 ms a t_rel
off_r300s_d20_iii,spegnimento_iii,1000,0,10,100k,A_ins,FIXJACK1,7.332e-05,1.020042,2.000,sotto,riferimento g10sempre_lz_iii
off_r300s_d20_iii,spegnimento_iii,1000,0,10,100k,B2,FIXJACK1,7.332e-05,1.020042,,sotto,mute da t_ins+t_grad+20 ms a t_rel
off_r300s_d20_iii,spegnimento_iii,1000,0,10,100k,A_ins,FIXJACK2,7.332e-05,1.020042,2.000,sotto,riferimento g10sempre_lz_iii
off_r300s_d20_iii,spegnimento_iii,1000,0,10,100k,B2,FIXJACK2,7.332e-05,1.020042,,sotto,mute da t_ins+t_grad+20 ms a t_rel
off_r300s_d100_iii,spegnimento_iii,1000,0,10,100k,A_ins,MAINJACK,0.00104,1.100042,2.000,SOPRA,riferimento g10sempre_lz_iii
off_r300s_d100_iii,spegnimento_iii,1000,0,10,100k,B2,MAINJACK,0.00104,1.100042,,SOPRA,mute da t_ins+t_grad+20 ms a t_rel
off_r300s_d100_iii,spegnimento_iii,1000,0,10,100k,A_ins,FIXJACK1,0.0003473,1.100042,2.000,SOPRA,riferimento g10sempre_lz_iii
off_r300s_d100_iii,spegnimento_iii,1000,0,10,100k,B2,FIXJACK1,0.0003473,1.100042,,SOPRA,mute da t_ins+t_grad+20 ms a t_rel
off_r300s_d100_iii,spegnimento_iii,1000,0,10,100k,A_ins,FIXJACK2,0.0003473,1.100042,2.000,SOPRA,riferimento g10sempre_lz_iii
off_r300s_d100_iii,spegnimento_iii,1000,0,10,100k,B2,FIXJACK2,0.0003473,1.100042,,SOPRA,mute da t_ins+t_grad+20 ms a t_rel
on_r300p_iii,accensione_iii,1000,0,10,100k,A_ins,MAINJACK,1.25e-09,0.234240,2.000,sotto,riferimento g10sempre_lz_iii
on_r300p_iii,accensione_iii,1000,0,10,100k,A_rel,MAINJACK,5.787e-11,2.612833,2.000,sotto,riferimento g10mai_lz_iii
on_r300p_iii,accensione_iii,1000,0,10,100k,B2,MAINJACK,1.25e-09,0.234240,,sotto,mute da t_ins+t_grad+20 ms a t_rel
on_r300p_iii,accensione_iii,1000,0,10,100k,A_ins,FIXJACK1,6.008e-06,0.286990,2.000,sotto,riferimento g10sempre_lz_iii
on_r300p_iii,accensione_iii,1000,0,10,100k,A_rel,FIXJACK1,1.505e-11,2.898146,2.000,sotto,riferimento g10mai_lz_iii
on_r300p_iii,accensione_iii,1000,0,10,100k,B2,FIXJACK1,6.008e-06,0.286990,,sotto,mute da t_ins+t_grad+20 ms a t_rel
on_r300p_iii,accensione_iii,1000,0,10,100k,A_ins,FIXJACK2,6.008e-06,0.286990,2.000,sotto,riferimento g10sempre_lz_iii
on_r300p_iii,accensione_iii,1000,0,10,100k,A_rel,FIXJACK2,1.635e-11,3.031312,2.000,sotto,riferimento g10mai_lz_iii
on_r300p_iii,accensione_iii,1000,0,10,100k,B2,FIXJACK2,6.008e-06,0.286990,,sotto,mute da t_ins+t_grad+20 ms a t_rel
off_r300p_d0_iii,spegnimento_iii,1000,0,10,100k,A_ins,MAINJACK,3.444e-06,1.000521,2.000,sotto,riferimento g10sempre_lz_iii
off_r300p_d0_iii,spegnimento_iii,1000,0,10,100k,B2,MAINJACK,5.536e-09,1.026927,,sotto,mute da t_ins+t_grad+20 ms a t_rel
off_r300p_d0_iii,spegnimento_iii,1000,0,10,100k,A_ins,FIXJACK1,1.095e-06,1.000521,2.000,sotto,riferimento g10sempre_lz_iii
off_r300p_d0_iii,spegnimento_iii,1000,0,10,100k,B2,FIXJACK1,1.761e-09,1.026927,,sotto,mute da t_ins+t_grad+20 ms a t_rel
off_r300p_d0_iii,spegnimento_iii,1000,0,10,100k,A_ins,FIXJACK2,1.095e-06,1.000521,2.000,sotto,riferimento g10sempre_lz_iii
off_r300p_d0_iii,spegnimento_iii,1000,0,10,100k,B2,FIXJACK2,1.761e-09,1.026927,,sotto,mute da t_ins+t_grad+20 ms a t_rel
off_r300p_d5_iii,spegnimento_iii,1000,0,10,100k,A_ins,MAINJACK,8.589e-05,1.005490,2.000,sotto,riferimento g10sempre_lz_iii
off_r300p_d5_iii,spegnimento_iii,1000,0,10,100k,B2,MAINJACK,2.479e-06,1.030427,,sotto,mute da t_ins+t_grad+20 ms a t_rel
off_r300p_d5_iii,spegnimento_iii,1000,0,10,100k,A_ins,FIXJACK1,2.732e-05,1.005490,2.000,sotto,riferimento g10sempre_lz_iii
off_r300p_d5_iii,spegnimento_iii,1000,0,10,100k,B2,FIXJACK1,7.883e-07,1.030427,,sotto,mute da t_ins+t_grad+20 ms a t_rel
off_r300p_d5_iii,spegnimento_iii,1000,0,10,100k,A_ins,FIXJACK2,2.732e-05,1.005490,2.000,sotto,riferimento g10sempre_lz_iii
off_r300p_d5_iii,spegnimento_iii,1000,0,10,100k,B2,FIXJACK2,7.883e-07,1.030427,,sotto,mute da t_ins+t_grad+20 ms a t_rel
off_r300p_d20_iii,spegnimento_iii,1000,0,10,100k,A_ins,MAINJACK,0.0006209,1.020042,2.000,SOPRA,riferimento g10sempre_lz_iii
off_r300p_d20_iii,spegnimento_iii,1000,0,10,100k,B2,MAINJACK,0.0006209,1.020042,,SOPRA,mute da t_ins+t_grad+20 ms a t_rel
off_r300p_d20_iii,spegnimento_iii,1000,0,10,100k,A_ins,FIXJACK1,0.0001984,1.020042,2.000,SOPRA,riferimento g10sempre_lz_iii
off_r300p_d20_iii,spegnimento_iii,1000,0,10,100k,B2,FIXJACK1,0.0001984,1.020042,,SOPRA,mute da t_ins+t_grad+20 ms a t_rel
off_r300p_d20_iii,spegnimento_iii,1000,0,10,100k,A_ins,FIXJACK2,0.0001984,1.020042,2.000,SOPRA,riferimento g10sempre_lz_iii
off_r300p_d20_iii,spegnimento_iii,1000,0,10,100k,B2,FIXJACK2,0.0001984,1.020042,,SOPRA,mute da t_ins+t_grad+20 ms a t_rel
off_r300p_d100_iii,spegnimento_iii,1000,0,10,100k,A_ins,MAINJACK,0.002318,1.100042,2.000,SOPRA,riferimento g10sempre_lz_iii
off_r300p_d100_iii,spegnimento_iii,1000,0,10,100k,B2,MAINJACK,0.002318,1.100042,,SOPRA,mute da t_ins+t_grad+20 ms a t_rel
off_r300p_d100_iii,spegnimento_iii,1000,0,10,100k,A_ins,FIXJACK1,0.0007819,1.100042,2.000,SOPRA,riferimento g10sempre_lz_iii
off_r300p_d100_iii,spegnimento_iii,1000,0,10,100k,B2,FIXJACK1,0.0007819,1.100042,,SOPRA,mute da t_ins+t_grad+20 ms a t_rel
off_r300p_d100_iii,spegnimento_iii,1000,0,10,100k,A_ins,FIXJACK2,0.0007819,1.100042,2.000,SOPRA,riferimento g10sempre_lz_iii
off_r300p_d100_iii,spegnimento_iii,1000,0,10,100k,B2,FIXJACK2,0.0007819,1.100042,,SOPRA,mute da t_ins+t_grad+20 ms a t_rel
on_r300m_iii,accensione_iii,1000,0,10,100k,A_ins,MAINJACK,6.218e-09,0.272688,2.000,sotto,riferimento g10sempre_lz_iii
on_r300m_iii,accensione_iii,1000,0,10,100k,A_rel,MAINJACK,4.888e-11,3.109115,2.000,sotto,riferimento g10mai_lz_iii
on_r300m_iii,accensione_iii,1000,0,10,100k,B2,MAINJACK,6.218e-09,0.272688,,sotto,mute da t_ins+t_grad+20 ms a t_rel
on_r300m_iii,accensione_iii,1000,0,10,100k,A_ins,FIXJACK1,2.722e-08,0.279406,2.000,sotto,riferimento g10sempre_lz_iii
on_r300m_iii,accensione_iii,1000,0,10,100k,A_rel,FIXJACK1,1.596e-11,2.999573,2.000,sotto,riferimento g10mai_lz_iii
on_r300m_iii,accensione_iii,1000,0,10,100k,B2,FIXJACK1,2.722e-08,0.279406,,sotto,mute da t_ins+t_grad+20 ms a t_rel
on_r300m_iii,accensione_iii,1000,0,10,100k,A_ins,FIXJACK2,2.722e-08,0.279406,2.000,sotto,riferimento g10sempre_lz_iii
on_r300m_iii,accensione_iii,1000,0,10,100k,A_rel,FIXJACK2,1.58e-11,2.810896,2.000,sotto,riferimento g10mai_lz_iii
on_r300m_iii,accensione_iii,1000,0,10,100k,B2,FIXJACK2,2.722e-08,0.279406,,sotto,mute da t_ins+t_grad+20 ms a t_rel
off_r300m_d0_iii,spegnimento_iii,1000,0,10,100k,A_ins,MAINJACK,5.562e-06,1.000521,2.000,sotto,riferimento g10sempre_lz_iii
off_r300m_d0_iii,spegnimento_iii,1000,0,10,100k,B2,MAINJACK,9.429e-09,1.026927,,sotto,mute da t_ins+t_grad+20 ms a t_rel
off_r300m_d0_iii,spegnimento_iii,1000,0,10,100k,A_ins,FIXJACK1,1.769e-06,1.000521,2.000,sotto,riferimento g10sempre_lz_iii
off_r300m_d0_iii,spegnimento_iii,1000,0,10,100k,B2,FIXJACK1,3.004e-09,1.026885,,sotto,mute da t_ins+t_grad+20 ms a t_rel
off_r300m_d0_iii,spegnimento_iii,1000,0,10,100k,A_ins,FIXJACK2,1.769e-06,1.000521,2.000,sotto,riferimento g10sempre_lz_iii
off_r300m_d0_iii,spegnimento_iii,1000,0,10,100k,B2,FIXJACK2,3.004e-09,1.026885,,sotto,mute da t_ins+t_grad+20 ms a t_rel
off_r300m_d5_iii,spegnimento_iii,1000,0,10,100k,A_ins,MAINJACK,6.085e-05,1.005490,2.000,sotto,riferimento g10sempre_lz_iii
off_r300m_d5_iii,spegnimento_iii,1000,0,10,100k,B2,MAINJACK,2.175e-06,1.030260,,sotto,mute da t_ins+t_grad+20 ms a t_rel
off_r300m_d5_iii,spegnimento_iii,1000,0,10,100k,A_ins,FIXJACK1,1.937e-05,1.005490,2.000,sotto,riferimento g10sempre_lz_iii
off_r300m_d5_iii,spegnimento_iii,1000,0,10,100k,B2,FIXJACK1,6.921e-07,1.030260,,sotto,mute da t_ins+t_grad+20 ms a t_rel
off_r300m_d5_iii,spegnimento_iii,1000,0,10,100k,A_ins,FIXJACK2,1.937e-05,1.005490,2.000,sotto,riferimento g10sempre_lz_iii
off_r300m_d5_iii,spegnimento_iii,1000,0,10,100k,B2,FIXJACK2,6.921e-07,1.030260,,sotto,mute da t_ins+t_grad+20 ms a t_rel
off_r300m_d20_iii,spegnimento_iii,1000,0,10,100k,A_ins,MAINJACK,0.0003928,1.020042,2.000,SOPRA,riferimento g10sempre_lz_iii
off_r300m_d20_iii,spegnimento_iii,1000,0,10,100k,B2,MAINJACK,0.0003928,1.020042,,SOPRA,mute da t_ins+t_grad+20 ms a t_rel
off_r300m_d20_iii,spegnimento_iii,1000,0,10,100k,A_ins,FIXJACK1,0.0001256,1.020042,2.000,SOPRA,riferimento g10sempre_lz_iii
off_r300m_d20_iii,spegnimento_iii,1000,0,10,100k,B2,FIXJACK1,0.0001256,1.020042,,SOPRA,mute da t_ins+t_grad+20 ms a t_rel
off_r300m_d20_iii,spegnimento_iii,1000,0,10,100k,A_ins,FIXJACK2,0.0001256,1.020042,2.000,SOPRA,riferimento g10sempre_lz_iii
off_r300m_d20_iii,spegnimento_iii,1000,0,10,100k,B2,FIXJACK2,0.0001256,1.020042,,SOPRA,mute da t_ins+t_grad+20 ms a t_rel
off_r300m_d100_iii,spegnimento_iii,1000,0,10,100k,A_ins,MAINJACK,0.0006474,1.100042,2.000,SOPRA,riferimento g10sempre_lz_iii
off_r300m_d100_iii,spegnimento_iii,1000,0,10,100k,B2,MAINJACK,0.0006474,1.100042,,SOPRA,mute da t_ins+t_grad+20 ms a t_rel
off_r300m_d100_iii,spegnimento_iii,1000,0,10,100k,A_ins,FIXJACK1,0.0002303,1.100042,2.000,SOPRA,riferimento g10sempre_lz_iii
off_r300m_d100_iii,spegnimento_iii,1000,0,10,100k,B2,FIXJACK1,0.0002303,1.100042,,SOPRA,mute da t_ins+t_grad+20 ms a t_rel
off_r300m_d100_iii,spegnimento_iii,1000,0,10,100k,A_ins,FIXJACK2,0.0002303,1.100042,2.000,SOPRA,riferimento g10sempre_lz_iii
off_r300m_d100_iii,spegnimento_iii,1000,0,10,100k,B2,FIXJACK2,0.0002303,1.100042,,SOPRA,mute da t_ins+t_grad+20 ms a t_rel
g10mai_1k_iii,rif,1000,3.818,10,100k,C_pav,MAINJACK,0.0005062,0.980510,,sotto,"pavimento di C a 1.000 s, cond 1"
g10mai_1k_iii,rif,1000,3.818,10,100k,C_pav,MAINJACK,0.0005061,2.021510,,sotto,"pavimento di C a 2.000 s, cond 1"
g10mai_1k_iii,rif,1000,3.818,10,100k,C_pav,FIXJACK1,1.898e-05,1.152167,,sotto,"pavimento di C a 1.000 s, cond 1"
g10mai_1k_iii,rif,1000,3.818,10,100k,C_pav,FIXJACK1,1.897e-05,1.997167,,sotto,"pavimento di C a 2.000 s, cond 1"
g10mai_1k_iii,rif,1000,3.818,10,100k,C_pav,FIXJACK2,1.898e-05,1.152167,,sotto,"pavimento di C a 1.000 s, cond 1"
g10mai_1k_iii,rif,1000,3.818,10,100k,C_pav,FIXJACK2,1.897e-05,1.997167,,sotto,"pavimento di C a 2.000 s, cond 1"
g10sempre_1k_iii,rif,1000,3.818,10,100k,B1,MAINJACK,9.318e-07,8.935156,,sotto,"riferimento sempre in mute, da 0,5 s"
g10sempre_1k_iii,rif,1000,3.818,10,100k,B1,FIXJACK1,3.409e-07,11.099156,,sotto,"riferimento sempre in mute, da 0,5 s"
g10sempre_1k_iii,rif,1000,3.818,10,100k,B1,FIXJACK2,3.409e-07,11.099156,,sotto,"riferimento sempre in mute, da 0,5 s"
g0mai_1k_iii,rif,1000,3.818,0,100k,C_pav,MAINJACK,1.909e-05,1.033156,,sotto,"pavimento di C a 1.000 s, cond 1"
g0mai_1k_iii,rif,1000,3.818,0,100k,C_pav,MAINJACK,1.909e-05,2.015156,,sotto,"pavimento di C a 2.000 s, cond 1"
g0mai_1k_iii,rif,1000,3.818,0,100k,C_pav,FIXJACK1,1.909e-05,1.033156,,sotto,"pavimento di C a 1.000 s, cond 1"
g0mai_1k_iii,rif,1000,3.818,0,100k,C_pav,FIXJACK1,1.909e-05,2.015156,,sotto,"pavimento di C a 2.000 s, cond 1"
g0mai_1k_iii,rif,1000,3.818,0,100k,C_pav,FIXJACK2,1.909e-05,1.033156,,sotto,"pavimento di C a 1.000 s, cond 1"
g0mai_1k_iii,rif,1000,3.818,0,100k,C_pav,FIXJACK2,1.909e-05,2.015156,,sotto,"pavimento di C a 2.000 s, cond 1"
g0sempre_1k_iii,rif,1000,3.818,0,100k,B1,MAINJACK,2.843e-07,0.951156,,sotto,"riferimento sempre in mute, da 0,5 s"
g0sempre_1k_iii,rif,1000,3.818,0,100k,B1,FIXJACK1,3.41e-07,0.951156,,sotto,"riferimento sempre in mute, da 0,5 s"
g0sempre_1k_iii,rif,1000,3.818,0,100k,B1,FIXJACK2,3.41e-07,0.951156,,sotto,"riferimento sempre in mute, da 0,5 s"
g3mai_1k_iii,rif,1000,3.818,3,100k,C_pav,MAINJACK,3.922e-05,1.194156,,sotto,"pavimento di C a 1.000 s, cond 1"
g3mai_1k_iii,rif,1000,3.818,3,100k,C_pav,MAINJACK,3.922e-05,2.094156,,sotto,"pavimento di C a 2.000 s, cond 1"
g3mai_1k_iii,rif,1000,3.818,3,100k,C_pav,FIXJACK1,1.905e-05,1.184156,,sotto,"pavimento di C a 1.000 s, cond 1"
g3mai_1k_iii,rif,1000,3.818,3,100k,C_pav,FIXJACK1,1.905e-05,2.094156,,sotto,"pavimento di C a 2.000 s, cond 1"
g3mai_1k_iii,rif,1000,3.818,3,100k,C_pav,FIXJACK2,1.905e-05,1.184156,,sotto,"pavimento di C a 1.000 s, cond 1"
g3mai_1k_iii,rif,1000,3.818,3,100k,C_pav,FIXJACK2,1.905e-05,2.094156,,sotto,"pavimento di C a 2.000 s, cond 1"
g3sempre_1k_iii,rif,1000,3.818,3,100k,B1,MAINJACK,4.036e-07,6.474156,,sotto,"riferimento sempre in mute, da 0,5 s"
g3sempre_1k_iii,rif,1000,3.818,3,100k,B1,FIXJACK1,3.409e-07,7.916156,,sotto,"riferimento sempre in mute, da 0,5 s"
g3sempre_1k_iii,rif,1000,3.818,3,100k,B1,FIXJACK2,3.409e-07,7.916156,,sotto,"riferimento sempre in mute, da 0,5 s"
g10mai_20_iii,rif,20,3.818,10,100k,C_pav,MAINJACK,0.0003569,1.024677,,sotto,"pavimento di C a 1.000 s, cond 7.22"
g10mai_20_iii,rif,20,3.818,10,100k,C_pav,MAINJACK,0.0003569,2.024677,,sotto,"pavimento di C a 2.000 s, cond 7.22"
g10mai_20_iii,rif,20,3.818,10,100k,C_pav,FIXJACK1,1.415e-06,1.197844,,sotto,"pavimento di C a 1.000 s, cond 7.22"
g10mai_20_iii,rif,20,3.818,10,100k,C_pav,FIXJACK1,1.415e-06,2.147854,,sotto,"pavimento di C a 2.000 s, cond 7.22"
g10mai_20_iii,rif,20,3.818,10,100k,C_pav,FIXJACK2,1.415e-06,1.197854,,sotto,"pavimento di C a 1.000 s, cond 7.22"
g10mai_20_iii,rif,20,3.818,10,100k,C_pav,FIXJACK2,1.415e-06,2.197854,,sotto,"pavimento di C a 2.000 s, cond 7.22"
g10sempre_20_iii,rif,20,3.818,10,100k,B1,MAINJACK,4.46e-10,16.789594,,sotto,"riferimento sempre in mute, da 0,5 s"
g10sempre_20_iii,rif,20,3.818,10,100k,B1,FIXJACK1,1.698e-10,7.139594,,sotto,"riferimento sempre in mute, da 0,5 s"
g10sempre_20_iii,rif,20,3.818,10,100k,B1,FIXJACK2,1.698e-10,5.439594,,sotto,"riferimento sempre in mute, da 0,5 s"
g0mai_20_iii,rif,20,3.818,0,100k,C_pav,MAINJACK,1.416e-06,1.197833,,sotto,"pavimento di C a 1.000 s, cond 7.22"
g0mai_20_iii,rif,20,3.818,0,100k,C_pav,MAINJACK,1.416e-06,2.197833,,sotto,"pavimento di C a 2.000 s, cond 7.22"
g0mai_20_iii,rif,20,3.818,0,100k,C_pav,FIXJACK1,1.415e-06,1.197844,,sotto,"pavimento di C a 1.000 s, cond 7.22"
g0mai_20_iii,rif,20,3.818,0,100k,C_pav,FIXJACK1,1.415e-06,2.097854,,sotto,"pavimento di C a 2.000 s, cond 7.22"
g0mai_20_iii,rif,20,3.818,0,100k,C_pav,FIXJACK2,1.415e-06,1.197854,,sotto,"pavimento di C a 1.000 s, cond 7.22"
g0mai_20_iii,rif,20,3.818,0,100k,C_pav,FIXJACK2,1.415e-06,2.097854,,sotto,"pavimento di C a 2.000 s, cond 7.22"
g0sempre_20_iii,rif,20,3.818,0,100k,B1,MAINJACK,1.415e-10,2.239594,,sotto,"riferimento sempre in mute, da 0,5 s"
g0sempre_20_iii,rif,20,3.818,0,100k,B1,FIXJACK1,1.698e-10,0.789594,,sotto,"riferimento sempre in mute, da 0,5 s"
g0sempre_20_iii,rif,20,3.818,0,100k,B1,FIXJACK2,1.698e-10,2.539594,,sotto,"riferimento sempre in mute, da 0,5 s"
g3mai_20_iii,rif,20,3.818,3,100k,C_pav,MAINJACK,3.103e-06,1.197990,,sotto,"pavimento di C a 1.000 s, cond 7.22"
g3mai_20_iii,rif,20,3.818,3,100k,C_pav,MAINJACK,3.103e-06,2.097990,,sotto,"pavimento di C a 2.000 s, cond 7.22"
g3mai_20_iii,rif,20,3.818,3,100k,C_pav,FIXJACK1,1.415e-06,1.197844,,sotto,"pavimento di C a 1.000 s, cond 7.22"
g3mai_20_iii,rif,20,3.818,3,100k,C_pav,FIXJACK1,1.415e-06,2.147844,,sotto,"pavimento di C a 2.000 s, cond 7.22"
g3mai_20_iii,rif,20,3.818,3,100k,C_pav,FIXJACK2,1.415e-06,1.197844,,sotto,"pavimento di C a 1.000 s, cond 7.22"
g3mai_20_iii,rif,20,3.818,3,100k,C_pav,FIXJACK2,1.415e-06,2.147854,,sotto,"pavimento di C a 2.000 s, cond 7.22"
g3sempre_20_iii,rif,20,3.818,3,100k,B1,MAINJACK,2.01e-10,6.439594,,sotto,"riferimento sempre in mute, da 0,5 s"
g3sempre_20_iii,rif,20,3.818,3,100k,B1,FIXJACK1,1.698e-10,4.839594,,sotto,"riferimento sempre in mute, da 0,5 s"
g3sempre_20_iii,rif,20,3.818,3,100k,B1,FIXJACK2,1.698e-10,0.989594,,sotto,"riferimento sempre in mute, da 0,5 s"
g10sempre_lz_iii,rif,1000,0,10,100k,B1,MAINJACK,5.591e-17,16.005813,,sotto,"riferimento sempre in mute, da 0,5 s"
g10sempre_lz_iii,rif,1000,0,10,100k,B1,FIXJACK1,2.382e-17,23.257833,,sotto,"riferimento sempre in mute, da 0,5 s"
g10sempre_lz_iii,rif,1000,0,10,100k,B1,FIXJACK2,2.328e-17,13.920833,,sotto,"riferimento sempre in mute, da 0,5 s"
g0sempre_lz_iii,rif,1000,0,0,100k,B1,MAINJACK,1.699e-17,2.683333,,sotto,"riferimento sempre in mute, da 0,5 s"
g0sempre_lz_iii,rif,1000,0,0,100k,B1,FIXJACK1,2.33e-17,5.697583,,sotto,"riferimento sempre in mute, da 0,5 s"
g0sempre_lz_iii,rif,1000,0,0,100k,B1,FIXJACK2,2.111e-17,3.954833,,sotto,"riferimento sempre in mute, da 0,5 s"
g3sempre_lz_iii,rif,1000,0,3,100k,B1,MAINJACK,2.564e-17,7.345594,,sotto,"riferimento sempre in mute, da 0,5 s"
g3sempre_lz_iii,rif,1000,0,3,100k,B1,FIXJACK1,2.029e-17,4.915333,,sotto,"riferimento sempre in mute, da 0,5 s"
g3sempre_lz_iii,rif,1000,0,3,100k,B1,FIXJACK2,2.008e-17,8.001333,,sotto,"riferimento sempre in mute, da 0,5 s"
t6mai_1k_iii,rif,1000,3.818,10,100k,C_pav,MAINJACK,6.545e-05,1.190156,,sotto,"pavimento di C a 1.000 s, cond 1"
t6mai_1k_iii,rif,1000,3.818,10,100k,C_pav,MAINJACK,6.545e-05,2.165156,,sotto,"pavimento di C a 2.000 s, cond 1"
t6mai_1k_iii,rif,1000,3.818,10,100k,C_pav,FIXJACK1,1.906e-05,1.190156,,sotto,"pavimento di C a 1.000 s, cond 1"
t6mai_1k_iii,rif,1000,3.818,10,100k,C_pav,FIXJACK1,1.906e-05,2.165156,,sotto,"pavimento di C a 2.000 s, cond 1"
t6mai_1k_iii,rif,1000,3.818,10,100k,C_pav,FIXJACK2,1.906e-05,1.190156,,sotto,"pavimento di C a 1.000 s, cond 1"
t6mai_1k_iii,rif,1000,3.818,10,100k,C_pav,FIXJACK2,1.906e-05,2.165156,,sotto,"pavimento di C a 2.000 s, cond 1"
t6sempre_1k_iii,rif,1000,3.818,10,100k,B1,MAINJACK,4.487e-07,7.381156,,sotto,"riferimento sempre in mute, da 0,5 s"
t6sempre_1k_iii,rif,1000,3.818,10,100k,B1,FIXJACK1,3.409e-07,1.384156,,sotto,"riferimento sempre in mute, da 0,5 s"
t6sempre_1k_iii,rif,1000,3.818,10,100k,B1,FIXJACK2,3.409e-07,1.384156,,sotto,"riferimento sempre in mute, da 0,5 s"
t12mai_1k_iii,rif,1000,3.818,10,100k,C_pav,MAINJACK,1.981e-05,1.095167,,sotto,"pavimento di C a 1.000 s, cond 1"
t12mai_1k_iii,rif,1000,3.818,10,100k,C_pav,MAINJACK,1.981e-05,2.083167,,sotto,"pavimento di C a 2.000 s, cond 1"
t12mai_1k_iii,rif,1000,3.818,10,100k,C_pav,FIXJACK1,1.904e-05,1.056156,,sotto,"pavimento di C a 1.000 s, cond 1"
t12mai_1k_iii,rif,1000,3.818,10,100k,C_pav,FIXJACK1,1.904e-05,1.984156,,sotto,"pavimento di C a 2.000 s, cond 1"
t12mai_1k_iii,rif,1000,3.818,10,100k,C_pav,FIXJACK2,1.904e-05,1.056156,,sotto,"pavimento di C a 1.000 s, cond 1"
t12mai_1k_iii,rif,1000,3.818,10,100k,C_pav,FIXJACK2,1.904e-05,1.984156,,sotto,"pavimento di C a 2.000 s, cond 1"
t12sempre_1k_iii,rif,1000,3.818,10,100k,B1,MAINJACK,2.265e-07,3.954156,,sotto,"riferimento sempre in mute, da 0,5 s"
t12sempre_1k_iii,rif,1000,3.818,10,100k,B1,FIXJACK1,3.41e-07,4.322156,,sotto,"riferimento sempre in mute, da 0,5 s"
t12sempre_1k_iii,rif,1000,3.818,10,100k,B1,FIXJACK2,3.41e-07,4.322156,,sotto,"riferimento sempre in mute, da 0,5 s"
t6sempre_lz_iii,rif,1000,0,10,100k,B1,MAINJACK,4.112e-17,1.690396,,sotto,"riferimento sempre in mute, da 0,5 s"
t6sempre_lz_iii,rif,1000,0,10,100k,B1,FIXJACK1,2.006e-17,1.774583,,sotto,"riferimento sempre in mute, da 0,5 s"
t6sempre_lz_iii,rif,1000,0,10,100k,B1,FIXJACK2,2.154e-17,8.009833,,sotto,"riferimento sempre in mute, da 0,5 s"
t12sempre_lz_iii,rif,1000,0,10,100k,B1,MAINJACK,4.142e-17,3.003333,,sotto,"riferimento sempre in mute, da 0,5 s"
t12sempre_lz_iii,rif,1000,0,10,100k,B1,FIXJACK1,2.084e-17,2.896073,,sotto,"riferimento sempre in mute, da 0,5 s"
t12sempre_lz_iii,rif,1000,0,10,100k,B1,FIXJACK2,1.929e-17,1.855083,,sotto,"riferimento sempre in mute, da 0,5 s"
rsempre_g10t0_dpamax_iii,rif_dpamax,1000,0,10,100k,B1,MAINJACK,5.381e-17,3.916792,,sotto,"riferimento sempre in mute, da 0,5 s"
rsempre_g10t0_dpamax_iii,rif_dpamax,1000,0,10,100k,B1,FIXJACK1,2.02e-17,0.943083,,sotto,"riferimento sempre in mute, da 0,5 s"
rsempre_g10t0_dpamax_iii,rif_dpamax,1000,0,10,100k,B1,FIXJACK2,1.927e-17,4.424812,,sotto,"riferimento sempre in mute, da 0,5 s"
rsempre_g0t0_dpamax_iii,rif_dpamax,1000,0,0,100k,B1,MAINJACK,1.672e-17,4.169302,,sotto,"riferimento sempre in mute, da 0,5 s"
rsempre_g0t0_dpamax_iii,rif_dpamax,1000,0,0,100k,B1,FIXJACK1,2.186e-17,4.674833,,sotto,"riferimento sempre in mute, da 0,5 s"
rsempre_g0t0_dpamax_iii,rif_dpamax,1000,0,0,100k,B1,FIXJACK2,1.888e-17,7.554323,,sotto,"riferimento sempre in mute, da 0,5 s"
rsempre_g10t12_dpamax_iii,rif_dpamax,1000,0,10,100k,B1,MAINJACK,4.173e-17,3.109583,,sotto,"riferimento sempre in mute, da 0,5 s"
rsempre_g10t12_dpamax_iii,rif_dpamax,1000,0,10,100k,B1,FIXJACK1,1.947e-17,6.395333,,sotto,"riferimento sempre in mute, da 0,5 s"
rsempre_g10t12_dpamax_iii,rif_dpamax,1000,0,10,100k,B1,FIXJACK2,2.107e-17,0.939833,,sotto,"riferimento sempre in mute, da 0,5 s"
rsempre_g10t0_dpminmax_iii,rif_dpminmax,1000,0,10,100k,B1,MAINJACK,5.315e-17,6.535083,,sotto,"riferimento sempre in mute, da 0,5 s"
rsempre_g10t0_dpminmax_iii,rif_dpminmax,1000,0,10,100k,B1,FIXJACK1,2.441e-17,6.692333,,sotto,"riferimento sempre in mute, da 0,5 s"
rsempre_g10t0_dpminmax_iii,rif_dpminmax,1000,0,10,100k,B1,FIXJACK2,2.027e-17,5.471833,,sotto,"riferimento sempre in mute, da 0,5 s"
rsempre_g0t0_dpminmax_iii,rif_dpminmax,1000,0,0,100k,B1,MAINJACK,2.074e-17,0.749333,,sotto,"riferimento sempre in mute, da 0,5 s"
rsempre_g0t0_dpminmax_iii,rif_dpminmax,1000,0,0,100k,B1,FIXJACK1,2.269e-17,4.048083,,sotto,"riferimento sempre in mute, da 0,5 s"
rsempre_g0t0_dpminmax_iii,rif_dpminmax,1000,0,0,100k,B1,FIXJACK2,2.199e-17,0.516583,,sotto,"riferimento sempre in mute, da 0,5 s"
rsempre_g10t12_dpminmax_iii,rif_dpminmax,1000,0,10,100k,B1,MAINJACK,4.394e-17,6.599375,,sotto,"riferimento sempre in mute, da 0,5 s"
rsempre_g10t12_dpminmax_iii,rif_dpminmax,1000,0,10,100k,B1,FIXJACK1,2.096e-17,3.147854,,sotto,"riferimento sempre in mute, da 0,5 s"
rsempre_g10t12_dpminmax_iii,rif_dpminmax,1000,0,10,100k,B1,FIXJACK2,2.151e-17,3.642833,,sotto,"riferimento sempre in mute, da 0,5 s"
rsempre_g10t0_dpmaxmax_iii,rif_dpmaxmax,1000,0,10,100k,B1,MAINJACK,5.184e-17,3.790573,,sotto,"riferimento sempre in mute, da 0,5 s"
rsempre_g10t0_dpmaxmax_iii,rif_dpmaxmax,1000,0,10,100k,B1,FIXJACK1,1.963e-17,6.716583,,sotto,"riferimento sempre in mute, da 0,5 s"
rsempre_g10t0_dpmaxmax_iii,rif_dpmaxmax,1000,0,10,100k,B1,FIXJACK2,2.205e-17,2.479083,,sotto,"riferimento sempre in mute, da 0,5 s"
rsempre_g0t0_dpmaxmax_iii,rif_dpmaxmax,1000,0,0,100k,B1,MAINJACK,1.933e-17,5.230885,,sotto,"riferimento sempre in mute, da 0,5 s"
rsempre_g0t0_dpmaxmax_iii,rif_dpmaxmax,1000,0,0,100k,B1,FIXJACK1,2.056e-17,0.880583,,sotto,"riferimento sempre in mute, da 0,5 s"
rsempre_g0t0_dpmaxmax_iii,rif_dpmaxmax,1000,0,0,100k,B1,FIXJACK2,2.443e-17,2.398083,,sotto,"riferimento sempre in mute, da 0,5 s"
rsempre_g10t12_dpmaxmax_iii,rif_dpmaxmax,1000,0,10,100k,B1,MAINJACK,3.795e-17,0.780344,,sotto,"riferimento sempre in mute, da 0,5 s"
rsempre_g10t12_dpmaxmax_iii,rif_dpmaxmax,1000,0,10,100k,B1,FIXJACK1,2.476e-17,5.218583,,sotto,"riferimento sempre in mute, da 0,5 s"
rsempre_g10t12_dpmaxmax_iii,rif_dpmaxmax,1000,0,10,100k,B1,FIXJACK2,2.176e-17,4.946583,,sotto,"riferimento sempre in mute, da 0,5 s"
g10mai_20k_iii,rif,20000,3.818,10,100k,C_pav,MAINJACK,0.02476,0.984875,,SOPRA,"pavimento di C a 1.000 s, cond 1"
g10mai_20k_iii,rif,20000,3.818,10,100k,C_pav,MAINJACK,0.02475,1.614625,,SOPRA,"pavimento di C a 1.500 s, cond 1"
g10mai_20k_iii,rif,20000,3.818,10,100k,C_pav,FIXJACK1,6.757e-05,0.990979,,sotto,"pavimento di C a 1.000 s, cond 1"
g10mai_20k_iii,rif,20000,3.818,10,100k,C_pav,FIXJACK1,6.758e-05,1.495479,,sotto,"pavimento di C a 1.500 s, cond 1"
g10mai_20k_iii,rif,20000,3.818,10,100k,C_pav,FIXJACK2,6.757e-05,0.990979,,sotto,"pavimento di C a 1.000 s, cond 1"
g10mai_20k_iii,rif,20000,3.818,10,100k,C_pav,FIXJACK2,6.758e-05,1.495479,,sotto,"pavimento di C a 1.500 s, cond 1"
g10sempre_20k_iii,rif,20000,3.818,10,100k,B1,MAINJACK,1.687e-05,0.616979,,sotto,"riferimento sempre in mute, da 0,5 s"
g10sempre_20k_iii,rif,20000,3.818,10,100k,B1,FIXJACK1,5.979e-06,1.527500,,sotto,"riferimento sempre in mute, da 0,5 s"
g10sempre_20k_iii,rif,20000,3.818,10,100k,B1,FIXJACK2,5.979e-06,1.527500,,sotto,"riferimento sempre in mute, da 0,5 s"
g10mai_20_r10k_iii,rif,20,3.818,10,10k,C_pav,MAINJACK,0.0003618,1.124635,,sotto,"pavimento di C a 1.000 s, cond 7.22"
g10mai_20_r10k_iii,rif,20,3.818,10,10k,C_pav,MAINJACK,0.0003618,2.174635,,sotto,"pavimento di C a 2.000 s, cond 7.22"
g10mai_20_r10k_iii,rif,20,3.818,10,10k,C_pav,FIXJACK1,1.44e-06,1.007792,,sotto,"pavimento di C a 1.000 s, cond 7.22"
g10mai_20_r10k_iii,rif,20,3.818,10,10k,C_pav,FIXJACK1,1.44e-06,2.107792,,sotto,"pavimento di C a 2.000 s, cond 7.22"
g10mai_20_r10k_iii,rif,20,3.818,10,10k,C_pav,FIXJACK2,1.44e-06,1.007792,,sotto,"pavimento di C a 1.000 s, cond 7.22"
g10mai_20_r10k_iii,rif,20,3.818,10,10k,C_pav,FIXJACK2,1.44e-06,2.107792,,sotto,"pavimento di C a 2.000 s, cond 7.22"
g10sempre_20_r10k_iii,rif,20,3.818,10,10k,B1,MAINJACK,6.206e-11,2.939594,,sotto,"riferimento sempre in mute, da 0,5 s"
g10sempre_20_r10k_iii,rif,20,3.818,10,10k,B1,FIXJACK1,2.016e-11,4.339594,,sotto,"riferimento sempre in mute, da 0,5 s"
g10sempre_20_r10k_iii,rif,20,3.818,10,10k,B1,FIXJACK2,2.016e-11,4.339594,,sotto,"riferimento sempre in mute, da 0,5 s"
g10mai_1k_r10k_iii,rif,1000,3.818,10,10k,C_pav,MAINJACK,0.0005225,1.010510,,sotto,"pavimento di C a 1.000 s, cond 1"
g10mai_1k_r10k_iii,rif,1000,3.818,10,10k,C_pav,MAINJACK,0.0005225,2.149510,,sotto,"pavimento di C a 2.000 s, cond 1"
g10mai_1k_r10k_iii,rif,1000,3.818,10,10k,C_pav,FIXJACK1,1.905e-05,1.013156,,sotto,"pavimento di C a 1.000 s, cond 1"
g10mai_1k_r10k_iii,rif,1000,3.818,10,10k,C_pav,FIXJACK1,1.898e-05,2.149167,,sotto,"pavimento di C a 2.000 s, cond 1"
g10mai_1k_r10k_iii,rif,1000,3.818,10,10k,C_pav,FIXJACK2,1.905e-05,1.013156,,sotto,"pavimento di C a 1.000 s, cond 1"
g10mai_1k_r10k_iii,rif,1000,3.818,10,10k,C_pav,FIXJACK2,1.898e-05,2.149167,,sotto,"pavimento di C a 2.000 s, cond 1"
g10sempre_1k_r10k_iii,rif,1000,3.818,10,10k,B1,MAINJACK,1.297e-07,1.092156,,sotto,"riferimento sempre in mute, da 0,5 s"
g10sempre_1k_r10k_iii,rif,1000,3.818,10,10k,B1,FIXJACK1,4.048e-08,1.951156,,sotto,"riferimento sempre in mute, da 0,5 s"
g10sempre_1k_r10k_iii,rif,1000,3.818,10,10k,B1,FIXJACK2,4.048e-08,1.951156,,sotto,"riferimento sempre in mute, da 0,5 s"
g10mai_20k_r10k_iii,rif,20000,3.818,10,10k,C_pav,MAINJACK,0.02466,1.080875,,SOPRA,"pavimento di C a 1.000 s, cond 1"
g10mai_20k_r10k_iii,rif,20000,3.818,10,10k,C_pav,MAINJACK,0.02466,1.503375,,SOPRA,"pavimento di C a 1.500 s, cond 1"
g10mai_20k_r10k_iii,rif,20000,3.818,10,10k,C_pav,FIXJACK1,6.75e-05,1.120229,,sotto,"pavimento di C a 1.000 s, cond 1"
g10mai_20k_r10k_iii,rif,20000,3.818,10,10k,C_pav,FIXJACK1,6.749e-05,1.608979,,sotto,"pavimento di C a 1.500 s, cond 1"
g10mai_20k_r10k_iii,rif,20000,3.818,10,10k,C_pav,FIXJACK2,6.75e-05,1.120229,,sotto,"pavimento di C a 1.000 s, cond 1"
g10mai_20k_r10k_iii,rif,20000,3.818,10,10k,C_pav,FIXJACK2,6.749e-05,1.608979,,sotto,"pavimento di C a 1.500 s, cond 1"
g10sempre_20k_r10k_iii,rif,20000,3.818,10,10k,B1,MAINJACK,2.346e-06,1.590729,,sotto,"riferimento sempre in mute, da 0,5 s"
g10sempre_20k_r10k_iii,rif,20000,3.818,10,10k,B1,FIXJACK1,7.101e-07,1.217750,,sotto,"riferimento sempre in mute, da 0,5 s"
g10sempre_20k_r10k_iii,rif,20000,3.818,10,10k,B1,FIXJACK2,7.101e-07,1.217750,,sotto,"riferimento sempre in mute, da 0,5 s"
