blk,modo_db,f_hz,vin_pk,k_att,caso,p_q132,p_q133,icmax_q132,icmin_q132,icmax_q133,icmin_q133,p_q122,icmax_q122,p_q125,p_q127,p_q121a,p_q121b,p_q117,p_q118,p_q106,p_jq110a,p_jq110b,p_r134,p_r135,p_r130,p_r131,p_r123,p_r126,p_rsep,p_rsep2,irms_rsep,irms_rsep2,p_q132_w1,p_q132_w2,voutpk,p_rail
A,0,1000,0,1,0,0.295634,0.296562,0.0202902,0.0202902,-0.0204018,-0.0204018,0.0909247,-0.00679716,0.0895156,0.0117675,0.00156296,0.00176153,0.0102714,0.0102707,0.064251,0.0208067,0.0204155,0.00923464,0.00923607,3.90974E-07,7.7074E-08,0.00426988,0.00414282,0,0,0,0,0.295634,0.295634,-0.015454,3.97257
F1,0,1000,0,1,0,0.295956,0.296231,0.0202908,0.0202908,-0.0204007,-0.0204007,0.0910278,-0.006797,0.089412,0.0117673,0.00156296,0.0017615,0.0102714,0.0102707,0.0641812,0.0208418,0.02045,0.00923514,0.00923514,3.90671E-07,7.71766E-08,0.00426968,0.0041428,1.18828E-19,0,5.02818E-11,0,0.295956,0.295956,-0.0309065,3.97257
F2,0,1000,0,1,0,0.295956,0.296231,0.0202908,0.0202908,-0.0204007,-0.0204007,0.0910278,-0.006797,0.089412,0.0117673,0.00156296,0.0017615,0.0102714,0.0102707,0.0641812,0.0208418,0.02045,0.00923514,0.00923514,3.90671E-07,7.71766E-08,0.00426968,0.0041428,6.90556E-21,0,1.21213E-11,0,0.295956,0.295956,-0.0309065,3.97257
B,0,1000,0,1,0,0.295956,0.296231,0.0202908,0.0202908,-0.0204007,-0.0204007,0.0910278,-0.006797,0.089412,0.0117673,0.00156296,0.0017615,0.0102714,0.0102707,0.0641812,0.0208418,0.02045,0.00923514,0.00923514,3.90671E-07,7.71766E-08,0.00426968,0.0041428,3.05203E-21,0,8.05834E-12,0,0.295956,0.295956,-0.0309065,3.97257
A,0,1000,0,1,1,0.295634,0.296562,0.0202902,0.0202902,-0.0204018,-0.0204018,0.0909247,-0.00679716,0.0895156,0.0117675,0.00156296,0.00176153,0.0102714,0.0102707,0.064251,0.0208067,0.0204155,0.00923464,0.00923607,3.90974E-07,7.7074E-08,0.00426988,0.00414282,0,0,0,0,0.295634,0.295634,-0.015454,3.97257
F1,0,1000,0,1,1,0.295956,0.296231,0.0202908,0.0202908,-0.0204007,-0.0204007,0.0910278,-0.006797,0.089412,0.0117673,0.00156296,0.0017615,0.0102714,0.0102707,0.0641812,0.0208418,0.02045,0.00923514,0.00923514,3.90671E-07,7.71766E-08,0.00426968,0.0041428,3.60035E-25,0,8.80048E-14,0,0.295956,0.295956,-0.0309065,3.97257
F2,0,1000,0,1,1,0.295956,0.296231,0.0202908,0.0202908,-0.0204007,-0.0204007,0.0910278,-0.006797,0.089412,0.0117673,0.00156296,0.0017615,0.0102714,0.0102707,0.0641812,0.0208418,0.02045,0.00923514,0.00923514,3.90671E-07,7.71766E-08,0.00426968,0.0041428,3.5923E-25,0,8.76483E-14,0,0.295956,0.295956,-0.0309065,3.97257
B,0,1000,0,1,1,0.295956,0.296231,0.0202908,0.0202908,-0.0204007,-0.0204007,0.0910278,-0.006797,0.089412,0.0117673,0.00156296,0.0017615,0.0102714,0.0102707,0.0641812,0.0208418,0.02045,0.00923514,0.00923514,3.90671E-07,7.71766E-08,0.00426968,0.0041428,3.82453E-25,0,8.98622E-14,0,0.295956,0.295956,-0.0309065,3.97257
A,0,1000,0,1,2,0.295634,0.296562,0.0202902,0.0202902,-0.0204018,-0.0204018,0.0909247,-0.00679716,0.0895156,0.0117675,0.00156296,0.00176153,0.0102714,0.0102707,0.064251,0.0208067,0.0204155,0.00923464,0.00923607,3.90974E-07,7.7074E-08,0.00426988,0.00414282,0,0,0,0,0.295634,0.295634,-0.015454,3.97257
F1,0,1000,0,1,2,0.295956,0.296231,0.0202908,0.0202908,-0.0204007,-0.0204007,0.0910278,-0.006797,0.089412,0.0117673,0.00156296,0.0017615,0.0102714,0.0102707,0.0641812,0.0208418,0.02045,0.00923514,0.00923514,3.90671E-07,7.71766E-08,0.00426968,0.0041428,3.64127E-25,0,8.84265E-14,0,0.295956,0.295956,-0.0309065,3.97257
F2,0,1000,0,1,2,0.295956,0.296231,0.0202908,0.0202908,-0.0204007,-0.0204007,0.0910278,-0.006797,0.089412,0.0117673,0.00156296,0.0017615,0.0102714,0.0102707,0.0641812,0.0208418,0.02045,0.00923514,0.00923514,3.90671E-07,7.71766E-08,0.00426968,0.0041428,4.55192E-26,0,3.11209E-14,0,0.295956,0.295956,-0.0309065,3.97257
B,0,1000,0,1,2,0.295956,0.296231,0.0202908,0.0202908,-0.0204007,-0.0204007,0.0910278,-0.006797,0.089412,0.0117673,0.00156296,0.0017615,0.0102714,0.0102707,0.0641812,0.0208418,0.02045,0.00923514,0.00923514,3.90671E-07,7.71766E-08,0.00426968,0.0041428,4.53126E-26,0,3.10503E-14,0,0.295956,0.295956,-0.0309065,3.97257
A,0,1000,0,1,3,0.295634,0.296562,0.0202902,0.0202902,-0.0204018,-0.0204018,0.0909247,-0.00679716,0.0895156,0.0117675,0.00156296,0.00176153,0.0102714,0.0102707,0.064251,0.0208067,0.0204155,0.00923464,0.00923607,3.90974E-07,7.7074E-08,0.00426988,0.00414282,0,0,0,0,0.295634,0.295634,-0.015454,3.97257
F1,0,1000,0,1,3,0.295956,0.296231,0.0202908,0.0202908,-0.0204007,-0.0204007,0.0910278,-0.006797,0.089412,0.0117673,0.00156296,0.0017615,0.0102714,0.0102707,0.0641812,0.0208418,0.02045,0.00923514,0.00923514,3.90671E-07,7.71766E-08,0.00426968,0.0041428,4.71046E-26,0,3.16558E-14,0,0.295956,0.295956,-0.0309065,3.97257
F2,0,1000,0,1,3,0.295956,0.296231,0.0202908,0.0202908,-0.0204007,-0.0204007,0.0910278,-0.006797,0.089412,0.0117673,0.00156296,0.0017615,0.0102714,0.0102707,0.0641812,0.0208418,0.02045,0.00923514,0.00923514,3.90671E-07,7.71766E-08,0.00426968,0.0041428,3.49393E-25,0,8.65607E-14,0,0.295956,0.295956,-0.0309065,3.97257
B,0,1000,0,1,3,0.295956,0.296231,0.0202908,0.0202908,-0.0204007,-0.0204007,0.0910278,-0.006797,0.089412,0.0117673,0.00156296,0.0017615,0.0102714,0.0102707,0.0641812,0.0208418,0.02045,0.00923514,0.00923514,3.90671E-07,7.71766E-08,0.00426968,0.0041428,4.53212E-26,0,3.10528E-14,0,0.295956,0.295956,-0.0309065,3.97257
A,0,1000,0,1,4,0.295634,0.296562,0.0202902,0.0202902,-0.0204018,-0.0204018,0.0909247,-0.00679716,0.0895156,0.0117675,0.00156296,0.00176153,0.0102714,0.0102707,0.064251,0.0208067,0.0204155,0.00923464,0.00923607,3.90974E-07,7.7074E-08,0.00426988,0.00414282,0,0,0,0,0.295634,0.295634,-0.015454,3.97257
F1,0,1000,0,1,4,0.295956,0.296231,0.0202908,0.0202908,-0.0204007,-0.0204007,0.0910278,-0.006797,0.089412,0.0117673,0.00156296,0.0017615,0.0102714,0.0102707,0.0641812,0.0208418,0.02045,0.00923514,0.00923514,3.90671E-07,7.71766E-08,0.00426968,0.0041428,4.71625E-26,0,3.16812E-14,0,0.295956,0.295956,-0.0309065,3.97257
F2,0,1000,0,1,4,0.295956,0.296231,0.0202908,0.0202908,-0.0204007,-0.0204007,0.0910278,-0.006797,0.089412,0.0117673,0.00156296,0.0017615,0.0102714,0.0102707,0.0641812,0.0208418,0.02045,0.00923514,0.00923514,3.90671E-07,7.71766E-08,0.00426968,0.0041428,4.55432E-26,0,3.11286E-14,0,0.295956,0.295956,-0.0309065,3.97257
B,0,1000,0,1,4,0.295956,0.296231,0.0202908,0.0202908,-0.0204007,-0.0204007,0.0910278,-0.006797,0.089412,0.0117673,0.00156296,0.0017615,0.0102714,0.0102707,0.0641812,0.0208418,0.02045,0.00923514,0.00923514,3.90671E-07,7.71766E-08,0.00426968,0.0041428,3.38055E-25,0,8.4956E-14,0,0.295956,0.295956,-0.0309065,3.97257
A,0,1000,0,1,5,0.295634,0.296562,0.0202902,0.0202902,-0.0204018,-0.0204018,0.0909247,-0.00679716,0.0895156,0.0117675,0.00156296,0.00176153,0.0102714,0.0102707,0.064251,0.0208067,0.0204155,0.00923464,0.00923607,3.90974E-07,7.7074E-08,0.00426988,0.00414282,0,0,0,0,0.295634,0.295634,-0.015454,3.97257
F1,0,1000,0,1,5,0.295956,0.296231,0.0202908,0.0202908,-0.0204007,-0.0204007,0.0910278,-0.006797,0.089412,0.0117673,0.00156296,0.0017615,0.0102714,0.0102707,0.0641812,0.0208418,0.02045,0.00923514,0.00923514,3.90671E-07,7.71766E-08,0.00426968,0.0041428,2.57372E-25,0,7.39832E-14,0,0.295956,0.295956,-0.0309065,3.97257
F2,0,1000,0,1,5,0.295956,0.296231,0.0202908,0.0202908,-0.0204007,-0.0204007,0.0910278,-0.006797,0.089412,0.0117673,0.00156296,0.0017615,0.0102714,0.0102707,0.0641812,0.0208418,0.02045,0.00923514,0.00923514,3.90671E-07,7.71766E-08,0.00426968,0.0041428,4.55294E-26,0,3.11239E-14,0,0.295956,0.295956,-0.0309065,3.97257
B,0,1000,0,1,5,0.295956,0.296231,0.0202908,0.0202908,-0.0204007,-0.0204007,0.0910278,-0.006797,0.089412,0.0117673,0.00156296,0.0017615,0.0102714,0.0102707,0.0641812,0.0208418,0.02045,0.00923514,0.00923514,3.90671E-07,7.71766E-08,0.00426968,0.0041428,4.53297E-26,0,3.10554E-14,0,0.295956,0.295956,-0.0309065,3.97257
A,0,1000,0,1,6,0.295634,0.296562,0.0202902,0.0202902,-0.0204018,-0.0204018,0.0909247,-0.00679716,0.0895156,0.0117675,0.00156296,0.00176153,0.0102714,0.0102707,0.064251,0.0208067,0.0204155,0.00923464,0.00923607,3.90974E-07,7.7074E-08,0.00426988,0.00414282,0,0,0,0,0.295634,0.295634,-0.015454,3.97257
F1,0,1000,0,1,6,0.295956,0.296231,0.0202908,0.0202908,-0.0204007,-0.0204007,0.0910278,-0.006797,0.089412,0.0117673,0.00156296,0.0017615,0.0102714,0.0102707,0.0641812,0.0208418,0.02045,0.00923514,0.00923514,3.90671E-07,7.71766E-08,0.00426968,0.0041428,7.6957E-26,0,4.05945E-14,0,0.295956,0.295956,-0.0309065,3.97257
F2,0,1000,0,1,6,0.295956,0.296231,0.0202908,0.0202908,-0.0204007,-0.0204007,0.0910278,-0.006797,0.089412,0.0117673,0.00156296,0.0017615,0.0102714,0.0102707,0.0641812,0.0208418,0.02045,0.00923514,0.00923514,3.90671E-07,7.71766E-08,0.00426968,0.0041428,4.55219E-26,0,3.11217E-14,0,0.295956,0.295956,-0.0309065,3.97257
B,0,1000,0,1,6,0.295956,0.296231,0.0202908,0.0202908,-0.0204007,-0.0204007,0.0910278,-0.006797,0.089412,0.0117673,0.00156296,0.0017615,0.0102714,0.0102707,0.0641812,0.0208418,0.02045,0.00923514,0.00923514,3.90671E-07,7.71766E-08,0.00426968,0.0041428,4.53247E-26,0,3.10541E-14,0,0.295956,0.295956,-0.0309065,3.97257
A,0,1000,0.4243,1,0,0.295626,0.296557,0.0203159,0.020264,-0.0203881,-0.0204149,0.0909237,-0.00679204,0.0895157,0.0117675,0.00156296,0.00176153,0.0102714,0.0102707,0.0642511,0.0208067,0.0204155,0.00923455,0.00923598,3.9106E-07,7.71212E-08,0.00426987,0.00414282,0,0,0,0,0.295626,0.295626,0.408767,3.97255
F1,0,1000,0.4243,1,0,0.295948,0.296228,0.0203163,0.0202648,-0.0203874,-0.0204135,0.0910267,-0.00679189,0.0894121,0.0117673,0.00156296,0.00176149,0.0102714,0.0102707,0.0641812,0.0208418,0.02045,0.00923499,0.0092351,3.90754E-07,7.72244E-08,0.00426968,0.0041428,4.37104E-08,0,3.0496E-05,0,0.295948,0.295948,0.393276,3.97255
F2,0,1000,0.4243,1,0,0.295952,0.29623,0.0202996,0.0202816,-0.0203967,-0.0204041,0.0910268,-0.00679212,0.0894121,0.0117673,0.00156296,0.00176149,0.0102714,0.0102707,0.0641812,0.0208418,0.02045,0.00923504,0.00923504,3.90748E-07,7.72212E-08,0.00426968,0.0041428,2.06748E-09,0,6.63242E-06,0,0.295952,0.295952,0.393277,3.97255
B,0,1000,0.4243,1,0,0.295953,0.296231,0.020298,0.0202832,-0.0203951,-0.0204057,0.0910268,-0.00679214,0.0894121,0.0117673,0.00156296,0.00176149,0.0102714,0.0102707,0.0641812,0.0208418,0.02045,0.00923504,0.00923504,3.90747E-07,7.72209E-08,0.00426968,0.0041428,8.93995E-10,0,4.36133E-06,0,0.295953,0.295953,0.393277,3.97255
A,0,1000,0.4243,1,1,0.295626,0.296557,0.0203159,0.020264,-0.0203881,-0.0204149,0.0909237,-0.00679204,0.0895157,0.0117675,0.00156296,0.00176153,0.0102714,0.0102707,0.0642511,0.0208067,0.0204155,0.00923455,0.00923598,3.9106E-07,7.71213E-08,0.00426987,0.00414282,0,0,0,0,0.295626,0.295627,0.408756,3.9735
F1,0,1000,0.4243,1,1,0.295308,0.295627,0.0239423,0.0166808,-0.016788,-0.0240552,0.0910165,-0.0067398,0.089412,0.0117668,0.00156296,0.00176151,0.0102713,0.0102707,0.0641812,0.0208418,0.02045,0.00939151,0.0093928,3.99388E-07,7.92303E-08,0.00426994,0.0041428,0.00125978,0,0.00517724,0,0.295253,0.295287,0.39318,3.9735
F2,0,1000,0.4243,1,1,0.295308,0.295627,0.0239423,0.0166808,-0.016788,-0.0240552,0.0910165,-0.0067398,0.089412,0.0117668,0.00156296,0.00176151,0.0102713,0.0102707,0.0641812,0.0208418,0.02045,0.00939151,0.0093928,3.99388E-07,7.92303E-08,0.00426994,0.0041428,0.00125978,0,0.00517724,0,0.295253,0.295287,0.39318,3.9735
B,0,1000,0.4243,1,1,0.295308,0.295627,0.0239423,0.0166808,-0.016788,-0.0240552,0.0910165,-0.0067398,0.089412,0.0117668,0.00156296,0.00176151,0.0102713,0.0102707,0.0641812,0.0208418,0.02045,0.00939151,0.0093928,3.99388E-07,7.92303E-08,0.00426994,0.0041428,0.00125978,0,0.00517724,0,0.295253,0.295287,0.39318,3.9735
A,0,1000,0.4243,1,2,0.295626,0.296557,0.020316,0.020264,-0.0203881,-0.0204149,0.0909236,-0.00679204,0.0895157,0.0117675,0.00156296,0.00176153,0.0102714,0.0102707,0.0642511,0.0208067,0.0204155,0.00923455,0.00923598,3.9106E-07,7.71211E-08,0.00426988,0.00414282,0,0,0,0,0.295626,0.295626,0.408787,3.97287
F1,0,1000,0.4243,1,2,0.295318,0.295618,0.0239425,0.0166806,-0.0167878,-0.0240554,0.0910166,-0.0067398,0.0894121,0.0117668,0.00156296,0.00176151,0.0102713,0.0102707,0.0641812,0.0208418,0.02045,0.00939213,0.00939215,3.99416E-07,7.92242E-08,0.00426995,0.0041428,0.00125966,0,0.00517699,0,0.295254,0.295307,0.39322,3.97287
F2,0,1000,0.4243,1,2,0.295952,0.29623,0.0202996,0.0202816,-0.0203967,-0.0204041,0.0910268,-0.00679212,0.0894121,0.0117673,0.00156296,0.00176149,0.0102714,0.0102707,0.0641812,0.0208418,0.02045,0.00923504,0.00923504,3.90748E-07,7.72211E-08,0.00426968,0.0041428,2.06713E-09,0,6.63185E-06,0,0.295952,0.295952,0.393295,3.97287
B,0,1000,0.4243,1,2,0.295953,0.296231,0.020298,0.0202832,-0.0203951,-0.0204057,0.0910268,-0.00679214,0.0894121,0.0117673,0.00156296,0.00176149,0.0102714,0.0102707,0.0641812,0.0208418,0.02045,0.00923504,0.00923504,3.90747E-07,7.72208E-08,0.00426968,0.0041428,8.93841E-10,0,4.36095E-06,0,0.295953,0.295953,0.393295,3.97287
A,0,1000,0.4243,1,3,0.295626,0.296557,0.020316,0.020264,-0.0203881,-0.0204149,0.0909236,-0.00679204,0.0895157,0.0117675,0.00156296,0.00176153,0.0102714,0.0102707,0.0642511,0.0208067,0.0204155,0.00923455,0.00923598,3.9106E-07,7.71211E-08,0.00426988,0.00414282,0,0,0,0,0.295626,0.295626,0.408787,3.97287
F1,0,1000,0.4243,1,3,0.295948,0.296228,0.0203163,0.0202648,-0.0203874,-0.0204135,0.0910267,-0.00679189,0.0894121,0.0117673,0.00156296,0.00176149,0.0102714,0.0102707,0.0641812,0.0208418,0.02045,0.00923499,0.0092351,3.90754E-07,7.72243E-08,0.00426968,0.0041428,4.37029E-08,0,3.04934E-05,0,0.295948,0.295948,0.393294,3.97287
F2,0,1000,0.4243,1,3,0.295318,0.295618,0.0239425,0.0166806,-0.0167878,-0.0240554,0.0910166,-0.0067398,0.0894121,0.0117668,0.00156296,0.00176151,0.0102713,0.0102707,0.0641812,0.0208418,0.02045,0.00939213,0.00939215,3.99416E-07,7.92242E-08,0.00426995,0.0041428,0.00125966,0,0.00517699,0,0.295254,0.295307,0.39322,3.97287
B,0,1000,0.4243,1,3,0.295953,0.296231,0.020298,0.0202832,-0.0203951,-0.0204057,0.0910268,-0.00679214,0.0894121,0.0117673,0.00156296,0.00176149,0.0102714,0.0102707,0.0641812,0.0208418,0.02045,0.00923504,0.00923504,3.90747E-07,7.72208E-08,0.00426968,0.0041428,8.93841E-10,0,4.36095E-06,0,0.295953,0.295953,0.393295,3.97287
A,0,1000,0.4243,1,4,0.295626,0.296557,0.020316,0.020264,-0.0203881,-0.0204149,0.0909236,-0.00679204,0.0895157,0.0117675,0.00156296,0.00176153,0.0102714,0.0102707,0.0642511,0.0208067,0.0204155,0.00923455,0.00923598,3.9106E-07,7.71211E-08,0.00426988,0.00414282,0,0,0,0,0.295626,0.295626,0.408787,3.97287
F1,0,1000,0.4243,1,4,0.295948,0.296228,0.0203163,0.0202648,-0.0203874,-0.0204135,0.0910267,-0.00679189,0.0894121,0.0117673,0.00156296,0.00176149,0.0102714,0.0102707,0.0641812,0.0208418,0.02045,0.00923499,0.0092351,3.90754E-07,7.72243E-08,0.00426968,0.0041428,4.37029E-08,0,3.04934E-05,0,0.295948,0.295948,0.393294,3.97287
F2,0,1000,0.4243,1,4,0.295952,0.29623,0.0202996,0.0202816,-0.0203967,-0.0204041,0.0910268,-0.00679212,0.0894121,0.0117673,0.00156296,0.00176149,0.0102714,0.0102707,0.0641812,0.0208418,0.02045,0.00923504,0.00923504,3.90748E-07,7.72211E-08,0.00426968,0.0041428,2.06713E-09,0,6.63185E-06,0,0.295952,0.295952,0.393295,3.97287
B,0,1000,0.4243,1,4,0.295318,0.295618,0.0239425,0.0166806,-0.0167878,-0.0240554,0.0910166,-0.0067398,0.0894121,0.0117668,0.00156296,0.00176151,0.0102713,0.0102707,0.0641812,0.0208418,0.02045,0.00939213,0.00939215,3.99416E-07,7.92242E-08,0.00426995,0.0041428,0.00125966,0,0.00517699,0,0.295254,0.295307,0.39322,3.97287
A,0,1000,0.4243,1,5,0.295626,0.296557,0.0203159,0.020264,-0.0203881,-0.0204149,0.0909236,-0.00679204,0.0895157,0.0117675,0.00156296,0.00176153,0.0102714,0.0102707,0.0642511,0.0208067,0.0204155,0.00923455,0.00923598,3.9106E-07,7.71211E-08,0.00426988,0.00414282,0,0,0,0,0.295626,0.295626,0.408784,3.97279
F1,0,1000,0.4243,1,5,0.295365,0.295661,0.0234798,0.017133,-0.0172424,-0.0235903,0.0910176,-0.00674633,0.0894121,0.0117669,0.00156296,0.00176151,0.0102713,0.0102707,0.0641812,0.0208418,0.02045,0.00935497,0.00935495,3.97584E-07,7.88261E-08,0.0042699,0.0041428,0.000961945,0,0.00452404,0,0.295316,0.295356,0.393213,3.97279
F2,0,1000,0.4243,1,5,0.295952,0.29623,0.0202996,0.0202816,-0.0203967,-0.0204041,0.0910268,-0.00679212,0.0894121,0.0117673,0.00156296,0.00176149,0.0102714,0.0102707,0.0641812,0.0208418,0.02045,0.00923504,0.00923504,3.90748E-07,7.72211E-08,0.00426968,0.0041428,2.0672E-09,0,6.63196E-06,0,0.295952,0.295952,0.393292,3.97279
B,0,1000,0.4243,1,5,0.295953,0.296231,0.020298,0.0202832,-0.0203951,-0.0204057,0.0910268,-0.00679214,0.0894121,0.0117673,0.00156296,0.00176149,0.0102714,0.0102707,0.0641812,0.0208418,0.02045,0.00923504,0.00923504,3.90747E-07,7.72208E-08,0.00426968,0.0041428,8.93872E-10,0,4.36103E-06,0,0.295953,0.295953,0.393292,3.97279
A,0,1000,0.4243,1,6,0.295626,0.296557,0.0203159,0.020264,-0.0203881,-0.0204149,0.0909237,-0.00679204,0.0895157,0.0117675,0.00156296,0.00176153,0.0102714,0.0102707,0.0642511,0.0208067,0.0204155,0.00923455,0.00923598,3.9106E-07,7.71212E-08,0.00426987,0.00414282,0,0,0,0,0.295626,0.295626,0.408774,3.97259
F1,0,1000,0.4243,1,6,0.295659,0.295945,0.0216909,0.0188956,-0.0190131,-0.0217938,0.0910225,-0.00677199,0.0894121,0.0117671,0.00156296,0.0017615,0.0102714,0.0102707,0.0641812,0.0208418,0.02045,0.00925809,0.00925819,3.92443E-07,7.76631E-08,0.00426973,0.0041428,0.000185911,0,0.00198886,0,0.295647,0.295658,0.39323,3.97259
F2,0,1000,0.4243,1,6,0.295952,0.29623,0.0202996,0.0202816,-0.0203967,-0.0204041,0.0910268,-0.00679212,0.0894121,0.0117673,0.00156296,0.00176149,0.0102714,0.0102707,0.0641812,0.0208418,0.02045,0.00923504,0.00923504,3.90748E-07,7.72212E-08,0.00426968,0.0041428,2.06738E-09,0,6.63225E-06,0,0.295952,0.295952,0.393283,3.97259
B,0,1000,0.4243,1,6,0.295953,0.296231,0.020298,0.0202832,-0.0203951,-0.0204057,0.0910268,-0.00679214,0.0894121,0.0117673,0.00156296,0.00176149,0.0102714,0.0102707,0.0641812,0.0208418,0.02045,0.00923504,0.00923504,3.90747E-07,7.72209E-08,0.00426968,0.0041428,8.93949E-10,0,4.36122E-06,0,0.295953,0.295953,0.393283,3.97259
A,0,1000,1.4142,1,0,0.295553,0.29651,0.0203741,0.0202008,-0.0203544,-0.0204434,0.0909129,-0.00678002,0.0895166,0.0117671,0.00156296,0.00176152,0.0102714,0.0102707,0.0642517,0.0208063,0.0204154,0.00923362,0.00923499,3.91929E-07,7.75998E-08,0.00426983,0.00414282,0,0,0,0,0.295553,0.295553,1.39857,3.9724
F1,0,1000,1.4142,1,0,0.295873,0.296183,0.0203736,0.0202021,-0.0203545,-0.0204415,0.091016,-0.00677987,0.089413,0.0117669,0.00156296,0.00176148,0.0102714,0.0102707,0.0641818,0.0208414,0.0204499,0.00923392,0.00923424,3.91614E-07,7.77048E-08,0.00426963,0.0041428,4.85806E-07,0,0.000101668,0,0.295873,0.295873,1.38296,3.9724
F2,0,1000,1.4142,1,0,0.295916,0.29622,0.0203181,0.0202581,-0.0203854,-0.0204103,0.0910165,-0.00678064,0.089413,0.0117669,0.00156296,0.00176148,0.0102714,0.0102707,0.0641818,0.0208414,0.0204498,0.00923404,0.00923404,3.91534E-07,7.76732E-08,0.00426963,0.0041428,2.29784E-08,0,2.21111E-05,0,0.295916,0.295916,1.38297,3.9724
B,0,1000,1.4142,1,0,0.29592,0.296224,0.0203128,0.0202634,-0.0203801,-0.0204156,0.0910166,-0.00678071,0.089413,0.0117669,0.00156296,0.00176148,0.0102714,0.0102707,0.0641818,0.0208414,0.0204498,0.00923404,0.00923404,3.91526E-07,7.76703E-08,0.00426963,0.0041428,9.93604E-09,0,1.45398E-05,0,0.29592,0.29592,1.38297,3.9724
A,0,1000,1.4142,1,1,0.295553,0.29651,0.0203741,0.0202008,-0.0203544,-0.0204434,0.0909129,-0.00678002,0.0895167,0.0117671,0.00156296,0.00176152,0.0102714,0.0102707,0.0642517,0.0208063,0.0204153,0.00923362,0.00923499,3.91931E-07,7.75985E-08,0.00426984,0.00414282,0,0,0,0,0.295552,0.295553,1.39855,3.98431
F1,0,1000,1.4142,1,1,0.289177,0.289548,0.0326661,0.00846232,-0.00856556,-0.0327877,0.0909039,-0.00660763,0.0894134,0.0117611,0.00156296,0.00176173,0.0102711,0.0102707,0.0641819,0.020841,0.0204501,0.0109995,0.0109886,4.89266E-07,1.00327E-07,0.00427295,0.0041428,0.0139935,0,0.017255,0,0.288952,0.289136,1.38271,3.98431
F2,0,1000,1.4142,1,1,0.289177,0.289548,0.0326661,0.00846232,-0.00856556,-0.0327877,0.0909039,-0.00660763,0.0894134,0.0117611,0.00156296,0.00176173,0.0102711,0.0102707,0.0641819,0.020841,0.0204501,0.0109995,0.0109886,4.89266E-07,1.00327E-07,0.00427295,0.0041428,0.0139935,0,0.017255,0,0.288952,0.289136,1.38271,3.98431
B,0,1000,1.4142,1,1,0.289177,0.289548,0.0326661,0.00846232,-0.00856556,-0.0327877,0.0909039,-0.00660763,0.0894134,0.0117611,0.00156296,0.00176173,0.0102711,0.0102707,0.0641819,0.020841,0.0204501,0.0109995,0.0109886,4.89266E-07,1.00327E-07,0.00427295,0.0041428,0.0139935,0,0.017255,0,0.288952,0.289136,1.38271,3.98431
A,0,1000,1.4142,1,2,0.295553,0.29651,0.0203741,0.0202008,-0.0203544,-0.0204434,0.0909129,-0.00678002,0.0895166,0.0117671,0.00156296,0.00176152,0.0102714,0.0102707,0.0642517,0.0208063,0.0204154,0.00923362,0.00923499,3.9193E-07,7.75995E-08,0.00426983,0.00414282,0,0,0,0,0.295553,0.295553,1.39853,3.97637
F1,0,1000,1.4142,1,2,0.289122,0.289596,0.0326647,0.0084635,-0.00856675,-0.0327868,0.0909038,-0.00660765,0.0894128,0.0117611,0.00156296,0.00176172,0.0102711,0.0102707,0.0641818,0.0208411,0.0204501,0.0109964,0.0109922,4.89137E-07,1.00363E-07,0.00427287,0.0041428,0.0139956,0,0.0172563,0,0.288949,0.289027,1.38266,3.97637
F2,0,1000,1.4142,1,2,0.295916,0.29622,0.0203181,0.0202581,-0.0203854,-0.0204103,0.0910165,-0.00678064,0.089413,0.0117669,0.00156296,0.00176148,0.0102714,0.0102707,0.0641818,0.0208414,0.0204498,0.00923404,0.00923404,3.91534E-07,7.76729E-08,0.00426963,0.0041428,2.29755E-08,0,2.21097E-05,0,0.295916,0.295916,1.38292,3.97637
B,0,1000,1.4142,1,2,0.29592,0.296224,0.0203128,0.0202634,-0.0203801,-0.0204156,0.0910166,-0.00678071,0.089413,0.0117669,0.00156296,0.00176148,0.0102714,0.0102707,0.0641818,0.0208414,0.0204498,0.00923404,0.00923404,3.91526E-07,7.76701E-08,0.00426963,0.0041428,9.93479E-09,0,1.45389E-05,0,0.29592,0.29592,1.38292,3.97637
A,0,1000,1.4142,1,3,0.295553,0.29651,0.0203741,0.0202008,-0.0203544,-0.0204434,0.0909129,-0.00678002,0.0895166,0.0117671,0.00156296,0.00176152,0.0102714,0.0102707,0.0642517,0.0208063,0.0204154,0.00923362,0.00923499,3.9193E-07,7.75995E-08,0.00426983,0.00414282,0,0,0,0,0.295553,0.295553,1.39853,3.97637
F1,0,1000,1.4142,1,3,0.295873,0.296183,0.0203736,0.0202021,-0.0203545,-0.0204415,0.0910159,-0.00677987,0.089413,0.0117669,0.00156296,0.00176148,0.0102714,0.0102707,0.0641818,0.0208414,0.0204498,0.00923392,0.00923424,3.91614E-07,7.77046E-08,0.00426963,0.0041428,4.85745E-07,0,0.000101661,0,0.295873,0.295873,1.38292,3.97637
F2,0,1000,1.4142,1,3,0.289122,0.289596,0.0326647,0.0084635,-0.00856675,-0.0327868,0.0909038,-0.00660765,0.0894128,0.0117611,0.00156296,0.00176172,0.0102711,0.0102707,0.0641818,0.0208411,0.0204501,0.0109964,0.0109922,4.89137E-07,1.00363E-07,0.00427287,0.0041428,0.0139956,0,0.0172563,0,0.288949,0.289027,1.38266,3.97637
B,0,1000,1.4142,1,3,0.29592,0.296224,0.0203128,0.0202634,-0.0203801,-0.0204156,0.0910166,-0.00678071,0.089413,0.0117669,0.00156296,0.00176148,0.0102714,0.0102707,0.0641818,0.0208414,0.0204498,0.00923404,0.00923404,3.91526E-07,7.76701E-08,0.00426963,0.0041428,9.93479E-09,0,1.45389E-05,0,0.29592,0.29592,1.38292,3.97637
A,0,1000,1.4142,1,4,0.295553,0.29651,0.0203741,0.0202008,-0.0203544,-0.0204434,0.0909129,-0.00678002,0.0895166,0.0117671,0.00156296,0.00176152,0.0102714,0.0102707,0.0642517,0.0208063,0.0204154,0.00923362,0.00923499,3.9193E-07,7.75995E-08,0.00426983,0.00414282,0,0,0,0,0.295553,0.295553,1.39853,3.97637
F1,0,1000,1.4142,1,4,0.295873,0.296183,0.0203736,0.0202021,-0.0203545,-0.0204415,0.0910159,-0.00677987,0.089413,0.0117669,0.00156296,0.00176148,0.0102714,0.0102707,0.0641818,0.0208414,0.0204498,0.00923392,0.00923424,3.91614E-07,7.77046E-08,0.00426963,0.0041428,4.85745E-07,0,0.000101661,0,0.295873,0.295873,1.38292,3.97637
F2,0,1000,1.4142,1,4,0.295916,0.29622,0.0203181,0.0202581,-0.0203854,-0.0204103,0.0910165,-0.00678064,0.089413,0.0117669,0.00156296,0.00176148,0.0102714,0.0102707,0.0641818,0.0208414,0.0204498,0.00923404,0.00923404,3.91534E-07,7.76729E-08,0.00426963,0.0041428,2.29755E-08,0,2.21097E-05,0,0.295916,0.295916,1.38292,3.97637
B,0,1000,1.4142,1,4,0.289122,0.289596,0.0326647,0.0084635,-0.00856675,-0.0327868,0.0909038,-0.00660765,0.0894128,0.0117611,0.00156296,0.00176172,0.0102711,0.0102707,0.0641818,0.0208411,0.0204501,0.0109964,0.0109922,4.89137E-07,1.00363E-07,0.00427288,0.0041428,0.0139956,0,0.0172563,0,0.288949,0.289027,1.38266,3.97637
A,0,1000,1.4142,1,5,0.295553,0.29651,0.0203741,0.0202008,-0.0203544,-0.0204434,0.0909129,-0.00678002,0.0895166,0.0117671,0.00156296,0.00176152,0.0102714,0.0102707,0.0642517,0.0208063,0.0204154,0.00923362,0.00923499,3.91929E-07,7.75996E-08,0.00426983,0.00414282,0,0,0,0,0.295553,0.295553,1.39854,3.9753
F1,0,1000,1.4142,1,5,0.289541,0.289979,0.0310644,0.00991061,-0.0100206,-0.0311782,0.0909143,-0.00662903,0.0894129,0.011762,0.00156296,0.00176167,0.0102711,0.0102707,0.0641818,0.0208411,0.0204501,0.0105769,0.0105725,4.68347E-07,9.58039E-08,0.00427219,0.0041428,0.0106887,0,0.0150805,0,0.28941,0.289464,1.38267,3.9753
F2,0,1000,1.4142,1,5,0.295916,0.29622,0.0203181,0.0202581,-0.0203854,-0.0204103,0.0910165,-0.00678064,0.089413,0.0117669,0.00156296,0.00176148,0.0102714,0.0102707,0.0641818,0.0208414,0.0204498,0.00923404,0.00923404,3.91534E-07,7.7673E-08,0.00426963,0.0041428,2.29764E-08,0,2.21102E-05,0,0.295916,0.295916,1.38294,3.9753
B,0,1000,1.4142,1,5,0.29592,0.296224,0.0203128,0.0202634,-0.0203801,-0.0204156,0.0910166,-0.00678071,0.089413,0.0117669,0.00156296,0.00176148,0.0102714,0.0102707,0.0641818,0.0208414,0.0204498,0.00923404,0.00923404,3.91526E-07,7.76701E-08,0.00426963,0.0041428,9.93517E-09,0,1.45392E-05,0,0.29592,0.29592,1.38294,3.9753
A,0,1000,1.4142,1,6,0.295553,0.29651,0.0203741,0.0202008,-0.0203544,-0.0204434,0.0909129,-0.00678002,0.0895166,0.0117671,0.00156296,0.00176152,0.0102714,0.0102707,0.0642517,0.0208063,0.0204154,0.00923362,0.00923499,3.91929E-07,7.75997E-08,0.00426983,0.00414282,0,0,0,0,0.295553,0.295553,1.39856,3.97288
F1,0,1000,1.4142,1,6,0.292683,0.293028,0.0249782,0.0156604,-0.0157965,-0.0250652,0.0909691,-0.00671377,0.089413,0.0117651,0.00156296,0.00176154,0.0102713,0.0102707,0.0641818,0.0208412,0.02045,0.00949227,0.00948987,4.10528E-07,8.26188E-08,0.0042703,0.0041428,0.00206621,0,0.00663038,0,0.292648,0.292671,1.38278,3.97288
F2,0,1000,1.4142,1,6,0.295916,0.29622,0.0203181,0.0202581,-0.0203854,-0.0204103,0.0910165,-0.00678064,0.089413,0.0117669,0.00156296,0.00176148,0.0102714,0.0102707,0.0641818,0.0208414,0.0204498,0.00923404,0.00923404,3.91534E-07,7.76731E-08,0.00426963,0.0041428,2.2978E-08,0,2.21109E-05,0,0.295916,0.295916,1.38296,3.97288
B,0,1000,1.4142,1,6,0.29592,0.296224,0.0203128,0.0202634,-0.0203801,-0.0204156,0.0910166,-0.00678071,0.089413,0.0117669,0.00156296,0.00176148,0.0102714,0.0102707,0.0641818,0.0208414,0.0204498,0.00923404,0.00923404,3.91526E-07,7.76703E-08,0.00426963,0.0041428,9.93587E-09,0,1.45397E-05,0,0.29592,0.29592,1.38296,3.97288
A,0,1000,2.8284,1,0,0.295309,0.296355,0.0204527,0.0201054,-0.0203018,-0.0204787,0.090877,-0.0067625,0.0895196,0.0117658,0.00156296,0.00176149,0.0102714,0.0102707,0.0642537,0.0208048,0.0204147,0.00923055,0.0092317,3.94823E-07,7.92071E-08,0.0042697,0.00414282,0,0,0,0,0.295309,0.29531,2.81242,3.97188
F1,0,1000,2.8284,1,0,0.295628,0.296033,0.0204511,0.0201074,-0.0203031,-0.0204759,0.09098,-0.00676236,0.089416,0.0117656,0.00156296,0.00176145,0.0102714,0.0102707,0.0641838,0.0208399,0.0204492,0.00923064,0.00923114,3.9449E-07,7.93164E-08,0.00426949,0.0041428,1.94276E-06,0,0.000203311,0,0.295627,0.295628,2.79665,3.97188
F2,0,1000,2.8284,1,0,0.295793,0.296187,0.0203402,0.0202194,-0.0203638,-0.020415,0.0909823,-0.00676391,0.089416,0.0117657,0.00156296,0.00176145,0.0102714,0.0102707,0.0641838,0.02084,0.0204491,0.00923073,0.00923071,3.94149E-07,7.91906E-08,0.00426948,0.0041428,9.18918E-08,0,4.4217E-05,0,0.295793,0.295793,2.79666,3.97188
B,0,1000,2.8284,1,0,0.295809,0.296202,0.0203297,0.02023,-0.0203532,-0.0204255,0.0909825,-0.00676405,0.089416,0.0117657,0.00156296,0.00176145,0.0102714,0.0102707,0.0641838,0.02084,0.0204491,0.00923073,0.00923071,3.94116E-07,7.9179E-08,0.00426948,0.0041428,3.97347E-08,0,2.90761E-05,0,0.295808,0.295809,2.79666,3.97188
A,0,1000,2.8284,1,1,0.295309,0.296355,0.0204527,0.0201054,-0.0203018,-0.0204787,0.090877,-0.0067625,0.0895197,0.0117658,0.00156296,0.00176149,0.0102714,0.0102707,0.0642538,0.0208048,0.0204147,0.00923055,0.0092317,3.94825E-07,7.92052E-08,0.0042697,0.00414282,0,0,0,0,0.295308,0.295309,2.81253,4.08914
F1,0,1000,2.8284,1,1,0.27976,0.280186,0.0483235,3.38216E-05,-4.30718E-05,-0.0485863,0.0905717,-0.00642824,0.0894165,0.0117343,0.00156294,0.0017633,0.0102693,0.0102708,0.0641839,0.0208388,0.0204502,0.0170581,0.0170355,8.333E-07,1.84221E-07,0.00428825,0.00414279,0.0559743,0,0.0345101,0,0.279307,0.279673,2.79637,4.08914
F2,0,1000,2.8284,1,1,0.27976,0.280186,0.0483235,3.38216E-05,-4.30718E-05,-0.0485863,0.0905717,-0.00642824,0.0894165,0.0117343,0.00156294,0.0017633,0.0102693,0.0102708,0.0641839,0.0208388,0.0204502,0.0170581,0.0170355,8.333E-07,1.84221E-07,0.00428825,0.00414279,0.0559743,0,0.0345101,0,0.279307,0.279673,2.79637,4.08914
B,0,1000,2.8284,1,1,0.27976,0.280186,0.0483235,3.38217E-05,-4.30719E-05,-0.0485863,0.0905717,-0.00642824,0.0894165,0.0117343,0.00156294,0.0017633,0.0102693,0.0102708,0.0641839,0.0208388,0.0204502,0.0170581,0.0170355,8.333E-07,1.84221E-07,0.00428825,0.00414279,0.0559743,0,0.0345101,0,0.279307,0.279673,2.79637,4.08914
A,0,1000,2.8284,1,2,0.295309,0.296355,0.0204527,0.0201054,-0.0203018,-0.0204787,0.090877,-0.0067625,0.0895196,0.0117658,0.00156296,0.00176149,0.0102714,0.0102707,0.0642537,0.0208048,0.0204147,0.00923055,0.0092317,3.94823E-07,7.92071E-08,0.0042697,0.00414282,0,0,0,0,0.295309,0.29531,2.81243,4.01098
F1,0,1000,2.8284,1,2,0.279678,0.280256,0.0483198,3.38565E-05,-4.31421E-05,-0.0485825,0.0905715,-0.00642826,0.0894156,0.0117343,0.00156294,0.00176329,0.0102693,0.0102708,0.0641838,0.0208388,0.0204503,0.0170542,0.0170415,8.33148E-07,1.84288E-07,0.00428814,0.00414279,0.0559805,0,0.0345119,0,0.279302,0.279508,2.7962,4.01098
F2,0,1000,2.8284,1,2,0.295793,0.296187,0.0203402,0.0202194,-0.0203638,-0.020415,0.0909823,-0.00676391,0.089416,0.0117657,0.00156296,0.00176145,0.0102714,0.0102707,0.0641838,0.02084,0.0204491,0.00923073,0.00923071,3.94149E-07,7.91906E-08,0.00426948,0.0041428,9.18921E-08,0,4.42171E-05,0,0.295793,0.295793,2.79666,4.01098
B,0,1000,2.8284,1,2,0.295809,0.296202,0.0203297,0.02023,-0.0203532,-0.0204255,0.0909825,-0.00676405,0.089416,0.0117657,0.00156296,0.00176145,0.0102714,0.0102707,0.0641838,0.02084,0.0204491,0.00923073,0.00923071,3.94116E-07,7.9179E-08,0.00426948,0.0041428,3.97348E-08,0,2.90762E-05,0,0.295808,0.295809,2.79666,4.01098
A,0,1000,2.8284,1,3,0.295309,0.296355,0.0204527,0.0201054,-0.0203018,-0.0204787,0.090877,-0.0067625,0.0895196,0.0117658,0.00156296,0.00176149,0.0102714,0.0102707,0.0642537,0.0208048,0.0204147,0.00923055,0.0092317,3.94823E-07,7.92071E-08,0.0042697,0.00414282,0,0,0,0,0.295309,0.29531,2.81243,4.01097
F1,0,1000,2.8284,1,3,0.295628,0.296033,0.0204511,0.0201074,-0.0203031,-0.0204759,0.09098,-0.00676236,0.089416,0.0117656,0.00156296,0.00176145,0.0102714,0.0102707,0.0641838,0.0208399,0.0204492,0.00923064,0.00923114,3.9449E-07,7.93164E-08,0.00426949,0.0041428,1.94277E-06,0,0.000203311,0,0.295627,0.295628,2.79666,4.01097
F2,0,1000,2.8284,1,3,0.279678,0.280256,0.0483198,3.38566E-05,-4.31422E-05,-0.0485825,0.0905715,-0.00642826,0.0894155,0.0117343,0.00156294,0.00176329,0.0102693,0.0102708,0.0641838,0.0208388,0.0204503,0.0170542,0.0170416,8.33148E-07,1.84288E-07,0.00428814,0.00414279,0.0559805,0,0.0345119,0,0.279302,0.279507,2.7962,4.01097
B,0,1000,2.8284,1,3,0.295809,0.296202,0.0203297,0.02023,-0.0203532,-0.0204255,0.0909825,-0.00676405,0.089416,0.0117657,0.00156296,0.00176145,0.0102714,0.0102707,0.0641838,0.02084,0.0204491,0.00923073,0.00923071,3.94116E-07,7.9179E-08,0.00426948,0.0041428,3.97349E-08,0,2.90762E-05,0,0.295808,0.295809,2.79666,4.01097
A,0,1000,2.8284,1,4,0.295309,0.296355,0.0204527,0.0201054,-0.0203018,-0.0204787,0.090877,-0.0067625,0.0895196,0.0117658,0.00156296,0.00176149,0.0102714,0.0102707,0.0642537,0.0208048,0.0204147,0.00923055,0.0092317,3.94823E-07,7.92071E-08,0.0042697,0.00414282,0,0,0,0,0.295309,0.29531,2.81243,4.01097
F1,0,1000,2.8284,1,4,0.295628,0.296033,0.0204511,0.0201074,-0.0203031,-0.0204759,0.09098,-0.00676236,0.089416,0.0117656,0.00156296,0.00176145,0.0102714,0.0102707,0.0641838,0.0208399,0.0204492,0.00923064,0.00923114,3.9449E-07,7.93164E-08,0.00426949,0.0041428,1.94277E-06,0,0.000203311,0,0.295627,0.295628,2.79666,4.01097
F2,0,1000,2.8284,1,4,0.295793,0.296187,0.0203402,0.0202194,-0.0203638,-0.020415,0.0909823,-0.00676391,0.089416,0.0117657,0.00156296,0.00176145,0.0102714,0.0102707,0.0641838,0.02084,0.0204491,0.00923073,0.00923071,3.94149E-07,7.91906E-08,0.00426948,0.0041428,9.18921E-08,0,4.42171E-05,0,0.295793,0.295793,2.79666,4.01097
B,0,1000,2.8284,1,4,0.279678,0.280256,0.0483198,3.38567E-05,-4.31422E-05,-0.0485825,0.0905715,-0.00642826,0.0894156,0.0117343,0.00156294,0.00176329,0.0102693,0.0102708,0.0641838,0.0208388,0.0204503,0.0170542,0.0170415,8.33148E-07,1.84288E-07,0.00428814,0.00414279,0.0559805,0,0.0345119,0,0.279302,0.279508,2.7962,4.01097
A,0,1000,2.8284,1,5,0.295309,0.296355,0.0204527,0.0201054,-0.0203018,-0.0204787,0.090877,-0.0067625,0.0895196,0.0117658,0.00156296,0.00176149,0.0102714,0.0102707,0.0642537,0.0208048,0.0204147,0.00923055,0.0092317,3.94823E-07,7.92072E-08,0.0042697,0.00414282,0,0,0,0,0.295309,0.29531,2.81244,3.99143
F1,0,1000,2.8284,1,5,0.27417,0.274747,0.0431061,0.000840028,-0.000924764,-0.0432674,0.0905841,-0.0064645,0.0894168,0.011743,0.00156295,0.00176252,0.0102701,0.0102708,0.0641839,0.0208387,0.0204504,0.0148635,0.0148317,7.20375E-07,1.58088E-07,0.00428181,0.00414279,0.042752,0,0.0301599,0,0.27387,0.274031,2.79614,3.99143
F2,0,1000,2.8284,1,5,0.295793,0.296187,0.0203402,0.0202194,-0.0203638,-0.020415,0.0909823,-0.00676391,0.089416,0.0117657,0.00156296,0.00176145,0.0102714,0.0102707,0.0641838,0.02084,0.0204492,0.00923073,0.00923071,3.94149E-07,7.91907E-08,0.00426948,0.0041428,9.18932E-08,0,4.42174E-05,0,0.295793,0.295793,2.79667,3.99143
B,0,1000,2.8284,1,5,0.295809,0.296202,0.0203297,0.02023,-0.0203532,-0.0204255,0.0909825,-0.00676405,0.089416,0.0117657,0.00156296,0.00176145,0.0102714,0.0102707,0.0641838,0.02084,0.0204491,0.00923073,0.00923071,3.94116E-07,7.91791E-08,0.00426948,0.0041428,3.97353E-08,0,2.90763E-05,0,0.295808,0.295809,2.79667,3.99143
A,0,1000,2.8284,1,6,0.295309,0.296355,0.0204527,0.0201054,-0.0203018,-0.0204787,0.090877,-0.00676251,0.0895196,0.0117658,0.00156296,0.00176149,0.0102714,0.0102707,0.0642537,0.0208048,0.0204147,0.00923055,0.0092317,3.94823E-07,7.92074E-08,0.0042697,0.00414282,0,0,0,0,0.295309,0.29531,2.81247,3.97393
F1,0,1000,2.8284,1,6,0.282973,0.283429,0.0297347,0.0110997,-0.0112644,-0.0297986,0.090791,-0.00662999,0.0894165,0.0117582,0.00156296,0.00176168,0.0102711,0.0102707,0.0641838,0.0208392,0.0204499,0.0102708,0.0102544,4.71362E-07,9.9623E-08,0.00427223,0.0041428,0.00826359,0,0.0132597,0,0.282889,0.282951,2.79634,3.97393
F2,0,1000,2.8284,1,6,0.295793,0.296187,0.0203402,0.0202194,-0.0203638,-0.020415,0.0909823,-0.00676391,0.089416,0.0117657,0.00156296,0.00176145,0.0102714,0.0102707,0.0641838,0.02084,0.0204492,0.00923073,0.00923071,3.94149E-07,7.91909E-08,0.00426948,0.0041428,9.18966E-08,0,4.42182E-05,0,0.295793,0.295793,2.79671,3.97393
B,0,1000,2.8284,1,6,0.295809,0.296202,0.0203297,0.02023,-0.0203532,-0.0204255,0.0909825,-0.00676405,0.089416,0.0117657,0.00156296,0.00176145,0.0102714,0.0102707,0.0641838,0.02084,0.0204492,0.00923073,0.00923071,3.94116E-07,7.91793E-08,0.00426948,0.0041428,3.97368E-08,0,2.90769E-05,0,0.295808,0.295809,2.79671,3.97393
A,0,1000,3.818,1,0,0.295041,0.296185,0.0205046,0.0200347,-0.0202621,-0.020499,0.0908371,-0.00674989,0.0895228,0.0117644,0.00156296,0.00176145,0.0102714,0.0102707,0.0642558,0.0208033,0.020414,0.00922714,0.00922805,3.98032E-07,8.10329E-08,0.00426953,0.00414281,0,0,0,0,0.295041,0.295042,3.80207,3.9713
F1,0,1000,3.818,1,0,0.29536,0.295868,0.0205023,0.0200372,-0.0202643,-0.0204958,0.0909402,-0.00674975,0.0894191,0.0117642,0.00156296,0.00176141,0.0102714,0.0102707,0.064186,0.0208384,0.0204485,0.00922709,0.00922763,3.97682E-07,8.11465E-08,0.00426932,0.00414279,3.54098E-06,0,0.000274481,0,0.29536,0.29536,3.78621,3.9713
F2,0,1000,3.818,1,0,0.295658,0.29615,0.0203527,0.0201885,-0.0203445,-0.0204163,0.0909443,-0.00675185,0.0894192,0.0117643,0.00156296,0.00176141,0.0102714,0.0102707,0.064186,0.0208384,0.0204485,0.00922707,0.00922701,3.97049E-07,8.09135E-08,0.0042693,0.00414279,1.67487E-07,0,5.96954E-05,0,0.295658,0.295659,3.78622,3.9713
B,0,1000,3.818,1,0,0.295686,0.296178,0.0203385,0.0202029,-0.0203301,-0.0204296,0.0909447,-0.00675205,0.0894192,0.0117643,0.00156296,0.00176141,0.0102714,0.0102707,0.064186,0.0208384,0.0204485,0.00922706,0.00922702,3.96988E-07,8.08919E-08,0.00426929,0.00414279,7.24225E-08,0,3.92544E-05,0,0.295686,0.295687,3.78622,3.9713
A,0,1000,3.818,1,1,0.295041,0.296185,0.0205046,0.0200347,-0.0202621,-0.0204991,0.0908371,-0.00674989,0.0895229,0.0117644,0.00156296,0.00176145,0.0102714,0.0102707,0.0642559,0.0208033,0.020414,0.00922714,0.00922805,3.98033E-07,8.10316E-08,0.00426953,0.00414281,0,0,0,0,0.29504,0.295041,3.80194,4.40864
F1,0,1000,3.818,1,1,0.3005,0.301094,0.0651354,-4.04148E-08,1.10306E-08,-0.0655059,0.0902917,-0.00631022,0.0894191,0.0116801,0.00156288,0.00176749,0.010265,0.0102706,0.064186,0.0208368,0.0204501,0.0266007,0.0266155,1.40553E-06,3.34191E-07,0.00432087,0.00414278,0.102009,0,0.0465877,0,0.300055,0.300263,3.7857,4.40864
F2,0,1000,3.818,1,1,0.3005,0.301094,0.0651354,-4.04149E-08,1.10306E-08,-0.0655059,0.0902917,-0.00631022,0.0894191,0.0116801,0.00156288,0.00176749,0.010265,0.0102706,0.064186,0.0208368,0.0204501,0.0266007,0.0266155,1.40553E-06,3.34191E-07,0.00432087,0.00414278,0.102009,0,0.0465877,0,0.300055,0.300263,3.7857,4.40864
B,0,1000,3.818,1,1,0.3005,0.301094,0.0651354,-4.04147E-08,1.10303E-08,-0.0655058,0.0902917,-0.00631022,0.0894191,0.0116801,0.00156288,0.00176749,0.010265,0.0102706,0.064186,0.0208368,0.0204501,0.0266007,0.0266155,1.40553E-06,3.34191E-07,0.00432087,0.00414278,0.102009,0,0.0465877,0,0.300055,0.300263,3.78569,4.40864
A,0,1000,3.818,1,2,0.295041,0.296185,0.0205046,0.0200347,-0.0202621,-0.0204991,0.0908371,-0.00674989,0.0895228,0.0117644,0.00156296,0.00176145,0.0102714,0.0102707,0.0642559,0.0208033,0.020414,0.00922714,0.00922805,3.98033E-07,8.10323E-08,0.00426953,0.00414281,0,0,0,0,0.295041,0.295041,3.80202,4.11709
F1,0,1000,3.818,1,2,0.300476,0.301118,0.0651375,-4.23261E-08,1.26277E-08,-0.0655079,0.0902917,-0.00631023,0.0894187,0.0116801,0.00156288,0.00176748,0.010265,0.0102706,0.0641859,0.0208368,0.0204501,0.0265998,0.0266178,1.4055E-06,3.3422E-07,0.00432083,0.00414278,0.102012,0,0.0465883,0,0.300053,0.300215,3.78579,4.11709
F2,0,1000,3.818,1,2,0.295658,0.296151,0.0203527,0.0201885,-0.0203445,-0.0204163,0.0909443,-0.00675185,0.0894192,0.0117643,0.00156296,0.00176141,0.0102714,0.0102707,0.064186,0.0208384,0.0204484,0.00922707,0.00922701,3.97049E-07,8.09129E-08,0.0042693,0.00414279,1.67473E-07,0,5.9693E-05,0,0.295658,0.295658,3.78616,4.11709
B,0,1000,3.818,1,2,0.295686,0.296178,0.0203385,0.0202029,-0.0203301,-0.0204296,0.0909447,-0.00675205,0.0894192,0.0117643,0.00156296,0.00176141,0.0102714,0.0102707,0.064186,0.0208384,0.0204484,0.00922707,0.00922702,3.96989E-07,8.08913E-08,0.0042693,0.00414279,7.24165E-08,0,3.92528E-05,0,0.295686,0.295686,3.78616,4.11709
A,0,1000,3.818,1,3,0.295041,0.296185,0.0205046,0.0200347,-0.0202621,-0.0204991,0.0908371,-0.00674989,0.0895228,0.0117644,0.00156296,0.00176145,0.0102714,0.0102707,0.0642559,0.0208033,0.020414,0.00922714,0.00922805,3.98033E-07,8.10323E-08,0.00426953,0.00414281,0,0,0,0,0.295041,0.295041,3.80202,4.11709
F1,0,1000,3.818,1,3,0.29536,0.295868,0.0205023,0.0200372,-0.0202643,-0.0204958,0.0909402,-0.00674975,0.0894192,0.0117642,0.00156296,0.00176141,0.0102714,0.0102707,0.064186,0.0208384,0.0204485,0.00922709,0.00922763,3.97682E-07,8.11458E-08,0.00426932,0.00414279,3.54068E-06,0,0.00027447,0,0.295359,0.29536,3.78615,4.11709
F2,0,1000,3.818,1,3,0.300476,0.301118,0.0651375,-4.23211E-08,1.26236E-08,-0.0655079,0.0902917,-0.00631023,0.0894187,0.0116801,0.00156288,0.00176748,0.010265,0.0102706,0.0641859,0.0208368,0.0204501,0.0265998,0.0266178,1.4055E-06,3.3422E-07,0.00432083,0.00414278,0.102012,0,0.0465882,0,0.300053,0.300215,3.78578,4.11709
B,0,1000,3.818,1,3,0.295686,0.296178,0.0203385,0.0202029,-0.0203301,-0.0204296,0.0909447,-0.00675205,0.0894192,0.0117643,0.00156296,0.00176141,0.0102714,0.0102707,0.064186,0.0208384,0.0204484,0.00922707,0.00922702,3.96989E-07,8.08913E-08,0.0042693,0.00414279,7.24165E-08,0,3.92528E-05,0,0.295686,0.295686,3.78616,4.11709
A,0,1000,3.818,1,4,0.295041,0.296185,0.0205046,0.0200347,-0.0202621,-0.0204991,0.0908371,-0.00674989,0.0895228,0.0117644,0.00156296,0.00176145,0.0102714,0.0102707,0.0642559,0.0208033,0.020414,0.00922714,0.00922805,3.98033E-07,8.10323E-08,0.00426953,0.00414281,0,0,0,0,0.295041,0.295041,3.80202,4.11709
F1,0,1000,3.818,1,4,0.29536,0.295868,0.0205023,0.0200372,-0.0202643,-0.0204958,0.0909402,-0.00674975,0.0894192,0.0117642,0.00156296,0.00176141,0.0102714,0.0102707,0.064186,0.0208384,0.0204485,0.00922709,0.00922763,3.97682E-07,8.11458E-08,0.00426932,0.00414279,3.54069E-06,0,0.00027447,0,0.295359,0.29536,3.78615,4.11709
F2,0,1000,3.818,1,4,0.295658,0.296151,0.0203527,0.0201885,-0.0203445,-0.0204163,0.0909443,-0.00675185,0.0894192,0.0117643,0.00156296,0.00176141,0.0102714,0.0102707,0.064186,0.0208384,0.0204484,0.00922707,0.00922701,3.97049E-07,8.09129E-08,0.0042693,0.00414279,1.67473E-07,0,5.9693E-05,0,0.295658,0.295658,3.78616,4.11709
B,0,1000,3.818,1,4,0.300476,0.301118,0.0651375,-4.23246E-08,1.26264E-08,-0.0655079,0.0902917,-0.00631023,0.0894187,0.0116801,0.00156288,0.00176748,0.010265,0.0102706,0.0641859,0.0208368,0.0204501,0.0265998,0.0266178,1.4055E-06,3.3422E-07,0.00432083,0.00414278,0.102012,0,0.0465882,0,0.300053,0.300215,3.78578,4.11709
A,0,1000,3.818,1,5,0.295041,0.296185,0.0205046,0.0200347,-0.0202621,-0.0204991,0.0908371,-0.00674989,0.0895228,0.0117644,0.00156296,0.00176145,0.0102714,0.0102707,0.0642558,0.0208033,0.020414,0.00922714,0.00922805,3.98033E-07,8.10324E-08,0.00426953,0.00414281,0,0,0,0,0.295041,0.295041,3.80204,4.05962
F1,0,1000,3.818,1,5,0.280734,0.281306,0.0569255,5.01355E-07,-5.88939E-07,-0.0572485,0.0902944,-0.00635891,0.0894183,0.011704,0.00156291,0.00176529,0.0102672,0.0102707,0.064186,0.0208365,0.0204504,0.0214244,0.0214265,1.11876E-06,2.62985E-07,0.00430401,0.00414279,0.0779079,0,0.0407138,0,0.280392,0.280514,3.7857,4.05962
F2,0,1000,3.818,1,5,0.295658,0.296151,0.0203527,0.0201885,-0.0203445,-0.0204163,0.0909443,-0.00675185,0.0894192,0.0117643,0.00156296,0.00176141,0.0102714,0.0102707,0.064186,0.0208384,0.0204484,0.00922707,0.00922701,3.97049E-07,8.09131E-08,0.0042693,0.00414279,1.67477E-07,0,5.96937E-05,0,0.295658,0.295658,3.78618,4.05962
B,0,1000,3.818,1,5,0.295686,0.296178,0.0203385,0.0202029,-0.0203301,-0.0204296,0.0909447,-0.00675205,0.0894192,0.0117643,0.00156296,0.00176141,0.0102714,0.0102707,0.064186,0.0208384,0.0204484,0.00922706,0.00922702,3.96988E-07,8.08915E-08,0.0042693,0.00414279,7.24182E-08,0,3.92532E-05,0,0.295686,0.295686,3.78618,4.05962
A,0,1000,3.818,1,6,0.295041,0.296185,0.0205046,0.0200347,-0.0202621,-0.020499,0.0908371,-0.00674989,0.0895228,0.0117644,0.00156296,0.00176145,0.0102714,0.0102707,0.0642558,0.0208033,0.020414,0.00922714,0.00922805,3.98032E-07,8.1033E-08,0.00426953,0.00414281,0,0,0,0,0.295041,0.295042,3.80208,3.97534
F1,0,1000,3.818,1,6,0.272445,0.273031,0.033127,0.00797262,-0.00815894,-0.0331743,0.0905924,-0.00657008,0.0894202,0.0117503,0.00156295,0.00176184,0.0102709,0.0102707,0.064186,0.020837,0.0204499,0.0111328,0.0111014,5.40158E-07,1.19615E-07,0.00427437,0.00414279,0.0150605,0,0.0179007,0,0.272334,0.272395,3.78572,3.97534
F2,0,1000,3.818,1,6,0.295658,0.29615,0.0203527,0.0201885,-0.0203445,-0.0204163,0.0909443,-0.00675185,0.0894192,0.0117643,0.00156296,0.00176141,0.0102714,0.0102707,0.064186,0.0208384,0.0204485,0.00922707,0.00922701,3.97049E-07,8.09136E-08,0.0042693,0.00414279,1.67487E-07,0,5.96956E-05,0,0.295658,0.295659,3.78622,3.97534
B,0,1000,3.818,1,6,0.295686,0.296178,0.0203385,0.0202029,-0.0203301,-0.0204296,0.0909447,-0.00675205,0.0894192,0.0117643,0.00156296,0.00176141,0.0102714,0.0102707,0.064186,0.0208384,0.0204485,0.00922706,0.00922702,3.96988E-07,8.0892E-08,0.00426929,0.00414279,7.24228E-08,0,3.92545E-05,0,0.295686,0.295687,3.78622,3.97534
A,0,20000,0,1,0,0.295634,0.296562,0.0202902,0.0202902,-0.0204018,-0.0204018,0.0909247,-0.00679716,0.0895156,0.0117675,0.00156296,0.00176153,0.0102714,0.0102707,0.064251,0.0208067,0.0204155,0.00923464,0.00923607,3.90974E-07,7.7074E-08,0.00426988,0.00414282,0,0,0,0,0.295634,0.295634,-0.015454,3.97257
F1,0,20000,0,1,0,0.295956,0.296231,0.0202908,0.0202908,-0.0204007,-0.0204007,0.0910278,-0.006797,0.089412,0.0117673,0.00156296,0.0017615,0.0102714,0.0102707,0.0641812,0.0208418,0.02045,0.00923514,0.00923514,3.90671E-07,7.71766E-08,0.00426968,0.0041428,4.78677E-26,0,3.19154E-14,0,0.295956,0.295956,-0.0309065,3.97257
F2,0,20000,0,1,0,0.295956,0.296231,0.0202908,0.0202908,-0.0204007,-0.0204007,0.0910278,-0.006797,0.089412,0.0117673,0.00156296,0.0017615,0.0102714,0.0102707,0.0641812,0.0208418,0.02045,0.00923514,0.00923514,3.90671E-07,7.71766E-08,0.00426968,0.0041428,4.55953E-26,0,3.11469E-14,0,0.295956,0.295956,-0.0309065,3.97257
B,0,20000,0,1,0,0.295956,0.296231,0.0202908,0.0202908,-0.0204007,-0.0204007,0.0910278,-0.006797,0.089412,0.0117673,0.00156296,0.0017615,0.0102714,0.0102707,0.0641812,0.0208418,0.02045,0.00923514,0.00923514,3.90671E-07,7.71766E-08,0.00426968,0.0041428,4.53912E-26,0,3.10769E-14,0,0.295956,0.295956,-0.0309065,3.97257
A,0,20000,0,1,1,0.295634,0.296562,0.0202902,0.0202902,-0.0204018,-0.0204018,0.0909247,-0.00679716,0.0895156,0.0117675,0.00156296,0.00176153,0.0102714,0.0102707,0.064251,0.0208067,0.0204155,0.00923464,0.00923607,3.90974E-07,7.7074E-08,0.00426988,0.00414282,0,0,0,0,0.295634,0.295634,-0.015454,3.97257
F1,0,20000,0,1,1,0.295956,0.296231,0.0202908,0.0202908,-0.0204007,-0.0204007,0.0910278,-0.006797,0.089412,0.0117673,0.00156296,0.0017615,0.0102714,0.0102707,0.0641812,0.0208418,0.02045,0.00923514,0.00923514,3.90671E-07,7.71766E-08,0.00426968,0.0041428,3.36904E-25,0,8.44788E-14,0,0.295956,0.295956,-0.0309065,3.97257
F2,0,20000,0,1,1,0.295956,0.296231,0.0202908,0.0202908,-0.0204007,-0.0204007,0.0910278,-0.006797,0.089412,0.0117673,0.00156296,0.0017615,0.0102714,0.0102707,0.0641812,0.0208418,0.02045,0.00923514,0.00923514,3.90671E-07,7.71766E-08,0.00426968,0.0041428,3.59127E-25,0,8.70133E-14,0,0.295956,0.295956,-0.0309065,3.97257
B,0,20000,0,1,1,0.295956,0.296231,0.0202908,0.0202908,-0.0204007,-0.0204007,0.0910278,-0.006797,0.089412,0.0117673,0.00156296,0.0017615,0.0102714,0.0102707,0.0641812,0.0208418,0.02045,0.00923514,0.00923514,3.90671E-07,7.71766E-08,0.00426968,0.0041428,3.4027E-25,0,8.49872E-14,0,0.295956,0.295956,-0.0309065,3.97257
A,0,20000,0,1,2,0.295634,0.296562,0.0202902,0.0202902,-0.0204018,-0.0204018,0.0909247,-0.00679716,0.0895156,0.0117675,0.00156296,0.00176153,0.0102714,0.0102707,0.064251,0.0208067,0.0204155,0.00923464,0.00923607,3.90974E-07,7.7074E-08,0.00426988,0.00414282,0,0,0,0,0.295634,0.295634,-0.015454,3.97257
F1,0,20000,0,1,2,0.295956,0.296231,0.0202908,0.0202908,-0.0204007,-0.0204007,0.0910278,-0.006797,0.089412,0.0117673,0.00156296,0.0017615,0.0102714,0.0102707,0.0641812,0.0208418,0.02045,0.00923514,0.00923514,3.90671E-07,7.71766E-08,0.00426968,0.0041428,3.38331E-25,0,8.48181E-14,0,0.295956,0.295956,-0.0309065,3.97257
F2,0,20000,0,1,2,0.295956,0.296231,0.0202908,0.0202908,-0.0204007,-0.0204007,0.0910278,-0.006797,0.089412,0.0117673,0.00156296,0.0017615,0.0102714,0.0102707,0.0641812,0.0208418,0.02045,0.00923514,0.00923514,3.90671E-07,7.71766E-08,0.00426968,0.0041428,4.55907E-26,0,3.11449E-14,0,0.295956,0.295956,-0.0309065,3.97257
B,0,20000,0,1,2,0.295956,0.296231,0.0202908,0.0202908,-0.0204007,-0.0204007,0.0910278,-0.006797,0.089412,0.0117673,0.00156296,0.0017615,0.0102714,0.0102707,0.0641812,0.0208418,0.02045,0.00923514,0.00923514,3.90671E-07,7.71766E-08,0.00426968,0.0041428,4.53935E-26,0,3.10775E-14,0,0.295956,0.295956,-0.0309065,3.97257
A,0,20000,0,1,3,0.295634,0.296562,0.0202902,0.0202902,-0.0204018,-0.0204018,0.0909247,-0.00679716,0.0895156,0.0117675,0.00156296,0.00176153,0.0102714,0.0102707,0.064251,0.0208067,0.0204155,0.00923464,0.00923607,3.90974E-07,7.7074E-08,0.00426988,0.00414282,0,0,0,0,0.295634,0.295634,-0.015454,3.97257
F1,0,20000,0,1,3,0.295956,0.296231,0.0202908,0.0202908,-0.0204007,-0.0204007,0.0910278,-0.006797,0.089412,0.0117673,0.00156296,0.0017615,0.0102714,0.0102707,0.0641812,0.0208418,0.02045,0.00923514,0.00923514,3.90671E-07,7.71766E-08,0.00426968,0.0041428,4.78683E-26,0,3.19156E-14,0,0.295956,0.295956,-0.0309065,3.97257
F2,0,20000,0,1,3,0.295956,0.296231,0.0202908,0.0202908,-0.0204007,-0.0204007,0.0910278,-0.006797,0.089412,0.0117673,0.00156296,0.0017615,0.0102714,0.0102707,0.0641812,0.0208418,0.02045,0.00923514,0.00923514,3.90671E-07,7.71766E-08,0.00426968,0.0041428,3.4816E-25,0,8.62922E-14,0,0.295956,0.295956,-0.0309065,3.97257
B,0,20000,0,1,3,0.295956,0.296231,0.0202908,0.0202908,-0.0204007,-0.0204007,0.0910278,-0.006797,0.089412,0.0117673,0.00156296,0.0017615,0.0102714,0.0102707,0.0641812,0.0208418,0.02045,0.00923514,0.00923514,3.90671E-07,7.71766E-08,0.00426968,0.0041428,4.53885E-26,0,3.10762E-14,0,0.295956,0.295956,-0.0309065,3.97257
A,0,20000,0,1,4,0.295634,0.296562,0.0202902,0.0202902,-0.0204018,-0.0204018,0.0909247,-0.00679716,0.0895156,0.0117675,0.00156296,0.00176153,0.0102714,0.0102707,0.064251,0.0208067,0.0204155,0.00923464,0.00923607,3.90974E-07,7.7074E-08,0.00426988,0.00414282,0,0,0,0,0.295634,0.295634,-0.015454,3.97257
F1,0,20000,0,1,4,0.295956,0.296231,0.0202908,0.0202908,-0.0204007,-0.0204007,0.0910278,-0.006797,0.089412,0.0117673,0.00156296,0.0017615,0.0102714,0.0102707,0.0641812,0.0208418,0.02045,0.00923514,0.00923514,3.90671E-07,7.71766E-08,0.00426968,0.0041428,4.78878E-26,0,3.19204E-14,0,0.295956,0.295956,-0.0309065,3.97257
F2,0,20000,0,1,4,0.295956,0.296231,0.0202908,0.0202908,-0.0204007,-0.0204007,0.0910278,-0.006797,0.089412,0.0117673,0.00156296,0.0017615,0.0102714,0.0102707,0.0641812,0.0208418,0.02045,0.00923514,0.00923514,3.90671E-07,7.71766E-08,0.00426968,0.0041428,4.55972E-26,0,3.11474E-14,0,0.295956,0.295956,-0.0309065,3.97257
B,0,20000,0,1,4,0.295956,0.296231,0.0202908,0.0202908,-0.0204007,-0.0204007,0.0910278,-0.006797,0.089412,0.0117673,0.00156296,0.0017615,0.0102714,0.0102707,0.0641812,0.0208418,0.02045,0.00923514,0.00923514,3.90671E-07,7.71766E-08,0.00426968,0.0041428,3.37297E-25,0,8.47902E-14,0,0.295956,0.295956,-0.0309065,3.97257
A,0,20000,0,1,5,0.295634,0.296562,0.0202902,0.0202902,-0.0204018,-0.0204018,0.0909247,-0.00679716,0.0895156,0.0117675,0.00156296,0.00176153,0.0102714,0.0102707,0.064251,0.0208067,0.0204155,0.00923464,0.00923607,3.90974E-07,7.7074E-08,0.00426988,0.00414282,0,0,0,0,0.295634,0.295634,-0.015454,3.97257
F1,0,20000,0,1,5,0.295956,0.296231,0.0202908,0.0202908,-0.0204007,-0.0204007,0.0910278,-0.006797,0.089412,0.0117673,0.00156296,0.0017615,0.0102714,0.0102707,0.0641812,0.0208418,0.02045,0.00923514,0.00923514,3.90671E-07,7.71766E-08,0.00426968,0.0041428,2.44233E-25,0,7.20969E-14,0,0.295956,0.295956,-0.0309065,3.97257
F2,0,20000,0,1,5,0.295956,0.296231,0.0202908,0.0202908,-0.0204007,-0.0204007,0.0910278,-0.006797,0.089412,0.0117673,0.00156296,0.0017615,0.0102714,0.0102707,0.0641812,0.0208418,0.02045,0.00923514,0.00923514,3.90671E-07,7.71766E-08,0.00426968,0.0041428,4.55883E-26,0,3.1144E-14,0,0.295956,0.295956,-0.0309065,3.97257
B,0,20000,0,1,5,0.295956,0.296231,0.0202908,0.0202908,-0.0204007,-0.0204007,0.0910278,-0.006797,0.089412,0.0117673,0.00156296,0.0017615,0.0102714,0.0102707,0.0641812,0.0208418,0.02045,0.00923514,0.00923514,3.90671E-07,7.71766E-08,0.00426968,0.0041428,4.53911E-26,0,3.10766E-14,0,0.295956,0.295956,-0.0309065,3.97257
A,0,20000,0,1,6,0.295634,0.296562,0.0202902,0.0202902,-0.0204018,-0.0204018,0.0909247,-0.00679716,0.0895156,0.0117675,0.00156296,0.00176153,0.0102714,0.0102707,0.064251,0.0208067,0.0204155,0.00923464,0.00923607,3.90974E-07,7.7074E-08,0.00426988,0.00414282,0,0,0,0,0.295634,0.295634,-0.015454,3.97257
F1,0,20000,0,1,6,0.295956,0.296231,0.0202908,0.0202908,-0.0204007,-0.0204007,0.0910278,-0.006797,0.089412,0.0117673,0.00156296,0.0017615,0.0102714,0.0102707,0.0641812,0.0208418,0.02045,0.00923514,0.00923514,3.90671E-07,7.71766E-08,0.00426968,0.0041428,7.71979E-26,0,4.04877E-14,0,0.295956,0.295956,-0.0309065,3.97257
F2,0,20000,0,1,6,0.295956,0.296231,0.0202908,0.0202908,-0.0204007,-0.0204007,0.0910278,-0.006797,0.089412,0.0117673,0.00156296,0.0017615,0.0102714,0.0102707,0.0641812,0.0208418,0.02045,0.00923514,0.00923514,3.90671E-07,7.71766E-08,0.00426968,0.0041428,4.56002E-26,0,3.11483E-14,0,0.295956,0.295956,-0.0309065,3.97257
B,0,20000,0,1,6,0.295956,0.296231,0.0202908,0.0202908,-0.0204007,-0.0204007,0.0910278,-0.006797,0.089412,0.0117673,0.00156296,0.0017615,0.0102714,0.0102707,0.0641812,0.0208418,0.02045,0.00923514,0.00923514,3.90671E-07,7.71766E-08,0.00426968,0.0041428,4.53956E-26,0,3.10782E-14,0,0.295956,0.295956,-0.0309065,3.97257
A,0,20000,0.4243,1,0,0.295626,0.296557,0.020316,0.020264,-0.0203871,-0.0204161,0.0909236,-0.00676216,0.0895157,0.0117675,0.00156297,0.00176149,0.0102713,0.0102707,0.0642511,0.0208067,0.0204155,0.00923455,0.00923598,3.91161E-07,7.72345E-08,0.00426992,0.00414282,0,0,0,0,0.295627,0.295627,0.408802,3.97255
F1,0,20000,0.4243,1,0,0.295949,0.296227,0.0203163,0.0202649,-0.0203862,-0.0204147,0.0910266,-0.00676202,0.0894121,0.0117673,0.00156296,0.00176145,0.0102713,0.0102707,0.0641812,0.0208418,0.02045,0.00923504,0.00923504,3.90858E-07,7.73373E-08,0.00426972,0.0041428,4.37849E-08,0,3.05221E-05,0,0.295949,0.295949,0.393676,3.97255
F2,0,20000,0.4243,1,0,0.295952,0.29623,0.0202996,0.0202816,-0.0203939,-0.0204072,0.0910267,-0.00676213,0.0894121,0.0117673,0.00156296,0.00176145,0.0102713,0.0102707,0.0641812,0.0208418,0.02045,0.00923504,0.00923504,3.90848E-07,7.73331E-08,0.00426972,0.0041428,2.07093E-09,0,6.63796E-06,0,0.295953,0.295953,0.393677,3.97255
B,0,20000,0.4243,1,0,0.295953,0.296231,0.020298,0.0202832,-0.0203928,-0.0204081,0.0910267,-0.00676214,0.0894121,0.0117673,0.00156296,0.00176145,0.0102713,0.0102707,0.0641812,0.0208418,0.02045,0.00923504,0.00923504,3.90848E-07,7.73327E-08,0.00426972,0.0041428,8.95488E-10,0,4.36497E-06,0,0.295953,0.295953,0.393677,3.97255
A,0,20000,0.4243,1,1,0.295626,0.296557,0.0203159,0.020264,-0.0203871,-0.0204161,0.0909236,-0.00676214,0.0895157,0.0117675,0.00156297,0.00176149,0.0102713,0.0102707,0.0642511,0.0208067,0.0204155,0.00923455,0.00923598,3.91164E-07,7.72333E-08,0.00426993,0.00414282,0,0,0,0,0.295626,0.295626,0.408747,3.974
F1,0,20000,0.4243,1,1,0.295008,0.295284,0.0247975,0.0158477,-0.0159545,-0.0249111,0.0910111,-0.00670586,0.0894123,0.0117665,0.00156296,0.00176145,0.0102713,0.0102707,0.0641812,0.0208417,0.02045,0.00947493,0.0094728,4.04819E-07,8.11221E-08,0.00427027,0.0041428,0.00191418,0,0.0063818,0,0.295008,0.295007,0.39294,3.974
F2,0,20000,0.4243,1,1,0.295008,0.295284,0.0247975,0.0158477,-0.0159545,-0.0249111,0.0910111,-0.00670586,0.0894123,0.0117665,0.00156296,0.00176145,0.0102713,0.0102707,0.0641812,0.0208417,0.02045,0.00947493,0.0094728,4.04819E-07,8.11221E-08,0.00427027,0.0041428,0.00191418,0,0.0063818,0,0.295008,0.295007,0.39294,3.974
B,0,20000,0.4243,1,1,0.295008,0.295284,0.0247975,0.0158477,-0.0159545,-0.0249111,0.0910111,-0.00670586,0.0894123,0.0117665,0.00156296,0.00176145,0.0102713,0.0102707,0.0641812,0.0208417,0.02045,0.00947493,0.0094728,4.04819E-07,8.11221E-08,0.00427027,0.0041428,0.00191418,0,0.0063818,0,0.295008,0.295007,0.39294,3.974
A,0,20000,0.4243,1,2,0.295626,0.296557,0.020316,0.020264,-0.0203871,-0.0204161,0.0909236,-0.0067622,0.0895157,0.0117675,0.00156297,0.00176149,0.0102713,0.0102707,0.0642511,0.0208067,0.0204155,0.00923455,0.00923598,3.91162E-07,7.7234E-08,0.00426992,0.00414282,0,0,0,0,0.295626,0.295626,0.409009,3.97303
F1,0,20000,0.4243,1,2,0.295007,0.295285,0.0247978,0.0158474,-0.0159536,-0.024912,0.0910111,-0.00670587,0.0894123,0.0117665,0.00156296,0.00176145,0.0102713,0.0102707,0.0641812,0.0208417,0.0204501,0.00947492,0.00947284,4.04815E-07,8.11243E-08,0.00427027,0.0041428,0.00191433,0,0.00638205,0,0.295007,0.295007,0.393571,3.97303
F2,0,20000,0.4243,1,2,0.295952,0.29623,0.0202996,0.0202816,-0.0203939,-0.0204072,0.0910267,-0.00676214,0.0894121,0.0117673,0.00156296,0.00176145,0.0102713,0.0102707,0.0641812,0.0208418,0.02045,0.00923504,0.00923504,3.90849E-07,7.73326E-08,0.00426973,0.0041428,2.07083E-09,0,6.63779E-06,0,0.295952,0.295952,0.393707,3.97303
B,0,20000,0.4243,1,2,0.295953,0.296231,0.020298,0.0202832,-0.0203928,-0.0204081,0.0910267,-0.00676215,0.0894121,0.0117673,0.00156296,0.00176145,0.0102713,0.0102707,0.0641812,0.0208418,0.02045,0.00923504,0.00923504,3.90848E-07,7.73322E-08,0.00426973,0.0041428,8.95441E-10,0,4.36486E-06,0,0.295953,0.295953,0.393707,3.97303
A,0,20000,0.4243,1,3,0.295626,0.296557,0.020316,0.020264,-0.0203871,-0.0204161,0.0909236,-0.0067622,0.0895157,0.0117675,0.00156297,0.00176149,0.0102713,0.0102707,0.0642511,0.0208067,0.0204155,0.00923455,0.00923598,3.91162E-07,7.7234E-08,0.00426992,0.00414282,0,0,0,0,0.295626,0.295626,0.409009,3.97303
F1,0,20000,0.4243,1,3,0.295949,0.296227,0.0203163,0.0202649,-0.0203862,-0.0204147,0.0910266,-0.00676201,0.0894121,0.0117673,0.00156296,0.00176145,0.0102713,0.0102707,0.0641812,0.0208418,0.02045,0.00923504,0.00923504,3.90859E-07,7.73368E-08,0.00426973,0.0041428,4.37826E-08,0,3.05213E-05,0,0.295949,0.295949,0.393707,3.97303
F2,0,20000,0.4243,1,3,0.295007,0.295285,0.0247978,0.0158474,-0.0159536,-0.024912,0.0910111,-0.00670587,0.0894123,0.0117665,0.00156296,0.00176145,0.0102713,0.0102707,0.0641812,0.0208417,0.0204501,0.00947492,0.00947284,4.04815E-07,8.11243E-08,0.00427027,0.0041428,0.00191433,0,0.00638205,0,0.295007,0.295007,0.393571,3.97303
B,0,20000,0.4243,1,3,0.295953,0.296231,0.020298,0.0202832,-0.0203928,-0.0204081,0.0910267,-0.00676215,0.0894121,0.0117673,0.00156296,0.00176145,0.0102713,0.0102707,0.0641812,0.0208418,0.02045,0.00923504,0.00923504,3.90848E-07,7.73322E-08,0.00426973,0.0041428,8.95441E-10,0,4.36486E-06,0,0.295953,0.295953,0.393708,3.97303
A,0,20000,0.4243,1,4,0.295626,0.296557,0.020316,0.020264,-0.0203871,-0.0204161,0.0909236,-0.0067622,0.0895157,0.0117675,0.00156297,0.00176149,0.0102713,0.0102707,0.0642511,0.0208067,0.0204155,0.00923455,0.00923598,3.91162E-07,7.7234E-08,0.00426992,0.00414282,0,0,0,0,0.295626,0.295626,0.409009,3.97303
F1,0,20000,0.4243,1,4,0.295949,0.296227,0.0203163,0.0202649,-0.0203862,-0.0204147,0.0910266,-0.00676201,0.0894121,0.0117673,0.00156296,0.00176145,0.0102713,0.0102707,0.0641812,0.0208418,0.02045,0.00923504,0.00923504,3.90859E-07,7.73368E-08,0.00426973,0.0041428,4.37826E-08,0,3.05213E-05,0,0.295949,0.295949,0.393707,3.97303
F2,0,20000,0.4243,1,4,0.295952,0.29623,0.0202996,0.0202816,-0.0203939,-0.0204072,0.0910267,-0.00676214,0.0894121,0.0117673,0.00156296,0.00176145,0.0102713,0.0102707,0.0641812,0.0208418,0.02045,0.00923504,0.00923504,3.90849E-07,7.73326E-08,0.00426973,0.0041428,2.07083E-09,0,6.63779E-06,0,0.295952,0.295952,0.393708,3.97303
B,0,20000,0.4243,1,4,0.295007,0.295285,0.0247978,0.0158474,-0.0159536,-0.024912,0.0910111,-0.00670587,0.0894123,0.0117665,0.00156296,0.00176145,0.0102713,0.0102707,0.0641812,0.0208417,0.0204501,0.00947492,0.00947284,4.04815E-07,8.11243E-08,0.00427027,0.0041428,0.00191433,0,0.00638205,0,0.295007,0.295007,0.393571,3.97303
A,0,20000,0.4243,1,5,0.295626,0.296557,0.020316,0.020264,-0.0203871,-0.0204161,0.0909236,-0.0067622,0.0895157,0.0117675,0.00156297,0.00176149,0.0102713,0.0102707,0.0642511,0.0208067,0.0204155,0.00923455,0.00923598,3.91162E-07,7.7234E-08,0.00426992,0.00414282,0,0,0,0,0.295626,0.295626,0.409009,3.97288
F1,0,20000,0.4243,1,5,0.29517,0.295447,0.0240048,0.0166193,-0.0167283,-0.0241159,0.0910141,-0.00671722,0.0894122,0.0117667,0.00156296,0.00176145,0.0102713,0.0102707,0.0641812,0.0208417,0.0204501,0.00939827,0.00939666,4.00701E-07,8.00693E-08,0.00427011,0.0041428,0.0013027,0,0.0052647,0,0.29517,0.29517,0.393583,3.97288
F2,0,20000,0.4243,1,5,0.295952,0.29623,0.0202996,0.0202816,-0.0203939,-0.0204072,0.0910267,-0.00676214,0.0894121,0.0117673,0.00156296,0.00176145,0.0102713,0.0102707,0.0641812,0.0208418,0.02045,0.00923504,0.00923504,3.90849E-07,7.73326E-08,0.00426973,0.0041428,2.07083E-09,0,6.63779E-06,0,0.295952,0.295952,0.393707,3.97288
B,0,20000,0.4243,1,5,0.295953,0.296231,0.020298,0.0202832,-0.0203928,-0.0204081,0.0910267,-0.00676215,0.0894121,0.0117673,0.00156296,0.00176145,0.0102713,0.0102707,0.0641812,0.0208418,0.02045,0.00923504,0.00923504,3.90848E-07,7.73322E-08,0.00426973,0.0041428,8.95441E-10,0,4.36486E-06,0,0.295953,0.295953,0.393707,3.97288
A,0,20000,0.4243,1,6,0.295626,0.296557,0.020316,0.020264,-0.0203871,-0.0204161,0.0909236,-0.00676218,0.0895157,0.0117675,0.00156297,0.00176149,0.0102713,0.0102707,0.0642511,0.0208067,0.0204155,0.00923455,0.00923598,3.91162E-07,7.72342E-08,0.00426992,0.00414282,0,0,0,0,0.295627,0.295627,0.408933,3.9726
F1,0,20000,0.4243,1,6,0.295647,0.295925,0.021729,0.018858,-0.0189753,-0.0218316,0.0910221,-0.00674784,0.0894122,0.0117671,0.00156296,0.00176145,0.0102713,0.0102707,0.0641812,0.0208417,0.02045,0.00925965,0.00925917,3.92807E-07,7.79592E-08,0.00426981,0.0041428,0.000196117,0,0.00204272,0,0.295647,0.295647,0.393679,3.9726
F2,0,20000,0.4243,1,6,0.295952,0.29623,0.0202996,0.0202816,-0.0203939,-0.0204072,0.0910267,-0.00676215,0.0894121,0.0117673,0.00156296,0.00176145,0.0102713,0.0102707,0.0641812,0.0208418,0.02045,0.00923504,0.00923504,3.90849E-07,7.73329E-08,0.00426972,0.0041428,2.07089E-09,0,6.63788E-06,0,0.295952,0.295953,0.393728,3.9726
B,0,20000,0.4243,1,6,0.295953,0.296231,0.020298,0.0202832,-0.0203928,-0.0204081,0.0910267,-0.00676216,0.0894121,0.0117673,0.00156296,0.00176145,0.0102713,0.0102707,0.0641812,0.0208418,0.02045,0.00923504,0.00923504,3.90848E-07,7.73325E-08,0.00426972,0.0041428,8.95466E-10,0,4.36492E-06,0,0.295953,0.295953,0.393728,3.9726
A,0,20000,1.4142,1,0,0.295553,0.29651,0.0203741,0.0202008,-0.0203515,-0.0204481,0.0909124,-0.00668055,0.0895167,0.0117671,0.00156299,0.00176108,0.010271,0.0102706,0.0642518,0.020806,0.0204153,0.00923363,0.00923499,3.9309E-07,7.8846E-08,0.00427043,0.00414282,0,0,0,0,0.295553,0.295553,1.39893,3.9724
F1,0,20000,1.4142,1,0,0.295875,0.296181,0.0203739,0.0202023,-0.0203512,-0.0204462,0.0910153,-0.00668045,0.0894132,0.0117669,0.00156299,0.00176104,0.010271,0.0102706,0.064182,0.0208411,0.0204497,0.00923411,0.00923406,3.92784E-07,7.89515E-08,0.00427023,0.0041428,4.86398E-07,0,0.00010173,0,0.295875,0.295875,1.38438,3.9724
F2,0,20000,1.4142,1,0,0.295915,0.29622,0.0203183,0.0202581,-0.0203768,-0.0204215,0.0910159,-0.0066808,0.0894132,0.0117669,0.00156299,0.00176104,0.010271,0.0102706,0.064182,0.0208411,0.0204497,0.00923405,0.00923403,3.92679E-07,7.89049E-08,0.00427022,0.0041428,2.30056E-08,0,2.21243E-05,0,0.295915,0.295915,1.38438,3.9724
B,0,20000,1.4142,1,0,0.295919,0.296224,0.020313,0.0202634,-0.020373,-0.0204243,0.0910159,-0.00668083,0.0894132,0.0117669,0.00156299,0.00176104,0.010271,0.0102706,0.064182,0.0208411,0.0204497,0.00923405,0.00923404,3.92669E-07,7.89005E-08,0.00427022,0.0041428,9.9478E-09,0,1.45484E-05,0,0.295919,0.295919,1.38438,3.9724
A,0,20000,1.4142,1,1,0.295553,0.29651,0.0203741,0.0202008,-0.0203515,-0.0204481,0.0909124,-0.00668057,0.0895167,0.0117671,0.00156299,0.00176108,0.010271,0.0102706,0.0642518,0.020806,0.0204153,0.00923363,0.00923499,3.9309E-07,7.88458E-08,0.00427043,0.00414282,0,0,0,0,0.295553,0.295553,1.39904,3.99215
F1,0,20000,1.4142,1,1,0.285991,0.286286,0.0356686,0.00584724,-0.0059485,-0.0357979,0.0908446,-0.00648716,0.0894145,0.011758,0.001563,0.00176103,0.0102701,0.0102707,0.0641821,0.0208401,0.0204504,0.0119378,0.0119143,5.52001E-07,1.23191E-07,0.00427664,0.0041428,0.0212664,0,0.0212715,0,0.285987,0.285987,1.38414,3.99215
F2,0,20000,1.4142,1,1,0.285991,0.286286,0.0356686,0.00584724,-0.0059485,-0.0357979,0.0908446,-0.00648716,0.0894145,0.011758,0.001563,0.00176103,0.0102701,0.0102707,0.0641821,0.0208401,0.0204504,0.0119378,0.0119143,5.52001E-07,1.23191E-07,0.00427664,0.0041428,0.0212664,0,0.0212715,0,0.285987,0.285987,1.38414,3.99215
B,0,20000,1.4142,1,1,0.285991,0.286286,0.0356686,0.00584724,-0.0059485,-0.0357979,0.0908446,-0.00648716,0.0894145,0.011758,0.001563,0.00176103,0.0102701,0.0102707,0.0641821,0.0208401,0.0204504,0.0119378,0.0119143,5.52001E-07,1.23191E-07,0.00427664,0.0041428,0.0212664,0,0.0212715,0,0.285987,0.285987,1.38414,3.99215
A,0,20000,1.4142,1,2,0.295553,0.29651,0.0203741,0.0202008,-0.0203515,-0.0204481,0.0909124,-0.00668054,0.0895167,0.0117671,0.00156299,0.00176108,0.010271,0.0102706,0.0642518,0.020806,0.0204152,0.00923363,0.00923499,3.93094E-07,7.88442E-08,0.00427044,0.00414282,0,0,0,0,0.295552,0.295553,1.39924,3.97898
F1,0,20000,1.4142,1,2,0.285993,0.286286,0.0356779,0.00584125,-0.00594398,-0.0358057,0.0908448,-0.00648728,0.0894146,0.011758,0.001563,0.00176103,0.0102701,0.0102707,0.0641822,0.0208401,0.0204504,0.0119377,0.0119141,5.52006E-07,1.23184E-07,0.00427665,0.0041428,0.0212652,0,0.0212709,0,0.285989,0.28599,1.38345,3.97898
F2,0,20000,1.4142,1,2,0.295915,0.29622,0.0203183,0.0202581,-0.0203768,-0.0204215,0.0910159,-0.0066807,0.0894132,0.0117669,0.00156298,0.00176104,0.010271,0.0102706,0.064182,0.0208411,0.0204497,0.00923405,0.00923403,3.92683E-07,7.89031E-08,0.00427023,0.0041428,2.30042E-08,0,2.21235E-05,0,0.295915,0.295915,1.38397,3.97898
B,0,20000,1.4142,1,2,0.295919,0.296224,0.020313,0.0202634,-0.020373,-0.0204243,0.091016,-0.00668074,0.0894132,0.0117669,0.00156298,0.00176104,0.010271,0.0102706,0.064182,0.0208411,0.0204497,0.00923405,0.00923404,3.92673E-07,7.88988E-08,0.00427023,0.0041428,9.94716E-09,0,1.45479E-05,0,0.295919,0.295919,1.38397,3.97898
A,0,20000,1.4142,1,3,0.295553,0.29651,0.0203741,0.0202008,-0.0203515,-0.0204481,0.0909124,-0.00668054,0.0895167,0.0117671,0.00156299,0.00176108,0.010271,0.0102706,0.0642518,0.020806,0.0204152,0.00923363,0.00923499,3.93094E-07,7.88442E-08,0.00427044,0.00414282,0,0,0,0,0.295552,0.295553,1.39924,3.97898
F1,0,20000,1.4142,1,3,0.295875,0.296181,0.0203738,0.0202023,-0.0203512,-0.0204463,0.0910154,-0.00668028,0.0894132,0.0117669,0.00156298,0.00176104,0.010271,0.0102706,0.064182,0.0208411,0.0204497,0.00923411,0.00923406,3.92788E-07,7.89498E-08,0.00427024,0.0041428,4.86367E-07,0,0.000101726,0,0.295875,0.295875,1.38396,3.97898
F2,0,20000,1.4142,1,3,0.285993,0.286286,0.0356779,0.00584125,-0.00594398,-0.0358057,0.0908448,-0.00648728,0.0894146,0.011758,0.001563,0.00176103,0.0102701,0.0102707,0.0641822,0.0208401,0.0204504,0.0119377,0.0119141,5.52006E-07,1.23184E-07,0.00427665,0.0041428,0.0212652,0,0.0212709,0,0.285989,0.28599,1.38344,3.97898
B,0,20000,1.4142,1,3,0.295919,0.296224,0.020313,0.0202634,-0.020373,-0.0204243,0.091016,-0.00668074,0.0894132,0.0117669,0.00156298,0.00176104,0.010271,0.0102706,0.064182,0.0208411,0.0204497,0.00923405,0.00923404,3.92673E-07,7.88988E-08,0.00427023,0.0041428,9.94716E-09,0,1.45479E-05,0,0.295919,0.295919,1.38397,3.97898
A,0,20000,1.4142,1,4,0.295553,0.29651,0.0203741,0.0202008,-0.0203515,-0.0204481,0.0909124,-0.00668054,0.0895167,0.0117671,0.00156299,0.00176108,0.010271,0.0102706,0.0642518,0.020806,0.0204152,0.00923363,0.00923499,3.93094E-07,7.88442E-08,0.00427044,0.00414282,0,0,0,0,0.295552,0.295553,1.39924,3.97898
F1,0,20000,1.4142,1,4,0.295875,0.296181,0.0203738,0.0202023,-0.0203512,-0.0204463,0.0910154,-0.00668028,0.0894132,0.0117669,0.00156298,0.00176104,0.010271,0.0102706,0.064182,0.0208411,0.0204497,0.00923411,0.00923406,3.92788E-07,7.89498E-08,0.00427024,0.0041428,4.86367E-07,0,0.000101726,0,0.295875,0.295875,1.38397,3.97898
F2,0,20000,1.4142,1,4,0.295915,0.29622,0.0203183,0.0202581,-0.0203768,-0.0204215,0.0910159,-0.0066807,0.0894132,0.0117669,0.00156298,0.00176104,0.010271,0.0102706,0.064182,0.0208411,0.0204497,0.00923405,0.00923403,3.92683E-07,7.89031E-08,0.00427023,0.0041428,2.30042E-08,0,2.21235E-05,0,0.295915,0.295915,1.38397,3.97898
B,0,20000,1.4142,1,4,0.285993,0.286286,0.0356779,0.00584125,-0.00594398,-0.0358057,0.0908448,-0.00648728,0.0894146,0.011758,0.001563,0.00176103,0.0102701,0.0102707,0.0641822,0.0208401,0.0204504,0.0119377,0.0119141,5.52006E-07,1.23184E-07,0.00427665,0.0041428,0.0212652,0,0.0212709,0,0.285989,0.28599,1.38344,3.97898
A,0,20000,1.4142,1,5,0.295553,0.29651,0.0203741,0.0202008,-0.0203515,-0.0204481,0.0909124,-0.00668056,0.0895167,0.0117671,0.00156299,0.00176108,0.010271,0.0102706,0.0642518,0.020806,0.0204153,0.00923363,0.00923499,3.93093E-07,7.88444E-08,0.00427044,0.00414282,0,0,0,0,0.295552,0.295553,1.39928,3.9765
F1,0,20000,1.4142,1,5,0.287463,0.287758,0.0328814,0.00826324,-0.00837424,-0.0329974,0.0908772,-0.0065283,0.0894143,0.0117603,0.00156299,0.001761,0.0102703,0.0102707,0.0641821,0.0208403,0.0204502,0.0110634,0.0110451,5.04076E-07,1.10326E-07,0.00427477,0.0041428,0.0144711,0,0.017547,0,0.28746,0.287461,1.38363,3.9765
F2,0,20000,1.4142,1,5,0.295915,0.29622,0.0203183,0.0202581,-0.0203768,-0.0204215,0.0910159,-0.00668072,0.0894132,0.0117669,0.00156298,0.00176104,0.010271,0.0102706,0.064182,0.0208411,0.0204497,0.00923405,0.00923403,3.92683E-07,7.89033E-08,0.00427023,0.0041428,2.30043E-08,0,2.21236E-05,0,0.295915,0.295915,1.38409,3.9765
B,0,20000,1.4142,1,5,0.295919,0.296224,0.020313,0.0202634,-0.020373,-0.0204243,0.091016,-0.00668076,0.0894132,0.0117669,0.00156298,0.00176104,0.010271,0.0102706,0.064182,0.0208411,0.0204497,0.00923405,0.00923404,3.92673E-07,7.8899E-08,0.00427023,0.0041428,9.94724E-09,0,1.4548E-05,0,0.295919,0.295919,1.38409,3.9765
A,0,20000,1.4142,1,6,0.295553,0.29651,0.0203741,0.0202008,-0.0203515,-0.0204481,0.0909124,-0.00668062,0.0895167,0.0117671,0.00156299,0.00176108,0.010271,0.0102706,0.0642518,0.020806,0.0204153,0.00923363,0.00923499,3.93092E-07,7.88449E-08,0.00427044,0.00414282,0,0,0,0,0.295552,0.295553,1.3993,3.9729
F1,0,20000,1.4142,1,6,0.292531,0.292832,0.0251062,0.0155365,-0.0156724,-0.0251918,0.0909657,-0.00663294,0.0894135,0.011765,0.00156299,0.00176099,0.0102708,0.0102706,0.0641821,0.0208408,0.0204499,0.00950785,0.00950229,4.14555E-07,8.59206E-08,0.00427125,0.0041428,0.00217859,0,0.0068083,0,0.292529,0.29253,1.38411,3.9729
F2,0,20000,1.4142,1,6,0.295915,0.29622,0.0203183,0.0202581,-0.0203768,-0.0204215,0.0910159,-0.00668076,0.0894132,0.0117669,0.00156298,0.00176104,0.010271,0.0102706,0.064182,0.0208411,0.0204497,0.00923405,0.00923403,3.92682E-07,7.89038E-08,0.00427023,0.0041428,2.30047E-08,0,2.21238E-05,0,0.295915,0.295915,1.38431,3.9729
B,0,20000,1.4142,1,6,0.295919,0.296224,0.020313,0.0202634,-0.020373,-0.0204243,0.091016,-0.00668081,0.0894132,0.0117669,0.00156298,0.00176104,0.010271,0.0102706,0.064182,0.0208411,0.0204497,0.00923405,0.00923404,3.92672E-07,7.88995E-08,0.00427023,0.0041428,9.94742E-09,0,1.45481E-05,0,0.295919,0.295919,1.38431,3.9729
A,0,20000,2.8284,1,0,0.295308,0.296356,0.0204527,0.0201054,-0.0202971,-0.0204909,0.0908754,-0.00656398,0.0895201,0.0117659,0.00156306,0.00175972,0.0102699,0.0102704,0.0642543,0.0208035,0.0204146,0.00923057,0.00923171,3.99515E-07,8.42105E-08,0.00427215,0.00414281,0,0,0,0,0.295308,0.295308,2.81407,3.97188
F1,0,20000,2.8284,1,0,0.29563,0.29603,0.0204516,0.0201077,-0.0202979,-0.0204882,0.0909778,-0.00656356,0.0894172,0.0117657,0.00156305,0.00175968,0.0102699,0.0102704,0.0641848,0.0208384,0.0204489,0.00923104,0.00923078,3.99202E-07,8.43248E-08,0.00427195,0.00414279,1.94549E-06,0,0.000203454,0,0.29563,0.29563,2.79942,3.97188
F2,0,20000,2.8284,1,0,0.29579,0.29619,0.020341,0.0202194,-0.0203483,-0.0204407,0.0909801,-0.00656442,0.0894171,0.0117658,0.00156305,0.00175968,0.0102699,0.0102704,0.0641848,0.0208384,0.0204488,0.00923077,0.0092307,3.9878E-07,8.41359E-08,0.00427192,0.00414279,9.20177E-08,0,4.42473E-05,0,0.29579,0.29579,2.79942,3.97188
B,0,20000,2.8284,1,0,0.295805,0.296205,0.0203307,0.02023,-0.0203399,-0.0204452,0.0909803,-0.0065645,0.0894171,0.0117658,0.00156305,0.00175968,0.0102699,0.0102704,0.0641848,0.0208384,0.0204488,0.00923076,0.00923071,3.98741E-07,8.41181E-08,0.00427192,0.00414279,3.97891E-08,0,2.9096E-05,0,0.295805,0.295805,2.79942,3.97188
A,0,20000,2.8284,1,1,0.295308,0.296356,0.0204527,0.0201053,-0.0202972,-0.0204908,0.0908755,-0.00656374,0.0895202,0.0117658,0.00156305,0.00175972,0.0102699,0.0102704,0.0642543,0.0208035,0.0204145,0.00923056,0.0092317,3.99573E-07,8.4232E-08,0.00427217,0.00414281,0,0,0,0,0.295307,0.295308,2.81334,4.28761
F1,0,20000,2.8284,1,1,0.292831,0.292941,0.0594565,-1.70302E-05,2.19556E-05,-0.0598484,0.0904099,-0.00583379,0.0894235,0.0117031,0.00156318,0.00176138,0.0102588,0.0102741,0.0641866,0.0208262,0.0204587,0.0229384,0.0229227,1.43075E-06,5.08768E-07,0.00432422,0.00414279,0.0850251,0,0.0425329,0,0.292832,0.292829,2.79661,4.28761
F2,0,20000,2.8284,1,1,0.292831,0.292941,0.0594565,-1.70302E-05,2.19556E-05,-0.0598484,0.0904099,-0.00583379,0.0894235,0.0117031,0.00156318,0.00176138,0.0102588,0.0102741,0.0641866,0.0208262,0.0204587,0.0229384,0.0229227,1.43075E-06,5.08768E-07,0.00432422,0.00414279,0.0850251,0,0.0425329,0,0.292832,0.292829,2.79661,4.28761
B,0,20000,2.8284,1,1,0.292831,0.292941,0.0594565,-1.70301E-05,2.19555E-05,-0.0598484,0.0904099,-0.00583379,0.0894235,0.0117031,0.00156318,0.00176138,0.0102588,0.0102741,0.0641866,0.0208262,0.0204587,0.0229384,0.0229227,1.43075E-06,5.08767E-07,0.00432422,0.00414279,0.085025,0,0.0425329,0,0.292832,0.292829,2.79661,4.28761
A,0,20000,2.8284,1,2,0.295308,0.296356,0.0204527,0.0201054,-0.0202971,-0.0204909,0.0908754,-0.006564,0.0895201,0.0117658,0.00156306,0.00175972,0.0102699,0.0102704,0.0642543,0.0208035,0.0204146,0.00923056,0.0092317,3.99545E-07,8.42276E-08,0.00427215,0.00414281,0,0,0,0,0.295308,0.295308,2.81406,4.07699
F1,0,20000,2.8284,1,2,0.292897,0.293034,0.0594731,-1.49244E-05,1.62721E-05,-0.0598639,0.0904121,-0.00582578,0.0894233,0.0117038,0.00156318,0.00176139,0.0102588,0.0102742,0.0641866,0.0208261,0.0204589,0.0229328,0.0229191,1.43145E-06,5.10546E-07,0.00432424,0.00414279,0.0850277,0,0.0425335,0,0.292895,0.292894,2.79899,4.07699
F2,0,20000,2.8284,1,2,0.29579,0.29619,0.020341,0.0202194,-0.0203483,-0.0204407,0.0909801,-0.00656444,0.0894171,0.0117657,0.00156305,0.00175968,0.0102699,0.0102704,0.0641848,0.0208384,0.0204488,0.00923076,0.00923069,3.9881E-07,8.41529E-08,0.00427192,0.00414279,9.20181E-08,0,4.42475E-05,0,0.29579,0.29579,2.79951,4.07699
B,0,20000,2.8284,1,2,0.295805,0.296205,0.0203307,0.02023,-0.0203399,-0.0204452,0.0909803,-0.00656452,0.0894171,0.0117658,0.00156305,0.00175968,0.0102699,0.0102704,0.0641848,0.0208384,0.0204488,0.00923075,0.0092307,3.98771E-07,8.41351E-08,0.00427192,0.00414279,3.97893E-08,0,2.90961E-05,0,0.295805,0.295805,2.79951,4.07699
A,0,20000,2.8284,1,3,0.295308,0.296356,0.0204527,0.0201054,-0.0202971,-0.0204909,0.0908754,-0.006564,0.0895201,0.0117658,0.00156306,0.00175972,0.0102699,0.0102704,0.0642543,0.0208035,0.0204146,0.00923056,0.0092317,3.99545E-07,8.42276E-08,0.00427215,0.00414281,0,0,0,0,0.295308,0.295308,2.81406,4.07698
F1,0,20000,2.8284,1,3,0.29563,0.29603,0.0204515,0.0201077,-0.0202979,-0.0204882,0.0909778,-0.00656358,0.0894171,0.0117657,0.00156305,0.00175968,0.0102699,0.0102704,0.0641848,0.0208384,0.0204489,0.00923103,0.00923077,3.99232E-07,8.4342E-08,0.00427195,0.00414279,1.9455E-06,0,0.000203454,0,0.29563,0.29563,2.79951,4.07698
F2,0,20000,2.8284,1,3,0.292896,0.293034,0.0594731,-1.50044E-05,1.63037E-05,-0.0598639,0.0904122,-0.00582579,0.0894233,0.0117038,0.00156318,0.00176139,0.0102588,0.0102742,0.0641866,0.0208261,0.0204589,0.0229328,0.0229191,1.43146E-06,5.10546E-07,0.00432425,0.00414279,0.0850277,0,0.0425335,0,0.292894,0.292893,2.79899,4.07698
B,0,20000,2.8284,1,3,0.295805,0.296205,0.0203307,0.02023,-0.0203399,-0.0204452,0.0909803,-0.00656452,0.0894171,0.0117658,0.00156305,0.00175968,0.0102699,0.0102704,0.0641848,0.0208384,0.0204488,0.00923075,0.0092307,3.98771E-07,8.41351E-08,0.00427192,0.00414279,3.97893E-08,0,2.90961E-05,0,0.295805,0.295805,2.79951,4.07698
A,0,20000,2.8284,1,4,0.295308,0.296356,0.0204527,0.0201054,-0.0202971,-0.0204909,0.0908754,-0.006564,0.0895201,0.0117658,0.00156306,0.00175972,0.0102699,0.0102704,0.0642543,0.0208035,0.0204146,0.00923056,0.0092317,3.99545E-07,8.42276E-08,0.00427215,0.00414281,0,0,0,0,0.295308,0.295308,2.81406,4.07698
F1,0,20000,2.8284,1,4,0.29563,0.29603,0.0204515,0.0201077,-0.0202979,-0.0204882,0.0909778,-0.00656358,0.0894171,0.0117657,0.00156305,0.00175968,0.0102699,0.0102704,0.0641848,0.0208384,0.0204489,0.00923103,0.00923077,3.99232E-07,8.4342E-08,0.00427195,0.00414279,1.9455E-06,0,0.000203454,0,0.29563,0.29563,2.79951,4.07698
F2,0,20000,2.8284,1,4,0.29579,0.29619,0.020341,0.0202194,-0.0203483,-0.0204407,0.0909801,-0.00656444,0.0894171,0.0117657,0.00156305,0.00175968,0.0102699,0.0102704,0.0641848,0.0208384,0.0204488,0.00923076,0.00923069,3.9881E-07,8.41529E-08,0.00427192,0.00414279,9.20181E-08,0,4.42475E-05,0,0.29579,0.29579,2.79951,4.07698
B,0,20000,2.8284,1,4,0.292897,0.293034,0.0594731,-1.49533E-05,1.62784E-05,-0.0598639,0.0904121,-0.00582578,0.0894233,0.0117038,0.00156318,0.00176139,0.0102588,0.0102742,0.0641866,0.0208261,0.0204589,0.0229328,0.0229191,1.43145E-06,5.10546E-07,0.00432424,0.00414279,0.0850277,0,0.0425335,0,0.292894,0.292894,2.79899,4.07698
A,0,20000,2.8284,1,5,0.295308,0.296356,0.0204527,0.0201054,-0.0202971,-0.0204909,0.0908754,-0.00656405,0.0895201,0.0117659,0.00156306,0.00175972,0.0102699,0.0102704,0.0642543,0.0208035,0.0204146,0.00923057,0.00923171,3.99521E-07,8.4214E-08,0.00427215,0.00414281,0,0,0,0,0.295308,0.295308,2.81403,4.01461
F1,0,20000,2.8284,1,5,0.274457,0.274638,0.0490991,1.29986E-05,-2.36297E-05,-0.0493911,0.0904617,-0.00612806,0.0894204,0.0117299,0.00156313,0.00176008,0.0102645,0.0102719,0.0641857,0.020832,0.0204539,0.017414,0.0173806,9.58534E-07,2.78439E-07,0.00429868,0.00414279,0.0578764,0,0.0350915,0,0.274449,0.274451,2.79952,4.01461
F2,0,20000,2.8284,1,5,0.29579,0.29619,0.020341,0.0202194,-0.0203483,-0.0204407,0.0909801,-0.00656447,0.0894171,0.0117658,0.00156305,0.00175968,0.0102699,0.0102704,0.0641848,0.0208384,0.0204489,0.00923077,0.0092307,3.98786E-07,8.41393E-08,0.00427192,0.00414279,9.20186E-08,0,4.42476E-05,0,0.29579,0.29579,2.79961,4.01461
B,0,20000,2.8284,1,5,0.295805,0.296205,0.0203307,0.02023,-0.0203399,-0.0204452,0.0909803,-0.00656456,0.0894171,0.0117658,0.00156305,0.00175968,0.0102699,0.0102704,0.0641848,0.0208384,0.0204489,0.00923075,0.00923071,3.98747E-07,8.41215E-08,0.00427192,0.00414279,3.97895E-08,0,2.90962E-05,0,0.295805,0.295805,2.79961,4.01461
A,0,20000,2.8284,1,6,0.295308,0.296356,0.0204528,0.0201055,-0.0202971,-0.020491,0.0908753,-0.00656387,0.0895201,0.0117659,0.00156306,0.00175972,0.0102699,0.0102705,0.0642542,0.0208035,0.0204147,0.00923057,0.00923171,3.99508E-07,8.42134E-08,0.00427213,0.00414281,0,0,0,0,0.295308,0.295308,2.81303,3.97405
F1,0,20000,2.8284,1,6,0.282318,0.282703,0.0299931,0.0108576,-0.0110218,-0.0300563,0.0907772,-0.00646801,0.0894185,0.0117579,0.00156308,0.00175947,0.010269,0.0102706,0.064185,0.0208368,0.0204502,0.0103305,0.010308,4.87701E-07,1.13151E-07,0.00427606,0.00414279,0.00871443,0,0.0136167,0,0.282313,0.282315,2.79928,3.97405
F2,0,20000,2.8284,1,6,0.29579,0.29619,0.020341,0.0202194,-0.0203483,-0.0204407,0.09098,-0.00656452,0.0894171,0.0117658,0.00156306,0.00175968,0.0102699,0.0102704,0.0641847,0.0208384,0.0204489,0.00923077,0.0092307,3.98773E-07,8.41388E-08,0.00427191,0.00414279,9.20225E-08,0,4.42485E-05,0,0.29579,0.295791,2.79956,3.97405
B,0,20000,2.8284,1,6,0.295805,0.296205,0.0203307,0.0202301,-0.0203399,-0.0204451,0.0909802,-0.00656459,0.0894171,0.0117658,0.00156306,0.00175968,0.0102699,0.0102704,0.0641847,0.0208384,0.0204489,0.00923075,0.00923071,3.98734E-07,8.4121E-08,0.00427191,0.00414279,3.97912E-08,0,2.90968E-05,0,0.295805,0.295806,2.79956,3.97405
A,0,20000,3.818,1,0,0.295037,0.296189,0.0205048,0.0200348,-0.0202566,-0.0205189,0.0908338,-0.00648247,0.0895243,0.0117645,0.00156314,0.00175822,0.0102683,0.0102706,0.0642571,0.0207999,0.0204146,0.00922719,0.00922807,4.06642E-07,9.02036E-08,0.00427403,0.00414281,0,0,0,0,0.295037,0.295037,3.8039,3.97131
F1,0,20000,3.818,1,0,0.295358,0.295868,0.0205032,0.0200375,-0.0202579,-0.0205161,0.0909353,-0.00648189,0.0894223,0.0117643,0.00156314,0.00175818,0.0102682,0.0102706,0.0641883,0.0208345,0.0204486,0.00922764,0.00922714,4.06322E-07,9.03276E-08,0.00427383,0.00414278,3.54504E-06,0,0.000274639,0,0.295358,0.295359,3.79007,3.97131
F2,0,20000,3.818,1,0,0.295649,0.296159,0.0203546,0.0201885,-0.0203246,-0.0204536,0.0909395,-0.00648307,0.0894223,0.0117644,0.00156314,0.00175819,0.0102683,0.0102706,0.0641883,0.0208345,0.0204485,0.00922713,0.00922701,4.05548E-07,8.99778E-08,0.00427378,0.00414278,1.67673E-07,0,5.97288E-05,0,0.295649,0.295649,3.79008,3.97131
B,0,20000,3.818,1,0,0.295677,0.296187,0.020341,0.0202028,-0.0203129,-0.0204587,0.0909399,-0.00648318,0.0894223,0.0117645,0.00156314,0.00175819,0.0102683,0.0102706,0.0641883,0.0208345,0.0204485,0.00922711,0.00922703,4.05476E-07,8.99449E-08,0.00427377,0.00414278,7.25031E-08,0,3.92763E-05,0,0.295677,0.295677,3.79008,3.97131
A,0,20000,3.818,1,1,0.295036,0.296189,0.020505,0.0200346,-0.0202567,-0.0205191,0.090834,-0.00648191,0.0895245,0.0117644,0.00156314,0.00175822,0.0102683,0.0102706,0.0642572,0.0207999,0.0204145,0.00922716,0.00922804,4.06778E-07,9.02646E-08,0.00427406,0.00414281,0,0,0,0,0.295035,0.295036,3.80189,4.76176
F1,0,20000,3.818,1,1,0.322077,0.322289,0.0800892,-6.09866E-05,7.08966E-05,-0.0808087,0.089876,-0.00535446,0.0894619,0.0116225,0.00156394,0.00176282,0.01022,0.0103005,0.0642001,0.0207501,0.0205196,0.0383447,0.0383504,2.88645E-06,1.23697E-06,0.00439792,0.00414278,0.154585,0,0.0573501,0,0.322092,0.32208,3.78382,4.76176
F2,0,20000,3.818,1,1,0.322077,0.322289,0.0800892,-6.09866E-05,7.08966E-05,-0.0808087,0.089876,-0.00535446,0.0894619,0.0116225,0.00156394,0.00176282,0.01022,0.0103005,0.0642001,0.0207501,0.0205196,0.0383447,0.0383504,2.88645E-06,1.23697E-06,0.00439792,0.00414278,0.154585,0,0.0573501,0,0.322092,0.32208,3.78382,4.76176
B,0,20000,3.818,1,1,0.322077,0.322289,0.0800892,-6.09864E-05,7.08964E-05,-0.0808087,0.089876,-0.00535446,0.0894619,0.0116225,0.00156394,0.00176282,0.01022,0.0103005,0.0642001,0.0207501,0.0205196,0.0383447,0.0383504,2.88645E-06,1.23697E-06,0.00439792,0.00414278,0.154585,0,0.0573501,0,0.322092,0.32208,3.78382,4.76176
A,0,20000,3.818,1,2,0.295036,0.296189,0.020505,0.0200346,-0.0202567,-0.0205191,0.090834,-0.00648192,0.0895245,0.0117644,0.00156314,0.00175822,0.0102683,0.0102706,0.0642572,0.0207999,0.0204145,0.00922716,0.00922804,4.06778E-07,9.02646E-08,0.00427406,0.00414281,0,0,0,0,0.295035,0.295036,3.80189,4.23479
F1,0,20000,3.818,1,2,0.322077,0.32229,0.0800892,-6.09946E-05,7.09523E-05,-0.0808087,0.089876,-0.00535447,0.0894619,0.0116225,0.00156394,0.00176282,0.01022,0.0103005,0.0642001,0.0207501,0.0205196,0.0383447,0.0383504,2.88645E-06,1.23697E-06,0.00439792,0.00414278,0.154585,0,0.0573502,0,0.322092,0.32208,3.78382,4.23479
F2,0,20000,3.818,1,2,0.295649,0.296159,0.0203546,0.0201884,-0.0203247,-0.0204536,0.0909397,-0.00648267,0.0894223,0.0117644,0.00156314,0.00175819,0.0102683,0.0102706,0.0641883,0.0208346,0.0204484,0.00922711,0.00922698,4.05684E-07,9.0039E-08,0.00427381,0.00414278,1.67659E-07,0,5.97262E-05,0,0.295647,0.295648,3.78548,4.23479
B,0,20000,3.818,1,2,0.295676,0.296187,0.020341,0.0202027,-0.0203128,-0.0204585,0.0909401,-0.00648277,0.0894223,0.0117644,0.00156314,0.00175819,0.0102683,0.0102706,0.0641883,0.0208346,0.0204484,0.00922708,0.009227,4.05611E-07,9.0006E-08,0.0042738,0.00414278,7.2497E-08,0,3.92746E-05,0,0.295674,0.295676,3.78548,4.23479
A,0,20000,3.818,1,3,0.295036,0.296189,0.020505,0.0200346,-0.0202567,-0.0205191,0.090834,-0.00648192,0.0895245,0.0117644,0.00156314,0.00175822,0.0102683,0.0102706,0.0642572,0.0207999,0.0204145,0.00922716,0.00922804,4.06778E-07,9.02646E-08,0.00427406,0.00414281,0,0,0,0,0.295035,0.295036,3.80189,4.23479
F1,0,20000,3.818,1,3,0.295358,0.295868,0.0205034,0.0200376,-0.0202582,-0.0205161,0.0909355,-0.00648158,0.0894224,0.0117643,0.00156314,0.00175818,0.0102683,0.0102706,0.0641883,0.0208345,0.0204485,0.00922761,0.0092271,4.06457E-07,9.0389E-08,0.00427386,0.00414278,3.54474E-06,0,0.000274627,0,0.295356,0.295358,3.78547,4.23479
F2,0,20000,3.818,1,3,0.322077,0.32229,0.0800892,-6.09942E-05,7.09522E-05,-0.0808087,0.089876,-0.00535447,0.0894619,0.0116225,0.00156394,0.00176282,0.01022,0.0103005,0.0642001,0.0207501,0.0205196,0.0383447,0.0383504,2.88645E-06,1.23697E-06,0.00439792,0.00414278,0.154585,0,0.0573501,0,0.322092,0.32208,3.78382,4.23479
B,0,20000,3.818,1,3,0.295676,0.296187,0.020341,0.0202027,-0.0203128,-0.0204585,0.0909401,-0.00648277,0.0894223,0.0117644,0.00156314,0.00175819,0.0102683,0.0102706,0.0641883,0.0208346,0.0204484,0.00922708,0.009227,4.05611E-07,9.0006E-08,0.0042738,0.00414278,7.2497E-08,0,3.92746E-05,0,0.295674,0.295676,3.78548,4.23479
A,0,20000,3.818,1,4,0.295036,0.296189,0.020505,0.0200346,-0.0202567,-0.0205191,0.090834,-0.00648192,0.0895245,0.0117644,0.00156314,0.00175822,0.0102683,0.0102706,0.0642572,0.0207999,0.0204145,0.00922716,0.00922804,4.06778E-07,9.02646E-08,0.00427406,0.00414281,0,0,0,0,0.295035,0.295036,3.80189,4.23479
F1,0,20000,3.818,1,4,0.295358,0.295868,0.0205034,0.0200376,-0.0202582,-0.0205161,0.0909355,-0.00648158,0.0894224,0.0117643,0.00156314,0.00175818,0.0102683,0.0102706,0.0641883,0.0208345,0.0204485,0.00922761,0.0092271,4.06457E-07,9.0389E-08,0.00427386,0.00414278,3.54474E-06,0,0.000274627,0,0.295356,0.295358,3.78547,4.23479
F2,0,20000,3.818,1,4,0.295649,0.296159,0.0203546,0.0201884,-0.0203247,-0.0204536,0.0909397,-0.00648267,0.0894223,0.0117644,0.00156314,0.00175819,0.0102683,0.0102706,0.0641883,0.0208346,0.0204484,0.00922711,0.00922698,4.05684E-07,9.0039E-08,0.00427381,0.00414278,1.67659E-07,0,5.97262E-05,0,0.295647,0.295648,3.78548,4.23479
B,0,20000,3.818,1,4,0.322077,0.32229,0.0800892,-6.09942E-05,7.09521E-05,-0.0808087,0.089876,-0.00535447,0.0894619,0.0116225,0.00156394,0.00176282,0.01022,0.0103005,0.0642001,0.0207501,0.0205196,0.0383447,0.0383503,2.88645E-06,1.23697E-06,0.00439792,0.00414278,0.154585,0,0.0573502,0,0.322092,0.32208,3.78382,4.23479
A,0,20000,3.818,1,5,0.295037,0.296189,0.0205048,0.0200348,-0.0202566,-0.020519,0.0908338,-0.00648248,0.0895244,0.0117644,0.00156315,0.00175822,0.0102682,0.0102706,0.0642571,0.0207999,0.0204146,0.00922716,0.00922804,4.06774E-07,9.02706E-08,0.00427403,0.00414281,0,0,0,0,0.295036,0.295037,3.80386,4.1247
F1,0,20000,3.818,1,5,0.291524,0.291375,0.0661831,-5.57657E-05,3.99395E-05,-0.0666701,0.0900485,-0.00559675,0.0894396,0.0116716,0.00156355,0.0017602,0.0102443,0.0102833,0.0641936,0.0207961,0.0204808,0.0273416,0.0273309,1.90735E-06,7.50497E-07,0.00435016,0.00414278,0.105357,0,0.047346,0,0.291527,0.291515,3.79083,4.1247
F2,0,20000,3.818,1,5,0.295649,0.296159,0.0203547,0.0201885,-0.0203246,-0.0204535,0.0909394,-0.00648307,0.0894223,0.0117644,0.00156314,0.00175819,0.0102683,0.0102706,0.0641883,0.0208345,0.0204486,0.0092271,0.00922698,4.0568E-07,9.00445E-08,0.00427378,0.00414278,1.67674E-07,0,5.97288E-05,0,0.295648,0.295649,3.7901,4.1247
B,0,20000,3.818,1,5,0.295677,0.296187,0.020341,0.0202029,-0.020313,-0.0204587,0.0909398,-0.00648318,0.0894223,0.0117644,0.00156314,0.00175819,0.0102683,0.0102706,0.0641883,0.0208345,0.0204485,0.00922708,0.009227,4.05607E-07,9.00115E-08,0.00427377,0.00414278,7.25033E-08,0,3.92763E-05,0,0.295676,0.295677,3.7901,4.1247
A,0,20000,3.818,1,6,0.295037,0.296189,0.0205047,0.0200347,-0.0202566,-0.020519,0.0908339,-0.00648229,0.0895244,0.0117645,0.00156314,0.00175822,0.0102683,0.0102706,0.0642571,0.0207999,0.0204146,0.00922719,0.00922807,4.06646E-07,9.02022E-08,0.00427403,0.00414281,0,0,0,0,0.295036,0.295037,3.80407,3.97561
F1,0,20000,3.818,1,6,0.271264,0.271747,0.0334846,0.00765094,-0.00784074,-0.0335314,0.0905659,-0.00635089,0.0894253,0.0117498,0.00156319,0.0017578,0.0102661,0.0102714,0.0641888,0.0208302,0.020452,0.0112418,0.0112003,5.70726E-07,1.44936E-07,0.00428146,0.00414278,0.0158774,0,0.0183798,0,0.271255,0.27126,3.78907,3.97561
F2,0,20000,3.818,1,6,0.295649,0.296159,0.0203546,0.0201884,-0.0203246,-0.0204536,0.0909395,-0.00648292,0.0894223,0.0117644,0.00156314,0.00175819,0.0102683,0.0102706,0.0641883,0.0208345,0.0204485,0.00922714,0.00922701,4.05552E-07,8.99765E-08,0.00427379,0.00414278,1.6767E-07,0,5.97282E-05,0,0.295648,0.295649,3.78965,3.97561
B,0,20000,3.818,1,6,0.295677,0.296187,0.020341,0.0202028,-0.0203129,-0.0204587,0.0909399,-0.00648303,0.0894223,0.0117645,0.00156314,0.00175819,0.0102683,0.0102706,0.0641883,0.0208345,0.0204485,0.00922711,0.00922703,4.0548E-07,8.99435E-08,0.00427378,0.00414278,7.25017E-08,0,3.92759E-05,0,0.295676,0.295677,3.78965,3.97561
A,10,1000,3.818,0.25,0,0.295045,0.296188,0.0205029,0.0200365,-0.0202638,-0.0204973,0.0908372,-0.00674991,0.0895228,0.0117644,0.00156296,0.00176145,0.0102714,0.0102707,0.0642558,0.0208033,0.020414,0.00922714,0.00922804,3.98025E-07,8.10301E-08,0.00426953,0.00414281,0,0,0,0,0.295045,0.295045,3.80207,3.9714
F1,10,1000,3.818,0.25,0,0.29536,0.295868,0.0205023,0.0200372,-0.0202643,-0.0204958,0.0909402,-0.00674975,0.0894191,0.0117642,0.00156296,0.00176141,0.0102714,0.0102707,0.064186,0.0208384,0.0204485,0.00922709,0.00922763,3.97682E-07,8.11465E-08,0.00426932,0.00414279,3.54097E-06,0,0.000274481,0,0.29536,0.29536,3.78621,3.9714
F2,10,1000,3.818,0.25,0,0.295658,0.29615,0.0203527,0.0201885,-0.0203445,-0.0204163,0.0909443,-0.00675185,0.0894192,0.0117643,0.00156296,0.00176141,0.0102714,0.0102707,0.064186,0.0208384,0.0204485,0.00922707,0.00922701,3.97049E-07,8.09135E-08,0.0042693,0.00414279,1.67486E-07,0,5.96954E-05,0,0.295658,0.295659,3.78622,3.9714
B,10,1000,3.818,0.25,0,0.295171,0.294744,0.0209939,0.0195337,-0.0197599,-0.0210411,0.0911614,-0.006752,0.0892134,0.0117645,0.00156297,0.00176134,0.0102715,0.0102708,0.0642339,0.020815,0.0204243,0.00922343,0.00924691,3.95851E-07,8.06175E-08,0.00426889,0.00414276,4.47827E-08,0,3.08679E-05,0,0.295169,0.29517,2.94063,3.9714
A,10,1000,3.818,0.25,1,0.295045,0.296188,0.0205029,0.0200365,-0.0202638,-0.0204973,0.0908371,-0.00674991,0.0895229,0.0117644,0.00156296,0.00176145,0.0102714,0.0102707,0.0642559,0.0208033,0.020414,0.00922714,0.00922804,3.98026E-07,8.10285E-08,0.00426953,0.00414281,0,0,0,0,0.295044,0.295045,3.80191,4.32297
F1,10,1000,3.818,0.25,1,0.300508,0.301086,0.0651362,-3.97457E-08,1.04743E-08,-0.0655066,0.0902917,-0.00631021,0.0894192,0.0116801,0.00156288,0.00176749,0.010265,0.0102706,0.064186,0.0208368,0.02045,0.0266011,0.0266147,1.40554E-06,3.34181E-07,0.00432088,0.00414278,0.102009,0,0.0465875,0,0.300055,0.300279,3.78566,4.32297
F2,10,1000,3.818,0.25,1,0.300508,0.301086,0.0651362,-3.97457E-08,1.04743E-08,-0.0655066,0.0902917,-0.00631021,0.0894192,0.0116801,0.00156288,0.00176749,0.010265,0.0102706,0.064186,0.0208368,0.02045,0.0266011,0.0266147,1.40554E-06,3.34181E-07,0.00432088,0.00414278,0.102009,0,0.0465875,0,0.300055,0.300279,3.78566,4.32297
B,10,1000,3.818,0.25,1,0.284201,0.283785,0.0523012,2.48014E-06,-3.2891E-06,-0.0526528,0.0907213,-0.00640156,0.0892117,0.0117233,0.00156293,0.00176398,0.0102686,0.0102708,0.0642339,0.0208146,0.0204247,0.0189185,0.0189555,9.38223E-07,2.12199E-07,0.00429382,0.00414275,0.0630272,0,0.0366197,0,0.283826,0.284012,2.93929,4.32297
A,10,1000,3.818,0.25,2,0.295045,0.296188,0.0205029,0.0200365,-0.0202638,-0.0204973,0.0908372,-0.00674991,0.0895228,0.0117644,0.00156296,0.00176145,0.0102714,0.0102707,0.0642559,0.0208033,0.020414,0.00922714,0.00922804,3.98025E-07,8.10295E-08,0.00426953,0.00414281,0,0,0,0,0.295044,0.295045,3.80202,4.11719
F1,10,1000,3.818,0.25,2,0.300476,0.301118,0.0651375,-4.23423E-08,1.26416E-08,-0.0655079,0.0902917,-0.00631023,0.0894187,0.0116801,0.00156288,0.00176748,0.010265,0.0102706,0.0641859,0.0208368,0.0204501,0.0265997,0.0266178,1.4055E-06,3.3422E-07,0.00432083,0.00414278,0.102012,0,0.0465883,0,0.300053,0.300214,3.78579,4.11719
F2,10,1000,3.818,0.25,2,0.295658,0.296151,0.0203527,0.0201885,-0.0203445,-0.0204163,0.0909443,-0.00675185,0.0894192,0.0117643,0.00156296,0.00176141,0.0102714,0.0102707,0.064186,0.0208384,0.0204484,0.00922707,0.00922701,3.97049E-07,8.09129E-08,0.0042693,0.00414279,1.67473E-07,0,5.9693E-05,0,0.295658,0.295658,3.78616,4.11719
B,10,1000,3.818,0.25,2,0.295171,0.294745,0.0209939,0.0195337,-0.0197599,-0.0210411,0.0911614,-0.006752,0.0892135,0.0117645,0.00156297,0.00176134,0.0102715,0.0102708,0.0642339,0.020815,0.0204243,0.00922343,0.00924691,3.95851E-07,8.0617E-08,0.00426889,0.00414276,4.47792E-08,0,3.08666E-05,0,0.295169,0.29517,2.94055,4.11719
A,10,1000,3.818,0.25,4,0.295045,0.296188,0.0205029,0.0200365,-0.0202638,-0.0204973,0.0908372,-0.00674991,0.0895228,0.0117644,0.00156296,0.00176145,0.0102714,0.0102707,0.0642559,0.0208033,0.020414,0.00922714,0.00922804,3.98025E-07,8.10296E-08,0.00426953,0.00414281,0,0,0,0,0.295044,0.295045,3.80203,4.03142
F1,10,1000,3.818,0.25,4,0.29536,0.295868,0.0205023,0.0200372,-0.0202643,-0.0204958,0.0909402,-0.00674975,0.0894192,0.0117642,0.00156296,0.00176141,0.0102714,0.0102707,0.064186,0.0208384,0.0204485,0.00922709,0.00922763,3.97682E-07,8.11459E-08,0.00426932,0.00414279,3.54072E-06,0,0.000274471,0,0.295359,0.29536,3.78616,4.03142
F2,10,1000,3.818,0.25,4,0.295658,0.296151,0.0203527,0.0201885,-0.0203445,-0.0204163,0.0909443,-0.00675185,0.0894192,0.0117643,0.00156296,0.00176141,0.0102714,0.0102707,0.064186,0.0208384,0.0204484,0.00922707,0.00922701,3.97049E-07,8.0913E-08,0.0042693,0.00414279,1.67475E-07,0,5.96933E-05,0,0.295658,0.295658,3.78617,4.03142
B,10,1000,3.818,0.25,4,0.284172,0.283811,0.0523021,2.48118E-06,-3.29247E-06,-0.0526537,0.0907212,-0.00640157,0.0892114,0.0117232,0.00156294,0.00176397,0.0102686,0.0102708,0.0642339,0.0208146,0.0204247,0.0189172,0.0189579,9.38176E-07,2.12226E-07,0.00429379,0.00414275,0.0630295,0,0.0366204,0,0.283824,0.283953,2.9393,4.03142
A,10,1000,3.818,0.25,5,0.295045,0.296188,0.0205029,0.0200365,-0.0202638,-0.0204973,0.0908372,-0.00674991,0.0895228,0.0117644,0.00156296,0.00176145,0.0102714,0.0102707,0.0642558,0.0208033,0.020414,0.00922714,0.00922804,3.98025E-07,8.10296E-08,0.00426953,0.00414281,0,0,0,0,0.295044,0.295045,3.80204,4.05972
F1,10,1000,3.818,0.25,5,0.280734,0.281305,0.0569255,5.01348E-07,-5.88934E-07,-0.0572485,0.0902944,-0.00635891,0.0894183,0.011704,0.00156291,0.00176529,0.0102672,0.0102707,0.064186,0.0208365,0.0204504,0.0214244,0.0214265,1.11876E-06,2.62985E-07,0.00430401,0.00414279,0.0779079,0,0.0407138,0,0.280392,0.280514,3.7857,4.05972
F2,10,1000,3.818,0.25,5,0.295658,0.296151,0.0203527,0.0201885,-0.0203445,-0.0204163,0.0909443,-0.00675185,0.0894192,0.0117643,0.00156296,0.00176141,0.0102714,0.0102707,0.064186,0.0208384,0.0204484,0.00922707,0.00922701,3.97049E-07,8.0913E-08,0.0042693,0.00414279,1.67476E-07,0,5.96937E-05,0,0.295658,0.295658,3.78618,4.05972
B,10,1000,3.818,0.25,5,0.295171,0.294744,0.0209939,0.0195337,-0.0197599,-0.0210411,0.0911614,-0.006752,0.0892135,0.0117645,0.00156297,0.00176134,0.0102715,0.0102708,0.0642339,0.020815,0.0204243,0.00922343,0.00924691,3.95851E-07,8.06171E-08,0.00426889,0.00414276,4.47802E-08,0,3.0867E-05,0,0.295169,0.29517,2.94058,4.05972
A,10,1000,3.818,0.5,0,0.295044,0.296187,0.0205032,0.0200361,-0.0202635,-0.0204976,0.0908372,-0.00674991,0.0895228,0.0117644,0.00156296,0.00176145,0.0102714,0.0102707,0.0642558,0.0208033,0.020414,0.00922714,0.00922804,3.98026E-07,8.10307E-08,0.00426953,0.00414281,0,0,0,0,0.295044,0.295044,3.80207,3.97077
F1,10,1000,3.818,0.5,0,0.29536,0.295868,0.0205023,0.0200372,-0.0202643,-0.0204958,0.0909402,-0.00674975,0.0894191,0.0117642,0.00156296,0.00176141,0.0102714,0.0102707,0.064186,0.0208384,0.0204485,0.00922709,0.00922763,3.97682E-07,8.11465E-08,0.00426932,0.00414279,3.54098E-06,0,0.000274481,0,0.29536,0.29536,3.78621,3.97077
F2,10,1000,3.818,0.5,0,0.295658,0.29615,0.0203527,0.0201885,-0.0203445,-0.0204163,0.0909443,-0.00675185,0.0894192,0.0117643,0.00156296,0.00176141,0.0102714,0.0102707,0.064186,0.0208384,0.0204485,0.00922707,0.00922701,3.97049E-07,8.09135E-08,0.0042693,0.00414279,1.67487E-07,0,5.96954E-05,0,0.295658,0.295659,3.78622,3.97077
B,10,1000,3.818,0.5,0,0.29178,0.291359,0.0216837,0.0187568,-0.0190875,-0.0216343,0.0910365,-0.00670364,0.0891453,0.0117569,0.00156297,0.00176114,0.0102716,0.0102708,0.0642173,0.0208227,0.0204331,0.00922402,0.00924774,4.15247E-07,9.11606E-08,0.0042681,0.00414272,1.78907E-07,0,6.16971E-05,0,0.291773,0.291775,5.92621,3.97077
A,10,1000,3.818,0.5,1,0.295044,0.296188,0.0205032,0.0200362,-0.0202635,-0.0204976,0.0908371,-0.00674991,0.0895229,0.0117644,0.00156296,0.00176145,0.0102714,0.0102707,0.0642559,0.0208033,0.020414,0.00922714,0.00922804,3.98027E-07,8.10294E-08,0.00426953,0.00414281,0,0,0,0,0.295043,0.295044,3.80194,4.73421
F1,10,1000,3.818,0.5,1,0.300501,0.301093,0.0651355,-3.89133E-08,9.82423E-09,-0.0655059,0.0902917,-0.00631022,0.0894191,0.0116801,0.00156288,0.00176749,0.010265,0.0102706,0.064186,0.0208368,0.0204501,0.0266008,0.0266154,1.40553E-06,3.34191E-07,0.00432087,0.00414278,0.102009,0,0.0465877,0,0.300055,0.300264,3.78569,4.73421
F2,10,1000,3.818,0.5,1,0.300501,0.301093,0.0651355,-3.89132E-08,9.82425E-09,-0.0655059,0.0902917,-0.00631022,0.0894191,0.0116801,0.00156288,0.00176749,0.010265,0.0102706,0.064186,0.0208368,0.0204501,0.0266008,0.0266154,1.40553E-06,3.34191E-07,0.00432087,0.00414278,0.102009,0,0.0465877,0,0.300055,0.300264,3.78569,4.73421
B,10,1000,3.818,0.5,1,0.350065,0.347732,0.10437,-2.73113E-06,3.20344E-06,-0.104988,0.0890821,-0.00594014,0.0891518,0.0114853,0.00156275,0.00177907,0.010252,0.0102711,0.0642174,0.0208202,0.0204354,0.0630415,0.0631968,3.99066E-06,1.16717E-06,0.00442504,0.0041427,0.2517,0,0.07318,0,0.349295,0.349656,5.92263,4.73421
A,10,1000,3.818,0.5,2,0.295044,0.296187,0.0205032,0.0200362,-0.0202635,-0.0204976,0.0908371,-0.00674991,0.0895228,0.0117644,0.00156296,0.00176145,0.0102714,0.0102707,0.0642559,0.0208033,0.020414,0.00922714,0.00922804,3.98027E-07,8.10301E-08,0.00426953,0.00414281,0,0,0,0,0.295044,0.295044,3.80202,4.11656
F1,10,1000,3.818,0.5,2,0.300476,0.301118,0.0651375,-4.23492E-08,1.26475E-08,-0.0655079,0.0902917,-0.00631023,0.0894187,0.0116801,0.00156288,0.00176748,0.010265,0.0102706,0.0641859,0.0208368,0.0204501,0.0265997,0.0266178,1.4055E-06,3.34221E-07,0.00432083,0.00414278,0.102012,0,0.0465883,0,0.300053,0.300214,3.78579,4.11656
F2,10,1000,3.818,0.5,2,0.295658,0.296151,0.0203527,0.0201885,-0.0203445,-0.0204163,0.0909443,-0.00675185,0.0894192,0.0117643,0.00156296,0.00176141,0.0102714,0.0102707,0.064186,0.0208384,0.0204484,0.00922707,0.00922701,3.97049E-07,8.09129E-08,0.0042693,0.00414279,1.67473E-07,0,5.9693E-05,0,0.295658,0.295658,3.78616,4.11656
B,10,1000,3.818,0.5,2,0.29178,0.29136,0.0216836,0.0187569,-0.0190876,-0.0216343,0.0910365,-0.00670363,0.0891453,0.0117569,0.00156297,0.00176114,0.0102716,0.0102708,0.0642173,0.0208227,0.0204331,0.00922402,0.00924773,4.15247E-07,9.11591E-08,0.00426811,0.00414272,1.78892E-07,0,6.16946E-05,0,0.291772,0.291776,5.92605,4.11656
A,10,1000,3.818,0.5,4,0.295044,0.296187,0.0205032,0.0200361,-0.0202635,-0.0204976,0.0908372,-0.00674991,0.0895228,0.0117644,0.00156296,0.00176145,0.0102714,0.0102707,0.0642558,0.0208033,0.020414,0.00922714,0.00922804,3.98026E-07,8.10308E-08,0.00426953,0.00414281,0,0,0,0,0.295044,0.295044,3.80207,4.44268
F1,10,1000,3.818,0.5,4,0.29536,0.295868,0.0205023,0.0200372,-0.0202643,-0.0204958,0.0909402,-0.00674975,0.0894191,0.0117642,0.00156296,0.00176141,0.0102714,0.0102707,0.064186,0.0208384,0.0204485,0.00922709,0.00922763,3.97682E-07,8.11465E-08,0.00426932,0.00414279,3.54098E-06,0,0.000274481,0,0.29536,0.29536,3.78621,4.44268
F2,10,1000,3.818,0.5,4,0.295658,0.29615,0.0203527,0.0201885,-0.0203445,-0.0204163,0.0909443,-0.00675185,0.0894192,0.0117643,0.00156296,0.00176141,0.0102714,0.0102707,0.064186,0.0208384,0.0204485,0.00922707,0.00922701,3.97049E-07,8.09136E-08,0.0042693,0.00414279,1.67487E-07,0,5.96954E-05,0,0.295658,0.295659,3.78622,4.44268
B,10,1000,3.818,0.5,4,0.349991,0.347819,0.104373,-4.72665E-06,4.06979E-06,-0.104986,0.0890817,-0.00593863,0.0891506,0.0114852,0.00156275,0.00177906,0.010252,0.0102711,0.0642174,0.0208202,0.0204355,0.0630378,0.0632076,3.99065E-06,1.16734E-06,0.00442493,0.0041427,0.251712,0,0.0731818,0,0.349296,0.3495,5.92255,4.44268
A,10,1000,3.818,0.5,5,0.295044,0.296187,0.0205032,0.0200361,-0.0202635,-0.0204976,0.0908371,-0.00674991,0.0895228,0.0117644,0.00156296,0.00176145,0.0102714,0.0102707,0.0642558,0.0208033,0.020414,0.00922714,0.00922804,3.98027E-07,8.10302E-08,0.00426953,0.00414281,0,0,0,0,0.295044,0.295044,3.80204,4.05908
F1,10,1000,3.818,0.5,5,0.280734,0.281305,0.0569255,5.01346E-07,-5.88932E-07,-0.0572485,0.0902944,-0.00635891,0.0894183,0.011704,0.00156291,0.00176529,0.0102672,0.0102707,0.064186,0.0208365,0.0204504,0.0214244,0.0214265,1.11876E-06,2.62985E-07,0.00430401,0.00414279,0.0779079,0,0.0407138,0,0.280392,0.280514,3.7857,4.05908
F2,10,1000,3.818,0.5,5,0.295658,0.296151,0.0203527,0.0201885,-0.0203445,-0.0204163,0.0909443,-0.00675185,0.0894192,0.0117643,0.00156296,0.00176141,0.0102714,0.0102707,0.064186,0.0208384,0.0204484,0.00922707,0.00922701,3.97049E-07,8.0913E-08,0.0042693,0.00414279,1.67476E-07,0,5.96937E-05,0,0.295658,0.295658,3.78618,4.05908
B,10,1000,3.818,0.5,5,0.29178,0.291359,0.0216836,0.0187569,-0.0190876,-0.0216343,0.0910365,-0.00670363,0.0891453,0.0117569,0.00156297,0.00176114,0.0102716,0.0102708,0.0642173,0.0208227,0.0204331,0.00922402,0.00924774,4.15247E-07,9.11594E-08,0.0042681,0.00414272,1.78896E-07,0,6.16952E-05,0,0.291772,0.291776,5.9261,4.05908
A,10,1000,3.818,0.79,0,0.295043,0.296186,0.0205039,0.0200354,-0.0202628,-0.0204983,0.0908372,-0.0067499,0.0895228,0.0117644,0.00156296,0.00176145,0.0102714,0.0102707,0.0642558,0.0208033,0.020414,0.00922714,0.00922805,3.98029E-07,8.10318E-08,0.00426953,0.00414281,0,0,0,0,0.295043,0.295043,3.80207,3.96938
F1,10,1000,3.818,0.79,0,0.29536,0.295868,0.0205023,0.0200372,-0.0202643,-0.0204958,0.0909402,-0.00674975,0.0894191,0.0117642,0.00156296,0.00176141,0.0102714,0.0102707,0.064186,0.0208384,0.0204485,0.00922709,0.00922763,3.97682E-07,8.11465E-08,0.00426932,0.00414279,3.54098E-06,0,0.000274481,0,0.29536,0.29536,3.78621,3.96938
F2,10,1000,3.818,0.79,0,0.295658,0.29615,0.0203527,0.0201885,-0.0203445,-0.0204163,0.0909443,-0.00675185,0.0894192,0.0117643,0.00156296,0.00176141,0.0102714,0.0102707,0.064186,0.0208384,0.0204485,0.00922707,0.00922701,3.97049E-07,8.09135E-08,0.0042693,0.00414279,1.67487E-07,0,5.96954E-05,0,0.295658,0.295659,3.78622,3.96938
B,10,1000,3.818,0.79,0,0.284723,0.284787,0.0224558,0.0177968,-0.0182806,-0.0222551,0.090673,-0.00663508,0.0890775,0.0117394,0.00156298,0.00176059,0.010272,0.0102708,0.0641989,0.0208305,0.0204435,0.00922541,0.00924418,4.5776E-07,1.18562E-07,0.00426569,0.00414265,4.47365E-07,0,9.75623E-05,0,0.284706,0.284712,9.39949,3.96938
A,10,1000,3.818,0.79,1,0.295043,0.296186,0.0205039,0.0200355,-0.0202628,-0.0204983,0.0908371,-0.0067499,0.0895229,0.0117644,0.00156296,0.00176145,0.0102714,0.0102707,0.0642559,0.0208033,0.020414,0.00922714,0.00922805,3.9803E-07,8.10306E-08,0.00426953,0.00414281,0,0,0,0,0.295042,0.295043,3.80194,5.27849
F1,10,1000,3.818,0.79,1,0.3005,0.301094,0.0651355,-3.63871E-08,8.78074E-09,-0.0655059,0.0902917,-0.00631023,0.0894191,0.0116801,0.00156288,0.00176749,0.010265,0.0102706,0.064186,0.0208368,0.0204501,0.0266008,0.0266155,1.40553E-06,3.34191E-07,0.00432087,0.00414278,0.102009,0,0.0465877,0,0.300054,0.300263,3.78569,5.27849
F2,10,1000,3.818,0.79,1,0.3005,0.301094,0.0651355,-3.63871E-08,8.78077E-09,-0.0655059,0.0902917,-0.00631023,0.0894191,0.0116801,0.00156288,0.00176749,0.010265,0.0102706,0.064186,0.0208368,0.0204501,0.0266008,0.0266155,1.40553E-06,3.34191E-07,0.00432087,0.00414278,0.102009,0,0.0465877,0,0.300054,0.300263,3.78569,5.27849
B,10,1000,3.818,0.79,1,0.342479,0.341081,0.164359,-8.73017E-06,7.32869E-06,-0.163256,0.0820399,-0.00485139,0.0892357,0.0109509,0.0015636,0.00178933,0.0101966,0.0103122,0.0642117,0.020711,0.0205472,0.153858,0.15322,1.32948E-05,6.18562E-06,0.00462915,0.00414238,0.624452,0,0.115266,0,0.341035,0.341723,9.3898,5.27849
A,10,1000,3.818,0.79,2,0.295043,0.296186,0.0205039,0.0200354,-0.0202628,-0.0204983,0.0908371,-0.0067499,0.0895228,0.0117644,0.00156296,0.00176145,0.0102714,0.0102707,0.0642559,0.0208033,0.020414,0.00922714,0.00922805,3.9803E-07,8.10312E-08,0.00426953,0.00414281,0,0,0,0,0.295042,0.295043,3.80202,4.11517
F1,10,1000,3.818,0.79,2,0.300476,0.301118,0.0651375,-4.23341E-08,1.26346E-08,-0.0655079,0.0902917,-0.00631023,0.0894187,0.0116801,0.00156288,0.00176748,0.010265,0.0102706,0.0641859,0.0208368,0.0204501,0.0265998,0.0266178,1.4055E-06,3.3422E-07,0.00432083,0.00414278,0.102012,0,0.0465883,0,0.300053,0.300215,3.78579,4.11517
F2,10,1000,3.818,0.79,2,0.295658,0.296151,0.0203527,0.0201885,-0.0203445,-0.0204163,0.0909443,-0.00675185,0.0894192,0.0117643,0.00156296,0.00176141,0.0102714,0.0102707,0.064186,0.0208384,0.0204484,0.00922707,0.00922701,3.97049E-07,8.09129E-08,0.0042693,0.00414279,1.67473E-07,0,5.9693E-05,0,0.295658,0.295658,3.78616,4.11517
B,10,1000,3.818,0.79,2,0.284724,0.284788,0.0224557,0.0177969,-0.0182806,-0.0222551,0.090673,-0.00663508,0.0890776,0.0117394,0.00156297,0.00176059,0.0102721,0.0102708,0.0641989,0.0208305,0.0204435,0.00922542,0.00924417,4.57757E-07,1.18558E-07,0.00426569,0.00414265,4.47329E-07,0,9.75584E-05,0,0.284705,0.284713,9.39925,4.11517
A,10,1000,3.818,0.79,4,0.295043,0.296186,0.0205039,0.0200354,-0.0202628,-0.0204983,0.0908372,-0.0067499,0.0895228,0.0117644,0.00156296,0.00176145,0.0102714,0.0102707,0.0642558,0.0208033,0.020414,0.00922714,0.00922805,3.9803E-07,8.10319E-08,0.00426953,0.00414281,0,0,0,0,0.295043,0.295043,3.80208,4.98697
F1,10,1000,3.818,0.79,4,0.29536,0.295868,0.0205023,0.0200372,-0.0202643,-0.0204958,0.0909402,-0.00674975,0.0894191,0.0117642,0.00156296,0.00176141,0.0102714,0.0102707,0.064186,0.0208384,0.0204485,0.00922709,0.00922763,3.97682E-07,8.11465E-08,0.00426932,0.00414279,3.54098E-06,0,0.000274481,0,0.29536,0.29536,3.78621,4.98697
F2,10,1000,3.818,0.79,4,0.295658,0.29615,0.0203527,0.0201885,-0.0203445,-0.0204163,0.0909443,-0.00675185,0.0894192,0.0117643,0.00156296,0.00176141,0.0102714,0.0102707,0.064186,0.0208384,0.0204485,0.00922707,0.00922701,3.97049E-07,8.09136E-08,0.0042693,0.00414279,1.67487E-07,0,5.96954E-05,0,0.295658,0.295659,3.78622,4.98697
B,10,1000,3.818,0.79,4,0.342343,0.341085,0.164356,-1.09412E-05,9.05323E-06,-0.163249,0.0820381,-0.00484934,0.0892337,0.0109506,0.0015636,0.0017893,0.0101966,0.0103122,0.0642117,0.0207109,0.0205473,0.15385,0.153246,1.32953E-05,6.18665E-06,0.00462897,0.00414238,0.624483,0,0.115269,0,0.341046,0.341433,9.38952,4.98697
A,10,1000,3.818,0.79,5,0.295043,0.296186,0.0205039,0.0200354,-0.0202628,-0.0204983,0.0908371,-0.0067499,0.0895228,0.0117644,0.00156296,0.00176145,0.0102714,0.0102707,0.0642558,0.0208033,0.020414,0.00922714,0.00922805,3.9803E-07,8.10313E-08,0.00426953,0.00414281,0,0,0,0,0.295042,0.295043,3.80204,4.0577
F1,10,1000,3.818,0.79,5,0.280734,0.281306,0.0569255,5.01351E-07,-5.88936E-07,-0.0572485,0.0902944,-0.00635891,0.0894183,0.011704,0.00156291,0.00176529,0.0102672,0.0102707,0.064186,0.0208365,0.0204504,0.0214244,0.0214265,1.11876E-06,2.62985E-07,0.00430401,0.00414279,0.0779079,0,0.0407138,0,0.280392,0.280514,3.7857,4.0577
F2,10,1000,3.818,0.79,5,0.295658,0.296151,0.0203527,0.0201885,-0.0203445,-0.0204163,0.0909443,-0.00675185,0.0894192,0.0117643,0.00156296,0.00176141,0.0102714,0.0102707,0.064186,0.0208384,0.0204484,0.00922707,0.00922701,3.97049E-07,8.0913E-08,0.0042693,0.00414279,1.67477E-07,0,5.96937E-05,0,0.295658,0.295658,3.78618,4.0577
B,10,1000,3.818,0.79,5,0.284724,0.284788,0.0224558,0.0177968,-0.0182806,-0.0222551,0.090673,-0.00663508,0.0890775,0.0117394,0.00156298,0.00176059,0.010272,0.0102708,0.0641989,0.0208305,0.0204435,0.00922541,0.00924418,4.57757E-07,1.18559E-07,0.00426569,0.00414265,4.47339E-07,0,9.75595E-05,0,0.284705,0.284713,9.39932,4.0577
A,10,1000,3.818,1,0,0.295041,0.296185,0.0205046,0.0200347,-0.0202621,-0.020499,0.0908371,-0.00674989,0.0895228,0.0117644,0.00156296,0.00176145,0.0102714,0.0102707,0.0642558,0.0208033,0.020414,0.00922714,0.00922805,3.98032E-07,8.10329E-08,0.00426953,0.00414281,0,0,0,0,0.295041,0.295042,3.80207,3.96774
F1,10,1000,3.818,1,0,0.29536,0.295868,0.0205023,0.0200372,-0.0202643,-0.0204958,0.0909402,-0.00674975,0.0894191,0.0117642,0.00156296,0.00176141,0.0102714,0.0102707,0.064186,0.0208384,0.0204485,0.00922709,0.00922763,3.97682E-07,8.11465E-08,0.00426932,0.00414279,3.54098E-06,0,0.000274481,0,0.29536,0.29536,3.78621,3.96774
F2,10,1000,3.818,1,0,0.295658,0.29615,0.0203527,0.0201885,-0.0203445,-0.0204163,0.0909443,-0.00675185,0.0894192,0.0117643,0.00156296,0.00176141,0.0102714,0.0102707,0.064186,0.0208384,0.0204485,0.00922707,0.00922701,3.97049E-07,8.09135E-08,0.0042693,0.00414279,1.67487E-07,0,5.96954E-05,0,0.295658,0.295659,3.78622,3.96774
B,10,1000,3.818,1,0,0.277336,0.278247,0.0229956,0.0170311,-0.0176759,-0.0226216,0.0901862,-0.00655964,0.089034,0.0117163,0.00156295,0.00175957,0.0102727,0.0102707,0.0641849,0.0208349,0.020451,0.00922407,0.00923397,5.06165E-07,1.59755E-07,0.00426077,0.00414243,7.1918E-07,0,0.0001237,0,0.277308,0.277317,11.9308,3.96774
A,10,1000,3.818,1,1,0.295041,0.296186,0.0205047,0.0200347,-0.0202621,-0.0204991,0.090837,-0.00674988,0.089523,0.0117644,0.00156296,0.00176145,0.0102714,0.0102707,0.064256,0.0208033,0.0204139,0.00922715,0.00922805,3.98035E-07,8.10286E-08,0.00426954,0.00414281,0,0,0,0,0.295037,0.295041,3.80214,5.55309
F1,10,1000,3.818,1,1,0.300607,0.300989,0.0651418,-4.48246E-08,6.1146E-09,-0.0655137,0.0902921,-0.00631017,0.0894205,0.0116802,0.00156288,0.00176751,0.010265,0.0102706,0.0641861,0.0208368,0.02045,0.0266051,0.0266052,1.40565E-06,3.34063E-07,0.00432101,0.00414278,0.101998,0,0.0465851,0,0.299861,0.300683,3.78593,5.55309
F2,10,1000,3.818,1,1,0.300607,0.300989,0.0651418,-4.48246E-08,6.11459E-09,-0.0655137,0.0902921,-0.00631017,0.0894205,0.0116802,0.00156288,0.00176751,0.010265,0.0102706,0.0641861,0.0208368,0.02045,0.0266051,0.0266052,1.40565E-06,3.34063E-07,0.00432101,0.00414278,0.101998,0,0.0465851,0,0.299861,0.300683,3.78593,5.55309
B,10,1000,3.818,1,1,0.307704,0.298452,0.202163,-6.31654E-06,1.50509E-05,-0.194519,0.0678347,-0.00240511,0.0881929,0.00984679,0.00147329,0.00169059,0.0100436,0.0102032,0.0634814,0.0197551,0.0209249,0.212939,0.212897,2.09139E-05,1.31574E-05,0.00484279,0.00402314,0.8686,0,0.135942,0,0.304606,0.308011,10.7604,5.55309
A,10,1000,3.818,1,2,0.295041,0.296185,0.0205046,0.0200347,-0.0202621,-0.0204991,0.0908371,-0.00674989,0.0895228,0.0117644,0.00156296,0.00176145,0.0102714,0.0102707,0.0642559,0.0208033,0.020414,0.00922714,0.00922805,3.98033E-07,8.10323E-08,0.00426953,0.00414281,0,0,0,0,0.295041,0.295041,3.80202,4.11353
F1,10,1000,3.818,1,2,0.300476,0.301118,0.0651375,-4.23222E-08,1.26176E-08,-0.0655079,0.0902917,-0.00631023,0.0894187,0.0116801,0.00156288,0.00176748,0.010265,0.0102706,0.0641859,0.0208368,0.0204501,0.0265998,0.0266178,1.4055E-06,3.3422E-07,0.00432083,0.00414278,0.102012,0,0.0465882,0,0.300053,0.300215,3.78578,4.11353
F2,10,1000,3.818,1,2,0.295658,0.296151,0.0203527,0.0201885,-0.0203445,-0.0204163,0.0909443,-0.00675185,0.0894192,0.0117643,0.00156296,0.00176141,0.0102714,0.0102707,0.064186,0.0208384,0.0204484,0.00922707,0.00922701,3.97049E-07,8.09129E-08,0.0042693,0.00414279,1.67473E-07,0,5.9693E-05,0,0.295658,0.295658,3.78616,4.11353
B,10,1000,3.818,1,2,0.277337,0.278249,0.0229956,0.0170311,-0.0176759,-0.0226216,0.0901862,-0.00655964,0.0890341,0.0117163,0.00156295,0.00175957,0.0102727,0.0102707,0.0641849,0.0208349,0.0204509,0.00922407,0.00923397,5.06159E-07,1.59748E-07,0.00426078,0.00414243,7.19121E-07,0,0.000123695,0,0.277307,0.277319,11.9304,4.11353
A,10,1000,3.818,1,4,0.295042,0.296184,0.0205047,0.0200347,-0.0202621,-0.0204991,0.0908372,-0.00674989,0.0895227,0.0117644,0.00156297,0.00176145,0.0102714,0.0102707,0.0642557,0.0208033,0.0204141,0.00922714,0.00922805,3.98032E-07,8.10345E-08,0.00426953,0.00414281,0,0,0,0,0.295041,0.295041,3.80204,5.26171
F1,10,1000,3.818,1,4,0.29536,0.295867,0.0205023,0.0200372,-0.0202643,-0.0204958,0.0909402,-0.00674975,0.089419,0.0117642,0.00156296,0.00176141,0.0102714,0.0102707,0.0641859,0.0208384,0.0204485,0.00922709,0.00922763,3.97682E-07,8.1148E-08,0.00426931,0.00414279,3.54156E-06,0,0.000274503,0,0.295359,0.29536,3.78622,5.26171
F2,10,1000,3.818,1,4,0.295658,0.29615,0.0203527,0.0201885,-0.0203445,-0.0204163,0.0909444,-0.00675185,0.0894191,0.0117643,0.00156296,0.00176141,0.0102714,0.0102707,0.0641859,0.0208385,0.0204485,0.00922707,0.00922701,3.97048E-07,8.0915E-08,0.00426929,0.00414279,1.67514E-07,0,5.97002E-05,0,0.295658,0.295658,3.78623,5.26171
B,10,1000,3.818,1,4,0.306884,0.298617,0.202162,-5.22149E-06,1.52032E-05,-0.194546,0.067818,-0.00240469,0.0881817,0.00984508,0.00147325,0.00169037,0.0100436,0.0102033,0.0634811,0.0197544,0.0209257,0.212872,0.213048,2.09168E-05,1.31655E-05,0.00484199,0.00402311,0.86875,0,0.135954,0,0.304416,0.306542,10.7555,5.26171
A,10,1000,3.818,1,5,0.295041,0.296185,0.0205046,0.0200347,-0.0202621,-0.0204991,0.0908371,-0.00674989,0.0895228,0.0117644,0.00156296,0.00176145,0.0102714,0.0102707,0.0642558,0.0208033,0.020414,0.00922714,0.00922805,3.98033E-07,8.10324E-08,0.00426953,0.00414281,0,0,0,0,0.295041,0.295041,3.80204,4.05606
F1,10,1000,3.818,1,5,0.280734,0.281306,0.0569255,5.01354E-07,-5.88946E-07,-0.0572485,0.0902944,-0.00635891,0.0894183,0.011704,0.00156291,0.00176529,0.0102672,0.0102707,0.064186,0.0208365,0.0204504,0.0214244,0.0214265,1.11876E-06,2.62985E-07,0.00430401,0.00414279,0.0779079,0,0.0407138,0,0.280392,0.280514,3.7857,4.05606
F2,10,1000,3.818,1,5,0.295658,0.296151,0.0203527,0.0201885,-0.0203445,-0.0204163,0.0909443,-0.00675185,0.0894192,0.0117643,0.00156296,0.00176141,0.0102714,0.0102707,0.064186,0.0208384,0.0204484,0.00922707,0.00922701,3.97049E-07,8.09131E-08,0.0042693,0.00414279,1.67477E-07,0,5.96937E-05,0,0.295658,0.295658,3.78618,4.05606
B,10,1000,3.818,1,5,0.277337,0.278248,0.0229955,0.0170311,-0.0176759,-0.0226216,0.0901862,-0.00655964,0.0890341,0.0117163,0.00156295,0.00175957,0.0102727,0.0102707,0.0641849,0.0208349,0.020451,0.00922407,0.00923397,5.0616E-07,1.5975E-07,0.00426078,0.00414243,7.19138E-07,0,0.000123696,0,0.277307,0.277319,11.9305,4.05606
A,10,20000,3.818,0.25,0,0.29504,0.296192,0.020503,0.0200366,-0.0202582,-0.0205176,0.0908339,-0.00648251,0.0895243,0.0117645,0.00156315,0.00175822,0.0102683,0.0102706,0.0642571,0.0207999,0.0204146,0.00922718,0.00922806,4.06632E-07,9.01992E-08,0.00427402,0.00414281,0,0,0,0,0.29504,0.295041,3.80385,3.97141
F1,10,20000,3.818,0.25,0,0.295358,0.295868,0.0205032,0.0200375,-0.0202579,-0.0205161,0.0909353,-0.00648191,0.0894223,0.0117643,0.00156314,0.00175818,0.0102682,0.0102706,0.0641883,0.0208345,0.0204486,0.00922764,0.00922714,4.06321E-07,9.03278E-08,0.00427383,0.00414278,3.54505E-06,0,0.000274639,0,0.295358,0.295359,3.7901,3.97141
F2,10,20000,3.818,0.25,0,0.295649,0.296159,0.0203546,0.0201885,-0.0203246,-0.0204535,0.0909395,-0.00648309,0.0894223,0.0117644,0.00156314,0.00175819,0.0102683,0.0102706,0.0641883,0.0208345,0.0204486,0.00922713,0.00922701,4.05548E-07,8.9978E-08,0.00427378,0.00414278,1.67674E-07,0,5.97288E-05,0,0.295649,0.295649,3.79011,3.97141
B,10,20000,3.818,0.25,0,0.295176,0.294765,0.0209898,0.0195384,-0.0197628,-0.0210389,0.0911576,-0.00654611,0.0892169,0.0117646,0.00156307,0.00175934,0.0102698,0.0102705,0.0642348,0.0208099,0.0204276,0.00922359,0.00924684,4.01407E-07,8.65376E-08,0.0042717,0.00414275,4.42349E-08,0,3.06785E-05,0,0.295174,0.295175,2.92275,3.97141
A,10,20000,3.818,0.25,1,0.29504,0.296192,0.0205033,0.0200364,-0.0202584,-0.0205177,0.0908341,-0.00648193,0.0895245,0.0117644,0.00156314,0.00175822,0.0102683,0.0102706,0.0642572,0.0207999,0.0204145,0.00922715,0.00922802,4.06815E-07,9.02733E-08,0.00427406,0.00414281,0,0,0,0,0.295038,0.29504,3.80188,4.63408
F1,10,20000,3.818,0.25,1,0.322038,0.322236,0.0800876,-6.05839E-05,7.04632E-05,-0.0808064,0.0898706,-0.0053532,0.0894621,0.0116212,0.00156394,0.00176277,0.01022,0.0103005,0.0642001,0.0207499,0.0205197,0.0383461,0.0383509,2.8868E-06,1.2339E-06,0.00439747,0.00414278,0.154584,0,0.0573501,0,0.322053,0.32204,3.78375,4.63408
F2,10,20000,3.818,0.25,1,0.322038,0.322236,0.0800876,-6.05839E-05,7.04632E-05,-0.0808064,0.0898706,-0.0053532,0.0894621,0.0116212,0.00156394,0.00176277,0.01022,0.0103005,0.0642001,0.0207499,0.0205197,0.0383461,0.0383509,2.8868E-06,1.2339E-06,0.00439747,0.00414278,0.154584,0,0.0573501,0,0.322053,0.32204,3.78375,4.63408
B,10,20000,3.818,0.25,1,0.300403,0.299448,0.0636928,-3.67977E-05,2.93793E-05,-0.0642326,0.0905229,-0.00572202,0.0892409,0.0116881,0.00156327,0.00176181,0.0102545,0.0102765,0.0642375,0.0207921,0.0204419,0.0256748,0.025702,1.67569E-06,6.31663E-07,0.00433666,0.00414275,0.0937931,0,0.0446722,0,0.300426,0.300406,2.90925,4.63408
A,10,20000,3.818,0.25,2,0.29504,0.296193,0.0205033,0.0200364,-0.0202584,-0.0205177,0.0908341,-0.00648194,0.0895245,0.0117644,0.00156314,0.00175822,0.0102683,0.0102706,0.0642572,0.0207999,0.0204145,0.00922716,0.00922803,4.06768E-07,9.026E-08,0.00427406,0.00414281,0,0,0,0,0.295038,0.29504,3.80189,4.23489
F1,10,20000,3.818,0.25,2,0.322077,0.32229,0.0800892,-6.09934E-05,7.09512E-05,-0.0808087,0.089876,-0.00535447,0.0894619,0.0116225,0.00156394,0.00176282,0.01022,0.0103005,0.0642001,0.0207501,0.0205196,0.0383447,0.0383504,2.88645E-06,1.23697E-06,0.00439792,0.00414278,0.154585,0,0.0573502,0,0.322092,0.32208,3.78382,4.23489
F2,10,20000,3.818,0.25,2,0.295649,0.296159,0.0203546,0.0201884,-0.0203247,-0.0204536,0.0909397,-0.00648267,0.0894223,0.0117644,0.00156314,0.00175819,0.0102683,0.0102706,0.0641883,0.0208346,0.0204484,0.00922711,0.00922698,4.05684E-07,9.0039E-08,0.00427381,0.00414278,1.67659E-07,0,5.97262E-05,0,0.295647,0.295648,3.78548,4.23489
B,10,20000,3.818,0.25,2,0.295176,0.294765,0.0209906,0.0195372,-0.0197632,-0.0210379,0.091158,-0.00654581,0.0892168,0.0117646,0.00156307,0.00175935,0.0102698,0.0102704,0.0642348,0.0208099,0.0204275,0.00922357,0.00924682,4.01493E-07,8.65731E-08,0.00427173,0.00414275,4.42311E-08,0,3.06772E-05,0,0.295172,0.295175,2.92329,4.23489
A,10,20000,3.818,0.25,4,0.29504,0.296192,0.020503,0.0200366,-0.0202582,-0.0205176,0.0908339,-0.0064825,0.0895243,0.0117644,0.00156315,0.00175822,0.0102683,0.0102706,0.0642571,0.0207999,0.0204146,0.00922716,0.00922804,4.06735E-07,9.02504E-08,0.00427402,0.00414281,0,0,0,0,0.29504,0.29504,3.80385,4.10707
F1,10,20000,3.818,0.25,4,0.295358,0.295868,0.0205032,0.0200375,-0.0202579,-0.0205161,0.0909353,-0.0064819,0.0894223,0.0117643,0.00156314,0.00175818,0.0102682,0.0102706,0.0641883,0.0208345,0.0204486,0.00922762,0.00922711,4.06424E-07,9.0379E-08,0.00427383,0.00414278,3.54505E-06,0,0.000274639,0,0.295357,0.295358,3.7901,4.10707
F2,10,20000,3.818,0.25,4,0.295649,0.296159,0.0203546,0.0201885,-0.0203246,-0.0204535,0.0909394,-0.00648308,0.0894223,0.0117644,0.00156314,0.00175819,0.0102683,0.0102706,0.0641883,0.0208345,0.0204486,0.00922711,0.00922699,4.0565E-07,9.00291E-08,0.00427378,0.00414278,1.67674E-07,0,5.97288E-05,0,0.295648,0.295649,3.79011,4.10707
B,10,20000,3.818,0.25,4,0.300546,0.299576,0.0637029,-3.81203E-05,3.97971E-05,-0.0642704,0.0905232,-0.005738,0.0892407,0.0116882,0.00156327,0.00176177,0.0102546,0.0102764,0.0642375,0.0207923,0.0204418,0.025677,0.0257037,1.67409E-06,6.31445E-07,0.00433654,0.00414275,0.0938054,0,0.0446751,0,0.300559,0.300552,2.91349,4.10707
A,10,20000,3.818,0.25,5,0.29504,0.296192,0.020503,0.0200366,-0.0202583,-0.0205176,0.0908339,-0.00648249,0.0895244,0.0117644,0.00156315,0.00175822,0.0102683,0.0102706,0.0642571,0.0207999,0.0204146,0.00922715,0.00922803,4.06759E-07,9.02643E-08,0.00427403,0.00414281,0,0,0,0,0.29504,0.29504,3.80389,4.1248
F1,10,20000,3.818,0.25,5,0.291471,0.291376,0.0661837,-5.29331E-05,3.89866E-05,-0.0666704,0.0900484,-0.00559703,0.0894396,0.0116716,0.00156355,0.00176021,0.0102443,0.0102833,0.0641936,0.0207961,0.0204808,0.0273416,0.0273312,1.907E-06,7.50427E-07,0.00435019,0.00414278,0.105357,0,0.047346,0,0.291468,0.291468,3.79073,4.1248
F2,10,20000,3.818,0.25,5,0.295649,0.296159,0.0203547,0.0201885,-0.0203246,-0.0204536,0.0909394,-0.00648306,0.0894223,0.0117644,0.00156314,0.00175819,0.0102683,0.0102706,0.0641883,0.0208345,0.0204486,0.0092271,0.00922698,4.05674E-07,9.00428E-08,0.00427378,0.00414278,1.67673E-07,0,5.97288E-05,0,0.295648,0.295649,3.79009,4.1248
B,10,20000,3.818,0.25,5,0.295176,0.294765,0.0209899,0.0195384,-0.0197627,-0.0210389,0.0911576,-0.00654609,0.0892169,0.0117646,0.00156307,0.00175934,0.0102698,0.0102705,0.0642348,0.0208099,0.0204276,0.00922357,0.00924682,4.01484E-07,8.65755E-08,0.0042717,0.00414275,4.42349E-08,0,3.06785E-05,0,0.295173,0.295175,2.92283,4.1248
A,10,20000,3.818,0.5,0,0.29504,0.296192,0.0205034,0.0200362,-0.0202579,-0.0205179,0.0908339,-0.0064825,0.0895243,0.0117645,0.00156315,0.00175822,0.0102683,0.0102706,0.0642571,0.0207999,0.0204146,0.00922718,0.00922806,4.06648E-07,9.02107E-08,0.00427402,0.00414281,0,0,0,0,0.29504,0.29504,3.80386,3.97079
F1,10,20000,3.818,0.5,0,0.295358,0.295868,0.0205032,0.0200375,-0.0202579,-0.0205161,0.0909353,-0.0064819,0.0894223,0.0117643,0.00156314,0.00175818,0.0102682,0.0102706,0.0641883,0.0208345,0.0204486,0.00922764,0.00922713,4.06335E-07,9.03383E-08,0.00427383,0.00414278,3.54505E-06,0,0.000274639,0,0.295358,0.295359,3.7901,3.97079
F2,10,20000,3.818,0.5,0,0.295649,0.296159,0.0203546,0.0201885,-0.0203246,-0.0204535,0.0909395,-0.00648308,0.0894223,0.0117644,0.00156314,0.00175819,0.0102683,0.0102706,0.0641883,0.0208345,0.0204486,0.00922713,0.00922701,4.05561E-07,8.99885E-08,0.00427378,0.00414278,1.67674E-07,0,5.97288E-05,0,0.295649,0.295649,3.7901,3.97079
B,10,20000,3.818,0.5,0,0.291756,0.291493,0.0216761,0.0187664,-0.0190937,-0.0216309,0.0910043,-0.00629536,0.089178,0.0117574,0.00156359,0.00175314,0.0102581,0.0102761,0.0642229,0.0207875,0.0204589,0.00922528,0.00924691,4.38055E-07,1.1539E-07,0.00427955,0.00414271,1.76645E-07,0,6.13059E-05,0,0.291751,0.291754,5.89049,3.97079
A,10,20000,3.818,0.5,1,0.295038,0.296193,0.0205039,0.0200359,-0.0202578,-0.0205181,0.0908337,-0.0064819,0.0895248,0.0117644,0.00156314,0.00175822,0.0102683,0.0102706,0.0642575,0.0207998,0.0204144,0.00922715,0.00922802,4.06834E-07,9.02771E-08,0.00427406,0.00414281,0,0,0,0,0.295038,0.295039,3.80408,5.15108
F1,10,20000,3.818,0.5,1,0.32197,0.322125,0.0801864,-6.69674E-05,7.45161E-05,-0.0808964,0.0898717,-0.00531042,0.0894624,0.0116214,0.00156394,0.00176271,0.01022,0.0103005,0.0642004,0.0207499,0.0205194,0.0383375,0.0383473,2.89674E-06,1.23716E-06,0.00439768,0.00414278,0.154548,0,0.0573666,0,0.321982,0.321961,3.79145,5.15108
F2,10,20000,3.818,0.5,1,0.32197,0.322125,0.0801864,-6.69674E-05,7.45161E-05,-0.0808964,0.0898717,-0.00531042,0.0894624,0.0116214,0.00156394,0.00176271,0.01022,0.0103005,0.0642004,0.0207499,0.0205194,0.0383375,0.0383473,2.89674E-06,1.23716E-06,0.00439768,0.00414278,0.154548,0,0.0573666,0,0.321982,0.321961,3.79145,5.15108
B,10,20000,3.818,0.5,1,0.358499,0.362308,0.125185,-0.000163697,0.000177608,-0.128245,0.0870223,-0.00472572,0.0899138,0.0113705,0.00156798,0.00176528,0.0099959,0.0104866,0.0643031,0.0202644,0.0208936,0.0892395,0.0894568,8.23681E-06,3.89165E-06,0.0046056,0.00414281,0.360601,0,0.0876293,0,0.358542,0.358515,5.8682,5.15108
A,10,20000,3.818,0.5,2,0.295039,0.296192,0.0205036,0.0200361,-0.0202581,-0.020518,0.0908341,-0.00648193,0.0895245,0.0117644,0.00156314,0.00175822,0.0102683,0.0102706,0.0642572,0.0207999,0.0204145,0.00922716,0.00922803,4.0677E-07,9.02609E-08,0.00427406,0.00414281,0,0,0,0,0.295038,0.295039,3.80189,4.23427
F1,10,20000,3.818,0.5,2,0.322077,0.32229,0.0800892,-6.09939E-05,7.09507E-05,-0.0808087,0.089876,-0.00535447,0.0894619,0.0116225,0.00156394,0.00176282,0.01022,0.0103005,0.0642001,0.0207501,0.0205196,0.0383447,0.0383504,2.88645E-06,1.23697E-06,0.00439792,0.00414278,0.154585,0,0.0573502,0,0.322092,0.32208,3.78382,4.23427
F2,10,20000,3.818,0.5,2,0.295649,0.296159,0.0203546,0.0201884,-0.0203247,-0.0204536,0.0909397,-0.00648267,0.0894223,0.0117644,0.00156314,0.00175819,0.0102683,0.0102706,0.0641883,0.0208346,0.0204484,0.00922711,0.00922698,4.05684E-07,9.0039E-08,0.00427381,0.00414278,1.67659E-07,0,5.97262E-05,0,0.295647,0.295648,3.78548,4.23427
B,10,20000,3.818,0.5,2,0.291756,0.291493,0.0216769,0.018764,-0.0190941,-0.0216302,0.0910048,-0.00629526,0.0891779,0.0117573,0.00156358,0.00175315,0.0102581,0.0102761,0.064223,0.0207876,0.0204588,0.00922521,0.00924684,4.3834E-07,1.15544E-07,0.00427959,0.00414271,1.76629E-07,0,6.13031E-05,0,0.291748,0.291755,5.89149,4.23427
A,10,20000,3.818,0.5,4,0.295038,0.296193,0.0205038,0.0200359,-0.0202578,-0.0205181,0.0908336,-0.00648184,0.089525,0.0117644,0.00156314,0.00175822,0.0102683,0.0102706,0.0642575,0.0207997,0.0204143,0.00922716,0.00922803,4.06801E-07,9.02565E-08,0.00427407,0.00414281,0,0,0,0,0.295037,0.295038,3.80409,4.62417
F1,10,20000,3.818,0.5,4,0.295356,0.29587,0.0205034,0.0200375,-0.0202579,-0.0205162,0.0909351,-0.00648157,0.0894229,0.0117643,0.00156313,0.00175818,0.0102683,0.0102706,0.0641887,0.0208343,0.0204483,0.00922762,0.0092271,4.06488E-07,9.03843E-08,0.00427388,0.00414278,3.54383E-06,0,0.000274666,0,0.295355,0.295357,3.79013,4.62417
F2,10,20000,3.818,0.5,4,0.295647,0.296161,0.0203547,0.0201884,-0.0203246,-0.0204536,0.0909393,-0.00648263,0.0894228,0.0117644,0.00156313,0.00175819,0.0102683,0.0102706,0.0641887,0.0208344,0.0204483,0.00922711,0.00922698,4.05714E-07,9.00344E-08,0.00427383,0.00414278,1.67616E-07,0,5.97347E-05,0,0.295646,0.295647,3.79014,4.62417
B,10,20000,3.818,0.5,4,0.358657,0.362386,0.125218,-0.000212942,0.000205656,-0.128235,0.0870408,-0.00474116,0.0899135,0.0113718,0.00156796,0.00176515,0.00999616,0.0104868,0.0643031,0.0202648,0.0208936,0.0892382,0.0894653,8.26427E-06,3.90117E-06,0.00460585,0.00414281,0.360612,0,0.0876224,0,0.358687,0.358707,5.86851,4.62417
A,10,20000,3.818,0.5,5,0.295039,0.296191,0.0205034,0.0200362,-0.0202579,-0.0205179,0.0908339,-0.00648249,0.0895244,0.0117644,0.00156315,0.00175822,0.0102683,0.0102706,0.0642571,0.0207999,0.0204146,0.00922715,0.00922803,4.06772E-07,9.02671E-08,0.00427403,0.00414281,0,0,0,0,0.295039,0.29504,3.80388,4.12418
F1,10,20000,3.818,0.5,5,0.291473,0.291371,0.0661835,-5.32567E-05,3.89661E-05,-0.0666703,0.0900484,-0.00559699,0.0894396,0.0116716,0.00156355,0.00176021,0.0102443,0.0102833,0.0641936,0.0207961,0.0204808,0.0273416,0.0273312,1.90706E-06,7.50431E-07,0.00435018,0.00414278,0.105357,0,0.047346,0,0.291472,0.291468,3.79073,4.12418
F2,10,20000,3.818,0.5,5,0.295649,0.296159,0.0203546,0.0201885,-0.0203246,-0.0204536,0.0909394,-0.00648306,0.0894223,0.0117644,0.00156314,0.00175819,0.0102683,0.0102706,0.0641883,0.0208345,0.0204486,0.0092271,0.00922698,4.05685E-07,9.00447E-08,0.00427378,0.00414278,1.67673E-07,0,5.97288E-05,0,0.295648,0.295649,3.79009,4.12418
B,10,20000,3.818,0.5,5,0.291755,0.291493,0.0216761,0.0187664,-0.0190937,-0.0216309,0.0910041,-0.00629532,0.0891781,0.0117573,0.00156359,0.00175315,0.0102581,0.0102761,0.0642229,0.0207875,0.0204589,0.00922521,0.00924684,4.38381E-07,1.15539E-07,0.00427956,0.00414271,1.76644E-07,0,6.13058E-05,0,0.29175,0.291753,5.89061,4.12418
A,10,20000,3.818,0.79,0,0.295038,0.29619,0.0205041,0.0200355,-0.0202573,-0.0205184,0.0908339,-0.00648249,0.0895243,0.0117645,0.00156315,0.00175822,0.0102683,0.0102706,0.0642571,0.0207999,0.0204146,0.00922718,0.00922807,4.06645E-07,9.02074E-08,0.00427403,0.00414281,0,0,0,0,0.295038,0.295039,3.80387,3.96947
F1,10,20000,3.818,0.79,0,0.295358,0.295868,0.0205032,0.0200376,-0.0202579,-0.0205161,0.0909353,-0.0064819,0.0894223,0.0117643,0.00156314,0.00175818,0.0102682,0.0102706,0.0641883,0.0208345,0.0204486,0.00922764,0.00922713,4.06328E-07,9.03332E-08,0.00427383,0.00414278,3.54505E-06,0,0.000274639,0,0.295358,0.295359,3.79009,3.96947
F2,10,20000,3.818,0.79,0,0.295649,0.296159,0.0203546,0.0201885,-0.0203246,-0.0204535,0.0909395,-0.00648308,0.0894223,0.0117644,0.00156314,0.00175819,0.0102683,0.0102706,0.0641883,0.0208345,0.0204486,0.00922713,0.00922701,4.05555E-07,8.99834E-08,0.00427378,0.00414278,1.67673E-07,0,5.97288E-05,0,0.295649,0.295649,3.7901,3.96947
B,10,20000,3.818,0.79,0,0.284236,0.285634,0.0224455,0.0178108,-0.0182914,-0.022256,0.0904126,-0.00600753,0.0893474,0.0117414,0.0015658,0.00174114,0.0101793,0.0103411,0.0642336,0.02061,0.0206183,0.00923498,0.00923688,5.18317E-07,1.82277E-07,0.00429532,0.00414268,4.40551E-07,0,9.68166E-05,0,0.284226,0.284231,9.34295,3.96947
A,10,20000,3.818,0.79,1,0.295037,0.296191,0.0205052,0.0200348,-0.0202567,-0.0205189,0.0908333,-0.00648151,0.0895247,0.0117644,0.00156315,0.00175822,0.0102682,0.0102706,0.0642574,0.0207997,0.0204145,0.00922715,0.00922802,4.0682E-07,9.02866E-08,0.00427402,0.00414281,0,0,0,0,0.295036,0.295037,3.80414,5.74931
F1,10,20000,3.818,0.79,1,0.321939,0.322075,0.0801939,-7.24935E-05,6.8316E-05,-0.0808949,0.0898722,-0.00531524,0.0894623,0.0116213,0.00156396,0.00176271,0.01022,0.0103006,0.0642004,0.0207499,0.0205195,0.038337,0.0383468,2.89743E-06,1.23531E-06,0.00439752,0.00414278,0.154557,0,0.0573662,0,0.321966,0.321928,3.79127,5.74931
F2,10,20000,3.818,0.79,1,0.321939,0.322075,0.0801939,-7.24935E-05,6.8316E-05,-0.0808949,0.0898722,-0.00531524,0.0894623,0.0116213,0.00156396,0.00176271,0.01022,0.0103006,0.0642004,0.0207499,0.0205195,0.038337,0.0383468,2.89743E-06,1.23531E-06,0.00439752,0.00414278,0.154557,0,0.0573662,0,0.321966,0.321928,3.79127,5.74931
B,10,20000,3.818,0.79,1,0.28734,0.327421,0.187512,-0.000414854,0.000327914,-0.190576,0.0753407,-0.00278444,0.0920716,0.0107189,0.00157532,0.00177502,0.00925852,0.0111285,0.0645443,0.0185182,0.022347,0.204734,0.204857,2.51118E-05,1.45092E-05,0.00506336,0.00414285,0.835513,0,0.133377,0,0.287477,0.287303,9.10809,5.74931
A,10,20000,3.818,0.79,2,0.295038,0.296191,0.0205043,0.0200354,-0.0202574,-0.0205185,0.0908341,-0.00648193,0.0895245,0.0117644,0.00156314,0.00175822,0.0102683,0.0102706,0.0642572,0.0207999,0.0204145,0.00922716,0.00922804,4.06774E-07,9.02627E-08,0.00427406,0.00414281,0,0,0,0,0.295036,0.295038,3.80189,4.23294
F1,10,20000,3.818,0.79,2,0.322077,0.32229,0.0800892,-6.09936E-05,7.09509E-05,-0.0808087,0.089876,-0.00535447,0.0894619,0.0116225,0.00156394,0.00176282,0.01022,0.0103005,0.0642001,0.0207501,0.0205196,0.0383447,0.0383504,2.88645E-06,1.23697E-06,0.00439792,0.00414278,0.154585,0,0.0573502,0,0.322092,0.32208,3.78382,4.23294
F2,10,20000,3.818,0.79,2,0.295649,0.296159,0.0203546,0.0201884,-0.0203247,-0.0204536,0.0909397,-0.00648267,0.0894223,0.0117644,0.00156314,0.00175819,0.0102683,0.0102706,0.0641883,0.0208346,0.0204484,0.00922711,0.00922698,4.05684E-07,9.0039E-08,0.00427381,0.00414278,1.67659E-07,0,5.97262E-05,0,0.295647,0.295648,3.78548,4.23294
B,10,20000,3.818,0.79,2,0.284232,0.285634,0.0224447,0.0178088,-0.018291,-0.0222578,0.0904117,-0.00600663,0.0893478,0.0117409,0.00156582,0.0017412,0.0101792,0.0103412,0.0642337,0.0206097,0.0206185,0.00923479,0.00923665,5.19066E-07,1.82852E-07,0.00429535,0.00414268,4.40506E-07,0,9.68116E-05,0,0.284217,0.28423,9.34435,4.23294
A,10,20000,3.818,0.79,4,0.295037,0.296192,0.0205048,0.0200349,-0.0202567,-0.0205189,0.090834,-0.00648158,0.0895247,0.0117644,0.00156313,0.00175823,0.0102683,0.0102706,0.0642574,0.0207999,0.0204144,0.00922716,0.00922804,4.06804E-07,9.02556E-08,0.00427409,0.00414281,0,0,0,0,0.295036,0.295037,3.80411,5.22228
F1,10,20000,3.818,0.79,4,0.295357,0.295869,0.0205035,0.0200375,-0.0202579,-0.0205163,0.0909355,-0.00648147,0.0894226,0.0117643,0.00156313,0.00175819,0.0102683,0.0102705,0.0641885,0.0208345,0.0204484,0.00922762,0.00922711,4.06487E-07,9.03816E-08,0.00427389,0.00414278,3.54369E-06,0,0.000274635,0,0.295356,0.295357,3.79015,5.22228
F2,10,20000,3.818,0.79,4,0.295648,0.29616,0.0203547,0.0201884,-0.0203246,-0.0204536,0.0909397,-0.00648255,0.0894226,0.0117644,0.00156313,0.00175819,0.0102683,0.0102705,0.0641885,0.0208345,0.0204483,0.00922711,0.00922698,4.05713E-07,9.00317E-08,0.00427384,0.00414278,1.67609E-07,0,5.9728E-05,0,0.295647,0.295648,3.79016,5.22228
B,10,20000,3.818,0.79,4,0.287248,0.327456,0.187464,-0.000395246,0.000345827,-0.190674,0.0753542,-0.00281101,0.0920683,0.0107229,0.00157527,0.0017752,0.00925981,0.0111281,0.0645444,0.018521,0.0223456,0.204725,0.20486,2.51156E-05,1.45455E-05,0.00506451,0.00414293,0.835503,0,0.133349,0,0.28745,0.287133,9.10572,5.22228
A,10,20000,3.818,0.79,5,0.295038,0.29619,0.0205041,0.0200355,-0.0202573,-0.0205184,0.0908338,-0.00648248,0.0895244,0.0117644,0.00156315,0.00175822,0.0102683,0.0102706,0.0642571,0.0207999,0.0204146,0.00922716,0.00922804,4.06766E-07,9.02676E-08,0.00427403,0.00414281,0,0,0,0,0.295038,0.295038,3.80388,4.12285
F1,10,20000,3.818,0.79,5,0.291487,0.291376,0.0661835,-5.37832E-05,3.93678E-05,-0.0666703,0.0900484,-0.00559696,0.0894396,0.0116716,0.00156355,0.00176021,0.0102443,0.0102833,0.0641936,0.0207961,0.0204808,0.0273416,0.0273311,1.90711E-06,7.5045E-07,0.00435018,0.00414278,0.105357,0,0.047346,0,0.291487,0.291481,3.79077,4.12285
F2,10,20000,3.818,0.79,5,0.295649,0.296159,0.0203547,0.0201885,-0.0203246,-0.0204536,0.0909394,-0.00648306,0.0894223,0.0117644,0.00156314,0.00175819,0.0102683,0.0102706,0.0641883,0.0208345,0.0204486,0.0092271,0.00922698,4.05676E-07,9.00433E-08,0.00427378,0.00414278,1.67673E-07,0,5.97288E-05,0,0.295648,0.295649,3.79009,4.12285
B,10,20000,3.818,0.79,5,0.284231,0.285634,0.0224453,0.0178108,-0.018291,-0.022256,0.0904108,-0.00600741,0.0893482,0.011741,0.00156583,0.00174121,0.0101791,0.0103413,0.0642337,0.0206095,0.0206187,0.00923479,0.00923665,5.19258E-07,1.82785E-07,0.00429533,0.00414268,4.40547E-07,0,9.68161E-05,0,0.284221,0.284226,9.34303,4.12285
A,10,20000,3.818,1,0,0.295037,0.296189,0.0205049,0.0200346,-0.0202566,-0.020519,0.090834,-0.00648209,0.0895244,0.0117645,0.00156314,0.00175822,0.0102683,0.0102706,0.0642572,0.0207999,0.0204145,0.00922718,0.00922806,4.06697E-07,9.02147E-08,0.00427405,0.00414281,0,0,0,0,0.295036,0.295037,3.80362,3.96797
F1,10,20000,3.818,1,0,0.295358,0.295869,0.0205034,0.0200375,-0.020258,-0.0205161,0.0909355,-0.00648164,0.0894223,0.0117643,0.00156314,0.00175818,0.0102683,0.0102706,0.0641883,0.0208345,0.0204485,0.00922764,0.00922713,4.06376E-07,9.03388E-08,0.00427385,0.00414278,3.54487E-06,0,0.000274632,0,0.295357,0.295358,3.78832,3.96797
F2,10,20000,3.818,1,0,0.295649,0.296159,0.0203546,0.0201884,-0.0203246,-0.0204535,0.0909396,-0.00648277,0.0894223,0.0117644,0.00156314,0.00175819,0.0102683,0.0102706,0.0641883,0.0208345,0.0204485,0.00922713,0.009227,4.05602E-07,8.9989E-08,0.0042738,0.00414278,1.67665E-07,0,5.97273E-05,0,0.295648,0.295649,3.78832,3.96797
B,10,20000,3.818,1,0,0.276002,0.280371,0.0229853,0.0170547,-0.0176882,-0.0226553,0.0895744,-0.00579883,0.0897386,0.0117267,0.00156878,0.0017307,0.0100402,0.0104639,0.0642724,0.0202835,0.0208944,0.00924926,0.00921574,6.11995E-07,2.7017E-07,0.00431058,0.00414263,7.05371E-07,0,0.000122507,0,0.275984,0.275996,11.8625,3.96797
A,10,20000,3.818,1,1,0.295038,0.296188,0.0205051,0.0200346,-0.0202566,-0.0205191,0.0908342,-0.00648182,0.089524,0.0117644,0.00156314,0.00175822,0.0102683,0.0102706,0.0642569,0.0208,0.0204148,0.00922714,0.00922803,4.06841E-07,9.02881E-08,0.00427403,0.00414281,0,0,0,0,0.295036,0.295038,3.80408,6.01716
F1,10,20000,3.818,1,1,0.321798,0.32195,0.0801595,-3.07133E-05,3.02812E-05,-0.0808471,0.0898691,-0.00532113,0.0894611,0.0116211,0.00156395,0.00176278,0.0102203,0.0103002,0.0641997,0.0207506,0.0205193,0.0383241,0.0383341,2.87798E-06,1.22167E-06,0.00439711,0.00414278,0.154514,0,0.0573665,0,0.321813,0.321802,3.78984,6.01716
F2,10,20000,3.818,1,1,0.321798,0.32195,0.0801595,-3.07133E-05,3.02812E-05,-0.0808471,0.0898691,-0.00532113,0.0894611,0.0116211,0.00156395,0.00176278,0.0102203,0.0103002,0.0641997,0.0207506,0.0205193,0.0383241,0.0383341,2.87798E-06,1.22167E-06,0.00439711,0.00414278,0.154514,0,0.0573665,0,0.321813,0.321802,3.78984,6.01716
B,10,20000,3.818,1,1,0.246579,0.274242,0.187136,-0.000385294,0.00103772,-0.205609,0.0607622,-0.00115658,0.0925337,0.00974474,0.00146286,0.0016631,0.00868593,0.0113188,0.0641362,0.0165515,0.0235596,0.259649,0.2725,3.45097E-05,3.10712E-05,0.00571747,0.00404755,1.0873,0,0.152102,0,0.246738,0.24654,9.33407,6.01716
A,10,20000,3.818,1,2,0.295036,0.296189,0.020505,0.0200346,-0.0202567,-0.0205191,0.090834,-0.00648192,0.0895245,0.0117644,0.00156314,0.00175822,0.0102683,0.0102706,0.0642572,0.0207999,0.0204145,0.00922715,0.00922804,4.06814E-07,9.02709E-08,0.00427406,0.00414281,0,0,0,0,0.295035,0.295036,3.80189,4.23144
F1,10,20000,3.818,1,2,0.322057,0.322218,0.0800893,-6.0153E-05,6.96999E-05,-0.0808081,0.0898748,-0.00535415,0.089462,0.0116223,0.00156394,0.00176281,0.01022,0.0103005,0.0642001,0.02075,0.0205196,0.0383452,0.0383505,2.88673E-06,1.23732E-06,0.00439787,0.00414278,0.154585,0,0.0573502,0,0.322074,0.322058,3.78377,4.23144
F2,10,20000,3.818,1,2,0.295648,0.296159,0.0203546,0.0201884,-0.0203247,-0.0204535,0.0909397,-0.00648267,0.0894223,0.0117644,0.00156314,0.00175819,0.0102683,0.0102706,0.0641883,0.0208346,0.0204484,0.0092271,0.00922698,4.0572E-07,9.00453E-08,0.00427381,0.00414278,1.67659E-07,0,5.97262E-05,0,0.295647,0.295648,3.78548,4.23144
B,10,20000,3.818,1,2,0.275981,0.280367,0.0229804,0.0170518,-0.0176802,-0.0226575,0.0895239,-0.00579997,0.0897392,0.011721,0.00156885,0.00173079,0.0100401,0.010464,0.0642729,0.0202834,0.0208947,0.00924857,0.00921489,6.13018E-07,2.76095E-07,0.0043108,0.00414271,7.05331E-07,0,0.000122503,0,0.27596,0.275977,11.8604,4.23144
A,10,20000,3.818,1,4,0.295038,0.296188,0.0205062,0.0200346,-0.0202557,-0.020519,0.0908344,-0.0064818,0.089524,0.0117644,0.00156314,0.00175822,0.0102683,0.0102706,0.0642569,0.0208,0.0204147,0.00922715,0.00922803,4.06847E-07,9.02797E-08,0.00427406,0.00414281,0,0,0,0,0.295036,0.295038,3.80406,5.49087
F1,10,20000,3.818,1,4,0.295359,0.295867,0.0205034,0.0200375,-0.0202579,-0.0205162,0.0909359,-0.00648147,0.0894219,0.0117642,0.00156314,0.00175818,0.0102683,0.0102706,0.064188,0.0208346,0.0204486,0.0092276,0.0092271,4.06525E-07,9.04038E-08,0.00427386,0.00414278,3.54309E-06,0,0.000274691,0,0.295357,0.295359,3.79015,5.49087
F2,10,20000,3.818,1,4,0.29565,0.296158,0.0203547,0.0201884,-0.0203245,-0.0204536,0.0909401,-0.00648254,0.0894219,0.0117643,0.00156314,0.00175819,0.0102683,0.0102706,0.064188,0.0208347,0.0204486,0.00922709,0.00922697,4.05751E-07,9.00539E-08,0.00427381,0.00414278,1.67581E-07,0,5.974E-05,0,0.295648,0.29565,3.79016,5.49087
B,10,20000,3.818,1,4,0.246548,0.274612,0.187518,-0.000359286,0.00120651,-0.205526,0.0607851,-0.00115604,0.0925493,0.00974689,0.00146283,0.00166238,0.00868608,0.0113186,0.0641362,0.0165521,0.0235592,0.259683,0.272457,3.46196E-05,3.15778E-05,0.00571933,0.00404759,1.08726,0,0.152087,0,0.246704,0.246503,9.34056,5.49087
A,10,20000,3.818,1,5,0.295036,0.296189,0.0205049,0.0200346,-0.0202567,-0.0205191,0.090834,-0.00648203,0.0895244,0.0117644,0.00156314,0.00175822,0.0102683,0.0102706,0.0642572,0.0207999,0.0204145,0.00922716,0.00922804,4.0677E-07,9.02558E-08,0.00427405,0.00414281,0,0,0,0,0.295035,0.295036,3.80321,4.1213
F1,10,20000,3.818,1,5,0.291344,0.291407,0.0661621,-2.27315E-05,2.0165E-05,-0.066639,0.0900528,-0.00558456,0.0894394,0.0116719,0.00156354,0.00176028,0.0102442,0.0102833,0.0641937,0.0207958,0.0204809,0.0273367,0.0273293,1.90418E-06,7.50013E-07,0.00435032,0.00414278,0.105349,0,0.0473441,0,0.291345,0.291342,3.78618,4.1213
F2,10,20000,3.818,1,5,0.295649,0.296159,0.0203546,0.0201884,-0.0203247,-0.0204536,0.0909396,-0.00648272,0.0894223,0.0117644,0.00156314,0.00175819,0.0102683,0.0102706,0.0641883,0.0208345,0.0204485,0.00922711,0.00922698,4.05675E-07,9.003E-08,0.0042738,0.00414278,1.67663E-07,0,5.97269E-05,0,0.295647,0.295649,3.78756,4.1213
B,10,20000,3.818,1,5,0.275986,0.280369,0.0229808,0.0170541,-0.0176711,-0.0226619,0.0895296,-0.00579984,0.08974,0.0117218,0.00156885,0.00173086,0.0100402,0.0104641,0.0642734,0.0202837,0.0208949,0.0092488,0.00921515,6.12814E-07,2.9345E-07,0.00431115,0.00414279,7.05361E-07,0,0.000122506,0,0.275967,0.275981,11.8623,4.1213
A,3,1000,3.818,0.25,0,0.295045,0.296188,0.0205029,0.0200365,-0.0202638,-0.0204973,0.0908372,-0.00674991,0.0895228,0.0117644,0.00156296,0.00176145,0.0102714,0.0102707,0.0642558,0.0208033,0.020414,0.00922714,0.00922804,3.98025E-07,8.10301E-08,0.00426953,0.00414281,0,0,0,0,0.295045,0.295045,3.80207,3.97158
F1,3,1000,3.818,0.25,0,0.29536,0.295868,0.0205023,0.0200372,-0.0202643,-0.0204958,0.0909402,-0.00674975,0.0894191,0.0117642,0.00156296,0.00176141,0.0102714,0.0102707,0.064186,0.0208384,0.0204485,0.00922709,0.00922763,3.97682E-07,8.11465E-08,0.00426932,0.00414279,3.54098E-06,0,0.000274481,0,0.29536,0.29536,3.78621,3.97158
F2,3,1000,3.818,0.25,0,0.295658,0.29615,0.0203527,0.0201885,-0.0203445,-0.0204163,0.0909443,-0.00675185,0.0894192,0.0117643,0.00156296,0.00176141,0.0102714,0.0102707,0.064186,0.0208384,0.0204485,0.00922707,0.00922701,3.97049E-07,8.09135E-08,0.0042693,0.00414279,1.67487E-07,0,5.96954E-05,0,0.295658,0.295659,3.78622,3.97158
B,3,1000,3.818,0.25,0,0.295724,0.296244,0.0204414,0.0201298,-0.0202851,-0.0205165,0.090993,-0.00677961,0.0894359,0.0117669,0.00156296,0.00176149,0.0102714,0.0102707,0.0642339,0.0208153,0.0204241,0.00923201,0.00923676,3.91628E-07,7.7694E-08,0.00426964,0.00414281,9.09404E-09,0,1.39101E-05,0,0.295724,0.295724,1.32519,3.97158
A,3,1000,3.818,0.25,1,0.295045,0.296188,0.0205029,0.0200365,-0.0202638,-0.0204973,0.0908371,-0.00674991,0.0895229,0.0117644,0.00156296,0.00176145,0.0102714,0.0102707,0.0642559,0.0208033,0.020414,0.00922714,0.00922804,3.98026E-07,8.10288E-08,0.00426953,0.00414281,0,0,0,0,0.295044,0.295045,3.80194,4.2668
F1,3,1000,3.818,0.25,1,0.300501,0.301093,0.0651355,-4.03502E-08,1.09767E-08,-0.0655059,0.0902917,-0.00631022,0.0894191,0.0116801,0.00156288,0.00176749,0.010265,0.0102706,0.064186,0.0208368,0.0204501,0.0266008,0.0266154,1.40553E-06,3.3419E-07,0.00432087,0.00414278,0.102009,0,0.0465877,0,0.300055,0.300264,3.78569,4.2668
F2,3,1000,3.818,0.25,1,0.300501,0.301093,0.0651355,-4.03502E-08,1.09767E-08,-0.0655059,0.0902917,-0.00631022,0.0894191,0.0116801,0.00156288,0.00176749,0.010265,0.0102706,0.064186,0.0208368,0.0204501,0.0266008,0.0266154,1.40553E-06,3.3419E-07,0.00432087,0.00414278,0.102009,0,0.0465877,0,0.300055,0.300264,3.78569,4.2668
B,3,1000,3.818,0.25,1,0.28949,0.290168,0.0322233,0.00885546,-0.0089638,-0.0323503,0.0908894,-0.00661422,0.0894357,0.0117616,0.00156296,0.0017617,0.0102711,0.0102708,0.0642339,0.020815,0.0204243,0.0108734,0.0108744,4.82258E-07,9.87098E-08,0.00427265,0.00414281,0.0128072,0,0.0165074,0,0.289322,0.289401,1.32477,4.2668
A,3,1000,3.818,0.25,2,0.295045,0.296188,0.0205029,0.0200365,-0.0202638,-0.0204973,0.0908372,-0.00674991,0.0895228,0.0117644,0.00156296,0.00176145,0.0102714,0.0102707,0.0642559,0.0208033,0.020414,0.00922714,0.00922804,3.98025E-07,8.10295E-08,0.00426953,0.00414281,0,0,0,0,0.295044,0.295045,3.80202,4.11737
F1,3,1000,3.818,0.25,2,0.300476,0.301118,0.0651375,-4.23428E-08,1.2642E-08,-0.0655079,0.0902917,-0.00631023,0.0894187,0.0116801,0.00156288,0.00176748,0.010265,0.0102706,0.0641859,0.0208368,0.0204501,0.0265997,0.0266178,1.4055E-06,3.3422E-07,0.00432083,0.00414278,0.102012,0,0.0465883,0,0.300053,0.300214,3.78579,4.11737
F2,3,1000,3.818,0.25,2,0.295658,0.296151,0.0203527,0.0201885,-0.0203445,-0.0204163,0.0909443,-0.00675185,0.0894192,0.0117643,0.00156296,0.00176141,0.0102714,0.0102707,0.064186,0.0208384,0.0204484,0.00922707,0.00922701,3.97049E-07,8.09129E-08,0.0042693,0.00414279,1.67473E-07,0,5.9693E-05,0,0.295658,0.295658,3.78616,4.11737
B,3,1000,3.818,0.25,2,0.295724,0.296244,0.0204414,0.0201298,-0.0202851,-0.0205165,0.090993,-0.00677961,0.0894359,0.0117669,0.00156296,0.00176149,0.0102714,0.0102707,0.0642339,0.0208153,0.0204241,0.00923201,0.00923676,3.91629E-07,7.76938E-08,0.00426964,0.00414281,9.0933E-09,0,1.39095E-05,0,0.295724,0.295724,1.32516,4.11737
A,3,1000,3.818,0.25,4,0.295045,0.296188,0.0205029,0.0200365,-0.0202638,-0.0204973,0.0908372,-0.00674991,0.0895228,0.0117644,0.00156296,0.00176145,0.0102714,0.0102707,0.0642558,0.0208033,0.020414,0.00922714,0.00922804,3.98025E-07,8.10301E-08,0.00426953,0.00414281,0,0,0,0,0.295045,0.295045,3.80207,3.97525
F1,3,1000,3.818,0.25,4,0.29536,0.295868,0.0205023,0.0200372,-0.0202643,-0.0204958,0.0909402,-0.00674975,0.0894191,0.0117642,0.00156296,0.00176141,0.0102714,0.0102707,0.064186,0.0208384,0.0204485,0.00922709,0.00922763,3.97682E-07,8.11465E-08,0.00426932,0.00414279,3.54098E-06,0,0.000274481,0,0.29536,0.29536,3.78621,3.97525
F2,3,1000,3.818,0.25,4,0.295658,0.29615,0.0203527,0.0201885,-0.0203445,-0.0204163,0.0909443,-0.00675185,0.0894192,0.0117643,0.00156296,0.00176141,0.0102714,0.0102707,0.064186,0.0208384,0.0204485,0.00922707,0.00922701,3.97049E-07,8.09135E-08,0.0042693,0.00414279,1.67487E-07,0,5.96954E-05,0,0.295658,0.295659,3.78622,3.97525
B,3,1000,3.818,0.25,4,0.289472,0.290183,0.0322228,0.00885583,-0.00896427,-0.0323497,0.0908894,-0.00661423,0.0894355,0.0117616,0.00156296,0.0017617,0.0102711,0.0102708,0.0642339,0.020815,0.0204243,0.0108723,0.0108756,4.82216E-07,9.87215E-08,0.00427262,0.00414281,0.0128078,0,0.0165078,0,0.289321,0.289365,1.32484,3.97525
A,3,1000,3.818,0.25,5,0.295045,0.296188,0.0205029,0.0200365,-0.0202638,-0.0204973,0.0908372,-0.00674991,0.0895228,0.0117644,0.00156296,0.00176145,0.0102714,0.0102707,0.0642558,0.0208033,0.020414,0.00922714,0.00922804,3.98025E-07,8.10296E-08,0.00426953,0.00414281,0,0,0,0,0.295044,0.295045,3.80204,4.0599
F1,3,1000,3.818,0.25,5,0.280734,0.281305,0.0569255,5.01348E-07,-5.88933E-07,-0.0572485,0.0902944,-0.00635891,0.0894183,0.011704,0.00156291,0.00176529,0.0102672,0.0102707,0.064186,0.0208365,0.0204504,0.0214244,0.0214265,1.11876E-06,2.62985E-07,0.00430401,0.00414279,0.0779079,0,0.0407138,0,0.280392,0.280514,3.7857,4.0599
F2,3,1000,3.818,0.25,5,0.295658,0.296151,0.0203527,0.0201885,-0.0203445,-0.0204163,0.0909443,-0.00675185,0.0894192,0.0117643,0.00156296,0.00176141,0.0102714,0.0102707,0.064186,0.0208384,0.0204484,0.00922707,0.00922701,3.97049E-07,8.0913E-08,0.0042693,0.00414279,1.67476E-07,0,5.96937E-05,0,0.295658,0.295658,3.78618,4.0599
B,3,1000,3.818,0.25,5,0.295724,0.296244,0.0204414,0.0201298,-0.0202851,-0.0205165,0.090993,-0.00677961,0.0894359,0.0117669,0.00156296,0.00176149,0.0102714,0.0102707,0.0642339,0.0208153,0.0204241,0.00923201,0.00923676,3.91629E-07,7.76939E-08,0.00426964,0.00414281,9.09349E-09,0,1.39097E-05,0,0.295724,0.295724,1.32517,4.0599
A,3,1000,3.818,0.5,0,0.295044,0.296187,0.0205032,0.0200361,-0.0202635,-0.0204976,0.0908372,-0.00674991,0.0895228,0.0117644,0.00156296,0.00176145,0.0102714,0.0102707,0.0642558,0.0208033,0.020414,0.00922714,0.00922804,3.98026E-07,8.10307E-08,0.00426953,0.00414281,0,0,0,0,0.295044,0.295044,3.80208,3.97145
F1,3,1000,3.818,0.5,0,0.29536,0.295868,0.0205023,0.0200372,-0.0202643,-0.0204958,0.0909402,-0.00674975,0.0894191,0.0117642,0.00156296,0.00176141,0.0102714,0.0102707,0.064186,0.0208384,0.0204485,0.00922709,0.00922763,3.97682E-07,8.11465E-08,0.00426932,0.00414279,3.54098E-06,0,0.000274481,0,0.29536,0.29536,3.78621,3.97145
F2,3,1000,3.818,0.5,0,0.295658,0.29615,0.0203527,0.0201885,-0.0203445,-0.0204163,0.0909443,-0.00675185,0.0894192,0.0117643,0.00156296,0.00176141,0.0102714,0.0102707,0.064186,0.0208384,0.0204485,0.00922707,0.00922701,3.97049E-07,8.09135E-08,0.0042693,0.00414279,1.67487E-07,0,5.96955E-05,0,0.295658,0.295659,3.78622,3.97145
B,3,1000,3.818,0.5,0,0.295455,0.295847,0.020589,0.0199654,-0.0201625,-0.0206238,0.0909945,-0.00676182,0.0894018,0.0117656,0.00156297,0.00176144,0.0102714,0.0102708,0.0642173,0.0208233,0.0204325,0.00922923,0.00923456,3.94474E-07,7.93272E-08,0.00426944,0.00414279,3.63308E-08,0,2.78028E-05,0,0.295455,0.295455,2.67064,3.97145
A,3,1000,3.818,0.5,1,0.295044,0.296188,0.0205032,0.0200362,-0.0202635,-0.0204976,0.0908371,-0.00674991,0.0895229,0.0117644,0.00156296,0.00176145,0.0102714,0.0102707,0.0642559,0.0208033,0.020414,0.00922714,0.00922804,3.98027E-07,8.10293E-08,0.00426953,0.00414281,0,0,0,0,0.295043,0.295044,3.80194,4.29505
F1,3,1000,3.818,0.5,1,0.300501,0.301093,0.0651355,-4.03513E-08,1.09777E-08,-0.0655059,0.0902917,-0.00631022,0.0894191,0.0116801,0.00156288,0.00176749,0.010265,0.0102706,0.064186,0.0208368,0.0204501,0.0266008,0.0266154,1.40553E-06,3.3419E-07,0.00432087,0.00414278,0.102009,0,0.0465877,0,0.300055,0.300264,3.78569,4.29505
F2,3,1000,3.818,0.5,1,0.300501,0.301093,0.0651355,-4.03513E-08,1.09776E-08,-0.0655059,0.0902917,-0.00631022,0.0894191,0.0116801,0.00156288,0.00176749,0.010265,0.0102706,0.064186,0.0208368,0.0204501,0.0266008,0.0266154,1.40553E-06,3.3419E-07,0.00432087,0.00414278,0.102009,0,0.0465877,0,0.300055,0.300264,3.78569,4.29505
B,3,1000,3.818,0.5,1,0.278862,0.279477,0.0467059,0.000102114,-0.000126039,-0.0469579,0.0906109,-0.00643963,0.0894014,0.0117381,0.00156295,0.00176298,0.0102696,0.0102708,0.0642174,0.0208225,0.0204333,0.0163591,0.0163518,7.92803E-07,1.74259E-07,0.00428573,0.00414279,0.0511647,0,0.0329941,0,0.278518,0.27868,2.66987,4.29505
A,3,1000,3.818,0.5,2,0.295044,0.296187,0.0205032,0.0200362,-0.0202635,-0.0204976,0.0908371,-0.00674991,0.0895228,0.0117644,0.00156296,0.00176145,0.0102714,0.0102707,0.0642559,0.0208033,0.020414,0.00922714,0.00922804,3.98027E-07,8.10301E-08,0.00426953,0.00414281,0,0,0,0,0.295044,0.295044,3.80202,4.11725
F1,3,1000,3.818,0.5,2,0.300476,0.301117,0.0651375,-4.23186E-08,1.26213E-08,-0.0655079,0.0902917,-0.00631023,0.0894187,0.0116801,0.00156288,0.00176748,0.010265,0.0102706,0.0641859,0.0208368,0.0204501,0.0265998,0.0266178,1.4055E-06,3.3422E-07,0.00432083,0.00414278,0.102012,0,0.0465882,0,0.300053,0.300215,3.78578,4.11725
F2,3,1000,3.818,0.5,2,0.295658,0.296151,0.0203527,0.0201885,-0.0203445,-0.0204163,0.0909443,-0.00675185,0.0894192,0.0117643,0.00156296,0.00176141,0.0102714,0.0102707,0.064186,0.0208384,0.0204484,0.00922707,0.00922701,3.97049E-07,8.09129E-08,0.0042693,0.00414279,1.67473E-07,0,5.9693E-05,0,0.295658,0.295658,3.78616,4.11725
B,3,1000,3.818,0.5,2,0.295455,0.295847,0.020589,0.0199654,-0.0201625,-0.0206238,0.0909945,-0.00676182,0.0894018,0.0117656,0.00156296,0.00176144,0.0102714,0.0102708,0.0642174,0.0208233,0.0204325,0.00922923,0.00923456,3.94475E-07,7.93268E-08,0.00426944,0.00414279,3.63278E-08,0,2.78016E-05,0,0.295454,0.295455,2.67059,4.11725
A,3,1000,3.818,0.5,4,0.295044,0.296187,0.0205032,0.0200361,-0.0202635,-0.0204976,0.0908372,-0.00674991,0.0895228,0.0117644,0.00156296,0.00176145,0.0102714,0.0102707,0.0642558,0.0208033,0.020414,0.00922714,0.00922804,3.98026E-07,8.10307E-08,0.00426953,0.00414281,0,0,0,0,0.295044,0.295044,3.80208,4.0035
F1,3,1000,3.818,0.5,4,0.29536,0.295868,0.0205023,0.0200372,-0.0202643,-0.0204958,0.0909402,-0.00674975,0.0894191,0.0117642,0.00156296,0.00176141,0.0102714,0.0102707,0.064186,0.0208384,0.0204485,0.00922709,0.00922763,3.97682E-07,8.11465E-08,0.00426932,0.00414279,3.54098E-06,0,0.000274481,0,0.29536,0.29536,3.78621,4.0035
F2,3,1000,3.818,0.5,4,0.295658,0.29615,0.0203527,0.0201885,-0.0203445,-0.0204163,0.0909443,-0.00675185,0.0894192,0.0117643,0.00156296,0.00176141,0.0102714,0.0102707,0.064186,0.0208384,0.0204485,0.00922707,0.00922701,3.97049E-07,8.09135E-08,0.0042693,0.00414279,1.67487E-07,0,5.96955E-05,0,0.295658,0.295659,3.78622,4.0035
B,3,1000,3.818,0.5,4,0.278825,0.279508,0.0467042,0.000102179,-0.000126142,-0.0469562,0.0906109,-0.00643963,0.0894009,0.011738,0.00156295,0.00176297,0.0102696,0.0102708,0.0642174,0.0208224,0.0204333,0.0163573,0.0163544,7.92733E-07,1.74288E-07,0.00428568,0.00414279,0.0511671,0,0.0329949,0,0.278516,0.278606,2.67,4.0035
A,3,1000,3.818,0.5,5,0.295044,0.296187,0.0205032,0.0200361,-0.0202635,-0.0204976,0.0908371,-0.00674991,0.0895228,0.0117644,0.00156296,0.00176145,0.0102714,0.0102707,0.0642558,0.0208033,0.020414,0.00922714,0.00922804,3.98027E-07,8.10302E-08,0.00426953,0.00414281,0,0,0,0,0.295044,0.295044,3.80204,4.05978
F1,3,1000,3.818,0.5,5,0.280733,0.281306,0.0569255,5.01359E-07,-5.88943E-07,-0.0572485,0.0902944,-0.00635891,0.0894183,0.011704,0.00156291,0.00176529,0.0102672,0.0102707,0.064186,0.0208365,0.0204504,0.0214244,0.0214265,1.11876E-06,2.62985E-07,0.00430401,0.00414279,0.0779079,0,0.0407138,0,0.280392,0.280514,3.7857,4.05978
F2,3,1000,3.818,0.5,5,0.295658,0.296151,0.0203527,0.0201885,-0.0203445,-0.0204163,0.0909443,-0.00675185,0.0894192,0.0117643,0.00156296,0.00176141,0.0102714,0.0102707,0.064186,0.0208384,0.0204484,0.00922707,0.00922701,3.97049E-07,8.09131E-08,0.0042693,0.00414279,1.67477E-07,0,5.96937E-05,0,0.295658,0.295658,3.78618,4.05978
B,3,1000,3.818,0.5,5,0.295455,0.295847,0.020589,0.0199654,-0.0201625,-0.0206238,0.0909945,-0.00676182,0.0894018,0.0117656,0.00156296,0.00176144,0.0102714,0.0102708,0.0642174,0.0208233,0.0204325,0.00922923,0.00923456,3.94474E-07,7.93269E-08,0.00426944,0.00414279,3.63287E-08,0,2.7802E-05,0,0.295454,0.295455,2.67061,4.05978
A,3,1000,3.818,0.79,0,0.295043,0.296186,0.0205039,0.0200354,-0.0202628,-0.0204983,0.0908372,-0.0067499,0.0895228,0.0117644,0.00156296,0.00176145,0.0102714,0.0102707,0.0642558,0.0208033,0.020414,0.00922714,0.00922805,3.98029E-07,8.10318E-08,0.00426953,0.00414281,0,0,0,0,0.295043,0.295043,3.80207,3.9712
F1,3,1000,3.818,0.79,0,0.29536,0.295868,0.0205023,0.0200372,-0.0202643,-0.0204958,0.0909402,-0.00674975,0.0894191,0.0117642,0.00156296,0.00176141,0.0102714,0.0102707,0.064186,0.0208384,0.0204485,0.00922709,0.00922763,3.97682E-07,8.11465E-08,0.00426932,0.00414279,3.54098E-06,0,0.000274481,0,0.29536,0.29536,3.78621,3.9712
F2,3,1000,3.818,0.79,0,0.295658,0.29615,0.0203527,0.0201885,-0.0203445,-0.0204163,0.0909443,-0.00675185,0.0894192,0.0117643,0.00156296,0.00176141,0.0102714,0.0102707,0.064186,0.0208384,0.0204485,0.00922707,0.00922701,3.97049E-07,8.09135E-08,0.0042693,0.00414279,1.67487E-07,0,5.96954E-05,0,0.295658,0.295659,3.78622,3.9712
B,3,1000,3.818,0.79,0,0.294826,0.295143,0.0207548,0.0197664,-0.0200143,-0.0207402,0.0909657,-0.00674036,0.0893645,0.011763,0.00156296,0.00176136,0.0102714,0.0102707,0.0641989,0.020832,0.0204421,0.00922407,0.0092297,4.00379E-07,8.2715E-08,0.00426909,0.00414278,9.08484E-08,0,4.39653E-05,0,0.294825,0.294826,4.23591,3.9712
A,3,1000,3.818,0.79,1,0.295043,0.296186,0.0205039,0.0200354,-0.0202628,-0.0204983,0.0908371,-0.0067499,0.0895229,0.0117644,0.00156296,0.00176145,0.0102714,0.0102707,0.0642559,0.0208033,0.020414,0.00922714,0.00922805,3.9803E-07,8.10305E-08,0.00426953,0.00414281,0,0,0,0,0.295042,0.295043,3.80194,4.4737
F1,3,1000,3.818,0.79,1,0.3005,0.301094,0.0651355,-4.1933E-08,6.18461E-09,-0.0655059,0.0902917,-0.00631024,0.0894191,0.0116801,0.00156288,0.00176749,0.010265,0.0102706,0.064186,0.0208368,0.0204501,0.0266008,0.0266155,1.40553E-06,3.34191E-07,0.00432087,0.00414278,0.102009,0,0.0465877,0,0.300055,0.300263,3.78569,4.4737
F2,3,1000,3.818,0.79,1,0.3005,0.301094,0.0651355,-4.19331E-08,6.18466E-09,-0.0655059,0.0902917,-0.00631024,0.0894191,0.0116801,0.00156288,0.00176749,0.010265,0.0102706,0.064186,0.0208368,0.0204501,0.0266008,0.0266155,1.40553E-06,3.34191E-07,0.00432087,0.00414278,0.102009,0,0.0465877,0,0.300055,0.300263,3.78569,4.4737
B,3,1000,3.818,0.79,1,0.313182,0.31338,0.0736052,-4.65603E-07,4.18967E-07,-0.07404,0.0901493,-0.00624346,0.0893651,0.0116456,0.00156285,0.00176994,0.0102624,0.0102706,0.0641988,0.0208307,0.0204434,0.0328709,0.0329104,1.80498E-06,4.4662E-07,0.00434082,0.00414277,0.127942,0,0.0521744,0,0.312693,0.312921,4.23496,4.4737
A,3,1000,3.818,0.79,2,0.295043,0.296186,0.0205039,0.0200354,-0.0202628,-0.0204983,0.0908371,-0.0067499,0.0895228,0.0117644,0.00156296,0.00176145,0.0102714,0.0102707,0.0642559,0.0208033,0.020414,0.00922714,0.00922805,3.9803E-07,8.10312E-08,0.00426953,0.00414281,0,0,0,0,0.295042,0.295043,3.80202,4.117
F1,3,1000,3.818,0.79,2,0.300476,0.301118,0.0651375,-4.23334E-08,1.26339E-08,-0.0655079,0.0902917,-0.00631023,0.0894187,0.0116801,0.00156288,0.00176748,0.010265,0.0102706,0.0641859,0.0208368,0.0204501,0.0265998,0.0266178,1.4055E-06,3.3422E-07,0.00432083,0.00414278,0.102012,0,0.0465883,0,0.300053,0.300215,3.78579,4.117
F2,3,1000,3.818,0.79,2,0.295658,0.296151,0.0203527,0.0201885,-0.0203445,-0.0204163,0.0909443,-0.00675185,0.0894192,0.0117643,0.00156296,0.00176141,0.0102714,0.0102707,0.064186,0.0208384,0.0204484,0.00922707,0.00922701,3.97049E-07,8.09129E-08,0.0042693,0.00414279,1.67473E-07,0,5.9693E-05,0,0.295658,0.295658,3.78616,4.117
B,3,1000,3.818,0.79,2,0.294826,0.295143,0.0207548,0.0197664,-0.0200143,-0.0207402,0.0909657,-0.00674035,0.0893646,0.011763,0.00156296,0.00176136,0.0102714,0.0102707,0.0641989,0.020832,0.0204421,0.00922407,0.0092297,4.00379E-07,8.27142E-08,0.00426909,0.00414278,9.0841E-08,0,4.39635E-05,0,0.294824,0.294826,4.23583,4.117
A,3,1000,3.818,0.79,4,0.295043,0.296186,0.0205039,0.0200354,-0.0202628,-0.0204983,0.0908372,-0.0067499,0.0895228,0.0117644,0.00156296,0.00176145,0.0102714,0.0102707,0.0642558,0.0208033,0.020414,0.00922714,0.00922805,3.98029E-07,8.10319E-08,0.00426953,0.00414281,0,0,0,0,0.295043,0.295043,3.80207,4.18217
F1,3,1000,3.818,0.79,4,0.29536,0.295868,0.0205023,0.0200372,-0.0202643,-0.0204958,0.0909402,-0.00674975,0.0894191,0.0117642,0.00156296,0.00176141,0.0102714,0.0102707,0.064186,0.0208384,0.0204485,0.00922709,0.00922763,3.97682E-07,8.11465E-08,0.00426932,0.00414279,3.54098E-06,0,0.000274481,0,0.29536,0.29536,3.78621,4.18217
F2,3,1000,3.818,0.79,4,0.295658,0.29615,0.0203527,0.0201885,-0.0203445,-0.0204163,0.0909443,-0.00675185,0.0894192,0.0117643,0.00156296,0.00176141,0.0102714,0.0102707,0.064186,0.0208384,0.0204485,0.00922707,0.00922701,3.97049E-07,8.09136E-08,0.0042693,0.00414279,1.67487E-07,0,5.96954E-05,0,0.295658,0.295659,3.78622,4.18217
B,3,1000,3.818,0.79,4,0.31313,0.313431,0.0736023,-4.30728E-07,4.05908E-07,-0.0740369,0.0901491,-0.00624348,0.0893644,0.0116455,0.00156285,0.00176993,0.0102624,0.0102706,0.0641988,0.0208307,0.0204434,0.032869,0.0329159,1.80494E-06,4.46694E-07,0.00434074,0.00414277,0.127948,0,0.0521756,0,0.312689,0.312817,4.23517,4.18217
A,3,1000,3.818,0.79,5,0.295043,0.296186,0.0205039,0.0200354,-0.0202628,-0.0204983,0.0908371,-0.0067499,0.0895228,0.0117644,0.00156296,0.00176145,0.0102714,0.0102707,0.0642558,0.0208033,0.020414,0.00922714,0.00922805,3.9803E-07,8.10313E-08,0.00426953,0.00414281,0,0,0,0,0.295042,0.295043,3.80204,4.05952
F1,3,1000,3.818,0.79,5,0.280734,0.281306,0.0569255,5.01351E-07,-5.88936E-07,-0.0572485,0.0902944,-0.00635891,0.0894183,0.011704,0.00156291,0.00176529,0.0102672,0.0102707,0.064186,0.0208365,0.0204504,0.0214244,0.0214265,1.11876E-06,2.62985E-07,0.00430401,0.00414279,0.0779079,0,0.0407138,0,0.280392,0.280514,3.7857,4.05952
F2,3,1000,3.818,0.79,5,0.295658,0.296151,0.0203527,0.0201885,-0.0203445,-0.0204163,0.0909443,-0.00675185,0.0894192,0.0117643,0.00156296,0.00176141,0.0102714,0.0102707,0.064186,0.0208384,0.0204484,0.00922707,0.00922701,3.97049E-07,8.0913E-08,0.0042693,0.00414279,1.67477E-07,0,5.96937E-05,0,0.295658,0.295658,3.78618,4.05952
B,3,1000,3.818,0.79,5,0.294826,0.295143,0.0207548,0.0197664,-0.0200143,-0.0207402,0.0909657,-0.00674036,0.0893645,0.011763,0.00156296,0.00176136,0.0102714,0.0102707,0.0641989,0.020832,0.0204421,0.00922407,0.0092297,4.00379E-07,8.27144E-08,0.00426909,0.00414278,9.0843E-08,0,4.3964E-05,0,0.294825,0.294826,4.23585,4.05952
A,3,1000,3.818,1,0,0.295041,0.296185,0.0205046,0.0200347,-0.0202621,-0.020499,0.0908371,-0.00674989,0.0895228,0.0117644,0.00156296,0.00176145,0.0102714,0.0102707,0.0642558,0.0208033,0.020414,0.00922714,0.00922805,3.98032E-07,8.10329E-08,0.00426953,0.00414281,0,0,0,0,0.295041,0.295042,3.80207,3.97095
F1,3,1000,3.818,1,0,0.29536,0.295868,0.0205023,0.0200372,-0.0202643,-0.0204958,0.0909402,-0.00674975,0.0894191,0.0117642,0.00156296,0.00176141,0.0102714,0.0102707,0.064186,0.0208384,0.0204485,0.00922709,0.00922763,3.97682E-07,8.11465E-08,0.00426932,0.00414279,3.54098E-06,0,0.000274481,0,0.29536,0.29536,3.78621,3.97095
F2,3,1000,3.818,1,0,0.295658,0.29615,0.0203527,0.0201885,-0.0203445,-0.0204163,0.0909443,-0.00675185,0.0894192,0.0117643,0.00156296,0.00176141,0.0102714,0.0102707,0.064186,0.0208384,0.0204485,0.00922707,0.00922701,3.97049E-07,8.09135E-08,0.0042693,0.00414279,1.67487E-07,0,5.96954E-05,0,0.295658,0.295659,3.78622,3.97095
B,3,1000,3.818,1,0,0.294151,0.294465,0.0208717,0.0196154,-0.0199027,-0.0208182,0.0909225,-0.00672392,0.0893389,0.0117603,0.00156296,0.00176128,0.0102715,0.0102707,0.064186,0.0208379,0.020449,0.00921893,0.00922452,4.0653E-07,8.63562E-08,0.00426872,0.00414276,1.4605E-07,0,5.57446E-05,0,0.294149,0.29415,5.37669,3.97095
A,3,1000,3.818,1,1,0.295041,0.296185,0.0205046,0.0200347,-0.0202621,-0.0204991,0.0908371,-0.00674989,0.0895229,0.0117644,0.00156296,0.00176145,0.0102714,0.0102707,0.0642559,0.0208033,0.020414,0.00922714,0.00922805,3.98033E-07,8.10317E-08,0.00426953,0.00414281,0,0,0,0,0.29504,0.295041,3.80194,4.63715
F1,3,1000,3.818,1,1,0.3005,0.301094,0.0651354,-3.98493E-08,1.14336E-08,-0.0655059,0.0902917,-0.00631022,0.0894191,0.0116801,0.00156288,0.00176749,0.010265,0.0102706,0.064186,0.0208368,0.0204501,0.0266007,0.0266155,1.40553E-06,3.34192E-07,0.00432087,0.00414278,0.102009,0,0.0465877,0,0.300055,0.300262,3.7857,4.63715
F2,3,1000,3.818,1,1,0.3005,0.301094,0.0651354,-3.98493E-08,1.14335E-08,-0.0655059,0.0902917,-0.00631022,0.0894191,0.0116801,0.00156288,0.00176749,0.010265,0.0102706,0.064186,0.0208368,0.0204501,0.0266007,0.0266155,1.40553E-06,3.34192E-07,0.00432087,0.00414278,0.102009,0,0.0465877,0,0.300055,0.300262,3.7857,4.63715
B,3,1000,3.818,1,1,0.338132,0.337845,0.0932667,-1.19914E-06,1.08948E-06,-0.0938054,0.0894624,-0.00606212,0.0893433,0.0115497,0.00156277,0.00177596,0.0102558,0.0102707,0.0641859,0.0208351,0.0204518,0.0508503,0.0509208,3.06376E-06,8.378E-07,0.00439353,0.00414274,0.205667,0,0.0661506,0,0.337461,0.337772,5.37513,4.63715
A,3,1000,3.818,1,2,0.295041,0.296185,0.0205046,0.0200347,-0.0202621,-0.0204991,0.0908371,-0.00674989,0.0895228,0.0117644,0.00156296,0.00176145,0.0102714,0.0102707,0.0642559,0.0208033,0.020414,0.00922714,0.00922805,3.98033E-07,8.10323E-08,0.00426953,0.00414281,0,0,0,0,0.295041,0.295041,3.80202,4.11674
F1,3,1000,3.818,1,2,0.300476,0.301118,0.0651375,-4.23207E-08,1.26232E-08,-0.0655079,0.0902917,-0.00631023,0.0894187,0.0116801,0.00156288,0.00176748,0.010265,0.0102706,0.0641859,0.0208368,0.0204501,0.0265998,0.0266178,1.4055E-06,3.3422E-07,0.00432083,0.00414278,0.102012,0,0.0465882,0,0.300053,0.300215,3.78578,4.11674
F2,3,1000,3.818,1,2,0.295658,0.296151,0.0203527,0.0201885,-0.0203445,-0.0204163,0.0909443,-0.00675185,0.0894192,0.0117643,0.00156296,0.00176141,0.0102714,0.0102707,0.064186,0.0208384,0.0204484,0.00922707,0.00922701,3.97049E-07,8.09129E-08,0.0042693,0.00414279,1.67473E-07,0,5.9693E-05,0,0.295658,0.295658,3.78616,4.11674
B,3,1000,3.818,1,2,0.294151,0.294465,0.0208716,0.0196155,-0.0199027,-0.0208182,0.0909225,-0.00672392,0.089339,0.0117603,0.00156296,0.00176128,0.0102715,0.0102707,0.064186,0.0208379,0.0204489,0.00921893,0.00922452,4.0653E-07,8.6355E-08,0.00426872,0.00414276,1.46038E-07,0,5.57423E-05,0,0.294148,0.29415,5.37658,4.11674
A,3,1000,3.818,1,4,0.295041,0.296185,0.0205046,0.0200347,-0.0202621,-0.020499,0.0908371,-0.00674989,0.0895228,0.0117644,0.00156296,0.00176145,0.0102714,0.0102707,0.0642558,0.0208033,0.020414,0.00922714,0.00922805,3.98033E-07,8.1033E-08,0.00426953,0.00414281,0,0,0,0,0.295041,0.295042,3.80207,4.34562
F1,3,1000,3.818,1,4,0.29536,0.295868,0.0205023,0.0200372,-0.0202643,-0.0204958,0.0909402,-0.00674975,0.0894191,0.0117642,0.00156296,0.00176141,0.0102714,0.0102707,0.064186,0.0208384,0.0204485,0.00922709,0.00922763,3.97682E-07,8.11465E-08,0.00426932,0.00414279,3.54098E-06,0,0.000274481,0,0.29536,0.29536,3.78621,4.34562
F2,3,1000,3.818,1,4,0.295658,0.29615,0.0203527,0.0201885,-0.0203445,-0.0204163,0.0909443,-0.00675185,0.0894192,0.0117643,0.00156296,0.00176141,0.0102714,0.0102707,0.064186,0.0208384,0.0204485,0.00922707,0.00922701,3.97049E-07,8.09136E-08,0.0042693,0.00414279,1.67487E-07,0,5.96954E-05,0,0.295658,0.295659,3.78622,4.34562
B,3,1000,3.818,1,4,0.338061,0.337902,0.093263,-1.19147E-06,1.14794E-06,-0.0938014,0.0894622,-0.00606208,0.0893423,0.0115496,0.00156278,0.00177595,0.0102558,0.0102707,0.0641859,0.0208351,0.0204518,0.0508471,0.0509293,3.06372E-06,8.37938E-07,0.00439344,0.00414274,0.205677,0,0.0661522,0,0.337453,0.33763,5.37539,4.34562
A,3,1000,3.818,1,5,0.295041,0.296185,0.0205046,0.0200347,-0.0202621,-0.0204991,0.0908371,-0.00674989,0.0895228,0.0117644,0.00156296,0.00176145,0.0102714,0.0102707,0.0642558,0.0208033,0.020414,0.00922714,0.00922805,3.98033E-07,8.10324E-08,0.00426953,0.00414281,0,0,0,0,0.295041,0.295041,3.80204,4.05927
F1,3,1000,3.818,1,5,0.280734,0.281306,0.0569255,5.01356E-07,-5.8894E-07,-0.0572485,0.0902944,-0.00635891,0.0894183,0.011704,0.00156291,0.00176529,0.0102672,0.0102707,0.064186,0.0208365,0.0204504,0.0214244,0.0214265,1.11876E-06,2.62985E-07,0.00430401,0.00414279,0.0779079,0,0.0407138,0,0.280392,0.280514,3.7857,4.05927
F2,3,1000,3.818,1,5,0.295658,0.296151,0.0203527,0.0201885,-0.0203445,-0.0204163,0.0909443,-0.00675185,0.0894192,0.0117643,0.00156296,0.00176141,0.0102714,0.0102707,0.064186,0.0208384,0.0204484,0.00922707,0.00922701,3.97049E-07,8.09131E-08,0.0042693,0.00414279,1.67477E-07,0,5.96937E-05,0,0.295658,0.295658,3.78618,4.05927
B,3,1000,3.818,1,5,0.294151,0.294465,0.0208716,0.0196155,-0.0199027,-0.0208182,0.0909225,-0.00672392,0.0893389,0.0117603,0.00156296,0.00176128,0.0102715,0.0102707,0.064186,0.0208379,0.0204489,0.00921893,0.00922452,4.06529E-07,8.63553E-08,0.00426872,0.00414276,1.46042E-07,0,5.57429E-05,0,0.294149,0.29415,5.37661,4.05927
A,3,20000,3.818,0.25,0,0.29504,0.296192,0.020503,0.0200365,-0.0202583,-0.0205176,0.0908339,-0.00648247,0.0895244,0.0117645,0.00156314,0.00175822,0.0102683,0.0102706,0.0642571,0.0207999,0.0204146,0.00922718,0.00922806,4.06643E-07,9.02008E-08,0.00427403,0.00414281,0,0,0,0,0.29504,0.295041,3.80393,3.97159
F1,3,20000,3.818,0.25,0,0.295358,0.295868,0.0205032,0.0200375,-0.0202579,-0.0205161,0.0909353,-0.00648188,0.0894223,0.0117643,0.00156314,0.00175818,0.0102682,0.0102706,0.0641883,0.0208345,0.0204486,0.00922764,0.00922713,4.06332E-07,9.03294E-08,0.00427383,0.00414278,3.54504E-06,0,0.000274639,0,0.295358,0.295359,3.79005,3.97159
F2,3,20000,3.818,0.25,0,0.295649,0.296159,0.0203546,0.0201885,-0.0203246,-0.0204536,0.0909395,-0.00648306,0.0894223,0.0117644,0.00156314,0.00175819,0.0102683,0.0102706,0.0641883,0.0208345,0.0204485,0.00922713,0.00922701,4.05558E-07,8.99796E-08,0.00427378,0.00414278,1.67673E-07,0,5.97287E-05,0,0.295649,0.295649,3.79006,3.97159
B,3,20000,3.818,0.25,0,0.295723,0.296246,0.0204411,0.0201301,-0.0202841,-0.020518,0.0909919,-0.00668496,0.0894366,0.0117669,0.00156299,0.00176108,0.0102711,0.0102706,0.0642343,0.0208143,0.0204245,0.00923203,0.00923676,3.9271E-07,7.88503E-08,0.0042702,0.0041428,9.06726E-09,0,1.38896E-05,0,0.295722,0.295722,1.32285,3.97159
A,3,20000,3.818,0.25,1,0.29504,0.296193,0.0205033,0.0200364,-0.0202584,-0.0205177,0.0908341,-0.00648193,0.0895245,0.0117644,0.00156314,0.00175822,0.0102683,0.0102706,0.0642572,0.0207999,0.0204145,0.00922716,0.00922803,4.06768E-07,9.026E-08,0.00427406,0.00414281,0,0,0,0,0.295038,0.29504,3.80189,4.50455
F1,3,20000,3.818,0.25,1,0.322077,0.322288,0.0800892,-6.09889E-05,7.08375E-05,-0.0808086,0.089876,-0.00535442,0.0894619,0.0116225,0.00156394,0.00176282,0.01022,0.0103005,0.0642001,0.0207501,0.0205196,0.0383447,0.0383504,2.88645E-06,1.23697E-06,0.00439792,0.00414278,0.154585,0,0.0573501,0,0.322092,0.32208,3.78382,4.50455
F2,3,20000,3.818,0.25,1,0.322077,0.322288,0.0800892,-6.09889E-05,7.08375E-05,-0.0808086,0.089876,-0.00535442,0.0894619,0.0116225,0.00156394,0.00176282,0.01022,0.0103005,0.0642001,0.0207501,0.0205196,0.0383447,0.0383504,2.88645E-06,1.23697E-06,0.00439792,0.00414278,0.154585,0,0.0573501,0,0.322092,0.32208,3.78382,4.50455
B,3,20000,3.818,0.25,1,0.286635,0.287145,0.0350581,0.00636308,-0.00647471,-0.0351901,0.0908355,-0.00649963,0.0894379,0.0117588,0.00156299,0.00176108,0.0102702,0.0102707,0.0642344,0.0208134,0.0204251,0.0117363,0.0117194,5.39717E-07,1.19511E-07,0.0042761,0.0041428,0.0193679,0,0.0202998,0,0.286635,0.286634,1.32218,4.50455
A,3,20000,3.818,0.25,2,0.29504,0.296193,0.0205033,0.0200364,-0.0202584,-0.0205177,0.0908341,-0.00648194,0.0895245,0.0117644,0.00156314,0.00175822,0.0102683,0.0102706,0.0642572,0.0207999,0.0204145,0.00922716,0.00922803,4.06768E-07,9.026E-08,0.00427406,0.00414281,0,0,0,0,0.295038,0.29504,3.80189,4.23507
F1,3,20000,3.818,0.25,2,0.322077,0.32229,0.0800892,-6.09944E-05,7.09512E-05,-0.0808087,0.089876,-0.00535447,0.0894619,0.0116225,0.00156394,0.00176282,0.01022,0.0103005,0.0642001,0.0207501,0.0205196,0.0383447,0.0383504,2.88645E-06,1.23697E-06,0.00439792,0.00414278,0.154585,0,0.0573502,0,0.322092,0.32208,3.78382,4.23507
F2,3,20000,3.818,0.25,2,0.295649,0.296159,0.0203546,0.0201884,-0.0203247,-0.0204536,0.0909397,-0.00648267,0.0894223,0.0117644,0.00156314,0.00175819,0.0102683,0.0102706,0.0641883,0.0208346,0.0204484,0.00922711,0.00922698,4.05684E-07,9.0039E-08,0.00427381,0.00414278,1.67659E-07,0,5.97262E-05,0,0.295647,0.295648,3.78548,4.23507
B,3,20000,3.818,0.25,2,0.295722,0.296246,0.0204413,0.0201301,-0.020284,-0.0205181,0.090992,-0.00668503,0.0894366,0.0117669,0.00156298,0.00176108,0.0102711,0.0102706,0.0642343,0.0208143,0.0204244,0.00923203,0.00923675,3.9273E-07,7.88553E-08,0.00427021,0.0041428,9.0665E-09,0,1.3889E-05,0,0.295722,0.295722,1.32248,4.23507
A,3,20000,3.818,0.25,4,0.29504,0.296193,0.020503,0.0200365,-0.0202583,-0.0205176,0.0908339,-0.00648232,0.0895244,0.0117645,0.00156314,0.00175822,0.0102683,0.0102706,0.0642571,0.0207999,0.0204146,0.00922719,0.00922806,4.06636E-07,9.01977E-08,0.00427403,0.00414281,0,0,0,0,0.29504,0.295041,3.80407,3.97758
F1,3,20000,3.818,0.25,4,0.295358,0.295869,0.0205033,0.0200375,-0.020258,-0.0205161,0.0909354,-0.00648178,0.0894223,0.0117643,0.00156314,0.00175818,0.0102683,0.0102706,0.0641883,0.0208345,0.0204486,0.00922764,0.00922714,4.06325E-07,9.03263E-08,0.00427384,0.00414278,3.54498E-06,0,0.000274637,0,0.295357,0.295358,3.78969,3.97758
F2,3,20000,3.818,0.25,4,0.295649,0.296159,0.0203546,0.0201884,-0.0203246,-0.0204536,0.0909395,-0.00648294,0.0894223,0.0117644,0.00156314,0.00175819,0.0102683,0.0102706,0.0641883,0.0208345,0.0204485,0.00922714,0.00922701,4.05552E-07,8.99766E-08,0.00427379,0.00414278,1.6767E-07,0,5.97282E-05,0,0.295648,0.295649,3.7897,3.97758
B,3,20000,3.818,0.25,4,0.286636,0.287147,0.0350774,0.00634485,-0.0064549,-0.0352109,0.0908354,-0.00649976,0.0894379,0.0117588,0.001563,0.00176107,0.0102702,0.0102707,0.0642344,0.0208134,0.0204251,0.0117365,0.0117196,5.39683E-07,1.19498E-07,0.00427609,0.0041428,0.0193692,0,0.0203005,0,0.286635,0.286635,1.321,3.97758
A,3,20000,3.818,0.25,5,0.29504,0.296192,0.020503,0.0200366,-0.0202583,-0.0205176,0.0908339,-0.00648249,0.0895244,0.0117644,0.00156315,0.00175822,0.0102683,0.0102706,0.0642571,0.0207999,0.0204146,0.00922715,0.00922803,4.06759E-07,9.02643E-08,0.00427403,0.00414281,0,0,0,0,0.29504,0.29504,3.80389,4.12498
F1,3,20000,3.818,0.25,5,0.291471,0.291376,0.0661837,-5.29359E-05,3.89874E-05,-0.0666704,0.0900484,-0.00559703,0.0894396,0.0116716,0.00156355,0.00176021,0.0102443,0.0102833,0.0641936,0.0207961,0.0204808,0.0273416,0.0273312,1.907E-06,7.50427E-07,0.00435019,0.00414278,0.105357,0,0.047346,0,0.291468,0.291468,3.79073,4.12498
F2,3,20000,3.818,0.25,5,0.295649,0.296159,0.0203547,0.0201885,-0.0203246,-0.0204536,0.0909394,-0.00648306,0.0894223,0.0117644,0.00156314,0.00175819,0.0102683,0.0102706,0.0641883,0.0208345,0.0204486,0.0092271,0.00922698,4.05674E-07,9.00428E-08,0.00427378,0.00414278,1.67673E-07,0,5.97288E-05,0,0.295648,0.295649,3.79009,4.12498
B,3,20000,3.818,0.25,5,0.295722,0.296246,0.0204411,0.0201301,-0.020284,-0.020518,0.0909919,-0.00668496,0.0894366,0.0117669,0.00156299,0.00176108,0.0102711,0.0102706,0.0642343,0.0208143,0.0204245,0.00923203,0.00923675,3.92725E-07,7.88574E-08,0.0042702,0.0041428,9.06728E-09,0,1.38896E-05,0,0.295722,0.295722,1.32291,4.12498
A,3,20000,3.818,0.5,0,0.29504,0.296192,0.0205034,0.0200362,-0.0202579,-0.0205179,0.0908339,-0.00648249,0.0895243,0.0117645,0.00156314,0.00175822,0.0102683,0.0102706,0.0642571,0.0207999,0.0204146,0.00922719,0.00922806,4.06635E-07,9.02E-08,0.00427403,0.00414281,0,0,0,0,0.29504,0.29504,3.80388,3.97146
F1,3,20000,3.818,0.5,0,0.295358,0.295868,0.0205032,0.0200375,-0.0202579,-0.0205161,0.0909353,-0.0064819,0.0894223,0.0117643,0.00156314,0.00175818,0.0102682,0.0102706,0.0641883,0.0208345,0.0204486,0.00922764,0.00922714,4.06322E-07,9.03277E-08,0.00427383,0.00414278,3.54505E-06,0,0.000274639,0,0.295358,0.295359,3.79008,3.97146
F2,3,20000,3.818,0.5,0,0.295649,0.296159,0.0203546,0.0201885,-0.0203246,-0.0204535,0.0909395,-0.00648308,0.0894223,0.0117644,0.00156314,0.00175819,0.0102683,0.0102706,0.0641883,0.0208345,0.0204485,0.00922713,0.00922701,4.05548E-07,8.99779E-08,0.00427378,0.00414278,1.67673E-07,0,5.97288E-05,0,0.295649,0.295649,3.79009,3.97146
B,3,20000,3.818,0.5,0,0.295451,0.295853,0.0205883,0.0199658,-0.0201607,-0.0206277,0.0909918,-0.00657294,0.0894037,0.0117657,0.00156305,0.00175983,0.0102701,0.0102705,0.0642184,0.0208196,0.0204344,0.0092293,0.00923456,3.9882E-07,8.39643E-08,0.0042717,0.00414279,3.62237E-08,0,2.77618E-05,0,0.29545,0.295451,2.6661,3.97146
A,3,20000,3.818,0.5,1,0.295039,0.296192,0.0205036,0.020036,-0.0202581,-0.020518,0.0908341,-0.00648193,0.0895245,0.0117644,0.00156314,0.00175822,0.0102683,0.0102706,0.0642572,0.0207999,0.0204145,0.00922716,0.00922803,4.06784E-07,9.02638E-08,0.00427406,0.00414281,0,0,0,0,0.295038,0.295039,3.80189,4.5887
F1,3,20000,3.818,0.5,1,0.322078,0.322291,0.0800905,-6.10826E-05,7.1079E-05,-0.080809,0.0898724,-0.00535457,0.0894621,0.0116215,0.00156395,0.00176276,0.0102201,0.0103005,0.0642001,0.02075,0.0205196,0.0383458,0.0383505,2.88663E-06,1.2337E-06,0.00439748,0.00414278,0.154585,0,0.0573503,0,0.322093,0.322081,3.78387,4.5887
F2,3,20000,3.818,0.5,1,0.322078,0.322291,0.0800905,-6.10825E-05,7.1079E-05,-0.080809,0.0898724,-0.00535457,0.0894621,0.0116215,0.00156395,0.00176276,0.0102201,0.0103005,0.0642001,0.02075,0.0205196,0.0383458,0.0383505,2.88663E-06,1.2337E-06,0.00439748,0.00414278,0.154585,0,0.0573503,0,0.322093,0.322081,3.78387,4.5887
B,3,20000,3.818,0.5,1,0.290052,0.290238,0.0571562,-1.45178E-05,1.48572E-05,-0.0575438,0.0904646,-0.00589077,0.08941,0.0117105,0.00156316,0.0017614,0.0102606,0.0102734,0.0642199,0.0208092,0.0204426,0.0216061,0.0216017,1.30703E-06,4.47987E-07,0.00431751,0.00414279,0.0773285,0,0.0405622,0,0.290058,0.290051,2.66543,4.5887
A,3,20000,3.818,0.5,2,0.295039,0.296192,0.0205036,0.0200361,-0.0202581,-0.020518,0.0908341,-0.00648193,0.0895245,0.0117644,0.00156314,0.00175822,0.0102683,0.0102706,0.0642572,0.0207999,0.0204145,0.00922716,0.00922803,4.0677E-07,9.02609E-08,0.00427406,0.00414281,0,0,0,0,0.295038,0.295039,3.80189,4.23494
F1,3,20000,3.818,0.5,2,0.322077,0.32229,0.0800892,-6.09946E-05,7.09517E-05,-0.0808087,0.089876,-0.00535447,0.0894619,0.0116225,0.00156394,0.00176282,0.01022,0.0103005,0.0642001,0.0207501,0.0205196,0.0383447,0.0383504,2.88645E-06,1.23697E-06,0.00439792,0.00414278,0.154585,0,0.0573502,0,0.322092,0.32208,3.78382,4.23494
F2,3,20000,3.818,0.5,2,0.295649,0.296159,0.0203546,0.0201884,-0.0203247,-0.0204536,0.0909397,-0.00648267,0.0894223,0.0117644,0.00156314,0.00175819,0.0102683,0.0102706,0.0641883,0.0208346,0.0204484,0.00922711,0.00922698,4.05684E-07,9.0039E-08,0.00427381,0.00414278,1.67659E-07,0,5.97262E-05,0,0.295647,0.295648,3.78548,4.23494
B,3,20000,3.818,0.5,2,0.295451,0.295853,0.0205888,0.0199662,-0.0201609,-0.0206277,0.090992,-0.00657309,0.0894037,0.0117657,0.00156304,0.00175983,0.0102701,0.0102704,0.0642184,0.0208196,0.0204343,0.00922929,0.00923454,3.98892E-07,8.3992E-08,0.00427172,0.00414279,3.62206E-08,0,2.77606E-05,0,0.295449,0.295451,2.66524,4.23494
A,3,20000,3.818,0.5,4,0.29504,0.296192,0.0205033,0.0200362,-0.0202579,-0.0205179,0.0908339,-0.00648248,0.0895243,0.0117644,0.00156315,0.00175822,0.0102683,0.0102706,0.0642571,0.0207999,0.0204146,0.00922717,0.00922805,4.06693E-07,9.02302E-08,0.00427403,0.00414281,0,0,0,0,0.295039,0.29504,3.80388,4.06167
F1,3,20000,3.818,0.5,4,0.295358,0.295868,0.0205032,0.0200375,-0.0202579,-0.0205161,0.0909353,-0.00648189,0.0894223,0.0117643,0.00156314,0.00175818,0.0102682,0.0102706,0.0641883,0.0208345,0.0204486,0.00922763,0.00922712,4.0638E-07,9.03579E-08,0.00427383,0.00414278,3.54504E-06,0,0.000274639,0,0.295358,0.295358,3.79008,4.06167
F2,3,20000,3.818,0.5,4,0.295649,0.296159,0.0203546,0.0201885,-0.0203246,-0.0204536,0.0909395,-0.00648306,0.0894223,0.0117644,0.00156314,0.00175819,0.0102683,0.0102706,0.0641883,0.0208345,0.0204486,0.00922712,0.009227,4.05606E-07,9.0008E-08,0.00427378,0.00414278,1.67673E-07,0,5.97288E-05,0,0.295649,0.295649,3.79009,4.06167
B,3,20000,3.818,0.5,4,0.290255,0.290336,0.0572117,-1.62738E-05,9.35522E-06,-0.057595,0.090464,-0.00588177,0.0894097,0.0117108,0.00156315,0.00176131,0.0102608,0.0102733,0.0642198,0.0208097,0.0204423,0.0216059,0.0216014,1.30739E-06,4.48623E-07,0.00431738,0.00414279,0.0773392,0,0.040565,0,0.290255,0.290253,2.66282,4.06167
A,3,20000,3.818,0.5,5,0.295039,0.296191,0.0205034,0.0200362,-0.020258,-0.0205179,0.0908339,-0.00648249,0.0895244,0.0117644,0.00156315,0.00175822,0.0102683,0.0102706,0.0642571,0.0207999,0.0204146,0.00922715,0.00922803,4.06763E-07,9.02662E-08,0.00427403,0.00414281,0,0,0,0,0.295039,0.29504,3.80387,4.12485
F1,3,20000,3.818,0.5,5,0.291498,0.291375,0.0661835,-5.43834E-05,3.95626E-05,-0.0666702,0.0900485,-0.00559692,0.0894396,0.0116716,0.00156355,0.00176021,0.0102443,0.0102833,0.0641936,0.0207961,0.0204808,0.0273416,0.0273311,1.90719E-06,7.5047E-07,0.00435018,0.00414278,0.105357,0,0.047346,0,0.291498,0.291492,3.79078,4.12485
F2,3,20000,3.818,0.5,5,0.295649,0.296159,0.0203547,0.0201885,-0.0203246,-0.0204536,0.0909394,-0.00648307,0.0894223,0.0117644,0.00156314,0.00175819,0.0102683,0.0102706,0.0641883,0.0208345,0.0204486,0.0092271,0.00922698,4.05676E-07,9.00438E-08,0.00427378,0.00414278,1.67673E-07,0,5.97288E-05,0,0.295648,0.295649,3.7901,4.12485
B,3,20000,3.818,0.5,5,0.295451,0.295853,0.0205884,0.0199658,-0.0201607,-0.0206277,0.0909918,-0.00657294,0.0894037,0.0117657,0.00156305,0.00175983,0.0102701,0.0102705,0.0642184,0.0208196,0.0204344,0.00922928,0.00923454,3.98884E-07,8.39958E-08,0.0042717,0.00414279,3.62237E-08,0,2.77618E-05,0,0.29545,0.295451,2.66611,4.12485
A,3,20000,3.818,0.79,0,0.295038,0.29619,0.0205041,0.0200355,-0.0202573,-0.0205184,0.0908339,-0.00648249,0.0895243,0.0117645,0.00156315,0.00175822,0.0102683,0.0102706,0.0642571,0.0207999,0.0204146,0.00922719,0.00922807,4.06638E-07,9.02018E-08,0.00427403,0.00414281,0,0,0,0,0.295038,0.295039,3.80387,3.97122
F1,3,20000,3.818,0.79,0,0.295358,0.295868,0.0205032,0.0200375,-0.0202579,-0.0205161,0.0909353,-0.0064819,0.0894223,0.0117643,0.00156314,0.00175818,0.0102682,0.0102706,0.0641883,0.0208345,0.0204486,0.00922764,0.00922714,4.06322E-07,9.03277E-08,0.00427383,0.00414278,3.54505E-06,0,0.000274639,0,0.295358,0.295359,3.79009,3.97122
F2,3,20000,3.818,0.79,0,0.295649,0.296159,0.0203546,0.0201885,-0.0203246,-0.0204535,0.0909395,-0.00648308,0.0894223,0.0117644,0.00156314,0.00175819,0.0102683,0.0102706,0.0641883,0.0208345,0.0204486,0.00922713,0.00922701,4.05548E-07,8.99779E-08,0.00427378,0.00414278,1.67673E-07,0,5.97288E-05,0,0.295649,0.295649,3.7901,3.97122
B,3,20000,3.818,0.79,0,0.294816,0.295159,0.0207541,0.0197669,-0.0200119,-0.0207482,0.090959,-0.00644254,0.0893695,0.0117632,0.0015632,0.00175731,0.0102671,0.010271,0.0642014,0.0208209,0.0204488,0.00922424,0.0092297,4.11356E-07,9.44258E-08,0.00427477,0.00414277,9.05779E-08,0,4.38998E-05,0,0.294814,0.294816,4.22877,3.97122
A,3,20000,3.818,0.79,1,0.295038,0.29619,0.0205045,0.0200352,-0.0202572,-0.0205187,0.0908337,-0.00648172,0.0895243,0.0117644,0.00156315,0.00175822,0.0102682,0.0102706,0.0642571,0.0207998,0.0204147,0.00922714,0.00922803,4.06802E-07,9.02888E-08,0.004274,0.00414281,0,0,0,0,0.295037,0.295038,3.80405,4.84578
F1,3,20000,3.818,0.79,1,0.321976,0.322142,0.0801966,-8.01714E-05,7.46725E-05,-0.0808594,0.0898717,-0.0052971,0.0894619,0.0116214,0.00156397,0.00176273,0.0102198,0.0103006,0.0642001,0.0207498,0.0205198,0.0383452,0.0383528,2.89718E-06,1.23946E-06,0.00439766,0.00414278,0.154581,0,0.0573675,0,0.321993,0.321977,3.79114,4.84578
F2,3,20000,3.818,0.79,1,0.321976,0.322142,0.0801966,-8.01714E-05,7.46725E-05,-0.0808594,0.0898717,-0.0052971,0.0894619,0.0116214,0.00156397,0.00176273,0.0102198,0.0103006,0.0642001,0.0207498,0.0205198,0.0383452,0.0383528,2.89718E-06,1.23946E-06,0.00439766,0.00414278,0.154581,0,0.0573675,0,0.321993,0.321977,3.79114,4.84578
B,3,20000,3.818,0.79,1,0.335136,0.335155,0.0902208,-9.75312E-05,0.000103561,-0.0912852,0.0895186,-0.0051931,0.0894648,0.0115744,0.0015646,0.00176332,0.0101873,0.0103262,0.0642227,0.0206724,0.0205736,0.0477201,0.0477591,3.80454E-06,1.69009E-06,0.00443837,0.00414277,0.192254,0,0.0639779,0,0.335163,0.335145,4.22965,4.84578
A,3,20000,3.818,0.79,2,0.295038,0.29619,0.0205043,0.0200354,-0.0202574,-0.0205185,0.0908341,-0.00648193,0.0895245,0.0117644,0.00156314,0.00175822,0.0102683,0.0102706,0.0642572,0.0207999,0.0204145,0.00922716,0.00922804,4.06774E-07,9.02627E-08,0.00427406,0.00414281,0,0,0,0,0.295036,0.295038,3.80189,4.2347
F1,3,20000,3.818,0.79,2,0.322077,0.32229,0.0800892,-6.09945E-05,7.09512E-05,-0.0808087,0.089876,-0.00535447,0.0894619,0.0116225,0.00156394,0.00176282,0.01022,0.0103005,0.0642001,0.0207501,0.0205196,0.0383447,0.0383504,2.88645E-06,1.23697E-06,0.00439792,0.00414278,0.154585,0,0.0573502,0,0.322092,0.32208,3.78382,4.2347
F2,3,20000,3.818,0.79,2,0.295649,0.296159,0.0203546,0.0201884,-0.0203247,-0.0204536,0.0909397,-0.00648267,0.0894223,0.0117644,0.00156314,0.00175819,0.0102683,0.0102706,0.0641883,0.0208346,0.0204484,0.00922711,0.00922698,4.05684E-07,9.0039E-08,0.00427381,0.00414278,1.67659E-07,0,5.97262E-05,0,0.295647,0.295648,3.78548,4.2347
B,3,20000,3.818,0.79,2,0.294816,0.295159,0.0207547,0.0197679,-0.0200126,-0.0207478,0.0909593,-0.00644283,0.0893696,0.0117631,0.0015632,0.00175731,0.0102671,0.0102709,0.0642014,0.020821,0.0204487,0.0092242,0.00922966,4.11524E-07,9.4506E-08,0.00427481,0.00414277,9.057E-08,0,4.38979E-05,0,0.294812,0.294815,4.22735,4.2347
A,3,20000,3.818,0.79,4,0.295038,0.29619,0.0205045,0.0200352,-0.0202571,-0.0205186,0.0908336,-0.0064818,0.0895243,0.0117644,0.00156315,0.00175822,0.0102682,0.0102707,0.0642571,0.0207998,0.0204147,0.00922715,0.00922803,4.06778E-07,9.02772E-08,0.004274,0.00414281,0,0,0,0,0.295039,0.295038,3.80402,4.31877
F1,3,20000,3.818,0.79,4,0.295358,0.295868,0.0205034,0.0200375,-0.0202579,-0.0205161,0.090935,-0.00648155,0.0894223,0.0117642,0.00156315,0.00175818,0.0102682,0.0102706,0.0641883,0.0208344,0.0204487,0.0092276,0.0092271,4.06461E-07,9.04032E-08,0.0042738,0.00414278,3.54486E-06,0,0.000274696,0,0.295358,0.295358,3.79014,4.31877
F2,3,20000,3.818,0.79,4,0.295649,0.296159,0.0203547,0.0201884,-0.0203246,-0.0204536,0.0909392,-0.00648264,0.0894223,0.0117644,0.00156315,0.00175818,0.0102682,0.0102706,0.0641883,0.0208344,0.0204486,0.0092271,0.00922697,4.05687E-07,9.00532E-08,0.00427375,0.00414278,1.67665E-07,0,5.97411E-05,0,0.295649,0.295648,3.79015,4.31877
B,3,20000,3.818,0.79,4,0.33523,0.335222,0.090226,-0.000109444,0.000105713,-0.0912894,0.0895241,-0.00517954,0.0894646,0.0115751,0.00156459,0.00176318,0.0101875,0.0103262,0.0642226,0.0206728,0.0205734,0.0477229,0.0477646,3.81003E-06,1.69725E-06,0.00443849,0.00414277,0.192278,0,0.0639771,0,0.335239,0.335236,4.23131,4.31877
A,3,20000,3.818,0.79,5,0.295038,0.29619,0.0205041,0.0200355,-0.0202573,-0.0205184,0.0908338,-0.00648248,0.0895244,0.0117644,0.00156315,0.00175822,0.0102683,0.0102706,0.0642571,0.0207999,0.0204146,0.00922716,0.00922804,4.06766E-07,9.02676E-08,0.00427403,0.00414281,0,0,0,0,0.295038,0.295038,3.80388,4.1246
F1,3,20000,3.818,0.79,5,0.291488,0.291376,0.0661835,-5.38438E-05,3.93735E-05,-0.0666703,0.0900484,-0.00559696,0.0894396,0.0116716,0.00156355,0.00176021,0.0102443,0.0102833,0.0641936,0.0207961,0.0204808,0.0273416,0.0273311,1.90712E-06,7.50454E-07,0.00435018,0.00414278,0.105357,0,0.047346,0,0.291487,0.291483,3.79077,4.1246
F2,3,20000,3.818,0.79,5,0.295649,0.296159,0.0203547,0.0201885,-0.0203246,-0.0204536,0.0909394,-0.00648306,0.0894223,0.0117644,0.00156314,0.00175819,0.0102683,0.0102706,0.0641883,0.0208345,0.0204486,0.0092271,0.00922698,4.05675E-07,9.00434E-08,0.00427378,0.00414278,1.67673E-07,0,5.97288E-05,0,0.295648,0.295649,3.79009,4.1246
B,3,20000,3.818,0.79,5,0.294816,0.295159,0.0207541,0.0197669,-0.0200118,-0.0207482,0.0909589,-0.00644253,0.0893695,0.0117631,0.00156321,0.00175731,0.0102671,0.010271,0.0642014,0.0208209,0.0204488,0.0092242,0.00922966,4.11517E-07,9.45093E-08,0.00427477,0.00414277,9.05779E-08,0,4.38998E-05,0,0.294814,0.294815,4.22872,4.1246
A,3,20000,3.818,1,0,0.295037,0.296189,0.0205048,0.0200348,-0.0202566,-0.0205189,0.0908338,-0.00648247,0.0895243,0.0117645,0.00156314,0.00175822,0.0102683,0.0102706,0.0642571,0.0207999,0.0204146,0.00922719,0.00922807,4.06642E-07,9.02036E-08,0.00427403,0.00414281,0,0,0,0,0.295037,0.295037,3.80389,3.97096
F1,3,20000,3.818,1,0,0.295358,0.295868,0.0205032,0.0200375,-0.0202579,-0.0205161,0.0909353,-0.00648189,0.0894223,0.0117643,0.00156314,0.00175818,0.0102682,0.0102706,0.0641883,0.0208345,0.0204486,0.00922764,0.00922714,4.06322E-07,9.03276E-08,0.00427383,0.00414278,3.54504E-06,0,0.000274639,0,0.295358,0.295359,3.79007,3.97096
F2,3,20000,3.818,1,0,0.295649,0.296159,0.0203546,0.0201885,-0.0203246,-0.0204536,0.0909395,-0.00648307,0.0894223,0.0117644,0.00156314,0.00175819,0.0102683,0.0102706,0.0641883,0.0208345,0.0204485,0.00922713,0.00922701,4.05548E-07,8.99778E-08,0.00427378,0.00414278,1.67673E-07,0,5.97288E-05,0,0.295649,0.295649,3.79008,3.97096
B,3,20000,3.818,1,0,0.294128,0.2945,0.0208713,0.019616,-0.0199,-0.0208304,0.0909093,-0.00634743,0.0893497,0.0117606,0.00156342,0.00175474,0.0102622,0.0102734,0.0641905,0.0208151,0.0204641,0.00921924,0.00922449,4.2436E-07,1.05382E-07,0.00427791,0.00414275,1.45607E-07,0,5.566E-05,0,0.294125,0.294127,5.36749,3.97096
A,3,20000,3.818,1,1,0.295036,0.29619,0.0205056,0.0200342,-0.0202562,-0.0205194,0.0908334,-0.00648172,0.0895246,0.0117644,0.00156315,0.00175822,0.0102682,0.0102706,0.0642573,0.0207998,0.0204146,0.00922715,0.00922803,4.06823E-07,9.02886E-08,0.00427402,0.00414281,0,0,0,0,0.295034,0.295035,3.80414,5.05245
F1,3,20000,3.818,1,1,0.321961,0.322126,0.0801949,-6.9737E-05,7.26739E-05,-0.0808925,0.0898706,-0.00530858,0.0894621,0.0116213,0.00156395,0.00176268,0.01022,0.0103005,0.0642003,0.0207499,0.0205195,0.0383396,0.0383501,2.90008E-06,1.23736E-06,0.00439761,0.00414278,0.154558,0,0.0573701,0,0.321979,0.321963,3.79092,5.05245
F2,3,20000,3.818,1,1,0.321961,0.322126,0.0801949,-6.9737E-05,7.26739E-05,-0.0808925,0.0898706,-0.00530858,0.0894621,0.0116213,0.00156395,0.00176268,0.01022,0.0103005,0.0642003,0.0207499,0.0205195,0.0383396,0.0383501,2.90008E-06,1.23736E-06,0.00439761,0.00414278,0.154558,0,0.0573701,0,0.321979,0.321963,3.79092,5.05245
B,3,20000,3.818,1,1,0.354305,0.354919,0.113999,-0.000127577,0.000121586,-0.11607,0.0880897,-0.00477646,0.0896155,0.0114404,0.0015669,0.00176473,0.0100572,0.0104353,0.0642523,0.0203806,0.0208304,0.0745093,0.0747366,6.62257E-06,3.09797E-06,0.00454868,0.00414277,0.306827,0,0.0808331,0,0.354356,0.354309,5.36883,5.05245
A,3,20000,3.818,1,2,0.295036,0.296189,0.020505,0.0200346,-0.0202567,-0.0205191,0.090834,-0.00648192,0.0895245,0.0117644,0.00156314,0.00175822,0.0102683,0.0102706,0.0642572,0.0207999,0.0204145,0.00922716,0.00922804,4.06778E-07,9.02646E-08,0.00427406,0.00414281,0,0,0,0,0.295035,0.295036,3.80189,4.23444
F1,3,20000,3.818,1,2,0.322077,0.32229,0.0800892,-6.09945E-05,7.09519E-05,-0.0808087,0.089876,-0.00535447,0.0894619,0.0116225,0.00156394,0.00176282,0.01022,0.0103005,0.0642001,0.0207501,0.0205196,0.0383447,0.0383504,2.88645E-06,1.23697E-06,0.00439792,0.00414278,0.154585,0,0.0573502,0,0.322092,0.32208,3.78382,4.23444
F2,3,20000,3.818,1,2,0.295649,0.296159,0.0203546,0.0201884,-0.0203247,-0.0204536,0.0909397,-0.00648267,0.0894223,0.0117644,0.00156314,0.00175819,0.0102683,0.0102706,0.0641883,0.0208346,0.0204484,0.00922711,0.00922698,4.05684E-07,9.0039E-08,0.00427381,0.00414278,1.67659E-07,0,5.97262E-05,0,0.295647,0.295648,3.78548,4.23444
B,3,20000,3.818,1,2,0.294127,0.294499,0.0208718,0.0196172,-0.0199007,-0.0208303,0.0909096,-0.00634789,0.0893498,0.0117604,0.00156341,0.00175475,0.0102622,0.0102733,0.0641906,0.0208152,0.020464,0.00921918,0.00922442,4.24622E-07,1.05523E-07,0.00427795,0.00414275,1.45595E-07,0,5.56576E-05,0,0.294122,0.294126,5.36575,4.23444
A,3,20000,3.818,1,4,0.295035,0.29619,0.0205055,0.0200343,-0.0202564,-0.0205194,0.0908338,-0.00648163,0.0895248,0.0117644,0.00156314,0.00175822,0.0102683,0.0102706,0.0642575,0.0207998,0.0204143,0.00922716,0.00922804,4.06813E-07,9.02608E-08,0.00427408,0.00414281,0,0,0,0,0.295035,0.295035,3.80409,4.52544
F1,3,20000,3.818,1,4,0.295357,0.29587,0.0205034,0.0200375,-0.0202578,-0.0205162,0.0909353,-0.0064815,0.0894227,0.0117643,0.00156313,0.00175818,0.0102683,0.0102706,0.0641886,0.0208344,0.0204483,0.00922762,0.0092271,4.06492E-07,9.03849E-08,0.00427388,0.00414278,3.54366E-06,0,0.00027468,0,0.295356,0.295357,3.79015,4.52544
F2,3,20000,3.818,1,4,0.295648,0.29616,0.0203547,0.0201884,-0.0203246,-0.0204536,0.0909395,-0.00648257,0.0894227,0.0117644,0.00156313,0.00175819,0.0102683,0.0102705,0.0641886,0.0208345,0.0204483,0.00922711,0.00922698,4.05718E-07,9.00351E-08,0.00427383,0.00414278,1.67608E-07,0,5.97377E-05,0,0.295647,0.295648,3.79015,4.52544
B,3,20000,3.818,1,4,0.354465,0.354981,0.114036,-0.000178471,0.000152294,-0.11603,0.0881061,-0.00477523,0.0896153,0.0114422,0.00156686,0.00176459,0.0100577,0.0104353,0.0642523,0.0203813,0.0208301,0.0745019,0.0747314,6.63828E-06,3.10493E-06,0.004549,0.00414277,0.306798,0,0.0808237,0,0.354503,0.354448,5.36896,4.52544
A,3,20000,3.818,1,5,0.295037,0.296189,0.0205048,0.0200348,-0.0202566,-0.020519,0.0908338,-0.00648248,0.0895244,0.0117644,0.00156315,0.00175822,0.0102682,0.0102706,0.0642571,0.0207999,0.0204146,0.00922716,0.00922804,4.06773E-07,9.02704E-08,0.00427403,0.00414281,0,0,0,0,0.295036,0.295037,3.80387,4.12434
F1,3,20000,3.818,1,5,0.291518,0.291375,0.0661832,-5.54407E-05,3.99532E-05,-0.0666701,0.0900485,-0.0055968,0.0894396,0.0116716,0.00156355,0.00176021,0.0102443,0.0102833,0.0641936,0.0207961,0.0204808,0.0273416,0.0273309,1.90731E-06,7.50491E-07,0.00435017,0.00414278,0.105357,0,0.047346,0,0.29152,0.291509,3.79082,4.12434
F2,3,20000,3.818,1,5,0.295649,0.296159,0.0203547,0.0201885,-0.0203246,-0.0204535,0.0909394,-0.00648307,0.0894223,0.0117644,0.00156314,0.00175819,0.0102683,0.0102706,0.0641883,0.0208345,0.0204486,0.0092271,0.00922698,4.05678E-07,9.00443E-08,0.00427378,0.00414278,1.67673E-07,0,5.97288E-05,0,0.295648,0.295649,3.7901,4.12434
B,3,20000,3.818,1,5,0.294127,0.294499,0.0208712,0.019616,-0.0198999,-0.0208304,0.0909092,-0.00634741,0.0893498,0.0117604,0.00156342,0.00175475,0.0102622,0.0102734,0.0641906,0.0208151,0.0204641,0.00921917,0.00922442,4.2463E-07,1.05525E-07,0.00427791,0.00414275,1.45607E-07,0,5.566E-05,0,0.294124,0.294126,5.36764,4.12434
