warning, model type mismatch in line
    q121a nmiri nmiri nme1 ls350
warning, model type mismatch in line
    q121b nhi nmiri nme2 ls350

Note: No compatibility mode selected!


Circuit: tb_loop.cir - l46a esplorazione, variante zxt_cm220p (blocco da inc/zxt_cm220p.inc)

Warning: Model issue on line 122 :
  .model lsk489a njf(beta=2.2m betatce=-.5 rd=11 rs=30 lambda=4.3m vto=-1. ...
unrecognized parameter (isr) - ignored
unrecognized parameter (alpha) - ignored
unrecognized parameter (vk) - ignored
unrecognized parameter (mj) - ignored

Doing analysis at TEMP = 27.000000 and TNOM = 27.000000

Using SPARSE 1.3 as Direct Linear Solver

No. of Data Rows : 801
fcross              =  1.90554e+06
pmarg               =  6.87797e+01
tdc                 =  8.46668e+01
mode=0db  rload=100k  rsrc=1m  pos=1  C=1f
fcross = 1.905541e+06
pmarg = 6.877973e+01
tdc = 8.466677e+01
Doing analysis at TEMP = 27.000000 and TNOM = 27.000000

Using SPARSE 1.3 as Direct Linear Solver

No. of Data Rows : 801
fcross              =  1.90651e+06
pmarg               =  6.83844e+01
tdc                 =  8.46668e+01
mode=0db  rload=100k  rsrc=1m  pos=1  C=47p
fcross = 1.906511e+06
pmarg = 6.838440e+01
tdc = 8.466677e+01
Doing analysis at TEMP = 27.000000 and TNOM = 27.000000

Using SPARSE 1.3 as Direct Linear Solver

No. of Data Rows : 801
fcross              =  1.90660e+06
pmarg               =  6.79485e+01
tdc                 =  8.46668e+01
mode=0db  rload=100k  rsrc=1m  pos=1  C=100p
fcross = 1.906597e+06
pmarg = 6.794851e+01
tdc = 8.466677e+01
Doing analysis at TEMP = 27.000000 and TNOM = 27.000000

Using SPARSE 1.3 as Direct Linear Solver

No. of Data Rows : 801
fcross              =  1.90298e+06
pmarg               =  6.70174e+01
tdc                 =  8.46668e+01
mode=0db  rload=100k  rsrc=1m  pos=1  C=220p
fcross = 1.902984e+06
pmarg = 6.701744e+01
tdc = 8.466677e+01
Doing analysis at TEMP = 27.000000 and TNOM = 27.000000

Using SPARSE 1.3 as Direct Linear Solver

No. of Data Rows : 801
fcross              =  1.88098e+06
pmarg               =  6.54330e+01
tdc                 =  8.46668e+01
mode=0db  rload=100k  rsrc=1m  pos=1  C=470p
fcross = 1.880978e+06
pmarg = 6.543304e+01
tdc = 8.466677e+01
Doing analysis at TEMP = 27.000000 and TNOM = 27.000000

Using SPARSE 1.3 as Direct Linear Solver

No. of Data Rows : 801
fcross              =  1.80414e+06
pmarg               =  6.37971e+01
tdc                 =  8.46668e+01
mode=0db  rload=100k  rsrc=1m  pos=1  C=1n
fcross = 1.804137e+06
pmarg = 6.379705e+01
tdc = 8.466677e+01
Doing analysis at TEMP = 27.000000 and TNOM = 27.000000

Using SPARSE 1.3 as Direct Linear Solver

No. of Data Rows : 801
fcross              =  1.73498e+06
pmarg               =  6.36402e+01
tdc                 =  8.46668e+01
mode=0db  rload=100k  rsrc=1m  pos=1  C=1.5n
fcross = 1.734979e+06
pmarg = 6.364018e+01
tdc = 8.466677e+01
Doing analysis at TEMP = 27.000000 and TNOM = 27.000000

Using SPARSE 1.3 as Direct Linear Solver

No. of Data Rows : 801
fcross              =  1.66459e+06
pmarg               =  6.42595e+01
tdc                 =  8.46668e+01
mode=0db  rload=100k  rsrc=1m  pos=1  C=2.2n
fcross = 1.664588e+06
pmarg = 6.425948e+01
tdc = 8.466677e+01
Doing analysis at TEMP = 27.000000 and TNOM = 27.000000

Using SPARSE 1.3 as Direct Linear Solver

No. of Data Rows : 801
fcross              =  1.62994e+06
pmarg               =  6.48612e+01
tdc                 =  8.46668e+01
mode=0db  rload=100k  rsrc=1m  pos=1  C=2.7n
fcross = 1.629938e+06
pmarg = 6.486120e+01
tdc = 8.466678e+01
Doing analysis at TEMP = 27.000000 and TNOM = 27.000000

Using SPARSE 1.3 as Direct Linear Solver

No. of Data Rows : 801
fcross              =  1.60008e+06
pmarg               =  6.55721e+01
tdc                 =  8.46668e+01
mode=0db  rload=100k  rsrc=1m  pos=1  C=3.3n
fcross = 1.600075e+06
pmarg = 6.557213e+01
tdc = 8.466678e+01
Doing analysis at TEMP = 27.000000 and TNOM = 27.000000

Using SPARSE 1.3 as Direct Linear Solver

No. of Data Rows : 801
fcross              =  1.55921e+06
pmarg               =  6.69403e+01
tdc                 =  8.46668e+01
mode=0db  rload=100k  rsrc=1m  pos=1  C=4.7n
fcross = 1.559211e+06
pmarg = 6.694030e+01
tdc = 8.466678e+01
Doing analysis at TEMP = 27.000000 and TNOM = 27.000000

Using SPARSE 1.3 as Direct Linear Solver

No. of Data Rows : 801
fcross              =  1.90554e+06
pmarg               =  6.87797e+01
tdc                 =  8.46668e+01
mode=0db  rload=100k  rsrc=1m  pos=2  C=1f
fcross = 1.905541e+06
pmarg = 6.877973e+01
tdc = 8.466677e+01
Doing analysis at TEMP = 27.000000 and TNOM = 27.000000

Using SPARSE 1.3 as Direct Linear Solver

No. of Data Rows : 801
fcross              =  1.90689e+06
pmarg               =  6.83806e+01
tdc                 =  8.46668e+01
mode=0db  rload=100k  rsrc=1m  pos=2  C=47p
fcross = 1.906886e+06
pmarg = 6.838059e+01
tdc = 8.466677e+01
Doing analysis at TEMP = 27.000000 and TNOM = 27.000000

Using SPARSE 1.3 as Direct Linear Solver

No. of Data Rows : 801
fcross              =  1.90829e+06
pmarg               =  6.79304e+01
tdc                 =  8.46668e+01
mode=0db  rload=100k  rsrc=1m  pos=2  C=100p
fcross = 1.908294e+06
pmarg = 6.793039e+01
tdc = 8.466677e+01
Doing analysis at TEMP = 27.000000 and TNOM = 27.000000

Using SPARSE 1.3 as Direct Linear Solver

No. of Data Rows : 801
fcross              =  1.91105e+06
pmarg               =  6.69114e+01
tdc                 =  8.46668e+01
mode=0db  rload=100k  rsrc=1m  pos=2  C=220p
fcross = 1.911054e+06
pmarg = 6.691143e+01
tdc = 8.466677e+01
Doing analysis at TEMP = 27.000000 and TNOM = 27.000000

Using SPARSE 1.3 as Direct Linear Solver

No. of Data Rows : 801
fcross              =  1.91483e+06
pmarg               =  6.47965e+01
tdc                 =  8.46668e+01
mode=0db  rload=100k  rsrc=1m  pos=2  C=470p
fcross = 1.914831e+06
pmarg = 6.479651e+01
tdc = 8.466677e+01
Doing analysis at TEMP = 27.000000 and TNOM = 27.000000

Using SPARSE 1.3 as Direct Linear Solver

No. of Data Rows : 801
fcross              =  1.91375e+06
pmarg               =  6.04084e+01
tdc                 =  8.46668e+01
mode=0db  rload=100k  rsrc=1m  pos=2  C=1n
fcross = 1.913749e+06
pmarg = 6.040840e+01
tdc = 8.466677e+01
Doing analysis at TEMP = 27.000000 and TNOM = 27.000000

Using SPARSE 1.3 as Direct Linear Solver

No. of Data Rows : 801
fcross              =  1.90170e+06
pmarg               =  5.64846e+01
tdc                 =  8.46668e+01
mode=0db  rload=100k  rsrc=1m  pos=2  C=1.5n
fcross = 1.901696e+06
pmarg = 5.648460e+01
tdc = 8.466677e+01
Doing analysis at TEMP = 27.000000 and TNOM = 27.000000

Using SPARSE 1.3 as Direct Linear Solver

No. of Data Rows : 801
fcross              =  1.86965e+06
pmarg               =  5.14944e+01
tdc                 =  8.46668e+01
mode=0db  rload=100k  rsrc=1m  pos=2  C=2.2n
fcross = 1.869649e+06
pmarg = 5.149444e+01
tdc = 8.466676e+01
Doing analysis at TEMP = 27.000000 and TNOM = 27.000000

Using SPARSE 1.3 as Direct Linear Solver

No. of Data Rows : 801
fcross              =  1.83873e+06
pmarg               =  4.83386e+01
tdc                 =  8.46668e+01
mode=0db  rload=100k  rsrc=1m  pos=2  C=2.7n
fcross = 1.838732e+06
pmarg = 4.833857e+01
tdc = 8.466676e+01
Doing analysis at TEMP = 27.000000 and TNOM = 27.000000

Using SPARSE 1.3 as Direct Linear Solver

No. of Data Rows : 801
fcross              =  1.79614e+06
pmarg               =  4.49995e+01
tdc                 =  8.46668e+01
mode=0db  rload=100k  rsrc=1m  pos=2  C=3.3n
fcross = 1.796145e+06
pmarg = 4.499945e+01
tdc = 8.466676e+01
Doing analysis at TEMP = 27.000000 and TNOM = 27.000000

Using SPARSE 1.3 as Direct Linear Solver

No. of Data Rows : 801
fcross              =  1.68879e+06
Note: Starting dynamic gmin stepping
Warning: Dynamic gmin stepping failed
Note: Starting true gmin stepping
Warning: True gmin stepping failed
Note: Starting source stepping
Note: Source stepping completed
pmarg               =  3.88368e+01
tdc                 =  8.46668e+01
mode=0db  rload=100k  rsrc=1m  pos=2  C=4.7n
fcross = 1.688791e+06
pmarg = 3.883684e+01
tdc = 8.466675e+01
Doing analysis at TEMP = 27.000000 and TNOM = 27.000000

Using SPARSE 1.3 as Direct Linear Solver

No. of Data Rows : 801
fcross              =  1.90493e+06
pmarg               =  6.81871e+01
tdc                 =  8.46668e+01
mode=0db  rload=100k  rsrc=1k  pos=1  C=1f
fcross = 1.904932e+06
pmarg = 6.818711e+01
tdc = 8.466677e+01
Doing analysis at TEMP = 27.000000 and TNOM = 27.000000

Using SPARSE 1.3 as Direct Linear Solver

No. of Data Rows : 801
fcross              =  1.90588e+06
pmarg               =  6.77918e+01
tdc                 =  8.46668e+01
mode=0db  rload=100k  rsrc=1k  pos=1  C=47p
fcross = 1.905884e+06
pmarg = 6.779179e+01
tdc = 8.466677e+01
Doing analysis at TEMP = 27.000000 and TNOM = 27.000000

Using SPARSE 1.3 as Direct Linear Solver

No. of Data Rows : 801
fcross              =  1.90597e+06
pmarg               =  6.73560e+01
tdc                 =  8.46668e+01
mode=0db  rload=100k  rsrc=1k  pos=1  C=100p
fcross = 1.905971e+06
pmarg = 6.735601e+01
tdc = 8.466677e+01
Doing analysis at TEMP = 27.000000 and TNOM = 27.000000

Using SPARSE 1.3 as Direct Linear Solver

No. of Data Rows : 801
fcross              =  1.90238e+06
pmarg               =  6.64261e+01
tdc                 =  8.46668e+01
mode=0db  rload=100k  rsrc=1k  pos=1  C=220p
fcross = 1.902379e+06
pmarg = 6.642611e+01
tdc = 8.466677e+01
Doing analysis at TEMP = 27.000000 and TNOM = 27.000000

Using SPARSE 1.3 as Direct Linear Solver

No. of Data Rows : 801
fcross              =  1.88040e+06
pmarg               =  6.48487e+01
tdc                 =  8.46668e+01
mode=0db  rload=100k  rsrc=1k  pos=1  C=470p
fcross = 1.880399e+06
pmarg = 6.484875e+01
tdc = 8.466677e+01
Doing analysis at TEMP = 27.000000 and TNOM = 27.000000

Using SPARSE 1.3 as Direct Linear Solver

No. of Data Rows : 801
fcross              =  1.80366e+06
pmarg               =  6.32357e+01
tdc                 =  8.46668e+01
mode=0db  rload=100k  rsrc=1k  pos=1  C=1n
fcross = 1.803658e+06
pmarg = 6.323572e+01
tdc = 8.466677e+01
Doing analysis at TEMP = 27.000000 and TNOM = 27.000000

Using SPARSE 1.3 as Direct Linear Solver

No. of Data Rows : 801
fcross              =  1.73457e+06
pmarg               =  6.30994e+01
tdc                 =  8.46668e+01
mode=0db  rload=100k  rsrc=1k  pos=1  C=1.5n
fcross = 1.734567e+06
pmarg = 6.309939e+01
tdc = 8.466677e+01
Doing analysis at TEMP = 27.000000 and TNOM = 27.000000

Using SPARSE 1.3 as Direct Linear Solver

No. of Data Rows : 801
fcross              =  1.66422e+06
pmarg               =  6.37399e+01
tdc                 =  8.46668e+01
mode=0db  rload=100k  rsrc=1k  pos=1  C=2.2n
fcross = 1.664219e+06
pmarg = 6.373986e+01
tdc = 8.466677e+01
Doing analysis at TEMP = 27.000000 and TNOM = 27.000000

Using SPARSE 1.3 as Direct Linear Solver

No. of Data Rows : 801
fcross              =  1.62959e+06
pmarg               =  6.43521e+01
tdc                 =  8.46668e+01
mode=0db  rload=100k  rsrc=1k  pos=1  C=2.7n
fcross = 1.629589e+06
pmarg = 6.435205e+01
tdc = 8.466677e+01
Doing analysis at TEMP = 27.000000 and TNOM = 27.000000

Using SPARSE 1.3 as Direct Linear Solver

No. of Data Rows : 801
fcross              =  1.59974e+06
pmarg               =  6.50721e+01
tdc                 =  8.46668e+01
mode=0db  rload=100k  rsrc=1k  pos=1  C=3.3n
fcross = 1.599743e+06
pmarg = 6.507206e+01
tdc = 8.466678e+01
Doing analysis at TEMP = 27.000000 and TNOM = 27.000000

Using SPARSE 1.3 as Direct Linear Solver

No. of Data Rows : 801
fcross              =  1.55889e+06
pmarg               =  6.64528e+01
tdc                 =  8.46668e+01
mode=0db  rload=100k  rsrc=1k  pos=1  C=4.7n
fcross = 1.558894e+06
pmarg = 6.645283e+01
tdc = 8.466678e+01
Doing analysis at TEMP = 27.000000 and TNOM = 27.000000

Using SPARSE 1.3 as Direct Linear Solver

No. of Data Rows : 801
fcross              =  1.90493e+06
pmarg               =  6.81871e+01
tdc                 =  8.46668e+01
mode=0db  rload=100k  rsrc=1k  pos=2  C=1f
fcross = 1.904930e+06
pmarg = 6.818714e+01
tdc = 8.466677e+01
Doing analysis at TEMP = 27.000000 and TNOM = 27.000000

Using SPARSE 1.3 as Direct Linear Solver

No. of Data Rows : 801
fcross              =  1.90626e+06
pmarg               =  6.77879e+01
tdc                 =  8.46668e+01
mode=0db  rload=100k  rsrc=1k  pos=2  C=47p
fcross = 1.906258e+06
pmarg = 6.778787e+01
tdc = 8.466677e+01
Doing analysis at TEMP = 27.000000 and TNOM = 27.000000

Using SPARSE 1.3 as Direct Linear Solver

No. of Data Rows : 801
fcross              =  1.90767e+06
pmarg               =  6.73374e+01
tdc                 =  8.46668e+01
mode=0db  rload=100k  rsrc=1k  pos=2  C=100p
fcross = 1.907666e+06
pmarg = 6.733738e+01
tdc = 8.466677e+01
Doing analysis at TEMP = 27.000000 and TNOM = 27.000000

Using SPARSE 1.3 as Direct Linear Solver

No. of Data Rows : 801
fcross              =  1.91042e+06
pmarg               =  6.63179e+01
tdc                 =  8.46668e+01
mode=0db  rload=100k  rsrc=1k  pos=2  C=220p
fcross = 1.910422e+06
pmarg = 6.631790e+01
tdc = 8.466677e+01
Doing analysis at TEMP = 27.000000 and TNOM = 27.000000

Using SPARSE 1.3 as Direct Linear Solver

No. of Data Rows : 801
fcross              =  1.91420e+06
pmarg               =  6.42025e+01
tdc                 =  8.46668e+01
mode=0db  rload=100k  rsrc=1k  pos=2  C=470p
fcross = 1.914195e+06
pmarg = 6.420249e+01
tdc = 8.466677e+01
Doing analysis at TEMP = 27.000000 and TNOM = 27.000000

Using SPARSE 1.3 as Direct Linear Solver

No. of Data Rows : 801
fcross              =  1.91312e+06
pmarg               =  5.98161e+01
tdc                 =  8.46668e+01
mode=0db  rload=100k  rsrc=1k  pos=2  C=1n
fcross = 1.913117e+06
pmarg = 5.981608e+01
tdc = 8.466677e+01
Doing analysis at TEMP = 27.000000 and TNOM = 27.000000

Using SPARSE 1.3 as Direct Linear Solver

No. of Data Rows : 801
fcross              =  1.90110e+06
pmarg               =  5.58968e+01
tdc                 =  8.46668e+01
mode=0db  rload=100k  rsrc=1k  pos=2  C=1.5n
fcross = 1.901098e+06
pmarg = 5.589676e+01
tdc = 8.466676e+01
Doing analysis at TEMP = 27.000000 and TNOM = 27.000000

Using SPARSE 1.3 as Direct Linear Solver

No. of Data Rows : 801
fcross              =  1.86909e+06
pmarg               =  5.09175e+01
tdc                 =  8.46668e+01
mode=0db  rload=100k  rsrc=1k  pos=2  C=2.2n
fcross = 1.869093e+06
pmarg = 5.091747e+01
tdc = 8.466676e+01
Doing analysis at TEMP = 27.000000 and TNOM = 27.000000

Using SPARSE 1.3 as Direct Linear Solver

No. of Data Rows : 801
fcross              =  1.83823e+06
pmarg               =  4.77712e+01
tdc                 =  8.46668e+01
mode=0db  rload=100k  rsrc=1k  pos=2  C=2.7n
fcross = 1.838226e+06
pmarg = 4.777122e+01
tdc = 8.466676e+01
Doing analysis at TEMP = 27.000000 and TNOM = 27.000000

Using SPARSE 1.3 as Direct Linear Solver

No. of Data Rows : 801
fcross              =  1.79569e+06
pmarg               =  4.44451e+01
tdc                 =  8.46668e+01
mode=0db  rload=100k  rsrc=1k  pos=2  C=3.3n
fcross = 1.795694e+06
pmarg = 4.444511e+01
tdc = 8.466676e+01
Doing analysis at TEMP = 27.000000 and TNOM = 27.000000

Using SPARSE 1.3 as Direct Linear Solver

No. of Data Rows : 801
fcross              =  1.68846e+06
pmarg               =  3.83147e+01
tdc                 =  8.46668e+01
mode=0db  rload=100k  rsrc=1k  pos=2  C=4.7n
fcross = 1.688456e+06
pmarg = 3.831466e+01
tdc = 8.466675e+01
Doing analysis at TEMP = 27.000000 and TNOM = 27.000000

Using SPARSE 1.3 as Direct Linear Solver

No. of Data Rows : 801
fcross              =  1.90275e+06
pmarg               =  6.73177e+01
tdc                 =  8.46668e+01
mode=0db  rload=100k  rsrc=2.5k  pos=1  C=1f
fcross = 1.902747e+06
pmarg = 6.731773e+01
tdc = 8.466677e+01
Doing analysis at TEMP = 27.000000 and TNOM = 27.000000

Using SPARSE 1.3 as Direct Linear Solver

No. of Data Rows : 801
fcross              =  1.90369e+06
pmarg               =  6.69226e+01
tdc                 =  8.46668e+01
mode=0db  rload=100k  rsrc=2.5k  pos=1  C=47p
fcross = 1.903686e+06
pmarg = 6.692255e+01
tdc = 8.466677e+01
Doing analysis at TEMP = 27.000000 and TNOM = 27.000000

Using SPARSE 1.3 as Direct Linear Solver

No. of Data Rows : 801
fcross              =  1.90377e+06
pmarg               =  6.64872e+01
tdc                 =  8.46668e+01
mode=0db  rload=100k  rsrc=2.5k  pos=1  C=100p
fcross = 1.903770e+06
pmarg = 6.648724e+01
tdc = 8.466677e+01
Doing analysis at TEMP = 27.000000 and TNOM = 27.000000

Using SPARSE 1.3 as Direct Linear Solver

No. of Data Rows : 801
fcross              =  1.90021e+06
pmarg               =  6.55597e+01
tdc                 =  8.46668e+01
mode=0db  rload=100k  rsrc=2.5k  pos=1  C=220p
fcross = 1.900208e+06
pmarg = 6.555973e+01
tdc = 8.466677e+01
Doing analysis at TEMP = 27.000000 and TNOM = 27.000000

Using SPARSE 1.3 as Direct Linear Solver

No. of Data Rows : 801
fcross              =  1.87832e+06
pmarg               =  6.39931e+01
tdc                 =  8.46668e+01
mode=0db  rload=100k  rsrc=2.5k  pos=1  C=470p
fcross = 1.878323e+06
pmarg = 6.399309e+01
tdc = 8.466677e+01
Doing analysis at TEMP = 27.000000 and TNOM = 27.000000

Using SPARSE 1.3 as Direct Linear Solver

No. of Data Rows : 801
fcross              =  1.80194e+06
pmarg               =  6.24116e+01
tdc                 =  8.46668e+01
mode=0db  rload=100k  rsrc=2.5k  pos=1  C=1n
fcross = 1.801940e+06
pmarg = 6.241156e+01
tdc = 8.466677e+01
Doing analysis at TEMP = 27.000000 and TNOM = 27.000000

Using SPARSE 1.3 as Direct Linear Solver

No. of Data Rows : 801
fcross              =  1.73309e+06
pmarg               =  6.23031e+01
tdc                 =  8.46668e+01
mode=0db  rload=100k  rsrc=2.5k  pos=1  C=1.5n
fcross = 1.733094e+06
pmarg = 6.230309e+01
tdc = 8.466677e+01
Doing analysis at TEMP = 27.000000 and TNOM = 27.000000

Using SPARSE 1.3 as Direct Linear Solver

No. of Data Rows : 801
fcross              =  1.66290e+06
pmarg               =  6.29729e+01
tdc                 =  8.46668e+01
mode=0db  rload=100k  rsrc=2.5k  pos=1  C=2.2n
fcross = 1.662898e+06
pmarg = 6.297289e+01
tdc = 8.466677e+01
Doing analysis at TEMP = 27.000000 and TNOM = 27.000000

Using SPARSE 1.3 as Direct Linear Solver

No. of Data Rows : 801
fcross              =  1.62834e+06
pmarg               =  6.35997e+01
tdc                 =  8.46668e+01
mode=0db  rload=100k  rsrc=2.5k  pos=1  C=2.7n
fcross = 1.628343e+06
pmarg = 6.359971e+01
tdc = 8.466677e+01
Doing analysis at TEMP = 27.000000 and TNOM = 27.000000

Using SPARSE 1.3 as Direct Linear Solver

No. of Data Rows : 801
fcross              =  1.59856e+06
pmarg               =  6.43325e+01
tdc                 =  8.46668e+01
mode=0db  rload=100k  rsrc=2.5k  pos=1  C=3.3n
fcross = 1.598558e+06
pmarg = 6.433252e+01
tdc = 8.466678e+01
Doing analysis at TEMP = 27.000000 and TNOM = 27.000000

Using SPARSE 1.3 as Direct Linear Solver

No. of Data Rows : 801
fcross              =  1.55777e+06
pmarg               =  6.57314e+01
tdc                 =  8.46668e+01
mode=0db  rload=100k  rsrc=2.5k  pos=1  C=4.7n
fcross = 1.557767e+06
pmarg = 6.573145e+01
tdc = 8.466678e+01
Doing analysis at TEMP = 27.000000 and TNOM = 27.000000

Using SPARSE 1.3 as Direct Linear Solver

No. of Data Rows : 801
fcross              =  1.90275e+06
pmarg               =  6.73177e+01
tdc                 =  8.46668e+01
mode=0db  rload=100k  rsrc=2.5k  pos=2  C=1f
fcross = 1.902747e+06
pmarg = 6.731773e+01
tdc = 8.466677e+01
Doing analysis at TEMP = 27.000000 and TNOM = 27.000000

Using SPARSE 1.3 as Direct Linear Solver

No. of Data Rows : 801
fcross              =  1.90405e+06
pmarg               =  6.69186e+01
tdc                 =  8.46668e+01
mode=0db  rload=100k  rsrc=2.5k  pos=2  C=47p
fcross = 1.904049e+06
pmarg = 6.691858e+01
tdc = 8.466677e+01
Doing analysis at TEMP = 27.000000 and TNOM = 27.000000

Using SPARSE 1.3 as Direct Linear Solver

No. of Data Rows : 801
fcross              =  1.90541e+06
pmarg               =  6.64684e+01
tdc                 =  8.46668e+01
mode=0db  rload=100k  rsrc=2.5k  pos=2  C=100p
fcross = 1.905413e+06
pmarg = 6.646845e+01
tdc = 8.466677e+01
Doing analysis at TEMP = 27.000000 and TNOM = 27.000000

Using SPARSE 1.3 as Direct Linear Solver

No. of Data Rows : 801
fcross              =  1.90816e+06
pmarg               =  6.54490e+01
tdc                 =  8.46668e+01
mode=0db  rload=100k  rsrc=2.5k  pos=2  C=220p
fcross = 1.908156e+06
pmarg = 6.544900e+01
tdc = 8.466677e+01
Doing analysis at TEMP = 27.000000 and TNOM = 27.000000

Using SPARSE 1.3 as Direct Linear Solver

No. of Data Rows : 801
fcross              =  1.91191e+06
pmarg               =  6.33345e+01
tdc                 =  8.46668e+01
mode=0db  rload=100k  rsrc=2.5k  pos=2  C=470p
fcross = 1.911912e+06
pmarg = 6.333450e+01
tdc = 8.466677e+01
Doing analysis at TEMP = 27.000000 and TNOM = 27.000000

Using SPARSE 1.3 as Direct Linear Solver

No. of Data Rows : 801
fcross              =  1.91084e+06
pmarg               =  5.89537e+01
tdc                 =  8.46668e+01
mode=0db  rload=100k  rsrc=2.5k  pos=2  C=1n
fcross = 1.910842e+06
pmarg = 5.895371e+01
tdc = 8.466677e+01
Doing analysis at TEMP = 27.000000 and TNOM = 27.000000

Using SPARSE 1.3 as Direct Linear Solver

No. of Data Rows : 801
fcross              =  1.89894e+06
pmarg               =  5.50427e+01
tdc                 =  8.46668e+01
mode=0db  rload=100k  rsrc=2.5k  pos=2  C=1.5n
fcross = 1.898942e+06
pmarg = 5.504272e+01
tdc = 8.466676e+01
Doing analysis at TEMP = 27.000000 and TNOM = 27.000000

Using SPARSE 1.3 as Direct Linear Solver

No. of Data Rows : 801
fcross              =  1.86708e+06
pmarg               =  5.00815e+01
tdc                 =  8.46668e+01
mode=0db  rload=100k  rsrc=2.5k  pos=2  C=2.2n
fcross = 1.867081e+06
pmarg = 5.008146e+01
tdc = 8.466676e+01
Doing analysis at TEMP = 27.000000 and TNOM = 27.000000

Using SPARSE 1.3 as Direct Linear Solver

No. of Data Rows : 801
fcross              =  1.83639e+06
pmarg               =  4.69493e+01
tdc                 =  8.46668e+01
mode=0db  rload=100k  rsrc=2.5k  pos=2  C=2.7n
fcross = 1.836388e+06
pmarg = 4.694935e+01
tdc = 8.466676e+01
Doing analysis at TEMP = 27.000000 and TNOM = 27.000000

Using SPARSE 1.3 as Direct Linear Solver
 Reference value :  1.20226e+06
No. of Data Rows : 801
fcross              =  1.79405e+06
pmarg               =  4.36419e+01
tdc                 =  8.46668e+01
mode=0db  rload=100k  rsrc=2.5k  pos=2  C=3.3n
fcross = 1.794054e+06
pmarg = 4.364185e+01
tdc = 8.466676e+01
Doing analysis at TEMP = 27.000000 and TNOM = 27.000000

Using SPARSE 1.3 as Direct Linear Solver

No. of Data Rows : 801
fcross              =  1.68723e+06
pmarg               =  3.75559e+01
tdc                 =  8.46668e+01
mode=0db  rload=100k  rsrc=2.5k  pos=2  C=4.7n
fcross = 1.687230e+06
pmarg = 3.755588e+01
tdc = 8.466675e+01
Doing analysis at TEMP = 27.000000 and TNOM = 27.000000

Using SPARSE 1.3 as Direct Linear Solver

No. of Data Rows : 801
fcross              =  1.90261e+06
pmarg               =  6.72772e+01
tdc                 =  8.46668e+01
mode=0db  rload=100k  rsrc=2.571k  pos=1  C=1f
fcross = 1.902606e+06
pmarg = 6.727722e+01
tdc = 8.466677e+01
Doing analysis at TEMP = 27.000000 and TNOM = 27.000000

Using SPARSE 1.3 as Direct Linear Solver

No. of Data Rows : 801
fcross              =  1.90355e+06
pmarg               =  6.68821e+01
tdc                 =  8.46668e+01
mode=0db  rload=100k  rsrc=2.571k  pos=1  C=47p
fcross = 1.903545e+06
pmarg = 6.688206e+01
tdc = 8.466677e+01
Doing analysis at TEMP = 27.000000 and TNOM = 27.000000

Using SPARSE 1.3 as Direct Linear Solver

No. of Data Rows : 801
fcross              =  1.90363e+06
pmarg               =  6.64468e+01
tdc                 =  8.46668e+01
mode=0db  rload=100k  rsrc=2.571k  pos=1  C=100p
fcross = 1.903629e+06
pmarg = 6.644678e+01
tdc = 8.466677e+01
Doing analysis at TEMP = 27.000000 and TNOM = 27.000000

Using SPARSE 1.3 as Direct Linear Solver

No. of Data Rows : 801
fcross              =  1.90007e+06
pmarg               =  6.55194e+01
tdc                 =  8.46668e+01
mode=0db  rload=100k  rsrc=2.571k  pos=1  C=220p
fcross = 1.900069e+06
pmarg = 6.551940e+01
tdc = 8.466677e+01
Doing analysis at TEMP = 27.000000 and TNOM = 27.000000

Using SPARSE 1.3 as Direct Linear Solver

No. of Data Rows : 801
fcross              =  1.87819e+06
pmarg               =  6.39533e+01
tdc                 =  8.46668e+01
mode=0db  rload=100k  rsrc=2.571k  pos=1  C=470p
fcross = 1.878190e+06
pmarg = 6.395327e+01
tdc = 8.466677e+01
Doing analysis at TEMP = 27.000000 and TNOM = 27.000000

Using SPARSE 1.3 as Direct Linear Solver

No. of Data Rows : 801
fcross              =  1.80183e+06
pmarg               =  6.23731e+01
tdc                 =  8.46668e+01
mode=0db  rload=100k  rsrc=2.571k  pos=1  C=1n
fcross = 1.801829e+06
pmarg = 6.237313e+01
tdc = 8.466677e+01
Doing analysis at TEMP = 27.000000 and TNOM = 27.000000

Using SPARSE 1.3 as Direct Linear Solver

No. of Data Rows : 801
fcross              =  1.73300e+06
pmarg               =  6.22659e+01
tdc                 =  8.46668e+01
mode=0db  rload=100k  rsrc=2.571k  pos=1  C=1.5n
fcross = 1.732999e+06
pmarg = 6.226589e+01
tdc = 8.466677e+01
Doing analysis at TEMP = 27.000000 and TNOM = 27.000000

Using SPARSE 1.3 as Direct Linear Solver

No. of Data Rows : 801
fcross              =  1.66281e+06
pmarg               =  6.29370e+01
tdc                 =  8.46668e+01
mode=0db  rload=100k  rsrc=2.571k  pos=1  C=2.2n
fcross = 1.662813e+06
pmarg = 6.293701e+01
tdc = 8.466677e+01
Doing analysis at TEMP = 27.000000 and TNOM = 27.000000

Using SPARSE 1.3 as Direct Linear Solver

No. of Data Rows : 801
fcross              =  1.62826e+06
pmarg               =  6.35645e+01
tdc                 =  8.46668e+01
mode=0db  rload=100k  rsrc=2.571k  pos=1  C=2.7n
fcross = 1.628263e+06
pmarg = 6.356448e+01
tdc = 8.466677e+01
Doing analysis at TEMP = 27.000000 and TNOM = 27.000000

Using SPARSE 1.3 as Direct Linear Solver

No. of Data Rows : 801
fcross              =  1.59848e+06
pmarg               =  6.42979e+01
tdc                 =  8.46668e+01
mode=0db  rload=100k  rsrc=2.571k  pos=1  C=3.3n
fcross = 1.598481e+06
pmarg = 6.429787e+01
tdc = 8.466678e+01
Doing analysis at TEMP = 27.000000 and TNOM = 27.000000

Using SPARSE 1.3 as Direct Linear Solver

No. of Data Rows : 801
fcross              =  1.55769e+06
pmarg               =  6.56976e+01
tdc                 =  8.46668e+01
mode=0db  rload=100k  rsrc=2.571k  pos=1  C=4.7n
fcross = 1.557694e+06
pmarg = 6.569763e+01
tdc = 8.466678e+01
Doing analysis at TEMP = 27.000000 and TNOM = 27.000000

Using SPARSE 1.3 as Direct Linear Solver

No. of Data Rows : 801
fcross              =  1.90261e+06
pmarg               =  6.72772e+01
tdc                 =  8.46668e+01
mode=0db  rload=100k  rsrc=2.571k  pos=2  C=1f
fcross = 1.902606e+06
pmarg = 6.727722e+01
tdc = 8.466677e+01
Doing analysis at TEMP = 27.000000 and TNOM = 27.000000

Using SPARSE 1.3 as Direct Linear Solver

No. of Data Rows : 801
fcross              =  1.90391e+06
pmarg               =  6.68781e+01
tdc                 =  8.46668e+01
mode=0db  rload=100k  rsrc=2.571k  pos=2  C=47p
fcross = 1.903908e+06
pmarg = 6.687808e+01
tdc = 8.466677e+01
Doing analysis at TEMP = 27.000000 and TNOM = 27.000000

Using SPARSE 1.3 as Direct Linear Solver

No. of Data Rows : 801
fcross              =  1.90527e+06
pmarg               =  6.64280e+01
tdc                 =  8.46668e+01
mode=0db  rload=100k  rsrc=2.571k  pos=2  C=100p
fcross = 1.905272e+06
pmarg = 6.642796e+01
tdc = 8.466677e+01
Doing analysis at TEMP = 27.000000 and TNOM = 27.000000

Using SPARSE 1.3 as Direct Linear Solver

No. of Data Rows : 801
fcross              =  1.90801e+06
pmarg               =  6.54086e+01
tdc                 =  8.46668e+01
mode=0db  rload=100k  rsrc=2.571k  pos=2  C=220p
fcross = 1.908010e+06
pmarg = 6.540858e+01
tdc = 8.466677e+01
Doing analysis at TEMP = 27.000000 and TNOM = 27.000000

Using SPARSE 1.3 as Direct Linear Solver

No. of Data Rows : 801
fcross              =  1.91177e+06
pmarg               =  6.32942e+01
tdc                 =  8.46668e+01
mode=0db  rload=100k  rsrc=2.571k  pos=2  C=470p
fcross = 1.911765e+06
pmarg = 6.329417e+01
tdc = 8.466677e+01
Doing analysis at TEMP = 27.000000 and TNOM = 27.000000

Using SPARSE 1.3 as Direct Linear Solver

No. of Data Rows : 801
fcross              =  1.91070e+06
pmarg               =  5.89137e+01
tdc                 =  8.46668e+01
mode=0db  rload=100k  rsrc=2.571k  pos=2  C=1n
fcross = 1.910696e+06
pmarg = 5.891374e+01
tdc = 8.466677e+01
Doing analysis at TEMP = 27.000000 and TNOM = 27.000000

Using SPARSE 1.3 as Direct Linear Solver

No. of Data Rows : 801
fcross              =  1.89880e+06
pmarg               =  5.50032e+01
tdc                 =  8.46668e+01
mode=0db  rload=100k  rsrc=2.571k  pos=2  C=1.5n
fcross = 1.898803e+06
pmarg = 5.500319e+01
tdc = 8.466676e+01
Doing analysis at TEMP = 27.000000 and TNOM = 27.000000

Using SPARSE 1.3 as Direct Linear Solver

No. of Data Rows : 801
fcross              =  1.86695e+06
pmarg               =  5.00428e+01
tdc                 =  8.46668e+01
mode=0db  rload=100k  rsrc=2.571k  pos=2  C=2.2n
fcross = 1.866951e+06
pmarg = 5.004283e+01
tdc = 8.466676e+01
Doing analysis at TEMP = 27.000000 and TNOM = 27.000000

Using SPARSE 1.3 as Direct Linear Solver

No. of Data Rows : 801
fcross              =  1.83627e+06
pmarg               =  4.69114e+01
tdc                 =  8.46668e+01
mode=0db  rload=100k  rsrc=2.571k  pos=2  C=2.7n
fcross = 1.836269e+06
pmarg = 4.691137e+01
tdc = 8.466676e+01
Doing analysis at TEMP = 27.000000 and TNOM = 27.000000

Using SPARSE 1.3 as Direct Linear Solver

No. of Data Rows : 801
fcross              =  1.79395e+06
pmarg               =  4.36047e+01
tdc                 =  8.46668e+01
mode=0db  rload=100k  rsrc=2.571k  pos=2  C=3.3n
fcross = 1.793948e+06
pmarg = 4.360472e+01
tdc = 8.466676e+01
Doing analysis at TEMP = 27.000000 and TNOM = 27.000000

Using SPARSE 1.3 as Direct Linear Solver

No. of Data Rows : 801
fcross              =  1.68715e+06
pmarg               =  3.75207e+01
tdc                 =  8.46668e+01
mode=0db  rload=100k  rsrc=2.571k  pos=2  C=4.7n
fcross = 1.687151e+06
pmarg = 3.752073e+01
tdc = 8.466675e+01
Doing analysis at TEMP = 27.000000 and TNOM = 27.000000

Using SPARSE 1.3 as Direct Linear Solver

No. of Data Rows : 801
fcross              =  1.90253e+06
pmarg               =  6.72544e+01
tdc                 =  8.46668e+01
mode=0db  rload=100k  rsrc=2.611k  pos=1  C=1f
fcross = 1.902526e+06
pmarg = 6.725443e+01
tdc = 8.466677e+01
Doing analysis at TEMP = 27.000000 and TNOM = 27.000000

Using SPARSE 1.3 as Direct Linear Solver

No. of Data Rows : 801
fcross              =  1.90346e+06
pmarg               =  6.68593e+01
tdc                 =  8.46668e+01
mode=0db  rload=100k  rsrc=2.611k  pos=1  C=47p
fcross = 1.903465e+06
pmarg = 6.685927e+01
tdc = 8.466677e+01
Doing analysis at TEMP = 27.000000 and TNOM = 27.000000

Using SPARSE 1.3 as Direct Linear Solver

No. of Data Rows : 801
fcross              =  1.90355e+06
pmarg               =  6.64240e+01
tdc                 =  8.46668e+01
mode=0db  rload=100k  rsrc=2.611k  pos=1  C=100p
fcross = 1.903549e+06
pmarg = 6.642401e+01
tdc = 8.466677e+01
Doing analysis at TEMP = 27.000000 and TNOM = 27.000000

Using SPARSE 1.3 as Direct Linear Solver

No. of Data Rows : 801
fcross              =  1.89999e+06
pmarg               =  6.54967e+01
tdc                 =  8.46668e+01
mode=0db  rload=100k  rsrc=2.611k  pos=1  C=220p
fcross = 1.899989e+06
pmarg = 6.549671e+01
tdc = 8.466677e+01
Doing analysis at TEMP = 27.000000 and TNOM = 27.000000

Using SPARSE 1.3 as Direct Linear Solver

No. of Data Rows : 801
fcross              =  1.87811e+06
pmarg               =  6.39309e+01
tdc                 =  8.46668e+01
mode=0db  rload=100k  rsrc=2.611k  pos=1  C=470p
fcross = 1.878113e+06
pmarg = 6.393086e+01
tdc = 8.466677e+01
Doing analysis at TEMP = 27.000000 and TNOM = 27.000000

Using SPARSE 1.3 as Direct Linear Solver

No. of Data Rows : 801
fcross              =  1.80177e+06
pmarg               =  6.23515e+01
tdc                 =  8.46668e+01
mode=0db  rload=100k  rsrc=2.611k  pos=1  C=1n
fcross = 1.801766e+06
pmarg = 6.235151e+01
tdc = 8.466677e+01
Doing analysis at TEMP = 27.000000 and TNOM = 27.000000

Using SPARSE 1.3 as Direct Linear Solver

No. of Data Rows : 801
fcross              =  1.73294e+06
pmarg               =  6.22450e+01
tdc                 =  8.46668e+01
mode=0db  rload=100k  rsrc=2.611k  pos=1  C=1.5n
fcross = 1.732945e+06
pmarg = 6.224496e+01
tdc = 8.466677e+01
Doing analysis at TEMP = 27.000000 and TNOM = 27.000000

Using SPARSE 1.3 as Direct Linear Solver

No. of Data Rows : 801
fcross              =  1.66276e+06
pmarg               =  6.29168e+01
tdc                 =  8.46668e+01
mode=0db  rload=100k  rsrc=2.611k  pos=1  C=2.2n
fcross = 1.662764e+06
pmarg = 6.291681e+01
tdc = 8.466677e+01
Doing analysis at TEMP = 27.000000 and TNOM = 27.000000

Using SPARSE 1.3 as Direct Linear Solver

No. of Data Rows : 801
fcross              =  1.62822e+06
pmarg               =  6.35446e+01
tdc                 =  8.46668e+01
mode=0db  rload=100k  rsrc=2.611k  pos=1  C=2.7n
fcross = 1.628217e+06
pmarg = 6.354465e+01
tdc = 8.466677e+01
Doing analysis at TEMP = 27.000000 and TNOM = 27.000000

Using SPARSE 1.3 as Direct Linear Solver

No. of Data Rows : 801
fcross              =  1.59844e+06
pmarg               =  6.42784e+01
tdc                 =  8.46668e+01
mode=0db  rload=100k  rsrc=2.611k  pos=1  C=3.3n
fcross = 1.598438e+06
pmarg = 6.427836e+01
tdc = 8.466678e+01
Doing analysis at TEMP = 27.000000 and TNOM = 27.000000

Using SPARSE 1.3 as Direct Linear Solver

No. of Data Rows : 801
fcross              =  1.55765e+06
pmarg               =  6.56786e+01
tdc                 =  8.46668e+01
mode=0db  rload=100k  rsrc=2.611k  pos=1  C=4.7n
fcross = 1.557653e+06
pmarg = 6.567859e+01
tdc = 8.466678e+01
Doing analysis at TEMP = 27.000000 and TNOM = 27.000000

Using SPARSE 1.3 as Direct Linear Solver

No. of Data Rows : 801
fcross              =  1.90253e+06
pmarg               =  6.72544e+01
tdc                 =  8.46668e+01
mode=0db  rload=100k  rsrc=2.611k  pos=2  C=1f
fcross = 1.902526e+06
pmarg = 6.725443e+01
tdc = 8.466677e+01
Doing analysis at TEMP = 27.000000 and TNOM = 27.000000

Using SPARSE 1.3 as Direct Linear Solver

No. of Data Rows : 801
fcross              =  1.90383e+06
pmarg               =  6.68553e+01
tdc                 =  8.46668e+01
mode=0db  rload=100k  rsrc=2.611k  pos=2  C=47p
fcross = 1.903827e+06
pmarg = 6.685529e+01
tdc = 8.466677e+01
Doing analysis at TEMP = 27.000000 and TNOM = 27.000000

Using SPARSE 1.3 as Direct Linear Solver

No. of Data Rows : 801
fcross              =  1.90519e+06
pmarg               =  6.64052e+01
tdc                 =  8.46668e+01
mode=0db  rload=100k  rsrc=2.611k  pos=2  C=100p
fcross = 1.905191e+06
pmarg = 6.640517e+01
tdc = 8.466677e+01
Doing analysis at TEMP = 27.000000 and TNOM = 27.000000

Using SPARSE 1.3 as Direct Linear Solver

No. of Data Rows : 801
fcross              =  1.90793e+06
pmarg               =  6.53858e+01
tdc                 =  8.46668e+01
mode=0db  rload=100k  rsrc=2.611k  pos=2  C=220p
fcross = 1.907926e+06
pmarg = 6.538583e+01
tdc = 8.466677e+01
Doing analysis at TEMP = 27.000000 and TNOM = 27.000000

Using SPARSE 1.3 as Direct Linear Solver

No. of Data Rows : 801
fcross              =  1.91168e+06
pmarg               =  6.32715e+01
tdc                 =  8.46668e+01
mode=0db  rload=100k  rsrc=2.611k  pos=2  C=470p
fcross = 1.911681e+06
pmarg = 6.327147e+01
tdc = 8.466677e+01
Doing analysis at TEMP = 27.000000 and TNOM = 27.000000

Using SPARSE 1.3 as Direct Linear Solver

No. of Data Rows : 801
fcross              =  1.91061e+06
pmarg               =  5.88913e+01
tdc                 =  8.46668e+01
mode=0db  rload=100k  rsrc=2.611k  pos=2  C=1n
fcross = 1.910612e+06
pmarg = 5.889125e+01
tdc = 8.466677e+01
Doing analysis at TEMP = 27.000000 and TNOM = 27.000000

Using SPARSE 1.3 as Direct Linear Solver

No. of Data Rows : 801
fcross              =  1.89872e+06
pmarg               =  5.49809e+01
tdc                 =  8.46668e+01
mode=0db  rload=100k  rsrc=2.611k  pos=2  C=1.5n
fcross = 1.898723e+06
pmarg = 5.498095e+01
tdc = 8.466676e+01
Doing analysis at TEMP = 27.000000 and TNOM = 27.000000

Using SPARSE 1.3 as Direct Linear Solver

No. of Data Rows : 801
fcross              =  1.86688e+06
pmarg               =  5.00211e+01
tdc                 =  8.46668e+01
mode=0db  rload=100k  rsrc=2.611k  pos=2  C=2.2n
fcross = 1.866877e+06
pmarg = 5.002110e+01
tdc = 8.466676e+01
Doing analysis at TEMP = 27.000000 and TNOM = 27.000000

Using SPARSE 1.3 as Direct Linear Solver

No. of Data Rows : 801
fcross              =  1.83620e+06
pmarg               =  4.68900e+01
tdc                 =  8.46668e+01
mode=0db  rload=100k  rsrc=2.611k  pos=2  C=2.7n
fcross = 1.836201e+06
pmarg = 4.689001e+01
tdc = 8.466676e+01
Doing analysis at TEMP = 27.000000 and TNOM = 27.000000

Using SPARSE 1.3 as Direct Linear Solver

No. of Data Rows : 801
fcross              =  1.79389e+06
pmarg               =  4.35838e+01
tdc                 =  8.46668e+01
mode=0db  rload=100k  rsrc=2.611k  pos=2  C=3.3n
fcross = 1.793888e+06
pmarg = 4.358384e+01
tdc = 8.466676e+01
Doing analysis at TEMP = 27.000000 and TNOM = 27.000000

Using SPARSE 1.3 as Direct Linear Solver

No. of Data Rows : 801
fcross              =  1.68711e+06
pmarg               =  3.75010e+01
tdc                 =  8.46668e+01
mode=0db  rload=100k  rsrc=2.611k  pos=2  C=4.7n
fcross = 1.687106e+06
pmarg = 3.750097e+01
tdc = 8.466675e+01
Doing analysis at TEMP = 27.000000 and TNOM = 27.000000

Using SPARSE 1.3 as Direct Linear Solver

No. of Data Rows : 801
fcross              =  1.90336e+06
pmarg               =  6.87962e+01
tdc                 =  8.45929e+01
mode=0db  rload=10k  rsrc=1m  pos=1  C=1f
fcross = 1.903362e+06
pmarg = 6.879619e+01
tdc = 8.459294e+01
Doing analysis at TEMP = 27.000000 and TNOM = 27.000000

Using SPARSE 1.3 as Direct Linear Solver

No. of Data Rows : 801
fcross              =  1.90430e+06
pmarg               =  6.84053e+01
tdc                 =  8.45929e+01
mode=0db  rload=10k  rsrc=1m  pos=1  C=47p
fcross = 1.904296e+06
pmarg = 6.840533e+01
tdc = 8.459294e+01
Doing analysis at TEMP = 27.000000 and TNOM = 27.000000

Using SPARSE 1.3 as Direct Linear Solver

No. of Data Rows : 801
fcross              =  1.90438e+06
pmarg               =  6.79740e+01
tdc                 =  8.45929e+01
mode=0db  rload=10k  rsrc=1m  pos=1  C=100p
fcross = 1.904384e+06
pmarg = 6.797403e+01
tdc = 8.459294e+01
Doing analysis at TEMP = 27.000000 and TNOM = 27.000000

Using SPARSE 1.3 as Direct Linear Solver

No. of Data Rows : 801
fcross              =  1.90087e+06
pmarg               =  6.70519e+01
tdc                 =  8.45929e+01
mode=0db  rload=10k  rsrc=1m  pos=1  C=220p
fcross = 1.900871e+06
pmarg = 6.705192e+01
tdc = 8.459295e+01
Doing analysis at TEMP = 27.000000 and TNOM = 27.000000

Using SPARSE 1.3 as Direct Linear Solver

No. of Data Rows : 801
fcross              =  1.87922e+06
pmarg               =  6.54802e+01
tdc                 =  8.45930e+01
mode=0db  rload=10k  rsrc=1m  pos=1  C=470p
fcross = 1.879219e+06
pmarg = 6.548023e+01
tdc = 8.459295e+01
Doing analysis at TEMP = 27.000000 and TNOM = 27.000000

Using SPARSE 1.3 as Direct Linear Solver

No. of Data Rows : 801
fcross              =  1.80335e+06
pmarg               =  6.38447e+01
tdc                 =  8.45930e+01
mode=0db  rload=10k  rsrc=1m  pos=1  C=1n
fcross = 1.803353e+06
pmarg = 6.384471e+01
tdc = 8.459297e+01
Doing analysis at TEMP = 27.000000 and TNOM = 27.000000

Using SPARSE 1.3 as Direct Linear Solver

No. of Data Rows : 801
fcross              =  1.73474e+06
pmarg               =  6.36774e+01
tdc                 =  8.45930e+01
mode=0db  rload=10k  rsrc=1m  pos=1  C=1.5n
fcross = 1.734742e+06
pmarg = 6.367742e+01
tdc = 8.459298e+01
Doing analysis at TEMP = 27.000000 and TNOM = 27.000000

Using SPARSE 1.3 as Direct Linear Solver

No. of Data Rows : 801
fcross              =  1.66467e+06
pmarg               =  6.42836e+01
tdc                 =  8.45930e+01
mode=0db  rload=10k  rsrc=1m  pos=1  C=2.2n
fcross = 1.664666e+06
pmarg = 6.428356e+01
tdc = 8.459300e+01
Doing analysis at TEMP = 27.000000 and TNOM = 27.000000

Using SPARSE 1.3 as Direct Linear Solver

No. of Data Rows : 801
fcross              =  1.63009e+06
pmarg               =  6.48787e+01
tdc                 =  8.45930e+01
mode=0db  rload=10k  rsrc=1m  pos=1  C=2.7n
fcross = 1.630094e+06
pmarg = 6.487868e+01
tdc = 8.459302e+01
Doing analysis at TEMP = 27.000000 and TNOM = 27.000000

Using SPARSE 1.3 as Direct Linear Solver

No. of Data Rows : 801
fcross              =  1.60026e+06
pmarg               =  6.55842e+01
tdc                 =  8.45930e+01
mode=0db  rload=10k  rsrc=1m  pos=1  C=3.3n
fcross = 1.600259e+06
pmarg = 6.558415e+01
tdc = 8.459303e+01
Doing analysis at TEMP = 27.000000 and TNOM = 27.000000

Using SPARSE 1.3 as Direct Linear Solver

No. of Data Rows : 801
fcross              =  1.55937e+06
pmarg               =  6.69457e+01
tdc                 =  8.45931e+01
mode=0db  rload=10k  rsrc=1m  pos=1  C=4.7n
fcross = 1.559372e+06
pmarg = 6.694566e+01
tdc = 8.459307e+01
Doing analysis at TEMP = 27.000000 and TNOM = 27.000000

Using SPARSE 1.3 as Direct Linear Solver

No. of Data Rows : 801
fcross              =  1.90336e+06
pmarg               =  6.87962e+01
tdc                 =  8.45929e+01
mode=0db  rload=10k  rsrc=1m  pos=2  C=1f
fcross = 1.903362e+06
pmarg = 6.879619e+01
tdc = 8.459294e+01
Doing analysis at TEMP = 27.000000 and TNOM = 27.000000

Using SPARSE 1.3 as Direct Linear Solver

No. of Data Rows : 801
fcross              =  1.90467e+06
pmarg               =  6.83983e+01
tdc                 =  8.45929e+01
mode=0db  rload=10k  rsrc=1m  pos=2  C=47p
fcross = 1.904666e+06
pmarg = 6.839834e+01
tdc = 8.459294e+01
Doing analysis at TEMP = 27.000000 and TNOM = 27.000000

Using SPARSE 1.3 as Direct Linear Solver

No. of Data Rows : 801
fcross              =  1.90605e+06
pmarg               =  6.79494e+01
tdc                 =  8.45929e+01
mode=0db  rload=10k  rsrc=1m  pos=2  C=100p
fcross = 1.906046e+06
pmarg = 6.794942e+01
tdc = 8.459294e+01
Doing analysis at TEMP = 27.000000 and TNOM = 27.000000

Using SPARSE 1.3 as Direct Linear Solver

No. of Data Rows : 801
fcross              =  1.90879e+06
pmarg               =  6.69328e+01
tdc                 =  8.45929e+01
mode=0db  rload=10k  rsrc=1m  pos=2  C=220p
fcross = 1.908793e+06
pmarg = 6.693283e+01
tdc = 8.459294e+01
Doing analysis at TEMP = 27.000000 and TNOM = 27.000000

Using SPARSE 1.3 as Direct Linear Solver

No. of Data Rows : 801
fcross              =  1.91255e+06
pmarg               =  6.48228e+01
tdc                 =  8.45929e+01
mode=0db  rload=10k  rsrc=1m  pos=2  C=470p
fcross = 1.912552e+06
pmarg = 6.482284e+01
tdc = 8.459294e+01
Doing analysis at TEMP = 27.000000 and TNOM = 27.000000

Using SPARSE 1.3 as Direct Linear Solver

No. of Data Rows : 801
fcross              =  1.91147e+06
pmarg               =  6.04448e+01
tdc                 =  8.45929e+01
mode=0db  rload=10k  rsrc=1m  pos=2  C=1n
fcross = 1.911473e+06
pmarg = 6.044478e+01
tdc = 8.459294e+01
Doing analysis at TEMP = 27.000000 and TNOM = 27.000000

Using SPARSE 1.3 as Direct Linear Solver

No. of Data Rows : 801
fcross              =  1.89953e+06
pmarg               =  5.65283e+01
tdc                 =  8.45929e+01
mode=0db  rload=10k  rsrc=1m  pos=2  C=1.5n
fcross = 1.899532e+06
pmarg = 5.652833e+01
tdc = 8.459293e+01
Doing analysis at TEMP = 27.000000 and TNOM = 27.000000

Using SPARSE 1.3 as Direct Linear Solver

No. of Data Rows : 801
fcross              =  1.86762e+06
pmarg               =  5.15472e+01
tdc                 =  8.45929e+01
mode=0db  rload=10k  rsrc=1m  pos=2  C=2.2n
fcross = 1.867619e+06
pmarg = 5.154725e+01
tdc = 8.459293e+01
Doing analysis at TEMP = 27.000000 and TNOM = 27.000000

Using SPARSE 1.3 as Direct Linear Solver
 Reference value :  5.01187e+05
No. of Data Rows : 801
fcross              =  1.83687e+06
pmarg               =  4.83949e+01
tdc                 =  8.45929e+01
mode=0db  rload=10k  rsrc=1m  pos=2  C=2.7n
fcross = 1.836872e+06
pmarg = 4.839488e+01
tdc = 8.459293e+01
Doing analysis at TEMP = 27.000000 and TNOM = 27.000000

Using SPARSE 1.3 as Direct Linear Solver

No. of Data Rows : 801
fcross              =  1.79448e+06
pmarg               =  4.50584e+01
tdc                 =  8.45929e+01
mode=0db  rload=10k  rsrc=1m  pos=2  C=3.3n
fcross = 1.794477e+06
pmarg = 4.505835e+01
tdc = 8.459293e+01
Doing analysis at TEMP = 27.000000 and TNOM = 27.000000

Using SPARSE 1.3 as Direct Linear Solver

No. of Data Rows : 801
fcross              =  1.68753e+06
pmarg               =  3.88964e+01
tdc                 =  8.45929e+01
mode=0db  rload=10k  rsrc=1m  pos=2  C=4.7n
fcross = 1.687531e+06
pmarg = 3.889643e+01
tdc = 8.459292e+01
Doing analysis at TEMP = 27.000000 and TNOM = 27.000000

Using SPARSE 1.3 as Direct Linear Solver

No. of Data Rows : 801
fcross              =  1.90275e+06
pmarg               =  6.82042e+01
tdc                 =  8.45929e+01
mode=0db  rload=10k  rsrc=1k  pos=1  C=1f
fcross = 1.902754e+06
pmarg = 6.820424e+01
tdc = 8.459294e+01
Doing analysis at TEMP = 27.000000 and TNOM = 27.000000

Using SPARSE 1.3 as Direct Linear Solver

No. of Data Rows : 801
fcross              =  1.90369e+06
pmarg               =  6.78132e+01
tdc                 =  8.45929e+01
mode=0db  rload=10k  rsrc=1k  pos=1  C=47p
fcross = 1.903687e+06
pmarg = 6.781322e+01
tdc = 8.459294e+01
Doing analysis at TEMP = 27.000000 and TNOM = 27.000000

Using SPARSE 1.3 as Direct Linear Solver

No. of Data Rows : 801
fcross              =  1.90378e+06
pmarg               =  6.73820e+01
tdc                 =  8.45929e+01
mode=0db  rload=10k  rsrc=1k  pos=1  C=100p
fcross = 1.903775e+06
pmarg = 6.738202e+01
tdc = 8.459294e+01
Doing analysis at TEMP = 27.000000 and TNOM = 27.000000

Using SPARSE 1.3 as Direct Linear Solver

No. of Data Rows : 801
fcross              =  1.90027e+06
pmarg               =  6.64612e+01
tdc                 =  8.45929e+01
mode=0db  rload=10k  rsrc=1k  pos=1  C=220p
fcross = 1.900267e+06
pmarg = 6.646124e+01
tdc = 8.459295e+01
Doing analysis at TEMP = 27.000000 and TNOM = 27.000000

Using SPARSE 1.3 as Direct Linear Solver

No. of Data Rows : 801
fcross              =  1.87864e+06
pmarg               =  6.48965e+01
tdc                 =  8.45930e+01
mode=0db  rload=10k  rsrc=1k  pos=1  C=470p
fcross = 1.878641e+06
pmarg = 6.489647e+01
tdc = 8.459295e+01
Doing analysis at TEMP = 27.000000 and TNOM = 27.000000

Using SPARSE 1.3 as Direct Linear Solver

No. of Data Rows : 801
fcross              =  1.80287e+06
pmarg               =  6.32836e+01
tdc                 =  8.45930e+01
mode=0db  rload=10k  rsrc=1k  pos=1  C=1n
fcross = 1.802874e+06
pmarg = 6.328363e+01
tdc = 8.459297e+01
Doing analysis at TEMP = 27.000000 and TNOM = 27.000000

Using SPARSE 1.3 as Direct Linear Solver

No. of Data Rows : 801
fcross              =  1.73433e+06
pmarg               =  6.31367e+01
tdc                 =  8.45930e+01
mode=0db  rload=10k  rsrc=1k  pos=1  C=1.5n
fcross = 1.734331e+06
pmarg = 6.313672e+01
tdc = 8.459298e+01
Doing analysis at TEMP = 27.000000 and TNOM = 27.000000

Using SPARSE 1.3 as Direct Linear Solver

No. of Data Rows : 801
fcross              =  1.66430e+06
pmarg               =  6.37639e+01
tdc                 =  8.45930e+01
mode=0db  rload=10k  rsrc=1k  pos=1  C=2.2n
fcross = 1.664297e+06
pmarg = 6.376393e+01
tdc = 8.459300e+01
Doing analysis at TEMP = 27.000000 and TNOM = 27.000000

Using SPARSE 1.3 as Direct Linear Solver

No. of Data Rows : 801
fcross              =  1.62975e+06
pmarg               =  6.43695e+01
tdc                 =  8.45930e+01
mode=0db  rload=10k  rsrc=1k  pos=1  C=2.7n
fcross = 1.629745e+06
pmarg = 6.436949e+01
tdc = 8.459302e+01
Doing analysis at TEMP = 27.000000 and TNOM = 27.000000

Using SPARSE 1.3 as Direct Linear Solver

No. of Data Rows : 801
fcross              =  1.59993e+06
pmarg               =  6.50840e+01
tdc                 =  8.45930e+01
mode=0db  rload=10k  rsrc=1k  pos=1  C=3.3n
fcross = 1.599926e+06
pmarg = 6.508403e+01
tdc = 8.459303e+01
Doing analysis at TEMP = 27.000000 and TNOM = 27.000000

Using SPARSE 1.3 as Direct Linear Solver

No. of Data Rows : 801
fcross              =  1.55906e+06
pmarg               =  6.64581e+01
tdc                 =  8.45931e+01
mode=0db  rload=10k  rsrc=1k  pos=1  C=4.7n
fcross = 1.559055e+06
pmarg = 6.645815e+01
tdc = 8.459307e+01
Doing analysis at TEMP = 27.000000 and TNOM = 27.000000

Using SPARSE 1.3 as Direct Linear Solver

No. of Data Rows : 801
fcross              =  1.90275e+06
pmarg               =  6.82042e+01
tdc                 =  8.45929e+01
mode=0db  rload=10k  rsrc=1k  pos=2  C=1f
fcross = 1.902754e+06
pmarg = 6.820424e+01
tdc = 8.459294e+01
Doing analysis at TEMP = 27.000000 and TNOM = 27.000000

Using SPARSE 1.3 as Direct Linear Solver

No. of Data Rows : 801
fcross              =  1.90406e+06
pmarg               =  6.78061e+01
tdc                 =  8.45929e+01
mode=0db  rload=10k  rsrc=1k  pos=2  C=47p
fcross = 1.904056e+06
pmarg = 6.780612e+01
tdc = 8.459294e+01
Doing analysis at TEMP = 27.000000 and TNOM = 27.000000

Using SPARSE 1.3 as Direct Linear Solver

No. of Data Rows : 801
fcross              =  1.90542e+06
pmarg               =  6.73571e+01
tdc                 =  8.45929e+01
mode=0db  rload=10k  rsrc=1k  pos=2  C=100p
fcross = 1.905420e+06
pmarg = 6.735709e+01
tdc = 8.459294e+01
Doing analysis at TEMP = 27.000000 and TNOM = 27.000000

Using SPARSE 1.3 as Direct Linear Solver

No. of Data Rows : 801
fcross              =  1.90816e+06
pmarg               =  6.63400e+01
tdc                 =  8.45929e+01
mode=0db  rload=10k  rsrc=1k  pos=2  C=220p
fcross = 1.908162e+06
pmarg = 6.633999e+01
tdc = 8.459294e+01
Doing analysis at TEMP = 27.000000 and TNOM = 27.000000

Using SPARSE 1.3 as Direct Linear Solver

No. of Data Rows : 801
fcross              =  1.91192e+06
pmarg               =  6.42295e+01
tdc                 =  8.45929e+01
mode=0db  rload=10k  rsrc=1k  pos=2  C=470p
fcross = 1.911917e+06
pmarg = 6.422952e+01
tdc = 8.459294e+01
Doing analysis at TEMP = 27.000000 and TNOM = 27.000000

Using SPARSE 1.3 as Direct Linear Solver

No. of Data Rows : 801
fcross              =  1.91084e+06
pmarg               =  5.98532e+01
tdc                 =  8.45929e+01
mode=0db  rload=10k  rsrc=1k  pos=2  C=1n
fcross = 1.910842e+06
pmarg = 5.985315e+01
tdc = 8.459294e+01
Doing analysis at TEMP = 27.000000 and TNOM = 27.000000

Using SPARSE 1.3 as Direct Linear Solver

No. of Data Rows : 801
fcross              =  1.89894e+06
pmarg               =  5.59412e+01
tdc                 =  8.45929e+01
mode=0db  rload=10k  rsrc=1k  pos=2  C=1.5n
fcross = 1.898935e+06
pmarg = 5.594116e+01
tdc = 8.459293e+01
Doing analysis at TEMP = 27.000000 and TNOM = 27.000000

Using SPARSE 1.3 as Direct Linear Solver

No. of Data Rows : 801
fcross              =  1.86706e+06
pmarg               =  5.09709e+01
tdc                 =  8.45929e+01
mode=0db  rload=10k  rsrc=1k  pos=2  C=2.2n
fcross = 1.867065e+06
pmarg = 5.097089e+01
tdc = 8.459293e+01
Doing analysis at TEMP = 27.000000 and TNOM = 27.000000

Using SPARSE 1.3 as Direct Linear Solver

No. of Data Rows : 801
fcross              =  1.83637e+06
pmarg               =  4.78281e+01
tdc                 =  8.45929e+01
mode=0db  rload=10k  rsrc=1k  pos=2  C=2.7n
fcross = 1.836366e+06
pmarg = 4.782808e+01
tdc = 8.459293e+01
Doing analysis at TEMP = 27.000000 and TNOM = 27.000000

Using SPARSE 1.3 as Direct Linear Solver

No. of Data Rows : 801
fcross              =  1.79403e+06
pmarg               =  4.45045e+01
tdc                 =  8.45929e+01
mode=0db  rload=10k  rsrc=1k  pos=2  C=3.3n
fcross = 1.794027e+06
pmarg = 4.450452e+01
tdc = 8.459292e+01
Doing analysis at TEMP = 27.000000 and TNOM = 27.000000

Using SPARSE 1.3 as Direct Linear Solver

No. of Data Rows : 801
fcross              =  1.68720e+06
pmarg               =  3.83746e+01
tdc                 =  8.45929e+01
mode=0db  rload=10k  rsrc=1k  pos=2  C=4.7n
fcross = 1.687196e+06
pmarg = 3.837464e+01
tdc = 8.459292e+01
Doing analysis at TEMP = 27.000000 and TNOM = 27.000000

Using SPARSE 1.3 as Direct Linear Solver

No. of Data Rows : 801
fcross              =  1.90058e+06
pmarg               =  6.73358e+01
tdc                 =  8.45929e+01
mode=0db  rload=10k  rsrc=2.5k  pos=1  C=1f
fcross = 1.900576e+06
pmarg = 6.733580e+01
tdc = 8.459294e+01
Doing analysis at TEMP = 27.000000 and TNOM = 27.000000

Using SPARSE 1.3 as Direct Linear Solver

No. of Data Rows : 801
fcross              =  1.90150e+06
pmarg               =  6.69448e+01
tdc                 =  8.45929e+01
mode=0db  rload=10k  rsrc=2.5k  pos=1  C=47p
fcross = 1.901505e+06
pmarg = 6.694482e+01
tdc = 8.459294e+01
Doing analysis at TEMP = 27.000000 and TNOM = 27.000000

Using SPARSE 1.3 as Direct Linear Solver

No. of Data Rows : 801
fcross              =  1.90159e+06
pmarg               =  6.65141e+01
tdc                 =  8.45929e+01
mode=0db  rload=10k  rsrc=2.5k  pos=1  C=100p
fcross = 1.901593e+06
pmarg = 6.651406e+01
tdc = 8.459294e+01
Doing analysis at TEMP = 27.000000 and TNOM = 27.000000

Using SPARSE 1.3 as Direct Linear Solver

No. of Data Rows : 801
fcross              =  1.89810e+06
pmarg               =  6.55958e+01
tdc                 =  8.45929e+01
mode=0db  rload=10k  rsrc=2.5k  pos=1  C=220p
fcross = 1.898101e+06
pmarg = 6.559578e+01
tdc = 8.459295e+01
Doing analysis at TEMP = 27.000000 and TNOM = 27.000000

Using SPARSE 1.3 as Direct Linear Solver

No. of Data Rows : 801
fcross              =  1.87657e+06
pmarg               =  6.40416e+01
tdc                 =  8.45930e+01
mode=0db  rload=10k  rsrc=2.5k  pos=1  C=470p
fcross = 1.876568e+06
pmarg = 6.404157e+01
tdc = 8.459295e+01
Doing analysis at TEMP = 27.000000 and TNOM = 27.000000

Using SPARSE 1.3 as Direct Linear Solver

No. of Data Rows : 801
fcross              =  1.80116e+06
pmarg               =  6.24598e+01
tdc                 =  8.45930e+01
mode=0db  rload=10k  rsrc=2.5k  pos=1  C=1n
fcross = 1.801156e+06
pmarg = 6.245982e+01
tdc = 8.459297e+01
Doing analysis at TEMP = 27.000000 and TNOM = 27.000000

Using SPARSE 1.3 as Direct Linear Solver

No. of Data Rows : 801
fcross              =  1.73286e+06
pmarg               =  6.23406e+01
tdc                 =  8.45930e+01
mode=0db  rload=10k  rsrc=2.5k  pos=1  C=1.5n
fcross = 1.732857e+06
pmarg = 6.234056e+01
tdc = 8.459298e+01
Doing analysis at TEMP = 27.000000 and TNOM = 27.000000

Using SPARSE 1.3 as Direct Linear Solver

No. of Data Rows : 801
fcross              =  1.66298e+06
pmarg               =  6.29970e+01
tdc                 =  8.45930e+01
mode=0db  rload=10k  rsrc=2.5k  pos=1  C=2.2n
fcross = 1.662975e+06
pmarg = 6.299696e+01
tdc = 8.459300e+01
Doing analysis at TEMP = 27.000000 and TNOM = 27.000000

Using SPARSE 1.3 as Direct Linear Solver

No. of Data Rows : 801
fcross              =  1.62850e+06
pmarg               =  6.36171e+01
tdc                 =  8.45930e+01
mode=0db  rload=10k  rsrc=2.5k  pos=1  C=2.7n
fcross = 1.628499e+06
pmarg = 6.361710e+01
tdc = 8.459302e+01
Doing analysis at TEMP = 27.000000 and TNOM = 27.000000

Using SPARSE 1.3 as Direct Linear Solver

No. of Data Rows : 801
fcross              =  1.59874e+06
pmarg               =  6.43444e+01
tdc                 =  8.45930e+01
mode=0db  rload=10k  rsrc=2.5k  pos=1  C=3.3n
fcross = 1.598741e+06
pmarg = 6.434443e+01
tdc = 8.459303e+01
Doing analysis at TEMP = 27.000000 and TNOM = 27.000000

Using SPARSE 1.3 as Direct Linear Solver

No. of Data Rows : 801
fcross              =  1.55793e+06
pmarg               =  6.57367e+01
tdc                 =  8.45931e+01
mode=0db  rload=10k  rsrc=2.5k  pos=1  C=4.7n
fcross = 1.557928e+06
pmarg = 6.573670e+01
tdc = 8.459307e+01
Doing analysis at TEMP = 27.000000 and TNOM = 27.000000

Using SPARSE 1.3 as Direct Linear Solver

No. of Data Rows : 801
fcross              =  1.90058e+06
pmarg               =  6.73358e+01
tdc                 =  8.45929e+01
mode=0db  rload=10k  rsrc=2.5k  pos=2  C=1f
fcross = 1.900576e+06
pmarg = 6.733580e+01
tdc = 8.459294e+01
Doing analysis at TEMP = 27.000000 and TNOM = 27.000000

Using SPARSE 1.3 as Direct Linear Solver

No. of Data Rows : 801
fcross              =  1.90187e+06
pmarg               =  6.69376e+01
tdc                 =  8.45929e+01
mode=0db  rload=10k  rsrc=2.5k  pos=2  C=47p
fcross = 1.901873e+06
pmarg = 6.693756e+01
tdc = 8.459294e+01
Doing analysis at TEMP = 27.000000 and TNOM = 27.000000

Using SPARSE 1.3 as Direct Linear Solver

No. of Data Rows : 801
fcross              =  1.90323e+06
pmarg               =  6.64885e+01
tdc                 =  8.45929e+01
mode=0db  rload=10k  rsrc=2.5k  pos=2  C=100p
fcross = 1.903230e+06
pmarg = 6.648846e+01
tdc = 8.459294e+01
Doing analysis at TEMP = 27.000000 and TNOM = 27.000000

Using SPARSE 1.3 as Direct Linear Solver

No. of Data Rows : 801
fcross              =  1.90590e+06
pmarg               =  6.54721e+01
tdc                 =  8.45929e+01
mode=0db  rload=10k  rsrc=2.5k  pos=2  C=220p
fcross = 1.905901e+06
pmarg = 6.547209e+01
tdc = 8.459294e+01
Doing analysis at TEMP = 27.000000 and TNOM = 27.000000

Using SPARSE 1.3 as Direct Linear Solver

No. of Data Rows : 801
fcross              =  1.90964e+06
pmarg               =  6.33625e+01
tdc                 =  8.45929e+01
mode=0db  rload=10k  rsrc=2.5k  pos=2  C=470p
fcross = 1.909640e+06
pmarg = 6.336252e+01
tdc = 8.459294e+01
Doing analysis at TEMP = 27.000000 and TNOM = 27.000000

Using SPARSE 1.3 as Direct Linear Solver

No. of Data Rows : 801
fcross              =  1.90857e+06
pmarg               =  5.89918e+01
tdc                 =  8.45929e+01
mode=0db  rload=10k  rsrc=2.5k  pos=2  C=1n
fcross = 1.908573e+06
pmarg = 5.899176e+01
tdc = 8.459294e+01
Doing analysis at TEMP = 27.000000 and TNOM = 27.000000

Using SPARSE 1.3 as Direct Linear Solver

No. of Data Rows : 801
fcross              =  1.89678e+06
pmarg               =  5.50880e+01
tdc                 =  8.45929e+01
mode=0db  rload=10k  rsrc=2.5k  pos=2  C=1.5n
fcross = 1.896784e+06
pmarg = 5.508803e+01
tdc = 8.459293e+01
Doing analysis at TEMP = 27.000000 and TNOM = 27.000000

Using SPARSE 1.3 as Direct Linear Solver

No. of Data Rows : 801
fcross              =  1.86506e+06
pmarg               =  5.01357e+01
tdc                 =  8.45929e+01
mode=0db  rload=10k  rsrc=2.5k  pos=2  C=2.2n
fcross = 1.865057e+06
pmarg = 5.013573e+01
tdc = 8.459293e+01
Doing analysis at TEMP = 27.000000 and TNOM = 27.000000

Using SPARSE 1.3 as Direct Linear Solver

No. of Data Rows : 801
fcross              =  1.83453e+06
pmarg               =  4.70070e+01
tdc                 =  8.45929e+01
mode=0db  rload=10k  rsrc=2.5k  pos=2  C=2.7n
fcross = 1.834532e+06
pmarg = 4.700699e+01
tdc = 8.459293e+01
Doing analysis at TEMP = 27.000000 and TNOM = 27.000000

Using SPARSE 1.3 as Direct Linear Solver

No. of Data Rows : 801
fcross              =  1.79239e+06
pmarg               =  4.37020e+01
tdc                 =  8.45929e+01
mode=0db  rload=10k  rsrc=2.5k  pos=2  C=3.3n
fcross = 1.792390e+06
pmarg = 4.370196e+01
tdc = 8.459293e+01
Doing analysis at TEMP = 27.000000 and TNOM = 27.000000

Using SPARSE 1.3 as Direct Linear Solver

No. of Data Rows : 801
fcross              =  1.68597e+06
pmarg               =  3.76164e+01
tdc                 =  8.45929e+01
mode=0db  rload=10k  rsrc=2.5k  pos=2  C=4.7n
fcross = 1.685971e+06
pmarg = 3.761640e+01
tdc = 8.459292e+01
Doing analysis at TEMP = 27.000000 and TNOM = 27.000000

Using SPARSE 1.3 as Direct Linear Solver

No. of Data Rows : 801
fcross              =  1.90044e+06
pmarg               =  6.72953e+01
tdc                 =  8.45929e+01
mode=0db  rload=10k  rsrc=2.571k  pos=1  C=1f
fcross = 1.900436e+06
pmarg = 6.729534e+01
tdc = 8.459294e+01
Doing analysis at TEMP = 27.000000 and TNOM = 27.000000

Using SPARSE 1.3 as Direct Linear Solver

No. of Data Rows : 801
fcross              =  1.90136e+06
pmarg               =  6.69044e+01
tdc                 =  8.45929e+01
mode=0db  rload=10k  rsrc=2.571k  pos=1  C=47p
fcross = 1.901365e+06
pmarg = 6.690437e+01
tdc = 8.459294e+01
Doing analysis at TEMP = 27.000000 and TNOM = 27.000000

Using SPARSE 1.3 as Direct Linear Solver

No. of Data Rows : 801
fcross              =  1.90145e+06
pmarg               =  6.64736e+01
tdc                 =  8.45929e+01
mode=0db  rload=10k  rsrc=2.571k  pos=1  C=100p
fcross = 1.901453e+06
pmarg = 6.647365e+01
tdc = 8.459294e+01
Doing analysis at TEMP = 27.000000 and TNOM = 27.000000

Using SPARSE 1.3 as Direct Linear Solver

No. of Data Rows : 801
fcross              =  1.89796e+06
pmarg               =  6.55555e+01
tdc                 =  8.45929e+01
mode=0db  rload=10k  rsrc=2.571k  pos=1  C=220p
fcross = 1.897962e+06
pmarg = 6.555550e+01
tdc = 8.459295e+01
Doing analysis at TEMP = 27.000000 and TNOM = 27.000000

Using SPARSE 1.3 as Direct Linear Solver

No. of Data Rows : 801
fcross              =  1.87643e+06
pmarg               =  6.40018e+01
tdc                 =  8.45930e+01
mode=0db  rload=10k  rsrc=2.571k  pos=1  C=470p
fcross = 1.876435e+06
pmarg = 6.400179e+01
tdc = 8.459295e+01
Doing analysis at TEMP = 27.000000 and TNOM = 27.000000

Using SPARSE 1.3 as Direct Linear Solver

No. of Data Rows : 801
fcross              =  1.80105e+06
pmarg               =  6.24214e+01
tdc                 =  8.45930e+01
mode=0db  rload=10k  rsrc=2.571k  pos=1  C=1n
fcross = 1.801046e+06
pmarg = 6.242142e+01
tdc = 8.459297e+01
Doing analysis at TEMP = 27.000000 and TNOM = 27.000000

Using SPARSE 1.3 as Direct Linear Solver

No. of Data Rows : 801
fcross              =  1.73276e+06
pmarg               =  6.23034e+01
tdc                 =  8.45930e+01
mode=0db  rload=10k  rsrc=2.571k  pos=1  C=1.5n
fcross = 1.732762e+06
pmarg = 6.230337e+01
tdc = 8.459298e+01
Doing analysis at TEMP = 27.000000 and TNOM = 27.000000

Using SPARSE 1.3 as Direct Linear Solver

No. of Data Rows : 801
fcross              =  1.66289e+06
pmarg               =  6.29611e+01
tdc                 =  8.45930e+01
mode=0db  rload=10k  rsrc=2.571k  pos=1  C=2.2n
fcross = 1.662890e+06
pmarg = 6.296107e+01
tdc = 8.459300e+01
Doing analysis at TEMP = 27.000000 and TNOM = 27.000000

Using SPARSE 1.3 as Direct Linear Solver

No. of Data Rows : 801
fcross              =  1.62842e+06
pmarg               =  6.35819e+01
tdc                 =  8.45930e+01
mode=0db  rload=10k  rsrc=2.571k  pos=1  C=2.7n
fcross = 1.628419e+06
pmarg = 6.358187e+01
tdc = 8.459302e+01
Doing analysis at TEMP = 27.000000 and TNOM = 27.000000

Using SPARSE 1.3 as Direct Linear Solver

No. of Data Rows : 801
fcross              =  1.59866e+06
pmarg               =  6.43098e+01
tdc                 =  8.45930e+01
mode=0db  rload=10k  rsrc=2.571k  pos=1  C=3.3n
fcross = 1.598664e+06
pmarg = 6.430978e+01
tdc = 8.459303e+01
Doing analysis at TEMP = 27.000000 and TNOM = 27.000000

Using SPARSE 1.3 as Direct Linear Solver

No. of Data Rows : 801
fcross              =  1.55786e+06
pmarg               =  6.57029e+01
tdc                 =  8.45931e+01
mode=0db  rload=10k  rsrc=2.571k  pos=1  C=4.7n
fcross = 1.557855e+06
pmarg = 6.570288e+01
tdc = 8.459307e+01
Doing analysis at TEMP = 27.000000 and TNOM = 27.000000

Using SPARSE 1.3 as Direct Linear Solver

No. of Data Rows : 801
fcross              =  1.90044e+06
pmarg               =  6.72953e+01
tdc                 =  8.45929e+01
mode=0db  rload=10k  rsrc=2.571k  pos=2  C=1f
fcross = 1.900436e+06
pmarg = 6.729534e+01
tdc = 8.459294e+01
Doing analysis at TEMP = 27.000000 and TNOM = 27.000000

Using SPARSE 1.3 as Direct Linear Solver
 Reference value :  1.00000e+00
No. of Data Rows : 801
fcross              =  1.90173e+06
pmarg               =  6.68971e+01
tdc                 =  8.45929e+01
mode=0db  rload=10k  rsrc=2.571k  pos=2  C=47p
fcross = 1.901732e+06
pmarg = 6.689711e+01
tdc = 8.459294e+01
Doing analysis at TEMP = 27.000000 and TNOM = 27.000000

Using SPARSE 1.3 as Direct Linear Solver

No. of Data Rows : 801
fcross              =  1.90309e+06
pmarg               =  6.64480e+01
tdc                 =  8.45929e+01
mode=0db  rload=10k  rsrc=2.571k  pos=2  C=100p
fcross = 1.903090e+06
pmarg = 6.644801e+01
tdc = 8.459294e+01
Doing analysis at TEMP = 27.000000 and TNOM = 27.000000

Using SPARSE 1.3 as Direct Linear Solver

No. of Data Rows : 801
fcross              =  1.90576e+06
pmarg               =  6.54317e+01
tdc                 =  8.45929e+01
mode=0db  rload=10k  rsrc=2.571k  pos=2  C=220p
fcross = 1.905756e+06
pmarg = 6.543171e+01
tdc = 8.459294e+01
Doing analysis at TEMP = 27.000000 and TNOM = 27.000000

Using SPARSE 1.3 as Direct Linear Solver

No. of Data Rows : 801
fcross              =  1.90949e+06
pmarg               =  6.33222e+01
tdc                 =  8.45929e+01
mode=0db  rload=10k  rsrc=2.571k  pos=2  C=470p
fcross = 1.909493e+06
pmarg = 6.332223e+01
tdc = 8.459294e+01
Doing analysis at TEMP = 27.000000 and TNOM = 27.000000

Using SPARSE 1.3 as Direct Linear Solver

No. of Data Rows : 801
fcross              =  1.90843e+06
pmarg               =  5.89518e+01
tdc                 =  8.45929e+01
mode=0db  rload=10k  rsrc=2.571k  pos=2  C=1n
fcross = 1.908427e+06
pmarg = 5.895183e+01
tdc = 8.459294e+01
Doing analysis at TEMP = 27.000000 and TNOM = 27.000000

Using SPARSE 1.3 as Direct Linear Solver

No. of Data Rows : 801
fcross              =  1.89665e+06
pmarg               =  5.50485e+01
tdc                 =  8.45929e+01
mode=0db  rload=10k  rsrc=2.571k  pos=2  C=1.5n
fcross = 1.896645e+06
pmarg = 5.504854e+01
tdc = 8.459293e+01
Doing analysis at TEMP = 27.000000 and TNOM = 27.000000

Using SPARSE 1.3 as Direct Linear Solver

No. of Data Rows : 801
fcross              =  1.86493e+06
pmarg               =  5.00971e+01
tdc                 =  8.45929e+01
mode=0db  rload=10k  rsrc=2.571k  pos=2  C=2.2n
fcross = 1.864927e+06
pmarg = 5.009713e+01
tdc = 8.459293e+01
Doing analysis at TEMP = 27.000000 and TNOM = 27.000000

Using SPARSE 1.3 as Direct Linear Solver

No. of Data Rows : 801
fcross              =  1.83441e+06
pmarg               =  4.69690e+01
tdc                 =  8.45929e+01
mode=0db  rload=10k  rsrc=2.571k  pos=2  C=2.7n
fcross = 1.834414e+06
pmarg = 4.696905e+01
tdc = 8.459293e+01
Doing analysis at TEMP = 27.000000 and TNOM = 27.000000

Using SPARSE 1.3 as Direct Linear Solver

No. of Data Rows : 801
fcross              =  1.79228e+06
pmarg               =  4.36649e+01
tdc                 =  8.45929e+01
mode=0db  rload=10k  rsrc=2.571k  pos=2  C=3.3n
fcross = 1.792284e+06
pmarg = 4.366486e+01
tdc = 8.459293e+01
Doing analysis at TEMP = 27.000000 and TNOM = 27.000000

Using SPARSE 1.3 as Direct Linear Solver

No. of Data Rows : 801
fcross              =  1.68589e+06
pmarg               =  3.75813e+01
tdc                 =  8.45929e+01
mode=0db  rload=10k  rsrc=2.571k  pos=2  C=4.7n
fcross = 1.685892e+06
pmarg = 3.758128e+01
tdc = 8.459292e+01
Doing analysis at TEMP = 27.000000 and TNOM = 27.000000

Using SPARSE 1.3 as Direct Linear Solver

No. of Data Rows : 801
fcross              =  1.90036e+06
pmarg               =  6.72726e+01
tdc                 =  8.45929e+01
mode=0db  rload=10k  rsrc=2.611k  pos=1  C=1f
fcross = 1.900356e+06
pmarg = 6.727257e+01
tdc = 8.459294e+01
Doing analysis at TEMP = 27.000000 and TNOM = 27.000000

Using SPARSE 1.3 as Direct Linear Solver

No. of Data Rows : 801
fcross              =  1.90128e+06
pmarg               =  6.68816e+01
tdc                 =  8.45929e+01
mode=0db  rload=10k  rsrc=2.611k  pos=1  C=47p
fcross = 1.901284e+06
pmarg = 6.688161e+01
tdc = 8.459294e+01
Doing analysis at TEMP = 27.000000 and TNOM = 27.000000

Using SPARSE 1.3 as Direct Linear Solver

No. of Data Rows : 801
fcross              =  1.90137e+06
pmarg               =  6.64509e+01
tdc                 =  8.45929e+01
mode=0db  rload=10k  rsrc=2.611k  pos=1  C=100p
fcross = 1.901372e+06
pmarg = 6.645090e+01
tdc = 8.459294e+01
Doing analysis at TEMP = 27.000000 and TNOM = 27.000000

Using SPARSE 1.3 as Direct Linear Solver

No. of Data Rows : 801
fcross              =  1.89788e+06
pmarg               =  6.55328e+01
tdc                 =  8.45929e+01
mode=0db  rload=10k  rsrc=2.611k  pos=1  C=220p
fcross = 1.897882e+06
pmarg = 6.553283e+01
tdc = 8.459295e+01
Doing analysis at TEMP = 27.000000 and TNOM = 27.000000

Using SPARSE 1.3 as Direct Linear Solver

No. of Data Rows : 801
fcross              =  1.87636e+06
pmarg               =  6.39794e+01
tdc                 =  8.45930e+01
mode=0db  rload=10k  rsrc=2.611k  pos=1  C=470p
fcross = 1.876358e+06
pmarg = 6.397940e+01
tdc = 8.459295e+01
Doing analysis at TEMP = 27.000000 and TNOM = 27.000000

Using SPARSE 1.3 as Direct Linear Solver

No. of Data Rows : 801
fcross              =  1.80098e+06
pmarg               =  6.23998e+01
tdc                 =  8.45930e+01
mode=0db  rload=10k  rsrc=2.611k  pos=1  C=1n
fcross = 1.800982e+06
pmarg = 6.239980e+01
tdc = 8.459297e+01
Doing analysis at TEMP = 27.000000 and TNOM = 27.000000

Using SPARSE 1.3 as Direct Linear Solver

No. of Data Rows : 801
fcross              =  1.73271e+06
pmarg               =  6.22824e+01
tdc                 =  8.45930e+01
mode=0db  rload=10k  rsrc=2.611k  pos=1  C=1.5n
fcross = 1.732707e+06
pmarg = 6.228243e+01
tdc = 8.459298e+01
Doing analysis at TEMP = 27.000000 and TNOM = 27.000000

Using SPARSE 1.3 as Direct Linear Solver

No. of Data Rows : 801
fcross              =  1.66284e+06
pmarg               =  6.29409e+01
tdc                 =  8.45930e+01
mode=0db  rload=10k  rsrc=2.611k  pos=1  C=2.2n
fcross = 1.662842e+06
pmarg = 6.294087e+01
tdc = 8.459300e+01
Doing analysis at TEMP = 27.000000 and TNOM = 27.000000

Using SPARSE 1.3 as Direct Linear Solver

No. of Data Rows : 801
fcross              =  1.62837e+06
pmarg               =  6.35620e+01
tdc                 =  8.45930e+01
mode=0db  rload=10k  rsrc=2.611k  pos=1  C=2.7n
fcross = 1.628373e+06
pmarg = 6.356204e+01
tdc = 8.459302e+01
Doing analysis at TEMP = 27.000000 and TNOM = 27.000000

Using SPARSE 1.3 as Direct Linear Solver

No. of Data Rows : 801
fcross              =  1.59862e+06
pmarg               =  6.42903e+01
tdc                 =  8.45930e+01
mode=0db  rload=10k  rsrc=2.611k  pos=1  C=3.3n
fcross = 1.598620e+06
pmarg = 6.429027e+01
tdc = 8.459303e+01
Doing analysis at TEMP = 27.000000 and TNOM = 27.000000

Using SPARSE 1.3 as Direct Linear Solver

No. of Data Rows : 801
fcross              =  1.55781e+06
pmarg               =  6.56838e+01
tdc                 =  8.45931e+01
mode=0db  rload=10k  rsrc=2.611k  pos=1  C=4.7n
fcross = 1.557814e+06
pmarg = 6.568384e+01
tdc = 8.459307e+01
Doing analysis at TEMP = 27.000000 and TNOM = 27.000000

Using SPARSE 1.3 as Direct Linear Solver

No. of Data Rows : 801
fcross              =  1.90036e+06
pmarg               =  6.72726e+01
tdc                 =  8.45929e+01
mode=0db  rload=10k  rsrc=2.611k  pos=2  C=1f
fcross = 1.900356e+06
pmarg = 6.727257e+01
tdc = 8.459294e+01
Doing analysis at TEMP = 27.000000 and TNOM = 27.000000

Using SPARSE 1.3 as Direct Linear Solver

No. of Data Rows : 801
fcross              =  1.90165e+06
pmarg               =  6.68743e+01
tdc                 =  8.45929e+01
mode=0db  rload=10k  rsrc=2.611k  pos=2  C=47p
fcross = 1.901652e+06
pmarg = 6.687434e+01
tdc = 8.459294e+01
Doing analysis at TEMP = 27.000000 and TNOM = 27.000000

Using SPARSE 1.3 as Direct Linear Solver

No. of Data Rows : 801
fcross              =  1.90301e+06
pmarg               =  6.64252e+01
tdc                 =  8.45929e+01
mode=0db  rload=10k  rsrc=2.611k  pos=2  C=100p
fcross = 1.903009e+06
pmarg = 6.642525e+01
tdc = 8.459294e+01
Doing analysis at TEMP = 27.000000 and TNOM = 27.000000

Using SPARSE 1.3 as Direct Linear Solver

No. of Data Rows : 801
fcross              =  1.90567e+06
pmarg               =  6.54090e+01
tdc                 =  8.45929e+01
mode=0db  rload=10k  rsrc=2.611k  pos=2  C=220p
fcross = 1.905672e+06
pmarg = 6.540899e+01
tdc = 8.459294e+01
Doing analysis at TEMP = 27.000000 and TNOM = 27.000000

Using SPARSE 1.3 as Direct Linear Solver

No. of Data Rows : 801
fcross              =  1.90941e+06
pmarg               =  6.32996e+01
tdc                 =  8.45929e+01
mode=0db  rload=10k  rsrc=2.611k  pos=2  C=470p
fcross = 1.909409e+06
pmarg = 6.329956e+01
tdc = 8.459294e+01
Doing analysis at TEMP = 27.000000 and TNOM = 27.000000

Using SPARSE 1.3 as Direct Linear Solver

No. of Data Rows : 801
fcross              =  1.90834e+06
pmarg               =  5.89294e+01
tdc                 =  8.45929e+01
mode=0db  rload=10k  rsrc=2.611k  pos=2  C=1n
fcross = 1.908343e+06
pmarg = 5.892937e+01
tdc = 8.459294e+01
Doing analysis at TEMP = 27.000000 and TNOM = 27.000000

Using SPARSE 1.3 as Direct Linear Solver

No. of Data Rows : 801
fcross              =  1.89657e+06
pmarg               =  5.50263e+01
tdc                 =  8.45929e+01
mode=0db  rload=10k  rsrc=2.611k  pos=2  C=1.5n
fcross = 1.896566e+06
pmarg = 5.502632e+01
tdc = 8.459293e+01
Doing analysis at TEMP = 27.000000 and TNOM = 27.000000

Using SPARSE 1.3 as Direct Linear Solver

No. of Data Rows : 801
fcross              =  1.86485e+06
pmarg               =  5.00754e+01
tdc                 =  8.45929e+01
mode=0db  rload=10k  rsrc=2.611k  pos=2  C=2.2n
fcross = 1.864853e+06
pmarg = 5.007543e+01
tdc = 8.459293e+01
Doing analysis at TEMP = 27.000000 and TNOM = 27.000000

Using SPARSE 1.3 as Direct Linear Solver

No. of Data Rows : 801
fcross              =  1.83435e+06
pmarg               =  4.69477e+01
tdc                 =  8.45929e+01
mode=0db  rload=10k  rsrc=2.611k  pos=2  C=2.7n
fcross = 1.834346e+06
pmarg = 4.694771e+01
tdc = 8.459293e+01
Doing analysis at TEMP = 27.000000 and TNOM = 27.000000

Using SPARSE 1.3 as Direct Linear Solver

No. of Data Rows : 801
fcross              =  1.79222e+06
pmarg               =  4.36440e+01
tdc                 =  8.45929e+01
mode=0db  rload=10k  rsrc=2.611k  pos=2  C=3.3n
fcross = 1.792223e+06
pmarg = 4.364400e+01
tdc = 8.459293e+01
Doing analysis at TEMP = 27.000000 and TNOM = 27.000000

Using SPARSE 1.3 as Direct Linear Solver

No. of Data Rows : 801
fcross              =  1.68585e+06
pmarg               =  3.75615e+01
tdc                 =  8.45929e+01
mode=0db  rload=10k  rsrc=2.611k  pos=2  C=4.7n
fcross = 1.685847e+06
pmarg = 3.756152e+01
tdc = 8.459292e+01
Doing analysis at TEMP = 27.000000 and TNOM = 27.000000

Using SPARSE 1.3 as Direct Linear Solver

No. of Data Rows : 801
fcross              =  1.94217e+06
pmarg               =  7.13219e+01
tdc                 =  8.14403e+01
mode=3db  rload=100k  rsrc=1m  pos=1  C=1f
fcross = 1.942169e+06
pmarg = 7.132191e+01
tdc = 8.144030e+01
Doing analysis at TEMP = 27.000000 and TNOM = 27.000000

Using SPARSE 1.3 as Direct Linear Solver

No. of Data Rows : 801
fcross              =  1.94320e+06
pmarg               =  7.09171e+01
tdc                 =  8.14403e+01
mode=3db  rload=100k  rsrc=1m  pos=1  C=47p
fcross = 1.943198e+06
pmarg = 7.091708e+01
tdc = 8.144030e+01
Doing analysis at TEMP = 27.000000 and TNOM = 27.000000

Using SPARSE 1.3 as Direct Linear Solver

No. of Data Rows : 801
fcross              =  1.94330e+06
pmarg               =  7.04732e+01
tdc                 =  8.14403e+01
mode=3db  rload=100k  rsrc=1m  pos=1  C=100p
fcross = 1.943305e+06
pmarg = 7.047323e+01
tdc = 8.144030e+01
Doing analysis at TEMP = 27.000000 and TNOM = 27.000000

Using SPARSE 1.3 as Direct Linear Solver

No. of Data Rows : 801
fcross              =  1.93950e+06
pmarg               =  6.95365e+01
tdc                 =  8.14403e+01
mode=3db  rload=100k  rsrc=1m  pos=1  C=220p
fcross = 1.939496e+06
pmarg = 6.953650e+01
tdc = 8.144030e+01
Doing analysis at TEMP = 27.000000 and TNOM = 27.000000

Using SPARSE 1.3 as Direct Linear Solver

No. of Data Rows : 801
fcross              =  1.91604e+06
pmarg               =  6.79966e+01
tdc                 =  8.14403e+01
mode=3db  rload=100k  rsrc=1m  pos=1  C=470p
fcross = 1.916036e+06
pmarg = 6.799655e+01
tdc = 8.144030e+01
Doing analysis at TEMP = 27.000000 and TNOM = 27.000000

Using SPARSE 1.3 as Direct Linear Solver

No. of Data Rows : 801
fcross              =  1.83525e+06
pmarg               =  6.65950e+01
tdc                 =  8.14403e+01
mode=3db  rload=100k  rsrc=1m  pos=1  C=1n
fcross = 1.835249e+06
pmarg = 6.659503e+01
tdc = 8.144030e+01
Doing analysis at TEMP = 27.000000 and TNOM = 27.000000

Using SPARSE 1.3 as Direct Linear Solver

No. of Data Rows : 801
fcross              =  1.76338e+06
pmarg               =  6.66765e+01
tdc                 =  8.14403e+01
mode=3db  rload=100k  rsrc=1m  pos=1  C=1.5n
fcross = 1.763383e+06
pmarg = 6.667647e+01
tdc = 8.144030e+01
Doing analysis at TEMP = 27.000000 and TNOM = 27.000000

Using SPARSE 1.3 as Direct Linear Solver

No. of Data Rows : 801
fcross              =  1.69065e+06
pmarg               =  6.75498e+01
tdc                 =  8.14403e+01
mode=3db  rload=100k  rsrc=1m  pos=1  C=2.2n
fcross = 1.690653e+06
pmarg = 6.754979e+01
tdc = 8.144030e+01
Doing analysis at TEMP = 27.000000 and TNOM = 27.000000

Using SPARSE 1.3 as Direct Linear Solver

No. of Data Rows : 801
fcross              =  1.65500e+06
pmarg               =  6.82778e+01
tdc                 =  8.14403e+01
mode=3db  rload=100k  rsrc=1m  pos=1  C=2.7n
fcross = 1.654998e+06
pmarg = 6.827782e+01
tdc = 8.144030e+01
Doing analysis at TEMP = 27.000000 and TNOM = 27.000000

Using SPARSE 1.3 as Direct Linear Solver

No. of Data Rows : 801
fcross              =  1.62434e+06
pmarg               =  6.90969e+01
tdc                 =  8.14403e+01
mode=3db  rload=100k  rsrc=1m  pos=1  C=3.3n
fcross = 1.624339e+06
pmarg = 6.909694e+01
tdc = 8.144030e+01
Doing analysis at TEMP = 27.000000 and TNOM = 27.000000

Using SPARSE 1.3 as Direct Linear Solver

No. of Data Rows : 801
fcross              =  1.58259e+06
pmarg               =  7.06077e+01
tdc                 =  8.14403e+01
mode=3db  rload=100k  rsrc=1m  pos=1  C=4.7n
fcross = 1.582589e+06
pmarg = 7.060775e+01
tdc = 8.144031e+01
Doing analysis at TEMP = 27.000000 and TNOM = 27.000000

Using SPARSE 1.3 as Direct Linear Solver

No. of Data Rows : 801
fcross              =  1.94217e+06
pmarg               =  7.13219e+01
tdc                 =  8.14403e+01
mode=3db  rload=100k  rsrc=1m  pos=2  C=1f
fcross = 1.942169e+06
pmarg = 7.132191e+01
tdc = 8.144030e+01
Doing analysis at TEMP = 27.000000 and TNOM = 27.000000

Using SPARSE 1.3 as Direct Linear Solver

No. of Data Rows : 801
fcross              =  1.94359e+06
pmarg               =  7.09122e+01
tdc                 =  8.14403e+01
mode=3db  rload=100k  rsrc=1m  pos=2  C=47p
fcross = 1.943590e+06
pmarg = 7.091225e+01
tdc = 8.144030e+01
Doing analysis at TEMP = 27.000000 and TNOM = 27.000000

Using SPARSE 1.3 as Direct Linear Solver

No. of Data Rows : 801
fcross              =  1.94508e+06
pmarg               =  7.04504e+01
tdc                 =  8.14403e+01
mode=3db  rload=100k  rsrc=1m  pos=2  C=100p
fcross = 1.945080e+06
pmarg = 7.045042e+01
tdc = 8.144030e+01
Doing analysis at TEMP = 27.000000 and TNOM = 27.000000

Using SPARSE 1.3 as Direct Linear Solver

No. of Data Rows : 801
fcross              =  1.94801e+06
pmarg               =  6.94060e+01
tdc                 =  8.14403e+01
mode=3db  rload=100k  rsrc=1m  pos=2  C=220p
fcross = 1.948007e+06
pmarg = 6.940605e+01
tdc = 8.144030e+01
Doing analysis at TEMP = 27.000000 and TNOM = 27.000000

Using SPARSE 1.3 as Direct Linear Solver

No. of Data Rows : 801
fcross              =  1.95210e+06
pmarg               =  6.72421e+01
tdc                 =  8.14403e+01
mode=3db  rload=100k  rsrc=1m  pos=2  C=470p
fcross = 1.952104e+06
pmarg = 6.724208e+01
tdc = 8.144030e+01
Doing analysis at TEMP = 27.000000 and TNOM = 27.000000

Using SPARSE 1.3 as Direct Linear Solver

No. of Data Rows : 801
fcross              =  1.95115e+06
pmarg               =  6.27756e+01
tdc                 =  8.14403e+01
mode=3db  rload=100k  rsrc=1m  pos=2  C=1n
fcross = 1.951149e+06
pmarg = 6.277559e+01
tdc = 8.144030e+01
Doing analysis at TEMP = 27.000000 and TNOM = 27.000000

Using SPARSE 1.3 as Direct Linear Solver

No. of Data Rows : 801
fcross              =  1.93860e+06
pmarg               =  5.88143e+01
tdc                 =  8.14403e+01
mode=3db  rload=100k  rsrc=1m  pos=2  C=1.5n
fcross = 1.938596e+06
pmarg = 5.881429e+01
tdc = 8.144029e+01
Doing analysis at TEMP = 27.000000 and TNOM = 27.000000

Using SPARSE 1.3 as Direct Linear Solver

No. of Data Rows : 801
fcross              =  1.90454e+06
pmarg               =  5.38435e+01
tdc                 =  8.14403e+01
mode=3db  rload=100k  rsrc=1m  pos=2  C=2.2n
fcross = 1.904541e+06
pmarg = 5.384347e+01
tdc = 8.144029e+01
Doing analysis at TEMP = 27.000000 and TNOM = 27.000000

Using SPARSE 1.3 as Direct Linear Solver

No. of Data Rows : 801
fcross              =  1.87186e+06
pmarg               =  5.07423e+01
tdc                 =  8.14403e+01
mode=3db  rload=100k  rsrc=1m  pos=2  C=2.7n
fcross = 1.871858e+06
pmarg = 5.074229e+01
tdc = 8.144029e+01
Doing analysis at TEMP = 27.000000 and TNOM = 27.000000

Using SPARSE 1.3 as Direct Linear Solver

No. of Data Rows : 801
fcross              =  1.82689e+06
pmarg               =  4.75063e+01
tdc                 =  8.14403e+01
mode=3db  rload=100k  rsrc=1m  pos=2  C=3.3n
fcross = 1.826892e+06
pmarg = 4.750627e+01
tdc = 8.144029e+01
Doing analysis at TEMP = 27.000000 and TNOM = 27.000000

Using SPARSE 1.3 as Direct Linear Solver

No. of Data Rows : 801
fcross              =  1.71414e+06
pmarg               =  4.16777e+01
tdc                 =  8.14403e+01
mode=3db  rload=100k  rsrc=1m  pos=2  C=4.7n
fcross = 1.714140e+06
pmarg = 4.167772e+01
tdc = 8.144028e+01
Doing analysis at TEMP = 27.000000 and TNOM = 27.000000

Using SPARSE 1.3 as Direct Linear Solver

No. of Data Rows : 801
fcross              =  1.94151e+06
pmarg               =  7.07197e+01
tdc                 =  8.14403e+01
mode=3db  rload=100k  rsrc=1k  pos=1  C=1f
fcross = 1.941513e+06
pmarg = 7.071973e+01
tdc = 8.144030e+01
Doing analysis at TEMP = 27.000000 and TNOM = 27.000000

Using SPARSE 1.3 as Direct Linear Solver

No. of Data Rows : 801
fcross              =  1.94254e+06
pmarg               =  7.03147e+01
tdc                 =  8.14403e+01
mode=3db  rload=100k  rsrc=1k  pos=1  C=47p
fcross = 1.942541e+06
pmarg = 7.031471e+01
tdc = 8.144030e+01
Doing analysis at TEMP = 27.000000 and TNOM = 27.000000

Using SPARSE 1.3 as Direct Linear Solver

No. of Data Rows : 801
fcross              =  1.94265e+06
pmarg               =  6.98710e+01
tdc                 =  8.14403e+01
mode=3db  rload=100k  rsrc=1k  pos=1  C=100p
fcross = 1.942649e+06
pmarg = 6.987097e+01
tdc = 8.144030e+01
Doing analysis at TEMP = 27.000000 and TNOM = 27.000000

Using SPARSE 1.3 as Direct Linear Solver

No. of Data Rows : 801
fcross              =  1.93885e+06
pmarg               =  6.89357e+01
tdc                 =  8.14403e+01
mode=3db  rload=100k  rsrc=1k  pos=1  C=220p
fcross = 1.938845e+06
pmarg = 6.893568e+01
tdc = 8.144030e+01
Doing analysis at TEMP = 27.000000 and TNOM = 27.000000

Using SPARSE 1.3 as Direct Linear Solver

No. of Data Rows : 801
fcross              =  1.91541e+06
pmarg               =  6.74031e+01
tdc                 =  8.14403e+01
mode=3db  rload=100k  rsrc=1k  pos=1  C=470p
fcross = 1.915415e+06
pmarg = 6.740313e+01
tdc = 8.144030e+01
Doing analysis at TEMP = 27.000000 and TNOM = 27.000000

Using SPARSE 1.3 as Direct Linear Solver

No. of Data Rows : 801
fcross              =  1.83474e+06
pmarg               =  6.60256e+01
tdc                 =  8.14403e+01
mode=3db  rload=100k  rsrc=1k  pos=1  C=1n
fcross = 1.834736e+06
pmarg = 6.602556e+01
tdc = 8.144030e+01
Doing analysis at TEMP = 27.000000 and TNOM = 27.000000

Using SPARSE 1.3 as Direct Linear Solver

No. of Data Rows : 801
fcross              =  1.76294e+06
pmarg               =  6.61282e+01
tdc                 =  8.14403e+01
mode=3db  rload=100k  rsrc=1k  pos=1  C=1.5n
fcross = 1.762941e+06
pmarg = 6.612824e+01
tdc = 8.144030e+01
Doing analysis at TEMP = 27.000000 and TNOM = 27.000000

Using SPARSE 1.3 as Direct Linear Solver

No. of Data Rows : 801
fcross              =  1.69027e+06
pmarg               =  6.70233e+01
tdc                 =  8.14403e+01
mode=3db  rload=100k  rsrc=1k  pos=1  C=2.2n
fcross = 1.690265e+06
pmarg = 6.702327e+01
tdc = 8.144030e+01
Doing analysis at TEMP = 27.000000 and TNOM = 27.000000

Using SPARSE 1.3 as Direct Linear Solver

No. of Data Rows : 801
fcross              =  1.65463e+06
pmarg               =  6.77620e+01
tdc                 =  8.14403e+01
mode=3db  rload=100k  rsrc=1k  pos=1  C=2.7n
fcross = 1.654632e+06
pmarg = 6.776204e+01
tdc = 8.144031e+01
Doing analysis at TEMP = 27.000000 and TNOM = 27.000000

Using SPARSE 1.3 as Direct Linear Solver

No. of Data Rows : 801
fcross              =  1.62398e+06
pmarg               =  6.85906e+01
tdc                 =  8.14403e+01
mode=3db  rload=100k  rsrc=1k  pos=1  C=3.3n
fcross = 1.623980e+06
pmarg = 6.859056e+01
tdc = 8.144031e+01
Doing analysis at TEMP = 27.000000 and TNOM = 27.000000

Using SPARSE 1.3 as Direct Linear Solver

No. of Data Rows : 801
fcross              =  1.58226e+06
pmarg               =  7.01142e+01
tdc                 =  8.14403e+01
mode=3db  rload=100k  rsrc=1k  pos=1  C=4.7n
fcross = 1.582255e+06
pmarg = 7.011415e+01
tdc = 8.144031e+01
Doing analysis at TEMP = 27.000000 and TNOM = 27.000000

Using SPARSE 1.3 as Direct Linear Solver
 Reference value :  7.58578e+01
No. of Data Rows : 801
fcross              =  1.94151e+06
pmarg               =  7.07197e+01
tdc                 =  8.14403e+01
mode=3db  rload=100k  rsrc=1k  pos=2  C=1f
fcross = 1.941513e+06
pmarg = 7.071973e+01
tdc = 8.144030e+01
Doing analysis at TEMP = 27.000000 and TNOM = 27.000000

Using SPARSE 1.3 as Direct Linear Solver

No. of Data Rows : 801
fcross              =  1.94293e+06
pmarg               =  7.03098e+01
tdc                 =  8.14403e+01
mode=3db  rload=100k  rsrc=1k  pos=2  C=47p
fcross = 1.942933e+06
pmarg = 7.030977e+01
tdc = 8.144030e+01
Doing analysis at TEMP = 27.000000 and TNOM = 27.000000

Using SPARSE 1.3 as Direct Linear Solver

No. of Data Rows : 801
fcross              =  1.94442e+06
pmarg               =  6.98476e+01
tdc                 =  8.14403e+01
mode=3db  rload=100k  rsrc=1k  pos=2  C=100p
fcross = 1.944422e+06
pmarg = 6.984763e+01
tdc = 8.144030e+01
Doing analysis at TEMP = 27.000000 and TNOM = 27.000000

Using SPARSE 1.3 as Direct Linear Solver

No. of Data Rows : 801
fcross              =  1.94734e+06
pmarg               =  6.88027e+01
tdc                 =  8.14403e+01
mode=3db  rload=100k  rsrc=1k  pos=2  C=220p
fcross = 1.947344e+06
pmarg = 6.880271e+01
tdc = 8.144030e+01
Doing analysis at TEMP = 27.000000 and TNOM = 27.000000

Using SPARSE 1.3 as Direct Linear Solver

No. of Data Rows : 801
fcross              =  1.95142e+06
pmarg               =  6.66384e+01
tdc                 =  8.14403e+01
mode=3db  rload=100k  rsrc=1k  pos=2  C=470p
fcross = 1.951420e+06
pmarg = 6.663841e+01
tdc = 8.144030e+01
Doing analysis at TEMP = 27.000000 and TNOM = 27.000000

Using SPARSE 1.3 as Direct Linear Solver

No. of Data Rows : 801
fcross              =  1.95047e+06
pmarg               =  6.21737e+01
tdc                 =  8.14403e+01
mode=3db  rload=100k  rsrc=1k  pos=2  C=1n
fcross = 1.950469e+06
pmarg = 6.217366e+01
tdc = 8.144030e+01
Doing analysis at TEMP = 27.000000 and TNOM = 27.000000

Using SPARSE 1.3 as Direct Linear Solver

No. of Data Rows : 801
fcross              =  1.93795e+06
pmarg               =  5.82171e+01
tdc                 =  8.14403e+01
mode=3db  rload=100k  rsrc=1k  pos=2  C=1.5n
fcross = 1.937953e+06
pmarg = 5.821706e+01
tdc = 8.144030e+01
Doing analysis at TEMP = 27.000000 and TNOM = 27.000000

Using SPARSE 1.3 as Direct Linear Solver

No. of Data Rows : 801
fcross              =  1.90396e+06
pmarg               =  5.32574e+01
tdc                 =  8.14403e+01
mode=3db  rload=100k  rsrc=1k  pos=2  C=2.2n
fcross = 1.903959e+06
pmarg = 5.325739e+01
tdc = 8.144029e+01
Doing analysis at TEMP = 27.000000 and TNOM = 27.000000

Using SPARSE 1.3 as Direct Linear Solver

No. of Data Rows : 801
fcross              =  1.87131e+06
pmarg               =  5.01665e+01
tdc                 =  8.14403e+01
mode=3db  rload=100k  rsrc=1k  pos=2  C=2.7n
fcross = 1.871315e+06
pmarg = 5.016654e+01
tdc = 8.144029e+01
Doing analysis at TEMP = 27.000000 and TNOM = 27.000000

Using SPARSE 1.3 as Direct Linear Solver

No. of Data Rows : 801
fcross              =  1.82641e+06
pmarg               =  4.69441e+01
tdc                 =  8.14403e+01
mode=3db  rload=100k  rsrc=1k  pos=2  C=3.3n
fcross = 1.826410e+06
pmarg = 4.694413e+01
tdc = 8.144029e+01
Doing analysis at TEMP = 27.000000 and TNOM = 27.000000

Using SPARSE 1.3 as Direct Linear Solver

No. of Data Rows : 801
fcross              =  1.71378e+06
Note: Starting dynamic gmin stepping
Warning: Dynamic gmin stepping failed
Note: Starting true gmin stepping
Warning: True gmin stepping failed
Note: Starting source stepping
Note: Source stepping completed
pmarg               =  4.11491e+01
tdc                 =  8.14403e+01
mode=3db  rload=100k  rsrc=1k  pos=2  C=4.7n
fcross = 1.713782e+06
pmarg = 4.114910e+01
tdc = 8.144028e+01
Doing analysis at TEMP = 27.000000 and TNOM = 27.000000

Using SPARSE 1.3 as Direct Linear Solver

No. of Data Rows : 801
fcross              =  1.93917e+06
Note: Starting dynamic gmin stepping
Warning: Dynamic gmin stepping failed
Note: Starting true gmin stepping
Warning: True gmin stepping failed
Note: Starting source stepping
Note: Source stepping completed
pmarg               =  6.98403e+01
tdc                 =  8.14403e+01
mode=3db  rload=100k  rsrc=2.5k  pos=1  C=1f
fcross = 1.939167e+06
pmarg = 6.984032e+01
tdc = 8.144030e+01
Doing analysis at TEMP = 27.000000 and TNOM = 27.000000

Using SPARSE 1.3 as Direct Linear Solver

No. of Data Rows : 801
fcross              =  1.94019e+06
Note: Starting dynamic gmin stepping
Warning: Dynamic gmin stepping failed
Note: Starting true gmin stepping
Warning: True gmin stepping failed
Note: Starting source stepping
Note: Source stepping completed
pmarg               =  6.94354e+01
tdc                 =  8.14403e+01
mode=3db  rload=100k  rsrc=2.5k  pos=1  C=47p
fcross = 1.940190e+06
pmarg = 6.943536e+01
tdc = 8.144030e+01
Doing analysis at TEMP = 27.000000 and TNOM = 27.000000

Using SPARSE 1.3 as Direct Linear Solver

No. of Data Rows : 801
fcross              =  1.94030e+06
Note: Starting dynamic gmin stepping
Warning: Dynamic gmin stepping failed
Note: Starting true gmin stepping
Warning: True gmin stepping failed
Note: Starting source stepping
Note: Source stepping completed
pmarg               =  6.89921e+01
tdc                 =  8.14403e+01
mode=3db  rload=100k  rsrc=2.5k  pos=1  C=100p
fcross = 1.940297e+06
pmarg = 6.899209e+01
tdc = 8.144030e+01
Doing analysis at TEMP = 27.000000 and TNOM = 27.000000

Using SPARSE 1.3 as Direct Linear Solver

No. of Data Rows : 801
fcross              =  1.93651e+06
Note: Starting dynamic gmin stepping
Warning: Dynamic gmin stepping failed
Note: Starting true gmin stepping
Warning: True gmin stepping failed
Note: Starting source stepping
Note: Source stepping completed
pmarg               =  6.80595e+01
tdc                 =  8.14403e+01
mode=3db  rload=100k  rsrc=2.5k  pos=1  C=220p
fcross = 1.936512e+06
pmarg = 6.805946e+01
tdc = 8.144030e+01
Doing analysis at TEMP = 27.000000 and TNOM = 27.000000

Using SPARSE 1.3 as Direct Linear Solver

No. of Data Rows : 801
fcross              =  1.91319e+06
Note: Starting dynamic gmin stepping
Warning: Dynamic gmin stepping failed
Note: Starting true gmin stepping
Warning: True gmin stepping failed
Note: Starting source stepping
Note: Source stepping completed
pmarg               =  6.65380e+01
tdc                 =  8.14403e+01
mode=3db  rload=100k  rsrc=2.5k  pos=1  C=470p
fcross = 1.913188e+06
pmarg = 6.653801e+01
tdc = 8.144030e+01
Doing analysis at TEMP = 27.000000 and TNOM = 27.000000

Using SPARSE 1.3 as Direct Linear Solver

No. of Data Rows : 801
fcross              =  1.83289e+06
Note: Starting dynamic gmin stepping
Warning: Dynamic gmin stepping failed
Note: Starting true gmin stepping
Warning: True gmin stepping failed
Note: Starting source stepping
Note: Source stepping completed
pmarg               =  6.51928e+01
tdc                 =  8.14403e+01
mode=3db  rload=100k  rsrc=2.5k  pos=1  C=1n
fcross = 1.832895e+06
pmarg = 6.519285e+01
tdc = 8.144030e+01
Doing analysis at TEMP = 27.000000 and TNOM = 27.000000

Using SPARSE 1.3 as Direct Linear Solver

No. of Data Rows : 801
fcross              =  1.76136e+06
Note: Starting dynamic gmin stepping
Warning: Dynamic gmin stepping failed
Note: Starting true gmin stepping
Warning: True gmin stepping failed
Note: Starting source stepping
Note: Source stepping completed
pmarg               =  6.53241e+01
tdc                 =  8.14403e+01
mode=3db  rload=100k  rsrc=2.5k  pos=1  C=1.5n
fcross = 1.761360e+06
pmarg = 6.532406e+01
tdc = 8.144030e+01
Doing analysis at TEMP = 27.000000 and TNOM = 27.000000

Using SPARSE 1.3 as Direct Linear Solver

No. of Data Rows : 801
fcross              =  1.68888e+06
Note: Starting dynamic gmin stepping
Warning: Dynamic gmin stepping failed
Note: Starting true gmin stepping
Warning: True gmin stepping failed
Note: Starting source stepping
Note: Source stepping completed
pmarg               =  6.62488e+01
tdc                 =  8.14403e+01
mode=3db  rload=100k  rsrc=2.5k  pos=1  C=2.2n
fcross = 1.688880e+06
pmarg = 6.624878e+01
tdc = 8.144030e+01
Doing analysis at TEMP = 27.000000 and TNOM = 27.000000

Using SPARSE 1.3 as Direct Linear Solver

No. of Data Rows : 801
fcross              =  1.65332e+06
Note: Starting dynamic gmin stepping
Warning: Dynamic gmin stepping failed
Note: Starting true gmin stepping
Warning: True gmin stepping failed
Note: Starting source stepping
Note: Source stepping completed
pmarg               =  6.70025e+01
tdc                 =  8.14403e+01
mode=3db  rload=100k  rsrc=2.5k  pos=1  C=2.7n
fcross = 1.653324e+06
pmarg = 6.700252e+01
tdc = 8.144030e+01
Doing analysis at TEMP = 27.000000 and TNOM = 27.000000

Using SPARSE 1.3 as Direct Linear Solver

No. of Data Rows : 801
fcross              =  1.62270e+06
Note: Starting dynamic gmin stepping
Warning: Dynamic gmin stepping failed
Note: Starting true gmin stepping
Warning: True gmin stepping failed
Note: Starting source stepping
Note: Source stepping completed
pmarg               =  6.78444e+01
tdc                 =  8.14403e+01
mode=3db  rload=100k  rsrc=2.5k  pos=1  C=3.3n
fcross = 1.622701e+06
pmarg = 6.784444e+01
tdc = 8.144030e+01
Doing analysis at TEMP = 27.000000 and TNOM = 27.000000

Using SPARSE 1.3 as Direct Linear Solver

No. of Data Rows : 801
fcross              =  1.58107e+06
Note: Starting dynamic gmin stepping
Warning: Dynamic gmin stepping failed
Note: Starting true gmin stepping
Warning: True gmin stepping failed
Note: Starting source stepping
Note: Source stepping completed
pmarg               =  6.93862e+01
tdc                 =  8.14403e+01
mode=3db  rload=100k  rsrc=2.5k  pos=1  C=4.7n
fcross = 1.581067e+06
pmarg = 6.938623e+01
tdc = 8.144031e+01
Doing analysis at TEMP = 27.000000 and TNOM = 27.000000

Using SPARSE 1.3 as Direct Linear Solver

No. of Data Rows : 801
fcross              =  1.93917e+06
Note: Starting dynamic gmin stepping
Warning: Dynamic gmin stepping failed
Note: Starting true gmin stepping
Warning: True gmin stepping failed
Note: Starting source stepping
Note: Source stepping completed
pmarg               =  6.98403e+01
tdc                 =  8.14403e+01
mode=3db  rload=100k  rsrc=2.5k  pos=2  C=1f
fcross = 1.939167e+06
pmarg = 6.984032e+01
tdc = 8.144030e+01
Doing analysis at TEMP = 27.000000 and TNOM = 27.000000

Using SPARSE 1.3 as Direct Linear Solver

No. of Data Rows : 801
fcross              =  1.94058e+06
Note: Starting dynamic gmin stepping
Warning: Dynamic gmin stepping failed
Note: Starting true gmin stepping
Warning: True gmin stepping failed
Note: Starting source stepping
Note: Source stepping completed
pmarg               =  6.94303e+01
tdc                 =  8.14403e+01
mode=3db  rload=100k  rsrc=2.5k  pos=2  C=47p
fcross = 1.940580e+06
pmarg = 6.943025e+01
tdc = 8.144030e+01
Doing analysis at TEMP = 27.000000 and TNOM = 27.000000

Using SPARSE 1.3 as Direct Linear Solver

No. of Data Rows : 801
fcross              =  1.94206e+06
Note: Starting dynamic gmin stepping
Warning: Dynamic gmin stepping failed
Note: Starting true gmin stepping
Warning: True gmin stepping failed
Note: Starting source stepping
Note: Source stepping completed
pmarg               =  6.89680e+01
tdc                 =  8.14403e+01
mode=3db  rload=100k  rsrc=2.5k  pos=2  C=100p
fcross = 1.942061e+06
pmarg = 6.896804e+01
tdc = 8.144030e+01
Doing analysis at TEMP = 27.000000 and TNOM = 27.000000

Using SPARSE 1.3 as Direct Linear Solver

No. of Data Rows : 801
fcross              =  1.94497e+06
Note: Starting dynamic gmin stepping
Warning: Dynamic gmin stepping failed
Note: Starting true gmin stepping
Warning: True gmin stepping failed
Note: Starting source stepping
Note: Source stepping completed
pmarg               =  6.79232e+01
tdc                 =  8.14403e+01
mode=3db  rload=100k  rsrc=2.5k  pos=2  C=220p
fcross = 1.944971e+06
pmarg = 6.792315e+01
tdc = 8.144030e+01
Doing analysis at TEMP = 27.000000 and TNOM = 27.000000

Using SPARSE 1.3 as Direct Linear Solver

No. of Data Rows : 801
fcross              =  1.94899e+06
Note: Starting dynamic gmin stepping
Warning: Dynamic gmin stepping failed
Note: Starting true gmin stepping
Warning: True gmin stepping failed
Note: Starting source stepping
Note: Source stepping completed
pmarg               =  6.57603e+01
tdc                 =  8.14403e+01
mode=3db  rload=100k  rsrc=2.5k  pos=2  C=470p
fcross = 1.948988e+06
pmarg = 6.576027e+01
tdc = 8.144030e+01
Doing analysis at TEMP = 27.000000 and TNOM = 27.000000

Using SPARSE 1.3 as Direct Linear Solver
 Reference value :  1.00000e+00
No. of Data Rows : 801
fcross              =  1.94807e+06
Note: Starting dynamic gmin stepping
Warning: Dynamic gmin stepping failed
Note: Starting true gmin stepping
Warning: True gmin stepping failed
Note: Starting source stepping
Note: Source stepping completed
pmarg               =  6.13011e+01
tdc                 =  8.14403e+01
mode=3db  rload=100k  rsrc=2.5k  pos=2  C=1n
fcross = 1.948070e+06
pmarg = 6.130107e+01
tdc = 8.144030e+01
Doing analysis at TEMP = 27.000000 and TNOM = 27.000000

Using SPARSE 1.3 as Direct Linear Solver

No. of Data Rows : 801
fcross              =  1.93563e+06
Note: Starting dynamic gmin stepping
Warning: Dynamic gmin stepping failed
Note: Starting true gmin stepping
Warning: True gmin stepping failed
Note: Starting source stepping
Note: Source stepping completed
pmarg               =  5.73539e+01
tdc                 =  8.14403e+01
mode=3db  rload=100k  rsrc=2.5k  pos=2  C=1.5n
fcross = 1.935633e+06
pmarg = 5.735389e+01
tdc = 8.144029e+01
Doing analysis at TEMP = 27.000000 and TNOM = 27.000000

Using SPARSE 1.3 as Direct Linear Solver

No. of Data Rows : 801
fcross              =  1.90185e+06
Note: Starting dynamic gmin stepping
Warning: Dynamic gmin stepping failed
Note: Starting true gmin stepping
Warning: True gmin stepping failed
Note: Starting source stepping
Note: Source stepping completed
pmarg               =  5.24119e+01
tdc                 =  8.14403e+01
mode=3db  rload=100k  rsrc=2.5k  pos=2  C=2.2n
fcross = 1.901851e+06
pmarg = 5.241193e+01
tdc = 8.144029e+01
Doing analysis at TEMP = 27.000000 and TNOM = 27.000000

Using SPARSE 1.3 as Direct Linear Solver

No. of Data Rows : 801
fcross              =  1.86935e+06
Note: Starting dynamic gmin stepping
Warning: Dynamic gmin stepping failed
Note: Starting true gmin stepping
Warning: True gmin stepping failed
Note: Starting source stepping
Note: Source stepping completed
pmarg               =  4.93367e+01
tdc                 =  8.14403e+01
mode=3db  rload=100k  rsrc=2.5k  pos=2  C=2.7n
fcross = 1.869348e+06
pmarg = 4.933668e+01
tdc = 8.144029e+01
Doing analysis at TEMP = 27.000000 and TNOM = 27.000000

Using SPARSE 1.3 as Direct Linear Solver

No. of Data Rows : 801
fcross              =  1.82466e+06
Note: Starting dynamic gmin stepping
Warning: Dynamic gmin stepping failed
Note: Starting true gmin stepping
Warning: True gmin stepping failed
Note: Starting source stepping
Note: Source stepping completed
pmarg               =  4.61334e+01
tdc                 =  8.14403e+01
mode=3db  rload=100k  rsrc=2.5k  pos=2  C=3.3n
fcross = 1.824658e+06
pmarg = 4.613344e+01
tdc = 8.144029e+01
Doing analysis at TEMP = 27.000000 and TNOM = 27.000000

Using SPARSE 1.3 as Direct Linear Solver

No. of Data Rows : 801
fcross              =  1.71248e+06
pmarg               =  4.03841e+01
tdc                 =  8.14403e+01
mode=3db  rload=100k  rsrc=2.5k  pos=2  C=4.7n
fcross = 1.712478e+06
pmarg = 4.038414e+01
tdc = 8.144028e+01
Doing analysis at TEMP = 27.000000 and TNOM = 27.000000

Using SPARSE 1.3 as Direct Linear Solver

No. of Data Rows : 801
fcross              =  1.93901e+06
pmarg               =  6.97995e+01
tdc                 =  8.14403e+01
mode=3db  rload=100k  rsrc=2.571k  pos=1  C=1f
fcross = 1.939014e+06
pmarg = 6.979950e+01
tdc = 8.144030e+01
Doing analysis at TEMP = 27.000000 and TNOM = 27.000000

Using SPARSE 1.3 as Direct Linear Solver

No. of Data Rows : 801
fcross              =  1.94004e+06
pmarg               =  6.93946e+01
tdc                 =  8.14403e+01
mode=3db  rload=100k  rsrc=2.571k  pos=1  C=47p
fcross = 1.940037e+06
pmarg = 6.939455e+01
tdc = 8.144030e+01
Doing analysis at TEMP = 27.000000 and TNOM = 27.000000

Using SPARSE 1.3 as Direct Linear Solver

No. of Data Rows : 801
fcross              =  1.94014e+06
pmarg               =  6.89513e+01
tdc                 =  8.14403e+01
mode=3db  rload=100k  rsrc=2.571k  pos=1  C=100p
fcross = 1.940144e+06
pmarg = 6.895132e+01
tdc = 8.144030e+01
Doing analysis at TEMP = 27.000000 and TNOM = 27.000000

Using SPARSE 1.3 as Direct Linear Solver

No. of Data Rows : 801
fcross              =  1.93636e+06
pmarg               =  6.80188e+01
tdc                 =  8.14403e+01
mode=3db  rload=100k  rsrc=2.571k  pos=1  C=220p
fcross = 1.936360e+06
pmarg = 6.801882e+01
tdc = 8.144030e+01
Doing analysis at TEMP = 27.000000 and TNOM = 27.000000

Using SPARSE 1.3 as Direct Linear Solver

No. of Data Rows : 801
fcross              =  1.91304e+06
pmarg               =  6.64979e+01
tdc                 =  8.14403e+01
mode=3db  rload=100k  rsrc=2.571k  pos=1  C=470p
fcross = 1.913043e+06
pmarg = 6.649790e+01
tdc = 8.144030e+01
Doing analysis at TEMP = 27.000000 and TNOM = 27.000000

Using SPARSE 1.3 as Direct Linear Solver

No. of Data Rows : 801
fcross              =  1.83277e+06
pmarg               =  6.51542e+01
tdc                 =  8.14403e+01
mode=3db  rload=100k  rsrc=2.571k  pos=1  C=1n
fcross = 1.832775e+06
pmarg = 6.515416e+01
tdc = 8.144030e+01
Doing analysis at TEMP = 27.000000 and TNOM = 27.000000

Using SPARSE 1.3 as Direct Linear Solver

No. of Data Rows : 801
fcross              =  1.76126e+06
pmarg               =  6.52866e+01
tdc                 =  8.14403e+01
mode=3db  rload=100k  rsrc=2.571k  pos=1  C=1.5n
fcross = 1.761256e+06
pmarg = 6.528661e+01
tdc = 8.144030e+01
Doing analysis at TEMP = 27.000000 and TNOM = 27.000000

Using SPARSE 1.3 as Direct Linear Solver

No. of Data Rows : 801
fcross              =  1.68879e+06
pmarg               =  6.62126e+01
tdc                 =  8.14403e+01
mode=3db  rload=100k  rsrc=2.571k  pos=1  C=2.2n
fcross = 1.688790e+06
pmarg = 6.621265e+01
tdc = 8.144030e+01
Doing analysis at TEMP = 27.000000 and TNOM = 27.000000

Using SPARSE 1.3 as Direct Linear Solver

No. of Data Rows : 801
fcross              =  1.65324e+06
pmarg               =  6.69671e+01
tdc                 =  8.14403e+01
mode=3db  rload=100k  rsrc=2.571k  pos=1  C=2.7n
fcross = 1.653239e+06
pmarg = 6.696705e+01
tdc = 8.144031e+01
Doing analysis at TEMP = 27.000000 and TNOM = 27.000000

Using SPARSE 1.3 as Direct Linear Solver

No. of Data Rows : 801
fcross              =  1.62262e+06
pmarg               =  6.78096e+01
tdc                 =  8.14403e+01
mode=3db  rload=100k  rsrc=2.571k  pos=1  C=3.3n
fcross = 1.622618e+06
pmarg = 6.780959e+01
tdc = 8.144031e+01
Doing analysis at TEMP = 27.000000 and TNOM = 27.000000

Using SPARSE 1.3 as Direct Linear Solver

No. of Data Rows : 801
fcross              =  1.58099e+06
pmarg               =  6.93522e+01
tdc                 =  8.14403e+01
mode=3db  rload=100k  rsrc=2.571k  pos=1  C=4.7n
fcross = 1.580989e+06
pmarg = 6.935221e+01
tdc = 8.144031e+01
Doing analysis at TEMP = 27.000000 and TNOM = 27.000000

Using SPARSE 1.3 as Direct Linear Solver

No. of Data Rows : 801
fcross              =  1.93901e+06
pmarg               =  6.97995e+01
tdc                 =  8.14403e+01
mode=3db  rload=100k  rsrc=2.571k  pos=2  C=1f
fcross = 1.939014e+06
pmarg = 6.979950e+01
tdc = 8.144030e+01
Doing analysis at TEMP = 27.000000 and TNOM = 27.000000

Using SPARSE 1.3 as Direct Linear Solver

No. of Data Rows : 801
fcross              =  1.94043e+06
pmarg               =  6.93894e+01
tdc                 =  8.14403e+01
mode=3db  rload=100k  rsrc=2.571k  pos=2  C=47p
fcross = 1.940426e+06
pmarg = 6.938944e+01
tdc = 8.144030e+01
Doing analysis at TEMP = 27.000000 and TNOM = 27.000000

Using SPARSE 1.3 as Direct Linear Solver

No. of Data Rows : 801
fcross              =  1.94191e+06
pmarg               =  6.89272e+01
tdc                 =  8.14403e+01
mode=3db  rload=100k  rsrc=2.571k  pos=2  C=100p
fcross = 1.941908e+06
pmarg = 6.892724e+01
tdc = 8.144030e+01
Doing analysis at TEMP = 27.000000 and TNOM = 27.000000

Using SPARSE 1.3 as Direct Linear Solver

No. of Data Rows : 801
fcross              =  1.94482e+06
pmarg               =  6.78824e+01
tdc                 =  8.14403e+01
mode=3db  rload=100k  rsrc=2.571k  pos=2  C=220p
fcross = 1.944816e+06
pmarg = 6.788237e+01
tdc = 8.144030e+01
Doing analysis at TEMP = 27.000000 and TNOM = 27.000000

Using SPARSE 1.3 as Direct Linear Solver

No. of Data Rows : 801
fcross              =  1.94883e+06
pmarg               =  6.57196e+01
tdc                 =  8.14403e+01
mode=3db  rload=100k  rsrc=2.571k  pos=2  C=470p
fcross = 1.948833e+06
pmarg = 6.571959e+01
tdc = 8.144030e+01
Doing analysis at TEMP = 27.000000 and TNOM = 27.000000

Using SPARSE 1.3 as Direct Linear Solver

No. of Data Rows : 801
fcross              =  1.94791e+06
pmarg               =  6.12608e+01
tdc                 =  8.14403e+01
mode=3db  rload=100k  rsrc=2.571k  pos=2  C=1n
fcross = 1.947915e+06
pmarg = 6.126076e+01
tdc = 8.144030e+01
Doing analysis at TEMP = 27.000000 and TNOM = 27.000000

Using SPARSE 1.3 as Direct Linear Solver

No. of Data Rows : 801
fcross              =  1.93548e+06
pmarg               =  5.73141e+01
tdc                 =  8.14403e+01
mode=3db  rload=100k  rsrc=2.571k  pos=2  C=1.5n
fcross = 1.935482e+06
pmarg = 5.731410e+01
tdc = 8.144030e+01
Doing analysis at TEMP = 27.000000 and TNOM = 27.000000

Using SPARSE 1.3 as Direct Linear Solver

No. of Data Rows : 801
fcross              =  1.90171e+06
pmarg               =  5.23730e+01
tdc                 =  8.14403e+01
mode=3db  rload=100k  rsrc=2.571k  pos=2  C=2.2n
fcross = 1.901713e+06
pmarg = 5.237302e+01
tdc = 8.144029e+01
Doing analysis at TEMP = 27.000000 and TNOM = 27.000000

Using SPARSE 1.3 as Direct Linear Solver

No. of Data Rows : 801
fcross              =  1.86922e+06
pmarg               =  4.92985e+01
tdc                 =  8.14403e+01
mode=3db  rload=100k  rsrc=2.571k  pos=2  C=2.7n
fcross = 1.869219e+06
pmarg = 4.929850e+01
tdc = 8.144029e+01
Doing analysis at TEMP = 27.000000 and TNOM = 27.000000

Using SPARSE 1.3 as Direct Linear Solver

No. of Data Rows : 801
fcross              =  1.82454e+06
pmarg               =  4.60961e+01
tdc                 =  8.14403e+01
mode=3db  rload=100k  rsrc=2.571k  pos=2  C=3.3n
fcross = 1.824544e+06
pmarg = 4.609613e+01
tdc = 8.144029e+01
Doing analysis at TEMP = 27.000000 and TNOM = 27.000000

Using SPARSE 1.3 as Direct Linear Solver

No. of Data Rows : 801
fcross              =  1.71239e+06
pmarg               =  4.03488e+01
tdc                 =  8.14403e+01
mode=3db  rload=100k  rsrc=2.571k  pos=2  C=4.7n
fcross = 1.712392e+06
pmarg = 4.034885e+01
tdc = 8.144028e+01
Doing analysis at TEMP = 27.000000 and TNOM = 27.000000

Using SPARSE 1.3 as Direct Linear Solver

No. of Data Rows : 801
fcross              =  1.93893e+06
pmarg               =  6.97765e+01
tdc                 =  8.14403e+01
mode=3db  rload=100k  rsrc=2.611k  pos=1  C=1f
fcross = 1.938927e+06
pmarg = 6.977652e+01
tdc = 8.144030e+01
Doing analysis at TEMP = 27.000000 and TNOM = 27.000000

Using SPARSE 1.3 as Direct Linear Solver

No. of Data Rows : 801
fcross              =  1.93995e+06
pmarg               =  6.93716e+01
tdc                 =  8.14403e+01
mode=3db  rload=100k  rsrc=2.611k  pos=1  C=47p
fcross = 1.939950e+06
pmarg = 6.937158e+01
tdc = 8.144030e+01
Doing analysis at TEMP = 27.000000 and TNOM = 27.000000

Using SPARSE 1.3 as Direct Linear Solver

No. of Data Rows : 801
fcross              =  1.94006e+06
pmarg               =  6.89284e+01
tdc                 =  8.14403e+01
mode=3db  rload=100k  rsrc=2.611k  pos=1  C=100p
fcross = 1.940057e+06
pmarg = 6.892837e+01
tdc = 8.144030e+01
Doing analysis at TEMP = 27.000000 and TNOM = 27.000000

Using SPARSE 1.3 as Direct Linear Solver

No. of Data Rows : 801
fcross              =  1.93627e+06
pmarg               =  6.79960e+01
tdc                 =  8.14403e+01
mode=3db  rload=100k  rsrc=2.611k  pos=1  C=220p
fcross = 1.936274e+06
pmarg = 6.799595e+01
tdc = 8.144030e+01
Doing analysis at TEMP = 27.000000 and TNOM = 27.000000

Using SPARSE 1.3 as Direct Linear Solver

No. of Data Rows : 801
fcross              =  1.91296e+06
pmarg               =  6.64753e+01
tdc                 =  8.14403e+01
mode=3db  rload=100k  rsrc=2.611k  pos=1  C=470p
fcross = 1.912961e+06
pmarg = 6.647532e+01
tdc = 8.144030e+01
Doing analysis at TEMP = 27.000000 and TNOM = 27.000000

Using SPARSE 1.3 as Direct Linear Solver

No. of Data Rows : 801
fcross              =  1.83271e+06
pmarg               =  6.51324e+01
tdc                 =  8.14403e+01
mode=3db  rload=100k  rsrc=2.611k  pos=1  C=1n
fcross = 1.832707e+06
pmarg = 6.513237e+01
tdc = 8.144030e+01
Doing analysis at TEMP = 27.000000 and TNOM = 27.000000

Using SPARSE 1.3 as Direct Linear Solver

No. of Data Rows : 801
fcross              =  1.76120e+06
pmarg               =  6.52655e+01
tdc                 =  8.14403e+01
mode=3db  rload=100k  rsrc=2.611k  pos=1  C=1.5n
fcross = 1.761198e+06
pmarg = 6.526553e+01
tdc = 8.144030e+01
Doing analysis at TEMP = 27.000000 and TNOM = 27.000000

Using SPARSE 1.3 as Direct Linear Solver

No. of Data Rows : 801
fcross              =  1.68874e+06
pmarg               =  6.61923e+01
tdc                 =  8.14403e+01
mode=3db  rload=100k  rsrc=2.611k  pos=1  C=2.2n
fcross = 1.688739e+06
pmarg = 6.619230e+01
tdc = 8.144030e+01
Doing analysis at TEMP = 27.000000 and TNOM = 27.000000

Using SPARSE 1.3 as Direct Linear Solver

No. of Data Rows : 801
fcross              =  1.65319e+06
pmarg               =  6.69471e+01
tdc                 =  8.14403e+01
mode=3db  rload=100k  rsrc=2.611k  pos=1  C=2.7n
fcross = 1.653190e+06
pmarg = 6.694708e+01
tdc = 8.144031e+01
Doing analysis at TEMP = 27.000000 and TNOM = 27.000000

Using SPARSE 1.3 as Direct Linear Solver

No. of Data Rows : 801
fcross              =  1.62257e+06
pmarg               =  6.77900e+01
tdc                 =  8.14403e+01
mode=3db  rload=100k  rsrc=2.611k  pos=1  C=3.3n
fcross = 1.622570e+06
pmarg = 6.778996e+01
tdc = 8.144031e+01
Doing analysis at TEMP = 27.000000 and TNOM = 27.000000

Using SPARSE 1.3 as Direct Linear Solver

No. of Data Rows : 801
fcross              =  1.58095e+06
pmarg               =  6.93330e+01
tdc                 =  8.14403e+01
mode=3db  rload=100k  rsrc=2.611k  pos=1  C=4.7n
fcross = 1.580946e+06
pmarg = 6.933304e+01
tdc = 8.144031e+01
Doing analysis at TEMP = 27.000000 and TNOM = 27.000000

Using SPARSE 1.3 as Direct Linear Solver

No. of Data Rows : 801
fcross              =  1.93893e+06
pmarg               =  6.97765e+01
tdc                 =  8.14403e+01
mode=3db  rload=100k  rsrc=2.611k  pos=2  C=1f
fcross = 1.938927e+06
pmarg = 6.977652e+01
tdc = 8.144030e+01
Doing analysis at TEMP = 27.000000 and TNOM = 27.000000

Using SPARSE 1.3 as Direct Linear Solver

No. of Data Rows : 801
fcross              =  1.94034e+06
pmarg               =  6.93665e+01
tdc                 =  8.14403e+01
mode=3db  rload=100k  rsrc=2.611k  pos=2  C=47p
fcross = 1.940339e+06
pmarg = 6.936646e+01
tdc = 8.144030e+01
Doing analysis at TEMP = 27.000000 and TNOM = 27.000000

Using SPARSE 1.3 as Direct Linear Solver

No. of Data Rows : 801
fcross              =  1.94182e+06
pmarg               =  6.89043e+01
tdc                 =  8.14403e+01
mode=3db  rload=100k  rsrc=2.611k  pos=2  C=100p
fcross = 1.941821e+06
pmarg = 6.890427e+01
tdc = 8.144030e+01
Doing analysis at TEMP = 27.000000 and TNOM = 27.000000

Using SPARSE 1.3 as Direct Linear Solver

No. of Data Rows : 801
fcross              =  1.94473e+06
pmarg               =  6.78594e+01
tdc                 =  8.14403e+01
mode=3db  rload=100k  rsrc=2.611k  pos=2  C=220p
fcross = 1.944729e+06
pmarg = 6.785942e+01
tdc = 8.144030e+01
Doing analysis at TEMP = 27.000000 and TNOM = 27.000000

Using SPARSE 1.3 as Direct Linear Solver

No. of Data Rows : 801
fcross              =  1.94874e+06
pmarg               =  6.56967e+01
tdc                 =  8.14403e+01
mode=3db  rload=100k  rsrc=2.611k  pos=2  C=470p
fcross = 1.948744e+06
pmarg = 6.569669e+01
tdc = 8.144030e+01
Doing analysis at TEMP = 27.000000 and TNOM = 27.000000

Using SPARSE 1.3 as Direct Linear Solver

No. of Data Rows : 801
fcross              =  1.94783e+06
pmarg               =  6.12381e+01
tdc                 =  8.14403e+01
mode=3db  rload=100k  rsrc=2.611k  pos=2  C=1n
fcross = 1.947827e+06
pmarg = 6.123808e+01
tdc = 8.144030e+01
Doing analysis at TEMP = 27.000000 and TNOM = 27.000000

Using SPARSE 1.3 as Direct Linear Solver

No. of Data Rows : 801
fcross              =  1.93540e+06
pmarg               =  5.72917e+01
tdc                 =  8.14403e+01
mode=3db  rload=100k  rsrc=2.611k  pos=2  C=1.5n
fcross = 1.935396e+06
pmarg = 5.729171e+01
tdc = 8.144030e+01
Doing analysis at TEMP = 27.000000 and TNOM = 27.000000

Using SPARSE 1.3 as Direct Linear Solver

No. of Data Rows : 801
fcross              =  1.90164e+06
pmarg               =  5.23511e+01
tdc                 =  8.14403e+01
mode=3db  rload=100k  rsrc=2.611k  pos=2  C=2.2n
fcross = 1.901635e+06
pmarg = 5.235111e+01
tdc = 8.144029e+01
Doing analysis at TEMP = 27.000000 and TNOM = 27.000000

Using SPARSE 1.3 as Direct Linear Solver

No. of Data Rows : 801
fcross              =  1.86915e+06
pmarg               =  4.92770e+01
tdc                 =  8.14403e+01
mode=3db  rload=100k  rsrc=2.611k  pos=2  C=2.7n
fcross = 1.869146e+06
pmarg = 4.927702e+01
tdc = 8.144029e+01
Doing analysis at TEMP = 27.000000 and TNOM = 27.000000

Using SPARSE 1.3 as Direct Linear Solver

No. of Data Rows : 801
fcross              =  1.82448e+06
pmarg               =  4.60751e+01
tdc                 =  8.14403e+01
mode=3db  rload=100k  rsrc=2.611k  pos=2  C=3.3n
fcross = 1.824479e+06
pmarg = 4.607513e+01
tdc = 8.144029e+01
Doing analysis at TEMP = 27.000000 and TNOM = 27.000000

Using SPARSE 1.3 as Direct Linear Solver

No. of Data Rows : 801
fcross              =  1.71234e+06
pmarg               =  4.03290e+01
tdc                 =  8.14403e+01
mode=3db  rload=100k  rsrc=2.611k  pos=2  C=4.7n
fcross = 1.712344e+06
pmarg = 4.032898e+01
tdc = 8.144028e+01
Doing analysis at TEMP = 27.000000 and TNOM = 27.000000

Using SPARSE 1.3 as Direct Linear Solver

No. of Data Rows : 801
fcross              =  1.93992e+06
pmarg               =  7.13440e+01
tdc                 =  8.13680e+01
mode=3db  rload=10k  rsrc=1m  pos=1  C=1f
fcross = 1.939919e+06
pmarg = 7.134398e+01
tdc = 8.136801e+01
Doing analysis at TEMP = 27.000000 and TNOM = 27.000000

Using SPARSE 1.3 as Direct Linear Solver

No. of Data Rows : 801
fcross              =  1.94094e+06
pmarg               =  7.09435e+01
tdc                 =  8.13680e+01
mode=3db  rload=10k  rsrc=1m  pos=1  C=47p
fcross = 1.940936e+06
pmarg = 7.094346e+01
tdc = 8.136801e+01
Doing analysis at TEMP = 27.000000 and TNOM = 27.000000

Using SPARSE 1.3 as Direct Linear Solver

No. of Data Rows : 801
fcross              =  1.94105e+06
pmarg               =  7.05042e+01
tdc                 =  8.13680e+01
mode=3db  rload=10k  rsrc=1m  pos=1  C=100p
fcross = 1.941047e+06
pmarg = 7.050424e+01
tdc = 8.136801e+01
Doing analysis at TEMP = 27.000000 and TNOM = 27.000000

Using SPARSE 1.3 as Direct Linear Solver
 Reference value :  8.12831e+03
No. of Data Rows : 801
fcross              =  1.93731e+06
pmarg               =  6.95768e+01
tdc                 =  8.13680e+01
mode=3db  rload=10k  rsrc=1m  pos=1  C=220p
fcross = 1.937314e+06
pmarg = 6.957677e+01
tdc = 8.136801e+01
Doing analysis at TEMP = 27.000000 and TNOM = 27.000000

Using SPARSE 1.3 as Direct Linear Solver

No. of Data Rows : 801
fcross              =  1.91423e+06
pmarg               =  6.80486e+01
tdc                 =  8.13680e+01
mode=3db  rload=10k  rsrc=1m  pos=1  C=470p
fcross = 1.914230e+06
pmarg = 6.804856e+01
tdc = 8.136802e+01
Doing analysis at TEMP = 27.000000 and TNOM = 27.000000

Using SPARSE 1.3 as Direct Linear Solver

No. of Data Rows : 801
fcross              =  1.83446e+06
pmarg               =  6.66445e+01
tdc                 =  8.13680e+01
mode=3db  rload=10k  rsrc=1m  pos=1  C=1n
fcross = 1.834461e+06
pmarg = 6.664452e+01
tdc = 8.136804e+01
Doing analysis at TEMP = 27.000000 and TNOM = 27.000000

Using SPARSE 1.3 as Direct Linear Solver

No. of Data Rows : 801
fcross              =  1.76315e+06
pmarg               =  6.67138e+01
tdc                 =  8.13680e+01
mode=3db  rload=10k  rsrc=1m  pos=1  C=1.5n
fcross = 1.763154e+06
pmarg = 6.671378e+01
tdc = 8.136805e+01
Doing analysis at TEMP = 27.000000 and TNOM = 27.000000

Using SPARSE 1.3 as Direct Linear Solver

No. of Data Rows : 801
fcross              =  1.69074e+06
pmarg               =  6.75730e+01
tdc                 =  8.13681e+01
mode=3db  rload=10k  rsrc=1m  pos=1  C=2.2n
fcross = 1.690740e+06
pmarg = 6.757300e+01
tdc = 8.136807e+01
Doing analysis at TEMP = 27.000000 and TNOM = 27.000000

Using SPARSE 1.3 as Direct Linear Solver

No. of Data Rows : 801
fcross              =  1.65516e+06
pmarg               =  6.82943e+01
tdc                 =  8.13681e+01
mode=3db  rload=10k  rsrc=1m  pos=1  C=2.7n
fcross = 1.655161e+06
pmarg = 6.829427e+01
tdc = 8.136808e+01
Doing analysis at TEMP = 27.000000 and TNOM = 27.000000

Using SPARSE 1.3 as Direct Linear Solver

No. of Data Rows : 801
fcross              =  1.62453e+06
pmarg               =  6.91079e+01
tdc                 =  8.13681e+01
mode=3db  rload=10k  rsrc=1m  pos=1  C=3.3n
fcross = 1.624530e+06
pmarg = 6.910791e+01
tdc = 8.136810e+01
Doing analysis at TEMP = 27.000000 and TNOM = 27.000000

Using SPARSE 1.3 as Direct Linear Solver

No. of Data Rows : 801
fcross              =  1.58275e+06
pmarg               =  7.06123e+01
tdc                 =  8.13681e+01
mode=3db  rload=10k  rsrc=1m  pos=1  C=4.7n
fcross = 1.582751e+06
pmarg = 7.061235e+01
tdc = 8.136814e+01
Doing analysis at TEMP = 27.000000 and TNOM = 27.000000

Using SPARSE 1.3 as Direct Linear Solver

No. of Data Rows : 801
fcross              =  1.93992e+06
pmarg               =  7.13440e+01
tdc                 =  8.13680e+01
mode=3db  rload=10k  rsrc=1m  pos=2  C=1f
fcross = 1.939919e+06
pmarg = 7.134398e+01
tdc = 8.136801e+01
Doing analysis at TEMP = 27.000000 and TNOM = 27.000000

Using SPARSE 1.3 as Direct Linear Solver

No. of Data Rows : 801
fcross              =  1.94133e+06
pmarg               =  7.09353e+01
tdc                 =  8.13680e+01
mode=3db  rload=10k  rsrc=1m  pos=2  C=47p
fcross = 1.941333e+06
pmarg = 7.093527e+01
tdc = 8.136801e+01
Doing analysis at TEMP = 27.000000 and TNOM = 27.000000

Using SPARSE 1.3 as Direct Linear Solver

No. of Data Rows : 801
fcross              =  1.94282e+06
pmarg               =  7.04745e+01
tdc                 =  8.13680e+01
mode=3db  rload=10k  rsrc=1m  pos=2  C=100p
fcross = 1.942817e+06
pmarg = 7.047450e+01
tdc = 8.136801e+01
Doing analysis at TEMP = 27.000000 and TNOM = 27.000000

Using SPARSE 1.3 as Direct Linear Solver

No. of Data Rows : 801
fcross              =  1.94573e+06
pmarg               =  6.94326e+01
tdc                 =  8.13680e+01
mode=3db  rload=10k  rsrc=1m  pos=2  C=220p
fcross = 1.945730e+06
pmarg = 6.943256e+01
tdc = 8.136801e+01
Doing analysis at TEMP = 27.000000 and TNOM = 27.000000

Using SPARSE 1.3 as Direct Linear Solver

No. of Data Rows : 801
fcross              =  1.94975e+06
pmarg               =  6.72743e+01
tdc                 =  8.13680e+01
mode=3db  rload=10k  rsrc=1m  pos=2  C=470p
fcross = 1.949750e+06
pmarg = 6.727428e+01
tdc = 8.136801e+01
Doing analysis at TEMP = 27.000000 and TNOM = 27.000000

Using SPARSE 1.3 as Direct Linear Solver

No. of Data Rows : 801
fcross              =  1.94882e+06
pmarg               =  6.28178e+01
tdc                 =  8.13680e+01
mode=3db  rload=10k  rsrc=1m  pos=2  C=1n
fcross = 1.948822e+06
pmarg = 6.281775e+01
tdc = 8.136800e+01
Doing analysis at TEMP = 27.000000 and TNOM = 27.000000

Using SPARSE 1.3 as Direct Linear Solver

No. of Data Rows : 801
fcross              =  1.93636e+06
pmarg               =  5.88644e+01
tdc                 =  8.13680e+01
mode=3db  rload=10k  rsrc=1m  pos=2  C=1.5n
fcross = 1.936357e+06
pmarg = 5.886435e+01
tdc = 8.136800e+01
Doing analysis at TEMP = 27.000000 and TNOM = 27.000000

Using SPARSE 1.3 as Direct Linear Solver

No. of Data Rows : 801
fcross              =  1.90250e+06
pmarg               =  5.39015e+01
tdc                 =  8.13680e+01
mode=3db  rload=10k  rsrc=1m  pos=2  C=2.2n
fcross = 1.902496e+06
pmarg = 5.390146e+01
tdc = 8.136800e+01
Doing analysis at TEMP = 27.000000 and TNOM = 27.000000

Using SPARSE 1.3 as Direct Linear Solver

No. of Data Rows : 801
fcross              =  1.86994e+06
pmarg               =  5.08044e+01
tdc                 =  8.13680e+01
mode=3db  rload=10k  rsrc=1m  pos=2  C=2.7n
fcross = 1.869940e+06
pmarg = 5.080445e+01
tdc = 8.136800e+01
Doing analysis at TEMP = 27.000000 and TNOM = 27.000000

Using SPARSE 1.3 as Direct Linear Solver

No. of Data Rows : 801
fcross              =  1.82517e+06
pmarg               =  4.75706e+01
tdc                 =  8.13680e+01
mode=3db  rload=10k  rsrc=1m  pos=2  C=3.3n
fcross = 1.825175e+06
pmarg = 4.757062e+01
tdc = 8.136799e+01
Doing analysis at TEMP = 27.000000 and TNOM = 27.000000

Using SPARSE 1.3 as Direct Linear Solver

No. of Data Rows : 801
fcross              =  1.71284e+06
pmarg               =  4.17418e+01
tdc                 =  8.13680e+01
mode=3db  rload=10k  rsrc=1m  pos=2  C=4.7n
fcross = 1.712844e+06
pmarg = 4.174185e+01
tdc = 8.136799e+01
Doing analysis at TEMP = 27.000000 and TNOM = 27.000000

Using SPARSE 1.3 as Direct Linear Solver

No. of Data Rows : 801
fcross              =  1.93926e+06
pmarg               =  7.07425e+01
tdc                 =  8.13680e+01
mode=3db  rload=10k  rsrc=1k  pos=1  C=1f
fcross = 1.939265e+06
pmarg = 7.074249e+01
tdc = 8.136801e+01
Doing analysis at TEMP = 27.000000 and TNOM = 27.000000

Using SPARSE 1.3 as Direct Linear Solver

No. of Data Rows : 801
fcross              =  1.94028e+06
pmarg               =  7.03418e+01
tdc                 =  8.13680e+01
mode=3db  rload=10k  rsrc=1k  pos=1  C=47p
fcross = 1.940281e+06
pmarg = 7.034178e+01
tdc = 8.136801e+01
Doing analysis at TEMP = 27.000000 and TNOM = 27.000000

Using SPARSE 1.3 as Direct Linear Solver

No. of Data Rows : 801
fcross              =  1.94039e+06
pmarg               =  6.99027e+01
tdc                 =  8.13680e+01
mode=3db  rload=10k  rsrc=1k  pos=1  C=100p
fcross = 1.940393e+06
pmarg = 6.990268e+01
tdc = 8.136801e+01
Doing analysis at TEMP = 27.000000 and TNOM = 27.000000

Using SPARSE 1.3 as Direct Linear Solver

No. of Data Rows : 801
fcross              =  1.93666e+06
pmarg               =  6.89766e+01
tdc                 =  8.13680e+01
mode=3db  rload=10k  rsrc=1k  pos=1  C=220p
fcross = 1.936664e+06
pmarg = 6.897661e+01
tdc = 8.136802e+01
Doing analysis at TEMP = 27.000000 and TNOM = 27.000000

Using SPARSE 1.3 as Direct Linear Solver

No. of Data Rows : 801
fcross              =  1.91361e+06
pmarg               =  6.74557e+01
tdc                 =  8.13680e+01
mode=3db  rload=10k  rsrc=1k  pos=1  C=470p
fcross = 1.913610e+06
pmarg = 6.745569e+01
tdc = 8.136802e+01
Doing analysis at TEMP = 27.000000 and TNOM = 27.000000

Using SPARSE 1.3 as Direct Linear Solver

No. of Data Rows : 801
fcross              =  1.83395e+06
pmarg               =  6.60753e+01
tdc                 =  8.13680e+01
mode=3db  rload=10k  rsrc=1k  pos=1  C=1n
fcross = 1.833948e+06
pmarg = 6.607530e+01
tdc = 8.136804e+01
Doing analysis at TEMP = 27.000000 and TNOM = 27.000000

Using SPARSE 1.3 as Direct Linear Solver

No. of Data Rows : 801
fcross              =  1.76271e+06
pmarg               =  6.61656e+01
tdc                 =  8.13681e+01
mode=3db  rload=10k  rsrc=1k  pos=1  C=1.5n
fcross = 1.762712e+06
pmarg = 6.616563e+01
tdc = 8.136805e+01
Doing analysis at TEMP = 27.000000 and TNOM = 27.000000

Using SPARSE 1.3 as Direct Linear Solver

No. of Data Rows : 801
fcross              =  1.69035e+06
pmarg               =  6.70465e+01
tdc                 =  8.13681e+01
mode=3db  rload=10k  rsrc=1k  pos=1  C=2.2n
fcross = 1.690352e+06
pmarg = 6.704646e+01
tdc = 8.136807e+01
Doing analysis at TEMP = 27.000000 and TNOM = 27.000000

Using SPARSE 1.3 as Direct Linear Solver

No. of Data Rows : 801
fcross              =  1.65479e+06
pmarg               =  6.77785e+01
tdc                 =  8.13681e+01
mode=3db  rload=10k  rsrc=1k  pos=1  C=2.7n
fcross = 1.654794e+06
pmarg = 6.777845e+01
tdc = 8.136809e+01
Doing analysis at TEMP = 27.000000 and TNOM = 27.000000

Using SPARSE 1.3 as Direct Linear Solver

No. of Data Rows : 801
fcross              =  1.62417e+06
pmarg               =  6.86015e+01
tdc                 =  8.13681e+01
mode=3db  rload=10k  rsrc=1k  pos=1  C=3.3n
fcross = 1.624171e+06
pmarg = 6.860147e+01
tdc = 8.136810e+01
Doing analysis at TEMP = 27.000000 and TNOM = 27.000000

Using SPARSE 1.3 as Direct Linear Solver

No. of Data Rows : 801
fcross              =  1.58242e+06
pmarg               =  7.01187e+01
tdc                 =  8.13681e+01
mode=3db  rload=10k  rsrc=1k  pos=1  C=4.7n
fcross = 1.582417e+06
pmarg = 7.011871e+01
tdc = 8.136814e+01
Doing analysis at TEMP = 27.000000 and TNOM = 27.000000

Using SPARSE 1.3 as Direct Linear Solver

No. of Data Rows : 801
fcross              =  1.93926e+06
pmarg               =  7.07425e+01
tdc                 =  8.13680e+01
mode=3db  rload=10k  rsrc=1k  pos=2  C=1f
fcross = 1.939265e+06
pmarg = 7.074249e+01
tdc = 8.136801e+01
Doing analysis at TEMP = 27.000000 and TNOM = 27.000000

Using SPARSE 1.3 as Direct Linear Solver

No. of Data Rows : 801
fcross              =  1.94068e+06
pmarg               =  7.03335e+01
tdc                 =  8.13680e+01
mode=3db  rload=10k  rsrc=1k  pos=2  C=47p
fcross = 1.940678e+06
pmarg = 7.033348e+01
tdc = 8.136801e+01
Doing analysis at TEMP = 27.000000 and TNOM = 27.000000

Using SPARSE 1.3 as Direct Linear Solver

No. of Data Rows : 801
fcross              =  1.94216e+06
pmarg               =  6.98724e+01
tdc                 =  8.13680e+01
mode=3db  rload=10k  rsrc=1k  pos=2  C=100p
fcross = 1.942160e+06
pmarg = 6.987241e+01
tdc = 8.136801e+01
Doing analysis at TEMP = 27.000000 and TNOM = 27.000000

Using SPARSE 1.3 as Direct Linear Solver

No. of Data Rows : 801
fcross              =  1.94507e+06
pmarg               =  6.88299e+01
tdc                 =  8.13680e+01
mode=3db  rload=10k  rsrc=1k  pos=2  C=220p
fcross = 1.945069e+06
pmarg = 6.882991e+01
tdc = 8.136801e+01
Doing analysis at TEMP = 27.000000 and TNOM = 27.000000

Using SPARSE 1.3 as Direct Linear Solver

No. of Data Rows : 801
fcross              =  1.94909e+06
pmarg               =  6.66711e+01
tdc                 =  8.13680e+01
mode=3db  rload=10k  rsrc=1k  pos=2  C=470p
fcross = 1.949085e+06
pmarg = 6.667112e+01
tdc = 8.136801e+01
Doing analysis at TEMP = 27.000000 and TNOM = 27.000000

Using SPARSE 1.3 as Direct Linear Solver

No. of Data Rows : 801
fcross              =  1.94816e+06
pmarg               =  6.22163e+01
tdc                 =  8.13680e+01
mode=3db  rload=10k  rsrc=1k  pos=2  C=1n
fcross = 1.948161e+06
pmarg = 6.221629e+01
tdc = 8.136801e+01
Doing analysis at TEMP = 27.000000 and TNOM = 27.000000

Using SPARSE 1.3 as Direct Linear Solver

No. of Data Rows : 801
fcross              =  1.93572e+06
pmarg               =  5.82678e+01
tdc                 =  8.13680e+01
mode=3db  rload=10k  rsrc=1k  pos=2  C=1.5n
fcross = 1.935715e+06
pmarg = 5.826779e+01
tdc = 8.136800e+01
Doing analysis at TEMP = 27.000000 and TNOM = 27.000000

Using SPARSE 1.3 as Direct Linear Solver

No. of Data Rows : 801
fcross              =  1.90191e+06
pmarg               =  5.33160e+01
tdc                 =  8.13680e+01
mode=3db  rload=10k  rsrc=1k  pos=2  C=2.2n
fcross = 1.901914e+06
pmarg = 5.331599e+01
tdc = 8.136800e+01
Doing analysis at TEMP = 27.000000 and TNOM = 27.000000

Using SPARSE 1.3 as Direct Linear Solver

No. of Data Rows : 801
fcross              =  1.86940e+06
pmarg               =  5.02293e+01
tdc                 =  8.13680e+01
mode=3db  rload=10k  rsrc=1k  pos=2  C=2.7n
fcross = 1.869398e+06
pmarg = 5.022927e+01
tdc = 8.136800e+01
Doing analysis at TEMP = 27.000000 and TNOM = 27.000000

Using SPARSE 1.3 as Direct Linear Solver

No. of Data Rows : 801
fcross              =  1.82469e+06
pmarg               =  4.70090e+01
tdc                 =  8.13680e+01
mode=3db  rload=10k  rsrc=1k  pos=2  C=3.3n
fcross = 1.824693e+06
pmarg = 4.700900e+01
tdc = 8.136800e+01
Doing analysis at TEMP = 27.000000 and TNOM = 27.000000

Using SPARSE 1.3 as Direct Linear Solver

No. of Data Rows : 801
fcross              =  1.71249e+06
Note: Starting dynamic gmin stepping
Warning: Dynamic gmin stepping failed
Note: Starting true gmin stepping
Warning: True gmin stepping failed
Note: Starting source stepping
Note: Source stepping completed
pmarg               =  4.12136e+01
tdc                 =  8.13680e+01
mode=3db  rload=10k  rsrc=1k  pos=2  C=4.7n
fcross = 1.712487e+06
pmarg = 4.121362e+01
tdc = 8.136799e+01
Doing analysis at TEMP = 27.000000 and TNOM = 27.000000

Using SPARSE 1.3 as Direct Linear Solver

No. of Data Rows : 801
fcross              =  1.93692e+06
Note: Starting dynamic gmin stepping
Warning: Dynamic gmin stepping failed
Note: Starting true gmin stepping
Warning: True gmin stepping failed
Note: Starting source stepping
Note: Source stepping completed
pmarg               =  6.98641e+01
tdc                 =  8.13680e+01
mode=3db  rload=10k  rsrc=2.5k  pos=1  C=1f
fcross = 1.936923e+06
pmarg = 6.986407e+01
tdc = 8.136801e+01
Doing analysis at TEMP = 27.000000 and TNOM = 27.000000

Using SPARSE 1.3 as Direct Linear Solver

No. of Data Rows : 801
fcross              =  1.93793e+06
Note: Starting dynamic gmin stepping
Warning: Dynamic gmin stepping failed
Note: Starting true gmin stepping
Warning: True gmin stepping failed
Note: Starting source stepping
Note: Source stepping completed
pmarg               =  6.94634e+01
tdc                 =  8.13680e+01
mode=3db  rload=10k  rsrc=2.5k  pos=1  C=47p
fcross = 1.937935e+06
pmarg = 6.946341e+01
tdc = 8.136801e+01
Doing analysis at TEMP = 27.000000 and TNOM = 27.000000

Using SPARSE 1.3 as Direct Linear Solver

No. of Data Rows : 801
fcross              =  1.93805e+06
Note: Starting dynamic gmin stepping
Warning: Dynamic gmin stepping failed
Note: Starting true gmin stepping
Warning: True gmin stepping failed
Note: Starting source stepping
Note: Source stepping completed
pmarg               =  6.90248e+01
tdc                 =  8.13680e+01
mode=3db  rload=10k  rsrc=2.5k  pos=1  C=100p
fcross = 1.938046e+06
pmarg = 6.902478e+01
tdc = 8.136801e+01
Doing analysis at TEMP = 27.000000 and TNOM = 27.000000

Using SPARSE 1.3 as Direct Linear Solver

No. of Data Rows : 801
fcross              =  1.93434e+06
Note: Starting dynamic gmin stepping
Warning: Dynamic gmin stepping failed
Note: Starting true gmin stepping
Warning: True gmin stepping failed
Note: Starting source stepping
Note: Source stepping completed
pmarg               =  6.81013e+01
tdc                 =  8.13680e+01
mode=3db  rload=10k  rsrc=2.5k  pos=1  C=220p
fcross = 1.934336e+06
pmarg = 6.810132e+01
tdc = 8.136801e+01
Doing analysis at TEMP = 27.000000 and TNOM = 27.000000

Using SPARSE 1.3 as Direct Linear Solver

No. of Data Rows : 801
fcross              =  1.91139e+06
Note: Starting dynamic gmin stepping
Warning: Dynamic gmin stepping failed
Note: Starting true gmin stepping
Warning: True gmin stepping failed
Note: Starting source stepping
Note: Source stepping completed
pmarg               =  6.65913e+01
tdc                 =  8.13680e+01
mode=3db  rload=10k  rsrc=2.5k  pos=1  C=470p
fcross = 1.911387e+06
pmarg = 6.659134e+01
tdc = 8.136802e+01
Doing analysis at TEMP = 27.000000 and TNOM = 27.000000

Using SPARSE 1.3 as Direct Linear Solver

No. of Data Rows : 801
fcross              =  1.83211e+06
Note: Starting dynamic gmin stepping
Warning: Dynamic gmin stepping failed
Note: Starting true gmin stepping
Warning: True gmin stepping failed
Note: Starting source stepping
Note: Source stepping completed
pmarg               =  6.52430e+01
tdc                 =  8.13680e+01
mode=3db  rload=10k  rsrc=2.5k  pos=1  C=1n
fcross = 1.832107e+06
pmarg = 6.524296e+01
tdc = 8.136804e+01
Doing analysis at TEMP = 27.000000 and TNOM = 27.000000

Using SPARSE 1.3 as Direct Linear Solver

No. of Data Rows : 801
fcross              =  1.76113e+06
Note: Starting dynamic gmin stepping
Warning: Dynamic gmin stepping failed
Note: Starting true gmin stepping
Warning: True gmin stepping failed
Note: Starting source stepping
Note: Source stepping completed
pmarg               =  6.53616e+01
tdc                 =  8.13681e+01
mode=3db  rload=10k  rsrc=2.5k  pos=1  C=1.5n
fcross = 1.761130e+06
pmarg = 6.536159e+01
tdc = 8.136805e+01
Doing analysis at TEMP = 27.000000 and TNOM = 27.000000

Using SPARSE 1.3 as Direct Linear Solver
 Reference value :  1.00000e+00
No. of Data Rows : 801
fcross              =  1.68897e+06
Note: Starting dynamic gmin stepping
Warning: Dynamic gmin stepping failed
Note: Starting true gmin stepping
Warning: True gmin stepping failed
Note: Starting source stepping
Note: Source stepping completed
pmarg               =  6.62720e+01
tdc                 =  8.13681e+01
mode=3db  rload=10k  rsrc=2.5k  pos=1  C=2.2n
fcross = 1.688967e+06
pmarg = 6.627197e+01
tdc = 8.136807e+01
Doing analysis at TEMP = 27.000000 and TNOM = 27.000000

Using SPARSE 1.3 as Direct Linear Solver

No. of Data Rows : 801
fcross              =  1.65349e+06
Note: Starting dynamic gmin stepping
Warning: Dynamic gmin stepping failed
Note: Starting true gmin stepping
Warning: True gmin stepping failed
Note: Starting source stepping
Note: Source stepping completed
pmarg               =  6.70189e+01
tdc                 =  8.13681e+01
mode=3db  rload=10k  rsrc=2.5k  pos=1  C=2.7n
fcross = 1.653486e+06
pmarg = 6.701888e+01
tdc = 8.136808e+01
Doing analysis at TEMP = 27.000000 and TNOM = 27.000000

Using SPARSE 1.3 as Direct Linear Solver

No. of Data Rows : 801
fcross              =  1.62289e+06
Note: Starting dynamic gmin stepping
Warning: Dynamic gmin stepping failed
Note: Starting true gmin stepping
Warning: True gmin stepping failed
Note: Starting source stepping
Note: Source stepping completed
pmarg               =  6.78553e+01
tdc                 =  8.13681e+01
mode=3db  rload=10k  rsrc=2.5k  pos=1  C=3.3n
fcross = 1.622892e+06
pmarg = 6.785529e+01
tdc = 8.136810e+01
Doing analysis at TEMP = 27.000000 and TNOM = 27.000000

Using SPARSE 1.3 as Direct Linear Solver

No. of Data Rows : 801
fcross              =  1.58123e+06
Note: Starting dynamic gmin stepping
Warning: Dynamic gmin stepping failed
Note: Starting true gmin stepping
Warning: True gmin stepping failed
Note: Starting source stepping
Note: Source stepping completed
pmarg               =  6.93907e+01
tdc                 =  8.13681e+01
mode=3db  rload=10k  rsrc=2.5k  pos=1  C=4.7n
fcross = 1.581229e+06
pmarg = 6.939072e+01
tdc = 8.136814e+01
Doing analysis at TEMP = 27.000000 and TNOM = 27.000000

Using SPARSE 1.3 as Direct Linear Solver

No. of Data Rows : 801
fcross              =  1.93692e+06
Note: Starting dynamic gmin stepping
Warning: Dynamic gmin stepping failed
Note: Starting true gmin stepping
Warning: True gmin stepping failed
Note: Starting source stepping
Note: Source stepping completed
pmarg               =  6.98641e+01
tdc                 =  8.13680e+01
mode=3db  rload=10k  rsrc=2.5k  pos=2  C=1f
fcross = 1.936923e+06
pmarg = 6.986407e+01
tdc = 8.136801e+01
Doing analysis at TEMP = 27.000000 and TNOM = 27.000000

Using SPARSE 1.3 as Direct Linear Solver

No. of Data Rows : 801
fcross              =  1.93833e+06
Note: Starting dynamic gmin stepping
Warning: Dynamic gmin stepping failed
Note: Starting true gmin stepping
Warning: True gmin stepping failed
Note: Starting source stepping
Note: Source stepping completed
pmarg               =  6.94549e+01
tdc                 =  8.13680e+01
mode=3db  rload=10k  rsrc=2.5k  pos=2  C=47p
fcross = 1.938330e+06
pmarg = 6.945495e+01
tdc = 8.136801e+01
Doing analysis at TEMP = 27.000000 and TNOM = 27.000000

Using SPARSE 1.3 as Direct Linear Solver

No. of Data Rows : 801
fcross              =  1.93980e+06
Note: Starting dynamic gmin stepping
Warning: Dynamic gmin stepping failed
Note: Starting true gmin stepping
Warning: True gmin stepping failed
Note: Starting source stepping
Note: Source stepping completed
pmarg               =  6.89938e+01
tdc                 =  8.13680e+01
mode=3db  rload=10k  rsrc=2.5k  pos=2  C=100p
fcross = 1.939805e+06
pmarg = 6.899381e+01
tdc = 8.136801e+01
Doing analysis at TEMP = 27.000000 and TNOM = 27.000000

Using SPARSE 1.3 as Direct Linear Solver

No. of Data Rows : 801
fcross              =  1.94270e+06
Note: Starting dynamic gmin stepping
Warning: Dynamic gmin stepping failed
Note: Starting true gmin stepping
Warning: True gmin stepping failed
Note: Starting source stepping
Note: Source stepping completed
pmarg               =  6.79513e+01
tdc                 =  8.13680e+01
mode=3db  rload=10k  rsrc=2.5k  pos=2  C=220p
fcross = 1.942701e+06
pmarg = 6.795135e+01
tdc = 8.136801e+01
Doing analysis at TEMP = 27.000000 and TNOM = 27.000000

Using SPARSE 1.3 as Direct Linear Solver

No. of Data Rows : 801
fcross              =  1.94670e+06
Note: Starting dynamic gmin stepping
Warning: Dynamic gmin stepping failed
Note: Starting true gmin stepping
Warning: True gmin stepping failed
Note: Starting source stepping
Note: Source stepping completed
pmarg               =  6.57935e+01
tdc                 =  8.13680e+01
mode=3db  rload=10k  rsrc=2.5k  pos=2  C=470p
fcross = 1.946700e+06
pmarg = 6.579349e+01
tdc = 8.136801e+01
Doing analysis at TEMP = 27.000000 and TNOM = 27.000000

Using SPARSE 1.3 as Direct Linear Solver

No. of Data Rows : 801
fcross              =  1.94578e+06
Note: Starting dynamic gmin stepping
Warning: Dynamic gmin stepping failed
Note: Starting true gmin stepping
Warning: True gmin stepping failed
Note: Starting source stepping
Note: Source stepping completed
pmarg               =  6.13444e+01
tdc                 =  8.13680e+01
mode=3db  rload=10k  rsrc=2.5k  pos=2  C=1n
fcross = 1.945784e+06
pmarg = 6.134443e+01
tdc = 8.136800e+01
Doing analysis at TEMP = 27.000000 and TNOM = 27.000000

Using SPARSE 1.3 as Direct Linear Solver

No. of Data Rows : 801
fcross              =  1.93340e+06
Note: Starting dynamic gmin stepping
Warning: Dynamic gmin stepping failed
Note: Starting true gmin stepping
Warning: True gmin stepping failed
Note: Starting source stepping
Note: Source stepping completed
pmarg               =  5.74056e+01
tdc                 =  8.13680e+01
mode=3db  rload=10k  rsrc=2.5k  pos=2  C=1.5n
fcross = 1.933401e+06
pmarg = 5.740555e+01
tdc = 8.136800e+01
Doing analysis at TEMP = 27.000000 and TNOM = 27.000000

Using SPARSE 1.3 as Direct Linear Solver

No. of Data Rows : 801
fcross              =  1.89981e+06
Note: Starting dynamic gmin stepping
Warning: Dynamic gmin stepping failed
Note: Starting true gmin stepping
Warning: True gmin stepping failed
Note: Starting source stepping
Note: Source stepping completed
pmarg               =  5.24714e+01
tdc                 =  8.13680e+01
mode=3db  rload=10k  rsrc=2.5k  pos=2  C=2.2n
fcross = 1.899811e+06
pmarg = 5.247138e+01
tdc = 8.136800e+01
Doing analysis at TEMP = 27.000000 and TNOM = 27.000000

Using SPARSE 1.3 as Direct Linear Solver

No. of Data Rows : 801
fcross              =  1.86743e+06
Note: Starting dynamic gmin stepping
Warning: Dynamic gmin stepping failed
Note: Starting true gmin stepping
Warning: True gmin stepping failed
Note: Starting source stepping
Note: Source stepping completed
pmarg               =  4.94002e+01
tdc                 =  8.13680e+01
mode=3db  rload=10k  rsrc=2.5k  pos=2  C=2.7n
fcross = 1.867434e+06
pmarg = 4.940020e+01
tdc = 8.136800e+01
Doing analysis at TEMP = 27.000000 and TNOM = 27.000000

Using SPARSE 1.3 as Direct Linear Solver

No. of Data Rows : 801
fcross              =  1.82294e+06
Note: Starting dynamic gmin stepping
Warning: Dynamic gmin stepping failed
Note: Starting true gmin stepping
Warning: True gmin stepping failed
Note: Starting source stepping
Note: Source stepping completed
pmarg               =  4.61990e+01
tdc                 =  8.13680e+01
mode=3db  rload=10k  rsrc=2.5k  pos=2  C=3.3n
fcross = 1.822945e+06
pmarg = 4.619902e+01
tdc = 8.136799e+01
Doing analysis at TEMP = 27.000000 and TNOM = 27.000000

Using SPARSE 1.3 as Direct Linear Solver

No. of Data Rows : 801
fcross              =  1.71118e+06
pmarg               =  4.04492e+01
tdc                 =  8.13680e+01
mode=3db  rload=10k  rsrc=2.5k  pos=2  C=4.7n
fcross = 1.711184e+06
pmarg = 4.044921e+01
tdc = 8.136799e+01
Doing analysis at TEMP = 27.000000 and TNOM = 27.000000

Using SPARSE 1.3 as Direct Linear Solver

No. of Data Rows : 801
fcross              =  1.93677e+06
pmarg               =  6.98233e+01
tdc                 =  8.13680e+01
mode=3db  rload=10k  rsrc=2.571k  pos=1  C=1f
fcross = 1.936771e+06
pmarg = 6.982329e+01
tdc = 8.136801e+01
Doing analysis at TEMP = 27.000000 and TNOM = 27.000000

Using SPARSE 1.3 as Direct Linear Solver

No. of Data Rows : 801
fcross              =  1.93778e+06
pmarg               =  6.94226e+01
tdc                 =  8.13680e+01
mode=3db  rload=10k  rsrc=2.571k  pos=1  C=47p
fcross = 1.937782e+06
pmarg = 6.942265e+01
tdc = 8.136801e+01
Doing analysis at TEMP = 27.000000 and TNOM = 27.000000

Using SPARSE 1.3 as Direct Linear Solver

No. of Data Rows : 801
fcross              =  1.93789e+06
pmarg               =  6.89840e+01
tdc                 =  8.13680e+01
mode=3db  rload=10k  rsrc=2.571k  pos=1  C=100p
fcross = 1.937893e+06
pmarg = 6.898405e+01
tdc = 8.136801e+01
Doing analysis at TEMP = 27.000000 and TNOM = 27.000000

Using SPARSE 1.3 as Direct Linear Solver

No. of Data Rows : 801
fcross              =  1.93418e+06
pmarg               =  6.80607e+01
tdc                 =  8.13680e+01
mode=3db  rload=10k  rsrc=2.571k  pos=1  C=220p
fcross = 1.934184e+06
pmarg = 6.806073e+01
tdc = 8.136802e+01
Doing analysis at TEMP = 27.000000 and TNOM = 27.000000

Using SPARSE 1.3 as Direct Linear Solver

No. of Data Rows : 801
fcross              =  1.91124e+06
pmarg               =  6.65513e+01
tdc                 =  8.13680e+01
mode=3db  rload=10k  rsrc=2.571k  pos=1  C=470p
fcross = 1.911242e+06
pmarg = 6.655126e+01
tdc = 8.136802e+01
Doing analysis at TEMP = 27.000000 and TNOM = 27.000000

Using SPARSE 1.3 as Direct Linear Solver

No. of Data Rows : 801
fcross              =  1.83199e+06
pmarg               =  6.52043e+01
tdc                 =  8.13680e+01
mode=3db  rload=10k  rsrc=2.571k  pos=1  C=1n
fcross = 1.831987e+06
pmarg = 6.520428e+01
tdc = 8.136804e+01
Doing analysis at TEMP = 27.000000 and TNOM = 27.000000

Using SPARSE 1.3 as Direct Linear Solver

No. of Data Rows : 801
fcross              =  1.76103e+06
pmarg               =  6.53241e+01
tdc                 =  8.13681e+01
mode=3db  rload=10k  rsrc=2.571k  pos=1  C=1.5n
fcross = 1.761027e+06
pmarg = 6.532415e+01
tdc = 8.136805e+01
Doing analysis at TEMP = 27.000000 and TNOM = 27.000000

Using SPARSE 1.3 as Direct Linear Solver

No. of Data Rows : 801
fcross              =  1.68888e+06
pmarg               =  6.62358e+01
tdc                 =  8.13681e+01
mode=3db  rload=10k  rsrc=2.571k  pos=1  C=2.2n
fcross = 1.688876e+06
pmarg = 6.623583e+01
tdc = 8.136807e+01
Doing analysis at TEMP = 27.000000 and TNOM = 27.000000

Using SPARSE 1.3 as Direct Linear Solver

No. of Data Rows : 801
fcross              =  1.65340e+06
pmarg               =  6.69834e+01
tdc                 =  8.13681e+01
mode=3db  rload=10k  rsrc=2.571k  pos=1  C=2.7n
fcross = 1.653400e+06
pmarg = 6.698341e+01
tdc = 8.136809e+01
Doing analysis at TEMP = 27.000000 and TNOM = 27.000000

Using SPARSE 1.3 as Direct Linear Solver

No. of Data Rows : 801
fcross              =  1.62281e+06
pmarg               =  6.78204e+01
tdc                 =  8.13681e+01
mode=3db  rload=10k  rsrc=2.571k  pos=1  C=3.3n
fcross = 1.622809e+06
pmarg = 6.782043e+01
tdc = 8.136810e+01
Doing analysis at TEMP = 27.000000 and TNOM = 27.000000

Using SPARSE 1.3 as Direct Linear Solver

No. of Data Rows : 801
fcross              =  1.58115e+06
pmarg               =  6.93567e+01
tdc                 =  8.13681e+01
mode=3db  rload=10k  rsrc=2.571k  pos=1  C=4.7n
fcross = 1.581151e+06
pmarg = 6.935669e+01
tdc = 8.136814e+01
Doing analysis at TEMP = 27.000000 and TNOM = 27.000000

Using SPARSE 1.3 as Direct Linear Solver

No. of Data Rows : 801
fcross              =  1.93677e+06
pmarg               =  6.98233e+01
tdc                 =  8.13680e+01
mode=3db  rload=10k  rsrc=2.571k  pos=2  C=1f
fcross = 1.936771e+06
pmarg = 6.982329e+01
tdc = 8.136801e+01
Doing analysis at TEMP = 27.000000 and TNOM = 27.000000

Using SPARSE 1.3 as Direct Linear Solver

No. of Data Rows : 801
fcross              =  1.93818e+06
pmarg               =  6.94142e+01
tdc                 =  8.13680e+01
mode=3db  rload=10k  rsrc=2.571k  pos=2  C=47p
fcross = 1.938177e+06
pmarg = 6.941418e+01
tdc = 8.136801e+01
Doing analysis at TEMP = 27.000000 and TNOM = 27.000000

Using SPARSE 1.3 as Direct Linear Solver

No. of Data Rows : 801
fcross              =  1.93965e+06
pmarg               =  6.89530e+01
tdc                 =  8.13680e+01
mode=3db  rload=10k  rsrc=2.571k  pos=2  C=100p
fcross = 1.939652e+06
pmarg = 6.895305e+01
tdc = 8.136801e+01
Doing analysis at TEMP = 27.000000 and TNOM = 27.000000

Using SPARSE 1.3 as Direct Linear Solver

No. of Data Rows : 801
fcross              =  1.94255e+06
pmarg               =  6.79106e+01
tdc                 =  8.13680e+01
mode=3db  rload=10k  rsrc=2.571k  pos=2  C=220p
fcross = 1.942547e+06
pmarg = 6.791061e+01
tdc = 8.136801e+01
Doing analysis at TEMP = 27.000000 and TNOM = 27.000000

Using SPARSE 1.3 as Direct Linear Solver
 Reference value :  1.00000e+00
No. of Data Rows : 801
fcross              =  1.94654e+06
pmarg               =  6.57529e+01
tdc                 =  8.13680e+01
mode=3db  rload=10k  rsrc=2.571k  pos=2  C=470p
fcross = 1.946544e+06
pmarg = 6.575286e+01
tdc = 8.136801e+01
Doing analysis at TEMP = 27.000000 and TNOM = 27.000000

Using SPARSE 1.3 as Direct Linear Solver

No. of Data Rows : 801
fcross              =  1.94563e+06
pmarg               =  6.13042e+01
tdc                 =  8.13680e+01
mode=3db  rload=10k  rsrc=2.571k  pos=2  C=1n
fcross = 1.945629e+06
pmarg = 6.130417e+01
tdc = 8.136801e+01
Doing analysis at TEMP = 27.000000 and TNOM = 27.000000

Using SPARSE 1.3 as Direct Linear Solver

No. of Data Rows : 801
fcross              =  1.93325e+06
pmarg               =  5.73658e+01
tdc                 =  8.13680e+01
mode=3db  rload=10k  rsrc=2.571k  pos=2  C=1.5n
fcross = 1.933250e+06
pmarg = 5.736581e+01
tdc = 8.136800e+01
Doing analysis at TEMP = 27.000000 and TNOM = 27.000000

Using SPARSE 1.3 as Direct Linear Solver

No. of Data Rows : 801
fcross              =  1.89967e+06
pmarg               =  5.24325e+01
tdc                 =  8.13680e+01
mode=3db  rload=10k  rsrc=2.571k  pos=2  C=2.2n
fcross = 1.899673e+06
pmarg = 5.243250e+01
tdc = 8.136800e+01
Doing analysis at TEMP = 27.000000 and TNOM = 27.000000

Using SPARSE 1.3 as Direct Linear Solver

No. of Data Rows : 801
fcross              =  1.86731e+06
pmarg               =  4.93621e+01
tdc                 =  8.13680e+01
mode=3db  rload=10k  rsrc=2.571k  pos=2  C=2.7n
fcross = 1.867306e+06
pmarg = 4.936205e+01
tdc = 8.136800e+01
Doing analysis at TEMP = 27.000000 and TNOM = 27.000000

Using SPARSE 1.3 as Direct Linear Solver

No. of Data Rows : 801
fcross              =  1.82283e+06
pmarg               =  4.61617e+01
tdc                 =  8.13680e+01
mode=3db  rload=10k  rsrc=2.571k  pos=2  C=3.3n
fcross = 1.822830e+06
pmarg = 4.616174e+01
tdc = 8.136800e+01
Doing analysis at TEMP = 27.000000 and TNOM = 27.000000

Using SPARSE 1.3 as Direct Linear Solver

No. of Data Rows : 801
fcross              =  1.71110e+06
pmarg               =  4.04139e+01
tdc                 =  8.13680e+01
mode=3db  rload=10k  rsrc=2.571k  pos=2  C=4.7n
fcross = 1.711098e+06
pmarg = 4.041394e+01
tdc = 8.136799e+01
Doing analysis at TEMP = 27.000000 and TNOM = 27.000000

Using SPARSE 1.3 as Direct Linear Solver

No. of Data Rows : 801
fcross              =  1.93668e+06
pmarg               =  6.98003e+01
tdc                 =  8.13680e+01
mode=3db  rload=10k  rsrc=2.611k  pos=1  C=1f
fcross = 1.936684e+06
pmarg = 6.980034e+01
tdc = 8.136801e+01
Doing analysis at TEMP = 27.000000 and TNOM = 27.000000

Using SPARSE 1.3 as Direct Linear Solver

No. of Data Rows : 801
fcross              =  1.93770e+06
pmarg               =  6.93997e+01
tdc                 =  8.13680e+01
mode=3db  rload=10k  rsrc=2.611k  pos=1  C=47p
fcross = 1.937695e+06
pmarg = 6.939970e+01
tdc = 8.136801e+01
Doing analysis at TEMP = 27.000000 and TNOM = 27.000000

Using SPARSE 1.3 as Direct Linear Solver

No. of Data Rows : 801
fcross              =  1.93781e+06
pmarg               =  6.89611e+01
tdc                 =  8.13680e+01
mode=3db  rload=10k  rsrc=2.611k  pos=1  C=100p
fcross = 1.937807e+06
pmarg = 6.896112e+01
tdc = 8.136801e+01
Doing analysis at TEMP = 27.000000 and TNOM = 27.000000

Using SPARSE 1.3 as Direct Linear Solver

No. of Data Rows : 801
fcross              =  1.93410e+06
pmarg               =  6.80379e+01
tdc                 =  8.13680e+01
mode=3db  rload=10k  rsrc=2.611k  pos=1  C=220p
fcross = 1.934098e+06
pmarg = 6.803788e+01
tdc = 8.136802e+01
Doing analysis at TEMP = 27.000000 and TNOM = 27.000000

Using SPARSE 1.3 as Direct Linear Solver

No. of Data Rows : 801
fcross              =  1.91116e+06
pmarg               =  6.65287e+01
tdc                 =  8.13680e+01
mode=3db  rload=10k  rsrc=2.611k  pos=1  C=470p
fcross = 1.911160e+06
pmarg = 6.652870e+01
tdc = 8.136802e+01
Doing analysis at TEMP = 27.000000 and TNOM = 27.000000

Using SPARSE 1.3 as Direct Linear Solver

No. of Data Rows : 801
fcross              =  1.83192e+06
pmarg               =  6.51825e+01
tdc                 =  8.13680e+01
mode=3db  rload=10k  rsrc=2.611k  pos=1  C=1n
fcross = 1.831919e+06
pmarg = 6.518251e+01
tdc = 8.136804e+01
Doing analysis at TEMP = 27.000000 and TNOM = 27.000000

Using SPARSE 1.3 as Direct Linear Solver

No. of Data Rows : 801
fcross              =  1.76097e+06
pmarg               =  6.53031e+01
tdc                 =  8.13681e+01
mode=3db  rload=10k  rsrc=2.611k  pos=1  C=1.5n
fcross = 1.760969e+06
pmarg = 6.530307e+01
tdc = 8.136805e+01
Doing analysis at TEMP = 27.000000 and TNOM = 27.000000

Using SPARSE 1.3 as Direct Linear Solver

No. of Data Rows : 801
fcross              =  1.68882e+06
pmarg               =  6.62155e+01
tdc                 =  8.13681e+01
mode=3db  rload=10k  rsrc=2.611k  pos=1  C=2.2n
fcross = 1.688825e+06
pmarg = 6.621548e+01
tdc = 8.136807e+01
Doing analysis at TEMP = 27.000000 and TNOM = 27.000000

Using SPARSE 1.3 as Direct Linear Solver

No. of Data Rows : 801
fcross              =  1.65335e+06
pmarg               =  6.69634e+01
tdc                 =  8.13681e+01
mode=3db  rload=10k  rsrc=2.611k  pos=1  C=2.7n
fcross = 1.653352e+06
pmarg = 6.696344e+01
tdc = 8.136809e+01
Doing analysis at TEMP = 27.000000 and TNOM = 27.000000

Using SPARSE 1.3 as Direct Linear Solver

No. of Data Rows : 801
fcross              =  1.62276e+06
pmarg               =  6.78008e+01
tdc                 =  8.13681e+01
mode=3db  rload=10k  rsrc=2.611k  pos=1  C=3.3n
fcross = 1.622761e+06
pmarg = 6.780080e+01
tdc = 8.136810e+01
Doing analysis at TEMP = 27.000000 and TNOM = 27.000000

Using SPARSE 1.3 as Direct Linear Solver

No. of Data Rows : 801
fcross              =  1.58111e+06
pmarg               =  6.93375e+01
tdc                 =  8.13681e+01
mode=3db  rload=10k  rsrc=2.611k  pos=1  C=4.7n
fcross = 1.581107e+06
pmarg = 6.933753e+01
tdc = 8.136814e+01
Doing analysis at TEMP = 27.000000 and TNOM = 27.000000

Using SPARSE 1.3 as Direct Linear Solver

No. of Data Rows : 801
fcross              =  1.93668e+06
pmarg               =  6.98003e+01
tdc                 =  8.13680e+01
mode=3db  rload=10k  rsrc=2.611k  pos=2  C=1f
fcross = 1.936684e+06
pmarg = 6.980034e+01
tdc = 8.136801e+01
Doing analysis at TEMP = 27.000000 and TNOM = 27.000000

Using SPARSE 1.3 as Direct Linear Solver

No. of Data Rows : 801
fcross              =  1.93809e+06
pmarg               =  6.93912e+01
tdc                 =  8.13680e+01
mode=3db  rload=10k  rsrc=2.611k  pos=2  C=47p
fcross = 1.938090e+06
pmarg = 6.939123e+01
tdc = 8.136801e+01
Doing analysis at TEMP = 27.000000 and TNOM = 27.000000

Using SPARSE 1.3 as Direct Linear Solver

No. of Data Rows : 801
fcross              =  1.93956e+06
pmarg               =  6.89301e+01
tdc                 =  8.13680e+01
mode=3db  rload=10k  rsrc=2.611k  pos=2  C=100p
fcross = 1.939565e+06
pmarg = 6.893010e+01
tdc = 8.136801e+01
Doing analysis at TEMP = 27.000000 and TNOM = 27.000000

Using SPARSE 1.3 as Direct Linear Solver

No. of Data Rows : 801
fcross              =  1.94246e+06
pmarg               =  6.78877e+01
tdc                 =  8.13680e+01
mode=3db  rload=10k  rsrc=2.611k  pos=2  C=220p
fcross = 1.942459e+06
pmarg = 6.788769e+01
tdc = 8.136801e+01
Doing analysis at TEMP = 27.000000 and TNOM = 27.000000

Using SPARSE 1.3 as Direct Linear Solver

No. of Data Rows : 801
fcross              =  1.94646e+06
pmarg               =  6.57300e+01
tdc                 =  8.13680e+01
mode=3db  rload=10k  rsrc=2.611k  pos=2  C=470p
fcross = 1.946456e+06
pmarg = 6.572999e+01
tdc = 8.136801e+01
Doing analysis at TEMP = 27.000000 and TNOM = 27.000000

Using SPARSE 1.3 as Direct Linear Solver

No. of Data Rows : 801
fcross              =  1.94554e+06
pmarg               =  6.12815e+01
tdc                 =  8.13680e+01
mode=3db  rload=10k  rsrc=2.611k  pos=2  C=1n
fcross = 1.945541e+06
pmarg = 6.128151e+01
tdc = 8.136801e+01
Doing analysis at TEMP = 27.000000 and TNOM = 27.000000

Using SPARSE 1.3 as Direct Linear Solver

No. of Data Rows : 801
fcross              =  1.93316e+06
pmarg               =  5.73434e+01
tdc                 =  8.13680e+01
mode=3db  rload=10k  rsrc=2.611k  pos=2  C=1.5n
fcross = 1.933164e+06
pmarg = 5.734345e+01
tdc = 8.136800e+01
Doing analysis at TEMP = 27.000000 and TNOM = 27.000000

Using SPARSE 1.3 as Direct Linear Solver

No. of Data Rows : 801
fcross              =  1.89960e+06
pmarg               =  5.24106e+01
tdc                 =  8.13680e+01
mode=3db  rload=10k  rsrc=2.611k  pos=2  C=2.2n
fcross = 1.899595e+06
pmarg = 5.241062e+01
tdc = 8.136800e+01
Doing analysis at TEMP = 27.000000 and TNOM = 27.000000

Using SPARSE 1.3 as Direct Linear Solver

No. of Data Rows : 801
fcross              =  1.86723e+06
pmarg               =  4.93406e+01
tdc                 =  8.13680e+01
mode=3db  rload=10k  rsrc=2.611k  pos=2  C=2.7n
fcross = 1.867233e+06
pmarg = 4.934059e+01
tdc = 8.136800e+01
Doing analysis at TEMP = 27.000000 and TNOM = 27.000000

Using SPARSE 1.3 as Direct Linear Solver

No. of Data Rows : 801
fcross              =  1.82277e+06
pmarg               =  4.61408e+01
tdc                 =  8.13680e+01
mode=3db  rload=10k  rsrc=2.611k  pos=2  C=3.3n
fcross = 1.822766e+06
pmarg = 4.614076e+01
tdc = 8.136800e+01
Doing analysis at TEMP = 27.000000 and TNOM = 27.000000

Using SPARSE 1.3 as Direct Linear Solver

No. of Data Rows : 801
fcross              =  1.71105e+06
Note: Starting dynamic gmin stepping
Note: Dynamic gmin stepping completed
pmarg               =  4.03941e+01
tdc                 =  8.13680e+01
mode=3db  rload=10k  rsrc=2.611k  pos=2  C=4.7n
fcross = 1.711050e+06
pmarg = 4.039408e+01
tdc = 8.136799e+01
Doing analysis at TEMP = 27.000000 and TNOM = 27.000000

Using SPARSE 1.3 as Direct Linear Solver

No. of Data Rows : 801
fcross              =  1.78753e+06
pmarg               =  8.85318e+01
tdc                 =  7.42857e+01
mode=10db  rload=100k  rsrc=1m  pos=1  C=1f
fcross = 1.787531e+06
pmarg = 8.853178e+01
tdc = 7.428570e+01
Doing analysis at TEMP = 27.000000 and TNOM = 27.000000

Using SPARSE 1.3 as Direct Linear Solver

No. of Data Rows : 801
fcross              =  1.78846e+06
pmarg               =  8.81572e+01
tdc                 =  7.42857e+01
mode=10db  rload=100k  rsrc=1m  pos=1  C=47p
fcross = 1.788463e+06
pmarg = 8.815721e+01
tdc = 7.428570e+01
Doing analysis at TEMP = 27.000000 and TNOM = 27.000000

Using SPARSE 1.3 as Direct Linear Solver

No. of Data Rows : 801
fcross              =  1.78850e+06
pmarg               =  8.77541e+01
tdc                 =  7.42857e+01
mode=10db  rload=100k  rsrc=1m  pos=1  C=100p
fcross = 1.788496e+06
pmarg = 8.775410e+01
tdc = 7.428570e+01
Doing analysis at TEMP = 27.000000 and TNOM = 27.000000

Using SPARSE 1.3 as Direct Linear Solver

No. of Data Rows : 801
fcross              =  1.78466e+06
pmarg               =  8.69313e+01
tdc                 =  7.42857e+01
mode=10db  rload=100k  rsrc=1m  pos=1  C=220p
fcross = 1.784656e+06
pmarg = 8.693135e+01
tdc = 7.428570e+01
Doing analysis at TEMP = 27.000000 and TNOM = 27.000000

Using SPARSE 1.3 as Direct Linear Solver

No. of Data Rows : 801
fcross              =  1.76173e+06
pmarg               =  8.56867e+01
tdc                 =  7.42857e+01
mode=10db  rload=100k  rsrc=1m  pos=1  C=470p
fcross = 1.761734e+06
pmarg = 8.568669e+01
tdc = 7.428570e+01
Doing analysis at TEMP = 27.000000 and TNOM = 27.000000

Using SPARSE 1.3 as Direct Linear Solver

No. of Data Rows : 801
fcross              =  1.68018e+06
pmarg               =  8.49479e+01
tdc                 =  7.42857e+01
mode=10db  rload=100k  rsrc=1m  pos=1  C=1n
fcross = 1.680182e+06
pmarg = 8.494785e+01
tdc = 7.428570e+01
Doing analysis at TEMP = 27.000000 and TNOM = 27.000000

Using SPARSE 1.3 as Direct Linear Solver

No. of Data Rows : 801
fcross              =  1.60382e+06
pmarg               =  8.55580e+01
tdc                 =  7.42857e+01
mode=10db  rload=100k  rsrc=1m  pos=1  C=1.5n
fcross = 1.603821e+06
pmarg = 8.555803e+01
tdc = 7.428570e+01
Doing analysis at TEMP = 27.000000 and TNOM = 27.000000

Using SPARSE 1.3 as Direct Linear Solver

No. of Data Rows : 801
fcross              =  1.52210e+06
pmarg               =  8.70014e+01
tdc                 =  7.42857e+01
mode=10db  rload=100k  rsrc=1m  pos=1  C=2.2n
fcross = 1.522097e+06
pmarg = 8.700139e+01
tdc = 7.428571e+01
Doing analysis at TEMP = 27.000000 and TNOM = 27.000000

Using SPARSE 1.3 as Direct Linear Solver

No. of Data Rows : 801
fcross              =  1.47987e+06
pmarg               =  8.80465e+01
tdc                 =  7.42857e+01
mode=10db  rload=100k  rsrc=1m  pos=1  C=2.7n
fcross = 1.479870e+06
pmarg = 8.804653e+01
tdc = 7.428571e+01
Doing analysis at TEMP = 27.000000 and TNOM = 27.000000

Using SPARSE 1.3 as Direct Linear Solver

No. of Data Rows : 801
fcross              =  1.44214e+06
pmarg               =  8.91758e+01
tdc                 =  7.42857e+01
mode=10db  rload=100k  rsrc=1m  pos=1  C=3.3n
fcross = 1.442136e+06
pmarg = 8.917579e+01
tdc = 7.428571e+01
Doing analysis at TEMP = 27.000000 and TNOM = 27.000000

Using SPARSE 1.3 as Direct Linear Solver

No. of Data Rows : 801
fcross              =  1.38782e+06
pmarg               =  9.12098e+01
tdc                 =  7.42857e+01
mode=10db  rload=100k  rsrc=1m  pos=1  C=4.7n
fcross = 1.387820e+06
pmarg = 9.120984e+01
tdc = 7.428571e+01
Doing analysis at TEMP = 27.000000 and TNOM = 27.000000

Using SPARSE 1.3 as Direct Linear Solver

No. of Data Rows : 801
fcross              =  1.78753e+06
pmarg               =  8.85318e+01
tdc                 =  7.42857e+01
mode=10db  rload=100k  rsrc=1m  pos=2  C=1f
fcross = 1.787531e+06
pmarg = 8.853178e+01
tdc = 7.428570e+01
Doing analysis at TEMP = 27.000000 and TNOM = 27.000000

Using SPARSE 1.3 as Direct Linear Solver

No. of Data Rows : 801
fcross              =  1.78884e+06
pmarg               =  8.81499e+01
tdc                 =  7.42857e+01
mode=10db  rload=100k  rsrc=1m  pos=2  C=47p
fcross = 1.788842e+06
pmarg = 8.814986e+01
tdc = 7.428570e+01
Doing analysis at TEMP = 27.000000 and TNOM = 27.000000

Using SPARSE 1.3 as Direct Linear Solver

No. of Data Rows : 801
fcross              =  1.79021e+06
pmarg               =  8.77202e+01
tdc                 =  7.42857e+01
mode=10db  rload=100k  rsrc=1m  pos=2  C=100p
fcross = 1.790212e+06
pmarg = 8.772021e+01
tdc = 7.428570e+01
Doing analysis at TEMP = 27.000000 and TNOM = 27.000000

Using SPARSE 1.3 as Direct Linear Solver

No. of Data Rows : 801
fcross              =  1.79289e+06
pmarg               =  8.67522e+01
tdc                 =  7.42857e+01
mode=10db  rload=100k  rsrc=1m  pos=2  C=220p
fcross = 1.792885e+06
pmarg = 8.675216e+01
tdc = 7.428570e+01
Doing analysis at TEMP = 27.000000 and TNOM = 27.000000

Using SPARSE 1.3 as Direct Linear Solver

No. of Data Rows : 801
fcross              =  1.79649e+06
pmarg               =  8.47629e+01
tdc                 =  7.42857e+01
mode=10db  rload=100k  rsrc=1m  pos=2  C=470p
fcross = 1.796487e+06
pmarg = 8.476285e+01
tdc = 7.428570e+01
Doing analysis at TEMP = 27.000000 and TNOM = 27.000000

Using SPARSE 1.3 as Direct Linear Solver

No. of Data Rows : 801
fcross              =  1.79506e+06
pmarg               =  8.07255e+01
tdc                 =  7.42857e+01
mode=10db  rload=100k  rsrc=1m  pos=2  C=1n
fcross = 1.795063e+06
pmarg = 8.072549e+01
tdc = 7.428570e+01
Doing analysis at TEMP = 27.000000 and TNOM = 27.000000

Using SPARSE 1.3 as Direct Linear Solver

No. of Data Rows : 801
fcross              =  1.78263e+06
pmarg               =  7.72282e+01
tdc                 =  7.42857e+01
mode=10db  rload=100k  rsrc=1m  pos=2  C=1.5n
fcross = 1.782635e+06
pmarg = 7.722825e+01
tdc = 7.428570e+01
Doing analysis at TEMP = 27.000000 and TNOM = 27.000000

Using SPARSE 1.3 as Direct Linear Solver

No. of Data Rows : 801
fcross              =  1.74992e+06
pmarg               =  7.29584e+01
tdc                 =  7.42857e+01
mode=10db  rload=100k  rsrc=1m  pos=2  C=2.2n
fcross = 1.749920e+06
pmarg = 7.295841e+01
tdc = 7.428569e+01
Doing analysis at TEMP = 27.000000 and TNOM = 27.000000

Using SPARSE 1.3 as Direct Linear Solver

No. of Data Rows : 801
fcross              =  1.71829e+06
pmarg               =  7.03798e+01
tdc                 =  7.42857e+01
mode=10db  rload=100k  rsrc=1m  pos=2  C=2.7n
fcross = 1.718286e+06
pmarg = 7.037981e+01
tdc = 7.428569e+01
Doing analysis at TEMP = 27.000000 and TNOM = 27.000000

Using SPARSE 1.3 as Direct Linear Solver

No. of Data Rows : 801
fcross              =  1.67461e+06
pmarg               =  6.77735e+01
tdc                 =  7.42857e+01
mode=10db  rload=100k  rsrc=1m  pos=2  C=3.3n
fcross = 1.674605e+06
pmarg = 6.777351e+01
tdc = 7.428569e+01
Doing analysis at TEMP = 27.000000 and TNOM = 27.000000

Using SPARSE 1.3 as Direct Linear Solver

No. of Data Rows : 801
fcross              =  1.56358e+06
pmarg               =  6.33822e+01
tdc                 =  7.42857e+01
mode=10db  rload=100k  rsrc=1m  pos=2  C=4.7n
fcross = 1.563578e+06
pmarg = 6.338216e+01
tdc = 7.428568e+01
Doing analysis at TEMP = 27.000000 and TNOM = 27.000000

Using SPARSE 1.3 as Direct Linear Solver

No. of Data Rows : 801
fcross              =  1.78689e+06
pmarg               =  8.79824e+01
tdc                 =  7.42857e+01
mode=10db  rload=100k  rsrc=1k  pos=1  C=1f
fcross = 1.786890e+06
pmarg = 8.798236e+01
tdc = 7.428570e+01
Doing analysis at TEMP = 27.000000 and TNOM = 27.000000

Using SPARSE 1.3 as Direct Linear Solver

No. of Data Rows : 801
fcross              =  1.78782e+06
pmarg               =  8.76077e+01
tdc                 =  7.42857e+01
mode=10db  rload=100k  rsrc=1k  pos=1  C=47p
fcross = 1.787820e+06
pmarg = 8.760765e+01
tdc = 7.428570e+01
Doing analysis at TEMP = 27.000000 and TNOM = 27.000000

Using SPARSE 1.3 as Direct Linear Solver

No. of Data Rows : 801
fcross              =  1.78785e+06
pmarg               =  8.72047e+01
tdc                 =  7.42857e+01
mode=10db  rload=100k  rsrc=1k  pos=1  C=100p
fcross = 1.787854e+06
pmarg = 8.720466e+01
tdc = 7.428570e+01
Doing analysis at TEMP = 27.000000 and TNOM = 27.000000

Using SPARSE 1.3 as Direct Linear Solver

No. of Data Rows : 801
fcross              =  1.78402e+06
pmarg               =  8.63833e+01
tdc                 =  7.42857e+01
mode=10db  rload=100k  rsrc=1k  pos=1  C=220p
fcross = 1.784019e+06
pmarg = 8.638330e+01
tdc = 7.428570e+01
Doing analysis at TEMP = 27.000000 and TNOM = 27.000000

Using SPARSE 1.3 as Direct Linear Solver

No. of Data Rows : 801
fcross              =  1.76114e+06
pmarg               =  8.51456e+01
tdc                 =  7.42857e+01
mode=10db  rload=100k  rsrc=1k  pos=1  C=470p
fcross = 1.761138e+06
pmarg = 8.514562e+01
tdc = 7.428570e+01
Doing analysis at TEMP = 27.000000 and TNOM = 27.000000

Using SPARSE 1.3 as Direct Linear Solver

No. of Data Rows : 801
fcross              =  1.67969e+06
pmarg               =  8.44306e+01
tdc                 =  7.42857e+01
mode=10db  rload=100k  rsrc=1k  pos=1  C=1n
fcross = 1.679690e+06
pmarg = 8.443058e+01
tdc = 7.428570e+01
Doing analysis at TEMP = 27.000000 and TNOM = 27.000000

Using SPARSE 1.3 as Direct Linear Solver
 Reference value :  5.12861e+05
No. of Data Rows : 801
fcross              =  1.60340e+06
pmarg               =  8.50631e+01
tdc                 =  7.42857e+01
mode=10db  rload=100k  rsrc=1k  pos=1  C=1.5n
fcross = 1.603400e+06
pmarg = 8.506306e+01
tdc = 7.428570e+01
Doing analysis at TEMP = 27.000000 and TNOM = 27.000000

Using SPARSE 1.3 as Direct Linear Solver

No. of Data Rows : 801
fcross              =  1.52173e+06
pmarg               =  8.65306e+01
tdc                 =  7.42857e+01
mode=10db  rload=100k  rsrc=1k  pos=1  C=2.2n
fcross = 1.521733e+06
pmarg = 8.653060e+01
tdc = 7.428570e+01
Doing analysis at TEMP = 27.000000 and TNOM = 27.000000

Using SPARSE 1.3 as Direct Linear Solver

No. of Data Rows : 801
fcross              =  1.47953e+06
pmarg               =  8.75884e+01
tdc                 =  7.42857e+01
mode=10db  rload=100k  rsrc=1k  pos=1  C=2.7n
fcross = 1.479528e+06
pmarg = 8.758838e+01
tdc = 7.428570e+01
Doing analysis at TEMP = 27.000000 and TNOM = 27.000000

Using SPARSE 1.3 as Direct Linear Solver

No. of Data Rows : 801
fcross              =  1.44182e+06
pmarg               =  8.87290e+01
tdc                 =  7.42857e+01
mode=10db  rload=100k  rsrc=1k  pos=1  C=3.3n
fcross = 1.441816e+06
pmarg = 8.872901e+01
tdc = 7.428570e+01
Doing analysis at TEMP = 27.000000 and TNOM = 27.000000

Using SPARSE 1.3 as Direct Linear Solver

No. of Data Rows : 801
fcross              =  1.38752e+06
pmarg               =  9.07797e+01
tdc                 =  7.42857e+01
mode=10db  rload=100k  rsrc=1k  pos=1  C=4.7n
fcross = 1.387517e+06
pmarg = 9.077969e+01
tdc = 7.428570e+01
Doing analysis at TEMP = 27.000000 and TNOM = 27.000000

Using SPARSE 1.3 as Direct Linear Solver

No. of Data Rows : 801
fcross              =  1.78689e+06
pmarg               =  8.79824e+01
tdc                 =  7.42857e+01
mode=10db  rload=100k  rsrc=1k  pos=2  C=1f
fcross = 1.786890e+06
pmarg = 8.798236e+01
tdc = 7.428570e+01
Doing analysis at TEMP = 27.000000 and TNOM = 27.000000

Using SPARSE 1.3 as Direct Linear Solver

No. of Data Rows : 801
fcross              =  1.78820e+06
pmarg               =  8.76002e+01
tdc                 =  7.42857e+01
mode=10db  rload=100k  rsrc=1k  pos=2  C=47p
fcross = 1.788199e+06
pmarg = 8.760019e+01
tdc = 7.428570e+01
Doing analysis at TEMP = 27.000000 and TNOM = 27.000000

Using SPARSE 1.3 as Direct Linear Solver

No. of Data Rows : 801
fcross              =  1.78957e+06
pmarg               =  8.71703e+01
tdc                 =  7.42857e+01
mode=10db  rload=100k  rsrc=1k  pos=2  C=100p
fcross = 1.789567e+06
pmarg = 8.717028e+01
tdc = 7.428570e+01
Doing analysis at TEMP = 27.000000 and TNOM = 27.000000

Using SPARSE 1.3 as Direct Linear Solver

No. of Data Rows : 801
fcross              =  1.79224e+06
pmarg               =  8.62018e+01
tdc                 =  7.42857e+01
mode=10db  rload=100k  rsrc=1k  pos=2  C=220p
fcross = 1.792237e+06
pmarg = 8.620178e+01
tdc = 7.428570e+01
Doing analysis at TEMP = 27.000000 and TNOM = 27.000000

Using SPARSE 1.3 as Direct Linear Solver

No. of Data Rows : 801
fcross              =  1.79583e+06
pmarg               =  8.42121e+01
tdc                 =  7.42857e+01
mode=10db  rload=100k  rsrc=1k  pos=2  C=470p
fcross = 1.795834e+06
pmarg = 8.421210e+01
tdc = 7.428569e+01
Doing analysis at TEMP = 27.000000 and TNOM = 27.000000

Using SPARSE 1.3 as Direct Linear Solver

No. of Data Rows : 801
fcross              =  1.79441e+06
pmarg               =  8.01765e+01
tdc                 =  7.42857e+01
mode=10db  rload=100k  rsrc=1k  pos=2  C=1n
fcross = 1.794414e+06
pmarg = 8.017654e+01
tdc = 7.428569e+01
Doing analysis at TEMP = 27.000000 and TNOM = 27.000000

Using SPARSE 1.3 as Direct Linear Solver

No. of Data Rows : 801
fcross              =  1.78201e+06
pmarg               =  7.66840e+01
tdc                 =  7.42857e+01
mode=10db  rload=100k  rsrc=1k  pos=2  C=1.5n
fcross = 1.782005e+06
pmarg = 7.668402e+01
tdc = 7.428569e+01
Doing analysis at TEMP = 27.000000 and TNOM = 27.000000

Using SPARSE 1.3 as Direct Linear Solver

No. of Data Rows : 801
fcross              =  1.74935e+06
pmarg               =  7.24247e+01
tdc                 =  7.42857e+01
mode=10db  rload=100k  rsrc=1k  pos=2  C=2.2n
fcross = 1.749347e+06
pmarg = 7.242470e+01
tdc = 7.428569e+01
Doing analysis at TEMP = 27.000000 and TNOM = 27.000000

Using SPARSE 1.3 as Direct Linear Solver

No. of Data Rows : 801
fcross              =  1.71776e+06
pmarg               =  6.98557e+01
tdc                 =  7.42857e+01
mode=10db  rload=100k  rsrc=1k  pos=2  C=2.7n
fcross = 1.717762e+06
pmarg = 6.985571e+01
tdc = 7.428569e+01
Doing analysis at TEMP = 27.000000 and TNOM = 27.000000

Using SPARSE 1.3 as Direct Linear Solver

No. of Data Rows : 801
fcross              =  1.67414e+06
pmarg               =  6.72624e+01
tdc                 =  7.42857e+01
mode=10db  rload=100k  rsrc=1k  pos=2  C=3.3n
fcross = 1.674138e+06
pmarg = 6.726240e+01
tdc = 7.428568e+01
Doing analysis at TEMP = 27.000000 and TNOM = 27.000000

Using SPARSE 1.3 as Direct Linear Solver

No. of Data Rows : 801
fcross              =  1.56323e+06
pmarg               =  6.29036e+01
tdc                 =  7.42857e+01
mode=10db  rload=100k  rsrc=1k  pos=2  C=4.7n
fcross = 1.563229e+06
pmarg = 6.290357e+01
tdc = 7.428568e+01
Doing analysis at TEMP = 27.000000 and TNOM = 27.000000

Using SPARSE 1.3 as Direct Linear Solver

No. of Data Rows : 801
fcross              =  1.78459e+06
pmarg               =  8.71899e+01
tdc                 =  7.42857e+01
mode=10db  rload=100k  rsrc=2.5k  pos=1  C=1f
fcross = 1.784592e+06
pmarg = 8.718990e+01
tdc = 7.428570e+01
Doing analysis at TEMP = 27.000000 and TNOM = 27.000000

Using SPARSE 1.3 as Direct Linear Solver

No. of Data Rows : 801
fcross              =  1.78552e+06
pmarg               =  8.68153e+01
tdc                 =  7.42857e+01
mode=10db  rload=100k  rsrc=2.5k  pos=1  C=47p
fcross = 1.785518e+06
pmarg = 8.681529e+01
tdc = 7.428570e+01
Doing analysis at TEMP = 27.000000 and TNOM = 27.000000

Using SPARSE 1.3 as Direct Linear Solver

No. of Data Rows : 801
fcross              =  1.78555e+06
pmarg               =  8.64128e+01
tdc                 =  7.42857e+01
mode=10db  rload=100k  rsrc=2.5k  pos=1  C=100p
fcross = 1.785551e+06
pmarg = 8.641280e+01
tdc = 7.428570e+01
Doing analysis at TEMP = 27.000000 and TNOM = 27.000000

Using SPARSE 1.3 as Direct Linear Solver

No. of Data Rows : 801
fcross              =  1.78174e+06
pmarg               =  8.55939e+01
tdc                 =  7.42857e+01
mode=10db  rload=100k  rsrc=2.5k  pos=1  C=220p
fcross = 1.781737e+06
pmarg = 8.559394e+01
tdc = 7.428570e+01
Doing analysis at TEMP = 27.000000 and TNOM = 27.000000

Using SPARSE 1.3 as Direct Linear Solver

No. of Data Rows : 801
fcross              =  1.75900e+06
pmarg               =  8.43661e+01
tdc                 =  7.42857e+01
mode=10db  rload=100k  rsrc=2.5k  pos=1  C=470p
fcross = 1.759001e+06
pmarg = 8.436611e+01
tdc = 7.428570e+01
Doing analysis at TEMP = 27.000000 and TNOM = 27.000000

Using SPARSE 1.3 as Direct Linear Solver

No. of Data Rows : 801
fcross              =  1.67792e+06
pmarg               =  8.36824e+01
tdc                 =  7.42857e+01
mode=10db  rload=100k  rsrc=2.5k  pos=1  C=1n
fcross = 1.677923e+06
pmarg = 8.368243e+01
tdc = 7.428570e+01
Doing analysis at TEMP = 27.000000 and TNOM = 27.000000

Using SPARSE 1.3 as Direct Linear Solver

No. of Data Rows : 801
fcross              =  1.60189e+06
pmarg               =  8.43443e+01
tdc                 =  7.42857e+01
mode=10db  rload=100k  rsrc=2.5k  pos=1  C=1.5n
fcross = 1.601893e+06
pmarg = 8.434435e+01
tdc = 7.428570e+01
Doing analysis at TEMP = 27.000000 and TNOM = 27.000000

Using SPARSE 1.3 as Direct Linear Solver

No. of Data Rows : 801
fcross              =  1.52043e+06
pmarg               =  8.58445e+01
tdc                 =  7.42857e+01
mode=10db  rload=100k  rsrc=2.5k  pos=1  C=2.2n
fcross = 1.520428e+06
pmarg = 8.584453e+01
tdc = 7.428571e+01
Doing analysis at TEMP = 27.000000 and TNOM = 27.000000

Using SPARSE 1.3 as Direct Linear Solver

No. of Data Rows : 801
fcross              =  1.47832e+06
pmarg               =  8.69197e+01
tdc                 =  7.42857e+01
mode=10db  rload=100k  rsrc=2.5k  pos=1  C=2.7n
fcross = 1.478316e+06
pmarg = 8.691969e+01
tdc = 7.428571e+01
Doing analysis at TEMP = 27.000000 and TNOM = 27.000000

Using SPARSE 1.3 as Direct Linear Solver

No. of Data Rows : 801
fcross              =  1.44067e+06
pmarg               =  8.80762e+01
tdc                 =  7.42857e+01
mode=10db  rload=100k  rsrc=2.5k  pos=1  C=3.3n
fcross = 1.440673e+06
pmarg = 8.807618e+01
tdc = 7.428571e+01
Doing analysis at TEMP = 27.000000 and TNOM = 27.000000

Using SPARSE 1.3 as Direct Linear Solver

No. of Data Rows : 801
fcross              =  1.38644e+06
pmarg               =  9.01506e+01
tdc                 =  7.42857e+01
mode=10db  rload=100k  rsrc=2.5k  pos=1  C=4.7n
fcross = 1.386436e+06
pmarg = 9.015059e+01
tdc = 7.428571e+01
Doing analysis at TEMP = 27.000000 and TNOM = 27.000000

Using SPARSE 1.3 as Direct Linear Solver

No. of Data Rows : 801
fcross              =  1.78459e+06
pmarg               =  8.71899e+01
tdc                 =  7.42857e+01
mode=10db  rload=100k  rsrc=2.5k  pos=2  C=1f
fcross = 1.784592e+06
pmarg = 8.718990e+01
tdc = 7.428570e+01
Doing analysis at TEMP = 27.000000 and TNOM = 27.000000

Using SPARSE 1.3 as Direct Linear Solver

No. of Data Rows : 801
fcross              =  1.78589e+06
pmarg               =  8.68077e+01
tdc                 =  7.42857e+01
mode=10db  rload=100k  rsrc=2.5k  pos=2  C=47p
fcross = 1.785894e+06
pmarg = 8.680770e+01
tdc = 7.428570e+01
Doing analysis at TEMP = 27.000000 and TNOM = 27.000000

Using SPARSE 1.3 as Direct Linear Solver

No. of Data Rows : 801
fcross              =  1.78726e+06
pmarg               =  8.63778e+01
tdc                 =  7.42857e+01
mode=10db  rload=100k  rsrc=2.5k  pos=2  C=100p
fcross = 1.787256e+06
pmarg = 8.637780e+01
tdc = 7.428570e+01
Doing analysis at TEMP = 27.000000 and TNOM = 27.000000

Using SPARSE 1.3 as Direct Linear Solver

No. of Data Rows : 801
fcross              =  1.78991e+06
pmarg               =  8.54095e+01
tdc                 =  7.42857e+01
mode=10db  rload=100k  rsrc=2.5k  pos=2  C=220p
fcross = 1.789912e+06
pmarg = 8.540950e+01
tdc = 7.428570e+01
Doing analysis at TEMP = 27.000000 and TNOM = 27.000000

Using SPARSE 1.3 as Direct Linear Solver

No. of Data Rows : 801
fcross              =  1.79349e+06
pmarg               =  8.34210e+01
tdc                 =  7.42857e+01
mode=10db  rload=100k  rsrc=2.5k  pos=2  C=470p
fcross = 1.793491e+06
pmarg = 8.342101e+01
tdc = 7.428570e+01
Doing analysis at TEMP = 27.000000 and TNOM = 27.000000

Using SPARSE 1.3 as Direct Linear Solver

No. of Data Rows : 801
fcross              =  1.79208e+06
pmarg               =  7.93912e+01
tdc                 =  7.42857e+01
mode=10db  rload=100k  rsrc=2.5k  pos=2  C=1n
fcross = 1.792080e+06
pmarg = 7.939119e+01
tdc = 7.428570e+01
Doing analysis at TEMP = 27.000000 and TNOM = 27.000000

Using SPARSE 1.3 as Direct Linear Solver

No. of Data Rows : 801
fcross              =  1.77974e+06
pmarg               =  7.59076e+01
tdc                 =  7.42857e+01
mode=10db  rload=100k  rsrc=2.5k  pos=2  C=1.5n
fcross = 1.779737e+06
pmarg = 7.590764e+01
tdc = 7.428570e+01
Doing analysis at TEMP = 27.000000 and TNOM = 27.000000

Using SPARSE 1.3 as Direct Linear Solver

No. of Data Rows : 801
fcross              =  1.74727e+06
pmarg               =  7.16647e+01
tdc                 =  7.42857e+01
mode=10db  rload=100k  rsrc=2.5k  pos=2  C=2.2n
fcross = 1.747275e+06
pmarg = 7.166466e+01
tdc = 7.428569e+01
Doing analysis at TEMP = 27.000000 and TNOM = 27.000000

Using SPARSE 1.3 as Direct Linear Solver

No. of Data Rows : 801
fcross              =  1.71586e+06
pmarg               =  6.91093e+01
tdc                 =  7.42857e+01
mode=10db  rload=100k  rsrc=2.5k  pos=2  C=2.7n
fcross = 1.715861e+06
pmarg = 6.910931e+01
tdc = 7.428569e+01
Doing analysis at TEMP = 27.000000 and TNOM = 27.000000

Using SPARSE 1.3 as Direct Linear Solver

No. of Data Rows : 801
fcross              =  1.67244e+06
pmarg               =  6.65338e+01
tdc                 =  7.42857e+01
mode=10db  rload=100k  rsrc=2.5k  pos=2  C=3.3n
fcross = 1.672440e+06
pmarg = 6.653380e+01
tdc = 7.428569e+01
Doing analysis at TEMP = 27.000000 and TNOM = 27.000000

Using SPARSE 1.3 as Direct Linear Solver

No. of Data Rows : 801
fcross              =  1.56196e+06
Note: Starting dynamic gmin stepping
Note: Dynamic gmin stepping completed
pmarg               =  6.22183e+01
tdc                 =  7.42857e+01
mode=10db  rload=100k  rsrc=2.5k  pos=2  C=4.7n
fcross = 1.561957e+06
pmarg = 6.221828e+01
tdc = 7.428568e+01
Doing analysis at TEMP = 27.000000 and TNOM = 27.000000

Using SPARSE 1.3 as Direct Linear Solver

No. of Data Rows : 801
fcross              =  1.78444e+06
Note: Starting dynamic gmin stepping
Note: Dynamic gmin stepping completed
pmarg               =  8.71534e+01
tdc                 =  7.42857e+01
mode=10db  rload=100k  rsrc=2.571k  pos=1  C=1f
fcross = 1.784444e+06
pmarg = 8.715338e+01
tdc = 7.428570e+01
Doing analysis at TEMP = 27.000000 and TNOM = 27.000000

Using SPARSE 1.3 as Direct Linear Solver

No. of Data Rows : 801
fcross              =  1.78537e+06
Note: Starting dynamic gmin stepping
Note: Dynamic gmin stepping completed
pmarg               =  8.67788e+01
tdc                 =  7.42857e+01
mode=10db  rload=100k  rsrc=2.571k  pos=1  C=47p
fcross = 1.785370e+06
pmarg = 8.677880e+01
tdc = 7.428570e+01
Doing analysis at TEMP = 27.000000 and TNOM = 27.000000

Using SPARSE 1.3 as Direct Linear Solver

No. of Data Rows : 801
fcross              =  1.78540e+06
Note: Starting dynamic gmin stepping
Note: Dynamic gmin stepping completed
pmarg               =  8.63763e+01
tdc                 =  7.42857e+01
mode=10db  rload=100k  rsrc=2.571k  pos=1  C=100p
fcross = 1.785403e+06
pmarg = 8.637634e+01
tdc = 7.428570e+01
Doing analysis at TEMP = 27.000000 and TNOM = 27.000000

Using SPARSE 1.3 as Direct Linear Solver

No. of Data Rows : 801
fcross              =  1.78159e+06
Note: Starting dynamic gmin stepping
Note: Dynamic gmin stepping completed
pmarg               =  8.55576e+01
tdc                 =  7.42857e+01
mode=10db  rload=100k  rsrc=2.571k  pos=1  C=220p
fcross = 1.781590e+06
pmarg = 8.555760e+01
tdc = 7.428570e+01
Doing analysis at TEMP = 27.000000 and TNOM = 27.000000

Using SPARSE 1.3 as Direct Linear Solver

No. of Data Rows : 801
fcross              =  1.75886e+06
Note: Starting dynamic gmin stepping
Note: Dynamic gmin stepping completed
pmarg               =  8.43302e+01
tdc                 =  7.42857e+01
mode=10db  rload=100k  rsrc=2.571k  pos=1  C=470p
fcross = 1.758863e+06
pmarg = 8.433022e+01
tdc = 7.428570e+01
Doing analysis at TEMP = 27.000000 and TNOM = 27.000000

Using SPARSE 1.3 as Direct Linear Solver

No. of Data Rows : 801
fcross              =  1.67781e+06
Note: Starting dynamic gmin stepping
Note: Dynamic gmin stepping completed
pmarg               =  8.36479e+01
tdc                 =  7.42857e+01
mode=10db  rload=100k  rsrc=2.571k  pos=1  C=1n
fcross = 1.677810e+06
pmarg = 8.364788e+01
tdc = 7.428570e+01
Doing analysis at TEMP = 27.000000 and TNOM = 27.000000

Using SPARSE 1.3 as Direct Linear Solver

No. of Data Rows : 801
fcross              =  1.60180e+06
Note: Starting dynamic gmin stepping
Note: Dynamic gmin stepping completed
pmarg               =  8.43111e+01
tdc                 =  7.42857e+01
mode=10db  rload=100k  rsrc=2.571k  pos=1  C=1.5n
fcross = 1.601796e+06
pmarg = 8.431108e+01
tdc = 7.428570e+01
Doing analysis at TEMP = 27.000000 and TNOM = 27.000000

Using SPARSE 1.3 as Direct Linear Solver

No. of Data Rows : 801
fcross              =  1.52034e+06
Note: Starting dynamic gmin stepping
Note: Dynamic gmin stepping completed
pmarg               =  8.58127e+01
tdc                 =  7.42857e+01
mode=10db  rload=100k  rsrc=2.571k  pos=1  C=2.2n
fcross = 1.520344e+06
pmarg = 8.581269e+01
tdc = 7.428571e+01
Doing analysis at TEMP = 27.000000 and TNOM = 27.000000

Using SPARSE 1.3 as Direct Linear Solver

No. of Data Rows : 801
fcross              =  1.47824e+06
Note: Starting dynamic gmin stepping
Note: Dynamic gmin stepping completed
pmarg               =  8.68886e+01
tdc                 =  7.42857e+01
mode=10db  rload=100k  rsrc=2.571k  pos=1  C=2.7n
fcross = 1.478239e+06
pmarg = 8.688862e+01
tdc = 7.428571e+01
Doing analysis at TEMP = 27.000000 and TNOM = 27.000000

Using SPARSE 1.3 as Direct Linear Solver

No. of Data Rows : 801
fcross              =  1.44060e+06
Note: Starting dynamic gmin stepping
Note: Dynamic gmin stepping completed
pmarg               =  8.80458e+01
tdc                 =  7.42857e+01
mode=10db  rload=100k  rsrc=2.571k  pos=1  C=3.3n
fcross = 1.440599e+06
pmarg = 8.804583e+01
tdc = 7.428571e+01
Doing analysis at TEMP = 27.000000 and TNOM = 27.000000

Using SPARSE 1.3 as Direct Linear Solver

No. of Data Rows : 801
fcross              =  1.38637e+06
Note: Starting dynamic gmin stepping
Note: Dynamic gmin stepping completed
pmarg               =  9.01213e+01
tdc                 =  7.42857e+01
mode=10db  rload=100k  rsrc=2.571k  pos=1  C=4.7n
fcross = 1.386366e+06
pmarg = 9.012132e+01
tdc = 7.428571e+01
Doing analysis at TEMP = 27.000000 and TNOM = 27.000000

Using SPARSE 1.3 as Direct Linear Solver
 Reference value :  1.00000e+00
No. of Data Rows : 801
fcross              =  1.78444e+06
Note: Starting dynamic gmin stepping
Note: Dynamic gmin stepping completed
pmarg               =  8.71534e+01
tdc                 =  7.42857e+01
mode=10db  rload=100k  rsrc=2.571k  pos=2  C=1f
fcross = 1.784444e+06
pmarg = 8.715338e+01
tdc = 7.428570e+01
Doing analysis at TEMP = 27.000000 and TNOM = 27.000000

Using SPARSE 1.3 as Direct Linear Solver

No. of Data Rows : 801
fcross              =  1.78575e+06
Note: Starting dynamic gmin stepping
Note: Dynamic gmin stepping completed
pmarg               =  8.67712e+01
tdc                 =  7.42857e+01
mode=10db  rload=100k  rsrc=2.571k  pos=2  C=47p
fcross = 1.785746e+06
pmarg = 8.677119e+01
tdc = 7.428570e+01
Doing analysis at TEMP = 27.000000 and TNOM = 27.000000

Using SPARSE 1.3 as Direct Linear Solver

No. of Data Rows : 801
fcross              =  1.78711e+06
Note: Starting dynamic gmin stepping
Note: Dynamic gmin stepping completed
pmarg               =  8.63413e+01
tdc                 =  7.42857e+01
mode=10db  rload=100k  rsrc=2.571k  pos=2  C=100p
fcross = 1.787107e+06
pmarg = 8.634131e+01
tdc = 7.428570e+01
Doing analysis at TEMP = 27.000000 and TNOM = 27.000000

Using SPARSE 1.3 as Direct Linear Solver

No. of Data Rows : 801
fcross              =  1.78976e+06
Note: Starting dynamic gmin stepping
Note: Dynamic gmin stepping completed
pmarg               =  8.53730e+01
tdc                 =  7.42857e+01
mode=10db  rload=100k  rsrc=2.571k  pos=2  C=220p
fcross = 1.789762e+06
pmarg = 8.537304e+01
tdc = 7.428570e+01
Doing analysis at TEMP = 27.000000 and TNOM = 27.000000

Using SPARSE 1.3 as Direct Linear Solver

No. of Data Rows : 801
fcross              =  1.79334e+06
Note: Starting dynamic gmin stepping
Note: Dynamic gmin stepping completed
pmarg               =  8.33847e+01
tdc                 =  7.42857e+01
mode=10db  rload=100k  rsrc=2.571k  pos=2  C=470p
fcross = 1.793340e+06
pmarg = 8.338466e+01
tdc = 7.428570e+01
Doing analysis at TEMP = 27.000000 and TNOM = 27.000000

Using SPARSE 1.3 as Direct Linear Solver

No. of Data Rows : 801
fcross              =  1.79193e+06
Note: Starting dynamic gmin stepping
Note: Dynamic gmin stepping completed
pmarg               =  7.93552e+01
tdc                 =  7.42857e+01
mode=10db  rload=100k  rsrc=2.571k  pos=2  C=1n
fcross = 1.791930e+06
pmarg = 7.935520e+01
tdc = 7.428570e+01
Doing analysis at TEMP = 27.000000 and TNOM = 27.000000

Using SPARSE 1.3 as Direct Linear Solver

No. of Data Rows : 801
fcross              =  1.77959e+06
Note: Starting dynamic gmin stepping
Note: Dynamic gmin stepping completed
pmarg               =  7.58721e+01
tdc                 =  7.42857e+01
mode=10db  rload=100k  rsrc=2.571k  pos=2  C=1.5n
fcross = 1.779591e+06
pmarg = 7.587213e+01
tdc = 7.428570e+01
Doing analysis at TEMP = 27.000000 and TNOM = 27.000000

Using SPARSE 1.3 as Direct Linear Solver

No. of Data Rows : 801
fcross              =  1.74714e+06
Note: Starting dynamic gmin stepping
Note: Dynamic gmin stepping completed
pmarg               =  7.16299e+01
tdc                 =  7.42857e+01
mode=10db  rload=100k  rsrc=2.571k  pos=2  C=2.2n
fcross = 1.747141e+06
pmarg = 7.162993e+01
tdc = 7.428569e+01
Doing analysis at TEMP = 27.000000 and TNOM = 27.000000

Using SPARSE 1.3 as Direct Linear Solver

No. of Data Rows : 801
fcross              =  1.71574e+06
Note: Starting dynamic gmin stepping
Note: Dynamic gmin stepping completed
pmarg               =  6.90752e+01
tdc                 =  7.42857e+01
mode=10db  rload=100k  rsrc=2.571k  pos=2  C=2.7n
fcross = 1.715739e+06
pmarg = 6.907521e+01
tdc = 7.428569e+01
Doing analysis at TEMP = 27.000000 and TNOM = 27.000000

Using SPARSE 1.3 as Direct Linear Solver

No. of Data Rows : 801
fcross              =  1.67233e+06
Note: Starting dynamic gmin stepping
Note: Dynamic gmin stepping completed
pmarg               =  6.65005e+01
tdc                 =  7.42857e+01
mode=10db  rload=100k  rsrc=2.571k  pos=2  C=3.3n
fcross = 1.672331e+06
pmarg = 6.650049e+01
tdc = 7.428569e+01
Doing analysis at TEMP = 27.000000 and TNOM = 27.000000

Using SPARSE 1.3 as Direct Linear Solver

No. of Data Rows : 801
fcross              =  1.56188e+06
pmarg               =  6.21869e+01
tdc                 =  7.42857e+01
mode=10db  rload=100k  rsrc=2.571k  pos=2  C=4.7n
fcross = 1.561875e+06
pmarg = 6.218685e+01
tdc = 7.428568e+01
Doing analysis at TEMP = 27.000000 and TNOM = 27.000000

Using SPARSE 1.3 as Direct Linear Solver

No. of Data Rows : 801
fcross              =  1.78436e+06
pmarg               =  8.71329e+01
tdc                 =  7.42857e+01
mode=10db  rload=100k  rsrc=2.611k  pos=1  C=1f
fcross = 1.784359e+06
pmarg = 8.713285e+01
tdc = 7.428570e+01
Doing analysis at TEMP = 27.000000 and TNOM = 27.000000

Using SPARSE 1.3 as Direct Linear Solver

No. of Data Rows : 801
fcross              =  1.78528e+06
pmarg               =  8.67583e+01
tdc                 =  7.42857e+01
mode=10db  rload=100k  rsrc=2.611k  pos=1  C=47p
fcross = 1.785285e+06
pmarg = 8.675827e+01
tdc = 7.428570e+01
Doing analysis at TEMP = 27.000000 and TNOM = 27.000000

Using SPARSE 1.3 as Direct Linear Solver

No. of Data Rows : 801
fcross              =  1.78532e+06
pmarg               =  8.63558e+01
tdc                 =  7.42857e+01
mode=10db  rload=100k  rsrc=2.611k  pos=1  C=100p
fcross = 1.785318e+06
pmarg = 8.635583e+01
tdc = 7.428570e+01
Doing analysis at TEMP = 27.000000 and TNOM = 27.000000

Using SPARSE 1.3 as Direct Linear Solver

No. of Data Rows : 801
fcross              =  1.78151e+06
pmarg               =  8.55372e+01
tdc                 =  7.42857e+01
mode=10db  rload=100k  rsrc=2.611k  pos=1  C=220p
fcross = 1.781506e+06
pmarg = 8.553717e+01
tdc = 7.428570e+01
Doing analysis at TEMP = 27.000000 and TNOM = 27.000000

Using SPARSE 1.3 as Direct Linear Solver

No. of Data Rows : 801
fcross              =  1.75878e+06
pmarg               =  8.43100e+01
tdc                 =  7.42857e+01
mode=10db  rload=100k  rsrc=2.611k  pos=1  C=470p
fcross = 1.758784e+06
pmarg = 8.431004e+01
tdc = 7.428570e+01
Doing analysis at TEMP = 27.000000 and TNOM = 27.000000

Using SPARSE 1.3 as Direct Linear Solver

No. of Data Rows : 801
fcross              =  1.67774e+06
pmarg               =  8.36285e+01
tdc                 =  7.42857e+01
mode=10db  rload=100k  rsrc=2.611k  pos=1  C=1n
fcross = 1.677744e+06
pmarg = 8.362846e+01
tdc = 7.428570e+01
Doing analysis at TEMP = 27.000000 and TNOM = 27.000000

Using SPARSE 1.3 as Direct Linear Solver

No. of Data Rows : 801
fcross              =  1.60174e+06
pmarg               =  8.42924e+01
tdc                 =  7.42857e+01
mode=10db  rload=100k  rsrc=2.611k  pos=1  C=1.5n
fcross = 1.601740e+06
pmarg = 8.429236e+01
tdc = 7.428570e+01
Doing analysis at TEMP = 27.000000 and TNOM = 27.000000

Using SPARSE 1.3 as Direct Linear Solver

No. of Data Rows : 801
fcross              =  1.52030e+06
pmarg               =  8.57948e+01
tdc                 =  7.42857e+01
mode=10db  rload=100k  rsrc=2.611k  pos=1  C=2.2n
fcross = 1.520295e+06
pmarg = 8.579478e+01
tdc = 7.428571e+01
Doing analysis at TEMP = 27.000000 and TNOM = 27.000000

Using SPARSE 1.3 as Direct Linear Solver

No. of Data Rows : 801
fcross              =  1.47819e+06
pmarg               =  8.68711e+01
tdc                 =  7.42857e+01
mode=10db  rload=100k  rsrc=2.611k  pos=1  C=2.7n
fcross = 1.478194e+06
pmarg = 8.687114e+01
tdc = 7.428571e+01
Doing analysis at TEMP = 27.000000 and TNOM = 27.000000

Using SPARSE 1.3 as Direct Linear Solver

No. of Data Rows : 801
fcross              =  1.44056e+06
pmarg               =  8.80288e+01
tdc                 =  7.42857e+01
mode=10db  rload=100k  rsrc=2.611k  pos=1  C=3.3n
fcross = 1.440557e+06
pmarg = 8.802875e+01
tdc = 7.428571e+01
Doing analysis at TEMP = 27.000000 and TNOM = 27.000000

Using SPARSE 1.3 as Direct Linear Solver

No. of Data Rows : 801
fcross              =  1.38633e+06
pmarg               =  9.01048e+01
tdc                 =  7.42857e+01
mode=10db  rload=100k  rsrc=2.611k  pos=1  C=4.7n
fcross = 1.386326e+06
pmarg = 9.010485e+01
tdc = 7.428571e+01
Doing analysis at TEMP = 27.000000 and TNOM = 27.000000

Using SPARSE 1.3 as Direct Linear Solver

No. of Data Rows : 801
fcross              =  1.78436e+06
pmarg               =  8.71329e+01
tdc                 =  7.42857e+01
mode=10db  rload=100k  rsrc=2.611k  pos=2  C=1f
fcross = 1.784359e+06
pmarg = 8.713285e+01
tdc = 7.428570e+01
Doing analysis at TEMP = 27.000000 and TNOM = 27.000000

Using SPARSE 1.3 as Direct Linear Solver

No. of Data Rows : 801
fcross              =  1.78566e+06
pmarg               =  8.67507e+01
tdc                 =  7.42857e+01
mode=10db  rload=100k  rsrc=2.611k  pos=2  C=47p
fcross = 1.785661e+06
pmarg = 8.675067e+01
tdc = 7.428570e+01
Doing analysis at TEMP = 27.000000 and TNOM = 27.000000

Using SPARSE 1.3 as Direct Linear Solver

No. of Data Rows : 801
fcross              =  1.78702e+06
pmarg               =  8.63208e+01
tdc                 =  7.42857e+01
mode=10db  rload=100k  rsrc=2.611k  pos=2  C=100p
fcross = 1.787022e+06
pmarg = 8.632079e+01
tdc = 7.428570e+01
Doing analysis at TEMP = 27.000000 and TNOM = 27.000000

Using SPARSE 1.3 as Direct Linear Solver

No. of Data Rows : 801
fcross              =  1.78968e+06
pmarg               =  8.53525e+01
tdc                 =  7.42857e+01
mode=10db  rload=100k  rsrc=2.611k  pos=2  C=220p
fcross = 1.789676e+06
pmarg = 8.535255e+01
tdc = 7.428570e+01
Doing analysis at TEMP = 27.000000 and TNOM = 27.000000

Using SPARSE 1.3 as Direct Linear Solver

No. of Data Rows : 801
fcross              =  1.79325e+06
pmarg               =  8.33642e+01
tdc                 =  7.42857e+01
mode=10db  rload=100k  rsrc=2.611k  pos=2  C=470p
fcross = 1.793254e+06
pmarg = 8.336423e+01
tdc = 7.428570e+01
Doing analysis at TEMP = 27.000000 and TNOM = 27.000000

Using SPARSE 1.3 as Direct Linear Solver

No. of Data Rows : 801
fcross              =  1.79184e+06
pmarg               =  7.93350e+01
tdc                 =  7.42857e+01
mode=10db  rload=100k  rsrc=2.611k  pos=2  C=1n
fcross = 1.791844e+06
pmarg = 7.933498e+01
tdc = 7.428570e+01
Doing analysis at TEMP = 27.000000 and TNOM = 27.000000

Using SPARSE 1.3 as Direct Linear Solver

No. of Data Rows : 801
fcross              =  1.77951e+06
pmarg               =  7.58522e+01
tdc                 =  7.42857e+01
mode=10db  rload=100k  rsrc=2.611k  pos=2  C=1.5n
fcross = 1.779507e+06
pmarg = 7.585217e+01
tdc = 7.428570e+01
Doing analysis at TEMP = 27.000000 and TNOM = 27.000000

Using SPARSE 1.3 as Direct Linear Solver

No. of Data Rows : 801
fcross              =  1.74706e+06
pmarg               =  7.16104e+01
tdc                 =  7.42857e+01
mode=10db  rload=100k  rsrc=2.611k  pos=2  C=2.2n
fcross = 1.747065e+06
pmarg = 7.161042e+01
tdc = 7.428569e+01
Doing analysis at TEMP = 27.000000 and TNOM = 27.000000

Using SPARSE 1.3 as Direct Linear Solver

No. of Data Rows : 801
fcross              =  1.71567e+06
pmarg               =  6.90560e+01
tdc                 =  7.42857e+01
mode=10db  rload=100k  rsrc=2.611k  pos=2  C=2.7n
fcross = 1.715669e+06
pmarg = 6.905605e+01
tdc = 7.428569e+01
Doing analysis at TEMP = 27.000000 and TNOM = 27.000000

Using SPARSE 1.3 as Direct Linear Solver

No. of Data Rows : 801
fcross              =  1.67227e+06
pmarg               =  6.64818e+01
tdc                 =  7.42857e+01
mode=10db  rload=100k  rsrc=2.611k  pos=2  C=3.3n
fcross = 1.672268e+06
pmarg = 6.648177e+01
tdc = 7.428569e+01
Doing analysis at TEMP = 27.000000 and TNOM = 27.000000

Using SPARSE 1.3 as Direct Linear Solver

No. of Data Rows : 801
fcross              =  1.56183e+06
pmarg               =  6.21692e+01
tdc                 =  7.42857e+01
mode=10db  rload=100k  rsrc=2.611k  pos=2  C=4.7n
fcross = 1.561828e+06
pmarg = 6.216918e+01
tdc = 7.428568e+01
Doing analysis at TEMP = 27.000000 and TNOM = 27.000000

Using SPARSE 1.3 as Direct Linear Solver

No. of Data Rows : 801
fcross              =  1.78496e+06
pmarg               =  8.85759e+01
tdc                 =  7.42153e+01
mode=10db  rload=10k  rsrc=1m  pos=1  C=1f
fcross = 1.784962e+06
pmarg = 8.857587e+01
tdc = 7.421532e+01
Doing analysis at TEMP = 27.000000 and TNOM = 27.000000

Using SPARSE 1.3 as Direct Linear Solver

No. of Data Rows : 801
fcross              =  1.78588e+06
pmarg               =  8.82054e+01
tdc                 =  7.42153e+01
mode=10db  rload=10k  rsrc=1m  pos=1  C=47p
fcross = 1.785882e+06
pmarg = 8.820540e+01
tdc = 7.421532e+01
Doing analysis at TEMP = 27.000000 and TNOM = 27.000000

Using SPARSE 1.3 as Direct Linear Solver

No. of Data Rows : 801
fcross              =  1.78592e+06
pmarg               =  8.78066e+01
tdc                 =  7.42153e+01
mode=10db  rload=10k  rsrc=1m  pos=1  C=100p
fcross = 1.785921e+06
pmarg = 8.780657e+01
tdc = 7.421532e+01
Doing analysis at TEMP = 27.000000 and TNOM = 27.000000

Using SPARSE 1.3 as Direct Linear Solver

No. of Data Rows : 801
fcross              =  1.78216e+06
pmarg               =  8.69919e+01
tdc                 =  7.42153e+01
mode=10db  rload=10k  rsrc=1m  pos=1  C=220p
fcross = 1.782157e+06
pmarg = 8.699188e+01
tdc = 7.421533e+01
Doing analysis at TEMP = 27.000000 and TNOM = 27.000000

Using SPARSE 1.3 as Direct Linear Solver

No. of Data Rows : 801
fcross              =  1.75965e+06
pmarg               =  8.57554e+01
tdc                 =  7.42153e+01
mode=10db  rload=10k  rsrc=1m  pos=1  C=470p
fcross = 1.759654e+06
pmarg = 8.575542e+01
tdc = 7.421533e+01
Doing analysis at TEMP = 27.000000 and TNOM = 27.000000

Using SPARSE 1.3 as Direct Linear Solver

No. of Data Rows : 801
fcross              =  1.67916e+06
pmarg               =  8.50079e+01
tdc                 =  7.42153e+01
mode=10db  rload=10k  rsrc=1m  pos=1  C=1n
fcross = 1.679158e+06
pmarg = 8.500794e+01
tdc = 7.421535e+01
Doing analysis at TEMP = 27.000000 and TNOM = 27.000000

Using SPARSE 1.3 as Direct Linear Solver

No. of Data Rows : 801
fcross              =  1.60344e+06
pmarg               =  8.56021e+01
tdc                 =  7.42154e+01
mode=10db  rload=10k  rsrc=1m  pos=1  C=1.5n
fcross = 1.603437e+06
pmarg = 8.560209e+01
tdc = 7.421536e+01
Doing analysis at TEMP = 27.000000 and TNOM = 27.000000

Using SPARSE 1.3 as Direct Linear Solver

No. of Data Rows : 801
fcross              =  1.52213e+06
pmarg               =  8.70282e+01
tdc                 =  7.42154e+01
mode=10db  rload=10k  rsrc=1m  pos=1  C=2.2n
fcross = 1.522126e+06
pmarg = 8.702816e+01
tdc = 7.421538e+01
Doing analysis at TEMP = 27.000000 and TNOM = 27.000000

Using SPARSE 1.3 as Direct Linear Solver

No. of Data Rows : 801
fcross              =  1.48002e+06
pmarg               =  8.80651e+01
tdc                 =  7.42154e+01
mode=10db  rload=10k  rsrc=1m  pos=1  C=2.7n
fcross = 1.480020e+06
pmarg = 8.806514e+01
tdc = 7.421539e+01
Doing analysis at TEMP = 27.000000 and TNOM = 27.000000

Using SPARSE 1.3 as Direct Linear Solver

No. of Data Rows : 801
fcross              =  1.44234e+06
pmarg               =  8.91879e+01
tdc                 =  7.42154e+01
mode=10db  rload=10k  rsrc=1m  pos=1  C=3.3n
fcross = 1.442343e+06
pmarg = 8.918786e+01
tdc = 7.421541e+01
Doing analysis at TEMP = 27.000000 and TNOM = 27.000000

Using SPARSE 1.3 as Direct Linear Solver

No. of Data Rows : 801
fcross              =  1.38803e+06
pmarg               =  9.12142e+01
tdc                 =  7.42154e+01
mode=10db  rload=10k  rsrc=1m  pos=1  C=4.7n
fcross = 1.388033e+06
pmarg = 9.121418e+01
tdc = 7.421545e+01
Doing analysis at TEMP = 27.000000 and TNOM = 27.000000

Using SPARSE 1.3 as Direct Linear Solver

No. of Data Rows : 801
fcross              =  1.78496e+06
pmarg               =  8.85759e+01
tdc                 =  7.42153e+01
mode=10db  rload=10k  rsrc=1m  pos=2  C=1f
fcross = 1.784962e+06
pmarg = 8.857587e+01
tdc = 7.421532e+01
Doing analysis at TEMP = 27.000000 and TNOM = 27.000000

Using SPARSE 1.3 as Direct Linear Solver

No. of Data Rows : 801
fcross              =  1.78627e+06
pmarg               =  8.81950e+01
tdc                 =  7.42153e+01
mode=10db  rload=10k  rsrc=1m  pos=2  C=47p
fcross = 1.786266e+06
pmarg = 8.819497e+01
tdc = 7.421532e+01
Doing analysis at TEMP = 27.000000 and TNOM = 27.000000

Using SPARSE 1.3 as Direct Linear Solver

No. of Data Rows : 801
fcross              =  1.78763e+06
pmarg               =  8.77665e+01
tdc                 =  7.42153e+01
mode=10db  rload=10k  rsrc=1m  pos=2  C=100p
fcross = 1.787629e+06
pmarg = 8.776646e+01
tdc = 7.421532e+01
Doing analysis at TEMP = 27.000000 and TNOM = 27.000000

Using SPARSE 1.3 as Direct Linear Solver

No. of Data Rows : 801
fcross              =  1.79029e+06
pmarg               =  8.68010e+01
tdc                 =  7.42153e+01
mode=10db  rload=10k  rsrc=1m  pos=2  C=220p
fcross = 1.790287e+06
pmarg = 8.680098e+01
tdc = 7.421532e+01
Doing analysis at TEMP = 27.000000 and TNOM = 27.000000

Using SPARSE 1.3 as Direct Linear Solver

No. of Data Rows : 801
fcross              =  1.79387e+06
pmarg               =  8.48169e+01
tdc                 =  7.42153e+01
mode=10db  rload=10k  rsrc=1m  pos=2  C=470p
fcross = 1.793869e+06
pmarg = 8.481692e+01
tdc = 7.421532e+01
Doing analysis at TEMP = 27.000000 and TNOM = 27.000000

Using SPARSE 1.3 as Direct Linear Solver

No. of Data Rows : 801
fcross              =  1.79245e+06
pmarg               =  8.07898e+01
tdc                 =  7.42153e+01
mode=10db  rload=10k  rsrc=1m  pos=2  C=1n
fcross = 1.792449e+06
pmarg = 8.078983e+01
tdc = 7.421532e+01
Doing analysis at TEMP = 27.000000 and TNOM = 27.000000

Using SPARSE 1.3 as Direct Linear Solver
 Reference value :  2.81838e+07
No. of Data Rows : 801
fcross              =  1.78008e+06
pmarg               =  7.73006e+01
tdc                 =  7.42153e+01
mode=10db  rload=10k  rsrc=1m  pos=2  C=1.5n
fcross = 1.780080e+06
pmarg = 7.730061e+01
tdc = 7.421531e+01
Doing analysis at TEMP = 27.000000 and TNOM = 27.000000

Using SPARSE 1.3 as Direct Linear Solver

No. of Data Rows : 801
fcross              =  1.74756e+06
pmarg               =  7.30381e+01
tdc                 =  7.42153e+01
mode=10db  rload=10k  rsrc=1m  pos=2  C=2.2n
fcross = 1.747559e+06
pmarg = 7.303815e+01
tdc = 7.421531e+01
Doing analysis at TEMP = 27.000000 and TNOM = 27.000000

Using SPARSE 1.3 as Direct Linear Solver

No. of Data Rows : 801
fcross              =  1.71610e+06
pmarg               =  7.04624e+01
tdc                 =  7.42153e+01
mode=10db  rload=10k  rsrc=1m  pos=2  C=2.7n
fcross = 1.716097e+06
pmarg = 7.046241e+01
tdc = 7.421531e+01
Doing analysis at TEMP = 27.000000 and TNOM = 27.000000

Using SPARSE 1.3 as Direct Linear Solver

No. of Data Rows : 801
fcross              =  1.67262e+06
pmarg               =  6.78576e+01
tdc                 =  7.42153e+01
mode=10db  rload=10k  rsrc=1m  pos=2  C=3.3n
fcross = 1.672619e+06
pmarg = 6.785761e+01
tdc = 7.421531e+01
Doing analysis at TEMP = 27.000000 and TNOM = 27.000000

Using SPARSE 1.3 as Direct Linear Solver

No. of Data Rows : 801
fcross              =  1.56203e+06
pmarg               =  6.34645e+01
tdc                 =  7.42153e+01
mode=10db  rload=10k  rsrc=1m  pos=2  C=4.7n
fcross = 1.562026e+06
pmarg = 6.346454e+01
tdc = 7.421530e+01
Doing analysis at TEMP = 27.000000 and TNOM = 27.000000

Using SPARSE 1.3 as Direct Linear Solver

No. of Data Rows : 801
fcross              =  1.78432e+06
pmarg               =  8.80272e+01
tdc                 =  7.42153e+01
mode=10db  rload=10k  rsrc=1k  pos=1  C=1f
fcross = 1.784322e+06
pmarg = 8.802723e+01
tdc = 7.421531e+01
Doing analysis at TEMP = 27.000000 and TNOM = 27.000000

Using SPARSE 1.3 as Direct Linear Solver

No. of Data Rows : 801
fcross              =  1.78524e+06
pmarg               =  8.76566e+01
tdc                 =  7.42153e+01
mode=10db  rload=10k  rsrc=1k  pos=1  C=47p
fcross = 1.785241e+06
pmarg = 8.765661e+01
tdc = 7.421532e+01
Doing analysis at TEMP = 27.000000 and TNOM = 27.000000

Using SPARSE 1.3 as Direct Linear Solver

No. of Data Rows : 801
fcross              =  1.78528e+06
pmarg               =  8.72579e+01
tdc                 =  7.42153e+01
mode=10db  rload=10k  rsrc=1k  pos=1  C=100p
fcross = 1.785280e+06
pmarg = 8.725790e+01
tdc = 7.421532e+01
Doing analysis at TEMP = 27.000000 and TNOM = 27.000000

Using SPARSE 1.3 as Direct Linear Solver

No. of Data Rows : 801
fcross              =  1.78152e+06
pmarg               =  8.64446e+01
tdc                 =  7.42153e+01
mode=10db  rload=10k  rsrc=1k  pos=1  C=220p
fcross = 1.781522e+06
pmarg = 8.644458e+01
tdc = 7.421532e+01
Doing analysis at TEMP = 27.000000 and TNOM = 27.000000

Using SPARSE 1.3 as Direct Linear Solver

No. of Data Rows : 801
fcross              =  1.75906e+06
pmarg               =  8.52150e+01
tdc                 =  7.42153e+01
mode=10db  rload=10k  rsrc=1k  pos=1  C=470p
fcross = 1.759059e+06
pmarg = 8.521497e+01
tdc = 7.421533e+01
Doing analysis at TEMP = 27.000000 and TNOM = 27.000000

Using SPARSE 1.3 as Direct Linear Solver

No. of Data Rows : 801
fcross              =  1.67867e+06
pmarg               =  8.44910e+01
tdc                 =  7.42153e+01
mode=10db  rload=10k  rsrc=1k  pos=1  C=1n
fcross = 1.678665e+06
pmarg = 8.449098e+01
tdc = 7.421534e+01
Doing analysis at TEMP = 27.000000 and TNOM = 27.000000

Using SPARSE 1.3 as Direct Linear Solver

No. of Data Rows : 801
fcross              =  1.60302e+06
pmarg               =  8.51072e+01
tdc                 =  7.42154e+01
mode=10db  rload=10k  rsrc=1k  pos=1  C=1.5n
fcross = 1.603016e+06
pmarg = 8.510724e+01
tdc = 7.421536e+01
Doing analysis at TEMP = 27.000000 and TNOM = 27.000000

Using SPARSE 1.3 as Direct Linear Solver

No. of Data Rows : 801
fcross              =  1.52176e+06
pmarg               =  8.65574e+01
tdc                 =  7.42154e+01
mode=10db  rload=10k  rsrc=1k  pos=1  C=2.2n
fcross = 1.521761e+06
pmarg = 8.655736e+01
tdc = 7.421537e+01
Doing analysis at TEMP = 27.000000 and TNOM = 27.000000

Using SPARSE 1.3 as Direct Linear Solver

No. of Data Rows : 801
fcross              =  1.47968e+06
pmarg               =  8.76070e+01
tdc                 =  7.42154e+01
mode=10db  rload=10k  rsrc=1k  pos=1  C=2.7n
fcross = 1.479678e+06
pmarg = 8.760696e+01
tdc = 7.421539e+01
Doing analysis at TEMP = 27.000000 and TNOM = 27.000000

Using SPARSE 1.3 as Direct Linear Solver

No. of Data Rows : 801
fcross              =  1.44202e+06
pmarg               =  8.87410e+01
tdc                 =  7.42154e+01
mode=10db  rload=10k  rsrc=1k  pos=1  C=3.3n
fcross = 1.442023e+06
pmarg = 8.874103e+01
tdc = 7.421540e+01
Doing analysis at TEMP = 27.000000 and TNOM = 27.000000

Using SPARSE 1.3 as Direct Linear Solver

No. of Data Rows : 801
fcross              =  1.38773e+06
pmarg               =  9.07840e+01
tdc                 =  7.42154e+01
mode=10db  rload=10k  rsrc=1k  pos=1  C=4.7n
fcross = 1.387730e+06
pmarg = 9.078397e+01
tdc = 7.421544e+01
Doing analysis at TEMP = 27.000000 and TNOM = 27.000000

Using SPARSE 1.3 as Direct Linear Solver

No. of Data Rows : 801
fcross              =  1.78432e+06
pmarg               =  8.80272e+01
tdc                 =  7.42153e+01
mode=10db  rload=10k  rsrc=1k  pos=2  C=1f
fcross = 1.784322e+06
pmarg = 8.802723e+01
tdc = 7.421531e+01
Doing analysis at TEMP = 27.000000 and TNOM = 27.000000

Using SPARSE 1.3 as Direct Linear Solver

No. of Data Rows : 801
fcross              =  1.78562e+06
pmarg               =  8.76461e+01
tdc                 =  7.42153e+01
mode=10db  rload=10k  rsrc=1k  pos=2  C=47p
fcross = 1.785624e+06
pmarg = 8.764608e+01
tdc = 7.421531e+01
Doing analysis at TEMP = 27.000000 and TNOM = 27.000000

Using SPARSE 1.3 as Direct Linear Solver

No. of Data Rows : 801
fcross              =  1.78699e+06
pmarg               =  8.72173e+01
tdc                 =  7.42153e+01
mode=10db  rload=10k  rsrc=1k  pos=2  C=100p
fcross = 1.786985e+06
pmarg = 8.721731e+01
tdc = 7.421531e+01
Doing analysis at TEMP = 27.000000 and TNOM = 27.000000

Using SPARSE 1.3 as Direct Linear Solver

No. of Data Rows : 801
fcross              =  1.78964e+06
pmarg               =  8.62514e+01
tdc                 =  7.42153e+01
mode=10db  rload=10k  rsrc=1k  pos=2  C=220p
fcross = 1.789641e+06
pmarg = 8.625138e+01
tdc = 7.421531e+01
Doing analysis at TEMP = 27.000000 and TNOM = 27.000000

Using SPARSE 1.3 as Direct Linear Solver

No. of Data Rows : 801
fcross              =  1.79322e+06
pmarg               =  8.42670e+01
tdc                 =  7.42153e+01
mode=10db  rload=10k  rsrc=1k  pos=2  C=470p
fcross = 1.793218e+06
pmarg = 8.426696e+01
tdc = 7.421531e+01
Doing analysis at TEMP = 27.000000 and TNOM = 27.000000

Using SPARSE 1.3 as Direct Linear Solver

No. of Data Rows : 801
fcross              =  1.79180e+06
pmarg               =  8.02416e+01
tdc                 =  7.42153e+01
mode=10db  rload=10k  rsrc=1k  pos=2  C=1n
fcross = 1.791802e+06
pmarg = 8.024164e+01
tdc = 7.421531e+01
Doing analysis at TEMP = 27.000000 and TNOM = 27.000000

Using SPARSE 1.3 as Direct Linear Solver

No. of Data Rows : 801
fcross              =  1.77945e+06
pmarg               =  7.67571e+01
tdc                 =  7.42153e+01
mode=10db  rload=10k  rsrc=1k  pos=2  C=1.5n
fcross = 1.779452e+06
pmarg = 7.675713e+01
tdc = 7.421531e+01
Doing analysis at TEMP = 27.000000 and TNOM = 27.000000

Using SPARSE 1.3 as Direct Linear Solver

No. of Data Rows : 801
fcross              =  1.74699e+06
pmarg               =  7.25051e+01
tdc                 =  7.42153e+01
mode=10db  rload=10k  rsrc=1k  pos=2  C=2.2n
fcross = 1.746987e+06
pmarg = 7.250514e+01
tdc = 7.421531e+01
Doing analysis at TEMP = 27.000000 and TNOM = 27.000000

Using SPARSE 1.3 as Direct Linear Solver

No. of Data Rows : 801
fcross              =  1.71557e+06
pmarg               =  6.99390e+01
tdc                 =  7.42153e+01
mode=10db  rload=10k  rsrc=1k  pos=2  C=2.7n
fcross = 1.715573e+06
pmarg = 6.993895e+01
tdc = 7.421530e+01
Doing analysis at TEMP = 27.000000 and TNOM = 27.000000

Using SPARSE 1.3 as Direct Linear Solver

No. of Data Rows : 801
fcross              =  1.67215e+06
pmarg               =  6.73471e+01
tdc                 =  7.42153e+01
mode=10db  rload=10k  rsrc=1k  pos=2  C=3.3n
fcross = 1.672152e+06
pmarg = 6.734709e+01
tdc = 7.421530e+01
Doing analysis at TEMP = 27.000000 and TNOM = 27.000000

Using SPARSE 1.3 as Direct Linear Solver

No. of Data Rows : 801
fcross              =  1.56168e+06
pmarg               =  6.29864e+01
tdc                 =  7.42153e+01
mode=10db  rload=10k  rsrc=1k  pos=2  C=4.7n
fcross = 1.561678e+06
pmarg = 6.298641e+01
tdc = 7.421530e+01
Doing analysis at TEMP = 27.000000 and TNOM = 27.000000

Using SPARSE 1.3 as Direct Linear Solver

No. of Data Rows : 801
fcross              =  1.78203e+06
pmarg               =  8.72358e+01
tdc                 =  7.42153e+01
mode=10db  rload=10k  rsrc=2.5k  pos=1  C=1f
fcross = 1.782031e+06
pmarg = 8.723584e+01
tdc = 7.421532e+01
Doing analysis at TEMP = 27.000000 and TNOM = 27.000000

Using SPARSE 1.3 as Direct Linear Solver

No. of Data Rows : 801
fcross              =  1.78295e+06
pmarg               =  8.68653e+01
tdc                 =  7.42153e+01
mode=10db  rload=10k  rsrc=2.5k  pos=1  C=47p
fcross = 1.782946e+06
pmarg = 8.686533e+01
tdc = 7.421532e+01
Doing analysis at TEMP = 27.000000 and TNOM = 27.000000

Using SPARSE 1.3 as Direct Linear Solver

No. of Data Rows : 801
fcross              =  1.78298e+06
pmarg               =  8.64671e+01
tdc                 =  7.42153e+01
mode=10db  rload=10k  rsrc=2.5k  pos=1  C=100p
fcross = 1.782984e+06
pmarg = 8.646711e+01
tdc = 7.421532e+01
Doing analysis at TEMP = 27.000000 and TNOM = 27.000000

Using SPARSE 1.3 as Direct Linear Solver

No. of Data Rows : 801
fcross              =  1.77925e+06
pmarg               =  8.56562e+01
tdc                 =  7.42153e+01
mode=10db  rload=10k  rsrc=2.5k  pos=1  C=220p
fcross = 1.779245e+06
pmarg = 8.565624e+01
tdc = 7.421533e+01
Doing analysis at TEMP = 27.000000 and TNOM = 27.000000

Using SPARSE 1.3 as Direct Linear Solver

No. of Data Rows : 801
fcross              =  1.75693e+06
pmarg               =  8.44363e+01
tdc                 =  7.42153e+01
mode=10db  rload=10k  rsrc=2.5k  pos=1  C=470p
fcross = 1.756925e+06
pmarg = 8.443633e+01
tdc = 7.421533e+01
Doing analysis at TEMP = 27.000000 and TNOM = 27.000000

Using SPARSE 1.3 as Direct Linear Solver

No. of Data Rows : 801
fcross              =  1.67690e+06
pmarg               =  8.37433e+01
tdc                 =  7.42153e+01
mode=10db  rload=10k  rsrc=2.5k  pos=1  C=1n
fcross = 1.676899e+06
pmarg = 8.374330e+01
tdc = 7.421535e+01
Doing analysis at TEMP = 27.000000 and TNOM = 27.000000

Using SPARSE 1.3 as Direct Linear Solver

No. of Data Rows : 801
fcross              =  1.60151e+06
pmarg               =  8.43887e+01
tdc                 =  7.42154e+01
mode=10db  rload=10k  rsrc=2.5k  pos=1  C=1.5n
fcross = 1.601508e+06
pmarg = 8.438874e+01
tdc = 7.421536e+01
Doing analysis at TEMP = 27.000000 and TNOM = 27.000000

Using SPARSE 1.3 as Direct Linear Solver

No. of Data Rows : 801
fcross              =  1.52045e+06
pmarg               =  8.58713e+01
tdc                 =  7.42154e+01
mode=10db  rload=10k  rsrc=2.5k  pos=1  C=2.2n
fcross = 1.520455e+06
pmarg = 8.587132e+01
tdc = 7.421538e+01
Doing analysis at TEMP = 27.000000 and TNOM = 27.000000

Using SPARSE 1.3 as Direct Linear Solver

No. of Data Rows : 801
fcross              =  1.47846e+06
pmarg               =  8.69382e+01
tdc                 =  7.42154e+01
mode=10db  rload=10k  rsrc=2.5k  pos=1  C=2.7n
fcross = 1.478463e+06
pmarg = 8.693824e+01
tdc = 7.421539e+01
Doing analysis at TEMP = 27.000000 and TNOM = 27.000000

Using SPARSE 1.3 as Direct Linear Solver

No. of Data Rows : 801
fcross              =  1.44088e+06
pmarg               =  8.80881e+01
tdc                 =  7.42154e+01
mode=10db  rload=10k  rsrc=2.5k  pos=1  C=3.3n
fcross = 1.440879e+06
pmarg = 8.808814e+01
tdc = 7.421541e+01
Doing analysis at TEMP = 27.000000 and TNOM = 27.000000

Using SPARSE 1.3 as Direct Linear Solver

No. of Data Rows : 801
fcross              =  1.38665e+06
pmarg               =  9.01548e+01
tdc                 =  7.42154e+01
mode=10db  rload=10k  rsrc=2.5k  pos=1  C=4.7n
fcross = 1.386648e+06
pmarg = 9.015479e+01
tdc = 7.421545e+01
Doing analysis at TEMP = 27.000000 and TNOM = 27.000000

Using SPARSE 1.3 as Direct Linear Solver

No. of Data Rows : 801
fcross              =  1.78203e+06
pmarg               =  8.72358e+01
tdc                 =  7.42153e+01
mode=10db  rload=10k  rsrc=2.5k  pos=2  C=1f
fcross = 1.782031e+06
pmarg = 8.723584e+01
tdc = 7.421532e+01
Doing analysis at TEMP = 27.000000 and TNOM = 27.000000

Using SPARSE 1.3 as Direct Linear Solver

No. of Data Rows : 801
fcross              =  1.78333e+06
pmarg               =  8.68547e+01
tdc                 =  7.42153e+01
mode=10db  rload=10k  rsrc=2.5k  pos=2  C=47p
fcross = 1.783326e+06
pmarg = 8.685466e+01
tdc = 7.421532e+01
Doing analysis at TEMP = 27.000000 and TNOM = 27.000000

Using SPARSE 1.3 as Direct Linear Solver

No. of Data Rows : 801
fcross              =  1.78468e+06
pmarg               =  8.64259e+01
tdc                 =  7.42153e+01
mode=10db  rload=10k  rsrc=2.5k  pos=2  C=100p
fcross = 1.784681e+06
pmarg = 8.642590e+01
tdc = 7.421532e+01
Doing analysis at TEMP = 27.000000 and TNOM = 27.000000

Using SPARSE 1.3 as Direct Linear Solver

No. of Data Rows : 801
fcross              =  1.78732e+06
pmarg               =  8.54602e+01
tdc                 =  7.42153e+01
mode=10db  rload=10k  rsrc=2.5k  pos=2  C=220p
fcross = 1.787322e+06
pmarg = 8.546018e+01
tdc = 7.421532e+01
Doing analysis at TEMP = 27.000000 and TNOM = 27.000000

Using SPARSE 1.3 as Direct Linear Solver

No. of Data Rows : 801
fcross              =  1.79088e+06
pmarg               =  8.34769e+01
tdc                 =  7.42153e+01
mode=10db  rload=10k  rsrc=2.5k  pos=2  C=470p
fcross = 1.790882e+06
pmarg = 8.347693e+01
tdc = 7.421532e+01
Doing analysis at TEMP = 27.000000 and TNOM = 27.000000

Using SPARSE 1.3 as Direct Linear Solver

No. of Data Rows : 801
fcross              =  1.78947e+06
pmarg               =  7.94573e+01
tdc                 =  7.42153e+01
mode=10db  rload=10k  rsrc=2.5k  pos=2  C=1n
fcross = 1.789475e+06
pmarg = 7.945735e+01
tdc = 7.421532e+01
Doing analysis at TEMP = 27.000000 and TNOM = 27.000000

Using SPARSE 1.3 as Direct Linear Solver

No. of Data Rows : 801
fcross              =  1.77721e+06
pmarg               =  7.59816e+01
tdc                 =  7.42153e+01
mode=10db  rload=10k  rsrc=2.5k  pos=2  C=1.5n
fcross = 1.777209e+06
pmarg = 7.598155e+01
tdc = 7.421531e+01
Doing analysis at TEMP = 27.000000 and TNOM = 27.000000

Using SPARSE 1.3 as Direct Linear Solver

No. of Data Rows : 801
fcross              =  1.74492e+06
pmarg               =  7.17460e+01
tdc                 =  7.42153e+01
mode=10db  rload=10k  rsrc=2.5k  pos=2  C=2.2n
fcross = 1.744921e+06
pmarg = 7.174603e+01
tdc = 7.421531e+01
Doing analysis at TEMP = 27.000000 and TNOM = 27.000000

Using SPARSE 1.3 as Direct Linear Solver

No. of Data Rows : 801
fcross              =  1.71368e+06
pmarg               =  6.91934e+01
tdc                 =  7.42153e+01
mode=10db  rload=10k  rsrc=2.5k  pos=2  C=2.7n
fcross = 1.713677e+06
pmarg = 6.919342e+01
tdc = 7.421531e+01
Doing analysis at TEMP = 27.000000 and TNOM = 27.000000

Using SPARSE 1.3 as Direct Linear Solver

No. of Data Rows : 801
fcross              =  1.67046e+06
pmarg               =  6.66193e+01
tdc                 =  7.42153e+01
mode=10db  rload=10k  rsrc=2.5k  pos=2  C=3.3n
fcross = 1.670458e+06
pmarg = 6.661929e+01
tdc = 7.421531e+01
Doing analysis at TEMP = 27.000000 and TNOM = 27.000000

Using SPARSE 1.3 as Direct Linear Solver

No. of Data Rows : 801
fcross              =  1.56041e+06
Note: Starting dynamic gmin stepping
Note: Dynamic gmin stepping completed
pmarg               =  6.23018e+01
tdc                 =  7.42153e+01
mode=10db  rload=10k  rsrc=2.5k  pos=2  C=4.7n
fcross = 1.560408e+06
pmarg = 6.230177e+01
tdc = 7.421530e+01
Doing analysis at TEMP = 27.000000 and TNOM = 27.000000

Using SPARSE 1.3 as Direct Linear Solver

No. of Data Rows : 801
fcross              =  1.78188e+06
Note: Starting dynamic gmin stepping
Note: Dynamic gmin stepping completed
pmarg               =  8.71994e+01
tdc                 =  7.42153e+01
mode=10db  rload=10k  rsrc=2.571k  pos=1  C=1f
fcross = 1.781884e+06
pmarg = 8.719937e+01
tdc = 7.421532e+01
Doing analysis at TEMP = 27.000000 and TNOM = 27.000000

Using SPARSE 1.3 as Direct Linear Solver

No. of Data Rows : 801
fcross              =  1.78280e+06
Note: Starting dynamic gmin stepping
Note: Dynamic gmin stepping completed
pmarg               =  8.68289e+01
tdc                 =  7.42153e+01
mode=10db  rload=10k  rsrc=2.571k  pos=1  C=47p
fcross = 1.782798e+06
pmarg = 8.682888e+01
tdc = 7.421532e+01
Doing analysis at TEMP = 27.000000 and TNOM = 27.000000

Using SPARSE 1.3 as Direct Linear Solver

No. of Data Rows : 801
fcross              =  1.78284e+06
Note: Starting dynamic gmin stepping
Note: Dynamic gmin stepping completed
pmarg               =  8.64307e+01
tdc                 =  7.42153e+01
mode=10db  rload=10k  rsrc=2.571k  pos=1  C=100p
fcross = 1.782836e+06
pmarg = 8.643069e+01
tdc = 7.421532e+01
Doing analysis at TEMP = 27.000000 and TNOM = 27.000000

Using SPARSE 1.3 as Direct Linear Solver

No. of Data Rows : 801
fcross              =  1.77910e+06
Note: Starting dynamic gmin stepping
Note: Dynamic gmin stepping completed
pmarg               =  8.56199e+01
tdc                 =  7.42153e+01
mode=10db  rload=10k  rsrc=2.571k  pos=1  C=220p
fcross = 1.779099e+06
pmarg = 8.561995e+01
tdc = 7.421533e+01
Doing analysis at TEMP = 27.000000 and TNOM = 27.000000

Using SPARSE 1.3 as Direct Linear Solver
 Reference value :  1.00000e+00
No. of Data Rows : 801
fcross              =  1.75679e+06
Note: Starting dynamic gmin stepping
Note: Dynamic gmin stepping completed
pmarg               =  8.44005e+01
tdc                 =  7.42153e+01
mode=10db  rload=10k  rsrc=2.571k  pos=1  C=470p
fcross = 1.756788e+06
pmarg = 8.440047e+01
tdc = 7.421533e+01
Doing analysis at TEMP = 27.000000 and TNOM = 27.000000

Using SPARSE 1.3 as Direct Linear Solver

No. of Data Rows : 801
fcross              =  1.67679e+06
Note: Starting dynamic gmin stepping
Note: Dynamic gmin stepping completed
pmarg               =  8.37088e+01
tdc                 =  7.42153e+01
mode=10db  rload=10k  rsrc=2.571k  pos=1  C=1n
fcross = 1.676786e+06
pmarg = 8.370878e+01
tdc = 7.421535e+01
Doing analysis at TEMP = 27.000000 and TNOM = 27.000000

Using SPARSE 1.3 as Direct Linear Solver

No. of Data Rows : 801
fcross              =  1.60141e+06
Note: Starting dynamic gmin stepping
Note: Dynamic gmin stepping completed
pmarg               =  8.43555e+01
tdc                 =  7.42154e+01
mode=10db  rload=10k  rsrc=2.571k  pos=1  C=1.5n
fcross = 1.601411e+06
pmarg = 8.435548e+01
tdc = 7.421536e+01
Doing analysis at TEMP = 27.000000 and TNOM = 27.000000

Using SPARSE 1.3 as Direct Linear Solver

No. of Data Rows : 801
fcross              =  1.52037e+06
Note: Starting dynamic gmin stepping
Note: Dynamic gmin stepping completed
pmarg               =  8.58395e+01
tdc                 =  7.42154e+01
mode=10db  rload=10k  rsrc=2.571k  pos=1  C=2.2n
fcross = 1.520371e+06
pmarg = 8.583949e+01
tdc = 7.421538e+01
Doing analysis at TEMP = 27.000000 and TNOM = 27.000000

Using SPARSE 1.3 as Direct Linear Solver

No. of Data Rows : 801
fcross              =  1.47839e+06
Note: Starting dynamic gmin stepping
Note: Dynamic gmin stepping completed
pmarg               =  8.69072e+01
tdc                 =  7.42154e+01
mode=10db  rload=10k  rsrc=2.571k  pos=1  C=2.7n
fcross = 1.478386e+06
pmarg = 8.690717e+01
tdc = 7.421539e+01
Doing analysis at TEMP = 27.000000 and TNOM = 27.000000

Using SPARSE 1.3 as Direct Linear Solver

No. of Data Rows : 801
fcross              =  1.44081e+06
Note: Starting dynamic gmin stepping
Note: Dynamic gmin stepping completed
pmarg               =  8.80578e+01
tdc                 =  7.42154e+01
mode=10db  rload=10k  rsrc=2.571k  pos=1  C=3.3n
fcross = 1.440805e+06
pmarg = 8.805778e+01
tdc = 7.421541e+01
Doing analysis at TEMP = 27.000000 and TNOM = 27.000000

Using SPARSE 1.3 as Direct Linear Solver

No. of Data Rows : 801
fcross              =  1.38658e+06
Note: Starting dynamic gmin stepping
Note: Dynamic gmin stepping completed
pmarg               =  9.01255e+01
tdc                 =  7.42154e+01
mode=10db  rload=10k  rsrc=2.571k  pos=1  C=4.7n
fcross = 1.386579e+06
pmarg = 9.012552e+01
tdc = 7.421545e+01
Doing analysis at TEMP = 27.000000 and TNOM = 27.000000

Using SPARSE 1.3 as Direct Linear Solver

No. of Data Rows : 801
fcross              =  1.78188e+06
Note: Starting dynamic gmin stepping
Note: Dynamic gmin stepping completed
pmarg               =  8.71994e+01
tdc                 =  7.42153e+01
mode=10db  rload=10k  rsrc=2.571k  pos=2  C=1f
fcross = 1.781884e+06
pmarg = 8.719937e+01
tdc = 7.421532e+01
Doing analysis at TEMP = 27.000000 and TNOM = 27.000000

Using SPARSE 1.3 as Direct Linear Solver

No. of Data Rows : 801
fcross              =  1.78318e+06
Note: Starting dynamic gmin stepping
Note: Dynamic gmin stepping completed
pmarg               =  8.68182e+01
tdc                 =  7.42153e+01
mode=10db  rload=10k  rsrc=2.571k  pos=2  C=47p
fcross = 1.783179e+06
pmarg = 8.681820e+01
tdc = 7.421532e+01
Doing analysis at TEMP = 27.000000 and TNOM = 27.000000

Using SPARSE 1.3 as Direct Linear Solver

No. of Data Rows : 801
fcross              =  1.78453e+06
Note: Starting dynamic gmin stepping
Note: Dynamic gmin stepping completed
pmarg               =  8.63895e+01
tdc                 =  7.42153e+01
mode=10db  rload=10k  rsrc=2.571k  pos=2  C=100p
fcross = 1.784532e+06
pmarg = 8.638946e+01
tdc = 7.421532e+01
Doing analysis at TEMP = 27.000000 and TNOM = 27.000000

Using SPARSE 1.3 as Direct Linear Solver

No. of Data Rows : 801
fcross              =  1.78717e+06
Note: Starting dynamic gmin stepping
Note: Dynamic gmin stepping completed
pmarg               =  8.54238e+01
tdc                 =  7.42153e+01
mode=10db  rload=10k  rsrc=2.571k  pos=2  C=220p
fcross = 1.787173e+06
pmarg = 8.542377e+01
tdc = 7.421532e+01
Doing analysis at TEMP = 27.000000 and TNOM = 27.000000

Using SPARSE 1.3 as Direct Linear Solver

No. of Data Rows : 801
fcross              =  1.79073e+06
Note: Starting dynamic gmin stepping
Note: Dynamic gmin stepping completed
pmarg               =  8.34406e+01
tdc                 =  7.42153e+01
mode=10db  rload=10k  rsrc=2.571k  pos=2  C=470p
fcross = 1.790731e+06
pmarg = 8.344063e+01
tdc = 7.421532e+01
Doing analysis at TEMP = 27.000000 and TNOM = 27.000000

Using SPARSE 1.3 as Direct Linear Solver

No. of Data Rows : 801
fcross              =  1.78932e+06
Note: Starting dynamic gmin stepping
Note: Dynamic gmin stepping completed
pmarg               =  7.94214e+01
tdc                 =  7.42153e+01
mode=10db  rload=10k  rsrc=2.571k  pos=2  C=1n
fcross = 1.789325e+06
pmarg = 7.942141e+01
tdc = 7.421532e+01
Doing analysis at TEMP = 27.000000 and TNOM = 27.000000

Using SPARSE 1.3 as Direct Linear Solver

No. of Data Rows : 801
fcross              =  1.77707e+06
Note: Starting dynamic gmin stepping
Note: Dynamic gmin stepping completed
pmarg               =  7.59461e+01
tdc                 =  7.42153e+01
mode=10db  rload=10k  rsrc=2.571k  pos=2  C=1.5n
fcross = 1.777065e+06
pmarg = 7.594606e+01
tdc = 7.421531e+01
Doing analysis at TEMP = 27.000000 and TNOM = 27.000000

Using SPARSE 1.3 as Direct Linear Solver

No. of Data Rows : 801
fcross              =  1.74479e+06
Note: Starting dynamic gmin stepping
Note: Dynamic gmin stepping completed
pmarg               =  7.17113e+01
tdc                 =  7.42153e+01
mode=10db  rload=10k  rsrc=2.571k  pos=2  C=2.2n
fcross = 1.744787e+06
pmarg = 7.171134e+01
tdc = 7.421531e+01
Doing analysis at TEMP = 27.000000 and TNOM = 27.000000

Using SPARSE 1.3 as Direct Linear Solver

No. of Data Rows : 801
fcross              =  1.71356e+06
Note: Starting dynamic gmin stepping
Note: Dynamic gmin stepping completed
pmarg               =  6.91594e+01
tdc                 =  7.42153e+01
mode=10db  rload=10k  rsrc=2.571k  pos=2  C=2.7n
fcross = 1.713555e+06
pmarg = 6.915936e+01
tdc = 7.421531e+01
Doing analysis at TEMP = 27.000000 and TNOM = 27.000000

Using SPARSE 1.3 as Direct Linear Solver

No. of Data Rows : 801
fcross              =  1.67035e+06
Note: Starting dynamic gmin stepping
Note: Dynamic gmin stepping completed
pmarg               =  6.65860e+01
tdc                 =  7.42153e+01
mode=10db  rload=10k  rsrc=2.571k  pos=2  C=3.3n
fcross = 1.670349e+06
pmarg = 6.658601e+01
tdc = 7.421531e+01
Doing analysis at TEMP = 27.000000 and TNOM = 27.000000

Using SPARSE 1.3 as Direct Linear Solver

No. of Data Rows : 801
fcross              =  1.56033e+06
pmarg               =  6.22704e+01
tdc                 =  7.42153e+01
mode=10db  rload=10k  rsrc=2.571k  pos=2  C=4.7n
fcross = 1.560326e+06
pmarg = 6.227036e+01
tdc = 7.421530e+01
Doing analysis at TEMP = 27.000000 and TNOM = 27.000000

Using SPARSE 1.3 as Direct Linear Solver

No. of Data Rows : 801
fcross              =  1.78180e+06
pmarg               =  8.71789e+01
tdc                 =  7.42153e+01
mode=10db  rload=10k  rsrc=2.611k  pos=1  C=1f
fcross = 1.781799e+06
pmarg = 8.717887e+01
tdc = 7.421532e+01
Doing analysis at TEMP = 27.000000 and TNOM = 27.000000

Using SPARSE 1.3 as Direct Linear Solver

No. of Data Rows : 801
fcross              =  1.78271e+06
pmarg               =  8.68084e+01
tdc                 =  7.42153e+01
mode=10db  rload=10k  rsrc=2.611k  pos=1  C=47p
fcross = 1.782713e+06
pmarg = 8.680838e+01
tdc = 7.421532e+01
Doing analysis at TEMP = 27.000000 and TNOM = 27.000000

Using SPARSE 1.3 as Direct Linear Solver

No. of Data Rows : 801
fcross              =  1.78275e+06
pmarg               =  8.64102e+01
tdc                 =  7.42153e+01
mode=10db  rload=10k  rsrc=2.611k  pos=1  C=100p
fcross = 1.782751e+06
pmarg = 8.641021e+01
tdc = 7.421532e+01
Doing analysis at TEMP = 27.000000 and TNOM = 27.000000

Using SPARSE 1.3 as Direct Linear Solver

No. of Data Rows : 801
fcross              =  1.77901e+06
pmarg               =  8.55995e+01
tdc                 =  7.42153e+01
mode=10db  rload=10k  rsrc=2.611k  pos=1  C=220p
fcross = 1.779015e+06
pmarg = 8.559954e+01
tdc = 7.421533e+01
Doing analysis at TEMP = 27.000000 and TNOM = 27.000000

Using SPARSE 1.3 as Direct Linear Solver

No. of Data Rows : 801
fcross              =  1.75671e+06
pmarg               =  8.43803e+01
tdc                 =  7.42153e+01
mode=10db  rload=10k  rsrc=2.611k  pos=1  C=470p
fcross = 1.756709e+06
pmarg = 8.438032e+01
tdc = 7.421533e+01
Doing analysis at TEMP = 27.000000 and TNOM = 27.000000

Using SPARSE 1.3 as Direct Linear Solver

No. of Data Rows : 801
fcross              =  1.67672e+06
pmarg               =  8.36894e+01
tdc                 =  7.42153e+01
mode=10db  rload=10k  rsrc=2.611k  pos=1  C=1n
fcross = 1.676721e+06
pmarg = 8.368937e+01
tdc = 7.421535e+01
Doing analysis at TEMP = 27.000000 and TNOM = 27.000000

Using SPARSE 1.3 as Direct Linear Solver

No. of Data Rows : 801
fcross              =  1.60135e+06
pmarg               =  8.43368e+01
tdc                 =  7.42154e+01
mode=10db  rload=10k  rsrc=2.611k  pos=1  C=1.5n
fcross = 1.601355e+06
pmarg = 8.433677e+01
tdc = 7.421536e+01
Doing analysis at TEMP = 27.000000 and TNOM = 27.000000

Using SPARSE 1.3 as Direct Linear Solver

No. of Data Rows : 801
fcross              =  1.52032e+06
pmarg               =  8.58216e+01
tdc                 =  7.42154e+01
mode=10db  rload=10k  rsrc=2.611k  pos=1  C=2.2n
fcross = 1.520322e+06
pmarg = 8.582157e+01
tdc = 7.421538e+01
Doing analysis at TEMP = 27.000000 and TNOM = 27.000000

Using SPARSE 1.3 as Direct Linear Solver

No. of Data Rows : 801
fcross              =  1.47834e+06
pmarg               =  8.68897e+01
tdc                 =  7.42154e+01
mode=10db  rload=10k  rsrc=2.611k  pos=1  C=2.7n
fcross = 1.478341e+06
pmarg = 8.688969e+01
tdc = 7.421539e+01
Doing analysis at TEMP = 27.000000 and TNOM = 27.000000

Using SPARSE 1.3 as Direct Linear Solver

No. of Data Rows : 801
fcross              =  1.44076e+06
pmarg               =  8.80407e+01
tdc                 =  7.42154e+01
mode=10db  rload=10k  rsrc=2.611k  pos=1  C=3.3n
fcross = 1.440763e+06
pmarg = 8.804070e+01
tdc = 7.421541e+01
Doing analysis at TEMP = 27.000000 and TNOM = 27.000000

Using SPARSE 1.3 as Direct Linear Solver

No. of Data Rows : 801
fcross              =  1.38654e+06
pmarg               =  9.01090e+01
tdc                 =  7.42154e+01
mode=10db  rload=10k  rsrc=2.611k  pos=1  C=4.7n
fcross = 1.386539e+06
pmarg = 9.010904e+01
tdc = 7.421545e+01
Doing analysis at TEMP = 27.000000 and TNOM = 27.000000

Using SPARSE 1.3 as Direct Linear Solver

No. of Data Rows : 801
fcross              =  1.78180e+06
pmarg               =  8.71789e+01
tdc                 =  7.42153e+01
mode=10db  rload=10k  rsrc=2.611k  pos=2  C=1f
fcross = 1.781799e+06
pmarg = 8.717887e+01
tdc = 7.421532e+01
Doing analysis at TEMP = 27.000000 and TNOM = 27.000000

Using SPARSE 1.3 as Direct Linear Solver

No. of Data Rows : 801
fcross              =  1.78309e+06
pmarg               =  8.67977e+01
tdc                 =  7.42153e+01
mode=10db  rload=10k  rsrc=2.611k  pos=2  C=47p
fcross = 1.783094e+06
pmarg = 8.679770e+01
tdc = 7.421532e+01
Doing analysis at TEMP = 27.000000 and TNOM = 27.000000

Using SPARSE 1.3 as Direct Linear Solver

No. of Data Rows : 801
fcross              =  1.78445e+06
pmarg               =  8.63690e+01
tdc                 =  7.42153e+01
mode=10db  rload=10k  rsrc=2.611k  pos=2  C=100p
fcross = 1.784447e+06
pmarg = 8.636897e+01
tdc = 7.421532e+01
Doing analysis at TEMP = 27.000000 and TNOM = 27.000000

Using SPARSE 1.3 as Direct Linear Solver

No. of Data Rows : 801
fcross              =  1.78709e+06
pmarg               =  8.54033e+01
tdc                 =  7.42153e+01
mode=10db  rload=10k  rsrc=2.611k  pos=2  C=220p
fcross = 1.787088e+06
pmarg = 8.540330e+01
tdc = 7.421532e+01
Doing analysis at TEMP = 27.000000 and TNOM = 27.000000

Using SPARSE 1.3 as Direct Linear Solver

No. of Data Rows : 801
fcross              =  1.79065e+06
pmarg               =  8.34202e+01
tdc                 =  7.42153e+01
mode=10db  rload=10k  rsrc=2.611k  pos=2  C=470p
fcross = 1.790645e+06
pmarg = 8.342023e+01
tdc = 7.421532e+01
Doing analysis at TEMP = 27.000000 and TNOM = 27.000000

Using SPARSE 1.3 as Direct Linear Solver

No. of Data Rows : 801
fcross              =  1.78924e+06
pmarg               =  7.94012e+01
tdc                 =  7.42153e+01
mode=10db  rload=10k  rsrc=2.611k  pos=2  C=1n
fcross = 1.789239e+06
pmarg = 7.940121e+01
tdc = 7.421532e+01
Doing analysis at TEMP = 27.000000 and TNOM = 27.000000

Using SPARSE 1.3 as Direct Linear Solver

No. of Data Rows : 801
fcross              =  1.77698e+06
pmarg               =  7.59261e+01
tdc                 =  7.42153e+01
mode=10db  rload=10k  rsrc=2.611k  pos=2  C=1.5n
fcross = 1.776983e+06
pmarg = 7.592611e+01
tdc = 7.421531e+01
Doing analysis at TEMP = 27.000000 and TNOM = 27.000000

Using SPARSE 1.3 as Direct Linear Solver

No. of Data Rows : 801
fcross              =  1.74471e+06
pmarg               =  7.16919e+01
tdc                 =  7.42153e+01
mode=10db  rload=10k  rsrc=2.611k  pos=2  C=2.2n
fcross = 1.744711e+06
pmarg = 7.169186e+01
tdc = 7.421531e+01
Doing analysis at TEMP = 27.000000 and TNOM = 27.000000

Using SPARSE 1.3 as Direct Linear Solver

No. of Data Rows : 801
fcross              =  1.71349e+06
pmarg               =  6.91402e+01
tdc                 =  7.42153e+01
mode=10db  rload=10k  rsrc=2.611k  pos=2  C=2.7n
fcross = 1.713485e+06
pmarg = 6.914022e+01
tdc = 7.421531e+01
Doing analysis at TEMP = 27.000000 and TNOM = 27.000000

Using SPARSE 1.3 as Direct Linear Solver

No. of Data Rows : 801
fcross              =  1.67029e+06
pmarg               =  6.65673e+01
tdc                 =  7.42153e+01
mode=10db  rload=10k  rsrc=2.611k  pos=2  C=3.3n
fcross = 1.670286e+06
pmarg = 6.656731e+01
tdc = 7.421531e+01
Doing analysis at TEMP = 27.000000 and TNOM = 27.000000

Using SPARSE 1.3 as Direct Linear Solver

No. of Data Rows : 801
fcross              =  1.56028e+06
pmarg               =  6.22527e+01
tdc                 =  7.42153e+01
mode=10db  rload=10k  rsrc=2.611k  pos=2  C=4.7n
fcross = 1.560279e+06
pmarg = 6.225271e+01
tdc = 7.421530e+01
Note: Simulation executed from .control section 
