blk,modo_db,f_hz,vin_pk,k_att,caso,p_q132,p_q133,icmax_q132,icmin_q132,icmax_q133,icmin_q133,p_q122,icmax_q122,p_q125,p_q127,p_q121a,p_q121b,p_q117,p_q118,p_q106,p_jq110a,p_jq110b,p_r134,p_r135,p_r130,p_r131,p_r123,p_r126,p_rsep,p_rsep2,irms_rsep,irms_rsep2,p_q132_w1,p_q132_w2,voutpk,p_rail
A,0,1000,0,1,0,0.213981,0.213522,0.0145565,0.0145565,-0.0145581,-0.0145581,0.0865987,-0.00644248,0.0863844,0.0109835,0.00150947,0.00177561,0.00986079,0.00990891,0.0640756,0.0193252,0.0189111,0.00476244,0.00476355,2.45247E-07,2.45439E-07,0.00384452,0.00383312,0,0,0,0,0.213981,0.213981,-0.0165756,3.22485
F1,0,1000,0,1,0,0.214234,0.213267,0.0145573,0.0145573,-0.0145572,-0.0145572,0.0867043,-0.0064424,0.0862771,0.0109834,0.00150946,0.00177557,0.00986072,0.00990885,0.0640029,0.0193615,0.0189467,0.00476297,0.00476297,2.45205E-07,2.45478E-07,0.00384441,0.00383306,2.22698E-21,0,6.8835E-12,0,0.214234,0.214234,-0.0331465,3.22485
F2,0,1000,0,1,0,0.214234,0.213267,0.0145573,0.0145573,-0.0145572,-0.0145572,0.0867043,-0.0064424,0.0862771,0.0109834,0.00150946,0.00177557,0.00986072,0.00990885,0.0640029,0.0193615,0.0189467,0.00476297,0.00476297,2.45205E-07,2.45478E-07,0.00384441,0.00383306,1.28537E-22,0,1.65373E-12,0,0.214234,0.214234,-0.0331465,3.22485
B,0,1000,0,1,0,0.214234,0.213267,0.0145573,0.0145573,-0.0145572,-0.0145572,0.0867043,-0.0064424,0.0862771,0.0109834,0.00150946,0.00177557,0.00986072,0.00990885,0.0640029,0.0193615,0.0189467,0.00476297,0.00476297,2.45205E-07,2.45478E-07,0.00384441,0.00383306,5.65123E-23,0,1.09654E-12,0,0.214234,0.214234,-0.0331465,3.22485
A,0,1000,0,1,1,0.213981,0.213522,0.0145565,0.0145565,-0.0145581,-0.0145581,0.0865987,-0.00644248,0.0863844,0.0109835,0.00150947,0.00177561,0.00986079,0.00990891,0.0640756,0.0193252,0.0189111,0.00476244,0.00476355,2.45247E-07,2.45439E-07,0.00384452,0.00383312,0,0,0,0,0.213981,0.213981,-0.0165756,3.22485
F1,0,1000,0,1,1,0.214234,0.213267,0.0145573,0.0145573,-0.0145572,-0.0145572,0.0867043,-0.0064424,0.0862771,0.0109834,0.00150946,0.00177557,0.00986072,0.00990885,0.0640029,0.0193615,0.0189467,0.00476297,0.00476297,2.45205E-07,2.45478E-07,0.00384441,0.00383306,3.22705E-26,0,2.63606E-14,0,0.214234,0.214234,-0.0331465,3.22485
F2,0,1000,0,1,1,0.214234,0.213267,0.0145573,0.0145573,-0.0145572,-0.0145572,0.0867043,-0.0064424,0.0862771,0.0109834,0.00150946,0.00177557,0.00986072,0.00990885,0.0640029,0.0193615,0.0189467,0.00476297,0.00476297,2.45205E-07,2.45478E-07,0.00384441,0.00383306,3.20363E-26,0,2.62614E-14,0,0.214234,0.214234,-0.0331465,3.22485
B,0,1000,0,1,1,0.214234,0.213267,0.0145573,0.0145573,-0.0145572,-0.0145572,0.0867043,-0.0064424,0.0862771,0.0109834,0.00150946,0.00177557,0.00986072,0.00990885,0.0640029,0.0193615,0.0189467,0.00476297,0.00476297,2.45205E-07,2.45478E-07,0.00384441,0.00383306,3.36097E-26,0,2.67648E-14,0,0.214234,0.214234,-0.0331465,3.22485
A,0,1000,0,1,2,0.213981,0.213522,0.0145565,0.0145565,-0.0145581,-0.0145581,0.0865987,-0.00644248,0.0863844,0.0109835,0.00150947,0.00177561,0.00986079,0.00990891,0.0640756,0.0193252,0.0189111,0.00476244,0.00476355,2.45247E-07,2.45439E-07,0.00384452,0.00383312,0,0,0,0,0.213981,0.213981,-0.0165756,3.22485
F1,0,1000,0,1,2,0.214234,0.213267,0.0145573,0.0145573,-0.0145572,-0.0145572,0.0867043,-0.0064424,0.0862771,0.0109834,0.00150946,0.00177557,0.00986072,0.00990885,0.0640029,0.0193615,0.0189467,0.00476297,0.00476297,2.45205E-07,2.45478E-07,0.00384441,0.00383306,4.04663E-26,0,2.93491E-14,0,0.214234,0.214234,-0.0331465,3.22485
F2,0,1000,0,1,2,0.214234,0.213267,0.0145573,0.0145573,-0.0145572,-0.0145572,0.0867043,-0.0064424,0.0862771,0.0109834,0.00150946,0.00177557,0.00986072,0.00990885,0.0640029,0.0193615,0.0189467,0.00476297,0.00476297,2.45205E-07,2.45478E-07,0.00384441,0.00383306,1.28537E-22,0,1.65373E-12,0,0.214234,0.214234,-0.0331465,3.22485
B,0,1000,0,1,2,0.214234,0.213267,0.0145573,0.0145573,-0.0145572,-0.0145572,0.0867043,-0.0064424,0.0862771,0.0109834,0.00150946,0.00177557,0.00986072,0.00990885,0.0640029,0.0193615,0.0189467,0.00476297,0.00476297,2.45205E-07,2.45478E-07,0.00384441,0.00383306,5.65124E-23,0,1.09654E-12,0,0.214234,0.214234,-0.0331465,3.22485
A,0,1000,0,1,3,0.213981,0.213522,0.0145565,0.0145565,-0.0145581,-0.0145581,0.0865987,-0.00644248,0.0863844,0.0109835,0.00150947,0.00177561,0.00986079,0.00990891,0.0640756,0.0193252,0.0189111,0.00476244,0.00476355,2.45247E-07,2.45439E-07,0.00384452,0.00383312,0,0,0,0,0.213981,0.213981,-0.0165756,3.22485
F1,0,1000,0,1,3,0.214234,0.213267,0.0145573,0.0145573,-0.0145572,-0.0145572,0.0867043,-0.0064424,0.0862771,0.0109834,0.00150946,0.00177557,0.00986072,0.00990885,0.0640029,0.0193615,0.0189467,0.00476297,0.00476297,2.45205E-07,2.45478E-07,0.00384441,0.00383306,2.22699E-21,0,6.88351E-12,0,0.214234,0.214234,-0.0331465,3.22485
F2,0,1000,0,1,3,0.214234,0.213267,0.0145573,0.0145573,-0.0145572,-0.0145572,0.0867043,-0.0064424,0.0862771,0.0109834,0.00150946,0.00177557,0.00986072,0.00990885,0.0640029,0.0193615,0.0189467,0.00476297,0.00476297,2.45205E-07,2.45478E-07,0.00384441,0.00383306,3.90335E-26,0,2.88454E-14,0,0.214234,0.214234,-0.0331465,3.22485
B,0,1000,0,1,3,0.214234,0.213267,0.0145573,0.0145573,-0.0145572,-0.0145572,0.0867043,-0.0064424,0.0862771,0.0109834,0.00150946,0.00177557,0.00986072,0.00990885,0.0640029,0.0193615,0.0189467,0.00476297,0.00476297,2.45205E-07,2.45478E-07,0.00384441,0.00383306,5.65124E-23,0,1.09654E-12,0,0.214234,0.214234,-0.0331465,3.22485
A,0,1000,0,1,4,0.213981,0.213522,0.0145565,0.0145565,-0.0145581,-0.0145581,0.0865987,-0.00644248,0.0863844,0.0109835,0.00150947,0.00177561,0.00986079,0.00990891,0.0640756,0.0193252,0.0189111,0.00476244,0.00476355,2.45247E-07,2.45439E-07,0.00384452,0.00383312,0,0,0,0,0.213981,0.213981,-0.0165756,3.22485
F1,0,1000,0,1,4,0.214234,0.213267,0.0145573,0.0145573,-0.0145572,-0.0145572,0.0867043,-0.0064424,0.0862771,0.0109834,0.00150946,0.00177557,0.00986072,0.00990885,0.0640029,0.0193615,0.0189467,0.00476297,0.00476297,2.45205E-07,2.45478E-07,0.00384441,0.00383306,2.22698E-21,0,6.88351E-12,0,0.214234,0.214234,-0.0331465,3.22485
F2,0,1000,0,1,4,0.214234,0.213267,0.0145573,0.0145573,-0.0145572,-0.0145572,0.0867043,-0.0064424,0.0862771,0.0109834,0.00150946,0.00177557,0.00986072,0.00990885,0.0640029,0.0193615,0.0189467,0.00476297,0.00476297,2.45205E-07,2.45478E-07,0.00384441,0.00383306,1.28537E-22,0,1.65373E-12,0,0.214234,0.214234,-0.0331465,3.22485
B,0,1000,0,1,4,0.214234,0.213267,0.0145573,0.0145573,-0.0145572,-0.0145572,0.0867043,-0.0064424,0.0862771,0.0109834,0.00150946,0.00177557,0.00986072,0.00990885,0.0640029,0.0193615,0.0189467,0.00476297,0.00476297,2.45205E-07,2.45478E-07,0.00384441,0.00383306,3.75467E-26,0,2.81432E-14,0,0.214234,0.214234,-0.0331465,3.22485
A,0,1000,0,1,5,0.213981,0.213522,0.0145565,0.0145565,-0.0145581,-0.0145581,0.0865987,-0.00644248,0.0863844,0.0109835,0.00150947,0.00177561,0.00986079,0.00990891,0.0640756,0.0193252,0.0189111,0.00476244,0.00476355,2.45247E-07,2.45439E-07,0.00384452,0.00383312,0,0,0,0,0.213981,0.213981,-0.0165756,3.22485
F1,0,1000,0,1,5,0.214234,0.213267,0.0145573,0.0145573,-0.0145572,-0.0145572,0.0867043,-0.0064424,0.0862771,0.0109834,0.00150946,0.00177557,0.00986072,0.00990885,0.0640029,0.0193615,0.0189467,0.00476297,0.00476297,2.45205E-07,2.45478E-07,0.00384441,0.00383306,2.93093E-26,0,2.48659E-14,0,0.214234,0.214234,-0.0331465,3.22485
F2,0,1000,0,1,5,0.214234,0.213267,0.0145573,0.0145573,-0.0145572,-0.0145572,0.0867043,-0.0064424,0.0862771,0.0109834,0.00150946,0.00177557,0.00986072,0.00990885,0.0640029,0.0193615,0.0189467,0.00476297,0.00476297,2.45205E-07,2.45478E-07,0.00384441,0.00383306,1.28537E-22,0,1.65373E-12,0,0.214234,0.214234,-0.0331465,3.22485
B,0,1000,0,1,5,0.214234,0.213267,0.0145573,0.0145573,-0.0145572,-0.0145572,0.0867043,-0.0064424,0.0862771,0.0109834,0.00150946,0.00177557,0.00986072,0.00990885,0.0640029,0.0193615,0.0189467,0.00476297,0.00476297,2.45205E-07,2.45478E-07,0.00384441,0.00383306,5.65124E-23,0,1.09654E-12,0,0.214234,0.214234,-0.0331465,3.22485
A,0,1000,0,1,6,0.213981,0.213522,0.0145565,0.0145565,-0.0145581,-0.0145581,0.0865987,-0.00644248,0.0863844,0.0109835,0.00150947,0.00177561,0.00986079,0.00990891,0.0640756,0.0193252,0.0189111,0.00476244,0.00476355,2.45247E-07,2.45439E-07,0.00384452,0.00383312,0,0,0,0,0.213981,0.213981,-0.0165756,3.22485
F1,0,1000,0,1,6,0.214234,0.213267,0.0145573,0.0145573,-0.0145572,-0.0145572,0.0867043,-0.0064424,0.0862771,0.0109834,0.00150946,0.00177557,0.00986072,0.00990885,0.0640029,0.0193615,0.0189467,0.00476297,0.00476297,2.45205E-07,2.45478E-07,0.00384441,0.00383306,1.03671E-23,0,4.69566E-13,0,0.214234,0.214234,-0.0331465,3.22485
F2,0,1000,0,1,6,0.214234,0.213267,0.0145573,0.0145573,-0.0145572,-0.0145572,0.0867043,-0.0064424,0.0862771,0.0109834,0.00150946,0.00177557,0.00986072,0.00990885,0.0640029,0.0193615,0.0189467,0.00476297,0.00476297,2.45205E-07,2.45478E-07,0.00384441,0.00383306,1.28537E-22,0,1.65373E-12,0,0.214234,0.214234,-0.0331465,3.22485
B,0,1000,0,1,6,0.214234,0.213267,0.0145573,0.0145573,-0.0145572,-0.0145572,0.0867043,-0.0064424,0.0862771,0.0109834,0.00150946,0.00177557,0.00986072,0.00990885,0.0640029,0.0193615,0.0189467,0.00476297,0.00476297,2.45205E-07,2.45478E-07,0.00384441,0.00383306,5.65124E-23,0,1.09654E-12,0,0.214234,0.214234,-0.0331465,3.22485
A,0,1000,0.4243,1,0,0.213976,0.213517,0.0145788,0.0145342,-0.0145383,-0.0145779,0.0865981,-0.00643931,0.0863847,0.0109835,0.00150947,0.00177561,0.0098608,0.00990891,0.0640757,0.0193251,0.0189111,0.00476245,0.00476355,2.45255E-07,2.45446E-07,0.00384452,0.00383312,0,0,0,0,0.213976,0.213976,0.4076,3.22485
F1,0,1000,0.4243,1,0,0.214228,0.213264,0.0145792,0.0145352,-0.0145377,-0.0145768,0.0867037,-0.00643923,0.0862773,0.0109834,0.00150946,0.00177557,0.00986072,0.00990885,0.0640031,0.0193614,0.0189466,0.00476293,0.00476301,2.4521E-07,2.45488E-07,0.00384441,0.00383306,4.36545E-08,0,3.04765E-05,0,0.214228,0.214228,0.390906,3.22485
F2,0,1000,0.4243,1,0,0.214233,0.213267,0.0145625,0.0145521,-0.0145543,-0.0145602,0.0867038,-0.00643954,0.0862774,0.0109834,0.00150946,0.00177557,0.00986072,0.00990885,0.0640031,0.0193614,0.0189466,0.00476296,0.00476297,2.4521E-07,2.45483E-07,0.00384441,0.00383306,2.06484E-09,0,6.62818E-06,0,0.214232,0.214233,0.390907,3.22485
B,0,1000,0.4243,1,0,0.214233,0.213267,0.0145609,0.0145537,-0.0145558,-0.0145586,0.0867038,-0.00643957,0.0862774,0.0109834,0.00150946,0.00177557,0.00986072,0.00990885,0.0640031,0.0193614,0.0189466,0.00476297,0.00476297,2.4521E-07,2.45483E-07,0.00384441,0.00383306,8.92853E-10,0,4.35854E-06,0,0.214233,0.214233,0.390907,3.22485
A,0,1000,0.4243,1,1,0.213976,0.213517,0.0145788,0.0145342,-0.0145383,-0.0145779,0.0865982,-0.00643931,0.0863847,0.0109835,0.00150947,0.00177561,0.00986079,0.00990891,0.0640757,0.0193251,0.0189111,0.00476245,0.00476355,2.45254E-07,2.45446E-07,0.00384452,0.00383312,0,0,0,0,0.213976,0.213976,0.407593,3.22634
F1,0,1000,0.4243,1,1,0.213665,0.212775,0.0182345,0.0109469,-0.010994,-0.0181873,0.0866871,-0.00636448,0.086277,0.0109829,0.00150946,0.00177556,0.00986072,0.00990885,0.0640031,0.0193614,0.0189467,0.00492158,0.00492069,2.53081E-07,2.53328E-07,0.00384464,0.00383306,0.00125849,0,0.00517458,0,0.213619,0.213632,0.390738,3.22634
F2,0,1000,0.4243,1,1,0.213665,0.212775,0.0182345,0.0109469,-0.010994,-0.0181873,0.0866871,-0.00636448,0.086277,0.0109829,0.00150946,0.00177556,0.00986072,0.00990885,0.0640031,0.0193614,0.0189467,0.00492158,0.00492069,2.53081E-07,2.53328E-07,0.00384464,0.00383306,0.00125849,0,0.00517458,0,0.213619,0.213632,0.390738,3.22634
B,0,1000,0.4243,1,1,0.213665,0.212775,0.0182345,0.0109469,-0.010994,-0.0181873,0.0866871,-0.00636448,0.086277,0.0109829,0.00150946,0.00177556,0.00986072,0.00990885,0.0640031,0.0193614,0.0189467,0.00492158,0.00492069,2.53081E-07,2.53328E-07,0.00384464,0.00383306,0.00125849,0,0.00517458,0,0.213619,0.213632,0.390738,3.22634
A,0,1000,0.4243,1,2,0.213976,0.213517,0.0145788,0.0145342,-0.0145383,-0.0145779,0.0865982,-0.00643931,0.0863847,0.0109835,0.00150947,0.00177561,0.00986079,0.00990891,0.0640757,0.0193251,0.0189111,0.00476245,0.00476355,2.45254E-07,2.45446E-07,0.00384452,0.00383312,0,0,0,0,0.213976,0.213976,0.407593,3.22535
F1,0,1000,0.4243,1,2,0.213665,0.212775,0.0182345,0.0109469,-0.010994,-0.0181873,0.0866871,-0.00636448,0.086277,0.0109829,0.00150946,0.00177556,0.00986072,0.00990885,0.0640031,0.0193614,0.0189467,0.00492158,0.00492069,2.53081E-07,2.53328E-07,0.00384464,0.00383306,0.00125849,0,0.00517458,0,0.213619,0.213632,0.390738,3.22535
F2,0,1000,0.4243,1,2,0.214233,0.213267,0.0145625,0.0145521,-0.0145543,-0.0145602,0.0867038,-0.00643954,0.0862773,0.0109834,0.00150946,0.00177557,0.00986072,0.00990886,0.0640031,0.0193614,0.0189466,0.00476296,0.00476297,2.4521E-07,2.45484E-07,0.00384441,0.00383306,2.06697E-09,0,6.6316E-06,0,0.214233,0.214233,0.390897,3.22535
B,0,1000,0.4243,1,2,0.214233,0.213267,0.0145609,0.0145537,-0.0145558,-0.0145586,0.0867038,-0.00643957,0.0862773,0.0109834,0.00150946,0.00177557,0.00986072,0.00990886,0.0640031,0.0193614,0.0189466,0.00476297,0.00476297,2.45209E-07,2.45484E-07,0.00384441,0.00383306,8.93775E-10,0,4.36079E-06,0,0.214233,0.214233,0.390898,3.22535
A,0,1000,0.4243,1,3,0.213976,0.213517,0.0145788,0.0145342,-0.0145383,-0.0145779,0.0865982,-0.00643931,0.0863847,0.0109835,0.00150947,0.00177561,0.00986079,0.00990891,0.0640757,0.0193251,0.0189111,0.00476245,0.00476355,2.45254E-07,2.45446E-07,0.00384452,0.00383312,0,0,0,0,0.213976,0.213976,0.407593,3.22535
F1,0,1000,0.4243,1,3,0.214228,0.213264,0.0145792,0.0145352,-0.0145377,-0.0145768,0.0867038,-0.00643923,0.0862773,0.0109834,0.00150946,0.00177557,0.00986072,0.00990886,0.0640031,0.0193614,0.0189466,0.00476293,0.00476301,2.4521E-07,2.45488E-07,0.00384441,0.00383306,4.36996E-08,0,3.04923E-05,0,0.214228,0.214228,0.390896,3.22535
F2,0,1000,0.4243,1,3,0.213665,0.212775,0.0182345,0.0109469,-0.010994,-0.0181873,0.0866871,-0.00636448,0.086277,0.0109829,0.00150946,0.00177556,0.00986072,0.00990885,0.0640031,0.0193614,0.0189467,0.00492158,0.00492069,2.53081E-07,2.53328E-07,0.00384464,0.00383306,0.00125849,0,0.00517458,0,0.213619,0.213632,0.390738,3.22535
B,0,1000,0.4243,1,3,0.214233,0.213267,0.0145609,0.0145537,-0.0145558,-0.0145586,0.0867038,-0.00643957,0.0862773,0.0109834,0.00150946,0.00177557,0.00986072,0.00990886,0.0640031,0.0193614,0.0189466,0.00476297,0.00476297,2.45209E-07,2.45484E-07,0.00384441,0.00383306,8.93775E-10,0,4.36079E-06,0,0.214233,0.214233,0.390898,3.22535
A,0,1000,0.4243,1,4,0.213976,0.213517,0.0145788,0.0145342,-0.0145383,-0.0145779,0.0865982,-0.00643931,0.0863847,0.0109835,0.00150947,0.00177561,0.00986079,0.00990891,0.0640757,0.0193251,0.0189111,0.00476245,0.00476355,2.45254E-07,2.45446E-07,0.00384452,0.00383312,0,0,0,0,0.213976,0.213976,0.407593,3.22535
F1,0,1000,0.4243,1,4,0.214228,0.213264,0.0145792,0.0145352,-0.0145377,-0.0145768,0.0867038,-0.00643923,0.0862773,0.0109834,0.00150946,0.00177557,0.00986072,0.00990886,0.0640031,0.0193614,0.0189466,0.00476293,0.00476301,2.4521E-07,2.45488E-07,0.00384441,0.00383306,4.36996E-08,0,3.04923E-05,0,0.214228,0.214228,0.390896,3.22535
F2,0,1000,0.4243,1,4,0.214233,0.213267,0.0145625,0.0145521,-0.0145543,-0.0145602,0.0867038,-0.00643954,0.0862773,0.0109834,0.00150946,0.00177557,0.00986072,0.00990886,0.0640031,0.0193614,0.0189466,0.00476296,0.00476297,2.4521E-07,2.45484E-07,0.00384441,0.00383306,2.06697E-09,0,6.6316E-06,0,0.214233,0.214233,0.390897,3.22535
B,0,1000,0.4243,1,4,0.213665,0.212775,0.0182345,0.0109469,-0.010994,-0.0181873,0.0866871,-0.00636448,0.086277,0.0109829,0.00150946,0.00177556,0.00986072,0.00990885,0.0640031,0.0193614,0.0189467,0.00492158,0.00492069,2.53081E-07,2.53328E-07,0.00384464,0.00383306,0.00125849,0,0.00517458,0,0.213619,0.213632,0.390738,3.22535
A,0,1000,0.4243,1,5,0.213976,0.213517,0.0145788,0.0145342,-0.0145383,-0.0145779,0.0865982,-0.00643931,0.0863847,0.0109835,0.00150947,0.00177561,0.00986079,0.00990891,0.0640757,0.0193251,0.0189111,0.00476245,0.00476355,2.45254E-07,2.45446E-07,0.00384452,0.00383312,0,0,0,0,0.213976,0.213976,0.407595,3.22523
F1,0,1000,0.4243,1,5,0.213696,0.21279,0.0177671,0.0113982,-0.0114397,-0.0177254,0.0866889,-0.00637395,0.0862771,0.010983,0.00150946,0.00177556,0.00986072,0.00990885,0.0640031,0.0193614,0.0189467,0.00488403,0.00488341,2.51273E-07,2.51529E-07,0.00384459,0.00383306,0.000961184,0,0.00452225,0,0.213661,0.213669,0.390743,3.22523
F2,0,1000,0.4243,1,5,0.214233,0.213267,0.0145625,0.0145521,-0.0145543,-0.0145602,0.0867038,-0.00643954,0.0862773,0.0109834,0.00150946,0.00177557,0.00986072,0.00990886,0.0640031,0.0193614,0.0189466,0.00476296,0.00476297,2.4521E-07,2.45484E-07,0.00384441,0.00383306,2.06705E-09,0,6.63172E-06,0,0.214233,0.214233,0.3909,3.22523
B,0,1000,0.4243,1,5,0.214233,0.213267,0.0145609,0.0145537,-0.0145558,-0.0145586,0.0867038,-0.00643957,0.0862773,0.0109834,0.00150946,0.00177557,0.00986072,0.00990886,0.0640031,0.0193614,0.0189466,0.00476297,0.00476297,2.45209E-07,2.45484E-07,0.00384441,0.00383306,8.93807E-10,0,4.36087E-06,0,0.214233,0.214233,0.3909,3.22523
A,0,1000,0.4243,1,6,0.213976,0.213517,0.0145788,0.0145342,-0.0145383,-0.0145779,0.0865982,-0.00643931,0.0863847,0.0109835,0.00150947,0.00177561,0.00986079,0.00990891,0.0640757,0.0193251,0.0189111,0.00476245,0.00476355,2.45254E-07,2.45446E-07,0.00384452,0.00383312,0,0,0,0,0.213976,0.213976,0.4076,3.22492
F1,0,1000,0.4243,1,6,0.213948,0.213003,0.0159623,0.0131614,-0.0131813,-0.015943,0.0866973,-0.00641087,0.0862772,0.0109832,0.00150946,0.00177557,0.00986072,0.00990885,0.0640031,0.0193614,0.0189467,0.00478622,0.00478635,2.46471E-07,2.46754E-07,0.00384444,0.00383306,0.00018586,0,0.00198859,0,0.21394,0.213944,0.390815,3.22492
F2,0,1000,0.4243,1,6,0.214233,0.213267,0.0145625,0.0145521,-0.0145543,-0.0145602,0.0867038,-0.00643954,0.0862773,0.0109834,0.00150946,0.00177557,0.00986072,0.00990886,0.0640031,0.0193614,0.0189466,0.00476296,0.00476297,2.4521E-07,2.45484E-07,0.00384441,0.00383306,2.06734E-09,0,6.63219E-06,0,0.214233,0.214233,0.390906,3.22492
B,0,1000,0.4243,1,6,0.214233,0.213267,0.0145609,0.0145537,-0.0145558,-0.0145586,0.0867038,-0.00643957,0.0862773,0.0109834,0.00150946,0.00177557,0.00986072,0.00990886,0.0640031,0.0193614,0.0189466,0.00476297,0.00476297,2.45209E-07,2.45484E-07,0.00384441,0.00383306,8.93933E-10,0,4.36118E-06,0,0.214233,0.214233,0.390906,3.22492
A,0,1000,1.4142,1,0,0.213927,0.213474,0.0146307,0.014482,-0.0144919,-0.014624,0.0865919,-0.00643189,0.0863873,0.0109834,0.00150946,0.00177561,0.00986079,0.00990887,0.0640772,0.019324,0.0189105,0.00476247,0.00476356,2.45331E-07,2.45519E-07,0.00384452,0.0038331,0,0,0,0,0.213926,0.213927,1.39721,3.22484
F1,0,1000,1.4142,1,0,0.214178,0.213223,0.0146303,0.0144836,-0.0144922,-0.0146224,0.0866975,-0.00643182,0.0862798,0.0109833,0.00150945,0.00177557,0.00986071,0.00990882,0.0640046,0.0193603,0.0189461,0.00476285,0.00476312,2.45282E-07,2.45566E-07,0.0038444,0.00383305,4.84966E-07,0,0.00010158,0,0.214177,0.214178,1.38022,3.22484
F2,0,1000,1.4142,1,0,0.21422,0.213259,0.0145745,0.0145398,-0.0145473,-0.0145669,0.0866984,-0.00643285,0.0862799,0.0109833,0.00150945,0.00177557,0.00986071,0.00990882,0.0640046,0.0193603,0.0189461,0.00476292,0.00476294,2.45263E-07,2.45535E-07,0.00384441,0.00383305,2.29387E-08,0,2.2092E-05,0,0.21422,0.21422,1.38022,3.22484
B,0,1000,1.4142,1,0,0.214224,0.213263,0.0145692,0.0145451,-0.0145525,-0.0145616,0.0866985,-0.00643295,0.0862799,0.0109833,0.00150945,0.00177557,0.00986071,0.00990882,0.0640046,0.0193603,0.0189461,0.00476293,0.00476293,2.45261E-07,2.45533E-07,0.00384441,0.00383305,9.91887E-09,0,1.45272E-05,0,0.214223,0.214224,1.38022,3.22484
A,0,1000,1.4142,1,1,0.213927,0.213474,0.0146307,0.014482,-0.0144919,-0.014624,0.0865919,-0.00643189,0.0863871,0.0109834,0.00150946,0.00177561,0.00986078,0.00990888,0.0640772,0.019324,0.0189106,0.00476247,0.00476356,2.45331E-07,2.4552E-07,0.00384451,0.0038331,0,0,0,0,0.213927,0.213927,1.39718,3.24655
F1,0,1000,1.4142,1,1,0.208994,0.208347,0.0272317,0.00295938,-0.00310133,-0.0270902,0.0865127,-0.00618082,0.0862792,0.0109774,0.00150945,0.0017755,0.00986074,0.0099088,0.0640045,0.0193598,0.0189466,0.00657428,0.00654398,3.35609E-07,3.34552E-07,0.0038474,0.00383304,0.0139804,0,0.0172469,0,0.208833,0.208882,1.37964,3.24655
F2,0,1000,1.4142,1,1,0.208994,0.208347,0.0272317,0.00295938,-0.00310133,-0.0270902,0.0865127,-0.00618082,0.0862792,0.0109774,0.00150945,0.0017755,0.00986074,0.0099088,0.0640045,0.0193598,0.0189466,0.00657428,0.00654398,3.35609E-07,3.34552E-07,0.0038474,0.00383304,0.0139804,0,0.0172469,0,0.208833,0.208882,1.37964,3.24655
B,0,1000,1.4142,1,1,0.208994,0.208347,0.0272317,0.00295939,-0.00310133,-0.0270902,0.0865127,-0.00618082,0.0862792,0.0109774,0.00150945,0.0017755,0.00986074,0.0099088,0.0640045,0.0193598,0.0189466,0.00657428,0.00654398,3.35609E-07,3.34552E-07,0.0038474,0.00383304,0.0139804,0,0.0172469,0,0.208833,0.208882,1.37964,3.24655
A,0,1000,1.4142,1,2,0.213927,0.213474,0.0146307,0.014482,-0.0144919,-0.014624,0.086592,-0.00643189,0.0863871,0.0109834,0.00150946,0.00177561,0.00986078,0.00990888,0.0640771,0.019324,0.0189106,0.00476247,0.00476356,2.45331E-07,2.45521E-07,0.00384451,0.0038331,0,0,0,0,0.213928,0.213928,1.3972,3.23208
F1,0,1000,1.4142,1,2,0.208981,0.208358,0.0272321,0.00295905,-0.003101,-0.0270907,0.0865126,-0.00618082,0.0862791,0.0109774,0.00150945,0.00177549,0.00986074,0.0099088,0.0640045,0.0193598,0.0189466,0.00657377,0.0065446,3.35584E-07,3.34584E-07,0.00384738,0.00383304,0.0139808,0,0.0172472,0,0.208832,0.208856,1.37967,3.23208
F2,0,1000,1.4142,1,2,0.214221,0.213259,0.0145745,0.0145398,-0.0145473,-0.0145669,0.0866984,-0.00643285,0.0862797,0.0109833,0.00150946,0.00177557,0.0098607,0.00990883,0.0640045,0.0193603,0.0189461,0.00476292,0.00476294,2.45263E-07,2.45536E-07,0.0038444,0.00383305,2.29642E-08,0,2.21043E-05,0,0.214221,0.214221,1.38021,3.23208
B,0,1000,1.4142,1,2,0.214225,0.213263,0.0145692,0.0145451,-0.0145525,-0.0145616,0.0866985,-0.00643295,0.0862797,0.0109833,0.00150946,0.00177557,0.0098607,0.00990883,0.0640045,0.0193603,0.0189461,0.00476293,0.00476293,2.45261E-07,2.45534E-07,0.0038444,0.00383305,9.92988E-09,0,1.45353E-05,0,0.214225,0.214225,1.38021,3.23208
A,0,1000,1.4142,1,3,0.213927,0.213474,0.0146307,0.014482,-0.0144919,-0.014624,0.086592,-0.00643189,0.0863871,0.0109834,0.00150946,0.00177561,0.00986078,0.00990888,0.0640771,0.019324,0.0189106,0.00476247,0.00476356,2.45331E-07,2.45521E-07,0.00384451,0.0038331,0,0,0,0,0.213928,0.213928,1.3972,3.23208
F1,0,1000,1.4142,1,3,0.214178,0.213223,0.0146303,0.0144836,-0.0144922,-0.0146224,0.0866976,-0.00643182,0.0862797,0.0109833,0.00150946,0.00177557,0.0098607,0.00990883,0.0640045,0.0193603,0.0189461,0.00476285,0.00476312,2.45281E-07,2.45567E-07,0.0038444,0.00383305,4.85504E-07,0,0.000101636,0,0.214178,0.214178,1.3802,3.23208
F2,0,1000,1.4142,1,3,0.208981,0.208358,0.0272321,0.00295905,-0.003101,-0.0270907,0.0865126,-0.00618082,0.0862791,0.0109774,0.00150945,0.00177549,0.00986074,0.0099088,0.0640045,0.0193598,0.0189466,0.00657377,0.0065446,3.35584E-07,3.34584E-07,0.00384738,0.00383304,0.0139808,0,0.0172472,0,0.208832,0.208856,1.37967,3.23208
B,0,1000,1.4142,1,3,0.214225,0.213263,0.0145692,0.0145451,-0.0145525,-0.0145616,0.0866985,-0.00643295,0.0862797,0.0109833,0.00150946,0.00177557,0.0098607,0.00990883,0.0640045,0.0193603,0.0189461,0.00476293,0.00476293,2.45261E-07,2.45534E-07,0.0038444,0.00383305,9.92989E-09,0,1.45353E-05,0,0.214225,0.214225,1.38021,3.23208
A,0,1000,1.4142,1,4,0.213927,0.213474,0.0146307,0.014482,-0.0144919,-0.014624,0.086592,-0.00643189,0.0863871,0.0109834,0.00150946,0.00177561,0.00986078,0.00990888,0.0640771,0.019324,0.0189106,0.00476247,0.00476356,2.45331E-07,2.45521E-07,0.00384451,0.0038331,0,0,0,0,0.213928,0.213928,1.3972,3.23208
F1,0,1000,1.4142,1,4,0.214178,0.213223,0.0146303,0.0144836,-0.0144922,-0.0146224,0.0866976,-0.00643182,0.0862797,0.0109833,0.00150946,0.00177557,0.0098607,0.00990883,0.0640045,0.0193603,0.0189461,0.00476285,0.00476312,2.45281E-07,2.45567E-07,0.0038444,0.00383305,4.85504E-07,0,0.000101636,0,0.214178,0.214178,1.3802,3.23208
F2,0,1000,1.4142,1,4,0.214221,0.213259,0.0145745,0.0145398,-0.0145473,-0.0145669,0.0866984,-0.00643285,0.0862797,0.0109833,0.00150946,0.00177557,0.0098607,0.00990883,0.0640045,0.0193603,0.0189461,0.00476292,0.00476294,2.45263E-07,2.45536E-07,0.0038444,0.00383305,2.29642E-08,0,2.21043E-05,0,0.214221,0.214221,1.38021,3.23208
B,0,1000,1.4142,1,4,0.208981,0.208358,0.0272321,0.00295905,-0.003101,-0.0270907,0.0865126,-0.00618082,0.0862791,0.0109774,0.00150945,0.00177549,0.00986074,0.0099088,0.0640045,0.0193598,0.0189466,0.00657377,0.0065446,3.35584E-07,3.34584E-07,0.00384738,0.00383304,0.0139808,0,0.0172472,0,0.208832,0.208856,1.37967,3.23208
A,0,1000,1.4142,1,5,0.213927,0.213474,0.0146307,0.014482,-0.0144919,-0.014624,0.086592,-0.00643189,0.0863871,0.0109834,0.00150946,0.00177561,0.00986078,0.00990888,0.0640771,0.019324,0.0189106,0.00476247,0.00476356,2.45331E-07,2.45521E-07,0.00384451,0.0038331,0,0,0,0,0.213928,0.213928,1.3972,3.22992
F1,0,1000,1.4142,1,5,0.208872,0.208191,0.0255312,0.00431249,-0.00444341,-0.0254007,0.0865333,-0.00621308,0.0862794,0.0109788,0.00150945,0.00177551,0.00986073,0.0099088,0.0640045,0.0193598,0.0189466,0.00613611,0.00611292,3.14299E-07,3.13553E-07,0.0038467,0.00383304,0.0106781,0,0.015073,0,0.208759,0.208773,1.37968,3.22992
F2,0,1000,1.4142,1,5,0.214221,0.213259,0.0145745,0.0145398,-0.0145473,-0.0145669,0.0866984,-0.00643285,0.0862797,0.0109833,0.00150946,0.00177557,0.0098607,0.00990883,0.0640045,0.0193603,0.0189461,0.00476292,0.00476294,2.45262E-07,2.45536E-07,0.0038444,0.00383305,2.29647E-08,0,2.21045E-05,0,0.214221,0.214221,1.38021,3.22992
B,0,1000,1.4142,1,5,0.214225,0.213263,0.0145692,0.0145451,-0.0145525,-0.0145616,0.0866985,-0.00643295,0.0862797,0.0109833,0.00150946,0.00177557,0.0098607,0.00990883,0.0640045,0.0193603,0.0189461,0.00476293,0.00476293,2.45261E-07,2.45534E-07,0.0038444,0.00383305,9.93012E-09,0,1.45354E-05,0,0.214225,0.214225,1.38021,3.22992
A,0,1000,1.4142,1,6,0.213927,0.213473,0.0146307,0.014482,-0.0144919,-0.014624,0.086592,-0.00643189,0.0863871,0.0109834,0.00150946,0.00177561,0.00986078,0.00990888,0.0640771,0.019324,0.0189106,0.00476247,0.00476356,2.4533E-07,2.45521E-07,0.00384451,0.0038331,0,0,0,0,0.213928,0.213928,1.3972,3.22566
F1,0,1000,1.4142,1,6,0.211137,0.210275,0.0192791,0.00994386,-0.0100101,-0.0192152,0.0866259,-0.00633717,0.0862798,0.0109821,0.00150945,0.00177556,0.00986071,0.00990882,0.0640045,0.01936,0.0189464,0.00502466,0.00502037,2.59469E-07,2.59547E-07,0.00384488,0.00383304,0.00206474,0,0.00662803,0,0.211107,0.211121,1.37991,3.22566
F2,0,1000,1.4142,1,6,0.214221,0.213259,0.0145745,0.0145398,-0.0145473,-0.0145669,0.0866984,-0.00643285,0.0862797,0.0109833,0.00150946,0.00177557,0.0098607,0.00990883,0.0640045,0.0193603,0.0189461,0.00476292,0.00476294,2.45262E-07,2.45536E-07,0.0038444,0.00383305,2.29664E-08,0,2.21053E-05,0,0.214221,0.214221,1.38022,3.22566
B,0,1000,1.4142,1,6,0.214225,0.213263,0.0145692,0.0145451,-0.0145525,-0.0145616,0.0866985,-0.00643295,0.0862797,0.0109833,0.00150946,0.00177557,0.0098607,0.00990883,0.0640045,0.0193603,0.0189461,0.00476293,0.00476293,2.45261E-07,2.45534E-07,0.0038444,0.00383305,9.93083E-09,0,1.4536E-05,0,0.214225,0.214225,1.38022,3.22566
A,0,1000,2.8284,1,0,0.213766,0.21333,0.0147045,0.0144071,-0.0144253,-0.0146896,0.0865712,-0.00642123,0.0863956,0.0109832,0.00150944,0.0017756,0.00986076,0.00990876,0.0640821,0.0193202,0.0189086,0.00476253,0.00476359,2.45585E-07,2.45762E-07,0.00384451,0.00383306,0,0,0,0,0.213764,0.213766,2.81097,3.2248
F1,0,1000,2.8284,1,0,0.214016,0.213084,0.0147029,0.0144095,-0.0144268,-0.0146872,0.086677,-0.00642118,0.0862881,0.0109831,0.00150943,0.00177557,0.00986068,0.00990871,0.0640094,0.0193565,0.0189442,0.00476277,0.00476328,2.45526E-07,2.45814E-07,0.00384439,0.003833,1.93994E-06,0,0.000203163,0,0.214013,0.214016,2.79355,3.2248
F2,0,1000,2.8284,1,0,0.21418,0.213235,0.0145914,0.0145219,-0.014537,-0.0145762,0.0866803,-0.00642324,0.0862881,0.0109831,0.00150943,0.00177557,0.00986068,0.00990871,0.0640094,0.0193565,0.0189442,0.0047628,0.00476282,2.4544E-07,2.45705E-07,0.00384439,0.003833,9.17582E-08,0,4.41849E-05,0,0.214179,0.21418,2.79356,3.2248
B,0,1000,2.8284,1,0,0.214195,0.21325,0.0145808,0.0145325,-0.0145475,-0.0145658,0.0866806,-0.00642343,0.0862881,0.0109831,0.00150943,0.00177557,0.00986068,0.00990871,0.0640094,0.0193566,0.0189442,0.0047628,0.0047628,2.45432E-07,2.45696E-07,0.00384439,0.003833,3.9677E-08,0,2.9055E-05,0,0.214194,0.214195,2.79356,3.2248
A,0,1000,2.8284,1,1,0.213766,0.213329,0.0147045,0.0144071,-0.0144254,-0.0146896,0.0865713,-0.00642123,0.0863954,0.0109832,0.00150944,0.0017756,0.00986075,0.00990877,0.064082,0.0193203,0.0189087,0.00476253,0.00476359,2.45584E-07,2.45764E-07,0.0038445,0.00383306,0,0,0,0,0.213766,0.213766,2.81086,3.57135
F1,0,1000,2.8284,1,1,0.234645,0.233873,0.0482488,3.69335E-09,-2.0193E-08,-0.0482514,0.0859019,-0.00590781,0.0862821,0.0108962,0.0015094,0.00177532,0.00986074,0.00990859,0.0640093,0.0193547,0.0189462,0.0144637,0.0144614,7.41677E-07,7.42594E-07,0.00385724,0.00383297,0.0559212,0,0.0344937,0,0.234343,0.234462,2.79256,3.57135
F2,0,1000,2.8284,1,1,0.234645,0.233873,0.0482488,3.69335E-09,-2.0193E-08,-0.0482514,0.0859019,-0.00590781,0.0862821,0.0108962,0.0015094,0.00177532,0.00986074,0.00990859,0.0640093,0.0193547,0.0189462,0.0144637,0.0144614,7.41677E-07,7.42594E-07,0.00385724,0.00383297,0.0559212,0,0.0344937,0,0.234343,0.234462,2.79256,3.57135
B,0,1000,2.8284,1,1,0.234645,0.233873,0.0482487,3.69346E-09,-2.01931E-08,-0.0482514,0.0859019,-0.00590781,0.0862821,0.0108962,0.0015094,0.00177532,0.00986074,0.00990859,0.0640093,0.0193547,0.0189462,0.0144637,0.0144613,7.41677E-07,7.42594E-07,0.00385724,0.00383297,0.0559212,0,0.0344937,0,0.234343,0.234462,2.79256,3.57135
A,0,1000,2.8284,1,2,0.213766,0.213329,0.0147045,0.0144071,-0.0144253,-0.0146896,0.0865713,-0.00642123,0.0863953,0.0109832,0.00150944,0.0017756,0.00986074,0.00990878,0.064082,0.0193203,0.0189088,0.00476253,0.00476359,2.45583E-07,2.45765E-07,0.0038445,0.00383306,0,0,0,0,0.213766,0.213766,2.81095,3.34033
F1,0,1000,2.8284,1,2,0.234609,0.233913,0.0482514,3.86513E-09,-1.96553E-08,-0.0482541,0.0859016,-0.00590779,0.0862816,0.0108962,0.0015094,0.00177531,0.00986075,0.00990859,0.0640092,0.0193548,0.0189462,0.0144626,0.014464,7.41625E-07,7.42728E-07,0.00385717,0.00383297,0.0559239,0,0.0344945,0,0.23434,0.23439,2.79266,3.34033
F2,0,1000,2.8284,1,2,0.214181,0.213235,0.0145914,0.0145219,-0.014537,-0.0145762,0.0866804,-0.00642324,0.0862879,0.0109831,0.00150944,0.00177557,0.00986066,0.00990873,0.0640093,0.0193566,0.0189443,0.0047628,0.00476282,2.45439E-07,2.45707E-07,0.00384438,0.003833,9.18548E-08,0,4.42081E-05,0,0.214181,0.214181,2.79352,3.34033
B,0,1000,2.8284,1,2,0.214196,0.213249,0.0145808,0.0145325,-0.0145475,-0.0145658,0.0866807,-0.00642343,0.0862879,0.0109831,0.00150944,0.00177557,0.00986066,0.00990873,0.0640093,0.0193566,0.0189443,0.0047628,0.0047628,2.45431E-07,2.45698E-07,0.00384438,0.003833,3.97187E-08,0,2.90703E-05,0,0.214197,0.214197,2.79352,3.34033
A,0,1000,2.8284,1,3,0.213766,0.213329,0.0147045,0.0144071,-0.0144253,-0.0146896,0.0865713,-0.00642123,0.0863953,0.0109832,0.00150944,0.0017756,0.00986074,0.00990878,0.064082,0.0193203,0.0189088,0.00476253,0.00476359,2.45583E-07,2.45765E-07,0.0038445,0.00383306,0,0,0,0,0.213766,0.213766,2.81095,3.34033
F1,0,1000,2.8284,1,3,0.214016,0.213084,0.0147029,0.0144095,-0.0144268,-0.0146872,0.086677,-0.00642118,0.0862878,0.0109831,0.00150944,0.00177557,0.00986067,0.00990873,0.0640093,0.0193566,0.0189444,0.00476277,0.00476328,2.45525E-07,2.45817E-07,0.00384438,0.003833,1.94198E-06,0,0.00020327,0,0.214016,0.214016,2.79351,3.34033
F2,0,1000,2.8284,1,3,0.234609,0.233913,0.0482514,3.86513E-09,-1.96553E-08,-0.0482541,0.0859016,-0.00590779,0.0862816,0.0108962,0.0015094,0.00177531,0.00986075,0.00990859,0.0640092,0.0193548,0.0189462,0.0144626,0.014464,7.41625E-07,7.42728E-07,0.00385717,0.00383297,0.0559239,0,0.0344945,0,0.23434,0.23439,2.79266,3.34033
B,0,1000,2.8284,1,3,0.214196,0.213249,0.0145808,0.0145325,-0.0145475,-0.0145658,0.0866807,-0.00642343,0.0862879,0.0109831,0.00150944,0.00177557,0.00986066,0.00990873,0.0640093,0.0193566,0.0189443,0.0047628,0.0047628,2.45431E-07,2.45698E-07,0.00384438,0.003833,3.97187E-08,0,2.90703E-05,0,0.214197,0.214197,2.79352,3.34033
A,0,1000,2.8284,1,4,0.213766,0.213329,0.0147045,0.0144071,-0.0144253,-0.0146896,0.0865713,-0.00642123,0.0863953,0.0109832,0.00150944,0.0017756,0.00986074,0.00990878,0.064082,0.0193203,0.0189088,0.00476253,0.00476359,2.45583E-07,2.45765E-07,0.0038445,0.00383306,0,0,0,0,0.213766,0.213766,2.81095,3.34033
F1,0,1000,2.8284,1,4,0.214016,0.213084,0.0147029,0.0144095,-0.0144268,-0.0146872,0.086677,-0.00642118,0.0862878,0.0109831,0.00150944,0.00177557,0.00986067,0.00990873,0.0640093,0.0193566,0.0189444,0.00476277,0.00476328,2.45525E-07,2.45817E-07,0.00384438,0.003833,1.94198E-06,0,0.00020327,0,0.214016,0.214016,2.79351,3.34033
F2,0,1000,2.8284,1,4,0.214181,0.213235,0.0145914,0.0145219,-0.014537,-0.0145762,0.0866804,-0.00642324,0.0862879,0.0109831,0.00150944,0.00177557,0.00986066,0.00990873,0.0640093,0.0193566,0.0189443,0.0047628,0.00476282,2.45439E-07,2.45707E-07,0.00384438,0.003833,9.18548E-08,0,4.42081E-05,0,0.214181,0.214181,2.79352,3.34033
B,0,1000,2.8284,1,4,0.234609,0.233913,0.0482514,3.86528E-09,-1.96553E-08,-0.0482541,0.0859016,-0.00590779,0.0862816,0.0108962,0.0015094,0.00177531,0.00986075,0.00990859,0.0640092,0.0193548,0.0189462,0.0144626,0.014464,7.41625E-07,7.42728E-07,0.00385717,0.00383297,0.0559239,0,0.0344945,0,0.23434,0.23439,2.79266,3.34033
A,0,1000,2.8284,1,5,0.213766,0.213329,0.0147045,0.0144071,-0.0144253,-0.0146896,0.0865714,-0.00642123,0.0863953,0.0109832,0.00150944,0.0017756,0.00986074,0.00990878,0.0640819,0.0193203,0.0189088,0.00476253,0.00476359,2.45583E-07,2.45765E-07,0.0038445,0.00383306,0,0,0,0,0.213767,0.213767,2.81096,3.29698
F1,0,1000,2.8284,1,5,0.217788,0.217125,0.0421663,1.9748E-07,-2.73641E-07,-0.0421684,0.0859999,-0.00597407,0.0862826,0.0109284,0.00150941,0.00177537,0.00986074,0.0099086,0.0640092,0.0193547,0.0189463,0.0116041,0.0115947,5.95986E-07,5.96338E-07,0.00385419,0.00383297,0.0427126,0,0.030146,0,0.217578,0.217604,2.79264,3.29698
F2,0,1000,2.8284,1,5,0.214181,0.213234,0.0145914,0.0145219,-0.014537,-0.0145762,0.0866804,-0.00642324,0.0862878,0.0109831,0.00150944,0.00177557,0.00986066,0.00990873,0.0640093,0.0193566,0.0189444,0.0047628,0.00476282,2.45439E-07,2.45707E-07,0.00384438,0.003833,9.18591E-08,0,4.42092E-05,0,0.214181,0.214181,2.79354,3.29698
B,0,1000,2.8284,1,5,0.214196,0.213249,0.0145808,0.0145325,-0.0145475,-0.0145658,0.0866807,-0.00642343,0.0862878,0.0109831,0.00150944,0.00177557,0.00986066,0.00990873,0.0640093,0.0193566,0.0189444,0.0047628,0.0047628,2.45431E-07,2.45698E-07,0.00384438,0.003833,3.97206E-08,0,2.90709E-05,0,0.214197,0.214197,2.79354,3.29698
A,0,1000,2.8284,1,6,0.213766,0.21333,0.0147045,0.0144071,-0.0144253,-0.0146896,0.0865712,-0.00642123,0.0863956,0.0109832,0.00150944,0.0017756,0.00986076,0.00990876,0.0640821,0.0193202,0.0189086,0.00476253,0.00476359,2.45585E-07,2.45762E-07,0.00384451,0.00383306,0,0,0,0,0.213764,0.213766,2.81097,3.22847
F1,0,1000,2.8284,1,6,0.202155,0.201414,0.0241465,0.0054812,-0.00560965,-0.0240232,0.0863901,-0.00623108,0.0862895,0.0109784,0.00150942,0.00177555,0.00986071,0.00990864,0.0640094,0.0193554,0.0189453,0.00582196,0.00579695,3.03104E-07,3.02186E-07,0.00384648,0.00383299,0.00825007,0,0.0132489,0,0.20204,0.202167,2.79292,3.22847
F2,0,1000,2.8284,1,6,0.21418,0.213235,0.0145914,0.0145219,-0.014537,-0.0145762,0.0866803,-0.00642324,0.0862881,0.0109831,0.00150943,0.00177557,0.00986068,0.00990871,0.0640094,0.0193566,0.0189442,0.0047628,0.00476282,2.4544E-07,2.45705E-07,0.00384439,0.003833,9.1754E-08,0,4.41839E-05,0,0.214178,0.21418,2.79356,3.22847
B,0,1000,2.8284,1,6,0.214195,0.21325,0.0145808,0.0145325,-0.0145475,-0.0145658,0.0866806,-0.00642343,0.0862881,0.0109831,0.00150943,0.00177557,0.00986068,0.00990871,0.0640094,0.0193566,0.0189442,0.0047628,0.0047628,2.45432E-07,2.45696E-07,0.00384439,0.003833,3.96752E-08,0,2.90543E-05,0,0.214194,0.214195,2.79356,3.22847
A,0,1000,3.818,1,0,0.213589,0.213171,0.014756,0.0143546,-0.0143786,-0.0147353,0.0865486,-0.00641373,0.0864044,0.010983,0.00150942,0.0017756,0.0098607,0.00990865,0.0640873,0.0193161,0.0189068,0.0047626,0.00476362,2.45861E-07,2.46032E-07,0.00384448,0.00383301,0,0,0,0,0.213589,0.21359,3.80019,3.22476
F1,0,1000,3.818,1,0,0.21384,0.21293,0.0147536,0.0143574,-0.0143809,-0.0147324,0.0866545,-0.00641368,0.0862968,0.0109829,0.00150942,0.00177556,0.00986063,0.0099086,0.0640146,0.0193525,0.0189424,0.00476273,0.0047634,2.45796E-07,2.46087E-07,0.00384435,0.00383295,3.53835E-06,0,0.00027438,0,0.213839,0.21384,3.78243,3.22476
F2,0,1000,3.818,1,0,0.214137,0.213208,0.014603,0.0145092,-0.0145296,-0.0145826,0.0866605,-0.00641647,0.0862968,0.0109829,0.00150942,0.00177556,0.00986063,0.0099086,0.0640146,0.0193525,0.0189424,0.00476266,0.00476268,2.45633E-07,2.45893E-07,0.00384436,0.00383295,1.67363E-07,0,5.96734E-05,0,0.214137,0.214137,3.78244,3.22476
B,0,1000,3.818,1,0,0.214165,0.213235,0.0145887,0.0145236,-0.0145438,-0.0145685,0.0866611,-0.00641673,0.0862968,0.0109829,0.00150942,0.00177556,0.00986063,0.0099086,0.0640146,0.0193525,0.0189424,0.00476266,0.00476266,2.45618E-07,2.45878E-07,0.00384436,0.00383295,7.2369E-08,0,3.92399E-05,0,0.214165,0.214165,3.78244,3.22476
A,0,1000,3.818,1,1,0.213589,0.213171,0.014756,0.0143546,-0.0143786,-0.0147353,0.0865487,-0.00641373,0.0864044,0.010983,0.00150942,0.0017756,0.0098607,0.00990865,0.0640873,0.0193162,0.0189068,0.0047626,0.00476362,2.45861E-07,2.46032E-07,0.00384448,0.00383301,0,0,0,0,0.21359,0.21359,3.80022,3.97996
F1,0,1000,3.818,1,1,0.269818,0.268951,0.0651224,-3.77754E-07,3.7218E-07,-0.0651273,0.0851794,-0.00571007,0.0862926,0.0107896,0.00150935,0.00177511,0.00986072,0.00990838,0.0640144,0.0193492,0.0189458,0.0248315,0.0248561,1.29858E-06,1.30168E-06,0.00386842,0.00383288,0.101904,0,0.0465635,0,0.269437,0.269507,3.78123,3.97996
F2,0,1000,3.818,1,1,0.269818,0.268951,0.0651224,-3.77754E-07,3.7218E-07,-0.0651273,0.0851794,-0.00571007,0.0862926,0.0107896,0.00150935,0.00177511,0.00986072,0.00990838,0.0640144,0.0193492,0.0189458,0.0248315,0.0248561,1.29858E-06,1.30168E-06,0.00386842,0.00383288,0.101904,0,0.0465635,0,0.269437,0.269507,3.78123,3.97996
B,0,1000,3.818,1,1,0.269818,0.268951,0.0651224,-3.77754E-07,3.7218E-07,-0.0651272,0.0851794,-0.00571007,0.0862926,0.0107896,0.00150935,0.00177511,0.00986072,0.00990838,0.0640144,0.0193492,0.0189458,0.0248315,0.0248561,1.29858E-06,1.30168E-06,0.00386842,0.00383288,0.101904,0,0.0465635,0,0.269437,0.269507,3.78123,3.97996
A,0,1000,3.818,1,2,0.213589,0.213171,0.014756,0.0143546,-0.0143786,-0.0147353,0.0865486,-0.00641373,0.0864045,0.010983,0.00150942,0.0017756,0.00986071,0.00990865,0.0640874,0.0193161,0.0189067,0.0047626,0.00476361,2.45862E-07,2.46031E-07,0.00384448,0.00383301,0,0,0,0,0.213588,0.213589,3.79992,3.47645
F1,0,1000,3.818,1,2,0.269924,0.268852,0.0651205,-2.84334E-07,3.34783E-07,-0.0651253,0.0851803,-0.00571015,0.0862941,0.0107899,0.00150935,0.00177514,0.0098607,0.00990836,0.0640145,0.0193491,0.0189457,0.024835,0.0248469,1.29874E-06,1.3012E-06,0.00386861,0.00383288,0.101893,0,0.0465612,0,0.269454,0.269716,3.78087,3.47645
F2,0,1000,3.818,1,2,0.214137,0.213208,0.014603,0.0145092,-0.0145296,-0.0145826,0.0866604,-0.00641647,0.086297,0.0109829,0.00150941,0.00177556,0.00986063,0.0099086,0.0640147,0.0193525,0.0189423,0.00476266,0.00476268,2.45634E-07,2.45893E-07,0.00384436,0.00383295,1.67315E-07,0,5.96648E-05,0,0.214136,0.214137,3.78215,3.47645
B,0,1000,3.818,1,2,0.214164,0.213235,0.0145887,0.0145236,-0.0145438,-0.0145685,0.086661,-0.00641673,0.086297,0.0109829,0.00150941,0.00177556,0.00986063,0.0099086,0.0640147,0.0193525,0.0189423,0.00476266,0.00476266,2.45618E-07,2.45877E-07,0.00384436,0.00383295,7.23482E-08,0,3.92342E-05,0,0.214164,0.214165,3.78215,3.47645
A,0,1000,3.818,1,3,0.213589,0.213171,0.014756,0.0143546,-0.0143786,-0.0147353,0.0865486,-0.00641373,0.0864045,0.010983,0.00150942,0.0017756,0.00986071,0.00990865,0.0640874,0.0193161,0.0189067,0.0047626,0.00476361,2.45862E-07,2.46031E-07,0.00384448,0.00383301,0,0,0,0,0.213588,0.213589,3.79992,3.47645
F1,0,1000,3.818,1,3,0.213839,0.21293,0.0147536,0.0143575,-0.0143809,-0.0147323,0.0866544,-0.00641368,0.0862969,0.0109829,0.00150941,0.00177556,0.00986063,0.00990859,0.0640147,0.0193524,0.0189423,0.00476273,0.0047634,2.45797E-07,2.46086E-07,0.00384436,0.00383295,3.53734E-06,0,0.00027434,0,0.213838,0.213839,3.78214,3.47645
F2,0,1000,3.818,1,3,0.269924,0.268853,0.0651205,-2.84336E-07,3.34778E-07,-0.0651253,0.0851803,-0.00571015,0.0862941,0.0107899,0.00150935,0.00177514,0.0098607,0.00990836,0.0640145,0.0193491,0.0189457,0.024835,0.0248469,1.29874E-06,1.3012E-06,0.00386861,0.00383288,0.101893,0,0.0465612,0,0.269454,0.269715,3.78087,3.47645
B,0,1000,3.818,1,3,0.214164,0.213235,0.0145887,0.0145236,-0.0145438,-0.0145685,0.086661,-0.00641673,0.086297,0.0109829,0.00150941,0.00177556,0.00986063,0.0099086,0.0640147,0.0193525,0.0189423,0.00476266,0.00476266,2.45618E-07,2.45877E-07,0.00384436,0.00383295,7.23482E-08,0,3.92342E-05,0,0.214164,0.214165,3.78215,3.47645
A,0,1000,3.818,1,4,0.213589,0.213171,0.014756,0.0143546,-0.0143786,-0.0147353,0.0865486,-0.00641373,0.0864045,0.010983,0.00150942,0.0017756,0.00986071,0.00990865,0.0640874,0.0193161,0.0189067,0.0047626,0.00476361,2.45862E-07,2.46031E-07,0.00384448,0.00383301,0,0,0,0,0.213588,0.213589,3.79992,3.47645
F1,0,1000,3.818,1,4,0.213839,0.21293,0.0147536,0.0143575,-0.0143809,-0.0147323,0.0866544,-0.00641368,0.0862969,0.0109829,0.00150941,0.00177556,0.00986063,0.00990859,0.0640147,0.0193524,0.0189423,0.00476273,0.0047634,2.45797E-07,2.46086E-07,0.00384436,0.00383295,3.53734E-06,0,0.00027434,0,0.213838,0.213839,3.78214,3.47645
F2,0,1000,3.818,1,4,0.214137,0.213208,0.014603,0.0145092,-0.0145296,-0.0145826,0.0866604,-0.00641647,0.086297,0.0109829,0.00150941,0.00177556,0.00986063,0.0099086,0.0640147,0.0193525,0.0189423,0.00476266,0.00476268,2.45634E-07,2.45893E-07,0.00384436,0.00383295,1.67315E-07,0,5.96648E-05,0,0.214136,0.214137,3.78215,3.47645
B,0,1000,3.818,1,4,0.269924,0.268853,0.0651205,-2.84337E-07,3.34775E-07,-0.0651253,0.0851803,-0.00571015,0.0862941,0.0107899,0.00150935,0.00177514,0.0098607,0.00990836,0.0640145,0.0193491,0.0189457,0.024835,0.0248469,1.29874E-06,1.3012E-06,0.00386861,0.00383288,0.101893,0,0.0465612,0,0.269454,0.269715,3.78087,3.47645
A,0,1000,3.818,1,5,0.213589,0.213171,0.014756,0.0143546,-0.0143786,-0.0147353,0.0865486,-0.00641373,0.0864045,0.010983,0.00150942,0.0017756,0.00986071,0.00990865,0.0640874,0.0193161,0.0189067,0.0047626,0.00476361,2.45862E-07,2.46031E-07,0.00384448,0.00383301,0,0,0,0,0.213589,0.213589,3.79995,3.40815
F1,0,1000,3.818,1,5,0.244855,0.243871,0.0569072,-2.10096E-07,2.36932E-07,-0.0569112,0.0853733,-0.00580227,0.0862941,0.0108419,0.00150935,0.00177525,0.00986072,0.00990836,0.0640145,0.0193491,0.0189457,0.0193594,0.0193592,1.01006E-06,1.01149E-06,0.00386294,0.00383289,0.077817,0,0.0406901,0,0.24453,0.244704,3.78086,3.40815
F2,0,1000,3.818,1,5,0.214137,0.213208,0.014603,0.0145092,-0.0145296,-0.0145826,0.0866604,-0.00641647,0.086297,0.0109829,0.00150941,0.00177556,0.00986063,0.0099086,0.0640147,0.0193525,0.0189423,0.00476266,0.00476268,2.45634E-07,2.45893E-07,0.00384436,0.00383295,1.67319E-07,0,5.96656E-05,0,0.214136,0.214137,3.78219,3.40815
B,0,1000,3.818,1,5,0.214164,0.213235,0.0145887,0.0145236,-0.0145438,-0.0145685,0.086661,-0.00641673,0.086297,0.0109829,0.00150941,0.00177556,0.00986063,0.0099086,0.0640147,0.0193525,0.0189423,0.00476266,0.00476266,2.45618E-07,2.45877E-07,0.00384436,0.00383295,7.23502E-08,0,3.92348E-05,0,0.214164,0.214165,3.78219,3.40815
A,0,1000,3.818,1,6,0.213589,0.213171,0.014756,0.0143546,-0.0143786,-0.0147353,0.0865486,-0.00641373,0.0864045,0.010983,0.00150942,0.0017756,0.00986071,0.00990865,0.0640874,0.0193161,0.0189067,0.0047626,0.00476361,2.45862E-07,2.46031E-07,0.00384448,0.00383301,0,0,0,0,0.213589,0.213589,3.80009,3.23269
F1,0,1000,3.818,1,6,0.192779,0.192261,0.0277431,0.00256339,-0.00272226,-0.0275916,0.0861286,-0.00615558,0.086299,0.0109735,0.00150939,0.00177552,0.00986069,0.00990848,0.0640145,0.0193504,0.0189444,0.00672017,0.0066797,3.52638E-07,3.50992E-07,0.00384813,0.00383293,0.0150449,0,0.0178915,0,0.192661,0.192739,3.78145,3.23269
F2,0,1000,3.818,1,6,0.214137,0.213208,0.014603,0.0145092,-0.0145296,-0.0145826,0.0866605,-0.00641647,0.0862969,0.0109829,0.00150942,0.00177556,0.00986063,0.0099086,0.0640146,0.0193525,0.0189423,0.00476266,0.00476268,2.45633E-07,2.45893E-07,0.00384436,0.00383295,1.6734E-07,0,5.96693E-05,0,0.214137,0.214137,3.78233,3.23269
B,0,1000,3.818,1,6,0.214164,0.213235,0.0145887,0.0145236,-0.0145438,-0.0145685,0.0866611,-0.00641673,0.0862969,0.0109829,0.00150942,0.00177556,0.00986063,0.0099086,0.0640146,0.0193525,0.0189423,0.00476266,0.00476266,2.45618E-07,2.45877E-07,0.00384436,0.00383295,7.23591E-08,0,3.92372E-05,0,0.214165,0.214165,3.78233,3.23269
A,0,20000,0,1,0,0.213981,0.213522,0.0145565,0.0145565,-0.0145581,-0.0145581,0.0865987,-0.00644248,0.0863844,0.0109835,0.00150947,0.00177561,0.00986079,0.00990891,0.0640756,0.0193252,0.0189111,0.00476244,0.00476355,2.45247E-07,2.45439E-07,0.00384452,0.00383312,0,0,0,0,0.213981,0.213981,-0.0165756,3.22485
F1,0,20000,0,1,0,0.214234,0.213267,0.0145573,0.0145573,-0.0145572,-0.0145572,0.0867043,-0.0064424,0.0862771,0.0109834,0.00150946,0.00177557,0.00986072,0.00990885,0.0640029,0.0193615,0.0189467,0.00476297,0.00476297,2.45205E-07,2.45478E-07,0.00384441,0.00383306,2.22708E-21,0,6.88366E-12,0,0.214234,0.214234,-0.0331465,3.22485
F2,0,20000,0,1,0,0.214234,0.213267,0.0145573,0.0145573,-0.0145572,-0.0145572,0.0867043,-0.0064424,0.0862771,0.0109834,0.00150946,0.00177557,0.00986072,0.00990885,0.0640029,0.0193615,0.0189467,0.00476297,0.00476297,2.45205E-07,2.45478E-07,0.00384441,0.00383306,1.28536E-22,0,1.65372E-12,0,0.214234,0.214234,-0.0331465,3.22485
B,0,20000,0,1,0,0.214234,0.213267,0.0145573,0.0145573,-0.0145572,-0.0145572,0.0867043,-0.0064424,0.0862771,0.0109834,0.00150946,0.00177557,0.00986072,0.00990885,0.0640029,0.0193615,0.0189467,0.00476297,0.00476297,2.45205E-07,2.45478E-07,0.00384441,0.00383306,5.65139E-23,0,1.09655E-12,0,0.214234,0.214234,-0.0331465,3.22485
A,0,20000,0,1,1,0.213981,0.213522,0.0145565,0.0145565,-0.0145581,-0.0145581,0.0865987,-0.00644248,0.0863844,0.0109835,0.00150947,0.00177561,0.00986079,0.00990891,0.0640756,0.0193252,0.0189111,0.00476244,0.00476355,2.45247E-07,2.45439E-07,0.00384452,0.00383312,0,0,0,0,0.213981,0.213981,-0.0165756,3.22485
F1,0,20000,0,1,1,0.214234,0.213267,0.0145573,0.0145573,-0.0145572,-0.0145572,0.0867043,-0.0064424,0.0862771,0.0109834,0.00150946,0.00177557,0.00986072,0.00990885,0.0640029,0.0193615,0.0189467,0.00476297,0.00476297,2.45205E-07,2.45478E-07,0.00384441,0.00383306,2.87491E-26,0,2.47017E-14,0,0.214234,0.214234,-0.0331465,3.22485
F2,0,20000,0,1,1,0.214234,0.213267,0.0145573,0.0145573,-0.0145572,-0.0145572,0.0867043,-0.0064424,0.0862771,0.0109834,0.00150946,0.00177557,0.00986072,0.00990885,0.0640029,0.0193615,0.0189467,0.00476297,0.00476297,2.45205E-07,2.45478E-07,0.00384441,0.00383306,2.76924E-26,0,2.42914E-14,0,0.214234,0.214234,-0.0331465,3.22485
B,0,20000,0,1,1,0.214234,0.213267,0.0145573,0.0145573,-0.0145572,-0.0145572,0.0867043,-0.0064424,0.0862771,0.0109834,0.00150946,0.00177557,0.00986072,0.00990885,0.0640029,0.0193615,0.0189467,0.00476297,0.00476297,2.45205E-07,2.45478E-07,0.00384441,0.00383306,2.78387E-26,0,2.43494E-14,0,0.214234,0.214234,-0.0331465,3.22485
A,0,20000,0,1,2,0.213981,0.213522,0.0145565,0.0145565,-0.0145581,-0.0145581,0.0865987,-0.00644248,0.0863844,0.0109835,0.00150947,0.00177561,0.00986079,0.00990891,0.0640756,0.0193252,0.0189111,0.00476244,0.00476355,2.45247E-07,2.45439E-07,0.00384452,0.00383312,0,0,0,0,0.213981,0.213981,-0.0165756,3.22485
F1,0,20000,0,1,2,0.214234,0.213267,0.0145573,0.0145573,-0.0145572,-0.0145572,0.0867043,-0.0064424,0.0862771,0.0109834,0.00150946,0.00177557,0.00986072,0.00990885,0.0640029,0.0193615,0.0189467,0.00476297,0.00476297,2.45205E-07,2.45478E-07,0.00384441,0.00383306,2.85653E-26,0,2.47211E-14,0,0.214234,0.214234,-0.0331465,3.22485
F2,0,20000,0,1,2,0.214234,0.213267,0.0145573,0.0145573,-0.0145572,-0.0145572,0.0867043,-0.0064424,0.0862771,0.0109834,0.00150946,0.00177557,0.00986072,0.00990885,0.0640029,0.0193615,0.0189467,0.00476297,0.00476297,2.45205E-07,2.45478E-07,0.00384441,0.00383306,1.28536E-22,0,1.65372E-12,0,0.214234,0.214234,-0.0331465,3.22485
B,0,20000,0,1,2,0.214234,0.213267,0.0145573,0.0145573,-0.0145572,-0.0145572,0.0867043,-0.0064424,0.0862771,0.0109834,0.00150946,0.00177557,0.00986072,0.00990885,0.0640029,0.0193615,0.0189467,0.00476297,0.00476297,2.45205E-07,2.45478E-07,0.00384441,0.00383306,5.65139E-23,0,1.09655E-12,0,0.214234,0.214234,-0.0331465,3.22485
A,0,20000,0,1,3,0.213981,0.213522,0.0145565,0.0145565,-0.0145581,-0.0145581,0.0865987,-0.00644248,0.0863844,0.0109835,0.00150947,0.00177561,0.00986079,0.00990891,0.0640756,0.0193252,0.0189111,0.00476244,0.00476355,2.45247E-07,2.45439E-07,0.00384452,0.00383312,0,0,0,0,0.213981,0.213981,-0.0165756,3.22485
F1,0,20000,0,1,3,0.214234,0.213267,0.0145573,0.0145573,-0.0145572,-0.0145572,0.0867043,-0.0064424,0.0862771,0.0109834,0.00150946,0.00177557,0.00986072,0.00990885,0.0640029,0.0193615,0.0189467,0.00476297,0.00476297,2.45205E-07,2.45478E-07,0.00384441,0.00383306,2.22708E-21,0,6.88366E-12,0,0.214234,0.214234,-0.0331465,3.22485
F2,0,20000,0,1,3,0.214234,0.213267,0.0145573,0.0145573,-0.0145572,-0.0145572,0.0867043,-0.0064424,0.0862771,0.0109834,0.00150946,0.00177557,0.00986072,0.00990885,0.0640029,0.0193615,0.0189467,0.00476297,0.00476297,2.45205E-07,2.45478E-07,0.00384441,0.00383306,2.97625E-26,0,2.51365E-14,0,0.214234,0.214234,-0.0331465,3.22485
B,0,20000,0,1,3,0.214234,0.213267,0.0145573,0.0145573,-0.0145572,-0.0145572,0.0867043,-0.0064424,0.0862771,0.0109834,0.00150946,0.00177557,0.00986072,0.00990885,0.0640029,0.0193615,0.0189467,0.00476297,0.00476297,2.45205E-07,2.45478E-07,0.00384441,0.00383306,5.65139E-23,0,1.09655E-12,0,0.214234,0.214234,-0.0331465,3.22485
A,0,20000,0,1,4,0.213981,0.213522,0.0145565,0.0145565,-0.0145581,-0.0145581,0.0865987,-0.00644248,0.0863844,0.0109835,0.00150947,0.00177561,0.00986079,0.00990891,0.0640756,0.0193252,0.0189111,0.00476244,0.00476355,2.45247E-07,2.45439E-07,0.00384452,0.00383312,0,0,0,0,0.213981,0.213981,-0.0165756,3.22485
F1,0,20000,0,1,4,0.214234,0.213267,0.0145573,0.0145573,-0.0145572,-0.0145572,0.0867043,-0.0064424,0.0862771,0.0109834,0.00150946,0.00177557,0.00986072,0.00990885,0.0640029,0.0193615,0.0189467,0.00476297,0.00476297,2.45205E-07,2.45478E-07,0.00384441,0.00383306,2.22708E-21,0,6.88366E-12,0,0.214234,0.214234,-0.0331465,3.22485
F2,0,20000,0,1,4,0.214234,0.213267,0.0145573,0.0145573,-0.0145572,-0.0145572,0.0867043,-0.0064424,0.0862771,0.0109834,0.00150946,0.00177557,0.00986072,0.00990885,0.0640029,0.0193615,0.0189467,0.00476297,0.00476297,2.45205E-07,2.45478E-07,0.00384441,0.00383306,1.28536E-22,0,1.65372E-12,0,0.214234,0.214234,-0.0331465,3.22485
B,0,20000,0,1,4,0.214234,0.213267,0.0145573,0.0145573,-0.0145572,-0.0145572,0.0867043,-0.0064424,0.0862771,0.0109834,0.00150946,0.00177557,0.00986072,0.00990885,0.0640029,0.0193615,0.0189467,0.00476297,0.00476297,2.45205E-07,2.45478E-07,0.00384441,0.00383306,2.90165E-26,0,2.48951E-14,0,0.214234,0.214234,-0.0331465,3.22485
A,0,20000,0,1,5,0.213981,0.213522,0.0145565,0.0145565,-0.0145581,-0.0145581,0.0865987,-0.00644248,0.0863844,0.0109835,0.00150947,0.00177561,0.00986079,0.00990891,0.0640756,0.0193252,0.0189111,0.00476244,0.00476355,2.45247E-07,2.45439E-07,0.00384452,0.00383312,0,0,0,0,0.213981,0.213981,-0.0165756,3.22485
F1,0,20000,0,1,5,0.214234,0.213267,0.0145573,0.0145573,-0.0145572,-0.0145572,0.0867043,-0.0064424,0.0862771,0.0109834,0.00150946,0.00177557,0.00986072,0.00990885,0.0640029,0.0193615,0.0189467,0.00476297,0.00476297,2.45205E-07,2.45478E-07,0.00384441,0.00383306,2.03259E-26,0,2.076E-14,0,0.214234,0.214234,-0.0331465,3.22485
F2,0,20000,0,1,5,0.214234,0.213267,0.0145573,0.0145573,-0.0145572,-0.0145572,0.0867043,-0.0064424,0.0862771,0.0109834,0.00150946,0.00177557,0.00986072,0.00990885,0.0640029,0.0193615,0.0189467,0.00476297,0.00476297,2.45205E-07,2.45478E-07,0.00384441,0.00383306,1.28536E-22,0,1.65372E-12,0,0.214234,0.214234,-0.0331465,3.22485
B,0,20000,0,1,5,0.214234,0.213267,0.0145573,0.0145573,-0.0145572,-0.0145572,0.0867043,-0.0064424,0.0862771,0.0109834,0.00150946,0.00177557,0.00986072,0.00990885,0.0640029,0.0193615,0.0189467,0.00476297,0.00476297,2.45205E-07,2.45478E-07,0.00384441,0.00383306,5.65139E-23,0,1.09655E-12,0,0.214234,0.214234,-0.0331465,3.22485
A,0,20000,0,1,6,0.213981,0.213522,0.0145565,0.0145565,-0.0145581,-0.0145581,0.0865987,-0.00644248,0.0863844,0.0109835,0.00150947,0.00177561,0.00986079,0.00990891,0.0640756,0.0193252,0.0189111,0.00476244,0.00476355,2.45247E-07,2.45439E-07,0.00384452,0.00383312,0,0,0,0,0.213981,0.213981,-0.0165756,3.22485
F1,0,20000,0,1,6,0.214234,0.213267,0.0145573,0.0145573,-0.0145572,-0.0145572,0.0867043,-0.0064424,0.0862771,0.0109834,0.00150946,0.00177557,0.00986072,0.00990885,0.0640029,0.0193615,0.0189467,0.00476297,0.00476297,2.45205E-07,2.45478E-07,0.00384441,0.00383306,1.04304E-23,0,4.7109E-13,0,0.214234,0.214234,-0.0331465,3.22485
F2,0,20000,0,1,6,0.214234,0.213267,0.0145573,0.0145573,-0.0145572,-0.0145572,0.0867043,-0.0064424,0.0862771,0.0109834,0.00150946,0.00177557,0.00986072,0.00990885,0.0640029,0.0193615,0.0189467,0.00476297,0.00476297,2.45205E-07,2.45478E-07,0.00384441,0.00383306,1.28536E-22,0,1.65372E-12,0,0.214234,0.214234,-0.0331465,3.22485
B,0,20000,0,1,6,0.214234,0.213267,0.0145573,0.0145573,-0.0145572,-0.0145572,0.0867043,-0.0064424,0.0862771,0.0109834,0.00150946,0.00177557,0.00986072,0.00990885,0.0640029,0.0193615,0.0189467,0.00476297,0.00476297,2.45205E-07,2.45478E-07,0.00384441,0.00383306,5.65139E-23,0,1.09655E-12,0,0.214234,0.214234,-0.0331465,3.22485
A,0,20000,0.4243,1,0,0.213976,0.213517,0.0145787,0.0145342,-0.0145382,-0.0145781,0.0865981,-0.006414,0.0863847,0.0109835,0.00150947,0.00177557,0.00986078,0.00990888,0.0640757,0.0193251,0.018911,0.00476245,0.00476355,2.45265E-07,2.4546E-07,0.00384456,0.00383311,0,0,0,0,0.213976,0.213976,0.407198,3.22485
F1,0,20000,0.4243,1,0,0.214229,0.213263,0.0145793,0.0145353,-0.0145375,-0.0145769,0.0867037,-0.00641392,0.0862773,0.0109834,0.00150946,0.00177554,0.0098607,0.00990883,0.0640031,0.0193614,0.0189466,0.00476297,0.00476297,2.45222E-07,2.455E-07,0.00384445,0.00383306,4.36886E-08,0,3.04885E-05,0,0.214229,0.214229,0.390877,3.22485
F2,0,20000,0.4243,1,0,0.214233,0.213267,0.0145625,0.0145521,-0.0145534,-0.0145611,0.0867038,-0.00641401,0.0862773,0.0109834,0.00150946,0.00177554,0.0098607,0.00990883,0.0640031,0.0193614,0.0189466,0.00476297,0.00476297,2.4522E-07,2.45497E-07,0.00384445,0.00383306,2.06638E-09,0,6.63067E-06,0,0.214232,0.214233,0.390877,3.22485
B,0,20000,0.4243,1,0,0.214233,0.213267,0.0145609,0.0145537,-0.0145544,-0.01456,0.0867038,-0.00641402,0.0862773,0.0109834,0.00150946,0.00177554,0.0098607,0.00990883,0.0640031,0.0193614,0.0189466,0.00476297,0.00476297,2.4522E-07,2.45497E-07,0.00384445,0.00383306,8.9352E-10,0,4.36017E-06,0,0.214233,0.214233,0.390877,3.22485
A,0,20000,0.4243,1,1,0.213976,0.213517,0.0145788,0.0145342,-0.0145381,-0.0145781,0.0865981,-0.006414,0.0863847,0.0109835,0.00150947,0.00177557,0.00986077,0.00990889,0.0640757,0.0193251,0.0189111,0.00476245,0.00476355,2.45264E-07,2.45461E-07,0.00384455,0.00383311,0,0,0,0,0.213976,0.213976,0.407619,3.22714
F1,0,20000,0.4243,1,1,0.213426,0.212477,0.0190955,0.0101222,-0.0101798,-0.0190378,0.0866786,-0.00633732,0.0862774,0.0109827,0.00150946,0.0017755,0.00986068,0.00990883,0.0640031,0.0193613,0.0189467,0.005006,0.00500024,2.57405E-07,2.57475E-07,0.00384492,0.00383306,0.00190926,0,0.00637359,0,0.213426,0.213426,0.390804,3.22714
F2,0,20000,0.4243,1,1,0.213426,0.212477,0.0190955,0.0101222,-0.0101798,-0.0190378,0.0866786,-0.00633732,0.0862774,0.0109827,0.00150946,0.0017755,0.00986068,0.00990883,0.0640031,0.0193613,0.0189467,0.005006,0.00500024,2.57405E-07,2.57475E-07,0.00384492,0.00383306,0.00190926,0,0.00637359,0,0.213426,0.213426,0.390804,3.22714
B,0,20000,0.4243,1,1,0.213426,0.212477,0.0190955,0.0101222,-0.0101798,-0.0190378,0.0866786,-0.00633732,0.0862774,0.0109827,0.00150946,0.0017755,0.00986068,0.00990883,0.0640031,0.0193613,0.0189467,0.005006,0.00500024,2.57405E-07,2.57475E-07,0.00384492,0.00383306,0.00190926,0,0.00637359,0,0.213426,0.213426,0.390804,3.22714
A,0,20000,0.4243,1,2,0.213976,0.213517,0.0145788,0.0145342,-0.0145382,-0.0145781,0.0865981,-0.006414,0.0863847,0.0109835,0.00150947,0.00177557,0.00986077,0.00990889,0.0640757,0.0193251,0.0189111,0.00476245,0.00476355,2.45264E-07,2.45461E-07,0.00384455,0.00383311,0,0,0,0,0.213976,0.213976,0.407457,3.22562
F1,0,20000,0.4243,1,2,0.213426,0.212477,0.0190929,0.0101248,-0.0101822,-0.0190353,0.0866786,-0.00633726,0.0862774,0.0109827,0.00150946,0.0017755,0.00986067,0.00990883,0.0640031,0.0193613,0.0189467,0.005006,0.00500026,2.57404E-07,2.57477E-07,0.00384491,0.00383306,0.00190932,0,0.00637368,0,0.213425,0.213425,0.390796,3.22562
F2,0,20000,0.4243,1,2,0.214233,0.213267,0.0145625,0.0145521,-0.0145534,-0.014561,0.0867037,-0.00641401,0.0862773,0.0109834,0.00150946,0.00177554,0.00986069,0.00990884,0.0640031,0.0193614,0.0189466,0.00476297,0.00476297,2.45219E-07,2.45498E-07,0.00384444,0.00383306,2.06683E-09,0,6.63139E-06,0,0.214233,0.214233,0.391022,3.22562
B,0,20000,0.4243,1,2,0.214233,0.213267,0.0145609,0.0145537,-0.0145544,-0.01456,0.0867037,-0.00641402,0.0862773,0.0109834,0.00150946,0.00177554,0.00986069,0.00990884,0.0640031,0.0193614,0.0189466,0.00476297,0.00476297,2.45219E-07,2.45498E-07,0.00384444,0.00383306,8.93714E-10,0,4.36065E-06,0,0.214233,0.214233,0.391022,3.22562
A,0,20000,0.4243,1,3,0.213976,0.213517,0.0145788,0.0145342,-0.0145382,-0.0145781,0.0865981,-0.006414,0.0863847,0.0109835,0.00150947,0.00177557,0.00986077,0.00990889,0.0640757,0.0193251,0.0189111,0.00476245,0.00476355,2.45264E-07,2.45461E-07,0.00384455,0.00383311,0,0,0,0,0.213976,0.213976,0.407457,3.22562
F1,0,20000,0.4243,1,3,0.214229,0.213263,0.0145793,0.0145353,-0.0145375,-0.0145769,0.0867037,-0.00641393,0.0862773,0.0109834,0.00150946,0.00177554,0.00986069,0.00990884,0.0640031,0.0193614,0.0189466,0.00476297,0.00476297,2.45221E-07,2.45501E-07,0.00384444,0.00383306,4.36981E-08,0,3.04918E-05,0,0.214229,0.214229,0.39102,3.22562
F2,0,20000,0.4243,1,3,0.213426,0.212477,0.0190929,0.0101248,-0.0101822,-0.0190353,0.0866786,-0.00633726,0.0862774,0.0109827,0.00150946,0.0017755,0.00986067,0.00990883,0.0640031,0.0193613,0.0189467,0.005006,0.00500026,2.57404E-07,2.57477E-07,0.00384491,0.00383306,0.00190932,0,0.00637368,0,0.213425,0.213425,0.390796,3.22562
B,0,20000,0.4243,1,3,0.214233,0.213267,0.0145609,0.0145537,-0.0145544,-0.01456,0.0867037,-0.00641402,0.0862773,0.0109834,0.00150946,0.00177554,0.00986069,0.00990884,0.0640031,0.0193614,0.0189466,0.00476297,0.00476297,2.45219E-07,2.45498E-07,0.00384444,0.00383306,8.93714E-10,0,4.36065E-06,0,0.214233,0.214233,0.391022,3.22562
A,0,20000,0.4243,1,4,0.213976,0.213517,0.0145788,0.0145342,-0.0145382,-0.0145781,0.0865981,-0.006414,0.0863847,0.0109835,0.00150947,0.00177557,0.00986077,0.00990889,0.0640757,0.0193251,0.0189111,0.00476245,0.00476355,2.45264E-07,2.45461E-07,0.00384455,0.00383311,0,0,0,0,0.213976,0.213976,0.407457,3.22562
F1,0,20000,0.4243,1,4,0.214229,0.213263,0.0145793,0.0145353,-0.0145375,-0.0145769,0.0867037,-0.00641393,0.0862773,0.0109834,0.00150946,0.00177554,0.00986069,0.00990884,0.0640031,0.0193614,0.0189466,0.00476297,0.00476297,2.45221E-07,2.45501E-07,0.00384444,0.00383306,4.36981E-08,0,3.04918E-05,0,0.214229,0.214229,0.39102,3.22562
F2,0,20000,0.4243,1,4,0.214233,0.213267,0.0145625,0.0145521,-0.0145534,-0.014561,0.0867037,-0.00641401,0.0862773,0.0109834,0.00150946,0.00177554,0.00986069,0.00990884,0.0640031,0.0193614,0.0189466,0.00476297,0.00476297,2.45219E-07,2.45498E-07,0.00384444,0.00383306,2.06683E-09,0,6.63138E-06,0,0.214233,0.214233,0.391022,3.22562
B,0,20000,0.4243,1,4,0.213426,0.212477,0.0190929,0.0101248,-0.0101822,-0.0190353,0.0866786,-0.00633726,0.0862774,0.0109827,0.00150946,0.0017755,0.00986067,0.00990883,0.0640031,0.0193613,0.0189467,0.005006,0.00500026,2.57404E-07,2.57477E-07,0.00384491,0.00383306,0.00190932,0,0.00637368,0,0.213425,0.213425,0.390796,3.22562
A,0,20000,0.4243,1,5,0.213976,0.213517,0.0145788,0.0145342,-0.0145382,-0.0145781,0.0865981,-0.006414,0.0863847,0.0109835,0.00150947,0.00177557,0.00986077,0.00990889,0.0640757,0.0193251,0.0189111,0.00476245,0.00476355,2.45264E-07,2.45461E-07,0.00384455,0.00383311,0,0,0,0,0.213976,0.213976,0.407434,3.22537
F1,0,20000,0.4243,1,5,0.213543,0.212591,0.0182918,0.0108919,-0.0109397,-0.0182438,0.0866838,-0.00635315,0.0862774,0.0109829,0.00150946,0.00177551,0.00986068,0.00990883,0.0640031,0.0193613,0.0189467,0.00492826,0.00492432,2.53588E-07,2.53728E-07,0.00384477,0.00383306,0.00129945,0,0.00525813,0,0.213543,0.213543,0.390818,3.22537
F2,0,20000,0.4243,1,5,0.214233,0.213267,0.0145625,0.0145521,-0.0145534,-0.014561,0.0867037,-0.00641401,0.0862773,0.0109834,0.00150946,0.00177554,0.00986069,0.00990884,0.0640031,0.0193614,0.0189466,0.00476297,0.00476297,2.45219E-07,2.45498E-07,0.00384444,0.00383306,2.06684E-09,0,6.6314E-06,0,0.214233,0.214233,0.391011,3.22537
B,0,20000,0.4243,1,5,0.214233,0.213267,0.0145609,0.0145537,-0.0145544,-0.01456,0.0867037,-0.00641402,0.0862773,0.0109834,0.00150946,0.00177554,0.00986069,0.00990884,0.0640031,0.0193614,0.0189466,0.00476297,0.00476297,2.45219E-07,2.45498E-07,0.00384444,0.00383306,8.93717E-10,0,4.36065E-06,0,0.214233,0.214233,0.391011,3.22537
A,0,20000,0.4243,1,6,0.213976,0.213517,0.0145787,0.0145342,-0.0145382,-0.0145781,0.0865981,-0.006414,0.0863847,0.0109835,0.00150947,0.00177557,0.00986078,0.00990888,0.0640757,0.0193251,0.018911,0.00476245,0.00476355,2.45265E-07,2.4546E-07,0.00384456,0.00383311,0,0,0,0,0.213976,0.213976,0.407228,3.22493
F1,0,20000,0.4243,1,6,0.213942,0.212981,0.0159987,0.0131258,-0.0131458,-0.0159787,0.086697,-0.00639627,0.0862774,0.0109832,0.00150946,0.00177553,0.0098607,0.00990882,0.0640031,0.0193614,0.0189466,0.00478783,0.00478719,2.46592E-07,2.46848E-07,0.00384451,0.00383306,0.000195647,0,0.00204027,0,0.213942,0.213942,0.390819,3.22493
F2,0,20000,0.4243,1,6,0.214233,0.213267,0.0145625,0.0145521,-0.0145534,-0.0145611,0.0867038,-0.00641401,0.0862773,0.0109834,0.00150946,0.00177554,0.0098607,0.00990883,0.0640031,0.0193614,0.0189466,0.00476297,0.00476297,2.4522E-07,2.45497E-07,0.00384445,0.00383306,2.06638E-09,0,6.63065E-06,0,0.214232,0.214233,0.390896,3.22493
B,0,20000,0.4243,1,6,0.214233,0.213267,0.0145609,0.0145537,-0.0145544,-0.01456,0.0867038,-0.00641402,0.0862773,0.0109834,0.00150946,0.00177554,0.0098607,0.00990883,0.0640031,0.0193614,0.0189466,0.00476297,0.00476297,2.4522E-07,2.45497E-07,0.00384445,0.00383306,8.93517E-10,0,4.36016E-06,0,0.214233,0.214233,0.390896,3.22493
A,0,20000,1.4142,1,0,0.213927,0.213474,0.0146306,0.014482,-0.0144915,-0.0146246,0.0865917,-0.00634754,0.0863871,0.0109834,0.00150948,0.00177521,0.00986059,0.00990867,0.0640772,0.0193238,0.0189104,0.00476246,0.00476356,2.45441E-07,2.4568E-07,0.00384491,0.0038331,0,0,0,0,0.213927,0.213927,1.39703,3.22484
F1,0,20000,1.4142,1,0,0.214181,0.21322,0.0146305,0.0144837,-0.0144915,-0.0146228,0.0866973,-0.00634749,0.0862797,0.0109833,0.00150947,0.00177518,0.00986051,0.00990862,0.0640046,0.0193601,0.018946,0.00476298,0.00476298,2.45398E-07,2.4572E-07,0.0038448,0.00383304,4.85435E-07,0,0.000101629,0,0.214181,0.214181,1.38071,3.22484
F2,0,20000,1.4142,1,0,0.214221,0.213259,0.0145745,0.0145398,-0.0145446,-0.0145701,0.0866981,-0.00634776,0.0862797,0.0109833,0.00150947,0.00177518,0.00986051,0.00990862,0.0640046,0.0193601,0.018946,0.00476293,0.00476293,2.45371E-07,2.45692E-07,0.00384479,0.00383304,2.29601E-08,0,2.21024E-05,0,0.214221,0.214221,1.38072,3.22484
B,0,20000,1.4142,1,0,0.214224,0.213263,0.0145692,0.0145451,-0.0145481,-0.0145667,0.0866982,-0.00634779,0.0862797,0.0109833,0.00150947,0.00177518,0.00986051,0.00990862,0.0640046,0.0193601,0.018946,0.00476293,0.00476293,2.45369E-07,2.4569E-07,0.00384479,0.00383304,9.92813E-09,0,1.4534E-05,0,0.214224,0.214225,1.38072,3.22484
A,0,20000,1.4142,1,1,0.213927,0.213474,0.0146307,0.014482,-0.0144914,-0.0146246,0.0865917,-0.00634756,0.0863871,0.0109834,0.00150948,0.00177521,0.00986059,0.00990867,0.0640773,0.0193238,0.0189104,0.00476246,0.00476356,2.45441E-07,2.4568E-07,0.00384491,0.0038331,0,0,0,0,0.213927,0.213927,1.39742,3.2671
F1,0,20000,1.4142,1,1,0.207972,0.207135,0.0306592,0.000814009,-0.000940658,-0.0305331,0.086416,-0.00608437,0.08628,0.0109726,0.00150947,0.00177478,0.00986034,0.00990843,0.0640046,0.0193592,0.0189466,0.00758729,0.00753464,3.88264E-07,3.86759E-07,0.00385021,0.00383303,0.0212093,0,0.021243,0,0.207969,0.20797,1.37974,3.2671
F2,0,20000,1.4142,1,1,0.207972,0.207135,0.0306592,0.000814009,-0.000940658,-0.0305331,0.086416,-0.00608437,0.08628,0.0109726,0.00150947,0.00177478,0.00986034,0.00990843,0.0640046,0.0193592,0.0189466,0.00758729,0.00753464,3.88264E-07,3.86759E-07,0.00385021,0.00383303,0.0212093,0,0.021243,0,0.207969,0.20797,1.37974,3.2671
B,0,20000,1.4142,1,1,0.207972,0.207135,0.0306592,0.00081401,-0.000940659,-0.0305331,0.086416,-0.00608437,0.08628,0.0109726,0.00150947,0.00177478,0.00986034,0.00990843,0.0640046,0.0193592,0.0189466,0.00758729,0.00753464,3.88264E-07,3.86759E-07,0.00385021,0.00383303,0.0212093,0,0.021243,0,0.207969,0.20797,1.37974,3.2671
A,0,20000,1.4142,1,2,0.213927,0.213474,0.0146306,0.0144821,-0.0144915,-0.0146246,0.0865916,-0.00634754,0.0863871,0.0109834,0.00150948,0.00177521,0.00986058,0.00990868,0.0640772,0.0193238,0.0189104,0.00476246,0.00476356,2.4544E-07,2.45681E-07,0.0038449,0.0038331,0,0,0,0,0.213927,0.213927,1.39614,3.23893
F1,0,20000,1.4142,1,2,0.20797,0.207136,0.030634,0.000825165,-0.000951468,-0.0305083,0.0864159,-0.00608403,0.0862799,0.0109726,0.00150947,0.00177478,0.00986033,0.00990845,0.0640046,0.0193592,0.0189467,0.0075874,0.00753492,3.88265E-07,3.86777E-07,0.00385019,0.00383303,0.0212108,0,0.0212437,0,0.207965,0.207965,1.37971,3.23893
F2,0,20000,1.4142,1,2,0.214221,0.213259,0.0145745,0.0145397,-0.0145446,-0.0145701,0.0866981,-0.00634776,0.0862797,0.0109833,0.00150947,0.00177518,0.0098605,0.00990863,0.0640046,0.0193601,0.018946,0.00476293,0.00476293,2.4537E-07,2.45693E-07,0.00384479,0.00383304,2.2961E-08,0,2.21028E-05,0,0.214221,0.214221,1.38029,3.23893
B,0,20000,1.4142,1,2,0.214225,0.213263,0.0145692,0.014545,-0.0145481,-0.0145667,0.0866982,-0.00634778,0.0862797,0.0109833,0.00150947,0.00177518,0.0098605,0.00990863,0.0640046,0.0193601,0.018946,0.00476293,0.00476293,2.45368E-07,2.45691E-07,0.00384479,0.00383304,9.92849E-09,0,1.45343E-05,0,0.214225,0.214225,1.38029,3.23893
A,0,20000,1.4142,1,3,0.213927,0.213474,0.0146306,0.0144821,-0.0144915,-0.0146246,0.0865916,-0.00634754,0.0863871,0.0109834,0.00150948,0.00177521,0.00986058,0.00990868,0.0640772,0.0193238,0.0189104,0.00476246,0.00476356,2.4544E-07,2.45681E-07,0.0038449,0.0038331,0,0,0,0,0.213927,0.213927,1.39614,3.23893
F1,0,20000,1.4142,1,3,0.214181,0.21322,0.0146305,0.0144838,-0.0144915,-0.0146228,0.0866973,-0.00634746,0.0862797,0.0109833,0.00150947,0.00177518,0.0098605,0.00990863,0.0640046,0.0193601,0.018946,0.00476298,0.00476298,2.45397E-07,2.45721E-07,0.00384479,0.00383304,4.85453E-07,0,0.000101631,0,0.214181,0.214181,1.38029,3.23893
F2,0,20000,1.4142,1,3,0.20797,0.207136,0.0306341,0.00082516,-0.000951464,-0.0305084,0.0864159,-0.00608403,0.0862799,0.0109726,0.00150947,0.00177478,0.00986033,0.00990845,0.0640046,0.0193592,0.0189467,0.0075874,0.00753492,3.88265E-07,3.86777E-07,0.00385019,0.00383303,0.0212108,0,0.0212437,0,0.207965,0.207965,1.37971,3.23893
B,0,20000,1.4142,1,3,0.214225,0.213263,0.0145692,0.014545,-0.0145481,-0.0145667,0.0866982,-0.00634778,0.0862797,0.0109833,0.00150947,0.00177518,0.0098605,0.00990863,0.0640046,0.0193601,0.018946,0.00476293,0.00476293,2.45368E-07,2.45691E-07,0.00384479,0.00383304,9.92849E-09,0,1.45343E-05,0,0.214225,0.214225,1.3803,3.23893
A,0,20000,1.4142,1,4,0.213927,0.213474,0.0146306,0.0144821,-0.0144915,-0.0146246,0.0865916,-0.00634754,0.0863871,0.0109834,0.00150948,0.00177521,0.00986058,0.00990868,0.0640772,0.0193238,0.0189104,0.00476246,0.00476356,2.4544E-07,2.45681E-07,0.0038449,0.0038331,0,0,0,0,0.213927,0.213927,1.39614,3.23893
F1,0,20000,1.4142,1,4,0.214181,0.21322,0.0146305,0.0144838,-0.0144915,-0.0146228,0.0866973,-0.00634746,0.0862797,0.0109833,0.00150947,0.00177518,0.0098605,0.00990863,0.0640046,0.0193601,0.018946,0.00476298,0.00476298,2.45397E-07,2.45721E-07,0.00384479,0.00383304,4.85453E-07,0,0.000101631,0,0.214181,0.214181,1.38029,3.23893
F2,0,20000,1.4142,1,4,0.214221,0.213259,0.0145745,0.0145397,-0.0145446,-0.0145701,0.0866981,-0.00634776,0.0862797,0.0109833,0.00150947,0.00177518,0.0098605,0.00990863,0.0640046,0.0193601,0.018946,0.00476293,0.00476293,2.4537E-07,2.45693E-07,0.00384479,0.00383304,2.2961E-08,0,2.21028E-05,0,0.214221,0.214221,1.38029,3.23893
B,0,20000,1.4142,1,4,0.20797,0.207136,0.030634,0.000825167,-0.00095147,-0.0305083,0.0864159,-0.00608403,0.0862799,0.0109726,0.00150947,0.00177478,0.00986033,0.00990845,0.0640046,0.0193592,0.0189467,0.0075874,0.00753492,3.88265E-07,3.86777E-07,0.00385019,0.00383303,0.0212107,0,0.0212437,0,0.207965,0.207965,1.37971,3.23893
A,0,20000,1.4142,1,5,0.213927,0.213474,0.0146306,0.0144821,-0.0144915,-0.0146246,0.0865916,-0.00634754,0.0863871,0.0109834,0.00150948,0.00177521,0.00986058,0.00990868,0.0640772,0.0193238,0.0189104,0.00476246,0.00476356,2.4544E-07,2.45681E-07,0.0038449,0.0038331,0,0,0,0,0.213927,0.213927,1.39624,3.2324
F1,0,20000,1.4142,1,5,0.207459,0.206625,0.0274397,0.00280196,-0.00294463,-0.027297,0.0864751,-0.00614179,0.0862805,0.010977,0.00150947,0.00177488,0.00986037,0.00990848,0.0640046,0.0193594,0.0189466,0.0066403,0.00659907,3.40975E-07,3.39826E-07,0.00384855,0.00383303,0.0144357,0,0.0175255,0,0.207455,0.207455,1.37976,3.2324
F2,0,20000,1.4142,1,5,0.214221,0.213259,0.0145745,0.0145397,-0.0145446,-0.0145701,0.0866981,-0.00634776,0.0862797,0.0109833,0.00150947,0.00177518,0.0098605,0.00990863,0.0640046,0.0193601,0.018946,0.00476293,0.00476293,2.4537E-07,2.45693E-07,0.00384479,0.00383304,2.29609E-08,0,2.21027E-05,0,0.214221,0.214221,1.38035,3.2324
B,0,20000,1.4142,1,5,0.214225,0.213263,0.0145692,0.014545,-0.0145481,-0.0145667,0.0866982,-0.00634778,0.0862797,0.0109833,0.00150947,0.00177518,0.0098605,0.00990863,0.0640046,0.0193601,0.018946,0.00476293,0.00476293,2.45368E-07,2.45691E-07,0.00384479,0.00383304,9.92846E-09,0,1.45343E-05,0,0.214225,0.214225,1.38035,3.2324
A,0,20000,1.4142,1,6,0.213927,0.213474,0.0146306,0.014482,-0.0144915,-0.0146246,0.0865917,-0.00634754,0.0863871,0.0109834,0.00150948,0.00177521,0.00986058,0.00990868,0.0640772,0.0193238,0.0189104,0.00476246,0.00476356,2.45441E-07,2.45681E-07,0.00384491,0.0038331,0,0,0,0,0.213927,0.213927,1.3967,3.2257
F1,0,20000,1.4142,1,6,0.211004,0.210091,0.0194044,0.00982575,-0.00989218,-0.0193381,0.0866218,-0.0062886,0.0862801,0.0109821,0.00150947,0.00177508,0.00986046,0.00990857,0.0640046,0.0193598,0.0189463,0.00503982,0.00503275,2.60664E-07,2.6076E-07,0.00384549,0.00383304,0.00217393,0,0.00680102,0,0.211002,0.211003,1.38029,3.2257
F2,0,20000,1.4142,1,6,0.214221,0.213259,0.0145745,0.0145398,-0.0145446,-0.0145701,0.0866981,-0.00634776,0.0862797,0.0109833,0.00150947,0.00177518,0.00986051,0.00990863,0.0640046,0.0193601,0.018946,0.00476293,0.00476293,2.45371E-07,2.45693E-07,0.00384479,0.00383304,2.29605E-08,0,2.21026E-05,0,0.214221,0.214221,1.38059,3.2257
B,0,20000,1.4142,1,6,0.214224,0.213263,0.0145692,0.0145451,-0.0145481,-0.0145667,0.0866982,-0.00634778,0.0862797,0.0109833,0.00150947,0.00177518,0.00986051,0.00990863,0.0640046,0.0193601,0.018946,0.00476293,0.00476293,2.45368E-07,2.4569E-07,0.00384479,0.00383304,9.92829E-09,0,1.45341E-05,0,0.214225,0.214225,1.38059,3.2257
A,0,20000,2.8284,1,0,0.213766,0.213329,0.0147045,0.0144073,-0.0144247,-0.0146909,0.0865707,-0.00625256,0.0863952,0.0109832,0.0015095,0.00177403,0.00986001,0.00990792,0.0640823,0.0193197,0.0189081,0.00476253,0.00476358,2.46032E-07,2.46402E-07,0.00384611,0.00383305,0,0,0,0,0.213766,0.213766,2.81035,3.2248
F1,0,20000,2.8284,1,0,0.214022,0.213078,0.0147034,0.0144099,-0.0144256,-0.0146882,0.0866765,-0.00625252,0.0862877,0.0109831,0.00150949,0.00177399,0.00985993,0.00990787,0.0640096,0.019356,0.0189437,0.00476303,0.00476301,2.45986E-07,2.46441E-07,0.003846,0.00383299,1.94175E-06,0,0.000203258,0,0.214022,0.214022,2.79445,3.2248
F2,0,20000,2.8284,1,0,0.214181,0.213234,0.0145914,0.0145218,-0.0145322,-0.0145833,0.0866798,-0.00625307,0.0862877,0.0109831,0.00150949,0.00177399,0.00985994,0.00990787,0.0640096,0.019356,0.0189437,0.00476281,0.0047628,2.45879E-07,2.46331E-07,0.00384599,0.00383299,9.18411E-08,0,4.42049E-05,0,0.214181,0.214181,2.79446,3.2248
B,0,20000,2.8284,1,0,0.214196,0.213249,0.0145808,0.0145324,-0.0145393,-0.0145765,0.0866801,-0.00625312,0.0862877,0.0109831,0.00150949,0.00177399,0.00985994,0.00990787,0.0640096,0.019356,0.0189437,0.0047628,0.00476279,2.45869E-07,2.46322E-07,0.00384599,0.00383299,3.97127E-08,0,2.90681E-05,0,0.214196,0.214196,2.79446,3.2248
A,0,20000,2.8284,1,1,0.213766,0.213329,0.0147045,0.0144073,-0.0144246,-0.014691,0.0865707,-0.00625256,0.0863952,0.0109832,0.0015095,0.00177403,0.00986002,0.00990791,0.0640823,0.0193197,0.0189081,0.00476253,0.00476358,2.46033E-07,2.46402E-07,0.00384612,0.00383305,0,0,0,0,0.213766,0.213766,2.81068,3.8365
F1,0,20000,2.8284,1,1,0.25862,0.25726,0.0594026,-2.10933E-05,2.24747E-05,-0.0594087,0.0854652,-0.00567809,0.0862863,0.0108283,0.0015095,0.00177187,0.00985856,0.00990728,0.06401,0.0193515,0.0189471,0.0209548,0.0209404,1.09977E-06,1.10345E-06,0.00386978,0.00383294,0.0848349,0,0.0424853,0,0.258629,0.258626,2.79243,3.8365
F2,0,20000,2.8284,1,1,0.25862,0.25726,0.0594026,-2.10933E-05,2.24747E-05,-0.0594087,0.0854652,-0.00567809,0.0862863,0.0108283,0.0015095,0.00177187,0.00985856,0.00990728,0.06401,0.0193515,0.0189471,0.0209548,0.0209404,1.09977E-06,1.10345E-06,0.00386978,0.00383294,0.0848349,0,0.0424853,0,0.258629,0.258626,2.79243,3.8365
B,0,20000,2.8284,1,1,0.25862,0.25726,0.0594026,-2.10933E-05,2.24746E-05,-0.0594087,0.0854652,-0.00567809,0.0862863,0.0108283,0.0015095,0.00177187,0.00985856,0.00990728,0.06401,0.0193515,0.0189471,0.0209548,0.0209404,1.09977E-06,1.10345E-06,0.00386978,0.00383294,0.0848349,0,0.0424853,0,0.258629,0.258626,2.79243,3.8365
A,0,20000,2.8284,1,2,0.213766,0.213329,0.0147045,0.0144072,-0.0144246,-0.0146909,0.0865708,-0.00625258,0.0863953,0.0109832,0.0015095,0.00177403,0.00986002,0.00990791,0.0640824,0.0193197,0.0189081,0.00476253,0.00476358,2.46033E-07,2.46401E-07,0.00384612,0.00383305,0,0,0,0,0.213766,0.213766,2.81116,3.42863
F1,0,20000,2.8284,1,2,0.258642,0.257266,0.0594146,-2.56469E-05,2.06958E-05,-0.0594227,0.0854656,-0.00567749,0.0862862,0.0108285,0.0015095,0.00177188,0.00985857,0.00990729,0.06401,0.0193515,0.0189471,0.0209524,0.020939,1.09961E-06,1.10353E-06,0.00386982,0.00383294,0.0848335,0,0.042485,0,0.258652,0.258648,2.79223,3.42863
F2,0,20000,2.8284,1,2,0.214181,0.213234,0.0145914,0.0145218,-0.0145322,-0.0145833,0.0866798,-0.00625311,0.0862878,0.0109831,0.00150949,0.00177399,0.00985995,0.00990786,0.0640096,0.019356,0.0189437,0.00476281,0.0047628,2.4588E-07,2.46331E-07,0.003846,0.00383299,9.18387E-08,0,4.42043E-05,0,0.214181,0.214181,2.79461,3.42863
B,0,20000,2.8284,1,2,0.214196,0.213249,0.0145808,0.0145324,-0.0145393,-0.0145765,0.0866802,-0.00625316,0.0862878,0.0109831,0.00150949,0.00177399,0.00985995,0.00990786,0.0640096,0.019356,0.0189437,0.0047628,0.00476279,2.4587E-07,2.46321E-07,0.003846,0.00383299,3.97117E-08,0,2.90677E-05,0,0.214196,0.214196,2.79461,3.42863
A,0,20000,2.8284,1,3,0.213766,0.213329,0.0147045,0.0144072,-0.0144246,-0.0146909,0.0865708,-0.00625258,0.0863953,0.0109832,0.0015095,0.00177403,0.00986002,0.00990791,0.0640824,0.0193197,0.0189081,0.00476253,0.00476358,2.46033E-07,2.46401E-07,0.00384612,0.00383305,0,0,0,0,0.213766,0.213766,2.81116,3.42863
F1,0,20000,2.8284,1,3,0.214022,0.213078,0.0147034,0.0144098,-0.0144255,-0.0146882,0.0866765,-0.00625259,0.0862878,0.0109831,0.00150949,0.00177399,0.00985994,0.00990786,0.0640096,0.019356,0.0189437,0.00476303,0.00476301,2.45987E-07,2.4644E-07,0.00384601,0.00383299,1.9417E-06,0,0.000203256,0,0.214022,0.214022,2.7946,3.42863
F2,0,20000,2.8284,1,3,0.258642,0.257266,0.0594145,-2.56511E-05,2.07014E-05,-0.0594227,0.0854656,-0.00567748,0.0862862,0.0108285,0.0015095,0.00177188,0.00985856,0.00990729,0.06401,0.0193515,0.0189471,0.0209524,0.020939,1.09961E-06,1.10353E-06,0.00386982,0.00383294,0.0848335,0,0.042485,0,0.258652,0.258648,2.79223,3.42863
B,0,20000,2.8284,1,3,0.214196,0.213249,0.0145808,0.0145324,-0.0145393,-0.0145765,0.0866802,-0.00625316,0.0862878,0.0109831,0.00150949,0.00177399,0.00985995,0.00990786,0.0640096,0.019356,0.0189437,0.0047628,0.00476279,2.4587E-07,2.46321E-07,0.003846,0.00383299,3.97117E-08,0,2.90677E-05,0,0.214196,0.214196,2.79461,3.42863
A,0,20000,2.8284,1,4,0.213766,0.213329,0.0147045,0.0144072,-0.0144246,-0.0146909,0.0865708,-0.00625258,0.0863953,0.0109832,0.0015095,0.00177403,0.00986002,0.00990791,0.0640824,0.0193197,0.0189081,0.00476253,0.00476358,2.46033E-07,2.46401E-07,0.00384612,0.00383305,0,0,0,0,0.213766,0.213766,2.81116,3.42863
F1,0,20000,2.8284,1,4,0.214022,0.213078,0.0147034,0.0144098,-0.0144255,-0.0146882,0.0866765,-0.00625259,0.0862878,0.0109831,0.00150949,0.00177399,0.00985994,0.00990786,0.0640096,0.019356,0.0189437,0.00476303,0.00476301,2.45987E-07,2.4644E-07,0.00384601,0.00383299,1.9417E-06,0,0.000203256,0,0.214022,0.214022,2.7946,3.42863
F2,0,20000,2.8284,1,4,0.214181,0.213234,0.0145914,0.0145218,-0.0145322,-0.0145833,0.0866798,-0.00625311,0.0862878,0.0109831,0.00150949,0.00177399,0.00985995,0.00990786,0.0640096,0.019356,0.0189437,0.00476281,0.0047628,2.4588E-07,2.46331E-07,0.003846,0.00383299,9.18387E-08,0,4.42043E-05,0,0.214181,0.214181,2.79461,3.42863
B,0,20000,2.8284,1,4,0.258642,0.257266,0.0594145,-2.56486E-05,2.0699E-05,-0.0594227,0.0854656,-0.00567748,0.0862862,0.0108285,0.0015095,0.00177188,0.00985857,0.00990729,0.06401,0.0193515,0.0189471,0.0209523,0.020939,1.09961E-06,1.10353E-06,0.00386982,0.00383294,0.0848334,0,0.042485,0,0.258652,0.258648,2.79223,3.42863
A,0,20000,2.8284,1,5,0.213766,0.213329,0.0147045,0.0144072,-0.0144246,-0.0146909,0.0865708,-0.00625258,0.0863953,0.0109832,0.0015095,0.00177403,0.00986002,0.00990791,0.0640824,0.0193197,0.0189081,0.00476253,0.00476358,2.46033E-07,2.46401E-07,0.00384612,0.00383305,0,0,0,0,0.213766,0.213766,2.81109,3.34594
F1,0,20000,2.8284,1,5,0.230561,0.229389,0.0490212,-1.31327E-05,1.33533E-05,-0.0490243,0.0857439,-0.00578868,0.0862852,0.0108914,0.00150949,0.00177247,0.00985905,0.00990732,0.0640099,0.0193525,0.0189464,0.014868,0.014848,7.7622E-07,7.78364E-07,0.00386231,0.00383295,0.0577374,0,0.0350494,0,0.230564,0.230562,2.79332,3.34594
F2,0,20000,2.8284,1,5,0.214181,0.213234,0.0145914,0.0145218,-0.0145322,-0.0145833,0.0866798,-0.0062531,0.0862878,0.0109831,0.00150949,0.00177399,0.00985994,0.00990786,0.0640096,0.019356,0.0189437,0.00476281,0.0047628,2.4588E-07,2.46331E-07,0.003846,0.00383299,9.1839E-08,0,4.42044E-05,0,0.214181,0.214181,2.79462,3.34594
B,0,20000,2.8284,1,5,0.214196,0.213249,0.0145808,0.0145324,-0.0145393,-0.0145765,0.0866802,-0.00625315,0.0862877,0.0109831,0.00150949,0.00177399,0.00985994,0.00990786,0.0640096,0.019356,0.0189437,0.0047628,0.00476279,2.4587E-07,2.46321E-07,0.003846,0.00383299,3.97119E-08,0,2.90678E-05,0,0.214196,0.214196,2.79462,3.34594
A,0,20000,2.8284,1,6,0.213766,0.213329,0.0147045,0.0144072,-0.0144246,-0.0146909,0.0865708,-0.0062526,0.0863953,0.0109832,0.0015095,0.00177403,0.00986002,0.00990791,0.0640824,0.0193197,0.0189081,0.00476253,0.00476358,2.46033E-07,2.46401E-07,0.00384612,0.00383305,0,0,0,0,0.213766,0.213766,2.81129,3.2287
F1,0,20000,2.8284,1,6,0.201542,0.200779,0.0244111,0.00525355,-0.00538279,-0.0242828,0.0863737,-0.00613374,0.0862895,0.0109781,0.00150949,0.00177362,0.00985976,0.00990764,0.0640097,0.0193546,0.0189448,0.00588067,0.00585289,3.07855E-07,3.07409E-07,0.00384882,0.00383298,0.00869528,0,0.0136017,0,0.201538,0.20154,2.79385,3.2287
F2,0,20000,2.8284,1,6,0.214181,0.213234,0.0145914,0.0145218,-0.0145322,-0.0145833,0.0866799,-0.00625312,0.0862878,0.0109831,0.00150949,0.00177399,0.00985995,0.00990786,0.0640096,0.019356,0.0189437,0.00476281,0.0047628,2.4588E-07,2.4633E-07,0.003846,0.00383299,9.18381E-08,0,4.42041E-05,0,0.214181,0.214181,2.79458,3.2287
B,0,20000,2.8284,1,6,0.214196,0.213249,0.0145808,0.0145324,-0.0145393,-0.0145765,0.0866802,-0.00625317,0.0862878,0.0109831,0.00150949,0.00177399,0.00985995,0.00990786,0.0640096,0.019356,0.0189437,0.0047628,0.00476279,2.4587E-07,2.46321E-07,0.003846,0.00383299,3.97115E-08,0,2.90676E-05,0,0.214196,0.214196,2.79458,3.2287
A,0,20000,3.818,1,0,0.21359,0.213171,0.0147559,0.0143549,-0.0143779,-0.0147372,0.0865478,-0.00618608,0.0864042,0.010983,0.00150953,0.00177272,0.00985935,0.00990712,0.0640879,0.019315,0.0189057,0.0047626,0.00476361,2.46685E-07,2.47198E-07,0.00384744,0.003833,0,0,0,0,0.21359,0.21359,3.79824,3.22476
F1,0,20000,3.818,1,0,0.213848,0.212922,0.0147542,0.0143581,-0.0143793,-0.0147339,0.0866537,-0.006186,0.0862966,0.0109828,0.00150952,0.00177269,0.00985928,0.00990707,0.0640151,0.0193514,0.0189413,0.00476309,0.00476304,2.46637E-07,2.47236E-07,0.00384733,0.00383294,3.53827E-06,0,0.000274377,0,0.213848,0.213848,3.78321,3.22476
F2,0,20000,3.818,1,0,0.214137,0.213207,0.0146031,0.014509,-0.0145237,-0.0145928,0.0866597,-0.00618677,0.0862966,0.0109829,0.00150952,0.0017727,0.00985928,0.00990707,0.0640151,0.0193514,0.0189413,0.00476267,0.00476266,2.4644E-07,2.47037E-07,0.00384731,0.00383294,1.67353E-07,0,5.96717E-05,0,0.214138,0.214138,3.78322,3.22476
B,0,20000,3.818,1,0,0.214165,0.213234,0.0145887,0.0145233,-0.0145333,-0.0145836,0.0866603,-0.00618684,0.0862966,0.0109829,0.00150952,0.0017727,0.00985928,0.00990707,0.0640151,0.0193514,0.0189413,0.00476266,0.00476265,2.46423E-07,2.47019E-07,0.00384731,0.00383294,7.23648E-08,0,3.92387E-05,0,0.214165,0.214165,3.78322,3.22476
A,0,20000,3.818,1,1,0.213589,0.213171,0.0147561,0.0143546,-0.0143778,-0.0147372,0.0865478,-0.00618609,0.0864042,0.010983,0.00150952,0.00177272,0.00985937,0.0099071,0.064088,0.019315,0.0189056,0.0047626,0.00476361,2.46687E-07,2.47198E-07,0.00384745,0.003833,0,0,0,0,0.21359,0.21359,3.79997,4.37305
F1,0,20000,3.818,1,1,0.298025,0.296298,0.0801554,-3.47462E-05,3.686E-05,-0.0801825,0.0843446,-0.00540212,0.0863047,0.0106855,0.00150959,0.00176846,0.00985457,0.00990779,0.0640166,0.0193378,0.0189519,0.0369718,0.0369641,2.00509E-06,2.01323E-06,0.00389261,0.00383283,0.154547,0,0.0573431,0,0.298044,0.298037,3.78211,4.37305
F2,0,20000,3.818,1,1,0.298025,0.296298,0.0801554,-3.47462E-05,3.686E-05,-0.0801825,0.0843446,-0.00540212,0.0863047,0.0106855,0.00150959,0.00176846,0.00985457,0.00990779,0.0640166,0.0193378,0.0189519,0.0369718,0.0369641,2.00509E-06,2.01323E-06,0.00389261,0.00383283,0.154547,0,0.0573431,0,0.298044,0.298037,3.78211,4.37305
B,0,20000,3.818,1,1,0.298025,0.296298,0.0801554,-3.47462E-05,3.686E-05,-0.0801825,0.0843446,-0.00540212,0.0863047,0.0106855,0.00150959,0.00176846,0.00985457,0.00990779,0.0640166,0.0193378,0.0189519,0.0369718,0.0369641,2.00509E-06,2.01323E-06,0.00389261,0.00383283,0.154547,0,0.0573431,0,0.298044,0.298037,3.78211,4.37305
A,0,20000,3.818,1,2,0.213589,0.213171,0.014756,0.0143548,-0.0143778,-0.0147372,0.0865478,-0.00618608,0.0864042,0.010983,0.00150952,0.00177272,0.00985936,0.00990711,0.0640879,0.019315,0.0189056,0.0047626,0.00476361,2.46686E-07,2.47198E-07,0.00384745,0.003833,0,0,0,0,0.21359,0.21359,3.79934,3.60752
F1,0,20000,3.818,1,2,0.298043,0.296234,0.0801404,-3.59466E-05,3.27535E-05,-0.080167,0.0843441,-0.00539877,0.0863046,0.0106854,0.00150959,0.00176845,0.00985458,0.0099078,0.0640165,0.0193378,0.0189519,0.0369718,0.0369647,2.00521E-06,2.01344E-06,0.00389257,0.00383283,0.154549,0,0.0573435,0,0.29806,0.298056,3.78205,3.60752
F2,0,20000,3.818,1,2,0.214137,0.213207,0.0146031,0.014509,-0.0145237,-0.0145928,0.0866597,-0.00618678,0.0862966,0.0109829,0.00150951,0.0017727,0.00985929,0.00990706,0.0640152,0.0193514,0.0189412,0.00476267,0.00476266,2.46442E-07,2.47037E-07,0.00384732,0.00383294,1.6735E-07,0,5.96712E-05,0,0.214137,0.214138,3.78373,3.60752
B,0,20000,3.818,1,2,0.214165,0.213234,0.0145887,0.0145233,-0.0145333,-0.0145836,0.0866603,-0.00618685,0.0862966,0.0109829,0.00150951,0.0017727,0.00985929,0.00990706,0.0640152,0.0193514,0.0189412,0.00476266,0.00476265,2.46424E-07,2.47019E-07,0.00384731,0.00383294,7.23635E-08,0,3.92384E-05,0,0.214165,0.214165,3.78373,3.60752
A,0,20000,3.818,1,3,0.213589,0.213171,0.014756,0.0143548,-0.0143778,-0.0147372,0.0865478,-0.00618608,0.0864042,0.010983,0.00150952,0.00177272,0.00985936,0.00990711,0.0640879,0.019315,0.0189056,0.0047626,0.00476361,2.46686E-07,2.47198E-07,0.00384745,0.003833,0,0,0,0,0.21359,0.21359,3.79935,3.60752
F1,0,20000,3.818,1,3,0.213848,0.212922,0.0147542,0.014358,-0.0143793,-0.0147338,0.0866537,-0.00618603,0.0862966,0.0109828,0.00150951,0.00177269,0.00985928,0.00990706,0.0640152,0.0193514,0.0189413,0.00476309,0.00476304,2.46638E-07,2.47236E-07,0.00384734,0.00383294,3.53821E-06,0,0.000274374,0,0.213848,0.213848,3.78372,3.60752
F2,0,20000,3.818,1,3,0.298043,0.296234,0.0801405,-3.59639E-05,3.27622E-05,-0.0801671,0.0843441,-0.00539878,0.0863046,0.0106854,0.00150959,0.00176845,0.00985458,0.0099078,0.0640165,0.0193378,0.0189519,0.0369718,0.0369647,2.0052E-06,2.01344E-06,0.00389257,0.00383283,0.154549,0,0.0573435,0,0.29806,0.298056,3.78205,3.60752
B,0,20000,3.818,1,3,0.214165,0.213234,0.0145887,0.0145233,-0.0145333,-0.0145836,0.0866603,-0.00618685,0.0862966,0.0109829,0.00150951,0.0017727,0.00985929,0.00990706,0.0640152,0.0193514,0.0189412,0.00476266,0.00476265,2.46424E-07,2.47019E-07,0.00384731,0.00383294,7.23635E-08,0,3.92384E-05,0,0.214165,0.214165,3.78373,3.60752
A,0,20000,3.818,1,4,0.213589,0.213171,0.014756,0.0143548,-0.0143778,-0.0147372,0.0865478,-0.00618608,0.0864042,0.010983,0.00150952,0.00177272,0.00985936,0.00990711,0.0640879,0.019315,0.0189056,0.0047626,0.00476361,2.46686E-07,2.47198E-07,0.00384745,0.003833,0,0,0,0,0.21359,0.21359,3.79934,3.60751
F1,0,20000,3.818,1,4,0.213848,0.212922,0.0147542,0.014358,-0.0143793,-0.0147338,0.0866537,-0.00618603,0.0862966,0.0109828,0.00150951,0.00177269,0.00985928,0.00990706,0.0640152,0.0193514,0.0189413,0.00476309,0.00476304,2.46638E-07,2.47236E-07,0.00384734,0.00383294,3.53821E-06,0,0.000274374,0,0.213848,0.213848,3.78372,3.60751
F2,0,20000,3.818,1,4,0.214137,0.213207,0.0146031,0.014509,-0.0145237,-0.0145928,0.0866597,-0.00618678,0.0862966,0.0109829,0.00150951,0.0017727,0.00985929,0.00990706,0.0640152,0.0193514,0.0189412,0.00476267,0.00476266,2.46442E-07,2.47037E-07,0.00384732,0.00383294,1.6735E-07,0,5.96712E-05,0,0.214137,0.214138,3.78373,3.60751
B,0,20000,3.818,1,4,0.298043,0.296234,0.0801403,-3.5929E-05,3.27448E-05,-0.0801669,0.0843441,-0.00539877,0.0863046,0.0106854,0.00150959,0.00176845,0.00985458,0.0099078,0.0640165,0.0193378,0.0189519,0.0369718,0.0369647,2.00521E-06,2.01344E-06,0.00389257,0.00383283,0.154549,0,0.0573435,0,0.29806,0.298056,3.78205,3.60751
A,0,20000,3.818,1,5,0.21359,0.213171,0.0147559,0.0143548,-0.0143779,-0.0147372,0.0865478,-0.00618608,0.0864042,0.010983,0.00150953,0.00177272,0.00985935,0.00990711,0.0640879,0.019315,0.0189056,0.0047626,0.00476361,2.46686E-07,2.47198E-07,0.00384744,0.003833,0,0,0,0,0.21359,0.21359,3.79854,3.48524
F1,0,20000,3.818,1,5,0.261298,0.259868,0.0661199,-1.3396E-05,1.94907E-05,-0.0661255,0.0848854,-0.00555803,0.0862995,0.0107814,0.00150954,0.00176951,0.00985683,0.00990663,0.0640158,0.0193431,0.0189478,0.025601,0.0255892,1.37171E-06,1.37708E-06,0.0038784,0.00383286,0.105202,0,0.0473111,0,0.261305,0.261304,3.78179,3.48524
F2,0,20000,3.818,1,5,0.214137,0.213207,0.0146031,0.014509,-0.0145237,-0.0145928,0.0866597,-0.00618677,0.0862966,0.0109829,0.00150952,0.0017727,0.00985928,0.00990707,0.0640151,0.0193514,0.0189412,0.00476267,0.00476266,2.46441E-07,2.47037E-07,0.00384731,0.00383294,1.67352E-07,0,5.96716E-05,0,0.214138,0.214138,3.78337,3.48524
B,0,20000,3.818,1,5,0.214165,0.213234,0.0145887,0.0145233,-0.0145333,-0.0145836,0.0866603,-0.00618684,0.0862966,0.0109829,0.00150952,0.0017727,0.00985928,0.00990707,0.0640151,0.0193514,0.0189412,0.00476266,0.00476265,2.46424E-07,2.47019E-07,0.00384731,0.00383294,7.23645E-08,0,3.92387E-05,0,0.214165,0.214165,3.78337,3.48524
A,0,20000,3.818,1,6,0.21359,0.213171,0.0147559,0.0143548,-0.0143779,-0.0147372,0.0865478,-0.00618609,0.0864041,0.010983,0.00150953,0.00177272,0.00985935,0.00990712,0.0640879,0.019315,0.0189057,0.0047626,0.00476361,2.46685E-07,2.47199E-07,0.00384744,0.003833,0,0,0,0,0.21359,0.21359,3.7974,3.23331
F1,0,20000,3.818,1,6,0.19181,0.191189,0.0281212,0.00229505,-0.00245094,-0.0279664,0.0860991,-0.00602447,0.0862994,0.010973,0.00150951,0.00177199,0.00985887,0.00990674,0.0640152,0.0193487,0.0189435,0.00683163,0.0067839,3.61647E-07,3.60749E-07,0.00385249,0.00383292,0.0158451,0,0.0183611,0,0.191802,0.191805,3.78199,3.23331
F2,0,20000,3.818,1,6,0.214137,0.213207,0.0146031,0.014509,-0.0145237,-0.0145928,0.0866597,-0.00618677,0.0862965,0.0109829,0.00150952,0.00177269,0.00985927,0.00990708,0.0640151,0.0193514,0.0189413,0.00476267,0.00476266,2.4644E-07,2.47037E-07,0.00384731,0.00383294,1.67355E-07,0,5.9672E-05,0,0.214138,0.214138,3.78275,3.23331
B,0,20000,3.818,1,6,0.214165,0.213234,0.0145887,0.0145233,-0.0145333,-0.0145836,0.0866603,-0.00618685,0.0862965,0.0109829,0.00150952,0.0017727,0.00985927,0.00990708,0.0640151,0.0193514,0.0189413,0.00476266,0.00476265,2.46423E-07,2.4702E-07,0.00384731,0.00383294,7.23655E-08,0,3.9239E-05,0,0.214165,0.214165,3.78275,3.23331
A,10,1000,3.818,0.25,0,0.213593,0.213174,0.0147542,0.0143564,-0.0143804,-0.0147335,0.0865487,-0.00641376,0.0864044,0.010983,0.00150942,0.0017756,0.0098607,0.00990865,0.0640873,0.0193161,0.0189068,0.0047626,0.0047636,2.45859E-07,2.46029E-07,0.00384448,0.00383301,0,0,0,0,0.213593,0.213593,3.80019,3.22477
F1,10,1000,3.818,0.25,0,0.21384,0.21293,0.0147536,0.0143574,-0.0143809,-0.0147324,0.0866545,-0.00641368,0.0862968,0.0109829,0.00150942,0.00177556,0.00986063,0.0099086,0.0640146,0.0193525,0.0189424,0.00476273,0.0047634,2.45796E-07,2.46087E-07,0.00384435,0.00383295,3.53837E-06,0,0.00027438,0,0.213839,0.21384,3.78243,3.22477
F2,10,1000,3.818,0.25,0,0.214137,0.213208,0.014603,0.0145092,-0.0145296,-0.0145826,0.0866605,-0.00641647,0.0862968,0.0109829,0.00150942,0.00177556,0.00986063,0.0099086,0.0640146,0.0193525,0.0189424,0.00476266,0.00476268,2.45633E-07,2.45893E-07,0.00384436,0.00383295,1.67364E-07,0,5.96735E-05,0,0.214137,0.214137,3.78245,3.22477
B,10,1000,3.818,0.25,0,0.213426,0.211983,0.0152469,0.0138382,-0.0138918,-0.0152518,0.086859,-0.00640884,0.0860793,0.0109823,0.00150946,0.00177545,0.00986088,0.00990888,0.064058,0.0193333,0.0189201,0.004759,0.00477786,2.4569E-07,2.47153E-07,0.00384381,0.00383289,4.46232E-08,0,3.08128E-05,0,0.213425,0.213425,2.93082,3.22477
A,10,1000,3.818,0.25,1,0.213593,0.213174,0.0147542,0.0143564,-0.0143804,-0.0147335,0.0865487,-0.00641376,0.0864044,0.010983,0.00150942,0.0017756,0.0098607,0.00990865,0.0640873,0.0193162,0.0189068,0.0047626,0.0047636,2.45859E-07,2.46029E-07,0.00384448,0.00383301,0,0,0,0,0.213593,0.213593,3.80021,3.87404
F1,10,1000,3.818,0.25,1,0.269833,0.268939,0.0651219,-2.85952E-07,3.23252E-07,-0.0651267,0.0851795,-0.00571015,0.0862928,0.0107897,0.00150935,0.00177511,0.00986072,0.00990838,0.0640144,0.0193492,0.0189458,0.0248319,0.024855,1.2986E-06,1.30162E-06,0.00386844,0.00383288,0.101903,0,0.0465633,0,0.269442,0.269533,3.7812,3.87404
F2,10,1000,3.818,0.25,1,0.269833,0.268939,0.0651219,-2.85952E-07,3.23252E-07,-0.0651267,0.0851795,-0.00571015,0.0862928,0.0107897,0.00150935,0.00177511,0.00986072,0.00990838,0.0640144,0.0193492,0.0189458,0.0248319,0.024855,1.2986E-06,1.30162E-06,0.00386844,0.00383288,0.101903,0,0.0465633,0,0.269442,0.269533,3.7812,3.87404
B,10,1000,3.818,0.25,1,0.243771,0.242114,0.0521758,-8.88809E-08,8.41229E-08,-0.0522413,0.0859667,-0.00586205,0.0860716,0.0108722,0.00150943,0.0017751,0.00986101,0.00990874,0.064058,0.0193329,0.0189206,0.016558,0.016607,8.51324E-07,8.56028E-07,0.0038588,0.00383285,0.0627353,0,0.0365348,0,0.243488,0.243554,2.92785,3.87404
A,10,1000,3.818,0.25,2,0.213593,0.213175,0.0147542,0.0143564,-0.0143804,-0.0147335,0.0865486,-0.00641376,0.0864045,0.010983,0.00150942,0.0017756,0.00986071,0.00990865,0.0640874,0.0193161,0.0189067,0.0047626,0.0047636,2.4586E-07,2.46028E-07,0.00384448,0.00383301,0,0,0,0,0.213592,0.213593,3.79992,3.47646
F1,10,1000,3.818,0.25,2,0.269923,0.268853,0.0651205,-2.84359E-07,3.34707E-07,-0.0651253,0.0851803,-0.00571015,0.0862941,0.0107899,0.00150935,0.00177514,0.0098607,0.00990836,0.0640145,0.0193491,0.0189457,0.024835,0.024847,1.29874E-06,1.3012E-06,0.00386861,0.00383288,0.101893,0,0.0465612,0,0.269454,0.269714,3.78087,3.47646
F2,10,1000,3.818,0.25,2,0.214137,0.213208,0.014603,0.0145092,-0.0145296,-0.0145826,0.0866604,-0.00641647,0.086297,0.0109829,0.00150941,0.00177556,0.00986063,0.0099086,0.0640147,0.0193525,0.0189423,0.00476266,0.00476268,2.45634E-07,2.45893E-07,0.00384436,0.00383295,1.67315E-07,0,5.96649E-05,0,0.214136,0.214137,3.78216,3.47646
B,10,1000,3.818,0.25,2,0.213426,0.211983,0.0152468,0.0138382,-0.0138918,-0.0152517,0.0868589,-0.00640883,0.0860794,0.0109823,0.00150946,0.00177545,0.00986088,0.00990888,0.0640581,0.0193333,0.0189201,0.004759,0.00477785,2.4569E-07,2.47152E-07,0.00384381,0.00383289,4.46103E-08,0,3.08084E-05,0,0.213424,0.213425,2.93077,3.47646
A,10,1000,3.818,0.25,4,0.213593,0.213174,0.0147542,0.0143564,-0.0143804,-0.0147335,0.0865487,-0.00641376,0.0864044,0.010983,0.00150942,0.0017756,0.0098607,0.00990865,0.0640873,0.0193161,0.0189068,0.0047626,0.0047636,2.45859E-07,2.46029E-07,0.00384448,0.00383301,0,0,0,0,0.213593,0.213593,3.80018,3.37058
F1,10,1000,3.818,0.25,4,0.21384,0.21293,0.0147536,0.0143574,-0.0143809,-0.0147324,0.0866545,-0.00641368,0.0862968,0.0109829,0.00150942,0.00177556,0.00986063,0.0099086,0.0640146,0.0193525,0.0189424,0.00476273,0.0047634,2.45796E-07,2.46087E-07,0.00384435,0.00383295,3.53829E-06,0,0.000274377,0,0.213839,0.21384,3.78242,3.37058
F2,10,1000,3.818,0.25,4,0.214137,0.213208,0.014603,0.0145092,-0.0145296,-0.0145826,0.0866605,-0.00641647,0.0862968,0.0109829,0.00150942,0.00177556,0.00986063,0.0099086,0.0640146,0.0193525,0.0189424,0.00476266,0.00476268,2.45633E-07,2.45893E-07,0.00384436,0.00383295,1.6736E-07,0,5.96728E-05,0,0.214137,0.214137,3.78243,3.37058
B,10,1000,3.818,0.25,4,0.243782,0.242102,0.0521758,-8.93401E-08,8.2863E-08,-0.0522412,0.0859668,-0.00586205,0.0860718,0.0108722,0.00150943,0.00177511,0.00986101,0.00990874,0.064058,0.0193329,0.0189206,0.0165583,0.0166061,8.51337E-07,8.55982E-07,0.00385882,0.00383285,0.0627344,0,0.0365346,0,0.243489,0.243576,2.9278,3.37058
A,10,1000,3.818,0.25,5,0.213593,0.213175,0.0147542,0.0143564,-0.0143804,-0.0147335,0.0865486,-0.00641376,0.0864045,0.010983,0.00150942,0.0017756,0.00986071,0.00990865,0.0640874,0.0193161,0.0189067,0.0047626,0.0047636,2.4586E-07,2.46028E-07,0.00384448,0.00383301,0,0,0,0,0.213592,0.213593,3.79996,3.40816
F1,10,1000,3.818,0.25,5,0.244855,0.243872,0.0569073,-2.10084E-07,2.36945E-07,-0.0569112,0.0853733,-0.00580227,0.0862941,0.0108419,0.00150935,0.00177525,0.00986072,0.00990836,0.0640145,0.0193491,0.0189457,0.0193594,0.0193593,1.01006E-06,1.01149E-06,0.00386294,0.00383289,0.0778171,0,0.0406901,0,0.24453,0.244703,3.78087,3.40816
F2,10,1000,3.818,0.25,5,0.214137,0.213208,0.014603,0.0145092,-0.0145296,-0.0145826,0.0866604,-0.00641647,0.086297,0.0109829,0.00150941,0.00177556,0.00986063,0.0099086,0.0640147,0.0193525,0.0189423,0.00476266,0.00476268,2.45634E-07,2.45893E-07,0.00384436,0.00383295,1.6732E-07,0,5.96657E-05,0,0.214136,0.214137,3.78219,3.40816
B,10,1000,3.818,0.25,5,0.213426,0.211983,0.0152468,0.0138382,-0.0138918,-0.0152517,0.0868589,-0.00640883,0.0860794,0.0109823,0.00150946,0.00177545,0.00986088,0.00990888,0.0640581,0.0193333,0.0189201,0.004759,0.00477785,2.4569E-07,2.47152E-07,0.00384381,0.00383289,4.46115E-08,0,3.08088E-05,0,0.213424,0.213425,2.93074,3.40816
A,10,1000,3.818,0.5,0,0.213592,0.213174,0.0147546,0.014356,-0.01438,-0.0147339,0.0865487,-0.00641375,0.0864044,0.010983,0.00150942,0.0017756,0.0098607,0.00990865,0.0640873,0.0193161,0.0189068,0.0047626,0.00476361,2.4586E-07,2.4603E-07,0.00384448,0.00383301,0,0,0,0,0.213592,0.213592,3.80019,3.22476
F1,10,1000,3.818,0.5,0,0.21384,0.21293,0.0147536,0.0143574,-0.0143809,-0.0147324,0.0866545,-0.00641368,0.0862968,0.0109829,0.00150942,0.00177556,0.00986063,0.0099086,0.0640146,0.0193525,0.0189424,0.00476273,0.0047634,2.45796E-07,2.46087E-07,0.00384435,0.00383295,3.53837E-06,0,0.00027438,0,0.213839,0.21384,3.78243,3.22476
F2,10,1000,3.818,0.5,0,0.214137,0.213208,0.014603,0.0145092,-0.0145296,-0.0145826,0.0866605,-0.00641647,0.0862968,0.0109829,0.00150942,0.00177556,0.00986063,0.0099086,0.0640146,0.0193525,0.0189424,0.00476266,0.00476268,2.45633E-07,2.45893E-07,0.00384436,0.00383295,1.67363E-07,0,5.96735E-05,0,0.214137,0.214137,3.78245,3.22476
B,10,1000,3.818,0.5,0,0.210395,0.208764,0.0159475,0.0131319,-0.0132159,-0.015934,0.0867975,-0.00637526,0.0860315,0.0109807,0.00150942,0.00177541,0.00986101,0.00990861,0.0640419,0.0193399,0.018929,0.00477426,0.00479588,2.48846E-07,2.50523E-07,0.00384366,0.00383264,1.78269E-07,0,6.15871E-05,0,0.210389,0.210391,5.90988,3.22476
A,10,1000,3.818,0.5,1,0.213592,0.213174,0.0147546,0.014356,-0.01438,-0.0147339,0.0865487,-0.00641375,0.0864043,0.010983,0.00150942,0.0017756,0.0098607,0.00990865,0.0640873,0.0193162,0.0189068,0.0047626,0.00476361,2.4586E-07,2.4603E-07,0.00384448,0.00383301,0,0,0,0,0.213592,0.213592,3.80022,4.32851
F1,10,1000,3.818,0.5,1,0.269821,0.26895,0.0651226,-2.83958E-07,3.18378E-07,-0.0651274,0.0851794,-0.00571014,0.0862926,0.0107897,0.00150935,0.00177511,0.00986072,0.00990838,0.0640144,0.0193492,0.0189458,0.0248315,0.024856,1.29858E-06,1.30167E-06,0.00386842,0.00383288,0.101904,0,0.0465635,0,0.269441,0.26951,3.78123,4.32851
F2,10,1000,3.818,0.5,1,0.269821,0.26895,0.0651226,-2.83958E-07,3.18378E-07,-0.0651274,0.0851794,-0.00571014,0.0862926,0.0107897,0.00150935,0.00177511,0.00986072,0.00990838,0.0640144,0.0193492,0.0189458,0.0248315,0.024856,1.29858E-06,1.30167E-06,0.00386842,0.00383288,0.101904,0,0.0465635,0,0.269441,0.26951,3.78123,4.32851
B,10,1000,3.818,0.5,1,0.331768,0.327583,0.104224,-9.07597E-07,1.04935E-06,-0.104289,0.0828122,-0.0052168,0.0860404,0.0105017,0.00150926,0.00177405,0.00986066,0.00990873,0.0640418,0.0193364,0.0189324,0.0617113,0.061904,3.45366E-06,3.47556E-06,0.00391002,0.00383245,0.250564,0,0.0730147,0,0.33109,0.331214,5.90257,4.32851
A,10,1000,3.818,0.5,2,0.213592,0.213174,0.0147545,0.014356,-0.01438,-0.0147339,0.0865486,-0.00641375,0.0864045,0.010983,0.00150942,0.0017756,0.00986071,0.00990865,0.0640874,0.0193161,0.0189067,0.0047626,0.00476361,2.4586E-07,2.46029E-07,0.00384448,0.00383301,0,0,0,0,0.213591,0.213592,3.79992,3.47645
F1,10,1000,3.818,0.5,2,0.269923,0.268853,0.0651205,-2.84354E-07,3.3472E-07,-0.0651253,0.0851803,-0.00571015,0.0862941,0.0107899,0.00150935,0.00177514,0.0098607,0.00990836,0.0640145,0.0193491,0.0189457,0.024835,0.024847,1.29874E-06,1.3012E-06,0.00386861,0.00383288,0.101893,0,0.0465612,0,0.269454,0.269715,3.78087,3.47645
F2,10,1000,3.818,0.5,2,0.214137,0.213208,0.014603,0.0145092,-0.0145296,-0.0145826,0.0866604,-0.00641647,0.086297,0.0109829,0.00150941,0.00177556,0.00986063,0.0099086,0.0640147,0.0193525,0.0189423,0.00476266,0.00476268,2.45634E-07,2.45893E-07,0.00384436,0.00383295,1.67315E-07,0,5.96649E-05,0,0.214136,0.214137,3.78216,3.47645
B,10,1000,3.818,0.5,2,0.210396,0.208766,0.0159474,0.013132,-0.013216,-0.015934,0.0867975,-0.00637525,0.0860317,0.0109807,0.00150942,0.00177541,0.00986102,0.0099086,0.064042,0.0193399,0.0189289,0.00477426,0.00479587,2.48846E-07,2.50521E-07,0.00384366,0.00383264,1.78218E-07,0,6.15782E-05,0,0.210388,0.210393,5.90977,3.47645
A,10,1000,3.818,0.5,4,0.213592,0.213174,0.0147546,0.014356,-0.01438,-0.0147339,0.0865487,-0.00641375,0.0864044,0.010983,0.00150942,0.0017756,0.0098607,0.00990865,0.0640873,0.0193161,0.0189068,0.0047626,0.00476361,2.4586E-07,2.4603E-07,0.00384448,0.00383301,0,0,0,0,0.213592,0.213592,3.80019,3.82502
F1,10,1000,3.818,0.5,4,0.21384,0.21293,0.0147536,0.0143574,-0.0143809,-0.0147324,0.0866545,-0.00641368,0.0862968,0.0109829,0.00150942,0.00177556,0.00986063,0.0099086,0.0640146,0.0193525,0.0189424,0.00476273,0.0047634,2.45796E-07,2.46087E-07,0.00384435,0.00383295,3.53837E-06,0,0.00027438,0,0.213839,0.21384,3.78243,3.82502
F2,10,1000,3.818,0.5,4,0.214137,0.213208,0.014603,0.0145092,-0.0145296,-0.0145826,0.0866605,-0.00641647,0.0862968,0.0109829,0.00150942,0.00177556,0.00986063,0.0099086,0.0640146,0.0193525,0.0189424,0.00476266,0.00476268,2.45633E-07,2.45893E-07,0.00384436,0.00383295,1.67363E-07,0,5.96735E-05,0,0.214137,0.214137,3.78245,3.82502
B,10,1000,3.818,0.5,4,0.3318,0.327641,0.104224,-1.11926E-06,1.299E-06,-0.104288,0.0828127,-0.00521673,0.0860409,0.0105018,0.00150926,0.00177406,0.00986066,0.00990873,0.0640418,0.0193364,0.0189324,0.0617119,0.0618994,3.45367E-06,3.47529E-06,0.00391008,0.00383245,0.250559,0,0.0730139,0,0.331088,0.331282,5.90243,3.82502
A,10,1000,3.818,0.5,5,0.213592,0.213174,0.0147545,0.014356,-0.01438,-0.0147339,0.0865486,-0.00641375,0.0864045,0.010983,0.00150942,0.0017756,0.00986071,0.00990865,0.0640874,0.0193161,0.0189067,0.0047626,0.00476361,2.4586E-07,2.46029E-07,0.00384448,0.00383301,0,0,0,0,0.213591,0.213592,3.79996,3.40815
F1,10,1000,3.818,0.5,5,0.244855,0.243872,0.0569073,-2.10086E-07,2.36943E-07,-0.0569112,0.0853733,-0.00580227,0.0862941,0.0108419,0.00150935,0.00177525,0.00986072,0.00990836,0.0640145,0.0193491,0.0189457,0.0193594,0.0193593,1.01006E-06,1.01149E-06,0.00386294,0.00383289,0.0778171,0,0.0406901,0,0.24453,0.244703,3.78087,3.40815
F2,10,1000,3.818,0.5,5,0.214137,0.213208,0.014603,0.0145092,-0.0145296,-0.0145826,0.0866604,-0.00641647,0.086297,0.0109829,0.00150941,0.00177556,0.00986063,0.0099086,0.0640147,0.0193525,0.0189423,0.00476266,0.00476268,2.45634E-07,2.45893E-07,0.00384436,0.00383295,1.6732E-07,0,5.96657E-05,0,0.214136,0.214137,3.78219,3.40815
B,10,1000,3.818,0.5,5,0.210396,0.208766,0.0159474,0.013132,-0.013216,-0.015934,0.0867975,-0.00637525,0.0860316,0.0109807,0.00150942,0.00177541,0.00986102,0.0099086,0.064042,0.0193399,0.0189289,0.00477426,0.00479587,2.48846E-07,2.50521E-07,0.00384366,0.00383264,1.78223E-07,0,6.15791E-05,0,0.210388,0.210393,5.90972,3.40815
A,10,1000,3.818,0.79,0,0.213591,0.213172,0.0147553,0.0143553,-0.0143793,-0.0147346,0.0865487,-0.00641374,0.0864044,0.010983,0.00150942,0.0017756,0.0098607,0.00990865,0.0640873,0.0193161,0.0189068,0.0047626,0.00476361,2.4586E-07,2.46031E-07,0.00384448,0.00383301,0,0,0,0,0.213591,0.213591,3.80019,3.22474
F1,10,1000,3.818,0.79,0,0.21384,0.21293,0.0147536,0.0143574,-0.0143809,-0.0147324,0.0866545,-0.00641368,0.0862968,0.0109829,0.00150942,0.00177556,0.00986063,0.0099086,0.0640146,0.0193525,0.0189424,0.00476273,0.0047634,2.45796E-07,2.46087E-07,0.00384435,0.00383295,3.53836E-06,0,0.00027438,0,0.213839,0.21384,3.78243,3.22474
F2,10,1000,3.818,0.79,0,0.214137,0.213208,0.014603,0.0145092,-0.0145296,-0.0145826,0.0866605,-0.00641647,0.0862968,0.0109829,0.00150942,0.00177556,0.00986063,0.0099086,0.0640146,0.0193525,0.0189424,0.00476266,0.00476268,2.45633E-07,2.45893E-07,0.00384436,0.00383295,1.67363E-07,0,5.96734E-05,0,0.214137,0.214137,3.78245,3.22474
B,10,1000,3.818,0.79,0,0.204207,0.202448,0.0167626,0.0123105,-0.0124301,-0.0167277,0.0866039,-0.00633546,0.0860071,0.0109776,0.00150932,0.00177534,0.00986129,0.00990805,0.0640248,0.0193455,0.0189391,0.00480647,0.00483037,2.55356E-07,2.57218E-07,0.00384351,0.00383217,4.45775E-07,0,9.73888E-05,0,0.204192,0.204196,9.37537,3.22474
A,10,1000,3.818,0.79,1,0.213591,0.213172,0.0147553,0.0143553,-0.0143793,-0.0147346,0.0865487,-0.00641374,0.0864044,0.010983,0.00150942,0.0017756,0.0098607,0.00990865,0.0640873,0.0193162,0.0189068,0.0047626,0.00476361,2.4586E-07,2.46031E-07,0.00384448,0.00383301,0,0,0,0,0.213591,0.213591,3.80022,4.88913
F1,10,1000,3.818,0.79,1,0.269821,0.26895,0.0651226,-2.85246E-07,3.22792E-07,-0.0651273,0.0851794,-0.00571014,0.0862926,0.0107897,0.00150935,0.00177511,0.00986072,0.00990838,0.0640144,0.0193492,0.0189458,0.0248315,0.024856,1.29858E-06,1.30167E-06,0.00386842,0.00383288,0.101904,0,0.0465635,0,0.269441,0.26951,3.78123,4.88913
F2,10,1000,3.818,0.79,1,0.269821,0.26895,0.0651226,-2.85246E-07,3.22792E-07,-0.0651273,0.0851794,-0.00571014,0.0862926,0.0107897,0.00150935,0.00177511,0.00986072,0.00990838,0.0640144,0.0193492,0.0189458,0.0248315,0.024856,1.29858E-06,1.30167E-06,0.00386842,0.00383288,0.101904,0,0.0465635,0,0.269441,0.26951,3.78123,4.88913
B,10,1000,3.818,0.79,1,0.33281,0.326334,0.164508,-2.27491E-06,1.85116E-06,-0.163636,0.0755919,-0.00435723,0.0861235,0.0099928,0.00150944,0.00177202,0.0098399,0.00992785,0.0640308,0.0192852,0.0189928,0.152868,0.152893,9.7913E-06,9.81655E-06,0.004034,0.0038317,0.624378,0,0.115259,0,0.331575,0.331806,9.36076,4.88913
A,10,1000,3.818,0.79,2,0.213591,0.213173,0.0147552,0.0143553,-0.0143793,-0.0147346,0.0865486,-0.00641374,0.0864045,0.010983,0.00150942,0.0017756,0.00986071,0.00990865,0.0640874,0.0193161,0.0189067,0.0047626,0.00476361,2.45861E-07,2.4603E-07,0.00384448,0.00383301,0,0,0,0,0.21359,0.213591,3.79992,3.47644
F1,10,1000,3.818,0.79,2,0.269924,0.268853,0.0651205,-2.84346E-07,3.34748E-07,-0.0651253,0.0851803,-0.00571015,0.0862941,0.0107899,0.00150935,0.00177514,0.0098607,0.00990836,0.0640145,0.0193491,0.0189457,0.024835,0.024847,1.29874E-06,1.3012E-06,0.00386861,0.00383288,0.101893,0,0.0465612,0,0.269454,0.269715,3.78087,3.47644
F2,10,1000,3.818,0.79,2,0.214137,0.213208,0.014603,0.0145092,-0.0145296,-0.0145826,0.0866604,-0.00641647,0.086297,0.0109829,0.00150941,0.00177556,0.00986063,0.0099086,0.0640147,0.0193525,0.0189423,0.00476266,0.00476268,2.45634E-07,2.45893E-07,0.00384436,0.00383295,1.67315E-07,0,5.96649E-05,0,0.214136,0.214137,3.78215,3.47644
B,10,1000,3.818,0.79,2,0.204209,0.202451,0.0167625,0.0123107,-0.0124302,-0.0167277,0.0866039,-0.00633545,0.0860074,0.0109776,0.00150932,0.00177534,0.00986131,0.00990803,0.0640249,0.0193455,0.018939,0.00480646,0.00483035,2.55355E-07,2.57213E-07,0.00384352,0.00383217,4.45646E-07,0,9.73747E-05,0,0.20419,0.204201,9.37521,3.47644
A,10,1000,3.818,0.79,4,0.213591,0.213172,0.0147553,0.0143553,-0.0143793,-0.0147346,0.0865487,-0.00641374,0.0864044,0.010983,0.00150942,0.0017756,0.0098607,0.00990865,0.0640873,0.0193161,0.0189068,0.0047626,0.00476361,2.4586E-07,2.46031E-07,0.00384448,0.00383301,0,0,0,0,0.213591,0.213591,3.80019,4.38565
F1,10,1000,3.818,0.79,4,0.21384,0.21293,0.0147536,0.0143574,-0.0143809,-0.0147324,0.0866545,-0.00641368,0.0862968,0.0109829,0.00150942,0.00177556,0.00986063,0.0099086,0.0640146,0.0193525,0.0189424,0.00476273,0.0047634,2.45796E-07,2.46087E-07,0.00384435,0.00383295,3.53836E-06,0,0.00027438,0,0.213839,0.21384,3.78243,4.38565
F2,10,1000,3.818,0.79,4,0.214137,0.213208,0.014603,0.0145092,-0.0145296,-0.0145826,0.0866605,-0.00641647,0.0862968,0.0109829,0.00150942,0.00177556,0.00986063,0.0099086,0.0640146,0.0193525,0.0189424,0.00476266,0.00476268,2.45633E-07,2.45893E-07,0.00384436,0.00383295,1.67363E-07,0,5.96735E-05,0,0.214137,0.214137,3.78245,4.38565
B,10,1000,3.818,0.79,4,0.332882,0.326335,0.164508,-2.12604E-06,1.62482E-06,-0.163635,0.0755928,-0.00435711,0.0861244,0.00999292,0.00150943,0.00177204,0.00983989,0.00992784,0.0640308,0.0192853,0.0189927,0.152871,0.152882,9.79136E-06,9.81583E-06,0.00403409,0.0038317,0.624365,0,0.115258,0,0.331584,0.331943,9.36054,4.38565
A,10,1000,3.818,0.79,5,0.213591,0.213173,0.0147552,0.0143553,-0.0143793,-0.0147346,0.0865486,-0.00641374,0.0864045,0.010983,0.00150942,0.0017756,0.00986071,0.00990865,0.0640874,0.0193161,0.0189067,0.0047626,0.00476361,2.45861E-07,2.4603E-07,0.00384448,0.00383301,0,0,0,0,0.21359,0.213591,3.79996,3.40813
F1,10,1000,3.818,0.79,5,0.244855,0.243871,0.0569073,-2.10091E-07,2.36938E-07,-0.0569112,0.0853733,-0.00580227,0.0862941,0.0108419,0.00150935,0.00177525,0.00986072,0.00990836,0.0640145,0.0193491,0.0189457,0.0193594,0.0193592,1.01006E-06,1.01149E-06,0.00386294,0.00383289,0.0778171,0,0.0406901,0,0.24453,0.244704,3.78086,3.40813
F2,10,1000,3.818,0.79,5,0.214137,0.213208,0.014603,0.0145092,-0.0145296,-0.0145826,0.0866604,-0.00641647,0.086297,0.0109829,0.00150941,0.00177556,0.00986063,0.0099086,0.0640147,0.0193525,0.0189423,0.00476266,0.00476268,2.45634E-07,2.45893E-07,0.00384436,0.00383295,1.67319E-07,0,5.96657E-05,0,0.214136,0.214137,3.78219,3.40813
B,10,1000,3.818,0.79,5,0.204209,0.202451,0.0167625,0.0123107,-0.0124302,-0.0167277,0.0866039,-0.00633545,0.0860074,0.0109776,0.00150932,0.00177534,0.00986131,0.00990803,0.0640249,0.0193455,0.0189391,0.00480646,0.00483035,2.55355E-07,2.57213E-07,0.00384352,0.00383217,4.45658E-07,0,9.73761E-05,0,0.20419,0.204201,9.37513,3.40813
A,10,1000,3.818,1,0,0.213589,0.213171,0.014756,0.0143546,-0.0143786,-0.0147353,0.0865486,-0.00641373,0.0864044,0.010983,0.00150942,0.0017756,0.0098607,0.00990865,0.0640873,0.0193161,0.0189068,0.0047626,0.00476362,2.45861E-07,2.46032E-07,0.00384448,0.00383301,0,0,0,0,0.213589,0.21359,3.80019,3.22473
F1,10,1000,3.818,1,0,0.21384,0.21293,0.0147536,0.0143574,-0.0143809,-0.0147324,0.0866545,-0.00641368,0.0862968,0.0109829,0.00150942,0.00177556,0.00986063,0.0099086,0.0640146,0.0193525,0.0189424,0.00476273,0.0047634,2.45796E-07,2.46087E-07,0.00384435,0.00383295,3.53836E-06,0,0.00027438,0,0.213839,0.21384,3.78243,3.22473
F2,10,1000,3.818,1,0,0.214137,0.213208,0.014603,0.0145092,-0.0145296,-0.0145826,0.0866605,-0.00641647,0.0862968,0.0109829,0.00150942,0.00177556,0.00986063,0.0099086,0.0640146,0.0193525,0.0189424,0.00476266,0.00476268,2.45633E-07,2.45893E-07,0.00384436,0.00383295,1.67363E-07,0,5.96734E-05,0,0.214137,0.214137,3.78244,3.22473
B,10,1000,3.818,1,0,0.197893,0.196103,0.0173568,0.011712,-0.0118578,-0.0173062,0.086379,-0.00630571,0.0860107,0.0109746,0.00150922,0.00177529,0.00986159,0.00990746,0.0640134,0.0193482,0.0189465,0.00483975,0.00486468,2.62091E-07,2.64049E-07,0.00384343,0.0038317,7.16631E-07,0,0.000123481,0,0.197868,0.197876,11.9008,3.22473
A,10,1000,3.818,1,1,0.213589,0.213172,0.014756,0.0143546,-0.0143786,-0.0147353,0.0865485,-0.0064137,0.0864047,0.010983,0.00150942,0.0017756,0.00986072,0.00990863,0.0640875,0.0193161,0.0189066,0.0047626,0.00476361,2.45863E-07,2.46029E-07,0.00384449,0.00383301,0,0,0,0,0.213586,0.213589,3.80024,5.16586
F1,10,1000,3.818,1,1,0.270074,0.268692,0.0651256,-3.42699E-07,3.64607E-07,-0.06513,0.085182,-0.00571005,0.0862964,0.0107902,0.00150934,0.00177519,0.00986067,0.00990834,0.0640146,0.0193491,0.0189456,0.0248403,0.0248328,1.29897E-06,1.30046E-06,0.00386891,0.00383288,0.101876,0,0.0465571,0,0.269442,0.27005,3.7813,5.16586
F2,10,1000,3.818,1,1,0.270074,0.268692,0.0651256,-3.42699E-07,3.64607E-07,-0.06513,0.085182,-0.00571005,0.0862964,0.0107902,0.00150934,0.00177519,0.00986067,0.00990834,0.0640146,0.0193491,0.0189456,0.0248403,0.0248328,1.29897E-06,1.30046E-06,0.00386891,0.00383288,0.101876,0,0.0465571,0,0.269442,0.27005,3.7813,5.16586
B,10,1000,3.818,1,1,0.301761,0.286504,0.203115,-3.98768E-06,9.50569E-06,-0.199975,0.0598371,-0.0016029,0.0850962,0.0088085,0.00141522,0.0016525,0.00967022,0.00980583,0.0631777,0.0182743,0.0193752,0.211795,0.212376,1.44002E-05,1.45247E-05,0.00415532,0.00362009,0.867198,0,0.135833,0,0.299047,0.301669,10.7358,5.16586
A,10,1000,3.818,1,2,0.213589,0.213171,0.014756,0.0143546,-0.0143786,-0.0147353,0.0865486,-0.00641373,0.0864045,0.010983,0.00150942,0.0017756,0.00986071,0.00990865,0.0640874,0.0193161,0.0189067,0.0047626,0.00476361,2.45862E-07,2.46031E-07,0.00384448,0.00383301,0,0,0,0,0.213588,0.213589,3.79992,3.47643
F1,10,1000,3.818,1,2,0.269924,0.268853,0.0651205,-2.84335E-07,3.34779E-07,-0.0651253,0.0851803,-0.00571015,0.0862941,0.0107899,0.00150935,0.00177514,0.0098607,0.00990836,0.0640145,0.0193491,0.0189457,0.024835,0.0248469,1.29874E-06,1.3012E-06,0.00386861,0.00383288,0.101893,0,0.0465612,0,0.269454,0.269715,3.78087,3.47643
F2,10,1000,3.818,1,2,0.214137,0.213208,0.014603,0.0145092,-0.0145296,-0.0145826,0.0866604,-0.00641647,0.086297,0.0109829,0.00150941,0.00177556,0.00986063,0.0099086,0.0640147,0.0193525,0.0189423,0.00476266,0.00476268,2.45634E-07,2.45893E-07,0.00384436,0.00383295,1.67315E-07,0,5.96648E-05,0,0.214136,0.214137,3.78215,3.47643
B,10,1000,3.818,1,2,0.197897,0.196108,0.0173567,0.0117123,-0.0118579,-0.0173063,0.086379,-0.00630571,0.086011,0.0109746,0.00150922,0.00177529,0.00986161,0.00990744,0.0640135,0.0193482,0.0189464,0.00483973,0.00486465,2.62088E-07,2.64041E-07,0.00384344,0.0038317,7.16425E-07,0,0.000123463,0,0.197866,0.197884,11.9006,3.47643
A,10,1000,3.818,1,4,0.213589,0.213172,0.014756,0.0143546,-0.0143785,-0.0147353,0.0865485,-0.00641369,0.0864046,0.010983,0.00150942,0.0017756,0.00986071,0.00990864,0.0640874,0.0193161,0.0189067,0.0047626,0.00476361,2.45862E-07,2.4603E-07,0.00384449,0.00383301,0,0,0,0,0.213586,0.213589,3.80024,4.66264
F1,10,1000,3.818,1,4,0.213839,0.212931,0.0147536,0.0143574,-0.0143809,-0.0147324,0.0866544,-0.00641368,0.086297,0.0109829,0.00150941,0.00177556,0.00986064,0.00990859,0.0640147,0.0193524,0.0189423,0.00476273,0.0047634,2.45797E-07,2.46086E-07,0.00384436,0.00383295,3.53703E-06,0,0.000274328,0,0.213836,0.213839,3.78252,4.66264
F2,10,1000,3.818,1,4,0.214136,0.213208,0.014603,0.0145092,-0.0145296,-0.0145826,0.0866604,-0.00641648,0.086297,0.0109829,0.00150941,0.00177556,0.00986063,0.00990859,0.0640147,0.0193525,0.0189423,0.00476266,0.00476268,2.45634E-07,2.45892E-07,0.00384436,0.00383295,1.673E-07,0,5.96622E-05,0,0.214134,0.214136,3.78253,4.66264
B,10,1000,3.818,1,4,0.30123,0.286808,0.203,-6.21733E-06,2.26344E-05,-0.199936,0.059827,-0.00160755,0.0850896,0.00880757,0.00141519,0.00165232,0.00967041,0.00980573,0.0631775,0.0182741,0.0193753,0.211754,0.212486,1.43994E-05,1.45413E-05,0.0041546,0.00361998,0.867326,0,0.135844,0,0.297947,0.301702,10.7275,4.66264
A,10,1000,3.818,1,5,0.213589,0.213171,0.014756,0.0143546,-0.0143786,-0.0147353,0.0865486,-0.00641373,0.0864045,0.010983,0.00150942,0.0017756,0.00986071,0.00990865,0.0640874,0.0193161,0.0189067,0.0047626,0.00476361,2.45862E-07,2.46031E-07,0.00384448,0.00383301,0,0,0,0,0.213589,0.213589,3.79995,3.40812
F1,10,1000,3.818,1,5,0.244855,0.243871,0.0569073,-2.10095E-07,2.36932E-07,-0.0569112,0.0853733,-0.00580227,0.0862941,0.0108419,0.00150935,0.00177525,0.00986072,0.00990836,0.0640145,0.0193491,0.0189457,0.0193594,0.0193592,1.01006E-06,1.01149E-06,0.00386294,0.00383289,0.077817,0,0.0406901,0,0.24453,0.244704,3.78086,3.40812
F2,10,1000,3.818,1,5,0.214137,0.213208,0.014603,0.0145092,-0.0145296,-0.0145826,0.0866604,-0.00641647,0.086297,0.0109829,0.00150941,0.00177556,0.00986063,0.0099086,0.0640147,0.0193525,0.0189423,0.00476266,0.00476268,2.45634E-07,2.45893E-07,0.00384436,0.00383295,1.67319E-07,0,5.96656E-05,0,0.214136,0.214137,3.78219,3.40812
B,10,1000,3.818,1,5,0.197897,0.196108,0.0173567,0.0117123,-0.011858,-0.0173062,0.086379,-0.00630571,0.086011,0.0109746,0.00150922,0.00177529,0.00986161,0.00990744,0.0640135,0.0193482,0.0189464,0.00483974,0.00486465,2.62088E-07,2.64042E-07,0.00384344,0.0038317,7.16445E-07,0,0.000123465,0,0.197866,0.197883,11.9005,3.40812
A,10,20000,3.818,0.25,0,0.213593,0.213174,0.0147541,0.0143567,-0.0143796,-0.0147355,0.0865479,-0.00618609,0.0864042,0.010983,0.00150953,0.00177272,0.00985935,0.00990712,0.0640879,0.019315,0.0189057,0.00476259,0.0047636,2.46683E-07,2.47195E-07,0.00384744,0.003833,0,0,0,0,0.213593,0.213593,3.79826,3.22476
F1,10,20000,3.818,0.25,0,0.213848,0.212922,0.0147542,0.0143581,-0.0143793,-0.0147339,0.0866537,-0.006186,0.0862966,0.0109828,0.00150952,0.00177269,0.00985928,0.00990707,0.0640151,0.0193514,0.0189413,0.00476309,0.00476304,2.46637E-07,2.47236E-07,0.00384733,0.00383294,3.53827E-06,0,0.000274377,0,0.213848,0.213848,3.78321,3.22476
F2,10,20000,3.818,0.25,0,0.214137,0.213207,0.0146031,0.014509,-0.0145237,-0.0145928,0.0866597,-0.00618677,0.0862966,0.0109829,0.00150952,0.0017727,0.00985928,0.00990707,0.0640151,0.0193514,0.0189413,0.00476267,0.00476266,2.4644E-07,2.47037E-07,0.00384731,0.00383294,1.67353E-07,0,5.96717E-05,0,0.214138,0.214138,3.78323,3.22476
B,10,20000,3.818,0.25,0,0.213439,0.211994,0.0152433,0.0138414,-0.0138961,-0.0152472,0.086859,-0.00623818,0.0860789,0.0109823,0.00150953,0.00177368,0.00986005,0.00990793,0.0640584,0.0193298,0.0189223,0.00475895,0.0047778,2.46247E-07,2.47947E-07,0.00384564,0.00383288,4.40651E-08,0,3.06196E-05,0,0.213438,0.213438,2.90873,3.22476
A,10,20000,3.818,0.25,1,0.213593,0.213174,0.0147543,0.0143564,-0.0143795,-0.0147355,0.0865479,-0.0061861,0.0864042,0.010983,0.00150952,0.00177272,0.00985937,0.0099071,0.064088,0.019315,0.0189056,0.00476259,0.0047636,2.46685E-07,2.47195E-07,0.00384745,0.003833,0,0,0,0,0.213593,0.213593,3.79997,4.2298
F1,10,20000,3.818,0.25,1,0.298019,0.296226,0.0801547,-3.60165E-05,3.47055E-05,-0.0801818,0.0843436,-0.0054021,0.0863047,0.0106853,0.00150959,0.00176845,0.00985457,0.00990779,0.0640166,0.0193378,0.0189519,0.0369711,0.0369642,2.00519E-06,2.01346E-06,0.00389254,0.00383283,0.154547,0,0.0573431,0,0.298038,0.298031,3.78201,4.2298
F2,10,20000,3.818,0.25,1,0.298019,0.296226,0.0801547,-3.60165E-05,3.47055E-05,-0.0801818,0.0843436,-0.0054021,0.0863047,0.0106853,0.00150959,0.00176845,0.00985457,0.00990779,0.0640166,0.0193378,0.0189519,0.0369711,0.0369642,2.00519E-06,2.01346E-06,0.00389254,0.00383283,0.154547,0,0.0573431,0,0.298038,0.298031,3.78201,4.2298
B,10,20000,3.818,0.25,1,0.268889,0.266319,0.0635448,-1.8035E-05,1.76385E-05,-0.0636152,0.085493,-0.00561806,0.0860775,0.0107997,0.00150954,0.00177117,0.00985846,0.00990737,0.0640589,0.0193257,0.018925,0.0237993,0.0238382,1.25464E-06,1.26336E-06,0.00387293,0.00383282,0.0934163,0,0.0445823,0,0.268913,0.268905,2.89756,4.2298
A,10,20000,3.818,0.25,2,0.213593,0.213174,0.0147542,0.0143565,-0.0143795,-0.0147355,0.0865479,-0.00618609,0.0864042,0.010983,0.00150952,0.00177272,0.00985936,0.00990711,0.0640879,0.019315,0.0189056,0.00476259,0.0047636,2.46684E-07,2.47195E-07,0.00384745,0.003833,0,0,0,0,0.213593,0.213593,3.79933,3.60752
F1,10,20000,3.818,0.25,2,0.298042,0.296234,0.08014,-3.57985E-05,3.27974E-05,-0.0801668,0.0843441,-0.00539875,0.0863046,0.0106854,0.00150959,0.00176845,0.00985458,0.0099078,0.0640165,0.0193378,0.0189519,0.0369718,0.0369647,2.00521E-06,2.01344E-06,0.00389257,0.00383283,0.154549,0,0.0573435,0,0.298059,0.298055,3.78205,3.60752
F2,10,20000,3.818,0.25,2,0.214137,0.213207,0.0146031,0.014509,-0.0145237,-0.0145928,0.0866597,-0.00618678,0.0862966,0.0109829,0.00150951,0.0017727,0.00985929,0.00990706,0.0640152,0.0193514,0.0189412,0.00476267,0.00476266,2.46442E-07,2.47037E-07,0.00384732,0.00383294,1.6735E-07,0,5.96712E-05,0,0.214137,0.214138,3.78372,3.60752
B,10,20000,3.818,0.25,2,0.213439,0.211994,0.0152431,0.0138416,-0.0138963,-0.0152474,0.0868591,-0.00623824,0.0860789,0.0109823,0.00150953,0.00177368,0.00986006,0.00990793,0.0640584,0.0193298,0.0189223,0.00475895,0.0047778,2.46248E-07,2.47947E-07,0.00384565,0.00383288,4.40644E-08,0,3.06193E-05,0,0.213437,0.213438,2.91002,3.60752
A,10,20000,3.818,0.25,4,0.213593,0.213174,0.0147541,0.0143567,-0.0143796,-0.0147355,0.0865479,-0.00618609,0.0864042,0.010983,0.00150953,0.00177272,0.00985935,0.00990712,0.0640879,0.019315,0.0189057,0.00476259,0.0047636,2.46683E-07,2.47196E-07,0.00384744,0.003833,0,0,0,0,0.213593,0.213593,3.79826,3.46426
F1,10,20000,3.818,0.25,4,0.213848,0.212922,0.0147542,0.0143581,-0.0143793,-0.0147339,0.0866537,-0.00618599,0.0862966,0.0109828,0.00150952,0.00177269,0.00985928,0.00990706,0.0640151,0.0193514,0.0189413,0.00476309,0.00476304,2.46637E-07,2.47237E-07,0.00384733,0.00383294,3.53827E-06,0,0.000274377,0,0.213848,0.213848,3.78322,3.46426
F2,10,20000,3.818,0.25,4,0.214137,0.213207,0.0146031,0.014509,-0.0145237,-0.0145928,0.0866597,-0.00618677,0.0862966,0.0109829,0.00150952,0.0017727,0.00985928,0.00990707,0.0640151,0.0193514,0.0189413,0.00476267,0.00476266,2.46441E-07,2.47037E-07,0.00384731,0.00383294,1.67353E-07,0,5.96717E-05,0,0.214138,0.214138,3.78323,3.46426
B,10,20000,3.818,0.25,4,0.268938,0.266411,0.0634976,-1.78409E-05,1.78605E-05,-0.0635663,0.0854936,-0.00561747,0.0860774,0.0107999,0.00150954,0.00177118,0.00985846,0.00990739,0.0640589,0.0193257,0.0189251,0.0237986,0.0238383,1.25453E-06,1.26322E-06,0.00387297,0.00383282,0.0934191,0,0.044583,0,0.268958,0.268956,2.8968,3.46426
A,10,20000,3.818,0.25,5,0.213593,0.213174,0.0147542,0.0143566,-0.0143796,-0.0147355,0.0865479,-0.00618609,0.0864042,0.010983,0.00150953,0.00177272,0.00985935,0.00990711,0.0640879,0.019315,0.0189056,0.00476259,0.0047636,2.46683E-07,2.47196E-07,0.00384744,0.003833,0,0,0,0,0.213593,0.213593,3.79853,3.48524
F1,10,20000,3.818,0.25,5,0.261298,0.259869,0.0661197,-1.33583E-05,1.95583E-05,-0.0661252,0.0848854,-0.00555803,0.0862995,0.0107814,0.00150954,0.00176951,0.00985683,0.00990662,0.0640158,0.0193431,0.0189478,0.025601,0.0255891,1.37171E-06,1.37708E-06,0.0038784,0.00383286,0.105202,0,0.0473111,0,0.261306,0.261304,3.78178,3.48524
F2,10,20000,3.818,0.25,5,0.214137,0.213207,0.0146031,0.014509,-0.0145237,-0.0145928,0.0866597,-0.00618677,0.0862966,0.0109829,0.00150952,0.0017727,0.00985928,0.00990707,0.0640151,0.0193514,0.0189412,0.00476267,0.00476266,2.46441E-07,2.47037E-07,0.00384731,0.00383294,1.67353E-07,0,5.96716E-05,0,0.214138,0.214138,3.78336,3.48524
B,10,20000,3.818,0.25,5,0.213439,0.211994,0.0152433,0.0138414,-0.0138962,-0.0152472,0.086859,-0.00623819,0.0860789,0.0109823,0.00150953,0.00177368,0.00986005,0.00990793,0.0640584,0.0193298,0.0189223,0.00475895,0.0047778,2.46247E-07,2.47947E-07,0.00384564,0.00383288,4.4065E-08,0,3.06195E-05,0,0.213438,0.213438,2.90904,3.48524
A,10,20000,3.818,0.5,0,0.213592,0.213174,0.0147545,0.0143563,-0.0143793,-0.0147358,0.0865479,-0.00618609,0.0864042,0.010983,0.00150953,0.00177272,0.00985935,0.00990712,0.0640879,0.019315,0.0189057,0.00476259,0.0047636,2.46683E-07,2.47196E-07,0.00384744,0.003833,0,0,0,0,0.213593,0.213593,3.79826,3.22476
F1,10,20000,3.818,0.5,0,0.213848,0.212922,0.0147542,0.0143581,-0.0143793,-0.0147339,0.0866537,-0.006186,0.0862966,0.0109828,0.00150952,0.00177269,0.00985928,0.00990707,0.0640151,0.0193514,0.0189413,0.00476309,0.00476304,2.46637E-07,2.47236E-07,0.00384733,0.00383294,3.53827E-06,0,0.000274377,0,0.213848,0.213848,3.78321,3.22476
F2,10,20000,3.818,0.5,0,0.214137,0.213207,0.0146031,0.014509,-0.0145237,-0.0145928,0.0866597,-0.00618677,0.0862966,0.0109829,0.00150952,0.0017727,0.00985928,0.00990707,0.0640151,0.0193514,0.0189413,0.00476267,0.00476266,2.4644E-07,2.47037E-07,0.00384731,0.00383294,1.67353E-07,0,5.96717E-05,0,0.214138,0.214138,3.78322,3.22476
B,10,20000,3.818,0.5,0,0.210444,0.208813,0.0159401,0.013138,-0.0132244,-0.015925,0.0867976,-0.00603444,0.0860315,0.0109807,0.00150968,0.00176831,0.00985719,0.00990535,0.0640437,0.0193247,0.0189386,0.00477409,0.00479563,2.51133E-07,2.53753E-07,0.00385112,0.00383263,1.76034E-07,0,6.11998E-05,0,0.210441,0.210441,5.86571,3.22476
A,10,20000,3.818,0.5,1,0.213592,0.213174,0.0147547,0.0143561,-0.0143791,-0.0147358,0.0865479,-0.00618611,0.0864042,0.010983,0.00150952,0.00177272,0.00985937,0.0099071,0.064088,0.019315,0.0189056,0.0047626,0.0047636,2.46686E-07,2.47195E-07,0.00384745,0.003833,0,0,0,0,0.213592,0.213592,3.80022,4.79466
F1,10,20000,3.818,0.5,1,0.298037,0.296259,0.0801652,-3.20404E-05,2.91491E-05,-0.0801917,0.0843444,-0.00540276,0.0863046,0.0106856,0.00150959,0.00176847,0.00985456,0.0099078,0.0640166,0.0193378,0.0189519,0.03697,0.0369633,2.00477E-06,2.0131E-06,0.00389262,0.00383283,0.154545,0,0.0573429,0,0.298057,0.29805,3.78186,4.79466
F2,10,20000,3.818,0.5,1,0.298037,0.296259,0.0801652,-3.20404E-05,2.91491E-05,-0.0801917,0.0843444,-0.00540276,0.0863046,0.0106856,0.00150959,0.00176847,0.00985456,0.0099078,0.0640166,0.0193378,0.0189519,0.03697,0.0369633,2.00477E-06,2.0131E-06,0.00389262,0.00383283,0.154545,0,0.0573429,0,0.298057,0.29805,3.78186,4.79466
B,10,20000,3.818,0.5,1,0.347495,0.343717,0.126424,-3.16544E-05,2.96469E-05,-0.126928,0.0806047,-0.00473886,0.0862195,0.0103271,0.00151098,0.00175737,0.00980028,0.00995066,0.0640622,0.0191922,0.019048,0.0905429,0.0904058,5.36715E-06,5.38789E-06,0.00397313,0.00383243,0.368538,0,0.0885509,0,0.347555,0.347535,5.84122,4.79466
A,10,20000,3.818,0.5,2,0.213592,0.213174,0.0147546,0.0143562,-0.0143792,-0.0147358,0.0865479,-0.00618609,0.0864042,0.010983,0.00150952,0.00177272,0.00985936,0.00990711,0.0640879,0.019315,0.0189056,0.0047626,0.0047636,2.46685E-07,2.47196E-07,0.00384745,0.003833,0,0,0,0,0.213592,0.213593,3.79933,3.60752
F1,10,20000,3.818,0.5,2,0.298042,0.296234,0.08014,-3.57916E-05,3.2794E-05,-0.0801668,0.0843441,-0.00539874,0.0863046,0.0106854,0.00150959,0.00176845,0.00985458,0.0099078,0.0640165,0.0193378,0.0189519,0.0369718,0.0369648,2.00521E-06,2.01344E-06,0.00389257,0.00383283,0.154549,0,0.0573435,0,0.298059,0.298055,3.78205,3.60752
F2,10,20000,3.818,0.5,2,0.214137,0.213207,0.0146031,0.014509,-0.0145237,-0.0145928,0.0866597,-0.00618678,0.0862966,0.0109829,0.00150951,0.0017727,0.00985929,0.00990706,0.0640152,0.0193514,0.0189412,0.00476267,0.00476266,2.46442E-07,2.47037E-07,0.00384732,0.00383294,1.6735E-07,0,5.96712E-05,0,0.214137,0.214138,3.78372,3.60752
B,10,20000,3.818,0.5,2,0.210444,0.208813,0.0159396,0.0131383,-0.0132251,-0.0159256,0.0867977,-0.00603456,0.0860315,0.0109807,0.00150968,0.00176831,0.0098572,0.00990534,0.0640437,0.0193247,0.0189386,0.00477409,0.00479563,2.51136E-07,2.53753E-07,0.00385113,0.00383263,1.76031E-07,0,6.11993E-05,0,0.210441,0.210442,5.86828,3.60752
A,10,20000,3.818,0.5,4,0.213592,0.213174,0.0147545,0.014356,-0.014379,-0.0147358,0.086548,-0.00618629,0.0864043,0.010983,0.00150952,0.00177272,0.00985939,0.00990707,0.0640881,0.019315,0.0189055,0.0047626,0.0047636,2.46688E-07,2.47192E-07,0.00384747,0.003833,0,0,0,0,0.213591,0.213592,3.80088,4.02952
F1,10,20000,3.818,0.5,4,0.213847,0.212922,0.0147541,0.0143579,-0.0143792,-0.0147337,0.0866539,-0.0061864,0.0862967,0.0109829,0.00150951,0.00177269,0.00985932,0.00990702,0.0640153,0.0193514,0.0189412,0.00476309,0.00476304,2.46641E-07,2.47232E-07,0.00384736,0.00383294,3.53796E-06,0,0.000274364,0,0.213847,0.213847,3.78276,4.02952
F2,10,20000,3.818,0.5,4,0.214137,0.213207,0.014603,0.014509,-0.0145237,-0.0145929,0.0866599,-0.00618703,0.0862967,0.0109829,0.00150951,0.0017727,0.00985932,0.00990703,0.0640153,0.0193514,0.0189411,0.00476267,0.00476266,2.46444E-07,2.47033E-07,0.00384734,0.00383294,1.67338E-07,0,5.96691E-05,0,0.214136,0.214137,3.78277,4.02952
B,10,20000,3.818,0.5,4,0.348042,0.344102,0.126503,-7.08241E-05,5.50706E-05,-0.126904,0.080608,-0.00475092,0.0862193,0.0103271,0.00151098,0.0017574,0.00980038,0.00995058,0.0640622,0.0191923,0.0190478,0.0905472,0.0904066,5.36525E-06,5.38578E-06,0.00397321,0.00383243,0.36851,0,0.0885474,0,0.348124,0.348071,5.84056,4.02952
A,10,20000,3.818,0.5,5,0.213592,0.213174,0.0147545,0.0143563,-0.0143792,-0.0147358,0.0865479,-0.00618609,0.0864042,0.010983,0.00150953,0.00177272,0.00985935,0.00990711,0.0640879,0.019315,0.0189056,0.00476259,0.0047636,2.46684E-07,2.47196E-07,0.00384744,0.003833,0,0,0,0,0.213593,0.213593,3.79853,3.48523
F1,10,20000,3.818,0.5,5,0.261298,0.259869,0.0661196,-1.33531E-05,1.95687E-05,-0.0661252,0.0848854,-0.00555803,0.0862995,0.0107814,0.00150954,0.00176951,0.00985683,0.00990662,0.0640158,0.0193431,0.0189478,0.025601,0.0255891,1.37171E-06,1.37708E-06,0.0038784,0.00383286,0.105202,0,0.0473111,0,0.261306,0.261304,3.78178,3.48523
F2,10,20000,3.818,0.5,5,0.214137,0.213207,0.0146031,0.014509,-0.0145237,-0.0145928,0.0866597,-0.00618677,0.0862966,0.0109829,0.00150952,0.0017727,0.00985928,0.00990707,0.0640151,0.0193514,0.0189413,0.00476267,0.00476266,2.46441E-07,2.47037E-07,0.00384731,0.00383294,1.67353E-07,0,5.96716E-05,0,0.214138,0.214138,3.78336,3.48523
B,10,20000,3.818,0.5,5,0.210444,0.208813,0.01594,0.0131381,-0.0132245,-0.0159252,0.0867976,-0.00603446,0.0860315,0.0109807,0.00150968,0.00176831,0.00985719,0.00990535,0.0640437,0.0193247,0.0189386,0.00477409,0.00479563,2.51135E-07,2.53753E-07,0.00385112,0.00383263,1.76033E-07,0,6.11997E-05,0,0.210441,0.210441,5.86633,3.48523
A,10,20000,3.818,0.79,0,0.213591,0.213172,0.0147552,0.0143556,-0.0143786,-0.0147365,0.0865478,-0.00618608,0.0864042,0.010983,0.00150953,0.00177272,0.00985935,0.00990712,0.0640879,0.019315,0.0189057,0.0047626,0.00476361,2.46685E-07,2.47197E-07,0.00384744,0.003833,0,0,0,0,0.213591,0.213591,3.79826,3.22474
F1,10,20000,3.818,0.79,0,0.213848,0.212922,0.0147542,0.0143581,-0.0143793,-0.0147339,0.0866537,-0.00618599,0.0862966,0.0109828,0.00150952,0.00177269,0.00985928,0.00990707,0.0640151,0.0193514,0.0189413,0.00476309,0.00476304,2.46637E-07,2.47236E-07,0.00384733,0.00383294,3.53827E-06,0,0.000274377,0,0.213848,0.213848,3.78321,3.22474
F2,10,20000,3.818,0.79,0,0.214137,0.213207,0.0146031,0.014509,-0.0145237,-0.0145928,0.0866597,-0.00618676,0.0862966,0.0109829,0.00150952,0.0017727,0.00985928,0.00990707,0.0640151,0.0193514,0.0189413,0.00476267,0.00476266,2.46441E-07,2.47037E-07,0.00384731,0.00383294,1.67353E-07,0,5.96717E-05,0,0.214138,0.214138,3.78322,3.22474
B,10,20000,3.818,0.79,0,0.204279,0.202628,0.0167499,0.0123192,-0.0124432,-0.0167148,0.0865756,-0.00579821,0.0860381,0.0109777,0.00151031,0.00175752,0.00984165,0.00990972,0.0640329,0.0192857,0.0189815,0.00480675,0.00482904,2.61443E-07,2.65686E-07,0.00386242,0.00383217,4.40019E-07,0,9.67581E-05,0,0.204274,0.204275,9.30537,3.22474
A,10,20000,3.818,0.79,1,0.21359,0.213174,0.0147554,0.0143552,-0.0143781,-0.0147367,0.0865475,-0.00618601,0.0864048,0.010983,0.00150952,0.00177272,0.0098594,0.00990707,0.0640884,0.0193149,0.0189053,0.0047626,0.0047636,2.46689E-07,2.47193E-07,0.00384747,0.003833,0,0,0,0,0.213588,0.213589,3.80097,5.43156
F1,10,20000,3.818,0.79,1,0.297953,0.296194,0.0801961,-2.62142E-05,3.04613E-05,-0.0802164,0.0843439,-0.00538933,0.0863052,0.0106855,0.00150958,0.00176843,0.00985469,0.00990768,0.0640169,0.0193379,0.0189515,0.0369707,0.0369634,2.00532E-06,2.01332E-06,0.00389261,0.00383283,0.154543,0,0.0573401,0,0.298029,0.297937,3.78163,5.43156
F2,10,20000,3.818,0.79,1,0.297953,0.296194,0.0801961,-2.62142E-05,3.04613E-05,-0.0802164,0.0843439,-0.00538933,0.0863052,0.0106855,0.00150958,0.00176843,0.00985469,0.00990768,0.0640169,0.0193379,0.0189515,0.0369707,0.0369634,2.00532E-06,2.01332E-06,0.00389261,0.00383283,0.154543,0,0.0573401,0,0.298029,0.297937,3.78163,5.43156
B,10,20000,3.818,0.79,1,0.282182,0.297598,0.192063,-0.000146263,0.000118998,-0.194078,0.069852,-0.00301205,0.0872783,0.00972872,0.00151205,0.0017429,0.00943845,0.0102649,0.0641667,0.0182829,0.0198276,0.214185,0.212095,1.49403E-05,1.47284E-05,0.00422355,0.00383215,0.871605,0,0.13618,0,0.282432,0.282067,9.01553,5.43156
A,10,20000,3.818,0.79,2,0.213591,0.213172,0.0147553,0.0143555,-0.0143785,-0.0147365,0.0865479,-0.00618608,0.0864042,0.010983,0.00150952,0.00177272,0.00985936,0.00990711,0.0640879,0.019315,0.0189056,0.0047626,0.00476361,2.46686E-07,2.47197E-07,0.00384745,0.003833,0,0,0,0,0.213591,0.213591,3.79933,3.6075
F1,10,20000,3.818,0.79,2,0.298042,0.296233,0.08014,-3.57459E-05,3.29183E-05,-0.0801669,0.0843441,-0.00539872,0.0863046,0.0106854,0.00150959,0.00176845,0.00985458,0.0099078,0.0640165,0.0193378,0.0189519,0.0369718,0.0369648,2.00521E-06,2.01349E-06,0.00389257,0.00383283,0.154549,0,0.0573435,0,0.298058,0.298055,3.78206,3.6075
F2,10,20000,3.818,0.79,2,0.214137,0.213207,0.0146031,0.014509,-0.0145237,-0.0145928,0.0866597,-0.00618678,0.0862966,0.0109829,0.00150951,0.0017727,0.00985929,0.00990706,0.0640152,0.0193514,0.0189412,0.00476267,0.00476266,2.46442E-07,2.47037E-07,0.00384732,0.00383294,1.6735E-07,0,5.96712E-05,0,0.214137,0.214138,3.78372,3.6075
B,10,20000,3.818,0.79,2,0.204279,0.202628,0.016749,0.0123196,-0.0124442,-0.0167156,0.0865755,-0.00579819,0.0860383,0.0109777,0.00151032,0.00175754,0.00984159,0.00990976,0.0640329,0.0192856,0.0189816,0.00480676,0.00482903,2.61448E-07,2.65691E-07,0.00386243,0.00383217,4.40011E-07,0,9.67572E-05,0,0.204273,0.204275,9.30941,3.6075
A,10,20000,3.818,0.79,4,0.213588,0.213175,0.0147553,0.0143552,-0.014378,-0.0147368,0.0865468,-0.00618602,0.0864054,0.010983,0.00150952,0.00177272,0.00985938,0.00990709,0.0640888,0.0193147,0.0189052,0.0047626,0.0047636,2.46688E-07,2.47194E-07,0.00384746,0.003833,0,0,0,0,0.213589,0.213588,3.80098,4.66622
F1,10,20000,3.818,0.79,4,0.213845,0.212924,0.0147542,0.0143579,-0.0143792,-0.0147339,0.0866527,-0.00618596,0.0862978,0.0109829,0.00150951,0.00177269,0.0098593,0.00990704,0.064016,0.019351,0.0189408,0.0047631,0.00476303,2.4664E-07,2.47233E-07,0.00384735,0.00383294,3.53852E-06,0,0.000274348,0,0.213845,0.213844,3.78396,4.66622
F2,10,20000,3.818,0.79,4,0.214135,0.213209,0.0146031,0.0145089,-0.0145236,-0.0145929,0.0866587,-0.00618674,0.0862978,0.0109829,0.00150951,0.0017727,0.0098593,0.00990704,0.064016,0.019351,0.0189408,0.00476267,0.00476265,2.46444E-07,2.47034E-07,0.00384733,0.00383294,1.67365E-07,0,5.96656E-05,0,0.214135,0.214134,3.78397,4.66622
B,10,20000,3.818,0.79,4,0.282141,0.297793,0.192054,-9.08522E-05,0.00010074,-0.194094,0.0697614,-0.00299862,0.0872773,0.0097299,0.00151197,0.00174279,0.00943919,0.0102643,0.0641667,0.0182842,0.0198264,0.214211,0.212111,1.49206E-05,1.47268E-05,0.00422373,0.00383213,0.871694,0,0.136174,0,0.282259,0.282125,9.01004,4.66622
A,10,20000,3.818,0.79,5,0.213591,0.213172,0.0147552,0.0143556,-0.0143785,-0.0147365,0.0865478,-0.00618609,0.0864042,0.010983,0.00150953,0.00177272,0.00985935,0.00990711,0.0640879,0.019315,0.0189056,0.0047626,0.00476361,2.46685E-07,2.47198E-07,0.00384744,0.003833,0,0,0,0,0.213591,0.213591,3.79853,3.48523
F1,10,20000,3.818,0.79,5,0.26129,0.259813,0.06612,-1.3408E-05,1.97646E-05,-0.066127,0.0848849,-0.00555866,0.0862996,0.0107813,0.00150954,0.0017695,0.00985683,0.00990664,0.0640158,0.0193431,0.0189478,0.0256013,0.0255892,1.37177E-06,1.37719E-06,0.00387835,0.00383286,0.105202,0,0.0473111,0,0.261298,0.261296,3.78181,3.48523
F2,10,20000,3.818,0.79,5,0.214137,0.213207,0.0146031,0.014509,-0.0145237,-0.0145928,0.0866597,-0.00618677,0.0862966,0.0109829,0.00150952,0.0017727,0.00985928,0.00990707,0.0640151,0.0193514,0.0189412,0.00476267,0.00476266,2.46441E-07,2.47037E-07,0.00384731,0.00383294,1.67353E-07,0,5.96716E-05,0,0.214138,0.214138,3.78336,3.48523
B,10,20000,3.818,0.79,5,0.204279,0.202628,0.0167497,0.0123193,-0.0124434,-0.016715,0.0865755,-0.00579835,0.0860383,0.0109777,0.00151032,0.00175753,0.00984159,0.00990976,0.0640329,0.0192856,0.0189816,0.00480676,0.00482903,2.61447E-07,2.65687E-07,0.00386242,0.00383217,4.40017E-07,0,9.67579E-05,0,0.204274,0.204274,9.30635,3.48523
A,10,20000,3.818,1,0,0.21359,0.213171,0.0147559,0.0143549,-0.0143779,-0.0147372,0.0865478,-0.00618608,0.0864042,0.010983,0.00150953,0.00177272,0.00985935,0.00990712,0.0640879,0.019315,0.0189057,0.0047626,0.00476361,2.46686E-07,2.47199E-07,0.00384744,0.003833,0,0,0,0,0.21359,0.21359,3.79825,3.22474
F1,10,20000,3.818,1,0,0.213848,0.212922,0.0147542,0.0143581,-0.0143793,-0.0147339,0.0866537,-0.00618599,0.0862966,0.0109828,0.00150952,0.00177269,0.00985928,0.00990707,0.0640151,0.0193514,0.0189413,0.00476309,0.00476304,2.46637E-07,2.47237E-07,0.00384733,0.00383294,3.53827E-06,0,0.000274377,0,0.213848,0.213848,3.78321,3.22474
F2,10,20000,3.818,1,0,0.214137,0.213207,0.0146031,0.014509,-0.0145237,-0.0145928,0.0866597,-0.00618676,0.0862966,0.0109829,0.00150952,0.0017727,0.00985928,0.00990707,0.0640151,0.0193514,0.0189413,0.00476267,0.00476266,2.46441E-07,2.47037E-07,0.00384731,0.00383294,1.67353E-07,0,5.96717E-05,0,0.214138,0.214138,3.78322,3.22474
B,10,20000,3.818,1,0,0.197846,0.196597,0.0173388,0.0117213,-0.011874,-0.0172927,0.0862311,-0.00562634,0.0861674,0.010975,0.00151164,0.0017468,0.00979509,0.00994407,0.0640387,0.0191745,0.019079,0.00484264,0.00486,2.72768E-07,2.78557E-07,0.00387429,0.00383176,7.06554E-07,0,0.00012261,0,0.197839,0.19784,11.8118,3.22474
A,10,20000,3.818,1,1,0.213589,0.213171,0.0147566,0.0143536,-0.0143769,-0.0147379,0.0865482,-0.00618567,0.0864042,0.010983,0.00150951,0.00177272,0.00985942,0.00990705,0.064088,0.0193151,0.0189055,0.0047626,0.00476361,2.46693E-07,2.47193E-07,0.00384748,0.003833,0,0,0,0,0.213588,0.213589,3.80096,5.66362
F1,10,20000,3.818,1,1,0.297943,0.296179,0.0802076,-2.10613E-05,2.75702E-05,-0.0802288,0.0843442,-0.00539304,0.0863045,0.0106853,0.00150958,0.00176843,0.00985473,0.00990764,0.0640165,0.0193382,0.0189516,0.0369723,0.036965,2.00553E-06,2.01362E-06,0.00389259,0.00383283,0.154549,0,0.0573302,0,0.297998,0.297943,3.78193,5.66362
F2,10,20000,3.818,1,1,0.297943,0.296179,0.0802076,-2.10613E-05,2.75702E-05,-0.0802288,0.0843442,-0.00539304,0.0863045,0.0106853,0.00150958,0.00176843,0.00985473,0.00990764,0.0640165,0.0193382,0.0189516,0.0369723,0.036965,2.00553E-06,2.01362E-06,0.00389259,0.00383283,0.154549,0,0.0573302,0,0.297998,0.297943,3.78193,5.66362
B,10,20000,3.818,1,1,0.25489,0.249783,0.193835,-0.000150386,0.000314848,-0.20122,0.0533361,3.51984E-06,0.0862004,0.00852592,0.00136467,0.00156575,0.00909261,0.0101428,0.0632554,0.0166564,0.0206276,0.264091,0.268814,1.89711E-05,1.99111E-05,0.00469225,0.00359877,1.09021,0,0.152222,0,0.25513,0.254777,9.07226,5.66362
A,10,20000,3.818,1,2,0.213589,0.213171,0.014756,0.0143548,-0.0143778,-0.0147372,0.0865478,-0.00618608,0.0864042,0.010983,0.00150952,0.00177272,0.00985936,0.00990711,0.0640879,0.019315,0.0189056,0.0047626,0.00476361,2.46687E-07,2.47199E-07,0.00384745,0.003833,0,0,0,0,0.21359,0.21359,3.79933,3.6075
F1,10,20000,3.818,1,2,0.298035,0.296234,0.0801406,-3.54922E-05,3.29376E-05,-0.0801667,0.0843441,-0.00539881,0.0863046,0.0106854,0.00150959,0.00176845,0.00985458,0.0099078,0.0640165,0.0193378,0.0189519,0.0369719,0.0369648,2.00529E-06,2.01349E-06,0.00389258,0.00383283,0.154549,0,0.0573435,0,0.298052,0.298048,3.78208,3.6075
F2,10,20000,3.818,1,2,0.214137,0.213207,0.0146031,0.014509,-0.0145237,-0.0145928,0.0866597,-0.00618678,0.0862966,0.0109829,0.00150951,0.0017727,0.00985929,0.00990706,0.0640152,0.0193514,0.0189412,0.00476267,0.00476266,2.46442E-07,2.47037E-07,0.00384732,0.00383294,1.6735E-07,0,5.96712E-05,0,0.214137,0.214138,3.78372,3.6075
B,10,20000,3.818,1,2,0.197845,0.196598,0.0173374,0.0117217,-0.0118751,-0.0172933,0.0862306,-0.00562628,0.086168,0.010975,0.00151167,0.00174687,0.0097949,0.0099442,0.0640388,0.0191741,0.0190793,0.00484265,0.00485998,2.72778E-07,2.78559E-07,0.0038743,0.00383176,7.06538E-07,0,0.000122608,0,0.197837,0.197839,11.8169,3.6075
A,10,20000,3.818,1,4,0.21359,0.213171,0.0147567,0.0143535,-0.0143766,-0.0147384,0.0865482,-0.00618569,0.0864041,0.010983,0.00150952,0.00177272,0.0098594,0.00990707,0.0640879,0.0193151,0.0189056,0.0047626,0.00476361,2.46691E-07,2.47195E-07,0.00384747,0.003833,0,0,0,0,0.213588,0.21359,3.80104,4.89825
F1,10,20000,3.818,1,4,0.213848,0.212921,0.0147543,0.0143578,-0.0143792,-0.0147339,0.0866542,-0.00618593,0.0862965,0.0109829,0.00150951,0.00177269,0.00985933,0.00990701,0.0640151,0.0193515,0.0189412,0.00476309,0.00476304,2.46642E-07,2.47233E-07,0.00384736,0.00383294,3.53848E-06,0,0.000274316,0,0.213846,0.213848,3.78395,4.89825
F2,10,20000,3.818,1,4,0.214138,0.213207,0.0146032,0.0145089,-0.0145236,-0.0145929,0.0866602,-0.00618669,0.0862965,0.0109829,0.00150951,0.0017727,0.00985933,0.00990702,0.0640151,0.0193515,0.0189412,0.00476267,0.00476266,2.46446E-07,2.47033E-07,0.00384734,0.00383294,1.67363E-07,0,5.96585E-05,0,0.214136,0.214137,3.78396,4.89825
B,10,20000,3.818,1,4,0.255295,0.250431,0.193765,-0.000160892,0.000382662,-0.20143,0.0533708,-3.2431E-05,0.0862259,0.00852971,0.00136461,0.00156575,0.00909313,0.0101429,0.0632548,0.0166568,0.0206278,0.264124,0.268813,1.89679E-05,2.00927E-05,0.0046924,0.0035988,1.09026,0,0.152225,0,0.255489,0.255225,9.07235,4.89825
A,10,20000,3.818,1,5,0.21359,0.213171,0.0147559,0.0143549,-0.0143779,-0.0147372,0.0865478,-0.00618608,0.0864042,0.010983,0.00150953,0.00177272,0.00985935,0.00990711,0.0640879,0.019315,0.0189056,0.0047626,0.00476361,2.46686E-07,2.47199E-07,0.00384744,0.003833,0,0,0,0,0.21359,0.21359,3.79853,3.48523
F1,10,20000,3.818,1,5,0.26129,0.259811,0.06612,-1.34905E-05,1.99891E-05,-0.0661265,0.0848847,-0.00555869,0.0862996,0.0107813,0.00150954,0.0017695,0.00985682,0.00990664,0.0640158,0.019343,0.0189478,0.0256013,0.0255892,1.37177E-06,1.37723E-06,0.00387835,0.00383286,0.105202,0,0.0473111,0,0.261298,0.261296,3.78182,3.48523
F2,10,20000,3.818,1,5,0.214137,0.213207,0.0146031,0.014509,-0.0145237,-0.0145928,0.0866597,-0.00618677,0.0862966,0.0109829,0.00150952,0.0017727,0.00985928,0.00990707,0.0640151,0.0193514,0.0189412,0.00476267,0.00476266,2.46441E-07,2.47037E-07,0.00384731,0.00383294,1.67352E-07,0,5.96716E-05,0,0.214138,0.214138,3.78336,3.48523
B,10,20000,3.818,1,5,0.197845,0.196598,0.0173385,0.0117214,-0.0118743,-0.0172929,0.0862306,-0.00562623,0.0861679,0.010975,0.00151167,0.00174685,0.00979493,0.00994419,0.0640387,0.0191742,0.0190793,0.00484265,0.00485999,2.72772E-07,2.78558E-07,0.00387429,0.00383176,7.0655E-07,0,0.000122609,0,0.197838,0.197839,11.8131,3.48523
