 2.00000000e-01  1.45465834e+00  2.00000000e-01  6.78861856e+01 
 2.02316202e-01  1.54035775e+00  2.02316202e-01  6.76551516e+01 
 2.04659228e-01  1.62577237e+00  2.04659228e-01  6.74222187e+01 
 2.07029388e-01  1.71089753e+00  2.07029388e-01  6.71873868e+01 
 2.09426997e-01  1.79572851e+00  2.09426997e-01  6.69506562e+01 
 2.11852373e-01  1.88026055e+00  2.11852373e-01  6.67120279e+01 
 2.14305837e-01  1.96448885e+00  2.14305837e-01  6.64715035e+01 
 2.16787715e-01  2.04840860e+00  2.16787715e-01  6.62290848e+01 
 2.19298335e-01  2.13201494e+00  2.19298335e-01  6.59847746e+01 
 2.21838031e-01  2.21530298e+00  2.21838031e-01  6.57385759e+01 
 2.24407140e-01  2.29826781e+00  2.24407140e-01  6.54904925e+01 
 2.27006001e-01  2.38090447e+00  2.27006001e-01  6.52405286e+01 
 2.29634959e-01  2.46320801e+00  2.29634959e-01  6.49886893e+01 
 2.32294364e-01  2.54517344e+00  2.32294364e-01  6.47349800e+01 
 2.34984567e-01  2.62679573e+00  2.34984567e-01  6.44794069e+01 
 2.37705925e-01  2.70806986e+00  2.37705925e-01  6.42219769e+01 
 2.40458800e-01  2.78899078e+00  2.40458800e-01  6.39626972e+01 
 2.43243555e-01  2.86955342e+00  2.43243555e-01  6.37015762e+01 
 2.46060561e-01  2.94975271e+00  2.46060561e-01  6.34386224e+01 
 2.48910190e-01  3.02958356e+00  2.48910190e-01  6.31738454e+01 
 2.51792821e-01  3.10904087e+00  2.51792821e-01  6.29072553e+01 
 2.54708836e-01  3.18811955e+00  2.54708836e-01  6.26388629e+01 
 2.57658622e-01  3.26681449e+00  2.57658622e-01  6.23686798e+01 
 2.60642568e-01  3.34512059e+00  2.60642568e-01  6.20967181e+01 
 2.63661072e-01  3.42303274e+00  2.63661072e-01  6.18229910e+01 
 2.66714534e-01  3.50054586e+00  2.66714534e-01  6.15475119e+01 
 2.69803357e-01  3.57765485e+00  2.69803357e-01  6.12702955e+01 
 2.72927952e-01  3.65435465e+00  2.72927952e-01  6.09913567e+01 
 2.76088733e-01  3.73064018e+00  2.76088733e-01  6.07107117e+01 
 2.79286119e-01  3.80650641e+00  2.79286119e-01  6.04283769e+01 
 2.82520534e-01  3.88194832e+00  2.82520534e-01  6.01443698e+01 
 2.85792407e-01  3.95696090e+00  2.85792407e-01  5.98587086e+01 
 2.89102171e-01  4.03153918e+00  2.89102171e-01  5.95714122e+01 
 2.92450266e-01  4.10567822e+00  2.92450266e-01  5.92825003e+01 
 2.95837135e-01  4.17937311e+00  2.95837135e-01  5.89919935e+01 
 2.99263228e-01  4.25261898e+00  2.99263228e-01  5.86999128e+01 
 3.02728998e-01  4.32541100e+00  3.02728998e-01  5.84062803e+01 
 3.06234905e-01  4.39774438e+00  3.06234905e-01  5.81111188e+01 
 3.09781414e-01  4.46961438e+00  3.09781414e-01  5.78144518e+01 
 3.13368996e-01  4.54101632e+00  3.13368996e-01  5.75163035e+01 
 3.16998125e-01  4.61194556e+00  3.16998125e-01  5.72166992e+01 
 3.20669283e-01  4.68239752e+00  3.20669283e-01  5.69156645e+01 
 3.24382957e-01  4.75236768e+00  3.24382957e-01  5.66132260e+01 
 3.28139639e-01  4.82185161e+00  3.28139639e-01  5.63094111e+01 
 3.31939827e-01  4.89084491e+00  3.31939827e-01  5.60042477e+01 
 3.35784025e-01  4.95934328e+00  3.35784025e-01  5.56977648e+01 
 3.39672743e-01  5.02734249e+00  3.39672743e-01  5.53899918e+01 
 3.43606496e-01  5.09483838e+00  3.43606496e-01  5.50809590e+01 
 3.47585805e-01  5.16182689e+00  3.47585805e-01  5.47706972e+01 
 3.51611200e-01  5.22830403e+00  3.51611200e-01  5.44592383e+01 
 3.55683212e-01  5.29426590e+00  3.55683212e-01  5.41466144e+01 
 3.59802383e-01  5.35970872e+00  3.59802383e-01  5.38328586e+01 
 3.63969257e-01  5.42462876e+00  3.63969257e-01  5.35180045e+01 
 3.68184388e-01  5.48902244e+00  3.68184388e-01  5.32020865e+01 
 3.72448335e-01  5.55288626e+00  3.72448335e-01  5.28851396e+01 
 3.76761663e-01  5.61621681e+00  3.76761663e-01  5.25671993e+01 
 3.81124943e-01  5.67901083e+00  3.81124943e-01  5.22483017e+01 
 3.85538754e-01  5.74126514e+00  3.85538754e-01  5.19284836e+01 
 3.90003682e-01  5.80297668e+00  3.90003682e-01  5.16077823e+01 
 3.94520318e-01  5.86414253e+00  3.94520318e-01  5.12862358e+01 
 3.99089261e-01  5.92475988e+00  3.99089261e-01  5.09638822e+01 
 4.03711118e-01  5.98482603e+00  4.03711118e-01  5.06407607e+01 
 4.08386500e-01  6.04433843e+00  4.08386500e-01  5.03169104e+01 
 4.13116027e-01  6.10329465e+00  4.13116027e-01  4.99923713e+01 
 4.17900328e-01  6.16169240e+00  4.17900328e-01  4.96671836e+01 
 4.22740035e-01  6.21952950e+00  4.22740035e-01  4.93413880e+01 
 4.27635791e-01  6.27680394e+00  4.27635791e-01  4.90150256e+01 
 4.32588245e-01  6.33351382e+00  4.32588245e-01  4.86881378e+01 
 4.37598053e-01  6.38965741e+00  4.37598053e-01  4.83607664e+01 
 4.42665880e-01  6.44523310e+00  4.42665880e-01  4.80329535e+01 
 4.47792398e-01  6.50023944e+00  4.47792398e-01  4.77047414e+01 
 4.52978286e-01  6.55467510e+00  4.52978286e-01  4.73761729e+01 
 4.58224231e-01  6.60853893e+00  4.58224231e-01  4.70472907e+01 
 4.63530930e-01  6.66182991e+00  4.63530930e-01  4.67181380e+01 
 4.68899086e-01  6.71454716e+00  4.68899086e-01  4.63887580e+01 
 4.74329410e-01  6.76668999e+00  4.74329410e-01  4.60591942e+01 
 4.79822623e-01  6.81825781e+00  4.79822623e-01  4.57294900e+01 
 4.85379453e-01  6.86925022e+00  4.85379453e-01  4.53996891e+01 
 4.91000637e-01  6.91966696e+00  4.91000637e-01  4.50698352e+01 
 4.96686920e-01  6.96950791e+00  4.96686920e-01  4.47399719e+01 
 5.02439056e-01  7.01877312e+00  5.02439056e-01  4.44101432e+01 
 5.08257807e-01  7.06746278e+00  5.08257807e-01  4.40803925e+01 
 5.14143945e-01  7.11557726e+00  5.14143945e-01  4.37507637e+01 
 5.20098251e-01  7.16311704e+00  5.20098251e-01  4.34213002e+01 
 5.26121513e-01  7.21008277e+00  5.26121513e-01  4.30920455e+01 
 5.32214531e-01  7.25647528e+00  5.32214531e-01  4.27630430e+01 
 5.38378112e-01  7.30229549e+00  5.38378112e-01  4.24343358e+01 
 5.44613074e-01  7.34754453e+00  5.44613074e-01  4.21059669e+01 
 5.50920243e-01  7.39222363e+00  5.50920243e-01  4.17779790e+01 
 5.57300455e-01  7.43633419e+00  5.57300455e-01  4.14504146e+01 
 5.63754556e-01  7.47987777e+00  5.63754556e-01  4.11233160e+01 
 5.70283403e-01  7.52285603e+00  5.70283403e-01  4.07967251e+01 
 5.76887860e-01  7.56527081e+00  5.76887860e-01  4.04706834e+01 
 5.83568804e-01  7.60712407e+00  5.83568804e-01  4.01452321e+01 
 5.90327119e-01  7.64841793e+00  5.90327119e-01  3.98204122e+01 
 5.97163703e-01  7.68915461e+00  5.97163703e-01  3.94962640e+01 
 6.04079461e-01  7.72933649e+00  6.04079461e-01  3.91728277e+01 
 6.11075310e-01  7.76896607e+00  6.11075310e-01  3.88501427e+01 
 6.18152179e-01  7.80804600e+00  6.18152179e-01  3.85282482e+01 
 6.25311005e-01  7.84657902e+00  6.25311005e-01  3.82071827e+01 
 6.32552737e-01  7.88456803e+00  6.32552737e-01  3.78869843e+01 
 6.39878336e-01  7.92201601e+00  6.39878336e-01  3.75676907e+01 
 6.47288773e-01  7.95892610e+00  6.47288773e-01  3.72493387e+01 
 6.54785030e-01  7.99530152e+00  6.54785030e-01  3.69319648e+01 
 6.62368101e-01  8.03114562e+00  6.62368101e-01  3.66156048e+01 
 6.70038992e-01  8.06646186e+00  6.70038992e-01  3.63002939e+01 
 6.77798719e-01  8.10125379e+00  6.77798719e-01  3.59860668e+01 
 6.85648312e-01  8.13552508e+00  6.85648312e-01  3.56729573e+01 
 6.93588812e-01  8.16927947e+00  6.93588812e-01  3.53609987e+01 
 7.01621270e-01  8.20252084e+00  7.01621270e-01  3.50502237e+01 
 7.09746752e-01  8.23525312e+00  7.09746752e-01  3.47406642e+01 
 7.17966335e-01  8.26748035e+00  7.17966335e-01  3.44323515e+01 
 7.26281110e-01  8.29920664e+00  7.26281110e-01  3.41253161e+01 
 7.34692178e-01  8.33043619e+00  7.34692178e-01  3.38195878e+01 
 7.43200655e-01  8.36117328e+00  7.43200655e-01  3.35151957e+01 
 7.51807668e-01  8.39142227e+00  7.51807668e-01  3.32121681e+01 
 7.60514359e-01  8.42118756e+00  7.60514359e-01  3.29105329e+01 
 7.69321883e-01  8.45047366e+00  7.69321883e-01  3.26103167e+01 
 7.78231406e-01  8.47928510e+00  7.78231406e-01  3.23115457e+01 
 7.87244111e-01  8.50762651e+00  7.87244111e-01  3.20142454e+01 
 7.96361192e-01  8.53550254e+00  7.96361192e-01  3.17184403e+01 
 8.05583858e-01  8.56291792e+00  8.05583858e-01  3.14241543e+01 
 8.14913332e-01  8.58987740e+00  8.14913332e-01  3.11314105e+01 
 8.24350851e-01  8.61638582e+00  8.24350851e-01  3.08402312e+01 
 8.33897665e-01  8.64244801e+00  8.33897665e-01  3.05506380e+01 
 8.43555041e-01  8.66806887e+00  8.43555041e-01  3.02626516e+01 
 8.53324260e-01  8.69325334e+00  8.53324260e-01  2.99762921e+01 
 8.63206616e-01  8.71800636e+00  8.63206616e-01  2.96915787e+01 
 8.73203419e-01  8.74233293e+00  8.73203419e-01  2.94085299e+01 
 8.83315996e-01  8.76623807e+00  8.83315996e-01  2.91271635e+01 
 8.93545686e-01  8.78972680e+00  8.93545686e-01  2.88474964e+01 
 9.03893847e-01  8.81280419e+00  9.03893847e-01  2.85695449e+01 
 9.14361849e-01  8.83547529e+00  9.14361849e-01  2.82933244e+01 
 9.24951082e-01  8.85774520e+00  9.24951082e-01  2.80188497e+01 
 9.35662949e-01  8.87961900e+00  9.35662949e-01  2.77461348e+01 
 9.46498870e-01  8.90110180e+00  9.46498870e-01  2.74751929e+01 
 9.57460281e-01  8.92219869e+00  9.57460281e-01  2.72060366e+01 
 9.68548637e-01  8.94291478e+00  9.68548637e-01  2.69386777e+01 
 9.79765408e-01  8.96325517e+00  9.79765408e-01  2.66731274e+01 
 9.91112080e-01  8.98322496e+00  9.91112080e-01  2.64093960e+01 
 1.00259016e+00  9.00282924e+00  1.00259016e+00  2.61474933e+01 
 1.01420116e+00  9.02207309e+00  1.01420116e+00  2.58874284e+01 
 1.02594664e+00  9.04096158e+00  1.02594664e+00  2.56292097e+01 
 1.03782813e+00  9.05949977e+00  1.03782813e+00  2.53728448e+01 
 1.04984723e+00  9.07769269e+00  1.04984723e+00  2.51183408e+01 
 1.06200552e+00  9.09554538e+00  1.06200552e+00  2.48657042e+01 
 1.07430462e+00  9.11306282e+00  1.07430462e+00  2.46149408e+01 
 1.08674615e+00  9.13024999e+00  1.08674615e+00  2.43660557e+01 
 1.09933176e+00  9.14711186e+00  1.09933176e+00  2.41190535e+01 
 1.11206313e+00  9.16365335e+00  1.11206313e+00  2.38739382e+01 
 1.12494195e+00  9.17987935e+00  1.12494195e+00  2.36307132e+01 
 1.13796991e+00  9.19579474e+00  1.13796991e+00  2.33893813e+01 
 1.15114875e+00  9.21140436e+00  1.15114875e+00  2.31499448e+01 
 1.16448021e+00  9.22671301e+00  1.16448021e+00  2.29124053e+01 
 1.17796607e+00  9.24172546e+00  1.17796607e+00  2.26767640e+01 
 1.19160810e+00  9.25644644e+00  1.19160810e+00  2.24430216e+01 
 1.20540813e+00  9.27088066e+00  1.20540813e+00  2.22111782e+01 
 1.21936797e+00  9.28503278e+00  1.21936797e+00  2.19812335e+01 
 1.23348948e+00  9.29890741e+00  1.23348948e+00  2.17531865e+01 
 1.24777453e+00  9.31250913e+00  1.24777453e+00  2.15270359e+01 
 1.26222502e+00  9.32584248e+00  1.26222502e+00  2.13027800e+01 
 1.27684286e+00  9.33891195e+00  1.27684286e+00  2.10804165e+01 
 1.29162999e+00  9.35172199e+00  1.29162999e+00  2.08599427e+01 
 1.30658837e+00  9.36427702e+00  1.30658837e+00  2.06413555e+01 
 1.32171998e+00  9.37658139e+00  1.32171998e+00  2.04246514e+01 
 1.33702683e+00  9.38863941e+00  1.33702683e+00  2.02098264e+01 
 1.35251095e+00  9.40045536e+00  1.35251095e+00  1.99968762e+01 
 1.36817439e+00  9.41203344e+00  1.36817439e+00  1.97857961e+01 
 1.38401923e+00  9.42337785e+00  1.38401923e+00  1.95765810e+01 
 1.40004757e+00  9.43449269e+00  1.40004757e+00  1.93692256e+01 
 1.41626153e+00  9.44538204e+00  1.41626153e+00  1.91637240e+01 
 1.43266327e+00  9.45604993e+00  1.43266327e+00  1.89600702e+01 
 1.44925496e+00  9.46650034e+00  1.44925496e+00  1.87582577e+01 
 1.46603879e+00  9.47673719e+00  1.46603879e+00  1.85582798e+01 
 1.48301700e+00  9.48676436e+00  1.48301700e+00  1.83601295e+01 
 1.50019183e+00  9.49658566e+00  1.50019183e+00  1.81637995e+01 
 1.51756557e+00  9.50620488e+00  1.51756557e+00  1.79692822e+01 
 1.53514051e+00  9.51562574e+00  1.53514051e+00  1.77765697e+01 
 1.55291899e+00  9.52485192e+00  1.55291899e+00  1.75856539e+01 
 1.57090335e+00  9.53388703e+00  1.57090335e+00  1.73965265e+01 
 1.58909600e+00  9.54273464e+00  1.58909600e+00  1.72091789e+01 
 1.60749933e+00  9.55139828e+00  1.60749933e+00  1.70236022e+01 
 1.62611580e+00  9.55988142e+00  1.62611580e+00  1.68397875e+01 
 1.64494786e+00  9.56818747e+00  1.64494786e+00  1.66577254e+01 
 1.66399802e+00  9.57631980e+00  1.66399802e+00  1.64774067e+01 
 1.68326879e+00  9.58428173e+00  1.68326879e+00  1.62988216e+01 
 1.70276274e+00  9.59207654e+00  1.70276274e+00  1.61219603e+01 
 1.72248245e+00  9.59970742e+00  1.72248245e+00  1.59468129e+01 
 1.74243054e+00  9.60717756e+00  1.74243054e+00  1.57733693e+01 
 1.76260964e+00  9.61449007e+00  1.76260964e+00  1.56016191e+01 
 1.78302244e+00  9.62164802e+00  1.78302244e+00  1.54315520e+01 
 1.80367164e+00  9.62865443e+00  1.80367164e+00  1.52631573e+01 
 1.82455997e+00  9.63551228e+00  1.82455997e+00  1.50964245e+01 
 1.84569022e+00  9.64222447e+00  1.84569022e+00  1.49313426e+01 
 1.86706517e+00  9.64879390e+00  1.86706517e+00  1.47679008e+01 
 1.88868767e+00  9.65522338e+00  1.88868767e+00  1.46060881e+01 
 1.91056058e+00  9.66151570e+00  1.91056058e+00  1.44458932e+01 
 1.93268680e+00  9.66767359e+00  1.93268680e+00  1.42873050e+01 
 1.95506926e+00  9.67369974e+00  1.95506926e+00  1.41303122e+01 
 1.97771094e+00  9.67959679e+00  1.97771094e+00  1.39749033e+01 
 2.00061483e+00  9.68536733e+00  2.00061483e+00  1.38210670e+01 
 2.02378396e+00  9.69101392e+00  2.02378396e+00  1.36687917e+01 
 2.04722142e+00  9.69653906e+00  2.04722142e+00  1.35180658e+01 
 2.07093031e+00  9.70194522e+00  2.07093031e+00  1.33688777e+01 
 2.09491378e+00  9.70723481e+00  2.09491378e+00  1.32212157e+01 
 2.11917499e+00  9.71241021e+00  2.11917499e+00  1.30750680e+01 
 2.14371718e+00  9.71747376e+00  2.14371718e+00  1.29304230e+01 
 2.16854358e+00  9.72242774e+00  2.16854358e+00  1.27872687e+01 
 2.19365751e+00  9.72727440e+00  2.19365751e+00  1.26455933e+01 
 2.21906227e+00  9.73201596e+00  2.21906227e+00  1.25053851e+01 
 2.24476125e+00  9.73665458e+00  2.24476125e+00  1.23666321e+01 
 2.27075785e+00  9.74119239e+00  2.27075785e+00  1.22293224e+01 
 2.29705552e+00  9.74563148e+00  2.29705552e+00  1.20934442e+01 
 2.32365774e+00  9.74997390e+00  2.32365774e+00  1.19589855e+01 
 2.35056804e+00  9.75422165e+00  2.35056804e+00  1.18259345e+01 
 2.37778999e+00  9.75837673e+00  2.37778999e+00  1.16942792e+01 
 2.40532720e+00  9.76244105e+00  2.40532720e+00  1.15640077e+01 
 2.43318331e+00  9.76641652e+00  2.43318331e+00  1.14351082e+01 
 2.46136203e+00  9.77030501e+00  2.46136203e+00  1.13075687e+01 
 2.48986709e+00  9.77410834e+00  2.48986709e+00  1.11813775e+01 
 2.51870226e+00  9.77782830e+00  2.51870226e+00  1.10565227e+01 
 2.54787137e+00  9.78146666e+00  2.54787137e+00  1.09329925e+01 
 2.57737829e+00  9.78502514e+00  2.57737829e+00  1.08107751e+01 
 2.60722693e+00  9.78850542e+00  2.60722693e+00  1.06898587e+01 
 2.63742125e+00  9.79190917e+00  2.63742125e+00  1.05702317e+01 
 2.66796525e+00  9.79523800e+00  2.66796525e+00  1.04518822e+01 
 2.69886298e+00  9.79849353e+00  2.69886298e+00  1.03347988e+01 
 2.73011854e+00  9.80167729e+00  2.73011854e+00  1.02189697e+01 
 2.76173606e+00  9.80479084e+00  2.76173606e+00  1.01043834e+01 
 2.79371975e+00  9.80783565e+00  2.79371975e+00  9.99102841e+00 
 2.82607385e+00  9.81081322e+00  2.82607385e+00  9.87889319e+00 
 2.85880263e+00  9.81372497e+00  2.85880263e+00  9.76796632e+00 
 2.89191045e+00  9.81657232e+00  2.89191045e+00  9.65823642e+00 
 2.92540169e+00  9.81935666e+00  2.92540169e+00  9.54969218e+00 
 2.95928080e+00  9.82207933e+00  2.95928080e+00  9.44232230e+00 
 2.99355225e+00  9.82474167e+00  2.99355225e+00  9.33611558e+00 
 3.02822061e+00  9.82734497e+00  3.02822061e+00  9.23106084e+00 
 3.06329046e+00  9.82989052e+00  3.06329046e+00  9.12714699e+00 
 3.09876645e+00  9.83237956e+00  3.09876645e+00  9.02436298e+00 
 3.13465329e+00  9.83481331e+00  3.13465329e+00  8.92269784e+00 
 3.17095574e+00  9.83719298e+00  3.17095574e+00  8.82214063e+00 
 3.20767861e+00  9.83951973e+00  3.20767861e+00  8.72268051e+00 
 3.24482676e+00  9.84179472e+00  3.24482676e+00  8.62430669e+00 
 3.28240513e+00  9.84401906e+00  3.28240513e+00  8.52700844e+00 
 3.32041869e+00  9.84619387e+00  3.32041869e+00  8.43077510e+00 
 3.35887249e+00  9.84832022e+00  3.35887249e+00  8.33559610e+00 
 3.39777162e+00  9.85039917e+00  3.39777162e+00  8.24146091e+00 
 3.43712125e+00  9.85243175e+00  3.43712125e+00  8.14835907e+00 
 3.47692658e+00  9.85441898e+00  3.47692658e+00  8.05628023e+00 
 3.51719290e+00  9.85636185e+00  3.51719290e+00  7.96521406e+00 
 3.55792554e+00  9.85826132e+00  3.55792554e+00  7.87515033e+00 
 3.59912991e+00  9.86011836e+00  3.59912991e+00  7.78607889e+00 
 3.64081146e+00  9.86193389e+00  3.64081146e+00  7.69798964e+00 
 3.68297573e+00  9.86370882e+00  3.68297573e+00  7.61087258e+00 
 3.72562831e+00  9.86544404e+00  3.72562831e+00  7.52471775e+00 
 3.76877484e+00  9.86714043e+00  3.76877484e+00  7.43951530e+00 
 3.81242106e+00  9.86879884e+00  3.81242106e+00  7.35525544e+00 
 3.85657274e+00  9.87042010e+00  3.85657274e+00  7.27192845e+00 
 3.90123574e+00  9.87200505e+00  3.90123574e+00  7.18952469e+00 
 3.94641599e+00  9.87355447e+00  3.94641599e+00  7.10803461e+00 
 3.99211947e+00  9.87506915e+00  3.99211947e+00  7.02744871e+00 
 4.03835224e+00  9.87654986e+00  4.03835224e+00  6.94775759e+00 
 4.08512043e+00  9.87799734e+00  4.08512043e+00  6.86895191e+00 
 4.13243025e+00  9.87941234e+00  4.13243025e+00  6.79102241e+00 
 4.18028796e+00  9.88079558e+00  4.18028796e+00  6.71395992e+00 
 4.22869991e+00  9.88214774e+00  4.22869991e+00  6.63775534e+00 
 4.27767252e+00  9.88346954e+00  4.27767252e+00  6.56239964e+00 
 4.32721228e+00  9.88476163e+00  4.32721228e+00  6.48788386e+00 
 4.37732577e+00  9.88602467e+00  4.37732577e+00  6.41419915e+00 
 4.42801962e+00  9.88725932e+00  4.42801962e+00  6.34133670e+00 
 4.47930055e+00  9.88846620e+00  4.47930055e+00  6.26928779e+00 
 4.53117537e+00  9.88964592e+00  4.53117537e+00  6.19804378e+00 
 4.58365095e+00  9.89079910e+00  4.58365095e+00  6.12759612e+00 
 4.63673425e+00  9.89192633e+00  4.63673425e+00  6.05793630e+00 
 4.69043232e+00  9.89302817e+00  4.69043232e+00  5.98905592e+00 
 4.74475225e+00  9.89410520e+00  4.74475225e+00  5.92094665e+00 
 4.79970127e+00  9.89515797e+00  4.79970127e+00  5.85360021e+00 
 4.85528665e+00  9.89618702e+00  4.85528665e+00  5.78700842e+00 
 4.91151577e+00  9.89719288e+00  4.91151577e+00  5.72116319e+00 
 4.96839608e+00  9.89817606e+00  4.96839608e+00  5.65605646e+00 
 5.02593512e+00  9.89913708e+00  5.02593512e+00  5.59168028e+00 
 5.08414052e+00  9.90007642e+00  5.08414052e+00  5.52802676e+00 
 5.14302000e+00  9.90099458e+00  5.14302000e+00  5.46508810e+00 
 5.20258136e+00  9.90189202e+00  5.20258136e+00  5.40285655e+00 
 5.26283250e+00  9.90276921e+00  5.26283250e+00  5.34132445e+00 
 5.32378141e+00  9.90362660e+00  5.32378141e+00  5.28048422e+00 
 5.38543617e+00  9.90446464e+00  5.38543617e+00  5.22032832e+00 
 5.44780495e+00  9.90528376e+00  5.44780495e+00  5.16084933e+00 
 5.51089603e+00  9.90608437e+00  5.51089603e+00  5.10203985e+00 
 5.57471776e+00  9.90686690e+00  5.57471776e+00  5.04389260e+00 
 5.63927862e+00  9.90763176e+00  5.63927862e+00  4.98640033e+00 
 5.70458716e+00  9.90837933e+00  5.70458716e+00  4.92955590e+00 
 5.77065203e+00  9.90911001e+00  5.77065203e+00  4.87335220e+00 
 5.83748200e+00  9.90982417e+00  5.83748200e+00  4.81778223e+00 
 5.90508593e+00  9.91052219e+00  5.90508593e+00  4.76283903e+00 
 5.97347279e+00  9.91120443e+00  5.97347279e+00  4.70851571e+00 
 6.04265163e+00  9.91187124e+00  6.04265163e+00  4.65480548e+00 
 6.11263163e+00  9.91252297e+00  6.11263163e+00  4.60170158e+00 
 6.18342207e+00  9.91315995e+00  6.18342207e+00  4.54919734e+00 
 6.25503234e+00  9.91378253e+00  6.25503234e+00  4.49728614e+00 
 6.32747192e+00  9.91439102e+00  6.32747192e+00  4.44596146e+00 
 6.40075043e+00  9.91498574e+00  6.40075043e+00  4.39521680e+00 
 6.47487758e+00  9.91556699e+00  6.47487758e+00  4.34504576e+00 
 6.54986319e+00  9.91613510e+00  6.54986319e+00  4.29544200e+00 
 6.62571722e+00  9.91669034e+00  6.62571722e+00  4.24639924e+00 
 6.70244971e+00  9.91723301e+00  6.70244971e+00  4.19791126e+00 
 6.78007084e+00  9.91776339e+00  6.78007084e+00  4.14997191e+00 
 6.85859090e+00  9.91828176e+00  6.85859090e+00  4.10257510e+00 
 6.93802030e+00  9.91878839e+00  6.93802030e+00  4.05571481e+00 
 7.01836957e+00  9.91928354e+00  7.01836957e+00  4.00938507e+00 
 7.09964937e+00  9.91976748e+00  7.09964937e+00  3.96357999e+00 
 7.18187048e+00  9.92024045e+00  7.18187048e+00  3.91829372e+00 
 7.26504378e+00  9.92070270e+00  7.26504378e+00  3.87352049e+00 
 7.34918032e+00  9.92115448e+00  7.34918032e+00  3.82925458e+00 
 7.43429124e+00  9.92159602e+00  7.43429124e+00  3.78549032e+00 
 7.52038784e+00  9.92202755e+00  7.52038784e+00  3.74222213e+00 
 7.60748151e+00  9.92244930e+00  7.60748151e+00  3.69944446e+00 
 7.69558382e+00  9.92286149e+00  7.69558382e+00  3.65715184e+00 
 7.78470645e+00  9.92326433e+00  7.78470645e+00  3.61533883e+00 
 7.87486120e+00  9.92365804e+00  7.87486120e+00  3.57400007e+00 
 7.96606004e+00  9.92404282e+00  7.96606004e+00  3.53313025e+00 
 8.05831505e+00  9.92441888e+00  8.05831505e+00  3.49272412e+00 
 8.15163847e+00  9.92478641e+00  8.15163847e+00  3.45277649e+00 
 8.24604267e+00  9.92514560e+00  8.24604267e+00  3.41328221e+00 
 8.34154016e+00  9.92549664e+00  8.34154016e+00  3.37423619e+00 
 8.43814361e+00  9.92583972e+00  8.43814361e+00  3.33563341e+00 
 8.53586583e+00  9.92617501e+00  8.53586583e+00  3.29746888e+00 
 8.63471977e+00  9.92650270e+00  8.63471977e+00  3.25973768e+00 
 8.73471853e+00  9.92682295e+00  8.73471853e+00  3.22243494e+00 
 8.83587539e+00  9.92713594e+00  8.83587539e+00  3.18555583e+00 
 8.93820374e+00  9.92744182e+00  8.93820374e+00  3.14909560e+00 
 9.04171716e+00  9.92774076e+00  9.04171716e+00  3.11304952e+00 
 9.14642936e+00  9.92803292e+00  9.14642936e+00  3.07741293e+00 
 9.25235424e+00  9.92831845e+00  9.25235424e+00  3.04218121e+00 
 9.35950584e+00  9.92859749e+00  9.35950584e+00  3.00734980e+00 
 9.46789836e+00  9.92887020e+00  9.46789836e+00  2.97291418e+00 
 9.57754617e+00  9.92913672e+00  9.57754617e+00  2.93886989e+00 
 9.68846382e+00  9.92939719e+00  9.68846382e+00  2.90521251e+00 
 9.80066601e+00  9.92965174e+00  9.80066601e+00  2.87193767e+00 
 9.91416761e+00  9.92990051e+00  9.91416761e+00  2.83904105e+00 
 1.00289837e+01  9.93014364e+00  1.00289837e+01  2.80651836e+00 
 1.01451294e+01  9.93038125e+00  1.01451294e+01  2.77436539e+00 
 1.02626203e+01  9.93061346e+00  1.02626203e+01  2.74257795e+00 
 1.03814717e+01  9.93084039e+00  1.03814717e+01  2.71115191e+00 
 1.05016997e+01  9.93106217e+00  1.05016997e+01  2.68008317e+00 
 1.06233199e+01  9.93127892e+00  1.06233199e+01  2.64936768e+00 
 1.07463487e+01  9.93149074e+00  1.07463487e+01  2.61900145e+00 
 1.08708023e+01  9.93169775e+00  1.08708023e+01  2.58898051e+00 
 1.09966971e+01  9.93190006e+00  1.09966971e+01  2.55930096e+00 
 1.11240500e+01  9.93209778e+00  1.11240500e+01  2.52995891e+00 
 1.12528777e+01  9.93229100e+00  1.12528777e+01  2.50095055e+00 
 1.13831974e+01  9.93247983e+00  1.13831974e+01  2.47227208e+00 
 1.15150263e+01  9.93266438e+00  1.15150263e+01  2.44391975e+00 
 1.16483819e+01  9.93284473e+00  1.16483819e+01  2.41588988e+00 
 1.17832819e+01  9.93302098e+00  1.17832819e+01  2.38817878e+00 
 1.19197442e+01  9.93319323e+00  1.19197442e+01  2.36078285e+00 
 1.20577869e+01  9.93336157e+00  1.20577869e+01  2.33369849e+00 
 1.21974282e+01  9.93352608e+00  1.21974282e+01  2.30692216e+00 
 1.23386867e+01  9.93368685e+00  1.23386867e+01  2.28045036e+00 
 1.24815812e+01  9.93384397e+00  1.24815812e+01  2.25427963e+00 
 1.26261305e+01  9.93399752e+00  1.26261305e+01  2.22840654e+00 
 1.27723538e+01  9.93414758e+00  1.27723538e+01  2.20282770e+00 
 1.29202705e+01  9.93429423e+00  1.29202705e+01  2.17753976e+00 
 1.30699003e+01  9.93443755e+00  1.30699003e+01  2.15253941e+00 
 1.32212629e+01  9.93457761e+00  1.32212629e+01  2.12782336e+00 
 1.33743785e+01  9.93471449e+00  1.33743785e+01  2.10338838e+00 
 1.35292673e+01  9.93484826e+00  1.35292673e+01  2.07923127e+00 
 1.36859499e+01  9.93497899e+00  1.36859499e+01  2.05534885e+00 
 1.38444470e+01  9.93510675e+00  1.38444470e+01  2.03173799e+00 
 1.40047796e+01  9.93523160e+00  1.40047796e+01  2.00839560e+00 
 1.41669691e+01  9.93535362e+00  1.41669691e+01  1.98531861e+00 
 1.43310369e+01  9.93547286e+00  1.43310369e+01  1.96250398e+00 
 1.44970048e+01  9.93558939e+00  1.44970048e+01  1.93994873e+00 
 1.46648947e+01  9.93570328e+00  1.46648947e+01  1.91764988e+00 
 1.48347290e+01  9.93581458e+00  1.48347290e+01  1.89560452e+00 
 1.50065301e+01  9.93592334e+00  1.50065301e+01  1.87380974e+00 
 1.51803209e+01  9.93602964e+00  1.51803209e+01  1.85226268e+00 
 1.53561243e+01  9.93613352e+00  1.53561243e+01  1.83096051e+00 
 1.55339637e+01  9.93623504e+00  1.55339637e+01  1.80990041e+00 
 1.57138627e+01  9.93633425e+00  1.57138627e+01  1.78907964e+00 
 1.58958451e+01  9.93643121e+00  1.58958451e+01  1.76849544e+00 
 1.60799350e+01  9.93652596e+00  1.60799350e+01  1.74814511e+00 
 1.62661569e+01  9.93661856e+00  1.62661569e+01  1.72802596e+00 
 1.64545354e+01  9.93670905e+00  1.64545354e+01  1.70813536e+00 
 1.66450955e+01  9.93679749e+00  1.66450955e+01  1.68847069e+00 
 1.68378625e+01  9.93688392e+00  1.68378625e+01  1.66902935e+00 
 1.70328619e+01  9.93696838e+00  1.70328619e+01  1.64980878e+00 
 1.72301197e+01  9.93705093e+00  1.72301197e+01  1.63080646e+00 
 1.74296618e+01  9.93713159e+00  1.74296618e+01  1.61201988e+00 
 1.76315149e+01  9.93721043e+00  1.76315149e+01  1.59344656e+00 
 1.78357056e+01  9.93728747e+00  1.78357056e+01  1.57508406e+00 
 1.80422611e+01  9.93736276e+00  1.80422611e+01  1.55692996e+00 
 1.82512087e+01  9.93743634e+00  1.82512087e+01  1.53898187e+00 
 1.84625761e+01  9.93750825e+00  1.84625761e+01  1.52123742e+00 
 1.86763914e+01  9.93757853e+00  1.86763914e+01  1.50369427e+00 
 1.88926828e+01  9.93764720e+00  1.88926828e+01  1.48635010e+00 
 1.91114791e+01  9.93771432e+00  1.91114791e+01  1.46920264e+00 
 1.93328093e+01  9.93777991e+00  1.93328093e+01  1.45224962e+00 
 1.95567028e+01  9.93784401e+00  1.95567028e+01  1.43548880e+00 
 1.97831891e+01  9.93790665e+00  1.97831891e+01  1.41891797e+00 
 2.00122984e+01  9.93796787e+00  2.00122984e+01  1.40253495e+00 
 2.02440610e+01  9.93802770e+00  2.02440610e+01  1.38633758e+00 
 2.04785077e+01  9.93808617e+00  2.04785077e+01  1.37032371e+00 
 2.07156695e+01  9.93814331e+00  2.07156695e+01  1.35449124e+00 
 2.09555778e+01  9.93819915e+00  2.09555778e+01  1.33883807e+00 
 2.11982645e+01  9.93825372e+00  2.11982645e+01  1.32336213e+00 
 2.14437618e+01  9.93830706e+00  2.14437618e+01  1.30806140e+00 
 2.16921022e+01  9.93835918e+00  2.16921022e+01  1.29293384e+00 
 2.19433187e+01  9.93841011e+00  2.19433187e+01  1.27797745e+00 
 2.21974444e+01  9.93845989e+00  2.21974444e+01  1.26319027e+00 
 2.24545132e+01  9.93850854e+00  2.24545132e+01  1.24857034e+00 
 2.27145591e+01  9.93855608e+00  2.27145591e+01  1.23411572e+00 
 2.29776167e+01  9.93860254e+00  2.29776167e+01  1.21982452e+00 
 2.32437206e+01  9.93864795e+00  2.32437206e+01  1.20569484e+00 
 2.35129064e+01  9.93869232e+00  2.35129064e+01  1.19172481e+00 
 2.37852095e+01  9.93873569e+00  2.37852095e+01  1.17791259e+00 
 2.40606663e+01  9.93877807e+00  2.40606663e+01  1.16425635e+00 
 2.43393131e+01  9.93881949e+00  2.43393131e+01  1.15075430e+00 
 2.46211869e+01  9.93885996e+00  2.46211869e+01  1.13740464e+00 
 2.49063250e+01  9.93889952e+00  2.49063250e+01  1.12420561e+00 
 2.51947654e+01  9.93893818e+00  2.51947654e+01  1.11115547e+00 
 2.54865462e+01  9.93897596e+00  2.54865462e+01  1.09825248e+00 
 2.57817061e+01  9.93901288e+00  2.57817061e+01  1.08549496e+00 
 2.60802843e+01  9.93904896e+00  2.60802843e+01  1.07288120e+00 
 2.63823203e+01  9.93908422e+00  2.63823203e+01  1.06040955e+00 
 2.66878542e+01  9.93911869e+00  2.66878542e+01  1.04807835e+00 
 2.69969265e+01  9.93915237e+00  2.69969265e+01  1.03588597e+00 
 2.73095781e+01  9.93918528e+00  2.73095781e+01  1.02383080e+00 
 2.76258506e+01  9.93921744e+00  2.76258506e+01  1.01191124e+00 
 2.79457858e+01  9.93924888e+00  2.79457858e+01  1.00012573e+00 
 2.82694262e+01  9.93927960e+00  2.82694262e+01  9.88472696e-01 
 2.85968147e+01  9.93930962e+00  2.85968147e+01  9.76950603e-01 
 2.89279946e+01  9.93933896e+00  2.89279946e+01  9.65557925e-01 
 2.92630100e+01  9.93936764e+00  2.92630100e+01  9.54293156e-01 
 2.96019052e+01  9.93939566e+00  2.96019052e+01  9.43154806e-01 
 2.99447251e+01  9.93942305e+00  2.99447251e+01  9.32141400e-01 
 3.02915152e+01  9.93944981e+00  3.02915152e+01  9.21251483e-01 
 3.06423215e+01  9.93947597e+00  3.06423215e+01  9.10483613e-01 
 3.09971905e+01  9.93950153e+00  3.09971905e+01  8.99836366e-01 
 3.13561693e+01  9.93952651e+00  3.13561693e+01  8.89308333e-01 
 3.17193054e+01  9.93955092e+00  3.17193054e+01  8.78898121e-01 
 3.20866469e+01  9.93957478e+00  3.20866469e+01  8.68604352e-01 
 3.24582427e+01  9.93959810e+00  3.24582427e+01  8.58425664e-01 
 3.28341419e+01  9.93962088e+00  3.28341419e+01  8.48360711e-01 
 3.32143943e+01  9.93964315e+00  3.32143943e+01  8.38408160e-01 
 3.35990505e+01  9.93966492e+00  3.35990505e+01  8.28566693e-01 
 3.39881614e+01  9.93968618e+00  3.39881614e+01  8.18835009e-01 
 3.43817786e+01  9.93970697e+00  3.43817786e+01  8.09211820e-01 
 3.47799543e+01  9.93972728e+00  3.47799543e+01  7.99695851e-01 
 3.51827413e+01  9.93974713e+00  3.51827413e+01  7.90285844e-01 
 3.55901929e+01  9.93976654e+00  3.55901929e+01  7.80980552e-01 
 3.60023633e+01  9.93978550e+00  3.60023633e+01  7.71778744e-01 
 3.64193070e+01  9.93980402e+00  3.64193070e+01  7.62679201e-01 
 3.68410793e+01  9.93982213e+00  3.68410793e+01  7.53680720e-01 
 3.72677361e+01  9.93983983e+00  3.72677361e+01  7.44782108e-01 
 3.76993341e+01  9.93985712e+00  3.76993341e+01  7.35982188e-01 
 3.81359304e+01  9.93987402e+00  3.81359304e+01  7.27279795e-01 
 3.85775830e+01  9.93989054e+00  3.85775830e+01  7.18673776e-01 
 3.90243503e+01  9.93990668e+00  3.90243503e+01  7.10162991e-01 
 3.94762917e+01  9.93992246e+00  3.94762917e+01  7.01746316e-01 
 3.99334670e+01  9.93993788e+00  3.99334670e+01  6.93422633e-01 
 4.03959368e+01  9.93995294e+00  4.03959368e+01  6.85190842e-01 
 4.08637625e+01  9.93996767e+00  4.08637625e+01  6.77049853e-01 
 4.13370061e+01  9.93998205e+00  4.13370061e+01  6.68998587e-01 
 4.18157303e+01  9.93999612e+00  4.18157303e+01  6.61035979e-01 
 4.22999987e+01  9.94000986e+00  4.22999987e+01  6.53160973e-01 
 4.27898753e+01  9.94002329e+00  4.27898753e+01  6.45372527e-01 
 4.32854253e+01  9.94003641e+00  4.32854253e+01  6.37669610e-01 
 4.37867142e+01  9.94004924e+00  4.37867142e+01  6.30051201e-01 
 4.42938085e+01  9.94006177e+00  4.42938085e+01  6.22516291e-01 
 4.48067755e+01  9.94007402e+00  4.48067755e+01  6.15063883e-01 
 4.53256831e+01  9.94008599e+00  4.53256831e+01  6.07692990e-01 
 4.58506003e+01  9.94009769e+00  4.58506003e+01  6.00402634e-01 
 4.63815965e+01  9.94010913e+00  4.63815965e+01  5.93191852e-01 
 4.69187422e+01  9.94012030e+00  4.69187422e+01  5.86059686e-01 
 4.74621085e+01  9.94013122e+00  4.74621085e+01  5.79005194e-01 
 4.80117676e+01  9.94014189e+00  4.80117676e+01  5.72027440e-01 
 4.85677923e+01  9.94015231e+00  4.85677923e+01  5.65125500e-01 
 4.91302564e+01  9.94016251e+00  4.91302564e+01  5.58298460e-01 
 4.96992343e+01  9.94017246e+00  4.96992343e+01  5.51545416e-01 
 5.02748016e+01  9.94018220e+00  5.02748016e+01  5.44865472e-01 
 5.08570345e+01  9.94019171e+00  5.08570345e+01  5.38257745e-01 
 5.14460103e+01  9.94020100e+00  5.14460103e+01  5.31721358e-01 
 5.20418070e+01  9.94021008e+00  5.20418070e+01  5.25255447e-01 
 5.26445036e+01  9.94021896e+00  5.26445036e+01  5.18859154e-01 
 5.32541801e+01  9.94022763e+00  5.32541801e+01  5.12531632e-01 
 5.38709172e+01  9.94023611e+00  5.38709172e+01  5.06272042e-01 
 5.44947968e+01  9.94024439e+00  5.44947968e+01  5.00079556e-01 
 5.51259015e+01  9.94025248e+00  5.51259015e+01  4.93953353e-01 
 5.57643151e+01  9.94026039e+00  5.57643151e+01  4.87892621e-01 
 5.64101221e+01  9.94026812e+00  5.64101221e+01  4.81896558e-01 
 5.70634082e+01  9.94027568e+00  5.70634082e+01  4.75964369e-01 
 5.77242601e+01  9.94028306e+00  5.77242601e+01  4.70095267e-01 
 5.83927652e+01  9.94029027e+00  5.83927652e+01  4.64288477e-01 
 5.90690124e+01  9.94029732e+00  5.90690124e+01  4.58543227e-01 
 5.97530911e+01  9.94030421e+00  5.97530911e+01  4.52858757e-01 
 6.04450922e+01  9.94031094e+00  6.04450922e+01  4.47234314e-01 
 6.11451073e+01  9.94031752e+00  6.11451073e+01  4.41669152e-01 
 6.18532294e+01  9.94032395e+00  6.18532294e+01  4.36162534e-01 
 6.25695522e+01  9.94033023e+00  6.25695522e+01  4.30713731e-01 
 6.32941707e+01  9.94033637e+00  6.32941707e+01  4.25322020e-01 
 6.40271811e+01  9.94034236e+00  6.40271811e+01  4.19986687e-01 
 6.47686804e+01  9.94034822e+00  6.47686804e+01  4.14707024e-01 
 6.55187671e+01  9.94035395e+00  6.55187671e+01  4.09482334e-01 
 6.62775405e+01  9.94035955e+00  6.62775405e+01  4.04311922e-01 
 6.70451013e+01  9.94036501e+00  6.70451013e+01  3.99195104e-01 
 6.78215512e+01  9.94037036e+00  6.78215512e+01  3.94131202e-01 
 6.86069932e+01  9.94037558e+00  6.86069932e+01  3.89119545e-01 
 6.94015314e+01  9.94038068e+00  6.94015314e+01  3.84159468e-01 
 7.02052711e+01  9.94038567e+00  7.02052711e+01  3.79250315e-01 
 7.10183190e+01  9.94039054e+00  7.10183190e+01  3.74391435e-01 
 7.18407828e+01  9.94039530e+00  7.18407828e+01  3.69582184e-01 
 7.26727715e+01  9.94039995e+00  7.26727715e+01  3.64821924e-01 
 7.35143955e+01  9.94040449e+00  7.35143955e+01  3.60110025e-01 
 7.43657664e+01  9.94040893e+00  7.43657664e+01  3.55445862e-01 
 7.52269970e+01  9.94041327e+00  7.52269970e+01  3.50828817e-01 
 7.60982015e+01  9.94041751e+00  7.60982015e+01  3.46258279e-01 
 7.69794955e+01  9.94042165e+00  7.69794955e+01  3.41733641e-01 
 7.78709957e+01  9.94042570e+00  7.78709957e+01  3.37254305e-01 
 7.87728204e+01  9.94042965e+00  7.87728204e+01  3.32819675e-01 
 7.96850891e+01  9.94043351e+00  7.96850891e+01  3.28429165e-01 
 8.06079229e+01  9.94043729e+00  8.06079229e+01  3.24082193e-01 
 8.15414439e+01  9.94044097e+00  8.15414439e+01  3.19778182e-01 
 8.24857761e+01  9.94044458e+00  8.24857761e+01  3.15516562e-01 
 8.34410446e+01  9.94044809e+00  8.34410446e+01  3.11296769e-01 
 8.44073761e+01  9.94045153e+00  8.44073761e+01  3.07118242e-01 
 8.53848987e+01  9.94045489e+00  8.53848987e+01  3.02980429e-01 
 8.63737419e+01  9.94045817e+00  8.63737419e+01  2.98882781e-01 
 8.73740370e+01  9.94046138e+00  8.73740370e+01  2.94824754e-01 
 8.83859165e+01  9.94046451e+00  8.83859165e+01  2.90805811e-01 
 8.94095146e+01  9.94046757e+00  8.94095146e+01  2.86825419e-01 
 9.04449670e+01  9.94047056e+00  9.04449670e+01  2.82883051e-01 
 9.14924110e+01  9.94047348e+00  9.14924110e+01  2.78978184e-01 
 9.25519854e+01  9.94047633e+00  9.25519854e+01  2.75110300e-01 
 9.36238307e+01  9.94047912e+00  9.36238307e+01  2.71278887e-01 
 9.47080892e+01  9.94048184e+00  9.47080892e+01  2.67483437e-01 
 9.58049044e+01  9.94048450e+00  9.58049044e+01  2.63723447e-01 
 9.69144218e+01  9.94048709e+00  9.69144218e+01  2.59998419e-01 
 9.80367886e+01  9.94048963e+00  9.80367886e+01  2.56307858e-01 
 9.91721535e+01  9.94049211e+00  9.91721535e+01  2.52651275e-01 
 1.00320667e+02  9.94049452e+00  1.00320667e+02  2.49028187e-01 
 1.01482482e+02  9.94049689e+00  1.01482482e+02  2.45438112e-01 
 1.02657751e+02  9.94049919e+00  1.02657751e+02  2.41880575e-01 
 1.03846632e+02  9.94050145e+00  1.03846632e+02  2.38355105e-01 
 1.05049280e+02  9.94050365e+00  1.05049280e+02  2.34861233e-01 
 1.06265857e+02  9.94050579e+00  1.06265857e+02  2.31398497e-01 
 1.07496523e+02  9.94050789e+00  1.07496523e+02  2.27966437e-01 
 1.08741441e+02  9.94050994e+00  1.08741441e+02  2.24564600e-01 
 1.10000777e+02  9.94051194e+00  1.10000777e+02  2.21192533e-01 
 1.11274697e+02  9.94051389e+00  1.11274697e+02  2.17849791e-01 
 1.12563370e+02  9.94051580e+00  1.12563370e+02  2.14535929e-01 
 1.13866967e+02  9.94051766e+00  1.13866967e+02  2.11250508e-01 
 1.15185661e+02  9.94051948e+00  1.15185661e+02  2.07993094e-01 
 1.16519628e+02  9.94052125e+00  1.16519628e+02  2.04763254e-01 
 1.17869043e+02  9.94052298e+00  1.17869043e+02  2.01560560e-01 
 1.19234085e+02  9.94052467e+00  1.19234085e+02  1.98384588e-01 
 1.20614936e+02  9.94052632e+00  1.20614936e+02  1.95234915e-01 
 1.22011779e+02  9.94052793e+00  1.22011779e+02  1.92111126e-01 
 1.23424798e+02  9.94052950e+00  1.23424798e+02  1.89012806e-01 
 1.24854182e+02  9.94053104e+00  1.24854182e+02  1.85939544e-01 
 1.26300119e+02  9.94053253e+00  1.26300119e+02  1.82890933e-01 
 1.27762802e+02  9.94053399e+00  1.27762802e+02  1.79866569e-01 
 1.29242424e+02  9.94053542e+00  1.29242424e+02  1.76866050e-01 
 1.30739182e+02  9.94053681e+00  1.30739182e+02  1.73888979e-01 
 1.32253273e+02  9.94053816e+00  1.32253273e+02  1.70934961e-01 
 1.33784900e+02  9.94053948e+00  1.33784900e+02  1.68003605e-01 
 1.35334264e+02  9.94054077e+00  1.35334264e+02  1.65094522e-01 
 1.36901571e+02  9.94054203e+00  1.36901571e+02  1.62207327e-01 
 1.38487029e+02  9.94054325e+00  1.38487029e+02  1.59341636e-01 
 1.40090849e+02  9.94054445e+00  1.40090849e+02  1.56497070e-01 
 1.41713242e+02  9.94054561e+00  1.41713242e+02  1.53673252e-01 
 1.43354425e+02  9.94054675e+00  1.43354425e+02  1.50869807e-01 
 1.45014614e+02  9.94054785e+00  1.45014614e+02  1.48086364e-01 
 1.46694029e+02  9.94054893e+00  1.46694029e+02  1.45322554e-01 
 1.48392894e+02  9.94054998e+00  1.48392894e+02  1.42578009e-01 
 1.50111433e+02  9.94055100e+00  1.50111433e+02  1.39852368e-01 
 1.51849875e+02  9.94055200e+00  1.51849875e+02  1.37145267e-01 
 1.53608450e+02  9.94055297e+00  1.53608450e+02  1.34456349e-01 
 1.55387391e+02  9.94055391e+00  1.55387391e+02  1.31785256e-01 
 1.57186933e+02  9.94055483e+00  1.57186933e+02  1.29131636e-01 
 1.59007317e+02  9.94055573e+00  1.59007317e+02  1.26495135e-01 
 1.60848782e+02  9.94055660e+00  1.60848782e+02  1.23875404e-01 
 1.62711573e+02  9.94055745e+00  1.62711573e+02  1.21272096e-01 
 1.64595937e+02  9.94055827e+00  1.64595937e+02  1.18684867e-01 
 1.66502124e+02  9.94055907e+00  1.66502124e+02  1.16113372e-01 
 1.68430387e+02  9.94055985e+00  1.68430387e+02  1.13557271e-01 
 1.70380981e+02  9.94056061e+00  1.70380981e+02  1.11016225e-01 
 1.72354164e+02  9.94056134e+00  1.72354164e+02  1.08489898e-01 
 1.74350199e+02  9.94056206e+00  1.74350199e+02  1.05977954e-01 
 1.76369351e+02  9.94056275e+00  1.76369351e+02  1.03480060e-01 
 1.78411886e+02  9.94056342e+00  1.78411886e+02  1.00995886e-01 
 1.80478075e+02  9.94056408e+00  1.80478075e+02  9.85251010e-02 
 1.82568193e+02  9.94056471e+00  1.82568193e+02  9.60673785e-02 
 1.84682517e+02  9.94056532e+00  1.84682517e+02  9.36223924e-02 
 1.86821327e+02  9.94056592e+00  1.86821327e+02  9.11898186e-02 
 1.88984907e+02  9.94056649e+00  1.88984907e+02  8.87693346e-02 
 1.91173543e+02  9.94056705e+00  1.91173543e+02  8.63606195e-02 
 1.93387525e+02  9.94056759e+00  1.93387525e+02  8.39633539e-02 
 1.95627148e+02  9.94056811e+00  1.95627148e+02  8.15772201e-02 
 1.97892707e+02  9.94056862e+00  1.97892707e+02  7.92019016e-02 
 2.00184505e+02  9.94056911e+00  2.00184505e+02  7.68370836e-02 
 2.02502843e+02  9.94056958e+00  2.02502843e+02  7.44824525e-02 
 2.04848030e+02  9.94057003e+00  2.04848030e+02  7.21376962e-02 
 2.07220377e+02  9.94057047e+00  2.07220377e+02  6.98025039e-02 
 2.09620198e+02  9.94057089e+00  2.09620198e+02  6.74765658e-02 
 2.12047812e+02  9.94057129e+00  2.12047812e+02  6.51595737e-02 
 2.14503539e+02  9.94057168e+00  2.14503539e+02  6.28512204e-02 
 2.16987707e+02  9.94057205e+00  2.16987707e+02  6.05511998e-02 
 2.19500643e+02  9.94057241e+00  2.19500643e+02  5.82592070e-02 
 2.22042682e+02  9.94057275e+00  2.22042682e+02  5.59749381e-02 
 2.24614160e+02  9.94057308e+00  2.24614160e+02  5.36980903e-02 
 2.27215419e+02  9.94057339e+00  2.27215419e+02  5.14283618e-02 
 2.29846803e+02  9.94057369e+00  2.29846803e+02  4.91654516e-02 
 2.32508661e+02  9.94057397e+00  2.32508661e+02  4.69090596e-02 
 2.35201345e+02  9.94057424e+00  2.35201345e+02  4.46588869e-02 
 2.37925214e+02  9.94057449e+00  2.37925214e+02  4.24146349e-02 
 2.40680628e+02  9.94057473e+00  2.40680628e+02  4.01760062e-02 
 2.43467953e+02  9.94057496e+00  2.43467953e+02  3.79427040e-02 
 2.46287557e+02  9.94057517e+00  2.46287557e+02  3.57144322e-02 
 2.49139816e+02  9.94057537e+00  2.49139816e+02  3.34908954e-02 
 2.52025106e+02  9.94057555e+00  2.52025106e+02  3.12717988e-02 
 2.54943811e+02  9.94057572e+00  2.54943811e+02  2.90568481e-02 
 2.57896318e+02  9.94057588e+00  2.57896318e+02  2.68457497e-02 
 2.60883017e+02  9.94057603e+00  2.60883017e+02  2.46382105e-02 
 2.63904306e+02  9.94057616e+00  2.63904306e+02  2.24339378e-02 
 2.66960584e+02  9.94057627e+00  2.66960584e+02  2.02326394e-02 
 2.70052257e+02  9.94057638e+00  2.70052257e+02  1.80340233e-02 
 2.73179734e+02  9.94057647e+00  2.73179734e+02  1.58377982e-02 
 2.76343431e+02  9.94057655e+00  2.76343431e+02  1.36436728e-02 
 2.79543767e+02  9.94057661e+00  2.79543767e+02  1.14513562e-02 
 2.82781166e+02  9.94057666e+00  2.82781166e+02  9.26055780e-03 
 2.86056057e+02  9.94057670e+00  2.86056057e+02  7.07098713e-03 
 2.89368875e+02  9.94057673e+00  2.89368875e+02  4.88235389e-03 
 2.92720058e+02  9.94057674e+00  2.92720058e+02  2.69436790e-03 
 2.96110052e+02  9.94057674e+00  2.96110052e+02  5.06739091e-04 
 2.99539305e+02  9.94057672e+00  2.99539305e+02 -1.68082258e-03 
 3.03008272e+02  9.94057670e+00  3.03008272e+02 -3.86860715e-03 
 3.06517414e+02  9.94057666e+00  3.06517414e+02 -6.05690466e-03 
 3.10067195e+02  9.94057661e+00  3.10067195e+02 -8.24600524e-03 
 3.13658086e+02  9.94057654e+00  3.13658086e+02 -1.04361991e-02 
 3.17290563e+02  9.94057646e+00  3.17290563e+02 -1.26277767e-02 
 3.20965108e+02  9.94057637e+00  3.20965108e+02 -1.48210285e-02 
 3.24682207e+02  9.94057627e+00  3.24682207e+02 -1.70162453e-02 
 3.28442355e+02  9.94057615e+00  3.28442355e+02 -1.92137183e-02 
 3.32246049e+02  9.94057602e+00  3.32246049e+02 -2.14137386e-02 
 3.36093793e+02  9.94057587e+00  3.36093793e+02 -2.36165980e-02 
 3.39986099e+02  9.94057571e+00  3.39986099e+02 -2.58225885e-02 
 3.43923481e+02  9.94057554e+00  3.43923481e+02 -2.80320027e-02 
 3.47906461e+02  9.94057536e+00  3.47906461e+02 -3.02451334e-02 
 3.51935569e+02  9.94057516e+00  3.51935569e+02 -3.24622740e-02 
 3.56011338e+02  9.94057494e+00  3.56011338e+02 -3.46837186e-02 
 3.60134309e+02  9.94057472e+00  3.60134309e+02 -3.69097616e-02 
 3.64305027e+02  9.94057448e+00  3.64305027e+02 -3.91406981e-02 
 3.68524047e+02  9.94057422e+00  3.68524047e+02 -4.13768240e-02 
 3.72791927e+02  9.94057395e+00  3.72791927e+02 -4.36184357e-02 
 3.77109234e+02  9.94057367e+00  3.77109234e+02 -4.58658304e-02 
 3.81476539e+02  9.94057337e+00  3.81476539e+02 -4.81193060e-02 
 3.85894423e+02  9.94057306e+00  3.85894423e+02 -5.03791614e-02 
 3.90363469e+02  9.94057273e+00  3.90363469e+02 -5.26456960e-02 
 3.94884272e+02  9.94057238e+00  3.94884272e+02 -5.49192106e-02 
 3.99457430e+02  9.94057203e+00  3.99457430e+02 -5.72000063e-02 
 4.04083550e+02  9.94057165e+00  4.04083550e+02 -5.94883857e-02 
 4.08763246e+02  9.94057126e+00  4.08763246e+02 -6.17846521e-02 
 4.13497136e+02  9.94057086e+00  4.13497136e+02 -6.40891100e-02 
 4.18285850e+02  9.94057043e+00  4.18285850e+02 -6.64020649e-02 
 4.23130023e+02  9.94057000e+00  4.23130023e+02 -6.87238234e-02 
 4.28030295e+02  9.94056954e+00  4.28030295e+02 -7.10546934e-02 
 4.32987318e+02  9.94056907e+00  4.32987318e+02 -7.33949838e-02 
 4.38001748e+02  9.94056858e+00  4.38001748e+02 -7.57450050e-02 
 4.43074250e+02  9.94056808e+00  4.43074250e+02 -7.81050685e-02 
 4.48205497e+02  9.94056755e+00  4.48205497e+02 -8.04754873e-02 
 4.53396168e+02  9.94056701e+00  4.53396168e+02 -8.28565755e-02 
 4.58646954e+02  9.94056645e+00  4.58646954e+02 -8.52486489e-02 
 4.63958548e+02  9.94056588e+00  4.63958548e+02 -8.76520245e-02 
 4.69331656e+02  9.94056528e+00  4.69331656e+02 -9.00670211e-02 
 4.74766990e+02  9.94056466e+00  4.74766990e+02 -9.24939589e-02 
 4.80265271e+02  9.94056403e+00  4.80265271e+02 -9.49331594e-02 
 4.85827227e+02  9.94056337e+00  4.85827227e+02 -9.73849463e-02 
 4.91453597e+02  9.94056270e+00  4.91453597e+02 -9.98496444e-02 
 4.97145125e+02  9.94056200e+00  4.97145125e+02 -1.02327581e-01 
 5.02902567e+02  9.94056129e+00  5.02902567e+02 -1.04819083e-01 
 5.08726686e+02  9.94056055e+00  5.08726686e+02 -1.07324483e-01 
 5.14618255e+02  9.94055979e+00  5.14618255e+02 -1.09844112e-01 
 5.20578053e+02  9.94055901e+00  5.20578053e+02 -1.12378304e-01 
 5.26606872e+02  9.94055821e+00  5.26606872e+02 -1.14927395e-01 
 5.32705511e+02  9.94055738e+00  5.32705511e+02 -1.17491723e-01 
 5.38874778e+02  9.94055653e+00  5.38874778e+02 -1.20071628e-01 
 5.45115492e+02  9.94055566e+00  5.45115492e+02 -1.22667451e-01 
 5.51428479e+02  9.94055476e+00  5.51428479e+02 -1.25279539e-01 
 5.57814577e+02  9.94055384e+00  5.57814577e+02 -1.27908235e-01 
 5.64274633e+02  9.94055289e+00  5.64274633e+02 -1.30553890e-01 
 5.70809503e+02  9.94055192e+00  5.70809503e+02 -1.33216853e-01 
 5.77420053e+02  9.94055092e+00  5.77420053e+02 -1.35897478e-01 
 5.84107159e+02  9.94054990e+00  5.84107159e+02 -1.38596120e-01 
 5.90871709e+02  9.94054885e+00  5.90871709e+02 -1.41313138e-01 
 5.97714600e+02  9.94054777e+00  5.97714600e+02 -1.44048890e-01 
 6.04636738e+02  9.94054666e+00  6.04636738e+02 -1.46803740e-01 
 6.11639042e+02  9.94054552e+00  6.11639042e+02 -1.49578053e-01 
 6.18722439e+02  9.94054435e+00  6.18722439e+02 -1.52372197e-01 
 6.25887869e+02  9.94054316e+00  6.25887869e+02 -1.55186542e-01 
 6.33136282e+02  9.94054193e+00  6.33136282e+02 -1.58021462e-01 
 6.40468639e+02  9.94054067e+00  6.40468639e+02 -1.60877331e-01 
 6.47885912e+02  9.94053938e+00  6.47885912e+02 -1.63754530e-01 
 6.55389084e+02  9.94053805e+00  6.55389084e+02 -1.66653439e-01 
 6.62979151e+02  9.94053670e+00  6.62979151e+02 -1.69574442e-01 
 6.70657118e+02  9.94053530e+00  6.70657118e+02 -1.72517927e-01 
 6.78424004e+02  9.94053388e+00  6.78424004e+02 -1.75484284e-01 
 6.86280839e+02  9.94053241e+00  6.86280839e+02 -1.78473906e-01 
 6.94228663e+02  9.94053091e+00  6.94228663e+02 -1.81487190e-01 
 7.02268532e+02  9.94052938e+00  7.02268532e+02 -1.84524535e-01 
 7.10401510e+02  9.94052780e+00  7.10401510e+02 -1.87586344e-01 
 7.18628676e+02  9.94052619e+00  7.18628676e+02 -1.90673022e-01 
 7.26951121e+02  9.94052454e+00  7.26951121e+02 -1.93784980e-01 
 7.35369948e+02  9.94052284e+00  7.35369948e+02 -1.96922628e-01 
 7.43886274e+02  9.94052111e+00  7.43886274e+02 -2.00086384e-01 
 7.52501228e+02  9.94051933e+00  7.52501228e+02 -2.03276667e-01 
 7.61215951e+02  9.94051751e+00  7.61215951e+02 -2.06493899e-01 
 7.70031600e+02  9.94051564e+00  7.70031600e+02 -2.09738507e-01 
 7.78949343e+02  9.94051373e+00  7.78949343e+02 -2.13010922e-01 
 7.87970362e+02  9.94051177e+00  7.87970362e+02 -2.16311576e-01 
 7.97095854e+02  9.94050977e+00  7.97095854e+02 -2.19640909e-01 
 8.06327028e+02  9.94050771e+00  8.06327028e+02 -2.22999360e-01 
 8.15665108e+02  9.94050561e+00  8.15665108e+02 -2.26387375e-01 
 8.25111333e+02  9.94050346e+00  8.25111333e+02 -2.29805404e-01 
 8.34666955e+02  9.94050125e+00  8.34666955e+02 -2.33253899e-01 
 8.44333240e+02  9.94049899e+00  8.44333240e+02 -2.36733318e-01 
 8.54111471e+02  9.94049668e+00  8.54111471e+02 -2.40244122e-01 
 8.64002944e+02  9.94049431e+00  8.64002944e+02 -2.43786775e-01 
 8.74008970e+02  9.94049189e+00  8.74008970e+02 -2.47361749e-01 
 8.84130875e+02  9.94048940e+00  8.84130875e+02 -2.50969516e-01 
 8.94370003e+02  9.94048686e+00  8.94370003e+02 -2.54610555e-01 
 9.04727710e+02  9.94048426e+00  9.04727710e+02 -2.58285349e-01 
 9.15205369e+02  9.94048159e+00  9.15205369e+02 -2.61994384e-01 
 9.25804371e+02  9.94047887e+00  9.25804371e+02 -2.65738153e-01 
 9.36526119e+02  9.94047607e+00  9.36526119e+02 -2.69517151e-01 
 9.47372037e+02  9.94047321e+00  9.47372037e+02 -2.73331880e-01 
 9.58343561e+02  9.94047028e+00  9.58343561e+02 -2.77182845e-01 
 9.69442146e+02  9.94046729e+00  9.69442146e+02 -2.81070557e-01 
 9.80669264e+02  9.94046422e+00  9.80669264e+02 -2.84995531e-01 
 9.92026404e+02  9.94046108e+00  9.92026404e+02 -2.88958287e-01 
 1.00351507e+03  9.94045786e+00  1.00351507e+03 -2.92959350e-01 
 1.01513679e+03  9.94045457e+00  1.01513679e+03 -2.96999252e-01 
 1.02689310e+03  9.94045120e+00  1.02689310e+03 -3.01078527e-01 
 1.03878555e+03  9.94044776e+00  1.03878555e+03 -3.05197716e-01 
 1.05081574e+03  9.94044423e+00  1.05081574e+03 -3.09357365e-01 
 1.06298524e+03  9.94044061e+00  1.06298524e+03 -3.13558025e-01 
 1.07529569e+03  9.94043691e+00  1.07529569e+03 -3.17800254e-01 
 1.08774869e+03  9.94043313e+00  1.08774869e+03 -3.22084613e-01 
 1.10034592e+03  9.94042926e+00  1.10034592e+03 -3.26411670e-01 
 1.11308904e+03  9.94042529e+00  1.11308904e+03 -3.30782000e-01 
 1.12597973e+03  9.94042123e+00  1.12597973e+03 -3.35196180e-01 
 1.13901971e+03  9.94041708e+00  1.13901971e+03 -3.39654797e-01 
 1.15221071e+03  9.94041282e+00  1.15221071e+03 -3.44158440e-01 
 1.16555447e+03  9.94040847e+00  1.16555447e+03 -3.48707708e-01 
 1.17905277e+03  9.94040402e+00  1.17905277e+03 -3.53303203e-01 
 1.19270739e+03  9.94039946e+00  1.19270739e+03 -3.57945534e-01 
 1.20652015e+03  9.94039479e+00  1.20652015e+03 -3.62635316e-01 
 1.22049287e+03  9.94039002e+00  1.22049287e+03 -3.67373171e-01 
 1.23462740e+03  9.94038513e+00  1.23462740e+03 -3.72159727e-01 
 1.24892564e+03  9.94038013e+00  1.24892564e+03 -3.76995619e-01 
 1.26338945e+03  9.94037501e+00  1.26338945e+03 -3.81881486e-01 
 1.27802078e+03  9.94036977e+00  1.27802078e+03 -3.86817977e-01 
 1.29282155e+03  9.94036441e+00  1.29282155e+03 -3.91805746e-01 
 1.30779373e+03  9.94035892e+00  1.30779373e+03 -3.96845454e-01 
 1.32293930e+03  9.94035331e+00  1.32293930e+03 -4.01937768e-01 
 1.33826027e+03  9.94034756e+00  1.33826027e+03 -4.07083364e-01 
 1.35375867e+03  9.94034168e+00  1.35375867e+03 -4.12282924e-01 
 1.36943656e+03  9.94033566e+00  1.36943656e+03 -4.17537136e-01 
 1.38529602e+03  9.94032950e+00  1.38529602e+03 -4.22846697e-01 
 1.40133915e+03  9.94032319e+00  1.40133915e+03 -4.28212311e-01 
 1.41756807e+03  9.94031674e+00  1.41756807e+03 -4.33634688e-01 
 1.43398494e+03  9.94031014e+00  1.43398494e+03 -4.39114547e-01 
 1.45059193e+03  9.94030338e+00  1.45059193e+03 -4.44652614e-01 
 1.46739125e+03  9.94029647e+00  1.46739125e+03 -4.50249624e-01 
 1.48438512e+03  9.94028939e+00  1.48438512e+03 -4.55906317e-01 
 1.50157580e+03  9.94028215e+00  1.50157580e+03 -4.61623443e-01 
 1.51896556e+03  9.94027474e+00  1.51896556e+03 -4.67401761e-01 
 1.53655671e+03  9.94026715e+00  1.53655671e+03 -4.73242034e-01 
 1.55435159e+03  9.94025939e+00  1.55435159e+03 -4.79145038e-01 
 1.57235255e+03  9.94025145e+00  1.57235255e+03 -4.85111555e-01 
 1.59056198e+03  9.94024332e+00  1.59056198e+03 -4.91142375e-01 
 1.60898229e+03  9.94023500e+00  1.60898229e+03 -4.97238296e-01 
 1.62761593e+03  9.94022649e+00  1.62761593e+03 -5.03400128e-01 
 1.64646536e+03  9.94021778e+00  1.64646536e+03 -5.09628686e-01 
 1.66553309e+03  9.94020887e+00  1.66553309e+03 -5.15924795e-01 
 1.68482165e+03  9.94019974e+00  1.68482165e+03 -5.22289289e-01 
 1.70433358e+03  9.94019041e+00  1.70433358e+03 -5.28723012e-01 
 1.72407148e+03  9.94018086e+00  1.72407148e+03 -5.35226817e-01 
 1.74403797e+03  9.94017108e+00  1.74403797e+03 -5.41801564e-01 
 1.76423569e+03  9.94016108e+00  1.76423569e+03 -5.48448125e-01 
 1.78466732e+03  9.94015084e+00  1.78466732e+03 -5.55167380e-01 
 1.80533557e+03  9.94014036e+00  1.80533557e+03 -5.61960219e-01 
 1.82624317e+03  9.94012964e+00  1.82624317e+03 -5.68827543e-01 
 1.84739291e+03  9.94011867e+00  1.84739291e+03 -5.75770260e-01 
 1.86878759e+03  9.94010744e+00  1.86878759e+03 -5.82789291e-01 
 1.89043003e+03  9.94009596e+00  1.89043003e+03 -5.89885566e-01 
 1.91232312e+03  9.94008420e+00  1.91232312e+03 -5.97060023e-01 
 1.93446975e+03  9.94007217e+00  1.93446975e+03 -6.04313614e-01 
 1.95687286e+03  9.94005986e+00  1.95687286e+03 -6.11647300e-01 
 1.97953542e+03  9.94004726e+00  1.97953542e+03 -6.19062051e-01 
 2.00246044e+03  9.94003437e+00  2.00246044e+03 -6.26558850e-01 
 2.02565095e+03  9.94002118e+00  2.02565095e+03 -6.34138689e-01 
 2.04911003e+03  9.94000768e+00  2.04911003e+03 -6.41802573e-01 
 2.07284080e+03  9.93999386e+00  2.07284080e+03 -6.49551516e-01 
 2.09684638e+03  9.93997973e+00  2.09684638e+03 -6.57386545e-01 
 2.12112998e+03  9.93996526e+00  2.12112998e+03 -6.65308697e-01 
 2.14569480e+03  9.93995046e+00  2.14569480e+03 -6.73319021e-01 
 2.17054412e+03  9.93993531e+00  2.17054412e+03 -6.81418579e-01 
 2.19568121e+03  9.93991981e+00  2.19568121e+03 -6.89608442e-01 
 2.22110941e+03  9.93990394e+00  2.22110941e+03 -6.97889695e-01 
 2.24683210e+03  9.93988771e+00  2.24683210e+03 -7.06263435e-01 
 2.27285268e+03  9.93987110e+00  2.27285268e+03 -7.14730770e-01 
 2.29917461e+03  9.93985410e+00  2.29917461e+03 -7.23292821e-01 
 2.32580137e+03  9.93983671e+00  2.32580137e+03 -7.31950722e-01 
 2.35273649e+03  9.93981891e+00  2.35273649e+03 -7.40705620e-01 
 2.37998356e+03  9.93980070e+00  2.37998356e+03 -7.49558672e-01 
 2.40754617e+03  9.93978206e+00  2.40754617e+03 -7.58511052e-01 
 2.43542798e+03  9.93976298e+00  2.43542798e+03 -7.67563944e-01 
 2.46363269e+03  9.93974347e+00  2.46363269e+03 -7.76718547e-01 
 2.49216405e+03  9.93972349e+00  2.49216405e+03 -7.85976072e-01 
 2.52102582e+03  9.93970306e+00  2.52102582e+03 -7.95337746e-01 
 2.55022184e+03  9.93968214e+00  2.55022184e+03 -8.04804806e-01 
 2.57975598e+03  9.93966074e+00  2.57975598e+03 -8.14378505e-01 
 2.60963216e+03  9.93963884e+00  2.60963216e+03 -8.24060112e-01 
 2.63985434e+03  9.93961643e+00  2.63985434e+03 -8.33850907e-01 
 2.67042651e+03  9.93959350e+00  2.67042651e+03 -8.43752186e-01 
 2.70135274e+03  9.93957004e+00  2.70135274e+03 -8.53765259e-01 
 2.73263713e+03  9.93954602e+00  2.73263713e+03 -8.63891452e-01 
 2.76428383e+03  9.93952145e+00  2.76428383e+03 -8.74132103e-01 
 2.79629703e+03  9.93949631e+00  2.79629703e+03 -8.84488568e-01 
 2.82868097e+03  9.93947058e+00  2.82868097e+03 -8.94962217e-01 
 2.86143995e+03  9.93944425e+00  2.86143995e+03 -9.05554437e-01 
 2.89457831e+03  9.93941730e+00  2.89457831e+03 -9.16266627e-01 
 2.92810044e+03  9.93938973e+00  2.92810044e+03 -9.27100205e-01 
 2.96201080e+03  9.93936152e+00  2.96201080e+03 -9.38056605e-01 
 2.99631387e+03  9.93933265e+00  2.99631387e+03 -9.49137274e-01 
 3.03101421e+03  9.93930311e+00  3.03101421e+03 -9.60343680e-01 
 3.06611641e+03  9.93927288e+00  3.06611641e+03 -9.71677304e-01 
 3.10162514e+03  9.93924194e+00  3.10162514e+03 -9.83139645e-01 
 3.13754508e+03  9.93921029e+00  3.13754508e+03 -9.94732219e-01 
 3.17388102e+03  9.93917789e+00  3.17388102e+03 -1.00645656e+00 
 3.21063777e+03  9.93914475e+00  3.21063777e+03 -1.01831421e+00 
 3.24782019e+03  9.93911083e+00  3.24782019e+03 -1.03030675e+00 
 3.28543323e+03  9.93907612e+00  3.28543323e+03 -1.04243576e+00 
 3.32348186e+03  9.93904060e+00  3.32348186e+03 -1.05470284e+00 
 3.36197113e+03  9.93900425e+00  3.36197113e+03 -1.06710961e+00 
 3.40090615e+03  9.93896706e+00  3.40090615e+03 -1.07965772e+00 
 3.44029207e+03  9.93892901e+00  3.44029207e+03 -1.09234882e+00 
 3.48013412e+03  9.93889006e+00  3.48013412e+03 -1.10518459e+00 
 3.52043759e+03  9.93885021e+00  3.52043759e+03 -1.11816673e+00 
 3.56120781e+03  9.93880943e+00  3.56120781e+03 -1.13129695e+00 
 3.60245019e+03  9.93876770e+00  3.60245019e+03 -1.14457698e+00 
 3.64417019e+03  9.93872500e+00  3.64417019e+03 -1.15800859e+00 
 3.68637336e+03  9.93868131e+00  3.68637336e+03 -1.17159354e+00 
 3.72906528e+03  9.93863660e+00  3.72906528e+03 -1.18533363e+00 
 3.77225162e+03  9.93859084e+00  3.77225162e+03 -1.19923068e+00 
 3.81593810e+03  9.93854402e+00  3.81593810e+03 -1.21328651e+00 
 3.86013052e+03  9.93849611e+00  3.86013052e+03 -1.22750300e+00 
 3.90483472e+03  9.93844709e+00  3.90483472e+03 -1.24188200e+00 
 3.95005665e+03  9.93839692e+00  3.95005665e+03 -1.25642543e+00 
 3.99580229e+03  9.93834559e+00  3.99580229e+03 -1.27113520e+00 
 4.04207771e+03  9.93829306e+00  4.04207771e+03 -1.28601326e+00 
 4.08888905e+03  9.93823931e+00  4.08888905e+03 -1.30106156e+00 
 4.13624251e+03  9.93818430e+00  4.13624251e+03 -1.31628210e+00 
 4.18414437e+03  9.93812802e+00  4.18414437e+03 -1.33167688e+00 
 4.23260098e+03  9.93807042e+00  4.23260098e+03 -1.34724793e+00 
 4.28161877e+03  9.93801149e+00  4.28161877e+03 -1.36299732e+00 
 4.33120424e+03  9.93795118e+00  4.33120424e+03 -1.37892711e+00 
 4.38136395e+03  9.93788946e+00  4.38136395e+03 -1.39503941e+00 
 4.43210457e+03  9.93782632e+00  4.43210457e+03 -1.41133634e+00 
 4.48343281e+03  9.93776170e+00  4.48343281e+03 -1.42782005e+00 
 4.53535548e+03  9.93769557e+00  4.53535548e+03 -1.44449272e+00 
 4.58787948e+03  9.93762791e+00  4.58787948e+03 -1.46135654e+00 
 4.64101175e+03  9.93755867e+00  4.64101175e+03 -1.47841374e+00 
 4.69475935e+03  9.93748782e+00  4.69475935e+03 -1.49566657e+00 
 4.74912940e+03  9.93741532e+00  4.74912940e+03 -1.51311729e+00 
 4.80412911e+03  9.93734113e+00  4.80412911e+03 -1.53076822e+00 
 4.85976577e+03  9.93726522e+00  4.85976577e+03 -1.54862167e+00 
 4.91604676e+03  9.93718753e+00  4.91604676e+03 -1.56667999e+00 
 4.97297954e+03  9.93710804e+00  4.97297954e+03 -1.58494557e+00 
 5.03057166e+03  9.93702670e+00  5.03057166e+03 -1.60342081e+00 
 5.08883076e+03  9.93694347e+00  5.08883076e+03 -1.62210815e+00 
 5.14776455e+03  9.93685830e+00  5.14776455e+03 -1.64101003e+00 
 5.20738086e+03  9.93677115e+00  5.20738086e+03 -1.66012896e+00 
 5.26768758e+03  9.93668197e+00  5.26768758e+03 -1.67946745e+00 
 5.32869272e+03  9.93659071e+00  5.32869272e+03 -1.69902804e+00 
 5.39040436e+03  9.93649733e+00  5.39040436e+03 -1.71881330e+00 
 5.45283068e+03  9.93640177e+00  5.45283068e+03 -1.73882585e+00 
 5.51597996e+03  9.93630399e+00  5.51597996e+03 -1.75906830e+00 
 5.57986057e+03  9.93620394e+00  5.57986057e+03 -1.77954333e+00 
 5.64448099e+03  9.93610156e+00  5.64448099e+03 -1.80025362e+00 
 5.70984977e+03  9.93599679e+00  5.70984977e+03 -1.82120189e+00 
 5.77597559e+03  9.93588959e+00  5.77597559e+03 -1.84239091e+00 
 5.84286722e+03  9.93577990e+00  5.84286722e+03 -1.86382345e+00 
 5.91053351e+03  9.93566765e+00  5.91053351e+03 -1.88550232e+00 
 5.97898345e+03  9.93555278e+00  5.97898345e+03 -1.90743039e+00 
 6.04822611e+03  9.93543525e+00  6.04822611e+03 -1.92961051e+00 
 6.11827067e+03  9.93531498e+00  6.11827067e+03 -1.95204561e+00 
 6.18912642e+03  9.93519192e+00  6.18912642e+03 -1.97473864e+00 
 6.26080275e+03  9.93506599e+00  6.26080275e+03 -1.99769256e+00 
 6.33330916e+03  9.93493713e+00  6.33330916e+03 -2.02091039e+00 
 6.40665527e+03  9.93480527e+00  6.40665527e+03 -2.04439517e+00 
 6.48085080e+03  9.93467034e+00  6.48085080e+03 -2.06814998e+00 
 6.55590559e+03  9.93453228e+00  6.55590559e+03 -2.09217795e+00 
 6.63182959e+03  9.93439100e+00  6.63182959e+03 -2.11648220e+00 
 6.70863287e+03  9.93424644e+00  6.70863287e+03 -2.14106594e+00 
 6.78632561e+03  9.93409852e+00  6.78632561e+03 -2.16593237e+00 
 6.86491811e+03  9.93394716e+00  6.86491811e+03 -2.19108476e+00 
 6.94442078e+03  9.93379227e+00  6.94442078e+03 -2.21652640e+00 
 7.02484418e+03  9.93363378e+00  7.02484418e+03 -2.24226061e+00 
 7.10619897e+03  9.93347161e+00  7.10619897e+03 -2.26829076e+00 
 7.18849592e+03  9.93330567e+00  7.18849592e+03 -2.29462026e+00 
 7.27174595e+03  9.93313586e+00  7.27174595e+03 -2.32125255e+00 
 7.35596011e+03  9.93296211e+00  7.35596011e+03 -2.34819110e+00 
 7.44114955e+03  9.93278432e+00  7.44114955e+03 -2.37543945e+00 
 7.52732557e+03  9.93260239e+00  7.52732557e+03 -2.40300114e+00 
 7.61449959e+03  9.93241624e+00  7.61449959e+03 -2.43087977e+00 
 7.70268318e+03  9.93222575e+00  7.70268318e+03 -2.45907899e+00 
 7.79188802e+03  9.93203084e+00  7.79188802e+03 -2.48760246e+00 
 7.88212595e+03  9.93183140e+00  7.88212595e+03 -2.51645392e+00 
 7.97340892e+03  9.93162732e+00  7.97340892e+03 -2.54563712e+00 
 8.06574904e+03  9.93141849e+00  8.06574904e+03 -2.57515586e+00 
 8.15915855e+03  9.93120482e+00  8.15915855e+03 -2.60501399e+00 
 8.25364983e+03  9.93098617e+00  8.25364983e+03 -2.63521540e+00 
 8.34923543e+03  9.93076245e+00  8.34923543e+03 -2.66576402e+00 
 8.44592800e+03  9.93053352e+00  8.44592800e+03 -2.69666381e+00 
 8.54374036e+03  9.93029928e+00  8.54374036e+03 -2.72791881e+00 
 8.64268550e+03  9.93005959e+00  8.64268550e+03 -2.75953306e+00 
 8.74277651e+03  9.92981433e+00  8.74277651e+03 -2.79151068e+00 
 8.84402669e+03  9.92956338e+00  8.84402669e+03 -2.82385582e+00 
 8.94644944e+03  9.92930659e+00  8.94644944e+03 -2.85657268e+00 
 9.05005835e+03  9.92904384e+00  9.05005835e+03 -2.88966550e+00 
 9.15486716e+03  9.92877498e+00  9.15486716e+03 -2.92313856e+00 
 9.26088975e+03  9.92849988e+00  9.26088975e+03 -2.95699622e+00 
 9.36814020e+03  9.92821839e+00  9.36814020e+03 -2.99124285e+00 
 9.47663271e+03  9.92793037e+00  9.47663271e+03 -3.02588288e+00 
 9.58638168e+03  9.92763565e+00  9.58638168e+03 -3.06092080e+00 
 9.69740165e+03  9.92733409e+00  9.69740165e+03 -3.09636114e+00 
 9.80970735e+03  9.92702552e+00  9.80970735e+03 -3.13220847e+00 
 9.92331366e+03  9.92670980e+00  9.92331366e+03 -3.16846743e+00 
 1.00382356e+04  9.92638674e+00  1.00382356e+04 -3.20514270e+00 
 1.01544885e+04  9.92605618e+00  1.01544885e+04 -3.24223899e+00 
 1.02720878e+04  9.92571795e+00  1.02720878e+04 -3.27976111e+00 
 1.03910489e+04  9.92537187e+00  1.03910489e+04 -3.31771387e+00 
 1.05113877e+04  9.92501775e+00  1.05113877e+04 -3.35610217e+00 
 1.06331202e+04  9.92465542e+00  1.06331202e+04 -3.39493094e+00 
 1.07562625e+04  9.92428468e+00  1.07562625e+04 -3.43420517e+00 
 1.08808308e+04  9.92390534e+00  1.08808308e+04 -3.47392991e+00 
 1.10068418e+04  9.92351719e+00  1.10068418e+04 -3.51411025e+00 
 1.11343122e+04  9.92312005e+00  1.11343122e+04 -3.55475135e+00 
 1.12632587e+04  9.92271369e+00  1.12632587e+04 -3.59585842e+00 
 1.13936986e+04  9.92229790e+00  1.13936986e+04 -3.63743672e+00 
 1.15256492e+04  9.92187247e+00  1.15256492e+04 -3.67949157e+00 
 1.16591278e+04  9.92143718e+00  1.16591278e+04 -3.72202834e+00 
 1.17941523e+04  9.92099179e+00  1.17941523e+04 -3.76505247e+00 
 1.19307404e+04  9.92053608e+00  1.19307404e+04 -3.80856945e+00 
 1.20689105e+04  9.92006980e+00  1.20689105e+04 -3.85258483e+00 
 1.22086806e+04  9.91959272e+00  1.22086806e+04 -3.89710421e+00 
 1.23500695e+04  9.91910458e+00  1.23500695e+04 -3.94213326e+00 
 1.24930957e+04  9.91860512e+00  1.24930957e+04 -3.98767770e+00 
 1.26377784e+04  9.91809410e+00  1.26377784e+04 -4.03374332e+00 
 1.27841366e+04  9.91757123e+00  1.27841366e+04 -4.08033596e+00 
 1.29321898e+04  9.91703625e+00  1.29321898e+04 -4.12746153e+00 
 1.30819576e+04  9.91648889e+00  1.30819576e+04 -4.17512600e+00 
 1.32334599e+04  9.91592884e+00  1.32334599e+04 -4.22333539e+00 
 1.33867167e+04  9.91535583e+00  1.33867167e+04 -4.27209579e+00 
 1.35417484e+04  9.91476955e+00  1.35417484e+04 -4.32141336e+00 
 1.36985755e+04  9.91416970e+00  1.36985755e+04 -4.37129431e+00 
 1.38572188e+04  9.91355596e+00  1.38572188e+04 -4.42174493e+00 
 1.40176994e+04  9.91292803e+00  1.40176994e+04 -4.47277155e+00 
 1.41800385e+04  9.91228556e+00  1.41800385e+04 -4.52438059e+00 
 1.43442576e+04  9.91162823e+00  1.43442576e+04 -4.57657851e+00 
 1.45103786e+04  9.91095569e+00  1.45103786e+04 -4.62937186e+00 
 1.46784234e+04  9.91026761e+00  1.46784234e+04 -4.68276724e+00 
 1.48484144e+04  9.90956361e+00  1.48484144e+04 -4.73677131e+00 
 1.50203740e+04  9.90884333e+00  1.50203740e+04 -4.79139083e+00 
 1.51943251e+04  9.90810641e+00  1.51943251e+04 -4.84663258e+00 
 1.53702907e+04  9.90735245e+00  1.53702907e+04 -4.90250344e+00 
 1.55482942e+04  9.90658107e+00  1.55482942e+04 -4.95901035e+00 
 1.57283591e+04  9.90579188e+00  1.57283591e+04 -5.01616031e+00 
 1.59105094e+04  9.90498445e+00  1.59105094e+04 -5.07396040e+00 
 1.60947691e+04  9.90415838e+00  1.60947691e+04 -5.13241777e+00 
 1.62811628e+04  9.90331323e+00  1.62811628e+04 -5.19153962e+00 
 1.64697151e+04  9.90244858e+00  1.64697151e+04 -5.25133324e+00 
 1.66604510e+04  9.90156397e+00  1.66604510e+04 -5.31180598e+00 
 1.68533958e+04  9.90065895e+00  1.68533958e+04 -5.37296526e+00 
 1.70485751e+04  9.89973305e+00  1.70485751e+04 -5.43481858e+00 
 1.72460148e+04  9.89878580e+00  1.72460148e+04 -5.49737350e+00 
 1.74457411e+04  9.89781670e+00  1.74457411e+04 -5.56063766e+00 
 1.76477804e+04  9.89682527e+00  1.76477804e+04 -5.62461876e+00 
 1.78521595e+04  9.89581099e+00  1.78521595e+04 -5.68932458e+00 
 1.80589055e+04  9.89477333e+00  1.80589055e+04 -5.75476297e+00 
 1.82680458e+04  9.89371178e+00  1.82680458e+04 -5.82094185e+00 
 1.84796082e+04  9.89262577e+00  1.84796082e+04 -5.88786921e+00 
 1.86936208e+04  9.89151477e+00  1.86936208e+04 -5.95555313e+00 
 1.89101117e+04  9.89037819e+00  1.89101117e+04 -6.02400174e+00 
 1.91291099e+04  9.88921545e+00  1.91291099e+04 -6.09322325e+00 
 1.93506443e+04  9.88802598e+00  1.93506443e+04 -6.16322595e+00 
 1.95747443e+04  9.88680914e+00  1.95747443e+04 -6.23401819e+00 
 1.98014396e+04  9.88556433e+00  1.98014396e+04 -6.30560841e+00 
 2.00307602e+04  9.88429091e+00  2.00307602e+04 -6.37800511e+00 
 2.02627366e+04  9.88298824e+00  2.02627366e+04 -6.45121686e+00 
 2.04973996e+04  9.88165564e+00  2.04973996e+04 -6.52525233e+00 
 2.07347801e+04  9.88029244e+00  2.07347801e+04 -6.60012022e+00 
 2.09749098e+04  9.87889796e+00  2.09749098e+04 -6.67582934e+00 
 2.12178204e+04  9.87747148e+00  2.12178204e+04 -6.75238855e+00 
 2.14635442e+04  9.87601227e+00  2.14635442e+04 -6.82980680e+00 
 2.17121137e+04  9.87451961e+00  2.17121137e+04 -6.90809310e+00 
 2.19635619e+04  9.87299274e+00  2.19635619e+04 -6.98725654e+00 
 2.22179221e+04  9.87143088e+00  2.22179221e+04 -7.06730628e+00 
 2.24752280e+04  9.86983325e+00  2.24752280e+04 -7.14825155e+00 
 2.27355138e+04  9.86819904e+00  2.27355138e+04 -7.23010165e+00 
 2.29988140e+04  9.86652744e+00  2.29988140e+04 -7.31286596e+00 
 2.32651635e+04  9.86481759e+00  2.32651635e+04 -7.39655393e+00 
 2.35345976e+04  9.86306865e+00  2.35345976e+04 -7.48117506e+00 
 2.38071520e+04  9.86127973e+00  2.38071520e+04 -7.56673895e+00 
 2.40828628e+04  9.85944994e+00  2.40828628e+04 -7.65325526e+00 
 2.43617666e+04  9.85757837e+00  2.43617666e+04 -7.74073371e+00 
 2.46439005e+04  9.85566408e+00  2.46439005e+04 -7.82918409e+00 
 2.49293017e+04  9.85370611e+00  2.49293017e+04 -7.91861627e+00 
 2.52180082e+04  9.85170350e+00  2.52180082e+04 -8.00904017e+00 
 2.55100581e+04  9.84965524e+00  2.55100581e+04 -8.10046580e+00 
 2.58054904e+04  9.84756031e+00  2.58054904e+04 -8.19290321e+00 
 2.61043440e+04  9.84541769e+00  2.61043440e+04 -8.28636253e+00 
 2.64066586e+04  9.84322631e+00  2.64066586e+04 -8.38085396e+00 
 2.67124744e+04  9.84098508e+00  2.67124744e+04 -8.47638774e+00 
 2.70218318e+04  9.83869291e+00  2.70218318e+04 -8.57297419e+00 
 2.73347718e+04  9.83634866e+00  2.73347718e+04 -8.67062369e+00 
 2.76513361e+04  9.83395117e+00  2.76513361e+04 -8.76934668e+00 
 2.79715664e+04  9.83149929e+00  2.79715664e+04 -8.86915365e+00 
 2.82955054e+04  9.82899179e+00  2.82955054e+04 -8.97005516e+00 
 2.86231959e+04  9.82642746e+00  2.86231959e+04 -9.07206180e+00 
 2.89546814e+04  9.82380504e+00  2.89546814e+04 -9.17518425e+00 
 2.92900058e+04  9.82112327e+00  2.92900058e+04 -9.27943321e+00 
 2.96292136e+04  9.81838082e+00  2.96292136e+04 -9.38481947e+00 
 2.99723498e+04  9.81557638e+00  2.99723498e+04 -9.49135382e+00 
 3.03194599e+04  9.81270859e+00  3.03194599e+04 -9.59904713e+00 
 3.06705898e+04  9.80977605e+00  3.06705898e+04 -9.70791033e+00 
 3.10257862e+04  9.80677737e+00  3.10257862e+04 -9.81795435e+00 
 3.13850961e+04  9.80371108e+00  3.13850961e+04 -9.92919019e+00 
 3.17485672e+04  9.80057573e+00  3.17485672e+04 -1.00416289e+01 
 3.21162476e+04  9.79736981e+00  3.21162476e+04 -1.01552815e+01 
 3.24881861e+04  9.79409179e+00  3.24881861e+04 -1.02701592e+01 
 3.28644321e+04  9.79074011e+00  3.28644321e+04 -1.03862730e+01 
 3.32450354e+04  9.78731317e+00  3.32450354e+04 -1.05036342e+01 
 3.36300464e+04  9.78380935e+00  3.36300464e+04 -1.06222540e+01 
 3.40195163e+04  9.78022700e+00  3.40195163e+04 -1.07421435e+01 
 3.44134966e+04  9.77656442e+00  3.44134966e+04 -1.08633140e+01 
 3.48120396e+04  9.77281989e+00  3.48120396e+04 -1.09857768e+01 
 3.52151982e+04  9.76899165e+00  3.52151982e+04 -1.11095432e+01 
 3.56230257e+04  9.76507792e+00  3.56230257e+04 -1.12346244e+01 
 3.60355763e+04  9.76107687e+00  3.60355763e+04 -1.13610318e+01 
 3.64529046e+04  9.75698663e+00  3.64529046e+04 -1.14887766e+01 
 3.68750660e+04  9.75280533e+00  3.68750660e+04 -1.16178702e+01 
 3.73021165e+04  9.74853101e+00  3.73021165e+04 -1.17483238e+01 
 3.77341126e+04  9.74416171e+00  3.77341126e+04 -1.18801488e+01 
 3.81711117e+04  9.73969543e+00  3.81711117e+04 -1.20133565e+01 
 3.86131717e+04  9.73513012e+00  3.86131717e+04 -1.21479581e+01 
 3.90603512e+04  9.73046371e+00  3.90603512e+04 -1.22839649e+01 
 3.95127095e+04  9.72569406e+00  3.95127095e+04 -1.24213882e+01 
 3.99703065e+04  9.72081903e+00  3.99703065e+04 -1.25602390e+01 
 4.04332030e+04  9.71583641e+00  4.04332030e+04 -1.27005287e+01 
 4.09014603e+04  9.71074396e+00  4.09014603e+04 -1.28422684e+01 
 4.13751404e+04  9.70553941e+00  4.13751404e+04 -1.29854691e+01 
 4.18543063e+04  9.70022042e+00  4.18543063e+04 -1.31301419e+01 
 4.23390214e+04  9.69478465e+00  4.23390214e+04 -1.32762978e+01 
 4.28293500e+04  9.68922968e+00  4.28293500e+04 -1.34239477e+01 
 4.33253571e+04  9.68355308e+00  4.33253571e+04 -1.35731025e+01 
 4.38271084e+04  9.67775234e+00  4.38271084e+04 -1.37237731e+01 
 4.43346705e+04  9.67182494e+00  4.43346705e+04 -1.38759701e+01 
 4.48481108e+04  9.66576830e+00  4.48481108e+04 -1.40297041e+01 
 4.53674971e+04  9.65957980e+00  4.53674971e+04 -1.41849858e+01 
 4.58928985e+04  9.65325678e+00  4.58928985e+04 -1.43418256e+01 
 4.64243846e+04  9.64679652e+00  4.64243846e+04 -1.45002339e+01 
 4.69620258e+04  9.64019627e+00  4.69620258e+04 -1.46602208e+01 
 4.75058934e+04  9.63345324e+00  4.75058934e+04 -1.48217966e+01 
 4.80560596e+04  9.62656457e+00  4.80560596e+04 -1.49849712e+01 
 4.86125973e+04  9.61952737e+00  4.86125973e+04 -1.51497545e+01 
 4.91755802e+04  9.61233871e+00  4.91755802e+04 -1.53161562e+01 
 4.97450830e+04  9.60499559e+00  4.97450830e+04 -1.54841860e+01 
 5.03211813e+04  9.59749500e+00  5.03211813e+04 -1.56538533e+01 
 5.09039513e+04  9.58983384e+00  5.09039513e+04 -1.58251672e+01 
 5.14934704e+04  9.58200899e+00  5.14934704e+04 -1.59981370e+01 
 5.20898168e+04  9.57401729e+00  5.20898168e+04 -1.61727715e+01 
 5.26930694e+04  9.56585550e+00  5.26930694e+04 -1.63490795e+01 
 5.33033083e+04  9.55752035e+00  5.33033083e+04 -1.65270695e+01 
 5.39206144e+04  9.54900854e+00  5.39206144e+04 -1.67067497e+01 
 5.45450695e+04  9.54031670e+00  5.45450695e+04 -1.68881284e+01 
 5.51767564e+04  9.53144141e+00  5.51767564e+04 -1.70712133e+01 
 5.58157589e+04  9.52237922e+00  5.58157589e+04 -1.72560121e+01 
 5.64621617e+04  9.51312661e+00  5.64621617e+04 -1.74425322e+01 
 5.71160505e+04  9.50368004e+00  5.71160505e+04 -1.76307807e+01 
 5.77775120e+04  9.49403590e+00  5.77775120e+04 -1.78207645e+01 
 5.84466339e+04  9.48419054e+00  5.84466339e+04 -1.80124901e+01 
 5.91235049e+04  9.47414026e+00  5.91235049e+04 -1.82059639e+01 
 5.98082147e+04  9.46388132e+00  5.98082147e+04 -1.84011918e+01 
 6.05008542e+04  9.45340993e+00  6.05008542e+04 -1.85981796e+01 
 6.12015151e+04  9.44272225e+00  6.12015151e+04 -1.87969325e+01 
 6.19102904e+04  9.43181441e+00  6.19102904e+04 -1.89974556e+01 
 6.26272740e+04  9.42068247e+00  6.26272740e+04 -1.91997535e+01 
 6.33525610e+04  9.40932246e+00  6.33525610e+04 -1.94038307e+01 
 6.40862476e+04  9.39773037e+00  6.40862476e+04 -1.96096911e+01 
 6.48284310e+04  9.38590214e+00  6.48284310e+04 -1.98173382e+01 
 6.55792097e+04  9.37383367e+00  6.55792097e+04 -2.00267752e+01 
 6.63386831e+04  9.36152081e+00  6.63386831e+04 -2.02380050e+01 
 6.71069519e+04  9.34895938e+00  6.71069519e+04 -2.04510298e+01 
 6.78841182e+04  9.33614514e+00  6.78841182e+04 -2.06658517e+01 
 6.86702847e+04  9.32307385e+00  6.86702847e+04 -2.08824721e+01 
 6.94655559e+04  9.30974119e+00  6.94655559e+04 -2.11008920e+01 
 7.02700371e+04  9.29614282e+00  7.02700371e+04 -2.13211121e+01 
 7.10838351e+04  9.28227437e+00  7.10838351e+04 -2.15431325e+01 
 7.19070576e+04  9.26813142e+00  7.19070576e+04 -2.17669528e+01 
 7.27398139e+04  9.25370952e+00  7.27398139e+04 -2.19925720e+01 
 7.35822143e+04  9.23900421e+00  7.35822143e+04 -2.22199889e+01 
 7.44343706e+04  9.22401097e+00  7.44343706e+04 -2.24492015e+01 
 7.52963957e+04  9.20872525e+00  7.52963957e+04 -2.26802074e+01 
 7.61684039e+04  9.19314251e+00  7.61684039e+04 -2.29130035e+01 
 7.70505109e+04  9.17725813e+00  7.70505109e+04 -2.31475862e+01 
 7.79428335e+04  9.16106751e+00  7.79428335e+04 -2.33839516e+01 
 7.88454902e+04  9.14456600e+00  7.88454902e+04 -2.36220947e+01 
 7.97586005e+04  9.12774894e+00  7.97586005e+04 -2.38620104e+01 
 8.06822855e+04  9.11061166e+00  8.06822855e+04 -2.41036926e+01 
 8.16166678e+04  9.09314945e+00  8.16166678e+04 -2.43471349e+01 
 8.25618712e+04  9.07535761e+00  8.25618712e+04 -2.45923301e+01 
 8.35180209e+04  9.05723141e+00  8.35180209e+04 -2.48392704e+01 
 8.44852439e+04  9.03876611e+00  8.44852439e+04 -2.50879473e+01 
 8.54636682e+04  9.01995698e+00  8.54636682e+04 -2.53383518e+01 
 8.64534237e+04  9.00079927e+00  8.64534237e+04 -2.55904739e+01 
 8.74546416e+04  8.98128821e+00  8.74546416e+04 -2.58443033e+01 
 8.84674546e+04  8.96141908e+00  8.84674546e+04 -2.60998288e+01 
 8.94919970e+04  8.94118711e+00  8.94919970e+04 -2.63570386e+01 
 9.05284046e+04  8.92058756e+00  9.05284046e+04 -2.66159200e+01 
 9.15768148e+04  8.89961570e+00  9.15768148e+04 -2.68764600e+01 
 9.26373667e+04  8.87826680e+00  9.26373667e+04 -2.71386444e+01 
 9.37102009e+04  8.85653615e+00  9.37102009e+04 -2.74024585e+01 
 9.47954596e+04  8.83441906e+00  9.47954596e+04 -2.76678869e+01 
 9.58932866e+04  8.81191086e+00  9.58932866e+04 -2.79349135e+01 
 9.70038276e+04  8.78900689e+00  9.70038276e+04 -2.82035213e+01 
 9.81272298e+04  8.76570254e+00  9.81272298e+04 -2.84736926e+01 
 9.92636421e+04  8.74199320e+00  9.92636421e+04 -2.87454090e+01 
 1.00413215e+05  8.71787431e+00  1.00413215e+05 -2.90186513e+01 
 1.01576102e+05  8.69334136e+00  1.01576102e+05 -2.92933997e+01 
 1.02752455e+05  8.66838986e+00  1.02752455e+05 -2.95696333e+01 
 1.03942432e+05  8.64301537e+00  1.03942432e+05 -2.98473307e+01 
 1.05146191e+05  8.61721349e+00  1.05146191e+05 -3.01264698e+01 
 1.06363890e+05  8.59097989e+00  1.06363890e+05 -3.04070275e+01 
 1.07595691e+05  8.56431028e+00  1.07595691e+05 -3.06889801e+01 
 1.08841757e+05  8.53720043e+00  1.08841757e+05 -3.09723031e+01 
 1.10102255e+05  8.50964617e+00  1.10102255e+05 -3.12569712e+01 
 1.11377350e+05  8.48164340e+00  1.11377350e+05 -3.15429584e+01 
 1.12667212e+05  8.45318810e+00  1.12667212e+05 -3.18302380e+01 
 1.13972012e+05  8.42427630e+00  1.13972012e+05 -3.21187825e+01 
 1.15291923e+05  8.39490413e+00  1.15291923e+05 -3.24085636e+01 
 1.16627120e+05  8.36506779e+00  1.16627120e+05 -3.26995523e+01 
 1.17977779e+05  8.33476356e+00  1.17977779e+05 -3.29917190e+01 
 1.19344081e+05  8.30398783e+00  1.19344081e+05 -3.32850333e+01 
 1.20726206e+05  8.27273705e+00  1.20726206e+05 -3.35794641e+01 
 1.22124337e+05  8.24100781e+00  1.22124337e+05 -3.38749795e+01 
 1.23538660e+05  8.20879675e+00  1.23538660e+05 -3.41715471e+01 
 1.24969363e+05  8.17610065e+00  1.24969363e+05 -3.44691338e+01 
 1.26416634e+05  8.14291639e+00  1.26416634e+05 -3.47677057e+01 
 1.27880666e+05  8.10924096e+00  1.27880666e+05 -3.50672283e+01 
 1.29361653e+05  8.07507147e+00  1.29361653e+05 -3.53676667e+01 
 1.30859792e+05  8.04040513e+00  1.30859792e+05 -3.56689852e+01 
 1.32375280e+05  8.00523930e+00  1.32375280e+05 -3.59711474e+01 
 1.33908319e+05  7.96957144e+00  1.33908319e+05 -3.62741165e+01 
 1.35459113e+05  7.93339916e+00  1.35459113e+05 -3.65778551e+01 
 1.37027866e+05  7.89672019e+00  1.37027866e+05 -3.68823253e+01 
 1.38614787e+05  7.85953241e+00  1.38614787e+05 -3.71874887e+01 
 1.40220086e+05  7.82183381e+00  1.40220086e+05 -3.74933062e+01 
 1.41843976e+05  7.78362257e+00  1.41843976e+05 -3.77997384e+01 
 1.43486672e+05  7.74489696e+00  1.43486672e+05 -3.81067456e+01 
 1.45148393e+05  7.70565544e+00  1.45148393e+05 -3.84142874e+01 
 1.46829358e+05  7.66589661e+00  1.46829358e+05 -3.87223230e+01 
 1.48529790e+05  7.62561921e+00  1.48529790e+05 -3.90308115e+01 
 1.50249915e+05  7.58482215e+00  1.50249915e+05 -3.93397115e+01 
 1.51989960e+05  7.54350449e+00  1.51989960e+05 -3.96489811e+01 
 1.53750157e+05  7.50166547e+00  1.53750157e+05 -3.99585784e+01 
 1.55530739e+05  7.45930447e+00  1.55530739e+05 -4.02684611e+01 
 1.57331942e+05  7.41642104e+00  1.57331942e+05 -4.05785867e+01 
 1.59154005e+05  7.37301491e+00  1.59154005e+05 -4.08889123e+01 
 1.60997169e+05  7.32908596e+00  1.60997169e+05 -4.11993952e+01 
 1.62861678e+05  7.28463426e+00  1.62861678e+05 -4.15099921e+01 
 1.64747781e+05  7.23966004e+00  1.64747781e+05 -4.18206600e+01 
 1.66655726e+05  7.19416370e+00  1.66655726e+05 -4.21313556e+01 
 1.68585768e+05  7.14814583e+00  1.68585768e+05 -4.24420355e+01 
 1.70538161e+05  7.10160719e+00  1.70538161e+05 -4.27526565e+01 
 1.72513165e+05  7.05454869e+00  1.72513165e+05 -4.30631750e+01 
 1.74511042e+05  7.00697145e+00  1.74511042e+05 -4.33735480e+01 
 1.76532055e+05  6.95887676e+00  1.76532055e+05 -4.36837320e+01 
 1.78576475e+05  6.91026608e+00  1.78576475e+05 -4.39936840e+01 
 1.80644570e+05  6.86114106e+00  1.80644570e+05 -4.43033610e+01 
 1.82736617e+05  6.81150350e+00  1.82736617e+05 -4.46127202e+01 
 1.84852891e+05  6.76135542e+00  1.84852891e+05 -4.49217189e+01 
 1.86993674e+05  6.71069899e+00  1.86993674e+05 -4.52303148e+01 
 1.89159250e+05  6.65953655e+00  1.89159250e+05 -4.55384657e+01 
 1.91349905e+05  6.60787065e+00  1.91349905e+05 -4.58461297e+01 
 1.93565930e+05  6.55570398e+00  1.93565930e+05 -4.61532655e+01 
 1.95807618e+05  6.50303943e+00  1.95807618e+05 -4.64598317e+01 
 1.98075268e+05  6.44988005e+00  1.98075268e+05 -4.67657877e+01 
 2.00369179e+05  6.39622907e+00  2.00369179e+05 -4.70710932e+01 
 2.02689657e+05  6.34208989e+00  2.02689657e+05 -4.73757082e+01 
 2.05037007e+05  6.28746609e+00  2.05037007e+05 -4.76795933e+01 
 2.07411543e+05  6.23236139e+00  2.07411543e+05 -4.79827097e+01 
 2.09813578e+05  6.17677971e+00  2.09813578e+05 -4.82850190e+01 
 2.12243431e+05  6.12072512e+00  2.12243431e+05 -4.85864834e+01 
 2.14701424e+05  6.06420185e+00  2.14701424e+05 -4.88870658e+01 
 2.17187883e+05  6.00721430e+00  2.17187883e+05 -4.91867296e+01 
 2.19703138e+05  5.94976702e+00  2.19703138e+05 -4.94854388e+01 
 2.22247522e+05  5.89186473e+00  2.22247522e+05 -4.97831583e+01 
 2.24821372e+05  5.83351229e+00  2.24821372e+05 -5.00798536e+01 
 2.27425030e+05  5.77471471e+00  2.27425030e+05 -5.03754908e+01 
 2.30058842e+05  5.71547717e+00  2.30058842e+05 -5.06700369e+01 
 2.32723155e+05  5.65580497e+00  2.32723155e+05 -5.09634597e+01 
 2.35418324e+05  5.59570358e+00  2.35418324e+05 -5.12557277e+01 
 2.38144706e+05  5.53517859e+00  2.38144706e+05 -5.15468103e+01 
 2.40902662e+05  5.47423574e+00  2.40902662e+05 -5.18366777e+01 
 2.43692558e+05  5.41288089e+00  2.43692558e+05 -5.21253010e+01 
 2.46514763e+05  5.35112007e+00  2.46514763e+05 -5.24126522e+01 
 2.49369653e+05  5.28895938e+00  2.49369653e+05 -5.26987041e+01 
 2.52257605e+05  5.22640510e+00  2.52257605e+05 -5.29834307e+01 
 2.55179003e+05  5.16346361e+00  2.55179003e+05 -5.32668066e+01 
 2.58134233e+05  5.10014140e+00  2.58134233e+05 -5.35488076e+01 
 2.61123688e+05  5.03644510e+00  2.61123688e+05 -5.38294104e+01 
 2.64147764e+05  4.97238143e+00  2.64147764e+05 -5.41085928e+01 
 2.67206861e+05  4.90795724e+00  2.67206861e+05 -5.43863333e+01 
 2.70301386e+05  4.84317946e+00  2.70301386e+05 -5.46626118e+01 
 2.73431749e+05  4.77805516e+00  2.73431749e+05 -5.49374091e+01 
 2.76598365e+05  4.71259147e+00  2.76598365e+05 -5.52107070e+01 
 2.79801653e+05  4.64679565e+00  2.79801653e+05 -5.54824884e+01 
 2.83042038e+05  4.58067502e+00  2.83042038e+05 -5.57527374e+01 
 2.86319950e+05  4.51423704e+00  2.86319950e+05 -5.60214390e+01 
 2.89635824e+05  4.44748919e+00  2.89635824e+05 -5.62885794e+01 
 2.92990099e+05  4.38043909e+00  2.92990099e+05 -5.65541460e+01 
 2.96383220e+05  4.31309441e+00  2.96383220e+05 -5.68181271e+01 
 2.99815637e+05  4.24546291e+00  2.99815637e+05 -5.70805124e+01 
 3.03287805e+05  4.17755240e+00  3.03287805e+05 -5.73412925e+01 
 3.06800183e+05  4.10937079e+00  3.06800183e+05 -5.76004593e+01 
 3.10353239e+05  4.04092604e+00  3.10353239e+05 -5.78580059e+01 
 3.13947443e+05  3.97222618e+00  3.13947443e+05 -5.81139264e+01 
 3.17583271e+05  3.90327929e+00  3.17583271e+05 -5.83682162e+01 
 3.21261205e+05  3.83409351e+00  3.21261205e+05 -5.86208718e+01 
 3.24981734e+05  3.76467704e+00  3.24981734e+05 -5.88718910e+01 
 3.28745351e+05  3.69503812e+00  3.28745351e+05 -5.91212726e+01 
 3.32552554e+05  3.62518506e+00  3.32552554e+05 -5.93690169e+01 
 3.36403848e+05  3.55512619e+00  3.36403848e+05 -5.96151251e+01 
 3.40299744e+05  3.48486988e+00  3.40299744e+05 -5.98595997e+01 
 3.44240758e+05  3.41442455e+00  3.44240758e+05 -6.01024445e+01 
 3.48227413e+05  3.34379867e+00  3.48227413e+05 -6.03436645e+01 
 3.52260238e+05  3.27300070e+00  3.52260238e+05 -6.05832657e+01 
 3.56339767e+05  3.20203917e+00  3.56339767e+05 -6.08212557e+01 
 3.60466541e+05  3.13092261e+00  3.60466541e+05 -6.10576430e+01 
 3.64641107e+05  3.05965958e+00  3.64641107e+05 -6.12924374e+01 
 3.68864019e+05  2.98825867e+00  3.68864019e+05 -6.15256501e+01 
 3.73135837e+05  2.91672849e+00  3.73135837e+05 -6.17572934e+01 
 3.77457126e+05  2.84507763e+00  3.77457126e+05 -6.19873808e+01 
 3.81828460e+05  2.77331474e+00  3.81828460e+05 -6.22159271e+01 
 3.86250419e+05  2.70144844e+00  3.86250419e+05 -6.24429484e+01 
 3.90723589e+05  2.62948738e+00  3.90723589e+05 -6.26684619e+01 
 3.95248562e+05  2.55744020e+00  3.95248562e+05 -6.28924862e+01 
 3.99825939e+05  2.48531556e+00  3.99825939e+05 -6.31150410e+01 
 4.04456327e+05  2.41312208e+00  4.04456327e+05 -6.33361475e+01 
 4.09140339e+05  2.34086842e+00  4.09140339e+05 -6.35558277e+01 
 4.13878597e+05  2.26856320e+00  4.13878597e+05 -6.37741054e+01 
 4.18671729e+05  2.19621505e+00  4.18671729e+05 -6.39910052e+01 
 4.23520370e+05  2.12383257e+00  4.23520370e+05 -6.42065532e+01 
 4.28425163e+05  2.05142435e+00  4.28425163e+05 -6.44207768e+01 
 4.33386759e+05  1.97899897e+00  4.33386759e+05 -6.46337044e+01 
 4.38405814e+05  1.90656497e+00  4.38405814e+05 -6.48453659e+01 
 4.43482996e+05  1.83413090e+00  4.43482996e+05 -6.50557925e+01 
 4.48618977e+05  1.76170525e+00  4.48618977e+05 -6.52650163e+01 
 4.53814437e+05  1.68929648e+00  4.53814437e+05 -6.54730711e+01 
 4.59070066e+05  1.61691305e+00  4.59070066e+05 -6.56799917e+01 
 4.64386560e+05  1.54456335e+00  4.64386560e+05 -6.58858143e+01 
 4.69764625e+05  1.47225574e+00  4.69764625e+05 -6.60905762e+01 
 4.75204974e+05  1.39999857e+00  4.75204974e+05 -6.62943162e+01 
 4.80708327e+05  1.32780010e+00  4.80708327e+05 -6.64970741e+01 
 4.86275414e+05  1.25566858e+00  4.86275414e+05 -6.66988911e+01 
 4.91906974e+05  1.18361218e+00  4.91906974e+05 -6.68998098e+01 
 4.97603753e+05  1.11163904e+00  4.97603753e+05 -6.70998738e+01 
 5.03366507e+05  1.03975724e+00  5.03366507e+05 -6.72991282e+01 
 5.09195999e+05  9.67974804e-01  5.09195999e+05 -6.74976192e+01 
 5.15093002e+05  8.96299681e-01  5.15093002e+05 -6.76953942e+01 
 5.21058299e+05  8.24739770e-01  5.21058299e+05 -6.78925022e+01 
 5.27092679e+05  7.53302896e-01  5.27092679e+05 -6.80889931e+01 
 5.33196944e+05  6.81996815e-01  5.33196944e+05 -6.82849182e+01 
 5.39371903e+05  6.10829210e-01  5.39371903e+05 -6.84803301e+01 
 5.45618374e+05  5.39807687e-01  5.45618374e+05 -6.86752826e+01 
 5.51937185e+05  4.68939770e-01  5.51937185e+05 -6.88698307e+01 
 5.58329174e+05  3.98232903e-01  5.58329174e+05 -6.90640307e+01 
 5.64795189e+05  3.27694441e-01  5.64795189e+05 -6.92579402e+01 
 5.71336088e+05  2.57331650e-01  5.71336088e+05 -6.94516179e+01 
 5.77952736e+05  1.87151705e-01  5.77952736e+05 -6.96451239e+01 
 5.84646012e+05  1.17161683e-01  5.84646012e+05 -6.98385193e+01 
 5.91416802e+05  4.73685600e-02  5.91416802e+05 -7.00318666e+01 
 5.98266006e+05 -2.22207883e-02  5.98266006e+05 -7.02252295e+01 
 6.05194529e+05 -9.15995938e-02  6.05194529e+05 -7.04186729e+01 
 6.12203293e+05 -1.60761198e-01  6.12203293e+05 -7.06122628e+01 
 6.19293224e+05 -2.29699055e-01  6.19293224e+05 -7.08060666e+01 
 6.26465265e+05 -2.98406736e-01  6.26465265e+05 -7.10001526e+01 
 6.33720365e+05 -3.66877932e-01  6.33720365e+05 -7.11945904e+01 
 6.41059486e+05 -4.35106457e-01  6.41059486e+05 -7.13894510e+01 
 6.48483601e+05 -5.03086251e-01  6.48483601e+05 -7.15848061e+01 
 6.55993696e+05 -5.70811385e-01  6.55993696e+05 -7.17807289e+01 
 6.63590765e+05 -6.38276064e-01  6.63590765e+05 -7.19772937e+01 
 6.71275815e+05 -7.05474628e-01  6.71275815e+05 -7.21745756e+01 
 6.79049866e+05 -7.72401559e-01  6.79049866e+05 -7.23726512e+01 
 6.86913949e+05 -8.39051482e-01  6.86913949e+05 -7.25715980e+01 
 6.94869105e+05 -9.05419167e-01  6.94869105e+05 -7.27714946e+01 
 7.02916391e+05 -9.71499537e-01  7.02916391e+05 -7.29724205e+01 
 7.11056872e+05 -1.03728767e+00  7.11056872e+05 -7.31744566e+01 
 7.19291628e+05 -1.10277878e+00  7.19291628e+05 -7.33776845e+01 
 7.27621750e+05 -1.16796828e+00  7.27621750e+05 -7.35821869e+01 
 7.36048344e+05 -1.23285172e+00  7.36048344e+05 -7.37880475e+01 
 7.44572527e+05 -1.29742480e+00  7.44572527e+05 -7.39953511e+01 
 7.53195428e+05 -1.36168343e+00  7.53195428e+05 -7.42041831e+01 
 7.61918191e+05 -1.42562365e+00  7.61918191e+05 -7.44146302e+01 
 7.70741972e+05 -1.48924170e+00  7.70741972e+05 -7.46267798e+01 
 7.79667942e+05 -1.55253399e+00  7.79667942e+05 -7.48407203e+01 
 7.88697283e+05 -1.61549711e+00  7.88697283e+05 -7.50565407e+01 
 7.97831193e+05 -1.67812783e+00  7.97831193e+05 -7.52743311e+01 
 8.07070883e+05 -1.74042311e+00  8.07070883e+05 -7.54941823e+01 
 8.16417578e+05 -1.80238007e+00  8.16417578e+05 -7.57161859e+01 
 8.25872518e+05 -1.86399606e+00  8.25872518e+05 -7.59404343e+01 
 8.35436955e+05 -1.92526860e+00  8.35436955e+05 -7.61670205e+01 
 8.45112157e+05 -1.98619539e+00  8.45112157e+05 -7.63960383e+01 
 8.54899409e+05 -2.04677434e+00  8.54899409e+05 -7.66275822e+01 
 8.64800006e+05 -2.10700356e+00  8.64800006e+05 -7.68617473e+01 
 8.74815263e+05 -2.16688134e+00  8.74815263e+05 -7.70986292e+01 
 8.84946506e+05 -2.22640619e+00  8.84946506e+05 -7.73383243e+01 
 8.95195080e+05 -2.28557680e+00  8.95195080e+05 -7.75809295e+01 
 9.05562342e+05 -2.34439208e+00  9.05562342e+05 -7.78265421e+01 
 9.16049667e+05 -2.40285112e+00  9.16049667e+05 -7.80752599e+01 
 9.26658447e+05 -2.46095322e+00  9.26658447e+05 -7.83271815e+01 
 9.37390086e+05 -2.51869790e+00  9.37390086e+05 -7.85824054e+01 
 9.48246009e+05 -2.57608486e+00  9.48246009e+05 -7.88410310e+01 
 9.59227655e+05 -2.63311402e+00  9.59227655e+05 -7.91031578e+01 
 9.70336479e+05 -2.68978549e+00  9.70336479e+05 -7.93688857e+01 
 9.81573954e+05 -2.74609959e+00  9.81573954e+05 -7.96383148e+01 
 9.92941571e+05 -2.80205684e+00  9.92941571e+05 -7.99115458e+01 
 1.00444084e+06 -2.85765797e+00  1.00444084e+06 -8.01886793e+01 
 1.01607327e+06 -2.91290391e+00  1.01607327e+06 -8.04698164e+01 
 1.02784043e+06 -2.96779579e+00  1.02784043e+06 -8.07550581e+01 
 1.03974386e+06 -3.02233492e+00  1.03974386e+06 -8.10445059e+01 
 1.05178514e+06 -3.07652284e+00  1.05178514e+06 -8.13382611e+01 
 1.06396587e+06 -3.13036128e+00  1.06396587e+06 -8.16364254e+01 
 1.07628767e+06 -3.18385214e+00  1.07628767e+06 -8.19391004e+01 
 1.08875217e+06 -3.23699755e+00  1.08875217e+06 -8.22463877e+01 
 1.10136102e+06 -3.28979980e+00  1.10136102e+06 -8.25583892e+01 
 1.11411589e+06 -3.34226140e+00  1.11411589e+06 -8.28752064e+01 
 1.12701847e+06 -3.39438503e+00  1.12701847e+06 -8.31969411e+01 
 1.14007049e+06 -3.44617356e+00  1.14007049e+06 -8.35236950e+01 
 1.15327365e+06 -3.49763004e+00  1.15327365e+06 -8.38555696e+01 
 1.16662972e+06 -3.54875770e+00  1.16662972e+06 -8.41926664e+01 
 1.18014047e+06 -3.59955997e+00  1.18014047e+06 -8.45350867e+01 
 1.19380769e+06 -3.65004042e+00  1.19380769e+06 -8.48829319e+01 
 1.20763319e+06 -3.70020282e+00  1.20763319e+06 -8.52363029e+01 
 1.22161880e+06 -3.75005109e+00  1.22161880e+06 -8.55953008e+01 
 1.23576638e+06 -3.79958935e+00  1.23576638e+06 -8.59600262e+01 
 1.25007780e+06 -3.84882185e+00  1.25007780e+06 -8.63305798e+01 
 1.26455496e+06 -3.89775302e+00  1.26455496e+06 -8.67070619e+01 
 1.27919978e+06 -3.94638745e+00  1.27919978e+06 -8.70895727e+01 
 1.29401421e+06 -3.99472986e+00  1.29401421e+06 -8.74782121e+01 
 1.30900020e+06 -4.04278515e+00  1.30900020e+06 -8.78730799e+01 
 1.32415974e+06 -4.09055837e+00  1.32415974e+06 -8.82742756e+01 
 1.33949485e+06 -4.13805471e+00  1.33949485e+06 -8.86818985e+01 
 1.35500755e+06 -4.18527950e+00  1.35500755e+06 -8.90960477e+01 
 1.37069990e+06 -4.23223821e+00  1.37069990e+06 -8.95168220e+01 
 1.38657399e+06 -4.27893647e+00  1.38657399e+06 -8.99443201e+01 
 1.40263192e+06 -4.32538002e+00  1.40263192e+06 -9.03786405e+01 
 1.41887581e+06 -4.37157477e+00  1.41887581e+06 -9.08198815e+01 
 1.43530782e+06 -4.41752673e+00  1.43530782e+06 -9.12681412e+01 
 1.45193013e+06 -4.46324207e+00  1.45193013e+06 -9.17235175e+01 
 1.46874495e+06 -4.50872708e+00  1.46874495e+06 -9.21861082e+01 
 1.48575450e+06 -4.55398819e+00  1.48575450e+06 -9.26560110e+01 
 1.50296103e+06 -4.59903194e+00  1.50296103e+06 -9.31333236e+01 
 1.52036684e+06 -4.64386503e+00  1.52036684e+06 -9.36181435e+01 
 1.53797422e+06 -4.68849429e+00  1.53797422e+06 -9.41105682e+01 
 1.55578551e+06 -4.73292666e+00  1.55578551e+06 -9.46106952e+01 
 1.57380308e+06 -4.77716925e+00  1.57380308e+06 -9.51186220e+01 
 1.59202931e+06 -4.82122929e+00  1.59202931e+06 -9.56344462e+01 
 1.61046661e+06 -4.86511415e+00  1.61046661e+06 -9.61582655e+01 
 1.62911744e+06 -4.90883137e+00  1.62911744e+06 -9.66901777e+01 
 1.64798426e+06 -4.95238861e+00  1.64798426e+06 -9.72302809e+01 
 1.66706959e+06 -4.99579373e+00  1.66706959e+06 -9.77786733e+01 
 1.68637593e+06 -5.03905473e+00  1.68637593e+06 -9.83354533e+01 
 1.70590587e+06 -5.08217978e+00  1.70590587e+06 -9.89007199e+01 
 1.72566198e+06 -5.12517725e+00  1.72566198e+06 -9.94745721e+01 
 1.74564689e+06 -5.16805571e+00  1.74564689e+06 -1.00057110e+02 
 1.76586324e+06 -5.21082393e+00  1.76586324e+06 -1.00648433e+02 
 1.78631372e+06 -5.25349088e+00  1.78631372e+06 -1.01248642e+02 
 1.80700103e+06 -5.29606581e+00  1.80700103e+06 -1.01857837e+02 
 1.82792793e+06 -5.33855819e+00  1.82792793e+06 -1.02476122e+02 
 1.84909717e+06 -5.38097777e+00  1.84909717e+06 -1.03103598e+02 
 1.87051159e+06 -5.42333460e+00  1.87051159e+06 -1.03740368e+02 
 1.89217400e+06 -5.46563903e+00  1.89217400e+06 -1.04386536e+02 
 1.91408728e+06 -5.50790176e+00  1.91408728e+06 -1.05042207e+02 
 1.93625434e+06 -5.55013384e+00  1.93625434e+06 -1.05707485e+02 
 1.95867812e+06 -5.59234673e+00  1.95867812e+06 -1.06382477e+02 
 1.98136159e+06 -5.63455230e+00  1.98136159e+06 -1.07067291e+02 
 2.00430776e+06 -5.67676289e+00  2.00430776e+06 -1.07762032e+02 
 2.02751966e+06 -5.71899130e+00  2.02751966e+06 -1.08466811e+02 
 2.05100039e+06 -5.76125089e+00  2.05100039e+06 -1.09181735e+02 
 2.07475304e+06 -5.80355557e+00  2.07475304e+06 -1.09906917e+02 
 2.09878077e+06 -5.84591988e+00  2.09878077e+06 -1.10642465e+02 
 2.12308677e+06 -5.88835899e+00  2.12308677e+06 -1.11388492e+02 
 2.14767426e+06 -5.93088879e+00  2.14767426e+06 -1.12145109e+02 
 2.17254649e+06 -5.97352591e+00  2.17254649e+06 -1.12912429e+02 
 2.19770677e+06 -6.01628781e+00  2.19770677e+06 -1.13690564e+02 
 2.22315843e+06 -6.05919278e+00  2.22315843e+06 -1.14479627e+02 
 2.24890485e+06 -6.10226004e+00  2.24890485e+06 -1.15279730e+02 
 2.27494944e+06 -6.14550979e+00  2.27494944e+06 -1.16090986e+02 
 2.30129565e+06 -6.18896325e+00  2.30129565e+06 -1.16913507e+02 
 2.32794697e+06 -6.23264274e+00  2.32794697e+06 -1.17747403e+02 
 2.35490695e+06 -6.27657175e+00  2.35490695e+06 -1.18592783e+02 
 2.38217915e+06 -6.32077497e+00  2.38217915e+06 -1.19449755e+02 
 2.40976718e+06 -6.36527839e+00  2.40976718e+06 -1.20318426e+02 
 2.43767472e+06 -6.41010934e+00  2.43767472e+06 -1.21198897e+02 
 2.46590545e+06 -6.45529653e+00  2.46590545e+06 -1.22091268e+02 
 2.49446313e+06 -6.50087017e+00  2.49446313e+06 -1.22995635e+02 
 2.52335153e+06 -6.54686195e+00  2.52335153e+06 -1.23912090e+02 
 2.55257448e+06 -6.59330515e+00  2.55257448e+06 -1.24840718e+02 
 2.58213587e+06 -6.64023465e+00  2.58213587e+06 -1.25781598e+02 
 2.61203961e+06 -6.68768697e+00  2.61203961e+06 -1.26734803e+02 
 2.64228966e+06 -6.73570033e+00  2.64228966e+06 -1.27700399e+02 
 2.67289004e+06 -6.78431460e+00  2.67289004e+06 -1.28678438e+02 
 2.70384481e+06 -6.83357140e+00  2.70384481e+06 -1.29668968e+02 
 2.73515806e+06 -6.88351402e+00  2.73515806e+06 -1.30672021e+02 
 2.76683395e+06 -6.93418743e+00  2.76683395e+06 -1.31687619e+02 
 2.79887667e+06 -6.98563824e+00  2.79887667e+06 -1.32715768e+02 
 2.83129049e+06 -7.03791466e+00  2.83129049e+06 -1.33756461e+02 
 2.86407969e+06 -7.09106636e+00  2.86407969e+06 -1.34809672e+02 
 2.89724862e+06 -7.14514447e+00  2.89724862e+06 -1.35875357e+02 
 2.93080168e+06 -7.20020136e+00  2.93080168e+06 -1.36953456e+02 
 2.96474332e+06 -7.25629056e+00  2.96474332e+06 -1.38043884e+02 
 2.99907804e+06 -7.31346655e+00  2.99907804e+06 -1.39146536e+02 
 3.03381039e+06 -7.37178455e+00  3.03381039e+06 -1.40261282e+02 
 3.06894498e+06 -7.43130031e+00  3.06894498e+06 -1.41387968e+02 
 3.10448646e+06 -7.49206985e+00  3.10448646e+06 -1.42526415e+02 
 3.14043954e+06 -7.55414914e+00  3.14043954e+06 -1.43676415e+02 
 3.17680900e+06 -7.61759380e+00  3.17680900e+06 -1.44837732e+02 
 3.21359965e+06 -7.68245876e+00  3.21359965e+06 -1.46010104e+02 
 3.25081638e+06 -7.74879788e+00  3.25081638e+06 -1.47193237e+02 
 3.28846411e+06 -7.81666356e+00  3.28846411e+06 -1.48386809e+02 
 3.32654785e+06 -7.88610634e+00  3.32654785e+06 -1.49590469e+02 
 3.36507263e+06 -7.95717447e+00  3.36507263e+06 -1.50803835e+02 
 3.40404356e+06 -8.02991349e+00  3.40404356e+06 -1.52026498e+02 
 3.44346582e+06 -8.10436578e+00  3.44346582e+06 -1.53258022e+02 
 3.48334463e+06 -8.18057014e+00  3.48334463e+06 -1.54497944e+02 
 3.52368527e+06 -8.25856138e+00  3.52368527e+06 -1.55745777e+02 
 3.56449310e+06 -8.33836991e+00  3.56449310e+06 -1.57001009e+02 
 3.60577353e+06 -8.42002137e+00  3.60577353e+06 -1.58263112e+02 
 3.64753203e+06 -8.50353631e+00  3.64753203e+06 -1.59531537e+02 
 3.68977413e+06 -8.58892985e+00  3.68977413e+06 -1.60805722e+02 
 3.73250543e+06 -8.67621146e+00  3.73250543e+06 -1.62085092e+02 
 3.77573161e+06 -8.76538473e+00  3.77573161e+06 -1.63369067e+02 
 3.81945839e+06 -8.85644729e+00  3.81945839e+06 -1.64657061e+02 
 3.86369158e+06 -8.94939068e+00  3.86369158e+06 -1.65948487e+02 
 3.90843702e+06 -9.04420036e+00  3.90843702e+06 -1.67242762e+02 
 3.95370067e+06 -9.14085577e+00  3.95370067e+06 -1.68539312e+02 
 3.99948851e+06 -9.23933046e+00  3.99948851e+06 -1.69837571e+02 
 4.04580662e+06 -9.33959231e+00  4.04580662e+06 -1.71136992e+02 
 4.09266114e+06 -9.44160376e+00  4.09266114e+06 -1.72437043e+02 
 4.14005829e+06 -9.54532214e+00  4.14005829e+06 -1.73737217e+02 
 4.18800434e+06 -9.65070007e+00  4.18800434e+06 -1.75037029e+02 
 4.23650566e+06 -9.75768590e+00  4.23650566e+06 -1.76336024e+02 
 4.28556866e+06 -9.86622415e+00  4.28556866e+06 -1.77633778e+02 
 4.33519987e+06 -9.97625603e+00  4.33519987e+06 -1.78929895e+02 
 4.38540586e+06 -1.00877200e+01  4.38540586e+06  1.79775982e+02 
 4.43619329e+06 -1.02005523e+01  4.43619329e+06  1.78484179e+02 
 4.48756888e+06 -1.03146874e+01  4.48756888e+06  1.77194984e+02 
 4.53953946e+06 -1.04300589e+01  4.53953946e+06  1.75908649e+02 
 4.59211190e+06 -1.05465995e+01  4.59211190e+06  1.74625393e+02 
 4.64529319e+06 -1.06642422e+01  4.64529319e+06  1.73345397e+02 
 4.69909037e+06 -1.07829203e+01  4.69909037e+06  1.72068808e+02 
 4.75351058e+06 -1.09025680e+01  4.75351058e+06  1.70795740e+02 
 4.80856103e+06 -1.10231210e+01  4.80856103e+06  1.69526276e+02 
 4.86424902e+06 -1.11445165e+01  4.86424902e+06  1.68260468e+02 
 4.92058193e+06 -1.12666942e+01  4.92058193e+06  1.66998341e+02 
 4.97756723e+06 -1.13895958e+01  4.97756723e+06  1.65739893e+02 
 5.03521248e+06 -1.15131662e+01  5.03521248e+06  1.64485099e+02 
 5.09352532e+06 -1.16373527e+01  5.09352532e+06  1.63233913e+02 
 5.15251348e+06 -1.17621058e+01  5.15251348e+06  1.61986271e+02 
 5.21218479e+06 -1.18873795e+01  5.21218479e+06  1.60742089e+02 
 5.27254715e+06 -1.20131307e+01  5.27254715e+06  1.59501273e+02 
 5.33360856e+06 -1.21393198e+01  5.33360856e+06  1.58263715e+02 
 5.39537713e+06 -1.22659104e+01  5.39537713e+06  1.57029297e+02 
 5.45786104e+06 -1.23928696e+01  5.45786104e+06  1.55797894e+02 
 5.52106858e+06 -1.25201677e+01  5.52106858e+06  1.54569376e+02 
 5.58500812e+06 -1.26477779e+01  5.58500812e+06  1.53343609e+02 
 5.64968815e+06 -1.27756769e+01  5.64968815e+06  1.52120456e+02 
 5.71511724e+06 -1.29038441e+01  5.71511724e+06  1.50899781e+02 
 5.78130406e+06 -1.30322617e+01  5.78130406e+06  1.49681447e+02 
 5.84825740e+06 -1.31609146e+01  5.84825740e+06  1.48465322e+02 
 5.91598612e+06 -1.32897903e+01  5.91598612e+06  1.47251275e+02 
 5.98449920e+06 -1.34188786e+01  5.98449920e+06  1.46039181e+02 
 6.05380574e+06 -1.35481715e+01  6.05380574e+06  1.44828918e+02 
 6.12391492e+06 -1.36776628e+01  6.12391492e+06  1.43620371e+02 
 6.19483603e+06 -1.38073484e+01  6.19483603e+06  1.42413433e+02 
 6.26657849e+06 -1.39372259e+01  6.26657849e+06  1.41208000e+02 
 6.33915179e+06 -1.40672942e+01  6.33915179e+06  1.40003979e+02 
 6.41256556e+06 -1.41975536e+01  6.41256556e+06  1.38801281e+02 
 6.48682954e+06 -1.43280058e+01  6.48682954e+06  1.37599826e+02 
 6.56195357e+06 -1.44586533e+01  6.56195357e+06  1.36399542e+02 
 6.63794761e+06 -1.45894997e+01  6.63794761e+06  1.35200363e+02 
 6.71482174e+06 -1.47205493e+01  6.71482174e+06  1.34002231e+02 
 6.79258615e+06 -1.48518069e+01  6.79258615e+06  1.32805095e+02 
 6.87125115e+06 -1.49832782e+01  6.87125115e+06  1.31608912e+02 
 6.95082717e+06 -1.51149691e+01  6.95082717e+06  1.30413643e+02 
 7.03132476e+06 -1.52468859e+01  7.03132476e+06  1.29219257e+02 
 7.11275460e+06 -1.53790350e+01  7.11275460e+06  1.28025730e+02 
 7.19512747e+06 -1.55114232e+01  7.19512747e+06  1.26833042e+02 
 7.27845431e+06 -1.56440573e+01  7.27845431e+06  1.25641179e+02 
 7.36274615e+06 -1.57769441e+01  7.36274615e+06  1.24450131e+02 
 7.44801418e+06 -1.59100903e+01  7.44801418e+06  1.23259894e+02 
 7.53426970e+06 -1.60435026e+01  7.53426970e+06  1.22070467e+02 
 7.62152414e+06 -1.61771876e+01  7.62152414e+06  1.20881853e+02 
 7.70978908e+06 -1.63111516e+01  7.70978908e+06  1.19694058e+02 
 7.79907622e+06 -1.64454008e+01  7.79907622e+06  1.18507092e+02 
 7.88939739e+06 -1.65799410e+01  7.88939739e+06  1.17320967e+02 
 7.98076457e+06 -1.67147780e+01  7.98076457e+06  1.16135696e+02 
 8.07318988e+06 -1.68499171e+01  8.07318988e+06  1.14951295e+02 
 8.16668556e+06 -1.69853633e+01  8.16668556e+06  1.13767782e+02 
 8.26126402e+06 -1.71211215e+01  8.26126402e+06  1.12585174e+02 
 8.35693779e+06 -1.72571960e+01  8.35693779e+06  1.11403490e+02 
 8.45371956e+06 -1.73935909e+01  8.45371956e+06  1.10222750e+02 
 8.55162216e+06 -1.75303102e+01  8.55162216e+06  1.09042973e+02 
 8.65065857e+06 -1.76673572e+01  8.65065857e+06  1.07864179e+02 
 8.75084193e+06 -1.78047352e+01  8.75084193e+06  1.06686386e+02 
 8.85218551e+06 -1.79424470e+01  8.85218551e+06  1.05509613e+02 
 8.95470275e+06 -1.80804953e+01  8.95470275e+06  1.04333877e+02 
 9.05840724e+06 -1.82188822e+01  9.05840724e+06  1.03159195e+02 
 9.16331273e+06 -1.83576098e+01  9.16331273e+06  1.01985580e+02 
 9.26943314e+06 -1.84966800e+01  9.26943314e+06  1.00813047e+02 
 9.37678253e+06 -1.86360942e+01  9.37678253e+06  9.96416073e+01 
 9.48537513e+06 -1.87758537e+01  9.48537513e+06  9.84712704e+01 
 9.59522534e+06 -1.89159597e+01  9.59522534e+06  9.73020443e+01 
 9.70634773e+06 -1.90564131e+01  9.70634773e+06  9.61339349e+01 
 9.81875703e+06 -1.91972146e+01  9.81875703e+06  9.49669457e+01 
 9.93246814e+06 -1.93383649e+01  9.93246814e+06  9.38010779e+01 
 1.00474961e+07 -1.94798644e+01  1.00474961e+07  9.26363306e+01 
 1.01638563e+07 -1.96217134e+01  1.01638563e+07  9.14727001e+01 
 1.02815640e+07 -1.97639123e+01  1.02815640e+07  9.03101804e+01 
 1.04006349e+07 -1.99064612e+01  1.04006349e+07  8.91487630e+01 
 1.05210847e+07 -2.00493603e+01  1.05210847e+07  8.79884368e+01 
 1.06429295e+07 -2.01926097e+01  1.06429295e+07  8.68291881e+01 
 1.07661854e+07 -2.03362095e+01  1.07661854e+07  8.56710005e+01 
 1.08908687e+07 -2.04801599e+01  1.08908687e+07  8.45138554e+01 
 1.10169959e+07 -2.06244609e+01  1.10169959e+07  8.33577311e+01 
 1.11445838e+07 -2.07691126e+01  1.11445838e+07  8.22026039e+01 
 1.12736493e+07 -2.09141155e+01  1.12736493e+07  8.10484472e+01 
 1.14042096e+07 -2.10594697e+01  1.14042096e+07  7.98952321e+01 
 1.15362818e+07 -2.12051757e+01  1.15362818e+07  7.87429273e+01 
 1.16698836e+07 -2.13512339e+01  1.16698836e+07  7.75914990e+01 
 1.18050326e+07 -2.14976450e+01  1.18050326e+07  7.64409112e+01 
 1.19417468e+07 -2.16444098e+01  1.19417468e+07  7.52911258e+01 
 1.20800443e+07 -2.17915292e+01  1.20800443e+07  7.41421022e+01 
 1.22199434e+07 -2.19390043e+01  1.22199434e+07  7.29937981e+01 
 1.23614627e+07 -2.20868363e+01  1.23614627e+07  7.18461690e+01 
 1.25046209e+07 -2.22350267e+01  1.25046209e+07  7.06991685e+01 
 1.26494370e+07 -2.23835772e+01  1.26494370e+07  6.95527484e+01 
 1.27959303e+07 -2.25324895e+01  1.27959303e+07  6.84068590e+01 
 1.29441200e+07 -2.26817657e+01  1.29441200e+07  6.72614487e+01 
 1.30940260e+07 -2.28314083e+01  1.30940260e+07  6.61164647e+01 
 1.32456680e+07 -2.29814196e+01  1.32456680e+07  6.49718525e+01 
 1.33990662e+07 -2.31318026e+01  1.33990662e+07  6.38275566e+01 
 1.35542409e+07 -2.32825601e+01  1.35542409e+07  6.26835202e+01 
 1.37112127e+07 -2.34336955e+01  1.37112127e+07  6.15396855e+01 
 1.38700024e+07 -2.35852124e+01  1.38700024e+07  6.03959938e+01 
 1.40306310e+07 -2.37371145e+01  1.40306310e+07  5.92523856e+01 
 1.41931199e+07 -2.38894059e+01  1.41931199e+07  5.81088007e+01 
 1.43574905e+07 -2.40420909e+01  1.43574905e+07  5.69651783e+01 
 1.45237648e+07 -2.41951742e+01  1.45237648e+07  5.58214571e+01 
 1.46919646e+07 -2.43486606e+01  1.46919646e+07  5.46775757e+01 
 1.48621124e+07 -2.45025554e+01  1.48621124e+07  5.35334724e+01 
 1.50342306e+07 -2.46568638e+01  1.50342306e+07  5.23890854e+01 
 1.52083422e+07 -2.48115918e+01  1.52083422e+07  5.12443529e+01 
 1.53844701e+07 -2.49667451e+01  1.53844701e+07  5.00992134e+01 
 1.55626378e+07 -2.51223301e+01  1.55626378e+07  4.89536057e+01 
 1.57428689e+07 -2.52783534e+01  1.57428689e+07  4.78074690e+01 
 1.59251872e+07 -2.54348216e+01  1.59251872e+07  4.66607429e+01 
 1.61096169e+07 -2.55917418e+01  1.61096169e+07  4.55133679e+01 
 1.62961825e+07 -2.57491214e+01  1.62961825e+07  4.43652852e+01 
 1.64849088e+07 -2.59069679e+01  1.64849088e+07  4.32164368e+01 
 1.66758206e+07 -2.60652892e+01  1.66758206e+07  4.20667658e+01 
 1.68689435e+07 -2.62240932e+01  1.68689435e+07  4.09162166e+01 
 1.70643029e+07 -2.63833883e+01  1.70643029e+07  3.97647345e+01 
 1.72619247e+07 -2.65431830e+01  1.72619247e+07  3.86122665e+01 
 1.74618352e+07 -2.67034861e+01  1.74618352e+07  3.74587608e+01 
 1.76640609e+07 -2.68643065e+01  1.76640609e+07  3.63041674e+01 
 1.78686285e+07 -2.70256534e+01  1.78686285e+07  3.51484380e+01 
 1.80755653e+07 -2.71875362e+01  1.80755653e+07  3.39915259e+01 
 1.82848985e+07 -2.73499645e+01  1.82848985e+07  3.28333864e+01 
 1.84966561e+07 -2.75129479e+01  1.84966561e+07  3.16739769e+01 
 1.87108661e+07 -2.76764966e+01  1.87108661e+07  3.05132568e+01 
 1.89275568e+07 -2.78406205e+01  1.89275568e+07  2.93511877e+01 
 1.91467570e+07 -2.80053298e+01  1.91467570e+07  2.81877336e+01 
 1.93684957e+07 -2.81706351e+01  1.93684957e+07  2.70228607e+01 
 1.95928024e+07 -2.83365468e+01  1.95928024e+07  2.58565379e+01 
 1.98197069e+07 -2.85030756e+01  1.98197069e+07  2.46887366e+01 
 2.00492391e+07 -2.86702323e+01  2.00492391e+07  2.35194306e+01 
 2.02814295e+07 -2.88380277e+01  2.02814295e+07  2.23485969e+01 
 2.05163089e+07 -2.90064727e+01  2.05163089e+07  2.11762150e+01 
 2.07539085e+07 -2.91755785e+01  2.07539085e+07  2.00022673e+01 
 2.09942597e+07 -2.93453560e+01  2.09942597e+07  1.88267394e+01 
 2.12373944e+07 -2.95158165e+01  2.12373944e+07  1.76496197e+01 
 2.14833448e+07 -2.96869712e+01  2.14833448e+07  1.64708998e+01 
 2.17321436e+07 -2.98588311e+01  2.17321436e+07  1.52905746e+01 
 2.19838238e+07 -3.00314077e+01  2.19838238e+07  1.41086420e+01 
 2.22384186e+07 -3.02047120e+01  2.22384186e+07  1.29251035e+01 
 2.24959620e+07 -3.03787553e+01  2.24959620e+07  1.17399638e+01 
 2.27564879e+07 -3.05535488e+01  2.27564879e+07  1.05532310e+01 
 2.30200310e+07 -3.07291037e+01  2.30200310e+07  9.36491681e+00 
 2.32866262e+07 -3.09054309e+01  2.32866262e+07  8.17503639e+00 
 2.35563088e+07 -3.10825415e+01  2.35563088e+07  6.98360848e+00 
 2.38291146e+07 -3.12604464e+01  2.38291146e+07  5.79065546e+00 
 2.41050798e+07 -3.14391565e+01  2.41050798e+07  4.59620337e+00 
 2.43842409e+07 -3.16186825e+01  2.43842409e+07  3.40028195e+00 
 2.46666350e+07 -3.17990349e+01  2.46666350e+07  2.20292469e+00 
 2.49522996e+07 -3.19802243e+01  2.49522996e+07  1.00416882e+00 
 2.52412724e+07 -3.21622608e+01  2.52412724e+07 -1.95944602e-01 
 2.55335918e+07 -3.23451546e+01  2.55335918e+07 -1.39737071e+00 
 2.58292965e+07 -3.25289157e+01  2.58292965e+07 -2.60006080e+00 
 2.61284258e+07 -3.27135537e+01  2.61284258e+07 -3.80396229e+00 
 2.64310194e+07 -3.28990781e+01  2.64310194e+07 -5.00901873e+00 
 2.67371172e+07 -3.30854983e+01  2.67371172e+07 -6.21516979e+00 
 2.70467600e+07 -3.32728232e+01  2.70467600e+07 -7.42235122e+00 
 2.73599888e+07 -3.34610616e+01  2.73599888e+07 -8.63049490e+00 
 2.76768451e+07 -3.36502220e+01  2.76768451e+07 -9.83952878e+00 
 2.79973709e+07 -3.38403126e+01  2.79973709e+07 -1.10493769e+01 
 2.83216087e+07 -3.40313413e+01  2.83216087e+07 -1.22599596e+01 
 2.86496015e+07 -3.42233156e+01  2.86496015e+07 -1.34711930e+01 
 2.89813928e+07 -3.44162427e+01  2.89813928e+07 -1.46829895e+01 
 2.93170265e+07 -3.46101296e+01  2.93170265e+07 -1.58952579e+01 
 2.96565473e+07 -3.48049828e+01  2.96565473e+07 -1.71079029e+01 
 3.00000000e+07 -3.50008083e+01  3.00000000e+07 -1.83208253e+01 
