cella,variante,f_hz,amp,gm,rl,grandezza,uscita,picco_V,t_picco_s,finestra_s,esito,nota
x01000_dnamax_i,ldr_v4_td6_BB_dnamax,1000,0,g0a10_t0a0,100k,A_ins,MAINJACK,8.904e-06,2.362406,2.000,sotto,riferimento rsempre_g0t0_dnamax
x01000_dnamax_i,ldr_v4_td6_BB_dnamax,1000,0,g0a10_t0a0,100k,A_rel,MAINJACK,3.277e-05,8.000031,2.000,sotto,riferimento rmai_g0t0_dnamax
x01000_dnamax_i,ldr_v4_td6_BB_dnamax,1000,0,g0a10_t0a0,100k,B2,MAINJACK,6.605e-06,7.520000,,sotto,mute da t_ins+t_grad+20 ms a t_rel
x01000_dnamax_i,ldr_v4_td6_BB_dnamax,1000,0,g0a10_t0a0,100k,A_ins,FIXJACK1,8.908e-06,2.362437,2.000,sotto,riferimento rsempre_g0t0_dnamax
x01000_dnamax_i,ldr_v4_td6_BB_dnamax,1000,0,g0a10_t0a0,100k,A_rel,FIXJACK1,1.026e-10,8.000312,2.000,sotto,riferimento rmai_g0t0_dnamax
x01000_dnamax_i,ldr_v4_td6_BB_dnamax,1000,0,g0a10_t0a0,100k,B2,FIXJACK1,1.603e-05,7.520000,,sotto,mute da t_ins+t_grad+20 ms a t_rel
x01000_dnamax_i,ldr_v4_td6_BB_dnamax,1000,0,g0a10_t0a0,100k,A_ins,FIXJACK2,8.908e-06,2.362437,2.000,sotto,riferimento rsempre_g0t0_dnamax
x01000_dnamax_i,ldr_v4_td6_BB_dnamax,1000,0,g0a10_t0a0,100k,A_rel,FIXJACK2,1.015e-10,8.000312,2.000,sotto,riferimento rmai_g0t0_dnamax
x01000_dnamax_i,ldr_v4_td6_BB_dnamax,1000,0,g0a10_t0a0,100k,B2,FIXJACK2,1.603e-05,7.520000,,sotto,mute da t_ins+t_grad+20 ms a t_rel
x01000_dnamax_c,ldr_v4_td6_BB_dnamax,1000,0,g0a10_t0a0,100k,A_ins,MAINJACK,3.277e-05,8.000031,2.000,sotto,riferimento rsempre_g10t0_dnamax
x01000_dnamax_c,ldr_v4_td6_BB_dnamax,1000,0,g0a10_t0a0,100k,A_rel,MAINJACK,6.959e-05,11.323187,2.000,sotto,riferimento rmai_g10t0_dnamax
x01000_dnamax_c,ldr_v4_td6_BB_dnamax,1000,0,g0a10_t0a0,100k,B2,MAINJACK,1.081e-07,8.027052,,sotto,mute da t_ins+t_grad+20 ms a t_rel
x01000_dnamax_c,ldr_v4_td6_BB_dnamax,1000,0,g0a10_t0a0,100k,A_ins,FIXJACK1,1.005e-10,8.000312,2.000,sotto,riferimento rsempre_g10t0_dnamax
x01000_dnamax_c,ldr_v4_td6_BB_dnamax,1000,0,g0a10_t0a0,100k,A_rel,FIXJACK1,2.206e-05,11.323219,2.000,sotto,riferimento rmai_g10t0_dnamax
x01000_dnamax_c,ldr_v4_td6_BB_dnamax,1000,0,g0a10_t0a0,100k,B2,FIXJACK1,3.929e-14,8.023167,,sotto,mute da t_ins+t_grad+20 ms a t_rel
x01000_dnamax_c,ldr_v4_td6_BB_dnamax,1000,0,g0a10_t0a0,100k,A_ins,FIXJACK2,1.005e-10,8.000312,2.000,sotto,riferimento rsempre_g10t0_dnamax
x01000_dnamax_c,ldr_v4_td6_BB_dnamax,1000,0,g0a10_t0a0,100k,A_rel,FIXJACK2,2.206e-05,11.323219,2.000,sotto,riferimento rmai_g10t0_dnamax
x01000_dnamax_c,ldr_v4_td6_BB_dnamax,1000,0,g0a10_t0a0,100k,B2,FIXJACK2,3.679e-14,8.027042,,sotto,mute da t_ins+t_grad+20 ms a t_rel
x10000_dnamax_i,ldr_v4_td6_BB_dnamax,1000,0,g10a0_t0a0,100k,A_ins,MAINJACK,2.806e-05,2.362406,2.000,sotto,riferimento rsempre_g10t0_dnamax
x10000_dnamax_i,ldr_v4_td6_BB_dnamax,1000,0,g10a0_t0a0,100k,A_rel,MAINJACK,3.417e-05,8.000333,2.000,sotto,riferimento rmai_g10t0_dnamax
x10000_dnamax_i,ldr_v4_td6_BB_dnamax,1000,0,g10a0_t0a0,100k,B2,MAINJACK,2.082e-05,7.520000,,sotto,mute da t_ins+t_grad+20 ms a t_rel
x10000_dnamax_i,ldr_v4_td6_BB_dnamax,1000,0,g10a0_t0a0,100k,A_ins,FIXJACK1,8.908e-06,2.362437,2.000,sotto,riferimento rsempre_g10t0_dnamax
x10000_dnamax_i,ldr_v4_td6_BB_dnamax,1000,0,g10a0_t0a0,100k,A_rel,FIXJACK1,7.362e-11,8.000906,2.000,sotto,riferimento rmai_g10t0_dnamax
x10000_dnamax_i,ldr_v4_td6_BB_dnamax,1000,0,g10a0_t0a0,100k,B2,FIXJACK1,1.603e-05,7.520000,,sotto,mute da t_ins+t_grad+20 ms a t_rel
x10000_dnamax_i,ldr_v4_td6_BB_dnamax,1000,0,g10a0_t0a0,100k,A_ins,FIXJACK2,8.908e-06,2.362437,2.000,sotto,riferimento rsempre_g10t0_dnamax
x10000_dnamax_i,ldr_v4_td6_BB_dnamax,1000,0,g10a0_t0a0,100k,A_rel,FIXJACK2,7.584e-11,8.000906,2.000,sotto,riferimento rmai_g10t0_dnamax
x10000_dnamax_i,ldr_v4_td6_BB_dnamax,1000,0,g10a0_t0a0,100k,B2,FIXJACK2,1.603e-05,7.520000,,sotto,mute da t_ins+t_grad+20 ms a t_rel
x10000_dnamax_c,ldr_v4_td6_BB_dnamax,1000,0,g10a0_t0a0,100k,A_ins,MAINJACK,3.417e-05,8.000333,2.000,sotto,riferimento rsempre_g0t0_dnamax
x10000_dnamax_c,ldr_v4_td6_BB_dnamax,1000,0,g10a0_t0a0,100k,A_rel,MAINJACK,2.208e-05,11.323187,2.000,sotto,riferimento rmai_g0t0_dnamax
x10000_dnamax_c,ldr_v4_td6_BB_dnamax,1000,0,g10a0_t0a0,100k,B2,MAINJACK,1.095e-07,8.027208,,sotto,mute da t_ins+t_grad+20 ms a t_rel
x10000_dnamax_c,ldr_v4_td6_BB_dnamax,1000,0,g10a0_t0a0,100k,A_ins,FIXJACK1,7.147e-11,8.000906,2.000,sotto,riferimento rsempre_g0t0_dnamax
x10000_dnamax_c,ldr_v4_td6_BB_dnamax,1000,0,g10a0_t0a0,100k,A_rel,FIXJACK1,2.206e-05,11.323219,2.000,sotto,riferimento rmai_g0t0_dnamax
x10000_dnamax_c,ldr_v4_td6_BB_dnamax,1000,0,g10a0_t0a0,100k,B2,FIXJACK1,2.441e-14,8.248771,,sotto,mute da t_ins+t_grad+20 ms a t_rel
x10000_dnamax_c,ldr_v4_td6_BB_dnamax,1000,0,g10a0_t0a0,100k,A_ins,FIXJACK2,7.146e-11,8.000906,2.000,sotto,riferimento rsempre_g0t0_dnamax
x10000_dnamax_c,ldr_v4_td6_BB_dnamax,1000,0,g10a0_t0a0,100k,A_rel,FIXJACK2,2.206e-05,11.323219,2.000,sotto,riferimento rmai_g0t0_dnamax
x10000_dnamax_c,ldr_v4_td6_BB_dnamax,1000,0,g10a0_t0a0,100k,B2,FIXJACK2,2.324e-14,8.025208,,sotto,mute da t_ins+t_grad+20 ms a t_rel
x1010012_dnamax_i,ldr_v4_td6_BB_dnamax,1000,0,g10a10_t0a12,100k,A_ins,MAINJACK,2.806e-05,2.362406,2.000,sotto,riferimento rsempre_g10t0_dnamax
x1010012_dnamax_i,ldr_v4_td6_BB_dnamax,1000,0,g10a10_t0a12,100k,A_rel,MAINJACK,3.116e-05,8.000031,2.000,sotto,riferimento rmai_g10t0_dnamax
x1010012_dnamax_i,ldr_v4_td6_BB_dnamax,1000,0,g10a10_t0a12,100k,B2,MAINJACK,2.082e-05,7.520000,,sotto,mute da t_ins+t_grad+20 ms a t_rel
x1010012_dnamax_i,ldr_v4_td6_BB_dnamax,1000,0,g10a10_t0a12,100k,A_ins,FIXJACK1,8.908e-06,2.362437,2.000,sotto,riferimento rsempre_g10t0_dnamax
x1010012_dnamax_i,ldr_v4_td6_BB_dnamax,1000,0,g10a10_t0a12,100k,A_rel,FIXJACK1,1.234e-09,8.001531,2.000,sotto,riferimento rmai_g10t0_dnamax
x1010012_dnamax_i,ldr_v4_td6_BB_dnamax,1000,0,g10a10_t0a12,100k,B2,FIXJACK1,1.603e-05,7.520000,,sotto,mute da t_ins+t_grad+20 ms a t_rel
x1010012_dnamax_i,ldr_v4_td6_BB_dnamax,1000,0,g10a10_t0a12,100k,A_ins,FIXJACK2,8.908e-06,2.362437,2.000,sotto,riferimento rsempre_g10t0_dnamax
x1010012_dnamax_i,ldr_v4_td6_BB_dnamax,1000,0,g10a10_t0a12,100k,A_rel,FIXJACK2,1.235e-09,8.001531,2.000,sotto,riferimento rmai_g10t0_dnamax
x1010012_dnamax_i,ldr_v4_td6_BB_dnamax,1000,0,g10a10_t0a12,100k,B2,FIXJACK2,1.603e-05,7.520000,,sotto,mute da t_ins+t_grad+20 ms a t_rel
x1010012_dnamax_c,ldr_v4_td6_BB_dnamax,1000,0,g10a10_t0a12,100k,A_ins,MAINJACK,3.116e-05,8.000031,2.000,sotto,riferimento rsempre_g10t12_dnamax
x1010012_dnamax_c,ldr_v4_td6_BB_dnamax,1000,0,g10a10_t0a12,100k,A_rel,MAINJACK,1.76e-05,11.323187,2.000,sotto,riferimento rmai_g10t12_dnamax
x1010012_dnamax_c,ldr_v4_td6_BB_dnamax,1000,0,g10a10_t0a12,100k,B2,MAINJACK,6.03e-08,8.026542,,sotto,mute da t_ins+t_grad+20 ms a t_rel
x1010012_dnamax_c,ldr_v4_td6_BB_dnamax,1000,0,g10a10_t0a12,100k,A_ins,FIXJACK1,1.235e-09,8.001531,2.000,sotto,riferimento rsempre_g10t12_dnamax
x1010012_dnamax_c,ldr_v4_td6_BB_dnamax,1000,0,g10a10_t0a12,100k,A_rel,FIXJACK1,2.206e-05,11.323219,2.000,sotto,riferimento rmai_g10t12_dnamax
x1010012_dnamax_c,ldr_v4_td6_BB_dnamax,1000,0,g10a10_t0a12,100k,B2,FIXJACK1,2.65e-13,8.028490,,sotto,mute da t_ins+t_grad+20 ms a t_rel
x1010012_dnamax_c,ldr_v4_td6_BB_dnamax,1000,0,g10a10_t0a12,100k,A_ins,FIXJACK2,1.235e-09,8.001531,2.000,sotto,riferimento rsempre_g10t12_dnamax
x1010012_dnamax_c,ldr_v4_td6_BB_dnamax,1000,0,g10a10_t0a12,100k,A_rel,FIXJACK2,2.206e-05,11.323219,2.000,sotto,riferimento rmai_g10t12_dnamax
x1010012_dnamax_c,ldr_v4_td6_BB_dnamax,1000,0,g10a10_t0a12,100k,B2,FIXJACK2,2.673e-13,8.028490,,sotto,mute da t_ins+t_grad+20 ms a t_rel
x1010120_dnamax_i,ldr_v4_td6_BB_dnamax,1000,0,g10a10_t12a0,100k,A_ins,MAINJACK,7.097e-06,2.362396,2.000,sotto,riferimento rsempre_g10t12_dnamax
x1010120_dnamax_i,ldr_v4_td6_BB_dnamax,1000,0,g10a10_t12a0,100k,A_rel,MAINJACK,3.051e-05,8.001031,2.000,sotto,riferimento rmai_g10t12_dnamax
x1010120_dnamax_i,ldr_v4_td6_BB_dnamax,1000,0,g10a10_t12a0,100k,B2,MAINJACK,5.265e-06,7.520000,,sotto,mute da t_ins+t_grad+20 ms a t_rel
x1010120_dnamax_i,ldr_v4_td6_BB_dnamax,1000,0,g10a10_t12a0,100k,A_ins,FIXJACK1,8.908e-06,2.362427,2.000,sotto,riferimento rsempre_g10t12_dnamax
x1010120_dnamax_i,ldr_v4_td6_BB_dnamax,1000,0,g10a10_t12a0,100k,A_rel,FIXJACK1,1.521e-09,8.001010,2.000,sotto,riferimento rmai_g10t12_dnamax
x1010120_dnamax_i,ldr_v4_td6_BB_dnamax,1000,0,g10a10_t12a0,100k,B2,FIXJACK1,1.603e-05,7.520000,,sotto,mute da t_ins+t_grad+20 ms a t_rel
x1010120_dnamax_i,ldr_v4_td6_BB_dnamax,1000,0,g10a10_t12a0,100k,A_ins,FIXJACK2,8.908e-06,2.362427,2.000,sotto,riferimento rsempre_g10t12_dnamax
x1010120_dnamax_i,ldr_v4_td6_BB_dnamax,1000,0,g10a10_t12a0,100k,A_rel,FIXJACK2,1.521e-09,8.001010,2.000,sotto,riferimento rmai_g10t12_dnamax
x1010120_dnamax_i,ldr_v4_td6_BB_dnamax,1000,0,g10a10_t12a0,100k,B2,FIXJACK2,1.603e-05,7.520000,,sotto,mute da t_ins+t_grad+20 ms a t_rel
x1010120_dnamax_c,ldr_v4_td6_BB_dnamax,1000,0,g10a10_t12a0,100k,A_ins,MAINJACK,3.051e-05,8.001031,2.000,sotto,riferimento rsempre_g10t0_dnamax
x1010120_dnamax_c,ldr_v4_td6_BB_dnamax,1000,0,g10a10_t12a0,100k,A_rel,MAINJACK,6.959e-05,11.323187,2.000,sotto,riferimento rmai_g10t0_dnamax
x1010120_dnamax_c,ldr_v4_td6_BB_dnamax,1000,0,g10a10_t12a0,100k,B2,MAINJACK,5.872e-08,8.028333,,sotto,mute da t_ins+t_grad+20 ms a t_rel
x1010120_dnamax_c,ldr_v4_td6_BB_dnamax,1000,0,g10a10_t12a0,100k,A_ins,FIXJACK1,1.522e-09,8.001010,2.000,sotto,riferimento rsempre_g10t0_dnamax
x1010120_dnamax_c,ldr_v4_td6_BB_dnamax,1000,0,g10a10_t12a0,100k,A_rel,FIXJACK1,2.206e-05,11.323219,2.000,sotto,riferimento rmai_g10t0_dnamax
x1010120_dnamax_c,ldr_v4_td6_BB_dnamax,1000,0,g10a10_t12a0,100k,B2,FIXJACK1,4.502e-14,8.027135,,sotto,mute da t_ins+t_grad+20 ms a t_rel
x1010120_dnamax_c,ldr_v4_td6_BB_dnamax,1000,0,g10a10_t12a0,100k,A_ins,FIXJACK2,1.521e-09,8.001010,2.000,sotto,riferimento rsempre_g10t0_dnamax
x1010120_dnamax_c,ldr_v4_td6_BB_dnamax,1000,0,g10a10_t12a0,100k,A_rel,FIXJACK2,2.206e-05,11.323219,2.000,sotto,riferimento rmai_g10t0_dnamax
x1010120_dnamax_c,ldr_v4_td6_BB_dnamax,1000,0,g10a10_t12a0,100k,B2,FIXJACK2,4.449e-14,8.030354,,sotto,mute da t_ins+t_grad+20 ms a t_rel
xm_dnamax,ldr_v4_td6_BB_dnamax,1000,0,10,100k,A_ins,MAINJACK,2.806e-05,2.362406,2.000,sotto,riferimento rsempre_g10t0_dnamax
xm_dnamax,ldr_v4_td6_BB_dnamax,1000,0,10,100k,A_rel,MAINJACK,6.949e-05,9.823187,2.000,sotto,riferimento rmai_g10t0_dnamax
xm_dnamax,ldr_v4_td6_BB_dnamax,1000,0,10,100k,B2,MAINJACK,2.082e-05,7.520000,,sotto,mute da t_ins+t_grad+20 ms a t_rel
xm_dnamax,ldr_v4_td6_BB_dnamax,1000,0,10,100k,A_ins,FIXJACK1,8.908e-06,2.362437,2.000,sotto,riferimento rsempre_g10t0_dnamax
xm_dnamax,ldr_v4_td6_BB_dnamax,1000,0,10,100k,A_rel,FIXJACK1,2.203e-05,9.823219,2.000,sotto,riferimento rmai_g10t0_dnamax
xm_dnamax,ldr_v4_td6_BB_dnamax,1000,0,10,100k,B2,FIXJACK1,1.603e-05,7.520000,,sotto,mute da t_ins+t_grad+20 ms a t_rel
xm_dnamax,ldr_v4_td6_BB_dnamax,1000,0,10,100k,A_ins,FIXJACK2,8.908e-06,2.362437,2.000,sotto,riferimento rsempre_g10t0_dnamax
xm_dnamax,ldr_v4_td6_BB_dnamax,1000,0,10,100k,A_rel,FIXJACK2,2.203e-05,9.823219,2.000,sotto,riferimento rmai_g10t0_dnamax
xm_dnamax,ldr_v4_td6_BB_dnamax,1000,0,10,100k,B2,FIXJACK2,1.603e-05,7.520000,,sotto,mute da t_ins+t_grad+20 ms a t_rel
x01000_dnam20_i,ldr_v4_td6_BB_dnam20,1000,0,g0a10_t0a0,100k,A_ins,MAINJACK,8.896e-07,2.362406,2.000,sotto,riferimento rsempre_g0t0_dnam20
x01000_dnam20_i,ldr_v4_td6_BB_dnam20,1000,0,g0a10_t0a0,100k,A_rel,MAINJACK,1.796e-05,8.000031,2.000,sotto,riferimento rmai_g0t0_dnam20
x01000_dnam20_i,ldr_v4_td6_BB_dnam20,1000,0,g0a10_t0a0,100k,B2,MAINJACK,6.599e-07,7.520000,,sotto,mute da t_ins+t_grad+20 ms a t_rel
x01000_dnam20_i,ldr_v4_td6_BB_dnam20,1000,0,g0a10_t0a0,100k,A_ins,FIXJACK1,8.908e-06,2.362437,2.000,sotto,riferimento rsempre_g0t0_dnam20
x01000_dnam20_i,ldr_v4_td6_BB_dnam20,1000,0,g0a10_t0a0,100k,A_rel,FIXJACK1,1.018e-11,9.546031,2.000,sotto,riferimento rmai_g0t0_dnam20
x01000_dnam20_i,ldr_v4_td6_BB_dnam20,1000,0,g0a10_t0a0,100k,B2,FIXJACK1,1.603e-05,7.520000,,sotto,mute da t_ins+t_grad+20 ms a t_rel
x01000_dnam20_i,ldr_v4_td6_BB_dnam20,1000,0,g0a10_t0a0,100k,A_ins,FIXJACK2,8.908e-06,2.362437,2.000,sotto,riferimento rsempre_g0t0_dnam20
x01000_dnam20_i,ldr_v4_td6_BB_dnam20,1000,0,g0a10_t0a0,100k,A_rel,FIXJACK2,1.037e-11,9.668823,2.000,sotto,riferimento rmai_g0t0_dnam20
x01000_dnam20_i,ldr_v4_td6_BB_dnam20,1000,0,g0a10_t0a0,100k,B2,FIXJACK2,1.603e-05,7.520000,,sotto,mute da t_ins+t_grad+20 ms a t_rel
x01000_dnam20_c,ldr_v4_td6_BB_dnam20,1000,0,g0a10_t0a0,100k,A_ins,MAINJACK,1.796e-05,8.000031,2.000,sotto,riferimento rsempre_g10t0_dnam20
x01000_dnam20_c,ldr_v4_td6_BB_dnam20,1000,0,g0a10_t0a0,100k,A_rel,MAINJACK,6.953e-06,11.323187,2.000,sotto,riferimento rmai_g10t0_dnam20
x01000_dnam20_c,ldr_v4_td6_BB_dnam20,1000,0,g0a10_t0a0,100k,B2,MAINJACK,5.917e-08,8.027052,,sotto,mute da t_ins+t_grad+20 ms a t_rel
x01000_dnam20_c,ldr_v4_td6_BB_dnam20,1000,0,g0a10_t0a0,100k,A_ins,FIXJACK1,4.991e-12,8.000156,2.000,sotto,riferimento rsempre_g10t0_dnam20
x01000_dnam20_c,ldr_v4_td6_BB_dnam20,1000,0,g0a10_t0a0,100k,A_rel,FIXJACK1,2.206e-05,11.323219,2.000,sotto,riferimento rmai_g10t0_dnam20
x01000_dnam20_c,ldr_v4_td6_BB_dnam20,1000,0,g0a10_t0a0,100k,B2,FIXJACK1,2.259e-14,9.131135,,sotto,mute da t_ins+t_grad+20 ms a t_rel
x01000_dnam20_c,ldr_v4_td6_BB_dnam20,1000,0,g0a10_t0a0,100k,A_ins,FIXJACK2,4.975e-12,8.000156,2.000,sotto,riferimento rsempre_g10t0_dnam20
x01000_dnam20_c,ldr_v4_td6_BB_dnam20,1000,0,g0a10_t0a0,100k,A_rel,FIXJACK2,2.206e-05,11.323219,2.000,sotto,riferimento rmai_g10t0_dnam20
x01000_dnam20_c,ldr_v4_td6_BB_dnam20,1000,0,g0a10_t0a0,100k,B2,FIXJACK2,2.365e-14,9.946125,,sotto,mute da t_ins+t_grad+20 ms a t_rel
x10000_dnam20_i,ldr_v4_td6_BB_dnam20,1000,0,g10a0_t0a0,100k,A_ins,MAINJACK,2.803e-06,2.362406,2.000,sotto,riferimento rsempre_g10t0_dnam20
x10000_dnam20_i,ldr_v4_td6_BB_dnam20,1000,0,g10a0_t0a0,100k,A_rel,MAINJACK,1.872e-05,8.000333,2.000,sotto,riferimento rmai_g10t0_dnam20
x10000_dnam20_i,ldr_v4_td6_BB_dnam20,1000,0,g10a0_t0a0,100k,B2,MAINJACK,2.08e-06,7.520000,,sotto,mute da t_ins+t_grad+20 ms a t_rel
x10000_dnam20_i,ldr_v4_td6_BB_dnam20,1000,0,g10a0_t0a0,100k,A_ins,FIXJACK1,8.908e-06,2.362437,2.000,sotto,riferimento rsempre_g10t0_dnam20
x10000_dnam20_i,ldr_v4_td6_BB_dnam20,1000,0,g10a0_t0a0,100k,A_rel,FIXJACK1,1.028e-11,9.716750,2.000,sotto,riferimento rmai_g10t0_dnam20
x10000_dnam20_i,ldr_v4_td6_BB_dnam20,1000,0,g10a0_t0a0,100k,B2,FIXJACK1,1.603e-05,7.520000,,sotto,mute da t_ins+t_grad+20 ms a t_rel
x10000_dnam20_i,ldr_v4_td6_BB_dnam20,1000,0,g10a0_t0a0,100k,A_ins,FIXJACK2,8.908e-06,2.362437,2.000,sotto,riferimento rsempre_g10t0_dnam20
x10000_dnam20_i,ldr_v4_td6_BB_dnam20,1000,0,g10a0_t0a0,100k,A_rel,FIXJACK2,1.015e-11,8.516667,2.000,sotto,riferimento rmai_g10t0_dnam20
x10000_dnam20_i,ldr_v4_td6_BB_dnam20,1000,0,g10a0_t0a0,100k,B2,FIXJACK2,1.603e-05,7.520000,,sotto,mute da t_ins+t_grad+20 ms a t_rel
x10000_dnam20_c,ldr_v4_td6_BB_dnam20,1000,0,g10a0_t0a0,100k,A_ins,MAINJACK,1.872e-05,8.000333,2.000,sotto,riferimento rsempre_g0t0_dnam20
x10000_dnam20_c,ldr_v4_td6_BB_dnam20,1000,0,g10a0_t0a0,100k,A_rel,MAINJACK,2.206e-06,11.323187,2.000,sotto,riferimento rmai_g0t0_dnam20
x10000_dnam20_c,ldr_v4_td6_BB_dnam20,1000,0,g10a0_t0a0,100k,B2,MAINJACK,6.115e-08,8.027208,,sotto,mute da t_ins+t_grad+20 ms a t_rel
x10000_dnam20_c,ldr_v4_td6_BB_dnam20,1000,0,g10a0_t0a0,100k,A_ins,FIXJACK1,3.663e-12,8.000312,2.000,sotto,riferimento rsempre_g0t0_dnam20
x10000_dnam20_c,ldr_v4_td6_BB_dnam20,1000,0,g10a0_t0a0,100k,A_rel,FIXJACK1,2.206e-05,11.323219,2.000,sotto,riferimento rmai_g0t0_dnam20
x10000_dnam20_c,ldr_v4_td6_BB_dnam20,1000,0,g10a0_t0a0,100k,B2,FIXJACK1,2.488e-14,8.552469,,sotto,mute da t_ins+t_grad+20 ms a t_rel
x10000_dnam20_c,ldr_v4_td6_BB_dnam20,1000,0,g10a0_t0a0,100k,A_ins,FIXJACK2,3.661e-12,8.000312,2.000,sotto,riferimento rsempre_g0t0_dnam20
x10000_dnam20_c,ldr_v4_td6_BB_dnam20,1000,0,g10a0_t0a0,100k,A_rel,FIXJACK2,2.206e-05,11.323219,2.000,sotto,riferimento rmai_g0t0_dnam20
x10000_dnam20_c,ldr_v4_td6_BB_dnam20,1000,0,g10a0_t0a0,100k,B2,FIXJACK2,2.188e-14,9.195531,,sotto,mute da t_ins+t_grad+20 ms a t_rel
x1010012_dnam20_i,ldr_v4_td6_BB_dnam20,1000,0,g10a10_t0a12,100k,A_ins,MAINJACK,2.803e-06,2.362406,2.000,sotto,riferimento rsempre_g10t0_dnam20
x1010012_dnam20_i,ldr_v4_td6_BB_dnam20,1000,0,g10a10_t0a12,100k,A_rel,MAINJACK,3e-06,8.000031,2.000,sotto,riferimento rmai_g10t0_dnam20
x1010012_dnam20_i,ldr_v4_td6_BB_dnam20,1000,0,g10a10_t0a12,100k,B2,MAINJACK,2.08e-06,7.520000,,sotto,mute da t_ins+t_grad+20 ms a t_rel
x1010012_dnam20_i,ldr_v4_td6_BB_dnam20,1000,0,g10a10_t0a12,100k,A_ins,FIXJACK1,8.908e-06,2.362437,2.000,sotto,riferimento rsempre_g10t0_dnam20
x1010012_dnam20_i,ldr_v4_td6_BB_dnam20,1000,0,g10a10_t0a12,100k,A_rel,FIXJACK1,4.263e-11,8.001312,2.000,sotto,riferimento rmai_g10t0_dnam20
x1010012_dnam20_i,ldr_v4_td6_BB_dnam20,1000,0,g10a10_t0a12,100k,B2,FIXJACK1,1.603e-05,7.520000,,sotto,mute da t_ins+t_grad+20 ms a t_rel
x1010012_dnam20_i,ldr_v4_td6_BB_dnam20,1000,0,g10a10_t0a12,100k,A_ins,FIXJACK2,8.908e-06,2.362437,2.000,sotto,riferimento rsempre_g10t0_dnam20
x1010012_dnam20_i,ldr_v4_td6_BB_dnam20,1000,0,g10a10_t0a12,100k,A_rel,FIXJACK2,4.051e-11,8.001531,2.000,sotto,riferimento rmai_g10t0_dnam20
x1010012_dnam20_i,ldr_v4_td6_BB_dnam20,1000,0,g10a10_t0a12,100k,B2,FIXJACK2,1.603e-05,7.520000,,sotto,mute da t_ins+t_grad+20 ms a t_rel
x1010012_dnam20_c,ldr_v4_td6_BB_dnam20,1000,0,g10a10_t0a12,100k,A_ins,MAINJACK,3e-06,8.000031,2.000,sotto,riferimento rsempre_g10t12_dnam20
x1010012_dnam20_c,ldr_v4_td6_BB_dnam20,1000,0,g10a10_t0a12,100k,A_rel,MAINJACK,1.759e-06,11.323198,2.000,sotto,riferimento rmai_g10t12_dnam20
x1010012_dnam20_c,ldr_v4_td6_BB_dnam20,1000,0,g10a10_t0a12,100k,B2,MAINJACK,5.985e-09,8.026594,,sotto,mute da t_ins+t_grad+20 ms a t_rel
x1010012_dnam20_c,ldr_v4_td6_BB_dnam20,1000,0,g10a10_t0a12,100k,A_ins,FIXJACK1,3.996e-11,8.001312,2.000,sotto,riferimento rsempre_g10t12_dnam20
x1010012_dnam20_c,ldr_v4_td6_BB_dnam20,1000,0,g10a10_t0a12,100k,A_rel,FIXJACK1,2.206e-05,11.323219,2.000,sotto,riferimento rmai_g10t12_dnam20
x1010012_dnam20_c,ldr_v4_td6_BB_dnam20,1000,0,g10a10_t0a12,100k,B2,FIXJACK1,2.94e-14,8.026698,,sotto,mute da t_ins+t_grad+20 ms a t_rel
x1010012_dnam20_c,ldr_v4_td6_BB_dnam20,1000,0,g10a10_t0a12,100k,A_ins,FIXJACK2,3.995e-11,8.001312,2.000,sotto,riferimento rsempre_g10t12_dnam20
x1010012_dnam20_c,ldr_v4_td6_BB_dnam20,1000,0,g10a10_t0a12,100k,A_rel,FIXJACK2,2.206e-05,11.323219,2.000,sotto,riferimento rmai_g10t12_dnam20
x1010012_dnam20_c,ldr_v4_td6_BB_dnam20,1000,0,g10a10_t0a12,100k,B2,FIXJACK2,2.616e-14,8.025198,,sotto,mute da t_ins+t_grad+20 ms a t_rel
x1010120_dnam20_i,ldr_v4_td6_BB_dnam20,1000,0,g10a10_t12a0,100k,A_ins,MAINJACK,7.094e-07,2.362385,2.000,sotto,riferimento rsempre_g10t12_dnam20
x1010120_dnam20_i,ldr_v4_td6_BB_dnam20,1000,0,g10a10_t12a0,100k,A_rel,MAINJACK,2.938e-06,8.001031,2.000,sotto,riferimento rmai_g10t12_dnam20
x1010120_dnam20_i,ldr_v4_td6_BB_dnam20,1000,0,g10a10_t12a0,100k,B2,MAINJACK,5.262e-07,7.520000,,sotto,mute da t_ins+t_grad+20 ms a t_rel
x1010120_dnam20_i,ldr_v4_td6_BB_dnam20,1000,0,g10a10_t12a0,100k,A_ins,FIXJACK1,8.908e-06,2.362437,2.000,sotto,riferimento rsempre_g10t12_dnam20
x1010120_dnam20_i,ldr_v4_td6_BB_dnam20,1000,0,g10a10_t12a0,100k,A_rel,FIXJACK1,1.348e-09,8.001312,2.000,sotto,riferimento rmai_g10t12_dnam20
x1010120_dnam20_i,ldr_v4_td6_BB_dnam20,1000,0,g10a10_t12a0,100k,B2,FIXJACK1,1.603e-05,7.520000,,sotto,mute da t_ins+t_grad+20 ms a t_rel
x1010120_dnam20_i,ldr_v4_td6_BB_dnam20,1000,0,g10a10_t12a0,100k,A_ins,FIXJACK2,8.908e-06,2.362427,2.000,sotto,riferimento rsempre_g10t12_dnam20
x1010120_dnam20_i,ldr_v4_td6_BB_dnam20,1000,0,g10a10_t12a0,100k,A_rel,FIXJACK2,1.347e-09,8.001312,2.000,sotto,riferimento rmai_g10t12_dnam20
x1010120_dnam20_i,ldr_v4_td6_BB_dnam20,1000,0,g10a10_t12a0,100k,B2,FIXJACK2,1.603e-05,7.520000,,sotto,mute da t_ins+t_grad+20 ms a t_rel
x1010120_dnam20_c,ldr_v4_td6_BB_dnam20,1000,0,g10a10_t12a0,100k,A_ins,MAINJACK,2.938e-06,8.001031,2.000,sotto,riferimento rsempre_g10t0_dnam20
x1010120_dnam20_c,ldr_v4_td6_BB_dnam20,1000,0,g10a10_t12a0,100k,A_rel,MAINJACK,6.953e-06,11.323187,2.000,sotto,riferimento rmai_g10t0_dnam20
x1010120_dnam20_c,ldr_v4_td6_BB_dnam20,1000,0,g10a10_t12a0,100k,B2,MAINJACK,5.801e-09,8.028313,,sotto,mute da t_ins+t_grad+20 ms a t_rel
x1010120_dnam20_c,ldr_v4_td6_BB_dnam20,1000,0,g10a10_t12a0,100k,A_ins,FIXJACK1,1.349e-09,8.001312,2.000,sotto,riferimento rsempre_g10t0_dnam20
x1010120_dnam20_c,ldr_v4_td6_BB_dnam20,1000,0,g10a10_t12a0,100k,A_rel,FIXJACK1,2.206e-05,11.323219,2.000,sotto,riferimento rmai_g10t0_dnam20
x1010120_dnam20_c,ldr_v4_td6_BB_dnam20,1000,0,g10a10_t12a0,100k,B2,FIXJACK1,1.102e-13,8.026656,,sotto,mute da t_ins+t_grad+20 ms a t_rel
x1010120_dnam20_c,ldr_v4_td6_BB_dnam20,1000,0,g10a10_t12a0,100k,A_ins,FIXJACK2,1.35e-09,8.001312,2.000,sotto,riferimento rsempre_g10t0_dnam20
x1010120_dnam20_c,ldr_v4_td6_BB_dnam20,1000,0,g10a10_t12a0,100k,A_rel,FIXJACK2,2.206e-05,11.323219,2.000,sotto,riferimento rmai_g10t0_dnam20
x1010120_dnam20_c,ldr_v4_td6_BB_dnam20,1000,0,g10a10_t12a0,100k,B2,FIXJACK2,1.075e-13,8.027740,,sotto,mute da t_ins+t_grad+20 ms a t_rel
xm_dnam20,ldr_v4_td6_BB_dnam20,1000,0,10,100k,A_ins,MAINJACK,2.803e-06,2.362406,2.000,sotto,riferimento rsempre_g10t0_dnam20
xm_dnam20,ldr_v4_td6_BB_dnam20,1000,0,10,100k,A_rel,MAINJACK,6.943e-06,9.823187,2.000,sotto,riferimento rmai_g10t0_dnam20
xm_dnam20,ldr_v4_td6_BB_dnam20,1000,0,10,100k,B2,MAINJACK,2.08e-06,7.520000,,sotto,mute da t_ins+t_grad+20 ms a t_rel
xm_dnam20,ldr_v4_td6_BB_dnam20,1000,0,10,100k,A_ins,FIXJACK1,8.908e-06,2.362437,2.000,sotto,riferimento rsempre_g10t0_dnam20
xm_dnam20,ldr_v4_td6_BB_dnam20,1000,0,10,100k,A_rel,FIXJACK1,2.203e-05,9.823219,2.000,sotto,riferimento rmai_g10t0_dnam20
xm_dnam20,ldr_v4_td6_BB_dnam20,1000,0,10,100k,B2,FIXJACK1,1.603e-05,7.520000,,sotto,mute da t_ins+t_grad+20 ms a t_rel
xm_dnam20,ldr_v4_td6_BB_dnam20,1000,0,10,100k,A_ins,FIXJACK2,8.908e-06,2.362437,2.000,sotto,riferimento rsempre_g10t0_dnam20
xm_dnam20,ldr_v4_td6_BB_dnam20,1000,0,10,100k,A_rel,FIXJACK2,2.203e-05,9.823219,2.000,sotto,riferimento rmai_g10t0_dnam20
xm_dnam20,ldr_v4_td6_BB_dnam20,1000,0,10,100k,B2,FIXJACK2,1.603e-05,7.520000,,sotto,mute da t_ins+t_grad+20 ms a t_rel
x01000_dnminmax_i,ldr_v4_td6_BB_dnminmax,1000,0,g0a10_t0a0,100k,A_ins,MAINJACK,8.903e-06,2.362406,2.000,sotto,riferimento rsempre_g0t0_dnminmax
x01000_dnminmax_i,ldr_v4_td6_BB_dnminmax,1000,0,g0a10_t0a0,100k,A_rel,MAINJACK,3.264e-05,8.000031,2.000,sotto,riferimento rmai_g0t0_dnminmax
x01000_dnminmax_i,ldr_v4_td6_BB_dnminmax,1000,0,g0a10_t0a0,100k,B2,MAINJACK,6.605e-06,7.520000,,sotto,mute da t_ins+t_grad+20 ms a t_rel
x01000_dnminmax_i,ldr_v4_td6_BB_dnminmax,1000,0,g0a10_t0a0,100k,A_ins,FIXJACK1,8.908e-06,2.362427,2.000,sotto,riferimento rsempre_g0t0_dnminmax
x01000_dnminmax_i,ldr_v4_td6_BB_dnminmax,1000,0,g0a10_t0a0,100k,A_rel,FIXJACK1,1.203e-11,8.000531,2.000,sotto,riferimento rmai_g0t0_dnminmax
x01000_dnminmax_i,ldr_v4_td6_BB_dnminmax,1000,0,g0a10_t0a0,100k,B2,FIXJACK1,1.603e-05,7.520000,,sotto,mute da t_ins+t_grad+20 ms a t_rel
x01000_dnminmax_i,ldr_v4_td6_BB_dnminmax,1000,0,g0a10_t0a0,100k,A_ins,FIXJACK2,8.908e-06,2.362427,2.000,sotto,riferimento rsempre_g0t0_dnminmax
x01000_dnminmax_i,ldr_v4_td6_BB_dnminmax,1000,0,g0a10_t0a0,100k,A_rel,FIXJACK2,1.164e-11,8.298958,2.000,sotto,riferimento rmai_g0t0_dnminmax
x01000_dnminmax_i,ldr_v4_td6_BB_dnminmax,1000,0,g0a10_t0a0,100k,B2,FIXJACK2,1.603e-05,7.520000,,sotto,mute da t_ins+t_grad+20 ms a t_rel
x01000_dnminmax_c,ldr_v4_td6_BB_dnminmax,1000,0,g0a10_t0a0,100k,A_ins,MAINJACK,3.264e-05,8.000031,2.000,sotto,riferimento rsempre_g10t0_dnminmax
x01000_dnminmax_c,ldr_v4_td6_BB_dnminmax,1000,0,g0a10_t0a0,100k,A_rel,MAINJACK,6.959e-05,11.323187,2.000,sotto,riferimento rmai_g10t0_dnminmax
x01000_dnminmax_c,ldr_v4_td6_BB_dnminmax,1000,0,g0a10_t0a0,100k,B2,MAINJACK,1.083e-07,8.027052,,sotto,mute da t_ins+t_grad+20 ms a t_rel
x01000_dnminmax_c,ldr_v4_td6_BB_dnminmax,1000,0,g0a10_t0a0,100k,A_ins,FIXJACK1,1.096e-11,8.000531,2.000,sotto,riferimento rsempre_g10t0_dnminmax
x01000_dnminmax_c,ldr_v4_td6_BB_dnminmax,1000,0,g0a10_t0a0,100k,A_rel,FIXJACK1,2.206e-05,11.323219,2.000,sotto,riferimento rmai_g10t0_dnminmax
x01000_dnminmax_c,ldr_v4_td6_BB_dnminmax,1000,0,g0a10_t0a0,100k,B2,FIXJACK1,2.598e-14,8.708802,,sotto,mute da t_ins+t_grad+20 ms a t_rel
x01000_dnminmax_c,ldr_v4_td6_BB_dnminmax,1000,0,g0a10_t0a0,100k,A_ins,FIXJACK2,1.096e-11,8.000531,2.000,sotto,riferimento rsempre_g10t0_dnminmax
x01000_dnminmax_c,ldr_v4_td6_BB_dnminmax,1000,0,g0a10_t0a0,100k,A_rel,FIXJACK2,2.206e-05,11.323219,2.000,sotto,riferimento rmai_g10t0_dnminmax
x01000_dnminmax_c,ldr_v4_td6_BB_dnminmax,1000,0,g0a10_t0a0,100k,B2,FIXJACK2,2.318e-14,8.545365,,sotto,mute da t_ins+t_grad+20 ms a t_rel
x10000_dnminmax_i,ldr_v4_td6_BB_dnminmax,1000,0,g10a0_t0a0,100k,A_ins,MAINJACK,2.806e-05,2.362406,2.000,sotto,riferimento rsempre_g10t0_dnminmax
x10000_dnminmax_i,ldr_v4_td6_BB_dnminmax,1000,0,g10a0_t0a0,100k,A_rel,MAINJACK,3.403e-05,8.000333,2.000,sotto,riferimento rmai_g10t0_dnminmax
x10000_dnminmax_i,ldr_v4_td6_BB_dnminmax,1000,0,g10a0_t0a0,100k,B2,MAINJACK,2.081e-05,7.520000,,sotto,mute da t_ins+t_grad+20 ms a t_rel
x10000_dnminmax_i,ldr_v4_td6_BB_dnminmax,1000,0,g10a0_t0a0,100k,A_ins,FIXJACK1,8.908e-06,2.362437,2.000,sotto,riferimento rsempre_g10t0_dnminmax
x10000_dnminmax_i,ldr_v4_td6_BB_dnminmax,1000,0,g10a0_t0a0,100k,A_rel,FIXJACK1,1.691e-11,8.000312,2.000,sotto,riferimento rmai_g10t0_dnminmax
x10000_dnminmax_i,ldr_v4_td6_BB_dnminmax,1000,0,g10a0_t0a0,100k,B2,FIXJACK1,1.603e-05,7.520000,,sotto,mute da t_ins+t_grad+20 ms a t_rel
x10000_dnminmax_i,ldr_v4_td6_BB_dnminmax,1000,0,g10a0_t0a0,100k,A_ins,FIXJACK2,8.908e-06,2.362437,2.000,sotto,riferimento rsempre_g10t0_dnminmax
x10000_dnminmax_i,ldr_v4_td6_BB_dnminmax,1000,0,g10a0_t0a0,100k,A_rel,FIXJACK2,1.555e-11,8.000312,2.000,sotto,riferimento rmai_g10t0_dnminmax
x10000_dnminmax_i,ldr_v4_td6_BB_dnminmax,1000,0,g10a0_t0a0,100k,B2,FIXJACK2,1.603e-05,7.520000,,sotto,mute da t_ins+t_grad+20 ms a t_rel
x10000_dnminmax_c,ldr_v4_td6_BB_dnminmax,1000,0,g10a0_t0a0,100k,A_ins,MAINJACK,3.403e-05,8.000333,2.000,sotto,riferimento rsempre_g0t0_dnminmax
x10000_dnminmax_c,ldr_v4_td6_BB_dnminmax,1000,0,g10a0_t0a0,100k,A_rel,MAINJACK,2.208e-05,11.323187,2.000,sotto,riferimento rmai_g0t0_dnminmax
x10000_dnminmax_c,ldr_v4_td6_BB_dnminmax,1000,0,g10a0_t0a0,100k,B2,MAINJACK,1.104e-07,8.027208,,sotto,mute da t_ins+t_grad+20 ms a t_rel
x10000_dnminmax_c,ldr_v4_td6_BB_dnminmax,1000,0,g10a0_t0a0,100k,A_ins,FIXJACK1,1.521e-11,8.000312,2.000,sotto,riferimento rsempre_g0t0_dnminmax
x10000_dnminmax_c,ldr_v4_td6_BB_dnminmax,1000,0,g10a0_t0a0,100k,A_rel,FIXJACK1,2.206e-05,11.323219,2.000,sotto,riferimento rmai_g0t0_dnminmax
x10000_dnminmax_c,ldr_v4_td6_BB_dnminmax,1000,0,g10a0_t0a0,100k,B2,FIXJACK1,2.28e-14,8.352135,,sotto,mute da t_ins+t_grad+20 ms a t_rel
x10000_dnminmax_c,ldr_v4_td6_BB_dnminmax,1000,0,g10a0_t0a0,100k,A_ins,FIXJACK2,1.523e-11,8.000312,2.000,sotto,riferimento rsempre_g0t0_dnminmax
x10000_dnminmax_c,ldr_v4_td6_BB_dnminmax,1000,0,g10a0_t0a0,100k,A_rel,FIXJACK2,2.206e-05,11.323219,2.000,sotto,riferimento rmai_g0t0_dnminmax
x10000_dnminmax_c,ldr_v4_td6_BB_dnminmax,1000,0,g10a0_t0a0,100k,B2,FIXJACK2,2.253e-14,9.828104,,sotto,mute da t_ins+t_grad+20 ms a t_rel
x1010012_dnminmax_i,ldr_v4_td6_BB_dnminmax,1000,0,g10a10_t0a12,100k,A_ins,MAINJACK,2.806e-05,2.362406,2.000,sotto,riferimento rsempre_g10t0_dnminmax
x1010012_dnminmax_i,ldr_v4_td6_BB_dnminmax,1000,0,g10a10_t0a12,100k,A_rel,MAINJACK,3.106e-05,8.000031,2.000,sotto,riferimento rmai_g10t0_dnminmax
x1010012_dnminmax_i,ldr_v4_td6_BB_dnminmax,1000,0,g10a10_t0a12,100k,B2,MAINJACK,2.081e-05,7.520000,,sotto,mute da t_ins+t_grad+20 ms a t_rel
x1010012_dnminmax_i,ldr_v4_td6_BB_dnminmax,1000,0,g10a10_t0a12,100k,A_ins,FIXJACK1,8.908e-06,2.362437,2.000,sotto,riferimento rsempre_g10t0_dnminmax
x1010012_dnminmax_i,ldr_v4_td6_BB_dnminmax,1000,0,g10a10_t0a12,100k,A_rel,FIXJACK1,1.327e-09,8.000406,2.000,sotto,riferimento rmai_g10t0_dnminmax
x1010012_dnminmax_i,ldr_v4_td6_BB_dnminmax,1000,0,g10a10_t0a12,100k,B2,FIXJACK1,1.603e-05,7.520000,,sotto,mute da t_ins+t_grad+20 ms a t_rel
x1010012_dnminmax_i,ldr_v4_td6_BB_dnminmax,1000,0,g10a10_t0a12,100k,A_ins,FIXJACK2,8.908e-06,2.362437,2.000,sotto,riferimento rsempre_g10t0_dnminmax
x1010012_dnminmax_i,ldr_v4_td6_BB_dnminmax,1000,0,g10a10_t0a12,100k,A_rel,FIXJACK2,1.327e-09,8.000406,2.000,sotto,riferimento rmai_g10t0_dnminmax
x1010012_dnminmax_i,ldr_v4_td6_BB_dnminmax,1000,0,g10a10_t0a12,100k,B2,FIXJACK2,1.603e-05,7.520000,,sotto,mute da t_ins+t_grad+20 ms a t_rel
x1010012_dnminmax_c,ldr_v4_td6_BB_dnminmax,1000,0,g10a10_t0a12,100k,A_ins,MAINJACK,3.106e-05,8.000031,2.000,sotto,riferimento rsempre_g10t12_dnminmax
x1010012_dnminmax_c,ldr_v4_td6_BB_dnminmax,1000,0,g10a10_t0a12,100k,A_rel,MAINJACK,1.76e-05,11.323187,2.000,sotto,riferimento rmai_g10t12_dnminmax
x1010012_dnminmax_c,ldr_v4_td6_BB_dnminmax,1000,0,g10a10_t0a12,100k,B2,MAINJACK,6.112e-08,8.026542,,sotto,mute da t_ins+t_grad+20 ms a t_rel
x1010012_dnminmax_c,ldr_v4_td6_BB_dnminmax,1000,0,g10a10_t0a12,100k,A_ins,FIXJACK1,1.329e-09,8.000406,2.000,sotto,riferimento rsempre_g10t12_dnminmax
x1010012_dnminmax_c,ldr_v4_td6_BB_dnminmax,1000,0,g10a10_t0a12,100k,A_rel,FIXJACK1,2.206e-05,11.323219,2.000,sotto,riferimento rmai_g10t12_dnminmax
x1010012_dnminmax_c,ldr_v4_td6_BB_dnminmax,1000,0,g10a10_t0a12,100k,B2,FIXJACK1,2.711e-13,8.026490,,sotto,mute da t_ins+t_grad+20 ms a t_rel
x1010012_dnminmax_c,ldr_v4_td6_BB_dnminmax,1000,0,g10a10_t0a12,100k,A_ins,FIXJACK2,1.329e-09,8.000406,2.000,sotto,riferimento rsempre_g10t12_dnminmax
x1010012_dnminmax_c,ldr_v4_td6_BB_dnminmax,1000,0,g10a10_t0a12,100k,A_rel,FIXJACK2,2.206e-05,11.323219,2.000,sotto,riferimento rmai_g10t12_dnminmax
x1010012_dnminmax_c,ldr_v4_td6_BB_dnminmax,1000,0,g10a10_t0a12,100k,B2,FIXJACK2,2.696e-13,8.026365,,sotto,mute da t_ins+t_grad+20 ms a t_rel
x1010120_dnminmax_i,ldr_v4_td6_BB_dnminmax,1000,0,g10a10_t12a0,100k,A_ins,MAINJACK,7.097e-06,2.362406,2.000,sotto,riferimento rsempre_g10t12_dnminmax
x1010120_dnminmax_i,ldr_v4_td6_BB_dnminmax,1000,0,g10a10_t12a0,100k,A_rel,MAINJACK,3.039e-05,8.001031,2.000,sotto,riferimento rmai_g10t12_dnminmax
x1010120_dnminmax_i,ldr_v4_td6_BB_dnminmax,1000,0,g10a10_t12a0,100k,B2,MAINJACK,5.265e-06,7.520000,,sotto,mute da t_ins+t_grad+20 ms a t_rel
x1010120_dnminmax_i,ldr_v4_td6_BB_dnminmax,1000,0,g10a10_t12a0,100k,A_ins,FIXJACK1,8.908e-06,2.362437,2.000,sotto,riferimento rsempre_g10t12_dnminmax
x1010120_dnminmax_i,ldr_v4_td6_BB_dnminmax,1000,0,g10a10_t12a0,100k,A_rel,FIXJACK1,7.561e-10,8.001458,2.000,sotto,riferimento rmai_g10t12_dnminmax
x1010120_dnminmax_i,ldr_v4_td6_BB_dnminmax,1000,0,g10a10_t12a0,100k,B2,FIXJACK1,1.603e-05,7.520000,,sotto,mute da t_ins+t_grad+20 ms a t_rel
x1010120_dnminmax_i,ldr_v4_td6_BB_dnminmax,1000,0,g10a10_t12a0,100k,A_ins,FIXJACK2,8.908e-06,2.362437,2.000,sotto,riferimento rsempre_g10t12_dnminmax
x1010120_dnminmax_i,ldr_v4_td6_BB_dnminmax,1000,0,g10a10_t12a0,100k,A_rel,FIXJACK2,7.585e-10,8.001458,2.000,sotto,riferimento rmai_g10t12_dnminmax
x1010120_dnminmax_i,ldr_v4_td6_BB_dnminmax,1000,0,g10a10_t12a0,100k,B2,FIXJACK2,1.603e-05,7.520000,,sotto,mute da t_ins+t_grad+20 ms a t_rel
x1010120_dnminmax_c,ldr_v4_td6_BB_dnminmax,1000,0,g10a10_t12a0,100k,A_ins,MAINJACK,3.039e-05,8.001031,2.000,sotto,riferimento rsempre_g10t0_dnminmax
x1010120_dnminmax_c,ldr_v4_td6_BB_dnminmax,1000,0,g10a10_t12a0,100k,A_rel,MAINJACK,6.959e-05,11.323187,2.000,sotto,riferimento rmai_g10t0_dnminmax
x1010120_dnminmax_c,ldr_v4_td6_BB_dnminmax,1000,0,g10a10_t12a0,100k,B2,MAINJACK,5.788e-08,8.028354,,sotto,mute da t_ins+t_grad+20 ms a t_rel
x1010120_dnminmax_c,ldr_v4_td6_BB_dnminmax,1000,0,g10a10_t12a0,100k,A_ins,FIXJACK1,7.587e-10,8.001458,2.000,sotto,riferimento rsempre_g10t0_dnminmax
x1010120_dnminmax_c,ldr_v4_td6_BB_dnminmax,1000,0,g10a10_t12a0,100k,A_rel,FIXJACK1,2.206e-05,11.323219,2.000,sotto,riferimento rmai_g10t0_dnminmax
x1010120_dnminmax_c,ldr_v4_td6_BB_dnminmax,1000,0,g10a10_t12a0,100k,B2,FIXJACK1,4.928e-14,8.028656,,sotto,mute da t_ins+t_grad+20 ms a t_rel
x1010120_dnminmax_c,ldr_v4_td6_BB_dnminmax,1000,0,g10a10_t12a0,100k,A_ins,FIXJACK2,7.587e-10,8.001458,2.000,sotto,riferimento rsempre_g10t0_dnminmax
x1010120_dnminmax_c,ldr_v4_td6_BB_dnminmax,1000,0,g10a10_t12a0,100k,A_rel,FIXJACK2,2.206e-05,11.323219,2.000,sotto,riferimento rmai_g10t0_dnminmax
x1010120_dnminmax_c,ldr_v4_td6_BB_dnminmax,1000,0,g10a10_t12a0,100k,B2,FIXJACK2,4.798e-14,8.026083,,sotto,mute da t_ins+t_grad+20 ms a t_rel
xm_dnminmax,ldr_v4_td6_BB_dnminmax,1000,0,10,100k,A_ins,MAINJACK,2.806e-05,2.362406,2.000,sotto,riferimento rsempre_g10t0_dnminmax
xm_dnminmax,ldr_v4_td6_BB_dnminmax,1000,0,10,100k,A_rel,MAINJACK,6.949e-05,9.823187,2.000,sotto,riferimento rmai_g10t0_dnminmax
xm_dnminmax,ldr_v4_td6_BB_dnminmax,1000,0,10,100k,B2,MAINJACK,2.081e-05,7.520000,,sotto,mute da t_ins+t_grad+20 ms a t_rel
xm_dnminmax,ldr_v4_td6_BB_dnminmax,1000,0,10,100k,A_ins,FIXJACK1,8.908e-06,2.362437,2.000,sotto,riferimento rsempre_g10t0_dnminmax
xm_dnminmax,ldr_v4_td6_BB_dnminmax,1000,0,10,100k,A_rel,FIXJACK1,2.203e-05,9.823219,2.000,sotto,riferimento rmai_g10t0_dnminmax
xm_dnminmax,ldr_v4_td6_BB_dnminmax,1000,0,10,100k,B2,FIXJACK1,1.603e-05,7.520000,,sotto,mute da t_ins+t_grad+20 ms a t_rel
xm_dnminmax,ldr_v4_td6_BB_dnminmax,1000,0,10,100k,A_ins,FIXJACK2,8.908e-06,2.362437,2.000,sotto,riferimento rsempre_g10t0_dnminmax
xm_dnminmax,ldr_v4_td6_BB_dnminmax,1000,0,10,100k,A_rel,FIXJACK2,2.203e-05,9.823219,2.000,sotto,riferimento rmai_g10t0_dnminmax
xm_dnminmax,ldr_v4_td6_BB_dnminmax,1000,0,10,100k,B2,FIXJACK2,1.603e-05,7.520000,,sotto,mute da t_ins+t_grad+20 ms a t_rel
x01000_dnminm20_i,ldr_v4_td6_BB_dnminm20,1000,0,g0a10_t0a0,100k,A_ins,MAINJACK,8.895e-07,2.362396,2.000,sotto,riferimento rsempre_g0t0_dnminm20
x01000_dnminm20_i,ldr_v4_td6_BB_dnminm20,1000,0,g0a10_t0a0,100k,A_rel,MAINJACK,1.789e-05,8.000031,2.000,sotto,riferimento rmai_g0t0_dnminm20
x01000_dnminm20_i,ldr_v4_td6_BB_dnminm20,1000,0,g0a10_t0a0,100k,B2,MAINJACK,6.599e-07,7.520000,,sotto,mute da t_ins+t_grad+20 ms a t_rel
x01000_dnminm20_i,ldr_v4_td6_BB_dnminm20,1000,0,g0a10_t0a0,100k,A_ins,FIXJACK1,8.908e-06,2.362437,2.000,sotto,riferimento rsempre_g0t0_dnminm20
x01000_dnminm20_i,ldr_v4_td6_BB_dnminm20,1000,0,g0a10_t0a0,100k,A_rel,FIXJACK1,1.166e-11,8.566656,2.000,sotto,riferimento rmai_g0t0_dnminm20
x01000_dnminm20_i,ldr_v4_td6_BB_dnminm20,1000,0,g0a10_t0a0,100k,B2,FIXJACK1,1.603e-05,7.520000,,sotto,mute da t_ins+t_grad+20 ms a t_rel
x01000_dnminm20_i,ldr_v4_td6_BB_dnminm20,1000,0,g0a10_t0a0,100k,A_ins,FIXJACK2,8.908e-06,2.362437,2.000,sotto,riferimento rsempre_g0t0_dnminm20
x01000_dnminm20_i,ldr_v4_td6_BB_dnminm20,1000,0,g0a10_t0a0,100k,A_rel,FIXJACK2,1.011e-11,9.427323,2.000,sotto,riferimento rmai_g0t0_dnminm20
x01000_dnminm20_i,ldr_v4_td6_BB_dnminm20,1000,0,g0a10_t0a0,100k,B2,FIXJACK2,1.603e-05,7.520000,,sotto,mute da t_ins+t_grad+20 ms a t_rel
x01000_dnminm20_c,ldr_v4_td6_BB_dnminm20,1000,0,g0a10_t0a0,100k,A_ins,MAINJACK,1.789e-05,8.000031,2.000,sotto,riferimento rsempre_g10t0_dnminm20
x01000_dnminm20_c,ldr_v4_td6_BB_dnminm20,1000,0,g0a10_t0a0,100k,A_rel,MAINJACK,6.953e-06,11.323187,2.000,sotto,riferimento rmai_g10t0_dnminm20
x01000_dnminm20_c,ldr_v4_td6_BB_dnminm20,1000,0,g0a10_t0a0,100k,B2,MAINJACK,5.93e-08,8.027052,,sotto,mute da t_ins+t_grad+20 ms a t_rel
x01000_dnminm20_c,ldr_v4_td6_BB_dnminm20,1000,0,g0a10_t0a0,100k,A_ins,FIXJACK1,1.821e-12,8.000458,2.000,sotto,riferimento rsempre_g10t0_dnminm20
x01000_dnminm20_c,ldr_v4_td6_BB_dnminm20,1000,0,g0a10_t0a0,100k,A_rel,FIXJACK1,2.206e-05,11.323219,2.000,sotto,riferimento rmai_g10t0_dnminm20
x01000_dnminm20_c,ldr_v4_td6_BB_dnminm20,1000,0,g0a10_t0a0,100k,B2,FIXJACK1,2.332e-14,8.207646,,sotto,mute da t_ins+t_grad+20 ms a t_rel
x01000_dnminm20_c,ldr_v4_td6_BB_dnminm20,1000,0,g0a10_t0a0,100k,A_ins,FIXJACK2,1.824e-12,8.000458,2.000,sotto,riferimento rsempre_g10t0_dnminm20
x01000_dnminm20_c,ldr_v4_td6_BB_dnminm20,1000,0,g0a10_t0a0,100k,A_rel,FIXJACK2,2.206e-05,11.323219,2.000,sotto,riferimento rmai_g10t0_dnminm20
x01000_dnminm20_c,ldr_v4_td6_BB_dnminm20,1000,0,g0a10_t0a0,100k,B2,FIXJACK2,2.2e-14,9.493479,,sotto,mute da t_ins+t_grad+20 ms a t_rel
x10000_dnminm20_i,ldr_v4_td6_BB_dnminm20,1000,0,g10a0_t0a0,100k,A_ins,MAINJACK,2.803e-06,2.362406,2.000,sotto,riferimento rsempre_g10t0_dnminm20
x10000_dnminm20_i,ldr_v4_td6_BB_dnminm20,1000,0,g10a0_t0a0,100k,A_rel,MAINJACK,1.865e-05,8.000333,2.000,sotto,riferimento rmai_g10t0_dnminm20
x10000_dnminm20_i,ldr_v4_td6_BB_dnminm20,1000,0,g10a0_t0a0,100k,B2,MAINJACK,2.08e-06,7.520000,,sotto,mute da t_ins+t_grad+20 ms a t_rel
x10000_dnminm20_i,ldr_v4_td6_BB_dnminm20,1000,0,g10a0_t0a0,100k,A_ins,FIXJACK1,8.908e-06,2.362437,2.000,sotto,riferimento rsempre_g10t0_dnminm20
x10000_dnminm20_i,ldr_v4_td6_BB_dnminm20,1000,0,g10a0_t0a0,100k,A_rel,FIXJACK1,1.05e-11,9.051646,2.000,sotto,riferimento rmai_g10t0_dnminm20
x10000_dnminm20_i,ldr_v4_td6_BB_dnminm20,1000,0,g10a0_t0a0,100k,B2,FIXJACK1,1.603e-05,7.520000,,sotto,mute da t_ins+t_grad+20 ms a t_rel
x10000_dnminm20_i,ldr_v4_td6_BB_dnminm20,1000,0,g10a0_t0a0,100k,A_ins,FIXJACK2,8.908e-06,2.362437,2.000,sotto,riferimento rsempre_g10t0_dnminm20
x10000_dnminm20_i,ldr_v4_td6_BB_dnminm20,1000,0,g10a0_t0a0,100k,A_rel,FIXJACK2,1.084e-11,9.364604,2.000,sotto,riferimento rmai_g10t0_dnminm20
x10000_dnminm20_i,ldr_v4_td6_BB_dnminm20,1000,0,g10a0_t0a0,100k,B2,FIXJACK2,1.603e-05,7.520000,,sotto,mute da t_ins+t_grad+20 ms a t_rel
x10000_dnminm20_c,ldr_v4_td6_BB_dnminm20,1000,0,g10a0_t0a0,100k,A_ins,MAINJACK,1.865e-05,8.000333,2.000,sotto,riferimento rsempre_g0t0_dnminm20
x10000_dnminm20_c,ldr_v4_td6_BB_dnminm20,1000,0,g10a0_t0a0,100k,A_rel,MAINJACK,2.206e-06,11.323187,2.000,sotto,riferimento rmai_g0t0_dnminm20
x10000_dnminm20_c,ldr_v4_td6_BB_dnminm20,1000,0,g10a0_t0a0,100k,B2,MAINJACK,6.044e-08,8.027208,,sotto,mute da t_ins+t_grad+20 ms a t_rel
x10000_dnminm20_c,ldr_v4_td6_BB_dnminm20,1000,0,g10a0_t0a0,100k,A_ins,FIXJACK1,1.473e-12,8.000312,2.000,sotto,riferimento rsempre_g0t0_dnminm20
x10000_dnminm20_c,ldr_v4_td6_BB_dnminm20,1000,0,g10a0_t0a0,100k,A_rel,FIXJACK1,2.206e-05,11.323219,2.000,sotto,riferimento rmai_g0t0_dnminm20
x10000_dnminm20_c,ldr_v4_td6_BB_dnminm20,1000,0,g10a0_t0a0,100k,B2,FIXJACK1,2.509e-14,8.642875,,sotto,mute da t_ins+t_grad+20 ms a t_rel
x10000_dnminm20_c,ldr_v4_td6_BB_dnminm20,1000,0,g10a0_t0a0,100k,A_ins,FIXJACK2,1.478e-12,8.000312,2.000,sotto,riferimento rsempre_g0t0_dnminm20
x10000_dnminm20_c,ldr_v4_td6_BB_dnminm20,1000,0,g10a0_t0a0,100k,A_rel,FIXJACK2,2.206e-05,11.323219,2.000,sotto,riferimento rmai_g0t0_dnminm20
x10000_dnminm20_c,ldr_v4_td6_BB_dnminm20,1000,0,g10a0_t0a0,100k,B2,FIXJACK2,2.274e-14,8.297052,,sotto,mute da t_ins+t_grad+20 ms a t_rel
x1010012_dnminm20_i,ldr_v4_td6_BB_dnminm20,1000,0,g10a10_t0a12,100k,A_ins,MAINJACK,2.803e-06,2.362406,2.000,sotto,riferimento rsempre_g10t0_dnminm20
x1010012_dnminm20_i,ldr_v4_td6_BB_dnminm20,1000,0,g10a10_t0a12,100k,A_rel,MAINJACK,2.988e-06,8.000031,2.000,sotto,riferimento rmai_g10t0_dnminm20
x1010012_dnminm20_i,ldr_v4_td6_BB_dnminm20,1000,0,g10a10_t0a12,100k,B2,MAINJACK,2.08e-06,7.520000,,sotto,mute da t_ins+t_grad+20 ms a t_rel
x1010012_dnminm20_i,ldr_v4_td6_BB_dnminm20,1000,0,g10a10_t0a12,100k,A_ins,FIXJACK1,8.908e-06,2.362437,2.000,sotto,riferimento rsempre_g10t0_dnminm20
x1010012_dnminm20_i,ldr_v4_td6_BB_dnminm20,1000,0,g10a10_t0a12,100k,A_rel,FIXJACK1,4.184e-11,8.001010,2.000,sotto,riferimento rmai_g10t0_dnminm20
x1010012_dnminm20_i,ldr_v4_td6_BB_dnminm20,1000,0,g10a10_t0a12,100k,B2,FIXJACK1,1.603e-05,7.520000,,sotto,mute da t_ins+t_grad+20 ms a t_rel
x1010012_dnminm20_i,ldr_v4_td6_BB_dnminm20,1000,0,g10a10_t0a12,100k,A_ins,FIXJACK2,8.908e-06,2.362437,2.000,sotto,riferimento rsempre_g10t0_dnminm20
x1010012_dnminm20_i,ldr_v4_td6_BB_dnminm20,1000,0,g10a10_t0a12,100k,A_rel,FIXJACK2,3.817e-11,8.001010,2.000,sotto,riferimento rmai_g10t0_dnminm20
x1010012_dnminm20_i,ldr_v4_td6_BB_dnminm20,1000,0,g10a10_t0a12,100k,B2,FIXJACK2,1.603e-05,7.520000,,sotto,mute da t_ins+t_grad+20 ms a t_rel
x1010012_dnminm20_c,ldr_v4_td6_BB_dnminm20,1000,0,g10a10_t0a12,100k,A_ins,MAINJACK,2.988e-06,8.000031,2.000,sotto,riferimento rsempre_g10t12_dnminm20
x1010012_dnminm20_c,ldr_v4_td6_BB_dnminm20,1000,0,g10a10_t0a12,100k,A_rel,MAINJACK,1.759e-06,11.323198,2.000,sotto,riferimento rmai_g10t12_dnminm20
x1010012_dnminm20_c,ldr_v4_td6_BB_dnminm20,1000,0,g10a10_t0a12,100k,B2,MAINJACK,5.975e-09,8.026594,,sotto,mute da t_ins+t_grad+20 ms a t_rel
x1010012_dnminm20_c,ldr_v4_td6_BB_dnminm20,1000,0,g10a10_t0a12,100k,A_ins,FIXJACK1,4.282e-11,8.001010,2.000,sotto,riferimento rsempre_g10t12_dnminm20
x1010012_dnminm20_c,ldr_v4_td6_BB_dnminm20,1000,0,g10a10_t0a12,100k,A_rel,FIXJACK1,2.206e-05,11.323219,2.000,sotto,riferimento rmai_g10t12_dnminm20
x1010012_dnminm20_c,ldr_v4_td6_BB_dnminm20,1000,0,g10a10_t0a12,100k,B2,FIXJACK1,3.399e-14,8.027448,,sotto,mute da t_ins+t_grad+20 ms a t_rel
x1010012_dnminm20_c,ldr_v4_td6_BB_dnminm20,1000,0,g10a10_t0a12,100k,A_ins,FIXJACK2,4.287e-11,8.001010,2.000,sotto,riferimento rsempre_g10t12_dnminm20
x1010012_dnminm20_c,ldr_v4_td6_BB_dnminm20,1000,0,g10a10_t0a12,100k,A_rel,FIXJACK2,2.206e-05,11.323219,2.000,sotto,riferimento rmai_g10t12_dnminm20
x1010012_dnminm20_c,ldr_v4_td6_BB_dnminm20,1000,0,g10a10_t0a12,100k,B2,FIXJACK2,3.048e-14,8.027021,,sotto,mute da t_ins+t_grad+20 ms a t_rel
x1010120_dnminm20_i,ldr_v4_td6_BB_dnminm20,1000,0,g10a10_t12a0,100k,A_ins,MAINJACK,7.093e-07,2.362406,2.000,sotto,riferimento rsempre_g10t12_dnminm20
x1010120_dnminm20_i,ldr_v4_td6_BB_dnminm20,1000,0,g10a10_t12a0,100k,A_rel,MAINJACK,2.926e-06,8.001031,2.000,sotto,riferimento rmai_g10t12_dnminm20
x1010120_dnminm20_i,ldr_v4_td6_BB_dnminm20,1000,0,g10a10_t12a0,100k,B2,MAINJACK,5.262e-07,7.520000,,sotto,mute da t_ins+t_grad+20 ms a t_rel
x1010120_dnminm20_i,ldr_v4_td6_BB_dnminm20,1000,0,g10a10_t12a0,100k,A_ins,FIXJACK1,8.908e-06,2.362437,2.000,sotto,riferimento rsempre_g10t12_dnminm20
x1010120_dnminm20_i,ldr_v4_td6_BB_dnminm20,1000,0,g10a10_t12a0,100k,A_rel,FIXJACK1,2.034e-10,8.001458,2.000,sotto,riferimento rmai_g10t12_dnminm20
x1010120_dnminm20_i,ldr_v4_td6_BB_dnminm20,1000,0,g10a10_t12a0,100k,B2,FIXJACK1,1.603e-05,7.520000,,sotto,mute da t_ins+t_grad+20 ms a t_rel
x1010120_dnminm20_i,ldr_v4_td6_BB_dnminm20,1000,0,g10a10_t12a0,100k,A_ins,FIXJACK2,8.908e-06,2.362437,2.000,sotto,riferimento rsempre_g10t12_dnminm20
x1010120_dnminm20_i,ldr_v4_td6_BB_dnminm20,1000,0,g10a10_t12a0,100k,A_rel,FIXJACK2,2.034e-10,8.001458,2.000,sotto,riferimento rmai_g10t12_dnminm20
x1010120_dnminm20_i,ldr_v4_td6_BB_dnminm20,1000,0,g10a10_t12a0,100k,B2,FIXJACK2,1.603e-05,7.520000,,sotto,mute da t_ins+t_grad+20 ms a t_rel
x1010120_dnminm20_c,ldr_v4_td6_BB_dnminm20,1000,0,g10a10_t12a0,100k,A_ins,MAINJACK,2.926e-06,8.001031,2.000,sotto,riferimento rsempre_g10t0_dnminm20
x1010120_dnminm20_c,ldr_v4_td6_BB_dnminm20,1000,0,g10a10_t12a0,100k,A_rel,MAINJACK,6.953e-06,11.323187,2.000,sotto,riferimento rmai_g10t0_dnminm20
x1010120_dnminm20_c,ldr_v4_td6_BB_dnminm20,1000,0,g10a10_t12a0,100k,B2,MAINJACK,5.747e-09,8.028302,,sotto,mute da t_ins+t_grad+20 ms a t_rel
x1010120_dnminm20_c,ldr_v4_td6_BB_dnminm20,1000,0,g10a10_t12a0,100k,A_ins,FIXJACK1,2.023e-10,8.001458,2.000,sotto,riferimento rsempre_g10t0_dnminm20
x1010120_dnminm20_c,ldr_v4_td6_BB_dnminm20,1000,0,g10a10_t12a0,100k,A_rel,FIXJACK1,2.206e-05,11.323219,2.000,sotto,riferimento rmai_g10t0_dnminm20
x1010120_dnminm20_c,ldr_v4_td6_BB_dnminm20,1000,0,g10a10_t12a0,100k,B2,FIXJACK1,4.665e-14,8.029885,,sotto,mute da t_ins+t_grad+20 ms a t_rel
x1010120_dnminm20_c,ldr_v4_td6_BB_dnminm20,1000,0,g10a10_t12a0,100k,A_ins,FIXJACK2,2.023e-10,8.001458,2.000,sotto,riferimento rsempre_g10t0_dnminm20
x1010120_dnminm20_c,ldr_v4_td6_BB_dnminm20,1000,0,g10a10_t12a0,100k,A_rel,FIXJACK2,2.206e-05,11.323219,2.000,sotto,riferimento rmai_g10t0_dnminm20
x1010120_dnminm20_c,ldr_v4_td6_BB_dnminm20,1000,0,g10a10_t12a0,100k,B2,FIXJACK2,5.033e-14,8.028865,,sotto,mute da t_ins+t_grad+20 ms a t_rel
xm_dnminm20,ldr_v4_td6_BB_dnminm20,1000,0,10,100k,A_ins,MAINJACK,2.803e-06,2.362406,2.000,sotto,riferimento rsempre_g10t0_dnminm20
xm_dnminm20,ldr_v4_td6_BB_dnminm20,1000,0,10,100k,A_rel,MAINJACK,6.943e-06,9.823187,2.000,sotto,riferimento rmai_g10t0_dnminm20
xm_dnminm20,ldr_v4_td6_BB_dnminm20,1000,0,10,100k,B2,MAINJACK,2.08e-06,7.520000,,sotto,mute da t_ins+t_grad+20 ms a t_rel
xm_dnminm20,ldr_v4_td6_BB_dnminm20,1000,0,10,100k,A_ins,FIXJACK1,8.908e-06,2.362437,2.000,sotto,riferimento rsempre_g10t0_dnminm20
xm_dnminm20,ldr_v4_td6_BB_dnminm20,1000,0,10,100k,A_rel,FIXJACK1,2.203e-05,9.823219,2.000,sotto,riferimento rmai_g10t0_dnminm20
xm_dnminm20,ldr_v4_td6_BB_dnminm20,1000,0,10,100k,B2,FIXJACK1,1.603e-05,7.520000,,sotto,mute da t_ins+t_grad+20 ms a t_rel
xm_dnminm20,ldr_v4_td6_BB_dnminm20,1000,0,10,100k,A_ins,FIXJACK2,8.908e-06,2.362437,2.000,sotto,riferimento rsempre_g10t0_dnminm20
xm_dnminm20,ldr_v4_td6_BB_dnminm20,1000,0,10,100k,A_rel,FIXJACK2,2.203e-05,9.823219,2.000,sotto,riferimento rmai_g10t0_dnminm20
xm_dnminm20,ldr_v4_td6_BB_dnminm20,1000,0,10,100k,B2,FIXJACK2,1.603e-05,7.520000,,sotto,mute da t_ins+t_grad+20 ms a t_rel
x01000_dnmaxmax_i,ldr_v4_td6_BB_dnmaxmax,1000,0,g0a10_t0a0,100k,A_ins,MAINJACK,8.903e-06,2.362406,2.000,sotto,riferimento rsempre_g0t0_dnmaxmax
x01000_dnmaxmax_i,ldr_v4_td6_BB_dnmaxmax,1000,0,g0a10_t0a0,100k,A_rel,MAINJACK,3.25e-05,8.000031,2.000,sotto,riferimento rmai_g0t0_dnmaxmax
x01000_dnmaxmax_i,ldr_v4_td6_BB_dnmaxmax,1000,0,g0a10_t0a0,100k,B2,MAINJACK,6.605e-06,7.520000,,sotto,mute da t_ins+t_grad+20 ms a t_rel
x01000_dnmaxmax_i,ldr_v4_td6_BB_dnmaxmax,1000,0,g0a10_t0a0,100k,A_ins,FIXJACK1,8.907e-06,2.362427,2.000,sotto,riferimento rsempre_g0t0_dnmaxmax
x01000_dnmaxmax_i,ldr_v4_td6_BB_dnmaxmax,1000,0,g0a10_t0a0,100k,A_rel,FIXJACK1,7.627e-11,8.000531,2.000,sotto,riferimento rmai_g0t0_dnmaxmax
x01000_dnmaxmax_i,ldr_v4_td6_BB_dnmaxmax,1000,0,g0a10_t0a0,100k,B2,FIXJACK1,1.603e-05,7.520000,,sotto,mute da t_ins+t_grad+20 ms a t_rel
x01000_dnmaxmax_i,ldr_v4_td6_BB_dnmaxmax,1000,0,g0a10_t0a0,100k,A_ins,FIXJACK2,8.907e-06,2.362427,2.000,sotto,riferimento rsempre_g0t0_dnmaxmax
x01000_dnmaxmax_i,ldr_v4_td6_BB_dnmaxmax,1000,0,g0a10_t0a0,100k,A_rel,FIXJACK2,7.418e-11,8.000531,2.000,sotto,riferimento rmai_g0t0_dnmaxmax
x01000_dnmaxmax_i,ldr_v4_td6_BB_dnmaxmax,1000,0,g0a10_t0a0,100k,B2,FIXJACK2,1.603e-05,7.520000,,sotto,mute da t_ins+t_grad+20 ms a t_rel
x01000_dnmaxmax_c,ldr_v4_td6_BB_dnmaxmax,1000,0,g0a10_t0a0,100k,A_ins,MAINJACK,3.25e-05,8.000031,2.000,sotto,riferimento rsempre_g10t0_dnmaxmax
x01000_dnmaxmax_c,ldr_v4_td6_BB_dnmaxmax,1000,0,g0a10_t0a0,100k,A_rel,MAINJACK,6.959e-05,11.323187,2.000,sotto,riferimento rmai_g10t0_dnmaxmax
x01000_dnmaxmax_c,ldr_v4_td6_BB_dnmaxmax,1000,0,g0a10_t0a0,100k,B2,MAINJACK,1.067e-07,8.027052,,sotto,mute da t_ins+t_grad+20 ms a t_rel
x01000_dnmaxmax_c,ldr_v4_td6_BB_dnmaxmax,1000,0,g0a10_t0a0,100k,A_ins,FIXJACK1,7.654e-11,8.000531,2.000,sotto,riferimento rsempre_g10t0_dnmaxmax
x01000_dnmaxmax_c,ldr_v4_td6_BB_dnmaxmax,1000,0,g0a10_t0a0,100k,A_rel,FIXJACK1,2.206e-05,11.323219,2.000,sotto,riferimento rmai_g10t0_dnmaxmax
x01000_dnmaxmax_c,ldr_v4_td6_BB_dnmaxmax,1000,0,g0a10_t0a0,100k,B2,FIXJACK1,2.335e-14,8.406229,,sotto,mute da t_ins+t_grad+20 ms a t_rel
x01000_dnmaxmax_c,ldr_v4_td6_BB_dnmaxmax,1000,0,g0a10_t0a0,100k,A_ins,FIXJACK2,7.654e-11,8.000531,2.000,sotto,riferimento rsempre_g10t0_dnmaxmax
x01000_dnmaxmax_c,ldr_v4_td6_BB_dnmaxmax,1000,0,g0a10_t0a0,100k,A_rel,FIXJACK2,2.206e-05,11.323219,2.000,sotto,riferimento rmai_g10t0_dnmaxmax
x01000_dnmaxmax_c,ldr_v4_td6_BB_dnmaxmax,1000,0,g0a10_t0a0,100k,B2,FIXJACK2,2.366e-14,8.285198,,sotto,mute da t_ins+t_grad+20 ms a t_rel
x10000_dnmaxmax_i,ldr_v4_td6_BB_dnmaxmax,1000,0,g10a0_t0a0,100k,A_ins,MAINJACK,2.806e-05,2.362396,2.000,sotto,riferimento rsempre_g10t0_dnmaxmax
x10000_dnmaxmax_i,ldr_v4_td6_BB_dnmaxmax,1000,0,g10a0_t0a0,100k,A_rel,MAINJACK,3.389e-05,8.000333,2.000,sotto,riferimento rmai_g10t0_dnmaxmax
x10000_dnmaxmax_i,ldr_v4_td6_BB_dnmaxmax,1000,0,g10a0_t0a0,100k,B2,MAINJACK,2.081e-05,7.520000,,sotto,mute da t_ins+t_grad+20 ms a t_rel
x10000_dnmaxmax_i,ldr_v4_td6_BB_dnmaxmax,1000,0,g10a0_t0a0,100k,A_ins,FIXJACK1,8.907e-06,2.362437,2.000,sotto,riferimento rsempre_g10t0_dnmaxmax
x10000_dnmaxmax_i,ldr_v4_td6_BB_dnmaxmax,1000,0,g10a0_t0a0,100k,A_rel,FIXJACK1,1.123e-11,9.463583,2.000,sotto,riferimento rmai_g10t0_dnmaxmax
x10000_dnmaxmax_i,ldr_v4_td6_BB_dnmaxmax,1000,0,g10a0_t0a0,100k,B2,FIXJACK1,1.603e-05,7.520000,,sotto,mute da t_ins+t_grad+20 ms a t_rel
x10000_dnmaxmax_i,ldr_v4_td6_BB_dnmaxmax,1000,0,g10a0_t0a0,100k,A_ins,FIXJACK2,8.907e-06,2.362437,2.000,sotto,riferimento rsempre_g10t0_dnmaxmax
x10000_dnmaxmax_i,ldr_v4_td6_BB_dnmaxmax,1000,0,g10a0_t0a0,100k,A_rel,FIXJACK2,1.039e-11,8.413937,2.000,sotto,riferimento rmai_g10t0_dnmaxmax
x10000_dnmaxmax_i,ldr_v4_td6_BB_dnmaxmax,1000,0,g10a0_t0a0,100k,B2,FIXJACK2,1.603e-05,7.520000,,sotto,mute da t_ins+t_grad+20 ms a t_rel
x10000_dnmaxmax_c,ldr_v4_td6_BB_dnmaxmax,1000,0,g10a0_t0a0,100k,A_ins,MAINJACK,3.389e-05,8.000333,2.000,sotto,riferimento rsempre_g0t0_dnmaxmax
x10000_dnmaxmax_c,ldr_v4_td6_BB_dnmaxmax,1000,0,g10a0_t0a0,100k,A_rel,MAINJACK,2.208e-05,11.323187,2.000,sotto,riferimento rmai_g0t0_dnmaxmax
x10000_dnmaxmax_c,ldr_v4_td6_BB_dnmaxmax,1000,0,g10a0_t0a0,100k,B2,MAINJACK,1.099e-07,8.027208,,sotto,mute da t_ins+t_grad+20 ms a t_rel
x10000_dnmaxmax_c,ldr_v4_td6_BB_dnmaxmax,1000,0,g10a0_t0a0,100k,A_ins,FIXJACK1,3.203e-12,8.000917,2.000,sotto,riferimento rsempre_g0t0_dnmaxmax
x10000_dnmaxmax_c,ldr_v4_td6_BB_dnmaxmax,1000,0,g10a0_t0a0,100k,A_rel,FIXJACK1,2.206e-05,11.323219,2.000,sotto,riferimento rmai_g0t0_dnmaxmax
x10000_dnmaxmax_c,ldr_v4_td6_BB_dnmaxmax,1000,0,g10a0_t0a0,100k,B2,FIXJACK1,2.188e-14,8.366365,,sotto,mute da t_ins+t_grad+20 ms a t_rel
x10000_dnmaxmax_c,ldr_v4_td6_BB_dnmaxmax,1000,0,g10a0_t0a0,100k,A_ins,FIXJACK2,3.197e-12,8.000917,2.000,sotto,riferimento rsempre_g0t0_dnmaxmax
x10000_dnmaxmax_c,ldr_v4_td6_BB_dnmaxmax,1000,0,g10a0_t0a0,100k,A_rel,FIXJACK2,2.206e-05,11.323219,2.000,sotto,riferimento rmai_g0t0_dnmaxmax
x10000_dnmaxmax_c,ldr_v4_td6_BB_dnmaxmax,1000,0,g10a0_t0a0,100k,B2,FIXJACK2,2.215e-14,8.809125,,sotto,mute da t_ins+t_grad+20 ms a t_rel
x1010012_dnmaxmax_i,ldr_v4_td6_BB_dnmaxmax,1000,0,g10a10_t0a12,100k,A_ins,MAINJACK,2.806e-05,2.362396,2.000,sotto,riferimento rsempre_g10t0_dnmaxmax
x1010012_dnmaxmax_i,ldr_v4_td6_BB_dnmaxmax,1000,0,g10a10_t0a12,100k,A_rel,MAINJACK,3.095e-05,8.000031,2.000,sotto,riferimento rmai_g10t0_dnmaxmax
x1010012_dnmaxmax_i,ldr_v4_td6_BB_dnmaxmax,1000,0,g10a10_t0a12,100k,B2,MAINJACK,2.081e-05,7.520000,,sotto,mute da t_ins+t_grad+20 ms a t_rel
x1010012_dnmaxmax_i,ldr_v4_td6_BB_dnmaxmax,1000,0,g10a10_t0a12,100k,A_ins,FIXJACK1,8.907e-06,2.362437,2.000,sotto,riferimento rsempre_g10t0_dnmaxmax
x1010012_dnmaxmax_i,ldr_v4_td6_BB_dnmaxmax,1000,0,g10a10_t0a12,100k,A_rel,FIXJACK1,4.643e-11,8.000615,2.000,sotto,riferimento rmai_g10t0_dnmaxmax
x1010012_dnmaxmax_i,ldr_v4_td6_BB_dnmaxmax,1000,0,g10a10_t0a12,100k,B2,FIXJACK1,1.603e-05,7.520000,,sotto,mute da t_ins+t_grad+20 ms a t_rel
x1010012_dnmaxmax_i,ldr_v4_td6_BB_dnmaxmax,1000,0,g10a10_t0a12,100k,A_ins,FIXJACK2,8.907e-06,2.362437,2.000,sotto,riferimento rsempre_g10t0_dnmaxmax
x1010012_dnmaxmax_i,ldr_v4_td6_BB_dnmaxmax,1000,0,g10a10_t0a12,100k,A_rel,FIXJACK2,4.694e-11,8.000615,2.000,sotto,riferimento rmai_g10t0_dnmaxmax
x1010012_dnmaxmax_i,ldr_v4_td6_BB_dnmaxmax,1000,0,g10a10_t0a12,100k,B2,FIXJACK2,1.603e-05,7.520000,,sotto,mute da t_ins+t_grad+20 ms a t_rel
x1010012_dnmaxmax_c,ldr_v4_td6_BB_dnmaxmax,1000,0,g10a10_t0a12,100k,A_ins,MAINJACK,3.095e-05,8.000031,2.000,sotto,riferimento rsempre_g10t12_dnmaxmax
x1010012_dnmaxmax_c,ldr_v4_td6_BB_dnmaxmax,1000,0,g10a10_t0a12,100k,A_rel,MAINJACK,1.76e-05,11.323187,2.000,sotto,riferimento rmai_g10t12_dnmaxmax
x1010012_dnmaxmax_c,ldr_v4_td6_BB_dnmaxmax,1000,0,g10a10_t0a12,100k,B2,MAINJACK,5.984e-08,8.026542,,sotto,mute da t_ins+t_grad+20 ms a t_rel
x1010012_dnmaxmax_c,ldr_v4_td6_BB_dnmaxmax,1000,0,g10a10_t0a12,100k,A_ins,FIXJACK1,4.568e-11,8.000615,2.000,sotto,riferimento rsempre_g10t12_dnmaxmax
x1010012_dnmaxmax_c,ldr_v4_td6_BB_dnmaxmax,1000,0,g10a10_t0a12,100k,A_rel,FIXJACK1,2.206e-05,11.323219,2.000,sotto,riferimento rmai_g10t12_dnmaxmax
x1010012_dnmaxmax_c,ldr_v4_td6_BB_dnmaxmax,1000,0,g10a10_t0a12,100k,B2,FIXJACK1,3.283e-14,8.024708,,sotto,mute da t_ins+t_grad+20 ms a t_rel
x1010012_dnmaxmax_c,ldr_v4_td6_BB_dnmaxmax,1000,0,g10a10_t0a12,100k,A_ins,FIXJACK2,4.568e-11,8.000615,2.000,sotto,riferimento rsempre_g10t12_dnmaxmax
x1010012_dnmaxmax_c,ldr_v4_td6_BB_dnmaxmax,1000,0,g10a10_t0a12,100k,A_rel,FIXJACK2,2.206e-05,11.323219,2.000,sotto,riferimento rmai_g10t12_dnmaxmax
x1010012_dnmaxmax_c,ldr_v4_td6_BB_dnmaxmax,1000,0,g10a10_t0a12,100k,B2,FIXJACK2,3.308e-14,8.030333,,sotto,mute da t_ins+t_grad+20 ms a t_rel
x1010120_dnmaxmax_i,ldr_v4_td6_BB_dnmaxmax,1000,0,g10a10_t12a0,100k,A_ins,MAINJACK,7.097e-06,2.362396,2.000,sotto,riferimento rsempre_g10t12_dnmaxmax
x1010120_dnmaxmax_i,ldr_v4_td6_BB_dnmaxmax,1000,0,g10a10_t12a0,100k,A_rel,MAINJACK,3.025e-05,8.001031,2.000,sotto,riferimento rmai_g10t12_dnmaxmax
x1010120_dnmaxmax_i,ldr_v4_td6_BB_dnmaxmax,1000,0,g10a10_t12a0,100k,B2,MAINJACK,5.265e-06,7.520000,,sotto,mute da t_ins+t_grad+20 ms a t_rel
x1010120_dnmaxmax_i,ldr_v4_td6_BB_dnmaxmax,1000,0,g10a10_t12a0,100k,A_ins,FIXJACK1,8.907e-06,2.362437,2.000,sotto,riferimento rsempre_g10t12_dnmaxmax
x1010120_dnmaxmax_i,ldr_v4_td6_BB_dnmaxmax,1000,0,g10a10_t12a0,100k,A_rel,FIXJACK1,2.357e-09,8.001531,2.000,sotto,riferimento rmai_g10t12_dnmaxmax
x1010120_dnmaxmax_i,ldr_v4_td6_BB_dnmaxmax,1000,0,g10a10_t12a0,100k,B2,FIXJACK1,1.603e-05,7.520000,,sotto,mute da t_ins+t_grad+20 ms a t_rel
x1010120_dnmaxmax_i,ldr_v4_td6_BB_dnmaxmax,1000,0,g10a10_t12a0,100k,A_ins,FIXJACK2,8.907e-06,2.362437,2.000,sotto,riferimento rsempre_g10t12_dnmaxmax
x1010120_dnmaxmax_i,ldr_v4_td6_BB_dnmaxmax,1000,0,g10a10_t12a0,100k,A_rel,FIXJACK2,2.357e-09,8.001531,2.000,sotto,riferimento rmai_g10t12_dnmaxmax
x1010120_dnmaxmax_i,ldr_v4_td6_BB_dnmaxmax,1000,0,g10a10_t12a0,100k,B2,FIXJACK2,1.603e-05,7.520000,,sotto,mute da t_ins+t_grad+20 ms a t_rel
x1010120_dnmaxmax_c,ldr_v4_td6_BB_dnmaxmax,1000,0,g10a10_t12a0,100k,A_ins,MAINJACK,3.025e-05,8.001031,2.000,sotto,riferimento rsempre_g10t0_dnmaxmax
x1010120_dnmaxmax_c,ldr_v4_td6_BB_dnmaxmax,1000,0,g10a10_t12a0,100k,A_rel,MAINJACK,6.959e-05,11.323187,2.000,sotto,riferimento rmai_g10t0_dnmaxmax
x1010120_dnmaxmax_c,ldr_v4_td6_BB_dnmaxmax,1000,0,g10a10_t12a0,100k,B2,MAINJACK,5.761e-08,8.028344,,sotto,mute da t_ins+t_grad+20 ms a t_rel
x1010120_dnmaxmax_c,ldr_v4_td6_BB_dnmaxmax,1000,0,g10a10_t12a0,100k,A_ins,FIXJACK1,2.355e-09,8.001531,2.000,sotto,riferimento rsempre_g10t0_dnmaxmax
x1010120_dnmaxmax_c,ldr_v4_td6_BB_dnmaxmax,1000,0,g10a10_t12a0,100k,A_rel,FIXJACK1,2.206e-05,11.323219,2.000,sotto,riferimento rmai_g10t0_dnmaxmax
x1010120_dnmaxmax_c,ldr_v4_td6_BB_dnmaxmax,1000,0,g10a10_t12a0,100k,B2,FIXJACK1,6.74e-13,8.028229,,sotto,mute da t_ins+t_grad+20 ms a t_rel
x1010120_dnmaxmax_c,ldr_v4_td6_BB_dnmaxmax,1000,0,g10a10_t12a0,100k,A_ins,FIXJACK2,2.354e-09,8.001531,2.000,sotto,riferimento rsempre_g10t0_dnmaxmax
x1010120_dnmaxmax_c,ldr_v4_td6_BB_dnmaxmax,1000,0,g10a10_t12a0,100k,A_rel,FIXJACK2,2.206e-05,11.323219,2.000,sotto,riferimento rmai_g10t0_dnmaxmax
x1010120_dnmaxmax_c,ldr_v4_td6_BB_dnmaxmax,1000,0,g10a10_t12a0,100k,B2,FIXJACK2,6.71e-13,8.027990,,sotto,mute da t_ins+t_grad+20 ms a t_rel
xm_dnmaxmax,ldr_v4_td6_BB_dnmaxmax,1000,0,10,100k,A_ins,MAINJACK,2.806e-05,2.362396,2.000,sotto,riferimento rsempre_g10t0_dnmaxmax
xm_dnmaxmax,ldr_v4_td6_BB_dnmaxmax,1000,0,10,100k,A_rel,MAINJACK,6.949e-05,9.823187,2.000,sotto,riferimento rmai_g10t0_dnmaxmax
xm_dnmaxmax,ldr_v4_td6_BB_dnmaxmax,1000,0,10,100k,B2,MAINJACK,2.081e-05,7.520000,,sotto,mute da t_ins+t_grad+20 ms a t_rel
xm_dnmaxmax,ldr_v4_td6_BB_dnmaxmax,1000,0,10,100k,A_ins,FIXJACK1,8.907e-06,2.362437,2.000,sotto,riferimento rsempre_g10t0_dnmaxmax
xm_dnmaxmax,ldr_v4_td6_BB_dnmaxmax,1000,0,10,100k,A_rel,FIXJACK1,2.203e-05,9.823219,2.000,sotto,riferimento rmai_g10t0_dnmaxmax
xm_dnmaxmax,ldr_v4_td6_BB_dnmaxmax,1000,0,10,100k,B2,FIXJACK1,1.603e-05,7.520000,,sotto,mute da t_ins+t_grad+20 ms a t_rel
xm_dnmaxmax,ldr_v4_td6_BB_dnmaxmax,1000,0,10,100k,A_ins,FIXJACK2,8.907e-06,2.362437,2.000,sotto,riferimento rsempre_g10t0_dnmaxmax
xm_dnmaxmax,ldr_v4_td6_BB_dnmaxmax,1000,0,10,100k,A_rel,FIXJACK2,2.203e-05,9.823219,2.000,sotto,riferimento rmai_g10t0_dnmaxmax
xm_dnmaxmax,ldr_v4_td6_BB_dnmaxmax,1000,0,10,100k,B2,FIXJACK2,1.603e-05,7.520000,,sotto,mute da t_ins+t_grad+20 ms a t_rel
x01000_dnmaxm20_i,ldr_v4_td6_BB_dnmaxm20,1000,0,g0a10_t0a0,100k,A_ins,MAINJACK,8.895e-07,2.362406,2.000,sotto,riferimento rsempre_g0t0_dnmaxm20
x01000_dnmaxm20_i,ldr_v4_td6_BB_dnmaxm20,1000,0,g0a10_t0a0,100k,A_rel,MAINJACK,1.782e-05,8.000031,2.000,sotto,riferimento rmai_g0t0_dnmaxm20
x01000_dnmaxm20_i,ldr_v4_td6_BB_dnmaxm20,1000,0,g0a10_t0a0,100k,B2,MAINJACK,6.598e-07,7.520000,,sotto,mute da t_ins+t_grad+20 ms a t_rel
x01000_dnmaxm20_i,ldr_v4_td6_BB_dnmaxm20,1000,0,g0a10_t0a0,100k,A_ins,FIXJACK1,8.907e-06,2.362437,2.000,sotto,riferimento rsempre_g0t0_dnmaxm20
x01000_dnmaxm20_i,ldr_v4_td6_BB_dnmaxm20,1000,0,g0a10_t0a0,100k,A_rel,FIXJACK1,1.141e-11,8.220479,2.000,sotto,riferimento rmai_g0t0_dnmaxm20
x01000_dnmaxm20_i,ldr_v4_td6_BB_dnmaxm20,1000,0,g0a10_t0a0,100k,B2,FIXJACK1,1.603e-05,7.520000,,sotto,mute da t_ins+t_grad+20 ms a t_rel
x01000_dnmaxm20_i,ldr_v4_td6_BB_dnmaxm20,1000,0,g0a10_t0a0,100k,A_ins,FIXJACK2,8.907e-06,2.362437,2.000,sotto,riferimento rsempre_g0t0_dnmaxm20
x01000_dnmaxm20_i,ldr_v4_td6_BB_dnmaxm20,1000,0,g0a10_t0a0,100k,A_rel,FIXJACK2,1.02e-11,9.217427,2.000,sotto,riferimento rmai_g0t0_dnmaxm20
x01000_dnmaxm20_i,ldr_v4_td6_BB_dnmaxm20,1000,0,g0a10_t0a0,100k,B2,FIXJACK2,1.603e-05,7.520000,,sotto,mute da t_ins+t_grad+20 ms a t_rel
x01000_dnmaxm20_c,ldr_v4_td6_BB_dnmaxm20,1000,0,g0a10_t0a0,100k,A_ins,MAINJACK,1.782e-05,8.000031,2.000,sotto,riferimento rsempre_g10t0_dnmaxm20
x01000_dnmaxm20_c,ldr_v4_td6_BB_dnmaxm20,1000,0,g0a10_t0a0,100k,A_rel,MAINJACK,6.952e-06,11.323187,2.000,sotto,riferimento rmai_g10t0_dnmaxm20
x01000_dnmaxm20_c,ldr_v4_td6_BB_dnmaxm20,1000,0,g0a10_t0a0,100k,B2,MAINJACK,5.971e-08,8.027042,,sotto,mute da t_ins+t_grad+20 ms a t_rel
x01000_dnmaxm20_c,ldr_v4_td6_BB_dnmaxm20,1000,0,g0a10_t0a0,100k,A_ins,FIXJACK1,2.247e-12,8.000156,2.000,sotto,riferimento rsempre_g10t0_dnmaxm20
x01000_dnmaxm20_c,ldr_v4_td6_BB_dnmaxm20,1000,0,g0a10_t0a0,100k,A_rel,FIXJACK1,2.206e-05,11.323219,2.000,sotto,riferimento rmai_g10t0_dnmaxm20
x01000_dnmaxm20_c,ldr_v4_td6_BB_dnmaxm20,1000,0,g0a10_t0a0,100k,B2,FIXJACK1,2.246e-14,8.118833,,sotto,mute da t_ins+t_grad+20 ms a t_rel
x01000_dnmaxm20_c,ldr_v4_td6_BB_dnmaxm20,1000,0,g0a10_t0a0,100k,A_ins,FIXJACK2,2.245e-12,8.000156,2.000,sotto,riferimento rsempre_g10t0_dnmaxm20
x01000_dnmaxm20_c,ldr_v4_td6_BB_dnmaxm20,1000,0,g0a10_t0a0,100k,A_rel,FIXJACK2,2.206e-05,11.323219,2.000,sotto,riferimento rmai_g10t0_dnmaxm20
x01000_dnmaxm20_c,ldr_v4_td6_BB_dnmaxm20,1000,0,g0a10_t0a0,100k,B2,FIXJACK2,2.255e-14,9.595344,,sotto,mute da t_ins+t_grad+20 ms a t_rel
x10000_dnmaxm20_i,ldr_v4_td6_BB_dnmaxm20,1000,0,g10a0_t0a0,100k,A_ins,MAINJACK,2.803e-06,2.362396,2.000,sotto,riferimento rsempre_g10t0_dnmaxm20
x10000_dnmaxm20_i,ldr_v4_td6_BB_dnmaxm20,1000,0,g10a0_t0a0,100k,A_rel,MAINJACK,1.855e-05,8.000333,2.000,sotto,riferimento rmai_g10t0_dnmaxm20
x10000_dnmaxm20_i,ldr_v4_td6_BB_dnmaxm20,1000,0,g10a0_t0a0,100k,B2,MAINJACK,2.079e-06,7.520000,,sotto,mute da t_ins+t_grad+20 ms a t_rel
x10000_dnmaxm20_i,ldr_v4_td6_BB_dnmaxm20,1000,0,g10a0_t0a0,100k,A_ins,FIXJACK1,8.907e-06,2.362427,2.000,sotto,riferimento rsempre_g10t0_dnmaxm20
x10000_dnmaxm20_i,ldr_v4_td6_BB_dnmaxm20,1000,0,g10a0_t0a0,100k,A_rel,FIXJACK1,1.281e-11,9.339146,2.000,sotto,riferimento rmai_g10t0_dnmaxm20
x10000_dnmaxm20_i,ldr_v4_td6_BB_dnmaxm20,1000,0,g10a0_t0a0,100k,B2,FIXJACK1,1.603e-05,7.520000,,sotto,mute da t_ins+t_grad+20 ms a t_rel
x10000_dnmaxm20_i,ldr_v4_td6_BB_dnmaxm20,1000,0,g10a0_t0a0,100k,A_ins,FIXJACK2,8.907e-06,2.362437,2.000,sotto,riferimento rsempre_g10t0_dnmaxm20
x10000_dnmaxm20_i,ldr_v4_td6_BB_dnmaxm20,1000,0,g10a0_t0a0,100k,A_rel,FIXJACK2,1.188e-11,8.181146,2.000,sotto,riferimento rmai_g10t0_dnmaxm20
x10000_dnmaxm20_i,ldr_v4_td6_BB_dnmaxm20,1000,0,g10a0_t0a0,100k,B2,FIXJACK2,1.603e-05,7.520000,,sotto,mute da t_ins+t_grad+20 ms a t_rel
x10000_dnmaxm20_c,ldr_v4_td6_BB_dnmaxm20,1000,0,g10a0_t0a0,100k,A_ins,MAINJACK,1.855e-05,8.000333,2.000,sotto,riferimento rsempre_g0t0_dnmaxm20
x10000_dnmaxm20_c,ldr_v4_td6_BB_dnmaxm20,1000,0,g10a0_t0a0,100k,A_rel,MAINJACK,2.206e-06,11.323187,2.000,sotto,riferimento rmai_g0t0_dnmaxm20
x10000_dnmaxm20_c,ldr_v4_td6_BB_dnmaxm20,1000,0,g10a0_t0a0,100k,B2,MAINJACK,5.962e-08,8.027208,,sotto,mute da t_ins+t_grad+20 ms a t_rel
x10000_dnmaxm20_c,ldr_v4_td6_BB_dnmaxm20,1000,0,g10a0_t0a0,100k,A_ins,FIXJACK1,5.338e-13,8.000406,2.000,sotto,riferimento rsempre_g0t0_dnmaxm20
x10000_dnmaxm20_c,ldr_v4_td6_BB_dnmaxm20,1000,0,g10a0_t0a0,100k,A_rel,FIXJACK1,2.206e-05,11.323219,2.000,sotto,riferimento rmai_g0t0_dnmaxm20
x10000_dnmaxm20_c,ldr_v4_td6_BB_dnmaxm20,1000,0,g10a0_t0a0,100k,B2,FIXJACK1,2.453e-14,9.173156,,sotto,mute da t_ins+t_grad+20 ms a t_rel
x10000_dnmaxm20_c,ldr_v4_td6_BB_dnmaxm20,1000,0,g10a0_t0a0,100k,A_ins,FIXJACK2,5.316e-13,8.000406,2.000,sotto,riferimento rsempre_g0t0_dnmaxm20
x10000_dnmaxm20_c,ldr_v4_td6_BB_dnmaxm20,1000,0,g10a0_t0a0,100k,A_rel,FIXJACK2,2.206e-05,11.323219,2.000,sotto,riferimento rmai_g0t0_dnmaxm20
x10000_dnmaxm20_c,ldr_v4_td6_BB_dnmaxm20,1000,0,g10a0_t0a0,100k,B2,FIXJACK2,2.094e-14,8.753198,,sotto,mute da t_ins+t_grad+20 ms a t_rel
x1010012_dnmaxm20_i,ldr_v4_td6_BB_dnmaxm20,1000,0,g10a10_t0a12,100k,A_ins,MAINJACK,2.803e-06,2.362396,2.000,sotto,riferimento rsempre_g10t0_dnmaxm20
x1010012_dnmaxm20_i,ldr_v4_td6_BB_dnmaxm20,1000,0,g10a10_t0a12,100k,A_rel,MAINJACK,2.977e-06,8.000031,2.000,sotto,riferimento rmai_g10t0_dnmaxm20
x1010012_dnmaxm20_i,ldr_v4_td6_BB_dnmaxm20,1000,0,g10a10_t0a12,100k,B2,MAINJACK,2.079e-06,7.520000,,sotto,mute da t_ins+t_grad+20 ms a t_rel
x1010012_dnmaxm20_i,ldr_v4_td6_BB_dnmaxm20,1000,0,g10a10_t0a12,100k,A_ins,FIXJACK1,8.907e-06,2.362427,2.000,sotto,riferimento rsempre_g10t0_dnmaxm20
x1010012_dnmaxm20_i,ldr_v4_td6_BB_dnmaxm20,1000,0,g10a10_t0a12,100k,A_rel,FIXJACK1,2.753e-11,8.001312,2.000,sotto,riferimento rmai_g10t0_dnmaxm20
x1010012_dnmaxm20_i,ldr_v4_td6_BB_dnmaxm20,1000,0,g10a10_t0a12,100k,B2,FIXJACK1,1.603e-05,7.520000,,sotto,mute da t_ins+t_grad+20 ms a t_rel
x1010012_dnmaxm20_i,ldr_v4_td6_BB_dnmaxm20,1000,0,g10a10_t0a12,100k,A_ins,FIXJACK2,8.907e-06,2.362437,2.000,sotto,riferimento rsempre_g10t0_dnmaxm20
x1010012_dnmaxm20_i,ldr_v4_td6_BB_dnmaxm20,1000,0,g10a10_t0a12,100k,A_rel,FIXJACK2,2.57e-11,8.000417,2.000,sotto,riferimento rmai_g10t0_dnmaxm20
x1010012_dnmaxm20_i,ldr_v4_td6_BB_dnmaxm20,1000,0,g10a10_t0a12,100k,B2,FIXJACK2,1.603e-05,7.520000,,sotto,mute da t_ins+t_grad+20 ms a t_rel
x1010012_dnmaxm20_c,ldr_v4_td6_BB_dnmaxm20,1000,0,g10a10_t0a12,100k,A_ins,MAINJACK,2.977e-06,8.000031,2.000,sotto,riferimento rsempre_g10t12_dnmaxm20
x1010012_dnmaxm20_c,ldr_v4_td6_BB_dnmaxm20,1000,0,g10a10_t0a12,100k,A_rel,MAINJACK,1.759e-06,11.323187,2.000,sotto,riferimento rmai_g10t12_dnmaxm20
x1010012_dnmaxm20_c,ldr_v4_td6_BB_dnmaxm20,1000,0,g10a10_t0a12,100k,B2,MAINJACK,5.944e-09,8.026594,,sotto,mute da t_ins+t_grad+20 ms a t_rel
x1010012_dnmaxm20_c,ldr_v4_td6_BB_dnmaxm20,1000,0,g10a10_t0a12,100k,A_ins,FIXJACK1,2.32e-11,8.001312,2.000,sotto,riferimento rsempre_g10t12_dnmaxm20
x1010012_dnmaxm20_c,ldr_v4_td6_BB_dnmaxm20,1000,0,g10a10_t0a12,100k,A_rel,FIXJACK1,2.206e-05,11.323219,2.000,sotto,riferimento rmai_g10t12_dnmaxm20
x1010012_dnmaxm20_c,ldr_v4_td6_BB_dnmaxm20,1000,0,g10a10_t0a12,100k,B2,FIXJACK1,3.447e-14,8.027115,,sotto,mute da t_ins+t_grad+20 ms a t_rel
x1010012_dnmaxm20_c,ldr_v4_td6_BB_dnmaxm20,1000,0,g10a10_t0a12,100k,A_ins,FIXJACK2,2.32e-11,8.001312,2.000,sotto,riferimento rsempre_g10t12_dnmaxm20
x1010012_dnmaxm20_c,ldr_v4_td6_BB_dnmaxm20,1000,0,g10a10_t0a12,100k,A_rel,FIXJACK2,2.206e-05,11.323219,2.000,sotto,riferimento rmai_g10t12_dnmaxm20
x1010012_dnmaxm20_c,ldr_v4_td6_BB_dnmaxm20,1000,0,g10a10_t0a12,100k,B2,FIXJACK2,2.909e-14,8.026375,,sotto,mute da t_ins+t_grad+20 ms a t_rel
x1010120_dnmaxm20_i,ldr_v4_td6_BB_dnmaxm20,1000,0,g10a10_t12a0,100k,A_ins,MAINJACK,7.093e-07,2.362427,2.000,sotto,riferimento rsempre_g10t12_dnmaxm20
x1010120_dnmaxm20_i,ldr_v4_td6_BB_dnmaxm20,1000,0,g10a10_t12a0,100k,A_rel,MAINJACK,2.918e-06,8.001031,2.000,sotto,riferimento rmai_g10t12_dnmaxm20
x1010120_dnmaxm20_i,ldr_v4_td6_BB_dnmaxm20,1000,0,g10a10_t12a0,100k,B2,MAINJACK,5.262e-07,7.520000,,sotto,mute da t_ins+t_grad+20 ms a t_rel
x1010120_dnmaxm20_i,ldr_v4_td6_BB_dnmaxm20,1000,0,g10a10_t12a0,100k,A_ins,FIXJACK1,8.907e-06,2.362437,2.000,sotto,riferimento rsempre_g10t12_dnmaxm20
x1010120_dnmaxm20_i,ldr_v4_td6_BB_dnmaxm20,1000,0,g10a10_t12a0,100k,A_rel,FIXJACK1,2.337e-09,8.001323,2.000,sotto,riferimento rmai_g10t12_dnmaxm20
x1010120_dnmaxm20_i,ldr_v4_td6_BB_dnmaxm20,1000,0,g10a10_t12a0,100k,B2,FIXJACK1,1.603e-05,7.520000,,sotto,mute da t_ins+t_grad+20 ms a t_rel
x1010120_dnmaxm20_i,ldr_v4_td6_BB_dnmaxm20,1000,0,g10a10_t12a0,100k,A_ins,FIXJACK2,8.907e-06,2.362437,2.000,sotto,riferimento rsempre_g10t12_dnmaxm20
x1010120_dnmaxm20_i,ldr_v4_td6_BB_dnmaxm20,1000,0,g10a10_t12a0,100k,A_rel,FIXJACK2,2.334e-09,8.001323,2.000,sotto,riferimento rmai_g10t12_dnmaxm20
x1010120_dnmaxm20_i,ldr_v4_td6_BB_dnmaxm20,1000,0,g10a10_t12a0,100k,B2,FIXJACK2,1.603e-05,7.520000,,sotto,mute da t_ins+t_grad+20 ms a t_rel
x1010120_dnmaxm20_c,ldr_v4_td6_BB_dnmaxm20,1000,0,g10a10_t12a0,100k,A_ins,MAINJACK,2.918e-06,8.001031,2.000,sotto,riferimento rsempre_g10t0_dnmaxm20
x1010120_dnmaxm20_c,ldr_v4_td6_BB_dnmaxm20,1000,0,g10a10_t12a0,100k,A_rel,MAINJACK,6.952e-06,11.323187,2.000,sotto,riferimento rmai_g10t0_dnmaxm20
x1010120_dnmaxm20_c,ldr_v4_td6_BB_dnmaxm20,1000,0,g10a10_t12a0,100k,B2,MAINJACK,5.711e-09,8.028302,,sotto,mute da t_ins+t_grad+20 ms a t_rel
x1010120_dnmaxm20_c,ldr_v4_td6_BB_dnmaxm20,1000,0,g10a10_t12a0,100k,A_ins,FIXJACK1,2.336e-09,8.001323,2.000,sotto,riferimento rsempre_g10t0_dnmaxm20
x1010120_dnmaxm20_c,ldr_v4_td6_BB_dnmaxm20,1000,0,g10a10_t12a0,100k,A_rel,FIXJACK1,2.206e-05,11.323219,2.000,sotto,riferimento rmai_g10t0_dnmaxm20
x1010120_dnmaxm20_c,ldr_v4_td6_BB_dnmaxm20,1000,0,g10a10_t12a0,100k,B2,FIXJACK1,4.068e-13,8.027781,,sotto,mute da t_ins+t_grad+20 ms a t_rel
x1010120_dnmaxm20_c,ldr_v4_td6_BB_dnmaxm20,1000,0,g10a10_t12a0,100k,A_ins,FIXJACK2,2.335e-09,8.001323,2.000,sotto,riferimento rsempre_g10t0_dnmaxm20
x1010120_dnmaxm20_c,ldr_v4_td6_BB_dnmaxm20,1000,0,g10a10_t12a0,100k,A_rel,FIXJACK2,2.206e-05,11.323219,2.000,sotto,riferimento rmai_g10t0_dnmaxm20
x1010120_dnmaxm20_c,ldr_v4_td6_BB_dnmaxm20,1000,0,g10a10_t12a0,100k,B2,FIXJACK2,4.065e-13,8.028750,,sotto,mute da t_ins+t_grad+20 ms a t_rel
xm_dnmaxm20,ldr_v4_td6_BB_dnmaxm20,1000,0,10,100k,A_ins,MAINJACK,2.803e-06,2.362396,2.000,sotto,riferimento rsempre_g10t0_dnmaxm20
xm_dnmaxm20,ldr_v4_td6_BB_dnmaxm20,1000,0,10,100k,A_rel,MAINJACK,6.942e-06,9.823187,2.000,sotto,riferimento rmai_g10t0_dnmaxm20
xm_dnmaxm20,ldr_v4_td6_BB_dnmaxm20,1000,0,10,100k,B2,MAINJACK,2.079e-06,7.520000,,sotto,mute da t_ins+t_grad+20 ms a t_rel
xm_dnmaxm20,ldr_v4_td6_BB_dnmaxm20,1000,0,10,100k,A_ins,FIXJACK1,8.907e-06,2.362427,2.000,sotto,riferimento rsempre_g10t0_dnmaxm20
xm_dnmaxm20,ldr_v4_td6_BB_dnmaxm20,1000,0,10,100k,A_rel,FIXJACK1,2.203e-05,9.823219,2.000,sotto,riferimento rmai_g10t0_dnmaxm20
xm_dnmaxm20,ldr_v4_td6_BB_dnmaxm20,1000,0,10,100k,B2,FIXJACK1,1.603e-05,7.520000,,sotto,mute da t_ins+t_grad+20 ms a t_rel
xm_dnmaxm20,ldr_v4_td6_BB_dnmaxm20,1000,0,10,100k,A_ins,FIXJACK2,8.907e-06,2.362437,2.000,sotto,riferimento rsempre_g10t0_dnmaxm20
xm_dnmaxm20,ldr_v4_td6_BB_dnmaxm20,1000,0,10,100k,A_rel,FIXJACK2,2.203e-05,9.823219,2.000,sotto,riferimento rmai_g10t0_dnmaxm20
xm_dnmaxm20,ldr_v4_td6_BB_dnmaxm20,1000,0,10,100k,B2,FIXJACK2,1.603e-05,7.520000,,sotto,mute da t_ins+t_grad+20 ms a t_rel
x01000_dpamax_i,ldr_v4_td6_BB_dpamax,1000,0,g0a10_t0a0,100k,A_ins,MAINJACK,8.912e-06,2.362406,2.000,sotto,riferimento rsempre_g0t0_dpamax
x01000_dpamax_i,ldr_v4_td6_BB_dpamax,1000,0,g0a10_t0a0,100k,A_rel,MAINJACK,0.0002557,8.000031,2.000,SOPRA,riferimento rmai_g0t0_dpamax
x01000_dpamax_i,ldr_v4_td6_BB_dpamax,1000,0,g0a10_t0a0,100k,B2,MAINJACK,6.611e-06,7.520000,,sotto,mute da t_ins+t_grad+20 ms a t_rel
x01000_dpamax_i,ldr_v4_td6_BB_dpamax,1000,0,g0a10_t0a0,100k,A_ins,FIXJACK1,8.916e-06,2.362437,2.000,sotto,riferimento rsempre_g0t0_dpamax
x01000_dpamax_i,ldr_v4_td6_BB_dpamax,1000,0,g0a10_t0a0,100k,A_rel,FIXJACK1,1.544e-10,8.000531,2.000,sotto,riferimento rmai_g0t0_dpamax
x01000_dpamax_i,ldr_v4_td6_BB_dpamax,1000,0,g0a10_t0a0,100k,B2,FIXJACK1,1.605e-05,7.520000,,sotto,mute da t_ins+t_grad+20 ms a t_rel
x01000_dpamax_i,ldr_v4_td6_BB_dpamax,1000,0,g0a10_t0a0,100k,A_ins,FIXJACK2,8.916e-06,2.362437,2.000,sotto,riferimento rsempre_g0t0_dpamax
x01000_dpamax_i,ldr_v4_td6_BB_dpamax,1000,0,g0a10_t0a0,100k,A_rel,FIXJACK2,1.582e-10,8.000531,2.000,sotto,riferimento rmai_g0t0_dpamax
x01000_dpamax_i,ldr_v4_td6_BB_dpamax,1000,0,g0a10_t0a0,100k,B2,FIXJACK2,1.605e-05,7.520000,,sotto,mute da t_ins+t_grad+20 ms a t_rel
x01000_dpamax_c,ldr_v4_td6_BB_dpamax,1000,0,g0a10_t0a0,100k,A_ins,MAINJACK,0.0002557,8.000031,2.000,SOPRA,riferimento rsempre_g10t0_dpamax
x01000_dpamax_c,ldr_v4_td6_BB_dpamax,1000,0,g0a10_t0a0,100k,A_rel,MAINJACK,6.966e-05,11.323187,2.000,sotto,riferimento rmai_g10t0_dpamax
x01000_dpamax_c,ldr_v4_td6_BB_dpamax,1000,0,g0a10_t0a0,100k,B2,MAINJACK,8.485e-07,8.027052,,sotto,mute da t_ins+t_grad+20 ms a t_rel
x01000_dpamax_c,ldr_v4_td6_BB_dpamax,1000,0,g0a10_t0a0,100k,A_ins,FIXJACK1,1.567e-10,8.000531,2.000,sotto,riferimento rsempre_g10t0_dpamax
x01000_dpamax_c,ldr_v4_td6_BB_dpamax,1000,0,g0a10_t0a0,100k,A_rel,FIXJACK1,2.208e-05,11.323219,2.000,sotto,riferimento rmai_g10t0_dpamax
x01000_dpamax_c,ldr_v4_td6_BB_dpamax,1000,0,g0a10_t0a0,100k,B2,FIXJACK1,7.344e-14,8.028885,,sotto,mute da t_ins+t_grad+20 ms a t_rel
x01000_dpamax_c,ldr_v4_td6_BB_dpamax,1000,0,g0a10_t0a0,100k,A_ins,FIXJACK2,1.567e-10,8.000531,2.000,sotto,riferimento rsempre_g10t0_dpamax
x01000_dpamax_c,ldr_v4_td6_BB_dpamax,1000,0,g0a10_t0a0,100k,A_rel,FIXJACK2,2.208e-05,11.323219,2.000,sotto,riferimento rmai_g10t0_dpamax
x01000_dpamax_c,ldr_v4_td6_BB_dpamax,1000,0,g0a10_t0a0,100k,B2,FIXJACK2,7.386e-14,8.025906,,sotto,mute da t_ins+t_grad+20 ms a t_rel
x10000_dpamax_i,ldr_v4_td6_BB_dpamax,1000,0,g10a0_t0a0,100k,A_ins,MAINJACK,2.808e-05,2.362406,2.000,sotto,riferimento rsempre_g10t0_dpamax
x10000_dpamax_i,ldr_v4_td6_BB_dpamax,1000,0,g10a0_t0a0,100k,A_rel,MAINJACK,0.0002666,8.000333,2.000,SOPRA,riferimento rmai_g10t0_dpamax
x10000_dpamax_i,ldr_v4_td6_BB_dpamax,1000,0,g10a0_t0a0,100k,B2,MAINJACK,2.084e-05,7.520000,,sotto,mute da t_ins+t_grad+20 ms a t_rel
x10000_dpamax_i,ldr_v4_td6_BB_dpamax,1000,0,g10a0_t0a0,100k,A_ins,FIXJACK1,8.916e-06,2.362437,2.000,sotto,riferimento rsempre_g10t0_dpamax
x10000_dpamax_i,ldr_v4_td6_BB_dpamax,1000,0,g10a0_t0a0,100k,A_rel,FIXJACK1,3.023e-10,8.000906,2.000,sotto,riferimento rmai_g10t0_dpamax
x10000_dpamax_i,ldr_v4_td6_BB_dpamax,1000,0,g10a0_t0a0,100k,B2,FIXJACK1,1.605e-05,7.520000,,sotto,mute da t_ins+t_grad+20 ms a t_rel
x10000_dpamax_i,ldr_v4_td6_BB_dpamax,1000,0,g10a0_t0a0,100k,A_ins,FIXJACK2,8.916e-06,2.362437,2.000,sotto,riferimento rsempre_g10t0_dpamax
x10000_dpamax_i,ldr_v4_td6_BB_dpamax,1000,0,g10a0_t0a0,100k,A_rel,FIXJACK2,3.024e-10,8.000906,2.000,sotto,riferimento rmai_g10t0_dpamax
x10000_dpamax_i,ldr_v4_td6_BB_dpamax,1000,0,g10a0_t0a0,100k,B2,FIXJACK2,1.605e-05,7.520000,,sotto,mute da t_ins+t_grad+20 ms a t_rel
x10000_dpamax_c,ldr_v4_td6_BB_dpamax,1000,0,g10a0_t0a0,100k,A_ins,MAINJACK,0.0002666,8.000333,2.000,SOPRA,riferimento rsempre_g0t0_dpamax
x10000_dpamax_c,ldr_v4_td6_BB_dpamax,1000,0,g10a0_t0a0,100k,A_rel,MAINJACK,2.21e-05,11.323187,2.000,sotto,riferimento rmai_g0t0_dpamax
x10000_dpamax_c,ldr_v4_td6_BB_dpamax,1000,0,g10a0_t0a0,100k,B2,MAINJACK,8.611e-07,8.027208,,sotto,mute da t_ins+t_grad+20 ms a t_rel
x10000_dpamax_c,ldr_v4_td6_BB_dpamax,1000,0,g10a0_t0a0,100k,A_ins,FIXJACK1,3.024e-10,8.000906,2.000,sotto,riferimento rsempre_g0t0_dpamax
x10000_dpamax_c,ldr_v4_td6_BB_dpamax,1000,0,g10a0_t0a0,100k,A_rel,FIXJACK1,2.208e-05,11.323219,2.000,sotto,riferimento rmai_g0t0_dpamax
x10000_dpamax_c,ldr_v4_td6_BB_dpamax,1000,0,g10a0_t0a0,100k,B2,FIXJACK1,1.394e-13,8.027583,,sotto,mute da t_ins+t_grad+20 ms a t_rel
x10000_dpamax_c,ldr_v4_td6_BB_dpamax,1000,0,g10a0_t0a0,100k,A_ins,FIXJACK2,3.024e-10,8.000906,2.000,sotto,riferimento rsempre_g0t0_dpamax
x10000_dpamax_c,ldr_v4_td6_BB_dpamax,1000,0,g10a0_t0a0,100k,A_rel,FIXJACK2,2.208e-05,11.323219,2.000,sotto,riferimento rmai_g0t0_dpamax
x10000_dpamax_c,ldr_v4_td6_BB_dpamax,1000,0,g10a0_t0a0,100k,B2,FIXJACK2,1.363e-13,8.027573,,sotto,mute da t_ins+t_grad+20 ms a t_rel
x1010012_dpamax_i,ldr_v4_td6_BB_dpamax,1000,0,g10a10_t0a12,100k,A_ins,MAINJACK,2.808e-05,2.362406,2.000,sotto,riferimento rsempre_g10t0_dpamax
x1010012_dpamax_i,ldr_v4_td6_BB_dpamax,1000,0,g10a10_t0a12,100k,A_rel,MAINJACK,0.0002345,8.000031,2.000,SOPRA,riferimento rmai_g10t0_dpamax
x1010012_dpamax_i,ldr_v4_td6_BB_dpamax,1000,0,g10a10_t0a12,100k,B2,MAINJACK,2.084e-05,7.520000,,sotto,mute da t_ins+t_grad+20 ms a t_rel
x1010012_dpamax_i,ldr_v4_td6_BB_dpamax,1000,0,g10a10_t0a12,100k,A_ins,FIXJACK1,8.916e-06,2.362437,2.000,sotto,riferimento rsempre_g10t0_dpamax
x1010012_dpamax_i,ldr_v4_td6_BB_dpamax,1000,0,g10a10_t0a12,100k,A_rel,FIXJACK1,3.403e-10,8.001312,2.000,sotto,riferimento rmai_g10t0_dpamax
x1010012_dpamax_i,ldr_v4_td6_BB_dpamax,1000,0,g10a10_t0a12,100k,B2,FIXJACK1,1.605e-05,7.520000,,sotto,mute da t_ins+t_grad+20 ms a t_rel
x1010012_dpamax_i,ldr_v4_td6_BB_dpamax,1000,0,g10a10_t0a12,100k,A_ins,FIXJACK2,8.916e-06,2.362437,2.000,sotto,riferimento rsempre_g10t0_dpamax
x1010012_dpamax_i,ldr_v4_td6_BB_dpamax,1000,0,g10a10_t0a12,100k,A_rel,FIXJACK2,3.416e-10,8.001312,2.000,sotto,riferimento rmai_g10t0_dpamax
x1010012_dpamax_i,ldr_v4_td6_BB_dpamax,1000,0,g10a10_t0a12,100k,B2,FIXJACK2,1.605e-05,7.520000,,sotto,mute da t_ins+t_grad+20 ms a t_rel
x1010012_dpamax_c,ldr_v4_td6_BB_dpamax,1000,0,g10a10_t0a12,100k,A_ins,MAINJACK,0.0002345,8.000031,2.000,SOPRA,riferimento rsempre_g10t12_dpamax
x1010012_dpamax_c,ldr_v4_td6_BB_dpamax,1000,0,g10a10_t0a12,100k,A_rel,MAINJACK,1.762e-05,11.323187,2.000,sotto,riferimento rmai_g10t12_dpamax
x1010012_dpamax_c,ldr_v4_td6_BB_dpamax,1000,0,g10a10_t0a12,100k,B2,MAINJACK,4.675e-07,8.026594,,sotto,mute da t_ins+t_grad+20 ms a t_rel
x1010012_dpamax_c,ldr_v4_td6_BB_dpamax,1000,0,g10a10_t0a12,100k,A_ins,FIXJACK1,3.378e-10,8.001312,2.000,sotto,riferimento rsempre_g10t12_dpamax
x1010012_dpamax_c,ldr_v4_td6_BB_dpamax,1000,0,g10a10_t0a12,100k,A_rel,FIXJACK1,2.208e-05,11.323219,2.000,sotto,riferimento rmai_g10t12_dpamax
x1010012_dpamax_c,ldr_v4_td6_BB_dpamax,1000,0,g10a10_t0a12,100k,B2,FIXJACK1,2.261e-13,8.028083,,sotto,mute da t_ins+t_grad+20 ms a t_rel
x1010012_dpamax_c,ldr_v4_td6_BB_dpamax,1000,0,g10a10_t0a12,100k,A_ins,FIXJACK2,3.378e-10,8.001312,2.000,sotto,riferimento rsempre_g10t12_dpamax
x1010012_dpamax_c,ldr_v4_td6_BB_dpamax,1000,0,g10a10_t0a12,100k,A_rel,FIXJACK2,2.208e-05,11.323219,2.000,sotto,riferimento rmai_g10t12_dpamax
x1010012_dpamax_c,ldr_v4_td6_BB_dpamax,1000,0,g10a10_t0a12,100k,B2,FIXJACK2,2.269e-13,8.026979,,sotto,mute da t_ins+t_grad+20 ms a t_rel
x1010120_dpamax_i,ldr_v4_td6_BB_dpamax,1000,0,g10a10_t12a0,100k,A_ins,MAINJACK,7.104e-06,2.362396,2.000,sotto,riferimento rsempre_g10t12_dpamax
x1010120_dpamax_i,ldr_v4_td6_BB_dpamax,1000,0,g10a10_t12a0,100k,A_rel,MAINJACK,0.00023,8.001031,2.000,SOPRA,riferimento rmai_g10t12_dpamax
x1010120_dpamax_i,ldr_v4_td6_BB_dpamax,1000,0,g10a10_t12a0,100k,B2,MAINJACK,5.27e-06,7.520000,,sotto,mute da t_ins+t_grad+20 ms a t_rel
x1010120_dpamax_i,ldr_v4_td6_BB_dpamax,1000,0,g10a10_t12a0,100k,A_ins,FIXJACK1,8.916e-06,2.362437,2.000,sotto,riferimento rsempre_g10t12_dpamax
x1010120_dpamax_i,ldr_v4_td6_BB_dpamax,1000,0,g10a10_t12a0,100k,A_rel,FIXJACK1,2.388e-09,8.001010,2.000,sotto,riferimento rmai_g10t12_dpamax
x1010120_dpamax_i,ldr_v4_td6_BB_dpamax,1000,0,g10a10_t12a0,100k,B2,FIXJACK1,1.605e-05,7.520000,,sotto,mute da t_ins+t_grad+20 ms a t_rel
x1010120_dpamax_i,ldr_v4_td6_BB_dpamax,1000,0,g10a10_t12a0,100k,A_ins,FIXJACK2,8.916e-06,2.362437,2.000,sotto,riferimento rsempre_g10t12_dpamax
x1010120_dpamax_i,ldr_v4_td6_BB_dpamax,1000,0,g10a10_t12a0,100k,A_rel,FIXJACK2,2.39e-09,8.001010,2.000,sotto,riferimento rmai_g10t12_dpamax
x1010120_dpamax_i,ldr_v4_td6_BB_dpamax,1000,0,g10a10_t12a0,100k,B2,FIXJACK2,1.605e-05,7.520000,,sotto,mute da t_ins+t_grad+20 ms a t_rel
x1010120_dpamax_c,ldr_v4_td6_BB_dpamax,1000,0,g10a10_t12a0,100k,A_ins,MAINJACK,0.00023,8.001031,2.000,SOPRA,riferimento rsempre_g10t0_dpamax
x1010120_dpamax_c,ldr_v4_td6_BB_dpamax,1000,0,g10a10_t12a0,100k,A_rel,MAINJACK,6.966e-05,11.323187,2.000,sotto,riferimento rmai_g10t0_dpamax
x1010120_dpamax_c,ldr_v4_td6_BB_dpamax,1000,0,g10a10_t12a0,100k,B2,MAINJACK,4.487e-07,8.028302,,sotto,mute da t_ins+t_grad+20 ms a t_rel
x1010120_dpamax_c,ldr_v4_td6_BB_dpamax,1000,0,g10a10_t12a0,100k,A_ins,FIXJACK1,2.389e-09,8.001010,2.000,sotto,riferimento rsempre_g10t0_dpamax
x1010120_dpamax_c,ldr_v4_td6_BB_dpamax,1000,0,g10a10_t12a0,100k,A_rel,FIXJACK1,2.208e-05,11.323219,2.000,sotto,riferimento rmai_g10t0_dpamax
x1010120_dpamax_c,ldr_v4_td6_BB_dpamax,1000,0,g10a10_t12a0,100k,B2,FIXJACK1,3.129e-13,8.026823,,sotto,mute da t_ins+t_grad+20 ms a t_rel
x1010120_dpamax_c,ldr_v4_td6_BB_dpamax,1000,0,g10a10_t12a0,100k,A_ins,FIXJACK2,2.39e-09,8.001010,2.000,sotto,riferimento rsempre_g10t0_dpamax
x1010120_dpamax_c,ldr_v4_td6_BB_dpamax,1000,0,g10a10_t12a0,100k,A_rel,FIXJACK2,2.208e-05,11.323219,2.000,sotto,riferimento rmai_g10t0_dpamax
x1010120_dpamax_c,ldr_v4_td6_BB_dpamax,1000,0,g10a10_t12a0,100k,B2,FIXJACK2,3.133e-13,8.027073,,sotto,mute da t_ins+t_grad+20 ms a t_rel
xm_dpamax,ldr_v4_td6_BB_dpamax,1000,0,10,100k,A_ins,MAINJACK,2.808e-05,2.362406,2.000,sotto,riferimento rsempre_g10t0_dpamax
xm_dpamax,ldr_v4_td6_BB_dpamax,1000,0,10,100k,A_rel,MAINJACK,6.956e-05,9.823187,2.000,sotto,riferimento rmai_g10t0_dpamax
xm_dpamax,ldr_v4_td6_BB_dpamax,1000,0,10,100k,B2,MAINJACK,2.084e-05,7.520000,,sotto,mute da t_ins+t_grad+20 ms a t_rel
xm_dpamax,ldr_v4_td6_BB_dpamax,1000,0,10,100k,A_ins,FIXJACK1,8.916e-06,2.362437,2.000,sotto,riferimento rsempre_g10t0_dpamax
xm_dpamax,ldr_v4_td6_BB_dpamax,1000,0,10,100k,A_rel,FIXJACK1,2.205e-05,9.823219,2.000,sotto,riferimento rmai_g10t0_dpamax
xm_dpamax,ldr_v4_td6_BB_dpamax,1000,0,10,100k,B2,FIXJACK1,1.605e-05,7.520000,,sotto,mute da t_ins+t_grad+20 ms a t_rel
xm_dpamax,ldr_v4_td6_BB_dpamax,1000,0,10,100k,A_ins,FIXJACK2,8.916e-06,2.362437,2.000,sotto,riferimento rsempre_g10t0_dpamax
xm_dpamax,ldr_v4_td6_BB_dpamax,1000,0,10,100k,A_rel,FIXJACK2,2.205e-05,9.823219,2.000,sotto,riferimento rmai_g10t0_dpamax
xm_dpamax,ldr_v4_td6_BB_dpamax,1000,0,10,100k,B2,FIXJACK2,1.605e-05,7.520000,,sotto,mute da t_ins+t_grad+20 ms a t_rel
x01000_dpam20_i,ldr_v4_td6_BB_dpam20,1000,0,g0a10_t0a0,100k,A_ins,MAINJACK,8.904e-07,2.362385,2.000,sotto,riferimento rsempre_g0t0_dpam20
x01000_dpam20_i,ldr_v4_td6_BB_dpam20,1000,0,g0a10_t0a0,100k,A_rel,MAINJACK,0.0001418,8.000333,2.000,SOPRA,riferimento rmai_g0t0_dpam20
x01000_dpam20_i,ldr_v4_td6_BB_dpam20,1000,0,g0a10_t0a0,100k,B2,MAINJACK,6.606e-07,7.520000,,sotto,mute da t_ins+t_grad+20 ms a t_rel
x01000_dpam20_i,ldr_v4_td6_BB_dpam20,1000,0,g0a10_t0a0,100k,A_ins,FIXJACK1,8.916e-06,2.362437,2.000,sotto,riferimento rsempre_g0t0_dpam20
x01000_dpam20_i,ldr_v4_td6_BB_dpam20,1000,0,g0a10_t0a0,100k,A_rel,FIXJACK1,1.257e-11,8.000531,2.000,sotto,riferimento rmai_g0t0_dpam20
x01000_dpam20_i,ldr_v4_td6_BB_dpam20,1000,0,g0a10_t0a0,100k,B2,FIXJACK1,1.605e-05,7.520000,,sotto,mute da t_ins+t_grad+20 ms a t_rel
x01000_dpam20_i,ldr_v4_td6_BB_dpam20,1000,0,g0a10_t0a0,100k,A_ins,FIXJACK2,8.916e-06,2.362427,2.000,sotto,riferimento rsempre_g0t0_dpam20
x01000_dpam20_i,ldr_v4_td6_BB_dpam20,1000,0,g0a10_t0a0,100k,A_rel,FIXJACK2,1.204e-11,8.000531,2.000,sotto,riferimento rmai_g0t0_dpam20
x01000_dpam20_i,ldr_v4_td6_BB_dpam20,1000,0,g0a10_t0a0,100k,B2,FIXJACK2,1.605e-05,7.520000,,sotto,mute da t_ins+t_grad+20 ms a t_rel
x01000_dpam20_c,ldr_v4_td6_BB_dpam20,1000,0,g0a10_t0a0,100k,A_ins,MAINJACK,0.0001418,8.000333,2.000,SOPRA,riferimento rsempre_g10t0_dpam20
x01000_dpam20_c,ldr_v4_td6_BB_dpam20,1000,0,g0a10_t0a0,100k,A_rel,MAINJACK,6.959e-06,11.323187,2.000,sotto,riferimento rmai_g10t0_dpam20
x01000_dpam20_c,ldr_v4_td6_BB_dpam20,1000,0,g0a10_t0a0,100k,B2,MAINJACK,4.65e-07,8.027052,,sotto,mute da t_ins+t_grad+20 ms a t_rel
x01000_dpam20_c,ldr_v4_td6_BB_dpam20,1000,0,g0a10_t0a0,100k,A_ins,FIXJACK1,1.11e-11,8.000531,2.000,sotto,riferimento rsempre_g10t0_dpam20
x01000_dpam20_c,ldr_v4_td6_BB_dpam20,1000,0,g0a10_t0a0,100k,A_rel,FIXJACK1,2.208e-05,11.323219,2.000,sotto,riferimento rmai_g10t0_dpam20
x01000_dpam20_c,ldr_v4_td6_BB_dpam20,1000,0,g0a10_t0a0,100k,B2,FIXJACK1,2.074e-14,9.333198,,sotto,mute da t_ins+t_grad+20 ms a t_rel
x01000_dpam20_c,ldr_v4_td6_BB_dpam20,1000,0,g0a10_t0a0,100k,A_ins,FIXJACK2,1.11e-11,8.000531,2.000,sotto,riferimento rsempre_g10t0_dpam20
x01000_dpam20_c,ldr_v4_td6_BB_dpam20,1000,0,g0a10_t0a0,100k,A_rel,FIXJACK2,2.208e-05,11.323219,2.000,sotto,riferimento rmai_g10t0_dpam20
x01000_dpam20_c,ldr_v4_td6_BB_dpam20,1000,0,g0a10_t0a0,100k,B2,FIXJACK2,2.329e-14,8.323094,,sotto,mute da t_ins+t_grad+20 ms a t_rel
x10000_dpam20_i,ldr_v4_td6_BB_dpam20,1000,0,g10a0_t0a0,100k,A_ins,MAINJACK,2.806e-06,2.362396,2.000,sotto,riferimento rsempre_g10t0_dpam20
x10000_dpam20_i,ldr_v4_td6_BB_dpam20,1000,0,g10a0_t0a0,100k,A_rel,MAINJACK,0.0001465,8.000333,2.000,SOPRA,riferimento rmai_g10t0_dpam20
x10000_dpam20_i,ldr_v4_td6_BB_dpam20,1000,0,g10a0_t0a0,100k,B2,MAINJACK,2.082e-06,7.520000,,sotto,mute da t_ins+t_grad+20 ms a t_rel
x10000_dpam20_i,ldr_v4_td6_BB_dpam20,1000,0,g10a0_t0a0,100k,A_ins,FIXJACK1,8.916e-06,2.362437,2.000,sotto,riferimento rsempre_g10t0_dpam20
x10000_dpam20_i,ldr_v4_td6_BB_dpam20,1000,0,g10a0_t0a0,100k,A_rel,FIXJACK1,3.284e-11,8.000312,2.000,sotto,riferimento rmai_g10t0_dpam20
x10000_dpam20_i,ldr_v4_td6_BB_dpam20,1000,0,g10a0_t0a0,100k,B2,FIXJACK1,1.605e-05,7.520000,,sotto,mute da t_ins+t_grad+20 ms a t_rel
x10000_dpam20_i,ldr_v4_td6_BB_dpam20,1000,0,g10a0_t0a0,100k,A_ins,FIXJACK2,8.916e-06,2.362437,2.000,sotto,riferimento rsempre_g10t0_dpam20
x10000_dpam20_i,ldr_v4_td6_BB_dpam20,1000,0,g10a0_t0a0,100k,A_rel,FIXJACK2,3.878e-11,8.000312,2.000,sotto,riferimento rmai_g10t0_dpam20
x10000_dpam20_i,ldr_v4_td6_BB_dpam20,1000,0,g10a0_t0a0,100k,B2,FIXJACK2,1.605e-05,7.520000,,sotto,mute da t_ins+t_grad+20 ms a t_rel
x10000_dpam20_c,ldr_v4_td6_BB_dpam20,1000,0,g10a0_t0a0,100k,A_ins,MAINJACK,0.0001465,8.000333,2.000,SOPRA,riferimento rsempre_g0t0_dpam20
x10000_dpam20_c,ldr_v4_td6_BB_dpam20,1000,0,g10a0_t0a0,100k,A_rel,MAINJACK,2.208e-06,11.323177,2.000,sotto,riferimento rmai_g0t0_dpam20
x10000_dpam20_c,ldr_v4_td6_BB_dpam20,1000,0,g10a0_t0a0,100k,B2,MAINJACK,4.737e-07,8.027208,,sotto,mute da t_ins+t_grad+20 ms a t_rel
x10000_dpam20_c,ldr_v4_td6_BB_dpam20,1000,0,g10a0_t0a0,100k,A_ins,FIXJACK1,3.449e-11,8.000312,2.000,sotto,riferimento rsempre_g0t0_dpam20
x10000_dpam20_c,ldr_v4_td6_BB_dpam20,1000,0,g10a0_t0a0,100k,A_rel,FIXJACK1,2.208e-05,11.323219,2.000,sotto,riferimento rmai_g0t0_dpam20
x10000_dpam20_c,ldr_v4_td6_BB_dpam20,1000,0,g10a0_t0a0,100k,B2,FIXJACK1,2.526e-14,8.032208,,sotto,mute da t_ins+t_grad+20 ms a t_rel
x10000_dpam20_c,ldr_v4_td6_BB_dpam20,1000,0,g10a0_t0a0,100k,A_ins,FIXJACK2,3.449e-11,8.000312,2.000,sotto,riferimento rsempre_g0t0_dpam20
x10000_dpam20_c,ldr_v4_td6_BB_dpam20,1000,0,g10a0_t0a0,100k,A_rel,FIXJACK2,2.208e-05,11.323219,2.000,sotto,riferimento rmai_g0t0_dpam20
x10000_dpam20_c,ldr_v4_td6_BB_dpam20,1000,0,g10a0_t0a0,100k,B2,FIXJACK2,2.249e-14,9.757365,,sotto,mute da t_ins+t_grad+20 ms a t_rel
x1010012_dpam20_i,ldr_v4_td6_BB_dpam20,1000,0,g10a10_t0a12,100k,A_ins,MAINJACK,2.806e-06,2.362396,2.000,sotto,riferimento rsempre_g10t0_dpam20
x1010012_dpam20_i,ldr_v4_td6_BB_dpam20,1000,0,g10a10_t0a12,100k,A_rel,MAINJACK,2.332e-05,8.000031,2.000,sotto,riferimento rmai_g10t0_dpam20
x1010012_dpam20_i,ldr_v4_td6_BB_dpam20,1000,0,g10a10_t0a12,100k,B2,MAINJACK,2.082e-06,7.520000,,sotto,mute da t_ins+t_grad+20 ms a t_rel
x1010012_dpam20_i,ldr_v4_td6_BB_dpam20,1000,0,g10a10_t0a12,100k,A_ins,FIXJACK1,8.916e-06,2.362437,2.000,sotto,riferimento rsempre_g10t0_dpam20
x1010012_dpam20_i,ldr_v4_td6_BB_dpam20,1000,0,g10a10_t0a12,100k,A_rel,FIXJACK1,1.312e-09,8.000615,2.000,sotto,riferimento rmai_g10t0_dpam20
x1010012_dpam20_i,ldr_v4_td6_BB_dpam20,1000,0,g10a10_t0a12,100k,B2,FIXJACK1,1.605e-05,7.520000,,sotto,mute da t_ins+t_grad+20 ms a t_rel
x1010012_dpam20_i,ldr_v4_td6_BB_dpam20,1000,0,g10a10_t0a12,100k,A_ins,FIXJACK2,8.916e-06,2.362437,2.000,sotto,riferimento rsempre_g10t0_dpam20
x1010012_dpam20_i,ldr_v4_td6_BB_dpam20,1000,0,g10a10_t0a12,100k,A_rel,FIXJACK2,1.313e-09,8.000615,2.000,sotto,riferimento rmai_g10t0_dpam20
x1010012_dpam20_i,ldr_v4_td6_BB_dpam20,1000,0,g10a10_t0a12,100k,B2,FIXJACK2,1.605e-05,7.520000,,sotto,mute da t_ins+t_grad+20 ms a t_rel
x1010012_dpam20_c,ldr_v4_td6_BB_dpam20,1000,0,g10a10_t0a12,100k,A_ins,MAINJACK,2.332e-05,8.000031,2.000,sotto,riferimento rsempre_g10t12_dpam20
x1010012_dpam20_c,ldr_v4_td6_BB_dpam20,1000,0,g10a10_t0a12,100k,A_rel,MAINJACK,1.761e-06,11.323198,2.000,sotto,riferimento rmai_g10t12_dpam20
x1010012_dpam20_c,ldr_v4_td6_BB_dpam20,1000,0,g10a10_t0a12,100k,B2,MAINJACK,4.674e-08,8.026594,,sotto,mute da t_ins+t_grad+20 ms a t_rel
x1010012_dpam20_c,ldr_v4_td6_BB_dpam20,1000,0,g10a10_t0a12,100k,A_ins,FIXJACK1,1.312e-09,8.000615,2.000,sotto,riferimento rsempre_g10t12_dpam20
x1010012_dpam20_c,ldr_v4_td6_BB_dpam20,1000,0,g10a10_t0a12,100k,A_rel,FIXJACK1,2.208e-05,11.323219,2.000,sotto,riferimento rmai_g10t12_dpam20
x1010012_dpam20_c,ldr_v4_td6_BB_dpam20,1000,0,g10a10_t0a12,100k,B2,FIXJACK1,4.07e-13,8.027979,,sotto,mute da t_ins+t_grad+20 ms a t_rel
x1010012_dpam20_c,ldr_v4_td6_BB_dpam20,1000,0,g10a10_t0a12,100k,A_ins,FIXJACK2,1.312e-09,8.000615,2.000,sotto,riferimento rsempre_g10t12_dpam20
x1010012_dpam20_c,ldr_v4_td6_BB_dpam20,1000,0,g10a10_t0a12,100k,A_rel,FIXJACK2,2.208e-05,11.323219,2.000,sotto,riferimento rmai_g10t12_dpam20
x1010012_dpam20_c,ldr_v4_td6_BB_dpam20,1000,0,g10a10_t0a12,100k,B2,FIXJACK2,4.122e-13,8.026823,,sotto,mute da t_ins+t_grad+20 ms a t_rel
x1010120_dpam20_i,ldr_v4_td6_BB_dpam20,1000,0,g10a10_t12a0,100k,A_ins,MAINJACK,7.1e-07,2.362396,2.000,sotto,riferimento rsempre_g10t12_dpam20
x1010120_dpam20_i,ldr_v4_td6_BB_dpam20,1000,0,g10a10_t12a0,100k,A_rel,MAINJACK,2.285e-05,8.001031,2.000,sotto,riferimento rmai_g10t12_dpam20
x1010120_dpam20_i,ldr_v4_td6_BB_dpam20,1000,0,g10a10_t12a0,100k,B2,MAINJACK,5.267e-07,7.520000,,sotto,mute da t_ins+t_grad+20 ms a t_rel
x1010120_dpam20_i,ldr_v4_td6_BB_dpam20,1000,0,g10a10_t12a0,100k,A_ins,FIXJACK1,8.916e-06,2.362437,2.000,sotto,riferimento rsempre_g10t12_dpam20
x1010120_dpam20_i,ldr_v4_td6_BB_dpam20,1000,0,g10a10_t12a0,100k,A_rel,FIXJACK1,9.807e-09,8.001531,2.000,sotto,riferimento rmai_g10t12_dpam20
x1010120_dpam20_i,ldr_v4_td6_BB_dpam20,1000,0,g10a10_t12a0,100k,B2,FIXJACK1,1.605e-05,7.520000,,sotto,mute da t_ins+t_grad+20 ms a t_rel
x1010120_dpam20_i,ldr_v4_td6_BB_dpam20,1000,0,g10a10_t12a0,100k,A_ins,FIXJACK2,8.916e-06,2.362437,2.000,sotto,riferimento rsempre_g10t12_dpam20
x1010120_dpam20_i,ldr_v4_td6_BB_dpam20,1000,0,g10a10_t12a0,100k,A_rel,FIXJACK2,9.808e-09,8.001531,2.000,sotto,riferimento rmai_g10t12_dpam20
x1010120_dpam20_i,ldr_v4_td6_BB_dpam20,1000,0,g10a10_t12a0,100k,B2,FIXJACK2,1.605e-05,7.520000,,sotto,mute da t_ins+t_grad+20 ms a t_rel
x1010120_dpam20_c,ldr_v4_td6_BB_dpam20,1000,0,g10a10_t12a0,100k,A_ins,MAINJACK,2.285e-05,8.001031,2.000,sotto,riferimento rsempre_g10t0_dpam20
x1010120_dpam20_c,ldr_v4_td6_BB_dpam20,1000,0,g10a10_t12a0,100k,A_rel,MAINJACK,6.959e-06,11.323187,2.000,sotto,riferimento rmai_g10t0_dpam20
x1010120_dpam20_c,ldr_v4_td6_BB_dpam20,1000,0,g10a10_t12a0,100k,B2,MAINJACK,4.565e-08,8.028292,,sotto,mute da t_ins+t_grad+20 ms a t_rel
x1010120_dpam20_c,ldr_v4_td6_BB_dpam20,1000,0,g10a10_t12a0,100k,A_ins,FIXJACK1,9.806e-09,8.001531,2.000,sotto,riferimento rsempre_g10t0_dpam20
x1010120_dpam20_c,ldr_v4_td6_BB_dpam20,1000,0,g10a10_t12a0,100k,A_rel,FIXJACK1,2.208e-05,11.323219,2.000,sotto,riferimento rmai_g10t0_dpam20
x1010120_dpam20_c,ldr_v4_td6_BB_dpam20,1000,0,g10a10_t12a0,100k,B2,FIXJACK1,1.836e-12,8.027833,,sotto,mute da t_ins+t_grad+20 ms a t_rel
x1010120_dpam20_c,ldr_v4_td6_BB_dpam20,1000,0,g10a10_t12a0,100k,A_ins,FIXJACK2,9.806e-09,8.001531,2.000,sotto,riferimento rsempre_g10t0_dpam20
x1010120_dpam20_c,ldr_v4_td6_BB_dpam20,1000,0,g10a10_t12a0,100k,A_rel,FIXJACK2,2.208e-05,11.323219,2.000,sotto,riferimento rmai_g10t0_dpam20
x1010120_dpam20_c,ldr_v4_td6_BB_dpam20,1000,0,g10a10_t12a0,100k,B2,FIXJACK2,1.835e-12,8.027917,,sotto,mute da t_ins+t_grad+20 ms a t_rel
xm_dpam20,ldr_v4_td6_BB_dpam20,1000,0,10,100k,A_ins,MAINJACK,2.806e-06,2.362396,2.000,sotto,riferimento rsempre_g10t0_dpam20
xm_dpam20,ldr_v4_td6_BB_dpam20,1000,0,10,100k,A_rel,MAINJACK,6.949e-06,9.823177,2.000,sotto,riferimento rmai_g10t0_dpam20
xm_dpam20,ldr_v4_td6_BB_dpam20,1000,0,10,100k,B2,MAINJACK,2.082e-06,7.520000,,sotto,mute da t_ins+t_grad+20 ms a t_rel
xm_dpam20,ldr_v4_td6_BB_dpam20,1000,0,10,100k,A_ins,FIXJACK1,8.916e-06,2.362437,2.000,sotto,riferimento rsempre_g10t0_dpam20
xm_dpam20,ldr_v4_td6_BB_dpam20,1000,0,10,100k,A_rel,FIXJACK1,2.205e-05,9.823219,2.000,sotto,riferimento rmai_g10t0_dpam20
xm_dpam20,ldr_v4_td6_BB_dpam20,1000,0,10,100k,B2,FIXJACK1,1.605e-05,7.520000,,sotto,mute da t_ins+t_grad+20 ms a t_rel
xm_dpam20,ldr_v4_td6_BB_dpam20,1000,0,10,100k,A_ins,FIXJACK2,8.916e-06,2.362437,2.000,sotto,riferimento rsempre_g10t0_dpam20
xm_dpam20,ldr_v4_td6_BB_dpam20,1000,0,10,100k,A_rel,FIXJACK2,2.205e-05,9.823219,2.000,sotto,riferimento rmai_g10t0_dpam20
xm_dpam20,ldr_v4_td6_BB_dpam20,1000,0,10,100k,B2,FIXJACK2,1.605e-05,7.520000,,sotto,mute da t_ins+t_grad+20 ms a t_rel
x01000_dpminmax_i,ldr_v4_td6_BB_dpminmax,1000,0,g0a10_t0a0,100k,A_ins,MAINJACK,8.912e-06,2.362406,2.000,sotto,riferimento rsempre_g0t0_dpminmax
x01000_dpminmax_i,ldr_v4_td6_BB_dpminmax,1000,0,g0a10_t0a0,100k,A_rel,MAINJACK,0.0002559,8.000031,2.000,SOPRA,riferimento rmai_g0t0_dpminmax
x01000_dpminmax_i,ldr_v4_td6_BB_dpminmax,1000,0,g0a10_t0a0,100k,B2,MAINJACK,6.612e-06,7.520000,,sotto,mute da t_ins+t_grad+20 ms a t_rel
x01000_dpminmax_i,ldr_v4_td6_BB_dpminmax,1000,0,g0a10_t0a0,100k,A_ins,FIXJACK1,8.917e-06,2.362437,2.000,sotto,riferimento rsempre_g0t0_dpminmax
x01000_dpminmax_i,ldr_v4_td6_BB_dpminmax,1000,0,g0a10_t0a0,100k,A_rel,FIXJACK1,1.643e-10,8.000312,2.000,sotto,riferimento rmai_g0t0_dpminmax
x01000_dpminmax_i,ldr_v4_td6_BB_dpminmax,1000,0,g0a10_t0a0,100k,B2,FIXJACK1,1.605e-05,7.520000,,sotto,mute da t_ins+t_grad+20 ms a t_rel
x01000_dpminmax_i,ldr_v4_td6_BB_dpminmax,1000,0,g0a10_t0a0,100k,A_ins,FIXJACK2,8.917e-06,2.362437,2.000,sotto,riferimento rsempre_g0t0_dpminmax
x01000_dpminmax_i,ldr_v4_td6_BB_dpminmax,1000,0,g0a10_t0a0,100k,A_rel,FIXJACK2,1.657e-10,8.000312,2.000,sotto,riferimento rmai_g0t0_dpminmax
x01000_dpminmax_i,ldr_v4_td6_BB_dpminmax,1000,0,g0a10_t0a0,100k,B2,FIXJACK2,1.605e-05,7.520000,,sotto,mute da t_ins+t_grad+20 ms a t_rel
x01000_dpminmax_c,ldr_v4_td6_BB_dpminmax,1000,0,g0a10_t0a0,100k,A_ins,MAINJACK,0.0002559,8.000031,2.000,SOPRA,riferimento rsempre_g10t0_dpminmax
x01000_dpminmax_c,ldr_v4_td6_BB_dpminmax,1000,0,g0a10_t0a0,100k,A_rel,MAINJACK,6.966e-05,11.323187,2.000,sotto,riferimento rmai_g10t0_dpminmax
x01000_dpminmax_c,ldr_v4_td6_BB_dpminmax,1000,0,g0a10_t0a0,100k,B2,MAINJACK,8.441e-07,8.027052,,sotto,mute da t_ins+t_grad+20 ms a t_rel
x01000_dpminmax_c,ldr_v4_td6_BB_dpminmax,1000,0,g0a10_t0a0,100k,A_ins,FIXJACK1,1.645e-10,8.000312,2.000,sotto,riferimento rsempre_g10t0_dpminmax
x01000_dpminmax_c,ldr_v4_td6_BB_dpminmax,1000,0,g0a10_t0a0,100k,A_rel,FIXJACK1,2.208e-05,11.323219,2.000,sotto,riferimento rmai_g10t0_dpminmax
x01000_dpminmax_c,ldr_v4_td6_BB_dpminmax,1000,0,g0a10_t0a0,100k,B2,FIXJACK1,3.803e-14,8.023479,,sotto,mute da t_ins+t_grad+20 ms a t_rel
x01000_dpminmax_c,ldr_v4_td6_BB_dpminmax,1000,0,g0a10_t0a0,100k,A_ins,FIXJACK2,1.645e-10,8.000312,2.000,sotto,riferimento rsempre_g10t0_dpminmax
x01000_dpminmax_c,ldr_v4_td6_BB_dpminmax,1000,0,g0a10_t0a0,100k,A_rel,FIXJACK2,2.208e-05,11.323219,2.000,sotto,riferimento rmai_g10t0_dpminmax
x01000_dpminmax_c,ldr_v4_td6_BB_dpminmax,1000,0,g0a10_t0a0,100k,B2,FIXJACK2,3.989e-14,8.031302,,sotto,mute da t_ins+t_grad+20 ms a t_rel
x10000_dpminmax_i,ldr_v4_td6_BB_dpminmax,1000,0,g10a0_t0a0,100k,A_ins,MAINJACK,2.809e-05,2.362406,2.000,sotto,riferimento rsempre_g10t0_dpminmax
x10000_dpminmax_i,ldr_v4_td6_BB_dpminmax,1000,0,g10a0_t0a0,100k,A_rel,MAINJACK,0.0002667,8.000333,2.000,SOPRA,riferimento rmai_g10t0_dpminmax
x10000_dpminmax_i,ldr_v4_td6_BB_dpminmax,1000,0,g10a0_t0a0,100k,B2,MAINJACK,2.084e-05,7.520000,,sotto,mute da t_ins+t_grad+20 ms a t_rel
x10000_dpminmax_i,ldr_v4_td6_BB_dpminmax,1000,0,g10a0_t0a0,100k,A_ins,FIXJACK1,8.917e-06,2.362427,2.000,sotto,riferimento rsempre_g10t0_dpminmax
x10000_dpminmax_i,ldr_v4_td6_BB_dpminmax,1000,0,g10a0_t0a0,100k,A_rel,FIXJACK1,3.688e-10,8.000312,2.000,sotto,riferimento rmai_g10t0_dpminmax
x10000_dpminmax_i,ldr_v4_td6_BB_dpminmax,1000,0,g10a0_t0a0,100k,B2,FIXJACK1,1.605e-05,7.520000,,sotto,mute da t_ins+t_grad+20 ms a t_rel
x10000_dpminmax_i,ldr_v4_td6_BB_dpminmax,1000,0,g10a0_t0a0,100k,A_ins,FIXJACK2,8.917e-06,2.362437,2.000,sotto,riferimento rsempre_g10t0_dpminmax
x10000_dpminmax_i,ldr_v4_td6_BB_dpminmax,1000,0,g10a0_t0a0,100k,A_rel,FIXJACK2,3.693e-10,8.000312,2.000,sotto,riferimento rmai_g10t0_dpminmax
x10000_dpminmax_i,ldr_v4_td6_BB_dpminmax,1000,0,g10a0_t0a0,100k,B2,FIXJACK2,1.605e-05,7.520000,,sotto,mute da t_ins+t_grad+20 ms a t_rel
x10000_dpminmax_c,ldr_v4_td6_BB_dpminmax,1000,0,g10a0_t0a0,100k,A_ins,MAINJACK,0.0002667,8.000333,2.000,SOPRA,riferimento rsempre_g0t0_dpminmax
x10000_dpminmax_c,ldr_v4_td6_BB_dpminmax,1000,0,g10a0_t0a0,100k,A_rel,MAINJACK,2.21e-05,11.323187,2.000,sotto,riferimento rmai_g0t0_dpminmax
x10000_dpminmax_c,ldr_v4_td6_BB_dpminmax,1000,0,g10a0_t0a0,100k,B2,MAINJACK,8.744e-07,8.027208,,sotto,mute da t_ins+t_grad+20 ms a t_rel
x10000_dpminmax_c,ldr_v4_td6_BB_dpminmax,1000,0,g10a0_t0a0,100k,A_ins,FIXJACK1,3.693e-10,8.000312,2.000,sotto,riferimento rsempre_g0t0_dpminmax
x10000_dpminmax_c,ldr_v4_td6_BB_dpminmax,1000,0,g10a0_t0a0,100k,A_rel,FIXJACK1,2.208e-05,11.323219,2.000,sotto,riferimento rmai_g0t0_dpminmax
x10000_dpminmax_c,ldr_v4_td6_BB_dpminmax,1000,0,g10a0_t0a0,100k,B2,FIXJACK1,1.072e-13,8.026854,,sotto,mute da t_ins+t_grad+20 ms a t_rel
x10000_dpminmax_c,ldr_v4_td6_BB_dpminmax,1000,0,g10a0_t0a0,100k,A_ins,FIXJACK2,3.693e-10,8.000312,2.000,sotto,riferimento rsempre_g0t0_dpminmax
x10000_dpminmax_c,ldr_v4_td6_BB_dpminmax,1000,0,g10a0_t0a0,100k,A_rel,FIXJACK2,2.208e-05,11.323219,2.000,sotto,riferimento rmai_g0t0_dpminmax
x10000_dpminmax_c,ldr_v4_td6_BB_dpminmax,1000,0,g10a0_t0a0,100k,B2,FIXJACK2,1.051e-13,8.025573,,sotto,mute da t_ins+t_grad+20 ms a t_rel
x1010012_dpminmax_i,ldr_v4_td6_BB_dpminmax,1000,0,g10a10_t0a12,100k,A_ins,MAINJACK,2.809e-05,2.362406,2.000,sotto,riferimento rsempre_g10t0_dpminmax
x1010012_dpminmax_i,ldr_v4_td6_BB_dpminmax,1000,0,g10a10_t0a12,100k,A_rel,MAINJACK,0.0002347,8.000031,2.000,SOPRA,riferimento rmai_g10t0_dpminmax
x1010012_dpminmax_i,ldr_v4_td6_BB_dpminmax,1000,0,g10a10_t0a12,100k,B2,MAINJACK,2.084e-05,7.520000,,sotto,mute da t_ins+t_grad+20 ms a t_rel
x1010012_dpminmax_i,ldr_v4_td6_BB_dpminmax,1000,0,g10a10_t0a12,100k,A_ins,FIXJACK1,8.917e-06,2.362427,2.000,sotto,riferimento rsempre_g10t0_dpminmax
x1010012_dpminmax_i,ldr_v4_td6_BB_dpminmax,1000,0,g10a10_t0a12,100k,A_rel,FIXJACK1,3.82e-09,8.001323,2.000,sotto,riferimento rmai_g10t0_dpminmax
x1010012_dpminmax_i,ldr_v4_td6_BB_dpminmax,1000,0,g10a10_t0a12,100k,B2,FIXJACK1,1.605e-05,7.520000,,sotto,mute da t_ins+t_grad+20 ms a t_rel
x1010012_dpminmax_i,ldr_v4_td6_BB_dpminmax,1000,0,g10a10_t0a12,100k,A_ins,FIXJACK2,8.917e-06,2.362437,2.000,sotto,riferimento rsempre_g10t0_dpminmax
x1010012_dpminmax_i,ldr_v4_td6_BB_dpminmax,1000,0,g10a10_t0a12,100k,A_rel,FIXJACK2,3.818e-09,8.001323,2.000,sotto,riferimento rmai_g10t0_dpminmax
x1010012_dpminmax_i,ldr_v4_td6_BB_dpminmax,1000,0,g10a10_t0a12,100k,B2,FIXJACK2,1.605e-05,7.520000,,sotto,mute da t_ins+t_grad+20 ms a t_rel
x1010012_dpminmax_c,ldr_v4_td6_BB_dpminmax,1000,0,g10a10_t0a12,100k,A_ins,MAINJACK,0.0002347,8.000031,2.000,SOPRA,riferimento rsempre_g10t12_dpminmax
x1010012_dpminmax_c,ldr_v4_td6_BB_dpminmax,1000,0,g10a10_t0a12,100k,A_rel,MAINJACK,1.762e-05,11.323187,2.000,sotto,riferimento rmai_g10t12_dpminmax
x1010012_dpminmax_c,ldr_v4_td6_BB_dpminmax,1000,0,g10a10_t0a12,100k,B2,MAINJACK,4.698e-07,8.026594,,sotto,mute da t_ins+t_grad+20 ms a t_rel
x1010012_dpminmax_c,ldr_v4_td6_BB_dpminmax,1000,0,g10a10_t0a12,100k,A_ins,FIXJACK1,3.82e-09,8.001323,2.000,sotto,riferimento rsempre_g10t12_dpminmax
x1010012_dpminmax_c,ldr_v4_td6_BB_dpminmax,1000,0,g10a10_t0a12,100k,A_rel,FIXJACK1,2.208e-05,11.323219,2.000,sotto,riferimento rmai_g10t12_dpminmax
x1010012_dpminmax_c,ldr_v4_td6_BB_dpminmax,1000,0,g10a10_t0a12,100k,B2,FIXJACK1,4.157e-13,8.026896,,sotto,mute da t_ins+t_grad+20 ms a t_rel
x1010012_dpminmax_c,ldr_v4_td6_BB_dpminmax,1000,0,g10a10_t0a12,100k,A_ins,FIXJACK2,3.82e-09,8.001323,2.000,sotto,riferimento rsempre_g10t12_dpminmax
x1010012_dpminmax_c,ldr_v4_td6_BB_dpminmax,1000,0,g10a10_t0a12,100k,A_rel,FIXJACK2,2.208e-05,11.323219,2.000,sotto,riferimento rmai_g10t12_dpminmax
x1010012_dpminmax_c,ldr_v4_td6_BB_dpminmax,1000,0,g10a10_t0a12,100k,B2,FIXJACK2,4.179e-13,8.028042,,sotto,mute da t_ins+t_grad+20 ms a t_rel
x1010120_dpminmax_i,ldr_v4_td6_BB_dpminmax,1000,0,g10a10_t12a0,100k,A_ins,MAINJACK,7.104e-06,2.362406,2.000,sotto,riferimento rsempre_g10t12_dpminmax
x1010120_dpminmax_i,ldr_v4_td6_BB_dpminmax,1000,0,g10a10_t12a0,100k,A_rel,MAINJACK,0.0002299,8.001031,2.000,SOPRA,riferimento rmai_g10t12_dpminmax
x1010120_dpminmax_i,ldr_v4_td6_BB_dpminmax,1000,0,g10a10_t12a0,100k,B2,MAINJACK,5.271e-06,7.520000,,sotto,mute da t_ins+t_grad+20 ms a t_rel
x1010120_dpminmax_i,ldr_v4_td6_BB_dpminmax,1000,0,g10a10_t12a0,100k,A_ins,FIXJACK1,8.917e-06,2.362427,2.000,sotto,riferimento rsempre_g10t12_dpminmax
x1010120_dpminmax_i,ldr_v4_td6_BB_dpminmax,1000,0,g10a10_t12a0,100k,A_rel,FIXJACK1,6.892e-09,8.001531,2.000,sotto,riferimento rmai_g10t12_dpminmax
x1010120_dpminmax_i,ldr_v4_td6_BB_dpminmax,1000,0,g10a10_t12a0,100k,B2,FIXJACK1,1.605e-05,7.520000,,sotto,mute da t_ins+t_grad+20 ms a t_rel
x1010120_dpminmax_i,ldr_v4_td6_BB_dpminmax,1000,0,g10a10_t12a0,100k,A_ins,FIXJACK2,8.917e-06,2.362427,2.000,sotto,riferimento rsempre_g10t12_dpminmax
x1010120_dpminmax_i,ldr_v4_td6_BB_dpminmax,1000,0,g10a10_t12a0,100k,A_rel,FIXJACK2,6.886e-09,8.001531,2.000,sotto,riferimento rmai_g10t12_dpminmax
x1010120_dpminmax_i,ldr_v4_td6_BB_dpminmax,1000,0,g10a10_t12a0,100k,B2,FIXJACK2,1.605e-05,7.520000,,sotto,mute da t_ins+t_grad+20 ms a t_rel
x1010120_dpminmax_c,ldr_v4_td6_BB_dpminmax,1000,0,g10a10_t12a0,100k,A_ins,MAINJACK,0.0002299,8.001031,2.000,SOPRA,riferimento rsempre_g10t0_dpminmax
x1010120_dpminmax_c,ldr_v4_td6_BB_dpminmax,1000,0,g10a10_t12a0,100k,A_rel,MAINJACK,6.966e-05,11.323187,2.000,sotto,riferimento rmai_g10t0_dpminmax
x1010120_dpminmax_c,ldr_v4_td6_BB_dpminmax,1000,0,g10a10_t12a0,100k,B2,MAINJACK,4.551e-07,8.028302,,sotto,mute da t_ins+t_grad+20 ms a t_rel
x1010120_dpminmax_c,ldr_v4_td6_BB_dpminmax,1000,0,g10a10_t12a0,100k,A_ins,FIXJACK1,6.894e-09,8.001531,2.000,sotto,riferimento rsempre_g10t0_dpminmax
x1010120_dpminmax_c,ldr_v4_td6_BB_dpminmax,1000,0,g10a10_t12a0,100k,A_rel,FIXJACK1,2.208e-05,11.323219,2.000,sotto,riferimento rmai_g10t0_dpminmax
x1010120_dpminmax_c,ldr_v4_td6_BB_dpminmax,1000,0,g10a10_t12a0,100k,B2,FIXJACK1,1.757e-12,8.027729,,sotto,mute da t_ins+t_grad+20 ms a t_rel
x1010120_dpminmax_c,ldr_v4_td6_BB_dpminmax,1000,0,g10a10_t12a0,100k,A_ins,FIXJACK2,6.889e-09,8.001531,2.000,sotto,riferimento rsempre_g10t0_dpminmax
x1010120_dpminmax_c,ldr_v4_td6_BB_dpminmax,1000,0,g10a10_t12a0,100k,A_rel,FIXJACK2,2.208e-05,11.323219,2.000,sotto,riferimento rmai_g10t0_dpminmax
x1010120_dpminmax_c,ldr_v4_td6_BB_dpminmax,1000,0,g10a10_t12a0,100k,B2,FIXJACK2,1.754e-12,8.027885,,sotto,mute da t_ins+t_grad+20 ms a t_rel
xm_dpminmax,ldr_v4_td6_BB_dpminmax,1000,0,10,100k,A_ins,MAINJACK,2.809e-05,2.362406,2.000,sotto,riferimento rsempre_g10t0_dpminmax
xm_dpminmax,ldr_v4_td6_BB_dpminmax,1000,0,10,100k,A_rel,MAINJACK,6.956e-05,9.823187,2.000,sotto,riferimento rmai_g10t0_dpminmax
xm_dpminmax,ldr_v4_td6_BB_dpminmax,1000,0,10,100k,B2,MAINJACK,2.084e-05,7.520000,,sotto,mute da t_ins+t_grad+20 ms a t_rel
xm_dpminmax,ldr_v4_td6_BB_dpminmax,1000,0,10,100k,A_ins,FIXJACK1,8.917e-06,2.362427,2.000,sotto,riferimento rsempre_g10t0_dpminmax
xm_dpminmax,ldr_v4_td6_BB_dpminmax,1000,0,10,100k,A_rel,FIXJACK1,2.205e-05,9.823219,2.000,sotto,riferimento rmai_g10t0_dpminmax
xm_dpminmax,ldr_v4_td6_BB_dpminmax,1000,0,10,100k,B2,FIXJACK1,1.605e-05,7.520000,,sotto,mute da t_ins+t_grad+20 ms a t_rel
xm_dpminmax,ldr_v4_td6_BB_dpminmax,1000,0,10,100k,A_ins,FIXJACK2,8.917e-06,2.362437,2.000,sotto,riferimento rsempre_g10t0_dpminmax
xm_dpminmax,ldr_v4_td6_BB_dpminmax,1000,0,10,100k,A_rel,FIXJACK2,2.205e-05,9.823219,2.000,sotto,riferimento rmai_g10t0_dpminmax
xm_dpminmax,ldr_v4_td6_BB_dpminmax,1000,0,10,100k,B2,FIXJACK2,1.605e-05,7.520000,,sotto,mute da t_ins+t_grad+20 ms a t_rel
x01000_dpminm20_i,ldr_v4_td6_BB_dpminm20,1000,0,g0a10_t0a0,100k,A_ins,MAINJACK,8.904e-07,2.362406,2.000,sotto,riferimento rsempre_g0t0_dpminm20
x01000_dpminm20_i,ldr_v4_td6_BB_dpminm20,1000,0,g0a10_t0a0,100k,A_rel,MAINJACK,0.0001407,8.000031,2.000,SOPRA,riferimento rmai_g0t0_dpminm20
x01000_dpminm20_i,ldr_v4_td6_BB_dpminm20,1000,0,g0a10_t0a0,100k,B2,MAINJACK,6.605e-07,7.520000,,sotto,mute da t_ins+t_grad+20 ms a t_rel
x01000_dpminm20_i,ldr_v4_td6_BB_dpminm20,1000,0,g0a10_t0a0,100k,A_ins,FIXJACK1,8.917e-06,2.362437,2.000,sotto,riferimento rsempre_g0t0_dpminm20
x01000_dpminm20_i,ldr_v4_td6_BB_dpminm20,1000,0,g0a10_t0a0,100k,A_rel,FIXJACK1,1.323e-11,8.000312,2.000,sotto,riferimento rmai_g0t0_dpminm20
x01000_dpminm20_i,ldr_v4_td6_BB_dpminm20,1000,0,g0a10_t0a0,100k,B2,FIXJACK1,1.605e-05,7.520000,,sotto,mute da t_ins+t_grad+20 ms a t_rel
x01000_dpminm20_i,ldr_v4_td6_BB_dpminm20,1000,0,g0a10_t0a0,100k,A_ins,FIXJACK2,8.917e-06,2.362427,2.000,sotto,riferimento rsempre_g0t0_dpminm20
x01000_dpminm20_i,ldr_v4_td6_BB_dpminm20,1000,0,g0a10_t0a0,100k,A_rel,FIXJACK2,1.135e-11,9.377698,2.000,sotto,riferimento rmai_g0t0_dpminm20
x01000_dpminm20_i,ldr_v4_td6_BB_dpminm20,1000,0,g0a10_t0a0,100k,B2,FIXJACK2,1.605e-05,7.520000,,sotto,mute da t_ins+t_grad+20 ms a t_rel
x01000_dpminm20_c,ldr_v4_td6_BB_dpminm20,1000,0,g0a10_t0a0,100k,A_ins,MAINJACK,0.0001407,8.000031,2.000,SOPRA,riferimento rsempre_g10t0_dpminm20
x01000_dpminm20_c,ldr_v4_td6_BB_dpminm20,1000,0,g0a10_t0a0,100k,A_rel,MAINJACK,6.96e-06,11.323187,2.000,sotto,riferimento rmai_g10t0_dpminm20
x01000_dpminm20_c,ldr_v4_td6_BB_dpminm20,1000,0,g0a10_t0a0,100k,B2,MAINJACK,4.644e-07,8.027052,,sotto,mute da t_ins+t_grad+20 ms a t_rel
x01000_dpminm20_c,ldr_v4_td6_BB_dpminm20,1000,0,g0a10_t0a0,100k,A_ins,FIXJACK1,1.471e-11,8.000312,2.000,sotto,riferimento rsempre_g10t0_dpminm20
x01000_dpminm20_c,ldr_v4_td6_BB_dpminm20,1000,0,g0a10_t0a0,100k,A_rel,FIXJACK1,2.208e-05,11.323219,2.000,sotto,riferimento rmai_g10t0_dpminm20
x01000_dpminm20_c,ldr_v4_td6_BB_dpminm20,1000,0,g0a10_t0a0,100k,B2,FIXJACK1,2.465e-14,9.999990,,sotto,mute da t_ins+t_grad+20 ms a t_rel
x01000_dpminm20_c,ldr_v4_td6_BB_dpminm20,1000,0,g0a10_t0a0,100k,A_ins,FIXJACK2,1.471e-11,8.000312,2.000,sotto,riferimento rsempre_g10t0_dpminm20
x01000_dpminm20_c,ldr_v4_td6_BB_dpminm20,1000,0,g0a10_t0a0,100k,A_rel,FIXJACK2,2.208e-05,11.323219,2.000,sotto,riferimento rmai_g10t0_dpminm20
x01000_dpminm20_c,ldr_v4_td6_BB_dpminm20,1000,0,g0a10_t0a0,100k,B2,FIXJACK2,2.215e-14,9.806552,,sotto,mute da t_ins+t_grad+20 ms a t_rel
x10000_dpminm20_i,ldr_v4_td6_BB_dpminm20,1000,0,g10a0_t0a0,100k,A_ins,MAINJACK,2.806e-06,2.362406,2.000,sotto,riferimento rsempre_g10t0_dpminm20
x10000_dpminm20_i,ldr_v4_td6_BB_dpminm20,1000,0,g10a0_t0a0,100k,A_rel,MAINJACK,0.0001466,8.000333,2.000,SOPRA,riferimento rmai_g10t0_dpminm20
x10000_dpminm20_i,ldr_v4_td6_BB_dpminm20,1000,0,g10a0_t0a0,100k,B2,MAINJACK,2.082e-06,7.520000,,sotto,mute da t_ins+t_grad+20 ms a t_rel
x10000_dpminm20_i,ldr_v4_td6_BB_dpminm20,1000,0,g10a0_t0a0,100k,A_ins,FIXJACK1,8.917e-06,2.362437,2.000,sotto,riferimento rsempre_g10t0_dpminm20
x10000_dpminm20_i,ldr_v4_td6_BB_dpminm20,1000,0,g10a0_t0a0,100k,A_rel,FIXJACK1,2.679e-11,8.000312,2.000,sotto,riferimento rmai_g10t0_dpminm20
x10000_dpminm20_i,ldr_v4_td6_BB_dpminm20,1000,0,g10a0_t0a0,100k,B2,FIXJACK1,1.605e-05,7.520000,,sotto,mute da t_ins+t_grad+20 ms a t_rel
x10000_dpminm20_i,ldr_v4_td6_BB_dpminm20,1000,0,g10a0_t0a0,100k,A_ins,FIXJACK2,8.917e-06,2.362437,2.000,sotto,riferimento rsempre_g10t0_dpminm20
x10000_dpminm20_i,ldr_v4_td6_BB_dpminm20,1000,0,g10a0_t0a0,100k,A_rel,FIXJACK2,2.608e-11,8.000312,2.000,sotto,riferimento rmai_g10t0_dpminm20
x10000_dpminm20_i,ldr_v4_td6_BB_dpminm20,1000,0,g10a0_t0a0,100k,B2,FIXJACK2,1.605e-05,7.520000,,sotto,mute da t_ins+t_grad+20 ms a t_rel
x10000_dpminm20_c,ldr_v4_td6_BB_dpminm20,1000,0,g10a0_t0a0,100k,A_ins,MAINJACK,0.0001466,8.000333,2.000,SOPRA,riferimento rsempre_g0t0_dpminm20
x10000_dpminm20_c,ldr_v4_td6_BB_dpminm20,1000,0,g10a0_t0a0,100k,A_rel,MAINJACK,2.208e-06,11.323177,2.000,sotto,riferimento rmai_g0t0_dpminm20
x10000_dpminm20_c,ldr_v4_td6_BB_dpminm20,1000,0,g10a0_t0a0,100k,B2,MAINJACK,4.747e-07,8.027208,,sotto,mute da t_ins+t_grad+20 ms a t_rel
x10000_dpminm20_c,ldr_v4_td6_BB_dpminm20,1000,0,g10a0_t0a0,100k,A_ins,FIXJACK1,2.679e-11,8.000312,2.000,sotto,riferimento rsempre_g0t0_dpminm20
x10000_dpminm20_c,ldr_v4_td6_BB_dpminm20,1000,0,g10a0_t0a0,100k,A_rel,FIXJACK1,2.208e-05,11.323219,2.000,sotto,riferimento rmai_g0t0_dpminm20
x10000_dpminm20_c,ldr_v4_td6_BB_dpminm20,1000,0,g10a0_t0a0,100k,B2,FIXJACK1,2.344e-14,9.508740,,sotto,mute da t_ins+t_grad+20 ms a t_rel
x10000_dpminm20_c,ldr_v4_td6_BB_dpminm20,1000,0,g10a0_t0a0,100k,A_ins,FIXJACK2,2.679e-11,8.000312,2.000,sotto,riferimento rsempre_g0t0_dpminm20
x10000_dpminm20_c,ldr_v4_td6_BB_dpminm20,1000,0,g10a0_t0a0,100k,A_rel,FIXJACK2,2.208e-05,11.323219,2.000,sotto,riferimento rmai_g0t0_dpminm20
x10000_dpminm20_c,ldr_v4_td6_BB_dpminm20,1000,0,g10a0_t0a0,100k,B2,FIXJACK2,2.287e-14,8.034917,,sotto,mute da t_ins+t_grad+20 ms a t_rel
x1010012_dpminm20_i,ldr_v4_td6_BB_dpminm20,1000,0,g10a10_t0a12,100k,A_ins,MAINJACK,2.806e-06,2.362406,2.000,sotto,riferimento rsempre_g10t0_dpminm20
x1010012_dpminm20_i,ldr_v4_td6_BB_dpminm20,1000,0,g10a10_t0a12,100k,A_rel,MAINJACK,2.333e-05,8.000031,2.000,sotto,riferimento rmai_g10t0_dpminm20
x1010012_dpminm20_i,ldr_v4_td6_BB_dpminm20,1000,0,g10a10_t0a12,100k,B2,MAINJACK,2.082e-06,7.520000,,sotto,mute da t_ins+t_grad+20 ms a t_rel
x1010012_dpminm20_i,ldr_v4_td6_BB_dpminm20,1000,0,g10a10_t0a12,100k,A_ins,FIXJACK1,8.917e-06,2.362437,2.000,sotto,riferimento rsempre_g10t0_dpminm20
x1010012_dpminm20_i,ldr_v4_td6_BB_dpminm20,1000,0,g10a10_t0a12,100k,A_rel,FIXJACK1,8.522e-09,8.000010,2.000,sotto,riferimento rmai_g10t0_dpminm20
x1010012_dpminm20_i,ldr_v4_td6_BB_dpminm20,1000,0,g10a10_t0a12,100k,B2,FIXJACK1,1.605e-05,7.520000,,sotto,mute da t_ins+t_grad+20 ms a t_rel
x1010012_dpminm20_i,ldr_v4_td6_BB_dpminm20,1000,0,g10a10_t0a12,100k,A_ins,FIXJACK2,8.917e-06,2.362437,2.000,sotto,riferimento rsempre_g10t0_dpminm20
x1010012_dpminm20_i,ldr_v4_td6_BB_dpminm20,1000,0,g10a10_t0a12,100k,A_rel,FIXJACK2,8.524e-09,8.000010,2.000,sotto,riferimento rmai_g10t0_dpminm20
x1010012_dpminm20_i,ldr_v4_td6_BB_dpminm20,1000,0,g10a10_t0a12,100k,B2,FIXJACK2,1.605e-05,7.520000,,sotto,mute da t_ins+t_grad+20 ms a t_rel
x1010012_dpminm20_c,ldr_v4_td6_BB_dpminm20,1000,0,g10a10_t0a12,100k,A_ins,MAINJACK,2.333e-05,8.000031,2.000,sotto,riferimento rsempre_g10t12_dpminm20
x1010012_dpminm20_c,ldr_v4_td6_BB_dpminm20,1000,0,g10a10_t0a12,100k,A_rel,MAINJACK,1.761e-06,11.323177,2.000,sotto,riferimento rmai_g10t12_dpminm20
x1010012_dpminm20_c,ldr_v4_td6_BB_dpminm20,1000,0,g10a10_t0a12,100k,B2,MAINJACK,4.78e-08,8.026604,,sotto,mute da t_ins+t_grad+20 ms a t_rel
x1010012_dpminm20_c,ldr_v4_td6_BB_dpminm20,1000,0,g10a10_t0a12,100k,A_ins,FIXJACK1,8.524e-09,8.000010,2.000,sotto,riferimento rsempre_g10t12_dpminm20
x1010012_dpminm20_c,ldr_v4_td6_BB_dpminm20,1000,0,g10a10_t0a12,100k,A_rel,FIXJACK1,2.208e-05,11.323219,2.000,sotto,riferimento rmai_g10t12_dpminm20
x1010012_dpminm20_c,ldr_v4_td6_BB_dpminm20,1000,0,g10a10_t0a12,100k,B2,FIXJACK1,1.095e-12,8.025510,,sotto,mute da t_ins+t_grad+20 ms a t_rel
x1010012_dpminm20_c,ldr_v4_td6_BB_dpminm20,1000,0,g10a10_t0a12,100k,A_ins,FIXJACK2,8.524e-09,8.000010,2.000,sotto,riferimento rsempre_g10t12_dpminm20
x1010012_dpminm20_c,ldr_v4_td6_BB_dpminm20,1000,0,g10a10_t0a12,100k,A_rel,FIXJACK2,2.208e-05,11.323219,2.000,sotto,riferimento rmai_g10t12_dpminm20
x1010012_dpminm20_c,ldr_v4_td6_BB_dpminm20,1000,0,g10a10_t0a12,100k,B2,FIXJACK2,1.094e-12,8.026167,,sotto,mute da t_ins+t_grad+20 ms a t_rel
x1010120_dpminm20_i,ldr_v4_td6_BB_dpminm20,1000,0,g10a10_t12a0,100k,A_ins,MAINJACK,7.1e-07,2.362396,2.000,sotto,riferimento rsempre_g10t12_dpminm20
x1010120_dpminm20_i,ldr_v4_td6_BB_dpminm20,1000,0,g10a10_t12a0,100k,A_rel,MAINJACK,2.285e-05,8.001031,2.000,sotto,riferimento rmai_g10t12_dpminm20
x1010120_dpminm20_i,ldr_v4_td6_BB_dpminm20,1000,0,g10a10_t12a0,100k,B2,MAINJACK,5.268e-07,7.520000,,sotto,mute da t_ins+t_grad+20 ms a t_rel
x1010120_dpminm20_i,ldr_v4_td6_BB_dpminm20,1000,0,g10a10_t12a0,100k,A_ins,FIXJACK1,8.917e-06,2.362437,2.000,sotto,riferimento rsempre_g10t12_dpminm20
x1010120_dpminm20_i,ldr_v4_td6_BB_dpminm20,1000,0,g10a10_t12a0,100k,A_rel,FIXJACK1,3.137e-09,8.001458,2.000,sotto,riferimento rmai_g10t12_dpminm20
x1010120_dpminm20_i,ldr_v4_td6_BB_dpminm20,1000,0,g10a10_t12a0,100k,B2,FIXJACK1,1.605e-05,7.520000,,sotto,mute da t_ins+t_grad+20 ms a t_rel
x1010120_dpminm20_i,ldr_v4_td6_BB_dpminm20,1000,0,g10a10_t12a0,100k,A_ins,FIXJACK2,8.917e-06,2.362437,2.000,sotto,riferimento rsempre_g10t12_dpminm20
x1010120_dpminm20_i,ldr_v4_td6_BB_dpminm20,1000,0,g10a10_t12a0,100k,A_rel,FIXJACK2,3.139e-09,8.001458,2.000,sotto,riferimento rmai_g10t12_dpminm20
x1010120_dpminm20_i,ldr_v4_td6_BB_dpminm20,1000,0,g10a10_t12a0,100k,B2,FIXJACK2,1.605e-05,7.520000,,sotto,mute da t_ins+t_grad+20 ms a t_rel
x1010120_dpminm20_c,ldr_v4_td6_BB_dpminm20,1000,0,g10a10_t12a0,100k,A_ins,MAINJACK,2.285e-05,8.001031,2.000,sotto,riferimento rsempre_g10t0_dpminm20
x1010120_dpminm20_c,ldr_v4_td6_BB_dpminm20,1000,0,g10a10_t12a0,100k,A_rel,MAINJACK,6.96e-06,11.323187,2.000,sotto,riferimento rmai_g10t0_dpminm20
x1010120_dpminm20_c,ldr_v4_td6_BB_dpminm20,1000,0,g10a10_t12a0,100k,B2,MAINJACK,4.523e-08,8.028302,,sotto,mute da t_ins+t_grad+20 ms a t_rel
x1010120_dpminm20_c,ldr_v4_td6_BB_dpminm20,1000,0,g10a10_t12a0,100k,A_ins,FIXJACK1,3.136e-09,8.001458,2.000,sotto,riferimento rsempre_g10t0_dpminm20
x1010120_dpminm20_c,ldr_v4_td6_BB_dpminm20,1000,0,g10a10_t12a0,100k,A_rel,FIXJACK1,2.208e-05,11.323219,2.000,sotto,riferimento rmai_g10t0_dpminm20
x1010120_dpminm20_c,ldr_v4_td6_BB_dpminm20,1000,0,g10a10_t12a0,100k,B2,FIXJACK1,4.888e-13,8.028042,,sotto,mute da t_ins+t_grad+20 ms a t_rel
x1010120_dpminm20_c,ldr_v4_td6_BB_dpminm20,1000,0,g10a10_t12a0,100k,A_ins,FIXJACK2,3.136e-09,8.001458,2.000,sotto,riferimento rsempre_g10t0_dpminm20
x1010120_dpminm20_c,ldr_v4_td6_BB_dpminm20,1000,0,g10a10_t12a0,100k,A_rel,FIXJACK2,2.208e-05,11.323219,2.000,sotto,riferimento rmai_g10t0_dpminm20
x1010120_dpminm20_c,ldr_v4_td6_BB_dpminm20,1000,0,g10a10_t12a0,100k,B2,FIXJACK2,4.88e-13,8.028156,,sotto,mute da t_ins+t_grad+20 ms a t_rel
xm_dpminm20,ldr_v4_td6_BB_dpminm20,1000,0,10,100k,A_ins,MAINJACK,2.806e-06,2.362406,2.000,sotto,riferimento rsempre_g10t0_dpminm20
xm_dpminm20,ldr_v4_td6_BB_dpminm20,1000,0,10,100k,A_rel,MAINJACK,6.95e-06,9.823177,2.000,sotto,riferimento rmai_g10t0_dpminm20
xm_dpminm20,ldr_v4_td6_BB_dpminm20,1000,0,10,100k,B2,MAINJACK,2.082e-06,7.520000,,sotto,mute da t_ins+t_grad+20 ms a t_rel
xm_dpminm20,ldr_v4_td6_BB_dpminm20,1000,0,10,100k,A_ins,FIXJACK1,8.917e-06,2.362437,2.000,sotto,riferimento rsempre_g10t0_dpminm20
xm_dpminm20,ldr_v4_td6_BB_dpminm20,1000,0,10,100k,A_rel,FIXJACK1,2.205e-05,9.823219,2.000,sotto,riferimento rmai_g10t0_dpminm20
xm_dpminm20,ldr_v4_td6_BB_dpminm20,1000,0,10,100k,B2,FIXJACK1,1.605e-05,7.520000,,sotto,mute da t_ins+t_grad+20 ms a t_rel
xm_dpminm20,ldr_v4_td6_BB_dpminm20,1000,0,10,100k,A_ins,FIXJACK2,8.917e-06,2.362437,2.000,sotto,riferimento rsempre_g10t0_dpminm20
xm_dpminm20,ldr_v4_td6_BB_dpminm20,1000,0,10,100k,A_rel,FIXJACK2,2.205e-05,9.823219,2.000,sotto,riferimento rmai_g10t0_dpminm20
xm_dpminm20,ldr_v4_td6_BB_dpminm20,1000,0,10,100k,B2,FIXJACK2,1.605e-05,7.520000,,sotto,mute da t_ins+t_grad+20 ms a t_rel
x01000_dpmaxmax_i,ldr_v4_td6_BB_dpmaxmax,1000,0,g0a10_t0a0,100k,A_ins,MAINJACK,8.913e-06,2.362396,2.000,sotto,riferimento rsempre_g0t0_dpmaxmax
x01000_dpmaxmax_i,ldr_v4_td6_BB_dpmaxmax,1000,0,g0a10_t0a0,100k,A_rel,MAINJACK,0.0002559,8.000031,2.000,SOPRA,riferimento rmai_g0t0_dpmaxmax
x01000_dpmaxmax_i,ldr_v4_td6_BB_dpmaxmax,1000,0,g0a10_t0a0,100k,B2,MAINJACK,6.612e-06,7.520000,,sotto,mute da t_ins+t_grad+20 ms a t_rel
x01000_dpmaxmax_i,ldr_v4_td6_BB_dpmaxmax,1000,0,g0a10_t0a0,100k,A_ins,FIXJACK1,8.917e-06,2.362437,2.000,sotto,riferimento rsempre_g0t0_dpmaxmax
x01000_dpmaxmax_i,ldr_v4_td6_BB_dpmaxmax,1000,0,g0a10_t0a0,100k,A_rel,FIXJACK1,1.349e-10,8.000312,2.000,sotto,riferimento rmai_g0t0_dpmaxmax
x01000_dpmaxmax_i,ldr_v4_td6_BB_dpmaxmax,1000,0,g0a10_t0a0,100k,B2,FIXJACK1,1.605e-05,7.520000,,sotto,mute da t_ins+t_grad+20 ms a t_rel
x01000_dpmaxmax_i,ldr_v4_td6_BB_dpmaxmax,1000,0,g0a10_t0a0,100k,A_ins,FIXJACK2,8.917e-06,2.362437,2.000,sotto,riferimento rsempre_g0t0_dpmaxmax
x01000_dpmaxmax_i,ldr_v4_td6_BB_dpmaxmax,1000,0,g0a10_t0a0,100k,A_rel,FIXJACK2,1.347e-10,8.000312,2.000,sotto,riferimento rmai_g0t0_dpmaxmax
x01000_dpmaxmax_i,ldr_v4_td6_BB_dpmaxmax,1000,0,g0a10_t0a0,100k,B2,FIXJACK2,1.605e-05,7.520000,,sotto,mute da t_ins+t_grad+20 ms a t_rel
x01000_dpmaxmax_c,ldr_v4_td6_BB_dpmaxmax,1000,0,g0a10_t0a0,100k,A_ins,MAINJACK,0.0002559,8.000031,2.000,SOPRA,riferimento rsempre_g10t0_dpmaxmax
x01000_dpmaxmax_c,ldr_v4_td6_BB_dpmaxmax,1000,0,g0a10_t0a0,100k,A_rel,MAINJACK,6.966e-05,11.323187,2.000,sotto,riferimento rmai_g10t0_dpmaxmax
x01000_dpmaxmax_c,ldr_v4_td6_BB_dpmaxmax,1000,0,g0a10_t0a0,100k,B2,MAINJACK,8.424e-07,8.027052,,sotto,mute da t_ins+t_grad+20 ms a t_rel
x01000_dpmaxmax_c,ldr_v4_td6_BB_dpmaxmax,1000,0,g0a10_t0a0,100k,A_ins,FIXJACK1,1.323e-10,8.000312,2.000,sotto,riferimento rsempre_g10t0_dpmaxmax
x01000_dpmaxmax_c,ldr_v4_td6_BB_dpmaxmax,1000,0,g0a10_t0a0,100k,A_rel,FIXJACK1,2.209e-05,11.323219,2.000,sotto,riferimento rmai_g10t0_dpmaxmax
x01000_dpmaxmax_c,ldr_v4_td6_BB_dpmaxmax,1000,0,g0a10_t0a0,100k,B2,FIXJACK1,3.073e-14,8.032385,,sotto,mute da t_ins+t_grad+20 ms a t_rel
x01000_dpmaxmax_c,ldr_v4_td6_BB_dpmaxmax,1000,0,g0a10_t0a0,100k,A_ins,FIXJACK2,1.323e-10,8.000312,2.000,sotto,riferimento rsempre_g10t0_dpmaxmax
x01000_dpmaxmax_c,ldr_v4_td6_BB_dpmaxmax,1000,0,g0a10_t0a0,100k,A_rel,FIXJACK2,2.209e-05,11.323219,2.000,sotto,riferimento rmai_g10t0_dpmaxmax
x01000_dpmaxmax_c,ldr_v4_td6_BB_dpmaxmax,1000,0,g0a10_t0a0,100k,B2,FIXJACK2,3.253e-14,8.027906,,sotto,mute da t_ins+t_grad+20 ms a t_rel
x10000_dpmaxmax_i,ldr_v4_td6_BB_dpmaxmax,1000,0,g10a0_t0a0,100k,A_ins,MAINJACK,2.809e-05,2.362406,2.000,sotto,riferimento rsempre_g10t0_dpmaxmax
x10000_dpmaxmax_i,ldr_v4_td6_BB_dpmaxmax,1000,0,g10a0_t0a0,100k,A_rel,MAINJACK,0.0002669,8.000333,2.000,SOPRA,riferimento rmai_g10t0_dpmaxmax
x10000_dpmaxmax_i,ldr_v4_td6_BB_dpmaxmax,1000,0,g10a0_t0a0,100k,B2,MAINJACK,2.084e-05,7.520000,,sotto,mute da t_ins+t_grad+20 ms a t_rel
x10000_dpmaxmax_i,ldr_v4_td6_BB_dpmaxmax,1000,0,g10a0_t0a0,100k,A_ins,FIXJACK1,8.917e-06,2.362437,2.000,sotto,riferimento rsempre_g10t0_dpmaxmax
x10000_dpmaxmax_i,ldr_v4_td6_BB_dpmaxmax,1000,0,g10a0_t0a0,100k,A_rel,FIXJACK1,2.596e-10,8.000312,2.000,sotto,riferimento rmai_g10t0_dpmaxmax
x10000_dpmaxmax_i,ldr_v4_td6_BB_dpmaxmax,1000,0,g10a0_t0a0,100k,B2,FIXJACK1,1.605e-05,7.520000,,sotto,mute da t_ins+t_grad+20 ms a t_rel
x10000_dpmaxmax_i,ldr_v4_td6_BB_dpmaxmax,1000,0,g10a0_t0a0,100k,A_ins,FIXJACK2,8.917e-06,2.362427,2.000,sotto,riferimento rsempre_g10t0_dpmaxmax
x10000_dpmaxmax_i,ldr_v4_td6_BB_dpmaxmax,1000,0,g10a0_t0a0,100k,A_rel,FIXJACK2,2.579e-10,8.000312,2.000,sotto,riferimento rmai_g10t0_dpmaxmax
x10000_dpmaxmax_i,ldr_v4_td6_BB_dpmaxmax,1000,0,g10a0_t0a0,100k,B2,FIXJACK2,1.605e-05,7.520000,,sotto,mute da t_ins+t_grad+20 ms a t_rel
x10000_dpmaxmax_c,ldr_v4_td6_BB_dpmaxmax,1000,0,g10a0_t0a0,100k,A_ins,MAINJACK,0.0002669,8.000333,2.000,SOPRA,riferimento rsempre_g0t0_dpmaxmax
x10000_dpmaxmax_c,ldr_v4_td6_BB_dpmaxmax,1000,0,g10a0_t0a0,100k,A_rel,MAINJACK,2.211e-05,11.323187,2.000,sotto,riferimento rmai_g0t0_dpmaxmax
x10000_dpmaxmax_c,ldr_v4_td6_BB_dpmaxmax,1000,0,g10a0_t0a0,100k,B2,MAINJACK,8.646e-07,8.027208,,sotto,mute da t_ins+t_grad+20 ms a t_rel
x10000_dpmaxmax_c,ldr_v4_td6_BB_dpmaxmax,1000,0,g10a0_t0a0,100k,A_ins,FIXJACK1,2.574e-10,8.000312,2.000,sotto,riferimento rsempre_g0t0_dpmaxmax
x10000_dpmaxmax_c,ldr_v4_td6_BB_dpmaxmax,1000,0,g10a0_t0a0,100k,A_rel,FIXJACK1,2.209e-05,11.323219,2.000,sotto,riferimento rmai_g0t0_dpmaxmax
x10000_dpmaxmax_c,ldr_v4_td6_BB_dpmaxmax,1000,0,g10a0_t0a0,100k,B2,FIXJACK1,7.961e-14,8.025542,,sotto,mute da t_ins+t_grad+20 ms a t_rel
x10000_dpmaxmax_c,ldr_v4_td6_BB_dpmaxmax,1000,0,g10a0_t0a0,100k,A_ins,FIXJACK2,2.574e-10,8.000312,2.000,sotto,riferimento rsempre_g0t0_dpmaxmax
x10000_dpmaxmax_c,ldr_v4_td6_BB_dpmaxmax,1000,0,g10a0_t0a0,100k,A_rel,FIXJACK2,2.209e-05,11.323219,2.000,sotto,riferimento rmai_g0t0_dpmaxmax
x10000_dpmaxmax_c,ldr_v4_td6_BB_dpmaxmax,1000,0,g10a0_t0a0,100k,B2,FIXJACK2,8.221e-14,8.028740,,sotto,mute da t_ins+t_grad+20 ms a t_rel
x1010012_dpmaxmax_i,ldr_v4_td6_BB_dpmaxmax,1000,0,g10a10_t0a12,100k,A_ins,MAINJACK,2.809e-05,2.362406,2.000,sotto,riferimento rsempre_g10t0_dpmaxmax
x1010012_dpmaxmax_i,ldr_v4_td6_BB_dpmaxmax,1000,0,g10a10_t0a12,100k,A_rel,MAINJACK,0.0002348,8.000031,2.000,SOPRA,riferimento rmai_g10t0_dpmaxmax
x1010012_dpmaxmax_i,ldr_v4_td6_BB_dpmaxmax,1000,0,g10a10_t0a12,100k,B2,MAINJACK,2.084e-05,7.520000,,sotto,mute da t_ins+t_grad+20 ms a t_rel
x1010012_dpmaxmax_i,ldr_v4_td6_BB_dpmaxmax,1000,0,g10a10_t0a12,100k,A_ins,FIXJACK1,8.917e-06,2.362437,2.000,sotto,riferimento rsempre_g10t0_dpmaxmax
x1010012_dpmaxmax_i,ldr_v4_td6_BB_dpmaxmax,1000,0,g10a10_t0a12,100k,A_rel,FIXJACK1,1.416e-08,8.000406,2.000,sotto,riferimento rmai_g10t0_dpmaxmax
x1010012_dpmaxmax_i,ldr_v4_td6_BB_dpmaxmax,1000,0,g10a10_t0a12,100k,B2,FIXJACK1,1.605e-05,7.520000,,sotto,mute da t_ins+t_grad+20 ms a t_rel
x1010012_dpmaxmax_i,ldr_v4_td6_BB_dpmaxmax,1000,0,g10a10_t0a12,100k,A_ins,FIXJACK2,8.917e-06,2.362427,2.000,sotto,riferimento rsempre_g10t0_dpmaxmax
x1010012_dpmaxmax_i,ldr_v4_td6_BB_dpmaxmax,1000,0,g10a10_t0a12,100k,A_rel,FIXJACK2,1.415e-08,8.000406,2.000,sotto,riferimento rmai_g10t0_dpmaxmax
x1010012_dpmaxmax_i,ldr_v4_td6_BB_dpmaxmax,1000,0,g10a10_t0a12,100k,B2,FIXJACK2,1.605e-05,7.520000,,sotto,mute da t_ins+t_grad+20 ms a t_rel
x1010012_dpmaxmax_c,ldr_v4_td6_BB_dpmaxmax,1000,0,g10a10_t0a12,100k,A_ins,MAINJACK,0.0002348,8.000031,2.000,SOPRA,riferimento rsempre_g10t12_dpmaxmax
x1010012_dpmaxmax_c,ldr_v4_td6_BB_dpmaxmax,1000,0,g10a10_t0a12,100k,A_rel,MAINJACK,1.762e-05,11.323187,2.000,sotto,riferimento rmai_g10t12_dpmaxmax
x1010012_dpmaxmax_c,ldr_v4_td6_BB_dpmaxmax,1000,0,g10a10_t0a12,100k,B2,MAINJACK,4.745e-07,8.026594,,sotto,mute da t_ins+t_grad+20 ms a t_rel
x1010012_dpmaxmax_c,ldr_v4_td6_BB_dpmaxmax,1000,0,g10a10_t0a12,100k,A_ins,FIXJACK1,1.416e-08,8.000406,2.000,sotto,riferimento rsempre_g10t12_dpmaxmax
x1010012_dpmaxmax_c,ldr_v4_td6_BB_dpmaxmax,1000,0,g10a10_t0a12,100k,A_rel,FIXJACK1,2.209e-05,11.323219,2.000,sotto,riferimento rmai_g10t12_dpmaxmax
x1010012_dpmaxmax_c,ldr_v4_td6_BB_dpmaxmax,1000,0,g10a10_t0a12,100k,B2,FIXJACK1,3.279e-12,8.026875,,sotto,mute da t_ins+t_grad+20 ms a t_rel
x1010012_dpmaxmax_c,ldr_v4_td6_BB_dpmaxmax,1000,0,g10a10_t0a12,100k,A_ins,FIXJACK2,1.415e-08,8.000406,2.000,sotto,riferimento rsempre_g10t12_dpmaxmax
x1010012_dpmaxmax_c,ldr_v4_td6_BB_dpmaxmax,1000,0,g10a10_t0a12,100k,A_rel,FIXJACK2,2.209e-05,11.323219,2.000,sotto,riferimento rmai_g10t12_dpmaxmax
x1010012_dpmaxmax_c,ldr_v4_td6_BB_dpmaxmax,1000,0,g10a10_t0a12,100k,B2,FIXJACK2,3.275e-12,8.027021,,sotto,mute da t_ins+t_grad+20 ms a t_rel
x1010120_dpmaxmax_i,ldr_v4_td6_BB_dpmaxmax,1000,0,g10a10_t12a0,100k,A_ins,MAINJACK,7.105e-06,2.362396,2.000,sotto,riferimento rsempre_g10t12_dpmaxmax
x1010120_dpmaxmax_i,ldr_v4_td6_BB_dpmaxmax,1000,0,g10a10_t12a0,100k,A_rel,MAINJACK,0.00023,8.001031,2.000,SOPRA,riferimento rmai_g10t12_dpmaxmax
x1010120_dpmaxmax_i,ldr_v4_td6_BB_dpmaxmax,1000,0,g10a10_t12a0,100k,B2,MAINJACK,5.271e-06,7.520000,,sotto,mute da t_ins+t_grad+20 ms a t_rel
x1010120_dpmaxmax_i,ldr_v4_td6_BB_dpmaxmax,1000,0,g10a10_t12a0,100k,A_ins,FIXJACK1,8.917e-06,2.362437,2.000,sotto,riferimento rsempre_g10t12_dpmaxmax
x1010120_dpmaxmax_i,ldr_v4_td6_BB_dpmaxmax,1000,0,g10a10_t12a0,100k,A_rel,FIXJACK1,1.171e-07,8.001302,2.000,sotto,riferimento rmai_g10t12_dpmaxmax
x1010120_dpmaxmax_i,ldr_v4_td6_BB_dpmaxmax,1000,0,g10a10_t12a0,100k,B2,FIXJACK1,1.605e-05,7.520000,,sotto,mute da t_ins+t_grad+20 ms a t_rel
x1010120_dpmaxmax_i,ldr_v4_td6_BB_dpmaxmax,1000,0,g10a10_t12a0,100k,A_ins,FIXJACK2,8.917e-06,2.362437,2.000,sotto,riferimento rsempre_g10t12_dpmaxmax
x1010120_dpmaxmax_i,ldr_v4_td6_BB_dpmaxmax,1000,0,g10a10_t12a0,100k,A_rel,FIXJACK2,1.171e-07,8.001302,2.000,sotto,riferimento rmai_g10t12_dpmaxmax
x1010120_dpmaxmax_i,ldr_v4_td6_BB_dpmaxmax,1000,0,g10a10_t12a0,100k,B2,FIXJACK2,1.605e-05,7.520000,,sotto,mute da t_ins+t_grad+20 ms a t_rel
x1010120_dpmaxmax_c,ldr_v4_td6_BB_dpmaxmax,1000,0,g10a10_t12a0,100k,A_ins,MAINJACK,0.00023,8.001031,2.000,SOPRA,riferimento rsempre_g10t0_dpmaxmax
x1010120_dpmaxmax_c,ldr_v4_td6_BB_dpmaxmax,1000,0,g10a10_t12a0,100k,A_rel,MAINJACK,6.966e-05,11.323187,2.000,sotto,riferimento rmai_g10t0_dpmaxmax
x1010120_dpmaxmax_c,ldr_v4_td6_BB_dpmaxmax,1000,0,g10a10_t12a0,100k,B2,MAINJACK,4.514e-07,8.028302,,sotto,mute da t_ins+t_grad+20 ms a t_rel
x1010120_dpmaxmax_c,ldr_v4_td6_BB_dpmaxmax,1000,0,g10a10_t12a0,100k,A_ins,FIXJACK1,1.171e-07,8.001302,2.000,sotto,riferimento rsempre_g10t0_dpmaxmax
x1010120_dpmaxmax_c,ldr_v4_td6_BB_dpmaxmax,1000,0,g10a10_t12a0,100k,A_rel,FIXJACK1,2.209e-05,11.323219,2.000,sotto,riferimento rmai_g10t0_dpmaxmax
x1010120_dpmaxmax_c,ldr_v4_td6_BB_dpmaxmax,1000,0,g10a10_t12a0,100k,B2,FIXJACK1,4.613e-12,8.027979,,sotto,mute da t_ins+t_grad+20 ms a t_rel
x1010120_dpmaxmax_c,ldr_v4_td6_BB_dpmaxmax,1000,0,g10a10_t12a0,100k,A_ins,FIXJACK2,1.171e-07,8.001302,2.000,sotto,riferimento rsempre_g10t0_dpmaxmax
x1010120_dpmaxmax_c,ldr_v4_td6_BB_dpmaxmax,1000,0,g10a10_t12a0,100k,A_rel,FIXJACK2,2.209e-05,11.323219,2.000,sotto,riferimento rmai_g10t0_dpmaxmax
x1010120_dpmaxmax_c,ldr_v4_td6_BB_dpmaxmax,1000,0,g10a10_t12a0,100k,B2,FIXJACK2,4.616e-12,8.027938,,sotto,mute da t_ins+t_grad+20 ms a t_rel
xm_dpmaxmax,ldr_v4_td6_BB_dpmaxmax,1000,0,10,100k,A_ins,MAINJACK,2.809e-05,2.362406,2.000,sotto,riferimento rsempre_g10t0_dpmaxmax
xm_dpmaxmax,ldr_v4_td6_BB_dpmaxmax,1000,0,10,100k,A_rel,MAINJACK,6.956e-05,9.823187,2.000,sotto,riferimento rmai_g10t0_dpmaxmax
xm_dpmaxmax,ldr_v4_td6_BB_dpmaxmax,1000,0,10,100k,B2,MAINJACK,2.084e-05,7.520000,,sotto,mute da t_ins+t_grad+20 ms a t_rel
xm_dpmaxmax,ldr_v4_td6_BB_dpmaxmax,1000,0,10,100k,A_ins,FIXJACK1,8.917e-06,2.362437,2.000,sotto,riferimento rsempre_g10t0_dpmaxmax
xm_dpmaxmax,ldr_v4_td6_BB_dpmaxmax,1000,0,10,100k,A_rel,FIXJACK1,2.205e-05,9.823219,2.000,sotto,riferimento rmai_g10t0_dpmaxmax
xm_dpmaxmax,ldr_v4_td6_BB_dpmaxmax,1000,0,10,100k,B2,FIXJACK1,1.605e-05,7.520000,,sotto,mute da t_ins+t_grad+20 ms a t_rel
xm_dpmaxmax,ldr_v4_td6_BB_dpmaxmax,1000,0,10,100k,A_ins,FIXJACK2,8.917e-06,2.362427,2.000,sotto,riferimento rsempre_g10t0_dpmaxmax
xm_dpmaxmax,ldr_v4_td6_BB_dpmaxmax,1000,0,10,100k,A_rel,FIXJACK2,2.205e-05,9.823219,2.000,sotto,riferimento rmai_g10t0_dpmaxmax
xm_dpmaxmax,ldr_v4_td6_BB_dpmaxmax,1000,0,10,100k,B2,FIXJACK2,1.605e-05,7.520000,,sotto,mute da t_ins+t_grad+20 ms a t_rel
x01000_dpmaxm20_i,ldr_v4_td6_BB_dpmaxm20,1000,0,g0a10_t0a0,100k,A_ins,MAINJACK,8.905e-07,2.362417,2.000,sotto,riferimento rsempre_g0t0_dpmaxm20
x01000_dpmaxm20_i,ldr_v4_td6_BB_dpmaxm20,1000,0,g0a10_t0a0,100k,A_rel,MAINJACK,0.0001407,8.000031,2.000,SOPRA,riferimento rmai_g0t0_dpmaxm20
x01000_dpmaxm20_i,ldr_v4_td6_BB_dpmaxm20,1000,0,g0a10_t0a0,100k,B2,MAINJACK,6.606e-07,7.520000,,sotto,mute da t_ins+t_grad+20 ms a t_rel
x01000_dpmaxm20_i,ldr_v4_td6_BB_dpmaxm20,1000,0,g0a10_t0a0,100k,A_ins,FIXJACK1,8.917e-06,2.362437,2.000,sotto,riferimento rsempre_g0t0_dpmaxm20
x01000_dpmaxm20_i,ldr_v4_td6_BB_dpmaxm20,1000,0,g0a10_t0a0,100k,A_rel,FIXJACK1,1.627e-11,8.000010,2.000,sotto,riferimento rmai_g0t0_dpmaxm20
x01000_dpmaxm20_i,ldr_v4_td6_BB_dpmaxm20,1000,0,g0a10_t0a0,100k,B2,FIXJACK1,1.605e-05,7.520000,,sotto,mute da t_ins+t_grad+20 ms a t_rel
x01000_dpmaxm20_i,ldr_v4_td6_BB_dpmaxm20,1000,0,g0a10_t0a0,100k,A_ins,FIXJACK2,8.917e-06,2.362437,2.000,sotto,riferimento rsempre_g0t0_dpmaxm20
x01000_dpmaxm20_i,ldr_v4_td6_BB_dpmaxm20,1000,0,g0a10_t0a0,100k,A_rel,FIXJACK2,1.521e-11,8.000010,2.000,sotto,riferimento rmai_g0t0_dpmaxm20
x01000_dpmaxm20_i,ldr_v4_td6_BB_dpmaxm20,1000,0,g0a10_t0a0,100k,B2,FIXJACK2,1.605e-05,7.520000,,sotto,mute da t_ins+t_grad+20 ms a t_rel
x01000_dpmaxm20_c,ldr_v4_td6_BB_dpmaxm20,1000,0,g0a10_t0a0,100k,A_ins,MAINJACK,0.0001407,8.000031,2.000,SOPRA,riferimento rsempre_g10t0_dpmaxm20
x01000_dpmaxm20_c,ldr_v4_td6_BB_dpmaxm20,1000,0,g0a10_t0a0,100k,A_rel,MAINJACK,6.96e-06,11.323187,2.000,sotto,riferimento rmai_g10t0_dpmaxm20
x01000_dpmaxm20_c,ldr_v4_td6_BB_dpmaxm20,1000,0,g0a10_t0a0,100k,B2,MAINJACK,4.64e-07,8.027052,,sotto,mute da t_ins+t_grad+20 ms a t_rel
x01000_dpmaxm20_c,ldr_v4_td6_BB_dpmaxm20,1000,0,g0a10_t0a0,100k,A_ins,FIXJACK1,1.721e-11,8.000010,2.000,sotto,riferimento rsempre_g10t0_dpmaxm20
x01000_dpmaxm20_c,ldr_v4_td6_BB_dpmaxm20,1000,0,g0a10_t0a0,100k,A_rel,FIXJACK1,2.209e-05,11.323219,2.000,sotto,riferimento rmai_g10t0_dpmaxm20
x01000_dpmaxm20_c,ldr_v4_td6_BB_dpmaxm20,1000,0,g0a10_t0a0,100k,B2,FIXJACK1,2.196e-14,8.722927,,sotto,mute da t_ins+t_grad+20 ms a t_rel
x01000_dpmaxm20_c,ldr_v4_td6_BB_dpmaxm20,1000,0,g0a10_t0a0,100k,A_ins,FIXJACK2,1.722e-11,8.000010,2.000,sotto,riferimento rsempre_g10t0_dpmaxm20
x01000_dpmaxm20_c,ldr_v4_td6_BB_dpmaxm20,1000,0,g0a10_t0a0,100k,A_rel,FIXJACK2,2.209e-05,11.323219,2.000,sotto,riferimento rmai_g10t0_dpmaxm20
x01000_dpmaxm20_c,ldr_v4_td6_BB_dpmaxm20,1000,0,g0a10_t0a0,100k,B2,FIXJACK2,2.35e-14,9.822833,,sotto,mute da t_ins+t_grad+20 ms a t_rel
x10000_dpmaxm20_i,ldr_v4_td6_BB_dpmaxm20,1000,0,g10a0_t0a0,100k,A_ins,MAINJACK,2.806e-06,2.362406,2.000,sotto,riferimento rsempre_g10t0_dpmaxm20
x10000_dpmaxm20_i,ldr_v4_td6_BB_dpmaxm20,1000,0,g10a0_t0a0,100k,A_rel,MAINJACK,0.0001467,8.000333,2.000,SOPRA,riferimento rmai_g10t0_dpmaxm20
x10000_dpmaxm20_i,ldr_v4_td6_BB_dpmaxm20,1000,0,g10a0_t0a0,100k,B2,MAINJACK,2.082e-06,7.520000,,sotto,mute da t_ins+t_grad+20 ms a t_rel
x10000_dpmaxm20_i,ldr_v4_td6_BB_dpmaxm20,1000,0,g10a0_t0a0,100k,A_ins,FIXJACK1,8.917e-06,2.362437,2.000,sotto,riferimento rsempre_g10t0_dpmaxm20
x10000_dpmaxm20_i,ldr_v4_td6_BB_dpmaxm20,1000,0,g10a0_t0a0,100k,A_rel,FIXJACK1,1.181e-11,8.547385,2.000,sotto,riferimento rmai_g10t0_dpmaxm20
x10000_dpmaxm20_i,ldr_v4_td6_BB_dpmaxm20,1000,0,g10a0_t0a0,100k,B2,FIXJACK1,1.605e-05,7.520000,,sotto,mute da t_ins+t_grad+20 ms a t_rel
x10000_dpmaxm20_i,ldr_v4_td6_BB_dpmaxm20,1000,0,g10a0_t0a0,100k,A_ins,FIXJACK2,8.917e-06,2.362437,2.000,sotto,riferimento rsempre_g10t0_dpmaxm20
x10000_dpmaxm20_i,ldr_v4_td6_BB_dpmaxm20,1000,0,g10a0_t0a0,100k,A_rel,FIXJACK2,1.083e-11,8.778115,2.000,sotto,riferimento rmai_g10t0_dpmaxm20
x10000_dpmaxm20_i,ldr_v4_td6_BB_dpmaxm20,1000,0,g10a0_t0a0,100k,B2,FIXJACK2,1.605e-05,7.520000,,sotto,mute da t_ins+t_grad+20 ms a t_rel
x10000_dpmaxm20_c,ldr_v4_td6_BB_dpmaxm20,1000,0,g10a0_t0a0,100k,A_ins,MAINJACK,0.0001467,8.000333,2.000,SOPRA,riferimento rsempre_g0t0_dpmaxm20
x10000_dpmaxm20_c,ldr_v4_td6_BB_dpmaxm20,1000,0,g10a0_t0a0,100k,A_rel,MAINJACK,2.209e-06,11.323187,2.000,sotto,riferimento rmai_g0t0_dpmaxm20
x10000_dpmaxm20_c,ldr_v4_td6_BB_dpmaxm20,1000,0,g10a0_t0a0,100k,B2,MAINJACK,4.757e-07,8.027208,,sotto,mute da t_ins+t_grad+20 ms a t_rel
x10000_dpmaxm20_c,ldr_v4_td6_BB_dpmaxm20,1000,0,g10a0_t0a0,100k,A_ins,FIXJACK1,2.823e-12,8.000708,2.000,sotto,riferimento rsempre_g0t0_dpmaxm20
x10000_dpmaxm20_c,ldr_v4_td6_BB_dpmaxm20,1000,0,g10a0_t0a0,100k,A_rel,FIXJACK1,2.209e-05,11.323219,2.000,sotto,riferimento rmai_g0t0_dpmaxm20
x10000_dpmaxm20_c,ldr_v4_td6_BB_dpmaxm20,1000,0,g10a0_t0a0,100k,B2,FIXJACK1,2.332e-14,9.806208,,sotto,mute da t_ins+t_grad+20 ms a t_rel
x10000_dpmaxm20_c,ldr_v4_td6_BB_dpmaxm20,1000,0,g10a0_t0a0,100k,A_ins,FIXJACK2,2.815e-12,8.000708,2.000,sotto,riferimento rsempre_g0t0_dpmaxm20
x10000_dpmaxm20_c,ldr_v4_td6_BB_dpmaxm20,1000,0,g10a0_t0a0,100k,A_rel,FIXJACK2,2.209e-05,11.323219,2.000,sotto,riferimento rmai_g0t0_dpmaxm20
x10000_dpmaxm20_c,ldr_v4_td6_BB_dpmaxm20,1000,0,g10a0_t0a0,100k,B2,FIXJACK2,2.175e-14,9.738656,,sotto,mute da t_ins+t_grad+20 ms a t_rel
x1010012_dpmaxm20_i,ldr_v4_td6_BB_dpmaxm20,1000,0,g10a10_t0a12,100k,A_ins,MAINJACK,2.806e-06,2.362406,2.000,sotto,riferimento rsempre_g10t0_dpmaxm20
x1010012_dpmaxm20_i,ldr_v4_td6_BB_dpmaxm20,1000,0,g10a10_t0a12,100k,A_rel,MAINJACK,2.334e-05,8.000031,2.000,sotto,riferimento rmai_g10t0_dpmaxm20
x1010012_dpmaxm20_i,ldr_v4_td6_BB_dpmaxm20,1000,0,g10a10_t0a12,100k,B2,MAINJACK,2.082e-06,7.520000,,sotto,mute da t_ins+t_grad+20 ms a t_rel
x1010012_dpmaxm20_i,ldr_v4_td6_BB_dpmaxm20,1000,0,g10a10_t0a12,100k,A_ins,FIXJACK1,8.917e-06,2.362437,2.000,sotto,riferimento rsempre_g10t0_dpmaxm20
x1010012_dpmaxm20_i,ldr_v4_td6_BB_dpmaxm20,1000,0,g10a10_t0a12,100k,A_rel,FIXJACK1,7.303e-10,8.000406,2.000,sotto,riferimento rmai_g10t0_dpmaxm20
x1010012_dpmaxm20_i,ldr_v4_td6_BB_dpmaxm20,1000,0,g10a10_t0a12,100k,B2,FIXJACK1,1.605e-05,7.520000,,sotto,mute da t_ins+t_grad+20 ms a t_rel
x1010012_dpmaxm20_i,ldr_v4_td6_BB_dpmaxm20,1000,0,g10a10_t0a12,100k,A_ins,FIXJACK2,8.917e-06,2.362437,2.000,sotto,riferimento rsempre_g10t0_dpmaxm20
x1010012_dpmaxm20_i,ldr_v4_td6_BB_dpmaxm20,1000,0,g10a10_t0a12,100k,A_rel,FIXJACK2,7.34e-10,8.000406,2.000,sotto,riferimento rmai_g10t0_dpmaxm20
x1010012_dpmaxm20_i,ldr_v4_td6_BB_dpmaxm20,1000,0,g10a10_t0a12,100k,B2,FIXJACK2,1.605e-05,7.520000,,sotto,mute da t_ins+t_grad+20 ms a t_rel
x1010012_dpmaxm20_c,ldr_v4_td6_BB_dpmaxm20,1000,0,g10a10_t0a12,100k,A_ins,MAINJACK,2.334e-05,8.000031,2.000,sotto,riferimento rsempre_g10t12_dpmaxm20
x1010012_dpmaxm20_c,ldr_v4_td6_BB_dpmaxm20,1000,0,g10a10_t0a12,100k,A_rel,MAINJACK,1.761e-06,11.323177,2.000,sotto,riferimento rmai_g10t12_dpmaxm20
x1010012_dpmaxm20_c,ldr_v4_td6_BB_dpmaxm20,1000,0,g10a10_t0a12,100k,B2,MAINJACK,4.675e-08,8.026594,,sotto,mute da t_ins+t_grad+20 ms a t_rel
x1010012_dpmaxm20_c,ldr_v4_td6_BB_dpmaxm20,1000,0,g10a10_t0a12,100k,A_ins,FIXJACK1,7.321e-10,8.000406,2.000,sotto,riferimento rsempre_g10t12_dpmaxm20
x1010012_dpmaxm20_c,ldr_v4_td6_BB_dpmaxm20,1000,0,g10a10_t0a12,100k,A_rel,FIXJACK1,2.209e-05,11.323219,2.000,sotto,riferimento rmai_g10t12_dpmaxm20
x1010012_dpmaxm20_c,ldr_v4_td6_BB_dpmaxm20,1000,0,g10a10_t0a12,100k,B2,FIXJACK1,6.423e-14,8.020885,,sotto,mute da t_ins+t_grad+20 ms a t_rel
x1010012_dpmaxm20_c,ldr_v4_td6_BB_dpmaxm20,1000,0,g10a10_t0a12,100k,A_ins,FIXJACK2,7.32e-10,8.000406,2.000,sotto,riferimento rsempre_g10t12_dpmaxm20
x1010012_dpmaxm20_c,ldr_v4_td6_BB_dpmaxm20,1000,0,g10a10_t0a12,100k,A_rel,FIXJACK2,2.209e-05,11.323219,2.000,sotto,riferimento rmai_g10t12_dpmaxm20
x1010012_dpmaxm20_c,ldr_v4_td6_BB_dpmaxm20,1000,0,g10a10_t0a12,100k,B2,FIXJACK2,6.355e-14,8.025073,,sotto,mute da t_ins+t_grad+20 ms a t_rel
x1010120_dpmaxm20_i,ldr_v4_td6_BB_dpmaxm20,1000,0,g10a10_t12a0,100k,A_ins,MAINJACK,7.101e-07,2.362396,2.000,sotto,riferimento rsempre_g10t12_dpmaxm20
x1010120_dpmaxm20_i,ldr_v4_td6_BB_dpmaxm20,1000,0,g10a10_t12a0,100k,A_rel,MAINJACK,2.285e-05,8.001031,2.000,sotto,riferimento rmai_g10t12_dpmaxm20
x1010120_dpmaxm20_i,ldr_v4_td6_BB_dpmaxm20,1000,0,g10a10_t12a0,100k,B2,MAINJACK,5.267e-07,7.520000,,sotto,mute da t_ins+t_grad+20 ms a t_rel
x1010120_dpmaxm20_i,ldr_v4_td6_BB_dpmaxm20,1000,0,g10a10_t12a0,100k,A_ins,FIXJACK1,8.917e-06,2.362437,2.000,sotto,riferimento rsempre_g10t12_dpmaxm20
x1010120_dpmaxm20_i,ldr_v4_td6_BB_dpmaxm20,1000,0,g10a10_t12a0,100k,A_rel,FIXJACK1,2.15e-07,8.001010,2.000,sotto,riferimento rmai_g10t12_dpmaxm20
x1010120_dpmaxm20_i,ldr_v4_td6_BB_dpmaxm20,1000,0,g10a10_t12a0,100k,B2,FIXJACK1,1.605e-05,7.520000,,sotto,mute da t_ins+t_grad+20 ms a t_rel
x1010120_dpmaxm20_i,ldr_v4_td6_BB_dpmaxm20,1000,0,g10a10_t12a0,100k,A_ins,FIXJACK2,8.917e-06,2.362437,2.000,sotto,riferimento rsempre_g10t12_dpmaxm20
x1010120_dpmaxm20_i,ldr_v4_td6_BB_dpmaxm20,1000,0,g10a10_t12a0,100k,A_rel,FIXJACK2,2.15e-07,8.001010,2.000,sotto,riferimento rmai_g10t12_dpmaxm20
x1010120_dpmaxm20_i,ldr_v4_td6_BB_dpmaxm20,1000,0,g10a10_t12a0,100k,B2,FIXJACK2,1.605e-05,7.520000,,sotto,mute da t_ins+t_grad+20 ms a t_rel
x1010120_dpmaxm20_c,ldr_v4_td6_BB_dpmaxm20,1000,0,g10a10_t12a0,100k,A_ins,MAINJACK,2.285e-05,8.001031,2.000,sotto,riferimento rsempre_g10t0_dpmaxm20
x1010120_dpmaxm20_c,ldr_v4_td6_BB_dpmaxm20,1000,0,g10a10_t12a0,100k,A_rel,MAINJACK,6.96e-06,11.323177,2.000,sotto,riferimento rmai_g10t0_dpmaxm20
x1010120_dpmaxm20_c,ldr_v4_td6_BB_dpmaxm20,1000,0,g10a10_t12a0,100k,B2,MAINJACK,4.491e-08,8.028302,,sotto,mute da t_ins+t_grad+20 ms a t_rel
x1010120_dpmaxm20_c,ldr_v4_td6_BB_dpmaxm20,1000,0,g10a10_t12a0,100k,A_ins,FIXJACK1,2.15e-07,8.001010,2.000,sotto,riferimento rsempre_g10t0_dpmaxm20
x1010120_dpmaxm20_c,ldr_v4_td6_BB_dpmaxm20,1000,0,g10a10_t12a0,100k,A_rel,FIXJACK1,2.209e-05,11.323219,2.000,sotto,riferimento rmai_g10t0_dpmaxm20
x1010120_dpmaxm20_c,ldr_v4_td6_BB_dpmaxm20,1000,0,g10a10_t12a0,100k,B2,FIXJACK1,4.655e-11,8.027531,,sotto,mute da t_ins+t_grad+20 ms a t_rel
x1010120_dpmaxm20_c,ldr_v4_td6_BB_dpmaxm20,1000,0,g10a10_t12a0,100k,A_ins,FIXJACK2,2.151e-07,8.001010,2.000,sotto,riferimento rsempre_g10t0_dpmaxm20
x1010120_dpmaxm20_c,ldr_v4_td6_BB_dpmaxm20,1000,0,g10a10_t12a0,100k,A_rel,FIXJACK2,2.209e-05,11.323219,2.000,sotto,riferimento rmai_g10t0_dpmaxm20
x1010120_dpmaxm20_c,ldr_v4_td6_BB_dpmaxm20,1000,0,g10a10_t12a0,100k,B2,FIXJACK2,4.656e-11,8.027552,,sotto,mute da t_ins+t_grad+20 ms a t_rel
xm_dpmaxm20,ldr_v4_td6_BB_dpmaxm20,1000,0,10,100k,A_ins,MAINJACK,2.806e-06,2.362406,2.000,sotto,riferimento rsempre_g10t0_dpmaxm20
xm_dpmaxm20,ldr_v4_td6_BB_dpmaxm20,1000,0,10,100k,A_rel,MAINJACK,6.95e-06,9.823187,2.000,sotto,riferimento rmai_g10t0_dpmaxm20
xm_dpmaxm20,ldr_v4_td6_BB_dpmaxm20,1000,0,10,100k,B2,MAINJACK,2.082e-06,7.520000,,sotto,mute da t_ins+t_grad+20 ms a t_rel
xm_dpmaxm20,ldr_v4_td6_BB_dpmaxm20,1000,0,10,100k,A_ins,FIXJACK1,8.917e-06,2.362437,2.000,sotto,riferimento rsempre_g10t0_dpmaxm20
xm_dpmaxm20,ldr_v4_td6_BB_dpmaxm20,1000,0,10,100k,A_rel,FIXJACK1,2.205e-05,9.823219,2.000,sotto,riferimento rmai_g10t0_dpmaxm20
xm_dpmaxm20,ldr_v4_td6_BB_dpmaxm20,1000,0,10,100k,B2,FIXJACK1,1.605e-05,7.520000,,sotto,mute da t_ins+t_grad+20 ms a t_rel
xm_dpmaxm20,ldr_v4_td6_BB_dpmaxm20,1000,0,10,100k,A_ins,FIXJACK2,8.917e-06,2.362437,2.000,sotto,riferimento rsempre_g10t0_dpmaxm20
xm_dpmaxm20,ldr_v4_td6_BB_dpmaxm20,1000,0,10,100k,A_rel,FIXJACK2,2.205e-05,9.823219,2.000,sotto,riferimento rmai_g10t0_dpmaxm20
xm_dpmaxm20,ldr_v4_td6_BB_dpmaxm20,1000,0,10,100k,B2,FIXJACK2,1.605e-05,7.520000,,sotto,mute da t_ins+t_grad+20 ms a t_rel
rsempre_g10t0_dnamax,rif_dnamax,1000,0,10,100k,B1,MAINJACK,8.076e-14,7.911708,,sotto,"riferimento sempre in mute, da 0,5 s"
rsempre_g10t0_dnamax,rif_dnamax,1000,0,10,100k,B1,FIXJACK1,2.364e-14,1.525083,,sotto,"riferimento sempre in mute, da 0,5 s"
rsempre_g10t0_dnamax,rif_dnamax,1000,0,10,100k,B1,FIXJACK2,2.429e-14,14.781042,,sotto,"riferimento sempre in mute, da 0,5 s"
rsempre_g0t0_dnamax,rif_dnamax,1000,0,0,100k,B1,MAINJACK,2.349e-14,10.736313,,sotto,"riferimento sempre in mute, da 0,5 s"
rsempre_g0t0_dnamax,rif_dnamax,1000,0,0,100k,B1,FIXJACK1,2.699e-14,5.294010,,sotto,"riferimento sempre in mute, da 0,5 s"
rsempre_g0t0_dnamax,rif_dnamax,1000,0,0,100k,B1,FIXJACK2,2.251e-14,11.100656,,sotto,"riferimento sempre in mute, da 0,5 s"
rsempre_g10t12_dnamax,rif_dnamax,1000,0,10,100k,B1,MAINJACK,5.451e-14,16.111281,,sotto,"riferimento sempre in mute, da 0,5 s"
rsempre_g10t12_dnamax,rif_dnamax,1000,0,10,100k,B1,FIXJACK1,2.564e-14,11.497010,,sotto,"riferimento sempre in mute, da 0,5 s"
rsempre_g10t12_dnamax,rif_dnamax,1000,0,10,100k,B1,FIXJACK2,2.489e-14,11.563760,,sotto,"riferimento sempre in mute, da 0,5 s"
rsempre_g10t0_dnam20,rif_dnam20,1000,0,10,100k,B1,MAINJACK,5.152e-14,16.677187,,sotto,"riferimento sempre in mute, da 0,5 s"
rsempre_g10t0_dnam20,rif_dnam20,1000,0,10,100k,B1,FIXJACK1,2.486e-14,17.339760,,sotto,"riferimento sempre in mute, da 0,5 s"
rsempre_g10t0_dnam20,rif_dnam20,1000,0,10,100k,B1,FIXJACK2,2.483e-14,16.597490,,sotto,"riferimento sempre in mute, da 0,5 s"
rsempre_g0t0_dnam20,rif_dnam20,1000,0,0,100k,B1,MAINJACK,1.75e-14,11.796875,,sotto,"riferimento sempre in mute, da 0,5 s"
rsempre_g0t0_dnam20,rif_dnam20,1000,0,0,100k,B1,FIXJACK1,2.411e-14,8.158198,,sotto,"riferimento sempre in mute, da 0,5 s"
rsempre_g0t0_dnam20,rif_dnam20,1000,0,0,100k,B1,FIXJACK2,2.402e-14,17.080594,,sotto,"riferimento sempre in mute, da 0,5 s"
rsempre_g10t12_dnam20,rif_dnam20,1000,0,10,100k,B1,MAINJACK,5.142e-14,17.186573,,sotto,"riferimento sempre in mute, da 0,5 s"
rsempre_g10t12_dnam20,rif_dnam20,1000,0,10,100k,B1,FIXJACK1,2.47e-14,9.470729,,sotto,"riferimento sempre in mute, da 0,5 s"
rsempre_g10t12_dnam20,rif_dnam20,1000,0,10,100k,B1,FIXJACK2,2.399e-14,5.947729,,sotto,"riferimento sempre in mute, da 0,5 s"
rsempre_g10t0_dnminmax,rif_dnminmax,1000,0,10,100k,B1,MAINJACK,7.65e-14,13.114448,,sotto,"riferimento sempre in mute, da 0,5 s"
rsempre_g10t0_dnminmax,rif_dnminmax,1000,0,10,100k,B1,FIXJACK1,2.517e-14,3.933583,,sotto,"riferimento sempre in mute, da 0,5 s"
rsempre_g10t0_dnminmax,rif_dnminmax,1000,0,10,100k,B1,FIXJACK2,2.345e-14,15.271781,,sotto,"riferimento sempre in mute, da 0,5 s"
rsempre_g0t0_dnminmax,rif_dnminmax,1000,0,0,100k,B1,MAINJACK,2.54e-14,0.500552,,sotto,"riferimento sempre in mute, da 0,5 s"
rsempre_g0t0_dnminmax,rif_dnminmax,1000,0,0,100k,B1,FIXJACK1,2.515e-14,4.070312,,sotto,"riferimento sempre in mute, da 0,5 s"
rsempre_g0t0_dnminmax,rif_dnminmax,1000,0,0,100k,B1,FIXJACK2,2.534e-14,3.684063,,sotto,"riferimento sempre in mute, da 0,5 s"
rsempre_g10t12_dnminmax,rif_dnminmax,1000,0,10,100k,B1,MAINJACK,5.413e-14,11.637792,,sotto,"riferimento sempre in mute, da 0,5 s"
rsempre_g10t12_dnminmax,rif_dnminmax,1000,0,10,100k,B1,FIXJACK1,2.719e-14,15.449104,,sotto,"riferimento sempre in mute, da 0,5 s"
rsempre_g10t12_dnminmax,rif_dnminmax,1000,0,10,100k,B1,FIXJACK2,2.508e-14,3.772167,,sotto,"riferimento sempre in mute, da 0,5 s"
rsempre_g10t0_dnminm20,rif_dnminm20,1000,0,10,100k,B1,MAINJACK,5.307e-14,12.402021,,sotto,"riferimento sempre in mute, da 0,5 s"
rsempre_g10t0_dnminm20,rif_dnminm20,1000,0,10,100k,B1,FIXJACK1,2.518e-14,17.442156,,sotto,"riferimento sempre in mute, da 0,5 s"
rsempre_g10t0_dnminm20,rif_dnminm20,1000,0,10,100k,B1,FIXJACK2,2.373e-14,6.471375,,sotto,"riferimento sempre in mute, da 0,5 s"
rsempre_g0t0_dnminm20,rif_dnminm20,1000,0,0,100k,B1,MAINJACK,1.681e-14,10.983281,,sotto,"riferimento sempre in mute, da 0,5 s"
rsempre_g0t0_dnminm20,rif_dnminm20,1000,0,0,100k,B1,FIXJACK1,2.608e-14,12.709271,,sotto,"riferimento sempre in mute, da 0,5 s"
rsempre_g0t0_dnminm20,rif_dnminm20,1000,0,0,100k,B1,FIXJACK2,2.544e-14,10.196438,,sotto,"riferimento sempre in mute, da 0,5 s"
rsempre_g10t12_dnminm20,rif_dnminm20,1000,0,10,100k,B1,MAINJACK,5.234e-14,10.629604,,sotto,"riferimento sempre in mute, da 0,5 s"
rsempre_g10t12_dnminm20,rif_dnminm20,1000,0,10,100k,B1,FIXJACK1,2.369e-14,1.673969,,sotto,"riferimento sempre in mute, da 0,5 s"
rsempre_g10t12_dnminm20,rif_dnminm20,1000,0,10,100k,B1,FIXJACK2,2.328e-14,8.457635,,sotto,"riferimento sempre in mute, da 0,5 s"
rsempre_g10t0_dnmaxmax,rif_dnmaxmax,1000,0,10,100k,B1,MAINJACK,8.341e-14,1.000063,,sotto,"riferimento sempre in mute, da 0,5 s"
rsempre_g10t0_dnmaxmax,rif_dnmaxmax,1000,0,10,100k,B1,FIXJACK1,2.477e-14,10.649885,,sotto,"riferimento sempre in mute, da 0,5 s"
rsempre_g10t0_dnmaxmax,rif_dnmaxmax,1000,0,10,100k,B1,FIXJACK2,2.516e-14,12.826531,,sotto,"riferimento sempre in mute, da 0,5 s"
rsempre_g0t0_dnmaxmax,rif_dnmaxmax,1000,0,0,100k,B1,MAINJACK,2.566e-14,17.517344,,sotto,"riferimento sempre in mute, da 0,5 s"
rsempre_g0t0_dnmaxmax,rif_dnmaxmax,1000,0,0,100k,B1,FIXJACK1,2.465e-14,5.950500,,sotto,"riferimento sempre in mute, da 0,5 s"
rsempre_g0t0_dnmaxmax,rif_dnmaxmax,1000,0,0,100k,B1,FIXJACK2,2.505e-14,1.902354,,sotto,"riferimento sempre in mute, da 0,5 s"
rsempre_g10t12_dnmaxmax,rif_dnmaxmax,1000,0,10,100k,B1,MAINJACK,5.302e-14,14.763448,,sotto,"riferimento sempre in mute, da 0,5 s"
rsempre_g10t12_dnmaxmax,rif_dnmaxmax,1000,0,10,100k,B1,FIXJACK1,2.392e-14,17.307104,,sotto,"riferimento sempre in mute, da 0,5 s"
rsempre_g10t12_dnmaxmax,rif_dnmaxmax,1000,0,10,100k,B1,FIXJACK2,2.43e-14,8.644479,,sotto,"riferimento sempre in mute, da 0,5 s"
rsempre_g10t0_dnmaxm20,rif_dnmaxm20,1000,0,10,100k,B1,MAINJACK,5.495e-14,6.820906,,sotto,"riferimento sempre in mute, da 0,5 s"
rsempre_g10t0_dnmaxm20,rif_dnmaxm20,1000,0,10,100k,B1,FIXJACK1,2.545e-14,10.114021,,sotto,"riferimento sempre in mute, da 0,5 s"
rsempre_g10t0_dnmaxm20,rif_dnmaxm20,1000,0,10,100k,B1,FIXJACK2,2.414e-14,6.367208,,sotto,"riferimento sempre in mute, da 0,5 s"
rsempre_g0t0_dnmaxm20,rif_dnmaxm20,1000,0,0,100k,B1,MAINJACK,1.683e-14,9.869958,,sotto,"riferimento sempre in mute, da 0,5 s"
rsempre_g0t0_dnmaxm20,rif_dnmaxm20,1000,0,0,100k,B1,FIXJACK1,2.477e-14,13.795031,,sotto,"riferimento sempre in mute, da 0,5 s"
rsempre_g0t0_dnmaxm20,rif_dnmaxm20,1000,0,0,100k,B1,FIXJACK2,2.527e-14,11.817063,,sotto,"riferimento sempre in mute, da 0,5 s"
rsempre_g10t12_dnmaxm20,rif_dnmaxm20,1000,0,10,100k,B1,MAINJACK,5.299e-14,12.819667,,sotto,"riferimento sempre in mute, da 0,5 s"
rsempre_g10t12_dnmaxm20,rif_dnmaxm20,1000,0,10,100k,B1,FIXJACK1,2.527e-14,14.828583,,sotto,"riferimento sempre in mute, da 0,5 s"
rsempre_g10t12_dnmaxm20,rif_dnmaxm20,1000,0,10,100k,B1,FIXJACK2,2.337e-14,10.318635,,sotto,"riferimento sempre in mute, da 0,5 s"
rsempre_g10t0_dpamax,rif_dpamax,1000,0,10,100k,B1,MAINJACK,7.423e-14,1.090927,,sotto,"riferimento sempre in mute, da 0,5 s"
rsempre_g10t0_dpamax,rif_dpamax,1000,0,10,100k,B1,FIXJACK1,2.416e-14,2.287354,,sotto,"riferimento sempre in mute, da 0,5 s"
rsempre_g10t0_dpamax,rif_dpamax,1000,0,10,100k,B1,FIXJACK2,2.54e-14,17.002583,,sotto,"riferimento sempre in mute, da 0,5 s"
rsempre_g0t0_dpamax,rif_dpamax,1000,0,0,100k,B1,MAINJACK,2.499e-14,9.762927,,sotto,"riferimento sempre in mute, da 0,5 s"
rsempre_g0t0_dpamax,rif_dpamax,1000,0,0,100k,B1,FIXJACK1,2.466e-14,13.284406,,sotto,"riferimento sempre in mute, da 0,5 s"
rsempre_g0t0_dpamax,rif_dpamax,1000,0,0,100k,B1,FIXJACK2,2.363e-14,10.005802,,sotto,"riferimento sempre in mute, da 0,5 s"
rsempre_g10t12_dpamax,rif_dpamax,1000,0,10,100k,B1,MAINJACK,6.141e-14,15.696490,,sotto,"riferimento sempre in mute, da 0,5 s"
rsempre_g10t12_dpamax,rif_dpamax,1000,0,10,100k,B1,FIXJACK1,2.486e-14,9.930010,,sotto,"riferimento sempre in mute, da 0,5 s"
rsempre_g10t12_dpamax,rif_dpamax,1000,0,10,100k,B1,FIXJACK2,2.375e-14,1.073271,,sotto,"riferimento sempre in mute, da 0,5 s"
rsempre_g10t0_dpam20,rif_dpam20,1000,0,10,100k,B1,MAINJACK,5.053e-14,14.557469,,sotto,"riferimento sempre in mute, da 0,5 s"
rsempre_g10t0_dpam20,rif_dpam20,1000,0,10,100k,B1,FIXJACK1,2.606e-14,18.966094,,sotto,"riferimento sempre in mute, da 0,5 s"
rsempre_g10t0_dpam20,rif_dpam20,1000,0,10,100k,B1,FIXJACK2,2.446e-14,3.989260,,sotto,"riferimento sempre in mute, da 0,5 s"
rsempre_g0t0_dpam20,rif_dpam20,1000,0,0,100k,B1,MAINJACK,1.684e-14,4.238344,,sotto,"riferimento sempre in mute, da 0,5 s"
rsempre_g0t0_dpam20,rif_dpam20,1000,0,0,100k,B1,FIXJACK1,2.548e-14,6.902885,,sotto,"riferimento sempre in mute, da 0,5 s"
rsempre_g0t0_dpam20,rif_dpam20,1000,0,0,100k,B1,FIXJACK2,2.453e-14,5.673938,,sotto,"riferimento sempre in mute, da 0,5 s"
rsempre_g10t12_dpam20,rif_dpam20,1000,0,10,100k,B1,MAINJACK,5.474e-14,6.548292,,sotto,"riferimento sempre in mute, da 0,5 s"
rsempre_g10t12_dpam20,rif_dpam20,1000,0,10,100k,B1,FIXJACK1,2.466e-14,1.047833,,sotto,"riferimento sempre in mute, da 0,5 s"
rsempre_g10t12_dpam20,rif_dpam20,1000,0,10,100k,B1,FIXJACK2,2.496e-14,12.217010,,sotto,"riferimento sempre in mute, da 0,5 s"
rsempre_g10t0_dpminmax,rif_dpminmax,1000,0,10,100k,B1,MAINJACK,7.82e-14,4.088708,,sotto,"riferimento sempre in mute, da 0,5 s"
rsempre_g10t0_dpminmax,rif_dpminmax,1000,0,10,100k,B1,FIXJACK1,2.726e-14,7.968063,,sotto,"riferimento sempre in mute, da 0,5 s"
rsempre_g10t0_dpminmax,rif_dpminmax,1000,0,10,100k,B1,FIXJACK2,2.421e-14,12.941062,,sotto,"riferimento sempre in mute, da 0,5 s"
rsempre_g0t0_dpminmax,rif_dpminmax,1000,0,0,100k,B1,MAINJACK,2.437e-14,12.064865,,sotto,"riferimento sempre in mute, da 0,5 s"
rsempre_g0t0_dpminmax,rif_dpminmax,1000,0,0,100k,B1,FIXJACK1,2.486e-14,16.337094,,sotto,"riferimento sempre in mute, da 0,5 s"
rsempre_g0t0_dpminmax,rif_dpminmax,1000,0,0,100k,B1,FIXJACK2,2.442e-14,8.647802,,sotto,"riferimento sempre in mute, da 0,5 s"
rsempre_g10t12_dpminmax,rif_dpminmax,1000,0,10,100k,B1,MAINJACK,5.197e-14,15.926229,,sotto,"riferimento sempre in mute, da 0,5 s"
rsempre_g10t12_dpminmax,rif_dpminmax,1000,0,10,100k,B1,FIXJACK1,2.441e-14,16.676094,,sotto,"riferimento sempre in mute, da 0,5 s"
rsempre_g10t12_dpminmax,rif_dpminmax,1000,0,10,100k,B1,FIXJACK2,2.644e-14,7.303073,,sotto,"riferimento sempre in mute, da 0,5 s"
rsempre_g10t0_dpminm20,rif_dpminm20,1000,0,10,100k,B1,MAINJACK,5.493e-14,17.152188,,sotto,"riferimento sempre in mute, da 0,5 s"
rsempre_g10t0_dpminm20,rif_dpminm20,1000,0,10,100k,B1,FIXJACK1,2.681e-14,15.105729,,sotto,"riferimento sempre in mute, da 0,5 s"
rsempre_g10t0_dpminm20,rif_dpminm20,1000,0,10,100k,B1,FIXJACK2,2.312e-14,18.306875,,sotto,"riferimento sempre in mute, da 0,5 s"
rsempre_g0t0_dpminm20,rif_dpminm20,1000,0,0,100k,B1,MAINJACK,1.655e-14,4.882104,,sotto,"riferimento sempre in mute, da 0,5 s"
rsempre_g0t0_dpminm20,rif_dpminm20,1000,0,0,100k,B1,FIXJACK1,2.538e-14,16.613948,,sotto,"riferimento sempre in mute, da 0,5 s"
rsempre_g0t0_dpminm20,rif_dpminm20,1000,0,0,100k,B1,FIXJACK2,2.442e-14,14.439052,,sotto,"riferimento sempre in mute, da 0,5 s"
rsempre_g10t12_dpminm20,rif_dpminm20,1000,0,10,100k,B1,MAINJACK,5.152e-14,8.699865,,sotto,"riferimento sempre in mute, da 0,5 s"
rsempre_g10t12_dpminm20,rif_dpminm20,1000,0,10,100k,B1,FIXJACK1,2.541e-14,16.452260,,sotto,"riferimento sempre in mute, da 0,5 s"
rsempre_g10t12_dpminm20,rif_dpminm20,1000,0,10,100k,B1,FIXJACK2,2.732e-14,15.817552,,sotto,"riferimento sempre in mute, da 0,5 s"
rsempre_g10t0_dpmaxmax,rif_dpmaxmax,1000,0,10,100k,B1,MAINJACK,7.684e-14,16.918719,,sotto,"riferimento sempre in mute, da 0,5 s"
rsempre_g10t0_dpmaxmax,rif_dpmaxmax,1000,0,10,100k,B1,FIXJACK1,2.44e-14,9.344094,,sotto,"riferimento sempre in mute, da 0,5 s"
rsempre_g10t0_dpmaxmax,rif_dpmaxmax,1000,0,10,100k,B1,FIXJACK2,2.651e-14,10.484542,,sotto,"riferimento sempre in mute, da 0,5 s"
rsempre_g0t0_dpmaxmax,rif_dpmaxmax,1000,0,0,100k,B1,MAINJACK,2.534e-14,1.877031,,sotto,"riferimento sempre in mute, da 0,5 s"
rsempre_g0t0_dpmaxmax,rif_dpmaxmax,1000,0,0,100k,B1,FIXJACK1,2.681e-14,3.632427,,sotto,"riferimento sempre in mute, da 0,5 s"
rsempre_g0t0_dpmaxmax,rif_dpmaxmax,1000,0,0,100k,B1,FIXJACK2,2.441e-14,8.137865,,sotto,"riferimento sempre in mute, da 0,5 s"
rsempre_g10t12_dpmaxmax,rif_dpmaxmax,1000,0,10,100k,B1,MAINJACK,5.717e-14,16.119927,,sotto,"riferimento sempre in mute, da 0,5 s"
rsempre_g10t12_dpmaxmax,rif_dpmaxmax,1000,0,10,100k,B1,FIXJACK1,2.402e-14,4.332125,,sotto,"riferimento sempre in mute, da 0,5 s"
rsempre_g10t12_dpmaxmax,rif_dpmaxmax,1000,0,10,100k,B1,FIXJACK2,2.53e-14,6.786083,,sotto,"riferimento sempre in mute, da 0,5 s"
rsempre_g10t0_dpmaxm20,rif_dpmaxm20,1000,0,10,100k,B1,MAINJACK,5.323e-14,10.782115,,sotto,"riferimento sempre in mute, da 0,5 s"
rsempre_g10t0_dpmaxm20,rif_dpmaxm20,1000,0,10,100k,B1,FIXJACK1,2.568e-14,11.998323,,sotto,"riferimento sempre in mute, da 0,5 s"
rsempre_g10t0_dpmaxm20,rif_dpmaxm20,1000,0,10,100k,B1,FIXJACK2,2.661e-14,13.537167,,sotto,"riferimento sempre in mute, da 0,5 s"
rsempre_g0t0_dpmaxm20,rif_dpmaxm20,1000,0,0,100k,B1,MAINJACK,1.723e-14,7.424073,,sotto,"riferimento sempre in mute, da 0,5 s"
rsempre_g0t0_dpmaxm20,rif_dpmaxm20,1000,0,0,100k,B1,FIXJACK1,2.379e-14,12.599750,,sotto,"riferimento sempre in mute, da 0,5 s"
rsempre_g0t0_dpmaxm20,rif_dpmaxm20,1000,0,0,100k,B1,FIXJACK2,2.482e-14,1.673552,,sotto,"riferimento sempre in mute, da 0,5 s"
rsempre_g10t12_dpmaxm20,rif_dpmaxm20,1000,0,10,100k,B1,MAINJACK,5.208e-14,17.750500,,sotto,"riferimento sempre in mute, da 0,5 s"
rsempre_g10t12_dpmaxm20,rif_dpmaxm20,1000,0,10,100k,B1,FIXJACK1,2.474e-14,7.477510,,sotto,"riferimento sempre in mute, da 0,5 s"
rsempre_g10t12_dpmaxm20,rif_dpmaxm20,1000,0,10,100k,B1,FIXJACK2,2.684e-14,0.807583,,sotto,"riferimento sempre in mute, da 0,5 s"
