
Note: No compatibility mode selected!

warning, model type mismatch in line
    q121a nmiri nmiri nme1 ls350
warning, model type mismatch in line
    q121b nhi nmiri nme2 ls350
warning, model type mismatch in line
    q121a nmiri nmiri nme1 ls350
warning, model type mismatch in line
    q121b nhi nmiri nme2 ls350

Circuit: tb_l48b_scatti - l48b variante 1: il gradino al jack a uno scatto del volume o del trim

Warning: Model issue on line 122 :
  .model lsk489a njf(beta=2.2m betatce=-.5 rd=11 rs=30 lambda=4.3m vto=-1. ...
unrecognized parameter (isr) - ignored
unrecognized parameter (alpha) - ignored
unrecognized parameter (vk) - ignored
unrecognized parameter (mj) - ignored

Doing analysis at TEMP = 27.000000 and TNOM = 27.000000

Using SPARSE 1.3 as Direct Linear Solver

Initial Transient Solution
--------------------------

Node                                   Voltage
----                                   -------
vplus                                       15
vminus                                     -15
vsn                                          0
jin                                          0
sel                                4.87995e-09
selk                               4.87995e-09
ain                                2.30749e-05
xa.nref                               -13.6718
xa.ncasc                               9.86857
xa.nx                                  1.01869
xa.nhi                                 13.5712
aout                               -0.00660001
afb                                -0.00659999
xa.vpf                                 14.8482
xa.nrefm                              -14.3359
xa.d1n                                 9.18095
xa.g1                              2.30749e-05
xa.s1                                0.0672412
xa.d2n                                 9.18118
xa.g2                              -0.00659999
xa.s2                                0.0653526
xa.src                               -0.158975
xa.nte                                -14.3772
xa.nmiri                               13.6537
xa.nme1                                14.3604
xa.nme2                                14.3593
xa.nve                                 14.2437
xa.ny                                 -1.00246
xa.nvle                                -14.401
xa.nbb                               -0.274858
xa.nbn                                 1.01669
xa.nen                                0.448688
xa.nbp                                -1.00157
xa.nep                               -0.461984
arg                                -0.00659996
arg10                              -0.00659998
aoc                                    -0.0066
tap6                               -0.00345449
tap12                              -0.00172724
atop                               -0.00659994
nt1r                                         1
t2c                                -0.00345449
nt1s                                         0
nt2r                                         1
nt2s                                         0
att                                -0.00659994
t1                                 -0.00659994
t2                                 -0.00524251
wip                                -0.00659994
nw1                                          1
nw2                                          0
bin                                 8.6629e-09
xb.nref                               -13.6718
xb.ncasc                               9.86857
xb.nx                                  1.01872
xb.nhi                                 13.5712
bout                               -0.00662317
bfb                                -0.00662315
xb.vpf                                 14.8482
xb.nrefm                              -14.3359
xb.d1n                                 9.18095
xb.g1                              8.66442e-09
xb.s1                                0.0672181
xb.d2n                                 9.18118
xb.g2                              -0.00662315
xb.s2                                0.0653295
xb.src                               -0.158998
xb.nte                                -14.3772
xb.nmiri                               13.6537
xb.nme1                                14.3604
xb.nme2                                14.3593
xb.nve                                 14.2437
xb.ny                                 -1.00243
xb.nvle                                -14.401
xb.nbb                                -0.27483
xb.nbn                                 1.01672
xb.nen                                0.448713
xb.nbp                                -1.00154
xb.nep                               -0.461959
brg                                -0.00662312
brg10                              -0.00662314
bouta                              -0.00662317
jack                                         0
vw2#branch                                   0
vw1#branch                                   0
vt2s#branch                                  0
vt2r#branch                                  0
vt1s#branch                                  0
vt1r#branch                                  0
vosa#branch                       -1.03829e-14
vsrc#branch                                  0
vmm#branch                           0.0754488
vpp#branch                          -0.0734029


No. of Data Rows : 24044
vam                 =  -6.60001e-03
jb                  =  8.78223e-11
jmax                =  1.40112e-03 at=  2.10017e-02
jmin                =  8.30298e-11 at=  1.99464e-02
Doing analysis at TEMP = 27.000000 and TNOM = 27.000000

Using SPARSE 1.3 as Direct Linear Solver

Initial Transient Solution
--------------------------

Node                                   Voltage
----                                   -------
vplus                                       15
vminus                                     -15
vsn                                          0
jin                                          0
sel                                4.87995e-09
selk                               4.87995e-09
ain                                2.30749e-05
xa.nref                               -13.6718
xa.ncasc                               9.86857
xa.nx                                  1.01869
xa.nhi                                 13.5712
aout                               -0.00660001
afb                                -0.00659999
xa.vpf                                 14.8482
xa.nrefm                              -14.3359
xa.d1n                                 9.18095
xa.g1                              2.30749e-05
xa.s1                                0.0672412
xa.d2n                                 9.18118
xa.g2                              -0.00659999
xa.s2                                0.0653526
xa.src                               -0.158975
xa.nte                                -14.3772
xa.nmiri                               13.6537
xa.nme1                                14.3604
xa.nme2                                14.3593
xa.nve                                 14.2437
xa.ny                                 -1.00246
xa.nvle                                -14.401
xa.nbb                               -0.274858
xa.nbn                                 1.01669
xa.nen                                0.448688
xa.nbp                                -1.00157
xa.nep                               -0.461984
arg                                -0.00659996
arg10                              -0.00659998
aoc                                    -0.0066
tap6                               -0.00345449
tap12                              -0.00172724
atop                               -0.00659994
nt1r                                         1
t2c                                -0.00345449
nt1s                                         0
nt2r                                         1
nt2s                                         0
att                                -0.00659994
t1                                 -0.00659994
t2                                 -0.00524251
wip                                -0.00659994
nw1                                          1
nw2                                          0
bin                                 8.6629e-09
xb.nref                               -13.6718
xb.ncasc                               9.86857
xb.nx                                  1.01872
xb.nhi                                 13.5712
bout                               -0.00662317
bfb                                -0.00662315
xb.vpf                                 14.8482
xb.nrefm                              -14.3359
xb.d1n                                 9.18095
xb.g1                              8.66442e-09
xb.s1                                0.0672181
xb.d2n                                 9.18118
xb.g2                              -0.00662315
xb.s2                                0.0653295
xb.src                               -0.158998
xb.nte                                -14.3772
xb.nmiri                               13.6537
xb.nme1                                14.3604
xb.nme2                                14.3593
xb.nve                                 14.2437
xb.ny                                 -1.00243
xb.nvle                                -14.401
xb.nbb                                -0.27483
xb.nbn                                 1.01672
xb.nen                                0.448713
xb.nbp                                -1.00154
xb.nep                               -0.461959
brg                                -0.00662312
brg10                              -0.00662314
bouta                              -0.00662317
jack                                         0
vw2#branch                                   0
vw1#branch                                   0
vt2s#branch                                  0
vt2r#branch                                  0
vt1s#branch                                  0
vt1r#branch                                  0
vosa#branch                       -1.03829e-14
vsrc#branch                                  0
vmm#branch                           0.0754488
vpp#branch                          -0.0734029


No. of Data Rows : 24044
vam                 =  -6.60001e-03
jb                  =  8.78223e-11
jmax                =  1.40115e-03 at=  2.10017e-02
jmin                =  -5.09356e-08 at=  2.00017e-02
Doing analysis at TEMP = 27.000000 and TNOM = 27.000000

Using SPARSE 1.3 as Direct Linear Solver

Initial Transient Solution
--------------------------

Node                                   Voltage
----                                   -------
vplus                                       15
vminus                                     -15
vsn                                          0
jin                                          0
sel                                4.87995e-09
selk                               4.87995e-09
ain                                2.30749e-05
xa.nref                               -13.6718
xa.ncasc                               9.86857
xa.nx                                  1.01869
xa.nhi                                 13.5712
aout                               -0.00660001
afb                                -0.00659999
xa.vpf                                 14.8482
xa.nrefm                              -14.3359
xa.d1n                                 9.18095
xa.g1                              2.30749e-05
xa.s1                                0.0672412
xa.d2n                                 9.18118
xa.g2                              -0.00659999
xa.s2                                0.0653526
xa.src                               -0.158975
xa.nte                                -14.3772
xa.nmiri                               13.6537
xa.nme1                                14.3604
xa.nme2                                14.3593
xa.nve                                 14.2437
xa.ny                                 -1.00246
xa.nvle                                -14.401
xa.nbb                               -0.274858
xa.nbn                                 1.01669
xa.nen                                0.448688
xa.nbp                                -1.00157
xa.nep                               -0.461984
arg                                -0.00659996
arg10                              -0.00659998
aoc                                    -0.0066
tap6                               -0.00345449
tap12                              -0.00172724
atop                               -0.00659994
nt1r                                         1
t2c                                -0.00345449
nt1s                                         0
nt2r                                         1
nt2s                                         0
att                                -0.00659994
t1                                -0.000294808
t2                                -0.000234174
wip                               -0.000234174
nw1                                          0
nw2                                          1
bin                                1.50287e-08
xb.nref                               -13.6718
xb.ncasc                               9.86857
xb.nx                                  1.01872
xb.nhi                                 13.5712
bout                               -0.00662316
bfb                                -0.00662314
xb.vpf                                 14.8482
xb.nrefm                              -14.3359
xb.d1n                                 9.18095
xb.g1                              1.50302e-08
xb.s1                                0.0672182
xb.d2n                                 9.18118
xb.g2                              -0.00662314
xb.s2                                0.0653295
xb.src                               -0.158998
xb.nte                                -14.3772
xb.nmiri                               13.6537
xb.nme1                                14.3604
xb.nme2                                14.3593
xb.nve                                 14.2437
xb.ny                                 -1.00243
xb.nvle                                -14.401
xb.nbb                                -0.27483
xb.nbn                                 1.01672
xb.nen                                0.448713
xb.nbp                                -1.00154
xb.nep                               -0.461959
brg                                -0.00662312
brg10                              -0.00662314
bouta                              -0.00662316
jack                                         0
vw2#branch                                   0
vw1#branch                                   0
vt2s#branch                                  0
vt2r#branch                                  0
vt1s#branch                                  0
vt1r#branch                                  0
vosa#branch                       -1.03829e-14
vsrc#branch                                  0
vmm#branch                           0.0754488
vpp#branch                          -0.0734029


No. of Data Rows : 24039
vam                 =  -6.60001e-03
jb                  =  5.52832e-11
jmax                =  2.31047e-10 at=  2.08816e-02
jmin                =  -6.33203e-05 at=  2.10016e-02
Doing analysis at TEMP = 27.000000 and TNOM = 27.000000

Using SPARSE 1.3 as Direct Linear Solver

Initial Transient Solution
--------------------------

Node                                   Voltage
----                                   -------
vplus                                       15
vminus                                     -15
vsn                                          0
jin                                          0
sel                                4.87995e-09
selk                               4.87995e-09
ain                                2.30749e-05
xa.nref                               -13.6718
xa.ncasc                               9.86857
xa.nx                                  1.01869
xa.nhi                                 13.5712
aout                               -0.00660001
afb                                -0.00659999
xa.vpf                                 14.8482
xa.nrefm                              -14.3359
xa.d1n                                 9.18095
xa.g1                              2.30749e-05
xa.s1                                0.0672412
xa.d2n                                 9.18118
xa.g2                              -0.00659999
xa.s2                                0.0653526
xa.src                               -0.158975
xa.nte                                -14.3772
xa.nmiri                               13.6537
xa.nme1                                14.3604
xa.nme2                                14.3593
xa.nve                                 14.2437
xa.ny                                 -1.00246
xa.nvle                                -14.401
xa.nbb                               -0.274858
xa.nbn                                 1.01669
xa.nen                                0.448688
xa.nbp                                -1.00157
xa.nep                               -0.461984
arg                                -0.00659996
arg10                              -0.00659998
aoc                                    -0.0066
tap6                               -0.00345449
tap12                              -0.00172724
atop                               -0.00659994
nt1r                                         1
t2c                                -0.00345449
nt1s                                         0
nt2r                                         1
nt2s                                         0
att                                -0.00659994
t1                                -0.000294808
t2                                -0.000234174
wip                               -0.000234174
nw1                                          0
nw2                                          1
bin                                1.50287e-08
xb.nref                               -13.6718
xb.ncasc                               9.86857
xb.nx                                  1.01872
xb.nhi                                 13.5712
bout                               -0.00662316
bfb                                -0.00662314
xb.vpf                                 14.8482
xb.nrefm                              -14.3359
xb.d1n                                 9.18095
xb.g1                              1.50302e-08
xb.s1                                0.0672182
xb.d2n                                 9.18118
xb.g2                              -0.00662314
xb.s2                                0.0653295
xb.src                               -0.158998
xb.nte                                -14.3772
xb.nmiri                               13.6537
xb.nme1                                14.3604
xb.nme2                                14.3593
xb.nve                                 14.2437
xb.ny                                 -1.00243
xb.nvle                                -14.401
xb.nbb                                -0.27483
xb.nbn                                 1.01672
xb.nen                                0.448713
xb.nbp                                -1.00154
xb.nep                               -0.461959
brg                                -0.00662312
brg10                              -0.00662314
bouta                              -0.00662316
jack                                         0
vw2#branch                                   0
vw1#branch                                   0
vt2s#branch                                  0
vt2r#branch                                  0
vt1s#branch                                  0
vt1r#branch                                  0
vosa#branch                       -1.03829e-14
vsrc#branch                                  0
vmm#branch                           0.0754488
vpp#branch                          -0.0734029


No. of Data Rows : 24039
vam                 =  -6.60001e-03
jb                  =  5.52832e-11
jmax                =  5.92574e-11 at=  2.00004e-02
jmin                =  -6.31695e-05 at=  2.10016e-02
Doing analysis at TEMP = 27.000000 and TNOM = 27.000000

Using SPARSE 1.3 as Direct Linear Solver

Initial Transient Solution
--------------------------

Node                                   Voltage
----                                   -------
vplus                                       15
vminus                                     -15
vsn                                          0
jin                                          0
sel                                4.87995e-09
selk                               4.87995e-09
ain                                2.30749e-05
xa.nref                               -13.6718
xa.ncasc                               9.86857
xa.nx                                  1.01869
xa.nhi                                 13.5712
aout                               -0.00660001
afb                                -0.00659999
xa.vpf                                 14.8482
xa.nrefm                              -14.3359
xa.d1n                                 9.18095
xa.g1                              2.30749e-05
xa.s1                                0.0672412
xa.d2n                                 9.18118
xa.g2                              -0.00659999
xa.s2                                0.0653526
xa.src                               -0.158975
xa.nte                                -14.3772
xa.nmiri                               13.6537
xa.nme1                                14.3604
xa.nme2                                14.3593
xa.nve                                 14.2437
xa.ny                                 -1.00246
xa.nvle                                -14.401
xa.nbb                               -0.274858
xa.nbn                                 1.01669
xa.nen                                0.448688
xa.nbp                                -1.00157
xa.nep                               -0.461984
arg                                -0.00659996
arg10                              -0.00659998
aoc                                    -0.0066
tap6                               -0.00345449
tap12                              -0.00172724
atop                               -0.00659994
nt1r                                         1
t2c                                -0.00345449
nt1s                                         0
nt2r                                         1
nt2s                                         0
att                                -0.00659994
t1                                 -0.00659994
t2                                 -0.00524251
wip                                -0.00659994
nw1                                          1
nw2                                          0
bin                                 8.6629e-09
xb.nref                               -13.6718
xb.ncasc                               9.86857
xb.nx                                  1.01872
xb.nhi                                 13.5712
bout                               -0.00662317
bfb                                -0.00662315
xb.vpf                                 14.8482
xb.nrefm                              -14.3359
xb.d1n                                 9.18095
xb.g1                              8.66442e-09
xb.s1                                0.0672181
xb.d2n                                 9.18118
xb.g2                              -0.00662315
xb.s2                                0.0653295
xb.src                               -0.158998
xb.nte                                -14.3772
xb.nmiri                               13.6537
xb.nme1                                14.3604
xb.nme2                                14.3593
xb.nve                                 14.2437
xb.ny                                 -1.00243
xb.nvle                                -14.401
xb.nbb                                -0.27483
xb.nbn                                 1.01672
xb.nen                                0.448713
xb.nbp                                -1.00154
xb.nep                               -0.461959
brg                                -0.00662312
brg10                              -0.00662314
bouta                              -0.00662317
jack                                         0
vw2#branch                                   0
vw1#branch                                   0
vt2s#branch                                  0
vt2r#branch                                  0
vt1s#branch                                  0
vt1r#branch                                  0
vosa#branch                       -1.03829e-14
vsrc#branch                                  0
vmm#branch                           0.0754488
vpp#branch                          -0.0734029


No. of Data Rows : 24055
vam                 =  -6.60001e-03
jb                  =  8.78223e-11
jmax                =  6.52886e-03 at=  2.00239e-02
jmin                =  8.30298e-11 at=  1.99464e-02
Doing analysis at TEMP = 27.000000 and TNOM = 27.000000

Using SPARSE 1.3 as Direct Linear Solver

Initial Transient Solution
--------------------------

Node                                   Voltage
----                                   -------
vplus                                       15
vminus                                     -15
vsn                                          0
jin                                          0
sel                                4.87995e-09
selk                               4.87995e-09
ain                                2.30749e-05
xa.nref                               -13.6718
xa.ncasc                               9.86857
xa.nx                                   1.0187
xa.nhi                                 13.5712
aout                               -0.00660002
afb                                    -0.0066
xa.vpf                                 14.8482
xa.nrefm                              -14.3359
xa.d1n                                 9.18095
xa.g1                              2.30749e-05
xa.s1                                0.0672412
xa.d2n                                 9.18118
xa.g2                                  -0.0066
xa.s2                                0.0653525
xa.src                               -0.158975
xa.nte                                -14.3772
xa.nmiri                               13.6537
xa.nme1                                14.3604
xa.nme2                                14.3593
xa.nve                                 14.2437
xa.ny                                 -1.00245
xa.nvle                                -14.401
xa.nbb                               -0.274853
xa.nbn                                  1.0167
xa.nen                                0.448693
xa.nbp                                -1.00156
xa.nep                               -0.461979
arg                                -0.00659997
arg10                              -0.00659999
aoc                                -0.00660001
tap6                               -0.00330818
tap12                              -0.00165409
atop                               -0.00330811
nt1r                                         0
t2c                                -0.00330815
nt1s                                         1
nt2r                                         1
nt2s                                         0
att                                -0.00330811
t1                                 -0.00330811
t2                                 -0.00262773
wip                                -0.00330811
nw1                                          1
nw2                                          0
bin                                1.19547e-08
xb.nref                               -13.6718
xb.ncasc                               9.86857
xb.nx                                  1.01872
xb.nhi                                 13.5712
bout                               -0.00662316
bfb                                -0.00662315
xb.vpf                                 14.8482
xb.nrefm                              -14.3359
xb.d1n                                 9.18095
xb.g1                              1.19562e-08
xb.s1                                0.0672181
xb.d2n                                 9.18118
xb.g2                              -0.00662315
xb.s2                                0.0653295
xb.src                               -0.158998
xb.nte                                -14.3772
xb.nmiri                               13.6537
xb.nme1                                14.3604
xb.nme2                                14.3593
xb.nve                                 14.2437
xb.ny                                 -1.00243
xb.nvle                                -14.401
xb.nbb                                -0.27483
xb.nbn                                 1.01672
xb.nen                                0.448713
xb.nbp                                -1.00154
xb.nep                               -0.461959
brg                                -0.00662312
brg10                              -0.00662314
bouta                              -0.00662316
jack                                         0
vw2#branch                                   0
vw1#branch                                   0
vt2s#branch                                  0
vt2r#branch                                  0
vt1s#branch                                  0
vt1r#branch                                  0
vosa#branch                       -1.03829e-14
vsrc#branch                                  0
vmm#branch                           0.0754485
vpp#branch                          -0.0734031


No. of Data Rows : 24054
vam                 =  -6.60002e-03
jb                  =  -4.39204e-11
jmax                =  3.27243e-03 at=  2.00247e-02
jmin                =  -4.94780e-11 at=  1.99614e-02
Doing analysis at TEMP = 27.000000 and TNOM = 27.000000

Using SPARSE 1.3 as Direct Linear Solver

Initial Transient Solution
--------------------------

Node                                   Voltage
----                                   -------
vplus                                       15
vminus                                     -15
vsn                                          0
jin                                          0
sel                                4.87995e-09
selk                               4.87995e-09
ain                                2.30749e-05
xa.nref                               -13.6718
xa.ncasc                               9.86857
xa.nx                                  1.01869
xa.nhi                                 13.5712
aout                               -0.00660001
afb                                -0.00659999
xa.vpf                                 14.8482
xa.nrefm                              -14.3359
xa.d1n                                 9.18095
xa.g1                              2.30749e-05
xa.s1                                0.0672412
xa.d2n                                 9.18118
xa.g2                              -0.00659999
xa.s2                                0.0653526
xa.src                               -0.158975
xa.nte                                -14.3772
xa.nmiri                               13.6537
xa.nme1                                14.3604
xa.nme2                                14.3593
xa.nve                                 14.2437
xa.ny                                 -1.00246
xa.nvle                                -14.401
xa.nbb                               -0.274858
xa.nbn                                 1.01669
xa.nen                                0.448688
xa.nbp                                -1.00157
xa.nep                               -0.461984
arg                                -0.00659996
arg10                              -0.00659998
aoc                                    -0.0066
tap6                               -0.00345449
tap12                              -0.00172724
atop                               -0.00659994
nt1r                                         1
t2c                                -0.00345449
nt1s                                         0
nt2r                                         1
nt2s                                         0
att                                -0.00659994
t1                                 -0.00659994
t2                                 -0.00524251
wip                                -0.00659994
nw1                                          1
nw2                                          0
bin                                 8.6629e-09
xb.nref                               -13.6718
xb.ncasc                               9.86857
xb.nx                                  1.01591
xb.nhi                                 13.5712
bout                                -0.0094054
bfb                                -0.00662279
xb.vpf                                 14.8482
xb.nrefm                              -14.3359
xb.d1n                                 9.18095
xb.g1                              8.66442e-09
xb.s1                                0.0672183
xb.d2n                                 9.18118
xb.g2                              -0.00662279
xb.s2                                0.0653298
xb.src                               -0.158998
xb.nte                                -14.3772
xb.nmiri                               13.6537
xb.nme1                                14.3604
xb.nme2                                14.3593
xb.nve                                 14.2437
xb.ny                                 -1.00523
xb.nvle                                -14.401
xb.nbb                               -0.277637
xb.nbn                                 1.01391
xb.nen                                0.445909
xb.nbp                                -1.00435
xb.nep                               -0.464761
brg                               -1.85507e-07
brg10                              -0.00662278
bouta                               -0.0094054
jack                                         0
vw2#branch                                   0
vw1#branch                                   0
vt2s#branch                                  0
vt2r#branch                                  0
vt1s#branch                                  0
vt1r#branch                                  0
vosa#branch                       -1.03829e-14
vsrc#branch                                  0
vmm#branch                           0.0754496
vpp#branch                          -0.0734019


No. of Data Rows : 24039
vam                 =  -6.60001e-03
jb                  =  4.57891e-11
jmax                =  1.92518e-03 at=  2.10047e-02
jmin                =  3.61087e-11 at=  2.00009e-02
Doing analysis at TEMP = 27.000000 and TNOM = 27.000000

Using SPARSE 1.3 as Direct Linear Solver

Initial Transient Solution
--------------------------

Node                                   Voltage
----                                   -------
vplus                                       15
vminus                                     -15
vsn                                          0
jin                                          0
sel                                4.87995e-09
selk                               4.87995e-09
ain                                2.30749e-05
xa.nref                               -13.6718
xa.ncasc                               9.86857
xa.nx                                  1.01869
xa.nhi                                 13.5712
aout                               -0.00660001
afb                                -0.00659999
xa.vpf                                 14.8482
xa.nrefm                              -14.3359
xa.d1n                                 9.18095
xa.g1                              2.30749e-05
xa.s1                                0.0672412
xa.d2n                                 9.18118
xa.g2                              -0.00659999
xa.s2                                0.0653526
xa.src                               -0.158975
xa.nte                                -14.3772
xa.nmiri                               13.6537
xa.nme1                                14.3604
xa.nme2                                14.3593
xa.nve                                 14.2437
xa.ny                                 -1.00246
xa.nvle                                -14.401
xa.nbb                               -0.274858
xa.nbn                                 1.01669
xa.nen                                0.448688
xa.nbp                                -1.00157
xa.nep                               -0.461984
arg                                -0.00659996
arg10                              -0.00659998
aoc                                    -0.0066
tap6                               -0.00345449
tap12                              -0.00172724
atop                               -0.00659994
nt1r                                         1
t2c                                -0.00345449
nt1s                                         0
nt2r                                         1
nt2s                                         0
att                                -0.00659994
t1                                 -0.00659994
t2                                 -0.00524251
wip                                -0.00659994
nw1                                          1
nw2                                          0
bin                                 8.6629e-09
xb.nref                               -13.6718
xb.ncasc                               9.86857
xb.nx                                  1.01591
xb.nhi                                 13.5712
bout                                -0.0094054
bfb                                -0.00662279
xb.vpf                                 14.8482
xb.nrefm                              -14.3359
xb.d1n                                 9.18095
xb.g1                              8.66442e-09
xb.s1                                0.0672183
xb.d2n                                 9.18118
xb.g2                              -0.00662279
xb.s2                                0.0653298
xb.src                               -0.158998
xb.nte                                -14.3772
xb.nmiri                               13.6537
xb.nme1                                14.3604
xb.nme2                                14.3593
xb.nve                                 14.2437
xb.ny                                 -1.00523
xb.nvle                                -14.401
xb.nbb                               -0.277637
xb.nbn                                 1.01391
xb.nen                                0.445909
xb.nbp                                -1.00435
xb.nep                               -0.464761
brg                               -1.85507e-07
brg10                              -0.00662278
bouta                               -0.0094054
jack                                         0
vw2#branch                                   0
vw1#branch                                   0
vt2s#branch                                  0
vt2r#branch                                  0
vt1s#branch                                  0
vt1r#branch                                  0
vosa#branch                       -1.03829e-14
vsrc#branch                                  0
vmm#branch                           0.0754496
vpp#branch                          -0.0734019


No. of Data Rows : 24039
vam                 =  -6.60001e-03
jb                  =  4.57891e-11
jmax                =  1.92520e-03 at=  2.10047e-02
jmin                =  3.84557e-11 at=  1.99064e-02
Doing analysis at TEMP = 27.000000 and TNOM = 27.000000

Using SPARSE 1.3 as Direct Linear Solver

Initial Transient Solution
--------------------------

Node                                   Voltage
----                                   -------
vplus                                       15
vminus                                     -15
vsn                                          0
jin                                          0
sel                                4.87995e-09
selk                               4.87995e-09
ain                                2.30749e-05
xa.nref                               -13.6718
xa.ncasc                               9.86857
xa.nx                                  1.01869
xa.nhi                                 13.5712
aout                               -0.00660001
afb                                -0.00659999
xa.vpf                                 14.8482
xa.nrefm                              -14.3359
xa.d1n                                 9.18095
xa.g1                              2.30749e-05
xa.s1                                0.0672412
xa.d2n                                 9.18118
xa.g2                              -0.00659999
xa.s2                                0.0653526
xa.src                               -0.158975
xa.nte                                -14.3772
xa.nmiri                               13.6537
xa.nme1                                14.3604
xa.nme2                                14.3593
xa.nve                                 14.2437
xa.ny                                 -1.00246
xa.nvle                                -14.401
xa.nbb                               -0.274858
xa.nbn                                 1.01669
xa.nen                                0.448688
xa.nbp                                -1.00157
xa.nep                               -0.461984
arg                                -0.00659996
arg10                              -0.00659998
aoc                                    -0.0066
tap6                               -0.00345449
tap12                              -0.00172724
atop                               -0.00659994
nt1r                                         1
t2c                                -0.00345449
nt1s                                         0
nt2r                                         1
nt2s                                         0
att                                -0.00659994
t1                                -0.000294808
t2                                -0.000234174
wip                               -0.000234174
nw1                                          0
nw2                                          1
bin                                1.50287e-08
xb.nref                               -13.6718
xb.ncasc                               9.86857
xb.nx                                  1.01591
xb.nhi                                 13.5712
bout                               -0.00940539
bfb                                -0.00662278
xb.vpf                                 14.8482
xb.nrefm                              -14.3359
xb.d1n                                 9.18095
xb.g1                              1.50302e-08
xb.s1                                0.0672183
xb.d2n                                 9.18118
xb.g2                              -0.00662278
xb.s2                                0.0653298
xb.src                               -0.158998
xb.nte                                -14.3772
xb.nmiri                               13.6537
xb.nme1                                14.3604
xb.nme2                                14.3593
xb.nve                                 14.2437
xb.ny                                 -1.00523
xb.nvle                                -14.401
xb.nbb                               -0.277637
xb.nbn                                 1.01391
xb.nen                                0.445909
xb.nbp                                -1.00435
xb.nep                               -0.464761
brg                               -1.85507e-07
brg10                              -0.00662277
bouta                              -0.00940539
jack                                         0
vw2#branch                                   0
vw1#branch                                   0
vt2s#branch                                  0
vt2r#branch                                  0
vt1s#branch                                  0
vt1r#branch                                  0
vosa#branch                       -1.03829e-14
vsrc#branch                                  0
vmm#branch                           0.0754496
vpp#branch                          -0.0734019


No. of Data Rows : 24038
vam                 =  -6.60001e-03
jb                  =  5.87682e-11
jmax                =  3.07726e-10 at=  2.09116e-02
jmin                =  -8.62270e-05 at=  2.10035e-02
Doing analysis at TEMP = 27.000000 and TNOM = 27.000000

Using SPARSE 1.3 as Direct Linear Solver

Initial Transient Solution
--------------------------

Node                                   Voltage
----                                   -------
vplus                                       15
vminus                                     -15
vsn                                          0
jin                                          0
sel                                4.87995e-09
selk                               4.87995e-09
ain                                2.30749e-05
xa.nref                               -13.6718
xa.ncasc                               9.86857
xa.nx                                  1.01869
xa.nhi                                 13.5712
aout                               -0.00660001
afb                                -0.00659999
xa.vpf                                 14.8482
xa.nrefm                              -14.3359
xa.d1n                                 9.18095
xa.g1                              2.30749e-05
xa.s1                                0.0672412
xa.d2n                                 9.18118
xa.g2                              -0.00659999
xa.s2                                0.0653526
xa.src                               -0.158975
xa.nte                                -14.3772
xa.nmiri                               13.6537
xa.nme1                                14.3604
xa.nme2                                14.3593
xa.nve                                 14.2437
xa.ny                                 -1.00246
xa.nvle                                -14.401
xa.nbb                               -0.274858
xa.nbn                                 1.01669
xa.nen                                0.448688
xa.nbp                                -1.00157
xa.nep                               -0.461984
arg                                -0.00659996
arg10                              -0.00659998
aoc                                    -0.0066
tap6                               -0.00345449
tap12                              -0.00172724
atop                               -0.00659994
nt1r                                         1
t2c                                -0.00345449
nt1s                                         0
nt2r                                         1
nt2s                                         0
att                                -0.00659994
t1                                -0.000294808
t2                                -0.000234174
wip                               -0.000234174
nw1                                          0
nw2                                          1
bin                                1.50287e-08
xb.nref                               -13.6718
xb.ncasc                               9.86857
xb.nx                                  1.01591
xb.nhi                                 13.5712
bout                               -0.00940539
bfb                                -0.00662278
xb.vpf                                 14.8482
xb.nrefm                              -14.3359
xb.d1n                                 9.18095
xb.g1                              1.50302e-08
xb.s1                                0.0672183
xb.d2n                                 9.18118
xb.g2                              -0.00662278
xb.s2                                0.0653298
xb.src                               -0.158998
xb.nte                                -14.3772
xb.nmiri                               13.6537
xb.nme1                                14.3604
xb.nme2                                14.3593
xb.nve                                 14.2437
xb.ny                                 -1.00523
xb.nvle                                -14.401
xb.nbb                               -0.277637
xb.nbn                                 1.01391
xb.nen                                0.445909
xb.nbp                                -1.00435
xb.nep                               -0.464761
brg                               -1.85507e-07
brg10                              -0.00662277
bouta                              -0.00940539
jack                                         0
vw2#branch                                   0
vw1#branch                                   0
vt2s#branch                                  0
vt2r#branch                                  0
vt1s#branch                                  0
vt1r#branch                                  0
vosa#branch                       -1.03829e-14
vsrc#branch                                  0
vmm#branch                           0.0754496
vpp#branch                          -0.0734019


No. of Data Rows : 24038
vam                 =  -6.60001e-03
jb                  =  5.87682e-11
jmax                =  6.36769e-11 at=  1.99614e-02
jmin                =  -8.62287e-05 at=  2.10036e-02
Doing analysis at TEMP = 27.000000 and TNOM = 27.000000

Using SPARSE 1.3 as Direct Linear Solver

Initial Transient Solution
--------------------------

Node                                   Voltage
----                                   -------
vplus                                       15
vminus                                     -15
vsn                                          0
jin                                          0
sel                                4.87995e-09
selk                               4.87995e-09
ain                                2.30749e-05
xa.nref                               -13.6718
xa.ncasc                               9.86857
xa.nx                                  1.01869
xa.nhi                                 13.5712
aout                               -0.00660001
afb                                -0.00659999
xa.vpf                                 14.8482
xa.nrefm                              -14.3359
xa.d1n                                 9.18095
xa.g1                              2.30749e-05
xa.s1                                0.0672412
xa.d2n                                 9.18118
xa.g2                              -0.00659999
xa.s2                                0.0653526
xa.src                               -0.158975
xa.nte                                -14.3772
xa.nmiri                               13.6537
xa.nme1                                14.3604
xa.nme2                                14.3593
xa.nve                                 14.2437
xa.ny                                 -1.00246
xa.nvle                                -14.401
xa.nbb                               -0.274858
xa.nbn                                 1.01669
xa.nen                                0.448688
xa.nbp                                -1.00157
xa.nep                               -0.461984
arg                                -0.00659996
arg10                              -0.00659998
aoc                                    -0.0066
tap6                               -0.00345449
tap12                              -0.00172724
atop                               -0.00659994
nt1r                                         1
t2c                                -0.00345449
nt1s                                         0
nt2r                                         1
nt2s                                         0
att                                -0.00659994
t1                                 -0.00659994
t2                                 -0.00524251
wip                                -0.00659994
nw1                                          1
nw2                                          0
bin                                 8.6629e-09
xb.nref                               -13.6718
xb.ncasc                               9.86857
xb.nx                                  1.01591
xb.nhi                                 13.5712
bout                                -0.0094054
bfb                                -0.00662279
xb.vpf                                 14.8482
xb.nrefm                              -14.3359
xb.d1n                                 9.18095
xb.g1                              8.66442e-09
xb.s1                                0.0672183
xb.d2n                                 9.18118
xb.g2                              -0.00662279
xb.s2                                0.0653298
xb.src                               -0.158998
xb.nte                                -14.3772
xb.nmiri                               13.6537
xb.nme1                                14.3604
xb.nme2                                14.3593
xb.nve                                 14.2437
xb.ny                                 -1.00523
xb.nvle                                -14.401
xb.nbb                               -0.277637
xb.nbn                                 1.01391
xb.nen                                0.445909
xb.nbp                                -1.00435
xb.nep                               -0.464761
brg                               -1.85507e-07
brg10                              -0.00662278
bouta                               -0.0094054
jack                                         0
vw2#branch                                   0
vw1#branch                                   0
vt2s#branch                                  0
vt2r#branch                                  0
vt1s#branch                                  0
vt1r#branch                                  0
vosa#branch                       -1.03829e-14
vsrc#branch                                  0
vmm#branch                           0.0754496
vpp#branch                          -0.0734019


No. of Data Rows : 24050
vam                 =  -6.60001e-03
jb                  =  4.57891e-11
jmax                =  9.27123e-03 at=  2.00260e-02
jmin                =  3.84557e-11 at=  1.99064e-02
Doing analysis at TEMP = 27.000000 and TNOM = 27.000000

Using SPARSE 1.3 as Direct Linear Solver

Initial Transient Solution
--------------------------

Node                                   Voltage
----                                   -------
vplus                                       15
vminus                                     -15
vsn                                          0
jin                                          0
sel                                4.87995e-09
selk                               4.87995e-09
ain                                2.30749e-05
xa.nref                               -13.6718
xa.ncasc                               9.86857
xa.nx                                   1.0187
xa.nhi                                 13.5712
aout                               -0.00660002
afb                                    -0.0066
xa.vpf                                 14.8482
xa.nrefm                              -14.3359
xa.d1n                                 9.18095
xa.g1                              2.30749e-05
xa.s1                                0.0672412
xa.d2n                                 9.18118
xa.g2                                  -0.0066
xa.s2                                0.0653525
xa.src                               -0.158975
xa.nte                                -14.3772
xa.nmiri                               13.6537
xa.nme1                                14.3604
xa.nme2                                14.3593
xa.nve                                 14.2437
xa.ny                                 -1.00245
xa.nvle                                -14.401
xa.nbb                               -0.274853
xa.nbn                                  1.0167
xa.nen                                0.448693
xa.nbp                                -1.00156
xa.nep                               -0.461979
arg                                -0.00659997
arg10                              -0.00659999
aoc                                -0.00660001
tap6                               -0.00330818
tap12                              -0.00165409
atop                               -0.00330811
nt1r                                         0
t2c                                -0.00330815
nt1s                                         1
nt2r                                         1
nt2s                                         0
att                                -0.00330811
t1                                 -0.00330811
t2                                 -0.00262773
wip                                -0.00330811
nw1                                          1
nw2                                          0
bin                                1.19547e-08
xb.nref                               -13.6718
xb.ncasc                               9.86857
xb.nx                                  1.01591
xb.nhi                                 13.5712
bout                                -0.0094054
bfb                                -0.00662278
xb.vpf                                 14.8482
xb.nrefm                              -14.3359
xb.d1n                                 9.18095
xb.g1                              1.19562e-08
xb.s1                                0.0672183
xb.d2n                                 9.18118
xb.g2                              -0.00662278
xb.s2                                0.0653298
xb.src                               -0.158998
xb.nte                                -14.3772
xb.nmiri                               13.6537
xb.nme1                                14.3604
xb.nme2                                14.3593
xb.nve                                 14.2437
xb.ny                                 -1.00523
xb.nvle                                -14.401
xb.nbb                               -0.277637
xb.nbn                                 1.01391
xb.nen                                0.445909
xb.nbp                                -1.00435
xb.nep                               -0.464761
brg                               -1.85507e-07
brg10                              -0.00662278
bouta                               -0.0094054
jack                                         0
vw2#branch                                   0
vw1#branch                                   0
vt2s#branch                                  0
vt2r#branch                                  0
vt1s#branch                                  0
vt1r#branch                                  0
vosa#branch                       -1.03829e-14
vsrc#branch                                  0
vmm#branch                           0.0754494
vpp#branch                          -0.0734021


No. of Data Rows : 24048
vam                 =  -6.60002e-03
jb                  =  5.72050e-11
jmax                =  4.64708e-03 at=  2.00275e-02
jmin                =  4.64541e-11 at=  1.99664e-02
Doing analysis at TEMP = 27.000000 and TNOM = 27.000000

Using SPARSE 1.3 as Direct Linear Solver

Initial Transient Solution
--------------------------

Node                                   Voltage
----                                   -------
vplus                                       15
vminus                                     -15
vsn                                          0
jin                                          0
sel                                4.87995e-09
selk                               4.87995e-09
ain                                2.30749e-05
xa.nref                               -13.6718
xa.ncasc                               9.86857
xa.nx                                  1.01869
xa.nhi                                 13.5712
aout                               -0.00660001
afb                                -0.00659999
xa.vpf                                 14.8482
xa.nrefm                              -14.3359
xa.d1n                                 9.18095
xa.g1                              2.30749e-05
xa.s1                                0.0672412
xa.d2n                                 9.18118
xa.g2                              -0.00659999
xa.s2                                0.0653526
xa.src                               -0.158975
xa.nte                                -14.3772
xa.nmiri                               13.6537
xa.nme1                                14.3604
xa.nme2                                14.3593
xa.nve                                 14.2437
xa.ny                                 -1.00246
xa.nvle                                -14.401
xa.nbb                               -0.274858
xa.nbn                                 1.01669
xa.nen                                0.448688
xa.nbp                                -1.00157
xa.nep                               -0.461984
arg                                -0.00659996
arg10                              -0.00659998
aoc                                    -0.0066
tap6                               -0.00345449
tap12                              -0.00172724
atop                               -0.00659994
nt1r                                         1
t2c                                -0.00345449
nt1s                                         0
nt2r                                         1
nt2s                                         0
att                                -0.00659994
t1                                 -0.00659994
t2                                 -0.00524251
wip                                -0.00659994
nw1                                          1
nw2                                          0
bin                                 8.6629e-09
xb.nref                               -13.6718
xb.ncasc                               9.86857
xb.nx                                  1.00434
xb.nhi                                 13.5712
bout                                -0.0208707
bfb                                 -0.0066213
xb.vpf                                 14.8482
xb.nrefm                              -14.3359
xb.d1n                                 9.18095
xb.g1                              8.66443e-09
xb.s1                                 0.067219
xb.d2n                                 9.18118
xb.g2                               -0.0066213
xb.s2                                0.0653309
xb.src                               -0.158997
xb.nte                                -14.3772
xb.nmiri                               13.6537
xb.nme1                                14.3604
xb.nme2                                14.3593
xb.nve                                 14.2437
xb.ny                                  -1.0168
xb.nvle                                -14.401
xb.nbb                               -0.289207
xb.nbn                                 1.00234
xb.nen                                0.434356
xb.nbp                                -1.01592
xb.nep                               -0.476306
brg                               -1.85465e-07
brg10                             -7.64496e-07
bouta                               -0.0208707
jack                                         0
vw2#branch                                   0
vw1#branch                                   0
vt2s#branch                                  0
vt2r#branch                                  0
vt1s#branch                                  0
vt1r#branch                                  0
vosa#branch                       -1.03829e-14
vsrc#branch                                  0
vmm#branch                           0.0754532
vpp#branch                          -0.0733978


No. of Data Rows : 24039
vam                 =  -6.60001e-03
jb                  =  7.33315e-11
jmax                =  4.29013e-03 at=  2.10061e-02
jmin                =  5.37449e-11 at=  1.99957e-02
Doing analysis at TEMP = 27.000000 and TNOM = 27.000000

Using SPARSE 1.3 as Direct Linear Solver

Initial Transient Solution
--------------------------

Node                                   Voltage
----                                   -------
vplus                                       15
vminus                                     -15
vsn                                          0
jin                                          0
sel                                4.87995e-09
selk                               4.87995e-09
ain                                2.30749e-05
xa.nref                               -13.6718
xa.ncasc                               9.86857
xa.nx                                  1.01869
xa.nhi                                 13.5712
aout                               -0.00660001
afb                                -0.00659999
xa.vpf                                 14.8482
xa.nrefm                              -14.3359
xa.d1n                                 9.18095
xa.g1                              2.30749e-05
xa.s1                                0.0672412
xa.d2n                                 9.18118
xa.g2                              -0.00659999
xa.s2                                0.0653526
xa.src                               -0.158975
xa.nte                                -14.3772
xa.nmiri                               13.6537
xa.nme1                                14.3604
xa.nme2                                14.3593
xa.nve                                 14.2437
xa.ny                                 -1.00246
xa.nvle                                -14.401
xa.nbb                               -0.274858
xa.nbn                                 1.01669
xa.nen                                0.448688
xa.nbp                                -1.00157
xa.nep                               -0.461984
arg                                -0.00659996
arg10                              -0.00659998
aoc                                    -0.0066
tap6                               -0.00345449
tap12                              -0.00172724
atop                               -0.00659994
nt1r                                         1
t2c                                -0.00345449
nt1s                                         0
nt2r                                         1
nt2s                                         0
att                                -0.00659994
t1                                 -0.00659994
t2                                 -0.00524251
wip                                -0.00659994
nw1                                          1
nw2                                          0
bin                                 8.6629e-09
xb.nref                               -13.6718
xb.ncasc                               9.86857
xb.nx                                  1.00434
xb.nhi                                 13.5712
bout                                -0.0208707
bfb                                 -0.0066213
xb.vpf                                 14.8482
xb.nrefm                              -14.3359
xb.d1n                                 9.18095
xb.g1                              8.66443e-09
xb.s1                                 0.067219
xb.d2n                                 9.18118
xb.g2                               -0.0066213
xb.s2                                0.0653309
xb.src                               -0.158997
xb.nte                                -14.3772
xb.nmiri                               13.6537
xb.nme1                                14.3604
xb.nme2                                14.3593
xb.nve                                 14.2437
xb.ny                                  -1.0168
xb.nvle                                -14.401
xb.nbb                               -0.289207
xb.nbn                                 1.00234
xb.nen                                0.434356
xb.nbp                                -1.01592
xb.nep                               -0.476306
brg                               -1.85465e-07
brg10                             -7.64496e-07
bouta                               -0.0208707
jack                                         0
vw2#branch                                   0
vw1#branch                                   0
vt2s#branch                                  0
vt2r#branch                                  0
vt1s#branch                                  0
vt1r#branch                                  0
vosa#branch                       -1.03829e-14
vsrc#branch                                  0
vmm#branch                           0.0754532
vpp#branch                          -0.0733978


No. of Data Rows : 24039
vam                 =  -6.60001e-03
jb                  =  7.33315e-11
jmax                =  4.29013e-03 at=  2.10061e-02
jmin                =  5.37449e-11 at=  1.99957e-02
Doing analysis at TEMP = 27.000000 and TNOM = 27.000000

Using SPARSE 1.3 as Direct Linear Solver

Initial Transient Solution
--------------------------

Node                                   Voltage
----                                   -------
vplus                                       15
vminus                                     -15
vsn                                          0
jin                                          0
sel                                4.87995e-09
selk                               4.87995e-09
ain                                2.30749e-05
xa.nref                               -13.6718
xa.ncasc                               9.86857
xa.nx                                  1.01869
xa.nhi                                 13.5712
aout                               -0.00660001
afb                                -0.00659999
xa.vpf                                 14.8482
xa.nrefm                              -14.3359
xa.d1n                                 9.18095
xa.g1                              2.30749e-05
xa.s1                                0.0672412
xa.d2n                                 9.18118
xa.g2                              -0.00659999
xa.s2                                0.0653526
xa.src                               -0.158975
xa.nte                                -14.3772
xa.nmiri                               13.6537
xa.nme1                                14.3604
xa.nme2                                14.3593
xa.nve                                 14.2437
xa.ny                                 -1.00246
xa.nvle                                -14.401
xa.nbb                               -0.274858
xa.nbn                                 1.01669
xa.nen                                0.448688
xa.nbp                                -1.00157
xa.nep                               -0.461984
arg                                -0.00659996
arg10                              -0.00659998
aoc                                    -0.0066
tap6                               -0.00345449
tap12                              -0.00172724
atop                               -0.00659994
nt1r                                         1
t2c                                -0.00345449
nt1s                                         0
nt2r                                         1
nt2s                                         0
att                                -0.00659994
t1                                -0.000294808
t2                                -0.000234174
wip                               -0.000234174
nw1                                          0
nw2                                          1
bin                                1.50287e-08
xb.nref                               -13.6718
xb.ncasc                               9.86857
xb.nx                                  1.00434
xb.nhi                                 13.5712
bout                                -0.0208707
bfb                                -0.00662129
xb.vpf                                 14.8482
xb.nrefm                              -14.3359
xb.d1n                                 9.18095
xb.g1                              1.50302e-08
xb.s1                                 0.067219
xb.d2n                                 9.18118
xb.g2                              -0.00662129
xb.s2                                0.0653309
xb.src                               -0.158997
xb.nte                                -14.3772
xb.nmiri                               13.6537
xb.nme1                                14.3604
xb.nme2                                14.3593
xb.nve                                 14.2437
xb.ny                                  -1.0168
xb.nvle                                -14.401
xb.nbb                               -0.289207
xb.nbn                                 1.00234
xb.nen                                0.434356
xb.nbp                                -1.01592
xb.nep                               -0.476306
brg                               -1.85465e-07
brg10                             -7.64495e-07
bouta                               -0.0208707
jack                                         0
vw2#branch                                   0
vw1#branch                                   0
vt2s#branch                                  0
vt2r#branch                                  0
vt1s#branch                                  0
vt1r#branch                                  0
vosa#branch                       -1.03829e-14
vsrc#branch                                  0
vmm#branch                           0.0754532
vpp#branch                          -0.0733978


No. of Data Rows : 24038
vam                 =  -6.60001e-03
jb                  =  1.01327e-10
jmax                =  6.75042e-10 at=  2.06266e-02
jmin                =  -1.91817e-04 at=  2.10061e-02
Doing analysis at TEMP = 27.000000 and TNOM = 27.000000

Using SPARSE 1.3 as Direct Linear Solver

Initial Transient Solution
--------------------------

Node                                   Voltage
----                                   -------
vplus                                       15
vminus                                     -15
vsn                                          0
jin                                          0
sel                                4.87995e-09
selk                               4.87995e-09
ain                                2.30749e-05
xa.nref                               -13.6718
xa.ncasc                               9.86857
xa.nx                                  1.01869
xa.nhi                                 13.5712
aout                               -0.00660001
afb                                -0.00659999
xa.vpf                                 14.8482
xa.nrefm                              -14.3359
xa.d1n                                 9.18095
xa.g1                              2.30749e-05
xa.s1                                0.0672412
xa.d2n                                 9.18118
xa.g2                              -0.00659999
xa.s2                                0.0653526
xa.src                               -0.158975
xa.nte                                -14.3772
xa.nmiri                               13.6537
xa.nme1                                14.3604
xa.nme2                                14.3593
xa.nve                                 14.2437
xa.ny                                 -1.00246
xa.nvle                                -14.401
xa.nbb                               -0.274858
xa.nbn                                 1.01669
xa.nen                                0.448688
xa.nbp                                -1.00157
xa.nep                               -0.461984
arg                                -0.00659996
arg10                              -0.00659998
aoc                                    -0.0066
tap6                               -0.00345449
tap12                              -0.00172724
atop                               -0.00659994
nt1r                                         1
t2c                                -0.00345449
nt1s                                         0
nt2r                                         1
nt2s                                         0
att                                -0.00659994
t1                                -0.000294808
t2                                -0.000234174
wip                               -0.000234174
nw1                                          0
nw2                                          1
bin                                1.50287e-08
xb.nref                               -13.6718
xb.ncasc                               9.86857
xb.nx                                  1.00434
xb.nhi                                 13.5712
bout                                -0.0208707
bfb                                -0.00662129
xb.vpf                                 14.8482
xb.nrefm                              -14.3359
xb.d1n                                 9.18095
xb.g1                              1.50302e-08
xb.s1                                 0.067219
xb.d2n                                 9.18118
xb.g2                              -0.00662129
xb.s2                                0.0653309
xb.src                               -0.158997
xb.nte                                -14.3772
xb.nmiri                               13.6537
xb.nme1                                14.3604
xb.nme2                                14.3593
xb.nve                                 14.2437
xb.ny                                  -1.0168
xb.nvle                                -14.401
xb.nbb                               -0.289207
xb.nbn                                 1.00234
xb.nen                                0.434356
xb.nbp                                -1.01592
xb.nep                               -0.476306
brg                               -1.85465e-07
brg10                             -7.64495e-07
bouta                               -0.0208707
jack                                         0
vw2#branch                                   0
vw1#branch                                   0
vt2s#branch                                  0
vt2r#branch                                  0
vt1s#branch                                  0
vt1r#branch                                  0
vosa#branch                       -1.03829e-14
vsrc#branch                                  0
vmm#branch                           0.0754532
vpp#branch                          -0.0733978


No. of Data Rows : 24038
vam                 =  -6.60001e-03
jb                  =  1.01327e-10
jmax                =  1.08580e-10 at=  1.99664e-02
jmin                =  -1.91724e-04 at=  2.10061e-02
Doing analysis at TEMP = 27.000000 and TNOM = 27.000000

Using SPARSE 1.3 as Direct Linear Solver

Initial Transient Solution
--------------------------

Node                                   Voltage
----                                   -------
vplus                                       15
vminus                                     -15
vsn                                          0
jin                                          0
sel                                4.87995e-09
selk                               4.87995e-09
ain                                2.30749e-05
xa.nref                               -13.6718
xa.ncasc                               9.86857
xa.nx                                  1.01869
xa.nhi                                 13.5712
aout                               -0.00660001
afb                                -0.00659999
xa.vpf                                 14.8482
xa.nrefm                              -14.3359
xa.d1n                                 9.18095
xa.g1                              2.30749e-05
xa.s1                                0.0672412
xa.d2n                                 9.18118
xa.g2                              -0.00659999
xa.s2                                0.0653526
xa.src                               -0.158975
xa.nte                                -14.3772
xa.nmiri                               13.6537
xa.nme1                                14.3604
xa.nme2                                14.3593
xa.nve                                 14.2437
xa.ny                                 -1.00246
xa.nvle                                -14.401
xa.nbb                               -0.274858
xa.nbn                                 1.01669
xa.nen                                0.448688
xa.nbp                                -1.00157
xa.nep                               -0.461984
arg                                -0.00659996
arg10                              -0.00659998
aoc                                    -0.0066
tap6                               -0.00345449
tap12                              -0.00172724
atop                               -0.00659994
nt1r                                         1
t2c                                -0.00345449
nt1s                                         0
nt2r                                         1
nt2s                                         0
att                                -0.00659994
t1                                 -0.00659994
t2                                 -0.00524251
wip                                -0.00659994
nw1                                          1
nw2                                          0
bin                                 8.6629e-09
xb.nref                               -13.6718
xb.ncasc                               9.86857
xb.nx                                  1.00434
xb.nhi                                 13.5712
bout                                -0.0208707
bfb                                 -0.0066213
xb.vpf                                 14.8482
xb.nrefm                              -14.3359
xb.d1n                                 9.18095
xb.g1                              8.66443e-09
xb.s1                                 0.067219
xb.d2n                                 9.18118
xb.g2                               -0.0066213
xb.s2                                0.0653309
xb.src                               -0.158997
xb.nte                                -14.3772
xb.nmiri                               13.6537
xb.nme1                                14.3604
xb.nme2                                14.3593
xb.nve                                 14.2437
xb.ny                                  -1.0168
xb.nvle                                -14.401
xb.nbb                               -0.289207
xb.nbn                                 1.00234
xb.nen                                0.434356
xb.nbp                                -1.01592
xb.nep                               -0.476306
brg                               -1.85465e-07
brg10                             -7.64496e-07
bouta                               -0.0208707
jack                                         0
vw2#branch                                   0
vw1#branch                                   0
vt2s#branch                                  0
vt2r#branch                                  0
vt1s#branch                                  0
vt1r#branch                                  0
vosa#branch                       -1.03829e-14
vsrc#branch                                  0
vmm#branch                           0.0754532
vpp#branch                          -0.0733978


No. of Data Rows : 24049
vam                 =  -6.60001e-03
jb                  =  7.33315e-11
jmax                =  2.05731e-02 at=  2.00253e-02
jmin                =  5.37449e-11 at=  1.99957e-02
Doing analysis at TEMP = 27.000000 and TNOM = 27.000000

Using SPARSE 1.3 as Direct Linear Solver

Initial Transient Solution
--------------------------

Node                                   Voltage
----                                   -------
vplus                                       15
vminus                                     -15
vsn                                          0
jin                                          0
sel                                4.87995e-09
selk                               4.87995e-09
ain                                2.30749e-05
xa.nref                               -13.6718
xa.ncasc                               9.86857
xa.nx                                   1.0187
xa.nhi                                 13.5712
aout                               -0.00660002
afb                                    -0.0066
xa.vpf                                 14.8482
xa.nrefm                              -14.3359
xa.d1n                                 9.18095
xa.g1                              2.30749e-05
xa.s1                                0.0672412
xa.d2n                                 9.18118
xa.g2                                  -0.0066
xa.s2                                0.0653525
xa.src                               -0.158975
xa.nte                                -14.3772
xa.nmiri                               13.6537
xa.nme1                                14.3604
xa.nme2                                14.3593
xa.nve                                 14.2437
xa.ny                                 -1.00245
xa.nvle                                -14.401
xa.nbb                               -0.274853
xa.nbn                                  1.0167
xa.nen                                0.448693
xa.nbp                                -1.00156
xa.nep                               -0.461979
arg                                -0.00659997
arg10                              -0.00659999
aoc                                -0.00660001
tap6                               -0.00330818
tap12                              -0.00165409
atop                               -0.00330811
nt1r                                         0
t2c                                -0.00330815
nt1s                                         1
nt2r                                         1
nt2s                                         0
att                                -0.00330811
t1                                 -0.00330811
t2                                 -0.00262773
wip                                -0.00330811
nw1                                          1
nw2                                          0
bin                                1.19547e-08
xb.nref                               -13.6718
xb.ncasc                               9.86857
xb.nx                                  1.00434
xb.nhi                                 13.5712
bout                                -0.0208707
bfb                                -0.00662129
xb.vpf                                 14.8482
xb.nrefm                              -14.3359
xb.d1n                                 9.18095
xb.g1                              1.19562e-08
xb.s1                                 0.067219
xb.d2n                                 9.18118
xb.g2                              -0.00662129
xb.s2                                0.0653309
xb.src                               -0.158997
xb.nte                                -14.3772
xb.nmiri                               13.6537
xb.nme1                                14.3604
xb.nme2                                14.3593
xb.nve                                 14.2437
xb.ny                                  -1.0168
xb.nvle                                -14.401
xb.nbb                               -0.289207
xb.nbn                                 1.00234
xb.nen                                0.434356
xb.nbp                                -1.01592
xb.nep                               -0.476306
brg                               -1.85465e-07
brg10                             -7.64495e-07
bouta                               -0.0208707
jack                                         0
vw2#branch                                   0
vw1#branch                                   0
vt2s#branch                                  0
vt2r#branch                                  0
vt1s#branch                                  0
vt1r#branch                                  0
vosa#branch                       -1.03829e-14
vsrc#branch                                  0
vmm#branch                           0.0754529
vpp#branch                           -0.073398


No. of Data Rows : 24048
vam                 =  -6.60002e-03
jb                  =  1.14514e-10
jmax                =  1.03119e-02 at=  2.00275e-02
jmin                =  9.75401e-11 at=  1.99714e-02
Doing analysis at TEMP = 27.000000 and TNOM = 27.000000

Using SPARSE 1.3 as Direct Linear Solver

Initial Transient Solution
--------------------------

Node                                   Voltage
----                                   -------
vplus                                       15
vminus                                     -15
vsn                                          0
jin                                          0
sel                                4.88745e-09
selk                               4.88746e-09
ain                                 -0.0233769
xa.nref                               -13.6718
xa.ncasc                               9.86857
xa.nx                                 0.995077
xa.nhi                                 13.5712
aout                                -0.0299969
afb                                 -0.0299968
xa.vpf                                 14.8482
xa.nrefm                              -14.3359
xa.d1n                                 9.18095
xa.g1                               -0.0233769
xa.s1                                 0.043893
xa.d2n                                 9.18118
xa.g2                               -0.0299968
xa.s2                                0.0420052
xa.src                               -0.182322
xa.nte                                -14.3772
xa.nmiri                               13.6537
xa.nme1                                14.3604
xa.nme2                                14.3593
xa.nve                                 14.2437
xa.ny                                 -1.02606
xa.nvle                                -14.401
xa.nbb                               -0.298468
xa.nbn                                0.993081
xa.nen                                0.425112
xa.nbp                                -1.02518
xa.nep                               -0.485543
arg                                 -0.0299967
arg10                               -0.0299968
aoc                                 -0.0299969
tap6                                -0.0157006
tap12                              -0.00785028
atop                                -0.0299966
nt1r                                         1
t2c                                 -0.0157006
nt1s                                         0
nt2r                                         1
nt2s                                         0
att                                 -0.0299966
t1                                  -0.0299966
t2                                  -0.0238271
wip                                 -0.0299966
nw1                                          1
nw2                                          0
bin                               -1.47337e-08
xb.nref                               -13.6718
xb.ncasc                               9.86857
xb.nx                                  1.01872
xb.nhi                                 13.5712
bout                               -0.00662319
bfb                                -0.00662317
xb.vpf                                 14.8482
xb.nrefm                              -14.3359
xb.d1n                                 9.18095
xb.g1                             -1.47322e-08
xb.s1                                0.0672181
xb.d2n                                 9.18118
xb.g2                              -0.00662317
xb.s2                                0.0653295
xb.src                               -0.158998
xb.nte                                -14.3772
xb.nmiri                               13.6537
xb.nme1                                14.3604
xb.nme2                                14.3593
xb.nve                                 14.2437
xb.ny                                 -1.00243
xb.nvle                                -14.401
xb.nbb                                -0.27483
xb.nbn                                 1.01672
xb.nen                                0.448713
xb.nbp                                -1.00154
xb.nep                               -0.461959
brg                                -0.00662315
brg10                              -0.00662317
bouta                              -0.00662319
jack                                         0
vw2#branch                                   0
vw1#branch                                   0
vt2s#branch                                  0
vt2r#branch                                  0
vt1s#branch                                  0
vt1r#branch                                  0
vosa#branch                       -1.03989e-14
vsrc#branch                                  0
vmm#branch                            0.075456
vpp#branch                          -0.0733945


No. of Data Rows : 24048
vam                 =  -2.99969e-02
jb                  =  -1.80451e-10
jmax                =  6.35029e-03 at=  2.10017e-02
jmin                =  -1.87607e-10 at=  1.99564e-02
Doing analysis at TEMP = 27.000000 and TNOM = 27.000000

Using SPARSE 1.3 as Direct Linear Solver

Initial Transient Solution
--------------------------

Node                                   Voltage
----                                   -------
vplus                                       15
vminus                                     -15
vsn                                          0
jin                                          0
sel                                4.88745e-09
selk                               4.88746e-09
ain                                 -0.0233769
xa.nref                               -13.6718
xa.ncasc                               9.86857
xa.nx                                 0.995077
xa.nhi                                 13.5712
aout                                -0.0299969
afb                                 -0.0299968
xa.vpf                                 14.8482
xa.nrefm                              -14.3359
xa.d1n                                 9.18095
xa.g1                               -0.0233769
xa.s1                                 0.043893
xa.d2n                                 9.18118
xa.g2                               -0.0299968
xa.s2                                0.0420052
xa.src                               -0.182322
xa.nte                                -14.3772
xa.nmiri                               13.6537
xa.nme1                                14.3604
xa.nme2                                14.3593
xa.nve                                 14.2437
xa.ny                                 -1.02606
xa.nvle                                -14.401
xa.nbb                               -0.298468
xa.nbn                                0.993081
xa.nen                                0.425112
xa.nbp                                -1.02518
xa.nep                               -0.485543
arg                                 -0.0299967
arg10                               -0.0299968
aoc                                 -0.0299969
tap6                                -0.0157006
tap12                              -0.00785028
atop                                -0.0299966
nt1r                                         1
t2c                                 -0.0157006
nt1s                                         0
nt2r                                         1
nt2s                                         0
att                                 -0.0299966
t1                                  -0.0299966
t2                                  -0.0238271
wip                                 -0.0299966
nw1                                          1
nw2                                          0
bin                               -1.47337e-08
xb.nref                               -13.6718
xb.ncasc                               9.86857
xb.nx                                  1.01872
xb.nhi                                 13.5712
bout                               -0.00662319
bfb                                -0.00662317
xb.vpf                                 14.8482
xb.nrefm                              -14.3359
xb.d1n                                 9.18095
xb.g1                             -1.47322e-08
xb.s1                                0.0672181
xb.d2n                                 9.18118
xb.g2                              -0.00662317
xb.s2                                0.0653295
xb.src                               -0.158998
xb.nte                                -14.3772
xb.nmiri                               13.6537
xb.nme1                                14.3604
xb.nme2                                14.3593
xb.nve                                 14.2437
xb.ny                                 -1.00243
xb.nvle                                -14.401
xb.nbb                                -0.27483
xb.nbn                                 1.01672
xb.nen                                0.448713
xb.nbp                                -1.00154
xb.nep                               -0.461959
brg                                -0.00662315
brg10                              -0.00662317
bouta                              -0.00662319
jack                                         0
vw2#branch                                   0
vw1#branch                                   0
vt2s#branch                                  0
vt2r#branch                                  0
vt1s#branch                                  0
vt1r#branch                                  0
vosa#branch                       -1.03989e-14
vsrc#branch                                  0
vmm#branch                            0.075456
vpp#branch                          -0.0733945


No. of Data Rows : 24048
vam                 =  -2.99969e-02
jb                  =  -1.80451e-10
jmax                =  6.35009e-03 at=  2.10017e-02
jmin                =  -2.32033e-07 at=  2.00017e-02
Doing analysis at TEMP = 27.000000 and TNOM = 27.000000

Using SPARSE 1.3 as Direct Linear Solver

Initial Transient Solution
--------------------------

Node                                   Voltage
----                                   -------
vplus                                       15
vminus                                     -15
vsn                                          0
jin                                          0
sel                                4.88745e-09
selk                               4.88746e-09
ain                                 -0.0233769
xa.nref                               -13.6718
xa.ncasc                               9.86857
xa.nx                                 0.995077
xa.nhi                                 13.5712
aout                                -0.0299969
afb                                 -0.0299968
xa.vpf                                 14.8482
xa.nrefm                              -14.3359
xa.d1n                                 9.18095
xa.g1                               -0.0233769
xa.s1                                 0.043893
xa.d2n                                 9.18118
xa.g2                               -0.0299968
xa.s2                                0.0420052
xa.src                               -0.182322
xa.nte                                -14.3772
xa.nmiri                               13.6537
xa.nme1                                14.3604
xa.nme2                                14.3593
xa.nve                                 14.2437
xa.ny                                 -1.02606
xa.nvle                                -14.401
xa.nbb                               -0.298468
xa.nbn                                0.993081
xa.nen                                0.425112
xa.nbp                                -1.02518
xa.nep                               -0.485543
arg                                 -0.0299967
arg10                               -0.0299968
aoc                                 -0.0299969
tap6                                -0.0157006
tap12                              -0.00785028
atop                                -0.0299966
nt1r                                         1
t2c                                 -0.0157006
nt1s                                         0
nt2r                                         1
nt2s                                         0
att                                 -0.0299966
t1                                  -0.0013399
t2                                 -0.00106432
wip                                -0.00106432
nw1                                          0
nw2                                          1
bin                                1.41985e-08
xb.nref                               -13.6718
xb.ncasc                               9.86857
xb.nx                                  1.01872
xb.nhi                                 13.5712
bout                               -0.00662316
bfb                                -0.00662314
xb.vpf                                 14.8482
xb.nrefm                              -14.3359
xb.d1n                                 9.18095
xb.g1                                 1.42e-08
xb.s1                                0.0672182
xb.d2n                                 9.18118
xb.g2                              -0.00662314
xb.s2                                0.0653295
xb.src                               -0.158998
xb.nte                                -14.3772
xb.nmiri                               13.6537
xb.nme1                                14.3604
xb.nme2                                14.3593
xb.nve                                 14.2437
xb.ny                                 -1.00243
xb.nvle                                -14.401
xb.nbb                                -0.27483
xb.nbn                                 1.01672
xb.nen                                0.448713
xb.nbp                                -1.00154
xb.nep                               -0.461959
brg                                -0.00662312
brg10                              -0.00662314
bouta                              -0.00662316
jack                                         0
vw2#branch                                   0
vw1#branch                                   0
vt2s#branch                                  0
vt2r#branch                                  0
vt1s#branch                                  0
vt1r#branch                                  0
vosa#branch                       -1.03989e-14
vsrc#branch                                  0
vmm#branch                            0.075456
vpp#branch                          -0.0733945


No. of Data Rows : 24041
vam                 =  -2.99969e-02
jb                  =  5.75423e-11
jmax                =  8.45470e-10 at=  2.10005e-02
jmin                =  -2.88386e-04 at=  2.10015e-02
Doing analysis at TEMP = 27.000000 and TNOM = 27.000000

Using SPARSE 1.3 as Direct Linear Solver

Initial Transient Solution
--------------------------

Node                                   Voltage
----                                   -------
vplus                                       15
vminus                                     -15
vsn                                          0
jin                                          0
sel                                4.88745e-09
selk                               4.88746e-09
ain                                 -0.0233769
xa.nref                               -13.6718
xa.ncasc                               9.86857
xa.nx                                 0.995077
xa.nhi                                 13.5712
aout                                -0.0299969
afb                                 -0.0299968
xa.vpf                                 14.8482
xa.nrefm                              -14.3359
xa.d1n                                 9.18095
xa.g1                               -0.0233769
xa.s1                                 0.043893
xa.d2n                                 9.18118
xa.g2                               -0.0299968
xa.s2                                0.0420052
xa.src                               -0.182322
xa.nte                                -14.3772
xa.nmiri                               13.6537
xa.nme1                                14.3604
xa.nme2                                14.3593
xa.nve                                 14.2437
xa.ny                                 -1.02606
xa.nvle                                -14.401
xa.nbb                               -0.298468
xa.nbn                                0.993081
xa.nen                                0.425112
xa.nbp                                -1.02518
xa.nep                               -0.485543
arg                                 -0.0299967
arg10                               -0.0299968
aoc                                 -0.0299969
tap6                                -0.0157006
tap12                              -0.00785028
atop                                -0.0299966
nt1r                                         1
t2c                                 -0.0157006
nt1s                                         0
nt2r                                         1
nt2s                                         0
att                                 -0.0299966
t1                                  -0.0013399
t2                                 -0.00106432
wip                                -0.00106432
nw1                                          0
nw2                                          1
bin                                1.41985e-08
xb.nref                               -13.6718
xb.ncasc                               9.86857
xb.nx                                  1.01872
xb.nhi                                 13.5712
bout                               -0.00662316
bfb                                -0.00662314
xb.vpf                                 14.8482
xb.nrefm                              -14.3359
xb.d1n                                 9.18095
xb.g1                                 1.42e-08
xb.s1                                0.0672182
xb.d2n                                 9.18118
xb.g2                              -0.00662314
xb.s2                                0.0653295
xb.src                               -0.158998
xb.nte                                -14.3772
xb.nmiri                               13.6537
xb.nme1                                14.3604
xb.nme2                                14.3593
xb.nve                                 14.2437
xb.ny                                 -1.00243
xb.nvle                                -14.401
xb.nbb                                -0.27483
xb.nbn                                 1.01672
xb.nen                                0.448713
xb.nbp                                -1.00154
xb.nep                               -0.461959
brg                                -0.00662312
brg10                              -0.00662314
bouta                              -0.00662316
jack                                         0
vw2#branch                                   0
vw1#branch                                   0
vt2s#branch                                  0
vt2r#branch                                  0
vt1s#branch                                  0
vt1r#branch                                  0
vosa#branch                       -1.03989e-14
vsrc#branch                                  0
vmm#branch                            0.075456
vpp#branch                          -0.0733945


No. of Data Rows : 24041
vam                 =  -2.99969e-02
jb                  =  5.75423e-11
jmax                =  6.17678e-11 at=  1.99764e-02
jmin                =  -2.87852e-04 at=  2.10015e-02
Doing analysis at TEMP = 27.000000 and TNOM = 27.000000

Using SPARSE 1.3 as Direct Linear Solver

Initial Transient Solution
--------------------------

Node                                   Voltage
----                                   -------
vplus                                       15
vminus                                     -15
vsn                                          0
jin                                          0
sel                                4.88745e-09
selk                               4.88746e-09
ain                                 -0.0233769
xa.nref                               -13.6718
xa.ncasc                               9.86857
xa.nx                                 0.995077
xa.nhi                                 13.5712
aout                                -0.0299969
afb                                 -0.0299968
xa.vpf                                 14.8482
xa.nrefm                              -14.3359
xa.d1n                                 9.18095
xa.g1                               -0.0233769
xa.s1                                 0.043893
xa.d2n                                 9.18118
xa.g2                               -0.0299968
xa.s2                                0.0420052
xa.src                               -0.182322
xa.nte                                -14.3772
xa.nmiri                               13.6537
xa.nme1                                14.3604
xa.nme2                                14.3593
xa.nve                                 14.2437
xa.ny                                 -1.02606
xa.nvle                                -14.401
xa.nbb                               -0.298468
xa.nbn                                0.993081
xa.nen                                0.425112
xa.nbp                                -1.02518
xa.nep                               -0.485543
arg                                 -0.0299967
arg10                               -0.0299968
aoc                                 -0.0299969
tap6                                -0.0157006
tap12                              -0.00785028
atop                                -0.0299966
nt1r                                         1
t2c                                 -0.0157006
nt1s                                         0
nt2r                                         1
nt2s                                         0
att                                 -0.0299966
t1                                  -0.0299966
t2                                  -0.0238271
wip                                 -0.0299966
nw1                                          1
nw2                                          0
bin                               -1.47337e-08
xb.nref                               -13.6718
xb.ncasc                               9.86857
xb.nx                                  1.01872
xb.nhi                                 13.5712
bout                               -0.00662319
bfb                                -0.00662317
xb.vpf                                 14.8482
xb.nrefm                              -14.3359
xb.d1n                                 9.18095
xb.g1                             -1.47322e-08
xb.s1                                0.0672181
xb.d2n                                 9.18118
xb.g2                              -0.00662317
xb.s2                                0.0653295
xb.src                               -0.158998
xb.nte                                -14.3772
xb.nmiri                               13.6537
xb.nme1                                14.3604
xb.nme2                                14.3593
xb.nve                                 14.2437
xb.ny                                 -1.00243
xb.nvle                                -14.401
xb.nbb                                -0.27483
xb.nbn                                 1.01672
xb.nen                                0.448713
xb.nbp                                -1.00154
xb.nep                               -0.461959
brg                                -0.00662315
brg10                              -0.00662317
bouta                              -0.00662319
jack                                         0
vw2#branch                                   0
vw1#branch                                   0
vt2s#branch                                  0
vt2r#branch                                  0
vt1s#branch                                  0
vt1r#branch                                  0
vosa#branch                       -1.03989e-14
vsrc#branch                                  0
vmm#branch                            0.075456
vpp#branch                          -0.0733945


No. of Data Rows : 24060
vam                 =  -2.99969e-02
jb                  =  -1.80451e-10
jmax                =  2.96728e-02 at=  2.00273e-02
jmin                =  -1.87607e-10 at=  1.99564e-02
Doing analysis at TEMP = 27.000000 and TNOM = 27.000000

Using SPARSE 1.3 as Direct Linear Solver

Initial Transient Solution
--------------------------

Node                                   Voltage
----                                   -------
vplus                                       15
vminus                                     -15
vsn                                          0
jin                                          0
sel                                4.88745e-09
selk                               4.88746e-09
ain                                 -0.0233769
xa.nref                               -13.6718
xa.ncasc                               9.86857
xa.nx                                 0.995103
xa.nhi                                 13.5712
aout                                -0.0299969
afb                                 -0.0299968
xa.vpf                                 14.8482
xa.nrefm                              -14.3359
xa.d1n                                 9.18095
xa.g1                               -0.0233769
xa.s1                                 0.043893
xa.d2n                                 9.18118
xa.g2                               -0.0299968
xa.s2                                0.0420052
xa.src                               -0.182322
xa.nte                                -14.3772
xa.nmiri                               13.6537
xa.nme1                                14.3604
xa.nme2                                14.3593
xa.nve                                 14.2437
xa.ny                                 -1.02604
xa.nvle                                -14.401
xa.nbb                               -0.298441
xa.nbn                                0.993107
xa.nen                                0.425136
xa.nbp                                -1.02515
xa.nep                               -0.485519
arg                                 -0.0299967
arg10                               -0.0299968
aoc                                 -0.0299969
tap6                                -0.0150356
tap12                               -0.0075178
atop                                -0.0150353
nt1r                                         0
t2c                                 -0.0150355
nt1s                                         1
nt2r                                         1
nt2s                                         0
att                                 -0.0150353
t1                                  -0.0150353
t2                                   -0.011943
wip                                 -0.0150353
nw1                                          1
nw2                                          0
bin                                2.27538e-10
xb.nref                               -13.6718
xb.ncasc                               9.86857
xb.nx                                  1.01872
xb.nhi                                 13.5712
bout                               -0.00662318
bfb                                -0.00662316
xb.vpf                                 14.8482
xb.nrefm                              -14.3359
xb.d1n                                 9.18095
xb.g1                              2.29065e-10
xb.s1                                0.0672181
xb.d2n                                 9.18118
xb.g2                              -0.00662316
xb.s2                                0.0653295
xb.src                               -0.158998
xb.nte                                -14.3772
xb.nmiri                               13.6537
xb.nme1                                14.3604
xb.nme2                                14.3593
xb.nve                                 14.2437
xb.ny                                 -1.00243
xb.nvle                                -14.401
xb.nbb                                -0.27483
xb.nbn                                 1.01672
xb.nen                                0.448713
xb.nbp                                -1.00154
xb.nep                               -0.461959
brg                                -0.00662313
brg10                              -0.00662315
bouta                              -0.00662318
jack                                         0
vw2#branch                                   0
vw1#branch                                   0
vt2s#branch                                  0
vt2r#branch                                  0
vt1s#branch                                  0
vt1r#branch                                  0
vosa#branch                       -1.03989e-14
vsrc#branch                                  0
vmm#branch                           0.0754549
vpp#branch                          -0.0733956


No. of Data Rows : 24058
vam                 =  -2.99969e-02
jb                  =  -4.29406e-11
jmax                =  1.48730e-02 at=  2.00265e-02
jmin                =  -4.52740e-11 at=  1.99014e-02
Doing analysis at TEMP = 27.000000 and TNOM = 27.000000

Using SPARSE 1.3 as Direct Linear Solver

Initial Transient Solution
--------------------------

Node                                   Voltage
----                                   -------
vplus                                       15
vminus                                     -15
vsn                                          0
jin                                          0
sel                                4.88745e-09
selk                               4.88746e-09
ain                                 -0.0233769
xa.nref                               -13.6718
xa.ncasc                               9.86857
xa.nx                                 0.995077
xa.nhi                                 13.5712
aout                                -0.0299969
afb                                 -0.0299968
xa.vpf                                 14.8482
xa.nrefm                              -14.3359
xa.d1n                                 9.18095
xa.g1                               -0.0233769
xa.s1                                 0.043893
xa.d2n                                 9.18118
xa.g2                               -0.0299968
xa.s2                                0.0420052
xa.src                               -0.182322
xa.nte                                -14.3772
xa.nmiri                               13.6537
xa.nme1                                14.3604
xa.nme2                                14.3593
xa.nve                                 14.2437
xa.ny                                 -1.02606
xa.nvle                                -14.401
xa.nbb                               -0.298468
xa.nbn                                0.993081
xa.nen                                0.425112
xa.nbp                                -1.02518
xa.nep                               -0.485543
arg                                 -0.0299967
arg10                               -0.0299968
aoc                                 -0.0299969
tap6                                -0.0157006
tap12                              -0.00785028
atop                                -0.0299966
nt1r                                         1
t2c                                 -0.0157006
nt1s                                         0
nt2r                                         1
nt2s                                         0
att                                 -0.0299966
t1                                  -0.0299966
t2                                  -0.0238271
wip                                 -0.0299966
nw1                                          1
nw2                                          0
bin                               -1.47337e-08
xb.nref                               -13.6718
xb.ncasc                               9.86857
xb.nx                                  1.01591
xb.nhi                                 13.5712
bout                               -0.00940544
bfb                                -0.00662281
xb.vpf                                 14.8482
xb.nrefm                              -14.3359
xb.d1n                                 9.18095
xb.g1                             -1.47322e-08
xb.s1                                0.0672183
xb.d2n                                 9.18118
xb.g2                              -0.00662281
xb.s2                                0.0653297
xb.src                               -0.158998
xb.nte                                -14.3772
xb.nmiri                               13.6537
xb.nme1                                14.3604
xb.nme2                                14.3593
xb.nve                                 14.2437
xb.ny                                 -1.00523
xb.nvle                                -14.401
xb.nbb                               -0.277637
xb.nbn                                 1.01391
xb.nen                                0.445909
xb.nbp                                -1.00435
xb.nep                               -0.464761
brg                               -1.85508e-07
brg10                               -0.0066228
bouta                              -0.00940544
jack                                         0
vw2#branch                                   0
vw1#branch                                   0
vt2s#branch                                  0
vt2r#branch                                  0
vt1s#branch                                  0
vt1r#branch                                  0
vosa#branch                       -1.03989e-14
vsrc#branch                                  0
vmm#branch                           0.0754568
vpp#branch                          -0.0733935


No. of Data Rows : 24045
vam                 =  -2.99969e-02
jb                  =  -8.27879e-12
jmax                =  8.73984e-03 at=  2.10065e-02
jmin                =  -2.12450e-11 at=  1.99957e-02
Doing analysis at TEMP = 27.000000 and TNOM = 27.000000

Using SPARSE 1.3 as Direct Linear Solver

Initial Transient Solution
--------------------------

Node                                   Voltage
----                                   -------
vplus                                       15
vminus                                     -15
vsn                                          0
jin                                          0
sel                                4.88745e-09
selk                               4.88746e-09
ain                                 -0.0233769
xa.nref                               -13.6718
xa.ncasc                               9.86857
xa.nx                                 0.995077
xa.nhi                                 13.5712
aout                                -0.0299969
afb                                 -0.0299968
xa.vpf                                 14.8482
xa.nrefm                              -14.3359
xa.d1n                                 9.18095
xa.g1                               -0.0233769
xa.s1                                 0.043893
xa.d2n                                 9.18118
xa.g2                               -0.0299968
xa.s2                                0.0420052
xa.src                               -0.182322
xa.nte                                -14.3772
xa.nmiri                               13.6537
xa.nme1                                14.3604
xa.nme2                                14.3593
xa.nve                                 14.2437
xa.ny                                 -1.02606
xa.nvle                                -14.401
xa.nbb                               -0.298468
xa.nbn                                0.993081
xa.nen                                0.425112
xa.nbp                                -1.02518
xa.nep                               -0.485543
arg                                 -0.0299967
arg10                               -0.0299968
aoc                                 -0.0299969
tap6                                -0.0157006
tap12                              -0.00785028
atop                                -0.0299966
nt1r                                         1
t2c                                 -0.0157006
nt1s                                         0
nt2r                                         1
nt2s                                         0
att                                 -0.0299966
t1                                  -0.0299966
t2                                  -0.0238271
wip                                 -0.0299966
nw1                                          1
nw2                                          0
bin                               -1.47337e-08
xb.nref                               -13.6718
xb.ncasc                               9.86857
xb.nx                                  1.01591
xb.nhi                                 13.5712
bout                               -0.00940544
bfb                                -0.00662281
xb.vpf                                 14.8482
xb.nrefm                              -14.3359
xb.d1n                                 9.18095
xb.g1                             -1.47322e-08
xb.s1                                0.0672183
xb.d2n                                 9.18118
xb.g2                              -0.00662281
xb.s2                                0.0653297
xb.src                               -0.158998
xb.nte                                -14.3772
xb.nmiri                               13.6537
xb.nme1                                14.3604
xb.nme2                                14.3593
xb.nve                                 14.2437
xb.ny                                 -1.00523
xb.nvle                                -14.401
xb.nbb                               -0.277637
xb.nbn                                 1.01391
xb.nen                                0.445909
xb.nbp                                -1.00435
xb.nep                               -0.464761
brg                               -1.85508e-07
brg10                               -0.0066228
bouta                              -0.00940544
jack                                         0
vw2#branch                                   0
vw1#branch                                   0
vt2s#branch                                  0
vt2r#branch                                  0
vt1s#branch                                  0
vt1r#branch                                  0
vosa#branch                       -1.03989e-14
vsrc#branch                                  0
vmm#branch                           0.0754568
vpp#branch                          -0.0733935


No. of Data Rows : 24045
vam                 =  -2.99969e-02
jb                  =  -8.27879e-12
jmax                =  8.73983e-03 at=  2.10065e-02
jmin                =  -2.12450e-11 at=  1.99957e-02
Doing analysis at TEMP = 27.000000 and TNOM = 27.000000

Using SPARSE 1.3 as Direct Linear Solver

Initial Transient Solution
--------------------------

Node                                   Voltage
----                                   -------
vplus                                       15
vminus                                     -15
vsn                                          0
jin                                          0
sel                                4.88745e-09
selk                               4.88746e-09
ain                                 -0.0233769
xa.nref                               -13.6718
xa.ncasc                               9.86857
xa.nx                                 0.995077
xa.nhi                                 13.5712
aout                                -0.0299969
afb                                 -0.0299968
xa.vpf                                 14.8482
xa.nrefm                              -14.3359
xa.d1n                                 9.18095
xa.g1                               -0.0233769
xa.s1                                 0.043893
xa.d2n                                 9.18118
xa.g2                               -0.0299968
xa.s2                                0.0420052
xa.src                               -0.182322
xa.nte                                -14.3772
xa.nmiri                               13.6537
xa.nme1                                14.3604
xa.nme2                                14.3593
xa.nve                                 14.2437
xa.ny                                 -1.02606
xa.nvle                                -14.401
xa.nbb                               -0.298468
xa.nbn                                0.993081
xa.nen                                0.425112
xa.nbp                                -1.02518
xa.nep                               -0.485543
arg                                 -0.0299967
arg10                               -0.0299968
aoc                                 -0.0299969
tap6                                -0.0157006
tap12                              -0.00785028
atop                                -0.0299966
nt1r                                         1
t2c                                 -0.0157006
nt1s                                         0
nt2r                                         1
nt2s                                         0
att                                 -0.0299966
t1                                  -0.0013399
t2                                 -0.00106432
wip                                -0.00106432
nw1                                          0
nw2                                          1
bin                                1.41985e-08
xb.nref                               -13.6718
xb.ncasc                               9.86857
xb.nx                                  1.01591
xb.nhi                                 13.5712
bout                               -0.00940539
bfb                                -0.00662278
xb.vpf                                 14.8482
xb.nrefm                              -14.3359
xb.d1n                                 9.18095
xb.g1                                 1.42e-08
xb.s1                                0.0672183
xb.d2n                                 9.18118
xb.g2                              -0.00662278
xb.s2                                0.0653298
xb.src                               -0.158998
xb.nte                                -14.3772
xb.nmiri                               13.6537
xb.nme1                                14.3604
xb.nme2                                14.3593
xb.nve                                 14.2437
xb.ny                                 -1.00523
xb.nvle                                -14.401
xb.nbb                               -0.277637
xb.nbn                                 1.01391
xb.nen                                0.445909
xb.nbp                                -1.00435
xb.nep                               -0.464761
brg                               -1.85507e-07
brg10                              -0.00662278
bouta                              -0.00940539
jack                                         0
vw2#branch                                   0
vw1#branch                                   0
vt2s#branch                                  0
vt2r#branch                                  0
vt1s#branch                                  0
vt1r#branch                                  0
vosa#branch                       -1.03989e-14
vsrc#branch                                  0
vmm#branch                           0.0754568
vpp#branch                          -0.0733935


No. of Data Rows : 24038
vam                 =  -2.99969e-02
jb                  =  5.33442e-11
jmax                =  1.18021e-09 at=  2.09516e-02
jmin                =  -3.91900e-04 at=  2.10035e-02
Doing analysis at TEMP = 27.000000 and TNOM = 27.000000

Using SPARSE 1.3 as Direct Linear Solver

Initial Transient Solution
--------------------------

Node                                   Voltage
----                                   -------
vplus                                       15
vminus                                     -15
vsn                                          0
jin                                          0
sel                                4.88745e-09
selk                               4.88746e-09
ain                                 -0.0233769
xa.nref                               -13.6718
xa.ncasc                               9.86857
xa.nx                                 0.995077
xa.nhi                                 13.5712
aout                                -0.0299969
afb                                 -0.0299968
xa.vpf                                 14.8482
xa.nrefm                              -14.3359
xa.d1n                                 9.18095
xa.g1                               -0.0233769
xa.s1                                 0.043893
xa.d2n                                 9.18118
xa.g2                               -0.0299968
xa.s2                                0.0420052
xa.src                               -0.182322
xa.nte                                -14.3772
xa.nmiri                               13.6537
xa.nme1                                14.3604
xa.nme2                                14.3593
xa.nve                                 14.2437
xa.ny                                 -1.02606
xa.nvle                                -14.401
xa.nbb                               -0.298468
xa.nbn                                0.993081
xa.nen                                0.425112
xa.nbp                                -1.02518
xa.nep                               -0.485543
arg                                 -0.0299967
arg10                               -0.0299968
aoc                                 -0.0299969
tap6                                -0.0157006
tap12                              -0.00785028
atop                                -0.0299966
nt1r                                         1
t2c                                 -0.0157006
nt1s                                         0
nt2r                                         1
nt2s                                         0
att                                 -0.0299966
t1                                  -0.0013399
t2                                 -0.00106432
wip                                -0.00106432
nw1                                          0
nw2                                          1
bin                                1.41985e-08
xb.nref                               -13.6718
xb.ncasc                               9.86857
xb.nx                                  1.01591
xb.nhi                                 13.5712
bout                               -0.00940539
bfb                                -0.00662278
xb.vpf                                 14.8482
xb.nrefm                              -14.3359
xb.d1n                                 9.18095
xb.g1                                 1.42e-08
xb.s1                                0.0672183
xb.d2n                                 9.18118
xb.g2                              -0.00662278
xb.s2                                0.0653298
xb.src                               -0.158998
xb.nte                                -14.3772
xb.nmiri                               13.6537
xb.nme1                                14.3604
xb.nme2                                14.3593
xb.nve                                 14.2437
xb.ny                                 -1.00523
xb.nvle                                -14.401
xb.nbb                               -0.277637
xb.nbn                                 1.01391
xb.nen                                0.445909
xb.nbp                                -1.00435
xb.nep                               -0.464761
brg                               -1.85507e-07
brg10                              -0.00662278
bouta                              -0.00940539
jack                                         0
vw2#branch                                   0
vw1#branch                                   0
vt2s#branch                                  0
vt2r#branch                                  0
vt1s#branch                                  0
vt1r#branch                                  0
vosa#branch                       -1.03989e-14
vsrc#branch                                  0
vmm#branch                           0.0754568
vpp#branch                          -0.0733935


No. of Data Rows : 24038
vam                 =  -2.99969e-02
jb                  =  5.33442e-11
jmax                =  5.89013e-11 at=  1.99464e-02
jmin                =  -3.91907e-04 at=  2.10036e-02
Doing analysis at TEMP = 27.000000 and TNOM = 27.000000

Using SPARSE 1.3 as Direct Linear Solver

Initial Transient Solution
--------------------------

Node                                   Voltage
----                                   -------
vplus                                       15
vminus                                     -15
vsn                                          0
jin                                          0
sel                                4.88745e-09
selk                               4.88746e-09
ain                                 -0.0233769
xa.nref                               -13.6718
xa.ncasc                               9.86857
xa.nx                                 0.995077
xa.nhi                                 13.5712
aout                                -0.0299969
afb                                 -0.0299968
xa.vpf                                 14.8482
xa.nrefm                              -14.3359
xa.d1n                                 9.18095
xa.g1                               -0.0233769
xa.s1                                 0.043893
xa.d2n                                 9.18118
xa.g2                               -0.0299968
xa.s2                                0.0420052
xa.src                               -0.182322
xa.nte                                -14.3772
xa.nmiri                               13.6537
xa.nme1                                14.3604
xa.nme2                                14.3593
xa.nve                                 14.2437
xa.ny                                 -1.02606
xa.nvle                                -14.401
xa.nbb                               -0.298468
xa.nbn                                0.993081
xa.nen                                0.425112
xa.nbp                                -1.02518
xa.nep                               -0.485543
arg                                 -0.0299967
arg10                               -0.0299968
aoc                                 -0.0299969
tap6                                -0.0157006
tap12                              -0.00785028
atop                                -0.0299966
nt1r                                         1
t2c                                 -0.0157006
nt1s                                         0
nt2r                                         1
nt2s                                         0
att                                 -0.0299966
t1                                  -0.0299966
t2                                  -0.0238271
wip                                 -0.0299966
nw1                                          1
nw2                                          0
bin                               -1.47337e-08
xb.nref                               -13.6718
xb.ncasc                               9.86857
xb.nx                                  1.01591
xb.nhi                                 13.5712
bout                               -0.00940544
bfb                                -0.00662281
xb.vpf                                 14.8482
xb.nrefm                              -14.3359
xb.d1n                                 9.18095
xb.g1                             -1.47322e-08
xb.s1                                0.0672183
xb.d2n                                 9.18118
xb.g2                              -0.00662281
xb.s2                                0.0653297
xb.src                               -0.158998
xb.nte                                -14.3772
xb.nmiri                               13.6537
xb.nme1                                14.3604
xb.nme2                                14.3593
xb.nve                                 14.2437
xb.ny                                 -1.00523
xb.nvle                                -14.401
xb.nbb                               -0.277637
xb.nbn                                 1.01391
xb.nen                                0.445909
xb.nbp                                -1.00435
xb.nep                               -0.464761
brg                               -1.85508e-07
brg10                               -0.0066228
bouta                              -0.00940544
jack                                         0
vw2#branch                                   0
vw1#branch                                   0
vt2s#branch                                  0
vt2r#branch                                  0
vt1s#branch                                  0
vt1r#branch                                  0
vosa#branch                       -1.03989e-14
vsrc#branch                                  0
vmm#branch                           0.0754568
vpp#branch                          -0.0733935


No. of Data Rows : 24052
vam                 =  -2.99969e-02
jb                  =  -8.27879e-12
jmax                =  4.21385e-02 at=  2.00259e-02
jmin                =  -2.12450e-11 at=  1.99957e-02
Doing analysis at TEMP = 27.000000 and TNOM = 27.000000

Using SPARSE 1.3 as Direct Linear Solver

Initial Transient Solution
--------------------------

Node                                   Voltage
----                                   -------
vplus                                       15
vminus                                     -15
vsn                                          0
jin                                          0
sel                                4.88745e-09
selk                               4.88746e-09
ain                                 -0.0233769
xa.nref                               -13.6718
xa.ncasc                               9.86857
xa.nx                                 0.995103
xa.nhi                                 13.5712
aout                                -0.0299969
afb                                 -0.0299968
xa.vpf                                 14.8482
xa.nrefm                              -14.3359
xa.d1n                                 9.18095
xa.g1                               -0.0233769
xa.s1                                 0.043893
xa.d2n                                 9.18118
xa.g2                               -0.0299968
xa.s2                                0.0420052
xa.src                               -0.182322
xa.nte                                -14.3772
xa.nmiri                               13.6537
xa.nme1                                14.3604
xa.nme2                                14.3593
xa.nve                                 14.2437
xa.ny                                 -1.02604
xa.nvle                                -14.401
xa.nbb                               -0.298441
xa.nbn                                0.993107
xa.nen                                0.425136
xa.nbp                                -1.02515
xa.nep                               -0.485519
arg                                 -0.0299967
arg10                               -0.0299968
aoc                                 -0.0299969
tap6                                -0.0150356
tap12                               -0.0075178
atop                                -0.0150353
nt1r                                         0
t2c                                 -0.0150355
nt1s                                         1
nt2r                                         1
nt2s                                         0
att                                 -0.0150353
t1                                  -0.0150353
t2                                   -0.011943
wip                                 -0.0150353
nw1                                          1
nw2                                          0
bin                                2.27538e-10
xb.nref                               -13.6718
xb.ncasc                               9.86857
xb.nx                                  1.01591
xb.nhi                                 13.5712
bout                               -0.00940541
bfb                                 -0.0066228
xb.vpf                                 14.8482
xb.nrefm                              -14.3359
xb.d1n                                 9.18095
xb.g1                              2.29065e-10
xb.s1                                0.0672183
xb.d2n                                 9.18118
xb.g2                               -0.0066228
xb.s2                                0.0653297
xb.src                               -0.158998
xb.nte                                -14.3772
xb.nmiri                               13.6537
xb.nme1                                14.3604
xb.nme2                                14.3593
xb.nve                                 14.2437
xb.ny                                 -1.00523
xb.nvle                                -14.401
xb.nbb                               -0.277637
xb.nbn                                 1.01391
xb.nen                                0.445909
xb.nbp                                -1.00435
xb.nep                               -0.464761
brg                               -1.85507e-07
brg10                              -0.00662279
bouta                              -0.00940541
jack                                         0
vw2#branch                                   0
vw1#branch                                   0
vt2s#branch                                  0
vt2r#branch                                  0
vt1s#branch                                  0
vt1r#branch                                  0
vosa#branch                       -1.03989e-14
vsrc#branch                                  0
vmm#branch                           0.0754557
vpp#branch                          -0.0733947


No. of Data Rows : 24055
vam                 =  -2.99969e-02
jb                  =  5.72419e-11
jmax                =  2.11211e-02 at=  2.00257e-02
jmin                =  4.90572e-11 at=  1.99957e-02
Doing analysis at TEMP = 27.000000 and TNOM = 27.000000

Using SPARSE 1.3 as Direct Linear Solver

Initial Transient Solution
--------------------------

Node                                   Voltage
----                                   -------
vplus                                       15
vminus                                     -15
vsn                                          0
jin                                          0
sel                                4.88745e-09
selk                               4.88746e-09
ain                                 -0.0233769
xa.nref                               -13.6718
xa.ncasc                               9.86857
xa.nx                                 0.995077
xa.nhi                                 13.5712
aout                                -0.0299969
afb                                 -0.0299968
xa.vpf                                 14.8482
xa.nrefm                              -14.3359
xa.d1n                                 9.18095
xa.g1                               -0.0233769
xa.s1                                 0.043893
xa.d2n                                 9.18118
xa.g2                               -0.0299968
xa.s2                                0.0420052
xa.src                               -0.182322
xa.nte                                -14.3772
xa.nmiri                               13.6537
xa.nme1                                14.3604
xa.nme2                                14.3593
xa.nve                                 14.2437
xa.ny                                 -1.02606
xa.nvle                                -14.401
xa.nbb                               -0.298468
xa.nbn                                0.993081
xa.nen                                0.425112
xa.nbp                                -1.02518
xa.nep                               -0.485543
arg                                 -0.0299967
arg10                               -0.0299968
aoc                                 -0.0299969
tap6                                -0.0157006
tap12                              -0.00785028
atop                                -0.0299966
nt1r                                         1
t2c                                 -0.0157006
nt1s                                         0
nt2r                                         1
nt2s                                         0
att                                 -0.0299966
t1                                  -0.0299966
t2                                  -0.0238271
wip                                 -0.0299966
nw1                                          1
nw2                                          0
bin                               -1.47337e-08
xb.nref                               -13.6718
xb.ncasc                               9.86857
xb.nx                                  1.00434
xb.nhi                                 13.5712
bout                                -0.0208708
bfb                                -0.00662132
xb.vpf                                 14.8482
xb.nrefm                              -14.3359
xb.d1n                                 9.18095
xb.g1                             -1.47322e-08
xb.s1                                 0.067219
xb.d2n                                 9.18118
xb.g2                              -0.00662132
xb.s2                                0.0653309
xb.src                               -0.158997
xb.nte                                -14.3772
xb.nmiri                               13.6537
xb.nme1                                14.3604
xb.nme2                                14.3593
xb.nve                                 14.2437
xb.ny                                  -1.0168
xb.nvle                                -14.401
xb.nbb                               -0.289207
xb.nbn                                 1.00234
xb.nen                                0.434356
xb.nbp                                -1.01592
xb.nep                               -0.476306
brg                               -1.85466e-07
brg10                             -7.64498e-07
bouta                               -0.0208708
jack                                         0
vw2#branch                                   0
vw1#branch                                   0
vt2s#branch                                  0
vt2r#branch                                  0
vt1s#branch                                  0
vt1r#branch                                  0
vosa#branch                       -1.03989e-14
vsrc#branch                                  0
vmm#branch                           0.0754604
vpp#branch                          -0.0733894


No. of Data Rows : 24043
vam                 =  -2.99969e-02
jb                  =  -8.81577e-11
jmax                =  1.93942e-02 at=  2.10129e-02
jmin                =  -1.03708e-10 at=  1.99614e-02
Doing analysis at TEMP = 27.000000 and TNOM = 27.000000

Using SPARSE 1.3 as Direct Linear Solver

Initial Transient Solution
--------------------------

Node                                   Voltage
----                                   -------
vplus                                       15
vminus                                     -15
vsn                                          0
jin                                          0
sel                                4.88745e-09
selk                               4.88746e-09
ain                                 -0.0233769
xa.nref                               -13.6718
xa.ncasc                               9.86857
xa.nx                                 0.995077
xa.nhi                                 13.5712
aout                                -0.0299969
afb                                 -0.0299968
xa.vpf                                 14.8482
xa.nrefm                              -14.3359
xa.d1n                                 9.18095
xa.g1                               -0.0233769
xa.s1                                 0.043893
xa.d2n                                 9.18118
xa.g2                               -0.0299968
xa.s2                                0.0420052
xa.src                               -0.182322
xa.nte                                -14.3772
xa.nmiri                               13.6537
xa.nme1                                14.3604
xa.nme2                                14.3593
xa.nve                                 14.2437
xa.ny                                 -1.02606
xa.nvle                                -14.401
xa.nbb                               -0.298468
xa.nbn                                0.993081
xa.nen                                0.425112
xa.nbp                                -1.02518
xa.nep                               -0.485543
arg                                 -0.0299967
arg10                               -0.0299968
aoc                                 -0.0299969
tap6                                -0.0157006
tap12                              -0.00785028
atop                                -0.0299966
nt1r                                         1
t2c                                 -0.0157006
nt1s                                         0
nt2r                                         1
nt2s                                         0
att                                 -0.0299966
t1                                  -0.0299966
t2                                  -0.0238271
wip                                 -0.0299966
nw1                                          1
nw2                                          0
bin                               -1.47337e-08
xb.nref                               -13.6718
xb.ncasc                               9.86857
xb.nx                                  1.00434
xb.nhi                                 13.5712
bout                                -0.0208708
bfb                                -0.00662132
xb.vpf                                 14.8482
xb.nrefm                              -14.3359
xb.d1n                                 9.18095
xb.g1                             -1.47322e-08
xb.s1                                 0.067219
xb.d2n                                 9.18118
xb.g2                              -0.00662132
xb.s2                                0.0653309
xb.src                               -0.158997
xb.nte                                -14.3772
xb.nmiri                               13.6537
xb.nme1                                14.3604
xb.nme2                                14.3593
xb.nve                                 14.2437
xb.ny                                  -1.0168
xb.nvle                                -14.401
xb.nbb                               -0.289207
xb.nbn                                 1.00234
xb.nen                                0.434356
xb.nbp                                -1.01592
xb.nep                               -0.476306
brg                               -1.85466e-07
brg10                             -7.64498e-07
bouta                               -0.0208708
jack                                         0
vw2#branch                                   0
vw1#branch                                   0
vt2s#branch                                  0
vt2r#branch                                  0
vt1s#branch                                  0
vt1r#branch                                  0
vosa#branch                       -1.03989e-14
vsrc#branch                                  0
vmm#branch                           0.0754604
vpp#branch                          -0.0733894


No. of Data Rows : 24043
vam                 =  -2.99969e-02
jb                  =  -8.81577e-11
jmax                =  1.93942e-02 at=  2.10129e-02
jmin                =  -1.03708e-10 at=  1.99614e-02
Doing analysis at TEMP = 27.000000 and TNOM = 27.000000

Using SPARSE 1.3 as Direct Linear Solver

Initial Transient Solution
--------------------------

Node                                   Voltage
----                                   -------
vplus                                       15
vminus                                     -15
vsn                                          0
jin                                          0
sel                                4.88745e-09
selk                               4.88746e-09
ain                                 -0.0233769
xa.nref                               -13.6718
xa.ncasc                               9.86857
xa.nx                                 0.995077
xa.nhi                                 13.5712
aout                                -0.0299969
afb                                 -0.0299968
xa.vpf                                 14.8482
xa.nrefm                              -14.3359
xa.d1n                                 9.18095
xa.g1                               -0.0233769
xa.s1                                 0.043893
xa.d2n                                 9.18118
xa.g2                               -0.0299968
xa.s2                                0.0420052
xa.src                               -0.182322
xa.nte                                -14.3772
xa.nmiri                               13.6537
xa.nme1                                14.3604
xa.nme2                                14.3593
xa.nve                                 14.2437
xa.ny                                 -1.02606
xa.nvle                                -14.401
xa.nbb                               -0.298468
xa.nbn                                0.993081
xa.nen                                0.425112
xa.nbp                                -1.02518
xa.nep                               -0.485543
arg                                 -0.0299967
arg10                               -0.0299968
aoc                                 -0.0299969
tap6                                -0.0157006
tap12                              -0.00785028
atop                                -0.0299966
nt1r                                         1
t2c                                 -0.0157006
nt1s                                         0
nt2r                                         1
nt2s                                         0
att                                 -0.0299966
t1                                  -0.0013399
t2                                 -0.00106432
wip                                -0.00106432
nw1                                          0
nw2                                          1
bin                                1.41985e-08
xb.nref                               -13.6718
xb.ncasc                               9.86857
xb.nx                                  1.00434
xb.nhi                                 13.5712
bout                                -0.0208707
bfb                                -0.00662129
xb.vpf                                 14.8482
xb.nrefm                              -14.3359
xb.d1n                                 9.18095
xb.g1                                 1.42e-08
xb.s1                                 0.067219
xb.d2n                                 9.18118
xb.g2                              -0.00662129
xb.s2                                0.0653309
xb.src                               -0.158997
xb.nte                                -14.3772
xb.nmiri                               13.6537
xb.nme1                                14.3604
xb.nme2                                14.3593
xb.nve                                 14.2437
xb.ny                                  -1.0168
xb.nvle                                -14.401
xb.nbb                               -0.289207
xb.nbn                                 1.00234
xb.nen                                0.434356
xb.nbp                                -1.01592
xb.nep                               -0.476306
brg                               -1.85465e-07
brg10                             -7.64495e-07
bouta                               -0.0208707
jack                                         0
vw2#branch                                   0
vw1#branch                                   0
vt2s#branch                                  0
vt2r#branch                                  0
vt1s#branch                                  0
vt1r#branch                                  0
vosa#branch                       -1.03989e-14
vsrc#branch                                  0
vmm#branch                           0.0754604
vpp#branch                          -0.0733894


No. of Data Rows : 24038
vam                 =  -2.99969e-02
jb                  =  9.86343e-11
jmax                =  2.59789e-09 at=  2.07016e-02
jmin                =  -8.71803e-04 at=  2.10061e-02
Doing analysis at TEMP = 27.000000 and TNOM = 27.000000

Using SPARSE 1.3 as Direct Linear Solver

Initial Transient Solution
--------------------------

Node                                   Voltage
----                                   -------
vplus                                       15
vminus                                     -15
vsn                                          0
jin                                          0
sel                                4.88745e-09
selk                               4.88746e-09
ain                                 -0.0233769
xa.nref                               -13.6718
xa.ncasc                               9.86857
xa.nx                                 0.995077
xa.nhi                                 13.5712
aout                                -0.0299969
afb                                 -0.0299968
xa.vpf                                 14.8482
xa.nrefm                              -14.3359
xa.d1n                                 9.18095
xa.g1                               -0.0233769
xa.s1                                 0.043893
xa.d2n                                 9.18118
xa.g2                               -0.0299968
xa.s2                                0.0420052
xa.src                               -0.182322
xa.nte                                -14.3772
xa.nmiri                               13.6537
xa.nme1                                14.3604
xa.nme2                                14.3593
xa.nve                                 14.2437
xa.ny                                 -1.02606
xa.nvle                                -14.401
xa.nbb                               -0.298468
xa.nbn                                0.993081
xa.nen                                0.425112
xa.nbp                                -1.02518
xa.nep                               -0.485543
arg                                 -0.0299967
arg10                               -0.0299968
aoc                                 -0.0299969
tap6                                -0.0157006
tap12                              -0.00785028
atop                                -0.0299966
nt1r                                         1
t2c                                 -0.0157006
nt1s                                         0
nt2r                                         1
nt2s                                         0
att                                 -0.0299966
t1                                  -0.0013399
t2                                 -0.00106432
wip                                -0.00106432
nw1                                          0
nw2                                          1
bin                                1.41985e-08
xb.nref                               -13.6718
xb.ncasc                               9.86857
xb.nx                                  1.00434
xb.nhi                                 13.5712
bout                                -0.0208707
bfb                                -0.00662129
xb.vpf                                 14.8482
xb.nrefm                              -14.3359
xb.d1n                                 9.18095
xb.g1                                 1.42e-08
xb.s1                                 0.067219
xb.d2n                                 9.18118
xb.g2                              -0.00662129
xb.s2                                0.0653309
xb.src                               -0.158997
xb.nte                                -14.3772
xb.nmiri                               13.6537
xb.nme1                                14.3604
xb.nme2                                14.3593
xb.nve                                 14.2437
xb.ny                                  -1.0168
xb.nvle                                -14.401
xb.nbb                               -0.289207
xb.nbn                                 1.00234
xb.nen                                0.434356
xb.nbp                                -1.01592
xb.nep                               -0.476306
brg                               -1.85465e-07
brg10                             -7.64495e-07
bouta                               -0.0208707
jack                                         0
vw2#branch                                   0
vw1#branch                                   0
vt2s#branch                                  0
vt2r#branch                                  0
vt1s#branch                                  0
vt1r#branch                                  0
vosa#branch                       -1.03989e-14
vsrc#branch                                  0
vmm#branch                           0.0754604
vpp#branch                          -0.0733894


No. of Data Rows : 24038
vam                 =  -2.99969e-02
jb                  =  9.86343e-11
jmax                =  1.10044e-10 at=  1.99064e-02
jmin                =  -8.71380e-04 at=  2.10061e-02
Doing analysis at TEMP = 27.000000 and TNOM = 27.000000

Using SPARSE 1.3 as Direct Linear Solver

Initial Transient Solution
--------------------------

Node                                   Voltage
----                                   -------
vplus                                       15
vminus                                     -15
vsn                                          0
jin                                          0
sel                                4.88745e-09
selk                               4.88746e-09
ain                                 -0.0233769
xa.nref                               -13.6718
xa.ncasc                               9.86857
xa.nx                                 0.995077
xa.nhi                                 13.5712
aout                                -0.0299969
afb                                 -0.0299968
xa.vpf                                 14.8482
xa.nrefm                              -14.3359
xa.d1n                                 9.18095
xa.g1                               -0.0233769
xa.s1                                 0.043893
xa.d2n                                 9.18118
xa.g2                               -0.0299968
xa.s2                                0.0420052
xa.src                               -0.182322
xa.nte                                -14.3772
xa.nmiri                               13.6537
xa.nme1                                14.3604
xa.nme2                                14.3593
xa.nve                                 14.2437
xa.ny                                 -1.02606
xa.nvle                                -14.401
xa.nbb                               -0.298468
xa.nbn                                0.993081
xa.nen                                0.425112
xa.nbp                                -1.02518
xa.nep                               -0.485543
arg                                 -0.0299967
arg10                               -0.0299968
aoc                                 -0.0299969
tap6                                -0.0157006
tap12                              -0.00785028
atop                                -0.0299966
nt1r                                         1
t2c                                 -0.0157006
nt1s                                         0
nt2r                                         1
nt2s                                         0
att                                 -0.0299966
t1                                  -0.0299966
t2                                  -0.0238271
wip                                 -0.0299966
nw1                                          1
nw2                                          0
bin                               -1.47337e-08
xb.nref                               -13.6718
xb.ncasc                               9.86857
xb.nx                                  1.00434
xb.nhi                                 13.5712
bout                                -0.0208708
bfb                                -0.00662132
xb.vpf                                 14.8482
xb.nrefm                              -14.3359
xb.d1n                                 9.18095
xb.g1                             -1.47322e-08
xb.s1                                 0.067219
xb.d2n                                 9.18118
xb.g2                              -0.00662132
xb.s2                                0.0653309
xb.src                               -0.158997
xb.nte                                -14.3772
xb.nmiri                               13.6537
xb.nme1                                14.3604
xb.nme2                                14.3593
xb.nve                                 14.2437
xb.ny                                  -1.0168
xb.nvle                                -14.401
xb.nbb                               -0.289207
xb.nbn                                 1.00234
xb.nen                                0.434356
xb.nbp                                -1.01592
xb.nep                               -0.476306
brg                               -1.85466e-07
brg10                             -7.64498e-07
bouta                               -0.0208708
jack                                         0
vw2#branch                                   0
vw1#branch                                   0
vt2s#branch                                  0
vt2r#branch                                  0
vt1s#branch                                  0
vt1r#branch                                  0
vosa#branch                       -1.03989e-14
vsrc#branch                                  0
vmm#branch                           0.0754604
vpp#branch                          -0.0733894


No. of Data Rows : 24051
vam                 =  -2.99969e-02
jb                  =  -8.81577e-11
jmax                =  9.35057e-02 at=  2.00257e-02
jmin                =  -1.03708e-10 at=  1.99614e-02
Doing analysis at TEMP = 27.000000 and TNOM = 27.000000

Using SPARSE 1.3 as Direct Linear Solver

Initial Transient Solution
--------------------------

Node                                   Voltage
----                                   -------
vplus                                       15
vminus                                     -15
vsn                                          0
jin                                          0
sel                                4.88745e-09
selk                               4.88746e-09
ain                                 -0.0233769
xa.nref                               -13.6718
xa.ncasc                               9.86857
xa.nx                                 0.995103
xa.nhi                                 13.5712
aout                                -0.0299969
afb                                 -0.0299968
xa.vpf                                 14.8482
xa.nrefm                              -14.3359
xa.d1n                                 9.18095
xa.g1                               -0.0233769
xa.s1                                 0.043893
xa.d2n                                 9.18118
xa.g2                               -0.0299968
xa.s2                                0.0420052
xa.src                               -0.182322
xa.nte                                -14.3772
xa.nmiri                               13.6537
xa.nme1                                14.3604
xa.nme2                                14.3593
xa.nve                                 14.2437
xa.ny                                 -1.02604
xa.nvle                                -14.401
xa.nbb                               -0.298441
xa.nbn                                0.993107
xa.nen                                0.425136
xa.nbp                                -1.02515
xa.nep                               -0.485519
arg                                 -0.0299967
arg10                               -0.0299968
aoc                                 -0.0299969
tap6                                -0.0150356
tap12                               -0.0075178
atop                                -0.0150353
nt1r                                         0
t2c                                 -0.0150355
nt1s                                         1
nt2r                                         1
nt2s                                         0
att                                 -0.0150353
t1                                  -0.0150353
t2                                   -0.011943
wip                                 -0.0150353
nw1                                          1
nw2                                          0
bin                                 2.2754e-10
xb.nref                               -13.6718
xb.ncasc                               9.86857
xb.nx                                  1.00434
xb.nhi                                 13.5712
bout                                -0.0208707
bfb                                 -0.0066213
xb.vpf                                 14.8482
xb.nrefm                              -14.3359
xb.d1n                                 9.18095
xb.g1                              2.29066e-10
xb.s1                                 0.067219
xb.d2n                                 9.18118
xb.g2                               -0.0066213
xb.s2                                0.0653309
xb.src                               -0.158997
xb.nte                                -14.3772
xb.nmiri                               13.6537
xb.nme1                                14.3604
xb.nme2                                14.3593
xb.nve                                 14.2437
xb.ny                                  -1.0168
xb.nvle                                -14.401
xb.nbb                               -0.289207
xb.nbn                                 1.00234
xb.nen                                0.434356
xb.nbp                                -1.01592
xb.nep                               -0.476306
brg                               -1.85466e-07
brg10                             -7.64497e-07
bouta                               -0.0208707
jack                                         0
vw2#branch                                   0
vw1#branch                                   0
vt2s#branch                                  0
vt2r#branch                                  0
vt1s#branch                                  0
vt1r#branch                                  0
vosa#branch                       -1.03989e-14
vsrc#branch                                  0
vmm#branch                           0.0754593
vpp#branch                          -0.0733906


No. of Data Rows : 24053
vam                 =  -2.99969e-02
jb                  =  5.94213e-11
jmax                =  4.68679e-02 at=  2.00271e-02
jmin                =  5.53432e-11 at=  1.99064e-02
Doing analysis at TEMP = 27.000000 and TNOM = 27.000000

Using SPARSE 1.3 as Direct Linear Solver

Initial Transient Solution
--------------------------

Node                                   Voltage
----                                   -------
vplus                                       15
vminus                                     -15
vsn                                          0
jin                                          0
sel                                4.86822e-09
selk                               4.86822e-09
ain                                  0.0366231
xa.nref                               -13.6718
xa.ncasc                               9.86857
xa.nx                                  1.05562
xa.nhi                                 13.5711
aout                                 0.0299952
afb                                  0.0299951
xa.vpf                                 14.8482
xa.nrefm                              -14.3359
xa.d1n                                 9.18095
xa.g1                                0.0366231
xa.s1                                  0.10376
xa.d2n                                 9.18118
xa.g2                                0.0299951
xa.s2                                  0.10187
xa.src                               -0.122459
xa.nte                                -14.3772
xa.nmiri                               13.6537
xa.nme1                                14.3604
xa.nme2                                14.3593
xa.nve                                 14.2436
xa.ny                                -0.965529
xa.nvle                                -14.401
xa.nbb                               -0.237931
xa.nbn                                 1.05362
xa.nen                                0.485563
xa.nbp                               -0.964645
xa.nep                               -0.425134
arg                                   0.029995
arg10                                0.0299951
aoc                                  0.0299952
tap6                                 0.0156997
tap12                               0.00784984
atop                                 0.0299949
nt1r                                         1
t2c                                  0.0156997
nt1s                                         0
nt2r                                         1
nt2s                                         0
att                                  0.0299949
t1                                   0.0299949
t2                                   0.0238258
wip                                  0.0299949
nw1                                          1
nw2                                          0
bin                                4.52577e-08
xb.nref                               -13.6718
xb.ncasc                               9.86857
xb.nx                                  1.01872
xb.nhi                                 13.5712
bout                               -0.00662313
bfb                                -0.00662311
xb.vpf                                 14.8482
xb.nrefm                              -14.3359
xb.d1n                                 9.18095
xb.g1                              4.52592e-08
xb.s1                                0.0672182
xb.d2n                                 9.18118
xb.g2                              -0.00662311
xb.s2                                0.0653295
xb.src                               -0.158998
xb.nte                                -14.3772
xb.nmiri                               13.6537
xb.nme1                                14.3604
xb.nme2                                14.3593
xb.nve                                 14.2437
xb.ny                                 -1.00243
xb.nvle                                -14.401
xb.nbb                               -0.274829
xb.nbn                                 1.01672
xb.nen                                0.448713
xb.nbp                                -1.00154
xb.nep                               -0.461959
brg                                -0.00662309
brg10                              -0.00662311
bouta                              -0.00662313
jack                                         0
vw2#branch                                   0
vw1#branch                                   0
vt2s#branch                                  0
vt2r#branch                                  0
vt1s#branch                                  0
vt1r#branch                                  0
vosa#branch                        -1.0358e-14
vsrc#branch                                  0
vmm#branch                           0.0754375
vpp#branch                          -0.0734159


No. of Data Rows : 24047
vam                 =  2.99952e-02
jb                  =  3.14660e-10
jmax                =  3.24879e-10 at=  1.99714e-02
jmin                =  -6.35319e-03 at=  2.10018e-02
Doing analysis at TEMP = 27.000000 and TNOM = 27.000000

Using SPARSE 1.3 as Direct Linear Solver

Initial Transient Solution
--------------------------

Node                                   Voltage
----                                   -------
vplus                                       15
vminus                                     -15
vsn                                          0
jin                                          0
sel                                4.86822e-09
selk                               4.86822e-09
ain                                  0.0366231
xa.nref                               -13.6718
xa.ncasc                               9.86857
xa.nx                                  1.05562
xa.nhi                                 13.5711
aout                                 0.0299952
afb                                  0.0299951
xa.vpf                                 14.8482
xa.nrefm                              -14.3359
xa.d1n                                 9.18095
xa.g1                                0.0366231
xa.s1                                  0.10376
xa.d2n                                 9.18118
xa.g2                                0.0299951
xa.s2                                  0.10187
xa.src                               -0.122459
xa.nte                                -14.3772
xa.nmiri                               13.6537
xa.nme1                                14.3604
xa.nme2                                14.3593
xa.nve                                 14.2436
xa.ny                                -0.965529
xa.nvle                                -14.401
xa.nbb                               -0.237931
xa.nbn                                 1.05362
xa.nen                                0.485563
xa.nbp                               -0.964645
xa.nep                               -0.425134
arg                                   0.029995
arg10                                0.0299951
aoc                                  0.0299952
tap6                                 0.0156997
tap12                               0.00784984
atop                                 0.0299949
nt1r                                         1
t2c                                  0.0156997
nt1s                                         0
nt2r                                         1
nt2s                                         0
att                                  0.0299949
t1                                   0.0299949
t2                                   0.0238258
wip                                  0.0299949
nw1                                          1
nw2                                          0
bin                                4.52577e-08
xb.nref                               -13.6718
xb.ncasc                               9.86857
xb.nx                                  1.01872
xb.nhi                                 13.5712
bout                               -0.00662313
bfb                                -0.00662311
xb.vpf                                 14.8482
xb.nrefm                              -14.3359
xb.d1n                                 9.18095
xb.g1                              4.52592e-08
xb.s1                                0.0672182
xb.d2n                                 9.18118
xb.g2                              -0.00662311
xb.s2                                0.0653295
xb.src                               -0.158998
xb.nte                                -14.3772
xb.nmiri                               13.6537
xb.nme1                                14.3604
xb.nme2                                14.3593
xb.nve                                 14.2437
xb.ny                                 -1.00243
xb.nvle                                -14.401
xb.nbb                               -0.274829
xb.nbn                                 1.01672
xb.nen                                0.448713
xb.nbp                                -1.00154
xb.nep                               -0.461959
brg                                -0.00662309
brg10                              -0.00662311
bouta                              -0.00662313
jack                                         0
vw2#branch                                   0
vw1#branch                                   0
vt2s#branch                                  0
vt2r#branch                                  0
vt1s#branch                                  0
vt1r#branch                                  0
vosa#branch                        -1.0358e-14
vsrc#branch                                  0
vmm#branch                           0.0754375
vpp#branch                          -0.0734159


No. of Data Rows : 24047
vam                 =  2.99952e-02
jb                  =  3.14660e-10
jmax                =  2.32159e-07 at=  2.00017e-02
jmin                =  -6.35312e-03 at=  2.10018e-02
Doing analysis at TEMP = 27.000000 and TNOM = 27.000000

Using SPARSE 1.3 as Direct Linear Solver

Initial Transient Solution
--------------------------

Node                                   Voltage
----                                   -------
vplus                                       15
vminus                                     -15
vsn                                          0
jin                                          0
sel                                4.86822e-09
selk                               4.86822e-09
ain                                  0.0366231
xa.nref                               -13.6718
xa.ncasc                               9.86857
xa.nx                                  1.05562
xa.nhi                                 13.5711
aout                                 0.0299952
afb                                  0.0299951
xa.vpf                                 14.8482
xa.nrefm                              -14.3359
xa.d1n                                 9.18095
xa.g1                                0.0366231
xa.s1                                  0.10376
xa.d2n                                 9.18118
xa.g2                                0.0299951
xa.s2                                  0.10187
xa.src                               -0.122459
xa.nte                                -14.3772
xa.nmiri                               13.6537
xa.nme1                                14.3604
xa.nme2                                14.3593
xa.nve                                 14.2436
xa.ny                                -0.965529
xa.nvle                                -14.401
xa.nbb                               -0.237931
xa.nbn                                 1.05362
xa.nen                                0.485563
xa.nbp                               -0.964645
xa.nep                               -0.425134
arg                                   0.029995
arg10                                0.0299951
aoc                                  0.0299952
tap6                                 0.0156997
tap12                               0.00784984
atop                                 0.0299949
nt1r                                         1
t2c                                  0.0156997
nt1s                                         0
nt2r                                         1
nt2s                                         0
att                                  0.0299949
t1                                  0.00133982
t2                                  0.00106426
wip                                 0.00106426
nw1                                          0
nw2                                          1
bin                                1.63271e-08
xb.nref                               -13.6718
xb.ncasc                               9.86857
xb.nx                                  1.01872
xb.nhi                                 13.5712
bout                               -0.00662316
bfb                                -0.00662314
xb.vpf                                 14.8482
xb.nrefm                              -14.3359
xb.d1n                                 9.18095
xb.g1                              1.63286e-08
xb.s1                                0.0672182
xb.d2n                                 9.18118
xb.g2                              -0.00662314
xb.s2                                0.0653295
xb.src                               -0.158998
xb.nte                                -14.3772
xb.nmiri                               13.6537
xb.nme1                                14.3604
xb.nme2                                14.3593
xb.nve                                 14.2437
xb.ny                                 -1.00243
xb.nvle                                -14.401
xb.nbb                                -0.27483
xb.nbn                                 1.01672
xb.nen                                0.448713
xb.nbp                                -1.00154
xb.nep                               -0.461959
brg                                -0.00662312
brg10                              -0.00662313
bouta                              -0.00662316
jack                                         0
vw2#branch                                   0
vw1#branch                                   0
vt2s#branch                                  0
vt2r#branch                                  0
vt1s#branch                                  0
vt1r#branch                                  0
vosa#branch                        -1.0358e-14
vsrc#branch                                  0
vmm#branch                           0.0754375
vpp#branch                          -0.0734159


No. of Data Rows : 24041
vam                 =  2.99952e-02
jb                  =  4.66396e-11
jmax                =  2.88370e-04 at=  2.10015e-02
jmin                =  -7.43698e-10 at=  2.07316e-02
Doing analysis at TEMP = 27.000000 and TNOM = 27.000000

Using SPARSE 1.3 as Direct Linear Solver

Initial Transient Solution
--------------------------

Node                                   Voltage
----                                   -------
vplus                                       15
vminus                                     -15
vsn                                          0
jin                                          0
sel                                4.86822e-09
selk                               4.86822e-09
ain                                  0.0366231
xa.nref                               -13.6718
xa.ncasc                               9.86857
xa.nx                                  1.05562
xa.nhi                                 13.5711
aout                                 0.0299952
afb                                  0.0299951
xa.vpf                                 14.8482
xa.nrefm                              -14.3359
xa.d1n                                 9.18095
xa.g1                                0.0366231
xa.s1                                  0.10376
xa.d2n                                 9.18118
xa.g2                                0.0299951
xa.s2                                  0.10187
xa.src                               -0.122459
xa.nte                                -14.3772
xa.nmiri                               13.6537
xa.nme1                                14.3604
xa.nme2                                14.3593
xa.nve                                 14.2436
xa.ny                                -0.965529
xa.nvle                                -14.401
xa.nbb                               -0.237931
xa.nbn                                 1.05362
xa.nen                                0.485563
xa.nbp                               -0.964645
xa.nep                               -0.425134
arg                                   0.029995
arg10                                0.0299951
aoc                                  0.0299952
tap6                                 0.0156997
tap12                               0.00784984
atop                                 0.0299949
nt1r                                         1
t2c                                  0.0156997
nt1s                                         0
nt2r                                         1
nt2s                                         0
att                                  0.0299949
t1                                  0.00133982
t2                                  0.00106426
wip                                 0.00106426
nw1                                          0
nw2                                          1
bin                                1.63271e-08
xb.nref                               -13.6718
xb.ncasc                               9.86857
xb.nx                                  1.01872
xb.nhi                                 13.5712
bout                               -0.00662316
bfb                                -0.00662314
xb.vpf                                 14.8482
xb.nrefm                              -14.3359
xb.d1n                                 9.18095
xb.g1                              1.63286e-08
xb.s1                                0.0672182
xb.d2n                                 9.18118
xb.g2                              -0.00662314
xb.s2                                0.0653295
xb.src                               -0.158998
xb.nte                                -14.3772
xb.nmiri                               13.6537
xb.nme1                                14.3604
xb.nme2                                14.3593
xb.nve                                 14.2437
xb.ny                                 -1.00243
xb.nvle                                -14.401
xb.nbb                                -0.27483
xb.nbn                                 1.01672
xb.nen                                0.448713
xb.nbp                                -1.00154
xb.nep                               -0.461959
brg                                -0.00662312
brg10                              -0.00662313
bouta                              -0.00662316
jack                                         0
vw2#branch                                   0
vw1#branch                                   0
vt2s#branch                                  0
vt2r#branch                                  0
vt1s#branch                                  0
vt1r#branch                                  0
vosa#branch                        -1.0358e-14
vsrc#branch                                  0
vmm#branch                           0.0754375
vpp#branch                          -0.0734159


No. of Data Rows : 24041
vam                 =  2.99952e-02
jb                  =  4.66396e-11
jmax                =  2.87836e-04 at=  2.10015e-02
jmin                =  4.11748e-11 at=  2.00007e-02
Doing analysis at TEMP = 27.000000 and TNOM = 27.000000

Using SPARSE 1.3 as Direct Linear Solver

Initial Transient Solution
--------------------------

Node                                   Voltage
----                                   -------
vplus                                       15
vminus                                     -15
vsn                                          0
jin                                          0
sel                                4.86822e-09
selk                               4.86822e-09
ain                                  0.0366231
xa.nref                               -13.6718
xa.ncasc                               9.86857
xa.nx                                  1.05562
xa.nhi                                 13.5711
aout                                 0.0299952
afb                                  0.0299951
xa.vpf                                 14.8482
xa.nrefm                              -14.3359
xa.d1n                                 9.18095
xa.g1                                0.0366231
xa.s1                                  0.10376
xa.d2n                                 9.18118
xa.g2                                0.0299951
xa.s2                                  0.10187
xa.src                               -0.122459
xa.nte                                -14.3772
xa.nmiri                               13.6537
xa.nme1                                14.3604
xa.nme2                                14.3593
xa.nve                                 14.2436
xa.ny                                -0.965529
xa.nvle                                -14.401
xa.nbb                               -0.237931
xa.nbn                                 1.05362
xa.nen                                0.485563
xa.nbp                               -0.964645
xa.nep                               -0.425134
arg                                   0.029995
arg10                                0.0299951
aoc                                  0.0299952
tap6                                 0.0156997
tap12                               0.00784984
atop                                 0.0299949
nt1r                                         1
t2c                                  0.0156997
nt1s                                         0
nt2r                                         1
nt2s                                         0
att                                  0.0299949
t1                                   0.0299949
t2                                   0.0238258
wip                                  0.0299949
nw1                                          1
nw2                                          0
bin                                4.52577e-08
xb.nref                               -13.6718
xb.ncasc                               9.86857
xb.nx                                  1.01872
xb.nhi                                 13.5712
bout                               -0.00662313
bfb                                -0.00662311
xb.vpf                                 14.8482
xb.nrefm                              -14.3359
xb.d1n                                 9.18095
xb.g1                              4.52592e-08
xb.s1                                0.0672182
xb.d2n                                 9.18118
xb.g2                              -0.00662311
xb.s2                                0.0653295
xb.src                               -0.158998
xb.nte                                -14.3772
xb.nmiri                               13.6537
xb.nme1                                14.3604
xb.nme2                                14.3593
xb.nve                                 14.2437
xb.ny                                 -1.00243
xb.nvle                                -14.401
xb.nbb                               -0.274829
xb.nbn                                 1.01672
xb.nen                                0.448713
xb.nbp                                -1.00154
xb.nep                               -0.461959
brg                                -0.00662309
brg10                              -0.00662311
bouta                              -0.00662313
jack                                         0
vw2#branch                                   0
vw1#branch                                   0
vt2s#branch                                  0
vt2r#branch                                  0
vt1s#branch                                  0
vt1r#branch                                  0
vosa#branch                        -1.0358e-14
vsrc#branch                                  0
vmm#branch                           0.0754375
vpp#branch                          -0.0734159


No. of Data Rows : 24060
vam                 =  2.99952e-02
jb                  =  3.14660e-10
jmax                =  3.24879e-10 at=  1.99714e-02
jmin                =  -2.96711e-02 at=  2.00228e-02
Doing analysis at TEMP = 27.000000 and TNOM = 27.000000

Using SPARSE 1.3 as Direct Linear Solver

Initial Transient Solution
--------------------------

Node                                   Voltage
----                                   -------
vplus                                       15
vminus                                     -15
vsn                                          0
jin                                          0
sel                                4.86822e-09
selk                               4.86822e-09
ain                                  0.0366231
xa.nref                               -13.6718
xa.ncasc                               9.86857
xa.nx                                   1.0556
xa.nhi                                 13.5711
aout                                 0.0299952
afb                                  0.0299951
xa.vpf                                 14.8482
xa.nrefm                              -14.3359
xa.d1n                                 9.18095
xa.g1                                0.0366231
xa.s1                                  0.10376
xa.d2n                                 9.18118
xa.g2                                0.0299951
xa.s2                                  0.10187
xa.src                               -0.122459
xa.nte                                -14.3772
xa.nmiri                               13.6537
xa.nme1                                14.3604
xa.nme2                                14.3593
xa.nve                                 14.2436
xa.ny                                -0.965556
xa.nvle                                -14.401
xa.nbb                               -0.237957
xa.nbn                                  1.0536
xa.nen                                0.485539
xa.nbp                               -0.964671
xa.nep                               -0.425159
arg                                   0.029995
arg10                                0.0299951
aoc                                  0.0299952
tap6                                 0.0150348
tap12                               0.00751738
atop                                 0.0150345
nt1r                                         0
t2c                                  0.0150346
nt1s                                         1
nt2r                                         1
nt2s                                         0
att                                  0.0150345
t1                                   0.0150345
t2                                   0.0119423
wip                                  0.0150345
nw1                                          1
nw2                                          0
bin                                3.02973e-08
xb.nref                               -13.6718
xb.ncasc                               9.86857
xb.nx                                  1.01872
xb.nhi                                 13.5712
bout                               -0.00662315
bfb                                -0.00662313
xb.vpf                                 14.8482
xb.nrefm                              -14.3359
xb.d1n                                 9.18095
xb.g1                              3.02988e-08
xb.s1                                0.0672182
xb.d2n                                 9.18118
xb.g2                              -0.00662313
xb.s2                                0.0653295
xb.src                               -0.158998
xb.nte                                -14.3772
xb.nmiri                               13.6537
xb.nme1                                14.3604
xb.nme2                                14.3593
xb.nve                                 14.2437
xb.ny                                 -1.00243
xb.nvle                                -14.401
xb.nbb                                -0.27483
xb.nbn                                 1.01672
xb.nen                                0.448713
xb.nbp                                -1.00154
xb.nep                               -0.461959
brg                                 -0.0066231
brg10                              -0.00662312
bouta                              -0.00662315
jack                                         0
vw2#branch                                   0
vw1#branch                                   0
vt2s#branch                                  0
vt2r#branch                                  0
vt1s#branch                                  0
vt1r#branch                                  0
vosa#branch                       -1.03579e-14
vsrc#branch                                  0
vmm#branch                           0.0754386
vpp#branch                          -0.0734148


No. of Data Rows : 24057
vam                 =  2.99952e-02
jb                  =  1.00984e-10
jmax                =  1.07961e-10 at=  1.99764e-02
jmin                =  -1.48721e-02 at=  2.00254e-02
Doing analysis at TEMP = 27.000000 and TNOM = 27.000000

Using SPARSE 1.3 as Direct Linear Solver

Initial Transient Solution
--------------------------

Node                                   Voltage
----                                   -------
vplus                                       15
vminus                                     -15
vsn                                          0
jin                                          0
sel                                4.86822e-09
selk                               4.86822e-09
ain                                  0.0366231
xa.nref                               -13.6718
xa.ncasc                               9.86857
xa.nx                                  1.05562
xa.nhi                                 13.5711
aout                                 0.0299952
afb                                  0.0299951
xa.vpf                                 14.8482
xa.nrefm                              -14.3359
xa.d1n                                 9.18095
xa.g1                                0.0366231
xa.s1                                  0.10376
xa.d2n                                 9.18118
xa.g2                                0.0299951
xa.s2                                  0.10187
xa.src                               -0.122459
xa.nte                                -14.3772
xa.nmiri                               13.6537
xa.nme1                                14.3604
xa.nme2                                14.3593
xa.nve                                 14.2436
xa.ny                                -0.965529
xa.nvle                                -14.401
xa.nbb                               -0.237931
xa.nbn                                 1.05362
xa.nen                                0.485563
xa.nbp                               -0.964645
xa.nep                               -0.425134
arg                                   0.029995
arg10                                0.0299951
aoc                                  0.0299952
tap6                                 0.0156997
tap12                               0.00784984
atop                                 0.0299949
nt1r                                         1
t2c                                  0.0156997
nt1s                                         0
nt2r                                         1
nt2s                                         0
att                                  0.0299949
t1                                   0.0299949
t2                                   0.0238258
wip                                  0.0299949
nw1                                          1
nw2                                          0
bin                                4.52577e-08
xb.nref                               -13.6718
xb.ncasc                               9.86857
xb.nx                                  1.01591
xb.nhi                                 13.5712
bout                               -0.00940535
bfb                                -0.00662275
xb.vpf                                 14.8482
xb.nrefm                              -14.3359
xb.d1n                                 9.18095
xb.g1                              4.52592e-08
xb.s1                                0.0672184
xb.d2n                                 9.18118
xb.g2                              -0.00662275
xb.s2                                0.0653298
xb.src                               -0.158998
xb.nte                                -14.3772
xb.nmiri                               13.6537
xb.nme1                                14.3604
xb.nme2                                14.3593
xb.nve                                 14.2437
xb.ny                                 -1.00523
xb.nvle                                -14.401
xb.nbb                               -0.277637
xb.nbn                                 1.01391
xb.nen                                0.445909
xb.nbp                                -1.00435
xb.nep                               -0.464761
brg                               -1.85506e-07
brg10                              -0.00662274
bouta                              -0.00940535
jack                                         0
vw2#branch                                   0
vw1#branch                                   0
vt2s#branch                                  0
vt2r#branch                                  0
vt1s#branch                                  0
vt1r#branch                                  0
vosa#branch                        -1.0358e-14
vsrc#branch                                  0
vmm#branch                           0.0754384
vpp#branch                          -0.0734149


No. of Data Rows : 24040
vam                 =  2.99952e-02
jb                  =  1.43366e-10
jmax                =  1.51726e-10 at=  1.99957e-02
jmin                =  -8.73998e-03 at=  2.10079e-02
Doing analysis at TEMP = 27.000000 and TNOM = 27.000000

Using SPARSE 1.3 as Direct Linear Solver

Initial Transient Solution
--------------------------

Node                                   Voltage
----                                   -------
vplus                                       15
vminus                                     -15
vsn                                          0
jin                                          0
sel                                4.86822e-09
selk                               4.86822e-09
ain                                  0.0366231
xa.nref                               -13.6718
xa.ncasc                               9.86857
xa.nx                                  1.05562
xa.nhi                                 13.5711
aout                                 0.0299952
afb                                  0.0299951
xa.vpf                                 14.8482
xa.nrefm                              -14.3359
xa.d1n                                 9.18095
xa.g1                                0.0366231
xa.s1                                  0.10376
xa.d2n                                 9.18118
xa.g2                                0.0299951
xa.s2                                  0.10187
xa.src                               -0.122459
xa.nte                                -14.3772
xa.nmiri                               13.6537
xa.nme1                                14.3604
xa.nme2                                14.3593
xa.nve                                 14.2436
xa.ny                                -0.965529
xa.nvle                                -14.401
xa.nbb                               -0.237931
xa.nbn                                 1.05362
xa.nen                                0.485563
xa.nbp                               -0.964645
xa.nep                               -0.425134
arg                                   0.029995
arg10                                0.0299951
aoc                                  0.0299952
tap6                                 0.0156997
tap12                               0.00784984
atop                                 0.0299949
nt1r                                         1
t2c                                  0.0156997
nt1s                                         0
nt2r                                         1
nt2s                                         0
att                                  0.0299949
t1                                   0.0299949
t2                                   0.0238258
wip                                  0.0299949
nw1                                          1
nw2                                          0
bin                                4.52577e-08
xb.nref                               -13.6718
xb.ncasc                               9.86857
xb.nx                                  1.01591
xb.nhi                                 13.5712
bout                               -0.00940535
bfb                                -0.00662275
xb.vpf                                 14.8482
xb.nrefm                              -14.3359
xb.d1n                                 9.18095
xb.g1                              4.52592e-08
xb.s1                                0.0672184
xb.d2n                                 9.18118
xb.g2                              -0.00662275
xb.s2                                0.0653298
xb.src                               -0.158998
xb.nte                                -14.3772
xb.nmiri                               13.6537
xb.nme1                                14.3604
xb.nme2                                14.3593
xb.nve                                 14.2437
xb.ny                                 -1.00523
xb.nvle                                -14.401
xb.nbb                               -0.277637
xb.nbn                                 1.01391
xb.nen                                0.445909
xb.nbp                                -1.00435
xb.nep                               -0.464761
brg                               -1.85506e-07
brg10                              -0.00662274
bouta                              -0.00940535
jack                                         0
vw2#branch                                   0
vw1#branch                                   0
vt2s#branch                                  0
vt2r#branch                                  0
vt1s#branch                                  0
vt1r#branch                                  0
vosa#branch                        -1.0358e-14
vsrc#branch                                  0
vmm#branch                           0.0754384
vpp#branch                          -0.0734149


No. of Data Rows : 24040
vam                 =  2.99952e-02
jb                  =  1.43366e-10
jmax                =  1.51726e-10 at=  1.99957e-02
jmin                =  -8.74003e-03 at=  2.10079e-02
Doing analysis at TEMP = 27.000000 and TNOM = 27.000000

Using SPARSE 1.3 as Direct Linear Solver

Initial Transient Solution
--------------------------

Node                                   Voltage
----                                   -------
vplus                                       15
vminus                                     -15
vsn                                          0
jin                                          0
sel                                4.86822e-09
selk                               4.86822e-09
ain                                  0.0366231
xa.nref                               -13.6718
xa.ncasc                               9.86857
xa.nx                                  1.05562
xa.nhi                                 13.5711
aout                                 0.0299952
afb                                  0.0299951
xa.vpf                                 14.8482
xa.nrefm                              -14.3359
xa.d1n                                 9.18095
xa.g1                                0.0366231
xa.s1                                  0.10376
xa.d2n                                 9.18118
xa.g2                                0.0299951
xa.s2                                  0.10187
xa.src                               -0.122459
xa.nte                                -14.3772
xa.nmiri                               13.6537
xa.nme1                                14.3604
xa.nme2                                14.3593
xa.nve                                 14.2436
xa.ny                                -0.965529
xa.nvle                                -14.401
xa.nbb                               -0.237931
xa.nbn                                 1.05362
xa.nen                                0.485563
xa.nbp                               -0.964645
xa.nep                               -0.425134
arg                                   0.029995
arg10                                0.0299951
aoc                                  0.0299952
tap6                                 0.0156997
tap12                               0.00784984
atop                                 0.0299949
nt1r                                         1
t2c                                  0.0156997
nt1s                                         0
nt2r                                         1
nt2s                                         0
att                                  0.0299949
t1                                  0.00133982
t2                                  0.00106426
wip                                 0.00106426
nw1                                          0
nw2                                          1
bin                                1.63271e-08
xb.nref                               -13.6718
xb.ncasc                               9.86857
xb.nx                                  1.01591
xb.nhi                                 13.5712
bout                               -0.00940539
bfb                                -0.00662278
xb.vpf                                 14.8482
xb.nrefm                              -14.3359
xb.d1n                                 9.18095
xb.g1                              1.63286e-08
xb.s1                                0.0672183
xb.d2n                                 9.18118
xb.g2                              -0.00662278
xb.s2                                0.0653298
xb.src                               -0.158998
xb.nte                                -14.3772
xb.nmiri                               13.6537
xb.nme1                                14.3604
xb.nme2                                14.3593
xb.nve                                 14.2437
xb.ny                                 -1.00523
xb.nvle                                -14.401
xb.nbb                               -0.277637
xb.nbn                                 1.01391
xb.nen                                0.445909
xb.nbp                                -1.00435
xb.nep                               -0.464761
brg                               -1.85507e-07
brg10                              -0.00662277
bouta                              -0.00940539
jack                                         0
vw2#branch                                   0
vw1#branch                                   0
vt2s#branch                                  0
vt2r#branch                                  0
vt1s#branch                                  0
vt1r#branch                                  0
vosa#branch                        -1.0358e-14
vsrc#branch                                  0
vmm#branch                           0.0754384
vpp#branch                          -0.0734149


No. of Data Rows : 24038
vam                 =  2.99952e-02
jb                  =  5.49247e-11
jmax                =  3.91878e-04 at=  2.10035e-02
jmin                =  -1.07845e-09 at=  2.07766e-02
Doing analysis at TEMP = 27.000000 and TNOM = 27.000000

Using SPARSE 1.3 as Direct Linear Solver

Initial Transient Solution
--------------------------

Node                                   Voltage
----                                   -------
vplus                                       15
vminus                                     -15
vsn                                          0
jin                                          0
sel                                4.86822e-09
selk                               4.86822e-09
ain                                  0.0366231
xa.nref                               -13.6718
xa.ncasc                               9.86857
xa.nx                                  1.05562
xa.nhi                                 13.5711
aout                                 0.0299952
afb                                  0.0299951
xa.vpf                                 14.8482
xa.nrefm                              -14.3359
xa.d1n                                 9.18095
xa.g1                                0.0366231
xa.s1                                  0.10376
xa.d2n                                 9.18118
xa.g2                                0.0299951
xa.s2                                  0.10187
xa.src                               -0.122459
xa.nte                                -14.3772
xa.nmiri                               13.6537
xa.nme1                                14.3604
xa.nme2                                14.3593
xa.nve                                 14.2436
xa.ny                                -0.965529
xa.nvle                                -14.401
xa.nbb                               -0.237931
xa.nbn                                 1.05362
xa.nen                                0.485563
xa.nbp                               -0.964645
xa.nep                               -0.425134
arg                                   0.029995
arg10                                0.0299951
aoc                                  0.0299952
tap6                                 0.0156997
tap12                               0.00784984
atop                                 0.0299949
nt1r                                         1
t2c                                  0.0156997
nt1s                                         0
nt2r                                         1
nt2s                                         0
att                                  0.0299949
t1                                  0.00133982
t2                                  0.00106426
wip                                 0.00106426
nw1                                          0
nw2                                          1
bin                                1.63271e-08
xb.nref                               -13.6718
xb.ncasc                               9.86857
xb.nx                                  1.01591
xb.nhi                                 13.5712
bout                               -0.00940539
bfb                                -0.00662278
xb.vpf                                 14.8482
xb.nrefm                              -14.3359
xb.d1n                                 9.18095
xb.g1                              1.63286e-08
xb.s1                                0.0672183
xb.d2n                                 9.18118
xb.g2                              -0.00662278
xb.s2                                0.0653298
xb.src                               -0.158998
xb.nte                                -14.3772
xb.nmiri                               13.6537
xb.nme1                                14.3604
xb.nme2                                14.3593
xb.nve                                 14.2437
xb.ny                                 -1.00523
xb.nvle                                -14.401
xb.nbb                               -0.277637
xb.nbn                                 1.01391
xb.nen                                0.445909
xb.nbp                                -1.00435
xb.nep                               -0.464761
brg                               -1.85507e-07
brg10                              -0.00662277
bouta                              -0.00940539
jack                                         0
vw2#branch                                   0
vw1#branch                                   0
vt2s#branch                                  0
vt2r#branch                                  0
vt1s#branch                                  0
vt1r#branch                                  0
vosa#branch                        -1.0358e-14
vsrc#branch                                  0
vmm#branch                           0.0754384
vpp#branch                          -0.0734149


No. of Data Rows : 24038
vam                 =  2.99952e-02
jb                  =  5.49247e-11
jmax                =  3.91886e-04 at=  2.10036e-02
jmin                =  4.40622e-11 at=  1.99564e-02
Doing analysis at TEMP = 27.000000 and TNOM = 27.000000

Using SPARSE 1.3 as Direct Linear Solver

Initial Transient Solution
--------------------------

Node                                   Voltage
----                                   -------
vplus                                       15
vminus                                     -15
vsn                                          0
jin                                          0
sel                                4.86822e-09
selk                               4.86822e-09
ain                                  0.0366231
xa.nref                               -13.6718
xa.ncasc                               9.86857
xa.nx                                  1.05562
xa.nhi                                 13.5711
aout                                 0.0299952
afb                                  0.0299951
xa.vpf                                 14.8482
xa.nrefm                              -14.3359
xa.d1n                                 9.18095
xa.g1                                0.0366231
xa.s1                                  0.10376
xa.d2n                                 9.18118
xa.g2                                0.0299951
xa.s2                                  0.10187
xa.src                               -0.122459
xa.nte                                -14.3772
xa.nmiri                               13.6537
xa.nme1                                14.3604
xa.nme2                                14.3593
xa.nve                                 14.2436
xa.ny                                -0.965529
xa.nvle                                -14.401
xa.nbb                               -0.237931
xa.nbn                                 1.05362
xa.nen                                0.485563
xa.nbp                               -0.964645
xa.nep                               -0.425134
arg                                   0.029995
arg10                                0.0299951
aoc                                  0.0299952
tap6                                 0.0156997
tap12                               0.00784984
atop                                 0.0299949
nt1r                                         1
t2c                                  0.0156997
nt1s                                         0
nt2r                                         1
nt2s                                         0
att                                  0.0299949
t1                                   0.0299949
t2                                   0.0238258
wip                                  0.0299949
nw1                                          1
nw2                                          0
bin                                4.52577e-08
xb.nref                               -13.6718
xb.ncasc                               9.86857
xb.nx                                  1.01591
xb.nhi                                 13.5712
bout                               -0.00940535
bfb                                -0.00662275
xb.vpf                                 14.8482
xb.nrefm                              -14.3359
xb.d1n                                 9.18095
xb.g1                              4.52592e-08
xb.s1                                0.0672184
xb.d2n                                 9.18118
xb.g2                              -0.00662275
xb.s2                                0.0653298
xb.src                               -0.158998
xb.nte                                -14.3772
xb.nmiri                               13.6537
xb.nme1                                14.3604
xb.nme2                                14.3593
xb.nve                                 14.2437
xb.ny                                 -1.00523
xb.nvle                                -14.401
xb.nbb                               -0.277637
xb.nbn                                 1.01391
xb.nen                                0.445909
xb.nbp                                -1.00435
xb.nep                               -0.464761
brg                               -1.85506e-07
brg10                              -0.00662274
bouta                              -0.00940535
jack                                         0
vw2#branch                                   0
vw1#branch                                   0
vt2s#branch                                  0
vt2r#branch                                  0
vt1s#branch                                  0
vt1r#branch                                  0
vosa#branch                        -1.0358e-14
vsrc#branch                                  0
vmm#branch                           0.0754384
vpp#branch                          -0.0734149


No. of Data Rows : 24050
vam                 =  2.99952e-02
jb                  =  1.43366e-10
jmax                =  1.51726e-10 at=  1.99957e-02
jmin                =  -4.21357e-02 at=  2.00290e-02
Doing analysis at TEMP = 27.000000 and TNOM = 27.000000

Using SPARSE 1.3 as Direct Linear Solver

Initial Transient Solution
--------------------------

Node                                   Voltage
----                                   -------
vplus                                       15
vminus                                     -15
vsn                                          0
jin                                          0
sel                                4.86822e-09
selk                               4.86822e-09
ain                                  0.0366231
xa.nref                               -13.6718
xa.ncasc                               9.86857
xa.nx                                   1.0556
xa.nhi                                 13.5711
aout                                 0.0299952
afb                                  0.0299951
xa.vpf                                 14.8482
xa.nrefm                              -14.3359
xa.d1n                                 9.18095
xa.g1                                0.0366231
xa.s1                                  0.10376
xa.d2n                                 9.18118
xa.g2                                0.0299951
xa.s2                                  0.10187
xa.src                               -0.122459
xa.nte                                -14.3772
xa.nmiri                               13.6537
xa.nme1                                14.3604
xa.nme2                                14.3593
xa.nve                                 14.2436
xa.ny                                -0.965556
xa.nvle                                -14.401
xa.nbb                               -0.237957
xa.nbn                                  1.0536
xa.nen                                0.485539
xa.nbp                               -0.964671
xa.nep                               -0.425159
arg                                   0.029995
arg10                                0.0299951
aoc                                  0.0299952
tap6                                 0.0150348
tap12                               0.00751738
atop                                 0.0150345
nt1r                                         0
t2c                                  0.0150346
nt1s                                         1
nt2r                                         1
nt2s                                         0
att                                  0.0150345
t1                                   0.0150345
t2                                   0.0119423
wip                                  0.0150345
nw1                                          1
nw2                                          0
bin                                3.02973e-08
xb.nref                               -13.6718
xb.ncasc                               9.86857
xb.nx                                  1.01591
xb.nhi                                 13.5712
bout                               -0.00940537
bfb                                -0.00662277
xb.vpf                                 14.8482
xb.nrefm                              -14.3359
xb.d1n                                 9.18095
xb.g1                              3.02988e-08
xb.s1                                0.0672183
xb.d2n                                 9.18118
xb.g2                              -0.00662277
xb.s2                                0.0653298
xb.src                               -0.158998
xb.nte                                -14.3772
xb.nmiri                               13.6537
xb.nme1                                14.3604
xb.nme2                                14.3593
xb.nve                                 14.2437
xb.ny                                 -1.00523
xb.nvle                                -14.401
xb.nbb                               -0.277637
xb.nbn                                 1.01391
xb.nen                                0.445909
xb.nbp                                -1.00435
xb.nep                               -0.464761
brg                               -1.85506e-07
brg10                              -0.00662276
bouta                              -0.00940537
jack                                         0
vw2#branch                                   0
vw1#branch                                   0
vt2s#branch                                  0
vt2r#branch                                  0
vt1s#branch                                  0
vt1r#branch                                  0
vosa#branch                       -1.03579e-14
vsrc#branch                                  0
vmm#branch                           0.0754395
vpp#branch                          -0.0734138


No. of Data Rows : 24050
vam                 =  2.99952e-02
jb                  =  6.60327e-11
jmax                =  6.99327e-11 at=  1.99414e-02
jmin                =  -2.11197e-02 at=  2.00298e-02
Doing analysis at TEMP = 27.000000 and TNOM = 27.000000

Using SPARSE 1.3 as Direct Linear Solver

Initial Transient Solution
--------------------------

Node                                   Voltage
----                                   -------
vplus                                       15
vminus                                     -15
vsn                                          0
jin                                          0
sel                                4.86822e-09
selk                               4.86822e-09
ain                                  0.0366231
xa.nref                               -13.6718
xa.ncasc                               9.86857
xa.nx                                  1.05562
xa.nhi                                 13.5711
aout                                 0.0299952
afb                                  0.0299951
xa.vpf                                 14.8482
xa.nrefm                              -14.3359
xa.d1n                                 9.18095
xa.g1                                0.0366231
xa.s1                                  0.10376
xa.d2n                                 9.18118
xa.g2                                0.0299951
xa.s2                                  0.10187
xa.src                               -0.122459
xa.nte                                -14.3772
xa.nmiri                               13.6537
xa.nme1                                14.3604
xa.nme2                                14.3593
xa.nve                                 14.2436
xa.ny                                -0.965529
xa.nvle                                -14.401
xa.nbb                               -0.237931
xa.nbn                                 1.05362
xa.nen                                0.485563
xa.nbp                               -0.964645
xa.nep                               -0.425134
arg                                   0.029995
arg10                                0.0299951
aoc                                  0.0299952
tap6                                 0.0156997
tap12                               0.00784984
atop                                 0.0299949
nt1r                                         1
t2c                                  0.0156997
nt1s                                         0
nt2r                                         1
nt2s                                         0
att                                  0.0299949
t1                                   0.0299949
t2                                   0.0238258
wip                                  0.0299949
nw1                                          1
nw2                                          0
bin                                4.52577e-08
xb.nref                               -13.6718
xb.ncasc                               9.86857
xb.nx                                  1.00434
xb.nhi                                 13.5712
bout                                -0.0208706
bfb                                -0.00662126
xb.vpf                                 14.8482
xb.nrefm                              -14.3359
xb.d1n                                 9.18095
xb.g1                              4.52592e-08
xb.s1                                0.0672191
xb.d2n                                 9.18118
xb.g2                              -0.00662126
xb.s2                                0.0653309
xb.src                               -0.158997
xb.nte                                -14.3772
xb.nmiri                               13.6537
xb.nme1                                14.3604
xb.nme2                                14.3593
xb.nve                                 14.2437
xb.ny                                  -1.0168
xb.nvle                                -14.401
xb.nbb                               -0.289207
xb.nbn                                 1.00234
xb.nen                                0.434356
xb.nbp                                -1.01592
xb.nep                               -0.476306
brg                               -1.85464e-07
brg10                             -7.64491e-07
bouta                               -0.0208706
jack                                         0
vw2#branch                                   0
vw1#branch                                   0
vt2s#branch                                  0
vt2r#branch                                  0
vt1s#branch                                  0
vt1r#branch                                  0
vosa#branch                        -1.0358e-14
vsrc#branch                                  0
vmm#branch                           0.0754419
vpp#branch                          -0.0734108


No. of Data Rows : 24039
vam                 =  2.99952e-02
jb                  =  3.12797e-10
jmax                =  3.17534e-10 at=  1.99014e-02
jmin                =  -1.93941e-02 at=  2.10074e-02
Doing analysis at TEMP = 27.000000 and TNOM = 27.000000

Using SPARSE 1.3 as Direct Linear Solver

Initial Transient Solution
--------------------------

Node                                   Voltage
----                                   -------
vplus                                       15
vminus                                     -15
vsn                                          0
jin                                          0
sel                                4.86822e-09
selk                               4.86822e-09
ain                                  0.0366231
xa.nref                               -13.6718
xa.ncasc                               9.86857
xa.nx                                  1.05562
xa.nhi                                 13.5711
aout                                 0.0299952
afb                                  0.0299951
xa.vpf                                 14.8482
xa.nrefm                              -14.3359
xa.d1n                                 9.18095
xa.g1                                0.0366231
xa.s1                                  0.10376
xa.d2n                                 9.18118
xa.g2                                0.0299951
xa.s2                                  0.10187
xa.src                               -0.122459
xa.nte                                -14.3772
xa.nmiri                               13.6537
xa.nme1                                14.3604
xa.nme2                                14.3593
xa.nve                                 14.2436
xa.ny                                -0.965529
xa.nvle                                -14.401
xa.nbb                               -0.237931
xa.nbn                                 1.05362
xa.nen                                0.485563
xa.nbp                               -0.964645
xa.nep                               -0.425134
arg                                   0.029995
arg10                                0.0299951
aoc                                  0.0299952
tap6                                 0.0156997
tap12                               0.00784984
atop                                 0.0299949
nt1r                                         1
t2c                                  0.0156997
nt1s                                         0
nt2r                                         1
nt2s                                         0
att                                  0.0299949
t1                                   0.0299949
t2                                   0.0238258
wip                                  0.0299949
nw1                                          1
nw2                                          0
bin                                4.52577e-08
xb.nref                               -13.6718
xb.ncasc                               9.86857
xb.nx                                  1.00434
xb.nhi                                 13.5712
bout                                -0.0208706
bfb                                -0.00662126
xb.vpf                                 14.8482
xb.nrefm                              -14.3359
xb.d1n                                 9.18095
xb.g1                              4.52592e-08
xb.s1                                0.0672191
xb.d2n                                 9.18118
xb.g2                              -0.00662126
xb.s2                                0.0653309
xb.src                               -0.158997
xb.nte                                -14.3772
xb.nmiri                               13.6537
xb.nme1                                14.3604
xb.nme2                                14.3593
xb.nve                                 14.2437
xb.ny                                  -1.0168
xb.nvle                                -14.401
xb.nbb                               -0.289207
xb.nbn                                 1.00234
xb.nen                                0.434356
xb.nbp                                -1.01592
xb.nep                               -0.476306
brg                               -1.85464e-07
brg10                             -7.64491e-07
bouta                               -0.0208706
jack                                         0
vw2#branch                                   0
vw1#branch                                   0
vt2s#branch                                  0
vt2r#branch                                  0
vt1s#branch                                  0
vt1r#branch                                  0
vosa#branch                        -1.0358e-14
vsrc#branch                                  0
vmm#branch                           0.0754419
vpp#branch                          -0.0734108


No. of Data Rows : 24039
vam                 =  2.99952e-02
jb                  =  3.12797e-10
jmax                =  3.17534e-10 at=  1.99014e-02
jmin                =  -1.93940e-02 at=  2.10074e-02
Doing analysis at TEMP = 27.000000 and TNOM = 27.000000

Using SPARSE 1.3 as Direct Linear Solver

Initial Transient Solution
--------------------------

Node                                   Voltage
----                                   -------
vplus                                       15
vminus                                     -15
vsn                                          0
jin                                          0
sel                                4.86822e-09
selk                               4.86822e-09
ain                                  0.0366231
xa.nref                               -13.6718
xa.ncasc                               9.86857
xa.nx                                  1.05562
xa.nhi                                 13.5711
aout                                 0.0299952
afb                                  0.0299951
xa.vpf                                 14.8482
xa.nrefm                              -14.3359
xa.d1n                                 9.18095
xa.g1                                0.0366231
xa.s1                                  0.10376
xa.d2n                                 9.18118
xa.g2                                0.0299951
xa.s2                                  0.10187
xa.src                               -0.122459
xa.nte                                -14.3772
xa.nmiri                               13.6537
xa.nme1                                14.3604
xa.nme2                                14.3593
xa.nve                                 14.2436
xa.ny                                -0.965529
xa.nvle                                -14.401
xa.nbb                               -0.237931
xa.nbn                                 1.05362
xa.nen                                0.485563
xa.nbp                               -0.964645
xa.nep                               -0.425134
arg                                   0.029995
arg10                                0.0299951
aoc                                  0.0299952
tap6                                 0.0156997
tap12                               0.00784984
atop                                 0.0299949
nt1r                                         1
t2c                                  0.0156997
nt1s                                         0
nt2r                                         1
nt2s                                         0
att                                  0.0299949
t1                                  0.00133982
t2                                  0.00106426
wip                                 0.00106426
nw1                                          0
nw2                                          1
bin                                1.63271e-08
xb.nref                               -13.6718
xb.ncasc                               9.86857
xb.nx                                  1.00434
xb.nhi                                 13.5712
bout                                -0.0208707
bfb                                -0.00662129
xb.vpf                                 14.8482
xb.nrefm                              -14.3359
xb.d1n                                 9.18095
xb.g1                              1.63286e-08
xb.s1                                 0.067219
xb.d2n                                 9.18118
xb.g2                              -0.00662129
xb.s2                                0.0653309
xb.src                               -0.158997
xb.nte                                -14.3772
xb.nmiri                               13.6537
xb.nme1                                14.3604
xb.nme2                                14.3593
xb.nve                                 14.2437
xb.ny                                  -1.0168
xb.nvle                                -14.401
xb.nbb                               -0.289207
xb.nbn                                 1.00234
xb.nen                                0.434356
xb.nbp                                -1.01592
xb.nep                               -0.476306
brg                               -1.85465e-07
brg10                             -7.64495e-07
bouta                               -0.0208707
jack                                         0
vw2#branch                                   0
vw1#branch                                   0
vt2s#branch                                  0
vt2r#branch                                  0
vt1s#branch                                  0
vt1r#branch                                  0
vosa#branch                        -1.0358e-14
vsrc#branch                                  0
vmm#branch                           0.0754419
vpp#branch                          -0.0734108


No. of Data Rows : 24038
vam                 =  2.99952e-02
jb                  =  1.08912e-10
jmax                =  8.71754e-04 at=  2.10061e-02
jmin                =  -2.38861e-09 at=  2.07316e-02
Doing analysis at TEMP = 27.000000 and TNOM = 27.000000

Using SPARSE 1.3 as Direct Linear Solver

Initial Transient Solution
--------------------------

Node                                   Voltage
----                                   -------
vplus                                       15
vminus                                     -15
vsn                                          0
jin                                          0
sel                                4.86822e-09
selk                               4.86822e-09
ain                                  0.0366231
xa.nref                               -13.6718
xa.ncasc                               9.86857
xa.nx                                  1.05562
xa.nhi                                 13.5711
aout                                 0.0299952
afb                                  0.0299951
xa.vpf                                 14.8482
xa.nrefm                              -14.3359
xa.d1n                                 9.18095
xa.g1                                0.0366231
xa.s1                                  0.10376
xa.d2n                                 9.18118
xa.g2                                0.0299951
xa.s2                                  0.10187
xa.src                               -0.122459
xa.nte                                -14.3772
xa.nmiri                               13.6537
xa.nme1                                14.3604
xa.nme2                                14.3593
xa.nve                                 14.2436
xa.ny                                -0.965529
xa.nvle                                -14.401
xa.nbb                               -0.237931
xa.nbn                                 1.05362
xa.nen                                0.485563
xa.nbp                               -0.964645
xa.nep                               -0.425134
arg                                   0.029995
arg10                                0.0299951
aoc                                  0.0299952
tap6                                 0.0156997
tap12                               0.00784984
atop                                 0.0299949
nt1r                                         1
t2c                                  0.0156997
nt1s                                         0
nt2r                                         1
nt2s                                         0
att                                  0.0299949
t1                                  0.00133982
t2                                  0.00106426
wip                                 0.00106426
nw1                                          0
nw2                                          1
bin                                1.63271e-08
xb.nref                               -13.6718
xb.ncasc                               9.86857
xb.nx                                  1.00434
xb.nhi                                 13.5712
bout                                -0.0208707
bfb                                -0.00662129
xb.vpf                                 14.8482
xb.nrefm                              -14.3359
xb.d1n                                 9.18095
xb.g1                              1.63286e-08
xb.s1                                 0.067219
xb.d2n                                 9.18118
xb.g2                              -0.00662129
xb.s2                                0.0653309
xb.src                               -0.158997
xb.nte                                -14.3772
xb.nmiri                               13.6537
xb.nme1                                14.3604
xb.nme2                                14.3593
xb.nve                                 14.2437
xb.ny                                  -1.0168
xb.nvle                                -14.401
xb.nbb                               -0.289207
xb.nbn                                 1.00234
xb.nen                                0.434356
xb.nbp                                -1.01592
xb.nep                               -0.476306
brg                               -1.85465e-07
brg10                             -7.64495e-07
bouta                               -0.0208707
jack                                         0
vw2#branch                                   0
vw1#branch                                   0
vt2s#branch                                  0
vt2r#branch                                  0
vt1s#branch                                  0
vt1r#branch                                  0
vosa#branch                        -1.0358e-14
vsrc#branch                                  0
vmm#branch                           0.0754419
vpp#branch                          -0.0734108


No. of Data Rows : 24038
vam                 =  2.99952e-02
jb                  =  1.08912e-10
jmax                =  8.71331e-04 at=  2.10061e-02
jmin                =  9.42831e-11 at=  1.99764e-02
Doing analysis at TEMP = 27.000000 and TNOM = 27.000000

Using SPARSE 1.3 as Direct Linear Solver

Initial Transient Solution
--------------------------

Node                                   Voltage
----                                   -------
vplus                                       15
vminus                                     -15
vsn                                          0
jin                                          0
sel                                4.86822e-09
selk                               4.86822e-09
ain                                  0.0366231
xa.nref                               -13.6718
xa.ncasc                               9.86857
xa.nx                                  1.05562
xa.nhi                                 13.5711
aout                                 0.0299952
afb                                  0.0299951
xa.vpf                                 14.8482
xa.nrefm                              -14.3359
xa.d1n                                 9.18095
xa.g1                                0.0366231
xa.s1                                  0.10376
xa.d2n                                 9.18118
xa.g2                                0.0299951
xa.s2                                  0.10187
xa.src                               -0.122459
xa.nte                                -14.3772
xa.nmiri                               13.6537
xa.nme1                                14.3604
xa.nme2                                14.3593
xa.nve                                 14.2436
xa.ny                                -0.965529
xa.nvle                                -14.401
xa.nbb                               -0.237931
xa.nbn                                 1.05362
xa.nen                                0.485563
xa.nbp                               -0.964645
xa.nep                               -0.425134
arg                                   0.029995
arg10                                0.0299951
aoc                                  0.0299952
tap6                                 0.0156997
tap12                               0.00784984
atop                                 0.0299949
nt1r                                         1
t2c                                  0.0156997
nt1s                                         0
nt2r                                         1
nt2s                                         0
att                                  0.0299949
t1                                   0.0299949
t2                                   0.0238258
wip                                  0.0299949
nw1                                          1
nw2                                          0
bin                                4.52577e-08
xb.nref                               -13.6718
xb.ncasc                               9.86857
xb.nx                                  1.00434
xb.nhi                                 13.5712
bout                                -0.0208706
bfb                                -0.00662126
xb.vpf                                 14.8482
xb.nrefm                              -14.3359
xb.d1n                                 9.18095
xb.g1                              4.52592e-08
xb.s1                                0.0672191
xb.d2n                                 9.18118
xb.g2                              -0.00662126
xb.s2                                0.0653309
xb.src                               -0.158997
xb.nte                                -14.3772
xb.nmiri                               13.6537
xb.nme1                                14.3604
xb.nme2                                14.3593
xb.nve                                 14.2437
xb.ny                                  -1.0168
xb.nvle                                -14.401
xb.nbb                               -0.289207
xb.nbn                                 1.00234
xb.nen                                0.434356
xb.nbp                                -1.01592
xb.nep                               -0.476306
brg                               -1.85464e-07
brg10                             -7.64491e-07
bouta                               -0.0208706
jack                                         0
vw2#branch                                   0
vw1#branch                                   0
vt2s#branch                                  0
vt2r#branch                                  0
vt1s#branch                                  0
vt1r#branch                                  0
vosa#branch                        -1.0358e-14
vsrc#branch                                  0
vmm#branch                           0.0754419
vpp#branch                          -0.0734108


No. of Data Rows : 24050
vam                 =  2.99952e-02
jb                  =  3.12797e-10
jmax                =  3.17534e-10 at=  1.99014e-02
jmin                =  -9.34991e-02 at=  2.00294e-02
Doing analysis at TEMP = 27.000000 and TNOM = 27.000000

Using SPARSE 1.3 as Direct Linear Solver

Initial Transient Solution
--------------------------

Node                                   Voltage
----                                   -------
vplus                                       15
vminus                                     -15
vsn                                          0
jin                                          0
sel                                4.86822e-09
selk                               4.86822e-09
ain                                  0.0366231
xa.nref                               -13.6718
xa.ncasc                               9.86857
xa.nx                                   1.0556
xa.nhi                                 13.5711
aout                                 0.0299952
afb                                  0.0299951
xa.vpf                                 14.8482
xa.nrefm                              -14.3359
xa.d1n                                 9.18095
xa.g1                                0.0366231
xa.s1                                  0.10376
xa.d2n                                 9.18118
xa.g2                                0.0299951
xa.s2                                  0.10187
xa.src                               -0.122459
xa.nte                                -14.3772
xa.nmiri                               13.6537
xa.nme1                                14.3604
xa.nme2                                14.3593
xa.nve                                 14.2436
xa.ny                                -0.965556
xa.nvle                                -14.401
xa.nbb                               -0.237957
xa.nbn                                  1.0536
xa.nen                                0.485539
xa.nbp                               -0.964671
xa.nep                               -0.425159
arg                                   0.029995
arg10                                0.0299951
aoc                                  0.0299952
tap6                                 0.0150348
tap12                               0.00751738
atop                                 0.0150345
nt1r                                         0
t2c                                  0.0150346
nt1s                                         1
nt2r                                         1
nt2s                                         0
att                                  0.0150345
t1                                   0.0150345
t2                                   0.0119423
wip                                  0.0150345
nw1                                          1
nw2                                          0
bin                                3.02973e-08
xb.nref                               -13.6718
xb.ncasc                               9.86857
xb.nx                                  1.00434
xb.nhi                                 13.5712
bout                                -0.0208706
bfb                                -0.00662127
xb.vpf                                 14.8482
xb.nrefm                              -14.3359
xb.d1n                                 9.18095
xb.g1                              3.02988e-08
xb.s1                                 0.067219
xb.d2n                                 9.18118
xb.g2                              -0.00662127
xb.s2                                0.0653309
xb.src                               -0.158997
xb.nte                                -14.3772
xb.nmiri                               13.6537
xb.nme1                                14.3604
xb.nme2                                14.3593
xb.nve                                 14.2437
xb.ny                                  -1.0168
xb.nvle                                -14.401
xb.nbb                               -0.289207
xb.nbn                                 1.00234
xb.nen                                0.434356
xb.nbp                                -1.01592
xb.nep                               -0.476306
brg                               -1.85465e-07
brg10                             -7.64493e-07
bouta                               -0.0208706
jack                                         0
vw2#branch                                   0
vw1#branch                                   0
vt2s#branch                                  0
vt2r#branch                                  0
vt1s#branch                                  0
vt1r#branch                                  0
vosa#branch                       -1.03579e-14
vsrc#branch                                  0
vmm#branch                            0.075443
vpp#branch                          -0.0734097


No. of Data Rows : 24050
vam                 =  2.99952e-02
jb                  =  1.25065e-10
jmax                =  1.47216e-10 at=  1.99164e-02
jmin                =  -4.68647e-02 at=  2.00298e-02
ngspice-47 done
